feature_group,n_rows,n_features,train_size,test_size,accuracy,roc_auc
difficulty_plus_token,499,11,324,175,0.8228571428571428,0.8526673827425707
difficulty_only,499,4,324,175,0.84,0.795828857858933
token_only,499,7,324,175,0.7828571428571428,0.7540279269602579
full_combined,499,282,324,175,0.7485714285714286,0.7518796992481204
token_plus_region,499,216,324,175,0.7714285714285715,0.7413175796634444
difficulty_plus_region,499,213,324,175,0.7542857142857143,0.7389903329752954
region_attention_only,499,209,324,175,0.7657142857142857,0.709452201933405
pooled_attention_only,499,62,324,175,0.76,0.6874328678839957
