feature_group,n_rows,n_features,train_size,test_size,accuracy,roc_auc
pooled_attention_only,100,70,65,35,0.6857142857142857,0.7210884353741497
difficulty_only,100,4,65,35,0.7142857142857143,0.653061224489796
full_combined,100,318,65,35,0.6285714285714286,0.6496598639455783
difficulty_plus_token,100,11,65,35,0.6285714285714286,0.6394557823129252
token_only,100,7,65,35,0.5428571428571428,0.6020408163265305
difficulty_plus_region,100,241,65,35,0.6,0.5782312925170068
token_plus_region,100,244,65,35,0.4857142857142857,0.5
region_attention_only,100,237,65,35,0.4857142857142857,0.48639455782312924
