bin_left,bin_right,count,mean_confidence,empirical_accuracy
0.0,0.1,27,0.04951203482612154,0.037037037037037035
0.1,0.2,27,0.15104000033130657,0.0
0.2,0.30000000000000004,11,0.24061386197960036,0.2727272727272727
0.30000000000000004,0.4,20,0.343370297630505,0.6
0.4,0.5,8,0.442426325523692,0.25
0.5,0.6000000000000001,2,0.5539826472740838,0.5
0.6000000000000001,0.7000000000000001,5,0.6547786430065254,1.0
0.7000000000000001,0.8,0,,
0.8,0.9,0,,
0.9,1.0,0,,
