bin_left,bin_right,count,mean_confidence,empirical_accuracy
0.0,0.1,30,0.044841475722390105,0.03333333333333333
0.1,0.2,24,0.13985351195060786,0.041666666666666664
0.2,0.30000000000000004,26,0.2642991110476067,0.4230769230769231
0.30000000000000004,0.4,0,,
0.4,0.5,9,0.4393817764288239,0.0
0.5,0.6000000000000001,0,,
0.6000000000000001,0.7000000000000001,11,0.6335943315541092,1.0
0.7000000000000001,0.8,0,,
0.8,0.9,0,,
0.9,1.0,0,,
