bin_left,bin_right,count,mean_confidence,empirical_accuracy
0.0,0.1,2,0.0965902946593249,0.0
0.1,0.2,34,0.17095433185982456,0.08823529411764706
0.2,0.30000000000000004,43,0.24717838866522399,0.2558139534883721
0.30000000000000004,0.4,18,0.3334612853603617,0.3888888888888889
0.4,0.5,3,0.4129167785913134,1.0
0.5,0.6000000000000001,0,,
0.6000000000000001,0.7000000000000001,0,,
0.7000000000000001,0.8,0,,
0.8,0.9,0,,
0.9,1.0,0,,
