target_coverage,actual_coverage,covered,threshold_used,selective_accuracy,avg_confidence_of_accepted
0.1,0.1,10,0.3495470417664542,0.6,0.3786969003370862
0.2,0.2,20,0.30103435122661015,0.5,0.34702100428229254
0.3,0.3,30,0.2840495090070094,0.4666666666666667,0.32893762336510135
0.4,0.4,40,0.2528501275379817,0.425,0.3128907253209441
0.5,0.5,50,0.2266455089535453,0.38,0.2974683947347867
0.6,0.6,60,0.21033572178529178,0.3333333333333333,0.28411557994718145
0.7,0.7,70,0.1938781834553026,0.3142857142857143,0.27210945380395646
0.8,0.8,80,0.17718569232758058,0.2875,0.261764665951554
0.9,0.9,90,0.15602840977075047,0.25555555555555554,0.250796154548724
