threshold,covered,coverage,selective_accuracy,avg_confidence_of_accepted
0.1,98,0.98,0.24489795918367346,0.24165481089897053
0.15,92,0.92,0.25,0.24869363869689745
0.2,64,0.64,0.328125,0.27921444038851684
0.25,40,0.4,0.425,0.3128907253209441
0.3,21,0.21,0.47619047619047616,0.3448120701076405
0.35,9,0.09,0.6666666666666666,0.38193577351160085
0.4,3,0.03,1.0,0.4129167785913134
0.45,0,0.0,,
