family,k,allow_frac,allow_threshold,allow_failure_rate,disallow_frac,disallow_threshold,disallow_valid_rate
neg_mean_logprob (untrained),1,0.002008032128514056,0.0017983803991228,0.0,0.002008032128514056,1.2286823987960815,1.0
neg_mean_logprob (untrained),2,0.004016064257028112,0.0020205664914101,0.0,0.004016064257028112,1.203958511352539,1.0
neg_mean_logprob (untrained),3,0.006024096385542169,0.0021658684127032,0.0,0.006024096385542169,1.0753456354141235,0.6666666666666666
neg_mean_logprob (untrained),4,0.008032128514056224,0.0028122253715991,0.0,0.008032128514056224,1.0733942985534668,0.75
neg_mean_logprob (untrained),5,0.010040160642570281,0.0028989720158278,0.0,0.010040160642570281,1.0554770231246948,0.8
neg_mean_logprob (untrained),6,0.012048192771084338,0.0031497327145189,0.0,0.012048192771084338,0.9550504684448242,0.6666666666666666
neg_mean_logprob (untrained),7,0.014056224899598393,0.0032696779817342,0.0,0.014056224899598393,0.9227296710014344,0.5714285714285714
neg_mean_logprob (untrained),8,0.01606425702811245,0.0036276115570217,0.0,0.01606425702811245,0.8439185619354248,0.5
neg_mean_logprob (untrained),9,0.018072289156626505,0.0038344385102391,0.0,0.018072289156626505,0.7895889282226562,0.5555555555555556
neg_mean_logprob (untrained),10,0.020080321285140562,0.0039715683087706,0.0,0.020080321285140562,0.7775245904922485,0.5
neg_mean_logprob (untrained),11,0.02208835341365462,0.0040402081795036,0.09090909090909091,0.02208835341365462,0.7675856947898865,0.5454545454545454
neg_mean_logprob (untrained),12,0.024096385542168676,0.0041263955645263,0.08333333333333333,0.024096385542168676,0.6966893672943115,0.5
neg_mean_logprob (untrained),13,0.02610441767068273,0.0041455957107245,0.07692307692307693,0.02610441767068273,0.6959580779075623,0.46153846153846156
neg_mean_logprob (untrained),14,0.028112449799196786,0.0042425668798387,0.14285714285714285,0.028112449799196786,0.6923970580101013,0.42857142857142855
neg_mean_logprob (untrained),15,0.030120481927710843,0.0043620481155812,0.13333333333333333,0.030120481927710843,0.6900978088378906,0.4
neg_mean_logprob (untrained),16,0.0321285140562249,0.0047489325515925,0.125,0.0321285140562249,0.6420906186103821,0.375
neg_mean_logprob (untrained),17,0.03413654618473896,0.0047809490934014,0.11764705882352941,0.03413654618473896,0.6391169428825378,0.35294117647058826
neg_mean_logprob (untrained),18,0.03614457831325301,0.0049136984162032,0.16666666666666666,0.03614457831325301,0.6333009004592896,0.3333333333333333
neg_mean_logprob (untrained),19,0.03815261044176707,0.0052110208198428,0.21052631578947367,0.03815261044176707,0.6293069124221802,0.3157894736842105
neg_mean_logprob (untrained),20,0.040160642570281124,0.0052690524607896,0.25,0.040160642570281124,0.6269359588623047,0.3
neg_mean_logprob (untrained),21,0.04216867469879518,0.0052743139676749,0.23809523809523808,0.04216867469879518,0.6245306730270386,0.2857142857142857
neg_mean_logprob (untrained),22,0.04417670682730924,0.0055315191857516,0.22727272727272727,0.04417670682730924,0.6131182312965393,0.3181818181818182
neg_mean_logprob (untrained),23,0.04618473895582329,0.0055909906513988,0.2608695652173913,0.04618473895582329,0.6101674437522888,0.30434782608695654
neg_mean_logprob (untrained),24,0.04819277108433735,0.0061326334252953,0.25,0.04819277108433735,0.6014716625213623,0.2916666666666667
neg_mean_logprob (untrained),25,0.050200803212851405,0.0062105930410325,0.24,0.050200803212851405,0.5977351665496826,0.32
neg_mean_logprob (untrained),26,0.05220883534136546,0.0066417474299669,0.23076923076923078,0.05220883534136546,0.5958656072616577,0.3076923076923077
neg_mean_logprob (untrained),27,0.05421686746987952,0.0067788804881274,0.2222222222222222,0.05421686746987952,0.5917555093765259,0.2962962962962963
neg_mean_logprob (untrained),28,0.05622489959839357,0.0068066013045609,0.21428571428571427,0.05622489959839357,0.5901115536689758,0.2857142857142857
neg_mean_logprob (untrained),29,0.05823293172690763,0.0068698395043611,0.20689655172413793,0.05823293172690763,0.5853095650672913,0.27586206896551724
neg_mean_logprob (untrained),30,0.060240963855421686,0.0071895853616297,0.2,0.060240963855421686,0.558054506778717,0.26666666666666666
neg_mean_logprob (untrained),31,0.06224899598393574,0.0082822358235716,0.1935483870967742,0.06224899598393574,0.5579220652580261,0.25806451612903225
neg_mean_logprob (untrained),32,0.0642570281124498,0.008524939417839,0.1875,0.0642570281124498,0.5505426526069641,0.25
neg_mean_logprob (untrained),33,0.06626506024096386,0.0085948081687092,0.18181818181818182,0.06626506024096386,0.548952043056488,0.24242424242424243
neg_mean_logprob (untrained),34,0.06827309236947791,0.0089854123070836,0.20588235294117646,0.06827309236947791,0.5481714606285095,0.23529411764705882
neg_mean_logprob (untrained),35,0.07028112449799197,0.0099119525402784,0.22857142857142856,0.07028112449799197,0.5469358563423157,0.22857142857142856
neg_mean_logprob (untrained),36,0.07228915662650602,0.0102581912651658,0.2222222222222222,0.07228915662650602,0.5445981621742249,0.2222222222222222
neg_mean_logprob (untrained),37,0.07429718875502007,0.0103359967470169,0.24324324324324326,0.07429718875502007,0.5386098623275757,0.21621621621621623
neg_mean_logprob (untrained),38,0.07630522088353414,0.0107146734371781,0.23684210526315788,0.07630522088353414,0.5382252335548401,0.21052631578947367
neg_mean_logprob (untrained),39,0.0783132530120482,0.0115392664447426,0.23076923076923078,0.0783132530120482,0.526951253414154,0.23076923076923078
neg_mean_logprob (untrained),40,0.08032128514056225,0.0116495303809642,0.225,0.08032128514056225,0.5260069966316223,0.225
neg_mean_logprob (untrained),41,0.0823293172690763,0.0116976173594594,0.24390243902439024,0.0823293172690763,0.524232804775238,0.21951219512195122
neg_mean_logprob (untrained),42,0.08433734939759036,0.013195707462728,0.23809523809523808,0.08433734939759036,0.515309751033783,0.21428571428571427
neg_mean_logprob (untrained),43,0.08634538152610442,0.014152392745018,0.23255813953488372,0.08634538152610442,0.5124818086624146,0.20930232558139536
neg_mean_logprob (untrained),44,0.08835341365461848,0.0142031591385602,0.22727272727272727,0.08835341365461848,0.5078352093696594,0.22727272727272727
neg_mean_logprob (untrained),45,0.09036144578313253,0.0155600113794207,0.2222222222222222,0.09036144578313253,0.5063484311103821,0.2222222222222222
neg_mean_logprob (untrained),46,0.09236947791164658,0.0160796474665403,0.21739130434782608,0.09236947791164658,0.5033480525016785,0.21739130434782608
neg_mean_logprob (untrained),47,0.09437751004016064,0.0169468391686677,0.2127659574468085,0.09437751004016064,0.5016096830368042,0.2127659574468085
neg_mean_logprob (untrained),48,0.0963855421686747,0.0195038486272096,0.22916666666666666,0.0963855421686747,0.4962672591209411,0.20833333333333334
neg_mean_logprob (untrained),49,0.09839357429718876,0.0199725907295942,0.22448979591836735,0.09839357429718876,0.4952608346939087,0.20408163265306123
neg_mean_logprob (untrained),50,0.10040160642570281,0.021638648584485,0.22,0.10040160642570281,0.492300271987915,0.2
neg_mean_logprob (untrained),51,0.10240963855421686,0.0223264973610639,0.23529411764705882,0.10240963855421686,0.4916745722293854,0.19607843137254902
neg_mean_logprob (untrained),52,0.10441767068273092,0.0234967768192291,0.23076923076923078,0.10441767068273092,0.4843098819255829,0.19230769230769232
neg_mean_logprob (untrained),53,0.10642570281124498,0.0245122779160738,0.22641509433962265,0.10642570281124498,0.4828360676765442,0.18867924528301888
neg_mean_logprob (untrained),54,0.10843373493975904,0.0245551485568285,0.2222222222222222,0.10843373493975904,0.4813342690467834,0.18518518518518517
neg_mean_logprob (untrained),55,0.11044176706827309,0.0246992856264114,0.23636363636363636,0.11044176706827309,0.4795690476894378,0.18181818181818182
neg_mean_logprob (untrained),56,0.11244979919678715,0.0264056622982025,0.25,0.11244979919678715,0.475792646408081,0.17857142857142858
neg_mean_logprob (untrained),57,0.1144578313253012,0.0266723111271858,0.24561403508771928,0.1144578313253012,0.4725858569145202,0.17543859649122806
neg_mean_logprob (untrained),58,0.11646586345381527,0.0278160646557807,0.2413793103448276,0.11646586345381527,0.468362808227539,0.1724137931034483
neg_mean_logprob (untrained),59,0.11847389558232932,0.0280731096863746,0.2542372881355932,0.11847389558232932,0.4636171162128448,0.1694915254237288
neg_mean_logprob (untrained),60,0.12048192771084337,0.028766430914402,0.26666666666666666,0.12048192771084337,0.4633826613426208,0.16666666666666666
neg_mean_logprob (untrained),61,0.12248995983935743,0.0289788842201232,0.26229508196721313,0.12248995983935743,0.4608559310436249,0.16393442622950818
neg_mean_logprob (untrained),62,0.12449799196787148,0.0311409011483192,0.25806451612903225,0.12449799196787148,0.457999587059021,0.16129032258064516
neg_mean_logprob (untrained),63,0.12650602409638553,0.0312560908496379,0.2698412698412698,0.12650602409638553,0.4564282894134521,0.1746031746031746
neg_mean_logprob (untrained),64,0.1285140562248996,0.0324598439037799,0.265625,0.1285140562248996,0.4542164802551269,0.171875
neg_mean_logprob (untrained),65,0.13052208835341367,0.0335356146097183,0.27692307692307694,0.13052208835341367,0.453275054693222,0.16923076923076924
neg_mean_logprob (untrained),66,0.13253012048192772,0.0350914634764194,0.2727272727272727,0.13253012048192772,0.4526462852954864,0.16666666666666666
neg_mean_logprob (untrained),67,0.13453815261044177,0.0354228131473064,0.2835820895522388,0.13453815261044177,0.4513498544692993,0.16417910447761194
neg_mean_logprob (untrained),68,0.13654618473895583,0.0354426428675651,0.27941176470588236,0.13654618473895583,0.4510738551616668,0.16176470588235295
neg_mean_logprob (untrained),69,0.13855421686746988,0.035772118717432,0.2753623188405797,0.13855421686746988,0.4473228454589844,0.17391304347826086
neg_mean_logprob (untrained),70,0.14056224899598393,0.0359860658645629,0.2714285714285714,0.14056224899598393,0.4444339573383331,0.17142857142857143
neg_mean_logprob (untrained),71,0.142570281124498,0.0363632999360561,0.28169014084507044,0.142570281124498,0.4383569955825805,0.16901408450704225
neg_mean_logprob (untrained),72,0.14457831325301204,0.0364394150674343,0.2916666666666667,0.14457831325301204,0.4365848898887634,0.16666666666666666
neg_mean_logprob (untrained),73,0.1465863453815261,0.0393822528421878,0.2876712328767123,0.1465863453815261,0.433729887008667,0.1643835616438356
neg_mean_logprob (untrained),74,0.14859437751004015,0.0399177633225917,0.2972972972972973,0.14859437751004015,0.4326804876327514,0.16216216216216217
neg_mean_logprob (untrained),75,0.15060240963855423,0.0399767830967903,0.30666666666666664,0.15060240963855423,0.4316485524177551,0.16
neg_mean_logprob (untrained),76,0.15261044176706828,0.0412788055837154,0.3026315789473684,0.15261044176706828,0.4277189373970032,0.15789473684210525
neg_mean_logprob (untrained),77,0.15461847389558234,0.0423039682209491,0.2987012987012987,0.15461847389558234,0.4274669587612152,0.15584415584415584
neg_mean_logprob (untrained),78,0.1566265060240964,0.042674470692873,0.2948717948717949,0.1566265060240964,0.4265362620353699,0.15384615384615385
neg_mean_logprob (untrained),79,0.15863453815261044,0.0455466136336326,0.2911392405063291,0.15863453815261044,0.4223589301109314,0.1518987341772152
neg_mean_logprob (untrained),80,0.1606425702811245,0.046057429164648,0.2875,0.1606425702811245,0.4171405732631683,0.15
neg_mean_logprob (untrained),81,0.16265060240963855,0.0471086017787456,0.2962962962962963,0.16265060240963855,0.4159435629844665,0.14814814814814814
neg_mean_logprob (untrained),82,0.1646586345381526,0.0500515885651111,0.3048780487804878,0.1646586345381526,0.4156951904296875,0.15853658536585366
neg_mean_logprob (untrained),83,0.16666666666666666,0.050662163645029,0.30120481927710846,0.16666666666666666,0.415148913860321,0.1686746987951807
neg_mean_logprob (untrained),84,0.1686746987951807,0.0508305318653583,0.30952380952380953,0.1686746987951807,0.4126072227954864,0.16666666666666666
neg_mean_logprob (untrained),85,0.1706827309236948,0.0508587472140789,0.3176470588235294,0.1706827309236948,0.4112681746482849,0.17647058823529413
neg_mean_logprob (untrained),86,0.17269076305220885,0.0513914003968238,0.313953488372093,0.17269076305220885,0.4020173251628876,0.1744186046511628
neg_mean_logprob (untrained),87,0.1746987951807229,0.051702857017517,0.3103448275862069,0.1746987951807229,0.3995737433433532,0.1724137931034483
neg_mean_logprob (untrained),88,0.17670682730923695,0.0517123974859714,0.3181818181818182,0.17670682730923695,0.3938436508178711,0.17045454545454544
neg_mean_logprob (untrained),89,0.178714859437751,0.0533354729413986,0.3258426966292135,0.178714859437751,0.3930706083774566,0.16853932584269662
neg_mean_logprob (untrained),90,0.18072289156626506,0.0534563288092613,0.3333333333333333,0.18072289156626506,0.3915219306945801,0.17777777777777778
neg_mean_logprob (untrained),91,0.1827309236947791,0.0541063956916332,0.32967032967032966,0.1827309236947791,0.3914909362792969,0.17582417582417584
neg_mean_logprob (untrained),92,0.18473895582329317,0.0542053878307342,0.32608695652173914,0.18473895582329317,0.3892333209514618,0.18478260869565216
neg_mean_logprob (untrained),93,0.18674698795180722,0.0564346313476562,0.3333333333333333,0.18674698795180722,0.3879927396774292,0.1827956989247312
neg_mean_logprob (untrained),94,0.18875502008032127,0.0571492202579975,0.32978723404255317,0.18875502008032127,0.3764820098876953,0.18085106382978725
neg_mean_logprob (untrained),95,0.19076305220883535,0.0582993477582931,0.3368421052631579,0.19076305220883535,0.372439980506897,0.17894736842105263
neg_mean_logprob (untrained),96,0.1927710843373494,0.0596875138580799,0.34375,0.1927710843373494,0.3721030056476593,0.17708333333333334
neg_mean_logprob (untrained),97,0.19477911646586346,0.0602046586573123,0.35051546391752575,0.19477911646586346,0.3713883459568023,0.17525773195876287
neg_mean_logprob (untrained),98,0.19678714859437751,0.0604873336851596,0.35714285714285715,0.19678714859437751,0.3702247142791748,0.17346938775510204
neg_mean_logprob (untrained),99,0.19879518072289157,0.0605869218707084,0.36363636363636365,0.19879518072289157,0.3700188994407654,0.1717171717171717
neg_mean_logprob (untrained),100,0.20080321285140562,0.0613261051476001,0.36,0.20080321285140562,0.3687420487403869,0.17
neg_mean_logprob (untrained),101,0.20281124497991967,0.0613428317010402,0.36633663366336633,0.20281124497991967,0.3686423897743225,0.16831683168316833
neg_mean_logprob (untrained),102,0.20481927710843373,0.0614927969872951,0.3627450980392157,0.20481927710843373,0.3678008317947387,0.16666666666666666
neg_mean_logprob (untrained),103,0.20682730923694778,0.0617504455149173,0.3592233009708738,0.20682730923694778,0.3662931621074676,0.1650485436893204
neg_mean_logprob (untrained),104,0.20883534136546184,0.0621886439621448,0.3557692307692308,0.20883534136546184,0.3660992980003357,0.16346153846153846
neg_mean_logprob (untrained),105,0.21084337349397592,0.0623466037213802,0.3619047619047619,0.21084337349397592,0.3657950758934021,0.1619047619047619
neg_mean_logprob (untrained),106,0.21285140562248997,0.0628388822078704,0.36792452830188677,0.21285140562248997,0.3644875288009643,0.16037735849056603
neg_mean_logprob (untrained),107,0.21485943775100402,0.0662109330296516,0.37383177570093457,0.21485943775100402,0.3625975847244262,0.16822429906542055
neg_mean_logprob (untrained),108,0.21686746987951808,0.0674230605363845,0.37962962962962965,0.21686746987951808,0.3587565124034881,0.16666666666666666
neg_mean_logprob (untrained),109,0.21887550200803213,0.067463494837284,0.3761467889908257,0.21887550200803213,0.3577093780040741,0.1651376146788991
neg_mean_logprob (untrained),110,0.22088353413654618,0.068664364516735,0.37272727272727274,0.22088353413654618,0.3559904098510742,0.16363636363636364
neg_mean_logprob (untrained),111,0.22289156626506024,0.070723108947277,0.36936936936936937,0.22289156626506024,0.3448919951915741,0.16216216216216217
neg_mean_logprob (untrained),112,0.2248995983935743,0.0715809538960456,0.375,0.2248995983935743,0.3435984551906585,0.16071428571428573
neg_mean_logprob (untrained),113,0.22690763052208834,0.0725279152393341,0.37168141592920356,0.22690763052208834,0.3407578766345978,0.1592920353982301
neg_mean_logprob (untrained),114,0.2289156626506024,0.0734387934207916,0.37719298245614036,0.2289156626506024,0.3401110768318176,0.15789473684210525
neg_mean_logprob (untrained),115,0.23092369477911648,0.0749599412083625,0.3826086956521739,0.23092369477911648,0.3381819128990173,0.1565217391304348
neg_mean_logprob (untrained),116,0.23293172690763053,0.0762637183070182,0.3879310344827586,0.23293172690763053,0.3379037082195282,0.16379310344827586
neg_mean_logprob (untrained),117,0.23493975903614459,0.0781457126140594,0.39316239316239315,0.23493975903614459,0.336119145154953,0.1623931623931624
neg_mean_logprob (untrained),118,0.23694779116465864,0.0783449113368988,0.3983050847457627,0.23694779116465864,0.3336715698242187,0.16101694915254236
neg_mean_logprob (untrained),119,0.2389558232931727,0.078378289937973,0.3949579831932773,0.2389558232931727,0.3319292068481445,0.15966386554621848
neg_mean_logprob (untrained),120,0.24096385542168675,0.0788303762674331,0.4,0.24096385542168675,0.3307239115238189,0.15833333333333333
neg_mean_logprob (untrained),121,0.2429718875502008,0.0797280222177505,0.4049586776859504,0.2429718875502008,0.3295838832855224,0.15702479338842976
neg_mean_logprob (untrained),122,0.24497991967871485,0.0807267054915428,0.4098360655737705,0.24497991967871485,0.3288354277610779,0.1557377049180328
neg_mean_logprob (untrained),123,0.2469879518072289,0.0808630511164665,0.4146341463414634,0.2469879518072289,0.3216438889503479,0.15447154471544716
neg_mean_logprob (untrained),124,0.24899598393574296,0.0813203006982803,0.4112903225806452,0.24899598393574296,0.3193174600601196,0.1532258064516129
neg_mean_logprob (untrained),125,0.25100401606425704,0.0851572826504707,0.416,0.25100401606425704,0.3184668123722076,0.152
neg_mean_logprob (untrained),126,0.25301204819277107,0.0851901471614837,0.42063492063492064,0.25301204819277107,0.3162297308444977,0.15873015873015872
neg_mean_logprob (untrained),127,0.25502008032128515,0.0860206633806228,0.4251968503937008,0.25502008032128515,0.3158414661884308,0.16535433070866143
neg_mean_logprob (untrained),128,0.2570281124497992,0.0872125774621963,0.421875,0.2570281124497992,0.3125494122505188,0.171875
neg_mean_logprob (untrained),129,0.25903614457831325,0.0877807214856147,0.4186046511627907,0.25903614457831325,0.3098038733005523,0.17054263565891473
neg_mean_logprob (untrained),130,0.26104417670682734,0.0890059769153595,0.4230769230769231,0.26104417670682734,0.3089515566825866,0.16923076923076924
neg_mean_logprob (untrained),131,0.26305220883534136,0.0907404720783233,0.4198473282442748,0.26305220883534136,0.3086335361003876,0.16793893129770993
neg_mean_logprob (untrained),132,0.26506024096385544,0.0937790051102638,0.4166666666666667,0.26506024096385544,0.308426171541214,0.16666666666666666
neg_mean_logprob (untrained),133,0.26706827309236947,0.0942933484911918,0.42105263157894735,0.26706827309236947,0.3083798885345459,0.16541353383458646
neg_mean_logprob (untrained),134,0.26907630522088355,0.0943664535880088,0.4253731343283582,0.26907630522088355,0.3057956397533417,0.16417910447761194
neg_mean_logprob (untrained),135,0.2710843373493976,0.0954594239592552,0.42962962962962964,0.2710843373493976,0.3036400973796844,0.16296296296296298
neg_mean_logprob (untrained),136,0.27309236947791166,0.0981147512793541,0.4264705882352941,0.27309236947791166,0.3005750775337219,0.16176470588235295
neg_mean_logprob (untrained),137,0.2751004016064257,0.0985706076025962,0.4306569343065693,0.2751004016064257,0.2976310551166534,0.16058394160583941
neg_mean_logprob (untrained),138,0.27710843373493976,0.0993464887142181,0.427536231884058,0.27710843373493976,0.297599583864212,0.15942028985507245
neg_mean_logprob (untrained),139,0.2791164658634538,0.1005126535892486,0.4316546762589928,0.2791164658634538,0.2929196059703827,0.15827338129496402
neg_mean_logprob (untrained),140,0.28112449799196787,0.1009104177355766,0.4357142857142857,0.28112449799196787,0.292296290397644,0.15714285714285714
neg_mean_logprob (untrained),141,0.28313253012048195,0.1017947420477867,0.4326241134751773,0.28313253012048195,0.2873478233814239,0.15602836879432624
neg_mean_logprob (untrained),142,0.285140562248996,0.1019930317997932,0.43661971830985913,0.285140562248996,0.2860863208770752,0.15492957746478872
neg_mean_logprob (untrained),143,0.28714859437751006,0.1023578941822052,0.4405594405594406,0.28714859437751006,0.2857358753681183,0.15384615384615385
neg_mean_logprob (untrained),144,0.2891566265060241,0.1026261374354362,0.4444444444444444,0.2891566265060241,0.2837854325771332,0.1527777777777778
neg_mean_logprob (untrained),145,0.29116465863453816,0.1037935987114906,0.4413793103448276,0.29116465863453816,0.2830909490585327,0.15172413793103448
neg_mean_logprob (untrained),146,0.2931726907630522,0.1050230786204338,0.4383561643835616,0.2931726907630522,0.2828432619571686,0.1506849315068493
neg_mean_logprob (untrained),147,0.29518072289156627,0.1058120802044868,0.4421768707482993,0.29518072289156627,0.2816137969493866,0.14965986394557823
neg_mean_logprob (untrained),148,0.2971887550200803,0.1062675416469574,0.44594594594594594,0.2971887550200803,0.2813049852848053,0.14864864864864866
neg_mean_logprob (untrained),149,0.2991967871485944,0.1066936403512954,0.4429530201342282,0.2991967871485944,0.280663788318634,0.1476510067114094
neg_mean_logprob (untrained),150,0.30120481927710846,0.1073536947369575,0.44666666666666666,0.30120481927710846,0.2800404727458954,0.14666666666666667
neg_mean_logprob (untrained),151,0.3032128514056225,0.1085120067000389,0.4503311258278146,0.3032128514056225,0.2796036899089813,0.1456953642384106
neg_mean_logprob (untrained),152,0.30522088353413657,0.1088914349675178,0.4473684210526316,0.30522088353413657,0.2793388962745666,0.14473684210526316
neg_mean_logprob (untrained),153,0.3072289156626506,0.109274573624134,0.4444444444444444,0.3072289156626506,0.2784426808357239,0.1503267973856209
neg_mean_logprob (untrained),154,0.3092369477911647,0.1093688979744911,0.44805194805194803,0.3092369477911647,0.2751293480396271,0.14935064935064934
neg_mean_logprob (untrained),155,0.3112449799196787,0.1100804433226585,0.44516129032258067,0.3112449799196787,0.272365540266037,0.14838709677419354
neg_mean_logprob (untrained),156,0.3132530120481928,0.1106583103537559,0.4423076923076923,0.3132530120481928,0.2723232805728912,0.14743589743589744
neg_mean_logprob (untrained),157,0.3152610441767068,0.1110542938113212,0.4394904458598726,0.3152610441767068,0.2682570815086365,0.1464968152866242
neg_mean_logprob (untrained),158,0.3172690763052209,0.1111452132463455,0.4430379746835443,0.3172690763052209,0.268205314874649,0.1518987341772152
neg_mean_logprob (untrained),159,0.3192771084337349,0.1111900806427002,0.44025157232704404,0.3192771084337349,0.267284631729126,0.1509433962264151
neg_mean_logprob (untrained),160,0.321285140562249,0.1116776317358017,0.44375,0.321285140562249,0.2666864693164825,0.15
neg_mean_logprob (untrained),161,0.3232931726907631,0.1117131263017654,0.4472049689440994,0.3232931726907631,0.2650244235992431,0.14906832298136646
neg_mean_logprob (untrained),162,0.3253012048192771,0.111818678677082,0.4506172839506173,0.3253012048192771,0.2648861706256866,0.14814814814814814
neg_mean_logprob (untrained),163,0.3273092369477912,0.1129740104079246,0.4539877300613497,0.3273092369477912,0.2641759812831878,0.147239263803681
neg_mean_logprob (untrained),164,0.3293172690763052,0.1135999411344528,0.45121951219512196,0.3293172690763052,0.2640953361988067,0.14634146341463414
neg_mean_logprob (untrained),165,0.3313253012048193,0.1148413196206092,0.45454545454545453,0.3313253012048193,0.2636075615882873,0.14545454545454545
neg_mean_logprob (untrained),166,0.3333333333333333,0.1150918528437614,0.4578313253012048,0.3333333333333333,0.2626367211341858,0.14457831325301204
neg_mean_logprob (untrained),167,0.3353413654618474,0.1170219257473945,0.46107784431137727,0.3353413654618474,0.2611333429813385,0.1437125748502994
neg_mean_logprob (untrained),168,0.3373493975903614,0.1170514523983001,0.4583333333333333,0.3373493975903614,0.2599659264087677,0.14285714285714285
neg_mean_logprob (untrained),169,0.3393574297188755,0.1183391883969307,0.4556213017751479,0.3393574297188755,0.2580246329307556,0.14201183431952663
neg_mean_logprob (untrained),170,0.3413654618473896,0.1187211573123931,0.4588235294117647,0.3413654618473896,0.2544026374816894,0.1411764705882353
neg_mean_logprob (untrained),171,0.3433734939759036,0.1194621622562408,0.45614035087719296,0.3433734939759036,0.2541264295578003,0.14035087719298245
neg_mean_logprob (untrained),172,0.3453815261044177,0.1195851564407348,0.45930232558139533,0.3453815261044177,0.2525506317615509,0.13953488372093023
neg_mean_logprob (untrained),173,0.3473895582329317,0.1199969947338104,0.45664739884393063,0.3473895582329317,0.2523645460605621,0.13872832369942195
neg_mean_logprob (untrained),174,0.3493975903614458,0.1219511926174163,0.45977011494252873,0.3493975903614458,0.2519497871398926,0.13793103448275862
neg_mean_logprob (untrained),175,0.3514056224899598,0.1224391758441925,0.45714285714285713,0.3514056224899598,0.2515667676925659,0.14285714285714285
neg_mean_logprob (untrained),176,0.3534136546184739,0.1225409135222435,0.45454545454545453,0.3534136546184739,0.2514747381210327,0.14204545454545456
neg_mean_logprob (untrained),177,0.35542168674698793,0.122693046927452,0.4576271186440678,0.35542168674698793,0.2500723302364349,0.14124293785310735
neg_mean_logprob (untrained),178,0.357429718875502,0.1233846843242645,0.4550561797752809,0.357429718875502,0.2490327656269073,0.1404494382022472
neg_mean_logprob (untrained),179,0.35943775100401604,0.1236881613731384,0.4581005586592179,0.35943775100401604,0.2489326745271682,0.13966480446927373
neg_mean_logprob (untrained),180,0.3614457831325301,0.1244585737586021,0.45555555555555555,0.3614457831325301,0.247730404138565,0.1388888888888889
neg_mean_logprob (untrained),181,0.3634538152610442,0.1244818046689033,0.4585635359116022,0.3634538152610442,0.2473665028810501,0.13812154696132597
neg_mean_logprob (untrained),182,0.3654618473895582,0.1244910508394241,0.46153846153846156,0.3654618473895582,0.2470344603061676,0.13736263736263737
neg_mean_logprob (untrained),183,0.3674698795180723,0.124552421271801,0.4644808743169399,0.3674698795180723,0.2464479207992553,0.1366120218579235
neg_mean_logprob (untrained),184,0.36947791164658633,0.1255460530519485,0.46195652173913043,0.36947791164658633,0.242724061012268,0.1358695652173913
neg_mean_logprob (untrained),185,0.3714859437751004,0.1260602623224258,0.4594594594594595,0.3714859437751004,0.2417730689048767,0.13513513513513514
neg_mean_logprob (untrained),186,0.37349397590361444,0.1263682246208191,0.45698924731182794,0.37349397590361444,0.2403431832790374,0.13440860215053763
neg_mean_logprob (untrained),187,0.3755020080321285,0.1273496896028518,0.45454545454545453,0.3755020080321285,0.2382307201623916,0.13368983957219252
neg_mean_logprob (untrained),188,0.37751004016064255,0.1273910701274871,0.4574468085106383,0.37751004016064255,0.2358788847923278,0.13829787234042554
neg_mean_logprob (untrained),189,0.3795180722891566,0.1287283897399902,0.4603174603174603,0.3795180722891566,0.2357583940029144,0.13756613756613756
neg_mean_logprob (untrained),190,0.3815261044176707,0.13078573346138,0.45789473684210524,0.3815261044176707,0.2340283989906311,0.1368421052631579
neg_mean_logprob (untrained),191,0.38353413654618473,0.1310722529888153,0.45549738219895286,0.38353413654618473,0.2298157066106796,0.13612565445026178
neg_mean_logprob (untrained),192,0.3855421686746988,0.1314575523138046,0.453125,0.3855421686746988,0.2281984537839889,0.13541666666666666
neg_mean_logprob (untrained),193,0.38755020080321284,0.132263958454132,0.45595854922279794,0.38755020080321284,0.2250633984804153,0.13471502590673576
neg_mean_logprob (untrained),194,0.3895582329317269,0.1325116455554962,0.4587628865979381,0.3895582329317269,0.224115177989006,0.13402061855670103
neg_mean_logprob (untrained),195,0.39156626506024095,0.1326555460691452,0.46153846153846156,0.39156626506024095,0.2232787460088729,0.13333333333333333
neg_mean_logprob (untrained),196,0.39357429718875503,0.1328504830598831,0.45918367346938777,0.39357429718875503,0.2229348570108413,0.1326530612244898
neg_mean_logprob (untrained),197,0.39558232931726905,0.1329375058412552,0.45685279187817257,0.39558232931726905,0.2209472954273224,0.1319796954314721
neg_mean_logprob (untrained),198,0.39759036144578314,0.1334818005561828,0.45454545454545453,0.39759036144578314,0.2209469527006149,0.13131313131313133
neg_mean_logprob (untrained),199,0.39959839357429716,0.134637102484703,0.457286432160804,0.39959839357429716,0.2206157594919204,0.1306532663316583
neg_mean_logprob (untrained),200,0.40160642570281124,0.1351507157087326,0.455,0.40160642570281124,0.219814270734787,0.13
neg_mean_logprob (untrained),201,0.4036144578313253,0.1388380974531173,0.4577114427860697,0.4036144578313253,0.218038722872734,0.13432835820895522
neg_mean_logprob (untrained),202,0.40562248995983935,0.1391298621892929,0.4603960396039604,0.40562248995983935,0.2179697751998901,0.13366336633663367
neg_mean_logprob (untrained),203,0.40763052208835343,0.1396588534116745,0.4630541871921182,0.40763052208835343,0.2164072841405868,0.1330049261083744
neg_mean_logprob (untrained),204,0.40963855421686746,0.1406475752592086,0.46568627450980393,0.40963855421686746,0.2162827104330063,0.1323529411764706
neg_mean_logprob (untrained),205,0.41164658634538154,0.1433158665895462,0.4682926829268293,0.41164658634538154,0.2160579264163971,0.13658536585365855
neg_mean_logprob (untrained),206,0.41365461847389556,0.1433374583721161,0.46601941747572817,0.41365461847389556,0.2147482186555862,0.1407766990291262
neg_mean_logprob (untrained),207,0.41566265060240964,0.1436069309711456,0.463768115942029,0.41566265060240964,0.2129174172878265,0.14492753623188406
neg_mean_logprob (untrained),208,0.41767068273092367,0.144368290901184,0.46634615384615385,0.41767068273092367,0.2126161903142929,0.14423076923076922
neg_mean_logprob (untrained),209,0.41967871485943775,0.1497658193111419,0.4688995215311005,0.41967871485943775,0.2123017460107803,0.14354066985645933
neg_mean_logprob (untrained),210,0.42168674698795183,0.1498548239469528,0.4714285714285714,0.42168674698795183,0.2112123817205429,0.14761904761904762
neg_mean_logprob (untrained),211,0.42369477911646586,0.1505656540393829,0.47393364928909953,0.42369477911646586,0.2094103246927261,0.14691943127962084
neg_mean_logprob (untrained),212,0.42570281124497994,0.1513546258211136,0.47641509433962265,0.42570281124497994,0.2090890705585479,0.14622641509433962
neg_mean_logprob (untrained),213,0.42771084337349397,0.1522339284420013,0.4788732394366197,0.42771084337349397,0.2081851959228515,0.14553990610328638
neg_mean_logprob (untrained),214,0.42971887550200805,0.1531389504671096,0.4766355140186916,0.42971887550200805,0.2081668525934219,0.14485981308411214
neg_mean_logprob (untrained),215,0.43172690763052207,0.1537223011255264,0.4790697674418605,0.43172690763052207,0.2081572413444519,0.14418604651162792
neg_mean_logprob (untrained),216,0.43373493975903615,0.1542326062917709,0.48148148148148145,0.43373493975903615,0.207330048084259,0.14351851851851852
neg_mean_logprob (untrained),217,0.4357429718875502,0.1555011123418808,0.4792626728110599,0.4357429718875502,0.2061887830495834,0.14285714285714285
neg_mean_logprob (untrained),218,0.43775100401606426,0.1557171493768692,0.481651376146789,0.43775100401606426,0.2061038315296173,0.14220183486238533
neg_mean_logprob (untrained),219,0.4397590361445783,0.1595730781555175,0.4794520547945205,0.4397590361445783,0.2052986770868301,0.1415525114155251
neg_mean_logprob (untrained),220,0.44176706827309237,0.1601548790931701,0.4818181818181818,0.44176706827309237,0.2046329379081726,0.1409090909090909
neg_mean_logprob (untrained),221,0.44377510040160645,0.1610662788152694,0.4841628959276018,0.44377510040160645,0.2028236836194992,0.14027149321266968
neg_mean_logprob (untrained),222,0.4457831325301205,0.1631879061460495,0.4864864864864865,0.4457831325301205,0.2028165012598037,0.13963963963963963
neg_mean_logprob (untrained),223,0.44779116465863456,0.1635177284479141,0.48878923766816146,0.44779116465863456,0.2019059360027313,0.13901345291479822
neg_mean_logprob (untrained),224,0.4497991967871486,0.1641457378864288,0.48660714285714285,0.4497991967871486,0.2002670615911483,0.13839285714285715
neg_mean_logprob (untrained),225,0.45180722891566266,0.1649223417043686,0.48444444444444446,0.45180722891566266,0.1973456591367721,0.13777777777777778
neg_mean_logprob (untrained),226,0.4538152610441767,0.1653414666652679,0.48672566371681414,0.4538152610441767,0.1971090883016586,0.13716814159292035
neg_mean_logprob (untrained),227,0.45582329317269077,0.1653614044189453,0.4889867841409692,0.45582329317269077,0.1967993825674057,0.13656387665198239
neg_mean_logprob (untrained),228,0.4578313253012048,0.167211577296257,0.49122807017543857,0.4578313253012048,0.1966436505317688,0.13596491228070176
neg_mean_logprob (untrained),229,0.4598393574297189,0.1686994731426239,0.49344978165938863,0.4598393574297189,0.1965912282466888,0.13537117903930132
neg_mean_logprob (untrained),230,0.46184738955823296,0.1689169108867645,0.4956521739130435,0.46184738955823296,0.1958940923213958,0.1391304347826087
neg_mean_logprob (untrained),231,0.463855421686747,0.1690273582935333,0.49783549783549785,0.463855421686747,0.1948859244585037,0.13852813852813853
neg_mean_logprob (untrained),232,0.46586345381526106,0.1702839732170105,0.5,0.46586345381526106,0.1938187330961227,0.13793103448275862
neg_mean_logprob (untrained),233,0.4678714859437751,0.1703518182039261,0.5021459227467812,0.4678714859437751,0.1929637044668197,0.13733905579399142
neg_mean_logprob (untrained),234,0.46987951807228917,0.174142301082611,0.5042735042735043,0.46987951807228917,0.1925782710313797,0.14102564102564102
neg_mean_logprob (untrained),235,0.4718875502008032,0.1744830012321472,0.5063829787234042,0.4718875502008032,0.1918045133352279,0.14042553191489363
neg_mean_logprob (untrained),236,0.4738955823293173,0.1767418682575225,0.5084745762711864,0.4738955823293173,0.1915102899074554,0.13983050847457626
neg_mean_logprob (untrained),237,0.4759036144578313,0.1769111305475235,0.5063291139240507,0.4759036144578313,0.1909883320331573,0.13924050632911392
neg_mean_logprob (untrained),238,0.4779116465863454,0.1771572381258011,0.5042016806722689,0.4779116465863454,0.1906093209981918,0.14285714285714285
neg_mean_logprob (untrained),239,0.4799196787148594,0.1778921633958816,0.5062761506276151,0.4799196787148594,0.190427079796791,0.14644351464435146
neg_mean_logprob (untrained),240,0.4819277108433735,0.1783660948276519,0.5083333333333333,0.4819277108433735,0.1902951747179031,0.14583333333333334
neg_mean_logprob (untrained),241,0.4839357429718876,0.1786441951990127,0.5103734439834025,0.4839357429718876,0.1897332072257995,0.14522821576763487
neg_mean_logprob (untrained),242,0.4859437751004016,0.1787458658218383,0.512396694214876,0.4859437751004016,0.1891621798276901,0.1446280991735537
neg_mean_logprob (untrained),243,0.4879518072289157,0.1793372929096222,0.51440329218107,0.4879518072289157,0.188760757446289,0.1440329218106996
neg_mean_logprob (untrained),244,0.4899598393574297,0.1804052889347076,0.5163934426229508,0.4899598393574297,0.1886344105005264,0.14344262295081966
neg_mean_logprob (untrained),245,0.4919678714859438,0.1804159879684448,0.5183673469387755,0.4919678714859438,0.1878723949193954,0.14285714285714285
neg_mean_logprob (untrained),246,0.4939759036144578,0.1813308447599411,0.5203252032520326,0.4939759036144578,0.1859452575445175,0.14227642276422764
neg_mean_logprob (untrained),247,0.4959839357429719,0.1815594881772995,0.5182186234817814,0.4959839357429719,0.1843489110469818,0.1417004048582996
neg_mean_logprob (untrained),248,0.4979919678714859,0.1815817654132843,0.5201612903225806,0.4979919678714859,0.1835657805204391,0.14112903225806453
neg_mean_logprob (untrained),249,0.5,0.1821538507938385,0.5180722891566265,0.5,0.1832729279994964,0.14056224899598393
neg_mean_logprob (untrained),250,0.5020080321285141,0.1832729279994964,0.52,0.5020080321285141,0.1821538507938385,0.144
neg_mean_logprob (untrained),251,0.5040160642570282,0.1835657805204391,0.5219123505976095,0.5040160642570282,0.1815817654132843,0.14342629482071714
neg_mean_logprob (untrained),252,0.5060240963855421,0.1843489110469818,0.5238095238095238,0.5060240963855421,0.1815594881772995,0.14682539682539683
neg_mean_logprob (untrained),253,0.5080321285140562,0.1859452575445175,0.525691699604743,0.5080321285140562,0.1813308447599411,0.14624505928853754
neg_mean_logprob (untrained),254,0.5100401606425703,0.1878723949193954,0.5275590551181102,0.5100401606425703,0.1804159879684448,0.14566929133858267
neg_mean_logprob (untrained),255,0.5120481927710844,0.1886344105005264,0.5294117647058824,0.5120481927710844,0.1804052889347076,0.1450980392156863
neg_mean_logprob (untrained),256,0.5140562248995983,0.188760757446289,0.53125,0.5140562248995983,0.1793372929096222,0.14453125
neg_mean_logprob (untrained),257,0.5160642570281124,0.1891621798276901,0.5330739299610895,0.5160642570281124,0.1787458658218383,0.14396887159533073
neg_mean_logprob (untrained),258,0.5180722891566265,0.1897332072257995,0.5348837209302325,0.5180722891566265,0.1786441951990127,0.1434108527131783
neg_mean_logprob (untrained),259,0.5200803212851406,0.1902951747179031,0.5366795366795367,0.5200803212851406,0.1783660948276519,0.14285714285714285
neg_mean_logprob (untrained),260,0.5220883534136547,0.190427079796791,0.5346153846153846,0.5220883534136547,0.1778921633958816,0.1423076923076923
neg_mean_logprob (untrained),261,0.5240963855421686,0.1906093209981918,0.5325670498084292,0.5240963855421686,0.1771572381258011,0.14559386973180077
neg_mean_logprob (untrained),262,0.5261044176706827,0.1909883320331573,0.5343511450381679,0.5261044176706827,0.1769111305475235,0.14885496183206107
neg_mean_logprob (untrained),263,0.5281124497991968,0.1915102899074554,0.5361216730038023,0.5281124497991968,0.1767418682575225,0.1482889733840304
neg_mean_logprob (untrained),264,0.5301204819277109,0.1918045133352279,0.5378787878787878,0.5301204819277109,0.1744830012321472,0.14772727272727273
neg_mean_logprob (untrained),265,0.5321285140562249,0.1925782710313797,0.5358490566037736,0.5321285140562249,0.174142301082611,0.1471698113207547
neg_mean_logprob (untrained),266,0.5341365461847389,0.1929637044668197,0.5375939849624061,0.5341365461847389,0.1703518182039261,0.14661654135338345
neg_mean_logprob (untrained),267,0.536144578313253,0.1938187330961227,0.5393258426966292,0.536144578313253,0.1702839732170105,0.14606741573033707
neg_mean_logprob (untrained),268,0.5381526104417671,0.1948859244585037,0.5410447761194029,0.5381526104417671,0.1690273582935333,0.1455223880597015
neg_mean_logprob (untrained),269,0.5401606425702812,0.1958940923213958,0.5390334572490706,0.5401606425702812,0.1689169108867645,0.1449814126394052
neg_mean_logprob (untrained),270,0.5421686746987951,0.1965912282466888,0.5407407407407407,0.5421686746987951,0.1686994731426239,0.14444444444444443
neg_mean_logprob (untrained),271,0.5441767068273092,0.1966436505317688,0.5424354243542435,0.5441767068273092,0.167211577296257,0.14391143911439114
neg_mean_logprob (untrained),272,0.5461847389558233,0.1967993825674057,0.5441176470588235,0.5461847389558233,0.1653614044189453,0.14338235294117646
neg_mean_logprob (untrained),273,0.5481927710843374,0.1971090883016586,0.5457875457875457,0.5481927710843374,0.1653414666652679,0.14285714285714285
neg_mean_logprob (untrained),274,0.5502008032128514,0.1973456591367721,0.5474452554744526,0.5502008032128514,0.1649223417043686,0.145985401459854
neg_mean_logprob (untrained),275,0.5522088353413654,0.2002670615911483,0.5490909090909091,0.5522088353413654,0.1641457378864288,0.14909090909090908
neg_mean_logprob (untrained),276,0.5542168674698795,0.2019059360027313,0.5507246376811594,0.5542168674698795,0.1635177284479141,0.14855072463768115
neg_mean_logprob (untrained),277,0.5562248995983936,0.2028165012598037,0.5523465703971119,0.5562248995983936,0.1631879061460495,0.148014440433213
neg_mean_logprob (untrained),278,0.5582329317269076,0.2028236836194992,0.5539568345323741,0.5582329317269076,0.1610662788152694,0.1474820143884892
neg_mean_logprob (untrained),279,0.5602409638554217,0.2046329379081726,0.5555555555555556,0.5602409638554217,0.1601548790931701,0.14695340501792115
neg_mean_logprob (untrained),280,0.5622489959839357,0.2052986770868301,0.5571428571428572,0.5622489959839357,0.1595730781555175,0.15
neg_mean_logprob (untrained),281,0.5642570281124498,0.2061038315296173,0.5587188612099644,0.5642570281124498,0.1557171493768692,0.1494661921708185
neg_mean_logprob (untrained),282,0.5662650602409639,0.2061887830495834,0.5602836879432624,0.5662650602409639,0.1555011123418808,0.1524822695035461
neg_mean_logprob (untrained),283,0.5682730923694779,0.207330048084259,0.5618374558303887,0.5682730923694779,0.1542326062917709,0.1519434628975265
neg_mean_logprob (untrained),284,0.570281124497992,0.2081572413444519,0.5633802816901409,0.570281124497992,0.1537223011255264,0.15140845070422534
neg_mean_logprob (untrained),285,0.572289156626506,0.2081668525934219,0.5649122807017544,0.572289156626506,0.1531389504671096,0.1543859649122807
neg_mean_logprob (untrained),286,0.5742971887550201,0.2081851959228515,0.5664335664335665,0.5742971887550201,0.1522339284420013,0.15384615384615385
neg_mean_logprob (untrained),287,0.5763052208835341,0.2090890705585479,0.5679442508710801,0.5763052208835341,0.1513546258211136,0.15331010452961671
neg_mean_logprob (untrained),288,0.5783132530120482,0.2094103246927261,0.5694444444444444,0.5783132530120482,0.1505656540393829,0.1527777777777778
neg_mean_logprob (untrained),289,0.5803212851405622,0.2112123817205429,0.5674740484429066,0.5803212851405622,0.1498548239469528,0.1522491349480969
neg_mean_logprob (untrained),290,0.5823293172690763,0.2123017460107803,0.5689655172413793,0.5823293172690763,0.1497658193111419,0.15172413793103448
neg_mean_logprob (untrained),291,0.5843373493975904,0.2126161903142929,0.570446735395189,0.5843373493975904,0.144368290901184,0.15120274914089346
neg_mean_logprob (untrained),292,0.5863453815261044,0.2129174172878265,0.5684931506849316,0.5863453815261044,0.1436069309711456,0.1541095890410959
neg_mean_logprob (untrained),293,0.5883534136546185,0.2147482186555862,0.5665529010238908,0.5883534136546185,0.1433374583721161,0.15699658703071673
neg_mean_logprob (untrained),294,0.5903614457831325,0.2160579264163971,0.564625850340136,0.5903614457831325,0.1433158665895462,0.1564625850340136
neg_mean_logprob (untrained),295,0.5923694779116466,0.2162827104330063,0.5661016949152542,0.5923694779116466,0.1406475752592086,0.15593220338983052
neg_mean_logprob (untrained),296,0.5943775100401606,0.2164072841405868,0.5675675675675675,0.5943775100401606,0.1396588534116745,0.1554054054054054
neg_mean_logprob (untrained),297,0.5963855421686747,0.2179697751998901,0.569023569023569,0.5963855421686747,0.1391298621892929,0.15488215488215487
neg_mean_logprob (untrained),298,0.5983935742971888,0.218038722872734,0.5671140939597316,0.5983935742971888,0.1388380974531173,0.15436241610738255
neg_mean_logprob (untrained),299,0.6004016064257028,0.219814270734787,0.568561872909699,0.6004016064257028,0.1351507157087326,0.15719063545150502
neg_mean_logprob (untrained),300,0.6024096385542169,0.2206157594919204,0.57,0.6024096385542169,0.134637102484703,0.15666666666666668
neg_mean_logprob (untrained),301,0.6044176706827309,0.2209469527006149,0.5714285714285714,0.6044176706827309,0.1334818005561828,0.15946843853820597
neg_mean_logprob (untrained),302,0.606425702811245,0.2209472954273224,0.5728476821192053,0.606425702811245,0.1329375058412552,0.16225165562913907
neg_mean_logprob (untrained),303,0.608433734939759,0.2229348570108413,0.5742574257425742,0.608433734939759,0.1328504830598831,0.16501650165016502
neg_mean_logprob (untrained),304,0.6104417670682731,0.2232787460088729,0.5756578947368421,0.6104417670682731,0.1326555460691452,0.16447368421052633
neg_mean_logprob (untrained),305,0.6124497991967871,0.224115177989006,0.5770491803278689,0.6124497991967871,0.1325116455554962,0.16393442622950818
neg_mean_logprob (untrained),306,0.6144578313253012,0.2250633984804153,0.5784313725490197,0.6144578313253012,0.132263958454132,0.16339869281045752
neg_mean_logprob (untrained),307,0.6164658634538153,0.2281984537839889,0.5798045602605864,0.6164658634538153,0.1314575523138046,0.16612377850162866
neg_mean_logprob (untrained),308,0.6184738955823293,0.2298157066106796,0.5811688311688312,0.6184738955823293,0.1310722529888153,0.16883116883116883
neg_mean_logprob (untrained),309,0.6204819277108434,0.2340283989906311,0.5825242718446602,0.6204819277108434,0.13078573346138,0.1715210355987055
neg_mean_logprob (untrained),310,0.6224899598393574,0.2357583940029144,0.5838709677419355,0.6224899598393574,0.1287283897399902,0.17096774193548386
neg_mean_logprob (untrained),311,0.6244979919678715,0.2358788847923278,0.5819935691318328,0.6244979919678715,0.1273910701274871,0.17041800643086816
neg_mean_logprob (untrained),312,0.6265060240963856,0.2382307201623916,0.5833333333333334,0.6265060240963856,0.1273496896028518,0.17307692307692307
neg_mean_logprob (untrained),313,0.6285140562248996,0.2403431832790374,0.5846645367412141,0.6285140562248996,0.1263682246208191,0.1757188498402556
neg_mean_logprob (untrained),314,0.6305220883534136,0.2417730689048767,0.5859872611464968,0.6305220883534136,0.1260602623224258,0.17834394904458598
neg_mean_logprob (untrained),315,0.6325301204819277,0.242724061012268,0.5873015873015873,0.6325301204819277,0.1255460530519485,0.18095238095238095
neg_mean_logprob (untrained),316,0.6345381526104418,0.2464479207992553,0.5886075949367089,0.6345381526104418,0.124552421271801,0.18037974683544303
neg_mean_logprob (untrained),317,0.6365461847389559,0.2470344603061676,0.5899053627760252,0.6365461847389559,0.1244910508394241,0.17981072555205047
neg_mean_logprob (untrained),318,0.6385542168674698,0.2473665028810501,0.5911949685534591,0.6385542168674698,0.1244818046689033,0.1792452830188679
neg_mean_logprob (untrained),319,0.6405622489959839,0.247730404138565,0.5924764890282131,0.6405622489959839,0.1244585737586021,0.18181818181818182
neg_mean_logprob (untrained),320,0.642570281124498,0.2489326745271682,0.59375,0.642570281124498,0.1236881613731384,0.18125
neg_mean_logprob (untrained),321,0.6445783132530121,0.2490327656269073,0.5950155763239875,0.6445783132530121,0.1233846843242645,0.1838006230529595
neg_mean_logprob (untrained),322,0.6465863453815262,0.2500723302364349,0.5962732919254659,0.6465863453815262,0.122693046927452,0.18322981366459629
neg_mean_logprob (untrained),323,0.6485943775100401,0.2514747381210327,0.5975232198142415,0.6485943775100401,0.1225409135222435,0.18575851393188855
neg_mean_logprob (untrained),324,0.6506024096385542,0.2515667676925659,0.595679012345679,0.6506024096385542,0.1224391758441925,0.1882716049382716
neg_mean_logprob (untrained),325,0.6526104417670683,0.2519497871398926,0.5969230769230769,0.6526104417670683,0.1219511926174163,0.18769230769230769
neg_mean_logprob (untrained),326,0.6546184738955824,0.2523645460605621,0.598159509202454,0.6546184738955824,0.1199969947338104,0.1901840490797546
neg_mean_logprob (untrained),327,0.6566265060240963,0.2525506317615509,0.599388379204893,0.6566265060240963,0.1195851564407348,0.18960244648318042
neg_mean_logprob (untrained),328,0.6586345381526104,0.2541264295578003,0.600609756097561,0.6586345381526104,0.1194621622562408,0.19207317073170732
neg_mean_logprob (untrained),329,0.6606425702811245,0.2544026374816894,0.601823708206687,0.6606425702811245,0.1187211573123931,0.19148936170212766
neg_mean_logprob (untrained),330,0.6626506024096386,0.2580246329307556,0.603030303030303,0.6626506024096386,0.1183391883969307,0.19393939393939394
neg_mean_logprob (untrained),331,0.6646586345381527,0.2599659264087677,0.6042296072507553,0.6646586345381527,0.1170514523983001,0.19637462235649547
neg_mean_logprob (untrained),332,0.6666666666666666,0.2611333429813385,0.6054216867469879,0.6666666666666666,0.1170219257473945,0.19578313253012047
neg_mean_logprob (untrained),333,0.6686746987951807,0.2626367211341858,0.6066066066066066,0.6686746987951807,0.1150918528437614,0.19519519519519518
neg_mean_logprob (untrained),334,0.6706827309236948,0.2636075615882873,0.6077844311377245,0.6706827309236948,0.1148413196206092,0.19461077844311378
neg_mean_logprob (untrained),335,0.6726907630522089,0.2640953361988067,0.608955223880597,0.6726907630522089,0.1135999411344528,0.19701492537313434
neg_mean_logprob (untrained),336,0.6746987951807228,0.2641759812831878,0.6101190476190477,0.6746987951807228,0.1129740104079246,0.19642857142857142
neg_mean_logprob (untrained),337,0.6767068273092369,0.2648861706256866,0.6112759643916914,0.6767068273092369,0.111818678677082,0.19584569732937684
neg_mean_logprob (untrained),338,0.678714859437751,0.2650244235992431,0.6124260355029586,0.678714859437751,0.1117131263017654,0.1952662721893491
neg_mean_logprob (untrained),339,0.6807228915662651,0.2666864693164825,0.6135693215339233,0.6807228915662651,0.1116776317358017,0.19469026548672566
neg_mean_logprob (untrained),340,0.6827309236947792,0.267284631729126,0.6147058823529412,0.6827309236947792,0.1111900806427002,0.19705882352941176
neg_mean_logprob (untrained),341,0.6847389558232931,0.268205314874649,0.6129032258064516,0.6847389558232931,0.1111452132463455,0.19648093841642228
neg_mean_logprob (untrained),342,0.6867469879518072,0.2682570815086365,0.6140350877192983,0.6867469879518072,0.1110542938113212,0.19883040935672514
neg_mean_logprob (untrained),343,0.6887550200803213,0.2723232805728912,0.6151603498542274,0.6887550200803213,0.1106583103537559,0.20116618075801748
neg_mean_logprob (untrained),344,0.6907630522088354,0.272365540266037,0.6162790697674418,0.6907630522088354,0.1100804433226585,0.20348837209302326
neg_mean_logprob (untrained),345,0.6927710843373494,0.2751293480396271,0.6173913043478261,0.6927710843373494,0.1093688979744911,0.2028985507246377
neg_mean_logprob (untrained),346,0.6947791164658634,0.2784426808357239,0.615606936416185,0.6947791164658634,0.109274573624134,0.20520231213872833
neg_mean_logprob (untrained),347,0.6967871485943775,0.2793388962745666,0.6167146974063401,0.6967871485943775,0.1088914349675178,0.207492795389049
neg_mean_logprob (untrained),348,0.6987951807228916,0.2796036899089813,0.617816091954023,0.6987951807228916,0.1085120067000389,0.20689655172413793
neg_mean_logprob (untrained),349,0.7008032128514057,0.2800404727458954,0.6189111747851003,0.7008032128514057,0.1073536947369575,0.20630372492836677
neg_mean_logprob (untrained),350,0.7028112449799196,0.280663788318634,0.62,0.7028112449799196,0.1066936403512954,0.20857142857142857
neg_mean_logprob (untrained),351,0.7048192771084337,0.2813049852848053,0.6210826210826211,0.7048192771084337,0.1062675416469574,0.20797720797720798
neg_mean_logprob (untrained),352,0.7068273092369478,0.2816137969493866,0.6221590909090909,0.7068273092369478,0.1058120802044868,0.20738636363636365
neg_mean_logprob (untrained),353,0.7088353413654619,0.2828432619571686,0.623229461756374,0.7088353413654619,0.1050230786204338,0.2096317280453258
neg_mean_logprob (untrained),354,0.7108433734939759,0.2830909490585327,0.6242937853107344,0.7108433734939759,0.1037935987114906,0.211864406779661
neg_mean_logprob (untrained),355,0.7128514056224899,0.2837854325771332,0.6253521126760564,0.7128514056224899,0.1026261374354362,0.2112676056338028
neg_mean_logprob (untrained),356,0.714859437751004,0.2857358753681183,0.6264044943820225,0.714859437751004,0.1023578941822052,0.21067415730337077
neg_mean_logprob (untrained),357,0.7168674698795181,0.2860863208770752,0.6274509803921569,0.7168674698795181,0.1019930317997932,0.21008403361344538
neg_mean_logprob (untrained),358,0.7188755020080321,0.2873478233814239,0.6284916201117319,0.7188755020080321,0.1017947420477867,0.2122905027932961
neg_mean_logprob (untrained),359,0.7208835341365462,0.292296290397644,0.6295264623955432,0.7208835341365462,0.1009104177355766,0.2116991643454039
neg_mean_logprob (untrained),360,0.7228915662650602,0.2929196059703827,0.6305555555555555,0.7228915662650602,0.1005126535892486,0.2111111111111111
neg_mean_logprob (untrained),361,0.7248995983935743,0.297599583864212,0.631578947368421,0.7248995983935743,0.0993464887142181,0.21329639889196675
neg_mean_logprob (untrained),362,0.7269076305220884,0.2976310551166534,0.6325966850828729,0.7269076305220884,0.0985706076025962,0.212707182320442
neg_mean_logprob (untrained),363,0.7289156626506024,0.3005750775337219,0.6336088154269972,0.7289156626506024,0.0981147512793541,0.21487603305785125
neg_mean_logprob (untrained),364,0.7309236947791165,0.3036400973796844,0.6346153846153846,0.7309236947791165,0.0954594239592552,0.21428571428571427
neg_mean_logprob (untrained),365,0.7329317269076305,0.3057956397533417,0.6356164383561644,0.7329317269076305,0.0943664535880088,0.2136986301369863
neg_mean_logprob (untrained),366,0.7349397590361446,0.3083798885345459,0.6366120218579235,0.7349397590361446,0.0942933484911918,0.21311475409836064
neg_mean_logprob (untrained),367,0.7369477911646586,0.308426171541214,0.6376021798365122,0.7369477911646586,0.0937790051102638,0.21525885558583105
neg_mean_logprob (untrained),368,0.7389558232931727,0.3086335361003876,0.6385869565217391,0.7389558232931727,0.0907404720783233,0.21739130434782608
neg_mean_logprob (untrained),369,0.7409638554216867,0.3089515566825866,0.6395663956639567,0.7409638554216867,0.0890059769153595,0.21680216802168023
neg_mean_logprob (untrained),370,0.7429718875502008,0.3098038733005523,0.6405405405405405,0.7429718875502008,0.0877807214856147,0.21891891891891893
neg_mean_logprob (untrained),371,0.7449799196787149,0.3125494122505188,0.6388140161725068,0.7449799196787149,0.0872125774621963,0.2210242587601078
neg_mean_logprob (untrained),372,0.7469879518072289,0.3158414661884308,0.6370967741935484,0.7469879518072289,0.0860206633806228,0.22043010752688172
neg_mean_logprob (untrained),373,0.748995983935743,0.3162297308444977,0.6353887399463807,0.748995983935743,0.0851901471614837,0.21983914209115282
neg_mean_logprob (untrained),374,0.751004016064257,0.3184668123722076,0.6363636363636364,0.751004016064257,0.0851572826504707,0.2192513368983957
neg_mean_logprob (untrained),375,0.7530120481927711,0.3193174600601196,0.6373333333333333,0.7530120481927711,0.0813203006982803,0.22133333333333333
neg_mean_logprob (untrained),376,0.7550200803212851,0.3216438889503479,0.6382978723404256,0.7550200803212851,0.0808630511164665,0.22074468085106383
neg_mean_logprob (untrained),377,0.7570281124497992,0.3288354277610779,0.6392572944297082,0.7570281124497992,0.0807267054915428,0.22015915119363394
neg_mean_logprob (untrained),378,0.7590361445783133,0.3295838832855224,0.6402116402116402,0.7590361445783133,0.0797280222177505,0.21957671957671956
neg_mean_logprob (untrained),379,0.7610441767068273,0.3307239115238189,0.6411609498680739,0.7610441767068273,0.0788303762674331,0.21899736147757257
neg_mean_logprob (untrained),380,0.7630522088353414,0.3319292068481445,0.6421052631578947,0.7630522088353414,0.078378289937973,0.22105263157894736
neg_mean_logprob (untrained),381,0.7650602409638554,0.3336715698242187,0.6430446194225722,0.7650602409638554,0.0783449113368988,0.2204724409448819
neg_mean_logprob (untrained),382,0.7670682730923695,0.336119145154953,0.643979057591623,0.7670682730923695,0.0781457126140594,0.2198952879581152
neg_mean_logprob (untrained),383,0.7690763052208835,0.3379037082195282,0.6422976501305483,0.7690763052208835,0.0762637183070182,0.2193211488250653
neg_mean_logprob (untrained),384,0.7710843373493976,0.3381819128990173,0.6432291666666666,0.7710843373493976,0.0749599412083625,0.21875
neg_mean_logprob (untrained),385,0.7730923694779116,0.3401110768318176,0.6441558441558441,0.7730923694779116,0.0734387934207916,0.21818181818181817
neg_mean_logprob (untrained),386,0.7751004016064257,0.3407578766345978,0.6450777202072538,0.7751004016064257,0.0725279152393341,0.22020725388601037
neg_mean_logprob (untrained),387,0.7771084337349398,0.3435984551906585,0.6459948320413437,0.7771084337349398,0.0715809538960456,0.21963824289405684
neg_mean_logprob (untrained),388,0.7791164658634538,0.3448919951915741,0.6469072164948454,0.7791164658634538,0.070723108947277,0.22164948453608246
neg_mean_logprob (untrained),389,0.7811244979919679,0.3559904098510742,0.6478149100257069,0.7811244979919679,0.068664364516735,0.2236503856041131
neg_mean_logprob (untrained),390,0.7831325301204819,0.3577093780040741,0.6487179487179487,0.7831325301204819,0.067463494837284,0.22564102564102564
neg_mean_logprob (untrained),391,0.785140562248996,0.3587565124034881,0.649616368286445,0.785140562248996,0.0674230605363845,0.22506393861892582
neg_mean_logprob (untrained),392,0.7871485943775101,0.3625975847244262,0.6479591836734694,0.7871485943775101,0.0662109330296516,0.22448979591836735
neg_mean_logprob (untrained),393,0.7891566265060241,0.3644875288009643,0.648854961832061,0.7891566265060241,0.0628388822078704,0.22391857506361323
neg_mean_logprob (untrained),394,0.7911646586345381,0.3657950758934021,0.649746192893401,0.7911646586345381,0.0623466037213802,0.2233502538071066
neg_mean_logprob (untrained),395,0.7931726907630522,0.3660992980003357,0.6506329113924051,0.7931726907630522,0.0621886439621448,0.22531645569620254
neg_mean_logprob (untrained),396,0.7951807228915663,0.3662931621074676,0.6515151515151515,0.7951807228915663,0.0617504455149173,0.22727272727272727
neg_mean_logprob (untrained),397,0.7971887550200804,0.3678008317947387,0.6523929471032746,0.7971887550200804,0.0614927969872951,0.22921914357682618
neg_mean_logprob (untrained),398,0.7991967871485943,0.3686423897743225,0.6532663316582915,0.7991967871485943,0.0613428317010402,0.228643216080402
neg_mean_logprob (untrained),399,0.8012048192771084,0.3687420487403869,0.6541353383458647,0.8012048192771084,0.0613261051476001,0.23057644110275688
neg_mean_logprob (untrained),400,0.8032128514056225,0.3700188994407654,0.655,0.8032128514056225,0.0605869218707084,0.23
neg_mean_logprob (untrained),401,0.8052208835341366,0.3702247142791748,0.655860349127182,0.8052208835341366,0.0604873336851596,0.22942643391521197
neg_mean_logprob (untrained),402,0.8072289156626506,0.3713883459568023,0.6567164179104478,0.8072289156626506,0.0602046586573123,0.22885572139303484
neg_mean_logprob (untrained),403,0.8092369477911646,0.3721030056476593,0.6575682382133995,0.8092369477911646,0.0596875138580799,0.228287841191067
neg_mean_logprob (untrained),404,0.8112449799196787,0.372439980506897,0.6584158415841584,0.8112449799196787,0.0582993477582931,0.22772277227722773
neg_mean_logprob (untrained),405,0.8132530120481928,0.3764820098876953,0.6592592592592592,0.8132530120481928,0.0571492202579975,0.22962962962962963
neg_mean_logprob (untrained),406,0.8152610441767069,0.3879927396774292,0.6600985221674877,0.8152610441767069,0.0564346313476562,0.229064039408867
neg_mean_logprob (untrained),407,0.8172690763052208,0.3892333209514618,0.6584766584766585,0.8172690763052208,0.0542053878307342,0.23095823095823095
neg_mean_logprob (untrained),408,0.8192771084337349,0.3914909362792969,0.6593137254901961,0.8192771084337349,0.0541063956916332,0.23284313725490197
neg_mean_logprob (untrained),409,0.821285140562249,0.3915219306945801,0.6577017114914425,0.821285140562249,0.0534563288092613,0.23227383863080683
neg_mean_logprob (untrained),410,0.8232931726907631,0.3930706083774566,0.6585365853658537,0.8232931726907631,0.0533354729413986,0.23170731707317074
neg_mean_logprob (untrained),411,0.8253012048192772,0.3938436508178711,0.6593673965936739,0.8253012048192772,0.0517123974859714,0.23114355231143552
neg_mean_logprob (untrained),412,0.8273092369477911,0.3995737433433532,0.6601941747572816,0.8273092369477911,0.051702857017517,0.23300970873786409
neg_mean_logprob (untrained),413,0.8293172690763052,0.4020173251628876,0.6610169491525424,0.8293172690763052,0.0513914003968238,0.23486682808716708
neg_mean_logprob (untrained),414,0.8313253012048193,0.4112681746482849,0.6594202898550725,0.8313253012048193,0.0508587472140789,0.23429951690821257
neg_mean_logprob (untrained),415,0.8333333333333334,0.4126072227954864,0.6602409638554216,0.8333333333333334,0.0508305318653583,0.23373493975903614
neg_mean_logprob (untrained),416,0.8353413654618473,0.415148913860321,0.6586538461538461,0.8353413654618473,0.050662163645029,0.23557692307692307
neg_mean_logprob (untrained),417,0.8373493975903614,0.4156951904296875,0.657074340527578,0.8373493975903614,0.0500515885651111,0.23501199040767387
neg_mean_logprob (untrained),418,0.8393574297188755,0.4159435629844665,0.6578947368421053,0.8393574297188755,0.0471086017787456,0.23444976076555024
neg_mean_logprob (untrained),419,0.8413654618473896,0.4171405732631683,0.6587112171837709,0.8413654618473896,0.046057429164648,0.23627684964200477
neg_mean_logprob (untrained),420,0.8433734939759037,0.4223589301109314,0.6595238095238095,0.8433734939759037,0.0455466136336326,0.23809523809523808
neg_mean_logprob (untrained),421,0.8453815261044176,0.4265362620353699,0.6603325415676959,0.8453815261044176,0.042674470692873,0.23990498812351543
neg_mean_logprob (untrained),422,0.8473895582329317,0.4274669587612152,0.6611374407582938,0.8473895582329317,0.0423039682209491,0.24170616113744076
neg_mean_logprob (untrained),423,0.8493975903614458,0.4277189373970032,0.6619385342789598,0.8493975903614458,0.0412788055837154,0.24349881796690306
neg_mean_logprob (untrained),424,0.8514056224899599,0.4316485524177551,0.6627358490566038,0.8514056224899599,0.0399767830967903,0.2429245283018868
neg_mean_logprob (untrained),425,0.8534136546184738,0.4326804876327514,0.6635294117647059,0.8534136546184738,0.0399177633225917,0.24235294117647058
neg_mean_logprob (untrained),426,0.8554216867469879,0.433729887008667,0.6643192488262911,0.8554216867469879,0.0393822528421878,0.24413145539906103
neg_mean_logprob (untrained),427,0.857429718875502,0.4365848898887634,0.6651053864168618,0.857429718875502,0.0364394150674343,0.24355971896955503
neg_mean_logprob (untrained),428,0.8594377510040161,0.4383569955825805,0.6658878504672897,0.8594377510040161,0.0363632999360561,0.24299065420560748
neg_mean_logprob (untrained),429,0.8614457831325302,0.4444339573383331,0.6666666666666666,0.8614457831325302,0.0359860658645629,0.24475524475524477
neg_mean_logprob (untrained),430,0.8634538152610441,0.4473228454589844,0.6651162790697674,0.8634538152610441,0.035772118717432,0.24651162790697675
neg_mean_logprob (untrained),431,0.8654618473895582,0.4510738551616668,0.665893271461717,0.8654618473895582,0.0354426428675651,0.2482598607888631
neg_mean_logprob (untrained),432,0.8674698795180723,0.4513498544692993,0.6666666666666666,0.8674698795180723,0.0354228131473064,0.24768518518518517
neg_mean_logprob (untrained),433,0.8694779116465864,0.4526462852954864,0.6674364896073903,0.8694779116465864,0.0350914634764194,0.24942263279445728
neg_mean_logprob (untrained),434,0.8714859437751004,0.453275054693222,0.6682027649769585,0.8714859437751004,0.0335356146097183,0.2488479262672811
neg_mean_logprob (untrained),435,0.8734939759036144,0.4542164802551269,0.6689655172413793,0.8734939759036144,0.0324598439037799,0.25057471264367814
neg_mean_logprob (untrained),436,0.8755020080321285,0.4564282894134521,0.6674311926605505,0.8755020080321285,0.0312560908496379,0.25
neg_mean_logprob (untrained),437,0.8775100401606426,0.457999587059021,0.6681922196796338,0.8775100401606426,0.0311409011483192,0.2517162471395881
neg_mean_logprob (untrained),438,0.8795180722891566,0.4608559310436249,0.6689497716894978,0.8795180722891566,0.0289788842201232,0.2534246575342466
neg_mean_logprob (untrained),439,0.8815261044176707,0.4633826613426208,0.6697038724373576,0.8815261044176707,0.028766430914402,0.2528473804100228
neg_mean_logprob (untrained),440,0.8835341365461847,0.4636171162128448,0.6704545454545454,0.8835341365461847,0.0280731096863746,0.25227272727272726
neg_mean_logprob (untrained),441,0.8855421686746988,0.468362808227539,0.671201814058957,0.8855421686746988,0.0278160646557807,0.25396825396825395
neg_mean_logprob (untrained),442,0.8875502008032129,0.4725858569145202,0.6719457013574661,0.8875502008032129,0.0266723111271858,0.25565610859728505
neg_mean_logprob (untrained),443,0.8895582329317269,0.475792646408081,0.672686230248307,0.8895582329317269,0.0264056622982025,0.255079006772009
neg_mean_logprob (untrained),444,0.891566265060241,0.4795690476894378,0.6734234234234234,0.891566265060241,0.0246992856264114,0.2545045045045045
neg_mean_logprob (untrained),445,0.893574297188755,0.4813342690467834,0.6741573033707865,0.893574297188755,0.0245551485568285,0.25617977528089886
neg_mean_logprob (untrained),446,0.8955823293172691,0.4828360676765442,0.6748878923766816,0.8955823293172691,0.0245122779160738,0.257847533632287
neg_mean_logprob (untrained),447,0.8975903614457831,0.4843098819255829,0.6756152125279642,0.8975903614457831,0.0234967768192291,0.2595078299776286
neg_mean_logprob (untrained),448,0.8995983935742972,0.4916745722293854,0.6763392857142857,0.8995983935742972,0.0223264973610639,0.25892857142857145
neg_mean_logprob (untrained),449,0.9016064257028112,0.492300271987915,0.6770601336302895,0.9016064257028112,0.021638648584485,0.26057906458797325
neg_mean_logprob (untrained),450,0.9036144578313253,0.4952608346939087,0.6777777777777778,0.9036144578313253,0.0199725907295942,0.26222222222222225
neg_mean_logprob (untrained),451,0.9056224899598394,0.4962672591209411,0.6784922394678492,0.9056224899598394,0.0195038486272096,0.2616407982261641
neg_mean_logprob (untrained),452,0.9076305220883534,0.5016096830368042,0.6792035398230089,0.9076305220883534,0.0169468391686677,0.26327433628318586
neg_mean_logprob (untrained),453,0.9096385542168675,0.5033480525016785,0.6799116997792495,0.9096385542168675,0.0160796474665403,0.26490066225165565
neg_mean_logprob (untrained),454,0.9116465863453815,0.5063484311103821,0.6806167400881057,0.9116465863453815,0.0155600113794207,0.2665198237885463
neg_mean_logprob (untrained),455,0.9136546184738956,0.5078352093696594,0.6791208791208792,0.9136546184738956,0.0142031591385602,0.2681318681318681
neg_mean_logprob (untrained),456,0.9156626506024096,0.5124818086624146,0.6798245614035088,0.9156626506024096,0.014152392745018,0.26973684210526316
neg_mean_logprob (untrained),457,0.9176706827309237,0.515309751033783,0.6805251641137856,0.9176706827309237,0.013195707462728,0.2713347921225383
neg_mean_logprob (untrained),458,0.9196787148594378,0.524232804775238,0.6812227074235808,0.9196787148594378,0.0116976173594594,0.27074235807860264
neg_mean_logprob (untrained),459,0.9216867469879518,0.5260069966316223,0.681917211328976,0.9216867469879518,0.0116495303809642,0.27233115468409586
neg_mean_logprob (untrained),460,0.9236947791164659,0.526951253414154,0.6804347826086956,0.9236947791164659,0.0115392664447426,0.27391304347826084
neg_mean_logprob (untrained),461,0.9257028112449799,0.5382252335548401,0.6811279826464208,0.9257028112449799,0.0107146734371781,0.2754880694143167
neg_mean_logprob (untrained),462,0.927710843373494,0.5386098623275757,0.6818181818181818,0.927710843373494,0.0103359967470169,0.2748917748917749
neg_mean_logprob (untrained),463,0.929718875502008,0.5445981621742249,0.6825053995680346,0.929718875502008,0.0102581912651658,0.27645788336933047
neg_mean_logprob (untrained),464,0.9317269076305221,0.5469358563423157,0.6831896551724138,0.9317269076305221,0.0099119525402784,0.27586206896551724
neg_mean_logprob (untrained),465,0.9337349397590361,0.5481714606285095,0.6838709677419355,0.9337349397590361,0.0089854123070836,0.2752688172043011
neg_mean_logprob (untrained),466,0.9357429718875502,0.548952043056488,0.6845493562231759,0.9357429718875502,0.0085948081687092,0.27682403433476394
neg_mean_logprob (untrained),467,0.9377510040160643,0.5505426526069641,0.6852248394004282,0.9377510040160643,0.008524939417839,0.278372591006424
neg_mean_logprob (untrained),468,0.9397590361445783,0.5579220652580261,0.6858974358974359,0.9397590361445783,0.0082822358235716,0.2799145299145299
neg_mean_logprob (untrained),469,0.9417670682730924,0.558054506778717,0.6865671641791045,0.9417670682730924,0.0071895853616297,0.2814498933901919
neg_mean_logprob (untrained),470,0.9437751004016064,0.5853095650672913,0.6872340425531915,0.9437751004016064,0.0068698395043611,0.28297872340425534
neg_mean_logprob (untrained),471,0.9457831325301205,0.5901115536689758,0.6878980891719745,0.9457831325301205,0.0068066013045609,0.28450106157112526
neg_mean_logprob (untrained),472,0.9477911646586346,0.5917555093765259,0.6885593220338984,0.9477911646586346,0.0067788804881274,0.2860169491525424
neg_mean_logprob (untrained),473,0.9497991967871486,0.5958656072616577,0.6892177589852009,0.9497991967871486,0.0066417474299669,0.28752642706131076
neg_mean_logprob (untrained),474,0.9518072289156626,0.5977351665496826,0.6877637130801688,0.9518072289156626,0.0062105930410325,0.2890295358649789
neg_mean_logprob (untrained),475,0.9538152610441767,0.6014716625213623,0.6884210526315789,0.9538152610441767,0.0061326334252953,0.2905263157894737
neg_mean_logprob (untrained),476,0.9558232931726908,0.6101674437522888,0.6890756302521008,0.9558232931726908,0.0055909906513988,0.28991596638655465
neg_mean_logprob (untrained),477,0.9578313253012049,0.6131182312965393,0.6876310272536688,0.9578313253012049,0.0055315191857516,0.2914046121593291
neg_mean_logprob (untrained),478,0.9598393574297188,0.6245306730270386,0.6882845188284519,0.9598393574297188,0.0052743139676749,0.2928870292887029
neg_mean_logprob (untrained),479,0.9618473895582329,0.6269359588623047,0.6889352818371608,0.9618473895582329,0.0052690524607896,0.29227557411273486
neg_mean_logprob (untrained),480,0.963855421686747,0.6293069124221802,0.6895833333333333,0.963855421686747,0.0052110208198428,0.2916666666666667
neg_mean_logprob (untrained),481,0.9658634538152611,0.6333009004592896,0.6902286902286903,0.9658634538152611,0.0049136984162032,0.2910602910602911
neg_mean_logprob (untrained),482,0.9678714859437751,0.6391169428825378,0.6908713692946058,0.9678714859437751,0.0047809490934014,0.2925311203319502
neg_mean_logprob (untrained),483,0.9698795180722891,0.6420906186103821,0.6915113871635611,0.9698795180722891,0.0047489325515925,0.2939958592132505
neg_mean_logprob (untrained),484,0.9718875502008032,0.6900978088378906,0.6921487603305785,0.9718875502008032,0.0043620481155812,0.29545454545454547
neg_mean_logprob (untrained),485,0.9738955823293173,0.6923970580101013,0.6927835051546392,0.9738955823293173,0.0042425668798387,0.2948453608247423
neg_mean_logprob (untrained),486,0.9759036144578314,0.6959580779075623,0.6934156378600823,0.9759036144578314,0.0041455957107245,0.2962962962962963
neg_mean_logprob (untrained),487,0.9779116465863453,0.6966893672943115,0.6940451745379876,0.9779116465863453,0.0041263955645263,0.29774127310061604
neg_mean_logprob (untrained),488,0.9799196787148594,0.7675856947898865,0.6926229508196722,0.9799196787148594,0.0040402081795036,0.29713114754098363
neg_mean_logprob (untrained),489,0.9819277108433735,0.7775245904922485,0.6932515337423313,0.9819277108433735,0.0039715683087706,0.2985685071574642
neg_mean_logprob (untrained),490,0.9839357429718876,0.7895889282226562,0.6918367346938775,0.9839357429718876,0.0038344385102391,0.3
neg_mean_logprob (untrained),491,0.9859437751004017,0.8439185619354248,0.6924643584521385,0.9859437751004017,0.0036276115570217,0.3014256619144603
neg_mean_logprob (untrained),492,0.9879518072289156,0.9227296710014344,0.693089430894309,0.9879518072289156,0.0032696779817342,0.30284552845528456
neg_mean_logprob (untrained),493,0.9899598393574297,0.9550504684448242,0.6937119675456389,0.9899598393574297,0.0031497327145189,0.30425963488843816
neg_mean_logprob (untrained),494,0.9919678714859438,1.0554770231246948,0.6923076923076923,0.9919678714859438,0.0028989720158278,0.305668016194332
neg_mean_logprob (untrained),495,0.9939759036144579,1.0733942985534668,0.6909090909090909,0.9939759036144579,0.0028122253715991,0.30707070707070705
neg_mean_logprob (untrained),496,0.9959839357429718,1.0753456354141235,0.6915322580645161,0.9959839357429718,0.0021658684127032,0.3084677419354839
neg_mean_logprob (untrained),497,0.9979919678714859,1.203958511352539,0.6901408450704225,0.9979919678714859,0.0020205664914101,0.30985915492957744
neg_mean_logprob (untrained),498,1.0,1.2286823987960815,0.6887550200803213,1.0,0.0017983803991228,0.3112449799196787
token_entropy (untrained),1,0.002008032128514056,0.0115022761747241,0.0,0.002008032128514056,0.720518171787262,0.0
token_entropy (untrained),2,0.004016064257028112,0.0131339021027088,0.0,0.004016064257028112,0.6738036274909973,0.0
token_entropy (untrained),3,0.006024096385542169,0.0144792580977082,0.0,0.006024096385542169,0.6335036158561707,0.0
token_entropy (untrained),4,0.008032128514056224,0.016201913356781,0.0,0.008032128514056224,0.6240018606185913,0.0
token_entropy (untrained),5,0.010040160642570281,0.0191690325736999,0.0,0.010040160642570281,0.6128871440887451,0.0
token_entropy (untrained),6,0.012048192771084338,0.020438976585865,0.0,0.012048192771084338,0.610620379447937,0.0
token_entropy (untrained),7,0.014056224899598393,0.0209246929734945,0.0,0.014056224899598393,0.6000024676322937,0.0
token_entropy (untrained),8,0.01606425702811245,0.0222840439528226,0.0,0.01606425702811245,0.5857227444648743,0.0
token_entropy (untrained),9,0.018072289156626505,0.0231488402932882,0.0,0.018072289156626505,0.5736978054046631,0.0
token_entropy (untrained),10,0.020080321285140562,0.0241664890199899,0.0,0.020080321285140562,0.5705835223197937,0.0
token_entropy (untrained),11,0.02208835341365462,0.0244268774986267,0.09090909090909091,0.02208835341365462,0.5701130032539368,0.0
token_entropy (untrained),12,0.024096385542168676,0.0245603453367948,0.08333333333333333,0.024096385542168676,0.5696125030517578,0.0
token_entropy (untrained),13,0.02610441767068273,0.0247179437428712,0.15384615384615385,0.02610441767068273,0.5681588649749756,0.0
token_entropy (untrained),14,0.028112449799196786,0.0247632134705781,0.14285714285714285,0.028112449799196786,0.5653701424598694,0.0
token_entropy (untrained),15,0.030120481927710843,0.0251278579235076,0.13333333333333333,0.030120481927710843,0.5643327236175537,0.0
token_entropy (untrained),16,0.0321285140562249,0.0265847891569137,0.125,0.0321285140562249,0.5586722493171692,0.0
token_entropy (untrained),17,0.03413654618473896,0.0272950530052185,0.11764705882352941,0.03413654618473896,0.5559560060501099,0.0
token_entropy (untrained),18,0.03614457831325301,0.0275955721735954,0.16666666666666666,0.03614457831325301,0.5540270805358887,0.0
token_entropy (untrained),19,0.03815261044176707,0.0278392881155014,0.21052631578947367,0.03815261044176707,0.5534635782241821,0.0
token_entropy (untrained),20,0.040160642570281124,0.0293422620743513,0.2,0.040160642570281124,0.5518481731414795,0.0
token_entropy (untrained),21,0.04216867469879518,0.0299007836729288,0.23809523809523808,0.04216867469879518,0.5436067581176758,0.0
token_entropy (untrained),22,0.04417670682730924,0.0300767347216606,0.22727272727272727,0.04417670682730924,0.5429898500442505,0.0
token_entropy (untrained),23,0.04618473895582329,0.0305806621909141,0.2608695652173913,0.04618473895582329,0.5405049324035645,0.0
token_entropy (untrained),24,0.04819277108433735,0.0312237814068794,0.25,0.04819277108433735,0.5393094420433044,0.0
token_entropy (untrained),25,0.050200803212851405,0.0316538102924823,0.24,0.050200803212851405,0.5348729491233826,0.0
token_entropy (untrained),26,0.05220883534136546,0.0324372090399265,0.23076923076923078,0.05220883534136546,0.5341553092002869,0.0
token_entropy (untrained),27,0.05421686746987952,0.0333251431584358,0.2222222222222222,0.05421686746987952,0.5276719927787781,0.0
token_entropy (untrained),28,0.05622489959839357,0.0335438288748264,0.21428571428571427,0.05622489959839357,0.5264433026313782,0.0
token_entropy (untrained),29,0.05823293172690763,0.0349063389003276,0.20689655172413793,0.05823293172690763,0.5211066603660583,0.0
token_entropy (untrained),30,0.060240963855421686,0.0354621596634388,0.2,0.060240963855421686,0.5143368244171143,0.0
token_entropy (untrained),31,0.06224899598393574,0.0371900200843811,0.1935483870967742,0.06224899598393574,0.5141367316246033,0.0
token_entropy (untrained),32,0.0642570281124498,0.0380013957619667,0.21875,0.0642570281124498,0.512541651725769,0.0
token_entropy (untrained),33,0.06626506024096386,0.0399189479649066,0.21212121212121213,0.06626506024096386,0.5119262337684631,0.0
token_entropy (untrained),34,0.06827309236947791,0.0422603301703929,0.23529411764705882,0.06827309236947791,0.5117087960243225,0.0
token_entropy (untrained),35,0.07028112449799197,0.0422610193490982,0.22857142857142856,0.07028112449799197,0.5094358325004578,0.0
token_entropy (untrained),36,0.07228915662650602,0.0437678433954715,0.25,0.07228915662650602,0.5093112587928772,0.0
token_entropy (untrained),37,0.07429718875502007,0.0448114015161991,0.24324324324324326,0.07429718875502007,0.509144127368927,0.0
token_entropy (untrained),38,0.07630522088353414,0.0461350008845329,0.23684210526315788,0.07630522088353414,0.5083852410316467,0.0
token_entropy (untrained),39,0.0783132530120482,0.0467499047517776,0.23076923076923078,0.0783132530120482,0.5072351694107056,0.0
token_entropy (untrained),40,0.08032128514056225,0.0476021952927112,0.225,0.08032128514056225,0.5069384574890137,0.0
token_entropy (untrained),41,0.0823293172690763,0.0491853207349777,0.21951219512195122,0.0823293172690763,0.5033721923828125,0.0
token_entropy (untrained),42,0.08433734939759036,0.0497314780950546,0.23809523809523808,0.08433734939759036,0.5005077123641968,0.0
token_entropy (untrained),43,0.08634538152610442,0.0504916049540042,0.23255813953488372,0.08634538152610442,0.4963283538818359,0.0
token_entropy (untrained),44,0.08835341365461848,0.0522198677062988,0.25,0.08835341365461848,0.4924669563770294,0.0
token_entropy (untrained),45,0.09036144578313253,0.0526253208518028,0.24444444444444444,0.09036144578313253,0.4907020926475525,0.0
token_entropy (untrained),46,0.09236947791164658,0.0564132034778595,0.2608695652173913,0.09236947791164658,0.4860865771770477,0.0
token_entropy (untrained),47,0.09437751004016064,0.0607992745935916,0.2553191489361702,0.09437751004016064,0.4848318099975586,0.0
token_entropy (untrained),48,0.0963855421686747,0.0627950206398963,0.25,0.0963855421686747,0.4787471890449524,0.020833333333333332
token_entropy (untrained),49,0.09839357429718876,0.0628907233476638,0.2653061224489796,0.09839357429718876,0.4764431416988373,0.02040816326530612
token_entropy (untrained),50,0.10040160642570281,0.0633857920765876,0.26,0.10040160642570281,0.4762535393238067,0.02
token_entropy (untrained),51,0.10240963855421686,0.0639473050832748,0.27450980392156865,0.10240963855421686,0.4748633801937103,0.0196078431372549
token_entropy (untrained),52,0.10441767068273092,0.0642700865864753,0.2692307692307692,0.10441767068273092,0.4700742959976196,0.019230769230769232
token_entropy (untrained),53,0.10642570281124498,0.0650969520211219,0.2641509433962264,0.10642570281124498,0.4695300757884979,0.018867924528301886
token_entropy (untrained),54,0.10843373493975904,0.0674271434545517,0.25925925925925924,0.10843373493975904,0.4678232967853546,0.018518518518518517
token_entropy (untrained),55,0.11044176706827309,0.0674305483698844,0.2727272727272727,0.11044176706827309,0.4671176373958587,0.01818181818181818
token_entropy (untrained),56,0.11244979919678715,0.0687621608376503,0.2857142857142857,0.11244979919678715,0.4650042951107025,0.017857142857142856
token_entropy (untrained),57,0.1144578313253012,0.0706861242651939,0.2807017543859649,0.1144578313253012,0.4640891551971435,0.03508771929824561
token_entropy (untrained),58,0.11646586345381527,0.0711384341120719,0.27586206896551724,0.11646586345381527,0.4620058238506317,0.034482758620689655
token_entropy (untrained),59,0.11847389558232932,0.0714476332068443,0.288135593220339,0.11847389558232932,0.4602983891963959,0.03389830508474576
token_entropy (untrained),60,0.12048192771084337,0.0743702501058578,0.3,0.12048192771084337,0.4597676992416382,0.03333333333333333
token_entropy (untrained),61,0.12248995983935743,0.0754939839243888,0.3114754098360656,0.12248995983935743,0.4582143127918243,0.03278688524590164
token_entropy (untrained),62,0.12449799196787148,0.075696013867855,0.3064516129032258,0.12449799196787148,0.4551335871219635,0.03225806451612903
token_entropy (untrained),63,0.12650602409638553,0.0761180073022842,0.30158730158730157,0.12650602409638553,0.4551171958446502,0.031746031746031744
token_entropy (untrained),64,0.1285140562248996,0.0763996243476867,0.296875,0.1285140562248996,0.4548037946224212,0.03125
token_entropy (untrained),65,0.13052208835341367,0.077515609562397,0.2923076923076923,0.13052208835341367,0.4540404677391052,0.03076923076923077
token_entropy (untrained),66,0.13253012048192772,0.0786721259355545,0.30303030303030304,0.13253012048192772,0.4540139138698578,0.030303030303030304
token_entropy (untrained),67,0.13453815261044177,0.0789778903126716,0.31343283582089554,0.13453815261044177,0.4537068605422973,0.029850746268656716
token_entropy (untrained),68,0.13654618473895583,0.0792768076062202,0.3088235294117647,0.13654618473895583,0.4459242224693298,0.029411764705882353
token_entropy (untrained),69,0.13855421686746988,0.0803161188960075,0.30434782608695654,0.13855421686746988,0.4440300166606903,0.028985507246376812
token_entropy (untrained),70,0.14056224899598393,0.0807022824883461,0.3,0.14056224899598393,0.4408464729785919,0.02857142857142857
token_entropy (untrained),71,0.142570281124498,0.0828078612685203,0.29577464788732394,0.142570281124498,0.4395845532417297,0.028169014084507043
token_entropy (untrained),72,0.14457831325301204,0.0832389071583747,0.2916666666666667,0.14457831325301204,0.4391734302043915,0.027777777777777776
token_entropy (untrained),73,0.1465863453815261,0.085298553109169,0.3013698630136986,0.1465863453815261,0.4390122890472412,0.0273972602739726
token_entropy (untrained),74,0.14859437751004015,0.0856901556253433,0.3108108108108108,0.14859437751004015,0.4389105141162872,0.02702702702702703
token_entropy (untrained),75,0.15060240963855423,0.0857453346252441,0.30666666666666664,0.15060240963855423,0.4380453526973724,0.02666666666666667
token_entropy (untrained),76,0.15261044176706828,0.0861194431781768,0.3026315789473684,0.15261044176706828,0.4346053004264831,0.02631578947368421
token_entropy (untrained),77,0.15461847389558234,0.0884391888976097,0.2987012987012987,0.15461847389558234,0.4315385520458221,0.025974025974025976
token_entropy (untrained),78,0.1566265060240964,0.0888378173112869,0.3076923076923077,0.1566265060240964,0.4308595657348633,0.02564102564102564
token_entropy (untrained),79,0.15863453815261044,0.0892752408981323,0.3037974683544304,0.15863453815261044,0.4307094216346741,0.02531645569620253
token_entropy (untrained),80,0.1606425702811245,0.0901825129985809,0.3,0.1606425702811245,0.4286516606807709,0.025
token_entropy (untrained),81,0.16265060240963855,0.0908451303839683,0.2962962962962963,0.16265060240963855,0.4279504120349884,0.037037037037037035
token_entropy (untrained),82,0.1646586345381526,0.091740146279335,0.2926829268292683,0.1646586345381526,0.4275928437709808,0.036585365853658534
token_entropy (untrained),83,0.16666666666666666,0.0918021574616432,0.30120481927710846,0.16666666666666666,0.4269048273563385,0.03614457831325301
token_entropy (untrained),84,0.1686746987951807,0.0921678096055984,0.2976190476190476,0.1686746987951807,0.426769882440567,0.03571428571428571
token_entropy (untrained),85,0.1706827309236948,0.0921990349888801,0.29411764705882354,0.1706827309236948,0.4264192879199981,0.03529411764705882
token_entropy (untrained),86,0.17269076305220885,0.0931228101253509,0.29069767441860467,0.17269076305220885,0.421225368976593,0.03488372093023256
token_entropy (untrained),87,0.1746987951807229,0.0941201150417327,0.2988505747126437,0.1746987951807229,0.4202836751937866,0.034482758620689655
token_entropy (untrained),88,0.17670682730923695,0.0947609171271324,0.3068181818181818,0.17670682730923695,0.4165782332420349,0.03409090909090909
token_entropy (untrained),89,0.178714859437751,0.0958902910351753,0.3146067415730337,0.178714859437751,0.4147519171237945,0.033707865168539325
token_entropy (untrained),90,0.18072289156626506,0.0977827757596969,0.3111111111111111,0.18072289156626506,0.4138308465480804,0.03333333333333333
token_entropy (untrained),91,0.1827309236947791,0.0993644222617149,0.3076923076923077,0.1827309236947791,0.4136740565299988,0.03296703296703297
token_entropy (untrained),92,0.18473895582329317,0.10235445946455,0.31521739130434784,0.18473895582329317,0.4133681356906891,0.043478260869565216
token_entropy (untrained),93,0.18674698795180722,0.1026528850197792,0.3118279569892473,0.18674698795180722,0.411191314458847,0.043010752688172046
token_entropy (untrained),94,0.18875502008032127,0.1031047478318214,0.30851063829787234,0.18875502008032127,0.4103242754936218,0.0425531914893617
token_entropy (untrained),95,0.19076305220883535,0.10355094820261,0.3157894736842105,0.19076305220883535,0.4087170362472534,0.042105263157894736
token_entropy (untrained),96,0.1927710843373494,0.105843037366867,0.3229166666666667,0.1927710843373494,0.4061121046543121,0.041666666666666664
token_entropy (untrained),97,0.19477911646586346,0.10732963681221,0.31958762886597936,0.19477911646586346,0.4050886332988739,0.041237113402061855
token_entropy (untrained),98,0.19678714859437751,0.1082875877618789,0.3163265306122449,0.19678714859437751,0.4047988057136535,0.05102040816326531
token_entropy (untrained),99,0.19879518072289157,0.108436532318592,0.32323232323232326,0.19879518072289157,0.4033417105674743,0.050505050505050504
token_entropy (untrained),100,0.20080321285140562,0.1086313351988792,0.33,0.20080321285140562,0.402262806892395,0.05
token_entropy (untrained),101,0.20281124497991967,0.1086529865860939,0.33663366336633666,0.20281124497991967,0.4018470346927643,0.04950495049504951
token_entropy (untrained),102,0.20481927710843373,0.1090489998459816,0.3333333333333333,0.20481927710843373,0.4015161395072937,0.049019607843137254
token_entropy (untrained),103,0.20682730923694778,0.1100325807929039,0.3300970873786408,0.20682730923694778,0.3995988368988037,0.04854368932038835
token_entropy (untrained),104,0.20883534136546184,0.1104498729109764,0.33653846153846156,0.20883534136546184,0.3988556265830993,0.04807692307692308
token_entropy (untrained),105,0.21084337349397592,0.1114319488406181,0.34285714285714286,0.21084337349397592,0.3984016180038452,0.047619047619047616
token_entropy (untrained),106,0.21285140562248997,0.115795187652111,0.33962264150943394,0.21285140562248997,0.3976212739944458,0.04716981132075472
token_entropy (untrained),107,0.21485943775100402,0.1168450638651847,0.3364485981308411,0.21485943775100402,0.3971047699451446,0.04672897196261682
token_entropy (untrained),108,0.21686746987951808,0.1188476085662841,0.3425925925925926,0.21686746987951808,0.3970320224761963,0.046296296296296294
token_entropy (untrained),109,0.21887550200803213,0.1191398799419403,0.3394495412844037,0.21887550200803213,0.3968049585819244,0.045871559633027525
token_entropy (untrained),110,0.22088353413654618,0.1195269450545311,0.33636363636363636,0.22088353413654618,0.3959355652332306,0.045454545454545456
token_entropy (untrained),111,0.22289156626506024,0.119637906551361,0.34234234234234234,0.22289156626506024,0.3951523303985595,0.04504504504504504
token_entropy (untrained),112,0.2248995983935743,0.1210644766688346,0.3392857142857143,0.2248995983935743,0.3939392864704132,0.044642857142857144
token_entropy (untrained),113,0.22690763052208834,0.1240480244159698,0.34513274336283184,0.22690763052208834,0.3925712704658508,0.04424778761061947
token_entropy (untrained),114,0.2289156626506024,0.1262712627649307,0.34210526315789475,0.2289156626506024,0.391232430934906,0.05263157894736842
token_entropy (untrained),115,0.23092369477911648,0.1275736838579177,0.34782608695652173,0.23092369477911648,0.3900099694728851,0.06086956521739131
token_entropy (untrained),116,0.23293172690763053,0.1299873292446136,0.35344827586206895,0.23293172690763053,0.3888996243476867,0.0603448275862069
token_entropy (untrained),117,0.23493975903614459,0.1339578479528427,0.358974358974359,0.23493975903614459,0.3884011805057525,0.05982905982905983
token_entropy (untrained),118,0.23694779116465864,0.1340511739253997,0.3644067796610169,0.23694779116465864,0.3880759179592132,0.059322033898305086
token_entropy (untrained),119,0.2389558232931727,0.1342475861310959,0.36134453781512604,0.2389558232931727,0.3879262208938598,0.058823529411764705
token_entropy (untrained),120,0.24096385542168675,0.1385945379734039,0.36666666666666664,0.24096385542168675,0.3864224553108215,0.06666666666666667
token_entropy (untrained),121,0.2429718875502008,0.1390775591135025,0.36363636363636365,0.2429718875502008,0.3851879239082336,0.06611570247933884
token_entropy (untrained),122,0.24497991967871485,0.1391025632619857,0.36885245901639346,0.24497991967871485,0.3828762769699096,0.06557377049180328
token_entropy (untrained),123,0.2469879518072289,0.1432101130485534,0.37398373983739835,0.2469879518072289,0.3823277056217193,0.07317073170731707
token_entropy (untrained),124,0.24899598393574296,0.147717535495758,0.3790322580645161,0.24899598393574296,0.3806491792201996,0.07258064516129033
token_entropy (untrained),125,0.25100401606425704,0.1494679450988769,0.384,0.25100401606425704,0.3805651068687439,0.072
token_entropy (untrained),126,0.25301204819277107,0.1512160450220108,0.3888888888888889,0.25301204819277107,0.3796502947807312,0.07142857142857142
token_entropy (untrained),127,0.25502008032128515,0.1540549248456955,0.3937007874015748,0.25502008032128515,0.3787331581115722,0.07086614173228346
token_entropy (untrained),128,0.2570281124497992,0.1549424678087234,0.3984375,0.2570281124497992,0.3781155049800873,0.0703125
token_entropy (untrained),129,0.25903614457831325,0.1565686017274856,0.3953488372093023,0.25903614457831325,0.3767912983894348,0.06976744186046512
token_entropy (untrained),130,0.26104417670682734,0.1577013880014419,0.4,0.26104417670682734,0.3760987520217895,0.06923076923076923
token_entropy (untrained),131,0.26305220883534136,0.1581801772117614,0.3969465648854962,0.26305220883534136,0.3751988112926483,0.06870229007633588
token_entropy (untrained),132,0.26506024096385544,0.1600927710533142,0.3939393939393939,0.26506024096385544,0.3751651346683502,0.07575757575757576
token_entropy (untrained),133,0.26706827309236947,0.1617787480354309,0.39849624060150374,0.26706827309236947,0.3747231960296631,0.08270676691729323
token_entropy (untrained),134,0.26907630522088355,0.1622485518455505,0.40298507462686567,0.26907630522088355,0.3742958903312683,0.08208955223880597
token_entropy (untrained),135,0.2710843373493976,0.1640305668115615,0.4,0.2710843373493976,0.3740089833736419,0.08148148148148149
token_entropy (untrained),136,0.27309236947791166,0.16410893201828,0.40441176470588236,0.27309236947791166,0.3739593029022217,0.08088235294117647
token_entropy (untrained),137,0.2751004016064257,0.1653618514537811,0.40875912408759124,0.2751004016064257,0.3733501136302948,0.08029197080291971
token_entropy (untrained),138,0.27710843373493976,0.166350707411766,0.4057971014492754,0.27710843373493976,0.3733320236206054,0.07971014492753623
token_entropy (untrained),139,0.2791164658634538,0.1695525199174881,0.41007194244604317,0.2791164658634538,0.3728492558002472,0.07913669064748201
token_entropy (untrained),140,0.28112449799196787,0.1702407300472259,0.40714285714285714,0.28112449799196787,0.3726397156715393,0.07857142857142857
token_entropy (untrained),141,0.28313253012048195,0.1714469641447067,0.40425531914893614,0.28313253012048195,0.3713287711143493,0.0851063829787234
token_entropy (untrained),142,0.285140562248996,0.1756530404090881,0.4084507042253521,0.285140562248996,0.3711485862731933,0.08450704225352113
token_entropy (untrained),143,0.28714859437751006,0.1758985519409179,0.4125874125874126,0.28714859437751006,0.3704566359519958,0.08391608391608392
token_entropy (untrained),144,0.2891566265060241,0.177239254117012,0.4097222222222222,0.2891566265060241,0.3692601919174194,0.09027777777777778
token_entropy (untrained),145,0.29116465863453816,0.1787134706974029,0.41379310344827586,0.29116465863453816,0.3671258985996246,0.0896551724137931
token_entropy (untrained),146,0.2931726907630522,0.1828159391880035,0.4178082191780822,0.2931726907630522,0.3666988611221313,0.08904109589041095
token_entropy (untrained),147,0.29518072289156627,0.1830623596906662,0.4217687074829932,0.29518072289156627,0.3660762906074524,0.08843537414965986
token_entropy (untrained),148,0.2971887550200803,0.1837598085403442,0.42567567567567566,0.2971887550200803,0.3655253052711487,0.0945945945945946
token_entropy (untrained),149,0.2991967871485944,0.1852509379386901,0.4228187919463087,0.2991967871485944,0.3647213876247406,0.09395973154362416
token_entropy (untrained),150,0.30120481927710846,0.1860637664794922,0.42,0.30120481927710846,0.3641166090965271,0.09333333333333334
token_entropy (untrained),151,0.3032128514056225,0.1882840991020202,0.41721854304635764,0.3032128514056225,0.3629630804061889,0.09271523178807947
token_entropy (untrained),152,0.30522088353413657,0.1886834055185318,0.42105263157894735,0.30522088353413657,0.3615621924400329,0.09210526315789473
token_entropy (untrained),153,0.3072289156626506,0.1898523122072219,0.42483660130718953,0.3072289156626506,0.3588406145572662,0.0915032679738562
token_entropy (untrained),154,0.3092369477911647,0.1899307072162628,0.42207792207792205,0.3092369477911647,0.3582766950130462,0.09090909090909091
token_entropy (untrained),155,0.3112449799196787,0.193069040775299,0.4258064516129032,0.3112449799196787,0.3575678169727325,0.09032258064516129
token_entropy (untrained),156,0.3132530120481928,0.1933850944042205,0.4230769230769231,0.3132530120481928,0.3558927178382873,0.08974358974358974
token_entropy (untrained),157,0.3152610441767068,0.1934427618980407,0.42038216560509556,0.3152610441767068,0.3553412556648254,0.08917197452229299
token_entropy (untrained),158,0.3172690763052209,0.1935033947229385,0.4177215189873418,0.3172690763052209,0.355335384607315,0.08860759493670886
token_entropy (untrained),159,0.3192771084337349,0.1942359805107116,0.41509433962264153,0.3192771084337349,0.3537828326225281,0.0880503144654088
token_entropy (untrained),160,0.321285140562249,0.1943133473396301,0.41875,0.321285140562249,0.35329270362854,0.09375
token_entropy (untrained),161,0.3232931726907631,0.1947799175977707,0.422360248447205,0.3232931726907631,0.3516226410865783,0.09316770186335403
token_entropy (untrained),162,0.3253012048192771,0.195170447230339,0.42592592592592593,0.3253012048192771,0.3510473668575287,0.09259259259259259
token_entropy (untrained),163,0.3273092369477912,0.196656733751297,0.4294478527607362,0.3273092369477912,0.3502818048000335,0.09202453987730061
token_entropy (untrained),164,0.3293172690763052,0.199284479022026,0.4329268292682927,0.3293172690763052,0.350138783454895,0.09146341463414634
token_entropy (untrained),165,0.3313253012048193,0.2002784460783004,0.4303030303030303,0.3313253012048193,0.3479014039039612,0.09696969696969697
token_entropy (untrained),166,0.3333333333333333,0.2028587013483047,0.43373493975903615,0.3333333333333333,0.3467702269554138,0.0963855421686747
token_entropy (untrained),167,0.3353413654618474,0.2046048492193222,0.437125748502994,0.3353413654618474,0.3464643657207489,0.09580838323353294
token_entropy (untrained),168,0.3373493975903614,0.205915167927742,0.44047619047619047,0.3373493975903614,0.3463023602962494,0.09523809523809523
token_entropy (untrained),169,0.3393574297188755,0.2093551605939865,0.4437869822485207,0.3393574297188755,0.3452973961830139,0.09467455621301775
token_entropy (untrained),170,0.3413654618473896,0.2095171064138412,0.4411764705882353,0.3413654618473896,0.3450646996498108,0.09411764705882353
token_entropy (untrained),171,0.3433734939759036,0.2100959718227386,0.4444444444444444,0.3433734939759036,0.3446784019470215,0.0935672514619883
token_entropy (untrained),172,0.3453815261044177,0.2109437733888626,0.4418604651162791,0.3453815261044177,0.3441919386386871,0.09302325581395349
token_entropy (untrained),173,0.3473895582329317,0.2121491879224777,0.4393063583815029,0.3473895582329317,0.3440527617931366,0.09826589595375723
token_entropy (untrained),174,0.3493975903614458,0.2136143893003463,0.4367816091954023,0.3493975903614458,0.3436183035373688,0.09770114942528736
token_entropy (untrained),175,0.3514056224899598,0.2139479517936706,0.44,0.3514056224899598,0.3434680700302124,0.10285714285714286
token_entropy (untrained),176,0.3534136546184739,0.2194563448429107,0.4431818181818182,0.3534136546184739,0.3420684039592743,0.10227272727272728
token_entropy (untrained),177,0.35542168674698793,0.2195428162813186,0.4463276836158192,0.35542168674698793,0.3419836759567261,0.1016949152542373
token_entropy (untrained),178,0.357429718875502,0.2197204828262329,0.449438202247191,0.357429718875502,0.3401395082473755,0.10112359550561797
token_entropy (untrained),179,0.35943775100401604,0.2216030806303024,0.45251396648044695,0.35943775100401604,0.3374213576316833,0.10614525139664804
token_entropy (untrained),180,0.3614457831325301,0.2220343500375747,0.45555555555555555,0.3614457831325301,0.3373398184776306,0.10555555555555556
token_entropy (untrained),181,0.3634538152610442,0.2223588675260543,0.4585635359116022,0.3634538152610442,0.3366628885269165,0.10497237569060773
token_entropy (untrained),182,0.3654618473895582,0.2225821018218994,0.45604395604395603,0.3654618473895582,0.3366540968418121,0.1043956043956044
token_entropy (untrained),183,0.3674698795180723,0.2229170054197311,0.453551912568306,0.3674698795180723,0.3363152742385864,0.10382513661202186
token_entropy (untrained),184,0.36947791164658633,0.2248207181692123,0.45108695652173914,0.36947791164658633,0.3362630605697632,0.10326086956521739
token_entropy (untrained),185,0.3714859437751004,0.2248570472002029,0.4540540540540541,0.3714859437751004,0.3353497087955475,0.10270270270270271
token_entropy (untrained),186,0.37349397590361444,0.2277781963348388,0.45161290322580644,0.37349397590361444,0.3344961106777191,0.10215053763440861
token_entropy (untrained),187,0.3755020080321285,0.2295027822256088,0.45454545454545453,0.3755020080321285,0.3305243551731109,0.10160427807486631
token_entropy (untrained),188,0.37751004016064255,0.2316770851612091,0.4521276595744681,0.37751004016064255,0.3287960290908813,0.10106382978723404
token_entropy (untrained),189,0.3795180722891566,0.2338578104972839,0.4497354497354497,0.3795180722891566,0.3285391330718994,0.10052910052910052
token_entropy (untrained),190,0.3815261044176707,0.2341230064630508,0.45263157894736844,0.3815261044176707,0.3275429606437683,0.1
token_entropy (untrained),191,0.38353413654618473,0.2345232665538787,0.45549738219895286,0.38353413654618473,0.3249498307704925,0.09947643979057591
token_entropy (untrained),192,0.3855421686746988,0.2357435822486877,0.4583333333333333,0.3855421686746988,0.3246758580207824,0.09895833333333333
token_entropy (untrained),193,0.38755020080321284,0.2357912808656692,0.46113989637305697,0.38755020080321284,0.3234328031539917,0.09844559585492228
token_entropy (untrained),194,0.3895582329317269,0.2359617799520492,0.4587628865979381,0.3895582329317269,0.321660429239273,0.0979381443298969
token_entropy (untrained),195,0.39156626506024095,0.2361200004816055,0.46153846153846156,0.39156626506024095,0.3215616345405578,0.09743589743589744
token_entropy (untrained),196,0.39357429718875503,0.2381837666034698,0.4642857142857143,0.39357429718875503,0.3213163316249847,0.10204081632653061
token_entropy (untrained),197,0.39558232931726905,0.239061176776886,0.467005076142132,0.39558232931726905,0.3202479481697082,0.10152284263959391
token_entropy (untrained),198,0.39759036144578314,0.2403749823570251,0.4696969696969697,0.39759036144578314,0.3199273645877838,0.10101010101010101
token_entropy (untrained),199,0.39959839357429716,0.241901621222496,0.46733668341708545,0.39959839357429716,0.3183078169822693,0.10552763819095477
token_entropy (untrained),200,0.40160642570281124,0.2420059293508529,0.465,0.40160642570281124,0.3181565105915069,0.105
token_entropy (untrained),201,0.4036144578313253,0.2424632757902145,0.4626865671641791,0.4036144578313253,0.3171840310096741,0.1044776119402985
token_entropy (untrained),202,0.40562248995983935,0.2434515953063964,0.4603960396039604,0.40562248995983935,0.3169775903224945,0.10396039603960396
token_entropy (untrained),203,0.40763052208835343,0.2437094449996948,0.4630541871921182,0.40763052208835343,0.3155846893787384,0.10837438423645321
token_entropy (untrained),204,0.40963855421686746,0.2466254383325576,0.46568627450980393,0.40963855421686746,0.3155288696289062,0.10784313725490197
token_entropy (untrained),205,0.41164658634538154,0.2477835565805435,0.4634146341463415,0.41164658634538154,0.3148698210716247,0.11219512195121951
token_entropy (untrained),206,0.41365461847389556,0.2484029978513717,0.46116504854368934,0.41365461847389556,0.314196914434433,0.11165048543689321
token_entropy (untrained),207,0.41566265060240964,0.2486822456121444,0.45893719806763283,0.41566265060240964,0.3134615123271942,0.1111111111111111
token_entropy (untrained),208,0.41767068273092367,0.2490185350179672,0.46153846153846156,0.41767068273092367,0.3128159642219543,0.11057692307692307
token_entropy (untrained),209,0.41967871485943775,0.24908147752285,0.45933014354066987,0.41967871485943775,0.3115108013153076,0.11004784688995216
token_entropy (untrained),210,0.42168674698795183,0.2496086955070495,0.46190476190476193,0.42168674698795183,0.3114278614521026,0.10952380952380952
token_entropy (untrained),211,0.42369477911646586,0.2502782940864563,0.46445497630331756,0.42369477911646586,0.3095616996288299,0.10900473933649289
token_entropy (untrained),212,0.42570281124497994,0.2507033050060272,0.4669811320754717,0.42570281124497994,0.3092175722122192,0.10849056603773585
token_entropy (untrained),213,0.42771084337349397,0.2515029311180115,0.4647887323943662,0.42771084337349397,0.3076385259628296,0.107981220657277
token_entropy (untrained),214,0.42971887550200805,0.25187948346138,0.4672897196261682,0.42971887550200805,0.3070521056652069,0.10747663551401869
token_entropy (untrained),215,0.43172690763052207,0.2531395852565765,0.46511627906976744,0.43172690763052207,0.3068276345729828,0.10697674418604651
token_entropy (untrained),216,0.43373493975903615,0.2533254623413086,0.4675925925925926,0.43373493975903615,0.3057685196399688,0.10648148148148148
token_entropy (untrained),217,0.4357429718875502,0.2534986436367035,0.4700460829493088,0.4357429718875502,0.3056789040565491,0.10599078341013825
token_entropy (untrained),218,0.43775100401606426,0.2539068460464477,0.46788990825688076,0.43775100401606426,0.3055574595928192,0.10550458715596331
token_entropy (untrained),219,0.4397590361445783,0.2539140880107879,0.4703196347031963,0.4397590361445783,0.3055495917797088,0.1050228310502283
token_entropy (untrained),220,0.44176706827309237,0.2541826069355011,0.4681818181818182,0.44176706827309237,0.305120050907135,0.10454545454545454
token_entropy (untrained),221,0.44377510040160645,0.2542880475521087,0.47058823529411764,0.44377510040160645,0.3035705387592315,0.1085972850678733
token_entropy (untrained),222,0.4457831325301205,0.2561648190021515,0.47297297297297297,0.4457831325301205,0.3025398850440979,0.10810810810810811
token_entropy (untrained),223,0.44779116465863456,0.2583002150058746,0.47533632286995514,0.44779116465863456,0.3021594285964966,0.10762331838565023
token_entropy (untrained),224,0.4497991967871486,0.2590462565422058,0.47767857142857145,0.4497991967871486,0.3015531897544861,0.10714285714285714
token_entropy (untrained),225,0.45180722891566266,0.2595420181751251,0.48,0.45180722891566266,0.3012149333953857,0.10666666666666667
token_entropy (untrained),226,0.4538152610441767,0.2595919370651245,0.4823008849557522,0.4538152610441767,0.299846351146698,0.11061946902654868
token_entropy (untrained),227,0.45582329317269077,0.2597566246986389,0.4845814977973568,0.45582329317269077,0.2997792065143585,0.11013215859030837
token_entropy (untrained),228,0.4578313253012048,0.2598838806152344,0.4824561403508772,0.4578313253012048,0.2993131577968597,0.10964912280701754
token_entropy (untrained),229,0.4598393574297189,0.2639231085777282,0.4847161572052402,0.4598393574297189,0.2973773181438446,0.11353711790393013
token_entropy (untrained),230,0.46184738955823296,0.2639398872852325,0.48695652173913045,0.46184738955823296,0.2973356544971466,0.11304347826086956
token_entropy (untrained),231,0.463855421686747,0.2645969688892364,0.48484848484848486,0.463855421686747,0.2943600714206695,0.11255411255411256
token_entropy (untrained),232,0.46586345381526106,0.2652315497398376,0.4827586206896552,0.46586345381526106,0.2924566566944122,0.11206896551724138
token_entropy (untrained),233,0.4678714859437751,0.2665268182754516,0.48068669527896996,0.4678714859437751,0.2924259305000305,0.11158798283261803
token_entropy (untrained),234,0.46987951807228917,0.2687409222126007,0.4829059829059829,0.46987951807228917,0.291617751121521,0.1111111111111111
token_entropy (untrained),235,0.4718875502008032,0.2694639265537262,0.4851063829787234,0.4718875502008032,0.2897931337356567,0.11063829787234042
token_entropy (untrained),236,0.4738955823293173,0.2706485390663147,0.4872881355932203,0.4738955823293173,0.28910893201828,0.11016949152542373
token_entropy (untrained),237,0.4759036144578313,0.2712346911430359,0.48945147679324896,0.4759036144578313,0.2881025671958923,0.10970464135021098
token_entropy (untrained),238,0.4779116465863454,0.2729186415672302,0.49159663865546216,0.4779116465863454,0.287647008895874,0.1092436974789916
token_entropy (untrained),239,0.4799196787148594,0.2730815708637237,0.4895397489539749,0.4799196787148594,0.2872373759746551,0.1087866108786611
token_entropy (untrained),240,0.4819277108433735,0.2733907699584961,0.49166666666666664,0.4819277108433735,0.2869148254394531,0.10833333333333334
token_entropy (untrained),241,0.4839357429718876,0.2735661566257477,0.49377593360995853,0.4839357429718876,0.2861965000629425,0.1078838174273859
token_entropy (untrained),242,0.4859437751004016,0.2738337814807892,0.49586776859504134,0.4859437751004016,0.2858785092830658,0.10743801652892562
token_entropy (untrained),243,0.4879518072289157,0.2742565870285034,0.49794238683127573,0.4879518072289157,0.2853328585624695,0.1111111111111111
token_entropy (untrained),244,0.4899598393574297,0.2742904424667358,0.4959016393442623,0.4899598393574297,0.2852154374122619,0.11065573770491803
token_entropy (untrained),245,0.4919678714859438,0.2745308876037597,0.49387755102040815,0.4919678714859438,0.2849838733673095,0.11020408163265306
token_entropy (untrained),246,0.4939759036144578,0.2756415903568268,0.491869918699187,0.4939759036144578,0.2824804186820984,0.11382113821138211
token_entropy (untrained),247,0.4959839357429719,0.2758347392082214,0.4898785425101215,0.4959839357429719,0.2808205485343933,0.11336032388663968
token_entropy (untrained),248,0.4979919678714859,0.2767043709754944,0.4879032258064516,0.4979919678714859,0.27797931432724,0.11290322580645161
token_entropy (untrained),249,0.5,0.2774378359317779,0.4899598393574297,0.5,0.2778550088405609,0.11244979919678715
token_entropy (untrained),250,0.5020080321285141,0.2778550088405609,0.492,0.5020080321285141,0.2774378359317779,0.112
token_entropy (untrained),251,0.5040160642570282,0.27797931432724,0.4940239043824701,0.5040160642570282,0.2767043709754944,0.11553784860557768
token_entropy (untrained),252,0.5060240963855421,0.2808205485343933,0.49603174603174605,0.5060240963855421,0.2758347392082214,0.11904761904761904
token_entropy (untrained),253,0.5080321285140562,0.2824804186820984,0.49407114624505927,0.5080321285140562,0.2756415903568268,0.1225296442687747
token_entropy (untrained),254,0.5100401606425703,0.2849838733673095,0.49606299212598426,0.5100401606425703,0.2745308876037597,0.12598425196850394
token_entropy (untrained),255,0.5120481927710844,0.2852154374122619,0.4980392156862745,0.5120481927710844,0.2742904424667358,0.12941176470588237
token_entropy (untrained),256,0.5140562248995983,0.2853328585624695,0.49609375,0.5140562248995983,0.2742565870285034,0.12890625
token_entropy (untrained),257,0.5160642570281124,0.2858785092830658,0.4980544747081712,0.5160642570281124,0.2738337814807892,0.12840466926070038
token_entropy (untrained),258,0.5180722891566265,0.2861965000629425,0.5,0.5180722891566265,0.2735661566257477,0.12790697674418605
token_entropy (untrained),259,0.5200803212851406,0.2869148254394531,0.5019305019305019,0.5200803212851406,0.2733907699584961,0.1274131274131274
token_entropy (untrained),260,0.5220883534136547,0.2872373759746551,0.5038461538461538,0.5220883534136547,0.2730815708637237,0.13076923076923078
token_entropy (untrained),261,0.5240963855421686,0.287647008895874,0.5057471264367817,0.5240963855421686,0.2729186415672302,0.13026819923371646
token_entropy (untrained),262,0.5261044176706827,0.2881025671958923,0.5076335877862596,0.5261044176706827,0.2712346911430359,0.1297709923664122
token_entropy (untrained),263,0.5281124497991968,0.28910893201828,0.5095057034220533,0.5281124497991968,0.2706485390663147,0.12927756653992395
token_entropy (untrained),264,0.5301204819277109,0.2897931337356567,0.5113636363636364,0.5301204819277109,0.2694639265537262,0.12878787878787878
token_entropy (untrained),265,0.5321285140562249,0.291617751121521,0.5132075471698113,0.5321285140562249,0.2687409222126007,0.12830188679245283
token_entropy (untrained),266,0.5341365461847389,0.2924259305000305,0.5150375939849624,0.5341365461847389,0.2665268182754516,0.13157894736842105
token_entropy (untrained),267,0.536144578313253,0.2924566566944122,0.5168539325842697,0.536144578313253,0.2652315497398376,0.1348314606741573
token_entropy (untrained),268,0.5381526104417671,0.2943600714206695,0.5186567164179104,0.5381526104417671,0.2645969688892364,0.13805970149253732
token_entropy (untrained),269,0.5401606425702812,0.2973356544971466,0.5204460966542751,0.5401606425702812,0.2639398872852325,0.137546468401487
token_entropy (untrained),270,0.5421686746987951,0.2973773181438446,0.5185185185185185,0.5421686746987951,0.2639231085777282,0.13703703703703704
token_entropy (untrained),271,0.5441767068273092,0.2993131577968597,0.5202952029520295,0.5441767068273092,0.2598838806152344,0.14022140221402213
token_entropy (untrained),272,0.5461847389558233,0.2997792065143585,0.5220588235294118,0.5461847389558233,0.2597566246986389,0.13970588235294118
token_entropy (untrained),273,0.5481927710843374,0.299846351146698,0.5201465201465202,0.5481927710843374,0.2595919370651245,0.1391941391941392
token_entropy (untrained),274,0.5502008032128514,0.3012149333953857,0.5218978102189781,0.5502008032128514,0.2595420181751251,0.1386861313868613
token_entropy (untrained),275,0.5522088353413654,0.3015531897544861,0.5236363636363637,0.5522088353413654,0.2590462565422058,0.13818181818181818
token_entropy (untrained),276,0.5542168674698795,0.3021594285964966,0.5253623188405797,0.5542168674698795,0.2583002150058746,0.13768115942028986
token_entropy (untrained),277,0.5562248995983936,0.3025398850440979,0.5270758122743683,0.5562248995983936,0.2561648190021515,0.1371841155234657
token_entropy (untrained),278,0.5582329317269076,0.3035705387592315,0.5251798561151079,0.5582329317269076,0.2542880475521087,0.1366906474820144
token_entropy (untrained),279,0.5602409638554217,0.305120050907135,0.5268817204301075,0.5602409638554217,0.2541826069355011,0.13978494623655913
token_entropy (untrained),280,0.5622489959839357,0.3055495917797088,0.5285714285714286,0.5622489959839357,0.2539140880107879,0.1392857142857143
token_entropy (untrained),281,0.5642570281124498,0.3055574595928192,0.5302491103202847,0.5642570281124498,0.2539068460464477,0.1423487544483986
token_entropy (untrained),282,0.5662650602409639,0.3056789040565491,0.5319148936170213,0.5662650602409639,0.2534986436367035,0.14184397163120568
token_entropy (untrained),283,0.5682730923694779,0.3057685196399688,0.5335689045936396,0.5682730923694779,0.2533254623413086,0.1413427561837456
token_entropy (untrained),284,0.570281124497992,0.3068276345729828,0.5352112676056338,0.570281124497992,0.2531395852565765,0.1443661971830986
token_entropy (untrained),285,0.572289156626506,0.3070521056652069,0.5368421052631579,0.572289156626506,0.25187948346138,0.14385964912280702
token_entropy (untrained),286,0.5742971887550201,0.3076385259628296,0.5384615384615384,0.5742971887550201,0.2515029311180115,0.14685314685314685
token_entropy (untrained),287,0.5763052208835341,0.3092175722122192,0.5400696864111498,0.5763052208835341,0.2507033050060272,0.14634146341463414
token_entropy (untrained),288,0.5783132530120482,0.3095616996288299,0.5416666666666666,0.5783132530120482,0.2502782940864563,0.14583333333333334
token_entropy (untrained),289,0.5803212851405622,0.3114278614521026,0.5432525951557093,0.5803212851405622,0.2496086955070495,0.1453287197231834
token_entropy (untrained),290,0.5823293172690763,0.3115108013153076,0.5448275862068965,0.5823293172690763,0.24908147752285,0.1482758620689655
token_entropy (untrained),291,0.5843373493975904,0.3128159642219543,0.5463917525773195,0.5843373493975904,0.2490185350179672,0.14776632302405499
token_entropy (untrained),292,0.5863453815261044,0.3134615123271942,0.547945205479452,0.5863453815261044,0.2486822456121444,0.1506849315068493
token_entropy (untrained),293,0.5883534136546185,0.314196914434433,0.5494880546075085,0.5883534136546185,0.2484029978513717,0.15358361774744028
token_entropy (untrained),294,0.5903614457831325,0.3148698210716247,0.5476190476190477,0.5903614457831325,0.2477835565805435,0.1564625850340136
token_entropy (untrained),295,0.5923694779116466,0.3155288696289062,0.5491525423728814,0.5923694779116466,0.2466254383325576,0.15593220338983052
token_entropy (untrained),296,0.5943775100401606,0.3155846893787384,0.5472972972972973,0.5943775100401606,0.2437094449996948,0.1554054054054054
token_entropy (untrained),297,0.5963855421686747,0.3169775903224945,0.5488215488215489,0.5963855421686747,0.2434515953063964,0.15824915824915825
token_entropy (untrained),298,0.5983935742971888,0.3171840310096741,0.5503355704697986,0.5983935742971888,0.2424632757902145,0.1610738255033557
token_entropy (untrained),299,0.6004016064257028,0.3181565105915069,0.5518394648829431,0.6004016064257028,0.2420059293508529,0.16387959866220736
token_entropy (untrained),300,0.6024096385542169,0.3183078169822693,0.55,0.6024096385542169,0.241901621222496,0.16666666666666666
token_entropy (untrained),301,0.6044176706827309,0.3199273645877838,0.5514950166112956,0.6044176706827309,0.2403749823570251,0.16611295681063123
token_entropy (untrained),302,0.606425702811245,0.3202479481697082,0.5529801324503312,0.606425702811245,0.239061176776886,0.16556291390728478
token_entropy (untrained),303,0.608433734939759,0.3213163316249847,0.5511551155115512,0.608433734939759,0.2381837666034698,0.16501650165016502
token_entropy (untrained),304,0.6104417670682731,0.3215616345405578,0.5526315789473685,0.6104417670682731,0.2361200004816055,0.16447368421052633
token_entropy (untrained),305,0.6124497991967871,0.321660429239273,0.5540983606557377,0.6124497991967871,0.2359617799520492,0.16721311475409836
token_entropy (untrained),306,0.6144578313253012,0.3234328031539917,0.5555555555555556,0.6144578313253012,0.2357912808656692,0.16666666666666666
token_entropy (untrained),307,0.6164658634538153,0.3246758580207824,0.5570032573289903,0.6164658634538153,0.2357435822486877,0.16612377850162866
token_entropy (untrained),308,0.6184738955823293,0.3249498307704925,0.5584415584415584,0.6184738955823293,0.2345232665538787,0.16558441558441558
token_entropy (untrained),309,0.6204819277108434,0.3275429606437683,0.5598705501618123,0.6204819277108434,0.2341230064630508,0.1650485436893204
token_entropy (untrained),310,0.6224899598393574,0.3285391330718994,0.5612903225806452,0.6224899598393574,0.2338578104972839,0.16774193548387098
token_entropy (untrained),311,0.6244979919678715,0.3287960290908813,0.5627009646302251,0.6244979919678715,0.2316770851612091,0.17041800643086816
token_entropy (untrained),312,0.6265060240963856,0.3305243551731109,0.5641025641025641,0.6265060240963856,0.2295027822256088,0.16987179487179488
token_entropy (untrained),313,0.6285140562248996,0.3344961106777191,0.5654952076677316,0.6285140562248996,0.2277781963348388,0.17252396166134185
token_entropy (untrained),314,0.6305220883534136,0.3353497087955475,0.5668789808917197,0.6305220883534136,0.2248570472002029,0.17197452229299362
token_entropy (untrained),315,0.6325301204819277,0.3362630605697632,0.5682539682539682,0.6325301204819277,0.2248207181692123,0.1746031746031746
token_entropy (untrained),316,0.6345381526104418,0.3363152742385864,0.569620253164557,0.6345381526104418,0.2229170054197311,0.17721518987341772
token_entropy (untrained),317,0.6365461847389559,0.3366540968418121,0.5709779179810726,0.6365461847389559,0.2225821018218994,0.17981072555205047
token_entropy (untrained),318,0.6385542168674698,0.3366628885269165,0.5723270440251572,0.6385542168674698,0.2223588675260543,0.1792452830188679
token_entropy (untrained),319,0.6405622489959839,0.3373398184776306,0.5736677115987461,0.6405622489959839,0.2220343500375747,0.1786833855799373
token_entropy (untrained),320,0.642570281124498,0.3374213576316833,0.571875,0.642570281124498,0.2216030806303024,0.178125
token_entropy (untrained),321,0.6445783132530121,0.3401395082473755,0.573208722741433,0.6445783132530121,0.2197204828262329,0.17757009345794392
token_entropy (untrained),322,0.6465863453815262,0.3419836759567261,0.5745341614906833,0.6465863453815262,0.2195428162813186,0.17701863354037267
token_entropy (untrained),323,0.6485943775100401,0.3420684039592743,0.5758513931888545,0.6485943775100401,0.2194563448429107,0.17647058823529413
token_entropy (untrained),324,0.6506024096385542,0.3434680700302124,0.5740740740740741,0.6506024096385542,0.2139479517936706,0.17592592592592593
token_entropy (untrained),325,0.6526104417670683,0.3436183035373688,0.5753846153846154,0.6526104417670683,0.2136143893003463,0.17846153846153845
token_entropy (untrained),326,0.6546184738955824,0.3440527617931366,0.5736196319018405,0.6546184738955824,0.2121491879224777,0.18098159509202455
token_entropy (untrained),327,0.6566265060240963,0.3441919386386871,0.5749235474006116,0.6566265060240963,0.2109437733888626,0.1834862385321101
token_entropy (untrained),328,0.6586345381526104,0.3446784019470215,0.5762195121951219,0.6586345381526104,0.2100959718227386,0.18292682926829268
token_entropy (untrained),329,0.6606425702811245,0.3450646996498108,0.5775075987841946,0.6606425702811245,0.2095171064138412,0.18541033434650456
token_entropy (untrained),330,0.6626506024096386,0.3452973961830139,0.5787878787878787,0.6626506024096386,0.2093551605939865,0.18484848484848485
token_entropy (untrained),331,0.6646586345381527,0.3463023602962494,0.5800604229607251,0.6646586345381527,0.205915167927742,0.18429003021148035
token_entropy (untrained),332,0.6666666666666666,0.3464643657207489,0.5813253012048193,0.6666666666666666,0.2046048492193222,0.18373493975903615
token_entropy (untrained),333,0.6686746987951807,0.3467702269554138,0.5825825825825826,0.6686746987951807,0.2028587013483047,0.1831831831831832
token_entropy (untrained),334,0.6706827309236948,0.3479014039039612,0.5808383233532934,0.6706827309236948,0.2002784460783004,0.18562874251497005
token_entropy (untrained),335,0.6726907630522089,0.350138783454895,0.582089552238806,0.6726907630522089,0.199284479022026,0.18507462686567164
token_entropy (untrained),336,0.6746987951807228,0.3502818048000335,0.5833333333333334,0.6746987951807228,0.196656733751297,0.18452380952380953
token_entropy (untrained),337,0.6767068273092369,0.3510473668575287,0.5845697329376854,0.6767068273092369,0.195170447230339,0.18397626112759644
token_entropy (untrained),338,0.678714859437751,0.3516226410865783,0.5857988165680473,0.678714859437751,0.1947799175977707,0.1834319526627219
token_entropy (untrained),339,0.6807228915662651,0.35329270362854,0.584070796460177,0.6807228915662651,0.1943133473396301,0.18289085545722714
token_entropy (untrained),340,0.6827309236947792,0.3537828326225281,0.5852941176470589,0.6827309236947792,0.1942359805107116,0.18529411764705883
token_entropy (untrained),341,0.6847389558232931,0.355335384607315,0.5865102639296188,0.6847389558232931,0.1935033947229385,0.187683284457478
token_entropy (untrained),342,0.6867469879518072,0.3553412556648254,0.5877192982456141,0.6867469879518072,0.1934427618980407,0.19005847953216373
token_entropy (untrained),343,0.6887550200803213,0.3558927178382873,0.5889212827988338,0.6887550200803213,0.1933850944042205,0.1924198250728863
token_entropy (untrained),344,0.6907630522088354,0.3575678169727325,0.5901162790697675,0.6907630522088354,0.193069040775299,0.19186046511627908
token_entropy (untrained),345,0.6927710843373494,0.3582766950130462,0.591304347826087,0.6927710843373494,0.1899307072162628,0.19420289855072465
token_entropy (untrained),346,0.6947791164658634,0.3588406145572662,0.5924855491329479,0.6947791164658634,0.1898523122072219,0.1936416184971098
token_entropy (untrained),347,0.6967871485943775,0.3615621924400329,0.5936599423631124,0.6967871485943775,0.1886834055185318,0.1930835734870317
token_entropy (untrained),348,0.6987951807228916,0.3629630804061889,0.5948275862068966,0.6987951807228916,0.1882840991020202,0.19540229885057472
token_entropy (untrained),349,0.7008032128514057,0.3641166090965271,0.5959885386819485,0.7008032128514057,0.1860637664794922,0.1977077363896848
token_entropy (untrained),350,0.7028112449799196,0.3647213876247406,0.5971428571428572,0.7028112449799196,0.1852509379386901,0.2
token_entropy (untrained),351,0.7048192771084337,0.3655253052711487,0.5954415954415955,0.7048192771084337,0.1837598085403442,0.19943019943019943
token_entropy (untrained),352,0.7068273092369478,0.3660762906074524,0.5965909090909091,0.7068273092369478,0.1830623596906662,0.19886363636363635
token_entropy (untrained),353,0.7088353413654619,0.3666988611221313,0.5977337110481586,0.7088353413654619,0.1828159391880035,0.19830028328611898
token_entropy (untrained),354,0.7108433734939759,0.3671258985996246,0.5988700564971752,0.7108433734939759,0.1787134706974029,0.1977401129943503
token_entropy (untrained),355,0.7128514056224899,0.3692601919174194,0.5971830985915493,0.7128514056224899,0.177239254117012,0.2
token_entropy (untrained),356,0.714859437751004,0.3704566359519958,0.598314606741573,0.714859437751004,0.1758985519409179,0.199438202247191
token_entropy (untrained),357,0.7168674698795181,0.3711485862731933,0.5994397759103641,0.7168674698795181,0.1756530404090881,0.19887955182072828
token_entropy (untrained),358,0.7188755020080321,0.3713287711143493,0.5977653631284916,0.7188755020080321,0.1714469641447067,0.2011173184357542
token_entropy (untrained),359,0.7208835341365462,0.3726397156715393,0.5988857938718662,0.7208835341365462,0.1702407300472259,0.20334261838440112
token_entropy (untrained),360,0.7228915662650602,0.3728492558002472,0.6,0.7228915662650602,0.1695525199174881,0.20277777777777778
token_entropy (untrained),361,0.7248995983935743,0.3733320236206054,0.6011080332409973,0.7248995983935743,0.166350707411766,0.20498614958448755
token_entropy (untrained),362,0.7269076305220884,0.3733501136302948,0.6022099447513812,0.7269076305220884,0.1653618514537811,0.20441988950276244
token_entropy (untrained),363,0.7289156626506024,0.3739593029022217,0.6033057851239669,0.7289156626506024,0.16410893201828,0.20385674931129477
token_entropy (untrained),364,0.7309236947791165,0.3740089833736419,0.6043956043956044,0.7309236947791165,0.1640305668115615,0.20604395604395603
token_entropy (untrained),365,0.7329317269076305,0.3742958903312683,0.6054794520547945,0.7329317269076305,0.1622485518455505,0.2054794520547945
token_entropy (untrained),366,0.7349397590361446,0.3747231960296631,0.6038251366120219,0.7349397590361446,0.1617787480354309,0.20491803278688525
token_entropy (untrained),367,0.7369477911646586,0.3751651346683502,0.6021798365122616,0.7369477911646586,0.1600927710533142,0.20708446866485014
token_entropy (untrained),368,0.7389558232931727,0.3751988112926483,0.6032608695652174,0.7389558232931727,0.1581801772117614,0.20923913043478262
token_entropy (untrained),369,0.7409638554216867,0.3760987520217895,0.6043360433604336,0.7409638554216867,0.1577013880014419,0.2086720867208672
token_entropy (untrained),370,0.7429718875502008,0.3767912983894348,0.6054054054054054,0.7429718875502008,0.1565686017274856,0.21081081081081082
token_entropy (untrained),371,0.7449799196787149,0.3781155049800873,0.6064690026954178,0.7449799196787149,0.1549424678087234,0.21024258760107817
token_entropy (untrained),372,0.7469879518072289,0.3787331581115722,0.6075268817204301,0.7469879518072289,0.1540549248456955,0.20967741935483872
token_entropy (untrained),373,0.748995983935743,0.3796502947807312,0.6085790884718498,0.748995983935743,0.1512160450220108,0.20911528150134048
token_entropy (untrained),374,0.751004016064257,0.3805651068687439,0.6096256684491979,0.751004016064257,0.1494679450988769,0.20855614973262032
token_entropy (untrained),375,0.7530120481927711,0.3806491792201996,0.6106666666666667,0.7530120481927711,0.147717535495758,0.208
token_entropy (untrained),376,0.7550200803212851,0.3823277056217193,0.6090425531914894,0.7550200803212851,0.1432101130485534,0.2074468085106383
token_entropy (untrained),377,0.7570281124497992,0.3828762769699096,0.610079575596817,0.7570281124497992,0.1391025632619857,0.20689655172413793
token_entropy (untrained),378,0.7590361445783133,0.3851879239082336,0.6111111111111112,0.7590361445783133,0.1390775591135025,0.20899470899470898
token_entropy (untrained),379,0.7610441767068273,0.3864224553108215,0.6094986807387863,0.7610441767068273,0.1385945379734039,0.20844327176781002
token_entropy (untrained),380,0.7630522088353414,0.3879262208938598,0.6105263157894737,0.7630522088353414,0.1342475861310959,0.21052631578947367
token_entropy (untrained),381,0.7650602409638554,0.3880759179592132,0.6115485564304461,0.7650602409638554,0.1340511739253997,0.2099737532808399
token_entropy (untrained),382,0.7670682730923695,0.3884011805057525,0.612565445026178,0.7670682730923695,0.1339578479528427,0.2094240837696335
token_entropy (untrained),383,0.7690763052208835,0.3888996243476867,0.6135770234986945,0.7690763052208835,0.1299873292446136,0.20887728459530025
token_entropy (untrained),384,0.7710843373493976,0.3900099694728851,0.6119791666666666,0.7710843373493976,0.1275736838579177,0.20833333333333334
token_entropy (untrained),385,0.7730923694779116,0.391232430934906,0.6103896103896104,0.7730923694779116,0.1262712627649307,0.21038961038961038
token_entropy (untrained),386,0.7751004016064257,0.3925712704658508,0.6113989637305699,0.7751004016064257,0.1240480244159698,0.20984455958549222
token_entropy (untrained),387,0.7771084337349398,0.3939392864704132,0.6124031007751938,0.7771084337349398,0.1210644766688346,0.21188630490956073
token_entropy (untrained),388,0.7791164658634538,0.3951523303985595,0.6134020618556701,0.7791164658634538,0.119637906551361,0.211340206185567
token_entropy (untrained),389,0.7811244979919679,0.3959355652332306,0.6143958868894601,0.7811244979919679,0.1195269450545311,0.2133676092544987
token_entropy (untrained),390,0.7831325301204819,0.3968049585819244,0.6153846153846154,0.7831325301204819,0.1191398799419403,0.2153846153846154
token_entropy (untrained),391,0.785140562248996,0.3970320224761963,0.6163682864450127,0.785140562248996,0.1188476085662841,0.21483375959079284
token_entropy (untrained),392,0.7871485943775101,0.3971047699451446,0.6173469387755102,0.7871485943775101,0.1168450638651847,0.21683673469387754
token_entropy (untrained),393,0.7891566265060241,0.3976212739944458,0.6183206106870229,0.7891566265060241,0.115795187652111,0.21882951653944022
token_entropy (untrained),394,0.7911646586345381,0.3984016180038452,0.6192893401015228,0.7911646586345381,0.1114319488406181,0.2182741116751269
token_entropy (untrained),395,0.7931726907630522,0.3988556265830993,0.620253164556962,0.7931726907630522,0.1104498729109764,0.21772151898734177
token_entropy (untrained),396,0.7951807228915663,0.3995988368988037,0.6212121212121212,0.7951807228915663,0.1100325807929039,0.2196969696969697
token_entropy (untrained),397,0.7971887550200804,0.4015161395072937,0.6221662468513854,0.7971887550200804,0.1090489998459816,0.2216624685138539
token_entropy (untrained),398,0.7991967871485943,0.4018470346927643,0.6231155778894473,0.7991967871485943,0.1086529865860939,0.22110552763819097
token_entropy (untrained),399,0.8012048192771084,0.402262806892395,0.6240601503759399,0.8012048192771084,0.1086313351988792,0.22055137844611528
token_entropy (untrained),400,0.8032128514056225,0.4033417105674743,0.625,0.8032128514056225,0.108436532318592,0.22
token_entropy (untrained),401,0.8052208835341366,0.4047988057136535,0.6234413965087282,0.8052208835341366,0.1082875877618789,0.22194513715710723
token_entropy (untrained),402,0.8072289156626506,0.4050886332988739,0.6243781094527363,0.8072289156626506,0.10732963681221,0.22388059701492538
token_entropy (untrained),403,0.8092369477911646,0.4061121046543121,0.6253101736972705,0.8092369477911646,0.105843037366867,0.22332506203473945
token_entropy (untrained),404,0.8112449799196787,0.4087170362472534,0.6262376237623762,0.8112449799196787,0.10355094820261,0.22277227722772278
token_entropy (untrained),405,0.8132530120481928,0.4103242754936218,0.6271604938271605,0.8132530120481928,0.1031047478318214,0.22469135802469137
token_entropy (untrained),406,0.8152610441767069,0.411191314458847,0.6280788177339901,0.8152610441767069,0.1026528850197792,0.22660098522167488
token_entropy (untrained),407,0.8172690763052208,0.4133681356906891,0.6265356265356266,0.8172690763052208,0.10235445946455,0.22604422604422605
token_entropy (untrained),408,0.8192771084337349,0.4136740565299988,0.6274509803921569,0.8192771084337349,0.0993644222617149,0.22794117647058823
token_entropy (untrained),409,0.821285140562249,0.4138308465480804,0.628361858190709,0.821285140562249,0.0977827757596969,0.22982885085574573
token_entropy (untrained),410,0.8232931726907631,0.4147519171237945,0.6292682926829268,0.8232931726907631,0.0958902910351753,0.22926829268292684
token_entropy (untrained),411,0.8253012048192772,0.4165782332420349,0.6301703163017032,0.8253012048192772,0.0947609171271324,0.22871046228710462
token_entropy (untrained),412,0.8273092369477911,0.4202836751937866,0.6310679611650486,0.8273092369477911,0.0941201150417327,0.22815533980582525
token_entropy (untrained),413,0.8293172690763052,0.421225368976593,0.6319612590799032,0.8293172690763052,0.0931228101253509,0.23002421307506055
token_entropy (untrained),414,0.8313253012048193,0.4264192879199981,0.6328502415458938,0.8313253012048193,0.0921990349888801,0.2318840579710145
token_entropy (untrained),415,0.8333333333333334,0.426769882440567,0.6337349397590362,0.8333333333333334,0.0921678096055984,0.23373493975903614
token_entropy (untrained),416,0.8353413654618473,0.4269048273563385,0.6346153846153846,0.8353413654618473,0.0918021574616432,0.23317307692307693
token_entropy (untrained),417,0.8373493975903614,0.4275928437709808,0.6354916067146283,0.8373493975903614,0.091740146279335,0.23501199040767387
token_entropy (untrained),418,0.8393574297188755,0.4279504120349884,0.6339712918660287,0.8393574297188755,0.0908451303839683,0.23684210526315788
token_entropy (untrained),419,0.8413654618473896,0.4286516606807709,0.6348448687350835,0.8413654618473896,0.0901825129985809,0.2386634844868735
token_entropy (untrained),420,0.8433734939759037,0.4307094216346741,0.6357142857142857,0.8433734939759037,0.0892752408981323,0.24047619047619048
token_entropy (untrained),421,0.8453815261044176,0.4308595657348633,0.6365795724465558,0.8453815261044176,0.0888378173112869,0.23990498812351543
token_entropy (untrained),422,0.8473895582329317,0.4315385520458221,0.6374407582938388,0.8473895582329317,0.0884391888976097,0.24170616113744076
token_entropy (untrained),423,0.8493975903614458,0.4346053004264831,0.6382978723404256,0.8493975903614458,0.0861194431781768,0.24349881796690306
token_entropy (untrained),424,0.8514056224899599,0.4380453526973724,0.6391509433962265,0.8514056224899599,0.0857453346252441,0.24528301886792453
token_entropy (untrained),425,0.8534136546184738,0.4389105141162872,0.64,0.8534136546184738,0.0856901556253433,0.2447058823529412
token_entropy (untrained),426,0.8554216867469879,0.4390122890472412,0.6408450704225352,0.8554216867469879,0.085298553109169,0.24413145539906103
token_entropy (untrained),427,0.857429718875502,0.4391734302043915,0.6416861826697893,0.857429718875502,0.0832389071583747,0.2459016393442623
token_entropy (untrained),428,0.8594377510040161,0.4395845532417297,0.6425233644859814,0.8594377510040161,0.0828078612685203,0.24766355140186916
token_entropy (untrained),429,0.8614457831325302,0.4408464729785919,0.6433566433566433,0.8614457831325302,0.0807022824883461,0.2494172494172494
token_entropy (untrained),430,0.8634538152610441,0.4440300166606903,0.6441860465116279,0.8634538152610441,0.0803161188960075,0.25116279069767444
token_entropy (untrained),431,0.8654618473895582,0.4459242224693298,0.6450116009280742,0.8654618473895582,0.0792768076062202,0.2529002320185615
token_entropy (untrained),432,0.8674698795180723,0.4537068605422973,0.6458333333333334,0.8674698795180723,0.0789778903126716,0.2523148148148148
token_entropy (untrained),433,0.8694779116465864,0.4540139138698578,0.6466512702078522,0.8694779116465864,0.0786721259355545,0.2517321016166282
token_entropy (untrained),434,0.8714859437751004,0.4540404677391052,0.6474654377880185,0.8714859437751004,0.077515609562397,0.2534562211981567
token_entropy (untrained),435,0.8734939759036144,0.4548037946224212,0.6482758620689655,0.8734939759036144,0.0763996243476867,0.25517241379310346
token_entropy (untrained),436,0.8755020080321285,0.4551171958446502,0.6490825688073395,0.8755020080321285,0.0761180073022842,0.25688073394495414
token_entropy (untrained),437,0.8775100401606426,0.4551335871219635,0.6498855835240275,0.8775100401606426,0.075696013867855,0.2585812356979405
token_entropy (untrained),438,0.8795180722891566,0.4582143127918243,0.6506849315068494,0.8795180722891566,0.0754939839243888,0.2579908675799087
token_entropy (untrained),439,0.8815261044176707,0.4597676992416382,0.6514806378132119,0.8815261044176707,0.0743702501058578,0.25740318906605925
token_entropy (untrained),440,0.8835341365461847,0.4602983891963959,0.6522727272727272,0.8835341365461847,0.0714476332068443,0.25681818181818183
token_entropy (untrained),441,0.8855421686746988,0.4620058238506317,0.6530612244897959,0.8855421686746988,0.0711384341120719,0.2585034013605442
token_entropy (untrained),442,0.8875502008032129,0.4640891551971435,0.6515837104072398,0.8875502008032129,0.0706861242651939,0.26018099547511314
token_entropy (untrained),443,0.8895582329317269,0.4650042951107025,0.6523702031602708,0.8895582329317269,0.0687621608376503,0.2595936794582393
token_entropy (untrained),444,0.891566265060241,0.4671176373958587,0.6531531531531531,0.891566265060241,0.0674305483698844,0.25900900900900903
token_entropy (untrained),445,0.893574297188755,0.4678232967853546,0.6539325842696629,0.893574297188755,0.0674271434545517,0.2606741573033708
token_entropy (untrained),446,0.8955823293172691,0.4695300757884979,0.6547085201793722,0.8955823293172691,0.0650969520211219,0.2623318385650224
token_entropy (untrained),447,0.8975903614457831,0.4700742959976196,0.6554809843400448,0.8975903614457831,0.0642700865864753,0.2639821029082774
token_entropy (untrained),448,0.8995983935742972,0.4748633801937103,0.65625,0.8995983935742972,0.0639473050832748,0.26339285714285715
token_entropy (untrained),449,0.9016064257028112,0.4762535393238067,0.6570155902004454,0.9016064257028112,0.0633857920765876,0.2650334075723831
token_entropy (untrained),450,0.9036144578313253,0.4764431416988373,0.6577777777777778,0.9036144578313253,0.0628907233476638,0.2644444444444444
token_entropy (untrained),451,0.9056224899598394,0.4787471890449524,0.656319290465632,0.9056224899598394,0.0627950206398963,0.2660753880266075
token_entropy (untrained),452,0.9076305220883534,0.4848318099975586,0.6570796460176991,0.9076305220883534,0.0607992745935916,0.2676991150442478
token_entropy (untrained),453,0.9096385542168675,0.4860865771770477,0.6578366445916115,0.9096385542168675,0.0564132034778595,0.2671081677704194
token_entropy (untrained),454,0.9116465863453815,0.4907020926475525,0.6585903083700441,0.9116465863453815,0.0526253208518028,0.2687224669603524
token_entropy (untrained),455,0.9136546184738956,0.4924669563770294,0.6593406593406593,0.9136546184738956,0.0522198677062988,0.2681318681318681
token_entropy (untrained),456,0.9156626506024096,0.4963283538818359,0.6600877192982456,0.9156626506024096,0.0504916049540042,0.26973684210526316
token_entropy (untrained),457,0.9176706827309237,0.5005077123641968,0.6608315098468271,0.9176706827309237,0.0497314780950546,0.26914660831509846
token_entropy (untrained),458,0.9196787148594378,0.5033721923828125,0.6615720524017468,0.9196787148594378,0.0491853207349777,0.27074235807860264
token_entropy (untrained),459,0.9216867469879518,0.5069384574890137,0.6623093681917211,0.9216867469879518,0.0476021952927112,0.27233115468409586
token_entropy (untrained),460,0.9236947791164659,0.5072351694107056,0.6630434782608695,0.9236947791164659,0.0467499047517776,0.27391304347826084
token_entropy (untrained),461,0.9257028112449799,0.5083852410316467,0.6637744034707158,0.9257028112449799,0.0461350008845329,0.2754880694143167
token_entropy (untrained),462,0.927710843373494,0.509144127368927,0.6645021645021645,0.927710843373494,0.0448114015161991,0.27705627705627706
token_entropy (untrained),463,0.929718875502008,0.5093112587928772,0.6652267818574514,0.929718875502008,0.0437678433954715,0.27645788336933047
token_entropy (untrained),464,0.9317269076305221,0.5094358325004578,0.665948275862069,0.9317269076305221,0.0422610193490982,0.27801724137931033
token_entropy (untrained),465,0.9337349397590361,0.5117087960243225,0.6666666666666666,0.9337349397590361,0.0422603301703929,0.27741935483870966
token_entropy (untrained),466,0.9357429718875502,0.5119262337684631,0.6673819742489271,0.9357429718875502,0.0399189479649066,0.27896995708154504
token_entropy (untrained),467,0.9377510040160643,0.512541651725769,0.6680942184154176,0.9377510040160643,0.0380013957619667,0.278372591006424
token_entropy (untrained),468,0.9397590361445783,0.5141367316246033,0.6688034188034188,0.9397590361445783,0.0371900200843811,0.2799145299145299
token_entropy (untrained),469,0.9417670682730924,0.5143368244171143,0.6695095948827292,0.9417670682730924,0.0354621596634388,0.2814498933901919
token_entropy (untrained),470,0.9437751004016064,0.5211066603660583,0.6702127659574468,0.9437751004016064,0.0349063389003276,0.28297872340425534
token_entropy (untrained),471,0.9457831325301205,0.5264433026313782,0.6709129511677282,0.9457831325301205,0.0335438288748264,0.28450106157112526
token_entropy (untrained),472,0.9477911646586346,0.5276719927787781,0.6716101694915254,0.9477911646586346,0.0333251431584358,0.2860169491525424
token_entropy (untrained),473,0.9497991967871486,0.5341553092002869,0.6723044397463002,0.9497991967871486,0.0324372090399265,0.28752642706131076
token_entropy (untrained),474,0.9518072289156626,0.5348729491233826,0.6729957805907173,0.9518072289156626,0.0316538102924823,0.2890295358649789
token_entropy (untrained),475,0.9538152610441767,0.5393094420433044,0.6736842105263158,0.9538152610441767,0.0312237814068794,0.2905263157894737
token_entropy (untrained),476,0.9558232931726908,0.5405049324035645,0.6743697478991597,0.9558232931726908,0.0305806621909141,0.28991596638655465
token_entropy (untrained),477,0.9578313253012049,0.5429898500442505,0.6750524109014675,0.9578313253012049,0.0300767347216606,0.2914046121593291
token_entropy (untrained),478,0.9598393574297188,0.5436067581176758,0.6757322175732218,0.9598393574297188,0.0299007836729288,0.2907949790794979
token_entropy (untrained),479,0.9618473895582329,0.5518481731414795,0.6764091858037579,0.9618473895582329,0.0293422620743513,0.29227557411273486
token_entropy (untrained),480,0.963855421686747,0.5534635782241821,0.6770833333333334,0.963855421686747,0.0278392881155014,0.2916666666666667
token_entropy (untrained),481,0.9658634538152611,0.5540270805358887,0.6777546777546778,0.9658634538152611,0.0275955721735954,0.2910602910602911
token_entropy (untrained),482,0.9678714859437751,0.5559560060501099,0.6784232365145229,0.9678714859437751,0.0272950530052185,0.2925311203319502
token_entropy (untrained),483,0.9698795180722891,0.5586722493171692,0.6790890269151139,0.9698795180722891,0.0265847891569137,0.2939958592132505
token_entropy (untrained),484,0.9718875502008032,0.5643327236175537,0.6797520661157025,0.9718875502008032,0.0251278579235076,0.29545454545454547
token_entropy (untrained),485,0.9738955823293173,0.5653701424598694,0.6804123711340206,0.9738955823293173,0.0247632134705781,0.29690721649484536
token_entropy (untrained),486,0.9759036144578314,0.5681588649749756,0.6810699588477366,0.9759036144578314,0.0247179437428712,0.2962962962962963
token_entropy (untrained),487,0.9779116465863453,0.5696125030517578,0.6817248459958932,0.9779116465863453,0.0245603453367948,0.29774127310061604
token_entropy (untrained),488,0.9799196787148594,0.5701130032539368,0.6823770491803278,0.9799196787148594,0.0244268774986267,0.29713114754098363
token_entropy (untrained),489,0.9819277108433735,0.5705835223197937,0.6830265848670757,0.9819277108433735,0.0241664890199899,0.2985685071574642
token_entropy (untrained),490,0.9839357429718876,0.5736978054046631,0.6836734693877551,0.9839357429718876,0.0231488402932882,0.3
token_entropy (untrained),491,0.9859437751004017,0.5857227444648743,0.6843177189409368,0.9859437751004017,0.0222840439528226,0.3014256619144603
token_entropy (untrained),492,0.9879518072289156,0.6000024676322937,0.6849593495934959,0.9879518072289156,0.0209246929734945,0.30284552845528456
token_entropy (untrained),493,0.9899598393574297,0.610620379447937,0.6855983772819473,0.9899598393574297,0.020438976585865,0.30425963488843816
token_entropy (untrained),494,0.9919678714859438,0.6128871440887451,0.6862348178137652,0.9919678714859438,0.0191690325736999,0.305668016194332
token_entropy (untrained),495,0.9939759036144579,0.6240018606185913,0.6868686868686869,0.9939759036144579,0.016201913356781,0.30707070707070705
token_entropy (untrained),496,0.9959839357429718,0.6335036158561707,0.6875,0.9959839357429718,0.0144792580977082,0.3084677419354839
token_entropy (untrained),497,0.9979919678714859,0.6738036274909973,0.6881287726358148,0.9979919678714859,0.0131339021027088,0.30985915492957744
token_entropy (untrained),498,1.0,0.720518171787262,0.6887550200803213,1.0,0.0115022761747241,0.3112449799196787
context_action,1,0.002008032128514056,0.0429695481583351,0.0,0.002008032128514056,0.9999992814546944,0.0
context_action,2,0.004016064257028112,0.0429695481583351,0.0,0.004016064257028112,0.9999986133309348,0.0
context_action,3,0.006024096385542169,0.0429986723280559,0.0,0.006024096385542169,0.9999851722450308,0.0
context_action,4,0.008032128514056224,0.043027815350236,0.0,0.008032128514056224,0.9999841492269524,0.0
context_action,5,0.010040160642570281,0.043027815350236,0.0,0.010040160642570281,0.9999821891185368,0.0
context_action,6,0.012048192771084338,0.0430569772358755,0.0,0.012048192771084338,0.9999666034355044,0.0
context_action,7,0.014056224899598393,0.0430569772358755,0.0,0.014056224899598393,0.9999633867707818,0.0
context_action,8,0.01606425702811245,0.0430569772358755,0.0,0.01606425702811245,0.9999575265925276,0.0
context_action,9,0.018072289156626505,0.0430569772358755,0.0,0.018072289156626505,0.9999398856275168,0.0
context_action,10,0.020080321285140562,0.0430569772358755,0.0,0.020080321285140562,0.9999347140056946,0.0
context_action,11,0.02208835341365462,0.0430569772358755,0.0,0.02208835341365462,0.9999337476523608,0.0
context_action,12,0.024096385542168676,0.0430861579959791,0.0,0.024096385542168676,0.999898998123434,0.0
context_action,13,0.02610441767068273,0.0430861579959791,0.0,0.02610441767068273,0.9998934465418264,0.0
context_action,14,0.028112449799196786,0.0430861579959791,0.0,0.028112449799196786,0.9996400465127684,0.0
context_action,15,0.030120481927710843,0.0430861579959791,0.0,0.030120481927710843,0.9993714620541482,0.0
context_action,16,0.0321285140562249,0.0430861579959791,0.0,0.0321285140562249,0.998848164995822,0.0
context_action,17,0.03413654618473896,0.0430861579959791,0.0,0.03413654618473896,0.9988303703750888,0.0
context_action,18,0.03614457831325301,0.0430861579959791,0.0,0.03614457831325301,0.9986000055397448,0.0
context_action,19,0.03815261044176707,0.0430861579959791,0.0,0.03815261044176707,0.998374039927664,0.0
context_action,20,0.040160642570281124,0.0430861579959791,0.0,0.040160642570281124,0.9977704316816608,0.0
context_action,21,0.04216867469879518,0.0431153576415565,0.0,0.04216867469879518,0.997649480643754,0.0
context_action,22,0.04417670682730924,0.0431153576415565,0.0,0.04417670682730924,0.9975678139790056,0.0
context_action,23,0.04618473895582329,0.0431153576415565,0.0,0.04618473895582329,0.9974727082888748,0.0
context_action,24,0.04819277108433735,0.0431153576415565,0.0,0.04819277108433735,0.9972752313150556,0.0
context_action,25,0.050200803212851405,0.0431445761836221,0.0,0.050200803212851405,0.9972621501483476,0.0
context_action,26,0.05220883534136546,0.0431445761836221,0.0,0.05220883534136546,0.997243345430162,0.0
context_action,27,0.05421686746987952,0.0431445761836221,0.0,0.05421686746987952,0.997148693677508,0.0
context_action,28,0.05622489959839357,0.0431445761836221,0.0,0.05622489959839357,0.997097439912366,0.0
context_action,29,0.05823293172690763,0.043173813633195,0.0,0.05823293172690763,0.997078018517732,0.0
context_action,30,0.060240963855421686,0.043173813633195,0.0,0.060240963855421686,0.9969019367663302,0.0
context_action,31,0.06224899598393574,0.0432030700012993,0.0,0.06224899598393574,0.996744161113788,0.0
context_action,32,0.0642570281124498,0.0432030700012993,0.0,0.0642570281124498,0.9965712119398332,0.0
context_action,33,0.06626506024096386,0.0575206245116864,0.0,0.06626506024096386,0.996473423616321,0.0
context_action,34,0.06827309236947791,0.0579123984906079,0.0,0.06827309236947791,0.99632107387416,0.0
context_action,35,0.07028112449799197,0.0579123984906079,0.0,0.07028112449799197,0.995919024380566,0.0
context_action,36,0.07228915662650602,0.0585709247940623,0.0,0.07228915662650602,0.9954777952509754,0.0
context_action,37,0.07429718875502007,0.0589694047965739,0.0,0.07429718875502007,0.9954770737724123,0.0
context_action,38,0.07630522088353414,0.0596391895134031,0.0,0.07630522088353414,0.9954738849553768,0.0
context_action,39,0.0783132530120482,0.0637218445719173,0.02564102564102564,0.0783132530120482,0.9954611072917128,0.0
context_action,40,0.08032128514056225,0.0701097432249476,0.05,0.08032128514056225,0.9950964634194004,0.0
context_action,41,0.0823293172690763,0.0741053943259832,0.04878048780487805,0.0823293172690763,0.9944459588981897,0.0
context_action,42,0.08433734939759036,0.0743052296989601,0.047619047619047616,0.08433734939759036,0.9935592711092824,0.0
context_action,43,0.08634538152610442,0.0755146827003199,0.046511627906976744,0.08634538152610442,0.9915937700202924,0.0
context_action,44,0.08835341365461848,0.0757180076279507,0.045454545454545456,0.08835341365461848,0.9915806210557728,0.0
context_action,45,0.09036144578313253,0.0759218350533886,0.044444444444444446,0.09036144578313253,0.9915747083574116,0.0
context_action,46,0.09236947791164658,0.07612616597621,0.043478260869565216,0.09236947791164658,0.991562870606815,0.0
context_action,47,0.09437751004016064,0.0767421897347958,0.0425531914893617,0.09437751004016064,0.991562870606815,0.0
context_action,48,0.0963855421686747,0.1000693698155784,0.041666666666666664,0.0963855421686747,0.9915164191104852,0.0
context_action,49,0.09839357429718876,0.1003470088606663,0.04081632653061224,0.09839357429718876,0.9899371284936904,0.0
context_action,50,0.10040160642570281,0.1009043406664472,0.04,0.10040160642570281,0.9898168215413986,0.0
context_action,51,0.10240963855421686,0.1011840358420441,0.0392156862745098,0.10240963855421686,0.9886835882211128,0.0
context_action,52,0.10441767068273092,0.1017454907716089,0.038461538461538464,0.10441767068273092,0.9885449515930268,0.0
context_action,53,0.10642570281124498,0.1180064849913867,0.05660377358490566,0.10642570281124498,0.987838480651514,0.0
context_action,54,0.10843373493975904,0.1180064849913867,0.07407407407407407,0.10843373493975904,0.9875566216153464,0.0
context_action,55,0.11044176706827309,0.1186489630339402,0.09090909090909091,0.11044176706827309,0.9875391048416816,0.0
context_action,56,0.11244979919678715,0.1235645887630377,0.10714285714285714,0.11244979919678715,0.9860809208995474,0.0
context_action,57,0.1144578313253012,0.4048702336394922,0.12280701754385964,0.1144578313253012,0.9860809208995474,0.0
context_action,58,0.11646586345381527,0.4048702336394922,0.13793103448275862,0.11646586345381527,0.9850479813496684,0.0
context_action,59,0.11847389558232932,0.4050408352917953,0.13559322033898305,0.11847389558232932,0.9843915472848668,0.0
context_action,60,0.12048192771084337,0.4050408352917953,0.15,0.12048192771084337,0.984301906630504,0.0
context_action,61,0.12248995983935743,0.4050408352917953,0.16393442622950818,0.12248995983935743,0.983026105468302,0.0
context_action,62,0.12449799196787148,0.4052114598847515,0.1774193548387097,0.12449799196787148,0.9815225560615898,0.0
context_action,63,0.12650602409638553,0.4052114598847515,0.19047619047619047,0.12650602409638553,0.9814271574679756,0.0
context_action,64,0.1285140562248996,0.4052114598847515,0.1875,0.1285140562248996,0.9811496261959716,0.0
context_action,65,0.13052208835341367,0.4053821073802166,0.2,0.13052208835341367,0.978896768547342,0.0
context_action,66,0.13253012048192772,0.4053821073802166,0.21212121212121213,0.13253012048192772,0.9788502824719458,0.0
context_action,67,0.13453815261044177,0.4053821073802166,0.22388059701492538,0.13453815261044177,0.977527856745685,0.0
context_action,68,0.13654618473895583,0.4053821073802166,0.23529411764705882,0.13654618473895583,0.977414785120208,0.0
context_action,69,0.13855421686746988,0.4053821073802166,0.2463768115942029,0.13855421686746988,0.9743063328391944,0.0
context_action,70,0.14056224899598393,0.4055527777400254,0.24285714285714285,0.14056224899598393,0.97296035013223,0.0
context_action,71,0.142570281124498,0.4057234709259909,0.23943661971830985,0.142570281124498,0.9722976185841168,0.0
context_action,72,0.14457831325301204,0.4057234709259909,0.25,0.14457831325301204,0.971903165716834,0.0
context_action,73,0.1465863453815261,0.4057234709259909,0.2465753424657534,0.1465863453815261,0.9717438619537664,0.0
context_action,74,0.14859437751004015,0.4057234709259909,0.25675675675675674,0.14859437751004015,0.9715836813765828,0.0
context_action,75,0.15060240963855423,0.405894186899904,0.25333333333333335,0.15060240963855423,0.9698130311278288,0.0
context_action,76,0.15261044176706828,0.405894186899904,0.2631578947368421,0.15261044176706828,0.969061116823526,0.0
context_action,77,0.15461847389558234,0.405894186899904,0.2727272727272727,0.15461847389558234,0.968313969185702,0.012987012987012988
context_action,78,0.1566265060240964,0.405894186899904,0.2692307692307692,0.1566265060240964,0.9682193572451452,0.01282051282051282
context_action,79,0.15863453815261044,0.455280403180705,0.26582278481012656,0.15863453815261044,0.9659235566189384,0.012658227848101266
context_action,80,0.1606425702811245,0.455280403180705,0.2625,0.1606425702811245,0.9656777404184678,0.0125
context_action,81,0.16265060240963855,0.455280403180705,0.25925925925925924,0.16265060240963855,0.965484393182354,0.012345679012345678
context_action,82,0.1646586345381526,0.4554559901037042,0.25609756097560976,0.1646586345381526,0.9627860186575836,0.012195121951219513
context_action,83,0.16666666666666666,0.4554559901037042,0.25301204819277107,0.16666666666666666,0.9624540172989224,0.012048192771084338
context_action,84,0.1686746987951807,0.4556315881019047,0.25,0.1686746987951807,0.962118383138868,0.011904761904761904
context_action,85,0.1706827309236948,0.4556315881019047,0.24705882352941178,0.1706827309236948,0.9608643916450004,0.011764705882352941
context_action,86,0.17269076305220885,0.4556315881019047,0.2441860465116279,0.17269076305220885,0.959005522299876,0.011627906976744186
context_action,87,0.1746987951807229,0.4556315881019047,0.2413793103448276,0.1746987951807229,0.9580031514163898,0.011494252873563218
context_action,88,0.17670682730923695,0.4556315881019047,0.23863636363636365,0.17670682730923695,0.9544428058398255,0.011363636363636364
context_action,89,0.178714859437751,0.4558071971323411,0.23595505617977527,0.178714859437751,0.9525057949648872,0.011235955056179775
context_action,90,0.18072289156626506,0.4558071971323411,0.23333333333333334,0.18072289156626506,0.9495143172971652,0.022222222222222223
context_action,91,0.1827309236947791,0.4558071971323411,0.24175824175824176,0.1827309236947791,0.9490322622845664,0.02197802197802198
context_action,92,0.18473895582329317,0.4558071971323411,0.2391304347826087,0.18473895582329317,0.9486710728517675,0.021739130434782608
context_action,93,0.18674698795180722,0.4558071971323411,0.23655913978494625,0.18674698795180722,0.9485292430015456,0.021505376344086023
context_action,94,0.18875502008032127,0.4559828171520375,0.23404255319148937,0.18875502008032127,0.9480856969357734,0.02127659574468085
context_action,95,0.19076305220883535,0.4559828171520375,0.23157894736842105,0.19076305220883535,0.944420019118039,0.021052631578947368
context_action,96,0.1927710843373494,0.4559828171520375,0.22916666666666666,0.1927710843373494,0.9442619445952594,0.020833333333333332
context_action,97,0.19477911646586346,0.4559828171520375,0.2268041237113402,0.19477911646586346,0.9440958751168452,0.020618556701030927
context_action,98,0.19678714859437751,0.4559828171520375,0.22448979591836735,0.19678714859437751,0.942448318085429,0.02040816326530612
context_action,99,0.19879518072289157,0.4559828171520375,0.2222222222222222,0.19879518072289157,0.9405834019143388,0.020202020202020204
context_action,100,0.20080321285140562,0.4561584481180061,0.22,0.20080321285140562,0.9394737048043996,0.02
context_action,101,0.20281124497991967,0.4561584481180061,0.21782178217821782,0.20281124497991967,0.9388086871646292,0.019801980198019802
context_action,102,0.20481927710843373,0.4561584481180061,0.21568627450980393,0.20481927710843373,0.9388086871646292,0.0196078431372549
context_action,103,0.20682730923694778,0.4563340899872493,0.21359223300970873,0.20682730923694778,0.9379678096857368,0.019417475728155338
context_action,104,0.20883534136546184,0.4563340899872493,0.21153846153846154,0.20883534136546184,0.9325943106049612,0.019230769230769232
context_action,105,0.21084337349397592,0.4565097427167582,0.21904761904761905,0.21084337349397592,0.932139373636398,0.01904761904761905
context_action,106,0.21285140562248997,0.4794972482785912,0.2169811320754717,0.21285140562248997,0.931835645966084,0.018867924528301886
context_action,107,0.21485943775100402,0.4812954024429506,0.21495327102803738,0.21485943775100402,0.9307631801435348,0.018691588785046728
context_action,108,0.21686746987951808,0.4824944439979779,0.21296296296296297,0.21686746987951808,0.9297644157566616,0.018518518518518517
context_action,109,0.21887550200803213,0.483094041245278,0.22018348623853212,0.21887550200803213,0.9293611928196468,0.01834862385321101
context_action,110,0.22088353413654618,0.4836936871760007,0.21818181818181817,0.22088353413654618,0.9281386586558532,0.01818181818181818
context_action,111,0.22289156626506024,0.484293380067114,0.22522522522522523,0.22289156626506024,0.926518098542729,0.018018018018018018
context_action,112,0.2248995983935743,0.484293380067114,0.23214285714285715,0.2248995983935743,0.9257219887987764,0.017857142857142856
context_action,113,0.22690763052208834,0.4848931181950459,0.23893805309734514,0.22690763052208834,0.9252551499628362,0.017699115044247787
context_action,114,0.2289156626506024,0.4848931181950459,0.24561403508771928,0.2289156626506024,0.9245129427005156,0.017543859649122806
context_action,115,0.23092369477911648,0.5075088089231496,0.25217391304347825,0.23092369477911648,0.9243096860650069,0.017391304347826087
context_action,116,0.23293172690763053,0.5082166226762042,0.25862068965517243,0.23293172690763053,0.9226654639133328,0.017241379310344827
context_action,117,0.23493975903614459,0.5292920403121317,0.2564102564102564,0.23493975903614459,0.9193763461258208,0.017094017094017096
context_action,118,0.23694779116465864,0.529890245810242,0.2542372881355932,0.23694779116465864,0.91910754541195,0.01694915254237288
context_action,119,0.2389558232931727,0.5310863975079978,0.25210084033613445,0.2389558232931727,0.9189288367228788,0.01680672268907563
context_action,120,0.24096385542168675,0.5310863975079978,0.25833333333333336,0.24096385542168675,0.916914682305572,0.016666666666666666
context_action,121,0.2429718875502008,0.5316843402976604,0.256198347107438,0.2429718875502008,0.916914682305572,0.01652892561983471
context_action,122,0.24497991967871485,0.532879951241246,0.26229508196721313,0.24497991967871485,0.916444318534624,0.01639344262295082
context_action,123,0.2469879518072289,0.5334776159913848,0.2601626016260163,0.2469879518072289,0.9146920508011304,0.016260162601626018
context_action,124,0.24899598393574296,0.5340751846596882,0.2661290322580645,0.24899598393574296,0.911155930634916,0.016129032258064516
context_action,125,0.25100401606425704,0.5346726555469767,0.264,0.25100401606425704,0.908531405784377,0.016
context_action,126,0.25301204819277107,0.5346726555469767,0.2619047619047619,0.25301204819277107,0.9080467905405732,0.015873015873015872
context_action,127,0.25502008032128515,0.5346726555469767,0.25984251968503935,0.25502008032128515,0.9080467905405732,0.015748031496062992
context_action,128,0.2570281124497992,0.5358672971874119,0.2578125,0.2570281124497992,0.907559868969534,0.015625
context_action,129,0.25903614457831325,0.5376584838763893,0.2558139534883721,0.25903614457831325,0.907559868969534,0.015503875968992248
context_action,130,0.26104417670682734,0.5412378969541274,0.25384615384615383,0.26104417670682734,0.907070632867048,0.015384615384615385
context_action,131,0.26305220883534136,0.5570647255140919,0.25190839694656486,0.26305220883534136,0.9034864611243718,0.015267175572519083
context_action,132,0.26506024096385544,0.5570647255140919,0.25,0.26506024096385544,0.9017768363524524,0.015151515151515152
context_action,133,0.26706827309236947,0.5570647255140919,0.2556390977443609,0.26706827309236947,0.9013170023495846,0.015037593984962405
context_action,134,0.26907630522088355,0.5590503100926744,0.26119402985074625,0.26907630522088355,0.9004923201981101,0.014925373134328358
context_action,135,0.2710843373493976,0.5593858344390388,0.26666666666666666,0.2710843373493976,0.8996615134969684,0.014814814814814815
context_action,136,0.27309236947791166,0.559560327484052,0.27205882352941174,0.27309236947791166,0.8996615134969684,0.022058823529411766
context_action,137,0.2751004016064257,0.5597348058136221,0.2773722627737226,0.2751004016064257,0.8993832112766371,0.029197080291970802
context_action,138,0.27710843373493976,0.5597348058136221,0.2753623188405797,0.27710843373493976,0.8991042237163034,0.028985507246376812
context_action,139,0.2791164658634538,0.5599092693858876,0.2805755395683453,0.2791164658634538,0.8982631369262872,0.02877697841726619
context_action,140,0.28112449799196787,0.5599092693858876,0.2785714285714286,0.28112449799196787,0.8965622963857157,0.02857142857142857
context_action,141,0.28313253012048195,0.5600837181590016,0.28368794326241137,0.28313253012048195,0.896276389131199,0.028368794326241134
context_action,142,0.285140562248996,0.5600837181590016,0.28169014084507044,0.285140562248996,0.8915549751757831,0.028169014084507043
context_action,143,0.28714859437751006,0.5602581520911313,0.2867132867132867,0.28714859437751006,0.8889977263805549,0.027972027972027972
context_action,144,0.2891566265060241,0.5602581520911313,0.2916666666666667,0.2891566265060241,0.8878443244575748,0.027777777777777776
context_action,145,0.29116465863453816,0.5609557385736675,0.296551724137931,0.29116465863453816,0.8866804654553514,0.027586206896551724
context_action,146,0.2931726907630522,0.58134383082137,0.3013698630136986,0.2931726907630522,0.8849149321971223,0.0273972602739726
context_action,147,0.29518072289156627,0.5815161334939268,0.30612244897959184,0.29518072289156627,0.8828982494259824,0.027210884353741496
context_action,148,0.2971887550200803,0.5895935532633242,0.3108108108108108,0.2971887550200803,0.8826497601961522,0.02702702702702703
context_action,149,0.2991967871485944,0.6058744475315231,0.3087248322147651,0.2991967871485944,0.8825273180670806,0.026845637583892617
context_action,150,0.30120481927710846,0.6065688417891674,0.31333333333333335,0.30120481927710846,0.882151410016934,0.02666666666666667
context_action,151,0.3032128514056225,0.6065688417891674,0.31788079470198677,0.3032128514056225,0.8816825020979983,0.026490066225165563
context_action,152,0.30522088353413657,0.6072628056645368,0.3223684210526316,0.30522088353413657,0.8811492076126185,0.02631578947368421
context_action,153,0.3072289156626506,0.6098422209120689,0.32679738562091504,0.3072289156626506,0.880715452293078,0.026143790849673203
context_action,154,0.3092369477911647,0.6100106629345196,0.33116883116883117,0.3092369477911647,0.8806453467440813,0.032467532467532464
context_action,155,0.3112449799196787,0.6100343067809794,0.33548387096774196,0.3112449799196787,0.8803927245077765,0.03225806451612903
context_action,156,0.3132530120481928,0.6101790787203518,0.33974358974358976,0.3132530120481928,0.8801396403536861,0.03205128205128205
context_action,157,0.3152610441767068,0.6103474682334957,0.34394904458598724,0.3152610441767068,0.8800669621168632,0.03184713375796178
context_action,158,0.3172690763052209,0.6103474682334957,0.34810126582278483,0.3172690763052209,0.8784324046336871,0.03164556962025317
context_action,159,0.3192771084337349,0.6105158314379061,0.34591194968553457,0.3192771084337349,0.8781031986393486,0.031446540880503145
context_action,160,0.321285140562249,0.6105158314379061,0.35,0.321285140562249,0.8777732251965827,0.03125
context_action,161,0.3232931726907631,0.6105158314379061,0.34782608695652173,0.3232931726907631,0.8764456346331571,0.031055900621118012
context_action,162,0.3253012048192771,0.6148672834758844,0.35185185185185186,0.3253012048192771,0.8761118072357796,0.030864197530864196
context_action,163,0.3273092369477912,0.6243243547041898,0.3496932515337423,0.3273092369477912,0.8757772057199982,0.03067484662576687
context_action,164,0.3293172690763052,0.6243243547041898,0.35365853658536583,0.3293172690763052,0.8723776765134557,0.03048780487804878
context_action,165,0.3313253012048193,0.6257676496792623,0.3575757575757576,0.3313253012048193,0.8707495994926965,0.030303030303030304
context_action,166,0.3333333333333333,0.6315182696164131,0.3614457831325301,0.3333333333333333,0.870093432127603,0.03614457831325301
context_action,167,0.3353413654618474,0.6316785299501706,0.3592814371257485,0.3353413654618474,0.8697642870133911,0.03592814371257485
context_action,168,0.3373493975903614,0.6327951669377153,0.3630952380952381,0.3373493975903614,0.8691038694504847,0.03571428571428571
context_action,169,0.3393574297188755,0.6327951669377153,0.3668639053254438,0.3393574297188755,0.8687725952198061,0.03550295857988166
context_action,170,0.3413654618473896,0.6333529523099778,0.37058823529411766,0.3413654618473896,0.8687725952198061,0.03529411764705882
context_action,171,0.3433734939759036,0.6339103805782125,0.3742690058479532,0.3433734939759036,0.8687725952198061,0.03508771929824561
context_action,172,0.3453815261044177,0.6344674504797495,0.37790697674418605,0.3453815261044177,0.8678283206447189,0.03488372093023256
context_action,173,0.3473895582329317,0.6344674504797495,0.37572254335260113,0.3473895582329317,0.8667699777618153,0.03468208092485549
context_action,174,0.3493975903614458,0.6350241607556065,0.3793103448275862,0.3493975903614458,0.8667699777618153,0.034482758620689655
context_action,175,0.3514056224899598,0.6355805101504989,0.37714285714285717,0.3514056224899598,0.8604479320098218,0.04
context_action,176,0.3534136546184739,0.6355805101504989,0.3806818181818182,0.3534136546184739,0.8603747506166488,0.03977272727272727
context_action,177,0.35542168674698793,0.6361364974128485,0.3785310734463277,0.35542168674698793,0.858991826339907,0.03954802259887006
context_action,178,0.357429718875502,0.6361364974128485,0.38202247191011235,0.357429718875502,0.8581252527511782,0.03932584269662921
context_action,179,0.35943775100401604,0.6572556628012659,0.37988826815642457,0.35943775100401604,0.8578326600738791,0.0446927374301676
context_action,180,0.3614457831325301,0.6577339702703087,0.37777777777777777,0.3614457831325301,0.8578326600738791,0.044444444444444446
context_action,181,0.3634538152610442,0.6580526639744932,0.3756906077348066,0.3634538152610442,0.8563621389638629,0.04419889502762431
context_action,182,0.3654618473895582,0.6582119573600206,0.37362637362637363,0.3654618473895582,0.8552207823951425,0.04395604395604396
context_action,183,0.3674698795180723,0.6585304370582298,0.37158469945355194,0.3674698795180723,0.8538281483111846,0.04371584699453552
context_action,184,0.36947791164658633,0.6707166017690237,0.3695652173913043,0.36947791164658633,0.8536890645715757,0.043478260869565216
context_action,185,0.3714859437751004,0.6727535418766395,0.372972972972973,0.3714859437751004,0.846049728234126,0.043243243243243246
context_action,186,0.37349397590361444,0.6781534998730882,0.3709677419354839,0.37349397590361444,0.8449096589387295,0.043010752688172046
context_action,187,0.3755020080321285,0.6788275526724876,0.37433155080213903,0.3755020080321285,0.84414578965203,0.0427807486631016
context_action,188,0.37751004016064255,0.6798736891267088,0.3776595744680851,0.37751004016064255,0.8429942373724283,0.047872340425531915
context_action,189,0.3795180722891566,0.6798736891267088,0.38095238095238093,0.3795180722891566,0.8429942373724283,0.047619047619047616
context_action,190,0.3815261044176707,0.6798736891267088,0.38421052631578945,0.3815261044176707,0.8426088510101386,0.04736842105263158
context_action,191,0.38353413654618473,0.6801663728954995,0.38219895287958117,0.38353413654618473,0.8423659521259775,0.04712041884816754
context_action,192,0.3855421686746988,0.6803960806317597,0.3802083333333333,0.3855421686746988,0.8418357708637706,0.052083333333333336
context_action,193,0.38755020080321284,0.6803960806317597,0.37823834196891193,0.38755020080321284,0.8398895797813961,0.05181347150259067
context_action,194,0.3895582329317269,0.6815045754360508,0.38144329896907214,0.3895582329317269,0.8310717781791795,0.05154639175257732
context_action,195,0.39156626506024095,0.681960537235968,0.37948717948717947,0.39156626506024095,0.8307765450363873,0.05128205128205128
context_action,196,0.39357429718875503,0.6824811137630241,0.3826530612244898,0.39357429718875503,0.8307343975227321,0.05102040816326531
context_action,197,0.39558232931726905,0.682839789716351,0.38071065989847713,0.39558232931726905,0.8299089950149731,0.050761421319796954
context_action,198,0.39759036144578314,0.6830012342780665,0.3838383838383838,0.39759036144578314,0.8290379126243312,0.050505050505050504
context_action,199,0.39959839357429716,0.6830012342780665,0.3869346733668342,0.39959839357429716,0.8286010452247489,0.05025125628140704
context_action,200,0.40160642570281124,0.6840401036819478,0.385,0.40160642570281124,0.8277246549367602,0.05
context_action,201,0.4036144578313253,0.6846904110416684,0.3880597014925373,0.4036144578313253,0.8255181608090942,0.05472636815920398
context_action,202,0.40562248995983935,0.6950957731650065,0.38613861386138615,0.40562248995983935,0.8250741969837311,0.054455445544554455
context_action,203,0.40763052208835343,0.6963273659693664,0.3842364532019704,0.40763052208835343,0.824629343485785,0.059113300492610835
context_action,204,0.40963855421686746,0.6969421092527587,0.3872549019607843,0.40963855421686746,0.824629343485785,0.058823529411764705
context_action,205,0.41164658634538154,0.6975561485951374,0.3902439024390244,0.41164658634538154,0.8176183450275438,0.06341463414634146
context_action,206,0.41365461847389556,0.6993940291724857,0.3932038834951456,0.41365461847389556,0.8174267559740069,0.06310679611650485
context_action,207,0.41566265060240964,0.70348914032364,0.3961352657004831,0.41566265060240964,0.8171841790030714,0.06280193236714976
context_action,208,0.41767068273092367,0.7036575251010732,0.39903846153846156,0.41767068273092367,0.8158768680144558,0.0673076923076923
context_action,209,0.41967871485943775,0.7037844170966674,0.4019138755980861,0.41967871485943775,0.8129623931961955,0.07177033492822966
context_action,210,0.42168674698795183,0.7230726671695967,0.40476190476190477,0.42168674698795183,0.8101282197699945,0.07142857142857142
context_action,211,0.42369477911646586,0.7249918182040284,0.4075829383886256,0.42369477911646586,0.8015935527164,0.07582938388625593
context_action,212,0.42570281124497994,0.7251867113998239,0.41037735849056606,0.42570281124497994,0.8015935527164,0.07547169811320754
context_action,213,0.42771084337349397,0.7264257517551328,0.4131455399061033,0.42771084337349397,0.8012113808922754,0.07511737089201878
context_action,214,0.42971887550200805,0.7359060208529195,0.4158878504672897,0.42971887550200805,0.8012113808922754,0.07476635514018691
context_action,215,0.43172690763052207,0.7359060208529195,0.4186046511627907,0.43172690763052207,0.8012113808922754,0.07441860465116279
context_action,216,0.43373493975903615,0.7370351325972762,0.4166666666666667,0.43373493975903615,0.800828655834857,0.07407407407407407
context_action,217,0.4357429718875502,0.7398442931630129,0.41935483870967744,0.4357429718875502,0.8004453774477577,0.07834101382488479
context_action,218,0.43775100401606426,0.7398442931630129,0.42201834862385323,0.43775100401606426,0.8004453774477577,0.08256880733944955
context_action,219,0.4397590361445783,0.7398442931630129,0.4246575342465753,0.4397590361445783,0.8004453774477577,0.0867579908675799
context_action,220,0.44176706827309237,0.7404037845659288,0.42727272727272725,0.44176706827309237,0.8004453774477577,0.08636363636363636
context_action,221,0.44377510040160645,0.7404037845659288,0.4298642533936652,0.44377510040160645,0.8002178984927284,0.08597285067873303
context_action,222,0.4457831325301205,0.7404037845659288,0.43243243243243246,0.4457831325301205,0.8000615456375064,0.08558558558558559
context_action,223,0.44779116465863456,0.7409624940102825,0.4349775784753363,0.44779116465863456,0.8000615456375064,0.08520179372197309
context_action,224,0.4497991967871486,0.7426339234289835,0.4375,0.4497991967871486,0.7997251767867984,0.08482142857142858
context_action,225,0.45180722891566266,0.7437442869339678,0.44,0.45180722891566266,0.7996771603135581,0.08888888888888889
context_action,226,0.4538152610441767,0.7451016401520787,0.4424778761061947,0.4538152610441767,0.7992922213883021,0.09292035398230089
context_action,227,0.45582329317269077,0.7453704766709641,0.44493392070484583,0.45582329317269077,0.7989067287770716,0.09251101321585903
context_action,228,0.4578313253012048,0.7459555748149288,0.4473684210526316,0.4578313253012048,0.7981340821727981,0.09210526315789473
context_action,229,0.4598393574297189,0.7465064264595136,0.4497816593886463,0.4598393574297189,0.7969709576752317,0.09170305676855896
context_action,230,0.46184738955823296,0.7465064264595136,0.44782608695652176,0.46184738955823296,0.7957506178663707,0.09565217391304348
context_action,231,0.463855421686747,0.747056488691208,0.4458874458874459,0.463855421686747,0.7952496975882586,0.09523809523809523
context_action,232,0.46586345381526106,0.7476057608835679,0.4482758620689655,0.46586345381526106,0.7952496975882586,0.09482758620689655
context_action,233,0.4678714859437751,0.7504539492361674,0.45064377682403434,0.4678714859437751,0.7937414665649052,0.0944206008583691
context_action,234,0.46987951807228917,0.7584395570098154,0.44871794871794873,0.46987951807228917,0.7937414665649052,0.09401709401709402
context_action,235,0.4718875502008032,0.7606239868661621,0.451063829787234,0.4718875502008032,0.7932368991705083,0.09361702127659574
context_action,236,0.4738955823293173,0.7610609179911078,0.4533898305084746,0.4738955823293173,0.7922250283066776,0.09322033898305085
context_action,237,0.4759036144578313,0.7614973016632041,0.45569620253164556,0.4759036144578313,0.7917177247015041,0.0970464135021097
context_action,238,0.4779116465863454,0.7614973016632041,0.4579831932773109,0.4779116465863454,0.7901903405556355,0.09663865546218488
context_action,239,0.4799196787148594,0.7623664687370577,0.4602510460251046,0.4799196787148594,0.7901903405556355,0.09623430962343096
context_action,240,0.4819277108433735,0.7628031657064231,0.4625,0.4819277108433735,0.7901903405556355,0.1
context_action,241,0.4839357429718876,0.7632373573297423,0.46473029045643155,0.4839357429718876,0.7901903405556355,0.0995850622406639
context_action,242,0.4859437751004016,0.7632373573297423,0.4669421487603306,0.4859437751004016,0.7896793879360222,0.09917355371900827
context_action,243,0.4879518072289157,0.7636710004000908,0.4691358024691358,0.4879518072289157,0.7865211951177161,0.09876543209876543
context_action,244,0.4899598393574297,0.7637809510891346,0.4713114754098361,0.4899598393574297,0.7824373414707838,0.09836065573770492
context_action,245,0.4919678714859438,0.7641040947085603,0.47346938775510206,0.4919678714859438,0.7820755635134308,0.09795918367346938
context_action,246,0.4939759036144578,0.7641040947085603,0.4715447154471545,0.4939759036144578,0.7810993966872417,0.0975609756097561
context_action,247,0.4959839357429719,0.7641040947085603,0.47368421052631576,0.4959839357429719,0.7806016239101459,0.09716599190283401
context_action,248,0.4979919678714859,0.7662492175975163,0.4717741935483871,0.4979919678714859,0.7791034265151361,0.0967741935483871
context_action,249,0.5,0.7750724783021531,0.4738955823293173,0.5,0.7765901753805172,0.0963855421686747
context_action,250,0.5020080321285141,0.7765901753805172,0.476,0.5020080321285141,0.7750724783021531,0.096
context_action,251,0.5040160642570282,0.7791034265151361,0.47808764940239046,0.5040160642570282,0.7662492175975163,0.099601593625498
context_action,252,0.5060240963855421,0.7806016239101459,0.4801587301587302,0.5060240963855421,0.7641040947085603,0.0992063492063492
context_action,253,0.5080321285140562,0.7810993966872417,0.48221343873517786,0.5080321285140562,0.7641040947085603,0.10276679841897234
context_action,254,0.5100401606425703,0.7820755635134308,0.484251968503937,0.5100401606425703,0.7641040947085603,0.10236220472440945
context_action,255,0.5120481927710844,0.7824373414707838,0.48627450980392156,0.5120481927710844,0.7637809510891346,0.10196078431372549
context_action,256,0.5140562248995983,0.7865211951177161,0.48828125,0.5140562248995983,0.7636710004000908,0.1015625
context_action,257,0.5160642570281124,0.7896793879360222,0.490272373540856,0.5160642570281124,0.7632373573297423,0.10116731517509728
context_action,258,0.5180722891566265,0.7901903405556355,0.49224806201550386,0.5180722891566265,0.7632373573297423,0.10077519379844961
context_action,259,0.5200803212851406,0.7901903405556355,0.4942084942084942,0.5200803212851406,0.7628031657064231,0.10038610038610038
context_action,260,0.5220883534136547,0.7901903405556355,0.49230769230769234,0.5220883534136547,0.7623664687370577,0.1
context_action,261,0.5240963855421686,0.7901903405556355,0.4942528735632184,0.5240963855421686,0.7614973016632041,0.09961685823754789
context_action,262,0.5261044176706827,0.7917177247015041,0.49236641221374045,0.5261044176706827,0.7614973016632041,0.09923664122137404
context_action,263,0.5281124497991968,0.7922250283066776,0.49429657794676807,0.5281124497991968,0.7610609179911078,0.09885931558935361
context_action,264,0.5301204819277109,0.7932368991705083,0.4962121212121212,0.5301204819277109,0.7606239868661621,0.09848484848484848
context_action,265,0.5321285140562249,0.7937414665649052,0.4981132075471698,0.5321285140562249,0.7584395570098154,0.1018867924528302
context_action,266,0.5341365461847389,0.7937414665649052,0.5,0.5341365461847389,0.7504539492361674,0.10150375939849623
context_action,267,0.536144578313253,0.7952496975882586,0.50187265917603,0.536144578313253,0.7476057608835679,0.10112359550561797
context_action,268,0.5381526104417671,0.7952496975882586,0.503731343283582,0.5381526104417671,0.747056488691208,0.1044776119402985
context_action,269,0.5401606425702812,0.7957506178663707,0.5018587360594795,0.5401606425702812,0.7465064264595136,0.10408921933085502
context_action,270,0.5421686746987951,0.7969709576752317,0.5037037037037037,0.5421686746987951,0.7465064264595136,0.10740740740740741
context_action,271,0.5441767068273092,0.7981340821727981,0.5055350553505535,0.5441767068273092,0.7459555748149288,0.1070110701107011
context_action,272,0.5461847389558233,0.7989067287770716,0.5073529411764706,0.5461847389558233,0.7453704766709641,0.10661764705882353
context_action,273,0.5481927710843374,0.7992922213883021,0.5054945054945055,0.5481927710843374,0.7451016401520787,0.10622710622710622
context_action,274,0.5502008032128514,0.7996771603135581,0.5036496350364964,0.5502008032128514,0.7437442869339678,0.10583941605839416
context_action,275,0.5522088353413654,0.7997251767867984,0.5054545454545455,0.5522088353413654,0.7426339234289835,0.10545454545454545
context_action,276,0.5542168674698795,0.8000615456375064,0.5072463768115942,0.5542168674698795,0.7409624940102825,0.10507246376811594
context_action,277,0.5562248995983936,0.8000615456375064,0.5090252707581228,0.5562248995983936,0.7404037845659288,0.10469314079422383
context_action,278,0.5582329317269076,0.8002178984927284,0.5107913669064749,0.5582329317269076,0.7404037845659288,0.10431654676258993
context_action,279,0.5602409638554217,0.8004453774477577,0.5089605734767025,0.5602409638554217,0.7404037845659288,0.1039426523297491
context_action,280,0.5622489959839357,0.8004453774477577,0.5071428571428571,0.5622489959839357,0.7398442931630129,0.10357142857142858
context_action,281,0.5642570281124498,0.8004453774477577,0.505338078291815,0.5642570281124498,0.7398442931630129,0.10320284697508897
context_action,282,0.5662650602409639,0.8004453774477577,0.5070921985815603,0.5662650602409639,0.7398442931630129,0.10283687943262411
context_action,283,0.5682730923694779,0.800828655834857,0.508833922261484,0.5682730923694779,0.7370351325972762,0.10600706713780919
context_action,284,0.570281124497992,0.8012113808922754,0.5105633802816901,0.570281124497992,0.7359060208529195,0.1056338028169014
context_action,285,0.572289156626506,0.8012113808922754,0.512280701754386,0.572289156626506,0.7359060208529195,0.10526315789473684
context_action,286,0.5742971887550201,0.8012113808922754,0.513986013986014,0.5742971887550201,0.7264257517551328,0.1048951048951049
context_action,287,0.5763052208835341,0.8015935527164,0.5121951219512195,0.5763052208835341,0.7251867113998239,0.10452961672473868
context_action,288,0.5783132530120482,0.8015935527164,0.5138888888888888,0.5783132530120482,0.7249918182040284,0.10416666666666667
context_action,289,0.5803212851405622,0.8101282197699945,0.5155709342560554,0.5803212851405622,0.7230726671695967,0.10380622837370242
context_action,290,0.5823293172690763,0.8129623931961955,0.5137931034482759,0.5823293172690763,0.7037844170966674,0.10344827586206896
context_action,291,0.5843373493975904,0.8158768680144558,0.5120274914089347,0.5843373493975904,0.7036575251010732,0.10309278350515463
context_action,292,0.5863453815261044,0.8171841790030714,0.5136986301369864,0.5863453815261044,0.70348914032364,0.10273972602739725
context_action,293,0.5883534136546185,0.8174267559740069,0.515358361774744,0.5883534136546185,0.6993940291724857,0.10238907849829351
context_action,294,0.5903614457831325,0.8176183450275438,0.5136054421768708,0.5903614457831325,0.6975561485951374,0.10204081632653061
context_action,295,0.5923694779116466,0.824629343485785,0.511864406779661,0.5923694779116466,0.6969421092527587,0.1016949152542373
context_action,296,0.5943775100401606,0.824629343485785,0.5135135135135135,0.5943775100401606,0.6963273659693664,0.10472972972972973
context_action,297,0.5963855421686747,0.8250741969837311,0.5151515151515151,0.5963855421686747,0.6950957731650065,0.10774410774410774
context_action,298,0.5983935742971888,0.8255181608090942,0.5134228187919463,0.5983935742971888,0.6846904110416684,0.10738255033557047
context_action,299,0.6004016064257028,0.8277246549367602,0.5150501672240803,0.6004016064257028,0.6840401036819478,0.11036789297658862
context_action,300,0.6024096385542169,0.8286010452247489,0.5166666666666667,0.6024096385542169,0.6830012342780665,0.11
context_action,301,0.6044176706827309,0.8290379126243312,0.5182724252491694,0.6044176706827309,0.6830012342780665,0.10963455149501661
context_action,302,0.606425702811245,0.8299089950149731,0.5198675496688742,0.606425702811245,0.682839789716351,0.11258278145695365
context_action,303,0.608433734939759,0.8307343975227321,0.5214521452145214,0.608433734939759,0.6824811137630241,0.11221122112211221
context_action,304,0.6104417670682731,0.8307765450363873,0.5230263157894737,0.6104417670682731,0.681960537235968,0.11513157894736842
context_action,305,0.6124497991967871,0.8310717781791795,0.5245901639344263,0.6124497991967871,0.6815045754360508,0.11475409836065574
context_action,306,0.6144578313253012,0.8398895797813961,0.5261437908496732,0.6144578313253012,0.6803960806317597,0.11764705882352941
context_action,307,0.6164658634538153,0.8418357708637706,0.5244299674267101,0.6164658634538153,0.6803960806317597,0.12052117263843648
context_action,308,0.6184738955823293,0.8423659521259775,0.525974025974026,0.6184738955823293,0.6801663728954995,0.12337662337662338
context_action,309,0.6204819277108434,0.8426088510101386,0.5275080906148867,0.6204819277108434,0.6798736891267088,0.12297734627831715
context_action,310,0.6224899598393574,0.8429942373724283,0.5258064516129032,0.6224899598393574,0.6798736891267088,0.12258064516129032
context_action,311,0.6244979919678715,0.8429942373724283,0.5273311897106109,0.6244979919678715,0.6798736891267088,0.12218649517684887
context_action,312,0.6265060240963856,0.84414578965203,0.5288461538461539,0.6265060240963856,0.6788275526724876,0.12179487179487179
context_action,313,0.6285140562248996,0.8449096589387295,0.5303514376996805,0.6285140562248996,0.6781534998730882,0.12460063897763578
context_action,314,0.6305220883534136,0.846049728234126,0.5318471337579618,0.6305220883534136,0.6727535418766395,0.12420382165605096
context_action,315,0.6325301204819277,0.8536890645715757,0.5333333333333333,0.6325301204819277,0.6707166017690237,0.12698412698412698
context_action,316,0.6345381526104418,0.8538281483111846,0.5348101265822784,0.6345381526104418,0.6585304370582298,0.12974683544303797
context_action,317,0.6365461847389559,0.8552207823951425,0.5362776025236593,0.6365461847389559,0.6582119573600206,0.13249211356466878
context_action,318,0.6385542168674698,0.8563621389638629,0.5377358490566038,0.6385542168674698,0.6580526639744932,0.13522012578616352
context_action,319,0.6405622489959839,0.8578326600738791,0.5360501567398119,0.6405622489959839,0.6577339702703087,0.13793103448275862
context_action,320,0.642570281124498,0.8578326600738791,0.5375,0.642570281124498,0.6572556628012659,0.140625
context_action,321,0.6445783132530121,0.8581252527511782,0.5389408099688473,0.6445783132530121,0.6361364974128485,0.14330218068535824
context_action,322,0.6465863453815262,0.858991826339907,0.5403726708074534,0.6465863453815262,0.6361364974128485,0.14285714285714285
context_action,323,0.6485943775100401,0.8603747506166488,0.541795665634675,0.6485943775100401,0.6355805101504989,0.14551083591331268
context_action,324,0.6506024096385542,0.8604479320098218,0.5401234567901234,0.6506024096385542,0.6355805101504989,0.14506172839506173
context_action,325,0.6526104417670683,0.8667699777618153,0.5415384615384615,0.6526104417670683,0.6350241607556065,0.14461538461538462
context_action,326,0.6546184738955824,0.8667699777618153,0.5429447852760736,0.6546184738955824,0.6344674504797495,0.1441717791411043
context_action,327,0.6566265060240963,0.8678283206447189,0.5443425076452599,0.6566265060240963,0.6344674504797495,0.14678899082568808
context_action,328,0.6586345381526104,0.8687725952198061,0.5457317073170732,0.6586345381526104,0.6339103805782125,0.14634146341463414
context_action,329,0.6606425702811245,0.8687725952198061,0.547112462006079,0.6606425702811245,0.6333529523099778,0.1458966565349544
context_action,330,0.6626506024096386,0.8687725952198061,0.5484848484848485,0.6626506024096386,0.6327951669377153,0.14545454545454545
context_action,331,0.6646586345381527,0.8691038694504847,0.5498489425981873,0.6646586345381527,0.6327951669377153,0.14501510574018128
context_action,332,0.6666666666666666,0.8697642870133911,0.5512048192771084,0.6666666666666666,0.6316785299501706,0.14759036144578314
context_action,333,0.6686746987951807,0.870093432127603,0.5495495495495496,0.6686746987951807,0.6315182696164131,0.14714714714714713
context_action,334,0.6706827309236948,0.8707495994926965,0.5508982035928144,0.6706827309236948,0.6257676496792623,0.1467065868263473
context_action,335,0.6726907630522089,0.8723776765134557,0.5522388059701493,0.6726907630522089,0.6243243547041898,0.14925373134328357
context_action,336,0.6746987951807228,0.8757772057199982,0.5535714285714286,0.6746987951807228,0.6243243547041898,0.1488095238095238
context_action,337,0.6767068273092369,0.8761118072357796,0.5548961424332344,0.6767068273092369,0.6148672834758844,0.14836795252225518
context_action,338,0.678714859437751,0.8764456346331571,0.5562130177514792,0.678714859437751,0.6105158314379061,0.15088757396449703
context_action,339,0.6807228915662651,0.8777732251965827,0.5575221238938053,0.6807228915662651,0.6105158314379061,0.1504424778761062
context_action,340,0.6827309236947792,0.8781031986393486,0.5588235294117647,0.6827309236947792,0.6105158314379061,0.15294117647058825
context_action,341,0.6847389558232931,0.8784324046336871,0.5601173020527859,0.6847389558232931,0.6103474682334957,0.15249266862170088
context_action,342,0.6867469879518072,0.8800669621168632,0.5614035087719298,0.6867469879518072,0.6103474682334957,0.15204678362573099
context_action,343,0.6887550200803213,0.8801396403536861,0.5626822157434402,0.6887550200803213,0.6101790787203518,0.15160349854227406
context_action,344,0.6907630522088354,0.8803927245077765,0.563953488372093,0.6907630522088354,0.6100343067809794,0.1511627906976744
context_action,345,0.6927710843373494,0.8806453467440813,0.5623188405797102,0.6927710843373494,0.6100106629345196,0.15072463768115943
context_action,346,0.6947791164658634,0.880715452293078,0.5635838150289018,0.6947791164658634,0.6098422209120689,0.15028901734104047
context_action,347,0.6967871485943775,0.8811492076126185,0.5648414985590778,0.6967871485943775,0.6072628056645368,0.14985590778097982
context_action,348,0.6987951807228916,0.8816825020979983,0.5660919540229885,0.6987951807228916,0.6065688417891674,0.14942528735632185
context_action,349,0.7008032128514057,0.882151410016934,0.5673352435530086,0.7008032128514057,0.6065688417891674,0.1489971346704871
context_action,350,0.7028112449799196,0.8825273180670806,0.5685714285714286,0.7028112449799196,0.6058744475315231,0.15142857142857144
context_action,351,0.7048192771084337,0.8826497601961522,0.5698005698005698,0.7048192771084337,0.5895935532633242,0.150997150997151
context_action,352,0.7068273092369478,0.8828982494259824,0.5710227272727273,0.7068273092369478,0.5815161334939268,0.15056818181818182
context_action,353,0.7088353413654619,0.8849149321971223,0.5722379603399433,0.7088353413654619,0.58134383082137,0.1501416430594901
context_action,354,0.7108433734939759,0.8866804654553514,0.5734463276836158,0.7108433734939759,0.5609557385736675,0.1497175141242938
context_action,355,0.7128514056224899,0.8878443244575748,0.5746478873239437,0.7128514056224899,0.5602581520911313,0.14929577464788732
context_action,356,0.714859437751004,0.8889977263805549,0.5758426966292135,0.714859437751004,0.5602581520911313,0.14887640449438203
context_action,357,0.7168674698795181,0.8915549751757831,0.5770308123249299,0.7168674698795181,0.5600837181590016,0.1484593837535014
context_action,358,0.7188755020080321,0.896276389131199,0.5782122905027933,0.7188755020080321,0.5600837181590016,0.15083798882681565
context_action,359,0.7208835341365462,0.8965622963857157,0.5793871866295265,0.7208835341365462,0.5599092693858876,0.15041782729805014
context_action,360,0.7228915662650602,0.8982631369262872,0.5805555555555556,0.7228915662650602,0.5599092693858876,0.1527777777777778
context_action,361,0.7248995983935743,0.8991042237163034,0.5817174515235457,0.7248995983935743,0.5597348058136221,0.1523545706371191
context_action,362,0.7269076305220884,0.8993832112766371,0.580110497237569,0.7269076305220884,0.5597348058136221,0.15469613259668508
context_action,363,0.7289156626506024,0.8996615134969684,0.581267217630854,0.7289156626506024,0.559560327484052,0.15426997245179064
context_action,364,0.7309236947791165,0.8996615134969684,0.5796703296703297,0.7309236947791165,0.5593858344390388,0.15384615384615385
context_action,365,0.7329317269076305,0.9004923201981101,0.5808219178082191,0.7329317269076305,0.5590503100926744,0.15342465753424658
context_action,366,0.7349397590361446,0.9013170023495846,0.5819672131147541,0.7349397590361446,0.5570647255140919,0.1557377049180328
context_action,367,0.7369477911646586,0.9017768363524524,0.5831062670299727,0.7369477911646586,0.5570647255140919,0.15803814713896458
context_action,368,0.7389558232931727,0.9034864611243718,0.5842391304347826,0.7389558232931727,0.5570647255140919,0.15760869565217392
context_action,369,0.7409638554216867,0.907070632867048,0.5853658536585366,0.7409638554216867,0.5412378969541274,0.15989159891598917
context_action,370,0.7429718875502008,0.907559868969534,0.5864864864864865,0.7429718875502008,0.5376584838763893,0.16216216216216217
context_action,371,0.7449799196787149,0.907559868969534,0.5876010781671159,0.7449799196787149,0.5358672971874119,0.16442048517520216
context_action,372,0.7469879518072289,0.9080467905405732,0.5887096774193549,0.7469879518072289,0.5346726555469767,0.16666666666666666
context_action,373,0.748995983935743,0.9080467905405732,0.5898123324396782,0.748995983935743,0.5346726555469767,0.16890080428954424
context_action,374,0.751004016064257,0.908531405784377,0.5909090909090909,0.751004016064257,0.5346726555469767,0.1711229946524064
context_action,375,0.7530120481927711,0.911155930634916,0.592,0.7530120481927711,0.5340751846596882,0.17066666666666666
context_action,376,0.7550200803212851,0.9146920508011304,0.5930851063829787,0.7550200803212851,0.5334776159913848,0.17287234042553193
context_action,377,0.7570281124497992,0.916444318534624,0.5941644562334217,0.7570281124497992,0.532879951241246,0.1724137931034483
context_action,378,0.7590361445783133,0.916914682305572,0.5952380952380952,0.7590361445783133,0.5316843402976604,0.1746031746031746
context_action,379,0.7610441767068273,0.916914682305572,0.5963060686015831,0.7610441767068273,0.5310863975079978,0.17678100263852242
context_action,380,0.7630522088353414,0.9189288367228788,0.5973684210526315,0.7630522088353414,0.5310863975079978,0.1763157894736842
context_action,381,0.7650602409638554,0.91910754541195,0.5984251968503937,0.7650602409638554,0.529890245810242,0.1784776902887139
context_action,382,0.7670682730923695,0.9193763461258208,0.599476439790576,0.7670682730923695,0.5292920403121317,0.1806282722513089
context_action,383,0.7690763052208835,0.9226654639133328,0.6005221932114883,0.7690763052208835,0.5082166226762042,0.1801566579634465
context_action,384,0.7710843373493976,0.9243096860650069,0.6015625,0.7710843373493976,0.5075088089231496,0.1796875
context_action,385,0.7730923694779116,0.9245129427005156,0.6025974025974026,0.7730923694779116,0.4848931181950459,0.17922077922077922
context_action,386,0.7751004016064257,0.9252551499628362,0.6036269430051814,0.7751004016064257,0.4848931181950459,0.17875647668393782
context_action,387,0.7771084337349398,0.9257219887987764,0.6046511627906976,0.7771084337349398,0.484293380067114,0.17829457364341086
context_action,388,0.7791164658634538,0.926518098542729,0.6056701030927835,0.7791164658634538,0.484293380067114,0.17783505154639176
context_action,389,0.7811244979919679,0.9281386586558532,0.6066838046272494,0.7811244979919679,0.4836936871760007,0.17994858611825193
context_action,390,0.7831325301204819,0.9293611928196468,0.6076923076923076,0.7831325301204819,0.483094041245278,0.1794871794871795
context_action,391,0.785140562248996,0.9297644157566616,0.6086956521739131,0.785140562248996,0.4824944439979779,0.1815856777493606
context_action,392,0.7871485943775101,0.9307631801435348,0.6096938775510204,0.7871485943775101,0.4812954024429506,0.1836734693877551
context_action,393,0.7891566265060241,0.931835645966084,0.6106870229007634,0.7891566265060241,0.4794972482785912,0.18575063613231552
context_action,394,0.7911646586345381,0.932139373636398,0.6116751269035533,0.7911646586345381,0.4565097427167582,0.18527918781725888
context_action,395,0.7931726907630522,0.9325943106049612,0.6126582278481013,0.7931726907630522,0.4563340899872493,0.18734177215189873
context_action,396,0.7951807228915663,0.9379678096857368,0.6136363636363636,0.7951807228915663,0.4563340899872493,0.1893939393939394
context_action,397,0.7971887550200804,0.9388086871646292,0.6146095717884131,0.7971887550200804,0.4561584481180061,0.19143576826196473
context_action,398,0.7991967871485943,0.9388086871646292,0.6155778894472361,0.7991967871485943,0.4561584481180061,0.1934673366834171
context_action,399,0.8012048192771084,0.9394737048043996,0.6165413533834586,0.8012048192771084,0.4561584481180061,0.19548872180451127
context_action,400,0.8032128514056225,0.9405834019143388,0.6175,0.8032128514056225,0.4559828171520375,0.1975
context_action,401,0.8052208835341366,0.942448318085429,0.6184538653366584,0.8052208835341366,0.4559828171520375,0.19950124688279303
context_action,402,0.8072289156626506,0.9440958751168452,0.6194029850746269,0.8072289156626506,0.4559828171520375,0.20149253731343283
context_action,403,0.8092369477911646,0.9442619445952594,0.6203473945409429,0.8092369477911646,0.4559828171520375,0.20347394540942929
context_action,404,0.8112449799196787,0.944420019118039,0.6212871287128713,0.8112449799196787,0.4559828171520375,0.20544554455445543
context_action,405,0.8132530120481928,0.9480856969357734,0.6222222222222222,0.8132530120481928,0.4559828171520375,0.2074074074074074
context_action,406,0.8152610441767069,0.9485292430015456,0.6231527093596059,0.8152610441767069,0.4558071971323411,0.20935960591133004
context_action,407,0.8172690763052208,0.9486710728517675,0.6240786240786241,0.8172690763052208,0.4558071971323411,0.2113022113022113
context_action,408,0.8192771084337349,0.9490322622845664,0.625,0.8192771084337349,0.4558071971323411,0.2107843137254902
context_action,409,0.821285140562249,0.9495143172971652,0.6234718826405868,0.821285140562249,0.4558071971323411,0.21271393643031786
context_action,410,0.8232931726907631,0.9525057949648872,0.624390243902439,0.8232931726907631,0.4558071971323411,0.2146341463414634
context_action,411,0.8253012048192772,0.9544428058398255,0.6253041362530414,0.8253012048192772,0.4556315881019047,0.21654501216545013
context_action,412,0.8273092369477911,0.9580031514163898,0.6262135922330098,0.8273092369477911,0.4556315881019047,0.21844660194174756
context_action,413,0.8293172690763052,0.959005522299876,0.6271186440677966,0.8293172690763052,0.4556315881019047,0.22033898305084745
context_action,414,0.8313253012048193,0.9608643916450004,0.6280193236714976,0.8313253012048193,0.4556315881019047,0.2222222222222222
context_action,415,0.8333333333333334,0.962118383138868,0.6289156626506024,0.8333333333333334,0.4556315881019047,0.22409638554216868
context_action,416,0.8353413654618473,0.9624540172989224,0.6298076923076923,0.8353413654618473,0.4554559901037042,0.22596153846153846
context_action,417,0.8373493975903614,0.9627860186575836,0.6306954436450839,0.8373493975903614,0.4554559901037042,0.2278177458033573
context_action,418,0.8393574297188755,0.965484393182354,0.631578947368421,0.8393574297188755,0.455280403180705,0.22966507177033493
context_action,419,0.8413654618473896,0.9656777404184678,0.6324582338902148,0.8413654618473896,0.455280403180705,0.2315035799522673
context_action,420,0.8433734939759037,0.9659235566189384,0.6333333333333333,0.8433734939759037,0.455280403180705,0.23333333333333334
context_action,421,0.8453815261044176,0.9682193572451452,0.6342042755344418,0.8453815261044176,0.405894186899904,0.23515439429928742
context_action,422,0.8473895582329317,0.968313969185702,0.6327014218009479,0.8473895582329317,0.405894186899904,0.23459715639810427
context_action,423,0.8493975903614458,0.969061116823526,0.6335697399527187,0.8493975903614458,0.405894186899904,0.23404255319148937
context_action,424,0.8514056224899599,0.9698130311278288,0.6344339622641509,0.8514056224899599,0.405894186899904,0.2358490566037736
context_action,425,0.8534136546184738,0.9715836813765828,0.6352941176470588,0.8534136546184738,0.4057234709259909,0.2376470588235294
context_action,426,0.8554216867469879,0.9717438619537664,0.636150234741784,0.8554216867469879,0.4057234709259909,0.23708920187793428
context_action,427,0.857429718875502,0.971903165716834,0.6370023419203747,0.857429718875502,0.4057234709259909,0.2388758782201405
context_action,428,0.8594377510040161,0.9722976185841168,0.6378504672897196,0.8594377510040161,0.4057234709259909,0.2383177570093458
context_action,429,0.8614457831325302,0.97296035013223,0.6386946386946387,0.8614457831325302,0.4055527777400254,0.2400932400932401
context_action,430,0.8634538152610441,0.9743063328391944,0.6395348837209303,0.8634538152610441,0.4053821073802166,0.23953488372093024
context_action,431,0.8654618473895582,0.977414785120208,0.6403712296983759,0.8654618473895582,0.4053821073802166,0.23897911832946636
context_action,432,0.8674698795180723,0.977527856745685,0.6412037037037037,0.8674698795180723,0.4053821073802166,0.23842592592592593
context_action,433,0.8694779116465864,0.9788502824719458,0.6420323325635104,0.8694779116465864,0.4053821073802166,0.23787528868360278
context_action,434,0.8714859437751004,0.978896768547342,0.6428571428571429,0.8714859437751004,0.4053821073802166,0.23732718894009217
context_action,435,0.8734939759036144,0.9811496261959716,0.6436781609195402,0.8734939759036144,0.4052114598847515,0.2367816091954023
context_action,436,0.8755020080321285,0.9814271574679756,0.6444954128440367,0.8755020080321285,0.4052114598847515,0.23623853211009174
context_action,437,0.8775100401606426,0.9815225560615898,0.6453089244851259,0.8775100401606426,0.4052114598847515,0.2379862700228833
context_action,438,0.8795180722891566,0.983026105468302,0.6461187214611872,0.8795180722891566,0.4050408352917953,0.23972602739726026
context_action,439,0.8815261044176707,0.984301906630504,0.6469248291571754,0.8815261044176707,0.4050408352917953,0.23917995444191345
context_action,440,0.8835341365461847,0.9843915472848668,0.6477272727272727,0.8835341365461847,0.4050408352917953,0.23863636363636365
context_action,441,0.8855421686746988,0.9850479813496684,0.6485260770975056,0.8855421686746988,0.4048702336394922,0.23809523809523808
context_action,442,0.8875502008032129,0.9860809208995474,0.6493212669683258,0.8875502008032129,0.4048702336394922,0.23755656108597284
context_action,443,0.8895582329317269,0.9860809208995474,0.6501128668171557,0.8895582329317269,0.1235645887630377,0.23702031602708803
context_action,444,0.891566265060241,0.9875391048416816,0.6509009009009009,0.891566265060241,0.1186489630339402,0.23648648648648649
context_action,445,0.893574297188755,0.9875566216153464,0.651685393258427,0.893574297188755,0.1180064849913867,0.23595505617977527
context_action,446,0.8955823293172691,0.987838480651514,0.6524663677130045,0.8955823293172691,0.1180064849913867,0.23542600896860988
context_action,447,0.8975903614457831,0.9885449515930268,0.6532438478747203,0.8975903614457831,0.1017454907716089,0.2371364653243848
context_action,448,0.8995983935742972,0.9886835882211128,0.6540178571428571,0.8995983935742972,0.1011840358420441,0.23883928571428573
context_action,449,0.9016064257028112,0.9898168215413986,0.6547884187082406,0.9016064257028112,0.1009043406664472,0.24053452115812918
context_action,450,0.9036144578313253,0.9899371284936904,0.6555555555555556,0.9036144578313253,0.1003470088606663,0.24222222222222223
context_action,451,0.9056224899598394,0.9915164191104852,0.656319290465632,0.9056224899598394,0.1000693698155784,0.24390243902439024
context_action,452,0.9076305220883534,0.991562870606815,0.6570796460176991,0.9076305220883534,0.0767421897347958,0.24557522123893805
context_action,453,0.9096385542168675,0.991562870606815,0.6578366445916115,0.9096385542168675,0.07612616597621,0.24724061810154527
context_action,454,0.9116465863453815,0.9915747083574116,0.6585903083700441,0.9116465863453815,0.0759218350533886,0.2488986784140969
context_action,455,0.9136546184738956,0.9915806210557728,0.6593406593406593,0.9136546184738956,0.0757180076279507,0.25054945054945055
context_action,456,0.9156626506024096,0.9915937700202924,0.6600877192982456,0.9156626506024096,0.0755146827003199,0.25219298245614036
context_action,457,0.9176706827309237,0.9935592711092824,0.6608315098468271,0.9176706827309237,0.0743052296989601,0.2538293216630197
context_action,458,0.9196787148594378,0.9944459588981897,0.6615720524017468,0.9196787148594378,0.0741053943259832,0.2554585152838428
context_action,459,0.9216867469879518,0.9950964634194004,0.6623093681917211,0.9216867469879518,0.0701097432249476,0.2549019607843137
context_action,460,0.9236947791164659,0.9954611072917128,0.6630434782608695,0.9236947791164659,0.0637218445719173,0.2543478260869565
context_action,461,0.9257028112449799,0.9954738849553768,0.6637744034707158,0.9257028112449799,0.0596391895134031,0.2559652928416486
context_action,462,0.927710843373494,0.9954770737724123,0.6645021645021645,0.927710843373494,0.0589694047965739,0.25757575757575757
context_action,463,0.929718875502008,0.9954777952509754,0.6652267818574514,0.929718875502008,0.0585709247940623,0.2591792656587473
context_action,464,0.9317269076305221,0.995919024380566,0.665948275862069,0.9317269076305221,0.0579123984906079,0.2607758620689655
context_action,465,0.9337349397590361,0.99632107387416,0.6666666666666666,0.9337349397590361,0.0579123984906079,0.2623655913978495
context_action,466,0.9357429718875502,0.996473423616321,0.6673819742489271,0.9357429718875502,0.0575206245116864,0.26394849785407726
context_action,467,0.9377510040160643,0.9965712119398332,0.6680942184154176,0.9377510040160643,0.0432030700012993,0.26552462526766596
context_action,468,0.9397590361445783,0.996744161113788,0.6688034188034188,0.9397590361445783,0.0432030700012993,0.2670940170940171
context_action,469,0.9417670682730924,0.9969019367663302,0.6695095948827292,0.9417670682730924,0.043173813633195,0.26865671641791045
context_action,470,0.9437751004016064,0.997078018517732,0.6702127659574468,0.9437751004016064,0.043173813633195,0.2702127659574468
context_action,471,0.9457831325301205,0.997097439912366,0.6709129511677282,0.9457831325301205,0.0431445761836221,0.27176220806794055
context_action,472,0.9477911646586346,0.997148693677508,0.6716101694915254,0.9477911646586346,0.0431445761836221,0.2733050847457627
context_action,473,0.9497991967871486,0.997243345430162,0.6723044397463002,0.9497991967871486,0.0431445761836221,0.2748414376321353
context_action,474,0.9518072289156626,0.9972621501483476,0.6729957805907173,0.9518072289156626,0.0431445761836221,0.27637130801687765
context_action,475,0.9538152610441767,0.9972752313150556,0.6736842105263158,0.9538152610441767,0.0431153576415565,0.27789473684210525
context_action,476,0.9558232931726908,0.9974727082888748,0.6743697478991597,0.9558232931726908,0.0431153576415565,0.27941176470588236
context_action,477,0.9578313253012049,0.9975678139790056,0.6750524109014675,0.9578313253012049,0.0431153576415565,0.2809224318658281
context_action,478,0.9598393574297188,0.997649480643754,0.6757322175732218,0.9598393574297188,0.0431153576415565,0.2824267782426778
context_action,479,0.9618473895582329,0.9977704316816608,0.6764091858037579,0.9618473895582329,0.0430861579959791,0.2839248434237996
context_action,480,0.963855421686747,0.998374039927664,0.6770833333333334,0.963855421686747,0.0430861579959791,0.28541666666666665
context_action,481,0.9658634538152611,0.9986000055397448,0.6777546777546778,0.9658634538152611,0.0430861579959791,0.2869022869022869
context_action,482,0.9678714859437751,0.9988303703750888,0.6784232365145229,0.9678714859437751,0.0430861579959791,0.2883817427385892
context_action,483,0.9698795180722891,0.998848164995822,0.6790890269151139,0.9698795180722891,0.0430861579959791,0.2898550724637681
context_action,484,0.9718875502008032,0.9993714620541482,0.6797520661157025,0.9718875502008032,0.0430861579959791,0.29132231404958675
context_action,485,0.9738955823293173,0.9996400465127684,0.6804123711340206,0.9738955823293173,0.0430861579959791,0.2927835051546392
context_action,486,0.9759036144578314,0.9998934465418264,0.6810699588477366,0.9759036144578314,0.0430861579959791,0.294238683127572
context_action,487,0.9779116465863453,0.999898998123434,0.6817248459958932,0.9779116465863453,0.0430861579959791,0.29568788501026694
context_action,488,0.9799196787148594,0.9999337476523608,0.6823770491803278,0.9799196787148594,0.0430569772358755,0.29713114754098363
context_action,489,0.9819277108433735,0.9999347140056946,0.6830265848670757,0.9819277108433735,0.0430569772358755,0.2985685071574642
context_action,490,0.9839357429718876,0.9999398856275168,0.6836734693877551,0.9839357429718876,0.0430569772358755,0.3
context_action,491,0.9859437751004017,0.9999575265925276,0.6843177189409368,0.9859437751004017,0.0430569772358755,0.3014256619144603
context_action,492,0.9879518072289156,0.9999633867707818,0.6849593495934959,0.9879518072289156,0.0430569772358755,0.30284552845528456
context_action,493,0.9899598393574297,0.9999666034355044,0.6855983772819473,0.9899598393574297,0.0430569772358755,0.30425963488843816
context_action,494,0.9919678714859438,0.9999821891185368,0.6862348178137652,0.9919678714859438,0.043027815350236,0.305668016194332
context_action,495,0.9939759036144579,0.9999841492269524,0.6868686868686869,0.9939759036144579,0.043027815350236,0.30707070707070705
context_action,496,0.9959839357429718,0.9999851722450308,0.6875,0.9959839357429718,0.0429986723280559,0.3084677419354839
context_action,497,0.9979919678714859,0.9999986133309348,0.6881287726358148,0.9979919678714859,0.0429695481583351,0.30985915492957744
context_action,498,1.0,0.9999992814546944,0.6887550200803213,1.0,0.0429695481583351,0.3112449799196787
token_confidence,1,0.002008032128514056,0.020853472560644,0.0,0.002008032128514056,0.994883263243468,0.0
token_confidence,2,0.004016064257028112,0.0261778997350111,0.0,0.004016064257028112,0.9912731595541124,0.0
token_confidence,3,0.006024096385542169,0.0337681243903899,0.0,0.006024096385542169,0.9857400955106664,0.0
token_confidence,4,0.008032128514056224,0.0598422594983279,0.25,0.008032128514056224,0.98194198264881,0.0
token_confidence,5,0.010040160642570281,0.0625858771968714,0.4,0.010040160642570281,0.9798367211696134,0.0
token_confidence,6,0.012048192771084338,0.0648922812521589,0.3333333333333333,0.012048192771084338,0.9794981132864684,0.0
token_confidence,7,0.014056224899598393,0.0664191070937695,0.2857142857142857,0.014056224899598393,0.9789948234419068,0.0
token_confidence,8,0.01606425702811245,0.098859057519761,0.25,0.01606425702811245,0.9767764675809524,0.0
token_confidence,9,0.018072289156626505,0.1058026157997919,0.2222222222222222,0.018072289156626505,0.976436552522224,0.0
token_confidence,10,0.020080321285140562,0.1075051204668522,0.2,0.020080321285140562,0.9756967810988392,0.0
token_confidence,11,0.02208835341365462,0.1105038414939326,0.18181818181818182,0.02208835341365462,0.975001433188021,0.0
token_confidence,12,0.024096385542168676,0.1141307299456535,0.16666666666666666,0.024096385542168676,0.9720049852591556,0.0
token_confidence,13,0.02610441767068273,0.1147440098559218,0.15384615384615385,0.02610441767068273,0.9693155211338936,0.0
token_confidence,14,0.028112449799196786,0.1223044853884059,0.14285714285714285,0.028112449799196786,0.968597695548004,0.0
token_confidence,15,0.030120481927710843,0.1235172136698393,0.13333333333333333,0.030120481927710843,0.9678404014802812,0.0
token_confidence,16,0.0321285140562249,0.12662384113709,0.125,0.0321285140562249,0.9658121092494902,0.0
token_confidence,17,0.03413654618473896,0.1281677827089419,0.11764705882352941,0.03413654618473896,0.964942371101584,0.0
token_confidence,18,0.03614457831325301,0.1291383315959881,0.1111111111111111,0.03614457831325301,0.9639990485892286,0.0
token_confidence,19,0.03815261044176707,0.133126937517462,0.10526315789473684,0.03815261044176707,0.9634519805633494,0.0
token_confidence,20,0.040160642570281124,0.1418596727520592,0.1,0.040160642570281124,0.96224801996664,0.0
token_confidence,21,0.04216867469879518,0.146067429883436,0.09523809523809523,0.04216867469879518,0.9617030992146924,0.0
token_confidence,22,0.04417670682730924,0.1500338309738085,0.09090909090909091,0.04417670682730924,0.9596133712619836,0.0
token_confidence,23,0.04618473895582329,0.1614701643033088,0.08695652173913043,0.04618473895582329,0.9574302270515104,0.0
token_confidence,24,0.04819277108433735,0.1680384623782097,0.125,0.04819277108433735,0.9571231280807276,0.0
token_confidence,25,0.050200803212851405,0.1812513386293173,0.12,0.050200803212851405,0.9565824257309978,0.0
token_confidence,26,0.05220883534136546,0.1838158668362077,0.11538461538461539,0.05220883534136546,0.9560824326737508,0.0
token_confidence,27,0.05421686746987952,0.1851131978902047,0.14814814814814814,0.05421686746987952,0.9548844410105768,0.037037037037037035
token_confidence,28,0.05622489959839357,0.1878019441640784,0.14285714285714285,0.05622489959839357,0.9539222135260128,0.03571428571428571
token_confidence,29,0.05823293172690763,0.1887264312544404,0.1724137931034483,0.05823293172690763,0.9535911799251902,0.034482758620689655
token_confidence,30,0.060240963855421686,0.1940797350749351,0.16666666666666666,0.060240963855421686,0.9532006735135232,0.03333333333333333
token_confidence,31,0.06224899598393574,0.1946912352853951,0.16129032258064516,0.06224899598393574,0.9527017011345884,0.03225806451612903
token_confidence,32,0.0642570281124498,0.1953236518351747,0.15625,0.0642570281124498,0.9519434936871872,0.03125
token_confidence,33,0.06626506024096386,0.195491397523161,0.15151515151515152,0.06626506024096386,0.9519078502123888,0.030303030303030304
token_confidence,34,0.06827309236947791,0.2044916952114434,0.14705882352941177,0.06827309236947791,0.9519032502486752,0.029411764705882353
token_confidence,35,0.07028112449799197,0.2059924705751609,0.17142857142857143,0.07028112449799197,0.9512294387928144,0.02857142857142857
token_confidence,36,0.07228915662650602,0.2292317825658877,0.16666666666666666,0.07228915662650602,0.9504490380792155,0.027777777777777776
token_confidence,37,0.07429718875502007,0.2293394353959492,0.1891891891891892,0.07429718875502007,0.9501371733991644,0.02702702702702703
token_confidence,38,0.07630522088353414,0.2350177213739212,0.18421052631578946,0.07630522088353414,0.9498116094208442,0.02631578947368421
token_confidence,39,0.0783132530120482,0.242199174839138,0.1794871794871795,0.0783132530120482,0.9495645645680548,0.02564102564102564
token_confidence,40,0.08032128514056225,0.2422387890583295,0.175,0.08032128514056225,0.9490901267677327,0.025
token_confidence,41,0.0823293172690763,0.2448421500830892,0.17073170731707318,0.0823293172690763,0.9460837224090828,0.024390243902439025
token_confidence,42,0.08433734939759036,0.2521703316247313,0.16666666666666666,0.08433734939759036,0.9458987434975245,0.023809523809523808
token_confidence,43,0.08634538152610442,0.2572640121449903,0.16279069767441862,0.08634538152610442,0.9455755011236254,0.023255813953488372
token_confidence,44,0.08835341365461848,0.2623667758180699,0.18181818181818182,0.08835341365461848,0.9442000848308842,0.022727272727272728
token_confidence,45,0.09036144578313253,0.2658376649991749,0.2,0.09036144578313253,0.9439998330187837,0.022222222222222223
token_confidence,46,0.09236947791164658,0.2690827293482479,0.1956521739130435,0.09236947791164658,0.9396118597152628,0.021739130434782608
token_confidence,47,0.09437751004016064,0.2719740964174129,0.19148936170212766,0.09437751004016064,0.9378319821028904,0.02127659574468085
token_confidence,48,0.0963855421686747,0.27318849156756,0.1875,0.0963855421686747,0.9367108939357494,0.020833333333333332
token_confidence,49,0.09839357429718876,0.277033824270795,0.1836734693877551,0.09839357429718876,0.935169506805616,0.02040816326530612
token_confidence,50,0.10040160642570281,0.291018168143385,0.18,0.10040160642570281,0.9331917644695104,0.02
token_confidence,51,0.10240963855421686,0.29314531036543,0.17647058823529413,0.10240963855421686,0.9331877652045906,0.0392156862745098
token_confidence,52,0.10441767068273092,0.3019550928622278,0.17307692307692307,0.10441767068273092,0.9319975647481544,0.038461538461538464
token_confidence,53,0.10642570281124498,0.3022855531530969,0.18867924528301888,0.10642570281124498,0.9311018645352884,0.03773584905660377
token_confidence,54,0.10843373493975904,0.3065459222483391,0.18518518518518517,0.10843373493975904,0.9310145719251228,0.037037037037037035
token_confidence,55,0.11044176706827309,0.3127248036570875,0.18181818181818182,0.11044176706827309,0.9308315436529618,0.03636363636363636
token_confidence,56,0.11244979919678715,0.3190865407029037,0.19642857142857142,0.11244979919678715,0.929510689247315,0.03571428571428571
token_confidence,57,0.1144578313253012,0.322531541056579,0.21052631578947367,0.1144578313253012,0.9289623055221256,0.05263157894736842
token_confidence,58,0.11646586345381527,0.3316605089940937,0.22413793103448276,0.11646586345381527,0.9262779736384166,0.05172413793103448
token_confidence,59,0.11847389558232932,0.3337591617498431,0.23728813559322035,0.11847389558232932,0.9261870492847972,0.05084745762711865
token_confidence,60,0.12048192771084337,0.3569896720237063,0.23333333333333334,0.12048192771084337,0.9261355318217234,0.05
token_confidence,61,0.12248995983935743,0.3660726155030434,0.22950819672131148,0.12248995983935743,0.9253248212933768,0.04918032786885246
token_confidence,62,0.12449799196787148,0.3691673307060238,0.22580645161290322,0.12449799196787148,0.9239323647617026,0.04838709677419355
token_confidence,63,0.12650602409638553,0.3701170393184496,0.2222222222222222,0.12650602409638553,0.9236161249186884,0.047619047619047616
token_confidence,64,0.1285140562248996,0.3833356369579447,0.234375,0.1285140562248996,0.9231781825079256,0.046875
token_confidence,65,0.13052208835341367,0.3891794699281127,0.23076923076923078,0.13052208835341367,0.9217307020957772,0.06153846153846154
token_confidence,66,0.13253012048192772,0.3905453181012066,0.22727272727272727,0.13253012048192772,0.9216642159144784,0.06060606060606061
token_confidence,67,0.13453815261044177,0.3919331829409623,0.23880597014925373,0.13453815261044177,0.9208217006184292,0.05970149253731343
token_confidence,68,0.13654618473895583,0.3987400661180436,0.23529411764705882,0.13654618473895583,0.920166175143744,0.058823529411764705
token_confidence,69,0.13855421686746988,0.4066885236643675,0.2463768115942029,0.13855421686746988,0.9195421822833224,0.057971014492753624
token_confidence,70,0.14056224899598393,0.4072614417473183,0.24285714285714285,0.14056224899598393,0.9194686314207312,0.05714285714285714
token_confidence,71,0.142570281124498,0.414826373996552,0.2535211267605634,0.142570281124498,0.9194458032560388,0.056338028169014086
token_confidence,72,0.14457831325301204,0.4154237228464614,0.2638888888888889,0.14457831325301204,0.919309033795686,0.05555555555555555
token_confidence,73,0.1465863453815261,0.4185353203763639,0.2602739726027397,0.1465863453815261,0.9183151792686072,0.0547945205479452
token_confidence,74,0.14859437751004015,0.4210435106424648,0.25675675675675674,0.14859437751004015,0.917279457761394,0.05405405405405406
token_confidence,75,0.15060240963855423,0.4220344586971533,0.25333333333333335,0.15060240963855423,0.9133363578113216,0.05333333333333334
token_confidence,76,0.15261044176706828,0.4252485599223626,0.25,0.15261044176706828,0.9107665955413918,0.05263157894736842
token_confidence,77,0.15461847389558234,0.4287749683290069,0.24675324675324675,0.15461847389558234,0.9104745232246918,0.05194805194805195
token_confidence,78,0.1566265060240964,0.4369558673429448,0.24358974358974358,0.1566265060240964,0.9102602082437145,0.05128205128205128
token_confidence,79,0.15863453815261044,0.4403215027576104,0.25316455696202533,0.15863453815261044,0.9098435694439048,0.05063291139240506
token_confidence,80,0.1606425702811245,0.4403807397230714,0.25,0.1606425702811245,0.909334391807698,0.0625
token_confidence,81,0.16265060240963855,0.4513733297459219,0.25925925925925924,0.16265060240963855,0.9090361626501056,0.06172839506172839
token_confidence,82,0.1646586345381526,0.4519446830671085,0.25609756097560976,0.1646586345381526,0.9087807213266434,0.06097560975609756
token_confidence,83,0.16666666666666666,0.453013529718431,0.25301204819277107,0.16666666666666666,0.9062100177820926,0.060240963855421686
token_confidence,84,0.1686746987951807,0.4571746594341437,0.2619047619047619,0.1686746987951807,0.9042254916046384,0.05952380952380952
token_confidence,85,0.1706827309236948,0.4605935502993853,0.25882352941176473,0.1706827309236948,0.9039793820068042,0.058823529411764705
token_confidence,86,0.17269076305220885,0.4621459231910668,0.2558139534883721,0.17269076305220885,0.9034563471516024,0.05813953488372093
token_confidence,87,0.1746987951807229,0.4695149454428955,0.25287356321839083,0.1746987951807229,0.9033668278382236,0.05747126436781609
token_confidence,88,0.17670682730923695,0.4727838686256209,0.25,0.17670682730923695,0.8987767950797406,0.056818181818181816
token_confidence,89,0.178714859437751,0.4800162653475363,0.25842696629213485,0.178714859437751,0.8982159328691892,0.056179775280898875
token_confidence,90,0.18072289156626506,0.4816363359325641,0.26666666666666666,0.18072289156626506,0.8971956664250669,0.06666666666666667
token_confidence,91,0.1827309236947791,0.4845211237742023,0.27472527472527475,0.1827309236947791,0.8970877717450664,0.06593406593406594
token_confidence,92,0.18473895582329317,0.4851257812686317,0.2717391304347826,0.18473895582329317,0.8968488827719184,0.06521739130434782
token_confidence,93,0.18674698795180722,0.4947815505854607,0.26881720430107525,0.18674698795180722,0.8960290486106179,0.06451612903225806
token_confidence,94,0.18875502008032127,0.4950475470352544,0.26595744680851063,0.18875502008032127,0.8957357494169108,0.06382978723404255
token_confidence,95,0.19076305220883535,0.5008984028742508,0.2736842105263158,0.19076305220883535,0.8952311787957608,0.06315789473684211
token_confidence,96,0.1927710843373494,0.5038113834664468,0.28125,0.1927710843373494,0.8951887577962504,0.0625
token_confidence,97,0.19477911646586346,0.507710001711459,0.28865979381443296,0.19477911646586346,0.8950812117502653,0.061855670103092786
token_confidence,98,0.19678714859437751,0.5099629085355445,0.2857142857142857,0.19678714859437751,0.8947106517766222,0.061224489795918366
token_confidence,99,0.19879518072289157,0.5184790877264479,0.2828282828282828,0.19879518072289157,0.8941380216309321,0.0707070707070707
token_confidence,100,0.20080321285140562,0.5188203025110408,0.28,0.20080321285140562,0.892145062675981,0.07
token_confidence,101,0.20281124497991967,0.5202079506467927,0.27722772277227725,0.20281124497991967,0.8902241398570852,0.07920792079207921
token_confidence,102,0.20481927710843373,0.5216595126303198,0.28431372549019607,0.20481927710843373,0.8898648535580089,0.0784313725490196
token_confidence,103,0.20682730923694778,0.5302359896043385,0.2912621359223301,0.20682730923694778,0.8888693109617853,0.07766990291262135
token_confidence,104,0.20883534136546184,0.5385638397785306,0.2980769230769231,0.20883534136546184,0.8845373604452581,0.07692307692307693
token_confidence,105,0.21084337349397592,0.5391410308990496,0.29523809523809524,0.21084337349397592,0.8842508698302924,0.0761904761904762
token_confidence,106,0.21285140562248997,0.5399649823398566,0.3018867924528302,0.21285140562248997,0.8838173986311121,0.07547169811320754
token_confidence,107,0.21485943775100402,0.5481260932980411,0.29906542056074764,0.21485943775100402,0.883645984783549,0.07476635514018691
token_confidence,108,0.21686746987951808,0.5508483787846101,0.3055555555555556,0.21686746987951808,0.8829668432782619,0.08333333333333333
token_confidence,109,0.21887550200803213,0.5512878939437923,0.30275229357798167,0.21887550200803213,0.881407269877143,0.08256880733944955
token_confidence,110,0.22088353413654618,0.5577090409560844,0.3090909090909091,0.22088353413654618,0.8805154748194306,0.08181818181818182
token_confidence,111,0.22289156626506024,0.5586728206496171,0.3063063063063063,0.22289156626506024,0.8796169790453254,0.08108108108108109
token_confidence,112,0.2248995983935743,0.5608815631836028,0.30357142857142855,0.2248995983935743,0.8795960668352433,0.08035714285714286
token_confidence,113,0.22690763052208834,0.5635928833016645,0.3008849557522124,0.22690763052208834,0.877927658694714,0.07964601769911504
token_confidence,114,0.2289156626506024,0.5640038079710735,0.2982456140350877,0.2289156626506024,0.8762993497127232,0.07894736842105263
token_confidence,115,0.23092369477911648,0.5662574180991523,0.2956521739130435,0.23092369477911648,0.8746120016377358,0.08695652173913043
token_confidence,116,0.23293172690763053,0.5672769262867298,0.3017241379310345,0.23293172690763053,0.874158063824608,0.08620689655172414
token_confidence,117,0.23493975903614459,0.5730027160366225,0.3076923076923077,0.23493975903614459,0.8738078050392767,0.08547008547008547
token_confidence,118,0.23694779116465864,0.575458709294468,0.3135593220338983,0.23694779116465864,0.8733637114347743,0.0847457627118644
token_confidence,119,0.2389558232931727,0.5759312221524195,0.31932773109243695,0.2389558232931727,0.8724981014922982,0.08403361344537816
token_confidence,120,0.24096385542168675,0.5764932071974871,0.325,0.24096385542168675,0.8724619023645978,0.08333333333333333
token_confidence,121,0.2429718875502008,0.5776553317202585,0.3305785123966942,0.2429718875502008,0.871361559732444,0.08264462809917356
token_confidence,122,0.24497991967871485,0.5859547372020646,0.32786885245901637,0.24497991967871485,0.8711874274427746,0.08196721311475409
token_confidence,123,0.2469879518072289,0.5901848047987069,0.3252032520325203,0.2469879518072289,0.8700697912849883,0.08130081300813008
token_confidence,124,0.24899598393574296,0.5913397251008605,0.3225806451612903,0.24899598393574296,0.8695708092873115,0.08064516129032258
token_confidence,125,0.25100401606425704,0.592065278611835,0.328,0.25100401606425704,0.8694031836190755,0.08
token_confidence,126,0.25301204819277107,0.5922099275628319,0.3253968253968254,0.25301204819277107,0.8692260219934015,0.07936507936507936
token_confidence,127,0.25502008032128515,0.5936235916124357,0.3228346456692913,0.25502008032128515,0.8673865044350234,0.07874015748031496
token_confidence,128,0.2570281124497992,0.5940634211599986,0.3203125,0.2570281124497992,0.8667619824644203,0.078125
token_confidence,129,0.25903614457831325,0.5970167405573005,0.32558139534883723,0.25903614457831325,0.8638713555681815,0.07751937984496124
token_confidence,130,0.26104417670682734,0.597980707867232,0.33076923076923076,0.26104417670682734,0.8636034914151088,0.07692307692307693
token_confidence,131,0.26305220883534136,0.5982744582714561,0.33587786259541985,0.26305220883534136,0.8632971489359136,0.07633587786259542
token_confidence,132,0.26506024096385544,0.5988947370432717,0.3409090909090909,0.26506024096385544,0.8621944928006389,0.07575757575757576
token_confidence,133,0.26706827309236947,0.600893607219627,0.3458646616541353,0.26706827309236947,0.8609059301284968,0.07518796992481203
token_confidence,134,0.26907630522088355,0.6013736861278811,0.35074626865671643,0.26907630522088355,0.8600064536897889,0.07462686567164178
token_confidence,135,0.2710843373493976,0.6017881331422855,0.35555555555555557,0.2710843373493976,0.8598054411791342,0.08148148148148149
token_confidence,136,0.27309236947791166,0.602495166156602,0.35294117647058826,0.27309236947791166,0.8567757769520437,0.08088235294117647
token_confidence,137,0.2751004016064257,0.6027400791275367,0.35036496350364965,0.2751004016064257,0.8549426614983399,0.08029197080291971
token_confidence,138,0.27710843373493976,0.6050058127688698,0.34782608695652173,0.27710843373493976,0.8542525083391889,0.07971014492753623
token_confidence,139,0.2791164658634538,0.6105080918776148,0.35251798561151076,0.2791164658634538,0.8539819146627796,0.07913669064748201
token_confidence,140,0.28112449799196787,0.6107794823761779,0.35714285714285715,0.28112449799196787,0.8539392195575314,0.07857142857142857
token_confidence,141,0.28313253012048195,0.6127131160150142,0.3546099290780142,0.28313253012048195,0.8535249443686715,0.0851063829787234
token_confidence,142,0.285140562248996,0.6153351146028592,0.352112676056338,0.285140562248996,0.8529206281571394,0.08450704225352113
token_confidence,143,0.28714859437751006,0.6155652109934511,0.34965034965034963,0.28714859437751006,0.8523524677983975,0.08391608391608392
token_confidence,144,0.2891566265060241,0.6160579933892457,0.3472222222222222,0.2891566265060241,0.8495795864734443,0.08333333333333333
token_confidence,145,0.29116465863453816,0.6180569257823518,0.35172413793103446,0.29116465863453816,0.8493709751346152,0.0896551724137931
token_confidence,146,0.2931726907630522,0.618296735591382,0.3493150684931507,0.2931726907630522,0.8478757777680366,0.08904109589041095
token_confidence,147,0.29518072289156627,0.6201585571967179,0.35374149659863946,0.29518072289156627,0.8459989270418417,0.08843537414965986
token_confidence,148,0.2971887550200803,0.6213896628171958,0.3581081081081081,0.2971887550200803,0.8459176398681704,0.08783783783783784
token_confidence,149,0.2991967871485944,0.6217285195226225,0.35570469798657717,0.2991967871485944,0.8452915201580101,0.087248322147651
token_confidence,150,0.30120481927710846,0.6224157125897642,0.35333333333333333,0.30120481927710846,0.843523460034042,0.08666666666666667
token_confidence,151,0.3032128514056225,0.6235132750626966,0.3576158940397351,0.3032128514056225,0.8417925282358009,0.08609271523178808
token_confidence,152,0.30522088353413657,0.6240088625861125,0.3618421052631579,0.30522088353413657,0.8405258944210723,0.08552631578947369
token_confidence,153,0.3072289156626506,0.6241821427403783,0.3660130718954248,0.3072289156626506,0.8380251791900117,0.0915032679738562
token_confidence,154,0.3092369477911647,0.6249253221200876,0.36363636363636365,0.3092369477911647,0.8372788144681156,0.09090909090909091
token_confidence,155,0.3112449799196787,0.6251603081468524,0.36774193548387096,0.3112449799196787,0.8361586384633662,0.09032258064516129
token_confidence,156,0.3132530120481928,0.627083534924966,0.36538461538461536,0.3132530120481928,0.8325383381109906,0.08974358974358974
token_confidence,157,0.3152610441767068,0.6274235858919891,0.3630573248407643,0.3152610441767068,0.8317537739409854,0.08917197452229299
token_confidence,158,0.3172690763052209,0.6285148706957452,0.3670886075949367,0.3172690763052209,0.8313955622094538,0.08860759493670886
token_confidence,159,0.3192771084337349,0.6300174412681577,0.3710691823899371,0.3192771084337349,0.8301309357185345,0.0880503144654088
token_confidence,160,0.321285140562249,0.63013133266409,0.375,0.321285140562249,0.8297954434546597,0.0875
token_confidence,161,0.3232931726907631,0.6389437681949898,0.37888198757763975,0.3232931726907631,0.8271749704857684,0.08695652173913043
token_confidence,162,0.3253012048192771,0.6393233536544229,0.3765432098765432,0.3253012048192771,0.8249860204598572,0.08641975308641975
token_confidence,163,0.3273092369477912,0.6395870076581696,0.3803680981595092,0.3273092369477912,0.8237286474756567,0.08588957055214724
token_confidence,164,0.3293172690763052,0.6411372015250353,0.38414634146341464,0.3293172690763052,0.8226742649165523,0.08536585365853659
token_confidence,165,0.3313253012048193,0.64154135817909,0.3878787878787879,0.3313253012048193,0.8217037604508953,0.08484848484848485
token_confidence,166,0.3333333333333333,0.6415791310240797,0.3855421686746988,0.3333333333333333,0.8213183800347555,0.08433734939759036
token_confidence,167,0.3353413654618474,0.646314582360981,0.38323353293413176,0.3353413654618474,0.8201859706635469,0.08383233532934131
token_confidence,168,0.3373493975903614,0.647153862449794,0.38095238095238093,0.3373493975903614,0.8198403254911705,0.08333333333333333
token_confidence,169,0.3393574297188755,0.6479796532842842,0.38461538461538464,0.3393574297188755,0.8164570236768565,0.08284023668639054
token_confidence,170,0.3413654618473896,0.6489600967763832,0.38823529411764707,0.3413654618473896,0.816449224110819,0.08235294117647059
token_confidence,171,0.3433734939759036,0.6496162214297785,0.38596491228070173,0.3433734939759036,0.81629735814539,0.08187134502923976
token_confidence,172,0.3453815261044177,0.6498175414790416,0.38953488372093026,0.3453815261044177,0.8156711069051548,0.08139534883720931
token_confidence,173,0.3473895582329317,0.6513297418238866,0.3930635838150289,0.3473895582329317,0.8130131766174085,0.08670520231213873
token_confidence,174,0.3493975903614458,0.6532767029835431,0.39655172413793105,0.3493975903614458,0.8122420947101155,0.08620689655172414
token_confidence,175,0.3514056224899598,0.6542738115327181,0.3942857142857143,0.3514056224899598,0.8119455811442129,0.08571428571428572
token_confidence,176,0.3534136546184739,0.654437887164184,0.3977272727272727,0.3534136546184739,0.8116805696980715,0.08522727272727272
token_confidence,177,0.35542168674698793,0.6552042014171332,0.4011299435028249,0.35542168674698793,0.8112595138957223,0.0847457627118644
token_confidence,178,0.357429718875502,0.6566411295387435,0.398876404494382,0.357429718875502,0.8103725516429361,0.0898876404494382
token_confidence,179,0.35943775100401604,0.6651988266761962,0.4022346368715084,0.35943775100401604,0.8103346337531161,0.0893854748603352
token_confidence,180,0.3614457831325301,0.6693780821356505,0.4,0.3614457831325301,0.808502581494536,0.09444444444444444
token_confidence,181,0.3634538152610442,0.6702609806015413,0.40331491712707185,0.3634538152610442,0.8082400087148734,0.09392265193370165
token_confidence,182,0.3654618473895582,0.6703789315320238,0.4010989010989011,0.3654618473895582,0.8080984888019007,0.09340659340659341
token_confidence,183,0.3674698795180723,0.6713732843238246,0.40437158469945356,0.3674698795180723,0.808087483605758,0.09836065573770492
token_confidence,184,0.36947791164658633,0.673728236549838,0.40217391304347827,0.36947791164658633,0.8077524337146276,0.09782608695652174
token_confidence,185,0.3714859437751004,0.6769765048470915,0.4,0.3714859437751004,0.8065075104357119,0.0972972972972973
token_confidence,186,0.37349397590361444,0.677371551494151,0.4032258064516129,0.37349397590361444,0.806080220812917,0.0967741935483871
token_confidence,187,0.3755020080321285,0.6777711232735815,0.40641711229946526,0.3755020080321285,0.8060083119451309,0.0962566844919786
token_confidence,188,0.37751004016064255,0.6778320016609994,0.40425531914893614,0.37751004016064255,0.7996135831435829,0.09574468085106383
token_confidence,189,0.3795180722891566,0.6783483441158416,0.4074074074074074,0.3795180722891566,0.7990303852952646,0.09523809523809523
token_confidence,190,0.3815261044176707,0.6784127007944004,0.4105263157894737,0.3815261044176707,0.7977461513110768,0.1
token_confidence,191,0.38353413654618473,0.6819138639655172,0.41361256544502617,0.38353413654618473,0.79703081133689,0.09947643979057591
token_confidence,192,0.3855421686746988,0.6821574402387405,0.4166666666666667,0.3855421686746988,0.7957046128919676,0.09895833333333333
token_confidence,193,0.38755020080321284,0.6828381616640591,0.41450777202072536,0.38755020080321284,0.7956637484999274,0.09844559585492228
token_confidence,194,0.3895582329317269,0.6842284781763749,0.4175257731958763,0.3895582329317269,0.7955192921640343,0.0979381443298969
token_confidence,195,0.39156626506024095,0.6844995350689667,0.4153846153846154,0.39156626506024095,0.7947421374923259,0.09743589743589744
token_confidence,196,0.39357429718875503,0.6876468180791498,0.41836734693877553,0.39357429718875503,0.7943302709830923,0.09693877551020408
token_confidence,197,0.39558232931726905,0.6884615700444647,0.41624365482233505,0.39558232931726905,0.7929497391543553,0.09644670050761421
token_confidence,198,0.39759036144578314,0.689483660873253,0.41919191919191917,0.39759036144578314,0.7914752903692646,0.09595959595959595
token_confidence,199,0.39959839357429716,0.6895453152312039,0.4221105527638191,0.39959839357429716,0.7907802220751333,0.09547738693467336
token_confidence,200,0.40160642570281124,0.6896300986899092,0.42,0.40160642570281124,0.7899875881891226,0.1
token_confidence,201,0.4036144578313253,0.6900328302664561,0.4228855721393035,0.4036144578313253,0.7863990706965929,0.09950248756218906
token_confidence,202,0.40562248995983935,0.6907163675276267,0.4207920792079208,0.40562248995983935,0.7858313007452765,0.09900990099009901
token_confidence,203,0.40763052208835343,0.6908251514554689,0.4236453201970443,0.40763052208835343,0.7852314678991859,0.09852216748768473
token_confidence,204,0.40963855421686746,0.692382614374676,0.4264705882352941,0.40963855421686746,0.7841050211534498,0.09803921568627451
token_confidence,205,0.41164658634538154,0.6940001097215879,0.424390243902439,0.41164658634538154,0.7832147349578706,0.0975609756097561
token_confidence,206,0.41365461847389556,0.6951606993071152,0.4223300970873786,0.41365461847389556,0.7805931747578275,0.0970873786407767
token_confidence,207,0.41566265060240964,0.6958970124618136,0.42028985507246375,0.41566265060240964,0.780564259680366,0.0966183574879227
token_confidence,208,0.41767068273092367,0.696299307269138,0.4230769230769231,0.41767068273092367,0.7795195839580843,0.09615384615384616
token_confidence,209,0.41967871485943775,0.697462007633043,0.4258373205741627,0.41967871485943775,0.778017840985903,0.09569377990430622
token_confidence,210,0.42168674698795183,0.698363168045148,0.42857142857142855,0.42168674698795183,0.7777030521862525,0.09523809523809523
token_confidence,211,0.42369477911646586,0.6986651761646121,0.4265402843601896,0.42369477911646586,0.7760857778159086,0.0947867298578199
token_confidence,212,0.42570281124497994,0.7013512882486753,0.42452830188679247,0.42570281124497994,0.7751632345983451,0.09433962264150944
token_confidence,213,0.42771084337349397,0.7034884290375955,0.4272300469483568,0.42771084337349397,0.7750738092686864,0.09859154929577464
token_confidence,214,0.42971887550200805,0.7035970206098929,0.42990654205607476,0.42971887550200805,0.774941906796235,0.102803738317757
token_confidence,215,0.43172690763052207,0.704552444992092,0.4325581395348837,0.43172690763052207,0.7740325185534749,0.10232558139534884
token_confidence,216,0.43373493975903615,0.7063482237760604,0.4351851851851852,0.43373493975903615,0.7735913530129113,0.10185185185185185
token_confidence,217,0.4357429718875502,0.7074320225321051,0.43317972350230416,0.4357429718875502,0.7728815561169357,0.10138248847926268
token_confidence,218,0.43775100401606426,0.7076146232977787,0.43577981651376146,0.43775100401606426,0.7721911291584679,0.10550458715596331
token_confidence,219,0.4397590361445783,0.7097361993070375,0.4383561643835616,0.4397590361445783,0.7689688949606914,0.1050228310502283
token_confidence,220,0.44176706827309237,0.711073091508259,0.43636363636363634,0.44176706827309237,0.7688832281408068,0.10454545454545454
token_confidence,221,0.44377510040160645,0.7115578222160827,0.43891402714932126,0.44377510040160645,0.7681399142990829,0.1085972850678733
token_confidence,222,0.4457831325301205,0.7117563666260335,0.44144144144144143,0.4457831325301205,0.767386176121909,0.10810810810810811
token_confidence,223,0.44779116465863456,0.7122211415302145,0.4439461883408072,0.44779116465863456,0.7670215282917147,0.10762331838565023
token_confidence,224,0.4497991967871486,0.7162247434612758,0.44642857142857145,0.4497991967871486,0.7664889724630766,0.11160714285714286
token_confidence,225,0.45180722891566266,0.7163639037314723,0.4488888888888889,0.45180722891566266,0.7659378119128859,0.1111111111111111
token_confidence,226,0.4538152610441767,0.7172304526732947,0.45132743362831856,0.4538152610441767,0.7652706604259637,0.11061946902654868
token_confidence,227,0.45582329317269077,0.7173670477778679,0.45374449339207046,0.45582329317269077,0.7648656901891113,0.11013215859030837
token_confidence,228,0.4578313253012048,0.7174860528676608,0.4517543859649123,0.4578313253012048,0.7646674289852378,0.10964912280701754
token_confidence,229,0.4598393574297189,0.7181707078252294,0.45414847161572053,0.4598393574297189,0.7644932768173652,0.1091703056768559
token_confidence,230,0.46184738955823296,0.7184847922515419,0.45652173913043476,0.46184738955823296,0.7636648082195734,0.10869565217391304
token_confidence,231,0.463855421686747,0.7211403084153825,0.4588744588744589,0.463855421686747,0.7632011234610777,0.10822510822510822
token_confidence,232,0.46586345381526106,0.7212563085933864,0.46120689655172414,0.46586345381526106,0.7614840560982283,0.10775862068965517
token_confidence,233,0.4678714859437751,0.7213011560389043,0.463519313304721,0.4678714859437751,0.7610893176860546,0.1072961373390558
token_confidence,234,0.46987951807228917,0.7229969183303409,0.4658119658119658,0.46987951807228917,0.7597999987598505,0.10683760683760683
token_confidence,235,0.4718875502008032,0.7280327146559467,0.46808510638297873,0.4718875502008032,0.7596096711487531,0.10638297872340426
token_confidence,236,0.4738955823293173,0.7281118873240394,0.4703389830508475,0.4738955823293173,0.7551066476734933,0.1059322033898305
token_confidence,237,0.4759036144578313,0.7282535854053724,0.47257383966244726,0.4759036144578313,0.7547204614846199,0.10970464135021098
token_confidence,238,0.4779116465863454,0.7288803097322069,0.47478991596638653,0.4779116465863454,0.7544763008590991,0.1092436974789916
token_confidence,239,0.4799196787148594,0.7289991594004492,0.47280334728033474,0.4799196787148594,0.7521753987915762,0.1087866108786611
token_confidence,240,0.4819277108433735,0.7291414566172162,0.4708333333333333,0.4819277108433735,0.7518245972575036,0.10833333333333334
token_confidence,241,0.4839357429718876,0.7308854353458449,0.4730290456431535,0.4839357429718876,0.7517975251525519,0.1078838174273859
token_confidence,242,0.4859437751004016,0.7310945808088535,0.47520661157024796,0.4859437751004016,0.7514644230576278,0.10743801652892562
token_confidence,243,0.4879518072289157,0.7320375155454827,0.4732510288065844,0.4879518072289157,0.7510373163477617,0.10699588477366255
token_confidence,244,0.4899598393574297,0.7325167300338074,0.47540983606557374,0.4899598393574297,0.7506854872725777,0.10655737704918032
token_confidence,245,0.4919678714859438,0.7328762161153014,0.4775510204081633,0.4919678714859438,0.7492446667367154,0.10612244897959183
token_confidence,246,0.4939759036144578,0.7342600212721261,0.4796747967479675,0.4939759036144578,0.7490843169566859,0.10569105691056911
token_confidence,247,0.4959839357429719,0.7374002025643797,0.4817813765182186,0.4959839357429719,0.7467119127308077,0.10526315789473684
token_confidence,248,0.4979919678714859,0.7375302378050221,0.4838709677419355,0.4979919678714859,0.7436785422177051,0.10483870967741936
token_confidence,249,0.5,0.7401871203399604,0.4819277108433735,0.5,0.742963143354339,0.10441767068273092
token_confidence,250,0.5020080321285141,0.742963143354339,0.484,0.5020080321285141,0.7401871203399604,0.108
token_confidence,251,0.5040160642570282,0.7436785422177051,0.4860557768924303,0.5040160642570282,0.7375302378050221,0.10756972111553785
token_confidence,252,0.5060240963855421,0.7467119127308077,0.4880952380952381,0.5060240963855421,0.7374002025643797,0.10714285714285714
token_confidence,253,0.5080321285140562,0.7490843169566859,0.4901185770750988,0.5080321285140562,0.7342600212721261,0.1067193675889328
token_confidence,254,0.5100401606425703,0.7492446667367154,0.4921259842519685,0.5100401606425703,0.7328762161153014,0.1062992125984252
token_confidence,255,0.5120481927710844,0.7506854872725777,0.49411764705882355,0.5120481927710844,0.7325167300338074,0.10588235294117647
token_confidence,256,0.5140562248995983,0.7510373163477617,0.49609375,0.5140562248995983,0.7320375155454827,0.109375
token_confidence,257,0.5160642570281124,0.7514644230576278,0.4980544747081712,0.5160642570281124,0.7310945808088535,0.10894941634241245
token_confidence,258,0.5180722891566265,0.7517975251525519,0.5,0.5180722891566265,0.7308854353458449,0.10852713178294573
token_confidence,259,0.5200803212851406,0.7518245972575036,0.5019305019305019,0.5200803212851406,0.7291414566172162,0.11196911196911197
token_confidence,260,0.5220883534136547,0.7521753987915762,0.5038461538461538,0.5220883534136547,0.7289991594004492,0.11538461538461539
token_confidence,261,0.5240963855421686,0.7544763008590991,0.5057471264367817,0.5240963855421686,0.7288803097322069,0.11494252873563218
token_confidence,262,0.5261044176706827,0.7547204614846199,0.5038167938931297,0.5261044176706827,0.7282535854053724,0.11450381679389313
token_confidence,263,0.5281124497991968,0.7551066476734933,0.5057034220532319,0.5281124497991968,0.7281118873240394,0.11406844106463879
token_confidence,264,0.5301204819277109,0.7596096711487531,0.5075757575757576,0.5301204819277109,0.7280327146559467,0.11363636363636363
token_confidence,265,0.5321285140562249,0.7597999987598505,0.5094339622641509,0.5321285140562249,0.7229969183303409,0.11320754716981132
token_confidence,266,0.5341365461847389,0.7610893176860546,0.5112781954887218,0.5341365461847389,0.7213011560389043,0.11278195488721804
token_confidence,267,0.536144578313253,0.7614840560982283,0.5131086142322098,0.536144578313253,0.7212563085933864,0.11235955056179775
token_confidence,268,0.5381526104417671,0.7632011234610777,0.5149253731343284,0.5381526104417671,0.7211403084153825,0.11194029850746269
token_confidence,269,0.5401606425702812,0.7636648082195734,0.516728624535316,0.5401606425702812,0.7184847922515419,0.11152416356877323
token_confidence,270,0.5421686746987951,0.7644932768173652,0.5185185185185185,0.5421686746987951,0.7181707078252294,0.1111111111111111
token_confidence,271,0.5441767068273092,0.7646674289852378,0.5202952029520295,0.5441767068273092,0.7174860528676608,0.11439114391143912
token_confidence,272,0.5461847389558233,0.7648656901891113,0.5220588235294118,0.5461847389558233,0.7173670477778679,0.11397058823529412
token_confidence,273,0.5481927710843374,0.7652706604259637,0.5238095238095238,0.5481927710843374,0.7172304526732947,0.11355311355311355
token_confidence,274,0.5502008032128514,0.7659378119128859,0.5255474452554745,0.5502008032128514,0.7163639037314723,0.11313868613138686
token_confidence,275,0.5522088353413654,0.7664889724630766,0.5236363636363637,0.5522088353413654,0.7162247434612758,0.11272727272727273
token_confidence,276,0.5542168674698795,0.7670215282917147,0.5253623188405797,0.5542168674698795,0.7122211415302145,0.11231884057971014
token_confidence,277,0.5562248995983936,0.767386176121909,0.5270758122743683,0.5562248995983936,0.7117563666260335,0.11191335740072202
token_confidence,278,0.5582329317269076,0.7681399142990829,0.5251798561151079,0.5582329317269076,0.7115578222160827,0.11151079136690648
token_confidence,279,0.5602409638554217,0.7688832281408068,0.5268817204301075,0.5602409638554217,0.711073091508259,0.11469534050179211
token_confidence,280,0.5622489959839357,0.7689688949606914,0.5285714285714286,0.5622489959839357,0.7097361993070375,0.11428571428571428
token_confidence,281,0.5642570281124498,0.7721911291584679,0.5266903914590747,0.5642570281124498,0.7076146232977787,0.11387900355871886
token_confidence,282,0.5662650602409639,0.7728815561169357,0.5283687943262412,0.5662650602409639,0.7074320225321051,0.11702127659574468
token_confidence,283,0.5682730923694779,0.7735913530129113,0.5300353356890459,0.5682730923694779,0.7063482237760604,0.1166077738515901
token_confidence,284,0.570281124497992,0.7740325185534749,0.5316901408450704,0.570281124497992,0.704552444992092,0.11619718309859155
token_confidence,285,0.572289156626506,0.774941906796235,0.5298245614035088,0.572289156626506,0.7035970206098929,0.11578947368421053
token_confidence,286,0.5742971887550201,0.7750738092686864,0.527972027972028,0.5742971887550201,0.7034884290375955,0.11538461538461539
token_confidence,287,0.5763052208835341,0.7751632345983451,0.5296167247386759,0.5763052208835341,0.7013512882486753,0.11846689895470383
token_confidence,288,0.5783132530120482,0.7760857778159086,0.53125,0.5783132530120482,0.6986651761646121,0.12152777777777778
token_confidence,289,0.5803212851405622,0.7777030521862525,0.532871972318339,0.5803212851405622,0.698363168045148,0.12110726643598616
token_confidence,290,0.5823293172690763,0.778017840985903,0.5344827586206896,0.5823293172690763,0.697462007633043,0.1206896551724138
token_confidence,291,0.5843373493975904,0.7795195839580843,0.5360824742268041,0.5843373493975904,0.696299307269138,0.12027491408934708
token_confidence,292,0.5863453815261044,0.780564259680366,0.5376712328767124,0.5863453815261044,0.6958970124618136,0.1232876712328767
token_confidence,293,0.5883534136546185,0.7805931747578275,0.5392491467576792,0.5883534136546185,0.6951606993071152,0.12627986348122866
token_confidence,294,0.5903614457831325,0.7832147349578706,0.5408163265306123,0.5903614457831325,0.6940001097215879,0.1292517006802721
token_confidence,295,0.5923694779116466,0.7841050211534498,0.5423728813559322,0.5923694779116466,0.692382614374676,0.1288135593220339
token_confidence,296,0.5943775100401606,0.7852314678991859,0.543918918918919,0.5943775100401606,0.6908251514554689,0.12837837837837837
token_confidence,297,0.5963855421686747,0.7858313007452765,0.5454545454545454,0.5963855421686747,0.6907163675276267,0.13131313131313133
token_confidence,298,0.5983935742971888,0.7863990706965929,0.5469798657718121,0.5983935742971888,0.6900328302664561,0.13087248322147652
token_confidence,299,0.6004016064257028,0.7899875881891226,0.5451505016722408,0.6004016064257028,0.6896300986899092,0.13377926421404682
token_confidence,300,0.6024096385542169,0.7907802220751333,0.5466666666666666,0.6024096385542169,0.6895453152312039,0.13333333333333333
token_confidence,301,0.6044176706827309,0.7914752903692646,0.5481727574750831,0.6044176706827309,0.689483660873253,0.132890365448505
token_confidence,302,0.606425702811245,0.7929497391543553,0.5496688741721855,0.606425702811245,0.6884615700444647,0.1357615894039735
token_confidence,303,0.608433734939759,0.7943302709830923,0.5511551155115512,0.608433734939759,0.6876468180791498,0.1353135313531353
token_confidence,304,0.6104417670682731,0.7947421374923259,0.5526315789473685,0.6104417670682731,0.6844995350689667,0.13815789473684212
token_confidence,305,0.6124497991967871,0.7955192921640343,0.5540983606557377,0.6124497991967871,0.6842284781763749,0.1377049180327869
token_confidence,306,0.6144578313253012,0.7956637484999274,0.5555555555555556,0.6144578313253012,0.6828381616640591,0.14052287581699346
token_confidence,307,0.6164658634538153,0.7957046128919676,0.5570032573289903,0.6164658634538153,0.6821574402387405,0.14006514657980457
token_confidence,308,0.6184738955823293,0.79703081133689,0.5584415584415584,0.6184738955823293,0.6819138639655172,0.1396103896103896
token_confidence,309,0.6204819277108434,0.7977461513110768,0.5566343042071198,0.6204819277108434,0.6784127007944004,0.13915857605177995
token_confidence,310,0.6224899598393574,0.7990303852952646,0.5580645161290323,0.6224899598393574,0.6783483441158416,0.13870967741935483
token_confidence,311,0.6244979919678715,0.7996135831435829,0.5594855305466238,0.6244979919678715,0.6778320016609994,0.1414790996784566
token_confidence,312,0.6265060240963856,0.8060083119451309,0.5608974358974359,0.6265060240963856,0.6777711232735815,0.14102564102564102
token_confidence,313,0.6285140562248996,0.806080220812917,0.5623003194888179,0.6285140562248996,0.677371551494151,0.14057507987220447
token_confidence,314,0.6305220883534136,0.8065075104357119,0.5636942675159236,0.6305220883534136,0.6769765048470915,0.14331210191082802
token_confidence,315,0.6325301204819277,0.8077524337146276,0.5650793650793651,0.6325301204819277,0.673728236549838,0.14603174603174604
token_confidence,316,0.6345381526104418,0.808087483605758,0.5632911392405063,0.6345381526104418,0.6713732843238246,0.14556962025316456
token_confidence,317,0.6365461847389559,0.8080984888019007,0.5646687697160884,0.6365461847389559,0.6703789315320238,0.14826498422712933
token_confidence,318,0.6385542168674698,0.8082400087148734,0.5660377358490566,0.6385542168674698,0.6702609806015413,0.14779874213836477
token_confidence,319,0.6405622489959839,0.808502581494536,0.5642633228840125,0.6405622489959839,0.6693780821356505,0.15047021943573669
token_confidence,320,0.642570281124498,0.8103346337531161,0.565625,0.642570281124498,0.6651988266761962,0.15
token_confidence,321,0.6445783132530121,0.8103725516429361,0.5638629283489096,0.6445783132530121,0.6566411295387435,0.1526479750778816
token_confidence,322,0.6465863453815262,0.8112595138957223,0.5652173913043478,0.6465863453815262,0.6552042014171332,0.15217391304347827
token_confidence,323,0.6485943775100401,0.8116805696980715,0.56656346749226,0.6485943775100401,0.654437887164184,0.15170278637770898
token_confidence,324,0.6506024096385542,0.8119455811442129,0.5679012345679012,0.6506024096385542,0.6542738115327181,0.15432098765432098
token_confidence,325,0.6526104417670683,0.8122420947101155,0.5692307692307692,0.6526104417670683,0.6532767029835431,0.15384615384615385
token_confidence,326,0.6546184738955824,0.8130131766174085,0.5674846625766872,0.6546184738955824,0.6513297418238866,0.15337423312883436
token_confidence,327,0.6566265060240963,0.8156711069051548,0.5688073394495413,0.6566265060240963,0.6498175414790416,0.1529051987767584
token_confidence,328,0.6586345381526104,0.81629735814539,0.5701219512195121,0.6586345381526104,0.6496162214297785,0.15548780487804878
token_confidence,329,0.6606425702811245,0.816449224110819,0.5714285714285714,0.6606425702811245,0.6489600967763832,0.15501519756838905
token_confidence,330,0.6626506024096386,0.8164570236768565,0.5727272727272728,0.6626506024096386,0.6479796532842842,0.15454545454545454
token_confidence,331,0.6646586345381527,0.8198403254911705,0.5740181268882175,0.6646586345381527,0.647153862449794,0.15709969788519637
token_confidence,332,0.6666666666666666,0.8201859706635469,0.5753012048192772,0.6666666666666666,0.646314582360981,0.15963855421686746
token_confidence,333,0.6686746987951807,0.8213183800347555,0.5765765765765766,0.6686746987951807,0.6415791310240797,0.16216216216216217
token_confidence,334,0.6706827309236948,0.8217037604508953,0.5778443113772455,0.6706827309236948,0.64154135817909,0.16167664670658682
token_confidence,335,0.6726907630522089,0.8226742649165523,0.5791044776119403,0.6726907630522089,0.6411372015250353,0.16119402985074627
token_confidence,336,0.6746987951807228,0.8237286474756567,0.5803571428571429,0.6746987951807228,0.6395870076581696,0.16071428571428573
token_confidence,337,0.6767068273092369,0.8249860204598572,0.5816023738872403,0.6767068273092369,0.6393233536544229,0.1632047477744807
token_confidence,338,0.678714859437751,0.8271749704857684,0.5828402366863905,0.678714859437751,0.6389437681949898,0.16272189349112426
token_confidence,339,0.6807228915662651,0.8297954434546597,0.584070796460177,0.6807228915662651,0.63013133266409,0.16224188790560473
token_confidence,340,0.6827309236947792,0.8301309357185345,0.5852941176470589,0.6827309236947792,0.6300174412681577,0.16176470588235295
token_confidence,341,0.6847389558232931,0.8313955622094538,0.5865102639296188,0.6847389558232931,0.6285148706957452,0.16129032258064516
token_confidence,342,0.6867469879518072,0.8317537739409854,0.5877192982456141,0.6867469879518072,0.6274235858919891,0.16374269005847952
token_confidence,343,0.6887550200803213,0.8325383381109906,0.5889212827988338,0.6887550200803213,0.627083534924966,0.1661807580174927
token_confidence,344,0.6907630522088354,0.8361586384633662,0.5901162790697675,0.6907630522088354,0.6251603081468524,0.16569767441860464
token_confidence,345,0.6927710843373494,0.8372788144681156,0.591304347826087,0.6927710843373494,0.6249253221200876,0.1681159420289855
token_confidence,346,0.6947791164658634,0.8380251791900117,0.5895953757225434,0.6947791164658634,0.6241821427403783,0.1676300578034682
token_confidence,347,0.6967871485943775,0.8405258944210723,0.590778097982709,0.6967871485943775,0.6240088625861125,0.16714697406340057
token_confidence,348,0.6987951807228916,0.8417925282358009,0.5919540229885057,0.6987951807228916,0.6235132750626966,0.16666666666666666
token_confidence,349,0.7008032128514057,0.843523460034042,0.5931232091690545,0.7008032128514057,0.6224157125897642,0.16905444126074498
token_confidence,350,0.7028112449799196,0.8452915201580101,0.5942857142857143,0.7028112449799196,0.6217285195226225,0.17142857142857143
token_confidence,351,0.7048192771084337,0.8459176398681704,0.5954415954415955,0.7048192771084337,0.6213896628171958,0.17094017094017094
token_confidence,352,0.7068273092369478,0.8459989270418417,0.5965909090909091,0.7068273092369478,0.6201585571967179,0.17045454545454544
token_confidence,353,0.7088353413654619,0.8478757777680366,0.5977337110481586,0.7088353413654619,0.618296735591382,0.17280453257790368
token_confidence,354,0.7108433734939759,0.8493709751346152,0.596045197740113,0.7108433734939759,0.6180569257823518,0.17231638418079095
token_confidence,355,0.7128514056224899,0.8495795864734443,0.5971830985915493,0.7128514056224899,0.6160579933892457,0.17464788732394365
token_confidence,356,0.714859437751004,0.8523524677983975,0.598314606741573,0.714859437751004,0.6155652109934511,0.17696629213483145
token_confidence,357,0.7168674698795181,0.8529206281571394,0.5994397759103641,0.7168674698795181,0.6153351146028592,0.1792717086834734
token_confidence,358,0.7188755020080321,0.8535249443686715,0.5977653631284916,0.7188755020080321,0.6127131160150142,0.18156424581005587
token_confidence,359,0.7208835341365462,0.8539392195575314,0.5988857938718662,0.7208835341365462,0.6107794823761779,0.181058495821727
token_confidence,360,0.7228915662650602,0.8539819146627796,0.6,0.7228915662650602,0.6105080918776148,0.18055555555555555
token_confidence,361,0.7248995983935743,0.8542525083391889,0.6011080332409973,0.7248995983935743,0.6050058127688698,0.18282548476454294
token_confidence,362,0.7269076305220884,0.8549426614983399,0.6022099447513812,0.7269076305220884,0.6027400791275367,0.1850828729281768
token_confidence,363,0.7289156626506024,0.8567757769520437,0.6033057851239669,0.7289156626506024,0.602495166156602,0.18732782369146006
token_confidence,364,0.7309236947791165,0.8598054411791342,0.6016483516483516,0.7309236947791165,0.6017881331422855,0.18681318681318682
token_confidence,365,0.7329317269076305,0.8600064536897889,0.6027397260273972,0.7329317269076305,0.6013736861278811,0.1863013698630137
token_confidence,366,0.7349397590361446,0.8609059301284968,0.6038251366120219,0.7349397590361446,0.600893607219627,0.18579234972677597
token_confidence,367,0.7369477911646586,0.8621944928006389,0.6049046321525886,0.7369477911646586,0.5988947370432717,0.18528610354223432
token_confidence,368,0.7389558232931727,0.8632971489359136,0.6059782608695652,0.7389558232931727,0.5982744582714561,0.18478260869565216
token_confidence,369,0.7409638554216867,0.8636034914151088,0.6070460704607046,0.7409638554216867,0.597980707867232,0.1842818428184282
token_confidence,370,0.7429718875502008,0.8638713555681815,0.6081081081081081,0.7429718875502008,0.5970167405573005,0.1837837837837838
token_confidence,371,0.7449799196787149,0.8667619824644203,0.6091644204851752,0.7449799196787149,0.5940634211599986,0.18598382749326145
token_confidence,372,0.7469879518072289,0.8673865044350234,0.6102150537634409,0.7469879518072289,0.5936235916124357,0.1881720430107527
token_confidence,373,0.748995983935743,0.8692260219934015,0.6112600536193029,0.748995983935743,0.5922099275628319,0.1903485254691689
token_confidence,374,0.751004016064257,0.8694031836190755,0.6122994652406417,0.751004016064257,0.592065278611835,0.18983957219251338
token_confidence,375,0.7530120481927711,0.8695708092873115,0.6133333333333333,0.7530120481927711,0.5913397251008605,0.192
token_confidence,376,0.7550200803212851,0.8700697912849883,0.6143617021276596,0.7550200803212851,0.5901848047987069,0.19414893617021275
token_confidence,377,0.7570281124497992,0.8711874274427746,0.6153846153846154,0.7570281124497992,0.5859547372020646,0.1962864721485411
token_confidence,378,0.7590361445783133,0.871361559732444,0.6164021164021164,0.7590361445783133,0.5776553317202585,0.19576719576719576
token_confidence,379,0.7610441767068273,0.8724619023645978,0.6174142480211082,0.7610441767068273,0.5764932071974871,0.19525065963060687
token_confidence,380,0.7630522088353414,0.8724981014922982,0.618421052631579,0.7630522088353414,0.5759312221524195,0.19473684210526315
token_confidence,381,0.7650602409638554,0.8733637114347743,0.6194225721784777,0.7650602409638554,0.575458709294468,0.1942257217847769
token_confidence,382,0.7670682730923695,0.8738078050392767,0.6204188481675392,0.7670682730923695,0.5730027160366225,0.193717277486911
token_confidence,383,0.7690763052208835,0.874158063824608,0.6214099216710183,0.7690763052208835,0.5672769262867298,0.19321148825065274
token_confidence,384,0.7710843373493976,0.8746120016377358,0.6197916666666666,0.7710843373493976,0.5662574180991523,0.1953125
token_confidence,385,0.7730923694779116,0.8762993497127232,0.6207792207792208,0.7730923694779116,0.5640038079710735,0.1974025974025974
token_confidence,386,0.7751004016064257,0.877927658694714,0.6217616580310881,0.7751004016064257,0.5635928833016645,0.19948186528497408
token_confidence,387,0.7771084337349398,0.8795960668352433,0.6227390180878553,0.7771084337349398,0.5608815631836028,0.20155038759689922
token_confidence,388,0.7791164658634538,0.8796169790453254,0.6237113402061856,0.7791164658634538,0.5586728206496171,0.2036082474226804
token_confidence,389,0.7811244979919679,0.8805154748194306,0.6246786632390745,0.7811244979919679,0.5577090409560844,0.20308483290488433
token_confidence,390,0.7831325301204819,0.881407269877143,0.6256410256410256,0.7831325301204819,0.5512878939437923,0.20512820512820512
token_confidence,391,0.785140562248996,0.8829668432782619,0.6240409207161125,0.785140562248996,0.5508483787846101,0.20460358056265984
token_confidence,392,0.7871485943775101,0.883645984783549,0.625,0.7871485943775101,0.5481260932980411,0.2066326530612245
token_confidence,393,0.7891566265060241,0.8838173986311121,0.6259541984732825,0.7891566265060241,0.5399649823398566,0.20610687022900764
token_confidence,394,0.7911646586345381,0.8842508698302924,0.6269035532994924,0.7911646586345381,0.5391410308990496,0.20812182741116753
token_confidence,395,0.7931726907630522,0.8845373604452581,0.6278481012658228,0.7931726907630522,0.5385638397785306,0.20759493670886076
token_confidence,396,0.7951807228915663,0.8888693109617853,0.6287878787878788,0.7951807228915663,0.5302359896043385,0.20707070707070707
token_confidence,397,0.7971887550200804,0.8898648535580089,0.6297229219143576,0.7971887550200804,0.5216595126303198,0.20654911838790932
token_confidence,398,0.7991967871485943,0.8902241398570852,0.628140703517588,0.7991967871485943,0.5202079506467927,0.20854271356783918
token_confidence,399,0.8012048192771084,0.892145062675981,0.6290726817042607,0.8012048192771084,0.5188203025110408,0.21052631578947367
token_confidence,400,0.8032128514056225,0.8941380216309321,0.6275,0.8032128514056225,0.5184790877264479,0.2125
token_confidence,401,0.8052208835341366,0.8947106517766222,0.628428927680798,0.8052208835341366,0.5099629085355445,0.2144638403990025
token_confidence,402,0.8072289156626506,0.8950812117502653,0.6293532338308457,0.8072289156626506,0.507710001711459,0.21393034825870647
token_confidence,403,0.8092369477911646,0.8951887577962504,0.630272952853598,0.8092369477911646,0.5038113834664468,0.21339950372208435
token_confidence,404,0.8112449799196787,0.8952311787957608,0.6311881188118812,0.8112449799196787,0.5008984028742508,0.21287128712871287
token_confidence,405,0.8132530120481928,0.8957357494169108,0.6320987654320988,0.8132530120481928,0.4950475470352544,0.21481481481481482
token_confidence,406,0.8152610441767069,0.8960290486106179,0.6330049261083743,0.8152610441767069,0.4947815505854607,0.21674876847290642
token_confidence,407,0.8172690763052208,0.8968488827719184,0.6339066339066339,0.8172690763052208,0.4851257812686317,0.21867321867321868
token_confidence,408,0.8192771084337349,0.8970877717450664,0.6348039215686274,0.8192771084337349,0.4845211237742023,0.2181372549019608
token_confidence,409,0.821285140562249,0.8971956664250669,0.6332518337408313,0.821285140562249,0.4816363359325641,0.2176039119804401
token_confidence,410,0.8232931726907631,0.8982159328691892,0.6341463414634146,0.8232931726907631,0.4800162653475363,0.21707317073170732
token_confidence,411,0.8253012048192772,0.8987767950797406,0.635036496350365,0.8253012048192772,0.4727838686256209,0.21897810218978103
token_confidence,412,0.8273092369477911,0.9033668278382236,0.6359223300970874,0.8273092369477911,0.4695149454428955,0.220873786407767
token_confidence,413,0.8293172690763052,0.9034563471516024,0.6368038740920097,0.8293172690763052,0.4621459231910668,0.22276029055690072
token_confidence,414,0.8313253012048193,0.9039793820068042,0.6376811594202898,0.8313253012048193,0.4605935502993853,0.2246376811594203
token_confidence,415,0.8333333333333334,0.9042254916046384,0.6385542168674698,0.8333333333333334,0.4571746594341437,0.22409638554216868
token_confidence,416,0.8353413654618473,0.9062100177820926,0.6394230769230769,0.8353413654618473,0.453013529718431,0.22596153846153846
token_confidence,417,0.8373493975903614,0.9087807213266434,0.6402877697841727,0.8373493975903614,0.4519446830671085,0.2278177458033573
token_confidence,418,0.8393574297188755,0.9090361626501056,0.6411483253588517,0.8393574297188755,0.4513733297459219,0.22727272727272727
token_confidence,419,0.8413654618473896,0.909334391807698,0.639618138424821,0.8413654618473896,0.4403807397230714,0.22911694510739858
token_confidence,420,0.8433734939759037,0.9098435694439048,0.6404761904761904,0.8433734939759037,0.4403215027576104,0.22857142857142856
token_confidence,421,0.8453815261044176,0.9102602082437145,0.6413301662707839,0.8453815261044176,0.4369558673429448,0.23040380047505937
token_confidence,422,0.8473895582329317,0.9104745232246918,0.6421800947867299,0.8473895582329317,0.4287749683290069,0.23222748815165878
token_confidence,423,0.8493975903614458,0.9107665955413918,0.6430260047281324,0.8493975903614458,0.4252485599223626,0.23404255319148937
token_confidence,424,0.8514056224899599,0.9133363578113216,0.6438679245283019,0.8514056224899599,0.4220344586971533,0.2358490566037736
token_confidence,425,0.8534136546184738,0.917279457761394,0.6447058823529411,0.8534136546184738,0.4210435106424648,0.2376470588235294
token_confidence,426,0.8554216867469879,0.9183151792686072,0.6455399061032864,0.8554216867469879,0.4185353203763639,0.23943661971830985
token_confidence,427,0.857429718875502,0.919309033795686,0.6463700234192038,0.857429718875502,0.4154237228464614,0.2388758782201405
token_confidence,428,0.8594377510040161,0.9194458032560388,0.647196261682243,0.8594377510040161,0.414826373996552,0.2383177570093458
token_confidence,429,0.8614457831325302,0.9194686314207312,0.6480186480186481,0.8614457831325302,0.4072614417473183,0.2400932400932401
token_confidence,430,0.8634538152610441,0.9195421822833224,0.6488372093023256,0.8634538152610441,0.4066885236643675,0.23953488372093024
token_confidence,431,0.8654618473895582,0.920166175143744,0.6496519721577726,0.8654618473895582,0.3987400661180436,0.24129930394431554
token_confidence,432,0.8674698795180723,0.9208217006184292,0.6504629629629629,0.8674698795180723,0.3919331829409623,0.24074074074074073
token_confidence,433,0.8694779116465864,0.9216642159144784,0.651270207852194,0.8694779116465864,0.3905453181012066,0.24249422632794457
token_confidence,434,0.8714859437751004,0.9217307020957772,0.6497695852534562,0.8714859437751004,0.3891794699281127,0.24423963133640553
token_confidence,435,0.8734939759036144,0.9231781825079256,0.6505747126436782,0.8734939759036144,0.3833356369579447,0.24367816091954023
token_confidence,436,0.8755020080321285,0.9236161249186884,0.6513761467889908,0.8755020080321285,0.3701170393184496,0.24541284403669725
token_confidence,437,0.8775100401606426,0.9239323647617026,0.6521739130434783,0.8775100401606426,0.3691673307060238,0.2471395881006865
token_confidence,438,0.8795180722891566,0.9253248212933768,0.6529680365296804,0.8795180722891566,0.3660726155030434,0.24885844748858446
token_confidence,439,0.8815261044176707,0.9261355318217234,0.6537585421412301,0.8815261044176707,0.3569896720237063,0.2505694760820046
token_confidence,440,0.8835341365461847,0.9261870492847972,0.6545454545454545,0.8835341365461847,0.3337591617498431,0.25
token_confidence,441,0.8855421686746988,0.9262779736384166,0.655328798185941,0.8855421686746988,0.3316605089940937,0.2494331065759637
token_confidence,442,0.8875502008032129,0.9289623055221256,0.6538461538461539,0.8875502008032129,0.322531541056579,0.248868778280543
token_confidence,443,0.8895582329317269,0.929510689247315,0.654627539503386,0.8895582329317269,0.3190865407029037,0.24830699774266365
token_confidence,444,0.891566265060241,0.9308315436529618,0.6554054054054054,0.891566265060241,0.3127248036570875,0.25
token_confidence,445,0.893574297188755,0.9310145719251228,0.6561797752808989,0.893574297188755,0.3065459222483391,0.251685393258427
token_confidence,446,0.8955823293172691,0.9311018645352884,0.6569506726457399,0.8955823293172691,0.3022855531530969,0.25112107623318386
token_confidence,447,0.8975903614457831,0.9319975647481544,0.6577181208053692,0.8975903614457831,0.3019550928622278,0.25279642058165547
token_confidence,448,0.8995983935742972,0.9331877652045906,0.65625,0.8995983935742972,0.29314531036543,0.2544642857142857
token_confidence,449,0.9016064257028112,0.9331917644695104,0.6570155902004454,0.9016064257028112,0.291018168143385,0.2561247216035635
token_confidence,450,0.9036144578313253,0.935169506805616,0.6577777777777778,0.9036144578313253,0.277033824270795,0.2577777777777778
token_confidence,451,0.9056224899598394,0.9367108939357494,0.6585365853658537,0.9056224899598394,0.27318849156756,0.25942350332594233
token_confidence,452,0.9076305220883534,0.9378319821028904,0.6592920353982301,0.9076305220883534,0.2719740964174129,0.2610619469026549
token_confidence,453,0.9096385542168675,0.9396118597152628,0.6600441501103753,0.9096385542168675,0.2690827293482479,0.26269315673289184
token_confidence,454,0.9116465863453815,0.9439998330187837,0.6607929515418502,0.9116465863453815,0.2658376649991749,0.2621145374449339
token_confidence,455,0.9136546184738956,0.9442000848308842,0.6615384615384615,0.9136546184738956,0.2623667758180699,0.26153846153846155
token_confidence,456,0.9156626506024096,0.9455755011236254,0.6622807017543859,0.9156626506024096,0.2572640121449903,0.2631578947368421
token_confidence,457,0.9176706827309237,0.9458987434975245,0.6630196936542669,0.9176706827309237,0.2521703316247313,0.2647702407002188
token_confidence,458,0.9196787148594378,0.9460837224090828,0.6637554585152838,0.9196787148594378,0.2448421500830892,0.2663755458515284
token_confidence,459,0.9216867469879518,0.9490901267677327,0.664488017429194,0.9216867469879518,0.2422387890583295,0.2679738562091503
token_confidence,460,0.9236947791164659,0.9495645645680548,0.6652173913043479,0.9236947791164659,0.242199174839138,0.26956521739130435
token_confidence,461,0.9257028112449799,0.9498116094208442,0.665943600867679,0.9257028112449799,0.2350177213739212,0.27114967462039047
token_confidence,462,0.927710843373494,0.9501371733991644,0.6666666666666666,0.927710843373494,0.2293394353959492,0.27056277056277056
token_confidence,463,0.929718875502008,0.9504490380792155,0.6673866090712743,0.929718875502008,0.2292317825658877,0.27213822894168466
token_confidence,464,0.9317269076305221,0.9512294387928144,0.6681034482758621,0.9317269076305221,0.2059924705751609,0.27155172413793105
token_confidence,465,0.9337349397590361,0.9519032502486752,0.6688172043010753,0.9337349397590361,0.2044916952114434,0.2731182795698925
token_confidence,466,0.9357429718875502,0.9519078502123888,0.6695278969957081,0.9357429718875502,0.195491397523161,0.27467811158798283
token_confidence,467,0.9377510040160643,0.9519434936871872,0.6702355460385439,0.9377510040160643,0.1953236518351747,0.2762312633832976
token_confidence,468,0.9397590361445783,0.9527017011345884,0.6709401709401709,0.9397590361445783,0.1946912352853951,0.2777777777777778
token_confidence,469,0.9417670682730924,0.9532006735135232,0.6716417910447762,0.9417670682730924,0.1940797350749351,0.279317697228145
token_confidence,470,0.9437751004016064,0.9535911799251902,0.6723404255319149,0.9437751004016064,0.1887264312544404,0.27872340425531916
token_confidence,471,0.9457831325301205,0.9539222135260128,0.673036093418259,0.9457831325301205,0.1878019441640784,0.2802547770700637
token_confidence,472,0.9477911646586346,0.9548844410105768,0.6716101694915254,0.9477911646586346,0.1851131978902047,0.2796610169491525
token_confidence,473,0.9497991967871486,0.9560824326737508,0.6723044397463002,0.9497991967871486,0.1838158668362077,0.28118393234672306
token_confidence,474,0.9518072289156626,0.9565824257309978,0.6729957805907173,0.9518072289156626,0.1812513386293173,0.28270042194092826
token_confidence,475,0.9538152610441767,0.9571231280807276,0.6736842105263158,0.9538152610441767,0.1680384623782097,0.28210526315789475
token_confidence,476,0.9558232931726908,0.9574302270515104,0.6743697478991597,0.9558232931726908,0.1614701643033088,0.28361344537815125
token_confidence,477,0.9578313253012049,0.9596133712619836,0.6750524109014675,0.9578313253012049,0.1500338309738085,0.2851153039832285
token_confidence,478,0.9598393574297188,0.9617030992146924,0.6757322175732218,0.9598393574297188,0.146067429883436,0.28661087866108786
token_confidence,479,0.9618473895582329,0.96224801996664,0.6764091858037579,0.9618473895582329,0.1418596727520592,0.2881002087682672
token_confidence,480,0.963855421686747,0.9634519805633494,0.6770833333333334,0.963855421686747,0.133126937517462,0.28958333333333336
token_confidence,481,0.9658634538152611,0.9639990485892286,0.6777546777546778,0.9658634538152611,0.1291383315959881,0.2910602910602911
token_confidence,482,0.9678714859437751,0.964942371101584,0.6784232365145229,0.9678714859437751,0.1281677827089419,0.2925311203319502
token_confidence,483,0.9698795180722891,0.9658121092494902,0.6790890269151139,0.9698795180722891,0.12662384113709,0.2939958592132505
token_confidence,484,0.9718875502008032,0.9678404014802812,0.6797520661157025,0.9718875502008032,0.1235172136698393,0.29545454545454547
token_confidence,485,0.9738955823293173,0.968597695548004,0.6804123711340206,0.9738955823293173,0.1223044853884059,0.29690721649484536
token_confidence,486,0.9759036144578314,0.9693155211338936,0.6810699588477366,0.9759036144578314,0.1147440098559218,0.29835390946502055
token_confidence,487,0.9779116465863453,0.9720049852591556,0.6817248459958932,0.9779116465863453,0.1141307299456535,0.2997946611909651
token_confidence,488,0.9799196787148594,0.975001433188021,0.6823770491803278,0.9799196787148594,0.1105038414939326,0.3012295081967213
token_confidence,489,0.9819277108433735,0.9756967810988392,0.6830265848670757,0.9819277108433735,0.1075051204668522,0.30265848670756645
token_confidence,490,0.9839357429718876,0.976436552522224,0.6836734693877551,0.9839357429718876,0.1058026157997919,0.3040816326530612
token_confidence,491,0.9859437751004017,0.9767764675809524,0.6843177189409368,0.9859437751004017,0.098859057519761,0.3054989816700611
token_confidence,492,0.9879518072289156,0.9789948234419068,0.6849593495934959,0.9879518072289156,0.0664191070937695,0.30691056910569103
token_confidence,493,0.9899598393574297,0.9794981132864684,0.6855983772819473,0.9899598393574297,0.0648922812521589,0.30831643002028397
token_confidence,494,0.9919678714859438,0.9798367211696134,0.6862348178137652,0.9919678714859438,0.0625858771968714,0.3076923076923077
token_confidence,495,0.9939759036144579,0.98194198264881,0.6868686868686869,0.9939759036144579,0.0598422594983279,0.30707070707070705
token_confidence,496,0.9959839357429718,0.9857400955106664,0.6875,0.9959839357429718,0.0337681243903899,0.3084677419354839
token_confidence,497,0.9979919678714859,0.9912731595541124,0.6881287726358148,0.9979919678714859,0.0261778997350111,0.30985915492957744
token_confidence,498,1.0,0.994883263243468,0.6887550200803213,1.0,0.020853472560644,0.3112449799196787
attention,1,0.002008032128514056,0.0246448310195881,0.0,0.002008032128514056,0.9980435158532878,0.0
attention,2,0.004016064257028112,0.0285939028733851,0.0,0.004016064257028112,0.9975439584708548,0.0
attention,3,0.006024096385542169,0.0286468376421602,0.0,0.006024096385542169,0.9974406584423328,0.0
attention,4,0.008032128514056224,0.0350233949712476,0.0,0.008032128514056224,0.9973713119968152,0.0
attention,5,0.010040160642570281,0.0401111698256491,0.0,0.010040160642570281,0.9972237488567964,0.0
attention,6,0.012048192771084338,0.0414931771181819,0.0,0.012048192771084338,0.9971547766472764,0.0
attention,7,0.014056224899598393,0.0436458845216587,0.0,0.014056224899598393,0.9967947458972848,0.0
attention,8,0.01606425702811245,0.047208837976252,0.0,0.01606425702811245,0.9963086793064172,0.0
attention,9,0.018072289156626505,0.0511453384919001,0.0,0.018072289156626505,0.9960247691227476,0.0
attention,10,0.020080321285140562,0.0537459319804822,0.0,0.020080321285140562,0.9953949593059364,0.0
attention,11,0.02208835341365462,0.0550774833853548,0.0,0.02208835341365462,0.9953876737791628,0.0
attention,12,0.024096385542168676,0.0615720054756358,0.0,0.024096385542168676,0.995378787984923,0.0
attention,13,0.02610441767068273,0.062846595774321,0.0,0.02610441767068273,0.9951591317749612,0.0
attention,14,0.028112449799196786,0.0629303590320711,0.07142857142857142,0.028112449799196786,0.994254119514203,0.0
attention,15,0.030120481927710843,0.0655151739102889,0.06666666666666667,0.030120481927710843,0.994252922140537,0.0
attention,16,0.0321285140562249,0.0662357221797158,0.0625,0.0321285140562249,0.9937008620823288,0.0
attention,17,0.03413654618473896,0.0668875862828417,0.058823529411764705,0.03413654618473896,0.9924080383223312,0.0
attention,18,0.03614457831325301,0.068583105465678,0.05555555555555555,0.03614457831325301,0.9907017325506452,0.0
attention,19,0.03815261044176707,0.0707446373263589,0.05263157894736842,0.03815261044176707,0.9900065574286864,0.0
attention,20,0.040160642570281124,0.073595815473269,0.05,0.040160642570281124,0.989976945747028,0.0
attention,21,0.04216867469879518,0.0738524364148652,0.09523809523809523,0.04216867469879518,0.9897378726177706,0.0
attention,22,0.04417670682730924,0.075880310748437,0.09090909090909091,0.04417670682730924,0.9881678269522048,0.0
attention,23,0.04618473895582329,0.0769651591321305,0.08695652173913043,0.04618473895582329,0.9853467739837696,0.0
attention,24,0.04819277108433735,0.0791072862755714,0.08333333333333333,0.04819277108433735,0.9850601724165126,0.0
attention,25,0.050200803212851405,0.0816443210957554,0.08,0.050200803212851405,0.9841922020698752,0.0
attention,26,0.05220883534136546,0.0836236274549233,0.07692307692307693,0.05220883534136546,0.9829472396727978,0.0
attention,27,0.05421686746987952,0.0852443660191741,0.07407407407407407,0.05421686746987952,0.9826559305659296,0.0
attention,28,0.05622489959839357,0.0875890469368215,0.07142857142857142,0.05622489959839357,0.9823554057316254,0.0
attention,29,0.05823293172690763,0.0911811135762254,0.10344827586206896,0.05823293172690763,0.9813650271527774,0.0
attention,30,0.060240963855421686,0.0919702068202597,0.1,0.060240963855421686,0.9810227027760764,0.0
attention,31,0.06224899598393574,0.0976893225291874,0.0967741935483871,0.06224899598393574,0.9804261116873882,0.0
attention,32,0.0642570281124498,0.0987933240923495,0.09375,0.0642570281124498,0.9794693392273408,0.0
attention,33,0.06626506024096386,0.0997174765385075,0.09090909090909091,0.06626506024096386,0.9791520946128336,0.0
attention,34,0.06827309236947791,0.1001862064831742,0.08823529411764706,0.06827309236947791,0.976009188280884,0.0
attention,35,0.07028112449799197,0.1016645771975884,0.08571428571428572,0.07028112449799197,0.9742977852943624,0.0
attention,36,0.07228915662650602,0.1049633873676006,0.08333333333333333,0.07228915662650602,0.9719843659568896,0.0
attention,37,0.07429718875502007,0.1107724783061349,0.08108108108108109,0.07429718875502007,0.9712590494151117,0.0
attention,38,0.07630522088353414,0.1169015433141864,0.07894736842105263,0.07630522088353414,0.9710743287093088,0.0
attention,39,0.0783132530120482,0.1219658895105774,0.07692307692307693,0.0783132530120482,0.970640207241338,0.0
attention,40,0.08032128514056225,0.1452693778165023,0.1,0.08032128514056225,0.970084481940996,0.0
attention,41,0.0823293172690763,0.1496882241331802,0.0975609756097561,0.0823293172690763,0.969718489035406,0.0
attention,42,0.08433734939759036,0.1568593851858332,0.09523809523809523,0.08433734939759036,0.9690646474234936,0.0
attention,43,0.08634538152610442,0.157574303958451,0.09302325581395349,0.08634538152610442,0.968749855575479,0.0
attention,44,0.08835341365461848,0.1580655100612919,0.09090909090909091,0.08835341365461848,0.967335338661024,0.0
attention,45,0.09036144578313253,0.1597723937793378,0.08888888888888889,0.09036144578313253,0.96619349249971,0.0
attention,46,0.09236947791164658,0.1621547937390703,0.08695652173913043,0.09236947791164658,0.9656463838063792,0.0
attention,47,0.09437751004016064,0.1634000703974119,0.0851063829787234,0.09437751004016064,0.964627458067783,0.0
attention,48,0.0963855421686747,0.167355974904722,0.08333333333333333,0.0963855421686747,0.9645510086207548,0.0
attention,49,0.09839357429718876,0.168900536732543,0.08163265306122448,0.09839357429718876,0.963422282776422,0.0
attention,50,0.10040160642570281,0.172061460922456,0.08,0.10040160642570281,0.963226659001082,0.0
attention,51,0.10240963855421686,0.1804782438021983,0.09803921568627451,0.10240963855421686,0.9628232009444276,0.0
attention,52,0.10441767068273092,0.1965111678218382,0.09615384615384616,0.10441767068273092,0.9619833295282982,0.0
attention,53,0.10642570281124498,0.198701791490923,0.09433962264150944,0.10642570281124498,0.9600508748974024,0.0
attention,54,0.10843373493975904,0.2004760636619726,0.1111111111111111,0.10843373493975904,0.9597965111920012,0.0
attention,55,0.11044176706827309,0.2010558173001774,0.10909090909090909,0.11044176706827309,0.959734787458392,0.0
attention,56,0.11244979919678715,0.2135846194003589,0.10714285714285714,0.11244979919678715,0.957285379813469,0.0
attention,57,0.1144578313253012,0.2151230556855534,0.12280701754385964,0.1144578313253012,0.9566237068339468,0.0
attention,58,0.11646586345381527,0.2186316190030671,0.13793103448275862,0.11646586345381527,0.9558363903824694,0.0
attention,59,0.11847389558232932,0.2233430559483691,0.15254237288135594,0.11847389558232932,0.9554025693799462,0.0
attention,60,0.12048192771084337,0.2408891942983326,0.16666666666666666,0.12048192771084337,0.9545644122955274,0.016666666666666666
attention,61,0.12248995983935743,0.2507719073914108,0.18032786885245902,0.12248995983935743,0.9541623747867992,0.01639344262295082
attention,62,0.12449799196787148,0.2517522973064159,0.1774193548387097,0.12449799196787148,0.953997744233628,0.016129032258064516
attention,63,0.12650602409638553,0.2595554836413953,0.1746031746031746,0.12650602409638553,0.9531969532016604,0.015873015873015872
attention,64,0.1285140562248996,0.2609289104994506,0.171875,0.1285140562248996,0.9529844338625824,0.015625
attention,65,0.13052208835341367,0.2653956467725724,0.16923076923076924,0.13052208835341367,0.952798137225852,0.015384615384615385
attention,66,0.13253012048192772,0.2663282108522573,0.16666666666666666,0.13253012048192772,0.9519139723891956,0.015151515151515152
attention,67,0.13453815261044177,0.2721671062780335,0.16417910447761194,0.13453815261044177,0.951485921479383,0.014925373134328358
attention,68,0.13654618473895583,0.2749887837533172,0.16176470588235295,0.13654618473895583,0.9509663253271609,0.014705882352941176
attention,69,0.13855421686746988,0.275992369930154,0.17391304347826086,0.13855421686746988,0.9499982061249777,0.014492753623188406
attention,70,0.14056224899598393,0.2769346082206553,0.17142857142857143,0.14056224899598393,0.9493353746347164,0.014285714285714285
attention,71,0.142570281124498,0.284032850052108,0.16901408450704225,0.142570281124498,0.9492664431987836,0.014084507042253521
attention,72,0.14457831325301204,0.2918377392118022,0.18055555555555555,0.14457831325301204,0.9490204386132154,0.013888888888888888
attention,73,0.1465863453815261,0.294852917350505,0.1780821917808219,0.1465863453815261,0.9488276148911472,0.0136986301369863
attention,74,0.14859437751004015,0.2979983032070904,0.17567567567567569,0.14859437751004015,0.948278469792774,0.013513513513513514
attention,75,0.15060240963855423,0.3099817764663297,0.17333333333333334,0.15060240963855423,0.9480712712823852,0.013333333333333334
attention,76,0.15261044176706828,0.3294477183255961,0.18421052631578946,0.15261044176706828,0.9469696197658556,0.013157894736842105
attention,77,0.15461847389558234,0.3311619137577763,0.19480519480519481,0.15461847389558234,0.9465753092813366,0.012987012987012988
attention,78,0.1566265060240964,0.3315342197244671,0.20512820512820512,0.1566265060240964,0.946268033394763,0.01282051282051282
attention,79,0.15863453815261044,0.3396311381153716,0.20253164556962025,0.15863453815261044,0.9462542039237812,0.02531645569620253
attention,80,0.1606425702811245,0.3444410418037119,0.2,0.1606425702811245,0.9435703034764076,0.025
attention,81,0.16265060240963855,0.3485989874998493,0.19753086419753085,0.16265060240963855,0.9432032242880914,0.024691358024691357
attention,82,0.1646586345381526,0.3538507253455994,0.1951219512195122,0.1646586345381526,0.9430477235473348,0.024390243902439025
attention,83,0.16666666666666666,0.3581810204688369,0.1927710843373494,0.16666666666666666,0.9427643388285988,0.024096385542168676
attention,84,0.1686746987951807,0.3582328437716384,0.19047619047619047,0.1686746987951807,0.9425662643457902,0.023809523809523808
attention,85,0.1706827309236948,0.3651156159009293,0.18823529411764706,0.1706827309236948,0.9412750661985028,0.023529411764705882
attention,86,0.17269076305220885,0.3693761261673274,0.18604651162790697,0.17269076305220885,0.9409556487926424,0.023255813953488372
attention,87,0.1746987951807229,0.3703176674416856,0.1839080459770115,0.1746987951807229,0.9402437424495768,0.022988505747126436
attention,88,0.17670682730923695,0.3705054290544235,0.19318181818181818,0.17670682730923695,0.9399782354263057,0.022727272727272728
attention,89,0.178714859437751,0.3737122654680503,0.19101123595505617,0.178714859437751,0.9387747309899936,0.02247191011235955
attention,90,0.18072289156626506,0.3814646782091122,0.18888888888888888,0.18072289156626506,0.9377468279428922,0.022222222222222223
attention,91,0.1827309236947791,0.3838166807687754,0.1978021978021978,0.1827309236947791,0.9377210425192928,0.02197802197802198
attention,92,0.18473895582329317,0.3867126408931488,0.1956521739130435,0.18473895582329317,0.937136768986999,0.021739130434782608
attention,93,0.18674698795180722,0.3887710315165116,0.20430107526881722,0.18674698795180722,0.936139992877195,0.021505376344086023
attention,94,0.18875502008032127,0.3940997411650819,0.20212765957446807,0.18875502008032127,0.935409326140186,0.02127659574468085
attention,95,0.19076305220883535,0.39938842952102,0.21052631578947367,0.19076305220883535,0.9350505062256584,0.021052631578947368
attention,96,0.1927710843373494,0.4017523343329308,0.21875,0.1927710843373494,0.9346265503242108,0.020833333333333332
attention,97,0.19477911646586346,0.4052816469095815,0.21649484536082475,0.19477911646586346,0.9343593656867548,0.020618556701030927
attention,98,0.19678714859437751,0.4067974622603983,0.21428571428571427,0.19678714859437751,0.9338438125277536,0.02040816326530612
attention,99,0.19879518072289157,0.407382418541618,0.21212121212121213,0.19879518072289157,0.9332245528041064,0.020202020202020204
attention,100,0.20080321285140562,0.4083770631485187,0.22,0.20080321285140562,0.9330793574425412,0.02
attention,101,0.20281124497991967,0.4090404804054447,0.21782178217821782,0.20281124497991967,0.932979169606468,0.019801980198019802
attention,102,0.20481927710843373,0.4147374648726155,0.22549019607843138,0.20481927710843373,0.9321631734798572,0.0196078431372549
attention,103,0.20682730923694778,0.4215318660528738,0.22330097087378642,0.20682730923694778,0.9318073115516332,0.019417475728155338
attention,104,0.20883534136546184,0.4257189900308625,0.23076923076923078,0.20883534136546184,0.9317041694453668,0.019230769230769232
attention,105,0.21084337349397592,0.4258615957667752,0.23809523809523808,0.21084337349397592,0.9298761368935172,0.01904761904761905
attention,106,0.21285140562248997,0.4260978830779578,0.2358490566037736,0.21285140562248997,0.9298588619150108,0.018867924528301886
attention,107,0.21485943775100402,0.426817409645728,0.2336448598130841,0.21485943775100402,0.9288142881064052,0.018691588785046728
attention,108,0.21686746987951808,0.4289054011885355,0.23148148148148148,0.21686746987951808,0.928457511153176,0.018518518518518517
attention,109,0.21887550200803213,0.4300966434566027,0.22935779816513763,0.21887550200803213,0.9248422110149492,0.01834862385321101
attention,110,0.22088353413654618,0.4309872566136891,0.23636363636363636,0.22088353413654618,0.9243518148106744,0.01818181818181818
attention,111,0.22289156626506024,0.4340725026563395,0.24324324324324326,0.22289156626506024,0.9241623622698962,0.018018018018018018
attention,112,0.2248995983935743,0.4344834290600709,0.24107142857142858,0.2248995983935743,0.9227055160199396,0.017857142857142856
attention,113,0.22690763052208834,0.4356531576127532,0.24778761061946902,0.22690763052208834,0.9218114081312272,0.017699115044247787
attention,114,0.2289156626506024,0.439389265021631,0.24561403508771928,0.2289156626506024,0.9217560311371548,0.017543859649122806
attention,115,0.23092369477911648,0.4404940267871864,0.25217391304347825,0.23092369477911648,0.9214939490425682,0.017391304347826087
attention,116,0.23293172690763053,0.4442666788237709,0.25,0.23293172690763053,0.9212810597606592,0.017241379310344827
attention,117,0.23493975903614459,0.4543491441808343,0.2564102564102564,0.23493975903614459,0.9195305966643312,0.017094017094017096
attention,118,0.23694779116465864,0.4624729077995378,0.2627118644067797,0.23694779116465864,0.9191403274300642,0.01694915254237288
attention,119,0.2389558232931727,0.465067053686058,0.2605042016806723,0.2389558232931727,0.9168003536213636,0.01680672268907563
attention,120,0.24096385542168675,0.4676541012470093,0.25833333333333336,0.24096385542168675,0.9162159778638616,0.016666666666666666
attention,121,0.2429718875502008,0.4690896788716533,0.256198347107438,0.2429718875502008,0.9153792570261696,0.01652892561983471
attention,122,0.24497991967871485,0.4764130615433514,0.2540983606557377,0.24497991967871485,0.9149963968846327,0.01639344262295082
attention,123,0.2469879518072289,0.4776091109232788,0.25203252032520324,0.2469879518072289,0.9122354619876242,0.016260162601626018
attention,124,0.24899598393574296,0.4798615912614657,0.25,0.24899598393574296,0.9100767709652252,0.016129032258064516
attention,125,0.25100401606425704,0.4803516345550702,0.256,0.25100401606425704,0.910037816095088,0.016
attention,126,0.25301204819277107,0.4919304120764645,0.25396825396825395,0.25301204819277107,0.90992744212483,0.015873015873015872
attention,127,0.25502008032128515,0.4940388002537391,0.25196850393700787,0.25502008032128515,0.9081021477860872,0.015748031496062992
attention,128,0.2570281124497992,0.4976030142268717,0.25,0.2570281124497992,0.907855858749951,0.015625
attention,129,0.25903614457831325,0.4979053056301998,0.2558139534883721,0.25903614457831325,0.9074052034155276,0.015503875968992248
attention,130,0.26104417670682734,0.5015642118909475,0.26153846153846155,0.26104417670682734,0.9069445697517416,0.015384615384615385
attention,131,0.26305220883534136,0.5056264481842728,0.26717557251908397,0.26305220883534136,0.9055552456915568,0.015267175572519083
attention,132,0.26506024096385544,0.5058171127766508,0.26515151515151514,0.26506024096385544,0.90525333755423,0.022727272727272728
attention,133,0.26706827309236947,0.506513263304557,0.2631578947368421,0.26706827309236947,0.9050688002785964,0.022556390977443608
attention,134,0.26907630522088355,0.5085385962441274,0.26119402985074625,0.26907630522088355,0.9046933440176992,0.029850746268656716
attention,135,0.2710843373493976,0.509575665709893,0.25925925925925924,0.2710843373493976,0.9044273467264742,0.02962962962962963
attention,136,0.27309236947791166,0.517067235568593,0.25735294117647056,0.27309236947791166,0.9040964755389864,0.029411764705882353
attention,137,0.2751004016064257,0.5175075150477418,0.25547445255474455,0.2751004016064257,0.90384412997508,0.029197080291970802
attention,138,0.27710843373493976,0.5193839226871111,0.2608695652173913,0.27710843373493976,0.903107644368644,0.028985507246376812
attention,139,0.2791164658634538,0.5326604099185811,0.26618705035971224,0.2791164658634538,0.902506183618094,0.02877697841726619
attention,140,0.28112449799196787,0.5333221005741329,0.2714285714285714,0.28112449799196787,0.9016742952618784,0.02857142857142857
attention,141,0.28313253012048195,0.5346538557603243,0.2695035460992908,0.28313253012048195,0.9014363698640412,0.028368794326241134
attention,142,0.285140562248996,0.5358854078544133,0.2676056338028169,0.285140562248996,0.8990076320364224,0.028169014084507043
attention,143,0.28714859437751006,0.5364589354345854,0.2727272727272727,0.28714859437751006,0.8982683165700646,0.027972027972027972
attention,144,0.2891566265060241,0.5384918651745367,0.2777777777777778,0.2891566265060241,0.8981990841368216,0.034722222222222224
attention,145,0.29116465863453816,0.5420674882097276,0.2827586206896552,0.29116465863453816,0.8977913696514371,0.034482758620689655
attention,146,0.2931726907630522,0.5432113319953106,0.2876712328767123,0.2931726907630522,0.896203306360893,0.03424657534246575
attention,147,0.29518072289156627,0.5464807580462021,0.2925170068027211,0.29518072289156627,0.8955312297952869,0.04081632653061224
attention,148,0.2971887550200803,0.5492224335168312,0.2972972972972973,0.2971887550200803,0.8943302874171202,0.0472972972972973
attention,149,0.2991967871485944,0.5531407089587096,0.2953020134228188,0.2991967871485944,0.892130937929427,0.04697986577181208
attention,150,0.30120481927710846,0.5544864925461858,0.3,0.30120481927710846,0.8916578214718888,0.04666666666666667
attention,151,0.3032128514056225,0.5586157195130832,0.304635761589404,0.3032128514056225,0.8898749479879858,0.046357615894039736
attention,152,0.30522088353413657,0.558887043021041,0.3092105263157895,0.30522088353413657,0.8889488340433236,0.046052631578947366
attention,153,0.3072289156626506,0.5599046102102581,0.3137254901960784,0.3072289156626506,0.8867307400552144,0.0457516339869281
attention,154,0.3092369477911647,0.5618657079281631,0.3181818181818182,0.3092369477911647,0.8865083880404386,0.05194805194805195
attention,155,0.3112449799196787,0.5695846013891998,0.3225806451612903,0.3112449799196787,0.8864414620574419,0.05161290322580645
attention,156,0.3132530120481928,0.5707962464579673,0.3269230769230769,0.3132530120481928,0.8846484689702363,0.05128205128205128
attention,157,0.3152610441767068,0.5751627335765096,0.33121019108280253,0.3152610441767068,0.8832301914278444,0.050955414012738856
attention,158,0.3172690763052209,0.5756021735451318,0.3291139240506329,0.3172690763052209,0.8824458832417333,0.05063291139240506
attention,159,0.3192771084337349,0.5756552260061397,0.3333333333333333,0.3192771084337349,0.8783777756060269,0.050314465408805034
attention,160,0.321285140562249,0.5791811012503809,0.33125,0.321285140562249,0.8783408278341296,0.05625
attention,161,0.3232931726907631,0.5793504434616332,0.33540372670807456,0.3232931726907631,0.8767109275365762,0.055900621118012424
attention,162,0.3253012048192771,0.580211344248224,0.3395061728395062,0.3253012048192771,0.8754237084467252,0.05555555555555555
attention,163,0.3273092369477912,0.5840033212921033,0.34355828220858897,0.3273092369477912,0.8728450807272513,0.05521472392638037
attention,164,0.3293172690763052,0.5921953306113208,0.34146341463414637,0.3293172690763052,0.8722352827926824,0.054878048780487805
attention,165,0.3313253012048193,0.5944559363754996,0.34545454545454546,0.3313253012048193,0.8720872401918455,0.05454545454545454
attention,166,0.3333333333333333,0.5972971216346818,0.3433734939759036,0.3333333333333333,0.8715997686249748,0.05421686746987952
attention,167,0.3353413654618474,0.5983893818679968,0.3473053892215569,0.3353413654618474,0.870655033507528,0.05389221556886228
attention,168,0.3373493975903614,0.5991338334713426,0.34523809523809523,0.3373493975903614,0.8700761517565229,0.05357142857142857
attention,169,0.3393574297188755,0.6013621469967637,0.34911242603550297,0.3393574297188755,0.866564368801803,0.05325443786982249
attention,170,0.3413654618473896,0.6027564051177369,0.35294117647058826,0.3413654618473896,0.8661705518965497,0.052941176470588235
attention,171,0.3433734939759036,0.6032863517057451,0.3567251461988304,0.3433734939759036,0.8659816433666426,0.05263157894736842
attention,172,0.3453815261044177,0.6081089078976021,0.36046511627906974,0.3453815261044177,0.8658176858453926,0.05232558139534884
attention,173,0.3473895582329317,0.6110259300164143,0.36416184971098264,0.3473895582329317,0.865520789784614,0.05202312138728324
attention,174,0.3493975903614458,0.6209189751383498,0.367816091954023,0.3493975903614458,0.865207526838237,0.05172413793103448
attention,175,0.3514056224899598,0.6217119702755295,0.37142857142857144,0.3514056224899598,0.864942628049787,0.05142857142857143
attention,176,0.3534136546184739,0.6245290811245406,0.375,0.3534136546184739,0.863921448090126,0.05113636363636364
attention,177,0.35542168674698793,0.6310120453800802,0.3785310734463277,0.35542168674698793,0.8628744100704656,0.05084745762711865
attention,178,0.357429718875502,0.6346409255971176,0.38202247191011235,0.357429718875502,0.8605526243018321,0.05056179775280899
attention,179,0.35943775100401604,0.637967547587481,0.37988826815642457,0.35943775100401604,0.856777287478103,0.05027932960893855
attention,180,0.3614457831325301,0.6388880206671973,0.38333333333333336,0.3614457831325301,0.8539349851585485,0.05
attention,181,0.3634538152610442,0.6407432490797741,0.3867403314917127,0.3634538152610442,0.8514181100303893,0.049723756906077346
attention,182,0.3654618473895582,0.6431499213569317,0.3901098901098901,0.3654618473895582,0.8506491110143873,0.04945054945054945
attention,183,0.3674698795180723,0.6470513827001874,0.3879781420765027,0.3674698795180723,0.8504119898240945,0.0546448087431694
attention,184,0.36947791164658633,0.6494192712824493,0.391304347826087,0.36947791164658633,0.8497848173743582,0.05434782608695652
attention,185,0.3714859437751004,0.6516347211343478,0.3945945945945946,0.3714859437751004,0.8497479216960782,0.05405405405405406
attention,186,0.37349397590361444,0.6540860193109754,0.3978494623655914,0.37349397590361444,0.8497062878423692,0.053763440860215055
attention,187,0.3755020080321285,0.6590195420595146,0.40106951871657753,0.3755020080321285,0.8487603592978893,0.053475935828877004
attention,188,0.37751004016064255,0.6626209829625508,0.40425531914893614,0.37751004016064255,0.8483390140750537,0.05319148936170213
attention,189,0.3795180722891566,0.6626936933169872,0.4021164021164021,0.3795180722891566,0.8483109448151782,0.05291005291005291
attention,190,0.3815261044176707,0.664264222483374,0.4052631578947368,0.3815261044176707,0.8470994874308815,0.05263157894736842
attention,191,0.38353413654618473,0.6688946674653518,0.4083769633507853,0.38353413654618473,0.8465804801702672,0.05235602094240838
attention,192,0.3855421686746988,0.669597586015105,0.4114583333333333,0.3855421686746988,0.845331142850772,0.052083333333333336
attention,193,0.38755020080321284,0.6724024132829708,0.41450777202072536,0.38755020080321284,0.845265474716864,0.05181347150259067
attention,194,0.3895582329317269,0.6725875025832618,0.41237113402061853,0.3895582329317269,0.8446392911344458,0.05154639175257732
attention,195,0.39156626506024095,0.6738632397432417,0.4153846153846154,0.39156626506024095,0.8441899591995722,0.05641025641025641
attention,196,0.39357429718875503,0.6745239622872146,0.413265306122449,0.39357429718875503,0.8437959354551526,0.05612244897959184
attention,197,0.39558232931726905,0.6802236069567897,0.41624365482233505,0.39558232931726905,0.8422265613880817,0.05583756345177665
attention,198,0.39759036144578314,0.6844543098271336,0.41919191919191917,0.39759036144578314,0.8415489610383196,0.05555555555555555
attention,199,0.39959839357429716,0.6856589409796779,0.4221105527638191,0.39959839357429716,0.8413286456349173,0.05527638190954774
attention,200,0.40160642570281124,0.6868986212054824,0.42,0.40160642570281124,0.8398464192321762,0.055
attention,201,0.4036144578313253,0.6871453615428832,0.417910447761194,0.4036144578313253,0.8389425318443601,0.05472636815920398
attention,202,0.40562248995983935,0.6892558561585119,0.4158415841584158,0.40562248995983935,0.8388810477376067,0.054455445544554455
attention,203,0.40763052208835343,0.6923835940603491,0.4187192118226601,0.40763052208835343,0.8368292239575242,0.054187192118226604
attention,204,0.40963855421686746,0.6992925527549891,0.4166666666666667,0.40963855421686746,0.8350263121598444,0.05392156862745098
attention,205,0.41164658634538154,0.6994208130273167,0.4195121951219512,0.41164658634538154,0.8349833385598588,0.05365853658536585
attention,206,0.41365461847389556,0.7021520458631452,0.4223300970873786,0.41365461847389556,0.8348403211566798,0.05825242718446602
attention,207,0.41566265060240964,0.7059928781739487,0.42028985507246375,0.41566265060240964,0.8347213794114423,0.057971014492753624
attention,208,0.41767068273092367,0.7079619188301292,0.4230769230769231,0.41767068273092367,0.8327369151379659,0.0625
attention,209,0.41967871485943775,0.7128949652047142,0.4258373205741627,0.41967871485943775,0.8300614725535339,0.06220095693779904
attention,210,0.42168674698795183,0.7144200074170854,0.42857142857142855,0.42168674698795183,0.829495237934059,0.06190476190476191
attention,211,0.42369477911646586,0.715103934451314,0.4265402843601896,0.42369477911646586,0.8293024153014286,0.061611374407582936
attention,212,0.42570281124497994,0.7161983866849103,0.42452830188679247,0.42570281124497994,0.8284535735400778,0.06132075471698113
attention,213,0.42771084337349397,0.7163086809899709,0.4225352112676056,0.42771084337349397,0.8282296096173416,0.06572769953051644
attention,214,0.42971887550200805,0.7193135603058387,0.4252336448598131,0.42971887550200805,0.826492205212048,0.06542056074766354
attention,215,0.43172690763052207,0.7222497238662098,0.42790697674418604,0.43172690763052207,0.824905109360752,0.06976744186046512
attention,216,0.43373493975903615,0.7264041738592842,0.4305555555555556,0.43373493975903615,0.8223055630234,0.06944444444444445
attention,217,0.4357429718875502,0.7275039108780934,0.43317972350230416,0.4357429718875502,0.8216579642371921,0.06912442396313365
attention,218,0.43775100401606426,0.7311138520289817,0.43577981651376146,0.43775100401606426,0.819829523797352,0.06880733944954129
attention,219,0.4397590361445783,0.7320256124849847,0.4383561643835616,0.4397590361445783,0.8186607377752979,0.0684931506849315
attention,220,0.44176706827309237,0.7337505963731166,0.4409090909090909,0.44176706827309237,0.8183064432530265,0.07272727272727272
attention,221,0.44377510040160645,0.7364512329588069,0.43891402714932126,0.44377510040160645,0.8165059199006973,0.07239819004524888
attention,222,0.4457831325301205,0.737888094179117,0.44144144144144143,0.4457831325301205,0.8143739780696472,0.07207207207207207
attention,223,0.44779116465863456,0.7379147490839216,0.43946188340807174,0.44779116465863456,0.8135289906400881,0.07174887892376682
attention,224,0.4497991967871486,0.7384289238336039,0.4419642857142857,0.4497991967871486,0.8135029835868601,0.07142857142857142
attention,225,0.45180722891566266,0.7394861939527252,0.4444444444444444,0.45180722891566266,0.8113541311499162,0.07555555555555556
attention,226,0.4538152610441767,0.7458363242349919,0.4469026548672566,0.4538152610441767,0.810158569313942,0.0752212389380531
attention,227,0.45582329317269077,0.7469858399680231,0.44493392070484583,0.45582329317269077,0.809077375459727,0.07488986784140969
attention,228,0.4578313253012048,0.7476533431971341,0.44298245614035087,0.4578313253012048,0.8086919316817649,0.07894736842105263
attention,229,0.4598393574297189,0.7513581986266875,0.44541484716157204,0.4598393574297189,0.8052863286327505,0.07860262008733625
attention,230,0.46184738955823296,0.758486675375416,0.44782608695652176,0.46184738955823296,0.805166417741101,0.0782608695652174
attention,231,0.463855421686747,0.760030944128373,0.45021645021645024,0.463855421686747,0.8046539197243563,0.07792207792207792
attention,232,0.46586345381526106,0.7601642033469354,0.4525862068965517,0.46586345381526106,0.8041967155601839,0.07758620689655173
attention,233,0.4678714859437751,0.7602417915199937,0.45493562231759654,0.4678714859437751,0.8033356614591339,0.07725321888412018
attention,234,0.46987951807228917,0.7617795436726456,0.452991452991453,0.46987951807228917,0.8009930886772242,0.07692307692307693
attention,235,0.4718875502008032,0.7623625697543762,0.451063829787234,0.4718875502008032,0.8001605709789489,0.07659574468085106
attention,236,0.4738955823293173,0.7629816032452498,0.4533898305084746,0.4738955823293173,0.7995241625613924,0.08050847457627118
attention,237,0.4759036144578313,0.7653340749327773,0.45147679324894513,0.4759036144578313,0.7993069894845679,0.08016877637130802
attention,238,0.4779116465863454,0.7654171901736007,0.453781512605042,0.4779116465863454,0.7963711593791959,0.07983193277310924
attention,239,0.4799196787148594,0.7673921589484839,0.45188284518828453,0.4799196787148594,0.7959677939272816,0.0794979079497908
attention,240,0.4819277108433735,0.7674637131608915,0.45416666666666666,0.4819277108433735,0.7953297293037503,0.07916666666666666
attention,241,0.4839357429718876,0.7680637880198787,0.45643153526970953,0.4839357429718876,0.7935900611175415,0.08298755186721991
attention,242,0.4859437751004016,0.7746697861957115,0.45867768595041325,0.4859437751004016,0.7922337329675483,0.08264462809917356
attention,243,0.4879518072289157,0.7772611137306614,0.4609053497942387,0.4879518072289157,0.7915198521364254,0.08641975308641975
attention,244,0.4899598393574297,0.7787765440585126,0.46311475409836067,0.4899598393574297,0.7912628244123108,0.09016393442622951
attention,245,0.4919678714859438,0.7793108869411683,0.46530612244897956,0.4919678714859438,0.7911033258698101,0.08979591836734693
attention,246,0.4939759036144578,0.7795146590397363,0.46747967479674796,0.4939759036144578,0.7896626293787492,0.08943089430894309
attention,247,0.4959839357429719,0.7805538155877695,0.46963562753036436,0.4959839357429719,0.7881158305944609,0.08906882591093117
attention,248,0.4979919678714859,0.7806290073298304,0.4717741935483871,0.4979919678714859,0.7877747457949297,0.08870967741935484
attention,249,0.5,0.7809018586173361,0.46987951807228917,0.5,0.7812162903360463,0.09236947791164658
attention,250,0.5020080321285141,0.7812162903360463,0.468,0.5020080321285141,0.7809018586173361,0.096
attention,251,0.5040160642570282,0.7877747457949297,0.4701195219123506,0.5040160642570282,0.7806290073298304,0.09561752988047809
attention,252,0.5060240963855421,0.7881158305944609,0.4722222222222222,0.5060240963855421,0.7805538155877695,0.09523809523809523
attention,253,0.5080321285140562,0.7896626293787492,0.4743083003952569,0.5080321285140562,0.7795146590397363,0.09486166007905138
attention,254,0.5100401606425703,0.7911033258698101,0.4763779527559055,0.5100401606425703,0.7793108869411683,0.09448818897637795
attention,255,0.5120481927710844,0.7912628244123108,0.4745098039215686,0.5120481927710844,0.7787765440585126,0.09411764705882353
attention,256,0.5140562248995983,0.7915198521364254,0.47265625,0.5140562248995983,0.7772611137306614,0.09375
attention,257,0.5160642570281124,0.7922337329675483,0.47470817120622566,0.5160642570281124,0.7746697861957115,0.0933852140077821
attention,258,0.5180722891566265,0.7935900611175415,0.4728682170542636,0.5180722891566265,0.7680637880198787,0.09302325581395349
attention,259,0.5200803212851406,0.7953297293037503,0.4749034749034749,0.5200803212851406,0.7674637131608915,0.09266409266409266
attention,260,0.5220883534136547,0.7959677939272816,0.47692307692307695,0.5220883534136547,0.7673921589484839,0.09615384615384616
attention,261,0.5240963855421686,0.7963711593791959,0.4789272030651341,0.5240963855421686,0.7654171901736007,0.09578544061302682
attention,262,0.5261044176706827,0.7993069894845679,0.48091603053435117,0.5261044176706827,0.7653340749327773,0.09923664122137404
attention,263,0.5281124497991968,0.7995241625613924,0.4790874524714829,0.5281124497991968,0.7629816032452498,0.09885931558935361
attention,264,0.5301204819277109,0.8001605709789489,0.4810606060606061,0.5301204819277109,0.7623625697543762,0.10227272727272728
attention,265,0.5321285140562249,0.8009930886772242,0.4830188679245283,0.5321285140562249,0.7617795436726456,0.10566037735849057
attention,266,0.5341365461847389,0.8033356614591339,0.4849624060150376,0.5341365461847389,0.7602417915199937,0.10526315789473684
attention,267,0.536144578313253,0.8041967155601839,0.4868913857677903,0.536144578313253,0.7601642033469354,0.10486891385767791
attention,268,0.5381526104417671,0.8046539197243563,0.48880597014925375,0.5381526104417671,0.760030944128373,0.1044776119402985
attention,269,0.5401606425702812,0.805166417741101,0.49070631970260226,0.5401606425702812,0.758486675375416,0.10408921933085502
attention,270,0.5421686746987951,0.8052863286327505,0.4925925925925926,0.5421686746987951,0.7513581986266875,0.1037037037037037
attention,271,0.5441767068273092,0.8086919316817649,0.4907749077490775,0.5441767068273092,0.7476533431971341,0.1070110701107011
attention,272,0.5461847389558233,0.809077375459727,0.49264705882352944,0.5461847389558233,0.7469858399680231,0.11029411764705882
attention,273,0.5481927710843374,0.810158569313942,0.4945054945054945,0.5481927710843374,0.7458363242349919,0.10989010989010989
attention,274,0.5502008032128514,0.8113541311499162,0.4927007299270073,0.5502008032128514,0.7394861939527252,0.10948905109489052
attention,275,0.5522088353413654,0.8135029835868601,0.49454545454545457,0.5522088353413654,0.7384289238336039,0.10909090909090909
attention,276,0.5542168674698795,0.8135289906400881,0.4963768115942029,0.5542168674698795,0.7379147490839216,0.11231884057971014
attention,277,0.5562248995983936,0.8143739780696472,0.4981949458483754,0.5562248995983936,0.737888094179117,0.11191335740072202
attention,278,0.5582329317269076,0.8165059199006973,0.5,0.5582329317269076,0.7364512329588069,0.11510791366906475
attention,279,0.5602409638554217,0.8183064432530265,0.4982078853046595,0.5602409638554217,0.7337505963731166,0.11469534050179211
attention,280,0.5622489959839357,0.8186607377752979,0.5,0.5622489959839357,0.7320256124849847,0.11428571428571428
attention,281,0.5642570281124498,0.819829523797352,0.501779359430605,0.5642570281124498,0.7311138520289817,0.11387900355871886
attention,282,0.5662650602409639,0.8216579642371921,0.5035460992907801,0.5662650602409639,0.7275039108780934,0.11347517730496454
attention,283,0.5682730923694779,0.8223055630234,0.5053003533568905,0.5682730923694779,0.7264041738592842,0.11307420494699646
attention,284,0.570281124497992,0.824905109360752,0.5035211267605634,0.570281124497992,0.7222497238662098,0.11267605633802817
attention,285,0.572289156626506,0.826492205212048,0.5052631578947369,0.572289156626506,0.7193135603058387,0.11228070175438597
attention,286,0.5742971887550201,0.8282296096173416,0.5034965034965035,0.5742971887550201,0.7163086809899709,0.11538461538461539
attention,287,0.5763052208835341,0.8284535735400778,0.5052264808362369,0.5763052208835341,0.7161983866849103,0.11846689895470383
attention,288,0.5783132530120482,0.8293024153014286,0.5069444444444444,0.5783132530120482,0.715103934451314,0.12152777777777778
attention,289,0.5803212851405622,0.829495237934059,0.5086505190311419,0.5803212851405622,0.7144200074170854,0.12110726643598616
attention,290,0.5823293172690763,0.8300614725535339,0.5103448275862069,0.5823293172690763,0.7128949652047142,0.1206896551724138
attention,291,0.5843373493975904,0.8327369151379659,0.5085910652920962,0.5843373493975904,0.7079619188301292,0.12027491408934708
attention,292,0.5863453815261044,0.8347213794114423,0.5102739726027398,0.5863453815261044,0.7059928781739487,0.1232876712328767
attention,293,0.5883534136546185,0.8348403211566798,0.5085324232081911,0.5883534136546185,0.7021520458631452,0.12286689419795221
attention,294,0.5903614457831325,0.8349833385598588,0.5102040816326531,0.5903614457831325,0.6994208130273167,0.12244897959183673
attention,295,0.5923694779116466,0.8350263121598444,0.511864406779661,0.5923694779116466,0.6992925527549891,0.12542372881355932
attention,296,0.5943775100401606,0.8368292239575242,0.5135135135135135,0.5943775100401606,0.6923835940603491,0.125
attention,297,0.5963855421686747,0.8388810477376067,0.5151515151515151,0.5963855421686747,0.6892558561585119,0.12794612794612795
attention,298,0.5983935742971888,0.8389425318443601,0.5167785234899329,0.5983935742971888,0.6871453615428832,0.13087248322147652
attention,299,0.6004016064257028,0.8398464192321762,0.5183946488294314,0.6004016064257028,0.6868986212054824,0.13377926421404682
attention,300,0.6024096385542169,0.8413286456349173,0.52,0.6024096385542169,0.6856589409796779,0.13333333333333333
attention,301,0.6044176706827309,0.8415489610383196,0.521594684385382,0.6044176706827309,0.6844543098271336,0.132890365448505
attention,302,0.606425702811245,0.8422265613880817,0.5231788079470199,0.606425702811245,0.6802236069567897,0.13245033112582782
attention,303,0.608433734939759,0.8437959354551526,0.5247524752475248,0.608433734939759,0.6745239622872146,0.1353135313531353
attention,304,0.6104417670682731,0.8441899591995722,0.5230263157894737,0.6104417670682731,0.6738632397432417,0.13486842105263158
attention,305,0.6124497991967871,0.8446392911344458,0.5245901639344263,0.6124497991967871,0.6725875025832618,0.1377049180327869
attention,306,0.6144578313253012,0.845265474716864,0.5261437908496732,0.6144578313253012,0.6724024132829708,0.13725490196078433
attention,307,0.6164658634538153,0.845331142850772,0.5276872964169381,0.6164658634538153,0.669597586015105,0.13680781758957655
attention,308,0.6184738955823293,0.8465804801702672,0.5292207792207793,0.6184738955823293,0.6688946674653518,0.13636363636363635
attention,309,0.6204819277108434,0.8470994874308815,0.5307443365695793,0.6204819277108434,0.664264222483374,0.13592233009708737
attention,310,0.6224899598393574,0.8483109448151782,0.532258064516129,0.6224899598393574,0.6626936933169872,0.13870967741935483
attention,311,0.6244979919678715,0.8483390140750537,0.5337620578778135,0.6244979919678715,0.6626209829625508,0.1382636655948553
attention,312,0.6265060240963856,0.8487603592978893,0.5352564102564102,0.6265060240963856,0.6590195420595146,0.13782051282051283
attention,313,0.6285140562248996,0.8497062878423692,0.536741214057508,0.6285140562248996,0.6540860193109754,0.13738019169329074
attention,314,0.6305220883534136,0.8497479216960782,0.5382165605095541,0.6305220883534136,0.6516347211343478,0.13694267515923567
attention,315,0.6325301204819277,0.8497848173743582,0.5396825396825397,0.6325301204819277,0.6494192712824493,0.1365079365079365
attention,316,0.6345381526104418,0.8504119898240945,0.5379746835443038,0.6345381526104418,0.6470513827001874,0.13924050632911392
attention,317,0.6365461847389559,0.8506491110143873,0.5394321766561514,0.6365461847389559,0.6431499213569317,0.138801261829653
attention,318,0.6385542168674698,0.8514181100303893,0.5408805031446541,0.6385542168674698,0.6407432490797741,0.13836477987421383
attention,319,0.6405622489959839,0.8539349851585485,0.542319749216301,0.6405622489959839,0.6388880206671973,0.13793103448275862
attention,320,0.642570281124498,0.856777287478103,0.54375,0.642570281124498,0.637967547587481,0.140625
attention,321,0.6445783132530121,0.8605526243018321,0.5451713395638629,0.6445783132530121,0.6346409255971176,0.14018691588785046
attention,322,0.6465863453815262,0.8628744100704656,0.546583850931677,0.6465863453815262,0.6310120453800802,0.13975155279503104
attention,323,0.6485943775100401,0.863921448090126,0.5479876160990712,0.6485943775100401,0.6245290811245406,0.1393188854489164
attention,324,0.6506024096385542,0.864942628049787,0.5493827160493827,0.6506024096385542,0.6217119702755295,0.1388888888888889
attention,325,0.6526104417670683,0.865207526838237,0.5507692307692308,0.6526104417670683,0.6209189751383498,0.13846153846153847
attention,326,0.6546184738955824,0.865520789784614,0.5521472392638037,0.6546184738955824,0.6110259300164143,0.13803680981595093
attention,327,0.6566265060240963,0.8658176858453926,0.5535168195718655,0.6566265060240963,0.6081089078976021,0.13761467889908258
attention,328,0.6586345381526104,0.8659816433666426,0.5548780487804879,0.6586345381526104,0.6032863517057451,0.13719512195121952
attention,329,0.6606425702811245,0.8661705518965497,0.5562310030395137,0.6606425702811245,0.6027564051177369,0.13677811550151975
attention,330,0.6626506024096386,0.866564368801803,0.5575757575757576,0.6626506024096386,0.6013621469967637,0.13636363636363635
attention,331,0.6646586345381527,0.8700761517565229,0.5589123867069486,0.6646586345381527,0.5991338334713426,0.13897280966767372
attention,332,0.6666666666666666,0.870655033507528,0.5602409638554217,0.6666666666666666,0.5983893818679968,0.13855421686746988
attention,333,0.6686746987951807,0.8715997686249748,0.5615615615615616,0.6686746987951807,0.5972971216346818,0.14114114114114115
attention,334,0.6706827309236948,0.8720872401918455,0.562874251497006,0.6706827309236948,0.5944559363754996,0.1407185628742515
attention,335,0.6726907630522089,0.8722352827926824,0.564179104477612,0.6726907630522089,0.5921953306113208,0.14328358208955225
attention,336,0.6746987951807228,0.8728450807272513,0.5654761904761905,0.6746987951807228,0.5840033212921033,0.14285714285714285
attention,337,0.6767068273092369,0.8754237084467252,0.5667655786350149,0.6767068273092369,0.580211344248224,0.142433234421365
attention,338,0.678714859437751,0.8767109275365762,0.5680473372781065,0.678714859437751,0.5793504434616332,0.14201183431952663
attention,339,0.6807228915662651,0.8783408278341296,0.5663716814159292,0.6807228915662651,0.5791811012503809,0.14454277286135694
attention,340,0.6827309236947792,0.8783777756060269,0.5676470588235294,0.6827309236947792,0.5756552260061397,0.14411764705882352
attention,341,0.6847389558232931,0.8824458832417333,0.5689149560117303,0.6847389558232931,0.5756021735451318,0.1466275659824047
attention,342,0.6867469879518072,0.8832301914278444,0.5701754385964912,0.6867469879518072,0.5751627335765096,0.14619883040935672
attention,343,0.6887550200803213,0.8846484689702363,0.5714285714285714,0.6887550200803213,0.5707962464579673,0.1457725947521866
attention,344,0.6907630522088354,0.8864414620574419,0.5726744186046512,0.6907630522088354,0.5695846013891998,0.14534883720930233
attention,345,0.6927710843373494,0.8865083880404386,0.5710144927536231,0.6927710843373494,0.5618657079281631,0.14492753623188406
attention,346,0.6947791164658634,0.8867307400552144,0.5722543352601156,0.6947791164658634,0.5599046102102581,0.14450867052023122
attention,347,0.6967871485943775,0.8889488340433236,0.5734870317002881,0.6967871485943775,0.558887043021041,0.1440922190201729
attention,348,0.6987951807228916,0.8898749479879858,0.5747126436781609,0.6987951807228916,0.5586157195130832,0.14367816091954022
attention,349,0.7008032128514057,0.8916578214718888,0.5759312320916905,0.7008032128514057,0.5544864925461858,0.14326647564469913
attention,350,0.7028112449799196,0.892130937929427,0.5771428571428572,0.7028112449799196,0.5531407089587096,0.1457142857142857
attention,351,0.7048192771084337,0.8943302874171202,0.5754985754985755,0.7048192771084337,0.5492224335168312,0.1452991452991453
attention,352,0.7068273092369478,0.8955312297952869,0.5738636363636364,0.7068273092369478,0.5464807580462021,0.14488636363636365
attention,353,0.7088353413654619,0.896203306360893,0.5750708215297451,0.7088353413654619,0.5432113319953106,0.14447592067988668
attention,354,0.7108433734939759,0.8977913696514371,0.576271186440678,0.7108433734939759,0.5420674882097276,0.1440677966101695
attention,355,0.7128514056224899,0.8981990841368216,0.5746478873239437,0.7128514056224899,0.5384918651745367,0.14366197183098592
attention,356,0.714859437751004,0.8982683165700646,0.5758426966292135,0.714859437751004,0.5364589354345854,0.14325842696629212
attention,357,0.7168674698795181,0.8990076320364224,0.5770308123249299,0.7168674698795181,0.5358854078544133,0.14565826330532214
attention,358,0.7188755020080321,0.9014363698640412,0.5782122905027933,0.7188755020080321,0.5346538557603243,0.14804469273743018
attention,359,0.7208835341365462,0.9016742952618784,0.5793871866295265,0.7208835341365462,0.5333221005741329,0.14763231197771587
attention,360,0.7228915662650602,0.902506183618094,0.5805555555555556,0.7228915662650602,0.5326604099185811,0.14722222222222223
attention,361,0.7248995983935743,0.903107644368644,0.5817174515235457,0.7248995983935743,0.5193839226871111,0.14681440443213298
attention,362,0.7269076305220884,0.90384412997508,0.5828729281767956,0.7269076305220884,0.5175075150477418,0.14917127071823205
attention,363,0.7289156626506024,0.9040964755389864,0.5840220385674931,0.7289156626506024,0.517067235568593,0.15151515151515152
attention,364,0.7309236947791165,0.9044273467264742,0.5851648351648352,0.7309236947791165,0.509575665709893,0.15384615384615385
attention,365,0.7329317269076305,0.9046933440176992,0.5835616438356165,0.7329317269076305,0.5085385962441274,0.15616438356164383
attention,366,0.7349397590361446,0.9050688002785964,0.5846994535519126,0.7349397590361446,0.506513263304557,0.15846994535519127
attention,367,0.7369477911646586,0.90525333755423,0.5831062670299727,0.7369477911646586,0.5058171127766508,0.16076294277929154
attention,368,0.7389558232931727,0.9055552456915568,0.5842391304347826,0.7389558232931727,0.5056264481842728,0.16032608695652173
attention,369,0.7409638554216867,0.9069445697517416,0.5853658536585366,0.7409638554216867,0.5015642118909475,0.15989159891598917
attention,370,0.7429718875502008,0.9074052034155276,0.5864864864864865,0.7429718875502008,0.4979053056301998,0.15945945945945947
attention,371,0.7449799196787149,0.907855858749951,0.5876010781671159,0.7449799196787149,0.4976030142268717,0.16172506738544473
attention,372,0.7469879518072289,0.9081021477860872,0.5887096774193549,0.7469879518072289,0.4940388002537391,0.1639784946236559
attention,373,0.748995983935743,0.90992744212483,0.5898123324396782,0.748995983935743,0.4919304120764645,0.16621983914209115
attention,374,0.751004016064257,0.910037816095088,0.5909090909090909,0.751004016064257,0.4803516345550702,0.1657754010695187
attention,375,0.7530120481927711,0.9100767709652252,0.592,0.7530120481927711,0.4798615912614657,0.168
attention,376,0.7550200803212851,0.9122354619876242,0.5930851063829787,0.7550200803212851,0.4776091109232788,0.1702127659574468
attention,377,0.7570281124497992,0.9149963968846327,0.5941644562334217,0.7570281124497992,0.4764130615433514,0.1724137931034483
attention,378,0.7590361445783133,0.9153792570261696,0.5952380952380952,0.7590361445783133,0.4690896788716533,0.1746031746031746
attention,379,0.7610441767068273,0.9162159778638616,0.5963060686015831,0.7610441767068273,0.4676541012470093,0.17678100263852242
attention,380,0.7630522088353414,0.9168003536213636,0.5973684210526315,0.7630522088353414,0.465067053686058,0.17894736842105263
attention,381,0.7650602409638554,0.9191403274300642,0.5984251968503937,0.7650602409638554,0.4624729077995378,0.1784776902887139
attention,382,0.7670682730923695,0.9195305966643312,0.599476439790576,0.7670682730923695,0.4543491441808343,0.17801047120418848
attention,383,0.7690763052208835,0.9212810597606592,0.6005221932114883,0.7690763052208835,0.4442666788237709,0.1801566579634465
attention,384,0.7710843373493976,0.9214939490425682,0.6015625,0.7710843373493976,0.4404940267871864,0.1796875
attention,385,0.7730923694779116,0.9217560311371548,0.6025974025974026,0.7730923694779116,0.439389265021631,0.18181818181818182
attention,386,0.7751004016064257,0.9218114081312272,0.6036269430051814,0.7751004016064257,0.4356531576127532,0.18134715025906736
attention,387,0.7771084337349398,0.9227055160199396,0.6046511627906976,0.7771084337349398,0.4344834290600709,0.1834625322997416
attention,388,0.7791164658634538,0.9241623622698962,0.6056701030927835,0.7791164658634538,0.4340725026563395,0.18298969072164947
attention,389,0.7811244979919679,0.9243518148106744,0.6066838046272494,0.7811244979919679,0.4309872566136891,0.18251928020565553
attention,390,0.7831325301204819,0.9248422110149492,0.6076923076923076,0.7831325301204819,0.4300966434566027,0.18461538461538463
attention,391,0.785140562248996,0.928457511153176,0.6086956521739131,0.785140562248996,0.4289054011885355,0.1867007672634271
attention,392,0.7871485943775101,0.9288142881064052,0.6096938775510204,0.7871485943775101,0.426817409645728,0.18877551020408162
attention,393,0.7891566265060241,0.9298588619150108,0.6106870229007634,0.7891566265060241,0.4260978830779578,0.19083969465648856
attention,394,0.7911646586345381,0.9298761368935172,0.6116751269035533,0.7911646586345381,0.4258615957667752,0.19035532994923857
attention,395,0.7931726907630522,0.9317041694453668,0.6126582278481013,0.7931726907630522,0.4257189900308625,0.189873417721519
attention,396,0.7951807228915663,0.9318073115516332,0.6136363636363636,0.7951807228915663,0.4215318660528738,0.1919191919191919
attention,397,0.7971887550200804,0.9321631734798572,0.6146095717884131,0.7971887550200804,0.4147374648726155,0.19143576826196473
attention,398,0.7991967871485943,0.932979169606468,0.6155778894472361,0.7991967871485943,0.4090404804054447,0.1934673366834171
attention,399,0.8012048192771084,0.9330793574425412,0.6165413533834586,0.8012048192771084,0.4083770631485187,0.19298245614035087
attention,400,0.8032128514056225,0.9332245528041064,0.6175,0.8032128514056225,0.407382418541618,0.195
attention,401,0.8052208835341366,0.9338438125277536,0.6184538653366584,0.8052208835341366,0.4067974622603983,0.1970074812967581
attention,402,0.8072289156626506,0.9343593656867548,0.6194029850746269,0.8072289156626506,0.4052816469095815,0.19900497512437812
attention,403,0.8092369477911646,0.9346265503242108,0.6203473945409429,0.8092369477911646,0.4017523343329308,0.19851116625310175
attention,404,0.8112449799196787,0.9350505062256584,0.6212871287128713,0.8112449799196787,0.39938842952102,0.19801980198019803
attention,405,0.8132530120481928,0.935409326140186,0.6222222222222222,0.8132530120481928,0.3940997411650819,0.2
attention,406,0.8152610441767069,0.936139992877195,0.6231527093596059,0.8152610441767069,0.3887710315165116,0.19950738916256158
attention,407,0.8172690763052208,0.937136768986999,0.6240786240786241,0.8172690763052208,0.3867126408931488,0.20147420147420148
attention,408,0.8192771084337349,0.9377210425192928,0.625,0.8192771084337349,0.3838166807687754,0.20098039215686275
attention,409,0.821285140562249,0.9377468279428922,0.6259168704156479,0.821285140562249,0.3814646782091122,0.20293398533007334
attention,410,0.8232931726907631,0.9387747309899936,0.6268292682926829,0.8232931726907631,0.3737122654680503,0.2048780487804878
attention,411,0.8253012048192772,0.9399782354263057,0.6277372262773723,0.8253012048192772,0.3705054290544235,0.20437956204379562
attention,412,0.8273092369477911,0.9402437424495768,0.6286407766990292,0.8273092369477911,0.3703176674416856,0.20631067961165048
attention,413,0.8293172690763052,0.9409556487926424,0.6295399515738499,0.8293172690763052,0.3693761261673274,0.20823244552058112
attention,414,0.8313253012048193,0.9412750661985028,0.6304347826086957,0.8313253012048193,0.3651156159009293,0.21014492753623187
attention,415,0.8333333333333334,0.9425662643457902,0.6313253012048192,0.8333333333333334,0.3582328437716384,0.21204819277108433
attention,416,0.8353413654618473,0.9427643388285988,0.6322115384615384,0.8353413654618473,0.3581810204688369,0.21394230769230768
attention,417,0.8373493975903614,0.9430477235473348,0.6330935251798561,0.8373493975903614,0.3538507253455994,0.2158273381294964
attention,418,0.8393574297188755,0.9432032242880914,0.6339712918660287,0.8393574297188755,0.3485989874998493,0.21770334928229665
attention,419,0.8413654618473896,0.9435703034764076,0.6348448687350835,0.8413654618473896,0.3444410418037119,0.21957040572792363
attention,420,0.8433734939759037,0.9462542039237812,0.6333333333333333,0.8433734939759037,0.3396311381153716,0.22142857142857142
attention,421,0.8453815261044176,0.946268033394763,0.6342042755344418,0.8453815261044176,0.3315342197244671,0.2209026128266033
attention,422,0.8473895582329317,0.9465753092813366,0.6350710900473934,0.8473895582329317,0.3311619137577763,0.22037914691943128
attention,423,0.8493975903614458,0.9469696197658556,0.6359338061465721,0.8493975903614458,0.3294477183255961,0.2198581560283688
attention,424,0.8514056224899599,0.9480712712823852,0.6367924528301887,0.8514056224899599,0.3099817764663297,0.22169811320754718
attention,425,0.8534136546184738,0.948278469792774,0.6376470588235295,0.8534136546184738,0.2979983032070904,0.2235294117647059
attention,426,0.8554216867469879,0.9488276148911472,0.6384976525821596,0.8554216867469879,0.294852917350505,0.22535211267605634
attention,427,0.857429718875502,0.9490204386132154,0.639344262295082,0.857429718875502,0.2918377392118022,0.22482435597189696
attention,428,0.8594377510040161,0.9492664431987836,0.6401869158878505,0.8594377510040161,0.284032850052108,0.2266355140186916
attention,429,0.8614457831325302,0.9493353746347164,0.6410256410256411,0.8614457831325302,0.2769346082206553,0.22843822843822845
attention,430,0.8634538152610441,0.9499982061249777,0.641860465116279,0.8634538152610441,0.275992369930154,0.22790697674418606
attention,431,0.8654618473895582,0.9509663253271609,0.642691415313225,0.8654618473895582,0.2749887837533172,0.2296983758700696
attention,432,0.8674698795180723,0.951485921479383,0.6435185185185185,0.8674698795180723,0.2721671062780335,0.23148148148148148
attention,433,0.8694779116465864,0.9519139723891956,0.6443418013856813,0.8694779116465864,0.2663282108522573,0.23325635103926096
attention,434,0.8714859437751004,0.952798137225852,0.6451612903225806,0.8714859437751004,0.2653956467725724,0.2350230414746544
attention,435,0.8734939759036144,0.9529844338625824,0.6459770114942529,0.8734939759036144,0.2609289104994506,0.2367816091954023
attention,436,0.8755020080321285,0.9531969532016604,0.6467889908256881,0.8755020080321285,0.2595554836413953,0.23853211009174313
attention,437,0.8775100401606426,0.953997744233628,0.6475972540045767,0.8775100401606426,0.2517522973064159,0.2402745995423341
attention,438,0.8795180722891566,0.9541623747867992,0.6484018264840182,0.8795180722891566,0.2507719073914108,0.23972602739726026
attention,439,0.8815261044176707,0.9545644122955274,0.6469248291571754,0.8815261044176707,0.2408891942983326,0.23917995444191345
attention,440,0.8835341365461847,0.9554025693799462,0.6477272727272727,0.8835341365461847,0.2233430559483691,0.23863636363636365
attention,441,0.8855421686746988,0.9558363903824694,0.6485260770975056,0.8855421686746988,0.2186316190030671,0.23809523809523808
attention,442,0.8875502008032129,0.9566237068339468,0.6493212669683258,0.8875502008032129,0.2151230556855534,0.23755656108597284
attention,443,0.8895582329317269,0.957285379813469,0.6501128668171557,0.8895582329317269,0.2135846194003589,0.23927765237020315
attention,444,0.891566265060241,0.959734787458392,0.6509009009009009,0.891566265060241,0.2010558173001774,0.240990990990991
attention,445,0.893574297188755,0.9597965111920012,0.651685393258427,0.893574297188755,0.2004760636619726,0.24044943820224718
attention,446,0.8955823293172691,0.9600508748974024,0.6524663677130045,0.8955823293172691,0.198701791490923,0.242152466367713
attention,447,0.8975903614457831,0.9619833295282982,0.6532438478747203,0.8975903614457831,0.1965111678218382,0.24384787472035793
attention,448,0.8995983935742972,0.9628232009444276,0.6540178571428571,0.8995983935742972,0.1804782438021983,0.24330357142857142
attention,449,0.9016064257028112,0.963226659001082,0.6547884187082406,0.9016064257028112,0.172061460922456,0.24498886414253898
attention,450,0.9036144578313253,0.963422282776422,0.6555555555555556,0.9036144578313253,0.168900536732543,0.24666666666666667
attention,451,0.9056224899598394,0.9645510086207548,0.656319290465632,0.9056224899598394,0.167355974904722,0.24833702882483372
attention,452,0.9076305220883534,0.964627458067783,0.6570796460176991,0.9076305220883534,0.1634000703974119,0.25
attention,453,0.9096385542168675,0.9656463838063792,0.6578366445916115,0.9096385542168675,0.1621547937390703,0.25165562913907286
attention,454,0.9116465863453815,0.96619349249971,0.6585903083700441,0.9116465863453815,0.1597723937793378,0.2533039647577093
attention,455,0.9136546184738956,0.967335338661024,0.6593406593406593,0.9136546184738956,0.1580655100612919,0.2549450549450549
attention,456,0.9156626506024096,0.968749855575479,0.6600877192982456,0.9156626506024096,0.157574303958451,0.2565789473684211
attention,457,0.9176706827309237,0.9690646474234936,0.6608315098468271,0.9176706827309237,0.1568593851858332,0.25820568927789933
attention,458,0.9196787148594378,0.969718489035406,0.6615720524017468,0.9196787148594378,0.1496882241331802,0.259825327510917
attention,459,0.9216867469879518,0.970084481940996,0.6623093681917211,0.9216867469879518,0.1452693778165023,0.25925925925925924
attention,460,0.9236947791164659,0.970640207241338,0.6630434782608695,0.9236947791164659,0.1219658895105774,0.2608695652173913
attention,461,0.9257028112449799,0.9710743287093088,0.6637744034707158,0.9257028112449799,0.1169015433141864,0.26247288503253796
attention,462,0.927710843373494,0.9712590494151117,0.6645021645021645,0.927710843373494,0.1107724783061349,0.26406926406926406
attention,463,0.929718875502008,0.9719843659568896,0.6652267818574514,0.929718875502008,0.1049633873676006,0.265658747300216
attention,464,0.9317269076305221,0.9742977852943624,0.665948275862069,0.9317269076305221,0.1016645771975884,0.2672413793103448
attention,465,0.9337349397590361,0.976009188280884,0.6666666666666666,0.9337349397590361,0.1001862064831742,0.26881720430107525
attention,466,0.9357429718875502,0.9791520946128336,0.6673819742489271,0.9357429718875502,0.0997174765385075,0.2703862660944206
attention,467,0.9377510040160643,0.9794693392273408,0.6680942184154176,0.9377510040160643,0.0987933240923495,0.27194860813704497
attention,468,0.9397590361445783,0.9804261116873882,0.6688034188034188,0.9397590361445783,0.0976893225291874,0.27350427350427353
attention,469,0.9417670682730924,0.9810227027760764,0.6695095948827292,0.9417670682730924,0.0919702068202597,0.27505330490405117
attention,470,0.9437751004016064,0.9813650271527774,0.6702127659574468,0.9437751004016064,0.0911811135762254,0.274468085106383
attention,471,0.9457831325301205,0.9823554057316254,0.6709129511677282,0.9457831325301205,0.0875890469368215,0.2760084925690021
attention,472,0.9477911646586346,0.9826559305659296,0.6716101694915254,0.9477911646586346,0.0852443660191741,0.2775423728813559
attention,473,0.9497991967871486,0.9829472396727978,0.6723044397463002,0.9497991967871486,0.0836236274549233,0.27906976744186046
attention,474,0.9518072289156626,0.9841922020698752,0.6729957805907173,0.9518072289156626,0.0816443210957554,0.2805907172995781
attention,475,0.9538152610441767,0.9850601724165126,0.6736842105263158,0.9538152610441767,0.0791072862755714,0.28210526315789475
attention,476,0.9558232931726908,0.9853467739837696,0.6743697478991597,0.9558232931726908,0.0769651591321305,0.28361344537815125
attention,477,0.9578313253012049,0.9881678269522048,0.6750524109014675,0.9578313253012049,0.075880310748437,0.2851153039832285
attention,478,0.9598393574297188,0.9897378726177706,0.6757322175732218,0.9598393574297188,0.0738524364148652,0.28451882845188287
attention,479,0.9618473895582329,0.989976945747028,0.6764091858037579,0.9618473895582329,0.073595815473269,0.2860125260960334
attention,480,0.963855421686747,0.9900065574286864,0.6770833333333334,0.963855421686747,0.0707446373263589,0.2875
attention,481,0.9658634538152611,0.9907017325506452,0.6777546777546778,0.9658634538152611,0.068583105465678,0.288981288981289
attention,482,0.9678714859437751,0.9924080383223312,0.6784232365145229,0.9678714859437751,0.0668875862828417,0.29045643153526973
attention,483,0.9698795180722891,0.9937008620823288,0.6790890269151139,0.9698795180722891,0.0662357221797158,0.2919254658385093
attention,484,0.9718875502008032,0.994252922140537,0.6797520661157025,0.9718875502008032,0.0655151739102889,0.29338842975206614
attention,485,0.9738955823293173,0.994254119514203,0.6804123711340206,0.9738955823293173,0.0629303590320711,0.2927835051546392
attention,486,0.9759036144578314,0.9951591317749612,0.6810699588477366,0.9759036144578314,0.062846595774321,0.294238683127572
attention,487,0.9779116465863453,0.995378787984923,0.6817248459958932,0.9779116465863453,0.0615720054756358,0.29568788501026694
attention,488,0.9799196787148594,0.9953876737791628,0.6823770491803278,0.9799196787148594,0.0550774833853548,0.29713114754098363
attention,489,0.9819277108433735,0.9953949593059364,0.6830265848670757,0.9819277108433735,0.0537459319804822,0.2985685071574642
attention,490,0.9839357429718876,0.9960247691227476,0.6836734693877551,0.9839357429718876,0.0511453384919001,0.3
attention,491,0.9859437751004017,0.9963086793064172,0.6843177189409368,0.9859437751004017,0.047208837976252,0.3014256619144603
attention,492,0.9879518072289156,0.9967947458972848,0.6849593495934959,0.9879518072289156,0.0436458845216587,0.30284552845528456
attention,493,0.9899598393574297,0.9971547766472764,0.6855983772819473,0.9899598393574297,0.0414931771181819,0.30425963488843816
attention,494,0.9919678714859438,0.9972237488567964,0.6862348178137652,0.9919678714859438,0.0401111698256491,0.305668016194332
attention,495,0.9939759036144579,0.9973713119968152,0.6868686868686869,0.9939759036144579,0.0350233949712476,0.30707070707070705
attention,496,0.9959839357429718,0.9974406584423328,0.6875,0.9959839357429718,0.0286468376421602,0.3084677419354839
attention,497,0.9979919678714859,0.9975439584708548,0.6881287726358148,0.9979919678714859,0.0285939028733851,0.30985915492957744
attention,498,1.0,0.9980435158532878,0.6887550200803213,1.0,0.0246448310195881,0.3112449799196787
attention+token_confidence,1,0.002008032128514056,0.0131801754058457,0.0,0.002008032128514056,0.99909122887408,0.0
attention+token_confidence,2,0.004016064257028112,0.019783245268646,0.0,0.004016064257028112,0.9984653499074636,0.0
attention+token_confidence,3,0.006024096385542169,0.0237105805277008,0.0,0.006024096385542169,0.9976299546353972,0.0
attention+token_confidence,4,0.008032128514056224,0.0327100885605131,0.0,0.008032128514056224,0.9973189582340476,0.0
attention+token_confidence,5,0.010040160642570281,0.0333354117859533,0.0,0.010040160642570281,0.9971576649971168,0.0
attention+token_confidence,6,0.012048192771084338,0.0343267086276255,0.0,0.012048192771084338,0.9968596456801606,0.0
attention+token_confidence,7,0.014056224899598393,0.0346057923010352,0.0,0.014056224899598393,0.9967555097993352,0.0
attention+token_confidence,8,0.01606425702811245,0.0353907766564714,0.0,0.01606425702811245,0.9966555864373524,0.0
attention+token_confidence,9,0.018072289156626505,0.0368423718342124,0.0,0.018072289156626505,0.9963376673531352,0.0
attention+token_confidence,10,0.020080321285140562,0.0374039749199174,0.0,0.020080321285140562,0.996290916995222,0.0
attention+token_confidence,11,0.02208835341365462,0.040304191931521,0.0,0.02208835341365462,0.9961985102524834,0.0
attention+token_confidence,12,0.024096385542168676,0.0418388600267638,0.0,0.024096385542168676,0.995994259017041,0.0
attention+token_confidence,13,0.02610441767068273,0.0426670713732333,0.0,0.02610441767068273,0.9957148014689616,0.0
attention+token_confidence,14,0.028112449799196786,0.0451738361682598,0.0,0.028112449799196786,0.9952404124854208,0.0
attention+token_confidence,15,0.030120481927710843,0.0455399204378011,0.0,0.030120481927710843,0.9949833471190336,0.0
attention+token_confidence,16,0.0321285140562249,0.0458663970139684,0.0,0.0321285140562249,0.9949361705320304,0.0
attention+token_confidence,17,0.03413654618473896,0.0469064457202677,0.0,0.03413654618473896,0.9947232868215932,0.0
attention+token_confidence,18,0.03614457831325301,0.0471456839270926,0.05555555555555555,0.03614457831325301,0.9926593421600556,0.0
attention+token_confidence,19,0.03815261044176707,0.0489204603657067,0.05263157894736842,0.03815261044176707,0.9921271230094558,0.0
attention+token_confidence,20,0.040160642570281124,0.0498202641601716,0.05,0.040160642570281124,0.9911023183097708,0.0
attention+token_confidence,21,0.04216867469879518,0.050476412699734,0.09523809523809523,0.04216867469879518,0.9898872200419452,0.0
attention+token_confidence,22,0.04417670682730924,0.0519361375534706,0.09090909090909091,0.04417670682730924,0.9889791712753604,0.0
attention+token_confidence,23,0.04618473895582329,0.0531246236857483,0.08695652173913043,0.04618473895582329,0.9885269536212996,0.0
attention+token_confidence,24,0.04819277108433735,0.0565391025043372,0.08333333333333333,0.04819277108433735,0.9875693469238662,0.0
attention+token_confidence,25,0.050200803212851405,0.0570173953860612,0.08,0.050200803212851405,0.9871095899249808,0.0
attention+token_confidence,26,0.05220883534136546,0.0579040629622885,0.07692307692307693,0.05220883534136546,0.9867748219109914,0.0
attention+token_confidence,27,0.05421686746987952,0.058327330369968,0.07407407407407407,0.05421686746987952,0.9842926907871288,0.0
attention+token_confidence,28,0.05622489959839357,0.0624078862960548,0.07142857142857142,0.05622489959839357,0.98347121184916,0.0
attention+token_confidence,29,0.05823293172690763,0.0711219529731562,0.06896551724137931,0.05823293172690763,0.9834550791294506,0.0
attention+token_confidence,30,0.060240963855421686,0.0739119881546112,0.06666666666666667,0.060240963855421686,0.9822978018127104,0.0
attention+token_confidence,31,0.06224899598393574,0.0751765184608751,0.06451612903225806,0.06224899598393574,0.9822766636792484,0.0
attention+token_confidence,32,0.0642570281124498,0.0853550556635075,0.0625,0.0642570281124498,0.9816403206088308,0.0
attention+token_confidence,33,0.06626506024096386,0.0865882576000397,0.06060606060606061,0.06626506024096386,0.9803124892135652,0.0
attention+token_confidence,34,0.06827309236947791,0.0874580709683855,0.058823529411764705,0.06827309236947791,0.980057014473392,0.0
attention+token_confidence,35,0.07028112449799197,0.0907223815737007,0.05714285714285714,0.07028112449799197,0.978353596903639,0.0
attention+token_confidence,36,0.07228915662650602,0.0918490325062132,0.05555555555555555,0.07228915662650602,0.9780175821903422,0.0
attention+token_confidence,37,0.07429718875502007,0.0961467171433001,0.05405405405405406,0.07429718875502007,0.977398199202523,0.0
attention+token_confidence,38,0.07630522088353414,0.0963359068888605,0.05263157894736842,0.07630522088353414,0.9752094996725988,0.0
attention+token_confidence,39,0.0783132530120482,0.0991289296752071,0.07692307692307693,0.0783132530120482,0.9747072119408966,0.0
attention+token_confidence,40,0.08032128514056225,0.1029701983828456,0.075,0.08032128514056225,0.9731727610978782,0.0
attention+token_confidence,41,0.0823293172690763,0.1111465141551849,0.0975609756097561,0.0823293172690763,0.971590860717692,0.0
attention+token_confidence,42,0.08433734939759036,0.1181427735759784,0.09523809523809523,0.08433734939759036,0.9715249449236638,0.0
attention+token_confidence,43,0.08634538152610442,0.1225360602672548,0.09302325581395349,0.08634538152610442,0.9711861525354516,0.0
attention+token_confidence,44,0.08835341365461848,0.1280504426172438,0.09090909090909091,0.08835341365461848,0.9711456462848632,0.0
attention+token_confidence,45,0.09036144578313253,0.1299178068477294,0.1111111111111111,0.09036144578313253,0.9688775055940112,0.0
attention+token_confidence,46,0.09236947791164658,0.132446747934597,0.10869565217391304,0.09236947791164658,0.968672859961892,0.0
attention+token_confidence,47,0.09437751004016064,0.1362136627877883,0.10638297872340426,0.09437751004016064,0.968656370386838,0.0
attention+token_confidence,48,0.0963855421686747,0.1372285986374255,0.10416666666666667,0.0963855421686747,0.9679463633381874,0.0
attention+token_confidence,49,0.09839357429718876,0.1471378148335553,0.10204081632653061,0.09839357429718876,0.9647781508461536,0.0
attention+token_confidence,50,0.10040160642570281,0.1492098912462046,0.1,0.10040160642570281,0.9643729265904908,0.0
attention+token_confidence,51,0.10240963855421686,0.1496988989430964,0.11764705882352941,0.10240963855421686,0.9635025784516258,0.0
attention+token_confidence,52,0.10441767068273092,0.1544568066693513,0.11538461538461539,0.10441767068273092,0.9631829570874436,0.0
attention+token_confidence,53,0.10642570281124498,0.1555689404922495,0.1320754716981132,0.10642570281124498,0.9626886848769084,0.0
attention+token_confidence,54,0.10843373493975904,0.1589984165412481,0.14814814814814814,0.10843373493975904,0.961705937960082,0.0
attention+token_confidence,55,0.11044176706827309,0.1651963260237098,0.14545454545454545,0.11044176706827309,0.9615981784641298,0.01818181818181818
attention+token_confidence,56,0.11244979919678715,0.1701311216694165,0.14285714285714285,0.11244979919678715,0.9613256964810144,0.017857142857142856
attention+token_confidence,57,0.1144578313253012,0.1747932633691299,0.14035087719298245,0.1144578313253012,0.960604520438291,0.017543859649122806
attention+token_confidence,58,0.11646586345381527,0.1924296466805506,0.13793103448275862,0.11646586345381527,0.9603208040506518,0.017241379310344827
attention+token_confidence,59,0.11847389558232932,0.1972585771365184,0.13559322033898305,0.11847389558232932,0.9600224361696592,0.01694915254237288
attention+token_confidence,60,0.12048192771084337,0.1981063811382493,0.13333333333333333,0.12048192771084337,0.9595898146091107,0.016666666666666666
attention+token_confidence,61,0.12248995983935743,0.2005431497544925,0.13114754098360656,0.12248995983935743,0.9567209735711728,0.01639344262295082
attention+token_confidence,62,0.12449799196787148,0.2094202485750416,0.12903225806451613,0.12449799196787148,0.9554588400256492,0.016129032258064516
attention+token_confidence,63,0.12650602409638553,0.2175579616489217,0.14285714285714285,0.12650602409638553,0.9551886969949082,0.015873015873015872
attention+token_confidence,64,0.1285140562248996,0.2246125722939815,0.140625,0.1285140562248996,0.9549894765231938,0.015625
attention+token_confidence,65,0.13052208835341367,0.2281463599036984,0.15384615384615385,0.13052208835341367,0.9549210223160572,0.015384615384615385
attention+token_confidence,66,0.13253012048192772,0.2347123119343695,0.15151515151515152,0.13253012048192772,0.95451335318622,0.015151515151515152
attention+token_confidence,67,0.13453815261044177,0.2365457496203759,0.16417910447761194,0.13453815261044177,0.9543625682833822,0.014925373134328358
attention+token_confidence,68,0.13654618473895583,0.2446594438501139,0.16176470588235295,0.13654618473895583,0.9529993424034936,0.014705882352941176
attention+token_confidence,69,0.13855421686746988,0.2454435613199302,0.15942028985507245,0.13855421686746988,0.9526459461238072,0.014492753623188406
attention+token_confidence,70,0.14056224899598393,0.2477716685558896,0.15714285714285714,0.14056224899598393,0.9505119824938972,0.014285714285714285
attention+token_confidence,71,0.142570281124498,0.2552111997090441,0.16901408450704225,0.142570281124498,0.9504281051960408,0.014084507042253521
attention+token_confidence,72,0.14457831325301204,0.2693967383321936,0.16666666666666666,0.14457831325301204,0.9491598451206524,0.013888888888888888
attention+token_confidence,73,0.1465863453815261,0.2746512936944653,0.1780821917808219,0.1465863453815261,0.949128551985216,0.0136986301369863
attention+token_confidence,74,0.14859437751004015,0.2920968921356294,0.1891891891891892,0.14859437751004015,0.9489560244916382,0.013513513513513514
attention+token_confidence,75,0.15060240963855423,0.2964429347223233,0.18666666666666668,0.15060240963855423,0.948319845872538,0.013333333333333334
attention+token_confidence,76,0.15261044176706828,0.2971409998621673,0.18421052631578946,0.15261044176706828,0.948225602699882,0.013157894736842105
attention+token_confidence,77,0.15461847389558234,0.2996803323552073,0.18181818181818182,0.15461847389558234,0.9477484894741603,0.012987012987012988
attention+token_confidence,78,0.1566265060240964,0.3034729210595046,0.19230769230769232,0.1566265060240964,0.9474832642497956,0.01282051282051282
attention+token_confidence,79,0.15863453815261044,0.308896930343692,0.189873417721519,0.15863453815261044,0.9468364830151198,0.012658227848101266
attention+token_confidence,80,0.1606425702811245,0.3165153432534317,0.1875,0.1606425702811245,0.945932154518672,0.025
attention+token_confidence,81,0.16265060240963855,0.3238426649691026,0.18518518518518517,0.16265060240963855,0.9453694316284328,0.024691358024691357
attention+token_confidence,82,0.1646586345381526,0.3241485664387848,0.18292682926829268,0.1646586345381526,0.944804328754462,0.024390243902439025
attention+token_confidence,83,0.16666666666666666,0.3307331734996562,0.18072289156626506,0.16666666666666666,0.9446474805106984,0.024096385542168676
attention+token_confidence,84,0.1686746987951807,0.335259399851272,0.17857142857142858,0.1686746987951807,0.943784746772128,0.023809523809523808
attention+token_confidence,85,0.1706827309236948,0.3377355853545709,0.18823529411764706,0.1706827309236948,0.9435526498288576,0.023529411764705882
attention+token_confidence,86,0.17269076305220885,0.3382313053558474,0.18604651162790697,0.17269076305220885,0.943422252868492,0.023255813953488372
attention+token_confidence,87,0.1746987951807229,0.3482162407097954,0.19540229885057472,0.1746987951807229,0.9433988477185444,0.022988505747126436
attention+token_confidence,88,0.17670682730923695,0.349432948967617,0.19318181818181818,0.17670682730923695,0.9427573778922628,0.022727272727272728
attention+token_confidence,89,0.178714859437751,0.3532913588020261,0.19101123595505617,0.178714859437751,0.9421062665143036,0.02247191011235955
attention+token_confidence,90,0.18072289156626506,0.3541946931100431,0.18888888888888888,0.18072289156626506,0.9419921275170484,0.022222222222222223
attention+token_confidence,91,0.1827309236947791,0.3557869539613636,0.1978021978021978,0.1827309236947791,0.9419321602344694,0.02197802197802198
attention+token_confidence,92,0.18473895582329317,0.3615808304583355,0.1956521739130435,0.18473895582329317,0.9415863843445728,0.021739130434782608
attention+token_confidence,93,0.18674698795180722,0.3645675354405909,0.1935483870967742,0.18674698795180722,0.9412123736309412,0.021505376344086023
attention+token_confidence,94,0.18875502008032127,0.3699196341463698,0.20212765957446807,0.18875502008032127,0.9411683411530763,0.02127659574468085
attention+token_confidence,95,0.19076305220883535,0.3730773267584471,0.21052631578947367,0.19076305220883535,0.9410593674735954,0.021052631578947368
attention+token_confidence,96,0.1927710843373494,0.3793461533326049,0.20833333333333334,0.1927710843373494,0.9399089969393304,0.020833333333333332
attention+token_confidence,97,0.19477911646586346,0.3800160067653096,0.20618556701030927,0.19477911646586346,0.9390088967708584,0.020618556701030927
attention+token_confidence,98,0.19678714859437751,0.3810487727467566,0.20408163265306123,0.19678714859437751,0.9384532167263836,0.02040816326530612
attention+token_confidence,99,0.19879518072289157,0.3844346583801555,0.21212121212121213,0.19879518072289157,0.9380007153886836,0.020202020202020204
attention+token_confidence,100,0.20080321285140562,0.3920103734394818,0.21,0.20080321285140562,0.9368330225974212,0.02
attention+token_confidence,101,0.20281124497991967,0.39332358384903,0.21782178217821782,0.20281124497991967,0.9363704284071516,0.019801980198019802
attention+token_confidence,102,0.20481927710843373,0.3966996809940885,0.21568627450980393,0.20481927710843373,0.9363449194648876,0.0196078431372549
attention+token_confidence,103,0.20682730923694778,0.3990345535843198,0.21359223300970873,0.20682730923694778,0.9356333855817068,0.019417475728155338
attention+token_confidence,104,0.20883534136546184,0.4012306511120804,0.21153846153846154,0.20883534136546184,0.9345482875401748,0.019230769230769232
attention+token_confidence,105,0.21084337349397592,0.4181025253587496,0.21904761904761905,0.21084337349397592,0.9339572318876664,0.01904761904761905
attention+token_confidence,106,0.21285140562248997,0.4183004147405233,0.22641509433962265,0.21285140562248997,0.9337211901119165,0.018867924528301886
attention+token_confidence,107,0.21485943775100402,0.4196996516815576,0.2336448598130841,0.21485943775100402,0.9332891313335148,0.018691588785046728
attention+token_confidence,108,0.21686746987951808,0.4206250010840017,0.24074074074074073,0.21686746987951808,0.9295865156361278,0.018518518518518517
attention+token_confidence,109,0.21887550200803213,0.4211441062461518,0.23853211009174313,0.21887550200803213,0.9288287941149502,0.01834862385321101
attention+token_confidence,110,0.22088353413654618,0.4222075781332854,0.23636363636363636,0.22088353413654618,0.928818415189628,0.01818181818181818
attention+token_confidence,111,0.22289156626506024,0.4378689134767924,0.23423423423423423,0.22289156626506024,0.9263288515591908,0.018018018018018018
attention+token_confidence,112,0.2248995983935743,0.43898046039329,0.23214285714285715,0.2248995983935743,0.9247857407519566,0.017857142857142856
attention+token_confidence,113,0.22690763052208834,0.4402344764148981,0.23893805309734514,0.22690763052208834,0.9243893667718984,0.017699115044247787
attention+token_confidence,114,0.2289156626506024,0.4427439048204529,0.24561403508771928,0.2289156626506024,0.9243224004614076,0.017543859649122806
attention+token_confidence,115,0.23092369477911648,0.4527145105581883,0.25217391304347825,0.23092369477911648,0.92397667270182,0.017391304347826087
attention+token_confidence,116,0.23293172690763053,0.4532368217934364,0.25862068965517243,0.23293172690763053,0.923398653103729,0.017241379310344827
attention+token_confidence,117,0.23493975903614459,0.4554910666029562,0.2564102564102564,0.23493975903614459,0.9209446230206548,0.02564102564102564
attention+token_confidence,118,0.23694779116465864,0.4598407898498841,0.2627118644067797,0.23694779116465864,0.9191830700096448,0.025423728813559324
attention+token_confidence,119,0.2389558232931727,0.4646491542271147,0.2605042016806723,0.2389558232931727,0.9159173255061236,0.025210084033613446
attention+token_confidence,120,0.24096385542168675,0.4674240715609546,0.26666666666666666,0.24096385542168675,0.9156068885440852,0.025
attention+token_confidence,121,0.2429718875502008,0.4711971322828702,0.2727272727272727,0.2429718875502008,0.9153570786350528,0.024793388429752067
attention+token_confidence,122,0.24497991967871485,0.4721533045548393,0.27049180327868855,0.24497991967871485,0.914578016540469,0.02459016393442623
attention+token_confidence,123,0.2469879518072289,0.475956549784898,0.2682926829268293,0.2469879518072289,0.9142671689956566,0.024390243902439025
attention+token_confidence,124,0.24899598393574296,0.4774073351349444,0.2661290322580645,0.24899598393574296,0.913728344604944,0.024193548387096774
attention+token_confidence,125,0.25100401606425704,0.4822220148779512,0.264,0.25100401606425704,0.913408913484051,0.024
attention+token_confidence,126,0.25301204819277107,0.4838069561087343,0.2619047619047619,0.25301204819277107,0.9105927373413802,0.023809523809523808
attention+token_confidence,127,0.25502008032128515,0.4847332960336441,0.25984251968503935,0.25502008032128515,0.9095209073089248,0.023622047244094488
attention+token_confidence,128,0.2570281124497992,0.4892449796534563,0.2578125,0.2570281124497992,0.9090348710475972,0.0234375
attention+token_confidence,129,0.25903614457831325,0.4956617106948627,0.2558139534883721,0.25903614457831325,0.9078939366078742,0.023255813953488372
attention+token_confidence,130,0.26104417670682734,0.4986090115866776,0.26153846153846155,0.26104417670682734,0.9075306409778532,0.03076923076923077
attention+token_confidence,131,0.26305220883534136,0.5030063770237876,0.26717557251908397,0.26305220883534136,0.9068230788723044,0.03816793893129771
attention+token_confidence,132,0.26506024096385544,0.5072973738867974,0.2727272727272727,0.26506024096385544,0.9046771914828132,0.03787878787878788
attention+token_confidence,133,0.26706827309236947,0.5080788530395958,0.2781954887218045,0.26706827309236947,0.9030609844040274,0.03759398496240601
attention+token_confidence,134,0.26907630522088355,0.5089239173444007,0.2835820895522388,0.26907630522088355,0.903037630581076,0.03731343283582089
attention+token_confidence,135,0.2710843373493976,0.5107450607437767,0.28888888888888886,0.2710843373493976,0.9028377003883552,0.037037037037037035
attention+token_confidence,136,0.27309236947791166,0.5152344895505245,0.29411764705882354,0.27309236947791166,0.902535595354796,0.03676470588235294
attention+token_confidence,137,0.2751004016064257,0.5175543876418135,0.291970802919708,0.2751004016064257,0.9014365739828734,0.0364963503649635
attention+token_confidence,138,0.27710843373493976,0.5176640359501733,0.2898550724637681,0.27710843373493976,0.9006571897104682,0.036231884057971016
attention+token_confidence,139,0.2791164658634538,0.5228388968157487,0.28776978417266186,0.2791164658634538,0.8992581997810768,0.03597122302158273
attention+token_confidence,140,0.28112449799196787,0.5237190623032176,0.29285714285714287,0.28112449799196787,0.8982552545666698,0.04285714285714286
attention+token_confidence,141,0.28313253012048195,0.5311277229631796,0.2907801418439716,0.28313253012048195,0.8981515818057657,0.0425531914893617
attention+token_confidence,142,0.285140562248996,0.5389695387408389,0.2887323943661972,0.285140562248996,0.8980290496852464,0.04225352112676056
attention+token_confidence,143,0.28714859437751006,0.5393040257848051,0.2937062937062937,0.28714859437751006,0.8977156680310184,0.04195804195804196
attention+token_confidence,144,0.2891566265060241,0.5406638215002678,0.2916666666666667,0.2891566265060241,0.8977110199100212,0.041666666666666664
attention+token_confidence,145,0.29116465863453816,0.5437027110097595,0.296551724137931,0.29116465863453816,0.8946709927573675,0.041379310344827586
attention+token_confidence,146,0.2931726907630522,0.5457318604248397,0.2945205479452055,0.2931726907630522,0.8946009967282958,0.0410958904109589
attention+token_confidence,147,0.29518072289156627,0.5528073504812719,0.29931972789115646,0.29518072289156627,0.8937009883985156,0.04081632653061224
attention+token_confidence,148,0.2971887550200803,0.5536479430630697,0.2972972972972973,0.2971887550200803,0.8932182363647627,0.04054054054054054
attention+token_confidence,149,0.2991967871485944,0.5584950902120552,0.2953020134228188,0.2991967871485944,0.8921522206808549,0.040268456375838924
attention+token_confidence,150,0.30120481927710846,0.558835311816233,0.3,0.30120481927710846,0.8906466553337464,0.04
attention+token_confidence,151,0.3032128514056225,0.5597478839650182,0.2980132450331126,0.3032128514056225,0.888230317269394,0.039735099337748346
attention+token_confidence,152,0.30522088353413657,0.5663844145958817,0.3026315789473684,0.30522088353413657,0.8879137681580016,0.039473684210526314
attention+token_confidence,153,0.3072289156626506,0.5722154386709366,0.3006535947712418,0.3072289156626506,0.8877867799824242,0.0392156862745098
attention+token_confidence,154,0.3092369477911647,0.5754224583308075,0.3051948051948052,0.3092369477911647,0.8839578007038397,0.03896103896103896
attention+token_confidence,155,0.3112449799196787,0.5775304558283344,0.3032258064516129,0.3112449799196787,0.8838746712887591,0.03870967741935484
attention+token_confidence,156,0.3132530120481928,0.5860935304399245,0.30128205128205127,0.3132530120481928,0.8833005706723075,0.038461538461538464
attention+token_confidence,157,0.3152610441767068,0.590946479906261,0.29936305732484075,0.3152610441767068,0.8820759688657418,0.03821656050955414
attention+token_confidence,158,0.3172690763052209,0.5948700192457091,0.3037974683544304,0.3172690763052209,0.881921921039255,0.04430379746835443
attention+token_confidence,159,0.3192771084337349,0.5970973188891038,0.3081761006289308,0.3192771084337349,0.8810125169074313,0.0440251572327044
attention+token_confidence,160,0.321285140562249,0.6013182396932706,0.3125,0.321285140562249,0.8790361205869499,0.04375
attention+token_confidence,161,0.3232931726907631,0.6077274881906578,0.3105590062111801,0.3232931726907631,0.8790081193931244,0.043478260869565216
attention+token_confidence,162,0.3253012048192771,0.6101823667424618,0.30864197530864196,0.3253012048192771,0.8781002922125126,0.043209876543209874
attention+token_confidence,163,0.3273092369477912,0.6108427710696239,0.3128834355828221,0.3273092369477912,0.8777475634700955,0.04294478527607362
attention+token_confidence,164,0.3293172690763052,0.6122394150917833,0.3170731707317073,0.3293172690763052,0.8758227770212788,0.042682926829268296
attention+token_confidence,165,0.3313253012048193,0.6148562963423857,0.3212121212121212,0.3313253012048193,0.8756544270459,0.04242424242424243
attention+token_confidence,166,0.3333333333333333,0.6160359851142236,0.3192771084337349,0.3333333333333333,0.8755364924722193,0.04819277108433735
attention+token_confidence,167,0.3353413654618474,0.6168655963961165,0.32335329341317365,0.3353413654618474,0.874729165592903,0.04790419161676647
attention+token_confidence,168,0.3373493975903614,0.6177088464723901,0.3273809523809524,0.3373493975903614,0.8721883360773379,0.047619047619047616
attention+token_confidence,169,0.3393574297188755,0.6196384397010994,0.33136094674556216,0.3393574297188755,0.8717093396901134,0.047337278106508875
attention+token_confidence,170,0.3413654618473896,0.6203202294212216,0.3352941176470588,0.3413654618473896,0.8713050071554108,0.047058823529411764
attention+token_confidence,171,0.3433734939759036,0.6213630284348126,0.3391812865497076,0.3433734939759036,0.8706220572029736,0.04678362573099415
attention+token_confidence,172,0.3453815261044177,0.6218854219647402,0.3372093023255814,0.3453815261044177,0.869734326394184,0.046511627906976744
attention+token_confidence,173,0.3473895582329317,0.6261308203829714,0.3352601156069364,0.3473895582329317,0.8689578489802768,0.05202312138728324
attention+token_confidence,174,0.3493975903614458,0.6263298775255554,0.3390804597701149,0.3493975903614458,0.8681611945014092,0.05172413793103448
attention+token_confidence,175,0.3514056224899598,0.6285348809311269,0.33714285714285713,0.3514056224899598,0.8663005597563483,0.05142857142857143
attention+token_confidence,176,0.3534136546184739,0.6291059407258978,0.3409090909090909,0.3534136546184739,0.8662505318620679,0.05113636363636364
attention+token_confidence,177,0.35542168674698793,0.6342723830606138,0.3389830508474576,0.35542168674698793,0.8649896346909173,0.05084745762711865
attention+token_confidence,178,0.357429718875502,0.6376930514782669,0.34269662921348315,0.357429718875502,0.8649561590215715,0.056179775280898875
attention+token_confidence,179,0.35943775100401604,0.6413583319422941,0.3463687150837989,0.35943775100401604,0.8630465195980433,0.055865921787709494
attention+token_confidence,180,0.3614457831325301,0.6440862080886643,0.35,0.3614457831325301,0.8608027503647788,0.05555555555555555
attention+token_confidence,181,0.3634538152610442,0.6476691370554224,0.35359116022099446,0.3634538152610442,0.8599513404816789,0.055248618784530384
attention+token_confidence,182,0.3654618473895582,0.6478842077479497,0.35714285714285715,0.3654618473895582,0.857582029084858,0.054945054945054944
attention+token_confidence,183,0.3674698795180723,0.6497768541809562,0.36065573770491804,0.3674698795180723,0.8574100680642595,0.0546448087431694
attention+token_confidence,184,0.36947791164658633,0.6520188960417044,0.3641304347826087,0.36947791164658633,0.8557330138800922,0.05434782608695652
attention+token_confidence,185,0.3714859437751004,0.6526268285635557,0.3621621621621622,0.3714859437751004,0.854770739631041,0.05405405405405406
attention+token_confidence,186,0.37349397590361444,0.6538412549616212,0.3602150537634409,0.37349397590361444,0.8540087372047047,0.053763440860215055
attention+token_confidence,187,0.3755020080321285,0.6566311388366176,0.36363636363636365,0.3755020080321285,0.8532530267762035,0.053475935828877004
attention+token_confidence,188,0.37751004016064255,0.6583762635749759,0.3670212765957447,0.37751004016064255,0.8516633371568919,0.05851063829787234
attention+token_confidence,189,0.3795180722891566,0.6668040953000454,0.37037037037037035,0.3795180722891566,0.851211330612352,0.0582010582010582
attention+token_confidence,190,0.3815261044176707,0.673351091862515,0.3736842105263158,0.3815261044176707,0.8506434144094305,0.05789473684210526
attention+token_confidence,191,0.38353413654618473,0.6749591567150695,0.3769633507853403,0.38353413654618473,0.8484379424096407,0.05759162303664921
attention+token_confidence,192,0.3855421686746988,0.6769567216901269,0.375,0.3855421686746988,0.8477705106069617,0.0625
attention+token_confidence,193,0.38755020080321284,0.6775035992538323,0.37823834196891193,0.38755020080321284,0.847592032773307,0.06217616580310881
attention+token_confidence,194,0.3895582329317269,0.6787722952967923,0.38144329896907214,0.3895582329317269,0.8462747384089983,0.061855670103092786
attention+token_confidence,195,0.39156626506024095,0.6839754909591346,0.37948717948717947,0.39156626506024095,0.8447082464257779,0.06153846153846154
attention+token_confidence,196,0.39357429718875503,0.6863364216752489,0.3826530612244898,0.39357429718875503,0.8430661792503978,0.061224489795918366
attention+token_confidence,197,0.39558232931726905,0.6896167109429311,0.38578680203045684,0.39558232931726905,0.8430536414831067,0.06091370558375635
attention+token_confidence,198,0.39759036144578314,0.6898851092599202,0.3888888888888889,0.39759036144578314,0.8425688290052531,0.06060606060606061
attention+token_confidence,199,0.39959839357429716,0.6923253692293135,0.39195979899497485,0.39959839357429716,0.8417347314568602,0.06030150753768844
attention+token_confidence,200,0.40160642570281124,0.6936930231913467,0.39,0.40160642570281124,0.8414444046900382,0.065
attention+token_confidence,201,0.4036144578313253,0.6960091576995748,0.39303482587064675,0.4036144578313253,0.8386434920296774,0.06467661691542288
attention+token_confidence,202,0.40562248995983935,0.7007190740461964,0.39603960396039606,0.40562248995983935,0.8382516811072139,0.06435643564356436
attention+token_confidence,203,0.40763052208835343,0.7023214323723888,0.39408866995073893,0.40763052208835343,0.8370137100539352,0.06403940886699508
attention+token_confidence,204,0.40963855421686746,0.7036778453244728,0.39705882352941174,0.40963855421686746,0.8366552530889853,0.06372549019607843
attention+token_confidence,205,0.41164658634538154,0.7088800597077979,0.4,0.41164658634538154,0.8365527963054944,0.06829268292682927
attention+token_confidence,206,0.41365461847389556,0.7093026118014618,0.4029126213592233,0.41365461847389556,0.8364203550912707,0.06796116504854369
attention+token_confidence,207,0.41566265060240964,0.7102075858384552,0.4057971014492754,0.41566265060240964,0.8341980970694037,0.06763285024154589
attention+token_confidence,208,0.41767068273092367,0.711633885469103,0.40865384615384615,0.41767068273092367,0.8317756835589057,0.0673076923076923
attention+token_confidence,209,0.41967871485943775,0.7116931954874096,0.41148325358851673,0.41967871485943775,0.8314569756660364,0.06698564593301436
attention+token_confidence,210,0.42168674698795183,0.7122879624021348,0.4142857142857143,0.42168674698795183,0.8306669631363818,0.06666666666666667
attention+token_confidence,211,0.42369477911646586,0.712407322420691,0.41706161137440756,0.42369477911646586,0.830550857453484,0.06635071090047394
attention+token_confidence,212,0.42570281124497994,0.7152542710236828,0.419811320754717,0.42570281124497994,0.8300566308470337,0.0660377358490566
attention+token_confidence,213,0.42771084337349397,0.7167529775237869,0.4225352112676056,0.42771084337349397,0.829927533170441,0.06572769953051644
attention+token_confidence,214,0.42971887550200805,0.7194654346492344,0.4252336448598131,0.42971887550200805,0.829452736875515,0.06542056074766354
attention+token_confidence,215,0.43172690763052207,0.7221415724842399,0.42790697674418604,0.43172690763052207,0.8290927048018216,0.06511627906976744
attention+token_confidence,216,0.43373493975903615,0.7222076755678097,0.42592592592592593,0.43373493975903615,0.8284087612188707,0.06481481481481481
attention+token_confidence,217,0.4357429718875502,0.7230726464419643,0.42857142857142855,0.4357429718875502,0.8272318253862548,0.06451612903225806
attention+token_confidence,218,0.43775100401606426,0.7244786201223968,0.43119266055045874,0.43775100401606426,0.8237533785568073,0.06422018348623854
attention+token_confidence,219,0.4397590361445783,0.7258911117715094,0.4292237442922374,0.4397590361445783,0.8224356140737126,0.0639269406392694
attention+token_confidence,220,0.44176706827309237,0.7312358450799354,0.4318181818181818,0.44176706827309237,0.8222831042964849,0.06363636363636363
attention+token_confidence,221,0.44377510040160645,0.7345256681982876,0.4343891402714932,0.44377510040160645,0.8222767583779976,0.06787330316742081
attention+token_confidence,222,0.4457831325301205,0.7361047723889744,0.4369369369369369,0.4457831325301205,0.8219522034430261,0.07207207207207207
attention+token_confidence,223,0.44779116465863456,0.7368411429698369,0.43946188340807174,0.44779116465863456,0.8197896128757189,0.07174887892376682
attention+token_confidence,224,0.4497991967871486,0.7369437177420081,0.4419642857142857,0.4497991967871486,0.8192553633950334,0.07142857142857142
attention+token_confidence,225,0.45180722891566266,0.7391091119860205,0.4444444444444444,0.45180722891566266,0.8189448917155187,0.07111111111111111
attention+token_confidence,226,0.4538152610441767,0.7394451084867749,0.4469026548672566,0.4538152610441767,0.817227104629266,0.07079646017699115
attention+token_confidence,227,0.45582329317269077,0.7396988614886626,0.44933920704845814,0.45582329317269077,0.8161899767691844,0.07048458149779736
attention+token_confidence,228,0.4578313253012048,0.7434742892559243,0.4473684210526316,0.4578313253012048,0.8156622992709589,0.07456140350877193
attention+token_confidence,229,0.4598393574297189,0.7434940717237053,0.4497816593886463,0.4598393574297189,0.8134072436841477,0.07423580786026202
attention+token_confidence,230,0.46184738955823296,0.7435366717936989,0.45217391304347826,0.46184738955823296,0.8130305104194739,0.07391304347826087
attention+token_confidence,231,0.463855421686747,0.7437334028716112,0.45454545454545453,0.463855421686747,0.8082489559523165,0.07792207792207792
attention+token_confidence,232,0.46586345381526106,0.7440412118776047,0.45689655172413796,0.46586345381526106,0.806732196639622,0.07758620689655173
attention+token_confidence,233,0.4678714859437751,0.745935520208157,0.4592274678111588,0.4678714859437751,0.8056347585136986,0.07725321888412018
attention+token_confidence,234,0.46987951807228917,0.7462085967745886,0.46153846153846156,0.46987951807228917,0.805153422845088,0.07692307692307693
attention+token_confidence,235,0.4718875502008032,0.7475506702896567,0.46382978723404256,0.4718875502008032,0.8047481021324342,0.07659574468085106
attention+token_confidence,236,0.4738955823293173,0.7503176866382021,0.461864406779661,0.4738955823293173,0.8041178627970569,0.07627118644067797
attention+token_confidence,237,0.4759036144578313,0.7512792346823154,0.4641350210970464,0.4759036144578313,0.8017145671036527,0.08016877637130802
attention+token_confidence,238,0.4779116465863454,0.7520973920217808,0.46218487394957986,0.4779116465863454,0.7993277913251565,0.07983193277310924
attention+token_confidence,239,0.4799196787148594,0.7606164040308651,0.46443514644351463,0.4799196787148594,0.7981540537095302,0.0794979079497908
attention+token_confidence,240,0.4819277108433735,0.7623957298740591,0.4666666666666667,0.4819277108433735,0.7981075709198662,0.08333333333333333
attention+token_confidence,241,0.4839357429718876,0.7630796031484813,0.46473029045643155,0.4839357429718876,0.795641705637951,0.08298755186721991
attention+token_confidence,242,0.4859437751004016,0.7634266857638426,0.4669421487603306,0.4859437751004016,0.7941007488823373,0.08264462809917356
attention+token_confidence,243,0.4879518072289157,0.764705928538134,0.4691358024691358,0.4879518072289157,0.7909251549880705,0.08641975308641975
attention+token_confidence,244,0.4899598393574297,0.7670156170673809,0.4713114754098361,0.4899598393574297,0.7908693435212175,0.0860655737704918
attention+token_confidence,245,0.4919678714859438,0.7721972078858831,0.46938775510204084,0.4919678714859438,0.7905327128022193,0.08979591836734693
attention+token_confidence,246,0.4939759036144578,0.7724443850946344,0.4715447154471545,0.4939759036144578,0.7872631746335567,0.08943089430894309
attention+token_confidence,247,0.4959839357429719,0.7745513056695014,0.47368421052631576,0.4959839357429719,0.785919732215296,0.08906882591093117
attention+token_confidence,248,0.4979919678714859,0.7809612159775333,0.4717741935483871,0.4979919678714859,0.7842805702914215,0.09274193548387097
attention+token_confidence,249,0.5,0.7811293526372611,0.46987951807228917,0.5,0.782630796802342,0.09236947791164658
attention+token_confidence,250,0.5020080321285141,0.782630796802342,0.472,0.5020080321285141,0.7811293526372611,0.096
attention+token_confidence,251,0.5040160642570282,0.7842805702914215,0.4701195219123506,0.5040160642570282,0.7809612159775333,0.099601593625498
attention+token_confidence,252,0.5060240963855421,0.785919732215296,0.4722222222222222,0.5060240963855421,0.7745513056695014,0.0992063492063492
attention+token_confidence,253,0.5080321285140562,0.7872631746335567,0.4743083003952569,0.5080321285140562,0.7724443850946344,0.09881422924901186
attention+token_confidence,254,0.5100401606425703,0.7905327128022193,0.47244094488188976,0.5100401606425703,0.7721972078858831,0.10236220472440945
attention+token_confidence,255,0.5120481927710844,0.7908693435212175,0.4745098039215686,0.5120481927710844,0.7670156170673809,0.10196078431372549
attention+token_confidence,256,0.5140562248995983,0.7909251549880705,0.47265625,0.5140562248995983,0.764705928538134,0.1015625
attention+token_confidence,257,0.5160642570281124,0.7941007488823373,0.47470817120622566,0.5160642570281124,0.7634266857638426,0.10116731517509728
attention+token_confidence,258,0.5180722891566265,0.795641705637951,0.47674418604651164,0.5180722891566265,0.7630796031484813,0.10465116279069768
attention+token_confidence,259,0.5200803212851406,0.7981075709198662,0.4749034749034749,0.5200803212851406,0.7623957298740591,0.10424710424710425
attention+token_confidence,260,0.5220883534136547,0.7981540537095302,0.47692307692307695,0.5220883534136547,0.7606164040308651,0.10384615384615385
attention+token_confidence,261,0.5240963855421686,0.7993277913251565,0.4789272030651341,0.5240963855421686,0.7520973920217808,0.10727969348659004
attention+token_confidence,262,0.5261044176706827,0.8017145671036527,0.4770992366412214,0.5261044176706827,0.7512792346823154,0.10687022900763359
attention+token_confidence,263,0.5281124497991968,0.8041178627970569,0.4790874524714829,0.5281124497991968,0.7503176866382021,0.11026615969581749
attention+token_confidence,264,0.5301204819277109,0.8047481021324342,0.4810606060606061,0.5301204819277109,0.7475506702896567,0.10984848484848485
attention+token_confidence,265,0.5321285140562249,0.805153422845088,0.4830188679245283,0.5321285140562249,0.7462085967745886,0.10943396226415095
attention+token_confidence,266,0.5341365461847389,0.8056347585136986,0.4849624060150376,0.5341365461847389,0.745935520208157,0.10902255639097744
attention+token_confidence,267,0.536144578313253,0.806732196639622,0.4868913857677903,0.536144578313253,0.7440412118776047,0.10861423220973783
attention+token_confidence,268,0.5381526104417671,0.8082489559523165,0.48507462686567165,0.5381526104417671,0.7437334028716112,0.10820895522388059
attention+token_confidence,269,0.5401606425702812,0.8130305104194739,0.48698884758364314,0.5401606425702812,0.7435366717936989,0.10780669144981413
attention+token_confidence,270,0.5421686746987951,0.8134072436841477,0.4888888888888889,0.5421686746987951,0.7434940717237053,0.10740740740740741
attention+token_confidence,271,0.5441767068273092,0.8156622992709589,0.4870848708487085,0.5441767068273092,0.7434742892559243,0.11070110701107011
attention+token_confidence,272,0.5461847389558233,0.8161899767691844,0.4889705882352941,0.5461847389558233,0.7396988614886626,0.11029411764705882
attention+token_confidence,273,0.5481927710843374,0.817227104629266,0.4908424908424908,0.5481927710843374,0.7394451084867749,0.10989010989010989
attention+token_confidence,274,0.5502008032128514,0.8189448917155187,0.4927007299270073,0.5502008032128514,0.7391091119860205,0.10948905109489052
attention+token_confidence,275,0.5522088353413654,0.8192553633950334,0.49454545454545457,0.5522088353413654,0.7369437177420081,0.10909090909090909
attention+token_confidence,276,0.5542168674698795,0.8197896128757189,0.4963768115942029,0.5542168674698795,0.7368411429698369,0.10869565217391304
attention+token_confidence,277,0.5562248995983936,0.8219522034430261,0.49458483754512633,0.5562248995983936,0.7361047723889744,0.10830324909747292
attention+token_confidence,278,0.5582329317269076,0.8222767583779976,0.49280575539568344,0.5582329317269076,0.7345256681982876,0.1079136690647482
attention+token_confidence,279,0.5602409638554217,0.8222831042964849,0.4946236559139785,0.5602409638554217,0.7312358450799354,0.10752688172043011
attention+token_confidence,280,0.5622489959839357,0.8224356140737126,0.49642857142857144,0.5622489959839357,0.7258911117715094,0.11071428571428571
attention+token_confidence,281,0.5642570281124498,0.8237533785568073,0.498220640569395,0.5642570281124498,0.7244786201223968,0.1103202846975089
attention+token_confidence,282,0.5662650602409639,0.8272318253862548,0.5,0.5662650602409639,0.7230726464419643,0.1099290780141844
attention+token_confidence,283,0.5682730923694779,0.8284087612188707,0.5017667844522968,0.5682730923694779,0.7222076755678097,0.11307420494699646
attention+token_confidence,284,0.570281124497992,0.8290927048018216,0.5035211267605634,0.570281124497992,0.7221415724842399,0.11267605633802817
attention+token_confidence,285,0.572289156626506,0.829452736875515,0.5052631578947369,0.572289156626506,0.7194654346492344,0.11228070175438597
attention+token_confidence,286,0.5742971887550201,0.829927533170441,0.506993006993007,0.5742971887550201,0.7167529775237869,0.11188811188811189
attention+token_confidence,287,0.5763052208835341,0.8300566308470337,0.5087108013937283,0.5763052208835341,0.7152542710236828,0.11149825783972125
attention+token_confidence,288,0.5783132530120482,0.830550857453484,0.5104166666666666,0.5783132530120482,0.712407322420691,0.1111111111111111
attention+token_confidence,289,0.5803212851405622,0.8306669631363818,0.5121107266435986,0.5803212851405622,0.7122879624021348,0.11072664359861592
attention+token_confidence,290,0.5823293172690763,0.8314569756660364,0.5137931034482759,0.5823293172690763,0.7116931954874096,0.1103448275862069
attention+token_confidence,291,0.5843373493975904,0.8317756835589057,0.5154639175257731,0.5843373493975904,0.711633885469103,0.10996563573883161
attention+token_confidence,292,0.5863453815261044,0.8341980970694037,0.5171232876712328,0.5863453815261044,0.7102075858384552,0.1095890410958904
attention+token_confidence,293,0.5883534136546185,0.8364203550912707,0.5187713310580204,0.5883534136546185,0.7093026118014618,0.10921501706484642
attention+token_confidence,294,0.5903614457831325,0.8365527963054944,0.5170068027210885,0.5903614457831325,0.7088800597077979,0.10884353741496598
attention+token_confidence,295,0.5923694779116466,0.8366552530889853,0.5186440677966102,0.5923694779116466,0.7036778453244728,0.10847457627118644
attention+token_confidence,296,0.5943775100401606,0.8370137100539352,0.5202702702702703,0.5943775100401606,0.7023214323723888,0.11148648648648649
attention+token_confidence,297,0.5963855421686747,0.8382516811072139,0.5218855218855218,0.5963855421686747,0.7007190740461964,0.1111111111111111
attention+token_confidence,298,0.5983935742971888,0.8386434920296774,0.5234899328859061,0.5983935742971888,0.6960091576995748,0.11073825503355705
attention+token_confidence,299,0.6004016064257028,0.8414444046900382,0.5217391304347826,0.6004016064257028,0.6936930231913467,0.11371237458193979
attention+token_confidence,300,0.6024096385542169,0.8417347314568602,0.5233333333333333,0.6024096385542169,0.6923253692293135,0.11333333333333333
attention+token_confidence,301,0.6044176706827309,0.8425688290052531,0.5249169435215947,0.6044176706827309,0.6898851092599202,0.11295681063122924
attention+token_confidence,302,0.606425702811245,0.8430536414831067,0.5264900662251656,0.606425702811245,0.6896167109429311,0.11258278145695365
attention+token_confidence,303,0.608433734939759,0.8430661792503978,0.528052805280528,0.608433734939759,0.6863364216752489,0.11221122112211221
attention+token_confidence,304,0.6104417670682731,0.8447082464257779,0.5296052631578947,0.6104417670682731,0.6839754909591346,0.11513157894736842
attention+token_confidence,305,0.6124497991967871,0.8462747384089983,0.5311475409836065,0.6124497991967871,0.6787722952967923,0.11475409836065574
attention+token_confidence,306,0.6144578313253012,0.847592032773307,0.5326797385620915,0.6144578313253012,0.6775035992538323,0.11437908496732026
attention+token_confidence,307,0.6164658634538153,0.8477705106069617,0.5309446254071661,0.6164658634538153,0.6769567216901269,0.11726384364820847
attention+token_confidence,308,0.6184738955823293,0.8484379424096407,0.5324675324675324,0.6184738955823293,0.6749591567150695,0.11688311688311688
attention+token_confidence,309,0.6204819277108434,0.8506434144094305,0.5339805825242718,0.6204819277108434,0.673351091862515,0.11650485436893204
attention+token_confidence,310,0.6224899598393574,0.851211330612352,0.535483870967742,0.6224899598393574,0.6668040953000454,0.11612903225806452
attention+token_confidence,311,0.6244979919678715,0.8516633371568919,0.5337620578778135,0.6244979919678715,0.6583762635749759,0.1157556270096463
attention+token_confidence,312,0.6265060240963856,0.8532530267762035,0.5352564102564102,0.6265060240963856,0.6566311388366176,0.11538461538461539
attention+token_confidence,313,0.6285140562248996,0.8540087372047047,0.536741214057508,0.6285140562248996,0.6538412549616212,0.1182108626198083
attention+token_confidence,314,0.6305220883534136,0.854770739631041,0.5382165605095541,0.6305220883534136,0.6526268285635557,0.12101910828025478
attention+token_confidence,315,0.6325301204819277,0.8557330138800922,0.5396825396825397,0.6325301204819277,0.6520188960417044,0.12063492063492064
attention+token_confidence,316,0.6345381526104418,0.8574100680642595,0.5411392405063291,0.6345381526104418,0.6497768541809562,0.12025316455696203
attention+token_confidence,317,0.6365461847389559,0.857582029084858,0.5425867507886435,0.6365461847389559,0.6478842077479497,0.11987381703470032
attention+token_confidence,318,0.6385542168674698,0.8599513404816789,0.5440251572327044,0.6385542168674698,0.6476691370554224,0.11949685534591195
attention+token_confidence,319,0.6405622489959839,0.8608027503647788,0.5454545454545454,0.6405622489959839,0.6440862080886643,0.11912225705329153
attention+token_confidence,320,0.642570281124498,0.8630465195980433,0.546875,0.642570281124498,0.6413583319422941,0.11875
attention+token_confidence,321,0.6445783132530121,0.8649561590215715,0.5451713395638629,0.6445783132530121,0.6376930514782669,0.11838006230529595
attention+token_confidence,322,0.6465863453815262,0.8649896346909173,0.546583850931677,0.6465863453815262,0.6342723830606138,0.12111801242236025
attention+token_confidence,323,0.6485943775100401,0.8662505318620679,0.5479876160990712,0.6485943775100401,0.6291059407258978,0.12074303405572756
attention+token_confidence,324,0.6506024096385542,0.8663005597563483,0.5493827160493827,0.6506024096385542,0.6285348809311269,0.12345679012345678
attention+token_confidence,325,0.6526104417670683,0.8681611945014092,0.5507692307692308,0.6526104417670683,0.6263298775255554,0.12307692307692308
attention+token_confidence,326,0.6546184738955824,0.8689578489802768,0.549079754601227,0.6546184738955824,0.6261308203829714,0.12576687116564417
attention+token_confidence,327,0.6566265060240963,0.869734326394184,0.5504587155963303,0.6566265060240963,0.6218854219647402,0.12844036697247707
attention+token_confidence,328,0.6586345381526104,0.8706220572029736,0.551829268292683,0.6586345381526104,0.6213630284348126,0.12804878048780488
attention+token_confidence,329,0.6606425702811245,0.8713050071554108,0.5531914893617021,0.6606425702811245,0.6203202294212216,0.1276595744680851
attention+token_confidence,330,0.6626506024096386,0.8717093396901134,0.5545454545454546,0.6626506024096386,0.6196384397010994,0.12727272727272726
attention+token_confidence,331,0.6646586345381527,0.8721883360773379,0.5558912386706949,0.6646586345381527,0.6177088464723901,0.1268882175226586
attention+token_confidence,332,0.6666666666666666,0.874729165592903,0.5572289156626506,0.6666666666666666,0.6168655963961165,0.12650602409638553
attention+token_confidence,333,0.6686746987951807,0.8755364924722193,0.5555555555555556,0.6686746987951807,0.6160359851142236,0.12912912912912913
attention+token_confidence,334,0.6706827309236948,0.8756544270459,0.5568862275449101,0.6706827309236948,0.6148562963423857,0.12874251497005987
attention+token_confidence,335,0.6726907630522089,0.8758227770212788,0.5582089552238806,0.6726907630522089,0.6122394150917833,0.12835820895522387
attention+token_confidence,336,0.6746987951807228,0.8777475634700955,0.5595238095238095,0.6746987951807228,0.6108427710696239,0.12797619047619047
attention+token_confidence,337,0.6767068273092369,0.8781002922125126,0.5608308605341247,0.6767068273092369,0.6101823667424618,0.13056379821958458
attention+token_confidence,338,0.678714859437751,0.8790081193931244,0.5621301775147929,0.678714859437751,0.6077274881906578,0.13313609467455623
attention+token_confidence,339,0.6807228915662651,0.8790361205869499,0.5634218289085545,0.6807228915662651,0.6013182396932706,0.13274336283185842
attention+token_confidence,340,0.6827309236947792,0.8810125169074313,0.5647058823529412,0.6827309236947792,0.5970973188891038,0.1323529411764706
attention+token_confidence,341,0.6847389558232931,0.881921921039255,0.5630498533724341,0.6847389558232931,0.5948700192457091,0.13196480938416422
attention+token_confidence,342,0.6867469879518072,0.8820759688657418,0.564327485380117,0.6867469879518072,0.590946479906261,0.13450292397660818
attention+token_confidence,343,0.6887550200803213,0.8833005706723075,0.565597667638484,0.6887550200803213,0.5860935304399245,0.13702623906705538
attention+token_confidence,344,0.6907630522088354,0.8838746712887591,0.5668604651162791,0.6907630522088354,0.5775304558283344,0.13953488372093023
attention+token_confidence,345,0.6927710843373494,0.8839578007038397,0.5681159420289855,0.6927710843373494,0.5754224583308075,0.1391304347826087
attention+token_confidence,346,0.6947791164658634,0.8877867799824242,0.569364161849711,0.6947791164658634,0.5722154386709366,0.1416184971098266
attention+token_confidence,347,0.6967871485943775,0.8879137681580016,0.5706051873198847,0.6967871485943775,0.5663844145958817,0.14121037463976946
attention+token_confidence,348,0.6987951807228916,0.888230317269394,0.5718390804597702,0.6987951807228916,0.5597478839650182,0.14367816091954022
attention+token_confidence,349,0.7008032128514057,0.8906466553337464,0.5730659025787965,0.7008032128514057,0.558835311816233,0.14326647564469913
attention+token_confidence,350,0.7028112449799196,0.8921522206808549,0.5742857142857143,0.7028112449799196,0.5584950902120552,0.1457142857142857
attention+token_confidence,351,0.7048192771084337,0.8932182363647627,0.5754985754985755,0.7048192771084337,0.5536479430630697,0.14814814814814814
attention+token_confidence,352,0.7068273092369478,0.8937009883985156,0.5767045454545454,0.7068273092369478,0.5528073504812719,0.14772727272727273
attention+token_confidence,353,0.7088353413654619,0.8946009967282958,0.5779036827195467,0.7088353413654619,0.5457318604248397,0.1501416430594901
attention+token_confidence,354,0.7108433734939759,0.8946709927573675,0.5790960451977402,0.7108433734939759,0.5437027110097595,0.1497175141242938
attention+token_confidence,355,0.7128514056224899,0.8977110199100212,0.5802816901408451,0.7128514056224899,0.5406638215002678,0.15211267605633802
attention+token_confidence,356,0.714859437751004,0.8977156680310184,0.5814606741573034,0.714859437751004,0.5393040257848051,0.15168539325842698
attention+token_confidence,357,0.7168674698795181,0.8980290496852464,0.5826330532212886,0.7168674698795181,0.5389695387408389,0.15406162464985995
attention+token_confidence,358,0.7188755020080321,0.8981515818057657,0.5837988826815642,0.7188755020080321,0.5311277229631796,0.1564245810055866
attention+token_confidence,359,0.7208835341365462,0.8982552545666698,0.5821727019498607,0.7208835341365462,0.5237190623032176,0.15598885793871867
attention+token_confidence,360,0.7228915662650602,0.8992581997810768,0.5833333333333334,0.7228915662650602,0.5228388968157487,0.15833333333333333
attention+token_confidence,361,0.7248995983935743,0.9006571897104682,0.5844875346260388,0.7248995983935743,0.5176640359501733,0.16066481994459833
attention+token_confidence,362,0.7269076305220884,0.9014365739828734,0.585635359116022,0.7269076305220884,0.5175543876418135,0.16298342541436464
attention+token_confidence,363,0.7289156626506024,0.902535595354796,0.5867768595041323,0.7289156626506024,0.5152344895505245,0.162534435261708
attention+token_confidence,364,0.7309236947791165,0.9028377003883552,0.5879120879120879,0.7309236947791165,0.5107450607437767,0.1620879120879121
attention+token_confidence,365,0.7329317269076305,0.903037630581076,0.589041095890411,0.7329317269076305,0.5089239173444007,0.16164383561643836
attention+token_confidence,366,0.7349397590361446,0.9030609844040274,0.5901639344262295,0.7349397590361446,0.5080788530395958,0.16120218579234974
attention+token_confidence,367,0.7369477911646586,0.9046771914828132,0.5912806539509536,0.7369477911646586,0.5072973738867974,0.16076294277929154
attention+token_confidence,368,0.7389558232931727,0.9068230788723044,0.5896739130434783,0.7389558232931727,0.5030063770237876,0.16032608695652173
attention+token_confidence,369,0.7409638554216867,0.9075306409778532,0.5880758807588076,0.7409638554216867,0.4986090115866776,0.15989159891598917
attention+token_confidence,370,0.7429718875502008,0.9078939366078742,0.5891891891891892,0.7429718875502008,0.4956617106948627,0.16216216216216217
attention+token_confidence,371,0.7449799196787149,0.9090348710475972,0.5902964959568733,0.7449799196787149,0.4892449796534563,0.16442048517520216
attention+token_confidence,372,0.7469879518072289,0.9095209073089248,0.5913978494623656,0.7469879518072289,0.4847332960336441,0.16666666666666666
attention+token_confidence,373,0.748995983935743,0.9105927373413802,0.5924932975871313,0.748995983935743,0.4838069561087343,0.16890080428954424
attention+token_confidence,374,0.751004016064257,0.913408913484051,0.5935828877005348,0.751004016064257,0.4822220148779512,0.1711229946524064
attention+token_confidence,375,0.7530120481927711,0.913728344604944,0.5946666666666667,0.7530120481927711,0.4774073351349444,0.17333333333333334
attention+token_confidence,376,0.7550200803212851,0.9142671689956566,0.5957446808510638,0.7550200803212851,0.475956549784898,0.17553191489361702
attention+token_confidence,377,0.7570281124497992,0.914578016540469,0.596816976127321,0.7570281124497992,0.4721533045548393,0.17771883289124668
attention+token_confidence,378,0.7590361445783133,0.9153570786350528,0.5978835978835979,0.7590361445783133,0.4711971322828702,0.17724867724867724
attention+token_confidence,379,0.7610441767068273,0.9156068885440852,0.5989445910290238,0.7610441767068273,0.4674240715609546,0.17678100263852242
attention+token_confidence,380,0.7630522088353414,0.9159173255061236,0.6,0.7630522088353414,0.4646491542271147,0.17894736842105263
attention+token_confidence,381,0.7650602409638554,0.9191830700096448,0.6010498687664042,0.7650602409638554,0.4598407898498841,0.1784776902887139
attention+token_confidence,382,0.7670682730923695,0.9209446230206548,0.599476439790576,0.7670682730923695,0.4554910666029562,0.1806282722513089
attention+token_confidence,383,0.7690763052208835,0.923398653103729,0.6005221932114883,0.7690763052208835,0.4532368217934364,0.1801566579634465
attention+token_confidence,384,0.7710843373493976,0.92397667270182,0.6015625,0.7710843373493976,0.4527145105581883,0.1796875
attention+token_confidence,385,0.7730923694779116,0.9243224004614076,0.6025974025974026,0.7730923694779116,0.4427439048204529,0.17922077922077922
attention+token_confidence,386,0.7751004016064257,0.9243893667718984,0.6036269430051814,0.7751004016064257,0.4402344764148981,0.17875647668393782
attention+token_confidence,387,0.7771084337349398,0.9247857407519566,0.6046511627906976,0.7771084337349398,0.43898046039329,0.18087855297157623
attention+token_confidence,388,0.7791164658634538,0.9263288515591908,0.6056701030927835,0.7791164658634538,0.4378689134767924,0.18298969072164947
attention+token_confidence,389,0.7811244979919679,0.928818415189628,0.6066838046272494,0.7811244979919679,0.4222075781332854,0.18508997429305912
attention+token_confidence,390,0.7831325301204819,0.9288287941149502,0.6076923076923076,0.7831325301204819,0.4211441062461518,0.18717948717948718
attention+token_confidence,391,0.785140562248996,0.9295865156361278,0.6086956521739131,0.785140562248996,0.4206250010840017,0.1867007672634271
attention+token_confidence,392,0.7871485943775101,0.9332891313335148,0.6096938775510204,0.7871485943775101,0.4196996516815576,0.18622448979591838
attention+token_confidence,393,0.7891566265060241,0.9337211901119165,0.6106870229007634,0.7891566265060241,0.4183004147405233,0.18575063613231552
attention+token_confidence,394,0.7911646586345381,0.9339572318876664,0.6116751269035533,0.7911646586345381,0.4181025253587496,0.18527918781725888
attention+token_confidence,395,0.7931726907630522,0.9345482875401748,0.6126582278481013,0.7931726907630522,0.4012306511120804,0.18734177215189873
attention+token_confidence,396,0.7951807228915663,0.9356333855817068,0.6136363636363636,0.7951807228915663,0.3990345535843198,0.1893939393939394
attention+token_confidence,397,0.7971887550200804,0.9363449194648876,0.6146095717884131,0.7971887550200804,0.3966996809940885,0.19143576826196473
attention+token_confidence,398,0.7991967871485943,0.9363704284071516,0.6155778894472361,0.7991967871485943,0.39332358384903,0.19095477386934673
attention+token_confidence,399,0.8012048192771084,0.9368330225974212,0.6165413533834586,0.8012048192771084,0.3920103734394818,0.19298245614035087
attention+token_confidence,400,0.8032128514056225,0.9380007153886836,0.6175,0.8032128514056225,0.3844346583801555,0.1925
attention+token_confidence,401,0.8052208835341366,0.9384532167263836,0.6184538653366584,0.8052208835341366,0.3810487727467566,0.19451371571072318
attention+token_confidence,402,0.8072289156626506,0.9390088967708584,0.6194029850746269,0.8072289156626506,0.3800160067653096,0.19651741293532338
attention+token_confidence,403,0.8092369477911646,0.9399089969393304,0.6203473945409429,0.8092369477911646,0.3793461533326049,0.19851116625310175
attention+token_confidence,404,0.8112449799196787,0.9410593674735954,0.6212871287128713,0.8112449799196787,0.3730773267584471,0.19801980198019803
attention+token_confidence,405,0.8132530120481928,0.9411683411530763,0.6222222222222222,0.8132530120481928,0.3699196341463698,0.19753086419753085
attention+token_confidence,406,0.8152610441767069,0.9412123736309412,0.6231527093596059,0.8152610441767069,0.3645675354405909,0.19950738916256158
attention+token_confidence,407,0.8172690763052208,0.9415863843445728,0.6240786240786241,0.8172690763052208,0.3615808304583355,0.20147420147420148
attention+token_confidence,408,0.8192771084337349,0.9419321602344694,0.625,0.8192771084337349,0.3557869539613636,0.20098039215686275
attention+token_confidence,409,0.821285140562249,0.9419921275170484,0.6259168704156479,0.821285140562249,0.3541946931100431,0.20293398533007334
attention+token_confidence,410,0.8232931726907631,0.9421062665143036,0.6268292682926829,0.8232931726907631,0.3532913588020261,0.2048780487804878
attention+token_confidence,411,0.8253012048192772,0.9427573778922628,0.6277372262773723,0.8253012048192772,0.349432948967617,0.20681265206812652
attention+token_confidence,412,0.8273092369477911,0.9433988477185444,0.6286407766990292,0.8273092369477911,0.3482162407097954,0.20631067961165048
attention+token_confidence,413,0.8293172690763052,0.943422252868492,0.6295399515738499,0.8293172690763052,0.3382313053558474,0.20823244552058112
attention+token_confidence,414,0.8313253012048193,0.9435526498288576,0.6304347826086957,0.8313253012048193,0.3377355853545709,0.20772946859903382
attention+token_confidence,415,0.8333333333333334,0.943784746772128,0.6313253012048192,0.8333333333333334,0.335259399851272,0.20963855421686747
attention+token_confidence,416,0.8353413654618473,0.9446474805106984,0.6322115384615384,0.8353413654618473,0.3307331734996562,0.21153846153846154
attention+token_confidence,417,0.8373493975903614,0.944804328754462,0.6330935251798561,0.8373493975903614,0.3241485664387848,0.21342925659472423
attention+token_confidence,418,0.8393574297188755,0.9453694316284328,0.6339712918660287,0.8393574297188755,0.3238426649691026,0.215311004784689
attention+token_confidence,419,0.8413654618473896,0.945932154518672,0.6324582338902148,0.8413654618473896,0.3165153432534317,0.2171837708830549
attention+token_confidence,420,0.8433734939759037,0.9468364830151198,0.6333333333333333,0.8433734939759037,0.308896930343692,0.21904761904761905
attention+token_confidence,421,0.8453815261044176,0.9474832642497956,0.6342042755344418,0.8453815261044176,0.3034729210595046,0.21852731591448932
attention+token_confidence,422,0.8473895582329317,0.9477484894741603,0.6350710900473934,0.8473895582329317,0.2996803323552073,0.22037914691943128
attention+token_confidence,423,0.8493975903614458,0.948225602699882,0.6359338061465721,0.8493975903614458,0.2971409998621673,0.2222222222222222
attention+token_confidence,424,0.8514056224899599,0.948319845872538,0.6367924528301887,0.8514056224899599,0.2964429347223233,0.2240566037735849
attention+token_confidence,425,0.8534136546184738,0.9489560244916382,0.6376470588235295,0.8534136546184738,0.2920968921356294,0.2235294117647059
attention+token_confidence,426,0.8554216867469879,0.949128551985216,0.6384976525821596,0.8554216867469879,0.2746512936944653,0.22300469483568075
attention+token_confidence,427,0.857429718875502,0.9491598451206524,0.639344262295082,0.857429718875502,0.2693967383321936,0.22482435597189696
attention+token_confidence,428,0.8594377510040161,0.9504281051960408,0.6401869158878505,0.8594377510040161,0.2552111997090441,0.22429906542056074
attention+token_confidence,429,0.8614457831325302,0.9505119824938972,0.6410256410256411,0.8614457831325302,0.2477716685558896,0.2261072261072261
attention+token_confidence,430,0.8634538152610441,0.9526459461238072,0.641860465116279,0.8634538152610441,0.2454435613199302,0.22790697674418606
attention+token_confidence,431,0.8654618473895582,0.9529993424034936,0.642691415313225,0.8654618473895582,0.2446594438501139,0.2296983758700696
attention+token_confidence,432,0.8674698795180723,0.9543625682833822,0.6435185185185185,0.8674698795180723,0.2365457496203759,0.22916666666666666
attention+token_confidence,433,0.8694779116465864,0.95451335318622,0.6443418013856813,0.8694779116465864,0.2347123119343695,0.23094688221709006
attention+token_confidence,434,0.8714859437751004,0.9549210223160572,0.6451612903225806,0.8714859437751004,0.2281463599036984,0.2304147465437788
attention+token_confidence,435,0.8734939759036144,0.9549894765231938,0.6459770114942529,0.8734939759036144,0.2246125722939815,0.23218390804597702
attention+token_confidence,436,0.8755020080321285,0.9551886969949082,0.6467889908256881,0.8755020080321285,0.2175579616489217,0.231651376146789
attention+token_confidence,437,0.8775100401606426,0.9554588400256492,0.6475972540045767,0.8775100401606426,0.2094202485750416,0.2334096109839817
attention+token_confidence,438,0.8795180722891566,0.9567209735711728,0.6484018264840182,0.8795180722891566,0.2005431497544925,0.23515981735159816
attention+token_confidence,439,0.8815261044176707,0.9595898146091107,0.6492027334851936,0.8815261044176707,0.1981063811382493,0.23690205011389523
attention+token_confidence,440,0.8835341365461847,0.9600224361696592,0.65,0.8835341365461847,0.1972585771365184,0.23863636363636365
attention+token_confidence,441,0.8855421686746988,0.9603208040506518,0.6507936507936508,0.8855421686746988,0.1924296466805506,0.24036281179138322
attention+token_confidence,442,0.8875502008032129,0.960604520438291,0.6515837104072398,0.8875502008032129,0.1747932633691299,0.2420814479638009
attention+token_confidence,443,0.8895582329317269,0.9613256964810144,0.6523702031602708,0.8895582329317269,0.1701311216694165,0.24379232505643342
attention+token_confidence,444,0.891566265060241,0.9615981784641298,0.6509009009009009,0.891566265060241,0.1651963260237098,0.24549549549549549
attention+token_confidence,445,0.893574297188755,0.961705937960082,0.651685393258427,0.893574297188755,0.1589984165412481,0.2449438202247191
attention+token_confidence,446,0.8955823293172691,0.9626886848769084,0.6524663677130045,0.8955823293172691,0.1555689404922495,0.24439461883408073
attention+token_confidence,447,0.8975903614457831,0.9631829570874436,0.6532438478747203,0.8975903614457831,0.1544568066693513,0.24608501118568232
attention+token_confidence,448,0.8995983935742972,0.9635025784516258,0.6540178571428571,0.8995983935742972,0.1496988989430964,0.24553571428571427
attention+token_confidence,449,0.9016064257028112,0.9643729265904908,0.6547884187082406,0.9016064257028112,0.1492098912462046,0.24721603563474387
attention+token_confidence,450,0.9036144578313253,0.9647781508461536,0.6555555555555556,0.9036144578313253,0.1471378148335553,0.24888888888888888
attention+token_confidence,451,0.9056224899598394,0.9679463633381874,0.656319290465632,0.9056224899598394,0.1372285986374255,0.25055432372505543
attention+token_confidence,452,0.9076305220883534,0.968656370386838,0.6570796460176991,0.9076305220883534,0.1362136627877883,0.252212389380531
attention+token_confidence,453,0.9096385542168675,0.968672859961892,0.6578366445916115,0.9096385542168675,0.132446747934597,0.25386313465783666
attention+token_confidence,454,0.9116465863453815,0.9688775055940112,0.6585903083700441,0.9116465863453815,0.1299178068477294,0.2533039647577093
attention+token_confidence,455,0.9136546184738956,0.9711456462848632,0.6593406593406593,0.9136546184738956,0.1280504426172438,0.2549450549450549
attention+token_confidence,456,0.9156626506024096,0.9711861525354516,0.6600877192982456,0.9156626506024096,0.1225360602672548,0.2565789473684211
attention+token_confidence,457,0.9176706827309237,0.9715249449236638,0.6608315098468271,0.9176706827309237,0.1181427735759784,0.25820568927789933
attention+token_confidence,458,0.9196787148594378,0.971590860717692,0.6615720524017468,0.9196787148594378,0.1111465141551849,0.2576419213973799
attention+token_confidence,459,0.9216867469879518,0.9731727610978782,0.6623093681917211,0.9216867469879518,0.1029701983828456,0.25925925925925924
attention+token_confidence,460,0.9236947791164659,0.9747072119408966,0.6630434782608695,0.9236947791164659,0.0991289296752071,0.25869565217391305
attention+token_confidence,461,0.9257028112449799,0.9752094996725988,0.6637744034707158,0.9257028112449799,0.0963359068888605,0.2603036876355748
attention+token_confidence,462,0.927710843373494,0.977398199202523,0.6645021645021645,0.927710843373494,0.0961467171433001,0.2619047619047619
attention+token_confidence,463,0.929718875502008,0.9780175821903422,0.6652267818574514,0.929718875502008,0.0918490325062132,0.2634989200863931
attention+token_confidence,464,0.9317269076305221,0.978353596903639,0.665948275862069,0.9317269076305221,0.0907223815737007,0.2650862068965517
attention+token_confidence,465,0.9337349397590361,0.980057014473392,0.6666666666666666,0.9337349397590361,0.0874580709683855,0.26666666666666666
attention+token_confidence,466,0.9357429718875502,0.9803124892135652,0.6673819742489271,0.9357429718875502,0.0865882576000397,0.26824034334763946
attention+token_confidence,467,0.9377510040160643,0.9816403206088308,0.6680942184154176,0.9377510040160643,0.0853550556635075,0.2698072805139186
attention+token_confidence,468,0.9397590361445783,0.9822766636792484,0.6688034188034188,0.9397590361445783,0.0751765184608751,0.27136752136752135
attention+token_confidence,469,0.9417670682730924,0.9822978018127104,0.6695095948827292,0.9417670682730924,0.0739119881546112,0.27292110874200426
attention+token_confidence,470,0.9437751004016064,0.9834550791294506,0.6702127659574468,0.9437751004016064,0.0711219529731562,0.274468085106383
attention+token_confidence,471,0.9457831325301205,0.98347121184916,0.6709129511677282,0.9457831325301205,0.0624078862960548,0.2760084925690021
attention+token_confidence,472,0.9477911646586346,0.9842926907871288,0.6716101694915254,0.9477911646586346,0.058327330369968,0.2775423728813559
attention+token_confidence,473,0.9497991967871486,0.9867748219109914,0.6723044397463002,0.9497991967871486,0.0579040629622885,0.27906976744186046
attention+token_confidence,474,0.9518072289156626,0.9871095899249808,0.6729957805907173,0.9518072289156626,0.0570173953860612,0.2805907172995781
attention+token_confidence,475,0.9538152610441767,0.9875693469238662,0.6736842105263158,0.9538152610441767,0.0565391025043372,0.28210526315789475
attention+token_confidence,476,0.9558232931726908,0.9885269536212996,0.6743697478991597,0.9558232931726908,0.0531246236857483,0.28361344537815125
attention+token_confidence,477,0.9578313253012049,0.9889791712753604,0.6750524109014675,0.9578313253012049,0.0519361375534706,0.2851153039832285
attention+token_confidence,478,0.9598393574297188,0.9898872200419452,0.6757322175732218,0.9598393574297188,0.050476412699734,0.28451882845188287
attention+token_confidence,479,0.9618473895582329,0.9911023183097708,0.6764091858037579,0.9618473895582329,0.0498202641601716,0.2860125260960334
attention+token_confidence,480,0.963855421686747,0.9921271230094558,0.6770833333333334,0.963855421686747,0.0489204603657067,0.2875
attention+token_confidence,481,0.9658634538152611,0.9926593421600556,0.6777546777546778,0.9658634538152611,0.0471456839270926,0.2869022869022869
attention+token_confidence,482,0.9678714859437751,0.9947232868215932,0.6784232365145229,0.9678714859437751,0.0469064457202677,0.2883817427385892
attention+token_confidence,483,0.9698795180722891,0.9949361705320304,0.6790890269151139,0.9698795180722891,0.0458663970139684,0.2898550724637681
attention+token_confidence,484,0.9718875502008032,0.9949833471190336,0.6797520661157025,0.9718875502008032,0.0455399204378011,0.29132231404958675
attention+token_confidence,485,0.9738955823293173,0.9952404124854208,0.6804123711340206,0.9738955823293173,0.0451738361682598,0.2927835051546392
attention+token_confidence,486,0.9759036144578314,0.9957148014689616,0.6810699588477366,0.9759036144578314,0.0426670713732333,0.294238683127572
attention+token_confidence,487,0.9779116465863453,0.995994259017041,0.6817248459958932,0.9779116465863453,0.0418388600267638,0.29568788501026694
attention+token_confidence,488,0.9799196787148594,0.9961985102524834,0.6823770491803278,0.9799196787148594,0.040304191931521,0.29713114754098363
attention+token_confidence,489,0.9819277108433735,0.996290916995222,0.6830265848670757,0.9819277108433735,0.0374039749199174,0.2985685071574642
attention+token_confidence,490,0.9839357429718876,0.9963376673531352,0.6836734693877551,0.9839357429718876,0.0368423718342124,0.3
attention+token_confidence,491,0.9859437751004017,0.9966555864373524,0.6843177189409368,0.9859437751004017,0.0353907766564714,0.3014256619144603
attention+token_confidence,492,0.9879518072289156,0.9967555097993352,0.6849593495934959,0.9879518072289156,0.0346057923010352,0.30284552845528456
attention+token_confidence,493,0.9899598393574297,0.9968596456801606,0.6855983772819473,0.9899598393574297,0.0343267086276255,0.30425963488843816
attention+token_confidence,494,0.9919678714859438,0.9971576649971168,0.6862348178137652,0.9919678714859438,0.0333354117859533,0.305668016194332
attention+token_confidence,495,0.9939759036144579,0.9973189582340476,0.6868686868686869,0.9939759036144579,0.0327100885605131,0.30707070707070705
attention+token_confidence,496,0.9959839357429718,0.9976299546353972,0.6875,0.9959839357429718,0.0237105805277008,0.3084677419354839
attention+token_confidence,497,0.9979919678714859,0.9984653499074636,0.6881287726358148,0.9979919678714859,0.019783245268646,0.30985915492957744
attention+token_confidence,498,1.0,0.99909122887408,0.6887550200803213,1.0,0.0131801754058457,0.3112449799196787
all_internal,1,0.002008032128514056,0.0111550584119532,0.0,0.002008032128514056,0.999700049241553,0.0
all_internal,2,0.004016064257028112,0.0122724070321681,0.0,0.004016064257028112,0.9996969507204476,0.0
all_internal,3,0.006024096385542169,0.0153411588707259,0.0,0.006024096385542169,0.999686718425253,0.0
all_internal,4,0.008032128514056224,0.0193995554036623,0.0,0.008032128514056224,0.9996540745250267,0.0
all_internal,5,0.010040160642570281,0.0195909295359882,0.0,0.010040160642570281,0.9995871849735464,0.0
all_internal,6,0.012048192771084338,0.0227685479311093,0.0,0.012048192771084338,0.9995733609178016,0.0
all_internal,7,0.014056224899598393,0.0234569295796142,0.0,0.014056224899598393,0.9994762937064288,0.0
all_internal,8,0.01606425702811245,0.0238037734235106,0.0,0.01606425702811245,0.9994368933253316,0.0
all_internal,9,0.018072289156626505,0.0255100842547594,0.0,0.018072289156626505,0.9991125393126794,0.0
all_internal,10,0.020080321285140562,0.0283183959453995,0.0,0.020080321285140562,0.9990048326089868,0.0
all_internal,11,0.02208835341365462,0.0344962523081558,0.0,0.02208835341365462,0.9989708605516872,0.0
all_internal,12,0.024096385542168676,0.0355388454462232,0.0,0.024096385542168676,0.9989646432402992,0.0
all_internal,13,0.02610441767068273,0.0375204496329439,0.0,0.02610441767068273,0.9989348125529568,0.0
all_internal,14,0.028112449799196786,0.0385071764630766,0.0,0.028112449799196786,0.9988041738697844,0.0
all_internal,15,0.030120481927710843,0.0385985601443369,0.0,0.030120481927710843,0.9987675124464952,0.0
all_internal,16,0.0321285140562249,0.0386311777931028,0.0,0.0321285140562249,0.998649464389818,0.0
all_internal,17,0.03413654618473896,0.0387614170531866,0.0,0.03413654618473896,0.9980852990086888,0.0
all_internal,18,0.03614457831325301,0.0414554491563658,0.0,0.03614457831325301,0.9977509646928902,0.0
all_internal,19,0.03815261044176707,0.0427420341301812,0.0,0.03815261044176707,0.9976160583638924,0.0
all_internal,20,0.040160642570281124,0.0479504051429415,0.0,0.040160642570281124,0.9973747339022512,0.0
all_internal,21,0.04216867469879518,0.0502777231523267,0.0,0.04216867469879518,0.9973539530295312,0.0
all_internal,22,0.04417670682730924,0.0508353992636312,0.0,0.04417670682730924,0.9968685394068034,0.0
all_internal,23,0.04618473895582329,0.0612735878851432,0.0,0.04618473895582329,0.9955238782824118,0.0
all_internal,24,0.04819277108433735,0.0619594307921771,0.0,0.04819277108433735,0.9954533057027292,0.0
all_internal,25,0.050200803212851405,0.06264254374278,0.04,0.050200803212851405,0.99540827821988,0.0
all_internal,26,0.05220883534136546,0.0629017857834869,0.07692307692307693,0.05220883534136546,0.995066011264546,0.0
all_internal,27,0.05421686746987952,0.0633577194934877,0.07407407407407407,0.05421686746987952,0.9937530697890782,0.0
all_internal,28,0.05622489959839357,0.069113347664901,0.07142857142857142,0.05622489959839357,0.9930895693002084,0.0
all_internal,29,0.05823293172690763,0.0719259207851275,0.06896551724137931,0.05823293172690763,0.9909089476215672,0.0
all_internal,30,0.060240963855421686,0.0727836911431503,0.06666666666666667,0.060240963855421686,0.9904990169645534,0.0
all_internal,31,0.06224899598393574,0.0765910714356683,0.06451612903225806,0.06224899598393574,0.9903646933807988,0.0
all_internal,32,0.0642570281124498,0.0766711700309007,0.0625,0.0642570281124498,0.9902722868505692,0.0
all_internal,33,0.06626506024096386,0.0769819167309465,0.06060606060606061,0.06626506024096386,0.9897592889889408,0.0
all_internal,34,0.06827309236947791,0.0774157883591546,0.058823529411764705,0.06827309236947791,0.9863748111617752,0.0
all_internal,35,0.07028112449799197,0.0788609781512383,0.05714285714285714,0.07028112449799197,0.9858712597970228,0.0
all_internal,36,0.07228915662650602,0.0839298770618963,0.05555555555555555,0.07228915662650602,0.9841583795656608,0.0
all_internal,37,0.07429718875502007,0.0970160146970546,0.08108108108108109,0.07429718875502007,0.9833625722540386,0.0
all_internal,38,0.07630522088353414,0.0978279324376642,0.07894736842105263,0.07630522088353414,0.9819406267536244,0.0
all_internal,39,0.0783132530120482,0.0991592269943974,0.07692307692307693,0.0783132530120482,0.9813728319653464,0.0
all_internal,40,0.08032128514056225,0.1011320281364501,0.075,0.08032128514056225,0.9813550604838194,0.0
all_internal,41,0.0823293172690763,0.1029878514372533,0.07317073170731707,0.0823293172690763,0.9785439432320584,0.0
all_internal,42,0.08433734939759036,0.103972463139059,0.07142857142857142,0.08433734939759036,0.9776929440734812,0.0
all_internal,43,0.08634538152610442,0.123057462197897,0.06976744186046512,0.08634538152610442,0.9774033058634304,0.0
all_internal,44,0.08835341365461848,0.123525224217839,0.09090909090909091,0.08835341365461848,0.9768168913186314,0.0
all_internal,45,0.09036144578313253,0.1294295511940223,0.08888888888888889,0.09036144578313253,0.9768078589112256,0.0
all_internal,46,0.09236947791164658,0.1322772873748058,0.08695652173913043,0.09236947791164658,0.9753614580284916,0.0
all_internal,47,0.09437751004016064,0.1390409143136803,0.10638297872340426,0.09437751004016064,0.9716286303742788,0.0
all_internal,48,0.0963855421686747,0.1442465916539609,0.10416666666666667,0.0963855421686747,0.9701849996108736,0.020833333333333332
all_internal,49,0.09839357429718876,0.157085712916451,0.10204081632653061,0.09839357429718876,0.9689548266207516,0.02040816326530612
all_internal,50,0.10040160642570281,0.1647036380158721,0.1,0.10040160642570281,0.968632202836737,0.02
all_internal,51,0.10240963855421686,0.1651727533404949,0.09803921568627451,0.10240963855421686,0.9672467377162168,0.0196078431372549
all_internal,52,0.10441767068273092,0.1857558636507923,0.09615384615384616,0.10441767068273092,0.9667853823019218,0.019230769230769232
all_internal,53,0.10642570281124498,0.2005880514712029,0.11320754716981132,0.10642570281124498,0.9651646744821354,0.018867924528301886
all_internal,54,0.10843373493975904,0.2127642160590554,0.1111111111111111,0.10843373493975904,0.9645125201531772,0.018518518518518517
all_internal,55,0.11044176706827309,0.2141971781106622,0.10909090909090909,0.11044176706827309,0.9629174600558776,0.01818181818181818
all_internal,56,0.11244979919678715,0.2158240613289235,0.10714285714285714,0.11244979919678715,0.9628952678448204,0.017857142857142856
all_internal,57,0.1144578313253012,0.2172777237598085,0.10526315789473684,0.1144578313253012,0.9618631143927718,0.017543859649122806
all_internal,58,0.11646586345381527,0.2311003205198466,0.10344827586206896,0.11646586345381527,0.9616173010289166,0.017241379310344827
all_internal,59,0.11847389558232932,0.249249052253765,0.1016949152542373,0.11847389558232932,0.9614593577027726,0.01694915254237288
all_internal,60,0.12048192771084337,0.2499848700923645,0.11666666666666667,0.12048192771084337,0.9594026621133596,0.016666666666666666
all_internal,61,0.12248995983935743,0.2557171152700143,0.11475409836065574,0.12248995983935743,0.958365228305634,0.01639344262295082
all_internal,62,0.12449799196787148,0.2649374208838658,0.12903225806451613,0.12449799196787148,0.956671358542921,0.016129032258064516
all_internal,63,0.12650602409638553,0.280906672645903,0.12698412698412698,0.12650602409638553,0.9565431368293368,0.015873015873015872
all_internal,64,0.1285140562248996,0.286291020369654,0.125,0.1285140562248996,0.954722413647864,0.015625
all_internal,65,0.13052208835341367,0.2872422731144815,0.13846153846153847,0.13052208835341367,0.9541434864502142,0.015384615384615385
all_internal,66,0.13253012048192772,0.2886320030791535,0.13636363636363635,0.13253012048192772,0.9536963409025356,0.015151515151515152
all_internal,67,0.13453815261044177,0.2996048248920118,0.13432835820895522,0.13453815261044177,0.953689831815162,0.014925373134328358
all_internal,68,0.13654618473895583,0.3045110610685779,0.14705882352941177,0.13654618473895583,0.9536507821664229,0.014705882352941176
all_internal,69,0.13855421686746988,0.3088077710074552,0.15942028985507245,0.13855421686746988,0.9509298757756822,0.014492753623188406
all_internal,70,0.14056224899598393,0.3103215134206876,0.15714285714285714,0.14056224899598393,0.9477050150279036,0.014285714285714285
all_internal,71,0.142570281124498,0.3199588731894414,0.16901408450704225,0.142570281124498,0.9475529351195706,0.014084507042253521
all_internal,72,0.14457831325301204,0.3205119454724608,0.16666666666666666,0.14457831325301204,0.9462790262602162,0.013888888888888888
all_internal,73,0.1465863453815261,0.3268238678616301,0.1780821917808219,0.1465863453815261,0.9454648564786888,0.0136986301369863
all_internal,74,0.14859437751004015,0.3432108074752313,0.17567567567567569,0.14859437751004015,0.9443153168336764,0.013513513513513514
all_internal,75,0.15060240963855423,0.3521925044012101,0.17333333333333334,0.15060240963855423,0.9433700444223874,0.013333333333333334
all_internal,76,0.15261044176706828,0.3577650510477708,0.18421052631578946,0.15261044176706828,0.943248192837006,0.013157894736842105
all_internal,77,0.15461847389558234,0.3589203778154564,0.18181818181818182,0.15461847389558234,0.9428236336064386,0.012987012987012988
all_internal,78,0.1566265060240964,0.3725686148225564,0.1794871794871795,0.1566265060240964,0.941891732755228,0.01282051282051282
all_internal,79,0.15863453815261044,0.3849090395370333,0.17721518987341772,0.15863453815261044,0.94120771059479,0.012658227848101266
all_internal,80,0.1606425702811245,0.3943310683372462,0.175,0.1606425702811245,0.9405921368834856,0.0125
all_internal,81,0.16265060240963855,0.3946274251896189,0.18518518518518517,0.16265060240963855,0.940339476496749,0.012345679012345678
all_internal,82,0.1646586345381526,0.3949888072425119,0.1951219512195122,0.1646586345381526,0.9373468480311332,0.012195121951219513
all_internal,83,0.16666666666666666,0.3951967497291195,0.1927710843373494,0.16666666666666666,0.9368652862937182,0.024096385542168676
all_internal,84,0.1686746987951807,0.3960675481074209,0.19047619047619047,0.1686746987951807,0.9356873703789766,0.023809523809523808
all_internal,85,0.1706827309236948,0.4093639132895154,0.2,0.1706827309236948,0.9356246004278368,0.023529411764705882
all_internal,86,0.17269076305220885,0.4102046150417496,0.20930232558139536,0.17269076305220885,0.9351008862691952,0.023255813953488372
all_internal,87,0.1746987951807229,0.4130498458100239,0.20689655172413793,0.1746987951807229,0.9320922834265184,0.022988505747126436
all_internal,88,0.17670682730923695,0.4145416303424531,0.20454545454545456,0.17670682730923695,0.9284854954482292,0.022727272727272728
all_internal,89,0.178714859437751,0.4158257905877067,0.20224719101123595,0.178714859437751,0.9268841382088066,0.02247191011235955
all_internal,90,0.18072289156626506,0.4163806696182985,0.2,0.18072289156626506,0.9263515082641725,0.022222222222222223
all_internal,91,0.1827309236947791,0.419336197813138,0.2087912087912088,0.1827309236947791,0.9257435555058152,0.02197802197802198
all_internal,92,0.18473895582329317,0.422868209954979,0.21739130434782608,0.18473895582329317,0.9254944934122667,0.021739130434782608
all_internal,93,0.18674698795180722,0.4251193746905373,0.22580645161290322,0.18674698795180722,0.9237364916156374,0.021505376344086023
all_internal,94,0.18875502008032127,0.433490883170204,0.23404255319148937,0.18875502008032127,0.9228600720831304,0.02127659574468085
all_internal,95,0.19076305220883535,0.4405739474025874,0.23157894736842105,0.19076305220883535,0.9228552179799052,0.021052631578947368
all_internal,96,0.1927710843373494,0.4411755732724616,0.22916666666666666,0.1927710843373494,0.9220963688692768,0.020833333333333332
all_internal,97,0.19477911646586346,0.4435074148509319,0.2268041237113402,0.19477911646586346,0.9192600474367616,0.020618556701030927
all_internal,98,0.19678714859437751,0.4450862016892973,0.22448979591836735,0.19678714859437751,0.9188590588670296,0.02040816326530612
all_internal,99,0.19879518072289157,0.446247890305712,0.2222222222222222,0.19879518072289157,0.9187792945468236,0.020202020202020204
all_internal,100,0.20080321285140562,0.4496781895895632,0.23,0.20080321285140562,0.9186827746622817,0.02
all_internal,101,0.20281124497991967,0.4546550428254038,0.2376237623762376,0.20281124497991967,0.9175721211737212,0.019801980198019802
all_internal,102,0.20481927710843373,0.4646174744854118,0.24509803921568626,0.20481927710843373,0.9173145225524264,0.0196078431372549
all_internal,103,0.20682730923694778,0.4688711355319502,0.24271844660194175,0.20682730923694778,0.9168001469650768,0.019417475728155338
all_internal,104,0.20883534136546184,0.4704350536659493,0.25,0.20883534136546184,0.9162532974013066,0.019230769230769232
all_internal,105,0.21084337349397592,0.4713336031319876,0.2571428571428571,0.21084337349397592,0.9149505531759192,0.02857142857142857
all_internal,106,0.21285140562248997,0.4755653232369549,0.2641509433962264,0.21285140562248997,0.9149325380115936,0.02830188679245283
all_internal,107,0.21485943775100402,0.4768799449555553,0.27102803738317754,0.21485943775100402,0.914908697972146,0.028037383177570093
all_internal,108,0.21686746987951808,0.4779712923932377,0.2777777777777778,0.21686746987951808,0.9140892053609952,0.027777777777777776
all_internal,109,0.21887550200803213,0.4790138333523406,0.28440366972477066,0.21887550200803213,0.9132817079172568,0.027522935779816515
all_internal,110,0.22088353413654618,0.4839714797569437,0.2909090909090909,0.22088353413654618,0.9124428469014098,0.02727272727272727
all_internal,111,0.22289156626506024,0.488879838122653,0.2972972972972973,0.22289156626506024,0.9116703803708472,0.02702702702702703
all_internal,112,0.2248995983935743,0.4898282017995192,0.29464285714285715,0.2248995983935743,0.9084495394992522,0.03571428571428571
all_internal,113,0.22690763052208834,0.4912995903556859,0.2920353982300885,0.22690763052208834,0.9083957157599084,0.035398230088495575
all_internal,114,0.2289156626506024,0.4923294007968889,0.2894736842105263,0.2289156626506024,0.9082453936358116,0.03508771929824561
all_internal,115,0.23092369477911648,0.4971591529993478,0.28695652173913044,0.23092369477911648,0.9080952336435024,0.034782608695652174
all_internal,116,0.23293172690763053,0.4974232878686505,0.28448275862068967,0.23293172690763053,0.9071881993562988,0.034482758620689655
all_internal,117,0.23493975903614459,0.497589753360235,0.2905982905982906,0.23493975903614459,0.9032133666015424,0.03418803418803419
all_internal,118,0.23694779116465864,0.5004788668280808,0.288135593220339,0.23694779116465864,0.9026205066760904,0.03389830508474576
all_internal,119,0.2389558232931727,0.5064914422148251,0.29411764705882354,0.2389558232931727,0.8989942497439821,0.03361344537815126
all_internal,120,0.24096385542168675,0.5135875491313937,0.3,0.24096385542168675,0.8973024205865237,0.03333333333333333
all_internal,121,0.2429718875502008,0.5143694859682865,0.2975206611570248,0.2429718875502008,0.8952581304129374,0.04132231404958678
all_internal,122,0.24497991967871485,0.5193168059030057,0.30327868852459017,0.24497991967871485,0.8944675458231295,0.040983606557377046
all_internal,123,0.2469879518072289,0.5226858567573922,0.3008130081300813,0.2469879518072289,0.8935132497156875,0.04065040650406504
all_internal,124,0.24899598393574296,0.5233676691724831,0.3064516129032258,0.24899598393574296,0.8922697073728006,0.04032258064516129
all_internal,125,0.25100401606425704,0.5255780938730998,0.312,0.25100401606425704,0.8918250478905547,0.04
all_internal,126,0.25301204819277107,0.5258092199305364,0.30952380952380953,0.25301204819277107,0.8909466239490245,0.03968253968253968
all_internal,127,0.25502008032128515,0.5264821110746706,0.30708661417322836,0.25502008032128515,0.8892399923500101,0.03937007874015748
all_internal,128,0.2570281124497992,0.5275652655711648,0.3046875,0.2570281124497992,0.8888480354123423,0.0390625
all_internal,129,0.25903614457831325,0.5300995001950551,0.31007751937984496,0.25903614457831325,0.8885172988465083,0.03875968992248062
all_internal,130,0.26104417670682734,0.5322772950679499,0.3153846153846154,0.26104417670682734,0.8882330584770789,0.038461538461538464
all_internal,131,0.26305220883534136,0.5341268433530153,0.32061068702290074,0.26305220883534136,0.8877707701933791,0.03816793893129771
all_internal,132,0.26506024096385544,0.5359813588994692,0.32575757575757575,0.26506024096385544,0.8874279406407138,0.03787878787878788
all_internal,133,0.26706827309236947,0.5363289457107258,0.3233082706766917,0.26706827309236947,0.88553793697564,0.03759398496240601
all_internal,134,0.26907630522088355,0.5365923463700324,0.3283582089552239,0.26907630522088355,0.8847744396581451,0.03731343283582089
all_internal,135,0.2710843373493976,0.5409141271293755,0.3333333333333333,0.2710843373493976,0.8846578250550323,0.037037037037037035
all_internal,136,0.27309236947791166,0.5410418884372843,0.33088235294117646,0.27309236947791166,0.8841335049166812,0.03676470588235294
all_internal,137,0.2751004016064257,0.541994643717551,0.3357664233576642,0.2751004016064257,0.8833743860930539,0.0364963503649635
all_internal,138,0.27710843373493976,0.5429171604953643,0.3333333333333333,0.27710843373493976,0.8824031676936235,0.036231884057971016
all_internal,139,0.2791164658634538,0.5437192325947778,0.3381294964028777,0.2791164658634538,0.8805115913338168,0.04316546762589928
all_internal,140,0.28112449799196787,0.5445618227112597,0.3357142857142857,0.28112449799196787,0.8804193728121102,0.04285714285714286
all_internal,141,0.28313253012048195,0.5508902053588841,0.3333333333333333,0.28313253012048195,0.8801839226418718,0.0425531914893617
all_internal,142,0.285140562248996,0.5511649375475546,0.33098591549295775,0.285140562248996,0.8790886604279019,0.04225352112676056
all_internal,143,0.28714859437751006,0.5522410384376615,0.32867132867132864,0.28714859437751006,0.8785932986453766,0.04195804195804196
all_internal,144,0.2891566265060241,0.5526310361108133,0.3333333333333333,0.2891566265060241,0.8766753176501687,0.041666666666666664
all_internal,145,0.29116465863453816,0.559637165364657,0.33793103448275863,0.29116465863453816,0.8745342530256641,0.04827586206896552
all_internal,146,0.2931726907630522,0.562532325438053,0.3356164383561644,0.2931726907630522,0.8742654736833577,0.04794520547945205
all_internal,147,0.29518072289156627,0.5695496993136974,0.3401360544217687,0.29518072289156627,0.8738976381179447,0.047619047619047616
all_internal,148,0.2971887550200803,0.5726503725455329,0.34459459459459457,0.2971887550200803,0.8733863076493978,0.0472972972972973
all_internal,149,0.2991967871485944,0.5742646278682827,0.348993288590604,0.2991967871485944,0.8703068842482055,0.04697986577181208
all_internal,150,0.30120481927710846,0.5755488706365345,0.35333333333333333,0.30120481927710846,0.8701350923744317,0.04666666666666667
all_internal,151,0.3032128514056225,0.5819865783198057,0.3509933774834437,0.3032128514056225,0.8693786987598434,0.046357615894039736
all_internal,152,0.30522088353413657,0.5820982183490268,0.35526315789473684,0.30522088353413657,0.8692810213645132,0.046052631578947366
all_internal,153,0.3072289156626506,0.5849896840600817,0.35947712418300654,0.3072289156626506,0.8688568164227424,0.0457516339869281
all_internal,154,0.3092369477911647,0.5869772424947939,0.35714285714285715,0.3092369477911647,0.8672715850909888,0.045454545454545456
all_internal,155,0.3112449799196787,0.5970136766872375,0.3548387096774194,0.3112449799196787,0.8665131822790938,0.04516129032258064
all_internal,156,0.3132530120481928,0.598237734715299,0.358974358974359,0.3132530120481928,0.8655780139471121,0.04487179487179487
all_internal,157,0.3152610441767068,0.600996815087314,0.3630573248407643,0.3152610441767068,0.864113766260074,0.044585987261146494
all_internal,158,0.3172690763052209,0.6028296919959168,0.36075949367088606,0.3172690763052209,0.8614046082794965,0.04430379746835443
all_internal,159,0.3192771084337349,0.6033294232539995,0.3584905660377358,0.3192771084337349,0.8606979862094922,0.050314465408805034
all_internal,160,0.321285140562249,0.6048897603370326,0.3625,0.321285140562249,0.858975530387243,0.05
all_internal,161,0.3232931726907631,0.605358807756155,0.36645962732919257,0.3232931726907631,0.8589462897707466,0.049689440993788817
all_internal,162,0.3253012048192771,0.607915066254453,0.37037037037037035,0.3253012048192771,0.8576300407108701,0.04938271604938271
all_internal,163,0.3273092369477912,0.6085813128895126,0.37423312883435583,0.3273092369477912,0.8574999766729531,0.049079754601226995
all_internal,164,0.3293172690763052,0.6174435455529277,0.3780487804878049,0.3293172690763052,0.8571806565051489,0.054878048780487805
all_internal,165,0.3313253012048193,0.6218065707731596,0.38181818181818183,0.3313253012048193,0.8567685872971748,0.05454545454545454
all_internal,166,0.3333333333333333,0.6243704080886032,0.3855421686746988,0.3333333333333333,0.8557719809505097,0.05421686746987952
all_internal,167,0.3353413654618474,0.6244956576703453,0.38922155688622756,0.3353413654618474,0.8546224380846582,0.059880239520958084
all_internal,168,0.3373493975903614,0.625082297593717,0.39285714285714285,0.3373493975903614,0.8540108687713257,0.05952380952380952
all_internal,169,0.3393574297188755,0.6300468423164026,0.39644970414201186,0.3393574297188755,0.8538411528140218,0.05917159763313609
all_internal,170,0.3413654618473896,0.6334625640459901,0.3941176470588235,0.3413654618473896,0.853702306471037,0.06470588235294118
all_internal,171,0.3433734939759036,0.6361649099745781,0.39766081871345027,0.3433734939759036,0.8477807836192431,0.06432748538011696
all_internal,172,0.3453815261044177,0.6371751513141302,0.3953488372093023,0.3453815261044177,0.8453919810068324,0.06395348837209303
all_internal,173,0.3473895582329317,0.638022921491157,0.3988439306358382,0.3473895582329317,0.8451336357493918,0.06358381502890173
all_internal,174,0.3493975903614458,0.6383676188449959,0.39655172413793105,0.3493975903614458,0.8427436210247596,0.06896551724137931
all_internal,175,0.3514056224899598,0.6394691908284384,0.4,0.3514056224899598,0.8418649362363504,0.06857142857142857
all_internal,176,0.3534136546184739,0.6395651217227628,0.3977272727272727,0.3534136546184739,0.8408451836573593,0.06818181818181818
all_internal,177,0.35542168674698793,0.6438252973493196,0.4011299435028249,0.35542168674698793,0.8404004289298195,0.06779661016949153
all_internal,178,0.357429718875502,0.646281408503702,0.4044943820224719,0.357429718875502,0.839665932785299,0.07303370786516854
all_internal,179,0.35943775100401604,0.6469028676341128,0.40782122905027934,0.35943775100401604,0.8364312855312785,0.07262569832402235
all_internal,180,0.3614457831325301,0.6503423402881747,0.40555555555555556,0.3614457831325301,0.8358762162934437,0.07222222222222222
all_internal,181,0.3634538152610442,0.6527770073129874,0.40331491712707185,0.3634538152610442,0.8340524674319054,0.0718232044198895
all_internal,182,0.3654618473895582,0.6535703973123013,0.4065934065934066,0.3654618473895582,0.8339601186376877,0.07142857142857142
all_internal,183,0.3674698795180723,0.653833180540777,0.4098360655737705,0.3674698795180723,0.8336699801748425,0.07650273224043716
all_internal,184,0.36947791164658633,0.6548720503257893,0.41304347826086957,0.36947791164658633,0.8325427084423306,0.07608695652173914
all_internal,185,0.3714859437751004,0.6569161406519247,0.41621621621621624,0.3714859437751004,0.8313809626911363,0.08108108108108109
all_internal,186,0.37349397590361444,0.6574785609317708,0.41935483870967744,0.37349397590361444,0.8311436135302932,0.08064516129032258
all_internal,187,0.3755020080321285,0.6598866203942472,0.41711229946524064,0.3755020080321285,0.8309783071136718,0.08021390374331551
all_internal,188,0.37751004016064255,0.6604510025517162,0.42021276595744683,0.37751004016064255,0.8301744433425158,0.0797872340425532
all_internal,189,0.3795180722891566,0.6624584555061419,0.42328042328042326,0.3795180722891566,0.8294149945869563,0.07936507936507936
all_internal,190,0.3815261044176707,0.6646154340881233,0.42105263157894735,0.3815261044176707,0.8286286357990466,0.07894736842105263
all_internal,191,0.38353413654618473,0.6689612037017787,0.42408376963350786,0.38353413654618473,0.826488791338546,0.07853403141361257
all_internal,192,0.3855421686746988,0.6706889953886294,0.421875,0.3855421686746988,0.8236919038621279,0.078125
all_internal,193,0.38755020080321284,0.6714642136824577,0.42487046632124353,0.38755020080321284,0.8219833674365543,0.08290155440414508
all_internal,194,0.3895582329317269,0.6734881958696265,0.422680412371134,0.3895582329317269,0.8185720081115657,0.08762886597938144
all_internal,195,0.39156626506024095,0.6746161836980689,0.4256410256410256,0.39156626506024095,0.8169228749487027,0.08717948717948718
all_internal,196,0.39357429718875503,0.6757863259880519,0.42857142857142855,0.39357429718875503,0.8166448228909522,0.08673469387755102
all_internal,197,0.39558232931726905,0.6775967662917481,0.43147208121827413,0.39558232931726905,0.8155667860984126,0.08629441624365482
all_internal,198,0.39759036144578314,0.6781541712444757,0.43434343434343436,0.39759036144578314,0.8154997959296835,0.08585858585858586
all_internal,199,0.39959839357429716,0.6794985603613563,0.4321608040201005,0.39959839357429716,0.8145051202494953,0.08542713567839195
all_internal,200,0.40160642570281124,0.6816223604915537,0.435,0.40160642570281124,0.8128260117279387,0.085
all_internal,201,0.4036144578313253,0.6825814296219348,0.43283582089552236,0.4036144578313253,0.8124979926110524,0.0845771144278607
all_internal,202,0.40562248995983935,0.6842031898976002,0.43564356435643564,0.40562248995983935,0.8123157369400476,0.08415841584158416
all_internal,203,0.40763052208835343,0.6854277247174475,0.43842364532019706,0.40763052208835343,0.8108417789933886,0.08866995073891626
all_internal,204,0.40963855421686746,0.687924227310395,0.4362745098039216,0.40963855421686746,0.8084449468062055,0.08823529411764706
all_internal,205,0.41164658634538154,0.6890192301317739,0.43414634146341463,0.41164658634538154,0.8075107875771843,0.08780487804878048
all_internal,206,0.41365461847389556,0.689061298449303,0.4368932038834951,0.41365461847389556,0.8050291294021888,0.08737864077669903
all_internal,207,0.41566265060240964,0.6908777597012359,0.4396135265700483,0.41566265060240964,0.8048268035813885,0.08695652173913043
all_internal,208,0.41767068273092367,0.6910667035282733,0.4423076923076923,0.41767068273092367,0.8018062374308312,0.08653846153846154
all_internal,209,0.41967871485943775,0.6919682973327805,0.4449760765550239,0.41967871485943775,0.801069179779889,0.0861244019138756
all_internal,210,0.42168674698795183,0.6934198494536533,0.44761904761904764,0.42168674698795183,0.7987711759176304,0.08571428571428572
all_internal,211,0.42369477911646586,0.6968201566145045,0.45023696682464454,0.42369477911646586,0.7984455918815481,0.08530805687203792
all_internal,212,0.42570281124497994,0.6969704381602791,0.4528301886792453,0.42570281124497994,0.7977486815419998,0.08962264150943396
all_internal,213,0.42771084337349397,0.6990683137595373,0.4507042253521127,0.42771084337349397,0.7964520432876067,0.0892018779342723
all_internal,214,0.42971887550200805,0.7007487545632008,0.4485981308411215,0.42971887550200805,0.7958796922911008,0.08878504672897196
all_internal,215,0.43172690763052207,0.7039397245016256,0.4511627906976744,0.43172690763052207,0.7949392157797395,0.08837209302325581
all_internal,216,0.43373493975903615,0.7048334666194985,0.4537037037037037,0.43373493975903615,0.7913421958122722,0.08796296296296297
all_internal,217,0.4357429718875502,0.7082909525279265,0.45622119815668205,0.4357429718875502,0.7886519859059324,0.08755760368663594
all_internal,218,0.43775100401606426,0.709145834889192,0.45871559633027525,0.43775100401606426,0.788340090020274,0.0871559633027523
all_internal,219,0.4397590361445783,0.7092522031647691,0.4611872146118721,0.4397590361445783,0.7877833578408353,0.091324200913242
all_internal,220,0.44176706827309237,0.7117887988943229,0.4636363636363636,0.44176706827309237,0.78663875195736,0.09090909090909091
all_internal,221,0.44377510040160645,0.7118919044447055,0.46153846153846156,0.44377510040160645,0.7853008625807758,0.09049773755656108
all_internal,222,0.4457831325301205,0.7138029217180839,0.4594594594594595,0.4457831325301205,0.784208943998124,0.09009009009009009
all_internal,223,0.44779116465863456,0.7143647939372525,0.4618834080717489,0.44779116465863456,0.7823830045658022,0.08968609865470852
all_internal,224,0.4497991967871486,0.7154692450452566,0.4642857142857143,0.4497991967871486,0.7822476788866881,0.08928571428571429
all_internal,225,0.45180722891566266,0.719246750447172,0.4622222222222222,0.45180722891566266,0.7811958029170768,0.09333333333333334
all_internal,226,0.4538152610441767,0.72034200636508,0.46017699115044247,0.4538152610441767,0.780146638898828,0.09292035398230089
all_internal,227,0.45582329317269077,0.7214018925004978,0.46255506607929514,0.45582329317269077,0.7798753406256188,0.09691629955947137
all_internal,228,0.4578313253012048,0.7257816458950419,0.4605263157894737,0.4578313253012048,0.7792670330707454,0.10087719298245613
all_internal,229,0.4598393574297189,0.7264674629224281,0.462882096069869,0.4598393574297189,0.7780354087754097,0.10043668122270742
all_internal,230,0.46184738955823296,0.7300734601848893,0.4652173913043478,0.46184738955823296,0.7776905041463238,0.1
all_internal,231,0.463855421686747,0.7308434371871112,0.4675324675324675,0.463855421686747,0.7759804636375258,0.09956709956709957
all_internal,232,0.46586345381526106,0.7331477827217832,0.46551724137931033,0.46586345381526106,0.7745837801701071,0.09913793103448276
all_internal,233,0.4678714859437751,0.7348525851831489,0.4678111587982833,0.4678714859437751,0.7743690319948614,0.09871244635193133
all_internal,234,0.46987951807228917,0.7356922247502952,0.4700854700854701,0.46987951807228917,0.7719522130151872,0.10256410256410256
all_internal,235,0.4718875502008032,0.7360348660826239,0.4723404255319149,0.4718875502008032,0.771876468781808,0.10212765957446808
all_internal,236,0.4738955823293173,0.7364341101642712,0.4745762711864407,0.4738955823293173,0.771861846468158,0.1016949152542373
all_internal,237,0.4759036144578313,0.7390871526344258,0.4767932489451477,0.4759036144578313,0.7689954035384272,0.10548523206751055
all_internal,238,0.4779116465863454,0.7410313272388238,0.4789915966386555,0.4779116465863454,0.7686500870195683,0.10504201680672269
all_internal,239,0.4799196787148594,0.7435172295459896,0.4811715481171548,0.4799196787148594,0.767774408655299,0.10460251046025104
all_internal,240,0.4819277108433735,0.7454595342173154,0.4791666666666667,0.4819277108433735,0.7660091693859715,0.10416666666666667
all_internal,241,0.4839357429718876,0.7457270950846253,0.47717842323651455,0.4839357429718876,0.7657477864511051,0.1078838174273859
all_internal,242,0.4859437751004016,0.7461641897995874,0.47520661157024796,0.4859437751004016,0.7657242992061453,0.10743801652892562
all_internal,243,0.4879518072289157,0.747740232338376,0.4773662551440329,0.4879518072289157,0.7627852106641217,0.10699588477366255
all_internal,244,0.4899598393574297,0.7491075421599066,0.47950819672131145,0.4899598393574297,0.7613238459972808,0.10655737704918032
all_internal,245,0.4919678714859438,0.7493621578094456,0.4775510204081633,0.4919678714859438,0.7610674357061424,0.10612244897959183
all_internal,246,0.4939759036144578,0.7525627353599125,0.4796747967479675,0.4939759036144578,0.7604722949387357,0.10569105691056911
all_internal,247,0.4959839357429719,0.7537961424867322,0.4777327935222672,0.4959839357429719,0.7600776291602703,0.10526315789473684
all_internal,248,0.4979919678714859,0.754833954657037,0.4798387096774194,0.4979919678714859,0.7571092866843817,0.10483870967741936
all_internal,249,0.5,0.7560959123870548,0.4819277108433735,0.5,0.7569024560815268,0.10441767068273092
all_internal,250,0.5020080321285141,0.7569024560815268,0.484,0.5020080321285141,0.7560959123870548,0.104
all_internal,251,0.5040160642570282,0.7571092866843817,0.4860557768924303,0.5040160642570282,0.754833954657037,0.10358565737051793
all_internal,252,0.5060240963855421,0.7600776291602703,0.4880952380952381,0.5060240963855421,0.7537961424867322,0.10714285714285714
all_internal,253,0.5080321285140562,0.7604722949387357,0.4901185770750988,0.5080321285140562,0.7525627353599125,0.1067193675889328
all_internal,254,0.5100401606425703,0.7610674357061424,0.4921259842519685,0.5100401606425703,0.7493621578094456,0.11023622047244094
all_internal,255,0.5120481927710844,0.7613238459972808,0.49411764705882355,0.5120481927710844,0.7491075421599066,0.10980392156862745
all_internal,256,0.5140562248995983,0.7627852106641217,0.49609375,0.5140562248995983,0.747740232338376,0.109375
all_internal,257,0.5160642570281124,0.7657242992061453,0.4980544747081712,0.5160642570281124,0.7461641897995874,0.11284046692607004
all_internal,258,0.5180722891566265,0.7657477864511051,0.49612403100775193,0.5180722891566265,0.7457270950846253,0.11627906976744186
all_internal,259,0.5200803212851406,0.7660091693859715,0.4980694980694981,0.5200803212851406,0.7454595342173154,0.11969111969111969
all_internal,260,0.5220883534136547,0.767774408655299,0.5,0.5220883534136547,0.7435172295459896,0.11923076923076924
all_internal,261,0.5240963855421686,0.7686500870195683,0.5019157088122606,0.5240963855421686,0.7410313272388238,0.11877394636015326
all_internal,262,0.5261044176706827,0.7689954035384272,0.5,0.5261044176706827,0.7390871526344258,0.1183206106870229
all_internal,263,0.5281124497991968,0.771861846468158,0.5019011406844106,0.5281124497991968,0.7364341101642712,0.11787072243346007
all_internal,264,0.5301204819277109,0.771876468781808,0.5037878787878788,0.5301204819277109,0.7360348660826239,0.11742424242424243
all_internal,265,0.5321285140562249,0.7719522130151872,0.5018867924528302,0.5321285140562249,0.7356922247502952,0.1169811320754717
all_internal,266,0.5341365461847389,0.7743690319948614,0.5037593984962406,0.5341365461847389,0.7348525851831489,0.11654135338345864
all_internal,267,0.536144578313253,0.7745837801701071,0.5056179775280899,0.536144578313253,0.7331477827217832,0.1198501872659176
all_internal,268,0.5381526104417671,0.7759804636375258,0.5074626865671642,0.5381526104417671,0.7308434371871112,0.11940298507462686
all_internal,269,0.5401606425702812,0.7776905041463238,0.5092936802973977,0.5401606425702812,0.7300734601848893,0.11895910780669144
all_internal,270,0.5421686746987951,0.7780354087754097,0.5111111111111111,0.5421686746987951,0.7264674629224281,0.11851851851851852
all_internal,271,0.5441767068273092,0.7792670330707454,0.5092250922509225,0.5441767068273092,0.7257816458950419,0.12177121771217712
all_internal,272,0.5461847389558233,0.7798753406256188,0.5073529411764706,0.5461847389558233,0.7214018925004978,0.1213235294117647
all_internal,273,0.5481927710843374,0.780146638898828,0.5091575091575091,0.5481927710843374,0.72034200636508,0.12454212454212454
all_internal,274,0.5502008032128514,0.7811958029170768,0.5072992700729927,0.5502008032128514,0.719246750447172,0.12773722627737227
all_internal,275,0.5522088353413654,0.7822476788866881,0.509090909090909,0.5522088353413654,0.7154692450452566,0.12727272727272726
all_internal,276,0.5542168674698795,0.7823830045658022,0.5108695652173914,0.5542168674698795,0.7143647939372525,0.12681159420289856
all_internal,277,0.5562248995983936,0.784208943998124,0.5126353790613718,0.5562248995983936,0.7138029217180839,0.1299638989169675
all_internal,278,0.5582329317269076,0.7853008625807758,0.5143884892086331,0.5582329317269076,0.7118919044447055,0.13309352517985612
all_internal,279,0.5602409638554217,0.78663875195736,0.5161290322580645,0.5602409638554217,0.7117887988943229,0.13261648745519714
all_internal,280,0.5622489959839357,0.7877833578408353,0.5142857142857142,0.5622489959839357,0.7092522031647691,0.13214285714285715
all_internal,281,0.5642570281124498,0.788340090020274,0.5160142348754448,0.5642570281124498,0.709145834889192,0.13167259786476868
all_internal,282,0.5662650602409639,0.7886519859059324,0.5177304964539007,0.5662650602409639,0.7082909525279265,0.13120567375886524
all_internal,283,0.5682730923694779,0.7913421958122722,0.519434628975265,0.5682730923694779,0.7048334666194985,0.13074204946996468
all_internal,284,0.570281124497992,0.7949392157797395,0.5211267605633803,0.570281124497992,0.7039397245016256,0.13028169014084506
all_internal,285,0.572289156626506,0.7958796922911008,0.5228070175438596,0.572289156626506,0.7007487545632008,0.13333333333333333
all_internal,286,0.5742971887550201,0.7964520432876067,0.5244755244755245,0.5742971887550201,0.6990683137595373,0.13636363636363635
all_internal,287,0.5763052208835341,0.7977486815419998,0.5226480836236934,0.5763052208835341,0.6969704381602791,0.13588850174216027
all_internal,288,0.5783132530120482,0.7984455918815481,0.5243055555555556,0.5783132530120482,0.6968201566145045,0.13541666666666666
all_internal,289,0.5803212851405622,0.7987711759176304,0.5259515570934256,0.5803212851405622,0.6934198494536533,0.13494809688581316
all_internal,290,0.5823293172690763,0.801069179779889,0.5275862068965518,0.5823293172690763,0.6919682973327805,0.13448275862068965
all_internal,291,0.5843373493975904,0.8018062374308312,0.5292096219931272,0.5843373493975904,0.6910667035282733,0.13402061855670103
all_internal,292,0.5863453815261044,0.8048268035813885,0.5308219178082192,0.5863453815261044,0.6908777597012359,0.13356164383561644
all_internal,293,0.5883534136546185,0.8050291294021888,0.5324232081911263,0.5883534136546185,0.689061298449303,0.13310580204778158
all_internal,294,0.5903614457831325,0.8075107875771843,0.5340136054421769,0.5903614457831325,0.6890192301317739,0.1360544217687075
all_internal,295,0.5923694779116466,0.8084449468062055,0.535593220338983,0.5923694779116466,0.687924227310395,0.13898305084745763
all_internal,296,0.5943775100401606,0.8108417789933886,0.5337837837837838,0.5943775100401606,0.6854277247174475,0.13851351351351351
all_internal,297,0.5963855421686747,0.8123157369400476,0.5353535353535354,0.5963855421686747,0.6842031898976002,0.13804713804713806
all_internal,298,0.5983935742971888,0.8124979926110524,0.5369127516778524,0.5983935742971888,0.6825814296219348,0.14093959731543623
all_internal,299,0.6004016064257028,0.8128260117279387,0.5384615384615384,0.6004016064257028,0.6816223604915537,0.14046822742474915
all_internal,300,0.6024096385542169,0.8145051202494953,0.54,0.6024096385542169,0.6794985603613563,0.14333333333333334
all_internal,301,0.6044176706827309,0.8154997959296835,0.5415282392026578,0.6044176706827309,0.6781541712444757,0.14285714285714285
all_internal,302,0.606425702811245,0.8155667860984126,0.543046357615894,0.606425702811245,0.6775967662917481,0.1423841059602649
all_internal,303,0.608433734939759,0.8166448228909522,0.5445544554455446,0.608433734939759,0.6757863259880519,0.1419141914191419
all_internal,304,0.6104417670682731,0.8169228749487027,0.5460526315789473,0.6104417670682731,0.6746161836980689,0.14144736842105263
all_internal,305,0.6124497991967871,0.8185720081115657,0.5442622950819672,0.6124497991967871,0.6734881958696265,0.14426229508196722
all_internal,306,0.6144578313253012,0.8219833674365543,0.5424836601307189,0.6144578313253012,0.6714642136824577,0.1437908496732026
all_internal,307,0.6164658634538153,0.8236919038621279,0.5439739413680782,0.6164658634538153,0.6706889953886294,0.1465798045602606
all_internal,308,0.6184738955823293,0.826488791338546,0.5454545454545454,0.6184738955823293,0.6689612037017787,0.1461038961038961
all_internal,309,0.6204819277108434,0.8286286357990466,0.5469255663430421,0.6204819277108434,0.6646154340881233,0.1488673139158576
all_internal,310,0.6224899598393574,0.8294149945869563,0.5483870967741935,0.6224899598393574,0.6624584555061419,0.14838709677419354
all_internal,311,0.6244979919678715,0.8301744433425158,0.5498392282958199,0.6244979919678715,0.6604510025517162,0.14790996784565916
all_internal,312,0.6265060240963856,0.8309783071136718,0.5512820512820513,0.6265060240963856,0.6598866203942472,0.15064102564102563
all_internal,313,0.6285140562248996,0.8311436135302932,0.5527156549520766,0.6285140562248996,0.6574785609317708,0.1501597444089457
all_internal,314,0.6305220883534136,0.8313809626911363,0.5509554140127388,0.6305220883534136,0.6569161406519247,0.14968152866242038
all_internal,315,0.6325301204819277,0.8325427084423306,0.5523809523809524,0.6325301204819277,0.6548720503257893,0.1492063492063492
all_internal,316,0.6345381526104418,0.8336699801748425,0.5506329113924051,0.6345381526104418,0.653833180540777,0.14873417721518986
all_internal,317,0.6365461847389559,0.8339601186376877,0.5520504731861199,0.6365461847389559,0.6535703973123013,0.14826498422712933
all_internal,318,0.6385542168674698,0.8340524674319054,0.5534591194968553,0.6385542168674698,0.6527770073129874,0.1509433962264151
all_internal,319,0.6405622489959839,0.8358762162934437,0.554858934169279,0.6405622489959839,0.6503423402881747,0.1536050156739812
all_internal,320,0.642570281124498,0.8364312855312785,0.55625,0.642570281124498,0.6469028676341128,0.153125
all_internal,321,0.6445783132530121,0.839665932785299,0.5545171339563862,0.6445783132530121,0.646281408503702,0.1526479750778816
all_internal,322,0.6465863453815262,0.8404004289298195,0.5559006211180124,0.6465863453815262,0.6438252973493196,0.15217391304347827
all_internal,323,0.6485943775100401,0.8408451836573593,0.5572755417956656,0.6485943775100401,0.6395651217227628,0.15479876160990713
all_internal,324,0.6506024096385542,0.8418649362363504,0.558641975308642,0.6506024096385542,0.6394691908284384,0.15432098765432098
all_internal,325,0.6526104417670683,0.8427436210247596,0.556923076923077,0.6526104417670683,0.6383676188449959,0.15692307692307692
all_internal,326,0.6546184738955824,0.8451336357493918,0.558282208588957,0.6546184738955824,0.638022921491157,0.15644171779141106
all_internal,327,0.6566265060240963,0.8453919810068324,0.5596330275229358,0.6566265060240963,0.6371751513141302,0.15902140672782875
all_internal,328,0.6586345381526104,0.8477807836192431,0.5609756097560976,0.6586345381526104,0.6361649099745781,0.15853658536585366
all_internal,329,0.6606425702811245,0.853702306471037,0.5592705167173252,0.6606425702811245,0.6334625640459901,0.16109422492401215
all_internal,330,0.6626506024096386,0.8538411528140218,0.5606060606060606,0.6626506024096386,0.6300468423164026,0.1606060606060606
all_internal,331,0.6646586345381527,0.8540108687713257,0.5619335347432024,0.6646586345381527,0.625082297593717,0.16012084592145015
all_internal,332,0.6666666666666666,0.8546224380846582,0.5602409638554217,0.6666666666666666,0.6244956576703453,0.15963855421686746
all_internal,333,0.6686746987951807,0.8557719809505097,0.5615615615615616,0.6686746987951807,0.6243704080886032,0.15915915915915915
all_internal,334,0.6706827309236948,0.8567685872971748,0.562874251497006,0.6706827309236948,0.6218065707731596,0.15868263473053892
all_internal,335,0.6726907630522089,0.8571806565051489,0.5611940298507463,0.6726907630522089,0.6174435455529277,0.1582089552238806
all_internal,336,0.6746987951807228,0.8574999766729531,0.5625,0.6746987951807228,0.6085813128895126,0.15773809523809523
all_internal,337,0.6767068273092369,0.8576300407108701,0.5637982195845698,0.6767068273092369,0.607915066254453,0.1572700296735905
all_internal,338,0.678714859437751,0.8589462897707466,0.5650887573964497,0.678714859437751,0.605358807756155,0.15680473372781065
all_internal,339,0.6807228915662651,0.858975530387243,0.5663716814159292,0.6807228915662651,0.6048897603370326,0.15634218289085547
all_internal,340,0.6827309236947792,0.8606979862094922,0.5647058823529412,0.6827309236947792,0.6033294232539995,0.1588235294117647
all_internal,341,0.6847389558232931,0.8614046082794965,0.5659824046920822,0.6847389558232931,0.6028296919959168,0.16129032258064516
all_internal,342,0.6867469879518072,0.864113766260074,0.5672514619883041,0.6867469879518072,0.600996815087314,0.1608187134502924
all_internal,343,0.6887550200803213,0.8655780139471121,0.5685131195335277,0.6887550200803213,0.598237734715299,0.16034985422740525
all_internal,344,0.6907630522088354,0.8665131822790938,0.5697674418604651,0.6907630522088354,0.5970136766872375,0.16279069767441862
all_internal,345,0.6927710843373494,0.8672715850909888,0.5710144927536231,0.6927710843373494,0.5869772424947939,0.16521739130434782
all_internal,346,0.6947791164658634,0.8688568164227424,0.5722543352601156,0.6947791164658634,0.5849896840600817,0.16473988439306358
all_internal,347,0.6967871485943775,0.8692810213645132,0.5734870317002881,0.6967871485943775,0.5820982183490268,0.1642651296829971
all_internal,348,0.6987951807228916,0.8693786987598434,0.5747126436781609,0.6987951807228916,0.5819865783198057,0.16666666666666666
all_internal,349,0.7008032128514057,0.8701350923744317,0.5759312320916905,0.7008032128514057,0.5755488706365345,0.166189111747851
all_internal,350,0.7028112449799196,0.8703068842482055,0.5771428571428572,0.7028112449799196,0.5742646278682827,0.1657142857142857
all_internal,351,0.7048192771084337,0.8733863076493978,0.5783475783475783,0.7048192771084337,0.5726503725455329,0.16524216524216523
all_internal,352,0.7068273092369478,0.8738976381179447,0.5795454545454546,0.7068273092369478,0.5695496993136974,0.16477272727272727
all_internal,353,0.7088353413654619,0.8742654736833577,0.5807365439093485,0.7088353413654619,0.562532325438053,0.1671388101983003
all_internal,354,0.7108433734939759,0.8745342530256641,0.5790960451977402,0.7108433734939759,0.559637165364657,0.16666666666666666
all_internal,355,0.7128514056224899,0.8766753176501687,0.5802816901408451,0.7128514056224899,0.5526310361108133,0.16619718309859155
all_internal,356,0.714859437751004,0.8785932986453766,0.5814606741573034,0.714859437751004,0.5522410384376615,0.16853932584269662
all_internal,357,0.7168674698795181,0.8790886604279019,0.5826330532212886,0.7168674698795181,0.5511649375475546,0.17086834733893558
all_internal,358,0.7188755020080321,0.8801839226418718,0.5837988826815642,0.7188755020080321,0.5508902053588841,0.17318435754189945
all_internal,359,0.7208835341365462,0.8804193728121102,0.584958217270195,0.7208835341365462,0.5445618227112597,0.17548746518105848
all_internal,360,0.7228915662650602,0.8805115913338168,0.5833333333333334,0.7228915662650602,0.5437192325947778,0.175
all_internal,361,0.7248995983935743,0.8824031676936235,0.5844875346260388,0.7248995983935743,0.5429171604953643,0.1772853185595568
all_internal,362,0.7269076305220884,0.8833743860930539,0.585635359116022,0.7269076305220884,0.541994643717551,0.17679558011049723
all_internal,363,0.7289156626506024,0.8841335049166812,0.5867768595041323,0.7289156626506024,0.5410418884372843,0.1790633608815427
all_internal,364,0.7309236947791165,0.8846578250550323,0.5879120879120879,0.7309236947791165,0.5409141271293755,0.17857142857142858
all_internal,365,0.7329317269076305,0.8847744396581451,0.589041095890411,0.7329317269076305,0.5365923463700324,0.1780821917808219
all_internal,366,0.7349397590361446,0.88553793697564,0.5901639344262295,0.7349397590361446,0.5363289457107258,0.18032786885245902
all_internal,367,0.7369477911646586,0.8874279406407138,0.5912806539509536,0.7369477911646586,0.5359813588994692,0.17983651226158037
all_internal,368,0.7389558232931727,0.8877707701933791,0.592391304347826,0.7389558232931727,0.5341268433530153,0.1793478260869565
all_internal,369,0.7409638554216867,0.8882330584770789,0.5934959349593496,0.7409638554216867,0.5322772950679499,0.17886178861788618
all_internal,370,0.7429718875502008,0.8885172988465083,0.5945945945945946,0.7429718875502008,0.5300995001950551,0.1783783783783784
all_internal,371,0.7449799196787149,0.8888480354123423,0.5956873315363881,0.7449799196787149,0.5275652655711648,0.18059299191374664
all_internal,372,0.7469879518072289,0.8892399923500101,0.5967741935483871,0.7469879518072289,0.5264821110746706,0.1827956989247312
all_internal,373,0.748995983935743,0.8909466239490245,0.5978552278820375,0.748995983935743,0.5258092199305364,0.18498659517426275
all_internal,374,0.751004016064257,0.8918250478905547,0.5989304812834224,0.751004016064257,0.5255780938730998,0.18449197860962566
all_internal,375,0.7530120481927711,0.8922697073728006,0.6,0.7530120481927711,0.5233676691724831,0.184
all_internal,376,0.7550200803212851,0.8935132497156875,0.601063829787234,0.7550200803212851,0.5226858567573922,0.18617021276595744
all_internal,377,0.7570281124497992,0.8944675458231295,0.6021220159151194,0.7570281124497992,0.5193168059030057,0.1856763925729443
all_internal,378,0.7590361445783133,0.8952581304129374,0.6005291005291006,0.7590361445783133,0.5143694859682865,0.18783068783068782
all_internal,379,0.7610441767068273,0.8973024205865237,0.6015831134564644,0.7610441767068273,0.5135875491313937,0.18733509234828497
all_internal,380,0.7630522088353414,0.8989942497439821,0.6026315789473684,0.7630522088353414,0.5064914422148251,0.1868421052631579
all_internal,381,0.7650602409638554,0.9026205066760904,0.6036745406824147,0.7650602409638554,0.5004788668280808,0.1889763779527559
all_internal,382,0.7670682730923695,0.9032133666015424,0.6047120418848168,0.7670682730923695,0.497589753360235,0.18848167539267016
all_internal,383,0.7690763052208835,0.9071881993562988,0.6057441253263708,0.7690763052208835,0.4974232878686505,0.1906005221932115
all_internal,384,0.7710843373493976,0.9080952336435024,0.6067708333333334,0.7710843373493976,0.4971591529993478,0.19270833333333334
all_internal,385,0.7730923694779116,0.9082453936358116,0.6077922077922078,0.7730923694779116,0.4923294007968889,0.19480519480519481
all_internal,386,0.7751004016064257,0.9083957157599084,0.6088082901554405,0.7751004016064257,0.4912995903556859,0.19689119170984457
all_internal,387,0.7771084337349398,0.9084495394992522,0.6072351421188631,0.7771084337349398,0.4898282017995192,0.19896640826873385
all_internal,388,0.7791164658634538,0.9116703803708472,0.6082474226804123,0.7791164658634538,0.488879838122653,0.19845360824742267
all_internal,389,0.7811244979919679,0.9124428469014098,0.609254498714653,0.7811244979919679,0.4839714797569437,0.19794344473007713
all_internal,390,0.7831325301204819,0.9132817079172568,0.6102564102564103,0.7831325301204819,0.4790138333523406,0.19743589743589743
all_internal,391,0.785140562248996,0.9140892053609952,0.6112531969309463,0.785140562248996,0.4779712923932377,0.1969309462915601
all_internal,392,0.7871485943775101,0.914908697972146,0.6122448979591837,0.7871485943775101,0.4768799449555553,0.19642857142857142
all_internal,393,0.7891566265060241,0.9149325380115936,0.6132315521628499,0.7891566265060241,0.4755653232369549,0.19592875318066158
all_internal,394,0.7911646586345381,0.9149505531759192,0.6116751269035533,0.7911646586345381,0.4713336031319876,0.19543147208121828
all_internal,395,0.7931726907630522,0.9162532974013066,0.6126582278481013,0.7931726907630522,0.4704350536659493,0.1949367088607595
all_internal,396,0.7951807228915663,0.9168001469650768,0.6136363636363636,0.7951807228915663,0.4688711355319502,0.19696969696969696
all_internal,397,0.7971887550200804,0.9173145225524264,0.6146095717884131,0.7971887550200804,0.4646174744854118,0.1964735516372796
all_internal,398,0.7991967871485943,0.9175721211737212,0.6155778894472361,0.7991967871485943,0.4546550428254038,0.19597989949748743
all_internal,399,0.8012048192771084,0.9186827746622817,0.6165413533834586,0.8012048192771084,0.4496781895895632,0.19548872180451127
all_internal,400,0.8032128514056225,0.9187792945468236,0.6175,0.8032128514056225,0.446247890305712,0.1975
all_internal,401,0.8052208835341366,0.9188590588670296,0.6184538653366584,0.8052208835341366,0.4450862016892973,0.19950124688279303
all_internal,402,0.8072289156626506,0.9192600474367616,0.6194029850746269,0.8072289156626506,0.4435074148509319,0.20149253731343283
all_internal,403,0.8092369477911646,0.9220963688692768,0.6203473945409429,0.8092369477911646,0.4411755732724616,0.20347394540942929
all_internal,404,0.8112449799196787,0.9228552179799052,0.6212871287128713,0.8112449799196787,0.4405739474025874,0.20544554455445543
all_internal,405,0.8132530120481928,0.9228600720831304,0.6222222222222222,0.8132530120481928,0.433490883170204,0.20493827160493827
all_internal,406,0.8152610441767069,0.9237364916156374,0.6231527093596059,0.8152610441767069,0.4251193746905373,0.2044334975369458
all_internal,407,0.8172690763052208,0.9254944934122667,0.6240786240786241,0.8172690763052208,0.422868209954979,0.20393120393120392
all_internal,408,0.8192771084337349,0.9257435555058152,0.625,0.8192771084337349,0.419336197813138,0.2034313725490196
all_internal,409,0.821285140562249,0.9263515082641725,0.6259168704156479,0.821285140562249,0.4163806696182985,0.20537897310513448
all_internal,410,0.8232931726907631,0.9268841382088066,0.6268292682926829,0.8232931726907631,0.4158257905877067,0.2073170731707317
all_internal,411,0.8253012048192772,0.9284854954482292,0.6277372262773723,0.8253012048192772,0.4145416303424531,0.20924574209245742
all_internal,412,0.8273092369477911,0.9320922834265184,0.6286407766990292,0.8273092369477911,0.4130498458100239,0.2111650485436893
all_internal,413,0.8293172690763052,0.9351008862691952,0.6295399515738499,0.8293172690763052,0.4102046150417496,0.2106537530266344
all_internal,414,0.8313253012048193,0.9356246004278368,0.6304347826086957,0.8313253012048193,0.4093639132895154,0.21014492753623187
all_internal,415,0.8333333333333334,0.9356873703789766,0.6313253012048192,0.8333333333333334,0.3960675481074209,0.21204819277108433
all_internal,416,0.8353413654618473,0.9368652862937182,0.6298076923076923,0.8353413654618473,0.3951967497291195,0.21394230769230768
all_internal,417,0.8373493975903614,0.9373468480311332,0.6306954436450839,0.8373493975903614,0.3949888072425119,0.21342925659472423
all_internal,418,0.8393574297188755,0.940339476496749,0.631578947368421,0.8393574297188755,0.3946274251896189,0.21291866028708134
all_internal,419,0.8413654618473896,0.9405921368834856,0.6324582338902148,0.8413654618473896,0.3943310683372462,0.21479713603818615
all_internal,420,0.8433734939759037,0.94120771059479,0.6333333333333333,0.8433734939759037,0.3849090395370333,0.21666666666666667
all_internal,421,0.8453815261044176,0.941891732755228,0.6342042755344418,0.8453815261044176,0.3725686148225564,0.21852731591448932
all_internal,422,0.8473895582329317,0.9428236336064386,0.6350710900473934,0.8473895582329317,0.3589203778154564,0.22037914691943128
all_internal,423,0.8493975903614458,0.943248192837006,0.6359338061465721,0.8493975903614458,0.3577650510477708,0.2198581560283688
all_internal,424,0.8514056224899599,0.9433700444223874,0.6367924528301887,0.8514056224899599,0.3521925044012101,0.22169811320754718
all_internal,425,0.8534136546184738,0.9443153168336764,0.6376470588235295,0.8534136546184738,0.3432108074752313,0.2235294117647059
all_internal,426,0.8554216867469879,0.9454648564786888,0.6384976525821596,0.8554216867469879,0.3268238678616301,0.22300469483568075
all_internal,427,0.857429718875502,0.9462790262602162,0.639344262295082,0.857429718875502,0.3205119454724608,0.22482435597189696
all_internal,428,0.8594377510040161,0.9475529351195706,0.6401869158878505,0.8594377510040161,0.3199588731894414,0.22429906542056074
all_internal,429,0.8614457831325302,0.9477050150279036,0.6410256410256411,0.8614457831325302,0.3103215134206876,0.2261072261072261
all_internal,430,0.8634538152610441,0.9509298757756822,0.641860465116279,0.8634538152610441,0.3088077710074552,0.2255813953488372
all_internal,431,0.8654618473895582,0.9536507821664229,0.642691415313225,0.8654618473895582,0.3045110610685779,0.22505800464037123
all_internal,432,0.8674698795180723,0.953689831815162,0.6435185185185185,0.8674698795180723,0.2996048248920118,0.22685185185185186
all_internal,433,0.8694779116465864,0.9536963409025356,0.6443418013856813,0.8694779116465864,0.2886320030791535,0.22863741339491916
all_internal,434,0.8714859437751004,0.9541434864502142,0.6451612903225806,0.8714859437751004,0.2872422731144815,0.22811059907834103
all_internal,435,0.8734939759036144,0.954722413647864,0.6459770114942529,0.8734939759036144,0.286291020369654,0.22988505747126436
all_internal,436,0.8755020080321285,0.9565431368293368,0.6467889908256881,0.8755020080321285,0.280906672645903,0.231651376146789
all_internal,437,0.8775100401606426,0.956671358542921,0.6475972540045767,0.8775100401606426,0.2649374208838658,0.2311212814645309
all_internal,438,0.8795180722891566,0.958365228305634,0.6484018264840182,0.8795180722891566,0.2557171152700143,0.2328767123287671
all_internal,439,0.8815261044176707,0.9594026621133596,0.6492027334851936,0.8815261044176707,0.2499848700923645,0.23234624145785876
all_internal,440,0.8835341365461847,0.9614593577027726,0.65,0.8835341365461847,0.249249052253765,0.2340909090909091
all_internal,441,0.8855421686746988,0.9616173010289166,0.6507936507936508,0.8855421686746988,0.2311003205198466,0.23582766439909297
all_internal,442,0.8875502008032129,0.9618631143927718,0.6515837104072398,0.8875502008032129,0.2172777237598085,0.23755656108597284
all_internal,443,0.8895582329317269,0.9628952678448204,0.6523702031602708,0.8895582329317269,0.2158240613289235,0.23927765237020315
all_internal,444,0.891566265060241,0.9629174600558776,0.6531531531531531,0.891566265060241,0.2141971781106622,0.240990990990991
all_internal,445,0.893574297188755,0.9645125201531772,0.6539325842696629,0.893574297188755,0.2127642160590554,0.24269662921348314
all_internal,446,0.8955823293172691,0.9651646744821354,0.6547085201793722,0.8955823293172691,0.2005880514712029,0.242152466367713
all_internal,447,0.8975903614457831,0.9667853823019218,0.6554809843400448,0.8975903614457831,0.1857558636507923,0.24384787472035793
all_internal,448,0.8995983935742972,0.9672467377162168,0.65625,0.8995983935742972,0.1651727533404949,0.24553571428571427
all_internal,449,0.9016064257028112,0.968632202836737,0.6570155902004454,0.9016064257028112,0.1647036380158721,0.24721603563474387
all_internal,450,0.9036144578313253,0.9689548266207516,0.6577777777777778,0.9036144578313253,0.157085712916451,0.24888888888888888
all_internal,451,0.9056224899598394,0.9701849996108736,0.656319290465632,0.9056224899598394,0.1442465916539609,0.25055432372505543
all_internal,452,0.9076305220883534,0.9716286303742788,0.6570796460176991,0.9076305220883534,0.1390409143136803,0.25
all_internal,453,0.9096385542168675,0.9753614580284916,0.6578366445916115,0.9096385542168675,0.1322772873748058,0.25165562913907286
all_internal,454,0.9116465863453815,0.9768078589112256,0.6585903083700441,0.9116465863453815,0.1294295511940223,0.2533039647577093
all_internal,455,0.9136546184738956,0.9768168913186314,0.6593406593406593,0.9136546184738956,0.123525224217839,0.25274725274725274
all_internal,456,0.9156626506024096,0.9774033058634304,0.6600877192982456,0.9156626506024096,0.123057462197897,0.2543859649122807
all_internal,457,0.9176706827309237,0.9776929440734812,0.6608315098468271,0.9176706827309237,0.103972463139059,0.25601750547045954
all_internal,458,0.9196787148594378,0.9785439432320584,0.6615720524017468,0.9196787148594378,0.1029878514372533,0.2576419213973799
all_internal,459,0.9216867469879518,0.9813550604838194,0.6623093681917211,0.9216867469879518,0.1011320281364501,0.25925925925925924
all_internal,460,0.9236947791164659,0.9813728319653464,0.6630434782608695,0.9236947791164659,0.0991592269943974,0.2608695652173913
all_internal,461,0.9257028112449799,0.9819406267536244,0.6637744034707158,0.9257028112449799,0.0978279324376642,0.26247288503253796
all_internal,462,0.927710843373494,0.9833625722540386,0.6645021645021645,0.927710843373494,0.0970160146970546,0.2619047619047619
all_internal,463,0.929718875502008,0.9841583795656608,0.6652267818574514,0.929718875502008,0.0839298770618963,0.2634989200863931
all_internal,464,0.9317269076305221,0.9858712597970228,0.665948275862069,0.9317269076305221,0.0788609781512383,0.2650862068965517
all_internal,465,0.9337349397590361,0.9863748111617752,0.6666666666666666,0.9337349397590361,0.0774157883591546,0.26666666666666666
all_internal,466,0.9357429718875502,0.9897592889889408,0.6673819742489271,0.9357429718875502,0.0769819167309465,0.26824034334763946
all_internal,467,0.9377510040160643,0.9902722868505692,0.6680942184154176,0.9377510040160643,0.0766711700309007,0.2698072805139186
all_internal,468,0.9397590361445783,0.9903646933807988,0.6688034188034188,0.9397590361445783,0.0765910714356683,0.27136752136752135
all_internal,469,0.9417670682730924,0.9904990169645534,0.6695095948827292,0.9417670682730924,0.0727836911431503,0.27292110874200426
all_internal,470,0.9437751004016064,0.9909089476215672,0.6702127659574468,0.9437751004016064,0.0719259207851275,0.274468085106383
all_internal,471,0.9457831325301205,0.9930895693002084,0.6709129511677282,0.9457831325301205,0.069113347664901,0.2760084925690021
all_internal,472,0.9477911646586346,0.9937530697890782,0.6716101694915254,0.9477911646586346,0.0633577194934877,0.2775423728813559
all_internal,473,0.9497991967871486,0.995066011264546,0.6723044397463002,0.9497991967871486,0.0629017857834869,0.2769556025369979
all_internal,474,0.9518072289156626,0.99540827821988,0.6729957805907173,0.9518072289156626,0.06264254374278,0.27637130801687765
all_internal,475,0.9538152610441767,0.9954533057027292,0.6736842105263158,0.9538152610441767,0.0619594307921771,0.27789473684210525
all_internal,476,0.9558232931726908,0.9955238782824118,0.6743697478991597,0.9558232931726908,0.0612735878851432,0.27941176470588236
all_internal,477,0.9578313253012049,0.9968685394068034,0.6750524109014675,0.9578313253012049,0.0508353992636312,0.2809224318658281
all_internal,478,0.9598393574297188,0.9973539530295312,0.6757322175732218,0.9598393574297188,0.0502777231523267,0.2824267782426778
all_internal,479,0.9618473895582329,0.9973747339022512,0.6764091858037579,0.9618473895582329,0.0479504051429415,0.2839248434237996
all_internal,480,0.963855421686747,0.9976160583638924,0.6770833333333334,0.963855421686747,0.0427420341301812,0.28541666666666665
all_internal,481,0.9658634538152611,0.9977509646928902,0.6777546777546778,0.9658634538152611,0.0414554491563658,0.2869022869022869
all_internal,482,0.9678714859437751,0.9980852990086888,0.6784232365145229,0.9678714859437751,0.0387614170531866,0.2883817427385892
all_internal,483,0.9698795180722891,0.998649464389818,0.6790890269151139,0.9698795180722891,0.0386311777931028,0.2898550724637681
all_internal,484,0.9718875502008032,0.9987675124464952,0.6797520661157025,0.9718875502008032,0.0385985601443369,0.29132231404958675
all_internal,485,0.9738955823293173,0.9988041738697844,0.6804123711340206,0.9738955823293173,0.0385071764630766,0.2927835051546392
all_internal,486,0.9759036144578314,0.9989348125529568,0.6810699588477366,0.9759036144578314,0.0375204496329439,0.294238683127572
all_internal,487,0.9779116465863453,0.9989646432402992,0.6817248459958932,0.9779116465863453,0.0355388454462232,0.29568788501026694
all_internal,488,0.9799196787148594,0.9989708605516872,0.6823770491803278,0.9799196787148594,0.0344962523081558,0.29713114754098363
all_internal,489,0.9819277108433735,0.9990048326089868,0.6830265848670757,0.9819277108433735,0.0283183959453995,0.2985685071574642
all_internal,490,0.9839357429718876,0.9991125393126794,0.6836734693877551,0.9839357429718876,0.0255100842547594,0.3
all_internal,491,0.9859437751004017,0.9994368933253316,0.6843177189409368,0.9859437751004017,0.0238037734235106,0.3014256619144603
all_internal,492,0.9879518072289156,0.9994762937064288,0.6849593495934959,0.9879518072289156,0.0234569295796142,0.30284552845528456
all_internal,493,0.9899598393574297,0.9995733609178016,0.6855983772819473,0.9899598393574297,0.0227685479311093,0.30425963488843816
all_internal,494,0.9919678714859438,0.9995871849735464,0.6862348178137652,0.9919678714859438,0.0195909295359882,0.305668016194332
all_internal,495,0.9939759036144579,0.9996540745250267,0.6868686868686869,0.9939759036144579,0.0193995554036623,0.30707070707070705
all_internal,496,0.9959839357429718,0.999686718425253,0.6875,0.9959839357429718,0.0153411588707259,0.3084677419354839
all_internal,497,0.9979919678714859,0.9996969507204476,0.6881287726358148,0.9979919678714859,0.0122724070321681,0.30985915492957744
all_internal,498,1.0,0.999700049241553,0.6887550200803213,1.0,0.0111550584119532,0.3112449799196787
context_action+all_internal,1,0.002008032128514056,0.0102361975643624,0.0,0.002008032128514056,0.9999342717434064,0.0
context_action+all_internal,2,0.004016064257028112,0.0157810042482344,0.0,0.004016064257028112,0.9999342717434064,0.0
context_action+all_internal,3,0.006024096385542169,0.0170312845595496,0.0,0.006024096385542169,0.9999342717434064,0.0
context_action+all_internal,4,0.008032128514056224,0.0240164207750124,0.0,0.008032128514056224,0.9999342717434064,0.0
context_action+all_internal,5,0.010040160642570281,0.0276896832320328,0.0,0.010040160642570281,0.9998647848809612,0.0
context_action+all_internal,6,0.012048192771084338,0.0289579218748765,0.0,0.012048192771084338,0.9997911959665512,0.0
context_action+all_internal,7,0.014056224899598393,0.0313826110481595,0.0,0.014056224899598393,0.99966928194003,0.0
context_action+all_internal,8,0.01606425702811245,0.0314278564245028,0.0,0.01606425702811245,0.9996152961796904,0.0
context_action+all_internal,9,0.018072289156626505,0.0319772445754123,0.0,0.018072289156626505,0.9996009091192114,0.0
context_action+all_internal,10,0.020080321285140562,0.0319975430968252,0.0,0.020080321285140562,0.9995601562681397,0.0
context_action+all_internal,11,0.02208835341365462,0.036433269408055,0.0,0.02208835341365462,0.999400024442566,0.0
context_action+all_internal,12,0.024096385542168676,0.0376566864060292,0.0,0.024096385542168676,0.9993346921186944,0.0
context_action+all_internal,13,0.02610441767068273,0.0413635588505353,0.0,0.02610441767068273,0.9993099327139002,0.0
context_action+all_internal,14,0.028112449799196786,0.0454727859302347,0.0,0.028112449799196786,0.9992668404463728,0.0
context_action+all_internal,15,0.030120481927710843,0.048252387521874,0.0,0.030120481927710843,0.9991687185818658,0.0
context_action+all_internal,16,0.0321285140562249,0.0531121182950563,0.0,0.0321285140562249,0.9990611098762862,0.0
context_action+all_internal,17,0.03413654618473896,0.054026780044925,0.0,0.03413654618473896,0.99889437290973,0.0
context_action+all_internal,18,0.03614457831325301,0.0554982176746534,0.0,0.03614457831325301,0.9988897162952703,0.0
context_action+all_internal,19,0.03815261044176707,0.0578070721121328,0.0,0.03815261044176707,0.9988601024671936,0.0
context_action+all_internal,20,0.040160642570281124,0.0579483234740645,0.0,0.040160642570281124,0.9986126745540532,0.0
context_action+all_internal,21,0.04216867469879518,0.0588800400439183,0.0,0.04216867469879518,0.9984295984726476,0.0
context_action+all_internal,22,0.04417670682730924,0.059543611748909,0.0,0.04417670682730924,0.998383642186149,0.0
context_action+all_internal,23,0.04618473895582329,0.0609424890533263,0.0,0.04618473895582329,0.9981835385583804,0.0
context_action+all_internal,24,0.04819277108433735,0.0610791894686248,0.0,0.04819277108433735,0.9980916306287316,0.0
context_action+all_internal,25,0.050200803212851405,0.0617441555362798,0.0,0.050200803212851405,0.9978184764187092,0.0
context_action+all_internal,26,0.05220883534136546,0.0626777056102772,0.0,0.05220883534136546,0.997545328703072,0.0
context_action+all_internal,27,0.05421686746987952,0.0784202637427488,0.0,0.05421686746987952,0.9974864757734014,0.0
context_action+all_internal,28,0.05622489959839357,0.0785140067770149,0.0,0.05622489959839357,0.997468042419474,0.0
context_action+all_internal,29,0.05823293172690763,0.0907879531798756,0.0,0.05823293172690763,0.9973252639478528,0.0
context_action+all_internal,30,0.060240963855421686,0.0910895665901461,0.0,0.060240963855421686,0.9967945386099596,0.0
context_action+all_internal,31,0.06224899598393574,0.0937528542268211,0.0,0.06224899598393574,0.9967742711899544,0.0
context_action+all_internal,32,0.0642570281124498,0.0941514656727368,0.0,0.0642570281124498,0.9962649077316502,0.0
context_action+all_internal,33,0.06626506024096386,0.0965803260580786,0.0,0.06626506024096386,0.9958882064984436,0.0
context_action+all_internal,34,0.06827309236947791,0.0975084180246616,0.029411764705882353,0.06827309236947791,0.9949693522427758,0.0
context_action+all_internal,35,0.07028112449799197,0.0996515414153396,0.02857142857142857,0.07028112449799197,0.9936445705004314,0.0
context_action+all_internal,36,0.07228915662650602,0.1024499881851178,0.05555555555555555,0.07228915662650602,0.9930315205241036,0.0
context_action+all_internal,37,0.07429718875502007,0.1027674381807915,0.05405405405405406,0.07429718875502007,0.9928057155053708,0.0
context_action+all_internal,38,0.07630522088353414,0.1031573220883057,0.05263157894736842,0.07630522088353414,0.9926457207820686,0.0
context_action+all_internal,39,0.0783132530120482,0.1073805009389827,0.05128205128205128,0.0783132530120482,0.9919893108526768,0.0
context_action+all_internal,40,0.08032128514056225,0.1189618354412128,0.075,0.08032128514056225,0.9918006349541532,0.0
context_action+all_internal,41,0.0823293172690763,0.1232802442495999,0.07317073170731707,0.0823293172690763,0.9915493451928608,0.0
context_action+all_internal,42,0.08433734939759036,0.1397451041447436,0.07142857142857142,0.08433734939759036,0.9913432032912936,0.0
context_action+all_internal,43,0.08634538152610442,0.1466864692908142,0.06976744186046512,0.08634538152610442,0.9910003515814672,0.0
context_action+all_internal,44,0.08835341365461848,0.1490161710677781,0.06818181818181818,0.08835341365461848,0.9905862483781332,0.0
context_action+all_internal,45,0.09036144578313253,0.1507867053957417,0.06666666666666667,0.09036144578313253,0.9896127216212424,0.0
context_action+all_internal,46,0.09236947791164658,0.1646149481289355,0.08695652173913043,0.09236947791164658,0.9879815324703176,0.0
context_action+all_internal,47,0.09437751004016064,0.1797210070978777,0.0851063829787234,0.09437751004016064,0.9854621148993216,0.0
context_action+all_internal,48,0.0963855421686747,0.1798036112020003,0.08333333333333333,0.0963855421686747,0.9846828089689836,0.0
context_action+all_internal,49,0.09839357429718876,0.1980234034324069,0.08163265306122448,0.09839357429718876,0.984665352677378,0.0
context_action+all_internal,50,0.10040160642570281,0.2048090535077907,0.08,0.10040160642570281,0.981838258514675,0.0
context_action+all_internal,51,0.10240963855421686,0.2089338187187731,0.0784313725490196,0.10240963855421686,0.9815142276280135,0.0
context_action+all_internal,52,0.10441767068273092,0.2112227199283285,0.09615384615384616,0.10441767068273092,0.9810184628931125,0.0
context_action+all_internal,53,0.10642570281124498,0.2121587186966385,0.09433962264150944,0.10642570281124498,0.9789389444010992,0.0
context_action+all_internal,54,0.10843373493975904,0.213631065414898,0.1111111111111111,0.10843373493975904,0.9775943520438702,0.0
context_action+all_internal,55,0.11044176706827309,0.2262722122167439,0.10909090909090909,0.11044176706827309,0.976369640520476,0.0
context_action+all_internal,56,0.11244979919678715,0.235311938458088,0.10714285714285714,0.11244979919678715,0.9757047579990532,0.0
context_action+all_internal,57,0.1144578313253012,0.2499454633747152,0.10526315789473684,0.1144578313253012,0.9742656578012784,0.0
context_action+all_internal,58,0.11646586345381527,0.2575284392860769,0.10344827586206896,0.11646586345381527,0.973449925797312,0.0
context_action+all_internal,59,0.11847389558232932,0.2662204642436353,0.11864406779661017,0.11847389558232932,0.9733030689550656,0.0
context_action+all_internal,60,0.12048192771084337,0.2679465522701704,0.11666666666666667,0.12048192771084337,0.9731893507126732,0.0
context_action+all_internal,61,0.12248995983935743,0.2708533235168469,0.11475409836065574,0.12248995983935743,0.972629216726672,0.0
context_action+all_internal,62,0.12449799196787148,0.2719084255798096,0.11290322580645161,0.12449799196787148,0.9713125645833892,0.016129032258064516
context_action+all_internal,63,0.12650602409638553,0.2720091268788602,0.12698412698412698,0.12650602409638553,0.969511177377724,0.015873015873015872
context_action+all_internal,64,0.1285140562248996,0.2764910176806579,0.140625,0.1285140562248996,0.969327526465962,0.015625
context_action+all_internal,65,0.13052208835341367,0.2776117033867459,0.13846153846153847,0.13052208835341367,0.9638756486018296,0.015384615384615385
context_action+all_internal,66,0.13253012048192772,0.3096384297213779,0.13636363636363635,0.13253012048192772,0.9632552007649706,0.015151515151515152
context_action+all_internal,67,0.13453815261044177,0.3193809873228448,0.13432835820895522,0.13453815261044177,0.9625189335257368,0.014925373134328358
context_action+all_internal,68,0.13654618473895583,0.3317774315492162,0.1323529411764706,0.13654618473895583,0.9614296304888982,0.014705882352941176
context_action+all_internal,69,0.13855421686746988,0.338867105053462,0.13043478260869565,0.13855421686746988,0.9607587029521996,0.014492753623188406
context_action+all_internal,70,0.14056224899598393,0.3400906164664273,0.12857142857142856,0.14056224899598393,0.959183628524098,0.014285714285714285
context_action+all_internal,71,0.142570281124498,0.3418892177614622,0.14084507042253522,0.142570281124498,0.9591822846274184,0.014084507042253521
context_action+all_internal,72,0.14457831325301204,0.3442929908147866,0.1388888888888889,0.14457831325301204,0.9565215217955048,0.013888888888888888
context_action+all_internal,73,0.1465863453815261,0.3463275889907918,0.136986301369863,0.1465863453815261,0.9551231502546128,0.0136986301369863
context_action+all_internal,74,0.14859437751004015,0.3468149320898077,0.13513513513513514,0.14859437751004015,0.9542615601244456,0.013513513513513514
context_action+all_internal,75,0.15060240963855423,0.3478341088248637,0.14666666666666667,0.15060240963855423,0.9541201115962824,0.013333333333333334
context_action+all_internal,76,0.15261044176706828,0.3478677837428246,0.14473684210526316,0.15261044176706828,0.9540312851355046,0.013157894736842105
context_action+all_internal,77,0.15461847389558234,0.3513194672472149,0.15584415584415584,0.15461847389558234,0.9534234357603664,0.012987012987012988
context_action+all_internal,78,0.1566265060240964,0.355356804068498,0.16666666666666666,0.1566265060240964,0.9531403760178108,0.01282051282051282
context_action+all_internal,79,0.15863453815261044,0.3707307119224302,0.16455696202531644,0.15863453815261044,0.9528744151906924,0.012658227848101266
context_action+all_internal,80,0.1606425702811245,0.380613468261909,0.175,0.1606425702811245,0.9525659171659868,0.0125
context_action+all_internal,81,0.16265060240963855,0.3974273041516717,0.1728395061728395,0.16265060240963855,0.9521706781068964,0.012345679012345678
context_action+all_internal,82,0.1646586345381526,0.4054001195802881,0.18292682926829268,0.1646586345381526,0.950084868378188,0.012195121951219513
context_action+all_internal,83,0.16666666666666666,0.4067688795506136,0.1927710843373494,0.16666666666666666,0.9489331424540712,0.012048192771084338
context_action+all_internal,84,0.1686746987951807,0.409087516682859,0.20238095238095238,0.1686746987951807,0.9479981277591016,0.011904761904761904
context_action+all_internal,85,0.1706827309236948,0.4110053164612504,0.2,0.1706827309236948,0.9478888864886466,0.011764705882352941
context_action+all_internal,86,0.17269076305220885,0.4124956067166541,0.20930232558139536,0.17269076305220885,0.947568140848916,0.011627906976744186
context_action+all_internal,87,0.1746987951807229,0.422792458445777,0.21839080459770116,0.1746987951807229,0.945271372933802,0.011494252873563218
context_action+all_internal,88,0.17670682730923695,0.424337737476514,0.2159090909090909,0.17670682730923695,0.943920473870188,0.011363636363636364
context_action+all_internal,89,0.178714859437751,0.4287402201865309,0.21348314606741572,0.178714859437751,0.94346639704907,0.011235955056179775
context_action+all_internal,90,0.18072289156626506,0.4291620111132493,0.2111111111111111,0.18072289156626506,0.9406686117578932,0.011111111111111112
context_action+all_internal,91,0.1827309236947791,0.4306784562084978,0.21978021978021978,0.1827309236947791,0.9356197097895136,0.02197802197802198
context_action+all_internal,92,0.18473895582329317,0.4401479432287842,0.22826086956521738,0.18473895582329317,0.9351565191014805,0.021739130434782608
context_action+all_internal,93,0.18674698795180722,0.4416822051415435,0.22580645161290322,0.18674698795180722,0.9344444652039384,0.021505376344086023
context_action+all_internal,94,0.18875502008032127,0.4423960959195077,0.22340425531914893,0.18875502008032127,0.933694299304324,0.02127659574468085
context_action+all_internal,95,0.19076305220883535,0.4435473354890845,0.23157894736842105,0.19076305220883535,0.9328140608076516,0.021052631578947368
context_action+all_internal,96,0.1927710843373494,0.4445258197018981,0.23958333333333334,0.1927710843373494,0.9322441785803032,0.020833333333333332
context_action+all_internal,97,0.19477911646586346,0.4453996612770584,0.23711340206185566,0.19477911646586346,0.9313633289318064,0.020618556701030927
context_action+all_internal,98,0.19678714859437751,0.448214018789298,0.23469387755102042,0.19678714859437751,0.929997325582008,0.02040816326530612
context_action+all_internal,99,0.19879518072289157,0.4552629712360672,0.23232323232323232,0.19879518072289157,0.9249351475564014,0.020202020202020204
context_action+all_internal,100,0.20080321285140562,0.4553824806846654,0.23,0.20080321285140562,0.9236434520951932,0.02
context_action+all_internal,101,0.20281124497991967,0.4561180916899251,0.22772277227722773,0.20281124497991967,0.9233896451691982,0.019801980198019802
context_action+all_internal,102,0.20481927710843373,0.4568447294771092,0.22549019607843138,0.20481927710843373,0.9189713915315122,0.0196078431372549
context_action+all_internal,103,0.20682730923694778,0.4604812051696377,0.23300970873786409,0.20682730923694778,0.9180882209896474,0.019417475728155338
context_action+all_internal,104,0.20883534136546184,0.4632574031692785,0.2403846153846154,0.20883534136546184,0.9176013759438332,0.019230769230769232
context_action+all_internal,105,0.21084337349397592,0.4642103889748816,0.23809523809523808,0.21084337349397592,0.9163595475437728,0.01904761904761905
context_action+all_internal,106,0.21285140562248997,0.4676480200646901,0.2358490566037736,0.21285140562248997,0.9149293852585216,0.018867924528301886
context_action+all_internal,107,0.21485943775100402,0.4676510345207499,0.24299065420560748,0.21485943775100402,0.9148073926829272,0.018691588785046728
context_action+all_internal,108,0.21686746987951808,0.4688686768277938,0.24074074074074073,0.21686746987951808,0.9146339373278358,0.018518518518518517
context_action+all_internal,109,0.21887550200803213,0.4699800529734316,0.24770642201834864,0.21887550200803213,0.9144765850183366,0.01834862385321101
context_action+all_internal,110,0.22088353413654618,0.4700252166860018,0.2545454545454545,0.22088353413654618,0.9122578480534512,0.01818181818181818
context_action+all_internal,111,0.22289156626506024,0.4753782008944342,0.25225225225225223,0.22289156626506024,0.9121679240182412,0.018018018018018018
context_action+all_internal,112,0.2248995983935743,0.4810656958982743,0.25,0.2248995983935743,0.9098932584682636,0.017857142857142856
context_action+all_internal,113,0.22690763052208834,0.4816296609390181,0.24778761061946902,0.22690763052208834,0.9086471616720824,0.017699115044247787
context_action+all_internal,114,0.2289156626506024,0.4843761152015831,0.2543859649122807,0.2289156626506024,0.9081781506437716,0.017543859649122806
context_action+all_internal,115,0.23092369477911648,0.4915070857360781,0.2608695652173913,0.23092369477911648,0.9079581610042328,0.017391304347826087
context_action+all_internal,116,0.23293172690763053,0.4953195180403936,0.2672413793103448,0.23293172690763053,0.9063464137963728,0.017241379310344827
context_action+all_internal,117,0.23493975903614459,0.4954413340026781,0.27350427350427353,0.23493975903614459,0.9060413068786812,0.017094017094017096
context_action+all_internal,118,0.23694779116465864,0.4954567687693004,0.2796610169491525,0.23694779116465864,0.9056104518262712,0.01694915254237288
context_action+all_internal,119,0.2389558232931727,0.4999129848106053,0.2773109243697479,0.2389558232931727,0.905260059065574,0.01680672268907563
context_action+all_internal,120,0.24096385542168675,0.4999560271002631,0.275,0.24096385542168675,0.9018857844363076,0.016666666666666666
context_action+all_internal,121,0.2429718875502008,0.5011731084251662,0.2809917355371901,0.2429718875502008,0.9010614099814754,0.01652892561983471
context_action+all_internal,122,0.24497991967871485,0.5073229828146477,0.28688524590163933,0.24497991967871485,0.8992493831662446,0.01639344262295082
context_action+all_internal,123,0.2469879518072289,0.5085270266750812,0.2845528455284553,0.2469879518072289,0.8986841367417686,0.016260162601626018
context_action+all_internal,124,0.24899598393574296,0.509179219115654,0.28225806451612906,0.24899598393574296,0.8972571009105836,0.016129032258064516
context_action+all_internal,125,0.25100401606425704,0.5102942097493496,0.288,0.25100401606425704,0.8968170446324524,0.016
context_action+all_internal,126,0.25301204819277107,0.514972570519944,0.29365079365079366,0.25301204819277107,0.8960021374578236,0.015873015873015872
context_action+all_internal,127,0.25502008032128515,0.515372642095312,0.2992125984251969,0.25502008032128515,0.89440156931354,0.015748031496062992
context_action+all_internal,128,0.2570281124497992,0.516645340601936,0.3046875,0.2570281124497992,0.8943454868995206,0.015625
context_action+all_internal,129,0.25903614457831325,0.5237541509102278,0.31007751937984496,0.25903614457831325,0.8934677426751527,0.023255813953488372
context_action+all_internal,130,0.26104417670682734,0.5246180987446745,0.3153846153846154,0.26104417670682734,0.8927585358368151,0.023076923076923078
context_action+all_internal,131,0.26305220883534136,0.5257252300014096,0.32061068702290074,0.26305220883534136,0.8923167003830568,0.022900763358778626
context_action+all_internal,132,0.26506024096385544,0.5272346845646618,0.32575757575757575,0.26506024096385544,0.8920769290890468,0.022727272727272728
context_action+all_internal,133,0.26706827309236947,0.5273312774784626,0.3308270676691729,0.26706827309236947,0.8896556553546414,0.022556390977443608
context_action+all_internal,134,0.26907630522088355,0.52899164241876,0.3358208955223881,0.26907630522088355,0.8891903586745039,0.029850746268656716
context_action+all_internal,135,0.2710843373493976,0.529676254481351,0.3333333333333333,0.2710843373493976,0.8880337620094604,0.02962962962962963
context_action+all_internal,136,0.27309236947791166,0.5334900086612359,0.3382352941176471,0.27309236947791166,0.8874224917821835,0.029411764705882353
context_action+all_internal,137,0.2751004016064257,0.5382781704003052,0.3357664233576642,0.2751004016064257,0.8850318680328604,0.029197080291970802
context_action+all_internal,138,0.27710843373493976,0.541271053447319,0.34057971014492755,0.27710843373493976,0.8801746480524569,0.028985507246376812
context_action+all_internal,139,0.2791164658634538,0.5422241168120594,0.34532374100719426,0.2791164658634538,0.8794514272599606,0.02877697841726619
context_action+all_internal,140,0.28112449799196787,0.5424196520888277,0.34285714285714286,0.28112449799196787,0.8790554519533138,0.02857142857142857
context_action+all_internal,141,0.28313253012048195,0.5458151401709502,0.3404255319148936,0.28313253012048195,0.87832555901938,0.028368794326241134
context_action+all_internal,142,0.285140562248996,0.5476854118129719,0.3380281690140845,0.285140562248996,0.8774805305494875,0.028169014084507043
context_action+all_internal,143,0.28714859437751006,0.5518753272810559,0.3356643356643357,0.28714859437751006,0.8755061588743465,0.027972027972027972
context_action+all_internal,144,0.2891566265060241,0.557630086703945,0.3402777777777778,0.2891566265060241,0.874636916683959,0.027777777777777776
context_action+all_internal,145,0.29116465863453816,0.5602148854055411,0.3448275862068966,0.29116465863453816,0.8728694523321644,0.027586206896551724
context_action+all_internal,146,0.2931726907630522,0.5630550734349907,0.3424657534246575,0.2931726907630522,0.8717675445929188,0.03424657534246575
context_action+all_internal,147,0.29518072289156627,0.5714585319240151,0.3469387755102041,0.29518072289156627,0.8714771970250467,0.034013605442176874
context_action+all_internal,148,0.2971887550200803,0.5718542082345774,0.35135135135135137,0.2971887550200803,0.8696204329263709,0.033783783783783786
context_action+all_internal,149,0.2991967871485944,0.5767623921746468,0.35570469798657717,0.2991967871485944,0.8673955561108686,0.040268456375838924
context_action+all_internal,150,0.30120481927710846,0.5777024917531025,0.36,0.30120481927710846,0.865772816787972,0.04
context_action+all_internal,151,0.3032128514056225,0.583858472043405,0.36423841059602646,0.3032128514056225,0.8649543599268086,0.039735099337748346
context_action+all_internal,152,0.30522088353413657,0.5844785656406514,0.3684210526315789,0.30522088353413657,0.8649341705254958,0.039473684210526314
context_action+all_internal,153,0.3072289156626506,0.585512097323729,0.37254901960784315,0.3072289156626506,0.8649209993833467,0.0392156862745098
context_action+all_internal,154,0.3092369477911647,0.5887544465684168,0.37662337662337664,0.3092369477911647,0.8646374739025335,0.03896103896103896
context_action+all_internal,155,0.3112449799196787,0.5895645573820402,0.3741935483870968,0.3112449799196787,0.8643085801892469,0.04516129032258064
context_action+all_internal,156,0.3132530120481928,0.5913350871684546,0.3717948717948718,0.3132530120481928,0.8640432828051035,0.04487179487179487
context_action+all_internal,157,0.3152610441767068,0.5920434693526098,0.37579617834394907,0.3152610441767068,0.8635468571896474,0.044585987261146494
context_action+all_internal,158,0.3172690763052209,0.5957348709348266,0.379746835443038,0.3172690763052209,0.8631552877827521,0.04430379746835443
context_action+all_internal,159,0.3192771084337349,0.598250517840587,0.3836477987421384,0.3192771084337349,0.8620181375838212,0.0440251572327044
context_action+all_internal,160,0.321285140562249,0.5983956807136853,0.3875,0.321285140562249,0.8609312731131196,0.04375
context_action+all_internal,161,0.3232931726907631,0.6081104767833049,0.38509316770186336,0.3232931726907631,0.8589977223156634,0.043478260869565216
context_action+all_internal,162,0.3253012048192771,0.6108470877315703,0.38271604938271603,0.3253012048192771,0.8576152010068376,0.043209876543209874
context_action+all_internal,163,0.3273092369477912,0.6117421605696781,0.3803680981595092,0.3273092369477912,0.8542008946323593,0.04294478527607362
context_action+all_internal,164,0.3293172690763052,0.6142275460975318,0.38414634146341464,0.3293172690763052,0.8524216405623453,0.04878048780487805
context_action+all_internal,165,0.3313253012048193,0.6181743785549496,0.3878787878787879,0.3313253012048193,0.8517335033878956,0.048484848484848485
context_action+all_internal,166,0.3333333333333333,0.6182416281516893,0.39156626506024095,0.3333333333333333,0.8512307427325294,0.05421686746987952
context_action+all_internal,167,0.3353413654618474,0.6213248147829116,0.38922155688622756,0.3353413654618474,0.8510814516926858,0.05389221556886228
context_action+all_internal,168,0.3373493975903614,0.6227110991881265,0.3869047619047619,0.3373493975903614,0.8495682450821231,0.05357142857142857
context_action+all_internal,169,0.3393574297188755,0.623021825442423,0.3905325443786982,0.3393574297188755,0.8482860977305824,0.05325443786982249
context_action+all_internal,170,0.3413654618473896,0.6273793501410652,0.3941176470588235,0.3413654618473896,0.8479761378989026,0.052941176470588235
context_action+all_internal,171,0.3433734939759036,0.6277341982036104,0.391812865497076,0.3433734939759036,0.844872812796089,0.05847953216374269
context_action+all_internal,172,0.3453815261044177,0.6281433932131198,0.38953488372093026,0.3453815261044177,0.8431762996257196,0.05813953488372093
context_action+all_internal,173,0.3473895582329317,0.6281517509418552,0.3872832369942196,0.3473895582329317,0.8429028848751835,0.057803468208092484
context_action+all_internal,174,0.3493975903614458,0.636738560752921,0.39080459770114945,0.3493975903614458,0.8418530463482542,0.05747126436781609
context_action+all_internal,175,0.3514056224899598,0.6380330292321167,0.38857142857142857,0.3514056224899598,0.8393819853652914,0.05714285714285714
context_action+all_internal,176,0.3534136546184739,0.6437833435636101,0.38636363636363635,0.3534136546184739,0.8381836873179042,0.056818181818181816
context_action+all_internal,177,0.35542168674698793,0.6467672100945538,0.3898305084745763,0.35542168674698793,0.8366316740870335,0.05649717514124294
context_action+all_internal,178,0.357429718875502,0.6508333257606187,0.39325842696629215,0.357429718875502,0.8351058168164315,0.056179775280898875
context_action+all_internal,179,0.35943775100401604,0.6510004238485032,0.39664804469273746,0.35943775100401604,0.8350427121668466,0.055865921787709494
context_action+all_internal,180,0.3614457831325301,0.653186409431805,0.4,0.3614457831325301,0.8348509262789383,0.06111111111111111
context_action+all_internal,181,0.3634538152610442,0.6554332228922828,0.39779005524861877,0.3634538152610442,0.8343250199092858,0.06077348066298342
context_action+all_internal,182,0.3654618473895582,0.6566836956917863,0.4010989010989011,0.3654618473895582,0.8339522868838366,0.06043956043956044
context_action+all_internal,183,0.3674698795180723,0.6580317333997862,0.3989071038251366,0.3674698795180723,0.8336275621076922,0.060109289617486336
context_action+all_internal,184,0.36947791164658633,0.6609012417219619,0.40217391304347827,0.36947791164658633,0.8334199987045393,0.059782608695652176
context_action+all_internal,185,0.3714859437751004,0.6617154545949109,0.40540540540540543,0.3714859437751004,0.8326220832156074,0.05945945945945946
context_action+all_internal,186,0.37349397590361444,0.6635555891244369,0.40860215053763443,0.37349397590361444,0.8316644667752854,0.05913978494623656
context_action+all_internal,187,0.3755020080321285,0.6636456470684337,0.40641711229946526,0.3755020080321285,0.8312220433060987,0.058823529411764705
context_action+all_internal,188,0.37751004016064255,0.667007343725948,0.4095744680851064,0.37751004016064255,0.8311983433694856,0.05851063829787234
context_action+all_internal,189,0.3795180722891566,0.6683998264151155,0.4126984126984127,0.3795180722891566,0.8302011712238774,0.0582010582010582
context_action+all_internal,190,0.3815261044176707,0.668675578848918,0.41578947368421054,0.3815261044176707,0.8300911341821282,0.06315789473684211
context_action+all_internal,191,0.38353413654618473,0.6700123615238379,0.41361256544502617,0.38353413654618473,0.8293376934121767,0.06282722513089005
context_action+all_internal,192,0.3855421686746988,0.670288721605808,0.4114583333333333,0.3855421686746988,0.8284211727189815,0.0625
context_action+all_internal,193,0.38755020080321284,0.671073938998825,0.41450777202072536,0.38755020080321284,0.8269459453092127,0.06217616580310881
context_action+all_internal,194,0.3895582329317269,0.6713395728802588,0.4175257731958763,0.3895582329317269,0.8265496622070008,0.061855670103092786
context_action+all_internal,195,0.39156626506024095,0.6717880863960167,0.4153846153846154,0.39156626506024095,0.8252587619335301,0.06153846153846154
context_action+all_internal,196,0.39357429718875503,0.6725330835508144,0.41836734693877553,0.39357429718875503,0.8248698358995196,0.061224489795918366
context_action+all_internal,197,0.39558232931726905,0.6725889262636613,0.41624365482233505,0.39558232931726905,0.8245733820341664,0.06091370558375635
context_action+all_internal,198,0.39759036144578314,0.6758256242982307,0.41919191919191917,0.39759036144578314,0.8219755291357147,0.06565656565656566
context_action+all_internal,199,0.39959839357429716,0.6786488637488027,0.4221105527638191,0.39959839357429716,0.8200021020328815,0.06532663316582915
context_action+all_internal,200,0.40160642570281124,0.6787078484487892,0.425,0.40160642570281124,0.8181292207713362,0.065
context_action+all_internal,201,0.4036144578313253,0.6798416223442373,0.42786069651741293,0.4036144578313253,0.8170291560823659,0.06965174129353234
context_action+all_internal,202,0.40562248995983935,0.6818266342548849,0.4306930693069307,0.40562248995983935,0.8164157561766263,0.06930693069306931
context_action+all_internal,203,0.40763052208835343,0.6852679691034712,0.42857142857142855,0.40763052208835343,0.8152879874048882,0.06896551724137931
context_action+all_internal,204,0.40963855421686746,0.685853875915085,0.4264705882352941,0.40963855421686746,0.8150332793666096,0.06862745098039216
context_action+all_internal,205,0.41164658634538154,0.6886989320722202,0.4292682926829268,0.41164658634538154,0.8135495471463198,0.07317073170731707
context_action+all_internal,206,0.41365461847389556,0.6890778995504817,0.4320388349514563,0.41365461847389556,0.8099866375187181,0.07766990291262135
context_action+all_internal,207,0.41566265060240964,0.691536106889352,0.43478260869565216,0.41566265060240964,0.8078926204370658,0.0821256038647343
context_action+all_internal,208,0.41767068273092367,0.6920069224214743,0.4375,0.41767068273092367,0.8074416737737985,0.08173076923076923
context_action+all_internal,209,0.41967871485943775,0.6950100724188374,0.4354066985645933,0.41967871485943775,0.8066184289200328,0.08133971291866028
context_action+all_internal,210,0.42168674698795183,0.6973232710516211,0.43333333333333335,0.42168674698795183,0.8035224949606463,0.08095238095238096
context_action+all_internal,211,0.42369477911646586,0.6975644077216799,0.43601895734597157,0.42369477911646586,0.8003596122909861,0.08530805687203792
context_action+all_internal,212,0.42570281124497994,0.6975679010565138,0.4339622641509434,0.42570281124497994,0.7993126576124755,0.08490566037735849
context_action+all_internal,213,0.42771084337349397,0.6978917114661564,0.43661971830985913,0.42771084337349397,0.798596271738864,0.08450704225352113
context_action+all_internal,214,0.42971887550200805,0.6989981393474305,0.4392523364485981,0.42971887550200805,0.7968806915670348,0.08411214953271028
context_action+all_internal,215,0.43172690763052207,0.7068603205792148,0.4372093023255814,0.43172690763052207,0.795951242991168,0.08372093023255814
context_action+all_internal,216,0.43373493975903615,0.7089285882127402,0.4351851851851852,0.43373493975903615,0.7952783447404129,0.08333333333333333
context_action+all_internal,217,0.4357429718875502,0.7098566161597454,0.4377880184331797,0.4357429718875502,0.7914834130971677,0.08294930875576037
context_action+all_internal,218,0.43775100401606426,0.7102500332698578,0.44036697247706424,0.43775100401606426,0.7913567273297192,0.0871559633027523
context_action+all_internal,219,0.4397590361445783,0.7128373439708742,0.4383561643835616,0.4397590361445783,0.7873234197120901,0.0867579908675799
context_action+all_internal,220,0.44176706827309237,0.7138826642543236,0.4409090909090909,0.44176706827309237,0.7864196263713353,0.08636363636363636
context_action+all_internal,221,0.44377510040160645,0.7150596681141307,0.4434389140271493,0.44377510040160645,0.7844387769965002,0.08597285067873303
context_action+all_internal,222,0.4457831325301205,0.7173389273246692,0.44594594594594594,0.4457831325301205,0.7809923950876769,0.08558558558558559
context_action+all_internal,223,0.44779116465863456,0.7177656070369235,0.4484304932735426,0.44779116465863456,0.7801459923374574,0.08520179372197309
context_action+all_internal,224,0.4497991967871486,0.7180268396740987,0.45089285714285715,0.4497991967871486,0.7798764573698269,0.08482142857142858
context_action+all_internal,225,0.45180722891566266,0.7182711442192736,0.4488888888888889,0.45180722891566266,0.7787971677672848,0.08444444444444445
context_action+all_internal,226,0.4538152610441767,0.7192907616344414,0.4469026548672566,0.4538152610441767,0.7785366150726492,0.084070796460177
context_action+all_internal,227,0.45582329317269077,0.7203038067551795,0.44933920704845814,0.45582329317269077,0.7753314174989515,0.0881057268722467
context_action+all_internal,228,0.4578313253012048,0.7212380987273727,0.4517543859649123,0.4578313253012048,0.774441141892009,0.08771929824561403
context_action+all_internal,229,0.4598393574297189,0.7236646687556928,0.45414847161572053,0.4598393574297189,0.7726775130776052,0.08733624454148471
context_action+all_internal,230,0.46184738955823296,0.7238474016896361,0.45217391304347826,0.46184738955823296,0.7726143346282976,0.09130434782608696
context_action+all_internal,231,0.463855421686747,0.7239546591624869,0.45454545454545453,0.463855421686747,0.7721967866716625,0.09090909090909091
context_action+all_internal,232,0.46586345381526106,0.7255019285335293,0.45689655172413796,0.46586345381526106,0.7701371519579335,0.09482758620689655
context_action+all_internal,233,0.4678714859437751,0.7255860030896566,0.45493562231759654,0.4678714859437751,0.7690107539570863,0.0944206008583691
context_action+all_internal,234,0.46987951807228917,0.727997084674626,0.45726495726495725,0.46987951807228917,0.767999069117568,0.09401709401709402
context_action+all_internal,235,0.4718875502008032,0.7307487650539872,0.4595744680851064,0.4718875502008032,0.7669231845556734,0.09361702127659574
context_action+all_internal,236,0.4738955823293173,0.7333109408866245,0.461864406779661,0.4738955823293173,0.7641405023028129,0.09322033898305085
context_action+all_internal,237,0.4759036144578313,0.7365838971497605,0.459915611814346,0.4759036144578313,0.763531275704867,0.09282700421940929
context_action+all_internal,238,0.4779116465863454,0.7367526433565426,0.46218487394957986,0.4779116465863454,0.7630281993524106,0.09243697478991597
context_action+all_internal,239,0.4799196787148594,0.7367659292761695,0.4602510460251046,0.4799196787148594,0.7620416612905172,0.09623430962343096
context_action+all_internal,240,0.4819277108433735,0.738707514444564,0.4625,0.4819277108433735,0.7616350590342833,0.09583333333333334
context_action+all_internal,241,0.4839357429718876,0.7392308126697181,0.4605809128630705,0.4839357429718876,0.7602861387626894,0.0954356846473029
context_action+all_internal,242,0.4859437751004016,0.7395012806902873,0.4628099173553719,0.4859437751004016,0.7598067378911497,0.09504132231404959
context_action+all_internal,243,0.4879518072289157,0.7400812724154419,0.4609053497942387,0.4879518072289157,0.7594084958943743,0.09465020576131687
context_action+all_internal,244,0.4899598393574297,0.7418559303919755,0.46311475409836067,0.4899598393574297,0.7589310366205155,0.0942622950819672
context_action+all_internal,245,0.4919678714859438,0.7421287861798502,0.46530612244897956,0.4919678714859438,0.7584911629599109,0.09387755102040816
context_action+all_internal,246,0.4939759036144578,0.7422719157696428,0.4634146341463415,0.4939759036144578,0.7554112455763954,0.09349593495934959
context_action+all_internal,247,0.4959839357429719,0.7451998607950268,0.46558704453441296,0.4959839357429719,0.7527394171169393,0.0931174089068826
context_action+all_internal,248,0.4979919678714859,0.7457075858327659,0.46774193548387094,0.4979919678714859,0.7489835865197567,0.09274193548387097
context_action+all_internal,249,0.5,0.7463365993443258,0.46987951807228917,0.5,0.7479049425381209,0.09236947791164658
context_action+all_internal,250,0.5020080321285141,0.7479049425381209,0.472,0.5020080321285141,0.7463365993443258,0.092
context_action+all_internal,251,0.5040160642570282,0.7489835865197567,0.47410358565737054,0.5040160642570282,0.7457075858327659,0.09163346613545817
context_action+all_internal,252,0.5060240963855421,0.7527394171169393,0.47619047619047616,0.5060240963855421,0.7451998607950268,0.09126984126984126
context_action+all_internal,253,0.5080321285140562,0.7554112455763954,0.4782608695652174,0.5080321285140562,0.7422719157696428,0.09486166007905138
context_action+all_internal,254,0.5100401606425703,0.7584911629599109,0.48031496062992124,0.5100401606425703,0.7421287861798502,0.09448818897637795
context_action+all_internal,255,0.5120481927710844,0.7589310366205155,0.4823529411764706,0.5120481927710844,0.7418559303919755,0.09411764705882353
context_action+all_internal,256,0.5140562248995983,0.7594084958943743,0.484375,0.5140562248995983,0.7400812724154419,0.09765625
context_action+all_internal,257,0.5160642570281124,0.7598067378911497,0.48638132295719844,0.5160642570281124,0.7395012806902873,0.09727626459143969
context_action+all_internal,258,0.5180722891566265,0.7602861387626894,0.4883720930232558,0.5180722891566265,0.7392308126697181,0.10077519379844961
context_action+all_internal,259,0.5200803212851406,0.7616350590342833,0.49034749034749037,0.5200803212851406,0.738707514444564,0.10038610038610038
context_action+all_internal,260,0.5220883534136547,0.7620416612905172,0.48846153846153845,0.5220883534136547,0.7367659292761695,0.10384615384615385
context_action+all_internal,261,0.5240963855421686,0.7630281993524106,0.4904214559386973,0.5240963855421686,0.7367526433565426,0.10344827586206896
context_action+all_internal,262,0.5261044176706827,0.763531275704867,0.49236641221374045,0.5261044176706827,0.7365838971497605,0.10687022900763359
context_action+all_internal,263,0.5281124497991968,0.7641405023028129,0.49429657794676807,0.5281124497991968,0.7333109408866245,0.10646387832699619
context_action+all_internal,264,0.5301204819277109,0.7669231845556734,0.4962121212121212,0.5301204819277109,0.7307487650539872,0.10606060606060606
context_action+all_internal,265,0.5321285140562249,0.767999069117568,0.4981132075471698,0.5321285140562249,0.727997084674626,0.10566037735849057
context_action+all_internal,266,0.5341365461847389,0.7690107539570863,0.5,0.5341365461847389,0.7255860030896566,0.10902255639097744
context_action+all_internal,267,0.536144578313253,0.7701371519579335,0.49812734082397003,0.536144578313253,0.7255019285335293,0.10861423220973783
context_action+all_internal,268,0.5381526104417671,0.7721967866716625,0.5,0.5381526104417671,0.7239546591624869,0.10820895522388059
context_action+all_internal,269,0.5401606425702812,0.7726143346282976,0.49814126394052044,0.5401606425702812,0.7238474016896361,0.11152416356877323
context_action+all_internal,270,0.5421686746987951,0.7726775130776052,0.5,0.5421686746987951,0.7236646687556928,0.1111111111111111
context_action+all_internal,271,0.5441767068273092,0.774441141892009,0.5018450184501845,0.5441767068273092,0.7212380987273727,0.11070110701107011
context_action+all_internal,272,0.5461847389558233,0.7753314174989515,0.5,0.5461847389558233,0.7203038067551795,0.11029411764705882
context_action+all_internal,273,0.5481927710843374,0.7785366150726492,0.5018315018315018,0.5481927710843374,0.7192907616344414,0.11355311355311355
context_action+all_internal,274,0.5502008032128514,0.7787971677672848,0.5036496350364964,0.5502008032128514,0.7182711442192736,0.11678832116788321
context_action+all_internal,275,0.5522088353413654,0.7798764573698269,0.5054545454545455,0.5522088353413654,0.7180268396740987,0.11636363636363636
context_action+all_internal,276,0.5542168674698795,0.7801459923374574,0.5072463768115942,0.5542168674698795,0.7177656070369235,0.11594202898550725
context_action+all_internal,277,0.5562248995983936,0.7809923950876769,0.5090252707581228,0.5562248995983936,0.7173389273246692,0.11552346570397112
context_action+all_internal,278,0.5582329317269076,0.7844387769965002,0.5107913669064749,0.5582329317269076,0.7150596681141307,0.11510791366906475
context_action+all_internal,279,0.5602409638554217,0.7864196263713353,0.5125448028673835,0.5602409638554217,0.7138826642543236,0.11469534050179211
context_action+all_internal,280,0.5622489959839357,0.7873234197120901,0.5142857142857142,0.5622489959839357,0.7128373439708742,0.11785714285714285
context_action+all_internal,281,0.5642570281124498,0.7913567273297192,0.5124555160142349,0.5642570281124498,0.7102500332698578,0.11743772241992882
context_action+all_internal,282,0.5662650602409639,0.7914834130971677,0.5141843971631206,0.5662650602409639,0.7098566161597454,0.11702127659574468
context_action+all_internal,283,0.5682730923694779,0.7952783447404129,0.5159010600706714,0.5682730923694779,0.7089285882127402,0.12014134275618374
context_action+all_internal,284,0.570281124497992,0.795951242991168,0.5176056338028169,0.570281124497992,0.7068603205792148,0.12323943661971831
context_action+all_internal,285,0.572289156626506,0.7968806915670348,0.519298245614035,0.572289156626506,0.6989981393474305,0.12280701754385964
context_action+all_internal,286,0.5742971887550201,0.798596271738864,0.5209790209790209,0.5742971887550201,0.6978917114661564,0.12237762237762238
context_action+all_internal,287,0.5763052208835341,0.7993126576124755,0.5226480836236934,0.5763052208835341,0.6975679010565138,0.1254355400696864
context_action+all_internal,288,0.5783132530120482,0.8003596122909861,0.5208333333333334,0.5783132530120482,0.6975644077216799,0.125
context_action+all_internal,289,0.5803212851405622,0.8035224949606463,0.5224913494809689,0.5803212851405622,0.6973232710516211,0.12802768166089964
context_action+all_internal,290,0.5823293172690763,0.8066184289200328,0.5241379310344828,0.5823293172690763,0.6950100724188374,0.1310344827586207
context_action+all_internal,291,0.5843373493975904,0.8074416737737985,0.5257731958762887,0.5843373493975904,0.6920069224214743,0.13058419243986255
context_action+all_internal,292,0.5863453815261044,0.8078926204370658,0.523972602739726,0.5863453815261044,0.691536106889352,0.13013698630136986
context_action+all_internal,293,0.5883534136546185,0.8099866375187181,0.5221843003412969,0.5883534136546185,0.6890778995504817,0.1296928327645051
context_action+all_internal,294,0.5903614457831325,0.8135495471463198,0.5204081632653061,0.5903614457831325,0.6886989320722202,0.1292517006802721
context_action+all_internal,295,0.5923694779116466,0.8150332793666096,0.5220338983050847,0.5923694779116466,0.685853875915085,0.13220338983050847
context_action+all_internal,296,0.5943775100401606,0.8152879874048882,0.5236486486486487,0.5943775100401606,0.6852679691034712,0.13513513513513514
context_action+all_internal,297,0.5963855421686747,0.8164157561766263,0.5252525252525253,0.5963855421686747,0.6818266342548849,0.13468013468013468
context_action+all_internal,298,0.5983935742971888,0.8170291560823659,0.5234899328859061,0.5983935742971888,0.6798416223442373,0.1342281879194631
context_action+all_internal,299,0.6004016064257028,0.8181292207713362,0.5250836120401338,0.6004016064257028,0.6787078484487892,0.13377926421404682
context_action+all_internal,300,0.6024096385542169,0.8200021020328815,0.5266666666666666,0.6024096385542169,0.6786488637488027,0.13333333333333333
context_action+all_internal,301,0.6044176706827309,0.8219755291357147,0.5249169435215947,0.6044176706827309,0.6758256242982307,0.132890365448505
context_action+all_internal,302,0.606425702811245,0.8245733820341664,0.5264900662251656,0.606425702811245,0.6725889262636613,0.1357615894039735
context_action+all_internal,303,0.608433734939759,0.8248698358995196,0.528052805280528,0.608433734939759,0.6725330835508144,0.1353135313531353
context_action+all_internal,304,0.6104417670682731,0.8252587619335301,0.5296052631578947,0.6104417670682731,0.6717880863960167,0.13815789473684212
context_action+all_internal,305,0.6124497991967871,0.8265496622070008,0.5311475409836065,0.6124497991967871,0.6713395728802588,0.1377049180327869
context_action+all_internal,306,0.6144578313253012,0.8269459453092127,0.5326797385620915,0.6144578313253012,0.671073938998825,0.13725490196078433
context_action+all_internal,307,0.6164658634538153,0.8284211727189815,0.5342019543973942,0.6164658634538153,0.670288721605808,0.14006514657980457
context_action+all_internal,308,0.6184738955823293,0.8293376934121767,0.5357142857142857,0.6184738955823293,0.6700123615238379,0.14285714285714285
context_action+all_internal,309,0.6204819277108434,0.8300911341821282,0.5339805825242718,0.6204819277108434,0.668675578848918,0.1423948220064725
context_action+all_internal,310,0.6224899598393574,0.8302011712238774,0.535483870967742,0.6224899598393574,0.6683998264151155,0.14193548387096774
context_action+all_internal,311,0.6244979919678715,0.8311983433694856,0.5369774919614148,0.6244979919678715,0.667007343725948,0.1414790996784566
context_action+all_internal,312,0.6265060240963856,0.8312220433060987,0.5384615384615384,0.6265060240963856,0.6636456470684337,0.14423076923076922
context_action+all_internal,313,0.6285140562248996,0.8316644667752854,0.5399361022364217,0.6285140562248996,0.6635555891244369,0.14376996805111822
context_action+all_internal,314,0.6305220883534136,0.8326220832156074,0.5414012738853503,0.6305220883534136,0.6617154545949109,0.14331210191082802
context_action+all_internal,315,0.6325301204819277,0.8334199987045393,0.5428571428571428,0.6325301204819277,0.6609012417219619,0.14285714285714285
context_action+all_internal,316,0.6345381526104418,0.8336275621076922,0.5443037974683544,0.6345381526104418,0.6580317333997862,0.14556962025316456
context_action+all_internal,317,0.6365461847389559,0.8339522868838366,0.5457413249211357,0.6365461847389559,0.6566836956917863,0.14511041009463724
context_action+all_internal,318,0.6385542168674698,0.8343250199092858,0.5471698113207547,0.6385542168674698,0.6554332228922828,0.14779874213836477
context_action+all_internal,319,0.6405622489959839,0.8348509262789383,0.5454545454545454,0.6405622489959839,0.653186409431805,0.14733542319749215
context_action+all_internal,320,0.642570281124498,0.8350427121668466,0.546875,0.642570281124498,0.6510004238485032,0.146875
context_action+all_internal,321,0.6445783132530121,0.8351058168164315,0.5482866043613707,0.6445783132530121,0.6508333257606187,0.14641744548286603
context_action+all_internal,322,0.6465863453815262,0.8366316740870335,0.5496894409937888,0.6465863453815262,0.6467672100945538,0.14596273291925466
context_action+all_internal,323,0.6485943775100401,0.8381836873179042,0.5510835913312694,0.6485943775100401,0.6437833435636101,0.14860681114551083
context_action+all_internal,324,0.6506024096385542,0.8393819853652914,0.5524691358024691,0.6506024096385542,0.6380330292321167,0.15123456790123457
context_action+all_internal,325,0.6526104417670683,0.8418530463482542,0.5538461538461539,0.6526104417670683,0.636738560752921,0.15076923076923077
context_action+all_internal,326,0.6546184738955824,0.8429028848751835,0.5552147239263804,0.6546184738955824,0.6281517509418552,0.15337423312883436
context_action+all_internal,327,0.6566265060240963,0.8431762996257196,0.5565749235474006,0.6566265060240963,0.6281433932131198,0.1559633027522936
context_action+all_internal,328,0.6586345381526104,0.844872812796089,0.5548780487804879,0.6586345381526104,0.6277341982036104,0.15853658536585366
context_action+all_internal,329,0.6606425702811245,0.8479761378989026,0.5562310030395137,0.6606425702811245,0.6273793501410652,0.1580547112462006
context_action+all_internal,330,0.6626506024096386,0.8482860977305824,0.5575757575757576,0.6626506024096386,0.623021825442423,0.15757575757575756
context_action+all_internal,331,0.6646586345381527,0.8495682450821231,0.5589123867069486,0.6646586345381527,0.6227110991881265,0.16012084592145015
context_action+all_internal,332,0.6666666666666666,0.8510814516926858,0.5602409638554217,0.6666666666666666,0.6213248147829116,0.16265060240963855
context_action+all_internal,333,0.6686746987951807,0.8512307427325294,0.5585585585585585,0.6686746987951807,0.6182416281516893,0.16216216216216217
context_action+all_internal,334,0.6706827309236948,0.8517335033878956,0.5598802395209581,0.6706827309236948,0.6181743785549496,0.16167664670658682
context_action+all_internal,335,0.6726907630522089,0.8524216405623453,0.5582089552238806,0.6726907630522089,0.6142275460975318,0.16119402985074627
context_action+all_internal,336,0.6746987951807228,0.8542008946323593,0.5595238095238095,0.6746987951807228,0.6117421605696781,0.1636904761904762
context_action+all_internal,337,0.6767068273092369,0.8576152010068376,0.5608308605341247,0.6767068273092369,0.6108470877315703,0.1661721068249258
context_action+all_internal,338,0.678714859437751,0.8589977223156634,0.5621301775147929,0.678714859437751,0.6081104767833049,0.16863905325443787
context_action+all_internal,339,0.6807228915662651,0.8609312731131196,0.5634218289085545,0.6807228915662651,0.5983956807136853,0.168141592920354
context_action+all_internal,340,0.6827309236947792,0.8620181375838212,0.5647058823529412,0.6827309236947792,0.598250517840587,0.1676470588235294
context_action+all_internal,341,0.6847389558232931,0.8631552877827521,0.5659824046920822,0.6847389558232931,0.5957348709348266,0.16715542521994134
context_action+all_internal,342,0.6867469879518072,0.8635468571896474,0.5672514619883041,0.6867469879518072,0.5920434693526098,0.16666666666666666
context_action+all_internal,343,0.6887550200803213,0.8640432828051035,0.5685131195335277,0.6887550200803213,0.5913350871684546,0.16909620991253643
context_action+all_internal,344,0.6907630522088354,0.8643085801892469,0.5668604651162791,0.6907630522088354,0.5895645573820402,0.17151162790697674
context_action+all_internal,345,0.6927710843373494,0.8646374739025335,0.5681159420289855,0.6927710843373494,0.5887544465684168,0.17101449275362318
context_action+all_internal,346,0.6947791164658634,0.8649209993833467,0.569364161849711,0.6947791164658634,0.585512097323729,0.17052023121387283
context_action+all_internal,347,0.6967871485943775,0.8649341705254958,0.5706051873198847,0.6967871485943775,0.5844785656406514,0.17002881844380405
context_action+all_internal,348,0.6987951807228916,0.8649543599268086,0.5718390804597702,0.6987951807228916,0.583858472043405,0.16954022988505746
context_action+all_internal,349,0.7008032128514057,0.865772816787972,0.5730659025787965,0.7008032128514057,0.5777024917531025,0.16905444126074498
context_action+all_internal,350,0.7028112449799196,0.8673955561108686,0.5714285714285714,0.7028112449799196,0.5767623921746468,0.16857142857142857
context_action+all_internal,351,0.7048192771084337,0.8696204329263709,0.5726495726495726,0.7048192771084337,0.5718542082345774,0.16809116809116809
context_action+all_internal,352,0.7068273092369478,0.8714771970250467,0.5738636363636364,0.7068273092369478,0.5714585319240151,0.16761363636363635
context_action+all_internal,353,0.7088353413654619,0.8717675445929188,0.5722379603399433,0.7088353413654619,0.5630550734349907,0.16997167138810199
context_action+all_internal,354,0.7108433734939759,0.8728694523321644,0.5734463276836158,0.7108433734939759,0.5602148854055411,0.1694915254237288
context_action+all_internal,355,0.7128514056224899,0.874636916683959,0.5746478873239437,0.7128514056224899,0.557630086703945,0.16901408450704225
context_action+all_internal,356,0.714859437751004,0.8755061588743465,0.5758426966292135,0.714859437751004,0.5518753272810559,0.17134831460674158
context_action+all_internal,357,0.7168674698795181,0.8774805305494875,0.5770308123249299,0.7168674698795181,0.5476854118129719,0.17366946778711484
context_action+all_internal,358,0.7188755020080321,0.87832555901938,0.5782122905027933,0.7188755020080321,0.5458151401709502,0.17597765363128492
context_action+all_internal,359,0.7208835341365462,0.8790554519533138,0.5793871866295265,0.7208835341365462,0.5424196520888277,0.17827298050139276
context_action+all_internal,360,0.7228915662650602,0.8794514272599606,0.5805555555555556,0.7228915662650602,0.5422241168120594,0.17777777777777778
context_action+all_internal,361,0.7248995983935743,0.8801746480524569,0.5817174515235457,0.7248995983935743,0.541271053447319,0.1772853185595568
context_action+all_internal,362,0.7269076305220884,0.8850318680328604,0.5828729281767956,0.7269076305220884,0.5382781704003052,0.17955801104972377
context_action+all_internal,363,0.7289156626506024,0.8874224917821835,0.5840220385674931,0.7289156626506024,0.5334900086612359,0.1790633608815427
context_action+all_internal,364,0.7309236947791165,0.8880337620094604,0.5851648351648352,0.7309236947791165,0.529676254481351,0.1813186813186813
context_action+all_internal,365,0.7329317269076305,0.8891903586745039,0.5835616438356165,0.7329317269076305,0.52899164241876,0.18082191780821918
context_action+all_internal,366,0.7349397590361446,0.8896556553546414,0.5846994535519126,0.7349397590361446,0.5273312774784626,0.18032786885245902
context_action+all_internal,367,0.7369477911646586,0.8920769290890468,0.5858310626702997,0.7369477911646586,0.5272346845646618,0.17983651226158037
context_action+all_internal,368,0.7389558232931727,0.8923167003830568,0.5869565217391305,0.7389558232931727,0.5257252300014096,0.1793478260869565
context_action+all_internal,369,0.7409638554216867,0.8927585358368151,0.5880758807588076,0.7409638554216867,0.5246180987446745,0.17886178861788618
context_action+all_internal,370,0.7429718875502008,0.8934677426751527,0.5864864864864865,0.7429718875502008,0.5237541509102278,0.1783783783783784
context_action+all_internal,371,0.7449799196787149,0.8943454868995206,0.5876010781671159,0.7449799196787149,0.516645340601936,0.1778975741239892
context_action+all_internal,372,0.7469879518072289,0.89440156931354,0.5887096774193549,0.7469879518072289,0.515372642095312,0.1774193548387097
context_action+all_internal,373,0.748995983935743,0.8960021374578236,0.5898123324396782,0.748995983935743,0.514972570519944,0.1769436997319035
context_action+all_internal,374,0.751004016064257,0.8968170446324524,0.5909090909090909,0.751004016064257,0.5102942097493496,0.17647058823529413
context_action+all_internal,375,0.7530120481927711,0.8972571009105836,0.592,0.7530120481927711,0.509179219115654,0.17866666666666667
context_action+all_internal,376,0.7550200803212851,0.8986841367417686,0.5930851063829787,0.7550200803212851,0.5085270266750812,0.18085106382978725
context_action+all_internal,377,0.7570281124497992,0.8992493831662446,0.5941644562334217,0.7570281124497992,0.5073229828146477,0.18037135278514588
context_action+all_internal,378,0.7590361445783133,0.9010614099814754,0.5952380952380952,0.7590361445783133,0.5011731084251662,0.17989417989417988
context_action+all_internal,379,0.7610441767068273,0.9018857844363076,0.5963060686015831,0.7610441767068273,0.4999560271002631,0.1820580474934037
context_action+all_internal,380,0.7630522088353414,0.905260059065574,0.5973684210526315,0.7630522088353414,0.4999129848106053,0.18421052631578946
context_action+all_internal,381,0.7650602409638554,0.9056104518262712,0.5984251968503937,0.7650602409638554,0.4954567687693004,0.1837270341207349
context_action+all_internal,382,0.7670682730923695,0.9060413068786812,0.599476439790576,0.7670682730923695,0.4954413340026781,0.18324607329842932
context_action+all_internal,383,0.7690763052208835,0.9063464137963728,0.6005221932114883,0.7690763052208835,0.4953195180403936,0.18276762402088773
context_action+all_internal,384,0.7710843373493976,0.9079581610042328,0.6015625,0.7710843373493976,0.4915070857360781,0.18229166666666666
context_action+all_internal,385,0.7730923694779116,0.9081781506437716,0.6025974025974026,0.7730923694779116,0.4843761152015831,0.18181818181818182
context_action+all_internal,386,0.7751004016064257,0.9086471616720824,0.6036269430051814,0.7751004016064257,0.4816296609390181,0.18393782383419688
context_action+all_internal,387,0.7771084337349398,0.9098932584682636,0.6046511627906976,0.7771084337349398,0.4810656958982743,0.18604651162790697
context_action+all_internal,388,0.7791164658634538,0.9121679240182412,0.6056701030927835,0.7791164658634538,0.4753782008944342,0.18814432989690721
context_action+all_internal,389,0.7811244979919679,0.9122578480534512,0.6066838046272494,0.7811244979919679,0.4700252166860018,0.18766066838046272
context_action+all_internal,390,0.7831325301204819,0.9144765850183366,0.6076923076923076,0.7831325301204819,0.4699800529734316,0.18717948717948718
context_action+all_internal,391,0.785140562248996,0.9146339373278358,0.6086956521739131,0.785140562248996,0.4688686768277938,0.18925831202046037
context_action+all_internal,392,0.7871485943775101,0.9148073926829272,0.6096938775510204,0.7871485943775101,0.4676510345207499,0.18877551020408162
context_action+all_internal,393,0.7891566265060241,0.9149293852585216,0.6106870229007634,0.7891566265060241,0.4676480200646901,0.19083969465648856
context_action+all_internal,394,0.7911646586345381,0.9163595475437728,0.6116751269035533,0.7911646586345381,0.4642103889748816,0.19289340101522842
context_action+all_internal,395,0.7931726907630522,0.9176013759438332,0.6126582278481013,0.7931726907630522,0.4632574031692785,0.19240506329113924
context_action+all_internal,396,0.7951807228915663,0.9180882209896474,0.6136363636363636,0.7951807228915663,0.4604812051696377,0.1919191919191919
context_action+all_internal,397,0.7971887550200804,0.9189713915315122,0.6146095717884131,0.7971887550200804,0.4568447294771092,0.19395465994962216
context_action+all_internal,398,0.7991967871485943,0.9233896451691982,0.6155778894472361,0.7991967871485943,0.4561180916899251,0.19597989949748743
context_action+all_internal,399,0.8012048192771084,0.9236434520951932,0.6165413533834586,0.8012048192771084,0.4553824806846654,0.19799498746867167
context_action+all_internal,400,0.8032128514056225,0.9249351475564014,0.6175,0.8032128514056225,0.4552629712360672,0.2
context_action+all_internal,401,0.8052208835341366,0.929997325582008,0.6184538653366584,0.8052208835341366,0.448214018789298,0.20199501246882792
context_action+all_internal,402,0.8072289156626506,0.9313633289318064,0.6194029850746269,0.8072289156626506,0.4453996612770584,0.20398009950248755
context_action+all_internal,403,0.8092369477911646,0.9322441785803032,0.6203473945409429,0.8092369477911646,0.4445258197018981,0.20347394540942929
context_action+all_internal,404,0.8112449799196787,0.9328140608076516,0.6212871287128713,0.8112449799196787,0.4435473354890845,0.20297029702970298
context_action+all_internal,405,0.8132530120481928,0.933694299304324,0.6222222222222222,0.8132530120481928,0.4423960959195077,0.20493827160493827
context_action+all_internal,406,0.8152610441767069,0.9344444652039384,0.6231527093596059,0.8152610441767069,0.4416822051415435,0.20689655172413793
context_action+all_internal,407,0.8172690763052208,0.9351565191014805,0.6240786240786241,0.8172690763052208,0.4401479432287842,0.20638820638820637
context_action+all_internal,408,0.8192771084337349,0.9356197097895136,0.6225490196078431,0.8192771084337349,0.4306784562084978,0.20588235294117646
context_action+all_internal,409,0.821285140562249,0.9406686117578932,0.6234718826405868,0.821285140562249,0.4291620111132493,0.2078239608801956
context_action+all_internal,410,0.8232931726907631,0.94346639704907,0.624390243902439,0.8232931726907631,0.4287402201865309,0.2097560975609756
context_action+all_internal,411,0.8253012048192772,0.943920473870188,0.6253041362530414,0.8253012048192772,0.424337737476514,0.2116788321167883
context_action+all_internal,412,0.8273092369477911,0.945271372933802,0.6262135922330098,0.8273092369477911,0.422792458445777,0.2111650485436893
context_action+all_internal,413,0.8293172690763052,0.947568140848916,0.6271186440677966,0.8293172690763052,0.4124956067166541,0.2106537530266344
context_action+all_internal,414,0.8313253012048193,0.9478888864886466,0.6280193236714976,0.8313253012048193,0.4110053164612504,0.21256038647342995
context_action+all_internal,415,0.8333333333333334,0.9479981277591016,0.6289156626506024,0.8333333333333334,0.409087516682859,0.21204819277108433
context_action+all_internal,416,0.8353413654618473,0.9489331424540712,0.6298076923076923,0.8353413654618473,0.4067688795506136,0.21153846153846154
context_action+all_internal,417,0.8373493975903614,0.950084868378188,0.6306954436450839,0.8373493975903614,0.4054001195802881,0.21103117505995203
context_action+all_internal,418,0.8393574297188755,0.9521706781068964,0.631578947368421,0.8393574297188755,0.3974273041516717,0.21291866028708134
context_action+all_internal,419,0.8413654618473896,0.9525659171659868,0.6324582338902148,0.8413654618473896,0.380613468261909,0.21241050119331742
context_action+all_internal,420,0.8433734939759037,0.9528744151906924,0.6333333333333333,0.8433734939759037,0.3707307119224302,0.21428571428571427
context_action+all_internal,421,0.8453815261044176,0.9531403760178108,0.6342042755344418,0.8453815261044176,0.355356804068498,0.21377672209026127
context_action+all_internal,422,0.8473895582329317,0.9534234357603664,0.6350710900473934,0.8473895582329317,0.3513194672472149,0.2132701421800948
context_action+all_internal,423,0.8493975903614458,0.9540312851355046,0.6359338061465721,0.8493975903614458,0.3478677837428246,0.21513002364066194
context_action+all_internal,424,0.8514056224899599,0.9541201115962824,0.6367924528301887,0.8514056224899599,0.3478341088248637,0.21462264150943397
context_action+all_internal,425,0.8534136546184738,0.9542615601244456,0.6376470588235295,0.8534136546184738,0.3468149320898077,0.2164705882352941
context_action+all_internal,426,0.8554216867469879,0.9551231502546128,0.6384976525821596,0.8554216867469879,0.3463275889907918,0.21830985915492956
context_action+all_internal,427,0.857429718875502,0.9565215217955048,0.639344262295082,0.857429718875502,0.3442929908147866,0.22014051522248243
context_action+all_internal,428,0.8594377510040161,0.9591822846274184,0.6401869158878505,0.8594377510040161,0.3418892177614622,0.21962616822429906
context_action+all_internal,429,0.8614457831325302,0.959183628524098,0.6410256410256411,0.8614457831325302,0.3400906164664273,0.22144522144522144
context_action+all_internal,430,0.8634538152610441,0.9607587029521996,0.641860465116279,0.8634538152610441,0.338867105053462,0.22325581395348837
context_action+all_internal,431,0.8654618473895582,0.9614296304888982,0.642691415313225,0.8654618473895582,0.3317774315492162,0.22505800464037123
context_action+all_internal,432,0.8674698795180723,0.9625189335257368,0.6435185185185185,0.8674698795180723,0.3193809873228448,0.22685185185185186
context_action+all_internal,433,0.8694779116465864,0.9632552007649706,0.6443418013856813,0.8694779116465864,0.3096384297213779,0.22863741339491916
context_action+all_internal,434,0.8714859437751004,0.9638756486018296,0.6451612903225806,0.8714859437751004,0.2776117033867459,0.2304147465437788
context_action+all_internal,435,0.8734939759036144,0.969327526465962,0.6459770114942529,0.8734939759036144,0.2764910176806579,0.22988505747126436
context_action+all_internal,436,0.8755020080321285,0.969511177377724,0.6467889908256881,0.8755020080321285,0.2720091268788602,0.22935779816513763
context_action+all_internal,437,0.8775100401606426,0.9713125645833892,0.6453089244851259,0.8775100401606426,0.2719084255798096,0.2311212814645309
context_action+all_internal,438,0.8795180722891566,0.972629216726672,0.6461187214611872,0.8795180722891566,0.2708533235168469,0.2328767123287671
context_action+all_internal,439,0.8815261044176707,0.9731893507126732,0.6469248291571754,0.8815261044176707,0.2679465522701704,0.23462414578587698
context_action+all_internal,440,0.8835341365461847,0.9733030689550656,0.6477272727272727,0.8835341365461847,0.2662204642436353,0.2340909090909091
context_action+all_internal,441,0.8855421686746988,0.973449925797312,0.6485260770975056,0.8855421686746988,0.2575284392860769,0.23582766439909297
context_action+all_internal,442,0.8875502008032129,0.9742656578012784,0.6493212669683258,0.8875502008032129,0.2499454633747152,0.23755656108597284
context_action+all_internal,443,0.8895582329317269,0.9757047579990532,0.6501128668171557,0.8895582329317269,0.235311938458088,0.23927765237020315
context_action+all_internal,444,0.891566265060241,0.976369640520476,0.6509009009009009,0.891566265060241,0.2262722122167439,0.240990990990991
context_action+all_internal,445,0.893574297188755,0.9775943520438702,0.651685393258427,0.893574297188755,0.213631065414898,0.24044943820224718
context_action+all_internal,446,0.8955823293172691,0.9789389444010992,0.6524663677130045,0.8955823293172691,0.2121587186966385,0.242152466367713
context_action+all_internal,447,0.8975903614457831,0.9810184628931125,0.6532438478747203,0.8975903614457831,0.2112227199283285,0.24161073825503357
context_action+all_internal,448,0.8995983935742972,0.9815142276280135,0.6540178571428571,0.8995983935742972,0.2089338187187731,0.24330357142857142
context_action+all_internal,449,0.9016064257028112,0.981838258514675,0.6547884187082406,0.9016064257028112,0.2048090535077907,0.24498886414253898
context_action+all_internal,450,0.9036144578313253,0.984665352677378,0.6555555555555556,0.9036144578313253,0.1980234034324069,0.24666666666666667
context_action+all_internal,451,0.9056224899598394,0.9846828089689836,0.656319290465632,0.9056224899598394,0.1798036112020003,0.24833702882483372
context_action+all_internal,452,0.9076305220883534,0.9854621148993216,0.6570796460176991,0.9076305220883534,0.1797210070978777,0.25
context_action+all_internal,453,0.9096385542168675,0.9879815324703176,0.6578366445916115,0.9096385542168675,0.1646149481289355,0.24944812362030905
context_action+all_internal,454,0.9116465863453815,0.9896127216212424,0.6585903083700441,0.9116465863453815,0.1507867053957417,0.2511013215859031
context_action+all_internal,455,0.9136546184738956,0.9905862483781332,0.6593406593406593,0.9136546184738956,0.1490161710677781,0.25274725274725274
context_action+all_internal,456,0.9156626506024096,0.9910003515814672,0.6600877192982456,0.9156626506024096,0.1466864692908142,0.2543859649122807
context_action+all_internal,457,0.9176706827309237,0.9913432032912936,0.6608315098468271,0.9176706827309237,0.1397451041447436,0.25601750547045954
context_action+all_internal,458,0.9196787148594378,0.9915493451928608,0.6615720524017468,0.9196787148594378,0.1232802442495999,0.2576419213973799
context_action+all_internal,459,0.9216867469879518,0.9918006349541532,0.6623093681917211,0.9216867469879518,0.1189618354412128,0.2570806100217865
context_action+all_internal,460,0.9236947791164659,0.9919893108526768,0.6630434782608695,0.9236947791164659,0.1073805009389827,0.25869565217391305
context_action+all_internal,461,0.9257028112449799,0.9926457207820686,0.6637744034707158,0.9257028112449799,0.1031573220883057,0.2603036876355748
context_action+all_internal,462,0.927710843373494,0.9928057155053708,0.6645021645021645,0.927710843373494,0.1027674381807915,0.2619047619047619
context_action+all_internal,463,0.929718875502008,0.9930315205241036,0.6652267818574514,0.929718875502008,0.1024499881851178,0.2613390928725702
context_action+all_internal,464,0.9317269076305221,0.9936445705004314,0.665948275862069,0.9317269076305221,0.0996515414153396,0.2629310344827586
context_action+all_internal,465,0.9337349397590361,0.9949693522427758,0.6666666666666666,0.9337349397590361,0.0975084180246616,0.2623655913978495
context_action+all_internal,466,0.9357429718875502,0.9958882064984436,0.6673819742489271,0.9357429718875502,0.0965803260580786,0.26394849785407726
context_action+all_internal,467,0.9377510040160643,0.9962649077316502,0.6680942184154176,0.9377510040160643,0.0941514656727368,0.26552462526766596
context_action+all_internal,468,0.9397590361445783,0.9967742711899544,0.6688034188034188,0.9397590361445783,0.0937528542268211,0.2670940170940171
context_action+all_internal,469,0.9417670682730924,0.9967945386099596,0.6695095948827292,0.9417670682730924,0.0910895665901461,0.26865671641791045
context_action+all_internal,470,0.9437751004016064,0.9973252639478528,0.6702127659574468,0.9437751004016064,0.0907879531798756,0.2702127659574468
context_action+all_internal,471,0.9457831325301205,0.997468042419474,0.6709129511677282,0.9457831325301205,0.0785140067770149,0.27176220806794055
context_action+all_internal,472,0.9477911646586346,0.9974864757734014,0.6716101694915254,0.9477911646586346,0.0784202637427488,0.2733050847457627
context_action+all_internal,473,0.9497991967871486,0.997545328703072,0.6723044397463002,0.9497991967871486,0.0626777056102772,0.2748414376321353
context_action+all_internal,474,0.9518072289156626,0.9978184764187092,0.6729957805907173,0.9518072289156626,0.0617441555362798,0.27637130801687765
context_action+all_internal,475,0.9538152610441767,0.9980916306287316,0.6736842105263158,0.9538152610441767,0.0610791894686248,0.27789473684210525
context_action+all_internal,476,0.9558232931726908,0.9981835385583804,0.6743697478991597,0.9558232931726908,0.0609424890533263,0.27941176470588236
context_action+all_internal,477,0.9578313253012049,0.998383642186149,0.6750524109014675,0.9578313253012049,0.059543611748909,0.2809224318658281
context_action+all_internal,478,0.9598393574297188,0.9984295984726476,0.6757322175732218,0.9598393574297188,0.0588800400439183,0.2824267782426778
context_action+all_internal,479,0.9618473895582329,0.9986126745540532,0.6764091858037579,0.9618473895582329,0.0579483234740645,0.2839248434237996
context_action+all_internal,480,0.963855421686747,0.9988601024671936,0.6770833333333334,0.963855421686747,0.0578070721121328,0.28541666666666665
context_action+all_internal,481,0.9658634538152611,0.9988897162952703,0.6777546777546778,0.9658634538152611,0.0554982176746534,0.2869022869022869
context_action+all_internal,482,0.9678714859437751,0.99889437290973,0.6784232365145229,0.9678714859437751,0.054026780044925,0.2883817427385892
context_action+all_internal,483,0.9698795180722891,0.9990611098762862,0.6790890269151139,0.9698795180722891,0.0531121182950563,0.2898550724637681
context_action+all_internal,484,0.9718875502008032,0.9991687185818658,0.6797520661157025,0.9718875502008032,0.048252387521874,0.29132231404958675
context_action+all_internal,485,0.9738955823293173,0.9992668404463728,0.6804123711340206,0.9738955823293173,0.0454727859302347,0.2927835051546392
context_action+all_internal,486,0.9759036144578314,0.9993099327139002,0.6810699588477366,0.9759036144578314,0.0413635588505353,0.294238683127572
context_action+all_internal,487,0.9779116465863453,0.9993346921186944,0.6817248459958932,0.9779116465863453,0.0376566864060292,0.29568788501026694
context_action+all_internal,488,0.9799196787148594,0.999400024442566,0.6823770491803278,0.9799196787148594,0.036433269408055,0.29713114754098363
context_action+all_internal,489,0.9819277108433735,0.9995601562681397,0.6830265848670757,0.9819277108433735,0.0319975430968252,0.2985685071574642
context_action+all_internal,490,0.9839357429718876,0.9996009091192114,0.6836734693877551,0.9839357429718876,0.0319772445754123,0.3
context_action+all_internal,491,0.9859437751004017,0.9996152961796904,0.6843177189409368,0.9859437751004017,0.0314278564245028,0.3014256619144603
context_action+all_internal,492,0.9879518072289156,0.99966928194003,0.6849593495934959,0.9879518072289156,0.0313826110481595,0.30284552845528456
context_action+all_internal,493,0.9899598393574297,0.9997911959665512,0.6855983772819473,0.9899598393574297,0.0289579218748765,0.30425963488843816
context_action+all_internal,494,0.9919678714859438,0.9998647848809612,0.6862348178137652,0.9919678714859438,0.0276896832320328,0.305668016194332
context_action+all_internal,495,0.9939759036144579,0.9999342717434064,0.6868686868686869,0.9939759036144579,0.0240164207750124,0.30707070707070705
context_action+all_internal,496,0.9959839357429718,0.9999342717434064,0.6875,0.9959839357429718,0.0170312845595496,0.3084677419354839
context_action+all_internal,497,0.9979919678714859,0.9999342717434064,0.6881287726358148,0.9979919678714859,0.0157810042482344,0.30985915492957744
context_action+all_internal,498,1.0,0.9999342717434064,0.6887550200803213,1.0,0.0102361975643624,0.3112449799196787
grounding,1,0.002008032128514056,0.0001098853519889,0.0,0.002008032128514056,0.9785108856602114,0.0
grounding,2,0.004016064257028112,0.0003476849171072,0.0,0.004016064257028112,0.971335284475937,0.0
grounding,3,0.006024096385542169,0.0009291052353143,0.0,0.006024096385542169,0.9664203345595462,0.0
grounding,4,0.008032128514056224,0.0011563735809985,0.0,0.008032128514056224,0.9659653793284892,0.0
grounding,5,0.010040160642570281,0.0014025060903958,0.0,0.010040160642570281,0.9625757785509108,0.0
grounding,6,0.012048192771084338,0.0025283114420399,0.0,0.012048192771084338,0.9604904766188836,0.0
grounding,7,0.014056224899598393,0.0029915943948848,0.0,0.014056224899598393,0.9574870884910408,0.0
grounding,8,0.01606425702811245,0.0030322232354339,0.0,0.01606425702811245,0.9561669962991388,0.0
grounding,9,0.018072289156626505,0.0033523005526078,0.0,0.018072289156626505,0.955803076496998,0.0
grounding,10,0.020080321285140562,0.0051692855342078,0.0,0.020080321285140562,0.9544703865394406,0.0
grounding,11,0.02208835341365462,0.0058546319817617,0.0,0.02208835341365462,0.9530289990547436,0.0
grounding,12,0.024096385542168676,0.005869494988171,0.0,0.024096385542168676,0.9521316062133636,0.0
grounding,13,0.02610441767068273,0.0080310765415684,0.0,0.02610441767068273,0.9498450444724416,0.0
grounding,14,0.028112449799196786,0.0112152090820974,0.0,0.028112449799196786,0.9495939301983448,0.0
grounding,15,0.030120481927710843,0.0120957659549119,0.0,0.030120481927710843,0.949087372905377,0.0
grounding,16,0.0321285140562249,0.0121942006771092,0.0,0.0321285140562249,0.9478368153275964,0.0
grounding,17,0.03413654618473896,0.0133862999943485,0.0,0.03413654618473896,0.9476781677667548,0.0
grounding,18,0.03614457831325301,0.0138393284090221,0.0,0.03614457831325301,0.9467269590694504,0.0
grounding,19,0.03815261044176707,0.0166372996100035,0.0,0.03815261044176707,0.9456766955042768,0.0
grounding,20,0.040160642570281124,0.0176126962297664,0.0,0.040160642570281124,0.9456328538486076,0.0
grounding,21,0.04216867469879518,0.0187122537154691,0.0,0.04216867469879518,0.9438694479622474,0.0
grounding,22,0.04417670682730924,0.0212285778108406,0.0,0.04417670682730924,0.943855335623796,0.0
grounding,23,0.04618473895582329,0.0246251590186769,0.0,0.04618473895582329,0.9429024270913258,0.0
grounding,24,0.04819277108433735,0.0252629330916073,0.0,0.04819277108433735,0.94165032946615,0.0
grounding,25,0.050200803212851405,0.0313711328347536,0.0,0.050200803212851405,0.940926687063095,0.0
grounding,26,0.05220883534136546,0.0325676146222343,0.038461538461538464,0.05220883534136546,0.9406808196369324,0.0
grounding,27,0.05421686746987952,0.0351768437130721,0.07407407407407407,0.05421686746987952,0.9402380808586528,0.0
grounding,28,0.05622489959839357,0.0355692040178433,0.07142857142857142,0.05622489959839357,0.9383506091360552,0.0
grounding,29,0.05823293172690763,0.0385568197580651,0.06896551724137931,0.05823293172690763,0.9375948392310564,0.0
grounding,30,0.060240963855421686,0.0393491922037744,0.06666666666666667,0.060240963855421686,0.9373330730905124,0.0
grounding,31,0.06224899598393574,0.0441227962689237,0.06451612903225806,0.06224899598393574,0.9372932342216952,0.0
grounding,32,0.0642570281124498,0.0452475015544025,0.0625,0.0642570281124498,0.9367791471274044,0.0
grounding,33,0.06626506024096386,0.0454610078846742,0.06060606060606061,0.06626506024096386,0.9365282335047872,0.0
grounding,34,0.06827309236947791,0.0485939318808102,0.058823529411764705,0.06827309236947791,0.9363991252470764,0.0
grounding,35,0.07028112449799197,0.054719531768388,0.05714285714285714,0.07028112449799197,0.9363519621268876,0.0
grounding,36,0.07228915662650602,0.0566351505938833,0.05555555555555555,0.07228915662650602,0.9358573914804644,0.0
grounding,37,0.07429718875502007,0.0634009792532134,0.05405405405405406,0.07429718875502007,0.9355281131463168,0.0
grounding,38,0.07630522088353414,0.0669921116808007,0.05263157894736842,0.07630522088353414,0.9348801426498234,0.0
grounding,39,0.0783132530120482,0.0738384198740226,0.07692307692307693,0.0783132530120482,0.934848328927202,0.0
grounding,40,0.08032128514056225,0.0768604219001591,0.1,0.08032128514056225,0.9344437632927828,0.0
grounding,41,0.0823293172690763,0.0802397674513775,0.0975609756097561,0.0823293172690763,0.934158803734554,0.0
grounding,42,0.08433734939759036,0.0845934121254689,0.09523809523809523,0.08433734939759036,0.9339007823429972,0.0
grounding,43,0.08634538152610442,0.0978647655223272,0.09302325581395349,0.08634538152610442,0.9332955402893222,0.0
grounding,44,0.08835341365461848,0.104779421462711,0.09090909090909091,0.08835341365461848,0.9327349644293608,0.0
grounding,45,0.09036144578313253,0.1105846087295213,0.08888888888888889,0.09036144578313253,0.9323212104700264,0.0
grounding,46,0.09236947791164658,0.1142679778929523,0.08695652173913043,0.09236947791164658,0.9316463462313056,0.0
grounding,47,0.09437751004016064,0.1376111695733759,0.0851063829787234,0.09437751004016064,0.9316221327039654,0.0
grounding,48,0.0963855421686747,0.1379332376557023,0.08333333333333333,0.0963855421686747,0.93135911616487,0.0
grounding,49,0.09839357429718876,0.1409406225423703,0.10204081632653061,0.09839357429718876,0.9312487198607334,0.0
grounding,50,0.10040160642570281,0.1422445246134026,0.1,0.10040160642570281,0.9307382353705048,0.0
grounding,51,0.10240963855421686,0.1441049451274126,0.09803921568627451,0.10240963855421686,0.9302972655427058,0.0
grounding,52,0.10441767068273092,0.145948931045694,0.09615384615384616,0.10441767068273092,0.93014849084365,0.0
grounding,53,0.10642570281124498,0.146109979816152,0.09433962264150944,0.10642570281124498,0.9300095833172252,0.0
grounding,54,0.10843373493975904,0.146876813337186,0.09259259259259259,0.10843373493975904,0.929440396618584,0.0
grounding,55,0.11044176706827309,0.1478211895700824,0.09090909090909091,0.11044176706827309,0.9289371969972388,0.0
grounding,56,0.11244979919678715,0.1532841370424437,0.08928571428571429,0.11244979919678715,0.9267897769296662,0.0
grounding,57,0.1144578313253012,0.1584635393185907,0.08771929824561403,0.1144578313253012,0.9260395923310653,0.0
grounding,58,0.11646586345381527,0.1587978399428261,0.08620689655172414,0.11646586345381527,0.9251961116314802,0.0
grounding,59,0.11847389558232932,0.1668903848375082,0.0847457627118644,0.11847389558232932,0.9241924208563032,0.0
grounding,60,0.12048192771084337,0.1766514019420106,0.08333333333333333,0.12048192771084337,0.9239518715242372,0.0
grounding,61,0.12248995983935743,0.1799964735187476,0.08196721311475409,0.12248995983935743,0.9239114979319132,0.01639344262295082
grounding,62,0.12449799196787148,0.1868477833464413,0.08064516129032258,0.12449799196787148,0.9238893583377512,0.016129032258064516
grounding,63,0.12650602409638553,0.1891057437277936,0.07936507936507936,0.12650602409638553,0.9234330166027114,0.015873015873015872
grounding,64,0.1285140562248996,0.1893719637545969,0.078125,0.1285140562248996,0.9233729425743784,0.015625
grounding,65,0.13052208835341367,0.1921764286846488,0.07692307692307693,0.13052208835341367,0.9233260649355268,0.015384615384615385
grounding,66,0.13253012048192772,0.1956943954354754,0.07575757575757576,0.13253012048192772,0.922931016544157,0.015151515151515152
grounding,67,0.13453815261044177,0.2006256709461022,0.08955223880597014,0.13453815261044177,0.9228597835468556,0.014925373134328358
grounding,68,0.13654618473895583,0.2237046567997057,0.08823529411764706,0.13654618473895583,0.922460434238988,0.014705882352941176
grounding,69,0.13855421686746988,0.2264354437311838,0.10144927536231885,0.13855421686746988,0.9223280861618096,0.014492753623188406
grounding,70,0.14056224899598393,0.2266937338857907,0.11428571428571428,0.14056224899598393,0.9222579793129586,0.02857142857142857
grounding,71,0.142570281124498,0.2284068047022621,0.11267605633802817,0.142570281124498,0.9220189242346084,0.028169014084507043
grounding,72,0.14457831325301204,0.2307646588077823,0.1111111111111111,0.14457831325301204,0.9218756757872092,0.027777777777777776
grounding,73,0.1465863453815261,0.2455221028297466,0.1095890410958904,0.1465863453815261,0.9214360841757572,0.0273972602739726
grounding,74,0.14859437751004015,0.26168001279079,0.10810810810810811,0.14859437751004015,0.9213237203509752,0.02702702702702703
grounding,75,0.15060240963855423,0.2629736614377504,0.10666666666666667,0.15060240963855423,0.9211267161789876,0.02666666666666667
grounding,76,0.15261044176706828,0.2675520274729296,0.11842105263157894,0.15261044176706828,0.920974746928822,0.02631578947368421
grounding,77,0.15461847389558234,0.2781664030154765,0.11688311688311688,0.15461847389558234,0.9199728853512013,0.025974025974025976
grounding,78,0.1566265060240964,0.2854357401713711,0.11538461538461539,0.1566265060240964,0.9198718619504336,0.02564102564102564
grounding,79,0.15863453815261044,0.2875241067332553,0.12658227848101267,0.15863453815261044,0.9193276925347228,0.02531645569620253
grounding,80,0.1606425702811245,0.2927010336134638,0.125,0.1606425702811245,0.9186849435018416,0.025
grounding,81,0.16265060240963855,0.2979561034907633,0.12345679012345678,0.16265060240963855,0.9180432578861272,0.024691358024691357
grounding,82,0.1646586345381526,0.305378178268029,0.12195121951219512,0.1646586345381526,0.917765466938872,0.024390243902439025
grounding,83,0.16666666666666666,0.3066393512233389,0.12048192771084337,0.16666666666666666,0.9177397354987392,0.024096385542168676
grounding,84,0.1686746987951807,0.3152505328500101,0.11904761904761904,0.1686746987951807,0.9177153524025972,0.023809523809523808
grounding,85,0.1706827309236948,0.31725562368792,0.11764705882352941,0.1706827309236948,0.9165647037339064,0.023529411764705882
grounding,86,0.17269076305220885,0.3227812341966589,0.11627906976744186,0.17269076305220885,0.915681913960066,0.023255813953488372
grounding,87,0.1746987951807229,0.3269989466381767,0.11494252873563218,0.1746987951807229,0.9154241254802108,0.034482758620689655
grounding,88,0.17670682730923695,0.3282210794457378,0.125,0.17670682730923695,0.915291909579846,0.03409090909090909
grounding,89,0.178714859437751,0.3315058485137899,0.1348314606741573,0.178714859437751,0.914808876739998,0.033707865168539325
grounding,90,0.18072289156626506,0.3338984155464631,0.14444444444444443,0.18072289156626506,0.9141976088150532,0.03333333333333333
grounding,91,0.1827309236947791,0.3663240685576298,0.14285714285714285,0.1827309236947791,0.9138606939451424,0.03296703296703297
grounding,92,0.18473895582329317,0.369804039061112,0.14130434782608695,0.18473895582329317,0.9137517235256234,0.03260869565217391
grounding,93,0.18674698795180722,0.3750161703001815,0.13978494623655913,0.18674698795180722,0.9130855951865416,0.03225806451612903
grounding,94,0.18875502008032127,0.3770034689480606,0.14893617021276595,0.18875502008032127,0.9116671629389544,0.031914893617021274
grounding,95,0.19076305220883535,0.3787415516873247,0.15789473684210525,0.19076305220883535,0.9112042222101048,0.042105263157894736
grounding,96,0.1927710843373494,0.3792208285269421,0.16666666666666666,0.1927710843373494,0.90988861297197,0.041666666666666664
grounding,97,0.19477911646586346,0.384626706320907,0.16494845360824742,0.19477911646586346,0.909679936147106,0.041237113402061855
grounding,98,0.19678714859437751,0.3993338392174557,0.16326530612244897,0.19678714859437751,0.9095965836425576,0.04081632653061224
grounding,99,0.19879518072289157,0.4020854929847083,0.16161616161616163,0.19879518072289157,0.9093872445371898,0.04040404040404041
grounding,100,0.20080321285140562,0.4270274088664983,0.17,0.20080321285140562,0.9089499612122722,0.04
grounding,101,0.20281124497991967,0.4283134179583021,0.1782178217821782,0.20281124497991967,0.908284205870731,0.039603960396039604
grounding,102,0.20481927710843373,0.4336623884064866,0.18627450980392157,0.20481927710843373,0.9081425120233748,0.0392156862745098
grounding,103,0.20682730923694778,0.4380642840054824,0.1941747572815534,0.20682730923694778,0.9078737827984285,0.038834951456310676
grounding,104,0.20883534136546184,0.4517320615465466,0.19230769230769232,0.20883534136546184,0.9077413456246468,0.038461538461538464
grounding,105,0.21084337349397592,0.4517918431270667,0.2,0.21084337349397592,0.9068013775288336,0.0380952380952381
grounding,106,0.21285140562248997,0.4638521921167379,0.19811320754716982,0.21285140562248997,0.906680367209772,0.03773584905660377
grounding,107,0.21485943775100402,0.4675717963764709,0.205607476635514,0.21485943775100402,0.9063170884943856,0.037383177570093455
grounding,108,0.21686746987951808,0.4678997408372489,0.21296296296296297,0.21686746987951808,0.905560346553142,0.037037037037037035
grounding,109,0.21887550200803213,0.4723744875082279,0.21100917431192662,0.21887550200803213,0.9055434286992152,0.03669724770642202
grounding,110,0.22088353413654618,0.4767012125288374,0.20909090909090908,0.22088353413654618,0.9054836855602412,0.03636363636363636
grounding,111,0.22289156626506024,0.4813896484651055,0.21621621621621623,0.22289156626506024,0.904517831503884,0.036036036036036036
grounding,112,0.2248995983935743,0.4867421702094222,0.21428571428571427,0.2248995983935743,0.9044565063892358,0.03571428571428571
grounding,113,0.22690763052208834,0.4904021653059163,0.22123893805309736,0.22690763052208834,0.9043995003294012,0.035398230088495575
grounding,114,0.2289156626506024,0.4988009428685992,0.21929824561403508,0.2289156626506024,0.904335728556036,0.03508771929824561
grounding,115,0.23092369477911648,0.5030475852744536,0.21739130434782608,0.23092369477911648,0.9037465706576658,0.043478260869565216
grounding,116,0.23293172690763053,0.5069802035793856,0.21551724137931033,0.23293172690763053,0.903664609683876,0.04310344827586207
grounding,117,0.23493975903614459,0.5104618080103259,0.21367521367521367,0.23493975903614459,0.9033187782798844,0.042735042735042736
grounding,118,0.23694779116465864,0.5186502943489246,0.211864406779661,0.23694779116465864,0.9025748150137566,0.0423728813559322
grounding,119,0.2389558232931727,0.525187531949915,0.21008403361344538,0.2389558232931727,0.9013533395463234,0.04201680672268908
grounding,120,0.24096385542168675,0.5322417879731584,0.20833333333333334,0.24096385542168675,0.9009574352246178,0.05
grounding,121,0.2429718875502008,0.5435442783841564,0.2066115702479339,0.2429718875502008,0.9007464927055164,0.049586776859504134
grounding,122,0.24497991967871485,0.549456097318132,0.21311475409836064,0.24497991967871485,0.900567559451512,0.04918032786885246
grounding,123,0.2469879518072289,0.5554517810677153,0.21138211382113822,0.2469879518072289,0.9002347456237708,0.04878048780487805
grounding,124,0.24899598393574296,0.5565030898547019,0.20967741935483872,0.24899598393574296,0.8998205442174946,0.04838709677419355
grounding,125,0.25100401606425704,0.5629470933247944,0.208,0.25100401606425704,0.8994066796690584,0.048
grounding,126,0.25301204819277107,0.5630123004006731,0.20634920634920634,0.25301204819277107,0.8988937150650796,0.047619047619047616
grounding,127,0.25502008032128515,0.5655406029302265,0.2047244094488189,0.25502008032128515,0.897961297802858,0.047244094488188976
grounding,128,0.2570281124497992,0.5676820510439008,0.2109375,0.2570281124497992,0.897738008743096,0.046875
grounding,129,0.25903614457831325,0.5723588788069168,0.20930232558139536,0.25903614457831325,0.897528067021341,0.046511627906976744
grounding,130,0.26104417670682734,0.5784271681176878,0.2153846153846154,0.26104417670682734,0.8972543535072627,0.046153846153846156
grounding,131,0.26305220883534136,0.5904563350273789,0.22137404580152673,0.26305220883534136,0.8967618239118389,0.04580152671755725
grounding,132,0.26506024096385544,0.594725142200655,0.2196969696969697,0.26506024096385544,0.8963460781507275,0.045454545454545456
grounding,133,0.26706827309236947,0.6060714241896586,0.22556390977443608,0.26706827309236947,0.8957732981337887,0.045112781954887216
grounding,134,0.26907630522088355,0.6071329990967858,0.23134328358208955,0.26907630522088355,0.8955742771211502,0.04477611940298507
grounding,135,0.2710843373493976,0.6104162431959538,0.22962962962962963,0.2710843373493976,0.8955244702501571,0.044444444444444446
grounding,136,0.27309236947791166,0.6106052832849911,0.22794117647058823,0.27309236947791166,0.8953673366018513,0.04411764705882353
grounding,137,0.2751004016064257,0.6235427286577692,0.22627737226277372,0.2751004016064257,0.8948413892983761,0.043795620437956206
grounding,138,0.27710843373493976,0.625539198555179,0.2318840579710145,0.27710843373493976,0.8946742024045171,0.043478260869565216
grounding,139,0.2791164658634538,0.632348596456449,0.2302158273381295,0.2791164658634538,0.8938437215835141,0.04316546762589928
grounding,140,0.28112449799196787,0.6400376565743264,0.22857142857142856,0.28112449799196787,0.8938067695904071,0.04285714285714286
grounding,141,0.28313253012048195,0.642694192674904,0.22695035460992907,0.28313253012048195,0.8934581876067506,0.0425531914893617
grounding,142,0.285140562248996,0.642874246640559,0.2323943661971831,0.285140562248996,0.8932993813869466,0.04225352112676056
grounding,143,0.28714859437751006,0.6450787930476868,0.23776223776223776,0.28714859437751006,0.8932733241590665,0.04195804195804196
grounding,144,0.2891566265060241,0.6481988490222069,0.24305555555555555,0.2891566265060241,0.8928429394348637,0.041666666666666664
grounding,145,0.29116465863453816,0.6505325786631837,0.2413793103448276,0.29116465863453816,0.8927552696587627,0.04827586206896552
grounding,146,0.2931726907630522,0.6567044509471357,0.2465753424657534,0.2931726907630522,0.8925242969380303,0.04794520547945205
grounding,147,0.29518072289156627,0.6658883667724427,0.24489795918367346,0.29518072289156627,0.8923006883259523,0.047619047619047616
grounding,148,0.2971887550200803,0.6689352035859171,0.25,0.2971887550200803,0.891976596935072,0.0472972972972973
grounding,149,0.2991967871485944,0.6728863982814155,0.2550335570469799,0.2991967871485944,0.8918808620291552,0.053691275167785234
grounding,150,0.30120481927710846,0.6760579241569099,0.26,0.30120481927710846,0.8916849219853481,0.05333333333333334
grounding,151,0.3032128514056225,0.6810798009513482,0.2582781456953642,0.3032128514056225,0.8916101748241607,0.052980132450331126
grounding,152,0.30522088353413657,0.6853192854734271,0.2631578947368421,0.30522088353413657,0.8915917506932622,0.05263157894736842
grounding,153,0.3072289156626506,0.6927566231301822,0.26143790849673204,0.3072289156626506,0.8913874813909987,0.05228758169934641
grounding,154,0.3092369477911647,0.6973654702536963,0.2597402597402597,0.3092369477911647,0.8912993964928108,0.05194805194805195
grounding,155,0.3112449799196787,0.6990460150854471,0.2645161290322581,0.3112449799196787,0.8911327929135658,0.05161290322580645
grounding,156,0.3132530120481928,0.7109831378024828,0.2692307692307692,0.3132530120481928,0.8903832494118179,0.05128205128205128
grounding,157,0.3152610441767068,0.7111401908155417,0.267515923566879,0.3152610441767068,0.8902874214283364,0.050955414012738856
grounding,158,0.3172690763052209,0.7118521447441104,0.2721518987341772,0.3172690763052209,0.890188196666491,0.05063291139240506
grounding,159,0.3192771084337349,0.7136891842170948,0.27672955974842767,0.3192771084337349,0.8891591401383281,0.050314465408805034
grounding,160,0.321285140562249,0.7137809604693739,0.28125,0.321285140562249,0.8887204131876889,0.05
grounding,161,0.3232931726907631,0.7141470561079168,0.2857142857142857,0.3232931726907631,0.8886467625054423,0.049689440993788817
grounding,162,0.3253012048192771,0.714167309340386,0.29012345679012347,0.3253012048192771,0.887883495879993,0.04938271604938271
grounding,163,0.3273092369477912,0.7173218491195742,0.294478527607362,0.3273092369477912,0.8876819506132798,0.049079754601226995
grounding,164,0.3293172690763052,0.7196646528893882,0.29878048780487804,0.3293172690763052,0.8875607880796388,0.04878048780487805
grounding,165,0.3313253012048193,0.7242095557752423,0.296969696969697,0.3313253012048193,0.8869173632484116,0.048484848484848485
grounding,166,0.3333333333333333,0.7288322651617526,0.29518072289156627,0.3333333333333333,0.8864877592375726,0.04819277108433735
grounding,167,0.3353413654618474,0.7289672534962931,0.2994011976047904,0.3353413654618474,0.8863899538013214,0.04790419161676647
grounding,168,0.3373493975903614,0.7297400605624469,0.30357142857142855,0.3373493975903614,0.8860972076148578,0.047619047619047616
grounding,169,0.3393574297188755,0.7306229285630038,0.3076923076923077,0.3393574297188755,0.8842653195583685,0.047337278106508875
grounding,170,0.3413654618473896,0.7328691235483473,0.31176470588235294,0.3413654618473896,0.8840576381279592,0.047058823529411764
grounding,171,0.3433734939759036,0.7373748308631893,0.3157894736842105,0.3433734939759036,0.8836681780783553,0.04678362573099415
grounding,172,0.3453815261044177,0.737704602016521,0.31976744186046513,0.3453815261044177,0.883561132215659,0.046511627906976744
grounding,173,0.3473895582329317,0.7420011694574579,0.3236994219653179,0.3473895582329317,0.8831840692301122,0.046242774566473986
grounding,174,0.3493975903614458,0.7453039060670913,0.3275862068965517,0.3493975903614458,0.882385320586209,0.04597701149425287
grounding,175,0.3514056224899598,0.7478642899718048,0.3314285714285714,0.3514056224899598,0.8814485667435896,0.045714285714285714
grounding,176,0.3534136546184739,0.7480784798558416,0.32954545454545453,0.3534136546184739,0.8812754968398849,0.045454545454545456
grounding,177,0.35542168674698793,0.7542760546103201,0.3333333333333333,0.35542168674698793,0.8806855364755894,0.04519774011299435
grounding,178,0.357429718875502,0.7548837414740277,0.33146067415730335,0.357429718875502,0.8805302766374404,0.05056179775280899
grounding,179,0.35943775100401604,0.7552652817373249,0.33519553072625696,0.35943775100401604,0.879590638249223,0.05027932960893855
grounding,180,0.3614457831325301,0.7589505413221095,0.3388888888888889,0.3614457831325301,0.8794539904024724,0.05
grounding,181,0.3634538152610442,0.7604863777589395,0.3425414364640884,0.3634538152610442,0.8790423877837099,0.049723756906077346
grounding,182,0.3654618473895582,0.7638299809033123,0.34615384615384615,0.3654618473895582,0.8789072332916752,0.04945054945054945
grounding,183,0.3674698795180723,0.7644871661054798,0.34972677595628415,0.3674698795180723,0.8781135753336106,0.04918032786885246
grounding,184,0.36947791164658633,0.771567395901885,0.3532608695652174,0.36947791164658633,0.8768453904734397,0.04891304347826087
grounding,185,0.3714859437751004,0.7728339651723474,0.3567567567567568,0.3714859437751004,0.8758812493801034,0.04864864864864865
grounding,186,0.37349397590361444,0.77709101388677,0.3602150537634409,0.37349397590361444,0.8758575974070564,0.04838709677419355
grounding,187,0.3755020080321285,0.7772046544060273,0.36363636363636365,0.3755020080321285,0.875310452295968,0.0481283422459893
grounding,188,0.37751004016064255,0.7776373906290501,0.3617021276595745,0.37751004016064255,0.8748407820250729,0.047872340425531915
grounding,189,0.3795180722891566,0.777701527410815,0.36507936507936506,0.3795180722891566,0.8748184687188426,0.047619047619047616
grounding,190,0.3815261044176707,0.7784412746026832,0.3684210526315789,0.3815261044176707,0.8738001159500589,0.04736842105263158
grounding,191,0.38353413654618473,0.780407028961187,0.3717277486910995,0.38353413654618473,0.873404415311648,0.04712041884816754
grounding,192,0.3855421686746988,0.7805588488222099,0.375,0.3855421686746988,0.8733934545545577,0.046875
grounding,193,0.38755020080321284,0.7821275769869149,0.37305699481865284,0.38755020080321284,0.8733114623055158,0.046632124352331605
grounding,194,0.3895582329317269,0.7826304067346593,0.3711340206185567,0.3895582329317269,0.8732588586915507,0.04639175257731959
grounding,195,0.39156626506024095,0.7830252860900836,0.36923076923076925,0.39156626506024095,0.8724662172038672,0.046153846153846156
grounding,196,0.39357429718875503,0.7833118595484092,0.3673469387755102,0.39357429718875503,0.8721000185122196,0.04591836734693878
grounding,197,0.39558232931726905,0.7834060323446962,0.37055837563451777,0.39558232931726905,0.871057607043548,0.050761421319796954
grounding,198,0.39759036144578314,0.7865638404279447,0.3686868686868687,0.39759036144578314,0.8708531105817724,0.05555555555555555
grounding,199,0.39959839357429716,0.7866453766860598,0.37185929648241206,0.39959839357429716,0.8697737725322723,0.05527638190954774
grounding,200,0.40160642570281124,0.787262041891995,0.375,0.40160642570281124,0.8697313878310098,0.055
grounding,201,0.4036144578313253,0.787371553135467,0.3781094527363184,0.4036144578313253,0.8695956411781358,0.05472636815920398
grounding,202,0.40562248995983935,0.7887147593824348,0.37623762376237624,0.40562248995983935,0.8688702558285942,0.054455445544554455
grounding,203,0.40763052208835343,0.7887604394360759,0.3793103448275862,0.40763052208835343,0.8686202973628538,0.054187192118226604
grounding,204,0.40963855421686746,0.7915460283261905,0.37745098039215685,0.40963855421686746,0.8675874460772056,0.05392156862745098
grounding,205,0.41164658634538154,0.7925051505996963,0.3804878048780488,0.41164658634538154,0.8671663398592239,0.05365853658536585
grounding,206,0.41365461847389556,0.7927155270239215,0.3786407766990291,0.41365461847389556,0.8659340204653095,0.05339805825242718
grounding,207,0.41566265060240964,0.7954997572992046,0.37681159420289856,0.41566265060240964,0.8659198645802542,0.05314009661835749
grounding,208,0.41767068273092367,0.7962058395046486,0.3798076923076923,0.41767068273092367,0.865733319211297,0.052884615384615384
grounding,209,0.41967871485943775,0.7967191155735974,0.3827751196172249,0.41967871485943775,0.8655559328650988,0.05263157894736842
grounding,210,0.42168674698795183,0.8017247250189974,0.38571428571428573,0.42168674698795183,0.8652752545635954,0.05238095238095238
grounding,211,0.42369477911646586,0.802182563753781,0.3886255924170616,0.42369477911646586,0.8650918262359191,0.052132701421800945
grounding,212,0.42570281124497994,0.8024980159006282,0.3915094339622642,0.42570281124497994,0.86467914134091,0.05188679245283019
grounding,213,0.42771084337349397,0.8026907312514449,0.38967136150234744,0.42771084337349397,0.8619535077185,0.051643192488262914
grounding,214,0.42971887550200805,0.8054941035966324,0.3878504672897196,0.42971887550200805,0.8607264418876202,0.056074766355140186
grounding,215,0.43172690763052207,0.8064590101312614,0.386046511627907,0.43172690763052207,0.8607201329288874,0.05581395348837209
grounding,216,0.43373493975903615,0.8073717966992543,0.3888888888888889,0.43373493975903615,0.8603888320163706,0.05555555555555555
grounding,217,0.4357429718875502,0.8082382342498508,0.3870967741935484,0.4357429718875502,0.8600142111028869,0.055299539170506916
grounding,218,0.43775100401606426,0.8105059354768579,0.38990825688073394,0.43775100401606426,0.8595764720843839,0.05504587155963303
grounding,219,0.4397590361445783,0.8106433624720751,0.3926940639269406,0.4397590361445783,0.8594537756601855,0.0547945205479452
grounding,220,0.44176706827309237,0.811018781870415,0.39545454545454545,0.44176706827309237,0.8588276656294115,0.05454545454545454
grounding,221,0.44377510040160645,0.8113768149848226,0.39819004524886875,0.44377510040160645,0.8584417922161078,0.058823529411764705
grounding,222,0.4457831325301205,0.8126687558924818,0.4009009009009009,0.4457831325301205,0.8578319418464293,0.05855855855855856
grounding,223,0.44779116465863456,0.8148120629040028,0.40358744394618834,0.44779116465863456,0.8575871254681268,0.05829596412556054
grounding,224,0.4497991967871486,0.8154347936127423,0.40625,0.4497991967871486,0.8573341613276118,0.05803571428571429
grounding,225,0.45180722891566266,0.8155211879491001,0.4088888888888889,0.45180722891566266,0.8562235423210727,0.057777777777777775
grounding,226,0.4538152610441767,0.8186828493505744,0.40707964601769914,0.4538152610441767,0.8557707684621002,0.05752212389380531
grounding,227,0.45582329317269077,0.8188394564918882,0.4052863436123348,0.45582329317269077,0.8547016341289563,0.05726872246696035
grounding,228,0.4578313253012048,0.8188775611172866,0.40789473684210525,0.4578313253012048,0.8543878393430865,0.05701754385964912
grounding,229,0.4598393574297189,0.8216007739809562,0.4104803493449782,0.4598393574297189,0.8542589907894207,0.056768558951965066
grounding,230,0.46184738955823296,0.8230876676320578,0.41304347826086957,0.46184738955823296,0.8536970656699646,0.05652173913043478
grounding,231,0.463855421686747,0.8246381345444974,0.4155844155844156,0.463855421686747,0.8533461870239888,0.05627705627705628
grounding,232,0.46586345381526106,0.824766710640261,0.41810344827586204,0.46586345381526106,0.852500654264548,0.0603448275862069
grounding,233,0.4678714859437751,0.8260322419394516,0.4206008583690987,0.4678714859437751,0.8505582597051404,0.060085836909871244
grounding,234,0.46987951807228917,0.8275948619871156,0.4230769230769231,0.46987951807228917,0.849479852951714,0.05982905982905983
grounding,235,0.4718875502008032,0.8284241016898723,0.425531914893617,0.4718875502008032,0.8494408634517048,0.059574468085106386
grounding,236,0.4738955823293173,0.8309561130023444,0.4279661016949153,0.4738955823293173,0.8469071563320716,0.059322033898305086
grounding,237,0.4759036144578313,0.8309609467842085,0.43037974683544306,0.4759036144578313,0.8453627904707409,0.05907172995780591
grounding,238,0.4779116465863454,0.8319643903490276,0.42857142857142855,0.4779116465863454,0.8449461668135951,0.058823529411764705
grounding,239,0.4799196787148594,0.8321622254569971,0.4309623430962343,0.4799196787148594,0.8447091395293412,0.06276150627615062
grounding,240,0.4819277108433735,0.8324912951981878,0.42916666666666664,0.4819277108433735,0.8443620142824374,0.0625
grounding,241,0.4839357429718876,0.8326816712934675,0.4315352697095436,0.4839357429718876,0.8442971974836215,0.06224066390041494
grounding,242,0.4859437751004016,0.8335354052420804,0.43388429752066116,0.4859437751004016,0.8435030109763674,0.06198347107438017
grounding,243,0.4879518072289157,0.8342145409249483,0.43621399176954734,0.4879518072289157,0.8425002043216261,0.06584362139917696
grounding,244,0.4899598393574297,0.8342286721565678,0.4344262295081967,0.4899598393574297,0.8415756835107397,0.06967213114754098
grounding,245,0.4919678714859438,0.8358368959879917,0.43673469387755104,0.4919678714859438,0.8409703255278935,0.06938775510204082
grounding,246,0.4939759036144578,0.836002561464244,0.43902439024390244,0.4939759036144578,0.8409666920422472,0.06910569105691057
grounding,247,0.4959839357429719,0.837137105917598,0.44129554655870445,0.4959839357429719,0.8406245393042521,0.06882591093117409
grounding,248,0.4979919678714859,0.8372824270024833,0.4435483870967742,0.4979919678714859,0.8405466037947811,0.06854838709677419
grounding,249,0.5,0.839501285862568,0.4457831325301205,0.5,0.8405465380345023,0.06827309236947791
grounding,250,0.5020080321285141,0.8405465380345023,0.448,0.5020080321285141,0.839501285862568,0.068
grounding,251,0.5040160642570282,0.8405466037947811,0.450199203187251,0.5040160642570282,0.8372824270024833,0.06772908366533864
grounding,252,0.5060240963855421,0.8406245393042521,0.4523809523809524,0.5060240963855421,0.837137105917598,0.06746031746031746
grounding,253,0.5080321285140562,0.8409666920422472,0.45454545454545453,0.5080321285140562,0.836002561464244,0.06719367588932806
grounding,254,0.5100401606425703,0.8409703255278935,0.4566929133858268,0.5100401606425703,0.8358368959879917,0.06692913385826772
grounding,255,0.5120481927710844,0.8415756835107397,0.4549019607843137,0.5120481927710844,0.8342286721565678,0.07058823529411765
grounding,256,0.5140562248995983,0.8425002043216261,0.453125,0.5140562248995983,0.8342145409249483,0.0703125
grounding,257,0.5160642570281124,0.8435030109763674,0.45525291828793774,0.5160642570281124,0.8335354052420804,0.07003891050583658
grounding,258,0.5180722891566265,0.8442971974836215,0.4573643410852713,0.5180722891566265,0.8326816712934675,0.06976744186046512
grounding,259,0.5200803212851406,0.8443620142824374,0.4594594594594595,0.5200803212851406,0.8324912951981878,0.07335907335907337
grounding,260,0.5220883534136547,0.8447091395293412,0.4576923076923077,0.5220883534136547,0.8321622254569971,0.07307692307692308
grounding,261,0.5240963855421686,0.8449461668135951,0.45977011494252873,0.5240963855421686,0.8319643903490276,0.07662835249042145
grounding,262,0.5261044176706827,0.8453627904707409,0.4618320610687023,0.5261044176706827,0.8309609467842085,0.07633587786259542
grounding,263,0.5281124497991968,0.8469071563320716,0.46387832699619774,0.5281124497991968,0.8309561130023444,0.07604562737642585
grounding,264,0.5301204819277109,0.8494408634517048,0.4659090909090909,0.5301204819277109,0.8284241016898723,0.07575757575757576
grounding,265,0.5321285140562249,0.849479852951714,0.4679245283018868,0.5321285140562249,0.8275948619871156,0.07547169811320754
grounding,266,0.5341365461847389,0.8505582597051404,0.4699248120300752,0.5341365461847389,0.8260322419394516,0.07518796992481203
grounding,267,0.536144578313253,0.852500654264548,0.4681647940074906,0.536144578313253,0.824766710640261,0.0749063670411985
grounding,268,0.5381526104417671,0.8533461870239888,0.4701492537313433,0.5381526104417671,0.8246381345444974,0.07462686567164178
grounding,269,0.5401606425702812,0.8536970656699646,0.4721189591078067,0.5401606425702812,0.8230876676320578,0.07434944237918216
grounding,270,0.5421686746987951,0.8542589907894207,0.4740740740740741,0.5421686746987951,0.8216007739809562,0.07407407407407407
grounding,271,0.5441767068273092,0.8543878393430865,0.47601476014760147,0.5441767068273092,0.8188775611172866,0.07380073800738007
grounding,272,0.5461847389558233,0.8547016341289563,0.47794117647058826,0.5461847389558233,0.8188394564918882,0.07720588235294118
grounding,273,0.5481927710843374,0.8557707684621002,0.47985347985347987,0.5481927710843374,0.8186828493505744,0.08058608058608059
grounding,274,0.5502008032128514,0.8562235423210727,0.48175182481751827,0.5502008032128514,0.8155211879491001,0.08029197080291971
grounding,275,0.5522088353413654,0.8573341613276118,0.48363636363636364,0.5522088353413654,0.8154347936127423,0.08
grounding,276,0.5542168674698795,0.8575871254681268,0.4855072463768116,0.5542168674698795,0.8148120629040028,0.07971014492753623
grounding,277,0.5562248995983936,0.8578319418464293,0.48736462093862815,0.5562248995983936,0.8126687558924818,0.07942238267148015
grounding,278,0.5582329317269076,0.8584417922161078,0.4856115107913669,0.5582329317269076,0.8113768149848226,0.07913669064748201
grounding,279,0.5602409638554217,0.8588276656294115,0.4874551971326165,0.5602409638554217,0.811018781870415,0.07885304659498207
grounding,280,0.5622489959839357,0.8594537756601855,0.48928571428571427,0.5622489959839357,0.8106433624720751,0.07857142857142857
grounding,281,0.5642570281124498,0.8595764720843839,0.49110320284697506,0.5642570281124498,0.8105059354768579,0.07829181494661921
grounding,282,0.5662650602409639,0.8600142111028869,0.4929078014184397,0.5662650602409639,0.8082382342498508,0.08156028368794327
grounding,283,0.5682730923694779,0.8603888320163706,0.49469964664310956,0.5682730923694779,0.8073717966992543,0.0812720848056537
grounding,284,0.570281124497992,0.8607201329288874,0.4964788732394366,0.570281124497992,0.8064590101312614,0.08450704225352113
grounding,285,0.572289156626506,0.8607264418876202,0.49473684210526314,0.572289156626506,0.8054941035966324,0.08771929824561403
grounding,286,0.5742971887550201,0.8619535077185,0.4965034965034965,0.5742971887550201,0.8026907312514449,0.09090909090909091
grounding,287,0.5763052208835341,0.86467914134091,0.49825783972125437,0.5763052208835341,0.8024980159006282,0.09059233449477352
grounding,288,0.5783132530120482,0.8650918262359191,0.5,0.5783132530120482,0.802182563753781,0.09027777777777778
grounding,289,0.5803212851405622,0.8652752545635954,0.5017301038062284,0.5803212851405622,0.8017247250189974,0.08996539792387544
grounding,290,0.5823293172690763,0.8655559328650988,0.503448275862069,0.5823293172690763,0.7967191155735974,0.0896551724137931
grounding,291,0.5843373493975904,0.865733319211297,0.5051546391752577,0.5843373493975904,0.7962058395046486,0.08934707903780069
grounding,292,0.5863453815261044,0.8659198645802542,0.5068493150684932,0.5863453815261044,0.7954997572992046,0.09246575342465753
grounding,293,0.5883534136546185,0.8659340204653095,0.5085324232081911,0.5883534136546185,0.7927155270239215,0.09556313993174062
grounding,294,0.5903614457831325,0.8671663398592239,0.5102040816326531,0.5903614457831325,0.7925051505996963,0.09523809523809523
grounding,295,0.5923694779116466,0.8675874460772056,0.511864406779661,0.5923694779116466,0.7915460283261905,0.09830508474576272
grounding,296,0.5943775100401606,0.8686202973628538,0.5135135135135135,0.5943775100401606,0.7887604394360759,0.09797297297297297
grounding,297,0.5963855421686747,0.8688702558285942,0.5151515151515151,0.5963855421686747,0.7887147593824348,0.10101010101010101
grounding,298,0.5983935742971888,0.8695956411781358,0.5167785234899329,0.5983935742971888,0.787371553135467,0.10067114093959731
grounding,299,0.6004016064257028,0.8697313878310098,0.5183946488294314,0.6004016064257028,0.787262041891995,0.10033444816053512
grounding,300,0.6024096385542169,0.8697737725322723,0.52,0.6024096385542169,0.7866453766860598,0.1
grounding,301,0.6044176706827309,0.8708531105817724,0.5182724252491694,0.6044176706827309,0.7865638404279447,0.10299003322259136
grounding,302,0.606425702811245,0.871057607043548,0.5165562913907285,0.606425702811245,0.7834060323446962,0.10264900662251655
grounding,303,0.608433734939759,0.8721000185122196,0.5181518151815182,0.608433734939759,0.7833118595484092,0.10561056105610561
grounding,304,0.6104417670682731,0.8724662172038672,0.5197368421052632,0.6104417670682731,0.7830252860900836,0.10855263157894737
grounding,305,0.6124497991967871,0.8732588586915507,0.521311475409836,0.6124497991967871,0.7826304067346593,0.11147540983606558
grounding,306,0.6144578313253012,0.8733114623055158,0.5228758169934641,0.6144578313253012,0.7821275769869149,0.11437908496732026
grounding,307,0.6164658634538153,0.8733934545545577,0.5244299674267101,0.6164658634538153,0.7805588488222099,0.11400651465798045
grounding,308,0.6184738955823293,0.873404415311648,0.525974025974026,0.6184738955823293,0.780407028961187,0.11363636363636363
grounding,309,0.6204819277108434,0.8738001159500589,0.5275080906148867,0.6204819277108434,0.7784412746026832,0.11326860841423948
grounding,310,0.6224899598393574,0.8748184687188426,0.5290322580645161,0.6224899598393574,0.777701527410815,0.11290322580645161
grounding,311,0.6244979919678715,0.8748407820250729,0.5305466237942122,0.6244979919678715,0.7776373906290501,0.1157556270096463
grounding,312,0.6265060240963856,0.875310452295968,0.532051282051282,0.6265060240963856,0.7772046544060273,0.11538461538461539
grounding,313,0.6285140562248996,0.8758575974070564,0.5335463258785943,0.6285140562248996,0.77709101388677,0.11501597444089456
grounding,314,0.6305220883534136,0.8758812493801034,0.535031847133758,0.6305220883534136,0.7728339651723474,0.11464968152866242
grounding,315,0.6325301204819277,0.8768453904734397,0.5365079365079365,0.6325301204819277,0.771567395901885,0.11428571428571428
grounding,316,0.6345381526104418,0.8781135753336106,0.5379746835443038,0.6345381526104418,0.7644871661054798,0.11392405063291139
grounding,317,0.6365461847389559,0.8789072332916752,0.5394321766561514,0.6365461847389559,0.7638299809033123,0.11356466876971609
grounding,318,0.6385542168674698,0.8790423877837099,0.5408805031446541,0.6385542168674698,0.7604863777589395,0.11320754716981132
grounding,319,0.6405622489959839,0.8794539904024724,0.542319749216301,0.6405622489959839,0.7589505413221095,0.11285266457680251
grounding,320,0.642570281124498,0.879590638249223,0.54375,0.642570281124498,0.7552652817373249,0.1125
grounding,321,0.6445783132530121,0.8805302766374404,0.5420560747663551,0.6445783132530121,0.7548837414740277,0.11526479750778816
grounding,322,0.6465863453815262,0.8806855364755894,0.5434782608695652,0.6465863453815262,0.7542760546103201,0.11490683229813664
grounding,323,0.6485943775100401,0.8812754968398849,0.544891640866873,0.6485943775100401,0.7480784798558416,0.11764705882352941
grounding,324,0.6506024096385542,0.8814485667435896,0.5462962962962963,0.6506024096385542,0.7478642899718048,0.11728395061728394
grounding,325,0.6526104417670683,0.882385320586209,0.5476923076923077,0.6526104417670683,0.7453039060670913,0.11692307692307692
grounding,326,0.6546184738955824,0.8831840692301122,0.549079754601227,0.6546184738955824,0.7420011694574579,0.1165644171779141
grounding,327,0.6566265060240963,0.883561132215659,0.5504587155963303,0.6566265060240963,0.737704602016521,0.1162079510703364
grounding,328,0.6586345381526104,0.8836681780783553,0.551829268292683,0.6586345381526104,0.7373748308631893,0.11585365853658537
grounding,329,0.6606425702811245,0.8840576381279592,0.5531914893617021,0.6606425702811245,0.7328691235483473,0.11550151975683891
grounding,330,0.6626506024096386,0.8842653195583685,0.5545454545454546,0.6626506024096386,0.7306229285630038,0.11515151515151516
grounding,331,0.6646586345381527,0.8860972076148578,0.5558912386706949,0.6646586345381527,0.7297400605624469,0.1148036253776435
grounding,332,0.6666666666666666,0.8863899538013214,0.5572289156626506,0.6666666666666666,0.7289672534962931,0.1144578313253012
grounding,333,0.6686746987951807,0.8864877592375726,0.5585585585585585,0.6686746987951807,0.7288322651617526,0.11711711711711711
grounding,334,0.6706827309236948,0.8869173632484116,0.5598802395209581,0.6706827309236948,0.7242095557752423,0.11976047904191617
grounding,335,0.6726907630522089,0.8875607880796388,0.5611940298507463,0.6726907630522089,0.7196646528893882,0.11940298507462686
grounding,336,0.6746987951807228,0.8876819506132798,0.5625,0.6746987951807228,0.7173218491195742,0.11904761904761904
grounding,337,0.6767068273092369,0.887883495879993,0.5637982195845698,0.6767068273092369,0.714167309340386,0.11869436201780416
grounding,338,0.678714859437751,0.8886467625054423,0.5650887573964497,0.678714859437751,0.7141470561079168,0.11834319526627218
grounding,339,0.6807228915662651,0.8887204131876889,0.5663716814159292,0.6807228915662651,0.7137809604693739,0.11799410029498525
grounding,340,0.6827309236947792,0.8891591401383281,0.5676470588235294,0.6827309236947792,0.7136891842170948,0.11764705882352941
grounding,341,0.6847389558232931,0.890188196666491,0.5689149560117303,0.6847389558232931,0.7118521447441104,0.11730205278592376
grounding,342,0.6867469879518072,0.8902874214283364,0.5701754385964912,0.6867469879518072,0.7111401908155417,0.11988304093567251
grounding,343,0.6887550200803213,0.8903832494118179,0.5714285714285714,0.6887550200803213,0.7109831378024828,0.119533527696793
grounding,344,0.6907630522088354,0.8911327929135658,0.5726744186046512,0.6907630522088354,0.6990460150854471,0.11918604651162791
grounding,345,0.6927710843373494,0.8912993964928108,0.5739130434782609,0.6927710843373494,0.6973654702536963,0.12173913043478261
grounding,346,0.6947791164658634,0.8913874813909987,0.5751445086705202,0.6947791164658634,0.6927566231301822,0.12427745664739884
grounding,347,0.6967871485943775,0.8915917506932622,0.5763688760806917,0.6967871485943775,0.6853192854734271,0.1239193083573487
grounding,348,0.6987951807228916,0.8916101748241607,0.5775862068965517,0.6987951807228916,0.6810798009513482,0.12643678160919541
grounding,349,0.7008032128514057,0.8916849219853481,0.5787965616045845,0.7008032128514057,0.6760579241569099,0.12607449856733524
grounding,350,0.7028112449799196,0.8918808620291552,0.5771428571428572,0.7028112449799196,0.6728863982814155,0.12571428571428572
grounding,351,0.7048192771084337,0.891976596935072,0.5783475783475783,0.7048192771084337,0.6689352035859171,0.12535612535612536
grounding,352,0.7068273092369478,0.8923006883259523,0.5795454545454546,0.7068273092369478,0.6658883667724427,0.1278409090909091
grounding,353,0.7088353413654619,0.8925242969380303,0.5807365439093485,0.7088353413654619,0.6567044509471357,0.1274787535410765
grounding,354,0.7108433734939759,0.8927552696587627,0.5790960451977402,0.7108433734939759,0.6505325786631837,0.12994350282485875
grounding,355,0.7128514056224899,0.8928429394348637,0.5802816901408451,0.7128514056224899,0.6481988490222069,0.1295774647887324
grounding,356,0.714859437751004,0.8932733241590665,0.5814606741573034,0.714859437751004,0.6450787930476868,0.12921348314606743
grounding,357,0.7168674698795181,0.8932993813869466,0.5826330532212886,0.7168674698795181,0.642874246640559,0.12885154061624648
grounding,358,0.7188755020080321,0.8934581876067506,0.5837988826815642,0.7188755020080321,0.642694192674904,0.13128491620111732
grounding,359,0.7208835341365462,0.8938067695904071,0.584958217270195,0.7208835341365462,0.6400376565743264,0.13370473537604458
grounding,360,0.7228915662650602,0.8938437215835141,0.5861111111111111,0.7228915662650602,0.632348596456449,0.1361111111111111
grounding,361,0.7248995983935743,0.8946742024045171,0.5872576177285319,0.7248995983935743,0.625539198555179,0.13573407202216067
grounding,362,0.7269076305220884,0.8948413892983761,0.5883977900552486,0.7269076305220884,0.6235427286577692,0.13812154696132597
grounding,363,0.7289156626506024,0.8953673366018513,0.5895316804407713,0.7289156626506024,0.6106052832849911,0.14049586776859505
grounding,364,0.7309236947791165,0.8955244702501571,0.5906593406593407,0.7309236947791165,0.6104162431959538,0.14285714285714285
grounding,365,0.7329317269076305,0.8955742771211502,0.5917808219178082,0.7329317269076305,0.6071329990967858,0.14246575342465753
grounding,366,0.7349397590361446,0.8957732981337887,0.592896174863388,0.7349397590361446,0.6060714241896586,0.14207650273224043
grounding,367,0.7369477911646586,0.8963460781507275,0.5940054495912807,0.7369477911646586,0.594725142200655,0.1444141689373297
grounding,368,0.7389558232931727,0.8967618239118389,0.595108695652174,0.7389558232931727,0.5904563350273789,0.14402173913043478
grounding,369,0.7409638554216867,0.8972543535072627,0.5962059620596206,0.7409638554216867,0.5784271681176878,0.14363143631436315
grounding,370,0.7429718875502008,0.897528067021341,0.5972972972972973,0.7429718875502008,0.5723588788069168,0.14594594594594595
grounding,371,0.7449799196787149,0.897738008743096,0.5983827493261455,0.7449799196787149,0.5676820510439008,0.14555256064690028
grounding,372,0.7469879518072289,0.897961297802858,0.5994623655913979,0.7469879518072289,0.5655406029302265,0.1478494623655914
grounding,373,0.748995983935743,0.8988937150650796,0.6005361930294906,0.748995983935743,0.5630123004006731,0.15013404825737264
grounding,374,0.751004016064257,0.8994066796690584,0.6016042780748663,0.751004016064257,0.5629470933247944,0.15240641711229946
grounding,375,0.7530120481927711,0.8998205442174946,0.6026666666666667,0.7530120481927711,0.5565030898547019,0.15466666666666667
grounding,376,0.7550200803212851,0.9002347456237708,0.6037234042553191,0.7550200803212851,0.5554517810677153,0.15691489361702127
grounding,377,0.7570281124497992,0.900567559451512,0.6047745358090185,0.7570281124497992,0.549456097318132,0.15649867374005305
grounding,378,0.7590361445783133,0.9007464927055164,0.6058201058201058,0.7590361445783133,0.5435442783841564,0.15873015873015872
grounding,379,0.7610441767068273,0.9009574352246178,0.604221635883905,0.7610441767068273,0.5322417879731584,0.16094986807387862
grounding,380,0.7630522088353414,0.9013533395463234,0.6052631578947368,0.7630522088353414,0.525187531949915,0.1631578947368421
grounding,381,0.7650602409638554,0.9025748150137566,0.6062992125984252,0.7650602409638554,0.5186502943489246,0.16535433070866143
grounding,382,0.7670682730923695,0.9033187782798844,0.6073298429319371,0.7670682730923695,0.5104618080103259,0.16753926701570682
grounding,383,0.7690763052208835,0.903664609683876,0.608355091383812,0.7690763052208835,0.5069802035793856,0.16971279373368145
grounding,384,0.7710843373493976,0.9037465706576658,0.6067708333333334,0.7710843373493976,0.5030475852744536,0.171875
grounding,385,0.7730923694779116,0.904335728556036,0.6077922077922078,0.7730923694779116,0.4988009428685992,0.17402597402597403
grounding,386,0.7751004016064257,0.9043995003294012,0.6088082901554405,0.7751004016064257,0.4904021653059163,0.17357512953367876
grounding,387,0.7771084337349398,0.9044565063892358,0.6098191214470284,0.7771084337349398,0.4867421702094222,0.17571059431524547
grounding,388,0.7791164658634538,0.904517831503884,0.6108247422680413,0.7791164658634538,0.4813896484651055,0.17525773195876287
grounding,389,0.7811244979919679,0.9054836855602412,0.6118251928020566,0.7811244979919679,0.4767012125288374,0.17737789203084833
grounding,390,0.7831325301204819,0.9055434286992152,0.6128205128205129,0.7831325301204819,0.4723744875082279,0.1794871794871795
grounding,391,0.785140562248996,0.905560346553142,0.6138107416879796,0.785140562248996,0.4678997408372489,0.17902813299232737
grounding,392,0.7871485943775101,0.9063170884943856,0.6147959183673469,0.7871485943775101,0.4675717963764709,0.17857142857142858
grounding,393,0.7891566265060241,0.906680367209772,0.6157760814249363,0.7891566265060241,0.4638521921167379,0.1806615776081425
grounding,394,0.7911646586345381,0.9068013775288336,0.616751269035533,0.7911646586345381,0.4517918431270667,0.1802030456852792
grounding,395,0.7931726907630522,0.9077413456246468,0.6177215189873417,0.7931726907630522,0.4517320615465466,0.18227848101265823
grounding,396,0.7951807228915663,0.9078737827984285,0.6186868686868687,0.7951807228915663,0.4380642840054824,0.18181818181818182
grounding,397,0.7971887550200804,0.9081425120233748,0.6196473551637279,0.7971887550200804,0.4336623884064866,0.181360201511335
grounding,398,0.7991967871485943,0.908284205870731,0.6206030150753769,0.7991967871485943,0.4283134179583021,0.18090452261306533
grounding,399,0.8012048192771084,0.9089499612122722,0.6215538847117794,0.8012048192771084,0.4270274088664983,0.18045112781954886
grounding,400,0.8032128514056225,0.9093872445371898,0.6225,0.8032128514056225,0.4020854929847083,0.1825
grounding,401,0.8052208835341366,0.9095965836425576,0.6234413965087282,0.8052208835341366,0.3993338392174557,0.18453865336658354
grounding,402,0.8072289156626506,0.909679936147106,0.6243781094527363,0.8072289156626506,0.384626706320907,0.1865671641791045
grounding,403,0.8092369477911646,0.90988861297197,0.6253101736972705,0.8092369477911646,0.3792208285269421,0.18610421836228289
grounding,404,0.8112449799196787,0.9112042222101048,0.6237623762376238,0.8112449799196787,0.3787415516873247,0.18564356435643564
grounding,405,0.8132530120481928,0.9116671629389544,0.6246913580246913,0.8132530120481928,0.3770034689480606,0.18518518518518517
grounding,406,0.8152610441767069,0.9130855951865416,0.625615763546798,0.8152610441767069,0.3750161703001815,0.18719211822660098
grounding,407,0.8172690763052208,0.9137517235256234,0.6265356265356266,0.8172690763052208,0.369804039061112,0.1891891891891892
grounding,408,0.8192771084337349,0.9138606939451424,0.6274509803921569,0.8192771084337349,0.3663240685576298,0.19117647058823528
grounding,409,0.821285140562249,0.9141976088150532,0.628361858190709,0.821285140562249,0.3338984155464631,0.19070904645476772
grounding,410,0.8232931726907631,0.914808876739998,0.6292682926829268,0.8232931726907631,0.3315058485137899,0.1902439024390244
grounding,411,0.8253012048192772,0.915291909579846,0.6301703163017032,0.8253012048192772,0.3282210794457378,0.1897810218978102
grounding,412,0.8273092369477911,0.9154241254802108,0.6286407766990292,0.8273092369477911,0.3269989466381767,0.19174757281553398
grounding,413,0.8293172690763052,0.915681913960066,0.6295399515738499,0.8293172690763052,0.3227812341966589,0.1937046004842615
grounding,414,0.8313253012048193,0.9165647037339064,0.6304347826086957,0.8313253012048193,0.31725562368792,0.1956521739130435
grounding,415,0.8333333333333334,0.9177153524025972,0.6313253012048192,0.8333333333333334,0.3152505328500101,0.19759036144578312
grounding,416,0.8353413654618473,0.9177397354987392,0.6322115384615384,0.8353413654618473,0.3066393512233389,0.19951923076923078
grounding,417,0.8373493975903614,0.917765466938872,0.6330935251798561,0.8373493975903614,0.305378178268029,0.2014388489208633
grounding,418,0.8393574297188755,0.9180432578861272,0.6339712918660287,0.8393574297188755,0.2979561034907633,0.20334928229665072
grounding,419,0.8413654618473896,0.9186849435018416,0.6348448687350835,0.8413654618473896,0.2927010336134638,0.2052505966587112
grounding,420,0.8433734939759037,0.9193276925347228,0.6357142857142857,0.8433734939759037,0.2875241067332553,0.20476190476190476
grounding,421,0.8453815261044176,0.9198718619504336,0.6365795724465558,0.8453815261044176,0.2854357401713711,0.20665083135391923
grounding,422,0.8473895582329317,0.9199728853512013,0.6374407582938388,0.8473895582329317,0.2781664030154765,0.20853080568720378
grounding,423,0.8493975903614458,0.920974746928822,0.6382978723404256,0.8493975903614458,0.2675520274729296,0.20803782505910165
grounding,424,0.8514056224899599,0.9211267161789876,0.6391509433962265,0.8514056224899599,0.2629736614377504,0.2099056603773585
grounding,425,0.8534136546184738,0.9213237203509752,0.64,0.8534136546184738,0.26168001279079,0.21176470588235294
grounding,426,0.8554216867469879,0.9214360841757572,0.6408450704225352,0.8554216867469879,0.2455221028297466,0.2136150234741784
grounding,427,0.857429718875502,0.9218756757872092,0.6416861826697893,0.857429718875502,0.2307646588077823,0.2154566744730679
grounding,428,0.8594377510040161,0.9220189242346084,0.6425233644859814,0.8594377510040161,0.2284068047022621,0.21728971962616822
grounding,429,0.8614457831325302,0.9222579793129586,0.6410256410256411,0.8614457831325302,0.2266937338857907,0.21678321678321677
grounding,430,0.8634538152610441,0.9223280861618096,0.641860465116279,0.8634538152610441,0.2264354437311838,0.21627906976744185
grounding,431,0.8654618473895582,0.922460434238988,0.642691415313225,0.8654618473895582,0.2237046567997057,0.21809744779582366
grounding,432,0.8674698795180723,0.9228597835468556,0.6435185185185185,0.8674698795180723,0.2006256709461022,0.2175925925925926
grounding,433,0.8694779116465864,0.922931016544157,0.6443418013856813,0.8694779116465864,0.1956943954354754,0.21939953810623555
grounding,434,0.8714859437751004,0.9233260649355268,0.6451612903225806,0.8714859437751004,0.1921764286846488,0.22119815668202766
grounding,435,0.8734939759036144,0.9233729425743784,0.6459770114942529,0.8734939759036144,0.1893719637545969,0.22298850574712645
grounding,436,0.8755020080321285,0.9234330166027114,0.6467889908256881,0.8755020080321285,0.1891057437277936,0.22477064220183487
grounding,437,0.8775100401606426,0.9238893583377512,0.6475972540045767,0.8775100401606426,0.1868477833464413,0.22654462242562928
grounding,438,0.8795180722891566,0.9239114979319132,0.6461187214611872,0.8795180722891566,0.1799964735187476,0.228310502283105
grounding,439,0.8815261044176707,0.9239518715242372,0.6469248291571754,0.8815261044176707,0.1766514019420106,0.23006833712984054
grounding,440,0.8835341365461847,0.9241924208563032,0.6477272727272727,0.8835341365461847,0.1668903848375082,0.2318181818181818
grounding,441,0.8855421686746988,0.9251961116314802,0.6485260770975056,0.8855421686746988,0.1587978399428261,0.23356009070294784
grounding,442,0.8875502008032129,0.9260395923310653,0.6493212669683258,0.8875502008032129,0.1584635393185907,0.23529411764705882
grounding,443,0.8895582329317269,0.9267897769296662,0.6501128668171557,0.8895582329317269,0.1532841370424437,0.23702031602708803
grounding,444,0.891566265060241,0.9289371969972388,0.6509009009009009,0.891566265060241,0.1478211895700824,0.23873873873873874
grounding,445,0.893574297188755,0.929440396618584,0.651685393258427,0.893574297188755,0.146876813337186,0.24044943820224718
grounding,446,0.8955823293172691,0.9300095833172252,0.6524663677130045,0.8955823293172691,0.146109979816152,0.242152466367713
grounding,447,0.8975903614457831,0.93014849084365,0.6532438478747203,0.8975903614457831,0.145948931045694,0.24384787472035793
grounding,448,0.8995983935742972,0.9302972655427058,0.6540178571428571,0.8995983935742972,0.1441049451274126,0.24553571428571427
grounding,449,0.9016064257028112,0.9307382353705048,0.6547884187082406,0.9016064257028112,0.1422445246134026,0.24721603563474387
grounding,450,0.9036144578313253,0.9312487198607334,0.6555555555555556,0.9036144578313253,0.1409406225423703,0.24666666666666667
grounding,451,0.9056224899598394,0.93135911616487,0.656319290465632,0.9056224899598394,0.1379332376557023,0.24833702882483372
grounding,452,0.9076305220883534,0.9316221327039654,0.6570796460176991,0.9076305220883534,0.1376111695733759,0.25
grounding,453,0.9096385542168675,0.9316463462313056,0.6578366445916115,0.9096385542168675,0.1142679778929523,0.25165562913907286
grounding,454,0.9116465863453815,0.9323212104700264,0.6585903083700441,0.9116465863453815,0.1105846087295213,0.2533039647577093
grounding,455,0.9136546184738956,0.9327349644293608,0.6593406593406593,0.9136546184738956,0.104779421462711,0.2549450549450549
grounding,456,0.9156626506024096,0.9332955402893222,0.6600877192982456,0.9156626506024096,0.0978647655223272,0.2565789473684211
grounding,457,0.9176706827309237,0.9339007823429972,0.6608315098468271,0.9176706827309237,0.0845934121254689,0.25820568927789933
grounding,458,0.9196787148594378,0.934158803734554,0.6615720524017468,0.9196787148594378,0.0802397674513775,0.259825327510917
grounding,459,0.9216867469879518,0.9344437632927828,0.6623093681917211,0.9216867469879518,0.0768604219001591,0.25925925925925924
grounding,460,0.9236947791164659,0.934848328927202,0.6630434782608695,0.9236947791164659,0.0738384198740226,0.25869565217391305
grounding,461,0.9257028112449799,0.9348801426498234,0.6637744034707158,0.9257028112449799,0.0669921116808007,0.2603036876355748
grounding,462,0.927710843373494,0.9355281131463168,0.6645021645021645,0.927710843373494,0.0634009792532134,0.2619047619047619
grounding,463,0.929718875502008,0.9358573914804644,0.6652267818574514,0.929718875502008,0.0566351505938833,0.2634989200863931
grounding,464,0.9317269076305221,0.9363519621268876,0.665948275862069,0.9317269076305221,0.054719531768388,0.2650862068965517
grounding,465,0.9337349397590361,0.9363991252470764,0.6666666666666666,0.9337349397590361,0.0485939318808102,0.26666666666666666
grounding,466,0.9357429718875502,0.9365282335047872,0.6673819742489271,0.9357429718875502,0.0454610078846742,0.26824034334763946
grounding,467,0.9377510040160643,0.9367791471274044,0.6680942184154176,0.9377510040160643,0.0452475015544025,0.2698072805139186
grounding,468,0.9397590361445783,0.9372932342216952,0.6688034188034188,0.9397590361445783,0.0441227962689237,0.27136752136752135
grounding,469,0.9417670682730924,0.9373330730905124,0.6695095948827292,0.9417670682730924,0.0393491922037744,0.27292110874200426
grounding,470,0.9437751004016064,0.9375948392310564,0.6702127659574468,0.9437751004016064,0.0385568197580651,0.274468085106383
grounding,471,0.9457831325301205,0.9383506091360552,0.6709129511677282,0.9457831325301205,0.0355692040178433,0.2760084925690021
grounding,472,0.9477911646586346,0.9402380808586528,0.6716101694915254,0.9477911646586346,0.0351768437130721,0.2754237288135593
grounding,473,0.9497991967871486,0.9406808196369324,0.6723044397463002,0.9497991967871486,0.0325676146222343,0.2748414376321353
grounding,474,0.9518072289156626,0.940926687063095,0.6729957805907173,0.9518072289156626,0.0313711328347536,0.27637130801687765
grounding,475,0.9538152610441767,0.94165032946615,0.6736842105263158,0.9538152610441767,0.0252629330916073,0.27789473684210525
grounding,476,0.9558232931726908,0.9429024270913258,0.6743697478991597,0.9558232931726908,0.0246251590186769,0.27941176470588236
grounding,477,0.9578313253012049,0.943855335623796,0.6750524109014675,0.9578313253012049,0.0212285778108406,0.2809224318658281
grounding,478,0.9598393574297188,0.9438694479622474,0.6757322175732218,0.9598393574297188,0.0187122537154691,0.2824267782426778
grounding,479,0.9618473895582329,0.9456328538486076,0.6764091858037579,0.9618473895582329,0.0176126962297664,0.2839248434237996
grounding,480,0.963855421686747,0.9456766955042768,0.6770833333333334,0.963855421686747,0.0166372996100035,0.28541666666666665
grounding,481,0.9658634538152611,0.9467269590694504,0.6777546777546778,0.9658634538152611,0.0138393284090221,0.2869022869022869
grounding,482,0.9678714859437751,0.9476781677667548,0.6784232365145229,0.9678714859437751,0.0133862999943485,0.2883817427385892
grounding,483,0.9698795180722891,0.9478368153275964,0.6790890269151139,0.9698795180722891,0.0121942006771092,0.2898550724637681
grounding,484,0.9718875502008032,0.949087372905377,0.6797520661157025,0.9718875502008032,0.0120957659549119,0.29132231404958675
grounding,485,0.9738955823293173,0.9495939301983448,0.6804123711340206,0.9738955823293173,0.0112152090820974,0.2927835051546392
grounding,486,0.9759036144578314,0.9498450444724416,0.6810699588477366,0.9759036144578314,0.0080310765415684,0.294238683127572
grounding,487,0.9779116465863453,0.9521316062133636,0.6817248459958932,0.9779116465863453,0.005869494988171,0.29568788501026694
grounding,488,0.9799196787148594,0.9530289990547436,0.6823770491803278,0.9799196787148594,0.0058546319817617,0.29713114754098363
grounding,489,0.9819277108433735,0.9544703865394406,0.6830265848670757,0.9819277108433735,0.0051692855342078,0.2985685071574642
grounding,490,0.9839357429718876,0.955803076496998,0.6836734693877551,0.9839357429718876,0.0033523005526078,0.3
grounding,491,0.9859437751004017,0.9561669962991388,0.6843177189409368,0.9859437751004017,0.0030322232354339,0.3014256619144603
grounding,492,0.9879518072289156,0.9574870884910408,0.6849593495934959,0.9879518072289156,0.0029915943948848,0.30284552845528456
grounding,493,0.9899598393574297,0.9604904766188836,0.6855983772819473,0.9899598393574297,0.0025283114420399,0.30425963488843816
grounding,494,0.9919678714859438,0.9625757785509108,0.6862348178137652,0.9919678714859438,0.0014025060903958,0.305668016194332
grounding,495,0.9939759036144579,0.9659653793284892,0.6868686868686869,0.9939759036144579,0.0011563735809985,0.30707070707070705
grounding,496,0.9959839357429718,0.9664203345595462,0.6875,0.9959839357429718,0.0009291052353143,0.3084677419354839
grounding,497,0.9979919678714859,0.971335284475937,0.6881287726358148,0.9979919678714859,0.0003476849171072,0.30985915492957744
grounding,498,1.0,0.9785108856602114,0.6887550200803213,1.0,0.0001098853519889,0.3112449799196787
context_action+grounding,1,0.002008032128514056,0.0003748068528747,0.0,0.002008032128514056,0.9999932176131626,0.0
context_action+grounding,2,0.004016064257028112,0.0008785700178563,0.0,0.004016064257028112,0.9999806790640948,0.0
context_action+grounding,3,0.006024096385542169,0.0013644545948974,0.0,0.006024096385542169,0.9998490909908242,0.0
context_action+grounding,4,0.008032128514056224,0.0013862779777197,0.0,0.008032128514056224,0.999815484691069,0.0
context_action+grounding,5,0.010040160642570281,0.0022930406123031,0.0,0.010040160642570281,0.9997605943420772,0.0
context_action+grounding,6,0.012048192771084338,0.0023382612015533,0.0,0.012048192771084338,0.9995958390327436,0.0
context_action+grounding,7,0.014056224899598393,0.0032724949257584,0.0,0.014056224899598393,0.9995952982116328,0.0
context_action+grounding,8,0.01606425702811245,0.0035006748789097,0.0,0.01606425702811245,0.9995761312283468,0.0
context_action+grounding,9,0.018072289156626505,0.0049636272074326,0.0,0.018072289156626505,0.9994820642820876,0.0
context_action+grounding,10,0.020080321285140562,0.0051895486256974,0.0,0.020080321285140562,0.9994050689044413,0.0
context_action+grounding,11,0.02208835341365462,0.0055763331347119,0.0,0.02208835341365462,0.999244922964313,0.0
context_action+grounding,12,0.024096385542168676,0.0056431859849586,0.0,0.024096385542168676,0.9991798476901006,0.0
context_action+grounding,13,0.02610441767068273,0.0059673341277426,0.0,0.02610441767068273,0.998816383256404,0.0
context_action+grounding,14,0.028112449799196786,0.0093147596908152,0.0,0.028112449799196786,0.9986544481426218,0.0
context_action+grounding,15,0.030120481927710843,0.0105676072938334,0.0,0.030120481927710843,0.9985735147445776,0.0
context_action+grounding,16,0.0321285140562249,0.0107317153834975,0.0,0.0321285140562249,0.9984915799806054,0.0
context_action+grounding,17,0.03413654618473896,0.0120176581166154,0.0,0.03413654618473896,0.9983458314466104,0.0
context_action+grounding,18,0.03614457831325301,0.0121451592602153,0.0,0.03614457831325301,0.9983080733584972,0.0
context_action+grounding,19,0.03815261044176707,0.0152200419216983,0.0,0.03815261044176707,0.99787026345615,0.0
context_action+grounding,20,0.040160642570281124,0.0208620911547394,0.0,0.040160642570281124,0.997351113318038,0.0
context_action+grounding,21,0.04216867469879518,0.0227349174330386,0.0,0.04216867469879518,0.9970538042479752,0.0
context_action+grounding,22,0.04417670682730924,0.0236888123366722,0.0,0.04417670682730924,0.9968533503865034,0.0
context_action+grounding,23,0.04618473895582329,0.0245190473183715,0.0,0.04618473895582329,0.9968124581546444,0.0
context_action+grounding,24,0.04819277108433735,0.0259634553703619,0.0,0.04819277108433735,0.9962715041741024,0.0
context_action+grounding,25,0.050200803212851405,0.026553955226818,0.0,0.050200803212851405,0.9953693500071116,0.0
context_action+grounding,26,0.05220883534136546,0.0267472437654252,0.0,0.05220883534136546,0.9947383795374324,0.0
context_action+grounding,27,0.05421686746987952,0.0289330903906252,0.0,0.05421686746987952,0.9936987235024664,0.0
context_action+grounding,28,0.05622489959839357,0.0350152331585418,0.0,0.05622489959839357,0.9934572433336945,0.0
context_action+grounding,29,0.05823293172690763,0.0375391557850415,0.0,0.05823293172690763,0.9922823909483126,0.0
context_action+grounding,30,0.060240963855421686,0.0390795169456928,0.0,0.060240963855421686,0.990652177574316,0.0
context_action+grounding,31,0.06224899598393574,0.0437753651522114,0.0,0.06224899598393574,0.9905154638354162,0.0
context_action+grounding,32,0.0642570281124498,0.0446747994073537,0.0,0.0642570281124498,0.9890244818410748,0.0
context_action+grounding,33,0.06626506024096386,0.0501477786000386,0.0,0.06626506024096386,0.9885942044462516,0.0
context_action+grounding,34,0.06827309236947791,0.0515006153505908,0.0,0.06827309236947791,0.9878367839552886,0.0
context_action+grounding,35,0.07028112449799197,0.0617578867166461,0.0,0.07028112449799197,0.9863650863203516,0.0
context_action+grounding,36,0.07228915662650602,0.0688964755554503,0.0,0.07228915662650602,0.9858155820128162,0.0
context_action+grounding,37,0.07429718875502007,0.0713693661477425,0.0,0.07429718875502007,0.985479306885343,0.0
context_action+grounding,38,0.07630522088353414,0.0740876196389486,0.0,0.07630522088353414,0.9843316753570404,0.0
context_action+grounding,39,0.0783132530120482,0.0767601225263157,0.0,0.0783132530120482,0.9838520351323572,0.0
context_action+grounding,40,0.08032128514056225,0.0815217143184972,0.0,0.08032128514056225,0.9833439752177304,0.0
context_action+grounding,41,0.0823293172690763,0.0852650832657404,0.0,0.0823293172690763,0.9829107785480028,0.0
context_action+grounding,42,0.08433734939759036,0.089206688220457,0.0,0.08433734939759036,0.9828991609110328,0.0
context_action+grounding,43,0.08634538152610442,0.0895743733190762,0.0,0.08634538152610442,0.9817121921863936,0.0
context_action+grounding,44,0.08835341365461848,0.08977796341887,0.0,0.08835341365461848,0.9807304693410552,0.0
context_action+grounding,45,0.09036144578313253,0.0915578109189042,0.022222222222222223,0.09036144578313253,0.980219268148368,0.0
context_action+grounding,46,0.09236947791164658,0.0949334901150544,0.021739130434782608,0.09236947791164658,0.9779293300189064,0.0
context_action+grounding,47,0.09437751004016064,0.0964175177205352,0.02127659574468085,0.09437751004016064,0.976392635487606,0.0
context_action+grounding,48,0.0963855421686747,0.0990754819195652,0.041666666666666664,0.0963855421686747,0.975190206842312,0.0
context_action+grounding,49,0.09839357429718876,0.1094483275911142,0.04081632653061224,0.09839357429718876,0.9738030267410094,0.0
context_action+grounding,50,0.10040160642570281,0.1236345726356707,0.04,0.10040160642570281,0.9717149466531196,0.0
context_action+grounding,51,0.10240963855421686,0.1253543776665245,0.0392156862745098,0.10240963855421686,0.9714336089412576,0.0
context_action+grounding,52,0.10441767068273092,0.1262406039440906,0.057692307692307696,0.10441767068273092,0.9710999953866568,0.0
context_action+grounding,53,0.10642570281124498,0.1279397353835984,0.05660377358490566,0.10642570281124498,0.9707717396166606,0.0
context_action+grounding,54,0.10843373493975904,0.1290945579955427,0.07407407407407407,0.10843373493975904,0.970614901125402,0.0
context_action+grounding,55,0.11044176706827309,0.1305601364067393,0.07272727272727272,0.11044176706827309,0.96892798105431,0.0
context_action+grounding,56,0.11244979919678715,0.1437591788295708,0.07142857142857142,0.11244979919678715,0.9683992399610268,0.0
context_action+grounding,57,0.1144578313253012,0.1453881657806848,0.07017543859649122,0.1144578313253012,0.9682585361147584,0.0
context_action+grounding,58,0.11646586345381527,0.1467583266355827,0.08620689655172414,0.11646586345381527,0.9679357090634598,0.0
context_action+grounding,59,0.11847389558232932,0.1514381867448922,0.0847457627118644,0.11847389558232932,0.9678828791412823,0.0
context_action+grounding,60,0.12048192771084337,0.1539707475113198,0.08333333333333333,0.12048192771084337,0.967827986939536,0.0
context_action+grounding,61,0.12248995983935743,0.1762250980997549,0.08196721311475409,0.12248995983935743,0.96729723803482,0.0
context_action+grounding,62,0.12449799196787148,0.1794865051170107,0.08064516129032258,0.12449799196787148,0.967247650636213,0.0
context_action+grounding,63,0.12650602409638553,0.1822864492071148,0.07936507936507936,0.12650602409638553,0.9671179677351658,0.0
context_action+grounding,64,0.1285140562248996,0.1861830410762291,0.078125,0.1285140562248996,0.9663417993379146,0.0
context_action+grounding,65,0.13052208835341367,0.1870378623315753,0.07692307692307693,0.13052208835341367,0.9651747314256056,0.0
context_action+grounding,66,0.13253012048192772,0.1882357231084478,0.07575757575757576,0.13253012048192772,0.9643975764731452,0.0
context_action+grounding,67,0.13453815261044177,0.1942870110709628,0.07462686567164178,0.13453815261044177,0.9632955006139202,0.0
context_action+grounding,68,0.13654618473895583,0.1983722059417371,0.07352941176470588,0.13654618473895583,0.963210174669961,0.0
context_action+grounding,69,0.13855421686746988,0.2022632262578637,0.07246376811594203,0.13855421686746988,0.9625701073206204,0.0
context_action+grounding,70,0.14056224899598393,0.2031068046946658,0.08571428571428572,0.14056224899598393,0.9603183387639016,0.0
context_action+grounding,71,0.142570281124498,0.2136564297520457,0.09859154929577464,0.142570281124498,0.9581135468853206,0.0
context_action+grounding,72,0.14457831325301204,0.221362307656853,0.09722222222222222,0.14457831325301204,0.957220250664458,0.0
context_action+grounding,73,0.1465863453815261,0.2214539669343942,0.1095890410958904,0.1465863453815261,0.9554564963585896,0.0
context_action+grounding,74,0.14859437751004015,0.2255821327364234,0.10810810810810811,0.14859437751004015,0.9551882929723698,0.0
context_action+grounding,75,0.15060240963855423,0.2324030642084402,0.10666666666666667,0.15060240963855423,0.9550299086387464,0.0
context_action+grounding,76,0.15261044176706828,0.2326622094717429,0.10526315789473684,0.15261044176706828,0.9539889555179568,0.0
context_action+grounding,77,0.15461847389558234,0.2360194718160637,0.11688311688311688,0.15461847389558234,0.9538251778928502,0.0
context_action+grounding,78,0.1566265060240964,0.2414522640351282,0.1282051282051282,0.1566265060240964,0.9535281001311328,0.0
context_action+grounding,79,0.15863453815261044,0.2459625090646678,0.13924050632911392,0.15863453815261044,0.951996136279337,0.0
context_action+grounding,80,0.1606425702811245,0.2532895287387366,0.1375,0.1606425702811245,0.9516294818290828,0.0
context_action+grounding,81,0.16265060240963855,0.2557542284620918,0.13580246913580246,0.16265060240963855,0.9515641620021258,0.0
context_action+grounding,82,0.1646586345381526,0.2558253246984808,0.13414634146341464,0.1646586345381526,0.9494294449750446,0.0
context_action+grounding,83,0.16666666666666666,0.2585166633397985,0.13253012048192772,0.16666666666666666,0.9493145578671496,0.0
context_action+grounding,84,0.1686746987951807,0.2689645554004964,0.13095238095238096,0.1686746987951807,0.9448272046675916,0.0
context_action+grounding,85,0.1706827309236948,0.2705322607654082,0.12941176470588237,0.1706827309236948,0.9442930809094344,0.0
context_action+grounding,86,0.17269076305220885,0.2717128675644852,0.12790697674418605,0.17269076305220885,0.9439564760010184,0.0
context_action+grounding,87,0.1746987951807229,0.2742145068019789,0.12643678160919541,0.1746987951807229,0.9433516929368896,0.0
context_action+grounding,88,0.17670682730923695,0.3076631268480393,0.125,0.17670682730923695,0.940323809609098,0.0
context_action+grounding,89,0.178714859437751,0.3233548660864739,0.12359550561797752,0.178714859437751,0.9398285353126522,0.0
context_action+grounding,90,0.18072289156626506,0.3247478590591622,0.12222222222222222,0.18072289156626506,0.9394155072599776,0.0
context_action+grounding,91,0.1827309236947791,0.3311950760390251,0.12087912087912088,0.1827309236947791,0.9392002609375996,0.0
context_action+grounding,92,0.18473895582329317,0.3394123173143333,0.11956521739130435,0.18473895582329317,0.9390007195433504,0.0
context_action+grounding,93,0.18674698795180722,0.3493229343778505,0.11827956989247312,0.18674698795180722,0.93865864412851,0.0
context_action+grounding,94,0.18875502008032127,0.3515040812790913,0.1276595744680851,0.18875502008032127,0.9382694884482264,0.0
context_action+grounding,95,0.19076305220883535,0.3521475780246306,0.1368421052631579,0.19076305220883535,0.937857069689719,0.0
context_action+grounding,96,0.1927710843373494,0.3570811836039804,0.13541666666666666,0.1927710843373494,0.936679996593918,0.0
context_action+grounding,97,0.19477911646586346,0.3616274990517237,0.13402061855670103,0.19477911646586346,0.9363905793339096,0.0
context_action+grounding,98,0.19678714859437751,0.3683930503647959,0.14285714285714285,0.19678714859437751,0.9361003651122746,0.0
context_action+grounding,99,0.19879518072289157,0.3691004586350811,0.1414141414141414,0.19879518072289157,0.9354747147143893,0.0
context_action+grounding,100,0.20080321285140562,0.374492825986615,0.14,0.20080321285140562,0.9354269882375684,0.0
context_action+grounding,101,0.20281124497991967,0.3765413641157168,0.1485148514851485,0.20281124497991967,0.9348616747633944,0.0
context_action+grounding,102,0.20481927710843373,0.3778350215910038,0.14705882352941177,0.20481927710843373,0.9348246864120644,0.0
context_action+grounding,103,0.20682730923694778,0.3833091767791692,0.14563106796116504,0.20682730923694778,0.930346551018278,0.0
context_action+grounding,104,0.20883534136546184,0.3893912754885447,0.14423076923076922,0.20883534136546184,0.9290492303560336,0.0
context_action+grounding,105,0.21084337349397592,0.402004862880324,0.1523809523809524,0.21084337349397592,0.9282625669871832,0.0
context_action+grounding,106,0.21285140562248997,0.4085288339849338,0.16037735849056603,0.21285140562248997,0.9275224496242792,0.0
context_action+grounding,107,0.21485943775100402,0.409088168893696,0.16822429906542055,0.21485943775100402,0.9273349397398456,0.0
context_action+grounding,108,0.21686746987951808,0.4109486309913936,0.16666666666666666,0.21686746987951808,0.9263412063834794,0.0
context_action+grounding,109,0.21887550200803213,0.4139792505159752,0.1743119266055046,0.21887550200803213,0.9256772987497672,0.0
context_action+grounding,110,0.22088353413654618,0.4152843510405556,0.17272727272727273,0.22088353413654618,0.9251660375150252,0.0
context_action+grounding,111,0.22289156626506024,0.4159502395761859,0.18018018018018017,0.22289156626506024,0.925001062703902,0.0
context_action+grounding,112,0.2248995983935743,0.4231974016758414,0.1875,0.2248995983935743,0.9243083274621098,0.0
context_action+grounding,113,0.22690763052208834,0.4393151771480258,0.18584070796460178,0.22690763052208834,0.924090541899278,0.0
context_action+grounding,114,0.2289156626506024,0.4438829629807822,0.18421052631578946,0.2289156626506024,0.9238563361641456,0.0
context_action+grounding,115,0.23092369477911648,0.4443114768522722,0.1826086956521739,0.23092369477911648,0.9234699515261264,0.0
context_action+grounding,116,0.23293172690763053,0.4495333386681855,0.1810344827586207,0.23293172690763053,0.923398710316181,0.0
context_action+grounding,117,0.23493975903614459,0.4695954631225814,0.1794871794871795,0.23493975903614459,0.9229343721476672,0.0
context_action+grounding,118,0.23694779116465864,0.47220535102752,0.1864406779661017,0.23694779116465864,0.9226097938274324,0.0
context_action+grounding,119,0.2389558232931727,0.4866642594379189,0.18487394957983194,0.2389558232931727,0.9223054724903034,0.0
context_action+grounding,120,0.24096385542168675,0.4868127469461427,0.18333333333333332,0.24096385542168675,0.9209784933244338,0.0
context_action+grounding,121,0.2429718875502008,0.4905657010967146,0.18181818181818182,0.2429718875502008,0.9198622729390538,0.0
context_action+grounding,122,0.24497991967871485,0.4922557675073252,0.18032786885245902,0.24497991967871485,0.9191561426902024,0.0
context_action+grounding,123,0.2469879518072289,0.4989579180842075,0.18699186991869918,0.2469879518072289,0.91894259263988,0.0
context_action+grounding,124,0.24899598393574296,0.5005614922707629,0.18548387096774194,0.24899598393574296,0.9173833788088392,0.0
context_action+grounding,125,0.25100401606425704,0.5106334626324613,0.184,0.25100401606425704,0.9170730660413386,0.0
context_action+grounding,126,0.25301204819277107,0.5137846169963551,0.18253968253968253,0.25301204819277107,0.9170695555879538,0.0
context_action+grounding,127,0.25502008032128515,0.5184933363984564,0.18110236220472442,0.25502008032128515,0.9166658337419252,0.0
context_action+grounding,128,0.2570281124497992,0.5207798799666393,0.1796875,0.2570281124497992,0.9158798069929728,0.0
context_action+grounding,129,0.25903614457831325,0.5386327436363871,0.18604651162790697,0.25903614457831325,0.9155452120229184,0.0
context_action+grounding,130,0.26104417670682734,0.54471199885727,0.18461538461538463,0.26104417670682734,0.9138123552131387,0.0
context_action+grounding,131,0.26305220883534136,0.5612215658523937,0.183206106870229,0.26305220883534136,0.9121227694525424,0.0
context_action+grounding,132,0.26506024096385544,0.5703919718786478,0.18181818181818182,0.26506024096385544,0.9119685793183272,0.0
context_action+grounding,133,0.26706827309236947,0.5736958500420521,0.18796992481203006,0.26706827309236947,0.9119426002977165,0.0
context_action+grounding,134,0.26907630522088355,0.5736960458133448,0.19402985074626866,0.26907630522088355,0.911375235485686,0.007462686567164179
context_action+grounding,135,0.2710843373493976,0.578773459993675,0.2,0.2710843373493976,0.9100994874134568,0.007407407407407408
context_action+grounding,136,0.27309236947791166,0.5816082448216772,0.20588235294117646,0.27309236947791166,0.9080893845993486,0.007352941176470588
context_action+grounding,137,0.2751004016064257,0.5828984397898844,0.2116788321167883,0.2751004016064257,0.9079154304805852,0.0072992700729927005
context_action+grounding,138,0.27710843373493976,0.5833147204122826,0.21739130434782608,0.27710843373493976,0.9077319538303728,0.007246376811594203
context_action+grounding,139,0.2791164658634538,0.5890651409938475,0.2158273381294964,0.2791164658634538,0.9075622379464436,0.007194244604316547
context_action+grounding,140,0.28112449799196787,0.6107970531434979,0.22142857142857142,0.28112449799196787,0.9059125373492706,0.007142857142857143
context_action+grounding,141,0.28313253012048195,0.6178671066083047,0.22695035460992907,0.28313253012048195,0.9052150566007664,0.0070921985815602835
context_action+grounding,142,0.285140562248996,0.6211918056407031,0.2323943661971831,0.285140562248996,0.9045394717669312,0.007042253521126761
context_action+grounding,143,0.28714859437751006,0.6364872846785958,0.23776223776223776,0.28714859437751006,0.9045323005885002,0.006993006993006993
context_action+grounding,144,0.2891566265060241,0.6406105849228618,0.2361111111111111,0.2891566265060241,0.9035756604618748,0.006944444444444444
context_action+grounding,145,0.29116465863453816,0.6427269209877382,0.23448275862068965,0.29116465863453816,0.9030811575276094,0.006896551724137931
context_action+grounding,146,0.2931726907630522,0.6439685949252631,0.23972602739726026,0.2931726907630522,0.9026702206519416,0.00684931506849315
context_action+grounding,147,0.29518072289156627,0.6470811894249916,0.23809523809523808,0.29518072289156627,0.9016606950485592,0.006802721088435374
context_action+grounding,148,0.2971887550200803,0.6488297269360875,0.23648648648648649,0.2971887550200803,0.9015657323458072,0.006756756756756757
context_action+grounding,149,0.2991967871485944,0.6529424544344294,0.24161073825503357,0.2991967871485944,0.901353924248155,0.006711409395973154
context_action+grounding,150,0.30120481927710846,0.6545414055710793,0.24666666666666667,0.30120481927710846,0.900863569886476,0.006666666666666667
context_action+grounding,151,0.3032128514056225,0.6560088475210458,0.25165562913907286,0.3032128514056225,0.8997690744000857,0.006622516556291391
context_action+grounding,152,0.30522088353413657,0.6644075224737813,0.25,0.30522088353413657,0.897266293672877,0.006578947368421052
context_action+grounding,153,0.3072289156626506,0.6652004383133707,0.2549019607843137,0.3072289156626506,0.8972322705109842,0.006535947712418301
context_action+grounding,154,0.3092369477911647,0.6691279859053385,0.2597402597402597,0.3092369477911647,0.897004225478244,0.006493506493506494
context_action+grounding,155,0.3112449799196787,0.670484659574094,0.2645161290322581,0.3112449799196787,0.8962233118522529,0.0064516129032258064
context_action+grounding,156,0.3132530120481928,0.6737180888288746,0.26282051282051283,0.3132530120481928,0.8948250973459739,0.00641025641025641
context_action+grounding,157,0.3152610441767068,0.6751300103749618,0.2611464968152866,0.3152610441767068,0.894156765887461,0.006369426751592357
context_action+grounding,158,0.3172690763052209,0.6821251557030765,0.25949367088607594,0.3172690763052209,0.8938542733920618,0.006329113924050633
context_action+grounding,159,0.3192771084337349,0.68495755744804,0.2578616352201258,0.3192771084337349,0.8932961186950495,0.006289308176100629
context_action+grounding,160,0.321285140562249,0.6850816018406904,0.2625,0.321285140562249,0.8920362014674098,0.00625
context_action+grounding,161,0.3232931726907631,0.6852309604017974,0.2670807453416149,0.3232931726907631,0.8918925622483618,0.006211180124223602
context_action+grounding,162,0.3253012048192771,0.6864554962888276,0.2716049382716049,0.3253012048192771,0.8907994080259872,0.006172839506172839
context_action+grounding,163,0.3273092369477912,0.6869046879767338,0.26993865030674846,0.3273092369477912,0.8902760726780711,0.006134969325153374
context_action+grounding,164,0.3293172690763052,0.6886558997405636,0.2682926829268293,0.3293172690763052,0.8899420495832349,0.006097560975609756
context_action+grounding,165,0.3313253012048193,0.6924891881996121,0.2727272727272727,0.3313253012048193,0.889802450638948,0.012121212121212121
context_action+grounding,166,0.3333333333333333,0.6929304848065068,0.27710843373493976,0.3333333333333333,0.8894335207164729,0.012048192771084338
context_action+grounding,167,0.3353413654618474,0.6972644660594299,0.281437125748503,0.3353413654618474,0.8891528101691876,0.011976047904191617
context_action+grounding,168,0.3373493975903614,0.6990536803401678,0.2857142857142857,0.3373493975903614,0.8889588732328821,0.011904761904761904
context_action+grounding,169,0.3393574297188755,0.6995615331099196,0.28402366863905326,0.3393574297188755,0.8886513422676933,0.011834319526627219
context_action+grounding,170,0.3413654618473896,0.7020358933206506,0.28823529411764703,0.3413654618473896,0.8878962880658302,0.011764705882352941
context_action+grounding,171,0.3433734939759036,0.7051790100957764,0.29239766081871343,0.3433734939759036,0.8878475214777792,0.011695906432748537
context_action+grounding,172,0.3453815261044177,0.7055747990269845,0.29651162790697677,0.3453815261044177,0.8873749967464514,0.011627906976744186
context_action+grounding,173,0.3473895582329317,0.7117870359142692,0.30057803468208094,0.3473895582329317,0.8871719229912626,0.011560693641618497
context_action+grounding,174,0.3493975903614458,0.7119176417760518,0.3045977011494253,0.3493975903614458,0.8868022464793333,0.011494252873563218
context_action+grounding,175,0.3514056224899598,0.7124042665978505,0.30857142857142855,0.3514056224899598,0.8864710543362871,0.011428571428571429
context_action+grounding,176,0.3534136546184739,0.7130402602417604,0.3125,0.3534136546184739,0.8863813424173549,0.017045454545454544
context_action+grounding,177,0.35542168674698793,0.71531924194205,0.3163841807909605,0.35542168674698793,0.8863107748635217,0.01694915254237288
context_action+grounding,178,0.357429718875502,0.717247485959247,0.3202247191011236,0.357429718875502,0.8832874356074909,0.016853932584269662
context_action+grounding,179,0.35943775100401604,0.7177655981549975,0.3240223463687151,0.35943775100401604,0.8820658321589427,0.01675977653631285
context_action+grounding,180,0.3614457831325301,0.7183497909635274,0.3277777777777778,0.3614457831325301,0.8818548072809917,0.016666666666666666
context_action+grounding,181,0.3634538152610442,0.723169982083701,0.3314917127071823,0.3634538152610442,0.8818079409180478,0.022099447513812154
context_action+grounding,182,0.3654618473895582,0.7269515232838721,0.32967032967032966,0.3654618473895582,0.8813811849992103,0.02197802197802198
context_action+grounding,183,0.3674698795180723,0.730639623410549,0.32786885245901637,0.3674698795180723,0.8807028366543498,0.02185792349726776
context_action+grounding,184,0.36947791164658633,0.7337551288439593,0.33152173913043476,0.36947791164658633,0.880057198510627,0.021739130434782608
context_action+grounding,185,0.3714859437751004,0.7344677376295942,0.33513513513513515,0.3714859437751004,0.878723739334768,0.021621621621621623
context_action+grounding,186,0.37349397590361444,0.7360479992055508,0.3333333333333333,0.37349397590361444,0.8776423926666947,0.021505376344086023
context_action+grounding,187,0.3755020080321285,0.7364816001886372,0.33689839572192515,0.3755020080321285,0.8767618213860493,0.0213903743315508
context_action+grounding,188,0.37751004016064255,0.7369869105353286,0.3404255319148936,0.37751004016064255,0.8765439471194222,0.02127659574468085
context_action+grounding,189,0.3795180722891566,0.7374431298108972,0.3386243386243386,0.3795180722891566,0.8764963437978348,0.021164021164021163
context_action+grounding,190,0.3815261044176707,0.7391039342376299,0.34210526315789475,0.3815261044176707,0.8740327463039697,0.021052631578947368
context_action+grounding,191,0.38353413654618473,0.742869738182824,0.3403141361256545,0.38353413654618473,0.8735410417693225,0.020942408376963352
context_action+grounding,192,0.3855421686746988,0.7440573028398151,0.34375,0.3855421686746988,0.8733694119589268,0.020833333333333332
context_action+grounding,193,0.38755020080321284,0.7443004243286455,0.34196891191709844,0.38755020080321284,0.8733564482913615,0.02072538860103627
context_action+grounding,194,0.3895582329317269,0.7463042141330007,0.34536082474226804,0.3895582329317269,0.8732360181791249,0.020618556701030927
context_action+grounding,195,0.39156626506024095,0.751750812235594,0.3435897435897436,0.39156626506024095,0.8726233311759873,0.020512820512820513
context_action+grounding,196,0.39357429718875503,0.7525870302821317,0.3469387755102041,0.39357429718875503,0.8725100471309262,0.02040816326530612
context_action+grounding,197,0.39558232931726905,0.7539288867928796,0.350253807106599,0.39558232931726905,0.8722683182128254,0.02030456852791878
context_action+grounding,198,0.39759036144578314,0.7542830809593828,0.35353535353535354,0.39759036144578314,0.8721649071743262,0.020202020202020204
context_action+grounding,199,0.39959839357429716,0.7550552761567788,0.35175879396984927,0.39959839357429716,0.8713237952357653,0.020100502512562814
context_action+grounding,200,0.40160642570281124,0.7571437916897171,0.355,0.40160642570281124,0.8708087007852838,0.02
context_action+grounding,201,0.4036144578313253,0.7591883489868697,0.35323383084577115,0.4036144578313253,0.870383868940388,0.024875621890547265
context_action+grounding,202,0.40562248995983935,0.7620990331090504,0.3564356435643564,0.40562248995983935,0.8701981208004039,0.024752475247524754
context_action+grounding,203,0.40763052208835343,0.7661447810680343,0.35960591133004927,0.40763052208835343,0.8699658047677509,0.024630541871921183
context_action+grounding,204,0.40963855421686746,0.7663148632213537,0.3627450980392157,0.40963855421686746,0.8690826520355053,0.024509803921568627
context_action+grounding,205,0.41164658634538154,0.7668796315667727,0.36097560975609755,0.41164658634538154,0.8686851724774275,0.024390243902439025
context_action+grounding,206,0.41365461847389556,0.7676852993398882,0.3640776699029126,0.41365461847389556,0.8665193196748189,0.024271844660194174
context_action+grounding,207,0.41566265060240964,0.7683214032178919,0.3671497584541063,0.41566265060240964,0.8664509049745308,0.024154589371980676
context_action+grounding,208,0.41767068273092367,0.769081164996735,0.36538461538461536,0.41767068273092367,0.8659330397877195,0.028846153846153848
context_action+grounding,209,0.41967871485943775,0.7699808948863089,0.3684210526315789,0.41967871485943775,0.8654310578250055,0.028708133971291867
context_action+grounding,210,0.42168674698795183,0.770273415582671,0.37142857142857144,0.42168674698795183,0.8645097587334931,0.02857142857142857
context_action+grounding,211,0.42369477911646586,0.7704623787702928,0.3744075829383886,0.42369477911646586,0.8639716217638989,0.02843601895734597
context_action+grounding,212,0.42570281124497994,0.772291642167085,0.37735849056603776,0.42570281124497994,0.8625916634179807,0.0330188679245283
context_action+grounding,213,0.42771084337349397,0.775375762400415,0.3755868544600939,0.42771084337349397,0.8623920862961066,0.03286384976525822
context_action+grounding,214,0.42971887550200805,0.7757311398911696,0.37383177570093457,0.42971887550200805,0.8618903917077518,0.037383177570093455
context_action+grounding,215,0.43172690763052207,0.7766811368590917,0.3767441860465116,0.43172690763052207,0.8617371508465985,0.037209302325581395
context_action+grounding,216,0.43373493975903615,0.7807852880003947,0.37962962962962965,0.43373493975903615,0.8614781291208223,0.037037037037037035
context_action+grounding,217,0.4357429718875502,0.7810783723023431,0.3824884792626728,0.4357429718875502,0.8604438629335127,0.03686635944700461
context_action+grounding,218,0.43775100401606426,0.7831622845400106,0.38073394495412843,0.43775100401606426,0.8594517527499277,0.03669724770642202
context_action+grounding,219,0.4397590361445783,0.7836795639202624,0.3835616438356164,0.4397590361445783,0.8592909644811234,0.0365296803652968
context_action+grounding,220,0.44176706827309237,0.784527092937422,0.38181818181818183,0.44176706827309237,0.8581161425134497,0.03636363636363636
context_action+grounding,221,0.44377510040160645,0.7848377214983012,0.38009049773755654,0.44377510040160645,0.8573496657987674,0.03619909502262444
context_action+grounding,222,0.4457831325301205,0.7864509062296772,0.38288288288288286,0.4457831325301205,0.8569532777453481,0.036036036036036036
context_action+grounding,223,0.44779116465863456,0.7877662946374314,0.38565022421524664,0.44779116465863456,0.8562704045394801,0.03587443946188341
context_action+grounding,224,0.4497991967871486,0.7898770648291256,0.38839285714285715,0.4497991967871486,0.8541771858928471,0.03571428571428571
context_action+grounding,225,0.45180722891566266,0.7922669753014447,0.39111111111111113,0.45180722891566266,0.8539583292002242,0.04
context_action+grounding,226,0.4538152610441767,0.7924597853108493,0.3938053097345133,0.4538152610441767,0.8519398031744418,0.03982300884955752
context_action+grounding,227,0.45582329317269077,0.7936327176677801,0.3964757709251101,0.45582329317269077,0.8509996391941281,0.039647577092511016
context_action+grounding,228,0.4578313253012048,0.7942007334351219,0.39473684210526316,0.4578313253012048,0.850883685021914,0.043859649122807015
context_action+grounding,229,0.4598393574297189,0.7981752595983668,0.39737991266375544,0.4598393574297189,0.8497985147396454,0.043668122270742356
context_action+grounding,230,0.46184738955823296,0.7995398830942374,0.39565217391304347,0.46184738955823296,0.8497841854546246,0.043478260869565216
context_action+grounding,231,0.463855421686747,0.8009429300539893,0.39826839826839827,0.463855421686747,0.8493841535389856,0.04329004329004329
context_action+grounding,232,0.46586345381526106,0.8009658392233977,0.40086206896551724,0.46586345381526106,0.8489751743955591,0.04741379310344827
context_action+grounding,233,0.4678714859437751,0.8015547289479303,0.4034334763948498,0.4678714859437751,0.8488161454166083,0.04721030042918455
context_action+grounding,234,0.46987951807228917,0.8017192572110603,0.405982905982906,0.46987951807228917,0.8486281671094451,0.04700854700854701
context_action+grounding,235,0.4718875502008032,0.804688268088237,0.4085106382978723,0.4718875502008032,0.8463677217810883,0.04680851063829787
context_action+grounding,236,0.4738955823293173,0.8101263189731758,0.4110169491525424,0.4738955823293173,0.8458499596097406,0.046610169491525424
context_action+grounding,237,0.4759036144578313,0.8104686390807805,0.4092827004219409,0.4759036144578313,0.8448764819792064,0.046413502109704644
context_action+grounding,238,0.4779116465863454,0.8107364575501199,0.4117647058823529,0.4779116465863454,0.8433720854345351,0.046218487394957986
context_action+grounding,239,0.4799196787148594,0.8110071110326241,0.41422594142259417,0.4799196787148594,0.8425187730348085,0.04602510460251046
context_action+grounding,240,0.4819277108433735,0.8125869678681419,0.4166666666666667,0.4819277108433735,0.8420804194768219,0.05
context_action+grounding,241,0.4839357429718876,0.8138925845900308,0.4190871369294606,0.4839357429718876,0.8419781038606999,0.04979253112033195
context_action+grounding,242,0.4859437751004016,0.8192389988312775,0.4214876033057851,0.4859437751004016,0.8418771022899433,0.049586776859504134
context_action+grounding,243,0.4879518072289157,0.8206708518913544,0.42386831275720166,0.4879518072289157,0.841091930934364,0.04938271604938271
context_action+grounding,244,0.4899598393574297,0.8222072780901236,0.42213114754098363,0.4899598393574297,0.8395755550330666,0.04918032786885246
context_action+grounding,245,0.4919678714859438,0.825989020221982,0.42448979591836733,0.4919678714859438,0.839156883315964,0.04897959183673469
context_action+grounding,246,0.4939759036144578,0.8262688975076615,0.4268292682926829,0.4939759036144578,0.8357029002668205,0.04878048780487805
context_action+grounding,247,0.4959839357429719,0.8283020700977117,0.4291497975708502,0.4959839357429719,0.8321065053810105,0.048582995951417005
context_action+grounding,248,0.4979919678714859,0.8283482112380537,0.4314516129032258,0.4979919678714859,0.8318834674864535,0.04838709677419355
context_action+grounding,249,0.5,0.8292144847351903,0.42971887550200805,0.5,0.8312964590067348,0.05220883534136546
context_action+grounding,250,0.5020080321285141,0.8312964590067348,0.428,0.5020080321285141,0.8292144847351903,0.056
context_action+grounding,251,0.5040160642570282,0.8318834674864535,0.4302788844621514,0.5040160642570282,0.8283482112380537,0.055776892430278883
context_action+grounding,252,0.5060240963855421,0.8321065053810105,0.43253968253968256,0.5060240963855421,0.8283020700977117,0.05555555555555555
context_action+grounding,253,0.5080321285140562,0.8357029002668205,0.43478260869565216,0.5080321285140562,0.8262688975076615,0.05533596837944664
context_action+grounding,254,0.5100401606425703,0.839156883315964,0.43700787401574803,0.5100401606425703,0.825989020221982,0.05511811023622047
context_action+grounding,255,0.5120481927710844,0.8395755550330666,0.4392156862745098,0.5120481927710844,0.8222072780901236,0.058823529411764705
context_action+grounding,256,0.5140562248995983,0.841091930934364,0.44140625,0.5140562248995983,0.8206708518913544,0.05859375
context_action+grounding,257,0.5160642570281124,0.8418771022899433,0.44357976653696496,0.5160642570281124,0.8192389988312775,0.058365758754863814
context_action+grounding,258,0.5180722891566265,0.8419781038606999,0.44573643410852715,0.5180722891566265,0.8138925845900308,0.05813953488372093
context_action+grounding,259,0.5200803212851406,0.8420804194768219,0.444015444015444,0.5200803212851406,0.8125869678681419,0.05791505791505792
context_action+grounding,260,0.5220883534136547,0.8425187730348085,0.4461538461538462,0.5220883534136547,0.8110071110326241,0.057692307692307696
context_action+grounding,261,0.5240963855421686,0.8433720854345351,0.4482758620689655,0.5240963855421686,0.8107364575501199,0.05747126436781609
context_action+grounding,262,0.5261044176706827,0.8448764819792064,0.45038167938931295,0.5261044176706827,0.8104686390807805,0.061068702290076333
context_action+grounding,263,0.5281124497991968,0.8458499596097406,0.4524714828897338,0.5281124497991968,0.8101263189731758,0.060836501901140684
context_action+grounding,264,0.5301204819277109,0.8463677217810883,0.45454545454545453,0.5301204819277109,0.804688268088237,0.06060606060606061
context_action+grounding,265,0.5321285140562249,0.8486281671094451,0.45660377358490567,0.5321285140562249,0.8017192572110603,0.06037735849056604
context_action+grounding,266,0.5341365461847389,0.8488161454166083,0.45864661654135336,0.5341365461847389,0.8015547289479303,0.06015037593984962
context_action+grounding,267,0.536144578313253,0.8489751743955591,0.45692883895131087,0.536144578313253,0.8009658392233977,0.0599250936329588
context_action+grounding,268,0.5381526104417671,0.8493841535389856,0.458955223880597,0.5381526104417671,0.8009429300539893,0.05970149253731343
context_action+grounding,269,0.5401606425702812,0.8497841854546246,0.46096654275092935,0.5401606425702812,0.7995398830942374,0.06319702602230483
context_action+grounding,270,0.5421686746987951,0.8497985147396454,0.46296296296296297,0.5421686746987951,0.7981752595983668,0.06296296296296296
context_action+grounding,271,0.5441767068273092,0.850883685021914,0.4612546125461255,0.5441767068273092,0.7942007334351219,0.06642066420664207
context_action+grounding,272,0.5461847389558233,0.8509996391941281,0.4632352941176471,0.5461847389558233,0.7936327176677801,0.0661764705882353
context_action+grounding,273,0.5481927710843374,0.8519398031744418,0.4652014652014652,0.5481927710843374,0.7924597853108493,0.06593406593406594
context_action+grounding,274,0.5502008032128514,0.8539583292002242,0.4635036496350365,0.5502008032128514,0.7922669753014447,0.06569343065693431
context_action+grounding,275,0.5522088353413654,0.8541771858928471,0.46545454545454545,0.5522088353413654,0.7898770648291256,0.06545454545454546
context_action+grounding,276,0.5542168674698795,0.8562704045394801,0.4673913043478261,0.5542168674698795,0.7877662946374314,0.06521739130434782
context_action+grounding,277,0.5562248995983936,0.8569532777453481,0.4693140794223827,0.5562248995983936,0.7864509062296772,0.06498194945848375
context_action+grounding,278,0.5582329317269076,0.8573496657987674,0.4712230215827338,0.5582329317269076,0.7848377214983012,0.0683453237410072
context_action+grounding,279,0.5602409638554217,0.8581161425134497,0.4731182795698925,0.5602409638554217,0.784527092937422,0.07168458781362007
context_action+grounding,280,0.5622489959839357,0.8592909644811234,0.475,0.5622489959839357,0.7836795639202624,0.07142857142857142
context_action+grounding,281,0.5642570281124498,0.8594517527499277,0.47686832740213525,0.5642570281124498,0.7831622845400106,0.07473309608540925
context_action+grounding,282,0.5662650602409639,0.8604438629335127,0.4787234042553192,0.5662650602409639,0.7810783723023431,0.07446808510638298
context_action+grounding,283,0.5682730923694779,0.8614781291208223,0.48056537102473496,0.5682730923694779,0.7807852880003947,0.07420494699646643
context_action+grounding,284,0.570281124497992,0.8617371508465985,0.4823943661971831,0.570281124497992,0.7766811368590917,0.07394366197183098
context_action+grounding,285,0.572289156626506,0.8618903917077518,0.4807017543859649,0.572289156626506,0.7757311398911696,0.07719298245614035
context_action+grounding,286,0.5742971887550201,0.8623920862961066,0.4825174825174825,0.5742971887550201,0.775375762400415,0.08041958041958042
context_action+grounding,287,0.5763052208835341,0.8625916634179807,0.4808362369337979,0.5763052208835341,0.772291642167085,0.08013937282229965
context_action+grounding,288,0.5783132530120482,0.8639716217638989,0.4826388888888889,0.5783132530120482,0.7704623787702928,0.0798611111111111
context_action+grounding,289,0.5803212851405622,0.8645097587334931,0.4844290657439446,0.5803212851405622,0.770273415582671,0.07958477508650519
context_action+grounding,290,0.5823293172690763,0.8654310578250055,0.4862068965517241,0.5823293172690763,0.7699808948863089,0.07931034482758621
context_action+grounding,291,0.5843373493975904,0.8659330397877195,0.4845360824742268,0.5843373493975904,0.769081164996735,0.08247422680412371
context_action+grounding,292,0.5863453815261044,0.8664509049745308,0.4863013698630137,0.5863453815261044,0.7683214032178919,0.0821917808219178
context_action+grounding,293,0.5883534136546185,0.8665193196748189,0.4880546075085324,0.5883534136546185,0.7676852993398882,0.08191126279863481
context_action+grounding,294,0.5903614457831325,0.8686851724774275,0.4897959183673469,0.5903614457831325,0.7668796315667727,0.08503401360544217
context_action+grounding,295,0.5923694779116466,0.8690826520355053,0.4915254237288136,0.5923694779116466,0.7663148632213537,0.0847457627118644
context_action+grounding,296,0.5943775100401606,0.8699658047677509,0.49324324324324326,0.5943775100401606,0.7661447810680343,0.08445945945945946
context_action+grounding,297,0.5963855421686747,0.8701981208004039,0.494949494949495,0.5963855421686747,0.7620990331090504,0.08417508417508418
context_action+grounding,298,0.5983935742971888,0.870383868940388,0.49328859060402686,0.5983935742971888,0.7591883489868697,0.087248322147651
context_action+grounding,299,0.6004016064257028,0.8708087007852838,0.49498327759197325,0.6004016064257028,0.7571437916897171,0.08695652173913043
context_action+grounding,300,0.6024096385542169,0.8713237952357653,0.49666666666666665,0.6024096385542169,0.7550552761567788,0.09
context_action+grounding,301,0.6044176706827309,0.8721649071743262,0.4983388704318937,0.6044176706827309,0.7542830809593828,0.08970099667774087
context_action+grounding,302,0.606425702811245,0.8722683182128254,0.5,0.606425702811245,0.7539288867928796,0.08940397350993377
context_action+grounding,303,0.608433734939759,0.8725100471309262,0.5016501650165016,0.608433734939759,0.7525870302821317,0.0891089108910891
context_action+grounding,304,0.6104417670682731,0.8726233311759873,0.5032894736842105,0.6104417670682731,0.751750812235594,0.09210526315789473
context_action+grounding,305,0.6124497991967871,0.8732360181791249,0.5049180327868853,0.6124497991967871,0.7463042141330007,0.09180327868852459
context_action+grounding,306,0.6144578313253012,0.8733564482913615,0.5065359477124183,0.6144578313253012,0.7443004243286455,0.09477124183006536
context_action+grounding,307,0.6164658634538153,0.8733694119589268,0.50814332247557,0.6164658634538153,0.7440573028398151,0.09446254071661238
context_action+grounding,308,0.6184738955823293,0.8735410417693225,0.5097402597402597,0.6184738955823293,0.742869738182824,0.09740259740259741
context_action+grounding,309,0.6204819277108434,0.8740327463039697,0.511326860841424,0.6204819277108434,0.7391039342376299,0.0970873786407767
context_action+grounding,310,0.6224899598393574,0.8764963437978348,0.5129032258064516,0.6224899598393574,0.7374431298108972,0.1
context_action+grounding,311,0.6244979919678715,0.8765439471194222,0.5144694533762058,0.6244979919678715,0.7369869105353286,0.09967845659163987
context_action+grounding,312,0.6265060240963856,0.8767618213860493,0.5160256410256411,0.6265060240963856,0.7364816001886372,0.09935897435897435
context_action+grounding,313,0.6285140562248996,0.8776423926666947,0.5175718849840255,0.6285140562248996,0.7360479992055508,0.10223642172523961
context_action+grounding,314,0.6305220883534136,0.878723739334768,0.5191082802547771,0.6305220883534136,0.7344677376295942,0.10191082802547771
context_action+grounding,315,0.6325301204819277,0.880057198510627,0.5206349206349207,0.6325301204819277,0.7337551288439593,0.10158730158730159
context_action+grounding,316,0.6345381526104418,0.8807028366543498,0.5221518987341772,0.6345381526104418,0.730639623410549,0.10443037974683544
context_action+grounding,317,0.6365461847389559,0.8813811849992103,0.5236593059936908,0.6365461847389559,0.7269515232838721,0.10725552050473186
context_action+grounding,318,0.6385542168674698,0.8818079409180478,0.5220125786163522,0.6385542168674698,0.723169982083701,0.1069182389937107
context_action+grounding,319,0.6405622489959839,0.8818548072809917,0.5235109717868338,0.6405622489959839,0.7183497909635274,0.10658307210031348
context_action+grounding,320,0.642570281124498,0.8820658321589427,0.525,0.642570281124498,0.7177655981549975,0.10625
context_action+grounding,321,0.6445783132530121,0.8832874356074909,0.5264797507788161,0.6445783132530121,0.717247485959247,0.1059190031152648
context_action+grounding,322,0.6465863453815262,0.8863107748635217,0.5279503105590062,0.6465863453815262,0.71531924194205,0.10559006211180125
context_action+grounding,323,0.6485943775100401,0.8863813424173549,0.5263157894736842,0.6485943775100401,0.7130402602417604,0.10526315789473684
context_action+grounding,324,0.6506024096385542,0.8864710543362871,0.5277777777777778,0.6506024096385542,0.7124042665978505,0.10493827160493827
context_action+grounding,325,0.6526104417670683,0.8868022464793333,0.5292307692307693,0.6526104417670683,0.7119176417760518,0.10461538461538461
context_action+grounding,326,0.6546184738955824,0.8871719229912626,0.5306748466257669,0.6546184738955824,0.7117870359142692,0.10429447852760736
context_action+grounding,327,0.6566265060240963,0.8873749967464514,0.5321100917431193,0.6566265060240963,0.7055747990269845,0.10397553516819572
context_action+grounding,328,0.6586345381526104,0.8878475214777792,0.5335365853658537,0.6586345381526104,0.7051790100957764,0.10365853658536585
context_action+grounding,329,0.6606425702811245,0.8878962880658302,0.5349544072948328,0.6606425702811245,0.7020358933206506,0.1033434650455927
context_action+grounding,330,0.6626506024096386,0.8886513422676933,0.5363636363636364,0.6626506024096386,0.6995615331099196,0.10606060606060606
context_action+grounding,331,0.6646586345381527,0.8889588732328821,0.5377643504531722,0.6646586345381527,0.6990536803401678,0.10574018126888217
context_action+grounding,332,0.6666666666666666,0.8891528101691876,0.5391566265060241,0.6666666666666666,0.6972644660594299,0.10542168674698796
context_action+grounding,333,0.6686746987951807,0.8894335207164729,0.5405405405405406,0.6686746987951807,0.6929304848065068,0.10510510510510511
context_action+grounding,334,0.6706827309236948,0.889802450638948,0.5389221556886228,0.6706827309236948,0.6924891881996121,0.10479041916167664
context_action+grounding,335,0.6726907630522089,0.8899420495832349,0.5402985074626866,0.6726907630522089,0.6886558997405636,0.10746268656716418
context_action+grounding,336,0.6746987951807228,0.8902760726780711,0.5416666666666666,0.6746987951807228,0.6869046879767338,0.11011904761904762
context_action+grounding,337,0.6767068273092369,0.8907994080259872,0.543026706231454,0.6767068273092369,0.6864554962888276,0.10979228486646884
context_action+grounding,338,0.678714859437751,0.8918925622483618,0.5443786982248521,0.678714859437751,0.6852309604017974,0.10946745562130178
context_action+grounding,339,0.6807228915662651,0.8920362014674098,0.5457227138643068,0.6807228915662651,0.6850816018406904,0.10914454277286136
context_action+grounding,340,0.6827309236947792,0.8932961186950495,0.5470588235294118,0.6827309236947792,0.68495755744804,0.11176470588235295
context_action+grounding,341,0.6847389558232931,0.8938542733920618,0.5483870967741935,0.6847389558232931,0.6821251557030765,0.11436950146627566
context_action+grounding,342,0.6867469879518072,0.894156765887461,0.5497076023391813,0.6867469879518072,0.6751300103749618,0.11695906432748537
context_action+grounding,343,0.6887550200803213,0.8948250973459739,0.5510204081632653,0.6887550200803213,0.6737180888288746,0.119533527696793
context_action+grounding,344,0.6907630522088354,0.8962233118522529,0.5523255813953488,0.6907630522088354,0.670484659574094,0.11918604651162791
context_action+grounding,345,0.6927710843373494,0.897004225478244,0.553623188405797,0.6927710843373494,0.6691279859053385,0.11884057971014493
context_action+grounding,346,0.6947791164658634,0.8972322705109842,0.5549132947976878,0.6947791164658634,0.6652004383133707,0.11849710982658959
context_action+grounding,347,0.6967871485943775,0.897266293672877,0.5561959654178674,0.6967871485943775,0.6644075224737813,0.12103746397694524
context_action+grounding,348,0.6987951807228916,0.8997690744000857,0.5574712643678161,0.6987951807228916,0.6560088475210458,0.1206896551724138
context_action+grounding,349,0.7008032128514057,0.900863569886476,0.5587392550143266,0.7008032128514057,0.6545414055710793,0.12034383954154727
context_action+grounding,350,0.7028112449799196,0.901353924248155,0.56,0.7028112449799196,0.6529424544344294,0.12
context_action+grounding,351,0.7048192771084337,0.9015657323458072,0.5612535612535613,0.7048192771084337,0.6488297269360875,0.1225071225071225
context_action+grounding,352,0.7068273092369478,0.9016606950485592,0.5625,0.7068273092369478,0.6470811894249916,0.125
context_action+grounding,353,0.7088353413654619,0.9026702206519416,0.5637393767705382,0.7088353413654619,0.6439685949252631,0.12464589235127478
context_action+grounding,354,0.7108433734939759,0.9030811575276094,0.5649717514124294,0.7108433734939759,0.6427269209877382,0.1271186440677966
context_action+grounding,355,0.7128514056224899,0.9035756604618748,0.5661971830985916,0.7128514056224899,0.6406105849228618,0.1295774647887324
context_action+grounding,356,0.714859437751004,0.9045323005885002,0.5674157303370787,0.714859437751004,0.6364872846785958,0.12921348314606743
context_action+grounding,357,0.7168674698795181,0.9045394717669312,0.5686274509803921,0.7168674698795181,0.6211918056407031,0.12885154061624648
context_action+grounding,358,0.7188755020080321,0.9052150566007664,0.5698324022346368,0.7188755020080321,0.6178671066083047,0.12849162011173185
context_action+grounding,359,0.7208835341365462,0.9059125373492706,0.5710306406685237,0.7208835341365462,0.6107970531434979,0.12813370473537605
context_action+grounding,360,0.7228915662650602,0.9075622379464436,0.5722222222222222,0.7228915662650602,0.5890651409938475,0.13055555555555556
context_action+grounding,361,0.7248995983935743,0.9077319538303728,0.5734072022160664,0.7248995983935743,0.5833147204122826,0.13019390581717452
context_action+grounding,362,0.7269076305220884,0.9079154304805852,0.574585635359116,0.7269076305220884,0.5828984397898844,0.1298342541436464
context_action+grounding,363,0.7289156626506024,0.9080893845993486,0.5757575757575758,0.7289156626506024,0.5816082448216772,0.12947658402203857
context_action+grounding,364,0.7309236947791165,0.9100994874134568,0.5769230769230769,0.7309236947791165,0.578773459993675,0.12912087912087913
context_action+grounding,365,0.7329317269076305,0.911375235485686,0.5753424657534246,0.7329317269076305,0.5736960458133448,0.12876712328767123
context_action+grounding,366,0.7349397590361446,0.9119426002977165,0.5765027322404371,0.7349397590361446,0.5736958500420521,0.1284153005464481
context_action+grounding,367,0.7369477911646586,0.9119685793183272,0.5776566757493188,0.7369477911646586,0.5703919718786478,0.1307901907356948
context_action+grounding,368,0.7389558232931727,0.9121227694525424,0.5788043478260869,0.7389558232931727,0.5612215658523937,0.1331521739130435
context_action+grounding,369,0.7409638554216867,0.9138123552131387,0.5799457994579946,0.7409638554216867,0.54471199885727,0.13550135501355012
context_action+grounding,370,0.7429718875502008,0.9155452120229184,0.581081081081081,0.7429718875502008,0.5386327436363871,0.13513513513513514
context_action+grounding,371,0.7449799196787149,0.9158798069929728,0.5822102425876011,0.7449799196787149,0.5207798799666393,0.13746630727762804
context_action+grounding,372,0.7469879518072289,0.9166658337419252,0.5833333333333334,0.7469879518072289,0.5184933363984564,0.13978494623655913
context_action+grounding,373,0.748995983935743,0.9170695555879538,0.5844504021447721,0.748995983935743,0.5137846169963551,0.14209115281501342
context_action+grounding,374,0.751004016064257,0.9170730660413386,0.5855614973262032,0.751004016064257,0.5106334626324613,0.1443850267379679
context_action+grounding,375,0.7530120481927711,0.9173833788088392,0.5866666666666667,0.7530120481927711,0.5005614922707629,0.14666666666666667
context_action+grounding,376,0.7550200803212851,0.91894259263988,0.5877659574468085,0.7550200803212851,0.4989579180842075,0.14627659574468085
context_action+grounding,377,0.7570281124497992,0.9191561426902024,0.5888594164456233,0.7570281124497992,0.4922557675073252,0.14854111405835543
context_action+grounding,378,0.7590361445783133,0.9198622729390538,0.58994708994709,0.7590361445783133,0.4905657010967146,0.15079365079365079
context_action+grounding,379,0.7610441767068273,0.9209784933244338,0.5910290237467019,0.7610441767068273,0.4868127469461427,0.15303430079155672
context_action+grounding,380,0.7630522088353414,0.9223054724903034,0.5921052631578947,0.7630522088353414,0.4866642594379189,0.15526315789473685
context_action+grounding,381,0.7650602409638554,0.9226097938274324,0.5931758530183727,0.7650602409638554,0.47220535102752,0.15485564304461943
context_action+grounding,382,0.7670682730923695,0.9229343721476672,0.5942408376963351,0.7670682730923695,0.4695954631225814,0.15706806282722513
context_action+grounding,383,0.7690763052208835,0.923398710316181,0.5953002610966057,0.7690763052208835,0.4495333386681855,0.15926892950391644
context_action+grounding,384,0.7710843373493976,0.9234699515261264,0.5963541666666666,0.7710843373493976,0.4443114768522722,0.16145833333333334
context_action+grounding,385,0.7730923694779116,0.9238563361641456,0.5974025974025974,0.7730923694779116,0.4438829629807822,0.16363636363636364
context_action+grounding,386,0.7751004016064257,0.924090541899278,0.5984455958549223,0.7751004016064257,0.4393151771480258,0.16580310880829016
context_action+grounding,387,0.7771084337349398,0.9243083274621098,0.599483204134367,0.7771084337349398,0.4231974016758414,0.165374677002584
context_action+grounding,388,0.7791164658634538,0.925001062703902,0.6005154639175257,0.7791164658634538,0.4159502395761859,0.16494845360824742
context_action+grounding,389,0.7811244979919679,0.9251660375150252,0.6015424164524421,0.7811244979919679,0.4152843510405556,0.16709511568123395
context_action+grounding,390,0.7831325301204819,0.9256772987497672,0.6025641025641025,0.7831325301204819,0.4139792505159752,0.16666666666666666
context_action+grounding,391,0.785140562248996,0.9263412063834794,0.6035805626598465,0.785140562248996,0.4109486309913936,0.16879795396419436
context_action+grounding,392,0.7871485943775101,0.9273349397398456,0.6045918367346939,0.7871485943775101,0.409088168893696,0.1683673469387755
context_action+grounding,393,0.7891566265060241,0.9275224496242792,0.6055979643765903,0.7891566265060241,0.4085288339849338,0.16793893129770993
context_action+grounding,394,0.7911646586345381,0.9282625669871832,0.6065989847715736,0.7911646586345381,0.402004862880324,0.16751269035532995
context_action+grounding,395,0.7931726907630522,0.9290492303560336,0.6075949367088608,0.7931726907630522,0.3893912754885447,0.16962025316455695
context_action+grounding,396,0.7951807228915663,0.930346551018278,0.6085858585858586,0.7951807228915663,0.3833091767791692,0.1717171717171717
context_action+grounding,397,0.7971887550200804,0.9348246864120644,0.6095717884130982,0.7971887550200804,0.3778350215910038,0.17380352644836272
context_action+grounding,398,0.7991967871485943,0.9348616747633944,0.6105527638190955,0.7991967871485943,0.3765413641157168,0.17336683417085427
context_action+grounding,399,0.8012048192771084,0.9354269882375684,0.6115288220551378,0.8012048192771084,0.374492825986615,0.17543859649122806
context_action+grounding,400,0.8032128514056225,0.9354747147143893,0.6125,0.8032128514056225,0.3691004586350811,0.1775
context_action+grounding,401,0.8052208835341366,0.9361003651122746,0.6134663341645885,0.8052208835341366,0.3683930503647959,0.1770573566084788
context_action+grounding,402,0.8072289156626506,0.9363905793339096,0.6144278606965174,0.8072289156626506,0.3616274990517237,0.1791044776119403
context_action+grounding,403,0.8092369477911646,0.936679996593918,0.6153846153846154,0.8092369477911646,0.3570811836039804,0.18114143920595532
context_action+grounding,404,0.8112449799196787,0.937857069689719,0.6163366336633663,0.8112449799196787,0.3521475780246306,0.1806930693069307
context_action+grounding,405,0.8132530120481928,0.9382694884482264,0.6172839506172839,0.8132530120481928,0.3515040812790913,0.18024691358024691
context_action+grounding,406,0.8152610441767069,0.93865864412851,0.6182266009852216,0.8152610441767069,0.3493229343778505,0.18226600985221675
context_action+grounding,407,0.8172690763052208,0.9390007195433504,0.6191646191646192,0.8172690763052208,0.3394123173143333,0.18427518427518427
context_action+grounding,408,0.8192771084337349,0.9392002609375996,0.6200980392156863,0.8192771084337349,0.3311950760390251,0.18627450980392157
context_action+grounding,409,0.821285140562249,0.9394155072599776,0.6210268948655256,0.821285140562249,0.3247478590591622,0.1882640586797066
context_action+grounding,410,0.8232931726907631,0.9398285353126522,0.6219512195121951,0.8232931726907631,0.3233548660864739,0.1902439024390244
context_action+grounding,411,0.8253012048192772,0.940323809609098,0.6228710462287105,0.8253012048192772,0.3076631268480393,0.1922141119221411
context_action+grounding,412,0.8273092369477911,0.9433516929368896,0.6237864077669902,0.8273092369477911,0.2742145068019789,0.1941747572815534
context_action+grounding,413,0.8293172690763052,0.9439564760010184,0.6246973365617433,0.8293172690763052,0.2717128675644852,0.19612590799031476
context_action+grounding,414,0.8313253012048193,0.9442930809094344,0.6256038647342995,0.8313253012048193,0.2705322607654082,0.19806763285024154
context_action+grounding,415,0.8333333333333334,0.9448272046675916,0.6265060240963856,0.8333333333333334,0.2689645554004964,0.2
context_action+grounding,416,0.8353413654618473,0.9493145578671496,0.6274038461538461,0.8353413654618473,0.2585166633397985,0.20192307692307693
context_action+grounding,417,0.8373493975903614,0.9494294449750446,0.6282973621103117,0.8373493975903614,0.2558253246984808,0.2038369304556355
context_action+grounding,418,0.8393574297188755,0.9515641620021258,0.6291866028708134,0.8393574297188755,0.2557542284620918,0.20574162679425836
context_action+grounding,419,0.8413654618473896,0.9516294818290828,0.630071599045346,0.8413654618473896,0.2532895287387366,0.20763723150357996
context_action+grounding,420,0.8433734939759037,0.951996136279337,0.6309523809523809,0.8433734939759037,0.2459625090646678,0.20714285714285716
context_action+grounding,421,0.8453815261044176,0.9535281001311328,0.6318289786223278,0.8453815261044176,0.2414522640351282,0.20665083135391923
context_action+grounding,422,0.8473895582329317,0.9538251778928502,0.6327014218009479,0.8473895582329317,0.2360194718160637,0.20616113744075829
context_action+grounding,423,0.8493975903614458,0.9539889555179568,0.6335697399527187,0.8493975903614458,0.2326622094717429,0.20803782505910165
context_action+grounding,424,0.8514056224899599,0.9550299086387464,0.6344339622641509,0.8514056224899599,0.2324030642084402,0.2099056603773585
context_action+grounding,425,0.8534136546184738,0.9551882929723698,0.6352941176470588,0.8534136546184738,0.2255821327364234,0.21176470588235294
context_action+grounding,426,0.8554216867469879,0.9554564963585896,0.636150234741784,0.8554216867469879,0.2214539669343942,0.2112676056338028
context_action+grounding,427,0.857429718875502,0.957220250664458,0.6370023419203747,0.857429718875502,0.221362307656853,0.21311475409836064
context_action+grounding,428,0.8594377510040161,0.9581135468853206,0.6378504672897196,0.8594377510040161,0.2136564297520457,0.21261682242990654
context_action+grounding,429,0.8614457831325302,0.9603183387639016,0.6386946386946387,0.8614457831325302,0.2031068046946658,0.21212121212121213
context_action+grounding,430,0.8634538152610441,0.9625701073206204,0.6395348837209303,0.8634538152610441,0.2022632262578637,0.21395348837209302
context_action+grounding,431,0.8654618473895582,0.963210174669961,0.6403712296983759,0.8654618473895582,0.1983722059417371,0.21577726218097448
context_action+grounding,432,0.8674698795180723,0.9632955006139202,0.6412037037037037,0.8674698795180723,0.1942870110709628,0.2175925925925926
context_action+grounding,433,0.8694779116465864,0.9643975764731452,0.6420323325635104,0.8694779116465864,0.1882357231084478,0.21939953810623555
context_action+grounding,434,0.8714859437751004,0.9651747314256056,0.6428571428571429,0.8714859437751004,0.1870378623315753,0.22119815668202766
context_action+grounding,435,0.8734939759036144,0.9663417993379146,0.6436781609195402,0.8734939759036144,0.1861830410762291,0.22298850574712645
context_action+grounding,436,0.8755020080321285,0.9671179677351658,0.6444954128440367,0.8755020080321285,0.1822864492071148,0.22477064220183487
context_action+grounding,437,0.8775100401606426,0.967247650636213,0.6453089244851259,0.8775100401606426,0.1794865051170107,0.22654462242562928
context_action+grounding,438,0.8795180722891566,0.96729723803482,0.6461187214611872,0.8795180722891566,0.1762250980997549,0.228310502283105
context_action+grounding,439,0.8815261044176707,0.967827986939536,0.6469248291571754,0.8815261044176707,0.1539707475113198,0.23006833712984054
context_action+grounding,440,0.8835341365461847,0.9678828791412823,0.6477272727272727,0.8835341365461847,0.1514381867448922,0.2318181818181818
context_action+grounding,441,0.8855421686746988,0.9679357090634598,0.6485260770975056,0.8855421686746988,0.1467583266355827,0.23129251700680273
context_action+grounding,442,0.8875502008032129,0.9682585361147584,0.6493212669683258,0.8875502008032129,0.1453881657806848,0.2330316742081448
context_action+grounding,443,0.8895582329317269,0.9683992399610268,0.6501128668171557,0.8895582329317269,0.1437591788295708,0.23476297968397292
context_action+grounding,444,0.891566265060241,0.96892798105431,0.6509009009009009,0.891566265060241,0.1305601364067393,0.23648648648648649
context_action+grounding,445,0.893574297188755,0.970614901125402,0.651685393258427,0.893574297188755,0.1290945579955427,0.23595505617977527
context_action+grounding,446,0.8955823293172691,0.9707717396166606,0.6524663677130045,0.8955823293172691,0.1279397353835984,0.23766816143497757
context_action+grounding,447,0.8975903614457831,0.9710999953866568,0.6532438478747203,0.8975903614457831,0.1262406039440906,0.2371364653243848
context_action+grounding,448,0.8995983935742972,0.9714336089412576,0.6540178571428571,0.8995983935742972,0.1253543776665245,0.23883928571428573
context_action+grounding,449,0.9016064257028112,0.9717149466531196,0.6547884187082406,0.9016064257028112,0.1236345726356707,0.24053452115812918
context_action+grounding,450,0.9036144578313253,0.9738030267410094,0.6555555555555556,0.9036144578313253,0.1094483275911142,0.24222222222222223
context_action+grounding,451,0.9056224899598394,0.975190206842312,0.656319290465632,0.9056224899598394,0.0990754819195652,0.24168514412416853
context_action+grounding,452,0.9076305220883534,0.976392635487606,0.6570796460176991,0.9076305220883534,0.0964175177205352,0.24336283185840707
context_action+grounding,453,0.9096385542168675,0.9779293300189064,0.6578366445916115,0.9096385542168675,0.0949334901150544,0.24503311258278146
context_action+grounding,454,0.9116465863453815,0.980219268148368,0.6585903083700441,0.9116465863453815,0.0915578109189042,0.2444933920704846
context_action+grounding,455,0.9136546184738956,0.9807304693410552,0.6593406593406593,0.9136546184738956,0.08977796341887,0.24615384615384617
context_action+grounding,456,0.9156626506024096,0.9817121921863936,0.6600877192982456,0.9156626506024096,0.0895743733190762,0.24780701754385964
context_action+grounding,457,0.9176706827309237,0.9828991609110328,0.6608315098468271,0.9176706827309237,0.089206688220457,0.24945295404814005
context_action+grounding,458,0.9196787148594378,0.9829107785480028,0.6615720524017468,0.9196787148594378,0.0852650832657404,0.25109170305676853
context_action+grounding,459,0.9216867469879518,0.9833439752177304,0.6623093681917211,0.9216867469879518,0.0815217143184972,0.25272331154684097
context_action+grounding,460,0.9236947791164659,0.9838520351323572,0.6630434782608695,0.9236947791164659,0.0767601225263157,0.2543478260869565
context_action+grounding,461,0.9257028112449799,0.9843316753570404,0.6637744034707158,0.9257028112449799,0.0740876196389486,0.2559652928416486
context_action+grounding,462,0.927710843373494,0.985479306885343,0.6645021645021645,0.927710843373494,0.0713693661477425,0.25757575757575757
context_action+grounding,463,0.929718875502008,0.9858155820128162,0.6652267818574514,0.929718875502008,0.0688964755554503,0.2591792656587473
context_action+grounding,464,0.9317269076305221,0.9863650863203516,0.665948275862069,0.9317269076305221,0.0617578867166461,0.2607758620689655
context_action+grounding,465,0.9337349397590361,0.9878367839552886,0.6666666666666666,0.9337349397590361,0.0515006153505908,0.2623655913978495
context_action+grounding,466,0.9357429718875502,0.9885942044462516,0.6673819742489271,0.9357429718875502,0.0501477786000386,0.26394849785407726
context_action+grounding,467,0.9377510040160643,0.9890244818410748,0.6680942184154176,0.9377510040160643,0.0446747994073537,0.26552462526766596
context_action+grounding,468,0.9397590361445783,0.9905154638354162,0.6688034188034188,0.9397590361445783,0.0437753651522114,0.2670940170940171
context_action+grounding,469,0.9417670682730924,0.990652177574316,0.6695095948827292,0.9417670682730924,0.0390795169456928,0.26865671641791045
context_action+grounding,470,0.9437751004016064,0.9922823909483126,0.6702127659574468,0.9437751004016064,0.0375391557850415,0.2702127659574468
context_action+grounding,471,0.9457831325301205,0.9934572433336945,0.6709129511677282,0.9457831325301205,0.0350152331585418,0.27176220806794055
context_action+grounding,472,0.9477911646586346,0.9936987235024664,0.6716101694915254,0.9477911646586346,0.0289330903906252,0.2733050847457627
context_action+grounding,473,0.9497991967871486,0.9947383795374324,0.6723044397463002,0.9497991967871486,0.0267472437654252,0.2748414376321353
context_action+grounding,474,0.9518072289156626,0.9953693500071116,0.6729957805907173,0.9518072289156626,0.026553955226818,0.27637130801687765
context_action+grounding,475,0.9538152610441767,0.9962715041741024,0.6736842105263158,0.9538152610441767,0.0259634553703619,0.27789473684210525
context_action+grounding,476,0.9558232931726908,0.9968124581546444,0.6743697478991597,0.9558232931726908,0.0245190473183715,0.27941176470588236
context_action+grounding,477,0.9578313253012049,0.9968533503865034,0.6750524109014675,0.9578313253012049,0.0236888123366722,0.2809224318658281
context_action+grounding,478,0.9598393574297188,0.9970538042479752,0.6757322175732218,0.9598393574297188,0.0227349174330386,0.2824267782426778
context_action+grounding,479,0.9618473895582329,0.997351113318038,0.6764091858037579,0.9618473895582329,0.0208620911547394,0.2839248434237996
context_action+grounding,480,0.963855421686747,0.99787026345615,0.6770833333333334,0.963855421686747,0.0152200419216983,0.28541666666666665
context_action+grounding,481,0.9658634538152611,0.9983080733584972,0.6777546777546778,0.9658634538152611,0.0121451592602153,0.2869022869022869
context_action+grounding,482,0.9678714859437751,0.9983458314466104,0.6784232365145229,0.9678714859437751,0.0120176581166154,0.2883817427385892
context_action+grounding,483,0.9698795180722891,0.9984915799806054,0.6790890269151139,0.9698795180722891,0.0107317153834975,0.2898550724637681
context_action+grounding,484,0.9718875502008032,0.9985735147445776,0.6797520661157025,0.9718875502008032,0.0105676072938334,0.29132231404958675
context_action+grounding,485,0.9738955823293173,0.9986544481426218,0.6804123711340206,0.9738955823293173,0.0093147596908152,0.2927835051546392
context_action+grounding,486,0.9759036144578314,0.998816383256404,0.6810699588477366,0.9759036144578314,0.0059673341277426,0.294238683127572
context_action+grounding,487,0.9779116465863453,0.9991798476901006,0.6817248459958932,0.9779116465863453,0.0056431859849586,0.29568788501026694
context_action+grounding,488,0.9799196787148594,0.999244922964313,0.6823770491803278,0.9799196787148594,0.0055763331347119,0.29713114754098363
context_action+grounding,489,0.9819277108433735,0.9994050689044413,0.6830265848670757,0.9819277108433735,0.0051895486256974,0.2985685071574642
context_action+grounding,490,0.9839357429718876,0.9994820642820876,0.6836734693877551,0.9839357429718876,0.0049636272074326,0.3
context_action+grounding,491,0.9859437751004017,0.9995761312283468,0.6843177189409368,0.9859437751004017,0.0035006748789097,0.3014256619144603
context_action+grounding,492,0.9879518072289156,0.9995952982116328,0.6849593495934959,0.9879518072289156,0.0032724949257584,0.30284552845528456
context_action+grounding,493,0.9899598393574297,0.9995958390327436,0.6855983772819473,0.9899598393574297,0.0023382612015533,0.30425963488843816
context_action+grounding,494,0.9919678714859438,0.9997605943420772,0.6862348178137652,0.9919678714859438,0.0022930406123031,0.305668016194332
context_action+grounding,495,0.9939759036144579,0.999815484691069,0.6868686868686869,0.9939759036144579,0.0013862779777197,0.30707070707070705
context_action+grounding,496,0.9959839357429718,0.9998490909908242,0.6875,0.9959839357429718,0.0013644545948974,0.3084677419354839
context_action+grounding,497,0.9979919678714859,0.9999806790640948,0.6881287726358148,0.9979919678714859,0.0008785700178563,0.30985915492957744
context_action+grounding,498,1.0,0.9999932176131626,0.6887550200803213,1.0,0.0003748068528747,0.3112449799196787
context_action+all_internal+grounding,1,0.002008032128514056,0.0004909613274024,0.0,0.002008032128514056,0.999843181895428,0.0
context_action+all_internal+grounding,2,0.004016064257028112,0.0009913858343016,0.0,0.004016064257028112,0.999843181895428,0.0
context_action+all_internal+grounding,3,0.006024096385542169,0.0012258303860133,0.0,0.006024096385542169,0.999843181895428,0.0
context_action+all_internal+grounding,4,0.008032128514056224,0.0022050638565341,0.0,0.008032128514056224,0.999843181895428,0.0
context_action+all_internal+grounding,5,0.010040160642570281,0.0024726481883268,0.0,0.010040160642570281,0.999843181895428,0.0
context_action+all_internal+grounding,6,0.012048192771084338,0.003552215736538,0.0,0.012048192771084338,0.9997404621854732,0.0
context_action+all_internal+grounding,7,0.014056224899598393,0.0038523079910035,0.0,0.014056224899598393,0.9992533836226224,0.0
context_action+all_internal+grounding,8,0.01606425702811245,0.0042274029031987,0.0,0.01606425702811245,0.9991249838723189,0.0
context_action+all_internal+grounding,9,0.018072289156626505,0.0044053927466754,0.0,0.018072289156626505,0.9991210732057204,0.0
context_action+all_internal+grounding,10,0.020080321285140562,0.0050534776666988,0.0,0.020080321285140562,0.9990488736330946,0.0
context_action+all_internal+grounding,11,0.02208835341365462,0.0055722173846534,0.0,0.02208835341365462,0.998837100126985,0.0
context_action+all_internal+grounding,12,0.024096385542168676,0.0067433309497559,0.0,0.024096385542168676,0.9987305215643014,0.0
context_action+all_internal+grounding,13,0.02610441767068273,0.0076107148619068,0.0,0.02610441767068273,0.9985288222660162,0.0
context_action+all_internal+grounding,14,0.028112449799196786,0.0076889884871914,0.0,0.028112449799196786,0.99823724170697,0.0
context_action+all_internal+grounding,15,0.030120481927710843,0.0086703768293035,0.0,0.030120481927710843,0.998172947434362,0.0
context_action+all_internal+grounding,16,0.0321285140562249,0.0102222011532956,0.0,0.0321285140562249,0.9980637173634552,0.0
context_action+all_internal+grounding,17,0.03413654618473896,0.0116314630143543,0.0,0.03413654618473896,0.9979180276515136,0.0
context_action+all_internal+grounding,18,0.03614457831325301,0.0134914510737931,0.0,0.03614457831325301,0.9978446848902676,0.0
context_action+all_internal+grounding,19,0.03815261044176707,0.016967028354449,0.0,0.03815261044176707,0.9977260459808645,0.0
context_action+all_internal+grounding,20,0.040160642570281124,0.020404841535878,0.0,0.040160642570281124,0.9976683940721718,0.0
context_action+all_internal+grounding,21,0.04216867469879518,0.0210812280404126,0.0,0.04216867469879518,0.997557272057313,0.0
context_action+all_internal+grounding,22,0.04417670682730924,0.0262067361136225,0.0,0.04417670682730924,0.9973847056807884,0.0
context_action+all_internal+grounding,23,0.04618473895582329,0.0265877744549198,0.0,0.04618473895582329,0.997125904994416,0.0
context_action+all_internal+grounding,24,0.04819277108433735,0.0284464153933319,0.0,0.04819277108433735,0.9969816537025096,0.0
context_action+all_internal+grounding,25,0.050200803212851405,0.0420883543821547,0.04,0.050200803212851405,0.9968205090412352,0.0
context_action+all_internal+grounding,26,0.05220883534136546,0.0453520276432473,0.038461538461538464,0.05220883534136546,0.9968186702497353,0.0
context_action+all_internal+grounding,27,0.05421686746987952,0.0470620443017649,0.037037037037037035,0.05421686746987952,0.9967440836500064,0.0
context_action+all_internal+grounding,28,0.05622489959839357,0.0496585039226042,0.03571428571428571,0.05622489959839357,0.9966372443854552,0.0
context_action+all_internal+grounding,29,0.05823293172690763,0.0559468932269638,0.034482758620689655,0.05823293172690763,0.99627979461481,0.0
context_action+all_internal+grounding,30,0.060240963855421686,0.0575494000045832,0.06666666666666667,0.060240963855421686,0.9962044052407832,0.0
context_action+all_internal+grounding,31,0.06224899598393574,0.0581270715681118,0.06451612903225806,0.06224899598393574,0.996163915552468,0.0
context_action+all_internal+grounding,32,0.0642570281124498,0.0591529123601501,0.0625,0.0642570281124498,0.9954865037099372,0.0
context_action+all_internal+grounding,33,0.06626506024096386,0.0614013916249958,0.06060606060606061,0.06626506024096386,0.9935667329167424,0.0
context_action+all_internal+grounding,34,0.06827309236947791,0.0632367513100639,0.058823529411764705,0.06827309236947791,0.9923457134100676,0.0
context_action+all_internal+grounding,35,0.07028112449799197,0.0640705187237575,0.05714285714285714,0.07028112449799197,0.9912480265596374,0.0
context_action+all_internal+grounding,36,0.07228915662650602,0.0643493480133147,0.05555555555555555,0.07228915662650602,0.9905402113512844,0.0
context_action+all_internal+grounding,37,0.07429718875502007,0.0672098674581243,0.05405405405405406,0.07429718875502007,0.9901969114153188,0.0
context_action+all_internal+grounding,38,0.07630522088353414,0.0775753875901162,0.05263157894736842,0.07630522088353414,0.9901416371632668,0.0
context_action+all_internal+grounding,39,0.0783132530120482,0.0777580213549841,0.05128205128205128,0.0783132530120482,0.9901136179121994,0.0
context_action+all_internal+grounding,40,0.08032128514056225,0.0780932081027224,0.05,0.08032128514056225,0.9897318572582,0.0
context_action+all_internal+grounding,41,0.0823293172690763,0.0957743467333236,0.04878048780487805,0.0823293172690763,0.9894431896746876,0.0
context_action+all_internal+grounding,42,0.08433734939759036,0.0966948454682173,0.047619047619047616,0.08433734939759036,0.9887142928155124,0.0
context_action+all_internal+grounding,43,0.08634538152610442,0.0977730429544395,0.046511627906976744,0.08634538152610442,0.9880476808606328,0.0
context_action+all_internal+grounding,44,0.08835341365461848,0.1053064248473497,0.045454545454545456,0.08835341365461848,0.9878986861796198,0.0
context_action+all_internal+grounding,45,0.09036144578313253,0.1100329367082027,0.044444444444444446,0.09036144578313253,0.9862633902500558,0.0
context_action+all_internal+grounding,46,0.09236947791164658,0.1230685718630253,0.043478260869565216,0.09236947791164658,0.985245801195984,0.0
context_action+all_internal+grounding,47,0.09437751004016064,0.1279091085757557,0.0425531914893617,0.09437751004016064,0.985063392917826,0.0
context_action+all_internal+grounding,48,0.0963855421686747,0.1361572365839594,0.041666666666666664,0.0963855421686747,0.9850140684093888,0.0
context_action+all_internal+grounding,49,0.09839357429718876,0.1422119301809824,0.061224489795918366,0.09839357429718876,0.9828014640512576,0.0
context_action+all_internal+grounding,50,0.10040160642570281,0.145595982838515,0.06,0.10040160642570281,0.982723865946284,0.0
context_action+all_internal+grounding,51,0.10240963855421686,0.1457858286393041,0.058823529411764705,0.10240963855421686,0.982386541093068,0.0
context_action+all_internal+grounding,52,0.10441767068273092,0.153478276438721,0.07692307692307693,0.10441767068273092,0.9819016772732306,0.0
context_action+all_internal+grounding,53,0.10642570281124498,0.1570219588364367,0.07547169811320754,0.10642570281124498,0.9815700980482058,0.0
context_action+all_internal+grounding,54,0.10843373493975904,0.1615722077178407,0.09259259259259259,0.10843373493975904,0.9804020481396026,0.0
context_action+all_internal+grounding,55,0.11044176706827309,0.1635955564172537,0.09090909090909091,0.11044176706827309,0.976222501685237,0.0
context_action+all_internal+grounding,56,0.11244979919678715,0.1647550904353909,0.10714285714285714,0.11244979919678715,0.97619128064066,0.0
context_action+all_internal+grounding,57,0.1144578313253012,0.1659565278579733,0.10526315789473684,0.1144578313253012,0.975607806524281,0.0
context_action+all_internal+grounding,58,0.11646586345381527,0.1669386864824992,0.10344827586206896,0.11646586345381527,0.9735086928210528,0.0
context_action+all_internal+grounding,59,0.11847389558232932,0.1690069096239184,0.1016949152542373,0.11847389558232932,0.9721783777266128,0.0
context_action+all_internal+grounding,60,0.12048192771084337,0.1720230674825947,0.1,0.12048192771084337,0.9712061384798296,0.0
context_action+all_internal+grounding,61,0.12248995983935743,0.1736173506684543,0.09836065573770492,0.12248995983935743,0.9699863602729158,0.0
context_action+all_internal+grounding,62,0.12449799196787148,0.1768669765208289,0.11290322580645161,0.12449799196787148,0.9680935483515288,0.0
context_action+all_internal+grounding,63,0.12650602409638553,0.1912493972301854,0.1111111111111111,0.12650602409638553,0.9679019644308084,0.0
context_action+all_internal+grounding,64,0.1285140562248996,0.1952215683907001,0.109375,0.1285140562248996,0.9673568558358608,0.0
context_action+all_internal+grounding,65,0.13052208835341367,0.2014997398412302,0.1076923076923077,0.13052208835341367,0.9649362825314668,0.0
context_action+all_internal+grounding,66,0.13253012048192772,0.2102898113308029,0.10606060606060606,0.13253012048192772,0.964216546153576,0.0
context_action+all_internal+grounding,67,0.13453815261044177,0.2118925738575208,0.11940298507462686,0.13453815261044177,0.9634835948507324,0.0
context_action+all_internal+grounding,68,0.13654618473895583,0.2222469054878955,0.11764705882352941,0.13654618473895583,0.9631887259182158,0.0
context_action+all_internal+grounding,69,0.13855421686746988,0.2255501619862102,0.11594202898550725,0.13855421686746988,0.9615910037023916,0.0
context_action+all_internal+grounding,70,0.14056224899598393,0.2292006825017707,0.11428571428571428,0.14056224899598393,0.9615320205779738,0.0
context_action+all_internal+grounding,71,0.142570281124498,0.2407798371054164,0.11267605633802817,0.142570281124498,0.9614115660967172,0.0
context_action+all_internal+grounding,72,0.14457831325301204,0.243030916699548,0.125,0.14457831325301204,0.9613699950014484,0.0
context_action+all_internal+grounding,73,0.1465863453815261,0.2445316761323338,0.1232876712328767,0.1465863453815261,0.960814069170319,0.0
context_action+all_internal+grounding,74,0.14859437751004015,0.2520924675573655,0.12162162162162163,0.14859437751004015,0.9599075180401196,0.0
context_action+all_internal+grounding,75,0.15060240963855423,0.2579173017021455,0.12,0.15060240963855423,0.9598646747548656,0.0
context_action+all_internal+grounding,76,0.15261044176706828,0.2676634352218857,0.11842105263157894,0.15261044176706828,0.9594750048902636,0.0
context_action+all_internal+grounding,77,0.15461847389558234,0.2863093679379327,0.12987012987012986,0.15461847389558234,0.9585937697166472,0.0
context_action+all_internal+grounding,78,0.1566265060240964,0.2888795289005487,0.14102564102564102,0.1566265060240964,0.9575651101175408,0.0
context_action+all_internal+grounding,79,0.15863453815261044,0.2964337108605588,0.13924050632911392,0.15863453815261044,0.9569719814468888,0.0
context_action+all_internal+grounding,80,0.1606425702811245,0.3060056803637948,0.1375,0.1606425702811245,0.9564184260193894,0.0
context_action+all_internal+grounding,81,0.16265060240963855,0.3069014204873698,0.13580246913580246,0.16265060240963855,0.9544730047211488,0.0
context_action+all_internal+grounding,82,0.1646586345381526,0.3074287291159151,0.13414634146341464,0.1646586345381526,0.9541947014457004,0.0
context_action+all_internal+grounding,83,0.16666666666666666,0.3107865318392909,0.13253012048192772,0.16666666666666666,0.9526546839761284,0.0
context_action+all_internal+grounding,84,0.1686746987951807,0.3156457282199049,0.13095238095238096,0.1686746987951807,0.9506167767133504,0.0
context_action+all_internal+grounding,85,0.1706827309236948,0.3377546282500775,0.12941176470588237,0.1706827309236948,0.9505354034333684,0.0
context_action+all_internal+grounding,86,0.17269076305220885,0.3382051064297677,0.12790697674418605,0.17269076305220885,0.9502847895755572,0.0
context_action+all_internal+grounding,87,0.1746987951807229,0.3440165419547158,0.12643678160919541,0.1746987951807229,0.949614925709236,0.0
context_action+all_internal+grounding,88,0.17670682730923695,0.3528354922333799,0.13636363636363635,0.17670682730923695,0.9487759151391288,0.0
context_action+all_internal+grounding,89,0.178714859437751,0.3534280690033882,0.1348314606741573,0.178714859437751,0.9487747973277396,0.0
context_action+all_internal+grounding,90,0.18072289156626506,0.3567068354763094,0.14444444444444443,0.18072289156626506,0.9443440049666408,0.0
context_action+all_internal+grounding,91,0.1827309236947791,0.3772761051995999,0.14285714285714285,0.1827309236947791,0.94150408902784,0.0
context_action+all_internal+grounding,92,0.18473895582329317,0.3859212419103184,0.15217391304347827,0.18473895582329317,0.9413564557400772,0.0
context_action+all_internal+grounding,93,0.18674698795180722,0.3876093508687268,0.15053763440860216,0.18674698795180722,0.9385504235260445,0.0
context_action+all_internal+grounding,94,0.18875502008032127,0.394463407950487,0.14893617021276595,0.18875502008032127,0.93851009345265,0.0
context_action+all_internal+grounding,95,0.19076305220883535,0.3958859445661843,0.14736842105263157,0.19076305220883535,0.9379365287584612,0.0
context_action+all_internal+grounding,96,0.1927710843373494,0.4048010340331928,0.15625,0.1927710843373494,0.9377934023962132,0.0
context_action+all_internal+grounding,97,0.19477911646586346,0.4102909061079947,0.15463917525773196,0.19477911646586346,0.937439189703098,0.0
context_action+all_internal+grounding,98,0.19678714859437751,0.4180248347966769,0.15306122448979592,0.19678714859437751,0.9351447804701276,0.0
context_action+all_internal+grounding,99,0.19879518072289157,0.4180310324845309,0.15151515151515152,0.19879518072289157,0.9350995412127666,0.0
context_action+all_internal+grounding,100,0.20080321285140562,0.4180783263680626,0.15,0.20080321285140562,0.934556576891658,0.0
context_action+all_internal+grounding,101,0.20281124497991967,0.4207626865702535,0.1485148514851485,0.20281124497991967,0.9337883724650544,0.009900990099009901
context_action+all_internal+grounding,102,0.20481927710843373,0.4248187783267866,0.1568627450980392,0.20481927710843373,0.9334000631353456,0.0196078431372549
context_action+all_internal+grounding,103,0.20682730923694778,0.4341483692182699,0.1553398058252427,0.20682730923694778,0.9329762360669882,0.019417475728155338
context_action+all_internal+grounding,104,0.20883534136546184,0.4355101082080709,0.15384615384615385,0.20883534136546184,0.9327022510297636,0.019230769230769232
context_action+all_internal+grounding,105,0.21084337349397592,0.439907906173949,0.1523809523809524,0.21084337349397592,0.9317229034864374,0.01904761904761905
context_action+all_internal+grounding,106,0.21285140562248997,0.4451635152774305,0.1509433962264151,0.21285140562248997,0.9315419147806044,0.018867924528301886
context_action+all_internal+grounding,107,0.21485943775100402,0.4502656331971405,0.1588785046728972,0.21485943775100402,0.9310178419754052,0.018691588785046728
context_action+all_internal+grounding,108,0.21686746987951808,0.4509590259637122,0.1574074074074074,0.21686746987951808,0.9305978068090106,0.018518518518518517
context_action+all_internal+grounding,109,0.21887550200803213,0.458098362448005,0.1559633027522936,0.21887550200803213,0.9305602982331412,0.01834862385321101
context_action+all_internal+grounding,110,0.22088353413654618,0.4795668352704481,0.15454545454545454,0.22088353413654618,0.930374310454921,0.01818181818181818
context_action+all_internal+grounding,111,0.22289156626506024,0.4809049692411032,0.15315315315315314,0.22289156626506024,0.930046793692893,0.018018018018018018
context_action+all_internal+grounding,112,0.2248995983935743,0.4820083306361951,0.16071428571428573,0.2248995983935743,0.9295573798066892,0.017857142857142856
context_action+all_internal+grounding,113,0.22690763052208834,0.4821601227859963,0.168141592920354,0.22690763052208834,0.9288391634973164,0.017699115044247787
context_action+all_internal+grounding,114,0.2289156626506024,0.490634826721175,0.16666666666666666,0.2289156626506024,0.924976911213022,0.017543859649122806
context_action+all_internal+grounding,115,0.23092369477911648,0.4915920680231588,0.17391304347826086,0.23092369477911648,0.9248963801202946,0.017391304347826087
context_action+all_internal+grounding,116,0.23293172690763053,0.493696243221704,0.1810344827586207,0.23293172690763053,0.924281277416864,0.017241379310344827
context_action+all_internal+grounding,117,0.23493975903614459,0.4995194299500086,0.1794871794871795,0.23493975903614459,0.9219325200768568,0.017094017094017096
context_action+all_internal+grounding,118,0.23694779116465864,0.5021954401979046,0.1864406779661017,0.23694779116465864,0.9216992144131936,0.01694915254237288
context_action+all_internal+grounding,119,0.2389558232931727,0.5041864011616055,0.19327731092436976,0.2389558232931727,0.9200129127125966,0.01680672268907563
context_action+all_internal+grounding,120,0.24096385542168675,0.5087867238282121,0.2,0.24096385542168675,0.9168764214124446,0.016666666666666666
context_action+all_internal+grounding,121,0.2429718875502008,0.5117608181198485,0.19834710743801653,0.2429718875502008,0.9158681118122116,0.024793388429752067
context_action+all_internal+grounding,122,0.24497991967871485,0.5173486961872441,0.19672131147540983,0.24497991967871485,0.9157793034393668,0.02459016393442623
context_action+all_internal+grounding,123,0.2469879518072289,0.5311056911653832,0.2032520325203252,0.2469879518072289,0.9149547326650846,0.024390243902439025
context_action+all_internal+grounding,124,0.24899598393574296,0.5327630440430483,0.20967741935483872,0.24899598393574296,0.9141991193119804,0.024193548387096774
context_action+all_internal+grounding,125,0.25100401606425704,0.5423947391742928,0.216,0.25100401606425704,0.9137195260791272,0.024
context_action+all_internal+grounding,126,0.25301204819277107,0.5489959662719558,0.2222222222222222,0.25301204819277107,0.9133825280979222,0.023809523809523808
context_action+all_internal+grounding,127,0.25502008032128515,0.5495014320613327,0.2204724409448819,0.25502008032128515,0.913244120512101,0.023622047244094488
context_action+all_internal+grounding,128,0.2570281124497992,0.5495582686160739,0.21875,0.2570281124497992,0.9130481037608686,0.0234375
context_action+all_internal+grounding,129,0.25903614457831325,0.5506696587713327,0.2248062015503876,0.25903614457831325,0.9119464235229394,0.023255813953488372
context_action+all_internal+grounding,130,0.26104417670682734,0.5574874318449864,0.23076923076923078,0.26104417670682734,0.910024738218707,0.03076923076923077
context_action+all_internal+grounding,131,0.26305220883534136,0.5642300495032714,0.2366412213740458,0.26305220883534136,0.9088311240810256,0.030534351145038167
context_action+all_internal+grounding,132,0.26506024096385544,0.5645198332621442,0.23484848484848486,0.26506024096385544,0.9085348833868035,0.030303030303030304
context_action+all_internal+grounding,133,0.26706827309236947,0.5711114779084017,0.24060150375939848,0.26706827309236947,0.9072011337368576,0.03007518796992481
context_action+all_internal+grounding,134,0.26907630522088355,0.5711575583948462,0.23880597014925373,0.26907630522088355,0.9071583424148656,0.029850746268656716
context_action+all_internal+grounding,135,0.2710843373493976,0.5715627740058077,0.24444444444444444,0.2710843373493976,0.906914246967011,0.02962962962962963
context_action+all_internal+grounding,136,0.27309236947791166,0.5731359162282573,0.25,0.27309236947791166,0.9050123425785492,0.029411764705882353
context_action+all_internal+grounding,137,0.2751004016064257,0.5740816911522445,0.25547445255474455,0.2751004016064257,0.9023336182207812,0.029197080291970802
context_action+all_internal+grounding,138,0.27710843373493976,0.5753091704017194,0.2608695652173913,0.27710843373493976,0.9007754114386092,0.028985507246376812
context_action+all_internal+grounding,139,0.2791164658634538,0.5755984629630813,0.2589928057553957,0.2791164658634538,0.8992727231029687,0.02877697841726619
context_action+all_internal+grounding,140,0.28112449799196787,0.5768457348886158,0.2571428571428571,0.28112449799196787,0.8985969167810912,0.02857142857142857
context_action+all_internal+grounding,141,0.28313253012048195,0.5795242618404289,0.2553191489361702,0.28313253012048195,0.8978904906280715,0.028368794326241134
context_action+all_internal+grounding,142,0.285140562248996,0.5823830759952995,0.2535211267605634,0.285140562248996,0.8975683132811184,0.028169014084507043
context_action+all_internal+grounding,143,0.28714859437751006,0.5866386887220705,0.25874125874125875,0.28714859437751006,0.8958792625124634,0.027972027972027972
context_action+all_internal+grounding,144,0.2891566265060241,0.5978952750961729,0.2638888888888889,0.2891566265060241,0.8956927202795092,0.027777777777777776
context_action+all_internal+grounding,145,0.29116465863453816,0.6009223763322503,0.2689655172413793,0.29116465863453816,0.8956161614343522,0.027586206896551724
context_action+all_internal+grounding,146,0.2931726907630522,0.6055815195478872,0.273972602739726,0.2931726907630522,0.8950939139476665,0.0273972602739726
context_action+all_internal+grounding,147,0.29518072289156627,0.6063197175096203,0.2789115646258503,0.29518072289156627,0.8949325959994843,0.027210884353741496
context_action+all_internal+grounding,148,0.2971887550200803,0.6102600018546667,0.28378378378378377,0.2971887550200803,0.8937118990012032,0.02702702702702703
context_action+all_internal+grounding,149,0.2991967871485944,0.6110453600765929,0.28859060402684567,0.2991967871485944,0.8934579086162563,0.026845637583892617
context_action+all_internal+grounding,150,0.30120481927710846,0.6129620680778401,0.2866666666666667,0.30120481927710846,0.8908513595182523,0.02666666666666667
context_action+all_internal+grounding,151,0.3032128514056225,0.6136659334421787,0.2847682119205298,0.3032128514056225,0.8907771864744021,0.026490066225165563
context_action+all_internal+grounding,152,0.30522088353413657,0.6138016630252869,0.2894736842105263,0.30522088353413657,0.8899401780107824,0.02631578947368421
context_action+all_internal+grounding,153,0.3072289156626506,0.6141206508895379,0.29411764705882354,0.3072289156626506,0.889756848249943,0.032679738562091505
context_action+all_internal+grounding,154,0.3092369477911647,0.6187649861197447,0.2922077922077922,0.3092369477911647,0.888164981113189,0.032467532467532464
context_action+all_internal+grounding,155,0.3112449799196787,0.6210127044945578,0.2903225806451613,0.3112449799196787,0.887119625087083,0.03225806451612903
context_action+all_internal+grounding,156,0.3132530120481928,0.6271052768628316,0.2948717948717949,0.3132530120481928,0.8859322003717663,0.038461538461538464
context_action+all_internal+grounding,157,0.3152610441767068,0.6280344941311962,0.2929936305732484,0.3152610441767068,0.8845987083498869,0.03821656050955414
context_action+all_internal+grounding,158,0.3172690763052209,0.6285997133664802,0.2974683544303797,0.3172690763052209,0.883154437125238,0.0379746835443038
context_action+all_internal+grounding,159,0.3192771084337349,0.6296066937568294,0.3018867924528302,0.3192771084337349,0.8813811378037254,0.03773584905660377
context_action+all_internal+grounding,160,0.321285140562249,0.6346593471209032,0.3,0.321285140562249,0.8811209135602992,0.0375
context_action+all_internal+grounding,161,0.3232931726907631,0.6350348216773166,0.30434782608695654,0.3232931726907631,0.8803721048190063,0.037267080745341616
context_action+all_internal+grounding,162,0.3253012048192771,0.6368255050820296,0.30864197530864196,0.3253012048192771,0.8799669785426909,0.037037037037037035
context_action+all_internal+grounding,163,0.3273092369477912,0.6376854838330445,0.3128834355828221,0.3273092369477912,0.8796151915294892,0.03680981595092025
context_action+all_internal+grounding,164,0.3293172690763052,0.6394553234372921,0.3170731707317073,0.3293172690763052,0.8773740613964446,0.042682926829268296
context_action+all_internal+grounding,165,0.3313253012048193,0.6456914762847579,0.3212121212121212,0.3313253012048193,0.8770546230759486,0.04242424242424243
context_action+all_internal+grounding,166,0.3333333333333333,0.6477929339702664,0.3253012048192771,0.3333333333333333,0.8766535790582246,0.04216867469879518
context_action+all_internal+grounding,167,0.3353413654618474,0.6515325029237619,0.32335329341317365,0.3353413654618474,0.8755887292044829,0.04790419161676647
context_action+all_internal+grounding,168,0.3373493975903614,0.6586259926761202,0.3273809523809524,0.3373493975903614,0.8750978041210039,0.047619047619047616
context_action+all_internal+grounding,169,0.3393574297188755,0.662363327580277,0.33136094674556216,0.3393574297188755,0.8750468240437014,0.047337278106508875
context_action+all_internal+grounding,170,0.3413654618473896,0.6634155085934416,0.32941176470588235,0.3413654618473896,0.8745657133367745,0.047058823529411764
context_action+all_internal+grounding,171,0.3433734939759036,0.6660553839762829,0.3333333333333333,0.3433734939759036,0.8744367534576477,0.04678362573099415
context_action+all_internal+grounding,172,0.3453815261044177,0.6699328885706974,0.3372093023255814,0.3453815261044177,0.8736490350936071,0.046511627906976744
context_action+all_internal+grounding,173,0.3473895582329317,0.6724067498068036,0.34104046242774566,0.3473895582329317,0.8714206641811866,0.046242774566473986
context_action+all_internal+grounding,174,0.3493975903614458,0.672463834027712,0.3448275862068966,0.3493975903614458,0.8692637389583487,0.04597701149425287
context_action+all_internal+grounding,175,0.3514056224899598,0.6744115286661418,0.3485714285714286,0.3514056224899598,0.8657518779910268,0.045714285714285714
context_action+all_internal+grounding,176,0.3534136546184739,0.6822546951622506,0.3522727272727273,0.3534136546184739,0.86436973256174,0.045454545454545456
context_action+all_internal+grounding,177,0.35542168674698793,0.6851645500652327,0.3559322033898305,0.35542168674698793,0.8643611513996776,0.04519774011299435
context_action+all_internal+grounding,178,0.357429718875502,0.6853312541112745,0.3539325842696629,0.357429718875502,0.8642318272932595,0.0449438202247191
context_action+all_internal+grounding,179,0.35943775100401604,0.6857098673341543,0.3575418994413408,0.35943775100401604,0.8634895125628743,0.0446927374301676
context_action+all_internal+grounding,180,0.3614457831325301,0.6868646685610049,0.35555555555555557,0.3614457831325301,0.8630965757709741,0.044444444444444446
context_action+all_internal+grounding,181,0.3634538152610442,0.6879385495961239,0.35911602209944754,0.3634538152610442,0.8612305571384523,0.04419889502762431
context_action+all_internal+grounding,182,0.3654618473895582,0.6879681460231165,0.35714285714285715,0.3654618473895582,0.8610773331341126,0.04395604395604396
context_action+all_internal+grounding,183,0.3674698795180723,0.6916146299537522,0.36065573770491804,0.3674698795180723,0.8607850294919545,0.04371584699453552
context_action+all_internal+grounding,184,0.36947791164658633,0.6953011961387339,0.358695652173913,0.36947791164658633,0.8597430544575819,0.043478260869565216
context_action+all_internal+grounding,185,0.3714859437751004,0.6968266990005654,0.3567567567567568,0.3714859437751004,0.8595918072977702,0.043243243243243246
context_action+all_internal+grounding,186,0.37349397590361444,0.6992211417922487,0.3602150537634409,0.37349397590361444,0.8584319911984427,0.043010752688172046
context_action+all_internal+grounding,187,0.3755020080321285,0.6997259079417859,0.36363636363636365,0.3755020080321285,0.858006472995203,0.0427807486631016
context_action+all_internal+grounding,188,0.37751004016064255,0.7022542985100905,0.3617021276595745,0.37751004016064255,0.8576599284632798,0.0425531914893617
context_action+all_internal+grounding,189,0.3795180722891566,0.7027636152509762,0.36507936507936506,0.3795180722891566,0.8575788926334175,0.042328042328042326
context_action+all_internal+grounding,190,0.3815261044176707,0.7049285732833671,0.3684210526315789,0.3815261044176707,0.8572491353589947,0.042105263157894736
context_action+all_internal+grounding,191,0.38353413654618473,0.7049721541787082,0.3717277486910995,0.38353413654618473,0.8558025544960693,0.041884816753926704
context_action+all_internal+grounding,192,0.3855421686746988,0.705359924098367,0.375,0.3855421686746988,0.8551879379695441,0.041666666666666664
context_action+all_internal+grounding,193,0.38755020080321284,0.7063502856938801,0.37823834196891193,0.38755020080321284,0.8529488583517145,0.04145077720207254
context_action+all_internal+grounding,194,0.3895582329317269,0.7119751650904552,0.37628865979381443,0.3895582329317269,0.8524292529531184,0.041237113402061855
context_action+all_internal+grounding,195,0.39156626506024095,0.7120470866271912,0.37948717948717947,0.39156626506024095,0.8523691752388998,0.041025641025641026
context_action+all_internal+grounding,196,0.39357429718875503,0.7121156308173033,0.3826530612244898,0.39357429718875503,0.8522504350575439,0.04081632653061224
context_action+all_internal+grounding,197,0.39558232931726905,0.7123744721564288,0.38071065989847713,0.39558232931726905,0.850614595531017,0.04060913705583756
context_action+all_internal+grounding,198,0.39759036144578314,0.7141551407275063,0.3787878787878788,0.39759036144578314,0.8504986193199225,0.04040404040404041
context_action+all_internal+grounding,199,0.39959839357429716,0.7144975810219938,0.38190954773869346,0.39959839357429716,0.85049599352439,0.04020100502512563
context_action+all_internal+grounding,200,0.40160642570281124,0.7209368401158184,0.38,0.40160642570281124,0.849546115620344,0.045
context_action+all_internal+grounding,201,0.4036144578313253,0.72349223720048,0.38308457711442784,0.4036144578313253,0.8482939847965032,0.04477611940298507
context_action+all_internal+grounding,202,0.40562248995983935,0.7238887351673051,0.38613861386138615,0.40562248995983935,0.8467104778558711,0.04455445544554455
context_action+all_internal+grounding,203,0.40763052208835343,0.7250794557478074,0.3891625615763547,0.40763052208835343,0.846330343502955,0.04433497536945813
context_action+all_internal+grounding,204,0.40963855421686746,0.7281108258742508,0.39215686274509803,0.40963855421686746,0.8457952956997721,0.04411764705882353
context_action+all_internal+grounding,205,0.41164658634538154,0.7299724001086042,0.3902439024390244,0.41164658634538154,0.8446733696955313,0.04390243902439024
context_action+all_internal+grounding,206,0.41365461847389556,0.7301343063170632,0.3932038834951456,0.41365461847389556,0.8434095324022244,0.043689320388349516
context_action+all_internal+grounding,207,0.41566265060240964,0.7328710076289738,0.391304347826087,0.41566265060240964,0.8429608370748104,0.043478260869565216
context_action+all_internal+grounding,208,0.41767068273092367,0.7378212822189707,0.3942307692307692,0.41767068273092367,0.8417390229908114,0.04326923076923077
context_action+all_internal+grounding,209,0.41967871485943775,0.738355871049449,0.39712918660287083,0.41967871485943775,0.8410535168555017,0.0430622009569378
context_action+all_internal+grounding,210,0.42168674698795183,0.7385564946775348,0.4,0.42168674698795183,0.8403510409744498,0.047619047619047616
context_action+all_internal+grounding,211,0.42369477911646586,0.7387281514384468,0.4028436018957346,0.42369477911646586,0.8394980861280197,0.04739336492890995
context_action+all_internal+grounding,212,0.42570281124497994,0.7387478499446244,0.4056603773584906,0.42570281124497994,0.8367686556815693,0.04716981132075472
context_action+all_internal+grounding,213,0.42771084337349397,0.7416379836559965,0.4084507042253521,0.42771084337349397,0.8354548720912877,0.046948356807511735
context_action+all_internal+grounding,214,0.42971887550200805,0.7427777118394808,0.40654205607476634,0.42971887550200805,0.8348530065540942,0.04672897196261682
context_action+all_internal+grounding,215,0.43172690763052207,0.7449545691778712,0.4046511627906977,0.43172690763052207,0.8345386223448115,0.05116279069767442
context_action+all_internal+grounding,216,0.43373493975903615,0.7476986290481451,0.4074074074074074,0.43373493975903615,0.8287168365075941,0.05092592592592592
context_action+all_internal+grounding,217,0.4357429718875502,0.7482049303965513,0.41013824884792627,0.4357429718875502,0.8285117626837167,0.05069124423963134
context_action+all_internal+grounding,218,0.43775100401606426,0.7483012451893426,0.41284403669724773,0.43775100401606426,0.8246933666417392,0.05045871559633028
context_action+all_internal+grounding,219,0.4397590361445783,0.7540391748383817,0.4155251141552511,0.4397590361445783,0.8244050662446494,0.0502283105022831
context_action+all_internal+grounding,220,0.44176706827309237,0.7553469786244965,0.41363636363636364,0.44176706827309237,0.8226576420058134,0.05
context_action+all_internal+grounding,221,0.44377510040160645,0.7556687658466379,0.416289592760181,0.44377510040160645,0.8200157351695971,0.049773755656108594
context_action+all_internal+grounding,222,0.4457831325301205,0.7562510108079596,0.4144144144144144,0.4457831325301205,0.8198302912527351,0.05405405405405406
context_action+all_internal+grounding,223,0.44779116465863456,0.7574866248016067,0.4170403587443946,0.44779116465863456,0.8195495528332373,0.053811659192825115
context_action+all_internal+grounding,224,0.4497991967871486,0.760333834865727,0.41964285714285715,0.4497991967871486,0.818569664009141,0.05357142857142857
context_action+all_internal+grounding,225,0.45180722891566266,0.7610034692312616,0.4222222222222222,0.45180722891566266,0.8181646636999346,0.057777777777777775
context_action+all_internal+grounding,226,0.4538152610441767,0.7611920389134129,0.4247787610619469,0.4538152610441767,0.8176900774725034,0.05752212389380531
context_action+all_internal+grounding,227,0.45582329317269077,0.7617340742580996,0.42731277533039647,0.45582329317269077,0.811936008319283,0.05726872246696035
context_action+all_internal+grounding,228,0.4578313253012048,0.7617529069371387,0.4298245614035088,0.4578313253012048,0.8114339330303386,0.05701754385964912
context_action+all_internal+grounding,229,0.4598393574297189,0.7630138464217838,0.4279475982532751,0.4598393574297189,0.8111061080290284,0.056768558951965066
context_action+all_internal+grounding,230,0.46184738955823296,0.7652521572066987,0.4260869565217391,0.46184738955823296,0.8109956739060586,0.05652173913043478
context_action+all_internal+grounding,231,0.463855421686747,0.7678027694549849,0.42857142857142855,0.463855421686747,0.8106549808515913,0.06060606060606061
context_action+all_internal+grounding,232,0.46586345381526106,0.7694148903779948,0.4267241379310345,0.46586345381526106,0.8101434398506197,0.06465517241379311
context_action+all_internal+grounding,233,0.4678714859437751,0.7703418049612288,0.4291845493562232,0.4678714859437751,0.8089601537243647,0.06437768240343347
context_action+all_internal+grounding,234,0.46987951807228917,0.7728170885370964,0.43162393162393164,0.46987951807228917,0.8083524742811012,0.06837606837606838
context_action+all_internal+grounding,235,0.4718875502008032,0.7733624309782686,0.4340425531914894,0.4718875502008032,0.8082613818986801,0.06808510638297872
context_action+all_internal+grounding,236,0.4738955823293173,0.7745121250148668,0.4364406779661017,0.4738955823293173,0.8074832538322763,0.06779661016949153
context_action+all_internal+grounding,237,0.4759036144578313,0.7747968144090618,0.4388185654008439,0.4759036144578313,0.8068248014894428,0.06751054852320675
context_action+all_internal+grounding,238,0.4779116465863454,0.7751136626468792,0.4411764705882353,0.4779116465863454,0.8048033007855919,0.06722689075630252
context_action+all_internal+grounding,239,0.4799196787148594,0.7765773028912617,0.4393305439330544,0.4799196787148594,0.803665189532876,0.06694560669456066
context_action+all_internal+grounding,240,0.4819277108433735,0.7792985037526606,0.44166666666666665,0.4819277108433735,0.8021118391578127,0.07083333333333333
context_action+all_internal+grounding,241,0.4839357429718876,0.7809167260314739,0.44398340248962653,0.4839357429718876,0.8007392775970786,0.07053941908713693
context_action+all_internal+grounding,242,0.4859437751004016,0.7822331200371175,0.4462809917355372,0.4859437751004016,0.7993007899104607,0.07024793388429752
context_action+all_internal+grounding,243,0.4879518072289157,0.7840418186151576,0.4444444444444444,0.4879518072289157,0.7984202613413282,0.06995884773662552
context_action+all_internal+grounding,244,0.4899598393574297,0.7843421242902138,0.44672131147540983,0.4899598393574297,0.7969686643863167,0.07377049180327869
context_action+all_internal+grounding,245,0.4919678714859438,0.7860289972730158,0.4489795918367347,0.4919678714859438,0.7956174824923914,0.07346938775510205
context_action+all_internal+grounding,246,0.4939759036144578,0.7875127690586297,0.44715447154471544,0.4939759036144578,0.7946903367762804,0.07317073170731707
context_action+all_internal+grounding,247,0.4959839357429719,0.7902864785331379,0.4493927125506073,0.4959839357429719,0.7943489572817807,0.07692307692307693
context_action+all_internal+grounding,248,0.4979919678714859,0.7906146187555033,0.45161290322580644,0.4979919678714859,0.7940719838231837,0.07661290322580645
context_action+all_internal+grounding,249,0.5,0.7920195086981873,0.4538152610441767,0.5,0.7921401139554799,0.07630522088353414
context_action+all_internal+grounding,250,0.5020080321285141,0.7921401139554799,0.456,0.5020080321285141,0.7920195086981873,0.076
context_action+all_internal+grounding,251,0.5040160642570282,0.7940719838231837,0.4581673306772908,0.5040160642570282,0.7906146187555033,0.07569721115537849
context_action+all_internal+grounding,252,0.5060240963855421,0.7943489572817807,0.45634920634920634,0.5060240963855421,0.7902864785331379,0.07539682539682539
context_action+all_internal+grounding,253,0.5080321285140562,0.7946903367762804,0.45849802371541504,0.5080321285140562,0.7875127690586297,0.07905138339920949
context_action+all_internal+grounding,254,0.5100401606425703,0.7956174824923914,0.46062992125984253,0.5100401606425703,0.7860289972730158,0.07874015748031496
context_action+all_internal+grounding,255,0.5120481927710844,0.7969686643863167,0.4588235294117647,0.5120481927710844,0.7843421242902138,0.0784313725490196
context_action+all_internal+grounding,256,0.5140562248995983,0.7984202613413282,0.4609375,0.5140562248995983,0.7840418186151576,0.08203125
context_action+all_internal+grounding,257,0.5160642570281124,0.7993007899104607,0.46303501945525294,0.5160642570281124,0.7822331200371175,0.08171206225680934
context_action+all_internal+grounding,258,0.5180722891566265,0.8007392775970786,0.46511627906976744,0.5180722891566265,0.7809167260314739,0.08139534883720931
context_action+all_internal+grounding,259,0.5200803212851406,0.8021118391578127,0.46332046332046334,0.5200803212851406,0.7792985037526606,0.08108108108108109
context_action+all_internal+grounding,260,0.5220883534136547,0.803665189532876,0.4653846153846154,0.5220883534136547,0.7765773028912617,0.08461538461538462
context_action+all_internal+grounding,261,0.5240963855421686,0.8048033007855919,0.4674329501915709,0.5240963855421686,0.7751136626468792,0.0842911877394636
context_action+all_internal+grounding,262,0.5261044176706827,0.8068248014894428,0.46946564885496184,0.5261044176706827,0.7747968144090618,0.08396946564885496
context_action+all_internal+grounding,263,0.5281124497991968,0.8074832538322763,0.4714828897338403,0.5281124497991968,0.7745121250148668,0.08365019011406843
context_action+all_internal+grounding,264,0.5301204819277109,0.8082613818986801,0.4734848484848485,0.5301204819277109,0.7733624309782686,0.08333333333333333
context_action+all_internal+grounding,265,0.5321285140562249,0.8083524742811012,0.4716981132075472,0.5321285140562249,0.7728170885370964,0.0830188679245283
context_action+all_internal+grounding,266,0.5341365461847389,0.8089601537243647,0.47368421052631576,0.5341365461847389,0.7703418049612288,0.08270676691729323
context_action+all_internal+grounding,267,0.536144578313253,0.8101434398506197,0.47191011235955055,0.536144578313253,0.7694148903779948,0.08614232209737828
context_action+all_internal+grounding,268,0.5381526104417671,0.8106549808515913,0.4701492537313433,0.5381526104417671,0.7678027694549849,0.08582089552238806
context_action+all_internal+grounding,269,0.5401606425702812,0.8109956739060586,0.4721189591078067,0.5401606425702812,0.7652521572066987,0.08921933085501858
context_action+all_internal+grounding,270,0.5421686746987951,0.8111061080290284,0.4740740740740741,0.5421686746987951,0.7630138464217838,0.09259259259259259
context_action+all_internal+grounding,271,0.5441767068273092,0.8114339330303386,0.47601476014760147,0.5441767068273092,0.7617529069371387,0.09225092250922509
context_action+all_internal+grounding,272,0.5461847389558233,0.811936008319283,0.47794117647058826,0.5461847389558233,0.7617340742580996,0.09191176470588236
context_action+all_internal+grounding,273,0.5481927710843374,0.8176900774725034,0.47985347985347987,0.5481927710843374,0.7611920389134129,0.09157509157509157
context_action+all_internal+grounding,274,0.5502008032128514,0.8181646636999346,0.4781021897810219,0.5502008032128514,0.7610034692312616,0.09124087591240876
context_action+all_internal+grounding,275,0.5522088353413654,0.818569664009141,0.48,0.5522088353413654,0.760333834865727,0.09090909090909091
context_action+all_internal+grounding,276,0.5542168674698795,0.8195495528332373,0.48188405797101447,0.5542168674698795,0.7574866248016067,0.09057971014492754
context_action+all_internal+grounding,277,0.5562248995983936,0.8198302912527351,0.48014440433212996,0.5562248995983936,0.7562510108079596,0.09386281588447654
context_action+all_internal+grounding,278,0.5582329317269076,0.8200157351695971,0.48201438848920863,0.5582329317269076,0.7556687658466379,0.09352517985611511
context_action+all_internal+grounding,279,0.5602409638554217,0.8226576420058134,0.4838709677419355,0.5602409638554217,0.7553469786244965,0.0967741935483871
context_action+all_internal+grounding,280,0.5622489959839357,0.8244050662446494,0.4857142857142857,0.5622489959839357,0.7540391748383817,0.09642857142857143
context_action+all_internal+grounding,281,0.5642570281124498,0.8246933666417392,0.4875444839857651,0.5642570281124498,0.7483012451893426,0.09608540925266904
context_action+all_internal+grounding,282,0.5662650602409639,0.8285117626837167,0.48936170212765956,0.5662650602409639,0.7482049303965513,0.09574468085106383
context_action+all_internal+grounding,283,0.5682730923694779,0.8287168365075941,0.4911660777385159,0.5682730923694779,0.7476986290481451,0.09540636042402827
context_action+all_internal+grounding,284,0.570281124497992,0.8345386223448115,0.4894366197183099,0.570281124497992,0.7449545691778712,0.09859154929577464
context_action+all_internal+grounding,285,0.572289156626506,0.8348530065540942,0.49122807017543857,0.572289156626506,0.7427777118394808,0.10175438596491228
context_action+all_internal+grounding,286,0.5742971887550201,0.8354548720912877,0.493006993006993,0.5742971887550201,0.7416379836559965,0.10139860139860139
context_action+all_internal+grounding,287,0.5763052208835341,0.8367686556815693,0.49477351916376305,0.5763052208835341,0.7387478499446244,0.10104529616724739
context_action+all_internal+grounding,288,0.5783132530120482,0.8394980861280197,0.4965277777777778,0.5783132530120482,0.7387281514384468,0.10069444444444445
context_action+all_internal+grounding,289,0.5803212851405622,0.8403510409744498,0.49480968858131485,0.5803212851405622,0.7385564946775348,0.10034602076124567
context_action+all_internal+grounding,290,0.5823293172690763,0.8410535168555017,0.496551724137931,0.5823293172690763,0.738355871049449,0.1
context_action+all_internal+grounding,291,0.5843373493975904,0.8417390229908114,0.49828178694158076,0.5843373493975904,0.7378212822189707,0.09965635738831616
context_action+all_internal+grounding,292,0.5863453815261044,0.8429608370748104,0.5,0.5863453815261044,0.7328710076289738,0.10273972602739725
context_action+all_internal+grounding,293,0.5883534136546185,0.8434095324022244,0.5017064846416383,0.5883534136546185,0.7301343063170632,0.10238907849829351
context_action+all_internal+grounding,294,0.5903614457831325,0.8446733696955313,0.5034013605442177,0.5903614457831325,0.7299724001086042,0.1054421768707483
context_action+all_internal+grounding,295,0.5923694779116466,0.8457952956997721,0.5050847457627119,0.5923694779116466,0.7281108258742508,0.10508474576271186
context_action+all_internal+grounding,296,0.5943775100401606,0.846330343502955,0.5067567567567568,0.5943775100401606,0.7250794557478074,0.10472972972972973
context_action+all_internal+grounding,297,0.5963855421686747,0.8467104778558711,0.5084175084175084,0.5963855421686747,0.7238887351673051,0.10437710437710437
context_action+all_internal+grounding,298,0.5983935742971888,0.8482939847965032,0.5100671140939598,0.5983935742971888,0.72349223720048,0.1040268456375839
context_action+all_internal+grounding,299,0.6004016064257028,0.849546115620344,0.5083612040133779,0.6004016064257028,0.7209368401158184,0.10702341137123746
context_action+all_internal+grounding,300,0.6024096385542169,0.85049599352439,0.51,0.6024096385542169,0.7144975810219938,0.10666666666666667
context_action+all_internal+grounding,301,0.6044176706827309,0.8504986193199225,0.5116279069767442,0.6044176706827309,0.7141551407275063,0.10963455149501661
context_action+all_internal+grounding,302,0.606425702811245,0.850614595531017,0.5132450331125827,0.606425702811245,0.7123744721564288,0.11258278145695365
context_action+all_internal+grounding,303,0.608433734939759,0.8522504350575439,0.5148514851485149,0.608433734939759,0.7121156308173033,0.11221122112211221
context_action+all_internal+grounding,304,0.6104417670682731,0.8523691752388998,0.5164473684210527,0.6104417670682731,0.7120470866271912,0.1118421052631579
context_action+all_internal+grounding,305,0.6124497991967871,0.8524292529531184,0.5180327868852459,0.6124497991967871,0.7119751650904552,0.11475409836065574
context_action+all_internal+grounding,306,0.6144578313253012,0.8529488583517145,0.5196078431372549,0.6144578313253012,0.7063502856938801,0.11437908496732026
context_action+all_internal+grounding,307,0.6164658634538153,0.8551879379695441,0.5211726384364821,0.6164658634538153,0.705359924098367,0.11400651465798045
context_action+all_internal+grounding,308,0.6184738955823293,0.8558025544960693,0.5227272727272727,0.6184738955823293,0.7049721541787082,0.11363636363636363
context_action+all_internal+grounding,309,0.6204819277108434,0.8572491353589947,0.5242718446601942,0.6204819277108434,0.7049285732833671,0.11326860841423948
context_action+all_internal+grounding,310,0.6224899598393574,0.8575788926334175,0.5258064516129032,0.6224899598393574,0.7027636152509762,0.11290322580645161
context_action+all_internal+grounding,311,0.6244979919678715,0.8576599284632798,0.5273311897106109,0.6244979919678715,0.7022542985100905,0.1157556270096463
context_action+all_internal+grounding,312,0.6265060240963856,0.858006472995203,0.5288461538461539,0.6265060240963856,0.6997259079417859,0.11538461538461539
context_action+all_internal+grounding,313,0.6285140562248996,0.8584319911984427,0.5303514376996805,0.6285140562248996,0.6992211417922487,0.11501597444089456
context_action+all_internal+grounding,314,0.6305220883534136,0.8595918072977702,0.5318471337579618,0.6305220883534136,0.6968266990005654,0.1178343949044586
context_action+all_internal+grounding,315,0.6325301204819277,0.8597430544575819,0.5333333333333333,0.6325301204819277,0.6953011961387339,0.12063492063492064
context_action+all_internal+grounding,316,0.6345381526104418,0.8607850294919545,0.5348101265822784,0.6345381526104418,0.6916146299537522,0.12025316455696203
context_action+all_internal+grounding,317,0.6365461847389559,0.8610773331341126,0.5362776025236593,0.6365461847389559,0.6879681460231165,0.12302839116719243
context_action+all_internal+grounding,318,0.6385542168674698,0.8612305571384523,0.5377358490566038,0.6385542168674698,0.6879385495961239,0.12264150943396226
context_action+all_internal+grounding,319,0.6405622489959839,0.8630965757709741,0.5391849529780565,0.6405622489959839,0.6868646685610049,0.12539184952978055
context_action+all_internal+grounding,320,0.642570281124498,0.8634895125628743,0.540625,0.642570281124498,0.6857098673341543,0.125
context_action+all_internal+grounding,321,0.6445783132530121,0.8642318272932595,0.5420560747663551,0.6445783132530121,0.6853312541112745,0.1277258566978193
context_action+all_internal+grounding,322,0.6465863453815262,0.8643611513996776,0.5434782608695652,0.6465863453815262,0.6851645500652327,0.12732919254658384
context_action+all_internal+grounding,323,0.6485943775100401,0.86436973256174,0.544891640866873,0.6485943775100401,0.6822546951622506,0.12693498452012383
context_action+all_internal+grounding,324,0.6506024096385542,0.8657518779910268,0.5462962962962963,0.6506024096385542,0.6744115286661418,0.12654320987654322
context_action+all_internal+grounding,325,0.6526104417670683,0.8692637389583487,0.5476923076923077,0.6526104417670683,0.672463834027712,0.12615384615384614
context_action+all_internal+grounding,326,0.6546184738955824,0.8714206641811866,0.549079754601227,0.6546184738955824,0.6724067498068036,0.12576687116564417
context_action+all_internal+grounding,327,0.6566265060240963,0.8736490350936071,0.5504587155963303,0.6566265060240963,0.6699328885706974,0.12538226299694188
context_action+all_internal+grounding,328,0.6586345381526104,0.8744367534576477,0.551829268292683,0.6586345381526104,0.6660553839762829,0.125
context_action+all_internal+grounding,329,0.6606425702811245,0.8745657133367745,0.5531914893617021,0.6606425702811245,0.6634155085934416,0.1276595744680851
context_action+all_internal+grounding,330,0.6626506024096386,0.8750468240437014,0.5545454545454546,0.6626506024096386,0.662363327580277,0.12727272727272726
context_action+all_internal+grounding,331,0.6646586345381527,0.8750978041210039,0.5558912386706949,0.6646586345381527,0.6586259926761202,0.1268882175226586
context_action+all_internal+grounding,332,0.6666666666666666,0.8755887292044829,0.5542168674698795,0.6666666666666666,0.6515325029237619,0.12951807228915663
context_action+all_internal+grounding,333,0.6686746987951807,0.8766535790582246,0.5555555555555556,0.6686746987951807,0.6477929339702664,0.12912912912912913
context_action+all_internal+grounding,334,0.6706827309236948,0.8770546230759486,0.5568862275449101,0.6706827309236948,0.6456914762847579,0.12874251497005987
context_action+all_internal+grounding,335,0.6726907630522089,0.8773740613964446,0.5552238805970149,0.6726907630522089,0.6394553234372921,0.12835820895522387
context_action+all_internal+grounding,336,0.6746987951807228,0.8796151915294892,0.5565476190476191,0.6746987951807228,0.6376854838330445,0.12797619047619047
context_action+all_internal+grounding,337,0.6767068273092369,0.8799669785426909,0.5578635014836796,0.6767068273092369,0.6368255050820296,0.12759643916913946
context_action+all_internal+grounding,338,0.678714859437751,0.8803721048190063,0.5591715976331361,0.678714859437751,0.6350348216773166,0.12721893491124261
context_action+all_internal+grounding,339,0.6807228915662651,0.8811209135602992,0.56047197640118,0.6807228915662651,0.6346593471209032,0.12979351032448377
context_action+all_internal+grounding,340,0.6827309236947792,0.8813811378037254,0.5617647058823529,0.6827309236947792,0.6296066937568294,0.12941176470588237
context_action+all_internal+grounding,341,0.6847389558232931,0.883154437125238,0.5630498533724341,0.6847389558232931,0.6285997133664802,0.12903225806451613
context_action+all_internal+grounding,342,0.6867469879518072,0.8845987083498869,0.564327485380117,0.6867469879518072,0.6280344941311962,0.13157894736842105
context_action+all_internal+grounding,343,0.6887550200803213,0.8859322003717663,0.5626822157434402,0.6887550200803213,0.6271052768628316,0.13119533527696792
context_action+all_internal+grounding,344,0.6907630522088354,0.887119625087083,0.563953488372093,0.6907630522088354,0.6210127044945578,0.13372093023255813
context_action+all_internal+grounding,345,0.6927710843373494,0.888164981113189,0.5652173913043478,0.6927710843373494,0.6187649861197447,0.13623188405797101
context_action+all_internal+grounding,346,0.6947791164658634,0.889756848249943,0.5635838150289018,0.6947791164658634,0.6141206508895379,0.13583815028901733
context_action+all_internal+grounding,347,0.6967871485943775,0.8899401780107824,0.5648414985590778,0.6967871485943775,0.6138016630252869,0.13544668587896252
context_action+all_internal+grounding,348,0.6987951807228916,0.8907771864744021,0.5660919540229885,0.6987951807228916,0.6136659334421787,0.13793103448275862
context_action+all_internal+grounding,349,0.7008032128514057,0.8908513595182523,0.5673352435530086,0.7008032128514057,0.6129620680778401,0.14040114613180515
context_action+all_internal+grounding,350,0.7028112449799196,0.8934579086162563,0.5685714285714286,0.7028112449799196,0.6110453600765929,0.14
context_action+all_internal+grounding,351,0.7048192771084337,0.8937118990012032,0.5698005698005698,0.7048192771084337,0.6102600018546667,0.1396011396011396
context_action+all_internal+grounding,352,0.7068273092369478,0.8949325959994843,0.5710227272727273,0.7068273092369478,0.6063197175096203,0.13920454545454544
context_action+all_internal+grounding,353,0.7088353413654619,0.8950939139476665,0.5722379603399433,0.7088353413654619,0.6055815195478872,0.1388101983002833
context_action+all_internal+grounding,354,0.7108433734939759,0.8956161614343522,0.5734463276836158,0.7108433734939759,0.6009223763322503,0.1384180790960452
context_action+all_internal+grounding,355,0.7128514056224899,0.8956927202795092,0.5746478873239437,0.7128514056224899,0.5978952750961729,0.13802816901408452
context_action+all_internal+grounding,356,0.714859437751004,0.8958792625124634,0.5758426966292135,0.714859437751004,0.5866386887220705,0.13764044943820225
context_action+all_internal+grounding,357,0.7168674698795181,0.8975683132811184,0.5770308123249299,0.7168674698795181,0.5823830759952995,0.1400560224089636
context_action+all_internal+grounding,358,0.7188755020080321,0.8978904906280715,0.5782122905027933,0.7188755020080321,0.5795242618404289,0.1424581005586592
context_action+all_internal+grounding,359,0.7208835341365462,0.8985969167810912,0.5793871866295265,0.7208835341365462,0.5768457348886158,0.14484679665738162
context_action+all_internal+grounding,360,0.7228915662650602,0.8992727231029687,0.5805555555555556,0.7228915662650602,0.5755984629630813,0.14722222222222223
context_action+all_internal+grounding,361,0.7248995983935743,0.9007754114386092,0.5817174515235457,0.7248995983935743,0.5753091704017194,0.14681440443213298
context_action+all_internal+grounding,362,0.7269076305220884,0.9023336182207812,0.5828729281767956,0.7269076305220884,0.5740816911522445,0.1464088397790055
context_action+all_internal+grounding,363,0.7289156626506024,0.9050123425785492,0.5840220385674931,0.7289156626506024,0.5731359162282573,0.14600550964187328
context_action+all_internal+grounding,364,0.7309236947791165,0.906914246967011,0.5851648351648352,0.7309236947791165,0.5715627740058077,0.14560439560439561
context_action+all_internal+grounding,365,0.7329317269076305,0.9071583424148656,0.5863013698630137,0.7329317269076305,0.5711575583948462,0.14794520547945206
context_action+all_internal+grounding,366,0.7349397590361446,0.9072011337368576,0.587431693989071,0.7349397590361446,0.5711114779084017,0.14754098360655737
context_action+all_internal+grounding,367,0.7369477911646586,0.9085348833868035,0.5885558583106267,0.7369477911646586,0.5645198332621442,0.14986376021798364
context_action+all_internal+grounding,368,0.7389558232931727,0.9088311240810256,0.5896739130434783,0.7389558232931727,0.5642300495032714,0.14945652173913043
context_action+all_internal+grounding,369,0.7409638554216867,0.910024738218707,0.5880758807588076,0.7409638554216867,0.5574874318449864,0.14905149051490515
context_action+all_internal+grounding,370,0.7429718875502008,0.9119464235229394,0.5891891891891892,0.7429718875502008,0.5506696587713327,0.14864864864864866
context_action+all_internal+grounding,371,0.7449799196787149,0.9130481037608686,0.5902964959568733,0.7449799196787149,0.5495582686160739,0.1509433962264151
context_action+all_internal+grounding,372,0.7469879518072289,0.913244120512101,0.5913978494623656,0.7469879518072289,0.5495014320613327,0.1532258064516129
context_action+all_internal+grounding,373,0.748995983935743,0.9133825280979222,0.5924932975871313,0.748995983935743,0.5489959662719558,0.15281501340482573
context_action+all_internal+grounding,374,0.751004016064257,0.9137195260791272,0.5935828877005348,0.751004016064257,0.5423947391742928,0.15240641711229946
context_action+all_internal+grounding,375,0.7530120481927711,0.9141991193119804,0.5946666666666667,0.7530120481927711,0.5327630440430483,0.152
context_action+all_internal+grounding,376,0.7550200803212851,0.9149547326650846,0.5957446808510638,0.7550200803212851,0.5311056911653832,0.15159574468085107
context_action+all_internal+grounding,377,0.7570281124497992,0.9157793034393668,0.596816976127321,0.7570281124497992,0.5173486961872441,0.15384615384615385
context_action+all_internal+grounding,378,0.7590361445783133,0.9158681118122116,0.5952380952380952,0.7590361445783133,0.5117608181198485,0.15608465608465608
context_action+all_internal+grounding,379,0.7610441767068273,0.9168764214124446,0.5963060686015831,0.7610441767068273,0.5087867238282121,0.15567282321899736
context_action+all_internal+grounding,380,0.7630522088353414,0.9200129127125966,0.5973684210526315,0.7630522088353414,0.5041864011616055,0.15526315789473685
context_action+all_internal+grounding,381,0.7650602409638554,0.9216992144131936,0.5984251968503937,0.7650602409638554,0.5021954401979046,0.15485564304461943
context_action+all_internal+grounding,382,0.7670682730923695,0.9219325200768568,0.599476439790576,0.7670682730923695,0.4995194299500086,0.15706806282722513
context_action+all_internal+grounding,383,0.7690763052208835,0.924281277416864,0.6005221932114883,0.7690763052208835,0.493696243221704,0.1566579634464752
context_action+all_internal+grounding,384,0.7710843373493976,0.9248963801202946,0.6015625,0.7710843373493976,0.4915920680231588,0.15625
context_action+all_internal+grounding,385,0.7730923694779116,0.924976911213022,0.6025974025974026,0.7730923694779116,0.490634826721175,0.15844155844155844
context_action+all_internal+grounding,386,0.7751004016064257,0.9288391634973164,0.6036269430051814,0.7751004016064257,0.4821601227859963,0.15803108808290156
context_action+all_internal+grounding,387,0.7771084337349398,0.9295573798066892,0.6046511627906976,0.7771084337349398,0.4820083306361951,0.15762273901808785
context_action+all_internal+grounding,388,0.7791164658634538,0.930046793692893,0.6056701030927835,0.7791164658634538,0.4809049692411032,0.15979381443298968
context_action+all_internal+grounding,389,0.7811244979919679,0.930374310454921,0.6066838046272494,0.7811244979919679,0.4795668352704481,0.16195372750642673
context_action+all_internal+grounding,390,0.7831325301204819,0.9305602982331412,0.6076923076923076,0.7831325301204819,0.458098362448005,0.1641025641025641
context_action+all_internal+grounding,391,0.785140562248996,0.9305978068090106,0.6086956521739131,0.785140562248996,0.4509590259637122,0.16624040920716113
context_action+all_internal+grounding,392,0.7871485943775101,0.9310178419754052,0.6096938775510204,0.7871485943775101,0.4502656331971405,0.16581632653061223
context_action+all_internal+grounding,393,0.7891566265060241,0.9315419147806044,0.6106870229007634,0.7891566265060241,0.4451635152774305,0.16793893129770993
context_action+all_internal+grounding,394,0.7911646586345381,0.9317229034864374,0.6116751269035533,0.7911646586345381,0.439907906173949,0.1700507614213198
context_action+all_internal+grounding,395,0.7931726907630522,0.9327022510297636,0.6126582278481013,0.7931726907630522,0.4355101082080709,0.17215189873417722
context_action+all_internal+grounding,396,0.7951807228915663,0.9329762360669882,0.6136363636363636,0.7951807228915663,0.4341483692182699,0.17424242424242425
context_action+all_internal+grounding,397,0.7971887550200804,0.9334000631353456,0.6120906801007556,0.7971887550200804,0.4248187783267866,0.17380352644836272
context_action+all_internal+grounding,398,0.7991967871485943,0.9337883724650544,0.6105527638190955,0.7991967871485943,0.4207626865702535,0.17587939698492464
context_action+all_internal+grounding,399,0.8012048192771084,0.934556576891658,0.6115288220551378,0.8012048192771084,0.4180783263680626,0.17794486215538846
context_action+all_internal+grounding,400,0.8032128514056225,0.9350995412127666,0.6125,0.8032128514056225,0.4180310324845309,0.18
context_action+all_internal+grounding,401,0.8052208835341366,0.9351447804701276,0.6134663341645885,0.8052208835341366,0.4180248347966769,0.18204488778054864
context_action+all_internal+grounding,402,0.8072289156626506,0.937439189703098,0.6144278606965174,0.8072289156626506,0.4102909061079947,0.18407960199004975
context_action+all_internal+grounding,403,0.8092369477911646,0.9377934023962132,0.6153846153846154,0.8092369477911646,0.4048010340331928,0.18362282878411912
context_action+all_internal+grounding,404,0.8112449799196787,0.9379365287584612,0.6163366336633663,0.8112449799196787,0.3958859445661843,0.18564356435643564
context_action+all_internal+grounding,405,0.8132530120481928,0.93851009345265,0.6172839506172839,0.8132530120481928,0.394463407950487,0.18765432098765433
context_action+all_internal+grounding,406,0.8152610441767069,0.9385504235260445,0.6182266009852216,0.8152610441767069,0.3876093508687268,0.1896551724137931
context_action+all_internal+grounding,407,0.8172690763052208,0.9413564557400772,0.6191646191646192,0.8172690763052208,0.3859212419103184,0.1891891891891892
context_action+all_internal+grounding,408,0.8192771084337349,0.94150408902784,0.6200980392156863,0.8192771084337349,0.3772761051995999,0.19117647058823528
context_action+all_internal+grounding,409,0.821285140562249,0.9443440049666408,0.6210268948655256,0.821285140562249,0.3567068354763094,0.19070904645476772
context_action+all_internal+grounding,410,0.8232931726907631,0.9487747973277396,0.6219512195121951,0.8232931726907631,0.3534280690033882,0.1926829268292683
context_action+all_internal+grounding,411,0.8253012048192772,0.9487759151391288,0.6228710462287105,0.8253012048192772,0.3528354922333799,0.1922141119221411
context_action+all_internal+grounding,412,0.8273092369477911,0.949614925709236,0.6237864077669902,0.8273092369477911,0.3440165419547158,0.1941747572815534
context_action+all_internal+grounding,413,0.8293172690763052,0.9502847895755572,0.6246973365617433,0.8293172690763052,0.3382051064297677,0.19612590799031476
context_action+all_internal+grounding,414,0.8313253012048193,0.9505354034333684,0.6256038647342995,0.8313253012048193,0.3377546282500775,0.19806763285024154
context_action+all_internal+grounding,415,0.8333333333333334,0.9506167767133504,0.6265060240963856,0.8333333333333334,0.3156457282199049,0.2
context_action+all_internal+grounding,416,0.8353413654618473,0.9526546839761284,0.6274038461538461,0.8353413654618473,0.3107865318392909,0.20192307692307693
context_action+all_internal+grounding,417,0.8373493975903614,0.9541947014457004,0.6282973621103117,0.8373493975903614,0.3074287291159151,0.2038369304556355
context_action+all_internal+grounding,418,0.8393574297188755,0.9544730047211488,0.6291866028708134,0.8393574297188755,0.3069014204873698,0.20574162679425836
context_action+all_internal+grounding,419,0.8413654618473896,0.9564184260193894,0.630071599045346,0.8413654618473896,0.3060056803637948,0.20763723150357996
context_action+all_internal+grounding,420,0.8433734939759037,0.9569719814468888,0.6309523809523809,0.8433734939759037,0.2964337108605588,0.20952380952380953
context_action+all_internal+grounding,421,0.8453815261044176,0.9575651101175408,0.6318289786223278,0.8453815261044176,0.2888795289005487,0.20902612826603326
context_action+all_internal+grounding,422,0.8473895582329317,0.9585937697166472,0.6327014218009479,0.8473895582329317,0.2863093679379327,0.20853080568720378
context_action+all_internal+grounding,423,0.8493975903614458,0.9594750048902636,0.6335697399527187,0.8493975903614458,0.2676634352218857,0.21040189125295508
context_action+all_internal+grounding,424,0.8514056224899599,0.9598646747548656,0.6344339622641509,0.8514056224899599,0.2579173017021455,0.21226415094339623
context_action+all_internal+grounding,425,0.8534136546184738,0.9599075180401196,0.6352941176470588,0.8534136546184738,0.2520924675573655,0.21411764705882352
context_action+all_internal+grounding,426,0.8554216867469879,0.960814069170319,0.636150234741784,0.8554216867469879,0.2445316761323338,0.215962441314554
context_action+all_internal+grounding,427,0.857429718875502,0.9613699950014484,0.6370023419203747,0.857429718875502,0.243030916699548,0.2154566744730679
context_action+all_internal+grounding,428,0.8594377510040161,0.9614115660967172,0.6378504672897196,0.8594377510040161,0.2407798371054164,0.21728971962616822
context_action+all_internal+grounding,429,0.8614457831325302,0.9615320205779738,0.6386946386946387,0.8614457831325302,0.2292006825017707,0.2191142191142191
context_action+all_internal+grounding,430,0.8634538152610441,0.9615910037023916,0.6395348837209303,0.8634538152610441,0.2255501619862102,0.22093023255813954
context_action+all_internal+grounding,431,0.8654618473895582,0.9631887259182158,0.6403712296983759,0.8654618473895582,0.2222469054878955,0.22273781902552203
context_action+all_internal+grounding,432,0.8674698795180723,0.9634835948507324,0.6412037037037037,0.8674698795180723,0.2118925738575208,0.2222222222222222
context_action+all_internal+grounding,433,0.8694779116465864,0.964216546153576,0.6420323325635104,0.8694779116465864,0.2102898113308029,0.22401847575057737
context_action+all_internal+grounding,434,0.8714859437751004,0.9649362825314668,0.6428571428571429,0.8714859437751004,0.2014997398412302,0.22580645161290322
context_action+all_internal+grounding,435,0.8734939759036144,0.9673568558358608,0.6436781609195402,0.8734939759036144,0.1952215683907001,0.22758620689655173
context_action+all_internal+grounding,436,0.8755020080321285,0.9679019644308084,0.6444954128440367,0.8755020080321285,0.1912493972301854,0.22935779816513763
context_action+all_internal+grounding,437,0.8775100401606426,0.9680935483515288,0.6453089244851259,0.8775100401606426,0.1768669765208289,0.2288329519450801
context_action+all_internal+grounding,438,0.8795180722891566,0.9699863602729158,0.6461187214611872,0.8795180722891566,0.1736173506684543,0.23059360730593606
context_action+all_internal+grounding,439,0.8815261044176707,0.9712061384798296,0.6469248291571754,0.8815261044176707,0.1720230674825947,0.23234624145785876
context_action+all_internal+grounding,440,0.8835341365461847,0.9721783777266128,0.6477272727272727,0.8835341365461847,0.1690069096239184,0.2340909090909091
context_action+all_internal+grounding,441,0.8855421686746988,0.9735086928210528,0.6485260770975056,0.8855421686746988,0.1669386864824992,0.23582766439909297
context_action+all_internal+grounding,442,0.8875502008032129,0.975607806524281,0.6493212669683258,0.8875502008032129,0.1659565278579733,0.23755656108597284
context_action+all_internal+grounding,443,0.8895582329317269,0.97619128064066,0.6501128668171557,0.8895582329317269,0.1647550904353909,0.23702031602708803
context_action+all_internal+grounding,444,0.891566265060241,0.976222501685237,0.6509009009009009,0.891566265060241,0.1635955564172537,0.23873873873873874
context_action+all_internal+grounding,445,0.893574297188755,0.9804020481396026,0.651685393258427,0.893574297188755,0.1615722077178407,0.23820224719101124
context_action+all_internal+grounding,446,0.8955823293172691,0.9815700980482058,0.6524663677130045,0.8955823293172691,0.1570219588364367,0.2399103139013453
context_action+all_internal+grounding,447,0.8975903614457831,0.9819016772732306,0.6532438478747203,0.8975903614457831,0.153478276438721,0.23937360178970918
context_action+all_internal+grounding,448,0.8995983935742972,0.982386541093068,0.6540178571428571,0.8995983935742972,0.1457858286393041,0.24107142857142858
context_action+all_internal+grounding,449,0.9016064257028112,0.982723865946284,0.6547884187082406,0.9016064257028112,0.145595982838515,0.24276169265033407
context_action+all_internal+grounding,450,0.9036144578313253,0.9828014640512576,0.6555555555555556,0.9036144578313253,0.1422119301809824,0.24222222222222223
context_action+all_internal+grounding,451,0.9056224899598394,0.9850140684093888,0.656319290465632,0.9056224899598394,0.1361572365839594,0.24390243902439024
context_action+all_internal+grounding,452,0.9076305220883534,0.985063392917826,0.6570796460176991,0.9076305220883534,0.1279091085757557,0.24557522123893805
context_action+all_internal+grounding,453,0.9096385542168675,0.985245801195984,0.6578366445916115,0.9096385542168675,0.1230685718630253,0.24724061810154527
context_action+all_internal+grounding,454,0.9116465863453815,0.9862633902500558,0.6585903083700441,0.9116465863453815,0.1100329367082027,0.2488986784140969
context_action+all_internal+grounding,455,0.9136546184738956,0.9878986861796198,0.6593406593406593,0.9136546184738956,0.1053064248473497,0.25054945054945055
context_action+all_internal+grounding,456,0.9156626506024096,0.9880476808606328,0.6600877192982456,0.9156626506024096,0.0977730429544395,0.25219298245614036
context_action+all_internal+grounding,457,0.9176706827309237,0.9887142928155124,0.6608315098468271,0.9176706827309237,0.0966948454682173,0.2538293216630197
context_action+all_internal+grounding,458,0.9196787148594378,0.9894431896746876,0.6615720524017468,0.9196787148594378,0.0957743467333236,0.2554585152838428
context_action+all_internal+grounding,459,0.9216867469879518,0.9897318572582,0.6623093681917211,0.9216867469879518,0.0780932081027224,0.2570806100217865
context_action+all_internal+grounding,460,0.9236947791164659,0.9901136179121994,0.6630434782608695,0.9236947791164659,0.0777580213549841,0.25869565217391305
context_action+all_internal+grounding,461,0.9257028112449799,0.9901416371632668,0.6637744034707158,0.9257028112449799,0.0775753875901162,0.2603036876355748
context_action+all_internal+grounding,462,0.927710843373494,0.9901969114153188,0.6645021645021645,0.927710843373494,0.0672098674581243,0.2619047619047619
context_action+all_internal+grounding,463,0.929718875502008,0.9905402113512844,0.6652267818574514,0.929718875502008,0.0643493480133147,0.2634989200863931
context_action+all_internal+grounding,464,0.9317269076305221,0.9912480265596374,0.665948275862069,0.9317269076305221,0.0640705187237575,0.2650862068965517
context_action+all_internal+grounding,465,0.9337349397590361,0.9923457134100676,0.6666666666666666,0.9337349397590361,0.0632367513100639,0.26666666666666666
context_action+all_internal+grounding,466,0.9357429718875502,0.9935667329167424,0.6673819742489271,0.9357429718875502,0.0614013916249958,0.26824034334763946
context_action+all_internal+grounding,467,0.9377510040160643,0.9954865037099372,0.6680942184154176,0.9377510040160643,0.0591529123601501,0.2698072805139186
context_action+all_internal+grounding,468,0.9397590361445783,0.996163915552468,0.6688034188034188,0.9397590361445783,0.0581270715681118,0.27136752136752135
context_action+all_internal+grounding,469,0.9417670682730924,0.9962044052407832,0.6695095948827292,0.9417670682730924,0.0575494000045832,0.27078891257995735
context_action+all_internal+grounding,470,0.9437751004016064,0.99627979461481,0.6702127659574468,0.9437751004016064,0.0559468932269638,0.2723404255319149
context_action+all_internal+grounding,471,0.9457831325301205,0.9966372443854552,0.6709129511677282,0.9457831325301205,0.0496585039226042,0.27388535031847133
context_action+all_internal+grounding,472,0.9477911646586346,0.9967440836500064,0.6716101694915254,0.9477911646586346,0.0470620443017649,0.2754237288135593
context_action+all_internal+grounding,473,0.9497991967871486,0.9968186702497353,0.6723044397463002,0.9497991967871486,0.0453520276432473,0.2769556025369979
context_action+all_internal+grounding,474,0.9518072289156626,0.9968205090412352,0.6729957805907173,0.9518072289156626,0.0420883543821547,0.27637130801687765
context_action+all_internal+grounding,475,0.9538152610441767,0.9969816537025096,0.6736842105263158,0.9538152610441767,0.0284464153933319,0.27789473684210525
context_action+all_internal+grounding,476,0.9558232931726908,0.997125904994416,0.6743697478991597,0.9558232931726908,0.0265877744549198,0.27941176470588236
context_action+all_internal+grounding,477,0.9578313253012049,0.9973847056807884,0.6750524109014675,0.9578313253012049,0.0262067361136225,0.2809224318658281
context_action+all_internal+grounding,478,0.9598393574297188,0.997557272057313,0.6757322175732218,0.9598393574297188,0.0210812280404126,0.2824267782426778
context_action+all_internal+grounding,479,0.9618473895582329,0.9976683940721718,0.6764091858037579,0.9618473895582329,0.020404841535878,0.2839248434237996
context_action+all_internal+grounding,480,0.963855421686747,0.9977260459808645,0.6770833333333334,0.963855421686747,0.016967028354449,0.28541666666666665
context_action+all_internal+grounding,481,0.9658634538152611,0.9978446848902676,0.6777546777546778,0.9658634538152611,0.0134914510737931,0.2869022869022869
context_action+all_internal+grounding,482,0.9678714859437751,0.9979180276515136,0.6784232365145229,0.9678714859437751,0.0116314630143543,0.2883817427385892
context_action+all_internal+grounding,483,0.9698795180722891,0.9980637173634552,0.6790890269151139,0.9698795180722891,0.0102222011532956,0.2898550724637681
context_action+all_internal+grounding,484,0.9718875502008032,0.998172947434362,0.6797520661157025,0.9718875502008032,0.0086703768293035,0.29132231404958675
context_action+all_internal+grounding,485,0.9738955823293173,0.99823724170697,0.6804123711340206,0.9738955823293173,0.0076889884871914,0.2927835051546392
context_action+all_internal+grounding,486,0.9759036144578314,0.9985288222660162,0.6810699588477366,0.9759036144578314,0.0076107148619068,0.294238683127572
context_action+all_internal+grounding,487,0.9779116465863453,0.9987305215643014,0.6817248459958932,0.9779116465863453,0.0067433309497559,0.29568788501026694
context_action+all_internal+grounding,488,0.9799196787148594,0.998837100126985,0.6823770491803278,0.9799196787148594,0.0055722173846534,0.29713114754098363
context_action+all_internal+grounding,489,0.9819277108433735,0.9990488736330946,0.6830265848670757,0.9819277108433735,0.0050534776666988,0.2985685071574642
context_action+all_internal+grounding,490,0.9839357429718876,0.9991210732057204,0.6836734693877551,0.9839357429718876,0.0044053927466754,0.3
context_action+all_internal+grounding,491,0.9859437751004017,0.9991249838723189,0.6843177189409368,0.9859437751004017,0.0042274029031987,0.3014256619144603
context_action+all_internal+grounding,492,0.9879518072289156,0.9992533836226224,0.6849593495934959,0.9879518072289156,0.0038523079910035,0.30284552845528456
context_action+all_internal+grounding,493,0.9899598393574297,0.9997404621854732,0.6855983772819473,0.9899598393574297,0.003552215736538,0.30425963488843816
context_action+all_internal+grounding,494,0.9919678714859438,0.999843181895428,0.6862348178137652,0.9919678714859438,0.0024726481883268,0.305668016194332
context_action+all_internal+grounding,495,0.9939759036144579,0.999843181895428,0.6868686868686869,0.9939759036144579,0.0022050638565341,0.30707070707070705
context_action+all_internal+grounding,496,0.9959839357429718,0.999843181895428,0.6875,0.9959839357429718,0.0012258303860133,0.3084677419354839
context_action+all_internal+grounding,497,0.9979919678714859,0.999843181895428,0.6881287726358148,0.9979919678714859,0.0009913858343016,0.30985915492957744
context_action+all_internal+grounding,498,1.0,0.999843181895428,0.6887550200803213,1.0,0.0004909613274024,0.3112449799196787
