family,k,allow_frac,allow_threshold,allow_failure_rate,disallow_frac,disallow_threshold,disallow_valid_rate
neg_mean_logprob (untrained),1,0.002,1.529844098513422e-06,0.0,0.002,0.1887545138597488,0.0
neg_mean_logprob (untrained),2,0.004,1.6391213648603298e-06,0.0,0.004,0.1621197164058685,0.0
neg_mean_logprob (untrained),3,0.006,1.7285218518736656e-06,0.0,0.006,0.1618943065404892,0.0
neg_mean_logprob (untrained),4,0.008,1.748393970046891e-06,0.0,0.008,0.1589469611644745,0.0
neg_mean_logprob (untrained),5,0.01,1.899391349979851e-06,0.0,0.01,0.1569887399673462,0.0
neg_mean_logprob (untrained),6,0.012,2.1954240310151363e-06,0.0,0.012,0.1504334658384323,0.0
neg_mean_logprob (untrained),7,0.014,2.334501232326147e-06,0.0,0.014,0.1498675495386123,0.0
neg_mean_logprob (untrained),8,0.016,2.344436552448314e-06,0.0,0.016,0.1492248475551605,0.0
neg_mean_logprob (untrained),9,0.018,2.404033693892416e-06,0.0,0.018,0.1489970386028289,0.0
neg_mean_logprob (untrained),10,0.02,2.4934458906500367e-06,0.0,0.02,0.1489156931638717,0.0
neg_mean_logprob (untrained),11,0.022,2.827873458954855e-06,0.0,0.022,0.147938922047615,0.09090909090909091
neg_mean_logprob (untrained),12,0.024,2.8510664833447663e-06,0.0,0.024,0.147422581911087,0.16666666666666666
neg_mean_logprob (untrained),13,0.026,2.8768977244908456e-06,0.0,0.026,0.1459214389324188,0.23076923076923078
neg_mean_logprob (untrained),14,0.028,2.9504126359825023e-06,0.0,0.028,0.1454968303442001,0.21428571428571427
neg_mean_logprob (untrained),15,0.03,3.0331882499012863e-06,0.0,0.03,0.1451068669557571,0.2
neg_mean_logprob (untrained),16,0.032,3.4669646993279457e-06,0.0,0.032,0.1437224149703979,0.1875
neg_mean_logprob (untrained),17,0.034,3.5265693441033363e-06,0.0,0.034,0.1425780653953552,0.17647058823529413
neg_mean_logprob (untrained),18,0.036,3.5365167150303023e-06,0.0,0.036,0.1398665904998779,0.16666666666666666
neg_mean_logprob (untrained),19,0.038,3.735191967280116e-06,0.0,0.038,0.1397553235292434,0.15789473684210525
neg_mean_logprob (untrained),20,0.04,4.675601303461008e-06,0.0,0.04,0.1328213810920715,0.15
neg_mean_logprob (untrained),21,0.042,4.8179554141825065e-06,0.0,0.042,0.13094562292099,0.14285714285714285
neg_mean_logprob (untrained),22,0.044,5.062295258539962e-06,0.0,0.044,0.1297549158334732,0.13636363636363635
neg_mean_logprob (untrained),23,0.046,5.491490355780115e-06,0.0,0.046,0.1271237134933471,0.13043478260869565
neg_mean_logprob (untrained),24,0.048,5.503421562025324e-06,0.0,0.048,0.1271010339260101,0.125
neg_mean_logprob (untrained),25,0.05,5.672313363902504e-06,0.0,0.05,0.1255116760730743,0.12
neg_mean_logprob (untrained),26,0.052,6.0464749367383774e-06,0.038461538461538464,0.052,0.1241322308778762,0.11538461538461539
neg_mean_logprob (untrained),27,0.054,6.109408786869608e-06,0.07407407407407407,0.054,0.1198295205831527,0.1111111111111111
neg_mean_logprob (untrained),28,0.056,6.119285899330862e-06,0.07142857142857142,0.056,0.1192496791481971,0.10714285714285714
neg_mean_logprob (untrained),29,0.058,6.317978204606334e-06,0.06896551724137931,0.058,0.1192082241177558,0.10344827586206896
neg_mean_logprob (untrained),30,0.06,7.0432101892947685e-06,0.06666666666666667,0.06,0.1186946555972099,0.13333333333333333
neg_mean_logprob (untrained),31,0.062,7.669037586310878e-06,0.06451612903225806,0.062,0.1181987449526786,0.16129032258064516
neg_mean_logprob (untrained),32,0.064,7.907442522991914e-06,0.0625,0.064,0.1176064535975456,0.1875
neg_mean_logprob (untrained),33,0.066,1.1354237358318642e-05,0.06060606060606061,0.066,0.117442212998867,0.18181818181818182
neg_mean_logprob (untrained),34,0.068,1.1443677067290992e-05,0.058823529411764705,0.068,0.1121339425444603,0.17647058823529413
neg_mean_logprob (untrained),35,0.07,1.1467623153293973e-05,0.05714285714285714,0.07,0.1098896488547325,0.17142857142857143
neg_mean_logprob (untrained),36,0.072,1.1483226444397587e-05,0.05555555555555555,0.072,0.109886847436428,0.16666666666666666
neg_mean_logprob (untrained),37,0.074,1.2575928849400952e-05,0.05405405405405406,0.074,0.1098726540803909,0.16216216216216217
neg_mean_logprob (untrained),38,0.076,1.2778428754245397e-05,0.07894736842105263,0.076,0.1096216365694999,0.15789473684210525
neg_mean_logprob (untrained),39,0.078,1.2794565009244252e-05,0.07692307692307693,0.078,0.1096142306923866,0.15384615384615385
neg_mean_logprob (untrained),40,0.08,1.537748539703898e-05,0.075,0.08,0.1090440899133682,0.15
neg_mean_logprob (untrained),41,0.082,1.5496414562221617e-05,0.07317073170731707,0.082,0.1083540394902229,0.14634146341463414
neg_mean_logprob (untrained),42,0.084,1.6846892322064377e-05,0.07142857142857142,0.084,0.1083455756306648,0.14285714285714285
neg_mean_logprob (untrained),43,0.086,1.7046095308614895e-05,0.06976744186046512,0.086,0.1070034727454185,0.13953488372093023
neg_mean_logprob (untrained),44,0.088,1.733756835164968e-05,0.06818181818181818,0.088,0.1056861355900764,0.13636363636363635
neg_mean_logprob (untrained),45,0.09,2.0731056793010797e-05,0.08888888888888889,0.09,0.1042322814464569,0.13333333333333333
neg_mean_logprob (untrained),46,0.092,2.3275240891962312e-05,0.10869565217391304,0.092,0.1040123924612999,0.13043478260869565
neg_mean_logprob (untrained),47,0.094,2.3588079784531143e-05,0.10638297872340426,0.094,0.1007479131221771,0.1276595744680851
neg_mean_logprob (untrained),48,0.096,2.5058057872229256e-05,0.10416666666666667,0.096,0.100432202219963,0.14583333333333334
neg_mean_logprob (untrained),49,0.098,2.7087391572422348e-05,0.10204081632653061,0.098,0.1004147455096244,0.16326530612244897
neg_mean_logprob (untrained),50,0.1,3.021677548531443e-05,0.1,0.1,0.0996410027146339,0.16
neg_mean_logprob (untrained),51,0.102,3.8113255868665874e-05,0.09803921568627451,0.102,0.0993319153785705,0.1568627450980392
neg_mean_logprob (untrained),52,0.104,3.979818939114921e-05,0.09615384615384616,0.104,0.0992514044046402,0.15384615384615385
neg_mean_logprob (untrained),53,0.106,4.2952713556587696e-05,0.09433962264150944,0.106,0.0985896810889244,0.1509433962264151
neg_mean_logprob (untrained),54,0.108,4.5897522795712575e-05,0.09259259259259259,0.108,0.0982347279787063,0.14814814814814814
neg_mean_logprob (untrained),55,0.11,4.764116602018476e-05,0.09090909090909091,0.11,0.0978581458330154,0.14545454545454545
neg_mean_logprob (untrained),56,0.112,5.115668318467215e-05,0.08928571428571429,0.112,0.097679354250431,0.14285714285714285
neg_mean_logprob (untrained),57,0.114,5.618607610813342e-05,0.10526315789473684,0.114,0.0964322760701179,0.14035087719298245
neg_mean_logprob (untrained),58,0.116,5.818615682073869e-05,0.10344827586206896,0.116,0.0963498353958129,0.15517241379310345
neg_mean_logprob (untrained),59,0.118,6.38654746580869e-05,0.1016949152542373,0.118,0.0962110757827758,0.15254237288135594
neg_mean_logprob (untrained),60,0.12,6.475271948147565e-05,0.1,0.12,0.0957894027233123,0.15
neg_mean_logprob (untrained),61,0.122,9.066379425348714e-05,0.11475409836065574,0.122,0.0957719758152961,0.14754098360655737
neg_mean_logprob (untrained),62,0.124,9.071495151147246e-05,0.11290322580645161,0.124,0.0955797061324119,0.14516129032258066
neg_mean_logprob (untrained),63,0.126,9.27615401451476e-05,0.1111111111111111,0.126,0.0952963307499885,0.15873015873015872
neg_mean_logprob (untrained),64,0.128,0.0001121652021538,0.109375,0.128,0.0932743474841117,0.15625
neg_mean_logprob (untrained),65,0.13,0.0001358845183858,0.1076923076923077,0.13,0.0930480509996414,0.16923076923076924
neg_mean_logprob (untrained),66,0.132,0.0001468386763008,0.10606060606060606,0.132,0.093033380806446,0.16666666666666666
neg_mean_logprob (untrained),67,0.134,0.0001495753676863,0.1044776119402985,0.134,0.0919704213738441,0.16417910447761194
neg_mean_logprob (untrained),68,0.136,0.0001505089603597,0.10294117647058823,0.136,0.0916997641324997,0.16176470588235295
neg_mean_logprob (untrained),69,0.138,0.000151599466335,0.10144927536231885,0.138,0.0907903015613555,0.15942028985507245
neg_mean_logprob (untrained),70,0.14,0.0001537702337373,0.1,0.14,0.0906932204961776,0.15714285714285714
neg_mean_logprob (untrained),71,0.142,0.0002194566914113,0.09859154929577464,0.142,0.0904297903180122,0.15492957746478872
neg_mean_logprob (untrained),72,0.144,0.0002698885218705,0.09722222222222222,0.144,0.0902561917901039,0.1527777777777778
neg_mean_logprob (untrained),73,0.146,0.0002809767902363,0.0958904109589041,0.146,0.0898342803120613,0.1506849315068493
neg_mean_logprob (untrained),74,0.148,0.0002819208893924,0.0945945945945946,0.148,0.0897058174014091,0.14864864864864866
neg_mean_logprob (untrained),75,0.15,0.0002841676759999,0.09333333333333334,0.15,0.0889033079147338,0.14666666666666667
neg_mean_logprob (untrained),76,0.152,0.0003141283814329,0.09210526315789473,0.152,0.0885387808084487,0.15789473684210525
neg_mean_logprob (untrained),77,0.154,0.0003516549477353,0.09090909090909091,0.154,0.0883892998099327,0.15584415584415584
neg_mean_logprob (untrained),78,0.156,0.0003639808564912,0.08974358974358974,0.156,0.0881370306015014,0.15384615384615385
neg_mean_logprob (untrained),79,0.158,0.0004613279888872,0.08860759493670886,0.158,0.0880302488803863,0.1518987341772152
neg_mean_logprob (untrained),80,0.16,0.0004898224724456,0.0875,0.16,0.0877370908856391,0.15
neg_mean_logprob (untrained),81,0.162,0.0004927038098685,0.08641975308641975,0.162,0.0873409807682037,0.16049382716049382
neg_mean_logprob (untrained),82,0.164,0.0005046887672506,0.0975609756097561,0.164,0.0872676223516464,0.15853658536585366
neg_mean_logprob (untrained),83,0.166,0.0005871666944585,0.0963855421686747,0.166,0.0856154039502143,0.1566265060240964
neg_mean_logprob (untrained),84,0.168,0.0009237635531462,0.09523809523809523,0.168,0.0854868590831756,0.16666666666666666
neg_mean_logprob (untrained),85,0.17,0.0010903635993599,0.10588235294117647,0.17,0.0849484205245971,0.16470588235294117
neg_mean_logprob (untrained),86,0.172,0.001146319322288,0.10465116279069768,0.172,0.0849088206887245,0.1744186046511628
neg_mean_logprob (untrained),87,0.174,0.0011845888802781,0.10344827586206896,0.174,0.0845286548137664,0.1839080459770115
neg_mean_logprob (untrained),88,0.176,0.0012077545979991,0.11363636363636363,0.176,0.0844464227557182,0.18181818181818182
neg_mean_logprob (untrained),89,0.178,0.0012192951980978,0.11235955056179775,0.178,0.0841903984546661,0.1797752808988764
neg_mean_logprob (untrained),90,0.18,0.001283289049752,0.1111111111111111,0.18,0.0834905132651329,0.17777777777777778
neg_mean_logprob (untrained),91,0.182,0.0012971569085493,0.10989010989010989,0.182,0.0833999589085578,0.17582417582417584
neg_mean_logprob (untrained),92,0.184,0.0013221226399764,0.10869565217391304,0.184,0.0829869508743286,0.17391304347826086
neg_mean_logprob (untrained),93,0.186,0.0013738236157223,0.10752688172043011,0.186,0.0829849988222122,0.1827956989247312
neg_mean_logprob (untrained),94,0.188,0.0013833304401487,0.10638297872340426,0.188,0.0829270333051681,0.19148936170212766
neg_mean_logprob (untrained),95,0.19,0.0016263672150671,0.10526315789473684,0.19,0.0828682482242584,0.18947368421052632
neg_mean_logprob (untrained),96,0.192,0.0017594924429431,0.11458333333333333,0.192,0.082545094192028,0.1875
neg_mean_logprob (untrained),97,0.194,0.0021005545277148,0.12371134020618557,0.194,0.0823507755994796,0.18556701030927836
neg_mean_logprob (untrained),98,0.196,0.0024518023710697,0.12244897959183673,0.196,0.0822627171874046,0.19387755102040816
neg_mean_logprob (untrained),99,0.198,0.0024818039964884,0.12121212121212122,0.198,0.0821357816457748,0.1919191919191919
neg_mean_logprob (untrained),100,0.2,0.0026146348100155,0.12,0.2,0.0819642767310142,0.2
neg_mean_logprob (untrained),101,0.202,0.0028032863046973,0.1188118811881188,0.202,0.0800693184137344,0.2079207920792079
neg_mean_logprob (untrained),102,0.204,0.0028817914426326,0.11764705882352941,0.204,0.0795014351606369,0.21568627450980393
neg_mean_logprob (untrained),103,0.206,0.003312351880595,0.11650485436893204,0.206,0.0794365480542182,0.21359223300970873
neg_mean_logprob (untrained),104,0.208,0.0034869303926825,0.11538461538461539,0.208,0.0785401985049247,0.21153846153846154
neg_mean_logprob (untrained),105,0.21,0.0036401499528437,0.12380952380952381,0.21,0.0784574151039123,0.21904761904761905
neg_mean_logprob (untrained),106,0.212,0.0040800967253744,0.1320754716981132,0.212,0.0781726911664009,0.2169811320754717
neg_mean_logprob (untrained),107,0.214,0.0041001080535352,0.1308411214953271,0.214,0.077535293996334,0.21495327102803738
neg_mean_logprob (untrained),108,0.216,0.0043324851430952,0.12962962962962962,0.216,0.0773767158389091,0.2222222222222222
neg_mean_logprob (untrained),109,0.218,0.0044888705015182,0.13761467889908258,0.218,0.0773416683077812,0.22935779816513763
neg_mean_logprob (untrained),110,0.22,0.0045831585302948,0.13636363636363635,0.22,0.0765165910124778,0.22727272727272727
neg_mean_logprob (untrained),111,0.222,0.0046551786363124,0.13513513513513514,0.222,0.0760324746370315,0.22522522522522523
neg_mean_logprob (untrained),112,0.224,0.0047598290257155,0.13392857142857142,0.224,0.075852058827877,0.23214285714285715
neg_mean_logprob (untrained),113,0.226,0.005175806581974,0.13274336283185842,0.226,0.075454294681549,0.23008849557522124
neg_mean_logprob (untrained),114,0.228,0.005264307372272,0.13157894736842105,0.228,0.0754372701048851,0.23684210526315788
neg_mean_logprob (untrained),115,0.23,0.0054060011170804,0.13043478260869565,0.23,0.075282409787178,0.24347826086956523
neg_mean_logprob (untrained),116,0.232,0.0056351753883063,0.12931034482758622,0.232,0.074900209903717,0.2413793103448276
neg_mean_logprob (untrained),117,0.234,0.0057924361899495,0.1282051282051282,0.234,0.0748698636889457,0.24786324786324787
neg_mean_logprob (untrained),118,0.236,0.0064552375115454,0.13559322033898305,0.236,0.0746840387582779,0.2457627118644068
neg_mean_logprob (untrained),119,0.238,0.006578694563359,0.14285714285714285,0.238,0.074468232691288,0.24369747899159663
neg_mean_logprob (untrained),120,0.24,0.0067250174470245,0.14166666666666666,0.24,0.0742531195282936,0.24166666666666667
neg_mean_logprob (untrained),121,0.242,0.0068747494369745,0.1487603305785124,0.242,0.0742386952042579,0.2396694214876033
neg_mean_logprob (untrained),122,0.244,0.0077637578360736,0.1557377049180328,0.244,0.0742260962724685,0.2459016393442623
neg_mean_logprob (untrained),123,0.246,0.0080120060592889,0.15447154471544716,0.246,0.0740673542022705,0.24390243902439024
neg_mean_logprob (untrained),124,0.248,0.0084693636745214,0.16129032258064516,0.248,0.0738042891025543,0.25
neg_mean_logprob (untrained),125,0.25,0.0085348086431622,0.16,0.25,0.073623850941658,0.248
neg_mean_logprob (untrained),126,0.252,0.0086453258991241,0.16666666666666666,0.252,0.0731054693460464,0.25396825396825395
neg_mean_logprob (untrained),127,0.254,0.0093965614214539,0.16535433070866143,0.254,0.0731012672185897,0.25984251968503935
neg_mean_logprob (untrained),128,0.256,0.0094904135912656,0.1640625,0.256,0.0725690275430679,0.265625
neg_mean_logprob (untrained),129,0.258,0.0099428799003362,0.17054263565891473,0.258,0.0719425529241561,0.26356589147286824
neg_mean_logprob (untrained),130,0.26,0.0100759100168943,0.16923076923076924,0.26,0.0715983584523201,0.26153846153846155
neg_mean_logprob (untrained),131,0.262,0.0101492209360003,0.16793893129770993,0.262,0.0712129026651382,0.26717557251908397
neg_mean_logprob (untrained),132,0.264,0.0103728016838431,0.16666666666666666,0.264,0.0709325671195983,0.2727272727272727
neg_mean_logprob (untrained),133,0.266,0.0105823688209056,0.16541353383458646,0.266,0.0708547383546829,0.2781954887218045
neg_mean_logprob (untrained),134,0.268,0.010691718198359,0.17164179104477612,0.268,0.0706920698285102,0.2835820895522388
neg_mean_logprob (untrained),135,0.27,0.0107007632032036,0.17037037037037037,0.27,0.0702026486396789,0.2814814814814815
neg_mean_logprob (untrained),136,0.272,0.0111917816102504,0.16911764705882354,0.272,0.0696747004985809,0.2867647058823529
neg_mean_logprob (untrained),137,0.274,0.011373889632523,0.17518248175182483,0.274,0.0694778338074684,0.2846715328467153
neg_mean_logprob (untrained),138,0.276,0.0115636745467782,0.17391304347826086,0.276,0.0694597586989402,0.2826086956521739
neg_mean_logprob (untrained),139,0.278,0.0115953693166375,0.17266187050359713,0.278,0.069059208035469,0.2805755395683453
neg_mean_logprob (untrained),140,0.28,0.0116808647289872,0.17857142857142858,0.28,0.0679243057966232,0.2857142857142857
neg_mean_logprob (untrained),141,0.282,0.0120727522298693,0.1773049645390071,0.282,0.0675591453909874,0.2907801418439716
neg_mean_logprob (untrained),142,0.284,0.0126229356974363,0.18309859154929578,0.284,0.0669668912887573,0.2887323943661972
neg_mean_logprob (untrained),143,0.286,0.0127474181354045,0.18181818181818182,0.286,0.0666088461875915,0.2867132867132867
neg_mean_logprob (untrained),144,0.288,0.0131225250661373,0.18055555555555555,0.288,0.0654736682772636,0.2847222222222222
neg_mean_logprob (untrained),145,0.29,0.013313322328031,0.18620689655172415,0.29,0.0653986781835556,0.2896551724137931
neg_mean_logprob (untrained),146,0.292,0.0136601822450757,0.1917808219178082,0.292,0.0653720423579216,0.2945205479452055
neg_mean_logprob (untrained),147,0.294,0.0137720080092549,0.19727891156462585,0.294,0.0653460845351219,0.2925170068027211
neg_mean_logprob (untrained),148,0.296,0.0138508407399058,0.19594594594594594,0.296,0.0649406462907791,0.2905405405405405
neg_mean_logprob (untrained),149,0.298,0.0139532098546624,0.20134228187919462,0.298,0.0642926022410392,0.28859060402684567
neg_mean_logprob (untrained),150,0.3,0.013995798304677,0.2,0.3,0.0640153586864471,0.29333333333333333
neg_mean_logprob (untrained),151,0.302,0.0142404185608029,0.1986754966887417,0.302,0.0639264285564422,0.2913907284768212
neg_mean_logprob (untrained),152,0.304,0.0143124908208847,0.20394736842105263,0.304,0.0635386854410171,0.2894736842105263
neg_mean_logprob (untrained),153,0.306,0.0143228992819786,0.20261437908496732,0.306,0.0635084062814712,0.2875816993464052
neg_mean_logprob (untrained),154,0.308,0.0145055735483765,0.2012987012987013,0.308,0.063001200556755,0.2922077922077922
neg_mean_logprob (untrained),155,0.31,0.0157272797077894,0.2064516129032258,0.31,0.0627399981021881,0.2967741935483871
neg_mean_logprob (untrained),156,0.312,0.0158740747720003,0.21153846153846154,0.312,0.0626402497291565,0.30128205128205127
neg_mean_logprob (untrained),157,0.314,0.0161325577646493,0.21019108280254778,0.314,0.0624930746853351,0.3057324840764331
neg_mean_logprob (untrained),158,0.316,0.0165349971503019,0.21518987341772153,0.316,0.0619483739137649,0.3037974683544304
neg_mean_logprob (untrained),159,0.318,0.0166579466313123,0.2138364779874214,0.318,0.0618783235549926,0.3081761006289308
neg_mean_logprob (untrained),160,0.32,0.0167831405997276,0.2125,0.32,0.0618575401604175,0.30625
neg_mean_logprob (untrained),161,0.322,0.0169514436274766,0.21739130434782608,0.322,0.0618075542151927,0.30434782608695654
neg_mean_logprob (untrained),162,0.324,0.0171328373253345,0.21604938271604937,0.324,0.0613727755844593,0.30246913580246915
neg_mean_logprob (untrained),163,0.326,0.0173521675169467,0.2147239263803681,0.326,0.0602733306586742,0.3067484662576687
neg_mean_logprob (untrained),164,0.328,0.0179671980440616,0.21951219512195122,0.328,0.0600684285163879,0.31097560975609756
neg_mean_logprob (untrained),165,0.33,0.0179943982511758,0.22424242424242424,0.33,0.0599813796579837,0.3090909090909091
neg_mean_logprob (untrained),166,0.332,0.018006332218647,0.22289156626506024,0.332,0.059927050024271,0.3072289156626506
neg_mean_logprob (untrained),167,0.334,0.0183331463485956,0.2275449101796407,0.334,0.0597519688308239,0.31137724550898205
neg_mean_logprob (untrained),168,0.336,0.018535777926445,0.2261904761904762,0.336,0.0595566630363464,0.30952380952380953
neg_mean_logprob (untrained),169,0.338,0.0186093840748071,0.23076923076923078,0.338,0.0595290921628475,0.3136094674556213
neg_mean_logprob (untrained),170,0.34,0.0186900310218334,0.23529411764705882,0.34,0.0594217255711555,0.3176470588235294
neg_mean_logprob (untrained),171,0.342,0.0188277717679739,0.23391812865497075,0.342,0.0590610913932323,0.3157894736842105
neg_mean_logprob (untrained),172,0.344,0.0189174879342317,0.23837209302325582,0.344,0.0589072816073894,0.31976744186046513
neg_mean_logprob (untrained),173,0.346,0.0192965269088745,0.23699421965317918,0.346,0.0587416589260101,0.3179190751445087
neg_mean_logprob (untrained),174,0.348,0.019586943089962,0.23563218390804597,0.348,0.0585383176803588,0.3160919540229885
neg_mean_logprob (untrained),175,0.35,0.019774854183197,0.24,0.35,0.0582989268004894,0.3142857142857143
neg_mean_logprob (untrained),176,0.352,0.0199176892638206,0.23863636363636365,0.352,0.0582041405141353,0.3125
neg_mean_logprob (untrained),177,0.354,0.0200067479163408,0.24293785310734464,0.354,0.0580125376582145,0.3107344632768362
neg_mean_logprob (untrained),178,0.356,0.0201395843178033,0.24719101123595505,0.356,0.0579982437193393,0.3089887640449438
neg_mean_logprob (untrained),179,0.358,0.0208843387663364,0.24581005586592178,0.358,0.057894580066204,0.30726256983240224
neg_mean_logprob (untrained),180,0.36,0.0209223721176385,0.24444444444444444,0.36,0.057010781019926,0.3055555555555556
neg_mean_logprob (untrained),181,0.362,0.020950324833393,0.24861878453038674,0.362,0.0564049258828163,0.30939226519337015
neg_mean_logprob (untrained),182,0.364,0.020995894446969,0.24725274725274726,0.364,0.056187093257904,0.3131868131868132
neg_mean_logprob (untrained),183,0.366,0.0213393419981002,0.25136612021857924,0.366,0.0559829920530319,0.31693989071038253
neg_mean_logprob (untrained),184,0.368,0.0216086264699697,0.25,0.368,0.0556407831609249,0.31521739130434784
neg_mean_logprob (untrained),185,0.37,0.0216311421245336,0.25405405405405407,0.37,0.0551936291158199,0.31351351351351353
neg_mean_logprob (untrained),186,0.372,0.0219194423407316,0.25268817204301075,0.372,0.05506432056427,0.3118279569892473
neg_mean_logprob (untrained),187,0.374,0.0219199061393737,0.25133689839572193,0.374,0.054241620004177,0.31016042780748665
neg_mean_logprob (untrained),188,0.376,0.022147286683321,0.2553191489361702,0.376,0.0536514408886432,0.31382978723404253
neg_mean_logprob (untrained),189,0.378,0.0222059208899736,0.25925925925925924,0.378,0.0532124154269695,0.31746031746031744
neg_mean_logprob (untrained),190,0.38,0.0225120205432176,0.2578947368421053,0.38,0.0532068349421024,0.3157894736842105
neg_mean_logprob (untrained),191,0.382,0.0230036508291959,0.25654450261780104,0.382,0.0528301633894443,0.3193717277486911
neg_mean_logprob (untrained),192,0.384,0.0230712816119194,0.2552083333333333,0.384,0.0527346208691597,0.3177083333333333
neg_mean_logprob (untrained),193,0.386,0.0236323494464159,0.25906735751295334,0.386,0.052694734185934,0.32124352331606215
neg_mean_logprob (untrained),194,0.388,0.0246244277805089,0.26288659793814434,0.388,0.0526386201381683,0.31958762886597936
neg_mean_logprob (untrained),195,0.39,0.0246437340974807,0.26666666666666666,0.39,0.052573025226593,0.31794871794871793
neg_mean_logprob (untrained),196,0.392,0.0252606384456157,0.27040816326530615,0.392,0.0524154044687747,0.3163265306122449
neg_mean_logprob (untrained),197,0.394,0.0255950074642896,0.26903553299492383,0.394,0.0522184893488884,0.3197969543147208
neg_mean_logprob (untrained),198,0.396,0.0257642325013875,0.2727272727272727,0.396,0.0521476082503795,0.3181818181818182
neg_mean_logprob (untrained),199,0.398,0.0265641435980796,0.271356783919598,0.398,0.0514905303716659,0.3165829145728643
neg_mean_logprob (untrained),200,0.4,0.0270750727504491,0.275,0.4,0.0513192005455493,0.32
neg_mean_logprob (untrained),201,0.402,0.0273981932550668,0.2736318407960199,0.402,0.0508581101894378,0.31840796019900497
neg_mean_logprob (untrained),202,0.404,0.0275343600660562,0.2722772277227723,0.404,0.0506156161427497,0.31683168316831684
neg_mean_logprob (untrained),203,0.406,0.0278177596628665,0.270935960591133,0.406,0.0505429618060588,0.32019704433497537
neg_mean_logprob (untrained),204,0.408,0.0279480442404747,0.27450980392156865,0.408,0.0505014955997467,0.3235294117647059
neg_mean_logprob (untrained),205,0.41,0.0279976055026054,0.2731707317073171,0.41,0.0504754297435283,0.32682926829268294
neg_mean_logprob (untrained),206,0.412,0.028090825304389,0.2766990291262136,0.412,0.0504419282078743,0.32524271844660196
neg_mean_logprob (untrained),207,0.414,0.0281898453831672,0.28019323671497587,0.414,0.0500039383769035,0.32367149758454106
neg_mean_logprob (untrained),208,0.416,0.0283647719770669,0.28365384615384615,0.416,0.0492204800248146,0.3269230769230769
neg_mean_logprob (untrained),209,0.418,0.0285142380744218,0.2822966507177033,0.418,0.0491362996399402,0.33014354066985646
neg_mean_logprob (untrained),210,0.42,0.0285683274269104,0.2857142857142857,0.42,0.0489480420947074,0.3333333333333333
neg_mean_logprob (untrained),211,0.422,0.0286724995821714,0.2843601895734597,0.422,0.0488455593585968,0.33175355450236965
neg_mean_logprob (untrained),212,0.424,0.0289567578583955,0.2830188679245283,0.424,0.0481323041021823,0.330188679245283
neg_mean_logprob (untrained),213,0.426,0.0292057022452354,0.2863849765258216,0.426,0.0481206439435482,0.3333333333333333
neg_mean_logprob (untrained),214,0.428,0.029215145856142,0.2850467289719626,0.428,0.0480960607528686,0.3364485981308411
neg_mean_logprob (untrained),215,0.43,0.0293374247848987,0.2837209302325581,0.43,0.0479993112385273,0.33488372093023255
neg_mean_logprob (untrained),216,0.432,0.0294618885964155,0.2824074074074074,0.432,0.0471234880387783,0.3333333333333333
neg_mean_logprob (untrained),217,0.434,0.0296893920749425,0.28110599078341014,0.434,0.0469218604266643,0.3317972350230415
neg_mean_logprob (untrained),218,0.436,0.029781874269247,0.28440366972477066,0.436,0.0468145720660686,0.3348623853211009
neg_mean_logprob (untrained),219,0.438,0.0298514999449253,0.2876712328767123,0.438,0.0466780625283718,0.3378995433789954
neg_mean_logprob (untrained),220,0.44,0.0309022236615419,0.2863636363636364,0.44,0.0466591082513332,0.3409090909090909
neg_mean_logprob (untrained),221,0.442,0.0316683575510978,0.2850678733031674,0.442,0.0465340912342071,0.3393665158371041
neg_mean_logprob (untrained),222,0.444,0.0317227393388748,0.2882882882882883,0.444,0.0462103933095932,0.33783783783783783
neg_mean_logprob (untrained),223,0.446,0.0318610370159149,0.2914798206278027,0.446,0.0460527390241622,0.336322869955157
neg_mean_logprob (untrained),224,0.448,0.0319756045937538,0.29464285714285715,0.448,0.0456762164831161,0.33482142857142855
neg_mean_logprob (untrained),225,0.45,0.0320404730737209,0.29777777777777775,0.45,0.0456343926489353,0.3377777777777778
neg_mean_logprob (untrained),226,0.452,0.0322455391287803,0.29646017699115046,0.452,0.0455078445374965,0.336283185840708
neg_mean_logprob (untrained),227,0.454,0.0324761904776096,0.29955947136563876,0.454,0.0453025065362453,0.3392070484581498
neg_mean_logprob (untrained),228,0.456,0.0326977930963039,0.3026315789473684,0.456,0.0447983518242836,0.33771929824561403
neg_mean_logprob (untrained),229,0.458,0.0328154787421226,0.30131004366812225,0.458,0.044548250734806,0.33624454148471616
neg_mean_logprob (untrained),230,0.46,0.0329429544508457,0.3,0.46,0.0443762727081775,0.3391304347826087
neg_mean_logprob (untrained),231,0.462,0.0330377966165542,0.30303030303030304,0.462,0.0441428124904632,0.33766233766233766
neg_mean_logprob (untrained),232,0.464,0.0330867059528827,0.30603448275862066,0.464,0.0436101630330085,0.33620689655172414
neg_mean_logprob (untrained),233,0.466,0.0331043265759944,0.30472103004291845,0.466,0.0434054397046566,0.33905579399141633
neg_mean_logprob (untrained),234,0.468,0.033401358872652,0.3076923076923077,0.468,0.0433444194495677,0.33760683760683763
neg_mean_logprob (untrained),235,0.47,0.0335855819284915,0.31063829787234043,0.47,0.0433406420052051,0.33617021276595743
neg_mean_logprob (untrained),236,0.472,0.0336313992738723,0.3093220338983051,0.472,0.0432225540280342,0.3347457627118644
neg_mean_logprob (untrained),237,0.474,0.0338207148015499,0.3080168776371308,0.474,0.0430061630904674,0.33755274261603374
neg_mean_logprob (untrained),238,0.476,0.034948818385601,0.3067226890756303,0.476,0.0421110391616821,0.3403361344537815
neg_mean_logprob (untrained),239,0.478,0.034954734146595,0.3054393305439331,0.478,0.0420942157506942,0.34309623430962344
neg_mean_logprob (untrained),240,0.48,0.0351070761680603,0.30833333333333335,0.48,0.0415086224675178,0.3416666666666667
neg_mean_logprob (untrained),241,0.482,0.0354539901018142,0.3112033195020747,0.482,0.0410300083458423,0.34439834024896265
neg_mean_logprob (untrained),242,0.484,0.0357681512832641,0.3140495867768595,0.484,0.0398547537624836,0.34710743801652894
neg_mean_logprob (untrained),243,0.486,0.0358837619423866,0.31275720164609055,0.486,0.0396175384521484,0.345679012345679
neg_mean_logprob (untrained),244,0.488,0.0359699241816997,0.3114754098360656,0.488,0.0395215488970279,0.3442622950819672
neg_mean_logprob (untrained),245,0.49,0.0360343791544437,0.3142857142857143,0.49,0.0392841584980487,0.34285714285714286
neg_mean_logprob (untrained),246,0.492,0.0366122536361217,0.3130081300813008,0.492,0.0390560589730739,0.34146341463414637
neg_mean_logprob (untrained),247,0.494,0.0367918498814106,0.3117408906882591,0.494,0.0389304868876934,0.340080971659919
neg_mean_logprob (untrained),248,0.496,0.0372606366872787,0.31048387096774194,0.496,0.0386492684483528,0.3387096774193548
neg_mean_logprob (untrained),249,0.498,0.0383604168891906,0.3132530120481928,0.498,0.0386270433664321,0.3413654618473896
neg_mean_logprob (untrained),250,0.5,0.0383984707295894,0.312,0.5,0.0384756065905094,0.34
neg_mean_logprob (untrained),251,0.502,0.0384756065905094,0.3147410358565737,0.502,0.0383984707295894,0.3426294820717131
neg_mean_logprob (untrained),252,0.504,0.0386270433664321,0.3134920634920635,0.504,0.0383604168891906,0.3412698412698413
neg_mean_logprob (untrained),253,0.506,0.0386492684483528,0.31620553359683795,0.506,0.0372606366872787,0.3438735177865613
neg_mean_logprob (untrained),254,0.508,0.0389304868876934,0.3188976377952756,0.508,0.0367918498814106,0.3464566929133858
neg_mean_logprob (untrained),255,0.51,0.0390560589730739,0.3215686274509804,0.51,0.0366122536361217,0.34901960784313724
neg_mean_logprob (untrained),256,0.512,0.0392841584980487,0.32421875,0.512,0.0360343791544437,0.34765625
neg_mean_logprob (untrained),257,0.514,0.0395215488970279,0.32684824902723736,0.514,0.0359699241816997,0.35019455252918286
neg_mean_logprob (untrained),258,0.516,0.0396175384521484,0.32945736434108525,0.516,0.0358837619423866,0.35271317829457366
neg_mean_logprob (untrained),259,0.518,0.0398547537624836,0.3281853281853282,0.518,0.0357681512832641,0.35135135135135137
neg_mean_logprob (untrained),260,0.52,0.0410300083458423,0.3269230769230769,0.52,0.0354539901018142,0.35
neg_mean_logprob (untrained),261,0.522,0.0415086224675178,0.32950191570881227,0.522,0.0351070761680603,0.3486590038314176
neg_mean_logprob (untrained),262,0.524,0.0420942157506942,0.3282442748091603,0.524,0.034954734146595,0.3511450381679389
neg_mean_logprob (untrained),263,0.526,0.0421110391616821,0.3269961977186312,0.526,0.034948818385601,0.35361216730038025
neg_mean_logprob (untrained),264,0.528,0.0430061630904674,0.32575757575757575,0.528,0.0338207148015499,0.3560606060606061
neg_mean_logprob (untrained),265,0.53,0.0432225540280342,0.3283018867924528,0.53,0.0336313992738723,0.3584905660377358
neg_mean_logprob (untrained),266,0.532,0.0433406420052051,0.3308270676691729,0.532,0.0335855819284915,0.35714285714285715
neg_mean_logprob (untrained),267,0.534,0.0433444194495677,0.3333333333333333,0.534,0.033401358872652,0.35580524344569286
neg_mean_logprob (untrained),268,0.536,0.0434054397046566,0.332089552238806,0.536,0.0331043265759944,0.3582089552238806
neg_mean_logprob (untrained),269,0.538,0.0436101630330085,0.3345724907063197,0.538,0.0330867059528827,0.35687732342007433
neg_mean_logprob (untrained),270,0.54,0.0441428124904632,0.337037037037037,0.54,0.0330377966165542,0.35555555555555557
neg_mean_logprob (untrained),271,0.542,0.0443762727081775,0.33579335793357934,0.542,0.0329429544508457,0.35793357933579334
neg_mean_logprob (untrained),272,0.544,0.044548250734806,0.3382352941176471,0.544,0.0328154787421226,0.3602941176470588
neg_mean_logprob (untrained),273,0.546,0.0447983518242836,0.34065934065934067,0.546,0.0326977930963039,0.358974358974359
neg_mean_logprob (untrained),274,0.548,0.0453025065362453,0.33941605839416056,0.548,0.0324761904776096,0.35766423357664234
neg_mean_logprob (untrained),275,0.55,0.0455078445374965,0.3418181818181818,0.55,0.0322455391287803,0.36
neg_mean_logprob (untrained),276,0.552,0.0456343926489353,0.34057971014492755,0.552,0.0320404730737209,0.358695652173913
neg_mean_logprob (untrained),277,0.554,0.0456762164831161,0.34296028880866425,0.554,0.0319756045937538,0.3574007220216607
neg_mean_logprob (untrained),278,0.556,0.0460527390241622,0.34532374100719426,0.556,0.0318610370159149,0.35611510791366907
neg_mean_logprob (untrained),279,0.558,0.0462103933095932,0.34767025089605735,0.558,0.0317227393388748,0.3548387096774194
neg_mean_logprob (untrained),280,0.56,0.0465340912342071,0.35,0.56,0.0316683575510978,0.35714285714285715
neg_mean_logprob (untrained),281,0.562,0.0466591082513332,0.3487544483985765,0.562,0.0309022236615419,0.3594306049822064
neg_mean_logprob (untrained),282,0.564,0.0466780625283718,0.3475177304964539,0.564,0.0298514999449253,0.35815602836879434
neg_mean_logprob (untrained),283,0.566,0.0468145720660686,0.3462897526501767,0.566,0.029781874269247,0.3568904593639576
neg_mean_logprob (untrained),284,0.568,0.0469218604266643,0.3485915492957746,0.568,0.0296893920749425,0.3591549295774648
neg_mean_logprob (untrained),285,0.57,0.0471234880387783,0.3508771929824561,0.57,0.0294618885964155,0.36140350877192984
neg_mean_logprob (untrained),286,0.572,0.0479993112385273,0.3531468531468531,0.572,0.0293374247848987,0.36363636363636365
neg_mean_logprob (untrained),287,0.574,0.0480960607528686,0.3519163763066202,0.574,0.029215145856142,0.36585365853658536
neg_mean_logprob (untrained),288,0.576,0.0481206439435482,0.3506944444444444,0.576,0.0292057022452354,0.3645833333333333
neg_mean_logprob (untrained),289,0.578,0.0481323041021823,0.35294117647058826,0.578,0.0289567578583955,0.36678200692041524
neg_mean_logprob (untrained),290,0.58,0.0488455593585968,0.35517241379310344,0.58,0.0286724995821714,0.3689655172413793
neg_mean_logprob (untrained),291,0.582,0.0489480420947074,0.3539518900343643,0.582,0.0285683274269104,0.36769759450171824
neg_mean_logprob (untrained),292,0.584,0.0491362996399402,0.3527397260273973,0.584,0.0285142380744218,0.3698630136986301
neg_mean_logprob (untrained),293,0.586,0.0492204800248146,0.3515358361774744,0.586,0.0283647719770669,0.36860068259385664
neg_mean_logprob (untrained),294,0.588,0.0500039383769035,0.35374149659863946,0.588,0.0281898453831672,0.3673469387755102
neg_mean_logprob (untrained),295,0.59,0.0504419282078743,0.3559322033898305,0.59,0.028090825304389,0.36610169491525424
neg_mean_logprob (untrained),296,0.592,0.0504754297435283,0.3547297297297297,0.592,0.0279976055026054,0.36824324324324326
neg_mean_logprob (untrained),297,0.594,0.0505014955997467,0.35353535353535354,0.594,0.0279480442404747,0.367003367003367
neg_mean_logprob (untrained),298,0.596,0.0505429618060588,0.3523489932885906,0.596,0.0278177596628665,0.3691275167785235
neg_mean_logprob (untrained),299,0.598,0.0506156161427497,0.35451505016722407,0.598,0.0275343600660562,0.3712374581939799
neg_mean_logprob (untrained),300,0.6,0.0508581101894378,0.3566666666666667,0.6,0.0273981932550668,0.37333333333333335
neg_mean_logprob (untrained),301,0.602,0.0513192005455493,0.3554817275747508,0.602,0.0270750727504491,0.37209302325581395
neg_mean_logprob (untrained),302,0.604,0.0514905303716659,0.3576158940397351,0.604,0.0265641435980796,0.3741721854304636
neg_mean_logprob (untrained),303,0.606,0.0521476082503795,0.35973597359735976,0.606,0.0257642325013875,0.37293729372937295
neg_mean_logprob (untrained),304,0.608,0.0522184893488884,0.35855263157894735,0.608,0.0255950074642896,0.375
neg_mean_logprob (untrained),305,0.61,0.0524154044687747,0.36065573770491804,0.61,0.0252606384456157,0.3737704918032787
neg_mean_logprob (untrained),306,0.612,0.052573025226593,0.3627450980392157,0.612,0.0246437340974807,0.37254901960784315
neg_mean_logprob (untrained),307,0.614,0.0526386201381683,0.36482084690553745,0.614,0.0246244277805089,0.3713355048859935
neg_mean_logprob (untrained),308,0.616,0.052694734185934,0.36363636363636365,0.616,0.0236323494464159,0.37012987012987014
neg_mean_logprob (untrained),309,0.618,0.0527346208691597,0.3656957928802589,0.618,0.0230712816119194,0.37216828478964403
neg_mean_logprob (untrained),310,0.62,0.0528301633894443,0.36451612903225805,0.62,0.0230036508291959,0.3741935483870968
neg_mean_logprob (untrained),311,0.622,0.0532068349421024,0.3665594855305466,0.622,0.0225120205432176,0.3762057877813505
neg_mean_logprob (untrained),312,0.624,0.0532124154269695,0.36538461538461536,0.624,0.0222059208899736,0.375
neg_mean_logprob (untrained),313,0.626,0.0536514408886432,0.36421725239616615,0.626,0.022147286683321,0.3738019169329074
neg_mean_logprob (untrained),314,0.628,0.054241620004177,0.3662420382165605,0.628,0.0219199061393737,0.37579617834394907
neg_mean_logprob (untrained),315,0.63,0.05506432056427,0.3682539682539683,0.63,0.0219194423407316,0.37777777777777777
neg_mean_logprob (untrained),316,0.632,0.0551936291158199,0.370253164556962,0.632,0.0216311421245336,0.37658227848101267
neg_mean_logprob (untrained),317,0.634,0.0556407831609249,0.3722397476340694,0.634,0.0216086264699697,0.3785488958990536
neg_mean_logprob (untrained),318,0.636,0.0559829920530319,0.3710691823899371,0.636,0.0213393419981002,0.37735849056603776
neg_mean_logprob (untrained),319,0.638,0.056187093257904,0.36990595611285265,0.638,0.020995894446969,0.3793103448275862
neg_mean_logprob (untrained),320,0.64,0.0564049258828163,0.36875,0.64,0.020950324833393,0.378125
neg_mean_logprob (untrained),321,0.642,0.057010781019926,0.3707165109034268,0.642,0.0209223721176385,0.38006230529595014
neg_mean_logprob (untrained),322,0.644,0.057894580066204,0.37267080745341613,0.644,0.0208843387663364,0.38198757763975155
neg_mean_logprob (untrained),323,0.646,0.0579982437193393,0.3746130030959752,0.646,0.0201395843178033,0.38080495356037153
neg_mean_logprob (untrained),324,0.648,0.0580125376582145,0.3765432098765432,0.648,0.0200067479163408,0.37962962962962965
neg_mean_logprob (untrained),325,0.65,0.0582041405141353,0.37846153846153846,0.65,0.0199176892638206,0.38153846153846155
neg_mean_logprob (untrained),326,0.652,0.0582989268004894,0.3803680981595092,0.652,0.019774854183197,0.3803680981595092
neg_mean_logprob (untrained),327,0.654,0.0585383176803588,0.382262996941896,0.654,0.019586943089962,0.382262996941896
neg_mean_logprob (untrained),328,0.656,0.0587416589260101,0.38414634146341464,0.656,0.0192965269088745,0.38414634146341464
neg_mean_logprob (untrained),329,0.658,0.0589072816073894,0.3829787234042553,0.658,0.0189174879342317,0.3829787234042553
neg_mean_logprob (untrained),330,0.66,0.0590610913932323,0.38484848484848483,0.66,0.0188277717679739,0.38484848484848483
neg_mean_logprob (untrained),331,0.662,0.0594217255711555,0.38368580060422963,0.662,0.0186900310218334,0.38368580060422963
neg_mean_logprob (untrained),332,0.664,0.0595290921628475,0.3825301204819277,0.664,0.0186093840748071,0.3825301204819277
neg_mean_logprob (untrained),333,0.666,0.0595566630363464,0.3843843843843844,0.666,0.018535777926445,0.3843843843843844
neg_mean_logprob (untrained),334,0.668,0.0597519688308239,0.38323353293413176,0.668,0.0183331463485956,0.38323353293413176
neg_mean_logprob (untrained),335,0.67,0.059927050024271,0.3850746268656716,0.67,0.018006332218647,0.3850746268656716
neg_mean_logprob (untrained),336,0.672,0.0599813796579837,0.3869047619047619,0.672,0.0179943982511758,0.38392857142857145
neg_mean_logprob (untrained),337,0.674,0.0600684285163879,0.3857566765578635,0.674,0.0179671980440616,0.3827893175074184
neg_mean_logprob (untrained),338,0.676,0.0602733306586742,0.38461538461538464,0.676,0.0173521675169467,0.38461538461538464
neg_mean_logprob (untrained),339,0.678,0.0613727755844593,0.3864306784660767,0.678,0.0171328373253345,0.3864306784660767
neg_mean_logprob (untrained),340,0.68,0.0618075542151927,0.38823529411764707,0.68,0.0169514436274766,0.38529411764705884
neg_mean_logprob (untrained),341,0.682,0.0618575401604175,0.39002932551319647,0.682,0.0167831405997276,0.3870967741935484
neg_mean_logprob (untrained),342,0.684,0.0618783235549926,0.3888888888888889,0.684,0.0166579466313123,0.3888888888888889
neg_mean_logprob (untrained),343,0.686,0.0619483739137649,0.39067055393586003,0.686,0.0165349971503019,0.3877551020408163
neg_mean_logprob (untrained),344,0.688,0.0624930746853351,0.38953488372093026,0.688,0.0161325577646493,0.38953488372093026
neg_mean_logprob (untrained),345,0.69,0.0626402497291565,0.3884057971014493,0.69,0.0158740747720003,0.3884057971014493
neg_mean_logprob (untrained),346,0.692,0.0627399981021881,0.3872832369942196,0.692,0.0157272797077894,0.3872832369942196
neg_mean_logprob (untrained),347,0.694,0.063001200556755,0.3861671469740634,0.694,0.0145055735483765,0.38904899135446686
neg_mean_logprob (untrained),348,0.696,0.0635084062814712,0.3879310344827586,0.696,0.0143228992819786,0.39080459770114945
neg_mean_logprob (untrained),349,0.698,0.0635386854410171,0.38968481375358166,0.698,0.0143124908208847,0.38968481375358166
neg_mean_logprob (untrained),350,0.7,0.0639264285564422,0.3914285714285714,0.7,0.0142404185608029,0.3914285714285714
neg_mean_logprob (untrained),351,0.702,0.0640153586864471,0.3903133903133903,0.702,0.013995798304677,0.39316239316239315
neg_mean_logprob (untrained),352,0.704,0.0642926022410392,0.39204545454545453,0.704,0.0139532098546624,0.39204545454545453
neg_mean_logprob (untrained),353,0.706,0.0649406462907791,0.3937677053824363,0.706,0.0138508407399058,0.3937677053824363
neg_mean_logprob (untrained),354,0.708,0.0653460845351219,0.3954802259887006,0.708,0.0137720080092549,0.3926553672316384
neg_mean_logprob (untrained),355,0.71,0.0653720423579216,0.39436619718309857,0.71,0.0136601822450757,0.39154929577464787
neg_mean_logprob (untrained),356,0.712,0.0653986781835556,0.39325842696629215,0.712,0.013313322328031,0.3904494382022472
neg_mean_logprob (untrained),357,0.714,0.0654736682772636,0.3949579831932773,0.714,0.0131225250661373,0.39215686274509803
neg_mean_logprob (untrained),358,0.716,0.0666088461875915,0.39664804469273746,0.716,0.0127474181354045,0.39385474860335196
neg_mean_logprob (untrained),359,0.718,0.0669668912887573,0.3983286908077994,0.718,0.0126229356974363,0.39275766016713093
neg_mean_logprob (untrained),360,0.72,0.0675591453909874,0.3972222222222222,0.72,0.0120727522298693,0.39444444444444443
neg_mean_logprob (untrained),361,0.722,0.0679243057966232,0.3961218836565097,0.722,0.0116808647289872,0.39335180055401664
neg_mean_logprob (untrained),362,0.724,0.069059208035469,0.39779005524861877,0.724,0.0115953693166375,0.39502762430939226
neg_mean_logprob (untrained),363,0.726,0.0694597586989402,0.39944903581267216,0.726,0.0115636745467782,0.39669421487603307
neg_mean_logprob (untrained),364,0.728,0.0694778338074684,0.4010989010989011,0.728,0.011373889632523,0.3956043956043956
neg_mean_logprob (untrained),365,0.73,0.0696747004985809,0.4,0.73,0.0111917816102504,0.3972602739726027
neg_mean_logprob (untrained),366,0.732,0.0702026486396789,0.4016393442622951,0.732,0.0107007632032036,0.3989071038251366
neg_mean_logprob (untrained),367,0.734,0.0706920698285102,0.40054495912806537,0.734,0.010691718198359,0.3978201634877384
neg_mean_logprob (untrained),368,0.736,0.0708547383546829,0.39945652173913043,0.736,0.0105823688209056,0.39945652173913043
neg_mean_logprob (untrained),369,0.738,0.0709325671195983,0.3983739837398374,0.738,0.0103728016838431,0.4010840108401084
neg_mean_logprob (untrained),370,0.74,0.0712129026651382,0.3972972972972973,0.74,0.0101492209360003,0.4027027027027027
neg_mean_logprob (untrained),371,0.742,0.0715983584523201,0.39892183288409705,0.742,0.0100759100168943,0.40431266846361186
neg_mean_logprob (untrained),372,0.744,0.0719425529241561,0.40053763440860213,0.744,0.0099428799003362,0.4032258064516129
neg_mean_logprob (untrained),373,0.746,0.0725690275430679,0.39946380697050937,0.746,0.0094904135912656,0.40482573726541554
neg_mean_logprob (untrained),374,0.748,0.0731012672185897,0.3983957219251337,0.748,0.0093965614214539,0.40641711229946526
neg_mean_logprob (untrained),375,0.75,0.0731054693460464,0.3973333333333333,0.75,0.0086453258991241,0.4053333333333333
neg_mean_logprob (untrained),376,0.752,0.073623850941658,0.39893617021276595,0.752,0.0085348086431622,0.40691489361702127
neg_mean_logprob (untrained),377,0.754,0.0738042891025543,0.3978779840848806,0.754,0.0084693636745214,0.40583554376657827
neg_mean_logprob (untrained),378,0.756,0.0740673542022705,0.3994708994708995,0.756,0.0080120060592889,0.4074074074074074
neg_mean_logprob (untrained),379,0.758,0.0742260962724685,0.39841688654353563,0.758,0.0077637578360736,0.40633245382585753
neg_mean_logprob (untrained),380,0.76,0.0742386952042579,0.4,0.76,0.0068747494369745,0.4052631578947368
neg_mean_logprob (untrained),381,0.762,0.0742531195282936,0.4015748031496063,0.762,0.0067250174470245,0.4068241469816273
neg_mean_logprob (untrained),382,0.764,0.074468232691288,0.4031413612565445,0.764,0.006578694563359,0.40575916230366493
neg_mean_logprob (untrained),383,0.766,0.0746840387582779,0.4046997389033943,0.766,0.0064552375115454,0.4046997389033943
neg_mean_logprob (untrained),384,0.768,0.0748698636889457,0.4036458333333333,0.768,0.0057924361899495,0.40625
neg_mean_logprob (untrained),385,0.77,0.074900209903717,0.4051948051948052,0.77,0.0056351753883063,0.4077922077922078
neg_mean_logprob (untrained),386,0.772,0.075282409787178,0.40414507772020725,0.772,0.0054060011170804,0.40932642487046633
neg_mean_logprob (untrained),387,0.774,0.0754372701048851,0.40310077519379844,0.774,0.005264307372272,0.4108527131782946
neg_mean_logprob (untrained),388,0.776,0.075454294681549,0.40463917525773196,0.776,0.005175806581974,0.41237113402061853
neg_mean_logprob (untrained),389,0.778,0.075852058827877,0.40359897172236503,0.778,0.0047598290257155,0.4138817480719794
neg_mean_logprob (untrained),390,0.78,0.0760324746370315,0.40512820512820513,0.78,0.0046551786363124,0.4153846153846154
neg_mean_logprob (untrained),391,0.782,0.0765165910124778,0.40664961636828645,0.782,0.0045831585302948,0.41687979539641945
neg_mean_logprob (untrained),392,0.784,0.0773416683077812,0.40561224489795916,0.784,0.0044888705015182,0.41581632653061223
neg_mean_logprob (untrained),393,0.786,0.0773767158389091,0.40458015267175573,0.786,0.0043324851430952,0.4173027989821883
neg_mean_logprob (untrained),394,0.788,0.077535293996334,0.40609137055837563,0.788,0.0041001080535352,0.41878172588832485
neg_mean_logprob (untrained),395,0.79,0.0781726911664009,0.40759493670886077,0.79,0.0040800967253744,0.4177215189873418
neg_mean_logprob (untrained),396,0.792,0.0784574151039123,0.4065656565656566,0.792,0.0036401499528437,0.4166666666666667
neg_mean_logprob (untrained),397,0.794,0.0785401985049247,0.4080604534005038,0.794,0.0034869303926825,0.4181360201511335
neg_mean_logprob (untrained),398,0.796,0.0794365480542182,0.40954773869346733,0.796,0.003312351880595,0.41959798994974873
neg_mean_logprob (untrained),399,0.798,0.0795014351606369,0.40852130325814534,0.798,0.0028817914426326,0.42105263157894735
neg_mean_logprob (untrained),400,0.8,0.0800693184137344,0.4075,0.8,0.0028032863046973,0.4225
neg_mean_logprob (untrained),401,0.802,0.0819642767310142,0.40648379052369077,0.802,0.0026146348100155,0.4239401496259352
neg_mean_logprob (untrained),402,0.804,0.0821357816457748,0.4079601990049751,0.804,0.0024818039964884,0.4253731343283582
neg_mean_logprob (untrained),403,0.806,0.0822627171874046,0.40694789081885857,0.806,0.0024518023710697,0.4267990074441687
neg_mean_logprob (untrained),404,0.808,0.0823507755994796,0.4084158415841584,0.808,0.0021005545277148,0.42574257425742573
neg_mean_logprob (untrained),405,0.81,0.082545094192028,0.40987654320987654,0.81,0.0017594924429431,0.4246913580246914
neg_mean_logprob (untrained),406,0.812,0.0828682482242584,0.41133004926108374,0.812,0.0016263672150671,0.42610837438423643
neg_mean_logprob (untrained),407,0.814,0.0829270333051681,0.4103194103194103,0.814,0.0013833304401487,0.4275184275184275
neg_mean_logprob (untrained),408,0.816,0.0829849988222122,0.40931372549019607,0.816,0.0013738236157223,0.42892156862745096
neg_mean_logprob (untrained),409,0.818,0.0829869508743286,0.41075794621026895,0.818,0.0013221226399764,0.43031784841075793
neg_mean_logprob (untrained),410,0.82,0.0833999589085578,0.4121951219512195,0.82,0.0012971569085493,0.4317073170731707
neg_mean_logprob (untrained),411,0.822,0.0834905132651329,0.41362530413625304,0.822,0.001283289049752,0.43309002433090027
neg_mean_logprob (untrained),412,0.824,0.0841903984546661,0.41504854368932037,0.824,0.0012192951980978,0.4344660194174757
neg_mean_logprob (untrained),413,0.826,0.0844464227557182,0.41646489104116224,0.826,0.0012077545979991,0.43341404358353514
neg_mean_logprob (untrained),414,0.828,0.0845286548137664,0.41545893719806765,0.828,0.0011845888802781,0.43478260869565216
neg_mean_logprob (untrained),415,0.83,0.0849088206887245,0.41445783132530123,0.83,0.001146319322288,0.43614457831325304
neg_mean_logprob (untrained),416,0.832,0.0849484205245971,0.41586538461538464,0.832,0.0010903635993599,0.43509615384615385
neg_mean_logprob (untrained),417,0.834,0.0854868590831756,0.4148681055155875,0.834,0.0009237635531462,0.4364508393285372
neg_mean_logprob (untrained),418,0.836,0.0856154039502143,0.41626794258373206,0.836,0.0005871666944585,0.43779904306220097
neg_mean_logprob (untrained),419,0.838,0.0872676223516464,0.41766109785202865,0.838,0.0005046887672506,0.43675417661097854
neg_mean_logprob (untrained),420,0.84,0.0873409807682037,0.4166666666666667,0.84,0.0004927038098685,0.4380952380952381
neg_mean_logprob (untrained),421,0.842,0.0877370908856391,0.4180522565320665,0.842,0.0004898224724456,0.43942992874109266
neg_mean_logprob (untrained),422,0.844,0.0880302488803863,0.4194312796208531,0.844,0.0004613279888872,0.44075829383886256
neg_mean_logprob (untrained),423,0.846,0.0881370306015014,0.42080378250591016,0.846,0.0003639808564912,0.44208037825059104
neg_mean_logprob (untrained),424,0.848,0.0883892998099327,0.4221698113207547,0.848,0.0003516549477353,0.44339622641509435
neg_mean_logprob (untrained),425,0.85,0.0885387808084487,0.4211764705882353,0.85,0.0003141283814329,0.4447058823529412
neg_mean_logprob (untrained),426,0.852,0.0889033079147338,0.4225352112676056,0.852,0.0002841676759999,0.4460093896713615
neg_mean_logprob (untrained),427,0.854,0.0897058174014091,0.4238875878220141,0.854,0.0002819208893924,0.44730679156908665
neg_mean_logprob (untrained),428,0.856,0.0898342803120613,0.4252336448598131,0.856,0.0002809767902363,0.4485981308411215
neg_mean_logprob (untrained),429,0.858,0.0902561917901039,0.42657342657342656,0.858,0.0002698885218705,0.44988344988344986
neg_mean_logprob (untrained),430,0.86,0.0904297903180122,0.42790697674418604,0.86,0.0002194566914113,0.4511627906976744
neg_mean_logprob (untrained),431,0.862,0.0906932204961776,0.42923433874709976,0.862,0.0001537702337373,0.45243619489559167
neg_mean_logprob (untrained),432,0.864,0.0907903015613555,0.4305555555555556,0.864,0.000151599466335,0.4537037037037037
neg_mean_logprob (untrained),433,0.866,0.0916997641324997,0.43187066974595845,0.866,0.0001505089603597,0.45496535796766746
neg_mean_logprob (untrained),434,0.868,0.0919704213738441,0.43317972350230416,0.868,0.0001495753676863,0.45622119815668205
neg_mean_logprob (untrained),435,0.87,0.093033380806446,0.43448275862068964,0.87,0.0001468386763008,0.4574712643678161
neg_mean_logprob (untrained),436,0.872,0.0930480509996414,0.4334862385321101,0.872,0.0001358845183858,0.45871559633027525
neg_mean_logprob (untrained),437,0.874,0.0932743474841117,0.43478260869565216,0.874,0.0001121652021538,0.459954233409611
neg_mean_logprob (untrained),438,0.876,0.0952963307499885,0.4337899543378995,0.876,9.27615401451476e-05,0.4611872146118721
neg_mean_logprob (untrained),439,0.878,0.0955797061324119,0.43507972665148065,0.878,9.071495151147246e-05,0.4624145785876993
neg_mean_logprob (untrained),440,0.88,0.0957719758152961,0.43636363636363634,0.88,9.066379425348714e-05,0.46136363636363636
neg_mean_logprob (untrained),441,0.882,0.0957894027233123,0.4376417233560091,0.882,6.475271948147565e-05,0.46258503401360546
neg_mean_logprob (untrained),442,0.884,0.0962110757827758,0.43891402714932126,0.884,6.38654746580869e-05,0.4638009049773756
neg_mean_logprob (untrained),443,0.886,0.0963498353958129,0.43792325056433407,0.886,5.818615682073869e-05,0.4650112866817156
neg_mean_logprob (untrained),444,0.888,0.0964322760701179,0.4391891891891892,0.888,5.618607610813342e-05,0.46396396396396394
neg_mean_logprob (untrained),445,0.89,0.097679354250431,0.4404494382022472,0.89,5.115668318467215e-05,0.4651685393258427
neg_mean_logprob (untrained),446,0.892,0.0978581458330154,0.44170403587443946,0.892,4.764116602018476e-05,0.4663677130044843
neg_mean_logprob (untrained),447,0.894,0.0982347279787063,0.4429530201342282,0.894,4.5897522795712575e-05,0.46756152125279643
neg_mean_logprob (untrained),448,0.896,0.0985896810889244,0.44419642857142855,0.896,4.2952713556587696e-05,0.46875
neg_mean_logprob (untrained),449,0.898,0.0992514044046402,0.44543429844098,0.898,3.979818939114921e-05,0.46993318485523383
neg_mean_logprob (untrained),450,0.9,0.0993319153785705,0.44666666666666666,0.9,3.8113255868665874e-05,0.4711111111111111
neg_mean_logprob (untrained),451,0.902,0.0996410027146339,0.44789356984478934,0.902,3.021677548531443e-05,0.4722838137472284
neg_mean_logprob (untrained),452,0.904,0.1004147455096244,0.4469026548672566,0.904,2.7087391572422348e-05,0.47345132743362833
neg_mean_logprob (untrained),453,0.906,0.100432202219963,0.445916114790287,0.906,2.5058057872229256e-05,0.4746136865342163
neg_mean_logprob (untrained),454,0.908,0.1007479131221771,0.44713656387665196,0.908,2.3588079784531143e-05,0.47577092511013214
neg_mean_logprob (untrained),455,0.91,0.1040123924612999,0.44835164835164837,0.91,2.3275240891962312e-05,0.4747252747252747
neg_mean_logprob (untrained),456,0.912,0.1042322814464569,0.44956140350877194,0.912,2.0731056793010797e-05,0.47368421052631576
neg_mean_logprob (untrained),457,0.914,0.1056861355900764,0.45076586433260396,0.914,1.733756835164968e-05,0.474835886214442
neg_mean_logprob (untrained),458,0.916,0.1070034727454185,0.4519650655021834,0.916,1.7046095308614895e-05,0.4759825327510917
neg_mean_logprob (untrained),459,0.918,0.1083455756306648,0.4531590413943355,0.918,1.6846892322064377e-05,0.477124183006536
neg_mean_logprob (untrained),460,0.92,0.1083540394902229,0.4543478260869565,0.92,1.5496414562221617e-05,0.4782608695652174
neg_mean_logprob (untrained),461,0.922,0.1090440899133682,0.455531453362256,0.922,1.537748539703898e-05,0.4793926247288503
neg_mean_logprob (untrained),462,0.924,0.1096142306923866,0.45670995670995673,0.924,1.2794565009244252e-05,0.4805194805194805
neg_mean_logprob (untrained),463,0.926,0.1096216365694999,0.45788336933045354,0.926,1.2778428754245397e-05,0.4794816414686825
neg_mean_logprob (untrained),464,0.928,0.1098726540803909,0.45905172413793105,0.928,1.2575928849400952e-05,0.48060344827586204
neg_mean_logprob (untrained),465,0.93,0.109886847436428,0.46021505376344085,0.93,1.1483226444397587e-05,0.4817204301075269
neg_mean_logprob (untrained),466,0.932,0.1098896488547325,0.4613733905579399,0.932,1.1467623153293973e-05,0.48283261802575106
neg_mean_logprob (untrained),467,0.934,0.1121339425444603,0.4625267665952891,0.934,1.1443677067290992e-05,0.48394004282655245
neg_mean_logprob (untrained),468,0.936,0.117442212998867,0.4636752136752137,0.936,1.1354237358318642e-05,0.48504273504273504
neg_mean_logprob (untrained),469,0.938,0.1176064535975456,0.4626865671641791,0.938,7.907442522991914e-06,0.4861407249466951
neg_mean_logprob (untrained),470,0.94,0.1181987449526786,0.46170212765957447,0.94,7.669037586310878e-06,0.48723404255319147
neg_mean_logprob (untrained),471,0.942,0.1186946555972099,0.4607218683651805,0.942,7.0432101892947685e-06,0.4883227176220807
neg_mean_logprob (untrained),472,0.944,0.1192082241177558,0.461864406779661,0.944,6.317978204606334e-06,0.4894067796610169
neg_mean_logprob (untrained),473,0.946,0.1192496791481971,0.4630021141649049,0.946,6.119285899330862e-06,0.4904862579281184
neg_mean_logprob (untrained),474,0.948,0.1198295205831527,0.4641350210970464,0.948,6.109408786869608e-06,0.48945147679324896
neg_mean_logprob (untrained),475,0.95,0.1241322308778762,0.4652631578947368,0.95,6.0464749367383774e-06,0.4884210526315789
neg_mean_logprob (untrained),476,0.952,0.1255116760730743,0.46638655462184875,0.952,5.672313363902504e-06,0.4894957983193277
neg_mean_logprob (untrained),477,0.954,0.1271010339260101,0.46750524109014674,0.954,5.503421562025324e-06,0.49056603773584906
neg_mean_logprob (untrained),478,0.956,0.1271237134933471,0.4686192468619247,0.956,5.491490355780115e-06,0.4916317991631799
neg_mean_logprob (untrained),479,0.958,0.1297549158334732,0.4697286012526096,0.958,5.062295258539962e-06,0.49269311064718163
neg_mean_logprob (untrained),480,0.96,0.13094562292099,0.4708333333333333,0.96,4.8179554141825065e-06,0.49375
neg_mean_logprob (untrained),481,0.962,0.1328213810920715,0.47193347193347196,0.962,4.675601303461008e-06,0.49480249480249483
neg_mean_logprob (untrained),482,0.964,0.1397553235292434,0.4730290456431535,0.964,3.735191967280116e-06,0.495850622406639
neg_mean_logprob (untrained),483,0.966,0.1398665904998779,0.474120082815735,0.966,3.5365167150303023e-06,0.4968944099378882
neg_mean_logprob (untrained),484,0.968,0.1425780653953552,0.47520661157024796,0.968,3.5265693441033363e-06,0.49793388429752067
neg_mean_logprob (untrained),485,0.97,0.1437224149703979,0.4762886597938144,0.97,3.4669646993279457e-06,0.49896907216494846
neg_mean_logprob (untrained),486,0.972,0.1451068669557571,0.4773662551440329,0.972,3.0331882499012863e-06,0.5
neg_mean_logprob (untrained),487,0.974,0.1454968303442001,0.4784394250513347,0.974,2.9504126359825023e-06,0.5010266940451745
neg_mean_logprob (untrained),488,0.976,0.1459214389324188,0.4774590163934426,0.976,2.8768977244908456e-06,0.5020491803278688
neg_mean_logprob (untrained),489,0.978,0.147422581911087,0.47648261758691207,0.978,2.8510664833447663e-06,0.5030674846625767
neg_mean_logprob (untrained),490,0.98,0.147938922047615,0.47551020408163264,0.98,2.827873458954855e-06,0.5040816326530613
neg_mean_logprob (untrained),491,0.982,0.1489156931638717,0.47657841140529533,0.982,2.4934458906500367e-06,0.505091649694501
neg_mean_logprob (untrained),492,0.984,0.1489970386028289,0.47764227642276424,0.984,2.404033693892416e-06,0.5060975609756098
neg_mean_logprob (untrained),493,0.986,0.1492248475551605,0.4787018255578093,0.986,2.344436552448314e-06,0.5070993914807302
neg_mean_logprob (untrained),494,0.988,0.1498675495386123,0.4797570850202429,0.988,2.334501232326147e-06,0.5080971659919028
neg_mean_logprob (untrained),495,0.99,0.1504334658384323,0.4808080808080808,0.99,2.1954240310151363e-06,0.509090909090909
neg_mean_logprob (untrained),496,0.992,0.1569887399673462,0.48185483870967744,0.992,1.899391349979851e-06,0.5100806451612904
neg_mean_logprob (untrained),497,0.994,0.1589469611644745,0.482897384305835,0.994,1.748393970046891e-06,0.5110663983903421
neg_mean_logprob (untrained),498,0.996,0.1618943065404892,0.4839357429718876,0.996,1.7285218518736656e-06,0.5120481927710844
neg_mean_logprob (untrained),499,0.998,0.1621197164058685,0.4849699398797595,0.998,1.6391213648603298e-06,0.5130260521042084
neg_mean_logprob (untrained),500,1.0,0.1887545138597488,0.486,1.0,1.529844098513422e-06,0.514
token_entropy (untrained),1,0.002,2.081553793686908e-05,0.0,0.002,0.2913436591625213,0.0
token_entropy (untrained),2,0.004,2.2519079720950685e-05,0.0,0.004,0.2842333018779754,0.0
token_entropy (untrained),3,0.006,2.3135165974963456e-05,0.0,0.006,0.2787336707115173,0.0
token_entropy (untrained),4,0.008,2.4210623450926505e-05,0.0,0.008,0.2750801146030426,0.0
token_entropy (untrained),5,0.01,2.5612293029553257e-05,0.0,0.01,0.2674278914928436,0.0
token_entropy (untrained),6,0.012,2.912862146331463e-05,0.0,0.012,0.2670956254005432,0.0
token_entropy (untrained),7,0.014,3.155645026708953e-05,0.0,0.014,0.2663731276988983,0.0
token_entropy (untrained),8,0.016,3.171667776769027e-05,0.0,0.016,0.2573263049125671,0.0
token_entropy (untrained),9,0.018,3.233498864574358e-05,0.0,0.018,0.2536208927631378,0.0
token_entropy (untrained),10,0.02,3.38867430400569e-05,0.0,0.02,0.2511873245239258,0.0
token_entropy (untrained),11,0.022,3.6636865843320265e-05,0.0,0.022,0.2504720389842987,0.0
token_entropy (untrained),12,0.024,3.749264942598529e-05,0.0,0.024,0.2462010085582733,0.0
token_entropy (untrained),13,0.026,3.8292069802992046e-05,0.0,0.026,0.2450061589479446,0.0
token_entropy (untrained),14,0.028,3.8458591006929055e-05,0.0,0.028,0.2449571788311004,0.0
token_entropy (untrained),15,0.03,3.931972969439812e-05,0.0,0.03,0.2358084022998809,0.0
token_entropy (untrained),16,0.032,4.561652531265281e-05,0.0,0.032,0.2295037806034088,0.0
token_entropy (untrained),17,0.034,4.6166755055310205e-05,0.0,0.034,0.2287941575050354,0.0
token_entropy (untrained),18,0.036,4.684576197178103e-05,0.0,0.036,0.2267544269561767,0.0
token_entropy (untrained),19,0.038,4.821068068849854e-05,0.0,0.038,0.226529449224472,0.0
token_entropy (untrained),20,0.04,5.8863210142590106e-05,0.0,0.04,0.2260951697826385,0.0
token_entropy (untrained),21,0.042,5.900954784010537e-05,0.0,0.042,0.2248436510562896,0.0
token_entropy (untrained),22,0.044,6.0589540225919336e-05,0.0,0.044,0.2205250412225723,0.0
token_entropy (untrained),23,0.046,6.654273602180183e-05,0.0,0.046,0.2199826538562774,0.0
token_entropy (untrained),24,0.048,6.757854134775698e-05,0.0,0.048,0.2173445671796798,0.0
token_entropy (untrained),25,0.05,6.987881351960823e-05,0.0,0.05,0.2171351462602615,0.0
token_entropy (untrained),26,0.052,7.093267049640417e-05,0.0,0.052,0.2161229997873306,0.0
token_entropy (untrained),27,0.054,7.514199387514964e-05,0.037037037037037035,0.054,0.2154594957828521,0.0
token_entropy (untrained),28,0.056,7.570834713988006e-05,0.03571428571428571,0.056,0.2148846685886383,0.03571428571428571
token_entropy (untrained),29,0.058,7.61515402700752e-05,0.06896551724137931,0.058,0.2124083638191223,0.034482758620689655
token_entropy (untrained),30,0.06,8.56347251101397e-05,0.06666666666666667,0.06,0.2110145688056945,0.03333333333333333
token_entropy (untrained),31,0.062,9.405179298482837e-05,0.06451612903225806,0.062,0.2058959454298019,0.03225806451612903
token_entropy (untrained),32,0.064,9.527441579848528e-05,0.0625,0.064,0.205474242568016,0.03125
token_entropy (untrained),33,0.066,0.0001234662631759,0.06060606060606061,0.066,0.20463228225708,0.030303030303030304
token_entropy (untrained),34,0.068,0.0001266871840925,0.058823529411764705,0.068,0.2045612335205078,0.029411764705882353
token_entropy (untrained),35,0.07,0.0001284055470023,0.05714285714285714,0.07,0.2027762830257415,0.02857142857142857
token_entropy (untrained),36,0.072,0.0001287348568439,0.05555555555555555,0.072,0.2025217562913894,0.027777777777777776
token_entropy (untrained),37,0.074,0.0001339880691375,0.05405405405405406,0.074,0.2021380215883255,0.02702702702702703
token_entropy (untrained),38,0.076,0.0001388799864798,0.07894736842105263,0.076,0.2015908807516098,0.05263157894736842
token_entropy (untrained),39,0.078,0.0001416075829183,0.07692307692307693,0.078,0.2009164839982986,0.05128205128205128
token_entropy (untrained),40,0.08,0.0001662128634052,0.075,0.08,0.1989839673042297,0.05
token_entropy (untrained),41,0.082,0.0001700542634353,0.07317073170731707,0.082,0.1989519149065017,0.04878048780487805
token_entropy (untrained),42,0.084,0.000170492043253,0.07142857142857142,0.084,0.19746133685112,0.047619047619047616
token_entropy (untrained),43,0.086,0.0001878411858342,0.06976744186046512,0.086,0.1949913501739502,0.046511627906976744
token_entropy (untrained),44,0.088,0.0001946278498508,0.06818181818181818,0.088,0.1937731653451919,0.045454545454545456
token_entropy (untrained),45,0.09,0.0002180082228733,0.08888888888888889,0.09,0.1927991062402725,0.044444444444444446
token_entropy (untrained),46,0.092,0.0002259379834868,0.10869565217391304,0.092,0.1911908835172653,0.043478260869565216
token_entropy (untrained),47,0.094,0.0002468952734488,0.10638297872340426,0.094,0.1903712302446365,0.0425531914893617
token_entropy (untrained),48,0.096,0.0002472733613103,0.10416666666666667,0.096,0.1898160278797149,0.041666666666666664
token_entropy (untrained),49,0.098,0.0002671428665053,0.10204081632653061,0.098,0.1876531690359115,0.061224489795918366
token_entropy (untrained),50,0.1,0.0003085538337472,0.1,0.1,0.1865237057209015,0.06
token_entropy (untrained),51,0.102,0.0003636402834672,0.09803921568627451,0.102,0.1856495141983032,0.058823529411764705
token_entropy (untrained),52,0.104,0.0003709380980581,0.09615384615384616,0.104,0.1833514869213104,0.057692307692307696
token_entropy (untrained),53,0.106,0.0003884480975102,0.09433962264150944,0.106,0.1803415566682815,0.05660377358490566
token_entropy (untrained),54,0.108,0.0004131066671106,0.09259259259259259,0.108,0.1794058233499527,0.05555555555555555
token_entropy (untrained),55,0.11,0.0004326603375375,0.09090909090909091,0.11,0.1785769611597061,0.05454545454545454
token_entropy (untrained),56,0.112,0.0004607595910783,0.08928571428571429,0.112,0.1782009750604629,0.05357142857142857
token_entropy (untrained),57,0.114,0.0004934953758493,0.10526315789473684,0.114,0.1781673282384872,0.07017543859649122
token_entropy (untrained),58,0.116,0.0005171636585146,0.10344827586206896,0.116,0.1772183328866958,0.06896551724137931
token_entropy (untrained),59,0.118,0.000554961618036,0.1016949152542373,0.118,0.1765019297599792,0.06779661016949153
token_entropy (untrained),60,0.12,0.0005660210736095,0.1,0.12,0.1758620589971542,0.08333333333333333
token_entropy (untrained),61,0.122,0.0007082929369062,0.09836065573770492,0.122,0.1758542954921722,0.08196721311475409
token_entropy (untrained),62,0.124,0.0007351635140366,0.11290322580645161,0.124,0.1757006049156189,0.08064516129032258
token_entropy (untrained),63,0.126,0.0007697922410443,0.1111111111111111,0.126,0.1751160025596618,0.09523809523809523
token_entropy (untrained),64,0.128,0.000836530001834,0.109375,0.128,0.1747374534606933,0.09375
token_entropy (untrained),65,0.13,0.0010773405665531,0.1076923076923077,0.13,0.1745030879974365,0.09230769230769231
token_entropy (untrained),66,0.132,0.0011537045938894,0.10606060606060606,0.132,0.1741711050271988,0.09090909090909091
token_entropy (untrained),67,0.134,0.0011756618041545,0.1044776119402985,0.134,0.1735410988330841,0.1044776119402985
token_entropy (untrained),68,0.136,0.0011795380851253,0.10294117647058823,0.136,0.1720002144575119,0.10294117647058823
token_entropy (untrained),69,0.138,0.0012252131709828,0.10144927536231885,0.138,0.1718785464763641,0.10144927536231885
token_entropy (untrained),70,0.14,0.0012856860412284,0.1,0.14,0.1718259453773498,0.1
token_entropy (untrained),71,0.142,0.0015902362065389,0.09859154929577464,0.142,0.1715734899044037,0.09859154929577464
token_entropy (untrained),72,0.144,0.0020034816116094,0.09722222222222222,0.144,0.1704997420310974,0.09722222222222222
token_entropy (untrained),73,0.146,0.0021612332202494,0.0958904109589041,0.146,0.1698334217071533,0.0958904109589041
token_entropy (untrained),74,0.148,0.00216123345308,0.0945945945945946,0.148,0.1697172820568084,0.0945945945945946
token_entropy (untrained),75,0.15,0.0021727811545133,0.09333333333333334,0.15,0.1685550063848495,0.09333333333333334
token_entropy (untrained),76,0.152,0.0022119893692433,0.09210526315789473,0.152,0.1678727716207504,0.09210526315789473
token_entropy (untrained),77,0.154,0.002252438571304,0.09090909090909091,0.154,0.1670363247394561,0.09090909090909091
token_entropy (untrained),78,0.156,0.0026498853694647,0.08974358974358974,0.156,0.1661109328269958,0.10256410256410256
token_entropy (untrained),79,0.158,0.0030368971638381,0.08860759493670886,0.158,0.1656419038772583,0.10126582278481013
token_entropy (untrained),80,0.16,0.0032111664768308,0.0875,0.16,0.1651626378297805,0.1125
token_entropy (untrained),81,0.162,0.0033149060327559,0.09876543209876543,0.162,0.1641612201929092,0.12345679012345678
token_entropy (untrained),82,0.164,0.0033241640776395,0.0975609756097561,0.164,0.1637072712182998,0.12195121951219512
token_entropy (untrained),83,0.166,0.0036186601500958,0.0963855421686747,0.166,0.1617886126041412,0.12048192771084337
token_entropy (untrained),84,0.168,0.0050821839831769,0.09523809523809523,0.168,0.1613505631685257,0.11904761904761904
token_entropy (untrained),85,0.17,0.0056993537582457,0.10588235294117647,0.17,0.1609493196010589,0.12941176470588237
token_entropy (untrained),86,0.172,0.0061098458245396,0.10465116279069768,0.172,0.1584752947092056,0.12790697674418605
token_entropy (untrained),87,0.174,0.0062168817967176,0.10344827586206896,0.174,0.1578381806612014,0.13793103448275862
token_entropy (untrained),88,0.176,0.0067980233579874,0.11363636363636363,0.176,0.1578184515237808,0.14772727272727273
token_entropy (untrained),89,0.178,0.0068349391222,0.11235955056179775,0.178,0.1566005051136016,0.14606741573033707
token_entropy (untrained),90,0.18,0.0071249199099838,0.1111111111111111,0.18,0.1554050743579864,0.14444444444444443
token_entropy (untrained),91,0.182,0.0072086220607161,0.10989010989010989,0.182,0.1553961038589477,0.14285714285714285
token_entropy (untrained),92,0.184,0.0072857770137488,0.10869565217391304,0.184,0.1552443951368332,0.15217391304347827
token_entropy (untrained),93,0.186,0.0082423463463783,0.10752688172043011,0.186,0.1543710976839065,0.15053763440860216
token_entropy (untrained),94,0.188,0.0086189582943916,0.10638297872340426,0.188,0.1538064181804657,0.14893617021276595
token_entropy (untrained),95,0.19,0.0094129685312509,0.10526315789473684,0.19,0.1537663489580154,0.14736842105263157
token_entropy (untrained),96,0.192,0.0096511682495474,0.11458333333333333,0.192,0.1532778143882751,0.14583333333333334
token_entropy (untrained),97,0.194,0.010316215455532,0.12371134020618557,0.194,0.1529252231121063,0.15463917525773196
token_entropy (untrained),98,0.196,0.0110633969306945,0.12244897959183673,0.196,0.1516452878713607,0.16326530612244897
token_entropy (untrained),99,0.198,0.0124805616214871,0.12121212121212122,0.198,0.1504973620176315,0.16161616161616163
token_entropy (untrained),100,0.2,0.0133028710260987,0.12,0.2,0.1499001383781433,0.16
token_entropy (untrained),101,0.202,0.0133595466613769,0.1188118811881188,0.202,0.1496418118476867,0.15841584158415842
token_entropy (untrained),102,0.204,0.0133649678900837,0.11764705882352941,0.204,0.1495526283979416,0.16666666666666666
token_entropy (untrained),103,0.206,0.0142614189535379,0.11650485436893204,0.206,0.1490373611450195,0.1650485436893204
token_entropy (untrained),104,0.208,0.0162452720105648,0.11538461538461539,0.208,0.1481262445449829,0.17307692307692307
token_entropy (untrained),105,0.21,0.0171979591250419,0.11428571428571428,0.21,0.1478281319141388,0.17142857142857143
token_entropy (untrained),106,0.212,0.0178788620978593,0.11320754716981132,0.212,0.1470308899879455,0.16981132075471697
token_entropy (untrained),107,0.214,0.0179615393280982,0.11214953271028037,0.214,0.1465943604707718,0.17757009345794392
token_entropy (untrained),108,0.216,0.0180282108485698,0.1111111111111111,0.216,0.1460068523883819,0.17592592592592593
token_entropy (untrained),109,0.218,0.018431432545185,0.11009174311926606,0.218,0.1439081579446792,0.1834862385321101
token_entropy (untrained),110,0.22,0.0190661586821079,0.10909090909090909,0.22,0.1433930695056915,0.19090909090909092
token_entropy (untrained),111,0.222,0.0193644296377897,0.11711711711711711,0.222,0.1428867578506469,0.1891891891891892
token_entropy (untrained),112,0.224,0.0194660760462284,0.11607142857142858,0.224,0.1427882760763168,0.1875
token_entropy (untrained),113,0.226,0.0201415214687585,0.12389380530973451,0.226,0.1400536745786667,0.18584070796460178
token_entropy (untrained),114,0.228,0.021249059587717,0.13157894736842105,0.228,0.1397990137338638,0.18421052631578946
token_entropy (untrained),115,0.23,0.0212921313941478,0.13043478260869565,0.23,0.139189526438713,0.1826086956521739
token_entropy (untrained),116,0.232,0.0224039144814014,0.12931034482758622,0.232,0.1391541510820388,0.1896551724137931
token_entropy (untrained),117,0.234,0.0224349945783615,0.13675213675213677,0.234,0.1390812546014785,0.19658119658119658
token_entropy (untrained),118,0.236,0.0244421549141407,0.1440677966101695,0.236,0.1379324942827224,0.2033898305084746
token_entropy (untrained),119,0.238,0.0246470533311367,0.15126050420168066,0.238,0.1375100761651992,0.20168067226890757
token_entropy (untrained),120,0.24,0.025710416957736,0.15833333333333333,0.24,0.137436494231224,0.20833333333333334
token_entropy (untrained),121,0.242,0.0260689426213502,0.15702479338842976,0.242,0.1369015723466873,0.21487603305785125
token_entropy (untrained),122,0.244,0.0266391802579164,0.1557377049180328,0.244,0.1368145793676376,0.22131147540983606
token_entropy (untrained),123,0.246,0.0276303123682737,0.15447154471544716,0.246,0.1361961662769317,0.21951219512195122
token_entropy (untrained),124,0.248,0.0276675447821617,0.16129032258064516,0.248,0.1349603682756424,0.21774193548387097
token_entropy (untrained),125,0.25,0.0280654989182949,0.168,0.25,0.1349019706249237,0.216
token_entropy (untrained),126,0.252,0.0281575266271829,0.16666666666666666,0.252,0.1346226930618286,0.2222222222222222
token_entropy (untrained),127,0.254,0.0291913021355867,0.16535433070866143,0.254,0.1342333406209945,0.2204724409448819
token_entropy (untrained),128,0.256,0.0294002536684274,0.171875,0.256,0.1330192387104034,0.2265625
token_entropy (untrained),129,0.258,0.0310311913490295,0.17054263565891473,0.258,0.1319490224123001,0.2248062015503876
token_entropy (untrained),130,0.26,0.0319916754961013,0.16923076923076924,0.26,0.131132885813713,0.23076923076923078
token_entropy (untrained),131,0.262,0.0338463857769966,0.17557251908396945,0.262,0.1309693902730941,0.22900763358778625
token_entropy (untrained),132,0.264,0.0349636450409889,0.18181818181818182,0.264,0.1307156383991241,0.22727272727272727
token_entropy (untrained),133,0.266,0.034984316676855,0.18045112781954886,0.266,0.1303764134645462,0.23308270676691728
token_entropy (untrained),134,0.268,0.0355175733566284,0.1791044776119403,0.268,0.1292952597141266,0.23880597014925373
token_entropy (untrained),135,0.27,0.036610472947359,0.17777777777777778,0.27,0.1291187852621078,0.23703703703703705
token_entropy (untrained),136,0.272,0.0366577431559562,0.17647058823529413,0.272,0.1284793317317962,0.2426470588235294
token_entropy (untrained),137,0.274,0.0367584750056266,0.17518248175182483,0.274,0.1284364312887191,0.24087591240875914
token_entropy (untrained),138,0.276,0.0368537791073322,0.18115942028985507,0.276,0.128224715590477,0.2463768115942029
token_entropy (untrained),139,0.278,0.036977831274271,0.17985611510791366,0.278,0.1280119866132736,0.2517985611510791
token_entropy (untrained),140,0.28,0.0374525599181652,0.17857142857142858,0.28,0.1277323216199875,0.2571428571428571
token_entropy (untrained),141,0.282,0.0379174910485744,0.1773049645390071,0.282,0.1273452490568161,0.2624113475177305
token_entropy (untrained),142,0.284,0.0391728430986404,0.176056338028169,0.284,0.1266964375972747,0.2605633802816901
token_entropy (untrained),143,0.286,0.039709560573101,0.17482517482517482,0.286,0.1264565587043762,0.26573426573426573
token_entropy (untrained),144,0.288,0.040114302188158,0.18055555555555555,0.288,0.1262241154909134,0.2708333333333333
token_entropy (untrained),145,0.29,0.0402868650853633,0.1793103448275862,0.29,0.1253278255462646,0.27586206896551724
token_entropy (untrained),146,0.292,0.0403352528810501,0.1780821917808219,0.292,0.1247704476118087,0.2808219178082192
token_entropy (untrained),147,0.294,0.0423952788114547,0.1836734693877551,0.294,0.1245533525943756,0.2789115646258503
token_entropy (untrained),148,0.296,0.0424924232065677,0.18243243243243243,0.296,0.1239587292075157,0.27702702702702703
token_entropy (untrained),149,0.298,0.0426955334842205,0.18791946308724833,0.298,0.123665876686573,0.2751677852348993
token_entropy (untrained),150,0.3,0.0427656881511211,0.18666666666666668,0.3,0.1232251971960067,0.2733333333333333
token_entropy (untrained),151,0.302,0.0435089506208896,0.18543046357615894,0.302,0.1229194998741149,0.2781456953642384
token_entropy (untrained),152,0.304,0.0435525365173816,0.19078947368421054,0.304,0.122177705168724,0.28289473684210525
token_entropy (untrained),153,0.306,0.0437380671501159,0.19607843137254902,0.306,0.1213677749037742,0.2875816993464052
token_entropy (untrained),154,0.308,0.0439823493361473,0.2012987012987013,0.308,0.1188902035355568,0.2857142857142857
token_entropy (untrained),155,0.31,0.0440224595367908,0.2064516129032258,0.31,0.1187027543783187,0.2838709677419355
token_entropy (untrained),156,0.312,0.0442168228328228,0.20512820512820512,0.312,0.1185934096574783,0.28846153846153844
token_entropy (untrained),157,0.314,0.0442188717424869,0.21019108280254778,0.314,0.118212305009365,0.28662420382165604
token_entropy (untrained),158,0.316,0.0447064824402332,0.2088607594936709,0.316,0.1179906874895095,0.2911392405063291
token_entropy (untrained),159,0.318,0.045570645481348,0.20754716981132076,0.318,0.1178776398301124,0.29559748427672955
token_entropy (untrained),160,0.32,0.0455972403287887,0.2125,0.32,0.116300880908966,0.29375
token_entropy (untrained),161,0.322,0.045715857297182,0.21739130434782608,0.322,0.1159697398543357,0.2981366459627329
token_entropy (untrained),162,0.324,0.0457254163920879,0.21604938271604937,0.324,0.1158451437950134,0.30246913580246915
token_entropy (untrained),163,0.326,0.0462985187768936,0.22085889570552147,0.326,0.1147631630301475,0.3006134969325153
token_entropy (untrained),164,0.328,0.0464648492634296,0.22560975609756098,0.328,0.1142855137586593,0.3048780487804878
token_entropy (untrained),165,0.33,0.0466773100197315,0.23030303030303031,0.33,0.1141046732664108,0.30303030303030304
token_entropy (untrained),166,0.332,0.0469551496207714,0.23493975903614459,0.332,0.1137233898043632,0.3072289156626506
token_entropy (untrained),167,0.334,0.048876728862524,0.23353293413173654,0.334,0.1135836988687515,0.30538922155688625
token_entropy (untrained),168,0.336,0.0488838404417037,0.23214285714285715,0.336,0.1135471612215042,0.30952380952380953
token_entropy (untrained),169,0.338,0.0489101745188236,0.23076923076923078,0.338,0.1118075549602508,0.3136094674556213
token_entropy (untrained),170,0.34,0.0490019582211971,0.23529411764705882,0.34,0.1114875227212905,0.3176470588235294
token_entropy (untrained),171,0.342,0.0491300895810127,0.23391812865497075,0.342,0.1107338964939117,0.3216374269005848
token_entropy (untrained),172,0.344,0.049479953944683,0.23837209302325582,0.344,0.110556460916996,0.31976744186046513
token_entropy (untrained),173,0.346,0.0497110672295093,0.23699421965317918,0.346,0.1098144501447677,0.3179190751445087
token_entropy (untrained),174,0.348,0.0497168898582458,0.23563218390804597,0.348,0.1093811243772506,0.3160919540229885
token_entropy (untrained),175,0.35,0.0498211793601512,0.2342857142857143,0.35,0.1093297898769378,0.3142857142857143
token_entropy (untrained),176,0.352,0.0501645281910896,0.23863636363636365,0.352,0.1092874705791473,0.3125
token_entropy (untrained),177,0.354,0.0502081476151943,0.24293785310734464,0.354,0.108174480497837,0.3107344632768362
token_entropy (untrained),178,0.356,0.0519853010773658,0.24719101123595505,0.356,0.1080346032977104,0.3089887640449438
token_entropy (untrained),179,0.358,0.0523655004799366,0.24581005586592178,0.358,0.1077754199504852,0.30726256983240224
token_entropy (untrained),180,0.36,0.052607487887144,0.24444444444444444,0.36,0.107211597263813,0.3055555555555556
token_entropy (untrained),181,0.362,0.0532367639243602,0.2430939226519337,0.362,0.1063838973641395,0.30939226519337015
token_entropy (untrained),182,0.364,0.053337424993515,0.24175824175824176,0.364,0.1057861745357513,0.3131868131868132
token_entropy (untrained),183,0.366,0.0534118972718715,0.24043715846994534,0.366,0.1057397797703743,0.31693989071038253
token_entropy (untrained),184,0.368,0.0539015084505081,0.2391304347826087,0.368,0.1053274348378181,0.31521739130434784
token_entropy (untrained),185,0.37,0.0540198534727096,0.24324324324324326,0.37,0.1049483492970466,0.31351351351351353
token_entropy (untrained),186,0.372,0.0541810654103755,0.24731182795698925,0.372,0.1041045188903808,0.3172043010752688
token_entropy (untrained),187,0.374,0.0543634630739688,0.24598930481283424,0.374,0.1039835959672927,0.3155080213903743
token_entropy (untrained),188,0.376,0.0546151399612426,0.25,0.376,0.1038262173533439,0.31382978723404253
token_entropy (untrained),189,0.378,0.0550443120300769,0.25396825396825395,0.378,0.1032580286264419,0.31216931216931215
token_entropy (untrained),190,0.38,0.0551136881113052,0.2578947368421053,0.38,0.1019216179847717,0.3105263157894737
token_entropy (untrained),191,0.382,0.0553902201354503,0.2617801047120419,0.382,0.1007508933544159,0.31413612565445026
token_entropy (untrained),192,0.384,0.0554058365523815,0.265625,0.384,0.100520022213459,0.3125
token_entropy (untrained),193,0.386,0.0558692552149295,0.26424870466321243,0.386,0.100045345723629,0.3160621761658031
token_entropy (untrained),194,0.388,0.0559456050395965,0.26804123711340205,0.388,0.0998170003294944,0.31443298969072164
token_entropy (untrained),195,0.39,0.0567621551454067,0.26666666666666666,0.39,0.0996958911418914,0.31794871794871793
token_entropy (untrained),196,0.392,0.0568343698978424,0.27040816326530615,0.392,0.0995253026485443,0.3163265306122449
token_entropy (untrained),197,0.394,0.0568715967237949,0.27411167512690354,0.394,0.0995033085346221,0.3197969543147208
token_entropy (untrained),198,0.396,0.0569023415446281,0.2727272727272727,0.396,0.0991176068782806,0.3181818181818182
token_entropy (untrained),199,0.398,0.0571715533733367,0.27638190954773867,0.398,0.0990849286317825,0.3165829145728643
token_entropy (untrained),200,0.4,0.0574927851557731,0.275,0.4,0.0989704132080078,0.32
token_entropy (untrained),201,0.402,0.0575447380542755,0.2736318407960199,0.402,0.0988536849617958,0.31840796019900497
token_entropy (untrained),202,0.404,0.0589869208633899,0.2722772277227723,0.404,0.0988137573003768,0.31683168316831684
token_entropy (untrained),203,0.406,0.0590875819325447,0.27586206896551724,0.406,0.098781019449234,0.32019704433497537
token_entropy (untrained),204,0.408,0.0595521852374076,0.27450980392156865,0.408,0.0985165983438491,0.31862745098039214
token_entropy (untrained),205,0.41,0.0605823993682861,0.2780487804878049,0.41,0.0980131402611732,0.3170731707317073
token_entropy (untrained),206,0.412,0.0607166364789009,0.2766990291262136,0.412,0.0973367914557457,0.3155339805825243
token_entropy (untrained),207,0.414,0.0614181831479072,0.28019323671497587,0.414,0.0967627614736557,0.3188405797101449
token_entropy (untrained),208,0.416,0.061879426240921,0.28365384615384615,0.416,0.0964463055133819,0.3173076923076923
token_entropy (untrained),209,0.418,0.0620627403259277,0.2822966507177033,0.418,0.0961663872003555,0.3157894736842105
token_entropy (untrained),210,0.42,0.0622692555189132,0.28095238095238095,0.42,0.0957993641495704,0.319047619047619
token_entropy (untrained),211,0.422,0.0636189430952072,0.2843601895734597,0.422,0.0954323858022689,0.3175355450236967
token_entropy (untrained),212,0.424,0.064317412674427,0.2830188679245283,0.424,0.0954039394855499,0.32075471698113206
token_entropy (untrained),213,0.426,0.0647355020046234,0.28169014084507044,0.426,0.0951970070600509,0.3192488262910798
token_entropy (untrained),214,0.428,0.0652205869555473,0.2850467289719626,0.428,0.0945360958576202,0.32242990654205606
token_entropy (untrained),215,0.43,0.0658261701464653,0.2837209302325581,0.43,0.0944650173187255,0.32558139534883723
token_entropy (untrained),216,0.432,0.0659851804375648,0.28703703703703703,0.432,0.092602401971817,0.3287037037037037
token_entropy (untrained),217,0.434,0.0662470757961273,0.2857142857142857,0.434,0.0923727750778198,0.3317972350230415
token_entropy (untrained),218,0.436,0.0665765181183815,0.2889908256880734,0.436,0.0922219306230545,0.3302752293577982
token_entropy (untrained),219,0.438,0.06680678576231,0.2922374429223744,0.438,0.0920612514019012,0.3287671232876712
token_entropy (untrained),220,0.44,0.0671161040663719,0.2909090909090909,0.44,0.0918585881590843,0.32727272727272727
token_entropy (untrained),221,0.442,0.0672488883137703,0.2895927601809955,0.442,0.0905059874057769,0.33031674208144796
token_entropy (untrained),222,0.444,0.0677433684468269,0.2927927927927928,0.444,0.090460292994976,0.32882882882882886
token_entropy (untrained),223,0.446,0.0679533556103706,0.29596412556053814,0.446,0.0901608392596244,0.3273542600896861
token_entropy (untrained),224,0.448,0.0684568136930465,0.29910714285714285,0.448,0.08993561565876,0.32589285714285715
token_entropy (untrained),225,0.45,0.0690218731760978,0.3022222222222222,0.45,0.08990228921175,0.3244444444444444
token_entropy (untrained),226,0.452,0.0694345086812973,0.3053097345132743,0.452,0.0894661620259285,0.3230088495575221
token_entropy (untrained),227,0.454,0.0694522112607956,0.3039647577092511,0.454,0.0880225002765655,0.32599118942731276
token_entropy (untrained),228,0.456,0.0694879814982414,0.3026315789473684,0.456,0.087236538529396,0.32894736842105265
token_entropy (untrained),229,0.458,0.0697627365589141,0.3056768558951965,0.458,0.0871921181678772,0.32751091703056767
token_entropy (untrained),230,0.46,0.0700180828571319,0.30869565217391304,0.46,0.0861887857317924,0.32608695652173914
token_entropy (untrained),231,0.462,0.0701931491494178,0.3116883116883117,0.462,0.0858539715409278,0.329004329004329
token_entropy (untrained),232,0.464,0.0708282962441444,0.3103448275862069,0.464,0.0849467515945434,0.33189655172413796
token_entropy (untrained),233,0.466,0.0721493437886238,0.3133047210300429,0.466,0.0842980742454528,0.33476394849785407
token_entropy (untrained),234,0.468,0.0722790136933326,0.31196581196581197,0.468,0.0841870233416557,0.3333333333333333
token_entropy (untrained),235,0.47,0.0726178586483001,0.31063829787234043,0.47,0.0841124504804611,0.33617021276595743
token_entropy (untrained),236,0.472,0.0726484730839729,0.3093220338983051,0.472,0.0839644968509674,0.3347457627118644
token_entropy (untrained),237,0.474,0.07280745357275,0.3080168776371308,0.474,0.0837477594614029,0.33755274261603374
token_entropy (untrained),238,0.476,0.0730573385953903,0.3067226890756303,0.476,0.0825090855360031,0.33613445378151263
token_entropy (untrained),239,0.478,0.0732712298631668,0.3054393305439331,0.478,0.0815578252077102,0.3389121338912134
token_entropy (untrained),240,0.48,0.0733223408460617,0.30833333333333335,0.48,0.0809015855193138,0.3375
token_entropy (untrained),241,0.482,0.0735013335943222,0.3112033195020747,0.482,0.08061483502388,0.3360995850622407
token_entropy (untrained),242,0.484,0.0744979158043861,0.3140495867768595,0.484,0.0804592072963714,0.3347107438016529
token_entropy (untrained),243,0.486,0.0745886787772178,0.31275720164609055,0.486,0.0801853686571121,0.3333333333333333
token_entropy (untrained),244,0.488,0.0749771893024444,0.3114754098360656,0.488,0.0796116515994072,0.3319672131147541
token_entropy (untrained),245,0.49,0.0751344561576843,0.31020408163265306,0.49,0.0786969289183616,0.3346938775510204
token_entropy (untrained),246,0.492,0.0751602947711944,0.3089430894308943,0.492,0.0785733759403228,0.33739837398373984
token_entropy (untrained),247,0.494,0.075602613389492,0.3117408906882591,0.494,0.0783325731754303,0.3360323886639676
token_entropy (untrained),248,0.496,0.0761956721544265,0.31451612903225806,0.496,0.0782655254006385,0.3387096774193548
token_entropy (untrained),249,0.498,0.0767236948013305,0.3172690763052209,0.498,0.077356107532978,0.3413654618473896
token_entropy (untrained),250,0.5,0.0770984813570976,0.316,0.5,0.0773420184850692,0.344
token_entropy (untrained),251,0.502,0.0773420184850692,0.3147410358565737,0.502,0.0770984813570976,0.3466135458167331
token_entropy (untrained),252,0.504,0.077356107532978,0.3134920634920635,0.504,0.0767236948013305,0.34523809523809523
token_entropy (untrained),253,0.506,0.0782655254006385,0.31225296442687744,0.506,0.0761956721544265,0.3438735177865613
token_entropy (untrained),254,0.508,0.0783325731754303,0.31496062992125984,0.508,0.075602613389492,0.3425196850393701
token_entropy (untrained),255,0.51,0.0785733759403228,0.3137254901960784,0.51,0.0751602947711944,0.34509803921568627
token_entropy (untrained),256,0.512,0.0786969289183616,0.3125,0.512,0.0751344561576843,0.34765625
token_entropy (untrained),257,0.514,0.0796116515994072,0.3151750972762646,0.514,0.0749771893024444,0.35019455252918286
token_entropy (untrained),258,0.516,0.0801853686571121,0.3178294573643411,0.516,0.0745886787772178,0.35271317829457366
token_entropy (untrained),259,0.518,0.0804592072963714,0.3204633204633205,0.518,0.0744979158043861,0.35135135135135137
token_entropy (untrained),260,0.52,0.08061483502388,0.3230769230769231,0.52,0.0735013335943222,0.35
token_entropy (untrained),261,0.522,0.0809015855193138,0.32567049808429116,0.522,0.0733223408460617,0.3486590038314176
token_entropy (untrained),262,0.524,0.0815578252077102,0.3244274809160305,0.524,0.0732712298631668,0.3511450381679389
token_entropy (untrained),263,0.526,0.0825090855360031,0.3269961977186312,0.526,0.0730573385953903,0.35361216730038025
token_entropy (untrained),264,0.528,0.0837477594614029,0.32575757575757575,0.528,0.07280745357275,0.3560606060606061
token_entropy (untrained),265,0.53,0.0839644968509674,0.3283018867924528,0.53,0.0726484730839729,0.3584905660377358
token_entropy (untrained),266,0.532,0.0841124504804611,0.32706766917293234,0.532,0.0726178586483001,0.3609022556390977
token_entropy (untrained),267,0.534,0.0841870233416557,0.3295880149812734,0.534,0.0722790136933326,0.36329588014981273
token_entropy (untrained),268,0.536,0.0842980742454528,0.3283582089552239,0.536,0.0721493437886238,0.3619402985074627
token_entropy (untrained),269,0.538,0.0849467515945434,0.3271375464684015,0.538,0.0708282962441444,0.3643122676579926
token_entropy (untrained),270,0.54,0.0858539715409278,0.32592592592592595,0.54,0.0701931491494178,0.362962962962963
token_entropy (untrained),271,0.542,0.0861887857317924,0.3284132841328413,0.542,0.0700180828571319,0.36162361623616235
token_entropy (untrained),272,0.544,0.0871921181678772,0.33088235294117646,0.544,0.0697627365589141,0.3602941176470588
token_entropy (untrained),273,0.546,0.087236538529396,0.32967032967032966,0.546,0.0694879814982414,0.3626373626373626
token_entropy (untrained),274,0.548,0.0880225002765655,0.3284671532846715,0.548,0.0694522112607956,0.36496350364963503
token_entropy (untrained),275,0.55,0.0894661620259285,0.33090909090909093,0.55,0.0694345086812973,0.36363636363636365
token_entropy (untrained),276,0.552,0.08990228921175,0.3333333333333333,0.552,0.0690218731760978,0.36231884057971014
token_entropy (untrained),277,0.554,0.08993561565876,0.33574007220216606,0.554,0.0684568136930465,0.36101083032490977
token_entropy (untrained),278,0.556,0.0901608392596244,0.3381294964028777,0.556,0.0679533556103706,0.3597122302158273
token_entropy (untrained),279,0.558,0.090460292994976,0.34050179211469533,0.558,0.0677433684468269,0.35842293906810035
token_entropy (untrained),280,0.56,0.0905059874057769,0.3392857142857143,0.56,0.0672488883137703,0.3607142857142857
token_entropy (untrained),281,0.562,0.0918585881590843,0.3416370106761566,0.562,0.0671161040663719,0.36298932384341637
token_entropy (untrained),282,0.564,0.0920612514019012,0.34397163120567376,0.564,0.06680678576231,0.3617021276595745
token_entropy (untrained),283,0.566,0.0922219306230545,0.3462897526501767,0.566,0.0665765181183815,0.36042402826855124
token_entropy (untrained),284,0.568,0.0923727750778198,0.34507042253521125,0.568,0.0662470757961273,0.3626760563380282
token_entropy (untrained),285,0.57,0.092602401971817,0.34385964912280703,0.57,0.0659851804375648,0.36140350877192984
token_entropy (untrained),286,0.572,0.0944650173187255,0.34265734265734266,0.572,0.0658261701464653,0.36363636363636365
token_entropy (untrained),287,0.574,0.0945360958576202,0.34146341463414637,0.574,0.0652205869555473,0.3623693379790941
token_entropy (untrained),288,0.576,0.0951970070600509,0.34375,0.576,0.0647355020046234,0.3645833333333333
token_entropy (untrained),289,0.578,0.0954039394855499,0.34256055363321797,0.578,0.064317412674427,0.36678200692041524
token_entropy (untrained),290,0.58,0.0954323858022689,0.3448275862068966,0.58,0.0636189430952072,0.36551724137931035
token_entropy (untrained),291,0.582,0.0957993641495704,0.3436426116838488,0.582,0.0622692555189132,0.36769759450171824
token_entropy (untrained),292,0.584,0.0961663872003555,0.3458904109589041,0.584,0.0620627403259277,0.3698630136986301
token_entropy (untrained),293,0.586,0.0964463055133819,0.34812286689419797,0.586,0.061879426240921,0.36860068259385664
token_entropy (untrained),294,0.588,0.0967627614736557,0.3469387755102041,0.588,0.0614181831479072,0.3673469387755102
token_entropy (untrained),295,0.59,0.0973367914557457,0.34915254237288135,0.59,0.0607166364789009,0.3694915254237288
token_entropy (untrained),296,0.592,0.0980131402611732,0.35135135135135137,0.592,0.0605823993682861,0.36824324324324326
token_entropy (untrained),297,0.594,0.0985165983438491,0.35353535353535354,0.594,0.0595521852374076,0.37037037037037035
token_entropy (untrained),298,0.596,0.098781019449234,0.3523489932885906,0.596,0.0590875819325447,0.3691275167785235
token_entropy (untrained),299,0.598,0.0988137573003768,0.35451505016722407,0.598,0.0589869208633899,0.3712374581939799
token_entropy (untrained),300,0.6,0.0988536849617958,0.3566666666666667,0.6,0.0575447380542755,0.37333333333333335
token_entropy (untrained),301,0.602,0.0989704132080078,0.3554817275747508,0.602,0.0574927851557731,0.3754152823920266
token_entropy (untrained),302,0.604,0.0990849286317825,0.3576158940397351,0.604,0.0571715533733367,0.3741721854304636
token_entropy (untrained),303,0.606,0.0991176068782806,0.35973597359735976,0.606,0.0569023415446281,0.37623762376237624
token_entropy (untrained),304,0.608,0.0995033085346221,0.35855263157894735,0.608,0.0568715967237949,0.375
token_entropy (untrained),305,0.61,0.0995253026485443,0.36065573770491804,0.61,0.0568343698978424,0.3737704918032787
token_entropy (untrained),306,0.612,0.0996958911418914,0.35947712418300654,0.612,0.0567621551454067,0.3758169934640523
token_entropy (untrained),307,0.614,0.0998170003294944,0.36156351791530944,0.614,0.0559456050395965,0.3745928338762215
token_entropy (untrained),308,0.616,0.100045345723629,0.36038961038961037,0.616,0.0558692552149295,0.37662337662337664
token_entropy (untrained),309,0.618,0.100520022213459,0.36245954692556637,0.618,0.0554058365523815,0.37540453074433655
token_entropy (untrained),310,0.62,0.1007508933544159,0.36129032258064514,0.62,0.0553902201354503,0.3741935483870968
token_entropy (untrained),311,0.622,0.1019216179847717,0.3633440514469453,0.622,0.0551136881113052,0.3729903536977492
token_entropy (untrained),312,0.624,0.1032580286264419,0.36538461538461536,0.624,0.0550443120300769,0.3717948717948718
token_entropy (untrained),313,0.626,0.1038262173533439,0.36741214057507987,0.626,0.0546151399612426,0.3706070287539936
token_entropy (untrained),314,0.628,0.1039835959672927,0.36942675159235666,0.628,0.0543634630739688,0.37261146496815284
token_entropy (untrained),315,0.63,0.1041045188903808,0.3682539682539683,0.63,0.0541810654103755,0.37142857142857144
token_entropy (untrained),316,0.632,0.1049483492970466,0.370253164556962,0.632,0.0540198534727096,0.370253164556962
token_entropy (untrained),317,0.634,0.1053274348378181,0.3722397476340694,0.634,0.0539015084505081,0.3722397476340694
token_entropy (untrained),318,0.636,0.1057397797703743,0.3710691823899371,0.636,0.0534118972718715,0.3742138364779874
token_entropy (untrained),319,0.638,0.1057861745357513,0.36990595611285265,0.638,0.053337424993515,0.3761755485893417
token_entropy (untrained),320,0.64,0.1063838973641395,0.36875,0.64,0.0532367639243602,0.378125
token_entropy (untrained),321,0.642,0.107211597263813,0.3707165109034268,0.642,0.052607487887144,0.38006230529595014
token_entropy (untrained),322,0.644,0.1077754199504852,0.37267080745341613,0.644,0.0523655004799366,0.38198757763975155
token_entropy (untrained),323,0.646,0.1080346032977104,0.3746130030959752,0.646,0.0519853010773658,0.38080495356037153
token_entropy (untrained),324,0.648,0.108174480497837,0.3765432098765432,0.648,0.0502081476151943,0.37962962962962965
token_entropy (untrained),325,0.65,0.1092874705791473,0.37846153846153846,0.65,0.0501645281910896,0.37846153846153846
token_entropy (untrained),326,0.652,0.1093297898769378,0.3803680981595092,0.652,0.0498211793601512,0.3803680981595092
token_entropy (untrained),327,0.654,0.1093811243772506,0.382262996941896,0.654,0.0497168898582458,0.382262996941896
token_entropy (untrained),328,0.656,0.1098144501447677,0.38414634146341464,0.656,0.0497110672295093,0.38414634146341464
token_entropy (untrained),329,0.658,0.110556460916996,0.3860182370820669,0.658,0.049479953944683,0.3829787234042553
token_entropy (untrained),330,0.66,0.1107338964939117,0.38484848484848483,0.66,0.0491300895810127,0.38484848484848483
token_entropy (untrained),331,0.662,0.1114875227212905,0.38368580060422963,0.662,0.0490019582211971,0.38368580060422963
token_entropy (untrained),332,0.664,0.1118075549602508,0.3825301204819277,0.664,0.0489101745188236,0.3855421686746988
token_entropy (untrained),333,0.666,0.1135471612215042,0.3813813813813814,0.666,0.0488838404417037,0.38738738738738737
token_entropy (untrained),334,0.668,0.1135836988687515,0.38323353293413176,0.668,0.048876728862524,0.38922155688622756
token_entropy (untrained),335,0.67,0.1137233898043632,0.382089552238806,0.67,0.0469551496207714,0.3880597014925373
token_entropy (untrained),336,0.672,0.1141046732664108,0.38392857142857145,0.672,0.0466773100197315,0.3869047619047619
token_entropy (untrained),337,0.674,0.1142855137586593,0.3827893175074184,0.674,0.0464648492634296,0.3857566765578635
token_entropy (untrained),338,0.676,0.1147631630301475,0.38461538461538464,0.676,0.0462985187768936,0.38461538461538464
token_entropy (untrained),339,0.678,0.1158451437950134,0.3834808259587021,0.678,0.0457254163920879,0.3864306784660767
token_entropy (untrained),340,0.68,0.1159697398543357,0.38235294117647056,0.68,0.045715857297182,0.38529411764705884
token_entropy (untrained),341,0.682,0.116300880908966,0.3841642228739003,0.682,0.0455972403287887,0.3841642228739003
token_entropy (untrained),342,0.684,0.1178776398301124,0.3830409356725146,0.684,0.045570645481348,0.38596491228070173
token_entropy (untrained),343,0.686,0.1179906874895095,0.3819241982507289,0.686,0.0447064824402332,0.3877551020408163
token_entropy (untrained),344,0.688,0.118212305009365,0.38372093023255816,0.688,0.0442188717424869,0.3866279069767442
token_entropy (untrained),345,0.69,0.1185934096574783,0.3826086956521739,0.69,0.0442168228328228,0.3884057971014493
token_entropy (untrained),346,0.692,0.1187027543783187,0.38439306358381503,0.692,0.0440224595367908,0.3872832369942196
token_entropy (untrained),347,0.694,0.1188902035355568,0.3861671469740634,0.694,0.0439823493361473,0.3861671469740634
token_entropy (untrained),348,0.696,0.1213677749037742,0.3850574712643678,0.696,0.0437380671501159,0.3850574712643678
token_entropy (untrained),349,0.698,0.122177705168724,0.3839541547277937,0.698,0.0435525365173816,0.3839541547277937
token_entropy (untrained),350,0.7,0.1229194998741149,0.38285714285714284,0.7,0.0435089506208896,0.38571428571428573
token_entropy (untrained),351,0.702,0.1232251971960067,0.38461538461538464,0.702,0.0427656881511211,0.38746438746438744
token_entropy (untrained),352,0.704,0.123665876686573,0.38636363636363635,0.704,0.0426955334842205,0.38636363636363635
token_entropy (untrained),353,0.706,0.1239587292075157,0.3881019830028329,0.706,0.0424924232065677,0.3881019830028329
token_entropy (untrained),354,0.708,0.1245533525943756,0.3898305084745763,0.708,0.0423952788114547,0.3870056497175141
token_entropy (untrained),355,0.71,0.1247704476118087,0.38873239436619716,0.71,0.0403352528810501,0.38873239436619716
token_entropy (untrained),356,0.712,0.1253278255462646,0.38764044943820225,0.712,0.0402868650853633,0.3904494382022472
token_entropy (untrained),357,0.714,0.1262241154909134,0.3865546218487395,0.714,0.040114302188158,0.38935574229691877
token_entropy (untrained),358,0.716,0.1264565587043762,0.3854748603351955,0.716,0.039709560573101,0.39106145251396646
token_entropy (untrained),359,0.718,0.1266964375972747,0.3871866295264624,0.718,0.0391728430986404,0.39275766016713093
token_entropy (untrained),360,0.72,0.1273452490568161,0.3861111111111111,0.72,0.0379174910485744,0.39444444444444443
token_entropy (untrained),361,0.722,0.1277323216199875,0.3850415512465374,0.722,0.0374525599181652,0.3961218836565097
token_entropy (untrained),362,0.724,0.1280119866132736,0.3839779005524862,0.724,0.036977831274271,0.39779005524861877
token_entropy (untrained),363,0.726,0.128224715590477,0.38292011019283745,0.726,0.0368537791073322,0.39669421487603307
token_entropy (untrained),364,0.728,0.1284364312887191,0.38461538461538464,0.728,0.0367584750056266,0.3983516483516483
token_entropy (untrained),365,0.73,0.1284793317317962,0.3835616438356164,0.73,0.0366577431559562,0.4
token_entropy (untrained),366,0.732,0.1291187852621078,0.38524590163934425,0.732,0.036610472947359,0.4016393442622951
token_entropy (untrained),367,0.734,0.1292952597141266,0.38419618528610355,0.734,0.0355175733566284,0.4032697547683924
token_entropy (untrained),368,0.736,0.1303764134645462,0.38315217391304346,0.736,0.034984316676855,0.4048913043478261
token_entropy (untrained),369,0.738,0.1307156383991241,0.38482384823848237,0.738,0.0349636450409889,0.4037940379403794
token_entropy (untrained),370,0.74,0.1309693902730941,0.3864864864864865,0.74,0.0338463857769966,0.4027027027027027
token_entropy (untrained),371,0.742,0.131132885813713,0.38544474393531,0.742,0.0319916754961013,0.40431266846361186
token_entropy (untrained),372,0.744,0.1319490224123001,0.3870967741935484,0.744,0.0310311913490295,0.40591397849462363
token_entropy (untrained),373,0.746,0.1330192387104034,0.38605898123324395,0.746,0.0294002536684274,0.40482573726541554
token_entropy (untrained),374,0.748,0.1342333406209945,0.3877005347593583,0.748,0.0291913021355867,0.40641711229946526
token_entropy (untrained),375,0.75,0.1346226930618286,0.38666666666666666,0.75,0.0281575266271829,0.408
token_entropy (untrained),376,0.752,0.1349019706249237,0.3882978723404255,0.752,0.0280654989182949,0.40691489361702127
token_entropy (untrained),377,0.754,0.1349603682756424,0.38992042440318303,0.754,0.0276675447821617,0.40583554376657827
token_entropy (untrained),378,0.756,0.1361961662769317,0.3915343915343915,0.756,0.0276303123682737,0.4074074074074074
token_entropy (untrained),379,0.758,0.1368145793676376,0.39050131926121373,0.758,0.0266391802579164,0.40897097625329815
token_entropy (untrained),380,0.76,0.1369015723466873,0.3894736842105263,0.76,0.0260689426213502,0.4105263157894737
token_entropy (untrained),381,0.762,0.137436494231224,0.3884514435695538,0.762,0.025710416957736,0.4094488188976378
token_entropy (untrained),382,0.764,0.1375100761651992,0.3900523560209424,0.764,0.0246470533311367,0.4083769633507853
token_entropy (untrained),383,0.766,0.1379324942827224,0.38903394255874674,0.766,0.0244421549141407,0.4073107049608355
token_entropy (untrained),384,0.768,0.1390812546014785,0.3880208333333333,0.768,0.0224349945783615,0.40625
token_entropy (untrained),385,0.77,0.1391541510820388,0.38701298701298703,0.77,0.0224039144814014,0.4077922077922078
token_entropy (untrained),386,0.772,0.139189526438713,0.38860103626943004,0.772,0.0212921313941478,0.40932642487046633
token_entropy (untrained),387,0.774,0.1397990137338638,0.39018087855297157,0.774,0.021249059587717,0.4082687338501292
token_entropy (untrained),388,0.776,0.1400536745786667,0.3917525773195876,0.776,0.0201415214687585,0.4072164948453608
token_entropy (untrained),389,0.778,0.1427882760763168,0.39331619537275064,0.778,0.0194660760462284,0.4087403598971722
token_entropy (untrained),390,0.78,0.1428867578506469,0.39487179487179486,0.78,0.0193644296377897,0.4076923076923077
token_entropy (untrained),391,0.782,0.1433930695056915,0.3938618925831202,0.782,0.0190661586821079,0.4092071611253197
token_entropy (untrained),392,0.784,0.1439081579446792,0.39285714285714285,0.784,0.018431432545185,0.4107142857142857
token_entropy (untrained),393,0.786,0.1460068523883819,0.3944020356234097,0.786,0.0180282108485698,0.4122137404580153
token_entropy (untrained),394,0.788,0.1465943604707718,0.3934010152284264,0.788,0.0179615393280982,0.4137055837563452
token_entropy (untrained),395,0.79,0.1470308899879455,0.3949367088607595,0.79,0.0178788620978593,0.4151898734177215
token_entropy (untrained),396,0.792,0.1478281319141388,0.39646464646464646,0.792,0.0171979591250419,0.4166666666666667
token_entropy (untrained),397,0.794,0.1481262445449829,0.3954659949622166,0.794,0.0162452720105648,0.4181360201511335
token_entropy (untrained),398,0.796,0.1490373611450195,0.3969849246231156,0.796,0.0142614189535379,0.41959798994974873
token_entropy (untrained),399,0.798,0.1495526283979416,0.39598997493734334,0.798,0.0133649678900837,0.42105263157894735
token_entropy (untrained),400,0.8,0.1496418118476867,0.3975,0.8,0.0133595466613769,0.4225
token_entropy (untrained),401,0.802,0.1499001383781433,0.39900249376558605,0.802,0.0133028710260987,0.4239401496259352
token_entropy (untrained),402,0.804,0.1504973620176315,0.40049751243781095,0.804,0.0124805616214871,0.4253731343283582
token_entropy (untrained),403,0.806,0.1516452878713607,0.39950372208436724,0.806,0.0110633969306945,0.4267990074441687
token_entropy (untrained),404,0.808,0.1529252231121063,0.39851485148514854,0.808,0.010316215455532,0.42574257425742573
token_entropy (untrained),405,0.81,0.1532778143882751,0.4,0.81,0.0096511682495474,0.4246913580246914
token_entropy (untrained),406,0.812,0.1537663489580154,0.4014778325123153,0.812,0.0094129685312509,0.42610837438423643
token_entropy (untrained),407,0.814,0.1538064181804657,0.40294840294840295,0.814,0.0086189582943916,0.4275184275184275
token_entropy (untrained),408,0.816,0.1543710976839065,0.40441176470588236,0.816,0.0082423463463783,0.42892156862745096
token_entropy (untrained),409,0.818,0.1552443951368332,0.4034229828850856,0.818,0.0072857770137488,0.43031784841075793
token_entropy (untrained),410,0.82,0.1553961038589477,0.40487804878048783,0.82,0.0072086220607161,0.4317073170731707
token_entropy (untrained),411,0.822,0.1554050743579864,0.40632603406326034,0.822,0.0071249199099838,0.43309002433090027
token_entropy (untrained),412,0.824,0.1566005051136016,0.4077669902912621,0.824,0.0068349391222,0.4344660194174757
token_entropy (untrained),413,0.826,0.1578184515237808,0.4067796610169492,0.826,0.0067980233579874,0.43341404358353514
token_entropy (untrained),414,0.828,0.1578381806612014,0.4057971014492754,0.828,0.0062168817967176,0.43478260869565216
token_entropy (untrained),415,0.83,0.1584752947092056,0.4072289156626506,0.83,0.0061098458245396,0.43614457831325304
token_entropy (untrained),416,0.832,0.1609493196010589,0.40625,0.832,0.0056993537582457,0.43509615384615385
token_entropy (untrained),417,0.834,0.1613505631685257,0.407673860911271,0.834,0.0050821839831769,0.4364508393285372
token_entropy (untrained),418,0.836,0.1617886126041412,0.4090909090909091,0.836,0.0036186601500958,0.43779904306220097
token_entropy (untrained),419,0.838,0.1637072712182998,0.4105011933174224,0.838,0.0033241640776395,0.43914081145584727
token_entropy (untrained),420,0.84,0.1641612201929092,0.4095238095238095,0.84,0.0033149060327559,0.4380952380952381
token_entropy (untrained),421,0.842,0.1651626378297805,0.4085510688836104,0.842,0.0032111664768308,0.43942992874109266
token_entropy (untrained),422,0.844,0.1656419038772583,0.4099526066350711,0.844,0.0030368971638381,0.44075829383886256
token_entropy (untrained),423,0.846,0.1661109328269958,0.408983451536643,0.846,0.0026498853694647,0.44208037825059104
token_entropy (untrained),424,0.848,0.1670363247394561,0.41037735849056606,0.848,0.002252438571304,0.44339622641509435
token_entropy (untrained),425,0.85,0.1678727716207504,0.4117647058823529,0.85,0.0022119893692433,0.4447058823529412
token_entropy (untrained),426,0.852,0.1685550063848495,0.4131455399061033,0.852,0.0021727811545133,0.4460093896713615
token_entropy (untrained),427,0.854,0.1697172820568084,0.41451990632318503,0.854,0.00216123345308,0.44730679156908665
token_entropy (untrained),428,0.856,0.1698334217071533,0.4158878504672897,0.856,0.0021612332202494,0.4485981308411215
token_entropy (untrained),429,0.858,0.1704997420310974,0.4172494172494173,0.858,0.0020034816116094,0.44988344988344986
token_entropy (untrained),430,0.86,0.1715734899044037,0.4186046511627907,0.86,0.0015902362065389,0.4511627906976744
token_entropy (untrained),431,0.862,0.1718259453773498,0.419953596287703,0.862,0.0012856860412284,0.45243619489559167
token_entropy (untrained),432,0.864,0.1718785464763641,0.4212962962962963,0.864,0.0012252131709828,0.4537037037037037
token_entropy (untrained),433,0.866,0.1720002144575119,0.4226327944572748,0.866,0.0011795380851253,0.45496535796766746
token_entropy (untrained),434,0.868,0.1735410988330841,0.4216589861751152,0.868,0.0011756618041545,0.45622119815668205
token_entropy (untrained),435,0.87,0.1741711050271988,0.42298850574712643,0.87,0.0011537045938894,0.4574712643678161
token_entropy (untrained),436,0.872,0.1745030879974365,0.4243119266055046,0.872,0.0010773405665531,0.45871559633027525
token_entropy (untrained),437,0.874,0.1747374534606933,0.425629290617849,0.874,0.000836530001834,0.459954233409611
token_entropy (untrained),438,0.876,0.1751160025596618,0.4246575342465753,0.876,0.0007697922410443,0.4611872146118721
token_entropy (untrained),439,0.878,0.1757006049156189,0.42596810933940776,0.878,0.0007351635140366,0.4601366742596811
token_entropy (untrained),440,0.88,0.1758542954921722,0.42727272727272725,0.88,0.0007082929369062,0.46136363636363636
token_entropy (untrained),441,0.882,0.1758620589971542,0.42630385487528344,0.882,0.0005660210736095,0.46258503401360546
token_entropy (untrained),442,0.884,0.1765019297599792,0.4276018099547511,0.884,0.000554961618036,0.4638009049773756
token_entropy (untrained),443,0.886,0.1772183328866958,0.4288939051918736,0.886,0.0005171636585146,0.4650112866817156
token_entropy (untrained),444,0.888,0.1781673282384872,0.42792792792792794,0.888,0.0004934953758493,0.46396396396396394
token_entropy (untrained),445,0.89,0.1782009750604629,0.42921348314606744,0.89,0.0004607595910783,0.4651685393258427
token_entropy (untrained),446,0.892,0.1785769611597061,0.4304932735426009,0.892,0.0004326603375375,0.4663677130044843
token_entropy (untrained),447,0.894,0.1794058233499527,0.4317673378076063,0.894,0.0004131066671106,0.46756152125279643
token_entropy (untrained),448,0.896,0.1803415566682815,0.4330357142857143,0.896,0.0003884480975102,0.46875
token_entropy (untrained),449,0.898,0.1833514869213104,0.43429844097995546,0.898,0.0003709380980581,0.46993318485523383
token_entropy (untrained),450,0.9,0.1856495141983032,0.43555555555555553,0.9,0.0003636402834672,0.4711111111111111
token_entropy (untrained),451,0.902,0.1865237057209015,0.43680709534368073,0.902,0.0003085538337472,0.4722838137472284
token_entropy (untrained),452,0.904,0.1876531690359115,0.4358407079646018,0.904,0.0002671428665053,0.47345132743362833
token_entropy (untrained),453,0.906,0.1898160278797149,0.4370860927152318,0.906,0.0002472733613103,0.4746136865342163
token_entropy (untrained),454,0.908,0.1903712302446365,0.43832599118942733,0.908,0.0002468952734488,0.47577092511013214
token_entropy (untrained),455,0.91,0.1911908835172653,0.43956043956043955,0.91,0.0002259379834868,0.4747252747252747
token_entropy (untrained),456,0.912,0.1927991062402725,0.4407894736842105,0.912,0.0002180082228733,0.47368421052631576
token_entropy (untrained),457,0.914,0.1937731653451919,0.4420131291028446,0.914,0.0001946278498508,0.474835886214442
token_entropy (untrained),458,0.916,0.1949913501739502,0.4432314410480349,0.916,0.0001878411858342,0.4759825327510917
token_entropy (untrained),459,0.918,0.19746133685112,0.4444444444444444,0.918,0.000170492043253,0.477124183006536
token_entropy (untrained),460,0.92,0.1989519149065017,0.44565217391304346,0.92,0.0001700542634353,0.4782608695652174
token_entropy (untrained),461,0.922,0.1989839673042297,0.44685466377440347,0.922,0.0001662128634052,0.4793926247288503
token_entropy (untrained),462,0.924,0.2009164839982986,0.44805194805194803,0.924,0.0001416075829183,0.4805194805194805
token_entropy (untrained),463,0.926,0.2015908807516098,0.4470842332613391,0.926,0.0001388799864798,0.4794816414686825
token_entropy (untrained),464,0.928,0.2021380215883255,0.4482758620689655,0.928,0.0001339880691375,0.48060344827586204
token_entropy (untrained),465,0.93,0.2025217562913894,0.44946236559139785,0.93,0.0001287348568439,0.4817204301075269
token_entropy (untrained),466,0.932,0.2027762830257415,0.45064377682403434,0.932,0.0001284055470023,0.48283261802575106
token_entropy (untrained),467,0.934,0.2045612335205078,0.4518201284796574,0.934,0.0001266871840925,0.48394004282655245
token_entropy (untrained),468,0.936,0.20463228225708,0.452991452991453,0.936,0.0001234662631759,0.48504273504273504
token_entropy (untrained),469,0.938,0.205474242568016,0.4541577825159915,0.938,9.527441579848528e-05,0.4861407249466951
token_entropy (untrained),470,0.94,0.2058959454298019,0.4553191489361702,0.94,9.405179298482837e-05,0.48723404255319147
token_entropy (untrained),471,0.942,0.2110145688056945,0.4564755838641189,0.942,8.56347251101397e-05,0.4883227176220807
token_entropy (untrained),472,0.944,0.2124083638191223,0.4576271186440678,0.944,7.61515402700752e-05,0.4872881355932203
token_entropy (untrained),473,0.946,0.2148846685886383,0.45665961945031713,0.946,7.570834713988006e-05,0.4883720930232558
token_entropy (untrained),474,0.948,0.2154594957828521,0.4578059071729958,0.948,7.514199387514964e-05,0.4873417721518987
token_entropy (untrained),475,0.95,0.2161229997873306,0.4589473684210526,0.95,7.093267049640417e-05,0.4884210526315789
token_entropy (untrained),476,0.952,0.2171351462602615,0.46008403361344535,0.952,6.987881351960823e-05,0.4894957983193277
token_entropy (untrained),477,0.954,0.2173445671796798,0.4612159329140461,0.954,6.757854134775698e-05,0.49056603773584906
token_entropy (untrained),478,0.956,0.2199826538562774,0.46234309623430964,0.956,6.654273602180183e-05,0.4916317991631799
token_entropy (untrained),479,0.958,0.2205250412225723,0.46346555323590816,0.958,6.0589540225919336e-05,0.49269311064718163
token_entropy (untrained),480,0.96,0.2248436510562896,0.46458333333333335,0.96,5.900954784010537e-05,0.49375
token_entropy (untrained),481,0.962,0.2260951697826385,0.4656964656964657,0.962,5.8863210142590106e-05,0.49480249480249483
token_entropy (untrained),482,0.964,0.226529449224472,0.46680497925311204,0.964,4.821068068849854e-05,0.495850622406639
token_entropy (untrained),483,0.966,0.2267544269561767,0.46790890269151136,0.966,4.684576197178103e-05,0.4968944099378882
token_entropy (untrained),484,0.968,0.2287941575050354,0.4690082644628099,0.968,4.6166755055310205e-05,0.49793388429752067
token_entropy (untrained),485,0.97,0.2295037806034088,0.47010309278350515,0.97,4.561652531265281e-05,0.49896907216494846
token_entropy (untrained),486,0.972,0.2358084022998809,0.4711934156378601,0.972,3.931972969439812e-05,0.5
token_entropy (untrained),487,0.974,0.2449571788311004,0.4722792607802875,0.974,3.8458591006929055e-05,0.5010266940451745
token_entropy (untrained),488,0.976,0.2450061589479446,0.4733606557377049,0.976,3.8292069802992046e-05,0.5020491803278688
token_entropy (untrained),489,0.978,0.2462010085582733,0.47443762781186094,0.978,3.749264942598529e-05,0.5030674846625767
token_entropy (untrained),490,0.98,0.2504720389842987,0.47551020408163264,0.98,3.6636865843320265e-05,0.5040816326530613
token_entropy (untrained),491,0.982,0.2511873245239258,0.47657841140529533,0.982,3.38867430400569e-05,0.505091649694501
token_entropy (untrained),492,0.984,0.2536208927631378,0.47764227642276424,0.984,3.233498864574358e-05,0.5060975609756098
token_entropy (untrained),493,0.986,0.2573263049125671,0.4787018255578093,0.986,3.171667776769027e-05,0.5070993914807302
token_entropy (untrained),494,0.988,0.2663731276988983,0.4797570850202429,0.988,3.155645026708953e-05,0.5080971659919028
token_entropy (untrained),495,0.99,0.2670956254005432,0.4808080808080808,0.99,2.912862146331463e-05,0.509090909090909
token_entropy (untrained),496,0.992,0.2674278914928436,0.48185483870967744,0.992,2.5612293029553257e-05,0.5100806451612904
token_entropy (untrained),497,0.994,0.2750801146030426,0.482897384305835,0.994,2.4210623450926505e-05,0.5110663983903421
token_entropy (untrained),498,0.996,0.2787336707115173,0.4839357429718876,0.996,2.3135165974963456e-05,0.5120481927710844
token_entropy (untrained),499,0.998,0.2842333018779754,0.4849699398797595,0.998,2.2519079720950685e-05,0.5130260521042084
token_entropy (untrained),500,1.0,0.2913436591625213,0.486,1.0,2.081553793686908e-05,0.514
context_action,1,0.002,0.0408645112698795,0.0,0.002,0.999929336569482,0.0
context_action,2,0.004,0.0408645112698795,0.0,0.004,0.9999137602482656,0.0
context_action,3,0.006,0.0473882892625039,0.0,0.006,0.999900775852587,0.0
context_action,4,0.008,0.0473882892625039,0.0,0.008,0.9992925198944308,0.0
context_action,5,0.01,0.0548939430048171,0.0,0.01,0.9990008736782022,0.0
context_action,6,0.012,0.0548939430048171,0.0,0.012,0.9988253728750288,0.0
context_action,7,0.014,0.0635091342149275,0.0,0.014,0.9977873575701884,0.0
context_action,8,0.016,0.0635091342149275,0.0,0.016,0.9973094244416656,0.0
context_action,9,0.018,0.0635091342149275,0.0,0.018,0.9972640245769012,0.0
context_action,10,0.02,0.0637525326606701,0.0,0.02,0.9967077949480998,0.0
context_action,11,0.022,0.0733714480453277,0.0,0.022,0.9964015735187474,0.0
context_action,12,0.024,0.0733714480453277,0.0,0.024,0.9953287592473196,0.0
context_action,13,0.026,0.0733714480453277,0.0,0.026,0.9941516224774984,0.0
context_action,14,0.028,0.0733714480453277,0.0,0.028,0.9932787259701188,0.0
context_action,15,0.03,0.0733714480453277,0.0,0.03,0.9925921723703572,0.0
context_action,16,0.032,0.0779399139288455,0.0,0.032,0.99181625170077,0.0
context_action,17,0.034,0.0801886461490295,0.0,0.034,0.9917266209587158,0.0
context_action,18,0.036,0.0846268806850577,0.0,0.036,0.9910557057607842,0.0
context_action,19,0.038,0.0846268806850577,0.0,0.038,0.9907591541149384,0.0
context_action,20,0.04,0.0846268806850577,0.0,0.04,0.990589384807611,0.0
context_action,21,0.042,0.0846268806850577,0.0,0.042,0.9895854818778208,0.0
context_action,22,0.044,0.0846268806850577,0.0,0.044,0.9853447870421248,0.0
context_action,23,0.046,0.0846268806850577,0.0,0.046,0.9836060759082598,0.0
context_action,24,0.048,0.0848645524570059,0.0,0.048,0.9816107725320672,0.0
context_action,25,0.05,0.0897865017853832,0.0,0.05,0.981328938990912,0.0
context_action,26,0.052,0.0931991305911263,0.0,0.052,0.9781402383943828,0.0
context_action,27,0.054,0.097427395269174,0.0,0.054,0.9775940893605642,0.0
context_action,28,0.056,0.097427395269174,0.0,0.056,0.9765061843599372,0.0
context_action,29,0.058,0.097427395269174,0.0,0.058,0.9756081661261264,0.034482758620689655
context_action,30,0.06,0.097427395269174,0.0,0.06,0.9750975366276072,0.03333333333333333
context_action,31,0.062,0.097427395269174,0.0,0.062,0.9617974625023104,0.03225806451612903
context_action,32,0.064,0.097427395269174,0.0,0.064,0.9596996527036332,0.03125
context_action,33,0.066,0.0977900663281249,0.0,0.066,0.9561780189627344,0.030303030303030304
context_action,34,0.068,0.0996822495045563,0.0,0.068,0.954889312260355,0.029411764705882353
context_action,35,0.07,0.1006404997243883,0.0,0.07,0.951572676909878,0.02857142857142857
context_action,36,0.072,0.1006404997243883,0.0,0.072,0.9508747535898634,0.027777777777777776
context_action,37,0.074,0.1086048565422664,0.0,0.074,0.9497442793978956,0.02702702702702703
context_action,38,0.076,0.1106806284115205,0.0,0.076,0.9494210779856544,0.02631578947368421
context_action,39,0.078,0.1119273463452801,0.0,0.078,0.9445179413686658,0.02564102564102564
context_action,40,0.08,0.112130611583563,0.0,0.08,0.9445167980390008,0.025
context_action,41,0.082,0.127923555478267,0.0,0.082,0.9340345805527062,0.024390243902439025
context_action,42,0.084,0.127923555478267,0.0,0.084,0.9326932240488818,0.023809523809523808
context_action,43,0.086,0.1282785928770393,0.0,0.086,0.924402767074314,0.023255813953488372
context_action,44,0.088,0.1282785928770393,0.0,0.088,0.9241342285966124,0.022727272727272728
context_action,45,0.09,0.1313867815861676,0.0,0.09,0.9229857824117254,0.022222222222222223
context_action,46,0.092,0.1466300777665191,0.021739130434782608,0.092,0.920499192506933,0.021739130434782608
context_action,47,0.094,0.1868542906435349,0.02127659574468085,0.094,0.9028645779020312,0.02127659574468085
context_action,48,0.096,0.1896194074850212,0.020833333333333332,0.096,0.9011692322001232,0.020833333333333332
context_action,49,0.098,0.194646456914333,0.04081632653061224,0.098,0.896356802978747,0.02040816326530612
context_action,50,0.1,0.194646456914333,0.04,0.1,0.8957371966735163,0.02
context_action,51,0.102,0.2115440831117381,0.0392156862745098,0.102,0.8947659376006288,0.0196078431372549
context_action,52,0.104,0.2115440831117381,0.038461538461538464,0.104,0.8947644148560441,0.019230769230769232
context_action,53,0.106,0.2200871833591764,0.03773584905660377,0.106,0.892253224361899,0.03773584905660377
context_action,54,0.108,0.2200871833591764,0.05555555555555555,0.108,0.8885546819015921,0.037037037037037035
context_action,55,0.11,0.2385392101519524,0.05454545454545454,0.11,0.8857740698310403,0.03636363636363636
context_action,56,0.112,0.2385392101519524,0.05357142857142857,0.112,0.8837674967938463,0.05357142857142857
context_action,57,0.114,0.2385392101519524,0.05263157894736842,0.114,0.8820793253762803,0.05263157894736842
context_action,58,0.116,0.2385392101519524,0.05172413793103448,0.116,0.8817922452017901,0.06896551724137931
context_action,59,0.118,0.2385392101519524,0.05084745762711865,0.118,0.8813434036477805,0.06779661016949153
context_action,60,0.12,0.2478298248298952,0.05,0.12,0.8812469453112991,0.06666666666666667
context_action,61,0.122,0.2478298248298952,0.06557377049180328,0.122,0.8794863416686531,0.06557377049180328
context_action,62,0.124,0.2678090976562451,0.06451612903225806,0.124,0.8783187770012989,0.06451612903225806
context_action,63,0.126,0.2678090976562451,0.06349206349206349,0.126,0.86699411233943,0.06349206349206349
context_action,64,0.128,0.2678090976562451,0.0625,0.128,0.8664911817113865,0.0625
context_action,65,0.13,0.2713723971553528,0.07692307692307693,0.13,0.864454241945834,0.06153846153846154
context_action,66,0.132,0.2778237775915875,0.09090909090909091,0.132,0.8596188642439088,0.07575757575757576
context_action,67,0.134,0.2778237775915875,0.1044776119402985,0.134,0.8582226823218755,0.07462686567164178
context_action,68,0.136,0.2778237775915875,0.11764705882352941,0.136,0.8563785242365137,0.08823529411764706
context_action,69,0.138,0.2778237775915875,0.11594202898550725,0.138,0.8540030349215693,0.08695652173913043
context_action,70,0.14,0.2778237775915875,0.12857142857142856,0.14,0.8531569763760954,0.1
context_action,71,0.142,0.282174256052408,0.1267605633802817,0.142,0.850180075174362,0.09859154929577464
context_action,72,0.144,0.282174256052408,0.125,0.144,0.8420292589711087,0.1111111111111111
context_action,73,0.146,0.2925115133943097,0.1232876712328767,0.146,0.8410059538037319,0.1095890410958904
context_action,74,0.148,0.2925115133943097,0.13513513513513514,0.148,0.8394609254303805,0.10810810810810811
context_action,75,0.15,0.2992590347617955,0.13333333333333333,0.15,0.8384241755615487,0.10666666666666667
context_action,76,0.152,0.2992590347617955,0.13157894736842105,0.152,0.835766663397545,0.10526315789473684
context_action,77,0.154,0.2992590347617955,0.12987012987012986,0.154,0.8326064615477341,0.1038961038961039
context_action,78,0.156,0.2992590347617955,0.1282051282051282,0.156,0.8298122768990028,0.10256410256410256
context_action,79,0.158,0.2992590347617955,0.12658227848101267,0.158,0.828180696634189,0.10126582278481013
context_action,80,0.16,0.2992590347617955,0.125,0.16,0.8277503577753941,0.1
context_action,81,0.162,0.2992590347617955,0.12345679012345678,0.162,0.8270861050112852,0.09876543209876543
context_action,82,0.164,0.3030675817503562,0.12195121951219512,0.164,0.8226498557433468,0.10975609756097561
context_action,83,0.166,0.3030675817503562,0.13253012048192772,0.166,0.8176743877176154,0.10843373493975904
context_action,84,0.168,0.3041411512337629,0.13095238095238096,0.168,0.8170750176174336,0.10714285714285714
context_action,85,0.17,0.3099519267754697,0.1411764705882353,0.17,0.8163408889668188,0.11764705882352941
context_action,86,0.172,0.3099519267754697,0.13953488372093023,0.172,0.8040179270966503,0.11627906976744186
context_action,87,0.174,0.310716999865985,0.14942528735632185,0.174,0.7989847101899051,0.12643678160919541
context_action,88,0.176,0.3132491699912407,0.14772727272727273,0.176,0.7977495448428197,0.125
context_action,89,0.178,0.3132491699912407,0.14606741573033707,0.178,0.7965087228417556,0.12359550561797752
context_action,90,0.18,0.3199314043629424,0.14444444444444443,0.18,0.7958861899054375,0.12222222222222222
context_action,91,0.182,0.3240988373045076,0.14285714285714285,0.182,0.7955057351165754,0.12087912087912088
context_action,92,0.184,0.3266883751260026,0.14130434782608695,0.184,0.7952622420162114,0.11956521739130435
context_action,93,0.186,0.3266883751260026,0.13978494623655913,0.186,0.7946368789519807,0.11827956989247312
context_action,94,0.188,0.3327239519703852,0.13829787234042554,0.188,0.7933819065095544,0.11702127659574468
context_action,95,0.19,0.3327239519703852,0.14736842105263157,0.19,0.7914888296284514,0.12631578947368421
context_action,96,0.192,0.3327239519703852,0.14583333333333334,0.192,0.7914888296284514,0.125
context_action,97,0.194,0.3327239519703852,0.14432989690721648,0.194,0.7876644402528484,0.13402061855670103
context_action,98,0.196,0.3367537220509999,0.15306122448979592,0.196,0.7828090850765336,0.1326530612244898
context_action,99,0.198,0.3367537220509999,0.15151515151515152,0.198,0.7783928392880853,0.13131313131313133
context_action,100,0.2,0.337774578171366,0.15,0.2,0.7770664488301818,0.13
context_action,101,0.202,0.3404183513780184,0.1485148514851485,0.202,0.7761470563493679,0.12871287128712872
context_action,102,0.204,0.3440255422225945,0.14705882352941177,0.204,0.7750968006040485,0.12745098039215685
context_action,103,0.206,0.3440255422225945,0.1553398058252427,0.206,0.7737257542739016,0.1262135922330097
context_action,104,0.208,0.3447173783410223,0.15384615384615385,0.208,0.7737257542739016,0.125
context_action,105,0.21,0.3473869868648861,0.1523809523809524,0.21,0.7723795983672901,0.12380952380952381
context_action,106,0.212,0.3473869868648861,0.1509433962264151,0.212,0.771027803895319,0.12264150943396226
context_action,107,0.214,0.3473869868648861,0.14953271028037382,0.214,0.7709622441703798,0.12149532710280374
context_action,108,0.216,0.3489118303607811,0.14814814814814814,0.216,0.7696703753995014,0.12037037037037036
context_action,109,0.218,0.3588012921319921,0.14678899082568808,0.218,0.7689895499132501,0.11926605504587157
context_action,110,0.22,0.3609122828907682,0.14545454545454545,0.22,0.7676236797092956,0.11818181818181818
context_action,111,0.222,0.3615197969500157,0.14414414414414414,0.222,0.760978275928891,0.11711711711711711
context_action,112,0.224,0.3615197969500157,0.14285714285714285,0.224,0.7570891053231164,0.11607142857142858
context_action,113,0.226,0.3615197969500157,0.1415929203539823,0.226,0.7564406421425893,0.12389380530973451
context_action,114,0.228,0.3658313084981902,0.14035087719298245,0.228,0.7531571802095653,0.13157894736842105
context_action,115,0.23,0.3679660243391948,0.1391304347826087,0.23,0.7505161964929169,0.13043478260869565
context_action,116,0.232,0.3679660243391948,0.13793103448275862,0.232,0.75010232875504,0.13793103448275862
context_action,117,0.234,0.3679660243391948,0.13675213675213677,0.234,0.7470405335692973,0.13675213675213677
context_action,118,0.236,0.3679660243391948,0.13559322033898305,0.236,0.743497885447308,0.13559322033898305
context_action,119,0.238,0.3686789461248039,0.13445378151260504,0.238,0.743497885447308,0.13445378151260504
context_action,120,0.24,0.3686789461248039,0.13333333333333333,0.24,0.7431416521821693,0.13333333333333333
context_action,121,0.242,0.3721845539102328,0.14049586776859505,0.242,0.7388901072376378,0.1322314049586777
context_action,122,0.244,0.3721845539102328,0.13934426229508196,0.244,0.7383455215778798,0.13114754098360656
context_action,123,0.246,0.3721845539102328,0.13821138211382114,0.246,0.7359712704482463,0.13821138211382114
context_action,124,0.248,0.3732623465974698,0.13709677419354838,0.248,0.7349402086572148,0.14516129032258066
context_action,125,0.25,0.3758964010294007,0.136,0.25,0.7329785150463495,0.144
context_action,126,0.252,0.3797833633518176,0.1349206349206349,0.252,0.7305717846279567,0.14285714285714285
context_action,127,0.254,0.3797833633518176,0.14173228346456693,0.254,0.7300161890308745,0.14173228346456693
context_action,128,0.256,0.3831693934860517,0.140625,0.256,0.7292073846705573,0.140625
context_action,129,0.258,0.3831693934860517,0.13953488372093023,0.258,0.7290493381647251,0.13953488372093023
context_action,130,0.26,0.3831693934860517,0.13846153846153847,0.26,0.7248285057962007,0.13846153846153847
context_action,131,0.262,0.3832636892379452,0.13740458015267176,0.262,0.724464731132575,0.1450381679389313
context_action,132,0.264,0.3848795425183871,0.13636363636363635,0.264,0.7244492661299564,0.15151515151515152
context_action,133,0.266,0.3876976931204831,0.14285714285714285,0.266,0.7227028595697984,0.15037593984962405
context_action,134,0.268,0.3904950591949757,0.1417910447761194,0.268,0.7205671233887021,0.14925373134328357
context_action,135,0.27,0.3929193631827883,0.14074074074074075,0.27,0.7182412764461938,0.14814814814814814
context_action,136,0.272,0.395054486047493,0.13970588235294118,0.272,0.7167409656990158,0.15441176470588236
context_action,137,0.274,0.3978772250561782,0.145985401459854,0.274,0.7159614247008071,0.15328467153284672
context_action,138,0.276,0.3980029520100568,0.14492753623188406,0.276,0.7151805908863449,0.15942028985507245
context_action,139,0.278,0.3984503867114794,0.1510791366906475,0.278,0.713786308552848,0.16546762589928057
context_action,140,0.28,0.4012386155114691,0.15714285714285714,0.28,0.7136150550036893,0.17142857142857143
context_action,141,0.282,0.4024591213595438,0.15602836879432624,0.282,0.7136150550036893,0.1702127659574468
context_action,142,0.284,0.4035361429569375,0.1619718309859155,0.284,0.7122884815892135,0.16901408450704225
context_action,143,0.286,0.4046771117340675,0.16083916083916083,0.286,0.7119242943842349,0.17482517482517482
context_action,144,0.288,0.4046771117340675,0.1597222222222222,0.288,0.7079299051831888,0.1736111111111111
context_action,145,0.29,0.405299321089247,0.16551724137931034,0.29,0.7065029834848772,0.1724137931034483
context_action,146,0.292,0.4082354077513882,0.17123287671232876,0.292,0.7033147396158193,0.17123287671232876
context_action,147,0.294,0.4082354077513882,0.17006802721088435,0.294,0.7009075416071403,0.17006802721088435
context_action,148,0.296,0.4090441306484499,0.17567567567567569,0.296,0.7007254167630814,0.17567567567567569
context_action,149,0.298,0.4090441306484499,0.174496644295302,0.298,0.6991172559337527,0.18120805369127516
context_action,150,0.3,0.4099085023527123,0.18,0.3,0.6991138541459959,0.18
context_action,151,0.302,0.4108063746216052,0.17880794701986755,0.302,0.6990594519720607,0.18543046357615894
context_action,152,0.304,0.4127649585074562,0.17763157894736842,0.304,0.6974973597595273,0.18421052631578946
context_action,153,0.306,0.4133822222270043,0.17647058823529413,0.306,0.6966872709884137,0.1830065359477124
context_action,154,0.308,0.4138350609444348,0.17532467532467533,0.308,0.6919737908574698,0.18181818181818182
context_action,155,0.31,0.4142706878118062,0.18064516129032257,0.31,0.6918191201623327,0.1870967741935484
context_action,156,0.312,0.4164164774002046,0.1858974358974359,0.312,0.6909825737442984,0.1858974358974359
context_action,157,0.314,0.420270930737095,0.18471337579617833,0.314,0.6901627885360129,0.1910828025477707
context_action,158,0.316,0.420270930737095,0.18354430379746836,0.316,0.6893418062998737,0.189873417721519
context_action,159,0.318,0.4221509811176859,0.18238993710691823,0.318,0.6885196304672035,0.18867924528301888
context_action,160,0.32,0.4221509811176859,0.18125,0.32,0.6878902642628362,0.19375
context_action,161,0.322,0.4237317630936766,0.18633540372670807,0.322,0.6860459761168014,0.19254658385093168
context_action,162,0.324,0.4237317630936766,0.18518518518518517,0.324,0.6852190607625555,0.19135802469135801
context_action,163,0.326,0.4249287173353812,0.1901840490797546,0.326,0.6843909693817463,0.1901840490797546
context_action,164,0.328,0.4249287173353812,0.1951219512195122,0.328,0.6843909693817463,0.18902439024390244
context_action,165,0.33,0.4278139578013892,0.2,0.33,0.6843909693817463,0.18787878787878787
context_action,166,0.332,0.4324929761162717,0.20481927710843373,0.332,0.6831744012424411,0.18674698795180722
context_action,167,0.334,0.4341486507758956,0.20359281437125748,0.334,0.6827168710967892,0.19161676646706588
context_action,168,0.336,0.4345121528898998,0.20833333333333334,0.336,0.6762305899903801,0.19642857142857142
context_action,169,0.338,0.4353906917586185,0.21301775147928995,0.338,0.6690961680649625,0.20118343195266272
context_action,170,0.34,0.4353906917586185,0.21764705882352942,0.34,0.667659415574392,0.2
context_action,171,0.342,0.438963733523975,0.21637426900584794,0.342,0.667659415574392,0.19883040935672514
context_action,172,0.344,0.442486608195423,0.21511627906976744,0.344,0.6667958264671875,0.19767441860465115
context_action,173,0.346,0.442486608195423,0.2138728323699422,0.346,0.6665429667556656,0.19653179190751446
context_action,174,0.348,0.442486608195423,0.21264367816091953,0.348,0.6656897147928579,0.19540229885057472
context_action,175,0.35,0.4429977224012218,0.21142857142857144,0.35,0.659727075615566,0.19428571428571428
context_action,176,0.352,0.4429977224012218,0.2159090909090909,0.352,0.6553037562097623,0.19318181818181818
context_action,177,0.354,0.4429977224012218,0.21468926553672316,0.354,0.6538140268276728,0.1977401129943503
context_action,178,0.356,0.4429977224012218,0.21910112359550563,0.356,0.6538140268276728,0.19662921348314608
context_action,179,0.358,0.4472509704866039,0.21787709497206703,0.358,0.6528982315463443,0.19553072625698323
context_action,180,0.36,0.45251353342959,0.21666666666666667,0.36,0.6527325262341837,0.19444444444444445
context_action,181,0.362,0.4570409423247341,0.22099447513812154,0.362,0.6504848732764241,0.19337016574585636
context_action,182,0.364,0.4570409423247341,0.21978021978021978,0.364,0.6500602620102118,0.19230769230769232
context_action,183,0.366,0.460330678473325,0.2185792349726776,0.366,0.6456350523782843,0.19672131147540983
context_action,184,0.368,0.4612188428230308,0.21739130434782608,0.368,0.6397031024185439,0.20108695652173914
context_action,185,0.37,0.4648293428471831,0.22162162162162163,0.37,0.6333805071743349,0.2
context_action,186,0.372,0.4659656846501858,0.22043010752688172,0.372,0.6329468418398818,0.1989247311827957
context_action,187,0.374,0.4713529486932945,0.2192513368983957,0.374,0.6325542333377635,0.20320855614973263
context_action,188,0.376,0.4718412047823767,0.22340425531914893,0.376,0.6325542333377635,0.20212765957446807
context_action,189,0.378,0.4728949032469236,0.2275132275132275,0.378,0.6297512910950291,0.20105820105820105
context_action,190,0.38,0.4763519435104063,0.22631578947368422,0.38,0.6269012227871334,0.20526315789473684
context_action,191,0.382,0.477863870023313,0.225130890052356,0.382,0.6259429023123156,0.20418848167539266
context_action,192,0.384,0.477863870023313,0.22395833333333334,0.384,0.6251048101235255,0.20833333333333334
context_action,193,0.386,0.4792236122346941,0.22279792746113988,0.386,0.6242053065527623,0.21243523316062177
context_action,194,0.388,0.4792236122346941,0.22164948453608246,0.388,0.622403731859811,0.211340206185567
context_action,195,0.39,0.4801811497536087,0.2205128205128205,0.39,0.6213903401617897,0.2153846153846154
context_action,196,0.392,0.4813643762204617,0.2193877551020408,0.392,0.6205987699337097,0.2193877551020408
context_action,197,0.394,0.4838664373494445,0.2182741116751269,0.394,0.6184453064361509,0.2182741116751269
context_action,198,0.396,0.4859502316697315,0.2222222222222222,0.396,0.618082933510953,0.2222222222222222
context_action,199,0.398,0.4861314789979374,0.22110552763819097,0.398,0.6163748976453848,0.22110552763819097
context_action,200,0.4,0.4865221129003727,0.225,0.4,0.6163534587789486,0.225
context_action,201,0.402,0.4868432345744202,0.22388059701492538,0.402,0.6159333143560896,0.22885572139303484
context_action,202,0.404,0.4891785496569037,0.22277227722772278,0.404,0.613345929661084,0.23267326732673269
context_action,203,0.406,0.4897633752697158,0.22167487684729065,0.406,0.613345929661084,0.2315270935960591
context_action,204,0.408,0.4920270006718993,0.22058823529411764,0.408,0.613345929661084,0.23529411764705882
context_action,205,0.41,0.4920270006718993,0.21951219512195122,0.41,0.6037295378745138,0.23902439024390243
context_action,206,0.412,0.4935987680932542,0.21844660194174756,0.412,0.6037295378745138,0.23786407766990292
context_action,207,0.414,0.4945577516809959,0.2222222222222222,0.414,0.6012490201692708,0.24154589371980675
context_action,208,0.416,0.4967985495244165,0.22115384615384615,0.416,0.6012451429945869,0.24519230769230768
context_action,209,0.418,0.4992806594137001,0.22488038277511962,0.418,0.6007353971497598,0.24401913875598086
context_action,210,0.42,0.4993421360337132,0.22380952380952382,0.42,0.5988152464818475,0.24285714285714285
context_action,211,0.422,0.4993421360337132,0.22274881516587677,0.422,0.5929591329443664,0.24170616113744076
context_action,212,0.424,0.5046580258277035,0.22169811320754718,0.424,0.5929591329443664,0.24528301886792453
context_action,213,0.426,0.5051247548772161,0.22065727699530516,0.426,0.5929387996883525,0.24413145539906103
context_action,214,0.428,0.5051247548772161,0.22429906542056074,0.428,0.5929387996883525,0.24766355140186916
context_action,215,0.43,0.5072427232121283,0.22790697674418606,0.43,0.5929387996883525,0.25116279069767444
context_action,216,0.432,0.5073156509576013,0.22685185185185186,0.432,0.5913733229361183,0.25
context_action,217,0.434,0.5074685352188668,0.22580645161290322,0.434,0.5910855263605924,0.2488479262672811
context_action,218,0.436,0.509298076436257,0.22477064220183487,0.436,0.5857940589515415,0.25229357798165136
context_action,219,0.438,0.509298076436257,0.228310502283105,0.438,0.5845789797217402,0.2557077625570776
context_action,220,0.44,0.5099728627014369,0.22727272727272727,0.44,0.5831521987573051,0.2590909090909091
context_action,221,0.442,0.5104394419355118,0.23076923076923078,0.442,0.582714431227477,0.26244343891402716
context_action,222,0.444,0.5104394419355118,0.22972972972972974,0.444,0.5810202910064466,0.26576576576576577
context_action,223,0.446,0.5129950131951078,0.23318385650224216,0.446,0.5810202910064466,0.26905829596412556
context_action,224,0.448,0.5152854459674229,0.23214285714285715,0.448,0.5810202910064466,0.26785714285714285
context_action,225,0.45,0.5161212768643879,0.2311111111111111,0.45,0.5810202910064466,0.26666666666666666
context_action,226,0.452,0.5165778391392497,0.23008849557522124,0.452,0.5781458126164232,0.26991150442477874
context_action,227,0.454,0.5165778391392497,0.2290748898678414,0.454,0.5758604530564078,0.27312775330396477
context_action,228,0.456,0.5165778391392497,0.2324561403508772,0.456,0.5753787425164191,0.27631578947368424
context_action,229,0.458,0.5169913197296496,0.2314410480349345,0.458,0.5742624158203876,0.27510917030567683
context_action,230,0.46,0.5170139600617735,0.23478260869565218,0.46,0.5734833886608541,0.27391304347826084
context_action,231,0.462,0.5170139600617735,0.23809523809523808,0.462,0.5722058323619458,0.2727272727272727
context_action,232,0.464,0.5179405178098819,0.23706896551724138,0.464,0.5705954171675469,0.27155172413793105
context_action,233,0.466,0.5179405178098819,0.23605150214592274,0.466,0.56844527418168,0.2703862660944206
context_action,234,0.468,0.520594576974447,0.23931623931623933,0.468,0.5659122001173346,0.27350427350427353
context_action,235,0.47,0.520594576974447,0.23829787234042554,0.47,0.5656196430160139,0.2723404255319149
context_action,236,0.472,0.5254335164316668,0.24152542372881355,0.472,0.5656196430160139,0.2754237288135593
context_action,237,0.474,0.5258990601881173,0.24050632911392406,0.474,0.5637128641982442,0.27848101265822783
context_action,238,0.476,0.5285491863848039,0.23949579831932774,0.476,0.5637128641982442,0.2773109243697479
context_action,239,0.478,0.5285491863848039,0.24267782426778242,0.478,0.5630120269832221,0.27615062761506276
context_action,240,0.48,0.5324177582438767,0.24166666666666667,0.48,0.5597231602847685,0.275
context_action,241,0.482,0.5324177582438767,0.24481327800829875,0.482,0.5571014307585049,0.27385892116182575
context_action,242,0.484,0.533844465742022,0.24793388429752067,0.484,0.5571014307585049,0.2768595041322314
context_action,243,0.486,0.533844465742022,0.25102880658436216,0.486,0.5553990646166204,0.27983539094650206
context_action,244,0.488,0.5364893231213328,0.2540983606557377,0.488,0.5550938359538092,0.2827868852459016
context_action,245,0.49,0.5380992386197699,0.2571428571428571,0.49,0.5550938359538092,0.2857142857142857
context_action,246,0.492,0.539132129137624,0.2601626016260163,0.492,0.5518485588161097,0.2845528455284553
context_action,247,0.494,0.5413091852198121,0.2591093117408907,0.494,0.5477600076681548,0.2834008097165992
context_action,248,0.496,0.5413091852198121,0.2620967741935484,0.496,0.54708140730872,0.2862903225806452
context_action,249,0.498,0.5421400150958202,0.26104417670682734,0.498,0.546584091808474,0.2891566265060241
context_action,250,0.5,0.5439478708682915,0.26,0.5,0.5459460214278161,0.288
context_action,251,0.502,0.5459460214278161,0.26294820717131473,0.502,0.5439478708682915,0.2908366533864542
context_action,252,0.504,0.546584091808474,0.2619047619047619,0.504,0.5421400150958202,0.29365079365079366
context_action,253,0.506,0.54708140730872,0.2608695652173913,0.506,0.5413091852198121,0.2964426877470356
context_action,254,0.508,0.5477600076681548,0.2637795275590551,0.508,0.5413091852198121,0.2952755905511811
context_action,255,0.51,0.5518485588161097,0.26666666666666666,0.51,0.539132129137624,0.29411764705882354
context_action,256,0.512,0.5550938359538092,0.265625,0.512,0.5380992386197699,0.29296875
context_action,257,0.514,0.5550938359538092,0.26459143968871596,0.514,0.5364893231213328,0.2918287937743191
context_action,258,0.516,0.5553990646166204,0.26356589147286824,0.516,0.533844465742022,0.29069767441860467
context_action,259,0.518,0.5571014307585049,0.26640926640926643,0.518,0.533844465742022,0.28957528957528955
context_action,260,0.52,0.5571014307585049,0.2653846153846154,0.52,0.5324177582438767,0.2923076923076923
context_action,261,0.522,0.5597231602847685,0.2681992337164751,0.522,0.5324177582438767,0.29118773946360155
context_action,262,0.524,0.5630120269832221,0.27099236641221375,0.524,0.5285491863848039,0.29389312977099236
context_action,263,0.526,0.5637128641982442,0.26996197718631176,0.526,0.5285491863848039,0.29277566539923955
context_action,264,0.528,0.5637128641982442,0.2727272727272727,0.528,0.5258990601881173,0.29545454545454547
context_action,265,0.53,0.5656196430160139,0.27547169811320754,0.53,0.5254335164316668,0.2943396226415094
context_action,266,0.532,0.5656196430160139,0.2744360902255639,0.532,0.520594576974447,0.2932330827067669
context_action,267,0.534,0.5659122001173346,0.27340823970037453,0.534,0.520594576974447,0.2958801498127341
context_action,268,0.536,0.56844527418168,0.27611940298507465,0.536,0.5179405178098819,0.29850746268656714
context_action,269,0.538,0.5705954171675469,0.2788104089219331,0.538,0.5179405178098819,0.30111524163568776
context_action,270,0.54,0.5722058323619458,0.2814814814814815,0.54,0.5170139600617735,0.3
context_action,271,0.542,0.5734833886608541,0.28413284132841327,0.542,0.5170139600617735,0.2988929889298893
context_action,272,0.544,0.5742624158203876,0.2867647058823529,0.544,0.5169913197296496,0.3014705882352941
context_action,273,0.546,0.5753787425164191,0.2857142857142857,0.546,0.5165778391392497,0.304029304029304
context_action,274,0.548,0.5758604530564078,0.2846715328467153,0.548,0.5165778391392497,0.30656934306569344
context_action,275,0.55,0.5781458126164232,0.28363636363636363,0.55,0.5165778391392497,0.3054545454545455
context_action,276,0.552,0.5810202910064466,0.2826086956521739,0.552,0.5161212768643879,0.3079710144927536
context_action,277,0.554,0.5810202910064466,0.2815884476534296,0.554,0.5152854459674229,0.3104693140794224
context_action,278,0.556,0.5810202910064466,0.2841726618705036,0.556,0.5129950131951078,0.30935251798561153
context_action,279,0.558,0.5810202910064466,0.2867383512544803,0.558,0.5104394419355118,0.30824372759856633
context_action,280,0.56,0.582714431227477,0.2857142857142857,0.56,0.5104394419355118,0.3107142857142857
context_action,281,0.562,0.5831521987573051,0.2846975088967972,0.562,0.5099728627014369,0.31316725978647686
context_action,282,0.564,0.5845789797217402,0.28368794326241137,0.564,0.509298076436257,0.31560283687943264
context_action,283,0.566,0.5857940589515415,0.2826855123674912,0.566,0.509298076436257,0.31448763250883394
context_action,284,0.568,0.5910855263605924,0.2852112676056338,0.568,0.5074685352188668,0.31690140845070425
context_action,285,0.57,0.5913733229361183,0.28771929824561404,0.57,0.5073156509576013,0.3192982456140351
context_action,286,0.572,0.5929387996883525,0.2902097902097902,0.572,0.5072427232121283,0.3181818181818182
context_action,287,0.574,0.5929387996883525,0.289198606271777,0.574,0.5051247548772161,0.3205574912891986
context_action,288,0.576,0.5929387996883525,0.2881944444444444,0.576,0.5051247548772161,0.3194444444444444
context_action,289,0.578,0.5929591329443664,0.2906574394463668,0.578,0.5046580258277035,0.3217993079584775
context_action,290,0.58,0.5929591329443664,0.2896551724137931,0.58,0.4993421360337132,0.32413793103448274
context_action,291,0.582,0.5988152464818475,0.2920962199312715,0.582,0.4993421360337132,0.32646048109965636
context_action,292,0.584,0.6007353971497598,0.2945205479452055,0.584,0.4992806594137001,0.3253424657534247
context_action,293,0.586,0.6012451429945869,0.2935153583617747,0.586,0.4967985495244165,0.32764505119453924
context_action,294,0.588,0.6012490201692708,0.2925170068027211,0.588,0.4945577516809959,0.32653061224489793
context_action,295,0.59,0.6037295378745138,0.29152542372881357,0.59,0.4935987680932542,0.3288135593220339
context_action,296,0.592,0.6037295378745138,0.2939189189189189,0.592,0.4920270006718993,0.3310810810810811
context_action,297,0.594,0.613345929661084,0.29292929292929293,0.594,0.4920270006718993,0.3333333333333333
context_action,298,0.596,0.613345929661084,0.2953020134228188,0.596,0.4897633752697158,0.33557046979865773
context_action,299,0.598,0.613345929661084,0.29431438127090304,0.598,0.4891785496569037,0.3377926421404682
context_action,300,0.6,0.6159333143560896,0.29333333333333333,0.6,0.4868432345744202,0.34
context_action,301,0.602,0.6163534587789486,0.292358803986711,0.602,0.4865221129003727,0.3388704318936877
context_action,302,0.604,0.6163748976453848,0.2947019867549669,0.604,0.4861314789979374,0.34105960264900664
context_action,303,0.606,0.618082933510953,0.29372937293729373,0.606,0.4859502316697315,0.33993399339933994
context_action,304,0.608,0.6184453064361509,0.29605263157894735,0.608,0.4838664373494445,0.34210526315789475
context_action,305,0.61,0.6205987699337097,0.29508196721311475,0.61,0.4813643762204617,0.3442622950819672
context_action,306,0.612,0.6213903401617897,0.29411764705882354,0.612,0.4801811497536087,0.3464052287581699
context_action,307,0.614,0.622403731859811,0.2964169381107492,0.614,0.4792236122346941,0.3485342019543974
context_action,308,0.616,0.6242053065527623,0.29545454545454547,0.616,0.4792236122346941,0.35064935064935066
context_action,309,0.618,0.6251048101235255,0.29449838187702265,0.618,0.477863870023313,0.35275080906148865
context_action,310,0.62,0.6259429023123156,0.2967741935483871,0.62,0.477863870023313,0.3548387096774194
context_action,311,0.622,0.6269012227871334,0.2958199356913183,0.622,0.4763519435104063,0.35691318327974275
context_action,312,0.624,0.6297512910950291,0.2980769230769231,0.624,0.4728949032469236,0.3557692307692308
context_action,313,0.626,0.6325542333377635,0.2971246006389776,0.626,0.4718412047823767,0.3546325878594249
context_action,314,0.628,0.6325542333377635,0.29936305732484075,0.628,0.4713529486932945,0.35668789808917195
context_action,315,0.63,0.6329468418398818,0.30158730158730157,0.63,0.4659656846501858,0.35873015873015873
context_action,316,0.632,0.6333805071743349,0.3037974683544304,0.632,0.4648293428471831,0.3575949367088608
context_action,317,0.634,0.6397031024185439,0.3028391167192429,0.634,0.4612188428230308,0.35962145110410093
context_action,318,0.636,0.6456350523782843,0.3018867924528302,0.636,0.460330678473325,0.36163522012578614
context_action,319,0.638,0.6500602620102118,0.30407523510971785,0.638,0.4570409423247341,0.3605015673981191
context_action,320,0.64,0.6504848732764241,0.30625,0.64,0.4570409423247341,0.3625
context_action,321,0.642,0.6527325262341837,0.308411214953271,0.642,0.45251353342959,0.3644859813084112
context_action,322,0.644,0.6528982315463443,0.3105590062111801,0.644,0.4472509704866039,0.36645962732919257
context_action,323,0.646,0.6538140268276728,0.30959752321981426,0.646,0.4429977224012218,0.3684210526315789
context_action,324,0.648,0.6538140268276728,0.3117283950617284,0.648,0.4429977224012218,0.36728395061728397
context_action,325,0.65,0.6553037562097623,0.31384615384615383,0.65,0.4429977224012218,0.36923076923076925
context_action,326,0.652,0.659727075615566,0.3159509202453988,0.652,0.4429977224012218,0.36809815950920244
context_action,327,0.654,0.6656897147928579,0.3180428134556575,0.654,0.442486608195423,0.37003058103975534
context_action,328,0.656,0.6665429667556656,0.3201219512195122,0.656,0.442486608195423,0.3719512195121951
context_action,329,0.658,0.6667958264671875,0.3221884498480243,0.658,0.442486608195423,0.3738601823708207
context_action,330,0.66,0.667659415574392,0.3242424242424242,0.66,0.438963733523975,0.37575757575757573
context_action,331,0.662,0.667659415574392,0.32628398791540786,0.662,0.4353906917586185,0.37462235649546827
context_action,332,0.664,0.6690961680649625,0.3253012048192771,0.664,0.4353906917586185,0.37349397590361444
context_action,333,0.666,0.6762305899903801,0.32432432432432434,0.666,0.4345121528898998,0.37237237237237236
context_action,334,0.668,0.6827168710967892,0.32335329341317365,0.668,0.4341486507758956,0.37425149700598803
context_action,335,0.67,0.6831744012424411,0.3253731343283582,0.67,0.4324929761162717,0.373134328358209
context_action,336,0.672,0.6843909693817463,0.3273809523809524,0.672,0.4278139578013892,0.37202380952380953
context_action,337,0.674,0.6843909693817463,0.3293768545994065,0.674,0.4249287173353812,0.37091988130563797
context_action,338,0.676,0.6843909693817463,0.33136094674556216,0.676,0.4249287173353812,0.3698224852071006
context_action,339,0.678,0.6852190607625555,0.3333333333333333,0.678,0.4237317630936766,0.3687315634218289
context_action,340,0.68,0.6860459761168014,0.3352941176470588,0.68,0.4237317630936766,0.37058823529411766
context_action,341,0.682,0.6878902642628362,0.3343108504398827,0.682,0.4221509811176859,0.3724340175953079
context_action,342,0.684,0.6885196304672035,0.3362573099415205,0.684,0.4221509811176859,0.3742690058479532
context_action,343,0.686,0.6893418062998737,0.33819241982507287,0.686,0.420270930737095,0.3760932944606414
context_action,344,0.688,0.6901627885360129,0.3372093023255814,0.688,0.420270930737095,0.37790697674418605
context_action,345,0.69,0.6909825737442984,0.3391304347826087,0.69,0.4164164774002046,0.37681159420289856
context_action,346,0.692,0.6918191201623327,0.33815028901734107,0.692,0.4142706878118062,0.37572254335260113
context_action,347,0.694,0.6919737908574698,0.3400576368876081,0.694,0.4138350609444348,0.37752161383285304
context_action,348,0.696,0.6966872709884137,0.34195402298850575,0.696,0.4133822222270043,0.3793103448275862
context_action,349,0.698,0.6974973597595273,0.3438395415472779,0.698,0.4127649585074562,0.38108882521489973
context_action,350,0.7,0.6990594519720607,0.34285714285714286,0.7,0.4108063746216052,0.38285714285714284
context_action,351,0.702,0.6991138541459959,0.34472934472934474,0.702,0.4099085023527123,0.3817663817663818
context_action,352,0.704,0.6991172559337527,0.34375,0.704,0.4090441306484499,0.3806818181818182
context_action,353,0.706,0.7007254167630814,0.34277620396600567,0.706,0.4090441306484499,0.38243626062322944
context_action,354,0.708,0.7009075416071403,0.3446327683615819,0.708,0.4082354077513882,0.3813559322033898
context_action,355,0.71,0.7033147396158193,0.3464788732394366,0.71,0.4082354077513882,0.38309859154929576
context_action,356,0.712,0.7065029834848772,0.34831460674157305,0.712,0.405299321089247,0.38202247191011235
context_action,357,0.714,0.7079299051831888,0.35014005602240894,0.714,0.4046771117340675,0.38375350140056025
context_action,358,0.716,0.7119242943842349,0.34916201117318435,0.716,0.4046771117340675,0.3854748603351955
context_action,359,0.718,0.7122884815892135,0.35097493036211697,0.718,0.4035361429569375,0.38440111420612816
context_action,360,0.72,0.7136150550036893,0.35,0.72,0.4024591213595438,0.3861111111111111
context_action,361,0.722,0.7136150550036893,0.3518005540166205,0.722,0.4012386155114691,0.3850415512465374
context_action,362,0.724,0.713786308552848,0.35082872928176795,0.724,0.3984503867114794,0.3839779005524862
context_action,363,0.726,0.7151805908863449,0.349862258953168,0.726,0.3980029520100568,0.3856749311294766
context_action,364,0.728,0.7159614247008071,0.3516483516483517,0.728,0.3978772250561782,0.38461538461538464
context_action,365,0.73,0.7167409656990158,0.3506849315068493,0.73,0.395054486047493,0.3863013698630137
context_action,366,0.732,0.7182412764461938,0.3524590163934426,0.732,0.3929193631827883,0.3879781420765027
context_action,367,0.734,0.7205671233887021,0.3542234332425068,0.734,0.3904950591949757,0.3896457765667575
context_action,368,0.736,0.7227028595697984,0.35597826086956524,0.736,0.3876976931204831,0.38858695652173914
context_action,369,0.738,0.7244492661299564,0.35501355013550134,0.738,0.3848795425183871,0.3902439024390244
context_action,370,0.74,0.724464731132575,0.35405405405405405,0.74,0.3832636892379452,0.3918918918918919
context_action,371,0.742,0.7248285057962007,0.3557951482479784,0.742,0.3831693934860517,0.3935309973045822
context_action,372,0.744,0.7290493381647251,0.3575268817204301,0.744,0.3831693934860517,0.3951612903225806
context_action,373,0.746,0.7292073846705573,0.35924932975871315,0.746,0.3831693934860517,0.3967828418230563
context_action,374,0.748,0.7300161890308745,0.3609625668449198,0.748,0.3797833633518176,0.3983957219251337
context_action,375,0.75,0.7305717846279567,0.3626666666666667,0.75,0.3797833633518176,0.3973333333333333
context_action,376,0.752,0.7329785150463495,0.36436170212765956,0.752,0.3758964010294007,0.39893617021276595
context_action,377,0.754,0.7349402086572148,0.363395225464191,0.754,0.3732623465974698,0.4005305039787798
context_action,378,0.756,0.7359712704482463,0.36243386243386244,0.756,0.3721845539102328,0.3994708994708995
context_action,379,0.758,0.7383455215778798,0.3641160949868074,0.758,0.3721845539102328,0.40105540897097625
context_action,380,0.76,0.7388901072376378,0.36578947368421055,0.76,0.3721845539102328,0.4026315789473684
context_action,381,0.762,0.7431416521821693,0.3674540682414698,0.762,0.3686789461248039,0.4041994750656168
context_action,382,0.764,0.743497885447308,0.36910994764397903,0.764,0.3686789461248039,0.40575916230366493
context_action,383,0.766,0.743497885447308,0.370757180156658,0.766,0.3679660243391948,0.4073107049608355
context_action,384,0.768,0.7470405335692973,0.3723958333333333,0.768,0.3679660243391948,0.4088541666666667
context_action,385,0.77,0.75010232875504,0.37142857142857144,0.77,0.3679660243391948,0.4103896103896104
context_action,386,0.772,0.7505161964929169,0.37305699481865284,0.772,0.3679660243391948,0.4119170984455959
context_action,387,0.774,0.7531571802095653,0.37209302325581395,0.774,0.3658313084981902,0.4134366925064599
context_action,388,0.776,0.7564406421425893,0.3711340206185567,0.776,0.3615197969500157,0.41494845360824745
context_action,389,0.778,0.7570891053231164,0.37275064267352187,0.778,0.3615197969500157,0.41645244215938304
context_action,390,0.78,0.760978275928891,0.37435897435897436,0.78,0.3615197969500157,0.41794871794871796
context_action,391,0.782,0.7676236797092956,0.37595907928388744,0.782,0.3609122828907682,0.4194373401534527
context_action,392,0.784,0.7689895499132501,0.37755102040816324,0.784,0.3588012921319921,0.42091836734693877
context_action,393,0.786,0.7696703753995014,0.3791348600508906,0.786,0.3489118303607811,0.4223918575063613
context_action,394,0.788,0.7709622441703798,0.38071065989847713,0.788,0.3473869868648861,0.42385786802030456
context_action,395,0.79,0.771027803895319,0.3822784810126582,0.79,0.3473869868648861,0.4253164556962025
context_action,396,0.792,0.7723795983672901,0.3838383838383838,0.792,0.3473869868648861,0.42676767676767674
context_action,397,0.794,0.7737257542739016,0.3853904282115869,0.794,0.3447173783410223,0.4282115869017632
context_action,398,0.796,0.7737257542739016,0.3869346733668342,0.796,0.3440255422225945,0.4296482412060301
context_action,399,0.798,0.7750968006040485,0.38847117794486213,0.798,0.3440255422225945,0.42857142857142855
context_action,400,0.8,0.7761470563493679,0.39,0.8,0.3404183513780184,0.43
context_action,401,0.802,0.7770664488301818,0.3915211970074813,0.802,0.337774578171366,0.4314214463840399
context_action,402,0.804,0.7783928392880853,0.39303482587064675,0.804,0.3367537220509999,0.43034825870646765
context_action,403,0.806,0.7828090850765336,0.3945409429280397,0.806,0.3367537220509999,0.4317617866004963
context_action,404,0.808,0.7876644402528484,0.3935643564356436,0.808,0.3327239519703852,0.43316831683168316
context_action,405,0.81,0.7914888296284514,0.3925925925925926,0.81,0.3327239519703852,0.43209876543209874
context_action,406,0.812,0.7914888296284514,0.39408866995073893,0.812,0.3327239519703852,0.43349753694581283
context_action,407,0.814,0.7933819065095544,0.3955773955773956,0.814,0.3327239519703852,0.4348894348894349
context_action,408,0.816,0.7946368789519807,0.39705882352941174,0.816,0.3266883751260026,0.4362745098039216
context_action,409,0.818,0.7952622420162114,0.39853300733496333,0.818,0.3266883751260026,0.43765281173594134
context_action,410,0.82,0.7955057351165754,0.4,0.82,0.3240988373045076,0.43902439024390244
context_action,411,0.822,0.7958861899054375,0.40145985401459855,0.822,0.3199314043629424,0.44038929440389296
context_action,412,0.824,0.7965087228417556,0.4029126213592233,0.824,0.3132491699912407,0.441747572815534
context_action,413,0.826,0.7977495448428197,0.4043583535108959,0.826,0.3132491699912407,0.4430992736077482
context_action,414,0.828,0.7989847101899051,0.4033816425120773,0.828,0.310716999865985,0.4420289855072464
context_action,415,0.83,0.8040179270966503,0.40481927710843374,0.83,0.3099519267754697,0.44096385542168676
context_action,416,0.832,0.8163408889668188,0.40384615384615385,0.832,0.3099519267754697,0.4423076923076923
context_action,417,0.834,0.8170750176174336,0.4052757793764988,0.834,0.3041411512337629,0.44364508393285373
context_action,418,0.836,0.8176743877176154,0.40669856459330145,0.836,0.3030675817503562,0.4449760765550239
context_action,419,0.838,0.8226498557433468,0.40572792362768495,0.838,0.3030675817503562,0.4439140811455847
context_action,420,0.84,0.8270861050112852,0.40714285714285714,0.84,0.2992590347617955,0.4452380952380952
context_action,421,0.842,0.8277503577753941,0.4085510688836104,0.842,0.2992590347617955,0.44655581947743467
context_action,422,0.844,0.828180696634189,0.4099526066350711,0.844,0.2992590347617955,0.44786729857819907
context_action,423,0.846,0.8298122768990028,0.41134751773049644,0.846,0.2992590347617955,0.4491725768321513
context_action,424,0.848,0.8326064615477341,0.41273584905660377,0.848,0.2992590347617955,0.45047169811320753
context_action,425,0.85,0.835766663397545,0.41411764705882353,0.85,0.2992590347617955,0.45176470588235296
context_action,426,0.852,0.8384241755615487,0.4154929577464789,0.852,0.2992590347617955,0.45305164319248825
context_action,427,0.854,0.8394609254303805,0.4168618266978923,0.854,0.2925115133943097,0.45433255269320844
context_action,428,0.856,0.8410059538037319,0.4182242990654206,0.856,0.2925115133943097,0.4532710280373832
context_action,429,0.858,0.8420292589711087,0.4172494172494173,0.858,0.282174256052408,0.45454545454545453
context_action,430,0.86,0.850180075174362,0.4186046511627907,0.86,0.282174256052408,0.4558139534883721
context_action,431,0.862,0.8531569763760954,0.4176334106728538,0.862,0.2778237775915875,0.4547563805104408
context_action,432,0.864,0.8540030349215693,0.41898148148148145,0.864,0.2778237775915875,0.4537037037037037
context_action,433,0.866,0.8563785242365137,0.418013856812933,0.866,0.2778237775915875,0.45265588914549654
context_action,434,0.868,0.8582226823218755,0.41935483870967744,0.868,0.2778237775915875,0.4539170506912442
context_action,435,0.87,0.8596188642439088,0.41839080459770117,0.87,0.2778237775915875,0.4528735632183908
context_action,436,0.872,0.864454241945834,0.4197247706422018,0.872,0.2713723971553528,0.4518348623853211
context_action,437,0.874,0.8664911817113865,0.42105263157894735,0.874,0.2678090976562451,0.45308924485125857
context_action,438,0.876,0.86699411233943,0.4223744292237443,0.876,0.2678090976562451,0.454337899543379
context_action,439,0.878,0.8783187770012989,0.42369020501138954,0.878,0.2678090976562451,0.45558086560364464
context_action,440,0.88,0.8794863416686531,0.425,0.88,0.2478298248298952,0.45681818181818185
context_action,441,0.882,0.8812469453112991,0.42630385487528344,0.882,0.2478298248298952,0.4557823129251701
context_action,442,0.884,0.8813434036477805,0.4276018099547511,0.884,0.2385392101519524,0.45701357466063347
context_action,443,0.886,0.8817922452017901,0.42663656884875845,0.886,0.2385392101519524,0.4582392776523702
context_action,444,0.888,0.8820793253762803,0.42792792792792794,0.888,0.2385392101519524,0.4594594594594595
context_action,445,0.89,0.8837674967938463,0.42696629213483145,0.89,0.2385392101519524,0.4606741573033708
context_action,446,0.892,0.8857740698310403,0.4282511210762332,0.892,0.2385392101519524,0.4618834080717489
context_action,447,0.894,0.8885546819015921,0.42953020134228187,0.894,0.2200871833591764,0.46308724832214765
context_action,448,0.896,0.892253224361899,0.42857142857142855,0.896,0.2200871833591764,0.46205357142857145
context_action,449,0.898,0.8947644148560441,0.4298440979955457,0.898,0.2115440831117381,0.46325167037861914
context_action,450,0.9,0.8947659376006288,0.4311111111111111,0.9,0.2115440831117381,0.46444444444444444
context_action,451,0.902,0.8957371966735163,0.43237250554323725,0.902,0.194646456914333,0.4634146341463415
context_action,452,0.904,0.896356802978747,0.4336283185840708,0.904,0.194646456914333,0.4646017699115044
context_action,453,0.906,0.9011692322001232,0.434878587196468,0.906,0.1896194074850212,0.46578366445916114
context_action,454,0.908,0.9028645779020312,0.43612334801762115,0.908,0.1868542906435349,0.4669603524229075
context_action,455,0.91,0.920499192506933,0.43736263736263736,0.91,0.1466300777665191,0.46593406593406594
context_action,456,0.912,0.9229857824117254,0.43859649122807015,0.912,0.1313867815861676,0.46710526315789475
context_action,457,0.914,0.9241342285966124,0.43982494529540483,0.914,0.1282785928770393,0.4682713347921225
context_action,458,0.916,0.924402767074314,0.4410480349344978,0.916,0.1282785928770393,0.46943231441048033
context_action,459,0.918,0.9326932240488818,0.4422657952069717,0.918,0.127923555478267,0.47058823529411764
context_action,460,0.92,0.9340345805527062,0.4434782608695652,0.92,0.127923555478267,0.4717391304347826
context_action,461,0.922,0.9445167980390008,0.44468546637744033,0.922,0.112130611583563,0.47288503253796094
context_action,462,0.924,0.9445179413686658,0.4458874458874459,0.924,0.1119273463452801,0.474025974025974
context_action,463,0.926,0.9494210779856544,0.4470842332613391,0.926,0.1106806284115205,0.47516198704103674
context_action,464,0.928,0.9497442793978956,0.4482758620689655,0.928,0.1086048565422664,0.47629310344827586
context_action,465,0.93,0.9508747535898634,0.44946236559139785,0.93,0.1006404997243883,0.4774193548387097
context_action,466,0.932,0.951572676909878,0.45064377682403434,0.932,0.1006404997243883,0.47854077253218885
context_action,467,0.934,0.954889312260355,0.4518201284796574,0.934,0.0996822495045563,0.4796573875802998
context_action,468,0.936,0.9561780189627344,0.452991452991453,0.936,0.0977900663281249,0.4807692307692308
context_action,469,0.938,0.9596996527036332,0.4541577825159915,0.938,0.097427395269174,0.48187633262260127
context_action,470,0.94,0.9617974625023104,0.4553191489361702,0.94,0.097427395269174,0.4829787234042553
context_action,471,0.942,0.9750975366276072,0.4564755838641189,0.942,0.097427395269174,0.4840764331210191
context_action,472,0.944,0.9756081661261264,0.4555084745762712,0.944,0.097427395269174,0.4851694915254237
context_action,473,0.946,0.9765061843599372,0.45665961945031713,0.946,0.097427395269174,0.48625792811839325
context_action,474,0.948,0.9775940893605642,0.4578059071729958,0.948,0.097427395269174,0.4873417721518987
context_action,475,0.95,0.9781402383943828,0.4589473684210526,0.95,0.0931991305911263,0.4884210526315789
context_action,476,0.952,0.981328938990912,0.46008403361344535,0.952,0.0897865017853832,0.4894957983193277
context_action,477,0.954,0.9816107725320672,0.4612159329140461,0.954,0.0848645524570059,0.49056603773584906
context_action,478,0.956,0.9836060759082598,0.46234309623430964,0.956,0.0846268806850577,0.4916317991631799
context_action,479,0.958,0.9853447870421248,0.46346555323590816,0.958,0.0846268806850577,0.49269311064718163
context_action,480,0.96,0.9895854818778208,0.46458333333333335,0.96,0.0846268806850577,0.49375
context_action,481,0.962,0.990589384807611,0.4656964656964657,0.962,0.0846268806850577,0.49480249480249483
context_action,482,0.964,0.9907591541149384,0.46680497925311204,0.964,0.0846268806850577,0.495850622406639
context_action,483,0.966,0.9910557057607842,0.46790890269151136,0.966,0.0846268806850577,0.4968944099378882
context_action,484,0.968,0.9917266209587158,0.4690082644628099,0.968,0.0801886461490295,0.49793388429752067
context_action,485,0.97,0.99181625170077,0.47010309278350515,0.97,0.0779399139288455,0.49896907216494846
context_action,486,0.972,0.9925921723703572,0.4711934156378601,0.972,0.0733714480453277,0.5
context_action,487,0.974,0.9932787259701188,0.4722792607802875,0.974,0.0733714480453277,0.5010266940451745
context_action,488,0.976,0.9941516224774984,0.4733606557377049,0.976,0.0733714480453277,0.5020491803278688
context_action,489,0.978,0.9953287592473196,0.47443762781186094,0.978,0.0733714480453277,0.5030674846625767
context_action,490,0.98,0.9964015735187474,0.47551020408163264,0.98,0.0733714480453277,0.5040816326530613
context_action,491,0.982,0.9967077949480998,0.47657841140529533,0.982,0.0637525326606701,0.505091649694501
context_action,492,0.984,0.9972640245769012,0.47764227642276424,0.984,0.0635091342149275,0.5060975609756098
context_action,493,0.986,0.9973094244416656,0.4787018255578093,0.986,0.0635091342149275,0.5070993914807302
context_action,494,0.988,0.9977873575701884,0.4797570850202429,0.988,0.0635091342149275,0.5080971659919028
context_action,495,0.99,0.9988253728750288,0.4808080808080808,0.99,0.0548939430048171,0.509090909090909
context_action,496,0.992,0.9990008736782022,0.48185483870967744,0.992,0.0548939430048171,0.5100806451612904
context_action,497,0.994,0.9992925198944308,0.482897384305835,0.994,0.0473882892625039,0.5110663983903421
context_action,498,0.996,0.999900775852587,0.4839357429718876,0.996,0.0473882892625039,0.5120481927710844
context_action,499,0.998,0.9999137602482656,0.4849699398797595,0.998,0.0408645112698795,0.5130260521042084
context_action,500,1.0,0.999929336569482,0.486,1.0,0.0408645112698795,0.514
token_confidence,1,0.002,0.0060843704246586,0.0,0.002,0.9941981679804156,0.0
token_confidence,2,0.004,0.0063123962046165,0.0,0.004,0.9865670753752156,0.0
token_confidence,3,0.006,0.0065522877393494,0.0,0.006,0.9864760134098122,0.0
token_confidence,4,0.008,0.0070429249493949,0.0,0.008,0.9856530190006692,0.0
token_confidence,5,0.01,0.0071254257151481,0.0,0.01,0.9707649123478788,0.0
token_confidence,6,0.012,0.013400886992538,0.0,0.012,0.9699219856186982,0.0
token_confidence,7,0.014,0.0141646008609147,0.0,0.014,0.966192576198324,0.0
token_confidence,8,0.016,0.0143736127141527,0.0,0.016,0.9661870883994754,0.0
token_confidence,9,0.018,0.0157687539766297,0.0,0.018,0.9656940692289592,0.0
token_confidence,10,0.02,0.0182951706629029,0.0,0.02,0.962142652259976,0.1
token_confidence,11,0.022,0.0186006264070839,0.0,0.022,0.960594245604588,0.09090909090909091
token_confidence,12,0.024,0.0190019160504656,0.0,0.024,0.9559148052245212,0.08333333333333333
token_confidence,13,0.026,0.0191064090960884,0.0,0.026,0.9541429119429824,0.07692307692307693
token_confidence,14,0.028,0.0209516696185388,0.0,0.028,0.9494048853468028,0.07142857142857142
token_confidence,15,0.03,0.0218076816099868,0.0,0.03,0.9475104244249763,0.06666666666666667
token_confidence,16,0.032,0.0222424966627348,0.0,0.032,0.946170194137825,0.0625
token_confidence,17,0.034,0.0238310591907905,0.0,0.034,0.9455569628936208,0.058823529411764705
token_confidence,18,0.036,0.0247373540362575,0.0,0.036,0.9435953165735912,0.05555555555555555
token_confidence,19,0.038,0.026253887929057,0.0,0.038,0.9431245389779648,0.05263157894736842
token_confidence,20,0.04,0.0266986964727573,0.0,0.04,0.9429347458899252,0.05
token_confidence,21,0.042,0.0274311311508654,0.0,0.042,0.9418331532841492,0.047619047619047616
token_confidence,22,0.044,0.0275393681537673,0.0,0.044,0.9361335271867528,0.045454545454545456
token_confidence,23,0.046,0.0295731786448471,0.0,0.046,0.9319500833608432,0.043478260869565216
token_confidence,24,0.048,0.0328011820566264,0.0,0.048,0.9308483218591596,0.041666666666666664
token_confidence,25,0.05,0.0341135779080665,0.0,0.05,0.9285092219821668,0.08
token_confidence,26,0.052,0.0357151233946014,0.0,0.052,0.9265446081347504,0.07692307692307693
token_confidence,27,0.054,0.0392187487859016,0.0,0.054,0.9252334217249248,0.07407407407407407
token_confidence,28,0.056,0.0567362425413742,0.0,0.056,0.9251002704185493,0.10714285714285714
token_confidence,29,0.058,0.0605414285836998,0.0,0.058,0.9248473836720807,0.10344827586206896
token_confidence,30,0.06,0.0612424281638779,0.0,0.06,0.9171346377149142,0.1
token_confidence,31,0.062,0.0680805441350659,0.0,0.062,0.9168102148348202,0.0967741935483871
token_confidence,32,0.064,0.0690024715190633,0.0,0.064,0.9164290536132612,0.125
token_confidence,33,0.066,0.0701425014495193,0.0,0.066,0.9149193543200808,0.12121212121212122
token_confidence,34,0.068,0.0738033890324058,0.0,0.068,0.9135106855170202,0.14705882352941177
token_confidence,35,0.07,0.0809302412132134,0.0,0.07,0.9134580434383818,0.14285714285714285
token_confidence,36,0.072,0.0811406971809296,0.0,0.072,0.911516671301911,0.1388888888888889
token_confidence,37,0.074,0.0816222464924917,0.0,0.074,0.9112242415743104,0.13513513513513514
token_confidence,38,0.076,0.0885559984597298,0.0,0.076,0.9065196863957736,0.13157894736842105
token_confidence,39,0.078,0.0961838796852393,0.0,0.078,0.9045461438983574,0.1282051282051282
token_confidence,40,0.08,0.099927715923983,0.0,0.08,0.9042751620774628,0.125
token_confidence,41,0.082,0.1028506134909151,0.0,0.082,0.8988951885720622,0.12195121951219512
token_confidence,42,0.084,0.1028632807200562,0.0,0.084,0.8964359185465286,0.11904761904761904
token_confidence,43,0.086,0.1228298853726898,0.0,0.086,0.8957888608846891,0.11627906976744186
token_confidence,44,0.088,0.1324932614552486,0.0,0.088,0.8956871905765779,0.11363636363636363
token_confidence,45,0.09,0.1327364261141727,0.0,0.09,0.8942769324225461,0.1111111111111111
token_confidence,46,0.092,0.1346668113500733,0.0,0.092,0.8939897226287207,0.10869565217391304
token_confidence,47,0.094,0.136184594648184,0.0,0.094,0.8922564310410623,0.10638297872340426
token_confidence,48,0.096,0.1500569022261067,0.0,0.096,0.888342112043413,0.10416666666666667
token_confidence,49,0.098,0.1542041350734961,0.0,0.098,0.8881894051147954,0.10204081632653061
token_confidence,50,0.1,0.1567753240424287,0.0,0.1,0.8881046457695728,0.1
token_confidence,51,0.102,0.1597480491674347,0.0196078431372549,0.102,0.8855294362499526,0.11764705882352941
token_confidence,52,0.104,0.165959892179331,0.019230769230769232,0.104,0.8840715597912504,0.11538461538461539
token_confidence,53,0.106,0.1672271794204712,0.018867924528301886,0.106,0.8837118933392795,0.11320754716981132
token_confidence,54,0.108,0.1736026777091083,0.018518518518518517,0.108,0.883647598986194,0.1111111111111111
token_confidence,55,0.11,0.1736052316153064,0.03636363636363636,0.11,0.8834654371367472,0.10909090909090909
token_confidence,56,0.112,0.1742493981918408,0.03571428571428571,0.112,0.8801439773857582,0.10714285714285714
token_confidence,57,0.114,0.1782018401590039,0.03508771929824561,0.114,0.8780883770409673,0.10526315789473684
token_confidence,58,0.116,0.1829971952322815,0.034482758620689655,0.116,0.8770477768277326,0.10344827586206896
token_confidence,59,0.118,0.1925770007400154,0.03389830508474576,0.118,0.8744409446146394,0.1016949152542373
token_confidence,60,0.12,0.1977425458091187,0.03333333333333333,0.12,0.874418474456281,0.1
token_confidence,61,0.122,0.1978567021955256,0.03278688524590164,0.122,0.8724727386942661,0.09836065573770492
token_confidence,62,0.124,0.1989672728267674,0.03225806451612903,0.124,0.8724294304205739,0.0967741935483871
token_confidence,63,0.126,0.2027982181486708,0.031746031746031744,0.126,0.8716068099583925,0.09523809523809523
token_confidence,64,0.128,0.2029540427972508,0.03125,0.128,0.8703865807171678,0.09375
token_confidence,65,0.13,0.2079041353458131,0.046153846153846156,0.13,0.8697559684893054,0.09230769230769231
token_confidence,66,0.132,0.2079592636355331,0.045454545454545456,0.132,0.868915500939415,0.09090909090909091
token_confidence,67,0.134,0.2133900217735562,0.05970149253731343,0.134,0.8628433259236497,0.08955223880597014
token_confidence,68,0.136,0.2159474559294673,0.058823529411764705,0.136,0.8627024536926625,0.08823529411764706
token_confidence,69,0.138,0.219107332951762,0.057971014492753624,0.138,0.8607077201974734,0.08695652173913043
token_confidence,70,0.14,0.2234544640551016,0.05714285714285714,0.14,0.8606662891077104,0.08571428571428572
token_confidence,71,0.142,0.2243504265662918,0.056338028169014086,0.142,0.8600048996230264,0.08450704225352113
token_confidence,72,0.144,0.2246252533055178,0.05555555555555555,0.144,0.8583996648133638,0.08333333333333333
token_confidence,73,0.146,0.2296396470242954,0.0684931506849315,0.146,0.8575860906520507,0.0821917808219178
token_confidence,74,0.148,0.2356480499715533,0.06756756756756757,0.148,0.8572824302365539,0.08108108108108109
token_confidence,75,0.15,0.2359291784263388,0.06666666666666667,0.15,0.8544676271067804,0.08
token_confidence,76,0.152,0.241349198778113,0.06578947368421052,0.152,0.853837988029516,0.07894736842105263
token_confidence,77,0.154,0.2413944665612964,0.06493506493506493,0.154,0.8489908284496158,0.07792207792207792
token_confidence,78,0.156,0.2473319408808735,0.07692307692307693,0.156,0.8436632790096431,0.07692307692307693
token_confidence,79,0.158,0.2595107368955828,0.08860759493670886,0.158,0.8402998729786881,0.0759493670886076
token_confidence,80,0.16,0.259892938909223,0.0875,0.16,0.839875217197902,0.075
token_confidence,81,0.162,0.2606428727282544,0.08641975308641975,0.162,0.8334522720272589,0.07407407407407407
token_confidence,82,0.164,0.2620931460551217,0.08536585365853659,0.164,0.8318756807061962,0.07317073170731707
token_confidence,83,0.166,0.265215420487957,0.08433734939759036,0.166,0.8313499409669973,0.07228915662650602
token_confidence,84,0.168,0.2666498344291729,0.08333333333333333,0.168,0.8237175448018591,0.07142857142857142
token_confidence,85,0.17,0.2713509144976913,0.08235294117647059,0.17,0.8193782486661322,0.07058823529411765
token_confidence,86,0.172,0.2713846097680887,0.08139534883720931,0.172,0.8145148679211447,0.06976744186046512
token_confidence,87,0.174,0.2777476297115596,0.09195402298850575,0.174,0.8105743331570335,0.08045977011494253
token_confidence,88,0.176,0.2792123429058872,0.09090909090909091,0.176,0.8099808535478618,0.07954545454545454
token_confidence,89,0.178,0.2800079830991515,0.0898876404494382,0.178,0.8073397447771993,0.07865168539325842
token_confidence,90,0.18,0.2937170055836632,0.08888888888888889,0.18,0.8064978057452036,0.07777777777777778
token_confidence,91,0.182,0.294624093273632,0.08791208791208792,0.182,0.8062957562193498,0.07692307692307693
token_confidence,92,0.184,0.2978632155957009,0.08695652173913043,0.184,0.8056389118228169,0.07608695652173914
token_confidence,93,0.186,0.3015770240464983,0.08602150537634409,0.186,0.8028792993143788,0.08602150537634409
token_confidence,94,0.188,0.3070536058319656,0.0851063829787234,0.188,0.7999386207432535,0.0851063829787234
token_confidence,95,0.19,0.3073015727674683,0.09473684210526316,0.19,0.7986280628080652,0.08421052631578947
token_confidence,96,0.192,0.3123178394848472,0.09375,0.192,0.7984756525938039,0.09375
token_confidence,97,0.194,0.3207927618908322,0.09278350515463918,0.194,0.7929118389335855,0.09278350515463918
token_confidence,98,0.196,0.3229335692329286,0.09183673469387756,0.196,0.7907457309866016,0.09183673469387756
token_confidence,99,0.198,0.3284246907907016,0.09090909090909091,0.198,0.7903583290715703,0.10101010101010101
token_confidence,100,0.2,0.3290991628034884,0.09,0.2,0.78905884460513,0.1
token_confidence,101,0.202,0.3319491092596088,0.09900990099009901,0.202,0.7879280616061117,0.09900990099009901
token_confidence,102,0.204,0.3320691547152479,0.09803921568627451,0.204,0.7863490358168933,0.09803921568627451
token_confidence,103,0.206,0.3329924565752485,0.10679611650485436,0.206,0.7855266652813533,0.0970873786407767
token_confidence,104,0.208,0.3336583409825104,0.10576923076923077,0.208,0.7854549416936419,0.09615384615384616
token_confidence,105,0.21,0.3390854001720111,0.10476190476190476,0.21,0.7824854145752074,0.09523809523809523
token_confidence,106,0.212,0.3448742602905061,0.11320754716981132,0.212,0.7816449794807169,0.10377358490566038
token_confidence,107,0.214,0.3470891449898634,0.11214953271028037,0.214,0.7747104485711905,0.102803738317757
token_confidence,108,0.216,0.3476176709468375,0.1111111111111111,0.216,0.7737067068188219,0.10185185185185185
token_confidence,109,0.218,0.3498234437510356,0.11926605504587157,0.218,0.7733547511224282,0.10091743119266056
token_confidence,110,0.22,0.3519274286164726,0.11818181818181818,0.22,0.7726755720716868,0.1
token_confidence,111,0.222,0.3558219709098446,0.11711711711711711,0.222,0.7716829795090676,0.10810810810810811
token_confidence,112,0.224,0.3617684036814254,0.11607142857142858,0.224,0.7706688120383322,0.11607142857142858
token_confidence,113,0.226,0.3678713943932955,0.11504424778761062,0.226,0.7694375527409154,0.11504424778761062
token_confidence,114,0.228,0.3734473093409655,0.11403508771929824,0.228,0.7683926348298036,0.11403508771929824
token_confidence,115,0.23,0.3738430577963125,0.11304347826086956,0.23,0.7653820847339892,0.12173913043478261
token_confidence,116,0.232,0.3749569420148465,0.11206896551724138,0.232,0.7619470471615778,0.12931034482758622
token_confidence,117,0.234,0.377255504761242,0.1111111111111111,0.234,0.7614132331404144,0.1282051282051282
token_confidence,118,0.236,0.3775706696734089,0.11864406779661017,0.236,0.7608261619379826,0.1271186440677966
token_confidence,119,0.238,0.3819849318992154,0.11764705882352941,0.238,0.7605270953063746,0.13445378151260504
token_confidence,120,0.24,0.3825619224441648,0.11666666666666667,0.24,0.759743466626294,0.13333333333333333
token_confidence,121,0.242,0.3829199664003593,0.11570247933884298,0.242,0.7573542138423609,0.1322314049586777
token_confidence,122,0.244,0.3831421168426147,0.11475409836065574,0.244,0.756693585011874,0.13934426229508196
token_confidence,123,0.246,0.3850402888382516,0.12195121951219512,0.246,0.7564095839730454,0.13821138211382114
token_confidence,124,0.248,0.385701077286293,0.12096774193548387,0.248,0.7559683535679946,0.14516129032258066
token_confidence,125,0.25,0.3894559487607729,0.12,0.25,0.7545611575041493,0.144
token_confidence,126,0.252,0.3913525227699932,0.12698412698412698,0.252,0.7540644591901097,0.14285714285714285
token_confidence,127,0.254,0.3920255140063616,0.12598425196850394,0.254,0.7537548479865839,0.14173228346456693
token_confidence,128,0.256,0.4000872634823055,0.1328125,0.256,0.7513490903754688,0.140625
token_confidence,129,0.258,0.4002969102647368,0.13178294573643412,0.258,0.749664297439109,0.14728682170542637
token_confidence,130,0.26,0.4020188884462576,0.13076923076923078,0.26,0.7489276506938229,0.14615384615384616
token_confidence,131,0.262,0.4028820428476319,0.13740458015267176,0.262,0.7480963830617083,0.1450381679389313
token_confidence,132,0.264,0.4043063761420999,0.14393939393939395,0.264,0.747375680245632,0.14393939393939395
token_confidence,133,0.266,0.4100542609958753,0.14285714285714285,0.266,0.7472247271390197,0.14285714285714285
token_confidence,134,0.268,0.411162580749993,0.14925373134328357,0.268,0.7469982991008657,0.1417910447761194
token_confidence,135,0.27,0.4132590165155166,0.15555555555555556,0.27,0.745986239285417,0.14074074074074075
token_confidence,136,0.272,0.4137331742449434,0.16176470588235295,0.272,0.7441084750865969,0.13970588235294118
token_confidence,137,0.274,0.4144177735893257,0.16058394160583941,0.274,0.7424415881502352,0.1386861313868613
token_confidence,138,0.276,0.4160247736693931,0.16666666666666666,0.276,0.7416755937080043,0.13768115942028986
token_confidence,139,0.278,0.4171084816309159,0.16546762589928057,0.278,0.739059371610718,0.1366906474820144
token_confidence,140,0.28,0.4176575858197112,0.16428571428571428,0.28,0.7380690825319476,0.14285714285714285
token_confidence,141,0.282,0.4180204772509795,0.1702127659574468,0.282,0.7352141504945672,0.14893617021276595
token_confidence,142,0.284,0.4183124464904691,0.16901408450704225,0.284,0.733065761824264,0.15492957746478872
token_confidence,143,0.286,0.4204419242654397,0.16783216783216784,0.286,0.7318874370030404,0.15384615384615385
token_confidence,144,0.288,0.4223144942278976,0.16666666666666666,0.288,0.7314292197131905,0.1597222222222222
token_confidence,145,0.29,0.423455000656648,0.16551724137931034,0.29,0.7309782991717633,0.16551724137931034
token_confidence,146,0.292,0.4236956634244931,0.1643835616438356,0.292,0.7306866351615205,0.17123287671232876
token_confidence,147,0.294,0.4238451508561142,0.17006802721088435,0.294,0.7291786316036898,0.17006802721088435
token_confidence,148,0.296,0.4250539737176809,0.16891891891891891,0.296,0.7273450939933372,0.17567567567567569
token_confidence,149,0.298,0.4251493073514136,0.16778523489932887,0.298,0.7250319135482648,0.174496644295302
token_confidence,150,0.3,0.4253324848740605,0.17333333333333334,0.3,0.7245513614229466,0.17333333333333334
token_confidence,151,0.302,0.4260181063620157,0.17880794701986755,0.302,0.7245067673134946,0.17880794701986755
token_confidence,152,0.304,0.4261148249874196,0.18421052631578946,0.304,0.7236376182644448,0.18421052631578946
token_confidence,153,0.306,0.4262498063253322,0.1895424836601307,0.306,0.7202301772966616,0.1895424836601307
token_confidence,154,0.308,0.4263080561500982,0.18831168831168832,0.308,0.7162307228103532,0.19480519480519481
token_confidence,155,0.31,0.4264880832663861,0.1870967741935484,0.31,0.7143371473084748,0.1935483870967742
token_confidence,156,0.312,0.4282000129353818,0.19230769230769232,0.312,0.7139334793731231,0.19230769230769232
token_confidence,157,0.314,0.428532736995201,0.1910828025477707,0.314,0.7086637072457712,0.19745222929936307
token_confidence,158,0.316,0.429300811714436,0.189873417721519,0.316,0.7085795463215925,0.1962025316455696
token_confidence,159,0.318,0.4310986130082952,0.18867924528301888,0.318,0.7066794116484068,0.1949685534591195
token_confidence,160,0.32,0.4318603638409196,0.1875,0.32,0.7048000557698092,0.2
token_confidence,161,0.322,0.4341159145908886,0.18633540372670807,0.322,0.7031631689449426,0.19875776397515527
token_confidence,162,0.324,0.4341736914667913,0.19135802469135801,0.324,0.7030310843314315,0.2037037037037037
token_confidence,163,0.326,0.4349735366329938,0.1901840490797546,0.326,0.6981452955039891,0.2085889570552147
token_confidence,164,0.328,0.4350923182643464,0.1951219512195122,0.328,0.6965726710507798,0.21341463414634146
token_confidence,165,0.33,0.4352689548072417,0.2,0.33,0.6964878945325691,0.21212121212121213
token_confidence,166,0.332,0.4371304848546302,0.19879518072289157,0.332,0.6946153459223774,0.21686746987951808
token_confidence,167,0.334,0.4376342376111097,0.19760479041916168,0.334,0.6908356443445731,0.2155688622754491
token_confidence,168,0.336,0.4402156951821748,0.20238095238095238,0.336,0.6863056198036346,0.21428571428571427
token_confidence,169,0.338,0.440411538244947,0.20118343195266272,0.338,0.6810230585586011,0.21301775147928995
token_confidence,170,0.34,0.4422701972957335,0.20588235294117646,0.34,0.678148429710748,0.21176470588235294
token_confidence,171,0.342,0.4435751805048005,0.21052631578947367,0.342,0.677025609315603,0.21052631578947367
token_confidence,172,0.344,0.4463093265149561,0.21511627906976744,0.344,0.6751260371295827,0.21511627906976744
token_confidence,173,0.346,0.4493588513661384,0.2138728323699422,0.346,0.6745803377080947,0.21965317919075145
token_confidence,174,0.348,0.4498362850996913,0.21264367816091953,0.348,0.6744301747650739,0.22413793103448276
token_confidence,175,0.35,0.4503773554394585,0.21714285714285714,0.35,0.6729755572295992,0.22857142857142856
token_confidence,176,0.352,0.4525824075458984,0.2215909090909091,0.352,0.6716235172177545,0.22727272727272727
token_confidence,177,0.354,0.4533358958020222,0.22033898305084745,0.354,0.6715917709947004,0.23163841807909605
token_confidence,178,0.356,0.4542165077643674,0.21910112359550563,0.356,0.6684643876360392,0.23595505617977527
token_confidence,179,0.358,0.4569778810726582,0.21787709497206703,0.358,0.6678519752246597,0.2346368715083799
token_confidence,180,0.36,0.4596492372758783,0.21666666666666667,0.36,0.6666675780639356,0.2388888888888889
token_confidence,181,0.362,0.4605199437947917,0.2154696132596685,0.362,0.6657267858418843,0.2430939226519337
token_confidence,182,0.364,0.4616033684390522,0.21978021978021978,0.364,0.663587198246917,0.24175824175824176
token_confidence,183,0.366,0.4619035455280396,0.22404371584699453,0.366,0.6635669266518494,0.2459016393442623
token_confidence,184,0.368,0.4627815457950036,0.22826086956521738,0.368,0.6580756007245648,0.25
token_confidence,185,0.37,0.4659448949489512,0.23243243243243245,0.37,0.6573234463910179,0.24864864864864866
token_confidence,186,0.372,0.4662669095517374,0.23118279569892472,0.372,0.6538852390439074,0.25268817204301075
token_confidence,187,0.374,0.4665565986837414,0.22994652406417113,0.374,0.6521940785950712,0.25133689839572193
token_confidence,188,0.376,0.4667246937873573,0.22872340425531915,0.376,0.6520259243666041,0.2553191489361702
token_confidence,189,0.378,0.4691858158218564,0.2328042328042328,0.378,0.6511209290971739,0.25396825396825395
token_confidence,190,0.38,0.4693780200308888,0.23684210526315788,0.38,0.6493859776505351,0.2578947368421053
token_confidence,191,0.382,0.4700783982195262,0.2356020942408377,0.382,0.6465754030395849,0.2617801047120419
token_confidence,192,0.384,0.471809603854584,0.23958333333333334,0.384,0.6444572659852617,0.265625
token_confidence,193,0.386,0.4743706294955586,0.23834196891191708,0.386,0.6442153721579783,0.2694300518134715
token_confidence,194,0.388,0.4745623932260083,0.2422680412371134,0.388,0.6440887023682126,0.27319587628865977
token_confidence,195,0.39,0.4753711780197974,0.24102564102564103,0.39,0.6438421618640237,0.27692307692307694
token_confidence,196,0.392,0.4762913335534107,0.23979591836734693,0.392,0.6414734248569451,0.28061224489795916
token_confidence,197,0.394,0.4765797378039734,0.2436548223350254,0.394,0.641031584317828,0.28426395939086296
token_confidence,198,0.396,0.4782733793864419,0.2474747474747475,0.396,0.6402437525875276,0.2828282828282828
token_confidence,199,0.398,0.4815964833968958,0.25125628140703515,0.398,0.6392765729081438,0.2814070351758794
token_confidence,200,0.4,0.4817332514586768,0.255,0.4,0.6368852325257094,0.285
token_confidence,201,0.402,0.4830588337868188,0.2537313432835821,0.402,0.6348283891680576,0.2835820895522388
token_confidence,202,0.404,0.4835347479491261,0.2524752475247525,0.404,0.6344953743392546,0.2871287128712871
token_confidence,203,0.406,0.4838656411730752,0.2512315270935961,0.406,0.6341927556423917,0.2857142857142857
token_confidence,204,0.408,0.4854524728175049,0.25,0.408,0.6310095000849888,0.28921568627450983
token_confidence,205,0.41,0.4869664005402789,0.24878048780487805,0.41,0.626720601366182,0.28780487804878047
token_confidence,206,0.412,0.4887926690161129,0.2524271844660194,0.412,0.6242667335276346,0.2912621359223301
token_confidence,207,0.414,0.4915056927128854,0.25120772946859904,0.414,0.623385326625297,0.2946859903381642
token_confidence,208,0.416,0.4924700096989895,0.25,0.416,0.610964267461692,0.2932692307692308
token_confidence,209,0.418,0.4941239995638468,0.24880382775119617,0.418,0.609424236848386,0.291866028708134
token_confidence,210,0.42,0.4942242313532019,0.24761904761904763,0.42,0.608505802470394,0.2904761904761905
token_confidence,211,0.422,0.497361540624946,0.25118483412322273,0.422,0.6072297108696082,0.2938388625592417
token_confidence,212,0.424,0.4993495314304054,0.25471698113207547,0.424,0.6067118515350332,0.2971698113207547
token_confidence,213,0.426,0.4996676607678452,0.25821596244131456,0.426,0.6046398787782784,0.29577464788732394
token_confidence,214,0.428,0.4997651512294985,0.2616822429906542,0.428,0.6044156713001955,0.29439252336448596
token_confidence,215,0.43,0.502830712095454,0.26046511627906976,0.43,0.6030358114694703,0.2930232558139535
token_confidence,216,0.432,0.5028315425645814,0.2638888888888889,0.432,0.6005457153085033,0.2916666666666667
token_confidence,217,0.434,0.503642348170091,0.2626728110599078,0.434,0.5999153159939541,0.29493087557603687
token_confidence,218,0.436,0.5037870880433901,0.26605504587155965,0.436,0.5996305214178373,0.2981651376146789
token_confidence,219,0.438,0.5038707976868387,0.2648401826484018,0.438,0.596527062883787,0.3013698630136986
token_confidence,220,0.44,0.5046822993096802,0.2681818181818182,0.44,0.5959811322850186,0.30454545454545456
token_confidence,221,0.442,0.5060672774388506,0.27149321266968324,0.442,0.592337297913023,0.3076923076923077
token_confidence,222,0.444,0.508200875872072,0.2747747747747748,0.444,0.5923289153833082,0.3108108108108108
token_confidence,223,0.446,0.5100862734608835,0.27802690582959644,0.446,0.5921411097473748,0.31390134529147984
token_confidence,224,0.448,0.5100999394431404,0.28125,0.448,0.5901343313065357,0.3125
token_confidence,225,0.45,0.5101402250564465,0.28444444444444444,0.45,0.5885933649924031,0.31555555555555553
token_confidence,226,0.452,0.5116025429592388,0.2831858407079646,0.452,0.5850165436630667,0.3141592920353982
token_confidence,227,0.454,0.5148869146486196,0.28634361233480177,0.454,0.5825626511625307,0.31718061674008813
token_confidence,228,0.456,0.5151379323715056,0.2850877192982456,0.456,0.5798672591410089,0.3157894736842105
token_confidence,229,0.458,0.5172420329756723,0.2838427947598253,0.458,0.5790591554474469,0.31877729257641924
token_confidence,230,0.46,0.5177405084620074,0.28695652173913044,0.46,0.5736403768701603,0.3217391304347826
token_confidence,231,0.462,0.5183545219334119,0.29004329004329005,0.462,0.5705120055990939,0.3246753246753247
token_confidence,232,0.464,0.5202482210004299,0.29310344827586204,0.464,0.570287448345603,0.3232758620689655
token_confidence,233,0.466,0.5258460954032208,0.2918454935622318,0.466,0.5682339996001103,0.3218884120171674
token_confidence,234,0.468,0.527561313038006,0.2905982905982906,0.468,0.5679723819584327,0.32051282051282054
token_confidence,235,0.47,0.5298374036179769,0.2936170212765957,0.47,0.566485616205717,0.3191489361702128
token_confidence,236,0.472,0.5307404087355863,0.2923728813559322,0.472,0.5661084813284176,0.3220338983050847
token_confidence,237,0.474,0.5323081435134165,0.29535864978902954,0.474,0.565842201671072,0.32489451476793246
token_confidence,238,0.476,0.5331391115914664,0.29411764705882354,0.476,0.5646241804824071,0.3235294117647059
token_confidence,239,0.478,0.5347249419317683,0.29707112970711297,0.478,0.5643008812254173,0.32217573221757323
token_confidence,240,0.48,0.5374599052539454,0.3,0.48,0.5634600166550368,0.32083333333333336
token_confidence,241,0.482,0.5375944043773175,0.2987551867219917,0.482,0.560611138188472,0.3236514522821577
token_confidence,242,0.484,0.5384436142718692,0.30165289256198347,0.484,0.5602489644583911,0.32644628099173556
token_confidence,243,0.486,0.5387157701148847,0.3045267489711934,0.486,0.5597052522260717,0.32510288065843623
token_confidence,244,0.488,0.5389525895227737,0.30327868852459017,0.488,0.5588975629975955,0.32786885245901637
token_confidence,245,0.49,0.5392620697063423,0.3020408163265306,0.49,0.5576925937940984,0.32653061224489793
token_confidence,246,0.492,0.5397882408099625,0.3048780487804878,0.492,0.5574088793577949,0.32926829268292684
token_confidence,247,0.494,0.540429856172631,0.3076923076923077,0.494,0.5573679482999545,0.3319838056680162
token_confidence,248,0.496,0.5456652093104934,0.31048387096774194,0.496,0.5563621661263043,0.3346774193548387
token_confidence,249,0.498,0.5459045778827205,0.3092369477911647,0.498,0.5559387604415317,0.3373493975903614
token_confidence,250,0.5,0.5466139000190575,0.308,0.5,0.5532905337654483,0.336
token_confidence,251,0.502,0.5532905337654483,0.3107569721115538,0.502,0.5466139000190575,0.3386454183266932
token_confidence,252,0.504,0.5559387604415317,0.30952380952380953,0.504,0.5459045778827205,0.3412698412698413
token_confidence,253,0.506,0.5563621661263043,0.308300395256917,0.506,0.5456652093104934,0.33992094861660077
token_confidence,254,0.508,0.5573679482999545,0.30708661417322836,0.508,0.540429856172631,0.33858267716535434
token_confidence,255,0.51,0.5574088793577949,0.3058823529411765,0.51,0.5397882408099625,0.33725490196078434
token_confidence,256,0.512,0.5576925937940984,0.30859375,0.512,0.5392620697063423,0.33984375
token_confidence,257,0.514,0.5588975629975955,0.30739299610894943,0.514,0.5389525895227737,0.3424124513618677
token_confidence,258,0.516,0.5597052522260717,0.31007751937984496,0.516,0.5387157701148847,0.34108527131782945
token_confidence,259,0.518,0.5602489644583911,0.3088803088803089,0.518,0.5384436142718692,0.33976833976833976
token_confidence,260,0.52,0.560611138188472,0.3076923076923077,0.52,0.5375944043773175,0.3423076923076923
token_confidence,261,0.522,0.5634600166550368,0.3103448275862069,0.522,0.5374599052539454,0.34099616858237547
token_confidence,262,0.524,0.5643008812254173,0.31297709923664124,0.524,0.5347249419317683,0.33969465648854963
token_confidence,263,0.526,0.5646241804824071,0.3155893536121673,0.526,0.5331391115914664,0.34220532319391633
token_confidence,264,0.528,0.565842201671072,0.3143939393939394,0.528,0.5323081435134165,0.3409090909090909
token_confidence,265,0.53,0.5661084813284176,0.3132075471698113,0.53,0.5307404087355863,0.3433962264150943
token_confidence,266,0.532,0.566485616205717,0.3157894736842105,0.532,0.5298374036179769,0.34210526315789475
token_confidence,267,0.534,0.5679723819584327,0.31835205992509363,0.534,0.527561313038006,0.3445692883895131
token_confidence,268,0.536,0.5682339996001103,0.3208955223880597,0.536,0.5258460954032208,0.34701492537313433
token_confidence,269,0.538,0.570287448345603,0.32342007434944237,0.538,0.5202482210004299,0.34572490706319703
token_confidence,270,0.54,0.5705120055990939,0.32222222222222224,0.54,0.5183545219334119,0.34444444444444444
token_confidence,271,0.542,0.5736403768701603,0.3210332103321033,0.542,0.5177405084620074,0.34317343173431736
token_confidence,272,0.544,0.5790591554474469,0.31985294117647056,0.544,0.5172420329756723,0.34558823529411764
token_confidence,273,0.546,0.5798672591410089,0.32234432234432236,0.546,0.5151379323715056,0.34798534798534797
token_confidence,274,0.548,0.5825626511625307,0.32116788321167883,0.548,0.5148869146486196,0.3467153284671533
token_confidence,275,0.55,0.5850165436630667,0.3236363636363636,0.55,0.5116025429592388,0.3490909090909091
token_confidence,276,0.552,0.5885933649924031,0.322463768115942,0.552,0.5101402250564465,0.34782608695652173
token_confidence,277,0.554,0.5901343313065357,0.3249097472924188,0.554,0.5100999394431404,0.34657039711191334
token_confidence,278,0.556,0.5921411097473748,0.3237410071942446,0.556,0.5100862734608835,0.34532374100719426
token_confidence,279,0.558,0.5923289153833082,0.3225806451612903,0.558,0.508200875872072,0.34408602150537637
token_confidence,280,0.56,0.592337297913023,0.32142857142857145,0.56,0.5060672774388506,0.34285714285714286
token_confidence,281,0.562,0.5959811322850186,0.3202846975088968,0.562,0.5046822993096802,0.3416370106761566
token_confidence,282,0.564,0.596527062883787,0.3191489361702128,0.564,0.5038707976868387,0.34397163120567376
token_confidence,283,0.566,0.5996305214178373,0.31802120141342755,0.566,0.5037870880433901,0.34275618374558303
token_confidence,284,0.568,0.5999153159939541,0.31690140845070425,0.568,0.503642348170091,0.34507042253521125
token_confidence,285,0.57,0.6005457153085033,0.3192982456140351,0.57,0.5028315425645814,0.34385964912280703
token_confidence,286,0.572,0.6030358114694703,0.32167832167832167,0.572,0.502830712095454,0.34615384615384615
token_confidence,287,0.574,0.6044156713001955,0.3240418118466899,0.574,0.4997651512294985,0.34494773519163763
token_confidence,288,0.576,0.6046398787782784,0.3263888888888889,0.576,0.4996676607678452,0.34375
token_confidence,289,0.578,0.6067118515350332,0.32525951557093424,0.578,0.4993495314304054,0.34256055363321797
token_confidence,290,0.58,0.6072297108696082,0.32413793103448274,0.58,0.497361540624946,0.3413793103448276
token_confidence,291,0.582,0.608505802470394,0.32646048109965636,0.582,0.4942242313532019,0.3436426116838488
token_confidence,292,0.584,0.609424236848386,0.3287671232876712,0.584,0.4941239995638468,0.3458904109589041
token_confidence,293,0.586,0.610964267461692,0.3310580204778157,0.586,0.4924700096989895,0.34812286689419797
token_confidence,294,0.588,0.623385326625297,0.3299319727891156,0.588,0.4915056927128854,0.35034013605442177
token_confidence,295,0.59,0.6242667335276346,0.3288135593220339,0.59,0.4887926690161129,0.34915254237288135
token_confidence,296,0.592,0.626720601366182,0.3310810810810811,0.592,0.4869664005402789,0.35135135135135137
token_confidence,297,0.594,0.6310095000849888,0.32996632996632996,0.594,0.4854524728175049,0.35353535353535354
token_confidence,298,0.596,0.6341927556423917,0.33221476510067116,0.596,0.4838656411730752,0.35570469798657717
token_confidence,299,0.598,0.6344953743392546,0.3311036789297659,0.598,0.4835347479491261,0.35785953177257523
token_confidence,300,0.6,0.6348283891680576,0.3333333333333333,0.6,0.4830588337868188,0.36
token_confidence,301,0.602,0.6368852325257094,0.33222591362126247,0.602,0.4817332514586768,0.3588039867109635
token_confidence,302,0.604,0.6392765729081438,0.3344370860927152,0.604,0.4815964833968958,0.3576158940397351
token_confidence,303,0.606,0.6402437525875276,0.33663366336633666,0.606,0.4782733793864419,0.3564356435643564
token_confidence,304,0.608,0.641031584317828,0.3355263157894737,0.608,0.4765797378039734,0.35526315789473684
token_confidence,305,0.61,0.6414734248569451,0.3344262295081967,0.61,0.4762913335534107,0.35737704918032787
token_confidence,306,0.612,0.6438421618640237,0.3333333333333333,0.612,0.4753711780197974,0.35947712418300654
token_confidence,307,0.614,0.6440887023682126,0.3322475570032573,0.614,0.4745623932260083,0.3583061889250814
token_confidence,308,0.616,0.6442153721579783,0.33116883116883117,0.616,0.4743706294955586,0.36038961038961037
token_confidence,309,0.618,0.6444572659852617,0.3300970873786408,0.618,0.471809603854584,0.3592233009708738
token_confidence,310,0.62,0.6465754030395849,0.32903225806451614,0.62,0.4700783982195262,0.36129032258064514
token_confidence,311,0.622,0.6493859776505351,0.3279742765273312,0.622,0.4693780200308888,0.36012861736334406
token_confidence,312,0.624,0.6511209290971739,0.3301282051282051,0.624,0.4691858158218564,0.358974358974359
token_confidence,313,0.626,0.6520259243666041,0.329073482428115,0.626,0.4667246937873573,0.3610223642172524
token_confidence,314,0.628,0.6521940785950712,0.33121019108280253,0.628,0.4665565986837414,0.3630573248407643
token_confidence,315,0.63,0.6538852390439074,0.33015873015873015,0.63,0.4662669095517374,0.36507936507936506
token_confidence,316,0.632,0.6573234463910179,0.3322784810126582,0.632,0.4659448949489512,0.3639240506329114
token_confidence,317,0.634,0.6580756007245648,0.3312302839116719,0.634,0.4627815457950036,0.3627760252365931
token_confidence,318,0.636,0.6635669266518494,0.330188679245283,0.636,0.4619035455280396,0.36163522012578614
token_confidence,319,0.638,0.663587198246917,0.3322884012539185,0.638,0.4616033684390522,0.3605015673981191
token_confidence,320,0.64,0.6657267858418843,0.33125,0.64,0.4605199437947917,0.3625
token_confidence,321,0.642,0.6666675780639356,0.3302180685358255,0.642,0.4596492372758783,0.3644859813084112
token_confidence,322,0.644,0.6678519752246597,0.33229813664596275,0.644,0.4569778810726582,0.36645962732919257
token_confidence,323,0.646,0.6684643876360392,0.33126934984520123,0.646,0.4542165077643674,0.3684210526315789
token_confidence,324,0.648,0.6715917709947004,0.33024691358024694,0.648,0.4533358958020222,0.37037037037037035
token_confidence,325,0.65,0.6716235172177545,0.3323076923076923,0.65,0.4525824075458984,0.36923076923076925
token_confidence,326,0.652,0.6729755572295992,0.3312883435582822,0.652,0.4503773554394585,0.36809815950920244
token_confidence,327,0.654,0.6744301747650739,0.3302752293577982,0.654,0.4498362850996913,0.37003058103975534
token_confidence,328,0.656,0.6745803377080947,0.32926829268292684,0.656,0.4493588513661384,0.3719512195121951
token_confidence,329,0.658,0.6751260371295827,0.3282674772036474,0.658,0.4463093265149561,0.3708206686930091
token_confidence,330,0.66,0.677025609315603,0.3303030303030303,0.66,0.4435751805048005,0.3696969696969697
token_confidence,331,0.662,0.678148429710748,0.3323262839879154,0.662,0.4422701972957335,0.3685800604229607
token_confidence,332,0.664,0.6810230585586011,0.33433734939759036,0.664,0.440411538244947,0.3704819277108434
token_confidence,333,0.666,0.6863056198036346,0.33633633633633636,0.666,0.4402156951821748,0.36936936936936937
token_confidence,334,0.668,0.6908356443445731,0.3383233532934132,0.668,0.4376342376111097,0.3712574850299401
token_confidence,335,0.67,0.6946153459223774,0.3373134328358209,0.67,0.4371304848546302,0.373134328358209
token_confidence,336,0.672,0.6964878945325691,0.3392857142857143,0.672,0.4352689548072417,0.37202380952380953
token_confidence,337,0.674,0.6965726710507798,0.33827893175074186,0.674,0.4350923182643464,0.37091988130563797
token_confidence,338,0.676,0.6981452955039891,0.33727810650887574,0.676,0.4349735366329938,0.3727810650887574
token_confidence,339,0.678,0.7030310843314315,0.336283185840708,0.678,0.4341736914667913,0.37168141592920356
token_confidence,340,0.68,0.7031631689449426,0.3382352941176471,0.68,0.4341159145908886,0.3735294117647059
token_confidence,341,0.682,0.7048000557698092,0.33724340175953077,0.682,0.4318603638409196,0.375366568914956
token_confidence,342,0.684,0.7066794116484068,0.3391812865497076,0.684,0.4310986130082952,0.37719298245614036
token_confidence,343,0.686,0.7085795463215925,0.34110787172011664,0.686,0.429300811714436,0.37900874635568516
token_confidence,344,0.688,0.7086637072457712,0.34011627906976744,0.688,0.428532736995201,0.3808139534883721
token_confidence,345,0.69,0.7139334793731231,0.34202898550724636,0.69,0.4282000129353818,0.37971014492753624
token_confidence,346,0.692,0.7143371473084748,0.3439306358381503,0.692,0.4264880832663861,0.3815028901734104
token_confidence,347,0.694,0.7162307228103532,0.34293948126801155,0.694,0.4263080561500982,0.38328530259365995
token_confidence,348,0.696,0.7202301772966616,0.34195402298850575,0.696,0.4262498063253322,0.382183908045977
token_confidence,349,0.698,0.7236376182644448,0.34097421203438394,0.698,0.4261148249874196,0.38108882521489973
token_confidence,350,0.7,0.7245067673134946,0.34,0.7,0.4260181063620157,0.38
token_confidence,351,0.702,0.7245513614229466,0.3418803418803419,0.702,0.4253324848740605,0.3789173789173789
token_confidence,352,0.704,0.7250319135482648,0.34375,0.704,0.4251493073514136,0.3806818181818182
token_confidence,353,0.706,0.7273450939933372,0.34277620396600567,0.706,0.4250539737176809,0.38243626062322944
token_confidence,354,0.708,0.7291786316036898,0.3446327683615819,0.708,0.4238451508561142,0.3813559322033898
token_confidence,355,0.71,0.7306866351615205,0.3436619718309859,0.71,0.4236956634244931,0.38309859154929576
token_confidence,356,0.712,0.7309782991717633,0.34269662921348315,0.712,0.423455000656648,0.3848314606741573
token_confidence,357,0.714,0.7314292197131905,0.34173669467787116,0.714,0.4223144942278976,0.3865546218487395
token_confidence,358,0.716,0.7318874370030404,0.3435754189944134,0.716,0.4204419242654397,0.388268156424581
token_confidence,359,0.718,0.733065761824264,0.3426183844011142,0.718,0.4183124464904691,0.38997214484679665
token_confidence,360,0.72,0.7352141504945672,0.3416666666666667,0.72,0.4180204772509795,0.3888888888888889
token_confidence,361,0.722,0.7380690825319476,0.3407202216066482,0.722,0.4176575858197112,0.39058171745152354
token_confidence,362,0.724,0.739059371610718,0.3425414364640884,0.724,0.4171084816309159,0.39226519337016574
token_confidence,363,0.726,0.7416755937080043,0.3443526170798898,0.726,0.4160247736693931,0.39118457300275483
token_confidence,364,0.728,0.7424415881502352,0.34615384615384615,0.728,0.4144177735893257,0.39285714285714285
token_confidence,365,0.73,0.7441084750865969,0.34794520547945207,0.73,0.4137331742449434,0.3917808219178082
token_confidence,366,0.732,0.745986239285417,0.34972677595628415,0.732,0.4132590165155166,0.3907103825136612
token_confidence,367,0.734,0.7469982991008657,0.35149863760217986,0.734,0.411162580749993,0.3896457765667575
token_confidence,368,0.736,0.7472247271390197,0.3532608695652174,0.736,0.4100542609958753,0.391304347826087
token_confidence,369,0.738,0.747375680245632,0.35501355013550134,0.738,0.4043063761420999,0.3902439024390244
token_confidence,370,0.74,0.7480963830617083,0.3567567567567568,0.74,0.4028820428476319,0.3891891891891892
token_confidence,371,0.742,0.7489276506938229,0.3584905660377358,0.742,0.4020188884462576,0.3908355795148248
token_confidence,372,0.744,0.749664297439109,0.3575268817204301,0.744,0.4002969102647368,0.3924731182795699
token_confidence,373,0.746,0.7513490903754688,0.35924932975871315,0.746,0.4000872634823055,0.3914209115281501
token_confidence,374,0.748,0.7537548479865839,0.3609625668449198,0.748,0.3920255140063616,0.393048128342246
token_confidence,375,0.75,0.7540644591901097,0.3626666666666667,0.75,0.3913525227699932,0.392
token_confidence,376,0.752,0.7545611575041493,0.36436170212765956,0.752,0.3894559487607729,0.39361702127659576
token_confidence,377,0.754,0.7559683535679946,0.363395225464191,0.754,0.385701077286293,0.3952254641909814
token_confidence,378,0.756,0.7564095839730454,0.36507936507936506,0.756,0.3850402888382516,0.3941798941798942
token_confidence,379,0.758,0.756693585011874,0.3641160949868074,0.758,0.3831421168426147,0.39577836411609496
token_confidence,380,0.76,0.7573542138423609,0.36578947368421055,0.76,0.3829199664003593,0.3973684210526316
token_confidence,381,0.762,0.759743466626294,0.3674540682414698,0.762,0.3825619224441648,0.3989501312335958
token_confidence,382,0.764,0.7605270953063746,0.36649214659685864,0.764,0.3819849318992154,0.4005235602094241
token_confidence,383,0.766,0.7608261619379826,0.3681462140992167,0.766,0.3775706696734089,0.39947780678851175
token_confidence,384,0.768,0.7614132331404144,0.3697916666666667,0.768,0.377255504761242,0.4010416666666667
token_confidence,385,0.77,0.7619470471615778,0.36883116883116884,0.77,0.3749569420148465,0.4025974025974026
token_confidence,386,0.772,0.7653820847339892,0.36787564766839376,0.772,0.3738430577963125,0.40414507772020725
token_confidence,387,0.774,0.7683926348298036,0.3695090439276486,0.774,0.3734473093409655,0.40568475452196384
token_confidence,388,0.776,0.7694375527409154,0.3711340206185567,0.776,0.3678713943932955,0.4072164948453608
token_confidence,389,0.778,0.7706688120383322,0.37017994858611825,0.778,0.3617684036814254,0.4087403598971722
token_confidence,390,0.78,0.7716829795090676,0.36923076923076925,0.78,0.3558219709098446,0.41025641025641024
token_confidence,391,0.782,0.7726755720716868,0.37084398976982097,0.782,0.3519274286164726,0.4117647058823529
token_confidence,392,0.784,0.7733547511224282,0.37244897959183676,0.784,0.3498234437510356,0.4107142857142857
token_confidence,393,0.786,0.7737067068188219,0.37404580152671757,0.786,0.3476176709468375,0.4122137404580153
token_confidence,394,0.788,0.7747104485711905,0.3756345177664975,0.788,0.3470891449898634,0.4137055837563452
token_confidence,395,0.79,0.7816449794807169,0.37468354430379747,0.79,0.3448742602905061,0.41265822784810124
token_confidence,396,0.792,0.7824854145752074,0.37626262626262624,0.792,0.3390854001720111,0.41414141414141414
token_confidence,397,0.794,0.7854549416936419,0.3778337531486146,0.794,0.3336583409825104,0.4156171284634761
token_confidence,398,0.796,0.7855266652813533,0.3793969849246231,0.796,0.3329924565752485,0.41457286432160806
token_confidence,399,0.798,0.7863490358168933,0.38095238095238093,0.798,0.3320691547152479,0.41604010025062654
token_confidence,400,0.8,0.7879280616061117,0.3825,0.8,0.3319491092596088,0.415
token_confidence,401,0.802,0.78905884460513,0.38403990024937656,0.802,0.3290991628034884,0.4164588528678304
token_confidence,402,0.804,0.7903583290715703,0.38308457711442784,0.804,0.3284246907907016,0.417910447761194
token_confidence,403,0.806,0.7907457309866016,0.38461538461538464,0.806,0.3229335692329286,0.41935483870967744
token_confidence,404,0.808,0.7929118389335855,0.38613861386138615,0.808,0.3207927618908322,0.4207920792079208
token_confidence,405,0.81,0.7984756525938039,0.3851851851851852,0.81,0.3123178394848472,0.4222222222222222
token_confidence,406,0.812,0.7986280628080652,0.3866995073891626,0.812,0.3073015727674683,0.4211822660098522
token_confidence,407,0.814,0.7999386207432535,0.3882063882063882,0.814,0.3070536058319656,0.4226044226044226
token_confidence,408,0.816,0.8028792993143788,0.3872549019607843,0.816,0.3015770240464983,0.42401960784313725
token_confidence,409,0.818,0.8056389118228169,0.38875305623471884,0.818,0.2978632155957009,0.4254278728606357
token_confidence,410,0.82,0.8062957562193498,0.3902439024390244,0.82,0.294624093273632,0.4268292682926829
token_confidence,411,0.822,0.8064978057452036,0.39172749391727496,0.822,0.2937170055836632,0.4282238442822384
token_confidence,412,0.824,0.8073397447771993,0.3932038834951456,0.824,0.2800079830991515,0.42961165048543687
token_confidence,413,0.826,0.8099808535478618,0.3946731234866828,0.826,0.2792123429058872,0.43099273607748184
token_confidence,414,0.828,0.8105743331570335,0.39371980676328505,0.828,0.2777476297115596,0.42995169082125606
token_confidence,415,0.83,0.8145148679211447,0.39518072289156625,0.83,0.2713846097680887,0.43132530120481927
token_confidence,416,0.832,0.8193782486661322,0.39663461538461536,0.832,0.2713509144976913,0.4326923076923077
token_confidence,417,0.834,0.8237175448018591,0.3980815347721823,0.834,0.2666498344291729,0.434052757793765
token_confidence,418,0.836,0.8313499409669973,0.39952153110047844,0.836,0.265215420487957,0.4354066985645933
token_confidence,419,0.838,0.8318756807061962,0.4009546539379475,0.838,0.2620931460551217,0.43675417661097854
token_confidence,420,0.84,0.8334522720272589,0.4023809523809524,0.84,0.2606428727282544,0.4380952380952381
token_confidence,421,0.842,0.839875217197902,0.40380047505938244,0.842,0.259892938909223,0.43942992874109266
token_confidence,422,0.844,0.8402998729786881,0.4052132701421801,0.844,0.2595107368955828,0.43838862559241704
token_confidence,423,0.846,0.8436632790096431,0.4066193853427896,0.846,0.2473319408808735,0.4373522458628842
token_confidence,424,0.848,0.8489908284496158,0.4080188679245283,0.848,0.2413944665612964,0.4386792452830189
token_confidence,425,0.85,0.853837988029516,0.40941176470588236,0.85,0.241349198778113,0.44
token_confidence,426,0.852,0.8544676271067804,0.4107981220657277,0.852,0.2359291784263388,0.4413145539906103
token_confidence,427,0.854,0.8572824302365539,0.41217798594847777,0.854,0.2356480499715533,0.4426229508196721
token_confidence,428,0.856,0.8575860906520507,0.4135514018691589,0.856,0.2296396470242954,0.441588785046729
token_confidence,429,0.858,0.8583996648133638,0.4149184149184149,0.858,0.2246252533055178,0.4428904428904429
token_confidence,430,0.86,0.8600048996230264,0.41627906976744183,0.86,0.2243504265662918,0.4441860465116279
token_confidence,431,0.862,0.8606662891077104,0.4176334106728538,0.862,0.2234544640551016,0.44547563805104406
token_confidence,432,0.864,0.8607077201974734,0.41898148148148145,0.864,0.219107332951762,0.44675925925925924
token_confidence,433,0.866,0.8627024536926625,0.42032332563510394,0.866,0.2159474559294673,0.44803695150115475
token_confidence,434,0.868,0.8628433259236497,0.4216589861751152,0.868,0.2133900217735562,0.4470046082949309
token_confidence,435,0.87,0.868915500939415,0.42298850574712643,0.87,0.2079592636355331,0.4482758620689655
token_confidence,436,0.872,0.8697559684893054,0.4243119266055046,0.872,0.2079041353458131,0.44724770642201833
token_confidence,437,0.874,0.8703865807171678,0.425629290617849,0.874,0.2029540427972508,0.448512585812357
token_confidence,438,0.876,0.8716068099583925,0.4269406392694064,0.876,0.2027982181486708,0.4497716894977169
token_confidence,439,0.878,0.8724294304205739,0.428246013667426,0.878,0.1989672728267674,0.4510250569476082
token_confidence,440,0.88,0.8724727386942661,0.42954545454545456,0.88,0.1978567021955256,0.45227272727272727
token_confidence,441,0.882,0.874418474456281,0.4308390022675737,0.882,0.1977425458091187,0.45351473922902497
token_confidence,442,0.884,0.8744409446146394,0.4321266968325792,0.884,0.1925770007400154,0.45475113122171945
token_confidence,443,0.886,0.8770477768277326,0.43340857787810383,0.886,0.1829971952322815,0.45598194130925507
token_confidence,444,0.888,0.8780883770409673,0.4346846846846847,0.888,0.1782018401590039,0.4572072072072072
token_confidence,445,0.89,0.8801439773857582,0.43595505617977526,0.89,0.1742493981918408,0.4584269662921348
token_confidence,446,0.892,0.8834654371367472,0.437219730941704,0.892,0.1736052316153064,0.45739910313901344
token_confidence,447,0.894,0.883647598986194,0.43847874720357943,0.894,0.1736026777091083,0.45861297539149887
token_confidence,448,0.896,0.8837118933392795,0.43973214285714285,0.896,0.1672271794204712,0.45982142857142855
token_confidence,449,0.898,0.8840715597912504,0.44097995545657015,0.898,0.165959892179331,0.4610244988864143
token_confidence,450,0.9,0.8855294362499526,0.44,0.9,0.1597480491674347,0.46
token_confidence,451,0.902,0.8881046457695728,0.44124168514412415,0.902,0.1567753240424287,0.4611973392461197
token_confidence,452,0.904,0.8881894051147954,0.4424778761061947,0.904,0.1542041350734961,0.46238938053097345
token_confidence,453,0.906,0.888342112043413,0.44370860927152317,0.906,0.1500569022261067,0.46357615894039733
token_confidence,454,0.908,0.8922564310410623,0.44493392070484583,0.908,0.136184594648184,0.4647577092511013
token_confidence,455,0.91,0.8939897226287207,0.4461538461538462,0.91,0.1346668113500733,0.46593406593406594
token_confidence,456,0.912,0.8942769324225461,0.4473684210526316,0.912,0.1327364261141727,0.46710526315789475
token_confidence,457,0.914,0.8956871905765779,0.4485776805251641,0.914,0.1324932614552486,0.4682713347921225
token_confidence,458,0.916,0.8957888608846891,0.4497816593886463,0.916,0.1228298853726898,0.46943231441048033
token_confidence,459,0.918,0.8964359185465286,0.45098039215686275,0.918,0.1028632807200562,0.47058823529411764
token_confidence,460,0.92,0.8988951885720622,0.45217391304347826,0.92,0.1028506134909151,0.4717391304347826
token_confidence,461,0.922,0.9042751620774628,0.45336225596529284,0.922,0.099927715923983,0.47288503253796094
token_confidence,462,0.924,0.9045461438983574,0.45454545454545453,0.924,0.0961838796852393,0.474025974025974
token_confidence,463,0.926,0.9065196863957736,0.4557235421166307,0.926,0.0885559984597298,0.47516198704103674
token_confidence,464,0.928,0.9112242415743104,0.45689655172413796,0.928,0.0816222464924917,0.47629310344827586
token_confidence,465,0.93,0.911516671301911,0.45806451612903226,0.93,0.0811406971809296,0.4774193548387097
token_confidence,466,0.932,0.9134580434383818,0.4592274678111588,0.932,0.0809302412132134,0.47854077253218885
token_confidence,467,0.934,0.9135106855170202,0.4582441113490364,0.934,0.0738033890324058,0.4796573875802998
token_confidence,468,0.936,0.9149193543200808,0.4594017094017094,0.936,0.0701425014495193,0.4807692307692308
token_confidence,469,0.938,0.9164290536132612,0.4584221748400853,0.938,0.0690024715190633,0.48187633262260127
token_confidence,470,0.94,0.9168102148348202,0.4595744680851064,0.94,0.0680805441350659,0.4829787234042553
token_confidence,471,0.942,0.9171346377149142,0.4607218683651805,0.942,0.0612424281638779,0.4840764331210191
token_confidence,472,0.944,0.9248473836720807,0.461864406779661,0.944,0.0605414285836998,0.4851694915254237
token_confidence,473,0.946,0.9251002704185493,0.4608879492600423,0.946,0.0567362425413742,0.48625792811839325
token_confidence,474,0.948,0.9252334217249248,0.4620253164556962,0.948,0.0392187487859016,0.4873417721518987
token_confidence,475,0.95,0.9265446081347504,0.4631578947368421,0.95,0.0357151233946014,0.4884210526315789
token_confidence,476,0.952,0.9285092219821668,0.46218487394957986,0.952,0.0341135779080665,0.4894957983193277
token_confidence,477,0.954,0.9308483218591596,0.46331236897274636,0.954,0.0328011820566264,0.49056603773584906
token_confidence,478,0.956,0.9319500833608432,0.46443514644351463,0.956,0.0295731786448471,0.4916317991631799
token_confidence,479,0.958,0.9361335271867528,0.46555323590814196,0.958,0.0275393681537673,0.49269311064718163
token_confidence,480,0.96,0.9418331532841492,0.4666666666666667,0.96,0.0274311311508654,0.49375
token_confidence,481,0.962,0.9429347458899252,0.4677754677754678,0.962,0.0266986964727573,0.49480249480249483
token_confidence,482,0.964,0.9431245389779648,0.46887966804979253,0.964,0.026253887929057,0.495850622406639
token_confidence,483,0.966,0.9435953165735912,0.4699792960662526,0.966,0.0247373540362575,0.4968944099378882
token_confidence,484,0.968,0.9455569628936208,0.47107438016528924,0.968,0.0238310591907905,0.49793388429752067
token_confidence,485,0.97,0.946170194137825,0.47216494845360824,0.97,0.0222424966627348,0.49896907216494846
token_confidence,486,0.972,0.9475104244249763,0.4732510288065844,0.972,0.0218076816099868,0.5
token_confidence,487,0.974,0.9494048853468028,0.47433264887063653,0.974,0.0209516696185388,0.5010266940451745
token_confidence,488,0.976,0.9541429119429824,0.47540983606557374,0.976,0.0191064090960884,0.5020491803278688
token_confidence,489,0.978,0.9559148052245212,0.47648261758691207,0.978,0.0190019160504656,0.5030674846625767
token_confidence,490,0.98,0.960594245604588,0.4775510204081633,0.98,0.0186006264070839,0.5040816326530613
token_confidence,491,0.982,0.962142652259976,0.47657841140529533,0.982,0.0182951706629029,0.505091649694501
token_confidence,492,0.984,0.9656940692289592,0.47764227642276424,0.984,0.0157687539766297,0.5060975609756098
token_confidence,493,0.986,0.9661870883994754,0.4787018255578093,0.986,0.0143736127141527,0.5070993914807302
token_confidence,494,0.988,0.966192576198324,0.4797570850202429,0.988,0.0141646008609147,0.5080971659919028
token_confidence,495,0.99,0.9699219856186982,0.4808080808080808,0.99,0.013400886992538,0.509090909090909
token_confidence,496,0.992,0.9707649123478788,0.48185483870967744,0.992,0.0071254257151481,0.5100806451612904
token_confidence,497,0.994,0.9856530190006692,0.482897384305835,0.994,0.0070429249493949,0.5110663983903421
token_confidence,498,0.996,0.9864760134098122,0.4839357429718876,0.996,0.0065522877393494,0.5120481927710844
token_confidence,499,0.998,0.9865670753752156,0.4849699398797595,0.998,0.0063123962046165,0.5130260521042084
token_confidence,500,1.0,0.9941981679804156,0.486,1.0,0.0060843704246586,0.514
attention,1,0.002,0.0395291809380204,0.0,0.002,0.973533681951232,0.0
attention,2,0.004,0.041979966894362,0.0,0.004,0.9726658854992072,0.0
attention,3,0.006,0.0432618655166365,0.0,0.006,0.968024771683128,0.0
attention,4,0.008,0.0439190607194093,0.0,0.008,0.966925415302832,0.0
attention,5,0.01,0.0502701932691309,0.0,0.01,0.9621309735046932,0.0
attention,6,0.012,0.0559370855155454,0.0,0.012,0.96194932511359,0.0
attention,7,0.014,0.0619358791474241,0.0,0.014,0.9590743679611364,0.0
attention,8,0.016,0.0728482355412824,0.0,0.016,0.958207126058437,0.0
attention,9,0.018,0.0755070446313232,0.0,0.018,0.9571870168172092,0.0
attention,10,0.02,0.0833789358987784,0.0,0.02,0.9538178355693928,0.0
attention,11,0.022,0.0891083210987473,0.0,0.022,0.949507966955748,0.09090909090909091
attention,12,0.024,0.0910860355421107,0.08333333333333333,0.024,0.9492570812472592,0.08333333333333333
attention,13,0.026,0.0914619156241542,0.07692307692307693,0.026,0.947843702693082,0.07692307692307693
attention,14,0.028,0.0929458401124141,0.07142857142857142,0.028,0.9448074620810508,0.07142857142857142
attention,15,0.03,0.0934358133498371,0.06666666666666667,0.03,0.9424006658417318,0.06666666666666667
attention,16,0.032,0.0939654217843113,0.0625,0.032,0.9414643694384904,0.0625
attention,17,0.034,0.1000467096546258,0.058823529411764705,0.034,0.9404646395349592,0.058823529411764705
attention,18,0.036,0.1005675345887338,0.05555555555555555,0.036,0.939356728297188,0.05555555555555555
attention,19,0.038,0.1020389952926008,0.05263157894736842,0.038,0.9369599349837328,0.05263157894736842
attention,20,0.04,0.1037427173994968,0.05,0.04,0.93174156475309,0.05
attention,21,0.042,0.108227587225888,0.047619047619047616,0.042,0.9311932148387774,0.047619047619047616
attention,22,0.044,0.1083693271925323,0.045454545454545456,0.044,0.9302337469484496,0.045454545454545456
attention,23,0.046,0.1088366596627541,0.043478260869565216,0.046,0.9264343591205108,0.043478260869565216
attention,24,0.048,0.1140390695159751,0.041666666666666664,0.048,0.9182675855032056,0.041666666666666664
attention,25,0.05,0.1165796058950419,0.04,0.05,0.9170418607151556,0.04
attention,26,0.052,0.1180992564442265,0.038461538461538464,0.052,0.9165785019538414,0.038461538461538464
attention,27,0.054,0.1225812542185348,0.037037037037037035,0.054,0.9145342111259251,0.037037037037037035
attention,28,0.056,0.1235511557479871,0.03571428571428571,0.056,0.912252846781266,0.03571428571428571
attention,29,0.058,0.1247441916306966,0.034482758620689655,0.058,0.9113825708984,0.034482758620689655
attention,30,0.06,0.1253505041028667,0.03333333333333333,0.06,0.910931611301742,0.03333333333333333
attention,31,0.062,0.1293642960430214,0.03225806451612903,0.062,0.9100292613645792,0.06451612903225806
attention,32,0.064,0.1303043009543424,0.03125,0.064,0.9075190145927126,0.0625
attention,33,0.066,0.133510325811734,0.030303030303030304,0.066,0.9069907373432288,0.06060606060606061
attention,34,0.068,0.138328924327213,0.029411764705882353,0.068,0.9065547329523094,0.058823529411764705
attention,35,0.07,0.1385970835947336,0.02857142857142857,0.07,0.9060593667238358,0.05714285714285714
attention,36,0.072,0.1410294417440835,0.027777777777777776,0.072,0.9053316152964384,0.05555555555555555
attention,37,0.074,0.1422334250603787,0.02702702702702703,0.074,0.904948228992881,0.05405405405405406
attention,38,0.076,0.1438721088533701,0.02631578947368421,0.076,0.9048046647413472,0.05263157894736842
attention,39,0.078,0.1456734155142561,0.02564102564102564,0.078,0.9036631624229942,0.05128205128205128
attention,40,0.08,0.145681756496575,0.025,0.08,0.9021855625749488,0.05
attention,41,0.082,0.1536965738959038,0.024390243902439025,0.082,0.901665509558264,0.04878048780487805
attention,42,0.084,0.1694490557004037,0.023809523809523808,0.084,0.9011377150005132,0.047619047619047616
attention,43,0.086,0.1718275032050399,0.023255813953488372,0.086,0.9006709181910912,0.046511627906976744
attention,44,0.088,0.1731062552976532,0.022727272727272728,0.088,0.8995518750061846,0.045454545454545456
attention,45,0.09,0.1752183214326112,0.022222222222222223,0.09,0.8993628780541677,0.044444444444444446
attention,46,0.092,0.1760978443729516,0.021739130434782608,0.092,0.8954816766307521,0.043478260869565216
attention,47,0.094,0.1819262119062671,0.02127659574468085,0.094,0.8922404983941136,0.0425531914893617
attention,48,0.096,0.1850534245006451,0.020833333333333332,0.096,0.8900712938550986,0.041666666666666664
attention,49,0.098,0.1859770426885351,0.02040816326530612,0.098,0.8889066602464425,0.061224489795918366
attention,50,0.1,0.1910287080305636,0.02,0.1,0.8856003581424915,0.06
attention,51,0.102,0.1916145761931362,0.0196078431372549,0.102,0.8849352886258219,0.058823529411764705
attention,52,0.104,0.1936103808330825,0.019230769230769232,0.104,0.8844676468522766,0.057692307692307696
attention,53,0.106,0.1948911309817989,0.018867924528301886,0.106,0.8831673291662848,0.05660377358490566
attention,54,0.108,0.1956116831767509,0.018518518518518517,0.108,0.8823619572806827,0.05555555555555555
attention,55,0.11,0.1958246653910187,0.01818181818181818,0.11,0.8809313589094079,0.05454545454545454
attention,56,0.112,0.1981269825193836,0.017857142857142856,0.112,0.879110565692695,0.05357142857142857
attention,57,0.114,0.2008900300534322,0.017543859649122806,0.114,0.8773217995819841,0.05263157894736842
attention,58,0.116,0.2028319364706589,0.017241379310344827,0.116,0.8766911734914,0.05172413793103448
attention,59,0.118,0.2038584562245913,0.03389830508474576,0.118,0.8753258181313142,0.06779661016949153
attention,60,0.12,0.2042402691493661,0.03333333333333333,0.12,0.8728970438573999,0.06666666666666667
attention,61,0.122,0.2050953451719094,0.03278688524590164,0.122,0.8675159605391797,0.06557377049180328
attention,62,0.124,0.2066980015956823,0.03225806451612903,0.124,0.8655003010430383,0.06451612903225806
attention,63,0.126,0.2112608319554726,0.031746031746031744,0.126,0.8622117720736813,0.06349206349206349
attention,64,0.128,0.2135714275367547,0.03125,0.128,0.8600922338344965,0.0625
attention,65,0.13,0.2197368990966333,0.03076923076923077,0.13,0.8600471010421514,0.06153846153846154
attention,66,0.132,0.2199259478460417,0.030303030303030304,0.132,0.8559550009691597,0.06060606060606061
attention,67,0.134,0.2199805714608363,0.029850746268656716,0.134,0.8538506595805851,0.05970149253731343
attention,68,0.136,0.2201166833992127,0.029411764705882353,0.136,0.8516198724351823,0.058823529411764705
attention,69,0.138,0.2205233940317109,0.028985507246376812,0.138,0.8512155543477258,0.057971014492753624
attention,70,0.14,0.2222765248667673,0.02857142857142857,0.14,0.8501276016576496,0.05714285714285714
attention,71,0.142,0.2244034142461103,0.028169014084507043,0.142,0.8492840295893259,0.056338028169014086
attention,72,0.144,0.2254544813325789,0.027777777777777776,0.144,0.8476499157444186,0.05555555555555555
attention,73,0.146,0.2323144871139564,0.0273972602739726,0.146,0.8464694993701019,0.0547945205479452
attention,74,0.148,0.2350073484879849,0.02702702702702703,0.148,0.8437144455775439,0.06756756756756757
attention,75,0.15,0.2351813565705765,0.02666666666666667,0.15,0.8432134118539949,0.06666666666666667
attention,76,0.152,0.2354002384393089,0.039473684210526314,0.152,0.8415835938559985,0.07894736842105263
attention,77,0.154,0.2367942488042835,0.03896103896103896,0.154,0.8367232583586721,0.07792207792207792
attention,78,0.156,0.2371977391905707,0.038461538461538464,0.156,0.8354078712047289,0.07692307692307693
attention,79,0.158,0.2375319998258233,0.0379746835443038,0.158,0.833443514658362,0.0759493670886076
attention,80,0.16,0.2377963620901503,0.0375,0.16,0.833440172717198,0.075
attention,81,0.162,0.239353206478031,0.037037037037037035,0.162,0.8327246879716415,0.07407407407407407
attention,82,0.164,0.2394447489868896,0.036585365853658534,0.164,0.832588482105019,0.07317073170731707
attention,83,0.166,0.2416967663907861,0.03614457831325301,0.166,0.8323164950810008,0.07228915662650602
attention,84,0.168,0.2465366691847299,0.03571428571428571,0.168,0.8304715071153126,0.08333333333333333
attention,85,0.17,0.2475803078169568,0.047058823529411764,0.17,0.8300743886619567,0.08235294117647059
attention,86,0.172,0.2506048945978527,0.05813953488372093,0.172,0.8295087789053167,0.08139534883720931
attention,87,0.174,0.2539127154103981,0.05747126436781609,0.174,0.8293521363576993,0.08045977011494253
attention,88,0.176,0.2547265251076675,0.056818181818181816,0.176,0.8281643597993916,0.07954545454545454
attention,89,0.178,0.2557333173219743,0.056179775280898875,0.178,0.8280054895970138,0.07865168539325842
attention,90,0.18,0.2572391028814421,0.06666666666666667,0.18,0.825845860493276,0.07777777777777778
attention,91,0.182,0.2580977004220052,0.06593406593406594,0.182,0.8242826714950697,0.07692307692307693
attention,92,0.184,0.2592011908451374,0.06521739130434782,0.184,0.822527809547396,0.07608695652173914
attention,93,0.186,0.2592088991537846,0.06451612903225806,0.186,0.8206252888506935,0.07526881720430108
attention,94,0.188,0.2598865583354093,0.06382978723404255,0.188,0.8190774248615866,0.07446808510638298
attention,95,0.19,0.2651519352689983,0.06315789473684211,0.19,0.8183687474788648,0.07368421052631578
attention,96,0.192,0.2714207883303125,0.0625,0.192,0.8141456503327638,0.07291666666666667
attention,97,0.194,0.2727737669077549,0.061855670103092786,0.194,0.8120755698211235,0.08247422680412371
attention,98,0.196,0.2736201988346106,0.061224489795918366,0.196,0.8097954058904779,0.09183673469387756
attention,99,0.198,0.2753134376953984,0.06060606060606061,0.198,0.8094629518292775,0.09090909090909091
attention,100,0.2,0.2753494438679508,0.06,0.2,0.8078122230131337,0.09
attention,101,0.202,0.2775455302520567,0.0594059405940594,0.202,0.8070052185516186,0.0891089108910891
attention,102,0.204,0.2787173031601034,0.058823529411764705,0.204,0.8063212987481012,0.08823529411764706
attention,103,0.206,0.2787514570463869,0.05825242718446602,0.206,0.8055774960276315,0.08737864077669903
attention,104,0.208,0.279818083612644,0.057692307692307696,0.208,0.8006653769815568,0.08653846153846154
attention,105,0.21,0.2879585277457123,0.06666666666666667,0.21,0.8004207135437621,0.09523809523809523
attention,106,0.212,0.2913989521279482,0.0660377358490566,0.212,0.7959998613437147,0.10377358490566038
attention,107,0.214,0.2933934840092388,0.07476635514018691,0.214,0.7954034386060879,0.102803738317757
attention,108,0.216,0.2934801377689836,0.07407407407407407,0.216,0.7949647547950104,0.10185185185185185
attention,109,0.218,0.2950556052565447,0.07339449541284404,0.218,0.7934951561485974,0.10091743119266056
attention,110,0.22,0.2965049136451323,0.07272727272727272,0.22,0.7922794930255971,0.1
attention,111,0.222,0.2968735740130905,0.07207207207207207,0.222,0.7922658613161504,0.0990990990990991
attention,112,0.224,0.2977986800198533,0.07142857142857142,0.224,0.7905604381321435,0.09821428571428571
attention,113,0.226,0.2982451946364894,0.07964601769911504,0.226,0.7902126192891346,0.10619469026548672
attention,114,0.228,0.305146168626709,0.07894736842105263,0.228,0.7863839530353833,0.10526315789473684
attention,115,0.23,0.3061889571139427,0.08695652173913043,0.23,0.7859476834202024,0.10434782608695652
attention,116,0.232,0.3066503868415519,0.08620689655172414,0.232,0.7849772539942143,0.10344827586206896
attention,117,0.234,0.3097759614886218,0.08547008547008547,0.234,0.7834339534129438,0.10256410256410256
attention,118,0.236,0.3105185260664969,0.0847457627118644,0.236,0.7823382128888571,0.11016949152542373
attention,119,0.238,0.3139071413146821,0.09243697478991597,0.238,0.7822298079608084,0.11764705882352941
attention,120,0.24,0.3193392378257472,0.09166666666666666,0.24,0.7795683734216352,0.125
attention,121,0.242,0.3195107627288597,0.09090909090909091,0.242,0.7774527584031545,0.12396694214876033
attention,122,0.244,0.3203490903383647,0.09016393442622951,0.244,0.7764121859014443,0.12295081967213115
attention,123,0.246,0.3226381598188563,0.0975609756097561,0.246,0.7758233633485554,0.12195121951219512
attention,124,0.248,0.3284317472113663,0.0967741935483871,0.248,0.773865889998897,0.12096774193548387
attention,125,0.25,0.3304570309984472,0.096,0.25,0.7731300214540712,0.128
attention,126,0.252,0.3304984300063471,0.09523809523809523,0.252,0.7707930660702766,0.12698412698412698
attention,127,0.254,0.3326325828811107,0.10236220472440945,0.254,0.7693486827360203,0.12598425196850394
attention,128,0.256,0.3360178912427577,0.109375,0.256,0.7688743851588161,0.1328125
attention,129,0.258,0.3369124948938352,0.10852713178294573,0.258,0.7662177113685231,0.13953488372093023
attention,130,0.26,0.3389105829356361,0.11538461538461539,0.26,0.7661129928947432,0.13846153846153847
attention,131,0.262,0.3418487465212182,0.11450381679389313,0.262,0.7650464738986011,0.13740458015267176
attention,132,0.264,0.3439754872410407,0.12121212121212122,0.264,0.7612304684760463,0.13636363636363635
attention,133,0.266,0.3443803405550782,0.12030075187969924,0.266,0.7581264974267279,0.13533834586466165
attention,134,0.268,0.3447838736419936,0.11940298507462686,0.268,0.7576056687695226,0.1417910447761194
attention,135,0.27,0.3468207825688765,0.11851851851851852,0.27,0.7573196730559917,0.14814814814814814
attention,136,0.272,0.3482410578676995,0.125,0.272,0.7548167257134136,0.15441176470588236
attention,137,0.274,0.3492292748294376,0.12408759124087591,0.274,0.7537241331062111,0.15328467153284672
attention,138,0.276,0.3496198395902717,0.13043478260869565,0.276,0.7535484343304472,0.15217391304347827
attention,139,0.278,0.3515980522349075,0.1366906474820144,0.278,0.7533707932542952,0.15827338129496402
attention,140,0.28,0.3547146312865291,0.14285714285714285,0.28,0.7488431845689353,0.15714285714285714
attention,141,0.282,0.355523174566767,0.14893617021276595,0.282,0.7481118869527527,0.16312056737588654
attention,142,0.284,0.3570337790808591,0.14788732394366197,0.284,0.7474757323372971,0.1619718309859155
attention,143,0.286,0.3580150870907252,0.14685314685314685,0.286,0.7440023959340055,0.16783216783216784
attention,144,0.288,0.3580997218062482,0.1527777777777778,0.288,0.74352204723479,0.16666666666666666
attention,145,0.29,0.3581546474251964,0.15172413793103448,0.29,0.7426737598852567,0.16551724137931034
attention,146,0.292,0.3588198688987256,0.1506849315068493,0.292,0.7360908990029842,0.1643835616438356
attention,147,0.294,0.3614190658659509,0.14965986394557823,0.294,0.7344834447203166,0.17006802721088435
attention,148,0.296,0.3651039836566751,0.14864864864864866,0.296,0.7318878724903431,0.16891891891891891
attention,149,0.298,0.3663356422880252,0.1476510067114094,0.298,0.7310703520785409,0.174496644295302
attention,150,0.3,0.3688832439598628,0.14666666666666667,0.3,0.7288386650948901,0.17333333333333334
attention,151,0.302,0.3745756660048208,0.152317880794702,0.302,0.7284085130431166,0.17218543046357615
attention,152,0.304,0.3792583873737666,0.1513157894736842,0.304,0.7243869197525517,0.17105263157894737
attention,153,0.306,0.3871236606407068,0.1503267973856209,0.306,0.7227610063350166,0.16993464052287582
attention,154,0.308,0.3884357861079043,0.15584415584415584,0.308,0.7221840936402496,0.17532467532467533
attention,155,0.31,0.3899944969303492,0.16129032258064516,0.31,0.7217988583073188,0.18064516129032257
attention,156,0.312,0.3910249528604667,0.16025641025641027,0.312,0.7201530283343373,0.1794871794871795
attention,157,0.314,0.3922645199533625,0.16560509554140126,0.314,0.7192171777467521,0.17834394904458598
attention,158,0.316,0.3926596686991839,0.16455696202531644,0.316,0.7186903275393351,0.17721518987341772
attention,159,0.318,0.3967190541608244,0.16352201257861634,0.318,0.7178439409189554,0.1761006289308176
attention,160,0.32,0.3986074364595184,0.1625,0.32,0.7168273669821298,0.18125
attention,161,0.322,0.3987621336400599,0.16770186335403728,0.322,0.7150933993276269,0.18633540372670807
attention,162,0.324,0.3993820161833585,0.1728395061728395,0.324,0.7138852519920685,0.18518518518518517
attention,163,0.326,0.400769072697375,0.17791411042944785,0.326,0.7063031103305208,0.18404907975460122
attention,164,0.328,0.4033165222131584,0.18292682926829268,0.328,0.7058012778975282,0.18902439024390244
attention,165,0.33,0.4045882201575243,0.18787878787878787,0.33,0.7040583028920253,0.18787878787878787
attention,166,0.332,0.4062842231144706,0.18674698795180722,0.332,0.7026468889730281,0.18674698795180722
attention,167,0.334,0.4116824886588408,0.18562874251497005,0.334,0.7002258407135017,0.19161676646706588
attention,168,0.336,0.4138886746180931,0.18452380952380953,0.336,0.6998589363875538,0.19047619047619047
attention,169,0.338,0.4146408982692997,0.1893491124260355,0.338,0.6965709030809295,0.1952662721893491
attention,170,0.34,0.4155127153919559,0.18823529411764706,0.34,0.6945326132821341,0.2
attention,171,0.342,0.415554407902162,0.1871345029239766,0.342,0.6938193315102887,0.2046783625730994
attention,172,0.344,0.4181597303532855,0.18604651162790697,0.344,0.6920812709286589,0.20930232558139536
attention,173,0.346,0.4189116430278897,0.18497109826589594,0.346,0.6905361741221948,0.20809248554913296
attention,174,0.348,0.4207147539632493,0.1896551724137931,0.348,0.6891627083294997,0.20689655172413793
attention,175,0.35,0.4215276136358329,0.19428571428571428,0.35,0.6884986314447882,0.21142857142857144
attention,176,0.352,0.4219714838241817,0.19318181818181818,0.352,0.6867420949871886,0.21022727272727273
attention,177,0.354,0.423256063807915,0.192090395480226,0.354,0.6860881312704166,0.20903954802259886
attention,178,0.356,0.4252909015793241,0.19662921348314608,0.356,0.6859380720697289,0.20786516853932585
attention,179,0.358,0.4263636747523249,0.2011173184357542,0.358,0.6841386486180407,0.20670391061452514
attention,180,0.36,0.4282173975068436,0.2,0.36,0.6826475773788514,0.2111111111111111
attention,181,0.362,0.4292442523900923,0.19889502762430938,0.362,0.6797667854810925,0.20994475138121546
attention,182,0.364,0.4311306373469417,0.2032967032967033,0.364,0.6770821556162999,0.2087912087912088
attention,183,0.366,0.4311314216284929,0.20218579234972678,0.366,0.6761398045659739,0.21311475409836064
attention,184,0.368,0.4362654463617548,0.20108695652173914,0.368,0.673059390841159,0.21195652173913043
attention,185,0.37,0.4457256146912571,0.2,0.37,0.6729668998151194,0.21621621621621623
attention,186,0.372,0.4491922829888947,0.20430107526881722,0.372,0.6725392689967643,0.22043010752688172
attention,187,0.374,0.4528968897165852,0.20320855614973263,0.374,0.6697549703050907,0.2192513368983957
attention,188,0.376,0.4577118410455357,0.20212765957446807,0.376,0.6684370930055786,0.21808510638297873
attention,189,0.378,0.4598081931863795,0.20634920634920634,0.378,0.6675702962844703,0.2222222222222222
attention,190,0.38,0.4603995585238971,0.20526315789473684,0.38,0.6656877174743818,0.22105263157894736
attention,191,0.382,0.4623805710995344,0.20418848167539266,0.382,0.6644242889599291,0.2198952879581152
attention,192,0.384,0.4673559917198666,0.203125,0.384,0.6610446595698618,0.21875
attention,193,0.386,0.4680085003231041,0.20207253886010362,0.386,0.6595793627147286,0.21761658031088082
attention,194,0.388,0.4705382784709951,0.20618556701030927,0.388,0.6594992035907156,0.22164948453608246
attention,195,0.39,0.4711422994389784,0.20512820512820512,0.39,0.6582022326724367,0.22564102564102564
attention,196,0.392,0.4711985689483471,0.20408163265306123,0.392,0.6563815595189544,0.22448979591836735
attention,197,0.394,0.4727142127855937,0.20304568527918782,0.394,0.6557331808150925,0.2233502538071066
attention,198,0.396,0.4731582933590145,0.20202020202020202,0.396,0.6548686661763861,0.2222222222222222
attention,199,0.398,0.4752623370136865,0.20100502512562815,0.398,0.6545615136106113,0.22110552763819097
attention,200,0.4,0.4779974707666047,0.2,0.4,0.6537662921418357,0.22
attention,201,0.402,0.4809606569095199,0.20398009950248755,0.402,0.6518085801305052,0.21890547263681592
attention,202,0.404,0.481896458842417,0.20297029702970298,0.404,0.6508517039555827,0.22277227722772278
attention,203,0.406,0.482352523695947,0.2019704433497537,0.406,0.6507125635555322,0.22660098522167488
attention,204,0.408,0.4839371868498649,0.20098039215686275,0.408,0.6506524742341443,0.23039215686274508
attention,205,0.41,0.4848618794806468,0.2048780487804878,0.41,0.6497867101493013,0.22926829268292684
attention,206,0.412,0.4858904958671567,0.2087378640776699,0.412,0.6429173087486219,0.22815533980582525
attention,207,0.414,0.4866315785858381,0.21256038647342995,0.414,0.6426780974491347,0.22705314009661837
attention,208,0.416,0.4897795078901143,0.21153846153846154,0.416,0.6415827579081624,0.22596153846153846
attention,209,0.418,0.4928533254158534,0.21052631578947367,0.418,0.6403975511736698,0.22966507177033493
attention,210,0.42,0.4947847256723104,0.21428571428571427,0.42,0.6401903563380338,0.22857142857142856
attention,211,0.422,0.4958096400882079,0.2132701421800948,0.422,0.6398210572580685,0.22748815165876776
attention,212,0.424,0.4959655642134246,0.21226415094339623,0.424,0.639598745021332,0.22641509433962265
attention,213,0.426,0.4983281140220635,0.2112676056338028,0.426,0.634338774664816,0.22535211267605634
attention,214,0.428,0.4989915582016386,0.2102803738317757,0.428,0.6337445899345908,0.22897196261682243
attention,215,0.43,0.501883572151004,0.21395348837209302,0.43,0.6298309021426064,0.23255813953488372
attention,216,0.432,0.5020566499628789,0.2175925925925926,0.432,0.6264874728699312,0.23148148148148148
attention,217,0.434,0.503039756380424,0.22119815668202766,0.434,0.6261160737224576,0.2350230414746544
attention,218,0.436,0.5040191591663886,0.22018348623853212,0.436,0.6234815303877043,0.23394495412844038
attention,219,0.438,0.5061041447895712,0.2191780821917808,0.438,0.6180622854053078,0.2328767123287671
attention,220,0.44,0.5073805257201968,0.22272727272727272,0.44,0.6165168636628473,0.23636363636363636
attention,221,0.442,0.5108328530659413,0.22624434389140272,0.442,0.6160864890806385,0.23529411764705882
attention,222,0.444,0.5121618850161737,0.22972972972972974,0.444,0.6155847248677339,0.23873873873873874
attention,223,0.446,0.5124526890916102,0.22869955156950672,0.446,0.6110481020872038,0.23766816143497757
attention,224,0.448,0.5131647106251155,0.22767857142857142,0.448,0.6106948718923334,0.23660714285714285
attention,225,0.45,0.5133050719550383,0.2311111111111111,0.45,0.6054886943127805,0.23555555555555555
attention,226,0.452,0.5134102361920247,0.2345132743362832,0.452,0.6053713198427698,0.23893805309734514
attention,227,0.454,0.5164776956117029,0.23348017621145375,0.454,0.604272232720271,0.2422907488986784
attention,228,0.456,0.5165618846312552,0.23684210526315788,0.456,0.6035106964494449,0.2412280701754386
attention,229,0.458,0.5172441931049934,0.23580786026200873,0.458,0.6013812532664505,0.24017467248908297
attention,230,0.46,0.5173077453730247,0.2391304347826087,0.46,0.597208502746717,0.24347826086956523
attention,231,0.462,0.5203705748096761,0.23809523809523808,0.462,0.59562352320085,0.24675324675324675
attention,232,0.464,0.5243914843534231,0.23706896551724138,0.464,0.594881426461776,0.24568965517241378
attention,233,0.466,0.5298756310034825,0.24034334763948498,0.466,0.593342591638074,0.24892703862660945
attention,234,0.468,0.5308516937556672,0.23931623931623933,0.468,0.5929742922987885,0.25213675213675213
attention,235,0.47,0.5358294100772556,0.2425531914893617,0.47,0.5919377726606647,0.2553191489361702
attention,236,0.472,0.5358531499648865,0.24152542372881355,0.472,0.5894274594800065,0.2542372881355932
attention,237,0.474,0.5384847616231279,0.24472573839662448,0.474,0.5863270022596176,0.25738396624472576
attention,238,0.476,0.5409103357682645,0.24789915966386555,0.476,0.5850032130551198,0.2605042016806723
attention,239,0.478,0.543019848118709,0.2510460251046025,0.478,0.5842408085420386,0.26359832635983266
attention,240,0.48,0.5439388778620304,0.25416666666666665,0.48,0.5801335204155494,0.2625
attention,241,0.482,0.5441069469470156,0.25311203319502074,0.482,0.5782832919005813,0.26141078838174275
attention,242,0.484,0.5453475755631624,0.25206611570247933,0.484,0.5782273619655655,0.2644628099173554
attention,243,0.486,0.5456338841299341,0.25102880658436216,0.486,0.5739995988937148,0.26337448559670784
attention,244,0.488,0.5460642950672366,0.2540983606557377,0.488,0.5697828526783162,0.26639344262295084
attention,245,0.49,0.5489377538829491,0.2530612244897959,0.49,0.563655035789209,0.2693877551020408
attention,246,0.492,0.5499477519858502,0.25203252032520324,0.492,0.5632523971314086,0.27235772357723576
attention,247,0.494,0.5509726014499782,0.25101214574898784,0.494,0.5623355559641318,0.27530364372469635
attention,248,0.496,0.5522753250636019,0.2540322580645161,0.496,0.557752105463493,0.2782258064516129
attention,249,0.498,0.5529414899341742,0.25301204819277107,0.498,0.5571357678102669,0.27710843373493976
attention,250,0.5,0.5541351262219114,0.252,0.5,0.5558040311316705,0.28
attention,251,0.502,0.5558040311316705,0.250996015936255,0.502,0.5541351262219114,0.28286852589641437
attention,252,0.504,0.5571357678102669,0.25396825396825395,0.504,0.5529414899341742,0.2857142857142857
attention,253,0.506,0.557752105463493,0.25296442687747034,0.506,0.5522753250636019,0.2845849802371542
attention,254,0.508,0.5623355559641318,0.25196850393700787,0.508,0.5509726014499782,0.2874015748031496
attention,255,0.51,0.5632523971314086,0.25098039215686274,0.51,0.5499477519858502,0.2901960784313726
attention,256,0.512,0.563655035789209,0.25,0.512,0.5489377538829491,0.29296875
attention,257,0.514,0.5697828526783162,0.2490272373540856,0.514,0.5460642950672366,0.2918287937743191
attention,258,0.516,0.5739995988937148,0.25193798449612403,0.516,0.5456338841299341,0.29457364341085274
attention,259,0.518,0.5782273619655655,0.25096525096525096,0.518,0.5453475755631624,0.2972972972972973
attention,260,0.52,0.5782832919005813,0.25384615384615383,0.52,0.5441069469470156,0.3
attention,261,0.522,0.5801335204155494,0.2567049808429119,0.522,0.5439388778620304,0.2988505747126437
attention,262,0.524,0.5842408085420386,0.25572519083969464,0.524,0.543019848118709,0.29770992366412213
attention,263,0.526,0.5850032130551198,0.25475285171102663,0.526,0.5409103357682645,0.2965779467680608
attention,264,0.528,0.5863270022596176,0.2537878787878788,0.528,0.5384847616231279,0.29545454545454547
attention,265,0.53,0.5894274594800065,0.25660377358490566,0.53,0.5358531499648865,0.2981132075471698
attention,266,0.532,0.5919377726606647,0.2556390977443609,0.532,0.5358294100772556,0.29699248120300753
attention,267,0.534,0.5929742922987885,0.2546816479400749,0.534,0.5308516937556672,0.299625468164794
attention,268,0.536,0.593342591638074,0.2537313432835821,0.536,0.5298756310034825,0.29850746268656714
attention,269,0.538,0.594881426461776,0.25650557620817843,0.538,0.5243914843534231,0.30111524163568776
attention,270,0.54,0.59562352320085,0.25555555555555554,0.54,0.5203705748096761,0.3037037037037037
attention,271,0.542,0.597208502746717,0.25461254612546125,0.542,0.5173077453730247,0.3025830258302583
attention,272,0.544,0.6013812532664505,0.25735294117647056,0.544,0.5172441931049934,0.30514705882352944
attention,273,0.546,0.6035106964494449,0.2600732600732601,0.546,0.5165618846312552,0.304029304029304
attention,274,0.548,0.604272232720271,0.2591240875912409,0.548,0.5164776956117029,0.30656934306569344
attention,275,0.55,0.6053713198427698,0.2581818181818182,0.55,0.5134102361920247,0.3054545454545455
attention,276,0.552,0.6054886943127805,0.2608695652173913,0.552,0.5133050719550383,0.30434782608695654
attention,277,0.554,0.6106948718923334,0.26353790613718414,0.554,0.5131647106251155,0.30685920577617326
attention,278,0.556,0.6110481020872038,0.26618705035971224,0.556,0.5124526890916102,0.30935251798561153
attention,279,0.558,0.6155847248677339,0.26523297491039427,0.558,0.5121618850161737,0.30824372759856633
attention,280,0.56,0.6160864890806385,0.26785714285714285,0.56,0.5108328530659413,0.30714285714285716
attention,281,0.562,0.6165168636628473,0.2669039145907473,0.562,0.5073805257201968,0.30604982206405695
attention,282,0.564,0.6180622854053078,0.2695035460992908,0.564,0.5061041447895712,0.30851063829787234
attention,283,0.566,0.6234815303877043,0.27208480565371024,0.566,0.5040191591663886,0.31095406360424027
attention,284,0.568,0.6261160737224576,0.2711267605633803,0.568,0.503039756380424,0.30985915492957744
attention,285,0.57,0.6264874728699312,0.2736842105263158,0.57,0.5020566499628789,0.3087719298245614
attention,286,0.572,0.6298309021426064,0.2727272727272727,0.572,0.501883572151004,0.3076923076923077
attention,287,0.574,0.6337445899345908,0.27177700348432055,0.574,0.4989915582016386,0.31010452961672474
attention,288,0.576,0.634338774664816,0.2743055555555556,0.576,0.4983281140220635,0.3125
attention,289,0.578,0.639598745021332,0.2768166089965398,0.578,0.4959655642134246,0.314878892733564
attention,290,0.58,0.6398210572580685,0.2793103448275862,0.58,0.4958096400882079,0.31724137931034485
attention,291,0.582,0.6401903563380338,0.281786941580756,0.582,0.4947847256723104,0.3161512027491409
attention,292,0.584,0.6403975511736698,0.2808219178082192,0.584,0.4928533254158534,0.3184931506849315
attention,293,0.586,0.6415827579081624,0.2832764505119454,0.586,0.4897795078901143,0.32081911262798635
attention,294,0.588,0.6426780974491347,0.2857142857142857,0.588,0.4866315785858381,0.3197278911564626
attention,295,0.59,0.6429173087486219,0.288135593220339,0.59,0.4858904958671567,0.31864406779661014
attention,296,0.592,0.6497867101493013,0.2905405405405405,0.592,0.4848618794806468,0.31756756756756754
attention,297,0.594,0.6506524742341443,0.2895622895622896,0.594,0.4839371868498649,0.31986531986531985
attention,298,0.596,0.6507125635555322,0.28859060402684567,0.596,0.482352523695947,0.3221476510067114
attention,299,0.598,0.6508517039555827,0.28762541806020064,0.598,0.481896458842417,0.32441471571906355
attention,300,0.6,0.6518085801305052,0.29,0.6,0.4809606569095199,0.3233333333333333
attention,301,0.602,0.6537662921418357,0.292358803986711,0.602,0.4779974707666047,0.32558139534883723
attention,302,0.604,0.6545615136106113,0.2947019867549669,0.604,0.4752623370136865,0.32781456953642385
attention,303,0.606,0.6548686661763861,0.297029702970297,0.606,0.4731582933590145,0.33003300330033003
attention,304,0.608,0.6557331808150925,0.2993421052631579,0.608,0.4727142127855937,0.33223684210526316
attention,305,0.61,0.6563815595189544,0.3016393442622951,0.61,0.4711985689483471,0.3344262295081967
attention,306,0.612,0.6582022326724367,0.3006535947712418,0.612,0.4711422994389784,0.3366013071895425
attention,307,0.614,0.6594992035907156,0.2996742671009772,0.614,0.4705382784709951,0.3355048859934853
attention,308,0.616,0.6595793627147286,0.30194805194805197,0.616,0.4680085003231041,0.33766233766233766
attention,309,0.618,0.6610446595698618,0.3042071197411003,0.618,0.4673559917198666,0.33980582524271846
attention,310,0.62,0.6644242889599291,0.3064516129032258,0.62,0.4623805710995344,0.3419354838709677
attention,311,0.622,0.6656877174743818,0.3086816720257235,0.622,0.4603995585238971,0.3440514469453376
attention,312,0.624,0.6675702962844703,0.3076923076923077,0.624,0.4598081931863795,0.34294871794871795
attention,313,0.626,0.6684370930055786,0.30990415335463256,0.626,0.4577118410455357,0.3450479233226837
attention,314,0.628,0.6697549703050907,0.31210191082802546,0.628,0.4528968897165852,0.3471337579617834
attention,315,0.63,0.6725392689967643,0.3111111111111111,0.63,0.4491922829888947,0.346031746031746
attention,316,0.632,0.6729668998151194,0.310126582278481,0.632,0.4457256146912571,0.34810126582278483
attention,317,0.634,0.673059390841159,0.31230283911671924,0.634,0.4362654463617548,0.3501577287066246
attention,318,0.636,0.6761398045659739,0.3113207547169811,0.636,0.4311314216284929,0.3522012578616352
attention,319,0.638,0.6770821556162999,0.31347962382445144,0.638,0.4311306373469417,0.3510971786833856
attention,320,0.64,0.6797667854810925,0.315625,0.64,0.4292442523900923,0.353125
attention,321,0.642,0.6826475773788514,0.3146417445482866,0.642,0.4282173975068436,0.35514018691588783
attention,322,0.644,0.6841386486180407,0.3167701863354037,0.644,0.4263636747523249,0.35403726708074534
attention,323,0.646,0.6859380720697289,0.3188854489164087,0.646,0.4252909015793241,0.35294117647058826
attention,324,0.648,0.6860881312704166,0.32098765432098764,0.648,0.423256063807915,0.3549382716049383
attention,325,0.65,0.6867420949871886,0.3230769230769231,0.65,0.4219714838241817,0.3569230769230769
attention,326,0.652,0.6884986314447882,0.3220858895705521,0.652,0.4215276136358329,0.3558282208588957
attention,327,0.654,0.6891627083294997,0.3241590214067278,0.654,0.4207147539632493,0.3547400611620795
attention,328,0.656,0.6905361741221948,0.32621951219512196,0.656,0.4189116430278897,0.3567073170731707
attention,329,0.658,0.6920812709286589,0.3252279635258359,0.658,0.4181597303532855,0.3586626139817629
attention,330,0.66,0.6938193315102887,0.3242424242424242,0.66,0.415554407902162,0.3606060606060606
attention,331,0.662,0.6945326132821341,0.32326283987915405,0.662,0.4155127153919559,0.36253776435045315
attention,332,0.664,0.6965709030809295,0.32228915662650603,0.664,0.4146408982692997,0.3614457831325301
attention,333,0.666,0.6998589363875538,0.32432432432432434,0.666,0.4138886746180931,0.3633633633633634
attention,334,0.668,0.7002258407135017,0.32335329341317365,0.668,0.4116824886588408,0.3652694610778443
attention,335,0.67,0.7026468889730281,0.3253731343283582,0.67,0.4062842231144706,0.36716417910447763
attention,336,0.672,0.7040583028920253,0.3273809523809524,0.672,0.4045882201575243,0.36607142857142855
attention,337,0.674,0.7058012778975282,0.3264094955489614,0.674,0.4033165222131584,0.3649851632047478
attention,338,0.676,0.7063031103305208,0.32840236686390534,0.676,0.400769072697375,0.363905325443787
attention,339,0.678,0.7138852519920685,0.3303834808259587,0.678,0.3993820161833585,0.36283185840707965
attention,340,0.68,0.7150933993276269,0.32941176470588235,0.68,0.3987621336400599,0.36176470588235293
attention,341,0.682,0.7168273669821298,0.3284457478005865,0.682,0.3986074364595184,0.36363636363636365
attention,342,0.684,0.7178439409189554,0.3304093567251462,0.684,0.3967190541608244,0.3654970760233918
attention,343,0.686,0.7186903275393351,0.3323615160349854,0.686,0.3926596686991839,0.3673469387755102
attention,344,0.688,0.7192171777467521,0.33430232558139533,0.688,0.3922645199533625,0.36627906976744184
attention,345,0.69,0.7201530283343373,0.336231884057971,0.69,0.3910249528604667,0.3681159420289855
attention,346,0.692,0.7217988583073188,0.3352601156069364,0.692,0.3899944969303492,0.3670520231213873
attention,347,0.694,0.7221840936402496,0.33429394812680113,0.694,0.3884357861079043,0.3659942363112392
attention,348,0.696,0.7227610063350166,0.33620689655172414,0.696,0.3871236606407068,0.367816091954023
attention,349,0.698,0.7243869197525517,0.33810888252148996,0.698,0.3792583873737666,0.36962750716332377
attention,350,0.7,0.7284085130431166,0.34,0.7,0.3745756660048208,0.36857142857142855
attention,351,0.702,0.7288386650948901,0.3418803418803419,0.702,0.3688832439598628,0.37037037037037035
attention,352,0.704,0.7310703520785409,0.3409090909090909,0.704,0.3663356422880252,0.3721590909090909
attention,353,0.706,0.7318878724903431,0.34277620396600567,0.706,0.3651039836566751,0.37393767705382436
attention,354,0.708,0.7344834447203166,0.3418079096045198,0.708,0.3614190658659509,0.3757062146892655
attention,355,0.71,0.7360908990029842,0.3436619718309859,0.71,0.3588198688987256,0.37746478873239436
attention,356,0.712,0.7426737598852567,0.3455056179775281,0.712,0.3581546474251964,0.3792134831460674
attention,357,0.714,0.74352204723479,0.3473389355742297,0.714,0.3580997218062482,0.37815126050420167
attention,358,0.716,0.7440023959340055,0.3463687150837989,0.716,0.3580150870907252,0.37988826815642457
attention,359,0.718,0.7474757323372971,0.34818941504178275,0.718,0.3570337790808591,0.3816155988857939
attention,360,0.72,0.7481118869527527,0.3472222222222222,0.72,0.355523174566767,0.38055555555555554
attention,361,0.722,0.7488431845689353,0.3490304709141274,0.722,0.3547146312865291,0.37950138504155123
attention,362,0.724,0.7533707932542952,0.34806629834254144,0.724,0.3515980522349075,0.3784530386740331
attention,363,0.726,0.7535484343304472,0.349862258953168,0.726,0.3496198395902717,0.3774104683195592
attention,364,0.728,0.7537241331062111,0.3516483516483517,0.728,0.3492292748294376,0.3791208791208791
attention,365,0.73,0.7548167257134136,0.3506849315068493,0.73,0.3482410578676995,0.3780821917808219
attention,366,0.732,0.7573196730559917,0.34972677595628415,0.732,0.3468207825688765,0.3797814207650273
attention,367,0.734,0.7576056687695226,0.34877384196185285,0.734,0.3447838736419936,0.3814713896457766
attention,368,0.736,0.7581264974267279,0.35054347826086957,0.736,0.3443803405550782,0.38315217391304346
attention,369,0.738,0.7612304684760463,0.3523035230352303,0.738,0.3439754872410407,0.3821138211382114
attention,370,0.74,0.7650464738986011,0.35405405405405405,0.74,0.3418487465212182,0.3837837837837838
attention,371,0.742,0.7661129928947432,0.3557951482479784,0.742,0.3389105829356361,0.38274932614555257
attention,372,0.744,0.7662177113685231,0.3548387096774194,0.744,0.3369124948938352,0.3844086021505376
attention,373,0.746,0.7688743851588161,0.353887399463807,0.746,0.3360178912427577,0.38337801608579086
attention,374,0.748,0.7693486827360203,0.35561497326203206,0.748,0.3326325828811107,0.38235294117647056
attention,375,0.75,0.7707930660702766,0.35733333333333334,0.75,0.3304984300063471,0.384
attention,376,0.752,0.7731300214540712,0.35638297872340424,0.752,0.3304570309984472,0.38563829787234044
attention,377,0.754,0.773865889998897,0.35809018567639256,0.754,0.3284317472113663,0.38726790450928383
attention,378,0.756,0.7758233633485554,0.35978835978835977,0.756,0.3226381598188563,0.3862433862433862
attention,379,0.758,0.7764121859014443,0.36147757255936674,0.758,0.3203490903383647,0.38786279683377306
attention,380,0.76,0.7774527584031545,0.3631578947368421,0.76,0.3195107627288597,0.3894736842105263
attention,381,0.762,0.7795683734216352,0.36220472440944884,0.762,0.3193392378257472,0.3910761154855643
attention,382,0.764,0.7822298079608084,0.3612565445026178,0.764,0.3139071413146821,0.3900523560209424
attention,383,0.766,0.7823382128888571,0.360313315926893,0.766,0.3105185260664969,0.391644908616188
attention,384,0.768,0.7834339534129438,0.3619791666666667,0.768,0.3097759614886218,0.3932291666666667
attention,385,0.77,0.7849772539942143,0.36363636363636365,0.77,0.3066503868415519,0.3948051948051948
attention,386,0.772,0.7859476834202024,0.36528497409326427,0.772,0.3061889571139427,0.39378238341968913
attention,387,0.774,0.7863839530353833,0.3669250645994832,0.774,0.305146168626709,0.3953488372093023
attention,388,0.776,0.7902126192891346,0.36597938144329895,0.776,0.2982451946364894,0.3943298969072165
attention,389,0.778,0.7905604381321435,0.3676092544987147,0.778,0.2977986800198533,0.39588688946015427
attention,390,0.78,0.7922658613161504,0.36923076923076925,0.78,0.2968735740130905,0.3974358974358974
attention,391,0.782,0.7922794930255971,0.37084398976982097,0.782,0.2965049136451323,0.3989769820971867
attention,392,0.784,0.7934951561485974,0.37244897959183676,0.784,0.2950556052565447,0.4005102040816326
attention,393,0.786,0.7949647547950104,0.37404580152671757,0.786,0.2934801377689836,0.4020356234096692
attention,394,0.788,0.7954034386060879,0.3756345177664975,0.788,0.2933934840092388,0.4010152284263959
attention,395,0.79,0.7959998613437147,0.37468354430379747,0.79,0.2913989521279482,0.40253164556962023
attention,396,0.792,0.8004207135437621,0.37373737373737376,0.792,0.2879585277457123,0.4015151515151515
attention,397,0.794,0.8006653769815568,0.37531486146095716,0.794,0.279818083612644,0.40302267002518893
attention,398,0.796,0.8055774960276315,0.3768844221105528,0.796,0.2787514570463869,0.4045226130653266
attention,399,0.798,0.8063212987481012,0.37844611528822053,0.798,0.2787173031601034,0.40601503759398494
attention,400,0.8,0.8070052185516186,0.38,0.8,0.2775455302520567,0.4075
attention,401,0.802,0.8078122230131337,0.38154613466334164,0.802,0.2753494438679508,0.4089775561097257
attention,402,0.804,0.8094629518292775,0.38308457711442784,0.804,0.2753134376953984,0.41044776119402987
attention,403,0.806,0.8097954058904779,0.38213399503722084,0.806,0.2736201988346106,0.4119106699751861
attention,404,0.808,0.8120755698211235,0.3811881188118812,0.808,0.2727737669077549,0.41336633663366334
attention,405,0.81,0.8141456503327638,0.38271604938271603,0.81,0.2714207883303125,0.4148148148148148
attention,406,0.812,0.8183687474788648,0.3842364532019704,0.812,0.2651519352689983,0.41625615763546797
attention,407,0.814,0.8190774248615866,0.3857493857493858,0.814,0.2598865583354093,0.4176904176904177
attention,408,0.816,0.8206252888506935,0.3872549019607843,0.816,0.2592088991537846,0.41911764705882354
attention,409,0.818,0.822527809547396,0.38875305623471884,0.818,0.2592011908451374,0.42053789731051344
attention,410,0.82,0.8242826714950697,0.3902439024390244,0.82,0.2580977004220052,0.4219512195121951
attention,411,0.822,0.825845860493276,0.39172749391727496,0.822,0.2572391028814421,0.4209245742092457
attention,412,0.824,0.8280054895970138,0.3932038834951456,0.824,0.2557333173219743,0.4223300970873786
attention,413,0.826,0.8281643597993916,0.3946731234866828,0.826,0.2547265251076675,0.423728813559322
attention,414,0.828,0.8293521363576993,0.3961352657004831,0.828,0.2539127154103981,0.4251207729468599
attention,415,0.83,0.8295087789053167,0.39759036144578314,0.83,0.2506048945978527,0.42409638554216866
attention,416,0.832,0.8300743886619567,0.39903846153846156,0.832,0.2475803078169568,0.4230769230769231
attention,417,0.834,0.8304715071153126,0.3980815347721823,0.834,0.2465366691847299,0.4244604316546763
attention,418,0.836,0.8323164950810008,0.39952153110047844,0.836,0.2416967663907861,0.4258373205741627
attention,419,0.838,0.832588482105019,0.4009546539379475,0.838,0.2394447489868896,0.42720763723150357
attention,420,0.84,0.8327246879716415,0.4023809523809524,0.84,0.239353206478031,0.42857142857142855
attention,421,0.842,0.833440172717198,0.40380047505938244,0.842,0.2377963620901503,0.42992874109263657
attention,422,0.844,0.833443514658362,0.4052132701421801,0.844,0.2375319998258233,0.4312796208530806
attention,423,0.846,0.8354078712047289,0.4066193853427896,0.846,0.2371977391905707,0.4326241134751773
attention,424,0.848,0.8367232583586721,0.4080188679245283,0.848,0.2367942488042835,0.4339622641509434
attention,425,0.85,0.8415835938559985,0.40705882352941175,0.85,0.2354002384393089,0.4329411764705882
attention,426,0.852,0.8432134118539949,0.4084507042253521,0.852,0.2351813565705765,0.43427230046948356
attention,427,0.854,0.8437144455775439,0.40749414519906324,0.854,0.2350073484879849,0.43559718969555034
attention,428,0.856,0.8464694993701019,0.4088785046728972,0.856,0.2323144871139564,0.4369158878504673
attention,429,0.858,0.8476499157444186,0.41025641025641024,0.858,0.2254544813325789,0.4382284382284382
attention,430,0.86,0.8492840295893259,0.4116279069767442,0.86,0.2244034142461103,0.43953488372093025
attention,431,0.862,0.8501276016576496,0.41299303944315546,0.862,0.2222765248667673,0.4408352668213457
attention,432,0.864,0.8512155543477258,0.41435185185185186,0.864,0.2205233940317109,0.44212962962962965
attention,433,0.866,0.8516198724351823,0.41570438799076215,0.866,0.2201166833992127,0.44341801385681295
attention,434,0.868,0.8538506595805851,0.41705069124423966,0.868,0.2199805714608363,0.4447004608294931
attention,435,0.87,0.8559550009691597,0.41839080459770117,0.87,0.2199259478460417,0.4459770114942529
attention,436,0.872,0.8600471010421514,0.4197247706422018,0.872,0.2197368990966333,0.44724770642201833
attention,437,0.874,0.8600922338344965,0.42105263157894735,0.874,0.2135714275367547,0.448512585812357
attention,438,0.876,0.8622117720736813,0.4223744292237443,0.876,0.2112608319554726,0.4497716894977169
attention,439,0.878,0.8655003010430383,0.42369020501138954,0.878,0.2066980015956823,0.4510250569476082
attention,440,0.88,0.8675159605391797,0.425,0.88,0.2050953451719094,0.45227272727272727
attention,441,0.882,0.8728970438573999,0.42630385487528344,0.882,0.2042402691493661,0.45351473922902497
attention,442,0.884,0.8753258181313142,0.4253393665158371,0.884,0.2038584562245913,0.45248868778280543
attention,443,0.886,0.8766911734914,0.42663656884875845,0.886,0.2028319364706589,0.45372460496614
attention,444,0.888,0.8773217995819841,0.42792792792792794,0.888,0.2008900300534322,0.45495495495495497
attention,445,0.89,0.879110565692695,0.42921348314606744,0.89,0.1981269825193836,0.45617977528089887
attention,446,0.892,0.8809313589094079,0.4304932735426009,0.892,0.1958246653910187,0.45739910313901344
attention,447,0.894,0.8823619572806827,0.4317673378076063,0.894,0.1956116831767509,0.45861297539149887
attention,448,0.896,0.8831673291662848,0.4330357142857143,0.896,0.1948911309817989,0.45982142857142855
attention,449,0.898,0.8844676468522766,0.43429844097995546,0.898,0.1936103808330825,0.4610244988864143
attention,450,0.9,0.8849352886258219,0.43555555555555553,0.9,0.1916145761931362,0.4622222222222222
attention,451,0.902,0.8856003581424915,0.43680709534368073,0.902,0.1910287080305636,0.4634146341463415
attention,452,0.904,0.8889066602464425,0.4358407079646018,0.904,0.1859770426885351,0.4646017699115044
attention,453,0.906,0.8900712938550986,0.4370860927152318,0.906,0.1850534245006451,0.46578366445916114
attention,454,0.908,0.8922404983941136,0.43832599118942733,0.908,0.1819262119062671,0.4669603524229075
attention,455,0.91,0.8954816766307521,0.43956043956043955,0.91,0.1760978443729516,0.46813186813186813
attention,456,0.912,0.8993628780541677,0.4407894736842105,0.912,0.1752183214326112,0.4692982456140351
attention,457,0.914,0.8995518750061846,0.4420131291028446,0.914,0.1731062552976532,0.47045951859956237
attention,458,0.916,0.9006709181910912,0.4432314410480349,0.916,0.1718275032050399,0.47161572052401746
attention,459,0.918,0.9011377150005132,0.4444444444444444,0.918,0.1694490557004037,0.47276688453159044
attention,460,0.92,0.901665509558264,0.44565217391304346,0.92,0.1536965738959038,0.47391304347826085
attention,461,0.922,0.9021855625749488,0.44685466377440347,0.922,0.145681756496575,0.4750542299349241
attention,462,0.924,0.9036631624229942,0.44805194805194803,0.924,0.1456734155142561,0.47619047619047616
attention,463,0.926,0.9048046647413472,0.44924406047516197,0.926,0.1438721088533701,0.4773218142548596
attention,464,0.928,0.904948228992881,0.4504310344827586,0.928,0.1422334250603787,0.47844827586206895
attention,465,0.93,0.9053316152964384,0.45161290322580644,0.93,0.1410294417440835,0.47956989247311826
attention,466,0.932,0.9060593667238358,0.45278969957081544,0.932,0.1385970835947336,0.48068669527896996
attention,467,0.934,0.9065547329523094,0.4539614561027837,0.934,0.138328924327213,0.4817987152034261
attention,468,0.936,0.9069907373432288,0.4551282051282051,0.936,0.133510325811734,0.4829059829059829
attention,469,0.938,0.9075190145927126,0.4562899786780384,0.938,0.1303043009543424,0.4840085287846482
attention,470,0.94,0.9100292613645792,0.4553191489361702,0.94,0.1293642960430214,0.4851063829787234
attention,471,0.942,0.910931611301742,0.4564755838641189,0.942,0.1253505041028667,0.4861995753715499
attention,472,0.944,0.9113825708984,0.4576271186440678,0.944,0.1247441916306966,0.4872881355932203
attention,473,0.946,0.912252846781266,0.4587737843551797,0.946,0.1235511557479871,0.4883720930232558
attention,474,0.948,0.9145342111259251,0.459915611814346,0.948,0.1225812542185348,0.48945147679324896
attention,475,0.95,0.9165785019538414,0.4610526315789474,0.95,0.1180992564442265,0.4905263157894737
attention,476,0.952,0.9170418607151556,0.46218487394957986,0.952,0.1165796058950419,0.49159663865546216
attention,477,0.954,0.9182675855032056,0.46331236897274636,0.954,0.1140390695159751,0.49266247379454925
attention,478,0.956,0.9264343591205108,0.46443514644351463,0.956,0.1088366596627541,0.49372384937238495
attention,479,0.958,0.9302337469484496,0.46555323590814196,0.958,0.1083693271925323,0.49478079331941544
attention,480,0.96,0.9311932148387774,0.4666666666666667,0.96,0.108227587225888,0.49583333333333335
attention,481,0.962,0.93174156475309,0.4677754677754678,0.962,0.1037427173994968,0.4968814968814969
attention,482,0.964,0.9369599349837328,0.46887966804979253,0.964,0.1020389952926008,0.4979253112033195
attention,483,0.966,0.939356728297188,0.4699792960662526,0.966,0.1005675345887338,0.4989648033126294
attention,484,0.968,0.9404646395349592,0.47107438016528924,0.968,0.1000467096546258,0.5
attention,485,0.97,0.9414643694384904,0.47216494845360824,0.97,0.0939654217843113,0.5010309278350515
attention,486,0.972,0.9424006658417318,0.4732510288065844,0.972,0.0934358133498371,0.5020576131687243
attention,487,0.974,0.9448074620810508,0.47433264887063653,0.974,0.0929458401124141,0.5030800821355236
attention,488,0.976,0.947843702693082,0.47540983606557374,0.976,0.0914619156241542,0.5040983606557377
attention,489,0.978,0.9492570812472592,0.47648261758691207,0.978,0.0910860355421107,0.5030674846625767
attention,490,0.98,0.949507966955748,0.47551020408163264,0.98,0.0891083210987473,0.5040816326530613
attention,491,0.982,0.9538178355693928,0.47657841140529533,0.982,0.0833789358987784,0.505091649694501
attention,492,0.984,0.9571870168172092,0.47764227642276424,0.984,0.0755070446313232,0.5060975609756098
attention,493,0.986,0.958207126058437,0.4787018255578093,0.986,0.0728482355412824,0.5070993914807302
attention,494,0.988,0.9590743679611364,0.4797570850202429,0.988,0.0619358791474241,0.5080971659919028
attention,495,0.99,0.96194932511359,0.4808080808080808,0.99,0.0559370855155454,0.509090909090909
attention,496,0.992,0.9621309735046932,0.48185483870967744,0.992,0.0502701932691309,0.5100806451612904
attention,497,0.994,0.966925415302832,0.482897384305835,0.994,0.0439190607194093,0.5110663983903421
attention,498,0.996,0.968024771683128,0.4839357429718876,0.996,0.0432618655166365,0.5120481927710844
attention,499,0.998,0.9726658854992072,0.4849699398797595,0.998,0.041979966894362,0.5130260521042084
attention,500,1.0,0.973533681951232,0.486,1.0,0.0395291809380204,0.514
attention+token_confidence,1,0.002,0.0081777477598386,0.0,0.002,0.9893431334736827,0.0
attention+token_confidence,2,0.004,0.0097112054141067,0.0,0.004,0.9851544849948192,0.0
attention+token_confidence,3,0.006,0.0143729869953576,0.0,0.006,0.9824777489621244,0.0
attention+token_confidence,4,0.008,0.0164665823744652,0.0,0.008,0.9807056486824935,0.0
attention+token_confidence,5,0.01,0.0175391191667717,0.0,0.01,0.9792438868430702,0.0
attention+token_confidence,6,0.012,0.0177236603293606,0.0,0.012,0.979111682029444,0.0
attention+token_confidence,7,0.014,0.0239057377851204,0.0,0.014,0.9790459340865189,0.0
attention+token_confidence,8,0.016,0.0278610142684283,0.0,0.016,0.978978143226286,0.0
attention+token_confidence,9,0.018,0.0286905190491888,0.0,0.018,0.9764697369151616,0.0
attention+token_confidence,10,0.02,0.0287188777903301,0.0,0.02,0.9704926226788804,0.0
attention+token_confidence,11,0.022,0.0311509427689334,0.0,0.022,0.9696794487231876,0.0
attention+token_confidence,12,0.024,0.0347142594830654,0.0,0.024,0.9655399116559292,0.08333333333333333
attention+token_confidence,13,0.026,0.0349093917182408,0.0,0.026,0.9640135481398362,0.07692307692307693
attention+token_confidence,14,0.028,0.0361021193633861,0.0,0.028,0.9623950287660784,0.07142857142857142
attention+token_confidence,15,0.03,0.0369573278796547,0.0,0.03,0.9623586633491144,0.06666666666666667
attention+token_confidence,16,0.032,0.0378384721290053,0.0,0.032,0.9576208469392024,0.0625
attention+token_confidence,17,0.034,0.0393926001532074,0.0,0.034,0.9574152695563312,0.058823529411764705
attention+token_confidence,18,0.036,0.0436518920449038,0.0,0.036,0.9532788627124976,0.05555555555555555
attention+token_confidence,19,0.038,0.0439198076259073,0.0,0.038,0.9529557949840048,0.05263157894736842
attention+token_confidence,20,0.04,0.0512494279004427,0.0,0.04,0.9501041944136024,0.05
attention+token_confidence,21,0.042,0.0582224801783385,0.0,0.042,0.950040642999328,0.047619047619047616
attention+token_confidence,22,0.044,0.0582603390024412,0.0,0.044,0.9491800477765584,0.045454545454545456
attention+token_confidence,23,0.046,0.0585472295649006,0.0,0.046,0.9475168030483349,0.043478260869565216
attention+token_confidence,24,0.048,0.0593691295450134,0.0,0.048,0.9460574769355924,0.041666666666666664
attention+token_confidence,25,0.05,0.0612959419014011,0.0,0.05,0.9408268778096014,0.04
attention+token_confidence,26,0.052,0.062694026509917,0.0,0.052,0.94070668338337,0.038461538461538464
attention+token_confidence,27,0.054,0.0656026427509134,0.0,0.054,0.940623784293016,0.037037037037037035
attention+token_confidence,28,0.056,0.0682015185200134,0.0,0.056,0.9395676848248918,0.03571428571428571
attention+token_confidence,29,0.058,0.0690470666324414,0.0,0.058,0.936537092427112,0.034482758620689655
attention+token_confidence,30,0.06,0.0690784396035611,0.0,0.06,0.9360882422257634,0.03333333333333333
attention+token_confidence,31,0.062,0.07893940763559,0.0,0.062,0.9344872533638934,0.03225806451612903
attention+token_confidence,32,0.064,0.089427923399879,0.0,0.064,0.9335897451308096,0.03125
attention+token_confidence,33,0.066,0.0903324060602426,0.0,0.066,0.933182904942318,0.030303030303030304
attention+token_confidence,34,0.068,0.0907837441212114,0.0,0.068,0.9312941629551948,0.029411764705882353
attention+token_confidence,35,0.07,0.0916561427510363,0.0,0.07,0.9291528984671896,0.02857142857142857
attention+token_confidence,36,0.072,0.0931008867983393,0.0,0.072,0.9280125315614548,0.027777777777777776
attention+token_confidence,37,0.074,0.0938543562074923,0.0,0.074,0.9271661041457956,0.02702702702702703
attention+token_confidence,38,0.076,0.1105792046768427,0.0,0.076,0.926246858735808,0.02631578947368421
attention+token_confidence,39,0.078,0.1120776278966137,0.0,0.078,0.9245663786575976,0.02564102564102564
attention+token_confidence,40,0.08,0.1195818603231512,0.0,0.08,0.9214471152559216,0.025
attention+token_confidence,41,0.082,0.12544823484681,0.0,0.082,0.9205633251805074,0.024390243902439025
attention+token_confidence,42,0.084,0.1296491987861312,0.0,0.084,0.9161184689137172,0.023809523809523808
attention+token_confidence,43,0.086,0.130898973541383,0.0,0.086,0.912775644037464,0.023255813953488372
attention+token_confidence,44,0.088,0.1315272625594826,0.0,0.088,0.9126201709013546,0.022727272727272728
attention+token_confidence,45,0.09,0.1339176066597136,0.0,0.09,0.9125717356082752,0.022222222222222223
attention+token_confidence,46,0.092,0.1351917853266317,0.0,0.092,0.912276818865032,0.021739130434782608
attention+token_confidence,47,0.094,0.1352250713511655,0.0,0.094,0.9095309179762489,0.02127659574468085
attention+token_confidence,48,0.096,0.1361694697268185,0.0,0.096,0.9082571781374212,0.020833333333333332
attention+token_confidence,49,0.098,0.1378247037702443,0.0,0.098,0.907977348330453,0.02040816326530612
attention+token_confidence,50,0.1,0.1460840870844875,0.0,0.1,0.9067955544490346,0.02
attention+token_confidence,51,0.102,0.1475458814154843,0.0,0.102,0.9044166352449796,0.0196078431372549
attention+token_confidence,52,0.104,0.1478229116306944,0.0,0.104,0.9041490715287314,0.019230769230769232
attention+token_confidence,53,0.106,0.1489881416472711,0.0,0.106,0.9030536612920168,0.018867924528301886
attention+token_confidence,54,0.108,0.1501932262642798,0.018518518518518517,0.108,0.9012831766472056,0.018518518518518517
attention+token_confidence,55,0.11,0.1561851872999423,0.01818181818181818,0.11,0.9007277965650368,0.01818181818181818
attention+token_confidence,56,0.112,0.1573841114861316,0.017857142857142856,0.112,0.893863479004847,0.017857142857142856
attention+token_confidence,57,0.114,0.1640847045290599,0.017543859649122806,0.114,0.890748320883102,0.017543859649122806
attention+token_confidence,58,0.116,0.1648313894520206,0.017241379310344827,0.116,0.8844818696009331,0.017241379310344827
attention+token_confidence,59,0.118,0.1655264020802248,0.01694915254237288,0.118,0.8843244790662002,0.03389830508474576
attention+token_confidence,60,0.12,0.1690010986373972,0.016666666666666666,0.12,0.8842184210526669,0.03333333333333333
attention+token_confidence,61,0.122,0.1690760974770471,0.01639344262295082,0.122,0.8771813785325432,0.03278688524590164
attention+token_confidence,62,0.124,0.1740996546346531,0.016129032258064516,0.124,0.8765112124539317,0.03225806451612903
attention+token_confidence,63,0.126,0.1743030204557991,0.015873015873015872,0.126,0.8764665695948576,0.031746031746031744
attention+token_confidence,64,0.128,0.1746623520402051,0.015625,0.128,0.873375428815274,0.03125
attention+token_confidence,65,0.13,0.1806715138105703,0.015384615384615385,0.13,0.8732993100024014,0.046153846153846156
attention+token_confidence,66,0.132,0.1811812912248069,0.015151515151515152,0.132,0.8687885282136271,0.06060606060606061
attention+token_confidence,67,0.134,0.1818731107920773,0.014925373134328358,0.134,0.8679870351267401,0.05970149253731343
attention+token_confidence,68,0.136,0.1849823314882863,0.014705882352941176,0.136,0.8666242746527759,0.058823529411764705
attention+token_confidence,69,0.138,0.185991722916517,0.014492753623188406,0.138,0.8619074459586126,0.07246376811594203
attention+token_confidence,70,0.14,0.1861334399844365,0.014285714285714285,0.14,0.8611304613232538,0.08571428571428572
attention+token_confidence,71,0.142,0.1867598100012474,0.014084507042253521,0.142,0.8606309547182065,0.08450704225352113
attention+token_confidence,72,0.144,0.1929532281896617,0.013888888888888888,0.144,0.8596568809039976,0.08333333333333333
attention+token_confidence,73,0.146,0.1957982306820355,0.0136986301369863,0.146,0.8595077188578978,0.0821917808219178
attention+token_confidence,74,0.148,0.1973769374319257,0.013513513513513514,0.148,0.8594619663597542,0.08108108108108109
attention+token_confidence,75,0.15,0.20355041838748,0.013333333333333334,0.15,0.857724738875284,0.08
attention+token_confidence,76,0.152,0.2117947889120127,0.013157894736842105,0.152,0.8566009391016404,0.07894736842105263
attention+token_confidence,77,0.154,0.2131341077951642,0.012987012987012988,0.154,0.8548742331470516,0.07792207792207792
attention+token_confidence,78,0.156,0.2141600042189412,0.01282051282051282,0.156,0.8546003823139269,0.07692307692307693
attention+token_confidence,79,0.158,0.2148265678928441,0.012658227848101266,0.158,0.8545762073043327,0.0759493670886076
attention+token_confidence,80,0.16,0.2220810579096896,0.0125,0.16,0.8545489955806443,0.075
attention+token_confidence,81,0.162,0.2221856013871215,0.024691358024691357,0.162,0.8536297223128885,0.07407407407407407
attention+token_confidence,82,0.164,0.2243216695410983,0.024390243902439025,0.164,0.8516477052930794,0.07317073170731707
attention+token_confidence,83,0.166,0.2265300065458871,0.024096385542168676,0.166,0.8514435726025801,0.07228915662650602
attention+token_confidence,84,0.168,0.2377494752077842,0.023809523809523808,0.168,0.8511881084332151,0.07142857142857142
attention+token_confidence,85,0.17,0.2409421868045934,0.023529411764705882,0.17,0.8501712215061145,0.07058823529411765
attention+token_confidence,86,0.172,0.244930116155842,0.023255813953488372,0.172,0.8498434415530075,0.06976744186046512
attention+token_confidence,87,0.174,0.2496979026826397,0.022988505747126436,0.174,0.8489721200161885,0.06896551724137931
attention+token_confidence,88,0.176,0.2512598876110436,0.022727272727272728,0.176,0.8486989774988152,0.06818181818181818
attention+token_confidence,89,0.178,0.2524657303445402,0.02247191011235955,0.178,0.8475469105370128,0.06741573033707865
attention+token_confidence,90,0.18,0.2535277397230303,0.03333333333333333,0.18,0.8447554783344936,0.07777777777777778
attention+token_confidence,91,0.182,0.2535277477942466,0.03296703296703297,0.182,0.8444277499439731,0.07692307692307693
attention+token_confidence,92,0.184,0.2549462770866691,0.03260869565217391,0.184,0.843691858114628,0.07608695652173914
attention+token_confidence,93,0.186,0.25566636672303,0.03225806451612903,0.186,0.8429542368466441,0.07526881720430108
attention+token_confidence,94,0.188,0.2566823692427782,0.0425531914893617,0.188,0.8427258924372248,0.0851063829787234
attention+token_confidence,95,0.19,0.2569507674382807,0.042105263157894736,0.19,0.841688762842528,0.08421052631578947
attention+token_confidence,96,0.192,0.2603896771729065,0.041666666666666664,0.192,0.8406156694914279,0.08333333333333333
attention+token_confidence,97,0.194,0.2638390908137921,0.05154639175257732,0.194,0.8403481109675959,0.08247422680412371
attention+token_confidence,98,0.196,0.2646610875010757,0.05102040816326531,0.196,0.8382048741245608,0.08163265306122448
attention+token_confidence,99,0.198,0.2652436479612535,0.050505050505050504,0.198,0.836965915164815,0.09090909090909091
attention+token_confidence,100,0.2,0.2665639324355387,0.05,0.2,0.8365733337384949,0.1
attention+token_confidence,101,0.202,0.2680031371757166,0.0594059405940594,0.202,0.8362951763417943,0.09900990099009901
attention+token_confidence,102,0.204,0.2692650634999131,0.058823529411764705,0.204,0.8358085675138062,0.10784313725490197
attention+token_confidence,103,0.206,0.2703374520016317,0.05825242718446602,0.206,0.8342701556464109,0.10679611650485436
attention+token_confidence,104,0.208,0.2764986708043896,0.057692307692307696,0.208,0.8339501146117063,0.10576923076923077
attention+token_confidence,105,0.21,0.2851819638731191,0.05714285714285714,0.21,0.830913792545505,0.10476190476190476
attention+token_confidence,106,0.212,0.285730416895916,0.05660377358490566,0.212,0.8307091556022683,0.10377358490566038
attention+token_confidence,107,0.214,0.2865224708273456,0.056074766355140186,0.214,0.8296420094891567,0.102803738317757
attention+token_confidence,108,0.216,0.2870904472109813,0.05555555555555555,0.216,0.8282219903511897,0.10185185185185185
attention+token_confidence,109,0.218,0.2884009759137155,0.05504587155963303,0.218,0.8280946542737255,0.10091743119266056
attention+token_confidence,110,0.22,0.2891793940139765,0.06363636363636363,0.22,0.827875984833489,0.1
attention+token_confidence,111,0.222,0.2894243330910197,0.06306306306306306,0.222,0.8251624126519999,0.0990990990990991
attention+token_confidence,112,0.224,0.2895307606103697,0.0625,0.224,0.8206318651991076,0.09821428571428571
attention+token_confidence,113,0.226,0.2902534271100291,0.07079646017699115,0.226,0.8173994342327494,0.09734513274336283
attention+token_confidence,114,0.228,0.290348644698647,0.07894736842105263,0.228,0.8167306937088666,0.09649122807017543
attention+token_confidence,115,0.23,0.2925060747957378,0.0782608695652174,0.23,0.8163739447658788,0.09565217391304348
attention+token_confidence,116,0.232,0.2932674865057236,0.07758620689655173,0.232,0.8152864891951365,0.10344827586206896
attention+token_confidence,117,0.234,0.2933603814159126,0.08547008547008547,0.234,0.8137240211714292,0.1111111111111111
attention+token_confidence,118,0.236,0.2933610260664044,0.0847457627118644,0.236,0.809920704986464,0.11864406779661017
attention+token_confidence,119,0.238,0.29493505018374,0.08403361344537816,0.238,0.8057303086831354,0.11764705882352941
attention+token_confidence,120,0.24,0.2961492644563909,0.08333333333333333,0.24,0.8045220998517647,0.125
attention+token_confidence,121,0.242,0.2992324313793638,0.09090909090909091,0.242,0.804076393290224,0.12396694214876033
attention+token_confidence,122,0.244,0.301078239140489,0.09016393442622951,0.244,0.8028613289388844,0.12295081967213115
attention+token_confidence,123,0.246,0.3060142706177127,0.08943089430894309,0.246,0.7995054968350043,0.13008130081300814
attention+token_confidence,124,0.248,0.3068206115680323,0.08870967741935484,0.248,0.7938330938936948,0.12903225806451613
attention+token_confidence,125,0.25,0.3107930675377967,0.088,0.25,0.7932039010996925,0.128
attention+token_confidence,126,0.252,0.3167614435924303,0.0873015873015873,0.252,0.7920807434827465,0.12698412698412698
attention+token_confidence,127,0.254,0.317162701492271,0.09448818897637795,0.254,0.7889023453303992,0.12598425196850394
attention+token_confidence,128,0.256,0.3175572391188387,0.09375,0.256,0.7864523872711852,0.125
attention+token_confidence,129,0.258,0.3192154619759737,0.10077519379844961,0.258,0.7860594011826251,0.12403100775193798
attention+token_confidence,130,0.26,0.3260854492782795,0.1,0.26,0.7850526463601961,0.12307692307692308
attention+token_confidence,131,0.262,0.3279790588721975,0.09923664122137404,0.262,0.7850332606099979,0.12213740458015267
attention+token_confidence,132,0.264,0.3285954093457117,0.10606060606060606,0.264,0.7828934582036156,0.12878787878787878
attention+token_confidence,133,0.266,0.330749820147429,0.11278195488721804,0.266,0.7824680622452937,0.13533834586466165
attention+token_confidence,134,0.268,0.3339234314987561,0.11194029850746269,0.268,0.7796438494389949,0.1417910447761194
attention+token_confidence,135,0.27,0.3395702129495103,0.1111111111111111,0.27,0.7758606387078649,0.14074074074074075
attention+token_confidence,136,0.272,0.3398044765653732,0.11029411764705882,0.272,0.7725124524634694,0.13970588235294118
attention+token_confidence,137,0.274,0.33985993569755,0.10948905109489052,0.274,0.770489245252896,0.1386861313868613
attention+token_confidence,138,0.276,0.3463543676809327,0.10869565217391304,0.276,0.7702382322292423,0.13768115942028986
attention+token_confidence,139,0.278,0.3509285730979694,0.1079136690647482,0.278,0.7697252548768607,0.1366906474820144
attention+token_confidence,140,0.28,0.3526316139720927,0.11428571428571428,0.28,0.7671233395985108,0.1357142857142857
attention+token_confidence,141,0.282,0.3538918265254626,0.11347517730496454,0.282,0.7663814182653439,0.14184397163120568
attention+token_confidence,142,0.284,0.3569174305101109,0.11267605633802817,0.284,0.7651269621115052,0.14084507042253522
attention+token_confidence,143,0.286,0.3574286223566688,0.11188811188811189,0.286,0.7618309319972663,0.13986013986013987
attention+token_confidence,144,0.288,0.3595410735671155,0.1111111111111111,0.288,0.7553828477973913,0.1388888888888889
attention+token_confidence,145,0.29,0.360941765778883,0.11724137931034483,0.29,0.7551358174185033,0.13793103448275862
attention+token_confidence,146,0.292,0.3669352432972546,0.11643835616438356,0.292,0.7501144208859087,0.136986301369863
attention+token_confidence,147,0.294,0.3689348838740512,0.12244897959183673,0.294,0.7491783091981122,0.1360544217687075
attention+token_confidence,148,0.296,0.3718798346350776,0.12837837837837837,0.296,0.7484912682529179,0.13513513513513514
attention+token_confidence,149,0.298,0.3833004489692964,0.1342281879194631,0.298,0.74824624313089,0.1342281879194631
attention+token_confidence,150,0.3,0.3892345034165686,0.14,0.3,0.7473105892125316,0.13333333333333333
attention+token_confidence,151,0.302,0.3902889633638725,0.1390728476821192,0.302,0.746749653565548,0.13245033112582782
attention+token_confidence,152,0.304,0.3952279693851831,0.14473684210526316,0.304,0.7463081737228741,0.13157894736842105
attention+token_confidence,153,0.306,0.396285773552916,0.1503267973856209,0.306,0.7433260568995377,0.13071895424836602
attention+token_confidence,154,0.308,0.3984103270198014,0.15584415584415584,0.308,0.7422576126429072,0.13636363636363635
attention+token_confidence,155,0.31,0.4001436253849472,0.15483870967741936,0.31,0.7418131310800381,0.14193548387096774
attention+token_confidence,156,0.312,0.4006521378435732,0.15384615384615385,0.312,0.7386029334394512,0.14102564102564102
attention+token_confidence,157,0.314,0.4011732660656969,0.1592356687898089,0.314,0.7345163168111016,0.14012738853503184
attention+token_confidence,158,0.316,0.4015095420104078,0.15822784810126583,0.316,0.7341746151529306,0.14556962025316456
attention+token_confidence,159,0.318,0.4061782997174909,0.15723270440251572,0.318,0.7306071507859296,0.1509433962264151
attention+token_confidence,160,0.32,0.4070319718509871,0.15625,0.32,0.7258419876210228,0.15625
attention+token_confidence,161,0.322,0.4072381704932066,0.15527950310559005,0.322,0.7248188875518882,0.15527950310559005
attention+token_confidence,162,0.324,0.4090009028396899,0.15432098765432098,0.324,0.7231669621859398,0.15432098765432098
attention+token_confidence,163,0.326,0.4104406025570116,0.15337423312883436,0.326,0.7215952280208006,0.15950920245398773
attention+token_confidence,164,0.328,0.4111102605065256,0.15853658536585366,0.328,0.7209075979628291,0.15853658536585366
attention+token_confidence,165,0.33,0.4134890456044923,0.15757575757575756,0.33,0.7205662424344784,0.15757575757575756
attention+token_confidence,166,0.332,0.4214565214292605,0.16265060240963855,0.332,0.7200054838504629,0.1566265060240964
attention+token_confidence,167,0.334,0.4258481128691984,0.16167664670658682,0.334,0.7192831533873622,0.16167664670658682
attention+token_confidence,168,0.336,0.4272023981973756,0.16071428571428573,0.336,0.7108063509371995,0.16071428571428573
attention+token_confidence,169,0.338,0.4278750643652118,0.15976331360946747,0.338,0.7107803983026268,0.15976331360946747
attention+token_confidence,170,0.34,0.4313400934025373,0.16470588235294117,0.34,0.7107042090185864,0.1588235294117647
attention+token_confidence,171,0.342,0.4345238556117619,0.16374269005847952,0.342,0.7095320480947476,0.15789473684210525
attention+token_confidence,172,0.344,0.4402870493115996,0.16279069767441862,0.344,0.7053712900267319,0.1569767441860465
attention+token_confidence,173,0.346,0.4407577139347944,0.16184971098265896,0.346,0.7031297404779964,0.16184971098265896
attention+token_confidence,174,0.348,0.442660623712744,0.16091954022988506,0.348,0.7018759408769856,0.16091954022988506
attention+token_confidence,175,0.35,0.4442249390550714,0.16,0.35,0.6989644002197202,0.16
attention+token_confidence,176,0.352,0.4464710991852299,0.16477272727272727,0.352,0.6986411054423071,0.1590909090909091
attention+token_confidence,177,0.354,0.4470828128608922,0.1638418079096045,0.354,0.697015332350313,0.1638418079096045
attention+token_confidence,178,0.356,0.447160737423507,0.16292134831460675,0.356,0.694786172816082,0.16292134831460675
attention+token_confidence,179,0.358,0.447385213646305,0.16201117318435754,0.358,0.6868990451637513,0.16201117318435754
attention+token_confidence,180,0.36,0.4475855010033462,0.16111111111111112,0.36,0.686457346707404,0.16111111111111112
attention+token_confidence,181,0.362,0.4545490944203588,0.16574585635359115,0.362,0.6850805157001019,0.16022099447513813
attention+token_confidence,182,0.364,0.4565619829830001,0.16483516483516483,0.364,0.682912114266207,0.15934065934065933
attention+token_confidence,183,0.366,0.4590858345070955,0.16939890710382513,0.366,0.6788809151838717,0.16393442622950818
attention+token_confidence,184,0.368,0.4591443355245659,0.16847826086956522,0.368,0.6751244907074881,0.16847826086956522
attention+token_confidence,185,0.37,0.4622596689070147,0.16756756756756758,0.37,0.6696736479051368,0.16756756756756758
attention+token_confidence,186,0.372,0.4629518874293071,0.17204301075268819,0.372,0.6692660958643294,0.16666666666666666
attention+token_confidence,187,0.374,0.4630583806000398,0.1711229946524064,0.374,0.6685128583432663,0.1711229946524064
attention+token_confidence,188,0.376,0.4672086092142534,0.1702127659574468,0.376,0.6670713595141179,0.1702127659574468
attention+token_confidence,189,0.378,0.4673606688886828,0.1746031746031746,0.378,0.6656156976150057,0.1746031746031746
attention+token_confidence,190,0.38,0.4706308531616881,0.1736842105263158,0.38,0.6654499972726101,0.1736842105263158
attention+token_confidence,191,0.382,0.4709620602997117,0.17801047120418848,0.382,0.6650999213786835,0.17277486910994763
attention+token_confidence,192,0.384,0.4716370170728858,0.17708333333333334,0.384,0.660886933053617,0.17708333333333334
attention+token_confidence,193,0.386,0.4727069442250466,0.18134715025906736,0.386,0.6557508473974993,0.18134715025906736
attention+token_confidence,194,0.388,0.4729073426377143,0.18556701030927836,0.388,0.6545552734817233,0.18556701030927836
attention+token_confidence,195,0.39,0.4743378665719462,0.18974358974358974,0.39,0.6524711768836139,0.18461538461538463
attention+token_confidence,196,0.392,0.4761203839544686,0.18877551020408162,0.392,0.6523285827653071,0.1836734693877551
attention+token_confidence,197,0.394,0.4806718832555323,0.19289340101522842,0.394,0.6499706087592938,0.18781725888324874
attention+token_confidence,198,0.396,0.4809674771321836,0.1919191919191919,0.396,0.6475507216234536,0.18686868686868688
attention+token_confidence,199,0.398,0.4814267281697814,0.19597989949748743,0.398,0.6456982221968428,0.19095477386934673
attention+token_confidence,200,0.4,0.4837039690770281,0.195,0.4,0.6456381415773629,0.19
attention+token_confidence,201,0.402,0.48372789719378,0.19402985074626866,0.402,0.6431730330038925,0.19402985074626866
attention+token_confidence,202,0.404,0.4877107208673718,0.19306930693069307,0.404,0.6426790518284864,0.19801980198019803
attention+token_confidence,203,0.406,0.4894989896970557,0.19704433497536947,0.406,0.6423161679874398,0.2019704433497537
attention+token_confidence,204,0.408,0.4931210239437794,0.19607843137254902,0.408,0.6410610404689407,0.20588235294117646
attention+token_confidence,205,0.41,0.4963400682299129,0.1951219512195122,0.41,0.6400846829688033,0.2097560975609756
attention+token_confidence,206,0.412,0.4980212737594913,0.1941747572815534,0.412,0.6398398348656615,0.2087378640776699
attention+token_confidence,207,0.414,0.5018480096346732,0.19806763285024154,0.414,0.6377449634013197,0.21256038647342995
attention+token_confidence,208,0.416,0.5025258852762636,0.1971153846153846,0.416,0.63655957986099,0.21153846153846154
attention+token_confidence,209,0.418,0.5031844685232881,0.19617224880382775,0.418,0.6334174323657056,0.21052631578947367
attention+token_confidence,210,0.42,0.5043291815560871,0.2,0.42,0.6331947390556868,0.21428571428571427
attention+token_confidence,211,0.422,0.5069846271070324,0.2037914691943128,0.422,0.6330537628295924,0.2132701421800948
attention+token_confidence,212,0.424,0.5079038237945523,0.2028301886792453,0.424,0.6298311444029633,0.21226415094339623
attention+token_confidence,213,0.426,0.5079511138213235,0.20187793427230047,0.426,0.62892463439722,0.2112676056338028
attention+token_confidence,214,0.428,0.5121660869465654,0.20093457943925233,0.428,0.6281368807659675,0.2102803738317757
attention+token_confidence,215,0.43,0.5128646991576741,0.20465116279069767,0.43,0.6280049633072904,0.21395348837209302
attention+token_confidence,216,0.432,0.5143743817671259,0.2037037037037037,0.432,0.6269617348110422,0.2175925925925926
attention+token_confidence,217,0.434,0.5144697906745348,0.20276497695852536,0.434,0.623837883107126,0.22119815668202766
attention+token_confidence,218,0.436,0.5166145935211879,0.20642201834862386,0.436,0.6237612024277265,0.22477064220183487
attention+token_confidence,219,0.438,0.5205069221241597,0.2054794520547945,0.438,0.6189726474981099,0.228310502283105
attention+token_confidence,220,0.44,0.5209472188203373,0.20909090909090908,0.44,0.6165549949210343,0.2318181818181818
attention+token_confidence,221,0.442,0.5219923492872465,0.2081447963800905,0.442,0.6138555307565321,0.23076923076923078
attention+token_confidence,222,0.444,0.5251683289415177,0.21171171171171171,0.444,0.6133318546597507,0.23423423423423423
attention+token_confidence,223,0.446,0.5285071200576665,0.21076233183856502,0.446,0.6116455140890308,0.23766816143497757
attention+token_confidence,224,0.448,0.5295775940057466,0.21428571428571427,0.448,0.6107676505688673,0.24107142857142858
attention+token_confidence,225,0.45,0.5321272752020386,0.21333333333333335,0.45,0.6104761024419225,0.24
attention+token_confidence,226,0.452,0.5326012920696466,0.2168141592920354,0.452,0.6097529784127318,0.24336283185840707
attention+token_confidence,227,0.454,0.5332400441461503,0.22026431718061673,0.454,0.6094366770013486,0.24669603524229075
attention+token_confidence,228,0.456,0.5334580249266071,0.21929824561403508,0.456,0.6059155478666445,0.25
attention+token_confidence,229,0.458,0.5346593737799998,0.22270742358078602,0.458,0.6045698251572316,0.25327510917030566
attention+token_confidence,230,0.46,0.5369860028682006,0.2217391304347826,0.46,0.6035307530538391,0.2565217391304348
attention+token_confidence,231,0.462,0.5400013716030452,0.22077922077922077,0.462,0.5983506103771847,0.2597402597402597
attention+token_confidence,232,0.464,0.5423731828861196,0.22413793103448276,0.464,0.5981946894934713,0.2629310344827586
attention+token_confidence,233,0.466,0.5469573892191224,0.22746781115879827,0.466,0.5979787519510974,0.26180257510729615
attention+token_confidence,234,0.468,0.5472629397918064,0.23076923076923078,0.468,0.5977319860164287,0.26495726495726496
attention+token_confidence,235,0.47,0.5508510466592107,0.23404255319148937,0.47,0.5967466078935622,0.2680851063829787
attention+token_confidence,236,0.472,0.550898038496229,0.23728813559322035,0.472,0.5940258761083131,0.2669491525423729
attention+token_confidence,237,0.474,0.5538841480530772,0.23628691983122363,0.474,0.5929473301348299,0.270042194092827
attention+token_confidence,238,0.476,0.5539363540744757,0.23949579831932774,0.476,0.5906976128120848,0.27310924369747897
attention+token_confidence,239,0.478,0.555976998176686,0.2384937238493724,0.478,0.5905488479726833,0.2719665271966527
attention+token_confidence,240,0.48,0.5589741520351309,0.24166666666666667,0.48,0.5882053426114611,0.2708333333333333
attention+token_confidence,241,0.482,0.5594028380545444,0.24066390041493776,0.482,0.5862436028330666,0.27385892116182575
attention+token_confidence,242,0.484,0.562170534345968,0.2396694214876033,0.484,0.5862295150861337,0.2768595041322314
attention+token_confidence,243,0.486,0.5636288199343303,0.24279835390946503,0.486,0.5852510679507733,0.2757201646090535
attention+token_confidence,244,0.488,0.5642486108925668,0.24180327868852458,0.488,0.5847449623918372,0.2786885245901639
attention+token_confidence,245,0.49,0.5643152064293668,0.24081632653061225,0.49,0.584046519239676,0.2816326530612245
attention+token_confidence,246,0.492,0.5701220823958265,0.24390243902439024,0.492,0.5831312549188308,0.2804878048780488
attention+token_confidence,247,0.494,0.571844287967579,0.24696356275303644,0.494,0.5822300835345939,0.2793522267206478
attention+token_confidence,248,0.496,0.5726467778103173,0.25,0.496,0.5809971605546799,0.2782258064516129
attention+token_confidence,249,0.498,0.5741666166237074,0.24899598393574296,0.498,0.5781657716266919,0.27710843373493976
attention+token_confidence,250,0.5,0.5758589926547991,0.252,0.5,0.5776710578110928,0.28
attention+token_confidence,251,0.502,0.5776710578110928,0.250996015936255,0.502,0.5758589926547991,0.2788844621513944
attention+token_confidence,252,0.504,0.5781657716266919,0.25396825396825395,0.504,0.5741666166237074,0.28174603174603174
attention+token_confidence,253,0.506,0.5809971605546799,0.25691699604743085,0.506,0.5726467778103173,0.28063241106719367
attention+token_confidence,254,0.508,0.5822300835345939,0.25984251968503935,0.508,0.571844287967579,0.2795275590551181
attention+token_confidence,255,0.51,0.5831312549188308,0.2627450980392157,0.51,0.5701220823958265,0.2784313725490196
attention+token_confidence,256,0.512,0.584046519239676,0.26171875,0.512,0.5643152064293668,0.28125
attention+token_confidence,257,0.514,0.5847449623918372,0.2607003891050584,0.514,0.5642486108925668,0.2840466926070039
attention+token_confidence,258,0.516,0.5852510679507733,0.26356589147286824,0.516,0.5636288199343303,0.28294573643410853
attention+token_confidence,259,0.518,0.5862295150861337,0.2625482625482625,0.518,0.562170534345968,0.2857142857142857
attention+token_confidence,260,0.52,0.5862436028330666,0.26153846153846155,0.52,0.5594028380545444,0.28846153846153844
attention+token_confidence,261,0.522,0.5882053426114611,0.26436781609195403,0.522,0.5589741520351309,0.28735632183908044
attention+token_confidence,262,0.524,0.5905488479726833,0.26717557251908397,0.524,0.555976998176686,0.2900763358778626
attention+token_confidence,263,0.526,0.5906976128120848,0.2661596958174905,0.526,0.5539363540744757,0.2889733840304182
attention+token_confidence,264,0.528,0.5929473301348299,0.26515151515151514,0.528,0.5538841480530772,0.2916666666666667
attention+token_confidence,265,0.53,0.5940258761083131,0.2679245283018868,0.53,0.550898038496229,0.29056603773584905
attention+token_confidence,266,0.532,0.5967466078935622,0.2669172932330827,0.532,0.5508510466592107,0.2894736842105263
attention+token_confidence,267,0.534,0.5977319860164287,0.26591760299625467,0.534,0.5472629397918064,0.2883895131086142
attention+token_confidence,268,0.536,0.5979787519510974,0.26865671641791045,0.536,0.5469573892191224,0.2873134328358209
attention+token_confidence,269,0.538,0.5981946894934713,0.26765799256505574,0.538,0.5423731828861196,0.2862453531598513
attention+token_confidence,270,0.54,0.5983506103771847,0.26666666666666666,0.54,0.5400013716030452,0.28888888888888886
attention+token_confidence,271,0.542,0.6035307530538391,0.2656826568265683,0.542,0.5369860028682006,0.2915129151291513
attention+token_confidence,272,0.544,0.6045698251572316,0.2647058823529412,0.544,0.5346593737799998,0.29044117647058826
attention+token_confidence,273,0.546,0.6059155478666445,0.26373626373626374,0.546,0.5334580249266071,0.29304029304029305
attention+token_confidence,274,0.548,0.6094366770013486,0.26277372262773724,0.548,0.5332400441461503,0.291970802919708
attention+token_confidence,275,0.55,0.6097529784127318,0.26181818181818184,0.55,0.5326012920696466,0.2909090909090909
attention+token_confidence,276,0.552,0.6104761024419225,0.2644927536231884,0.552,0.5321272752020386,0.29347826086956524
attention+token_confidence,277,0.554,0.6107676505688673,0.26353790613718414,0.554,0.5295775940057466,0.2924187725631769
attention+token_confidence,278,0.556,0.6116455140890308,0.26258992805755393,0.556,0.5285071200576665,0.2949640287769784
attention+token_confidence,279,0.558,0.6133318546597507,0.2616487455197133,0.558,0.5251683289415177,0.2939068100358423
attention+token_confidence,280,0.56,0.6138555307565321,0.2642857142857143,0.56,0.5219923492872465,0.29642857142857143
attention+token_confidence,281,0.562,0.6165549949210343,0.26334519572953735,0.562,0.5209472188203373,0.29537366548042704
attention+token_confidence,282,0.564,0.6189726474981099,0.2624113475177305,0.564,0.5205069221241597,0.2978723404255319
attention+token_confidence,283,0.566,0.6237612024277265,0.26148409893992935,0.566,0.5166145935211879,0.2968197879858657
attention+token_confidence,284,0.568,0.623837883107126,0.2605633802816901,0.568,0.5144697906745348,0.2992957746478873
attention+token_confidence,285,0.57,0.6269617348110422,0.2596491228070175,0.57,0.5143743817671259,0.3017543859649123
attention+token_confidence,286,0.572,0.6280049633072904,0.25874125874125875,0.572,0.5128646991576741,0.3006993006993007
attention+token_confidence,287,0.574,0.6281368807659675,0.2613240418118467,0.574,0.5121660869465654,0.30313588850174217
attention+token_confidence,288,0.576,0.62892463439722,0.2638888888888889,0.576,0.5079511138213235,0.3055555555555556
attention+token_confidence,289,0.578,0.6298311444029633,0.2664359861591695,0.578,0.5079038237945523,0.3079584775086505
attention+token_confidence,290,0.58,0.6330537628295924,0.2689655172413793,0.58,0.5069846271070324,0.30689655172413793
attention+token_confidence,291,0.582,0.6331947390556868,0.26804123711340205,0.582,0.5043291815560871,0.30584192439862545
attention+token_confidence,292,0.584,0.6334174323657056,0.2705479452054795,0.584,0.5031844685232881,0.3082191780821918
attention+token_confidence,293,0.586,0.63655957986099,0.27303754266211605,0.586,0.5025258852762636,0.310580204778157
attention+token_confidence,294,0.588,0.6377449634013197,0.272108843537415,0.588,0.5018480096346732,0.30952380952380953
attention+token_confidence,295,0.59,0.6398398348656615,0.2745762711864407,0.59,0.4980212737594913,0.31186440677966104
attention+token_confidence,296,0.592,0.6400846829688033,0.27364864864864863,0.592,0.4963400682299129,0.3141891891891892
attention+token_confidence,297,0.594,0.6410610404689407,0.2727272727272727,0.594,0.4931210239437794,0.3164983164983165
attention+token_confidence,298,0.596,0.6423161679874398,0.27181208053691275,0.596,0.4894989896970557,0.31543624161073824
attention+token_confidence,299,0.598,0.6426790518284864,0.2709030100334448,0.598,0.4877107208673718,0.3177257525083612
attention+token_confidence,300,0.6,0.6431730330038925,0.27,0.6,0.48372789719378,0.32
attention+token_confidence,301,0.602,0.6456381415773629,0.2724252491694352,0.602,0.4837039690770281,0.3222591362126246
attention+token_confidence,302,0.604,0.6456982221968428,0.271523178807947,0.604,0.4814267281697814,0.3211920529801324
attention+token_confidence,303,0.606,0.6475507216234536,0.2739273927392739,0.606,0.4809674771321836,0.3234323432343234
attention+token_confidence,304,0.608,0.6499706087592938,0.2730263157894737,0.608,0.4806718832555323,0.3223684210526316
attention+token_confidence,305,0.61,0.6523285827653071,0.2754098360655738,0.61,0.4761203839544686,0.32459016393442625
attention+token_confidence,306,0.612,0.6524711768836139,0.2777777777777778,0.612,0.4743378665719462,0.3235294117647059
attention+token_confidence,307,0.614,0.6545552734817233,0.2768729641693811,0.614,0.4729073426377143,0.32247557003257327
attention+token_confidence,308,0.616,0.6557508473974993,0.275974025974026,0.616,0.4727069442250466,0.32142857142857145
attention+token_confidence,309,0.618,0.660886933053617,0.2750809061488673,0.618,0.4716370170728858,0.32362459546925565
attention+token_confidence,310,0.62,0.6650999213786835,0.27741935483870966,0.62,0.4709620602997117,0.3225806451612903
attention+token_confidence,311,0.622,0.6654499972726101,0.2797427652733119,0.622,0.4706308531616881,0.3247588424437299
attention+token_confidence,312,0.624,0.6656156976150057,0.27884615384615385,0.624,0.4673606688886828,0.32371794871794873
attention+token_confidence,313,0.626,0.6670713595141179,0.28115015974440893,0.626,0.4672086092142534,0.3258785942492013
attention+token_confidence,314,0.628,0.6685128583432663,0.2802547770700637,0.628,0.4630583806000398,0.32802547770700635
attention+token_confidence,315,0.63,0.6692660958643294,0.28253968253968254,0.63,0.4629518874293071,0.326984126984127
attention+token_confidence,316,0.632,0.6696736479051368,0.2848101265822785,0.632,0.4622596689070147,0.3291139240506329
attention+token_confidence,317,0.634,0.6751244907074881,0.28391167192429023,0.634,0.4591443355245659,0.3312302839116719
attention+token_confidence,318,0.636,0.6788809151838717,0.2830188679245283,0.636,0.4590858345070955,0.330188679245283
attention+token_confidence,319,0.638,0.682912114266207,0.2852664576802508,0.638,0.4565619829830001,0.3322884012539185
attention+token_confidence,320,0.64,0.6850805157001019,0.2875,0.64,0.4545490944203588,0.33125
attention+token_confidence,321,0.642,0.686457346707404,0.2897196261682243,0.642,0.4475855010033462,0.3333333333333333
attention+token_confidence,322,0.644,0.6868990451637513,0.2919254658385093,0.644,0.447385213646305,0.33540372670807456
attention+token_confidence,323,0.646,0.694786172816082,0.29411764705882354,0.646,0.447160737423507,0.33746130030959753
attention+token_confidence,324,0.648,0.697015332350313,0.2932098765432099,0.648,0.4470828128608922,0.3395061728395062
attention+token_confidence,325,0.65,0.6986411054423071,0.2953846153846154,0.65,0.4464710991852299,0.3384615384615385
attention+token_confidence,326,0.652,0.6989644002197202,0.29754601226993865,0.652,0.4442249390550714,0.34049079754601225
attention+token_confidence,327,0.654,0.7018759408769856,0.2996941896024465,0.654,0.442660623712744,0.3425076452599388
attention+token_confidence,328,0.656,0.7031297404779964,0.29878048780487804,0.656,0.4407577139347944,0.3445121951219512
attention+token_confidence,329,0.658,0.7053712900267319,0.3009118541033435,0.658,0.4402870493115996,0.3465045592705167
attention+token_confidence,330,0.66,0.7095320480947476,0.30303030303030304,0.66,0.4345238556117619,0.3484848484848485
attention+token_confidence,331,0.662,0.7107042090185864,0.30513595166163143,0.662,0.4313400934025373,0.3474320241691843
attention+token_confidence,332,0.664,0.7107803983026268,0.3072289156626506,0.664,0.4278750643652118,0.3493975903614458
attention+token_confidence,333,0.666,0.7108063509371995,0.30930930930930933,0.666,0.4272023981973756,0.35135135135135137
attention+token_confidence,334,0.668,0.7192831533873622,0.3083832335329341,0.668,0.4258481128691984,0.3532934131736527
attention+token_confidence,335,0.67,0.7200054838504629,0.31044776119402984,0.67,0.4214565214292605,0.3522388059701492
attention+token_confidence,336,0.672,0.7205662424344784,0.3125,0.672,0.4134890456044923,0.3541666666666667
attention+token_confidence,337,0.674,0.7209075979628291,0.314540059347181,0.674,0.4111102605065256,0.35311572700296734
attention+token_confidence,338,0.676,0.7215952280208006,0.3136094674556213,0.676,0.4104406025570116,0.35502958579881655
attention+token_confidence,339,0.678,0.7231669621859398,0.31563421828908556,0.678,0.4090009028396899,0.35693215339233036
attention+token_confidence,340,0.68,0.7248188875518882,0.3176470588235294,0.68,0.4072381704932066,0.3588235294117647
attention+token_confidence,341,0.682,0.7258419876210228,0.31671554252199413,0.682,0.4070319718509871,0.36070381231671556
attention+token_confidence,342,0.684,0.7306071507859296,0.3157894736842105,0.684,0.4061782997174909,0.36257309941520466
attention+token_confidence,343,0.686,0.7341746151529306,0.31486880466472306,0.686,0.4015095420104078,0.36443148688046645
attention+token_confidence,344,0.688,0.7345163168111016,0.3168604651162791,0.688,0.4011732660656969,0.3633720930232558
attention+token_confidence,345,0.69,0.7386029334394512,0.3188405797101449,0.69,0.4006521378435732,0.3652173913043478
attention+token_confidence,346,0.692,0.7418131310800381,0.3179190751445087,0.692,0.4001436253849472,0.3670520231213873
attention+token_confidence,347,0.694,0.7422576126429072,0.3170028818443804,0.694,0.3984103270198014,0.3659942363112392
attention+token_confidence,348,0.696,0.7433260568995377,0.31896551724137934,0.696,0.396285773552916,0.3649425287356322
attention+token_confidence,349,0.698,0.7463081737228741,0.3209169054441261,0.698,0.3952279693851831,0.3638968481375358
attention+token_confidence,350,0.7,0.746749653565548,0.32285714285714284,0.7,0.3902889633638725,0.3657142857142857
attention+token_confidence,351,0.702,0.7473105892125316,0.3247863247863248,0.702,0.3892345034165686,0.3646723646723647
attention+token_confidence,352,0.704,0.74824624313089,0.32670454545454547,0.704,0.3833004489692964,0.36363636363636365
attention+token_confidence,353,0.706,0.7484912682529179,0.3286118980169972,0.706,0.3718798346350776,0.3626062322946176
attention+token_confidence,354,0.708,0.7491783091981122,0.3305084745762712,0.708,0.3689348838740512,0.3615819209039548
attention+token_confidence,355,0.71,0.7501144208859087,0.3323943661971831,0.71,0.3669352432972546,0.36338028169014086
attention+token_confidence,356,0.712,0.7551358174185033,0.3342696629213483,0.712,0.360941765778883,0.36235955056179775
attention+token_confidence,357,0.714,0.7553828477973913,0.33613445378151263,0.714,0.3595410735671155,0.3641456582633053
attention+token_confidence,358,0.716,0.7618309319972663,0.33798882681564246,0.716,0.3574286223566688,0.3659217877094972
attention+token_confidence,359,0.718,0.7651269621115052,0.3398328690807799,0.718,0.3569174305101109,0.36768802228412256
attention+token_confidence,360,0.72,0.7663814182653439,0.3388888888888889,0.72,0.3538918265254626,0.36944444444444446
attention+token_confidence,361,0.722,0.7671233395985108,0.3407202216066482,0.722,0.3526316139720927,0.3684210526315789
attention+token_confidence,362,0.724,0.7697252548768607,0.3425414364640884,0.724,0.3509285730979694,0.3701657458563536
attention+token_confidence,363,0.726,0.7702382322292423,0.3443526170798898,0.726,0.3463543676809327,0.371900826446281
attention+token_confidence,364,0.728,0.770489245252896,0.34615384615384615,0.728,0.33985993569755,0.37362637362637363
attention+token_confidence,365,0.73,0.7725124524634694,0.34794520547945207,0.73,0.3398044765653732,0.37534246575342467
attention+token_confidence,366,0.732,0.7758606387078649,0.34972677595628415,0.732,0.3395702129495103,0.3770491803278688
attention+token_confidence,367,0.734,0.7796438494389949,0.34877384196185285,0.734,0.3339234314987561,0.3787465940054496
attention+token_confidence,368,0.736,0.7824680622452937,0.34782608695652173,0.736,0.330749820147429,0.37771739130434784
attention+token_confidence,369,0.738,0.7828934582036156,0.34688346883468835,0.738,0.3285954093457117,0.37669376693766937
attention+token_confidence,370,0.74,0.7850332606099979,0.34864864864864864,0.74,0.3279790588721975,0.3783783783783784
attention+token_confidence,371,0.742,0.7850526463601961,0.3504043126684636,0.742,0.3260854492782795,0.38005390835579517
attention+token_confidence,372,0.744,0.7860594011826251,0.3521505376344086,0.744,0.3192154619759737,0.3790322580645161
attention+token_confidence,373,0.746,0.7864523872711852,0.353887399463807,0.746,0.3175572391188387,0.3806970509383378
attention+token_confidence,374,0.748,0.7889023453303992,0.35561497326203206,0.748,0.317162701492271,0.37967914438502676
attention+token_confidence,375,0.75,0.7920807434827465,0.35733333333333334,0.75,0.3167614435924303,0.38133333333333336
attention+token_confidence,376,0.752,0.7932039010996925,0.35904255319148937,0.752,0.3107930675377967,0.3829787234042553
attention+token_confidence,377,0.754,0.7938330938936948,0.36074270557029176,0.754,0.3068206115680323,0.38461538461538464
attention+token_confidence,378,0.756,0.7995054968350043,0.35978835978835977,0.756,0.3060142706177127,0.3862433862433862
attention+token_confidence,379,0.758,0.8028613289388844,0.36147757255936674,0.758,0.301078239140489,0.38786279683377306
attention+token_confidence,380,0.76,0.804076393290224,0.3631578947368421,0.76,0.2992324313793638,0.3868421052631579
attention+token_confidence,381,0.762,0.8045220998517647,0.36220472440944884,0.762,0.2961492644563909,0.3884514435695538
attention+token_confidence,382,0.764,0.8057303086831354,0.36387434554973824,0.764,0.29493505018374,0.3900523560209424
attention+token_confidence,383,0.766,0.809920704986464,0.3629242819843342,0.766,0.2933610260664044,0.391644908616188
attention+token_confidence,384,0.768,0.8137240211714292,0.3619791666666667,0.768,0.2933603814159126,0.390625
attention+token_confidence,385,0.77,0.8152864891951365,0.36103896103896105,0.77,0.2932674865057236,0.3922077922077922
attention+token_confidence,386,0.772,0.8163739447658788,0.3626943005181347,0.772,0.2925060747957378,0.39378238341968913
attention+token_confidence,387,0.774,0.8167306937088666,0.3643410852713178,0.774,0.290348644698647,0.39276485788113696
attention+token_confidence,388,0.776,0.8173994342327494,0.36597938144329895,0.776,0.2902534271100291,0.3917525773195876
attention+token_confidence,389,0.778,0.8206318651991076,0.3676092544987147,0.778,0.2895307606103697,0.39331619537275064
attention+token_confidence,390,0.78,0.8251624126519999,0.36923076923076925,0.78,0.2894243330910197,0.39487179487179486
attention+token_confidence,391,0.782,0.827875984833489,0.37084398976982097,0.782,0.2891793940139765,0.3938618925831202
attention+token_confidence,392,0.784,0.8280946542737255,0.37244897959183676,0.784,0.2884009759137155,0.39540816326530615
attention+token_confidence,393,0.786,0.8282219903511897,0.37404580152671757,0.786,0.2870904472109813,0.3969465648854962
attention+token_confidence,394,0.788,0.8296420094891567,0.3756345177664975,0.788,0.2865224708273456,0.39847715736040606
attention+token_confidence,395,0.79,0.8307091556022683,0.37721518987341773,0.79,0.285730416895916,0.4
attention+token_confidence,396,0.792,0.830913792545505,0.3787878787878788,0.792,0.2851819638731191,0.4015151515151515
attention+token_confidence,397,0.794,0.8339501146117063,0.380352644836272,0.794,0.2764986708043896,0.40302267002518893
attention+token_confidence,398,0.796,0.8342701556464109,0.38190954773869346,0.796,0.2703374520016317,0.4045226130653266
attention+token_confidence,399,0.798,0.8358085675138062,0.38095238095238093,0.798,0.2692650634999131,0.40601503759398494
attention+token_confidence,400,0.8,0.8362951763417943,0.3825,0.8,0.2680031371757166,0.405
attention+token_confidence,401,0.802,0.8365733337384949,0.38154613466334164,0.802,0.2665639324355387,0.40648379052369077
attention+token_confidence,402,0.804,0.836965915164815,0.3805970149253731,0.804,0.2652436479612535,0.4079601990049751
attention+token_confidence,403,0.806,0.8382048741245608,0.38213399503722084,0.806,0.2646610875010757,0.4094292803970223
attention+token_confidence,404,0.808,0.8403481109675959,0.38366336633663367,0.808,0.2638390908137921,0.4084158415841584
attention+token_confidence,405,0.81,0.8406156694914279,0.3851851851851852,0.81,0.2603896771729065,0.40987654320987654
attention+token_confidence,406,0.812,0.841688762842528,0.3866995073891626,0.812,0.2569507674382807,0.41133004926108374
attention+token_confidence,407,0.814,0.8427258924372248,0.3857493857493858,0.814,0.2566823692427782,0.4103194103194103
attention+token_confidence,408,0.816,0.8429542368466441,0.3872549019607843,0.816,0.25566636672303,0.4117647058823529
attention+token_confidence,409,0.818,0.843691858114628,0.38875305623471884,0.818,0.2549462770866691,0.4132029339853301
attention+token_confidence,410,0.82,0.8444277499439731,0.3902439024390244,0.82,0.2535277477942466,0.4146341463414634
attention+token_confidence,411,0.822,0.8447554783344936,0.38929440389294406,0.822,0.2535277397230303,0.41362530413625304
attention+token_confidence,412,0.824,0.8475469105370128,0.3907766990291262,0.824,0.2524657303445402,0.41504854368932037
attention+token_confidence,413,0.826,0.8486989774988152,0.3922518159806295,0.826,0.2512598876110436,0.41646489104116224
attention+token_confidence,414,0.828,0.8489721200161885,0.39371980676328505,0.828,0.2496979026826397,0.4178743961352657
attention+token_confidence,415,0.83,0.8498434415530075,0.39518072289156625,0.83,0.244930116155842,0.41927710843373495
attention+token_confidence,416,0.832,0.8501712215061145,0.39663461538461536,0.832,0.2409421868045934,0.4206730769230769
attention+token_confidence,417,0.834,0.8511881084332151,0.3980815347721823,0.834,0.2377494752077842,0.42206235011990406
attention+token_confidence,418,0.836,0.8514435726025801,0.39952153110047844,0.836,0.2265300065458871,0.423444976076555
attention+token_confidence,419,0.838,0.8516477052930794,0.4009546539379475,0.838,0.2243216695410983,0.42482100238663484
attention+token_confidence,420,0.84,0.8536297223128885,0.4023809523809524,0.84,0.2221856013871215,0.4238095238095238
attention+token_confidence,421,0.842,0.8545489955806443,0.40380047505938244,0.842,0.2220810579096896,0.4251781472684085
attention+token_confidence,422,0.844,0.8545762073043327,0.4052132701421801,0.844,0.2148265678928441,0.4265402843601896
attention+token_confidence,423,0.846,0.8546003823139269,0.4066193853427896,0.846,0.2141600042189412,0.42789598108747046
attention+token_confidence,424,0.848,0.8548742331470516,0.4080188679245283,0.848,0.2131341077951642,0.42924528301886794
attention+token_confidence,425,0.85,0.8566009391016404,0.40941176470588236,0.85,0.2117947889120127,0.43058823529411766
attention+token_confidence,426,0.852,0.857724738875284,0.4107981220657277,0.852,0.20355041838748,0.431924882629108
attention+token_confidence,427,0.854,0.8594619663597542,0.41217798594847777,0.854,0.1973769374319257,0.4332552693208431
attention+token_confidence,428,0.856,0.8595077188578978,0.4135514018691589,0.856,0.1957982306820355,0.43457943925233644
attention+token_confidence,429,0.858,0.8596568809039976,0.4149184149184149,0.858,0.1929532281896617,0.4358974358974359
attention+token_confidence,430,0.86,0.8606309547182065,0.41627906976744183,0.86,0.1867598100012474,0.4372093023255814
attention+token_confidence,431,0.862,0.8611304613232538,0.41531322505800466,0.862,0.1861334399844365,0.4385150812064965
attention+token_confidence,432,0.864,0.8619074459586126,0.41435185185185186,0.864,0.185991722916517,0.4398148148148148
attention+token_confidence,433,0.866,0.8666242746527759,0.41570438799076215,0.866,0.1849823314882863,0.44110854503464203
attention+token_confidence,434,0.868,0.8679870351267401,0.41705069124423966,0.868,0.1818731107920773,0.4423963133640553
attention+token_confidence,435,0.87,0.8687885282136271,0.4160919540229885,0.87,0.1811812912248069,0.4436781609195402
attention+token_confidence,436,0.872,0.8732993100024014,0.4151376146788991,0.872,0.1806715138105703,0.44495412844036697
attention+token_confidence,437,0.874,0.873375428815274,0.41647597254004576,0.874,0.1746623520402051,0.4462242562929062
attention+token_confidence,438,0.876,0.8764665695948576,0.4178082191780822,0.876,0.1743030204557991,0.4474885844748858
attention+token_confidence,439,0.878,0.8765112124539317,0.4191343963553531,0.878,0.1740996546346531,0.44874715261959
attention+token_confidence,440,0.88,0.8771813785325432,0.42045454545454547,0.88,0.1690760974770471,0.45
attention+token_confidence,441,0.882,0.8842184210526669,0.4217687074829932,0.882,0.1690010986373972,0.4512471655328798
attention+token_confidence,442,0.884,0.8843244790662002,0.42081447963800905,0.884,0.1655264020802248,0.45248868778280543
attention+token_confidence,443,0.886,0.8844818696009331,0.4221218961625282,0.886,0.1648313894520206,0.45372460496614
attention+token_confidence,444,0.888,0.890748320883102,0.42342342342342343,0.888,0.1640847045290599,0.45495495495495497
attention+token_confidence,445,0.89,0.893863479004847,0.4247191011235955,0.89,0.1573841114861316,0.45617977528089887
attention+token_confidence,446,0.892,0.9007277965650368,0.4260089686098655,0.892,0.1561851872999423,0.45739910313901344
attention+token_confidence,447,0.894,0.9012831766472056,0.4272930648769575,0.894,0.1501932262642798,0.4563758389261745
attention+token_confidence,448,0.896,0.9030536612920168,0.42857142857142855,0.896,0.1489881416472711,0.4575892857142857
attention+token_confidence,449,0.898,0.9041490715287314,0.4298440979955457,0.898,0.1478229116306944,0.45879732739420936
attention+token_confidence,450,0.9,0.9044166352449796,0.4311111111111111,0.9,0.1475458814154843,0.46
attention+token_confidence,451,0.902,0.9067955544490346,0.43237250554323725,0.902,0.1460840870844875,0.4611973392461197
attention+token_confidence,452,0.904,0.907977348330453,0.4336283185840708,0.904,0.1378247037702443,0.46238938053097345
attention+token_confidence,453,0.906,0.9082571781374212,0.434878587196468,0.906,0.1361694697268185,0.46357615894039733
attention+token_confidence,454,0.908,0.9095309179762489,0.43612334801762115,0.908,0.1352250713511655,0.4647577092511013
attention+token_confidence,455,0.91,0.912276818865032,0.43736263736263736,0.91,0.1351917853266317,0.46593406593406594
attention+token_confidence,456,0.912,0.9125717356082752,0.43859649122807015,0.912,0.1339176066597136,0.46710526315789475
attention+token_confidence,457,0.914,0.9126201709013546,0.43982494529540483,0.914,0.1315272625594826,0.4682713347921225
attention+token_confidence,458,0.916,0.912775644037464,0.4410480349344978,0.916,0.130898973541383,0.46943231441048033
attention+token_confidence,459,0.918,0.9161184689137172,0.4422657952069717,0.918,0.1296491987861312,0.47058823529411764
attention+token_confidence,460,0.92,0.9205633251805074,0.4434782608695652,0.92,0.12544823484681,0.4717391304347826
attention+token_confidence,461,0.922,0.9214471152559216,0.44468546637744033,0.922,0.1195818603231512,0.47288503253796094
attention+token_confidence,462,0.924,0.9245663786575976,0.4458874458874459,0.924,0.1120776278966137,0.474025974025974
attention+token_confidence,463,0.926,0.926246858735808,0.4470842332613391,0.926,0.1105792046768427,0.47516198704103674
attention+token_confidence,464,0.928,0.9271661041457956,0.4482758620689655,0.928,0.0938543562074923,0.47629310344827586
attention+token_confidence,465,0.93,0.9280125315614548,0.44946236559139785,0.93,0.0931008867983393,0.4774193548387097
attention+token_confidence,466,0.932,0.9291528984671896,0.45064377682403434,0.932,0.0916561427510363,0.47854077253218885
attention+token_confidence,467,0.934,0.9312941629551948,0.4518201284796574,0.934,0.0907837441212114,0.4796573875802998
attention+token_confidence,468,0.936,0.933182904942318,0.452991452991453,0.936,0.0903324060602426,0.4807692307692308
attention+token_confidence,469,0.938,0.9335897451308096,0.4541577825159915,0.938,0.089427923399879,0.48187633262260127
attention+token_confidence,470,0.94,0.9344872533638934,0.4553191489361702,0.94,0.07893940763559,0.4829787234042553
attention+token_confidence,471,0.942,0.9360882422257634,0.4564755838641189,0.942,0.0690784396035611,0.4840764331210191
attention+token_confidence,472,0.944,0.936537092427112,0.4576271186440678,0.944,0.0690470666324414,0.4851694915254237
attention+token_confidence,473,0.946,0.9395676848248918,0.4587737843551797,0.946,0.0682015185200134,0.48625792811839325
attention+token_confidence,474,0.948,0.940623784293016,0.459915611814346,0.948,0.0656026427509134,0.4873417721518987
attention+token_confidence,475,0.95,0.94070668338337,0.4610526315789474,0.95,0.062694026509917,0.4884210526315789
attention+token_confidence,476,0.952,0.9408268778096014,0.46218487394957986,0.952,0.0612959419014011,0.4894957983193277
attention+token_confidence,477,0.954,0.9460574769355924,0.46331236897274636,0.954,0.0593691295450134,0.49056603773584906
attention+token_confidence,478,0.956,0.9475168030483349,0.46443514644351463,0.956,0.0585472295649006,0.4916317991631799
attention+token_confidence,479,0.958,0.9491800477765584,0.46555323590814196,0.958,0.0582603390024412,0.49269311064718163
attention+token_confidence,480,0.96,0.950040642999328,0.4666666666666667,0.96,0.0582224801783385,0.49375
attention+token_confidence,481,0.962,0.9501041944136024,0.4677754677754678,0.962,0.0512494279004427,0.49480249480249483
attention+token_confidence,482,0.964,0.9529557949840048,0.46887966804979253,0.964,0.0439198076259073,0.495850622406639
attention+token_confidence,483,0.966,0.9532788627124976,0.4699792960662526,0.966,0.0436518920449038,0.4968944099378882
attention+token_confidence,484,0.968,0.9574152695563312,0.47107438016528924,0.968,0.0393926001532074,0.49793388429752067
attention+token_confidence,485,0.97,0.9576208469392024,0.47216494845360824,0.97,0.0378384721290053,0.49896907216494846
attention+token_confidence,486,0.972,0.9623586633491144,0.4732510288065844,0.972,0.0369573278796547,0.5
attention+token_confidence,487,0.974,0.9623950287660784,0.47433264887063653,0.974,0.0361021193633861,0.5010266940451745
attention+token_confidence,488,0.976,0.9640135481398362,0.47540983606557374,0.976,0.0349093917182408,0.5020491803278688
attention+token_confidence,489,0.978,0.9655399116559292,0.47443762781186094,0.978,0.0347142594830654,0.5030674846625767
attention+token_confidence,490,0.98,0.9696794487231876,0.47551020408163264,0.98,0.0311509427689334,0.5040816326530613
attention+token_confidence,491,0.982,0.9704926226788804,0.47657841140529533,0.982,0.0287188777903301,0.505091649694501
attention+token_confidence,492,0.984,0.9764697369151616,0.47764227642276424,0.984,0.0286905190491888,0.5060975609756098
attention+token_confidence,493,0.986,0.978978143226286,0.4787018255578093,0.986,0.0278610142684283,0.5070993914807302
attention+token_confidence,494,0.988,0.9790459340865189,0.4797570850202429,0.988,0.0239057377851204,0.5080971659919028
attention+token_confidence,495,0.99,0.979111682029444,0.4808080808080808,0.99,0.0177236603293606,0.509090909090909
attention+token_confidence,496,0.992,0.9792438868430702,0.48185483870967744,0.992,0.0175391191667717,0.5100806451612904
attention+token_confidence,497,0.994,0.9807056486824935,0.482897384305835,0.994,0.0164665823744652,0.5110663983903421
attention+token_confidence,498,0.996,0.9824777489621244,0.4839357429718876,0.996,0.0143729869953576,0.5120481927710844
attention+token_confidence,499,0.998,0.9851544849948192,0.4849699398797595,0.998,0.0097112054141067,0.5130260521042084
attention+token_confidence,500,1.0,0.9893431334736827,0.486,1.0,0.0081777477598386,0.514
all_internal,1,0.002,0.0103859318999159,0.0,0.002,0.9928276605247888,0.0
all_internal,2,0.004,0.0104576051711582,0.0,0.004,0.9926094791104488,0.0
all_internal,3,0.006,0.0107679497302856,0.0,0.006,0.9889729461734136,0.0
all_internal,4,0.008,0.0139959956493461,0.0,0.008,0.9873551542006884,0.25
all_internal,5,0.01,0.0200193118143245,0.0,0.01,0.9837907144693226,0.2
all_internal,6,0.012,0.0220946709143681,0.0,0.012,0.9836736383944558,0.16666666666666666
all_internal,7,0.014,0.0245185608022397,0.0,0.014,0.98132043822183,0.14285714285714285
all_internal,8,0.016,0.0247123156724611,0.0,0.016,0.9785933307792856,0.125
all_internal,9,0.018,0.0269348365228396,0.0,0.018,0.9764745255287256,0.1111111111111111
all_internal,10,0.02,0.0282061878677074,0.0,0.02,0.9740810234956448,0.1
all_internal,11,0.022,0.0288425556572155,0.0,0.022,0.9733257227551826,0.09090909090909091
all_internal,12,0.024,0.0294580046720839,0.0,0.024,0.9731850050046484,0.08333333333333333
all_internal,13,0.026,0.0305523835178559,0.0,0.026,0.9721880508904128,0.07692307692307693
all_internal,14,0.028,0.0317617063188407,0.0,0.028,0.970093221083262,0.07142857142857142
all_internal,15,0.03,0.0360216318151896,0.0,0.03,0.9670640971096058,0.06666666666666667
all_internal,16,0.032,0.0368837161865492,0.0,0.032,0.966414490014954,0.0625
all_internal,17,0.034,0.0399750997972301,0.0,0.034,0.9651301483975148,0.058823529411764705
all_internal,18,0.036,0.0436745169498367,0.0,0.036,0.9648028297222144,0.05555555555555555
all_internal,19,0.038,0.0467671026282278,0.0,0.038,0.964192617971638,0.05263157894736842
all_internal,20,0.04,0.0501122374286685,0.0,0.04,0.9629600468068336,0.05
all_internal,21,0.042,0.0515251914163552,0.0,0.042,0.9621817055839368,0.047619047619047616
all_internal,22,0.044,0.0532448828393848,0.0,0.044,0.9621435637139176,0.045454545454545456
all_internal,23,0.046,0.0540808547582283,0.0,0.046,0.9605911350948212,0.043478260869565216
all_internal,24,0.048,0.0552613295834049,0.0,0.048,0.9592916584189064,0.041666666666666664
all_internal,25,0.05,0.0573897902872627,0.0,0.05,0.9546709516329852,0.04
all_internal,26,0.052,0.0586427445907521,0.0,0.052,0.9532536905030384,0.038461538461538464
all_internal,27,0.054,0.05995999055544,0.0,0.054,0.951207689256828,0.037037037037037035
all_internal,28,0.056,0.0626978906460644,0.0,0.056,0.950987643090209,0.03571428571428571
all_internal,29,0.058,0.0642167641908259,0.0,0.058,0.9508199943122791,0.034482758620689655
all_internal,30,0.06,0.0656444037684897,0.0,0.06,0.950667235929712,0.03333333333333333
all_internal,31,0.062,0.0674174216732733,0.0,0.062,0.9505574996841836,0.03225806451612903
all_internal,32,0.064,0.0677179802585908,0.0,0.064,0.944964700651604,0.0625
all_internal,33,0.066,0.0741785234286034,0.0,0.066,0.9420364686213424,0.06060606060606061
all_internal,34,0.068,0.0755707562419834,0.0,0.068,0.9416856335261582,0.058823529411764705
all_internal,35,0.07,0.0762789474909254,0.0,0.07,0.9409806853343788,0.08571428571428572
all_internal,36,0.072,0.0786363075612732,0.0,0.072,0.9403995148007426,0.08333333333333333
all_internal,37,0.074,0.0797508219627182,0.0,0.074,0.93735693520332,0.08108108108108109
all_internal,38,0.076,0.0821328429784409,0.0,0.076,0.9367925796926052,0.07894736842105263
all_internal,39,0.078,0.0830252416743529,0.0,0.078,0.9349361326583682,0.07692307692307693
all_internal,40,0.08,0.0876665475801264,0.0,0.08,0.9314460741358476,0.075
all_internal,41,0.082,0.097299991241773,0.0,0.082,0.930392255400886,0.07317073170731707
all_internal,42,0.084,0.1041065664915897,0.0,0.084,0.9279647448218624,0.07142857142857142
all_internal,43,0.086,0.1041944280492518,0.0,0.086,0.9275531801554666,0.06976744186046512
all_internal,44,0.088,0.1054560189048345,0.0,0.088,0.9263325284085504,0.09090909090909091
all_internal,45,0.09,0.1054647750634105,0.0,0.09,0.9248670471668078,0.08888888888888889
all_internal,46,0.092,0.1067774987826842,0.0,0.092,0.9206513902076362,0.10869565217391304
all_internal,47,0.094,0.1090481899917087,0.0,0.094,0.9189237016890738,0.10638297872340426
all_internal,48,0.096,0.1094901213504663,0.0,0.096,0.9180742015615077,0.10416666666666667
all_internal,49,0.098,0.109790120228685,0.0,0.098,0.916497342127223,0.10204081632653061
all_internal,50,0.1,0.1107271280790181,0.0,0.1,0.916220333557208,0.12
all_internal,51,0.102,0.1139781908359049,0.0,0.102,0.91536916785451,0.11764705882352941
all_internal,52,0.104,0.1142330719131676,0.0,0.104,0.9147319927315236,0.11538461538461539
all_internal,53,0.106,0.1258864600932275,0.0,0.106,0.912567776415006,0.11320754716981132
all_internal,54,0.108,0.1290527217855039,0.0,0.108,0.9109044645060056,0.12962962962962962
all_internal,55,0.11,0.1299279118264239,0.0,0.11,0.90877339579634,0.12727272727272726
all_internal,56,0.112,0.1354122201135277,0.0,0.112,0.9083781395962336,0.125
all_internal,57,0.114,0.1398337905627556,0.0,0.114,0.907690200307416,0.12280701754385964
all_internal,58,0.116,0.1404308285686255,0.0,0.116,0.9058381066055964,0.1206896551724138
all_internal,59,0.118,0.1406269395034934,0.0,0.118,0.9055056575598356,0.11864406779661017
all_internal,60,0.12,0.1418891491255271,0.0,0.12,0.9046415024094266,0.11666666666666667
all_internal,61,0.122,0.1430002991843293,0.0,0.122,0.9041259930681896,0.11475409836065574
all_internal,62,0.124,0.143082170116907,0.0,0.124,0.9036987167159192,0.11290322580645161
all_internal,63,0.126,0.1435419330960859,0.0,0.126,0.9013324359696686,0.1111111111111111
all_internal,64,0.128,0.1436127818606411,0.0,0.128,0.8991596334795093,0.109375
all_internal,65,0.13,0.1509220781106471,0.015384615384615385,0.13,0.8956336824144625,0.1076923076923077
all_internal,66,0.132,0.1541110429501362,0.015151515151515152,0.132,0.8941861942279751,0.10606060606060606
all_internal,67,0.134,0.1584726250434051,0.014925373134328358,0.134,0.8938787602761206,0.11940298507462686
all_internal,68,0.136,0.1608986363768705,0.014705882352941176,0.136,0.8930721416707077,0.11764705882352941
all_internal,69,0.138,0.161652251339931,0.014492753623188406,0.138,0.8929366722232338,0.11594202898550725
all_internal,70,0.14,0.1640619683851173,0.014285714285714285,0.14,0.8922917883381706,0.11428571428571428
all_internal,71,0.142,0.1642012936362969,0.014084507042253521,0.142,0.8911398756697002,0.11267605633802817
all_internal,72,0.144,0.1644428827146791,0.027777777777777776,0.144,0.8910249439508688,0.1111111111111111
all_internal,73,0.146,0.1662690507446062,0.0273972602739726,0.146,0.8897084504750415,0.1095890410958904
all_internal,74,0.148,0.1678081646518146,0.02702702702702703,0.148,0.8893730717884405,0.10810810810810811
all_internal,75,0.15,0.1683582961676832,0.02666666666666667,0.15,0.888744190829429,0.10666666666666667
all_internal,76,0.152,0.1713862988976807,0.02631578947368421,0.152,0.8886421457994675,0.10526315789473684
all_internal,77,0.154,0.1717464218945897,0.03896103896103896,0.154,0.8875851910431048,0.1038961038961039
all_internal,78,0.156,0.1739090550023991,0.038461538461538464,0.156,0.8873676061420267,0.10256410256410256
all_internal,79,0.158,0.1932852728898355,0.0379746835443038,0.158,0.8871518393285414,0.10126582278481013
all_internal,80,0.16,0.1956941377827784,0.0375,0.16,0.8836213867934238,0.1
all_internal,81,0.162,0.1968849112371311,0.037037037037037035,0.162,0.8833568623297906,0.09876543209876543
all_internal,82,0.164,0.1998934386076085,0.036585365853658534,0.164,0.882780208177978,0.0975609756097561
all_internal,83,0.166,0.2006550879132,0.03614457831325301,0.166,0.8815532024891749,0.0963855421686747
all_internal,84,0.168,0.2014052831858372,0.03571428571428571,0.168,0.8809066715774015,0.09523809523809523
all_internal,85,0.17,0.2051978616347764,0.03529411764705882,0.17,0.8802734389467629,0.09411764705882353
all_internal,86,0.172,0.2095734338862971,0.046511627906976744,0.172,0.8789332187743937,0.09302325581395349
all_internal,87,0.174,0.2106033354382451,0.04597701149425287,0.174,0.8786149640388276,0.09195402298850575
all_internal,88,0.176,0.2131978255279817,0.045454545454545456,0.176,0.8754030355716252,0.09090909090909091
all_internal,89,0.178,0.2136238300221165,0.0449438202247191,0.178,0.8742662795834584,0.0898876404494382
all_internal,90,0.18,0.2141835191302668,0.044444444444444446,0.18,0.8732933265988652,0.08888888888888889
all_internal,91,0.182,0.2155706654372759,0.04395604395604396,0.182,0.8732923430999203,0.08791208791208792
all_internal,92,0.184,0.2155720280040114,0.05434782608695652,0.184,0.8729984031513047,0.08695652173913043
all_internal,93,0.186,0.2192556628417044,0.053763440860215055,0.186,0.8728162804360363,0.08602150537634409
all_internal,94,0.188,0.2200537041279134,0.05319148936170213,0.188,0.8692348937545731,0.0851063829787234
all_internal,95,0.19,0.2277603839724028,0.05263157894736842,0.19,0.8691594327377895,0.08421052631578947
all_internal,96,0.192,0.2348458823003213,0.052083333333333336,0.192,0.8660442584728689,0.09375
all_internal,97,0.194,0.2364512192322909,0.05154639175257732,0.194,0.8634204912003479,0.10309278350515463
all_internal,98,0.196,0.2390372453974747,0.05102040816326531,0.196,0.8628832874396172,0.11224489795918367
all_internal,99,0.198,0.2467860846788928,0.050505050505050504,0.198,0.8626742114805727,0.1111111111111111
all_internal,100,0.2,0.247633667146691,0.05,0.2,0.860398356676423,0.12
all_internal,101,0.202,0.2491887019813284,0.04950495049504951,0.202,0.8597498066168058,0.12871287128712872
all_internal,102,0.204,0.251265647540741,0.049019607843137254,0.204,0.8591647203091658,0.12745098039215685
all_internal,103,0.206,0.2527754098673672,0.04854368932038835,0.206,0.8590861799946393,0.1262135922330097
all_internal,104,0.208,0.2528039084657707,0.04807692307692308,0.208,0.857625061600516,0.125
all_internal,105,0.21,0.2532130809815625,0.047619047619047616,0.21,0.8571808186386075,0.12380952380952381
all_internal,106,0.212,0.2533207134810208,0.04716981132075472,0.212,0.8550449631024862,0.12264150943396226
all_internal,107,0.214,0.2553960213967764,0.04672897196261682,0.214,0.8549553574597277,0.12149532710280374
all_internal,108,0.216,0.255814337871141,0.05555555555555555,0.216,0.8533167193806565,0.12962962962962962
all_internal,109,0.218,0.259676216045307,0.05504587155963303,0.218,0.8521848017352058,0.12844036697247707
all_internal,110,0.22,0.2664468117798378,0.05454545454545454,0.22,0.8502204590469518,0.12727272727272726
all_internal,111,0.222,0.2696875670124634,0.06306306306306306,0.222,0.8498084708375557,0.12612612612612611
all_internal,112,0.224,0.2715152237014599,0.07142857142857142,0.224,0.8491810771907412,0.125
all_internal,113,0.226,0.2764371449341953,0.07079646017699115,0.226,0.8463590422992062,0.12389380530973451
all_internal,114,0.228,0.2800198981875442,0.07017543859649122,0.228,0.8442997710509474,0.12280701754385964
all_internal,115,0.23,0.2876010964490519,0.06956521739130435,0.23,0.8414392482491272,0.12173913043478261
all_internal,116,0.232,0.2883696106612768,0.07758620689655173,0.232,0.8396505025506585,0.12931034482758622
all_internal,117,0.234,0.2885996873435862,0.07692307692307693,0.234,0.8390895068612809,0.13675213675213677
all_internal,118,0.236,0.2889986592988756,0.07627118644067797,0.236,0.8375206689927683,0.13559322033898305
all_internal,119,0.238,0.2948321537752182,0.07563025210084033,0.238,0.8367307498907722,0.13445378151260504
all_internal,120,0.24,0.2960372175879768,0.075,0.24,0.8353885178314437,0.13333333333333333
all_internal,121,0.242,0.2961833925434086,0.0743801652892562,0.242,0.8350452073632444,0.14049586776859505
all_internal,122,0.244,0.3011761929716688,0.07377049180327869,0.244,0.831357446808942,0.13934426229508196
all_internal,123,0.246,0.3019055638864955,0.07317073170731707,0.246,0.8312291075720867,0.14634146341463414
all_internal,124,0.248,0.3020208351472454,0.07258064516129033,0.248,0.8293257604349972,0.1532258064516129
all_internal,125,0.25,0.303204908641289,0.08,0.25,0.8289409980273652,0.152
all_internal,126,0.252,0.3087338876867764,0.07936507936507936,0.252,0.8234448169687782,0.15873015873015872
all_internal,127,0.254,0.3114976702314496,0.07874015748031496,0.254,0.8224320586397348,0.15748031496062992
all_internal,128,0.256,0.3126398736603298,0.0859375,0.256,0.8222925073929294,0.15625
all_internal,129,0.258,0.3211652622544899,0.09302325581395349,0.258,0.8195782941035551,0.15503875968992248
all_internal,130,0.26,0.3233601823530355,0.09230769230769231,0.26,0.8167509447654632,0.16153846153846155
all_internal,131,0.262,0.3234582939883182,0.09923664122137404,0.262,0.8141688496501776,0.16030534351145037
all_internal,132,0.264,0.3276994612635965,0.09848484848484848,0.264,0.8120278463687186,0.16666666666666666
all_internal,133,0.266,0.3280295860706508,0.10526315789473684,0.266,0.8114535523527928,0.16541353383458646
all_internal,134,0.268,0.331990733506195,0.11194029850746269,0.268,0.8111494388455482,0.16417910447761194
all_internal,135,0.27,0.3322367637522215,0.1111111111111111,0.27,0.8093441576458668,0.16296296296296298
all_internal,136,0.272,0.3334023936031199,0.11029411764705882,0.272,0.8055414895174443,0.16176470588235295
all_internal,137,0.274,0.3365424131170478,0.10948905109489052,0.274,0.8006266259411382,0.16058394160583941
all_internal,138,0.276,0.3372966172842399,0.10869565217391304,0.276,0.7972102391057395,0.15942028985507245
all_internal,139,0.278,0.3382144872500835,0.1079136690647482,0.278,0.7965785746163042,0.16546762589928057
all_internal,140,0.28,0.3428261165647212,0.11428571428571428,0.28,0.7933563782871077,0.16428571428571428
all_internal,141,0.282,0.3437832225800743,0.11347517730496454,0.282,0.7911754451209821,0.16312056737588654
all_internal,142,0.284,0.3446456795721062,0.11267605633802817,0.284,0.7856401276121008,0.1619718309859155
all_internal,143,0.286,0.3452422707913483,0.11188811188811189,0.286,0.7839921182719535,0.16783216783216784
all_internal,144,0.288,0.3469297310175807,0.1111111111111111,0.288,0.7839611720624676,0.1736111111111111
all_internal,145,0.29,0.3608238914346647,0.1103448275862069,0.29,0.7813005377653207,0.1793103448275862
all_internal,146,0.292,0.3617610251212873,0.1095890410958904,0.292,0.7782937273995457,0.1780821917808219
all_internal,147,0.294,0.3670749865107832,0.10884353741496598,0.294,0.776419816111931,0.17687074829931973
all_internal,148,0.296,0.3672118939643313,0.10810810810810811,0.296,0.7739454179356551,0.17567567567567569
all_internal,149,0.298,0.3672415497346885,0.10738255033557047,0.298,0.773735610658927,0.18120805369127516
all_internal,150,0.3,0.370142293508908,0.11333333333333333,0.3,0.7727095896137932,0.18
all_internal,151,0.302,0.3706238811834431,0.11258278145695365,0.302,0.7690721593377949,0.17880794701986755
all_internal,152,0.304,0.3726290064860838,0.11842105263157894,0.304,0.7689313577892584,0.18421052631578946
all_internal,153,0.306,0.3748265514975444,0.12418300653594772,0.306,0.7688146791010589,0.1830065359477124
all_internal,154,0.308,0.377357803240426,0.12987012987012986,0.308,0.7675806366926788,0.18181818181818182
all_internal,155,0.31,0.3776634951363228,0.12903225806451613,0.31,0.7647100257403058,0.18064516129032257
all_internal,156,0.312,0.3789975844373935,0.1282051282051282,0.312,0.7622865414563303,0.1858974358974359
all_internal,157,0.314,0.3797689299240673,0.12738853503184713,0.314,0.7603574391087304,0.18471337579617833
all_internal,158,0.316,0.3806532308301639,0.13291139240506328,0.316,0.7550693729973258,0.18354430379746836
all_internal,159,0.318,0.3808747620303143,0.1320754716981132,0.318,0.7513522280164774,0.18238993710691823
all_internal,160,0.32,0.381050481841699,0.1375,0.32,0.7494682233415274,0.1875
all_internal,161,0.322,0.3897588201837217,0.14285714285714285,0.322,0.7476120568092451,0.19254658385093168
all_internal,162,0.324,0.3925252383566515,0.1419753086419753,0.324,0.7470193680642098,0.19753086419753085
all_internal,163,0.326,0.3927951170936203,0.1411042944785276,0.326,0.745787392280588,0.19631901840490798
all_internal,164,0.328,0.3936778026917036,0.1402439024390244,0.328,0.7456766758217988,0.1951219512195122
all_internal,165,0.33,0.3942386271754344,0.1393939393939394,0.33,0.7453423686882543,0.2
all_internal,166,0.332,0.3944406440556403,0.13855421686746988,0.332,0.7436192175635242,0.19879518072289157
all_internal,167,0.334,0.3953288909618417,0.1377245508982036,0.334,0.7421629660926501,0.19760479041916168
all_internal,168,0.336,0.3965280485112641,0.14285714285714285,0.336,0.7416521925616455,0.19642857142857142
all_internal,169,0.338,0.3975889916974545,0.14201183431952663,0.338,0.7410814333404792,0.1952662721893491
all_internal,170,0.34,0.4041958130137304,0.1411764705882353,0.34,0.7409798985903179,0.19411764705882353
all_internal,171,0.342,0.4074838453184782,0.14035087719298245,0.342,0.7406154221276017,0.19298245614035087
all_internal,172,0.344,0.4092332750435321,0.13953488372093023,0.344,0.7387369860341378,0.19186046511627908
all_internal,173,0.346,0.4095820495951163,0.13872832369942195,0.346,0.7382758905153126,0.19653179190751446
all_internal,174,0.348,0.4110965976669833,0.14367816091954022,0.348,0.7380655289279657,0.20114942528735633
all_internal,175,0.35,0.4136270167378906,0.14285714285714285,0.35,0.7274858735309306,0.2
all_internal,176,0.352,0.4193085298261437,0.14772727272727273,0.352,0.7261731673874504,0.20454545454545456
all_internal,177,0.354,0.419701773781826,0.15254237288135594,0.354,0.7248720458554347,0.2033898305084746
all_internal,178,0.356,0.4209994309879259,0.15168539325842698,0.356,0.7225028526730083,0.20786516853932585
all_internal,179,0.358,0.4210157003017109,0.15083798882681565,0.358,0.7214746939659773,0.20670391061452514
all_internal,180,0.36,0.4220143194599631,0.15555555555555556,0.36,0.7214557410473356,0.20555555555555555
all_internal,181,0.362,0.4227072643232492,0.15469613259668508,0.362,0.7211283771198786,0.20994475138121546
all_internal,182,0.364,0.4231681639381797,0.15384615384615385,0.364,0.7204149243388216,0.21428571428571427
all_internal,183,0.366,0.4232220092753336,0.15846994535519127,0.366,0.71890900707336,0.21311475409836064
all_internal,184,0.368,0.4277084663832863,0.16304347826086957,0.368,0.718891624856665,0.21195652173913043
all_internal,185,0.37,0.4297828923732462,0.16216216216216217,0.37,0.7180292629077731,0.21081081081081082
all_internal,186,0.372,0.4330692122053151,0.16666666666666666,0.372,0.7171644254020446,0.20967741935483872
all_internal,187,0.374,0.4331579050815094,0.1657754010695187,0.374,0.7160360334852127,0.21390374331550802
all_internal,188,0.376,0.4364116686049732,0.16489361702127658,0.376,0.7148356664980197,0.2127659574468085
all_internal,189,0.378,0.439368015601086,0.1693121693121693,0.378,0.7114348904175172,0.21164021164021163
all_internal,190,0.38,0.4418791052805189,0.1736842105263158,0.38,0.7100616856658696,0.21578947368421053
all_internal,191,0.382,0.4447938060250456,0.17277486910994763,0.382,0.7057643186879061,0.21465968586387435
all_internal,192,0.384,0.4457882758740882,0.17708333333333334,0.384,0.7003484099825394,0.21875
all_internal,193,0.386,0.4464908270653173,0.18134715025906736,0.386,0.6990153979207663,0.21761658031088082
all_internal,194,0.388,0.4511758171954124,0.18041237113402062,0.388,0.6937355939689795,0.21649484536082475
all_internal,195,0.39,0.4566857494517902,0.1794871794871795,0.39,0.6935965185222996,0.2153846153846154
all_internal,196,0.392,0.4600120208947223,0.17857142857142858,0.392,0.6933465918610372,0.21428571428571427
all_internal,197,0.394,0.4635741080615196,0.17766497461928935,0.394,0.6875511138124981,0.2131979695431472
all_internal,198,0.396,0.4642075193334946,0.17676767676767677,0.396,0.6875175799398971,0.21717171717171718
all_internal,199,0.398,0.4647304364261408,0.17587939698492464,0.398,0.6870888487379829,0.21608040201005024
all_internal,200,0.4,0.4650009727527421,0.175,0.4,0.6842844657157674,0.22
all_internal,201,0.402,0.4660483422704974,0.17412935323383086,0.402,0.6807547801425691,0.21890547263681592
all_internal,202,0.404,0.4664050321719219,0.1782178217821782,0.404,0.6805257773266317,0.21782178217821782
all_internal,203,0.406,0.4713861643128228,0.18226600985221675,0.406,0.6775516686329455,0.22167487684729065
all_internal,204,0.408,0.4739015709022812,0.18137254901960784,0.408,0.674526521029488,0.22549019607843138
all_internal,205,0.41,0.4765618764096954,0.18048780487804877,0.41,0.6733140398804648,0.22926829268292684
all_internal,206,0.412,0.4789341072923475,0.18446601941747573,0.412,0.6730422477767238,0.22815533980582525
all_internal,207,0.414,0.4792801907737139,0.18357487922705315,0.414,0.6723111177568685,0.22705314009661837
all_internal,208,0.416,0.4801815647912741,0.18269230769230768,0.416,0.6721673213742172,0.22596153846153846
all_internal,209,0.418,0.4857116576707116,0.18181818181818182,0.418,0.6715356876587681,0.22488038277511962
all_internal,210,0.42,0.486038930816242,0.18571428571428572,0.42,0.6713895068853099,0.22857142857142856
all_internal,211,0.422,0.4873155684756519,0.1895734597156398,0.422,0.6696724934501208,0.22748815165876776
all_internal,212,0.424,0.4923329426004857,0.19339622641509435,0.424,0.6674459545399455,0.22641509433962265
all_internal,213,0.426,0.4965262369817721,0.19248826291079812,0.426,0.6643083368073145,0.22535211267605634
all_internal,214,0.428,0.4982244296808901,0.19626168224299065,0.428,0.6569442279461322,0.22897196261682243
all_internal,215,0.43,0.500146801297055,0.19534883720930232,0.43,0.6544322467443725,0.22790697674418606
all_internal,216,0.432,0.5012726998738356,0.19444444444444445,0.432,0.6536128142288434,0.22685185185185186
all_internal,217,0.434,0.5022662175764976,0.1935483870967742,0.434,0.6523718962880213,0.2304147465437788
all_internal,218,0.436,0.5060037006745973,0.1926605504587156,0.436,0.6517216686828338,0.23394495412844038
all_internal,219,0.438,0.5108857821597251,0.1963470319634703,0.438,0.6510463968534539,0.2328767123287671
all_internal,220,0.44,0.5159163126152224,0.2,0.44,0.6427695388315385,0.2318181818181818
all_internal,221,0.442,0.5172253826079114,0.20361990950226244,0.442,0.6420695701632521,0.23076923076923078
all_internal,222,0.444,0.5252366810952666,0.2072072072072072,0.444,0.6413259442459494,0.22972972972972974
all_internal,223,0.446,0.527441491683809,0.2062780269058296,0.446,0.6394838851881289,0.22869955156950672
all_internal,224,0.448,0.5290341696602084,0.20535714285714285,0.448,0.6372210712340999,0.22767857142857142
all_internal,225,0.45,0.5336321834254305,0.20444444444444446,0.45,0.6360632443919567,0.22666666666666666
all_internal,226,0.452,0.5336518387676712,0.20353982300884957,0.452,0.6350160334693561,0.23008849557522124
all_internal,227,0.454,0.5384943793050025,0.2026431718061674,0.454,0.6314827852410166,0.2290748898678414
all_internal,228,0.456,0.5405719971322321,0.20175438596491227,0.456,0.6298331473894089,0.2324561403508772
all_internal,229,0.458,0.541608304976825,0.20087336244541484,0.458,0.6253254653837579,0.2314410480349345
all_internal,230,0.46,0.5426306387852491,0.20434782608695654,0.46,0.6226138965271532,0.23043478260869565
all_internal,231,0.462,0.5452256739145388,0.2077922077922078,0.462,0.6198432054958288,0.22943722943722944
all_internal,232,0.464,0.5468913124066682,0.21120689655172414,0.464,0.6192806986683217,0.23275862068965517
all_internal,233,0.466,0.5470039445885738,0.21030042918454936,0.466,0.6190873736618434,0.2317596566523605
all_internal,234,0.468,0.5485872130940253,0.2094017094017094,0.468,0.6190422938492054,0.23076923076923078
all_internal,235,0.47,0.5512202428395533,0.2127659574468085,0.47,0.6175682572372808,0.2297872340425532
all_internal,236,0.472,0.5522277941386118,0.211864406779661,0.472,0.6169164813992936,0.2330508474576271
all_internal,237,0.474,0.552379703951678,0.2109704641350211,0.474,0.6130653096236831,0.2320675105485232
all_internal,238,0.476,0.5546555980959116,0.21008403361344538,0.476,0.6116872069880712,0.23529411764705882
all_internal,239,0.478,0.5555479966256983,0.21338912133891214,0.478,0.6115689026739247,0.23430962343096234
all_internal,240,0.48,0.5575775296108504,0.2125,0.48,0.6072608009424555,0.23333333333333334
all_internal,241,0.482,0.5611486592665232,0.21161825726141079,0.482,0.6053518776170382,0.23651452282157676
all_internal,242,0.484,0.5632279672457295,0.21074380165289255,0.484,0.6019602417451394,0.2396694214876033
all_internal,243,0.486,0.5654300894034453,0.2139917695473251,0.486,0.5937557337951035,0.23868312757201646
all_internal,244,0.488,0.5665628955941777,0.21311475409836064,0.488,0.593335024442936,0.23770491803278687
all_internal,245,0.49,0.5674034635277032,0.21224489795918366,0.49,0.5925399373430816,0.24081632653061225
all_internal,246,0.492,0.5699573324790653,0.21138211382113822,0.492,0.5912705452503563,0.23983739837398374
all_internal,247,0.494,0.5729716801800497,0.21052631578947367,0.494,0.5896040909693989,0.242914979757085
all_internal,248,0.496,0.5771484741144198,0.21370967741935484,0.496,0.5894021919106831,0.24596774193548387
all_internal,249,0.498,0.5790129839267368,0.21285140562248997,0.498,0.5872895120889257,0.24497991967871485
all_internal,250,0.5,0.5837240517732682,0.216,0.5,0.584458474881413,0.244
all_internal,251,0.502,0.584458474881413,0.21912350597609562,0.502,0.5837240517732682,0.24302788844621515
all_internal,252,0.504,0.5872895120889257,0.2222222222222222,0.504,0.5790129839267368,0.24603174603174602
all_internal,253,0.506,0.5894021919106831,0.22134387351778656,0.506,0.5771484741144198,0.2450592885375494
all_internal,254,0.508,0.5896040909693989,0.2204724409448819,0.508,0.5729716801800497,0.24803149606299213
all_internal,255,0.51,0.5912705452503563,0.2235294117647059,0.51,0.5699573324790653,0.25098039215686274
all_internal,256,0.512,0.5925399373430816,0.22265625,0.512,0.5674034635277032,0.25390625
all_internal,257,0.514,0.593335024442936,0.22568093385214008,0.514,0.5665628955941777,0.25680933852140075
all_internal,258,0.516,0.5937557337951035,0.22868217054263565,0.516,0.5654300894034453,0.2558139534883721
all_internal,259,0.518,0.6019602417451394,0.2277992277992278,0.518,0.5632279672457295,0.25868725868725867
all_internal,260,0.52,0.6053518776170382,0.22692307692307692,0.52,0.5611486592665232,0.26153846153846155
all_internal,261,0.522,0.6072608009424555,0.22988505747126436,0.522,0.5575775296108504,0.26436781609195403
all_internal,262,0.524,0.6115689026739247,0.23282442748091603,0.524,0.5555479966256983,0.2633587786259542
all_internal,263,0.526,0.6116872069880712,0.23193916349809887,0.526,0.5546555980959116,0.2661596958174905
all_internal,264,0.528,0.6130653096236831,0.23484848484848486,0.528,0.552379703951678,0.2689393939393939
all_internal,265,0.53,0.6169164813992936,0.2339622641509434,0.53,0.5522277941386118,0.27169811320754716
all_internal,266,0.532,0.6175682572372808,0.23684210526315788,0.532,0.5512202428395533,0.2706766917293233
all_internal,267,0.534,0.6190422938492054,0.2397003745318352,0.534,0.5485872130940253,0.27340823970037453
all_internal,268,0.536,0.6190873736618434,0.24253731343283583,0.536,0.5470039445885738,0.27611940298507465
all_internal,269,0.538,0.6192806986683217,0.241635687732342,0.538,0.5468913124066682,0.275092936802974
all_internal,270,0.54,0.6198432054958288,0.24444444444444444,0.54,0.5452256739145388,0.2740740740740741
all_internal,271,0.542,0.6226138965271532,0.24723247232472326,0.542,0.5426306387852491,0.2730627306273063
all_internal,272,0.544,0.6253254653837579,0.25,0.544,0.541608304976825,0.2757352941176471
all_internal,273,0.546,0.6298331473894089,0.2490842490842491,0.546,0.5405719971322321,0.2783882783882784
all_internal,274,0.548,0.6314827852410166,0.2518248175182482,0.548,0.5384943793050025,0.28102189781021897
all_internal,275,0.55,0.6350160334693561,0.2509090909090909,0.55,0.5336518387676712,0.28363636363636363
all_internal,276,0.552,0.6360632443919567,0.2536231884057971,0.552,0.5336321834254305,0.286231884057971
all_internal,277,0.554,0.6372210712340999,0.2563176895306859,0.554,0.5290341696602084,0.2888086642599278
all_internal,278,0.556,0.6394838851881289,0.2589928057553957,0.556,0.527441491683809,0.29136690647482016
all_internal,279,0.558,0.6413259442459494,0.2616487455197133,0.558,0.5252366810952666,0.2903225806451613
all_internal,280,0.56,0.6420695701632521,0.2642857142857143,0.56,0.5172253826079114,0.2892857142857143
all_internal,281,0.562,0.6427695388315385,0.2669039145907473,0.562,0.5159163126152224,0.28825622775800713
all_internal,282,0.564,0.6510463968534539,0.2695035460992908,0.564,0.5108857821597251,0.2872340425531915
all_internal,283,0.566,0.6517216686828338,0.26855123674911663,0.566,0.5060037006745973,0.28975265017667845
all_internal,284,0.568,0.6523718962880213,0.2676056338028169,0.568,0.5022662175764976,0.29225352112676056
all_internal,285,0.57,0.6536128142288434,0.27017543859649124,0.57,0.5012726998738356,0.29473684210526313
all_internal,286,0.572,0.6544322467443725,0.2727272727272727,0.572,0.500146801297055,0.2972027972027972
all_internal,287,0.574,0.6569442279461322,0.27177700348432055,0.574,0.4982244296808901,0.2961672473867596
all_internal,288,0.576,0.6643083368073145,0.2743055555555556,0.576,0.4965262369817721,0.2986111111111111
all_internal,289,0.578,0.6674459545399455,0.2768166089965398,0.578,0.4923329426004857,0.2975778546712803
all_internal,290,0.58,0.6696724934501208,0.2793103448275862,0.58,0.4873155684756519,0.296551724137931
all_internal,291,0.582,0.6713895068853099,0.27835051546391754,0.582,0.486038930816242,0.29553264604810997
all_internal,292,0.584,0.6715356876587681,0.2808219178082192,0.584,0.4857116576707116,0.2979452054794521
all_internal,293,0.586,0.6721673213742172,0.2832764505119454,0.586,0.4801815647912741,0.3003412969283277
all_internal,294,0.588,0.6723111177568685,0.2857142857142857,0.588,0.4792801907737139,0.30272108843537415
all_internal,295,0.59,0.6730422477767238,0.288135593220339,0.59,0.4789341072923475,0.3016949152542373
all_internal,296,0.592,0.6733140398804648,0.28716216216216217,0.592,0.4765618764096954,0.30405405405405406
all_internal,297,0.594,0.674526521029488,0.28619528619528617,0.594,0.4739015709022812,0.3063973063973064
all_internal,298,0.596,0.6775516686329455,0.28523489932885904,0.596,0.4713861643128228,0.3053691275167785
all_internal,299,0.598,0.6805257773266317,0.28762541806020064,0.598,0.4664050321719219,0.30434782608695654
all_internal,300,0.6,0.6807547801425691,0.29,0.6,0.4660483422704974,0.30666666666666664
all_internal,301,0.602,0.6842844657157674,0.28903654485049834,0.602,0.4650009727527421,0.3089700996677741
all_internal,302,0.604,0.6870888487379829,0.2913907284768212,0.604,0.4647304364261408,0.31125827814569534
all_internal,303,0.606,0.6875175799398971,0.29042904290429045,0.606,0.4642075193334946,0.31353135313531355
all_internal,304,0.608,0.6875511138124981,0.29276315789473684,0.608,0.4635741080615196,0.3157894736842105
all_internal,305,0.61,0.6933465918610372,0.29508196721311475,0.61,0.4600120208947223,0.3180327868852459
all_internal,306,0.612,0.6935965185222996,0.2973856209150327,0.612,0.4566857494517902,0.3202614379084967
all_internal,307,0.614,0.6937355939689795,0.2996742671009772,0.614,0.4511758171954124,0.32247557003257327
all_internal,308,0.616,0.6990153979207663,0.30194805194805197,0.616,0.4464908270653173,0.32142857142857145
all_internal,309,0.618,0.7003484099825394,0.30097087378640774,0.618,0.4457882758740882,0.32038834951456313
all_internal,310,0.62,0.7057643186879061,0.3032258064516129,0.62,0.4447938060250456,0.3225806451612903
all_internal,311,0.622,0.7100616856658696,0.3022508038585209,0.622,0.4418791052805189,0.3215434083601286
all_internal,312,0.624,0.7114348904175172,0.30448717948717946,0.624,0.439368015601086,0.32051282051282054
all_internal,313,0.626,0.7148356664980197,0.30670926517571884,0.626,0.4364116686049732,0.3226837060702875
all_internal,314,0.628,0.7160360334852127,0.3057324840764331,0.628,0.4331579050815094,0.3248407643312102
all_internal,315,0.63,0.7171644254020446,0.30793650793650795,0.63,0.4330692122053151,0.3238095238095238
all_internal,316,0.632,0.7180292629077731,0.310126582278481,0.632,0.4297828923732462,0.3259493670886076
all_internal,317,0.634,0.718891624856665,0.31230283911671924,0.634,0.4277084663832863,0.3249211356466877
all_internal,318,0.636,0.71890900707336,0.31446540880503143,0.636,0.4232220092753336,0.3238993710691824
all_internal,319,0.638,0.7204149243388216,0.31347962382445144,0.638,0.4231681639381797,0.32601880877742945
all_internal,320,0.64,0.7211283771198786,0.3125,0.64,0.4227072643232492,0.328125
all_internal,321,0.642,0.7214557410473356,0.3146417445482866,0.642,0.4220143194599631,0.32710280373831774
all_internal,322,0.644,0.7214746939659773,0.3167701863354037,0.644,0.4210157003017109,0.32919254658385094
all_internal,323,0.646,0.7225028526730083,0.3157894736842105,0.646,0.4209994309879259,0.33126934984520123
all_internal,324,0.648,0.7248720458554347,0.31790123456790126,0.648,0.419701773781826,0.33024691358024694
all_internal,325,0.65,0.7261731673874504,0.3169230769230769,0.65,0.4193085298261437,0.3292307692307692
all_internal,326,0.652,0.7274858735309306,0.31901840490797545,0.652,0.4136270167378906,0.3312883435582822
all_internal,327,0.654,0.7380655289279657,0.3180428134556575,0.654,0.4110965976669833,0.3302752293577982
all_internal,328,0.656,0.7382758905153126,0.3170731707317073,0.656,0.4095820495951163,0.3323170731707317
all_internal,329,0.658,0.7387369860341378,0.3191489361702128,0.658,0.4092332750435321,0.3343465045592705
all_internal,330,0.66,0.7406154221276017,0.3212121212121212,0.66,0.4074838453184782,0.33636363636363636
all_internal,331,0.662,0.7409798985903179,0.32326283987915405,0.662,0.4041958130137304,0.338368580060423
all_internal,332,0.664,0.7410814333404792,0.3253012048192771,0.664,0.3975889916974545,0.34036144578313254
all_internal,333,0.666,0.7416521925616455,0.32732732732732733,0.666,0.3965280485112641,0.33933933933933935
all_internal,334,0.668,0.7421629660926501,0.32934131736526945,0.668,0.3953288909618417,0.3413173652694611
all_internal,335,0.67,0.7436192175635242,0.33134328358208953,0.67,0.3944406440556403,0.34328358208955223
all_internal,336,0.672,0.7453423686882543,0.33035714285714285,0.672,0.3942386271754344,0.34523809523809523
all_internal,337,0.674,0.7456766758217988,0.3323442136498516,0.674,0.3936778026917036,0.34718100890207715
all_internal,338,0.676,0.745787392280588,0.3343195266272189,0.676,0.3927951170936203,0.34911242603550297
all_internal,339,0.678,0.7470193680642098,0.3333333333333333,0.678,0.3925252383566515,0.35103244837758113
all_internal,340,0.68,0.7476120568092451,0.3323529411764706,0.68,0.3897588201837217,0.35
all_internal,341,0.682,0.7494682233415274,0.3313782991202346,0.682,0.381050481841699,0.3489736070381232
all_internal,342,0.684,0.7513522280164774,0.3333333333333333,0.684,0.3808747620303143,0.3508771929824561
all_internal,343,0.686,0.7550693729973258,0.33527696793002915,0.686,0.3806532308301639,0.3498542274052478
all_internal,344,0.688,0.7603574391087304,0.3372093023255814,0.688,0.3797689299240673,0.35174418604651164
all_internal,345,0.69,0.7622865414563303,0.336231884057971,0.69,0.3789975844373935,0.3536231884057971
all_internal,346,0.692,0.7647100257403058,0.33815028901734107,0.692,0.3776634951363228,0.3554913294797688
all_internal,347,0.694,0.7675806366926788,0.3400576368876081,0.694,0.377357803240426,0.35446685878962536
all_internal,348,0.696,0.7688146791010589,0.34195402298850575,0.696,0.3748265514975444,0.35344827586206895
all_internal,349,0.698,0.7689313577892584,0.34097421203438394,0.698,0.3726290064860838,0.3524355300859599
all_internal,350,0.7,0.7690721593377949,0.34285714285714286,0.7,0.3706238811834431,0.35428571428571426
all_internal,351,0.702,0.7727095896137932,0.34472934472934474,0.702,0.370142293508908,0.35327635327635326
all_internal,352,0.704,0.773735610658927,0.34375,0.704,0.3672415497346885,0.35511363636363635
all_internal,353,0.706,0.7739454179356551,0.34560906515580736,0.706,0.3672118939643313,0.35694050991501414
all_internal,354,0.708,0.776419816111931,0.3474576271186441,0.708,0.3670749865107832,0.3587570621468927
all_internal,355,0.71,0.7782937273995457,0.3492957746478873,0.71,0.3617610251212873,0.36056338028169016
all_internal,356,0.712,0.7813005377653207,0.34831460674157305,0.712,0.3608238914346647,0.36235955056179775
all_internal,357,0.714,0.7839611720624676,0.3473389355742297,0.714,0.3469297310175807,0.3641456582633053
all_internal,358,0.716,0.7839921182719535,0.3463687150837989,0.716,0.3452422707913483,0.3659217877094972
all_internal,359,0.718,0.7856401276121008,0.34818941504178275,0.718,0.3446456795721062,0.36768802228412256
all_internal,360,0.72,0.7911754451209821,0.35,0.72,0.3437832225800743,0.36944444444444446
all_internal,361,0.722,0.7933563782871077,0.3518005540166205,0.722,0.3428261165647212,0.3684210526315789
all_internal,362,0.724,0.7965785746163042,0.35082872928176795,0.724,0.3382144872500835,0.3701657458563536
all_internal,363,0.726,0.7972102391057395,0.3526170798898072,0.726,0.3372966172842399,0.371900826446281
all_internal,364,0.728,0.8006266259411382,0.3543956043956044,0.728,0.3365424131170478,0.37362637362637363
all_internal,365,0.73,0.8055414895174443,0.3561643835616438,0.73,0.3334023936031199,0.37534246575342467
all_internal,366,0.732,0.8093441576458668,0.35792349726775957,0.732,0.3322367637522215,0.3770491803278688
all_internal,367,0.734,0.8111494388455482,0.35967302452316074,0.734,0.331990733506195,0.3760217983651226
all_internal,368,0.736,0.8114535523527928,0.36141304347826086,0.736,0.3280295860706508,0.375
all_internal,369,0.738,0.8120278463687186,0.3604336043360434,0.738,0.3276994612635965,0.37669376693766937
all_internal,370,0.74,0.8141688496501776,0.3621621621621622,0.74,0.3234582939883182,0.37567567567567567
all_internal,371,0.742,0.8167509447654632,0.3611859838274933,0.742,0.3233601823530355,0.37735849056603776
all_internal,372,0.744,0.8195782941035551,0.3629032258064516,0.744,0.3211652622544899,0.3763440860215054
all_internal,373,0.746,0.8222925073929294,0.3646112600536193,0.746,0.3126398736603298,0.3753351206434316
all_internal,374,0.748,0.8224320586397348,0.3663101604278075,0.748,0.3114976702314496,0.3770053475935829
all_internal,375,0.75,0.8234448169687782,0.36533333333333334,0.75,0.3087338876867764,0.37866666666666665
all_internal,376,0.752,0.8289409980273652,0.3670212765957447,0.752,0.303204908641289,0.3776595744680851
all_internal,377,0.754,0.8293257604349972,0.3660477453580902,0.754,0.3020208351472454,0.3793103448275862
all_internal,378,0.756,0.8312291075720867,0.36507936507936506,0.756,0.3019055638864955,0.38095238095238093
all_internal,379,0.758,0.831357446808942,0.36675461741424803,0.758,0.3011761929716688,0.38258575197889183
all_internal,380,0.76,0.8350452073632444,0.36578947368421055,0.76,0.2961833925434086,0.38421052631578945
all_internal,381,0.762,0.8353885178314437,0.3674540682414698,0.762,0.2960372175879768,0.3858267716535433
all_internal,382,0.764,0.8367307498907722,0.36910994764397903,0.764,0.2948321537752182,0.387434554973822
all_internal,383,0.766,0.8375206689927683,0.370757180156658,0.766,0.2889986592988756,0.38903394255874674
all_internal,384,0.768,0.8390895068612809,0.3697916666666667,0.768,0.2885996873435862,0.390625
all_internal,385,0.77,0.8396505025506585,0.36883116883116884,0.77,0.2883696106612768,0.38961038961038963
all_internal,386,0.772,0.8414392482491272,0.3704663212435233,0.772,0.2876010964490519,0.3911917098445596
all_internal,387,0.774,0.8442997710509474,0.37209302325581395,0.774,0.2800198981875442,0.39276485788113696
all_internal,388,0.776,0.8463590422992062,0.37371134020618557,0.776,0.2764371449341953,0.3943298969072165
all_internal,389,0.778,0.8491810771907412,0.37532133676092544,0.778,0.2715152237014599,0.39331619537275064
all_internal,390,0.78,0.8498084708375557,0.3769230769230769,0.78,0.2696875670124634,0.3923076923076923
all_internal,391,0.782,0.8502204590469518,0.37851662404092073,0.782,0.2664468117798378,0.3938618925831202
all_internal,392,0.784,0.8521848017352058,0.38010204081632654,0.784,0.259676216045307,0.39540816326530615
all_internal,393,0.786,0.8533167193806565,0.3791348600508906,0.786,0.255814337871141,0.3944020356234097
all_internal,394,0.788,0.8549553574597277,0.38071065989847713,0.788,0.2553960213967764,0.39593908629441626
all_internal,395,0.79,0.8550449631024862,0.3822784810126582,0.79,0.2533207134810208,0.39746835443037976
all_internal,396,0.792,0.8571808186386075,0.3838383838383838,0.792,0.2532130809815625,0.398989898989899
all_internal,397,0.794,0.857625061600516,0.3853904282115869,0.794,0.2528039084657707,0.4005037783375315
all_internal,398,0.796,0.8590861799946393,0.3869346733668342,0.796,0.2527754098673672,0.4020100502512563
all_internal,399,0.798,0.8591647203091658,0.38847117794486213,0.798,0.251265647540741,0.40350877192982454
all_internal,400,0.8,0.8597498066168058,0.3875,0.8,0.2491887019813284,0.405
all_internal,401,0.802,0.860398356676423,0.3865336658354115,0.802,0.247633667146691,0.40648379052369077
all_internal,402,0.804,0.8626742114805727,0.3880597014925373,0.804,0.2467860846788928,0.4079601990049751
all_internal,403,0.806,0.8628832874396172,0.3870967741935484,0.806,0.2390372453974747,0.4094292803970223
all_internal,404,0.808,0.8634204912003479,0.38613861386138615,0.808,0.2364512192322909,0.41089108910891087
all_internal,405,0.81,0.8660442584728689,0.3851851851851852,0.81,0.2348458823003213,0.4123456790123457
all_internal,406,0.812,0.8691594327377895,0.3866995073891626,0.812,0.2277603839724028,0.41379310344827586
all_internal,407,0.814,0.8692348937545731,0.3882063882063882,0.814,0.2200537041279134,0.4152334152334152
all_internal,408,0.816,0.8728162804360363,0.3897058823529412,0.816,0.2192556628417044,0.4166666666666667
all_internal,409,0.818,0.8729984031513047,0.39119804400978,0.818,0.2155720280040114,0.4156479217603912
all_internal,410,0.82,0.8732923430999203,0.3926829268292683,0.82,0.2155706654372759,0.4170731707317073
all_internal,411,0.822,0.8732933265988652,0.39416058394160586,0.822,0.2141835191302668,0.41849148418491483
all_internal,412,0.824,0.8742662795834584,0.39563106796116504,0.824,0.2136238300221165,0.4199029126213592
all_internal,413,0.826,0.8754030355716252,0.39709443099273606,0.826,0.2131978255279817,0.4213075060532688
all_internal,414,0.828,0.8786149640388276,0.39855072463768115,0.828,0.2106033354382451,0.4227053140096618
all_internal,415,0.83,0.8789332187743937,0.4,0.83,0.2095734338862971,0.42168674698795183
all_internal,416,0.832,0.8802734389467629,0.4014423076923077,0.832,0.2051978616347764,0.4230769230769231
all_internal,417,0.834,0.8809066715774015,0.4028776978417266,0.834,0.2014052831858372,0.4244604316546763
all_internal,418,0.836,0.8815532024891749,0.4043062200956938,0.836,0.2006550879132,0.4258373205741627
all_internal,419,0.838,0.882780208177978,0.40572792362768495,0.838,0.1998934386076085,0.42720763723150357
all_internal,420,0.84,0.8833568623297906,0.40714285714285714,0.84,0.1968849112371311,0.42857142857142855
all_internal,421,0.842,0.8836213867934238,0.4085510688836104,0.842,0.1956941377827784,0.42992874109263657
all_internal,422,0.844,0.8871518393285414,0.4099526066350711,0.844,0.1932852728898355,0.4312796208530806
all_internal,423,0.846,0.8873676061420267,0.41134751773049644,0.846,0.1739090550023991,0.4326241134751773
all_internal,424,0.848,0.8875851910431048,0.41273584905660377,0.848,0.1717464218945897,0.43160377358490565
all_internal,425,0.85,0.8886421457994675,0.41411764705882353,0.85,0.1713862988976807,0.4329411764705882
all_internal,426,0.852,0.888744190829429,0.4154929577464789,0.852,0.1683582961676832,0.43427230046948356
all_internal,427,0.854,0.8893730717884405,0.4168618266978923,0.854,0.1678081646518146,0.43559718969555034
all_internal,428,0.856,0.8897084504750415,0.4182242990654206,0.856,0.1662690507446062,0.4369158878504673
all_internal,429,0.858,0.8910249439508688,0.4195804195804196,0.858,0.1644428827146791,0.4358974358974359
all_internal,430,0.86,0.8911398756697002,0.42093023255813955,0.86,0.1642012936362969,0.4372093023255814
all_internal,431,0.862,0.8922917883381706,0.4222737819025522,0.862,0.1640619683851173,0.4385150812064965
all_internal,432,0.864,0.8929366722232338,0.4236111111111111,0.864,0.161652251339931,0.4398148148148148
all_internal,433,0.866,0.8930721416707077,0.42494226327944573,0.866,0.1608986363768705,0.44110854503464203
all_internal,434,0.868,0.8938787602761206,0.423963133640553,0.868,0.1584726250434051,0.4423963133640553
all_internal,435,0.87,0.8941861942279751,0.42528735632183906,0.87,0.1541110429501362,0.4436781609195402
all_internal,436,0.872,0.8956336824144625,0.42660550458715596,0.872,0.1509220781106471,0.4426605504587156
all_internal,437,0.874,0.8991596334795093,0.4279176201372998,0.874,0.1436127818606411,0.4439359267734554
all_internal,438,0.876,0.9013324359696686,0.4292237442922374,0.876,0.1435419330960859,0.4452054794520548
all_internal,439,0.878,0.9036987167159192,0.4305239179954442,0.878,0.143082170116907,0.44646924829157175
all_internal,440,0.88,0.9041259930681896,0.4318181818181818,0.88,0.1430002991843293,0.44772727272727275
all_internal,441,0.882,0.9046415024094266,0.4331065759637188,0.882,0.1418891491255271,0.4489795918367347
all_internal,442,0.884,0.9055056575598356,0.4343891402714932,0.884,0.1406269395034934,0.4502262443438914
all_internal,443,0.886,0.9058381066055964,0.435665914221219,0.886,0.1404308285686255,0.45146726862302483
all_internal,444,0.888,0.907690200307416,0.4369369369369369,0.888,0.1398337905627556,0.4527027027027027
all_internal,445,0.89,0.9083781395962336,0.43820224719101125,0.89,0.1354122201135277,0.45393258426966293
all_internal,446,0.892,0.90877339579634,0.43946188340807174,0.892,0.1299279118264239,0.4551569506726457
all_internal,447,0.894,0.9109044645060056,0.43847874720357943,0.894,0.1290527217855039,0.4563758389261745
all_internal,448,0.896,0.912567776415006,0.43973214285714285,0.896,0.1258864600932275,0.4575892857142857
all_internal,449,0.898,0.9147319927315236,0.44097995545657015,0.898,0.1142330719131676,0.45879732739420936
all_internal,450,0.9,0.91536916785451,0.44222222222222224,0.9,0.1139781908359049,0.46
all_internal,451,0.902,0.916220333557208,0.44124168514412415,0.902,0.1107271280790181,0.4611973392461197
all_internal,452,0.904,0.916497342127223,0.4424778761061947,0.904,0.109790120228685,0.46238938053097345
all_internal,453,0.906,0.9180742015615077,0.44370860927152317,0.906,0.1094901213504663,0.46357615894039733
all_internal,454,0.908,0.9189237016890738,0.44493392070484583,0.908,0.1090481899917087,0.4647577092511013
all_internal,455,0.91,0.9206513902076362,0.44395604395604393,0.91,0.1067774987826842,0.46593406593406594
all_internal,456,0.912,0.9248670471668078,0.4451754385964912,0.912,0.1054647750634105,0.46710526315789475
all_internal,457,0.914,0.9263325284085504,0.4442013129102845,0.914,0.1054560189048345,0.4682713347921225
all_internal,458,0.916,0.9275531801554666,0.44541484716157204,0.916,0.1041944280492518,0.46943231441048033
all_internal,459,0.918,0.9279647448218624,0.4466230936819172,0.918,0.1041065664915897,0.47058823529411764
all_internal,460,0.92,0.930392255400886,0.44782608695652176,0.92,0.097299991241773,0.4717391304347826
all_internal,461,0.922,0.9314460741358476,0.4490238611713666,0.922,0.0876665475801264,0.47288503253796094
all_internal,462,0.924,0.9349361326583682,0.45021645021645024,0.924,0.0830252416743529,0.474025974025974
all_internal,463,0.926,0.9367925796926052,0.4514038876889849,0.926,0.0821328429784409,0.47516198704103674
all_internal,464,0.928,0.93735693520332,0.4525862068965517,0.928,0.0797508219627182,0.47629310344827586
all_internal,465,0.93,0.9403995148007426,0.45376344086021503,0.93,0.0786363075612732,0.4774193548387097
all_internal,466,0.932,0.9409806853343788,0.45278969957081544,0.932,0.0762789474909254,0.47854077253218885
all_internal,467,0.934,0.9416856335261582,0.4539614561027837,0.934,0.0755707562419834,0.4796573875802998
all_internal,468,0.936,0.9420364686213424,0.4551282051282051,0.936,0.0741785234286034,0.4807692307692308
all_internal,469,0.938,0.944964700651604,0.4541577825159915,0.938,0.0677179802585908,0.48187633262260127
all_internal,470,0.94,0.9505574996841836,0.4553191489361702,0.94,0.0674174216732733,0.4829787234042553
all_internal,471,0.942,0.950667235929712,0.4564755838641189,0.942,0.0656444037684897,0.4840764331210191
all_internal,472,0.944,0.9508199943122791,0.4576271186440678,0.944,0.0642167641908259,0.4851694915254237
all_internal,473,0.946,0.950987643090209,0.4587737843551797,0.946,0.0626978906460644,0.48625792811839325
all_internal,474,0.948,0.951207689256828,0.459915611814346,0.948,0.05995999055544,0.4873417721518987
all_internal,475,0.95,0.9532536905030384,0.4610526315789474,0.95,0.0586427445907521,0.4884210526315789
all_internal,476,0.952,0.9546709516329852,0.46218487394957986,0.952,0.0573897902872627,0.4894957983193277
all_internal,477,0.954,0.9592916584189064,0.46331236897274636,0.954,0.0552613295834049,0.49056603773584906
all_internal,478,0.956,0.9605911350948212,0.46443514644351463,0.956,0.0540808547582283,0.4916317991631799
all_internal,479,0.958,0.9621435637139176,0.46555323590814196,0.958,0.0532448828393848,0.49269311064718163
all_internal,480,0.96,0.9621817055839368,0.4666666666666667,0.96,0.0515251914163552,0.49375
all_internal,481,0.962,0.9629600468068336,0.4677754677754678,0.962,0.0501122374286685,0.49480249480249483
all_internal,482,0.964,0.964192617971638,0.46887966804979253,0.964,0.0467671026282278,0.495850622406639
all_internal,483,0.966,0.9648028297222144,0.4699792960662526,0.966,0.0436745169498367,0.4968944099378882
all_internal,484,0.968,0.9651301483975148,0.47107438016528924,0.968,0.0399750997972301,0.49793388429752067
all_internal,485,0.97,0.966414490014954,0.47216494845360824,0.97,0.0368837161865492,0.49896907216494846
all_internal,486,0.972,0.9670640971096058,0.4732510288065844,0.972,0.0360216318151896,0.5
all_internal,487,0.974,0.970093221083262,0.47433264887063653,0.974,0.0317617063188407,0.5010266940451745
all_internal,488,0.976,0.9721880508904128,0.47540983606557374,0.976,0.0305523835178559,0.5020491803278688
all_internal,489,0.978,0.9731850050046484,0.47648261758691207,0.978,0.0294580046720839,0.5030674846625767
all_internal,490,0.98,0.9733257227551826,0.4775510204081633,0.98,0.0288425556572155,0.5040816326530613
all_internal,491,0.982,0.9740810234956448,0.4786150712830957,0.982,0.0282061878677074,0.505091649694501
all_internal,492,0.984,0.9764745255287256,0.4796747967479675,0.984,0.0269348365228396,0.5060975609756098
all_internal,493,0.986,0.9785933307792856,0.48073022312373226,0.986,0.0247123156724611,0.5070993914807302
all_internal,494,0.988,0.98132043822183,0.4817813765182186,0.988,0.0245185608022397,0.5080971659919028
all_internal,495,0.99,0.9836736383944558,0.48282828282828283,0.99,0.0220946709143681,0.509090909090909
all_internal,496,0.992,0.9837907144693226,0.4838709677419355,0.992,0.0200193118143245,0.5100806451612904
all_internal,497,0.994,0.9873551542006884,0.482897384305835,0.994,0.0139959956493461,0.5110663983903421
all_internal,498,0.996,0.9889729461734136,0.4839357429718876,0.996,0.0107679497302856,0.5120481927710844
all_internal,499,0.998,0.9926094791104488,0.4849699398797595,0.998,0.0104576051711582,0.5130260521042084
all_internal,500,1.0,0.9928276605247888,0.486,1.0,0.0103859318999159,0.514
context_action+all_internal,1,0.002,0.0032770550413142,0.0,0.002,0.9990907475590978,0.0
context_action+all_internal,2,0.004,0.0040300322040648,0.0,0.004,0.9990679641264926,0.0
context_action+all_internal,3,0.006,0.005632673202226,0.0,0.006,0.99885045778717,0.0
context_action+all_internal,4,0.008,0.0086980596526694,0.0,0.008,0.9984548908824868,0.0
context_action+all_internal,5,0.01,0.0102178063374544,0.0,0.01,0.9980291546289451,0.0
context_action+all_internal,6,0.012,0.0103682550704446,0.0,0.012,0.9950191347031142,0.0
context_action+all_internal,7,0.014,0.0108506570386093,0.0,0.014,0.9943430014354732,0.0
context_action+all_internal,8,0.016,0.0136414202461807,0.0,0.016,0.9935848255705764,0.0
context_action+all_internal,9,0.018,0.0144811311784216,0.0,0.018,0.9927463764159322,0.0
context_action+all_internal,10,0.02,0.0144977228079877,0.0,0.02,0.9926176686264292,0.0
context_action+all_internal,11,0.022,0.01616859740632,0.0,0.022,0.9925478833451082,0.0
context_action+all_internal,12,0.024,0.0164890841907736,0.0,0.024,0.9923749656877152,0.0
context_action+all_internal,13,0.026,0.0177471019219246,0.0,0.026,0.9919119677834596,0.0
context_action+all_internal,14,0.028,0.0181150109129407,0.0,0.028,0.9916073933255573,0.0
context_action+all_internal,15,0.03,0.0189884426758637,0.0,0.03,0.9902886597242888,0.0
context_action+all_internal,16,0.032,0.0194890027056362,0.0,0.032,0.98892933927362,0.0
context_action+all_internal,17,0.034,0.0227320574645483,0.0,0.034,0.9882563447372048,0.0
context_action+all_internal,18,0.036,0.0240626911257075,0.0,0.036,0.9862802507893408,0.0
context_action+all_internal,19,0.038,0.0253840626574324,0.0,0.038,0.9822793047854506,0.0
context_action+all_internal,20,0.04,0.0267430773539936,0.0,0.04,0.9805955511484782,0.0
context_action+all_internal,21,0.042,0.0282130594358553,0.0,0.042,0.9799548502786248,0.0
context_action+all_internal,22,0.044,0.0376554998862232,0.0,0.044,0.979552116122532,0.0
context_action+all_internal,23,0.046,0.0390129026089333,0.0,0.046,0.9788371148339294,0.043478260869565216
context_action+all_internal,24,0.048,0.0397040393039611,0.0,0.048,0.9786813779257982,0.041666666666666664
context_action+all_internal,25,0.05,0.0403038750410535,0.0,0.05,0.9770447547274032,0.04
context_action+all_internal,26,0.052,0.0436109275850818,0.0,0.052,0.9762269623714932,0.038461538461538464
context_action+all_internal,27,0.054,0.0488220823644302,0.0,0.054,0.9732869728732404,0.037037037037037035
context_action+all_internal,28,0.056,0.0498151063543783,0.0,0.056,0.969892685972646,0.03571428571428571
context_action+all_internal,29,0.058,0.0528265718659702,0.0,0.058,0.9697937893692048,0.034482758620689655
context_action+all_internal,30,0.06,0.0568303659630884,0.0,0.06,0.967321294164238,0.03333333333333333
context_action+all_internal,31,0.062,0.0577706117424684,0.0,0.062,0.9662645935667288,0.03225806451612903
context_action+all_internal,32,0.064,0.0578556058220363,0.0,0.064,0.966132421143714,0.03125
context_action+all_internal,33,0.066,0.0632807574857495,0.0,0.066,0.96226287845317,0.030303030303030304
context_action+all_internal,34,0.068,0.0637832686084384,0.0,0.068,0.960245786312295,0.029411764705882353
context_action+all_internal,35,0.07,0.0652769941231387,0.0,0.07,0.9592311605186944,0.02857142857142857
context_action+all_internal,36,0.072,0.0694174114252979,0.0,0.072,0.9584439379399072,0.027777777777777776
context_action+all_internal,37,0.074,0.0707886854898761,0.0,0.074,0.9570677477724862,0.02702702702702703
context_action+all_internal,38,0.076,0.0715211724797436,0.0,0.076,0.9535660307188484,0.02631578947368421
context_action+all_internal,39,0.078,0.0723073716052584,0.0,0.078,0.9526383618233234,0.02564102564102564
context_action+all_internal,40,0.08,0.0726033261307418,0.0,0.08,0.9516599847256918,0.025
context_action+all_internal,41,0.082,0.0751155279439848,0.0,0.082,0.9512141099556224,0.024390243902439025
context_action+all_internal,42,0.084,0.0763216533040916,0.0,0.084,0.9507652091159032,0.023809523809523808
context_action+all_internal,43,0.086,0.0821850033381279,0.0,0.086,0.9500887789683816,0.023255813953488372
context_action+all_internal,44,0.088,0.0943504813799587,0.0,0.088,0.9449907584747272,0.022727272727272728
context_action+all_internal,45,0.09,0.0972162743435418,0.0,0.09,0.944030036313314,0.044444444444444446
context_action+all_internal,46,0.092,0.1008025564076227,0.0,0.092,0.9418831170167826,0.043478260869565216
context_action+all_internal,47,0.094,0.100857029513785,0.0,0.094,0.9410538801301446,0.0425531914893617
context_action+all_internal,48,0.096,0.1045478435941537,0.0,0.096,0.9408810212843268,0.041666666666666664
context_action+all_internal,49,0.098,0.1047794974044508,0.0,0.098,0.9406630147430772,0.04081632653061224
context_action+all_internal,50,0.1,0.1069420414038435,0.0,0.1,0.9404105552758124,0.04
context_action+all_internal,51,0.102,0.1104823617032739,0.0,0.102,0.9372234733859088,0.0392156862745098
context_action+all_internal,52,0.104,0.1142802356875504,0.0,0.104,0.93589188576282,0.057692307692307696
context_action+all_internal,53,0.106,0.114848792136989,0.0,0.106,0.9346630277218498,0.07547169811320754
context_action+all_internal,54,0.108,0.1174496099353216,0.0,0.108,0.9307995711431036,0.09259259259259259
context_action+all_internal,55,0.11,0.1176573497785599,0.0,0.11,0.9303119995284412,0.09090909090909091
context_action+all_internal,56,0.112,0.1198969129489987,0.0,0.112,0.930284747310228,0.08928571428571429
context_action+all_internal,57,0.114,0.125057760560875,0.0,0.114,0.9302712835537325,0.08771929824561403
context_action+all_internal,58,0.116,0.1253776599856669,0.0,0.116,0.9264459066348534,0.08620689655172414
context_action+all_internal,59,0.118,0.1302107918737561,0.0,0.118,0.9260386344400774,0.0847457627118644
context_action+all_internal,60,0.12,0.1338091543831566,0.016666666666666666,0.12,0.9240595895146207,0.08333333333333333
context_action+all_internal,61,0.122,0.134652539938961,0.01639344262295082,0.122,0.9233189752056724,0.08196721311475409
context_action+all_internal,62,0.124,0.1363422635561049,0.016129032258064516,0.124,0.9220209344245076,0.08064516129032258
context_action+all_internal,63,0.126,0.1366629396668061,0.015873015873015872,0.126,0.9172127228202148,0.07936507936507936
context_action+all_internal,64,0.128,0.1414416693756467,0.015625,0.128,0.9168124396645978,0.078125
context_action+all_internal,65,0.13,0.1439317326078691,0.015384615384615385,0.13,0.9157610688326868,0.09230769230769231
context_action+all_internal,66,0.132,0.1473410007242392,0.015151515151515152,0.132,0.915532485151652,0.09090909090909091
context_action+all_internal,67,0.134,0.1532422414482778,0.014925373134328358,0.134,0.9153608790549294,0.08955223880597014
context_action+all_internal,68,0.136,0.1572288306485257,0.014705882352941176,0.136,0.9151874103905318,0.08823529411764706
context_action+all_internal,69,0.138,0.1577426395119578,0.014492753623188406,0.138,0.914949112825846,0.08695652173913043
context_action+all_internal,70,0.14,0.1582333218396049,0.02857142857142857,0.14,0.9129535094301096,0.08571428571428572
context_action+all_internal,71,0.142,0.1589601782047888,0.028169014084507043,0.142,0.91248404324483,0.08450704225352113
context_action+all_internal,72,0.144,0.1590293769195167,0.027777777777777776,0.144,0.9111261995852812,0.08333333333333333
context_action+all_internal,73,0.146,0.1635568781819973,0.0273972602739726,0.146,0.90924171225774,0.0821917808219178
context_action+all_internal,74,0.148,0.1654465297853292,0.02702702702702703,0.148,0.9079302475382216,0.08108108108108109
context_action+all_internal,75,0.15,0.167414957087394,0.02666666666666667,0.15,0.9056592653820252,0.08
context_action+all_internal,76,0.152,0.1693073753028148,0.02631578947368421,0.152,0.905569808658929,0.07894736842105263
context_action+all_internal,77,0.154,0.1770482684820632,0.025974025974025976,0.154,0.9049589254649004,0.07792207792207792
context_action+all_internal,78,0.156,0.1799811894621349,0.02564102564102564,0.156,0.904450632608256,0.07692307692307693
context_action+all_internal,79,0.158,0.1870704390819767,0.02531645569620253,0.158,0.9042355147722088,0.0759493670886076
context_action+all_internal,80,0.16,0.1880150530806748,0.025,0.16,0.9038433287422668,0.075
context_action+all_internal,81,0.162,0.1891119949851177,0.024691358024691357,0.162,0.9028232374741476,0.07407407407407407
context_action+all_internal,82,0.164,0.1920819153393245,0.024390243902439025,0.164,0.9012781177708608,0.07317073170731707
context_action+all_internal,83,0.166,0.1938900177212157,0.024096385542168676,0.166,0.901112370377148,0.07228915662650602
context_action+all_internal,84,0.168,0.195330169263359,0.023809523809523808,0.168,0.901093273585002,0.08333333333333333
context_action+all_internal,85,0.17,0.1994203904238408,0.023529411764705882,0.17,0.9008742136570944,0.08235294117647059
context_action+all_internal,86,0.172,0.1998461954643128,0.023255813953488372,0.172,0.8998437861852769,0.08139534883720931
context_action+all_internal,87,0.174,0.2004397890157784,0.022988505747126436,0.174,0.8990640530708116,0.08045977011494253
context_action+all_internal,88,0.176,0.2060342796127234,0.022727272727272728,0.176,0.8977065911721253,0.07954545454545454
context_action+all_internal,89,0.178,0.2090785299829489,0.033707865168539325,0.178,0.8945519655831193,0.07865168539325842
context_action+all_internal,90,0.18,0.2117309321827608,0.03333333333333333,0.18,0.8942141670993907,0.07777777777777778
context_action+all_internal,91,0.182,0.2132209553273562,0.03296703296703297,0.182,0.8938262209638754,0.07692307692307693
context_action+all_internal,92,0.184,0.2158425627103734,0.03260869565217391,0.184,0.8928414565585017,0.07608695652173914
context_action+all_internal,93,0.186,0.2171798125372464,0.03225806451612903,0.186,0.8926170913993929,0.07526881720430108
context_action+all_internal,94,0.188,0.2198272659435765,0.031914893617021274,0.188,0.8903992760831808,0.07446808510638298
context_action+all_internal,95,0.19,0.22206424014139,0.031578947368421054,0.19,0.8869555352943733,0.07368421052631578
context_action+all_internal,96,0.192,0.2249183575100212,0.03125,0.192,0.8865800593095466,0.07291666666666667
context_action+all_internal,97,0.194,0.2264189634245306,0.030927835051546393,0.194,0.8863526537345597,0.07216494845360824
context_action+all_internal,98,0.196,0.2287564098321251,0.030612244897959183,0.196,0.886318869565699,0.07142857142857142
context_action+all_internal,99,0.198,0.2319345090077102,0.04040404040404041,0.198,0.8831950988191904,0.0707070707070707
context_action+all_internal,100,0.2,0.2337739204211974,0.04,0.2,0.8790143220732494,0.08
context_action+all_internal,101,0.202,0.2400939757168136,0.039603960396039604,0.202,0.8740738802163742,0.07920792079207921
context_action+all_internal,102,0.204,0.2416573114150683,0.0392156862745098,0.204,0.8735414969394377,0.0784313725490196
context_action+all_internal,103,0.206,0.2467936199214474,0.038834951456310676,0.206,0.8720480659184736,0.07766990291262135
context_action+all_internal,104,0.208,0.2470898247415791,0.038461538461538464,0.208,0.8701253968873293,0.07692307692307693
context_action+all_internal,105,0.21,0.2519882016561819,0.0380952380952381,0.21,0.8684462406398178,0.08571428571428572
context_action+all_internal,106,0.212,0.2522181162080756,0.03773584905660377,0.212,0.8672518403562172,0.08490566037735849
context_action+all_internal,107,0.214,0.2545195327409829,0.04672897196261682,0.214,0.8637631456667203,0.09345794392523364
context_action+all_internal,108,0.216,0.2556440272012116,0.046296296296296294,0.216,0.8622643925146807,0.09259259259259259
context_action+all_internal,109,0.218,0.2570481715800499,0.045871559633027525,0.218,0.8622268471285178,0.10091743119266056
context_action+all_internal,110,0.22,0.2571040346719961,0.05454545454545454,0.22,0.8591329116456471,0.1
context_action+all_internal,111,0.222,0.2599404255425953,0.05405405405405406,0.222,0.8572948778220248,0.10810810810810811
context_action+all_internal,112,0.224,0.263682107654193,0.05357142857142857,0.224,0.8558278312197716,0.10714285714285714
context_action+all_internal,113,0.226,0.2642032482083479,0.05309734513274336,0.226,0.8539198752524997,0.10619469026548672
context_action+all_internal,114,0.228,0.2644901762105093,0.05263157894736842,0.228,0.8527502928443373,0.10526315789473684
context_action+all_internal,115,0.23,0.2656859817673381,0.05217391304347826,0.23,0.8509494395059284,0.10434782608695652
context_action+all_internal,116,0.232,0.2719239275629665,0.05172413793103448,0.232,0.8502238890160326,0.10344827586206896
context_action+all_internal,117,0.234,0.2726076584854935,0.05982905982905983,0.234,0.8498532256645613,0.10256410256410256
context_action+all_internal,118,0.236,0.2776816559501395,0.059322033898305086,0.236,0.8487773619477794,0.11016949152542373
context_action+all_internal,119,0.238,0.2791522587049339,0.058823529411764705,0.238,0.8485056872935931,0.1092436974789916
context_action+all_internal,120,0.24,0.2818865044490789,0.058333333333333334,0.24,0.8469451950375306,0.11666666666666667
context_action+all_internal,121,0.242,0.2826224743838856,0.05785123966942149,0.242,0.8467501064860835,0.12396694214876033
context_action+all_internal,122,0.244,0.289332863598697,0.05737704918032787,0.244,0.8464588763196279,0.12295081967213115
context_action+all_internal,123,0.246,0.2907382010396547,0.06504065040650407,0.246,0.8460768799929524,0.12195121951219512
context_action+all_internal,124,0.248,0.2908692900806224,0.06451612903225806,0.248,0.8455763604213,0.12096774193548387
context_action+all_internal,125,0.25,0.2914081497990106,0.072,0.25,0.8454957772259933,0.12
context_action+all_internal,126,0.252,0.2930356077002969,0.07936507936507936,0.252,0.8453811682590646,0.12698412698412698
context_action+all_internal,127,0.254,0.2957915344754713,0.08661417322834646,0.254,0.8424452796372219,0.12598425196850394
context_action+all_internal,128,0.256,0.2981432716513553,0.0859375,0.256,0.8399373624399087,0.1328125
context_action+all_internal,129,0.258,0.2990201168940055,0.08527131782945736,0.258,0.8384669572484116,0.13178294573643412
context_action+all_internal,130,0.26,0.3094099764246822,0.08461538461538462,0.26,0.835967616560934,0.13076923076923078
context_action+all_internal,131,0.262,0.3095296116297724,0.0916030534351145,0.262,0.8345120095744761,0.1297709923664122
context_action+all_internal,132,0.264,0.3174791654476744,0.09090909090909091,0.264,0.8322649739790876,0.13636363636363635
context_action+all_internal,133,0.266,0.3179836590147872,0.09022556390977443,0.266,0.8284494733363872,0.13533834586466165
context_action+all_internal,134,0.268,0.3218583117913469,0.09701492537313433,0.268,0.8226727674225804,0.13432835820895522
context_action+all_internal,135,0.27,0.3282089757399408,0.0962962962962963,0.27,0.8171563899709976,0.13333333333333333
context_action+all_internal,136,0.272,0.3309542790608931,0.09558823529411764,0.272,0.8153497325489965,0.1323529411764706
context_action+all_internal,137,0.274,0.3324494697291136,0.0948905109489051,0.274,0.814731150861219,0.1386861313868613
context_action+all_internal,138,0.276,0.3327905819581234,0.09420289855072464,0.276,0.8132777988984707,0.13768115942028986
context_action+all_internal,139,0.278,0.3354063685434348,0.09352517985611511,0.278,0.8114439203236283,0.1366906474820144
context_action+all_internal,140,0.28,0.3355518942159463,0.09285714285714286,0.28,0.810134233801727,0.1357142857142857
context_action+all_internal,141,0.282,0.339039320925987,0.09219858156028368,0.282,0.8098835269936625,0.14184397163120568
context_action+all_internal,142,0.284,0.3412204784170602,0.09154929577464789,0.284,0.8080726477575251,0.14084507042253522
context_action+all_internal,143,0.286,0.3419340822040581,0.0979020979020979,0.286,0.8077578034999044,0.14685314685314685
context_action+all_internal,144,0.288,0.3440056459147972,0.09722222222222222,0.288,0.8034067873348446,0.1527777777777778
context_action+all_internal,145,0.29,0.3476736220464367,0.09655172413793103,0.29,0.8029466212108451,0.15172413793103448
context_action+all_internal,146,0.292,0.3505512678896201,0.10273972602739725,0.292,0.7999165242210892,0.1506849315068493
context_action+all_internal,147,0.294,0.3508065462718359,0.10204081632653061,0.294,0.7893014072491814,0.1564625850340136
context_action+all_internal,148,0.296,0.3566118596008375,0.10810810810810811,0.296,0.788893156747047,0.1554054054054054
context_action+all_internal,149,0.298,0.3577919343725955,0.10738255033557047,0.298,0.7885855330311167,0.1610738255033557
context_action+all_internal,150,0.3,0.357824204680346,0.11333333333333333,0.3,0.7865238568358653,0.16
context_action+all_internal,151,0.302,0.360794330929471,0.11258278145695365,0.302,0.7782195265609392,0.15894039735099338
context_action+all_internal,152,0.304,0.3609709748847343,0.1118421052631579,0.304,0.7772888105602119,0.16447368421052633
context_action+all_internal,153,0.306,0.362268586902074,0.1111111111111111,0.306,0.7728875651050138,0.16993464052287582
context_action+all_internal,154,0.308,0.3664655203419094,0.11688311688311688,0.308,0.7728781963977929,0.17532467532467533
context_action+all_internal,155,0.31,0.3667487879133669,0.11612903225806452,0.31,0.7727249797052268,0.17419354838709677
context_action+all_internal,156,0.312,0.3726437376525796,0.12179487179487179,0.312,0.7714699231860633,0.1794871794871795
context_action+all_internal,157,0.314,0.3739275083323866,0.12738853503184713,0.314,0.7674466234859061,0.18471337579617833
context_action+all_internal,158,0.316,0.3751939569267451,0.12658227848101267,0.316,0.7664317816865228,0.189873417721519
context_action+all_internal,159,0.318,0.3753263521834843,0.12578616352201258,0.318,0.7660235414700254,0.18867924528301888
context_action+all_internal,160,0.32,0.3766311298070415,0.125,0.32,0.76595428801176,0.1875
context_action+all_internal,161,0.322,0.3770935512074903,0.12422360248447205,0.322,0.7609651543013882,0.19254658385093168
context_action+all_internal,162,0.324,0.3780830947221854,0.12345679012345678,0.324,0.7609080872520823,0.19135802469135801
context_action+all_internal,163,0.326,0.387181061127196,0.12269938650306748,0.326,0.7590450227916052,0.1901840490797546
context_action+all_internal,164,0.328,0.3946471032179362,0.12804878048780488,0.328,0.7585511704374235,0.18902439024390244
context_action+all_internal,165,0.33,0.3950319750469654,0.12727272727272726,0.33,0.7566459595065753,0.18787878787878787
context_action+all_internal,166,0.332,0.3952571475567447,0.12650602409638553,0.332,0.7466879162914968,0.18674698795180722
context_action+all_internal,167,0.334,0.3964232638351265,0.12574850299401197,0.334,0.7460446208401265,0.18562874251497005
context_action+all_internal,168,0.336,0.3998360281744784,0.13095238095238096,0.336,0.7451952001926453,0.18452380952380953
context_action+all_internal,169,0.338,0.4059165985687121,0.1301775147928994,0.338,0.7436367988208737,0.1834319526627219
context_action+all_internal,170,0.34,0.4063026587527455,0.13529411764705881,0.34,0.7434479006569403,0.18235294117647058
context_action+all_internal,171,0.342,0.4070540738841482,0.13450292397660818,0.342,0.7412870291519413,0.18128654970760233
context_action+all_internal,172,0.344,0.4078310026716773,0.13953488372093023,0.344,0.7394483235416687,0.18604651162790697
context_action+all_internal,173,0.346,0.4079215288730737,0.13872832369942195,0.346,0.7365101205290401,0.18497109826589594
context_action+all_internal,174,0.348,0.4117467555728191,0.14367816091954022,0.348,0.7360366370429187,0.1839080459770115
context_action+all_internal,175,0.35,0.416641395227175,0.14857142857142858,0.35,0.7358988626997902,0.18285714285714286
context_action+all_internal,176,0.352,0.4176736268955926,0.14772727272727273,0.352,0.7339738107413006,0.1875
context_action+all_internal,177,0.354,0.4205954081951317,0.15254237288135594,0.354,0.7316384289214976,0.1864406779661017
context_action+all_internal,178,0.356,0.4220562041992173,0.15168539325842698,0.356,0.7312164809953157,0.19101123595505617
context_action+all_internal,179,0.358,0.4269974078660766,0.15083798882681565,0.358,0.7284141718479483,0.19553072625698323
context_action+all_internal,180,0.36,0.4281951827730058,0.15555555555555556,0.36,0.7273646159585896,0.19444444444444445
context_action+all_internal,181,0.362,0.4283885840946977,0.15469613259668508,0.362,0.7267359215027004,0.19337016574585636
context_action+all_internal,182,0.364,0.4294891375605661,0.15934065934065933,0.364,0.7262104379764853,0.1978021978021978
context_action+all_internal,183,0.366,0.4328441961471204,0.16393442622950818,0.366,0.7254746858745296,0.20218579234972678
context_action+all_internal,184,0.368,0.4330733451845284,0.16304347826086957,0.368,0.7225702645466274,0.20108695652173914
context_action+all_internal,185,0.37,0.4405111586823994,0.16756756756756758,0.37,0.720993762502312,0.2
context_action+all_internal,186,0.372,0.4407005753360684,0.16666666666666666,0.372,0.7176316809352034,0.20430107526881722
context_action+all_internal,187,0.374,0.4470200088131802,0.1657754010695187,0.374,0.7175054660987613,0.20855614973262032
context_action+all_internal,188,0.376,0.4476313707138167,0.1702127659574468,0.376,0.7146172503568214,0.2074468085106383
context_action+all_internal,189,0.378,0.4498395738469046,0.1746031746031746,0.378,0.7051024023068267,0.20634920634920634
context_action+all_internal,190,0.38,0.4503402863599535,0.17894736842105263,0.38,0.7042079032543662,0.20526315789473684
context_action+all_internal,191,0.382,0.4508314716283022,0.17801047120418848,0.382,0.7040060640710423,0.2094240837696335
context_action+all_internal,192,0.384,0.452031519683949,0.17708333333333334,0.384,0.7036317776588346,0.21354166666666666
context_action+all_internal,193,0.386,0.4520917409558333,0.17616580310880828,0.386,0.7013961686624184,0.21243523316062177
context_action+all_internal,194,0.388,0.4523969995045866,0.17525773195876287,0.388,0.699630229994153,0.211340206185567
context_action+all_internal,195,0.39,0.4581056255012882,0.17435897435897435,0.39,0.6991253565750336,0.21025641025641026
context_action+all_internal,196,0.392,0.4595384542786542,0.17346938775510204,0.392,0.6981031407330185,0.21428571428571427
context_action+all_internal,197,0.394,0.4603829624893649,0.17766497461928935,0.394,0.6977429778209281,0.2182741116751269
context_action+all_internal,198,0.396,0.4681122681301171,0.17676767676767677,0.396,0.6974550366508694,0.21717171717171718
context_action+all_internal,199,0.398,0.4696362685872769,0.18090452261306533,0.398,0.6949842390182733,0.21608040201005024
context_action+all_internal,200,0.4,0.4712806351632988,0.18,0.4,0.6948191333460366,0.215
context_action+all_internal,201,0.402,0.473177680174116,0.1791044776119403,0.402,0.6940592467588284,0.21393034825870647
context_action+all_internal,202,0.404,0.4750118148614858,0.1782178217821782,0.404,0.6933676557895029,0.21782178217821782
context_action+all_internal,203,0.406,0.4805576969431741,0.17733990147783252,0.406,0.6909740040859629,0.22167487684729065
context_action+all_internal,204,0.408,0.4861170389114183,0.18137254901960784,0.408,0.6888788742148235,0.22058823529411764
context_action+all_internal,205,0.41,0.491063272727787,0.18048780487804877,0.41,0.6871189888053076,0.21951219512195122
context_action+all_internal,206,0.412,0.4937719123581663,0.1796116504854369,0.412,0.6865401245143502,0.21844660194174756
context_action+all_internal,207,0.414,0.4990934473358354,0.178743961352657,0.414,0.6844572142085993,0.21739130434782608
context_action+all_internal,208,0.416,0.4998164289107066,0.18269230769230768,0.416,0.684144288304856,0.21634615384615385
context_action+all_internal,209,0.418,0.5017195741350405,0.18181818181818182,0.418,0.6833185989959297,0.215311004784689
context_action+all_internal,210,0.42,0.5043965358370929,0.18095238095238095,0.42,0.6829184241997392,0.21428571428571427
context_action+all_internal,211,0.422,0.5109553384791142,0.18009478672985782,0.422,0.682442084293011,0.21800947867298578
context_action+all_internal,212,0.424,0.5130315474524839,0.1792452830188679,0.424,0.6794350732504414,0.2169811320754717
context_action+all_internal,213,0.426,0.5138906827392677,0.1784037558685446,0.426,0.6747814572218875,0.22065727699530516
context_action+all_internal,214,0.428,0.515448340429505,0.17757009345794392,0.428,0.6728736998161218,0.22429906542056074
context_action+all_internal,215,0.43,0.5167457026719527,0.17674418604651163,0.43,0.6723835256755583,0.22790697674418606
context_action+all_internal,216,0.432,0.5171647322208761,0.17592592592592593,0.432,0.6694351994380495,0.22685185185185186
context_action+all_internal,217,0.434,0.5182607114074143,0.17972350230414746,0.434,0.6679084023722484,0.22580645161290322
context_action+all_internal,218,0.436,0.5211257997394871,0.1834862385321101,0.436,0.6675065965603643,0.22935779816513763
context_action+all_internal,219,0.438,0.5215887965652068,0.1872146118721461,0.438,0.663873168823374,0.2328767123287671
context_action+all_internal,220,0.44,0.527566237578955,0.18636363636363637,0.44,0.6611693401842573,0.2318181818181818
context_action+all_internal,221,0.442,0.5303781412740871,0.18552036199095023,0.442,0.6547580229034485,0.23529411764705882
context_action+all_internal,222,0.444,0.530379370084967,0.1891891891891892,0.444,0.6545527805870995,0.23423423423423423
context_action+all_internal,223,0.446,0.5310571338403481,0.18834080717488788,0.446,0.6517861004768161,0.23318385650224216
context_action+all_internal,224,0.448,0.5329446014073465,0.19196428571428573,0.448,0.6506525031329935,0.23660714285714285
context_action+all_internal,225,0.45,0.5349935167799839,0.19111111111111112,0.45,0.6478865755435729,0.24
context_action+all_internal,226,0.452,0.5373327504634104,0.1902654867256637,0.452,0.6424585541821216,0.23893805309734514
context_action+all_internal,227,0.454,0.5380780920791007,0.1894273127753304,0.454,0.6410619297722068,0.23788546255506607
context_action+all_internal,228,0.456,0.5417093368281791,0.18859649122807018,0.456,0.6392904185973906,0.23684210526315788
context_action+all_internal,229,0.458,0.5444186156891365,0.19213973799126638,0.458,0.63637935140412,0.23580786026200873
context_action+all_internal,230,0.46,0.5450332382751921,0.1956521739130435,0.46,0.6349145243005409,0.23478260869565218
context_action+all_internal,231,0.462,0.5467629920313061,0.19480519480519481,0.462,0.6344158523160968,0.23376623376623376
context_action+all_internal,232,0.464,0.5520248457381863,0.1939655172413793,0.464,0.6274966262750741,0.23275862068965517
context_action+all_internal,233,0.466,0.5521429690320585,0.19742489270386265,0.466,0.6260079027177617,0.2317596566523605
context_action+all_internal,234,0.468,0.5537306940688527,0.19658119658119658,0.468,0.6248023154736748,0.23076923076923078
context_action+all_internal,235,0.47,0.5562943633674834,0.19574468085106383,0.47,0.6246520800462398,0.23404255319148937
context_action+all_internal,236,0.472,0.5597157991663674,0.19915254237288135,0.472,0.624236069834614,0.2330508474576271
context_action+all_internal,237,0.474,0.565226264517455,0.19831223628691982,0.474,0.6206243895074061,0.23628691983122363
context_action+all_internal,238,0.476,0.5654669310147719,0.20168067226890757,0.476,0.6204399644444295,0.23529411764705882
context_action+all_internal,239,0.478,0.565901980258807,0.20502092050209206,0.478,0.6107326650168021,0.2384937238493724
context_action+all_internal,240,0.48,0.567315902352324,0.20833333333333334,0.48,0.6095485323644414,0.2375
context_action+all_internal,241,0.482,0.5713533683521147,0.2074688796680498,0.482,0.6083275159844763,0.24066390041493776
context_action+all_internal,242,0.484,0.5713980264050585,0.2066115702479339,0.484,0.6079545042544725,0.24380165289256198
context_action+all_internal,243,0.486,0.5769662902717616,0.20987654320987653,0.486,0.6069912345739866,0.24691358024691357
context_action+all_internal,244,0.488,0.5775564029982556,0.21311475409836064,0.488,0.6069474857367639,0.2459016393442623
context_action+all_internal,245,0.49,0.5835005067978604,0.21224489795918366,0.49,0.6042983193716176,0.24897959183673468
context_action+all_internal,246,0.492,0.5845125079783113,0.21138211382113822,0.492,0.6015404293835483,0.24796747967479674
context_action+all_internal,247,0.494,0.5880842507379335,0.2145748987854251,0.494,0.601284322506044,0.25101214574898784
context_action+all_internal,248,0.496,0.5927508396075226,0.21774193548387097,0.496,0.6004155507056249,0.2540322580645161
context_action+all_internal,249,0.498,0.5933477341599199,0.22088353413654618,0.498,0.5980930700851965,0.25301204819277107
context_action+all_internal,250,0.5,0.5938003608733777,0.224,0.5,0.5961236934425661,0.252
context_action+all_internal,251,0.502,0.5961236934425661,0.22709163346613545,0.502,0.5938003608733777,0.250996015936255
context_action+all_internal,252,0.504,0.5980930700851965,0.23015873015873015,0.504,0.5933477341599199,0.25
context_action+all_internal,253,0.506,0.6004155507056249,0.22924901185770752,0.506,0.5927508396075226,0.2490118577075099
context_action+all_internal,254,0.508,0.601284322506044,0.2283464566929134,0.508,0.5880842507379335,0.24803149606299213
context_action+all_internal,255,0.51,0.6015404293835483,0.23137254901960785,0.51,0.5845125079783113,0.25098039215686274
context_action+all_internal,256,0.512,0.6042983193716176,0.23046875,0.512,0.5835005067978604,0.25390625
context_action+all_internal,257,0.514,0.6069474857367639,0.23346303501945526,0.514,0.5775564029982556,0.2529182879377432
context_action+all_internal,258,0.516,0.6069912345739866,0.23255813953488372,0.516,0.5769662902717616,0.25193798449612403
context_action+all_internal,259,0.518,0.6079545042544725,0.23166023166023167,0.518,0.5713980264050585,0.2548262548262548
context_action+all_internal,260,0.52,0.6083275159844763,0.23076923076923078,0.52,0.5713533683521147,0.25769230769230766
context_action+all_internal,261,0.522,0.6095485323644414,0.23371647509578544,0.522,0.567315902352324,0.2567049808429119
context_action+all_internal,262,0.524,0.6107326650168021,0.23282442748091603,0.524,0.565901980258807,0.25572519083969464
context_action+all_internal,263,0.526,0.6204399644444295,0.23574144486692014,0.526,0.5654669310147719,0.25475285171102663
context_action+all_internal,264,0.528,0.6206243895074061,0.23484848484848486,0.528,0.565226264517455,0.25757575757575757
context_action+all_internal,265,0.53,0.624236069834614,0.23773584905660378,0.53,0.5597157991663674,0.25660377358490566
context_action+all_internal,266,0.532,0.6246520800462398,0.23684210526315788,0.532,0.5562943633674834,0.2593984962406015
context_action+all_internal,267,0.534,0.6248023154736748,0.2397003745318352,0.534,0.5537306940688527,0.26217228464419473
context_action+all_internal,268,0.536,0.6260079027177617,0.24253731343283583,0.536,0.5521429690320585,0.26119402985074625
context_action+all_internal,269,0.538,0.6274966262750741,0.24535315985130113,0.538,0.5520248457381863,0.26394052044609667
context_action+all_internal,270,0.54,0.6344158523160968,0.24814814814814815,0.54,0.5467629920313061,0.26666666666666666
context_action+all_internal,271,0.542,0.6349145243005409,0.25092250922509224,0.542,0.5450332382751921,0.2656826568265683
context_action+all_internal,272,0.544,0.63637935140412,0.2536764705882353,0.544,0.5444186156891365,0.2647058823529412
context_action+all_internal,273,0.546,0.6392904185973906,0.2564102564102564,0.546,0.5417093368281791,0.2673992673992674
context_action+all_internal,274,0.548,0.6410619297722068,0.2591240875912409,0.548,0.5380780920791007,0.27007299270072993
context_action+all_internal,275,0.55,0.6424585541821216,0.26181818181818184,0.55,0.5373327504634104,0.2727272727272727
context_action+all_internal,276,0.552,0.6478865755435729,0.2608695652173913,0.552,0.5349935167799839,0.2753623188405797
context_action+all_internal,277,0.554,0.6506525031329935,0.259927797833935,0.554,0.5329446014073465,0.2743682310469314
context_action+all_internal,278,0.556,0.6517861004768161,0.26258992805755393,0.556,0.5310571338403481,0.27697841726618705
context_action+all_internal,279,0.558,0.6545527805870995,0.26523297491039427,0.558,0.530379370084967,0.27598566308243727
context_action+all_internal,280,0.56,0.6547580229034485,0.2642857142857143,0.56,0.5303781412740871,0.2785714285714286
context_action+all_internal,281,0.562,0.6611693401842573,0.2669039145907473,0.562,0.527566237578955,0.28113879003558717
context_action+all_internal,282,0.564,0.663873168823374,0.26595744680851063,0.564,0.5215887965652068,0.2801418439716312
context_action+all_internal,283,0.566,0.6675065965603643,0.26501766784452296,0.566,0.5211257997394871,0.2791519434628975
context_action+all_internal,284,0.568,0.6679084023722484,0.2676056338028169,0.568,0.5182607114074143,0.27816901408450706
context_action+all_internal,285,0.57,0.6694351994380495,0.27017543859649124,0.57,0.5171647322208761,0.2807017543859649
context_action+all_internal,286,0.572,0.6723835256755583,0.2692307692307692,0.572,0.5167457026719527,0.28321678321678323
context_action+all_internal,287,0.574,0.6728736998161218,0.2682926829268293,0.574,0.515448340429505,0.2857142857142857
context_action+all_internal,288,0.576,0.6747814572218875,0.2673611111111111,0.576,0.5138906827392677,0.2881944444444444
context_action+all_internal,289,0.578,0.6794350732504414,0.2698961937716263,0.578,0.5130315474524839,0.2906574394463668
context_action+all_internal,290,0.58,0.682442084293011,0.2689655172413793,0.58,0.5109553384791142,0.29310344827586204
context_action+all_internal,291,0.582,0.6829184241997392,0.27147766323024053,0.582,0.5043965358370929,0.29553264604810997
context_action+all_internal,292,0.584,0.6833185989959297,0.273972602739726,0.584,0.5017195741350405,0.2979452054794521
context_action+all_internal,293,0.586,0.684144288304856,0.2764505119453925,0.586,0.4998164289107066,0.29692832764505117
context_action+all_internal,294,0.588,0.6844572142085993,0.2789115646258503,0.588,0.4990934473358354,0.29931972789115646
context_action+all_internal,295,0.59,0.6865401245143502,0.28135593220338984,0.59,0.4937719123581663,0.3016949152542373
context_action+all_internal,296,0.592,0.6871189888053076,0.28378378378378377,0.592,0.491063272727787,0.30405405405405406
context_action+all_internal,297,0.594,0.6888788742148235,0.28619528619528617,0.594,0.4861170389114183,0.30303030303030304
context_action+all_internal,298,0.596,0.6909740040859629,0.28523489932885904,0.596,0.4805576969431741,0.3053691275167785
context_action+all_internal,299,0.598,0.6933676557895029,0.2842809364548495,0.598,0.4750118148614858,0.3076923076923077
context_action+all_internal,300,0.6,0.6940592467588284,0.2866666666666667,0.6,0.473177680174116,0.31
context_action+all_internal,301,0.602,0.6948191333460366,0.28903654485049834,0.602,0.4712806351632988,0.3122923588039867
context_action+all_internal,302,0.604,0.6949842390182733,0.2913907284768212,0.604,0.4696362685872769,0.31125827814569534
context_action+all_internal,303,0.606,0.6974550366508694,0.29372937293729373,0.606,0.4681122681301171,0.31353135313531355
context_action+all_internal,304,0.608,0.6977429778209281,0.29276315789473684,0.608,0.4603829624893649,0.3125
context_action+all_internal,305,0.61,0.6981031407330185,0.29180327868852457,0.61,0.4595384542786542,0.31475409836065577
context_action+all_internal,306,0.612,0.6991253565750336,0.29411764705882354,0.612,0.4581056255012882,0.31699346405228757
context_action+all_internal,307,0.614,0.699630229994153,0.2964169381107492,0.614,0.4523969995045866,0.31921824104234525
context_action+all_internal,308,0.616,0.7013961686624184,0.2987012987012987,0.616,0.4520917409558333,0.32142857142857145
context_action+all_internal,309,0.618,0.7036317776588346,0.2977346278317152,0.618,0.452031519683949,0.32362459546925565
context_action+all_internal,310,0.62,0.7040060640710423,0.2967741935483871,0.62,0.4508314716283022,0.3258064516129032
context_action+all_internal,311,0.622,0.7042079032543662,0.2990353697749196,0.622,0.4503402863599535,0.3247588424437299
context_action+all_internal,312,0.624,0.7051024023068267,0.30128205128205127,0.624,0.4498395738469046,0.32371794871794873
context_action+all_internal,313,0.626,0.7146172503568214,0.3035143769968051,0.626,0.4476313707138167,0.3226837060702875
context_action+all_internal,314,0.628,0.7175054660987613,0.30254777070063693,0.628,0.4470200088131802,0.3248407643312102
context_action+all_internal,315,0.63,0.7176316809352034,0.30158730158730157,0.63,0.4407005753360684,0.326984126984127
context_action+all_internal,316,0.632,0.720993762502312,0.3037974683544304,0.632,0.4405111586823994,0.3259493670886076
context_action+all_internal,317,0.634,0.7225702645466274,0.305993690851735,0.634,0.4330733451845284,0.3280757097791798
context_action+all_internal,318,0.636,0.7254746858745296,0.3050314465408805,0.636,0.4328441961471204,0.3270440251572327
context_action+all_internal,319,0.638,0.7262104379764853,0.30407523510971785,0.638,0.4294891375605661,0.32601880877742945
context_action+all_internal,320,0.64,0.7267359215027004,0.30625,0.64,0.4283885840946977,0.328125
context_action+all_internal,321,0.642,0.7273646159585896,0.308411214953271,0.642,0.4281951827730058,0.32710280373831774
context_action+all_internal,322,0.644,0.7284141718479483,0.30745341614906835,0.644,0.4269974078660766,0.32919254658385094
context_action+all_internal,323,0.646,0.7312164809953157,0.3065015479876161,0.646,0.4220562041992173,0.33126934984520123
context_action+all_internal,324,0.648,0.7316384289214976,0.30864197530864196,0.648,0.4205954081951317,0.33024691358024694
context_action+all_internal,325,0.65,0.7339738107413006,0.3076923076923077,0.65,0.4176736268955926,0.3323076923076923
context_action+all_internal,326,0.652,0.7358988626997902,0.3098159509202454,0.652,0.416641395227175,0.3312883435582822
context_action+all_internal,327,0.654,0.7360366370429187,0.3119266055045872,0.654,0.4117467555728191,0.3302752293577982
context_action+all_internal,328,0.656,0.7365101205290401,0.31402439024390244,0.656,0.4079215288730737,0.3323170731707317
context_action+all_internal,329,0.658,0.7394483235416687,0.3130699088145897,0.658,0.4078310026716773,0.331306990881459
context_action+all_internal,330,0.66,0.7412870291519413,0.3151515151515151,0.66,0.4070540738841482,0.3333333333333333
context_action+all_internal,331,0.662,0.7434479006569403,0.31722054380664655,0.662,0.4063026587527455,0.3323262839879154
context_action+all_internal,332,0.664,0.7436367988208737,0.3192771084337349,0.664,0.4059165985687121,0.33433734939759036
context_action+all_internal,333,0.666,0.7451952001926453,0.3213213213213213,0.666,0.3998360281744784,0.3333333333333333
context_action+all_internal,334,0.668,0.7460446208401265,0.32335329341317365,0.668,0.3964232638351265,0.33532934131736525
context_action+all_internal,335,0.67,0.7466879162914968,0.3253731343283582,0.67,0.3952571475567447,0.3373134328358209
context_action+all_internal,336,0.672,0.7566459595065753,0.3273809523809524,0.672,0.3950319750469654,0.3392857142857143
context_action+all_internal,337,0.674,0.7585511704374235,0.3293768545994065,0.674,0.3946471032179362,0.33827893175074186
context_action+all_internal,338,0.676,0.7590450227916052,0.33136094674556216,0.676,0.387181061127196,0.34023668639053256
context_action+all_internal,339,0.678,0.7609080872520823,0.3333333333333333,0.678,0.3780830947221854,0.3421828908554572
context_action+all_internal,340,0.68,0.7609651543013882,0.3323529411764706,0.68,0.3770935512074903,0.34411764705882353
context_action+all_internal,341,0.682,0.76595428801176,0.3343108504398827,0.682,0.3766311298070415,0.3460410557184751
context_action+all_internal,342,0.684,0.7660235414700254,0.3362573099415205,0.684,0.3753263521834843,0.347953216374269
context_action+all_internal,343,0.686,0.7664317816865228,0.33527696793002915,0.686,0.3751939569267451,0.3498542274052478
context_action+all_internal,344,0.688,0.7674466234859061,0.33430232558139533,0.688,0.3739275083323866,0.3488372093023256
context_action+all_internal,345,0.69,0.7714699231860633,0.3333333333333333,0.69,0.3726437376525796,0.34782608695652173
context_action+all_internal,346,0.692,0.7727249797052268,0.3352601156069364,0.692,0.3667487879133669,0.34971098265895956
context_action+all_internal,347,0.694,0.7728781963977929,0.33429394812680113,0.694,0.3664655203419094,0.34870317002881845
context_action+all_internal,348,0.696,0.7728875651050138,0.3333333333333333,0.696,0.362268586902074,0.3505747126436782
context_action+all_internal,349,0.698,0.7772888105602119,0.332378223495702,0.698,0.3609709748847343,0.3524355300859599
context_action+all_internal,350,0.7,0.7782195265609392,0.3342857142857143,0.7,0.360794330929471,0.35428571428571426
context_action+all_internal,351,0.702,0.7865238568358653,0.33618233618233617,0.702,0.357824204680346,0.35327635327635326
context_action+all_internal,352,0.704,0.7885855330311167,0.3352272727272727,0.704,0.3577919343725955,0.35511363636363635
context_action+all_internal,353,0.706,0.788893156747047,0.3371104815864023,0.706,0.3566118596008375,0.35410764872521244
context_action+all_internal,354,0.708,0.7893014072491814,0.3361581920903955,0.708,0.3508065462718359,0.3559322033898305
context_action+all_internal,355,0.71,0.7999165242210892,0.3380281690140845,0.71,0.3505512678896201,0.35492957746478876
context_action+all_internal,356,0.712,0.8029466212108451,0.3398876404494382,0.712,0.3476736220464367,0.35674157303370785
context_action+all_internal,357,0.714,0.8034067873348446,0.3389355742296919,0.714,0.3440056459147972,0.3585434173669468
context_action+all_internal,358,0.716,0.8077578034999044,0.33798882681564246,0.716,0.3419340822040581,0.3575418994413408
context_action+all_internal,359,0.718,0.8080726477575251,0.3398328690807799,0.718,0.3412204784170602,0.3593314763231198
context_action+all_internal,360,0.72,0.8098835269936625,0.3388888888888889,0.72,0.339039320925987,0.3611111111111111
context_action+all_internal,361,0.722,0.810134233801727,0.3407202216066482,0.722,0.3355518942159463,0.3628808864265928
context_action+all_internal,362,0.724,0.8114439203236283,0.3425414364640884,0.724,0.3354063685434348,0.36464088397790057
context_action+all_internal,363,0.726,0.8132777988984707,0.3443526170798898,0.726,0.3327905819581234,0.36639118457300274
context_action+all_internal,364,0.728,0.814731150861219,0.3434065934065934,0.728,0.3324494697291136,0.36813186813186816
context_action+all_internal,365,0.73,0.8153497325489965,0.3452054794520548,0.73,0.3309542790608931,0.3698630136986301
context_action+all_internal,366,0.732,0.8171563899709976,0.3469945355191257,0.732,0.3282089757399408,0.37158469945355194
context_action+all_internal,367,0.734,0.8226727674225804,0.34877384196185285,0.734,0.3218583117913469,0.37057220708446864
context_action+all_internal,368,0.736,0.8284494733363872,0.35054347826086957,0.736,0.3179836590147872,0.37228260869565216
context_action+all_internal,369,0.738,0.8322649739790876,0.34959349593495936,0.738,0.3174791654476744,0.37398373983739835
context_action+all_internal,370,0.74,0.8345120095744761,0.35135135135135137,0.74,0.3095296116297724,0.372972972972973
context_action+all_internal,371,0.742,0.835967616560934,0.353099730458221,0.742,0.3094099764246822,0.3746630727762803
context_action+all_internal,372,0.744,0.8384669572484116,0.3548387096774194,0.744,0.2990201168940055,0.3763440860215054
context_action+all_internal,373,0.746,0.8399373624399087,0.353887399463807,0.746,0.2981432716513553,0.3780160857908847
context_action+all_internal,374,0.748,0.8424452796372219,0.35561497326203206,0.748,0.2957915344754713,0.3770053475935829
context_action+all_internal,375,0.75,0.8453811682590646,0.3546666666666667,0.75,0.2930356077002969,0.376
context_action+all_internal,376,0.752,0.8454957772259933,0.35638297872340424,0.752,0.2914081497990106,0.375
context_action+all_internal,377,0.754,0.8455763604213,0.35809018567639256,0.754,0.2908692900806224,0.376657824933687
context_action+all_internal,378,0.756,0.8460768799929524,0.35978835978835977,0.756,0.2907382010396547,0.37566137566137564
context_action+all_internal,379,0.758,0.8464588763196279,0.36147757255936674,0.758,0.289332863598697,0.37730870712401055
context_action+all_internal,380,0.76,0.8467501064860835,0.3605263157894737,0.76,0.2826224743838856,0.37894736842105264
context_action+all_internal,381,0.762,0.8469451950375306,0.35958005249343833,0.762,0.2818865044490789,0.3805774278215223
context_action+all_internal,382,0.764,0.8485056872935931,0.3612565445026178,0.764,0.2791522587049339,0.38219895287958117
context_action+all_internal,383,0.766,0.8487773619477794,0.360313315926893,0.766,0.2776816559501395,0.3838120104438642
context_action+all_internal,384,0.768,0.8498532256645613,0.3619791666666667,0.768,0.2726076584854935,0.3828125
context_action+all_internal,385,0.77,0.8502238890160326,0.36363636363636365,0.77,0.2719239275629665,0.38441558441558443
context_action+all_internal,386,0.772,0.8509494395059284,0.36528497409326427,0.772,0.2656859817673381,0.3860103626943005
context_action+all_internal,387,0.774,0.8527502928443373,0.3669250645994832,0.774,0.2644901762105093,0.3875968992248062
context_action+all_internal,388,0.776,0.8539198752524997,0.36855670103092786,0.776,0.2642032482083479,0.38917525773195877
context_action+all_internal,389,0.778,0.8558278312197716,0.37017994858611825,0.778,0.263682107654193,0.390745501285347
context_action+all_internal,390,0.78,0.8572948778220248,0.36923076923076925,0.78,0.2599404255425953,0.3923076923076923
context_action+all_internal,391,0.782,0.8591329116456471,0.37084398976982097,0.782,0.2571040346719961,0.391304347826087
context_action+all_internal,392,0.784,0.8622268471285178,0.36989795918367346,0.784,0.2570481715800499,0.39285714285714285
context_action+all_internal,393,0.786,0.8622643925146807,0.37150127226463103,0.786,0.2556440272012116,0.3944020356234097
context_action+all_internal,394,0.788,0.8637631456667203,0.37055837563451777,0.788,0.2545195327409829,0.3934010152284264
context_action+all_internal,395,0.79,0.8672518403562172,0.3721518987341772,0.79,0.2522181162080756,0.3949367088607595
context_action+all_internal,396,0.792,0.8684462406398178,0.3712121212121212,0.792,0.2519882016561819,0.39646464646464646
context_action+all_internal,397,0.794,0.8701253968873293,0.37279596977329976,0.794,0.2470898247415791,0.3979848866498741
context_action+all_internal,398,0.796,0.8720480659184736,0.3743718592964824,0.796,0.2467936199214474,0.39949748743718594
context_action+all_internal,399,0.798,0.8735414969394377,0.37593984962406013,0.798,0.2416573114150683,0.40100250626566414
context_action+all_internal,400,0.8,0.8740738802163742,0.3775,0.8,0.2400939757168136,0.4025
context_action+all_internal,401,0.802,0.8790143220732494,0.3765586034912718,0.802,0.2337739204211974,0.40399002493765584
context_action+all_internal,402,0.804,0.8831950988191904,0.3781094527363184,0.804,0.2319345090077102,0.40298507462686567
context_action+all_internal,403,0.806,0.886318869565699,0.37965260545905705,0.806,0.2287564098321251,0.4044665012406948
context_action+all_internal,404,0.808,0.8863526537345597,0.3811881188118812,0.808,0.2264189634245306,0.40594059405940597
context_action+all_internal,405,0.81,0.8865800593095466,0.38271604938271603,0.81,0.2249183575100212,0.4074074074074074
context_action+all_internal,406,0.812,0.8869555352943733,0.3842364532019704,0.812,0.22206424014139,0.4088669950738916
context_action+all_internal,407,0.814,0.8903992760831808,0.3857493857493858,0.814,0.2198272659435765,0.4103194103194103
context_action+all_internal,408,0.816,0.8926170913993929,0.3872549019607843,0.816,0.2171798125372464,0.4117647058823529
context_action+all_internal,409,0.818,0.8928414565585017,0.38875305623471884,0.818,0.2158425627103734,0.4132029339853301
context_action+all_internal,410,0.82,0.8938262209638754,0.3902439024390244,0.82,0.2132209553273562,0.4146341463414634
context_action+all_internal,411,0.822,0.8942141670993907,0.39172749391727496,0.822,0.2117309321827608,0.41605839416058393
context_action+all_internal,412,0.824,0.8945519655831193,0.3932038834951456,0.824,0.2090785299829489,0.41504854368932037
context_action+all_internal,413,0.826,0.8977065911721253,0.3946731234866828,0.826,0.2060342796127234,0.41646489104116224
context_action+all_internal,414,0.828,0.8990640530708116,0.3961352657004831,0.828,0.2004397890157784,0.4178743961352657
context_action+all_internal,415,0.83,0.8998437861852769,0.39759036144578314,0.83,0.1998461954643128,0.41927710843373495
context_action+all_internal,416,0.832,0.9008742136570944,0.39903846153846156,0.832,0.1994203904238408,0.4206730769230769
context_action+all_internal,417,0.834,0.901093273585002,0.3980815347721823,0.834,0.195330169263359,0.42206235011990406
context_action+all_internal,418,0.836,0.901112370377148,0.39952153110047844,0.836,0.1938900177212157,0.423444976076555
context_action+all_internal,419,0.838,0.9012781177708608,0.4009546539379475,0.838,0.1920819153393245,0.42482100238663484
context_action+all_internal,420,0.84,0.9028232374741476,0.4023809523809524,0.84,0.1891119949851177,0.4261904761904762
context_action+all_internal,421,0.842,0.9038433287422668,0.40380047505938244,0.842,0.1880150530806748,0.42755344418052255
context_action+all_internal,422,0.844,0.9042355147722088,0.4052132701421801,0.844,0.1870704390819767,0.42890995260663506
context_action+all_internal,423,0.846,0.904450632608256,0.4066193853427896,0.846,0.1799811894621349,0.4302600472813239
context_action+all_internal,424,0.848,0.9049589254649004,0.4080188679245283,0.848,0.1770482684820632,0.43160377358490565
context_action+all_internal,425,0.85,0.905569808658929,0.40941176470588236,0.85,0.1693073753028148,0.4329411764705882
context_action+all_internal,426,0.852,0.9056592653820252,0.4107981220657277,0.852,0.167414957087394,0.43427230046948356
context_action+all_internal,427,0.854,0.9079302475382216,0.41217798594847777,0.854,0.1654465297853292,0.43559718969555034
context_action+all_internal,428,0.856,0.90924171225774,0.4135514018691589,0.856,0.1635568781819973,0.4369158878504673
context_action+all_internal,429,0.858,0.9111261995852812,0.4149184149184149,0.858,0.1590293769195167,0.4382284382284382
context_action+all_internal,430,0.86,0.91248404324483,0.41627906976744183,0.86,0.1589601782047888,0.43953488372093025
context_action+all_internal,431,0.862,0.9129535094301096,0.4176334106728538,0.862,0.1582333218396049,0.4385150812064965
context_action+all_internal,432,0.864,0.914949112825846,0.41898148148148145,0.864,0.1577426395119578,0.4398148148148148
context_action+all_internal,433,0.866,0.9151874103905318,0.42032332563510394,0.866,0.1572288306485257,0.44110854503464203
context_action+all_internal,434,0.868,0.9153608790549294,0.4216589861751152,0.868,0.1532422414482778,0.4423963133640553
context_action+all_internal,435,0.87,0.915532485151652,0.42298850574712643,0.87,0.1473410007242392,0.4436781609195402
context_action+all_internal,436,0.872,0.9157610688326868,0.42201834862385323,0.872,0.1439317326078691,0.44495412844036697
context_action+all_internal,437,0.874,0.9168124396645978,0.4233409610983982,0.874,0.1414416693756467,0.4462242562929062
context_action+all_internal,438,0.876,0.9172127228202148,0.4246575342465753,0.876,0.1366629396668061,0.4474885844748858
context_action+all_internal,439,0.878,0.9220209344245076,0.42596810933940776,0.878,0.1363422635561049,0.44874715261959
context_action+all_internal,440,0.88,0.9233189752056724,0.42727272727272725,0.88,0.134652539938961,0.45
context_action+all_internal,441,0.882,0.9240595895146207,0.42857142857142855,0.882,0.1338091543831566,0.4489795918367347
context_action+all_internal,442,0.884,0.9260386344400774,0.4298642533936652,0.884,0.1302107918737561,0.4502262443438914
context_action+all_internal,443,0.886,0.9264459066348534,0.43115124153498874,0.886,0.1253776599856669,0.45146726862302483
context_action+all_internal,444,0.888,0.9302712835537325,0.43243243243243246,0.888,0.125057760560875,0.4527027027027027
context_action+all_internal,445,0.89,0.930284747310228,0.4337078651685393,0.89,0.1198969129489987,0.45393258426966293
context_action+all_internal,446,0.892,0.9303119995284412,0.4349775784753363,0.892,0.1176573497785599,0.4551569506726457
context_action+all_internal,447,0.894,0.9307995711431036,0.43400447427293065,0.894,0.1174496099353216,0.4563758389261745
context_action+all_internal,448,0.896,0.9346630277218498,0.4330357142857143,0.896,0.114848792136989,0.4575892857142857
context_action+all_internal,449,0.898,0.93589188576282,0.43207126948775054,0.898,0.1142802356875504,0.45879732739420936
context_action+all_internal,450,0.9,0.9372234733859088,0.43333333333333335,0.9,0.1104823617032739,0.46
context_action+all_internal,451,0.902,0.9404105552758124,0.43458980044345896,0.902,0.1069420414038435,0.4611973392461197
context_action+all_internal,452,0.904,0.9406630147430772,0.4358407079646018,0.904,0.1047794974044508,0.46238938053097345
context_action+all_internal,453,0.906,0.9408810212843268,0.4370860927152318,0.906,0.1045478435941537,0.46357615894039733
context_action+all_internal,454,0.908,0.9410538801301446,0.43832599118942733,0.908,0.100857029513785,0.4647577092511013
context_action+all_internal,455,0.91,0.9418831170167826,0.43956043956043955,0.91,0.1008025564076227,0.46593406593406594
context_action+all_internal,456,0.912,0.944030036313314,0.43859649122807015,0.912,0.0972162743435418,0.46710526315789475
context_action+all_internal,457,0.914,0.9449907584747272,0.43982494529540483,0.914,0.0943504813799587,0.4682713347921225
context_action+all_internal,458,0.916,0.9500887789683816,0.4410480349344978,0.916,0.0821850033381279,0.46943231441048033
context_action+all_internal,459,0.918,0.9507652091159032,0.4422657952069717,0.918,0.0763216533040916,0.47058823529411764
context_action+all_internal,460,0.92,0.9512141099556224,0.4434782608695652,0.92,0.0751155279439848,0.4717391304347826
context_action+all_internal,461,0.922,0.9516599847256918,0.44468546637744033,0.922,0.0726033261307418,0.47288503253796094
context_action+all_internal,462,0.924,0.9526383618233234,0.4458874458874459,0.924,0.0723073716052584,0.474025974025974
context_action+all_internal,463,0.926,0.9535660307188484,0.4470842332613391,0.926,0.0715211724797436,0.47516198704103674
context_action+all_internal,464,0.928,0.9570677477724862,0.4482758620689655,0.928,0.0707886854898761,0.47629310344827586
context_action+all_internal,465,0.93,0.9584439379399072,0.44946236559139785,0.93,0.0694174114252979,0.4774193548387097
context_action+all_internal,466,0.932,0.9592311605186944,0.45064377682403434,0.932,0.0652769941231387,0.47854077253218885
context_action+all_internal,467,0.934,0.960245786312295,0.4518201284796574,0.934,0.0637832686084384,0.4796573875802998
context_action+all_internal,468,0.936,0.96226287845317,0.452991452991453,0.936,0.0632807574857495,0.4807692307692308
context_action+all_internal,469,0.938,0.966132421143714,0.4541577825159915,0.938,0.0578556058220363,0.48187633262260127
context_action+all_internal,470,0.94,0.9662645935667288,0.4553191489361702,0.94,0.0577706117424684,0.4829787234042553
context_action+all_internal,471,0.942,0.967321294164238,0.4564755838641189,0.942,0.0568303659630884,0.4840764331210191
context_action+all_internal,472,0.944,0.9697937893692048,0.4576271186440678,0.944,0.0528265718659702,0.4851694915254237
context_action+all_internal,473,0.946,0.969892685972646,0.4587737843551797,0.946,0.0498151063543783,0.48625792811839325
context_action+all_internal,474,0.948,0.9732869728732404,0.459915611814346,0.948,0.0488220823644302,0.4873417721518987
context_action+all_internal,475,0.95,0.9762269623714932,0.4610526315789474,0.95,0.0436109275850818,0.4884210526315789
context_action+all_internal,476,0.952,0.9770447547274032,0.46218487394957986,0.952,0.0403038750410535,0.4894957983193277
context_action+all_internal,477,0.954,0.9786813779257982,0.46331236897274636,0.954,0.0397040393039611,0.49056603773584906
context_action+all_internal,478,0.956,0.9788371148339294,0.46234309623430964,0.956,0.0390129026089333,0.4916317991631799
context_action+all_internal,479,0.958,0.979552116122532,0.46346555323590816,0.958,0.0376554998862232,0.49269311064718163
context_action+all_internal,480,0.96,0.9799548502786248,0.46458333333333335,0.96,0.0282130594358553,0.49375
context_action+all_internal,481,0.962,0.9805955511484782,0.4656964656964657,0.962,0.0267430773539936,0.49480249480249483
context_action+all_internal,482,0.964,0.9822793047854506,0.46680497925311204,0.964,0.0253840626574324,0.495850622406639
context_action+all_internal,483,0.966,0.9862802507893408,0.46790890269151136,0.966,0.0240626911257075,0.4968944099378882
context_action+all_internal,484,0.968,0.9882563447372048,0.4690082644628099,0.968,0.0227320574645483,0.49793388429752067
context_action+all_internal,485,0.97,0.98892933927362,0.47010309278350515,0.97,0.0194890027056362,0.49896907216494846
context_action+all_internal,486,0.972,0.9902886597242888,0.4711934156378601,0.972,0.0189884426758637,0.5
context_action+all_internal,487,0.974,0.9916073933255573,0.4722792607802875,0.974,0.0181150109129407,0.5010266940451745
context_action+all_internal,488,0.976,0.9919119677834596,0.4733606557377049,0.976,0.0177471019219246,0.5020491803278688
context_action+all_internal,489,0.978,0.9923749656877152,0.47443762781186094,0.978,0.0164890841907736,0.5030674846625767
context_action+all_internal,490,0.98,0.9925478833451082,0.47551020408163264,0.98,0.01616859740632,0.5040816326530613
context_action+all_internal,491,0.982,0.9926176686264292,0.47657841140529533,0.982,0.0144977228079877,0.505091649694501
context_action+all_internal,492,0.984,0.9927463764159322,0.47764227642276424,0.984,0.0144811311784216,0.5060975609756098
context_action+all_internal,493,0.986,0.9935848255705764,0.4787018255578093,0.986,0.0136414202461807,0.5070993914807302
context_action+all_internal,494,0.988,0.9943430014354732,0.4797570850202429,0.988,0.0108506570386093,0.5080971659919028
context_action+all_internal,495,0.99,0.9950191347031142,0.4808080808080808,0.99,0.0103682550704446,0.509090909090909
context_action+all_internal,496,0.992,0.9980291546289451,0.48185483870967744,0.992,0.0102178063374544,0.5100806451612904
context_action+all_internal,497,0.994,0.9984548908824868,0.482897384305835,0.994,0.0086980596526694,0.5110663983903421
context_action+all_internal,498,0.996,0.99885045778717,0.4839357429718876,0.996,0.005632673202226,0.5120481927710844
context_action+all_internal,499,0.998,0.9990679641264926,0.4849699398797595,0.998,0.0040300322040648,0.5130260521042084
context_action+all_internal,500,1.0,0.9990907475590978,0.486,1.0,0.0032770550413142,0.514
