threshold,coverage_mean,coverage_std,selective_accuracy_mean,selective_accuracy_std,avg_confidence_of_accepted_mean,avg_confidence_of_accepted_std
0.1,1.0,0.0,0.34,0.0,0.3489239824812471,0.0030811693374354497
0.15,1.0,0.0,0.34,0.0,0.3489239824812471,0.0030811693374354497
0.2,0.998,0.004472135954999583,0.3406868686868687,0.001535885075454386,0.3492210174243947,0.0026043500711375816
0.25,0.982,0.034928498393145976,0.3444259991216513,0.008114412854739784,0.351198423329284,0.002862404693034049
0.3,0.8859999999999999,0.09813256340277676,0.35915611887760907,0.03025310534460697,0.3593412866586762,0.010236540453918686
0.35,0.41200000000000003,0.23679104712805338,0.3567656549799407,0.03877152616023581,0.38506768107724737,0.013067732492174135
0.4,0.094,0.07602631123499286,0.48411654135338344,0.25405308819374994,0.42107522082275317,0.019368886637463438
0.45,0.018,0.04024922359499621,0.1111111111111111,,0.4768899686413899,
