threshold,coverage_mean,coverage_std,selective_accuracy_mean,selective_accuracy_std,avg_confidence_of_accepted_mean,avg_confidence_of_accepted_std
0.1,1.0,0.0,0.34,0.0,0.3480516250455167,0.0006748797321830179
0.15,1.0,0.0,0.34,0.0,0.3480516250455167,0.0006748797321830179
0.2,1.0,0.0,0.34,0.0,0.3480516250455167,0.0006748797321830179
0.25,0.992,0.017888543819998326,0.34075,0.0016770509831248578,0.34905403323901896,0.0023746817102215474
0.3,0.9460000000000001,0.09528903399657275,0.34316329284750335,0.008943803573724676,0.35302407272097136,0.009503530565620493
0.35,0.438,0.05357238094391549,0.38843484680693985,0.0629504623033506,0.36814042454788015,0.01687895443470326
0.4,0.048,0.09148770409186144,0.21428571428571427,0.3030457633656632,0.4219380050184019,0.014208851789105624
0.45,0.008,0.01788854381999832,0.5,,0.48983071829557945,
