threshold,coverage_mean,coverage_std,selective_accuracy_mean,selective_accuracy_std,avg_confidence_of_accepted_mean,avg_confidence_of_accepted_std
0.1,0.834,0.04929503017546496,0.3987307201100304,0.01650827162087464,0.43177121720631584,0.03654009748424918
0.15,0.752,0.055407580708780255,0.41862429939538376,0.02026222270431887,0.4652372500900432,0.03894491732177221
0.2,0.686,0.04505552130427526,0.44999320058951237,0.02106132619325019,0.49252932009348127,0.039166493614729514
0.25,0.608,0.02489979919597748,0.49637618636755826,0.014391137639046314,0.5258990469643832,0.03468234122131567
0.3,0.534,0.027018512172212607,0.5351159522318552,0.014805673703816994,0.56006215789085,0.03443631649274783
0.35,0.47800000000000004,0.026832815729997465,0.5731485905398949,0.04701140360837919,0.5887980231826602,0.05000551729771911
0.4,0.42800000000000005,0.03346640106136301,0.5824226392113576,0.03721246860633561,0.6127909022402798,0.048076123464858116
0.45,0.386,0.0403732584763727,0.6047338959647525,0.031003075327732867,0.6321475267272683,0.04253034819379202
