target_coverage,actual_coverage_mean,actual_coverage_std,selective_accuracy_mean,selective_accuracy_std,avg_confidence_of_accepted_mean,avg_confidence_of_accepted_std
0.1,0.1,0.0,0.7,0.10000000000000003,0.7979945619046729,0.05111888766914062
0.2,0.2,0.0,0.6799999999999999,0.06708203932499368,0.7286246741002469,0.05885339628559201
0.3,0.3,0.0,0.6799999999999999,0.0767390962214756,0.6734474711905716,0.059969686195221306
0.4,0.4,0.0,0.5900000000000001,0.05184110338331929,0.6252780274135168,0.05498644266832742
0.5,0.5,0.0,0.568,0.03898717737923582,0.5770362208721929,0.04682212531673339
0.6,0.6,0.0,0.5033333333333333,0.01825741858350557,0.529746231784542,0.041072997843736414
0.7,0.7,0.0,0.43999999999999995,0.011952286093343933,0.4850960161436979,0.036405164007908795
0.8,0.8,0.0,0.40499999999999997,0.014252192813739212,0.44385641988993224,0.03241514985322024
0.9,0.9,0.0,0.37777777777777777,0.0,0.40496978957400864,0.028949806627576482
