metric,mean,std
accuracy,0.752,0.028635642126552733
roc_auc,0.7996434937611407,0.039023542812379276
brier_score,0.16978133787353933,0.015123199666415489
ece,0.09880156428920081,0.03164271291088948
