target_coverage,actual_coverage_mean,actual_coverage_std,selective_accuracy_mean,selective_accuracy_std,avg_confidence_of_accepted_mean,avg_confidence_of_accepted_std
0.1,0.1,0.0,0.4,0.10000000000000002,0.3911920569199733,0.04025238936879522
0.2,0.2,0.0,0.39,0.08215838362577493,0.3816342941346306,0.030994035363851796
0.3,0.3,0.0,0.37333333333333335,0.05477225575051662,0.3756105321825431,0.025673362640713196
0.4,0.4,0.0,0.385,0.07202430145443965,0.37047909577361904,0.020450801658754424
0.5,0.5,0.0,0.368,0.04147288270665544,0.3664123371082729,0.01663516148608365
0.6,0.6,0.0,0.35666666666666663,0.0149071198499986,0.3628211871357248,0.013416502362219812
0.7,0.7,0.0,0.3514285714285714,0.021665358411575863,0.35942680666966964,0.010337818150056395
0.8,0.8,0.0,0.3525,0.018540496217739153,0.35604640842355073,0.007183180484039697
0.9,0.9,0.0,0.3466666666666667,0.0049690399499995284,0.35253214882101075,0.004004431608904659
