metric,mean,std
accuracy,0.656,0.008944271909999166
roc_auc,0.5411764705882354,0.03843644242451216
brier_score,0.22418722231178706,0.000939951968687074
ece,0.01423585352959115,0.008959331179022142
