metric,mean,std
accuracy,0.658,0.004472135954999584
roc_auc,0.5311051693404634,0.05900757143462146
brier_score,0.22390096627641762,0.0030651675280009413
ece,0.05780663027553715,0.06492113165542054
