target_coverage,actual_coverage_mean,actual_coverage_std,selective_accuracy_mean,selective_accuracy_std,avg_confidence_of_accepted_mean,avg_confidence_of_accepted_std
0.1,0.1,0.0,0.38,0.2280350850198276,0.4115953450199087,0.04564353597348596
0.2,0.2,0.0,0.3,0.1224744871391589,0.3997070958014602,0.03557065573117071
0.3,0.3,0.0,0.3466666666666667,0.08027729719194865,0.3901769920286534,0.02824737728318549
0.4,0.4,0.0,0.36500000000000005,0.06754628043053147,0.38297227158648706,0.022890273841918156
0.5,0.5,0.0,0.348,0.04604345773288537,0.37724065896705195,0.018677866900121527
0.6,0.6,0.0,0.3466666666666667,0.03613247231446468,0.37214896267010283,0.015098158352298599
0.7,0.7,0.0,0.37142857142857144,0.028571428571428577,0.3670819070466257,0.011768149665244835
0.8,0.8,0.0,0.3675,0.02592055169165966,0.36172738967617507,0.008448910604728655
0.9,0.9,0.0,0.3555555555555555,0.011111111111111096,0.3557445020247801,0.005053456545250718
