feature_group,train_rows,val_rows,test_rows,n_features,accuracy,roc_auc,brier_score,ece,repeat_idx,seed
pooled_attention_only,325,75,100,62,0.64,0.5427807486631016,0.22424858791927985,0.027872453196111282,0,42
pooled_attention_only,325,75,100,62,0.66,0.49376114081996436,0.22576481524484154,0.018901397778385058,1,43
pooled_attention_only,325,75,100,62,0.66,0.5975935828877005,0.22334243860950587,0.007122799860063256,2,44
pooled_attention_only,325,75,100,62,0.66,0.5503565062388592,0.2237112131813159,0.008357667498642973,3,45
pooled_attention_only,325,75,100,62,0.66,0.5213903743315508,0.22386905660399223,0.008924949314753183,4,46
