feature_group,train_rows,val_rows,test_rows,n_features,accuracy,roc_auc,brier_score,ece,repeat_idx,seed
full_small_combined,325,75,100,86,0.76,0.839572192513369,0.15246232957905434,0.12465211838527915,0,42
full_small_combined,325,75,100,86,0.71,0.7459893048128342,0.1879304828168108,0.05691413762163032,1,43
full_small_combined,325,75,100,86,0.75,0.7927807486631016,0.1728624473827903,0.12192682545526547,2,44
full_small_combined,325,75,100,86,0.75,0.783868092691622,0.17940938871651924,0.11786640724591979,3,45
full_small_combined,325,75,100,86,0.79,0.8360071301247772,0.15624204087252191,0.07264833273790941,4,46
