feature_group,train_rows,val_rows,test_rows,n_features,accuracy,roc_auc,brier_score,ece,repeat_idx,seed
token_only,325,75,100,7,0.66,0.4554367201426025,0.2244551455211101,0.007091190378846812,0,42
token_only,325,75,100,7,0.66,0.5053475935828876,0.22487970453476666,0.061953806078110726,1,43
token_only,325,75,100,7,0.66,0.5614973262032085,0.2226698406356557,0.014065422807859487,2,44
token_only,325,75,100,7,0.66,0.6118538324420678,0.21958145215828645,0.038624110624554814,3,45
token_only,325,75,100,7,0.65,0.5213903743315508,0.22791868853226926,0.16729862148831393,4,46
