bin_left,bin_right,count,mean_pred_correct,empirical_correct,empirical_wrong
0.0,0.1,238,0.02100840336134454,0.02100840336134454,0.9789915966386554
0.1,0.2,121,0.1322314049586777,0.1322314049586777,0.8677685950413223
0.2,0.30000000000000004,23,0.21739130434782608,0.21739130434782608,0.782608695652174
0.30000000000000004,0.4,13,0.3846153846153847,0.38461538461538464,0.6153846153846154
0.4,0.5,31,0.45161290322580633,0.45161290322580644,0.5483870967741935
