bin_left,bin_right,count,mean_pred_correct,empirical_correct,empirical_wrong
0.0,0.1,232,0.02151692934883441,0.021551724137931036,0.978448275862069
0.1,0.2,127,0.1324906389218274,0.14173228346456693,0.8582677165354331
0.2,0.30000000000000004,19,0.22232987731742618,0.05263157894736842,0.9473684210526315
0.30000000000000004,0.4,12,0.38461538461538464,0.5,0.5
0.4,0.5,29,0.4516129032258064,0.3793103448275862,0.6206896551724138
0.5,0.6000000000000001,1,0.5513474544154109,0.0,1.0
