route,count,fraction,empirical_correct,empirical_wrong,wilson_low,wilson_high
accept,80,0.16,0.9875,0.0125,0.9325356757603457,0.9977900813816939
validate,0,0.0,,,,
discard,420,0.84,0.09761904761904762,0.9023809523809524,0.8702430917683801,0.9272246414602601
