route,count,fraction,empirical_correct,empirical_wrong,wilson_low,wilson_high
accept,74,0.148,1.0,0.0,0.9506484964337834,0.9999999999999998
validate,0,0.0,,,,
discard,426,0.852,0.1056338028169014,0.8943661971830986,0.8615709914179179,0.9201123077322806
