target_coverage,actual_coverage,covered,threshold_used,selective_accuracy,avg_confidence_of_accepted
0.1,0.10020040080160321,50,0.4344380436873689,0.62,0.591303544717825
0.2,0.20040080160320642,100,0.3059834449407413,0.56,0.4668920814383483
0.3,0.30060120240480964,150,0.25880332154370933,0.48,0.4041321477239349
0.4,0.40080160320641284,200,0.23300639829205594,0.405,0.36455480284551667
0.5,0.501002004008016,250,0.20868419554824852,0.356,0.33573753623251273
0.6,0.5991983967935872,299,0.17968913342141762,0.31438127090301005,0.31250293562537096
0.7,0.6993987975951904,349,0.1603886588037493,0.2922636103151863,0.29205077899733123
0.8,0.7995991983967936,399,0.13510104089343417,0.2681704260651629,0.27385530273761854
0.9,0.8997995991983968,449,0.11247722592108002,0.24944320712694878,0.25690940586962524
