threshold,covered,coverage,selective_accuracy,avg_confidence_of_accepted
0.1,368,0.7374749498997996,0.29891304347826086,0.287517212233863
0.15,290,0.5811623246492986,0.32068965517241377,0.32919393066630737
0.2,244,0.48897795591182364,0.36475409836065575,0.3587906442513202
0.25,182,0.36472945891783565,0.4340659340659341,0.40310461912928613
0.3,113,0.22645290581162325,0.46017699115044247,0.47676751115470906
0.35,94,0.18837675350701402,0.4574468085106383,0.5100373989203487
0.4,84,0.1683366733466934,0.5119047619047619,0.5246230210071532
0.45,63,0.12625250501002003,0.6031746031746031,0.5598705815092142
