target_coverage,actual_coverage,covered,threshold_used,selective_accuracy,avg_confidence_of_accepted
0.1,0.10020040080160321,50,0.5996400008345953,0.76,0.7297230610073119
0.2,0.20040080160320642,100,0.3786222934626947,0.58,0.5994286550760823
0.3,0.30060120240480964,150,0.27762101699805103,0.4866666666666667,0.5080418755338385
0.4,0.40080160320641284,200,0.22047281146658498,0.41,0.44348744257005207
0.5,0.501002004008016,250,0.16990804964583273,0.392,0.39302338595446396
0.6,0.5991983967935872,299,0.13667291992309152,0.35451505016722407,0.35370663353850923
0.7,0.6993987975951904,349,0.09214184899563968,0.31805157593123207,0.3193847506303709
0.8,0.7995991983967936,399,0.06362704326330614,0.2882205513784461,0.2889353889211939
0.9,0.8997995991983968,449,0.029249521602560016,0.26057906458797325,0.26192180880627924
