threshold,covered,coverage,selective_accuracy,avg_confidence_of_accepted
0.1,338,0.6773547094188377,0.32840236686390534,0.3266488315906845
0.15,279,0.5591182364729459,0.3763440860215054,0.3688346595734375
0.2,215,0.4308617234468938,0.413953488372093,0.4272518078064332
0.25,174,0.3486973947895792,0.4540229885057471,0.4743794138406478
0.3,139,0.2785571142284569,0.49640287769784175,0.525710144115953
0.35,111,0.22244488977955912,0.5495495495495496,0.5756700243639374
0.4,91,0.18236472945891782,0.6153846153846154,0.6202209484853228
0.45,73,0.1462925851703407,0.684931506849315,0.6672818456679346
