target_coverage,actual_coverage,covered,threshold_used,selective_accuracy,avg_confidence_of_accepted
0.1,0.10020040080160321,50,0.37219676242528565,0.48,0.43544062803293293
0.2,0.20040080160320642,100,0.31073345773876887,0.46,0.38744173375058916
0.3,0.30060120240480964,150,0.27473709740204594,0.4066666666666667,0.3549682750197088
0.4,0.40080160320641284,200,0.2487302125770158,0.35,0.3318866672371136
0.5,0.501002004008016,250,0.21921961374379959,0.34,0.31187182972600425
0.6,0.5991983967935872,299,0.191713313500524,0.3110367892976589,0.2943589562163637
0.7,0.6993987975951904,349,0.17200388936562033,0.28939828080229224,0.27802004339496256
0.8,0.7995991983967936,399,0.15003418397124552,0.2706766917293233,0.2634914355128392
0.9,0.8997995991983968,449,0.12784953153837753,0.2561247216035635,0.24971418633000186
