threshold,covered,coverage,selective_accuracy,avg_confidence_of_accepted
0.1,472,0.9458917835671342,0.25,0.24318903340107043
0.15,399,0.7995991983967936,0.2706766917293233,0.2634914355128392
0.2,284,0.5691382765531062,0.31338028169014087,0.29955522244396887
0.25,198,0.3967935871743487,0.35353535353535354,0.33272631664930546
0.3,113,0.22645290581162325,0.4336283185840708,0.3778131776852283
0.35,68,0.13627254509018036,0.5294117647058824,0.41565529708936866
0.4,35,0.07014028056112225,0.5428571428571428,0.4576527147351462
0.45,16,0.03206412825651302,0.5625,0.498324656647545
