target_coverage,actual_coverage,covered,threshold_used,selective_accuracy,avg_confidence_of_accepted
0.1,0.10020040080160321,50,0.4788717530138012,0.7,0.5849346090996017
0.2,0.20040080160320642,100,0.3135444764238079,0.45,0.49895921809663923
0.3,0.30060120240480964,150,0.2862281866657036,0.44666666666666666,0.4314094623642844
0.4,0.40080160320641284,200,0.23607133278394102,0.41,0.3886262933420494
0.5,0.501002004008016,250,0.1890210760035409,0.356,0.3548404124214268
0.6,0.5991983967935872,299,0.1462051425257168,0.3210702341137124,0.32374067126191947
0.7,0.6993987975951904,349,0.1253642243630065,0.30945558739255014,0.2970787747283314
0.8,0.7995991983967936,399,0.0849655615640874,0.2882205513784461,0.27223574990132987
0.9,0.8997995991983968,449,0.04893658272354497,0.2650334075723831,0.24928751136001634
