threshold,covered,coverage,selective_accuracy,avg_confidence_of_accepted
0.1,472,0.9458917835671342,0.2478813559322034,0.24952369910640934
0.15,367,0.7354709418837675,0.28065395095367845,0.2853151480766788
0.2,266,0.533066132264529,0.33458646616541354,0.3278176960782056
0.25,167,0.3346693386773547,0.4431137724550898,0.38876929422160134
0.3,106,0.2124248496993988,0.5566037735849056,0.4575691818233386
0.35,67,0.1342685370741483,0.5970149253731343,0.5367104409811703
0.4,53,0.1062124248496994,0.6037735849056604,0.5813955536631404
0.45,45,0.09018036072144289,0.6,0.607703140118473
