bin_left,bin_right,count,mean_pred_correct,empirical_correct,empirical_wrong
0.0,0.1,215,0.013953488372093021,0.013953488372093023,0.986046511627907
0.1,0.2,73,0.10958904109589043,0.1095890410958904,0.8904109589041096
0.4,0.5,29,0.44827586206896564,0.4482758620689655,0.5517241379310345
0.5,0.6000000000000001,16,0.5,0.5,0.5
0.6000000000000001,0.7000000000000001,3,0.6666666666666666,0.6666666666666666,0.3333333333333333
