route,count,fraction,empirical_correct,empirical_wrong,wilson_low,wilson_high
accept,141,0.282,1.0,0.0,0.9734772330601154,1.0
validate,43,0.086,0.4883720930232558,0.5116279069767442,0.34617209277756,0.6324793623392592
discard,316,0.632,0.028481012658227847,0.9715189873417721,0.946765942530107,0.984945254512429
