route,count,fraction,empirical_correct,empirical_wrong
accept,155,0.31,1.0,0.0
validate,88,0.176,0.5681818181818182,0.43181818181818177
discard,257,0.514,0.14396887159533073,0.8560311284046693
