threshold,covered,coverage,selective_accuracy,avg_confidence_of_accepted
0.1,433,0.8677354709418837,0.26558891454965355,0.2544829396912958
0.15,325,0.6513026052104208,0.3169230769230769,0.2972748027417454
0.2,240,0.48096192384769537,0.35,0.34116267661563776
0.25,158,0.3166332665330661,0.41139240506329117,0.4007580216728418
0.3,100,0.20040080160320642,0.49,0.4745259002047871
0.35,80,0.16032064128256512,0.5375,0.5133700833927861
0.4,76,0.1523046092184369,0.5526315789473685,0.5204882894344749
0.45,72,0.14428857715430862,0.5555555555555556,0.5255756598599269
