target_coverage,actual_coverage,covered,threshold_used,selective_accuracy,avg_confidence_of_accepted
0.1,0.10020040080160321,50,0.5135632241010029,0.54,0.5451758481957425
0.2,0.20040080160320642,100,0.3033830039818134,0.49,0.4745259002047872
0.3,0.30060120240480964,150,0.2548898973812666,0.41333333333333333,0.40867507349233034
0.4,0.40080160320641284,200,0.22408021459785005,0.375,0.36651893942125907
0.5,0.501002004008016,250,0.19112306081399277,0.352,0.3353083771682733
0.6,0.5991983967935872,299,0.1652950907115999,0.32441471571906355,0.30941731095061026
0.7,0.6993987975951904,349,0.1383493618473006,0.30659025787965616,0.28671775674679584
0.8,0.7995991983967936,399,0.11801357436620381,0.2781954887218045,0.26675369948798516
0.9,0.8997995991983968,449,0.08903100042944892,0.26280623608017817,0.24878589836150383
