target_coverage,actual_coverage,covered,threshold_used,selective_accuracy,avg_confidence_of_accepted
0.1,0.10020040080160321,50,0.5363577396075179,0.62,0.665715995021647
0.2,0.20040080160320642,100,0.3440197504977311,0.57,0.5458598175882063
0.3,0.30060120240480964,150,0.25860398353771386,0.5,0.46397970769991453
0.4,0.40080160320641284,200,0.2181101680094999,0.44,0.40714889217365413
0.5,0.501002004008016,250,0.1844079713593693,0.388,0.36589889307137724
0.6,0.5991983967935872,299,0.15264473713506732,0.3411371237458194,0.3331236118342731
0.7,0.6993987975951904,349,0.12749362689694607,0.30945558739255014,0.30543294309288477
0.8,0.7995991983967936,399,0.09318738658348216,0.2832080200501253,0.281074432419963
0.9,0.8997995991983968,449,0.05625260888070708,0.2561247216035635,0.25796568835430156
