threshold,covered,coverage,selective_accuracy,avg_confidence_of_accepted
0.1,389,0.779559118236473,0.29048843187660667,0.28583469752520835
0.15,304,0.6092184368737475,0.33881578947368424,0.33012844515623396
0.2,224,0.44889779559118237,0.40625,0.38592853812169825
0.25,158,0.3166332665330661,0.4810126582278481,0.4534440586240804
0.3,126,0.25250501002004005,0.5317460317460317,0.4992843610187761
0.35,98,0.1963927855711423,0.5816326530612245,0.5499602705127339
0.4,79,0.15831663326653306,0.6329113924050633,0.5921444694784652
0.45,68,0.13627254509018036,0.6323529411764706,0.6199038069809858
