target_coverage,actual_coverage,covered,threshold_used,selective_accuracy,avg_confidence_of_accepted
0.1,0.10020040080160321,50,0.4344380436873693,0.62,0.5913035447178249
0.2,0.20040080160320642,100,0.30598344494074053,0.56,0.4668920814383482
0.3,0.30060120240480964,150,0.2588033215437095,0.48,0.40413214772393463
0.4,0.40080160320641284,200,0.23300639829205594,0.405,0.36455480284551656
0.5,0.501002004008016,250,0.2086841955482486,0.356,0.3357375362325126
0.6,0.5991983967935872,299,0.17968913342141773,0.31438127090301005,0.31250293562537085
0.7,0.6993987975951904,349,0.16038865880374945,0.2922636103151863,0.2920507789973312
0.8,0.7995991983967936,399,0.13510104089343425,0.2681704260651629,0.27385530273761854
0.9,0.8997995991983968,449,0.11247722592108036,0.24944320712694878,0.25690940586962524
