target_coverage,actual_coverage,covered,threshold_used,selective_accuracy,avg_confidence_of_accepted
0.1,0.10020040080160321,50,0.3721967639703316,0.48,0.4354406279581351
0.2,0.20040080160320642,100,0.31073345668544594,0.46,0.3874417338854165
0.3,0.30060120240480964,150,0.27473709768906546,0.4066666666666667,0.3549682750735319
0.4,0.40080160320641284,200,0.24873021281513152,0.35,0.3318866672667772
0.5,0.501002004008016,250,0.21921961383399902,0.34,0.31187182971785105
0.6,0.5991983967935872,299,0.19171331385031504,0.3110367892976589,0.29435895621250535
0.7,0.6993987975951904,349,0.172003888979877,0.28939828080229224,0.2780200433781939
0.8,0.7995991983967936,399,0.15003418427882126,0.2706766917293233,0.26349143548973547
0.9,0.8997995991983968,449,0.12784953192889517,0.2561247216035635,0.24971418630694023
