bin_left,bin_right,count,mean_confidence,empirical_accuracy
0.0,0.1,0,,
0.1,0.2,17,0.16766323996267293,0.11764705882352941
0.2,0.30000000000000004,81,0.24922075634948726,0.1728395061728395
0.30000000000000004,0.4,121,0.3571842867805003,0.32231404958677684
0.4,0.5,245,0.455253141961191,0.39591836734693875
0.5,0.6000000000000001,36,0.5166683059324851,0.5277777777777778
0.6000000000000001,0.7000000000000001,0,,
0.7000000000000001,0.8,0,,
0.8,0.9,0,,
0.9,1.0,0,,
