target_coverage,actual_coverage,covered,threshold_used,selective_accuracy,avg_confidence_of_accepted
0.1,0.1,50,0.494993705925944,0.52,0.5112814391795982
0.2,0.2,100,0.4792488611367417,0.49,0.4983571850438894
0.3,0.3,150,0.46173058772233533,0.4866666666666667,0.4887002175978775
0.4,0.4,200,0.44194466328199444,0.43,0.4791567235962303
0.5,0.5,250,0.4191751688907406,0.428,0.46959500262788106
0.6,0.6,300,0.39105682822322557,0.4166666666666667,0.4587962449561756
0.7,0.7,350,0.3523524825975545,0.4085714285714286,0.4463175292070173
0.8,0.8,400,0.3059153462174532,0.3875,0.4318693376517658
0.9,0.9,450,0.24247411553126177,0.36666666666666664,0.41371593813557145
