threshold,covered,coverage,selective_accuracy,avg_confidence_of_accepted
0.1,500,1.0,0.342,0.3927870676763514
0.15,496,0.992,0.34475806451612906,0.3949445829401088
0.2,483,0.966,0.3498964803312629,0.4007106806600626
0.25,440,0.88,0.37272727272727274,0.4175214948209883
0.3,402,0.804,0.3855721393034826,0.4312347698868203
0.35,352,0.704,0.4090909090909091,0.44577719698987744
0.4,281,0.562,0.4128113879003559,0.4631212768471931
0.45,178,0.356,0.4438202247191011,0.4832598601019513
