metric,mean,std
accuracy,0.5714285714285714,0.06806971461288946
roc_auc,0.5695127030403998,0.09491822644306365
brier_score,0.2477836145188717,0.012154150651923119
ece,0.10576239540417846,0.0422911511482011
