threshold,coverage_mean,coverage_std,selective_accuracy_mean,selective_accuracy_std,avg_confidence_of_accepted_mean,avg_confidence_of_accepted_std
0.1,0.9979591836734694,0.0045634040357138556,0.5010309278350515,0.00230522471907194,0.4841321713981445,0.017042754142309276
0.15,0.9938775510204081,0.005589005688828251,0.49896907216494846,0.004312680549144705,0.48557027041041484,0.015639528982886033
0.2,0.9795918367346939,0.014430750636460167,0.5000217037438958,0.005236182837702459,0.4899086123621076,0.014430440040259613
0.25,0.9571428571428571,0.034149388838125516,0.5054243628711713,0.007709752500766323,0.49617790761532976,0.015236618379532078
0.3,0.9122448979591837,0.06396909395370401,0.5197922326701306,0.01525310545989693,0.5074749094842408,0.01807512083909463
0.35,0.8510204081632653,0.0939662402711946,0.5291483144905282,0.02241467168809431,0.5213340836438747,0.02337693308202537
0.4,0.773469387755102,0.13331858171901687,0.5353169218840861,0.03048079806189183,0.5375446540132478,0.029433518580417362
0.45,0.6653061224489796,0.1924490878005193,0.5556639713005861,0.032399607657165055,0.5594561028455938,0.040115310209177135
