metric,mean,std
accuracy,0.6244897959183673,0.03178043163754578
roc_auc,0.6826322365680966,0.05058977286047378
brier_score,0.2283472523841959,0.016740957152139215
ece,0.10258460458159946,0.011483625092360561
