threshold,coverage_mean,coverage_std,selective_accuracy_mean,selective_accuracy_std,avg_confidence_of_accepted_mean,avg_confidence_of_accepted_std
0.1,0.9877551020408163,0.01676701706648472,0.5063157894736843,0.00864825090797634,0.4905766430071793,0.040947394384581795
0.15,0.9775510204081632,0.020912144420325744,0.5095632698768198,0.010906502994837985,0.49410768268371763,0.03855078671415789
0.2,0.9591836734693878,0.040816326530612235,0.5175886524822695,0.018540670485728675,0.4997614887830627,0.031722783690665404
0.25,0.9122448979591837,0.07690385176088478,0.5342643232919297,0.030294210181724856,0.5149811792200056,0.038559869427731285
0.3,0.846938775510204,0.1249739664685295,0.5541391195590524,0.043704001910283716,0.534895470631594,0.042283574544183404
0.35,0.7653061224489796,0.16214539369459902,0.5823219028527534,0.059839121685366634,0.5601869462452129,0.05253729568488595
0.4,0.7,0.1594908078362404,0.5911230447939309,0.05302555026470607,0.5779029672402558,0.05398643803599737
0.45,0.6020408163265306,0.13304494704495198,0.6274096454345608,0.05048579427915229,0.6001857762233886,0.05377295380164082
