threshold,coverage_mean,coverage_std,selective_accuracy_mean,selective_accuracy_std,avg_confidence_of_accepted_mean,avg_confidence_of_accepted_std
0.1,0.9714285714285715,0.034903329339769494,0.5130471724599918,0.015759866408762317,0.49666053299799007,0.024588574220838065
0.15,0.9387755102040817,0.06573519758533226,0.5205903717276888,0.019239752140524577,0.5100911087736074,0.02496330140113809
0.2,0.9183673469387756,0.07737628004134234,0.5303953671591682,0.023881982326000206,0.517643526418673,0.023491454001883058
0.25,0.8714285714285713,0.08245756673810989,0.5524198170982443,0.030601241371793587,0.5335290636095047,0.026157725687451224
0.3,0.8163265306122449,0.0954504435401516,0.5618475211702965,0.03154366161487327,0.5516441786011338,0.030270707204215774
0.35,0.7489795918367347,0.10168304627227029,0.5842231779862964,0.030070332208293565,0.572463536180092,0.03288414804346004
0.4,0.6693877551020408,0.09479366663260073,0.5973673192297659,0.045483415558307226,0.5962120410266192,0.03763656989669695
0.45,0.5959183673469388,0.07824607964359519,0.6177148217997496,0.06863358224959068,0.616957872929001,0.040613864874260025
