target_coverage,actual_coverage_mean,actual_coverage_std,selective_accuracy_mean,selective_accuracy_std,avg_confidence_of_accepted_mean,avg_confidence_of_accepted_std
0.1,0.10204081632653061,0.0,0.4600000000000001,0.23021728866442678,0.6767187019349348,0.09288307386441638
0.2,0.20408163265306123,0.0,0.53,0.15247950681976902,0.639318153749967,0.07576681923442805
0.3,0.29591836734693877,0.0,0.6,0.1022923929254574,0.6166078247171092,0.06481576140968595
0.4,0.3979591836734694,0.0,0.5897435897435898,0.054392829322042154,0.5955420935231295,0.05521493078820581
0.5,0.5,0.0,0.5551020408163265,0.0619010240330739,0.5761093147348257,0.046374262362040376
0.6,0.6020408163265306,0.0,0.5457627118644067,0.06040179552951004,0.5579945154632149,0.03799959440690762
0.7,0.7040816326530612,0.0,0.5333333333333333,0.059225555773050866,0.5407114130683635,0.0299965075551106
0.8,0.7959183673469388,0.0,0.5153846153846153,0.0388865407387259,0.5248712725241559,0.023522883057516264
0.9,0.8979591836734693,0.0,0.5113636363636364,0.02125941697030645,0.5059019760453685,0.01775802341588307
