metric,mean,std
accuracy,0.6428571428571429,0.07428683560490328
roc_auc,0.6997084548104956,0.0668695249164869
brier_score,0.2192256487356671,0.02193764127141551
ece,0.09153201052389712,0.041432108825339015
