target_coverage,actual_coverage_mean,actual_coverage_std,selective_accuracy_mean,selective_accuracy_std,avg_confidence_of_accepted_mean,avg_confidence_of_accepted_std
0.1,0.10204081632653061,0.0,0.64,0.23021728866442678,0.7277334052750132,0.08892341271219288
0.2,0.20408163265306123,0.0,0.6599999999999999,0.08215838362577495,0.6908462491859652,0.07853388962714224
0.3,0.29591836734693877,0.0,0.6413793103448275,0.07150497018388868,0.6665220280147993,0.07089354171960317
0.4,0.3979591836734694,0.0,0.635897435897436,0.03803178711331107,0.642286662490662,0.06455503889767908
0.5,0.5,0.0,0.636734693877551,0.02235602275531287,0.6164100413426268,0.059405633408480714
0.6,0.6020408163265306,0.0,0.6237288135593221,0.022098991204076768,0.5900492139944588,0.054267148179975515
0.7,0.7040816326530612,0.0,0.6,0.02425101526185725,0.5632278282249354,0.04830455575928686
0.8,0.7959183673469388,0.0,0.5666666666666667,0.02293403053845938,0.5399259697079718,0.04314396876395873
0.9,0.8979591836734693,0.0,0.5431818181818182,0.009507500301523562,0.5141393004755065,0.03955968313993765
