target_coverage,actual_coverage_mean,actual_coverage_std,selective_accuracy_mean,selective_accuracy_std,avg_confidence_of_accepted_mean,avg_confidence_of_accepted_std
0.1,0.10204081632653061,0.0,0.76,0.05477225575051667,0.7962981902730369,0.0685858749678607
0.2,0.20408163265306123,0.0,0.7,0.09354143466934854,0.7440538142696107,0.06001176612146427
0.3,0.29591836734693877,0.0,0.7172413793103448,0.07475683927130619,0.7078582747095653,0.05459563809048557
0.4,0.3979591836734694,0.0,0.6717948717948719,0.08770580193070289,0.6727021384772562,0.04828873582417304
0.5,0.5,0.0,0.6285714285714286,0.07272869257634887,0.6395769204444443,0.040521069032827636
0.6,0.6020408163265306,0.0,0.6135593220338983,0.052787835601347255,0.6095492543215031,0.03421491855896394
0.7,0.7040816326530612,0.0,0.5913043478260869,0.03608666550141665,0.5798818209201653,0.030580204985134734
0.8,0.7959183673469388,0.0,0.5743589743589743,0.01671590360308367,0.5526529025831739,0.02892550366057084
0.9,0.8979591836734693,0.0,0.5386363636363636,0.006224119971649616,0.520796066539123,0.029848280291396932
