feature_group,train_rows,val_rows,test_rows,n_features,accuracy,roc_auc,brier_score,ece,repeat_idx,seed
pooled_attention_only,315,73,98,70,0.6428571428571429,0.6189087880049979,0.24114765584365316,0.1236587268657528,0,42
pooled_attention_only,315,73,98,70,0.46938775510204084,0.4135776759683465,0.25287256090639015,0.04444693105572123,1,43
pooled_attention_only,315,73,98,70,0.5918367346938775,0.6647230320699709,0.23099722125871733,0.08379777643967679,2,44
pooled_attention_only,315,73,98,70,0.6122448979591837,0.5839233652644731,0.2509870836386177,0.15352641491286906,3,45
pooled_attention_only,315,73,98,70,0.5408163265306123,0.5664306538942108,0.2629135509469802,0.1233821277468725,4,46
