feature_group,train_rows,val_rows,test_rows,n_features,accuracy,roc_auc,brier_score,ece,repeat_idx,seed
token_only,315,73,98,7,0.6020408163265306,0.668054977092878,0.23270758143498893,0.09959000026714472,0,42
token_only,315,73,98,7,0.6326530612244898,0.6705539358600583,0.22698471429713704,0.0928639049541087,1,43
token_only,315,73,98,7,0.6530612244897959,0.770512286547272,0.20096243693284674,0.09126376302828451,2,44
token_only,315,73,98,7,0.5816326530612245,0.6401499375260308,0.24568265178278187,0.11273113702915663,3,45
token_only,315,73,98,7,0.6530612244897959,0.663890045814244,0.23539887747322483,0.11647421762930275,4,46
