feature_group,train_rows,val_rows,test_rows,n_features,accuracy,roc_auc,brier_score,ece,repeat_idx,seed
full_small_combined,315,73,98,94,0.7142857142857143,0.7505206164098293,0.20477333364480352,0.08900636094798323,0,42
full_small_combined,315,73,98,94,0.6326530612244898,0.6980424822990421,0.2188002728018552,0.04994972044592576,1,43
full_small_combined,315,73,98,94,0.7244897959183674,0.7809246147438567,0.1914396612837196,0.08104416874386222,2,44
full_small_combined,315,73,98,94,0.5714285714285714,0.644731361932528,0.2446705302047653,0.16084578105169084,3,45
full_small_combined,315,73,98,94,0.5714285714285714,0.624323198667222,0.23644444574319176,0.0768140214300236,4,46
