threshold,covered,coverage,selective_accuracy,avg_confidence_of_accepted
0.1,486,1.0,0.49794238683127573,0.4850281172848616
0.15,485,0.9979423868312757,0.49896907216494846,0.48573512977179145
0.2,478,0.9835390946502057,0.502092050209205,0.4901397316411436
0.25,469,0.9650205761316872,0.5053304904051172,0.4952202543993314
0.3,452,0.9300411522633745,0.5110619469026548,0.503457563265361
0.35,411,0.845679012345679,0.5328467153284672,0.521343122350091
0.4,362,0.7448559670781894,0.5414364640883977,0.5409262282149252
0.45,303,0.6234567901234568,0.5742574257425742,0.5630785504034969
