threshold,covered,coverage,selective_accuracy,avg_confidence_of_accepted
0.1,486,1.0,0.49794238683127573,0.4865761776063494
0.15,486,1.0,0.49794238683127573,0.4865761776063494
0.2,481,0.9897119341563786,0.498960498960499,0.48981973642216664
0.25,458,0.9423868312757202,0.5087336244541485,0.5027270763378013
0.3,433,0.8909465020576132,0.5334872979214781,0.5159412138671523
0.35,387,0.7962962962962963,0.5607235142118863,0.5384318263804311
0.4,334,0.6872427983539094,0.5898203592814372,0.5645056945138069
0.45,273,0.5617283950617284,0.608058608058608,0.5952264668736776
