threshold,covered,coverage,selective_accuracy,avg_confidence_of_accepted
0.1,486,1.0,0.49794238683127573,0.4819951037677774
0.15,485,0.9979423868312757,0.49690721649484537,0.4826854399106749
0.2,482,0.9917695473251029,0.5,0.484551331930333
0.25,468,0.9629629629629629,0.5085470085470085,0.4921250615588835
0.3,452,0.9300411522633745,0.5154867256637168,0.4996994397157206
0.35,417,0.8580246913580247,0.5227817745803357,0.5146275213321271
0.4,356,0.7325102880658436,0.547752808988764,0.5385060361775664
0.45,304,0.6255144032921811,0.5625,0.5574021473123301
