target_coverage,actual_coverage,covered,threshold_used,selective_accuracy,avg_confidence_of_accepted
0.1,0.10082304526748971,49,0.6854397946246731,0.7551020408163265,0.7435249582571685
0.2,0.19958847736625515,97,0.6219466305251142,0.7422680412371134,0.6965186209623813
0.3,0.3004115226337449,146,0.5746834503631383,0.6917808219178082,0.6638429640873184
0.4,0.3991769547325103,194,0.5349920025105469,0.6597938144329897,0.6364207448536043
0.5,0.5,243,0.48802057872968196,0.6213991769547325,0.6106935434518318
0.6,0.6008230452674898,292,0.43646719031303033,0.5958904109589042,0.5853026645130541
0.7,0.6995884773662552,340,0.39344968225863447,0.5911764705882353,0.5615216799559978
0.8,0.8004115226337448,389,0.3492762196026703,0.5604113110539846,0.5374608390845163
0.9,0.8991769547325102,437,0.29594334541268275,0.528604118993135,0.5139373884082418
