target_coverage,actual_coverage,covered,threshold_used,selective_accuracy,avg_confidence_of_accepted
0.1,0.10082304526748971,49,0.6310663996746699,0.7551020408163265,0.6896598678470947
0.2,0.19958847736625515,97,0.5834400364945478,0.7731958762886598,0.6475964732657581
0.3,0.3004115226337449,146,0.5526354580769516,0.6712328767123288,0.6207917360284232
0.4,0.3991769547325103,194,0.5155791338187237,0.634020618556701,0.5986438280276831
0.5,0.5,243,0.4882848603039763,0.5925925925925926,0.5792131737043886
0.6,0.6008230452674898,292,0.4586078202370999,0.5684931506849316,0.5616125971832328
0.7,0.6995884773662552,340,0.4193891168365046,0.5617647058823529,0.5445530067633586
0.8,0.8004115226337448,389,0.3765265507792677,0.5398457583547558,0.5256597751849382
0.9,0.8991769547325102,437,0.3183258493673714,0.5194508009153318,0.506214153601794
