target_coverage,actual_coverage,covered,threshold_used,selective_accuracy,avg_confidence_of_accepted
0.1,0.10082304526748971,49,0.6380966089837805,0.6326530612244898,0.6989365648496957
0.2,0.19958847736625515,97,0.5938490818989375,0.6288659793814433,0.6571498301197319
0.3,0.3004115226337449,146,0.5483114584813396,0.6232876712328768,0.6278126783985127
0.4,0.3991769547325103,194,0.5236796307212574,0.6185567010309279,0.6054097912325935
0.5,0.5,243,0.4892459061773076,0.5967078189300411,0.5857205098958252
0.6,0.6008230452674898,292,0.45928461961896583,0.5856164383561644,0.5671169290303871
0.7,0.6995884773662552,340,0.422196256488322,0.5588235294117647,0.5492798998201329
0.8,0.8004115226337448,389,0.37534621891050035,0.5424164524421594,0.5303851439875517
0.9,0.8991769547325102,437,0.3189305952512019,0.5194508009153318,0.5101662681137662
