threshold,covered,coverage,selective_accuracy,avg_confidence_of_accepted
0.1,486,1.0,0.49794238683127573,0.4882843156664298
0.15,485,0.9979423868312757,0.49690721649484537,0.48901760753382084
0.2,484,0.9958847736625515,0.49793388429752067,0.48962349504573927
0.25,467,0.9609053497942387,0.4989293361884368,0.4991542689986752
0.3,437,0.8991769547325102,0.5148741418764302,0.514532074311837
0.35,394,0.8106995884773662,0.5482233502538071,0.5351540871580414
0.4,339,0.6975308641975309,0.5752212389380531,0.5610367596522354
0.45,282,0.5802469135802469,0.6099290780141844,0.5872951930473617
