target_coverage,actual_coverage,covered,threshold_used,selective_accuracy,avg_confidence_of_accepted
0.1,0.10082304526748971,49,0.6841699808901097,0.8163265306122449,0.7557341885300716
0.2,0.19958847736625515,97,0.6367472832462693,0.7010309278350515,0.7035686763201066
0.3,0.3004115226337449,146,0.586712750553793,0.636986301369863,0.6730685746197168
0.4,0.3991769547325103,194,0.49235695758546477,0.634020618556701,0.6392351732325745
0.5,0.5,243,0.47135503590274197,0.6049382716049383,0.607425829619089
0.6,0.6008230452674898,292,0.44597707409029624,0.6027397260273972,0.5825261605878103
0.7,0.6995884773662552,340,0.3998965308545121,0.5735294117647058,0.5605628178028303
0.8,0.8004115226337448,389,0.3577302328966634,0.5552699228791774,0.537490958415288
0.9,0.8991769547325102,437,0.30159462084723415,0.5148741418764302,0.514532074311837
