y_true,y_prob,y_pred
1,0.720588001209508,1
1,0.7820882829748332,1
1,0.6762000966872637,1
1,0.6238947241450796,1
0,0.6315636978643955,1
0,0.8575113456458944,1
0,0.7655940113130544,1
1,0.6787734250086631,1
0,0.6232822387123829,1
0,0.6322176903032914,1
0,0.7466282671177985,1
1,0.6020595018269215,1
0,0.5722759638529719,1
1,0.6645644073421048,1
0,0.6502178556973013,1
1,0.683449102226322,1
1,0.5721839247779187,1
1,0.6714064158405083,1
1,0.6150296758002182,1
1,0.7547990253288132,1
