y_true,y_prob,y_pred
1,0.7207622024900232,1
1,0.7422977954103287,1
1,0.48755458339327545,0
1,0.7352411372510029,1
0,0.5687799294767157,1
0,0.7564866838338921,1
0,0.5541747565306676,1
1,0.5956737129823289,1
0,0.5362649646004077,1
0,0.3714373564366636,0
0,0.4775929720146244,0
1,0.5840754954872619,1
0,0.6303545033056465,1
1,0.5695963574060904,1
0,0.6474312569220215,1
1,0.6044490146202702,1
1,0.5299954071249221,1
1,0.6903975325046418,1
1,0.5676222082368826,1
1,0.6472268126534118,1
