y_true,y_prob,y_pred
1,0.8822305969813266,1
1,0.6810889071496192,1
1,0.44441172693487424,0
1,0.8380388870664581,1
0,0.6976159427647901,1
0,0.6098102389470652,1
0,0.5710430757939449,1
1,0.610773526520513,1
0,0.5461405461963439,1
0,0.5278066080407202,1
0,0.6902873229963905,1
1,0.6502155451167428,1
0,0.6440737488633155,1
1,0.47512858425852256,0
0,0.6466510300083833,1
1,0.476533186385819,0
1,0.5563345420125453,1
1,0.7801793030642236,1
1,0.11001484557421704,0
1,0.5839507119426893,1
