y_true,y_prob,y_pred
1,0.8993310843685942,1
1,0.8713499542322549,1
1,0.4097215527368954,0
1,0.8329935231474237,1
0,0.45820254204960736,0
0,0.5944850923841031,1
0,0.23789685221840903,0
1,0.729492506753492,1
0,0.278627537011037,0
0,0.26811980799126234,0
0,0.39187429585336947,0
1,0.5341806267006948,1
0,0.3104531789009926,0
1,0.5377386311885252,1
0,0.7761407534621599,1
1,0.38296795790974797,0
1,0.45217011051831046,0
1,0.668643677961562,1
1,0.19041683415382782,0
1,0.7073380217123071,1
