y_true,y_prob,y_pred
1,0.673830248558616,1
1,0.7363496382915391,1
1,0.5437187701014882,1
1,0.6382105160549002,1
0,0.46918708533022985,0
0,0.48169871727499997,0
0,0.44378037847302304,0
1,0.6311429906318273,1
0,0.42874585692392037,0
0,0.5047056735992653,1
0,0.5364810918109564,1
1,0.5009544501629133,1
0,0.37106191549158213,0
1,0.5250925772988001,1
0,0.6490724310326831,1
1,0.45829340142121544,0
1,0.5654653564850003,1
1,0.4190443716988074,0
1,0.4229982680122754,0
1,0.6145163980076398,1
