bin_left,bin_right,count,mean_confidence,empirical_accuracy
0.0,0.1,0,,
0.1,0.2,0,,
0.2,0.30000000000000004,0,,
0.30000000000000004,0.4,0,,
0.4,0.5,0,,
0.5,0.6000000000000001,2,0.5722299443154453,0.5
0.6000000000000001,0.7000000000000001,12,0.6460549026212044,0.6666666666666666
0.7000000000000001,0.8,5,0.7539395175888014,0.6
0.8,0.9,1,0.8575113456458944,0.0
0.9,1.0,0,,
