bin_left,bin_right,count,mean_confidence,empirical_accuracy
0.0,0.1,0,,
0.1,0.2,0,,
0.2,0.30000000000000004,0,,
0.30000000000000004,0.4,1,0.37106191549158213,0.0
0.4,0.5,7,0.44624972559063875,0.42857142857142855
0.5,0.6000000000000001,6,0.5294029865764039,0.6666666666666666
0.6000000000000001,0.7000000000000001,5,0.6413545168571333,0.8
0.7000000000000001,0.8,1,0.7363496382915391,1.0
0.8,0.9,0,,
0.9,1.0,0,,
