bin_left,bin_right,count,mean_confidence,empirical_accuracy
0.0,0.1,0,,
0.1,0.2,1,0.19041683415382782,1.0
0.2,0.30000000000000004,3,0.2615480657402361,0.0
0.30000000000000004,0.4,3,0.36176514422137,0.3333333333333333
0.4,0.5,3,0.4400314017682711,0.6666666666666666
0.5,0.6000000000000001,3,0.5554681167577743,0.6666666666666666
0.6000000000000001,0.7000000000000001,1,0.668643677961562,1.0
0.7000000000000001,0.8,3,0.7376570939759862,0.6666666666666666
0.8,0.9,3,0.8678915205827575,1.0
0.9,1.0,0,,
