bin_left,bin_right,count,mean_confidence,empirical_accuracy
0.0,0.1,0,,
0.1,0.2,1,0.11001484557421704,1.0
0.2,0.30000000000000004,0,,
0.30000000000000004,0.4,0,,
0.4,0.5,3,0.46535783252640534,1.0
0.5,0.6000000000000001,5,0.5570550967972487,0.4
0.6000000000000001,0.7000000000000001,8,0.6538145327958524,0.375
0.7000000000000001,0.8,1,0.7801793030642236,1.0
0.8,0.9,2,0.8601347420238923,1.0
0.9,1.0,0,,
