bin_left,bin_right,count,mean_confidence,empirical_accuracy
0.0,0.1,0,,
0.1,0.2,0,,
0.2,0.30000000000000004,0,,
0.30000000000000004,0.4,1,0.3714373564366636,0.0
0.4,0.5,2,0.48257377770394994,0.5
0.5,0.6000000000000001,8,0.5632728539806596,0.625
0.6000000000000001,0.7000000000000001,5,0.6439718240011982,0.6
0.7000000000000001,0.8,4,0.7386969547463117,0.75
0.8,0.9,0,,
0.9,1.0,0,,
