threshold,covered,coverage,selective_accuracy
0.5,20,1.0,0.6
0.55,20,1.0,0.6
0.6,18,0.9,0.6111111111111112
0.65,12,0.6,0.6666666666666666
0.7,6,0.3,0.5
0.75,4,0.2,0.5
0.8,1,0.05,0.0
0.85,1,0.05,0.0
0.9,0,0.0,
