threshold,covered,coverage,selective_accuracy
0.5,12,0.6,0.75
0.55,7,0.35,0.8571428571428571
0.6,6,0.3,0.8333333333333334
0.65,2,0.1,1.0
0.7,1,0.05,1.0
0.75,0,0.0,
0.8,0,0.0,
0.85,0,0.0,
0.9,0,0.0,
