threshold,covered,coverage,selective_accuracy
0.5,17,0.85,0.6470588235294118
0.55,15,0.75,0.6666666666666666
0.6,9,0.45,0.6666666666666666
0.65,5,0.25,0.8
0.7,4,0.2,0.75
0.75,1,0.05,0.0
0.8,0,0.0,
0.85,0,0.0,
0.9,0,0.0,
