threshold,covered,coverage,selective_accuracy
0.5,16,0.8,0.5
0.55,14,0.7,0.5714285714285714
0.6,11,0.55,0.5454545454545454
0.65,7,0.35,0.7142857142857143
0.7,3,0.15,1.0
0.75,3,0.15,1.0
0.8,2,0.1,1.0
0.85,1,0.05,1.0
0.9,0,0.0,
