threshold,covered,coverage,selective_accuracy
0.5,10,0.5,0.8
0.55,8,0.4,0.75
0.6,7,0.35,0.8571428571428571
0.65,7,0.35,0.8571428571428571
0.7,6,0.3,0.8333333333333334
0.75,4,0.2,0.75
0.8,3,0.15,1.0
0.85,2,0.1,1.0
0.9,0,0.0,
