bin_left,bin_right,count,mean_confidence,empirical_accuracy
0.0,0.1,0,,
0.1,0.2,2,0.1887659781610057,0.0
0.2,0.30000000000000004,45,0.27028930637704845,0.17777777777777778
0.30000000000000004,0.4,187,0.35854539073087516,0.34759358288770054
0.4,0.5,233,0.4396244480884525,0.3648068669527897
0.5,0.6000000000000001,33,0.5280275468337924,0.3939393939393939
0.6000000000000001,0.7000000000000001,0,,
0.7000000000000001,0.8,0,,
0.8,0.9,0,,
0.9,1.0,0,,
