target_coverage,actual_coverage,covered,threshold_used,selective_accuracy,avg_confidence_of_accepted
0.1,0.1,50,0.48372471595320005,0.4,0.5156016762932389
0.2,0.2,100,0.45473368177356105,0.42,0.4911465605399104
0.3,0.3,150,0.43683698503055246,0.4066666666666667,0.4757588875352995
0.4,0.4,200,0.4207534186652555,0.37,0.46416039707838386
0.5,0.5,250,0.4043337840290936,0.372,0.45369902343074964
0.6,0.6,300,0.3865493496167773,0.35333333333333333,0.44409822236272295
0.7,0.7,350,0.36783616158236165,0.36,0.43450744239650685
0.8,0.8,400,0.341661994334165,0.3625,0.42472330906491945
0.9,0.9,450,0.3035657504618584,0.36,0.4133413638481326
