threshold,covered,coverage,selective_accuracy,avg_confidence_of_accepted
0.1,500,1.0,0.342,0.39889188852017493
0.15,500,1.0,0.342,0.39889188852017493
0.2,498,0.996,0.3433734939759036,0.39973576767824387
0.25,488,0.976,0.3442622950819672,0.40309492176910405
0.3,453,0.906,0.3598233995584989,0.41259468767505125
0.35,386,0.772,0.3626943005181347,0.42760270530378536
0.4,266,0.532,0.3684210526315789,0.45059174981249844
0.45,108,0.216,0.4074074074074074,0.4882553299816618
