threshold,covered,coverage,selective_accuracy,avg_confidence_of_accepted
0.1,497,0.994,0.3440643863179074,0.39989128894115716
0.15,483,0.966,0.35403726708074534,0.4079341872510807
0.2,453,0.906,0.36423841059602646,0.42323746884364444
0.25,415,0.83,0.3759036144578313,0.4411234868116671
0.3,369,0.738,0.39295392953929537,0.46187228027087396
0.35,316,0.632,0.4272151898734177,0.48438560128791097
0.4,255,0.51,0.4627450980392157,0.5104866432951236
0.45,189,0.378,0.5291005291005291,0.5406687694277593
