target_coverage,actual_coverage,covered,threshold_used,selective_accuracy,avg_confidence_of_accepted
0.1,0.1,50,0.5756860099739274,0.58,0.6368408502893579
0.2,0.2,100,0.5233304539708122,0.54,0.5919484027504278
0.3,0.3,150,0.47609644917046645,0.5333333333333333,0.5607909211406116
0.4,0.4,200,0.44051096505867143,0.525,0.5353671526614625
0.5,0.5,250,0.4033234241882658,0.464,0.5126692816500789
0.6,0.6,300,0.36228982588858044,0.44,0.49125204441863485
0.7,0.7,350,0.3226263537678775,0.40285714285714286,0.469987417535393
0.8,0.8,400,0.2683615857438106,0.385,0.4479327565854138
0.9,0.9,450,0.20856484373056616,0.36444444444444446,0.4247065603504685
