episode_id,split,family,partition
cstr_train_00000,train,outlet_block,train
cstr_train_00001,train,fouling,train
cstr_train_00002,train,pump_degrade,train
cstr_train_00003,train,cool_stuck_closed,train
cstr_train_00004,train,outlet_block,train
cstr_train_00005,train,fouling,train
cstr_train_00006,train,pump_degrade,train
cstr_train_00007,train,pump_degrade,train
cstr_train_00008,train,cool_stuck_closed,train
cstr_train_00009,train,outlet_block,train
cstr_train_00010,train,fouling,train
cstr_train_00011,train,pump_degrade,train
cstr_train_00012,train,pump_degrade,train
cstr_train_00013,train,outlet_block,train
cstr_train_00014,train,pump_degrade,train
cstr_train_00015,train,outlet_block,train
cstr_train_00016,train,cool_stuck_closed,train
cstr_train_00017,train,outlet_block,train
cstr_train_00018,train,fouling,train
cstr_train_00019,train,fouling,train
cstr_train_00020,train,pump_degrade,train
cstr_train_00021,train,fouling,train
cstr_train_00022,train,cool_stuck_closed,train
cstr_train_00023,train,outlet_block,train
cstr_train_00024,train,fouling,train
cstr_train_00025,train,pump_degrade,train
cstr_train_00026,train,pump_degrade,train
cstr_train_00027,train,outlet_block,train
cstr_train_00028,train,outlet_block,train
cstr_train_00029,train,outlet_block,train
cstr_train_00030,train,pump_degrade,train
cstr_train_00031,train,pump_degrade,train
cstr_train_00032,train,fouling,train
cstr_train_00033,train,cool_stuck_closed,train
cstr_train_00034,train,cool_stuck_closed,train
cstr_train_00035,train,cool_stuck_closed,train
cstr_train_00036,train,pump_degrade,train
cstr_train_00037,train,fouling,train
cstr_train_00038,train,pump_degrade,train
cstr_train_00039,train,outlet_block,train
cstr_train_00040,train,fouling,train
cstr_train_00041,train,fouling,train
cstr_train_00042,train,pump_degrade,train
cstr_train_00043,train,fouling,train
cstr_train_00044,train,fouling,train
cstr_train_00045,train,pump_degrade,train
cstr_train_00046,train,fouling,train
cstr_train_00047,train,cool_stuck_closed,train
cstr_train_00048,train,outlet_block,train
cstr_train_00049,train,cool_stuck_closed,train
cstr_train_00050,train,cool_stuck_closed,train
cstr_train_00051,train,outlet_block,train
cstr_train_00052,train,fouling,train
cstr_train_00053,train,outlet_block,train
cstr_train_00054,train,outlet_block,train
cstr_train_00055,train,outlet_block,train
cstr_train_00056,train,outlet_block,train
cstr_train_00057,train,fouling,train
cstr_train_00058,train,outlet_block,train
cstr_train_00059,train,fouling,train
cstr_train_00060,train,pump_degrade,train
cstr_train_00061,train,cool_stuck_closed,train
cstr_train_00062,train,pump_degrade,train
cstr_train_00063,train,fouling,train
cstr_train_00064,train,outlet_block,train
cstr_train_00065,train,outlet_block,train
cstr_train_00066,train,pump_degrade,train
cstr_train_00067,train,cool_stuck_closed,train
cstr_train_00068,train,pump_degrade,train
cstr_train_00069,train,cool_stuck_closed,train
cstr_train_00070,train,fouling,train
cstr_train_00071,train,outlet_block,train
cstr_train_00072,train,fouling,train
cstr_train_00073,train,pump_degrade,train
cstr_train_00074,train,outlet_block,train
cstr_train_00075,train,cool_stuck_closed,train
cstr_train_00076,train,cool_stuck_closed,train
cstr_train_00077,train,fouling,train
cstr_train_00078,train,fouling,train
cstr_train_00079,train,outlet_block,train
cstr_train_00080,train,outlet_block,train
cstr_train_00081,train,pump_degrade,train
cstr_train_00082,train,outlet_block,train
cstr_train_00083,train,cool_stuck_closed,train
cstr_train_00084,train,fouling,train
cstr_train_00085,train,fouling,train
cstr_train_00086,train,cool_stuck_closed,train
cstr_train_00087,train,pump_degrade,train
cstr_train_00088,train,outlet_block,train
cstr_train_00089,train,cool_stuck_closed,train
cstr_train_00090,train,outlet_block,train
cstr_train_00091,train,outlet_block,train
cstr_train_00092,train,cool_stuck_closed,train
cstr_train_00093,train,pump_degrade,train
cstr_train_00094,train,cool_stuck_closed,train
cstr_train_00095,train,fouling,train
cstr_train_00096,train,fouling,train
cstr_train_00097,train,cool_stuck_closed,train
cstr_train_00098,train,pump_degrade,train
cstr_train_00099,train,fouling,train
cstr_train_00100,train,cool_stuck_closed,train
cstr_train_00101,train,pump_degrade,train
cstr_train_00102,train,cool_stuck_closed,train
cstr_train_00103,train,cool_stuck_closed,train
cstr_train_00104,train,fouling,train
cstr_train_00105,train,outlet_block,train
cstr_train_00106,train,fouling,train
cstr_train_00107,train,cool_stuck_closed,train
cstr_train_00108,train,fouling,train
cstr_train_00109,train,pump_degrade,train
cstr_train_00110,train,fouling,train
cstr_train_00111,train,fouling,train
cstr_train_00112,train,outlet_block,train
cstr_train_00113,train,outlet_block,train
cstr_train_00114,train,outlet_block,train
cstr_train_00115,train,outlet_block,train
cstr_train_00116,train,fouling,train
cstr_train_00117,train,outlet_block,train
cstr_train_00118,train,pump_degrade,train
cstr_train_00119,train,cool_stuck_closed,train
cstr_train_00120,train,fouling,train
cstr_train_00121,train,outlet_block,train
cstr_train_00122,train,pump_degrade,train
cstr_train_00123,train,fouling,train
cstr_train_00124,train,fouling,train
cstr_train_00125,train,outlet_block,train
cstr_train_00126,train,cool_stuck_closed,train
cstr_train_00127,train,fouling,train
cstr_train_00128,train,fouling,train
cstr_train_00129,train,outlet_block,train
cstr_train_00130,train,outlet_block,train
cstr_train_00131,train,outlet_block,train
cstr_train_00132,train,pump_degrade,train
cstr_train_00133,train,outlet_block,train
cstr_train_00134,train,cool_stuck_closed,train
cstr_train_00135,train,cool_stuck_closed,train
cstr_train_00136,train,outlet_block,train
cstr_train_00137,train,outlet_block,train
cstr_train_00138,train,outlet_block,train
cstr_train_00139,train,cool_stuck_closed,train
cstr_train_00140,train,outlet_block,train
cstr_train_00141,train,fouling,train
cstr_train_00142,train,pump_degrade,train
cstr_train_00143,train,cool_stuck_closed,train
cstr_train_00144,train,outlet_block,train
cstr_train_00145,train,cool_stuck_closed,train
cstr_train_00146,train,fouling,train
cstr_train_00147,train,pump_degrade,train
cstr_train_00148,train,pump_degrade,train
cstr_train_00149,train,cool_stuck_closed,train
cstr_train_00150,train,pump_degrade,train
cstr_train_00151,train,outlet_block,train
cstr_train_00152,train,pump_degrade,train
cstr_train_00153,train,outlet_block,train
cstr_train_00154,train,fouling,train
cstr_train_00155,train,fouling,train
cstr_train_00156,train,pump_degrade,train
cstr_train_00157,train,pump_degrade,train
cstr_train_00158,train,fouling,train
cstr_train_00159,train,cool_stuck_closed,train
cstr_train_00160,train,cool_stuck_closed,train
cstr_train_00161,train,cool_stuck_closed,train
cstr_train_00162,train,fouling,train
cstr_train_00163,train,outlet_block,train
cstr_train_00164,train,cool_stuck_closed,train
cstr_train_00165,train,outlet_block,train
cstr_train_00166,train,cool_stuck_closed,train
cstr_train_00167,train,outlet_block,train
cstr_train_00168,train,pump_degrade,train
cstr_train_00169,train,pump_degrade,train
cstr_train_00170,train,outlet_block,train
cstr_train_00171,train,outlet_block,train
cstr_train_00172,train,fouling,train
cstr_train_00173,train,cool_stuck_closed,train
cstr_train_00174,train,fouling,train
cstr_train_00175,train,pump_degrade,train
cstr_train_00176,train,fouling,train
cstr_train_00177,train,outlet_block,train
cstr_train_00178,train,cool_stuck_closed,train
cstr_train_00179,train,outlet_block,train
cstr_train_00180,train,fouling,train
cstr_train_00181,train,cool_stuck_closed,train
cstr_train_00182,train,fouling,train
cstr_train_00183,train,fouling,train
cstr_train_00184,train,fouling,train
cstr_train_00185,train,fouling,train
cstr_train_00186,train,pump_degrade,train
cstr_train_00187,train,pump_degrade,train
cstr_train_00188,train,fouling,train
cstr_train_00189,train,fouling,train
cstr_train_00190,train,cool_stuck_closed,train
cstr_train_00191,train,cool_stuck_closed,train
cstr_train_00192,train,cool_stuck_closed,train
cstr_train_00193,train,fouling,train
cstr_train_00194,train,outlet_block,train
cstr_train_00195,train,outlet_block,train
cstr_train_00196,train,fouling,train
cstr_train_00197,train,fouling,train
cstr_train_00198,train,cool_stuck_closed,train
cstr_train_00199,train,cool_stuck_closed,train
cstr_train_00200,train,pump_degrade,train
cstr_train_00201,train,fouling,train
cstr_train_00202,train,cool_stuck_closed,train
cstr_train_00203,train,outlet_block,train
cstr_train_00204,train,cool_stuck_closed,train
cstr_train_00205,train,outlet_block,train
cstr_train_00206,train,pump_degrade,train
cstr_train_00207,train,cool_stuck_closed,train
cstr_train_00208,train,pump_degrade,train
cstr_train_00209,train,outlet_block,train
cstr_train_00210,train,fouling,train
cstr_train_00211,train,pump_degrade,train
cstr_train_00212,train,pump_degrade,train
cstr_train_00213,train,fouling,train
cstr_train_00214,train,outlet_block,train
cstr_train_00215,train,pump_degrade,train
cstr_train_00216,train,pump_degrade,train
cstr_train_00217,train,cool_stuck_closed,train
cstr_train_00218,train,cool_stuck_closed,train
cstr_train_00219,train,outlet_block,train
cstr_train_00220,train,outlet_block,train
cstr_train_00221,train,outlet_block,train
cstr_train_00222,train,cool_stuck_closed,train
cstr_train_00223,train,outlet_block,train
cstr_train_00224,train,pump_degrade,train
cstr_train_00225,train,fouling,train
cstr_train_00226,train,cool_stuck_closed,train
cstr_train_00227,train,fouling,train
cstr_train_00228,train,outlet_block,train
cstr_train_00229,train,fouling,train
cstr_train_00230,train,outlet_block,train
cstr_train_00231,train,pump_degrade,train
cstr_train_00232,train,outlet_block,train
cstr_train_00233,train,pump_degrade,train
cstr_train_00234,train,fouling,train
cstr_train_00235,train,pump_degrade,train
cstr_train_00236,train,outlet_block,train
cstr_train_00237,train,cool_stuck_closed,train
cstr_train_00238,train,cool_stuck_closed,train
cstr_train_00239,train,outlet_block,train
cstr_train_00240,train,outlet_block,train
cstr_train_00241,train,fouling,train
cstr_train_00242,train,pump_degrade,train
cstr_train_00243,train,fouling,train
cstr_train_00244,train,cool_stuck_closed,train
cstr_train_00245,train,pump_degrade,train
cstr_train_00246,train,cool_stuck_closed,train
cstr_train_00247,train,outlet_block,train
cstr_train_00248,train,cool_stuck_closed,train
cstr_train_00249,train,cool_stuck_closed,train
cstr_train_00250,train,fouling,train
cstr_train_00251,train,outlet_block,train
cstr_train_00252,train,cool_stuck_closed,train
cstr_train_00253,train,cool_stuck_closed,train
cstr_train_00254,train,fouling,train
cstr_train_00255,train,pump_degrade,train
cstr_train_00256,train,outlet_block,train
cstr_train_00257,train,cool_stuck_closed,train
cstr_train_00258,train,cool_stuck_closed,train
cstr_train_00259,train,fouling,train
cstr_train_00260,train,pump_degrade,train
cstr_train_00261,train,fouling,train
cstr_train_00262,train,cool_stuck_closed,train
cstr_train_00263,train,outlet_block,train
cstr_train_00264,train,fouling,train
cstr_train_00265,train,pump_degrade,train
cstr_train_00266,train,fouling,train
cstr_train_00267,train,cool_stuck_closed,train
cstr_train_00268,train,outlet_block,train
cstr_train_00269,train,fouling,train
cstr_train_00270,train,outlet_block,train
cstr_train_00271,train,pump_degrade,train
cstr_train_00272,train,cool_stuck_closed,train
cstr_train_00273,train,pump_degrade,train
cstr_train_00274,train,cool_stuck_closed,train
cstr_train_00275,train,fouling,train
cstr_train_00276,train,outlet_block,train
cstr_train_00277,train,outlet_block,train
cstr_train_00278,train,cool_stuck_closed,train
cstr_train_00279,train,fouling,train
cstr_train_00280,train,outlet_block,train
cstr_train_00281,train,fouling,train
cstr_train_00282,train,fouling,train
cstr_train_00283,train,outlet_block,train
cstr_train_00284,train,fouling,train
cstr_train_00285,train,pump_degrade,train
cstr_train_00286,train,cool_stuck_closed,train
cstr_train_00287,train,outlet_block,train
cstr_train_00288,train,fouling,train
cstr_train_00289,train,cool_stuck_closed,train
cstr_train_00290,train,cool_stuck_closed,train
cstr_train_00291,train,pump_degrade,train
cstr_train_00292,train,cool_stuck_closed,train
cstr_train_00293,train,outlet_block,train
cstr_train_00294,train,fouling,train
cstr_train_00295,train,fouling,train
cstr_train_00296,train,fouling,train
cstr_train_00297,train,pump_degrade,train
cstr_train_00298,train,fouling,train
cstr_train_00299,train,fouling,train
cstr_train_00300,train,cool_stuck_closed,train
cstr_train_00301,train,fouling,train
cstr_train_00302,train,fouling,train
cstr_train_00303,train,pump_degrade,train
cstr_train_00304,train,cool_stuck_closed,train
cstr_train_00305,train,pump_degrade,train
cstr_train_00306,train,cool_stuck_closed,train
cstr_train_00307,train,fouling,train
cstr_train_00308,train,pump_degrade,train
cstr_train_00309,train,pump_degrade,train
cstr_train_00310,train,fouling,train
cstr_train_00311,train,pump_degrade,train
cstr_train_00312,train,cool_stuck_closed,train
cstr_train_00313,train,pump_degrade,train
cstr_train_00314,train,pump_degrade,train
cstr_train_00315,train,pump_degrade,train
cstr_train_00316,train,outlet_block,train
cstr_train_00317,train,fouling,train
cstr_train_00318,train,cool_stuck_closed,train
cstr_train_00319,train,fouling,train
cstr_train_00320,train,outlet_block,train
cstr_train_00321,train,pump_degrade,train
cstr_train_00322,train,cool_stuck_closed,train
cstr_train_00323,train,fouling,train
cstr_train_00324,train,cool_stuck_closed,train
cstr_train_00325,train,cool_stuck_closed,train
cstr_train_00326,train,outlet_block,train
cstr_train_00327,train,pump_degrade,train
cstr_train_00328,train,fouling,train
cstr_train_00329,train,outlet_block,train
cstr_train_00330,train,cool_stuck_closed,train
cstr_train_00331,train,pump_degrade,train
cstr_train_00332,train,fouling,train
cstr_train_00333,train,cool_stuck_closed,train
cstr_train_00334,train,outlet_block,train
cstr_train_00335,train,pump_degrade,train
cstr_train_00336,train,outlet_block,train
cstr_train_00337,train,cool_stuck_closed,train
cstr_train_00338,train,pump_degrade,train
cstr_train_00339,train,fouling,train
cstr_train_00340,train,pump_degrade,train
cstr_train_00341,train,outlet_block,train
cstr_train_00342,train,pump_degrade,train
cstr_train_00343,train,outlet_block,train
cstr_train_00344,train,fouling,train
cstr_train_00345,train,cool_stuck_closed,train
cstr_train_00346,train,outlet_block,train
cstr_train_00347,train,outlet_block,train
cstr_train_00348,train,fouling,train
cstr_train_00349,train,pump_degrade,train
cstr_train_00350,train,outlet_block,train
cstr_train_00351,train,fouling,train
cstr_train_00352,train,fouling,train
cstr_train_00353,train,outlet_block,train
cstr_train_00354,train,outlet_block,train
cstr_train_00355,train,cool_stuck_closed,train
cstr_train_00356,train,outlet_block,train
cstr_train_00357,train,fouling,train
cstr_train_00358,train,fouling,train
cstr_train_00359,train,fouling,train
cstr_train_00360,train,cool_stuck_closed,train
cstr_train_00361,train,pump_degrade,train
cstr_train_00362,train,fouling,train
cstr_train_00363,train,cool_stuck_closed,train
cstr_train_00364,train,fouling,train
cstr_train_00365,train,fouling,train
cstr_train_00366,train,pump_degrade,train
cstr_train_00367,train,outlet_block,train
cstr_train_00368,train,outlet_block,train
cstr_train_00369,train,pump_degrade,train
cstr_train_00370,train,outlet_block,train
cstr_train_00371,train,fouling,train
cstr_train_00372,train,pump_degrade,train
cstr_train_00373,train,cool_stuck_closed,train
cstr_train_00374,train,outlet_block,train
cstr_train_00375,train,fouling,train
cstr_train_00376,train,pump_degrade,train
cstr_train_00377,train,cool_stuck_closed,train
cstr_train_00378,train,cool_stuck_closed,train
cstr_train_00379,train,outlet_block,train
cstr_train_00380,train,pump_degrade,train
cstr_train_00381,train,fouling,train
cstr_train_00382,train,fouling,train
cstr_train_00383,train,outlet_block,train
cstr_train_00384,train,cool_stuck_closed,train
cstr_train_00385,train,fouling,train
cstr_train_00386,train,cool_stuck_closed,train
cstr_train_00387,train,cool_stuck_closed,train
cstr_train_00388,train,fouling,train
cstr_train_00389,train,cool_stuck_closed,train
cstr_train_00390,train,cool_stuck_closed,train
cstr_train_00391,train,outlet_block,train
cstr_train_00392,train,cool_stuck_closed,train
cstr_train_00393,train,fouling,train
cstr_train_00394,train,fouling,train
cstr_train_00395,train,cool_stuck_closed,train
cstr_train_00396,train,cool_stuck_closed,train
cstr_train_00397,train,outlet_block,train
cstr_train_00398,train,outlet_block,train
cstr_train_00399,train,outlet_block,train
cstr_train_00400,train,cool_stuck_closed,train
cstr_train_00401,train,outlet_block,train
cstr_train_00402,train,outlet_block,train
cstr_train_00403,train,cool_stuck_closed,train
cstr_train_00404,train,outlet_block,train
cstr_train_00405,train,cool_stuck_closed,train
cstr_train_00406,train,outlet_block,train
cstr_train_00407,train,cool_stuck_closed,train
cstr_train_00408,train,outlet_block,train
cstr_train_00409,train,pump_degrade,train
cstr_train_00410,train,pump_degrade,train
cstr_train_00411,train,pump_degrade,train
cstr_train_00412,train,pump_degrade,train
cstr_train_00413,train,outlet_block,train
cstr_train_00414,train,cool_stuck_closed,train
cstr_train_00415,train,cool_stuck_closed,train
cstr_train_00416,train,outlet_block,train
cstr_train_00417,train,fouling,train
cstr_train_00418,train,pump_degrade,train
cstr_train_00419,train,pump_degrade,train
cstr_train_00420,train,outlet_block,train
cstr_train_00421,train,outlet_block,train
cstr_train_00422,train,cool_stuck_closed,train
cstr_train_00423,train,fouling,train
cstr_train_00424,train,fouling,train
cstr_train_00425,train,outlet_block,train
cstr_train_00426,train,cool_stuck_closed,train
cstr_train_00427,train,pump_degrade,train
cstr_train_00428,train,fouling,train
cstr_train_00429,train,cool_stuck_closed,train
cstr_train_00430,train,pump_degrade,train
cstr_train_00431,train,cool_stuck_closed,train
cstr_train_00432,train,fouling,train
cstr_train_00433,train,outlet_block,train
cstr_train_00434,train,pump_degrade,train
cstr_train_00435,train,pump_degrade,train
cstr_train_00436,train,outlet_block,train
cstr_train_00437,train,fouling,train
cstr_train_00438,train,cool_stuck_closed,train
cstr_train_00439,train,pump_degrade,train
cstr_train_00440,train,pump_degrade,train
cstr_train_00441,train,fouling,train
cstr_train_00442,train,cool_stuck_closed,train
cstr_train_00443,train,cool_stuck_closed,train
cstr_train_00444,train,cool_stuck_closed,train
cstr_train_00445,train,cool_stuck_closed,train
cstr_train_00446,train,fouling,train
cstr_train_00447,train,cool_stuck_closed,train
cstr_train_00448,train,outlet_block,train
cstr_train_00449,train,cool_stuck_closed,train
cstr_train_00450,train,outlet_block,train
cstr_train_00451,train,pump_degrade,train
cstr_train_00452,train,outlet_block,train
cstr_train_00453,train,outlet_block,train
cstr_train_00454,train,fouling,train
cstr_train_00455,train,cool_stuck_closed,train
cstr_train_00456,train,cool_stuck_closed,train
cstr_train_00457,train,pump_degrade,train
cstr_train_00458,train,pump_degrade,train
cstr_train_00459,train,pump_degrade,train
cstr_train_00460,train,pump_degrade,train
cstr_train_00461,train,outlet_block,train
cstr_train_00462,train,cool_stuck_closed,train
cstr_train_00463,train,cool_stuck_closed,train
cstr_train_00464,train,cool_stuck_closed,train
cstr_train_00465,train,outlet_block,train
cstr_train_00466,train,outlet_block,train
cstr_train_00467,train,cool_stuck_closed,train
cstr_train_00468,train,cool_stuck_closed,train
cstr_train_00469,train,fouling,train
cstr_train_00470,train,outlet_block,train
cstr_train_00471,train,outlet_block,train
cstr_train_00472,train,fouling,train
cstr_train_00473,train,pump_degrade,train
cstr_train_00474,train,pump_degrade,train
cstr_train_00475,train,pump_degrade,train
cstr_train_00476,train,fouling,train
cstr_train_00477,train,outlet_block,train
cstr_train_00478,train,fouling,train
cstr_train_00479,train,cool_stuck_closed,train
cstr_train_00480,train,pump_degrade,train
cstr_train_00481,train,cool_stuck_closed,train
cstr_train_00482,train,cool_stuck_closed,train
cstr_train_00483,train,pump_degrade,train
cstr_train_00484,train,cool_stuck_closed,train
cstr_train_00485,train,cool_stuck_closed,train
cstr_train_00486,train,outlet_block,train
cstr_train_00487,train,fouling,train
cstr_train_00488,train,outlet_block,train
cstr_train_00489,train,fouling,train
cstr_train_00490,train,outlet_block,train
cstr_train_00491,train,outlet_block,train
cstr_train_00492,train,cool_stuck_closed,train
cstr_train_00493,train,fouling,train
cstr_train_00494,train,pump_degrade,train
cstr_train_00495,train,cool_stuck_closed,train
cstr_train_00496,train,pump_degrade,train
cstr_train_00497,train,cool_stuck_closed,train
cstr_train_00498,train,pump_degrade,train
cstr_train_00499,train,pump_degrade,train
cstr_train_00500,train,cool_stuck_closed,train
cstr_train_00501,train,fouling,train
cstr_train_00502,train,pump_degrade,train
cstr_train_00503,train,pump_degrade,train
cstr_train_00504,train,outlet_block,train
cstr_train_00505,train,fouling,train
cstr_train_00506,train,outlet_block,train
cstr_train_00507,train,cool_stuck_closed,train
cstr_train_00508,train,fouling,train
cstr_train_00509,train,fouling,train
cstr_train_00510,train,cool_stuck_closed,train
cstr_train_00511,train,fouling,train
cstr_train_00512,train,outlet_block,train
cstr_train_00513,train,fouling,train
cstr_train_00514,train,fouling,train
cstr_train_00515,train,cool_stuck_closed,train
cstr_train_00516,train,outlet_block,train
cstr_train_00517,train,outlet_block,train
cstr_train_00518,train,cool_stuck_closed,train
cstr_train_00519,train,pump_degrade,train
cstr_train_00520,train,cool_stuck_closed,train
cstr_train_00521,train,fouling,train
cstr_train_00522,train,pump_degrade,train
cstr_train_00523,train,pump_degrade,train
cstr_train_00524,train,cool_stuck_closed,train
cstr_train_00525,train,fouling,train
cstr_train_00526,train,fouling,train
cstr_train_00527,train,fouling,train
cstr_train_00528,train,fouling,train
cstr_train_00529,train,cool_stuck_closed,train
cstr_train_00530,train,cool_stuck_closed,train
cstr_train_00531,train,outlet_block,train
cstr_train_00532,train,cool_stuck_closed,train
cstr_train_00533,train,outlet_block,train
cstr_train_00534,train,pump_degrade,train
cstr_train_00535,train,cool_stuck_closed,train
cstr_train_00536,train,cool_stuck_closed,train
cstr_train_00537,train,fouling,train
cstr_train_00538,train,cool_stuck_closed,train
cstr_train_00539,train,outlet_block,train
cstr_train_00540,train,cool_stuck_closed,train
cstr_train_00541,train,pump_degrade,train
cstr_train_00542,train,cool_stuck_closed,train
cstr_train_00543,train,outlet_block,train
cstr_train_00544,train,pump_degrade,train
cstr_train_00545,train,cool_stuck_closed,train
cstr_train_00546,train,pump_degrade,train
cstr_train_00547,train,cool_stuck_closed,train
cstr_train_00548,train,cool_stuck_closed,train
cstr_train_00549,train,cool_stuck_closed,train
cstr_train_00550,train,fouling,train
cstr_train_00551,train,cool_stuck_closed,train
cstr_train_00552,train,pump_degrade,train
cstr_train_00553,train,pump_degrade,train
cstr_train_00554,train,pump_degrade,train
cstr_train_00555,train,outlet_block,train
cstr_train_00556,train,cool_stuck_closed,train
cstr_train_00557,train,fouling,train
cstr_train_00558,train,pump_degrade,train
cstr_train_00559,train,fouling,train
cstr_train_00560,train,pump_degrade,train
cstr_train_00561,train,outlet_block,train
cstr_train_00562,train,cool_stuck_closed,train
cstr_train_00563,train,fouling,train
cstr_train_00564,train,pump_degrade,train
cstr_train_00565,train,fouling,train
cstr_train_00566,train,fouling,train
cstr_train_00567,train,cool_stuck_closed,train
cstr_train_00568,train,pump_degrade,train
cstr_train_00569,train,cool_stuck_closed,train
cstr_train_00570,train,pump_degrade,train
cstr_train_00571,train,fouling,train
cstr_train_00572,train,cool_stuck_closed,train
cstr_train_00573,train,cool_stuck_closed,train
cstr_train_00574,train,pump_degrade,train
cstr_train_00575,train,pump_degrade,train
cstr_train_00576,train,cool_stuck_closed,train
cstr_train_00577,train,outlet_block,train
cstr_train_00578,train,outlet_block,train
cstr_train_00579,train,outlet_block,train
cstr_train_00580,train,pump_degrade,train
cstr_train_00581,train,outlet_block,train
cstr_train_00582,train,cool_stuck_closed,train
cstr_train_00583,train,outlet_block,train
cstr_train_00584,train,pump_degrade,train
cstr_train_00585,train,outlet_block,train
cstr_train_00586,train,cool_stuck_closed,train
cstr_train_00587,train,cool_stuck_closed,train
cstr_train_00588,train,cool_stuck_closed,train
cstr_train_00589,train,fouling,train
cstr_train_00590,train,fouling,train
cstr_train_00591,train,cool_stuck_closed,train
cstr_train_00592,train,pump_degrade,train
cstr_train_00593,train,fouling,train
cstr_train_00594,train,outlet_block,train
cstr_train_00595,train,fouling,train
cstr_train_00596,train,pump_degrade,train
cstr_train_00597,train,outlet_block,train
cstr_train_00598,train,pump_degrade,train
cstr_train_00599,train,outlet_block,train
cstr_train_00600,train,fouling,train
cstr_train_00601,train,pump_degrade,train
cstr_train_00602,train,fouling,train
cstr_train_00603,train,fouling,train
cstr_train_00604,train,outlet_block,train
cstr_train_00605,train,pump_degrade,train
cstr_train_00606,train,pump_degrade,train
cstr_train_00607,train,pump_degrade,train
cstr_train_00608,train,fouling,train
cstr_train_00609,train,outlet_block,train
cstr_train_00610,train,pump_degrade,train
cstr_train_00611,train,pump_degrade,train
cstr_train_00612,train,outlet_block,train
cstr_train_00613,train,pump_degrade,train
cstr_train_00614,train,outlet_block,train
cstr_train_00615,train,pump_degrade,train
cstr_train_00616,train,fouling,train
cstr_train_00617,train,cool_stuck_closed,train
cstr_train_00618,train,fouling,train
cstr_train_00619,train,cool_stuck_closed,train
cstr_train_00620,train,fouling,train
cstr_train_00621,train,outlet_block,train
cstr_train_00622,train,outlet_block,train
cstr_train_00623,train,fouling,train
cstr_train_00624,train,pump_degrade,train
cstr_train_00625,train,pump_degrade,train
cstr_train_00626,train,pump_degrade,train
cstr_train_00627,train,fouling,train
cstr_train_00628,train,pump_degrade,train
cstr_train_00629,train,pump_degrade,train
cstr_train_00630,train,cool_stuck_closed,train
cstr_train_00631,train,fouling,train
cstr_train_00632,train,outlet_block,train
cstr_train_00633,train,outlet_block,train
cstr_train_00634,train,fouling,train
cstr_train_00635,train,fouling,train
cstr_train_00636,train,outlet_block,train
cstr_train_00637,train,outlet_block,train
cstr_train_00638,train,pump_degrade,train
cstr_train_00639,train,pump_degrade,train
cstr_train_00640,train,cool_stuck_closed,train
cstr_train_00641,train,fouling,train
cstr_train_00642,train,pump_degrade,train
cstr_train_00643,train,outlet_block,train
cstr_train_00644,train,pump_degrade,train
cstr_train_00645,train,outlet_block,train
cstr_train_00646,train,pump_degrade,train
cstr_train_00647,train,pump_degrade,train
cstr_train_00648,train,cool_stuck_closed,train
cstr_train_00649,train,pump_degrade,train
cstr_train_00650,train,fouling,train
cstr_train_00651,train,outlet_block,train
cstr_train_00652,train,outlet_block,train
cstr_train_00653,train,outlet_block,train
cstr_train_00654,train,pump_degrade,train
cstr_train_00655,train,fouling,train
cstr_train_00656,train,outlet_block,train
cstr_train_00657,train,fouling,train
cstr_train_00658,train,cool_stuck_closed,train
cstr_train_00659,train,cool_stuck_closed,train
cstr_train_00660,train,pump_degrade,train
cstr_train_00661,train,cool_stuck_closed,train
cstr_train_00662,train,pump_degrade,train
cstr_train_00663,train,outlet_block,train
cstr_train_00664,train,fouling,train
cstr_train_00665,train,fouling,train
cstr_train_00666,train,fouling,train
cstr_train_00667,train,outlet_block,train
cstr_train_00668,train,pump_degrade,train
cstr_train_00669,train,outlet_block,train
cstr_train_00670,train,cool_stuck_closed,train
cstr_train_00671,train,outlet_block,train
cstr_train_00672,train,fouling,train
cstr_train_00673,train,pump_degrade,train
cstr_train_00674,train,fouling,train
cstr_train_00675,train,outlet_block,train
cstr_train_00676,train,outlet_block,train
cstr_train_00677,train,pump_degrade,train
cstr_train_00678,train,pump_degrade,train
cstr_train_00679,train,outlet_block,train
cstr_train_00680,train,pump_degrade,train
cstr_train_00681,train,pump_degrade,train
cstr_train_00682,train,cool_stuck_closed,train
cstr_train_00683,train,cool_stuck_closed,train
cstr_train_00684,train,cool_stuck_closed,train
cstr_train_00685,train,cool_stuck_closed,train
cstr_train_00686,train,outlet_block,train
cstr_train_00687,train,cool_stuck_closed,train
cstr_train_00688,train,outlet_block,train
cstr_train_00689,train,outlet_block,train
cstr_train_00690,train,outlet_block,train
cstr_train_00691,train,cool_stuck_closed,train
cstr_train_00692,train,pump_degrade,train
cstr_train_00693,train,pump_degrade,train
cstr_train_00694,train,pump_degrade,train
cstr_train_00695,train,fouling,train
cstr_train_00696,train,fouling,train
cstr_train_00697,train,outlet_block,train
cstr_train_00698,train,cool_stuck_closed,train
cstr_train_00699,train,fouling,train
cstr_train_00700,train,cool_stuck_closed,train
cstr_train_00701,train,outlet_block,train
cstr_train_00702,train,cool_stuck_closed,train
cstr_train_00703,train,outlet_block,train
cstr_train_00704,train,pump_degrade,train
cstr_train_00705,train,pump_degrade,train
cstr_train_00706,train,cool_stuck_closed,train
cstr_train_00707,train,pump_degrade,train
cstr_train_00708,train,pump_degrade,train
cstr_train_00709,train,outlet_block,train
cstr_train_00710,train,outlet_block,train
cstr_train_00711,train,pump_degrade,train
cstr_train_00712,train,outlet_block,train
cstr_train_00713,train,outlet_block,train
cstr_train_00714,train,cool_stuck_closed,train
cstr_train_00715,train,cool_stuck_closed,train
cstr_train_00716,train,cool_stuck_closed,train
cstr_train_00717,train,fouling,train
cstr_train_00718,train,cool_stuck_closed,train
cstr_train_00719,train,outlet_block,train
cstr_train_00720,train,cool_stuck_closed,train
cstr_train_00721,train,cool_stuck_closed,train
cstr_train_00722,train,cool_stuck_closed,train
cstr_train_00723,train,fouling,train
cstr_train_00724,train,cool_stuck_closed,train
cstr_train_00725,train,outlet_block,train
cstr_train_00726,train,fouling,train
cstr_train_00727,train,fouling,train
cstr_train_00728,train,outlet_block,train
cstr_train_00729,train,fouling,train
cstr_train_00730,train,fouling,train
cstr_train_00731,train,fouling,train
cstr_train_00732,train,outlet_block,train
cstr_train_00733,train,outlet_block,train
cstr_train_00734,train,outlet_block,train
cstr_train_00735,train,outlet_block,train
cstr_train_00736,train,outlet_block,train
cstr_train_00737,train,fouling,train
cstr_train_00738,train,cool_stuck_closed,train
cstr_train_00739,train,fouling,train
cstr_train_00740,train,cool_stuck_closed,train
cstr_train_00741,train,outlet_block,train
cstr_train_00742,train,cool_stuck_closed,train
cstr_train_00743,train,outlet_block,train
cstr_train_00744,train,pump_degrade,train
cstr_train_00745,train,pump_degrade,train
cstr_train_00746,train,fouling,train
cstr_train_00747,train,pump_degrade,train
cstr_train_00748,train,pump_degrade,train
cstr_train_00749,train,cool_stuck_closed,train
cstr_train_00750,train,cool_stuck_closed,train
cstr_train_00751,train,fouling,train
cstr_train_00752,train,outlet_block,train
cstr_train_00753,train,pump_degrade,train
cstr_train_00754,train,fouling,train
cstr_train_00755,train,fouling,train
cstr_train_00756,train,cool_stuck_closed,train
cstr_train_00757,train,outlet_block,train
cstr_train_00758,train,pump_degrade,train
cstr_train_00759,train,outlet_block,train
cstr_train_00760,train,pump_degrade,train
cstr_train_00761,train,pump_degrade,train
cstr_train_00762,train,pump_degrade,train
cstr_train_00763,train,outlet_block,train
cstr_train_00764,train,pump_degrade,train
cstr_train_00765,train,cool_stuck_closed,train
cstr_train_00766,train,cool_stuck_closed,train
cstr_train_00767,train,pump_degrade,train
cstr_train_00768,train,cool_stuck_closed,train
cstr_train_00769,train,pump_degrade,train
cstr_train_00770,train,cool_stuck_closed,train
cstr_train_00771,train,outlet_block,train
cstr_train_00772,train,pump_degrade,train
cstr_train_00773,train,fouling,train
cstr_train_00774,train,fouling,train
cstr_train_00775,train,cool_stuck_closed,train
cstr_train_00776,train,fouling,train
cstr_train_00777,train,cool_stuck_closed,train
cstr_train_00778,train,outlet_block,train
cstr_train_00779,train,cool_stuck_closed,train
cstr_train_00780,train,cool_stuck_closed,train
cstr_train_00781,train,outlet_block,train
cstr_train_00782,train,fouling,train
cstr_train_00783,train,fouling,train
cstr_train_00784,train,outlet_block,train
cstr_train_00785,train,cool_stuck_closed,train
cstr_train_00786,train,cool_stuck_closed,train
cstr_train_00787,train,fouling,train
cstr_train_00788,train,fouling,train
cstr_train_00789,train,cool_stuck_closed,train
cstr_train_00790,train,cool_stuck_closed,train
cstr_train_00791,train,cool_stuck_closed,train
cstr_train_00792,train,pump_degrade,train
cstr_train_00793,train,fouling,train
cstr_train_00794,train,outlet_block,train
cstr_train_00795,train,outlet_block,train
cstr_train_00796,train,cool_stuck_closed,train
cstr_train_00797,train,pump_degrade,train
cstr_train_00798,train,cool_stuck_closed,train
cstr_train_00799,train,pump_degrade,train
cstr_train_00800,train,cool_stuck_closed,train
cstr_train_00801,train,outlet_block,train
cstr_train_00802,train,pump_degrade,train
cstr_train_00803,train,cool_stuck_closed,train
cstr_train_00804,train,fouling,train
cstr_train_00805,train,outlet_block,train
cstr_train_00806,train,outlet_block,train
cstr_train_00807,train,cool_stuck_closed,train
cstr_train_00808,train,outlet_block,train
cstr_train_00809,train,outlet_block,train
cstr_train_00810,train,cool_stuck_closed,train
cstr_train_00811,train,pump_degrade,train
cstr_train_00812,train,cool_stuck_closed,train
cstr_train_00813,train,pump_degrade,train
cstr_train_00814,train,pump_degrade,train
cstr_train_00815,train,outlet_block,train
cstr_train_00816,train,cool_stuck_closed,train
cstr_train_00817,train,fouling,train
cstr_train_00818,train,pump_degrade,train
cstr_train_00819,train,outlet_block,train
cstr_train_00820,train,outlet_block,train
cstr_train_00821,train,pump_degrade,train
cstr_train_00822,train,cool_stuck_closed,train
cstr_train_00823,train,pump_degrade,train
cstr_train_00824,train,outlet_block,train
cstr_train_00825,train,pump_degrade,train
cstr_train_00826,train,fouling,train
cstr_train_00827,train,cool_stuck_closed,train
cstr_train_00828,train,pump_degrade,train
cstr_train_00829,train,outlet_block,train
cstr_train_00830,train,fouling,train
cstr_train_00831,train,pump_degrade,train
cstr_train_00832,train,pump_degrade,train
cstr_train_00833,train,pump_degrade,train
cstr_train_00834,train,outlet_block,train
cstr_train_00835,train,outlet_block,train
cstr_train_00836,train,cool_stuck_closed,train
cstr_train_00837,train,pump_degrade,train
cstr_train_00838,train,pump_degrade,train
cstr_train_00839,train,cool_stuck_closed,train
cstr_train_00840,train,outlet_block,train
cstr_train_00841,train,fouling,train
cstr_train_00842,train,outlet_block,train
cstr_train_00843,train,pump_degrade,train
cstr_train_00844,train,fouling,train
cstr_train_00845,train,cool_stuck_closed,train
cstr_train_00846,train,cool_stuck_closed,train
cstr_train_00847,train,fouling,train
cstr_train_00848,train,pump_degrade,train
cstr_train_00849,train,outlet_block,train
cstr_train_00850,train,fouling,train
cstr_train_00851,train,pump_degrade,train
cstr_train_00852,train,outlet_block,train
cstr_train_00853,train,cool_stuck_closed,train
cstr_train_00854,train,cool_stuck_closed,train
cstr_train_00855,train,pump_degrade,train
cstr_train_00856,train,outlet_block,train
cstr_train_00857,train,cool_stuck_closed,train
cstr_train_00858,train,pump_degrade,train
cstr_train_00859,train,cool_stuck_closed,train
cstr_train_00860,train,fouling,train
cstr_train_00861,train,outlet_block,train
cstr_train_00862,train,pump_degrade,train
cstr_train_00863,train,cool_stuck_closed,train
cstr_train_00864,train,outlet_block,train
cstr_train_00865,train,cool_stuck_closed,train
cstr_train_00866,train,cool_stuck_closed,train
cstr_train_00867,train,pump_degrade,train
cstr_train_00868,train,pump_degrade,train
cstr_train_00869,train,outlet_block,train
cstr_train_00870,train,pump_degrade,train
cstr_train_00871,train,pump_degrade,train
cstr_train_00872,train,outlet_block,train
cstr_train_00873,train,pump_degrade,train
cstr_train_00874,train,cool_stuck_closed,train
cstr_train_00875,train,cool_stuck_closed,train
cstr_train_00876,train,pump_degrade,train
cstr_train_00877,train,pump_degrade,train
cstr_train_00878,train,outlet_block,train
cstr_train_00879,train,pump_degrade,train
cstr_train_00880,train,pump_degrade,train
cstr_train_00881,train,cool_stuck_closed,train
cstr_train_00882,train,outlet_block,train
cstr_train_00883,train,pump_degrade,train
cstr_train_00884,train,pump_degrade,train
cstr_train_00885,train,fouling,train
cstr_train_00886,train,cool_stuck_closed,train
cstr_train_00887,train,cool_stuck_closed,train
cstr_train_00888,train,fouling,train
cstr_train_00889,train,fouling,train
cstr_train_00890,train,cool_stuck_closed,train
cstr_train_00891,train,cool_stuck_closed,train
cstr_train_00892,train,outlet_block,train
cstr_train_00893,train,outlet_block,train
cstr_train_00894,train,pump_degrade,train
cstr_train_00895,train,outlet_block,train
cstr_train_00896,train,cool_stuck_closed,train
cstr_train_00897,train,pump_degrade,train
cstr_train_00898,train,cool_stuck_closed,train
cstr_train_00899,train,fouling,train
cstr_train_00900,train,pump_degrade,train
cstr_train_00901,train,fouling,train
cstr_train_00902,train,fouling,train
cstr_train_00903,train,outlet_block,train
cstr_train_00904,train,pump_degrade,train
cstr_train_00905,train,outlet_block,train
cstr_train_00906,train,outlet_block,train
cstr_train_00907,train,cool_stuck_closed,train
cstr_train_00908,train,pump_degrade,train
cstr_train_00909,train,fouling,train
cstr_train_00910,train,fouling,train
cstr_train_00911,train,fouling,train
cstr_train_00912,train,fouling,train
cstr_train_00913,train,cool_stuck_closed,train
cstr_train_00914,train,cool_stuck_closed,train
cstr_train_00915,train,pump_degrade,train
cstr_train_00916,train,cool_stuck_closed,train
cstr_train_00917,train,pump_degrade,train
cstr_train_00918,train,fouling,train
cstr_train_00919,train,pump_degrade,train
cstr_train_00920,train,cool_stuck_closed,train
cstr_train_00921,train,cool_stuck_closed,train
cstr_train_00922,train,fouling,train
cstr_train_00923,train,pump_degrade,train
cstr_train_00924,train,outlet_block,train
cstr_train_00925,train,pump_degrade,train
cstr_train_00926,train,fouling,train
cstr_train_00927,train,outlet_block,train
cstr_train_00928,train,pump_degrade,train
cstr_train_00929,train,fouling,train
cstr_train_00930,train,outlet_block,train
cstr_train_00931,train,cool_stuck_closed,train
cstr_train_00932,train,fouling,train
cstr_train_00933,train,fouling,train
cstr_train_00934,train,cool_stuck_closed,train
cstr_train_00935,train,outlet_block,train
cstr_train_00936,train,fouling,train
cstr_train_00937,train,fouling,train
cstr_train_00938,train,fouling,train
cstr_train_00939,train,outlet_block,train
cstr_train_00940,train,pump_degrade,train
cstr_train_00941,train,fouling,train
cstr_train_00942,train,cool_stuck_closed,train
cstr_train_00943,train,pump_degrade,train
cstr_train_00944,train,pump_degrade,train
cstr_train_00945,train,cool_stuck_closed,train
cstr_train_00946,train,pump_degrade,train
cstr_train_00947,train,outlet_block,train
cstr_train_00948,train,pump_degrade,train
cstr_train_00949,train,outlet_block,train
cstr_train_00950,train,pump_degrade,train
cstr_train_00951,train,pump_degrade,train
cstr_train_00952,train,outlet_block,train
cstr_train_00953,train,cool_stuck_closed,train
cstr_train_00954,train,outlet_block,train
cstr_train_00955,train,pump_degrade,train
cstr_train_00956,train,outlet_block,train
cstr_train_00957,train,fouling,train
cstr_train_00958,train,cool_stuck_closed,train
cstr_train_00959,train,pump_degrade,train
cstr_train_00960,train,fouling,train
cstr_train_00961,train,outlet_block,train
cstr_train_00962,train,pump_degrade,train
cstr_train_00963,train,cool_stuck_closed,train
cstr_train_00964,train,cool_stuck_closed,train
cstr_train_00965,train,outlet_block,train
cstr_train_00966,train,cool_stuck_closed,train
cstr_train_00967,train,pump_degrade,train
cstr_train_00968,train,cool_stuck_closed,train
cstr_train_00969,train,outlet_block,train
cstr_train_00970,train,outlet_block,train
cstr_train_00971,train,fouling,train
cstr_train_00972,train,fouling,train
cstr_train_00973,train,pump_degrade,train
cstr_train_00974,train,outlet_block,train
cstr_train_00975,train,pump_degrade,train
cstr_train_00976,train,fouling,train
cstr_train_00977,train,pump_degrade,train
cstr_train_00978,train,outlet_block,train
cstr_train_00979,train,outlet_block,train
cstr_train_00980,train,outlet_block,train
cstr_train_00981,train,pump_degrade,train
cstr_train_00982,train,pump_degrade,train
cstr_train_00983,train,fouling,train
cstr_train_00984,train,fouling,train
cstr_train_00985,train,pump_degrade,train
cstr_train_00986,train,fouling,train
cstr_train_00987,train,outlet_block,train
cstr_train_00988,train,outlet_block,train
cstr_train_00989,train,cool_stuck_closed,train
cstr_train_00990,train,pump_degrade,train
cstr_train_00991,train,cool_stuck_closed,train
cstr_train_00992,train,outlet_block,train
cstr_train_00993,train,cool_stuck_closed,train
cstr_train_00994,train,fouling,train
cstr_train_00995,train,cool_stuck_closed,train
cstr_train_00996,train,fouling,train
cstr_train_00997,train,cool_stuck_closed,train
cstr_train_00998,train,cool_stuck_closed,train
cstr_train_00999,train,pump_degrade,train
cstr_train_01000,train,fouling,train
cstr_train_01001,train,outlet_block,train
cstr_train_01002,train,cool_stuck_closed,train
cstr_train_01003,train,outlet_block,train
cstr_train_01004,train,cool_stuck_closed,train
cstr_train_01005,train,fouling,train
cstr_train_01006,train,fouling,train
cstr_train_01007,train,fouling,train
cstr_train_01008,train,pump_degrade,train
cstr_train_01009,train,fouling,train
cstr_train_01010,train,fouling,train
cstr_train_01011,train,pump_degrade,train
cstr_train_01012,train,pump_degrade,train
cstr_train_01013,train,outlet_block,train
cstr_train_01014,train,fouling,train
cstr_train_01015,train,pump_degrade,train
cstr_train_01016,train,cool_stuck_closed,train
cstr_train_01017,train,fouling,train
cstr_train_01018,train,fouling,train
cstr_train_01019,train,pump_degrade,train
cstr_train_01020,train,cool_stuck_closed,train
cstr_train_01021,train,pump_degrade,train
cstr_train_01022,train,pump_degrade,train
cstr_train_01023,train,outlet_block,train
cstr_train_01024,train,pump_degrade,train
cstr_train_01025,train,outlet_block,train
cstr_train_01026,train,cool_stuck_closed,train
cstr_train_01027,train,pump_degrade,train
cstr_train_01028,train,fouling,train
cstr_train_01029,train,fouling,train
cstr_train_01030,train,fouling,train
cstr_train_01031,train,outlet_block,train
cstr_train_01032,train,cool_stuck_closed,train
cstr_train_01033,train,cool_stuck_closed,train
cstr_train_01034,train,pump_degrade,train
cstr_train_01035,train,cool_stuck_closed,train
cstr_train_01036,train,outlet_block,train
cstr_train_01037,train,fouling,train
cstr_train_01038,train,cool_stuck_closed,train
cstr_train_01039,train,cool_stuck_closed,train
cstr_train_01040,train,outlet_block,train
cstr_train_01041,train,cool_stuck_closed,train
cstr_train_01042,train,fouling,train
cstr_train_01043,train,pump_degrade,train
cstr_train_01044,train,outlet_block,train
cstr_train_01045,train,outlet_block,train
cstr_train_01046,train,cool_stuck_closed,train
cstr_train_01047,train,fouling,train
cstr_train_01048,train,pump_degrade,train
cstr_train_01049,train,pump_degrade,train
cstr_train_01050,train,fouling,train
cstr_train_01051,train,fouling,train
cstr_train_01052,train,cool_stuck_closed,train
cstr_train_01053,train,outlet_block,train
cstr_train_01054,train,outlet_block,train
cstr_train_01055,train,fouling,train
cstr_train_01056,train,pump_degrade,train
cstr_train_01057,train,outlet_block,train
cstr_train_01058,train,outlet_block,train
cstr_train_01059,train,cool_stuck_closed,train
cstr_train_01060,train,outlet_block,train
cstr_train_01061,train,cool_stuck_closed,train
cstr_train_01062,train,pump_degrade,train
cstr_train_01063,train,fouling,train
cstr_train_01064,train,cool_stuck_closed,train
cstr_train_01065,train,cool_stuck_closed,train
cstr_train_01066,train,cool_stuck_closed,train
cstr_train_01067,train,outlet_block,train
cstr_train_01068,train,cool_stuck_closed,train
cstr_train_01069,train,fouling,train
cstr_train_01070,train,cool_stuck_closed,train
cstr_train_01071,train,cool_stuck_closed,train
cstr_train_01072,train,fouling,train
cstr_train_01073,train,fouling,train
cstr_train_01074,train,outlet_block,train
cstr_train_01075,train,outlet_block,train
cstr_train_01076,train,fouling,train
cstr_train_01077,train,outlet_block,train
cstr_train_01078,train,pump_degrade,train
cstr_train_01079,train,cool_stuck_closed,train
cstr_train_01080,train,cool_stuck_closed,train
cstr_train_01081,train,outlet_block,train
cstr_train_01082,train,pump_degrade,train
cstr_train_01083,train,cool_stuck_closed,train
cstr_train_01084,train,outlet_block,train
cstr_train_01085,train,cool_stuck_closed,train
cstr_train_01086,train,fouling,train
cstr_train_01087,train,fouling,train
cstr_train_01088,train,outlet_block,train
cstr_train_01089,train,fouling,train
cstr_train_01090,train,outlet_block,train
cstr_train_01091,train,cool_stuck_closed,train
cstr_train_01092,train,fouling,train
cstr_train_01093,train,fouling,train
cstr_train_01094,train,fouling,train
cstr_train_01095,train,pump_degrade,train
cstr_train_01096,train,outlet_block,train
cstr_train_01097,train,cool_stuck_closed,train
cstr_train_01098,train,pump_degrade,train
cstr_train_01099,train,outlet_block,train
cstr_train_01100,train,outlet_block,train
cstr_train_01101,train,outlet_block,train
cstr_train_01102,train,fouling,train
cstr_train_01103,train,fouling,train
cstr_train_01104,train,fouling,train
cstr_train_01105,train,pump_degrade,train
cstr_train_01106,train,fouling,train
cstr_train_01107,train,pump_degrade,train
cstr_train_01108,train,fouling,train
cstr_train_01109,train,cool_stuck_closed,train
cstr_train_01110,train,outlet_block,train
cstr_train_01111,train,cool_stuck_closed,train
cstr_train_01112,train,cool_stuck_closed,train
cstr_train_01113,train,cool_stuck_closed,train
cstr_train_01114,train,fouling,train
cstr_train_01115,train,fouling,train
cstr_train_01116,train,pump_degrade,train
cstr_train_01117,train,fouling,train
cstr_train_01118,train,pump_degrade,train
cstr_train_01119,train,cool_stuck_closed,train
cstr_train_01120,train,pump_degrade,train
cstr_train_01121,train,pump_degrade,train
cstr_train_01122,train,pump_degrade,train
cstr_train_01123,train,cool_stuck_closed,train
cstr_train_01124,train,fouling,train
cstr_train_01125,train,outlet_block,train
cstr_train_01126,train,cool_stuck_closed,train
cstr_train_01127,train,pump_degrade,train
cstr_train_01128,train,cool_stuck_closed,train
cstr_train_01129,train,cool_stuck_closed,train
cstr_train_01130,train,outlet_block,train
cstr_train_01131,train,outlet_block,train
cstr_train_01132,train,outlet_block,train
cstr_train_01133,train,fouling,train
cstr_train_01134,train,outlet_block,train
cstr_train_01135,train,cool_stuck_closed,train
cstr_train_01136,train,cool_stuck_closed,train
cstr_train_01137,train,outlet_block,train
cstr_train_01138,train,outlet_block,train
cstr_train_01139,train,outlet_block,train
cstr_train_01140,train,cool_stuck_closed,train
cstr_train_01141,train,outlet_block,train
cstr_train_01142,train,pump_degrade,train
cstr_train_01143,train,fouling,train
cstr_train_01144,train,cool_stuck_closed,train
cstr_train_01145,train,cool_stuck_closed,train
cstr_train_01146,train,pump_degrade,train
cstr_train_01147,train,fouling,train
cstr_train_01148,train,cool_stuck_closed,train
cstr_train_01149,train,pump_degrade,train
cstr_train_01150,train,cool_stuck_closed,train
cstr_train_01151,train,fouling,train
cstr_train_01152,train,pump_degrade,train
cstr_train_01153,train,cool_stuck_closed,train
cstr_train_01154,train,outlet_block,train
cstr_train_01155,train,cool_stuck_closed,train
cstr_train_01156,train,pump_degrade,train
cstr_train_01157,train,cool_stuck_closed,train
cstr_train_01158,train,pump_degrade,train
cstr_train_01159,train,outlet_block,train
cstr_train_01160,train,fouling,train
cstr_train_01161,train,outlet_block,train
cstr_train_01162,train,cool_stuck_closed,train
cstr_train_01163,train,outlet_block,train
cstr_train_01164,train,fouling,train
cstr_train_01165,train,fouling,train
cstr_train_01166,train,pump_degrade,train
cstr_train_01167,train,outlet_block,train
cstr_train_01168,train,pump_degrade,train
cstr_train_01169,train,pump_degrade,train
cstr_train_01170,train,pump_degrade,train
cstr_train_01171,train,pump_degrade,train
cstr_train_01172,train,outlet_block,train
cstr_train_01173,train,cool_stuck_closed,train
cstr_train_01174,train,fouling,train
cstr_train_01175,train,fouling,train
cstr_train_01176,train,outlet_block,train
cstr_train_01177,train,pump_degrade,train
cstr_train_01178,train,cool_stuck_closed,train
cstr_train_01179,train,outlet_block,train
cstr_train_01180,train,outlet_block,train
cstr_train_01181,train,cool_stuck_closed,train
cstr_train_01182,train,fouling,train
cstr_train_01183,train,outlet_block,train
cstr_train_01184,train,fouling,train
cstr_train_01185,train,outlet_block,train
cstr_train_01186,train,outlet_block,train
cstr_train_01187,train,fouling,train
cstr_train_01188,train,fouling,train
cstr_train_01189,train,outlet_block,train
cstr_train_01190,train,fouling,train
cstr_train_01191,train,outlet_block,train
cstr_train_01192,train,outlet_block,train
cstr_train_01193,train,fouling,train
cstr_train_01194,train,pump_degrade,train
cstr_train_01195,train,pump_degrade,train
cstr_train_01196,train,cool_stuck_closed,train
cstr_train_01197,train,cool_stuck_closed,train
cstr_train_01198,train,fouling,train
cstr_train_01199,train,pump_degrade,train
cstr_train_01200,train,cool_stuck_closed,train
cstr_train_01201,train,outlet_block,train
cstr_train_01202,train,fouling,train
cstr_train_01203,train,pump_degrade,train
cstr_train_01204,train,pump_degrade,train
cstr_train_01205,train,pump_degrade,train
cstr_train_01206,train,fouling,train
cstr_train_01207,train,pump_degrade,train
cstr_train_01208,train,cool_stuck_closed,train
cstr_train_01209,train,outlet_block,train
cstr_train_01210,train,outlet_block,train
cstr_train_01211,train,pump_degrade,train
cstr_train_01212,train,outlet_block,train
cstr_train_01213,train,pump_degrade,train
cstr_train_01214,train,outlet_block,train
cstr_train_01215,train,cool_stuck_closed,train
cstr_train_01216,train,cool_stuck_closed,train
cstr_train_01217,train,pump_degrade,train
cstr_train_01218,train,cool_stuck_closed,train
cstr_train_01219,train,outlet_block,train
cstr_train_01220,train,cool_stuck_closed,train
cstr_train_01221,train,pump_degrade,train
cstr_train_01222,train,fouling,train
cstr_train_01223,train,fouling,train
cstr_train_01224,train,fouling,train
cstr_train_01225,train,pump_degrade,train
cstr_train_01226,train,cool_stuck_closed,train
cstr_train_01227,train,pump_degrade,train
cstr_train_01228,train,fouling,train
cstr_train_01229,train,outlet_block,train
cstr_train_01230,train,pump_degrade,train
cstr_train_01231,train,fouling,train
cstr_train_01232,train,outlet_block,train
cstr_train_01233,train,outlet_block,train
cstr_train_01234,train,cool_stuck_closed,train
cstr_train_01235,train,fouling,train
cstr_train_01236,train,pump_degrade,train
cstr_train_01237,train,cool_stuck_closed,train
cstr_train_01238,train,cool_stuck_closed,train
cstr_train_01239,train,fouling,train
cstr_train_01240,train,fouling,train
cstr_train_01241,train,fouling,train
cstr_train_01242,train,fouling,train
cstr_train_01243,train,pump_degrade,train
cstr_train_01244,train,outlet_block,train
cstr_train_01245,train,outlet_block,train
cstr_train_01246,train,fouling,train
cstr_train_01247,train,fouling,train
cstr_train_01248,train,outlet_block,train
cstr_train_01249,train,outlet_block,train
cstr_train_01250,train,cool_stuck_closed,train
cstr_train_01251,train,cool_stuck_closed,train
cstr_train_01252,train,outlet_block,train
cstr_train_01253,train,pump_degrade,train
cstr_train_01254,train,outlet_block,train
cstr_train_01255,train,fouling,train
cstr_train_01256,train,pump_degrade,train
cstr_train_01257,train,fouling,train
cstr_train_01258,train,cool_stuck_closed,train
cstr_train_01259,train,pump_degrade,train
cstr_train_01260,train,fouling,train
cstr_train_01261,train,fouling,train
cstr_train_01262,train,outlet_block,train
cstr_train_01263,train,outlet_block,train
cstr_train_01264,train,cool_stuck_closed,train
cstr_train_01265,train,outlet_block,train
cstr_train_01266,train,pump_degrade,train
cstr_train_01267,train,cool_stuck_closed,train
cstr_train_01268,train,outlet_block,train
cstr_train_01269,train,pump_degrade,train
cstr_train_01270,train,pump_degrade,train
cstr_train_01271,train,fouling,train
cstr_train_01272,train,fouling,train
cstr_train_01273,train,fouling,train
cstr_train_01274,train,pump_degrade,train
cstr_train_01275,train,pump_degrade,train
cstr_train_01276,train,outlet_block,train
cstr_train_01277,train,pump_degrade,train
cstr_train_01278,train,fouling,train
cstr_train_01279,train,outlet_block,train
cstr_train_01280,train,fouling,train
cstr_train_01281,train,cool_stuck_closed,train
cstr_train_01282,train,outlet_block,train
cstr_train_01283,train,pump_degrade,train
cstr_train_01284,train,cool_stuck_closed,train
cstr_train_01285,train,fouling,train
cstr_train_01286,train,fouling,train
cstr_train_01287,train,outlet_block,train
cstr_train_01288,train,pump_degrade,train
cstr_train_01289,train,fouling,train
cstr_train_01290,train,fouling,train
cstr_train_01291,train,outlet_block,train
cstr_train_01292,train,cool_stuck_closed,train
cstr_train_01293,train,outlet_block,train
cstr_train_01294,train,pump_degrade,train
cstr_train_01295,train,cool_stuck_closed,train
cstr_train_01296,train,cool_stuck_closed,train
cstr_train_01297,train,fouling,train
cstr_train_01298,train,pump_degrade,train
cstr_train_01299,train,pump_degrade,train
cstr_train_01300,train,pump_degrade,train
cstr_train_01301,train,outlet_block,train
cstr_train_01302,train,fouling,train
cstr_train_01303,train,fouling,train
cstr_train_01304,train,fouling,train
cstr_train_01305,train,outlet_block,train
cstr_train_01306,train,fouling,train
cstr_train_01307,train,outlet_block,train
cstr_train_01308,train,pump_degrade,train
cstr_train_01309,train,outlet_block,train
cstr_train_01310,train,cool_stuck_closed,train
cstr_train_01311,train,pump_degrade,train
cstr_train_01312,train,cool_stuck_closed,train
cstr_train_01313,train,fouling,train
cstr_train_01314,train,pump_degrade,train
cstr_train_01315,train,outlet_block,train
cstr_train_01316,train,fouling,train
cstr_train_01317,train,outlet_block,train
cstr_train_01318,train,outlet_block,train
cstr_train_01319,train,cool_stuck_closed,train
cstr_train_01320,train,cool_stuck_closed,train
cstr_train_01321,train,fouling,train
cstr_train_01322,train,pump_degrade,train
cstr_train_01323,train,fouling,train
cstr_train_01324,train,outlet_block,train
cstr_train_01325,train,fouling,train
cstr_train_01326,train,fouling,train
cstr_train_01327,train,fouling,train
cstr_train_01328,train,pump_degrade,train
cstr_train_01329,train,outlet_block,train
cstr_train_01330,train,outlet_block,train
cstr_train_01331,train,outlet_block,train
cstr_train_01332,train,cool_stuck_closed,train
cstr_train_01333,train,fouling,train
cstr_train_01334,train,pump_degrade,train
cstr_train_01335,train,outlet_block,train
cstr_train_01336,train,pump_degrade,train
cstr_train_01337,train,fouling,train
cstr_train_01338,train,cool_stuck_closed,train
cstr_train_01339,train,fouling,train
cstr_train_01340,train,pump_degrade,train
cstr_train_01341,train,cool_stuck_closed,train
cstr_train_01342,train,outlet_block,train
cstr_train_01343,train,cool_stuck_closed,train
cstr_train_01344,train,pump_degrade,train
cstr_train_01345,train,pump_degrade,train
cstr_train_01346,train,fouling,train
cstr_train_01347,train,outlet_block,train
cstr_train_01348,train,pump_degrade,train
cstr_train_01349,train,pump_degrade,train
cstr_train_01350,train,fouling,train
cstr_train_01351,train,pump_degrade,train
cstr_train_01352,train,outlet_block,train
cstr_train_01353,train,cool_stuck_closed,train
cstr_train_01354,train,cool_stuck_closed,train
cstr_train_01355,train,cool_stuck_closed,train
cstr_train_01356,train,fouling,train
cstr_train_01357,train,fouling,train
cstr_train_01358,train,outlet_block,train
cstr_train_01359,train,pump_degrade,train
cstr_train_01360,train,cool_stuck_closed,train
cstr_train_01361,train,outlet_block,train
cstr_train_01362,train,outlet_block,train
cstr_train_01363,train,fouling,train
cstr_train_01364,train,pump_degrade,train
cstr_train_01365,train,fouling,train
cstr_train_01366,train,pump_degrade,train
cstr_train_01367,train,fouling,train
cstr_train_01368,train,cool_stuck_closed,train
cstr_train_01369,train,pump_degrade,train
cstr_train_01370,train,cool_stuck_closed,train
cstr_train_01371,train,cool_stuck_closed,train
cstr_train_01372,train,pump_degrade,train
cstr_train_01373,train,fouling,train
cstr_train_01374,train,cool_stuck_closed,train
cstr_train_01375,train,cool_stuck_closed,train
cstr_train_01376,train,fouling,train
cstr_train_01377,train,pump_degrade,train
cstr_train_01378,train,pump_degrade,train
cstr_train_01379,train,pump_degrade,train
cstr_train_01380,train,cool_stuck_closed,train
cstr_train_01381,train,cool_stuck_closed,train
cstr_train_01382,train,fouling,train
cstr_train_01383,train,fouling,train
cstr_train_01384,train,pump_degrade,train
cstr_train_01385,train,cool_stuck_closed,train
cstr_train_01386,train,outlet_block,train
cstr_train_01387,train,outlet_block,train
cstr_train_01388,train,outlet_block,train
cstr_train_01389,train,cool_stuck_closed,train
cstr_train_01390,train,fouling,train
cstr_train_01391,train,outlet_block,train
cstr_train_01392,train,fouling,train
cstr_train_01393,train,cool_stuck_closed,train
cstr_train_01394,train,outlet_block,train
cstr_train_01395,train,outlet_block,train
cstr_train_01396,train,fouling,train
cstr_train_01397,train,fouling,train
cstr_train_01398,train,cool_stuck_closed,train
cstr_train_01399,train,pump_degrade,train
cstr_train_01400,train,cool_stuck_closed,train
cstr_train_01401,train,pump_degrade,train
cstr_train_01402,train,outlet_block,train
cstr_train_01403,train,pump_degrade,train
cstr_train_01404,train,outlet_block,train
cstr_train_01405,train,cool_stuck_closed,train
cstr_train_01406,train,fouling,train
cstr_train_01407,train,outlet_block,train
cstr_train_01408,train,outlet_block,train
cstr_train_01409,train,pump_degrade,train
cstr_train_01410,train,cool_stuck_closed,train
cstr_train_01411,train,outlet_block,train
cstr_train_01412,train,pump_degrade,train
cstr_train_01413,train,pump_degrade,train
cstr_train_01414,train,fouling,train
cstr_train_01415,train,pump_degrade,train
cstr_train_01416,train,cool_stuck_closed,train
cstr_train_01417,train,outlet_block,train
cstr_train_01418,train,cool_stuck_closed,train
cstr_train_01419,train,outlet_block,train
cstr_train_01420,train,fouling,train
cstr_train_01421,train,outlet_block,train
cstr_train_01422,train,pump_degrade,train
cstr_train_01423,train,cool_stuck_closed,train
cstr_train_01424,train,fouling,train
cstr_train_01425,train,pump_degrade,train
cstr_train_01426,train,pump_degrade,train
cstr_train_01427,train,fouling,train
cstr_train_01428,train,pump_degrade,train
cstr_train_01429,train,pump_degrade,train
cstr_train_01430,train,pump_degrade,train
cstr_train_01431,train,pump_degrade,train
cstr_train_01432,train,pump_degrade,train
cstr_train_01433,train,outlet_block,train
cstr_train_01434,train,cool_stuck_closed,train
cstr_train_01435,train,outlet_block,train
cstr_train_01436,train,fouling,train
cstr_train_01437,train,pump_degrade,train
cstr_train_01438,train,fouling,train
cstr_train_01439,train,cool_stuck_closed,train
cstr_train_01440,train,outlet_block,train
cstr_train_01441,train,cool_stuck_closed,train
cstr_train_01442,train,pump_degrade,train
cstr_train_01443,train,outlet_block,train
cstr_train_01444,train,fouling,train
cstr_train_01445,train,fouling,train
cstr_train_01446,train,pump_degrade,train
cstr_train_01447,train,fouling,train
cstr_train_01448,train,cool_stuck_closed,train
cstr_train_01449,train,fouling,train
cstr_train_01450,train,fouling,train
cstr_train_01451,train,fouling,train
cstr_train_01452,train,outlet_block,train
cstr_train_01453,train,fouling,train
cstr_train_01454,train,pump_degrade,train
cstr_train_01455,train,outlet_block,train
cstr_train_01456,train,fouling,train
cstr_train_01457,train,pump_degrade,train
cstr_train_01458,train,fouling,train
cstr_train_01459,train,outlet_block,train
cstr_train_01460,train,cool_stuck_closed,train
cstr_train_01461,train,pump_degrade,train
cstr_train_01462,train,fouling,train
cstr_train_01463,train,cool_stuck_closed,train
cstr_train_01464,train,fouling,train
cstr_train_01465,train,outlet_block,train
cstr_train_01466,train,fouling,train
cstr_train_01467,train,fouling,train
cstr_train_01468,train,cool_stuck_closed,train
cstr_train_01469,train,fouling,train
cstr_train_01470,train,cool_stuck_closed,train
cstr_train_01471,train,pump_degrade,train
cstr_train_01472,train,cool_stuck_closed,train
cstr_train_01473,train,fouling,train
cstr_train_01474,train,outlet_block,train
cstr_train_01475,train,fouling,train
cstr_train_01476,train,outlet_block,train
cstr_train_01477,train,fouling,train
cstr_train_01478,train,outlet_block,train
cstr_train_01479,train,cool_stuck_closed,train
cstr_train_01480,train,cool_stuck_closed,train
cstr_train_01481,train,cool_stuck_closed,train
cstr_train_01482,train,outlet_block,train
cstr_train_01483,train,cool_stuck_closed,train
cstr_train_01484,train,cool_stuck_closed,train
cstr_train_01485,train,outlet_block,train
cstr_train_01486,train,cool_stuck_closed,train
cstr_train_01487,train,pump_degrade,train
cstr_train_01488,train,pump_degrade,train
cstr_train_01489,train,pump_degrade,train
cstr_train_01490,train,pump_degrade,train
cstr_train_01491,train,outlet_block,train
cstr_train_01492,train,fouling,train
cstr_train_01493,train,fouling,train
cstr_train_01494,train,pump_degrade,train
cstr_train_01495,train,fouling,train
cstr_train_01496,train,fouling,train
cstr_train_01497,train,cool_stuck_closed,train
cstr_train_01498,train,fouling,train
cstr_train_01499,train,cool_stuck_closed,train
cstr_train_01500,train,pump_degrade,train
cstr_train_01501,train,cool_stuck_closed,train
cstr_train_01502,train,cool_stuck_closed,train
cstr_train_01503,train,cool_stuck_closed,train
cstr_train_01504,train,pump_degrade,train
cstr_train_01505,train,fouling,train
cstr_train_01506,train,cool_stuck_closed,train
cstr_train_01507,train,outlet_block,train
cstr_train_01508,train,cool_stuck_closed,train
cstr_train_01509,train,fouling,train
cstr_train_01510,train,pump_degrade,train
cstr_train_01511,train,fouling,train
cstr_train_01512,train,cool_stuck_closed,train
cstr_train_01513,train,pump_degrade,train
cstr_train_01514,train,pump_degrade,train
cstr_train_01515,train,outlet_block,train
cstr_train_01516,train,outlet_block,train
cstr_train_01517,train,pump_degrade,train
cstr_train_01518,train,outlet_block,train
cstr_train_01519,train,cool_stuck_closed,train
cstr_train_01520,train,fouling,train
cstr_train_01521,train,cool_stuck_closed,train
cstr_train_01522,train,pump_degrade,train
cstr_train_01523,train,pump_degrade,train
cstr_train_01524,train,fouling,train
cstr_train_01525,train,outlet_block,train
cstr_train_01526,train,cool_stuck_closed,train
cstr_train_01527,train,fouling,train
cstr_train_01528,train,outlet_block,train
cstr_train_01529,train,pump_degrade,train
cstr_train_01530,train,cool_stuck_closed,train
cstr_train_01531,train,outlet_block,train
cstr_train_01532,train,outlet_block,train
cstr_train_01533,train,cool_stuck_closed,train
cstr_train_01534,train,pump_degrade,train
cstr_train_01535,train,outlet_block,train
cstr_train_01536,train,cool_stuck_closed,train
cstr_train_01537,train,fouling,train
cstr_train_01538,train,cool_stuck_closed,train
cstr_train_01539,train,outlet_block,train
cstr_train_01540,train,outlet_block,train
cstr_train_01541,train,outlet_block,train
cstr_train_01542,train,cool_stuck_closed,train
cstr_train_01543,train,fouling,train
cstr_train_01544,train,cool_stuck_closed,train
cstr_train_01545,train,cool_stuck_closed,train
cstr_train_01546,train,cool_stuck_closed,train
cstr_train_01547,train,cool_stuck_closed,train
cstr_train_01548,train,pump_degrade,train
cstr_train_01549,train,cool_stuck_closed,train
cstr_train_01550,train,cool_stuck_closed,train
cstr_train_01551,train,pump_degrade,train
cstr_train_01552,train,outlet_block,train
cstr_train_01553,train,cool_stuck_closed,train
cstr_train_01554,train,pump_degrade,train
cstr_train_01555,train,outlet_block,train
cstr_train_01556,train,outlet_block,train
cstr_train_01557,train,cool_stuck_closed,train
cstr_train_01558,train,fouling,train
cstr_train_01559,train,fouling,train
cstr_train_01560,train,cool_stuck_closed,train
cstr_train_01561,train,pump_degrade,train
cstr_train_01562,train,fouling,train
cstr_train_01563,train,pump_degrade,train
cstr_train_01564,train,outlet_block,train
cstr_train_01565,train,cool_stuck_closed,train
cstr_train_01566,train,fouling,train
cstr_train_01567,train,cool_stuck_closed,train
cstr_train_01568,train,fouling,train
cstr_train_01569,train,cool_stuck_closed,train
cstr_train_01570,train,fouling,train
cstr_train_01571,train,pump_degrade,train
cstr_train_01572,train,outlet_block,train
cstr_train_01573,train,outlet_block,train
cstr_train_01574,train,fouling,train
cstr_train_01575,train,pump_degrade,train
cstr_train_01576,train,cool_stuck_closed,train
cstr_train_01577,train,pump_degrade,train
cstr_train_01578,train,cool_stuck_closed,train
cstr_train_01579,train,fouling,train
cstr_train_01580,train,pump_degrade,train
cstr_train_01581,train,fouling,train
cstr_train_01582,train,pump_degrade,train
cstr_train_01583,train,pump_degrade,train
cstr_train_01584,train,cool_stuck_closed,train
cstr_train_01585,train,cool_stuck_closed,train
cstr_train_01586,train,fouling,train
cstr_train_01587,train,cool_stuck_closed,train
cstr_train_01588,train,outlet_block,train
cstr_train_01589,train,fouling,train
cstr_train_01590,train,pump_degrade,train
cstr_train_01591,train,outlet_block,train
cstr_train_01592,train,outlet_block,train
cstr_train_01593,train,fouling,train
cstr_train_01594,train,pump_degrade,train
cstr_train_01595,train,pump_degrade,train
cstr_train_01596,train,pump_degrade,train
cstr_train_01597,train,pump_degrade,train
cstr_train_01598,train,pump_degrade,train
cstr_train_01599,train,cool_stuck_closed,train
cstr_train_01600,train,outlet_block,train
cstr_train_01601,train,outlet_block,train
cstr_train_01602,train,outlet_block,train
cstr_train_01603,train,cool_stuck_closed,train
cstr_train_01604,train,fouling,train
cstr_train_01605,train,fouling,train
cstr_train_01606,train,cool_stuck_closed,train
cstr_train_01607,train,fouling,train
cstr_train_01608,train,cool_stuck_closed,train
cstr_train_01609,train,cool_stuck_closed,train
cstr_train_01610,train,pump_degrade,train
cstr_train_01611,train,cool_stuck_closed,train
cstr_train_01612,train,cool_stuck_closed,train
cstr_train_01613,train,fouling,train
cstr_train_01614,train,outlet_block,train
cstr_train_01615,train,cool_stuck_closed,train
cstr_train_01616,train,cool_stuck_closed,train
cstr_train_01617,train,outlet_block,train
cstr_train_01618,train,cool_stuck_closed,train
cstr_train_01619,train,pump_degrade,train
cstr_train_01620,train,outlet_block,train
cstr_train_01621,train,cool_stuck_closed,train
cstr_train_01622,train,fouling,train
cstr_train_01623,train,fouling,train
cstr_train_01624,train,pump_degrade,train
cstr_train_01625,train,outlet_block,train
cstr_train_01626,train,pump_degrade,train
cstr_train_01627,train,pump_degrade,train
cstr_train_01628,train,pump_degrade,train
cstr_train_01629,train,fouling,train
cstr_train_01630,train,fouling,train
cstr_train_01631,train,cool_stuck_closed,train
cstr_train_01632,train,pump_degrade,train
cstr_train_01633,train,pump_degrade,train
cstr_train_01634,train,cool_stuck_closed,train
cstr_train_01635,train,pump_degrade,train
cstr_train_01636,train,pump_degrade,train
cstr_train_01637,train,outlet_block,train
cstr_train_01638,train,cool_stuck_closed,train
cstr_train_01639,train,outlet_block,train
cstr_train_01640,train,outlet_block,train
cstr_train_01641,train,outlet_block,train
cstr_train_01642,train,cool_stuck_closed,train
cstr_train_01643,train,pump_degrade,train
cstr_train_01644,train,outlet_block,train
cstr_train_01645,train,outlet_block,train
cstr_train_01646,train,pump_degrade,train
cstr_train_01647,train,outlet_block,train
cstr_train_01648,train,fouling,train
cstr_train_01649,train,cool_stuck_closed,train
cstr_train_01650,train,pump_degrade,train
cstr_train_01651,train,pump_degrade,train
cstr_train_01652,train,fouling,train
cstr_train_01653,train,outlet_block,train
cstr_train_01654,train,fouling,train
cstr_train_01655,train,outlet_block,train
cstr_train_01656,train,cool_stuck_closed,train
cstr_train_01657,train,cool_stuck_closed,train
cstr_train_01658,train,outlet_block,train
cstr_train_01659,train,cool_stuck_closed,train
cstr_train_01660,train,fouling,train
cstr_train_01661,train,cool_stuck_closed,train
cstr_train_01662,train,pump_degrade,train
cstr_train_01663,train,cool_stuck_closed,train
cstr_train_01664,train,pump_degrade,train
cstr_train_01665,train,outlet_block,train
cstr_train_01666,train,pump_degrade,train
cstr_train_01667,train,outlet_block,train
cstr_train_01668,train,outlet_block,train
cstr_train_01669,train,cool_stuck_closed,train
cstr_train_01670,train,pump_degrade,train
cstr_train_01671,train,cool_stuck_closed,train
cstr_train_01672,train,fouling,train
cstr_train_01673,train,fouling,train
cstr_train_01674,train,fouling,train
cstr_train_01675,train,fouling,train
cstr_train_01676,train,cool_stuck_closed,train
cstr_train_01677,train,cool_stuck_closed,train
cstr_train_01678,train,fouling,train
cstr_train_01679,train,pump_degrade,train
cstr_train_01680,train,fouling,train
cstr_train_01681,train,fouling,train
cstr_train_01682,train,pump_degrade,train
cstr_train_01683,train,outlet_block,train
cstr_train_01684,train,cool_stuck_closed,train
cstr_train_01685,train,outlet_block,train
cstr_train_01686,train,fouling,train
cstr_train_01687,train,fouling,train
cstr_train_01688,train,fouling,train
cstr_train_01689,train,fouling,train
cstr_train_01690,train,cool_stuck_closed,train
cstr_train_01691,train,fouling,train
cstr_train_01692,train,cool_stuck_closed,train
cstr_train_01693,train,fouling,train
cstr_train_01694,train,pump_degrade,train
cstr_train_01695,train,pump_degrade,train
cstr_train_01696,train,fouling,train
cstr_train_01697,train,fouling,train
cstr_train_01698,train,outlet_block,train
cstr_train_01699,train,pump_degrade,train
cstr_train_01700,train,cool_stuck_closed,train
cstr_train_01701,train,outlet_block,train
cstr_train_01702,train,pump_degrade,train
cstr_train_01703,train,cool_stuck_closed,train
cstr_train_01704,train,outlet_block,train
cstr_train_01705,train,cool_stuck_closed,train
cstr_train_01706,train,cool_stuck_closed,train
cstr_train_01707,train,fouling,train
cstr_train_01708,train,outlet_block,train
cstr_train_01709,train,outlet_block,train
cstr_train_01710,train,outlet_block,train
cstr_train_01711,train,outlet_block,train
cstr_train_01712,train,fouling,train
cstr_train_01713,train,pump_degrade,train
cstr_train_01714,train,fouling,train
cstr_train_01715,train,pump_degrade,train
cstr_train_01716,train,fouling,train
cstr_train_01717,train,cool_stuck_closed,train
cstr_train_01718,train,outlet_block,train
cstr_train_01719,train,pump_degrade,train
cstr_train_01720,train,pump_degrade,train
cstr_train_01721,train,outlet_block,train
cstr_train_01722,train,pump_degrade,train
cstr_train_01723,train,cool_stuck_closed,train
cstr_train_01724,train,outlet_block,train
cstr_train_01725,train,cool_stuck_closed,train
cstr_train_01726,train,outlet_block,train
cstr_train_01727,train,pump_degrade,train
cstr_train_01728,train,pump_degrade,train
cstr_train_01729,train,cool_stuck_closed,train
cstr_train_01730,train,pump_degrade,train
cstr_train_01731,train,fouling,train
cstr_train_01732,train,fouling,train
cstr_train_01733,train,pump_degrade,train
cstr_train_01734,train,pump_degrade,train
cstr_train_01735,train,cool_stuck_closed,train
cstr_train_01736,train,fouling,train
cstr_train_01737,train,pump_degrade,train
cstr_train_01738,train,fouling,train
cstr_train_01739,train,fouling,train
cstr_train_01740,train,pump_degrade,train
cstr_train_01741,train,outlet_block,train
cstr_train_01742,train,outlet_block,train
cstr_train_01743,train,fouling,train
cstr_train_01744,train,fouling,train
cstr_train_01745,train,fouling,train
cstr_train_01746,train,outlet_block,train
cstr_train_01747,train,fouling,train
cstr_train_01748,train,fouling,train
cstr_train_01749,train,outlet_block,train
cstr_train_01750,train,cool_stuck_closed,train
cstr_train_01751,train,pump_degrade,train
cstr_train_01752,train,fouling,train
cstr_train_01753,train,pump_degrade,train
cstr_train_01754,train,pump_degrade,train
cstr_train_01755,train,fouling,train
cstr_train_01756,train,fouling,train
cstr_train_01757,train,outlet_block,train
cstr_train_01758,train,pump_degrade,train
cstr_train_01759,train,outlet_block,train
cstr_train_01760,train,outlet_block,train
cstr_train_01761,train,pump_degrade,train
cstr_train_01762,train,cool_stuck_closed,train
cstr_train_01763,train,pump_degrade,train
cstr_train_01764,train,outlet_block,train
cstr_train_01765,train,pump_degrade,train
cstr_train_01766,train,fouling,train
cstr_train_01767,train,pump_degrade,train
cstr_train_01768,train,pump_degrade,train
cstr_train_01769,train,cool_stuck_closed,train
cstr_train_01770,train,pump_degrade,train
cstr_train_01771,train,outlet_block,train
cstr_train_01772,train,fouling,train
cstr_train_01773,train,pump_degrade,train
cstr_train_01774,train,cool_stuck_closed,train
cstr_train_01775,train,outlet_block,train
cstr_train_01776,train,fouling,train
cstr_train_01777,train,outlet_block,train
cstr_train_01778,train,pump_degrade,train
cstr_train_01779,train,outlet_block,train
cstr_train_01780,train,pump_degrade,train
cstr_train_01781,train,outlet_block,train
cstr_train_01782,train,pump_degrade,train
cstr_train_01783,train,fouling,train
cstr_train_01784,train,outlet_block,train
cstr_train_01785,train,outlet_block,train
cstr_train_01786,train,outlet_block,train
cstr_train_01787,train,fouling,train
cstr_train_01788,train,cool_stuck_closed,train
cstr_train_01789,train,cool_stuck_closed,train
cstr_train_01790,train,outlet_block,train
cstr_train_01791,train,fouling,train
cstr_train_01792,train,pump_degrade,train
cstr_train_01793,train,cool_stuck_closed,train
cstr_train_01794,train,outlet_block,train
cstr_train_01795,train,pump_degrade,train
cstr_train_01796,train,outlet_block,train
cstr_train_01797,train,cool_stuck_closed,train
cstr_train_01798,train,pump_degrade,train
cstr_train_01799,train,cool_stuck_closed,train
cstr_train_01800,train,outlet_block,train
cstr_train_01801,train,outlet_block,train
cstr_train_01802,train,outlet_block,train
cstr_train_01803,train,cool_stuck_closed,train
cstr_train_01804,train,pump_degrade,train
cstr_train_01805,train,fouling,train
cstr_train_01806,train,cool_stuck_closed,train
cstr_train_01807,train,cool_stuck_closed,train
cstr_train_01808,train,pump_degrade,train
cstr_train_01809,train,pump_degrade,train
cstr_train_01810,train,pump_degrade,train
cstr_train_01811,train,fouling,train
cstr_train_01812,train,fouling,train
cstr_train_01813,train,outlet_block,train
cstr_train_01814,train,cool_stuck_closed,train
cstr_train_01815,train,outlet_block,train
cstr_train_01816,train,pump_degrade,train
cstr_train_01817,train,pump_degrade,train
cstr_train_01818,train,pump_degrade,train
cstr_train_01819,train,pump_degrade,train
cstr_train_01820,train,outlet_block,train
cstr_train_01821,train,outlet_block,train
cstr_train_01822,train,outlet_block,train
cstr_train_01823,train,fouling,train
cstr_train_01824,train,outlet_block,train
cstr_train_01825,train,pump_degrade,train
cstr_train_01826,train,fouling,train
cstr_train_01827,train,fouling,train
cstr_train_01828,train,fouling,train
cstr_train_01829,train,pump_degrade,train
cstr_train_01830,train,fouling,train
cstr_train_01831,train,outlet_block,train
cstr_train_01832,train,outlet_block,train
cstr_train_01833,train,outlet_block,train
cstr_train_01834,train,fouling,train
cstr_train_01835,train,fouling,train
cstr_train_01836,train,cool_stuck_closed,train
cstr_train_01837,train,outlet_block,train
cstr_train_01838,train,outlet_block,train
cstr_train_01839,train,pump_degrade,train
cstr_train_01840,train,cool_stuck_closed,train
cstr_train_01841,train,cool_stuck_closed,train
cstr_train_01842,train,cool_stuck_closed,train
cstr_train_01843,train,fouling,train
cstr_train_01844,train,outlet_block,train
cstr_train_01845,train,cool_stuck_closed,train
cstr_train_01846,train,cool_stuck_closed,train
cstr_train_01847,train,pump_degrade,train
cstr_train_01848,train,cool_stuck_closed,train
cstr_train_01849,train,fouling,train
cstr_train_01850,train,outlet_block,train
cstr_train_01851,train,fouling,train
cstr_train_01852,train,pump_degrade,train
cstr_train_01853,train,outlet_block,train
cstr_train_01854,train,outlet_block,train
cstr_train_01855,train,pump_degrade,train
cstr_train_01856,train,outlet_block,train
cstr_train_01857,train,fouling,train
cstr_train_01858,train,pump_degrade,train
cstr_train_01859,train,pump_degrade,train
cstr_train_01860,train,outlet_block,train
cstr_train_01861,train,cool_stuck_closed,train
cstr_train_01862,train,outlet_block,train
cstr_train_01863,train,pump_degrade,train
cstr_train_01864,train,pump_degrade,train
cstr_train_01865,train,fouling,train
cstr_train_01866,train,outlet_block,train
cstr_train_01867,train,outlet_block,train
cstr_train_01868,train,outlet_block,train
cstr_train_01869,train,outlet_block,train
cstr_train_01870,train,cool_stuck_closed,train
cstr_train_01871,train,fouling,train
cstr_train_01872,train,pump_degrade,train
cstr_train_01873,train,fouling,train
cstr_train_01874,train,cool_stuck_closed,train
cstr_train_01875,train,cool_stuck_closed,train
cstr_train_01876,train,fouling,train
cstr_train_01877,train,fouling,train
cstr_train_01878,train,outlet_block,train
cstr_train_01879,train,outlet_block,train
cstr_train_01880,train,outlet_block,train
cstr_train_01881,train,cool_stuck_closed,train
cstr_train_01882,train,outlet_block,train
cstr_train_01883,train,outlet_block,train
cstr_train_01884,train,cool_stuck_closed,train
cstr_train_01885,train,pump_degrade,train
cstr_train_01886,train,pump_degrade,train
cstr_train_01887,train,fouling,train
cstr_train_01888,train,fouling,train
cstr_train_01889,train,outlet_block,train
cstr_train_01890,train,cool_stuck_closed,train
cstr_train_01891,train,cool_stuck_closed,train
cstr_train_01892,train,pump_degrade,train
cstr_train_01893,train,outlet_block,train
cstr_train_01894,train,pump_degrade,train
cstr_train_01895,train,pump_degrade,train
cstr_train_01896,train,pump_degrade,train
cstr_train_01897,train,pump_degrade,train
cstr_train_01898,train,pump_degrade,train
cstr_train_01899,train,cool_stuck_closed,train
cstr_train_01900,train,cool_stuck_closed,train
cstr_train_01901,train,outlet_block,train
cstr_train_01902,train,fouling,train
cstr_train_01903,train,outlet_block,train
cstr_train_01904,train,cool_stuck_closed,train
cstr_train_01905,train,pump_degrade,train
cstr_train_01906,train,cool_stuck_closed,train
cstr_train_01907,train,pump_degrade,train
cstr_train_01908,train,fouling,train
cstr_train_01909,train,outlet_block,train
cstr_train_01910,train,outlet_block,train
cstr_train_01911,train,pump_degrade,train
cstr_train_01912,train,cool_stuck_closed,train
cstr_train_01913,train,cool_stuck_closed,train
cstr_train_01914,train,cool_stuck_closed,train
cstr_train_01915,train,pump_degrade,train
cstr_train_01916,train,outlet_block,train
cstr_train_01917,train,cool_stuck_closed,train
cstr_train_01918,train,pump_degrade,train
cstr_train_01919,train,cool_stuck_closed,train
cstr_train_01920,train,cool_stuck_closed,train
cstr_train_01921,train,pump_degrade,train
cstr_train_01922,train,pump_degrade,train
cstr_train_01923,train,cool_stuck_closed,train
cstr_train_01924,train,pump_degrade,train
cstr_train_01925,train,cool_stuck_closed,train
cstr_train_01926,train,outlet_block,train
cstr_train_01927,train,outlet_block,train
cstr_train_01928,train,fouling,train
cstr_train_01929,train,outlet_block,train
cstr_train_01930,train,fouling,train
cstr_train_01931,train,cool_stuck_closed,train
cstr_train_01932,train,pump_degrade,train
cstr_train_01933,train,fouling,train
cstr_train_01934,train,cool_stuck_closed,train
cstr_train_01935,train,cool_stuck_closed,train
cstr_train_01936,train,cool_stuck_closed,train
cstr_train_01937,train,outlet_block,train
cstr_train_01938,train,outlet_block,train
cstr_train_01939,train,fouling,train
cstr_train_01940,train,pump_degrade,train
cstr_train_01941,train,outlet_block,train
cstr_train_01942,train,cool_stuck_closed,train
cstr_train_01943,train,pump_degrade,train
cstr_train_01944,train,fouling,train
cstr_train_01945,train,outlet_block,train
cstr_train_01946,train,pump_degrade,train
cstr_train_01947,train,outlet_block,train
cstr_train_01948,train,outlet_block,train
cstr_train_01949,train,pump_degrade,train
cstr_train_01950,train,fouling,train
cstr_train_01951,train,fouling,train
cstr_train_01952,train,outlet_block,train
cstr_train_01953,train,cool_stuck_closed,train
cstr_train_01954,train,cool_stuck_closed,train
cstr_train_01955,train,cool_stuck_closed,train
cstr_train_01956,train,cool_stuck_closed,train
cstr_train_01957,train,cool_stuck_closed,train
cstr_train_01958,train,pump_degrade,train
cstr_train_01959,train,outlet_block,train
cstr_train_01960,train,fouling,train
cstr_train_01961,train,cool_stuck_closed,train
cstr_train_01962,train,outlet_block,train
cstr_train_01963,train,pump_degrade,train
cstr_train_01964,train,outlet_block,train
cstr_train_01965,train,outlet_block,train
cstr_train_01966,train,cool_stuck_closed,train
cstr_train_01967,train,outlet_block,train
cstr_train_01968,train,pump_degrade,train
cstr_train_01969,train,outlet_block,train
cstr_train_01970,train,outlet_block,train
cstr_train_01971,train,cool_stuck_closed,train
cstr_train_01972,train,outlet_block,train
cstr_train_01973,train,pump_degrade,train
cstr_train_01974,train,cool_stuck_closed,train
cstr_train_01975,train,fouling,train
cstr_train_01976,train,outlet_block,train
cstr_train_01977,train,pump_degrade,train
cstr_train_01978,train,pump_degrade,train
cstr_train_01979,train,fouling,train
cstr_train_01980,train,outlet_block,train
cstr_train_01981,train,fouling,train
cstr_train_01982,train,cool_stuck_closed,train
cstr_train_01983,train,cool_stuck_closed,train
cstr_train_01984,train,pump_degrade,train
cstr_train_01985,train,cool_stuck_closed,train
cstr_train_01986,train,pump_degrade,train
cstr_train_01987,train,outlet_block,train
cstr_train_01988,train,cool_stuck_closed,train
cstr_train_01989,train,outlet_block,train
cstr_train_01990,train,pump_degrade,train
cstr_train_01991,train,pump_degrade,train
cstr_train_01992,train,cool_stuck_closed,train
cstr_train_01993,train,pump_degrade,train
cstr_train_01994,train,outlet_block,train
cstr_train_01995,train,fouling,train
cstr_train_01996,train,cool_stuck_closed,train
cstr_train_01997,train,fouling,train
cstr_train_01998,train,outlet_block,train
cstr_train_01999,train,outlet_block,train
cstr_train_02000,train,outlet_block,train
cstr_train_02001,train,fouling,train
cstr_train_02002,train,outlet_block,train
cstr_train_02003,train,fouling,train
cstr_train_02004,train,outlet_block,train
cstr_train_02005,train,outlet_block,train
cstr_train_02006,train,cool_stuck_closed,train
cstr_train_02007,train,cool_stuck_closed,train
cstr_train_02008,train,outlet_block,train
cstr_train_02009,train,fouling,train
cstr_train_02010,train,pump_degrade,train
cstr_train_02011,train,pump_degrade,train
cstr_train_02012,train,outlet_block,train
cstr_train_02013,train,outlet_block,train
cstr_train_02014,train,fouling,train
cstr_train_02015,train,fouling,train
cstr_train_02016,train,pump_degrade,train
cstr_train_02017,train,pump_degrade,train
cstr_train_02018,train,pump_degrade,train
cstr_train_02019,train,pump_degrade,train
cstr_train_02020,train,fouling,train
cstr_train_02021,train,outlet_block,train
cstr_train_02022,train,cool_stuck_closed,train
cstr_train_02023,train,pump_degrade,train
cstr_train_02024,train,cool_stuck_closed,train
cstr_train_02025,train,pump_degrade,train
cstr_train_02026,train,pump_degrade,train
cstr_train_02027,train,pump_degrade,train
cstr_train_02028,train,fouling,train
cstr_train_02029,train,cool_stuck_closed,train
cstr_train_02030,train,fouling,train
cstr_train_02031,train,fouling,train
cstr_train_02032,train,outlet_block,train
cstr_train_02033,train,pump_degrade,train
cstr_train_02034,train,outlet_block,train
cstr_train_02035,train,pump_degrade,train
cstr_train_02036,train,fouling,train
cstr_train_02037,train,fouling,train
cstr_train_02038,train,cool_stuck_closed,train
cstr_train_02039,train,fouling,train
cstr_train_02040,train,pump_degrade,train
cstr_train_02041,train,pump_degrade,train
cstr_train_02042,train,outlet_block,train
cstr_train_02043,train,outlet_block,train
cstr_train_02044,train,outlet_block,train
cstr_train_02045,train,cool_stuck_closed,train
cstr_train_02046,train,fouling,train
cstr_train_02047,train,pump_degrade,train
cstr_train_02048,train,outlet_block,train
cstr_train_02049,train,fouling,train
cstr_train_02050,train,pump_degrade,train
cstr_train_02051,train,pump_degrade,train
cstr_train_02052,train,cool_stuck_closed,train
cstr_train_02053,train,outlet_block,train
cstr_train_02054,train,outlet_block,train
cstr_train_02055,train,fouling,train
cstr_train_02056,train,pump_degrade,train
cstr_train_02057,train,cool_stuck_closed,train
cstr_train_02058,train,pump_degrade,train
cstr_train_02059,train,fouling,train
cstr_train_02060,train,outlet_block,train
cstr_train_02061,train,pump_degrade,train
cstr_train_02062,train,cool_stuck_closed,train
cstr_train_02063,train,pump_degrade,train
cstr_train_02064,train,pump_degrade,train
cstr_train_02065,train,cool_stuck_closed,train
cstr_train_02066,train,fouling,train
cstr_train_02067,train,cool_stuck_closed,train
cstr_train_02068,train,cool_stuck_closed,train
cstr_train_02069,train,fouling,train
cstr_train_02070,train,cool_stuck_closed,train
cstr_train_02071,train,cool_stuck_closed,train
cstr_train_02072,train,pump_degrade,train
cstr_train_02073,train,cool_stuck_closed,train
cstr_train_02074,train,pump_degrade,train
cstr_train_02075,train,outlet_block,train
cstr_train_02076,train,cool_stuck_closed,train
cstr_train_02077,train,cool_stuck_closed,train
cstr_train_02078,train,pump_degrade,train
cstr_train_02079,train,pump_degrade,train
cstr_train_02080,train,pump_degrade,train
cstr_train_02081,train,pump_degrade,train
cstr_train_02082,train,fouling,train
cstr_train_02083,train,cool_stuck_closed,train
cstr_train_02084,train,fouling,train
cstr_train_02085,train,outlet_block,train
cstr_train_02086,train,outlet_block,train
cstr_train_02087,train,outlet_block,train
cstr_train_02088,train,fouling,train
cstr_train_02089,train,cool_stuck_closed,train
cstr_train_02090,train,cool_stuck_closed,train
cstr_train_02091,train,fouling,train
cstr_train_02092,train,fouling,train
cstr_train_02093,train,pump_degrade,train
cstr_train_02094,train,cool_stuck_closed,train
cstr_train_02095,train,cool_stuck_closed,train
cstr_train_02096,train,pump_degrade,train
cstr_train_02097,train,outlet_block,train
cstr_train_02098,train,pump_degrade,train
cstr_train_02099,train,outlet_block,train
cstr_train_02100,train,outlet_block,train
cstr_train_02101,train,outlet_block,train
cstr_train_02102,train,pump_degrade,train
cstr_train_02103,train,fouling,train
cstr_train_02104,train,cool_stuck_closed,train
cstr_train_02105,train,cool_stuck_closed,train
cstr_train_02106,train,cool_stuck_closed,train
cstr_train_02107,train,fouling,train
cstr_train_02108,train,cool_stuck_closed,train
cstr_train_02109,train,outlet_block,train
cstr_train_02110,train,pump_degrade,train
cstr_train_02111,train,cool_stuck_closed,train
cstr_train_02112,train,outlet_block,train
cstr_train_02113,train,pump_degrade,train
cstr_train_02114,train,fouling,train
cstr_train_02115,train,fouling,train
cstr_train_02116,train,fouling,train
cstr_train_02117,train,pump_degrade,train
cstr_train_02118,train,cool_stuck_closed,train
cstr_train_02119,train,outlet_block,train
cstr_train_02120,train,outlet_block,train
cstr_train_02121,train,cool_stuck_closed,train
cstr_train_02122,train,fouling,train
cstr_train_02123,train,cool_stuck_closed,train
cstr_train_02124,train,fouling,train
cstr_train_02125,train,cool_stuck_closed,train
cstr_train_02126,train,pump_degrade,train
cstr_train_02127,train,pump_degrade,train
cstr_train_02128,train,pump_degrade,train
cstr_train_02129,train,cool_stuck_closed,train
cstr_train_02130,train,pump_degrade,train
cstr_train_02131,train,fouling,train
cstr_train_02132,train,pump_degrade,train
cstr_train_02133,train,cool_stuck_closed,train
cstr_train_02134,train,pump_degrade,train
cstr_train_02135,train,fouling,train
cstr_train_02136,train,pump_degrade,train
cstr_train_02137,train,pump_degrade,train
cstr_train_02138,train,fouling,train
cstr_train_02139,train,pump_degrade,train
cstr_train_02140,train,fouling,train
cstr_train_02141,train,pump_degrade,train
cstr_train_02142,train,pump_degrade,train
cstr_train_02143,train,pump_degrade,train
cstr_train_02144,train,pump_degrade,train
cstr_train_02145,train,fouling,train
cstr_train_02146,train,outlet_block,train
cstr_train_02147,train,cool_stuck_closed,train
cstr_train_02148,train,cool_stuck_closed,train
cstr_train_02149,train,cool_stuck_closed,train
cstr_train_02150,train,fouling,train
cstr_train_02151,train,fouling,train
cstr_train_02152,train,cool_stuck_closed,train
cstr_train_02153,train,cool_stuck_closed,train
cstr_train_02154,train,pump_degrade,train
cstr_train_02155,train,pump_degrade,train
cstr_train_02156,train,cool_stuck_closed,train
cstr_train_02157,train,outlet_block,train
cstr_train_02158,train,fouling,train
cstr_train_02159,train,fouling,train
cstr_train_02160,train,fouling,train
cstr_train_02161,train,pump_degrade,train
cstr_train_02162,train,cool_stuck_closed,train
cstr_train_02163,train,outlet_block,train
cstr_train_02164,train,pump_degrade,train
cstr_train_02165,train,outlet_block,train
cstr_train_02166,train,pump_degrade,train
cstr_train_02167,train,pump_degrade,train
cstr_train_02168,train,pump_degrade,train
cstr_train_02169,train,pump_degrade,train
cstr_train_02170,train,pump_degrade,train
cstr_train_02171,train,outlet_block,train
cstr_train_02172,train,cool_stuck_closed,train
cstr_train_02173,train,outlet_block,train
cstr_train_02174,train,fouling,train
cstr_train_02175,train,pump_degrade,train
cstr_train_02176,train,pump_degrade,train
cstr_train_02177,train,outlet_block,train
cstr_train_02178,train,fouling,train
cstr_train_02179,train,cool_stuck_closed,train
cstr_train_02180,train,cool_stuck_closed,train
cstr_train_02181,train,outlet_block,train
cstr_train_02182,train,fouling,train
cstr_train_02183,train,fouling,train
cstr_train_02184,train,outlet_block,train
cstr_train_02185,train,cool_stuck_closed,train
cstr_train_02186,train,cool_stuck_closed,train
cstr_train_02187,train,outlet_block,train
cstr_train_02188,train,fouling,train
cstr_train_02189,train,fouling,train
cstr_train_02190,train,cool_stuck_closed,train
cstr_train_02191,train,outlet_block,train
cstr_train_02192,train,fouling,train
cstr_train_02193,train,fouling,train
cstr_train_02194,train,cool_stuck_closed,train
cstr_train_02195,train,fouling,train
cstr_train_02196,train,outlet_block,train
cstr_train_02197,train,outlet_block,train
cstr_train_02198,train,pump_degrade,train
cstr_train_02199,train,pump_degrade,train
cstr_train_02200,train,cool_stuck_closed,train
cstr_train_02201,train,fouling,train
cstr_train_02202,train,pump_degrade,train
cstr_train_02203,train,cool_stuck_closed,train
cstr_train_02204,train,fouling,train
cstr_train_02205,train,outlet_block,train
cstr_train_02206,train,cool_stuck_closed,train
cstr_train_02207,train,outlet_block,train
cstr_train_02208,train,pump_degrade,train
cstr_train_02209,train,cool_stuck_closed,train
cstr_train_02210,train,fouling,train
cstr_train_02211,train,pump_degrade,train
cstr_train_02212,train,pump_degrade,train
cstr_train_02213,train,pump_degrade,train
cstr_train_02214,train,outlet_block,train
cstr_train_02215,train,cool_stuck_closed,train
cstr_train_02216,train,pump_degrade,train
cstr_train_02217,train,pump_degrade,train
cstr_train_02218,train,pump_degrade,train
cstr_train_02219,train,pump_degrade,train
cstr_train_02220,train,outlet_block,train
cstr_train_02221,train,fouling,train
cstr_train_02222,train,fouling,train
cstr_train_02223,train,cool_stuck_closed,train
cstr_train_02224,train,cool_stuck_closed,train
cstr_train_02225,train,cool_stuck_closed,train
cstr_train_02226,train,pump_degrade,train
cstr_train_02227,train,fouling,train
cstr_train_02228,train,outlet_block,train
cstr_train_02229,train,outlet_block,train
cstr_train_02230,train,cool_stuck_closed,train
cstr_train_02231,train,fouling,train
cstr_train_02232,train,fouling,train
cstr_train_02233,train,pump_degrade,train
cstr_train_02234,train,pump_degrade,train
cstr_train_02235,train,outlet_block,train
cstr_train_02236,train,cool_stuck_closed,train
cstr_train_02237,train,fouling,train
cstr_train_02238,train,pump_degrade,train
cstr_train_02239,train,pump_degrade,train
cstr_train_02240,train,outlet_block,train
cstr_train_02241,train,fouling,train
cstr_train_02242,train,cool_stuck_closed,train
cstr_train_02243,train,outlet_block,train
cstr_train_02244,train,outlet_block,train
cstr_train_02245,train,outlet_block,train
cstr_train_02246,train,outlet_block,train
cstr_train_02247,train,fouling,train
cstr_train_02248,train,cool_stuck_closed,train
cstr_train_02249,train,fouling,train
cstr_train_02250,train,cool_stuck_closed,train
cstr_train_02251,train,pump_degrade,train
cstr_train_02252,train,pump_degrade,train
cstr_train_02253,train,fouling,train
cstr_train_02254,train,cool_stuck_closed,train
cstr_train_02255,train,outlet_block,train
cstr_train_02256,train,pump_degrade,train
cstr_train_02257,train,cool_stuck_closed,train
cstr_train_02258,train,fouling,train
cstr_train_02259,train,cool_stuck_closed,train
cstr_train_02260,train,cool_stuck_closed,train
cstr_train_02261,train,outlet_block,train
cstr_train_02262,train,fouling,train
cstr_train_02263,train,outlet_block,train
cstr_train_02264,train,cool_stuck_closed,train
cstr_train_02265,train,fouling,train
cstr_train_02266,train,pump_degrade,train
cstr_train_02267,train,pump_degrade,train
cstr_train_02268,train,pump_degrade,train
cstr_train_02269,train,fouling,train
cstr_train_02270,train,fouling,train
cstr_train_02271,train,cool_stuck_closed,train
cstr_train_02272,train,cool_stuck_closed,train
cstr_train_02273,train,fouling,train
cstr_train_02274,train,fouling,train
cstr_train_02275,train,outlet_block,train
cstr_train_02276,train,cool_stuck_closed,train
cstr_train_02277,train,pump_degrade,train
cstr_train_02278,train,fouling,train
cstr_train_02279,train,pump_degrade,train
cstr_train_02280,train,fouling,train
cstr_train_02281,train,outlet_block,train
cstr_train_02282,train,cool_stuck_closed,train
cstr_train_02283,train,cool_stuck_closed,train
cstr_train_02284,train,pump_degrade,train
cstr_train_02285,train,fouling,train
cstr_train_02286,train,pump_degrade,train
cstr_train_02287,train,cool_stuck_closed,train
cstr_train_02288,train,outlet_block,train
cstr_train_02289,train,fouling,train
cstr_train_02290,train,pump_degrade,train
cstr_train_02291,train,cool_stuck_closed,train
cstr_train_02292,train,fouling,train
cstr_train_02293,train,pump_degrade,train
cstr_train_02294,train,cool_stuck_closed,train
cstr_train_02295,train,fouling,train
cstr_train_02296,train,pump_degrade,train
cstr_train_02297,train,pump_degrade,train
cstr_train_02298,train,fouling,train
cstr_train_02299,train,outlet_block,train
cstr_train_02300,train,cool_stuck_closed,train
cstr_train_02301,train,outlet_block,train
cstr_train_02302,train,cool_stuck_closed,train
cstr_train_02303,train,pump_degrade,train
cstr_train_02304,train,cool_stuck_closed,train
cstr_train_02305,train,pump_degrade,train
cstr_train_02306,train,fouling,train
cstr_train_02307,train,fouling,train
cstr_train_02308,train,outlet_block,train
cstr_train_02309,train,cool_stuck_closed,train
cstr_train_02310,train,outlet_block,train
cstr_train_02311,train,outlet_block,train
cstr_train_02312,train,fouling,train
cstr_train_02313,train,fouling,train
cstr_train_02314,train,cool_stuck_closed,train
cstr_train_02315,train,fouling,train
cstr_train_02316,train,pump_degrade,train
cstr_train_02317,train,cool_stuck_closed,train
cstr_train_02318,train,outlet_block,train
cstr_train_02319,train,cool_stuck_closed,train
cstr_train_02320,train,fouling,train
cstr_train_02321,train,pump_degrade,train
cstr_train_02322,train,fouling,train
cstr_train_02323,train,fouling,train
cstr_train_02324,train,fouling,train
cstr_train_02325,train,pump_degrade,train
cstr_train_02326,train,pump_degrade,train
cstr_train_02327,train,fouling,train
cstr_train_02328,train,pump_degrade,train
cstr_train_02329,train,outlet_block,train
cstr_train_02330,train,pump_degrade,train
cstr_train_02331,train,fouling,train
cstr_train_02332,train,outlet_block,train
cstr_train_02333,train,outlet_block,train
cstr_train_02334,train,outlet_block,train
cstr_train_02335,train,pump_degrade,train
cstr_train_02336,train,pump_degrade,train
cstr_train_02337,train,pump_degrade,train
cstr_train_02338,train,outlet_block,train
cstr_train_02339,train,outlet_block,train
cstr_train_02340,train,fouling,train
cstr_train_02341,train,outlet_block,train
cstr_train_02342,train,cool_stuck_closed,train
cstr_train_02343,train,outlet_block,train
cstr_train_02344,train,outlet_block,train
cstr_train_02345,train,cool_stuck_closed,train
cstr_train_02346,train,cool_stuck_closed,train
cstr_train_02347,train,pump_degrade,train
cstr_train_02348,train,fouling,train
cstr_train_02349,train,pump_degrade,train
cstr_train_02350,train,cool_stuck_closed,train
cstr_train_02351,train,outlet_block,train
cstr_train_02352,train,outlet_block,train
cstr_train_02353,train,fouling,train
cstr_train_02354,train,fouling,train
cstr_train_02355,train,outlet_block,train
cstr_train_02356,train,fouling,train
cstr_train_02357,train,pump_degrade,train
cstr_train_02358,train,pump_degrade,train
cstr_train_02359,train,pump_degrade,train
cstr_train_02360,train,fouling,train
cstr_train_02361,train,cool_stuck_closed,train
cstr_train_02362,train,outlet_block,train
cstr_train_02363,train,cool_stuck_closed,train
cstr_train_02364,train,fouling,train
cstr_train_02365,train,pump_degrade,train
cstr_train_02366,train,cool_stuck_closed,train
cstr_train_02367,train,fouling,train
cstr_train_02368,train,fouling,train
cstr_train_02369,train,outlet_block,train
cstr_train_02370,train,outlet_block,train
cstr_train_02371,train,fouling,train
cstr_train_02372,train,outlet_block,train
cstr_train_02373,train,outlet_block,train
cstr_train_02374,train,cool_stuck_closed,train
cstr_train_02375,train,cool_stuck_closed,train
cstr_train_02376,train,outlet_block,train
cstr_train_02377,train,outlet_block,train
cstr_train_02378,train,fouling,train
cstr_train_02379,train,pump_degrade,train
cstr_train_02380,train,outlet_block,train
cstr_train_02381,train,fouling,train
cstr_train_02382,train,cool_stuck_closed,train
cstr_train_02383,train,outlet_block,train
cstr_train_02384,train,pump_degrade,train
cstr_train_02385,train,fouling,train
cstr_train_02386,train,outlet_block,train
cstr_train_02387,train,cool_stuck_closed,train
cstr_train_02388,train,pump_degrade,train
cstr_train_02389,train,cool_stuck_closed,train
cstr_train_02390,train,cool_stuck_closed,train
cstr_train_02391,train,cool_stuck_closed,train
cstr_train_02392,train,pump_degrade,train
cstr_train_02393,train,fouling,train
cstr_train_02394,train,fouling,train
cstr_train_02395,train,fouling,train
cstr_train_02396,train,outlet_block,train
cstr_train_02397,train,outlet_block,train
cstr_train_02398,train,fouling,train
cstr_train_02399,train,pump_degrade,train
cstr_train_02400,train,fouling,train
cstr_train_02401,train,fouling,train
cstr_train_02402,train,outlet_block,train
cstr_train_02403,train,outlet_block,train
cstr_train_02404,train,fouling,train
cstr_train_02405,train,fouling,train
cstr_train_02406,train,pump_degrade,train
cstr_train_02407,train,cool_stuck_closed,train
cstr_train_02408,train,cool_stuck_closed,train
cstr_train_02409,train,fouling,train
cstr_train_02410,train,cool_stuck_closed,train
cstr_train_02411,train,fouling,train
cstr_train_02412,train,cool_stuck_closed,train
cstr_train_02413,train,fouling,train
cstr_train_02414,train,cool_stuck_closed,train
cstr_train_02415,train,cool_stuck_closed,train
cstr_train_02416,train,pump_degrade,train
cstr_train_02417,train,cool_stuck_closed,train
cstr_train_02418,train,fouling,train
cstr_train_02419,train,cool_stuck_closed,train
cstr_train_02420,train,pump_degrade,train
cstr_train_02421,train,fouling,train
cstr_train_02422,train,pump_degrade,train
cstr_train_02423,train,pump_degrade,train
cstr_train_02424,train,outlet_block,train
cstr_train_02425,train,outlet_block,train
cstr_train_02426,train,pump_degrade,train
cstr_train_02427,train,fouling,train
cstr_train_02428,train,fouling,train
cstr_train_02429,train,fouling,train
cstr_train_02430,train,outlet_block,train
cstr_train_02431,train,pump_degrade,train
cstr_train_02432,train,fouling,train
cstr_train_02433,train,pump_degrade,train
cstr_train_02434,train,outlet_block,train
cstr_train_02435,train,outlet_block,train
cstr_train_02436,train,outlet_block,train
cstr_train_02437,train,cool_stuck_closed,train
cstr_train_02438,train,pump_degrade,train
cstr_train_02439,train,fouling,train
cstr_train_02440,train,pump_degrade,train
cstr_train_02441,train,pump_degrade,train
cstr_train_02442,train,cool_stuck_closed,train
cstr_train_02443,train,cool_stuck_closed,train
cstr_train_02444,train,pump_degrade,train
cstr_train_02445,train,fouling,train
cstr_train_02446,train,fouling,train
cstr_train_02447,train,fouling,train
cstr_train_02448,train,outlet_block,train
cstr_train_02449,train,cool_stuck_closed,train
cstr_train_02450,train,fouling,train
cstr_train_02451,train,cool_stuck_closed,train
cstr_train_02452,train,pump_degrade,train
cstr_train_02453,train,fouling,train
cstr_train_02454,train,pump_degrade,train
cstr_train_02455,train,outlet_block,train
cstr_train_02456,train,fouling,train
cstr_train_02457,train,fouling,train
cstr_train_02458,train,cool_stuck_closed,train
cstr_train_02459,train,pump_degrade,train
cstr_train_02460,train,outlet_block,train
cstr_train_02461,train,pump_degrade,train
cstr_train_02462,train,fouling,train
cstr_train_02463,train,outlet_block,train
cstr_train_02464,train,fouling,train
cstr_train_02465,train,fouling,train
cstr_train_02466,train,outlet_block,train
cstr_train_02467,train,cool_stuck_closed,train
cstr_train_02468,train,fouling,train
cstr_train_02469,train,outlet_block,train
cstr_train_02470,train,pump_degrade,train
cstr_train_02471,train,outlet_block,train
cstr_train_02472,train,cool_stuck_closed,train
cstr_train_02473,train,cool_stuck_closed,train
cstr_train_02474,train,outlet_block,train
cstr_train_02475,train,cool_stuck_closed,train
cstr_train_02476,train,fouling,train
cstr_train_02477,train,outlet_block,train
cstr_train_02478,train,cool_stuck_closed,train
cstr_train_02479,train,outlet_block,train
cstr_train_02480,train,fouling,train
cstr_train_02481,train,fouling,train
cstr_train_02482,train,outlet_block,train
cstr_train_02483,train,pump_degrade,train
cstr_train_02484,train,cool_stuck_closed,train
cstr_train_02485,train,outlet_block,train
cstr_train_02486,train,pump_degrade,train
cstr_train_02487,train,cool_stuck_closed,train
cstr_train_02488,train,pump_degrade,train
cstr_train_02489,train,pump_degrade,train
cstr_train_02490,train,outlet_block,train
cstr_train_02491,train,pump_degrade,train
cstr_train_02492,train,outlet_block,train
cstr_train_02493,train,fouling,train
cstr_train_02494,train,cool_stuck_closed,train
cstr_train_02495,train,pump_degrade,train
cstr_train_02496,train,cool_stuck_closed,train
cstr_train_02497,train,outlet_block,train
cstr_train_02498,train,pump_degrade,train
cstr_train_02499,train,outlet_block,train
cstr_train_02500,train,fouling,train
cstr_train_02501,train,cool_stuck_closed,train
cstr_train_02502,train,fouling,train
cstr_train_02503,train,fouling,train
cstr_train_02504,train,outlet_block,train
cstr_train_02505,train,fouling,train
cstr_train_02506,train,cool_stuck_closed,train
cstr_train_02507,train,outlet_block,train
cstr_train_02508,train,cool_stuck_closed,train
cstr_train_02509,train,pump_degrade,train
cstr_train_02510,train,fouling,train
cstr_train_02511,train,cool_stuck_closed,train
cstr_train_02512,train,fouling,train
cstr_train_02513,train,cool_stuck_closed,train
cstr_train_02514,train,fouling,train
cstr_train_02515,train,cool_stuck_closed,train
cstr_train_02516,train,fouling,train
cstr_train_02517,train,cool_stuck_closed,train
cstr_train_02518,train,fouling,train
cstr_train_02519,train,outlet_block,train
cstr_train_02520,train,pump_degrade,train
cstr_train_02521,train,outlet_block,train
cstr_train_02522,train,fouling,train
cstr_train_02523,train,cool_stuck_closed,train
cstr_train_02524,train,pump_degrade,train
cstr_train_02525,train,cool_stuck_closed,train
cstr_train_02526,train,fouling,train
cstr_train_02527,train,fouling,train
cstr_train_02528,train,cool_stuck_closed,train
cstr_train_02529,train,pump_degrade,train
cstr_train_02530,train,cool_stuck_closed,train
cstr_train_02531,train,fouling,train
cstr_train_02532,train,cool_stuck_closed,train
cstr_train_02533,train,fouling,train
cstr_train_02534,train,pump_degrade,train
cstr_train_02535,train,cool_stuck_closed,train
cstr_train_02536,train,cool_stuck_closed,train
cstr_train_02537,train,outlet_block,train
cstr_train_02538,train,cool_stuck_closed,train
cstr_train_02539,train,pump_degrade,train
cstr_train_02540,train,fouling,train
cstr_train_02541,train,fouling,train
cstr_train_02542,train,fouling,train
cstr_train_02543,train,outlet_block,train
cstr_train_02544,train,outlet_block,train
cstr_train_02545,train,fouling,train
cstr_train_02546,train,outlet_block,train
cstr_train_02547,train,outlet_block,train
cstr_train_02548,train,outlet_block,train
cstr_train_02549,train,fouling,train
cstr_train_02550,train,pump_degrade,train
cstr_train_02551,train,fouling,train
cstr_train_02552,train,fouling,train
cstr_train_02553,train,pump_degrade,train
cstr_train_02554,train,cool_stuck_closed,train
cstr_train_02555,train,fouling,train
cstr_train_02556,train,fouling,train
cstr_train_02557,train,cool_stuck_closed,train
cstr_train_02558,train,pump_degrade,train
cstr_train_02559,train,fouling,train
cstr_train_02560,train,fouling,train
cstr_train_02561,train,cool_stuck_closed,train
cstr_train_02562,train,cool_stuck_closed,train
cstr_train_02563,train,cool_stuck_closed,train
cstr_train_02564,train,fouling,train
cstr_train_02565,train,pump_degrade,train
cstr_train_02566,train,fouling,train
cstr_train_02567,train,pump_degrade,train
cstr_train_02568,train,pump_degrade,train
cstr_train_02569,train,pump_degrade,train
cstr_train_02570,train,fouling,train
cstr_train_02571,train,outlet_block,train
cstr_train_02572,train,cool_stuck_closed,train
cstr_train_02573,train,cool_stuck_closed,train
cstr_train_02574,train,pump_degrade,train
cstr_train_02575,train,outlet_block,train
cstr_train_02576,train,fouling,train
cstr_train_02577,train,pump_degrade,train
cstr_train_02578,train,outlet_block,train
cstr_train_02579,train,fouling,train
cstr_train_02580,train,pump_degrade,train
cstr_train_02581,train,fouling,train
cstr_train_02582,train,outlet_block,train
cstr_train_02583,train,outlet_block,train
cstr_train_02584,train,outlet_block,train
cstr_train_02585,train,outlet_block,train
cstr_train_02586,train,outlet_block,train
cstr_train_02587,train,cool_stuck_closed,train
cstr_train_02588,train,cool_stuck_closed,train
cstr_train_02589,train,cool_stuck_closed,train
cstr_train_02590,train,fouling,train
cstr_train_02591,train,cool_stuck_closed,train
cstr_train_02592,train,outlet_block,train
cstr_train_02593,train,pump_degrade,train
cstr_train_02594,train,cool_stuck_closed,train
cstr_train_02595,train,fouling,train
cstr_train_02596,train,outlet_block,train
cstr_train_02597,train,outlet_block,train
cstr_train_02598,train,pump_degrade,train
cstr_train_02599,train,fouling,train
cstr_train_02600,train,outlet_block,train
cstr_train_02601,train,pump_degrade,train
cstr_train_02602,train,pump_degrade,train
cstr_train_02603,train,outlet_block,train
cstr_train_02604,train,cool_stuck_closed,train
cstr_train_02605,train,fouling,train
cstr_train_02606,train,pump_degrade,train
cstr_train_02607,train,outlet_block,train
cstr_train_02608,train,fouling,train
cstr_train_02609,train,outlet_block,train
cstr_train_02610,train,outlet_block,train
cstr_train_02611,train,fouling,train
cstr_train_02612,train,outlet_block,train
cstr_train_02613,train,pump_degrade,train
cstr_train_02614,train,pump_degrade,train
cstr_train_02615,train,outlet_block,train
cstr_train_02616,train,outlet_block,train
cstr_train_02617,train,cool_stuck_closed,train
cstr_train_02618,train,outlet_block,train
cstr_train_02619,train,fouling,train
cstr_train_02620,train,outlet_block,train
cstr_train_02621,train,pump_degrade,train
cstr_train_02622,train,pump_degrade,train
cstr_train_02623,train,fouling,train
cstr_train_02624,train,pump_degrade,train
cstr_train_02625,train,outlet_block,train
cstr_train_02626,train,cool_stuck_closed,train
cstr_train_02627,train,fouling,train
cstr_train_02628,train,cool_stuck_closed,train
cstr_train_02629,train,pump_degrade,train
cstr_train_02630,train,cool_stuck_closed,train
cstr_train_02631,train,fouling,train
cstr_train_02632,train,cool_stuck_closed,train
cstr_train_02633,train,outlet_block,train
cstr_train_02634,train,outlet_block,train
cstr_train_02635,train,pump_degrade,train
cstr_train_02636,train,cool_stuck_closed,train
cstr_train_02637,train,outlet_block,train
cstr_train_02638,train,pump_degrade,train
cstr_train_02639,train,cool_stuck_closed,train
cstr_train_02640,train,pump_degrade,train
cstr_train_02641,train,fouling,train
cstr_train_02642,train,pump_degrade,train
cstr_train_02643,train,fouling,train
cstr_train_02644,train,fouling,train
cstr_train_02645,train,cool_stuck_closed,train
cstr_train_02646,train,fouling,train
cstr_train_02647,train,pump_degrade,train
cstr_train_02648,train,fouling,train
cstr_train_02649,train,fouling,train
cstr_train_02650,train,outlet_block,train
cstr_train_02651,train,pump_degrade,train
cstr_train_02652,train,cool_stuck_closed,train
cstr_train_02653,train,fouling,train
cstr_train_02654,train,cool_stuck_closed,train
cstr_train_02655,train,fouling,train
cstr_train_02656,train,outlet_block,train
cstr_train_02657,train,fouling,train
cstr_train_02658,train,outlet_block,train
cstr_train_02659,train,fouling,train
cstr_train_02660,train,cool_stuck_closed,train
cstr_train_02661,train,outlet_block,train
cstr_train_02662,train,pump_degrade,train
cstr_train_02663,train,cool_stuck_closed,train
cstr_train_02664,train,pump_degrade,train
cstr_train_02665,train,cool_stuck_closed,train
cstr_train_02666,train,fouling,train
cstr_train_02667,train,cool_stuck_closed,train
cstr_train_02668,train,outlet_block,train
cstr_train_02669,train,pump_degrade,train
cstr_train_02670,train,outlet_block,train
cstr_train_02671,train,fouling,train
cstr_train_02672,train,pump_degrade,train
cstr_train_02673,train,outlet_block,train
cstr_train_02674,train,fouling,train
cstr_train_02675,train,fouling,train
cstr_train_02676,train,pump_degrade,train
cstr_train_02677,train,cool_stuck_closed,train
cstr_train_02678,train,pump_degrade,train
cstr_train_02679,train,pump_degrade,train
cstr_train_02680,train,cool_stuck_closed,train
cstr_train_02681,train,pump_degrade,train
cstr_train_02682,train,cool_stuck_closed,train
cstr_train_02683,train,pump_degrade,train
cstr_train_02684,train,outlet_block,train
cstr_train_02685,train,fouling,train
cstr_train_02686,train,fouling,train
cstr_train_02687,train,pump_degrade,train
cstr_train_02688,train,outlet_block,train
cstr_train_02689,train,fouling,train
cstr_train_02690,train,fouling,train
cstr_train_02691,train,fouling,train
cstr_train_02692,train,pump_degrade,train
cstr_train_02693,train,pump_degrade,train
cstr_train_02694,train,outlet_block,train
cstr_train_02695,train,outlet_block,train
cstr_train_02696,train,pump_degrade,train
cstr_train_02697,train,cool_stuck_closed,train
cstr_train_02698,train,cool_stuck_closed,train
cstr_train_02699,train,outlet_block,train
cstr_train_02700,train,fouling,train
cstr_train_02701,train,cool_stuck_closed,train
cstr_train_02702,train,fouling,train
cstr_train_02703,train,cool_stuck_closed,train
cstr_train_02704,train,cool_stuck_closed,train
cstr_train_02705,train,fouling,train
cstr_train_02706,train,outlet_block,train
cstr_train_02707,train,outlet_block,train
cstr_train_02708,train,pump_degrade,train
cstr_train_02709,train,fouling,train
cstr_train_02710,train,cool_stuck_closed,train
cstr_train_02711,train,fouling,train
cstr_train_02712,train,pump_degrade,train
cstr_train_02713,train,fouling,train
cstr_train_02714,train,outlet_block,train
cstr_train_02715,train,fouling,train
cstr_train_02716,train,outlet_block,train
cstr_train_02717,train,fouling,train
cstr_train_02718,train,outlet_block,train
cstr_train_02719,train,pump_degrade,train
cstr_train_02720,train,fouling,train
cstr_train_02721,train,pump_degrade,train
cstr_train_02722,train,pump_degrade,train
cstr_train_02723,train,pump_degrade,train
cstr_train_02724,train,fouling,train
cstr_train_02725,train,cool_stuck_closed,train
cstr_train_02726,train,outlet_block,train
cstr_train_02727,train,outlet_block,train
cstr_train_02728,train,fouling,train
cstr_train_02729,train,outlet_block,train
cstr_train_02730,train,pump_degrade,train
cstr_train_02731,train,outlet_block,train
cstr_train_02732,train,fouling,train
cstr_train_02733,train,pump_degrade,train
cstr_train_02734,train,cool_stuck_closed,train
cstr_train_02735,train,outlet_block,train
cstr_train_02736,train,fouling,train
cstr_train_02737,train,fouling,train
cstr_train_02738,train,pump_degrade,train
cstr_train_02739,train,cool_stuck_closed,train
cstr_train_02740,train,cool_stuck_closed,train
cstr_train_02741,train,outlet_block,train
cstr_train_02742,train,pump_degrade,train
cstr_train_02743,train,cool_stuck_closed,train
cstr_train_02744,train,pump_degrade,train
cstr_train_02745,train,pump_degrade,train
cstr_train_02746,train,fouling,train
cstr_train_02747,train,pump_degrade,train
cstr_train_02748,train,fouling,train
cstr_train_02749,train,cool_stuck_closed,train
cstr_train_02750,train,outlet_block,train
cstr_train_02751,train,outlet_block,train
cstr_train_02752,train,cool_stuck_closed,train
cstr_train_02753,train,fouling,train
cstr_train_02754,train,fouling,train
cstr_train_02755,train,cool_stuck_closed,train
cstr_train_02756,train,pump_degrade,train
cstr_train_02757,train,cool_stuck_closed,train
cstr_train_02758,train,cool_stuck_closed,train
cstr_train_02759,train,pump_degrade,train
cstr_train_02760,train,cool_stuck_closed,train
cstr_train_02761,train,outlet_block,train
cstr_train_02762,train,outlet_block,train
cstr_train_02763,train,outlet_block,train
cstr_train_02764,train,outlet_block,train
cstr_train_02765,train,fouling,train
cstr_train_02766,train,fouling,train
cstr_train_02767,train,cool_stuck_closed,train
cstr_train_02768,train,cool_stuck_closed,train
cstr_train_02769,train,pump_degrade,train
cstr_train_02770,train,pump_degrade,train
cstr_train_02771,train,pump_degrade,train
cstr_train_02772,train,cool_stuck_closed,train
cstr_train_02773,train,fouling,train
cstr_train_02774,train,fouling,train
cstr_train_02775,train,outlet_block,train
cstr_train_02776,train,outlet_block,train
cstr_train_02777,train,fouling,train
cstr_train_02778,train,cool_stuck_closed,train
cstr_train_02779,train,pump_degrade,train
cstr_train_02780,train,fouling,train
cstr_train_02781,train,fouling,train
cstr_train_02782,train,cool_stuck_closed,train
cstr_train_02783,train,outlet_block,train
cstr_train_02784,train,outlet_block,train
cstr_train_02785,train,fouling,train
cstr_train_02786,train,outlet_block,train
cstr_train_02787,train,fouling,train
cstr_train_02788,train,cool_stuck_closed,train
cstr_train_02789,train,pump_degrade,train
cstr_train_02790,train,fouling,train
cstr_train_02791,train,outlet_block,train
cstr_train_02792,train,cool_stuck_closed,train
cstr_train_02793,train,pump_degrade,train
cstr_train_02794,train,fouling,train
cstr_train_02795,train,cool_stuck_closed,train
cstr_train_02796,train,pump_degrade,train
cstr_train_02797,train,fouling,train
cstr_train_02798,train,cool_stuck_closed,train
cstr_train_02799,train,fouling,train
cstr_train_02800,train,cool_stuck_closed,train
cstr_train_02801,train,outlet_block,train
cstr_train_02802,train,outlet_block,train
cstr_train_02803,train,pump_degrade,train
cstr_train_02804,train,outlet_block,train
cstr_train_02805,train,cool_stuck_closed,train
cstr_train_02806,train,outlet_block,train
cstr_train_02807,train,fouling,train
cstr_train_02808,train,fouling,train
cstr_train_02809,train,fouling,train
cstr_train_02810,train,fouling,train
cstr_train_02811,train,cool_stuck_closed,train
cstr_train_02812,train,pump_degrade,train
cstr_train_02813,train,pump_degrade,train
cstr_train_02814,train,cool_stuck_closed,train
cstr_train_02815,train,pump_degrade,train
cstr_train_02816,train,outlet_block,train
cstr_train_02817,train,cool_stuck_closed,train
cstr_train_02818,train,pump_degrade,train
cstr_train_02819,train,outlet_block,train
cstr_train_02820,train,cool_stuck_closed,train
cstr_train_02821,train,pump_degrade,train
cstr_train_02822,train,fouling,train
cstr_train_02823,train,cool_stuck_closed,train
cstr_train_02824,train,outlet_block,train
cstr_train_02825,train,outlet_block,train
cstr_train_02826,train,pump_degrade,train
cstr_train_02827,train,outlet_block,train
cstr_train_02828,train,cool_stuck_closed,train
cstr_train_02829,train,outlet_block,train
cstr_train_02830,train,cool_stuck_closed,train
cstr_train_02831,train,outlet_block,train
cstr_train_02832,train,pump_degrade,train
cstr_train_02833,train,cool_stuck_closed,train
cstr_train_02834,train,cool_stuck_closed,train
cstr_train_02835,train,cool_stuck_closed,train
cstr_train_02836,train,pump_degrade,train
cstr_train_02837,train,outlet_block,train
cstr_train_02838,train,outlet_block,train
cstr_train_02839,train,cool_stuck_closed,train
cstr_train_02840,train,outlet_block,train
cstr_train_02841,train,outlet_block,train
cstr_train_02842,train,pump_degrade,train
cstr_train_02843,train,outlet_block,train
cstr_train_02844,train,cool_stuck_closed,train
cstr_train_02845,train,outlet_block,train
cstr_train_02846,train,cool_stuck_closed,train
cstr_train_02847,train,cool_stuck_closed,train
cstr_train_02848,train,outlet_block,train
cstr_train_02849,train,fouling,train
cstr_train_02850,train,pump_degrade,train
cstr_train_02851,train,outlet_block,train
cstr_train_02852,train,cool_stuck_closed,train
cstr_train_02853,train,outlet_block,train
cstr_train_02854,train,cool_stuck_closed,train
cstr_train_02855,train,cool_stuck_closed,train
cstr_train_02856,train,cool_stuck_closed,train
cstr_train_02857,train,fouling,train
cstr_train_02858,train,cool_stuck_closed,train
cstr_train_02859,train,fouling,train
cstr_train_02860,train,outlet_block,train
cstr_train_02861,train,fouling,train
cstr_train_02862,train,pump_degrade,train
cstr_train_02863,train,cool_stuck_closed,train
cstr_train_02864,train,cool_stuck_closed,train
cstr_train_02865,train,cool_stuck_closed,train
cstr_train_02866,train,cool_stuck_closed,train
cstr_train_02867,train,pump_degrade,train
cstr_train_02868,train,fouling,train
cstr_train_02869,train,fouling,train
cstr_train_02870,train,pump_degrade,train
cstr_train_02871,train,outlet_block,train
cstr_train_02872,train,fouling,train
cstr_train_02873,train,pump_degrade,train
cstr_train_02874,train,outlet_block,train
cstr_train_02875,train,pump_degrade,train
cstr_train_02876,train,fouling,train
cstr_train_02877,train,outlet_block,train
cstr_train_02878,train,fouling,train
cstr_train_02879,train,pump_degrade,train
cstr_train_02880,train,fouling,train
cstr_train_02881,train,pump_degrade,train
cstr_train_02882,train,cool_stuck_closed,train
cstr_train_02883,train,fouling,train
cstr_train_02884,train,fouling,train
cstr_train_02885,train,cool_stuck_closed,train
cstr_train_02886,train,pump_degrade,train
cstr_train_02887,train,pump_degrade,train
cstr_train_02888,train,fouling,train
cstr_train_02889,train,outlet_block,train
cstr_train_02890,train,pump_degrade,train
cstr_train_02891,train,fouling,train
cstr_train_02892,train,fouling,train
cstr_train_02893,train,cool_stuck_closed,train
cstr_train_02894,train,outlet_block,train
cstr_train_02895,train,fouling,train
cstr_train_02896,train,fouling,train
cstr_train_02897,train,fouling,train
cstr_train_02898,train,cool_stuck_closed,train
cstr_train_02899,train,pump_degrade,train
cstr_train_02900,train,fouling,train
cstr_train_02901,train,cool_stuck_closed,train
cstr_train_02902,train,cool_stuck_closed,train
cstr_train_02903,train,outlet_block,train
cstr_train_02904,train,pump_degrade,train
cstr_train_02905,train,cool_stuck_closed,train
cstr_train_02906,train,cool_stuck_closed,train
cstr_train_02907,train,fouling,train
cstr_train_02908,train,pump_degrade,train
cstr_train_02909,train,fouling,train
cstr_train_02910,train,outlet_block,train
cstr_train_02911,train,outlet_block,train
cstr_train_02912,train,pump_degrade,train
cstr_train_02913,train,pump_degrade,train
cstr_train_02914,train,fouling,train
cstr_train_02915,train,cool_stuck_closed,train
cstr_train_02916,train,cool_stuck_closed,train
cstr_train_02917,train,fouling,train
cstr_train_02918,train,fouling,train
cstr_train_02919,train,cool_stuck_closed,train
cstr_train_02920,train,outlet_block,train
cstr_train_02921,train,outlet_block,train
cstr_train_02922,train,pump_degrade,train
cstr_train_02923,train,fouling,train
cstr_train_02924,train,fouling,train
cstr_train_02925,train,cool_stuck_closed,train
cstr_train_02926,train,outlet_block,train
cstr_train_02927,train,cool_stuck_closed,train
cstr_train_02928,train,fouling,train
cstr_train_02929,train,fouling,train
cstr_train_02930,train,cool_stuck_closed,train
cstr_train_02931,train,fouling,train
cstr_train_02932,train,cool_stuck_closed,train
cstr_train_02933,train,cool_stuck_closed,train
cstr_train_02934,train,pump_degrade,train
cstr_train_02935,train,pump_degrade,train
cstr_train_02936,train,cool_stuck_closed,train
cstr_train_02937,train,outlet_block,train
cstr_train_02938,train,pump_degrade,train
cstr_train_02939,train,fouling,train
cstr_train_02940,train,pump_degrade,train
cstr_train_02941,train,pump_degrade,train
cstr_train_02942,train,outlet_block,train
cstr_train_02943,train,pump_degrade,train
cstr_train_02944,train,outlet_block,train
cstr_train_02945,train,fouling,train
cstr_train_02946,train,outlet_block,train
cstr_train_02947,train,outlet_block,train
cstr_train_02948,train,outlet_block,train
cstr_train_02949,train,pump_degrade,train
cstr_train_02950,train,fouling,train
cstr_train_02951,train,outlet_block,train
cstr_train_02952,train,fouling,train
cstr_train_02953,train,cool_stuck_closed,train
cstr_train_02954,train,cool_stuck_closed,train
cstr_train_02955,train,outlet_block,train
cstr_train_02956,train,pump_degrade,train
cstr_train_02957,train,fouling,train
cstr_train_02958,train,pump_degrade,train
cstr_train_02959,train,cool_stuck_closed,train
cstr_train_02960,train,outlet_block,train
cstr_train_02961,train,pump_degrade,train
cstr_train_02962,train,cool_stuck_closed,train
cstr_train_02963,train,outlet_block,train
cstr_train_02964,train,cool_stuck_closed,train
cstr_train_02965,train,pump_degrade,train
cstr_train_02966,train,cool_stuck_closed,train
cstr_train_02967,train,pump_degrade,train
cstr_train_02968,train,pump_degrade,train
cstr_train_02969,train,fouling,train
cstr_train_02970,train,fouling,train
cstr_train_02971,train,cool_stuck_closed,train
cstr_train_02972,train,cool_stuck_closed,train
cstr_train_02973,train,pump_degrade,train
cstr_train_02974,train,pump_degrade,train
cstr_train_02975,train,outlet_block,train
cstr_train_02976,train,outlet_block,train
cstr_train_02977,train,fouling,train
cstr_train_02978,train,fouling,train
cstr_train_02979,train,cool_stuck_closed,train
cstr_train_02980,train,outlet_block,train
cstr_train_02981,train,fouling,train
cstr_train_02982,train,outlet_block,train
cstr_train_02983,train,pump_degrade,train
cstr_train_02984,train,pump_degrade,train
cstr_train_02985,train,pump_degrade,train
cstr_train_02986,train,cool_stuck_closed,train
cstr_train_02987,train,outlet_block,train
cstr_train_02988,train,cool_stuck_closed,train
cstr_train_02989,train,outlet_block,train
cstr_train_02990,train,pump_degrade,train
cstr_train_02991,train,outlet_block,train
cstr_train_02992,train,pump_degrade,train
cstr_train_02993,train,outlet_block,train
cstr_train_02994,train,pump_degrade,train
cstr_train_02995,train,cool_stuck_closed,train
cstr_train_02996,train,outlet_block,train
cstr_train_02997,train,cool_stuck_closed,train
cstr_train_02998,train,outlet_block,train
cstr_train_02999,train,pump_degrade,train
cstr_val_00000,val,pump_degrade,dev_cal
cstr_val_00001,val,outlet_block,dev_cal
cstr_val_00002,val,cool_stuck_closed,dev_cal
cstr_val_00003,val,outlet_block,dev_thr
cstr_val_00004,val,fouling,dev_cal
cstr_val_00005,val,outlet_block,dev_cal
cstr_val_00006,val,pump_degrade,dev_thr
cstr_val_00007,val,outlet_block,dev_thr
cstr_val_00008,val,outlet_block,dev_cal
cstr_val_00009,val,pump_degrade,dev_cal
cstr_val_00010,val,fouling,dev_thr
cstr_val_00011,val,pump_degrade,dev_thr
cstr_val_00012,val,cool_stuck_closed,dev_thr
cstr_val_00013,val,outlet_block,dev_thr
cstr_val_00014,val,cool_stuck_closed,dev_cal
cstr_val_00015,val,outlet_block,dev_cal
cstr_val_00016,val,outlet_block,dev_thr
cstr_val_00017,val,outlet_block,dev_cal
cstr_val_00018,val,fouling,dev_cal
cstr_val_00019,val,pump_degrade,dev_cal
cstr_val_00020,val,fouling,dev_thr
cstr_val_00021,val,outlet_block,dev_thr
cstr_val_00022,val,fouling,dev_cal
cstr_val_00023,val,outlet_block,dev_cal
cstr_val_00024,val,cool_stuck_closed,dev_thr
cstr_val_00025,val,cool_stuck_closed,dev_cal
cstr_val_00026,val,outlet_block,dev_thr
cstr_val_00027,val,cool_stuck_closed,dev_thr
cstr_val_00028,val,pump_degrade,dev_thr
cstr_val_00029,val,cool_stuck_closed,dev_cal
cstr_val_00030,val,pump_degrade,dev_cal
cstr_val_00031,val,cool_stuck_closed,dev_thr
cstr_val_00032,val,pump_degrade,dev_thr
cstr_val_00033,val,outlet_block,dev_cal
cstr_val_00034,val,fouling,dev_thr
cstr_val_00035,val,outlet_block,dev_thr
cstr_val_00036,val,outlet_block,dev_cal
cstr_val_00037,val,pump_degrade,dev_cal
cstr_val_00038,val,fouling,dev_cal
cstr_val_00039,val,pump_degrade,dev_thr
cstr_val_00040,val,fouling,dev_thr
cstr_val_00041,val,fouling,dev_cal
cstr_val_00042,val,fouling,dev_thr
cstr_val_00043,val,fouling,dev_cal
cstr_val_00044,val,outlet_block,dev_thr
cstr_val_00045,val,fouling,dev_thr
cstr_val_00046,val,outlet_block,dev_cal
cstr_val_00047,val,cool_stuck_closed,dev_cal
cstr_val_00048,val,cool_stuck_closed,dev_thr
cstr_val_00049,val,cool_stuck_closed,dev_cal
cstr_val_00050,val,fouling,dev_cal
cstr_val_00051,val,pump_degrade,dev_cal
cstr_val_00052,val,outlet_block,dev_thr
cstr_val_00053,val,pump_degrade,dev_thr
cstr_val_00054,val,cool_stuck_closed,dev_thr
cstr_val_00055,val,fouling,dev_thr
cstr_val_00056,val,outlet_block,dev_cal
cstr_val_00057,val,pump_degrade,dev_cal
cstr_val_00058,val,pump_degrade,dev_thr
cstr_val_00059,val,fouling,dev_cal
cstr_val_00060,val,outlet_block,dev_thr
cstr_val_00061,val,pump_degrade,dev_cal
cstr_val_00062,val,cool_stuck_closed,dev_cal
cstr_val_00063,val,cool_stuck_closed,dev_thr
cstr_val_00064,val,fouling,dev_thr
cstr_val_00065,val,pump_degrade,dev_thr
cstr_val_00066,val,outlet_block,dev_cal
cstr_val_00067,val,outlet_block,dev_thr
cstr_val_00068,val,pump_degrade,dev_cal
cstr_val_00069,val,fouling,dev_cal
cstr_val_00070,val,cool_stuck_closed,dev_cal
cstr_val_00071,val,pump_degrade,dev_thr
cstr_val_00072,val,cool_stuck_closed,dev_thr
cstr_val_00073,val,cool_stuck_closed,dev_cal
cstr_val_00074,val,pump_degrade,dev_cal
cstr_val_00075,val,fouling,dev_thr
cstr_val_00076,val,fouling,dev_cal
cstr_val_00077,val,pump_degrade,dev_thr
cstr_val_00078,val,cool_stuck_closed,dev_thr
cstr_val_00079,val,pump_degrade,dev_cal
cstr_val_00080,val,fouling,dev_thr
cstr_val_00081,val,outlet_block,dev_cal
cstr_val_00082,val,outlet_block,dev_thr
cstr_val_00083,val,cool_stuck_closed,dev_cal
cstr_val_00084,val,cool_stuck_closed,dev_thr
cstr_val_00085,val,cool_stuck_closed,dev_cal
cstr_val_00086,val,cool_stuck_closed,dev_thr
cstr_val_00087,val,cool_stuck_closed,dev_cal
cstr_val_00088,val,outlet_block,dev_cal
cstr_val_00089,val,fouling,dev_cal
cstr_val_00090,val,pump_degrade,dev_thr
cstr_val_00091,val,fouling,dev_thr
cstr_val_00092,val,fouling,dev_cal
cstr_val_00093,val,fouling,dev_thr
cstr_val_00094,val,cool_stuck_closed,dev_thr
cstr_val_00095,val,outlet_block,dev_thr
cstr_val_00096,val,fouling,dev_cal
cstr_val_00097,val,cool_stuck_closed,dev_cal
cstr_val_00098,val,outlet_block,dev_cal
cstr_val_00099,val,cool_stuck_closed,dev_thr
cstr_val_00100,val,outlet_block,dev_thr
cstr_val_00101,val,cool_stuck_closed,dev_cal
cstr_val_00102,val,pump_degrade,dev_cal
cstr_val_00103,val,fouling,dev_thr
cstr_val_00104,val,fouling,dev_cal
cstr_val_00105,val,cool_stuck_closed,dev_thr
cstr_val_00106,val,outlet_block,dev_cal
cstr_val_00107,val,fouling,dev_thr
cstr_val_00108,val,cool_stuck_closed,dev_cal
cstr_val_00109,val,pump_degrade,dev_thr
cstr_val_00110,val,cool_stuck_closed,dev_thr
cstr_val_00111,val,cool_stuck_closed,dev_cal
cstr_val_00112,val,fouling,dev_cal
cstr_val_00113,val,cool_stuck_closed,dev_thr
cstr_val_00114,val,pump_degrade,dev_cal
cstr_val_00115,val,pump_degrade,dev_thr
cstr_val_00116,val,fouling,dev_thr
cstr_val_00117,val,pump_degrade,dev_cal
cstr_val_00118,val,outlet_block,dev_thr
cstr_val_00119,val,cool_stuck_closed,dev_cal
cstr_val_00120,val,fouling,dev_cal
cstr_val_00121,val,outlet_block,dev_cal
cstr_val_00122,val,fouling,dev_thr
cstr_val_00123,val,fouling,dev_cal
cstr_val_00124,val,pump_degrade,dev_thr
cstr_val_00125,val,cool_stuck_closed,dev_thr
cstr_val_00126,val,outlet_block,dev_thr
cstr_val_00127,val,pump_degrade,dev_cal
cstr_val_00128,val,outlet_block,dev_cal
cstr_val_00129,val,pump_degrade,dev_thr
cstr_val_00130,val,fouling,dev_thr
cstr_val_00131,val,fouling,dev_cal
cstr_val_00132,val,fouling,dev_thr
cstr_val_00133,val,outlet_block,dev_thr
cstr_val_00134,val,fouling,dev_cal
cstr_val_00135,val,outlet_block,dev_cal
cstr_val_00136,val,pump_degrade,dev_cal
cstr_val_00137,val,outlet_block,dev_thr
cstr_val_00138,val,outlet_block,dev_cal
cstr_val_00139,val,fouling,dev_thr
cstr_val_00140,val,outlet_block,dev_thr
cstr_val_00141,val,pump_degrade,dev_thr
cstr_val_00142,val,cool_stuck_closed,dev_cal
cstr_val_00143,val,outlet_block,dev_cal
cstr_val_00144,val,outlet_block,dev_thr
cstr_val_00145,val,pump_degrade,dev_cal
cstr_val_00146,val,pump_degrade,dev_thr
cstr_val_00147,val,cool_stuck_closed,dev_thr
cstr_val_00148,val,outlet_block,dev_cal
cstr_val_00149,val,cool_stuck_closed,dev_cal
cstr_val_00150,val,cool_stuck_closed,dev_thr
cstr_val_00151,val,cool_stuck_closed,dev_cal
cstr_val_00152,val,cool_stuck_closed,dev_thr
cstr_val_00153,val,cool_stuck_closed,dev_cal
cstr_val_00154,val,pump_degrade,dev_cal
cstr_val_00155,val,outlet_block,dev_thr
cstr_val_00156,val,fouling,dev_cal
cstr_val_00157,val,fouling,dev_thr
cstr_val_00158,val,pump_degrade,dev_thr
cstr_val_00159,val,outlet_block,dev_cal
cstr_val_00160,val,fouling,dev_cal
cstr_val_00161,val,cool_stuck_closed,dev_thr
cstr_val_00162,val,fouling,dev_thr
cstr_val_00163,val,cool_stuck_closed,dev_cal
cstr_val_00164,val,cool_stuck_closed,dev_thr
cstr_val_00165,val,pump_degrade,dev_cal
cstr_val_00166,val,pump_degrade,dev_thr
cstr_val_00167,val,pump_degrade,dev_cal
cstr_val_00168,val,fouling,dev_cal
cstr_val_00169,val,cool_stuck_closed,dev_cal
cstr_val_00170,val,outlet_block,dev_thr
cstr_val_00171,val,cool_stuck_closed,dev_thr
cstr_val_00172,val,cool_stuck_closed,dev_cal
cstr_val_00173,val,outlet_block,dev_cal
cstr_val_00174,val,outlet_block,dev_thr
cstr_val_00175,val,fouling,dev_thr
cstr_val_00176,val,outlet_block,dev_cal
cstr_val_00177,val,cool_stuck_closed,dev_thr
cstr_val_00178,val,outlet_block,dev_thr
cstr_val_00179,val,outlet_block,dev_cal
cstr_val_00180,val,outlet_block,dev_thr
cstr_val_00181,val,fouling,dev_cal
cstr_val_00182,val,fouling,dev_thr
cstr_val_00183,val,fouling,dev_cal
cstr_val_00184,val,outlet_block,dev_cal
cstr_val_00185,val,fouling,dev_thr
cstr_val_00186,val,fouling,dev_cal
cstr_val_00187,val,outlet_block,dev_thr
cstr_val_00188,val,cool_stuck_closed,dev_cal
cstr_val_00189,val,fouling,dev_thr
cstr_val_00190,val,pump_degrade,dev_thr
cstr_val_00191,val,pump_degrade,dev_cal
cstr_val_00192,val,fouling,dev_cal
cstr_val_00193,val,cool_stuck_closed,dev_thr
cstr_val_00194,val,fouling,dev_thr
cstr_val_00195,val,outlet_block,dev_cal
cstr_val_00196,val,cool_stuck_closed,dev_cal
cstr_val_00197,val,fouling,dev_cal
cstr_val_00198,val,outlet_block,dev_thr
cstr_val_00199,val,outlet_block,dev_cal
cstr_val_00200,val,pump_degrade,dev_thr
cstr_val_00201,val,cool_stuck_closed,dev_thr
cstr_val_00202,val,fouling,dev_thr
cstr_val_00203,val,fouling,dev_cal
cstr_val_00204,val,fouling,dev_thr
cstr_val_00205,val,pump_degrade,dev_cal
cstr_val_00206,val,cool_stuck_closed,dev_cal
cstr_val_00207,val,pump_degrade,dev_thr
cstr_val_00208,val,outlet_block,dev_thr
cstr_val_00209,val,pump_degrade,dev_cal
cstr_val_00210,val,outlet_block,dev_cal
cstr_val_00211,val,fouling,dev_cal
cstr_val_00212,val,fouling,dev_thr
cstr_val_00213,val,cool_stuck_closed,dev_thr
cstr_val_00214,val,outlet_block,dev_thr
cstr_val_00215,val,pump_degrade,dev_thr
cstr_val_00216,val,cool_stuck_closed,dev_cal
cstr_val_00217,val,fouling,dev_cal
cstr_val_00218,val,outlet_block,dev_cal
cstr_val_00219,val,cool_stuck_closed,dev_thr
cstr_val_00220,val,outlet_block,dev_thr
cstr_val_00221,val,outlet_block,dev_cal
cstr_val_00222,val,fouling,dev_thr
cstr_val_00223,val,fouling,dev_cal
cstr_val_00224,val,outlet_block,dev_thr
cstr_val_00225,val,fouling,dev_thr
cstr_val_00226,val,outlet_block,dev_cal
cstr_val_00227,val,outlet_block,dev_thr
cstr_val_00228,val,outlet_block,dev_cal
cstr_val_00229,val,cool_stuck_closed,dev_cal
cstr_val_00230,val,pump_degrade,dev_cal
cstr_val_00231,val,outlet_block,dev_thr
cstr_val_00232,val,pump_degrade,dev_thr
cstr_val_00233,val,cool_stuck_closed,dev_thr
cstr_val_00234,val,fouling,dev_cal
cstr_val_00235,val,pump_degrade,dev_cal
cstr_val_00236,val,cool_stuck_closed,dev_cal
cstr_val_00237,val,pump_degrade,dev_thr
cstr_val_00238,val,fouling,dev_thr
cstr_val_00239,val,pump_degrade,dev_cal
cstr_val_00240,val,cool_stuck_closed,dev_thr
cstr_val_00241,val,outlet_block,dev_cal
cstr_val_00242,val,fouling,dev_cal
cstr_val_00243,val,cool_stuck_closed,dev_cal
cstr_val_00244,val,fouling,dev_thr
cstr_val_00245,val,cool_stuck_closed,dev_thr
cstr_val_00246,val,pump_degrade,dev_thr
cstr_val_00247,val,outlet_block,dev_thr
cstr_val_00248,val,pump_degrade,dev_cal
cstr_val_00249,val,cool_stuck_closed,dev_cal
cstr_val_00250,val,outlet_block,dev_cal
cstr_val_00251,val,outlet_block,dev_thr
cstr_val_00252,val,cool_stuck_closed,dev_thr
cstr_val_00253,val,pump_degrade,dev_thr
cstr_val_00254,val,outlet_block,dev_cal
cstr_val_00255,val,outlet_block,dev_thr
cstr_val_00256,val,pump_degrade,dev_cal
cstr_val_00257,val,fouling,dev_cal
cstr_val_00258,val,outlet_block,dev_cal
cstr_val_00259,val,cool_stuck_closed,dev_cal
cstr_val_00260,val,fouling,dev_thr
cstr_val_00261,val,outlet_block,dev_thr
cstr_val_00262,val,cool_stuck_closed,dev_thr
cstr_val_00263,val,fouling,dev_cal
cstr_val_00264,val,pump_degrade,dev_thr
cstr_val_00265,val,cool_stuck_closed,dev_cal
cstr_val_00266,val,pump_degrade,dev_cal
cstr_val_00267,val,pump_degrade,dev_thr
cstr_val_00268,val,outlet_block,dev_cal
cstr_val_00269,val,fouling,dev_thr
cstr_val_00270,val,cool_stuck_closed,dev_thr
cstr_val_00271,val,fouling,dev_cal
cstr_val_00272,val,outlet_block,dev_thr
cstr_val_00273,val,outlet_block,dev_cal
cstr_val_00274,val,fouling,dev_thr
cstr_val_00275,val,pump_degrade,dev_cal
cstr_val_00276,val,outlet_block,dev_thr
cstr_val_00277,val,outlet_block,dev_cal
cstr_val_00278,val,outlet_block,dev_thr
cstr_val_00279,val,outlet_block,dev_cal
cstr_val_00280,val,fouling,dev_cal
cstr_val_00281,val,fouling,dev_thr
cstr_val_00282,val,pump_degrade,dev_thr
cstr_val_00283,val,fouling,dev_cal
cstr_val_00284,val,outlet_block,dev_thr
cstr_val_00285,val,fouling,dev_thr
cstr_val_00286,val,pump_degrade,dev_cal
cstr_val_00287,val,cool_stuck_closed,dev_cal
cstr_val_00288,val,fouling,dev_cal
cstr_val_00289,val,cool_stuck_closed,dev_thr
cstr_val_00290,val,cool_stuck_closed,dev_cal
cstr_val_00291,val,pump_degrade,dev_thr
cstr_val_00292,val,pump_degrade,dev_cal
cstr_val_00293,val,cool_stuck_closed,dev_thr
cstr_val_00294,val,cool_stuck_closed,dev_cal
cstr_val_00295,val,pump_degrade,dev_thr
cstr_val_00296,val,fouling,dev_thr
cstr_val_00297,val,cool_stuck_closed,dev_thr
cstr_val_00298,val,pump_degrade,dev_cal
cstr_val_00299,val,cool_stuck_closed,dev_cal
cstr_val_00300,val,pump_degrade,dev_thr
cstr_val_00301,val,pump_degrade,dev_cal
cstr_val_00302,val,cool_stuck_closed,dev_thr
cstr_val_00303,val,cool_stuck_closed,dev_cal
cstr_val_00304,val,fouling,dev_cal
cstr_val_00305,val,outlet_block,dev_cal
cstr_val_00306,val,pump_degrade,dev_thr
cstr_val_00307,val,fouling,dev_thr
cstr_val_00308,val,pump_degrade,dev_cal
cstr_val_00309,val,fouling,dev_cal
cstr_val_00310,val,fouling,dev_thr
cstr_val_00311,val,outlet_block,dev_thr
cstr_val_00312,val,pump_degrade,dev_thr
cstr_val_00313,val,fouling,dev_cal
cstr_val_00314,val,fouling,dev_thr
cstr_val_00315,val,cool_stuck_closed,dev_thr
cstr_val_00316,val,outlet_block,dev_cal
cstr_val_00317,val,cool_stuck_closed,dev_cal
cstr_val_00318,val,outlet_block,dev_thr
cstr_val_00319,val,cool_stuck_closed,dev_thr
cstr_val_00320,val,outlet_block,dev_cal
cstr_val_00321,val,cool_stuck_closed,dev_cal
cstr_val_00322,val,cool_stuck_closed,dev_thr
cstr_val_00323,val,cool_stuck_closed,dev_cal
cstr_val_00324,val,pump_degrade,dev_cal
cstr_val_00325,val,cool_stuck_closed,dev_thr
cstr_val_00326,val,cool_stuck_closed,dev_cal
cstr_val_00327,val,outlet_block,dev_thr
cstr_val_00328,val,fouling,dev_cal
cstr_val_00329,val,fouling,dev_thr
cstr_val_00330,val,outlet_block,dev_cal
cstr_val_00331,val,fouling,dev_cal
cstr_val_00332,val,outlet_block,dev_thr
cstr_val_00333,val,fouling,dev_thr
cstr_val_00334,val,fouling,dev_cal
cstr_val_00335,val,pump_degrade,dev_thr
cstr_val_00336,val,outlet_block,dev_cal
cstr_val_00337,val,cool_stuck_closed,dev_thr
cstr_val_00338,val,pump_degrade,dev_cal
cstr_val_00339,val,pump_degrade,dev_thr
cstr_val_00340,val,cool_stuck_closed,dev_cal
cstr_val_00341,val,outlet_block,dev_thr
cstr_val_00342,val,fouling,dev_thr
cstr_val_00343,val,outlet_block,dev_cal
cstr_val_00344,val,outlet_block,dev_thr
cstr_val_00345,val,fouling,dev_cal
cstr_val_00346,val,fouling,dev_thr
cstr_val_00347,val,outlet_block,dev_cal
cstr_val_00348,val,fouling,dev_cal
cstr_val_00349,val,outlet_block,dev_thr
cstr_val_00350,val,fouling,dev_thr
cstr_val_00351,val,fouling,dev_cal
cstr_val_00352,val,fouling,dev_thr
cstr_val_00353,val,cool_stuck_closed,dev_thr
cstr_val_00354,val,pump_degrade,dev_cal
cstr_val_00355,val,outlet_block,dev_cal
cstr_val_00356,val,fouling,dev_cal
cstr_val_00357,val,pump_degrade,dev_thr
cstr_val_00358,val,outlet_block,dev_thr
cstr_val_00359,val,pump_degrade,dev_cal
cstr_val_00360,val,fouling,dev_thr
cstr_val_00361,val,pump_degrade,dev_thr
cstr_val_00362,val,pump_degrade,dev_cal
cstr_val_00363,val,pump_degrade,dev_thr
cstr_val_00364,val,pump_degrade,dev_cal
cstr_val_00365,val,cool_stuck_closed,dev_cal
cstr_val_00366,val,pump_degrade,dev_thr
cstr_val_00367,val,outlet_block,dev_cal
cstr_val_00368,val,cool_stuck_closed,dev_thr
cstr_val_00369,val,pump_degrade,dev_cal
cstr_val_00370,val,fouling,dev_cal
cstr_val_00371,val,cool_stuck_closed,dev_cal
cstr_val_00372,val,pump_degrade,dev_thr
cstr_val_00373,val,fouling,dev_thr
cstr_val_00374,val,cool_stuck_closed,dev_thr
cstr_val_00375,val,pump_degrade,dev_cal
cstr_val_00376,val,fouling,dev_cal
cstr_val_00377,val,pump_degrade,dev_thr
cstr_val_00378,val,fouling,dev_thr
cstr_val_00379,val,cool_stuck_closed,dev_cal
cstr_val_00380,val,cool_stuck_closed,dev_thr
cstr_val_00381,val,pump_degrade,dev_cal
cstr_val_00382,val,pump_degrade,dev_thr
cstr_val_00383,val,cool_stuck_closed,dev_cal
cstr_val_00384,val,outlet_block,dev_thr
cstr_val_00385,val,cool_stuck_closed,dev_thr
cstr_val_00386,val,cool_stuck_closed,dev_cal
cstr_val_00387,val,pump_degrade,dev_cal
cstr_val_00388,val,cool_stuck_closed,dev_thr
cstr_val_00389,val,outlet_block,dev_cal
cstr_val_00390,val,fouling,dev_cal
cstr_val_00391,val,cool_stuck_closed,dev_cal
cstr_val_00392,val,outlet_block,dev_thr
cstr_val_00393,val,outlet_block,dev_cal
cstr_val_00394,val,cool_stuck_closed,dev_thr
cstr_val_00395,val,cool_stuck_closed,dev_cal
cstr_val_00396,val,pump_degrade,dev_thr
cstr_val_00397,val,outlet_block,dev_thr
cstr_val_00398,val,cool_stuck_closed,dev_thr
cstr_val_00399,val,outlet_block,dev_cal
cstr_val_00400,val,pump_degrade,dev_cal
cstr_val_00401,val,cool_stuck_closed,dev_cal
cstr_val_00402,val,cool_stuck_closed,dev_thr
cstr_val_00403,val,outlet_block,dev_thr
cstr_val_00404,val,cool_stuck_closed,dev_cal
cstr_val_00405,val,fouling,dev_thr
cstr_val_00406,val,fouling,dev_cal
cstr_val_00407,val,pump_degrade,dev_thr
cstr_val_00408,val,pump_degrade,dev_cal
cstr_val_00409,val,pump_degrade,dev_thr
cstr_val_00410,val,cool_stuck_closed,dev_thr
cstr_val_00411,val,outlet_block,dev_cal
cstr_val_00412,val,pump_degrade,dev_cal
cstr_val_00413,val,outlet_block,dev_thr
cstr_val_00414,val,cool_stuck_closed,dev_cal
cstr_val_00415,val,fouling,dev_thr
cstr_val_00416,val,pump_degrade,dev_thr
cstr_val_00417,val,fouling,dev_cal
cstr_val_00418,val,cool_stuck_closed,dev_thr
cstr_val_00419,val,outlet_block,dev_cal
cstr_val_00420,val,outlet_block,dev_thr
cstr_val_00421,val,pump_degrade,dev_cal
cstr_val_00422,val,fouling,dev_thr
cstr_val_00423,val,cool_stuck_closed,dev_cal
cstr_val_00424,val,pump_degrade,dev_thr
cstr_val_00425,val,fouling,dev_cal
cstr_val_00426,val,fouling,dev_thr
cstr_val_00427,val,pump_degrade,dev_cal
cstr_val_00428,val,fouling,dev_cal
cstr_val_00429,val,outlet_block,dev_cal
cstr_val_00430,val,fouling,dev_thr
cstr_val_00431,val,fouling,dev_cal
cstr_val_00432,val,outlet_block,dev_thr
cstr_val_00433,val,pump_degrade,dev_thr
cstr_val_00434,val,fouling,dev_thr
cstr_val_00435,val,outlet_block,dev_cal
cstr_val_00436,val,outlet_block,dev_thr
cstr_val_00437,val,pump_degrade,dev_cal
cstr_val_00438,val,fouling,dev_cal
cstr_val_00439,val,cool_stuck_closed,dev_thr
cstr_val_00440,val,outlet_block,dev_cal
cstr_val_00441,val,fouling,dev_thr
cstr_val_00442,val,cool_stuck_closed,dev_cal
cstr_val_00443,val,outlet_block,dev_thr
cstr_val_00444,val,fouling,dev_cal
cstr_val_00445,val,outlet_block,dev_cal
cstr_val_00446,val,outlet_block,dev_thr
cstr_val_00447,val,pump_degrade,dev_thr
cstr_val_00448,val,fouling,dev_thr
cstr_val_00449,val,cool_stuck_closed,dev_thr
cstr_val_00450,val,outlet_block,dev_cal
cstr_val_00451,val,cool_stuck_closed,dev_cal
cstr_val_00452,val,fouling,dev_cal
cstr_val_00453,val,cool_stuck_closed,dev_thr
cstr_val_00454,val,cool_stuck_closed,dev_cal
cstr_val_00455,val,outlet_block,dev_thr
cstr_val_00456,val,fouling,dev_thr
cstr_val_00457,val,outlet_block,dev_cal
cstr_val_00458,val,outlet_block,dev_thr
cstr_val_00459,val,cool_stuck_closed,dev_thr
cstr_val_00460,val,fouling,dev_cal
cstr_val_00461,val,cool_stuck_closed,dev_cal
cstr_val_00462,val,fouling,dev_thr
cstr_val_00463,val,pump_degrade,dev_cal
cstr_val_00464,val,pump_degrade,dev_thr
cstr_val_00465,val,fouling,dev_cal
cstr_val_00466,val,cool_stuck_closed,dev_thr
cstr_val_00467,val,cool_stuck_closed,dev_cal
cstr_val_00468,val,cool_stuck_closed,dev_thr
cstr_val_00469,val,cool_stuck_closed,dev_cal
cstr_val_00470,val,cool_stuck_closed,dev_thr
cstr_val_00471,val,fouling,dev_thr
cstr_val_00472,val,cool_stuck_closed,dev_cal
cstr_val_00473,val,outlet_block,dev_cal
cstr_val_00474,val,pump_degrade,dev_cal
cstr_val_00475,val,fouling,dev_cal
cstr_val_00476,val,fouling,dev_thr
cstr_val_00477,val,pump_degrade,dev_thr
cstr_val_00478,val,pump_degrade,dev_cal
cstr_val_00479,val,cool_stuck_closed,dev_thr
cstr_val_00480,val,outlet_block,dev_thr
cstr_val_00481,val,pump_degrade,dev_thr
cstr_val_00482,val,outlet_block,dev_cal
cstr_val_00483,val,outlet_block,dev_thr
cstr_val_00484,val,pump_degrade,dev_cal
cstr_val_00485,val,cool_stuck_closed,dev_cal
cstr_val_00486,val,fouling,dev_cal
cstr_val_00487,val,fouling,dev_thr
cstr_val_00488,val,fouling,dev_cal
cstr_val_00489,val,pump_degrade,dev_thr
cstr_val_00490,val,outlet_block,dev_cal
cstr_val_00491,val,pump_degrade,dev_cal
cstr_val_00492,val,cool_stuck_closed,dev_thr
cstr_val_00493,val,cool_stuck_closed,dev_cal
cstr_val_00494,val,pump_degrade,dev_thr
cstr_val_00495,val,fouling,dev_thr
cstr_val_00496,val,outlet_block,dev_thr
cstr_val_00497,val,pump_degrade,dev_cal
cstr_val_00498,val,pump_degrade,dev_thr
cstr_val_00499,val,cool_stuck_closed,dev_thr
cstr_val_00500,val,fouling,dev_cal
cstr_val_00501,val,pump_degrade,dev_cal
cstr_val_00502,val,fouling,dev_thr
cstr_val_00503,val,outlet_block,dev_cal
cstr_val_00504,val,fouling,dev_cal
cstr_val_00505,val,fouling,dev_thr
cstr_val_00506,val,outlet_block,dev_thr
cstr_val_00507,val,pump_degrade,dev_thr
cstr_val_00508,val,outlet_block,dev_cal
cstr_val_00509,val,outlet_block,dev_thr
cstr_val_00510,val,pump_degrade,dev_cal
cstr_val_00511,val,pump_degrade,dev_thr
cstr_val_00512,val,fouling,dev_cal
cstr_val_00513,val,cool_stuck_closed,dev_cal
cstr_val_00514,val,cool_stuck_closed,dev_thr
cstr_val_00515,val,cool_stuck_closed,dev_cal
cstr_val_00516,val,cool_stuck_closed,dev_thr
cstr_val_00517,val,fouling,dev_thr
cstr_val_00518,val,fouling,dev_cal
cstr_val_00519,val,cool_stuck_closed,dev_cal
cstr_val_00520,val,pump_degrade,dev_cal
cstr_val_00521,val,pump_degrade,dev_thr
cstr_val_00522,val,cool_stuck_closed,dev_thr
cstr_val_00523,val,cool_stuck_closed,dev_cal
cstr_val_00524,val,pump_degrade,dev_cal
cstr_val_00525,val,outlet_block,dev_cal
cstr_val_00526,val,fouling,dev_thr
cstr_val_00527,val,pump_degrade,dev_thr
cstr_val_00528,val,cool_stuck_closed,dev_thr
cstr_val_00529,val,pump_degrade,dev_cal
cstr_val_00530,val,cool_stuck_closed,dev_cal
cstr_val_00531,val,outlet_block,dev_thr
cstr_val_00532,val,fouling,dev_cal
cstr_val_00533,val,pump_degrade,dev_thr
cstr_val_00534,val,outlet_block,dev_cal
cstr_val_00535,val,outlet_block,dev_thr
cstr_val_00536,val,outlet_block,dev_cal
cstr_val_00537,val,cool_stuck_closed,dev_thr
cstr_val_00538,val,cool_stuck_closed,dev_cal
cstr_val_00539,val,fouling,dev_thr
cstr_val_00540,val,fouling,dev_cal
cstr_val_00541,val,outlet_block,dev_thr
cstr_val_00542,val,pump_degrade,dev_cal
cstr_val_00543,val,cool_stuck_closed,dev_thr
cstr_val_00544,val,outlet_block,dev_cal
cstr_val_00545,val,outlet_block,dev_thr
cstr_val_00546,val,pump_degrade,dev_thr
cstr_val_00547,val,cool_stuck_closed,dev_cal
cstr_val_00548,val,outlet_block,dev_cal
cstr_val_00549,val,pump_degrade,dev_cal
cstr_val_00550,val,cool_stuck_closed,dev_thr
cstr_val_00551,val,pump_degrade,dev_thr
cstr_val_00552,val,fouling,dev_thr
cstr_val_00553,val,cool_stuck_closed,dev_cal
cstr_val_00554,val,pump_degrade,dev_cal
cstr_val_00555,val,pump_degrade,dev_thr
cstr_val_00556,val,pump_degrade,dev_cal
cstr_val_00557,val,pump_degrade,dev_thr
cstr_val_00558,val,pump_degrade,dev_cal
cstr_val_00559,val,outlet_block,dev_thr
cstr_val_00560,val,cool_stuck_closed,dev_thr
cstr_val_00561,val,pump_degrade,dev_thr
cstr_val_00562,val,outlet_block,dev_cal
cstr_val_00563,val,pump_degrade,dev_cal
cstr_val_00564,val,fouling,dev_cal
cstr_val_00565,val,outlet_block,dev_thr
cstr_val_00566,val,outlet_block,dev_cal
cstr_val_00567,val,cool_stuck_closed,dev_cal
cstr_val_00568,val,outlet_block,dev_thr
cstr_val_00569,val,fouling,dev_thr
cstr_val_00570,val,cool_stuck_closed,dev_thr
cstr_val_00571,val,outlet_block,dev_cal
cstr_val_00572,val,fouling,dev_cal
cstr_val_00573,val,pump_degrade,dev_thr
cstr_val_00574,val,cool_stuck_closed,dev_cal
cstr_val_00575,val,outlet_block,dev_thr
cstr_val_00576,val,outlet_block,dev_cal
cstr_val_00577,val,outlet_block,dev_thr
cstr_val_00578,val,pump_degrade,dev_cal
cstr_val_00579,val,cool_stuck_closed,dev_thr
cstr_val_00580,val,pump_degrade,dev_thr
cstr_val_00581,val,cool_stuck_closed,dev_cal
cstr_val_00582,val,cool_stuck_closed,dev_thr
cstr_val_00583,val,pump_degrade,dev_cal
cstr_val_00584,val,outlet_block,dev_cal
cstr_val_00585,val,pump_degrade,dev_thr
cstr_val_00586,val,fouling,dev_thr
cstr_val_00587,val,fouling,dev_cal
cstr_val_00588,val,pump_degrade,dev_cal
cstr_val_00589,val,pump_degrade,dev_thr
cstr_val_00590,val,pump_degrade,dev_cal
cstr_val_00591,val,pump_degrade,dev_thr
cstr_val_00592,val,cool_stuck_closed,dev_cal
cstr_val_00593,val,fouling,dev_thr
cstr_val_00594,val,fouling,dev_cal
cstr_val_00595,val,fouling,dev_thr
cstr_val_00596,val,cool_stuck_closed,dev_thr
cstr_val_00597,val,fouling,dev_cal
cstr_val_00598,val,fouling,dev_thr
cstr_val_00599,val,fouling,dev_cal
cstr_val_00600,val,outlet_block,dev_thr
cstr_val_00601,val,fouling,dev_thr
cstr_val_00602,val,outlet_block,dev_cal
cstr_val_00603,val,cool_stuck_closed,dev_cal
cstr_val_00604,val,pump_degrade,dev_cal
cstr_val_00605,val,cool_stuck_closed,dev_thr
cstr_val_00606,val,outlet_block,dev_thr
cstr_val_00607,val,outlet_block,dev_cal
cstr_val_00608,val,cool_stuck_closed,dev_cal
cstr_val_00609,val,fouling,dev_cal
cstr_val_00610,val,pump_degrade,dev_thr
cstr_val_00611,val,pump_degrade,dev_cal
cstr_val_00612,val,cool_stuck_closed,dev_thr
cstr_val_00613,val,cool_stuck_closed,dev_cal
cstr_val_00614,val,outlet_block,dev_thr
cstr_val_00615,val,fouling,dev_thr
cstr_val_00616,val,pump_degrade,dev_thr
cstr_val_00617,val,pump_degrade,dev_cal
cstr_val_00618,val,pump_degrade,dev_thr
cstr_val_00619,val,cool_stuck_closed,dev_thr
cstr_val_00620,val,outlet_block,dev_cal
cstr_val_00621,val,pump_degrade,dev_cal
cstr_val_00622,val,cool_stuck_closed,dev_cal
cstr_val_00623,val,outlet_block,dev_thr
cstr_val_00624,val,cool_stuck_closed,dev_thr
cstr_val_00625,val,fouling,dev_cal
cstr_val_00626,val,pump_degrade,dev_thr
cstr_val_00627,val,cool_stuck_closed,dev_cal
cstr_val_00628,val,pump_degrade,dev_cal
cstr_val_00629,val,pump_degrade,dev_thr
cstr_val_00630,val,cool_stuck_closed,dev_thr
cstr_val_00631,val,fouling,dev_thr
cstr_val_00632,val,pump_degrade,dev_cal
cstr_val_00633,val,outlet_block,dev_cal
cstr_val_00634,val,outlet_block,dev_thr
cstr_val_00635,val,fouling,dev_cal
cstr_val_00636,val,pump_degrade,dev_thr
cstr_val_00637,val,outlet_block,dev_cal
cstr_val_00638,val,fouling,dev_thr
cstr_val_00639,val,outlet_block,dev_thr
cstr_val_00640,val,outlet_block,dev_cal
cstr_val_00641,val,cool_stuck_closed,dev_cal
cstr_val_00642,val,pump_degrade,dev_cal
cstr_val_00643,val,cool_stuck_closed,dev_thr
cstr_val_00644,val,cool_stuck_closed,dev_cal
cstr_val_00645,val,fouling,dev_cal
cstr_val_00646,val,fouling,dev_thr
cstr_val_00647,val,cool_stuck_closed,dev_thr
cstr_val_00648,val,outlet_block,dev_thr
cstr_val_00649,val,pump_degrade,dev_thr
cstr_val_00650,val,pump_degrade,dev_cal
cstr_val_00651,val,outlet_block,dev_cal
cstr_val_00652,val,cool_stuck_closed,dev_cal
cstr_val_00653,val,fouling,dev_cal
cstr_val_00654,val,cool_stuck_closed,dev_thr
cstr_val_00655,val,pump_degrade,dev_thr
cstr_val_00656,val,fouling,dev_thr
cstr_val_00657,val,fouling,dev_cal
cstr_val_00658,val,fouling,dev_thr
cstr_val_00659,val,pump_degrade,dev_cal
cstr_val_00660,val,pump_degrade,dev_thr
cstr_val_00661,val,cool_stuck_closed,dev_cal
cstr_val_00662,val,pump_degrade,dev_cal
cstr_val_00663,val,pump_degrade,dev_thr
cstr_val_00664,val,pump_degrade,dev_cal
cstr_val_00665,val,cool_stuck_closed,dev_thr
cstr_val_00666,val,pump_degrade,dev_thr
cstr_val_00667,val,cool_stuck_closed,dev_cal
cstr_val_00668,val,cool_stuck_closed,dev_thr
cstr_val_00669,val,outlet_block,dev_thr
cstr_val_00670,val,outlet_block,dev_cal
cstr_val_00671,val,pump_degrade,dev_cal
cstr_val_00672,val,outlet_block,dev_thr
cstr_val_00673,val,cool_stuck_closed,dev_cal
cstr_val_00674,val,fouling,dev_cal
cstr_val_00675,val,outlet_block,dev_cal
cstr_val_00676,val,pump_degrade,dev_thr
cstr_val_00677,val,fouling,dev_thr
cstr_val_00678,val,outlet_block,dev_thr
cstr_val_00679,val,pump_degrade,dev_cal
cstr_val_00680,val,fouling,dev_cal
cstr_val_00681,val,fouling,dev_thr
cstr_val_00682,val,outlet_block,dev_cal
cstr_val_00683,val,pump_degrade,dev_thr
cstr_val_00684,val,pump_degrade,dev_cal
cstr_val_00685,val,outlet_block,dev_thr
cstr_val_00686,val,fouling,dev_cal
cstr_val_00687,val,cool_stuck_closed,dev_thr
cstr_val_00688,val,fouling,dev_thr
cstr_val_00689,val,outlet_block,dev_cal
cstr_val_00690,val,outlet_block,dev_thr
cstr_val_00691,val,pump_degrade,dev_thr
cstr_val_00692,val,fouling,dev_cal
cstr_val_00693,val,cool_stuck_closed,dev_cal
cstr_val_00694,val,cool_stuck_closed,dev_thr
cstr_val_00695,val,fouling,dev_thr
cstr_val_00696,val,fouling,dev_cal
cstr_val_00697,val,outlet_block,dev_cal
cstr_val_00698,val,fouling,dev_thr
cstr_val_00699,val,fouling,dev_cal
cstr_val_00700,val,pump_degrade,dev_cal
cstr_val_00701,val,outlet_block,dev_thr
cstr_val_00702,val,cool_stuck_closed,dev_cal
cstr_val_00703,val,cool_stuck_closed,dev_thr
cstr_val_00704,val,fouling,dev_thr
cstr_val_00705,val,fouling,dev_cal
cstr_val_00706,val,pump_degrade,dev_thr
cstr_val_00707,val,fouling,dev_thr
cstr_val_00708,val,pump_degrade,dev_cal
cstr_val_00709,val,pump_degrade,dev_thr
cstr_val_00710,val,fouling,dev_cal
cstr_val_00711,val,fouling,dev_thr
cstr_val_00712,val,outlet_block,dev_cal
cstr_val_00713,val,pump_degrade,dev_cal
cstr_val_00714,val,fouling,dev_cal
cstr_val_00715,val,pump_degrade,dev_thr
cstr_val_00716,val,fouling,dev_thr
cstr_val_00717,val,pump_degrade,dev_cal
cstr_val_00718,val,pump_degrade,dev_thr
cstr_val_00719,val,fouling,dev_cal
cstr_val_00720,val,cool_stuck_closed,dev_cal
cstr_val_00721,val,pump_degrade,dev_cal
cstr_val_00722,val,cool_stuck_closed,dev_thr
cstr_val_00723,val,outlet_block,dev_thr
cstr_val_00724,val,pump_degrade,dev_thr
cstr_val_00725,val,outlet_block,dev_cal
cstr_val_00726,val,cool_stuck_closed,dev_cal
cstr_val_00727,val,cool_stuck_closed,dev_thr
cstr_val_00728,val,pump_degrade,dev_cal
cstr_val_00729,val,pump_degrade,dev_thr
cstr_val_00730,val,pump_degrade,dev_cal
cstr_val_00731,val,outlet_block,dev_thr
cstr_val_00732,val,fouling,dev_thr
cstr_val_00733,val,outlet_block,dev_cal
cstr_val_00734,val,outlet_block,dev_thr
cstr_val_00735,val,cool_stuck_closed,dev_cal
cstr_val_00736,val,outlet_block,dev_cal
cstr_val_00737,val,pump_degrade,dev_thr
cstr_val_00738,val,outlet_block,dev_thr
cstr_val_00739,val,cool_stuck_closed,dev_thr
cstr_val_00740,val,pump_degrade,dev_cal
cstr_val_00741,val,fouling,dev_cal
cstr_val_00742,val,cool_stuck_closed,dev_cal
cstr_val_00743,val,fouling,dev_thr
cstr_val_00744,val,outlet_block,dev_cal
cstr_val_00745,val,pump_degrade,dev_thr
cstr_val_00746,val,pump_degrade,dev_cal
cstr_val_00747,val,pump_degrade,dev_thr
cstr_val_00748,val,outlet_block,dev_thr
cstr_val_00749,val,cool_stuck_closed,dev_thr
cstr_val_00750,val,pump_degrade,dev_cal
cstr_val_00751,val,pump_degrade,dev_thr
cstr_val_00752,val,cool_stuck_closed,dev_cal
cstr_val_00753,val,fouling,dev_cal
cstr_val_00754,val,cool_stuck_closed,dev_thr
cstr_val_00755,val,pump_degrade,dev_cal
cstr_val_00756,val,fouling,dev_thr
cstr_val_00757,val,pump_degrade,dev_thr
cstr_val_00758,val,pump_degrade,dev_cal
cstr_val_00759,val,pump_degrade,dev_thr
cstr_val_00760,val,fouling,dev_cal
cstr_val_00761,val,pump_degrade,dev_cal
cstr_val_00762,val,pump_degrade,dev_thr
cstr_val_00763,val,pump_degrade,dev_cal
cstr_val_00764,val,outlet_block,dev_cal
cstr_val_00765,val,cool_stuck_closed,dev_cal
cstr_val_00766,val,pump_degrade,dev_thr
cstr_val_00767,val,outlet_block,dev_thr
cstr_val_00768,val,outlet_block,dev_cal
cstr_val_00769,val,cool_stuck_closed,dev_thr
cstr_val_00770,val,cool_stuck_closed,dev_cal
cstr_val_00771,val,pump_degrade,dev_cal
cstr_val_00772,val,pump_degrade,dev_thr
cstr_val_00773,val,pump_degrade,dev_cal
cstr_val_00774,val,fouling,dev_thr
cstr_val_00775,val,pump_degrade,dev_thr
cstr_val_00776,val,fouling,dev_cal
cstr_val_00777,val,outlet_block,dev_thr
cstr_val_00778,val,cool_stuck_closed,dev_thr
cstr_val_00779,val,cool_stuck_closed,dev_cal
cstr_val_00780,val,outlet_block,dev_cal
cstr_val_00781,val,outlet_block,dev_thr
cstr_val_00782,val,fouling,dev_thr
cstr_val_00783,val,cool_stuck_closed,dev_thr
cstr_val_00784,val,cool_stuck_closed,dev_cal
cstr_val_00785,val,fouling,dev_cal
cstr_val_00786,val,fouling,dev_thr
cstr_val_00787,val,fouling,dev_cal
cstr_val_00788,val,fouling,dev_thr
cstr_val_00789,val,outlet_block,dev_cal
cstr_val_00790,val,cool_stuck_closed,dev_thr
cstr_val_00791,val,cool_stuck_closed,dev_cal
cstr_val_00792,val,pump_degrade,dev_cal
cstr_val_00793,val,pump_degrade,dev_thr
cstr_val_00794,val,fouling,dev_cal
cstr_val_00795,val,fouling,dev_thr
cstr_val_00796,val,fouling,dev_cal
cstr_val_00797,val,pump_degrade,dev_cal
cstr_val_00798,val,pump_degrade,dev_thr
cstr_val_00799,val,cool_stuck_closed,dev_thr
cstr_val_00800,val,fouling,dev_thr
cstr_val_00801,val,fouling,dev_cal
cstr_val_00802,val,outlet_block,dev_thr
cstr_val_00803,val,outlet_block,dev_cal
cstr_val_00804,val,fouling,dev_thr
cstr_val_00805,val,pump_degrade,dev_cal
cstr_val_00806,val,fouling,dev_cal
cstr_val_00807,val,fouling,dev_thr
cstr_val_00808,val,outlet_block,dev_thr
cstr_val_00809,val,pump_degrade,dev_thr
cstr_val_00810,val,cool_stuck_closed,dev_cal
cstr_val_00811,val,fouling,dev_cal
cstr_val_00812,val,cool_stuck_closed,dev_thr
cstr_val_00813,val,outlet_block,dev_cal
cstr_val_00814,val,cool_stuck_closed,dev_cal
cstr_val_00815,val,cool_stuck_closed,dev_thr
cstr_val_00816,val,cool_stuck_closed,dev_cal
cstr_val_00817,val,pump_degrade,dev_cal
cstr_val_00818,val,cool_stuck_closed,dev_thr
cstr_val_00819,val,outlet_block,dev_thr
cstr_val_00820,val,cool_stuck_closed,dev_cal
cstr_val_00821,val,cool_stuck_closed,dev_thr
cstr_val_00822,val,fouling,dev_thr
cstr_val_00823,val,pump_degrade,dev_thr
cstr_val_00824,val,fouling,dev_cal
cstr_val_00825,val,cool_stuck_closed,dev_cal
cstr_val_00826,val,outlet_block,dev_cal
cstr_val_00827,val,cool_stuck_closed,dev_thr
cstr_val_00828,val,cool_stuck_closed,dev_cal
cstr_val_00829,val,cool_stuck_closed,dev_thr
cstr_val_00830,val,pump_degrade,dev_cal
cstr_val_00831,val,fouling,dev_thr
cstr_val_00832,val,outlet_block,dev_thr
cstr_val_00833,val,cool_stuck_closed,dev_cal
cstr_val_00834,val,pump_degrade,dev_thr
cstr_val_00835,val,outlet_block,dev_cal
cstr_val_00836,val,outlet_block,dev_thr
cstr_val_00837,val,pump_degrade,dev_cal
cstr_val_00838,val,cool_stuck_closed,dev_thr
cstr_val_00839,val,cool_stuck_closed,dev_cal
cstr_val_00840,val,outlet_block,dev_cal
cstr_val_00841,val,cool_stuck_closed,dev_thr
cstr_val_00842,val,fouling,dev_cal
cstr_val_00843,val,cool_stuck_closed,dev_cal
cstr_val_00844,val,pump_degrade,dev_thr
cstr_val_00845,val,fouling,dev_thr
cstr_val_00846,val,fouling,dev_cal
cstr_val_00847,val,cool_stuck_closed,dev_thr
cstr_val_00848,val,pump_degrade,dev_cal
cstr_val_00849,val,outlet_block,dev_thr
cstr_val_00850,val,fouling,dev_thr
cstr_val_00851,val,fouling,dev_cal
cstr_val_00852,val,outlet_block,dev_cal
cstr_val_00853,val,cool_stuck_closed,dev_cal
cstr_val_00854,val,fouling,dev_thr
cstr_val_00855,val,outlet_block,dev_thr
cstr_val_00856,val,outlet_block,dev_cal
cstr_val_00857,val,pump_degrade,dev_thr
cstr_val_00858,val,outlet_block,dev_thr
cstr_val_00859,val,fouling,dev_cal
cstr_val_00860,val,outlet_block,dev_cal
cstr_val_00861,val,fouling,dev_thr
cstr_val_00862,val,pump_degrade,dev_cal
cstr_val_00863,val,fouling,dev_cal
cstr_val_00864,val,fouling,dev_thr
cstr_val_00865,val,outlet_block,dev_thr
cstr_val_00866,val,pump_degrade,dev_thr
cstr_val_00867,val,pump_degrade,dev_cal
cstr_val_00868,val,pump_degrade,dev_thr
cstr_val_00869,val,outlet_block,dev_cal
cstr_val_00870,val,cool_stuck_closed,dev_thr
cstr_val_00871,val,fouling,dev_cal
cstr_val_00872,val,fouling,dev_thr
cstr_val_00873,val,outlet_block,dev_thr
cstr_val_00874,val,fouling,dev_cal
cstr_val_00875,val,pump_degrade,dev_cal
cstr_val_00876,val,fouling,dev_thr
cstr_val_00877,val,outlet_block,dev_cal
cstr_val_00878,val,fouling,dev_cal
cstr_val_00879,val,outlet_block,dev_thr
cstr_val_00880,val,pump_degrade,dev_thr
cstr_val_00881,val,outlet_block,dev_cal
cstr_val_00882,val,pump_degrade,dev_cal
cstr_val_00883,val,cool_stuck_closed,dev_cal
cstr_val_00884,val,outlet_block,dev_thr
cstr_val_00885,val,cool_stuck_closed,dev_thr
cstr_val_00886,val,cool_stuck_closed,dev_cal
cstr_val_00887,val,cool_stuck_closed,dev_thr
cstr_val_00888,val,fouling,dev_thr
cstr_val_00889,val,cool_stuck_closed,dev_cal
cstr_val_00890,val,pump_degrade,dev_thr
cstr_val_00891,val,outlet_block,dev_cal
cstr_val_00892,val,fouling,dev_cal
cstr_val_00893,val,cool_stuck_closed,dev_thr
cstr_val_00894,val,pump_degrade,dev_cal
cstr_val_00895,val,cool_stuck_closed,dev_cal
cstr_val_00896,val,pump_degrade,dev_thr
cstr_val_00897,val,fouling,dev_thr
cstr_val_00898,val,cool_stuck_closed,dev_thr
cstr_val_00899,val,outlet_block,dev_thr
cstr_val_00900,val,pump_degrade,dev_cal
cstr_val_00901,val,outlet_block,dev_cal
cstr_val_00902,val,outlet_block,dev_thr
cstr_val_00903,val,cool_stuck_closed,dev_cal
cstr_val_00904,val,pump_degrade,dev_thr
cstr_val_00905,val,cool_stuck_closed,dev_thr
cstr_val_00906,val,outlet_block,dev_cal
cstr_val_00907,val,outlet_block,dev_thr
cstr_val_00908,val,fouling,dev_cal
cstr_val_00909,val,fouling,dev_thr
cstr_val_00910,val,outlet_block,dev_cal
cstr_val_00911,val,fouling,dev_cal
cstr_val_00912,val,cool_stuck_closed,dev_cal
cstr_val_00913,val,outlet_block,dev_thr
cstr_val_00914,val,outlet_block,dev_cal
cstr_val_00915,val,outlet_block,dev_thr
cstr_val_00916,val,fouling,dev_thr
cstr_val_00917,val,pump_degrade,dev_cal
cstr_val_00918,val,cool_stuck_closed,dev_thr
cstr_val_00919,val,pump_degrade,dev_thr
cstr_val_00920,val,fouling,dev_cal
cstr_val_00921,val,pump_degrade,dev_cal
cstr_val_00922,val,fouling,dev_thr
cstr_val_00923,val,outlet_block,dev_cal
cstr_val_00924,val,cool_stuck_closed,dev_cal
cstr_val_00925,val,pump_degrade,dev_thr
cstr_val_00926,val,pump_degrade,dev_cal
cstr_val_00927,val,outlet_block,dev_thr
cstr_val_00928,val,outlet_block,dev_cal
cstr_val_00929,val,pump_degrade,dev_thr
cstr_val_00930,val,cool_stuck_closed,dev_thr
cstr_val_00931,val,outlet_block,dev_thr
cstr_val_00932,val,pump_degrade,dev_cal
cstr_val_00933,val,cool_stuck_closed,dev_cal
cstr_val_00934,val,fouling,dev_cal
cstr_val_00935,val,outlet_block,dev_cal
cstr_val_00936,val,outlet_block,dev_thr
cstr_val_00937,val,fouling,dev_thr
cstr_val_00938,val,outlet_block,dev_cal
cstr_val_00939,val,pump_degrade,dev_thr
cstr_val_00940,val,cool_stuck_closed,dev_thr
cstr_val_00941,val,cool_stuck_closed,dev_cal
cstr_val_00942,val,pump_degrade,dev_cal
cstr_val_00943,val,cool_stuck_closed,dev_thr
cstr_val_00944,val,cool_stuck_closed,dev_cal
cstr_val_00945,val,cool_stuck_closed,dev_thr
cstr_val_00946,val,fouling,dev_cal
cstr_val_00947,val,outlet_block,dev_thr
cstr_val_00948,val,pump_degrade,dev_thr
cstr_val_00949,val,fouling,dev_thr
cstr_val_00950,val,cool_stuck_closed,dev_cal
cstr_val_00951,val,fouling,dev_cal
cstr_val_00952,val,cool_stuck_closed,dev_thr
cstr_val_00953,val,pump_degrade,dev_cal
cstr_val_00954,val,cool_stuck_closed,dev_cal
cstr_val_00955,val,fouling,dev_thr
cstr_val_00956,val,outlet_block,dev_cal
cstr_val_00957,val,cool_stuck_closed,dev_thr
cstr_val_00958,val,pump_degrade,dev_thr
cstr_val_00959,val,cool_stuck_closed,dev_cal
cstr_val_00960,val,outlet_block,dev_thr
cstr_val_00961,val,fouling,dev_cal
cstr_val_00962,val,outlet_block,dev_cal
cstr_val_00963,val,outlet_block,dev_thr
cstr_val_00964,val,fouling,dev_thr
cstr_val_00965,val,fouling,dev_cal
cstr_val_00966,val,fouling,dev_thr
cstr_val_00967,val,cool_stuck_closed,dev_thr
cstr_val_00968,val,outlet_block,dev_cal
cstr_val_00969,val,fouling,dev_cal
cstr_val_00970,val,outlet_block,dev_thr
cstr_val_00971,val,outlet_block,dev_cal
cstr_val_00972,val,cool_stuck_closed,dev_cal
cstr_val_00973,val,pump_degrade,dev_cal
cstr_val_00974,val,pump_degrade,dev_thr
cstr_val_00975,val,fouling,dev_thr
cstr_val_00976,val,pump_degrade,dev_cal
cstr_val_00977,val,pump_degrade,dev_thr
cstr_val_00978,val,outlet_block,dev_thr
cstr_val_00979,val,cool_stuck_closed,dev_thr
cstr_val_00980,val,cool_stuck_closed,dev_cal
cstr_val_00981,val,outlet_block,dev_cal
cstr_val_00982,val,outlet_block,dev_thr
cstr_val_00983,val,outlet_block,dev_cal
cstr_val_00984,val,fouling,dev_cal
cstr_val_00985,val,fouling,dev_thr
cstr_val_00986,val,cool_stuck_closed,dev_thr
cstr_val_00987,val,cool_stuck_closed,dev_cal
cstr_val_00988,val,outlet_block,dev_thr
cstr_val_00989,val,outlet_block,dev_cal
cstr_val_00990,val,pump_degrade,dev_cal
cstr_val_00991,val,cool_stuck_closed,dev_thr
cstr_val_00992,val,pump_degrade,dev_thr
cstr_val_00993,val,pump_degrade,dev_cal
cstr_val_00994,val,fouling,dev_cal
cstr_val_00995,val,pump_degrade,dev_thr
cstr_val_00996,val,fouling,dev_thr
cstr_val_00997,val,outlet_block,dev_thr
cstr_val_00998,val,outlet_block,dev_cal
cstr_val_00999,val,outlet_block,dev_thr
cstr_test_00000,test,pump_degrade,test_iid
cstr_test_00001,test,outlet_block,test_iid
cstr_test_00002,test,outlet_block,cert
cstr_test_00003,test,fouling,test_iid
cstr_test_00004,test,cool_stuck_closed,test_iid
cstr_test_00005,test,cool_stuck_closed,cert
cstr_test_00006,test,pump_degrade,cert
cstr_test_00007,test,fouling,cert
cstr_test_00008,test,fouling,test_iid
cstr_test_00009,test,cool_stuck_closed,test_iid
cstr_test_00010,test,fouling,cert
cstr_test_00011,test,fouling,test_iid
cstr_test_00012,test,fouling,cert
cstr_test_00013,test,fouling,test_iid
cstr_test_00014,test,fouling,cert
cstr_test_00015,test,cool_stuck_closed,cert
cstr_test_00016,test,outlet_block,test_iid
cstr_test_00017,test,outlet_block,cert
cstr_test_00018,test,pump_degrade,test_iid
cstr_test_00019,test,cool_stuck_closed,test_iid
cstr_test_00020,test,outlet_block,test_iid
cstr_test_00021,test,outlet_block,cert
cstr_test_00022,test,outlet_block,test_iid
cstr_test_00023,test,cool_stuck_closed,cert
cstr_test_00024,test,pump_degrade,cert
cstr_test_00025,test,outlet_block,cert
cstr_test_00026,test,outlet_block,test_iid
cstr_test_00027,test,outlet_block,cert
cstr_test_00028,test,cool_stuck_closed,test_iid
cstr_test_00029,test,fouling,test_iid
cstr_test_00030,test,outlet_block,test_iid
cstr_test_00031,test,fouling,cert
cstr_test_00032,test,fouling,test_iid
cstr_test_00033,test,pump_degrade,test_iid
cstr_test_00034,test,pump_degrade,cert
cstr_test_00035,test,outlet_block,cert
cstr_test_00036,test,fouling,cert
cstr_test_00037,test,fouling,test_iid
cstr_test_00038,test,cool_stuck_closed,cert
cstr_test_00039,test,cool_stuck_closed,test_iid
cstr_test_00040,test,cool_stuck_closed,cert
cstr_test_00041,test,cool_stuck_closed,test_iid
cstr_test_00042,test,fouling,cert
cstr_test_00043,test,cool_stuck_closed,cert
cstr_test_00044,test,pump_degrade,test_iid
cstr_test_00045,test,cool_stuck_closed,test_iid
cstr_test_00046,test,outlet_block,test_iid
cstr_test_00047,test,cool_stuck_closed,cert
cstr_test_00048,test,cool_stuck_closed,test_iid
cstr_test_00049,test,outlet_block,cert
cstr_test_00050,test,pump_degrade,cert
cstr_test_00051,test,pump_degrade,test_iid
cstr_test_00052,test,pump_degrade,cert
cstr_test_00053,test,fouling,test_iid
cstr_test_00054,test,outlet_block,test_iid
cstr_test_00055,test,cool_stuck_closed,cert
cstr_test_00056,test,pump_degrade,test_iid
cstr_test_00057,test,cool_stuck_closed,test_iid
cstr_test_00058,test,outlet_block,cert
cstr_test_00059,test,cool_stuck_closed,cert
cstr_test_00060,test,pump_degrade,cert
cstr_test_00061,test,fouling,cert
cstr_test_00062,test,outlet_block,test_iid
cstr_test_00063,test,pump_degrade,test_iid
cstr_test_00064,test,outlet_block,cert
cstr_test_00065,test,fouling,test_iid
cstr_test_00066,test,fouling,cert
cstr_test_00067,test,cool_stuck_closed,test_iid
cstr_test_00068,test,pump_degrade,cert
cstr_test_00069,test,pump_degrade,test_iid
cstr_test_00070,test,fouling,test_iid
cstr_test_00071,test,cool_stuck_closed,cert
cstr_test_00072,test,pump_degrade,cert
cstr_test_00073,test,cool_stuck_closed,test_iid
cstr_test_00074,test,pump_degrade,test_iid
cstr_test_00075,test,cool_stuck_closed,cert
cstr_test_00076,test,outlet_block,test_iid
cstr_test_00077,test,pump_degrade,cert
cstr_test_00078,test,cool_stuck_closed,test_iid
cstr_test_00079,test,pump_degrade,test_iid
cstr_test_00080,test,outlet_block,cert
cstr_test_00081,test,fouling,cert
cstr_test_00082,test,outlet_block,test_iid
cstr_test_00083,test,fouling,test_iid
cstr_test_00084,test,pump_degrade,cert
cstr_test_00085,test,fouling,cert
cstr_test_00086,test,outlet_block,cert
cstr_test_00087,test,cool_stuck_closed,cert
cstr_test_00088,test,outlet_block,test_iid
cstr_test_00089,test,pump_degrade,test_iid
cstr_test_00090,test,fouling,test_iid
cstr_test_00091,test,cool_stuck_closed,test_iid
cstr_test_00092,test,outlet_block,cert
cstr_test_00093,test,fouling,cert
cstr_test_00094,test,fouling,test_iid
cstr_test_00095,test,pump_degrade,cert
cstr_test_00096,test,outlet_block,test_iid
cstr_test_00097,test,fouling,cert
cstr_test_00098,test,outlet_block,cert
cstr_test_00099,test,fouling,test_iid
cstr_test_00100,test,fouling,cert
cstr_test_00101,test,outlet_block,test_iid
cstr_test_00102,test,pump_degrade,test_iid
cstr_test_00103,test,outlet_block,cert
cstr_test_00104,test,cool_stuck_closed,cert
cstr_test_00105,test,fouling,test_iid
cstr_test_00106,test,outlet_block,test_iid
cstr_test_00107,test,pump_degrade,cert
cstr_test_00108,test,cool_stuck_closed,test_iid
cstr_test_00109,test,cool_stuck_closed,cert
cstr_test_00110,test,fouling,cert
cstr_test_00111,test,pump_degrade,test_iid
cstr_test_00112,test,pump_degrade,cert
cstr_test_00113,test,fouling,test_iid
cstr_test_00114,test,outlet_block,cert
cstr_test_00115,test,outlet_block,test_iid
cstr_test_00116,test,cool_stuck_closed,test_iid
cstr_test_00117,test,outlet_block,cert
cstr_test_00118,test,outlet_block,test_iid
cstr_test_00119,test,cool_stuck_closed,cert
cstr_test_00120,test,cool_stuck_closed,test_iid
cstr_test_00121,test,outlet_block,cert
cstr_test_00122,test,cool_stuck_closed,cert
cstr_test_00123,test,cool_stuck_closed,test_iid
cstr_test_00124,test,pump_degrade,test_iid
cstr_test_00125,test,outlet_block,test_iid
cstr_test_00126,test,fouling,cert
cstr_test_00127,test,outlet_block,cert
cstr_test_00128,test,fouling,test_iid
cstr_test_00129,test,outlet_block,test_iid
cstr_test_00130,test,outlet_block,cert
cstr_test_00131,test,cool_stuck_closed,cert
cstr_test_00132,test,outlet_block,test_iid
cstr_test_00133,test,fouling,cert
cstr_test_00134,test,fouling,test_iid
cstr_test_00135,test,pump_degrade,cert
cstr_test_00136,test,pump_degrade,test_iid
cstr_test_00137,test,pump_degrade,cert
cstr_test_00138,test,outlet_block,cert
cstr_test_00139,test,outlet_block,test_iid
cstr_test_00140,test,fouling,cert
cstr_test_00141,test,outlet_block,cert
cstr_test_00142,test,outlet_block,test_iid
cstr_test_00143,test,fouling,test_iid
cstr_test_00144,test,fouling,cert
cstr_test_00145,test,outlet_block,cert
cstr_test_00146,test,fouling,test_iid
cstr_test_00147,test,pump_degrade,test_iid
cstr_test_00148,test,outlet_block,test_iid
cstr_test_00149,test,cool_stuck_closed,test_iid
cstr_test_00150,test,pump_degrade,cert
cstr_test_00151,test,pump_degrade,test_iid
cstr_test_00152,test,outlet_block,cert
cstr_test_00153,test,outlet_block,test_iid
cstr_test_00154,test,cool_stuck_closed,cert
cstr_test_00155,test,cool_stuck_closed,test_iid
cstr_test_00156,test,pump_degrade,cert
cstr_test_00157,test,fouling,cert
cstr_test_00158,test,fouling,test_iid
cstr_test_00159,test,pump_degrade,test_iid
cstr_test_00160,test,outlet_block,cert
cstr_test_00161,test,pump_degrade,cert
cstr_test_00162,test,pump_degrade,test_iid
cstr_test_00163,test,outlet_block,test_iid
cstr_test_00164,test,fouling,cert
cstr_test_00165,test,pump_degrade,cert
cstr_test_00166,test,outlet_block,cert
cstr_test_00167,test,outlet_block,test_iid
cstr_test_00168,test,cool_stuck_closed,cert
cstr_test_00169,test,cool_stuck_closed,test_iid
cstr_test_00170,test,pump_degrade,test_iid
cstr_test_00171,test,pump_degrade,cert
cstr_test_00172,test,outlet_block,cert
cstr_test_00173,test,cool_stuck_closed,cert
cstr_test_00174,test,outlet_block,test_iid
cstr_test_00175,test,cool_stuck_closed,test_iid
cstr_test_00176,test,outlet_block,cert
cstr_test_00177,test,fouling,test_iid
cstr_test_00178,test,cool_stuck_closed,cert
cstr_test_00179,test,fouling,cert
cstr_test_00180,test,fouling,test_iid
cstr_test_00181,test,fouling,cert
cstr_test_00182,test,cool_stuck_closed,test_iid
cstr_test_00183,test,outlet_block,test_iid
cstr_test_00184,test,cool_stuck_closed,cert
cstr_test_00185,test,fouling,test_iid
cstr_test_00186,test,pump_degrade,test_iid
cstr_test_00187,test,fouling,cert
cstr_test_00188,test,cool_stuck_closed,test_iid
cstr_test_00189,test,cool_stuck_closed,cert
cstr_test_00190,test,outlet_block,cert
cstr_test_00191,test,fouling,test_iid
cstr_test_00192,test,pump_degrade,cert
cstr_test_00193,test,outlet_block,test_iid
cstr_test_00194,test,pump_degrade,test_iid
cstr_test_00195,test,fouling,cert
cstr_test_00196,test,outlet_block,cert
cstr_test_00197,test,fouling,test_iid
cstr_test_00198,test,pump_degrade,cert
cstr_test_00199,test,pump_degrade,test_iid
cstr_test_00200,test,fouling,cert
cstr_test_00201,test,cool_stuck_closed,test_iid
cstr_test_00202,test,outlet_block,test_iid
cstr_test_00203,test,fouling,test_iid
cstr_test_00204,test,cool_stuck_closed,cert
cstr_test_00205,test,outlet_block,cert
cstr_test_00206,test,cool_stuck_closed,test_iid
cstr_test_00207,test,cool_stuck_closed,cert
cstr_test_00208,test,pump_degrade,cert
cstr_test_00209,test,fouling,cert
cstr_test_00210,test,pump_degrade,test_iid
cstr_test_00211,test,outlet_block,test_iid
cstr_test_00212,test,pump_degrade,cert
cstr_test_00213,test,fouling,test_iid
cstr_test_00214,test,fouling,cert
cstr_test_00215,test,cool_stuck_closed,test_iid
cstr_test_00216,test,cool_stuck_closed,cert
cstr_test_00217,test,fouling,test_iid
cstr_test_00218,test,fouling,cert
cstr_test_00219,test,fouling,test_iid
cstr_test_00220,test,cool_stuck_closed,test_iid
cstr_test_00221,test,cool_stuck_closed,cert
cstr_test_00222,test,outlet_block,cert
cstr_test_00223,test,cool_stuck_closed,test_iid
cstr_test_00224,test,fouling,cert
cstr_test_00225,test,outlet_block,test_iid
cstr_test_00226,test,pump_degrade,test_iid
cstr_test_00227,test,cool_stuck_closed,cert
cstr_test_00228,test,pump_degrade,cert
cstr_test_00229,test,outlet_block,cert
cstr_test_00230,test,pump_degrade,test_iid
cstr_test_00231,test,fouling,test_iid
cstr_test_00232,test,outlet_block,test_iid
cstr_test_00233,test,fouling,cert
cstr_test_00234,test,pump_degrade,cert
cstr_test_00235,test,pump_degrade,test_iid
cstr_test_00236,test,cool_stuck_closed,test_iid
cstr_test_00237,test,fouling,test_iid
cstr_test_00238,test,cool_stuck_closed,cert
cstr_test_00239,test,fouling,cert
cstr_test_00240,test,pump_degrade,cert
cstr_test_00241,test,cool_stuck_closed,test_iid
cstr_test_00242,test,outlet_block,cert
cstr_test_00243,test,outlet_block,test_iid
cstr_test_00244,test,fouling,test_iid
cstr_test_00245,test,pump_degrade,test_iid
cstr_test_00246,test,pump_degrade,cert
cstr_test_00247,test,outlet_block,cert
cstr_test_00248,test,fouling,cert
cstr_test_00249,test,outlet_block,test_iid
cstr_test_00250,test,pump_degrade,test_iid
cstr_test_00251,test,outlet_block,cert
cstr_test_00252,test,pump_degrade,cert
cstr_test_00253,test,fouling,test_iid
cstr_test_00254,test,cool_stuck_closed,cert
cstr_test_00255,test,pump_degrade,test_iid
cstr_test_00256,test,fouling,cert
cstr_test_00257,test,fouling,test_iid
cstr_test_00258,test,fouling,cert
cstr_test_00259,test,cool_stuck_closed,test_iid
cstr_test_00260,test,fouling,test_iid
cstr_test_00261,test,pump_degrade,cert
cstr_test_00262,test,pump_degrade,test_iid
cstr_test_00263,test,cool_stuck_closed,cert
cstr_test_00264,test,pump_degrade,cert
cstr_test_00265,test,pump_degrade,test_iid
cstr_test_00266,test,outlet_block,test_iid
cstr_test_00267,test,cool_stuck_closed,test_iid
cstr_test_00268,test,fouling,cert
cstr_test_00269,test,outlet_block,cert
cstr_test_00270,test,cool_stuck_closed,cert
cstr_test_00271,test,pump_degrade,cert
cstr_test_00272,test,cool_stuck_closed,test_iid
cstr_test_00273,test,fouling,test_iid
cstr_test_00274,test,outlet_block,test_iid
cstr_test_00275,test,pump_degrade,test_iid
cstr_test_00276,test,fouling,cert
cstr_test_00277,test,cool_stuck_closed,cert
cstr_test_00278,test,fouling,test_iid
cstr_test_00279,test,pump_degrade,cert
cstr_test_00280,test,cool_stuck_closed,test_iid
cstr_test_00281,test,cool_stuck_closed,cert
cstr_test_00282,test,pump_degrade,test_iid
cstr_test_00283,test,outlet_block,cert
cstr_test_00284,test,cool_stuck_closed,test_iid
cstr_test_00285,test,outlet_block,test_iid
cstr_test_00286,test,outlet_block,cert
cstr_test_00287,test,cool_stuck_closed,cert
cstr_test_00288,test,outlet_block,test_iid
cstr_test_00289,test,pump_degrade,cert
cstr_test_00290,test,pump_degrade,test_iid
cstr_test_00291,test,outlet_block,cert
cstr_test_00292,test,fouling,cert
cstr_test_00293,test,pump_degrade,cert
cstr_test_00294,test,fouling,test_iid
cstr_test_00295,test,outlet_block,test_iid
cstr_test_00296,test,fouling,cert
cstr_test_00297,test,pump_degrade,test_iid
cstr_test_00298,test,cool_stuck_closed,test_iid
cstr_test_00299,test,cool_stuck_closed,cert
cstr_test_00300,test,fouling,test_iid
cstr_test_00301,test,cool_stuck_closed,test_iid
cstr_test_00302,test,cool_stuck_closed,cert
cstr_test_00303,test,pump_degrade,cert
cstr_test_00304,test,cool_stuck_closed,test_iid
cstr_test_00305,test,outlet_block,cert
cstr_test_00306,test,cool_stuck_closed,cert
cstr_test_00307,test,outlet_block,test_iid
cstr_test_00308,test,pump_degrade,test_iid
cstr_test_00309,test,cool_stuck_closed,test_iid
cstr_test_00310,test,outlet_block,cert
cstr_test_00311,test,pump_degrade,cert
cstr_test_00312,test,cool_stuck_closed,cert
cstr_test_00313,test,pump_degrade,test_iid
cstr_test_00314,test,outlet_block,test_iid
cstr_test_00315,test,outlet_block,cert
cstr_test_00316,test,outlet_block,test_iid
cstr_test_00317,test,cool_stuck_closed,test_iid
cstr_test_00318,test,cool_stuck_closed,cert
cstr_test_00319,test,cool_stuck_closed,test_iid
cstr_test_00320,test,fouling,cert
cstr_test_00321,test,fouling,test_iid
cstr_test_00322,test,cool_stuck_closed,cert
cstr_test_00323,test,pump_degrade,cert
cstr_test_00324,test,cool_stuck_closed,test_iid
cstr_test_00325,test,cool_stuck_closed,cert
cstr_test_00326,test,fouling,cert
cstr_test_00327,test,cool_stuck_closed,test_iid
cstr_test_00328,test,fouling,test_iid
cstr_test_00329,test,outlet_block,cert
cstr_test_00330,test,fouling,cert
cstr_test_00331,test,cool_stuck_closed,cert
cstr_test_00332,test,fouling,test_iid
cstr_test_00333,test,pump_degrade,test_iid
cstr_test_00334,test,pump_degrade,cert
cstr_test_00335,test,outlet_block,test_iid
cstr_test_00336,test,fouling,cert
cstr_test_00337,test,fouling,test_iid
cstr_test_00338,test,cool_stuck_closed,test_iid
cstr_test_00339,test,outlet_block,cert
cstr_test_00340,test,pump_degrade,test_iid
cstr_test_00341,test,cool_stuck_closed,cert
cstr_test_00342,test,outlet_block,test_iid
cstr_test_00343,test,outlet_block,cert
cstr_test_00344,test,fouling,cert
cstr_test_00345,test,cool_stuck_closed,test_iid
cstr_test_00346,test,cool_stuck_closed,cert
cstr_test_00347,test,cool_stuck_closed,test_iid
cstr_test_00348,test,outlet_block,test_iid
cstr_test_00349,test,outlet_block,cert
cstr_test_00350,test,outlet_block,test_iid
cstr_test_00351,test,outlet_block,cert
cstr_test_00352,test,outlet_block,test_iid
cstr_test_00353,test,fouling,test_iid
cstr_test_00354,test,outlet_block,cert
cstr_test_00355,test,outlet_block,test_iid
cstr_test_00356,test,pump_degrade,cert
cstr_test_00357,test,fouling,cert
cstr_test_00358,test,outlet_block,cert
cstr_test_00359,test,outlet_block,test_iid
cstr_test_00360,test,cool_stuck_closed,cert
cstr_test_00361,test,cool_stuck_closed,test_iid
cstr_test_00362,test,fouling,test_iid
cstr_test_00363,test,fouling,cert
cstr_test_00364,test,fouling,test_iid
cstr_test_00365,test,outlet_block,cert
cstr_test_00366,test,outlet_block,test_iid
cstr_test_00367,test,fouling,cert
cstr_test_00368,test,outlet_block,cert
cstr_test_00369,test,fouling,test_iid
cstr_test_00370,test,outlet_block,test_iid
cstr_test_00371,test,fouling,cert
cstr_test_00372,test,fouling,test_iid
cstr_test_00373,test,pump_degrade,test_iid
cstr_test_00374,test,cool_stuck_closed,cert
cstr_test_00375,test,outlet_block,cert
cstr_test_00376,test,pump_degrade,cert
cstr_test_00377,test,fouling,cert
cstr_test_00378,test,outlet_block,test_iid
cstr_test_00379,test,pump_degrade,test_iid
cstr_test_00380,test,fouling,test_iid
cstr_test_00381,test,outlet_block,cert
cstr_test_00382,test,cool_stuck_closed,test_iid
cstr_test_00383,test,cool_stuck_closed,cert
cstr_test_00384,test,cool_stuck_closed,test_iid
cstr_test_00385,test,cool_stuck_closed,cert
cstr_test_00386,test,cool_stuck_closed,test_iid
cstr_test_00387,test,outlet_block,test_iid
cstr_test_00388,test,fouling,cert
cstr_test_00389,test,pump_degrade,cert
cstr_test_00390,test,cool_stuck_closed,cert
cstr_test_00391,test,outlet_block,cert
cstr_test_00392,test,cool_stuck_closed,test_iid
cstr_test_00393,test,pump_degrade,test_iid
cstr_test_00394,test,fouling,test_iid
cstr_test_00395,test,pump_degrade,cert
cstr_test_00396,test,outlet_block,test_iid
cstr_test_00397,test,outlet_block,cert
cstr_test_00398,test,fouling,cert
cstr_test_00399,test,pump_degrade,test_iid
cstr_test_00400,test,fouling,test_iid
cstr_test_00401,test,fouling,cert
cstr_test_00402,test,fouling,test_iid
cstr_test_00403,test,fouling,cert
cstr_test_00404,test,fouling,test_iid
cstr_test_00405,test,fouling,cert
cstr_test_00406,test,pump_degrade,cert
cstr_test_00407,test,fouling,test_iid
cstr_test_00408,test,pump_degrade,test_iid
cstr_test_00409,test,pump_degrade,cert
cstr_test_00410,test,cool_stuck_closed,cert
cstr_test_00411,test,outlet_block,test_iid
cstr_test_00412,test,cool_stuck_closed,test_iid
cstr_test_00413,test,outlet_block,cert
cstr_test_00414,test,fouling,cert
cstr_test_00415,test,cool_stuck_closed,cert
cstr_test_00416,test,cool_stuck_closed,test_iid
cstr_test_00417,test,fouling,test_iid
cstr_test_00418,test,pump_degrade,test_iid
cstr_test_00419,test,pump_degrade,cert
cstr_test_00420,test,outlet_block,test_iid
cstr_test_00421,test,pump_degrade,test_iid
cstr_test_00422,test,outlet_block,cert
cstr_test_00423,test,pump_degrade,cert
cstr_test_00424,test,cool_stuck_closed,cert
cstr_test_00425,test,outlet_block,test_iid
cstr_test_00426,test,outlet_block,cert
cstr_test_00427,test,cool_stuck_closed,test_iid
cstr_test_00428,test,cool_stuck_closed,cert
cstr_test_00429,test,pump_degrade,test_iid
cstr_test_00430,test,pump_degrade,cert
cstr_test_00431,test,pump_degrade,test_iid
cstr_test_00432,test,pump_degrade,cert
cstr_test_00433,test,cool_stuck_closed,test_iid
cstr_test_00434,test,fouling,cert
cstr_test_00435,test,cool_stuck_closed,cert
cstr_test_00436,test,pump_degrade,test_iid
cstr_test_00437,test,fouling,test_iid
cstr_test_00438,test,outlet_block,test_iid
cstr_test_00439,test,fouling,cert
cstr_test_00440,test,fouling,test_iid
cstr_test_00441,test,cool_stuck_closed,test_iid
cstr_test_00442,test,cool_stuck_closed,cert
cstr_test_00443,test,cool_stuck_closed,test_iid
cstr_test_00444,test,cool_stuck_closed,cert
cstr_test_00445,test,outlet_block,cert
cstr_test_00446,test,outlet_block,test_iid
cstr_test_00447,test,fouling,cert
cstr_test_00448,test,pump_degrade,cert
cstr_test_00449,test,cool_stuck_closed,test_iid
cstr_test_00450,test,fouling,test_iid
cstr_test_00451,test,outlet_block,cert
cstr_test_00452,test,pump_degrade,test_iid
cstr_test_00453,test,outlet_block,test_iid
cstr_test_00454,test,pump_degrade,cert
cstr_test_00455,test,pump_degrade,test_iid
cstr_test_00456,test,outlet_block,cert
cstr_test_00457,test,pump_degrade,cert
cstr_test_00458,test,outlet_block,test_iid
cstr_test_00459,test,outlet_block,cert
cstr_test_00460,test,cool_stuck_closed,cert
cstr_test_00461,test,pump_degrade,test_iid
cstr_test_00462,test,cool_stuck_closed,test_iid
cstr_test_00463,test,cool_stuck_closed,cert
cstr_test_00464,test,cool_stuck_closed,test_iid
cstr_test_00465,test,pump_degrade,cert
cstr_test_00466,test,fouling,cert
cstr_test_00467,test,pump_degrade,test_iid
cstr_test_00468,test,pump_degrade,cert
cstr_test_00469,test,outlet_block,test_iid
cstr_test_00470,test,cool_stuck_closed,cert
cstr_test_00471,test,cool_stuck_closed,test_iid
cstr_test_00472,test,fouling,test_iid
cstr_test_00473,test,pump_degrade,test_iid
cstr_test_00474,test,fouling,cert
cstr_test_00475,test,fouling,test_iid
cstr_test_00476,test,fouling,cert
cstr_test_00477,test,outlet_block,cert
cstr_test_00478,test,pump_degrade,cert
cstr_test_00479,test,cool_stuck_closed,cert
cstr_test_00480,test,pump_degrade,test_iid
cstr_test_00481,test,cool_stuck_closed,test_iid
cstr_test_00482,test,pump_degrade,cert
cstr_test_00483,test,pump_degrade,test_iid
cstr_test_00484,test,fouling,test_iid
cstr_test_00485,test,cool_stuck_closed,cert
cstr_test_00486,test,outlet_block,test_iid
cstr_test_00487,test,outlet_block,cert
cstr_test_00488,test,pump_degrade,cert
cstr_test_00489,test,cool_stuck_closed,test_iid
cstr_test_00490,test,outlet_block,test_iid
cstr_test_00491,test,outlet_block,cert
cstr_test_00492,test,outlet_block,test_iid
cstr_test_00493,test,cool_stuck_closed,cert
cstr_test_00494,test,outlet_block,cert
cstr_test_00495,test,fouling,cert
cstr_test_00496,test,outlet_block,test_iid
cstr_test_00497,test,outlet_block,cert
cstr_test_00498,test,fouling,test_iid
cstr_test_00499,test,pump_degrade,test_iid
cstr_test_00500,test,pump_degrade,cert
cstr_test_00501,test,cool_stuck_closed,test_iid
cstr_test_00502,test,pump_degrade,test_iid
cstr_test_00503,test,cool_stuck_closed,cert
cstr_test_00504,test,fouling,cert
cstr_test_00505,test,pump_degrade,cert
cstr_test_00506,test,outlet_block,test_iid
cstr_test_00507,test,outlet_block,cert
cstr_test_00508,test,fouling,test_iid
cstr_test_00509,test,fouling,cert
cstr_test_00510,test,cool_stuck_closed,test_iid
cstr_test_00511,test,fouling,test_iid
cstr_test_00512,test,outlet_block,test_iid
cstr_test_00513,test,fouling,cert
cstr_test_00514,test,cool_stuck_closed,cert
cstr_test_00515,test,pump_degrade,test_iid
cstr_test_00516,test,fouling,test_iid
cstr_test_00517,test,fouling,cert
cstr_test_00518,test,fouling,test_iid
cstr_test_00519,test,fouling,cert
cstr_test_00520,test,pump_degrade,cert
cstr_test_00521,test,fouling,test_iid
cstr_test_00522,test,fouling,cert
cstr_test_00523,test,pump_degrade,test_iid
cstr_test_00524,test,fouling,test_iid
cstr_test_00525,test,fouling,cert
cstr_test_00526,test,fouling,test_iid
cstr_test_00527,test,outlet_block,cert
cstr_test_00528,test,cool_stuck_closed,test_iid
cstr_test_00529,test,pump_degrade,cert
cstr_test_00530,test,outlet_block,test_iid
cstr_test_00531,test,outlet_block,cert
cstr_test_00532,test,cool_stuck_closed,cert
cstr_test_00533,test,fouling,cert
cstr_test_00534,test,fouling,test_iid
cstr_test_00535,test,fouling,cert
cstr_test_00536,test,cool_stuck_closed,test_iid
cstr_test_00537,test,pump_degrade,test_iid
cstr_test_00538,test,pump_degrade,cert
cstr_test_00539,test,pump_degrade,test_iid
cstr_test_00540,test,pump_degrade,cert
cstr_test_00541,test,outlet_block,test_iid
cstr_test_00542,test,pump_degrade,test_iid
cstr_test_00543,test,outlet_block,cert
cstr_test_00544,test,fouling,test_iid
cstr_test_00545,test,cool_stuck_closed,cert
cstr_test_00546,test,pump_degrade,cert
cstr_test_00547,test,pump_degrade,test_iid
cstr_test_00548,test,cool_stuck_closed,test_iid
cstr_test_00549,test,outlet_block,test_iid
cstr_test_00550,test,fouling,cert
cstr_test_00551,test,pump_degrade,cert
cstr_test_00552,test,cool_stuck_closed,cert
cstr_test_00553,test,fouling,test_iid
cstr_test_00554,test,pump_degrade,test_iid
cstr_test_00555,test,cool_stuck_closed,test_iid
cstr_test_00556,test,fouling,cert
cstr_test_00557,test,outlet_block,cert
cstr_test_00558,test,pump_degrade,cert
cstr_test_00559,test,outlet_block,test_iid
cstr_test_00560,test,outlet_block,cert
cstr_test_00561,test,fouling,test_iid
cstr_test_00562,test,cool_stuck_closed,cert
cstr_test_00563,test,pump_degrade,test_iid
cstr_test_00564,test,cool_stuck_closed,test_iid
cstr_test_00565,test,pump_degrade,cert
cstr_test_00566,test,pump_degrade,test_iid
cstr_test_00567,test,pump_degrade,cert
cstr_test_00568,test,fouling,cert
cstr_test_00569,test,cool_stuck_closed,cert
cstr_test_00570,test,pump_degrade,test_iid
cstr_test_00571,test,outlet_block,test_iid
cstr_test_00572,test,fouling,test_iid
cstr_test_00573,test,fouling,cert
cstr_test_00574,test,outlet_block,cert
cstr_test_00575,test,outlet_block,test_iid
cstr_test_00576,test,cool_stuck_closed,test_iid
cstr_test_00577,test,outlet_block,cert
cstr_test_00578,test,outlet_block,test_iid
cstr_test_00579,test,fouling,test_iid
cstr_test_00580,test,pump_degrade,cert
cstr_test_00581,test,pump_degrade,test_iid
cstr_test_00582,test,outlet_block,cert
cstr_test_00583,test,cool_stuck_closed,cert
cstr_test_00584,test,outlet_block,test_iid
cstr_test_00585,test,pump_degrade,cert
cstr_test_00586,test,fouling,cert
cstr_test_00587,test,fouling,test_iid
cstr_test_00588,test,fouling,cert
cstr_test_00589,test,outlet_block,cert
cstr_test_00590,test,cool_stuck_closed,test_iid
cstr_test_00591,test,cool_stuck_closed,cert
cstr_test_00592,test,pump_degrade,test_iid
cstr_test_00593,test,cool_stuck_closed,test_iid
cstr_test_00594,test,fouling,test_iid
cstr_test_00595,test,cool_stuck_closed,cert
cstr_test_00596,test,pump_degrade,cert
cstr_test_00597,test,pump_degrade,test_iid
cstr_test_00598,test,outlet_block,test_iid
cstr_test_00599,test,cool_stuck_closed,test_iid
cstr_test_00600,test,fouling,cert
cstr_test_00601,test,pump_degrade,cert
cstr_test_00602,test,cool_stuck_closed,cert
cstr_test_00603,test,cool_stuck_closed,test_iid
cstr_test_00604,test,pump_degrade,test_iid
cstr_test_00605,test,pump_degrade,cert
cstr_test_00606,test,fouling,test_iid
cstr_test_00607,test,fouling,cert
cstr_test_00608,test,pump_degrade,test_iid
cstr_test_00609,test,fouling,test_iid
cstr_test_00610,test,pump_degrade,cert
cstr_test_00611,test,outlet_block,cert
cstr_test_00612,test,fouling,cert
cstr_test_00613,test,pump_degrade,test_iid
cstr_test_00614,test,outlet_block,test_iid
cstr_test_00615,test,pump_degrade,cert
cstr_test_00616,test,fouling,test_iid
cstr_test_00617,test,cool_stuck_closed,cert
cstr_test_00618,test,pump_degrade,test_iid
cstr_test_00619,test,fouling,cert
cstr_test_00620,test,outlet_block,cert
cstr_test_00621,test,cool_stuck_closed,test_iid
cstr_test_00622,test,fouling,test_iid
cstr_test_00623,test,cool_stuck_closed,cert
cstr_test_00624,test,fouling,cert
cstr_test_00625,test,pump_degrade,cert
cstr_test_00626,test,pump_degrade,test_iid
cstr_test_00627,test,pump_degrade,cert
cstr_test_00628,test,cool_stuck_closed,test_iid
cstr_test_00629,test,pump_degrade,test_iid
cstr_test_00630,test,outlet_block,test_iid
cstr_test_00631,test,pump_degrade,cert
cstr_test_00632,test,pump_degrade,test_iid
cstr_test_00633,test,cool_stuck_closed,cert
cstr_test_00634,test,fouling,test_iid
cstr_test_00635,test,fouling,cert
cstr_test_00636,test,fouling,test_iid
cstr_test_00637,test,fouling,cert
cstr_test_00638,test,pump_degrade,cert
cstr_test_00639,test,outlet_block,cert
cstr_test_00640,test,pump_degrade,test_iid
cstr_test_00641,test,fouling,test_iid
cstr_test_00642,test,outlet_block,test_iid
cstr_test_00643,test,outlet_block,cert
cstr_test_00644,test,cool_stuck_closed,test_iid
cstr_test_00645,test,fouling,cert
cstr_test_00646,test,cool_stuck_closed,cert
cstr_test_00647,test,pump_degrade,cert
cstr_test_00648,test,cool_stuck_closed,test_iid
cstr_test_00649,test,pump_degrade,test_iid
cstr_test_00650,test,fouling,test_iid
cstr_test_00651,test,fouling,cert
cstr_test_00652,test,pump_degrade,cert
cstr_test_00653,test,pump_degrade,test_iid
cstr_test_00654,test,outlet_block,test_iid
cstr_test_00655,test,outlet_block,cert
cstr_test_00656,test,cool_stuck_closed,cert
cstr_test_00657,test,cool_stuck_closed,test_iid
cstr_test_00658,test,cool_stuck_closed,cert
cstr_test_00659,test,outlet_block,test_iid
cstr_test_00660,test,outlet_block,cert
cstr_test_00661,test,pump_degrade,cert
cstr_test_00662,test,cool_stuck_closed,test_iid
cstr_test_00663,test,pump_degrade,test_iid
cstr_test_00664,test,outlet_block,test_iid
cstr_test_00665,test,fouling,test_iid
cstr_test_00666,test,fouling,cert
cstr_test_00667,test,outlet_block,cert
cstr_test_00668,test,pump_degrade,cert
cstr_test_00669,test,outlet_block,test_iid
cstr_test_00670,test,pump_degrade,test_iid
cstr_test_00671,test,cool_stuck_closed,cert
cstr_test_00672,test,pump_degrade,cert
cstr_test_00673,test,cool_stuck_closed,test_iid
cstr_test_00674,test,fouling,test_iid
cstr_test_00675,test,pump_degrade,test_iid
cstr_test_00676,test,pump_degrade,cert
cstr_test_00677,test,outlet_block,cert
cstr_test_00678,test,fouling,cert
cstr_test_00679,test,cool_stuck_closed,cert
cstr_test_00680,test,cool_stuck_closed,test_iid
cstr_test_00681,test,fouling,test_iid
cstr_test_00682,test,fouling,cert
cstr_test_00683,test,pump_degrade,test_iid
cstr_test_00684,test,fouling,test_iid
cstr_test_00685,test,pump_degrade,cert
cstr_test_00686,test,cool_stuck_closed,cert
cstr_test_00687,test,pump_degrade,test_iid
cstr_test_00688,test,outlet_block,test_iid
cstr_test_00689,test,pump_degrade,cert
cstr_test_00690,test,pump_degrade,test_iid
cstr_test_00691,test,fouling,cert
cstr_test_00692,test,fouling,test_iid
cstr_test_00693,test,fouling,cert
cstr_test_00694,test,pump_degrade,cert
cstr_test_00695,test,fouling,test_iid
cstr_test_00696,test,pump_degrade,test_iid
cstr_test_00697,test,cool_stuck_closed,test_iid
cstr_test_00698,test,cool_stuck_closed,cert
cstr_test_00699,test,outlet_block,cert
cstr_test_00700,test,outlet_block,test_iid
cstr_test_00701,test,fouling,cert
cstr_test_00702,test,pump_degrade,cert
cstr_test_00703,test,fouling,test_iid
cstr_test_00704,test,outlet_block,cert
cstr_test_00705,test,pump_degrade,test_iid
cstr_test_00706,test,pump_degrade,cert
cstr_test_00707,test,outlet_block,test_iid
cstr_test_00708,test,cool_stuck_closed,test_iid
cstr_test_00709,test,cool_stuck_closed,cert
cstr_test_00710,test,outlet_block,cert
cstr_test_00711,test,outlet_block,test_iid
cstr_test_00712,test,outlet_block,cert
cstr_test_00713,test,cool_stuck_closed,test_iid
cstr_test_00714,test,outlet_block,test_iid
cstr_test_00715,test,outlet_block,cert
cstr_test_00716,test,cool_stuck_closed,cert
cstr_test_00717,test,pump_degrade,test_iid
cstr_test_00718,test,outlet_block,test_iid
cstr_test_00719,test,outlet_block,cert
cstr_test_00720,test,fouling,cert
cstr_test_00721,test,fouling,test_iid
cstr_test_00722,test,pump_degrade,cert
cstr_test_00723,test,pump_degrade,test_iid
cstr_test_00724,test,pump_degrade,cert
cstr_test_00725,test,cool_stuck_closed,test_iid
cstr_test_00726,test,pump_degrade,test_iid
cstr_test_00727,test,fouling,cert
cstr_test_00728,test,outlet_block,test_iid
cstr_test_00729,test,pump_degrade,cert
cstr_test_00730,test,pump_degrade,test_iid
cstr_test_00731,test,pump_degrade,cert
cstr_test_00732,test,cool_stuck_closed,cert
cstr_test_00733,test,cool_stuck_closed,test_iid
cstr_test_00734,test,cool_stuck_closed,cert
cstr_test_00735,test,outlet_block,cert
cstr_test_00736,test,cool_stuck_closed,test_iid
cstr_test_00737,test,pump_degrade,test_iid
cstr_test_00738,test,cool_stuck_closed,cert
cstr_test_00739,test,outlet_block,test_iid
cstr_test_00740,test,outlet_block,cert
cstr_test_00741,test,fouling,test_iid
cstr_test_00742,test,pump_degrade,cert
cstr_test_00743,test,cool_stuck_closed,test_iid
cstr_test_00744,test,fouling,cert
cstr_test_00745,test,cool_stuck_closed,cert
cstr_test_00746,test,outlet_block,test_iid
cstr_test_00747,test,fouling,test_iid
cstr_test_00748,test,cool_stuck_closed,test_iid
cstr_test_00749,test,cool_stuck_closed,cert
cstr_test_00750,test,fouling,cert
cstr_test_00751,test,outlet_block,cert
cstr_test_00752,test,fouling,test_iid
cstr_test_00753,test,cool_stuck_closed,test_iid
cstr_test_00754,test,pump_degrade,test_iid
cstr_test_00755,test,outlet_block,test_iid
cstr_test_00756,test,pump_degrade,cert
cstr_test_00757,test,outlet_block,cert
cstr_test_00758,test,pump_degrade,test_iid
cstr_test_00759,test,pump_degrade,cert
cstr_test_00760,test,outlet_block,test_iid
cstr_test_00761,test,cool_stuck_closed,cert
cstr_test_00762,test,pump_degrade,test_iid
cstr_test_00763,test,cool_stuck_closed,test_iid
cstr_test_00764,test,fouling,cert
cstr_test_00765,test,cool_stuck_closed,cert
cstr_test_00766,test,outlet_block,cert
cstr_test_00767,test,outlet_block,test_iid
cstr_test_00768,test,fouling,test_iid
cstr_test_00769,test,outlet_block,cert
cstr_test_00770,test,outlet_block,test_iid
cstr_test_00771,test,pump_degrade,cert
cstr_test_00772,test,cool_stuck_closed,test_iid
cstr_test_00773,test,fouling,cert
cstr_test_00774,test,cool_stuck_closed,cert
cstr_test_00775,test,outlet_block,cert
cstr_test_00776,test,pump_degrade,test_iid
cstr_test_00777,test,fouling,test_iid
cstr_test_00778,test,fouling,cert
cstr_test_00779,test,fouling,test_iid
cstr_test_00780,test,pump_degrade,cert
cstr_test_00781,test,fouling,cert
cstr_test_00782,test,pump_degrade,test_iid
cstr_test_00783,test,outlet_block,test_iid
cstr_test_00784,test,cool_stuck_closed,test_iid
cstr_test_00785,test,outlet_block,cert
cstr_test_00786,test,outlet_block,test_iid
cstr_test_00787,test,pump_degrade,cert
cstr_test_00788,test,outlet_block,cert
cstr_test_00789,test,pump_degrade,test_iid
cstr_test_00790,test,fouling,test_iid
cstr_test_00791,test,cool_stuck_closed,cert
cstr_test_00792,test,pump_degrade,cert
cstr_test_00793,test,outlet_block,test_iid
cstr_test_00794,test,fouling,cert
cstr_test_00795,test,cool_stuck_closed,test_iid
cstr_test_00796,test,cool_stuck_closed,cert
cstr_test_00797,test,cool_stuck_closed,test_iid
cstr_test_00798,test,fouling,test_iid
cstr_test_00799,test,outlet_block,cert
cstr_test_00800,test,pump_degrade,test_iid
cstr_test_00801,test,outlet_block,test_iid
cstr_test_00802,test,fouling,cert
cstr_test_00803,test,cool_stuck_closed,cert
cstr_test_00804,test,cool_stuck_closed,test_iid
cstr_test_00805,test,fouling,test_iid
cstr_test_00806,test,outlet_block,cert
cstr_test_00807,test,cool_stuck_closed,cert
cstr_test_00808,test,fouling,cert
cstr_test_00809,test,fouling,test_iid
cstr_test_00810,test,fouling,cert
cstr_test_00811,test,cool_stuck_closed,test_iid
cstr_test_00812,test,pump_degrade,cert
cstr_test_00813,test,fouling,test_iid
cstr_test_00814,test,cool_stuck_closed,cert
cstr_test_00815,test,cool_stuck_closed,test_iid
cstr_test_00816,test,outlet_block,test_iid
cstr_test_00817,test,outlet_block,cert
cstr_test_00818,test,fouling,cert
cstr_test_00819,test,fouling,test_iid
cstr_test_00820,test,outlet_block,test_iid
cstr_test_00821,test,outlet_block,cert
cstr_test_00822,test,outlet_block,test_iid
cstr_test_00823,test,outlet_block,cert
cstr_test_00824,test,cool_stuck_closed,cert
cstr_test_00825,test,outlet_block,test_iid
cstr_test_00826,test,pump_degrade,test_iid
cstr_test_00827,test,cool_stuck_closed,test_iid
cstr_test_00828,test,cool_stuck_closed,cert
cstr_test_00829,test,cool_stuck_closed,test_iid
cstr_test_00830,test,pump_degrade,cert
cstr_test_00831,test,fouling,cert
cstr_test_00832,test,outlet_block,cert
cstr_test_00833,test,pump_degrade,test_iid
cstr_test_00834,test,pump_degrade,cert
cstr_test_00835,test,outlet_block,test_iid
cstr_test_00836,test,cool_stuck_closed,cert
cstr_test_00837,test,fouling,test_iid
cstr_test_00838,test,cool_stuck_closed,test_iid
cstr_test_00839,test,fouling,cert
cstr_test_00840,test,cool_stuck_closed,cert
cstr_test_00841,test,fouling,test_iid
cstr_test_00842,test,outlet_block,cert
cstr_test_00843,test,fouling,cert
cstr_test_00844,test,outlet_block,test_iid
cstr_test_00845,test,fouling,test_iid
cstr_test_00846,test,pump_degrade,test_iid
cstr_test_00847,test,cool_stuck_closed,test_iid
cstr_test_00848,test,pump_degrade,cert
cstr_test_00849,test,outlet_block,cert
cstr_test_00850,test,pump_degrade,test_iid
cstr_test_00851,test,fouling,cert
cstr_test_00852,test,pump_degrade,cert
cstr_test_00853,test,fouling,test_iid
cstr_test_00854,test,fouling,cert
cstr_test_00855,test,cool_stuck_closed,cert
cstr_test_00856,test,fouling,test_iid
cstr_test_00857,test,outlet_block,test_iid
cstr_test_00858,test,fouling,cert
cstr_test_00859,test,cool_stuck_closed,test_iid
cstr_test_00860,test,pump_degrade,test_iid
cstr_test_00861,test,cool_stuck_closed,cert
cstr_test_00862,test,outlet_block,cert
cstr_test_00863,test,outlet_block,test_iid
cstr_test_00864,test,outlet_block,cert
cstr_test_00865,test,fouling,test_iid
cstr_test_00866,test,outlet_block,test_iid
cstr_test_00867,test,pump_degrade,cert
cstr_test_00868,test,cool_stuck_closed,test_iid
cstr_test_00869,test,cool_stuck_closed,cert
cstr_test_00870,test,outlet_block,cert
cstr_test_00871,test,pump_degrade,test_iid
cstr_test_00872,test,cool_stuck_closed,test_iid
cstr_test_00873,test,cool_stuck_closed,cert
cstr_test_00874,test,cool_stuck_closed,test_iid
cstr_test_00875,test,pump_degrade,cert
cstr_test_00876,test,pump_degrade,test_iid
cstr_test_00877,test,outlet_block,test_iid
cstr_test_00878,test,cool_stuck_closed,cert
cstr_test_00879,test,fouling,cert
cstr_test_00880,test,pump_degrade,cert
cstr_test_00881,test,fouling,test_iid
cstr_test_00882,test,outlet_block,cert
cstr_test_00883,test,pump_degrade,test_iid
cstr_test_00884,test,cool_stuck_closed,test_iid
cstr_test_00885,test,pump_degrade,cert
cstr_test_00886,test,outlet_block,test_iid
cstr_test_00887,test,cool_stuck_closed,cert
cstr_test_00888,test,cool_stuck_closed,test_iid
cstr_test_00889,test,cool_stuck_closed,cert
cstr_test_00890,test,pump_degrade,test_iid
cstr_test_00891,test,outlet_block,cert
cstr_test_00892,test,outlet_block,test_iid
cstr_test_00893,test,pump_degrade,cert
cstr_test_00894,test,fouling,cert
cstr_test_00895,test,outlet_block,cert
cstr_test_00896,test,pump_degrade,test_iid
cstr_test_00897,test,outlet_block,test_iid
cstr_test_00898,test,pump_degrade,cert
cstr_test_00899,test,pump_degrade,test_iid
cstr_test_00900,test,cool_stuck_closed,test_iid
cstr_test_00901,test,outlet_block,cert
cstr_test_00902,test,outlet_block,test_iid
cstr_test_00903,test,fouling,test_iid
cstr_test_00904,test,cool_stuck_closed,cert
cstr_test_00905,test,cool_stuck_closed,test_iid
cstr_test_00906,test,fouling,cert
cstr_test_00907,test,pump_degrade,cert
cstr_test_00908,test,pump_degrade,test_iid
cstr_test_00909,test,pump_degrade,cert
cstr_test_00910,test,outlet_block,cert
cstr_test_00911,test,fouling,test_iid
cstr_test_00912,test,outlet_block,test_iid
cstr_test_00913,test,cool_stuck_closed,cert
cstr_test_00914,test,pump_degrade,test_iid
cstr_test_00915,test,fouling,cert
cstr_test_00916,test,pump_degrade,cert
cstr_test_00917,test,outlet_block,cert
cstr_test_00918,test,fouling,test_iid
cstr_test_00919,test,pump_degrade,test_iid
cstr_test_00920,test,cool_stuck_closed,test_iid
cstr_test_00921,test,outlet_block,test_iid
cstr_test_00922,test,outlet_block,cert
cstr_test_00923,test,cool_stuck_closed,cert
cstr_test_00924,test,pump_degrade,cert
cstr_test_00925,test,cool_stuck_closed,test_iid
cstr_test_00926,test,cool_stuck_closed,cert
cstr_test_00927,test,outlet_block,test_iid
cstr_test_00928,test,cool_stuck_closed,test_iid
cstr_test_00929,test,pump_degrade,test_iid
cstr_test_00930,test,cool_stuck_closed,cert
cstr_test_00931,test,fouling,cert
cstr_test_00932,test,fouling,test_iid
cstr_test_00933,test,outlet_block,cert
cstr_test_00934,test,outlet_block,test_iid
cstr_test_00935,test,outlet_block,cert
cstr_test_00936,test,pump_degrade,cert
cstr_test_00937,test,pump_degrade,test_iid
cstr_test_00938,test,pump_degrade,cert
cstr_test_00939,test,cool_stuck_closed,test_iid
cstr_test_00940,test,pump_degrade,test_iid
cstr_test_00941,test,cool_stuck_closed,cert
cstr_test_00942,test,pump_degrade,cert
cstr_test_00943,test,cool_stuck_closed,test_iid
cstr_test_00944,test,pump_degrade,test_iid
cstr_test_00945,test,pump_degrade,cert
cstr_test_00946,test,pump_degrade,test_iid
cstr_test_00947,test,cool_stuck_closed,cert
cstr_test_00948,test,pump_degrade,cert
cstr_test_00949,test,pump_degrade,test_iid
cstr_test_00950,test,pump_degrade,cert
cstr_test_00951,test,cool_stuck_closed,test_iid
cstr_test_00952,test,cool_stuck_closed,cert
cstr_test_00953,test,outlet_block,test_iid
cstr_test_00954,test,pump_degrade,test_iid
cstr_test_00955,test,outlet_block,cert
cstr_test_00956,test,pump_degrade,cert
cstr_test_00957,test,cool_stuck_closed,test_iid
cstr_test_00958,test,outlet_block,test_iid
cstr_test_00959,test,cool_stuck_closed,cert
cstr_test_00960,test,outlet_block,cert
cstr_test_00961,test,fouling,cert
cstr_test_00962,test,fouling,test_iid
cstr_test_00963,test,fouling,cert
cstr_test_00964,test,fouling,test_iid
cstr_test_00965,test,fouling,cert
cstr_test_00966,test,outlet_block,test_iid
cstr_test_00967,test,cool_stuck_closed,test_iid
cstr_test_00968,test,cool_stuck_closed,cert
cstr_test_00969,test,cool_stuck_closed,test_iid
cstr_test_00970,test,pump_degrade,test_iid
cstr_test_00971,test,fouling,test_iid
cstr_test_00972,test,fouling,cert
cstr_test_00973,test,fouling,test_iid
cstr_test_00974,test,fouling,cert
cstr_test_00975,test,fouling,test_iid
cstr_test_00976,test,outlet_block,cert
cstr_test_00977,test,pump_degrade,cert
cstr_test_00978,test,fouling,cert
cstr_test_00979,test,fouling,test_iid
cstr_test_00980,test,cool_stuck_closed,cert
cstr_test_00981,test,fouling,cert
cstr_test_00982,test,outlet_block,test_iid
cstr_test_00983,test,cool_stuck_closed,test_iid
cstr_test_00984,test,fouling,test_iid
cstr_test_00985,test,pump_degrade,test_iid
cstr_test_00986,test,pump_degrade,cert
cstr_test_00987,test,cool_stuck_closed,cert
cstr_test_00988,test,outlet_block,cert
cstr_test_00989,test,fouling,cert
cstr_test_00990,test,fouling,test_iid
cstr_test_00991,test,cool_stuck_closed,test_iid
cstr_test_00992,test,cool_stuck_closed,cert
cstr_test_00993,test,cool_stuck_closed,test_iid
cstr_test_00994,test,cool_stuck_closed,cert
cstr_test_00995,test,fouling,cert
cstr_test_00996,test,outlet_block,test_iid
cstr_test_00997,test,cool_stuck_closed,test_iid
cstr_test_00998,test,cool_stuck_closed,cert
cstr_test_00999,test,outlet_block,cert
