metric,mean,std
accuracy,0.784,0.035071355833500364
roc_auc,0.781140350877193,0.08574515833100069
brier_score,0.14838560377379925,0.017279677374397572
ece,0.09310532614816007,0.029641600387792386
