target_coverage,actual_coverage_mean,actual_coverage_std,selective_accuracy_mean,selective_accuracy_std,avg_confidence_of_accepted_mean,avg_confidence_of_accepted_std
0.1,0.1,0.0,0.42000000000000004,0.17888543819998318,0.4243868649397967,0.05146884274233871
0.2,0.2,0.0,0.35,0.11180339887498948,0.3831493691230699,0.03937138695238383
0.3,0.3,0.0,0.36,0.0983192080250175,0.35705666353867416,0.03369181016999644
0.4,0.4,0.0,0.355,0.06937218462755802,0.335082527411084,0.029195614197643965
0.5,0.5,0.0,0.328,0.057619441163551735,0.31525178924602404,0.023876305181370655
0.6,0.6,0.0,0.30333333333333334,0.054518090779320405,0.2985338632974776,0.019502602966011657
0.7,0.7,0.0,0.2914285714285714,0.04584801867394633,0.2833461531079959,0.01562906857626388
0.8,0.8,0.0,0.28250000000000003,0.01895718861012886,0.26898396650294504,0.012454813049172779
0.9,0.9,0.0,0.2577777777777778,0.009296222517045287,0.2550790030478834,0.010110554449320531
