target_coverage,actual_coverage_mean,actual_coverage_std,selective_accuracy_mean,selective_accuracy_std,avg_confidence_of_accepted_mean,avg_confidence_of_accepted_std
0.1,0.1,0.0,0.76,0.18165902124584954,0.5451171582968841,0.06566693606342841
0.2,0.2,0.0,0.45999999999999996,0.14317821063276356,0.4783354987970485,0.05493295308439762
0.3,0.3,0.0,0.4333333333333333,0.11785113019775792,0.41553530097096614,0.03470080918872934
0.4,0.4,0.0,0.425,0.08838834764831846,0.38111557096032256,0.02739194340753041
0.5,0.5,0.0,0.364,0.07127411872482182,0.3527546618723111,0.020200128677838845
0.6,0.6,0.0,0.33999999999999997,0.040138648595974324,0.32628086953899416,0.013928717693007001
0.7,0.7,0.0,0.30857142857142855,0.029623487647611035,0.3038776889020978,0.010849742364377978
0.8,0.8,0.0,0.2825,0.011180339887498935,0.281824125673888,0.009583638452754825
0.9,0.9,0.0,0.2644444444444444,0.004969039949999536,0.26024330186286415,0.009421217367866126
