target_coverage,actual_coverage_mean,actual_coverage_std,selective_accuracy_mean,selective_accuracy_std,avg_confidence_of_accepted_mean,avg_confidence_of_accepted_std
0.1,0.1,0.0,0.6,0.15811388300841897,0.5360238645148382,0.09997369932125982
0.2,0.2,0.0,0.49000000000000005,0.12449899597988731,0.439425156694954,0.06319641756198993
0.3,0.3,0.0,0.4666666666666667,0.08819171036881966,0.3873095567485613,0.048466006794556996
0.4,0.4,0.0,0.39499999999999996,0.06708203932499371,0.35384798248868443,0.03966755751256255
0.5,0.5,0.0,0.356,0.043358966777357594,0.32944583918974624,0.03392755412336852
0.6,0.6,0.0,0.31999999999999995,0.03205897343611889,0.3095087658251769,0.02983031018900091
0.7,0.7,0.0,0.2914285714285714,0.02390457218668786,0.2927266715914273,0.02598299044967651
0.8,0.8,0.0,0.27,0.011180339887498955,0.27745096701013877,0.022359254753187764
0.9,0.9,0.0,0.2511111111111111,0.012668615834434857,0.26316480680200066,0.018976063930204484
