threshold,coverage_mean,coverage_std,selective_accuracy_mean,selective_accuracy_std,avg_confidence_of_accepted_mean,avg_confidence_of_accepted_std
0.1,0.7859999999999999,0.06503845016603639,0.28861021331609565,0.024907682119535823,0.28763149130913224,0.019433646516867728
0.15,0.6900000000000001,0.12942179105544788,0.3311619017515384,0.0838945244123873,0.31392567459121357,0.04240956236520502
0.2,0.522,0.0887130204648675,0.36063188809305113,0.07119648312820397,0.3547297157469901,0.03878610894020144
0.25,0.47800000000000004,0.04438468204234431,0.37995231821318776,0.07219644382535555,0.3631840771258764,0.028741358436901777
0.3,0.238,0.09121403400793104,0.4529365079365079,0.12449684574580629,0.4580672919338178,0.05460149681826449
0.35,0.188,0.013038404810405298,0.45923632610939114,0.1414471701872055,0.48695425830205297,0.049194685778967864
0.4,0.168,0.039623225512317894,0.4837461300309597,0.15551436761481435,0.49816967628472497,0.036588775363509365
0.45,0.10800000000000001,0.053103672189407015,0.8323886639676112,0.29637176128208154,0.5460745783324745,0.042652004805472196
