target_coverage,actual_coverage_mean,actual_coverage_std,selective_accuracy_mean,selective_accuracy_std,avg_confidence_of_accepted_mean,avg_confidence_of_accepted_std
0.1,0.1,0.0,0.6,0.15811388300841894,0.5444268757498343,0.062168208473451086
0.2,0.2,0.0,0.47000000000000003,0.07582875444051551,0.4676455481555074,0.043204317301613615
0.3,0.3,0.0,0.49333333333333335,0.0760116950066092,0.4218674474094078,0.03500274323711162
0.4,0.4,0.0,0.45499999999999996,0.06471089552772394,0.38595796683778544,0.02767088047806974
0.5,0.5,0.0,0.404,0.05176871642217914,0.35500094763706386,0.020091804010820478
0.6,0.6,0.0,0.36333333333333334,0.0397911212877111,0.3273017412947583,0.014738106151553208
0.7,0.7,0.0,0.3171428571428571,0.027479120088101935,0.3025906038074287,0.011579543473268838
0.8,0.8,0.0,0.2875,0.015309310892394857,0.2798769358170504,0.010322354443163996
0.9,0.9,0.0,0.2644444444444444,0.004969039949999533,0.2587479851769837,0.010622746779813277
