threshold,coverage_mean,coverage_std,selective_accuracy_mean,selective_accuracy_std,avg_confidence_of_accepted_mean,avg_confidence_of_accepted_std
0.1,0.974,0.02073644135332774,0.24649765467613993,0.005348336984728802,0.2451918803339051,0.010497225524947138
0.15,0.8240000000000001,0.0928977932999488,0.27630927401725364,0.034371838694008755,0.26796328527949803,0.02120423955699274
0.2,0.6279999999999999,0.044384682042344276,0.30481895599306685,0.04591274650897725,0.29509939294059034,0.021565193549709042
0.25,0.394,0.03577708763999662,0.3582387220622515,0.06053148337272373,0.3359094015327608,0.024615622061343052
0.3,0.266,0.05856620185738529,0.3512900432900433,0.10674516423481252,0.3644155602350501,0.02159913293712381
0.35,0.13,0.05830951894845301,0.4390628978864273,0.16650784007980104,0.4074654156306809,0.021601803538595876
0.4,0.06799999999999999,0.04381780460041328,0.47757575757575754,0.3665138674861946,0.4423433408597184,0.025839581532021927
0.45,0.032,0.035637059362410926,0.1875,0.23935677693908453,0.4975855955256828,0.03294257642503717
