metric,mean,std
accuracy,0.7719999999999999,0.03271085446759224
roc_auc,0.719078947368421,0.08550223879496051
brier_score,0.16245350723784152,0.015968912601651137
ece,0.07521083692196207,0.04532274934382863
