threshold,coverage_mean,coverage_std,selective_accuracy_mean,selective_accuracy_std,avg_confidence_of_accepted_mean,avg_confidence_of_accepted_std
0.1,0.82,0.0821583836257749,0.28500408207153477,0.026262574189657942,0.27782285591401834,0.014286876782077561
0.15,0.654,0.08905054744357278,0.3478895528342313,0.052528856694933915,0.31763680891959617,0.024997789573169484
0.2,0.536,0.06985699678629192,0.40278266313782407,0.07696386792644053,0.3486643582689427,0.03131379819061743
0.25,0.404,0.045055521304275224,0.4455161840772143,0.07602790831270517,0.38711608241179774,0.03077591332634995
0.3,0.306,0.04159326868617084,0.4793456221198157,0.09422967283698615,0.4196484508475226,0.027036180297308466
0.35,0.21200000000000002,0.04024922359499622,0.48839361831689204,0.08936693761920328,0.4597657897715014,0.02788722917468879
0.4,0.134,0.035071355833500364,0.520686274509804,0.14662288326244907,0.5106913348027478,0.029502278744729174
0.45,0.096,0.03507135583350036,0.5652991452991453,0.16350228529626082,0.5486798951329714,0.03355718892903997
