threshold,coverage_mean,coverage_std,selective_accuracy_mean,selective_accuracy_std,avg_confidence_of_accepted_mean,avg_confidence_of_accepted_std
0.1,0.984,0.018165902124584955,0.23980271790065605,0.006673448243097388,0.2524182765679429,0.018719321561196094
0.15,0.836,0.13520355024924455,0.2658912357086833,0.023664134039187077,0.2765151975351755,0.0272680427755923
0.2,0.616,0.14258330898110058,0.31587116454425573,0.04781394916081708,0.31462321567296236,0.036306635377851226
0.25,0.378,0.06723094525588644,0.40134654818865345,0.07555978871456989,0.36247167039865563,0.036111716290249465
0.3,0.20400000000000001,0.07266360849833979,0.5194183971093989,0.08876463260793142,0.4430235503260299,0.06153783172689189
0.35,0.13399999999999998,0.03781534080237806,0.6177777777777778,0.15959052541573118,0.499790262414728,0.08096098681911448
0.4,0.098,0.040865633483405106,0.5371794871794872,0.17893688535761948,0.5350791617066083,0.08303393802083579
0.45,0.08,0.04743416490252569,0.5928030303030303,0.13891758197645646,0.5727755937857453,0.059331974610377404
