metric,mean,std
accuracy,0.8240000000000001,0.04159326868617084
roc_auc,0.7555921052631579,0.10644608985129099
brier_score,0.15089611205808975,0.01976231414189383
ece,0.11696073259580667,0.0303618533652207
