metric,mean,std
accuracy,0.754,0.015165750888103114
roc_auc,0.662390350877193,0.10870440059446833
brier_score,0.17349139874937247,0.012556047865421551
ece,0.06907504235729225,0.011022430309295084
