feature_group,train_rows,val_rows,test_rows,n_features,accuracy,roc_auc,brier_score,ece,repeat_idx,seed
token_only,324,75,100,7,0.82,0.8645833333333334,0.13434084191424212,0.13099199075733017,0,42
token_only,324,75,100,7,0.75,0.6567982456140351,0.17385411013550425,0.11660054219287165,1,43
token_only,324,75,100,7,0.74,0.7247807017543859,0.1678096279692809,0.055252065453937155,2,44
token_only,324,75,100,7,0.79,0.6644736842105263,0.1663200911143382,0.034079341710029694,3,45
token_only,324,75,100,7,0.76,0.6847587719298245,0.16994286505584213,0.03913024449564164,4,46
