feature_group,train_rows,val_rows,test_rows,n_features,accuracy,roc_auc,brier_score,ece,repeat_idx,seed
pooled_attention_only,324,75,100,62,0.76,0.7571271929824561,0.1626755420310161,0.061359036876876036,0,42
pooled_attention_only,324,75,100,62,0.76,0.5202850877192983,0.18640603254592694,0.06648672859539874,1,43
pooled_attention_only,324,75,100,62,0.77,0.6891447368421053,0.1688440775287122,0.08851531035417251,2,44
pooled_attention_only,324,75,100,62,0.73,0.5800438596491228,0.18745428178069035,0.06471074833700194,3,45
pooled_attention_only,324,75,100,62,0.75,0.7653508771929824,0.1620770598605168,0.06430338762301205,4,46
