feature_group,train_rows,val_rows,test_rows,n_features,accuracy,roc_auc,brier_score,ece,repeat_idx,seed
difficulty_only,324,75,100,4,0.87,0.8763706140350878,0.12283927914926339,0.1481485001201273,0,42
difficulty_only,324,75,100,4,0.82,0.6203399122807017,0.17425220471913028,0.12309272709675412,1,43
difficulty_only,324,75,100,4,0.85,0.7722039473684211,0.1473597809602248,0.12549632808455885,2,44
difficulty_only,324,75,100,4,0.82,0.6765350877192983,0.16458211850161195,0.12189770046007106,3,45
difficulty_only,324,75,100,4,0.76,0.8325109649122806,0.1454471769602182,0.06616840721752193,4,46
