feature_group,train_rows,val_rows,test_rows,n_features,accuracy,roc_auc,brier_score,ece,repeat_idx,seed
full_small_combined,324,75,100,86,0.81,0.8530701754385965,0.12942406146837826,0.13274229198569934,0,42
full_small_combined,324,75,100,86,0.78,0.6474780701754386,0.172488499297765,0.0521352978347364,1,43
full_small_combined,324,75,100,86,0.78,0.8316885964912281,0.1413626923099393,0.08418684432308489,2,44
full_small_combined,324,75,100,86,0.73,0.743421052631579,0.15939534325165539,0.09008311649184142,3,45
full_small_combined,324,75,100,86,0.82,0.8300438596491229,0.13925742254125834,0.10637908010543833,4,46
