family,severity,seed,triggered,t_trigger,trigger_violations,control_zone,action,no_change,label_status,verifier_pass,fail_reason,time_to_safe,unsafe_fraction,n_steps,wall_s
fouling,"{""fouling_max"": 0.3, ""fouling_tau"": 2000.0}",202,False,,,,,,,,,,,,
fouling,"{""fouling_max"": 0.3, ""fouling_tau"": 2000.0}",101,False,,,,,,,,,,,,
fouling,"{""fouling_max"": 0.5, ""fouling_tau"": 2000.0}",303,False,,,,,,,,,,,,
fouling,"{""fouling_max"": 0.4, ""fouling_tau"": 2000.0}",303,False,,,,,,,,,,,,
fouling,"{""fouling_max"": 0.4, ""fouling_tau"": 2000.0}",202,False,,,,,,,,,,,,
fouling,"{""fouling_max"": 0.4, ""fouling_tau"": 2000.0}",101,False,,,,,,,,,,,,
fouling,"{""fouling_max"": 0.5, ""fouling_tau"": 2000.0}",101,False,,,,,,,,,,,,
fouling,"{""fouling_max"": 0.3, ""fouling_tau"": 2000.0}",303,False,,,,,,,,,,,,
fouling,"{""fouling_max"": 0.5, ""fouling_tau"": 2000.0}",202,False,,,,,,,,,,,,
pump_degrade,"{""pump_degrade_factor"": 0.65}",101,False,,,,,,,,,,,,
pump_degrade,"{""pump_degrade_factor"": 0.8}",303,False,,,,,,,,,,,,
pump_degrade,"{""pump_degrade_factor"": 0.8}",202,False,,,,,,,,,,,,
pump_degrade,"{""pump_degrade_factor"": 0.8}",101,False,,,,,,,,,,,,
pump_degrade,"{""pump_degrade_factor"": 0.65}",202,False,,,,,,,,,,,,
pump_degrade,"{""pump_degrade_factor"": 0.65}",303,False,,,,,,,,,,,,
fouling,"{""fouling_max"": 0.6, ""fouling_tau"": 2000.0}",303,True,5542.0,entered_UNSAFE(control_zone),UNSAFE,"{""T_sp"": 310.0, ""L_sp"": 10.0, ""Fin_sp"": 0.0333}",True,known,False,no_recovery,,0.4312449145646867,2458.0,6.062096599984216
fouling,"{""fouling_max"": 0.6, ""fouling_tau"": 2000.0}",303,True,5542.0,entered_UNSAFE(control_zone),UNSAFE,"{""T_sp"": 310.0, ""L_sp"": 10.0, ""Fin_sp"": 0.0283}",False,known,True,,119.0,0.0,2458.0,8.215454999997746
fouling,"{""fouling_max"": 0.6, ""fouling_tau"": 2000.0}",303,True,5542.0,entered_UNSAFE(control_zone),UNSAFE,"{""T_sp"": 310.0, ""L_sp"": 10.0, ""Fin_sp"": 0.0233}",False,known,True,,119.0,0.0,2458.0,15.295426099997712
fouling,"{""fouling_max"": 0.6, ""fouling_tau"": 2000.0}",303,True,5542.0,entered_UNSAFE(control_zone),UNSAFE,"{""T_sp"": 310.0, ""L_sp"": 10.0, ""Fin_sp"": 0.0183}",False,known,True,,119.0,0.0,2458.0,6.561990699992748
fouling,"{""fouling_max"": 0.6, ""fouling_tau"": 2000.0}",303,True,5542.0,entered_UNSAFE(control_zone),UNSAFE,"{""T_sp"": 310.0, ""L_sp"": 10.0, ""Fin_sp"": 0.0133}",False,known,True,,119.0,0.0,2458.0,7.268932300008601
fouling,"{""fouling_max"": 0.6, ""fouling_tau"": 2000.0}",303,True,5542.0,entered_UNSAFE(control_zone),UNSAFE,"{""T_sp"": 310.0, ""L_sp"": 10.0, ""Fin_sp"": 0.0083}",False,known,True,,119.0,0.013832384052074858,2458.0,15.123566299997037
fouling,"{""fouling_max"": 0.6, ""fouling_tau"": 2000.0}",303,True,5542.0,entered_UNSAFE(control_zone),UNSAFE,"{""T_sp"": 309.0, ""L_sp"": 10.0, ""Fin_sp"": 0.0333}",False,known,False,no_recovery,,0.41700569568755086,2458.0,6.421932500001276
fouling,"{""fouling_max"": 0.6, ""fouling_tau"": 2000.0}",303,True,5542.0,entered_UNSAFE(control_zone),UNSAFE,"{""T_sp"": 309.0, ""L_sp"": 10.0, ""Fin_sp"": 0.0283}",False,known,False,no_recovery,,0.42148087876322216,2458.0,11.987567899981514
fouling,"{""fouling_max"": 0.6, ""fouling_tau"": 2000.0}",303,True,5542.0,entered_UNSAFE(control_zone),UNSAFE,"{""T_sp"": 309.0, ""L_sp"": 10.0, ""Fin_sp"": 0.0233}",False,known,True,,162.0,0.015459723352318959,2458.0,6.880999899993185
fouling,"{""fouling_max"": 0.6, ""fouling_tau"": 2000.0}",303,True,5542.0,entered_UNSAFE(control_zone),UNSAFE,"{""T_sp"": 309.0, ""L_sp"": 10.0, ""Fin_sp"": 0.0183}",False,known,True,,119.0,0.0,2458.0,7.300367800024105
fouling,"{""fouling_max"": 0.6, ""fouling_tau"": 2000.0}",303,True,5542.0,entered_UNSAFE(control_zone),UNSAFE,"{""T_sp"": 309.0, ""L_sp"": 10.0, ""Fin_sp"": 0.0133}",False,known,True,,119.0,0.0,2458.0,10.092459900013637
fouling,"{""fouling_max"": 0.6, ""fouling_tau"": 2000.0}",303,True,5542.0,entered_UNSAFE(control_zone),UNSAFE,"{""T_sp"": 309.0, ""L_sp"": 10.0, ""Fin_sp"": 0.0083}",False,known,True,,119.0,0.0,2458.0,6.336792799993418
fouling,"{""fouling_max"": 0.6, ""fouling_tau"": 2000.0}",303,True,5542.0,entered_UNSAFE(control_zone),UNSAFE,"{""T_sp"": 310.0, ""L_sp"": 9.0, ""Fin_sp"": 0.0333}",False,known,False,no_recovery,,0.43165174938974776,2458.0,7.944029300007969
fouling,"{""fouling_max"": 0.6, ""fouling_tau"": 2000.0}",303,True,5542.0,entered_UNSAFE(control_zone),UNSAFE,"{""T_sp"": 310.0, ""L_sp"": 9.0, ""Fin_sp"": 0.0233}",False,known,True,,119.0,0.0,2458.0,12.379897799983155
fouling,"{""fouling_max"": 0.6, ""fouling_tau"": 2000.0}",303,True,5542.0,entered_UNSAFE(control_zone),UNSAFE,"{""T_sp"": 310.0, ""L_sp"": 8.0, ""Fin_sp"": 0.0333}",False,known,False,no_recovery,,0.43287225386493083,2458.0,16.22443010000279
fouling,"{""fouling_max"": 0.6, ""fouling_tau"": 2000.0}",303,True,5542.0,entered_UNSAFE(control_zone),UNSAFE,"{""T_sp"": 310.0, ""L_sp"": 8.0, ""Fin_sp"": 0.0233}",False,known,True,,119.0,0.0,2458.0,14.199527099990519
fouling,"{""fouling_max"": 0.6, ""fouling_tau"": 2000.0}",101,True,5419.0,entered_UNSAFE(control_zone),UNSAFE,"{""T_sp"": 310.0, ""L_sp"": 10.0, ""Fin_sp"": 0.0333}",True,known,False,no_recovery,,0.42851607903913214,2581.0,6.349925399990752
fouling,"{""fouling_max"": 0.6, ""fouling_tau"": 2000.0}",101,True,5419.0,entered_UNSAFE(control_zone),UNSAFE,"{""T_sp"": 310.0, ""L_sp"": 10.0, ""Fin_sp"": 0.0283}",False,known,True,,119.0,0.0,2581.0,9.153043800004525
fouling,"{""fouling_max"": 0.6, ""fouling_tau"": 2000.0}",101,True,5419.0,entered_UNSAFE(control_zone),UNSAFE,"{""T_sp"": 310.0, ""L_sp"": 10.0, ""Fin_sp"": 0.0233}",False,known,True,,119.0,0.0,2581.0,15.410060199996224
fouling,"{""fouling_max"": 0.6, ""fouling_tau"": 2000.0}",101,True,5419.0,entered_UNSAFE(control_zone),UNSAFE,"{""T_sp"": 310.0, ""L_sp"": 10.0, ""Fin_sp"": 0.0183}",False,known,True,,119.0,0.0,2581.0,6.871565799985547
fouling,"{""fouling_max"": 0.6, ""fouling_tau"": 2000.0}",101,True,5419.0,entered_UNSAFE(control_zone),UNSAFE,"{""T_sp"": 310.0, ""L_sp"": 10.0, ""Fin_sp"": 0.0133}",False,known,True,,119.0,0.0,2581.0,8.490809599985369
fouling,"{""fouling_max"": 0.6, ""fouling_tau"": 2000.0}",101,True,5419.0,entered_UNSAFE(control_zone),UNSAFE,"{""T_sp"": 310.0, ""L_sp"": 10.0, ""Fin_sp"": 0.0083}",False,known,True,,119.0,0.017822549399457575,2581.0,14.630931899999268
fouling,"{""fouling_max"": 0.6, ""fouling_tau"": 2000.0}",101,True,5419.0,entered_UNSAFE(control_zone),UNSAFE,"{""T_sp"": 309.0, ""L_sp"": 10.0, ""Fin_sp"": 0.0333}",False,known,False,no_recovery,,0.41301820999612554,2581.0,6.8408655999810435
fouling,"{""fouling_max"": 0.6, ""fouling_tau"": 2000.0}",101,True,5419.0,entered_UNSAFE(control_zone),UNSAFE,"{""T_sp"": 309.0, ""L_sp"": 10.0, ""Fin_sp"": 0.0283}",False,known,False,no_recovery,,0.4320030995738086,2581.0,13.192133500007913
fouling,"{""fouling_max"": 0.6, ""fouling_tau"": 2000.0}",101,True,5419.0,entered_UNSAFE(control_zone),UNSAFE,"{""T_sp"": 309.0, ""L_sp"": 10.0, ""Fin_sp"": 0.0233}",False,known,True,,165.0,0.01666020922123208,2581.0,7.772459200001322
fouling,"{""fouling_max"": 0.6, ""fouling_tau"": 2000.0}",101,True,5419.0,entered_UNSAFE(control_zone),UNSAFE,"{""T_sp"": 309.0, ""L_sp"": 10.0, ""Fin_sp"": 0.0183}",False,known,True,,120.0,0.0003874467260751647,2581.0,8.824019099993166
fouling,"{""fouling_max"": 0.6, ""fouling_tau"": 2000.0}",101,True,5419.0,entered_UNSAFE(control_zone),UNSAFE,"{""T_sp"": 309.0, ""L_sp"": 10.0, ""Fin_sp"": 0.0133}",False,known,True,,119.0,0.0,2581.0,8.317586799996207
fouling,"{""fouling_max"": 0.6, ""fouling_tau"": 2000.0}",101,True,5419.0,entered_UNSAFE(control_zone),UNSAFE,"{""T_sp"": 309.0, ""L_sp"": 10.0, ""Fin_sp"": 0.0083}",False,known,True,,119.0,0.0,2581.0,7.462833099998534
fouling,"{""fouling_max"": 0.6, ""fouling_tau"": 2000.0}",101,True,5419.0,entered_UNSAFE(control_zone),UNSAFE,"{""T_sp"": 310.0, ""L_sp"": 9.0, ""Fin_sp"": 0.0333}",False,known,False,no_recovery,,0.4273537388609066,2581.0,11.153143400006229
fouling,"{""fouling_max"": 0.6, ""fouling_tau"": 2000.0}",101,True,5419.0,entered_UNSAFE(control_zone),UNSAFE,"{""T_sp"": 310.0, ""L_sp"": 9.0, ""Fin_sp"": 0.0233}",False,known,True,,119.0,0.0,2581.0,17.96218269999372
fouling,"{""fouling_max"": 0.6, ""fouling_tau"": 2000.0}",101,True,5419.0,entered_UNSAFE(control_zone),UNSAFE,"{""T_sp"": 310.0, ""L_sp"": 8.0, ""Fin_sp"": 0.0333}",False,known,False,no_recovery,,0.42851607903913214,2581.0,15.638934199989308
fouling,"{""fouling_max"": 0.6, ""fouling_tau"": 2000.0}",101,True,5419.0,entered_UNSAFE(control_zone),UNSAFE,"{""T_sp"": 310.0, ""L_sp"": 8.0, ""Fin_sp"": 0.0233}",False,known,True,,119.0,0.0,2581.0,15.432540100009646
fouling,"{""fouling_max"": 0.6, ""fouling_tau"": 2000.0}",202,True,5302.0,entered_UNSAFE(control_zone),UNSAFE,"{""T_sp"": 310.0, ""L_sp"": 10.0, ""Fin_sp"": 0.0333}",True,known,False,no_recovery,,0.4269829503335804,2698.0,6.692785700026434
fouling,"{""fouling_max"": 0.6, ""fouling_tau"": 2000.0}",202,True,5302.0,entered_UNSAFE(control_zone),UNSAFE,"{""T_sp"": 310.0, ""L_sp"": 10.0, ""Fin_sp"": 0.0283}",False,known,True,,135.0,0.001111934766493699,2698.0,10.014449200010858
fouling,"{""fouling_max"": 0.6, ""fouling_tau"": 2000.0}",202,True,5302.0,entered_UNSAFE(control_zone),UNSAFE,"{""T_sp"": 310.0, ""L_sp"": 10.0, ""Fin_sp"": 0.0233}",False,known,True,,119.0,0.0,2698.0,15.362019799998961
fouling,"{""fouling_max"": 0.6, ""fouling_tau"": 2000.0}",202,True,5302.0,entered_UNSAFE(control_zone),UNSAFE,"{""T_sp"": 310.0, ""L_sp"": 10.0, ""Fin_sp"": 0.0183}",False,known,True,,119.0,0.0,2698.0,7.636014100018656
fouling,"{""fouling_max"": 0.6, ""fouling_tau"": 2000.0}",202,True,5302.0,entered_UNSAFE(control_zone),UNSAFE,"{""T_sp"": 310.0, ""L_sp"": 10.0, ""Fin_sp"": 0.0133}",False,known,True,,119.0,0.0,2698.0,12.891391899989685
fouling,"{""fouling_max"": 0.6, ""fouling_tau"": 2000.0}",202,True,5302.0,entered_UNSAFE(control_zone),UNSAFE,"{""T_sp"": 310.0, ""L_sp"": 10.0, ""Fin_sp"": 0.0083}",False,known,True,,119.0,0.015567086730911787,2698.0,11.466301499982364
fouling,"{""fouling_max"": 0.6, ""fouling_tau"": 2000.0}",202,True,5302.0,entered_UNSAFE(control_zone),UNSAFE,"{""T_sp"": 309.0, ""L_sp"": 10.0, ""Fin_sp"": 0.0333}",False,known,False,no_recovery,,0.41512231282431433,2698.0,11.870255299989367
fouling,"{""fouling_max"": 0.6, ""fouling_tau"": 2000.0}",202,True,5302.0,entered_UNSAFE(control_zone),UNSAFE,"{""T_sp"": 309.0, ""L_sp"": 10.0, ""Fin_sp"": 0.0283}",False,known,False,unsafe_fraction,473.0,0.3506300963676798,2698.0,8.401403500000015
fouling,"{""fouling_max"": 0.6, ""fouling_tau"": 2000.0}",202,True,5302.0,entered_UNSAFE(control_zone),UNSAFE,"{""T_sp"": 309.0, ""L_sp"": 10.0, ""Fin_sp"": 0.0233}",False,known,True,,165.0,0.014825796886582653,2698.0,8.231892399984645
fouling,"{""fouling_max"": 0.6, ""fouling_tau"": 2000.0}",202,True,5302.0,entered_UNSAFE(control_zone),UNSAFE,"{""T_sp"": 309.0, ""L_sp"": 10.0, ""Fin_sp"": 0.0183}",False,known,True,,120.0,0.00037064492216456633,2698.0,10.245440400001826
fouling,"{""fouling_max"": 0.6, ""fouling_tau"": 2000.0}",202,True,5302.0,entered_UNSAFE(control_zone),UNSAFE,"{""T_sp"": 309.0, ""L_sp"": 10.0, ""Fin_sp"": 0.0133}",False,known,True,,119.0,0.0,2698.0,7.452599999989616
fouling,"{""fouling_max"": 0.6, ""fouling_tau"": 2000.0}",202,True,5302.0,entered_UNSAFE(control_zone),UNSAFE,"{""T_sp"": 309.0, ""L_sp"": 10.0, ""Fin_sp"": 0.0083}",False,known,True,,119.0,0.0,2698.0,8.49258450002526
fouling,"{""fouling_max"": 0.6, ""fouling_tau"": 2000.0}",202,True,5302.0,entered_UNSAFE(control_zone),UNSAFE,"{""T_sp"": 310.0, ""L_sp"": 9.0, ""Fin_sp"": 0.0333}",False,known,False,no_recovery,,0.42772424017790955,2698.0,15.857065700023668
fouling,"{""fouling_max"": 0.6, ""fouling_tau"": 2000.0}",202,True,5302.0,entered_UNSAFE(control_zone),UNSAFE,"{""T_sp"": 310.0, ""L_sp"": 9.0, ""Fin_sp"": 0.0233}",False,known,True,,119.0,0.0,2698.0,16.33313949999865
fouling,"{""fouling_max"": 0.6, ""fouling_tau"": 2000.0}",202,True,5302.0,entered_UNSAFE(control_zone),UNSAFE,"{""T_sp"": 310.0, ""L_sp"": 8.0, ""Fin_sp"": 0.0333}",False,known,False,no_recovery,,0.4284655300222387,2698.0,15.4024400000053
fouling,"{""fouling_max"": 0.6, ""fouling_tau"": 2000.0}",202,True,5302.0,entered_UNSAFE(control_zone),UNSAFE,"{""T_sp"": 310.0, ""L_sp"": 8.0, ""Fin_sp"": 0.0233}",False,known,True,,119.0,0.0,2698.0,16.599810899992008
fouling,"{""fouling_max"": 0.7, ""fouling_tau"": 2000.0}",303,True,4656.0,entered_UNSAFE(control_zone),UNSAFE,"{""T_sp"": 310.0, ""L_sp"": 10.0, ""Fin_sp"": 0.0333}",True,known,False,no_recovery,,0.6641746411483254,3344.0,8.446525900013512
fouling,"{""fouling_max"": 0.7, ""fouling_tau"": 2000.0}",303,True,4656.0,entered_UNSAFE(control_zone),UNSAFE,"{""T_sp"": 310.0, ""L_sp"": 10.0, ""Fin_sp"": 0.0283}",False,known,False,unsafe_fraction,244.0,0.3567583732057416,3344.0,14.733369800000219
fouling,"{""fouling_max"": 0.7, ""fouling_tau"": 2000.0}",303,True,4656.0,entered_UNSAFE(control_zone),UNSAFE,"{""T_sp"": 310.0, ""L_sp"": 10.0, ""Fin_sp"": 0.0233}",False,known,True,,119.0,0.0,3344.0,13.812303599988809
fouling,"{""fouling_max"": 0.7, ""fouling_tau"": 2000.0}",303,True,4656.0,entered_UNSAFE(control_zone),UNSAFE,"{""T_sp"": 310.0, ""L_sp"": 10.0, ""Fin_sp"": 0.0183}",False,known,True,,119.0,0.0,3344.0,9.658715199999278
fouling,"{""fouling_max"": 0.7, ""fouling_tau"": 2000.0}",303,True,4656.0,entered_UNSAFE(control_zone),UNSAFE,"{""T_sp"": 310.0, ""L_sp"": 10.0, ""Fin_sp"": 0.0133}",False,known,True,,119.0,0.0,3344.0,18.20105269999476
fouling,"{""fouling_max"": 0.7, ""fouling_tau"": 2000.0}",303,True,4656.0,entered_UNSAFE(control_zone),UNSAFE,"{""T_sp"": 310.0, ""L_sp"": 10.0, ""Fin_sp"": 0.0083}",False,known,True,,119.0,0.01555023923444976,3344.0,14.743987499998184
fouling,"{""fouling_max"": 0.7, ""fouling_tau"": 2000.0}",303,True,4656.0,entered_UNSAFE(control_zone),UNSAFE,"{""T_sp"": 309.0, ""L_sp"": 10.0, ""Fin_sp"": 0.0333}",False,known,False,no_recovery,,0.659688995215311,3344.0,9.150402300001588
fouling,"{""fouling_max"": 0.7, ""fouling_tau"": 2000.0}",303,True,4656.0,entered_UNSAFE(control_zone),UNSAFE,"{""T_sp"": 309.0, ""L_sp"": 10.0, ""Fin_sp"": 0.0283}",False,known,False,no_recovery,,0.48295454545454547,3344.0,12.211344700015616
fouling,"{""fouling_max"": 0.7, ""fouling_tau"": 2000.0}",303,True,4656.0,entered_UNSAFE(control_zone),UNSAFE,"{""T_sp"": 309.0, ""L_sp"": 10.0, ""Fin_sp"": 0.0233}",False,known,True,,207.0,0.10316985645933015,3344.0,9.807826300006127
fouling,"{""fouling_max"": 0.7, ""fouling_tau"": 2000.0}",303,True,4656.0,entered_UNSAFE(control_zone),UNSAFE,"{""T_sp"": 309.0, ""L_sp"": 10.0, ""Fin_sp"": 0.0183}",False,known,True,,126.0,0.0011961722488038277,3344.0,10.71468270002515
fouling,"{""fouling_max"": 0.7, ""fouling_tau"": 2000.0}",303,True,4656.0,entered_UNSAFE(control_zone),UNSAFE,"{""T_sp"": 309.0, ""L_sp"": 10.0, ""Fin_sp"": 0.0133}",False,known,True,,119.0,0.0,3344.0,21.555773399973987
fouling,"{""fouling_max"": 0.7, ""fouling_tau"": 2000.0}",303,True,4656.0,entered_UNSAFE(control_zone),UNSAFE,"{""T_sp"": 309.0, ""L_sp"": 10.0, ""Fin_sp"": 0.0083}",False,known,True,,119.0,0.0,3344.0,19.37346279999474
fouling,"{""fouling_max"": 0.7, ""fouling_tau"": 2000.0}",303,True,4656.0,entered_UNSAFE(control_zone),UNSAFE,"{""T_sp"": 310.0, ""L_sp"": 9.0, ""Fin_sp"": 0.0333}",False,known,False,no_recovery,,0.6644736842105263,3344.0,20.95139269999345
fouling,"{""fouling_max"": 0.7, ""fouling_tau"": 2000.0}",303,True,4656.0,entered_UNSAFE(control_zone),UNSAFE,"{""T_sp"": 310.0, ""L_sp"": 9.0, ""Fin_sp"": 0.0233}",False,known,True,,119.0,0.0,3344.0,20.026978000008967
fouling,"{""fouling_max"": 0.7, ""fouling_tau"": 2000.0}",303,True,4656.0,entered_UNSAFE(control_zone),UNSAFE,"{""T_sp"": 310.0, ""L_sp"": 8.0, ""Fin_sp"": 0.0333}",False,known,False,no_recovery,,0.6641746411483254,3344.0,19.814393499982543
fouling,"{""fouling_max"": 0.7, ""fouling_tau"": 2000.0}",303,True,4656.0,entered_UNSAFE(control_zone),UNSAFE,"{""T_sp"": 310.0, ""L_sp"": 8.0, ""Fin_sp"": 0.0233}",False,known,True,,119.0,0.0,3344.0,18.515149099985138
fouling,"{""fouling_max"": 0.7, ""fouling_tau"": 2000.0}",101,True,4610.0,T_meas_error>2.0; entered_UNSAFE(control_zone),UNSAFE,"{""T_sp"": 310.0, ""L_sp"": 10.0, ""Fin_sp"": 0.0333}",True,known,False,no_recovery,,0.647787610619469,3390.0,8.554403600021033
fouling,"{""fouling_max"": 0.7, ""fouling_tau"": 2000.0}",101,True,4610.0,T_meas_error>2.0; entered_UNSAFE(control_zone),UNSAFE,"{""T_sp"": 310.0, ""L_sp"": 10.0, ""Fin_sp"": 0.0283}",False,known,False,unsafe_fraction,185.0,0.36519174041297936,3390.0,15.390130799991312
fouling,"{""fouling_max"": 0.7, ""fouling_tau"": 2000.0}",101,True,4610.0,T_meas_error>2.0; entered_UNSAFE(control_zone),UNSAFE,"{""T_sp"": 310.0, ""L_sp"": 10.0, ""Fin_sp"": 0.0233}",False,known,True,,119.0,0.0,3390.0,13.558266500011086
fouling,"{""fouling_max"": 0.7, ""fouling_tau"": 2000.0}",101,True,4610.0,T_meas_error>2.0; entered_UNSAFE(control_zone),UNSAFE,"{""T_sp"": 310.0, ""L_sp"": 10.0, ""Fin_sp"": 0.0183}",False,known,True,,119.0,0.0,3390.0,9.587719699979061
fouling,"{""fouling_max"": 0.7, ""fouling_tau"": 2000.0}",101,True,4610.0,T_meas_error>2.0; entered_UNSAFE(control_zone),UNSAFE,"{""T_sp"": 310.0, ""L_sp"": 10.0, ""Fin_sp"": 0.0133}",False,known,True,,119.0,0.0,3390.0,17.644012000004295
fouling,"{""fouling_max"": 0.7, ""fouling_tau"": 2000.0}",101,True,4610.0,T_meas_error>2.0; entered_UNSAFE(control_zone),UNSAFE,"{""T_sp"": 310.0, ""L_sp"": 10.0, ""Fin_sp"": 0.0083}",False,known,True,,119.0,0.010029498525073746,3390.0,14.371608399989782
fouling,"{""fouling_max"": 0.7, ""fouling_tau"": 2000.0}",101,True,4610.0,T_meas_error>2.0; entered_UNSAFE(control_zone),UNSAFE,"{""T_sp"": 309.0, ""L_sp"": 10.0, ""Fin_sp"": 0.0333}",False,known,False,no_recovery,,0.6359882005899705,3390.0,9.130076900008135
fouling,"{""fouling_max"": 0.7, ""fouling_tau"": 2000.0}",101,True,4610.0,T_meas_error>2.0; entered_UNSAFE(control_zone),UNSAFE,"{""T_sp"": 309.0, ""L_sp"": 10.0, ""Fin_sp"": 0.0283}",False,known,False,no_recovery,,0.4702064896755162,3390.0,11.76285130000906
fouling,"{""fouling_max"": 0.7, ""fouling_tau"": 2000.0}",101,True,4610.0,T_meas_error>2.0; entered_UNSAFE(control_zone),UNSAFE,"{""T_sp"": 309.0, ""L_sp"": 10.0, ""Fin_sp"": 0.0233}",False,known,True,,200.0,0.11474926253687316,3390.0,10.286075400013942
fouling,"{""fouling_max"": 0.7, ""fouling_tau"": 2000.0}",101,True,4610.0,T_meas_error>2.0; entered_UNSAFE(control_zone),UNSAFE,"{""T_sp"": 309.0, ""L_sp"": 10.0, ""Fin_sp"": 0.0183}",False,known,True,,140.0,0.004424778761061947,3390.0,10.331283500010613
fouling,"{""fouling_max"": 0.7, ""fouling_tau"": 2000.0}",101,True,4610.0,T_meas_error>2.0; entered_UNSAFE(control_zone),UNSAFE,"{""T_sp"": 309.0, ""L_sp"": 10.0, ""Fin_sp"": 0.0133}",False,known,True,,119.0,0.0,3390.0,21.82170319999568
fouling,"{""fouling_max"": 0.7, ""fouling_tau"": 2000.0}",101,True,4610.0,T_meas_error>2.0; entered_UNSAFE(control_zone),UNSAFE,"{""T_sp"": 309.0, ""L_sp"": 10.0, ""Fin_sp"": 0.0083}",False,known,True,,119.0,0.0,3390.0,19.067442200001096
fouling,"{""fouling_max"": 0.7, ""fouling_tau"": 2000.0}",101,True,4610.0,T_meas_error>2.0; entered_UNSAFE(control_zone),UNSAFE,"{""T_sp"": 310.0, ""L_sp"": 9.0, ""Fin_sp"": 0.0333}",False,known,False,no_recovery,,0.647787610619469,3390.0,20.781172899995
fouling,"{""fouling_max"": 0.7, ""fouling_tau"": 2000.0}",101,True,4610.0,T_meas_error>2.0; entered_UNSAFE(control_zone),UNSAFE,"{""T_sp"": 310.0, ""L_sp"": 9.0, ""Fin_sp"": 0.0233}",False,known,True,,119.0,0.0,3390.0,19.76475949998712
fouling,"{""fouling_max"": 0.7, ""fouling_tau"": 2000.0}",101,True,4610.0,T_meas_error>2.0; entered_UNSAFE(control_zone),UNSAFE,"{""T_sp"": 310.0, ""L_sp"": 8.0, ""Fin_sp"": 0.0333}",False,known,False,no_recovery,,0.6483775811209439,3390.0,20.710887699999148
fouling,"{""fouling_max"": 0.7, ""fouling_tau"": 2000.0}",101,True,4610.0,T_meas_error>2.0; entered_UNSAFE(control_zone),UNSAFE,"{""T_sp"": 310.0, ""L_sp"": 8.0, ""Fin_sp"": 0.0233}",False,known,True,,119.0,0.0,3390.0,19.263990300009027
fouling,"{""fouling_max"": 0.7, ""fouling_tau"": 2000.0}",202,True,4516.0,entered_UNSAFE(control_zone),UNSAFE,"{""T_sp"": 310.0, ""L_sp"": 10.0, ""Fin_sp"": 0.0333}",True,known,False,no_recovery,,0.6650401836969001,3484.0,8.609902900003362
fouling,"{""fouling_max"": 0.7, ""fouling_tau"": 2000.0}",202,True,4516.0,entered_UNSAFE(control_zone),UNSAFE,"{""T_sp"": 310.0, ""L_sp"": 10.0, ""Fin_sp"": 0.0283}",False,known,False,unsafe_fraction,238.0,0.3751435132032147,3484.0,15.449092900002142
fouling,"{""fouling_max"": 0.7, ""fouling_tau"": 2000.0}",202,True,4516.0,entered_UNSAFE(control_zone),UNSAFE,"{""T_sp"": 310.0, ""L_sp"": 10.0, ""Fin_sp"": 0.0233}",False,known,True,,119.0,0.0,3484.0,14.035805700026685
fouling,"{""fouling_max"": 0.7, ""fouling_tau"": 2000.0}",202,True,4516.0,entered_UNSAFE(control_zone),UNSAFE,"{""T_sp"": 310.0, ""L_sp"": 10.0, ""Fin_sp"": 0.0183}",False,known,True,,119.0,0.0,3484.0,11.278641100012464
fouling,"{""fouling_max"": 0.7, ""fouling_tau"": 2000.0}",202,True,4516.0,entered_UNSAFE(control_zone),UNSAFE,"{""T_sp"": 310.0, ""L_sp"": 10.0, ""Fin_sp"": 0.0133}",False,known,True,,119.0,0.0,3484.0,16.092914200009545
fouling,"{""fouling_max"": 0.7, ""fouling_tau"": 2000.0}",202,True,4516.0,entered_UNSAFE(control_zone),UNSAFE,"{""T_sp"": 310.0, ""L_sp"": 10.0, ""Fin_sp"": 0.0083}",False,known,True,,119.0,0.006314580941446613,3484.0,15.185639299976174
fouling,"{""fouling_max"": 0.7, ""fouling_tau"": 2000.0}",202,True,4516.0,entered_UNSAFE(control_zone),UNSAFE,"{""T_sp"": 309.0, ""L_sp"": 10.0, ""Fin_sp"": 0.0333}",False,known,False,no_recovery,,0.6578645235361653,3484.0,10.304131399985636
fouling,"{""fouling_max"": 0.7, ""fouling_tau"": 2000.0}",202,True,4516.0,entered_UNSAFE(control_zone),UNSAFE,"{""T_sp"": 309.0, ""L_sp"": 10.0, ""Fin_sp"": 0.0283}",False,known,False,no_recovery,,0.48163030998851897,3484.0,13.84061909999582
fouling,"{""fouling_max"": 0.7, ""fouling_tau"": 2000.0}",202,True,4516.0,entered_UNSAFE(control_zone),UNSAFE,"{""T_sp"": 309.0, ""L_sp"": 10.0, ""Fin_sp"": 0.0233}",False,known,True,,222.0,0.12571756601607348,3484.0,9.668434399995022
fouling,"{""fouling_max"": 0.7, ""fouling_tau"": 2000.0}",202,True,4516.0,entered_UNSAFE(control_zone),UNSAFE,"{""T_sp"": 309.0, ""L_sp"": 10.0, ""Fin_sp"": 0.0183}",False,known,True,,143.0,0.006888633754305396,3484.0,14.747670100012328
fouling,"{""fouling_max"": 0.7, ""fouling_tau"": 2000.0}",202,True,4516.0,entered_UNSAFE(control_zone),UNSAFE,"{""T_sp"": 309.0, ""L_sp"": 10.0, ""Fin_sp"": 0.0133}",False,known,True,,119.0,0.0,3484.0,21.771341699990444
fouling,"{""fouling_max"": 0.7, ""fouling_tau"": 2000.0}",202,True,4516.0,entered_UNSAFE(control_zone),UNSAFE,"{""T_sp"": 309.0, ""L_sp"": 10.0, ""Fin_sp"": 0.0083}",False,known,True,,119.0,0.0,3484.0,19.35477499998524
fouling,"{""fouling_max"": 0.7, ""fouling_tau"": 2000.0}",202,True,4516.0,entered_UNSAFE(control_zone),UNSAFE,"{""T_sp"": 310.0, ""L_sp"": 9.0, ""Fin_sp"": 0.0333}",False,known,False,no_recovery,,0.664179104477612,3484.0,21.735562699992443
fouling,"{""fouling_max"": 0.7, ""fouling_tau"": 2000.0}",202,True,4516.0,entered_UNSAFE(control_zone),UNSAFE,"{""T_sp"": 310.0, ""L_sp"": 9.0, ""Fin_sp"": 0.0233}",False,known,True,,119.0,0.0,3484.0,20.79768459999468
fouling,"{""fouling_max"": 0.7, ""fouling_tau"": 2000.0}",202,True,4516.0,entered_UNSAFE(control_zone),UNSAFE,"{""T_sp"": 310.0, ""L_sp"": 8.0, ""Fin_sp"": 0.0333}",False,known,False,no_recovery,,0.6636050516647531,3484.0,19.146498999994947
fouling,"{""fouling_max"": 0.7, ""fouling_tau"": 2000.0}",202,True,4516.0,entered_UNSAFE(control_zone),UNSAFE,"{""T_sp"": 310.0, ""L_sp"": 8.0, ""Fin_sp"": 0.0233}",False,known,True,,119.0,0.0,3484.0,19.580539399990812
fouling,"{""fouling_max"": 0.8, ""fouling_tau"": 2000.0}",101,True,4165.0,entered_UNSAFE(control_zone),UNSAFE,"{""T_sp"": 310.0, ""L_sp"": 10.0, ""Fin_sp"": 0.0333}",True,known,False,no_recovery,,0.7230769230769231,3835.0,9.800163900014013
fouling,"{""fouling_max"": 0.8, ""fouling_tau"": 2000.0}",101,True,4165.0,entered_UNSAFE(control_zone),UNSAFE,"{""T_sp"": 310.0, ""L_sp"": 10.0, ""Fin_sp"": 0.0283}",False,known,False,no_recovery,,0.5979139504563233,3835.0,18.662712399993325
fouling,"{""fouling_max"": 0.8, ""fouling_tau"": 2000.0}",101,True,4165.0,entered_UNSAFE(control_zone),UNSAFE,"{""T_sp"": 310.0, ""L_sp"": 10.0, ""Fin_sp"": 0.0233}",False,known,False,unsafe_fraction,137.0,0.32516297262059973,3835.0,13.419408099987777
fouling,"{""fouling_max"": 0.8, ""fouling_tau"": 2000.0}",101,True,4165.0,entered_UNSAFE(control_zone),UNSAFE,"{""T_sp"": 310.0, ""L_sp"": 10.0, ""Fin_sp"": 0.0183}",False,known,True,,119.0,0.0,3835.0,19.613840799982427
fouling,"{""fouling_max"": 0.8, ""fouling_tau"": 2000.0}",101,True,4165.0,entered_UNSAFE(control_zone),UNSAFE,"{""T_sp"": 310.0, ""L_sp"": 10.0, ""Fin_sp"": 0.0133}",False,known,True,,119.0,0.0,3835.0,10.39102089998778
fouling,"{""fouling_max"": 0.8, ""fouling_tau"": 2000.0}",101,True,4165.0,entered_UNSAFE(control_zone),UNSAFE,"{""T_sp"": 310.0, ""L_sp"": 10.0, ""Fin_sp"": 0.0083}",False,known,True,,119.0,0.010951760104302478,3835.0,15.810676099994453
fouling,"{""fouling_max"": 0.8, ""fouling_tau"": 2000.0}",101,True,4165.0,entered_UNSAFE(control_zone),UNSAFE,"{""T_sp"": 309.0, ""L_sp"": 10.0, ""Fin_sp"": 0.0333}",False,known,False,no_recovery,,0.721251629726206,3835.0,14.188072300021304
fouling,"{""fouling_max"": 0.8, ""fouling_tau"": 2000.0}",101,True,4165.0,entered_UNSAFE(control_zone),UNSAFE,"{""T_sp"": 309.0, ""L_sp"": 10.0, ""Fin_sp"": 0.0283}",False,known,False,no_recovery,,0.5893089960886571,3835.0,11.25476310000522
fouling,"{""fouling_max"": 0.8, ""fouling_tau"": 2000.0}",101,True,4165.0,entered_UNSAFE(control_zone),UNSAFE,"{""T_sp"": 309.0, ""L_sp"": 10.0, ""Fin_sp"": 0.0233}",False,known,False,unsafe_fraction,271.0,0.3658409387222947,3835.0,14.924989999999525
fouling,"{""fouling_max"": 0.8, ""fouling_tau"": 2000.0}",101,True,4165.0,entered_UNSAFE(control_zone),UNSAFE,"{""T_sp"": 309.0, ""L_sp"": 10.0, ""Fin_sp"": 0.0183}",False,known,True,,164.0,0.05189048239895697,3835.0,24.428324899985455
fouling,"{""fouling_max"": 0.8, ""fouling_tau"": 2000.0}",101,True,4165.0,entered_UNSAFE(control_zone),UNSAFE,"{""T_sp"": 309.0, ""L_sp"": 10.0, ""Fin_sp"": 0.0133}",False,known,True,,126.0,0.0018252933507170795,3835.0,22.278442300012102
fouling,"{""fouling_max"": 0.8, ""fouling_tau"": 2000.0}",101,True,4165.0,entered_UNSAFE(control_zone),UNSAFE,"{""T_sp"": 309.0, ""L_sp"": 10.0, ""Fin_sp"": 0.0083}",False,known,True,,119.0,0.0,3835.0,24.90756359999068
fouling,"{""fouling_max"": 0.8, ""fouling_tau"": 2000.0}",101,True,4165.0,entered_UNSAFE(control_zone),UNSAFE,"{""T_sp"": 310.0, ""L_sp"": 9.0, ""Fin_sp"": 0.0333}",False,known,False,no_recovery,,0.7230769230769231,3835.0,22.468549399985932
fouling,"{""fouling_max"": 0.8, ""fouling_tau"": 2000.0}",101,True,4165.0,entered_UNSAFE(control_zone),UNSAFE,"{""T_sp"": 310.0, ""L_sp"": 9.0, ""Fin_sp"": 0.0233}",False,known,False,unsafe_fraction,135.0,0.32490221642764017,3835.0,22.970912799995858
fouling,"{""fouling_max"": 0.8, ""fouling_tau"": 2000.0}",101,True,4165.0,entered_UNSAFE(control_zone),UNSAFE,"{""T_sp"": 310.0, ""L_sp"": 8.0, ""Fin_sp"": 0.0333}",False,known,False,no_recovery,,0.7230769230769231,3835.0,22.518138200015528
fouling,"{""fouling_max"": 0.8, ""fouling_tau"": 2000.0}",101,True,4165.0,entered_UNSAFE(control_zone),UNSAFE,"{""T_sp"": 310.0, ""L_sp"": 8.0, ""Fin_sp"": 0.0233}",False,known,False,unsafe_fraction,129.0,0.3246414602346806,3835.0,21.939325899991672
fouling,"{""fouling_max"": 0.8, ""fouling_tau"": 2000.0}",303,True,4162.0,entered_UNSAFE(control_zone),UNSAFE,"{""T_sp"": 310.0, ""L_sp"": 10.0, ""Fin_sp"": 0.0333}",True,known,False,no_recovery,,0.7191245440333507,3838.0,16.1856914999953
fouling,"{""fouling_max"": 0.8, ""fouling_tau"": 2000.0}",303,True,4162.0,entered_UNSAFE(control_zone),UNSAFE,"{""T_sp"": 310.0, ""L_sp"": 10.0, ""Fin_sp"": 0.0283}",False,known,False,no_recovery,,0.6188118811881188,3838.0,15.217380399990361
fouling,"{""fouling_max"": 0.8, ""fouling_tau"": 2000.0}",303,True,4162.0,entered_UNSAFE(control_zone),UNSAFE,"{""T_sp"": 310.0, ""L_sp"": 10.0, ""Fin_sp"": 0.0233}",False,known,False,unsafe_fraction,156.0,0.31761334028139654,3838.0,14.044673099997453
fouling,"{""fouling_max"": 0.8, ""fouling_tau"": 2000.0}",303,True,4162.0,entered_UNSAFE(control_zone),UNSAFE,"{""T_sp"": 310.0, ""L_sp"": 10.0, ""Fin_sp"": 0.0183}",False,known,True,,119.0,0.0,3838.0,16.10126169997966
fouling,"{""fouling_max"": 0.8, ""fouling_tau"": 2000.0}",303,True,4162.0,entered_UNSAFE(control_zone),UNSAFE,"{""T_sp"": 310.0, ""L_sp"": 10.0, ""Fin_sp"": 0.0133}",False,known,True,,119.0,0.0,3838.0,11.456281999999192
fouling,"{""fouling_max"": 0.8, ""fouling_tau"": 2000.0}",303,True,4162.0,entered_UNSAFE(control_zone),UNSAFE,"{""T_sp"": 310.0, ""L_sp"": 10.0, ""Fin_sp"": 0.0083}",False,known,True,,119.0,0.006774361646690985,3838.0,13.464938899996923
fouling,"{""fouling_max"": 0.8, ""fouling_tau"": 2000.0}",303,True,4162.0,entered_UNSAFE(control_zone),UNSAFE,"{""T_sp"": 309.0, ""L_sp"": 10.0, ""Fin_sp"": 0.0333}",False,known,False,no_recovery,,0.7178217821782178,3838.0,12.524621099990327
fouling,"{""fouling_max"": 0.8, ""fouling_tau"": 2000.0}",303,True,4162.0,entered_UNSAFE(control_zone),UNSAFE,"{""T_sp"": 309.0, ""L_sp"": 10.0, ""Fin_sp"": 0.0283}",False,known,False,no_recovery,,0.616206357477853,3838.0,24.397796999983257
fouling,"{""fouling_max"": 0.8, ""fouling_tau"": 2000.0}",303,True,4162.0,entered_UNSAFE(control_zone),UNSAFE,"{""T_sp"": 309.0, ""L_sp"": 10.0, ""Fin_sp"": 0.0233}",False,known,False,unsafe_fraction,277.0,0.3697238144867118,3838.0,22.163838100008434
fouling,"{""fouling_max"": 0.8, ""fouling_tau"": 2000.0}",303,True,4162.0,entered_UNSAFE(control_zone),UNSAFE,"{""T_sp"": 309.0, ""L_sp"": 10.0, ""Fin_sp"": 0.0183}",False,known,True,,170.0,0.0429911412193851,3838.0,23.512662099994486
fouling,"{""fouling_max"": 0.8, ""fouling_tau"": 2000.0}",303,True,4162.0,entered_UNSAFE(control_zone),UNSAFE,"{""T_sp"": 309.0, ""L_sp"": 10.0, ""Fin_sp"": 0.0133}",False,known,True,,136.0,0.0036477331943720686,3838.0,23.16132609997294
fouling,"{""fouling_max"": 0.8, ""fouling_tau"": 2000.0}",303,True,4162.0,entered_UNSAFE(control_zone),UNSAFE,"{""T_sp"": 309.0, ""L_sp"": 10.0, ""Fin_sp"": 0.0083}",False,known,True,,119.0,0.0,3838.0,21.948613099986687
fouling,"{""fouling_max"": 0.8, ""fouling_tau"": 2000.0}",303,True,4162.0,entered_UNSAFE(control_zone),UNSAFE,"{""T_sp"": 310.0, ""L_sp"": 9.0, ""Fin_sp"": 0.0333}",False,known,False,no_recovery,,0.7191245440333507,3838.0,20.766729099996155
fouling,"{""fouling_max"": 0.8, ""fouling_tau"": 2000.0}",303,True,4162.0,entered_UNSAFE(control_zone),UNSAFE,"{""T_sp"": 310.0, ""L_sp"": 9.0, ""Fin_sp"": 0.0233}",False,known,False,unsafe_fraction,148.0,0.31891610213652943,3838.0,17.399142699985532
fouling,"{""fouling_max"": 0.8, ""fouling_tau"": 2000.0}",303,True,4162.0,entered_UNSAFE(control_zone),UNSAFE,"{""T_sp"": 310.0, ""L_sp"": 8.0, ""Fin_sp"": 0.0333}",False,known,False,no_recovery,,0.7193850964043773,3838.0,21.23788090000744
fouling,"{""fouling_max"": 0.8, ""fouling_tau"": 2000.0}",303,True,4162.0,entered_UNSAFE(control_zone),UNSAFE,"{""T_sp"": 310.0, ""L_sp"": 8.0, ""Fin_sp"": 0.0233}",False,known,False,unsafe_fraction,145.0,0.31891610213652943,3838.0,22.602608699991833
fouling,"{""fouling_max"": 0.8, ""fouling_tau"": 2000.0}",202,True,4117.0,T_meas_error>2.0; entered_UNSAFE(control_zone),UNSAFE,"{""T_sp"": 310.0, ""L_sp"": 10.0, ""Fin_sp"": 0.0333}",True,known,False,no_recovery,,0.7254699974246717,3883.0,16.30730849999236
fouling,"{""fouling_max"": 0.8, ""fouling_tau"": 2000.0}",202,True,4117.0,T_meas_error>2.0; entered_UNSAFE(control_zone),UNSAFE,"{""T_sp"": 310.0, ""L_sp"": 10.0, ""Fin_sp"": 0.0283}",False,known,False,no_recovery,,0.6157610095287149,3883.0,14.481028400012292
fouling,"{""fouling_max"": 0.8, ""fouling_tau"": 2000.0}",202,True,4117.0,T_meas_error>2.0; entered_UNSAFE(control_zone),UNSAFE,"{""T_sp"": 310.0, ""L_sp"": 10.0, ""Fin_sp"": 0.0233}",False,known,False,unsafe_fraction,140.0,0.3293844965233067,3883.0,15.476705899985973
fouling,"{""fouling_max"": 0.8, ""fouling_tau"": 2000.0}",202,True,4117.0,T_meas_error>2.0; entered_UNSAFE(control_zone),UNSAFE,"{""T_sp"": 310.0, ""L_sp"": 10.0, ""Fin_sp"": 0.0183}",False,known,True,,119.0,0.0,3883.0,16.715719600004377
fouling,"{""fouling_max"": 0.8, ""fouling_tau"": 2000.0}",202,True,4117.0,T_meas_error>2.0; entered_UNSAFE(control_zone),UNSAFE,"{""T_sp"": 310.0, ""L_sp"": 10.0, ""Fin_sp"": 0.0133}",False,known,True,,119.0,0.0005150656708730364,3883.0,11.117956500005675
fouling,"{""fouling_max"": 0.8, ""fouling_tau"": 2000.0}",202,True,4117.0,T_meas_error>2.0; entered_UNSAFE(control_zone),UNSAFE,"{""T_sp"": 310.0, ""L_sp"": 10.0, ""Fin_sp"": 0.0083}",False,known,True,,119.0,0.00978624774658769,3883.0,13.427770100010093
fouling,"{""fouling_max"": 0.8, ""fouling_tau"": 2000.0}",202,True,4117.0,T_meas_error>2.0; entered_UNSAFE(control_zone),UNSAFE,"{""T_sp"": 309.0, ""L_sp"": 10.0, ""Fin_sp"": 0.0333}",False,known,False,no_recovery,,0.7252124645892352,3883.0,11.877764300006675
fouling,"{""fouling_max"": 0.8, ""fouling_tau"": 2000.0}",202,True,4117.0,T_meas_error>2.0; entered_UNSAFE(control_zone),UNSAFE,"{""T_sp"": 309.0, ""L_sp"": 10.0, ""Fin_sp"": 0.0283}",False,known,False,no_recovery,,0.6059747617821272,3883.0,25.4505366999947
fouling,"{""fouling_max"": 0.8, ""fouling_tau"": 2000.0}",202,True,4117.0,T_meas_error>2.0; entered_UNSAFE(control_zone),UNSAFE,"{""T_sp"": 309.0, ""L_sp"": 10.0, ""Fin_sp"": 0.0233}",False,known,False,unsafe_fraction,279.0,0.3703322173577131,3883.0,22.30862850000267
fouling,"{""fouling_max"": 0.8, ""fouling_tau"": 2000.0}",202,True,4117.0,T_meas_error>2.0; entered_UNSAFE(control_zone),UNSAFE,"{""T_sp"": 309.0, ""L_sp"": 10.0, ""Fin_sp"": 0.0183}",False,known,True,,165.0,0.056657223796033995,3883.0,24.75874419999309
fouling,"{""fouling_max"": 0.8, ""fouling_tau"": 2000.0}",202,True,4117.0,T_meas_error>2.0; entered_UNSAFE(control_zone),UNSAFE,"{""T_sp"": 309.0, ""L_sp"": 10.0, ""Fin_sp"": 0.0133}",False,known,True,,124.0,0.0012876641771825909,3883.0,23.84687889998895
fouling,"{""fouling_max"": 0.8, ""fouling_tau"": 2000.0}",202,True,4117.0,T_meas_error>2.0; entered_UNSAFE(control_zone),UNSAFE,"{""T_sp"": 309.0, ""L_sp"": 10.0, ""Fin_sp"": 0.0083}",False,known,True,,119.0,0.0,3883.0,22.539102099981392
fouling,"{""fouling_max"": 0.8, ""fouling_tau"": 2000.0}",202,True,4117.0,T_meas_error>2.0; entered_UNSAFE(control_zone),UNSAFE,"{""T_sp"": 310.0, ""L_sp"": 9.0, ""Fin_sp"": 0.0333}",False,known,False,no_recovery,,0.7254699974246717,3883.0,20.543453299993416
fouling,"{""fouling_max"": 0.8, ""fouling_tau"": 2000.0}",202,True,4117.0,T_meas_error>2.0; entered_UNSAFE(control_zone),UNSAFE,"{""T_sp"": 310.0, ""L_sp"": 9.0, ""Fin_sp"": 0.0233}",False,known,False,unsafe_fraction,134.0,0.33015709502961627,3883.0,18.377403400023468
fouling,"{""fouling_max"": 0.8, ""fouling_tau"": 2000.0}",202,True,4117.0,T_meas_error>2.0; entered_UNSAFE(control_zone),UNSAFE,"{""T_sp"": 310.0, ""L_sp"": 8.0, ""Fin_sp"": 0.0333}",False,known,False,no_recovery,,0.7254699974246717,3883.0,19.82840669999132
fouling,"{""fouling_max"": 0.8, ""fouling_tau"": 2000.0}",202,True,4117.0,T_meas_error>2.0; entered_UNSAFE(control_zone),UNSAFE,"{""T_sp"": 310.0, ""L_sp"": 8.0, ""Fin_sp"": 0.0233}",False,known,False,unsafe_fraction,128.0,0.33041462786505277,3883.0,22.171092600008706
fouling,"{""fouling_max"": 0.9, ""fouling_tau"": 2000.0}",303,True,3858.0,T_meas_error>2.0; entered_UNSAFE(control_zone),UNSAFE,"{""T_sp"": 310.0, ""L_sp"": 10.0, ""Fin_sp"": 0.0333}",True,known,False,no_recovery,,0.7436021245774987,4142.0,17.601510899985442
fouling,"{""fouling_max"": 0.9, ""fouling_tau"": 2000.0}",303,True,3858.0,T_meas_error>2.0; entered_UNSAFE(control_zone),UNSAFE,"{""T_sp"": 310.0, ""L_sp"": 10.0, ""Fin_sp"": 0.0283}",False,known,False,no_recovery,,0.6885562530178657,4142.0,18.307545100018615
fouling,"{""fouling_max"": 0.9, ""fouling_tau"": 2000.0}",303,True,3858.0,T_meas_error>2.0; entered_UNSAFE(control_zone),UNSAFE,"{""T_sp"": 310.0, ""L_sp"": 10.0, ""Fin_sp"": 0.0233}",False,known,False,unsafe_fraction,174.0,0.5043457267020763,4142.0,12.794663600012427
fouling,"{""fouling_max"": 0.9, ""fouling_tau"": 2000.0}",303,True,3858.0,T_meas_error>2.0; entered_UNSAFE(control_zone),UNSAFE,"{""T_sp"": 310.0, ""L_sp"": 10.0, ""Fin_sp"": 0.0183}",False,known,False,unsafe_fraction,119.0,0.2870593915982617,4142.0,16.817568700003903
fouling,"{""fouling_max"": 0.9, ""fouling_tau"": 2000.0}",303,True,3858.0,T_meas_error>2.0; entered_UNSAFE(control_zone),UNSAFE,"{""T_sp"": 310.0, ""L_sp"": 10.0, ""Fin_sp"": 0.0133}",False,known,True,,119.0,0.0,4142.0,13.993316900014179
fouling,"{""fouling_max"": 0.9, ""fouling_tau"": 2000.0}",303,True,3858.0,T_meas_error>2.0; entered_UNSAFE(control_zone),UNSAFE,"{""T_sp"": 310.0, ""L_sp"": 10.0, ""Fin_sp"": 0.0083}",False,known,True,,119.0,0.006277160791887977,4142.0,12.285353799990844
fouling,"{""fouling_max"": 0.9, ""fouling_tau"": 2000.0}",303,True,3858.0,T_meas_error>2.0; entered_UNSAFE(control_zone),UNSAFE,"{""T_sp"": 309.0, ""L_sp"": 10.0, ""Fin_sp"": 0.0333}",False,known,False,no_recovery,,0.7433606953162724,4142.0,18.83951680001337
fouling,"{""fouling_max"": 0.9, ""fouling_tau"": 2000.0}",303,True,3858.0,T_meas_error>2.0; entered_UNSAFE(control_zone),UNSAFE,"{""T_sp"": 309.0, ""L_sp"": 10.0, ""Fin_sp"": 0.0283}",False,known,False,no_recovery,,0.6755190729116369,4142.0,27.018015500012552
fouling,"{""fouling_max"": 0.9, ""fouling_tau"": 2000.0}",303,True,3858.0,T_meas_error>2.0; entered_UNSAFE(control_zone),UNSAFE,"{""T_sp"": 309.0, ""L_sp"": 10.0, ""Fin_sp"": 0.0233}",False,known,False,unsafe_fraction,407.0,0.5934331240946402,4142.0,25.684455599985085
fouling,"{""fouling_max"": 0.9, ""fouling_tau"": 2000.0}",303,True,3858.0,T_meas_error>2.0; entered_UNSAFE(control_zone),UNSAFE,"{""T_sp"": 309.0, ""L_sp"": 10.0, ""Fin_sp"": 0.0183}",False,known,False,unsafe_fraction,186.0,0.3273780782230806,4142.0,23.81892390002031
fouling,"{""fouling_max"": 0.9, ""fouling_tau"": 2000.0}",303,True,3858.0,T_meas_error>2.0; entered_UNSAFE(control_zone),UNSAFE,"{""T_sp"": 309.0, ""L_sp"": 10.0, ""Fin_sp"": 0.0133}",False,known,True,,139.0,0.01931434089811685,4142.0,22.061230599996634
fouling,"{""fouling_max"": 0.9, ""fouling_tau"": 2000.0}",303,True,3858.0,T_meas_error>2.0; entered_UNSAFE(control_zone),UNSAFE,"{""T_sp"": 309.0, ""L_sp"": 10.0, ""Fin_sp"": 0.0083}",False,known,True,,119.0,0.0,4142.0,23.41535280001699
fouling,"{""fouling_max"": 0.9, ""fouling_tau"": 2000.0}",303,True,3858.0,T_meas_error>2.0; entered_UNSAFE(control_zone),UNSAFE,"{""T_sp"": 310.0, ""L_sp"": 9.0, ""Fin_sp"": 0.0333}",False,known,False,no_recovery,,0.7436021245774987,4142.0,20.84061899999506
fouling,"{""fouling_max"": 0.9, ""fouling_tau"": 2000.0}",303,True,3858.0,T_meas_error>2.0; entered_UNSAFE(control_zone),UNSAFE,"{""T_sp"": 310.0, ""L_sp"": 9.0, ""Fin_sp"": 0.0233}",False,known,False,unsafe_fraction,165.0,0.5060357315306615,4142.0,23.658192900009453
fouling,"{""fouling_max"": 0.9, ""fouling_tau"": 2000.0}",303,True,3858.0,T_meas_error>2.0; entered_UNSAFE(control_zone),UNSAFE,"{""T_sp"": 310.0, ""L_sp"": 8.0, ""Fin_sp"": 0.0333}",False,known,False,no_recovery,,0.7436021245774987,4142.0,24.009324100014055
fouling,"{""fouling_max"": 0.9, ""fouling_tau"": 2000.0}",303,True,3858.0,T_meas_error>2.0; entered_UNSAFE(control_zone),UNSAFE,"{""T_sp"": 310.0, ""L_sp"": 8.0, ""Fin_sp"": 0.0233}",False,known,False,unsafe_fraction,163.0,0.5098985997102848,4142.0,22.547476599982474
fouling,"{""fouling_max"": 0.9, ""fouling_tau"": 2000.0}",101,True,3873.0,T_meas_error>2.0; entered_UNSAFE(control_zone),UNSAFE,"{""T_sp"": 310.0, ""L_sp"": 10.0, ""Fin_sp"": 0.0333}",True,known,False,no_recovery,,0.7431548340198691,4127.0,17.8417441000056
fouling,"{""fouling_max"": 0.9, ""fouling_tau"": 2000.0}",101,True,3873.0,T_meas_error>2.0; entered_UNSAFE(control_zone),UNSAFE,"{""T_sp"": 310.0, ""L_sp"": 10.0, ""Fin_sp"": 0.0283}",False,known,False,no_recovery,,0.6927550278652774,4127.0,17.889959699998144
fouling,"{""fouling_max"": 0.9, ""fouling_tau"": 2000.0}",101,True,3873.0,T_meas_error>2.0; entered_UNSAFE(control_zone),UNSAFE,"{""T_sp"": 310.0, ""L_sp"": 10.0, ""Fin_sp"": 0.0233}",False,known,False,unsafe_fraction,171.0,0.4981826992973104,4127.0,13.521902299980866
fouling,"{""fouling_max"": 0.9, ""fouling_tau"": 2000.0}",101,True,3873.0,T_meas_error>2.0; entered_UNSAFE(control_zone),UNSAFE,"{""T_sp"": 310.0, ""L_sp"": 10.0, ""Fin_sp"": 0.0183}",False,known,False,unsafe_fraction,119.0,0.29149503271141264,4127.0,18.161653299990576
fouling,"{""fouling_max"": 0.9, ""fouling_tau"": 2000.0}",101,True,3873.0,T_meas_error>2.0; entered_UNSAFE(control_zone),UNSAFE,"{""T_sp"": 310.0, ""L_sp"": 10.0, ""Fin_sp"": 0.0133}",False,known,True,,119.0,0.0,4127.0,16.347997699980624
fouling,"{""fouling_max"": 0.9, ""fouling_tau"": 2000.0}",101,True,3873.0,T_meas_error>2.0; entered_UNSAFE(control_zone),UNSAFE,"{""T_sp"": 310.0, ""L_sp"": 10.0, ""Fin_sp"": 0.0083}",False,known,True,,119.0,0.007026896050399806,4127.0,12.402976000012131
fouling,"{""fouling_max"": 0.9, ""fouling_tau"": 2000.0}",101,True,3873.0,T_meas_error>2.0; entered_UNSAFE(control_zone),UNSAFE,"{""T_sp"": 309.0, ""L_sp"": 10.0, ""Fin_sp"": 0.0333}",False,known,False,no_recovery,,0.7429125272595105,4127.0,21.97640670000692
fouling,"{""fouling_max"": 0.9, ""fouling_tau"": 2000.0}",101,True,3873.0,T_meas_error>2.0; entered_UNSAFE(control_zone),UNSAFE,"{""T_sp"": 309.0, ""L_sp"": 10.0, ""Fin_sp"": 0.0283}",False,known,False,no_recovery,,0.685485825054519,4127.0,24.81812089998857
fouling,"{""fouling_max"": 0.9, ""fouling_tau"": 2000.0}",101,True,3873.0,T_meas_error>2.0; entered_UNSAFE(control_zone),UNSAFE,"{""T_sp"": 309.0, ""L_sp"": 10.0, ""Fin_sp"": 0.0233}",False,known,False,unsafe_fraction,428.0,0.5849285195056942,4127.0,25.373542000015732
fouling,"{""fouling_max"": 0.9, ""fouling_tau"": 2000.0}",101,True,3873.0,T_meas_error>2.0; entered_UNSAFE(control_zone),UNSAFE,"{""T_sp"": 309.0, ""L_sp"": 10.0, ""Fin_sp"": 0.0183}",False,known,False,unsafe_fraction,183.0,0.3288102738066392,4127.0,24.349353800003882
fouling,"{""fouling_max"": 0.9, ""fouling_tau"": 2000.0}",101,True,3873.0,T_meas_error>2.0; entered_UNSAFE(control_zone),UNSAFE,"{""T_sp"": 309.0, ""L_sp"": 10.0, ""Fin_sp"": 0.0133}",False,known,True,,138.0,0.01889992730797189,4127.0,23.49248489999445
fouling,"{""fouling_max"": 0.9, ""fouling_tau"": 2000.0}",101,True,3873.0,T_meas_error>2.0; entered_UNSAFE(control_zone),UNSAFE,"{""T_sp"": 309.0, ""L_sp"": 10.0, ""Fin_sp"": 0.0083}",False,known,True,,119.0,0.0,4127.0,20.695494599989615
fouling,"{""fouling_max"": 0.9, ""fouling_tau"": 2000.0}",101,True,3873.0,T_meas_error>2.0; entered_UNSAFE(control_zone),UNSAFE,"{""T_sp"": 310.0, ""L_sp"": 9.0, ""Fin_sp"": 0.0333}",False,known,False,no_recovery,,0.7431548340198691,4127.0,24.82910780000384
fouling,"{""fouling_max"": 0.9, ""fouling_tau"": 2000.0}",101,True,3873.0,T_meas_error>2.0; entered_UNSAFE(control_zone),UNSAFE,"{""T_sp"": 310.0, ""L_sp"": 9.0, ""Fin_sp"": 0.0233}",False,known,False,unsafe_fraction,168.0,0.5013326871819723,4127.0,24.375049399997806
fouling,"{""fouling_max"": 0.9, ""fouling_tau"": 2000.0}",101,True,3873.0,T_meas_error>2.0; entered_UNSAFE(control_zone),UNSAFE,"{""T_sp"": 310.0, ""L_sp"": 8.0, ""Fin_sp"": 0.0333}",False,known,False,no_recovery,,0.7431548340198691,4127.0,23.189582599996356
fouling,"{""fouling_max"": 0.9, ""fouling_tau"": 2000.0}",101,True,3873.0,T_meas_error>2.0; entered_UNSAFE(control_zone),UNSAFE,"{""T_sp"": 310.0, ""L_sp"": 8.0, ""Fin_sp"": 0.0233}",False,known,False,unsafe_fraction,160.0,0.5044826750666344,4127.0,21.752755499997875
cool_stuck_closed,"{""stuck_opening"": 0.6}",101,False,,,,,,,,,,,,
fouling,"{""fouling_max"": 0.9, ""fouling_tau"": 2000.0}",202,True,3531.0,T_meas_error>2.0,SAFE,"{""T_sp"": 310.0, ""L_sp"": 10.0, ""Fin_sp"": 0.0333}",True,known,False,unsafe_fraction,119.0,0.7104497650481092,4469.0,19.891352300008293
fouling,"{""fouling_max"": 0.9, ""fouling_tau"": 2000.0}",202,True,3531.0,T_meas_error>2.0,SAFE,"{""T_sp"": 310.0, ""L_sp"": 10.0, ""Fin_sp"": 0.0283}",False,known,False,unsafe_fraction,119.0,0.6175878272544193,4469.0,19.286898399994243
fouling,"{""fouling_max"": 0.9, ""fouling_tau"": 2000.0}",202,True,3531.0,T_meas_error>2.0,SAFE,"{""T_sp"": 310.0, ""L_sp"": 10.0, ""Fin_sp"": 0.0233}",False,known,False,unsafe_fraction,119.0,0.47281270977847395,4469.0,14.189196099992841
fouling,"{""fouling_max"": 0.9, ""fouling_tau"": 2000.0}",202,True,3531.0,T_meas_error>2.0,SAFE,"{""T_sp"": 310.0, ""L_sp"": 10.0, ""Fin_sp"": 0.0183}",False,known,False,unsafe_fraction,119.0,0.27478183038711124,4469.0,17.856181300012395
fouling,"{""fouling_max"": 0.9, ""fouling_tau"": 2000.0}",202,True,3531.0,T_meas_error>2.0,SAFE,"{""T_sp"": 310.0, ""L_sp"": 10.0, ""Fin_sp"": 0.0133}",False,known,True,,119.0,0.0,4469.0,15.492128399986541
fouling,"{""fouling_max"": 0.9, ""fouling_tau"": 2000.0}",202,True,3531.0,T_meas_error>2.0,SAFE,"{""T_sp"": 310.0, ""L_sp"": 10.0, ""Fin_sp"": 0.0083}",False,known,True,,119.0,0.008950548221078542,4469.0,13.688798499992117
fouling,"{""fouling_max"": 0.9, ""fouling_tau"": 2000.0}",202,True,3531.0,T_meas_error>2.0,SAFE,"{""T_sp"": 309.0, ""L_sp"": 10.0, ""Fin_sp"": 0.0333}",False,known,False,unsafe_fraction,119.0,0.7290221526068472,4469.0,27.388308900000993
fouling,"{""fouling_max"": 0.9, ""fouling_tau"": 2000.0}",202,True,3531.0,T_meas_error>2.0,SAFE,"{""T_sp"": 309.0, ""L_sp"": 10.0, ""Fin_sp"": 0.0283}",False,known,False,unsafe_fraction,119.0,0.6359364511076303,4469.0,25.59680679999292
fouling,"{""fouling_max"": 0.9, ""fouling_tau"": 2000.0}",202,True,3531.0,T_meas_error>2.0,SAFE,"{""T_sp"": 309.0, ""L_sp"": 10.0, ""Fin_sp"": 0.0233}",False,known,False,unsafe_fraction,119.0,0.4954128440366973,4469.0,27.271335700002965
fouling,"{""fouling_max"": 0.9, ""fouling_tau"": 2000.0}",202,True,3531.0,T_meas_error>2.0,SAFE,"{""T_sp"": 309.0, ""L_sp"": 10.0, ""Fin_sp"": 0.0183}",False,known,False,unsafe_fraction,119.0,0.2926829268292683,4469.0,27.00066489999881
fouling,"{""fouling_max"": 0.9, ""fouling_tau"": 2000.0}",202,True,3531.0,T_meas_error>2.0,SAFE,"{""T_sp"": 309.0, ""L_sp"": 10.0, ""Fin_sp"": 0.0133}",False,known,True,,119.0,0.012978294920563885,4469.0,25.64294410002185
fouling,"{""fouling_max"": 0.9, ""fouling_tau"": 2000.0}",202,True,3531.0,T_meas_error>2.0,SAFE,"{""T_sp"": 309.0, ""L_sp"": 10.0, ""Fin_sp"": 0.0083}",False,known,True,,119.0,0.0,4469.0,27.707716799981426
fouling,"{""fouling_max"": 0.9, ""fouling_tau"": 2000.0}",202,True,3531.0,T_meas_error>2.0,SAFE,"{""T_sp"": 310.0, ""L_sp"": 9.0, ""Fin_sp"": 0.0333}",False,known,False,unsafe_fraction,119.0,0.7104497650481092,4469.0,24.610195999994176
fouling,"{""fouling_max"": 0.9, ""fouling_tau"": 2000.0}",202,True,3531.0,T_meas_error>2.0,SAFE,"{""T_sp"": 310.0, ""L_sp"": 9.0, ""Fin_sp"": 0.0233}",False,known,False,unsafe_fraction,119.0,0.47393152830610874,4469.0,24.543502000014996
fouling,"{""fouling_max"": 0.9, ""fouling_tau"": 2000.0}",202,True,3531.0,T_meas_error>2.0,SAFE,"{""T_sp"": 310.0, ""L_sp"": 8.0, ""Fin_sp"": 0.0333}",False,known,False,unsafe_fraction,119.0,0.7104497650481092,4469.0,24.17542029998731
fouling,"{""fouling_max"": 0.9, ""fouling_tau"": 2000.0}",202,True,3531.0,T_meas_error>2.0,SAFE,"{""T_sp"": 310.0, ""L_sp"": 8.0, ""Fin_sp"": 0.0233}",False,known,False,unsafe_fraction,119.0,0.47572163795032446,4469.0,24.317457899975125
cool_stuck_closed,"{""stuck_opening"": 0.6}",202,False,,,,,,,,,,,,
cool_stuck_closed,"{""stuck_opening"": 0.6}",303,False,,,,,,,,,,,,
cool_stuck_closed,"{""stuck_opening"": 0.5}",101,False,,,,,,,,,,,,
cool_stuck_closed,"{""stuck_opening"": 0.5}",202,False,,,,,,,,,,,,
cool_stuck_closed,"{""stuck_opening"": 0.5}",303,False,,,,,,,,,,,,
pump_degrade,"{""pump_degrade_factor"": 0.5}",202,True,2055.0,level_error_large(|L_meas-L_sp|>0.7),SAFE,"{""T_sp"": 310.0, ""L_sp"": 10.0, ""Fin_sp"": 0.0333}",True,known,True,,168.0,0.01328847771236333,5945.0,24.49301080001169
pump_degrade,"{""pump_degrade_factor"": 0.5}",202,True,2055.0,level_error_large(|L_meas-L_sp|>0.7),SAFE,"{""T_sp"": 310.0, ""L_sp"": 10.0, ""Fin_sp"": 0.0283}",False,known,True,,119.0,0.0,5945.0,22.656280900002457
pump_degrade,"{""pump_degrade_factor"": 0.5}",202,True,2055.0,level_error_large(|L_meas-L_sp|>0.7),SAFE,"{""T_sp"": 310.0, ""L_sp"": 10.0, ""Fin_sp"": 0.0233}",False,known,True,,119.0,0.0,5945.0,20.51259499997832
pump_degrade,"{""pump_degrade_factor"": 0.5}",202,True,2055.0,level_error_large(|L_meas-L_sp|>0.7),SAFE,"{""T_sp"": 310.0, ""L_sp"": 10.0, ""Fin_sp"": 0.0183}",False,known,True,,119.0,0.0,5945.0,26.928475799999433
pump_degrade,"{""pump_degrade_factor"": 0.5}",202,True,2055.0,level_error_large(|L_meas-L_sp|>0.7),SAFE,"{""T_sp"": 310.0, ""L_sp"": 10.0, ""Fin_sp"": 0.0133}",False,known,True,,119.0,0.0,5945.0,35.78127390000736
pump_degrade,"{""pump_degrade_factor"": 0.5}",202,True,2055.0,level_error_large(|L_meas-L_sp|>0.7),SAFE,"{""T_sp"": 310.0, ""L_sp"": 10.0, ""Fin_sp"": 0.0083}",False,known,True,,119.0,0.002018502943650126,5945.0,36.72140979999676
pump_degrade,"{""pump_degrade_factor"": 0.5}",202,True,2055.0,level_error_large(|L_meas-L_sp|>0.7),SAFE,"{""T_sp"": 309.0, ""L_sp"": 10.0, ""Fin_sp"": 0.0333}",False,known,True,,168.0,0.01648444070647603,5945.0,35.044305599993095
pump_degrade,"{""pump_degrade_factor"": 0.5}",202,True,2055.0,level_error_large(|L_meas-L_sp|>0.7),SAFE,"{""T_sp"": 309.0, ""L_sp"": 10.0, ""Fin_sp"": 0.0283}",False,known,True,,119.0,0.0,5945.0,34.43912719999207
pump_degrade,"{""pump_degrade_factor"": 0.5}",202,True,2055.0,level_error_large(|L_meas-L_sp|>0.7),SAFE,"{""T_sp"": 309.0, ""L_sp"": 10.0, ""Fin_sp"": 0.0233}",False,known,True,,119.0,0.0,5945.0,33.21489649999421
pump_degrade,"{""pump_degrade_factor"": 0.5}",202,True,2055.0,level_error_large(|L_meas-L_sp|>0.7),SAFE,"{""T_sp"": 309.0, ""L_sp"": 10.0, ""Fin_sp"": 0.0183}",False,known,True,,119.0,0.0,5945.0,32.725489500007825
pump_degrade,"{""pump_degrade_factor"": 0.5}",202,True,2055.0,level_error_large(|L_meas-L_sp|>0.7),SAFE,"{""T_sp"": 309.0, ""L_sp"": 10.0, ""Fin_sp"": 0.0133}",False,known,True,,119.0,0.0,5945.0,32.71184189998894
pump_degrade,"{""pump_degrade_factor"": 0.5}",202,True,2055.0,level_error_large(|L_meas-L_sp|>0.7),SAFE,"{""T_sp"": 309.0, ""L_sp"": 10.0, ""Fin_sp"": 0.0083}",False,known,True,,119.0,0.0,5945.0,32.773138399992604
pump_degrade,"{""pump_degrade_factor"": 0.5}",202,True,2055.0,level_error_large(|L_meas-L_sp|>0.7),SAFE,"{""T_sp"": 310.0, ""L_sp"": 9.0, ""Fin_sp"": 0.0333}",False,known,True,,402.0,0.015643397813288478,5945.0,32.991988399997354
pump_degrade,"{""pump_degrade_factor"": 0.5}",202,True,2055.0,level_error_large(|L_meas-L_sp|>0.7),SAFE,"{""T_sp"": 310.0, ""L_sp"": 9.0, ""Fin_sp"": 0.0233}",False,known,True,,119.0,0.0,5945.0,16.408653999998933
pump_degrade,"{""pump_degrade_factor"": 0.5}",202,True,2055.0,level_error_large(|L_meas-L_sp|>0.7),SAFE,"{""T_sp"": 310.0, ""L_sp"": 8.0, ""Fin_sp"": 0.0333}",False,known,False,slow_recovery,633.0,0.028427249789739276,5945.0,16.740367099992
pump_degrade,"{""pump_degrade_factor"": 0.5}",202,True,2055.0,level_error_large(|L_meas-L_sp|>0.7),SAFE,"{""T_sp"": 310.0, ""L_sp"": 8.0, ""Fin_sp"": 0.0233}",False,known,True,,190.0,0.011774600504625737,5945.0,17.208329399989452
pump_degrade,"{""pump_degrade_factor"": 0.5}",101,True,2055.0,level_error_large(|L_meas-L_sp|>0.7),SAFE,"{""T_sp"": 310.0, ""L_sp"": 10.0, ""Fin_sp"": 0.0333}",True,known,True,,166.0,0.014634146341463415,5945.0,25.06971790001262
pump_degrade,"{""pump_degrade_factor"": 0.5}",101,True,2055.0,level_error_large(|L_meas-L_sp|>0.7),SAFE,"{""T_sp"": 310.0, ""L_sp"": 10.0, ""Fin_sp"": 0.0283}",False,known,True,,119.0,0.0,5945.0,22.936127799999667
pump_degrade,"{""pump_degrade_factor"": 0.5}",101,True,2055.0,level_error_large(|L_meas-L_sp|>0.7),SAFE,"{""T_sp"": 310.0, ""L_sp"": 10.0, ""Fin_sp"": 0.0233}",False,known,True,,119.0,0.0,5945.0,19.354472900013207
pump_degrade,"{""pump_degrade_factor"": 0.5}",101,True,2055.0,level_error_large(|L_meas-L_sp|>0.7),SAFE,"{""T_sp"": 310.0, ""L_sp"": 10.0, ""Fin_sp"": 0.0183}",False,known,True,,119.0,0.0,5945.0,27.581883200007724
pump_degrade,"{""pump_degrade_factor"": 0.5}",101,True,2055.0,level_error_large(|L_meas-L_sp|>0.7),SAFE,"{""T_sp"": 310.0, ""L_sp"": 10.0, ""Fin_sp"": 0.0133}",False,known,True,,119.0,0.0001682085786375105,5945.0,35.683338699978776
pump_degrade,"{""pump_degrade_factor"": 0.5}",101,True,2055.0,level_error_large(|L_meas-L_sp|>0.7),SAFE,"{""T_sp"": 310.0, ""L_sp"": 10.0, ""Fin_sp"": 0.0083}",False,known,True,,119.0,0.0011774600504625735,5945.0,36.16398569999728
pump_degrade,"{""pump_degrade_factor"": 0.5}",101,True,2055.0,level_error_large(|L_meas-L_sp|>0.7),SAFE,"{""T_sp"": 309.0, ""L_sp"": 10.0, ""Fin_sp"": 0.0333}",False,known,True,,166.0,0.015643397813288478,5945.0,33.0971092999971
pump_degrade,"{""pump_degrade_factor"": 0.5}",101,True,2055.0,level_error_large(|L_meas-L_sp|>0.7),SAFE,"{""T_sp"": 309.0, ""L_sp"": 10.0, ""Fin_sp"": 0.0283}",False,known,True,,119.0,0.0,5945.0,36.07334410000476
pump_degrade,"{""pump_degrade_factor"": 0.5}",101,True,2055.0,level_error_large(|L_meas-L_sp|>0.7),SAFE,"{""T_sp"": 309.0, ""L_sp"": 10.0, ""Fin_sp"": 0.0233}",False,known,True,,119.0,0.0,5945.0,32.69055749999825
pump_degrade,"{""pump_degrade_factor"": 0.5}",101,True,2055.0,level_error_large(|L_meas-L_sp|>0.7),SAFE,"{""T_sp"": 309.0, ""L_sp"": 10.0, ""Fin_sp"": 0.0183}",False,known,True,,119.0,0.0,5945.0,32.99630470000557
pump_degrade,"{""pump_degrade_factor"": 0.5}",101,True,2055.0,level_error_large(|L_meas-L_sp|>0.7),SAFE,"{""T_sp"": 309.0, ""L_sp"": 10.0, ""Fin_sp"": 0.0133}",False,known,True,,119.0,0.0,5945.0,31.76471099999617
pump_degrade,"{""pump_degrade_factor"": 0.5}",101,True,2055.0,level_error_large(|L_meas-L_sp|>0.7),SAFE,"{""T_sp"": 309.0, ""L_sp"": 10.0, ""Fin_sp"": 0.0083}",False,known,True,,119.0,0.0,5945.0,33.377873499994166
pump_degrade,"{""pump_degrade_factor"": 0.5}",101,True,2055.0,level_error_large(|L_meas-L_sp|>0.7),SAFE,"{""T_sp"": 310.0, ""L_sp"": 9.0, ""Fin_sp"": 0.0333}",False,known,True,,407.0,0.017493692178301094,5945.0,32.62410650000675
pump_degrade,"{""pump_degrade_factor"": 0.5}",101,True,2055.0,level_error_large(|L_meas-L_sp|>0.7),SAFE,"{""T_sp"": 310.0, ""L_sp"": 9.0, ""Fin_sp"": 0.0233}",False,known,True,,119.0,0.0,5945.0,20.256875700026285
pump_degrade,"{""pump_degrade_factor"": 0.5}",101,True,2055.0,level_error_large(|L_meas-L_sp|>0.7),SAFE,"{""T_sp"": 310.0, ""L_sp"": 8.0, ""Fin_sp"": 0.0333}",False,known,False,slow_recovery,633.0,0.028763666947014297,5945.0,16.8730179000122
pump_degrade,"{""pump_degrade_factor"": 0.5}",101,True,2055.0,level_error_large(|L_meas-L_sp|>0.7),SAFE,"{""T_sp"": 310.0, ""L_sp"": 8.0, ""Fin_sp"": 0.0233}",False,known,True,,187.0,0.011438183347350715,5945.0,17.53530220000539
pump_degrade,"{""pump_degrade_factor"": 0.5}",303,True,2055.0,level_error_large(|L_meas-L_sp|>0.7),SAFE,"{""T_sp"": 310.0, ""L_sp"": 10.0, ""Fin_sp"": 0.0333}",True,known,True,,167.0,0.014129520605550883,5945.0,22.12042619998101
pump_degrade,"{""pump_degrade_factor"": 0.5}",303,True,2055.0,level_error_large(|L_meas-L_sp|>0.7),SAFE,"{""T_sp"": 310.0, ""L_sp"": 10.0, ""Fin_sp"": 0.0283}",False,known,True,,119.0,0.0,5945.0,19.135024599992903
pump_degrade,"{""pump_degrade_factor"": 0.5}",303,True,2055.0,level_error_large(|L_meas-L_sp|>0.7),SAFE,"{""T_sp"": 310.0, ""L_sp"": 10.0, ""Fin_sp"": 0.0233}",False,known,True,,119.0,0.0,5945.0,27.99298270000145
pump_degrade,"{""pump_degrade_factor"": 0.5}",303,True,2055.0,level_error_large(|L_meas-L_sp|>0.7),SAFE,"{""T_sp"": 310.0, ""L_sp"": 10.0, ""Fin_sp"": 0.0183}",False,known,True,,119.0,0.0,5945.0,35.640511900011916
pump_degrade,"{""pump_degrade_factor"": 0.5}",303,True,2055.0,level_error_large(|L_meas-L_sp|>0.7),SAFE,"{""T_sp"": 310.0, ""L_sp"": 10.0, ""Fin_sp"": 0.0133}",False,known,True,,119.0,0.0,5945.0,34.98862540000118
pump_degrade,"{""pump_degrade_factor"": 0.5}",303,True,2055.0,level_error_large(|L_meas-L_sp|>0.7),SAFE,"{""T_sp"": 310.0, ""L_sp"": 10.0, ""Fin_sp"": 0.0083}",False,known,True,,119.0,0.0011774600504625735,5945.0,34.013403299992206
pump_degrade,"{""pump_degrade_factor"": 0.5}",303,True,2055.0,level_error_large(|L_meas-L_sp|>0.7),SAFE,"{""T_sp"": 309.0, ""L_sp"": 10.0, ""Fin_sp"": 0.0333}",False,known,True,,167.0,0.01614802354920101,5945.0,29.648749299987685
pump_degrade,"{""pump_degrade_factor"": 0.5}",303,True,2055.0,level_error_large(|L_meas-L_sp|>0.7),SAFE,"{""T_sp"": 309.0, ""L_sp"": 10.0, ""Fin_sp"": 0.0283}",False,known,True,,119.0,0.0,5945.0,33.18121229999815
pump_degrade,"{""pump_degrade_factor"": 0.5}",303,True,2055.0,level_error_large(|L_meas-L_sp|>0.7),SAFE,"{""T_sp"": 309.0, ""L_sp"": 10.0, ""Fin_sp"": 0.0233}",False,known,True,,119.0,0.0,5945.0,32.37373459999799
pump_degrade,"{""pump_degrade_factor"": 0.5}",303,True,2055.0,level_error_large(|L_meas-L_sp|>0.7),SAFE,"{""T_sp"": 309.0, ""L_sp"": 10.0, ""Fin_sp"": 0.0183}",False,known,True,,119.0,0.0,5945.0,32.13876960001653
pump_degrade,"{""pump_degrade_factor"": 0.5}",303,True,2055.0,level_error_large(|L_meas-L_sp|>0.7),SAFE,"{""T_sp"": 309.0, ""L_sp"": 10.0, ""Fin_sp"": 0.0133}",False,known,True,,119.0,0.0,5945.0,33.577424199989764
pump_degrade,"{""pump_degrade_factor"": 0.5}",303,True,2055.0,level_error_large(|L_meas-L_sp|>0.7),SAFE,"{""T_sp"": 309.0, ""L_sp"": 10.0, ""Fin_sp"": 0.0083}",False,known,True,,119.0,0.0,5945.0,32.648095499986084
pump_degrade,"{""pump_degrade_factor"": 0.5}",303,True,2055.0,level_error_large(|L_meas-L_sp|>0.7),SAFE,"{""T_sp"": 310.0, ""L_sp"": 9.0, ""Fin_sp"": 0.0333}",False,known,True,,407.0,0.0159798149705635,5945.0,19.79741970001487
pump_degrade,"{""pump_degrade_factor"": 0.5}",303,True,2055.0,level_error_large(|L_meas-L_sp|>0.7),SAFE,"{""T_sp"": 310.0, ""L_sp"": 9.0, ""Fin_sp"": 0.0233}",False,known,True,,119.0,0.0,5945.0,16.452256099990336
pump_degrade,"{""pump_degrade_factor"": 0.5}",303,True,2055.0,level_error_large(|L_meas-L_sp|>0.7),SAFE,"{""T_sp"": 310.0, ""L_sp"": 8.0, ""Fin_sp"": 0.0333}",False,known,False,slow_recovery,630.0,0.028427249789739276,5945.0,17.006969299982302
pump_degrade,"{""pump_degrade_factor"": 0.5}",303,True,2055.0,level_error_large(|L_meas-L_sp|>0.7),SAFE,"{""T_sp"": 310.0, ""L_sp"": 8.0, ""Fin_sp"": 0.0233}",False,known,True,,189.0,0.011774600504625737,5945.0,17.00027260000934
pump_degrade,"{""pump_degrade_factor"": 0.35}",101,True,2037.0,level_error_large(|L_meas-L_sp|>0.7),SAFE,"{""T_sp"": 310.0, ""L_sp"": 10.0, ""Fin_sp"": 0.0333}",True,known,False,no_recovery,,0.8224048297836659,5963.0,22.009621699980926
pump_degrade,"{""pump_degrade_factor"": 0.35}",101,True,2037.0,level_error_large(|L_meas-L_sp|>0.7),SAFE,"{""T_sp"": 310.0, ""L_sp"": 10.0, ""Fin_sp"": 0.0283}",False,known,False,no_recovery,,0.8224048297836659,5963.0,20.145225599990226
pump_degrade,"{""pump_degrade_factor"": 0.35}",101,True,2037.0,level_error_large(|L_meas-L_sp|>0.7),SAFE,"{""T_sp"": 310.0, ""L_sp"": 10.0, ""Fin_sp"": 0.0233}",False,known,True,,506.0,0.055005869528760694,5963.0,29.917912900011288
pump_degrade,"{""pump_degrade_factor"": 0.35}",101,True,2037.0,level_error_large(|L_meas-L_sp|>0.7),SAFE,"{""T_sp"": 310.0, ""L_sp"": 10.0, ""Fin_sp"": 0.0183}",False,known,True,,181.0,0.010397450947509643,5963.0,35.053865800000494
pump_degrade,"{""pump_degrade_factor"": 0.35}",101,True,2037.0,level_error_large(|L_meas-L_sp|>0.7),SAFE,"{""T_sp"": 310.0, ""L_sp"": 10.0, ""Fin_sp"": 0.0133}",False,known,True,,119.0,0.0001677008217340265,5963.0,36.04610770000727
pump_degrade,"{""pump_degrade_factor"": 0.35}",101,True,2037.0,level_error_large(|L_meas-L_sp|>0.7),SAFE,"{""T_sp"": 310.0, ""L_sp"": 10.0, ""Fin_sp"": 0.0083}",False,known,True,,119.0,0.0011739057521381855,5963.0,32.87345529999584
pump_degrade,"{""pump_degrade_factor"": 0.35}",101,True,2037.0,level_error_large(|L_meas-L_sp|>0.7),SAFE,"{""T_sp"": 309.0, ""L_sp"": 10.0, ""Fin_sp"": 0.0333}",False,known,False,no_recovery,,0.8224048297836659,5963.0,30.444358300010208
pump_degrade,"{""pump_degrade_factor"": 0.35}",101,True,2037.0,level_error_large(|L_meas-L_sp|>0.7),SAFE,"{""T_sp"": 309.0, ""L_sp"": 10.0, ""Fin_sp"": 0.0283}",False,known,False,no_recovery,,0.8224048297836659,5963.0,33.708629700005986
pump_degrade,"{""pump_degrade_factor"": 0.35}",101,True,2037.0,level_error_large(|L_meas-L_sp|>0.7),SAFE,"{""T_sp"": 309.0, ""L_sp"": 10.0, ""Fin_sp"": 0.0233}",False,known,True,,506.0,0.055173570350494715,5963.0,33.819413099990925
pump_degrade,"{""pump_degrade_factor"": 0.35}",101,True,2037.0,level_error_large(|L_meas-L_sp|>0.7),SAFE,"{""T_sp"": 309.0, ""L_sp"": 10.0, ""Fin_sp"": 0.0183}",False,known,True,,181.0,0.010397450947509643,5963.0,33.64157239999622
pump_degrade,"{""pump_degrade_factor"": 0.35}",101,True,2037.0,level_error_large(|L_meas-L_sp|>0.7),SAFE,"{""T_sp"": 309.0, ""L_sp"": 10.0, ""Fin_sp"": 0.0133}",False,known,True,,119.0,0.0,5963.0,33.31403869998758
pump_degrade,"{""pump_degrade_factor"": 0.35}",101,True,2037.0,level_error_large(|L_meas-L_sp|>0.7),SAFE,"{""T_sp"": 309.0, ""L_sp"": 10.0, ""Fin_sp"": 0.0083}",False,known,True,,119.0,0.0001677008217340265,5963.0,32.88667470001383
pump_degrade,"{""pump_degrade_factor"": 0.35}",101,True,2037.0,level_error_large(|L_meas-L_sp|>0.7),SAFE,"{""T_sp"": 310.0, ""L_sp"": 9.0, ""Fin_sp"": 0.0333}",False,known,False,no_recovery,,0.8224048297836659,5963.0,15.631499800016172
pump_degrade,"{""pump_degrade_factor"": 0.35}",101,True,2037.0,level_error_large(|L_meas-L_sp|>0.7),SAFE,"{""T_sp"": 310.0, ""L_sp"": 9.0, ""Fin_sp"": 0.0233}",False,known,False,slow_recovery,688.0,0.07546536978031192,5963.0,16.84746260000975
pump_degrade,"{""pump_degrade_factor"": 0.35}",101,True,2037.0,level_error_large(|L_meas-L_sp|>0.7),SAFE,"{""T_sp"": 310.0, ""L_sp"": 8.0, ""Fin_sp"": 0.0333}",False,known,False,no_recovery,,0.8224048297836659,5963.0,17.039828699984355
pump_degrade,"{""pump_degrade_factor"": 0.35}",101,True,2037.0,level_error_large(|L_meas-L_sp|>0.7),SAFE,"{""T_sp"": 310.0, ""L_sp"": 8.0, ""Fin_sp"": 0.0233}",False,known,False,slow_recovery,825.0,0.08686902565822573,5963.0,17.610178000002634
pump_degrade,"{""pump_degrade_factor"": 0.35}",202,True,2037.0,level_error_large(|L_meas-L_sp|>0.7),SAFE,"{""T_sp"": 310.0, ""L_sp"": 10.0, ""Fin_sp"": 0.0333}",True,known,False,no_recovery,,0.8224048297836659,5963.0,36.23020090002683
pump_degrade,"{""pump_degrade_factor"": 0.35}",202,True,2037.0,level_error_large(|L_meas-L_sp|>0.7),SAFE,"{""T_sp"": 310.0, ""L_sp"": 10.0, ""Fin_sp"": 0.0283}",False,known,False,no_recovery,,0.8224048297836659,5963.0,35.06370759999845
pump_degrade,"{""pump_degrade_factor"": 0.35}",202,True,2037.0,level_error_large(|L_meas-L_sp|>0.7),SAFE,"{""T_sp"": 310.0, ""L_sp"": 10.0, ""Fin_sp"": 0.0233}",False,known,True,,505.0,0.05416736542009056,5963.0,29.007025099999737
pump_degrade,"{""pump_degrade_factor"": 0.35}",202,True,2037.0,level_error_large(|L_meas-L_sp|>0.7),SAFE,"{""T_sp"": 310.0, ""L_sp"": 10.0, ""Fin_sp"": 0.0183}",False,known,True,,182.0,0.010565151769243669,5963.0,32.9601057000109
pump_degrade,"{""pump_degrade_factor"": 0.35}",202,True,2037.0,level_error_large(|L_meas-L_sp|>0.7),SAFE,"{""T_sp"": 310.0, ""L_sp"": 10.0, ""Fin_sp"": 0.0133}",False,known,True,,119.0,0.0,5963.0,31.72045170000638
pump_degrade,"{""pump_degrade_factor"": 0.35}",202,True,2037.0,level_error_large(|L_meas-L_sp|>0.7),SAFE,"{""T_sp"": 310.0, ""L_sp"": 10.0, ""Fin_sp"": 0.0083}",False,known,True,,119.0,0.0025155123260103976,5963.0,32.69562990000122
pump_degrade,"{""pump_degrade_factor"": 0.35}",202,True,2037.0,level_error_large(|L_meas-L_sp|>0.7),SAFE,"{""T_sp"": 309.0, ""L_sp"": 10.0, ""Fin_sp"": 0.0333}",False,known,False,no_recovery,,0.8224048297836659,5963.0,32.94743329999619
pump_degrade,"{""pump_degrade_factor"": 0.35}",202,True,2037.0,level_error_large(|L_meas-L_sp|>0.7),SAFE,"{""T_sp"": 309.0, ""L_sp"": 10.0, ""Fin_sp"": 0.0283}",False,known,False,no_recovery,,0.8224048297836659,5963.0,33.225777299987385
pump_degrade,"{""pump_degrade_factor"": 0.35}",202,True,2037.0,level_error_large(|L_meas-L_sp|>0.7),SAFE,"{""T_sp"": 309.0, ""L_sp"": 10.0, ""Fin_sp"": 0.0233}",False,known,True,,505.0,0.055005869528760694,5963.0,19.791634199995315
pump_degrade,"{""pump_degrade_factor"": 0.35}",202,True,2037.0,level_error_large(|L_meas-L_sp|>0.7),SAFE,"{""T_sp"": 309.0, ""L_sp"": 10.0, ""Fin_sp"": 0.0183}",False,known,True,,182.0,0.010565151769243669,5963.0,16.59394320001593
pump_degrade,"{""pump_degrade_factor"": 0.35}",202,True,2037.0,level_error_large(|L_meas-L_sp|>0.7),SAFE,"{""T_sp"": 309.0, ""L_sp"": 10.0, ""Fin_sp"": 0.0133}",False,known,True,,119.0,0.0,5963.0,17.44620410000789
pump_degrade,"{""pump_degrade_factor"": 0.35}",202,True,2037.0,level_error_large(|L_meas-L_sp|>0.7),SAFE,"{""T_sp"": 309.0, ""L_sp"": 10.0, ""Fin_sp"": 0.0083}",False,known,True,,119.0,0.0,5963.0,18.403141599992523
pump_degrade,"{""pump_degrade_factor"": 0.35}",202,True,2037.0,level_error_large(|L_meas-L_sp|>0.7),SAFE,"{""T_sp"": 310.0, ""L_sp"": 9.0, ""Fin_sp"": 0.0333}",False,known,False,no_recovery,,0.8224048297836659,5963.0,16.92709680000553
pump_degrade,"{""pump_degrade_factor"": 0.35}",202,True,2037.0,level_error_large(|L_meas-L_sp|>0.7),SAFE,"{""T_sp"": 310.0, ""L_sp"": 9.0, ""Fin_sp"": 0.0233}",False,known,False,slow_recovery,688.0,0.07429146402817374,5963.0,17.008649499999592
pump_degrade,"{""pump_degrade_factor"": 0.35}",202,True,2037.0,level_error_large(|L_meas-L_sp|>0.7),SAFE,"{""T_sp"": 310.0, ""L_sp"": 8.0, ""Fin_sp"": 0.0333}",False,known,False,no_recovery,,0.8224048297836659,5963.0,15.718025400012266
pump_degrade,"{""pump_degrade_factor"": 0.35}",202,True,2037.0,level_error_large(|L_meas-L_sp|>0.7),SAFE,"{""T_sp"": 310.0, ""L_sp"": 8.0, ""Fin_sp"": 0.0233}",False,known,False,slow_recovery,823.0,0.08837833305383197,5963.0,15.485451200016541
pump_degrade,"{""pump_degrade_factor"": 0.35}",303,True,2038.0,level_error_large(|L_meas-L_sp|>0.7),SAFE,"{""T_sp"": 310.0, ""L_sp"": 10.0, ""Fin_sp"": 0.0333}",True,known,False,no_recovery,,0.8223750419322375,5962.0,35.378647200006526
pump_degrade,"{""pump_degrade_factor"": 0.35}",303,True,2038.0,level_error_large(|L_meas-L_sp|>0.7),SAFE,"{""T_sp"": 310.0, ""L_sp"": 10.0, ""Fin_sp"": 0.0283}",False,known,False,no_recovery,,0.8223750419322375,5962.0,32.03743190001114
pump_degrade,"{""pump_degrade_factor"": 0.35}",303,True,2038.0,level_error_large(|L_meas-L_sp|>0.7),SAFE,"{""T_sp"": 310.0, ""L_sp"": 10.0, ""Fin_sp"": 0.0233}",False,known,True,,501.0,0.051828245555182825,5962.0,34.19648499999312
pump_degrade,"{""pump_degrade_factor"": 0.35}",303,True,2038.0,level_error_large(|L_meas-L_sp|>0.7),SAFE,"{""T_sp"": 310.0, ""L_sp"": 10.0, ""Fin_sp"": 0.0183}",False,known,True,,180.0,0.010231465951023146,5962.0,33.00645859999349
pump_degrade,"{""pump_degrade_factor"": 0.35}",303,True,2038.0,level_error_large(|L_meas-L_sp|>0.7),SAFE,"{""T_sp"": 310.0, ""L_sp"": 10.0, ""Fin_sp"": 0.0133}",False,known,True,,119.0,0.0,5962.0,31.68424109998159
pump_degrade,"{""pump_degrade_factor"": 0.35}",303,True,2038.0,level_error_large(|L_meas-L_sp|>0.7),SAFE,"{""T_sp"": 310.0, ""L_sp"": 10.0, ""Fin_sp"": 0.0083}",False,known,True,,119.0,0.0013418316001341832,5962.0,32.336605799995596
pump_degrade,"{""pump_degrade_factor"": 0.35}",303,True,2038.0,level_error_large(|L_meas-L_sp|>0.7),SAFE,"{""T_sp"": 309.0, ""L_sp"": 10.0, ""Fin_sp"": 0.0333}",False,known,False,no_recovery,,0.8223750419322375,5962.0,32.788764099997934
pump_degrade,"{""pump_degrade_factor"": 0.35}",303,True,2038.0,level_error_large(|L_meas-L_sp|>0.7),SAFE,"{""T_sp"": 309.0, ""L_sp"": 10.0, ""Fin_sp"": 0.0283}",False,known,False,no_recovery,,0.8223750419322375,5962.0,28.259087799990084
pump_degrade,"{""pump_degrade_factor"": 0.35}",303,True,2038.0,level_error_large(|L_meas-L_sp|>0.7),SAFE,"{""T_sp"": 309.0, ""L_sp"": 10.0, ""Fin_sp"": 0.0233}",False,known,True,,501.0,0.05333780610533378,5962.0,16.059908900002483
pump_degrade,"{""pump_degrade_factor"": 0.35}",303,True,2038.0,level_error_large(|L_meas-L_sp|>0.7),SAFE,"{""T_sp"": 309.0, ""L_sp"": 10.0, ""Fin_sp"": 0.0183}",False,known,True,,180.0,0.010231465951023146,5962.0,17.64538430000539
pump_degrade,"{""pump_degrade_factor"": 0.35}",303,True,2038.0,level_error_large(|L_meas-L_sp|>0.7),SAFE,"{""T_sp"": 309.0, ""L_sp"": 10.0, ""Fin_sp"": 0.0133}",False,known,True,,119.0,0.0,5962.0,17.525286200019764
pump_degrade,"{""pump_degrade_factor"": 0.35}",303,True,2038.0,level_error_large(|L_meas-L_sp|>0.7),SAFE,"{""T_sp"": 309.0, ""L_sp"": 10.0, ""Fin_sp"": 0.0083}",False,known,True,,119.0,0.0,5962.0,17.067087200004607
pump_degrade,"{""pump_degrade_factor"": 0.35}",303,True,2038.0,level_error_large(|L_meas-L_sp|>0.7),SAFE,"{""T_sp"": 310.0, ""L_sp"": 9.0, ""Fin_sp"": 0.0333}",False,known,False,no_recovery,,0.8223750419322375,5962.0,17.394425400008913
pump_degrade,"{""pump_degrade_factor"": 0.35}",303,True,2038.0,level_error_large(|L_meas-L_sp|>0.7),SAFE,"{""T_sp"": 310.0, ""L_sp"": 9.0, ""Fin_sp"": 0.0233}",False,known,False,slow_recovery,685.0,0.07128480375712848,5962.0,17.044762300007278
pump_degrade,"{""pump_degrade_factor"": 0.35}",303,True,2038.0,level_error_large(|L_meas-L_sp|>0.7),SAFE,"{""T_sp"": 310.0, ""L_sp"": 8.0, ""Fin_sp"": 0.0333}",False,known,False,no_recovery,,0.8223750419322375,5962.0,15.873741400020663
pump_degrade,"{""pump_degrade_factor"": 0.35}",303,True,2038.0,level_error_large(|L_meas-L_sp|>0.7),SAFE,"{""T_sp"": 310.0, ""L_sp"": 8.0, ""Fin_sp"": 0.0233}",False,known,False,slow_recovery,824.0,0.08269037235826904,5962.0,18.262729399983073
pump_degrade,"{""pump_degrade_factor"": 0.2}",101,True,2029.0,level_error_large(|L_meas-L_sp|>0.7),SAFE,"{""T_sp"": 310.0, ""L_sp"": 10.0, ""Fin_sp"": 0.0333}",True,known,False,no_recovery,,0.8226427734047899,5971.0,33.582738099998096
pump_degrade,"{""pump_degrade_factor"": 0.2}",101,True,2029.0,level_error_large(|L_meas-L_sp|>0.7),SAFE,"{""T_sp"": 310.0, ""L_sp"": 10.0, ""Fin_sp"": 0.0283}",False,known,False,no_recovery,,0.8226427734047899,5971.0,32.56958759998088
pump_degrade,"{""pump_degrade_factor"": 0.2}",101,True,2029.0,level_error_large(|L_meas-L_sp|>0.7),SAFE,"{""T_sp"": 310.0, ""L_sp"": 10.0, ""Fin_sp"": 0.0233}",False,known,False,no_recovery,,0.8226427734047899,5971.0,33.331419299996924
pump_degrade,"{""pump_degrade_factor"": 0.2}",101,True,2029.0,level_error_large(|L_meas-L_sp|>0.7),SAFE,"{""T_sp"": 310.0, ""L_sp"": 10.0, ""Fin_sp"": 0.0183}",False,known,False,no_recovery,,0.8226427734047899,5971.0,32.75316889997339
pump_degrade,"{""pump_degrade_factor"": 0.2}",101,True,2029.0,level_error_large(|L_meas-L_sp|>0.7),SAFE,"{""T_sp"": 310.0, ""L_sp"": 10.0, ""Fin_sp"": 0.0133}",False,known,False,slow_recovery,855.0,0.10651482163791659,5971.0,30.77256809998653
pump_degrade,"{""pump_degrade_factor"": 0.2}",101,True,2029.0,level_error_large(|L_meas-L_sp|>0.7),SAFE,"{""T_sp"": 310.0, ""L_sp"": 10.0, ""Fin_sp"": 0.0083}",False,known,True,,119.0,0.001339809077206498,5971.0,32.63859869999578
pump_degrade,"{""pump_degrade_factor"": 0.2}",101,True,2029.0,level_error_large(|L_meas-L_sp|>0.7),SAFE,"{""T_sp"": 309.0, ""L_sp"": 10.0, ""Fin_sp"": 0.0333}",False,known,False,no_recovery,,0.8226427734047899,5971.0,32.594706799980486
pump_degrade,"{""pump_degrade_factor"": 0.2}",101,True,2029.0,level_error_large(|L_meas-L_sp|>0.7),SAFE,"{""T_sp"": 309.0, ""L_sp"": 10.0, ""Fin_sp"": 0.0283}",False,known,False,no_recovery,,0.8226427734047899,5971.0,25.05307100000209
pump_degrade,"{""pump_degrade_factor"": 0.2}",101,True,2029.0,level_error_large(|L_meas-L_sp|>0.7),SAFE,"{""T_sp"": 309.0, ""L_sp"": 10.0, ""Fin_sp"": 0.0233}",False,known,False,no_recovery,,0.8226427734047899,5971.0,17.22549159999471
pump_degrade,"{""pump_degrade_factor"": 0.2}",101,True,2029.0,level_error_large(|L_meas-L_sp|>0.7),SAFE,"{""T_sp"": 309.0, ""L_sp"": 10.0, ""Fin_sp"": 0.0183}",False,known,False,no_recovery,,0.8226427734047899,5971.0,17.396784000011394
pump_degrade,"{""pump_degrade_factor"": 0.2}",101,True,2029.0,level_error_large(|L_meas-L_sp|>0.7),SAFE,"{""T_sp"": 309.0, ""L_sp"": 10.0, ""Fin_sp"": 0.0133}",False,known,False,slow_recovery,852.0,0.09680120582816949,5971.0,17.556886300008046
pump_degrade,"{""pump_degrade_factor"": 0.2}",101,True,2029.0,level_error_large(|L_meas-L_sp|>0.7),SAFE,"{""T_sp"": 309.0, ""L_sp"": 10.0, ""Fin_sp"": 0.0083}",False,known,True,,119.0,0.00016747613465081226,5971.0,17.126939900015714
pump_degrade,"{""pump_degrade_factor"": 0.2}",101,True,2029.0,level_error_large(|L_meas-L_sp|>0.7),SAFE,"{""T_sp"": 310.0, ""L_sp"": 9.0, ""Fin_sp"": 0.0333}",False,known,False,no_recovery,,0.8226427734047899,5971.0,17.830969900009222
pump_degrade,"{""pump_degrade_factor"": 0.2}",101,True,2029.0,level_error_large(|L_meas-L_sp|>0.7),SAFE,"{""T_sp"": 310.0, ""L_sp"": 9.0, ""Fin_sp"": 0.0233}",False,known,False,no_recovery,,0.8226427734047899,5971.0,17.72941489997902
pump_degrade,"{""pump_degrade_factor"": 0.2}",101,True,2029.0,level_error_large(|L_meas-L_sp|>0.7),SAFE,"{""T_sp"": 310.0, ""L_sp"": 8.0, ""Fin_sp"": 0.0333}",False,known,False,no_recovery,,0.8226427734047899,5971.0,15.35846180000226
pump_degrade,"{""pump_degrade_factor"": 0.2}",101,True,2029.0,level_error_large(|L_meas-L_sp|>0.7),SAFE,"{""T_sp"": 310.0, ""L_sp"": 8.0, ""Fin_sp"": 0.0233}",False,known,False,no_recovery,,0.8226427734047899,5971.0,17.643293800007086
pump_degrade,"{""pump_degrade_factor"": 0.2}",303,True,2029.0,level_error_large(|L_meas-L_sp|>0.7),SAFE,"{""T_sp"": 310.0, ""L_sp"": 10.0, ""Fin_sp"": 0.0333}",True,known,False,no_recovery,,0.8226427734047899,5971.0,29.17925169999944
pump_degrade,"{""pump_degrade_factor"": 0.2}",303,True,2029.0,level_error_large(|L_meas-L_sp|>0.7),SAFE,"{""T_sp"": 310.0, ""L_sp"": 10.0, ""Fin_sp"": 0.0283}",False,known,False,no_recovery,,0.8226427734047899,5971.0,33.15460120001808
pump_degrade,"{""pump_degrade_factor"": 0.2}",303,True,2029.0,level_error_large(|L_meas-L_sp|>0.7),SAFE,"{""T_sp"": 310.0, ""L_sp"": 10.0, ""Fin_sp"": 0.0233}",False,known,False,no_recovery,,0.8226427734047899,5971.0,31.71223830000963
pump_degrade,"{""pump_degrade_factor"": 0.2}",303,True,2029.0,level_error_large(|L_meas-L_sp|>0.7),SAFE,"{""T_sp"": 310.0, ""L_sp"": 10.0, ""Fin_sp"": 0.0183}",False,known,False,no_recovery,,0.8226427734047899,5971.0,33.12974430000759
pump_degrade,"{""pump_degrade_factor"": 0.2}",303,True,2029.0,level_error_large(|L_meas-L_sp|>0.7),SAFE,"{""T_sp"": 310.0, ""L_sp"": 10.0, ""Fin_sp"": 0.0133}",False,known,False,slow_recovery,858.0,0.10768715458047229,5971.0,33.384613200003514
pump_degrade,"{""pump_degrade_factor"": 0.2}",303,True,2029.0,level_error_large(|L_meas-L_sp|>0.7),SAFE,"{""T_sp"": 310.0, ""L_sp"": 10.0, ""Fin_sp"": 0.0083}",False,known,True,,119.0,0.0015072852118573103,5971.0,31.32455350001692
pump_degrade,"{""pump_degrade_factor"": 0.2}",303,True,2029.0,level_error_large(|L_meas-L_sp|>0.7),SAFE,"{""T_sp"": 309.0, ""L_sp"": 10.0, ""Fin_sp"": 0.0333}",False,known,False,no_recovery,,0.8226427734047899,5971.0,17.536279699997976
pump_degrade,"{""pump_degrade_factor"": 0.2}",303,True,2029.0,level_error_large(|L_meas-L_sp|>0.7),SAFE,"{""T_sp"": 309.0, ""L_sp"": 10.0, ""Fin_sp"": 0.0283}",False,known,False,no_recovery,,0.8226427734047899,5971.0,17.009482900000876
pump_degrade,"{""pump_degrade_factor"": 0.2}",303,True,2029.0,level_error_large(|L_meas-L_sp|>0.7),SAFE,"{""T_sp"": 309.0, ""L_sp"": 10.0, ""Fin_sp"": 0.0233}",False,known,False,no_recovery,,0.8226427734047899,5971.0,17.720088900008705
pump_degrade,"{""pump_degrade_factor"": 0.2}",303,True,2029.0,level_error_large(|L_meas-L_sp|>0.7),SAFE,"{""T_sp"": 309.0, ""L_sp"": 10.0, ""Fin_sp"": 0.0183}",False,known,False,no_recovery,,0.8226427734047899,5971.0,17.94140080001671
pump_degrade,"{""pump_degrade_factor"": 0.2}",303,True,2029.0,level_error_large(|L_meas-L_sp|>0.7),SAFE,"{""T_sp"": 309.0, ""L_sp"": 10.0, ""Fin_sp"": 0.0133}",False,known,False,slow_recovery,855.0,0.09395411153910568,5971.0,16.972615900012897
pump_degrade,"{""pump_degrade_factor"": 0.2}",303,True,2029.0,level_error_large(|L_meas-L_sp|>0.7),SAFE,"{""T_sp"": 309.0, ""L_sp"": 10.0, ""Fin_sp"": 0.0083}",False,known,True,,119.0,0.0,5971.0,17.671999299986055
pump_degrade,"{""pump_degrade_factor"": 0.2}",303,True,2029.0,level_error_large(|L_meas-L_sp|>0.7),SAFE,"{""T_sp"": 310.0, ""L_sp"": 9.0, ""Fin_sp"": 0.0333}",False,known,False,no_recovery,,0.8226427734047899,5971.0,14.835597700002836
pump_degrade,"{""pump_degrade_factor"": 0.2}",303,True,2029.0,level_error_large(|L_meas-L_sp|>0.7),SAFE,"{""T_sp"": 310.0, ""L_sp"": 9.0, ""Fin_sp"": 0.0233}",False,known,False,no_recovery,,0.8226427734047899,5971.0,18.20722380001098
pump_degrade,"{""pump_degrade_factor"": 0.2}",303,True,2029.0,level_error_large(|L_meas-L_sp|>0.7),SAFE,"{""T_sp"": 310.0, ""L_sp"": 8.0, ""Fin_sp"": 0.0333}",False,known,False,no_recovery,,0.8226427734047899,5971.0,16.994301099999575
pump_degrade,"{""pump_degrade_factor"": 0.2}",303,True,2029.0,level_error_large(|L_meas-L_sp|>0.7),SAFE,"{""T_sp"": 310.0, ""L_sp"": 8.0, ""Fin_sp"": 0.0233}",False,known,False,no_recovery,,0.8226427734047899,5971.0,17.048450200003572
pump_degrade,"{""pump_degrade_factor"": 0.2}",202,True,2029.0,level_error_large(|L_meas-L_sp|>0.7),SAFE,"{""T_sp"": 310.0, ""L_sp"": 10.0, ""Fin_sp"": 0.0333}",True,known,False,no_recovery,,0.8226427734047899,5971.0,34.89533420000225
pump_degrade,"{""pump_degrade_factor"": 0.2}",202,True,2029.0,level_error_large(|L_meas-L_sp|>0.7),SAFE,"{""T_sp"": 310.0, ""L_sp"": 10.0, ""Fin_sp"": 0.0283}",False,known,False,no_recovery,,0.8226427734047899,5971.0,33.923595299973385
pump_degrade,"{""pump_degrade_factor"": 0.2}",202,True,2029.0,level_error_large(|L_meas-L_sp|>0.7),SAFE,"{""T_sp"": 310.0, ""L_sp"": 10.0, ""Fin_sp"": 0.0233}",False,known,False,no_recovery,,0.8226427734047899,5971.0,34.105559299991
pump_degrade,"{""pump_degrade_factor"": 0.2}",202,True,2029.0,level_error_large(|L_meas-L_sp|>0.7),SAFE,"{""T_sp"": 310.0, ""L_sp"": 10.0, ""Fin_sp"": 0.0183}",False,known,False,no_recovery,,0.8226427734047899,5971.0,32.04437020001933
pump_degrade,"{""pump_degrade_factor"": 0.2}",202,True,2029.0,level_error_large(|L_meas-L_sp|>0.7),SAFE,"{""T_sp"": 310.0, ""L_sp"": 10.0, ""Fin_sp"": 0.0133}",False,known,False,slow_recovery,853.0,0.10751967844582147,5971.0,32.59813570001279
pump_degrade,"{""pump_degrade_factor"": 0.2}",202,True,2029.0,level_error_large(|L_meas-L_sp|>0.7),SAFE,"{""T_sp"": 310.0, ""L_sp"": 10.0, ""Fin_sp"": 0.0083}",False,known,True,,119.0,0.0023446658851113715,5971.0,28.185711700003594
pump_degrade,"{""pump_degrade_factor"": 0.2}",202,True,2029.0,level_error_large(|L_meas-L_sp|>0.7),SAFE,"{""T_sp"": 309.0, ""L_sp"": 10.0, ""Fin_sp"": 0.0333}",False,known,False,no_recovery,,0.8226427734047899,5971.0,15.601489499997115
pump_degrade,"{""pump_degrade_factor"": 0.2}",202,True,2029.0,level_error_large(|L_meas-L_sp|>0.7),SAFE,"{""T_sp"": 309.0, ""L_sp"": 10.0, ""Fin_sp"": 0.0283}",False,known,False,no_recovery,,0.8226427734047899,5971.0,17.5563224000216
pump_degrade,"{""pump_degrade_factor"": 0.2}",202,True,2029.0,level_error_large(|L_meas-L_sp|>0.7),SAFE,"{""T_sp"": 309.0, ""L_sp"": 10.0, ""Fin_sp"": 0.0233}",False,known,False,no_recovery,,0.8226427734047899,5971.0,17.524018099997193
pump_degrade,"{""pump_degrade_factor"": 0.2}",202,True,2029.0,level_error_large(|L_meas-L_sp|>0.7),SAFE,"{""T_sp"": 309.0, ""L_sp"": 10.0, ""Fin_sp"": 0.0183}",False,known,False,no_recovery,,0.8226427734047899,5971.0,17.22894620001898
pump_degrade,"{""pump_degrade_factor"": 0.2}",202,True,2029.0,level_error_large(|L_meas-L_sp|>0.7),SAFE,"{""T_sp"": 309.0, ""L_sp"": 10.0, ""Fin_sp"": 0.0133}",False,known,False,slow_recovery,853.0,0.0983084910400268,5971.0,17.379146699997364
pump_degrade,"{""pump_degrade_factor"": 0.2}",202,True,2029.0,level_error_large(|L_meas-L_sp|>0.7),SAFE,"{""T_sp"": 309.0, ""L_sp"": 10.0, ""Fin_sp"": 0.0083}",False,known,True,,119.0,0.0,5971.0,17.49693979998119
pump_degrade,"{""pump_degrade_factor"": 0.2}",202,True,2029.0,level_error_large(|L_meas-L_sp|>0.7),SAFE,"{""T_sp"": 310.0, ""L_sp"": 9.0, ""Fin_sp"": 0.0333}",False,known,False,no_recovery,,0.8226427734047899,5971.0,15.92606669999077
pump_degrade,"{""pump_degrade_factor"": 0.2}",202,True,2029.0,level_error_large(|L_meas-L_sp|>0.7),SAFE,"{""T_sp"": 310.0, ""L_sp"": 9.0, ""Fin_sp"": 0.0233}",False,known,False,no_recovery,,0.8226427734047899,5971.0,18.37688260001596
pump_degrade,"{""pump_degrade_factor"": 0.2}",202,True,2029.0,level_error_large(|L_meas-L_sp|>0.7),SAFE,"{""T_sp"": 310.0, ""L_sp"": 8.0, ""Fin_sp"": 0.0333}",False,known,False,no_recovery,,0.8226427734047899,5971.0,17.77409799999441
pump_degrade,"{""pump_degrade_factor"": 0.2}",202,True,2029.0,level_error_large(|L_meas-L_sp|>0.7),SAFE,"{""T_sp"": 310.0, ""L_sp"": 8.0, ""Fin_sp"": 0.0233}",False,known,False,no_recovery,,0.8226427734047899,5971.0,15.87502060001134
pump_degrade,"{""pump_degrade_factor"": 0.1}",101,True,2025.0,level_error_large(|L_meas-L_sp|>0.7),SAFE,"{""T_sp"": 310.0, ""L_sp"": 10.0, ""Fin_sp"": 0.0333}",True,known,False,no_recovery,,0.8227615062761506,5975.0,34.809307199990144
pump_degrade,"{""pump_degrade_factor"": 0.1}",101,True,2025.0,level_error_large(|L_meas-L_sp|>0.7),SAFE,"{""T_sp"": 310.0, ""L_sp"": 10.0, ""Fin_sp"": 0.0283}",False,known,False,no_recovery,,0.8227615062761506,5975.0,32.900962400017306
pump_degrade,"{""pump_degrade_factor"": 0.1}",101,True,2025.0,level_error_large(|L_meas-L_sp|>0.7),SAFE,"{""T_sp"": 310.0, ""L_sp"": 10.0, ""Fin_sp"": 0.0233}",False,known,False,no_recovery,,0.8227615062761506,5975.0,32.382351899985224
pump_degrade,"{""pump_degrade_factor"": 0.1}",101,True,2025.0,level_error_large(|L_meas-L_sp|>0.7),SAFE,"{""T_sp"": 310.0, ""L_sp"": 10.0, ""Fin_sp"": 0.0183}",False,known,False,no_recovery,,0.8227615062761506,5975.0,33.0921890999889
pump_degrade,"{""pump_degrade_factor"": 0.1}",101,True,2025.0,level_error_large(|L_meas-L_sp|>0.7),SAFE,"{""T_sp"": 310.0, ""L_sp"": 10.0, ""Fin_sp"": 0.0133}",False,known,False,no_recovery,,0.8227615062761506,5975.0,30.855770900001517
pump_degrade,"{""pump_degrade_factor"": 0.1}",101,True,2025.0,level_error_large(|L_meas-L_sp|>0.7),SAFE,"{""T_sp"": 310.0, ""L_sp"": 10.0, ""Fin_sp"": 0.0083}",False,known,False,no_recovery,,0.8227615062761506,5975.0,23.76615340000717
pump_degrade,"{""pump_degrade_factor"": 0.1}",101,True,2025.0,level_error_large(|L_meas-L_sp|>0.7),SAFE,"{""T_sp"": 309.0, ""L_sp"": 10.0, ""Fin_sp"": 0.0333}",False,known,False,no_recovery,,0.8227615062761506,5975.0,17.13272860000143
pump_degrade,"{""pump_degrade_factor"": 0.1}",101,True,2025.0,level_error_large(|L_meas-L_sp|>0.7),SAFE,"{""T_sp"": 309.0, ""L_sp"": 10.0, ""Fin_sp"": 0.0283}",False,known,False,no_recovery,,0.8227615062761506,5975.0,17.488917199982097
pump_degrade,"{""pump_degrade_factor"": 0.1}",101,True,2025.0,level_error_large(|L_meas-L_sp|>0.7),SAFE,"{""T_sp"": 309.0, ""L_sp"": 10.0, ""Fin_sp"": 0.0233}",False,known,False,no_recovery,,0.8227615062761506,5975.0,17.342115200008266
pump_degrade,"{""pump_degrade_factor"": 0.1}",101,True,2025.0,level_error_large(|L_meas-L_sp|>0.7),SAFE,"{""T_sp"": 309.0, ""L_sp"": 10.0, ""Fin_sp"": 0.0183}",False,known,False,no_recovery,,0.8227615062761506,5975.0,16.86807910000789
pump_degrade,"{""pump_degrade_factor"": 0.1}",101,True,2025.0,level_error_large(|L_meas-L_sp|>0.7),SAFE,"{""T_sp"": 309.0, ""L_sp"": 10.0, ""Fin_sp"": 0.0133}",False,known,False,no_recovery,,0.8227615062761506,5975.0,17.646617999998853
pump_degrade,"{""pump_degrade_factor"": 0.1}",101,True,2025.0,level_error_large(|L_meas-L_sp|>0.7),SAFE,"{""T_sp"": 309.0, ""L_sp"": 10.0, ""Fin_sp"": 0.0083}",False,known,False,no_recovery,,0.8227615062761506,5975.0,16.517000000021653
pump_degrade,"{""pump_degrade_factor"": 0.1}",101,True,2025.0,level_error_large(|L_meas-L_sp|>0.7),SAFE,"{""T_sp"": 310.0, ""L_sp"": 9.0, ""Fin_sp"": 0.0333}",False,known,False,no_recovery,,0.8227615062761506,5975.0,16.210637199983466
pump_degrade,"{""pump_degrade_factor"": 0.1}",101,True,2025.0,level_error_large(|L_meas-L_sp|>0.7),SAFE,"{""T_sp"": 310.0, ""L_sp"": 9.0, ""Fin_sp"": 0.0233}",False,known,False,no_recovery,,0.8227615062761506,5975.0,18.449141299992334
pump_degrade,"{""pump_degrade_factor"": 0.1}",101,True,2025.0,level_error_large(|L_meas-L_sp|>0.7),SAFE,"{""T_sp"": 310.0, ""L_sp"": 8.0, ""Fin_sp"": 0.0333}",False,known,False,no_recovery,,0.8227615062761506,5975.0,17.519757700007176
pump_degrade,"{""pump_degrade_factor"": 0.1}",101,True,2025.0,level_error_large(|L_meas-L_sp|>0.7),SAFE,"{""T_sp"": 310.0, ""L_sp"": 8.0, ""Fin_sp"": 0.0233}",False,known,False,no_recovery,,0.8227615062761506,5975.0,14.668938099988736
pump_degrade,"{""pump_degrade_factor"": 0.1}",202,True,2025.0,level_error_large(|L_meas-L_sp|>0.7),SAFE,"{""T_sp"": 310.0, ""L_sp"": 10.0, ""Fin_sp"": 0.0333}",True,known,False,no_recovery,,0.8227615062761506,5975.0,33.70248680000077
pump_degrade,"{""pump_degrade_factor"": 0.1}",202,True,2025.0,level_error_large(|L_meas-L_sp|>0.7),SAFE,"{""T_sp"": 310.0, ""L_sp"": 10.0, ""Fin_sp"": 0.0283}",False,known,False,no_recovery,,0.8227615062761506,5975.0,31.77119749999838
pump_degrade,"{""pump_degrade_factor"": 0.1}",202,True,2025.0,level_error_large(|L_meas-L_sp|>0.7),SAFE,"{""T_sp"": 310.0, ""L_sp"": 10.0, ""Fin_sp"": 0.0233}",False,known,False,no_recovery,,0.8227615062761506,5975.0,33.85893670000951
pump_degrade,"{""pump_degrade_factor"": 0.1}",202,True,2025.0,level_error_large(|L_meas-L_sp|>0.7),SAFE,"{""T_sp"": 310.0, ""L_sp"": 10.0, ""Fin_sp"": 0.0183}",False,known,False,no_recovery,,0.8227615062761506,5975.0,33.13979509999626
pump_degrade,"{""pump_degrade_factor"": 0.1}",202,True,2025.0,level_error_large(|L_meas-L_sp|>0.7),SAFE,"{""T_sp"": 310.0, ""L_sp"": 10.0, ""Fin_sp"": 0.0133}",False,known,False,no_recovery,,0.8227615062761506,5975.0,21.90927260002354
pump_degrade,"{""pump_degrade_factor"": 0.1}",202,True,2025.0,level_error_large(|L_meas-L_sp|>0.7),SAFE,"{""T_sp"": 310.0, ""L_sp"": 10.0, ""Fin_sp"": 0.0083}",False,known,False,no_recovery,,0.8227615062761506,5975.0,16.544381100015016
pump_degrade,"{""pump_degrade_factor"": 0.1}",202,True,2025.0,level_error_large(|L_meas-L_sp|>0.7),SAFE,"{""T_sp"": 309.0, ""L_sp"": 10.0, ""Fin_sp"": 0.0333}",False,known,False,no_recovery,,0.8227615062761506,5975.0,17.53157199997804
pump_degrade,"{""pump_degrade_factor"": 0.1}",202,True,2025.0,level_error_large(|L_meas-L_sp|>0.7),SAFE,"{""T_sp"": 309.0, ""L_sp"": 10.0, ""Fin_sp"": 0.0283}",False,known,False,no_recovery,,0.8227615062761506,5975.0,17.590491499984637
pump_degrade,"{""pump_degrade_factor"": 0.1}",202,True,2025.0,level_error_large(|L_meas-L_sp|>0.7),SAFE,"{""T_sp"": 309.0, ""L_sp"": 10.0, ""Fin_sp"": 0.0233}",False,known,False,no_recovery,,0.8227615062761506,5975.0,17.37811290001264
pump_degrade,"{""pump_degrade_factor"": 0.1}",202,True,2025.0,level_error_large(|L_meas-L_sp|>0.7),SAFE,"{""T_sp"": 309.0, ""L_sp"": 10.0, ""Fin_sp"": 0.0183}",False,known,False,no_recovery,,0.8227615062761506,5975.0,18.40263190001133
pump_degrade,"{""pump_degrade_factor"": 0.1}",202,True,2025.0,level_error_large(|L_meas-L_sp|>0.7),SAFE,"{""T_sp"": 309.0, ""L_sp"": 10.0, ""Fin_sp"": 0.0133}",False,known,False,no_recovery,,0.8227615062761506,5975.0,16.26332800000091
pump_degrade,"{""pump_degrade_factor"": 0.1}",202,True,2025.0,level_error_large(|L_meas-L_sp|>0.7),SAFE,"{""T_sp"": 309.0, ""L_sp"": 10.0, ""Fin_sp"": 0.0083}",False,known,False,no_recovery,,0.8227615062761506,5975.0,16.310124699986773
pump_degrade,"{""pump_degrade_factor"": 0.1}",202,True,2025.0,level_error_large(|L_meas-L_sp|>0.7),SAFE,"{""T_sp"": 310.0, ""L_sp"": 9.0, ""Fin_sp"": 0.0333}",False,known,False,no_recovery,,0.8227615062761506,5975.0,19.091632800002117
pump_degrade,"{""pump_degrade_factor"": 0.1}",202,True,2025.0,level_error_large(|L_meas-L_sp|>0.7),SAFE,"{""T_sp"": 310.0, ""L_sp"": 9.0, ""Fin_sp"": 0.0233}",False,known,False,no_recovery,,0.8227615062761506,5975.0,18.414627699996345
pump_degrade,"{""pump_degrade_factor"": 0.1}",202,True,2025.0,level_error_large(|L_meas-L_sp|>0.7),SAFE,"{""T_sp"": 310.0, ""L_sp"": 8.0, ""Fin_sp"": 0.0333}",False,known,False,no_recovery,,0.8227615062761506,5975.0,15.307709099986823
pump_degrade,"{""pump_degrade_factor"": 0.1}",202,True,2025.0,level_error_large(|L_meas-L_sp|>0.7),SAFE,"{""T_sp"": 310.0, ""L_sp"": 8.0, ""Fin_sp"": 0.0233}",False,known,False,no_recovery,,0.8227615062761506,5975.0,17.411546599993017
pump_degrade,"{""pump_degrade_factor"": 0.1}",303,True,2025.0,level_error_large(|L_meas-L_sp|>0.7),SAFE,"{""T_sp"": 310.0, ""L_sp"": 10.0, ""Fin_sp"": 0.0333}",True,known,False,no_recovery,,0.8227615062761506,5975.0,32.67975900002057
pump_degrade,"{""pump_degrade_factor"": 0.1}",303,True,2025.0,level_error_large(|L_meas-L_sp|>0.7),SAFE,"{""T_sp"": 310.0, ""L_sp"": 10.0, ""Fin_sp"": 0.0283}",False,known,False,no_recovery,,0.8227615062761506,5975.0,33.44897320002201
pump_degrade,"{""pump_degrade_factor"": 0.1}",303,True,2025.0,level_error_large(|L_meas-L_sp|>0.7),SAFE,"{""T_sp"": 310.0, ""L_sp"": 10.0, ""Fin_sp"": 0.0233}",False,known,False,no_recovery,,0.8227615062761506,5975.0,32.63354479998816
pump_degrade,"{""pump_degrade_factor"": 0.1}",303,True,2025.0,level_error_large(|L_meas-L_sp|>0.7),SAFE,"{""T_sp"": 310.0, ""L_sp"": 10.0, ""Fin_sp"": 0.0183}",False,known,False,no_recovery,,0.8227615062761506,5975.0,24.572445500001777
pump_degrade,"{""pump_degrade_factor"": 0.1}",303,True,2025.0,level_error_large(|L_meas-L_sp|>0.7),SAFE,"{""T_sp"": 310.0, ""L_sp"": 10.0, ""Fin_sp"": 0.0133}",False,known,False,no_recovery,,0.8227615062761506,5975.0,17.337565999972867
pump_degrade,"{""pump_degrade_factor"": 0.1}",303,True,2025.0,level_error_large(|L_meas-L_sp|>0.7),SAFE,"{""T_sp"": 310.0, ""L_sp"": 10.0, ""Fin_sp"": 0.0083}",False,known,False,no_recovery,,0.8227615062761506,5975.0,17.101695599994855
pump_degrade,"{""pump_degrade_factor"": 0.1}",303,True,2025.0,level_error_large(|L_meas-L_sp|>0.7),SAFE,"{""T_sp"": 309.0, ""L_sp"": 10.0, ""Fin_sp"": 0.0333}",False,known,False,no_recovery,,0.8227615062761506,5975.0,17.637237399991136
pump_degrade,"{""pump_degrade_factor"": 0.1}",303,True,2025.0,level_error_large(|L_meas-L_sp|>0.7),SAFE,"{""T_sp"": 309.0, ""L_sp"": 10.0, ""Fin_sp"": 0.0283}",False,known,False,no_recovery,,0.8227615062761506,5975.0,16.554625499993563
pump_degrade,"{""pump_degrade_factor"": 0.1}",303,True,2025.0,level_error_large(|L_meas-L_sp|>0.7),SAFE,"{""T_sp"": 309.0, ""L_sp"": 10.0, ""Fin_sp"": 0.0233}",False,known,False,no_recovery,,0.8227615062761506,5975.0,17.63535639998736
pump_degrade,"{""pump_degrade_factor"": 0.1}",303,True,2025.0,level_error_large(|L_meas-L_sp|>0.7),SAFE,"{""T_sp"": 309.0, ""L_sp"": 10.0, ""Fin_sp"": 0.0183}",False,known,False,no_recovery,,0.8227615062761506,5975.0,16.628297599992948
pump_degrade,"{""pump_degrade_factor"": 0.1}",303,True,2025.0,level_error_large(|L_meas-L_sp|>0.7),SAFE,"{""T_sp"": 309.0, ""L_sp"": 10.0, ""Fin_sp"": 0.0133}",False,known,False,no_recovery,,0.8227615062761506,5975.0,15.497149899980286
pump_degrade,"{""pump_degrade_factor"": 0.1}",303,True,2025.0,level_error_large(|L_meas-L_sp|>0.7),SAFE,"{""T_sp"": 309.0, ""L_sp"": 10.0, ""Fin_sp"": 0.0083}",False,known,False,no_recovery,,0.8227615062761506,5975.0,17.82876179998857
pump_degrade,"{""pump_degrade_factor"": 0.1}",303,True,2025.0,level_error_large(|L_meas-L_sp|>0.7),SAFE,"{""T_sp"": 310.0, ""L_sp"": 9.0, ""Fin_sp"": 0.0333}",False,known,False,no_recovery,,0.8227615062761506,5975.0,18.160535300004994
pump_degrade,"{""pump_degrade_factor"": 0.1}",303,True,2025.0,level_error_large(|L_meas-L_sp|>0.7),SAFE,"{""T_sp"": 310.0, ""L_sp"": 9.0, ""Fin_sp"": 0.0233}",False,known,False,no_recovery,,0.8227615062761506,5975.0,14.46266430002288
pump_degrade,"{""pump_degrade_factor"": 0.1}",303,True,2025.0,level_error_large(|L_meas-L_sp|>0.7),SAFE,"{""T_sp"": 310.0, ""L_sp"": 8.0, ""Fin_sp"": 0.0333}",False,known,False,no_recovery,,0.8227615062761506,5975.0,16.357693700003438
pump_degrade,"{""pump_degrade_factor"": 0.1}",303,True,2025.0,level_error_large(|L_meas-L_sp|>0.7),SAFE,"{""T_sp"": 310.0, ""L_sp"": 8.0, ""Fin_sp"": 0.0233}",False,known,False,no_recovery,,0.8227615062761506,5975.0,16.668766199989477
outlet_block,"{""outlet_block_factor"": 0.8}",101,False,,,,,,,,,,,,
cool_stuck_closed,"{""stuck_opening"": 0.4}",202,True,2157.0,T_meas_error>2.0,SAFE,"{""T_sp"": 310.0, ""L_sp"": 10.0, ""Fin_sp"": 0.0333}",True,known,False,no_recovery,,0.30686291288721546,5843.0,32.463436799997
cool_stuck_closed,"{""stuck_opening"": 0.4}",202,True,2157.0,T_meas_error>2.0,SAFE,"{""T_sp"": 310.0, ""L_sp"": 10.0, ""Fin_sp"": 0.0283}",False,known,True,,119.0,0.0,5843.0,15.649583799997345
cool_stuck_closed,"{""stuck_opening"": 0.4}",202,True,2157.0,T_meas_error>2.0,SAFE,"{""T_sp"": 310.0, ""L_sp"": 10.0, ""Fin_sp"": 0.0233}",False,known,True,,119.0,0.0,5843.0,16.428414300025906
cool_stuck_closed,"{""stuck_opening"": 0.4}",202,True,2157.0,T_meas_error>2.0,SAFE,"{""T_sp"": 310.0, ""L_sp"": 10.0, ""Fin_sp"": 0.0183}",False,known,True,,119.0,0.0,5843.0,16.568238600011682
cool_stuck_closed,"{""stuck_opening"": 0.4}",202,True,2157.0,T_meas_error>2.0,SAFE,"{""T_sp"": 310.0, ""L_sp"": 10.0, ""Fin_sp"": 0.0133}",False,known,True,,119.0,0.0,5843.0,18.211350099998526
cool_stuck_closed,"{""stuck_opening"": 0.4}",202,True,2157.0,T_meas_error>2.0,SAFE,"{""T_sp"": 310.0, ""L_sp"": 10.0, ""Fin_sp"": 0.0083}",False,known,True,,119.0,0.0,5843.0,16.270186600013403
cool_stuck_closed,"{""stuck_opening"": 0.4}",202,True,2157.0,T_meas_error>2.0,SAFE,"{""T_sp"": 309.0, ""L_sp"": 10.0, ""Fin_sp"": 0.0333}",False,known,False,no_recovery,,0.30686291288721546,5843.0,17.59361439998611
cool_stuck_closed,"{""stuck_opening"": 0.4}",202,True,2157.0,T_meas_error>2.0,SAFE,"{""T_sp"": 309.0, ""L_sp"": 10.0, ""Fin_sp"": 0.0283}",False,known,True,,119.0,0.0,5843.0,15.346934200002579
cool_stuck_closed,"{""stuck_opening"": 0.4}",202,True,2157.0,T_meas_error>2.0,SAFE,"{""T_sp"": 309.0, ""L_sp"": 10.0, ""Fin_sp"": 0.0233}",False,known,True,,119.0,0.0,5843.0,15.389468300010776
cool_stuck_closed,"{""stuck_opening"": 0.4}",202,True,2157.0,T_meas_error>2.0,SAFE,"{""T_sp"": 309.0, ""L_sp"": 10.0, ""Fin_sp"": 0.0183}",False,known,True,,119.0,0.0,5843.0,17.13828139999532
cool_stuck_closed,"{""stuck_opening"": 0.4}",202,True,2157.0,T_meas_error>2.0,SAFE,"{""T_sp"": 309.0, ""L_sp"": 10.0, ""Fin_sp"": 0.0133}",False,known,True,,119.0,0.0,5843.0,18.478466800006572
cool_stuck_closed,"{""stuck_opening"": 0.4}",202,True,2157.0,T_meas_error>2.0,SAFE,"{""T_sp"": 309.0, ""L_sp"": 10.0, ""Fin_sp"": 0.0083}",False,known,True,,119.0,0.0,5843.0,14.032963300007395
cool_stuck_closed,"{""stuck_opening"": 0.4}",202,True,2157.0,T_meas_error>2.0,SAFE,"{""T_sp"": 310.0, ""L_sp"": 9.0, ""Fin_sp"": 0.0333}",False,known,False,no_recovery,,0.30960123224371044,5843.0,16.07215759999235
cool_stuck_closed,"{""stuck_opening"": 0.4}",202,True,2157.0,T_meas_error>2.0,SAFE,"{""T_sp"": 310.0, ""L_sp"": 9.0, ""Fin_sp"": 0.0233}",False,known,True,,119.0,0.0,5843.0,16.60746620001737
cool_stuck_closed,"{""stuck_opening"": 0.4}",202,True,2157.0,T_meas_error>2.0,SAFE,"{""T_sp"": 310.0, ""L_sp"": 8.0, ""Fin_sp"": 0.0333}",False,known,False,no_recovery,,0.3113126818415198,5843.0,27.711203199985903
cool_stuck_closed,"{""stuck_opening"": 0.4}",202,True,2157.0,T_meas_error>2.0,SAFE,"{""T_sp"": 310.0, ""L_sp"": 8.0, ""Fin_sp"": 0.0233}",False,known,True,,119.0,0.0,5843.0,14.122474800009513
cool_stuck_closed,"{""stuck_opening"": 0.4}",101,True,2096.0,T_meas_error>2.0,SAFE,"{""T_sp"": 310.0, ""L_sp"": 10.0, ""Fin_sp"": 0.0333}",True,known,False,no_recovery,,0.24000677506775067,5904.0,31.09849099998246
cool_stuck_closed,"{""stuck_opening"": 0.4}",101,True,2096.0,T_meas_error>2.0,SAFE,"{""T_sp"": 310.0, ""L_sp"": 10.0, ""Fin_sp"": 0.0283}",False,known,True,,119.0,0.0,5904.0,20.58318829999189
cool_stuck_closed,"{""stuck_opening"": 0.4}",101,True,2096.0,T_meas_error>2.0,SAFE,"{""T_sp"": 310.0, ""L_sp"": 10.0, ""Fin_sp"": 0.0233}",False,known,True,,119.0,0.0,5904.0,16.63797120001982
cool_stuck_closed,"{""stuck_opening"": 0.4}",101,True,2096.0,T_meas_error>2.0,SAFE,"{""T_sp"": 310.0, ""L_sp"": 10.0, ""Fin_sp"": 0.0183}",False,known,True,,119.0,0.0,5904.0,17.124459299986484
cool_stuck_closed,"{""stuck_opening"": 0.4}",101,True,2096.0,T_meas_error>2.0,SAFE,"{""T_sp"": 310.0, ""L_sp"": 10.0, ""Fin_sp"": 0.0133}",False,known,True,,119.0,0.0,5904.0,17.02774769999087
cool_stuck_closed,"{""stuck_opening"": 0.4}",101,True,2096.0,T_meas_error>2.0,SAFE,"{""T_sp"": 310.0, ""L_sp"": 10.0, ""Fin_sp"": 0.0083}",False,known,True,,119.0,0.0,5904.0,16.649139399989508
cool_stuck_closed,"{""stuck_opening"": 0.4}",101,True,2096.0,T_meas_error>2.0,SAFE,"{""T_sp"": 309.0, ""L_sp"": 10.0, ""Fin_sp"": 0.0333}",False,known,False,no_recovery,,0.24000677506775067,5904.0,17.52977130000363
cool_stuck_closed,"{""stuck_opening"": 0.4}",101,True,2096.0,T_meas_error>2.0,SAFE,"{""T_sp"": 309.0, ""L_sp"": 10.0, ""Fin_sp"": 0.0283}",False,known,True,,119.0,0.0,5904.0,17.418743799993536
cool_stuck_closed,"{""stuck_opening"": 0.4}",101,True,2096.0,T_meas_error>2.0,SAFE,"{""T_sp"": 309.0, ""L_sp"": 10.0, ""Fin_sp"": 0.0233}",False,known,True,,119.0,0.0,5904.0,15.99517979999655
cool_stuck_closed,"{""stuck_opening"": 0.4}",101,True,2096.0,T_meas_error>2.0,SAFE,"{""T_sp"": 309.0, ""L_sp"": 10.0, ""Fin_sp"": 0.0183}",False,known,True,,119.0,0.0,5904.0,17.64607230000547
cool_stuck_closed,"{""stuck_opening"": 0.4}",101,True,2096.0,T_meas_error>2.0,SAFE,"{""T_sp"": 309.0, ""L_sp"": 10.0, ""Fin_sp"": 0.0133}",False,known,True,,119.0,0.0,5904.0,18.150081900006626
cool_stuck_closed,"{""stuck_opening"": 0.4}",101,True,2096.0,T_meas_error>2.0,SAFE,"{""T_sp"": 309.0, ""L_sp"": 10.0, ""Fin_sp"": 0.0083}",False,known,True,,119.0,0.0,5904.0,14.75071249998291
cool_stuck_closed,"{""stuck_opening"": 0.4}",101,True,2096.0,T_meas_error>2.0,SAFE,"{""T_sp"": 310.0, ""L_sp"": 9.0, ""Fin_sp"": 0.0333}",False,known,False,slow_recovery,2814.0,0.24254742547425473,5904.0,17.178791600017576
cool_stuck_closed,"{""stuck_opening"": 0.4}",101,True,2096.0,T_meas_error>2.0,SAFE,"{""T_sp"": 310.0, ""L_sp"": 9.0, ""Fin_sp"": 0.0233}",False,known,True,,119.0,0.0,5904.0,17.562315799994394
cool_stuck_closed,"{""stuck_opening"": 0.4}",101,True,2096.0,T_meas_error>2.0,SAFE,"{""T_sp"": 310.0, ""L_sp"": 8.0, ""Fin_sp"": 0.0333}",False,known,False,slow_recovery,2814.0,0.2437330623306233,5904.0,28.25501520000398
cool_stuck_closed,"{""stuck_opening"": 0.4}",101,True,2096.0,T_meas_error>2.0,SAFE,"{""T_sp"": 310.0, ""L_sp"": 8.0, ""Fin_sp"": 0.0233}",False,known,True,,119.0,0.0,5904.0,13.689998199988622
outlet_block,"{""outlet_block_factor"": 0.8}",202,False,,,,,,,,,,,,
cool_stuck_closed,"{""stuck_opening"": 0.4}",303,True,2144.0,T_meas_error>2.0,SAFE,"{""T_sp"": 310.0, ""L_sp"": 10.0, ""Fin_sp"": 0.0333}",True,known,False,no_recovery,,0.22899590163934427,5856.0,23.244100899988553
cool_stuck_closed,"{""stuck_opening"": 0.4}",303,True,2144.0,T_meas_error>2.0,SAFE,"{""T_sp"": 310.0, ""L_sp"": 10.0, ""Fin_sp"": 0.0283}",False,known,True,,119.0,0.0,5856.0,15.769107800006168
cool_stuck_closed,"{""stuck_opening"": 0.4}",303,True,2144.0,T_meas_error>2.0,SAFE,"{""T_sp"": 310.0, ""L_sp"": 10.0, ""Fin_sp"": 0.0233}",False,known,True,,119.0,0.0,5856.0,16.88200979999965
cool_stuck_closed,"{""stuck_opening"": 0.4}",303,True,2144.0,T_meas_error>2.0,SAFE,"{""T_sp"": 310.0, ""L_sp"": 10.0, ""Fin_sp"": 0.0183}",False,known,True,,119.0,0.0,5856.0,17.000368299981346
cool_stuck_closed,"{""stuck_opening"": 0.4}",303,True,2144.0,T_meas_error>2.0,SAFE,"{""T_sp"": 310.0, ""L_sp"": 10.0, ""Fin_sp"": 0.0133}",False,known,True,,119.0,0.0,5856.0,16.6983545999974
cool_stuck_closed,"{""stuck_opening"": 0.4}",303,True,2144.0,T_meas_error>2.0,SAFE,"{""T_sp"": 310.0, ""L_sp"": 10.0, ""Fin_sp"": 0.0083}",False,known,True,,119.0,0.0,5856.0,16.788348200003384
cool_stuck_closed,"{""stuck_opening"": 0.4}",303,True,2144.0,T_meas_error>2.0,SAFE,"{""T_sp"": 309.0, ""L_sp"": 10.0, ""Fin_sp"": 0.0333}",False,known,False,no_recovery,,0.22899590163934427,5856.0,17.71325520001119
cool_stuck_closed,"{""stuck_opening"": 0.4}",303,True,2144.0,T_meas_error>2.0,SAFE,"{""T_sp"": 309.0, ""L_sp"": 10.0, ""Fin_sp"": 0.0283}",False,known,True,,119.0,0.0,5856.0,15.196564399986528
cool_stuck_closed,"{""stuck_opening"": 0.4}",303,True,2144.0,T_meas_error>2.0,SAFE,"{""T_sp"": 309.0, ""L_sp"": 10.0, ""Fin_sp"": 0.0233}",False,known,True,,119.0,0.0,5856.0,17.78360709999106
cool_stuck_closed,"{""stuck_opening"": 0.4}",303,True,2144.0,T_meas_error>2.0,SAFE,"{""T_sp"": 309.0, ""L_sp"": 10.0, ""Fin_sp"": 0.0183}",False,known,True,,119.0,0.0,5856.0,16.194168699992588
cool_stuck_closed,"{""stuck_opening"": 0.4}",303,True,2144.0,T_meas_error>2.0,SAFE,"{""T_sp"": 309.0, ""L_sp"": 10.0, ""Fin_sp"": 0.0133}",False,known,True,,119.0,0.0,5856.0,16.619583499996224
cool_stuck_closed,"{""stuck_opening"": 0.4}",303,True,2144.0,T_meas_error>2.0,SAFE,"{""T_sp"": 309.0, ""L_sp"": 10.0, ""Fin_sp"": 0.0083}",False,known,True,,119.0,0.0,5856.0,16.019143100013025
cool_stuck_closed,"{""stuck_opening"": 0.4}",303,True,2144.0,T_meas_error>2.0,SAFE,"{""T_sp"": 310.0, ""L_sp"": 9.0, ""Fin_sp"": 0.0333}",False,known,False,no_recovery,,0.22865437158469945,5856.0,16.981675700022606
cool_stuck_closed,"{""stuck_opening"": 0.4}",303,True,2144.0,T_meas_error>2.0,SAFE,"{""T_sp"": 310.0, ""L_sp"": 9.0, ""Fin_sp"": 0.0233}",False,known,True,,119.0,0.0,5856.0,23.37696190000861
cool_stuck_closed,"{""stuck_opening"": 0.4}",303,True,2144.0,T_meas_error>2.0,SAFE,"{""T_sp"": 310.0, ""L_sp"": 8.0, ""Fin_sp"": 0.0333}",False,known,False,no_recovery,,0.23087431693989072,5856.0,19.836438300000736
cool_stuck_closed,"{""stuck_opening"": 0.4}",303,True,2144.0,T_meas_error>2.0,SAFE,"{""T_sp"": 310.0, ""L_sp"": 8.0, ""Fin_sp"": 0.0233}",False,known,True,,119.0,0.0,5856.0,21.54757189998054
cool_stuck_closed,"{""stuck_opening"": 0.3}",101,True,2058.0,T_meas_error>2.0,SAFE,"{""T_sp"": 310.0, ""L_sp"": 10.0, ""Fin_sp"": 0.0333}",True,known,False,no_recovery,,0.8217771794008751,5942.0,20.13794549999875
cool_stuck_closed,"{""stuck_opening"": 0.3}",101,True,2058.0,T_meas_error>2.0,SAFE,"{""T_sp"": 310.0, ""L_sp"": 10.0, ""Fin_sp"": 0.0283}",False,known,False,no_recovery,,0.7771794008751263,5942.0,16.854201699985424
cool_stuck_closed,"{""stuck_opening"": 0.3}",101,True,2058.0,T_meas_error>2.0,SAFE,"{""T_sp"": 310.0, ""L_sp"": 10.0, ""Fin_sp"": 0.0233}",False,known,True,,156.0,0.0010097610232245036,5942.0,17.183735500002513
cool_stuck_closed,"{""stuck_opening"": 0.3}",101,True,2058.0,T_meas_error>2.0,SAFE,"{""T_sp"": 310.0, ""L_sp"": 10.0, ""Fin_sp"": 0.0183}",False,known,True,,119.0,0.0,5942.0,17.62533640000038
cool_stuck_closed,"{""stuck_opening"": 0.3}",101,True,2058.0,T_meas_error>2.0,SAFE,"{""T_sp"": 310.0, ""L_sp"": 10.0, ""Fin_sp"": 0.0133}",False,known,True,,119.0,0.0,5942.0,16.784829999989597
cool_stuck_closed,"{""stuck_opening"": 0.3}",101,True,2058.0,T_meas_error>2.0,SAFE,"{""T_sp"": 310.0, ""L_sp"": 10.0, ""Fin_sp"": 0.0083}",False,known,True,,119.0,0.0,5942.0,17.296095600002445
cool_stuck_closed,"{""stuck_opening"": 0.3}",101,True,2058.0,T_meas_error>2.0,SAFE,"{""T_sp"": 309.0, ""L_sp"": 10.0, ""Fin_sp"": 0.0333}",False,known,False,no_recovery,,0.8217771794008751,5942.0,16.089147399994545
cool_stuck_closed,"{""stuck_opening"": 0.3}",101,True,2058.0,T_meas_error>2.0,SAFE,"{""T_sp"": 309.0, ""L_sp"": 10.0, ""Fin_sp"": 0.0283}",False,known,False,no_recovery,,0.7771794008751263,5942.0,15.292823299998417
cool_stuck_closed,"{""stuck_opening"": 0.3}",101,True,2058.0,T_meas_error>2.0,SAFE,"{""T_sp"": 309.0, ""L_sp"": 10.0, ""Fin_sp"": 0.0233}",False,known,True,,156.0,0.0010097610232245036,5942.0,18.102717800007667
cool_stuck_closed,"{""stuck_opening"": 0.3}",101,True,2058.0,T_meas_error>2.0,SAFE,"{""T_sp"": 309.0, ""L_sp"": 10.0, ""Fin_sp"": 0.0183}",False,known,True,,119.0,0.0,5942.0,17.350578400015365
cool_stuck_closed,"{""stuck_opening"": 0.3}",101,True,2058.0,T_meas_error>2.0,SAFE,"{""T_sp"": 309.0, ""L_sp"": 10.0, ""Fin_sp"": 0.0133}",False,known,True,,119.0,0.0,5942.0,14.55610250000609
cool_stuck_closed,"{""stuck_opening"": 0.3}",101,True,2058.0,T_meas_error>2.0,SAFE,"{""T_sp"": 309.0, ""L_sp"": 10.0, ""Fin_sp"": 0.0083}",False,known,True,,119.0,0.0,5942.0,16.12637330000871
cool_stuck_closed,"{""stuck_opening"": 0.3}",101,True,2058.0,T_meas_error>2.0,SAFE,"{""T_sp"": 310.0, ""L_sp"": 9.0, ""Fin_sp"": 0.0333}",False,known,False,no_recovery,,0.8217771794008751,5942.0,16.330280800000764
cool_stuck_closed,"{""stuck_opening"": 0.3}",101,True,2058.0,T_meas_error>2.0,SAFE,"{""T_sp"": 310.0, ""L_sp"": 9.0, ""Fin_sp"": 0.0233}",False,known,True,,151.0,0.000841467519353753,5942.0,27.781266500009224
cool_stuck_closed,"{""stuck_opening"": 0.3}",101,True,2058.0,T_meas_error>2.0,SAFE,"{""T_sp"": 310.0, ""L_sp"": 8.0, ""Fin_sp"": 0.0333}",False,known,False,no_recovery,,0.8217771794008751,5942.0,14.202291499997955
cool_stuck_closed,"{""stuck_opening"": 0.3}",101,True,2058.0,T_meas_error>2.0,SAFE,"{""T_sp"": 310.0, ""L_sp"": 8.0, ""Fin_sp"": 0.0233}",False,known,True,,151.0,0.000841467519353753,5942.0,25.742779599997448
outlet_block,"{""outlet_block_factor"": 0.8}",303,False,,,,,,,,,,,,
cool_stuck_closed,"{""stuck_opening"": 0.3}",202,True,2051.0,T_meas_error>2.0,SAFE,"{""T_sp"": 310.0, ""L_sp"": 10.0, ""Fin_sp"": 0.0333}",True,known,False,no_recovery,,0.8216506975962347,5949.0,18.096974799991585
cool_stuck_closed,"{""stuck_opening"": 0.3}",202,True,2051.0,T_meas_error>2.0,SAFE,"{""T_sp"": 310.0, ""L_sp"": 10.0, ""Fin_sp"": 0.0283}",False,known,False,no_recovery,,0.7813077828206422,5949.0,16.907492700003786
cool_stuck_closed,"{""stuck_opening"": 0.3}",202,True,2051.0,T_meas_error>2.0,SAFE,"{""T_sp"": 310.0, ""L_sp"": 10.0, ""Fin_sp"": 0.0233}",False,known,True,,119.0,0.0016809547823163557,5949.0,17.047329599998193
cool_stuck_closed,"{""stuck_opening"": 0.3}",202,True,2051.0,T_meas_error>2.0,SAFE,"{""T_sp"": 310.0, ""L_sp"": 10.0, ""Fin_sp"": 0.0183}",False,known,True,,119.0,0.0,5949.0,15.527034999977332
cool_stuck_closed,"{""stuck_opening"": 0.3}",202,True,2051.0,T_meas_error>2.0,SAFE,"{""T_sp"": 310.0, ""L_sp"": 10.0, ""Fin_sp"": 0.0133}",False,known,True,,119.0,0.0,5949.0,18.05513829999836
cool_stuck_closed,"{""stuck_opening"": 0.3}",202,True,2051.0,T_meas_error>2.0,SAFE,"{""T_sp"": 310.0, ""L_sp"": 10.0, ""Fin_sp"": 0.0083}",False,known,True,,119.0,0.0,5949.0,17.900652000011178
cool_stuck_closed,"{""stuck_opening"": 0.3}",202,True,2051.0,T_meas_error>2.0,SAFE,"{""T_sp"": 309.0, ""L_sp"": 10.0, ""Fin_sp"": 0.0333}",False,known,False,no_recovery,,0.8216506975962347,5949.0,15.75387590000173
cool_stuck_closed,"{""stuck_opening"": 0.3}",202,True,2051.0,T_meas_error>2.0,SAFE,"{""T_sp"": 309.0, ""L_sp"": 10.0, ""Fin_sp"": 0.0283}",False,known,False,no_recovery,,0.7813077828206422,5949.0,16.760416500008432
cool_stuck_closed,"{""stuck_opening"": 0.3}",202,True,2051.0,T_meas_error>2.0,SAFE,"{""T_sp"": 309.0, ""L_sp"": 10.0, ""Fin_sp"": 0.0233}",False,known,True,,119.0,0.0016809547823163557,5949.0,17.833770299999742
cool_stuck_closed,"{""stuck_opening"": 0.3}",202,True,2051.0,T_meas_error>2.0,SAFE,"{""T_sp"": 309.0, ""L_sp"": 10.0, ""Fin_sp"": 0.0183}",False,known,True,,119.0,0.0,5949.0,26.247870199993486
cool_stuck_closed,"{""stuck_opening"": 0.3}",202,True,2051.0,T_meas_error>2.0,SAFE,"{""T_sp"": 309.0, ""L_sp"": 10.0, ""Fin_sp"": 0.0133}",False,known,True,,119.0,0.0,5949.0,16.686105300002964
cool_stuck_closed,"{""stuck_opening"": 0.3}",202,True,2051.0,T_meas_error>2.0,SAFE,"{""T_sp"": 309.0, ""L_sp"": 10.0, ""Fin_sp"": 0.0083}",False,known,True,,119.0,0.0,5949.0,26.89904530000058
cool_stuck_closed,"{""stuck_opening"": 0.3}",202,True,2051.0,T_meas_error>2.0,SAFE,"{""T_sp"": 310.0, ""L_sp"": 9.0, ""Fin_sp"": 0.0333}",False,known,False,no_recovery,,0.8218187930744663,5949.0,34.109643000003416
cool_stuck_closed,"{""stuck_opening"": 0.3}",202,True,2051.0,T_meas_error>2.0,SAFE,"{""T_sp"": 310.0, ""L_sp"": 9.0, ""Fin_sp"": 0.0233}",False,known,True,,119.0,0.0016809547823163557,5949.0,33.3826538999856
cool_stuck_closed,"{""stuck_opening"": 0.3}",202,True,2051.0,T_meas_error>2.0,SAFE,"{""T_sp"": 310.0, ""L_sp"": 8.0, ""Fin_sp"": 0.0333}",False,known,False,no_recovery,,0.8218187930744663,5949.0,24.24328539997805
cool_stuck_closed,"{""stuck_opening"": 0.3}",202,True,2051.0,T_meas_error>2.0,SAFE,"{""T_sp"": 310.0, ""L_sp"": 8.0, ""Fin_sp"": 0.0233}",False,known,True,,119.0,0.0016809547823163557,5949.0,19.887570999999298
cool_stuck_closed,"{""stuck_opening"": 0.3}",303,True,2054.0,T_meas_error>2.0,SAFE,"{""T_sp"": 310.0, ""L_sp"": 10.0, ""Fin_sp"": 0.0333}",True,known,False,no_recovery,,0.8213925327951564,5946.0,16.727275200013537
cool_stuck_closed,"{""stuck_opening"": 0.3}",303,True,2054.0,T_meas_error>2.0,SAFE,"{""T_sp"": 310.0, ""L_sp"": 10.0, ""Fin_sp"": 0.0283}",False,known,False,no_recovery,,0.7670702993609149,5946.0,17.34891840000637
cool_stuck_closed,"{""stuck_opening"": 0.3}",303,True,2054.0,T_meas_error>2.0,SAFE,"{""T_sp"": 310.0, ""L_sp"": 10.0, ""Fin_sp"": 0.0233}",False,known,True,,119.0,0.00016818028927009755,5946.0,18.373331700015115
cool_stuck_closed,"{""stuck_opening"": 0.3}",303,True,2054.0,T_meas_error>2.0,SAFE,"{""T_sp"": 310.0, ""L_sp"": 10.0, ""Fin_sp"": 0.0183}",False,known,True,,119.0,0.0,5946.0,15.7406265999889
cool_stuck_closed,"{""stuck_opening"": 0.3}",303,True,2054.0,T_meas_error>2.0,SAFE,"{""T_sp"": 310.0, ""L_sp"": 10.0, ""Fin_sp"": 0.0133}",False,known,True,,119.0,0.0,5946.0,18.414359299989883
cool_stuck_closed,"{""stuck_opening"": 0.3}",303,True,2054.0,T_meas_error>2.0,SAFE,"{""T_sp"": 310.0, ""L_sp"": 10.0, ""Fin_sp"": 0.0083}",False,known,True,,119.0,0.0,5946.0,19.221870100009255
cool_stuck_closed,"{""stuck_opening"": 0.3}",303,True,2054.0,T_meas_error>2.0,SAFE,"{""T_sp"": 309.0, ""L_sp"": 10.0, ""Fin_sp"": 0.0333}",False,known,False,no_recovery,,0.8213925327951564,5946.0,14.642299600003753
cool_stuck_closed,"{""stuck_opening"": 0.3}",303,True,2054.0,T_meas_error>2.0,SAFE,"{""T_sp"": 309.0, ""L_sp"": 10.0, ""Fin_sp"": 0.0283}",False,known,False,no_recovery,,0.7670702993609149,5946.0,16.720914299978176
cool_stuck_closed,"{""stuck_opening"": 0.3}",303,True,2054.0,T_meas_error>2.0,SAFE,"{""T_sp"": 309.0, ""L_sp"": 10.0, ""Fin_sp"": 0.0233}",False,known,True,,119.0,0.00016818028927009755,5946.0,17.357354700012365
cool_stuck_closed,"{""stuck_opening"": 0.3}",303,True,2054.0,T_meas_error>2.0,SAFE,"{""T_sp"": 309.0, ""L_sp"": 10.0, ""Fin_sp"": 0.0183}",False,known,True,,119.0,0.0,5946.0,28.535333799984073
cool_stuck_closed,"{""stuck_opening"": 0.3}",303,True,2054.0,T_meas_error>2.0,SAFE,"{""T_sp"": 309.0, ""L_sp"": 10.0, ""Fin_sp"": 0.0133}",False,known,True,,119.0,0.0,5946.0,14.11902879999252
cool_stuck_closed,"{""stuck_opening"": 0.3}",303,True,2054.0,T_meas_error>2.0,SAFE,"{""T_sp"": 309.0, ""L_sp"": 10.0, ""Fin_sp"": 0.0083}",False,known,True,,119.0,0.0,5946.0,31.52445650001755
cool_stuck_closed,"{""stuck_opening"": 0.3}",303,True,2054.0,T_meas_error>2.0,SAFE,"{""T_sp"": 310.0, ""L_sp"": 9.0, ""Fin_sp"": 0.0333}",False,known,False,no_recovery,,0.8213925327951564,5946.0,32.638830999989295
cool_stuck_closed,"{""stuck_opening"": 0.3}",303,True,2054.0,T_meas_error>2.0,SAFE,"{""T_sp"": 310.0, ""L_sp"": 9.0, ""Fin_sp"": 0.0233}",False,known,True,,119.0,0.00016818028927009755,5946.0,33.80894059999264
cool_stuck_closed,"{""stuck_opening"": 0.3}",303,True,2054.0,T_meas_error>2.0,SAFE,"{""T_sp"": 310.0, ""L_sp"": 8.0, ""Fin_sp"": 0.0333}",False,known,False,no_recovery,,0.8213925327951564,5946.0,24.71958169998834
cool_stuck_closed,"{""stuck_opening"": 0.3}",303,True,2054.0,T_meas_error>2.0,SAFE,"{""T_sp"": 310.0, ""L_sp"": 8.0, ""Fin_sp"": 0.0233}",False,known,True,,119.0,0.00016818028927009755,5946.0,16.637534699984826
cool_stuck_closed,"{""stuck_opening"": 0.2}",101,True,2035.0,T_meas_error>2.0,SAFE,"{""T_sp"": 310.0, ""L_sp"": 10.0, ""Fin_sp"": 0.0333}",True,known,False,no_recovery,,0.8224643755238894,5965.0,16.89571340000839
cool_stuck_closed,"{""stuck_opening"": 0.2}",101,True,2035.0,T_meas_error>2.0,SAFE,"{""T_sp"": 310.0, ""L_sp"": 10.0, ""Fin_sp"": 0.0283}",False,known,False,no_recovery,,0.8224643755238894,5965.0,17.324057300022105
cool_stuck_closed,"{""stuck_opening"": 0.2}",101,True,2035.0,T_meas_error>2.0,SAFE,"{""T_sp"": 310.0, ""L_sp"": 10.0, ""Fin_sp"": 0.0233}",False,known,False,no_recovery,,0.8224643755238894,5965.0,14.654721099999733
cool_stuck_closed,"{""stuck_opening"": 0.2}",101,True,2035.0,T_meas_error>2.0,SAFE,"{""T_sp"": 310.0, ""L_sp"": 10.0, ""Fin_sp"": 0.0183}",False,known,False,slow_recovery,1156.0,0.11383067896060352,5965.0,18.552009199978784
cool_stuck_closed,"{""stuck_opening"": 0.2}",101,True,2035.0,T_meas_error>2.0,SAFE,"{""T_sp"": 310.0, ""L_sp"": 10.0, ""Fin_sp"": 0.0133}",False,known,True,,119.0,0.0,5965.0,16.97591789998114
cool_stuck_closed,"{""stuck_opening"": 0.2}",101,True,2035.0,T_meas_error>2.0,SAFE,"{""T_sp"": 310.0, ""L_sp"": 10.0, ""Fin_sp"": 0.0083}",False,known,True,,119.0,0.0,5965.0,16.85010329997749
cool_stuck_closed,"{""stuck_opening"": 0.2}",101,True,2035.0,T_meas_error>2.0,SAFE,"{""T_sp"": 309.0, ""L_sp"": 10.0, ""Fin_sp"": 0.0333}",False,known,False,no_recovery,,0.8224643755238894,5965.0,14.516614299995126
cool_stuck_closed,"{""stuck_opening"": 0.2}",101,True,2035.0,T_meas_error>2.0,SAFE,"{""T_sp"": 309.0, ""L_sp"": 10.0, ""Fin_sp"": 0.0283}",False,known,False,no_recovery,,0.8224643755238894,5965.0,16.595899600011762
cool_stuck_closed,"{""stuck_opening"": 0.2}",101,True,2035.0,T_meas_error>2.0,SAFE,"{""T_sp"": 309.0, ""L_sp"": 10.0, ""Fin_sp"": 0.0233}",False,known,False,no_recovery,,0.8224643755238894,5965.0,18.001844699989306
cool_stuck_closed,"{""stuck_opening"": 0.2}",101,True,2035.0,T_meas_error>2.0,SAFE,"{""T_sp"": 309.0, ""L_sp"": 10.0, ""Fin_sp"": 0.0183}",False,known,False,slow_recovery,1156.0,0.11383067896060352,5965.0,25.742919599986635
cool_stuck_closed,"{""stuck_opening"": 0.2}",101,True,2035.0,T_meas_error>2.0,SAFE,"{""T_sp"": 309.0, ""L_sp"": 10.0, ""Fin_sp"": 0.0133}",False,known,True,,119.0,0.0,5965.0,14.154556399997091
cool_stuck_closed,"{""stuck_opening"": 0.2}",101,True,2035.0,T_meas_error>2.0,SAFE,"{""T_sp"": 309.0, ""L_sp"": 10.0, ""Fin_sp"": 0.0083}",False,known,True,,119.0,0.0,5965.0,35.22957490000408
cool_stuck_closed,"{""stuck_opening"": 0.2}",101,True,2035.0,T_meas_error>2.0,SAFE,"{""T_sp"": 310.0, ""L_sp"": 9.0, ""Fin_sp"": 0.0333}",False,known,False,no_recovery,,0.8224643755238894,5965.0,31.34446169997682
cool_stuck_closed,"{""stuck_opening"": 0.2}",101,True,2035.0,T_meas_error>2.0,SAFE,"{""T_sp"": 310.0, ""L_sp"": 9.0, ""Fin_sp"": 0.0233}",False,known,False,no_recovery,,0.8224643755238894,5965.0,34.6350717000023
cool_stuck_closed,"{""stuck_opening"": 0.2}",101,True,2035.0,T_meas_error>2.0,SAFE,"{""T_sp"": 310.0, ""L_sp"": 8.0, ""Fin_sp"": 0.0333}",False,known,False,no_recovery,,0.8224643755238894,5965.0,19.218621100008022
cool_stuck_closed,"{""stuck_opening"": 0.2}",101,True,2035.0,T_meas_error>2.0,SAFE,"{""T_sp"": 310.0, ""L_sp"": 8.0, ""Fin_sp"": 0.0233}",False,known,False,no_recovery,,0.8224643755238894,5965.0,17.210461399983615
cool_stuck_closed,"{""stuck_opening"": 0.2}",202,True,2040.0,T_meas_error>2.0,SAFE,"{""T_sp"": 310.0, ""L_sp"": 10.0, ""Fin_sp"": 0.0333}",True,known,False,no_recovery,,0.8223154362416107,5960.0,17.1201599999913
cool_stuck_closed,"{""stuck_opening"": 0.2}",202,True,2040.0,T_meas_error>2.0,SAFE,"{""T_sp"": 310.0, ""L_sp"": 10.0, ""Fin_sp"": 0.0283}",False,known,False,no_recovery,,0.8223154362416107,5960.0,16.55203479999909
cool_stuck_closed,"{""stuck_opening"": 0.2}",202,True,2040.0,T_meas_error>2.0,SAFE,"{""T_sp"": 310.0, ""L_sp"": 10.0, ""Fin_sp"": 0.0233}",False,known,False,no_recovery,,0.8208053691275168,5960.0,14.5858678999939
cool_stuck_closed,"{""stuck_opening"": 0.2}",202,True,2040.0,T_meas_error>2.0,SAFE,"{""T_sp"": 310.0, ""L_sp"": 10.0, ""Fin_sp"": 0.0183}",False,known,False,no_recovery,,0.1593959731543624,5960.0,18.732375399995362
cool_stuck_closed,"{""stuck_opening"": 0.2}",202,True,2040.0,T_meas_error>2.0,SAFE,"{""T_sp"": 310.0, ""L_sp"": 10.0, ""Fin_sp"": 0.0133}",False,known,True,,119.0,0.0,5960.0,17.044668500020634
cool_stuck_closed,"{""stuck_opening"": 0.2}",202,True,2040.0,T_meas_error>2.0,SAFE,"{""T_sp"": 310.0, ""L_sp"": 10.0, ""Fin_sp"": 0.0083}",False,known,True,,119.0,0.0,5960.0,16.095893399993656
cool_stuck_closed,"{""stuck_opening"": 0.2}",202,True,2040.0,T_meas_error>2.0,SAFE,"{""T_sp"": 309.0, ""L_sp"": 10.0, ""Fin_sp"": 0.0333}",False,known,False,no_recovery,,0.8223154362416107,5960.0,15.117589800007408
cool_stuck_closed,"{""stuck_opening"": 0.2}",202,True,2040.0,T_meas_error>2.0,SAFE,"{""T_sp"": 309.0, ""L_sp"": 10.0, ""Fin_sp"": 0.0283}",False,known,False,no_recovery,,0.8223154362416107,5960.0,16.560811700008344
cool_stuck_closed,"{""stuck_opening"": 0.2}",202,True,2040.0,T_meas_error>2.0,SAFE,"{""T_sp"": 309.0, ""L_sp"": 10.0, ""Fin_sp"": 0.0233}",False,known,False,no_recovery,,0.8208053691275168,5960.0,20.9342786000052
cool_stuck_closed,"{""stuck_opening"": 0.2}",202,True,2040.0,T_meas_error>2.0,SAFE,"{""T_sp"": 309.0, ""L_sp"": 10.0, ""Fin_sp"": 0.0183}",False,known,False,no_recovery,,0.1593959731543624,5960.0,22.269438499992248
cool_stuck_closed,"{""stuck_opening"": 0.2}",202,True,2040.0,T_meas_error>2.0,SAFE,"{""T_sp"": 309.0, ""L_sp"": 10.0, ""Fin_sp"": 0.0133}",False,known,True,,119.0,0.0,5960.0,18.084730500006117
cool_stuck_closed,"{""stuck_opening"": 0.2}",202,True,2040.0,T_meas_error>2.0,SAFE,"{""T_sp"": 309.0, ""L_sp"": 10.0, ""Fin_sp"": 0.0083}",False,known,True,,119.0,0.0,5960.0,34.142290199990384
cool_stuck_closed,"{""stuck_opening"": 0.2}",202,True,2040.0,T_meas_error>2.0,SAFE,"{""T_sp"": 310.0, ""L_sp"": 9.0, ""Fin_sp"": 0.0333}",False,known,False,no_recovery,,0.8223154362416107,5960.0,32.425438300007954
cool_stuck_closed,"{""stuck_opening"": 0.2}",202,True,2040.0,T_meas_error>2.0,SAFE,"{""T_sp"": 310.0, ""L_sp"": 9.0, ""Fin_sp"": 0.0233}",False,known,False,no_recovery,,0.8209731543624161,5960.0,31.239779499999713
cool_stuck_closed,"{""stuck_opening"": 0.2}",202,True,2040.0,T_meas_error>2.0,SAFE,"{""T_sp"": 310.0, ""L_sp"": 8.0, ""Fin_sp"": 0.0333}",False,known,False,no_recovery,,0.8223154362416107,5960.0,18.631576499989023
cool_stuck_closed,"{""stuck_opening"": 0.2}",202,True,2040.0,T_meas_error>2.0,SAFE,"{""T_sp"": 310.0, ""L_sp"": 8.0, ""Fin_sp"": 0.0233}",False,known,False,no_recovery,,0.8213087248322147,5960.0,16.690942899993388
cool_stuck_closed,"{""stuck_opening"": 0.2}",303,True,2043.0,T_meas_error>2.0,SAFE,"{""T_sp"": 310.0, ""L_sp"": 10.0, ""Fin_sp"": 0.0333}",True,known,False,no_recovery,,0.8222259526607353,5957.0,16.34963969999808
cool_stuck_closed,"{""stuck_opening"": 0.2}",303,True,2043.0,T_meas_error>2.0,SAFE,"{""T_sp"": 310.0, ""L_sp"": 10.0, ""Fin_sp"": 0.0283}",False,known,False,no_recovery,,0.8222259526607353,5957.0,16.94839669999783
cool_stuck_closed,"{""stuck_opening"": 0.2}",303,True,2043.0,T_meas_error>2.0,SAFE,"{""T_sp"": 310.0, ""L_sp"": 10.0, ""Fin_sp"": 0.0233}",False,known,False,no_recovery,,0.8212187342622125,5957.0,14.25898819998838
cool_stuck_closed,"{""stuck_opening"": 0.2}",303,True,2043.0,T_meas_error>2.0,SAFE,"{""T_sp"": 310.0, ""L_sp"": 10.0, ""Fin_sp"": 0.0183}",False,known,False,slow_recovery,1195.0,0.1094510659728051,5957.0,16.623306800000137
cool_stuck_closed,"{""stuck_opening"": 0.2}",303,True,2043.0,T_meas_error>2.0,SAFE,"{""T_sp"": 310.0, ""L_sp"": 10.0, ""Fin_sp"": 0.0133}",False,known,True,,119.0,0.0,5957.0,16.62352130000363
cool_stuck_closed,"{""stuck_opening"": 0.2}",303,True,2043.0,T_meas_error>2.0,SAFE,"{""T_sp"": 310.0, ""L_sp"": 10.0, ""Fin_sp"": 0.0083}",False,known,True,,119.0,0.0,5957.0,27.605068700009724
cool_stuck_closed,"{""stuck_opening"": 0.2}",303,True,2043.0,T_meas_error>2.0,SAFE,"{""T_sp"": 309.0, ""L_sp"": 10.0, ""Fin_sp"": 0.0333}",False,known,False,no_recovery,,0.8222259526607353,5957.0,14.095112700015306
cool_stuck_closed,"{""stuck_opening"": 0.2}",303,True,2043.0,T_meas_error>2.0,SAFE,"{""T_sp"": 309.0, ""L_sp"": 10.0, ""Fin_sp"": 0.0283}",False,known,False,no_recovery,,0.8222259526607353,5957.0,33.43700780000654
cool_stuck_closed,"{""stuck_opening"": 0.2}",303,True,2043.0,T_meas_error>2.0,SAFE,"{""T_sp"": 309.0, ""L_sp"": 10.0, ""Fin_sp"": 0.0233}",False,known,False,no_recovery,,0.8212187342622125,5957.0,32.27612739999313
cool_stuck_closed,"{""stuck_opening"": 0.2}",303,True,2043.0,T_meas_error>2.0,SAFE,"{""T_sp"": 309.0, ""L_sp"": 10.0, ""Fin_sp"": 0.0183}",False,known,False,slow_recovery,1195.0,0.1094510659728051,5957.0,33.85800110001583
cool_stuck_closed,"{""stuck_opening"": 0.2}",303,True,2043.0,T_meas_error>2.0,SAFE,"{""T_sp"": 309.0, ""L_sp"": 10.0, ""Fin_sp"": 0.0133}",False,known,True,,119.0,0.0,5957.0,19.363951899984386
cool_stuck_closed,"{""stuck_opening"": 0.2}",303,True,2043.0,T_meas_error>2.0,SAFE,"{""T_sp"": 309.0, ""L_sp"": 10.0, ""Fin_sp"": 0.0083}",False,known,True,,119.0,0.0,5957.0,17.338798899989342
cool_stuck_closed,"{""stuck_opening"": 0.2}",303,True,2043.0,T_meas_error>2.0,SAFE,"{""T_sp"": 310.0, ""L_sp"": 9.0, ""Fin_sp"": 0.0333}",False,known,False,no_recovery,,0.8222259526607353,5957.0,17.339600900013465
cool_stuck_closed,"{""stuck_opening"": 0.2}",303,True,2043.0,T_meas_error>2.0,SAFE,"{""T_sp"": 310.0, ""L_sp"": 9.0, ""Fin_sp"": 0.0233}",False,known,False,no_recovery,,0.8212187342622125,5957.0,21.507180500018876
cool_stuck_closed,"{""stuck_opening"": 0.2}",303,True,2043.0,T_meas_error>2.0,SAFE,"{""T_sp"": 310.0, ""L_sp"": 8.0, ""Fin_sp"": 0.0333}",False,known,False,no_recovery,,0.8222259526607353,5957.0,19.615975900000194
cool_stuck_closed,"{""stuck_opening"": 0.2}",303,True,2043.0,T_meas_error>2.0,SAFE,"{""T_sp"": 310.0, ""L_sp"": 8.0, ""Fin_sp"": 0.0233}",False,known,False,no_recovery,,0.8217223434614739,5957.0,15.440886099997442
cool_stuck_closed,"{""stuck_opening"": 0.1}",202,True,2030.0,T_meas_error>2.0,SAFE,"{""T_sp"": 310.0, ""L_sp"": 10.0, ""Fin_sp"": 0.0333}",True,known,False,no_recovery,,0.8226130653266331,5970.0,17.564173100021435
cool_stuck_closed,"{""stuck_opening"": 0.1}",202,True,2030.0,T_meas_error>2.0,SAFE,"{""T_sp"": 310.0, ""L_sp"": 10.0, ""Fin_sp"": 0.0283}",False,known,False,no_recovery,,0.8226130653266331,5970.0,14.31263949998538
cool_stuck_closed,"{""stuck_opening"": 0.1}",202,True,2030.0,T_meas_error>2.0,SAFE,"{""T_sp"": 310.0, ""L_sp"": 10.0, ""Fin_sp"": 0.0233}",False,known,False,no_recovery,,0.8226130653266331,5970.0,16.19433569998364
cool_stuck_closed,"{""stuck_opening"": 0.1}",202,True,2030.0,T_meas_error>2.0,SAFE,"{""T_sp"": 310.0, ""L_sp"": 10.0, ""Fin_sp"": 0.0183}",False,known,False,no_recovery,,0.8226130653266331,5970.0,16.46378730001743
cool_stuck_closed,"{""stuck_opening"": 0.1}",202,True,2030.0,T_meas_error>2.0,SAFE,"{""T_sp"": 310.0, ""L_sp"": 10.0, ""Fin_sp"": 0.0133}",False,known,False,no_recovery,,0.8144053601340033,5970.0,28.018179999984568
cool_stuck_closed,"{""stuck_opening"": 0.1}",202,True,2030.0,T_meas_error>2.0,SAFE,"{""T_sp"": 310.0, ""L_sp"": 10.0, ""Fin_sp"": 0.0083}",False,known,True,,119.0,0.0,5970.0,13.603659000014886
cool_stuck_closed,"{""stuck_opening"": 0.1}",202,True,2030.0,T_meas_error>2.0,SAFE,"{""T_sp"": 309.0, ""L_sp"": 10.0, ""Fin_sp"": 0.0333}",False,known,False,no_recovery,,0.8226130653266331,5970.0,31.737951199989766
cool_stuck_closed,"{""stuck_opening"": 0.1}",202,True,2030.0,T_meas_error>2.0,SAFE,"{""T_sp"": 309.0, ""L_sp"": 10.0, ""Fin_sp"": 0.0283}",False,known,False,no_recovery,,0.8226130653266331,5970.0,32.945803699985845
cool_stuck_closed,"{""stuck_opening"": 0.1}",202,True,2030.0,T_meas_error>2.0,SAFE,"{""T_sp"": 309.0, ""L_sp"": 10.0, ""Fin_sp"": 0.0233}",False,known,False,no_recovery,,0.8226130653266331,5970.0,32.90771850000601
cool_stuck_closed,"{""stuck_opening"": 0.1}",202,True,2030.0,T_meas_error>2.0,SAFE,"{""T_sp"": 309.0, ""L_sp"": 10.0, ""Fin_sp"": 0.0183}",False,known,False,no_recovery,,0.8226130653266331,5970.0,23.264945500006434
cool_stuck_closed,"{""stuck_opening"": 0.1}",202,True,2030.0,T_meas_error>2.0,SAFE,"{""T_sp"": 309.0, ""L_sp"": 10.0, ""Fin_sp"": 0.0133}",False,known,False,no_recovery,,0.8144053601340033,5970.0,18.213011800020467
cool_stuck_closed,"{""stuck_opening"": 0.1}",202,True,2030.0,T_meas_error>2.0,SAFE,"{""T_sp"": 309.0, ""L_sp"": 10.0, ""Fin_sp"": 0.0083}",False,known,True,,119.0,0.0,5970.0,17.211823400022695
cool_stuck_closed,"{""stuck_opening"": 0.1}",202,True,2030.0,T_meas_error>2.0,SAFE,"{""T_sp"": 310.0, ""L_sp"": 9.0, ""Fin_sp"": 0.0333}",False,known,False,no_recovery,,0.8226130653266331,5970.0,20.535771199996816
cool_stuck_closed,"{""stuck_opening"": 0.1}",202,True,2030.0,T_meas_error>2.0,SAFE,"{""T_sp"": 310.0, ""L_sp"": 9.0, ""Fin_sp"": 0.0233}",False,known,False,no_recovery,,0.8226130653266331,5970.0,19.986404199997196
cool_stuck_closed,"{""stuck_opening"": 0.1}",202,True,2030.0,T_meas_error>2.0,SAFE,"{""T_sp"": 310.0, ""L_sp"": 8.0, ""Fin_sp"": 0.0333}",False,known,False,no_recovery,,0.8226130653266331,5970.0,15.59393080000882
cool_stuck_closed,"{""stuck_opening"": 0.1}",202,True,2030.0,T_meas_error>2.0,SAFE,"{""T_sp"": 310.0, ""L_sp"": 8.0, ""Fin_sp"": 0.0233}",False,known,False,no_recovery,,0.8226130653266331,5970.0,16.287347699981183
cool_stuck_closed,"{""stuck_opening"": 0.1}",101,True,2029.0,T_meas_error>2.0,SAFE,"{""T_sp"": 310.0, ""L_sp"": 10.0, ""Fin_sp"": 0.0333}",True,known,False,no_recovery,,0.8226427734047899,5971.0,17.911591400014004
cool_stuck_closed,"{""stuck_opening"": 0.1}",101,True,2029.0,T_meas_error>2.0,SAFE,"{""T_sp"": 310.0, ""L_sp"": 10.0, ""Fin_sp"": 0.0283}",False,known,False,no_recovery,,0.8226427734047899,5971.0,14.90826830000151
cool_stuck_closed,"{""stuck_opening"": 0.1}",101,True,2029.0,T_meas_error>2.0,SAFE,"{""T_sp"": 310.0, ""L_sp"": 10.0, ""Fin_sp"": 0.0233}",False,known,False,no_recovery,,0.8226427734047899,5971.0,17.136912599991774
cool_stuck_closed,"{""stuck_opening"": 0.1}",101,True,2029.0,T_meas_error>2.0,SAFE,"{""T_sp"": 310.0, ""L_sp"": 10.0, ""Fin_sp"": 0.0183}",False,known,False,no_recovery,,0.8226427734047899,5971.0,17.876973199978238
cool_stuck_closed,"{""stuck_opening"": 0.1}",101,True,2029.0,T_meas_error>2.0,SAFE,"{""T_sp"": 310.0, ""L_sp"": 10.0, ""Fin_sp"": 0.0133}",False,known,False,no_recovery,,0.8182883939038686,5971.0,28.09045829999377
cool_stuck_closed,"{""stuck_opening"": 0.1}",101,True,2029.0,T_meas_error>2.0,SAFE,"{""T_sp"": 310.0, ""L_sp"": 10.0, ""Fin_sp"": 0.0083}",False,known,True,,125.0,0.00016747613465081226,5971.0,14.176211800018791
cool_stuck_closed,"{""stuck_opening"": 0.1}",101,True,2029.0,T_meas_error>2.0,SAFE,"{""T_sp"": 309.0, ""L_sp"": 10.0, ""Fin_sp"": 0.0333}",False,known,False,no_recovery,,0.8226427734047899,5971.0,32.89622070000041
cool_stuck_closed,"{""stuck_opening"": 0.1}",101,True,2029.0,T_meas_error>2.0,SAFE,"{""T_sp"": 309.0, ""L_sp"": 10.0, ""Fin_sp"": 0.0283}",False,known,False,no_recovery,,0.8226427734047899,5971.0,32.95329999999376
cool_stuck_closed,"{""stuck_opening"": 0.1}",101,True,2029.0,T_meas_error>2.0,SAFE,"{""T_sp"": 309.0, ""L_sp"": 10.0, ""Fin_sp"": 0.0233}",False,known,False,no_recovery,,0.8226427734047899,5971.0,32.56626220000908
cool_stuck_closed,"{""stuck_opening"": 0.1}",101,True,2029.0,T_meas_error>2.0,SAFE,"{""T_sp"": 309.0, ""L_sp"": 10.0, ""Fin_sp"": 0.0183}",False,known,False,no_recovery,,0.8226427734047899,5971.0,22.292996599979233
cool_stuck_closed,"{""stuck_opening"": 0.1}",101,True,2029.0,T_meas_error>2.0,SAFE,"{""T_sp"": 309.0, ""L_sp"": 10.0, ""Fin_sp"": 0.0133}",False,known,False,no_recovery,,0.8182883939038686,5971.0,17.540353299991693
cool_stuck_closed,"{""stuck_opening"": 0.1}",101,True,2029.0,T_meas_error>2.0,SAFE,"{""T_sp"": 309.0, ""L_sp"": 10.0, ""Fin_sp"": 0.0083}",False,known,True,,125.0,0.00016747613465081226,5971.0,17.03630430001067
cool_stuck_closed,"{""stuck_opening"": 0.1}",101,True,2029.0,T_meas_error>2.0,SAFE,"{""T_sp"": 310.0, ""L_sp"": 9.0, ""Fin_sp"": 0.0333}",False,known,False,no_recovery,,0.8226427734047899,5971.0,21.43694549999782
cool_stuck_closed,"{""stuck_opening"": 0.1}",101,True,2029.0,T_meas_error>2.0,SAFE,"{""T_sp"": 310.0, ""L_sp"": 9.0, ""Fin_sp"": 0.0233}",False,known,False,no_recovery,,0.8226427734047899,5971.0,21.476041199988686
cool_stuck_closed,"{""stuck_opening"": 0.1}",101,True,2029.0,T_meas_error>2.0,SAFE,"{""T_sp"": 310.0, ""L_sp"": 8.0, ""Fin_sp"": 0.0333}",False,known,False,no_recovery,,0.8226427734047899,5971.0,16.478760700003477
cool_stuck_closed,"{""stuck_opening"": 0.1}",101,True,2029.0,T_meas_error>2.0,SAFE,"{""T_sp"": 310.0, ""L_sp"": 8.0, ""Fin_sp"": 0.0233}",False,known,False,no_recovery,,0.8226427734047899,5971.0,17.217417400010163
cool_stuck_closed,"{""stuck_opening"": 0.1}",303,True,2028.0,T_meas_error>2.0,SAFE,"{""T_sp"": 310.0, ""L_sp"": 10.0, ""Fin_sp"": 0.0333}",True,known,False,no_recovery,,0.8226724715338245,5972.0,15.968201499985298
cool_stuck_closed,"{""stuck_opening"": 0.1}",303,True,2028.0,T_meas_error>2.0,SAFE,"{""T_sp"": 310.0, ""L_sp"": 10.0, ""Fin_sp"": 0.0283}",False,known,False,no_recovery,,0.8226724715338245,5972.0,16.45472750000772
cool_stuck_closed,"{""stuck_opening"": 0.1}",303,True,2028.0,T_meas_error>2.0,SAFE,"{""T_sp"": 310.0, ""L_sp"": 10.0, ""Fin_sp"": 0.0233}",False,known,False,no_recovery,,0.8226724715338245,5972.0,24.705193200003123
cool_stuck_closed,"{""stuck_opening"": 0.1}",303,True,2028.0,T_meas_error>2.0,SAFE,"{""T_sp"": 310.0, ""L_sp"": 10.0, ""Fin_sp"": 0.0183}",False,known,False,no_recovery,,0.8226724715338245,5972.0,17.16135429998394
cool_stuck_closed,"{""stuck_opening"": 0.1}",303,True,2028.0,T_meas_error>2.0,SAFE,"{""T_sp"": 310.0, ""L_sp"": 10.0, ""Fin_sp"": 0.0133}",False,known,False,no_recovery,,0.8131279303415941,5972.0,23.963409999996657
cool_stuck_closed,"{""stuck_opening"": 0.1}",303,True,2028.0,T_meas_error>2.0,SAFE,"{""T_sp"": 310.0, ""L_sp"": 10.0, ""Fin_sp"": 0.0083}",False,known,True,,119.0,0.0,5972.0,32.80951369999093
cool_stuck_closed,"{""stuck_opening"": 0.1}",303,True,2028.0,T_meas_error>2.0,SAFE,"{""T_sp"": 309.0, ""L_sp"": 10.0, ""Fin_sp"": 0.0333}",False,known,False,no_recovery,,0.8226724715338245,5972.0,33.623637100012274
cool_stuck_closed,"{""stuck_opening"": 0.1}",303,True,2028.0,T_meas_error>2.0,SAFE,"{""T_sp"": 309.0, ""L_sp"": 10.0, ""Fin_sp"": 0.0283}",False,known,False,no_recovery,,0.8226724715338245,5972.0,28.02445130000706
cool_stuck_closed,"{""stuck_opening"": 0.1}",303,True,2028.0,T_meas_error>2.0,SAFE,"{""T_sp"": 309.0, ""L_sp"": 10.0, ""Fin_sp"": 0.0233}",False,known,False,no_recovery,,0.8226724715338245,5972.0,18.17811300000176
cool_stuck_closed,"{""stuck_opening"": 0.1}",303,True,2028.0,T_meas_error>2.0,SAFE,"{""T_sp"": 309.0, ""L_sp"": 10.0, ""Fin_sp"": 0.0183}",False,known,False,no_recovery,,0.8226724715338245,5972.0,16.188232799991965
cool_stuck_closed,"{""stuck_opening"": 0.1}",303,True,2028.0,T_meas_error>2.0,SAFE,"{""T_sp"": 309.0, ""L_sp"": 10.0, ""Fin_sp"": 0.0133}",False,known,False,no_recovery,,0.8131279303415941,5972.0,18.83839910000097
cool_stuck_closed,"{""stuck_opening"": 0.1}",303,True,2028.0,T_meas_error>2.0,SAFE,"{""T_sp"": 309.0, ""L_sp"": 10.0, ""Fin_sp"": 0.0083}",False,known,True,,119.0,0.0,5972.0,20.373867100017378
cool_stuck_closed,"{""stuck_opening"": 0.1}",303,True,2028.0,T_meas_error>2.0,SAFE,"{""T_sp"": 310.0, ""L_sp"": 9.0, ""Fin_sp"": 0.0333}",False,known,False,no_recovery,,0.8226724715338245,5972.0,17.38184300001012
cool_stuck_closed,"{""stuck_opening"": 0.1}",303,True,2028.0,T_meas_error>2.0,SAFE,"{""T_sp"": 310.0, ""L_sp"": 9.0, ""Fin_sp"": 0.0233}",False,known,False,no_recovery,,0.8226724715338245,5972.0,16.16776429998572
cool_stuck_closed,"{""stuck_opening"": 0.1}",303,True,2028.0,T_meas_error>2.0,SAFE,"{""T_sp"": 310.0, ""L_sp"": 8.0, ""Fin_sp"": 0.0333}",False,known,False,no_recovery,,0.8226724715338245,5972.0,16.29873770000995
cool_stuck_closed,"{""stuck_opening"": 0.1}",303,True,2028.0,T_meas_error>2.0,SAFE,"{""T_sp"": 310.0, ""L_sp"": 8.0, ""Fin_sp"": 0.0233}",False,known,False,no_recovery,,0.8226724715338245,5972.0,15.926053300005151
cool_stuck_closed,"{""stuck_opening"": 0.0}",101,True,2026.0,T_meas_error>2.0,SAFE,"{""T_sp"": 310.0, ""L_sp"": 10.0, ""Fin_sp"": 0.0333}",True,known,False,no_recovery,,0.8227318379645129,5974.0,17.47557930002222
cool_stuck_closed,"{""stuck_opening"": 0.0}",101,True,2026.0,T_meas_error>2.0,SAFE,"{""T_sp"": 310.0, ""L_sp"": 10.0, ""Fin_sp"": 0.0283}",False,known,False,no_recovery,,0.8227318379645129,5974.0,17.561074800003553
cool_stuck_closed,"{""stuck_opening"": 0.0}",101,True,2026.0,T_meas_error>2.0,SAFE,"{""T_sp"": 310.0, ""L_sp"": 10.0, ""Fin_sp"": 0.0233}",False,known,False,no_recovery,,0.8227318379645129,5974.0,27.82643270000699
cool_stuck_closed,"{""stuck_opening"": 0.0}",101,True,2026.0,T_meas_error>2.0,SAFE,"{""T_sp"": 310.0, ""L_sp"": 10.0, ""Fin_sp"": 0.0183}",False,known,False,no_recovery,,0.8227318379645129,5974.0,14.6855610999919
cool_stuck_closed,"{""stuck_opening"": 0.0}",101,True,2026.0,T_meas_error>2.0,SAFE,"{""T_sp"": 310.0, ""L_sp"": 10.0, ""Fin_sp"": 0.0133}",False,known,False,no_recovery,,0.8227318379645129,5974.0,35.570331499999156
cool_stuck_closed,"{""stuck_opening"": 0.0}",101,True,2026.0,T_meas_error>2.0,SAFE,"{""T_sp"": 310.0, ""L_sp"": 10.0, ""Fin_sp"": 0.0083}",False,known,False,no_recovery,,0.8227318379645129,5974.0,31.67381760000717
cool_stuck_closed,"{""stuck_opening"": 0.0}",101,True,2026.0,T_meas_error>2.0,SAFE,"{""T_sp"": 309.0, ""L_sp"": 10.0, ""Fin_sp"": 0.0333}",False,known,False,no_recovery,,0.8227318379645129,5974.0,34.10333990000072
cool_stuck_closed,"{""stuck_opening"": 0.0}",101,True,2026.0,T_meas_error>2.0,SAFE,"{""T_sp"": 309.0, ""L_sp"": 10.0, ""Fin_sp"": 0.0283}",False,known,False,no_recovery,,0.8227318379645129,5974.0,19.439452799997525
cool_stuck_closed,"{""stuck_opening"": 0.0}",101,True,2026.0,T_meas_error>2.0,SAFE,"{""T_sp"": 309.0, ""L_sp"": 10.0, ""Fin_sp"": 0.0233}",False,known,False,no_recovery,,0.8227318379645129,5974.0,15.675810599990655
cool_stuck_closed,"{""stuck_opening"": 0.0}",101,True,2026.0,T_meas_error>2.0,SAFE,"{""T_sp"": 309.0, ""L_sp"": 10.0, ""Fin_sp"": 0.0183}",False,known,False,no_recovery,,0.8227318379645129,5974.0,17.98344619999989
cool_stuck_closed,"{""stuck_opening"": 0.0}",101,True,2026.0,T_meas_error>2.0,SAFE,"{""T_sp"": 309.0, ""L_sp"": 10.0, ""Fin_sp"": 0.0133}",False,known,False,no_recovery,,0.8227318379645129,5974.0,22.13815099999192
cool_stuck_closed,"{""stuck_opening"": 0.0}",101,True,2026.0,T_meas_error>2.0,SAFE,"{""T_sp"": 309.0, ""L_sp"": 10.0, ""Fin_sp"": 0.0083}",False,known,False,no_recovery,,0.8227318379645129,5974.0,21.35167000000365
cool_stuck_closed,"{""stuck_opening"": 0.0}",101,True,2026.0,T_meas_error>2.0,SAFE,"{""T_sp"": 310.0, ""L_sp"": 9.0, ""Fin_sp"": 0.0333}",False,known,False,no_recovery,,0.8227318379645129,5974.0,16.837347799999407
cool_stuck_closed,"{""stuck_opening"": 0.0}",101,True,2026.0,T_meas_error>2.0,SAFE,"{""T_sp"": 310.0, ""L_sp"": 9.0, ""Fin_sp"": 0.0233}",False,known,False,no_recovery,,0.8227318379645129,5974.0,17.28052800000296
cool_stuck_closed,"{""stuck_opening"": 0.0}",101,True,2026.0,T_meas_error>2.0,SAFE,"{""T_sp"": 310.0, ""L_sp"": 8.0, ""Fin_sp"": 0.0333}",False,known,False,no_recovery,,0.8227318379645129,5974.0,16.695144899975276
cool_stuck_closed,"{""stuck_opening"": 0.0}",101,True,2026.0,T_meas_error>2.0,SAFE,"{""T_sp"": 310.0, ""L_sp"": 8.0, ""Fin_sp"": 0.0233}",False,known,False,no_recovery,,0.8227318379645129,5974.0,17.296932299999753
cool_stuck_closed,"{""stuck_opening"": 0.0}",202,True,2026.0,T_meas_error>2.0,SAFE,"{""T_sp"": 310.0, ""L_sp"": 10.0, ""Fin_sp"": 0.0333}",True,known,False,no_recovery,,0.8227318379645129,5974.0,17.08338319999166
cool_stuck_closed,"{""stuck_opening"": 0.0}",202,True,2026.0,T_meas_error>2.0,SAFE,"{""T_sp"": 310.0, ""L_sp"": 10.0, ""Fin_sp"": 0.0283}",False,known,False,no_recovery,,0.8227318379645129,5974.0,18.884653300017817
cool_stuck_closed,"{""stuck_opening"": 0.0}",202,True,2026.0,T_meas_error>2.0,SAFE,"{""T_sp"": 310.0, ""L_sp"": 10.0, ""Fin_sp"": 0.0233}",False,known,False,no_recovery,,0.8227318379645129,5974.0,25.639522500016028
cool_stuck_closed,"{""stuck_opening"": 0.0}",202,True,2026.0,T_meas_error>2.0,SAFE,"{""T_sp"": 310.0, ""L_sp"": 10.0, ""Fin_sp"": 0.0183}",False,known,False,no_recovery,,0.8227318379645129,5974.0,15.203138000011677
cool_stuck_closed,"{""stuck_opening"": 0.0}",202,True,2026.0,T_meas_error>2.0,SAFE,"{""T_sp"": 310.0, ""L_sp"": 10.0, ""Fin_sp"": 0.0133}",False,known,False,no_recovery,,0.8227318379645129,5974.0,35.38588879999588
cool_stuck_closed,"{""stuck_opening"": 0.0}",202,True,2026.0,T_meas_error>2.0,SAFE,"{""T_sp"": 310.0, ""L_sp"": 10.0, ""Fin_sp"": 0.0083}",False,known,False,no_recovery,,0.8227318379645129,5974.0,32.238163199974224
cool_stuck_closed,"{""stuck_opening"": 0.0}",202,True,2026.0,T_meas_error>2.0,SAFE,"{""T_sp"": 309.0, ""L_sp"": 10.0, ""Fin_sp"": 0.0333}",False,known,False,no_recovery,,0.8227318379645129,5974.0,34.17418699999689
cool_stuck_closed,"{""stuck_opening"": 0.0}",202,True,2026.0,T_meas_error>2.0,SAFE,"{""T_sp"": 309.0, ""L_sp"": 10.0, ""Fin_sp"": 0.0283}",False,known,False,no_recovery,,0.8227318379645129,5974.0,19.583169599995017
cool_stuck_closed,"{""stuck_opening"": 0.0}",202,True,2026.0,T_meas_error>2.0,SAFE,"{""T_sp"": 309.0, ""L_sp"": 10.0, ""Fin_sp"": 0.0233}",False,known,False,no_recovery,,0.8227318379645129,5974.0,15.800559399998747
cool_stuck_closed,"{""stuck_opening"": 0.0}",202,True,2026.0,T_meas_error>2.0,SAFE,"{""T_sp"": 309.0, ""L_sp"": 10.0, ""Fin_sp"": 0.0183}",False,known,False,no_recovery,,0.8227318379645129,5974.0,18.2288247999968
cool_stuck_closed,"{""stuck_opening"": 0.0}",202,True,2026.0,T_meas_error>2.0,SAFE,"{""T_sp"": 309.0, ""L_sp"": 10.0, ""Fin_sp"": 0.0133}",False,known,False,no_recovery,,0.8227318379645129,5974.0,21.934001000015996
cool_stuck_closed,"{""stuck_opening"": 0.0}",202,True,2026.0,T_meas_error>2.0,SAFE,"{""T_sp"": 309.0, ""L_sp"": 10.0, ""Fin_sp"": 0.0083}",False,known,False,no_recovery,,0.8227318379645129,5974.0,20.550203299993882
cool_stuck_closed,"{""stuck_opening"": 0.0}",202,True,2026.0,T_meas_error>2.0,SAFE,"{""T_sp"": 310.0, ""L_sp"": 9.0, ""Fin_sp"": 0.0333}",False,known,False,no_recovery,,0.8227318379645129,5974.0,16.806038499984425
cool_stuck_closed,"{""stuck_opening"": 0.0}",202,True,2026.0,T_meas_error>2.0,SAFE,"{""T_sp"": 310.0, ""L_sp"": 9.0, ""Fin_sp"": 0.0233}",False,known,False,no_recovery,,0.8227318379645129,5974.0,17.081671700027073
cool_stuck_closed,"{""stuck_opening"": 0.0}",202,True,2026.0,T_meas_error>2.0,SAFE,"{""T_sp"": 310.0, ""L_sp"": 8.0, ""Fin_sp"": 0.0333}",False,known,False,no_recovery,,0.8227318379645129,5974.0,16.881401499995263
cool_stuck_closed,"{""stuck_opening"": 0.0}",202,True,2026.0,T_meas_error>2.0,SAFE,"{""T_sp"": 310.0, ""L_sp"": 8.0, ""Fin_sp"": 0.0233}",False,known,False,no_recovery,,0.8227318379645129,5974.0,17.230130300013116
cool_stuck_closed,"{""stuck_opening"": 0.0}",303,True,2025.0,T_meas_error>2.0,SAFE,"{""T_sp"": 310.0, ""L_sp"": 10.0, ""Fin_sp"": 0.0333}",True,known,False,no_recovery,,0.8227615062761506,5975.0,25.30849450000096
cool_stuck_closed,"{""stuck_opening"": 0.0}",303,True,2025.0,T_meas_error>2.0,SAFE,"{""T_sp"": 310.0, ""L_sp"": 10.0, ""Fin_sp"": 0.0283}",False,known,False,no_recovery,,0.8227615062761506,5975.0,18.789363199990476
cool_stuck_closed,"{""stuck_opening"": 0.0}",303,True,2025.0,T_meas_error>2.0,SAFE,"{""T_sp"": 310.0, ""L_sp"": 10.0, ""Fin_sp"": 0.0233}",False,known,False,no_recovery,,0.8227615062761506,5975.0,24.26624019999872
cool_stuck_closed,"{""stuck_opening"": 0.0}",303,True,2025.0,T_meas_error>2.0,SAFE,"{""T_sp"": 310.0, ""L_sp"": 10.0, ""Fin_sp"": 0.0183}",False,known,False,no_recovery,,0.8227615062761506,5975.0,33.89398339999025
cool_stuck_closed,"{""stuck_opening"": 0.0}",303,True,2025.0,T_meas_error>2.0,SAFE,"{""T_sp"": 310.0, ""L_sp"": 10.0, ""Fin_sp"": 0.0133}",False,known,False,no_recovery,,0.8227615062761506,5975.0,33.21306919999188
cool_stuck_closed,"{""stuck_opening"": 0.0}",303,True,2025.0,T_meas_error>2.0,SAFE,"{""T_sp"": 310.0, ""L_sp"": 10.0, ""Fin_sp"": 0.0083}",False,known,False,no_recovery,,0.8225941422594142,5975.0,27.227296600001864
cool_stuck_closed,"{""stuck_opening"": 0.0}",303,True,2025.0,T_meas_error>2.0,SAFE,"{""T_sp"": 309.0, ""L_sp"": 10.0, ""Fin_sp"": 0.0333}",False,known,False,no_recovery,,0.8227615062761506,5975.0,19.84511900000507
cool_stuck_closed,"{""stuck_opening"": 0.0}",303,True,2025.0,T_meas_error>2.0,SAFE,"{""T_sp"": 309.0, ""L_sp"": 10.0, ""Fin_sp"": 0.0283}",False,known,False,no_recovery,,0.8227615062761506,5975.0,17.88386560001527
cool_stuck_closed,"{""stuck_opening"": 0.0}",303,True,2025.0,T_meas_error>2.0,SAFE,"{""T_sp"": 309.0, ""L_sp"": 10.0, ""Fin_sp"": 0.0233}",False,known,False,no_recovery,,0.8227615062761506,5975.0,20.479945900005987
cool_stuck_closed,"{""stuck_opening"": 0.0}",303,True,2025.0,T_meas_error>2.0,SAFE,"{""T_sp"": 309.0, ""L_sp"": 10.0, ""Fin_sp"": 0.0183}",False,known,False,no_recovery,,0.8227615062761506,5975.0,23.674116500013042
cool_stuck_closed,"{""stuck_opening"": 0.0}",303,True,2025.0,T_meas_error>2.0,SAFE,"{""T_sp"": 309.0, ""L_sp"": 10.0, ""Fin_sp"": 0.0133}",False,known,False,no_recovery,,0.8227615062761506,5975.0,15.865142700000433
cool_stuck_closed,"{""stuck_opening"": 0.0}",303,True,2025.0,T_meas_error>2.0,SAFE,"{""T_sp"": 309.0, ""L_sp"": 10.0, ""Fin_sp"": 0.0083}",False,known,False,no_recovery,,0.8225941422594142,5975.0,17.07985040001222
cool_stuck_closed,"{""stuck_opening"": 0.0}",303,True,2025.0,T_meas_error>2.0,SAFE,"{""T_sp"": 310.0, ""L_sp"": 9.0, ""Fin_sp"": 0.0333}",False,known,False,no_recovery,,0.8227615062761506,5975.0,17.14952639999683
cool_stuck_closed,"{""stuck_opening"": 0.0}",303,True,2025.0,T_meas_error>2.0,SAFE,"{""T_sp"": 310.0, ""L_sp"": 9.0, ""Fin_sp"": 0.0233}",False,known,False,no_recovery,,0.8227615062761506,5975.0,17.50684139999794
cool_stuck_closed,"{""stuck_opening"": 0.0}",303,True,2025.0,T_meas_error>2.0,SAFE,"{""T_sp"": 310.0, ""L_sp"": 8.0, ""Fin_sp"": 0.0333}",False,known,False,no_recovery,,0.8227615062761506,5975.0,17.302701300010085
cool_stuck_closed,"{""stuck_opening"": 0.0}",303,True,2025.0,T_meas_error>2.0,SAFE,"{""T_sp"": 310.0, ""L_sp"": 8.0, ""Fin_sp"": 0.0233}",False,known,False,no_recovery,,0.8227615062761506,5975.0,16.662360300018918
outlet_block,"{""outlet_block_factor"": 0.6}",202,True,2088.0,level_error_large(|L_meas-L_sp|>0.7),SAFE,"{""T_sp"": 310.0, ""L_sp"": 10.0, ""Fin_sp"": 0.0333}",True,known,True,,119.0,0.0,5912.0,34.12823990001925
outlet_block,"{""outlet_block_factor"": 0.6}",202,True,2088.0,level_error_large(|L_meas-L_sp|>0.7),SAFE,"{""T_sp"": 310.0, ""L_sp"": 10.0, ""Fin_sp"": 0.0283}",False,known,True,,119.0,0.0,5912.0,32.51982089999365
outlet_block,"{""outlet_block_factor"": 0.6}",202,True,2088.0,level_error_large(|L_meas-L_sp|>0.7),SAFE,"{""T_sp"": 310.0, ""L_sp"": 10.0, ""Fin_sp"": 0.0233}",False,known,True,,119.0,0.0,5912.0,28.56249549999484
outlet_block,"{""outlet_block_factor"": 0.6}",202,True,2088.0,level_error_large(|L_meas-L_sp|>0.7),SAFE,"{""T_sp"": 310.0, ""L_sp"": 10.0, ""Fin_sp"": 0.0183}",False,known,True,,119.0,0.0,5912.0,19.53666159999557
outlet_block,"{""outlet_block_factor"": 0.6}",202,True,2088.0,level_error_large(|L_meas-L_sp|>0.7),SAFE,"{""T_sp"": 310.0, ""L_sp"": 10.0, ""Fin_sp"": 0.0133}",False,known,True,,119.0,0.0,5912.0,17.528217899991432
outlet_block,"{""outlet_block_factor"": 0.6}",202,True,2088.0,level_error_large(|L_meas-L_sp|>0.7),SAFE,"{""T_sp"": 310.0, ""L_sp"": 10.0, ""Fin_sp"": 0.0083}",False,known,True,,119.0,0.0013531799729364006,5912.0,19.329667800018797
outlet_block,"{""outlet_block_factor"": 0.6}",202,True,2088.0,level_error_large(|L_meas-L_sp|>0.7),SAFE,"{""T_sp"": 309.0, ""L_sp"": 10.0, ""Fin_sp"": 0.0333}",False,known,True,,119.0,0.0,5912.0,21.59495309999329
outlet_block,"{""outlet_block_factor"": 0.6}",202,True,2088.0,level_error_large(|L_meas-L_sp|>0.7),SAFE,"{""T_sp"": 309.0, ""L_sp"": 10.0, ""Fin_sp"": 0.0283}",False,known,True,,119.0,0.0,5912.0,15.964423299999908
outlet_block,"{""outlet_block_factor"": 0.6}",202,True,2088.0,level_error_large(|L_meas-L_sp|>0.7),SAFE,"{""T_sp"": 309.0, ""L_sp"": 10.0, ""Fin_sp"": 0.0233}",False,known,True,,119.0,0.0,5912.0,16.056341499992413
outlet_block,"{""outlet_block_factor"": 0.6}",202,True,2088.0,level_error_large(|L_meas-L_sp|>0.7),SAFE,"{""T_sp"": 309.0, ""L_sp"": 10.0, ""Fin_sp"": 0.0183}",False,known,True,,119.0,0.0,5912.0,16.307318999985
outlet_block,"{""outlet_block_factor"": 0.6}",202,True,2088.0,level_error_large(|L_meas-L_sp|>0.7),SAFE,"{""T_sp"": 309.0, ""L_sp"": 10.0, ""Fin_sp"": 0.0133}",False,known,True,,119.0,0.0,5912.0,15.681607999984408
outlet_block,"{""outlet_block_factor"": 0.6}",202,True,2088.0,level_error_large(|L_meas-L_sp|>0.7),SAFE,"{""T_sp"": 309.0, ""L_sp"": 10.0, ""Fin_sp"": 0.0083}",False,known,True,,119.0,0.0,5912.0,16.274895299982745
outlet_block,"{""outlet_block_factor"": 0.6}",202,True,2088.0,level_error_large(|L_meas-L_sp|>0.7),SAFE,"{""T_sp"": 310.0, ""L_sp"": 9.0, ""Fin_sp"": 0.0333}",False,known,True,,119.0,0.0,5912.0,16.063865000003716
outlet_block,"{""outlet_block_factor"": 0.6}",202,True,2088.0,level_error_large(|L_meas-L_sp|>0.7),SAFE,"{""T_sp"": 310.0, ""L_sp"": 9.0, ""Fin_sp"": 0.0233}",False,known,True,,119.0,0.0,5912.0,15.569842400000198
outlet_block,"{""outlet_block_factor"": 0.6}",202,True,2088.0,level_error_large(|L_meas-L_sp|>0.7),SAFE,"{""T_sp"": 310.0, ""L_sp"": 8.0, ""Fin_sp"": 0.0333}",False,known,True,,254.0,0.008626522327469554,5912.0,16.345901299995603
outlet_block,"{""outlet_block_factor"": 0.6}",202,True,2088.0,level_error_large(|L_meas-L_sp|>0.7),SAFE,"{""T_sp"": 310.0, ""L_sp"": 8.0, ""Fin_sp"": 0.0233}",False,known,True,,119.0,0.0,5912.0,16.31259530002717
outlet_block,"{""outlet_block_factor"": 0.6}",101,True,2089.0,level_error_large(|L_meas-L_sp|>0.7),SAFE,"{""T_sp"": 310.0, ""L_sp"": 10.0, ""Fin_sp"": 0.0333}",True,known,True,,119.0,0.0,5911.0,34.87502079998376
outlet_block,"{""outlet_block_factor"": 0.6}",101,True,2089.0,level_error_large(|L_meas-L_sp|>0.7),SAFE,"{""T_sp"": 310.0, ""L_sp"": 10.0, ""Fin_sp"": 0.0283}",False,known,True,,119.0,0.0,5911.0,32.34286810000776
outlet_block,"{""outlet_block_factor"": 0.6}",101,True,2089.0,level_error_large(|L_meas-L_sp|>0.7),SAFE,"{""T_sp"": 310.0, ""L_sp"": 10.0, ""Fin_sp"": 0.0233}",False,known,True,,119.0,0.0,5911.0,31.44357500001206
outlet_block,"{""outlet_block_factor"": 0.6}",101,True,2089.0,level_error_large(|L_meas-L_sp|>0.7),SAFE,"{""T_sp"": 310.0, ""L_sp"": 10.0, ""Fin_sp"": 0.0183}",False,known,True,,119.0,0.0,5911.0,20.15575110001373
outlet_block,"{""outlet_block_factor"": 0.6}",101,True,2089.0,level_error_large(|L_meas-L_sp|>0.7),SAFE,"{""T_sp"": 310.0, ""L_sp"": 10.0, ""Fin_sp"": 0.0133}",False,known,True,,119.0,0.0001691761123329386,5911.0,16.274254099989776
outlet_block,"{""outlet_block_factor"": 0.6}",101,True,2089.0,level_error_large(|L_meas-L_sp|>0.7),SAFE,"{""T_sp"": 310.0, ""L_sp"": 10.0, ""Fin_sp"": 0.0083}",False,known,True,,119.0,0.0013534088986635088,5911.0,21.03812710000784
outlet_block,"{""outlet_block_factor"": 0.6}",101,True,2089.0,level_error_large(|L_meas-L_sp|>0.7),SAFE,"{""T_sp"": 309.0, ""L_sp"": 10.0, ""Fin_sp"": 0.0333}",False,known,True,,119.0,0.0,5911.0,23.14730129999225
outlet_block,"{""outlet_block_factor"": 0.6}",101,True,2089.0,level_error_large(|L_meas-L_sp|>0.7),SAFE,"{""T_sp"": 309.0, ""L_sp"": 10.0, ""Fin_sp"": 0.0283}",False,known,True,,119.0,0.0,5911.0,16.68352690001484
outlet_block,"{""outlet_block_factor"": 0.6}",101,True,2089.0,level_error_large(|L_meas-L_sp|>0.7),SAFE,"{""T_sp"": 309.0, ""L_sp"": 10.0, ""Fin_sp"": 0.0233}",False,known,True,,119.0,0.0,5911.0,17.00752059998922
outlet_block,"{""outlet_block_factor"": 0.6}",101,True,2089.0,level_error_large(|L_meas-L_sp|>0.7),SAFE,"{""T_sp"": 309.0, ""L_sp"": 10.0, ""Fin_sp"": 0.0183}",False,known,True,,119.0,0.0,5911.0,16.978954099991824
outlet_block,"{""outlet_block_factor"": 0.6}",101,True,2089.0,level_error_large(|L_meas-L_sp|>0.7),SAFE,"{""T_sp"": 309.0, ""L_sp"": 10.0, ""Fin_sp"": 0.0133}",False,known,True,,119.0,0.0,5911.0,16.822294899990084
outlet_block,"{""outlet_block_factor"": 0.6}",101,True,2089.0,level_error_large(|L_meas-L_sp|>0.7),SAFE,"{""T_sp"": 309.0, ""L_sp"": 10.0, ""Fin_sp"": 0.0083}",False,known,True,,119.0,0.0,5911.0,17.237448300002143
outlet_block,"{""outlet_block_factor"": 0.6}",101,True,2089.0,level_error_large(|L_meas-L_sp|>0.7),SAFE,"{""T_sp"": 310.0, ""L_sp"": 9.0, ""Fin_sp"": 0.0333}",False,known,True,,119.0,0.0,5911.0,16.840168900002027
outlet_block,"{""outlet_block_factor"": 0.6}",101,True,2089.0,level_error_large(|L_meas-L_sp|>0.7),SAFE,"{""T_sp"": 310.0, ""L_sp"": 9.0, ""Fin_sp"": 0.0233}",False,known,True,,119.0,0.0,5911.0,16.554686999996193
outlet_block,"{""outlet_block_factor"": 0.6}",101,True,2089.0,level_error_large(|L_meas-L_sp|>0.7),SAFE,"{""T_sp"": 310.0, ""L_sp"": 8.0, ""Fin_sp"": 0.0333}",False,known,True,,257.0,0.009135510065978684,5911.0,17.079950100014685
outlet_block,"{""outlet_block_factor"": 0.6}",101,True,2089.0,level_error_large(|L_meas-L_sp|>0.7),SAFE,"{""T_sp"": 310.0, ""L_sp"": 8.0, ""Fin_sp"": 0.0233}",False,known,True,,119.0,0.0,5911.0,16.57427819998702
outlet_block,"{""outlet_block_factor"": 0.45}",101,True,2047.0,level_error_large(|L_meas-L_sp|>0.7),SAFE,"{""T_sp"": 310.0, ""L_sp"": 10.0, ""Fin_sp"": 0.0333}",True,known,False,slow_recovery,784.0,0.04737107340836553,5953.0,31.523026499984553
outlet_block,"{""outlet_block_factor"": 0.45}",101,True,2047.0,level_error_large(|L_meas-L_sp|>0.7),SAFE,"{""T_sp"": 310.0, ""L_sp"": 10.0, ""Fin_sp"": 0.0283}",False,known,True,,178.0,0.009910969259197043,5953.0,32.270055899978615
outlet_block,"{""outlet_block_factor"": 0.45}",101,True,2047.0,level_error_large(|L_meas-L_sp|>0.7),SAFE,"{""T_sp"": 310.0, ""L_sp"": 10.0, ""Fin_sp"": 0.0233}",False,known,True,,119.0,0.0,5953.0,23.287438600003952
outlet_block,"{""outlet_block_factor"": 0.45}",101,True,2047.0,level_error_large(|L_meas-L_sp|>0.7),SAFE,"{""T_sp"": 310.0, ""L_sp"": 10.0, ""Fin_sp"": 0.0183}",False,known,True,,119.0,0.0,5953.0,16.19804680001107
outlet_block,"{""outlet_block_factor"": 0.45}",101,True,2047.0,level_error_large(|L_meas-L_sp|>0.7),SAFE,"{""T_sp"": 310.0, ""L_sp"": 10.0, ""Fin_sp"": 0.0133}",False,known,True,,119.0,0.00016798252981689904,5953.0,17.582004900003085
outlet_block,"{""outlet_block_factor"": 0.45}",101,True,2047.0,level_error_large(|L_meas-L_sp|>0.7),SAFE,"{""T_sp"": 310.0, ""L_sp"": 10.0, ""Fin_sp"": 0.0083}",False,known,True,,119.0,0.0011758777087182933,5953.0,21.20391089998884
outlet_block,"{""outlet_block_factor"": 0.45}",101,True,2047.0,level_error_large(|L_meas-L_sp|>0.7),SAFE,"{""T_sp"": 309.0, ""L_sp"": 10.0, ""Fin_sp"": 0.0333}",False,known,False,slow_recovery,786.0,0.08550310767680161,5953.0,19.266995000012685
outlet_block,"{""outlet_block_factor"": 0.45}",101,True,2047.0,level_error_large(|L_meas-L_sp|>0.7),SAFE,"{""T_sp"": 309.0, ""L_sp"": 10.0, ""Fin_sp"": 0.0283}",False,known,True,,178.0,0.009910969259197043,5953.0,15.513277399993967
outlet_block,"{""outlet_block_factor"": 0.45}",101,True,2047.0,level_error_large(|L_meas-L_sp|>0.7),SAFE,"{""T_sp"": 309.0, ""L_sp"": 10.0, ""Fin_sp"": 0.0233}",False,known,True,,119.0,0.0,5953.0,16.3513149000064
outlet_block,"{""outlet_block_factor"": 0.45}",101,True,2047.0,level_error_large(|L_meas-L_sp|>0.7),SAFE,"{""T_sp"": 309.0, ""L_sp"": 10.0, ""Fin_sp"": 0.0183}",False,known,True,,119.0,0.0,5953.0,16.15115959997638
outlet_block,"{""outlet_block_factor"": 0.45}",101,True,2047.0,level_error_large(|L_meas-L_sp|>0.7),SAFE,"{""T_sp"": 309.0, ""L_sp"": 10.0, ""Fin_sp"": 0.0133}",False,known,True,,119.0,0.0,5953.0,16.350894100003643
outlet_block,"{""outlet_block_factor"": 0.45}",101,True,2047.0,level_error_large(|L_meas-L_sp|>0.7),SAFE,"{""T_sp"": 309.0, ""L_sp"": 10.0, ""Fin_sp"": 0.0083}",False,known,True,,119.0,0.00016798252981689904,5953.0,16.253402700007427
outlet_block,"{""outlet_block_factor"": 0.45}",101,True,2047.0,level_error_large(|L_meas-L_sp|>0.7),SAFE,"{""T_sp"": 310.0, ""L_sp"": 9.0, ""Fin_sp"": 0.0333}",False,known,False,slow_recovery,1096.0,0.05728204266756257,5953.0,16.065140499995323
outlet_block,"{""outlet_block_factor"": 0.45}",101,True,2047.0,level_error_large(|L_meas-L_sp|>0.7),SAFE,"{""T_sp"": 310.0, ""L_sp"": 9.0, ""Fin_sp"": 0.0233}",False,known,True,,119.0,0.0,5953.0,15.90686149999965
outlet_block,"{""outlet_block_factor"": 0.45}",101,True,2047.0,level_error_large(|L_meas-L_sp|>0.7),SAFE,"{""T_sp"": 310.0, ""L_sp"": 8.0, ""Fin_sp"": 0.0333}",False,known,False,slow_recovery,1393.0,0.07576012094742147,5953.0,16.797544800007017
outlet_block,"{""outlet_block_factor"": 0.45}",101,True,2047.0,level_error_large(|L_meas-L_sp|>0.7),SAFE,"{""T_sp"": 310.0, ""L_sp"": 8.0, ""Fin_sp"": 0.0233}",False,known,True,,286.0,0.02788509994960524,5953.0,15.896657600009348
outlet_block,"{""outlet_block_factor"": 0.45}",202,True,2047.0,level_error_large(|L_meas-L_sp|>0.7),SAFE,"{""T_sp"": 310.0, ""L_sp"": 10.0, ""Fin_sp"": 0.0333}",True,known,False,slow_recovery,777.0,0.04770703846799933,5953.0,33.331077199982246
outlet_block,"{""outlet_block_factor"": 0.45}",202,True,2047.0,level_error_large(|L_meas-L_sp|>0.7),SAFE,"{""T_sp"": 310.0, ""L_sp"": 10.0, ""Fin_sp"": 0.0283}",False,known,True,,179.0,0.010078951789013942,5953.0,30.965535099996487
outlet_block,"{""outlet_block_factor"": 0.45}",202,True,2047.0,level_error_large(|L_meas-L_sp|>0.7),SAFE,"{""T_sp"": 310.0, ""L_sp"": 10.0, ""Fin_sp"": 0.0233}",False,known,True,,119.0,0.0,5953.0,17.70310780001455
outlet_block,"{""outlet_block_factor"": 0.45}",202,True,2047.0,level_error_large(|L_meas-L_sp|>0.7),SAFE,"{""T_sp"": 310.0, ""L_sp"": 10.0, ""Fin_sp"": 0.0183}",False,known,True,,119.0,0.0,5953.0,17.633000400004676
outlet_block,"{""outlet_block_factor"": 0.45}",202,True,2047.0,level_error_large(|L_meas-L_sp|>0.7),SAFE,"{""T_sp"": 310.0, ""L_sp"": 10.0, ""Fin_sp"": 0.0133}",False,known,True,,119.0,0.0,5953.0,18.717726100003347
outlet_block,"{""outlet_block_factor"": 0.45}",202,True,2047.0,level_error_large(|L_meas-L_sp|>0.7),SAFE,"{""T_sp"": 310.0, ""L_sp"": 10.0, ""Fin_sp"": 0.0083}",False,known,True,,119.0,0.0023517554174365867,5953.0,19.972979099984514
outlet_block,"{""outlet_block_factor"": 0.45}",202,True,2047.0,level_error_large(|L_meas-L_sp|>0.7),SAFE,"{""T_sp"": 309.0, ""L_sp"": 10.0, ""Fin_sp"": 0.0333}",False,known,False,slow_recovery,780.0,0.08012766672266085,5953.0,19.176106099999743
outlet_block,"{""outlet_block_factor"": 0.45}",202,True,2047.0,level_error_large(|L_meas-L_sp|>0.7),SAFE,"{""T_sp"": 309.0, ""L_sp"": 10.0, ""Fin_sp"": 0.0283}",False,known,True,,179.0,0.010078951789013942,5953.0,15.858011799980886
outlet_block,"{""outlet_block_factor"": 0.45}",202,True,2047.0,level_error_large(|L_meas-L_sp|>0.7),SAFE,"{""T_sp"": 309.0, ""L_sp"": 10.0, ""Fin_sp"": 0.0233}",False,known,True,,119.0,0.0,5953.0,16.47216030000709
outlet_block,"{""outlet_block_factor"": 0.45}",202,True,2047.0,level_error_large(|L_meas-L_sp|>0.7),SAFE,"{""T_sp"": 309.0, ""L_sp"": 10.0, ""Fin_sp"": 0.0183}",False,known,True,,119.0,0.0,5953.0,15.728186799999094
outlet_block,"{""outlet_block_factor"": 0.45}",202,True,2047.0,level_error_large(|L_meas-L_sp|>0.7),SAFE,"{""T_sp"": 309.0, ""L_sp"": 10.0, ""Fin_sp"": 0.0133}",False,known,True,,119.0,0.0,5953.0,16.61990390002029
outlet_block,"{""outlet_block_factor"": 0.45}",202,True,2047.0,level_error_large(|L_meas-L_sp|>0.7),SAFE,"{""T_sp"": 309.0, ""L_sp"": 10.0, ""Fin_sp"": 0.0083}",False,known,True,,119.0,0.0,5953.0,16.275602900015656
outlet_block,"{""outlet_block_factor"": 0.45}",202,True,2047.0,level_error_large(|L_meas-L_sp|>0.7),SAFE,"{""T_sp"": 310.0, ""L_sp"": 9.0, ""Fin_sp"": 0.0333}",False,known,False,slow_recovery,1079.0,0.05963379808499916,5953.0,15.767302699998254
outlet_block,"{""outlet_block_factor"": 0.45}",202,True,2047.0,level_error_large(|L_meas-L_sp|>0.7),SAFE,"{""T_sp"": 310.0, ""L_sp"": 9.0, ""Fin_sp"": 0.0233}",False,known,True,,119.0,0.0,5953.0,16.04913500000839
outlet_block,"{""outlet_block_factor"": 0.45}",202,True,2047.0,level_error_large(|L_meas-L_sp|>0.7),SAFE,"{""T_sp"": 310.0, ""L_sp"": 8.0, ""Fin_sp"": 0.0333}",False,known,False,slow_recovery,1376.0,0.08180749202082983,5953.0,16.749894100008532
outlet_block,"{""outlet_block_factor"": 0.45}",202,True,2047.0,level_error_large(|L_meas-L_sp|>0.7),SAFE,"{""T_sp"": 310.0, ""L_sp"": 8.0, ""Fin_sp"": 0.0233}",False,known,True,,286.0,0.027717117419788342,5953.0,15.886896300013177
outlet_block,"{""outlet_block_factor"": 0.6}",303,True,2088.0,level_error_large(|L_meas-L_sp|>0.7),SAFE,"{""T_sp"": 310.0, ""L_sp"": 10.0, ""Fin_sp"": 0.0333}",True,known,True,,119.0,0.0,5912.0,32.7339850999997
outlet_block,"{""outlet_block_factor"": 0.6}",303,True,2088.0,level_error_large(|L_meas-L_sp|>0.7),SAFE,"{""T_sp"": 310.0, ""L_sp"": 10.0, ""Fin_sp"": 0.0283}",False,known,True,,119.0,0.0,5912.0,32.143561300006695
outlet_block,"{""outlet_block_factor"": 0.6}",303,True,2088.0,level_error_large(|L_meas-L_sp|>0.7),SAFE,"{""T_sp"": 310.0, ""L_sp"": 10.0, ""Fin_sp"": 0.0233}",False,known,True,,119.0,0.0,5912.0,23.525633200013544
outlet_block,"{""outlet_block_factor"": 0.6}",303,True,2088.0,level_error_large(|L_meas-L_sp|>0.7),SAFE,"{""T_sp"": 310.0, ""L_sp"": 10.0, ""Fin_sp"": 0.0183}",False,known,True,,119.0,0.0,5912.0,19.83112170000095
outlet_block,"{""outlet_block_factor"": 0.6}",303,True,2088.0,level_error_large(|L_meas-L_sp|>0.7),SAFE,"{""T_sp"": 310.0, ""L_sp"": 10.0, ""Fin_sp"": 0.0133}",False,known,True,,119.0,0.0,5912.0,17.104115499998443
outlet_block,"{""outlet_block_factor"": 0.6}",303,True,2088.0,level_error_large(|L_meas-L_sp|>0.7),SAFE,"{""T_sp"": 310.0, ""L_sp"": 10.0, ""Fin_sp"": 0.0083}",False,known,True,,119.0,0.0011840324763193505,5912.0,21.245880600006785
outlet_block,"{""outlet_block_factor"": 0.6}",303,True,2088.0,level_error_large(|L_meas-L_sp|>0.7),SAFE,"{""T_sp"": 309.0, ""L_sp"": 10.0, ""Fin_sp"": 0.0333}",False,known,True,,119.0,0.0,5912.0,22.62413790001301
outlet_block,"{""outlet_block_factor"": 0.6}",303,True,2088.0,level_error_large(|L_meas-L_sp|>0.7),SAFE,"{""T_sp"": 309.0, ""L_sp"": 10.0, ""Fin_sp"": 0.0283}",False,known,True,,119.0,0.0,5912.0,16.352001699997345
outlet_block,"{""outlet_block_factor"": 0.6}",303,True,2088.0,level_error_large(|L_meas-L_sp|>0.7),SAFE,"{""T_sp"": 309.0, ""L_sp"": 10.0, ""Fin_sp"": 0.0233}",False,known,True,,119.0,0.0,5912.0,16.991026500007138
outlet_block,"{""outlet_block_factor"": 0.6}",303,True,2088.0,level_error_large(|L_meas-L_sp|>0.7),SAFE,"{""T_sp"": 309.0, ""L_sp"": 10.0, ""Fin_sp"": 0.0183}",False,known,True,,119.0,0.0,5912.0,16.62080520001473
outlet_block,"{""outlet_block_factor"": 0.6}",303,True,2088.0,level_error_large(|L_meas-L_sp|>0.7),SAFE,"{""T_sp"": 309.0, ""L_sp"": 10.0, ""Fin_sp"": 0.0133}",False,known,True,,119.0,0.0,5912.0,17.302234300004784
outlet_block,"{""outlet_block_factor"": 0.6}",303,True,2088.0,level_error_large(|L_meas-L_sp|>0.7),SAFE,"{""T_sp"": 309.0, ""L_sp"": 10.0, ""Fin_sp"": 0.0083}",False,known,True,,119.0,0.0,5912.0,16.904267000005348
outlet_block,"{""outlet_block_factor"": 0.6}",303,True,2088.0,level_error_large(|L_meas-L_sp|>0.7),SAFE,"{""T_sp"": 310.0, ""L_sp"": 9.0, ""Fin_sp"": 0.0333}",False,known,True,,119.0,0.0,5912.0,16.85539769998286
outlet_block,"{""outlet_block_factor"": 0.6}",303,True,2088.0,level_error_large(|L_meas-L_sp|>0.7),SAFE,"{""T_sp"": 310.0, ""L_sp"": 9.0, ""Fin_sp"": 0.0233}",False,known,True,,119.0,0.0,5912.0,16.707617600011872
outlet_block,"{""outlet_block_factor"": 0.6}",303,True,2088.0,level_error_large(|L_meas-L_sp|>0.7),SAFE,"{""T_sp"": 310.0, ""L_sp"": 8.0, ""Fin_sp"": 0.0333}",False,known,True,,255.0,0.006258457374830852,5912.0,16.87526220001746
outlet_block,"{""outlet_block_factor"": 0.6}",303,True,2088.0,level_error_large(|L_meas-L_sp|>0.7),SAFE,"{""T_sp"": 310.0, ""L_sp"": 8.0, ""Fin_sp"": 0.0233}",False,known,True,,119.0,0.0,5912.0,16.768459799990524
outlet_block,"{""outlet_block_factor"": 0.3}",202,True,2034.0,level_error_large(|L_meas-L_sp|>0.7),SAFE,"{""T_sp"": 310.0, ""L_sp"": 10.0, ""Fin_sp"": 0.0333}",True,known,False,no_recovery,,0.8224941334227288,5966.0,19.503693900012877
outlet_block,"{""outlet_block_factor"": 0.3}",202,True,2034.0,level_error_large(|L_meas-L_sp|>0.7),SAFE,"{""T_sp"": 310.0, ""L_sp"": 10.0, ""Fin_sp"": 0.0283}",False,known,False,no_recovery,,0.8224941334227288,5966.0,20.505395000014687
outlet_block,"{""outlet_block_factor"": 0.3}",202,True,2034.0,level_error_large(|L_meas-L_sp|>0.7),SAFE,"{""T_sp"": 310.0, ""L_sp"": 10.0, ""Fin_sp"": 0.0233}",False,known,False,slow_recovery,2289.0,0.3057324840764331,5966.0,17.11205679998966
outlet_block,"{""outlet_block_factor"": 0.3}",202,True,2034.0,level_error_large(|L_meas-L_sp|>0.7),SAFE,"{""T_sp"": 310.0, ""L_sp"": 10.0, ""Fin_sp"": 0.0183}",False,known,True,,232.0,0.02061682869594368,5966.0,16.278486299997894
outlet_block,"{""outlet_block_factor"": 0.3}",202,True,2034.0,level_error_large(|L_meas-L_sp|>0.7),SAFE,"{""T_sp"": 310.0, ""L_sp"": 10.0, ""Fin_sp"": 0.0133}",False,known,True,,119.0,0.0,5966.0,16.333570100017823
outlet_block,"{""outlet_block_factor"": 0.3}",202,True,2034.0,level_error_large(|L_meas-L_sp|>0.7),SAFE,"{""T_sp"": 310.0, ""L_sp"": 10.0, ""Fin_sp"": 0.0083}",False,known,True,,119.0,0.0023466309084813944,5966.0,15.787817400007043
outlet_block,"{""outlet_block_factor"": 0.3}",202,True,2034.0,level_error_large(|L_meas-L_sp|>0.7),SAFE,"{""T_sp"": 309.0, ""L_sp"": 10.0, ""Fin_sp"": 0.0333}",False,known,False,no_recovery,,0.8224941334227288,5966.0,16.650557000015397
outlet_block,"{""outlet_block_factor"": 0.3}",202,True,2034.0,level_error_large(|L_meas-L_sp|>0.7),SAFE,"{""T_sp"": 309.0, ""L_sp"": 10.0, ""Fin_sp"": 0.0283}",False,known,False,no_recovery,,0.8224941334227288,5966.0,16.466148699983023
outlet_block,"{""outlet_block_factor"": 0.3}",202,True,2034.0,level_error_large(|L_meas-L_sp|>0.7),SAFE,"{""T_sp"": 309.0, ""L_sp"": 10.0, ""Fin_sp"": 0.0233}",False,known,False,slow_recovery,2289.0,0.6478377472343279,5966.0,15.923658300016541
outlet_block,"{""outlet_block_factor"": 0.3}",202,True,2034.0,level_error_large(|L_meas-L_sp|>0.7),SAFE,"{""T_sp"": 309.0, ""L_sp"": 10.0, ""Fin_sp"": 0.0183}",False,known,True,,232.0,0.02061682869594368,5966.0,16.556833699985873
outlet_block,"{""outlet_block_factor"": 0.3}",202,True,2034.0,level_error_large(|L_meas-L_sp|>0.7),SAFE,"{""T_sp"": 309.0, ""L_sp"": 10.0, ""Fin_sp"": 0.0133}",False,known,True,,119.0,0.0,5966.0,16.470369799993932
outlet_block,"{""outlet_block_factor"": 0.3}",202,True,2034.0,level_error_large(|L_meas-L_sp|>0.7),SAFE,"{""T_sp"": 309.0, ""L_sp"": 10.0, ""Fin_sp"": 0.0083}",False,known,True,,119.0,0.0,5966.0,15.974950400006492
outlet_block,"{""outlet_block_factor"": 0.3}",202,True,2034.0,level_error_large(|L_meas-L_sp|>0.7),SAFE,"{""T_sp"": 310.0, ""L_sp"": 9.0, ""Fin_sp"": 0.0333}",False,known,False,no_recovery,,0.8224941334227288,5966.0,16.894625099987024
outlet_block,"{""outlet_block_factor"": 0.3}",202,True,2034.0,level_error_large(|L_meas-L_sp|>0.7),SAFE,"{""T_sp"": 310.0, ""L_sp"": 9.0, ""Fin_sp"": 0.0233}",False,known,False,slow_recovery,3552.0,0.30070398927254444,5966.0,16.305526999989524
outlet_block,"{""outlet_block_factor"": 0.3}",202,True,2034.0,level_error_large(|L_meas-L_sp|>0.7),SAFE,"{""T_sp"": 310.0, ""L_sp"": 8.0, ""Fin_sp"": 0.0333}",False,known,False,no_recovery,,0.8224941334227288,5966.0,16.28260110001429
outlet_block,"{""outlet_block_factor"": 0.3}",202,True,2034.0,level_error_large(|L_meas-L_sp|>0.7),SAFE,"{""T_sp"": 310.0, ""L_sp"": 8.0, ""Fin_sp"": 0.0233}",False,known,False,slow_recovery,4655.0,0.3055648675829702,5966.0,16.9311669000017
outlet_block,"{""outlet_block_factor"": 0.3}",303,True,2034.0,level_error_large(|L_meas-L_sp|>0.7),SAFE,"{""T_sp"": 310.0, ""L_sp"": 10.0, ""Fin_sp"": 0.0333}",True,known,False,no_recovery,,0.8224941334227288,5966.0,19.40844600001583
outlet_block,"{""outlet_block_factor"": 0.3}",303,True,2034.0,level_error_large(|L_meas-L_sp|>0.7),SAFE,"{""T_sp"": 310.0, ""L_sp"": 10.0, ""Fin_sp"": 0.0283}",False,known,False,no_recovery,,0.8224941334227288,5966.0,20.854121500015026
outlet_block,"{""outlet_block_factor"": 0.3}",303,True,2034.0,level_error_large(|L_meas-L_sp|>0.7),SAFE,"{""T_sp"": 310.0, ""L_sp"": 10.0, ""Fin_sp"": 0.0233}",False,known,False,slow_recovery,2338.0,0.29818974187060004,5966.0,16.582057399995392
outlet_block,"{""outlet_block_factor"": 0.3}",303,True,2034.0,level_error_large(|L_meas-L_sp|>0.7),SAFE,"{""T_sp"": 310.0, ""L_sp"": 10.0, ""Fin_sp"": 0.0183}",False,known,True,,232.0,0.021119678176332552,5966.0,16.436979499994777
outlet_block,"{""outlet_block_factor"": 0.3}",303,True,2034.0,level_error_large(|L_meas-L_sp|>0.7),SAFE,"{""T_sp"": 310.0, ""L_sp"": 10.0, ""Fin_sp"": 0.0133}",False,known,True,,119.0,0.0,5966.0,16.35844709997764
outlet_block,"{""outlet_block_factor"": 0.3}",303,True,2034.0,level_error_large(|L_meas-L_sp|>0.7),SAFE,"{""T_sp"": 310.0, ""L_sp"": 10.0, ""Fin_sp"": 0.0083}",False,known,True,,119.0,0.0015085484411666108,5966.0,16.3234788000118
outlet_block,"{""outlet_block_factor"": 0.3}",303,True,2034.0,level_error_large(|L_meas-L_sp|>0.7),SAFE,"{""T_sp"": 309.0, ""L_sp"": 10.0, ""Fin_sp"": 0.0333}",False,known,False,no_recovery,,0.8224941334227288,5966.0,16.45092050000676
outlet_block,"{""outlet_block_factor"": 0.3}",303,True,2034.0,level_error_large(|L_meas-L_sp|>0.7),SAFE,"{""T_sp"": 309.0, ""L_sp"": 10.0, ""Fin_sp"": 0.0283}",False,known,False,no_recovery,,0.8224941334227288,5966.0,16.404765899991617
outlet_block,"{""outlet_block_factor"": 0.3}",303,True,2034.0,level_error_large(|L_meas-L_sp|>0.7),SAFE,"{""T_sp"": 309.0, ""L_sp"": 10.0, ""Fin_sp"": 0.0233}",False,known,False,slow_recovery,2338.0,0.6446530338585317,5966.0,15.772334100009175
outlet_block,"{""outlet_block_factor"": 0.3}",303,True,2034.0,level_error_large(|L_meas-L_sp|>0.7),SAFE,"{""T_sp"": 309.0, ""L_sp"": 10.0, ""Fin_sp"": 0.0183}",False,known,True,,232.0,0.021119678176332552,5966.0,16.580083699984243
outlet_block,"{""outlet_block_factor"": 0.3}",303,True,2034.0,level_error_large(|L_meas-L_sp|>0.7),SAFE,"{""T_sp"": 309.0, ""L_sp"": 10.0, ""Fin_sp"": 0.0133}",False,known,True,,119.0,0.0,5966.0,16.310837299999548
outlet_block,"{""outlet_block_factor"": 0.3}",303,True,2034.0,level_error_large(|L_meas-L_sp|>0.7),SAFE,"{""T_sp"": 309.0, ""L_sp"": 10.0, ""Fin_sp"": 0.0083}",False,known,True,,119.0,0.0,5966.0,16.164944600022864
outlet_block,"{""outlet_block_factor"": 0.3}",303,True,2034.0,level_error_large(|L_meas-L_sp|>0.7),SAFE,"{""T_sp"": 310.0, ""L_sp"": 9.0, ""Fin_sp"": 0.0333}",False,known,False,no_recovery,,0.8224941334227288,5966.0,16.727795600018
outlet_block,"{""outlet_block_factor"": 0.3}",303,True,2034.0,level_error_large(|L_meas-L_sp|>0.7),SAFE,"{""T_sp"": 310.0, ""L_sp"": 9.0, ""Fin_sp"": 0.0233}",False,known,False,slow_recovery,3591.0,0.2928260140797854,5966.0,16.293914399982896
outlet_block,"{""outlet_block_factor"": 0.3}",303,True,2034.0,level_error_large(|L_meas-L_sp|>0.7),SAFE,"{""T_sp"": 310.0, ""L_sp"": 8.0, ""Fin_sp"": 0.0333}",False,known,False,no_recovery,,0.8224941334227288,5966.0,16.3676395000075
outlet_block,"{""outlet_block_factor"": 0.3}",303,True,2034.0,level_error_large(|L_meas-L_sp|>0.7),SAFE,"{""T_sp"": 310.0, ""L_sp"": 8.0, ""Fin_sp"": 0.0233}",False,known,False,slow_recovery,4622.0,0.2980221253771371,5966.0,16.707775099988794
outlet_block,"{""outlet_block_factor"": 0.45}",303,True,2047.0,level_error_large(|L_meas-L_sp|>0.7),SAFE,"{""T_sp"": 310.0, ""L_sp"": 10.0, ""Fin_sp"": 0.0333}",True,known,False,slow_recovery,786.0,0.04703510834873173,5953.0,17.574967099993955
outlet_block,"{""outlet_block_factor"": 0.45}",303,True,2047.0,level_error_large(|L_meas-L_sp|>0.7),SAFE,"{""T_sp"": 310.0, ""L_sp"": 10.0, ""Fin_sp"": 0.0283}",False,known,True,,179.0,0.010078951789013942,5953.0,22.778731800004607
outlet_block,"{""outlet_block_factor"": 0.45}",303,True,2047.0,level_error_large(|L_meas-L_sp|>0.7),SAFE,"{""T_sp"": 310.0, ""L_sp"": 10.0, ""Fin_sp"": 0.0233}",False,known,True,,119.0,0.0,5953.0,21.256887199997436
outlet_block,"{""outlet_block_factor"": 0.45}",303,True,2047.0,level_error_large(|L_meas-L_sp|>0.7),SAFE,"{""T_sp"": 310.0, ""L_sp"": 10.0, ""Fin_sp"": 0.0183}",False,known,True,,119.0,0.0,5953.0,16.86921929998789
outlet_block,"{""outlet_block_factor"": 0.45}",303,True,2047.0,level_error_large(|L_meas-L_sp|>0.7),SAFE,"{""T_sp"": 310.0, ""L_sp"": 10.0, ""Fin_sp"": 0.0133}",False,known,True,,119.0,0.0,5953.0,17.273365200002445
outlet_block,"{""outlet_block_factor"": 0.45}",303,True,2047.0,level_error_large(|L_meas-L_sp|>0.7),SAFE,"{""T_sp"": 310.0, ""L_sp"": 10.0, ""Fin_sp"": 0.0083}",False,known,True,,119.0,0.0010078951789013943,5953.0,16.978575399989495
outlet_block,"{""outlet_block_factor"": 0.45}",303,True,2047.0,level_error_large(|L_meas-L_sp|>0.7),SAFE,"{""T_sp"": 309.0, ""L_sp"": 10.0, ""Fin_sp"": 0.0333}",False,known,False,slow_recovery,788.0,0.08197547455064673,5953.0,17.403356700000586
outlet_block,"{""outlet_block_factor"": 0.45}",303,True,2047.0,level_error_large(|L_meas-L_sp|>0.7),SAFE,"{""T_sp"": 309.0, ""L_sp"": 10.0, ""Fin_sp"": 0.0283}",False,known,True,,179.0,0.010078951789013942,5953.0,16.87695900001563
outlet_block,"{""outlet_block_factor"": 0.45}",303,True,2047.0,level_error_large(|L_meas-L_sp|>0.7),SAFE,"{""T_sp"": 309.0, ""L_sp"": 10.0, ""Fin_sp"": 0.0233}",False,known,True,,119.0,0.0,5953.0,16.675061999994796
outlet_block,"{""outlet_block_factor"": 0.45}",303,True,2047.0,level_error_large(|L_meas-L_sp|>0.7),SAFE,"{""T_sp"": 309.0, ""L_sp"": 10.0, ""Fin_sp"": 0.0183}",False,known,True,,119.0,0.0,5953.0,17.237387799978023
outlet_block,"{""outlet_block_factor"": 0.45}",303,True,2047.0,level_error_large(|L_meas-L_sp|>0.7),SAFE,"{""T_sp"": 309.0, ""L_sp"": 10.0, ""Fin_sp"": 0.0133}",False,known,True,,119.0,0.0,5953.0,17.235745499987388
outlet_block,"{""outlet_block_factor"": 0.45}",303,True,2047.0,level_error_large(|L_meas-L_sp|>0.7),SAFE,"{""T_sp"": 309.0, ""L_sp"": 10.0, ""Fin_sp"": 0.0083}",False,known,True,,119.0,0.0,5953.0,17.08206919999793
outlet_block,"{""outlet_block_factor"": 0.45}",303,True,2047.0,level_error_large(|L_meas-L_sp|>0.7),SAFE,"{""T_sp"": 310.0, ""L_sp"": 9.0, ""Fin_sp"": 0.0333}",False,known,False,slow_recovery,1079.0,0.06064169326390056,5953.0,17.036612299998524
outlet_block,"{""outlet_block_factor"": 0.45}",303,True,2047.0,level_error_large(|L_meas-L_sp|>0.7),SAFE,"{""T_sp"": 310.0, ""L_sp"": 9.0, ""Fin_sp"": 0.0233}",False,known,True,,119.0,0.0,5953.0,16.507592600013595
outlet_block,"{""outlet_block_factor"": 0.45}",303,True,2047.0,level_error_large(|L_meas-L_sp|>0.7),SAFE,"{""T_sp"": 310.0, ""L_sp"": 8.0, ""Fin_sp"": 0.0333}",False,known,False,slow_recovery,1375.0,0.0722324878212666,5953.0,16.9591157999821
outlet_block,"{""outlet_block_factor"": 0.45}",303,True,2047.0,level_error_large(|L_meas-L_sp|>0.7),SAFE,"{""T_sp"": 310.0, ""L_sp"": 8.0, ""Fin_sp"": 0.0233}",False,known,True,,283.0,0.027381152360154544,5953.0,17.201905300025828
outlet_block,"{""outlet_block_factor"": 0.3}",101,True,2034.0,level_error_large(|L_meas-L_sp|>0.7),SAFE,"{""T_sp"": 310.0, ""L_sp"": 10.0, ""Fin_sp"": 0.0333}",True,known,False,no_recovery,,0.8224941334227288,5966.0,20.335289300011937
outlet_block,"{""outlet_block_factor"": 0.3}",101,True,2034.0,level_error_large(|L_meas-L_sp|>0.7),SAFE,"{""T_sp"": 310.0, ""L_sp"": 10.0, ""Fin_sp"": 0.0283}",False,known,False,no_recovery,,0.8224941334227288,5966.0,21.563196799979778
outlet_block,"{""outlet_block_factor"": 0.3}",101,True,2034.0,level_error_large(|L_meas-L_sp|>0.7),SAFE,"{""T_sp"": 310.0, ""L_sp"": 10.0, ""Fin_sp"": 0.0233}",False,known,False,slow_recovery,2316.0,0.30087160576600736,5966.0,18.337356700008968
outlet_block,"{""outlet_block_factor"": 0.3}",101,True,2034.0,level_error_large(|L_meas-L_sp|>0.7),SAFE,"{""T_sp"": 310.0, ""L_sp"": 10.0, ""Fin_sp"": 0.0183}",False,known,True,,231.0,0.02078444518940664,5966.0,17.168733900005464
outlet_block,"{""outlet_block_factor"": 0.3}",101,True,2034.0,level_error_large(|L_meas-L_sp|>0.7),SAFE,"{""T_sp"": 310.0, ""L_sp"": 10.0, ""Fin_sp"": 0.0133}",False,known,True,,119.0,0.00016761649346295676,5966.0,17.12764709998737
outlet_block,"{""outlet_block_factor"": 0.3}",101,True,2034.0,level_error_large(|L_meas-L_sp|>0.7),SAFE,"{""T_sp"": 310.0, ""L_sp"": 10.0, ""Fin_sp"": 0.0083}",False,known,True,,119.0,0.0011733154542406972,5966.0,17.2087448000093
outlet_block,"{""outlet_block_factor"": 0.3}",101,True,2034.0,level_error_large(|L_meas-L_sp|>0.7),SAFE,"{""T_sp"": 309.0, ""L_sp"": 10.0, ""Fin_sp"": 0.0333}",False,known,False,no_recovery,,0.8224941334227288,5966.0,17.22090240000398
outlet_block,"{""outlet_block_factor"": 0.3}",101,True,2034.0,level_error_large(|L_meas-L_sp|>0.7),SAFE,"{""T_sp"": 309.0, ""L_sp"": 10.0, ""Fin_sp"": 0.0283}",False,known,False,no_recovery,,0.8224941334227288,5966.0,17.09349250001833
outlet_block,"{""outlet_block_factor"": 0.3}",101,True,2034.0,level_error_large(|L_meas-L_sp|>0.7),SAFE,"{""T_sp"": 309.0, ""L_sp"": 10.0, ""Fin_sp"": 0.0233}",False,known,False,slow_recovery,2330.0,0.6486758297016426,5966.0,16.813737800024683
outlet_block,"{""outlet_block_factor"": 0.3}",101,True,2034.0,level_error_large(|L_meas-L_sp|>0.7),SAFE,"{""T_sp"": 309.0, ""L_sp"": 10.0, ""Fin_sp"": 0.0183}",False,known,True,,231.0,0.02078444518940664,5966.0,17.181958599976497
outlet_block,"{""outlet_block_factor"": 0.3}",101,True,2034.0,level_error_large(|L_meas-L_sp|>0.7),SAFE,"{""T_sp"": 309.0, ""L_sp"": 10.0, ""Fin_sp"": 0.0133}",False,known,True,,119.0,0.0,5966.0,16.658161200000905
outlet_block,"{""outlet_block_factor"": 0.3}",101,True,2034.0,level_error_large(|L_meas-L_sp|>0.7),SAFE,"{""T_sp"": 309.0, ""L_sp"": 10.0, ""Fin_sp"": 0.0083}",False,known,True,,119.0,0.00016761649346295676,5966.0,16.837407799990615
outlet_block,"{""outlet_block_factor"": 0.3}",101,True,2034.0,level_error_large(|L_meas-L_sp|>0.7),SAFE,"{""T_sp"": 310.0, ""L_sp"": 9.0, ""Fin_sp"": 0.0333}",False,known,False,no_recovery,,0.8224941334227288,5966.0,17.038558500004
outlet_block,"{""outlet_block_factor"": 0.3}",101,True,2034.0,level_error_large(|L_meas-L_sp|>0.7),SAFE,"{""T_sp"": 310.0, ""L_sp"": 9.0, ""Fin_sp"": 0.0233}",False,known,False,slow_recovery,3567.0,0.2976868923902112,5966.0,16.9500802999828
outlet_block,"{""outlet_block_factor"": 0.3}",101,True,2034.0,level_error_large(|L_meas-L_sp|>0.7),SAFE,"{""T_sp"": 310.0, ""L_sp"": 8.0, ""Fin_sp"": 0.0333}",False,known,False,no_recovery,,0.8224941334227288,5966.0,17.282363400008762
outlet_block,"{""outlet_block_factor"": 0.3}",101,True,2034.0,level_error_large(|L_meas-L_sp|>0.7),SAFE,"{""T_sp"": 310.0, ""L_sp"": 8.0, ""Fin_sp"": 0.0233}",False,known,False,slow_recovery,4634.0,0.29936305732484075,5966.0,16.976232599990908
outlet_block,"{""outlet_block_factor"": 0.2}",101,True,2029.0,level_error_large(|L_meas-L_sp|>0.7),SAFE,"{""T_sp"": 310.0, ""L_sp"": 10.0, ""Fin_sp"": 0.0333}",True,known,False,no_recovery,,0.8226427734047899,5971.0,16.452879800024675
outlet_block,"{""outlet_block_factor"": 0.2}",101,True,2029.0,level_error_large(|L_meas-L_sp|>0.7),SAFE,"{""T_sp"": 310.0, ""L_sp"": 10.0, ""Fin_sp"": 0.0283}",False,known,False,no_recovery,,0.8226427734047899,5971.0,15.94097579998197
outlet_block,"{""outlet_block_factor"": 0.2}",101,True,2029.0,level_error_large(|L_meas-L_sp|>0.7),SAFE,"{""T_sp"": 310.0, ""L_sp"": 10.0, ""Fin_sp"": 0.0233}",False,known,False,no_recovery,,0.8226427734047899,5971.0,16.710126299993135
outlet_block,"{""outlet_block_factor"": 0.2}",101,True,2029.0,level_error_large(|L_meas-L_sp|>0.7),SAFE,"{""T_sp"": 310.0, ""L_sp"": 10.0, ""Fin_sp"": 0.0183}",False,known,False,no_recovery,,0.8226427734047899,5971.0,16.375046499975724
outlet_block,"{""outlet_block_factor"": 0.2}",101,True,2029.0,level_error_large(|L_meas-L_sp|>0.7),SAFE,"{""T_sp"": 310.0, ""L_sp"": 10.0, ""Fin_sp"": 0.0133}",False,known,False,slow_recovery,855.0,0.10651482163791659,5971.0,15.873625800013542
outlet_block,"{""outlet_block_factor"": 0.2}",101,True,2029.0,level_error_large(|L_meas-L_sp|>0.7),SAFE,"{""T_sp"": 310.0, ""L_sp"": 10.0, ""Fin_sp"": 0.0083}",False,known,True,,119.0,0.001339809077206498,5971.0,16.37059040000895
outlet_block,"{""outlet_block_factor"": 0.2}",101,True,2029.0,level_error_large(|L_meas-L_sp|>0.7),SAFE,"{""T_sp"": 309.0, ""L_sp"": 10.0, ""Fin_sp"": 0.0333}",False,known,False,no_recovery,,0.8226427734047899,5971.0,16.616262700001244
outlet_block,"{""outlet_block_factor"": 0.2}",101,True,2029.0,level_error_large(|L_meas-L_sp|>0.7),SAFE,"{""T_sp"": 309.0, ""L_sp"": 10.0, ""Fin_sp"": 0.0283}",False,known,False,no_recovery,,0.8226427734047899,5971.0,16.063425400003325
outlet_block,"{""outlet_block_factor"": 0.2}",101,True,2029.0,level_error_large(|L_meas-L_sp|>0.7),SAFE,"{""T_sp"": 309.0, ""L_sp"": 10.0, ""Fin_sp"": 0.0233}",False,known,False,no_recovery,,0.8226427734047899,5971.0,16.575106200005393
outlet_block,"{""outlet_block_factor"": 0.2}",101,True,2029.0,level_error_large(|L_meas-L_sp|>0.7),SAFE,"{""T_sp"": 309.0, ""L_sp"": 10.0, ""Fin_sp"": 0.0183}",False,known,False,no_recovery,,0.8226427734047899,5971.0,16.35016309999628
outlet_block,"{""outlet_block_factor"": 0.2}",101,True,2029.0,level_error_large(|L_meas-L_sp|>0.7),SAFE,"{""T_sp"": 309.0, ""L_sp"": 10.0, ""Fin_sp"": 0.0133}",False,known,False,slow_recovery,852.0,0.09680120582816949,5971.0,16.174892700015334
outlet_block,"{""outlet_block_factor"": 0.2}",101,True,2029.0,level_error_large(|L_meas-L_sp|>0.7),SAFE,"{""T_sp"": 309.0, ""L_sp"": 10.0, ""Fin_sp"": 0.0083}",False,known,True,,119.0,0.00016747613465081226,5971.0,16.571882899996126
outlet_block,"{""outlet_block_factor"": 0.2}",101,True,2029.0,level_error_large(|L_meas-L_sp|>0.7),SAFE,"{""T_sp"": 310.0, ""L_sp"": 9.0, ""Fin_sp"": 0.0333}",False,known,False,no_recovery,,0.8226427734047899,5971.0,15.532605900021736
outlet_block,"{""outlet_block_factor"": 0.2}",101,True,2029.0,level_error_large(|L_meas-L_sp|>0.7),SAFE,"{""T_sp"": 310.0, ""L_sp"": 9.0, ""Fin_sp"": 0.0233}",False,known,False,no_recovery,,0.8226427734047899,5971.0,15.261308499990264
outlet_block,"{""outlet_block_factor"": 0.2}",101,True,2029.0,level_error_large(|L_meas-L_sp|>0.7),SAFE,"{""T_sp"": 310.0, ""L_sp"": 8.0, ""Fin_sp"": 0.0333}",False,known,False,no_recovery,,0.8226427734047899,5971.0,15.43539879997843
outlet_block,"{""outlet_block_factor"": 0.2}",101,True,2029.0,level_error_large(|L_meas-L_sp|>0.7),SAFE,"{""T_sp"": 310.0, ""L_sp"": 8.0, ""Fin_sp"": 0.0233}",False,known,False,no_recovery,,0.8226427734047899,5971.0,15.480831599998055
outlet_block,"{""outlet_block_factor"": 0.2}",202,True,2029.0,level_error_large(|L_meas-L_sp|>0.7),SAFE,"{""T_sp"": 310.0, ""L_sp"": 10.0, ""Fin_sp"": 0.0333}",True,known,False,no_recovery,,0.8226427734047899,5971.0,15.956552999996347
outlet_block,"{""outlet_block_factor"": 0.2}",202,True,2029.0,level_error_large(|L_meas-L_sp|>0.7),SAFE,"{""T_sp"": 310.0, ""L_sp"": 10.0, ""Fin_sp"": 0.0283}",False,known,False,no_recovery,,0.8226427734047899,5971.0,16.80273659998784
outlet_block,"{""outlet_block_factor"": 0.2}",202,True,2029.0,level_error_large(|L_meas-L_sp|>0.7),SAFE,"{""T_sp"": 310.0, ""L_sp"": 10.0, ""Fin_sp"": 0.0233}",False,known,False,no_recovery,,0.8226427734047899,5971.0,16.424745399999665
outlet_block,"{""outlet_block_factor"": 0.2}",202,True,2029.0,level_error_large(|L_meas-L_sp|>0.7),SAFE,"{""T_sp"": 310.0, ""L_sp"": 10.0, ""Fin_sp"": 0.0183}",False,known,False,no_recovery,,0.8226427734047899,5971.0,15.970196899987059
outlet_block,"{""outlet_block_factor"": 0.2}",202,True,2029.0,level_error_large(|L_meas-L_sp|>0.7),SAFE,"{""T_sp"": 310.0, ""L_sp"": 10.0, ""Fin_sp"": 0.0133}",False,known,False,slow_recovery,853.0,0.10751967844582147,5971.0,16.154718400008278
outlet_block,"{""outlet_block_factor"": 0.2}",202,True,2029.0,level_error_large(|L_meas-L_sp|>0.7),SAFE,"{""T_sp"": 310.0, ""L_sp"": 10.0, ""Fin_sp"": 0.0083}",False,known,True,,119.0,0.0023446658851113715,5971.0,16.490205200010678
outlet_block,"{""outlet_block_factor"": 0.2}",202,True,2029.0,level_error_large(|L_meas-L_sp|>0.7),SAFE,"{""T_sp"": 309.0, ""L_sp"": 10.0, ""Fin_sp"": 0.0333}",False,known,False,no_recovery,,0.8226427734047899,5971.0,16.225422299990896
outlet_block,"{""outlet_block_factor"": 0.2}",202,True,2029.0,level_error_large(|L_meas-L_sp|>0.7),SAFE,"{""T_sp"": 309.0, ""L_sp"": 10.0, ""Fin_sp"": 0.0283}",False,known,False,no_recovery,,0.8226427734047899,5971.0,16.746726699988358
outlet_block,"{""outlet_block_factor"": 0.2}",202,True,2029.0,level_error_large(|L_meas-L_sp|>0.7),SAFE,"{""T_sp"": 309.0, ""L_sp"": 10.0, ""Fin_sp"": 0.0233}",False,known,False,no_recovery,,0.8226427734047899,5971.0,16.48872890000348
outlet_block,"{""outlet_block_factor"": 0.2}",202,True,2029.0,level_error_large(|L_meas-L_sp|>0.7),SAFE,"{""T_sp"": 309.0, ""L_sp"": 10.0, ""Fin_sp"": 0.0183}",False,known,False,no_recovery,,0.8226427734047899,5971.0,16.294092199997976
outlet_block,"{""outlet_block_factor"": 0.2}",202,True,2029.0,level_error_large(|L_meas-L_sp|>0.7),SAFE,"{""T_sp"": 309.0, ""L_sp"": 10.0, ""Fin_sp"": 0.0133}",False,known,False,slow_recovery,853.0,0.0983084910400268,5971.0,16.77856880001491
outlet_block,"{""outlet_block_factor"": 0.2}",202,True,2029.0,level_error_large(|L_meas-L_sp|>0.7),SAFE,"{""T_sp"": 309.0, ""L_sp"": 10.0, ""Fin_sp"": 0.0083}",False,known,True,,119.0,0.0,5971.0,15.610234599997057
outlet_block,"{""outlet_block_factor"": 0.2}",202,True,2029.0,level_error_large(|L_meas-L_sp|>0.7),SAFE,"{""T_sp"": 310.0, ""L_sp"": 9.0, ""Fin_sp"": 0.0333}",False,known,False,no_recovery,,0.8226427734047899,5971.0,15.371404799981974
outlet_block,"{""outlet_block_factor"": 0.2}",202,True,2029.0,level_error_large(|L_meas-L_sp|>0.7),SAFE,"{""T_sp"": 310.0, ""L_sp"": 9.0, ""Fin_sp"": 0.0233}",False,known,False,no_recovery,,0.8226427734047899,5971.0,15.551763199997367
outlet_block,"{""outlet_block_factor"": 0.2}",202,True,2029.0,level_error_large(|L_meas-L_sp|>0.7),SAFE,"{""T_sp"": 310.0, ""L_sp"": 8.0, ""Fin_sp"": 0.0333}",False,known,False,no_recovery,,0.8226427734047899,5971.0,15.38250939999125
outlet_block,"{""outlet_block_factor"": 0.2}",202,True,2029.0,level_error_large(|L_meas-L_sp|>0.7),SAFE,"{""T_sp"": 310.0, ""L_sp"": 8.0, ""Fin_sp"": 0.0233}",False,known,False,no_recovery,,0.8226427734047899,5971.0,15.438797600014368
outlet_block,"{""outlet_block_factor"": 0.2}",303,True,2029.0,level_error_large(|L_meas-L_sp|>0.7),SAFE,"{""T_sp"": 310.0, ""L_sp"": 10.0, ""Fin_sp"": 0.0333}",True,known,False,no_recovery,,0.8226427734047899,5971.0,17.311363200016785
outlet_block,"{""outlet_block_factor"": 0.2}",303,True,2029.0,level_error_large(|L_meas-L_sp|>0.7),SAFE,"{""T_sp"": 310.0, ""L_sp"": 10.0, ""Fin_sp"": 0.0283}",False,known,False,no_recovery,,0.8226427734047899,5971.0,17.05626260000281
outlet_block,"{""outlet_block_factor"": 0.2}",303,True,2029.0,level_error_large(|L_meas-L_sp|>0.7),SAFE,"{""T_sp"": 310.0, ""L_sp"": 10.0, ""Fin_sp"": 0.0233}",False,known,False,no_recovery,,0.8226427734047899,5971.0,17.18778169999132
outlet_block,"{""outlet_block_factor"": 0.2}",303,True,2029.0,level_error_large(|L_meas-L_sp|>0.7),SAFE,"{""T_sp"": 310.0, ""L_sp"": 10.0, ""Fin_sp"": 0.0183}",False,known,False,no_recovery,,0.8226427734047899,5971.0,17.021267500007525
outlet_block,"{""outlet_block_factor"": 0.2}",303,True,2029.0,level_error_large(|L_meas-L_sp|>0.7),SAFE,"{""T_sp"": 310.0, ""L_sp"": 10.0, ""Fin_sp"": 0.0133}",False,known,False,slow_recovery,858.0,0.10768715458047229,5971.0,17.413832399994135
outlet_block,"{""outlet_block_factor"": 0.2}",303,True,2029.0,level_error_large(|L_meas-L_sp|>0.7),SAFE,"{""T_sp"": 310.0, ""L_sp"": 10.0, ""Fin_sp"": 0.0083}",False,known,True,,119.0,0.0015072852118573103,5971.0,16.83370349998586
outlet_block,"{""outlet_block_factor"": 0.2}",303,True,2029.0,level_error_large(|L_meas-L_sp|>0.7),SAFE,"{""T_sp"": 309.0, ""L_sp"": 10.0, ""Fin_sp"": 0.0333}",False,known,False,no_recovery,,0.8226427734047899,5971.0,17.03153160001966
outlet_block,"{""outlet_block_factor"": 0.2}",303,True,2029.0,level_error_large(|L_meas-L_sp|>0.7),SAFE,"{""T_sp"": 309.0, ""L_sp"": 10.0, ""Fin_sp"": 0.0283}",False,known,False,no_recovery,,0.8226427734047899,5971.0,17.19606859999476
outlet_block,"{""outlet_block_factor"": 0.2}",303,True,2029.0,level_error_large(|L_meas-L_sp|>0.7),SAFE,"{""T_sp"": 309.0, ""L_sp"": 10.0, ""Fin_sp"": 0.0233}",False,known,False,no_recovery,,0.8226427734047899,5971.0,16.617105799989076
outlet_block,"{""outlet_block_factor"": 0.2}",303,True,2029.0,level_error_large(|L_meas-L_sp|>0.7),SAFE,"{""T_sp"": 309.0, ""L_sp"": 10.0, ""Fin_sp"": 0.0183}",False,known,False,no_recovery,,0.8226427734047899,5971.0,17.26052380001056
outlet_block,"{""outlet_block_factor"": 0.2}",303,True,2029.0,level_error_large(|L_meas-L_sp|>0.7),SAFE,"{""T_sp"": 309.0, ""L_sp"": 10.0, ""Fin_sp"": 0.0133}",False,known,False,slow_recovery,855.0,0.09395411153910568,5971.0,17.089877999998862
outlet_block,"{""outlet_block_factor"": 0.2}",303,True,2029.0,level_error_large(|L_meas-L_sp|>0.7),SAFE,"{""T_sp"": 309.0, ""L_sp"": 10.0, ""Fin_sp"": 0.0083}",False,known,True,,119.0,0.0,5971.0,16.318797100015217
outlet_block,"{""outlet_block_factor"": 0.2}",303,True,2029.0,level_error_large(|L_meas-L_sp|>0.7),SAFE,"{""T_sp"": 310.0, ""L_sp"": 9.0, ""Fin_sp"": 0.0333}",False,known,False,no_recovery,,0.8226427734047899,5971.0,16.449467900005402
outlet_block,"{""outlet_block_factor"": 0.2}",303,True,2029.0,level_error_large(|L_meas-L_sp|>0.7),SAFE,"{""T_sp"": 310.0, ""L_sp"": 9.0, ""Fin_sp"": 0.0233}",False,known,False,no_recovery,,0.8226427734047899,5971.0,16.42519280000124
outlet_block,"{""outlet_block_factor"": 0.2}",303,True,2029.0,level_error_large(|L_meas-L_sp|>0.7),SAFE,"{""T_sp"": 310.0, ""L_sp"": 8.0, ""Fin_sp"": 0.0333}",False,known,False,no_recovery,,0.8226427734047899,5971.0,16.251521300000604
outlet_block,"{""outlet_block_factor"": 0.2}",303,True,2029.0,level_error_large(|L_meas-L_sp|>0.7),SAFE,"{""T_sp"": 310.0, ""L_sp"": 8.0, ""Fin_sp"": 0.0233}",False,known,False,no_recovery,,0.8226427734047899,5971.0,16.04414139999426
outlet_block,"{""outlet_block_factor"": 0.1}",101,True,2025.0,level_error_large(|L_meas-L_sp|>0.7),SAFE,"{""T_sp"": 310.0, ""L_sp"": 10.0, ""Fin_sp"": 0.0333}",True,known,False,no_recovery,,0.8227615062761506,5975.0,16.526187999988906
outlet_block,"{""outlet_block_factor"": 0.1}",101,True,2025.0,level_error_large(|L_meas-L_sp|>0.7),SAFE,"{""T_sp"": 310.0, ""L_sp"": 10.0, ""Fin_sp"": 0.0283}",False,known,False,no_recovery,,0.8227615062761506,5975.0,16.005268300010357
outlet_block,"{""outlet_block_factor"": 0.1}",101,True,2025.0,level_error_large(|L_meas-L_sp|>0.7),SAFE,"{""T_sp"": 310.0, ""L_sp"": 10.0, ""Fin_sp"": 0.0233}",False,known,False,no_recovery,,0.8227615062761506,5975.0,15.820503099996131
outlet_block,"{""outlet_block_factor"": 0.1}",101,True,2025.0,level_error_large(|L_meas-L_sp|>0.7),SAFE,"{""T_sp"": 310.0, ""L_sp"": 10.0, ""Fin_sp"": 0.0183}",False,known,False,no_recovery,,0.8227615062761506,5975.0,16.83979399999953
outlet_block,"{""outlet_block_factor"": 0.1}",101,True,2025.0,level_error_large(|L_meas-L_sp|>0.7),SAFE,"{""T_sp"": 310.0, ""L_sp"": 10.0, ""Fin_sp"": 0.0133}",False,known,False,no_recovery,,0.8227615062761506,5975.0,16.023480199975893
outlet_block,"{""outlet_block_factor"": 0.1}",101,True,2025.0,level_error_large(|L_meas-L_sp|>0.7),SAFE,"{""T_sp"": 310.0, ""L_sp"": 10.0, ""Fin_sp"": 0.0083}",False,known,False,no_recovery,,0.8227615062761506,5975.0,16.255172500008484
outlet_block,"{""outlet_block_factor"": 0.1}",101,True,2025.0,level_error_large(|L_meas-L_sp|>0.7),SAFE,"{""T_sp"": 309.0, ""L_sp"": 10.0, ""Fin_sp"": 0.0333}",False,known,False,no_recovery,,0.8227615062761506,5975.0,16.457468100008555
outlet_block,"{""outlet_block_factor"": 0.1}",101,True,2025.0,level_error_large(|L_meas-L_sp|>0.7),SAFE,"{""T_sp"": 309.0, ""L_sp"": 10.0, ""Fin_sp"": 0.0283}",False,known,False,no_recovery,,0.8227615062761506,5975.0,16.369291400013026
outlet_block,"{""outlet_block_factor"": 0.1}",101,True,2025.0,level_error_large(|L_meas-L_sp|>0.7),SAFE,"{""T_sp"": 309.0, ""L_sp"": 10.0, ""Fin_sp"": 0.0233}",False,known,False,no_recovery,,0.8227615062761506,5975.0,16.312208599993028
outlet_block,"{""outlet_block_factor"": 0.1}",101,True,2025.0,level_error_large(|L_meas-L_sp|>0.7),SAFE,"{""T_sp"": 309.0, ""L_sp"": 10.0, ""Fin_sp"": 0.0183}",False,known,False,no_recovery,,0.8227615062761506,5975.0,16.809589199983748
outlet_block,"{""outlet_block_factor"": 0.1}",101,True,2025.0,level_error_large(|L_meas-L_sp|>0.7),SAFE,"{""T_sp"": 309.0, ""L_sp"": 10.0, ""Fin_sp"": 0.0133}",False,known,False,no_recovery,,0.8227615062761506,5975.0,15.286716600006912
outlet_block,"{""outlet_block_factor"": 0.1}",101,True,2025.0,level_error_large(|L_meas-L_sp|>0.7),SAFE,"{""T_sp"": 309.0, ""L_sp"": 10.0, ""Fin_sp"": 0.0083}",False,known,False,no_recovery,,0.8227615062761506,5975.0,15.369495199993253
outlet_block,"{""outlet_block_factor"": 0.1}",101,True,2025.0,level_error_large(|L_meas-L_sp|>0.7),SAFE,"{""T_sp"": 310.0, ""L_sp"": 9.0, ""Fin_sp"": 0.0333}",False,known,False,no_recovery,,0.8227615062761506,5975.0,15.144073299976299
outlet_block,"{""outlet_block_factor"": 0.1}",101,True,2025.0,level_error_large(|L_meas-L_sp|>0.7),SAFE,"{""T_sp"": 310.0, ""L_sp"": 9.0, ""Fin_sp"": 0.0233}",False,known,False,no_recovery,,0.8227615062761506,5975.0,15.374009599996498
outlet_block,"{""outlet_block_factor"": 0.1}",101,True,2025.0,level_error_large(|L_meas-L_sp|>0.7),SAFE,"{""T_sp"": 310.0, ""L_sp"": 8.0, ""Fin_sp"": 0.0333}",False,known,False,no_recovery,,0.8227615062761506,5975.0,15.106849500007229
outlet_block,"{""outlet_block_factor"": 0.1}",101,True,2025.0,level_error_large(|L_meas-L_sp|>0.7),SAFE,"{""T_sp"": 310.0, ""L_sp"": 8.0, ""Fin_sp"": 0.0233}",False,known,False,no_recovery,,0.8227615062761506,5975.0,15.175836100010201
outlet_block,"{""outlet_block_factor"": 0.1}",303,True,2025.0,level_error_large(|L_meas-L_sp|>0.7),SAFE,"{""T_sp"": 310.0, ""L_sp"": 10.0, ""Fin_sp"": 0.0333}",True,known,False,no_recovery,,0.8227615062761506,5975.0,16.90842300001532
outlet_block,"{""outlet_block_factor"": 0.1}",303,True,2025.0,level_error_large(|L_meas-L_sp|>0.7),SAFE,"{""T_sp"": 310.0, ""L_sp"": 10.0, ""Fin_sp"": 0.0283}",False,known,False,no_recovery,,0.8227615062761506,5975.0,16.998602699983167
outlet_block,"{""outlet_block_factor"": 0.1}",303,True,2025.0,level_error_large(|L_meas-L_sp|>0.7),SAFE,"{""T_sp"": 310.0, ""L_sp"": 10.0, ""Fin_sp"": 0.0233}",False,known,False,no_recovery,,0.8227615062761506,5975.0,17.352778600004967
outlet_block,"{""outlet_block_factor"": 0.1}",303,True,2025.0,level_error_large(|L_meas-L_sp|>0.7),SAFE,"{""T_sp"": 310.0, ""L_sp"": 10.0, ""Fin_sp"": 0.0183}",False,known,False,no_recovery,,0.8227615062761506,5975.0,16.942827699996997
outlet_block,"{""outlet_block_factor"": 0.1}",303,True,2025.0,level_error_large(|L_meas-L_sp|>0.7),SAFE,"{""T_sp"": 310.0, ""L_sp"": 10.0, ""Fin_sp"": 0.0133}",False,known,False,no_recovery,,0.8227615062761506,5975.0,16.786123900004895
outlet_block,"{""outlet_block_factor"": 0.1}",303,True,2025.0,level_error_large(|L_meas-L_sp|>0.7),SAFE,"{""T_sp"": 310.0, ""L_sp"": 10.0, ""Fin_sp"": 0.0083}",False,known,False,no_recovery,,0.8227615062761506,5975.0,17.07409400001052
outlet_block,"{""outlet_block_factor"": 0.1}",303,True,2025.0,level_error_large(|L_meas-L_sp|>0.7),SAFE,"{""T_sp"": 309.0, ""L_sp"": 10.0, ""Fin_sp"": 0.0333}",False,known,False,no_recovery,,0.8227615062761506,5975.0,16.745811100001447
outlet_block,"{""outlet_block_factor"": 0.1}",303,True,2025.0,level_error_large(|L_meas-L_sp|>0.7),SAFE,"{""T_sp"": 309.0, ""L_sp"": 10.0, ""Fin_sp"": 0.0283}",False,known,False,no_recovery,,0.8227615062761506,5975.0,17.242548000009265
outlet_block,"{""outlet_block_factor"": 0.1}",303,True,2025.0,level_error_large(|L_meas-L_sp|>0.7),SAFE,"{""T_sp"": 309.0, ""L_sp"": 10.0, ""Fin_sp"": 0.0233}",False,known,False,no_recovery,,0.8227615062761506,5975.0,16.619528500013985
outlet_block,"{""outlet_block_factor"": 0.1}",303,True,2025.0,level_error_large(|L_meas-L_sp|>0.7),SAFE,"{""T_sp"": 309.0, ""L_sp"": 10.0, ""Fin_sp"": 0.0183}",False,known,False,no_recovery,,0.8227615062761506,5975.0,16.261555200006114
outlet_block,"{""outlet_block_factor"": 0.1}",303,True,2025.0,level_error_large(|L_meas-L_sp|>0.7),SAFE,"{""T_sp"": 309.0, ""L_sp"": 10.0, ""Fin_sp"": 0.0133}",False,known,False,no_recovery,,0.8227615062761506,5975.0,16.245717699988745
outlet_block,"{""outlet_block_factor"": 0.1}",303,True,2025.0,level_error_large(|L_meas-L_sp|>0.7),SAFE,"{""T_sp"": 309.0, ""L_sp"": 10.0, ""Fin_sp"": 0.0083}",False,known,False,no_recovery,,0.8227615062761506,5975.0,16.49476709999726
outlet_block,"{""outlet_block_factor"": 0.1}",303,True,2025.0,level_error_large(|L_meas-L_sp|>0.7),SAFE,"{""T_sp"": 310.0, ""L_sp"": 9.0, ""Fin_sp"": 0.0333}",False,known,False,no_recovery,,0.8227615062761506,5975.0,16.08051830000477
outlet_block,"{""outlet_block_factor"": 0.1}",303,True,2025.0,level_error_large(|L_meas-L_sp|>0.7),SAFE,"{""T_sp"": 310.0, ""L_sp"": 9.0, ""Fin_sp"": 0.0233}",False,known,False,no_recovery,,0.8227615062761506,5975.0,15.923887199984165
outlet_block,"{""outlet_block_factor"": 0.1}",303,True,2025.0,level_error_large(|L_meas-L_sp|>0.7),SAFE,"{""T_sp"": 310.0, ""L_sp"": 8.0, ""Fin_sp"": 0.0333}",False,known,False,no_recovery,,0.8227615062761506,5975.0,16.040695900010178
outlet_block,"{""outlet_block_factor"": 0.1}",303,True,2025.0,level_error_large(|L_meas-L_sp|>0.7),SAFE,"{""T_sp"": 310.0, ""L_sp"": 8.0, ""Fin_sp"": 0.0233}",False,known,False,no_recovery,,0.8227615062761506,5975.0,15.812685500015505
outlet_block,"{""outlet_block_factor"": 0.1}",202,True,2025.0,level_error_large(|L_meas-L_sp|>0.7),SAFE,"{""T_sp"": 310.0, ""L_sp"": 10.0, ""Fin_sp"": 0.0333}",True,known,False,no_recovery,,0.8227615062761506,5975.0,17.055257300002268
outlet_block,"{""outlet_block_factor"": 0.1}",202,True,2025.0,level_error_large(|L_meas-L_sp|>0.7),SAFE,"{""T_sp"": 310.0, ""L_sp"": 10.0, ""Fin_sp"": 0.0283}",False,known,False,no_recovery,,0.8227615062761506,5975.0,17.016555899986997
outlet_block,"{""outlet_block_factor"": 0.1}",202,True,2025.0,level_error_large(|L_meas-L_sp|>0.7),SAFE,"{""T_sp"": 310.0, ""L_sp"": 10.0, ""Fin_sp"": 0.0233}",False,known,False,no_recovery,,0.8227615062761506,5975.0,17.398994500021217
outlet_block,"{""outlet_block_factor"": 0.1}",202,True,2025.0,level_error_large(|L_meas-L_sp|>0.7),SAFE,"{""T_sp"": 310.0, ""L_sp"": 10.0, ""Fin_sp"": 0.0183}",False,known,False,no_recovery,,0.8227615062761506,5975.0,16.99969549998059
outlet_block,"{""outlet_block_factor"": 0.1}",202,True,2025.0,level_error_large(|L_meas-L_sp|>0.7),SAFE,"{""T_sp"": 310.0, ""L_sp"": 10.0, ""Fin_sp"": 0.0133}",False,known,False,no_recovery,,0.8227615062761506,5975.0,17.01284010001109
outlet_block,"{""outlet_block_factor"": 0.1}",202,True,2025.0,level_error_large(|L_meas-L_sp|>0.7),SAFE,"{""T_sp"": 310.0, ""L_sp"": 10.0, ""Fin_sp"": 0.0083}",False,known,False,no_recovery,,0.8227615062761506,5975.0,17.205077300022822
outlet_block,"{""outlet_block_factor"": 0.1}",202,True,2025.0,level_error_large(|L_meas-L_sp|>0.7),SAFE,"{""T_sp"": 309.0, ""L_sp"": 10.0, ""Fin_sp"": 0.0333}",False,known,False,no_recovery,,0.8227615062761506,5975.0,16.819437500002095
outlet_block,"{""outlet_block_factor"": 0.1}",202,True,2025.0,level_error_large(|L_meas-L_sp|>0.7),SAFE,"{""T_sp"": 309.0, ""L_sp"": 10.0, ""Fin_sp"": 0.0283}",False,known,False,no_recovery,,0.8227615062761506,5975.0,17.532142600015504
outlet_block,"{""outlet_block_factor"": 0.1}",202,True,2025.0,level_error_large(|L_meas-L_sp|>0.7),SAFE,"{""T_sp"": 309.0, ""L_sp"": 10.0, ""Fin_sp"": 0.0233}",False,known,False,no_recovery,,0.8227615062761506,5975.0,16.50315689999843
outlet_block,"{""outlet_block_factor"": 0.1}",202,True,2025.0,level_error_large(|L_meas-L_sp|>0.7),SAFE,"{""T_sp"": 309.0, ""L_sp"": 10.0, ""Fin_sp"": 0.0183}",False,known,False,no_recovery,,0.8227615062761506,5975.0,16.568845700006932
outlet_block,"{""outlet_block_factor"": 0.1}",202,True,2025.0,level_error_large(|L_meas-L_sp|>0.7),SAFE,"{""T_sp"": 309.0, ""L_sp"": 10.0, ""Fin_sp"": 0.0133}",False,known,False,no_recovery,,0.8227615062761506,5975.0,16.4465324000048
outlet_block,"{""outlet_block_factor"": 0.1}",202,True,2025.0,level_error_large(|L_meas-L_sp|>0.7),SAFE,"{""T_sp"": 309.0, ""L_sp"": 10.0, ""Fin_sp"": 0.0083}",False,known,False,no_recovery,,0.8227615062761506,5975.0,16.39634079998359
outlet_block,"{""outlet_block_factor"": 0.1}",202,True,2025.0,level_error_large(|L_meas-L_sp|>0.7),SAFE,"{""T_sp"": 310.0, ""L_sp"": 9.0, ""Fin_sp"": 0.0333}",False,known,False,no_recovery,,0.8227615062761506,5975.0,16.214107200008584
outlet_block,"{""outlet_block_factor"": 0.1}",202,True,2025.0,level_error_large(|L_meas-L_sp|>0.7),SAFE,"{""T_sp"": 310.0, ""L_sp"": 9.0, ""Fin_sp"": 0.0233}",False,known,False,no_recovery,,0.8227615062761506,5975.0,16.2108647999994
outlet_block,"{""outlet_block_factor"": 0.1}",202,True,2025.0,level_error_large(|L_meas-L_sp|>0.7),SAFE,"{""T_sp"": 310.0, ""L_sp"": 8.0, ""Fin_sp"": 0.0333}",False,known,False,no_recovery,,0.8227615062761506,5975.0,16.27370510000037
outlet_block,"{""outlet_block_factor"": 0.1}",202,True,2025.0,level_error_large(|L_meas-L_sp|>0.7),SAFE,"{""T_sp"": 310.0, ""L_sp"": 8.0, ""Fin_sp"": 0.0233}",False,known,False,no_recovery,,0.8227615062761506,5975.0,15.86590459998115
leak,"{""leak_k"": 0.001}",101,True,2074.0,level_error_large(|L_meas-L_sp|>0.7),SAFE,"{""T_sp"": 310.0, ""L_sp"": 10.0, ""Fin_sp"": 0.0333}",True,known,False,unsafe_fraction,119.0,0.5723928450894363,5926.0,17.12255170001299
leak,"{""leak_k"": 0.001}",101,True,2074.0,level_error_large(|L_meas-L_sp|>0.7),SAFE,"{""T_sp"": 310.0, ""L_sp"": 10.0, ""Fin_sp"": 0.0283}",False,known,False,unsafe_fraction,119.0,0.5723928450894363,5926.0,17.046389199997066
leak,"{""leak_k"": 0.001}",101,True,2074.0,level_error_large(|L_meas-L_sp|>0.7),SAFE,"{""T_sp"": 310.0, ""L_sp"": 10.0, ""Fin_sp"": 0.0233}",False,known,False,unsafe_fraction,119.0,0.5725615929800878,5926.0,16.6921386999893
leak,"{""leak_k"": 0.001}",101,True,2074.0,level_error_large(|L_meas-L_sp|>0.7),SAFE,"{""T_sp"": 310.0, ""L_sp"": 10.0, ""Fin_sp"": 0.0183}",False,known,False,unsafe_fraction,119.0,0.5727303408707392,5926.0,16.872593400010373
leak,"{""leak_k"": 0.001}",101,True,2074.0,level_error_large(|L_meas-L_sp|>0.7),SAFE,"{""T_sp"": 310.0, ""L_sp"": 10.0, ""Fin_sp"": 0.0133}",False,known,False,unsafe_fraction,119.0,0.5727303408707392,5926.0,16.770200300001306
leak,"{""leak_k"": 0.001}",101,True,2074.0,level_error_large(|L_meas-L_sp|>0.7),SAFE,"{""T_sp"": 310.0, ""L_sp"": 10.0, ""Fin_sp"": 0.0083}",False,known,False,unsafe_fraction,119.0,0.5766115423557205,5926.0,16.776240200008033
leak,"{""leak_k"": 0.001}",101,True,2074.0,level_error_large(|L_meas-L_sp|>0.7),SAFE,"{""T_sp"": 309.0, ""L_sp"": 10.0, ""Fin_sp"": 0.0333}",False,known,False,unsafe_fraction,119.0,0.5723928450894363,5926.0,17.287610800005496
leak,"{""leak_k"": 0.001}",101,True,2074.0,level_error_large(|L_meas-L_sp|>0.7),SAFE,"{""T_sp"": 309.0, ""L_sp"": 10.0, ""Fin_sp"": 0.0283}",False,known,False,unsafe_fraction,119.0,0.5723928450894363,5926.0,16.110765099991113
leak,"{""leak_k"": 0.001}",101,True,2074.0,level_error_large(|L_meas-L_sp|>0.7),SAFE,"{""T_sp"": 309.0, ""L_sp"": 10.0, ""Fin_sp"": 0.0233}",False,known,False,unsafe_fraction,119.0,0.5725615929800878,5926.0,16.068668299994897
leak,"{""leak_k"": 0.001}",101,True,2074.0,level_error_large(|L_meas-L_sp|>0.7),SAFE,"{""T_sp"": 309.0, ""L_sp"": 10.0, ""Fin_sp"": 0.0183}",False,known,False,unsafe_fraction,119.0,0.5727303408707392,5926.0,15.95339999999851
leak,"{""leak_k"": 0.001}",101,True,2074.0,level_error_large(|L_meas-L_sp|>0.7),SAFE,"{""T_sp"": 309.0, ""L_sp"": 10.0, ""Fin_sp"": 0.0133}",False,known,False,unsafe_fraction,119.0,0.5727303408707392,5926.0,16.202036400005454
leak,"{""leak_k"": 0.001}",101,True,2074.0,level_error_large(|L_meas-L_sp|>0.7),SAFE,"{""T_sp"": 309.0, ""L_sp"": 10.0, ""Fin_sp"": 0.0083}",False,known,False,unsafe_fraction,119.0,0.5728990887613905,5926.0,15.758290099998703
leak,"{""leak_k"": 0.001}",101,True,2074.0,level_error_large(|L_meas-L_sp|>0.7),SAFE,"{""T_sp"": 310.0, ""L_sp"": 9.0, ""Fin_sp"": 0.0333}",False,known,False,unsafe_fraction,119.0,0.5735740803239959,5926.0,16.14551269999356
leak,"{""leak_k"": 0.001}",101,True,2074.0,level_error_large(|L_meas-L_sp|>0.7),SAFE,"{""T_sp"": 310.0, ""L_sp"": 9.0, ""Fin_sp"": 0.0233}",False,known,False,unsafe_fraction,119.0,0.5737428282146473,5926.0,16.019001700013177
leak,"{""leak_k"": 0.001}",101,True,2074.0,level_error_large(|L_meas-L_sp|>0.7),SAFE,"{""T_sp"": 310.0, ""L_sp"": 8.0, ""Fin_sp"": 0.0333}",False,known,False,unsafe_fraction,119.0,0.5890988862639217,5926.0,16.01375939999707
leak,"{""leak_k"": 0.001}",101,True,2074.0,level_error_large(|L_meas-L_sp|>0.7),SAFE,"{""T_sp"": 310.0, ""L_sp"": 8.0, ""Fin_sp"": 0.0233}",False,known,False,unsafe_fraction,119.0,0.5890988862639217,5926.0,15.416287900006864
leak,"{""leak_k"": 0.001}",202,True,2074.0,level_error_large(|L_meas-L_sp|>0.7),SAFE,"{""T_sp"": 310.0, ""L_sp"": 10.0, ""Fin_sp"": 0.0333}",True,known,False,unsafe_fraction,119.0,0.5723928450894363,5926.0,16.37267939999583
leak,"{""leak_k"": 0.001}",202,True,2074.0,level_error_large(|L_meas-L_sp|>0.7),SAFE,"{""T_sp"": 310.0, ""L_sp"": 10.0, ""Fin_sp"": 0.0283}",False,known,False,unsafe_fraction,119.0,0.5725615929800878,5926.0,16.468407199979993
leak,"{""leak_k"": 0.001}",202,True,2074.0,level_error_large(|L_meas-L_sp|>0.7),SAFE,"{""T_sp"": 310.0, ""L_sp"": 10.0, ""Fin_sp"": 0.0233}",False,known,False,unsafe_fraction,119.0,0.5725615929800878,5926.0,16.325011500011897
leak,"{""leak_k"": 0.001}",202,True,2074.0,level_error_large(|L_meas-L_sp|>0.7),SAFE,"{""T_sp"": 310.0, ""L_sp"": 10.0, ""Fin_sp"": 0.0183}",False,known,False,unsafe_fraction,119.0,0.5727303408707392,5926.0,16.180914500000654
leak,"{""leak_k"": 0.001}",202,True,2074.0,level_error_large(|L_meas-L_sp|>0.7),SAFE,"{""T_sp"": 310.0, ""L_sp"": 10.0, ""Fin_sp"": 0.0133}",False,known,False,unsafe_fraction,119.0,0.5727303408707392,5926.0,16.574070100003155
leak,"{""leak_k"": 0.001}",202,True,2074.0,level_error_large(|L_meas-L_sp|>0.7),SAFE,"{""T_sp"": 310.0, ""L_sp"": 10.0, ""Fin_sp"": 0.0083}",False,known,False,unsafe_fraction,119.0,0.5809989875126561,5926.0,14.930043600004865
leak,"{""leak_k"": 0.001}",202,True,2074.0,level_error_large(|L_meas-L_sp|>0.7),SAFE,"{""T_sp"": 309.0, ""L_sp"": 10.0, ""Fin_sp"": 0.0333}",False,known,False,unsafe_fraction,119.0,0.5723928450894363,5926.0,15.00909330000286
leak,"{""leak_k"": 0.001}",202,True,2074.0,level_error_large(|L_meas-L_sp|>0.7),SAFE,"{""T_sp"": 309.0, ""L_sp"": 10.0, ""Fin_sp"": 0.0283}",False,known,False,unsafe_fraction,119.0,0.5725615929800878,5926.0,15.171217900002375
leak,"{""leak_k"": 0.001}",202,True,2074.0,level_error_large(|L_meas-L_sp|>0.7),SAFE,"{""T_sp"": 309.0, ""L_sp"": 10.0, ""Fin_sp"": 0.0233}",False,known,False,unsafe_fraction,119.0,0.5725615929800878,5926.0,15.331226799986325
leak,"{""leak_k"": 0.001}",202,True,2074.0,level_error_large(|L_meas-L_sp|>0.7),SAFE,"{""T_sp"": 309.0, ""L_sp"": 10.0, ""Fin_sp"": 0.0183}",False,known,False,unsafe_fraction,119.0,0.5727303408707392,5926.0,15.214042899984634
leak,"{""leak_k"": 0.001}",202,True,2074.0,level_error_large(|L_meas-L_sp|>0.7),SAFE,"{""T_sp"": 309.0, ""L_sp"": 10.0, ""Fin_sp"": 0.0133}",False,known,False,unsafe_fraction,119.0,0.5727303408707392,5926.0,14.639340299996547
leak,"{""leak_k"": 0.001}",202,True,2074.0,level_error_large(|L_meas-L_sp|>0.7),SAFE,"{""T_sp"": 309.0, ""L_sp"": 10.0, ""Fin_sp"": 0.0083}",False,known,False,unsafe_fraction,119.0,0.5728990887613905,5926.0,14.54067610000493
leak,"{""leak_k"": 0.001}",202,True,2074.0,level_error_large(|L_meas-L_sp|>0.7),SAFE,"{""T_sp"": 310.0, ""L_sp"": 9.0, ""Fin_sp"": 0.0333}",False,known,False,unsafe_fraction,119.0,0.5735740803239959,5926.0,14.73464289997355
leak,"{""leak_k"": 0.001}",202,True,2074.0,level_error_large(|L_meas-L_sp|>0.7),SAFE,"{""T_sp"": 310.0, ""L_sp"": 9.0, ""Fin_sp"": 0.0233}",False,known,False,unsafe_fraction,119.0,0.5737428282146473,5926.0,14.115330600005109
leak,"{""leak_k"": 0.001}",202,True,2074.0,level_error_large(|L_meas-L_sp|>0.7),SAFE,"{""T_sp"": 310.0, ""L_sp"": 8.0, ""Fin_sp"": 0.0333}",False,known,False,unsafe_fraction,119.0,0.5890988862639217,5926.0,13.460497799998848
leak,"{""leak_k"": 0.001}",202,True,2074.0,level_error_large(|L_meas-L_sp|>0.7),SAFE,"{""T_sp"": 310.0, ""L_sp"": 8.0, ""Fin_sp"": 0.0233}",False,known,False,unsafe_fraction,119.0,0.5890988862639217,5926.0,12.958745499985525
leak,"{""leak_k"": 0.002}",101,True,2038.0,level_error_large(|L_meas-L_sp|>0.7),SAFE,"{""T_sp"": 310.0, ""L_sp"": 10.0, ""Fin_sp"": 0.0333}",True,known,False,unsafe_fraction,119.0,0.7037906742703791,5962.0,16.626746800000547
leak,"{""leak_k"": 0.002}",101,True,2038.0,level_error_large(|L_meas-L_sp|>0.7),SAFE,"{""T_sp"": 310.0, ""L_sp"": 10.0, ""Fin_sp"": 0.0283}",False,known,False,unsafe_fraction,119.0,0.7039584032203958,5962.0,16.631988700013608
leak,"{""leak_k"": 0.002}",101,True,2038.0,level_error_large(|L_meas-L_sp|>0.7),SAFE,"{""T_sp"": 310.0, ""L_sp"": 10.0, ""Fin_sp"": 0.0233}",False,known,False,unsafe_fraction,119.0,0.7039584032203958,5962.0,16.476672799995868
leak,"{""leak_k"": 0.002}",101,True,2038.0,level_error_large(|L_meas-L_sp|>0.7),SAFE,"{""T_sp"": 310.0, ""L_sp"": 10.0, ""Fin_sp"": 0.0183}",False,known,False,unsafe_fraction,119.0,0.7039584032203958,5962.0,16.782912199996645
leak,"{""leak_k"": 0.002}",101,True,2038.0,level_error_large(|L_meas-L_sp|>0.7),SAFE,"{""T_sp"": 310.0, ""L_sp"": 10.0, ""Fin_sp"": 0.0133}",False,known,False,unsafe_fraction,119.0,0.7041261321704126,5962.0,15.584556399990106
leak,"{""leak_k"": 0.002}",101,True,2038.0,level_error_large(|L_meas-L_sp|>0.7),SAFE,"{""T_sp"": 310.0, ""L_sp"": 10.0, ""Fin_sp"": 0.0083}",False,known,False,unsafe_fraction,119.0,0.7073129822207312,5962.0,15.269223599985708
leak,"{""leak_k"": 0.002}",101,True,2038.0,level_error_large(|L_meas-L_sp|>0.7),SAFE,"{""T_sp"": 309.0, ""L_sp"": 10.0, ""Fin_sp"": 0.0333}",False,known,False,unsafe_fraction,119.0,0.7037906742703791,5962.0,15.42597080001724
leak,"{""leak_k"": 0.002}",101,True,2038.0,level_error_large(|L_meas-L_sp|>0.7),SAFE,"{""T_sp"": 309.0, ""L_sp"": 10.0, ""Fin_sp"": 0.0283}",False,known,False,unsafe_fraction,119.0,0.7039584032203958,5962.0,15.321182499988936
leak,"{""leak_k"": 0.002}",101,True,2038.0,level_error_large(|L_meas-L_sp|>0.7),SAFE,"{""T_sp"": 309.0, ""L_sp"": 10.0, ""Fin_sp"": 0.0233}",False,known,False,unsafe_fraction,119.0,0.7039584032203958,5962.0,15.545669399987673
leak,"{""leak_k"": 0.002}",101,True,2038.0,level_error_large(|L_meas-L_sp|>0.7),SAFE,"{""T_sp"": 309.0, ""L_sp"": 10.0, ""Fin_sp"": 0.0183}",False,known,False,unsafe_fraction,119.0,0.7039584032203958,5962.0,15.412634400010575
leak,"{""leak_k"": 0.002}",101,True,2038.0,level_error_large(|L_meas-L_sp|>0.7),SAFE,"{""T_sp"": 309.0, ""L_sp"": 10.0, ""Fin_sp"": 0.0133}",False,known,False,unsafe_fraction,119.0,0.7041261321704126,5962.0,14.662151700002141
leak,"{""leak_k"": 0.002}",101,True,2038.0,level_error_large(|L_meas-L_sp|>0.7),SAFE,"{""T_sp"": 309.0, ""L_sp"": 10.0, ""Fin_sp"": 0.0083}",False,known,False,unsafe_fraction,119.0,0.7041261321704126,5962.0,14.82667800001218
leak,"{""leak_k"": 0.002}",101,True,2038.0,level_error_large(|L_meas-L_sp|>0.7),SAFE,"{""T_sp"": 310.0, ""L_sp"": 9.0, ""Fin_sp"": 0.0333}",False,known,False,unsafe_fraction,119.0,0.7041261321704126,5962.0,14.443198699998902
leak,"{""leak_k"": 0.002}",101,True,2038.0,level_error_large(|L_meas-L_sp|>0.7),SAFE,"{""T_sp"": 310.0, ""L_sp"": 9.0, ""Fin_sp"": 0.0233}",False,known,False,unsafe_fraction,119.0,0.7042938611204294,5962.0,14.270101100002648
leak,"{""leak_k"": 0.002}",101,True,2038.0,level_error_large(|L_meas-L_sp|>0.7),SAFE,"{""T_sp"": 310.0, ""L_sp"": 8.0, ""Fin_sp"": 0.0333}",False,known,False,unsafe_fraction,119.0,0.7091580006709158,5962.0,13.01088630000595
leak,"{""leak_k"": 0.002}",101,True,2038.0,level_error_large(|L_meas-L_sp|>0.7),SAFE,"{""T_sp"": 310.0, ""L_sp"": 8.0, ""Fin_sp"": 0.0233}",False,known,False,unsafe_fraction,119.0,0.7091580006709158,5962.0,12.69261979998555
leak,"{""leak_k"": 0.002}",202,True,2038.0,level_error_large(|L_meas-L_sp|>0.7),SAFE,"{""T_sp"": 310.0, ""L_sp"": 10.0, ""Fin_sp"": 0.0333}",True,known,False,unsafe_fraction,119.0,0.7039584032203958,5962.0,16.758052100019995
leak,"{""leak_k"": 0.002}",202,True,2038.0,level_error_large(|L_meas-L_sp|>0.7),SAFE,"{""T_sp"": 310.0, ""L_sp"": 10.0, ""Fin_sp"": 0.0283}",False,known,False,unsafe_fraction,119.0,0.7039584032203958,5962.0,16.461650100012776
leak,"{""leak_k"": 0.002}",202,True,2038.0,level_error_large(|L_meas-L_sp|>0.7),SAFE,"{""T_sp"": 310.0, ""L_sp"": 10.0, ""Fin_sp"": 0.0233}",False,known,False,unsafe_fraction,119.0,0.7039584032203958,5962.0,16.382646100013517
leak,"{""leak_k"": 0.002}",202,True,2038.0,level_error_large(|L_meas-L_sp|>0.7),SAFE,"{""T_sp"": 310.0, ""L_sp"": 10.0, ""Fin_sp"": 0.0183}",False,known,False,unsafe_fraction,119.0,0.7039584032203958,5962.0,16.56985679999343
leak,"{""leak_k"": 0.002}",202,True,2038.0,level_error_large(|L_meas-L_sp|>0.7),SAFE,"{""T_sp"": 310.0, ""L_sp"": 10.0, ""Fin_sp"": 0.0133}",False,known,False,unsafe_fraction,119.0,0.7041261321704126,5962.0,15.221643600001698
leak,"{""leak_k"": 0.002}",202,True,2038.0,level_error_large(|L_meas-L_sp|>0.7),SAFE,"{""T_sp"": 310.0, ""L_sp"": 10.0, ""Fin_sp"": 0.0083}",False,known,False,unsafe_fraction,119.0,0.7053002348205301,5962.0,15.078013999998802
leak,"{""leak_k"": 0.002}",202,True,2038.0,level_error_large(|L_meas-L_sp|>0.7),SAFE,"{""T_sp"": 309.0, ""L_sp"": 10.0, ""Fin_sp"": 0.0333}",False,known,False,unsafe_fraction,119.0,0.7039584032203958,5962.0,15.25642400002107
leak,"{""leak_k"": 0.002}",202,True,2038.0,level_error_large(|L_meas-L_sp|>0.7),SAFE,"{""T_sp"": 309.0, ""L_sp"": 10.0, ""Fin_sp"": 0.0283}",False,known,False,unsafe_fraction,119.0,0.7039584032203958,5962.0,15.589831100020092
leak,"{""leak_k"": 0.002}",202,True,2038.0,level_error_large(|L_meas-L_sp|>0.7),SAFE,"{""T_sp"": 309.0, ""L_sp"": 10.0, ""Fin_sp"": 0.0233}",False,known,False,unsafe_fraction,119.0,0.7039584032203958,5962.0,15.551656099996762
leak,"{""leak_k"": 0.002}",202,True,2038.0,level_error_large(|L_meas-L_sp|>0.7),SAFE,"{""T_sp"": 309.0, ""L_sp"": 10.0, ""Fin_sp"": 0.0183}",False,known,False,unsafe_fraction,119.0,0.7039584032203958,5962.0,15.0661764999968
leak,"{""leak_k"": 0.002}",202,True,2038.0,level_error_large(|L_meas-L_sp|>0.7),SAFE,"{""T_sp"": 309.0, ""L_sp"": 10.0, ""Fin_sp"": 0.0133}",False,known,False,unsafe_fraction,119.0,0.7041261321704126,5962.0,14.723102899995865
leak,"{""leak_k"": 0.002}",202,True,2038.0,level_error_large(|L_meas-L_sp|>0.7),SAFE,"{""T_sp"": 309.0, ""L_sp"": 10.0, ""Fin_sp"": 0.0083}",False,known,False,unsafe_fraction,119.0,0.7041261321704126,5962.0,14.726024600007804
leak,"{""leak_k"": 0.002}",202,True,2038.0,level_error_large(|L_meas-L_sp|>0.7),SAFE,"{""T_sp"": 310.0, ""L_sp"": 9.0, ""Fin_sp"": 0.0333}",False,known,False,unsafe_fraction,119.0,0.7041261321704126,5962.0,14.095186899998225
leak,"{""leak_k"": 0.002}",202,True,2038.0,level_error_large(|L_meas-L_sp|>0.7),SAFE,"{""T_sp"": 310.0, ""L_sp"": 9.0, ""Fin_sp"": 0.0233}",False,known,False,unsafe_fraction,119.0,0.7042938611204294,5962.0,13.479622999991989
leak,"{""leak_k"": 0.002}",202,True,2038.0,level_error_large(|L_meas-L_sp|>0.7),SAFE,"{""T_sp"": 310.0, ""L_sp"": 8.0, ""Fin_sp"": 0.0333}",False,known,False,unsafe_fraction,119.0,0.7091580006709158,5962.0,12.808408099983353
leak,"{""leak_k"": 0.002}",202,True,2038.0,level_error_large(|L_meas-L_sp|>0.7),SAFE,"{""T_sp"": 310.0, ""L_sp"": 8.0, ""Fin_sp"": 0.0233}",False,known,False,unsafe_fraction,119.0,0.7093257296209325,5962.0,12.617088700004388
leak,"{""leak_k"": 0.001}",303,True,2074.0,level_error_large(|L_meas-L_sp|>0.7),SAFE,"{""T_sp"": 310.0, ""L_sp"": 10.0, ""Fin_sp"": 0.0333}",True,known,False,unsafe_fraction,119.0,0.5723928450894363,5926.0,16.7760835000081
leak,"{""leak_k"": 0.001}",303,True,2074.0,level_error_large(|L_meas-L_sp|>0.7),SAFE,"{""T_sp"": 310.0, ""L_sp"": 10.0, ""Fin_sp"": 0.0283}",False,known,False,unsafe_fraction,119.0,0.5723928450894363,5926.0,16.923943400004646
leak,"{""leak_k"": 0.001}",303,True,2074.0,level_error_large(|L_meas-L_sp|>0.7),SAFE,"{""T_sp"": 310.0, ""L_sp"": 10.0, ""Fin_sp"": 0.0233}",False,known,False,unsafe_fraction,119.0,0.5725615929800878,5926.0,16.594450200005667
leak,"{""leak_k"": 0.001}",303,True,2074.0,level_error_large(|L_meas-L_sp|>0.7),SAFE,"{""T_sp"": 310.0, ""L_sp"": 10.0, ""Fin_sp"": 0.0183}",False,known,False,unsafe_fraction,119.0,0.5727303408707392,5926.0,17.41881450000801
leak,"{""leak_k"": 0.001}",303,True,2074.0,level_error_large(|L_meas-L_sp|>0.7),SAFE,"{""T_sp"": 310.0, ""L_sp"": 10.0, ""Fin_sp"": 0.0133}",False,known,False,unsafe_fraction,119.0,0.5727303408707392,5926.0,16.260269199992763
leak,"{""leak_k"": 0.001}",303,True,2074.0,level_error_large(|L_meas-L_sp|>0.7),SAFE,"{""T_sp"": 310.0, ""L_sp"": 10.0, ""Fin_sp"": 0.0083}",False,known,False,unsafe_fraction,119.0,0.5784677691528856,5926.0,16.189313800015952
leak,"{""leak_k"": 0.001}",303,True,2074.0,level_error_large(|L_meas-L_sp|>0.7),SAFE,"{""T_sp"": 309.0, ""L_sp"": 10.0, ""Fin_sp"": 0.0333}",False,known,False,unsafe_fraction,119.0,0.5723928450894363,5926.0,15.913349600014044
leak,"{""leak_k"": 0.001}",303,True,2074.0,level_error_large(|L_meas-L_sp|>0.7),SAFE,"{""T_sp"": 309.0, ""L_sp"": 10.0, ""Fin_sp"": 0.0283}",False,known,False,unsafe_fraction,119.0,0.5723928450894363,5926.0,16.615671200008364
leak,"{""leak_k"": 0.001}",303,True,2074.0,level_error_large(|L_meas-L_sp|>0.7),SAFE,"{""T_sp"": 309.0, ""L_sp"": 10.0, ""Fin_sp"": 0.0233}",False,known,False,unsafe_fraction,119.0,0.5725615929800878,5926.0,16.188263199990615
leak,"{""leak_k"": 0.001}",303,True,2074.0,level_error_large(|L_meas-L_sp|>0.7),SAFE,"{""T_sp"": 309.0, ""L_sp"": 10.0, ""Fin_sp"": 0.0183}",False,known,False,unsafe_fraction,119.0,0.5727303408707392,5926.0,15.950457099999767
leak,"{""leak_k"": 0.001}",303,True,2074.0,level_error_large(|L_meas-L_sp|>0.7),SAFE,"{""T_sp"": 309.0, ""L_sp"": 10.0, ""Fin_sp"": 0.0133}",False,known,False,unsafe_fraction,119.0,0.5727303408707392,5926.0,15.717875000002095
leak,"{""leak_k"": 0.001}",303,True,2074.0,level_error_large(|L_meas-L_sp|>0.7),SAFE,"{""T_sp"": 309.0, ""L_sp"": 10.0, ""Fin_sp"": 0.0083}",False,known,False,unsafe_fraction,119.0,0.5728990887613905,5926.0,15.999479099991731
leak,"{""leak_k"": 0.001}",303,True,2074.0,level_error_large(|L_meas-L_sp|>0.7),SAFE,"{""T_sp"": 310.0, ""L_sp"": 9.0, ""Fin_sp"": 0.0333}",False,known,False,unsafe_fraction,119.0,0.5735740803239959,5926.0,15.773077399993781
leak,"{""leak_k"": 0.001}",303,True,2074.0,level_error_large(|L_meas-L_sp|>0.7),SAFE,"{""T_sp"": 310.0, ""L_sp"": 9.0, ""Fin_sp"": 0.0233}",False,known,False,unsafe_fraction,119.0,0.5735740803239959,5926.0,15.044860000023618
leak,"{""leak_k"": 0.001}",303,True,2074.0,level_error_large(|L_meas-L_sp|>0.7),SAFE,"{""T_sp"": 310.0, ""L_sp"": 8.0, ""Fin_sp"": 0.0333}",False,known,False,unsafe_fraction,119.0,0.5890988862639217,5926.0,14.788297499995679
leak,"{""leak_k"": 0.001}",303,True,2074.0,level_error_large(|L_meas-L_sp|>0.7),SAFE,"{""T_sp"": 310.0, ""L_sp"": 8.0, ""Fin_sp"": 0.0233}",False,known,False,unsafe_fraction,119.0,0.5890988862639217,5926.0,12.821151099982671
leak,"{""leak_k"": 0.002}",303,True,2038.0,level_error_large(|L_meas-L_sp|>0.7),SAFE,"{""T_sp"": 310.0, ""L_sp"": 10.0, ""Fin_sp"": 0.0333}",True,known,False,unsafe_fraction,119.0,0.7039584032203958,5962.0,17.114276300009806
leak,"{""leak_k"": 0.002}",303,True,2038.0,level_error_large(|L_meas-L_sp|>0.7),SAFE,"{""T_sp"": 310.0, ""L_sp"": 10.0, ""Fin_sp"": 0.0283}",False,known,False,unsafe_fraction,119.0,0.7039584032203958,5962.0,17.19840490000206
leak,"{""leak_k"": 0.002}",303,True,2038.0,level_error_large(|L_meas-L_sp|>0.7),SAFE,"{""T_sp"": 310.0, ""L_sp"": 10.0, ""Fin_sp"": 0.0233}",False,known,False,unsafe_fraction,119.0,0.7039584032203958,5962.0,16.952047700004186
leak,"{""leak_k"": 0.002}",303,True,2038.0,level_error_large(|L_meas-L_sp|>0.7),SAFE,"{""T_sp"": 310.0, ""L_sp"": 10.0, ""Fin_sp"": 0.0183}",False,known,False,unsafe_fraction,119.0,0.7041261321704126,5962.0,17.427068499993766
leak,"{""leak_k"": 0.002}",303,True,2038.0,level_error_large(|L_meas-L_sp|>0.7),SAFE,"{""T_sp"": 310.0, ""L_sp"": 10.0, ""Fin_sp"": 0.0133}",False,known,False,unsafe_fraction,119.0,0.7041261321704126,5962.0,16.451871299999766
leak,"{""leak_k"": 0.002}",303,True,2038.0,level_error_large(|L_meas-L_sp|>0.7),SAFE,"{""T_sp"": 310.0, ""L_sp"": 10.0, ""Fin_sp"": 0.0083}",False,known,False,unsafe_fraction,119.0,0.7061388795706139,5962.0,16.217056199995568
leak,"{""leak_k"": 0.002}",303,True,2038.0,level_error_large(|L_meas-L_sp|>0.7),SAFE,"{""T_sp"": 309.0, ""L_sp"": 10.0, ""Fin_sp"": 0.0333}",False,known,False,unsafe_fraction,119.0,0.7039584032203958,5962.0,16.430942700011656
leak,"{""leak_k"": 0.002}",303,True,2038.0,level_error_large(|L_meas-L_sp|>0.7),SAFE,"{""T_sp"": 309.0, ""L_sp"": 10.0, ""Fin_sp"": 0.0283}",False,known,False,unsafe_fraction,119.0,0.7039584032203958,5962.0,16.31833550002193
leak,"{""leak_k"": 0.002}",303,True,2038.0,level_error_large(|L_meas-L_sp|>0.7),SAFE,"{""T_sp"": 309.0, ""L_sp"": 10.0, ""Fin_sp"": 0.0233}",False,known,False,unsafe_fraction,119.0,0.7039584032203958,5962.0,16.147398600005545
leak,"{""leak_k"": 0.002}",303,True,2038.0,level_error_large(|L_meas-L_sp|>0.7),SAFE,"{""T_sp"": 309.0, ""L_sp"": 10.0, ""Fin_sp"": 0.0183}",False,known,False,unsafe_fraction,119.0,0.7041261321704126,5962.0,16.194327600009274
leak,"{""leak_k"": 0.002}",303,True,2038.0,level_error_large(|L_meas-L_sp|>0.7),SAFE,"{""T_sp"": 309.0, ""L_sp"": 10.0, ""Fin_sp"": 0.0133}",False,known,False,unsafe_fraction,119.0,0.7041261321704126,5962.0,16.084830500010867
leak,"{""leak_k"": 0.002}",303,True,2038.0,level_error_large(|L_meas-L_sp|>0.7),SAFE,"{""T_sp"": 309.0, ""L_sp"": 10.0, ""Fin_sp"": 0.0083}",False,known,False,unsafe_fraction,119.0,0.7041261321704126,5962.0,15.74390040000435
leak,"{""leak_k"": 0.002}",303,True,2038.0,level_error_large(|L_meas-L_sp|>0.7),SAFE,"{""T_sp"": 310.0, ""L_sp"": 9.0, ""Fin_sp"": 0.0333}",False,known,False,unsafe_fraction,119.0,0.7041261321704126,5962.0,15.646905100002186
leak,"{""leak_k"": 0.002}",303,True,2038.0,level_error_large(|L_meas-L_sp|>0.7),SAFE,"{""T_sp"": 310.0, ""L_sp"": 9.0, ""Fin_sp"": 0.0233}",False,known,False,unsafe_fraction,119.0,0.7042938611204294,5962.0,15.48151510002208
leak,"{""leak_k"": 0.002}",303,True,2038.0,level_error_large(|L_meas-L_sp|>0.7),SAFE,"{""T_sp"": 310.0, ""L_sp"": 8.0, ""Fin_sp"": 0.0333}",False,known,False,unsafe_fraction,119.0,0.7091580006709158,5962.0,13.411819100001594
leak,"{""leak_k"": 0.002}",303,True,2038.0,level_error_large(|L_meas-L_sp|>0.7),SAFE,"{""T_sp"": 310.0, ""L_sp"": 8.0, ""Fin_sp"": 0.0233}",False,known,False,unsafe_fraction,119.0,0.7091580006709158,5962.0,12.935639300005278
leak,"{""leak_k"": 0.003}",101,True,2026.0,level_error_large(|L_meas-L_sp|>0.7),SAFE,"{""T_sp"": 310.0, ""L_sp"": 10.0, ""Fin_sp"": 0.0333}",True,known,False,unsafe_fraction,119.0,0.7474054235018414,5974.0,15.67753809998976
leak,"{""leak_k"": 0.003}",101,True,2026.0,level_error_large(|L_meas-L_sp|>0.7),SAFE,"{""T_sp"": 310.0, ""L_sp"": 10.0, ""Fin_sp"": 0.0283}",False,known,False,unsafe_fraction,119.0,0.7474054235018414,5974.0,15.451702699996531
leak,"{""leak_k"": 0.003}",101,True,2026.0,level_error_large(|L_meas-L_sp|>0.7),SAFE,"{""T_sp"": 310.0, ""L_sp"": 10.0, ""Fin_sp"": 0.0233}",False,known,False,unsafe_fraction,119.0,0.7474054235018414,5974.0,15.278991599974688
leak,"{""leak_k"": 0.003}",101,True,2026.0,level_error_large(|L_meas-L_sp|>0.7),SAFE,"{""T_sp"": 310.0, ""L_sp"": 10.0, ""Fin_sp"": 0.0183}",False,known,False,unsafe_fraction,119.0,0.7474054235018414,5974.0,15.499599699978717
leak,"{""leak_k"": 0.003}",101,True,2026.0,level_error_large(|L_meas-L_sp|>0.7),SAFE,"{""T_sp"": 310.0, ""L_sp"": 10.0, ""Fin_sp"": 0.0133}",False,known,False,unsafe_fraction,119.0,0.7475728155339806,5974.0,15.314253999997163
leak,"{""leak_k"": 0.003}",101,True,2026.0,level_error_large(|L_meas-L_sp|>0.7),SAFE,"{""T_sp"": 310.0, ""L_sp"": 10.0, ""Fin_sp"": 0.0083}",False,known,False,unsafe_fraction,119.0,0.7475728155339806,5974.0,15.06302639999194
leak,"{""leak_k"": 0.003}",101,True,2026.0,level_error_large(|L_meas-L_sp|>0.7),SAFE,"{""T_sp"": 309.0, ""L_sp"": 10.0, ""Fin_sp"": 0.0333}",False,known,False,unsafe_fraction,119.0,0.7474054235018414,5974.0,14.603578199981712
leak,"{""leak_k"": 0.003}",101,True,2026.0,level_error_large(|L_meas-L_sp|>0.7),SAFE,"{""T_sp"": 309.0, ""L_sp"": 10.0, ""Fin_sp"": 0.0283}",False,known,False,unsafe_fraction,119.0,0.7474054235018414,5974.0,14.981091900001047
leak,"{""leak_k"": 0.003}",101,True,2026.0,level_error_large(|L_meas-L_sp|>0.7),SAFE,"{""T_sp"": 309.0, ""L_sp"": 10.0, ""Fin_sp"": 0.0233}",False,known,False,unsafe_fraction,119.0,0.7474054235018414,5974.0,13.894396599993343
leak,"{""leak_k"": 0.003}",101,True,2026.0,level_error_large(|L_meas-L_sp|>0.7),SAFE,"{""T_sp"": 309.0, ""L_sp"": 10.0, ""Fin_sp"": 0.0183}",False,known,False,unsafe_fraction,119.0,0.7474054235018414,5974.0,13.492753200000152
leak,"{""leak_k"": 0.003}",101,True,2026.0,level_error_large(|L_meas-L_sp|>0.7),SAFE,"{""T_sp"": 309.0, ""L_sp"": 10.0, ""Fin_sp"": 0.0133}",False,known,False,unsafe_fraction,119.0,0.7475728155339806,5974.0,13.121952599991346
leak,"{""leak_k"": 0.003}",101,True,2026.0,level_error_large(|L_meas-L_sp|>0.7),SAFE,"{""T_sp"": 309.0, ""L_sp"": 10.0, ""Fin_sp"": 0.0083}",False,known,False,unsafe_fraction,119.0,0.7475728155339806,5974.0,12.450570900022285
leak,"{""leak_k"": 0.003}",101,True,2026.0,level_error_large(|L_meas-L_sp|>0.7),SAFE,"{""T_sp"": 310.0, ""L_sp"": 9.0, ""Fin_sp"": 0.0333}",False,known,False,unsafe_fraction,119.0,0.7475728155339806,5974.0,11.25592389999656
leak,"{""leak_k"": 0.003}",101,True,2026.0,level_error_large(|L_meas-L_sp|>0.7),SAFE,"{""T_sp"": 310.0, ""L_sp"": 9.0, ""Fin_sp"": 0.0233}",False,known,False,unsafe_fraction,119.0,0.7475728155339806,5974.0,11.217901500000153
leak,"{""leak_k"": 0.003}",101,True,2026.0,level_error_large(|L_meas-L_sp|>0.7),SAFE,"{""T_sp"": 310.0, ""L_sp"": 8.0, ""Fin_sp"": 0.0333}",False,known,False,unsafe_fraction,119.0,0.7499163039839304,5974.0,11.204472899989923
leak,"{""leak_k"": 0.003}",101,True,2026.0,level_error_large(|L_meas-L_sp|>0.7),SAFE,"{""T_sp"": 310.0, ""L_sp"": 8.0, ""Fin_sp"": 0.0233}",False,known,False,unsafe_fraction,119.0,0.7499163039839304,5974.0,10.797405499994056
leak,"{""leak_k"": 0.003}",202,True,2026.0,level_error_large(|L_meas-L_sp|>0.7),SAFE,"{""T_sp"": 310.0, ""L_sp"": 10.0, ""Fin_sp"": 0.0333}",True,known,False,unsafe_fraction,119.0,0.7474054235018414,5974.0,15.726128400012385
leak,"{""leak_k"": 0.003}",202,True,2026.0,level_error_large(|L_meas-L_sp|>0.7),SAFE,"{""T_sp"": 310.0, ""L_sp"": 10.0, ""Fin_sp"": 0.0283}",False,known,False,unsafe_fraction,119.0,0.7474054235018414,5974.0,15.489323399990099
leak,"{""leak_k"": 0.003}",202,True,2026.0,level_error_large(|L_meas-L_sp|>0.7),SAFE,"{""T_sp"": 310.0, ""L_sp"": 10.0, ""Fin_sp"": 0.0233}",False,known,False,unsafe_fraction,119.0,0.7474054235018414,5974.0,15.279033400001936
leak,"{""leak_k"": 0.003}",202,True,2026.0,level_error_large(|L_meas-L_sp|>0.7),SAFE,"{""T_sp"": 310.0, ""L_sp"": 10.0, ""Fin_sp"": 0.0183}",False,known,False,unsafe_fraction,119.0,0.7474054235018414,5974.0,15.602668100007577
leak,"{""leak_k"": 0.003}",202,True,2026.0,level_error_large(|L_meas-L_sp|>0.7),SAFE,"{""T_sp"": 310.0, ""L_sp"": 10.0, ""Fin_sp"": 0.0133}",False,known,False,unsafe_fraction,119.0,0.7475728155339806,5974.0,15.378543400001945
leak,"{""leak_k"": 0.003}",202,True,2026.0,level_error_large(|L_meas-L_sp|>0.7),SAFE,"{""T_sp"": 310.0, ""L_sp"": 10.0, ""Fin_sp"": 0.0083}",False,known,False,unsafe_fraction,119.0,0.7475728155339806,5974.0,15.021201700001257
leak,"{""leak_k"": 0.003}",202,True,2026.0,level_error_large(|L_meas-L_sp|>0.7),SAFE,"{""T_sp"": 309.0, ""L_sp"": 10.0, ""Fin_sp"": 0.0333}",False,known,False,unsafe_fraction,119.0,0.7474054235018414,5974.0,14.77137689999654
leak,"{""leak_k"": 0.003}",202,True,2026.0,level_error_large(|L_meas-L_sp|>0.7),SAFE,"{""T_sp"": 309.0, ""L_sp"": 10.0, ""Fin_sp"": 0.0283}",False,known,False,unsafe_fraction,119.0,0.7474054235018414,5974.0,14.905766599986237
leak,"{""leak_k"": 0.003}",202,True,2026.0,level_error_large(|L_meas-L_sp|>0.7),SAFE,"{""T_sp"": 309.0, ""L_sp"": 10.0, ""Fin_sp"": 0.0233}",False,known,False,unsafe_fraction,119.0,0.7474054235018414,5974.0,13.918535399978282
leak,"{""leak_k"": 0.003}",202,True,2026.0,level_error_large(|L_meas-L_sp|>0.7),SAFE,"{""T_sp"": 309.0, ""L_sp"": 10.0, ""Fin_sp"": 0.0183}",False,known,False,unsafe_fraction,119.0,0.7474054235018414,5974.0,13.639338799985126
leak,"{""leak_k"": 0.003}",202,True,2026.0,level_error_large(|L_meas-L_sp|>0.7),SAFE,"{""T_sp"": 309.0, ""L_sp"": 10.0, ""Fin_sp"": 0.0133}",False,known,False,unsafe_fraction,119.0,0.7475728155339806,5974.0,12.75930679999874
leak,"{""leak_k"": 0.003}",202,True,2026.0,level_error_large(|L_meas-L_sp|>0.7),SAFE,"{""T_sp"": 309.0, ""L_sp"": 10.0, ""Fin_sp"": 0.0083}",False,known,False,unsafe_fraction,119.0,0.7475728155339806,5974.0,12.33354849999887
leak,"{""leak_k"": 0.003}",202,True,2026.0,level_error_large(|L_meas-L_sp|>0.7),SAFE,"{""T_sp"": 310.0, ""L_sp"": 9.0, ""Fin_sp"": 0.0333}",False,known,False,unsafe_fraction,119.0,0.7475728155339806,5974.0,11.161970300017856
leak,"{""leak_k"": 0.003}",202,True,2026.0,level_error_large(|L_meas-L_sp|>0.7),SAFE,"{""T_sp"": 310.0, ""L_sp"": 9.0, ""Fin_sp"": 0.0233}",False,known,False,unsafe_fraction,119.0,0.7475728155339806,5974.0,11.266233299975283
leak,"{""leak_k"": 0.003}",202,True,2026.0,level_error_large(|L_meas-L_sp|>0.7),SAFE,"{""T_sp"": 310.0, ""L_sp"": 8.0, ""Fin_sp"": 0.0333}",False,known,False,unsafe_fraction,119.0,0.7499163039839304,5974.0,10.898442800011253
leak,"{""leak_k"": 0.003}",202,True,2026.0,level_error_large(|L_meas-L_sp|>0.7),SAFE,"{""T_sp"": 310.0, ""L_sp"": 8.0, ""Fin_sp"": 0.0233}",False,known,False,unsafe_fraction,119.0,0.7499163039839304,5974.0,10.769263800000772
leak,"{""leak_k"": 0.003}",303,True,2026.0,level_error_large(|L_meas-L_sp|>0.7),SAFE,"{""T_sp"": 310.0, ""L_sp"": 10.0, ""Fin_sp"": 0.0333}",True,known,False,unsafe_fraction,119.0,0.7474054235018414,5974.0,16.435927599988645
leak,"{""leak_k"": 0.003}",303,True,2026.0,level_error_large(|L_meas-L_sp|>0.7),SAFE,"{""T_sp"": 310.0, ""L_sp"": 10.0, ""Fin_sp"": 0.0283}",False,known,False,unsafe_fraction,119.0,0.7474054235018414,5974.0,16.55898490000982
leak,"{""leak_k"": 0.003}",303,True,2026.0,level_error_large(|L_meas-L_sp|>0.7),SAFE,"{""T_sp"": 310.0, ""L_sp"": 10.0, ""Fin_sp"": 0.0233}",False,known,False,unsafe_fraction,119.0,0.7474054235018414,5974.0,16.536387700005434
leak,"{""leak_k"": 0.003}",303,True,2026.0,level_error_large(|L_meas-L_sp|>0.7),SAFE,"{""T_sp"": 310.0, ""L_sp"": 10.0, ""Fin_sp"": 0.0183}",False,known,False,unsafe_fraction,119.0,0.7474054235018414,5974.0,16.626767400011886
leak,"{""leak_k"": 0.003}",303,True,2026.0,level_error_large(|L_meas-L_sp|>0.7),SAFE,"{""T_sp"": 310.0, ""L_sp"": 10.0, ""Fin_sp"": 0.0133}",False,known,False,unsafe_fraction,119.0,0.7475728155339806,5974.0,16.28953690000344
leak,"{""leak_k"": 0.003}",303,True,2026.0,level_error_large(|L_meas-L_sp|>0.7),SAFE,"{""T_sp"": 310.0, ""L_sp"": 10.0, ""Fin_sp"": 0.0083}",False,known,False,unsafe_fraction,119.0,0.7475728155339806,5974.0,16.091835900006117
leak,"{""leak_k"": 0.003}",303,True,2026.0,level_error_large(|L_meas-L_sp|>0.7),SAFE,"{""T_sp"": 309.0, ""L_sp"": 10.0, ""Fin_sp"": 0.0333}",False,known,False,unsafe_fraction,119.0,0.7474054235018414,5974.0,16.237335599988
leak,"{""leak_k"": 0.003}",303,True,2026.0,level_error_large(|L_meas-L_sp|>0.7),SAFE,"{""T_sp"": 309.0, ""L_sp"": 10.0, ""Fin_sp"": 0.0283}",False,known,False,unsafe_fraction,119.0,0.7474054235018414,5974.0,15.708833200013032
leak,"{""leak_k"": 0.003}",303,True,2026.0,level_error_large(|L_meas-L_sp|>0.7),SAFE,"{""T_sp"": 309.0, ""L_sp"": 10.0, ""Fin_sp"": 0.0233}",False,known,False,unsafe_fraction,119.0,0.7474054235018414,5974.0,15.422078200004762
leak,"{""leak_k"": 0.003}",303,True,2026.0,level_error_large(|L_meas-L_sp|>0.7),SAFE,"{""T_sp"": 309.0, ""L_sp"": 10.0, ""Fin_sp"": 0.0183}",False,known,False,unsafe_fraction,119.0,0.7474054235018414,5974.0,14.701906200003577
leak,"{""leak_k"": 0.003}",303,True,2026.0,level_error_large(|L_meas-L_sp|>0.7),SAFE,"{""T_sp"": 309.0, ""L_sp"": 10.0, ""Fin_sp"": 0.0133}",False,known,False,unsafe_fraction,119.0,0.7475728155339806,5974.0,13.321356300002662
leak,"{""leak_k"": 0.003}",303,True,2026.0,level_error_large(|L_meas-L_sp|>0.7),SAFE,"{""T_sp"": 309.0, ""L_sp"": 10.0, ""Fin_sp"": 0.0083}",False,known,False,unsafe_fraction,119.0,0.7475728155339806,5974.0,12.058644500008086
leak,"{""leak_k"": 0.003}",303,True,2026.0,level_error_large(|L_meas-L_sp|>0.7),SAFE,"{""T_sp"": 310.0, ""L_sp"": 9.0, ""Fin_sp"": 0.0333}",False,known,False,unsafe_fraction,119.0,0.7475728155339806,5974.0,11.863272099988535
leak,"{""leak_k"": 0.003}",303,True,2026.0,level_error_large(|L_meas-L_sp|>0.7),SAFE,"{""T_sp"": 310.0, ""L_sp"": 9.0, ""Fin_sp"": 0.0233}",False,known,False,unsafe_fraction,119.0,0.7475728155339806,5974.0,12.330793800007086
leak,"{""leak_k"": 0.003}",303,True,2026.0,level_error_large(|L_meas-L_sp|>0.7),SAFE,"{""T_sp"": 310.0, ""L_sp"": 8.0, ""Fin_sp"": 0.0333}",False,known,False,unsafe_fraction,119.0,0.7499163039839304,5974.0,10.954814800003078
leak,"{""leak_k"": 0.003}",303,True,2026.0,level_error_large(|L_meas-L_sp|>0.7),SAFE,"{""T_sp"": 310.0, ""L_sp"": 8.0, ""Fin_sp"": 0.0233}",False,known,False,unsafe_fraction,119.0,0.7499163039839304,5974.0,10.035423599998467
leak,"{""leak_k"": 0.005}",101,True,2016.0,level_error_large(|L_meas-L_sp|>0.7),SAFE,"{""T_sp"": 310.0, ""L_sp"": 10.0, ""Fin_sp"": 0.0333}",True,known,False,unsafe_fraction,119.0,0.7819184491978609,5984.0,16.6442882999836
leak,"{""leak_k"": 0.005}",101,True,2016.0,level_error_large(|L_meas-L_sp|>0.7),SAFE,"{""T_sp"": 310.0, ""L_sp"": 10.0, ""Fin_sp"": 0.0283}",False,known,False,unsafe_fraction,119.0,0.7820855614973262,5984.0,16.546057200001087
leak,"{""leak_k"": 0.005}",101,True,2016.0,level_error_large(|L_meas-L_sp|>0.7),SAFE,"{""T_sp"": 310.0, ""L_sp"": 10.0, ""Fin_sp"": 0.0233}",False,known,False,unsafe_fraction,119.0,0.7820855614973262,5984.0,16.433378599991556
leak,"{""leak_k"": 0.005}",101,True,2016.0,level_error_large(|L_meas-L_sp|>0.7),SAFE,"{""T_sp"": 310.0, ""L_sp"": 10.0, ""Fin_sp"": 0.0183}",False,known,False,unsafe_fraction,119.0,0.7820855614973262,5984.0,16.212164099997608
leak,"{""leak_k"": 0.005}",101,True,2016.0,level_error_large(|L_meas-L_sp|>0.7),SAFE,"{""T_sp"": 310.0, ""L_sp"": 10.0, ""Fin_sp"": 0.0133}",False,known,False,unsafe_fraction,119.0,0.7820855614973262,5984.0,16.067685800022446
leak,"{""leak_k"": 0.005}",101,True,2016.0,level_error_large(|L_meas-L_sp|>0.7),SAFE,"{""T_sp"": 310.0, ""L_sp"": 10.0, ""Fin_sp"": 0.0083}",False,known,False,unsafe_fraction,119.0,0.7820855614973262,5984.0,16.336028399993666
leak,"{""leak_k"": 0.005}",101,True,2016.0,level_error_large(|L_meas-L_sp|>0.7),SAFE,"{""T_sp"": 309.0, ""L_sp"": 10.0, ""Fin_sp"": 0.0333}",False,known,False,unsafe_fraction,119.0,0.7819184491978609,5984.0,16.4079725999909
leak,"{""leak_k"": 0.005}",101,True,2016.0,level_error_large(|L_meas-L_sp|>0.7),SAFE,"{""T_sp"": 309.0, ""L_sp"": 10.0, ""Fin_sp"": 0.0283}",False,known,False,unsafe_fraction,119.0,0.7820855614973262,5984.0,15.227563399996143
leak,"{""leak_k"": 0.005}",101,True,2016.0,level_error_large(|L_meas-L_sp|>0.7),SAFE,"{""T_sp"": 309.0, ""L_sp"": 10.0, ""Fin_sp"": 0.0233}",False,known,False,unsafe_fraction,119.0,0.7820855614973262,5984.0,15.285191300004954
leak,"{""leak_k"": 0.005}",101,True,2016.0,level_error_large(|L_meas-L_sp|>0.7),SAFE,"{""T_sp"": 309.0, ""L_sp"": 10.0, ""Fin_sp"": 0.0183}",False,known,False,unsafe_fraction,119.0,0.7820855614973262,5984.0,14.443954199989093
leak,"{""leak_k"": 0.005}",101,True,2016.0,level_error_large(|L_meas-L_sp|>0.7),SAFE,"{""T_sp"": 309.0, ""L_sp"": 10.0, ""Fin_sp"": 0.0133}",False,known,False,unsafe_fraction,119.0,0.7820855614973262,5984.0,13.478819299984025
leak,"{""leak_k"": 0.005}",101,True,2016.0,level_error_large(|L_meas-L_sp|>0.7),SAFE,"{""T_sp"": 309.0, ""L_sp"": 10.0, ""Fin_sp"": 0.0083}",False,known,False,unsafe_fraction,119.0,0.7820855614973262,5984.0,11.698541199992178
leak,"{""leak_k"": 0.005}",101,True,2016.0,level_error_large(|L_meas-L_sp|>0.7),SAFE,"{""T_sp"": 310.0, ""L_sp"": 9.0, ""Fin_sp"": 0.0333}",False,known,False,unsafe_fraction,119.0,0.7820855614973262,5984.0,11.902665500005241
leak,"{""leak_k"": 0.005}",101,True,2016.0,level_error_large(|L_meas-L_sp|>0.7),SAFE,"{""T_sp"": 310.0, ""L_sp"": 9.0, ""Fin_sp"": 0.0233}",False,known,False,unsafe_fraction,119.0,0.7820855614973262,5984.0,11.55867309999303
leak,"{""leak_k"": 0.005}",101,True,2016.0,level_error_large(|L_meas-L_sp|>0.7),SAFE,"{""T_sp"": 310.0, ""L_sp"": 8.0, ""Fin_sp"": 0.0333}",False,known,False,unsafe_fraction,119.0,0.7829211229946524,5984.0,10.744850299990503
leak,"{""leak_k"": 0.005}",101,True,2016.0,level_error_large(|L_meas-L_sp|>0.7),SAFE,"{""T_sp"": 310.0, ""L_sp"": 8.0, ""Fin_sp"": 0.0233}",False,known,False,unsafe_fraction,119.0,0.7829211229946524,5984.0,9.79153389998828
leak,"{""leak_k"": 0.005}",202,True,2016.0,level_error_large(|L_meas-L_sp|>0.7),SAFE,"{""T_sp"": 310.0, ""L_sp"": 10.0, ""Fin_sp"": 0.0333}",True,known,False,unsafe_fraction,119.0,0.7820855614973262,5984.0,15.309926500020083
leak,"{""leak_k"": 0.005}",202,True,2016.0,level_error_large(|L_meas-L_sp|>0.7),SAFE,"{""T_sp"": 310.0, ""L_sp"": 10.0, ""Fin_sp"": 0.0283}",False,known,False,unsafe_fraction,119.0,0.7820855614973262,5984.0,15.20273369998904
leak,"{""leak_k"": 0.005}",202,True,2016.0,level_error_large(|L_meas-L_sp|>0.7),SAFE,"{""T_sp"": 310.0, ""L_sp"": 10.0, ""Fin_sp"": 0.0233}",False,known,False,unsafe_fraction,119.0,0.7820855614973262,5984.0,14.633837800007313
leak,"{""leak_k"": 0.005}",202,True,2016.0,level_error_large(|L_meas-L_sp|>0.7),SAFE,"{""T_sp"": 310.0, ""L_sp"": 10.0, ""Fin_sp"": 0.0183}",False,known,False,unsafe_fraction,119.0,0.7820855614973262,5984.0,15.066047700005583
leak,"{""leak_k"": 0.005}",202,True,2016.0,level_error_large(|L_meas-L_sp|>0.7),SAFE,"{""T_sp"": 310.0, ""L_sp"": 10.0, ""Fin_sp"": 0.0133}",False,known,False,unsafe_fraction,119.0,0.7820855614973262,5984.0,13.642521699977806
leak,"{""leak_k"": 0.005}",202,True,2016.0,level_error_large(|L_meas-L_sp|>0.7),SAFE,"{""T_sp"": 310.0, ""L_sp"": 10.0, ""Fin_sp"": 0.0083}",False,known,False,unsafe_fraction,119.0,0.7820855614973262,5984.0,13.692386699985946
leak,"{""leak_k"": 0.005}",202,True,2016.0,level_error_large(|L_meas-L_sp|>0.7),SAFE,"{""T_sp"": 309.0, ""L_sp"": 10.0, ""Fin_sp"": 0.0333}",False,known,False,unsafe_fraction,119.0,0.7820855614973262,5984.0,13.004440599994268
leak,"{""leak_k"": 0.005}",202,True,2016.0,level_error_large(|L_meas-L_sp|>0.7),SAFE,"{""T_sp"": 309.0, ""L_sp"": 10.0, ""Fin_sp"": 0.0283}",False,known,False,unsafe_fraction,119.0,0.7820855614973262,5984.0,12.322815200022887
leak,"{""leak_k"": 0.005}",202,True,2016.0,level_error_large(|L_meas-L_sp|>0.7),SAFE,"{""T_sp"": 309.0, ""L_sp"": 10.0, ""Fin_sp"": 0.0233}",False,known,False,unsafe_fraction,119.0,0.7820855614973262,5984.0,11.984897200018167
leak,"{""leak_k"": 0.005}",202,True,2016.0,level_error_large(|L_meas-L_sp|>0.7),SAFE,"{""T_sp"": 309.0, ""L_sp"": 10.0, ""Fin_sp"": 0.0183}",False,known,False,unsafe_fraction,119.0,0.7820855614973262,5984.0,10.836989599978551
leak,"{""leak_k"": 0.005}",202,True,2016.0,level_error_large(|L_meas-L_sp|>0.7),SAFE,"{""T_sp"": 309.0, ""L_sp"": 10.0, ""Fin_sp"": 0.0133}",False,known,False,unsafe_fraction,119.0,0.7820855614973262,5984.0,10.403238099999726
leak,"{""leak_k"": 0.005}",202,True,2016.0,level_error_large(|L_meas-L_sp|>0.7),SAFE,"{""T_sp"": 309.0, ""L_sp"": 10.0, ""Fin_sp"": 0.0083}",False,known,False,unsafe_fraction,119.0,0.7820855614973262,5984.0,10.314810999989277
leak,"{""leak_k"": 0.005}",202,True,2016.0,level_error_large(|L_meas-L_sp|>0.7),SAFE,"{""T_sp"": 310.0, ""L_sp"": 9.0, ""Fin_sp"": 0.0333}",False,known,False,unsafe_fraction,119.0,0.7820855614973262,5984.0,10.368671200005338
leak,"{""leak_k"": 0.005}",202,True,2016.0,level_error_large(|L_meas-L_sp|>0.7),SAFE,"{""T_sp"": 310.0, ""L_sp"": 9.0, ""Fin_sp"": 0.0233}",False,known,False,unsafe_fraction,119.0,0.7820855614973262,5984.0,10.089999699994223
leak,"{""leak_k"": 0.005}",202,True,2016.0,level_error_large(|L_meas-L_sp|>0.7),SAFE,"{""T_sp"": 310.0, ""L_sp"": 8.0, ""Fin_sp"": 0.0333}",False,known,False,unsafe_fraction,119.0,0.7829211229946524,5984.0,8.488238399993861
leak,"{""leak_k"": 0.005}",202,True,2016.0,level_error_large(|L_meas-L_sp|>0.7),SAFE,"{""T_sp"": 310.0, ""L_sp"": 8.0, ""Fin_sp"": 0.0233}",False,known,False,unsafe_fraction,119.0,0.7829211229946524,5984.0,8.26808360000723
leak,"{""leak_k"": 0.005}",303,True,2016.0,level_error_large(|L_meas-L_sp|>0.7),SAFE,"{""T_sp"": 310.0, ""L_sp"": 10.0, ""Fin_sp"": 0.0333}",True,known,False,unsafe_fraction,119.0,0.7819184491978609,5984.0,15.103240999975242
leak,"{""leak_k"": 0.005}",303,True,2016.0,level_error_large(|L_meas-L_sp|>0.7),SAFE,"{""T_sp"": 310.0, ""L_sp"": 10.0, ""Fin_sp"": 0.0283}",False,known,False,unsafe_fraction,119.0,0.7820855614973262,5984.0,15.11866330000339
leak,"{""leak_k"": 0.005}",303,True,2016.0,level_error_large(|L_meas-L_sp|>0.7),SAFE,"{""T_sp"": 310.0, ""L_sp"": 10.0, ""Fin_sp"": 0.0233}",False,known,False,unsafe_fraction,119.0,0.7820855614973262,5984.0,15.206881500023883
leak,"{""leak_k"": 0.005}",303,True,2016.0,level_error_large(|L_meas-L_sp|>0.7),SAFE,"{""T_sp"": 310.0, ""L_sp"": 10.0, ""Fin_sp"": 0.0183}",False,known,False,unsafe_fraction,119.0,0.7820855614973262,5984.0,14.209434999997029
leak,"{""leak_k"": 0.005}",303,True,2016.0,level_error_large(|L_meas-L_sp|>0.7),SAFE,"{""T_sp"": 310.0, ""L_sp"": 10.0, ""Fin_sp"": 0.0133}",False,known,False,unsafe_fraction,119.0,0.7820855614973262,5984.0,13.772262600017712
leak,"{""leak_k"": 0.005}",303,True,2016.0,level_error_large(|L_meas-L_sp|>0.7),SAFE,"{""T_sp"": 310.0, ""L_sp"": 10.0, ""Fin_sp"": 0.0083}",False,known,False,unsafe_fraction,119.0,0.7820855614973262,5984.0,13.133682999992743
leak,"{""leak_k"": 0.005}",303,True,2016.0,level_error_large(|L_meas-L_sp|>0.7),SAFE,"{""T_sp"": 309.0, ""L_sp"": 10.0, ""Fin_sp"": 0.0333}",False,known,False,unsafe_fraction,119.0,0.7819184491978609,5984.0,12.633724699990125
leak,"{""leak_k"": 0.005}",303,True,2016.0,level_error_large(|L_meas-L_sp|>0.7),SAFE,"{""T_sp"": 309.0, ""L_sp"": 10.0, ""Fin_sp"": 0.0283}",False,known,False,unsafe_fraction,119.0,0.7820855614973262,5984.0,11.729668499989202
leak,"{""leak_k"": 0.005}",303,True,2016.0,level_error_large(|L_meas-L_sp|>0.7),SAFE,"{""T_sp"": 309.0, ""L_sp"": 10.0, ""Fin_sp"": 0.0233}",False,known,False,unsafe_fraction,119.0,0.7820855614973262,5984.0,11.529058599990094
leak,"{""leak_k"": 0.005}",303,True,2016.0,level_error_large(|L_meas-L_sp|>0.7),SAFE,"{""T_sp"": 309.0, ""L_sp"": 10.0, ""Fin_sp"": 0.0183}",False,known,False,unsafe_fraction,119.0,0.7820855614973262,5984.0,11.135143200022867
leak,"{""leak_k"": 0.005}",303,True,2016.0,level_error_large(|L_meas-L_sp|>0.7),SAFE,"{""T_sp"": 309.0, ""L_sp"": 10.0, ""Fin_sp"": 0.0133}",False,known,False,unsafe_fraction,119.0,0.7820855614973262,5984.0,10.230481100006728
leak,"{""leak_k"": 0.005}",303,True,2016.0,level_error_large(|L_meas-L_sp|>0.7),SAFE,"{""T_sp"": 309.0, ""L_sp"": 10.0, ""Fin_sp"": 0.0083}",False,known,False,unsafe_fraction,119.0,0.7820855614973262,5984.0,9.804727799986722
leak,"{""leak_k"": 0.005}",303,True,2016.0,level_error_large(|L_meas-L_sp|>0.7),SAFE,"{""T_sp"": 310.0, ""L_sp"": 9.0, ""Fin_sp"": 0.0333}",False,known,False,unsafe_fraction,119.0,0.7820855614973262,5984.0,9.705116199998884
leak,"{""leak_k"": 0.005}",303,True,2016.0,level_error_large(|L_meas-L_sp|>0.7),SAFE,"{""T_sp"": 310.0, ""L_sp"": 9.0, ""Fin_sp"": 0.0233}",False,known,False,unsafe_fraction,119.0,0.7820855614973262,5984.0,8.344214099983219
leak,"{""leak_k"": 0.005}",303,True,2016.0,level_error_large(|L_meas-L_sp|>0.7),SAFE,"{""T_sp"": 310.0, ""L_sp"": 8.0, ""Fin_sp"": 0.0333}",False,known,False,unsafe_fraction,119.0,0.7829211229946524,5984.0,8.258567599987146
leak,"{""leak_k"": 0.005}",303,True,2016.0,level_error_large(|L_meas-L_sp|>0.7),SAFE,"{""T_sp"": 310.0, ""L_sp"": 8.0, ""Fin_sp"": 0.0233}",False,known,False,unsafe_fraction,119.0,0.7829211229946524,5984.0,7.798943500005407
leak,"{""leak_k"": 0.008}",202,True,2011.0,level_error_large(|L_meas-L_sp|>0.7),SAFE,"{""T_sp"": 310.0, ""L_sp"": 10.0, ""Fin_sp"": 0.0333}",True,known,False,unsafe_fraction,119.0,0.8014693604942394,5989.0,14.780302300001495
leak,"{""leak_k"": 0.008}",202,True,2011.0,level_error_large(|L_meas-L_sp|>0.7),SAFE,"{""T_sp"": 310.0, ""L_sp"": 10.0, ""Fin_sp"": 0.0283}",False,known,False,unsafe_fraction,119.0,0.8014693604942394,5989.0,14.499204599997029
leak,"{""leak_k"": 0.008}",202,True,2011.0,level_error_large(|L_meas-L_sp|>0.7),SAFE,"{""T_sp"": 310.0, ""L_sp"": 10.0, ""Fin_sp"": 0.0233}",False,known,False,unsafe_fraction,119.0,0.8014693604942394,5989.0,14.02457680000225
leak,"{""leak_k"": 0.008}",202,True,2011.0,level_error_large(|L_meas-L_sp|>0.7),SAFE,"{""T_sp"": 310.0, ""L_sp"": 10.0, ""Fin_sp"": 0.0183}",False,known,False,unsafe_fraction,119.0,0.8014693604942394,5989.0,13.47155109999585
leak,"{""leak_k"": 0.008}",202,True,2011.0,level_error_large(|L_meas-L_sp|>0.7),SAFE,"{""T_sp"": 310.0, ""L_sp"": 10.0, ""Fin_sp"": 0.0133}",False,known,False,unsafe_fraction,119.0,0.8014693604942394,5989.0,13.282030600006692
leak,"{""leak_k"": 0.008}",202,True,2011.0,level_error_large(|L_meas-L_sp|>0.7),SAFE,"{""T_sp"": 310.0, ""L_sp"": 10.0, ""Fin_sp"": 0.0083}",False,known,False,unsafe_fraction,119.0,0.8014693604942394,5989.0,11.889006600016728
leak,"{""leak_k"": 0.008}",202,True,2011.0,level_error_large(|L_meas-L_sp|>0.7),SAFE,"{""T_sp"": 309.0, ""L_sp"": 10.0, ""Fin_sp"": 0.0333}",False,known,False,unsafe_fraction,119.0,0.8014693604942394,5989.0,11.131076799996663
leak,"{""leak_k"": 0.008}",202,True,2011.0,level_error_large(|L_meas-L_sp|>0.7),SAFE,"{""T_sp"": 309.0, ""L_sp"": 10.0, ""Fin_sp"": 0.0283}",False,known,False,unsafe_fraction,119.0,0.8014693604942394,5989.0,11.034696299990173
leak,"{""leak_k"": 0.008}",202,True,2011.0,level_error_large(|L_meas-L_sp|>0.7),SAFE,"{""T_sp"": 309.0, ""L_sp"": 10.0, ""Fin_sp"": 0.0233}",False,known,False,unsafe_fraction,119.0,0.8014693604942394,5989.0,10.508376200014027
leak,"{""leak_k"": 0.008}",202,True,2011.0,level_error_large(|L_meas-L_sp|>0.7),SAFE,"{""T_sp"": 309.0, ""L_sp"": 10.0, ""Fin_sp"": 0.0183}",False,known,False,unsafe_fraction,119.0,0.8014693604942394,5989.0,10.325657699984731
leak,"{""leak_k"": 0.008}",202,True,2011.0,level_error_large(|L_meas-L_sp|>0.7),SAFE,"{""T_sp"": 309.0, ""L_sp"": 10.0, ""Fin_sp"": 0.0133}",False,known,False,unsafe_fraction,119.0,0.8014693604942394,5989.0,10.517061999998987
leak,"{""leak_k"": 0.008}",202,True,2011.0,level_error_large(|L_meas-L_sp|>0.7),SAFE,"{""T_sp"": 309.0, ""L_sp"": 10.0, ""Fin_sp"": 0.0083}",False,known,False,unsafe_fraction,119.0,0.8014693604942394,5989.0,9.109596099995542
leak,"{""leak_k"": 0.008}",202,True,2011.0,level_error_large(|L_meas-L_sp|>0.7),SAFE,"{""T_sp"": 310.0, ""L_sp"": 9.0, ""Fin_sp"": 0.0333}",False,known,False,unsafe_fraction,119.0,0.8014693604942394,5989.0,7.957897100015543
leak,"{""leak_k"": 0.008}",202,True,2011.0,level_error_large(|L_meas-L_sp|>0.7),SAFE,"{""T_sp"": 310.0, ""L_sp"": 9.0, ""Fin_sp"": 0.0233}",False,known,False,unsafe_fraction,119.0,0.8014693604942394,5989.0,8.034020799997961
leak,"{""leak_k"": 0.008}",202,True,2011.0,level_error_large(|L_meas-L_sp|>0.7),SAFE,"{""T_sp"": 310.0, ""L_sp"": 8.0, ""Fin_sp"": 0.0333}",False,known,False,unsafe_fraction,119.0,0.801803306061112,5989.0,7.239806600002339
leak,"{""leak_k"": 0.008}",202,True,2011.0,level_error_large(|L_meas-L_sp|>0.7),SAFE,"{""T_sp"": 310.0, ""L_sp"": 8.0, ""Fin_sp"": 0.0233}",False,known,False,unsafe_fraction,119.0,0.801803306061112,5989.0,7.571430400013924
leak,"{""leak_k"": 0.008}",101,True,2011.0,level_error_large(|L_meas-L_sp|>0.7),SAFE,"{""T_sp"": 310.0, ""L_sp"": 10.0, ""Fin_sp"": 0.0333}",True,known,False,unsafe_fraction,119.0,0.8014693604942394,5989.0,16.05403599998681
leak,"{""leak_k"": 0.008}",101,True,2011.0,level_error_large(|L_meas-L_sp|>0.7),SAFE,"{""T_sp"": 310.0, ""L_sp"": 10.0, ""Fin_sp"": 0.0283}",False,known,False,unsafe_fraction,119.0,0.8014693604942394,5989.0,16.2127860999899
leak,"{""leak_k"": 0.008}",101,True,2011.0,level_error_large(|L_meas-L_sp|>0.7),SAFE,"{""T_sp"": 310.0, ""L_sp"": 10.0, ""Fin_sp"": 0.0233}",False,known,False,unsafe_fraction,119.0,0.8014693604942394,5989.0,15.798901600006502
leak,"{""leak_k"": 0.008}",101,True,2011.0,level_error_large(|L_meas-L_sp|>0.7),SAFE,"{""T_sp"": 310.0, ""L_sp"": 10.0, ""Fin_sp"": 0.0183}",False,known,False,unsafe_fraction,119.0,0.8014693604942394,5989.0,15.686017499974696
leak,"{""leak_k"": 0.008}",101,True,2011.0,level_error_large(|L_meas-L_sp|>0.7),SAFE,"{""T_sp"": 310.0, ""L_sp"": 10.0, ""Fin_sp"": 0.0133}",False,known,False,unsafe_fraction,119.0,0.8014693604942394,5989.0,14.37949849999859
leak,"{""leak_k"": 0.008}",101,True,2011.0,level_error_large(|L_meas-L_sp|>0.7),SAFE,"{""T_sp"": 310.0, ""L_sp"": 10.0, ""Fin_sp"": 0.0083}",False,known,False,unsafe_fraction,119.0,0.8016363332776757,5989.0,12.587201999995159
leak,"{""leak_k"": 0.008}",101,True,2011.0,level_error_large(|L_meas-L_sp|>0.7),SAFE,"{""T_sp"": 309.0, ""L_sp"": 10.0, ""Fin_sp"": 0.0333}",False,known,False,unsafe_fraction,119.0,0.8014693604942394,5989.0,12.179043999989517
leak,"{""leak_k"": 0.008}",101,True,2011.0,level_error_large(|L_meas-L_sp|>0.7),SAFE,"{""T_sp"": 309.0, ""L_sp"": 10.0, ""Fin_sp"": 0.0283}",False,known,False,unsafe_fraction,119.0,0.8014693604942394,5989.0,11.445936200005235
leak,"{""leak_k"": 0.008}",101,True,2011.0,level_error_large(|L_meas-L_sp|>0.7),SAFE,"{""T_sp"": 309.0, ""L_sp"": 10.0, ""Fin_sp"": 0.0233}",False,known,False,unsafe_fraction,119.0,0.8014693604942394,5989.0,12.227997200010577
leak,"{""leak_k"": 0.008}",101,True,2011.0,level_error_large(|L_meas-L_sp|>0.7),SAFE,"{""T_sp"": 309.0, ""L_sp"": 10.0, ""Fin_sp"": 0.0183}",False,known,False,unsafe_fraction,119.0,0.8014693604942394,5989.0,10.253699599998072
leak,"{""leak_k"": 0.008}",101,True,2011.0,level_error_large(|L_meas-L_sp|>0.7),SAFE,"{""T_sp"": 309.0, ""L_sp"": 10.0, ""Fin_sp"": 0.0133}",False,known,False,unsafe_fraction,119.0,0.8014693604942394,5989.0,9.785407799994573
leak,"{""leak_k"": 0.008}",101,True,2011.0,level_error_large(|L_meas-L_sp|>0.7),SAFE,"{""T_sp"": 309.0, ""L_sp"": 10.0, ""Fin_sp"": 0.0083}",False,known,False,unsafe_fraction,119.0,0.8016363332776757,5989.0,8.120289000013145
leak,"{""leak_k"": 0.008}",101,True,2011.0,level_error_large(|L_meas-L_sp|>0.7),SAFE,"{""T_sp"": 310.0, ""L_sp"": 9.0, ""Fin_sp"": 0.0333}",False,known,False,unsafe_fraction,119.0,0.8014693604942394,5989.0,8.021410799992736
leak,"{""leak_k"": 0.008}",101,True,2011.0,level_error_large(|L_meas-L_sp|>0.7),SAFE,"{""T_sp"": 310.0, ""L_sp"": 9.0, ""Fin_sp"": 0.0233}",False,known,False,unsafe_fraction,119.0,0.8014693604942394,5989.0,8.36771389999194
leak,"{""leak_k"": 0.008}",101,True,2011.0,level_error_large(|L_meas-L_sp|>0.7),SAFE,"{""T_sp"": 310.0, ""L_sp"": 8.0, ""Fin_sp"": 0.0333}",False,known,False,unsafe_fraction,119.0,0.801803306061112,5989.0,7.383143499988364
leak,"{""leak_k"": 0.008}",101,True,2011.0,level_error_large(|L_meas-L_sp|>0.7),SAFE,"{""T_sp"": 310.0, ""L_sp"": 8.0, ""Fin_sp"": 0.0233}",False,known,False,unsafe_fraction,119.0,0.801803306061112,5989.0,7.39346160000423
leak,"{""leak_k"": 0.008}",303,True,2011.0,level_error_large(|L_meas-L_sp|>0.7),SAFE,"{""T_sp"": 310.0, ""L_sp"": 10.0, ""Fin_sp"": 0.0333}",True,known,False,unsafe_fraction,119.0,0.8014693604942394,5989.0,15.80135700001847
leak,"{""leak_k"": 0.008}",303,True,2011.0,level_error_large(|L_meas-L_sp|>0.7),SAFE,"{""T_sp"": 310.0, ""L_sp"": 10.0, ""Fin_sp"": 0.0283}",False,known,False,unsafe_fraction,119.0,0.8014693604942394,5989.0,15.726779000018723
leak,"{""leak_k"": 0.008}",303,True,2011.0,level_error_large(|L_meas-L_sp|>0.7),SAFE,"{""T_sp"": 310.0, ""L_sp"": 10.0, ""Fin_sp"": 0.0233}",False,known,False,unsafe_fraction,119.0,0.8014693604942394,5989.0,14.19909209999605
leak,"{""leak_k"": 0.008}",303,True,2011.0,level_error_large(|L_meas-L_sp|>0.7),SAFE,"{""T_sp"": 310.0, ""L_sp"": 10.0, ""Fin_sp"": 0.0183}",False,known,False,unsafe_fraction,119.0,0.8014693604942394,5989.0,12.43775850001839
leak,"{""leak_k"": 0.008}",303,True,2011.0,level_error_large(|L_meas-L_sp|>0.7),SAFE,"{""T_sp"": 310.0, ""L_sp"": 10.0, ""Fin_sp"": 0.0133}",False,known,False,unsafe_fraction,119.0,0.8014693604942394,5989.0,11.899867400003131
leak,"{""leak_k"": 0.008}",303,True,2011.0,level_error_large(|L_meas-L_sp|>0.7),SAFE,"{""T_sp"": 310.0, ""L_sp"": 10.0, ""Fin_sp"": 0.0083}",False,known,False,unsafe_fraction,119.0,0.8014693604942394,5989.0,11.251781400002073
leak,"{""leak_k"": 0.008}",303,True,2011.0,level_error_large(|L_meas-L_sp|>0.7),SAFE,"{""T_sp"": 309.0, ""L_sp"": 10.0, ""Fin_sp"": 0.0333}",False,known,False,unsafe_fraction,119.0,0.8014693604942394,5989.0,12.167223299999023
leak,"{""leak_k"": 0.008}",303,True,2011.0,level_error_large(|L_meas-L_sp|>0.7),SAFE,"{""T_sp"": 309.0, ""L_sp"": 10.0, ""Fin_sp"": 0.0283}",False,known,False,unsafe_fraction,119.0,0.8014693604942394,5989.0,10.205281000002287
leak,"{""leak_k"": 0.008}",303,True,2011.0,level_error_large(|L_meas-L_sp|>0.7),SAFE,"{""T_sp"": 309.0, ""L_sp"": 10.0, ""Fin_sp"": 0.0233}",False,known,False,unsafe_fraction,119.0,0.8014693604942394,5989.0,9.838075500010746
leak,"{""leak_k"": 0.008}",303,True,2011.0,level_error_large(|L_meas-L_sp|>0.7),SAFE,"{""T_sp"": 309.0, ""L_sp"": 10.0, ""Fin_sp"": 0.0183}",False,known,False,unsafe_fraction,119.0,0.8014693604942394,5989.0,8.221100800001295
leak,"{""leak_k"": 0.008}",303,True,2011.0,level_error_large(|L_meas-L_sp|>0.7),SAFE,"{""T_sp"": 309.0, ""L_sp"": 10.0, ""Fin_sp"": 0.0133}",False,known,False,unsafe_fraction,119.0,0.8014693604942394,5989.0,8.124635300016962
leak,"{""leak_k"": 0.008}",303,True,2011.0,level_error_large(|L_meas-L_sp|>0.7),SAFE,"{""T_sp"": 309.0, ""L_sp"": 10.0, ""Fin_sp"": 0.0083}",False,known,False,unsafe_fraction,119.0,0.8014693604942394,5989.0,8.129723699996248
leak,"{""leak_k"": 0.008}",303,True,2011.0,level_error_large(|L_meas-L_sp|>0.7),SAFE,"{""T_sp"": 310.0, ""L_sp"": 9.0, ""Fin_sp"": 0.0333}",False,known,False,unsafe_fraction,119.0,0.8014693604942394,5989.0,7.525319600012153
leak,"{""leak_k"": 0.008}",303,True,2011.0,level_error_large(|L_meas-L_sp|>0.7),SAFE,"{""T_sp"": 310.0, ""L_sp"": 9.0, ""Fin_sp"": 0.0233}",False,known,False,unsafe_fraction,119.0,0.8014693604942394,5989.0,7.227756800013594
leak,"{""leak_k"": 0.008}",303,True,2011.0,level_error_large(|L_meas-L_sp|>0.7),SAFE,"{""T_sp"": 310.0, ""L_sp"": 8.0, ""Fin_sp"": 0.0333}",False,known,False,unsafe_fraction,119.0,0.801803306061112,5989.0,7.1866262999828905
leak,"{""leak_k"": 0.008}",303,True,2011.0,level_error_large(|L_meas-L_sp|>0.7),SAFE,"{""T_sp"": 310.0, ""L_sp"": 8.0, ""Fin_sp"": 0.0233}",False,known,False,unsafe_fraction,119.0,0.801803306061112,5989.0,7.0659212000027765
