instance_id,y,risk::plant readings only,decision::0.10::plant readings only,decision::0.05::plant readings only,risk::plant readings + proposed change,decision::0.10::plant readings + proposed change,decision::0.05::plant readings + proposed change,risk::token confidence,decision::0.10::token confidence,decision::0.05::token confidence,risk::attention by prompt region,decision::0.10::attention by prompt region,decision::0.05::attention by prompt region,risk::region-based attention grounding,decision::0.10::region-based attention grounding,decision::0.05::region-based attention grounding,risk::hidden states,decision::0.10::hidden states,decision::0.05::hidden states,risk::all internals,decision::0.10::all internals,decision::0.05::all internals,risk::all internals + grounding,decision::0.10::all internals + grounding,decision::0.05::all internals + grounding,risk::readings + change + all internals + grounding,decision::0.10::readings + change + all internals + grounding,decision::0.05::readings + change + all internals + grounding,risk::readings + change + grounding,decision::0.10::readings + change + grounding,decision::0.05::readings + change + grounding,risk::readings + change + all internals,decision::0.10::readings + change + all internals,decision::0.05::readings + change + all internals
cstr_test_00002_r0,1,0.8853968529000674,validate,validate,0.9985539580377905,reject,reject,0.7737374407579037,validate,validate,0.8415342214704381,validate,validate,0.6115191160315661,validate,validate,0.578354977384839,validate,validate,0.6740228974971881,validate,validate,0.6218749651645443,validate,validate,0.9812361218793506,reject,reject,0.9977556412379829,reject,reject,0.990495265835443,reject,reject
cstr_test_00005_r0,1,0.7080717309654948,validate,validate,0.9666355944398712,reject,reject,0.770199005455585,validate,validate,0.8542658934632927,validate,validate,0.8992562944774879,reject,reject,0.7835547553033043,validate,validate,0.7373370489587288,validate,validate,0.7255073204854072,validate,validate,0.9532888692467152,reject,reject,0.9817378271503497,reject,reject,0.9530505515530537,reject,reject
cstr_test_00007_r0,0,0.878636893035616,validate,validate,0.622191323230544,validate,validate,0.8477751380908046,validate,validate,0.8592948167262925,validate,validate,0.9032005922785761,reject,reject,0.7891168137205636,validate,validate,0.8723919758927551,reject,reject,0.9089326104301093,reject,reject,0.8173092510965323,reject,reject,0.7811495243646908,reject,reject,0.7781039389742453,validate,validate
cstr_test_00010_r0,1,0.8556036867391885,validate,validate,0.9018133674732212,reject,reject,0.839696026287671,validate,validate,0.5209797169546656,validate,validate,0.5706373112732752,validate,validate,0.4327485047208741,validate,validate,0.5070277826677695,validate,validate,0.48329620031976683,validate,validate,0.6241776610897346,validate,validate,0.7360384562661041,validate,validate,0.6331274330924775,validate,validate
cstr_test_00012_r0,1,0.8429290477744207,validate,validate,0.8858399641271857,reject,reject,0.7428296235315329,validate,validate,0.884162627772193,reject,reject,0.7058934778440472,validate,validate,0.9663575424222125,reject,reject,0.9831056706114106,reject,reject,0.9814036013227209,reject,reject,0.962401119941867,reject,reject,0.8559589663827607,reject,reject,0.9694770918121098,reject,reject
cstr_test_00014_r0,1,0.8645109329604337,validate,validate,0.926036379111454,reject,reject,0.7408222837830489,validate,validate,0.6468060070346765,validate,validate,0.7635954020771822,validate,validate,0.9955373425016403,reject,reject,0.9407909172525187,reject,reject,0.9539526960755845,reject,reject,0.9429343312559009,reject,reject,0.7401930674865905,validate,validate,0.9022033991084977,reject,reject
cstr_test_00015_r0,1,0.6894028171332273,validate,validate,0.5497210134469974,validate,validate,0.8371096868745899,validate,validate,0.7084091821726799,validate,validate,0.8680316391389468,validate,validate,0.5947010646665658,validate,validate,0.6031083105997797,validate,validate,0.6470556273462132,validate,validate,0.6245588733749403,validate,validate,0.6720021356833502,validate,validate,0.5759061584253002,validate,validate
cstr_test_00017_r0,1,0.874119376951983,validate,validate,0.9973323936258034,reject,reject,0.9200104697915327,reject,reject,0.9092895202358081,reject,reject,0.8304533782298129,validate,validate,0.9831147998884117,reject,reject,0.9793442309466197,reject,reject,0.9801642503844498,reject,reject,0.9995800030566048,reject,reject,0.9973711778531849,reject,reject,0.9994779396990493,reject,reject
cstr_test_00021_r0,1,0.8110639650563719,validate,validate,0.6145297288710286,validate,validate,0.8796061379937486,reject,reject,0.839248524229014,validate,validate,0.3914543468235862,validate,validate,0.8731448860948376,reject,reject,0.8861279966630821,reject,reject,0.9081740458926751,reject,reject,0.9685273958074899,reject,reject,0.5432540658365803,validate,validate,0.961673485638084,reject,reject
cstr_test_00023_r0,1,0.745710683713987,validate,validate,0.975060965419035,reject,reject,0.7507914125196817,validate,validate,0.6647129022866647,validate,validate,0.6888322142978471,validate,validate,0.8723005837448783,reject,reject,0.9005607137951794,reject,reject,0.9025470191421354,reject,reject,0.9505208979135261,reject,reject,0.9667983328008979,reject,reject,0.9559497658474394,reject,reject
cstr_test_00024_r0,1,0.8733764450389426,validate,validate,0.9975490683772064,reject,reject,0.8128407874362094,validate,validate,0.7379023131201601,validate,validate,0.6490468347224092,validate,validate,0.8065337453604126,validate,validate,0.7569539722169115,validate,validate,0.796506166204547,validate,validate,0.9972107336710587,reject,reject,0.9985667985199094,reject,reject,0.9987458582181847,reject,reject
cstr_test_00025_r0,1,0.8677805881723488,validate,validate,0.9981215321389064,reject,reject,0.9159282564346901,reject,reject,0.9393858985405974,reject,reject,0.9207910507654087,reject,reject,0.941949787432256,reject,reject,0.9299751371394079,reject,reject,0.9323544177472042,reject,reject,0.9991474093269034,reject,reject,0.9992125951541253,reject,reject,0.9984430488134918,reject,reject
cstr_test_00027_r0,1,0.8461924022001487,validate,validate,0.9872094456124222,reject,reject,0.7336704121861675,validate,validate,0.8226997871719146,validate,validate,0.7907546400952523,validate,validate,0.8730402149040377,reject,reject,0.8618521460804542,reject,reject,0.8538101609495082,validate,validate,0.9628145672030076,reject,reject,0.9836733802685937,reject,reject,0.9531530896452999,reject,reject
cstr_test_00031_r0,1,0.8567915364899937,validate,validate,0.8139877173064954,reject,reject,0.8424633869258001,validate,validate,0.8165710473287487,validate,validate,0.8714823032706194,validate,validate,0.6446613746604728,validate,validate,0.7633391839198561,validate,validate,0.7698995684763971,validate,validate,0.8157456036669963,reject,reject,0.8279727928435282,reject,reject,0.8135264453114088,reject,reject
cstr_test_00035_r0,1,0.8770181689892264,validate,validate,0.9884561309192771,reject,reject,0.947235121255225,reject,reject,0.9477973609168914,reject,reject,0.9529447700511828,reject,reject,0.9799478614802501,reject,reject,0.9769630244529124,reject,reject,0.9840965135070884,reject,reject,0.9897442333544835,reject,reject,0.9945709250464201,reject,reject,0.9881546989058049,reject,reject
cstr_test_00036_r0,1,0.8795575468178964,validate,validate,0.9210635266012083,reject,reject,0.8154365631466768,validate,validate,0.844081238212081,validate,validate,0.7473555735141016,validate,validate,0.7225920201842184,validate,validate,0.7748548787469641,validate,validate,0.7530741329820496,validate,validate,0.9100208056271063,reject,reject,0.875679163275373,reject,reject,0.9168044429304033,reject,reject
cstr_test_00038_r0,1,0.7366630236230131,validate,validate,0.7713330138098543,validate,validate,0.7820828565670431,validate,validate,0.807480018069614,validate,validate,0.8077415473402358,validate,validate,0.8546840599039113,validate,validate,0.8372077149907491,validate,validate,0.8474653211272979,validate,validate,0.8130697019919065,reject,reject,0.8333420699332164,reject,reject,0.7954535813595185,reject,reject
cstr_test_00040_r0,0,0.7536386554707284,validate,validate,0.8184983597665834,reject,reject,0.8156565711565096,validate,validate,0.7099893686028338,validate,validate,0.7288716516984098,validate,validate,0.6361649170038344,validate,validate,0.5038423817271372,validate,validate,0.5280412966046815,validate,validate,0.7016369274101502,validate,validate,0.8130461365965288,reject,reject,0.6662482635780758,validate,validate
cstr_test_00042_r0,1,0.8285420833723125,validate,validate,0.9522544935073028,reject,reject,0.8072917911317722,validate,validate,0.7842768019765118,validate,validate,0.8619030522035903,validate,validate,0.7986414096479703,validate,validate,0.7392903406209027,validate,validate,0.7269205692593241,validate,validate,0.7799740253060197,reject,reject,0.8868965199840909,reject,reject,0.8077691723189456,reject,reject
cstr_test_00043_r0,1,0.754372731795259,validate,validate,0.7124953232979008,validate,validate,0.7420421527545877,validate,validate,0.8093400624842647,validate,validate,0.6995032818744811,validate,validate,0.843819477304555,validate,validate,0.8150420238409901,validate,validate,0.8212289180467467,validate,validate,0.7305010762377095,validate,validate,0.7244522605387274,validate,validate,0.7324155188860233,validate,validate
cstr_test_00047_r0,1,0.7604286636309916,validate,validate,0.8555170229063747,reject,reject,0.7181827201695633,validate,validate,0.7210323822676197,validate,validate,0.2325990400447651,validate,validate,0.658041212953944,validate,validate,0.737963461739883,validate,validate,0.69679263642253,validate,validate,0.7647276132910723,validate,validate,0.0865753418976565,validate,validate,0.8720831988099448,reject,reject
cstr_test_00049_r0,1,0.8728581260636131,validate,validate,0.9961119644843404,reject,reject,0.91622063102452,reject,reject,0.9494501424348087,reject,reject,0.9385148551839125,reject,reject,0.9681415581585819,reject,reject,0.966551679819664,reject,reject,0.9682798042057889,reject,reject,0.9944795757094509,reject,reject,0.9980391463021376,reject,reject,0.9957229952945763,reject,reject
cstr_test_00052_r0,1,0.87005575430162,validate,validate,0.8933737596873992,reject,reject,0.8765240956228053,reject,reject,0.7060227078658872,validate,validate,0.5442633236705857,validate,validate,0.7636395063034876,validate,validate,0.6688047891583827,validate,validate,0.6153379485807048,validate,validate,0.6932343764350796,validate,validate,0.6507822811000792,validate,validate,0.7359822429097984,validate,validate
cstr_test_00055_r0,0,0.7115708661624633,validate,validate,0.4939078493930835,validate,validate,0.8285237299741147,validate,validate,0.7360924513629652,validate,validate,0.8326978829238794,validate,validate,0.6178356887850757,validate,validate,0.6146361523350019,validate,validate,0.638660800090351,validate,validate,0.6315776178779989,validate,validate,0.6184627423637807,validate,validate,0.5887324666891339,validate,validate
cstr_test_00058_r0,1,0.8792415926919066,validate,validate,0.9968217491736935,reject,reject,0.9333018579756784,reject,reject,0.9559286416431201,reject,reject,0.9569092054111173,reject,reject,0.9923526568614678,reject,reject,0.995219311163642,reject,reject,0.9973490527778972,reject,reject,0.9995690833694671,reject,reject,0.9984585972099764,reject,reject,0.9989804373243907,reject,reject
cstr_test_00059_r0,1,0.741573364517438,validate,validate,0.6840436835352226,validate,validate,0.7809618490006686,validate,validate,0.8218614121828892,validate,validate,0.6968910690115424,validate,validate,0.8606118101698889,validate,validate,0.8543612948945897,validate,validate,0.8580496387029306,validate,validate,0.7112627189513602,validate,validate,0.6664137844158543,validate,validate,0.7078670312208567,validate,validate
cstr_test_00061_r0,1,0.8173485021678104,validate,validate,0.7678601318168884,validate,validate,0.7570734124680526,validate,validate,0.9301671416135322,reject,reject,0.9007610374266397,reject,reject,0.9694941771211298,reject,reject,0.9617701644192767,reject,reject,0.9694354902322793,reject,reject,0.9353706348545637,reject,reject,0.8918598754319895,reject,reject,0.9212394221645095,reject,reject
cstr_test_00060_r0,1,0.8852371004609763,validate,validate,0.9986924670647392,reject,reject,0.8460150426738985,validate,validate,0.8364370292455778,validate,validate,0.9078203551513176,reject,reject,0.8262243909104796,validate,validate,0.8983160657377104,reject,reject,0.8989087012007971,reject,reject,0.9949336719808609,reject,reject,0.9959068419545263,reject,reject,0.9918987546390726,reject,reject
cstr_test_00064_r0,0,0.8703196349175906,validate,validate,0.8384449819612269,reject,reject,0.9135210467607755,reject,reject,0.949182689351788,reject,reject,0.7491010479989098,validate,validate,0.9855420801325644,reject,reject,0.9853084347693961,reject,reject,0.9867485749104014,reject,reject,0.8721072965007555,reject,reject,0.6611862868530414,validate,validate,0.9134425839855986,reject,reject
cstr_test_00066_r0,1,0.8740986841049964,validate,validate,0.9863700044075414,reject,reject,0.8044117532516503,validate,validate,0.9326561109059784,reject,reject,0.844057378888263,validate,validate,0.9873672035131557,reject,reject,0.9848197765735437,reject,reject,0.985716299427668,reject,reject,0.9961772961299769,reject,reject,0.9923770870342543,reject,reject,0.9967186943511246,reject,reject
cstr_test_00068_r0,1,0.8757893466114152,validate,validate,0.9987670829554173,reject,reject,0.9169256642032156,reject,reject,0.928242500299757,reject,reject,0.9075383673903872,reject,reject,0.9886558951394553,reject,reject,0.9853409475563042,reject,reject,0.9896252358299461,reject,reject,0.999727517268877,reject,reject,0.9992638754241376,reject,reject,0.9997689727043616,reject,reject
cstr_test_00071_r0,1,0.7258203895924835,validate,validate,0.7654641642788588,validate,validate,0.800014897449478,validate,validate,0.8524980025262254,validate,validate,0.8042912289342267,validate,validate,0.8260781272255372,validate,validate,0.8494159620926442,validate,validate,0.8698919756634533,reject,reject,0.9508337075262802,reject,reject,0.6714931299079845,validate,validate,0.947825228527,reject,reject
cstr_test_00072_r0,1,0.8870358046949444,validate,validate,0.9804168221553642,reject,reject,0.9239327073167831,reject,reject,0.9519904773493667,reject,reject,0.9284828522737285,reject,reject,0.9738283005842547,reject,reject,0.9649519122049437,reject,reject,0.9569662706571037,reject,reject,0.9699917470837163,reject,reject,0.9873687767548506,reject,reject,0.9838090866030876,reject,reject
cstr_test_00075_r0,1,0.7378615228179473,validate,validate,0.9048758273726484,reject,reject,0.806091776437617,validate,validate,0.874399673250422,reject,reject,0.7312672814927063,validate,validate,0.8358964454069091,validate,validate,0.8535700078286776,validate,validate,0.8473332380729691,validate,validate,0.9106122018567007,reject,reject,0.9224412865601324,reject,reject,0.9275528607075639,reject,reject
cstr_test_00077_r0,1,0.8824238981465719,validate,validate,0.9372282055319803,reject,reject,0.8148388748282268,validate,validate,0.8075360713599495,validate,validate,0.023180832031640126,validate,validate,0.665130581388577,validate,validate,0.7099691140028486,validate,validate,0.208908958079165,validate,validate,0.26612144643615154,validate,validate,0.000268729021687806,validate,validate,0.7709132259026805,validate,validate
cstr_test_00081_r0,1,0.841649700442242,validate,validate,0.9115809579795834,reject,reject,0.7642419696206509,validate,validate,0.9374882959195008,reject,reject,0.8185823544385408,validate,validate,0.9819266055619406,reject,reject,0.9683212832650722,reject,reject,0.9688786180938957,reject,reject,0.9762772723062784,reject,reject,0.9410301094628237,reject,reject,0.9790026538640684,reject,reject
cstr_test_00084_r0,1,0.8133437825944725,validate,validate,0.8154151741070164,reject,reject,0.8017960970890204,validate,validate,0.4936482153454339,validate,validate,0.45543000184708193,validate,validate,0.8493616980212485,validate,validate,0.8958690240721844,reject,reject,0.9004518778591261,reject,reject,0.8973072534293676,reject,reject,0.5505439352596804,validate,validate,0.8862543058592124,reject,reject
cstr_test_00086_r0,1,0.8783919623844467,validate,validate,0.9982390800777913,reject,reject,0.9413570945944509,reject,reject,0.9489309584529971,reject,reject,0.9228739751003363,reject,reject,0.9380040127882066,reject,reject,0.95880692827897,reject,reject,0.9577634294707529,reject,reject,0.9878093008380404,reject,reject,0.9988108391572471,reject,reject,0.9911538208891493,reject,reject
cstr_test_00087_r0,0,0.7335286887078541,validate,validate,0.6146582762659176,validate,validate,0.7440361334480813,validate,validate,0.4965217670572562,validate,validate,0.6783173615376566,validate,validate,0.5905801591139579,validate,validate,0.3956298475343644,validate,validate,0.36094754372600046,validate,validate,0.31882570699869817,validate,validate,0.26378316073672564,validate,validate,0.3708078290440654,validate,validate
cstr_test_00092_r0,1,0.8567626160707215,validate,validate,0.9976659788345812,reject,reject,0.8160160915689884,validate,validate,0.5989401622771946,validate,validate,0.7417182556187245,validate,validate,0.4647489724377726,validate,validate,0.45419688542862896,validate,validate,0.4001956093495423,validate,validate,0.9772631208027227,reject,reject,0.9836521602279331,reject,reject,0.9727285378048368,reject,reject
cstr_test_00093_r0,0,0.8246308039559906,validate,validate,0.70900664459996,validate,validate,0.8118878697388253,validate,validate,0.5285153116231126,validate,validate,0.5984314708135499,validate,validate,0.44082806396468377,validate,validate,0.48934487483219513,validate,validate,0.5022346414567824,validate,validate,0.2470496668624422,validate,validate,0.5480704544329292,validate,validate,0.19607082956820396,validate,validate
cstr_test_00095_r0,1,0.9022451442131726,validate,validate,0.9984334303180606,reject,reject,0.7628261625216802,validate,validate,0.6881447644880249,validate,validate,0.732793121079915,validate,validate,0.7080961674056634,validate,validate,0.7816405220406492,validate,validate,0.7697791853357723,validate,validate,0.9911163616506088,reject,reject,0.9988230650582506,reject,reject,0.992717966855719,reject,reject
cstr_test_00097_r0,0,0.8686420304621448,validate,validate,0.6812158708112039,validate,validate,0.8359236111216517,validate,validate,0.5240537273125989,validate,validate,0.741716931577723,validate,validate,0.5500728746906002,validate,validate,0.6376629301158314,validate,validate,0.6021611487773912,validate,validate,0.2991628668612076,validate,validate,0.5729611648900456,validate,validate,0.3250129509446923,validate,validate
cstr_test_00098_r0,1,0.8566356413339072,validate,validate,0.9941345780421846,reject,reject,0.9189525609101297,reject,reject,0.9627983548379053,reject,reject,0.9346836437719527,reject,reject,0.9895302634043467,reject,reject,0.9924928468085247,reject,reject,0.9931397470603988,reject,reject,0.9989500861404252,reject,reject,0.9965790866460021,reject,reject,0.998993262508338,reject,reject
cstr_test_00100_r0,1,0.8233240714001235,validate,validate,0.7711076002201971,validate,validate,0.8054142731384193,validate,validate,0.8748596422044165,reject,reject,0.7437964204091603,validate,validate,0.7998190908878589,validate,validate,0.8619291395998152,reject,reject,0.864079664366439,validate,validate,0.8279234421031026,reject,reject,0.6400325055930781,validate,validate,0.8219106003122354,reject,reject
cstr_test_00103_r0,1,0.8924303912776982,validate,validate,0.5731156380451204,validate,validate,0.8437889644525917,validate,validate,0.7165408567130824,validate,validate,0.8354087635092388,validate,validate,0.7204956770374481,validate,validate,0.8860798503476983,reject,reject,0.8934584880342431,reject,reject,0.752427780935242,validate,validate,0.7711593281042733,reject,reject,0.7553527126091901,validate,validate
cstr_test_00104_r0,1,0.7814686078233529,validate,validate,0.9738150902508748,reject,reject,0.8122630700586471,validate,validate,0.6860168354365349,validate,validate,0.8201967418103568,validate,validate,0.7502815647162364,validate,validate,0.8812741961515872,reject,reject,0.9041467687529998,reject,reject,0.9557402998875738,reject,reject,0.9349040300015191,reject,reject,0.9523485128264895,reject,reject
cstr_test_00107_r0,1,0.8925860051519147,validate,validate,0.9976081115538309,reject,reject,0.7720321803781834,validate,validate,0.6655629505205978,validate,validate,0.7284809830020279,validate,validate,0.6930340585516752,validate,validate,0.7550856453349578,validate,validate,0.8210073801485045,validate,validate,0.9947209439937346,reject,reject,0.9956040958344783,reject,reject,0.9923816755234044,reject,reject
cstr_test_00109_r0,1,0.7912845637608769,validate,validate,0.9898900885101345,reject,reject,0.7666477338079608,validate,validate,0.896932768015843,reject,reject,0.8965812277596277,reject,reject,0.8876088794936898,reject,reject,0.9357806641469314,reject,reject,0.9117816355317937,reject,reject,0.9832193838516119,reject,reject,0.9797551965502506,reject,reject,0.98983093374299,reject,reject
cstr_test_00110_r0,1,0.8530678127392803,validate,validate,0.8943948096176254,reject,reject,0.7892333405155167,validate,validate,0.9189895258354025,reject,reject,0.8450298948670684,validate,validate,0.9682143115643564,reject,reject,0.968231740140982,reject,reject,0.9683232071815443,reject,reject,0.9309644717744847,reject,reject,0.9429353788626265,reject,reject,0.9398450787506799,reject,reject
cstr_test_00114_r0,1,0.8647614933929856,validate,validate,0.9849372858268467,reject,reject,0.9119205043032591,reject,reject,0.9588691669567234,reject,reject,0.926128224547568,reject,reject,0.9848651675857836,reject,reject,0.9793123662000617,reject,reject,0.9833332535683708,reject,reject,0.9948904620615472,reject,reject,0.9931422074952136,reject,reject,0.9911706087527798,reject,reject
cstr_test_00117_r0,1,0.8851499126539926,validate,validate,0.9869550607569477,reject,reject,0.9010434367497947,reject,reject,0.9536843133463864,reject,reject,0.9432446591357821,reject,reject,0.9866550870251085,reject,reject,0.9765645221460568,reject,reject,0.9831478236096205,reject,reject,0.9905106000576399,reject,reject,0.9945731806510488,reject,reject,0.9906889344120158,reject,reject
cstr_test_00119_r0,1,0.7730560570033069,validate,validate,0.8530652791913387,reject,reject,0.8237844115047167,validate,validate,0.8496028907749087,validate,validate,0.780777158413626,validate,validate,0.7808657370658912,validate,validate,0.8273286650823433,validate,validate,0.8240747440016717,validate,validate,0.8867327066974621,reject,reject,0.8956771840803925,reject,reject,0.8852080747464669,reject,reject
cstr_test_00121_r0,1,0.8302898859560903,validate,validate,0.9954359072562521,reject,reject,0.8518159494731714,validate,validate,0.8985010694425449,reject,reject,0.8646749617052426,validate,validate,0.5736670988090158,validate,validate,0.5453515295536969,validate,validate,0.5772236331280851,validate,validate,0.98352337704546,reject,reject,0.9899757882345053,reject,reject,0.9756110300724724,reject,reject
cstr_test_00122_r0,1,0.705784672819289,validate,validate,0.7803090146695675,reject,reject,0.784560177323052,validate,validate,0.9106842952186689,reject,reject,0.6213384669087233,validate,validate,0.8437266671005585,validate,validate,0.8322016661675818,validate,validate,0.8573633574007524,validate,validate,0.8019747085120825,reject,reject,0.524651207049564,validate,validate,0.8161690429561884,reject,reject
cstr_test_00126_r0,1,0.8609744252979669,validate,validate,0.8851405160478292,reject,reject,0.8091012939530653,validate,validate,0.9050852455178784,reject,reject,0.7206239915117358,validate,validate,0.9698982867311035,reject,reject,0.9711278370273149,reject,reject,0.9736594379163162,reject,reject,0.9597485342569438,reject,reject,0.8991676480570905,reject,reject,0.9660072319977289,reject,reject
cstr_test_00127_r0,0,0.8484236780949878,validate,validate,0.4996921475181084,validate,validate,0.6751149867175792,validate,validate,0.6129164396860408,validate,validate,0.3655904889740579,validate,validate,0.42342710760106683,validate,validate,0.426288496168442,validate,validate,0.34491471040209676,validate,validate,0.29201228472924606,validate,validate,0.4640611525120832,validate,validate,0.39104735601114904,validate,validate
cstr_test_00130_r0,1,0.8764266876932846,validate,validate,0.9895311461350966,reject,reject,0.9339572896353558,reject,reject,0.9515089476653705,reject,reject,0.9044715558756231,reject,reject,0.9760150899828972,reject,reject,0.9740543739654475,reject,reject,0.9672841607742519,reject,reject,0.9793769549752925,reject,reject,0.9908809707596034,reject,reject,0.9870971684347202,reject,reject
cstr_test_00131_r0,0,0.7004776482397541,validate,validate,0.3828057318392736,validate,validate,0.727990065224257,validate,validate,0.7287660218603337,validate,validate,0.8403963891667348,validate,validate,0.6902207862400149,validate,validate,0.5702414989901514,validate,validate,0.6247880230749618,validate,validate,0.5262981011302872,validate,validate,0.39137414314954605,validate,validate,0.47310120375961934,validate,validate
cstr_test_00133_r0,1,0.8617704386334244,validate,validate,0.9778002692424406,reject,reject,0.7801027657433958,validate,validate,0.7686168872205233,validate,validate,0.799963944610689,validate,validate,0.781638538036628,validate,validate,0.7342114012216975,validate,validate,0.7227221174775614,validate,validate,0.8754513131706132,reject,reject,0.9224381473238472,reject,reject,0.8866120439225367,reject,reject
cstr_test_00135_r0,0,0.8242443409518146,validate,validate,0.18872659049168583,validate,validate,0.6783906431626268,validate,validate,0.7966807426621916,validate,validate,0.5355028157493569,validate,validate,0.5826669840368456,validate,validate,0.5725132283277977,validate,validate,0.36564166330454034,validate,validate,0.2798750085348768,validate,validate,0.09054385664739317,validate,validate,0.49039305064546385,validate,validate
cstr_test_00137_r0,1,0.8726842521283402,validate,validate,0.9939461857251138,reject,reject,0.9129437891006321,reject,reject,0.9430144487694507,reject,reject,0.9371740670517369,reject,reject,0.9886664300227266,reject,reject,0.9897253623480252,reject,reject,0.9948148144466814,reject,reject,0.99890398537551,reject,reject,0.9959408976116234,reject,reject,0.9973684205242841,reject,reject
cstr_test_00138_r0,1,0.8474044991029099,validate,validate,0.9764728283109481,reject,reject,0.8815218078180237,reject,reject,0.9589882961500009,reject,reject,0.9384482268510571,reject,reject,0.9884220988970732,reject,reject,0.9815921715672309,reject,reject,0.9750582133452111,reject,reject,0.9918367106278977,reject,reject,0.9924213592269756,reject,reject,0.994345458434354,reject,reject
cstr_test_00140_r0,1,0.9293425892695367,reject,reject,0.8539755676946582,reject,reject,0.8595307983450979,validate,validate,0.8713652508018482,reject,reject,0.8633028892534244,validate,validate,0.835156505883915,validate,validate,0.8491875817113209,validate,validate,0.8686578161393772,reject,reject,0.7367747408757452,validate,validate,0.7791390225927496,reject,reject,0.7218166779917032,validate,validate
cstr_test_00144_r0,1,0.8633245248089726,validate,validate,0.8717489877784849,reject,reject,0.8175295164291756,validate,validate,0.8869725005027992,reject,reject,0.8837602298064292,validate,validate,0.835410679325207,validate,validate,0.8588902208529302,validate,validate,0.8435323471458525,validate,validate,0.868957382902446,reject,reject,0.8833075678791777,reject,reject,0.8980196911371552,reject,reject
cstr_test_00141_r0,1,0.90328744241462,validate,validate,0.9331227788578965,reject,reject,0.8544393406804799,validate,validate,0.7061001362496254,validate,validate,0.5908791920306045,validate,validate,0.5279892966816312,validate,validate,0.32533300125169234,validate,validate,0.352335318951673,validate,validate,0.618290517876733,validate,validate,0.9505882203915273,reject,reject,0.6510278021628491,validate,validate
cstr_test_00145_r0,1,0.9128410601256177,validate,validate,0.9937785278154802,reject,reject,0.9364818462466221,reject,reject,0.9347596547833074,reject,reject,0.9558951205021267,reject,reject,0.9448497759505448,reject,reject,0.9754463649813808,reject,reject,0.9785766296064146,reject,reject,0.9887006640813325,reject,reject,0.9979224307299187,reject,reject,0.9900279390084173,reject,reject
cstr_test_00150_r0,1,0.9059881873544661,validate,validate,0.9975471798050956,reject,reject,0.9314640989286964,reject,reject,0.9088953586573327,reject,reject,0.9356522812247099,reject,reject,0.9535031612181671,reject,reject,0.9734638037881416,reject,reject,0.9759849720270942,reject,reject,0.9961196943348588,reject,reject,0.9987495512895014,reject,reject,0.9961314681420335,reject,reject
cstr_test_00154_r0,1,0.7433687678271397,validate,validate,0.9156516514594001,reject,reject,0.8064939497066838,validate,validate,0.8074962416980278,validate,validate,0.7818819411462036,validate,validate,0.9276977459886158,reject,reject,0.9324294422370178,reject,reject,0.9223174262717838,reject,reject,0.9295953339912415,reject,reject,0.9288187929537737,reject,reject,0.9412096494894798,reject,reject
cstr_test_00156_r0,1,0.8690746090601424,validate,validate,0.9943443520839537,reject,reject,0.913901694208771,reject,reject,0.937016018238804,reject,reject,0.9400422837113732,reject,reject,0.9831579420242963,reject,reject,0.987443919237393,reject,reject,0.9927094291841689,reject,reject,0.9979025924196007,reject,reject,0.9964364437710802,reject,reject,0.9957614617756612,reject,reject
cstr_test_00157_r0,1,0.8525007264082648,validate,validate,0.8798003679055595,reject,reject,0.8364083227252695,validate,validate,0.9006510251395282,reject,reject,0.8557987242212513,validate,validate,0.9865803159267295,reject,reject,0.9816591349747646,reject,reject,0.9823481026427702,reject,reject,0.9813359818882681,reject,reject,0.9126265021248681,reject,reject,0.9843281595907605,reject,reject
cstr_test_00160_r0,1,0.8868899443211202,validate,validate,0.9722032791768677,reject,reject,0.9146546064207056,reject,reject,0.9756143527659573,reject,reject,0.9412222917342948,reject,reject,0.9761013487393205,reject,reject,0.9831693452791667,reject,reject,0.9826576341443902,reject,reject,0.9917042492526296,reject,reject,0.9831509519904256,reject,reject,0.9906176250013006,reject,reject
cstr_test_00161_r0,1,0.89931827933511,validate,validate,0.9915665407380013,reject,reject,0.9165967385774318,reject,reject,0.960747116459923,reject,reject,0.9159303289304151,reject,reject,0.9668491565167376,reject,reject,0.9814280018278966,reject,reject,0.9813616023695223,reject,reject,0.9953355900616311,reject,reject,0.9957809380197398,reject,reject,0.9959749955353879,reject,reject
cstr_test_00164_r0,1,0.8628300014540625,validate,validate,0.7695858069137419,validate,validate,0.823797634118858,validate,validate,0.6847517125136379,validate,validate,0.8939172903569956,reject,reject,0.8288886275145227,validate,validate,0.7979926016714942,validate,validate,0.7992421748432821,validate,validate,0.7279891712122326,validate,validate,0.8375804153536632,reject,reject,0.7115975817962887,validate,validate
cstr_test_00165_r0,1,0.8968784910667703,validate,validate,0.44102075492125786,validate,validate,0.836875533966591,validate,validate,0.8698547025381861,reject,reject,0.8176722990406051,validate,validate,0.8513110385376574,validate,validate,0.8200448035285169,validate,validate,0.8356572230589785,validate,validate,0.9256314858583965,reject,reject,0.6719532434314426,validate,validate,0.9302820688567222,reject,reject
cstr_test_00166_r0,1,0.8963196206888094,validate,validate,0.9922483512006157,reject,reject,0.837200449935578,validate,validate,0.7502295067030845,validate,validate,0.7956326624425153,validate,validate,0.8717026423559231,reject,reject,0.8864062369592522,reject,reject,0.9003420501771888,reject,reject,0.9851003023458625,reject,reject,0.9897312032979474,reject,reject,0.9797215777067949,reject,reject
cstr_test_00168_r0,1,0.7577026987760161,validate,validate,0.7786458377305637,reject,reject,0.8457185407539711,validate,validate,0.8354346427208811,validate,validate,0.6500867545352985,validate,validate,0.7810615973277423,validate,validate,0.7764582024646446,validate,validate,0.7931778844814001,validate,validate,0.7025487221855083,validate,validate,0.7534964901634157,reject,reject,0.662318429527597,validate,validate
cstr_test_00171_r0,1,0.9186850292108047,reject,reject,0.9954071187323793,reject,reject,0.9307248929770703,reject,reject,0.9333379828580035,reject,reject,0.9392386077445658,reject,reject,0.9575002370447093,reject,reject,0.9804004311657734,reject,reject,0.9817266017520251,reject,reject,0.9898381256248234,reject,reject,0.9978647469294546,reject,reject,0.9916843937873434,reject,reject
cstr_test_00172_r0,1,0.8481076386060913,validate,validate,0.990389656715248,reject,reject,0.9383397712059984,reject,reject,0.9611559310860405,reject,reject,0.9454300849495882,reject,reject,0.9866193631807957,reject,reject,0.984982801976331,reject,reject,0.9798395063401338,reject,reject,0.9962304658446224,reject,reject,0.9955573958193965,reject,reject,0.9973206917996009,reject,reject
cstr_test_00173_r0,1,0.7825610464539062,validate,validate,0.9901701704829028,reject,reject,0.7678462856196886,validate,validate,0.8984064714409328,reject,reject,0.7120951610522336,validate,validate,0.8787080079806172,reject,reject,0.9410130949348949,reject,reject,0.9085287048364041,reject,reject,0.9938512116181225,reject,reject,0.9753418005424771,reject,reject,0.9960795682303119,reject,reject
cstr_test_00176_r0,1,0.8698265047704061,validate,validate,0.9957178435480298,reject,reject,0.9417052008280308,reject,reject,0.9498524774792235,reject,reject,0.9453167398759524,reject,reject,0.9824542288012623,reject,reject,0.9778025320581543,reject,reject,0.9825391232309236,reject,reject,0.9926149802387972,reject,reject,0.9980316556744754,reject,reject,0.9927114687352587,reject,reject
cstr_test_00178_r0,0,0.7215482462377663,validate,validate,0.5194501904861569,validate,validate,0.7909819192605008,validate,validate,0.8497103213824349,validate,validate,0.8099398635592346,validate,validate,0.565803974301966,validate,validate,0.4998056062841642,validate,validate,0.5430503571349719,validate,validate,0.3816477065433105,validate,validate,0.6424528178152968,validate,validate,0.38748871207894575,validate,validate
cstr_test_00179_r0,1,0.859964353929889,validate,validate,0.9036956992096853,reject,reject,0.7799141291513605,validate,validate,0.9401557725337801,reject,reject,0.75122232769499,validate,validate,0.9644911625238219,reject,reject,0.9651311989852056,reject,reject,0.9637091904211772,reject,reject,0.9628679000459044,reject,reject,0.9306325022760413,reject,reject,0.9701641969936114,reject,reject
cstr_test_00181_r0,1,0.8605809086327478,validate,validate,0.9331299737481463,reject,reject,0.7753671594461006,validate,validate,0.9150432366707786,reject,reject,0.9093616111453224,reject,reject,0.9753477060134629,reject,reject,0.962159130722257,reject,reject,0.9688557492191345,reject,reject,0.9706873566755173,reject,reject,0.9755265438723517,reject,reject,0.975205483075017,reject,reject
cstr_test_00184_r0,1,0.7115696183858586,validate,validate,0.7397978179207951,validate,validate,0.7519552068124677,validate,validate,0.8108013758984789,validate,validate,0.8425255406859826,validate,validate,0.8132878909525887,validate,validate,0.8502746826282109,validate,validate,0.8367590939155918,validate,validate,0.8552851961748088,reject,reject,0.7578176051204687,reject,reject,0.8349115741638539,reject,reject
cstr_test_00187_r0,0,0.821561176637403,validate,validate,0.7448424226110429,validate,validate,0.8008129894781414,validate,validate,0.5335404661876616,validate,validate,0.618397385162784,validate,validate,0.3660801346325086,validate,validate,0.3952859622952077,validate,validate,0.3748379793170841,validate,validate,0.26703717021720236,validate,validate,0.5211210861881352,validate,validate,0.2670937003045547,validate,validate
cstr_test_00189_r0,1,0.7471705781931206,validate,validate,0.7663082030980781,validate,validate,0.7710249045790188,validate,validate,0.8299259012655991,validate,validate,0.895873636236592,reject,reject,0.848321860327131,validate,validate,0.8158642108552204,validate,validate,0.8007428717797548,validate,validate,0.8226774383255084,reject,reject,0.8564659407147884,reject,reject,0.8220264449471879,reject,reject
cstr_test_00190_r0,1,0.890308217333978,validate,validate,0.9965587326235956,reject,reject,0.9296450878164064,reject,reject,0.9247415545359475,reject,reject,0.8993160324350372,reject,reject,0.9452632861870035,reject,reject,0.9164271990633438,reject,reject,0.9301166443568024,reject,reject,0.9953624450091396,reject,reject,0.9981740193398573,reject,reject,0.9958492638807391,reject,reject
cstr_test_00192_r0,1,0.9100914038301711,validate,validate,0.9911565454700489,reject,reject,0.9335196826985387,reject,reject,0.9497997535618166,reject,reject,0.9338592215894318,reject,reject,0.9857595752485931,reject,reject,0.9902357942094692,reject,reject,0.990712024121268,reject,reject,0.9974506880213893,reject,reject,0.9952370531476761,reject,reject,0.9961095962994269,reject,reject
cstr_test_00195_r0,1,0.8559910417394514,validate,validate,0.9092106970097632,reject,reject,0.8232921105048603,validate,validate,0.9387824718492305,reject,reject,0.8409713625452485,validate,validate,0.9461350212086849,reject,reject,0.9842732593753639,reject,reject,0.9855616923298609,reject,reject,0.9753643241207229,reject,reject,0.882018655034916,reject,reject,0.9808614063018655,reject,reject
cstr_test_00196_r0,1,0.8971040750618298,validate,validate,0.985488925341238,reject,reject,0.9309018436265757,reject,reject,0.9510575211097045,reject,reject,0.9184827542844228,reject,reject,0.9738288257068873,reject,reject,0.9677304784404476,reject,reject,0.9662744734823198,reject,reject,0.9790671378486007,reject,reject,0.9890452789776877,reject,reject,0.9869640209925215,reject,reject
cstr_test_00198_r0,1,0.827018328142065,validate,validate,0.9919262425305263,reject,reject,0.9363729478118284,reject,reject,0.9593771080021085,reject,reject,0.9404742430570958,reject,reject,0.9874507854947805,reject,reject,0.9887341624863926,reject,reject,0.9874456587736322,reject,reject,0.9976746727406686,reject,reject,0.9960175608348618,reject,reject,0.9979468926320221,reject,reject
cstr_test_00200_r0,1,0.8596724405992832,validate,validate,0.8596623402455092,reject,reject,0.7676162076707632,validate,validate,0.9326559286543704,reject,reject,0.8119825658732917,validate,validate,0.9569564783316008,reject,reject,0.9446556821204654,reject,reject,0.9314743576396927,reject,reject,0.9213727664323549,reject,reject,0.90449422931709,reject,reject,0.9426502117081137,reject,reject
cstr_test_00204_r0,1,0.7385037886147551,validate,validate,0.7840778943253421,reject,reject,0.7084209980606209,validate,validate,0.6238340139664652,validate,validate,0.7741655689714438,validate,validate,0.5984006523727885,validate,validate,0.6963286946520127,validate,validate,0.7009645798296944,validate,validate,0.7479721156375295,validate,validate,0.7254942570739836,validate,validate,0.7521100023568905,validate,validate
cstr_test_00205_r0,1,0.864901304128667,validate,validate,0.9925701585432654,reject,reject,0.9036368748656805,reject,reject,0.9549304627266803,reject,reject,0.9218884801587507,reject,reject,0.990581446406555,reject,reject,0.983465886206854,reject,reject,0.9853557531600413,reject,reject,0.9984934598429738,reject,reject,0.9948443736846675,reject,reject,0.9970753672129447,reject,reject
cstr_test_00207_r0,0,0.7312702648596161,validate,validate,0.771411825750697,validate,validate,0.7829625131965273,validate,validate,0.7734381555456593,validate,validate,0.8602597946828725,validate,validate,0.9188658651239775,reject,reject,0.9372862332889754,reject,reject,0.9372917720828408,reject,reject,0.8362124964452143,reject,reject,0.8632331579065571,reject,reject,0.8393437942968945,reject,reject
cstr_test_00208_r0,1,0.9131238398540655,validate,validate,0.994799458015972,reject,reject,0.9105916583065962,reject,reject,0.959671728867471,reject,reject,0.9301639892632496,reject,reject,0.9921930541772077,reject,reject,0.996210900018237,reject,reject,0.9969362117076309,reject,reject,0.9987420053466592,reject,reject,0.9974945661590413,reject,reject,0.998480224043307,reject,reject
cstr_test_00209_r0,1,0.8569165606142783,validate,validate,0.9225465091771262,reject,reject,0.8705222997293302,reject,reject,0.9284590169369866,reject,reject,0.835485268529981,validate,validate,0.7928384295440158,validate,validate,0.8148849095547956,validate,validate,0.8145428159755446,validate,validate,0.9137433047775181,reject,reject,0.9369204662148066,reject,reject,0.937466167397106,reject,reject
cstr_test_00212_r0,0,0.8726735776825117,validate,validate,0.5848646486854765,validate,validate,0.7811620279190794,validate,validate,0.7822684512707745,validate,validate,0.7105342100144526,validate,validate,0.5671320543184467,validate,validate,0.46908350025795187,validate,validate,0.40298221874210693,validate,validate,0.4880636727908261,validate,validate,0.5652589997481936,validate,validate,0.4993164395885307,validate,validate
cstr_test_00214_r0,1,0.8629298732194932,validate,validate,0.98063231168523,reject,reject,0.7763340431121863,validate,validate,0.9426302645059369,reject,reject,0.8724192237958751,validate,validate,0.9828005066967613,reject,reject,0.9745466939547922,reject,reject,0.9741744969984171,reject,reject,0.9923729732415512,reject,reject,0.9895017964194607,reject,reject,0.9939935306059436,reject,reject
cstr_test_00216_r0,0,0.7326490927559863,validate,validate,0.38781980989815534,validate,validate,0.7462210258500938,validate,validate,0.7340036123762768,validate,validate,0.8527706930477295,validate,validate,0.7472489355182695,validate,validate,0.6575256966676207,validate,validate,0.7059682502751515,validate,validate,0.5812682069267392,validate,validate,0.4338872336421123,validate,validate,0.4978676932915454,validate,validate
cstr_test_00218_r0,0,0.860654715691256,validate,validate,0.9099167586375604,reject,reject,0.7791432088150927,validate,validate,0.5070098869540994,validate,validate,0.5530341955268235,validate,validate,0.31346388670381614,validate,validate,0.326289336334774,validate,validate,0.3210575549698962,validate,validate,0.5418509017658663,validate,validate,0.7311256660881449,validate,validate,0.5507070022828636,validate,validate
cstr_test_00221_r0,0,0.6986141019145706,validate,validate,0.6330461386490126,validate,validate,0.7692729727187771,validate,validate,0.5871817439538457,validate,validate,0.6969357330827699,validate,validate,0.43622744019483406,validate,validate,0.3308396620644884,validate,validate,0.3586300638863627,validate,validate,0.5588071694784549,validate,validate,0.7211977456345311,validate,validate,0.5096674679661957,validate,validate
cstr_test_00222_r0,1,0.9117099799042918,validate,validate,0.9949433499384787,reject,reject,0.9248713143825279,reject,reject,0.9093252090856123,reject,reject,0.9219560446622836,reject,reject,0.947413599851754,reject,reject,0.9482908294120929,reject,reject,0.9528648949256112,reject,reject,0.9847032418994988,reject,reject,0.9972749273665891,reject,reject,0.9879461655997829,reject,reject
cstr_test_00224_r0,1,0.8368897130763017,validate,validate,0.7399446323081658,validate,validate,0.8221355946293172,validate,validate,0.9331990943493301,reject,reject,0.8510774528109447,validate,validate,0.972175921017947,reject,reject,0.9617021550740177,reject,reject,0.9516344537975983,reject,reject,0.895501462948335,reject,reject,0.8433256815497118,reject,reject,0.9066121744877174,reject,reject
cstr_test_00227_r0,1,0.771093850658985,validate,validate,0.7110697059445893,validate,validate,0.8154588474196818,validate,validate,0.5655876039023758,validate,validate,0.7689700470129682,validate,validate,0.42901061427004794,validate,validate,0.4643679475989725,validate,validate,0.482390790617765,validate,validate,0.49701461539483205,validate,validate,0.7020425146481978,validate,validate,0.5072466056198653,validate,validate
cstr_test_00228_r0,1,0.9102015074384872,validate,validate,0.993289109110958,reject,reject,0.9396595664571361,reject,reject,0.9314235960966096,reject,reject,0.9483342741700218,reject,reject,0.9439122539766,reject,reject,0.9602416313813923,reject,reject,0.966327804240088,reject,reject,0.9824664056098449,reject,reject,0.9975114978415498,reject,reject,0.9853544436757514,reject,reject
cstr_test_00233_r0,1,0.8278573120866023,validate,validate,0.7999258288798031,reject,reject,0.8226003676604206,validate,validate,0.9358900313196211,reject,reject,0.9162645253337505,reject,reject,0.9776125683790086,reject,reject,0.9699238784295395,reject,reject,0.9681746467902377,reject,reject,0.8597707176685523,reject,reject,0.90208639777917,reject,reject,0.869053186450126,reject,reject
cstr_test_00229_r0,1,0.8897033495547024,validate,validate,0.9957703579386212,reject,reject,0.7611490985636983,validate,validate,0.7462816448040842,validate,validate,0.6616932742205224,validate,validate,0.6923572817484082,validate,validate,0.6929993393610302,validate,validate,0.659435963827317,validate,validate,0.9774921591713258,reject,reject,0.9797552807376795,reject,reject,0.9764814531051553,reject,reject
cstr_test_00234_r0,1,0.8444469043653651,validate,validate,0.7696187424325975,validate,validate,0.8500007488954225,validate,validate,0.7325774975818369,validate,validate,0.6447787370856011,validate,validate,0.6391358118043208,validate,validate,0.5091010348001606,validate,validate,0.4453673617601078,validate,validate,0.29425512984623137,validate,validate,0.5417392375964393,validate,validate,0.389481175333042,validate,validate
cstr_test_00238_r0,1,0.8055017143322051,validate,validate,0.9231782519513115,reject,reject,0.7787163618904505,validate,validate,0.8910418066783229,reject,reject,0.7773877380471745,validate,validate,0.7781595759176838,validate,validate,0.8019251251251801,validate,validate,0.7867781433874168,validate,validate,0.8737315518421761,reject,reject,0.9563318538634222,reject,reject,0.8824624843282342,reject,reject
cstr_test_00239_r0,1,0.8464489543976237,validate,validate,0.70014919685579,validate,validate,0.7465511700873491,validate,validate,0.8654442272828663,reject,reject,0.8541555813024811,validate,validate,0.8901301735452484,reject,reject,0.8936978099084284,reject,reject,0.9148285582915309,reject,reject,0.8432376243194727,reject,reject,0.7600597737613979,reject,reject,0.791058101825607,validate,validate
cstr_test_00240_r0,1,0.8780644396164895,validate,validate,0.9830363968477102,reject,reject,0.8810842737846122,reject,reject,0.9675712290452395,reject,reject,0.9300203604708334,reject,reject,0.9914618456291298,reject,reject,0.9888553292253192,reject,reject,0.9876817659058418,reject,reject,0.9913494333633606,reject,reject,0.988988430227344,reject,reject,0.9926103321459223,reject,reject
cstr_test_00242_r0,1,0.8976614673305369,validate,validate,0.9984182809933446,reject,reject,0.811076705054762,validate,validate,0.84022628403779,validate,validate,0.5456492046183534,validate,validate,0.7898204130285027,validate,validate,0.7593402263618392,validate,validate,0.5482599188858464,validate,validate,0.8974028623137731,reject,reject,0.992816822847471,reject,reject,0.9538897304328413,reject,reject
cstr_test_00246_r0,1,0.8961461017435328,validate,validate,0.9961761948360843,reject,reject,0.9259935899492197,reject,reject,0.9233703308698352,reject,reject,0.8663844981726178,validate,validate,0.9517509954112078,reject,reject,0.9794452017200374,reject,reject,0.9623789145361726,reject,reject,0.9901084642355765,reject,reject,0.9941851294424093,reject,reject,0.9942346614991022,reject,reject
cstr_test_00247_r0,1,0.9212928924734316,reject,reject,0.9922269113653089,reject,reject,0.9259957500818602,reject,reject,0.9256124060478105,reject,reject,0.9525463555951013,reject,reject,0.9471831802031446,reject,reject,0.9687254592320149,reject,reject,0.9755969329916828,reject,reject,0.9759747590689247,reject,reject,0.9963551040057587,reject,reject,0.9773435258882405,reject,reject
cstr_test_00248_r0,1,0.8764393687314466,validate,validate,0.6146469249078641,validate,validate,0.7943084302311169,validate,validate,0.8564483397235022,validate,validate,0.8987225780851872,reject,reject,0.8614600117950202,validate,validate,0.8894766731070657,reject,reject,0.8780689851211466,reject,reject,0.8257443037553857,reject,reject,0.7177549409052776,validate,validate,0.8333115817217701,reject,reject
cstr_test_00251_r0,1,0.9228714614967071,reject,reject,0.9962038837885915,reject,reject,0.7527547106398387,validate,validate,0.7289616082411778,validate,validate,0.6672884175510677,validate,validate,0.6687946168203647,validate,validate,0.7373850668476529,validate,validate,0.6169364774080407,validate,validate,0.9184182448639507,reject,reject,0.9937522523766734,reject,reject,0.9643086370841257,reject,reject
cstr_test_00252_r0,1,0.8151677415293052,validate,validate,0.034761810509459756,validate,validate,0.6488791016293933,validate,validate,0.8333548757019398,validate,validate,0.6559861348790091,validate,validate,0.6838141399103056,validate,validate,0.611752480601961,validate,validate,0.670018365525563,validate,validate,0.38329539032061016,validate,validate,0.18509651207408254,validate,validate,0.2858919186622787,validate,validate
cstr_test_00254_r0,1,0.7522493494654439,validate,validate,0.815704904243394,reject,reject,0.7372044191835013,validate,validate,0.9242931298492664,reject,reject,0.6180795656930373,validate,validate,0.8037338084431405,validate,validate,0.8747014823731917,reject,reject,0.8435283485650417,validate,validate,0.9672020704532189,reject,reject,0.6509563965388213,validate,validate,0.9732608871304775,reject,reject
cstr_test_00256_r0,1,0.8776314974737001,validate,validate,0.92633600034807,reject,reject,0.8782546673483004,reject,reject,0.9047747141299379,reject,reject,0.9048824864364212,reject,reject,0.8575417332505304,validate,validate,0.9428696067080335,reject,reject,0.9457629733246296,reject,reject,0.9653406192164063,reject,reject,0.9174617520737718,reject,reject,0.9738519833253086,reject,reject
cstr_test_00258_r0,0,0.8575116695309484,validate,validate,0.7491782284038665,validate,validate,0.8593852206539188,validate,validate,0.5464443447314112,validate,validate,0.815467239910158,validate,validate,0.44417001452436666,validate,validate,0.4747765241504474,validate,validate,0.5008779439894355,validate,validate,0.44842017161328046,validate,validate,0.8001401130057625,reject,reject,0.3586768407165413,validate,validate
cstr_test_00261_r0,1,0.8836707148190588,validate,validate,0.9071731508321592,reject,reject,0.9297951888380372,reject,reject,0.9417066805783807,reject,reject,0.9400033176803553,reject,reject,0.8785501824782836,reject,reject,0.9180231249322107,reject,reject,0.937838980169117,reject,reject,0.9506828623054546,reject,reject,0.9631996558112949,reject,reject,0.9483899799548766,reject,reject
cstr_test_00263_r0,1,0.7831285327107136,validate,validate,0.8198650975211045,reject,reject,0.7334531942242384,validate,validate,0.5916541061580318,validate,validate,0.7036590432184433,validate,validate,0.743417803365101,validate,validate,0.7410878927377292,validate,validate,0.7891113495301689,validate,validate,0.8928129698751225,reject,reject,0.8536342563496405,reject,reject,0.8926830057226054,reject,reject
cstr_test_00268_r0,0,0.8649072198337514,validate,validate,0.8998810285131048,reject,reject,0.8217125503014205,validate,validate,0.48416143887900664,validate,validate,0.6156760178031571,validate,validate,0.3489599459115537,validate,validate,0.3517187705733379,validate,validate,0.3623221257278883,validate,validate,0.44101712627102074,validate,validate,0.8455719457057815,reject,reject,0.32165463488357005,validate,validate
cstr_test_00269_r0,1,0.8871007619144246,validate,validate,0.995370219336017,reject,reject,0.9065203745362589,reject,reject,0.846905591718013,validate,validate,0.9393811518621369,reject,reject,0.8555098807374851,validate,validate,0.8914209485274174,reject,reject,0.9250347088352517,reject,reject,0.9918416609664397,reject,reject,0.9922160841914811,reject,reject,0.9836463711240832,reject,reject
cstr_test_00270_r0,1,0.7562187939509654,validate,validate,0.7226150072222675,validate,validate,0.8121447315534496,validate,validate,0.8181482753536816,validate,validate,0.7995851509437091,validate,validate,0.9271686738138819,reject,reject,0.9240345350639214,reject,reject,0.9209787665885608,reject,reject,0.8467094467158665,reject,reject,0.7543762354152329,reject,reject,0.8722906498546315,reject,reject
cstr_test_00271_r0,0,0.8312454704137631,validate,validate,0.35577661434360497,validate,validate,0.7722084102445667,validate,validate,0.7869185012231537,validate,validate,0.7993274100432247,validate,validate,0.6335693929416573,validate,validate,0.524970146775513,validate,validate,0.5269230537849204,validate,validate,0.5001225628403503,validate,validate,0.5109258640169414,validate,validate,0.44914966731933326,validate,validate
cstr_test_00276_r0,1,0.9228117500786872,reject,reject,0.9677785202150704,reject,reject,0.8231887616407393,validate,validate,0.8031647875502748,validate,validate,0.674841900163333,validate,validate,0.8836457997426542,reject,reject,0.8882311215114572,reject,reject,0.8932173443150898,reject,reject,0.9661680842210906,reject,reject,0.8799632628844708,reject,reject,0.9728258242207879,reject,reject
cstr_test_00277_r0,0,0.7607383218598007,validate,validate,0.671190534937578,validate,validate,0.8578096849823993,validate,validate,0.5436286574811463,validate,validate,0.7976795096480944,validate,validate,0.4584844806937081,validate,validate,0.514863273647255,validate,validate,0.5316396455828483,validate,validate,0.47493029932724196,validate,validate,0.6799219392222035,validate,validate,0.49888427090255827,validate,validate
cstr_test_00279_r0,1,0.9083461163546626,validate,validate,0.9938012212746545,reject,reject,0.9053718994947604,reject,reject,0.9685590352380552,reject,reject,0.9658541248664736,reject,reject,0.9938129692822962,reject,reject,0.9980233132799154,reject,reject,0.9981029479851843,reject,reject,0.9981262748966637,reject,reject,0.9981724619434976,reject,reject,0.9980995849599569,reject,reject
cstr_test_00281_r0,1,0.7147972727860883,validate,validate,0.8595886480153061,reject,reject,0.7845302045834157,validate,validate,0.8518414005117448,validate,validate,0.8939992835836826,reject,reject,0.8149533124474322,validate,validate,0.8664919051432732,reject,reject,0.8481155770908881,validate,validate,0.8215369360163012,reject,reject,0.9026261636232007,reject,reject,0.8632466234799456,reject,reject
cstr_test_00286_r0,1,0.8978971342862048,validate,validate,0.9865029333459688,reject,reject,0.7754226381978796,validate,validate,0.6357134473588568,validate,validate,0.8397662158617561,validate,validate,0.6856912122601412,validate,validate,0.6837873672783727,validate,validate,0.7476843710332721,validate,validate,0.956354784675236,reject,reject,0.9780953656778316,reject,reject,0.942052538866571,reject,reject
cstr_test_00287_r0,1,0.6896769784794072,validate,validate,0.4981995865242851,validate,validate,0.7561094315411981,validate,validate,0.8496661215304178,validate,validate,0.43535506130824136,validate,validate,0.7469242875127531,validate,validate,0.7763152170248502,validate,validate,0.7777091187975307,validate,validate,0.8012581182410948,reject,reject,0.23364665720729386,validate,validate,0.7544178129007996,validate,validate
cstr_test_00289_r0,1,0.882634066346668,validate,validate,0.998905921676185,reject,reject,0.7985546250503963,validate,validate,0.9453744852931003,reject,reject,0.78947185813322,validate,validate,0.9436759777177907,reject,reject,0.9887669933763038,reject,reject,0.9865159550147873,reject,reject,0.999727517268877,reject,reject,0.9980144062761144,reject,reject,0.9998058379222706,reject,reject
cstr_test_00292_r0,1,0.863417770945925,validate,validate,0.9096661536306442,reject,reject,0.7636950137373861,validate,validate,0.897882505856655,reject,reject,0.8971927625874028,reject,reject,0.9752989331775007,reject,reject,0.9638918589627872,reject,reject,0.9639866479502235,reject,reject,0.9663213329267039,reject,reject,0.9625240143596716,reject,reject,0.9715816325781848,reject,reject
cstr_test_00293_r0,1,0.904922570307058,validate,validate,0.9564084769359092,reject,reject,0.8025505823455676,validate,validate,0.7628018844579267,validate,validate,0.7567421910968598,validate,validate,0.6837689230844163,validate,validate,0.7501591870866806,validate,validate,0.658630535632331,validate,validate,0.7447706995226521,validate,validate,0.9584235812308286,reject,reject,0.8572268702589552,reject,reject
cstr_test_00296_r0,1,0.8207935989038261,validate,validate,0.909809997016381,reject,reject,0.7766315347535968,validate,validate,0.7687284284317901,validate,validate,0.8231735190376244,validate,validate,0.7937373911295609,validate,validate,0.7513405816493194,validate,validate,0.8417577085289958,validate,validate,0.8655992695982105,reject,reject,0.8656066724271371,reject,reject,0.837167830571719,reject,reject
cstr_test_00299_r0,1,0.6764624613363683,validate,validate,0.8545066978880921,reject,reject,0.8240257470924885,validate,validate,0.8491759977939125,validate,validate,0.8129983304795934,validate,validate,0.8788141965686209,reject,reject,0.8909247496568202,reject,reject,0.8826536542664843,reject,reject,0.9183931932200008,reject,reject,0.9024413090110083,reject,reject,0.9179936002694279,reject,reject
cstr_test_00302_r0,1,0.812951580959702,validate,validate,0.8471415351815772,reject,reject,0.8034097611964928,validate,validate,0.7588812080335735,validate,validate,0.780281486107737,validate,validate,0.5615574460352868,validate,validate,0.5362671011108114,validate,validate,0.5352631743008153,validate,validate,0.7256306041457826,validate,validate,0.8267393663270013,reject,reject,0.7684842364661337,validate,validate
cstr_test_00305_r0,1,0.8968908398335288,validate,validate,0.9955505255390291,reject,reject,0.9207100161842148,reject,reject,0.9562575236664155,reject,reject,0.9524168550830779,reject,reject,0.950575274595359,reject,reject,0.959409679389876,reject,reject,0.9542058732756081,reject,reject,0.9930200551773437,reject,reject,0.9965098252799454,reject,reject,0.9951674990435646,reject,reject
cstr_test_00306_r0,0,0.7612107815198966,validate,validate,0.6599462111430271,validate,validate,0.8601841226154693,validate,validate,0.5762141068828504,validate,validate,0.8339232935990162,validate,validate,0.4380884946292475,validate,validate,0.5484915812824249,validate,validate,0.6046313593826063,validate,validate,0.6188719918707908,validate,validate,0.7112654851112354,validate,validate,0.5228428297210149,validate,validate
cstr_test_00310_r0,1,0.8399071170674011,validate,validate,0.9999935450278303,reject,reject,0.7474612299455973,validate,validate,0.8571592906876094,validate,validate,0.9989338514882005,reject,reject,0.8900783443952418,reject,reject,0.9187461531542589,reject,reject,0.9996950432201881,reject,reject,0.999727517268877,reject,reject,0.9999955258607811,reject,reject,0.9998058379222706,reject,reject
cstr_test_00311_r0,1,0.8892538331817122,validate,validate,0.9990240989756469,reject,reject,0.9186301639687919,reject,reject,0.9693391450913822,reject,reject,0.9436432594336709,reject,reject,0.9913539470280932,reject,reject,0.9976731086455034,reject,reject,0.996924482698972,reject,reject,0.9995428027221365,reject,reject,0.9994832402364678,reject,reject,0.9996285329033692,reject,reject
cstr_test_00312_r0,1,0.7617814119155796,validate,validate,0.825861718843563,reject,reject,0.841689421044358,validate,validate,0.5431573853857495,validate,validate,0.6636565160683846,validate,validate,0.5846529676658878,validate,validate,0.6844151464817044,validate,validate,0.6961377499567254,validate,validate,0.8364362587256884,reject,reject,0.7153119589987185,validate,validate,0.8410657547623663,reject,reject
cstr_test_00315_r0,1,0.8486389734188517,validate,validate,0.9938551993349741,reject,reject,0.9005225020337522,reject,reject,0.9613158403490246,reject,reject,0.9093574815575276,reject,reject,0.9946260581752004,reject,reject,0.9922005690498011,reject,reject,0.9927143141417786,reject,reject,0.9987553961332485,reject,reject,0.9957551605841546,reject,reject,0.9973109473018421,reject,reject
cstr_test_00320_r0,1,0.7956413697118611,validate,validate,0.7506345995980882,validate,validate,0.7794806387847103,validate,validate,0.9160590420732286,reject,reject,0.8927472635761716,reject,reject,0.9707089920736348,reject,reject,0.9732822848835371,reject,reject,0.9751259737862301,reject,reject,0.9159833215700157,reject,reject,0.8753716108470139,reject,reject,0.9156354597848323,reject,reject
cstr_test_00318_r0,1,0.7477211792880224,validate,validate,0.7870085753746466,reject,reject,0.7484001335372192,validate,validate,0.8470051931882667,validate,validate,0.8136370449935674,validate,validate,0.810338890596834,validate,validate,0.7933343467678846,validate,validate,0.8015341326586963,validate,validate,0.8099918000968374,reject,reject,0.8564822019597851,reject,reject,0.7932682650434889,reject,reject
cstr_test_00322_r0,0,0.6724956056869137,validate,validate,0.48130897788361565,validate,validate,0.8704904827951999,reject,reject,0.628783720963449,validate,validate,0.7750784150866508,validate,validate,0.6083764389628394,validate,validate,0.6069207001040124,validate,validate,0.5820404052133246,validate,validate,0.5492332727586818,validate,validate,0.5101973950140382,validate,validate,0.5326763683473231,validate,validate
cstr_test_00323_r0,1,0.8993962896980187,validate,validate,0.9934198560333217,reject,reject,0.9206019391236877,reject,reject,0.9539532031309702,reject,reject,0.9449221659828722,reject,reject,0.9957631450556419,reject,reject,0.9966204123003733,reject,reject,0.9972648866858997,reject,reject,0.9981813695012728,reject,reject,0.9966807563661336,reject,reject,0.9983085492589164,reject,reject
cstr_test_00325_r0,0,0.7489690315355473,validate,validate,0.6666083675982137,validate,validate,0.8268047760005321,validate,validate,0.5724514131099687,validate,validate,0.8219126538152637,validate,validate,0.40983143585160015,validate,validate,0.40536429718858424,validate,validate,0.45518365389236576,validate,validate,0.34340739783452817,validate,validate,0.7097789432341186,validate,validate,0.3106941113677742,validate,validate
cstr_test_00326_r0,1,0.8795959663011123,validate,validate,0.9292773415008299,reject,reject,0.8270146054293728,validate,validate,0.9578422511640219,reject,reject,0.9227120556463826,reject,reject,0.9745908349262167,reject,reject,0.9817773953417829,reject,reject,0.9810954760325504,reject,reject,0.9718122898991808,reject,reject,0.9667471048266452,reject,reject,0.978177606589092,reject,reject
cstr_test_00329_r0,1,0.8804692324666832,validate,validate,0.9960381927379361,reject,reject,0.7797518174240307,validate,validate,0.8114240392050788,validate,validate,0.8165299519028597,validate,validate,0.8490600645205386,validate,validate,0.7332471501793907,validate,validate,0.7878011965770316,validate,validate,0.9805750302520342,reject,reject,0.9947289205565234,reject,reject,0.9741875189005883,reject,reject
cstr_test_00330_r0,1,0.8596542548275287,validate,validate,0.8629397407302063,reject,reject,0.8055969353831134,validate,validate,0.9457880022519035,reject,reject,0.9122455260779628,reject,reject,0.9910245774807787,reject,reject,0.9861524993308641,reject,reject,0.9888155509397998,reject,reject,0.9773096791519563,reject,reject,0.9181114993883869,reject,reject,0.9827379886496125,reject,reject
cstr_test_00331_r0,0,0.6844466086963492,validate,validate,0.712433177906873,validate,validate,0.7573226032107774,validate,validate,0.7997378627876686,validate,validate,0.48172107987160584,validate,validate,0.7739251975210327,validate,validate,0.70417348758783,validate,validate,0.6691657216093887,validate,validate,0.5263265693045956,validate,validate,0.5539086323628192,validate,validate,0.6150127459763525,validate,validate
cstr_test_00334_r0,1,0.9082276159288978,validate,validate,0.9470052915768004,reject,reject,0.8029983779690508,validate,validate,0.7040981642791246,validate,validate,0.798795998205881,validate,validate,0.7533992306178845,validate,validate,0.8295083725820735,validate,validate,0.866154961678067,reject,reject,0.9153409880727368,reject,reject,0.9696868654702828,reject,reject,0.915533002626326,reject,reject
cstr_test_00339_r0,1,0.8011031137469455,validate,validate,0.24823655720202434,validate,validate,0.923517979859786,reject,reject,0.9442941375473717,reject,reject,0.9380769112194396,reject,reject,0.9525838854393551,reject,reject,0.9629165318522229,reject,reject,0.9678489729082084,reject,reject,0.8738512776977148,reject,reject,0.6601424180814437,validate,validate,0.7480322800043507,validate,validate
cstr_test_00341_r0,1,0.6837940950379666,validate,validate,0.6407431107572247,validate,validate,0.8009444696029578,validate,validate,0.6074980889279864,validate,validate,0.7052336555704943,validate,validate,0.576316266288983,validate,validate,0.6329031550653498,validate,validate,0.6346637609248543,validate,validate,0.7209988520916968,validate,validate,0.5866561905040664,validate,validate,0.716861695108162,validate,validate
cstr_test_00343_r0,1,0.9038426289658007,validate,validate,0.9919703207933953,reject,reject,0.9514181818109252,reject,reject,0.9291996478116052,reject,reject,0.9519073960225426,reject,reject,0.9448099121533841,reject,reject,0.9788806023727432,reject,reject,0.9858028828183794,reject,reject,0.9884164761843567,reject,reject,0.9971186515137626,reject,reject,0.9860769084897654,reject,reject
cstr_test_00344_r0,1,0.8310310414908999,validate,validate,0.9837760284033619,reject,reject,0.7551120949920961,validate,validate,0.8184043572329758,validate,validate,0.7963684720745144,validate,validate,0.7768118392773435,validate,validate,0.7928593221114537,validate,validate,0.8284308863824551,validate,validate,0.9669260323645179,reject,reject,0.9776988148151853,reject,reject,0.9532563351785335,reject,reject
cstr_test_00346_r0,1,0.7743070035221449,validate,validate,0.6906897909056238,validate,validate,0.8368333262030793,validate,validate,0.6709100724005895,validate,validate,0.8488519100178904,validate,validate,0.5645665459112206,validate,validate,0.5880289824375926,validate,validate,0.6149265930311559,validate,validate,0.7109515875875833,validate,validate,0.7731266560379679,reject,reject,0.6449040000760313,validate,validate
cstr_test_00349_r0,0,0.8318361960838121,validate,validate,0.26552624696074223,validate,validate,0.7834417444477265,validate,validate,0.6857830176479057,validate,validate,0.7793874298431369,validate,validate,0.6420808712940395,validate,validate,0.7019704834354393,validate,validate,0.6781673636706879,validate,validate,0.6422201423381517,validate,validate,0.31423292549020015,validate,validate,0.5798333186714371,validate,validate
cstr_test_00351_r0,1,0.8660135356675237,validate,validate,0.9985376458387873,reject,reject,0.8746896469774573,reject,reject,0.7941689746642185,validate,validate,0.8795709065593244,validate,validate,0.8531875797860571,validate,validate,0.7576344263714182,validate,validate,0.7442086044333435,validate,validate,0.9938458107953976,reject,reject,0.9962356134145696,reject,reject,0.9916250396907446,reject,reject
cstr_test_00354_r0,1,0.8930597877347222,validate,validate,0.8138010419367647,reject,reject,0.920110154418183,reject,reject,0.9522914092415454,reject,reject,0.8499852758400877,validate,validate,0.7148397521923624,validate,validate,0.8202677048014305,validate,validate,0.8218455996663286,validate,validate,0.8519908159831596,reject,reject,0.90418280469585,reject,reject,0.8566688475528462,reject,reject
cstr_test_00357_r0,1,0.8686131088332336,validate,validate,0.9286708939204065,reject,reject,0.8504815645701985,validate,validate,0.9343233542017718,reject,reject,0.8956300622567835,reject,reject,0.9725777212320772,reject,reject,0.9729542706218067,reject,reject,0.9738557629908696,reject,reject,0.9767540600867236,reject,reject,0.959896565529311,reject,reject,0.9796273815611606,reject,reject
cstr_test_00356_r0,1,0.8916450627438189,validate,validate,0.9916457512612934,reject,reject,0.870238160654265,reject,reject,0.9641129103444777,reject,reject,0.9144244468628763,reject,reject,0.9953900941610052,reject,reject,0.9926809635552275,reject,reject,0.9940669428940986,reject,reject,0.9985705493140881,reject,reject,0.9938661902783282,reject,reject,0.9970846099794732,reject,reject
cstr_test_00358_r0,1,0.8724169419789167,validate,validate,0.993090477062686,reject,reject,0.9019076860279014,reject,reject,0.9546737271779956,reject,reject,0.9330510187118788,reject,reject,0.9891229516110986,reject,reject,0.9800248140566339,reject,reject,0.9856821929264223,reject,reject,0.9956154272017286,reject,reject,0.9951734182630955,reject,reject,0.995639577904654,reject,reject
cstr_test_00360_r0,1,0.7574960717999383,validate,validate,0.9264534315829352,reject,reject,0.7412928934439037,validate,validate,0.8638557626573946,validate,validate,0.8409294674891651,validate,validate,0.8347794937740987,validate,validate,0.890510505702621,reject,reject,0.8818092363327987,reject,reject,0.9279255419554793,reject,reject,0.9389524747783802,reject,reject,0.9466903227529253,reject,reject
cstr_test_00363_r0,1,0.8421342720976194,validate,validate,0.9161101262602476,reject,reject,0.7358292082878989,validate,validate,0.8907419924975879,reject,reject,0.8402643212153998,validate,validate,0.979790686373078,reject,reject,0.9895252419135273,reject,reject,0.9883865098763587,reject,reject,0.9793106356359894,reject,reject,0.9264733780481138,reject,reject,0.9789849272193972,reject,reject
cstr_test_00365_r0,1,0.9036322397152567,validate,validate,0.9836590443824453,reject,reject,0.9068457763152966,reject,reject,0.9700003173762309,reject,reject,0.9696984358939805,reject,reject,0.9947019282272127,reject,reject,0.9981325598150489,reject,reject,0.9974763455079457,reject,reject,0.997599947591444,reject,reject,0.9972731617819494,reject,reject,0.998121915057349,reject,reject
cstr_test_00367_r0,0,0.8218491309391902,validate,validate,0.738523578166889,validate,validate,0.7981230147008592,validate,validate,0.5657792495048316,validate,validate,0.698519197477518,validate,validate,0.39145261064382847,validate,validate,0.4022462347901399,validate,validate,0.41558073762409614,validate,validate,0.3236566467889736,validate,validate,0.6217436784487934,validate,validate,0.2914513309918875,validate,validate
cstr_test_00368_r0,1,0.9117013556794203,validate,validate,0.9980350737177063,reject,reject,0.8832148695248507,reject,reject,0.8472240182752447,validate,validate,0.9375531790928725,reject,reject,0.8742795337339173,reject,reject,0.8772424558229139,reject,reject,0.9167064154463048,reject,reject,0.9829845586561667,reject,reject,0.9892887657564796,reject,reject,0.9582274485832335,reject,reject
cstr_test_00371_r0,1,0.8522479174577563,validate,validate,0.953559930839647,reject,reject,0.7903835798635304,validate,validate,0.7503390814418014,validate,validate,0.8935139775965755,reject,reject,0.9908085814030408,reject,reject,0.9595839841251658,reject,reject,0.9794248652871944,reject,reject,0.9932493336373559,reject,reject,0.9900643509966479,reject,reject,0.9778531711162652,reject,reject
cstr_test_00374_r0,1,0.740496550116885,validate,validate,0.7911836877300558,reject,reject,0.8348843619683307,validate,validate,0.7992105542599318,validate,validate,0.7535229567318849,validate,validate,0.8707931852744782,reject,reject,0.8811802618399707,reject,reject,0.906675624024573,reject,reject,0.8721999851508974,reject,reject,0.7889852844530381,reject,reject,0.8637769760474888,reject,reject
cstr_test_00375_r0,1,0.8673460623766667,validate,validate,0.9901014200166321,reject,reject,0.9079299781543327,reject,reject,0.9782203868080253,reject,reject,0.9377055063200639,reject,reject,0.9904481389766329,reject,reject,0.9919654493206447,reject,reject,0.9936947870928099,reject,reject,0.9962436293909942,reject,reject,0.993596284413738,reject,reject,0.9950535822051865,reject,reject
cstr_test_00376_r0,1,0.8854174107287935,validate,validate,0.969392850327382,reject,reject,0.9002587767297993,reject,reject,0.9512915358983476,reject,reject,0.9448188363712798,reject,reject,0.9926880841404406,reject,reject,0.9930678901140119,reject,reject,0.9914695807074769,reject,reject,0.9672295720685661,reject,reject,0.9805004020810437,reject,reject,0.9674534757856931,reject,reject
cstr_test_00377_r0,1,0.8537392884859413,validate,validate,0.9659029315478592,reject,reject,0.7769809740175406,validate,validate,0.8787903814349958,reject,reject,0.8184292359188378,validate,validate,0.970686462224772,reject,reject,0.9868745212852532,reject,reject,0.9854738458175019,reject,reject,0.9911905430378807,reject,reject,0.9754407553985942,reject,reject,0.9923302872570724,reject,reject
cstr_test_00381_r0,0,0.8444753636561776,validate,validate,0.40965825661725386,validate,validate,0.7835561440647533,validate,validate,0.8057684046999053,validate,validate,0.8713089122048046,validate,validate,0.680234668762357,validate,validate,0.7456838355736701,validate,validate,0.7841868116927428,validate,validate,0.38416295258671995,validate,validate,0.7611242663556212,reject,reject,0.2561548366865627,validate,validate
cstr_test_00383_r0,1,0.7337471028862915,validate,validate,0.9374105390934331,reject,reject,0.7835884636044856,validate,validate,0.8762053544172086,reject,reject,0.8798876686187626,validate,validate,0.8291894925876425,validate,validate,0.8698080525597363,reject,reject,0.8665639575400034,reject,reject,0.9550437084914906,reject,reject,0.9473745982073807,reject,reject,0.9666788863988388,reject,reject
cstr_test_00385_r0,0,0.7394208062890533,validate,validate,0.3878960684714626,validate,validate,0.8462779416760423,validate,validate,0.5190483172450728,validate,validate,0.8686543100137185,validate,validate,0.8625889975438682,validate,validate,0.7898483991902174,validate,validate,0.788663020446226,validate,validate,0.5564993322448746,validate,validate,0.6980280602186864,validate,validate,0.5463791653985408,validate,validate
cstr_test_00388_r0,0,0.861086012278248,validate,validate,0.8717894365043701,reject,reject,0.8081412885954622,validate,validate,0.5150194935575588,validate,validate,0.5250139494122558,validate,validate,0.41461883865216115,validate,validate,0.4455987370376427,validate,validate,0.4281286028137752,validate,validate,0.4020916598607639,validate,validate,0.6562000081955851,validate,validate,0.3903124122755198,validate,validate
cstr_test_00389_r0,0,0.8256700071742082,validate,validate,0.5212553882692192,validate,validate,0.6945710287658148,validate,validate,0.6910654304514573,validate,validate,0.7440396008374007,validate,validate,0.6339060035880286,validate,validate,0.6078400672909215,validate,validate,0.651500241554101,validate,validate,0.5224617136705089,validate,validate,0.5419173108539818,validate,validate,0.6236364535103512,validate,validate
cstr_test_00390_r0,1,0.7732898365891443,validate,validate,0.8634116235388446,reject,reject,0.8332542028231115,validate,validate,0.7387993289811974,validate,validate,0.7597471603798629,validate,validate,0.8417370614508408,validate,validate,0.7895417025459723,validate,validate,0.8032767559813664,validate,validate,0.909833653150259,reject,reject,0.8966036748568669,reject,reject,0.8957193784870584,reject,reject
cstr_test_00391_r0,1,0.9100572644512404,validate,validate,0.7284565026819939,validate,validate,0.793797053612713,validate,validate,0.9001775981453148,reject,reject,0.8222616759032989,validate,validate,0.8560552236225264,validate,validate,0.8679222696199456,reject,reject,0.9025910137357933,reject,reject,0.9905101742263143,reject,reject,0.8497440063330121,reject,reject,0.9857571235129461,reject,reject
cstr_test_00395_r0,1,0.9140692568105676,validate,validate,0.9158430526458856,reject,reject,0.8766543433324274,reject,reject,0.8513053901702086,validate,validate,0.6748575435161115,validate,validate,0.7650734882949964,validate,validate,0.5764240840035273,validate,validate,0.6084732021022582,validate,validate,0.8451928013212087,reject,reject,0.8786535535154577,reject,reject,0.8743698632584803,reject,reject
cstr_test_00397_r0,1,0.9025517228203777,validate,validate,0.9934281948801944,reject,reject,0.9184007934327639,reject,reject,0.9493274391070453,reject,reject,0.9578151042024092,reject,reject,0.9955848637297036,reject,reject,0.9953898775029079,reject,reject,0.9956594113618431,reject,reject,0.9951109556571206,reject,reject,0.9967482646897506,reject,reject,0.9964431381537914,reject,reject
cstr_test_00398_r0,1,0.7989769486091498,validate,validate,0.85428624494344,reject,reject,0.7818874682004548,validate,validate,0.9111553984311304,reject,reject,0.8819201718935855,validate,validate,0.9840168438617946,reject,reject,0.973883087873063,reject,reject,0.9746344613170682,reject,reject,0.9840209701207342,reject,reject,0.9393515091325788,reject,reject,0.9868676528805785,reject,reject
cstr_test_00401_r0,1,0.8384953598036977,validate,validate,0.9343657966536593,reject,reject,0.765994800445106,validate,validate,0.93018899536049,reject,reject,0.8297776396176695,validate,validate,0.966229498204235,reject,reject,0.9630352635942737,reject,reject,0.9572005096515988,reject,reject,0.9707352957544818,reject,reject,0.9603222434255468,reject,reject,0.9767354066748155,reject,reject
cstr_test_00403_r0,1,0.8316062047264167,validate,validate,0.939526710113997,reject,reject,0.8188863893040386,validate,validate,0.899731640217976,reject,reject,0.8768946352310497,validate,validate,0.9837544003567884,reject,reject,0.9844719159588406,reject,reject,0.9825992268205503,reject,reject,0.9792851495547296,reject,reject,0.9562476992602108,reject,reject,0.9818150279911839,reject,reject
cstr_test_00405_r0,1,0.8370069482372993,validate,validate,0.7148312218410866,validate,validate,0.7930612919044508,validate,validate,0.8882718109361415,reject,reject,0.9053424029717827,reject,reject,0.817080384113183,validate,validate,0.8177902073843153,validate,validate,0.8064140170068688,validate,validate,0.7399486514688419,validate,validate,0.79651981738104,reject,reject,0.7540532032117094,validate,validate
cstr_test_00406_r0,0,0.9104320103850944,validate,validate,0.45094081767969824,validate,validate,0.8746909153799929,reject,reject,0.5285112798865954,validate,validate,0.8117143354420472,validate,validate,0.8660071385353002,reject,reject,0.8929132629482235,reject,reject,0.8535574695271301,validate,validate,0.32367167637730776,validate,validate,0.1704782515362732,validate,validate,0.3410771474432278,validate,validate
cstr_test_00409_r0,0,0.8019151694601678,validate,validate,0.043572972475576524,validate,validate,0.6769384825974252,validate,validate,0.5882906888996511,validate,validate,0.6375288693727841,validate,validate,0.35598376792672676,validate,validate,0.339766665272357,validate,validate,0.3903708983316884,validate,validate,0.023963924427946672,validate,validate,0.10853790674538497,validate,validate,0.026635940577949165,validate,validate
cstr_test_00410_r0,1,0.7129609691307586,validate,validate,0.7214252074397113,validate,validate,0.852561375844575,validate,validate,0.6632280646844206,validate,validate,0.8281095354870074,validate,validate,0.5797455721438192,validate,validate,0.6351986107204818,validate,validate,0.6550203005118157,validate,validate,0.7101318861663417,validate,validate,0.7623026952837118,reject,reject,0.7236874329954326,validate,validate
cstr_test_00413_r0,1,0.8845563261073192,validate,validate,0.9898650614568112,reject,reject,0.9377051413862528,reject,reject,0.9512487756949727,reject,reject,0.9405350804415163,reject,reject,0.9813995148207514,reject,reject,0.977340899386823,reject,reject,0.9814350947725733,reject,reject,0.9873794317971705,reject,reject,0.9958078058388519,reject,reject,0.9867991872891391,reject,reject
cstr_test_00415_r0,1,0.7566348117838321,validate,validate,0.9398347380006827,reject,reject,0.7935331010187359,validate,validate,0.8508270945142786,validate,validate,0.7961339953376445,validate,validate,0.885036777589283,reject,reject,0.9224757554768677,reject,reject,0.9205340690716468,reject,reject,0.9644865636006194,reject,reject,0.961326956669917,reject,reject,0.9636485220836739,reject,reject
cstr_test_00419_r0,1,0.8680057663281997,validate,validate,0.14629854340881987,validate,validate,0.7686199304847617,validate,validate,0.7612704225437956,validate,validate,0.860650448245667,validate,validate,0.7504075488384414,validate,validate,0.6998436182464398,validate,validate,0.733178595403381,validate,validate,0.45971928451644634,validate,validate,0.4198868022889886,validate,validate,0.33681987219205894,validate,validate
cstr_test_00422_r0,0,0.8947766683803384,validate,validate,0.2521737734107862,validate,validate,0.7680709113642552,validate,validate,0.6336764875210323,validate,validate,0.7798321030251913,validate,validate,0.5530254089137975,validate,validate,0.6381058664521218,validate,validate,0.6654998690779528,validate,validate,0.13467822374386088,validate,validate,0.3888629389997451,validate,validate,0.15350393833271578,validate,validate
cstr_test_00423_r0,1,0.8572179600934831,validate,validate,0.9948658043127563,reject,reject,0.8104839631548064,validate,validate,0.7675251171850769,validate,validate,0.6755055063106616,validate,validate,0.8111233558011883,validate,validate,0.8611906671880794,reject,reject,0.8753758275942465,reject,reject,0.9970617965826114,reject,reject,0.9951543931455393,reject,reject,0.9957184338757664,reject,reject
cstr_test_00424_r0,0,0.7448418751607694,validate,validate,0.8283449745829738,reject,reject,0.8393701885793291,validate,validate,0.6689124679830402,validate,validate,0.7570645577664435,validate,validate,0.6165900907112226,validate,validate,0.7945532428941062,validate,validate,0.7919351096734338,validate,validate,0.8629838307752122,reject,reject,0.7676875427433464,reject,reject,0.8719770031543843,reject,reject
cstr_test_00426_r0,1,0.8896115505830409,validate,validate,0.9991784595702794,reject,reject,0.8541367981740662,validate,validate,0.8233879275448346,validate,validate,0.9075368409767501,reject,reject,0.8332550530762676,validate,validate,0.9381498220174048,reject,reject,0.9451358948339341,reject,reject,0.99907018826809,reject,reject,0.9993663423946431,reject,reject,0.9991606676842478,reject,reject
cstr_test_00428_r0,1,0.7643911864157006,validate,validate,0.7648466121645001,validate,validate,0.8445254681421848,validate,validate,0.8031210870795007,validate,validate,0.7733665247597881,validate,validate,0.9456007921249384,reject,reject,0.9676344951437373,reject,reject,0.9654910067407324,reject,reject,0.9231457466221601,reject,reject,0.7785171798390543,reject,reject,0.9420198159963946,reject,reject
cstr_test_00430_r0,1,0.9099397125461265,validate,validate,0.9957902688775665,reject,reject,0.9507692608306363,reject,reject,0.9418321447072462,reject,reject,0.8967527070268105,reject,reject,0.968094441214591,reject,reject,0.9495945930821211,reject,reject,0.9506377746807949,reject,reject,0.9832607299904255,reject,reject,0.9938042125122055,reject,reject,0.9857753097181254,reject,reject
cstr_test_00432_r0,1,0.9181565501073599,reject,reject,0.9984491883369773,reject,reject,0.8980764713623628,reject,reject,0.9486951057299824,reject,reject,0.9421933371443877,reject,reject,0.9873275987568123,reject,reject,0.9861296929389938,reject,reject,0.9807298300468527,reject,reject,0.9980691742969908,reject,reject,0.9988092148177024,reject,reject,0.9971161613694536,reject,reject
cstr_test_00434_r0,1,0.8558229336022061,validate,validate,0.9344526498239293,reject,reject,0.872684737586177,reject,reject,0.8217774867808519,validate,validate,0.8550297384804747,validate,validate,0.8538923092379226,validate,validate,0.868202021881003,reject,reject,0.8827231484073884,reject,reject,0.960928318068172,reject,reject,0.9468234304180503,reject,reject,0.9611922716819284,reject,reject
cstr_test_00435_r0,1,0.7651002709225841,validate,validate,0.9002432330426134,reject,reject,0.8268780036538668,validate,validate,0.8775488352792974,reject,reject,0.7779846439188307,validate,validate,0.8024840652592607,validate,validate,0.7998029153889494,validate,validate,0.7880208186696774,validate,validate,0.8347783000421601,reject,reject,0.9169708520019468,reject,reject,0.848950018819146,reject,reject
cstr_test_00439_r0,0,0.8522231569213705,validate,validate,0.7934645337853011,reject,reject,0.8283941006384378,validate,validate,0.9666943001267145,reject,reject,0.9181155825472591,reject,reject,0.973591841479285,reject,reject,0.9670310764434797,reject,reject,0.9384556054281735,reject,reject,0.801339706291045,reject,reject,0.7475517978642536,validate,validate,0.9430924072356595,reject,reject
cstr_test_00442_r0,1,0.7634195857448868,validate,validate,0.7606598973794456,validate,validate,0.8308536951693128,validate,validate,0.8820359628293383,reject,reject,0.7827868420050056,validate,validate,0.8027300125568894,validate,validate,0.7985059142506328,validate,validate,0.8017739891248373,validate,validate,0.7881085307113561,reject,reject,0.7990495822795377,reject,reject,0.7876244261727683,validate,validate
cstr_test_00444_r0,1,0.7286908895764099,validate,validate,0.7082764449258536,validate,validate,0.8782093922836225,reject,reject,0.6154464416398049,validate,validate,0.786306936348538,validate,validate,0.4709902198476423,validate,validate,0.6627624079781265,validate,validate,0.6695852301413382,validate,validate,0.6869799051963323,validate,validate,0.6662277856626209,validate,validate,0.6597048874457996,validate,validate
cstr_test_00445_r0,1,0.8766980225047776,validate,validate,0.6916978013256228,validate,validate,0.935840042897278,reject,reject,0.9160361138522709,reject,reject,0.8803719448535361,validate,validate,0.952212586934332,reject,reject,0.9583924514056916,reject,reject,0.9560777783607427,reject,reject,0.7927060223534147,reject,reject,0.8205093415329262,reject,reject,0.836715138036708,reject,reject
cstr_test_00447_r0,1,0.8518960068993883,validate,validate,0.8818007880494242,reject,reject,0.8305062183240227,validate,validate,0.8976883411862746,reject,reject,0.8108918615561276,validate,validate,0.9764909513193183,reject,reject,0.9678267627155023,reject,reject,0.966126967334195,reject,reject,0.9412656632375402,reject,reject,0.9309947201435841,reject,reject,0.9455298712104402,reject,reject
cstr_test_00448_r0,1,0.8314888302709124,validate,validate,0.7792304909242804,reject,reject,0.8848682191118286,reject,reject,0.7597977797836178,validate,validate,0.6462303763579805,validate,validate,0.7014043206472356,validate,validate,0.7208758360722227,validate,validate,0.6646207771088944,validate,validate,0.5386192277025904,validate,validate,0.5214638446831258,validate,validate,0.5897016845769092,validate,validate
cstr_test_00451_r0,1,0.8675505820071683,validate,validate,0.967339993379246,reject,reject,0.818446999542658,validate,validate,0.5494888953564984,validate,validate,0.740348418522365,validate,validate,0.7805003972182445,validate,validate,0.7543954871839773,validate,validate,0.6995819390266295,validate,validate,0.9801901385953776,reject,reject,0.9694919992935566,reject,reject,0.9850890610408215,reject,reject
cstr_test_00454_r0,1,0.8839904071132153,validate,validate,0.9884756104097518,reject,reject,0.9317564617768536,reject,reject,0.9520014203873419,reject,reject,0.9110329604309287,reject,reject,0.9761103265394134,reject,reject,0.9815611489129008,reject,reject,0.9790110866853765,reject,reject,0.9850502698860171,reject,reject,0.9886552797280822,reject,reject,0.9903183381160541,reject,reject
cstr_test_00456_r0,1,0.8896790271637816,validate,validate,0.9922289241266863,reject,reject,0.9343141149248155,reject,reject,0.9059024299127844,reject,reject,0.9241515586380002,reject,reject,0.9912203865384958,reject,reject,0.9892730686630453,reject,reject,0.9928588175954032,reject,reject,0.9985716627157675,reject,reject,0.9943568478806584,reject,reject,0.9959536371412706,reject,reject
cstr_test_00457_r0,1,0.8848573384125628,validate,validate,0.9329382063942258,reject,reject,0.7816831561953979,validate,validate,0.7287924707960701,validate,validate,0.6248632762883892,validate,validate,0.6752691581810566,validate,validate,0.6719577212409161,validate,validate,0.6478797532795787,validate,validate,0.8462028941493013,reject,reject,0.9033886100846128,reject,reject,0.8895870186374416,reject,reject
cstr_test_00459_r0,0,0.8516467971170739,validate,validate,0.8147146282466455,reject,reject,0.882311717111819,reject,reject,0.6253190721167412,validate,validate,0.6912277325329484,validate,validate,0.48781107656646705,validate,validate,0.3951794609242017,validate,validate,0.36065593085146547,validate,validate,0.403488813701862,validate,validate,0.733419280218715,validate,validate,0.29952798368220845,validate,validate
cstr_test_00460_r0,1,0.7447544956417255,validate,validate,0.8269194295128329,reject,reject,0.8507818187604794,validate,validate,0.914072626963438,reject,reject,0.8349576403014576,validate,validate,0.8648496448576243,validate,validate,0.7905505532282037,validate,validate,0.7718203946912975,validate,validate,0.8830137367772587,reject,reject,0.7162199495377661,validate,validate,0.903926877591965,reject,reject
cstr_test_00463_r0,1,0.8158364000694894,validate,validate,0.7983640604356892,reject,reject,0.7783422346819591,validate,validate,0.7586248908949481,validate,validate,0.8982389890188052,reject,reject,0.8444910914103011,validate,validate,0.780592455693128,validate,validate,0.7882540830094878,validate,validate,0.7948312337644836,reject,reject,0.8582168880947644,reject,reject,0.7680765559779922,validate,validate
cstr_test_00465_r0,1,0.8602030669090693,validate,validate,0.990186995497822,reject,reject,0.9126337416768836,reject,reject,0.9790070157987879,reject,reject,0.9409654882657108,reject,reject,0.9807114673402932,reject,reject,0.9823913733149765,reject,reject,0.9812359711894937,reject,reject,0.9925969358369436,reject,reject,0.9933067387324445,reject,reject,0.9902669237424816,reject,reject
cstr_test_00466_r0,1,0.8432392087934546,validate,validate,0.7140283311088714,validate,validate,0.8233863569445046,validate,validate,0.9344423111297301,reject,reject,0.8756618302395692,validate,validate,0.9762182532400864,reject,reject,0.9824145466130795,reject,reject,0.9797412041636949,reject,reject,0.8567832901776746,reject,reject,0.7998552513316787,reject,reject,0.8886949608592325,reject,reject
cstr_test_00468_r0,1,0.918900755831299,reject,reject,0.9933328378278158,reject,reject,0.922759961921359,reject,reject,0.9352876276935951,reject,reject,0.9468906998077699,reject,reject,0.978989617876744,reject,reject,0.9822351712184646,reject,reject,0.983779336675452,reject,reject,0.9756476333916818,reject,reject,0.9923954233808402,reject,reject,0.9756889655595098,reject,reject
cstr_test_00470_r0,1,0.7729214101236658,validate,validate,0.8189491356257239,reject,reject,0.7971606658985693,validate,validate,0.8628048739876817,validate,validate,0.8186883185610526,validate,validate,0.8599111604120404,validate,validate,0.9063590182393465,reject,reject,0.8981894999882022,reject,reject,0.9695053907528101,reject,reject,0.8242323829158149,reject,reject,0.9676062149541103,reject,reject
cstr_test_00474_r0,1,0.8197832134306726,validate,validate,0.7391875506506754,validate,validate,0.8179511560288684,validate,validate,0.7588051707981927,validate,validate,0.8806130720415015,validate,validate,0.8252672257118208,validate,validate,0.8399768212273376,validate,validate,0.8423588609015642,validate,validate,0.7781660414457253,reject,reject,0.7138611270578489,validate,validate,0.8044202376198812,reject,reject
cstr_test_00476_r0,1,0.7107748302363055,validate,validate,0.6486156380804943,validate,validate,0.7876336391532721,validate,validate,0.8733221406536805,reject,reject,0.8268119788387955,validate,validate,0.7760429899325159,validate,validate,0.8334927659177314,validate,validate,0.8434531803754608,validate,validate,0.896113048028715,reject,reject,0.6332489753003383,validate,validate,0.8827902170486203,reject,reject
cstr_test_00477_r0,1,0.8611017691895149,validate,validate,0.9925964175643641,reject,reject,0.9412422376970567,reject,reject,0.9554650766412335,reject,reject,0.9528395983937212,reject,reject,0.9828013273266492,reject,reject,0.983511506268815,reject,reject,0.9881912570084764,reject,reject,0.9926540803017972,reject,reject,0.997228441486541,reject,reject,0.9920924428134746,reject,reject
cstr_test_00478_r0,0,0.8151920591455757,validate,validate,0.5593518944888449,validate,validate,0.8253590978546018,validate,validate,0.7383008855079716,validate,validate,0.5077220263330889,validate,validate,0.5796844807841489,validate,validate,0.7394152362137988,validate,validate,0.7478187650445991,validate,validate,0.639946621056133,validate,validate,0.5762650777162382,validate,validate,0.5805756164004096,validate,validate
cstr_test_00479_r0,1,0.7468841047394602,validate,validate,0.7607567658222049,validate,validate,0.7750929097435466,validate,validate,0.8573183102511147,validate,validate,0.7990815469758199,validate,validate,0.7949441062936886,validate,validate,0.7531889759776679,validate,validate,0.7667739039627364,validate,validate,0.7742816586847726,reject,reject,0.7958932030533996,reject,reject,0.7657786959238703,validate,validate
cstr_test_00482_r0,0,0.8475230150794301,validate,validate,0.5464007420349211,validate,validate,0.7497007370158364,validate,validate,0.6529937856861869,validate,validate,0.5572463550291454,validate,validate,0.4975514590592183,validate,validate,0.3834883700729686,validate,validate,0.4711948616654027,validate,validate,0.3355178442975415,validate,validate,0.7460336506505945,validate,validate,0.2952689933041307,validate,validate
cstr_test_00485_r0,1,0.8006346056707613,validate,validate,0.9817186463246396,reject,reject,0.7354344427393608,validate,validate,0.768753044138408,validate,validate,0.6798526932496953,validate,validate,0.7158340140454519,validate,validate,0.6317174066345237,validate,validate,0.6968850246315055,validate,validate,0.9865255231334296,reject,reject,0.9749717230042627,reject,reject,0.9854665333421447,reject,reject
cstr_test_00487_r0,1,0.9140364020076184,validate,validate,0.9953324139672823,reject,reject,0.8914125929944405,reject,reject,0.9568173967284885,reject,reject,0.972651929251943,reject,reject,0.9952480609986665,reject,reject,0.9929017870477199,reject,reject,0.994885422610758,reject,reject,0.9972521469289181,reject,reject,0.9990863918947726,reject,reject,0.9963251021253499,reject,reject
cstr_test_00488_r0,1,0.8536922851391594,validate,validate,0.9912814502334651,reject,reject,0.9032225413312823,reject,reject,0.9590220911585542,reject,reject,0.9358592515786769,reject,reject,0.9889492799430873,reject,reject,0.9890722383401245,reject,reject,0.987877174587002,reject,reject,0.9968954334159045,reject,reject,0.9944984114053899,reject,reject,0.9974018299132845,reject,reject
cstr_test_00491_r0,1,0.8679065630318024,validate,validate,0.9899413829623182,reject,reject,0.87836598123271,reject,reject,0.976245447900033,reject,reject,0.9366866493181141,reject,reject,0.9835662287999047,reject,reject,0.9850152607651554,reject,reject,0.9840195290163932,reject,reject,0.991930039979107,reject,reject,0.9920807670056088,reject,reject,0.9903863257030758,reject,reject
cstr_test_00493_r0,1,0.7757007725446855,validate,validate,0.7964123339798999,reject,reject,0.8560644548265638,validate,validate,0.662795904921623,validate,validate,0.7013535780520291,validate,validate,0.48344237622666053,validate,validate,0.7020338499301977,validate,validate,0.706358679600693,validate,validate,0.8191498992128287,reject,reject,0.7255222800626348,validate,validate,0.8116104636248426,reject,reject
cstr_test_00494_r0,1,0.8750621736296488,validate,validate,0.983341826077091,reject,reject,0.9352384030795818,reject,reject,0.9612733450947737,reject,reject,0.9367724692430838,reject,reject,0.9907251076981054,reject,reject,0.9864980854246804,reject,reject,0.9832265607093313,reject,reject,0.9942559222256336,reject,reject,0.993613835390648,reject,reject,0.9956894360824987,reject,reject
cstr_test_00495_r0,0,0.8353243735733615,validate,validate,0.5532057102853317,validate,validate,0.7967178304495126,validate,validate,0.7967851582887825,validate,validate,0.8454112391478759,validate,validate,0.7906024331628314,validate,validate,0.7717970297228443,validate,validate,0.7794981805414222,validate,validate,0.748670618824019,validate,validate,0.6122889474135392,validate,validate,0.6753965252519795,validate,validate
cstr_test_00497_r0,1,0.906330952653749,validate,validate,0.3053783677114969,validate,validate,0.8453564193853061,validate,validate,0.8529380030050095,validate,validate,0.7951959558670072,validate,validate,0.861995809550846,validate,validate,0.8909499540388442,reject,reject,0.8819755444763988,reject,reject,0.9609550931961339,reject,reject,0.5178351792716537,validate,validate,0.956352969614012,reject,reject
cstr_test_00503_r0,1,0.7714322393164593,validate,validate,0.829186638286994,reject,reject,0.7888406122556375,validate,validate,0.5693982116076028,validate,validate,0.781670870852996,validate,validate,0.5365067931343017,validate,validate,0.639282556951882,validate,validate,0.670711809100058,validate,validate,0.7995652379895701,reject,reject,0.8438261981297861,reject,reject,0.7634951929699435,validate,validate
cstr_test_00504_r0,1,0.8023312210246711,validate,validate,0.9771470663827958,reject,reject,0.8449714372965147,validate,validate,0.6841488020397444,validate,validate,0.8804639799615406,validate,validate,0.7570780065242427,validate,validate,0.8122173270127306,validate,validate,0.8607067880611972,validate,validate,0.9574252903720453,reject,reject,0.9830926579157944,reject,reject,0.9449026792097298,reject,reject
cstr_test_00505_r0,1,0.8886564561809339,validate,validate,0.9931058126755328,reject,reject,0.9461909763580789,reject,reject,0.9506759547119422,reject,reject,0.9444849450246452,reject,reject,0.9841536266963447,reject,reject,0.9804851764000007,reject,reject,0.9857932150071925,reject,reject,0.9916149299372802,reject,reject,0.9968824379003152,reject,reject,0.9916931910671112,reject,reject
cstr_test_00507_r0,1,0.8350457064756959,validate,validate,0.9888190018488054,reject,reject,0.9060012346166719,reject,reject,0.9634308994218503,reject,reject,0.953760906375824,reject,reject,0.9842050560648492,reject,reject,0.9957769106408088,reject,reject,0.9954500013099473,reject,reject,0.9974977847413007,reject,reject,0.9977067134511629,reject,reject,0.9970604986767037,reject,reject
cstr_test_00509_r0,1,0.8842801536808359,validate,validate,0.9331650467752804,reject,reject,0.8078996894744623,validate,validate,0.7590924833777153,validate,validate,0.8385807543121538,validate,validate,0.6471630473662547,validate,validate,0.5842208412429526,validate,validate,0.5452211419230653,validate,validate,0.5769630117636834,validate,validate,0.791626938203761,reject,reject,0.5627409786453331,validate,validate
cstr_test_00513_r0,1,0.8638419697585389,validate,validate,0.9439300557606833,reject,reject,0.7975851692808575,validate,validate,0.912334826105171,reject,reject,0.8006601795679325,validate,validate,0.984062594755934,reject,reject,0.9841351930241142,reject,reject,0.984871921897533,reject,reject,0.9918889337356938,reject,reject,0.9587272014619399,reject,reject,0.9926997288338892,reject,reject
cstr_test_00514_r0,0,0.7468362431557585,validate,validate,0.8050828734692069,reject,reject,0.781959680056752,validate,validate,0.8624242677855923,validate,validate,0.729539160948922,validate,validate,0.8259633839510837,validate,validate,0.8000138829708411,validate,validate,0.7981108108714793,validate,validate,0.8306324381484071,reject,reject,0.8318081014139743,reject,reject,0.8368745797064729,reject,reject
cstr_test_00517_r0,1,0.8252205529956488,validate,validate,0.7899460388365473,reject,reject,0.8171279163511711,validate,validate,0.8289305880150201,validate,validate,0.90593767669184,reject,reject,0.6511791784820391,validate,validate,0.7749060357214582,validate,validate,0.7564798338192257,validate,validate,0.7771932663864293,reject,reject,0.9047744167548859,reject,reject,0.7357097729931196,validate,validate
cstr_test_00519_r0,1,0.8638690488200589,validate,validate,0.8774831063154113,reject,reject,0.7834963645698233,validate,validate,0.8898825765287999,reject,reject,0.898212260999924,reject,reject,0.744394681938246,validate,validate,0.8296347315835809,validate,validate,0.8275051286837101,validate,validate,0.87493758498029,reject,reject,0.894273191418754,reject,reject,0.8965335694294175,reject,reject
cstr_test_00522_r0,1,0.8762088475962275,validate,validate,0.8925372311899769,reject,reject,0.822595298140625,validate,validate,0.9093938472187154,reject,reject,0.832400461786238,validate,validate,0.9653909309997376,reject,reject,0.9678697412465946,reject,reject,0.9636363106729666,reject,reject,0.9320966602919316,reject,reject,0.9224474867112442,reject,reject,0.9432551470388386,reject,reject
cstr_test_00520_r0,1,0.8955234638290442,validate,validate,0.9933703493443026,reject,reject,0.9081570992114901,reject,reject,0.9627256325065364,reject,reject,0.9469781028139803,reject,reject,0.9944168517493995,reject,reject,0.9958324794413631,reject,reject,0.9965750057183438,reject,reject,0.9990802771622344,reject,reject,0.9970196438085216,reject,reject,0.9989166728252376,reject,reject
cstr_test_00525_r0,1,0.8874520542951416,validate,validate,0.9791461840252804,reject,reject,0.768597656739762,validate,validate,0.9370219441159628,reject,reject,0.8607238733581948,validate,validate,0.9469519086332627,reject,reject,0.9750962022104119,reject,reject,0.9745224151425025,reject,reject,0.9915567764912129,reject,reject,0.9792665670518923,reject,reject,0.9929351004847726,reject,reject
cstr_test_00527_r0,1,0.8623965789552072,validate,validate,0.9955724389130662,reject,reject,0.8012722341999005,validate,validate,0.8708258087413197,reject,reject,0.8754977490347194,validate,validate,0.8823559416503799,reject,reject,0.9220999503663766,reject,reject,0.881557259477712,reject,reject,0.9973450904932317,reject,reject,0.9977654028747587,reject,reject,0.9971305499079284,reject,reject
cstr_test_00529_r0,1,0.9116623504874515,validate,validate,0.9935989624357147,reject,reject,0.9235567010157003,reject,reject,0.9542189449224315,reject,reject,0.9330716642797159,reject,reject,0.9728845865593913,reject,reject,0.9726812985598617,reject,reject,0.9758919095353437,reject,reject,0.9833459586954317,reject,reject,0.9958775624435622,reject,reject,0.9894595389298628,reject,reject
cstr_test_00531_r0,1,0.9169230595796272,reject,reject,0.9958698629258487,reject,reject,0.9348715057969518,reject,reject,0.9305207456078731,reject,reject,0.9443722933099061,reject,reject,0.9297400354093824,reject,reject,0.9631927559481775,reject,reject,0.9670979725447335,reject,reject,0.986243665460967,reject,reject,0.9981078480967759,reject,reject,0.9894026584361209,reject,reject
cstr_test_00532_r0,1,0.779272970203468,validate,validate,0.8074140918337465,reject,reject,0.7889013549701728,validate,validate,0.5624686285660039,validate,validate,0.6195535912348022,validate,validate,0.29338554593887634,validate,validate,0.4308596805862512,validate,validate,0.46235279549582725,validate,validate,0.5472532059382099,validate,validate,0.8399688780793794,reject,reject,0.4989231294049748,validate,validate
cstr_test_00533_r0,1,0.8172028569178436,validate,validate,0.9709461876031042,reject,reject,0.7898905091549787,validate,validate,0.6574339577824584,validate,validate,0.7618675219204305,validate,validate,0.7044033009527134,validate,validate,0.757547473131074,validate,validate,0.7000490392813886,validate,validate,0.6691896013483024,validate,validate,0.9254538029834779,reject,reject,0.7013795154091298,validate,validate
cstr_test_00535_r0,0,0.8526303683845131,validate,validate,0.5790660290492895,validate,validate,0.7972219188366709,validate,validate,0.8492791468547779,validate,validate,0.9089292918458953,reject,reject,0.8589023695921192,validate,validate,0.8674262974126921,reject,reject,0.8693772974694524,reject,reject,0.7925700326923573,reject,reject,0.7304323402538768,validate,validate,0.7913356138598087,validate,validate
cstr_test_00538_r0,1,0.8779234769091769,validate,validate,0.9971317082865679,reject,reject,0.9256782444993994,reject,reject,0.9041130085241154,reject,reject,0.9637413390614276,reject,reject,0.93292696167344,reject,reject,0.9570860227187308,reject,reject,0.966307890939863,reject,reject,0.9928134431193566,reject,reject,0.9991109420440316,reject,reject,0.988546001552008,reject,reject
cstr_test_00540_r0,1,0.911508052473938,validate,validate,0.9983097574186,reject,reject,0.8831915756192565,reject,reject,0.850109234514774,validate,validate,0.9070984824535443,reject,reject,0.8135890602742675,validate,validate,0.8696053812458544,reject,reject,0.880577636431688,reject,reject,0.9860277965743021,reject,reject,0.9866066777958408,reject,reject,0.9749717029678305,reject,reject
cstr_test_00543_r0,1,0.8608892630144718,validate,validate,0.9977441983577703,reject,reject,0.9281439002291446,reject,reject,0.9349684157633278,reject,reject,0.9095147109523795,reject,reject,0.9761643117552048,reject,reject,0.9762233552086269,reject,reject,0.9650658153083804,reject,reject,0.9894306224987791,reject,reject,0.9981293791789025,reject,reject,0.9940260170477505,reject,reject
cstr_test_00545_r0,1,0.7491494887825608,validate,validate,0.7290617767955125,validate,validate,0.8618544999000164,reject,reject,0.8632125262625858,validate,validate,0.8483509197725799,validate,validate,0.8404839173830144,validate,validate,0.87122610901697,reject,reject,0.9025070471406333,reject,reject,0.9456778732819844,reject,reject,0.7023795335041578,validate,validate,0.9420965085281712,reject,reject
cstr_test_00546_r0,1,0.8822547048302155,validate,validate,0.9951569712457922,reject,reject,0.9318185743920705,reject,reject,0.9449934226299394,reject,reject,0.9135525192332409,reject,reject,0.9776534174889308,reject,reject,0.9750608758304533,reject,reject,0.9717454691331439,reject,reject,0.9893423628095921,reject,reject,0.9956035578623669,reject,reject,0.9920545340332041,reject,reject
cstr_test_00550_r0,1,0.8004189039108743,validate,validate,0.9930839381358768,reject,reject,0.8224731044746837,validate,validate,0.8141946726668815,validate,validate,0.9190272192001766,reject,reject,0.7628638969148742,validate,validate,0.6968018015476963,validate,validate,0.7615596347374509,validate,validate,0.9808667682596142,reject,reject,0.9947259334659099,reject,reject,0.9653025988300812,reject,reject
cstr_test_00551_r0,0,0.8972273962943419,validate,validate,0.7189848460312684,validate,validate,0.7931167393091877,validate,validate,0.7812392838487168,validate,validate,0.5421080292340008,validate,validate,0.6937508446678377,validate,validate,0.8938930717066521,reject,reject,0.8625808266039867,validate,validate,0.5595216117480547,validate,validate,0.7739912089304403,reject,reject,0.6695218261194665,validate,validate
cstr_test_00552_r0,0,0.7191339607443337,validate,validate,0.45397345439450965,validate,validate,0.7675285245845951,validate,validate,0.7224623890773682,validate,validate,0.8458345105907045,validate,validate,0.5993821114923585,validate,validate,0.6342740856948649,validate,validate,0.6455170221634902,validate,validate,0.4767334783153655,validate,validate,0.5591470743476499,validate,validate,0.45685284788722436,validate,validate
cstr_test_00556_r0,1,0.8471754709689304,validate,validate,0.8444909366271328,reject,reject,0.8276639415340892,validate,validate,0.9220604828659089,reject,reject,0.8191216862019476,validate,validate,0.970862712720614,reject,reject,0.9715667000961987,reject,reject,0.9666525215073082,reject,reject,0.9403050377004657,reject,reject,0.8855436423424959,reject,reject,0.9562640211362475,reject,reject
cstr_test_00557_r0,1,0.8907824826340047,validate,validate,0.997843459869545,reject,reject,0.933780155708131,reject,reject,0.9500345318397564,reject,reject,0.9087980937349344,reject,reject,0.9194698548708928,reject,reject,0.888622897298605,reject,reject,0.9050113859045797,reject,reject,0.996798558385151,reject,reject,0.9989194683629794,reject,reject,0.9975067368285848,reject,reject
cstr_test_00558_r0,1,0.8544898740990314,validate,validate,0.995114229955212,reject,reject,0.9415048968539896,reject,reject,0.9775979382558916,reject,reject,0.9370387257750685,reject,reject,0.9817056076543862,reject,reject,0.9861745911189324,reject,reject,0.9840831204225958,reject,reject,0.9941951197029744,reject,reject,0.9951060136723123,reject,reject,0.9937559799327551,reject,reject
cstr_test_00560_r0,1,0.8691127428789474,validate,validate,0.6026881473082473,validate,validate,0.8844545120882349,reject,reject,0.9573975422730989,reject,reject,0.792642013995021,validate,validate,0.9975652913053225,reject,reject,0.9974108483206582,reject,reject,0.9980716133185045,reject,reject,0.9702213059419763,reject,reject,0.5463105494886393,validate,validate,0.9620287841121102,reject,reject
cstr_test_00562_r0,0,0.7875023699103625,validate,validate,0.7990682266045743,reject,reject,0.8443453093370228,validate,validate,0.46839675066178654,validate,validate,0.8025441064580586,validate,validate,0.5825452132603975,validate,validate,0.5601601875338634,validate,validate,0.5755653915358487,validate,validate,0.6898814406673474,validate,validate,0.8635887563423846,reject,reject,0.6281526994640211,validate,validate
cstr_test_00565_r0,1,0.8663782391803476,validate,validate,0.8468292090431109,reject,reject,0.8276777383444378,validate,validate,0.6161841410858071,validate,validate,0.821120154500964,validate,validate,0.7559863777523884,validate,validate,0.8375549909001094,validate,validate,0.8843985146547706,reject,reject,0.9802036907101052,reject,reject,0.9628155863262791,reject,reject,0.9592351478255683,reject,reject
cstr_test_00567_r0,1,0.868600610686351,validate,validate,0.9977125988017977,reject,reject,0.7894539289769941,validate,validate,0.7272277804797511,validate,validate,0.6119127031348581,validate,validate,0.6707423714048194,validate,validate,0.623130187456199,validate,validate,0.5936242845698816,validate,validate,0.983086925630727,reject,reject,0.9950785885011311,reject,reject,0.986465700815484,reject,reject
cstr_test_00568_r0,0,0.7850131405855871,validate,validate,0.636463818772149,validate,validate,0.7774684400775868,validate,validate,0.81869101713854,validate,validate,0.8073608083029334,validate,validate,0.8687308939902717,reject,reject,0.8893146086765018,reject,reject,0.9137709941014576,reject,reject,0.6306874914590762,validate,validate,0.6034012597286474,validate,validate,0.5155058845196966,validate,validate
cstr_test_00569_r0,0,0.747295818239297,validate,validate,0.0007946353671300275,validate,validate,0.8142807219897463,validate,validate,0.6953664106565,validate,validate,0.5523176989477535,validate,validate,0.6356243160441521,validate,validate,0.7026165287109208,validate,validate,0.7075496139060726,validate,validate,0.0027126699537272955,validate,validate,0.0011146470986929528,validate,validate,0.0036854811535991516,validate,validate
cstr_test_00573_r0,1,0.8424095175171926,validate,validate,0.9862032005999825,reject,reject,0.8838967744924975,reject,reject,0.7699079355589005,validate,validate,0.7825278342389501,validate,validate,0.7885258308906579,validate,validate,0.898479422616146,reject,reject,0.8934895731282463,reject,reject,0.9563333134632941,reject,reject,0.9510762019397317,reject,reject,0.9555066988567784,reject,reject
cstr_test_00574_r0,1,0.8783251475308406,validate,validate,0.9950100557675021,reject,reject,0.9224755241041264,reject,reject,0.9784254472120105,reject,reject,0.9473601779959676,reject,reject,0.9857578111567006,reject,reject,0.9902301082515207,reject,reject,0.9918716721201194,reject,reject,0.9949256165497496,reject,reject,0.9958151724176695,reject,reject,0.9937687610199005,reject,reject
cstr_test_00577_r0,1,0.8720563186531518,validate,validate,0.993094585184914,reject,reject,0.9131040939603432,reject,reject,0.9689967936539013,reject,reject,0.8754384357642732,validate,validate,0.9949599188230023,reject,reject,0.9949124879353268,reject,reject,0.9943421108700924,reject,reject,0.9992519702083558,reject,reject,0.9937231906094484,reject,reject,0.9989119318396277,reject,reject
cstr_test_00580_r0,1,0.8033800569278624,validate,validate,0.29639907174513774,validate,validate,0.7151611682546846,validate,validate,0.6504747477279369,validate,validate,0.6759801347872224,validate,validate,0.6586719482718351,validate,validate,0.4724928522763579,validate,validate,0.5088681602470122,validate,validate,0.1899281548798613,validate,validate,0.40906343889581004,validate,validate,0.2381537584517114,validate,validate
cstr_test_00582_r0,1,0.8855991545184103,validate,validate,0.9837681520778135,reject,reject,0.943583940932872,reject,reject,0.9523542842885055,reject,reject,0.9469716608978997,reject,reject,0.9827306673436922,reject,reject,0.9796278632312938,reject,reject,0.9864348480467185,reject,reject,0.9857388824097382,reject,reject,0.9918349401596229,reject,reject,0.98611301257317,reject,reject
cstr_test_00583_r0,1,0.7208196351144194,validate,validate,0.9904197172670987,reject,reject,0.8243588749534219,validate,validate,0.8470765066579956,validate,validate,0.8446299731342394,validate,validate,0.8611724392730828,validate,validate,0.9168512818451771,reject,reject,0.9029493330133009,reject,reject,0.9827498349201855,reject,reject,0.9791127543451845,reject,reject,0.986798298844605,reject,reject
cstr_test_00585_r0,1,0.9180240722234091,reject,reject,0.9934178185903654,reject,reject,0.7608505960465755,validate,validate,0.732927241501184,validate,validate,0.6514200463012016,validate,validate,0.6416086202497804,validate,validate,0.7743350223618883,validate,validate,0.7508507245487702,validate,validate,0.9396143007881127,reject,reject,0.9635283575859058,reject,reject,0.9567048944777858,reject,reject
cstr_test_00586_r0,1,0.8166564731089047,validate,validate,0.8379184543281372,reject,reject,0.8184564302660097,validate,validate,0.8666092769964766,reject,reject,0.8370104622144123,validate,validate,0.7167347917139957,validate,validate,0.6940843124320019,validate,validate,0.629083431241173,validate,validate,0.7849615295910731,reject,reject,0.8148997192764826,reject,reject,0.8169654502618172,reject,reject
cstr_test_00588_r0,0,0.8780000242155724,validate,validate,0.6746360603559997,validate,validate,0.8073569372703844,validate,validate,0.6122857369815342,validate,validate,0.8487440467534924,validate,validate,0.6630809105324682,validate,validate,0.6291626212012276,validate,validate,0.6758858250892403,validate,validate,0.18892624802553534,validate,validate,0.5654343066612497,validate,validate,0.1969775360150778,validate,validate
cstr_test_00589_r0,1,0.8651331683379334,validate,validate,0.9915012136302623,reject,reject,0.7440707254719228,validate,validate,0.8645991170972874,validate,validate,0.6911775948259704,validate,validate,0.6805388633699126,validate,validate,0.6984131213984169,validate,validate,0.7286997306774537,validate,validate,0.9810228665199556,reject,reject,0.9971185452854655,reject,reject,0.9711043317337145,reject,reject
cstr_test_00595_r0,1,0.781158127676416,validate,validate,0.8441001882073592,reject,reject,0.7888030475810923,validate,validate,0.8340697634453494,validate,validate,0.7802478143427004,validate,validate,0.8217137202677899,validate,validate,0.7794179545102153,validate,validate,0.7932224575215835,validate,validate,0.8310306452798164,reject,reject,0.8770094066433581,reject,reject,0.8193867075283049,reject,reject
cstr_test_00591_r0,1,0.6717283630350572,validate,validate,0.5056945450230355,validate,validate,0.8144307038246825,validate,validate,0.7041466150044499,validate,validate,0.7949405712326011,validate,validate,0.5301168068746188,validate,validate,0.524353389285921,validate,validate,0.4691768527838207,validate,validate,0.553866370211826,validate,validate,0.5460884831642092,validate,validate,0.6004229403007658,validate,validate
cstr_test_00596_r0,1,0.8912507297707303,validate,validate,0.9851195839333512,reject,reject,0.9182267092064788,reject,reject,0.9632089751798575,reject,reject,0.9388392101785097,reject,reject,0.9902916401658531,reject,reject,0.989737566243515,reject,reject,0.9893577722915603,reject,reject,0.9947862060744234,reject,reject,0.9915137021930758,reject,reject,0.9951475195186178,reject,reject
cstr_test_00600_r0,1,0.8382147026859804,validate,validate,0.8491892664546953,reject,reject,0.8108447299759662,validate,validate,0.904148992935064,reject,reject,0.8250266214917675,validate,validate,0.9684140642642277,reject,reject,0.9632933917291254,reject,reject,0.9668938517124803,reject,reject,0.9462907917470805,reject,reject,0.8836386615914282,reject,reject,0.945024934647503,reject,reject
cstr_test_00601_r0,1,0.8871830137038511,validate,validate,0.9890216865155249,reject,reject,0.7934524270510457,validate,validate,0.6534475626276373,validate,validate,0.7121225161643324,validate,validate,0.7158099910065419,validate,validate,0.7268900654267628,validate,validate,0.7246366339452928,validate,validate,0.9730514026084482,reject,reject,0.9803716073785568,reject,reject,0.9736149319911246,reject,reject
cstr_test_00602_r0,1,0.7275001689437436,validate,validate,0.887277588934802,reject,reject,0.8319877487246667,validate,validate,0.7053687712557062,validate,validate,0.8644571438751234,validate,validate,0.7315647477619848,validate,validate,0.8380574362931877,validate,validate,0.8815012237778369,reject,reject,0.8501113378508116,reject,reject,0.8357545804441767,reject,reject,0.8449590840026456,reject,reject
cstr_test_00605_r0,1,0.8630392456503182,validate,validate,0.9887497582067138,reject,reject,0.9166831533827446,reject,reject,0.9576896498429847,reject,reject,0.9468629060052308,reject,reject,0.9873280260738462,reject,reject,0.9738028341949664,reject,reject,0.9691382014309456,reject,reject,0.9901033751805846,reject,reject,0.9951411720187953,reject,reject,0.9937704521876293,reject,reject
cstr_test_00607_r0,0,0.93569039433327,reject,reject,0.9964046465396309,reject,reject,0.9018088658850558,reject,reject,0.95079915349693,reject,reject,0.8237480407997939,validate,validate,0.9523989317699375,reject,reject,0.8508944096681528,validate,validate,0.844638618778166,validate,validate,0.9548107050724941,reject,reject,0.9905726398242023,reject,reject,0.9833038668904949,reject,reject
cstr_test_00610_r0,1,0.8527776964929474,validate,validate,0.4692763761704095,validate,validate,0.8249863919468985,validate,validate,0.8063107574035601,validate,validate,0.8998954881075074,reject,reject,0.8801465725607647,reject,reject,0.958558311993748,reject,reject,0.9660220548486605,reject,reject,0.9836762972632379,reject,reject,0.8172088501253408,reject,reject,0.9588752447382433,reject,reject
cstr_test_00611_r0,1,0.8748269473484741,validate,validate,0.9915257457488539,reject,reject,0.9343337683838702,reject,reject,0.8990435039539031,reject,reject,0.910758597911883,reject,reject,0.8250881420877807,validate,validate,0.8683971253142064,reject,reject,0.8913406223389393,reject,reject,0.9766845361359333,reject,reject,0.9953897827017255,reject,reject,0.9544219396563105,reject,reject
cstr_test_00612_r0,1,0.865483046347691,validate,validate,0.6973868760363007,validate,validate,0.798216076398845,validate,validate,0.8474659579870494,validate,validate,0.8933999482039807,reject,reject,0.7029213122375135,validate,validate,0.8208127772140281,validate,validate,0.8179757215442206,validate,validate,0.754257806877781,validate,validate,0.8040530913657014,reject,reject,0.7280999684294326,validate,validate
cstr_test_00615_r0,1,0.9204534048909158,reject,reject,0.8751723254887493,reject,reject,0.7724511173075331,validate,validate,0.8850208709624794,reject,reject,0.4413484677333272,validate,validate,0.9373289407619624,reject,reject,0.8949719509491328,reject,reject,0.9110309827488792,reject,reject,0.9830428561514066,reject,reject,0.9746115556529221,reject,reject,0.9487827486135963,reject,reject
cstr_test_00617_r0,1,0.8244601700147258,validate,validate,0.9044163366304874,reject,reject,0.7862274116544012,validate,validate,0.7077848893107538,validate,validate,0.7263917379216865,validate,validate,0.6463853160167807,validate,validate,0.6663860383078005,validate,validate,0.655468008998456,validate,validate,0.8264315060973032,reject,reject,0.9043216520072778,reject,reject,0.8199479057132698,reject,reject
cstr_test_00619_r0,1,0.851584216953063,validate,validate,0.9815799832229509,reject,reject,0.7069950601309316,validate,validate,0.7359421781006867,validate,validate,0.7602570793975092,validate,validate,0.8253715248088653,validate,validate,0.7716882978820527,validate,validate,0.749279746870283,validate,validate,0.8321623121582868,reject,reject,0.9665822269990628,reject,reject,0.816470925311702,reject,reject
cstr_test_00620_r0,1,0.8556718686203859,validate,validate,0.9935913456049892,reject,reject,0.9317803608329394,reject,reject,0.9523024313492815,reject,reject,0.9296707695607979,reject,reject,0.9847909934517471,reject,reject,0.9797170098445744,reject,reject,0.978790268576208,reject,reject,0.9903099478201963,reject,reject,0.9954568212920449,reject,reject,0.9910196708219168,reject,reject
cstr_test_00623_r0,1,0.7518233791248751,validate,validate,0.8858430484865889,reject,reject,0.7942891916220156,validate,validate,0.876940419713617,reject,reject,0.7735346477174267,validate,validate,0.8050056475436308,validate,validate,0.8335712590072489,validate,validate,0.8209229115963421,validate,validate,0.8979881998819196,reject,reject,0.8897509194134765,reject,reject,0.9012953558777674,reject,reject
cstr_test_00624_r0,1,0.9374918183017972,reject,reject,0.9738601567990726,reject,reject,0.8462165500847237,validate,validate,0.8454358681338868,validate,validate,0.8170947004735591,validate,validate,0.8409644959205349,validate,validate,0.8444451170535361,validate,validate,0.8499626244554072,validate,validate,0.907066473097821,reject,reject,0.9433254025548823,reject,reject,0.9149715045340104,reject,reject
cstr_test_00625_r0,1,0.8935348668146753,validate,validate,0.9951072738589515,reject,reject,0.8760558438909307,reject,reject,0.8449872216668529,validate,validate,0.930979205367623,reject,reject,0.841506124142822,validate,validate,0.8782023847092486,reject,reject,0.8824422374994111,reject,reject,0.9804339426505965,reject,reject,0.9785233298269386,reject,reject,0.9643111839795906,reject,reject
cstr_test_00627_r0,1,0.8527450231419692,validate,validate,0.4897363570536587,validate,validate,0.8263070406291906,validate,validate,0.8479381812069295,validate,validate,0.9309601516379147,reject,reject,0.8819591503501374,reject,reject,0.9523213344694988,reject,reject,0.9657658642812488,reject,reject,0.9940621594422859,reject,reject,0.904541419104809,reject,reject,0.9814456950623603,reject,reject
cstr_test_00631_r0,1,0.863478181645097,validate,validate,0.9934092444491568,reject,reject,0.9309803901167839,reject,reject,0.9631489574766453,reject,reject,0.9401021598776924,reject,reject,0.9890361945575175,reject,reject,0.9889830290825766,reject,reject,0.988175336889185,reject,reject,0.9976472876880369,reject,reject,0.996018616954721,reject,reject,0.998110259245528,reject,reject
cstr_test_00635_r0,1,0.8613914371241552,validate,validate,0.8655750187552731,reject,reject,0.8348936102057005,validate,validate,0.9133010033033634,reject,reject,0.802007478068779,validate,validate,0.9755025139084755,reject,reject,0.9808812742826114,reject,reject,0.9832332046627953,reject,reject,0.9536913422991364,reject,reject,0.8943162066665274,reject,reject,0.9582235112541957,reject,reject
cstr_test_00633_r0,1,0.7575714505399399,validate,validate,0.8336338889006506,reject,reject,0.8008715785374684,validate,validate,0.5937584573061624,validate,validate,0.7935230948932991,validate,validate,0.5564677330025709,validate,validate,0.5416724334273306,validate,validate,0.539266044728008,validate,validate,0.7923066744976341,reject,reject,0.8123113202606386,reject,reject,0.8149800919607716,reject,reject
cstr_test_00637_r0,0,0.8581831804355325,validate,validate,0.5672555912793752,validate,validate,0.7903287220156917,validate,validate,0.7289635639775046,validate,validate,0.8891092189806784,reject,reject,0.6087179384580435,validate,validate,0.6623035832765477,validate,validate,0.6704232755995182,validate,validate,0.5797368292427372,validate,validate,0.5734754398380755,validate,validate,0.563876406192531,validate,validate
cstr_test_00638_r0,1,0.8891208275160845,validate,validate,0.9930348169957887,reject,reject,0.9222284065441441,reject,reject,0.9489145079925038,reject,reject,0.9129087114389587,reject,reject,0.9844456311204304,reject,reject,0.9839679981836184,reject,reject,0.9824385593732516,reject,reject,0.993171323844426,reject,reject,0.9948302418535129,reject,reject,0.9945376251487398,reject,reject
cstr_test_00639_r0,1,0.8676684277860868,validate,validate,0.9949397209348215,reject,reject,0.7959697682867101,validate,validate,0.7383235679301466,validate,validate,0.7960341116655352,validate,validate,0.707607759294036,validate,validate,0.7363870405966098,validate,validate,0.7346394242145567,validate,validate,0.9895589802371701,reject,reject,0.9967751979524478,reject,reject,0.985321313993705,reject,reject
cstr_test_00645_r0,1,0.8454314677245638,validate,validate,0.9128372527682492,reject,reject,0.7750546718529627,validate,validate,0.7971321794776978,validate,validate,0.8161903130734861,validate,validate,0.9874182959596743,reject,reject,0.9083735819185966,reject,reject,0.9284364669260304,reject,reject,0.8910746609152354,reject,reject,0.8272505891523307,reject,reject,0.8814288958074837,reject,reject
cstr_test_00646_r0,0,0.7433505290688109,validate,validate,0.6836581188165252,validate,validate,0.7528096235760378,validate,validate,0.782225072459122,validate,validate,0.8903238554320662,reject,reject,0.8156916681513577,validate,validate,0.807768293602482,validate,validate,0.8409120043702702,validate,validate,0.8213778361600217,reject,reject,0.771949992768767,reject,reject,0.7678170669004246,validate,validate
cstr_test_00651_r0,1,0.8304418242601596,validate,validate,0.846969061628813,reject,reject,0.7983088183099516,validate,validate,0.8795040917135996,reject,reject,0.850823200648308,validate,validate,0.7909027601116575,validate,validate,0.751698901057051,validate,validate,0.7367767960012194,validate,validate,0.8029476589925061,reject,reject,0.8447226463759577,reject,reject,0.8393960248123498,reject,reject
cstr_test_00652_r0,0,0.8198092071948585,validate,validate,0.558770878961805,validate,validate,0.8846295716023641,reject,reject,0.872849665176214,reject,reject,0.7043667485452405,validate,validate,0.7085939801472544,validate,validate,0.6901705705296689,validate,validate,0.6215721104835974,validate,validate,0.5533038407526715,validate,validate,0.2849392798417455,validate,validate,0.6092395372967805,validate,validate
cstr_test_00655_r0,1,0.8775387873714926,validate,validate,0.9968391245772937,reject,reject,0.9656393429009171,reject,reject,0.9514161965476992,reject,reject,0.9372329223424141,reject,reject,0.9784968151844149,reject,reject,0.9886923893281157,reject,reject,0.9912362213446984,reject,reject,0.9979699872787865,reject,reject,0.9981981311676585,reject,reject,0.9981813288770609,reject,reject
cstr_test_00656_r0,1,0.6873595903820453,validate,validate,0.8448455589325816,reject,reject,0.8088372210271306,validate,validate,0.8682730886191561,reject,reject,0.8335603971849551,validate,validate,0.8269452485938742,validate,validate,0.8733024344903011,reject,reject,0.8624014547858265,validate,validate,0.8468404278835607,reject,reject,0.9078149687199814,reject,reject,0.839034970019714,reject,reject
cstr_test_00658_r0,1,0.7436418378568306,validate,validate,0.7377290579916009,validate,validate,0.7824314528623479,validate,validate,0.6425340805739689,validate,validate,0.8234059573426036,validate,validate,0.5990315085281532,validate,validate,0.6665603929723092,validate,validate,0.6790860806593164,validate,validate,0.7752190842559584,reject,reject,0.7817290321855771,reject,reject,0.7663126140760329,validate,validate
cstr_test_00660_r0,1,0.8207532338524536,validate,validate,0.963216324776665,reject,reject,0.9168990546516058,reject,reject,0.9512322549057,reject,reject,0.9232859624483555,reject,reject,0.9888306444276379,reject,reject,0.9803130513515068,reject,reject,0.976806835848227,reject,reject,0.9858630938466261,reject,reject,0.9834486525151664,reject,reject,0.9914676257857581,reject,reject
cstr_test_00661_r0,1,0.9075913112226233,validate,validate,0.9939527232122045,reject,reject,0.9433845225065033,reject,reject,0.9440930528210745,reject,reject,0.9654893473149242,reject,reject,0.9908926543938573,reject,reject,0.9930754490544126,reject,reject,0.9966177458693273,reject,reject,0.9991168399642222,reject,reject,0.9980252312865172,reject,reject,0.9976164115005121,reject,reject
cstr_test_00666_r0,1,0.863018794532997,validate,validate,0.9839767959463085,reject,reject,0.7639224921893665,validate,validate,0.925329608039928,reject,reject,0.860646013006394,validate,validate,0.931670585705915,reject,reject,0.9633198287052335,reject,reject,0.9599512303146317,reject,reject,0.9901429961987191,reject,reject,0.9870860897210972,reject,reject,0.9922852671188428,reject,reject
cstr_test_00667_r0,1,0.9122550468818531,validate,validate,0.9989722798926015,reject,reject,0.9270316273583423,reject,reject,0.9246879675309277,reject,reject,0.8989897038974622,reject,reject,0.9429578355236202,reject,reject,0.9015487400475917,reject,reject,0.9148444623440931,reject,reject,0.9974124163795254,reject,reject,0.9993873685290067,reject,reject,0.9973054199130117,reject,reject
cstr_test_00668_r0,1,0.8136674904671041,validate,validate,0.9939138651978354,reject,reject,0.9097163542734888,reject,reject,0.8845634500218605,reject,reject,0.7311365124571616,validate,validate,0.9398560708355298,reject,reject,0.9619212587862288,reject,reject,0.9466944559607947,reject,reject,0.9988150254633035,reject,reject,0.995367590719259,reject,reject,0.9992946023196475,reject,reject
cstr_test_00671_r0,0,0.6835233875490185,validate,validate,0.29864890062168,validate,validate,0.8026635272573759,validate,validate,0.7059402283158299,validate,validate,0.8769195412089513,validate,validate,0.62488041906853,validate,validate,0.5950195585738106,validate,validate,0.6440273801255674,validate,validate,0.3751091848361482,validate,validate,0.4663873055508426,validate,validate,0.3093453302379886,validate,validate
cstr_test_00672_r0,1,0.8950163525062783,validate,validate,0.997117664691795,reject,reject,0.9119507061944122,reject,reject,0.9487811572091603,reject,reject,0.9365663443323926,reject,reject,0.9661821644672458,reject,reject,0.953930776058727,reject,reject,0.9621637724559549,reject,reject,0.9383853697716886,reject,reject,0.9869796228135136,reject,reject,0.9259914643255929,reject,reject
cstr_test_00676_r0,0,0.8627029431282093,validate,validate,0.6985089017397071,validate,validate,0.8526336868711895,validate,validate,0.7131753006585454,validate,validate,0.4294187281444183,validate,validate,0.6963914600876983,validate,validate,0.5603185828060286,validate,validate,0.5254395545379333,validate,validate,0.37578764071818954,validate,validate,0.28566694362573186,validate,validate,0.38088463100485637,validate,validate
cstr_test_00677_r0,1,0.8930401736119332,validate,validate,0.9890090275276546,reject,reject,0.9020568464407626,reject,reject,0.953716287435196,reject,reject,0.9530333820104481,reject,reject,0.9962317764779746,reject,reject,0.9953317069923622,reject,reject,0.9948554517022768,reject,reject,0.9959789964679066,reject,reject,0.9967549165591113,reject,reject,0.9963773944413455,reject,reject
cstr_test_00678_r0,1,0.8583549605169075,validate,validate,0.9355811160048987,reject,reject,0.7991781110951763,validate,validate,0.773085638679042,validate,validate,0.7764173657921004,validate,validate,0.7357264224387431,validate,validate,0.6965948192109508,validate,validate,0.6684517548221136,validate,validate,0.8075763833258449,reject,reject,0.8005952174234603,reject,reject,0.7986406915475642,reject,reject
cstr_test_00679_r0,1,0.7261940493543698,validate,validate,0.5144621652662968,validate,validate,0.7679906553425998,validate,validate,0.706295982870907,validate,validate,0.9048489140119514,reject,reject,0.5417598282282811,validate,validate,0.5143497708034005,validate,validate,0.563069990471611,validate,validate,0.5351214253970702,validate,validate,0.7416230477917308,validate,validate,0.4678676798208342,validate,validate
cstr_test_00682_r0,1,0.8490599734754539,validate,validate,0.8787319734613623,reject,reject,0.8551021815234652,validate,validate,0.9638466072976662,reject,reject,0.8325361456314009,validate,validate,0.899880940917756,reject,reject,0.9350869147680241,reject,reject,0.9364404907538794,reject,reject,0.8919228860993885,reject,reject,0.8864619550855153,reject,reject,0.9039096965237738,reject,reject
cstr_test_00685_r0,1,0.885983480088572,validate,validate,0.9239197574876394,reject,reject,0.8981462114542036,reject,reject,0.9505758817716863,reject,reject,0.9290831823695448,reject,reject,0.9892228923042046,reject,reject,0.9879575811239096,reject,reject,0.9890877343853475,reject,reject,0.9437437332948377,reject,reject,0.9291589004668506,reject,reject,0.9578401289780409,reject,reject
cstr_test_00686_r0,1,0.7370975854531061,validate,validate,0.7069811550845798,validate,validate,0.7787161964604391,validate,validate,0.7589344554807426,validate,validate,0.6945745355935522,validate,validate,0.8265301582281923,validate,validate,0.8153747662489753,validate,validate,0.8172770334115164,validate,validate,0.7647044894526555,validate,validate,0.5968154393585762,validate,validate,0.7680493707251697,validate,validate
cstr_test_00689_r0,1,0.8833855381241288,validate,validate,0.9992427151935873,reject,reject,0.8722193546080141,reject,reject,0.9273656625342515,reject,reject,0.8943589127363024,reject,reject,0.9894206348713003,reject,reject,0.9850852709945178,reject,reject,0.9847000183528075,reject,reject,0.999727517268877,reject,reject,0.9992022548602936,reject,reject,0.9998058379222706,reject,reject
cstr_test_00691_r0,1,0.794304620482776,validate,validate,0.942119099225889,reject,reject,0.83309268704842,validate,validate,0.7733698993809737,validate,validate,0.8582977803511169,validate,validate,0.6581031524984552,validate,validate,0.6757578282509913,validate,validate,0.6529240746814827,validate,validate,0.8924831519703954,reject,reject,0.877987646969267,reject,reject,0.8560748673198052,reject,reject
cstr_test_00693_r0,0,0.8259585447085347,validate,validate,0.8512349560730136,reject,reject,0.8565125116099906,validate,validate,0.5901382318568367,validate,validate,0.9370335796294603,reject,reject,0.7856840829421483,validate,validate,0.5689527962286036,validate,validate,0.5487299138512639,validate,validate,0.6213432462887953,validate,validate,0.865670387560418,reject,reject,0.6141483524519434,validate,validate
cstr_test_00694_r0,1,0.8597691131176574,validate,validate,0.2496530143490158,validate,validate,0.8363144384887622,validate,validate,0.8114286597143914,validate,validate,0.738379082076363,validate,validate,0.7630100814377337,validate,validate,0.8819285713486092,reject,reject,0.8356631573049147,validate,validate,0.3862786359358441,validate,validate,0.3809343832778822,validate,validate,0.4306223370130077,validate,validate
cstr_test_00698_r0,1,0.7798991213065682,validate,validate,0.8314878257524497,reject,reject,0.8428977500716203,validate,validate,0.8788981767871465,reject,reject,0.830504329494103,validate,validate,0.8936872023981747,reject,reject,0.9665339430710337,reject,reject,0.9649515665234876,reject,reject,0.9785421573009002,reject,reject,0.7669377761767842,reject,reject,0.9791900926340584,reject,reject
cstr_test_00699_r0,1,0.8667568092055278,validate,validate,0.9427895908681799,reject,reject,0.8625840063959943,reject,reject,0.8492738672903426,validate,validate,0.9393626095495073,reject,reject,0.9143675168745207,reject,reject,0.9716661016903527,reject,reject,0.9815076201652545,reject,reject,0.9995599801661268,reject,reject,0.9943404509689363,reject,reject,0.9985434393745702,reject,reject
cstr_test_00701_r0,1,0.8835472992061257,validate,validate,0.9025529880532992,reject,reject,0.7998563793780156,validate,validate,0.9428614826926321,reject,reject,0.8056239967001697,validate,validate,0.954542907934789,reject,reject,0.9353286223198686,reject,reject,0.9407848239136215,reject,reject,0.9205793398944488,reject,reject,0.9212323224151795,reject,reject,0.9276295324440365,reject,reject
cstr_test_00702_r0,0,0.8866290861644319,validate,validate,0.5417302568272868,validate,validate,0.6872087190788162,validate,validate,0.6076867525834735,validate,validate,0.819957410563589,validate,validate,0.5922824785790867,validate,validate,0.36292100496065627,validate,validate,0.41334540115443,validate,validate,0.3550055401713983,validate,validate,0.6422524158384644,validate,validate,0.2544961162314064,validate,validate
cstr_test_00704_r0,1,0.834211321918634,validate,validate,0.9915903881105721,reject,reject,0.9331158497110915,reject,reject,0.9646785928460513,reject,reject,0.9434873534794808,reject,reject,0.9879665126926255,reject,reject,0.9860204709381898,reject,reject,0.9821250539957916,reject,reject,0.9969265144620056,reject,reject,0.9966319474561318,reject,reject,0.9978413907204776,reject,reject
cstr_test_00706_r0,1,0.8895631897414538,validate,validate,0.9930643465608753,reject,reject,0.9086199879002135,reject,reject,0.9672256076767639,reject,reject,0.9378325226855275,reject,reject,0.9915376101882586,reject,reject,0.9917450446527554,reject,reject,0.9925929296675013,reject,reject,0.9979836528989059,reject,reject,0.9964374859979028,reject,reject,0.9977354413627522,reject,reject
cstr_test_00709_r0,0,0.6930885467483865,validate,validate,0.42086012210106427,validate,validate,0.8294306969274085,validate,validate,0.6703396311193134,validate,validate,0.8312122102262867,validate,validate,0.46865001333243494,validate,validate,0.5234316062733743,validate,validate,0.5340299975728982,validate,validate,0.36217163058398477,validate,validate,0.47882007331687226,validate,validate,0.3514929008072287,validate,validate
cstr_test_00710_r0,1,0.878798123015264,validate,validate,0.9962779861985901,reject,reject,0.7941312722657049,validate,validate,0.701523241682919,validate,validate,0.7591073356707653,validate,validate,0.7115249670904009,validate,validate,0.7711083096269428,validate,validate,0.7211815418070359,validate,validate,0.9779655647374695,reject,reject,0.9961886252422301,reject,reject,0.9863919860520938,reject,reject
cstr_test_00712_r0,1,0.8992239424860231,validate,validate,0.9962785281285761,reject,reject,0.8090624186268894,validate,validate,0.7512806883283066,validate,validate,0.7240195593028318,validate,validate,0.8889169162047088,reject,reject,0.8919055669910528,reject,reject,0.9103445529068988,reject,reject,0.9977854421454346,reject,reject,0.9950041275948421,reject,reject,0.9966512494428597,reject,reject
cstr_test_00715_r0,0,0.8342375651930326,validate,validate,0.6211045645088017,validate,validate,0.8989856267402522,reject,reject,0.7494145241952747,validate,validate,0.8727076510641338,validate,validate,0.8185970220648101,validate,validate,0.7755202832615256,validate,validate,0.7134941330639625,validate,validate,0.7208385762105818,validate,validate,0.6923882464762826,validate,validate,0.7646849419974765,validate,validate
cstr_test_00716_r0,1,0.7413767679889649,validate,validate,0.7744050696135827,reject,reject,0.8054099095681679,validate,validate,0.8208074153076831,validate,validate,0.7745512196492699,validate,validate,0.8180784696254809,validate,validate,0.7947831497071312,validate,validate,0.7959511001991384,validate,validate,0.7511291013321264,validate,validate,0.8306714651348427,reject,reject,0.7462470728605588,validate,validate
cstr_test_00719_r0,1,0.8984968446449132,validate,validate,0.9984756010362615,reject,reject,0.9195196590913621,reject,reject,0.9355436142230115,reject,reject,0.9474732127704879,reject,reject,0.9512593551579772,reject,reject,0.9739119183600532,reject,reject,0.9755513152258378,reject,reject,0.9944001275236214,reject,reject,0.9993121035796114,reject,reject,0.9953125013364458,reject,reject
cstr_test_00720_r0,0,0.8103417081626906,validate,validate,0.55605108416388,validate,validate,0.8745724159203971,reject,reject,0.8023146588031166,validate,validate,0.9029541798717418,reject,reject,0.7313426524045011,validate,validate,0.7377221703585911,validate,validate,0.6965815976267591,validate,validate,0.46725172402388027,validate,validate,0.4920972331018155,validate,validate,0.45900129744317203,validate,validate
cstr_test_00722_r0,1,0.8227280045282216,validate,validate,0.9944851651264808,reject,reject,0.7360245165275294,validate,validate,0.7655978963016244,validate,validate,0.6752715279565321,validate,validate,0.6326642278765017,validate,validate,0.2717983175701353,validate,validate,0.3137280192775864,validate,validate,0.9659759928878514,reject,reject,0.9972316425465816,reject,reject,0.9448576373122795,reject,reject
cstr_test_00724_r0,1,0.7962990155361893,validate,validate,0.983238525549456,reject,reject,0.8917733997611375,reject,reject,0.9729771799267537,reject,reject,0.9371649452188773,reject,reject,0.9832173301580034,reject,reject,0.9850279154400399,reject,reject,0.9819836789496825,reject,reject,0.9873583851662077,reject,reject,0.9900985029031049,reject,reject,0.9841739831742229,reject,reject
cstr_test_00727_r0,1,0.9291840514901308,reject,reject,0.9471750046920254,reject,reject,0.7532570237354939,validate,validate,0.9649828652549649,reject,reject,0.9366682575867215,reject,reject,0.9867031256448467,reject,reject,0.9813552454371963,reject,reject,0.9912709559483899,reject,reject,0.9879514168661379,reject,reject,0.9768461747573753,reject,reject,0.9675344844124315,reject,reject
cstr_test_00729_r0,1,0.914601019703796,validate,validate,0.8515318946316892,reject,reject,0.7984896593120382,validate,validate,0.5058486589536418,validate,validate,0.5412859513290957,validate,validate,0.7221164064361039,validate,validate,0.654753201597715,validate,validate,0.6709083711756878,validate,validate,0.6626206482452311,validate,validate,0.8325559093727675,reject,reject,0.6270899800388645,validate,validate
cstr_test_00732_r0,1,0.712318435913099,validate,validate,0.9062162203054517,reject,reject,0.7727899986514222,validate,validate,0.8025951813517938,validate,validate,0.7665377809585687,validate,validate,0.9287376165885611,reject,reject,0.9348890097934001,reject,reject,0.9369543303213276,reject,reject,0.9361925848891818,reject,reject,0.918030875220201,reject,reject,0.944106964676964,reject,reject
cstr_test_00734_r0,1,0.7246419891781162,validate,validate,0.768300100619654,validate,validate,0.7918107806007577,validate,validate,0.8473578433713712,validate,validate,0.7180380621825772,validate,validate,0.8611561618088442,validate,validate,0.8547691849581827,validate,validate,0.8543092877183579,validate,validate,0.8295439234877973,reject,reject,0.7902609018847436,reject,reject,0.8487352524644519,reject,reject
cstr_test_00735_r0,1,0.8715605149820925,validate,validate,0.9774293125761458,reject,reject,0.9080636190680978,reject,reject,0.901888987712673,reject,reject,0.9500599546955018,reject,reject,0.9806862852985362,reject,reject,0.9735999254228884,reject,reject,0.9848631965526692,reject,reject,0.999727517268877,reject,reject,0.9971375321718841,reject,reject,0.9995641757952797,reject,reject
cstr_test_00738_r0,1,0.7209512019577349,validate,validate,0.7484529495082751,validate,validate,0.7698966929434694,validate,validate,0.8457163831289825,validate,validate,0.7862812836777323,validate,validate,0.8565634490589407,validate,validate,0.8492196729291002,validate,validate,0.8522699936907641,validate,validate,0.7963246245442576,reject,reject,0.7973743349125114,reject,reject,0.7792457988330831,validate,validate
cstr_test_00740_r0,1,0.9044613870518572,validate,validate,0.9936381552093593,reject,reject,0.917553537511909,reject,reject,0.9513744209367196,reject,reject,0.9266364383308664,reject,reject,0.9752991139194301,reject,reject,0.9786579271516516,reject,reject,0.9799775102968246,reject,reject,0.9885325097662954,reject,reject,0.9951734628874994,reject,reject,0.990741278039065,reject,reject
cstr_test_00742_r0,0,0.8083083969317829,validate,validate,0.5508228561478645,validate,validate,0.7515515367137925,validate,validate,0.883486008019767,reject,reject,0.43504030127571963,validate,validate,0.8317659569168007,validate,validate,0.857243187220442,validate,validate,0.8343525130813663,validate,validate,0.6979007728377603,validate,validate,0.35056147980151003,validate,validate,0.7196901794296997,validate,validate
cstr_test_00744_r0,0,0.8882820507494718,validate,validate,0.5789714042186027,validate,validate,0.8194569127376599,validate,validate,0.8193909954824405,validate,validate,0.869421495177016,validate,validate,0.8227436488285423,validate,validate,0.8249522617377953,validate,validate,0.7935981401040241,validate,validate,0.7435125851600656,validate,validate,0.6288268981111076,validate,validate,0.8086305999584151,reject,reject
cstr_test_00745_r0,1,0.7297244178305954,validate,validate,0.5555782369235737,validate,validate,0.7886048529871209,validate,validate,0.9092829015684126,reject,reject,0.8654864833023502,validate,validate,0.8094368706656074,validate,validate,0.8971566862299076,reject,reject,0.9107394881528786,reject,reject,0.8394818137313499,reject,reject,0.6203752596528402,validate,validate,0.829589082139387,reject,reject
cstr_test_00749_r0,0,0.7733840337304615,validate,validate,0.7832088184865762,reject,reject,0.832885303041433,validate,validate,0.6559752086164993,validate,validate,0.7772294853692338,validate,validate,0.5512397901590584,validate,validate,0.5941568318034437,validate,validate,0.5999142654971715,validate,validate,0.7021212861535319,validate,validate,0.7323986240390332,validate,validate,0.7035333484702033,validate,validate
cstr_test_00751_r0,1,0.8465881565668432,validate,validate,0.984075172538859,reject,reject,0.8941343395514322,reject,reject,0.9642825616761731,reject,reject,0.9476641686142967,reject,reject,0.987853672276485,reject,reject,0.9849284531025024,reject,reject,0.9802834744607574,reject,reject,0.9964350234784651,reject,reject,0.9956645084828949,reject,reject,0.9974266282968521,reject,reject
cstr_test_00756_r0,1,0.8909557927095424,validate,validate,0.9967929609837285,reject,reject,0.9357110934556563,reject,reject,0.9474089176206301,reject,reject,0.9250440446287403,reject,reject,0.9747573254368462,reject,reject,0.9811918603034188,reject,reject,0.9826930621692573,reject,reject,0.9827517657994072,reject,reject,0.995021020654511,reject,reject,0.9848219758876657,reject,reject
cstr_test_00757_r0,1,0.895781490119845,validate,validate,0.9961384174601683,reject,reject,0.9408516371802008,reject,reject,0.9640847487991976,reject,reject,0.8994112774739297,reject,reject,0.970842900211577,reject,reject,0.968419533782254,reject,reject,0.9728442880757737,reject,reject,0.9970684119831714,reject,reject,0.9977667789148783,reject,reject,0.9967904611723366,reject,reject
cstr_test_00759_r0,1,0.9300390479630634,reject,reject,0.9571905066478854,reject,reject,0.8587703544103117,validate,validate,0.793508857435381,validate,validate,0.7516347559533321,validate,validate,0.7508792039738659,validate,validate,0.6177547350248701,validate,validate,0.49938771783183905,validate,validate,0.6508181036346983,validate,validate,0.7307100748161017,validate,validate,0.7645785870620705,validate,validate
cstr_test_00761_r0,0,0.68823324618803,validate,validate,0.35646018180447514,validate,validate,0.7791722581848125,validate,validate,0.5769681839516037,validate,validate,0.7673089762947033,validate,validate,0.6324923687377391,validate,validate,0.4633734751520101,validate,validate,0.4395947594944285,validate,validate,0.25702974515571175,validate,validate,0.19197283940298468,validate,validate,0.2657761708794713,validate,validate
cstr_test_00764_r0,1,0.8262824252628485,validate,validate,0.9773494402874091,reject,reject,0.8321209768810087,validate,validate,0.9032802121642926,reject,reject,0.8996280676953415,reject,reject,0.9693051308202204,reject,reject,0.9630527419070545,reject,reject,0.9592965975287026,reject,reject,0.9933592220136658,reject,reject,0.9907346351778555,reject,reject,0.9947018747262465,reject,reject
cstr_test_00765_r0,1,0.7047502323429714,validate,validate,0.7540044525001073,validate,validate,0.8128259037697276,validate,validate,0.8706876998686853,reject,reject,0.7757973460263511,validate,validate,0.8797087262676594,reject,reject,0.8521420586129832,validate,validate,0.8719609016214679,reject,reject,0.8718039489440779,reject,reject,0.8064239122322715,reject,reject,0.8451122696570481,reject,reject
cstr_test_00766_r0,1,0.8265388196237478,validate,validate,0.983575632086356,reject,reject,0.8958339561778663,reject,reject,0.9626242298299056,reject,reject,0.9438439063793058,reject,reject,0.9902721094773508,reject,reject,0.985579557260031,reject,reject,0.9802252501378604,reject,reject,0.9945375605065715,reject,reject,0.9931588972071643,reject,reject,0.9959830521233143,reject,reject
cstr_test_00769_r0,1,0.8939279630318784,validate,validate,0.9968240697145575,reject,reject,0.9279794488198485,reject,reject,0.9317995772391481,reject,reject,0.9462341719848122,reject,reject,0.9411380178090046,reject,reject,0.9725491524580491,reject,reject,0.9784984007809309,reject,reject,0.9956240081331732,reject,reject,0.9989205580472165,reject,reject,0.9958847183073738,reject,reject
cstr_test_00771_r0,1,0.8603053050957735,validate,validate,0.9941786168853878,reject,reject,0.9406849938507373,reject,reject,0.9179679431228693,reject,reject,0.9385217809827852,reject,reject,0.9437895976808769,reject,reject,0.9694341710309398,reject,reject,0.9804405656961022,reject,reject,0.9989053546573435,reject,reject,0.9982355578682824,reject,reject,0.9985316208483856,reject,reject
cstr_test_00773_r0,1,0.8669911961182837,validate,validate,0.8777016344519774,reject,reject,0.8111317286026782,validate,validate,0.9212195615001042,reject,reject,0.8650872852682904,validate,validate,0.97818600729941,reject,reject,0.9777942311505009,reject,reject,0.9749250019913831,reject,reject,0.9720932690173197,reject,reject,0.938212368747554,reject,reject,0.9791251032812754,reject,reject
cstr_test_00774_r0,1,0.7572504447698664,validate,validate,0.9175269575355953,reject,reject,0.8231193619170806,validate,validate,0.8486454220880043,validate,validate,0.8254289485977375,validate,validate,0.8335817188821021,validate,validate,0.8445692523424981,validate,validate,0.8545508986246043,validate,validate,0.8851546987607817,reject,reject,0.9510522783198123,reject,reject,0.8792632357428398,reject,reject
cstr_test_00778_r0,0,0.8583766068724121,validate,validate,0.7418711908485563,validate,validate,0.8071952646361141,validate,validate,0.6846530277757622,validate,validate,0.8290559448284559,validate,validate,0.7762210989758078,validate,validate,0.7109044319583524,validate,validate,0.6439531411970378,validate,validate,0.5489706602253246,validate,validate,0.698971416700797,validate,validate,0.5535134364116695,validate,validate
cstr_test_00780_r0,1,0.9085625606504725,validate,validate,0.9971813860830863,reject,reject,0.933253102063253,reject,reject,0.9318943011319706,reject,reject,0.9490267393669619,reject,reject,0.9525246307452728,reject,reject,0.9744840440580156,reject,reject,0.975653362127184,reject,reject,0.9909240728365698,reject,reject,0.9983166671185115,reject,reject,0.9916139672948252,reject,reject
cstr_test_00781_r0,1,0.8238826394993982,validate,validate,0.7978475435441159,reject,reject,0.7923839585106752,validate,validate,0.7973647054260237,validate,validate,0.7751826719011853,validate,validate,0.8275022789628219,validate,validate,0.8487558985917149,validate,validate,0.8959460397003418,reject,reject,0.6698035761641056,validate,validate,0.62924383914489,validate,validate,0.6119087198201487,validate,validate
cstr_test_00785_r0,1,0.9137442238755771,validate,validate,0.9911839219899279,reject,reject,0.7491780093589545,validate,validate,0.6963924134667141,validate,validate,0.7416563984844706,validate,validate,0.7688777097821303,validate,validate,0.6120714856429451,validate,validate,0.39794385261854137,validate,validate,0.8278693125040136,reject,reject,0.9310284014485347,reject,reject,0.966326747083677,reject,reject
cstr_test_00787_r0,1,0.8625965946146782,validate,validate,0.9976420485200069,reject,reject,0.797003883845168,validate,validate,0.7382740820142651,validate,validate,0.8142397492159705,validate,validate,0.9037093143237948,reject,reject,0.8379864190898009,validate,validate,0.8451193665539096,validate,validate,0.9990695119598921,reject,reject,0.9983662985617379,reject,reject,0.998562133187566,reject,reject
cstr_test_00788_r0,1,0.8854690813945552,validate,validate,0.994624555784132,reject,reject,0.9415946115679728,reject,reject,0.9464467499737415,reject,reject,0.9215571131089476,reject,reject,0.9775583658219147,reject,reject,0.9751840530549404,reject,reject,0.9781014719020243,reject,reject,0.9916419689123811,reject,reject,0.9958801442559562,reject,reject,0.9932354417320475,reject,reject
cstr_test_00791_r0,1,0.7878040929299014,validate,validate,0.9680881232115484,reject,reject,0.8228594403964931,validate,validate,0.8254386601050419,validate,validate,0.7461372907580718,validate,validate,0.8554207155166362,validate,validate,0.8533710358821549,validate,validate,0.8417029687703788,validate,validate,0.9602112438136501,reject,reject,0.968767370407333,reject,reject,0.9637891784671173,reject,reject
cstr_test_00794_r0,0,0.8198199048132385,validate,validate,0.5679358107619144,validate,validate,0.8348489741498812,validate,validate,0.8088369101612083,validate,validate,0.8776060805892917,validate,validate,0.6908444548604001,validate,validate,0.7059358525915524,validate,validate,0.6338045355910216,validate,validate,0.3347948754802729,validate,validate,0.430865286093736,validate,validate,0.41854048779668673,validate,validate
cstr_test_00792_r0,1,0.9275585168836965,reject,reject,0.9949932063510196,reject,reject,0.9264864998367681,reject,reject,0.9675391325776507,reject,reject,0.9479222723591044,reject,reject,0.9923977743024203,reject,reject,0.9978462640761312,reject,reject,0.9974226603407221,reject,reject,0.9987679502600348,reject,reject,0.9982278785863851,reject,reject,0.9989052901878135,reject,reject
cstr_test_00796_r0,1,0.7128054381477703,validate,validate,0.7120448971365274,validate,validate,0.8190856772368664,validate,validate,0.6586901056473413,validate,validate,0.8005457436358514,validate,validate,0.5287540350389782,validate,validate,0.5492713919334783,validate,validate,0.5568674656786748,validate,validate,0.5991907494523797,validate,validate,0.6586054937694533,validate,validate,0.5660633345092023,validate,validate
cstr_test_00802_r0,0,0.8776525931659062,validate,validate,0.5114541326629515,validate,validate,0.8546209320927203,validate,validate,0.8915516955495579,reject,reject,0.8820230047458663,validate,validate,0.7894211477064309,validate,validate,0.8554722477346385,validate,validate,0.8495059909361236,validate,validate,0.6053403555034204,validate,validate,0.5285415626337687,validate,validate,0.6448981906597296,validate,validate
cstr_test_00799_r0,1,0.9198145675533297,reject,reject,0.9984074590858288,reject,reject,0.8101763430736509,validate,validate,0.4629044569603614,validate,validate,0.934385390108285,reject,reject,0.8596661200218234,validate,validate,0.9282987441021354,reject,reject,0.9291116860052095,reject,reject,0.999727517268877,reject,reject,0.9990190880794757,reject,reject,0.9996672223086698,reject,reject
cstr_test_00803_r0,0,0.7124160182509256,validate,validate,0.7924338302813844,reject,reject,0.7637656679965733,validate,validate,0.9003842571461258,reject,reject,0.812338190200156,validate,validate,0.8243416200043505,validate,validate,0.7654810098587737,validate,validate,0.7697186261479539,validate,validate,0.7991276417997495,reject,reject,0.8677535521684774,reject,reject,0.8149783061123889,reject,reject
cstr_test_00806_r0,1,0.8796405743292331,validate,validate,0.9987721778092363,reject,reject,0.9258617840841283,reject,reject,0.9339951693811642,reject,reject,0.9180448773015775,reject,reject,0.9377287996292609,reject,reject,0.9197720424242491,reject,reject,0.9164901294122731,reject,reject,0.9980451512510745,reject,reject,0.9993445420647802,reject,reject,0.9986138995664403,reject,reject
cstr_test_00807_r0,1,0.7919556377299006,validate,validate,0.863258546382068,reject,reject,0.8313406455808517,validate,validate,0.8012115316475357,validate,validate,0.7210688821404332,validate,validate,0.8371437623941832,validate,validate,0.8007772670235993,validate,validate,0.7779578033775417,validate,validate,0.9461495329532872,reject,reject,0.7893383879526823,reject,reject,0.9503294051529847,reject,reject
cstr_test_00808_r0,1,0.8416282367282589,validate,validate,0.9471535997653681,reject,reject,0.7990736400572117,validate,validate,0.9768094714202462,reject,reject,0.9333774118186741,reject,reject,0.9836655766083412,reject,reject,0.9804681511820807,reject,reject,0.9935116023251104,reject,reject,0.9864401765931713,reject,reject,0.9794566336601158,reject,reject,0.940825737535401,reject,reject
cstr_test_00810_r0,1,0.8181779282187503,validate,validate,0.9187559795773811,reject,reject,0.7850682857857636,validate,validate,0.8202854344793588,validate,validate,0.8270528732460358,validate,validate,0.8838961761741587,reject,reject,0.9084595322955064,reject,reject,0.904506826762525,reject,reject,0.8781266093245895,reject,reject,0.7570404022315471,reject,reject,0.8823414786333083,reject,reject
cstr_test_00812_r0,1,0.8765644233522009,validate,validate,0.7032467549050546,validate,validate,0.9038364784193016,reject,reject,0.809856107659746,validate,validate,0.3561697570974343,validate,validate,0.8238812187865975,validate,validate,0.7909481862578117,validate,validate,0.758863820490395,validate,validate,0.8744858688692052,reject,reject,0.49105305148869927,validate,validate,0.9018257505371728,reject,reject
cstr_test_00814_r0,0,0.7216797627382912,validate,validate,0.3192993390580165,validate,validate,0.784739579773096,validate,validate,0.547646124354441,validate,validate,0.7966984041364769,validate,validate,0.5444382678835985,validate,validate,0.5160379363141541,validate,validate,0.5195015248564446,validate,validate,0.31420271309222214,validate,validate,0.3421317655267746,validate,validate,0.30485072118833384,validate,validate
cstr_test_00817_r0,1,0.8474456983324786,validate,validate,0.9908048129888065,reject,reject,0.9435230591721501,reject,reject,0.9600582319363054,reject,reject,0.9339262603725627,reject,reject,0.9863156016231862,reject,reject,0.9842884806220137,reject,reject,0.980768439437263,reject,reject,0.9963019103158282,reject,reject,0.9963719431120874,reject,reject,0.9971185545572819,reject,reject
cstr_test_00818_r0,1,0.9309590738344881,reject,reject,0.9872879833469301,reject,reject,0.7682528744462739,validate,validate,0.9455532938511795,reject,reject,0.954747831075525,reject,reject,0.9556488449765476,reject,reject,0.9698800204381856,reject,reject,0.9830255199401652,reject,reject,0.9953550096844628,reject,reject,0.9936804306078756,reject,reject,0.9826465143452805,reject,reject
cstr_test_00821_r0,1,0.853715389892259,validate,validate,0.9894926842683481,reject,reject,0.8882388050373959,reject,reject,0.9581178896130639,reject,reject,0.93365994216184,reject,reject,0.9928657199284813,reject,reject,0.988580623696923,reject,reject,0.9876898048346872,reject,reject,0.9975228677135379,reject,reject,0.9939197578500764,reject,reject,0.9976964157735867,reject,reject
cstr_test_00823_r0,1,0.9040870896955626,validate,validate,0.9978811657798566,reject,reject,0.9292549552299456,reject,reject,0.9677569393728537,reject,reject,0.9364981316450771,reject,reject,0.9921074846779948,reject,reject,0.9983387369507194,reject,reject,0.9978664205301635,reject,reject,0.9992620518722739,reject,reject,0.9988934231921258,reject,reject,0.9993647921343982,reject,reject
cstr_test_00824_r0,0,0.7168313137049707,validate,validate,0.7260551005152689,validate,validate,0.8596144770093327,validate,validate,0.65852410503034,validate,validate,0.8118118990310766,validate,validate,0.5082177464416724,validate,validate,0.62011316165858,validate,validate,0.6630650668662416,validate,validate,0.7536777059667478,validate,validate,0.7330407065262682,validate,validate,0.7255753589954922,validate,validate
cstr_test_00828_r0,0,0.7480680302510734,validate,validate,0.7111900270576496,validate,validate,0.7855875625263739,validate,validate,0.6783030387015796,validate,validate,0.834143835791731,validate,validate,0.5845284904157618,validate,validate,0.5994341739366318,validate,validate,0.6404574405872162,validate,validate,0.7132052708472567,validate,validate,0.7399764066669083,validate,validate,0.7026566221950101,validate,validate
cstr_test_00830_r0,1,0.8644430264460595,validate,validate,0.994880586592805,reject,reject,0.9407503465442494,reject,reject,0.9457127478847248,reject,reject,0.9481547768663023,reject,reject,0.9515439578747592,reject,reject,0.9752101236829679,reject,reject,0.9778869074506299,reject,reject,0.9922193587688515,reject,reject,0.9984000837101078,reject,reject,0.9926439552884799,reject,reject
cstr_test_00831_r0,1,0.847855839144661,validate,validate,0.6920641050763605,validate,validate,0.843114899414287,validate,validate,0.8333019953988665,validate,validate,0.8982117574402708,reject,reject,0.8069888393683429,validate,validate,0.8462724204807257,validate,validate,0.8482810117001865,validate,validate,0.7625747628356571,validate,validate,0.788962520885315,reject,reject,0.7522912133124486,validate,validate
cstr_test_00832_r0,1,0.877091490201866,validate,validate,0.9910110714027874,reject,reject,0.9410320190630622,reject,reject,0.9510981392646568,reject,reject,0.9276190320964068,reject,reject,0.9746908831288815,reject,reject,0.972105612828756,reject,reject,0.9685042638652627,reject,reject,0.9803575156689074,reject,reject,0.99482660872495,reject,reject,0.9861992401110715,reject,reject
cstr_test_00834_r0,1,0.8411780827645992,validate,validate,0.9943098027080021,reject,reject,0.9067396807989159,reject,reject,0.9777110227408126,reject,reject,0.9162380054526188,reject,reject,0.9946186557045495,reject,reject,0.9954704122967402,reject,reject,0.9951305664529023,reject,reject,0.998435582762844,reject,reject,0.995768827208277,reject,reject,0.9978321377116086,reject,reject
cstr_test_00836_r0,1,0.7212423900325311,validate,validate,0.7899329885966574,reject,reject,0.8188819003694716,validate,validate,0.8360331127070637,validate,validate,0.8321148336380003,validate,validate,0.8818242350844548,reject,reject,0.8594330269245481,validate,validate,0.8802957921618407,reject,reject,0.8437289944986193,reject,reject,0.8767238891007602,reject,reject,0.8099641627599101,reject,reject
cstr_test_00839_r0,1,0.824320904378888,validate,validate,0.9158994106342317,reject,reject,0.7957016436067307,validate,validate,0.8107515045335114,validate,validate,0.8574463742400249,validate,validate,0.8051989749379199,validate,validate,0.7810586974490985,validate,validate,0.835859169335639,validate,validate,0.8548646499003467,reject,reject,0.9186044724630821,reject,reject,0.8075001845829097,reject,reject
cstr_test_00840_r0,1,0.7438984015543051,validate,validate,0.7283396674892643,validate,validate,0.8352469942290949,validate,validate,0.8732443107479233,reject,reject,0.8163892093558932,validate,validate,0.843866912326828,validate,validate,0.8502886834088448,validate,validate,0.8567957034322242,validate,validate,0.816155103391969,reject,reject,0.7898227317122373,reject,reject,0.8021931830184494,reject,reject
cstr_test_00842_r0,1,0.8675172987723263,validate,validate,0.5982674398837369,validate,validate,0.7579976286163842,validate,validate,0.8680691526338717,reject,reject,0.9901462060190153,reject,reject,0.8661684823786954,reject,reject,0.9135246088087197,reject,reject,0.9966742578894581,reject,reject,0.9008179270443298,reject,reject,0.7687567937314745,reject,reject,0.5224652696671976,validate,validate
cstr_test_00843_r0,1,0.8627744342732265,validate,validate,0.7161075131800047,validate,validate,0.8153096296472604,validate,validate,0.8599607467189251,validate,validate,0.863189274831534,validate,validate,0.8326352498572156,validate,validate,0.7767939026505817,validate,validate,0.8252654688499844,validate,validate,0.7261493037337043,validate,validate,0.7136712545906588,validate,validate,0.6747596002413465,validate,validate
cstr_test_00851_r0,1,0.8774501093243414,validate,validate,0.7708472634327272,validate,validate,0.8619824339176099,reject,reject,0.8101165771448842,validate,validate,0.9152733309779849,reject,reject,0.6940951402235065,validate,validate,0.8089267336155639,validate,validate,0.787873266106686,validate,validate,0.782358157695669,reject,reject,0.8586250480355667,reject,reject,0.7782523057266649,validate,validate
cstr_test_00852_r0,1,0.8849097078610678,validate,validate,0.9859024230256271,reject,reject,0.9209173509239679,reject,reject,0.9530748139519502,reject,reject,0.93548528614238,reject,reject,0.9861891811461357,reject,reject,0.9843261996598931,reject,reject,0.9856809542084415,reject,reject,0.9807159179287266,reject,reject,0.987773876108999,reject,reject,0.9820311151420812,reject,reject
cstr_test_00855_r0,0,0.7778317040282996,validate,validate,0.3280104166979554,validate,validate,0.9001121470280614,reject,reject,0.53099929057353,validate,validate,0.8426567371063965,validate,validate,0.455764817497226,validate,validate,0.6183417034479012,validate,validate,0.6274262135745292,validate,validate,0.38921569276604495,validate,validate,0.43071446781850464,validate,validate,0.36588139616340387,validate,validate
cstr_test_00858_r0,1,0.8640778661469911,validate,validate,0.9153714182704966,reject,reject,0.8130667772345086,validate,validate,0.9670531426213212,reject,reject,0.862542325127811,validate,validate,0.9740397701875442,reject,reject,0.9799660977370535,reject,reject,0.9758862028910069,reject,reject,0.9669772221655915,reject,reject,0.9414748505650709,reject,reject,0.9814353173214515,reject,reject
cstr_test_00861_r0,1,0.8109916643843526,validate,validate,0.7976175466857705,reject,reject,0.8099756959205016,validate,validate,0.6024079479100886,validate,validate,0.675336640326213,validate,validate,0.6834851201018709,validate,validate,0.5664644271488607,validate,validate,0.5554595446412258,validate,validate,0.6971538863170695,validate,validate,0.8101985586077776,reject,reject,0.7036598109807115,validate,validate
cstr_test_00862_r0,1,0.8695546692533462,validate,validate,0.8837592572980288,reject,reject,0.8536352232744302,validate,validate,0.7768317893094026,validate,validate,0.8401360962993955,validate,validate,0.8686114374388975,reject,reject,0.9157264064288435,reject,reject,0.9260502012978828,reject,reject,0.9859750647076192,reject,reject,0.9355678111993219,reject,reject,0.9751553955329388,reject,reject
cstr_test_00864_r0,1,0.84543452543297,validate,validate,0.6915250871095646,validate,validate,0.8255046435566109,validate,validate,0.7538330522692507,validate,validate,0.7767164290666204,validate,validate,0.6405566871392591,validate,validate,0.6335619946699088,validate,validate,0.6689300419849755,validate,validate,0.7482018481584108,validate,validate,0.8491680056795802,reject,reject,0.7847539979867831,validate,validate
cstr_test_00867_r0,0,0.8720909264429549,validate,validate,0.7881984112189866,reject,reject,0.8766278332107852,reject,reject,0.8329771301150352,validate,validate,0.7789759131307362,validate,validate,0.7008944685870806,validate,validate,0.6270662886905954,validate,validate,0.48345414265646175,validate,validate,0.35312515284679,validate,validate,0.5972074017351794,validate,validate,0.46854348927032874,validate,validate
cstr_test_00869_r0,1,0.739054204054963,validate,validate,0.7493222186516997,validate,validate,0.8009465689044378,validate,validate,0.6354064413717148,validate,validate,0.810055485701257,validate,validate,0.5968203847106247,validate,validate,0.6159714575596683,validate,validate,0.6168205999000743,validate,validate,0.809751366741357,reject,reject,0.7760454063295595,reject,reject,0.8126313985052979,reject,reject
cstr_test_00870_r0,1,0.8595097075529565,validate,validate,0.9966173233851722,reject,reject,0.9166881326111369,reject,reject,0.9440344647193877,reject,reject,0.9487585491021012,reject,reject,0.980631089114145,reject,reject,0.9866321774378105,reject,reject,0.9928761394690458,reject,reject,0.9989041286537005,reject,reject,0.9978819028247232,reject,reject,0.9974807815704707,reject,reject
cstr_test_00873_r0,1,0.8009312778788839,validate,validate,0.8962079066955666,reject,reject,0.7686315821633386,validate,validate,0.7804850535029629,validate,validate,0.9323332793379957,reject,reject,0.8682449313654467,reject,reject,0.8357600757075732,validate,validate,0.8344242616089466,validate,validate,0.8609962225432178,reject,reject,0.9508713186669467,reject,reject,0.8574639542368696,reject,reject
cstr_test_00875_r0,1,0.9145311386743847,validate,validate,0.9432130520428478,reject,reject,0.7485765826089724,validate,validate,0.7423926054518607,validate,validate,0.8982323163946091,reject,reject,0.7234823595627446,validate,validate,0.8303727224538775,validate,validate,0.7479892474078427,validate,validate,0.9100057453008338,reject,reject,0.9561965306240039,reject,reject,0.9574547330914075,reject,reject
cstr_test_00878_r0,1,0.73909416647921,validate,validate,0.6335748614321559,validate,validate,0.7880877423346041,validate,validate,0.8736988371217953,reject,reject,0.8045600324803699,validate,validate,0.7864045903465695,validate,validate,0.7049404327337001,validate,validate,0.6923295754403661,validate,validate,0.5499957125609432,validate,validate,0.738002313490654,validate,validate,0.5363766627819887,validate,validate
cstr_test_00879_r0,1,0.833746054288858,validate,validate,0.9835202236088956,reject,reject,0.8175119864378869,validate,validate,0.8017120271476534,validate,validate,0.8019183108736397,validate,validate,0.8158105156399832,validate,validate,0.8164408367328756,validate,validate,0.7707801121673303,validate,validate,0.9366091246993148,reject,reject,0.9639793667014458,reject,reject,0.9409113172572161,reject,reject
cstr_test_00880_r0,1,0.873849901456817,validate,validate,0.9963489173330892,reject,reject,0.9337823420907029,reject,reject,0.9275593696337371,reject,reject,0.8947314073791625,reject,reject,0.985264391918119,reject,reject,0.9788395556958109,reject,reject,0.9801625358227728,reject,reject,0.9994668631219925,reject,reject,0.9974132019160091,reject,reject,0.9990515613763552,reject,reject
cstr_test_00882_r0,1,0.8362749326805811,validate,validate,0.9950094778098165,reject,reject,0.8963030084319498,reject,reject,0.9589888875809861,reject,reject,0.9289953945230034,reject,reject,0.9856045322155704,reject,reject,0.9788108209900938,reject,reject,0.9738949456302198,reject,reject,0.9970008371908042,reject,reject,0.996529379611445,reject,reject,0.9976557661134571,reject,reject
cstr_test_00885_r0,1,0.8680607232369687,validate,validate,0.9958503221086037,reject,reject,0.790334006627298,validate,validate,0.8283357886148349,validate,validate,0.749494677532411,validate,validate,0.7559527004373497,validate,validate,0.8370306063700695,validate,validate,0.821731740453439,validate,validate,0.988425463156144,reject,reject,0.9925763072686382,reject,reject,0.9841383923294585,reject,reject
cstr_test_00887_r0,1,0.749943054148397,validate,validate,0.7824355378544883,reject,reject,0.7955087893102256,validate,validate,0.8764039795497908,reject,reject,0.7374426362416013,validate,validate,0.8703711320414036,reject,reject,0.8958518901645184,reject,reject,0.922863705216767,reject,reject,0.8821921608641035,reject,reject,0.8037354657892728,reject,reject,0.8551136661778687,reject,reject
cstr_test_00889_r0,1,0.7974697887929274,validate,validate,0.8674650897183106,reject,reject,0.6944356156115324,validate,validate,0.8379761315325324,validate,validate,0.7737310523084597,validate,validate,0.7514088237602153,validate,validate,0.7596250591441401,validate,validate,0.8138134054242948,validate,validate,0.9728553598066679,reject,reject,0.9548234961104388,reject,reject,0.9618552198207007,reject,reject
cstr_test_00891_r0,1,0.9019346991436403,validate,validate,0.9986593785166789,reject,reject,0.9353372411824329,reject,reject,0.9351358077553802,reject,reject,0.9294321827076593,reject,reject,0.9798917028568926,reject,reject,0.9421531389088952,reject,reject,0.9589536008475874,reject,reject,0.9963368144264697,reject,reject,0.9990276963851079,reject,reject,0.995388506319435,reject,reject
cstr_test_00894_r0,1,0.8500152444083356,validate,validate,0.9888357259968814,reject,reject,0.7746142151807587,validate,validate,0.9345791442360972,reject,reject,0.8949970950367986,reject,reject,0.9716924435553518,reject,reject,0.9595397287265852,reject,reject,0.9542981847274377,reject,reject,0.9906259728382281,reject,reject,0.9943660971500197,reject,reject,0.9937023046227474,reject,reject
cstr_test_00895_r0,1,0.8797553716993839,validate,validate,0.9967625903666544,reject,reject,0.9261233593369647,reject,reject,0.9666499923263164,reject,reject,0.9560693626110709,reject,reject,0.9874726110347648,reject,reject,0.9973721561466727,reject,reject,0.9987388749165551,reject,reject,0.999727517268877,reject,reject,0.998791496964199,reject,reject,0.9995597989033912,reject,reject
cstr_test_00898_r0,1,0.8602646500735507,validate,validate,0.9940366817833393,reject,reject,0.935004097291577,reject,reject,0.9454277640249001,reject,reject,0.9128496719546718,reject,reject,0.9813973533664896,reject,reject,0.9786255819211701,reject,reject,0.9768180941417618,reject,reject,0.9895358896500932,reject,reject,0.9938288961248231,reject,reject,0.991680689699262,reject,reject
cstr_test_00904_r0,1,0.7642212831274274,validate,validate,0.9262610535393384,reject,reject,0.8082157495535587,validate,validate,0.9058211675844317,reject,reject,0.8203360034670757,validate,validate,0.870342897083832,reject,reject,0.8378582535164684,validate,validate,0.8547420407968995,validate,validate,0.8906842742822815,reject,reject,0.9495290068366101,reject,reject,0.8722076540816387,reject,reject
cstr_test_00906_r0,1,0.8498177113448836,validate,validate,0.6146003035118861,validate,validate,0.789091987944953,validate,validate,0.7717763387259047,validate,validate,0.8518650481505916,validate,validate,0.8091291319659482,validate,validate,0.7488375609018645,validate,validate,0.7914202431763774,validate,validate,0.79169692057238,reject,reject,0.7089921478220272,validate,validate,0.7101941266301004,validate,validate
cstr_test_00907_r0,1,0.8765350178764245,validate,validate,0.997119167212461,reject,reject,0.9152826662554463,reject,reject,0.9376453406807708,reject,reject,0.8933920710940365,reject,reject,0.8660600277695673,reject,reject,0.9374124329170863,reject,reject,0.9294493465389708,reject,reject,0.9979893040984603,reject,reject,0.997479430806287,reject,reject,0.997819835727176,reject,reject
cstr_test_00909_r0,1,0.8422608232304832,validate,validate,0.9937902024673011,reject,reject,0.8826164240688454,reject,reject,0.9599928146702386,reject,reject,0.9446528612071655,reject,reject,0.988740189515141,reject,reject,0.9793563023274867,reject,reject,0.973735847532309,reject,reject,0.9976275556399177,reject,reject,0.9976921660617016,reject,reject,0.99806503502973,reject,reject
cstr_test_00910_r0,1,0.9118313162086772,validate,validate,0.8783090381906277,reject,reject,0.7412614874864802,validate,validate,0.5942172246470613,validate,validate,0.700434002653067,validate,validate,0.7244537813436213,validate,validate,0.7357966763091072,validate,validate,0.7458322424485243,validate,validate,0.5316469942402321,validate,validate,0.8725612925902781,reject,reject,0.4700245151563865,validate,validate
cstr_test_00913_r0,1,0.7716258886763853,validate,validate,0.8059003878904265,reject,reject,0.8031570113531298,validate,validate,0.9035155464766089,reject,reject,0.7767534626030878,validate,validate,0.8383093079739468,validate,validate,0.8608703215601692,reject,reject,0.8724047688186485,reject,reject,0.8348750815502022,reject,reject,0.8527922954360758,reject,reject,0.7947751332531937,reject,reject
cstr_test_00915_r0,1,0.8652423790003735,validate,validate,0.8994002077524739,reject,reject,0.7975245100502287,validate,validate,0.9157002843964153,reject,reject,0.8918848103863262,reject,reject,0.9644999656298828,reject,reject,0.9604211145977151,reject,reject,0.9533973401527485,reject,reject,0.9474717585941524,reject,reject,0.9546110651925052,reject,reject,0.9560412374717722,reject,reject
cstr_test_00916_r0,1,0.8997569677166058,validate,validate,0.42035791964572405,validate,validate,0.8990437506160533,reject,reject,0.8441868237537846,validate,validate,0.8151066245236087,validate,validate,0.8150010495111479,validate,validate,0.8349175460559011,validate,validate,0.8688234289048002,reject,reject,0.8984578937787628,reject,reject,0.6361782803447192,validate,validate,0.918641388821756,reject,reject
cstr_test_00917_r0,1,0.8396886348738699,validate,validate,0.9999948552556616,reject,reject,0.7414747348101765,validate,validate,0.8647991390607209,validate,validate,0.9990610363560966,reject,reject,0.8575547240116111,validate,validate,0.909344109252662,reject,reject,0.9995693815231382,reject,reject,0.999727517268877,reject,reject,0.9999955258607811,reject,reject,0.9998058379222706,reject,reject
cstr_test_00922_r0,1,0.8996811808658913,validate,validate,0.9989151740111143,reject,reject,0.8969167986498676,reject,reject,0.9003751383990857,reject,reject,0.8687998695565249,validate,validate,0.9867208465604358,reject,reject,0.9852821565933068,reject,reject,0.9884187083935457,reject,reject,0.999727517268877,reject,reject,0.9992069903575447,reject,reject,0.9998058379222706,reject,reject
cstr_test_00923_r0,0,0.7207731222892201,validate,validate,0.7706460094759428,validate,validate,0.839161610765259,validate,validate,0.757468119171412,validate,validate,0.7298976472569993,validate,validate,0.5763401993246206,validate,validate,0.4650251448478741,validate,validate,0.49600887922465253,validate,validate,0.6105870510940437,validate,validate,0.7990591384174612,reject,reject,0.6177534578148419,validate,validate
cstr_test_00924_r0,1,0.8609174079475554,validate,validate,0.9903012532593913,reject,reject,0.926569269499181,reject,reject,0.9538789907717106,reject,reject,0.9354148213653064,reject,reject,0.9936453382774025,reject,reject,0.9896128029097916,reject,reject,0.9929898880498063,reject,reject,0.9964972723132177,reject,reject,0.9943172406417925,reject,reject,0.9953864555614356,reject,reject
cstr_test_00926_r0,1,0.7552185413950468,validate,validate,0.7724246410809683,reject,reject,0.7995076611298044,validate,validate,0.890367890123836,reject,reject,0.4599523212069049,validate,validate,0.826718944108251,validate,validate,0.7963571819273731,validate,validate,0.7999562129421854,validate,validate,0.7145247585289848,validate,validate,0.3883705802736555,validate,validate,0.8193339242832088,reject,reject
cstr_test_00930_r0,1,0.7291326976152619,validate,validate,0.6997763988094207,validate,validate,0.8268090935246944,validate,validate,0.6049614805058274,validate,validate,0.6846495974261024,validate,validate,0.44834850213847866,validate,validate,0.5130718951286382,validate,validate,0.5236042563241043,validate,validate,0.6171023956220815,validate,validate,0.6227436832575828,validate,validate,0.5733511948543326,validate,validate
cstr_test_00931_r0,1,0.7928070938502895,validate,validate,0.8563348798568211,reject,reject,0.6907025632445137,validate,validate,0.9615448829734453,reject,reject,0.9268311732577836,reject,reject,0.9893100078866236,reject,reject,0.9943560217763169,reject,reject,0.9978179418571153,reject,reject,0.9952408730082941,reject,reject,0.9775254618044412,reject,reject,0.991064418795605,reject,reject
cstr_test_00933_r0,1,0.858544583891738,validate,validate,0.005972351340441729,validate,validate,0.7350103669077725,validate,validate,0.8086771056409119,validate,validate,0.8496256136768751,validate,validate,0.47508757458929923,validate,validate,0.6598678733779045,validate,validate,0.7546687907296091,validate,validate,0.3631218411228043,validate,validate,0.053086250822099335,validate,validate,0.32015274719131587,validate,validate
cstr_test_00935_r0,1,0.9047627086845433,validate,validate,0.057333352424996493,validate,validate,0.741440838064911,validate,validate,0.8671090769452098,reject,reject,0.7827291513745391,validate,validate,0.8904898630455349,reject,reject,0.8956567598182176,reject,reject,0.8922712281333891,reject,reject,0.8325482056450604,reject,reject,0.12737427618025962,validate,validate,0.8184308567083362,reject,reject
cstr_test_00936_r0,1,0.8948865323316498,validate,validate,0.988054004139618,reject,reject,0.9386457107879628,reject,reject,0.9545126795527338,reject,reject,0.9523029248424123,reject,reject,0.9833039186959812,reject,reject,0.9773237101221335,reject,reject,0.9828755098128908,reject,reject,0.9869016134924997,reject,reject,0.9931899094326433,reject,reject,0.987057048238473,reject,reject
cstr_test_00938_r0,1,0.8539754796809765,validate,validate,0.11968809096910586,validate,validate,0.9287403876930558,reject,reject,0.9480472884863087,reject,reject,0.9233591255074877,reject,reject,0.8748402868743818,reject,reject,0.8740758844934378,reject,reject,0.8442804419859276,validate,validate,0.5815651458745673,validate,validate,0.2950979964777225,validate,validate,0.659746141930412,validate,validate
cstr_test_00941_r0,0,0.7687988366786511,validate,validate,0.6233765212480377,validate,validate,0.827485573517774,validate,validate,0.6095477111316662,validate,validate,0.8372018439385033,validate,validate,0.8299262043892384,validate,validate,0.636137830937797,validate,validate,0.6331117190970367,validate,validate,0.5648022813938377,validate,validate,0.7177455327876926,validate,validate,0.5337339128080434,validate,validate
cstr_test_00942_r0,1,0.8697718405883765,validate,validate,0.9979870104679203,reject,reject,0.9096592324050908,reject,reject,0.9208417908646829,reject,reject,0.9135303782786485,reject,reject,0.984135367620847,reject,reject,0.98491930236287,reject,reject,0.9881244543437928,reject,reject,0.9983888352043719,reject,reject,0.9968924146976936,reject,reject,0.9978963793455321,reject,reject
cstr_test_00945_r0,1,0.8785005393645265,validate,validate,0.9974074685304807,reject,reject,0.8395031481090401,validate,validate,0.8401545163832117,validate,validate,0.7967731272577108,validate,validate,0.7680237930541738,validate,validate,0.8401148020650718,validate,validate,0.8614775021864702,validate,validate,0.9979416621611649,reject,reject,0.9988118093036763,reject,reject,0.9979351345194515,reject,reject
cstr_test_00947_r0,1,0.7000206676815403,validate,validate,0.6228008395249411,validate,validate,0.702023637722399,validate,validate,0.8364003064665118,validate,validate,0.8399128001927898,validate,validate,0.7899277190908717,validate,validate,0.8334465867198757,validate,validate,0.836409148368984,validate,validate,0.5658122390862482,validate,validate,0.38769749176718504,validate,validate,0.563645409239851,validate,validate
cstr_test_00948_r0,1,0.8796790695884166,validate,validate,0.6878501991412306,validate,validate,0.8387570872188488,validate,validate,0.8507648477354861,validate,validate,0.9200826868769478,reject,reject,0.9115434683256004,reject,reject,0.9681864677159667,reject,reject,0.976462324938715,reject,reject,0.9954768549500251,reject,reject,0.9244481572891012,reject,reject,0.985616499456784,reject,reject
cstr_test_00950_r0,1,0.8609419054631969,validate,validate,0.768979000580115,validate,validate,0.8400243198061951,validate,validate,0.7257534142869606,validate,validate,0.5356719492838642,validate,validate,0.7436281408918582,validate,validate,0.6773596848639636,validate,validate,0.6724021532924844,validate,validate,0.39055768732716034,validate,validate,0.38260588924018146,validate,validate,0.4251237148919318,validate,validate
cstr_test_00952_r0,0,0.7415944916973428,validate,validate,0.7025930954056613,validate,validate,0.8455263192668934,validate,validate,0.6374559008989197,validate,validate,0.7311233076304803,validate,validate,0.5862287105630045,validate,validate,0.5677927819712286,validate,validate,0.5366997126087952,validate,validate,0.6239729957630384,validate,validate,0.7028421365016996,validate,validate,0.6318380050422147,validate,validate
cstr_test_00955_r0,1,0.8847207830088304,validate,validate,0.9971017084034915,reject,reject,0.7795662441596897,validate,validate,0.8827015632197733,reject,reject,0.8809178599856495,validate,validate,0.8639409373801447,validate,validate,0.8936773357532983,reject,reject,0.8618108325876942,validate,validate,0.9832643410690889,reject,reject,0.9988751183350484,reject,reject,0.9856968890807004,reject,reject
cstr_test_00956_r0,1,0.8989100430759726,validate,validate,0.9823538960728729,reject,reject,0.8753134030642493,reject,reject,0.9156282656758448,reject,reject,0.9037358490492017,reject,reject,0.899982795476638,reject,reject,0.8609057179059834,reject,reject,0.8891851938095802,reject,reject,0.9726482847271914,reject,reject,0.9859379565061364,reject,reject,0.9704405056495324,reject,reject
cstr_test_00959_r0,1,0.7453541680457845,validate,validate,0.718257123597186,validate,validate,0.8136927849594291,validate,validate,0.6171523505623012,validate,validate,0.7787314977586081,validate,validate,0.6489880245697546,validate,validate,0.5999028995152269,validate,validate,0.599918987433016,validate,validate,0.7511346220623284,validate,validate,0.7944443065674428,reject,reject,0.706599093159807,validate,validate
cstr_test_00960_r0,1,0.87989481910779,validate,validate,0.9958838210017786,reject,reject,0.9362329136555388,reject,reject,0.9496661725742742,reject,reject,0.9468061784007951,reject,reject,0.9690836658024593,reject,reject,0.9722078592687654,reject,reject,0.9800433111429458,reject,reject,0.9933464355722617,reject,reject,0.9976487226669865,reject,reject,0.9935493712158587,reject,reject
cstr_test_00961_r0,1,0.9264829104928951,reject,reject,0.9577272603288131,reject,reject,0.8319863154086752,validate,validate,0.841578350664939,validate,validate,0.8250952654110474,validate,validate,0.8847220339194046,reject,reject,0.8573760342303057,validate,validate,0.8624067253755784,validate,validate,0.9252809913805448,reject,reject,0.9124425781285495,reject,reject,0.9370299045711181,reject,reject
cstr_test_00963_r0,1,0.7982833981145736,validate,validate,0.7198071176037166,validate,validate,0.7885766217789425,validate,validate,0.744784465559274,validate,validate,0.9022357564444379,reject,reject,0.8227090693525833,validate,validate,0.7755644083540535,validate,validate,0.7760304332177905,validate,validate,0.5980404260224347,validate,validate,0.7600262057960933,reject,reject,0.567396953901165,validate,validate
cstr_test_00965_r0,1,0.8477823334905218,validate,validate,0.8814032329835814,reject,reject,0.7632620021236585,validate,validate,0.8457388154143016,validate,validate,0.8455575821919926,validate,validate,0.8706245310846997,reject,reject,0.8291014454846474,validate,validate,0.8412357664533745,validate,validate,0.9216156845265017,reject,reject,0.8805685923092207,reject,reject,0.9355085487290083,reject,reject
cstr_test_00968_r0,1,0.7645696204282544,validate,validate,0.8288412172509573,reject,reject,0.7875493162401238,validate,validate,0.8760858416611246,reject,reject,0.6354375127417565,validate,validate,0.9022734012205531,reject,reject,0.9170598351627294,reject,reject,0.9207229994058508,reject,reject,0.8579333654589157,reject,reject,0.7975599126713476,reject,reject,0.8526227180488217,reject,reject
cstr_test_00972_r0,1,0.8443529910183374,validate,validate,0.8707413308990932,reject,reject,0.8032497055895218,validate,validate,0.9012848001527333,reject,reject,0.7410889170355563,validate,validate,0.9799637583575903,reject,reject,0.9825901446556098,reject,reject,0.9846618693227328,reject,reject,0.9728081798923371,reject,reject,0.885859334174676,reject,reject,0.9768660697604298,reject,reject
cstr_test_00974_r0,1,0.8667010068445232,validate,validate,0.943448270738436,reject,reject,0.7722651917985621,validate,validate,0.9697452161043136,reject,reject,0.8741908802632832,validate,validate,0.9891047911911195,reject,reject,0.9851572895742765,reject,reject,0.9873315921174179,reject,reject,0.9906755470658217,reject,reject,0.9571290124476196,reject,reject,0.9934984783671692,reject,reject
cstr_test_00976_r0,1,0.8987851247054193,validate,validate,0.9913820025819394,reject,reject,0.9039889140127308,reject,reject,0.947495633146697,reject,reject,0.9349102402875077,reject,reject,0.9790398312438329,reject,reject,0.9856601825275405,reject,reject,0.989017428520498,reject,reject,0.9976177406180868,reject,reject,0.994719695307878,reject,reject,0.9956594560533283,reject,reject
cstr_test_00978_r0,0,0.8646509449840323,validate,validate,0.5169543101051284,validate,validate,0.7514225727727452,validate,validate,0.7803238099110854,validate,validate,0.8423706001622308,validate,validate,0.7867496613153185,validate,validate,0.7211637775325427,validate,validate,0.7161440551603987,validate,validate,0.651700856825021,validate,validate,0.5717114737933655,validate,validate,0.5512491478709001,validate,validate
cstr_test_00980_r0,1,0.705282287280214,validate,validate,0.8176192841565011,reject,reject,0.7435357962196286,validate,validate,0.8913719658985815,reject,reject,0.7148808826368653,validate,validate,0.8668250985978837,reject,reject,0.8714867480448668,reject,reject,0.8534138543914912,validate,validate,0.82890568192751,reject,reject,0.8291549278153224,reject,reject,0.8446183974801553,reject,reject
cstr_test_00981_r0,1,0.8616479825315614,validate,validate,0.7409901627460984,validate,validate,0.7965338781498837,validate,validate,0.8378603824875553,validate,validate,0.8317871415441177,validate,validate,0.9135991707758218,reject,reject,0.883030322865801,reject,reject,0.8675385373783645,reject,reject,0.8031112160561342,reject,reject,0.7378536472862469,validate,validate,0.839549324882266,reject,reject
cstr_test_00986_r0,0,0.8510896192808324,validate,validate,0.8286626448694353,reject,reject,0.7574488207085743,validate,validate,0.5743395492451717,validate,validate,0.7271023383793519,validate,validate,0.6094161882662907,validate,validate,0.5235193358503437,validate,validate,0.564677906891631,validate,validate,0.6722051727219752,validate,validate,0.8903477895946382,reject,reject,0.5942660397996139,validate,validate
cstr_test_00987_r0,1,0.6955979549563078,validate,validate,0.7480105643302659,validate,validate,0.8008752567057371,validate,validate,0.8118143015908245,validate,validate,0.7973641343713131,validate,validate,0.9129521947511816,reject,reject,0.9335125800596661,reject,reject,0.934132891308799,reject,reject,0.855627261508538,reject,reject,0.7722411433841812,reject,reject,0.8456966755338036,reject,reject
cstr_test_00988_r0,1,0.8560160581567471,validate,validate,0.8497231129907307,reject,reject,0.8758444312595638,reject,reject,0.8309929019975427,validate,validate,0.5073719305597417,validate,validate,0.5234352091208796,validate,validate,0.4914502510311703,validate,validate,0.5670117568939134,validate,validate,0.7253075160960102,validate,validate,0.8260746060562835,reject,reject,0.621588818887252,validate,validate
cstr_test_00989_r0,1,0.9291722022504542,reject,reject,0.9668060055821784,reject,reject,0.836297852080269,validate,validate,0.8465855876269571,validate,validate,0.8606615585155133,validate,validate,0.9093612577326522,reject,reject,0.9004955741985774,reject,reject,0.9369966204559712,reject,reject,0.984945523698962,reject,reject,0.967215601254511,reject,reject,0.9758201644542115,reject,reject
cstr_test_00994_r0,0,0.6749752462497792,validate,validate,0.4681810960340538,validate,validate,0.8257280763884601,validate,validate,0.5746989108158074,validate,validate,0.8354252889675227,validate,validate,0.5770496957252736,validate,validate,0.5715768625016742,validate,validate,0.5730364322284207,validate,validate,0.5245320760757198,validate,validate,0.5743010442656994,validate,validate,0.47418746521498173,validate,validate
cstr_test_00995_r0,1,0.7647795741093144,validate,validate,0.926279312964431,reject,reject,0.8031278048112906,validate,validate,0.7920835583110168,validate,validate,0.826109009800934,validate,validate,0.8856773476034543,reject,reject,0.8110200766649994,validate,validate,0.8110519782883713,validate,validate,0.8684445419406748,reject,reject,0.7874977330469558,reject,reject,0.8738941967579514,reject,reject
cstr_test_00998_r0,0,0.7014254496938052,validate,validate,0.5976534071631984,validate,validate,0.8585794657902798,validate,validate,0.6340222943116085,validate,validate,0.8359265434246743,validate,validate,0.48696262843284227,validate,validate,0.6261821312436576,validate,validate,0.6551293703629995,validate,validate,0.638211550312606,validate,validate,0.6916090766167855,validate,validate,0.5846750614691202,validate,validate
cstr_test_00999_r0,1,0.8653090812070889,validate,validate,0.9941326320988577,reject,reject,0.9260116139146553,reject,reject,0.9429148810521231,reject,reject,0.954090727712809,reject,reject,0.9912740679031581,reject,reject,0.9944491215513972,reject,reject,0.9965376460829614,reject,reject,0.9988512318283614,reject,reject,0.9962278196214069,reject,reject,0.9975038915862847,reject,reject
