instance_id,y,risk::plant readings only,decision::0.10::plant readings only,decision::0.05::plant readings only,risk::plant readings + proposed change,decision::0.10::plant readings + proposed change,decision::0.05::plant readings + proposed change,risk::token confidence,decision::0.10::token confidence,decision::0.05::token confidence,risk::attention by prompt region,decision::0.10::attention by prompt region,decision::0.05::attention by prompt region,risk::region-based attention grounding,decision::0.10::region-based attention grounding,decision::0.05::region-based attention grounding,risk::hidden states,decision::0.10::hidden states,decision::0.05::hidden states,risk::all internals,decision::0.10::all internals,decision::0.05::all internals,risk::all internals + grounding,decision::0.10::all internals + grounding,decision::0.05::all internals + grounding,risk::readings + change + all internals + grounding,decision::0.10::readings + change + all internals + grounding,decision::0.05::readings + change + all internals + grounding,risk::readings + change + grounding,decision::0.10::readings + change + grounding,decision::0.05::readings + change + grounding,risk::readings + change + all internals,decision::0.10::readings + change + all internals,decision::0.05::readings + change + all internals
cstr_test_00002_r0,0,0.58519013481996,validate,validate,0.5429996286334634,validate,validate,0.5974474977613173,validate,validate,0.6238915449471226,validate,validate,0.3470357976430964,validate,validate,0.2553369828387945,validate,validate,0.17264471600531844,validate,validate,0.23884902244484635,validate,validate,0.29251081946013563,validate,validate,0.4973671030161754,validate,validate,0.33131919932894593,validate,validate
cstr_test_00005_r0,1,0.8187651559985847,validate,validate,0.868078056819356,validate,validate,0.6682069113409316,validate,validate,0.6154262355092983,validate,validate,0.6396139039582838,validate,validate,0.5950302515264746,validate,validate,0.4791587085077715,validate,validate,0.4445645528367264,validate,validate,0.6904769315925221,validate,validate,0.8540908378778757,validate,validate,0.7203650883713447,validate,validate
cstr_test_00006_r0,0,0.12939196097448355,accept,accept,0.09761860787075623,accept,accept,0.6087150782265491,validate,validate,0.5586568449368156,validate,validate,0.47730991286894675,validate,validate,0.606952495052473,validate,validate,0.5490733636065187,validate,validate,0.3700626186468685,validate,validate,0.12774491368453955,accept,validate,0.046795313051598585,accept,accept,0.1854979603868415,accept,validate
cstr_test_00007_r0,1,0.9998798496766057,reject,reject,0.9999732101699087,reject,reject,0.7054165536716291,validate,validate,0.9977373376529365,reject,reject,0.9677970497692541,reject,reject,0.977947091081969,reject,reject,0.9717722045824653,reject,reject,0.9814980656086435,reject,reject,0.9999320481615197,reject,reject,0.9999646174113475,reject,reject,0.9998728291823291,reject,reject
cstr_test_00010_r0,1,0.9996022529841022,reject,reject,0.9999224821902,reject,reject,0.7109453247482839,validate,validate,0.9972333418021844,reject,reject,0.9715217920375142,reject,reject,0.9747083401940376,reject,reject,0.9792237855981996,reject,reject,0.9866475862262147,reject,reject,0.9998938613164815,reject,reject,0.9999006743404635,reject,reject,0.9998092068541894,reject,reject
cstr_test_00012_r0,1,0.9985202102254048,reject,reject,0.9996448025526167,reject,reject,0.7263191729829463,validate,validate,0.9943550312617925,reject,reject,0.9838480020689376,reject,reject,0.9993906632523056,reject,reject,0.9998592193946647,reject,reject,0.9997910197836599,reject,reject,0.9999846911037031,reject,reject,0.9993126217241018,reject,reject,0.9999889098205814,reject,reject
cstr_test_00014_r0,1,0.9994764076516046,reject,reject,0.9998917634130933,reject,reject,0.6933793361979875,validate,validate,0.9912310199897273,reject,reject,0.9705924463609199,reject,reject,0.9978576401394922,reject,reject,0.9995725277979468,reject,reject,0.9995887105782458,reject,reject,0.999750046991163,reject,reject,0.9997907217270712,reject,reject,0.999793239104737,reject,reject
cstr_test_00015_r0,1,0.1957808759599531,accept,validate,0.23669787574969806,accept,validate,0.6469398886257652,validate,validate,0.3872598384210966,validate,validate,0.7068119357104846,validate,validate,0.38320015266316115,validate,validate,0.4138127657115598,validate,validate,0.48049859175996434,validate,validate,0.2317788829121769,accept,validate,0.2984571111003844,validate,validate,0.1810702989881672,accept,validate
cstr_test_00017_r0,0,0.33196168130426623,validate,validate,0.333613989230214,validate,validate,0.5743713326442192,validate,validate,0.7085545154622448,validate,validate,0.5640291106490655,validate,validate,0.6760693206153491,validate,validate,0.6619235185985995,validate,validate,0.6876945982689674,validate,validate,0.38311550690568374,validate,validate,0.4223819914511608,validate,validate,0.37115646946589315,validate,validate
cstr_test_00021_r0,0,0.2141237359445618,accept,validate,0.3024623797886771,validate,validate,0.44376084963053436,validate,validate,0.6406251627106613,validate,validate,0.538485985201896,validate,validate,0.2931574512295787,validate,validate,0.3251973033899079,validate,validate,0.3454947589904109,validate,validate,0.27900869271143147,validate,validate,0.21580305255278853,accept,validate,0.250294373646651,accept,validate
cstr_test_00023_r0,1,0.5212034550708496,validate,validate,0.5979830940521208,validate,validate,0.6094666397318822,validate,validate,0.6467301858186442,validate,validate,0.5915698225197863,validate,validate,0.7462154068866187,validate,validate,0.6204358735178859,validate,validate,0.5922709366338244,validate,validate,0.24514628407975714,accept,validate,0.6192954607220024,validate,validate,0.27111704054530944,validate,validate
cstr_test_00024_r0,0,0.4714046941207474,validate,validate,0.3692872758746963,validate,validate,0.40753468169172785,validate,validate,0.5599735939442311,validate,validate,0.5107517629886741,validate,validate,0.5360650473809871,validate,validate,0.44401543765738527,validate,validate,0.5109831247492115,validate,validate,0.3523299267738265,validate,validate,0.46092835588701575,validate,validate,0.3116215916778926,validate,validate
cstr_test_00025_r0,0,0.06803089205464169,accept,accept,0.04520686095382289,accept,accept,0.6598513105518609,validate,validate,0.3807959635568051,validate,validate,0.3713422804404444,validate,validate,0.18838842983275209,validate,validate,0.19674541106029741,validate,validate,0.1767048147675198,validate,validate,0.0501427374717045,accept,validate,0.06647954663879617,accept,accept,0.04186069113700162,accept,accept
cstr_test_00027_r0,0,0.0600022855873611,accept,accept,0.025919682560918058,accept,accept,0.6530175068763691,validate,validate,0.4566777564962991,validate,validate,0.5154954334086754,validate,validate,0.29990554424486804,validate,validate,0.2377516460551994,validate,validate,0.2578731834950393,validate,validate,0.06257627844424941,accept,validate,0.03193906494170728,accept,accept,0.06800768355412884,accept,accept
cstr_test_00031_r0,1,0.9986027989692975,reject,reject,0.999498057501529,reject,reject,0.5713009444834771,validate,validate,0.9913889659267178,reject,reject,0.9236708997108733,reject,reject,0.9847840499002436,reject,reject,0.9831726752177143,reject,reject,0.9786516009472997,reject,reject,0.9574971140670203,reject,reject,0.9982602694158039,reject,reject,0.9766277666924621,reject,reject
cstr_test_00034_r0,0,0.0820438866769588,accept,accept,0.06391643643530731,accept,accept,0.4205239866419188,validate,validate,0.4229908854474253,validate,validate,0.40606486215996473,validate,validate,0.3476017114069192,validate,validate,0.3491204153999655,validate,validate,0.38075002465775937,validate,validate,0.03559360860304068,accept,accept,0.057032889360292174,accept,accept,0.04144896186836828,accept,accept
cstr_test_00035_r0,0,0.22115601740252386,accept,validate,0.12688239038232482,accept,accept,0.5868438973118553,validate,validate,0.33665018325433865,validate,validate,0.40617039080650924,validate,validate,0.2747560474497837,validate,validate,0.21901982178794546,validate,validate,0.23377015814471622,validate,validate,0.17962600907804022,accept,validate,0.21185806384054734,accept,validate,0.1767694391504051,accept,validate
cstr_test_00036_r0,1,0.9996412522983894,reject,reject,0.9999153953188507,reject,reject,0.8387709727102401,validate,validate,0.9871120430362006,reject,reject,0.8993116058261421,reject,reject,0.9964753036850081,reject,reject,0.9970975528124029,reject,reject,0.9976110267875263,reject,reject,0.9997485450987286,reject,reject,0.9998449737532668,reject,reject,0.9998006306609009,reject,reject
cstr_test_00038_r0,1,0.7201183554786742,validate,validate,0.7345594016268691,validate,validate,0.6974291765697671,validate,validate,0.6148189265835352,validate,validate,0.6756126909832588,validate,validate,0.6824878785963462,validate,validate,0.6129460620125267,validate,validate,0.7145065354975086,validate,validate,0.42233673239846464,validate,validate,0.6689020748327315,validate,validate,0.4526671796296973,validate,validate
cstr_test_00040_r0,1,0.9002495221745345,reject,reject,0.9407410899925496,reject,reject,0.5376425158025658,validate,validate,0.7544095475121434,validate,validate,0.7929097900137843,reject,reject,0.743518173036925,validate,validate,0.8021832882013279,reject,reject,0.7963445214809096,validate,validate,0.8768502953795779,validate,validate,0.9416465155255662,reject,reject,0.8664382121265602,validate,validate
cstr_test_00042_r0,1,0.9995362511045849,reject,reject,0.9998895985064351,reject,reject,0.8160396147266806,validate,validate,0.9687970575756196,reject,reject,0.9681164853236743,reject,reject,0.9994456480598756,reject,reject,0.9997894675210174,reject,reject,0.999757554025308,reject,reject,0.9999903178526736,reject,reject,0.9997857722768873,reject,reject,0.9999922376843675,reject,reject
cstr_test_00043_r0,1,0.7382006628392518,validate,validate,0.6813214707844207,validate,validate,0.6403389755877181,validate,validate,0.5907612977496035,validate,validate,0.7147966867871725,validate,validate,0.7465864741540263,validate,validate,0.685628146849657,validate,validate,0.7055362298709705,validate,validate,0.8661514838522975,validate,validate,0.7019306205466842,validate,validate,0.8501824221381648,validate,validate
cstr_test_00047_r0,1,0.8940193388411968,reject,reject,0.9438106373735812,reject,reject,0.8181943918943829,validate,validate,0.8461732674057554,reject,reject,0.637885704318664,validate,validate,0.5645072208764138,validate,validate,0.7238896741838526,validate,validate,0.6527687742948814,validate,validate,0.9486098540026704,reject,reject,0.9234257855519795,reject,reject,0.9561528382906022,reject,reject
cstr_test_00049_r0,0,0.0835997506899428,accept,accept,0.026667821083980758,accept,accept,0.584813412172396,validate,validate,0.30466492194416017,validate,validate,0.4454405282629585,validate,validate,0.36028308992050084,validate,validate,0.29440273628943414,validate,validate,0.2945397402344859,validate,validate,0.02178910258998945,accept,accept,0.023744945088963864,accept,accept,0.022606629676840538,accept,accept
cstr_test_00050_r0,0,0.3336243243945443,validate,validate,0.32403502084275293,validate,validate,0.5570711592573953,validate,validate,0.4973522191436614,validate,validate,0.49281814909423965,validate,validate,0.5452688743673548,validate,validate,0.43434199486907005,validate,validate,0.4537969174121235,validate,validate,0.37131866256757734,validate,validate,0.3798057363999074,validate,validate,0.40045839922642995,validate,validate
cstr_test_00052_r0,1,0.9267415023027769,reject,reject,0.940578555316519,reject,reject,0.5390157027160162,validate,validate,0.5471664802031246,validate,validate,0.3793097095441846,validate,validate,0.533451369330705,validate,validate,0.5055839282506255,validate,validate,0.5796548175060128,validate,validate,0.9568309824690473,reject,reject,0.9558432367348569,reject,reject,0.9553880958485153,reject,reject
cstr_test_00055_r0,0,0.3057009605942901,validate,validate,0.19929211380655174,accept,validate,0.7456352318674728,validate,validate,0.4498971885353325,validate,validate,0.619078104677263,validate,validate,0.6392249959146975,validate,validate,0.5516937950116299,validate,validate,0.5133939706581088,validate,validate,0.342935530061902,validate,validate,0.24547364617434608,validate,validate,0.35452480972082445,validate,validate
cstr_test_00058_r0,0,0.08489035889826785,accept,accept,0.055711790447394556,accept,accept,0.5906735085094785,validate,validate,0.425481656542851,validate,validate,0.3098045045096767,validate,validate,0.27847219969967607,validate,validate,0.3066374116605764,validate,validate,0.289081592870455,validate,validate,0.07934789485470574,accept,validate,0.05330411243611685,accept,accept,0.07645079783778208,accept,accept
cstr_test_00059_r0,1,0.409238080782896,validate,validate,0.4456472199963329,validate,validate,0.8076920615587693,validate,validate,0.8146122401281352,reject,reject,0.7838953502762788,reject,reject,0.5996738740307532,validate,validate,0.6383324221628184,validate,validate,0.663909138134768,validate,validate,0.4387004365206673,validate,validate,0.35748882265379106,validate,validate,0.46465783038018416,validate,validate
cstr_test_00060_r0,0,0.25167116134809736,accept,validate,0.12759554555767685,accept,accept,0.7169959291687817,validate,validate,0.29772849017187264,validate,validate,0.34789263647043017,validate,validate,0.5632432370526265,validate,validate,0.5680906714910336,validate,validate,0.5343352232869555,validate,validate,0.11894727251971102,accept,validate,0.11393678587340514,accept,accept,0.1443386764658822,accept,validate
cstr_test_00061_r0,1,0.9956749153181228,reject,reject,0.9982572640591555,reject,reject,0.6555733001385557,validate,validate,0.9744918681618808,reject,reject,0.9597263855571273,reject,reject,0.9941345352642318,reject,reject,0.9963207388086582,reject,reject,0.9973382692903842,reject,reject,0.9908475571995287,reject,reject,0.9983293242478826,reject,reject,0.9838341232902547,reject,reject
cstr_test_00064_r0,0,0.4520419669385906,validate,validate,0.5309892744197916,validate,validate,0.5114518674834686,validate,validate,0.49517036252660873,validate,validate,0.3881905236572136,validate,validate,0.507164800404305,validate,validate,0.5116688161171616,validate,validate,0.5890399585537256,validate,validate,0.7513754712273953,validate,validate,0.6843633941291591,validate,validate,0.6983923538715423,validate,validate
cstr_test_00066_r0,1,0.9997523870608526,reject,reject,0.9999747019388572,reject,reject,0.7864439326353216,validate,validate,0.9718698002696621,reject,reject,0.9775002733083048,reject,reject,0.9951125979758164,reject,reject,0.9996947283214798,reject,reject,0.9994070155063114,reject,reject,0.9999834175345121,reject,reject,0.9999448895711708,reject,reject,0.9999924902112272,reject,reject
cstr_test_00068_r0,0,0.3553014894536209,validate,validate,0.2712584248720185,validate,validate,0.64843095248653,validate,validate,0.3174429101050079,validate,validate,0.2769552318090063,validate,validate,0.3364430266021878,validate,validate,0.4040998977524642,validate,validate,0.3909661874249513,validate,validate,0.24774117723052938,validate,validate,0.14601227859900517,accept,validate,0.30434157465466144,validate,validate
cstr_test_00071_r0,1,0.757113916147175,validate,validate,0.8612768366596609,validate,validate,0.6086609289279119,validate,validate,0.6844093063720127,validate,validate,0.5499178098258394,validate,validate,0.7875564375194084,reject,reject,0.7186291922373678,validate,validate,0.7617447715723964,validate,validate,0.8129066483068154,validate,validate,0.8482223941978735,validate,validate,0.807686815756535,validate,validate
cstr_test_00072_r0,1,0.8074133449466111,validate,validate,0.8760882408231682,validate,validate,0.5391626512255276,validate,validate,0.3493215876568797,validate,validate,0.46832413685241053,validate,validate,0.5096372666132822,validate,validate,0.46561885074340154,validate,validate,0.45962878049025063,validate,validate,0.8262208947888282,validate,validate,0.8465967836469537,validate,validate,0.8327669444827377,validate,validate
cstr_test_00075_r0,0,0.7957170439931791,validate,validate,0.8390998364485264,validate,validate,0.7784974993691793,validate,validate,0.745058569061429,validate,validate,0.7308771620136638,validate,validate,0.7465063598186851,validate,validate,0.7868206010987144,validate,validate,0.7737042982436808,validate,validate,0.6746568089450069,validate,validate,0.7089826198692546,validate,validate,0.6889798866938781,validate,validate
cstr_test_00077_r0,1,0.7884923997279843,validate,validate,0.8639765779093181,validate,validate,0.3642074081393248,validate,validate,0.7181281138572051,validate,validate,0.32503674596557736,validate,validate,0.5135645144189195,validate,validate,0.6153693763464627,validate,validate,0.5997192514885147,validate,validate,0.8971982331249619,reject,reject,0.8796459983350937,reject,reject,0.8970031563958797,reject,reject
cstr_test_00080_r0,1,0.8652712504795298,validate,validate,0.9697468480384073,reject,reject,0.6878651376801449,validate,validate,0.38189512822695826,validate,validate,0.3259536475661074,validate,validate,0.5082402476466322,validate,validate,0.4866156993137401,validate,validate,0.4727892034353567,validate,validate,0.9567210879581827,reject,reject,0.9647005246676149,reject,reject,0.9598446421801499,reject,reject
cstr_test_00081_r0,1,0.9994983298782496,reject,reject,0.9999338459353225,reject,reject,0.8467968335942764,validate,validate,0.9869795225851992,reject,reject,0.9770777099819872,reject,reject,0.9997624078836562,reject,reject,0.9999173494583175,reject,reject,0.9999091882147657,reject,reject,0.9999969490553247,reject,reject,0.9999001704410196,reject,reject,0.9999969103281088,reject,reject
cstr_test_00084_r0,1,0.788326379884655,validate,validate,0.8682585725225967,validate,validate,0.49676512531096606,validate,validate,0.6929148893730049,validate,validate,0.3794173508952276,validate,validate,0.7161298525795707,validate,validate,0.7168247654639278,validate,validate,0.7228219908874167,validate,validate,0.9016298248569008,reject,reject,0.8510587667549026,validate,validate,0.8940042162280927,reject,reject
cstr_test_00085_r0,1,0.9994524701185664,reject,reject,0.999926802093227,reject,reject,0.8149460524631005,validate,validate,0.987373966635363,reject,reject,0.9690307169973345,reject,reject,0.9987517530044187,reject,reject,0.999338623182397,reject,reject,0.999527809128023,reject,reject,0.999991295768361,reject,reject,0.9999255698393352,reject,reject,0.9999874935049199,reject,reject
cstr_test_00086_r0,0,0.05683665047720938,accept,accept,0.03956760317610903,accept,accept,0.6049162886420011,validate,validate,0.3690558180588274,validate,validate,0.5465769850040942,validate,validate,0.3500488491377833,validate,validate,0.25891133883163747,validate,validate,0.2094284823277516,validate,validate,0.02000392367572356,accept,accept,0.031267108748103,accept,accept,0.024321662193780565,accept,accept
cstr_test_00087_r0,0,0.7757508178838303,validate,validate,0.8463676804628237,validate,validate,0.7508184714789606,validate,validate,0.8259565778575823,reject,reject,0.6234946036154401,validate,validate,0.730011815466194,validate,validate,0.684285634523999,validate,validate,0.7134342541637698,validate,validate,0.846084464001347,validate,validate,0.8274420993535128,validate,validate,0.8321377534762704,validate,validate
cstr_test_00092_r0,0,0.24139759055509077,accept,validate,0.22116171476798344,accept,validate,0.5860528984368301,validate,validate,0.36877072648279813,validate,validate,0.3725135522555819,validate,validate,0.3497994825302342,validate,validate,0.3139114699950589,validate,validate,0.33159002972930235,validate,validate,0.15627960909662933,accept,validate,0.187589575373944,accept,validate,0.16216197275527733,accept,validate
cstr_test_00097_r0,1,0.9989382720894197,reject,reject,0.9996344334661504,reject,reject,0.5789345889054843,validate,validate,0.991484008214845,reject,reject,0.9636851313224111,reject,reject,0.988757885643208,reject,reject,0.9876129439962754,reject,reject,0.99442598504859,reject,reject,0.9977282311822342,reject,reject,0.9997345382061875,reject,reject,0.9956970721233879,reject,reject
cstr_test_00095_r0,1,0.7266320455756776,validate,validate,0.795454718636002,validate,validate,0.6200735724948594,validate,validate,0.5492173542128834,validate,validate,0.4036173808387906,validate,validate,0.59597187884628,validate,validate,0.7405102033966079,validate,validate,0.7235593208690554,validate,validate,0.8328105582040006,validate,validate,0.847394559200885,validate,validate,0.8418234964904656,validate,validate
cstr_test_00100_r0,1,0.9956466551883507,reject,reject,0.9991160079720824,reject,reject,0.8699293898610038,reject,reject,0.9768752946960729,reject,reject,0.9600072830869482,reject,reject,0.9974846417941192,reject,reject,0.9993534745761538,reject,reject,0.999524122124071,reject,reject,0.9997946858220358,reject,reject,0.999035436491681,reject,reject,0.9997500285692552,reject,reject
cstr_test_00098_r0,0,0.3004895300177021,validate,validate,0.2087233557175984,accept,validate,0.54321239684917,validate,validate,0.43257102636095224,validate,validate,0.5733774610319444,validate,validate,0.4708512664190467,validate,validate,0.518017074844506,validate,validate,0.4762642818140044,validate,validate,0.3271893691044606,validate,validate,0.27508014421709015,validate,validate,0.3344661004413094,validate,validate
cstr_test_00103_r0,1,0.8164416042240608,validate,validate,0.8569071587950912,validate,validate,0.6112003995972549,validate,validate,0.577191305686202,validate,validate,0.4315300820007338,validate,validate,0.6964457907858392,validate,validate,0.8158603651647738,reject,reject,0.797067859753182,validate,validate,0.9233359917383509,reject,reject,0.8651567965510378,validate,validate,0.9393799919157172,reject,reject
cstr_test_00104_r0,1,0.7655910783166691,validate,validate,0.724207175046662,validate,validate,0.738413151071616,validate,validate,0.8869585406189905,reject,reject,0.6037197491721629,validate,validate,0.8442049004189971,reject,reject,0.8871038896129947,reject,reject,0.8979080522260587,reject,reject,0.8680576303466925,validate,validate,0.7484509883870347,validate,validate,0.8435651891703159,validate,validate
cstr_test_00107_r0,0,0.08833568776468541,accept,accept,0.02773574120197307,accept,accept,0.5810057891667537,validate,validate,0.36099557720591974,validate,validate,0.3904868497869979,validate,validate,0.47853781488004205,validate,validate,0.3638739649992191,validate,validate,0.2964772827718799,validate,validate,0.014545392685961082,accept,accept,0.024287718409781455,accept,accept,0.018055816213863582,accept,accept
cstr_test_00109_r0,1,0.873015320415117,validate,validate,0.9225764650405489,reject,reject,0.8131686050463517,validate,validate,0.7983970126603132,reject,reject,0.6974825207818951,validate,validate,0.8157025224109504,reject,reject,0.7236131196006533,validate,validate,0.7453680471125561,validate,validate,0.8394714624372386,validate,validate,0.9019653768811942,reject,reject,0.8587122389748465,validate,validate
cstr_test_00110_r0,1,0.9994135346817837,reject,reject,0.9999089769723203,reject,reject,0.7923061210464102,validate,validate,0.9946696832388325,reject,reject,0.8605554932544109,reject,reject,0.9945494344086779,reject,reject,0.997346948460938,reject,reject,0.9992888475938202,reject,reject,0.9998216933193524,reject,reject,0.9998676624147601,reject,reject,0.9996926588255217,reject,reject
cstr_test_00112_r0,0,0.18297910561842531,accept,validate,0.10093321695750322,accept,accept,0.6570099420759878,validate,validate,0.23422913381379887,validate,validate,0.47438453030310024,validate,validate,0.40541984127691866,validate,validate,0.3315551211355531,validate,validate,0.31378176864100893,validate,validate,0.1589909272946276,accept,validate,0.09408554105155438,accept,accept,0.151336115666477,accept,validate
cstr_test_00114_r0,1,0.7693727211582315,validate,validate,0.7110165243145231,validate,validate,0.5438432524250335,validate,validate,0.2688794908007483,validate,validate,0.43789015636024187,validate,validate,0.6476127065618624,validate,validate,0.728597234888421,validate,validate,0.7475603245712126,validate,validate,0.7785871551347142,validate,validate,0.6967659956511081,validate,validate,0.7783322624857512,validate,validate
cstr_test_00117_r0,1,0.8726594649919823,validate,validate,0.8294282362706148,validate,validate,0.5835888812806211,validate,validate,0.3839523652691591,validate,validate,0.5027720460755352,validate,validate,0.3055964964640622,validate,validate,0.42777267627539944,validate,validate,0.45242856222922767,validate,validate,0.7225747047222965,validate,validate,0.8184389053274937,validate,validate,0.7499159325182659,validate,validate
cstr_test_00119_r0,1,0.6629821154474994,validate,validate,0.7962318158067323,validate,validate,0.7209933686315506,validate,validate,0.6483079519145828,validate,validate,0.7305777696866271,validate,validate,0.7737142054957604,validate,validate,0.7793411756367009,validate,validate,0.798467137709963,validate,validate,0.7098059477579965,validate,validate,0.8397751652990073,validate,validate,0.6914037431845399,validate,validate
cstr_test_00121_r0,0,0.05868624365048476,accept,accept,0.03498720221468967,accept,accept,0.6763362457572554,validate,validate,0.35375133263819375,validate,validate,0.3863265940438541,validate,validate,0.695236501652519,validate,validate,0.41852674266484735,validate,validate,0.35210741419063735,validate,validate,0.03973182153912814,accept,accept,0.04117726236377806,accept,accept,0.052843568293046296,accept,accept
cstr_test_00122_r0,1,0.5663006119218712,validate,validate,0.5400031122635521,validate,validate,0.6241687331309016,validate,validate,0.6350510670247725,validate,validate,0.7573366558089182,validate,validate,0.4849094586775485,validate,validate,0.42580332329359605,validate,validate,0.4082036593856099,validate,validate,0.720929708744913,validate,validate,0.6303100879150929,validate,validate,0.6976140836488938,validate,validate
cstr_test_00126_r0,1,0.9997011678840405,reject,reject,0.9998844634083823,reject,reject,0.572153341174624,validate,validate,0.9792320209957174,reject,reject,0.9693545897601539,reject,reject,0.9986276552887662,reject,reject,0.9934768681240131,reject,reject,0.9968829132010403,reject,reject,0.9997490722907394,reject,reject,0.9999097857258173,reject,reject,0.9997330507811772,reject,reject
cstr_test_00127_r0,0,0.45187052224640145,validate,validate,0.325833054261948,validate,validate,0.5517777251061851,validate,validate,0.7147372890003595,validate,validate,0.418117557873359,validate,validate,0.7715221415289442,validate,validate,0.7279676176235874,validate,validate,0.7188940024869402,validate,validate,0.3156793131281405,validate,validate,0.3932936554313984,validate,validate,0.38279403995323474,validate,validate
cstr_test_00130_r0,0,0.1999981191567367,accept,validate,0.21554400908674046,accept,validate,0.6789196732132928,validate,validate,0.25383346886149316,validate,validate,0.4799913446747093,validate,validate,0.28867583187272916,validate,validate,0.2149019612165344,validate,validate,0.33191004342893177,validate,validate,0.4295088340532434,validate,validate,0.24942374204717066,validate,validate,0.36284682370228366,validate,validate
cstr_test_00131_r0,1,0.41363371870336096,validate,validate,0.28311782891534293,validate,validate,0.6411157432831482,validate,validate,0.6964831077978803,validate,validate,0.5811878521831616,validate,validate,0.695042100604168,validate,validate,0.6664982008682526,validate,validate,0.7065764803591069,validate,validate,0.4582050374233227,validate,validate,0.35386833535818923,validate,validate,0.45205093707501404,validate,validate
cstr_test_00133_r0,1,0.999859625958633,reject,reject,0.9999746154450858,reject,reject,0.7245256137402385,validate,validate,0.95629115835742,reject,reject,0.9639887340658614,reject,reject,0.99239622335621,reject,reject,0.9990397854537909,reject,reject,0.9989647826878059,reject,reject,0.9999763655794297,reject,reject,0.9999587387366355,reject,reject,0.9999828615984531,reject,reject
cstr_test_00135_r0,0,0.14773249744418607,accept,accept,0.08837195488980959,accept,accept,0.5933043930005768,validate,validate,0.5698292408743022,validate,validate,0.4307169885537336,validate,validate,0.4379193027922122,validate,validate,0.3348688820383607,validate,validate,0.38598177941165773,validate,validate,0.10499352175792562,accept,validate,0.10776426598924004,accept,accept,0.10422597100500393,accept,validate
cstr_test_00137_r0,1,0.39705599715264167,validate,validate,0.355885012677067,validate,validate,0.6485114863152227,validate,validate,0.37749883225971237,validate,validate,0.33301674285961513,validate,validate,0.5135199551149975,validate,validate,0.4445989634351743,validate,validate,0.4029230874983768,validate,validate,0.469717254086293,validate,validate,0.3215433575577412,validate,validate,0.5015489092672228,validate,validate
cstr_test_00138_r0,0,0.35790068187340424,validate,validate,0.2607783554258389,accept,validate,0.6435149126481451,validate,validate,0.5244869617138871,validate,validate,0.5449884282327825,validate,validate,0.5213855321837776,validate,validate,0.4632887721425976,validate,validate,0.4568156125742833,validate,validate,0.43573509996531523,validate,validate,0.44440445767045483,validate,validate,0.411173552519508,validate,validate
cstr_test_00140_r0,1,0.9839587710858458,reject,reject,0.9907481983787996,reject,reject,0.8759326649493773,reject,reject,0.9872746307049298,reject,reject,0.9430033232499647,reject,reject,0.9910440463188105,reject,reject,0.9984050622776246,reject,reject,0.9985536086826386,reject,reject,0.9975138434348437,reject,reject,0.9893779082673819,reject,reject,0.9974446263082222,reject,reject
cstr_test_00141_r0,1,0.7884032751418798,validate,validate,0.8854464797978376,validate,validate,0.5929763339703696,validate,validate,0.305328165863385,validate,validate,0.4365247224437151,validate,validate,0.6649806668865498,validate,validate,0.6380149594074724,validate,validate,0.5897611628102886,validate,validate,0.8300680872603114,validate,validate,0.8806920926295377,reject,reject,0.82504154841211,validate,validate
cstr_test_00144_r0,1,0.9992744655663731,reject,reject,0.9997676663203644,reject,reject,0.8048758257229788,validate,validate,0.9636314984703926,reject,reject,0.9794057411130298,reject,reject,0.9979510028514897,reject,reject,0.9998038523681839,reject,reject,0.9997146365175892,reject,reject,0.9999261896423925,reject,reject,0.9996684595077845,reject,reject,0.9999306613296209,reject,reject
cstr_test_00145_r0,1,0.9584075256199478,reject,reject,0.9733022660890067,reject,reject,0.6729851036546656,validate,validate,0.358370338874768,validate,validate,0.3665825061357061,validate,validate,0.45234008656921454,validate,validate,0.4765874916881358,validate,validate,0.5523042400777081,validate,validate,0.9070718800628209,reject,reject,0.9621721479398238,reject,reject,0.9050145472879989,reject,reject
cstr_test_00150_r0,1,0.8954693767128465,reject,reject,0.9496166594970475,reject,reject,0.5357344582340263,validate,validate,0.4787252407243811,validate,validate,0.35955495478543553,validate,validate,0.5480379013525233,validate,validate,0.5571050540888906,validate,validate,0.6294655994300049,validate,validate,0.9757548897965859,reject,reject,0.9483633923300224,reject,reject,0.975635342377231,reject,reject
cstr_test_00152_r0,1,0.5664436688700875,validate,validate,0.6277281645841867,validate,validate,0.47696903231988397,validate,validate,0.5065947971753441,validate,validate,0.30289371446629465,validate,validate,0.5291636230921963,validate,validate,0.397521568405004,validate,validate,0.43165411845122015,validate,validate,0.4339869092529473,validate,validate,0.684654717176909,validate,validate,0.4961257417159348,validate,validate
cstr_test_00154_r0,1,0.6825399099288105,validate,validate,0.7641647519168228,validate,validate,0.6020732326887887,validate,validate,0.6897979588581107,validate,validate,0.6144063519900728,validate,validate,0.7085613935145035,validate,validate,0.7474821216554276,validate,validate,0.7379339534717418,validate,validate,0.4038022360147292,validate,validate,0.7798244069603905,validate,validate,0.4158465216943498,validate,validate
cstr_test_00156_r0,0,0.2997007261790645,validate,validate,0.23200442810281194,accept,validate,0.47686675806525775,validate,validate,0.5493304880982277,validate,validate,0.5197396797871131,validate,validate,0.18852476069061833,validate,validate,0.20535289098965698,validate,validate,0.20804677247420336,validate,validate,0.16393392681472935,accept,validate,0.2267531040061286,validate,validate,0.19085161922896296,accept,validate
cstr_test_00157_r0,1,0.9986211089699936,reject,reject,0.9998011887664676,reject,reject,0.871221335218875,reject,reject,0.9822443861426122,reject,reject,0.9664127278701456,reject,reject,0.9990286535937082,reject,reject,0.9997792175390132,reject,reject,0.9997466198031771,reject,reject,0.9999551209696206,reject,reject,0.9996874608082623,reject,reject,0.9999435200182538,reject,reject
cstr_test_00160_r0,1,0.8699943084020274,validate,validate,0.9587807782697768,reject,reject,0.5795375105435705,validate,validate,0.5784338151542442,validate,validate,0.558216323110866,validate,validate,0.6836682224588434,validate,validate,0.6688191306760531,validate,validate,0.6986952348310075,validate,validate,0.9655293053358567,reject,reject,0.9583526317825323,reject,reject,0.9604141551097596,reject,reject
cstr_test_00161_r0,1,0.9013705117183832,reject,reject,0.855770981444843,validate,validate,0.7276277264141587,validate,validate,0.3306998994832054,validate,validate,0.47127184187168814,validate,validate,0.46730441802347894,validate,validate,0.46484640764152796,validate,validate,0.5703955334577165,validate,validate,0.8533663672654904,validate,validate,0.8602582974886485,validate,validate,0.8307039648000044,validate,validate
cstr_test_00165_r0,0,0.17702285041644403,accept,validate,0.08489373597438919,accept,accept,0.7089197569126972,validate,validate,0.4231938188644143,validate,validate,0.4425903063694613,validate,validate,0.33544768606174113,validate,validate,0.29012638471469315,validate,validate,0.298225435718894,validate,validate,0.06390255050583012,accept,validate,0.09508647957985741,accept,accept,0.0732810836053806,accept,accept
cstr_test_00166_r0,1,0.7680382926199402,validate,validate,0.9076578720441882,reject,reject,0.4992877051493607,validate,validate,0.30214841321441416,validate,validate,0.48317728532777104,validate,validate,0.377022013229434,validate,validate,0.37302127728669127,validate,validate,0.4242223440015705,validate,validate,0.7635534014590963,validate,validate,0.8550833402151704,validate,validate,0.7721566946755397,validate,validate
cstr_test_00168_r0,1,0.9216620562169803,reject,reject,0.9212205287848896,reject,reject,0.8503225210491293,validate,validate,0.7262099922915364,validate,validate,0.5282651431742502,validate,validate,0.6996019604297298,validate,validate,0.7125017396993995,validate,validate,0.7717820228063585,validate,validate,0.9607617106030087,reject,reject,0.8879806718880454,reject,reject,0.9551446019486176,reject,reject
cstr_test_00171_r0,1,0.9450958338595449,reject,reject,0.9676399808261811,reject,reject,0.5590365049798341,validate,validate,0.28367305371714885,validate,validate,0.5166797071500691,validate,validate,0.3993088584968728,validate,validate,0.4824053444049844,validate,validate,0.3195965259803514,validate,validate,0.9833739888256869,reject,reject,0.9764139339007502,reject,reject,0.976245070042686,reject,reject
cstr_test_00172_r0,0,0.12131810513681957,accept,accept,0.1125055277458263,accept,accept,0.726116798260358,validate,validate,0.4072345549472312,validate,validate,0.7399523095823369,validate,validate,0.3458643080773959,validate,validate,0.3991533703884585,validate,validate,0.29536824472812684,validate,validate,0.060913029349709574,accept,validate,0.10188600390177613,accept,accept,0.07098673784918408,accept,accept
cstr_test_00173_r0,1,0.5999653366678526,validate,validate,0.537453948086321,validate,validate,0.5060079666337925,validate,validate,0.7188043446838536,validate,validate,0.6386768334431163,validate,validate,0.7681960847679035,validate,validate,0.6730913386119305,validate,validate,0.7258319982200379,validate,validate,0.4128488714519488,validate,validate,0.6580255818146762,validate,validate,0.37848051657349224,validate,validate
cstr_test_00176_r0,0,0.07918396542113586,accept,accept,0.045942060991494574,accept,accept,0.3987524217926784,validate,validate,0.427422711200078,validate,validate,0.6549086725364364,validate,validate,0.30459821742197374,validate,validate,0.2231880487449976,validate,validate,0.21850033070541522,validate,validate,0.03899524927898774,accept,accept,0.06342550983307055,accept,accept,0.036708853282757636,accept,accept
cstr_test_00178_r0,0,0.7562068125883556,validate,validate,0.8160777724001288,validate,validate,0.4483588534932812,validate,validate,0.6281110263666335,validate,validate,0.7271968453018436,validate,validate,0.7025400718752738,validate,validate,0.5353817695701388,validate,validate,0.4797371248923281,validate,validate,0.8678187518918887,validate,validate,0.8265388274497524,validate,validate,0.8518301058955192,validate,validate
cstr_test_00179_r0,1,0.9995734146452225,reject,reject,0.9998766473196349,reject,reject,0.8096769590209357,validate,validate,0.9754040710468452,reject,reject,0.9694326728176801,reject,reject,0.9945079442945692,reject,reject,0.9941730683733918,reject,reject,0.9906216684419259,reject,reject,0.9999770792392406,reject,reject,0.9997958821788623,reject,reject,0.9999604353055099,reject,reject
cstr_test_00181_r0,1,0.9998580973154308,reject,reject,0.9999716963394427,reject,reject,0.8428029115436828,validate,validate,0.9745131253821648,reject,reject,0.9631139914421519,reject,reject,0.999070799836956,reject,reject,0.9997674296151371,reject,reject,0.9998172872616914,reject,reject,0.9999969490553247,reject,reject,0.9999555436157327,reject,reject,0.9999969103281088,reject,reject
cstr_test_00184_r0,0,0.6722487638898521,validate,validate,0.545035124356815,validate,validate,0.6140649127643897,validate,validate,0.5712840153408705,validate,validate,0.8333646634661869,reject,reject,0.6452773336598557,validate,validate,0.7255647170087373,validate,validate,0.6936512328404959,validate,validate,0.500184485249143,validate,validate,0.5872220740034974,validate,validate,0.4914697627110569,validate,validate
cstr_test_00187_r0,1,0.9931666226428911,reject,reject,0.99752421746005,reject,reject,0.7841638460186725,validate,validate,0.9942531110396919,reject,reject,0.987832210034854,reject,reject,0.9980492329840783,reject,reject,0.9988424605757574,reject,reject,0.9995538921106536,reject,reject,0.999401531166983,reject,reject,0.9983964224929913,reject,reject,0.9995333181494044,reject,reject
cstr_test_00189_r0,1,0.8705956026560071,validate,validate,0.920346002975099,reject,reject,0.673674998162049,validate,validate,0.6950847986543327,validate,validate,0.6727614940398768,validate,validate,0.6895383917986339,validate,validate,0.6997395449378848,validate,validate,0.6955527439689461,validate,validate,0.8896076707328321,reject,reject,0.8910817910528814,reject,reject,0.8855541063193685,reject,reject
cstr_test_00190_r0,1,0.6369321240023794,validate,validate,0.6121506309196751,validate,validate,0.6600100488619604,validate,validate,0.34903593669900523,validate,validate,0.63992621799425,validate,validate,0.5826806865578651,validate,validate,0.564673150105019,validate,validate,0.5855428825893321,validate,validate,0.5201224432829845,validate,validate,0.6803968888870632,validate,validate,0.4343591007119129,validate,validate
cstr_test_00192_r0,1,0.7850420776436978,validate,validate,0.7747177177364083,validate,validate,0.7645701171098628,validate,validate,0.6389511893241273,validate,validate,0.3824529862230423,validate,validate,0.3455346478322766,validate,validate,0.4916632599685976,validate,validate,0.5329716754884046,validate,validate,0.5715648030120635,validate,validate,0.7490909625736347,validate,validate,0.5833865431689501,validate,validate
cstr_test_00195_r0,1,0.999736267829669,reject,reject,0.9999160856478762,reject,reject,0.610506912592974,validate,validate,0.9829277839728294,reject,reject,0.9642391137283546,reject,reject,0.9981896281618688,reject,reject,0.999600876496785,reject,reject,0.9994657946265542,reject,reject,0.9999646038959263,reject,reject,0.9998395468852435,reject,reject,0.999970677807428,reject,reject
cstr_test_00196_r0,1,0.7250097261122027,validate,validate,0.833031856769709,validate,validate,0.5885252861435596,validate,validate,0.42655546222135154,validate,validate,0.6418431531947538,validate,validate,0.4610060793810774,validate,validate,0.4260505723855675,validate,validate,0.3668541913973748,validate,validate,0.6251532921704394,validate,validate,0.7645383057704584,validate,validate,0.6513456912385461,validate,validate
cstr_test_00198_r0,0,0.23678685032587463,accept,validate,0.1784704043863752,accept,validate,0.6864768452079869,validate,validate,0.4015352423860642,validate,validate,0.5172324751244793,validate,validate,0.5485946133627172,validate,validate,0.5752179602346806,validate,validate,0.5838829050363199,validate,validate,0.43530919718645705,validate,validate,0.18056270470958805,accept,validate,0.4522749978804851,validate,validate
cstr_test_00200_r0,1,0.999572516825917,reject,reject,0.9998347253308861,reject,reject,0.779040973512327,validate,validate,0.9798116336002008,reject,reject,0.9783087548349619,reject,reject,0.9977749922308081,reject,reject,0.9917929531645606,reject,reject,0.99658955763391,reject,reject,0.9992339780961123,reject,reject,0.9998427078555446,reject,reject,0.9990691943077059,reject,reject
cstr_test_00204_r0,1,0.8712268563936405,validate,validate,0.88242914160621,validate,validate,0.6127232054495608,validate,validate,0.7814514266643631,validate,validate,0.5798652341962873,validate,validate,0.6959076696625681,validate,validate,0.7601897838592385,validate,validate,0.7670250253884807,validate,validate,0.9219271145549207,reject,reject,0.9089011137300378,reject,reject,0.9228185702619411,reject,reject
cstr_test_00205_r0,0,0.2159837980840003,accept,validate,0.2890713119446372,validate,validate,0.611687952190267,validate,validate,0.6426409281577159,validate,validate,0.6787150583038385,validate,validate,0.37593762218880156,validate,validate,0.4558171700284728,validate,validate,0.46454933253540215,validate,validate,0.15196012009428372,accept,validate,0.3310758621564557,validate,validate,0.15161160925429149,accept,validate
cstr_test_00207_r0,0,0.7867199927926355,validate,validate,0.79825201046326,validate,validate,0.551636235018202,validate,validate,0.7630790279434273,validate,validate,0.6675050672646492,validate,validate,0.8349840584175962,reject,reject,0.8293508930375392,reject,reject,0.7694214616306362,validate,validate,0.680977050127928,validate,validate,0.7153209864697048,validate,validate,0.7128506402053176,validate,validate
cstr_test_00208_r0,1,0.5172832705138377,validate,validate,0.6349719598290136,validate,validate,0.49392413725453743,validate,validate,0.4448101876092975,validate,validate,0.5132073142373509,validate,validate,0.7242810720839299,validate,validate,0.6917547319953384,validate,validate,0.6906652524406184,validate,validate,0.7829671711657876,validate,validate,0.7383068534811943,validate,validate,0.7656866285019339,validate,validate
cstr_test_00209_r0,1,0.9996181277695414,reject,reject,0.9999413978868663,reject,reject,0.717048871756888,validate,validate,0.9625023654621173,reject,reject,0.9181776082162938,reject,reject,0.9898294642922533,reject,reject,0.9905346152398549,reject,reject,0.9902990503125547,reject,reject,0.9999811877124177,reject,reject,0.9998959517695544,reject,reject,0.9999688296666035,reject,reject
cstr_test_00212_r0,1,0.4027467554695861,validate,validate,0.3171924167782079,validate,validate,0.5221831431500469,validate,validate,0.6844005335224438,validate,validate,0.5071532857438471,validate,validate,0.6212121480607908,validate,validate,0.5735215838086106,validate,validate,0.5281359329157969,validate,validate,0.5186261823535122,validate,validate,0.4013274211310645,validate,validate,0.5388234974602124,validate,validate
cstr_test_00214_r0,1,0.9998601538074522,reject,reject,0.9999812543895354,reject,reject,0.8418206906761753,validate,validate,0.9850258117238958,reject,reject,0.9846433613673644,reject,reject,0.9997016658341141,reject,reject,0.9998463006200347,reject,reject,0.99987117175346,reject,reject,0.9999969490553247,reject,reject,0.9999693190900875,reject,reject,0.9999969103281088,reject,reject
cstr_test_00216_r0,0,0.87751629630228,reject,reject,0.9378924444797084,reject,reject,0.5808374001840589,validate,validate,0.7099212046741799,validate,validate,0.4440648892999913,validate,validate,0.5876498533819362,validate,validate,0.4670572639877973,validate,validate,0.3432406718593654,validate,validate,0.8921063906419421,reject,reject,0.8713819570943964,validate,validate,0.9318510297716596,reject,reject
cstr_test_00218_r0,1,0.9996033573188949,reject,reject,0.9999482445721426,reject,reject,0.8215590639605116,validate,validate,0.9967018633274838,reject,reject,0.8959261841152023,reject,reject,0.9945540614212396,reject,reject,0.9961915964717806,reject,reject,0.9972417547761214,reject,reject,0.9993540790064269,reject,reject,0.999906756218866,reject,reject,0.9992623848903059,reject,reject
cstr_test_00221_r0,0,0.5611440594041422,validate,validate,0.556978345090747,validate,validate,0.7013147415170534,validate,validate,0.7993614513921256,reject,reject,0.7022528232514752,validate,validate,0.740855158835195,validate,validate,0.7246850174222413,validate,validate,0.6804082776414213,validate,validate,0.666964544449748,validate,validate,0.4856962187489701,validate,validate,0.6512601299940918,validate,validate
cstr_test_00222_r0,1,0.8375132155381062,validate,validate,0.7475973658456827,validate,validate,0.5711081349431744,validate,validate,0.5910874432877374,validate,validate,0.6013538026349852,validate,validate,0.4869479294764048,validate,validate,0.5947090638558998,validate,validate,0.6072619365278051,validate,validate,0.8623182204748197,validate,validate,0.7920868884807645,validate,validate,0.8752533437595508,reject,reject
cstr_test_00224_r0,1,0.9936575187471933,reject,reject,0.9983473767932773,reject,reject,0.661003277854267,validate,validate,0.9940767382818795,reject,reject,0.9824292107673445,reject,reject,0.9811096678792257,reject,reject,0.9743634814871271,reject,reject,0.9812068905436906,reject,reject,0.988971036432838,reject,reject,0.9979971797845987,reject,reject,0.9887277334849291,reject,reject
cstr_test_00227_r0,1,0.7464546471704014,validate,validate,0.8137000375382919,validate,validate,0.7499189264638648,validate,validate,0.8049526647828174,reject,reject,0.6928447266407723,validate,validate,0.6978636258979334,validate,validate,0.7026691702055587,validate,validate,0.7555319691265658,validate,validate,0.7930743413403623,validate,validate,0.7822503721416783,validate,validate,0.8012886056268703,validate,validate
cstr_test_00228_r0,1,0.9217566185238271,reject,reject,0.9160912236424478,reject,reject,0.626539072360809,validate,validate,0.2879162430271649,validate,validate,0.439176578319223,validate,validate,0.5222534424041152,validate,validate,0.5270745082442163,validate,validate,0.6249387477930158,validate,validate,0.9273396319620506,reject,reject,0.9090321287810715,reject,reject,0.9132992614500028,reject,reject
cstr_test_00233_r0,1,0.9948827394730031,reject,reject,0.9989292350971424,reject,reject,0.6941770161691597,validate,validate,0.9887338801904123,reject,reject,0.9613921553628224,reject,reject,0.9857466780811877,reject,reject,0.9804304648210131,reject,reject,0.9919522476140049,reject,reject,0.9956761873020282,reject,reject,0.999030910757657,reject,reject,0.990611266332178,reject,reject
cstr_test_00229_r0,0,0.18019280555925107,accept,validate,0.20323899686133026,accept,validate,0.6607802302232211,validate,validate,0.3273979279753101,validate,validate,0.2697055043077404,validate,validate,0.481128988484203,validate,validate,0.47962343228884186,validate,validate,0.45236853691924095,validate,validate,0.25236554242996156,validate,validate,0.197927079888265,accept,validate,0.27620570343066425,validate,validate
cstr_test_00234_r0,1,0.8075326162287482,validate,validate,0.7112445982185619,validate,validate,0.5431917010089342,validate,validate,0.5010581298178781,validate,validate,0.3454177778951413,validate,validate,0.5783004359585818,validate,validate,0.742059366695245,validate,validate,0.7076683292592947,validate,validate,0.6835150368110703,validate,validate,0.657219177965062,validate,validate,0.7402321327573854,validate,validate
cstr_test_00238_r0,1,0.9292885292013318,reject,reject,0.8919826568484002,validate,validate,0.817976566164819,validate,validate,0.8022343018798647,reject,reject,0.6214741903749169,validate,validate,0.7781528705633871,validate,validate,0.7107450171832058,validate,validate,0.697333487577743,validate,validate,0.9621053994421047,reject,reject,0.9033826145897668,reject,reject,0.9564973827561634,reject,reject
cstr_test_00239_r0,1,0.9963573450776841,reject,reject,0.9992377637066417,reject,reject,0.8638820279083224,validate,validate,0.9846750185858744,reject,reject,0.970706222004141,reject,reject,0.9990048102284927,reject,reject,0.999691592456466,reject,reject,0.999710149797855,reject,reject,0.9995262829515176,reject,reject,0.9990512836001686,reject,reject,0.9995468803002356,reject,reject
cstr_test_00240_r0,1,0.6271208707691891,validate,validate,0.7450943733993066,validate,validate,0.3649713723457454,validate,validate,0.7583987203331958,validate,validate,0.8871346975768314,reject,reject,0.34746542203335684,validate,validate,0.5417317392080764,validate,validate,0.4931953340736118,validate,validate,0.4878773806940634,validate,validate,0.5892684553842837,validate,validate,0.511601474278103,validate,validate
cstr_test_00242_r0,0,0.17219948328211418,accept,validate,0.16872408491086874,accept,validate,0.5005257711368855,validate,validate,0.9057899349933024,reject,reject,0.405953694761527,validate,validate,0.6995006003883243,validate,validate,0.847180885886507,reject,reject,0.8544217009848661,reject,reject,0.3318400665796801,validate,validate,0.21102980676846175,accept,validate,0.27489121706834896,validate,validate
cstr_test_00246_r0,1,0.8125565990046709,validate,validate,0.877023622289029,validate,validate,0.43246105864700063,validate,validate,0.8114626616286668,reject,reject,0.47834822825016876,validate,validate,0.7928705884280929,reject,reject,0.8159899909936376,reject,reject,0.820635485812267,reject,reject,0.8211179100027932,validate,validate,0.8543203290994579,validate,validate,0.8078787621862762,validate,validate
cstr_test_00247_r0,1,0.896553223854223,reject,reject,0.8833992109624085,validate,validate,0.5491323412840556,validate,validate,0.503856790192198,validate,validate,0.2832442074516381,validate,validate,0.4210549406085977,validate,validate,0.41720801021725684,validate,validate,0.44576498704375395,validate,validate,0.8445582454044887,validate,validate,0.8645822793753744,validate,validate,0.8604961968020068,validate,validate
cstr_test_00248_r0,1,0.9998546535927593,reject,reject,0.9999658141207682,reject,reject,0.6976873809437352,validate,validate,0.9896203018539519,reject,reject,0.9792253834058734,reject,reject,0.9957994484611733,reject,reject,0.9978400802859786,reject,reject,0.9977332136259819,reject,reject,0.9999928145211093,reject,reject,0.9999440762554417,reject,reject,0.9999931494709751,reject,reject
cstr_test_00252_r0,1,0.6593383124326119,validate,validate,0.6881017832424187,validate,validate,0.5513092597704016,validate,validate,0.4806181051951368,validate,validate,0.4010702716109236,validate,validate,0.45229810187835107,validate,validate,0.45699126436319254,validate,validate,0.4624119472088533,validate,validate,0.5057879590139078,validate,validate,0.5274222529287453,validate,validate,0.5629040247710843,validate,validate
cstr_test_00254_r0,1,0.9346523836245132,reject,reject,0.926758613045309,reject,reject,0.4190747255905295,validate,validate,0.6946999643514472,validate,validate,0.5616680380567558,validate,validate,0.73594000658722,validate,validate,0.7421500920242815,validate,validate,0.7020643647260731,validate,validate,0.9705358413586435,reject,reject,0.9245466004717359,reject,reject,0.9644198622552396,reject,reject
cstr_test_00256_r0,1,0.9997379736920962,reject,reject,0.9999715570717821,reject,reject,0.7612802988549509,validate,validate,0.9700876262741673,reject,reject,0.947471988684648,reject,reject,0.9994176636877338,reject,reject,0.999771413084217,reject,reject,0.9997824797246303,reject,reject,0.9999720103189078,reject,reject,0.9999632568131411,reject,reject,0.9999616654332018,reject,reject
cstr_test_00258_r0,1,0.9992712531142393,reject,reject,0.9998536566998028,reject,reject,0.6858713633504934,validate,validate,0.981825083143732,reject,reject,0.9733857914262283,reject,reject,0.9981260545902977,reject,reject,0.9896364057682068,reject,reject,0.994753704180975,reject,reject,0.9995466185769548,reject,reject,0.999862044564543,reject,reject,0.9995217367138355,reject,reject
cstr_test_00261_r0,1,0.9643359882790373,reject,reject,0.97008080459319,reject,reject,0.5261504854670949,validate,validate,0.30455962285061466,validate,validate,0.39444679345556954,validate,validate,0.5473825771526575,validate,validate,0.5302397954812028,validate,validate,0.494438380748596,validate,validate,0.96811520446346,reject,reject,0.9688298628721164,reject,reject,0.9650984814973219,reject,reject
cstr_test_00263_r0,1,0.9263241408931914,reject,reject,0.9078942497145589,reject,reject,0.4222245492149705,validate,validate,0.7783831604124013,validate,validate,0.5547790576493862,validate,validate,0.8354548865100083,reject,reject,0.8861073680670135,reject,reject,0.9040362221095232,reject,reject,0.9780056134950101,reject,reject,0.9310820256687757,reject,reject,0.9776419453861198,reject,reject
cstr_test_00268_r0,1,0.9998242848407656,reject,reject,0.9999647284049633,reject,reject,0.6423767707045397,validate,validate,0.9929862630817908,reject,reject,0.967769668948001,reject,reject,0.9912377728471912,reject,reject,0.9903290894928994,reject,reject,0.9888224570583672,reject,reject,0.9986425854561449,reject,reject,0.9999353485992528,reject,reject,0.9990665204421012,reject,reject
cstr_test_00264_r0,1,0.1565071805117599,accept,validate,0.2815467190749213,validate,validate,0.8168763657348942,validate,validate,0.3328222980500791,validate,validate,0.36747714905398465,validate,validate,0.30966858557447974,validate,validate,0.3816031180619839,validate,validate,0.4007573828710799,validate,validate,0.28468395174806843,validate,validate,0.22279200329118787,validate,validate,0.28058653208216283,validate,validate
cstr_test_00269_r0,0,0.18323218248134557,accept,validate,0.09495045818525688,accept,accept,0.5846005353888631,validate,validate,0.42539230004820183,validate,validate,0.5153169580502461,validate,validate,0.21441178912288833,validate,validate,0.2526773502231903,validate,validate,0.27160203057754667,validate,validate,0.04778141945901201,accept,accept,0.10255652590597066,accept,accept,0.049239150888692546,accept,accept
cstr_test_00270_r0,1,0.8039017478373697,validate,validate,0.9179555480471993,reject,reject,0.8252442551972758,validate,validate,0.7442499232331218,validate,validate,0.6977024177926341,validate,validate,0.7065841919505801,validate,validate,0.7849036172917082,validate,validate,0.766402533454024,validate,validate,0.7890792109045706,validate,validate,0.8062183800681986,validate,validate,0.8330455921708936,validate,validate
cstr_test_00271_r0,0,0.23242615394087013,accept,validate,0.17207279337169246,accept,validate,0.6760011125955342,validate,validate,0.5094280505696969,validate,validate,0.39634267367659703,validate,validate,0.47759053227248416,validate,validate,0.477926245304559,validate,validate,0.46636489255401575,validate,validate,0.21527563740973282,accept,validate,0.2087606679475891,accept,validate,0.22138146322875735,accept,validate
cstr_test_00276_r0,1,0.9989956265137079,reject,reject,0.9988721203347412,reject,reject,0.8455502439209421,validate,validate,0.9903929361835925,reject,reject,0.8098698368246267,reject,reject,0.994328579289367,reject,reject,0.9976818677163093,reject,reject,0.9966860528969282,reject,reject,0.9998879260392444,reject,reject,0.9980024582056878,reject,reject,0.9998734535890904,reject,reject
cstr_test_00277_r0,0,0.9332026633376056,reject,reject,0.9510343634221102,reject,reject,0.7230080566991416,validate,validate,0.6848162936949449,validate,validate,0.6196190919897787,validate,validate,0.7196950817285992,validate,validate,0.6373270807565242,validate,validate,0.7275564056637781,validate,validate,0.9505992128861589,reject,reject,0.9581826773020654,reject,reject,0.9391869154263633,reject,reject
cstr_test_00279_r0,1,0.928474985932724,reject,reject,0.9688428559126515,reject,reject,0.5698212208534703,validate,validate,0.6760620953823882,validate,validate,0.3363641231054541,validate,validate,0.6638588374443972,validate,validate,0.8001258869880086,reject,reject,0.7643594934217508,validate,validate,0.9850675030489827,reject,reject,0.9683364003301991,reject,reject,0.9866494346119674,reject,reject
cstr_test_00281_r0,1,0.437104314642258,validate,validate,0.5286892769508093,validate,validate,0.7083085605100221,validate,validate,0.5978476680079768,validate,validate,0.6971241083051551,validate,validate,0.5654394891340282,validate,validate,0.6657778892685187,validate,validate,0.712764230646699,validate,validate,0.44163165933801823,validate,validate,0.5577129445438685,validate,validate,0.3799687587707934,validate,validate
cstr_test_00283_r0,0,0.1871540649812877,accept,validate,0.10376341467882393,accept,accept,0.6817975290147379,validate,validate,0.4238414686455551,validate,validate,0.43765078857590517,validate,validate,0.42313003837843577,validate,validate,0.33419682953372476,validate,validate,0.240935433749537,validate,validate,0.11956660244526846,accept,validate,0.11587506821875436,accept,accept,0.1347363468576937,accept,validate
cstr_test_00286_r0,1,0.7182527975147956,validate,validate,0.8022875783970432,validate,validate,0.7346052404191833,validate,validate,0.3683631238374236,validate,validate,0.4327457798927064,validate,validate,0.32657762940520607,validate,validate,0.3020286466849188,validate,validate,0.28577826443560933,validate,validate,0.5917631131357933,validate,validate,0.730726665299375,validate,validate,0.616657605946576,validate,validate
cstr_test_00287_r0,1,0.1785221643868239,accept,validate,0.11848326593401662,accept,accept,0.7529652097532333,validate,validate,0.8143074954835133,reject,reject,0.5943719614102156,validate,validate,0.48365883442643054,validate,validate,0.49980478019635627,validate,validate,0.5569575875318431,validate,validate,0.24373659277618231,accept,validate,0.12921368091313298,accept,validate,0.22567458302403318,accept,validate
cstr_test_00289_r0,0,0.30519399905518463,validate,validate,0.21800603943383734,accept,validate,0.6467593285821206,validate,validate,0.310688064177113,validate,validate,0.3491115504123045,validate,validate,0.4185921198678627,validate,validate,0.3696051517086921,validate,validate,0.41081743549454564,validate,validate,0.11463639628546657,accept,validate,0.2234776280625498,validate,validate,0.1110015437959901,accept,validate
cstr_test_00291_r0,1,0.9143461342262775,reject,reject,0.9217632539328315,reject,reject,0.6942478602337423,validate,validate,0.43527883423285885,validate,validate,0.403938716903625,validate,validate,0.46102429941498013,validate,validate,0.3416867391714789,validate,validate,0.30885157404471586,validate,validate,0.7793053693767688,validate,validate,0.8879050318582742,reject,reject,0.7703473978445,validate,validate
cstr_test_00292_r0,1,0.9997258875997698,reject,reject,0.9999501529018034,reject,reject,0.8401669175464661,validate,validate,0.9781381228489917,reject,reject,0.9586376204322663,reject,reject,0.9985516238002962,reject,reject,0.9999087919031749,reject,reject,0.999858546263775,reject,reject,0.9999802925270681,reject,reject,0.9998919398375296,reject,reject,0.9999847429305694,reject,reject
cstr_test_00293_r0,1,0.7757878526457305,validate,validate,0.7910887194294884,validate,validate,0.5763802908505284,validate,validate,0.44814640594826577,validate,validate,0.2746940362224284,validate,validate,0.3534394077823923,validate,validate,0.546218850812532,validate,validate,0.5170015651311026,validate,validate,0.7919086463197108,validate,validate,0.7488587607406311,validate,validate,0.8138370046834009,validate,validate
cstr_test_00296_r0,1,0.9996711071838699,reject,reject,0.9999714390820539,reject,reject,0.7431536613083366,validate,validate,0.9664845096242908,reject,reject,0.9718020850771223,reject,reject,0.9980634613714165,reject,reject,0.9995667132381192,reject,reject,0.9993569573244467,reject,reject,0.9999969490553247,reject,reject,0.9999388932213641,reject,reject,0.9999969103281088,reject,reject
cstr_test_00299_r0,1,0.2997953287994134,validate,validate,0.24664190575731,accept,validate,0.7747923512120398,validate,validate,0.8418511645788332,reject,reject,0.6018994029543084,validate,validate,0.6632826345114166,validate,validate,0.7886712834795798,validate,validate,0.8010716293759511,validate,validate,0.3002877295733712,validate,validate,0.20149188548768493,accept,validate,0.31116381907527907,validate,validate
cstr_test_00302_r0,1,0.8560865621538236,validate,validate,0.9051467445612694,reject,reject,0.8186938919426463,validate,validate,0.808184133891595,reject,reject,0.6184960506245901,validate,validate,0.7696033383491523,validate,validate,0.8134233295703416,reject,reject,0.8275014821228198,reject,reject,0.9113116371652598,reject,reject,0.909577666215402,reject,reject,0.8884208061759802,reject,reject
cstr_test_00303_r0,1,0.2904178514808809,accept,validate,0.2547241683121168,accept,validate,0.4725048510459512,validate,validate,0.635994991511566,validate,validate,0.46264344609003427,validate,validate,0.7091850561001783,validate,validate,0.7758617041793535,validate,validate,0.7403045614842331,validate,validate,0.2196555845059879,accept,validate,0.22257005735924767,validate,validate,0.2153523740460436,accept,validate
cstr_test_00305_r0,1,0.5731419103063589,validate,validate,0.6061956159853883,validate,validate,0.6627277761073835,validate,validate,0.4558514088476684,validate,validate,0.29380192889696255,validate,validate,0.47732275416966496,validate,validate,0.38214712041354504,validate,validate,0.5033566831061199,validate,validate,0.6002190771962439,validate,validate,0.6065892556749393,validate,validate,0.5987807744355912,validate,validate
cstr_test_00306_r0,0,0.59261122805211,validate,validate,0.5579451638303478,validate,validate,0.6509853531812158,validate,validate,0.5325852467405957,validate,validate,0.5454306419271597,validate,validate,0.6495980822537624,validate,validate,0.45428384379754866,validate,validate,0.538899909382393,validate,validate,0.2797769511107377,validate,validate,0.626992484373257,validate,validate,0.3077269197983099,validate,validate
cstr_test_00310_r0,0,0.08616239996098816,accept,accept,0.0306399653033262,accept,accept,0.6249827488901608,validate,validate,0.45763775286819847,validate,validate,0.5911922915450194,validate,validate,0.4370306516850022,validate,validate,0.5397156418624497,validate,validate,0.5979190606280604,validate,validate,0.05832095126947852,accept,validate,0.05145826314210589,accept,accept,0.05632971711907596,accept,accept
cstr_test_00311_r0,0,0.20951426646342308,accept,validate,0.19886234765738256,accept,validate,0.6571634208943552,validate,validate,0.28003144972126437,validate,validate,0.2295242188494567,validate,validate,0.1794218251209607,validate,validate,0.1898102873193986,validate,validate,0.1403529380048934,validate,validate,0.09978975649097081,accept,validate,0.14474624985526144,accept,validate,0.14104366619293696,accept,validate
cstr_test_00312_r0,1,0.9567362090811188,reject,reject,0.9660344664252166,reject,reject,0.7943439300814925,validate,validate,0.6513557284214719,validate,validate,0.6321086806047289,validate,validate,0.7922363603759198,reject,reject,0.7961356832409688,reject,reject,0.8198322784825076,reject,reject,0.9891159227544182,reject,reject,0.9647432025458004,reject,reject,0.989074566907927,reject,reject
cstr_test_00315_r0,0,0.08969233590675854,accept,accept,0.07234647152404151,accept,accept,0.6910599064698806,validate,validate,0.22174752751851676,validate,validate,0.6568642073677787,validate,validate,0.15961836759664555,validate,validate,0.15678267366943205,validate,validate,0.1151532467226563,validate,validate,0.06715166402311566,accept,validate,0.061272694801446544,accept,accept,0.06658370633349736,accept,accept
cstr_test_00320_r0,1,0.9892268841577644,reject,reject,0.9962659810020426,reject,reject,0.8411113771656117,validate,validate,0.9912859185313884,reject,reject,0.9514436669159568,reject,reject,0.9979344370134812,reject,reject,0.9994343908563293,reject,reject,0.9990838626171323,reject,reject,0.9962409480355638,reject,reject,0.9924785718204968,reject,reject,0.997404196339714,reject,reject
cstr_test_00318_r0,1,0.5700429697179585,validate,validate,0.6468960716058124,validate,validate,0.6284736772045241,validate,validate,0.6544718195108356,validate,validate,0.6851149234733539,validate,validate,0.8442275337888961,reject,reject,0.8518943829464254,reject,reject,0.8746773080029256,reject,reject,0.7862421118385521,validate,validate,0.595679631024545,validate,validate,0.764917246202075,validate,validate
cstr_test_00322_r0,0,0.339478303488343,validate,validate,0.2756996751214275,validate,validate,0.6308527155072923,validate,validate,0.7020318056617723,validate,validate,0.6118607771292369,validate,validate,0.640066090153672,validate,validate,0.7021829269255679,validate,validate,0.5824907674603393,validate,validate,0.2920810745676735,validate,validate,0.21224989670626054,accept,validate,0.3263972991491911,validate,validate
cstr_test_00323_r0,1,0.665546227871801,validate,validate,0.6261187376657701,validate,validate,0.675865438821773,validate,validate,0.5565452111213692,validate,validate,0.4276941223600136,validate,validate,0.6715710162732444,validate,validate,0.7164024969512685,validate,validate,0.6815926977811614,validate,validate,0.7640360954827673,validate,validate,0.6414337263309223,validate,validate,0.8114810478424438,validate,validate
cstr_test_00325_r0,0,0.6537039703174027,validate,validate,0.7256484220232144,validate,validate,0.7084832363878891,validate,validate,0.611914541410232,validate,validate,0.5885709250602522,validate,validate,0.5040855882643077,validate,validate,0.5895476909322522,validate,validate,0.5744700616347932,validate,validate,0.46199862964147714,validate,validate,0.7497510957698024,validate,validate,0.46118688224632165,validate,validate
cstr_test_00326_r0,1,0.9994968606539714,reject,reject,0.9999321456310617,reject,reject,0.760800287104856,validate,validate,0.982278986797359,reject,reject,0.9579948877709139,reject,reject,0.9982456739285392,reject,reject,0.9957156485357685,reject,reject,0.9976280515942391,reject,reject,0.9998427384437149,reject,reject,0.9999143101224224,reject,reject,0.9998522522379728,reject,reject
cstr_test_00329_r0,0,0.10246830415565873,accept,accept,0.049658509506999265,accept,accept,0.6320486398787984,validate,validate,0.539573869012902,validate,validate,0.36824363971433677,validate,validate,0.4823367596185163,validate,validate,0.6074470973786672,validate,validate,0.6454517901184771,validate,validate,0.027968239378482147,accept,accept,0.050533866822657515,accept,accept,0.029165064799703617,accept,accept
cstr_test_00330_r0,1,0.9990114418883772,reject,reject,0.9998466200454088,reject,reject,0.8491064367103308,validate,validate,0.9873828967821306,reject,reject,0.9580766060638192,reject,reject,0.9908432754798262,reject,reject,0.9898947378925672,reject,reject,0.9711297197904665,reject,reject,0.9999560046589178,reject,reject,0.9997194094921096,reject,reject,0.9999558703346674,reject,reject
cstr_test_00331_r0,0,0.6040254643269919,validate,validate,0.6025826283282799,validate,validate,0.5789778943513969,validate,validate,0.7634575862491375,validate,validate,0.7605026458126065,validate,validate,0.7994219832478494,reject,reject,0.8131245620815892,reject,reject,0.7946459154071096,validate,validate,0.3494667976946865,validate,validate,0.607873789561995,validate,validate,0.3671689978265688,validate,validate
cstr_test_00336_r0,1,0.9992650236993526,reject,reject,0.9998260455288854,reject,reject,0.6920178125600065,validate,validate,0.9658282068857487,reject,reject,0.9601955553611692,reject,reject,0.9970762665300703,reject,reject,0.9993878517659677,reject,reject,0.9992813021181158,reject,reject,0.9999840813280492,reject,reject,0.9997368187125856,reject,reject,0.9999730063820838,reject,reject
cstr_test_00334_r0,1,0.8919338959422864,reject,reject,0.9493199425740577,reject,reject,0.4895420019876635,validate,validate,0.5554232732350659,validate,validate,0.4912075841653602,validate,validate,0.7122011929521179,validate,validate,0.7850825839366641,validate,validate,0.7963251737840148,validate,validate,0.953229721813179,reject,reject,0.9717092174948567,reject,reject,0.9480110134781194,reject,reject
cstr_test_00339_r0,0,0.01486166285955441,accept,accept,0.006907758190683297,accept,accept,0.5619362147497398,validate,validate,0.26503560449417163,validate,validate,0.31241996702517677,validate,validate,0.1108560555750318,validate,validate,0.055760704614598165,validate,validate,0.08250332081203794,validate,validate,0.0016892996969756068,accept,accept,0.00695697369644908,accept,accept,0.0016416926100629172,accept,accept
cstr_test_00341_r0,1,0.5328613770199876,validate,validate,0.4054683184039466,validate,validate,0.8619110984968813,validate,validate,0.7883241151203831,validate,validate,0.5901122530570436,validate,validate,0.6450203683108814,validate,validate,0.7495238127517801,validate,validate,0.7608310398870454,validate,validate,0.35895382828668704,validate,validate,0.34594853286550664,validate,validate,0.36065785953922314,validate,validate
cstr_test_00343_r0,1,0.7367497592737114,validate,validate,0.8138873989973612,validate,validate,0.5492610211207581,validate,validate,0.2702183583040406,validate,validate,0.4936218392722592,validate,validate,0.26631731789874274,validate,validate,0.3090018396355812,validate,validate,0.3273321214004905,validate,validate,0.7457626074123246,validate,validate,0.8435402499672404,validate,validate,0.7050642340217398,validate,validate
cstr_test_00344_r0,1,0.9998104976709827,reject,reject,0.9999445200118244,reject,reject,0.8003324686777697,validate,validate,0.8762558961510949,reject,reject,0.7886501668956081,reject,reject,0.9922504163934515,reject,reject,0.9980832739182142,reject,reject,0.9981589990864326,reject,reject,0.9999401019990715,reject,reject,0.999942189538945,reject,reject,0.9999785220380701,reject,reject
cstr_test_00346_r0,1,0.7455255234900021,validate,validate,0.6505494231747495,validate,validate,0.496407587665133,validate,validate,0.535610260539167,validate,validate,0.7595380589131148,validate,validate,0.728606722078856,validate,validate,0.5397692997726917,validate,validate,0.648851838144644,validate,validate,0.6679688860519746,validate,validate,0.7763069219527688,validate,validate,0.6311533704727676,validate,validate
cstr_test_00349_r0,1,0.2778085690323304,accept,validate,0.20708474442743902,accept,validate,0.6180885030426153,validate,validate,0.3561416587445867,validate,validate,0.6485030889451993,validate,validate,0.5848187053630938,validate,validate,0.4504639989362608,validate,validate,0.42145617478807157,validate,validate,0.18327118455201133,accept,validate,0.25182183621334214,validate,validate,0.2226283100446011,accept,validate
cstr_test_00351_r0,0,0.3364052675283078,validate,validate,0.19465577265763803,accept,validate,0.5703965581120403,validate,validate,0.32504542405710046,validate,validate,0.45346891142493856,validate,validate,0.4645163890433827,validate,validate,0.4066498361175446,validate,validate,0.48596842620220015,validate,validate,0.20808040715439416,accept,validate,0.2253606455889131,validate,validate,0.17175589644846856,accept,validate
cstr_test_00354_r0,0,0.04223575768325068,accept,accept,0.02465306591862324,accept,accept,0.6831664119991288,validate,validate,0.29596058145318477,validate,validate,0.45164719704987577,validate,validate,0.3400323483913349,validate,validate,0.28593018099035217,validate,validate,0.2781189931666839,validate,validate,0.03458944363435976,accept,accept,0.029837248343373153,accept,accept,0.03709453033654017,accept,accept
cstr_test_00356_r0,1,0.8978604271822337,reject,reject,0.9538312587803977,reject,reject,0.4578303144383431,validate,validate,0.6721569840969931,validate,validate,0.7648548286575206,validate,validate,0.5778082223228488,validate,validate,0.7122268285583679,validate,validate,0.6905667371151496,validate,validate,0.9314800151171974,reject,reject,0.9355346221857089,reject,reject,0.9295193054186819,reject,reject
cstr_test_00357_r0,1,0.9988855013164201,reject,reject,0.999881354960335,reject,reject,0.8003010395330075,validate,validate,0.9920032505347314,reject,reject,0.9723758038786605,reject,reject,0.9993435770815976,reject,reject,0.9997598303146039,reject,reject,0.9997701918332828,reject,reject,0.9999821616621399,reject,reject,0.9998900176159238,reject,reject,0.9999744057103863,reject,reject
cstr_test_00358_r0,1,0.6387959138565787,validate,validate,0.8112809065713166,validate,validate,0.7307395559994289,validate,validate,0.3591295415841867,validate,validate,0.6464429792026994,validate,validate,0.7433248626989669,validate,validate,0.7259940691141336,validate,validate,0.7469034396262672,validate,validate,0.7059967437004027,validate,validate,0.8580723574774863,validate,validate,0.7116264068669101,validate,validate
cstr_test_00363_r0,1,0.993478426556617,reject,reject,0.9969711793703399,reject,reject,0.6756697360254548,validate,validate,0.9736214200539154,reject,reject,0.9467195132625994,reject,reject,0.997943728011768,reject,reject,0.9979658287781865,reject,reject,0.9988077588534656,reject,reject,0.999729970966974,reject,reject,0.9975049367034138,reject,reject,0.9996350277866197,reject,reject
cstr_test_00360_r0,0,0.855901848670045,validate,validate,0.8615170718862999,validate,validate,0.635725666094561,validate,validate,0.7754513332150562,validate,validate,0.8056964240310139,reject,reject,0.5490019208725723,validate,validate,0.5403987189641579,validate,validate,0.4788039786481164,validate,validate,0.8060263656936025,validate,validate,0.8341698169395163,validate,validate,0.8141314731431397,validate,validate
cstr_test_00365_r0,0,0.4884455470057766,validate,validate,0.29501807857709667,validate,validate,0.6920694103421621,validate,validate,0.3140044462878667,validate,validate,0.6222518449930626,validate,validate,0.38822868128204485,validate,validate,0.544222711383601,validate,validate,0.5506020139963705,validate,validate,0.41682488741728624,validate,validate,0.32716890670181215,validate,validate,0.36074235712924274,validate,validate
cstr_test_00367_r0,1,0.9939594746341717,reject,reject,0.9973018196915368,reject,reject,0.7739175531399944,validate,validate,0.9951928898575683,reject,reject,0.9710130506431116,reject,reject,0.997834979635472,reject,reject,0.9989681825079129,reject,reject,0.9990782181524624,reject,reject,0.9988629220793519,reject,reject,0.9951800639858778,reject,reject,0.9990287164358246,reject,reject
cstr_test_00368_r0,1,0.18808822768763106,accept,validate,0.2126962015071223,accept,validate,0.507004869439122,validate,validate,0.49661864315558074,validate,validate,0.32512756536794385,validate,validate,0.3289842873551069,validate,validate,0.3719906102237643,validate,validate,0.30416060941460504,validate,validate,0.33869373061258234,validate,validate,0.3142969717973849,validate,validate,0.39120249040481275,validate,validate
cstr_test_00371_r0,1,0.9998568227068262,reject,reject,0.999985504345652,reject,reject,0.7418080522375712,validate,validate,0.9719579743632543,reject,reject,0.9684582370858866,reject,reject,0.998739646196558,reject,reject,0.9997091369601139,reject,reject,0.9997100376768666,reject,reject,0.9999969490553247,reject,reject,0.999968078918436,reject,reject,0.9999969103281088,reject,reject
cstr_test_00374_r0,1,0.7823481785661973,validate,validate,0.8411249178494978,validate,validate,0.45763058893584707,validate,validate,0.6540150677969983,validate,validate,0.6977795287713512,validate,validate,0.6769382840897173,validate,validate,0.737111503685442,validate,validate,0.7483775441939484,validate,validate,0.9627788324336034,reject,reject,0.8889516409277536,reject,reject,0.9478949877604864,reject,reject
cstr_test_00375_r0,0,0.35787497484381225,validate,validate,0.29491993954367623,validate,validate,0.6327261636017584,validate,validate,0.3713018611551888,validate,validate,0.2612924426101578,validate,validate,0.37949435531094505,validate,validate,0.23458206511441693,validate,validate,0.2276851999292612,validate,validate,0.1607870214978455,accept,validate,0.30876059908147,validate,validate,0.17801210359601807,accept,validate
cstr_test_00376_r0,1,0.8260140410746957,validate,validate,0.9964286586487823,reject,reject,0.6278440842524654,validate,validate,0.603410120542572,validate,validate,0.8082199656448117,reject,reject,0.8414555192990553,reject,reject,0.9419088523833118,reject,reject,0.9061573692879402,reject,reject,0.9988786504394387,reject,reject,0.9949805403055034,reject,reject,0.9992932016978351,reject,reject
cstr_test_00377_r0,1,0.999774554623328,reject,reject,0.9999425658261085,reject,reject,0.7885880408235224,validate,validate,0.9932149699920988,reject,reject,0.9620870189112959,reject,reject,0.9997554404694707,reject,reject,0.9999447655814057,reject,reject,0.9999144956646072,reject,reject,0.9999969490553247,reject,reject,0.9998903973319743,reject,reject,0.9999969103281088,reject,reject
cstr_test_00381_r0,0,0.025187656376918242,accept,accept,0.009415939755873877,accept,accept,0.629971023026919,validate,validate,0.4882384428883355,validate,validate,0.3827512891394023,validate,validate,0.4931902848924448,validate,validate,0.34608272765991727,validate,validate,0.29958141656108106,validate,validate,0.010260983392281502,accept,accept,0.011505234172617737,accept,accept,0.013540898554265074,accept,accept
cstr_test_00385_r0,1,0.6801718368184976,validate,validate,0.6893547729761014,validate,validate,0.5899671773993906,validate,validate,0.8457426105257728,reject,reject,0.5779108829834263,validate,validate,0.6659580507641985,validate,validate,0.7000308465222006,validate,validate,0.7131171643625607,validate,validate,0.6492424533754496,validate,validate,0.7567862146792202,validate,validate,0.6573750925769106,validate,validate
cstr_test_00383_r0,1,0.8936971226471513,reject,reject,0.9476806281882344,reject,reject,0.7984844001567949,validate,validate,0.7801024231478977,validate,validate,0.5213264922601847,validate,validate,0.7546719619348567,validate,validate,0.7309636207090134,validate,validate,0.7486473045034392,validate,validate,0.8738386312455694,validate,validate,0.9230028275362703,reject,reject,0.8955682572043449,reject,reject
cstr_test_00388_r0,1,0.9995833281010272,reject,reject,0.999906092232898,reject,reject,0.7591325927989221,validate,validate,0.9930890348813337,reject,reject,0.9388701801145048,reject,reject,0.9967080242936784,reject,reject,0.9876063575436731,reject,reject,0.9924676361419414,reject,reject,0.9996406363245051,reject,reject,0.999833762637259,reject,reject,0.9996900472108537,reject,reject
cstr_test_00389_r0,1,0.1748081791055972,accept,validate,0.17586135066680614,accept,validate,0.5288141362916543,validate,validate,0.3291316895617802,validate,validate,0.5570716994962623,validate,validate,0.19518502828196055,validate,validate,0.16034074047829855,validate,validate,0.1278564422858382,validate,validate,0.06958657354361485,accept,validate,0.1517006928192243,accept,validate,0.08023019618259791,accept,accept
cstr_test_00390_r0,1,0.935194089618489,reject,reject,0.9529205628965249,reject,reject,0.6034224138590953,validate,validate,0.5667037443711456,validate,validate,0.5471044783813334,validate,validate,0.7174835307184148,validate,validate,0.5885509560082238,validate,validate,0.6047082634581153,validate,validate,0.9148494466705291,reject,reject,0.9593435201918777,reject,reject,0.9140972536621171,reject,reject
cstr_test_00391_r0,0,0.1394824583897523,accept,accept,0.09233531757026486,accept,accept,0.7153922900723726,validate,validate,0.3631118633502995,validate,validate,0.4683694260327412,validate,validate,0.42762036935650694,validate,validate,0.3141539232842895,validate,validate,0.32005292956185616,validate,validate,0.0871557782906796,accept,validate,0.10269330073369473,accept,accept,0.09244631417031769,accept,validate
cstr_test_00395_r0,0,0.70752718796209,validate,validate,0.7813706407049091,validate,validate,0.4755140991688938,validate,validate,0.6147232949364699,validate,validate,0.6498208484236611,validate,validate,0.6424387963430771,validate,validate,0.6202919473058455,validate,validate,0.6294270979108058,validate,validate,0.9290617893275656,reject,reject,0.8278328006983586,validate,validate,0.8925355473680396,reject,reject
cstr_test_00397_r0,0,0.6578042358714845,validate,validate,0.6963226170878164,validate,validate,0.5599536900065596,validate,validate,0.29789137178021946,validate,validate,0.4863581661575678,validate,validate,0.23137527672953245,validate,validate,0.1967446663301708,validate,validate,0.13358261142362815,validate,validate,0.35675625550621726,validate,validate,0.4557848561910667,validate,validate,0.4409687480673214,validate,validate
cstr_test_00398_r0,1,0.998306448026107,reject,reject,0.999680047383959,reject,reject,0.797949889725538,validate,validate,0.9671931638516963,reject,reject,0.9467855424750227,reject,reject,0.9912516280697241,reject,reject,0.988569245235883,reject,reject,0.9830015057894769,reject,reject,0.9997305510690235,reject,reject,0.9996642138982642,reject,reject,0.9995609449793535,reject,reject
cstr_test_00401_r0,1,0.9997286361653568,reject,reject,0.9999531855528236,reject,reject,0.7480887251873916,validate,validate,0.9965371870573789,reject,reject,0.9050630084683852,reject,reject,0.9901501518365804,reject,reject,0.9964549313700239,reject,reject,0.9937975248142706,reject,reject,0.9996221984287779,reject,reject,0.9998858927084885,reject,reject,0.9997062193916928,reject,reject
cstr_test_00403_r0,1,0.9985462101327013,reject,reject,0.9996199811630031,reject,reject,0.8408678888869587,validate,validate,0.9902035574603266,reject,reject,0.9762936405423782,reject,reject,0.9995379719815646,reject,reject,0.9998824948110474,reject,reject,0.9998767807754833,reject,reject,0.9999619146991242,reject,reject,0.9995735999564007,reject,reject,0.9999445498988863,reject,reject
cstr_test_00405_r0,1,0.9937491737299676,reject,reject,0.9977427849264818,reject,reject,0.9036999189439769,reject,reject,0.9868831134951231,reject,reject,0.9739147588895458,reject,reject,0.9997467399745519,reject,reject,0.9999094436845738,reject,reject,0.9998884760791352,reject,reject,0.9997661481348031,reject,reject,0.9970600443615152,reject,reject,0.9998074616833514,reject,reject
cstr_test_00406_r0,1,0.7142680743732932,validate,validate,0.7600634125865533,validate,validate,0.5713737332509019,validate,validate,0.5446022255840495,validate,validate,0.2984157910377156,validate,validate,0.5987653780051808,validate,validate,0.769823005384206,validate,validate,0.7165845774360164,validate,validate,0.6898309282128317,validate,validate,0.7397867619685019,validate,validate,0.7162917293330583,validate,validate
cstr_test_00409_r0,0,0.05497090879873219,accept,accept,0.03220092175294538,accept,accept,0.5574665692337895,validate,validate,0.48808257628254587,validate,validate,0.38135771755401254,validate,validate,0.358085414695053,validate,validate,0.2801318050478831,validate,validate,0.2515194058624015,validate,validate,0.034788313635941,accept,accept,0.05522410457299585,accept,accept,0.04443459936630815,accept,accept
cstr_test_00410_r0,1,0.9021683990584972,reject,reject,0.8987773093852779,reject,reject,0.5514535299446929,validate,validate,0.6763520309250489,validate,validate,0.716451576171516,validate,validate,0.7191481154908897,validate,validate,0.6293807467984999,validate,validate,0.5609899494736857,validate,validate,0.779792253449014,validate,validate,0.8852350868904608,reject,reject,0.7738645150293962,validate,validate
cstr_test_00413_r0,0,0.312866603886264,validate,validate,0.2645547499084859,accept,validate,0.5462922319510745,validate,validate,0.46746047305425403,validate,validate,0.5321574584182477,validate,validate,0.6996212365798367,validate,validate,0.6731302181535748,validate,validate,0.6760503570517037,validate,validate,0.44011633572026204,validate,validate,0.2919412739393402,validate,validate,0.4759728517683221,validate,validate
cstr_test_00414_r0,1,0.9998833731052097,reject,reject,0.9999786755281849,reject,reject,0.7636365736648622,validate,validate,0.9846736201206578,reject,reject,0.9719904385434393,reject,reject,0.9970944238615046,reject,reject,0.9912229247233092,reject,reject,0.9966031282508855,reject,reject,0.9997463271713397,reject,reject,0.9999799857502569,reject,reject,0.999718330474317,reject,reject
cstr_test_00415_r0,1,0.901569292888852,reject,reject,0.8810521355056838,validate,validate,0.8311029300811364,validate,validate,0.8688278488042797,reject,reject,0.7225463133582651,validate,validate,0.5759037427468748,validate,validate,0.7738946027083807,validate,validate,0.8602548481184162,reject,reject,0.9160984985194672,reject,reject,0.9349808604021377,reject,reject,0.8831880817582265,reject,reject
cstr_test_00419_r0,0,0.10970347107586202,accept,accept,0.07500714985483208,accept,accept,0.6157739990897003,validate,validate,0.35949276322035306,validate,validate,0.5385283659271052,validate,validate,0.3742192075424211,validate,validate,0.27392481882036723,validate,validate,0.3480237270563686,validate,validate,0.0801015510580604,accept,validate,0.11467327472701147,accept,accept,0.0556000620795796,accept,accept
cstr_test_00422_r0,1,0.8425863760798395,validate,validate,0.7765091512597241,validate,validate,0.5912490485876957,validate,validate,0.3991399794059378,validate,validate,0.3358990042498841,validate,validate,0.49440254135267353,validate,validate,0.4888853791238291,validate,validate,0.4891018140394574,validate,validate,0.613052526359549,validate,validate,0.7254556510218585,validate,validate,0.6404291149807155,validate,validate
cstr_test_00423_r0,1,0.26449013984866593,accept,validate,0.22495809661770913,accept,validate,0.5253234108263849,validate,validate,0.4514279788040342,validate,validate,0.47643850598801796,validate,validate,0.47978321939878904,validate,validate,0.4074931977352308,validate,validate,0.40739443768306033,validate,validate,0.2865349593629009,validate,validate,0.33416823516171285,validate,validate,0.2585530221815221,validate,validate
cstr_test_00424_r0,0,0.7779785490641488,validate,validate,0.8467990139678303,validate,validate,0.6723153548263686,validate,validate,0.6947229872020785,validate,validate,0.6143902785690621,validate,validate,0.6248051863206577,validate,validate,0.6852113339492487,validate,validate,0.7281181170461443,validate,validate,0.8852447682083084,validate,validate,0.8108708935726119,validate,validate,0.8918315197830629,reject,reject
cstr_test_00426_r0,0,0.6582323893185755,validate,validate,0.5194773900085067,validate,validate,0.5949842452999968,validate,validate,0.3571793031551153,validate,validate,0.4961522450469096,validate,validate,0.35824970474088846,validate,validate,0.302450696054472,validate,validate,0.2891593288250558,validate,validate,0.3379277674017051,validate,validate,0.4709818829677146,validate,validate,0.30659308318232337,validate,validate
cstr_test_00428_r0,1,0.6973025063617787,validate,validate,0.7074926937237481,validate,validate,0.7278205734915199,validate,validate,0.5897000307107809,validate,validate,0.7874067323497765,reject,reject,0.7499801005347999,validate,validate,0.7082975636166392,validate,validate,0.7078061742524198,validate,validate,0.573870846134326,validate,validate,0.7133739323090109,validate,validate,0.5339285121813184,validate,validate
cstr_test_00430_r0,1,0.7019983093453388,validate,validate,0.7648484830204668,validate,validate,0.6675350765677814,validate,validate,0.29137914495525197,validate,validate,0.4251479646612349,validate,validate,0.37588323633590204,validate,validate,0.5404420944004258,validate,validate,0.47984882365668496,validate,validate,0.6704318853002564,validate,validate,0.7071549504074262,validate,validate,0.6960051407681339,validate,validate
cstr_test_00432_r0,1,0.2163523061724376,accept,validate,0.21953523009849193,accept,validate,0.588392316837767,validate,validate,0.490488131499499,validate,validate,0.6303708985001985,validate,validate,0.5981782624474631,validate,validate,0.6044819962318936,validate,validate,0.4169933791925883,validate,validate,0.40434090623703695,validate,validate,0.13317905566758068,accept,validate,0.44525246742407065,validate,validate
cstr_test_00434_r0,1,0.999831190592265,reject,reject,0.9999752012197831,reject,reject,0.4822162697239055,validate,validate,0.9797776203336204,reject,reject,0.9665970650039889,reject,reject,0.9970048578556728,reject,reject,0.9938200104142505,reject,reject,0.9873399047885821,reject,reject,0.9999684270944874,reject,reject,0.999955797515843,reject,reject,0.9999652371807032,reject,reject
cstr_test_00435_r0,1,0.7198575679631088,validate,validate,0.7821650109200943,validate,validate,0.4942467843598014,validate,validate,0.790323954028427,validate,validate,0.5481266902906853,validate,validate,0.7523117380769294,validate,validate,0.803439103309861,reject,reject,0.7706381944065969,validate,validate,0.8308715303220511,validate,validate,0.798752460826017,validate,validate,0.8413455345177375,validate,validate
cstr_test_00439_r0,1,0.9939674737579052,reject,reject,0.9972774093835031,reject,reject,0.7384417254125417,validate,validate,0.9796778325317677,reject,reject,0.8820311861288319,reject,reject,0.987946865669098,reject,reject,0.978128933124786,reject,reject,0.9837263158369589,reject,reject,0.9844020934105959,reject,reject,0.9931382733156471,reject,reject,0.9940090720603272,reject,reject
cstr_test_00442_r0,1,0.9346331708203773,reject,reject,0.8863517191815814,validate,validate,0.45906316292232996,validate,validate,0.6755950439937393,validate,validate,0.6894447052629941,validate,validate,0.4389031852782161,validate,validate,0.6183688742596887,validate,validate,0.587802900988994,validate,validate,0.5544096453615118,validate,validate,0.7904720102448375,validate,validate,0.6521362702288123,validate,validate
cstr_test_00444_r0,1,0.6934438927260117,validate,validate,0.6348026615087302,validate,validate,0.590690207699835,validate,validate,0.7476250529339891,validate,validate,0.8388931142805411,reject,reject,0.6089299254204007,validate,validate,0.6525967781466171,validate,validate,0.5387535551424159,validate,validate,0.44997947584634185,validate,validate,0.6180803213711054,validate,validate,0.41357287694204786,validate,validate
cstr_test_00445_r0,1,0.5098941816339817,validate,validate,0.5303687010372865,validate,validate,0.6497400703881017,validate,validate,0.33600814014718355,validate,validate,0.4641754357102182,validate,validate,0.5516878510700709,validate,validate,0.35214421867198165,validate,validate,0.38696956379744135,validate,validate,0.41724335456538236,validate,validate,0.4222259468396238,validate,validate,0.43949730575473733,validate,validate
cstr_test_00447_r0,1,0.9994894255289761,reject,reject,0.9999357880565296,reject,reject,0.7445901332460713,validate,validate,0.9951827856180306,reject,reject,0.961971555570848,reject,reject,0.993376131086144,reject,reject,0.9983128106663337,reject,reject,0.9991387913398517,reject,reject,0.9997682036256808,reject,reject,0.9999296016864102,reject,reject,0.9994799275967746,reject,reject
cstr_test_00448_r0,0,0.11379567171805385,accept,accept,0.06358991465470314,accept,accept,0.5666314592306539,validate,validate,0.5891657291581635,validate,validate,0.4976497528961431,validate,validate,0.5428002447433027,validate,validate,0.6473200410145037,validate,validate,0.5769659898203285,validate,validate,0.1164721095302757,accept,validate,0.08676641334371972,accept,accept,0.12448528553636277,accept,validate
cstr_test_00451_r0,1,0.5949106305608506,validate,validate,0.7394780556235213,validate,validate,0.45778169145732506,validate,validate,0.5341183312208526,validate,validate,0.38112279897194007,validate,validate,0.8279422145168397,reject,reject,0.8056748049746558,reject,reject,0.8431885712322097,reject,reject,0.8950625790534862,reject,reject,0.7892673572489859,validate,validate,0.8845933762172964,reject,reject
cstr_test_00454_r0,1,0.8950659044132654,reject,reject,0.9639025429165824,reject,reject,0.5697847405782955,validate,validate,0.452865997634465,validate,validate,0.528851491105904,validate,validate,0.4730103835816084,validate,validate,0.5261385419435357,validate,validate,0.4967725894637738,validate,validate,0.9706355399160354,reject,reject,0.9348907630116714,reject,reject,0.9698940224235917,reject,reject
cstr_test_00456_r0,0,0.6454429522133892,validate,validate,0.662774788524106,validate,validate,0.5948577722562283,validate,validate,0.3773424751984936,validate,validate,0.6934929268034337,validate,validate,0.3618387578287528,validate,validate,0.2711211769224659,validate,validate,0.26119210585952396,validate,validate,0.5031113532416456,validate,validate,0.5839163422303922,validate,validate,0.46485419942016626,validate,validate
cstr_test_00457_r0,1,0.9628346177063613,reject,reject,0.9757645701334463,reject,reject,0.5350733653465182,validate,validate,0.3957239545526048,validate,validate,0.6776496356546545,validate,validate,0.3824470323352625,validate,validate,0.43994571623727036,validate,validate,0.4371771201633081,validate,validate,0.9584580791663786,reject,reject,0.978640413549344,reject,reject,0.9579276014347615,reject,reject
cstr_test_00459_r0,0,0.2556138623468722,accept,validate,0.25190956946297594,accept,validate,0.3756949073058328,validate,validate,0.5672518596255121,validate,validate,0.32425845454804825,validate,validate,0.28754011421765474,validate,validate,0.36420142343919587,validate,validate,0.3894549977147929,validate,validate,0.23760595162661036,accept,validate,0.22010795520183532,validate,validate,0.2909172553033808,validate,validate
cstr_test_00460_r0,1,0.9226191557327041,reject,reject,0.9592231237697102,reject,reject,0.6077145025891451,validate,validate,0.6431925452166886,validate,validate,0.5766642292497615,validate,validate,0.8190341020942423,reject,reject,0.761655876852367,validate,validate,0.7854145719963029,validate,validate,0.9381637656770656,reject,reject,0.9436336146803638,reject,reject,0.9516518559196034,reject,reject
cstr_test_00463_r0,1,0.9436686068361798,reject,reject,0.9056494755181,reject,reject,0.5641109978239253,validate,validate,0.5642961221088776,validate,validate,0.45695605357522817,validate,validate,0.7790039594566858,validate,validate,0.7356610830251152,validate,validate,0.7380997728928642,validate,validate,0.9611903020721689,reject,reject,0.9234535885599855,reject,reject,0.961908664624252,reject,reject
cstr_test_00465_r0,0,0.0371306585747943,accept,accept,0.01504461068746789,accept,accept,0.47250455059829993,validate,validate,0.4368804692297719,validate,validate,0.3590859239344864,validate,validate,0.2423675020444473,validate,validate,0.21370923201834888,validate,validate,0.19563027424201646,validate,validate,0.06814460951555468,accept,validate,0.028488432824448105,accept,accept,0.0651370941199768,accept,accept
cstr_test_00466_r0,1,0.9850702990361799,reject,reject,0.995517114282582,reject,reject,0.8632287307234159,validate,validate,0.9925524402576064,reject,reject,0.973161797950524,reject,reject,0.9954458091075685,reject,reject,0.98946503255801,reject,reject,0.9914265969283188,reject,reject,0.9862520333367388,reject,reject,0.9963505327835607,reject,reject,0.9869064131615196,reject,reject
cstr_test_00468_r0,1,0.9146535186975897,reject,reject,0.9609950269383165,reject,reject,0.5550764483412174,validate,validate,0.6425900352978039,validate,validate,0.3945068484258664,validate,validate,0.6032677307475303,validate,validate,0.6594938875653096,validate,validate,0.6255656460498508,validate,validate,0.9724765631961386,reject,reject,0.9717551674869878,reject,reject,0.9759103039498986,reject,reject
cstr_test_00470_r0,1,0.8893406199214572,reject,reject,0.8227326893339537,validate,validate,0.5017478908923185,validate,validate,0.7072774686640603,validate,validate,0.6502950080241283,validate,validate,0.8592917635630424,reject,reject,0.8412573694844545,reject,reject,0.8460868083875587,reject,reject,0.9342515575357205,reject,reject,0.8466072898217024,validate,validate,0.9299720614550535,reject,reject
cstr_test_00474_r0,1,0.9915678201408904,reject,reject,0.9978907230145152,reject,reject,0.7556693281320129,validate,validate,0.9898912810571973,reject,reject,0.9670664897242099,reject,reject,0.998861062074078,reject,reject,0.9997681164387572,reject,reject,0.9995783048412685,reject,reject,0.999496013062353,reject,reject,0.996841902702946,reject,reject,0.9995752285706699,reject,reject
cstr_test_00476_r0,1,0.9951888183702673,reject,reject,0.9971362832327899,reject,reject,0.8288097602161906,validate,validate,0.959886966678914,reject,reject,0.9740760093900521,reject,reject,0.99549841339965,reject,reject,0.9901838752445893,reject,reject,0.9876544422682456,reject,reject,0.9998858546379847,reject,reject,0.9958335291512185,reject,reject,0.9998832048310186,reject,reject
cstr_test_00477_r0,1,0.3659890867134508,validate,validate,0.35821514348022293,validate,validate,0.5554426837747337,validate,validate,0.4343533779324783,validate,validate,0.4196414907275583,validate,validate,0.6437835059142492,validate,validate,0.6953739423365987,validate,validate,0.70172592221309,validate,validate,0.5329964265777025,validate,validate,0.34196988333890393,validate,validate,0.5557668272944435,validate,validate
cstr_test_00478_r0,0,0.1338490501513989,accept,accept,0.06518141674397022,accept,accept,0.511431581725641,validate,validate,0.2717833562926471,validate,validate,0.5418957549240794,validate,validate,0.28455768491533223,validate,validate,0.1579415251285924,validate,validate,0.13258504562042156,validate,validate,0.02423763241723318,accept,accept,0.03966607010228196,accept,accept,0.02808164731928277,accept,accept
cstr_test_00479_r0,1,0.22582984381251545,accept,validate,0.22852192034815372,accept,validate,0.6047757212658729,validate,validate,0.6378664877280052,validate,validate,0.4716153180096249,validate,validate,0.6596189253148237,validate,validate,0.658112094877234,validate,validate,0.6271825583141069,validate,validate,0.45029413851715433,validate,validate,0.28397901578977436,validate,validate,0.5357907536849189,validate,validate
cstr_test_00482_r0,0,0.17917846620209432,accept,validate,0.0917597447485011,accept,accept,0.382780528240926,validate,validate,0.5404550657842092,validate,validate,0.2883126679565411,validate,validate,0.5393179565398198,validate,validate,0.40120301870211594,validate,validate,0.4036531568042182,validate,validate,0.12840598609489876,accept,validate,0.10641919892342835,accept,accept,0.12980656160320603,accept,validate
cstr_test_00485_r0,1,0.9773446586121162,reject,reject,0.9817557494860141,reject,reject,0.6645075739605947,validate,validate,0.4414308644851492,validate,validate,0.7899290654934555,reject,reject,0.41185366054781847,validate,validate,0.5545927371690655,validate,validate,0.5667120093064411,validate,validate,0.983264938470643,reject,reject,0.9808836778775627,reject,reject,0.9762066395387021,reject,reject
cstr_test_00487_r0,0,0.2094448787143146,accept,validate,0.049237377443522495,accept,accept,0.6557143581100109,validate,validate,0.251188616248475,validate,validate,0.2858150161764306,validate,validate,0.25206881290250055,validate,validate,0.23264482938918563,validate,validate,0.24366820464055547,validate,validate,0.05940217330676704,accept,validate,0.05037779550629797,accept,accept,0.07409484218151942,accept,accept
cstr_test_00488_r0,1,0.6318524231351172,validate,validate,0.5420222430556549,validate,validate,0.672791831449277,validate,validate,0.4452981441338096,validate,validate,0.753335343160374,validate,validate,0.36939546225427694,validate,validate,0.30644063081243644,validate,validate,0.27449610644303174,validate,validate,0.5931243537182362,validate,validate,0.5847241241157812,validate,validate,0.5378989179379249,validate,validate
cstr_test_00491_r0,0,0.05343864307689392,accept,accept,0.012466299912209185,accept,accept,0.7927021369577407,validate,validate,0.2906965665270557,validate,validate,0.664954318117237,validate,validate,0.2354698053122895,validate,validate,0.14652806114355435,validate,validate,0.13618135892803226,validate,validate,0.005043772859944638,accept,accept,0.013942392693284988,accept,accept,0.005160491085637674,accept,accept
cstr_test_00493_r0,1,0.7738164682397141,validate,validate,0.7459858892173546,validate,validate,0.6356355266382515,validate,validate,0.5407810965835217,validate,validate,0.6939837730835073,validate,validate,0.79471672276956,reject,reject,0.8108943462992432,reject,reject,0.8669847508396303,reject,reject,0.8855944164131333,reject,reject,0.8392680095198641,validate,validate,0.8691600027531071,validate,validate
cstr_test_00494_r0,1,0.7201990990339344,validate,validate,0.7721182567471817,validate,validate,0.5908093618299216,validate,validate,0.3940273288469993,validate,validate,0.4385814245145331,validate,validate,0.6086300888914794,validate,validate,0.5792913663308734,validate,validate,0.595794838878704,validate,validate,0.8043522837711847,validate,validate,0.7407105134525902,validate,validate,0.781030628820537,validate,validate
cstr_test_00495_r0,1,0.9997457049477544,reject,reject,0.9999480685880816,reject,reject,0.8378740478786274,validate,validate,0.9925544940794017,reject,reject,0.9770663307543537,reject,reject,0.999613751233201,reject,reject,0.9998956998075946,reject,reject,0.9998844009213789,reject,reject,0.9999889481575074,reject,reject,0.9998816359748584,reject,reject,0.9999919398481488,reject,reject
cstr_test_00497_r0,0,0.08515478505522375,accept,accept,0.08943240275088978,accept,accept,0.3889678558118858,validate,validate,0.5693669533663561,validate,validate,0.4037314975490235,validate,validate,0.3779541268048172,validate,validate,0.26085671317519993,validate,validate,0.24596092821715174,validate,validate,0.07756210803233798,accept,validate,0.0859465007139535,accept,accept,0.09503112140416639,accept,validate
cstr_test_00500_r0,1,0.7787634048251331,validate,validate,0.8923959369241832,validate,validate,0.6433280570941847,validate,validate,0.6747851326339805,validate,validate,0.44376119913045775,validate,validate,0.6023060143226692,validate,validate,0.5248107311802183,validate,validate,0.47191819752737685,validate,validate,0.8649944717094551,validate,validate,0.9016212106601281,reject,reject,0.8804879051541704,reject,reject
cstr_test_00503_r0,1,0.8983555711300697,reject,reject,0.9271498859206766,reject,reject,0.6863642620238923,validate,validate,0.6072356385873364,validate,validate,0.7932856002886906,reject,reject,0.8654290283035407,reject,reject,0.8589952245475259,reject,reject,0.9086883577571783,reject,reject,0.979837586931624,reject,reject,0.9312109755541946,reject,reject,0.9674363849252594,reject,reject
cstr_test_00505_r0,1,0.4374355535326364,validate,validate,0.3535594374413469,validate,validate,0.5679476742330942,validate,validate,0.2384392760208795,validate,validate,0.5012714261118193,validate,validate,0.33049445573416014,validate,validate,0.27183206014753225,validate,validate,0.28556415414361747,validate,validate,0.19905464069578305,accept,validate,0.2709439101335164,validate,validate,0.21210193172831765,accept,validate
cstr_test_00507_r0,0,0.1675130619576807,accept,validate,0.17740885226267733,accept,validate,0.43950359141309325,validate,validate,0.4380113817073369,validate,validate,0.3990618167201788,validate,validate,0.333003004626315,validate,validate,0.41150192420402326,validate,validate,0.3765574120537202,validate,validate,0.22297664066899997,accept,validate,0.14178662983577128,accept,validate,0.24829689883425632,accept,validate
cstr_test_00509_r0,1,0.9997965371114034,reject,reject,0.9999743698014761,reject,reject,0.7821480732232293,validate,validate,0.9861711522906045,reject,reject,0.8476154693638206,reject,reject,0.9979425041140684,reject,reject,0.9982645264979381,reject,reject,0.9959217479116305,reject,reject,0.9999872707179008,reject,reject,0.9999501944735275,reject,reject,0.9999920146075898,reject,reject
cstr_test_00513_r0,1,0.9998385374005774,reject,reject,0.9999638389973174,reject,reject,0.8319287459512753,validate,validate,0.9902849592136607,reject,reject,0.9758715918512243,reject,reject,0.9996303494908148,reject,reject,0.9999613703091518,reject,reject,0.9999592845344533,reject,reject,0.9999969490553247,reject,reject,0.9999231252701369,reject,reject,0.9999969103281088,reject,reject
cstr_test_00514_r0,0,0.9008484663887784,reject,reject,0.9607399406556953,reject,reject,0.6247293858738854,validate,validate,0.6345519068957726,validate,validate,0.748061346376694,validate,validate,0.6632803421350323,validate,validate,0.5595443380061285,validate,validate,0.6356219764919903,validate,validate,0.8985423418409605,reject,reject,0.9594979085032364,reject,reject,0.8907960069343422,reject,reject
cstr_test_00517_r0,1,0.9983927307340982,reject,reject,0.9994751423654747,reject,reject,0.5560922750260764,validate,validate,0.9862080404992583,reject,reject,0.9351340114604513,reject,reject,0.9902693224647785,reject,reject,0.9824900257528776,reject,reject,0.966500712952901,reject,reject,0.9989077193675387,reject,reject,0.9992135049038562,reject,reject,0.9993234859126778,reject,reject
cstr_test_00522_r0,1,0.9990811054766878,reject,reject,0.999791991638304,reject,reject,0.6072525627839701,validate,validate,0.9941109998068217,reject,reject,0.9613821275039437,reject,reject,0.9919740003574047,reject,reject,0.9919501822116698,reject,reject,0.9943247529052828,reject,reject,0.997156776149755,reject,reject,0.9998384562469895,reject,reject,0.9974369135889268,reject,reject
cstr_test_00520_r0,1,0.8106580535852574,validate,validate,0.8667529491184944,validate,validate,0.40624169518928926,validate,validate,0.734614604485513,validate,validate,0.3873568804960919,validate,validate,0.5654861927701241,validate,validate,0.5407326006156867,validate,validate,0.5037639427089617,validate,validate,0.8581629610265681,validate,validate,0.84265693872384,validate,validate,0.8826508687407822,reject,reject
cstr_test_00525_r0,1,0.9997788944973861,reject,reject,0.9999573671830503,reject,reject,0.8789818096071326,reject,reject,0.9776004873099369,reject,reject,0.9836495655420042,reject,reject,0.999559855419102,reject,reject,0.9999249273919473,reject,reject,0.9999185863354023,reject,reject,0.9999969490553247,reject,reject,0.999947769411122,reject,reject,0.9999967635768578,reject,reject
cstr_test_00527_r0,0,0.4447494633152143,validate,validate,0.5203600089509676,validate,validate,0.5457409849162749,validate,validate,0.4294902441781152,validate,validate,0.5052599310884882,validate,validate,0.5725729416831553,validate,validate,0.6799206557614293,validate,validate,0.5624860226795821,validate,validate,0.37066554578808814,validate,validate,0.47429285863238246,validate,validate,0.43798884609831346,validate,validate
cstr_test_00529_r0,1,0.8662428675584622,validate,validate,0.9234874856265747,reject,reject,0.4743648813413875,validate,validate,0.681190586175044,validate,validate,0.3645942002310265,validate,validate,0.6736237238154921,validate,validate,0.6870984309490092,validate,validate,0.7044829829651361,validate,validate,0.8475353610148053,validate,validate,0.9346222230431132,reject,reject,0.8683420874654058,validate,validate
cstr_test_00531_r0,1,0.843932902804151,validate,validate,0.9638371767171059,reject,reject,0.44194665783850773,validate,validate,0.4021494825116437,validate,validate,0.5831896575162304,validate,validate,0.5267523348622326,validate,validate,0.489880477008449,validate,validate,0.4658847846312063,validate,validate,0.8931644480330563,reject,reject,0.9622008801548864,reject,reject,0.8837833560996214,reject,reject
cstr_test_00532_r0,1,0.820967645260481,validate,validate,0.802160317371368,validate,validate,0.768961255037839,validate,validate,0.8460602082747808,reject,reject,0.6824029062265888,validate,validate,0.7559263337017295,validate,validate,0.7109375466818396,validate,validate,0.7328720863302206,validate,validate,0.7860553549135996,validate,validate,0.8588124516002652,validate,validate,0.7699049943515782,validate,validate
cstr_test_00533_r0,1,0.9987808329817973,reject,reject,0.999517642867573,reject,reject,0.8617008171417194,validate,validate,0.9743255962398146,reject,reject,0.9735564975815458,reject,reject,0.9993852497868917,reject,reject,0.999728723972676,reject,reject,0.9997497038176764,reject,reject,0.9998663998598485,reject,reject,0.9992149264915856,reject,reject,0.9998857885641115,reject,reject
cstr_test_00535_r0,1,0.9997390396897707,reject,reject,0.9999654589038232,reject,reject,0.9438602583976572,reject,reject,0.9307632488674388,reject,reject,0.9520625945148812,reject,reject,0.9972594273681681,reject,reject,0.9994388603739032,reject,reject,0.9976750820310625,reject,reject,0.9999969490553247,reject,reject,0.9998781243037992,reject,reject,0.9999969103281088,reject,reject
cstr_test_00538_r0,0,0.05655911907181721,accept,accept,0.02444426336392955,accept,accept,0.5312829672417442,validate,validate,0.3940345030331973,validate,validate,0.4131952959905833,validate,validate,0.3955866149244516,validate,validate,0.3422351478599842,validate,validate,0.3664917901550718,validate,validate,0.06507812960670373,accept,validate,0.034185554594546336,accept,accept,0.06683999518105758,accept,accept
cstr_test_00540_r0,1,0.4816813091945951,validate,validate,0.4962738236563354,validate,validate,0.559702757366162,validate,validate,0.6198946594549896,validate,validate,0.469774733084316,validate,validate,0.4812877132341024,validate,validate,0.5659348105647862,validate,validate,0.6466857615290417,validate,validate,0.6451325684347502,validate,validate,0.5609271116280539,validate,validate,0.5140575165526353,validate,validate
cstr_test_00543_r0,0,0.06442680710865847,accept,accept,0.025865656633059897,accept,accept,0.5850701521184306,validate,validate,0.2963560660341584,validate,validate,0.38768680461710964,validate,validate,0.39049008443634814,validate,validate,0.2729540660518919,validate,validate,0.2810080812531568,validate,validate,0.03010514315749879,accept,accept,0.02057701386926093,accept,accept,0.0335317575474998,accept,accept
cstr_test_00545_r0,1,0.6340905807539302,validate,validate,0.7523254541693059,validate,validate,0.6702156506150714,validate,validate,0.7246270301198989,validate,validate,0.6102244076250724,validate,validate,0.7595628323460377,validate,validate,0.7031041820318865,validate,validate,0.8543056709645005,reject,reject,0.6349902225294847,validate,validate,0.7723549718729829,validate,validate,0.6507986431911169,validate,validate
cstr_test_00546_r0,0,0.13225885719655955,accept,accept,0.06021159208872451,accept,accept,0.6582034087612278,validate,validate,0.3681466124054237,validate,validate,0.4921242501708083,validate,validate,0.5941212169500237,validate,validate,0.44713972787516726,validate,validate,0.4726281940154413,validate,validate,0.11124222644314097,accept,validate,0.05254503680693629,accept,accept,0.11201789042616687,accept,validate
cstr_test_00550_r0,1,0.9961106768839407,reject,reject,0.9988570926767524,reject,reject,0.6201191795499649,validate,validate,0.928162078836516,reject,reject,0.8854353381029749,reject,reject,0.9970635697608866,reject,reject,0.997696523662503,reject,reject,0.9963482548090065,reject,reject,0.9996039624500462,reject,reject,0.9982495814323871,reject,reject,0.9996848417940074,reject,reject
cstr_test_00552_r0,0,0.32412492980068697,validate,validate,0.24316635796595953,accept,validate,0.5628179977789706,validate,validate,0.4317605439269936,validate,validate,0.7346785036054712,validate,validate,0.7356926395398125,validate,validate,0.7054287908343155,validate,validate,0.725172495443786,validate,validate,0.10762686090773393,accept,validate,0.2880071911445067,validate,validate,0.08377572731891306,accept,accept
cstr_test_00551_r0,0,0.04234178325996145,accept,accept,0.021956175041278187,accept,accept,0.7436407046674234,validate,validate,0.6522296840613486,validate,validate,0.46003877896030365,validate,validate,0.7688023713384851,validate,validate,0.5599396979475503,validate,validate,0.6786676819613269,validate,validate,0.08473476940725577,accept,validate,0.03025197104804779,accept,accept,0.06016891041741212,accept,accept
cstr_test_00556_r0,1,0.9976943496841683,reject,reject,0.9995796616003894,reject,reject,0.806299795688533,validate,validate,0.9953803078249804,reject,reject,0.9670923033351728,reject,reject,0.9858141106290688,reject,reject,0.9830463216456352,reject,reject,0.9901624866236881,reject,reject,0.9938019632209892,reject,reject,0.9993370758943857,reject,reject,0.9949951447242898,reject,reject
cstr_test_00557_r0,1,0.8625755493472265,validate,validate,0.8518089243561436,validate,validate,0.5459271765447814,validate,validate,0.36709262853896363,validate,validate,0.4276861373026685,validate,validate,0.23181518515463295,validate,validate,0.18879304788436715,validate,validate,0.1694485819812263,validate,validate,0.5807368548214036,validate,validate,0.7729770096912835,validate,validate,0.6018585466748565,validate,validate
cstr_test_00558_r0,0,0.07524435001668549,accept,accept,0.05529008912603972,accept,accept,0.473262876852028,validate,validate,0.28117967861530785,validate,validate,0.4646168203449867,validate,validate,0.31780196045377584,validate,validate,0.18527956342388327,validate,validate,0.20860365612256887,validate,validate,0.058559065995520646,accept,validate,0.07797401920290019,accept,accept,0.055603767507047284,accept,accept
cstr_test_00560_r0,0,0.03924177980830946,accept,accept,0.016361541305409788,accept,accept,0.5838592300157184,validate,validate,0.46283981503509264,validate,validate,0.4613480382272395,validate,validate,0.3880741307735182,validate,validate,0.36952590853132045,validate,validate,0.3509478389861005,validate,validate,0.021364671497080597,accept,accept,0.012894644548524828,accept,accept,0.02131518846972454,accept,accept
cstr_test_00562_r0,0,0.9224648673895458,reject,reject,0.955855132991526,reject,reject,0.8501925184765203,validate,validate,0.8284695241210286,reject,reject,0.7841594778919018,reject,reject,0.7608772455403376,validate,validate,0.8411577185596888,reject,reject,0.8769177720301202,reject,reject,0.9555093371940782,reject,reject,0.9359869691683771,reject,reject,0.9443390033317893,reject,reject
cstr_test_00565_r0,0,0.6857377456590492,validate,validate,0.6280467531144899,validate,validate,0.6001123890439027,validate,validate,0.2610239406461458,validate,validate,0.6634563921678219,validate,validate,0.29547018250110246,validate,validate,0.2364447399593668,validate,validate,0.2880436307130957,validate,validate,0.4301966203192579,validate,validate,0.5980474592859345,validate,validate,0.3721674288796045,validate,validate
cstr_test_00568_r0,1,0.9864730165249473,reject,reject,0.9960241109234523,reject,reject,0.7017416059397925,validate,validate,0.9715085031812837,reject,reject,0.8935429639325535,reject,reject,0.9967184548824969,reject,reject,0.9947560016698328,reject,reject,0.9905654738520486,reject,reject,0.9962704399256062,reject,reject,0.9952413968775229,reject,reject,0.9978962459508789,reject,reject
cstr_test_00567_r0,0,0.12040965098167758,accept,accept,0.08357355200716518,accept,accept,0.572004164761049,validate,validate,0.44698266539467196,validate,validate,0.39307351119578426,validate,validate,0.2486377939840434,validate,validate,0.16303116251538288,validate,validate,0.12746315507992065,validate,validate,0.07149019718330132,accept,validate,0.1021444828637346,accept,accept,0.06529773772346939,accept,accept
cstr_test_00569_r0,1,0.7862198594443932,validate,validate,0.793892945209076,validate,validate,0.7932335901433898,validate,validate,0.7412775547283703,validate,validate,0.6441474667263007,validate,validate,0.7736525942802625,validate,validate,0.6609842861719694,validate,validate,0.652531732538974,validate,validate,0.8275954712294006,validate,validate,0.7988400968825973,validate,validate,0.7892721841656362,validate,validate
cstr_test_00573_r0,1,0.9991044102826061,reject,reject,0.9998880488376874,reject,reject,0.9129719481424674,reject,reject,0.9867622144178101,reject,reject,0.9752974546968654,reject,reject,0.9993391511287072,reject,reject,0.9997179928802491,reject,reject,0.9997216082101471,reject,reject,0.9999897507076778,reject,reject,0.9998732807902274,reject,reject,0.9999863366990328,reject,reject
cstr_test_00574_r0,1,0.4394750119595102,validate,validate,0.2751107634742906,validate,validate,0.6535508456834206,validate,validate,0.4065569721515667,validate,validate,0.3425783674115546,validate,validate,0.34153466755661605,validate,validate,0.235777869868703,validate,validate,0.21455973974461934,validate,validate,0.17141326095061654,accept,validate,0.3111263973058419,validate,validate,0.17116693390196144,accept,validate
cstr_test_00577_r0,0,0.6544039918673806,validate,validate,0.6596633948913792,validate,validate,0.36039051157450064,validate,validate,0.6896041434553235,validate,validate,0.440057661063189,validate,validate,0.5801772270440285,validate,validate,0.5635275694739867,validate,validate,0.561730164296563,validate,validate,0.7605087826790522,validate,validate,0.6790262989343645,validate,validate,0.7718425717143411,validate,validate
cstr_test_00580_r0,1,0.8534265061742955,validate,validate,0.8734548813378584,validate,validate,0.5626544890803085,validate,validate,0.38580872782375175,validate,validate,0.5786485826634448,validate,validate,0.24543125125575208,validate,validate,0.26087578425851604,validate,validate,0.2253578620901958,validate,validate,0.3900996975847323,validate,validate,0.7466969379459858,validate,validate,0.47395187756077467,validate,validate
cstr_test_00582_r0,1,0.581332264916798,validate,validate,0.5382917327551606,validate,validate,0.48930560990790817,validate,validate,0.45870346063230816,validate,validate,0.23848254588132684,validate,validate,0.522618298954666,validate,validate,0.45565807802061814,validate,validate,0.3847532134766456,validate,validate,0.6935845012311254,validate,validate,0.5570483058795511,validate,validate,0.7307963078225547,validate,validate
cstr_test_00583_r0,1,0.49264366115750313,validate,validate,0.45602368028465506,validate,validate,0.7365894659024231,validate,validate,0.839299711680604,reject,reject,0.6452092054704933,validate,validate,0.5806530500092998,validate,validate,0.6242892309463154,validate,validate,0.633678956407464,validate,validate,0.3288348979849045,validate,validate,0.49899927028951574,validate,validate,0.30457558339167967,validate,validate
cstr_test_00585_r0,1,0.553818203461032,validate,validate,0.5529958538310783,validate,validate,0.612345935281044,validate,validate,0.23977757737066938,validate,validate,0.38729903916433484,validate,validate,0.34681605586941244,validate,validate,0.44625276097683303,validate,validate,0.4150510475705646,validate,validate,0.45854129848772834,validate,validate,0.4625823710829825,validate,validate,0.4744495358114643,validate,validate
cstr_test_00586_r0,1,0.9971812613415889,reject,reject,0.9990792578191607,reject,reject,0.813480670734138,validate,validate,0.9303370995706702,reject,reject,0.9462372984483531,reject,reject,0.9956096838121413,reject,reject,0.9979750459363371,reject,reject,0.9982648185325625,reject,reject,0.9999655930533576,reject,reject,0.9974252419301173,reject,reject,0.9999637590872701,reject,reject
cstr_test_00588_r0,1,0.9992853913279072,reject,reject,0.9997895889542318,reject,reject,0.6212684131144035,validate,validate,0.9935158058260776,reject,reject,0.976085218870422,reject,reject,0.9851146668538249,reject,reject,0.9817067109339299,reject,reject,0.9819955566964279,reject,reject,0.9983355575127987,reject,reject,0.999763512297078,reject,reject,0.9979260035022289,reject,reject
cstr_test_00589_r0,1,0.7363885213580305,validate,validate,0.815605671032267,validate,validate,0.7765102192505832,validate,validate,0.699441906837596,validate,validate,0.5991967780698935,validate,validate,0.4187721767615948,validate,validate,0.4588360624252686,validate,validate,0.5465325342608603,validate,validate,0.5507220676470251,validate,validate,0.8462463209174204,validate,validate,0.5096262329097649,validate,validate
cstr_test_00591_r0,1,0.4908944245546571,validate,validate,0.4742047024138085,validate,validate,0.44872044273314465,validate,validate,0.5617701070973637,validate,validate,0.7051450487705914,validate,validate,0.6767787900998604,validate,validate,0.5969349071678343,validate,validate,0.5447522164415394,validate,validate,0.5629415264290307,validate,validate,0.4937389021544748,validate,validate,0.5303609561921654,validate,validate
cstr_test_00595_r0,1,0.9445491990775645,reject,reject,0.9679230547492222,reject,reject,0.7434771665428895,validate,validate,0.7368668021858874,validate,validate,0.6329727920707734,validate,validate,0.6589955360626475,validate,validate,0.7290918804859953,validate,validate,0.7723171243360069,validate,validate,0.9774156835120777,reject,reject,0.9640149612687965,reject,reject,0.9737028738417701,reject,reject
cstr_test_00596_r0,1,0.7722367284371997,validate,validate,0.9042472403277587,reject,reject,0.5678132568526207,validate,validate,0.33805258913219943,validate,validate,0.3397413852226492,validate,validate,0.49170017459653603,validate,validate,0.489644361956584,validate,validate,0.5024764703478709,validate,validate,0.8882228703243509,reject,reject,0.8869250109792366,reject,reject,0.8779133753263052,reject,reject
cstr_test_00601_r0,1,0.8692564428376501,validate,validate,0.9567989274409533,reject,reject,0.6612255684058916,validate,validate,0.43827629728391687,validate,validate,0.6650511759853935,validate,validate,0.326089621758302,validate,validate,0.18297682600221918,validate,validate,0.14452903860021035,validate,validate,0.7717728166014665,validate,validate,0.9390156278633272,reject,reject,0.7517518625084965,validate,validate
cstr_test_00602_r0,1,0.839808565682612,validate,validate,0.7994844910130207,validate,validate,0.6161792731111775,validate,validate,0.7368616486480166,validate,validate,0.5571969471439909,validate,validate,0.8331592318744027,reject,reject,0.8832980383451998,reject,reject,0.869838999509089,reject,reject,0.8901974224688793,reject,reject,0.8233417673958233,validate,validate,0.8920338897759214,reject,reject
cstr_test_00607_r0,1,0.9982436042719275,reject,reject,0.999120278614064,reject,reject,0.8778167486544844,reject,reject,0.98715798247978,reject,reject,0.8965651527885691,reject,reject,0.9908156815959053,reject,reject,0.9890731280500525,reject,reject,0.9972315834849068,reject,reject,0.9993086983527535,reject,reject,0.9994916412259602,reject,reject,0.9985824482734799,reject,reject
cstr_test_00605_r0,1,0.5292956228183948,validate,validate,0.5646691943379069,validate,validate,0.5620846065253495,validate,validate,0.6309721095185481,validate,validate,0.3400871516414016,validate,validate,0.6412876665422291,validate,validate,0.5915176211607678,validate,validate,0.5262643377989957,validate,validate,0.6535719257664665,validate,validate,0.6139977136566325,validate,validate,0.6434699784762197,validate,validate
cstr_test_00610_r0,0,0.19134959109938995,accept,validate,0.19092910387596188,accept,validate,0.6195183189161466,validate,validate,0.4995532415051606,validate,validate,0.39976938894877184,validate,validate,0.5273512646908406,validate,validate,0.5892588477712418,validate,validate,0.5446218015932319,validate,validate,0.3570422045795295,validate,validate,0.20983307877675708,accept,validate,0.3840410245774298,validate,validate
cstr_test_00611_r0,0,0.462969539059005,validate,validate,0.4130494476794463,validate,validate,0.5106125460757748,validate,validate,0.543728009455996,validate,validate,0.4731784583886287,validate,validate,0.5137030436202903,validate,validate,0.553287695329166,validate,validate,0.5073922087841621,validate,validate,0.35466527679320414,validate,validate,0.5137358509063189,validate,validate,0.37268042236351684,validate,validate
cstr_test_00615_r0,0,0.3927057182548248,validate,validate,0.45848090043037204,validate,validate,0.6013270134376476,validate,validate,0.40149539229177117,validate,validate,0.45338385987561947,validate,validate,0.20916598956813,validate,validate,0.1562377395164358,validate,validate,0.15691800674926618,validate,validate,0.34615982478097546,validate,validate,0.41285988212373687,validate,validate,0.39272900970378816,validate,validate
cstr_test_00619_r0,1,0.9979150704614127,reject,reject,0.9996952683739302,reject,reject,0.916076139118175,reject,reject,0.9628667970821185,reject,reject,0.9785821978013783,reject,reject,0.9994945804587388,reject,reject,0.999923945327748,reject,reject,0.9998506092022973,reject,reject,0.999855276070893,reject,reject,0.999502307905134,reject,reject,0.9998401785755943,reject,reject
cstr_test_00617_r0,1,0.978827088223546,reject,reject,0.9828570288753355,reject,reject,0.718343004410215,validate,validate,0.6031078452663577,validate,validate,0.5752256445544995,validate,validate,0.7518629527349724,validate,validate,0.7530527870421259,validate,validate,0.7854985947655004,validate,validate,0.9793054021122877,reject,reject,0.9768687487513168,reject,reject,0.9818458264841494,reject,reject
cstr_test_00620_r0,0,0.31115927567551027,validate,validate,0.1996139989999694,accept,validate,0.6221357154638267,validate,validate,0.6833842503431365,validate,validate,0.3989233840516205,validate,validate,0.6002769620412375,validate,validate,0.5424941448475099,validate,validate,0.5654039616483301,validate,validate,0.3396210857032385,validate,validate,0.28760582785505,validate,validate,0.3396918147822293,validate,validate
cstr_test_00623_r0,1,0.9602389842256337,reject,reject,0.9745079301152709,reject,reject,0.6764074191992061,validate,validate,0.7105073011962452,validate,validate,0.6812245762437413,validate,validate,0.6466114180833773,validate,validate,0.759642558147769,validate,validate,0.7334233809727867,validate,validate,0.940599891301924,reject,reject,0.9691832517916805,reject,reject,0.9452820011327738,reject,reject
cstr_test_00624_r0,1,0.9964928298244656,reject,reject,0.9985306109787172,reject,reject,0.6006127691078114,validate,validate,0.9936341109606862,reject,reject,0.9502482985226547,reject,reject,0.9674795337284234,reject,reject,0.9406691699002013,reject,reject,0.952615694141934,reject,reject,0.9976198543113229,reject,reject,0.9986091333296809,reject,reject,0.9976056388737493,reject,reject
cstr_test_00625_r0,1,0.6980576370139855,validate,validate,0.6113235910820154,validate,validate,0.6386323374695304,validate,validate,0.42964337333052277,validate,validate,0.43633197263558626,validate,validate,0.4218239899232244,validate,validate,0.6727391249707754,validate,validate,0.69913058531206,validate,validate,0.7921174071281585,validate,validate,0.6222349113689055,validate,validate,0.762832662665601,validate,validate
cstr_test_00627_r0,0,0.5898501130679075,validate,validate,0.28860018194388426,validate,validate,0.43934464033866155,validate,validate,0.6769299999209984,validate,validate,0.5033642088418688,validate,validate,0.5812184844714408,validate,validate,0.6217517609793375,validate,validate,0.6191211467273486,validate,validate,0.34979243894418655,validate,validate,0.38395232962701675,validate,validate,0.3836133083241271,validate,validate
cstr_test_00631_r0,0,0.6563076241936443,validate,validate,0.73888721071872,validate,validate,0.5372019440945355,validate,validate,0.5408533251646462,validate,validate,0.5280044508906233,validate,validate,0.6233026711915213,validate,validate,0.6503346359058985,validate,validate,0.7128052813636621,validate,validate,0.7404129128397166,validate,validate,0.7715169081549782,validate,validate,0.6889159945645719,validate,validate
cstr_test_00633_r0,1,0.9697144491499573,reject,reject,0.9807711233049495,reject,reject,0.5205610386152524,validate,validate,0.7587161852265542,validate,validate,0.625841127762336,validate,validate,0.893570531520257,reject,reject,0.8840165947995661,reject,reject,0.9098502879118573,reject,reject,0.9883865272110471,reject,reject,0.9861878745764978,reject,reject,0.9841195461361106,reject,reject
cstr_test_00635_r0,1,0.9986598903567513,reject,reject,0.9996005130557684,reject,reject,0.5650822345738915,validate,validate,0.9755378565226691,reject,reject,0.9359761600770764,reject,reject,0.9953004986309384,reject,reject,0.9912513032276768,reject,reject,0.987067015204845,reject,reject,0.9986947249711988,reject,reject,0.9994995742495846,reject,reject,0.9988944316204679,reject,reject
cstr_test_00637_r0,1,0.9996066985528512,reject,reject,0.99988753234843,reject,reject,0.8021732913131593,validate,validate,0.996786935032114,reject,reject,0.9882297990021424,reject,reject,0.9957273924547951,reject,reject,0.9744940634214093,reject,reject,0.9882792507752336,reject,reject,0.9996448037444533,reject,reject,0.999857097275266,reject,reject,0.9996551732207902,reject,reject
cstr_test_00638_r0,0,0.018165394270261204,accept,accept,0.005563263567909049,accept,accept,0.8156190549955642,validate,validate,0.6221746497053668,validate,validate,0.2581172319757407,validate,validate,0.7305908931811459,validate,validate,0.810091575027476,reject,reject,0.8042435976346469,validate,validate,0.2683695858434548,validate,validate,0.013183954193172835,accept,accept,0.3445589546700615,validate,validate
cstr_test_00639_r0,0,0.139660926885743,accept,accept,0.11150307370516195,accept,accept,0.4034048903879637,validate,validate,0.6811224046913911,validate,validate,0.5317334396535753,validate,validate,0.2732592141835642,validate,validate,0.3392768750380645,validate,validate,0.35351245600156644,validate,validate,0.06743546667297497,accept,validate,0.18909664708084603,accept,validate,0.06724181922975785,accept,accept
cstr_test_00643_r0,0,0.012653345718233682,accept,accept,0.010328458676613852,accept,accept,0.5164544374910658,validate,validate,0.34449519947053364,validate,validate,0.4392566789248869,validate,validate,0.31471016229554777,validate,validate,0.22242463053072764,validate,validate,0.24833564249688644,validate,validate,0.013427889380944203,accept,accept,0.018560645168627782,accept,accept,0.016640170281689206,accept,accept
cstr_test_00645_r0,1,0.9996647158545942,reject,reject,0.9999251454801837,reject,reject,0.8857871757013187,reject,reject,0.9923967439285765,reject,reject,0.9709288034557694,reject,reject,0.9989092422605674,reject,reject,0.9997642520198432,reject,reject,0.9997227869100626,reject,reject,0.9999764072053422,reject,reject,0.9998788704319356,reject,reject,0.9999788603696391,reject,reject
cstr_test_00646_r0,0,0.23363314381786685,accept,validate,0.18416415532464997,accept,validate,0.6740829258561442,validate,validate,0.42870427410926315,validate,validate,0.7125887894654239,validate,validate,0.6833271855304641,validate,validate,0.7007253024105738,validate,validate,0.6504296839082803,validate,validate,0.3601842847946851,validate,validate,0.20089772739415185,accept,validate,0.35121093751992727,validate,validate
cstr_test_00651_r0,1,0.9991401746319876,reject,reject,0.9998959645257756,reject,reject,0.840733278215142,validate,validate,0.9505325770144235,reject,reject,0.9652975041445822,reject,reject,0.9985366469195667,reject,reject,0.9993545748312394,reject,reject,0.9975557303744029,reject,reject,0.9999768581838251,reject,reject,0.9998008731361193,reject,reject,0.9999822983079668,reject,reject
cstr_test_00647_r0,0,0.09901574860438236,accept,accept,0.08349464574519462,accept,accept,0.42684129145490435,validate,validate,0.4589828414601651,validate,validate,0.34980815376152313,validate,validate,0.2662089613922214,validate,validate,0.3955671159724,validate,validate,0.39761844525790757,validate,validate,0.0942857009394269,accept,validate,0.0724228942236199,accept,accept,0.10893128145452126,accept,validate
cstr_test_00652_r0,0,0.13125547542056823,accept,accept,0.1595458345676067,accept,accept,0.47996129596626963,validate,validate,0.4729801677268155,validate,validate,0.431521420407487,validate,validate,0.47590817561843113,validate,validate,0.3772410375646488,validate,validate,0.35596395729206337,validate,validate,0.18755212002852215,accept,validate,0.18293680685945948,accept,validate,0.19968527504000483,accept,validate
cstr_test_00655_r0,0,0.036259182515336684,accept,accept,0.013888367205061945,accept,accept,0.6316568621047737,validate,validate,0.2762893853882745,validate,validate,0.2924374788468021,validate,validate,0.11297171225879381,validate,validate,0.1349912873498734,validate,validate,0.12304246466843169,validate,validate,0.022058153371373866,accept,accept,0.01657886150766366,accept,accept,0.020092390148759583,accept,accept
cstr_test_00656_r0,1,0.18335629288928448,accept,validate,0.22039861161711075,accept,validate,0.5676061432495547,validate,validate,0.6679700666998872,validate,validate,0.7269753185277983,validate,validate,0.44126801552270345,validate,validate,0.44021055091111605,validate,validate,0.3608651412786928,validate,validate,0.08273333252636304,accept,validate,0.18337686015327798,accept,validate,0.08646974933451562,accept,accept
cstr_test_00658_r0,1,0.9557734138634669,reject,reject,0.9634289835540389,reject,reject,0.6239571607023426,validate,validate,0.689877841325905,validate,validate,0.6500948604093666,validate,validate,0.6437815118645884,validate,validate,0.6184590442378635,validate,validate,0.5851192339831606,validate,validate,0.9245032911553409,reject,reject,0.9543201497763136,reject,reject,0.9301921706241498,reject,reject
cstr_test_00661_r0,0,0.4874856071185486,validate,validate,0.40269959007153283,validate,validate,0.6260918891680768,validate,validate,0.4644081395157248,validate,validate,0.31043744734963363,validate,validate,0.49583413023271994,validate,validate,0.5210233034660375,validate,validate,0.550886071157389,validate,validate,0.42801601862683325,validate,validate,0.4117182418254381,validate,validate,0.45077506330434647,validate,validate
cstr_test_00660_r0,1,0.8085905654082475,validate,validate,0.8051124074613574,validate,validate,0.4877781241189375,validate,validate,0.39463750175522233,validate,validate,0.4579345325907256,validate,validate,0.32747250908726033,validate,validate,0.35166152533925576,validate,validate,0.42146706457160726,validate,validate,0.6580610272327977,validate,validate,0.725425397218186,validate,validate,0.7082743083548156,validate,validate
cstr_test_00666_r0,1,0.9998381287520832,reject,reject,0.9999866606931767,reject,reject,0.7291358201478492,validate,validate,0.9768461485647235,reject,reject,0.981150577464536,reject,reject,0.9965012479814334,reject,reject,0.9971376736145956,reject,reject,0.9972869342065281,reject,reject,0.9999966295348894,reject,reject,0.9999747737582846,reject,reject,0.9999969103281088,reject,reject
cstr_test_00667_r0,0,0.2092609006725626,accept,validate,0.25147968421148376,accept,validate,0.551182073876679,validate,validate,0.44359906723479675,validate,validate,0.5050232781054022,validate,validate,0.460927981232567,validate,validate,0.5069040180806266,validate,validate,0.4608379006725159,validate,validate,0.19307158132030863,accept,validate,0.20102755099205857,accept,validate,0.19435109229156783,accept,validate
cstr_test_00668_r0,0,0.21159339719822062,accept,validate,0.17969401663975346,accept,validate,0.3492128790673207,validate,validate,0.35284139929102715,validate,validate,0.4902338707236952,validate,validate,0.4521604014899746,validate,validate,0.3249433078986215,validate,validate,0.35911822913422803,validate,validate,0.12151508817794386,accept,validate,0.24407663471759689,validate,validate,0.1192317768810076,accept,validate
cstr_test_00671_r0,0,0.23363573645600658,accept,validate,0.22674971807961813,accept,validate,0.6474942841014798,validate,validate,0.7656539178649,validate,validate,0.6826493404665506,validate,validate,0.52160251551183,validate,validate,0.6091050007878298,validate,validate,0.5563460467382433,validate,validate,0.36872836322499253,validate,validate,0.22165092738242229,validate,validate,0.4206502693650603,validate,validate
cstr_test_00672_r0,0,0.5792509569415273,validate,validate,0.6063070476912827,validate,validate,0.6973995302769064,validate,validate,0.2574459220435305,validate,validate,0.22994352000837345,validate,validate,0.5893503401350508,validate,validate,0.5907034318440544,validate,validate,0.5839989049984774,validate,validate,0.5964241112458423,validate,validate,0.5714680007542269,validate,validate,0.624562963084517,validate,validate
cstr_test_00676_r0,0,0.17629766315395343,accept,validate,0.1177051899019719,accept,accept,0.5560212813616565,validate,validate,0.5019611066024007,validate,validate,0.48848730882081615,validate,validate,0.4298097721065495,validate,validate,0.3170144408208187,validate,validate,0.2722640397330828,validate,validate,0.09476525117828342,accept,validate,0.09428644859781922,accept,accept,0.11310974831888364,accept,validate
cstr_test_00678_r0,1,0.9994357157785664,reject,reject,0.9998679503929341,reject,reject,0.7912591179432115,validate,validate,0.9778062962789222,reject,reject,0.9529932575482557,reject,reject,0.9983346292598398,reject,reject,0.9987672600262696,reject,reject,0.9987802228120588,reject,reject,0.9999336847921592,reject,reject,0.9998692156444934,reject,reject,0.9998883341115845,reject,reject
cstr_test_00677_r0,0,0.4816476652876247,validate,validate,0.45103027945475976,validate,validate,0.6789726875387582,validate,validate,0.25212807611551336,validate,validate,0.5577378965061425,validate,validate,0.4805506993878482,validate,validate,0.3365560176694037,validate,validate,0.4937420533581642,validate,validate,0.51221362928179,validate,validate,0.3710006533458083,validate,validate,0.44117360703637715,validate,validate
cstr_test_00682_r0,1,0.9994517426874512,reject,reject,0.9998437286032532,reject,reject,0.790853369616382,validate,validate,0.9944062236450603,reject,reject,0.9745829619181517,reject,reject,0.9912032457053344,reject,reject,0.9959114398246226,reject,reject,0.9954944942562061,reject,reject,0.9994956279804434,reject,reject,0.999731153383611,reject,reject,0.9993381549225119,reject,reject
cstr_test_00679_r0,1,0.7696257742672152,validate,validate,0.6836845858411854,validate,validate,0.6148417169087994,validate,validate,0.5292778124685704,validate,validate,0.7535139606282671,validate,validate,0.576996027151507,validate,validate,0.5630348804956976,validate,validate,0.4558280314626408,validate,validate,0.45625177729588234,validate,validate,0.6820909923252504,validate,validate,0.39875145969874876,validate,validate
cstr_test_00685_r0,1,0.8502508878926635,validate,validate,0.9290152045897159,reject,reject,0.4179085952970487,validate,validate,0.5514980468651504,validate,validate,0.5317622688426047,validate,validate,0.7611152565077359,validate,validate,0.6761214645541208,validate,validate,0.6444599983237891,validate,validate,0.9572255248989416,reject,reject,0.9376844538851382,reject,reject,0.9555398924109864,reject,reject
cstr_test_00686_r0,1,0.7308901676150861,validate,validate,0.7080644234514808,validate,validate,0.7547746916338959,validate,validate,0.8299779528747318,reject,reject,0.7562594544172968,validate,validate,0.7933943199930367,reject,reject,0.7772004867229221,validate,validate,0.7490470565894697,validate,validate,0.8892466268024782,reject,reject,0.6641979854614024,validate,validate,0.8709374674312156,validate,validate
cstr_test_00689_r0,0,0.18800907487421192,accept,validate,0.13450732389462922,accept,accept,0.6948842838280048,validate,validate,0.38989368981241374,validate,validate,0.523122880177569,validate,validate,0.6349879880672866,validate,validate,0.563280517816847,validate,validate,0.5816016100493013,validate,validate,0.1438082507431222,accept,validate,0.1379200687009882,accept,validate,0.1395888616365748,accept,validate
cstr_test_00691_r0,1,0.9995814826341196,reject,reject,0.9998660898996673,reject,reject,0.8424936807053153,validate,validate,0.9683768746612847,reject,reject,0.9423969007670927,reject,reject,0.9977253171507057,reject,reject,0.9985907922617556,reject,reject,0.9978056058964183,reject,reject,0.9999940724891335,reject,reject,0.9998675856159286,reject,reject,0.9999928851794371,reject,reject
cstr_test_00693_r0,1,0.9998143988204082,reject,reject,0.9998887219682778,reject,reject,0.8423375905670988,validate,validate,0.9925331564408517,reject,reject,0.9727609586965739,reject,reject,0.9986345865215182,reject,reject,0.9996134466609223,reject,reject,0.9996561099015783,reject,reject,0.9999672578166775,reject,reject,0.9998400065630734,reject,reject,0.9999762980748659,reject,reject
cstr_test_00694_r0,0,0.04310368923944417,accept,accept,0.04071202941807277,accept,accept,0.5642726541605427,validate,validate,0.39378771594610434,validate,validate,0.5451998654700171,validate,validate,0.5497451534795299,validate,validate,0.6555189437152537,validate,validate,0.44919277043914324,validate,validate,0.1121120813207774,accept,validate,0.023080309321989918,accept,accept,0.12910876599101115,accept,validate
cstr_test_00698_r0,1,0.9745311876602258,reject,reject,0.9751359864565771,reject,reject,0.7936584077948423,validate,validate,0.8170667983685429,reject,reject,0.7970312311427934,reject,reject,0.7463661918446046,validate,validate,0.7286411268843245,validate,validate,0.6769720677098584,validate,validate,0.9454300550467718,reject,reject,0.9712157493464975,reject,reject,0.923261232738074,reject,reject
cstr_test_00699_r0,1,0.8215777059370429,validate,validate,0.8395216270055013,validate,validate,0.5583913574590224,validate,validate,0.4581370037699772,validate,validate,0.4964869431763675,validate,validate,0.6367967973209078,validate,validate,0.551397678358904,validate,validate,0.52167832255972,validate,validate,0.7964313887881995,validate,validate,0.8640113258575647,validate,validate,0.8077254922031413,validate,validate
cstr_test_00701_r0,1,0.9989935203120445,reject,reject,0.9997755714648802,reject,reject,0.40029782673719383,validate,validate,0.9952203040359913,reject,reject,0.9414507609731536,reject,reject,0.9737690103644148,reject,reject,0.9862600531899568,reject,reject,0.9842520445856477,reject,reject,0.9955623817623146,reject,reject,0.9996675740605485,reject,reject,0.9972903196399324,reject,reject
cstr_test_00702_r0,1,0.9076586993174081,reject,reject,0.9462843538618706,reject,reject,0.4634877143452392,validate,validate,0.637311452308134,validate,validate,0.6728015656731137,validate,validate,0.4494459847963506,validate,validate,0.3587397552162794,validate,validate,0.4356867136238437,validate,validate,0.9402613900086763,reject,reject,0.9695970589687666,reject,reject,0.9051302145314706,reject,reject
cstr_test_00704_r0,0,0.3245410502208019,validate,validate,0.31198096678508097,validate,validate,0.5516730229848609,validate,validate,0.5326370512586672,validate,validate,0.5706771300594724,validate,validate,0.5481173476054084,validate,validate,0.6217070636909026,validate,validate,0.721202705098146,validate,validate,0.2919137974016733,validate,validate,0.37990974150614515,validate,validate,0.24938641617061869,accept,validate
cstr_test_00706_r0,1,0.5710780979216196,validate,validate,0.6246110908823447,validate,validate,0.7066196909002826,validate,validate,0.38387015985817036,validate,validate,0.5742129215954119,validate,validate,0.6050226194177906,validate,validate,0.6736195432452248,validate,validate,0.7013732429434841,validate,validate,0.8243020587619159,validate,validate,0.4787379135231441,validate,validate,0.8329021142823179,validate,validate
cstr_test_00709_r0,0,0.3427151689729153,validate,validate,0.19171101641875601,accept,validate,0.5794449591500427,validate,validate,0.6780237465656898,validate,validate,0.6771802807704842,validate,validate,0.7047530227155269,validate,validate,0.6567547658616719,validate,validate,0.6689637039611663,validate,validate,0.12314034963928977,accept,validate,0.22046702302677662,validate,validate,0.13843655461650714,accept,validate
cstr_test_00710_r0,0,0.23976528677358547,accept,validate,0.16854768351439914,accept,validate,0.6472397790471572,validate,validate,0.3346714391530975,validate,validate,0.42041512762466515,validate,validate,0.5893569434549284,validate,validate,0.6132212810530586,validate,validate,0.6728134348672701,validate,validate,0.21824012620577787,accept,validate,0.20520657182290558,accept,validate,0.1787598578941717,accept,validate
cstr_test_00712_r0,0,0.23574790923215888,accept,validate,0.15137553357331013,accept,accept,0.6605737152436492,validate,validate,0.31018313282281984,validate,validate,0.5715755587346515,validate,validate,0.2807802091753534,validate,validate,0.31563425186670574,validate,validate,0.282734870332816,validate,validate,0.08325500034888281,accept,validate,0.06768089724802774,accept,accept,0.1151465065306742,accept,validate
cstr_test_00715_r0,0,0.11598879358535956,accept,accept,0.10021432476033083,accept,accept,0.8892683873227988,reject,reject,0.19920287971228554,validate,validate,0.4295791040614832,validate,validate,0.47352962179105323,validate,validate,0.2034220783965886,validate,validate,0.19425860073125964,validate,validate,0.03188160949165284,accept,accept,0.1536132490441111,accept,validate,0.0354054448686691,accept,accept
cstr_test_00716_r0,1,0.8532264208525656,validate,validate,0.8543565834460191,validate,validate,0.6782309482790352,validate,validate,0.7072847538512785,validate,validate,0.5950435871443982,validate,validate,0.5627606962917102,validate,validate,0.6451571128691864,validate,validate,0.6228081909816762,validate,validate,0.7384534659811283,validate,validate,0.851964600977733,validate,validate,0.7574409796071226,validate,validate
cstr_test_00720_r0,1,0.9981612343928395,reject,reject,0.9995645921368821,reject,reject,0.812124904730065,validate,validate,0.8976718518247836,reject,reject,0.9415142342325508,reject,reject,0.9853918314945416,reject,reject,0.989544531645658,reject,reject,0.9850151297803178,reject,reject,0.9984729444401962,reject,reject,0.9992552499154472,reject,reject,0.9992228733388553,reject,reject
cstr_test_00719_r0,0,0.14975868043863907,accept,accept,0.12202981755492856,accept,accept,0.43437866237747075,validate,validate,0.2790148616498574,validate,validate,0.2761918738509438,validate,validate,0.41268753574621997,validate,validate,0.3421728798698504,validate,validate,0.35039680010938556,validate,validate,0.164708919690895,accept,validate,0.1656205424251869,accept,validate,0.17262964384315363,accept,validate
cstr_test_00722_r0,0,0.2909817488422325,accept,validate,0.2730541910879183,validate,validate,0.830784016145922,validate,validate,0.2951090608950953,validate,validate,0.6039179629004282,validate,validate,0.3580397668995364,validate,validate,0.3358108120955031,validate,validate,0.25551843484940506,validate,validate,0.27857332927287337,validate,validate,0.16408871469196928,accept,validate,0.2837872664004509,validate,validate
cstr_test_00724_r0,0,0.057229770643874495,accept,accept,0.046455662509981205,accept,accept,0.41119927908703857,validate,validate,0.3701820299463756,validate,validate,0.5048372223812182,validate,validate,0.4927443485178801,validate,validate,0.4421637227309173,validate,validate,0.4460754559275895,validate,validate,0.07120760298547447,accept,validate,0.04990305968903137,accept,accept,0.06884884958554956,accept,accept
cstr_test_00727_r0,1,0.9955221501967655,reject,reject,0.9963638201067342,reject,reject,0.7916217625051953,validate,validate,0.970124443856595,reject,reject,0.9415984409183097,reject,reject,0.975069223221854,reject,reject,0.9873746711996467,reject,reject,0.9900054549897803,reject,reject,0.9983849107173028,reject,reject,0.9968138582064432,reject,reject,0.9978376135309399,reject,reject
cstr_test_00729_r0,0,0.13074807001694488,accept,accept,0.09471276867406102,accept,accept,0.6818038268320051,validate,validate,0.32383811123717077,validate,validate,0.440265192957081,validate,validate,0.16613563984606983,validate,validate,0.18809649398375206,validate,validate,0.15727572691701333,validate,validate,0.06904938779404833,accept,validate,0.09799470460095927,accept,accept,0.07473008197871454,accept,accept
cstr_test_00731_r0,1,0.8071910909984245,validate,validate,0.7792514526816178,validate,validate,0.634287813945659,validate,validate,0.42715941570537713,validate,validate,0.4361228061829316,validate,validate,0.4377891625336037,validate,validate,0.445196974027795,validate,validate,0.4533560059924894,validate,validate,0.6708866321044941,validate,validate,0.8180945186510524,validate,validate,0.7144335133060212,validate,validate
cstr_test_00732_r0,1,0.7307676075795728,validate,validate,0.7788419615450799,validate,validate,0.6920284815462613,validate,validate,0.6124788593969276,validate,validate,0.6712455672207617,validate,validate,0.7328050215407789,validate,validate,0.5813425264047216,validate,validate,0.5125134804785382,validate,validate,0.543609982998797,validate,validate,0.7571446432316384,validate,validate,0.5116454906994958,validate,validate
cstr_test_00734_r0,1,0.8793122531386159,reject,reject,0.9405045805792666,reject,reject,0.5353528847583707,validate,validate,0.7112156843525602,validate,validate,0.6358699418179802,validate,validate,0.6910580760843588,validate,validate,0.7308709511427207,validate,validate,0.6871817204023997,validate,validate,0.8352609964973601,validate,validate,0.930303303682028,reject,reject,0.8714331804245778,validate,validate
cstr_test_00735_r0,1,0.9397861305157011,reject,reject,0.9427990452936154,reject,reject,0.5694796068659622,validate,validate,0.3124464236303527,validate,validate,0.5564173235181558,validate,validate,0.45547126742784383,validate,validate,0.3998537009143572,validate,validate,0.4031285907294672,validate,validate,0.8223687802387164,validate,validate,0.8912934801082392,reject,reject,0.8504925792025846,validate,validate
cstr_test_00738_r0,0,0.5562231265604135,validate,validate,0.6444482840671392,validate,validate,0.6500733224254756,validate,validate,0.6743823050076653,validate,validate,0.6614956131751002,validate,validate,0.6525252281276844,validate,validate,0.6534416535085057,validate,validate,0.7030328611428031,validate,validate,0.6169681610164567,validate,validate,0.5953000218456901,validate,validate,0.6401679446721813,validate,validate
cstr_test_00740_r0,1,0.653666597344392,validate,validate,0.6951415044276141,validate,validate,0.5980137556976176,validate,validate,0.3747548438305566,validate,validate,0.44068559358086146,validate,validate,0.6656303257974022,validate,validate,0.6584097422614313,validate,validate,0.6487707970448969,validate,validate,0.6222447513153028,validate,validate,0.5988654157753126,validate,validate,0.6628418786246884,validate,validate
cstr_test_00742_r0,0,0.06018704725067384,accept,accept,0.033209181032252386,accept,accept,0.4589572899975048,validate,validate,0.4274534866592204,validate,validate,0.49664278448137084,validate,validate,0.2586600815630268,validate,validate,0.2851837657021141,validate,validate,0.23977247759423706,validate,validate,0.025280337909243764,accept,accept,0.02729517351011851,accept,accept,0.03530138990618842,accept,accept
cstr_test_00744_r0,1,0.9999058673084024,reject,reject,0.9999845245718192,reject,reject,0.8725619225842534,reject,reject,0.9915955521327054,reject,reject,0.972623592692433,reject,reject,0.999494716210544,reject,reject,0.9997401028801093,reject,reject,0.9997937796888042,reject,reject,0.9999940447499733,reject,reject,0.9999822943854069,reject,reject,0.9999919556298185,reject,reject
cstr_test_00745_r0,1,0.481378675336437,validate,validate,0.3503199621027458,validate,validate,0.6329072858632564,validate,validate,0.797108459332113,reject,reject,0.5762001425582924,validate,validate,0.6937150917780653,validate,validate,0.6683962928215759,validate,validate,0.6772298799772608,validate,validate,0.5783963142537027,validate,validate,0.3680958128703769,validate,validate,0.6139648928290238,validate,validate
cstr_test_00749_r0,0,0.913133246234032,reject,reject,0.9311374469495242,reject,reject,0.7724930716240228,validate,validate,0.8596466787971192,reject,reject,0.6772995331520307,validate,validate,0.6955247379923574,validate,validate,0.8197141179531114,reject,reject,0.8272275222451392,reject,reject,0.989782006953078,reject,reject,0.9751720727377771,reject,reject,0.9610010106538832,reject,reject
cstr_test_00750_r0,1,0.999575523971851,reject,reject,0.9998495026915498,reject,reject,0.8409664898566915,validate,validate,0.9885644855061537,reject,reject,0.9302522311029726,reject,reject,0.9982700005078331,reject,reject,0.9982695675457512,reject,reject,0.9980376021997768,reject,reject,0.9998840037589583,reject,reject,0.9998163788838202,reject,reject,0.9999052037110645,reject,reject
cstr_test_00751_r0,0,0.1950979176570245,accept,validate,0.09909821072564426,accept,accept,0.4106898304834033,validate,validate,0.3367846918643747,validate,validate,0.5108786631986436,validate,validate,0.35379182635737205,validate,validate,0.34490595567050936,validate,validate,0.35970468391195815,validate,validate,0.09089296247254029,accept,validate,0.08723212553226083,accept,accept,0.09151607686104608,accept,validate
cstr_test_00756_r0,1,0.39424491046315613,validate,validate,0.37718836678218,validate,validate,0.6361917424075466,validate,validate,0.3813018693041035,validate,validate,0.40491020898549546,validate,validate,0.7300106256459588,validate,validate,0.781488435528726,validate,validate,0.7487245509480752,validate,validate,0.5406602630796634,validate,validate,0.3564088221854302,validate,validate,0.5249843030891143,validate,validate
cstr_test_00757_r0,1,0.35527438697820385,validate,validate,0.2796952811980403,validate,validate,0.6935703718645891,validate,validate,0.3544594250581446,validate,validate,0.5504080953516284,validate,validate,0.398999751743758,validate,validate,0.42164824784350535,validate,validate,0.4960572932200198,validate,validate,0.22882416627933172,accept,validate,0.258162934944081,validate,validate,0.20236948956514658,accept,validate
cstr_test_00759_r0,1,0.8669935352563315,validate,validate,0.9101131360930218,reject,reject,0.4203124681795961,validate,validate,0.48426103541491616,validate,validate,0.3286561269203402,validate,validate,0.7908220118968935,reject,reject,0.7784287925823336,validate,validate,0.7500261823716888,validate,validate,0.9390677864526853,reject,reject,0.923893549394789,reject,reject,0.9348740747854144,reject,reject
cstr_test_00761_r0,0,0.21184674015470206,accept,validate,0.14740875729943037,accept,accept,0.8241124858029055,validate,validate,0.8100704249597688,reject,reject,0.6318122268138936,validate,validate,0.8524283381217662,reject,reject,0.8791873201862607,reject,reject,0.879329240084569,reject,reject,0.4746434011355735,validate,validate,0.11691536110149235,accept,accept,0.4532418423909654,validate,validate
cstr_test_00764_r0,1,0.9962317560262343,reject,reject,0.9990216193487932,reject,reject,0.6954810241830002,validate,validate,0.9649879879714515,reject,reject,0.9699461358691965,reject,reject,0.9981681627426618,reject,reject,0.9991503216003151,reject,reject,0.9990845473662083,reject,reject,0.9999920453976084,reject,reject,0.9987568613194102,reject,reject,0.9999877642230586,reject,reject
cstr_test_00765_r0,1,0.3165995607713568,validate,validate,0.34048830656270124,validate,validate,0.6951458124913857,validate,validate,0.7952025970066199,reject,reject,0.6659290847435562,validate,validate,0.5548361279117106,validate,validate,0.5738942914729451,validate,validate,0.49593780539493204,validate,validate,0.1958634523222889,accept,validate,0.32680453067494286,validate,validate,0.1794309902120654,accept,validate
cstr_test_00766_r0,0,0.22319614896241072,accept,validate,0.19866511930640834,accept,validate,0.47894788829704804,validate,validate,0.5784733304223817,validate,validate,0.37308337002840297,validate,validate,0.5044119305071688,validate,validate,0.5540935856421332,validate,validate,0.5026229007015953,validate,validate,0.17122811507591093,accept,validate,0.14241457480215133,accept,validate,0.19732111513666234,accept,validate
cstr_test_00769_r0,0,0.48513013146921047,validate,validate,0.4781625155459522,validate,validate,0.5144109268975164,validate,validate,0.3711070005565058,validate,validate,0.315679489086236,validate,validate,0.3739887764502862,validate,validate,0.4144771881785227,validate,validate,0.4361722074557657,validate,validate,0.4081101728399742,validate,validate,0.4994166607862441,validate,validate,0.4241088050429535,validate,validate
cstr_test_00771_r0,0,0.23558582507555523,accept,validate,0.24261290835535915,accept,validate,0.5943170872615804,validate,validate,0.46893242238066274,validate,validate,0.6067483290581961,validate,validate,0.4011898937313991,validate,validate,0.38530431155783285,validate,validate,0.3819825623212132,validate,validate,0.2590798663225393,validate,validate,0.3406405505358307,validate,validate,0.23228077898580046,accept,validate
cstr_test_00773_r0,1,0.9994290029786776,reject,reject,0.9998614203443559,reject,reject,0.7004063366401343,validate,validate,0.9901697571811153,reject,reject,0.9640846763370953,reject,reject,0.998606759220878,reject,reject,0.999603235109996,reject,reject,0.9996248624560657,reject,reject,0.9998974096329707,reject,reject,0.9997492379612348,reject,reject,0.9999279128682402,reject,reject
cstr_test_00774_r0,1,0.9485359802944219,reject,reject,0.9437725454974588,reject,reject,0.6069767932979735,validate,validate,0.6615816613432983,validate,validate,0.5750232507779245,validate,validate,0.6727159839685779,validate,validate,0.6295099528404009,validate,validate,0.6724659247207746,validate,validate,0.8576031913466258,validate,validate,0.9208040057492958,reject,reject,0.8728030570718076,validate,validate
cstr_test_00775_r0,0,0.26289584938641813,accept,validate,0.1699479871046167,accept,validate,0.7168192919411278,validate,validate,0.4123242972313716,validate,validate,0.49035844018008556,validate,validate,0.30566928442686175,validate,validate,0.21033377881412327,validate,validate,0.22563983788618094,validate,validate,0.14172551712158168,accept,validate,0.2505389218234641,validate,validate,0.11101679121052416,accept,validate
cstr_test_00778_r0,1,0.9970968063019172,reject,reject,0.9987048333271351,reject,reject,0.7778519934567506,validate,validate,0.9969818463321902,reject,reject,0.9604533909854361,reject,reject,0.9979526490386098,reject,reject,0.9942989287383208,reject,reject,0.9962706211754643,reject,reject,0.9951903605292454,reject,reject,0.9982842329434217,reject,reject,0.9954733930807259,reject,reject
cstr_test_00781_r0,1,0.9978363297007324,reject,reject,0.999765702726088,reject,reject,0.8355655946779277,validate,validate,0.9447117903512631,reject,reject,0.9248837812379013,reject,reject,0.9980043119542836,reject,reject,0.9995327607696005,reject,reject,0.9997232138127852,reject,reject,0.9999665589087393,reject,reject,0.9997419623993191,reject,reject,0.9999692366435655,reject,reject
cstr_test_00780_r0,0,0.24223644233400743,accept,validate,0.1946683053726276,accept,validate,0.6127233337947304,validate,validate,0.43954359864783027,validate,validate,0.3326900097087719,validate,validate,0.47790875907762254,validate,validate,0.524552740339568,validate,validate,0.5492558000815859,validate,validate,0.24167510935452627,accept,validate,0.20904341872833918,accept,validate,0.27312345478928485,validate,validate
cstr_test_00785_r0,1,0.8581331538163941,validate,validate,0.8925651035289422,validate,validate,0.5550698821761281,validate,validate,0.354170260655255,validate,validate,0.3043193298190311,validate,validate,0.41065674443861977,validate,validate,0.5236126140085554,validate,validate,0.436387789103439,validate,validate,0.8142809948015817,validate,validate,0.8709573928067885,validate,validate,0.7973333942191569,validate,validate
cstr_test_00787_r0,1,0.47188744975051605,validate,validate,0.4601889988827991,validate,validate,0.628360625922054,validate,validate,0.36099006151955815,validate,validate,0.3443029140073601,validate,validate,0.3574042680896462,validate,validate,0.43530790970324673,validate,validate,0.43968618205616533,validate,validate,0.5188798077840067,validate,validate,0.41673005435148686,validate,validate,0.5114345815757478,validate,validate
cstr_test_00788_r0,0,0.09759880081772991,accept,accept,0.03345254738834587,accept,accept,0.5888828186770962,validate,validate,0.25191772124207107,validate,validate,0.6069394622314311,validate,validate,0.3227519219041271,validate,validate,0.33188599725681506,validate,validate,0.4078861386651358,validate,validate,0.04591773123943068,accept,accept,0.03334810094990879,accept,accept,0.04054230411853563,accept,accept
cstr_test_00791_r0,1,0.7630809232714595,validate,validate,0.8170851411694213,validate,validate,0.6373800066017498,validate,validate,0.7683084129597677,validate,validate,0.7399022756920826,validate,validate,0.763586111293361,validate,validate,0.7553153738223626,validate,validate,0.7198256796435348,validate,validate,0.8170819172096874,validate,validate,0.8330784219117918,validate,validate,0.8284965308153576,validate,validate
cstr_test_00794_r0,1,0.9985468203704783,reject,reject,0.9996272177004785,reject,reject,0.689940759892753,validate,validate,0.9467124242545127,reject,reject,0.9031578684024372,reject,reject,0.9985588690405904,reject,reject,0.9978136109298317,reject,reject,0.9949628011480072,reject,reject,0.9999635505649939,reject,reject,0.9996166304484517,reject,reject,0.999972616896984,reject,reject
cstr_test_00792_r0,1,0.9587523504602169,reject,reject,0.9681772680464867,reject,reject,0.5978808057449116,validate,validate,0.33919511793636664,validate,validate,0.37334048245488877,validate,validate,0.36422600715518444,validate,validate,0.3337492104396626,validate,validate,0.4382290899770603,validate,validate,0.9566673885738748,reject,reject,0.9727898284228897,reject,reject,0.9442191969152823,reject,reject
cstr_test_00796_r0,1,0.7907571122911805,validate,validate,0.8734026332805224,validate,validate,0.6765117579795388,validate,validate,0.705919940219629,validate,validate,0.5477524009491891,validate,validate,0.8088784919893607,reject,reject,0.7776525000405898,validate,validate,0.7588350700880346,validate,validate,0.8501585496696769,validate,validate,0.855110060895378,validate,validate,0.872452820509867,validate,validate
cstr_test_00799_r0,1,0.92770314315992,reject,reject,0.9398788276919309,reject,reject,0.4237436181735994,validate,validate,0.5952681281694353,validate,validate,0.32666814536668576,validate,validate,0.7028488826876929,validate,validate,0.7560706159372366,validate,validate,0.755076391673894,validate,validate,0.9338489080485318,reject,reject,0.9197422542113907,reject,reject,0.947557488919808,reject,reject
cstr_test_00802_r0,1,0.9996977251803489,reject,reject,0.999933276869766,reject,reject,0.7080602057096449,validate,validate,0.9684306726745838,reject,reject,0.9489959704929262,reject,reject,0.9928345887626198,reject,reject,0.9907249145258923,reject,reject,0.9906329164595232,reject,reject,0.999790193552781,reject,reject,0.9998697051019322,reject,reject,0.9997175984384143,reject,reject
cstr_test_00803_r0,0,0.7026128753631733,validate,validate,0.7315628801911043,validate,validate,0.40492749152814156,validate,validate,0.7121063058512217,validate,validate,0.6875796833154296,validate,validate,0.5901373360658503,validate,validate,0.5142164107728302,validate,validate,0.5014106984818077,validate,validate,0.6002917768050213,validate,validate,0.796631787952582,validate,validate,0.5824348211920155,validate,validate
cstr_test_00806_r0,0,0.35462344236373555,validate,validate,0.38982002971731505,validate,validate,0.5829067720286877,validate,validate,0.34476346844772054,validate,validate,0.5924978621090378,validate,validate,0.33039105085316145,validate,validate,0.2966366927918622,validate,validate,0.28922793408358827,validate,validate,0.180677287849685,accept,validate,0.26277568834906,validate,validate,0.20542200693523122,accept,validate
cstr_test_00807_r0,1,0.9332719663883948,reject,reject,0.9569518304418624,reject,reject,0.47272348122846625,validate,validate,0.724064107862136,validate,validate,0.39262230135520326,validate,validate,0.5995000063983329,validate,validate,0.5619125421070118,validate,validate,0.434219825755099,validate,validate,0.9385265573590813,reject,reject,0.9279392461461414,reject,reject,0.9614331725432136,reject,reject
cstr_test_00808_r0,1,0.9999219063166966,reject,reject,0.9999746784961235,reject,reject,0.7442624321217672,validate,validate,0.9730347958508194,reject,reject,0.9536357685246436,reject,reject,0.999167608140819,reject,reject,0.9998684694873823,reject,reject,0.9998962644614394,reject,reject,0.9999969490553247,reject,reject,0.9999552889846107,reject,reject,0.9999969103281088,reject,reject
cstr_test_00810_r0,1,0.9940270895708041,reject,reject,0.9983992178031162,reject,reject,0.8547689942768022,validate,validate,0.9871047241318988,reject,reject,0.980185327264855,reject,reject,0.9992884499430674,reject,reject,0.9994596299975442,reject,reject,0.9994341204448997,reject,reject,0.9927286001867732,reject,reject,0.9971148640192777,reject,reject,0.9926549321598175,reject,reject
cstr_test_00812_r0,1,0.8219897620480963,validate,validate,0.7846212163967602,validate,validate,0.8615471757255095,validate,validate,0.409630029442298,validate,validate,0.3366971963639046,validate,validate,0.4300234144674764,validate,validate,0.5947555765509347,validate,validate,0.7044148283459265,validate,validate,0.5364433004335312,validate,validate,0.7856963233383875,validate,validate,0.561112354081389,validate,validate
cstr_test_00814_r0,1,0.747527062275059,validate,validate,0.8954663386933153,validate,validate,0.7141106525595117,validate,validate,0.5945117862840168,validate,validate,0.8271942487165201,reject,reject,0.7343352527682835,validate,validate,0.6544744035378354,validate,validate,0.6179064310325215,validate,validate,0.8788958538617133,validate,validate,0.8611571307759781,validate,validate,0.9026201766569113,reject,reject
cstr_test_00817_r0,0,0.06419153927801427,accept,accept,0.03211298462604712,accept,accept,0.4700136834524662,validate,validate,0.5562135580717278,validate,validate,0.32096632975426964,validate,validate,0.34357626805798036,validate,validate,0.382473268851551,validate,validate,0.3751811064061099,validate,validate,0.08286380348296217,accept,validate,0.04417093025212404,accept,accept,0.09817935827919581,accept,validate
cstr_test_00818_r0,1,0.9990968634642378,reject,reject,0.9994493890082486,reject,reject,0.8109934954667126,validate,validate,0.9851118976080618,reject,reject,0.965325963273387,reject,reject,0.9832731074659787,reject,reject,0.9932975791899414,reject,reject,0.9924516491820609,reject,reject,0.9998831449138025,reject,reject,0.9990994278934546,reject,reject,0.9998652289713946,reject,reject
cstr_test_00821_r0,0,0.6180042372480279,validate,validate,0.42617545106044386,validate,validate,0.5572161875893707,validate,validate,0.6196534885248194,validate,validate,0.37906699632026686,validate,validate,0.742373325161165,validate,validate,0.681169741995992,validate,validate,0.6464142237585234,validate,validate,0.7420262609426117,validate,validate,0.552271578709297,validate,validate,0.7624390946831264,validate,validate
cstr_test_00823_r0,1,0.5374228796851317,validate,validate,0.42238100499641396,validate,validate,0.5425488266896445,validate,validate,0.32710141387768804,validate,validate,0.3994867235899623,validate,validate,0.4108763504856577,validate,validate,0.45297589742612154,validate,validate,0.5093250158709045,validate,validate,0.38942917578736036,validate,validate,0.4712155976214018,validate,validate,0.33111800125321117,validate,validate
cstr_test_00824_r0,0,0.820586458315654,validate,validate,0.8553659626858783,validate,validate,0.826557148092567,validate,validate,0.7853801365060327,validate,validate,0.6893906259049124,validate,validate,0.6855056772945222,validate,validate,0.5846869610438824,validate,validate,0.5661766297750348,validate,validate,0.7415825585733947,validate,validate,0.7729854395837291,validate,validate,0.7550345640960889,validate,validate
cstr_test_00828_r0,1,0.875050200175444,reject,reject,0.8363889524539524,validate,validate,0.7238972746641086,validate,validate,0.6888482093267816,validate,validate,0.7667148371255076,validate,validate,0.7630744073967715,validate,validate,0.7748451554047765,validate,validate,0.7918128194449996,validate,validate,0.8339645649370617,validate,validate,0.8087174127961608,validate,validate,0.8107936584787397,validate,validate
cstr_test_00831_r0,1,0.9985861244570908,reject,reject,0.999734164800216,reject,reject,0.8689553569810359,reject,reject,0.9060920702134226,reject,reject,0.9634534809214282,reject,reject,0.9982317918011387,reject,reject,0.9993879425969922,reject,reject,0.9996175136932502,reject,reject,0.9999344315854733,reject,reject,0.999678230695615,reject,reject,0.9998923223373138,reject,reject
cstr_test_00830_r0,0,0.3457786863394003,validate,validate,0.5015614578638783,validate,validate,0.596460357780706,validate,validate,0.23293702326256346,validate,validate,0.38469648840571147,validate,validate,0.47934070723056904,validate,validate,0.4792464577389454,validate,validate,0.42450720013283505,validate,validate,0.2136159857941269,accept,validate,0.22333023128146912,validate,validate,0.2918922858267413,validate,validate
cstr_test_00832_r0,0,0.23982682727988144,accept,validate,0.21387222281648335,accept,validate,0.6976277835882744,validate,validate,0.2654023120103624,validate,validate,0.5139893534217311,validate,validate,0.27018092594649634,validate,validate,0.3744890140238761,validate,validate,0.46454030005966623,validate,validate,0.1259812001602166,accept,validate,0.14228709194257935,accept,validate,0.12739225882495053,accept,validate
cstr_test_00834_r0,0,0.034495577861771196,accept,accept,0.012556807698671856,accept,accept,0.6131907453480474,validate,validate,0.5568288659834164,validate,validate,0.37940994447002796,validate,validate,0.5408389226481645,validate,validate,0.5270481949937426,validate,validate,0.6129006745602584,validate,validate,0.04295415514785228,accept,accept,0.023086585958798072,accept,accept,0.0496770776995436,accept,accept
cstr_test_00839_r0,1,0.9984368683805763,reject,reject,0.9997112417008166,reject,reject,0.8818043766021412,reject,reject,0.9435592392350207,reject,reject,0.9525609909818712,reject,reject,0.9992946758367721,reject,reject,0.9992635365150122,reject,reject,0.9990731380042394,reject,reject,0.9999748905122564,reject,reject,0.9996112611677407,reject,reject,0.999978899360911,reject,reject
cstr_test_00836_r0,1,0.7037924157138469,validate,validate,0.7395112422599636,validate,validate,0.7747269459925435,validate,validate,0.7919992005055765,validate,validate,0.6251145275828288,validate,validate,0.5918432059476612,validate,validate,0.6544784418749416,validate,validate,0.6201110658753188,validate,validate,0.6255414557044505,validate,validate,0.5490797407142894,validate,validate,0.6756907277996582,validate,validate
cstr_test_00840_r0,0,0.41954506402255753,validate,validate,0.3700662067000731,validate,validate,0.719234463751688,validate,validate,0.6672436368944079,validate,validate,0.5969166236402235,validate,validate,0.6290958726902248,validate,validate,0.5877068377324479,validate,validate,0.5397473822948593,validate,validate,0.19698100755214823,accept,validate,0.29528306942140475,validate,validate,0.22915625023770078,accept,validate
cstr_test_00843_r0,1,0.9991040537489793,reject,reject,0.9997859929872782,reject,reject,0.7782511926714254,validate,validate,0.9780236804763325,reject,reject,0.9743562214148187,reject,reject,0.9983204107289327,reject,reject,0.9920204344758147,reject,reject,0.9961394280908185,reject,reject,0.9994184379168585,reject,reject,0.9997931157249883,reject,reject,0.9994235797293206,reject,reject
cstr_test_00842_r0,1,0.6201662471492935,validate,validate,0.6376261551620585,validate,validate,0.5401701624349019,validate,validate,0.5722930899826231,validate,validate,0.5739205515034009,validate,validate,0.5972349611365398,validate,validate,0.5954332132395308,validate,validate,0.6374214486959038,validate,validate,0.8417180094337583,validate,validate,0.7960233034744207,validate,validate,0.8167751508289651,validate,validate
cstr_test_00848_r0,1,0.8918584254777191,reject,reject,0.903799074635763,reject,reject,0.7560310141777494,validate,validate,0.6377948334887693,validate,validate,0.6657743282133671,validate,validate,0.7783424650677413,validate,validate,0.7426201365178938,validate,validate,0.8178794586056202,reject,reject,0.9763786629411049,reject,reject,0.9078136226626583,reject,reject,0.9705225495148133,reject,reject
cstr_test_00849_r0,0,0.1377601615036964,accept,accept,0.08049853426676318,accept,accept,0.4705508169083082,validate,validate,0.3550772311928431,validate,validate,0.5312927917396707,validate,validate,0.41126301349065186,validate,validate,0.38963714413885814,validate,validate,0.3821280425246745,validate,validate,0.08987590345982642,accept,validate,0.08358198969682992,accept,accept,0.09241905296590452,accept,validate
cstr_test_00851_r0,1,0.9999191504253363,reject,reject,0.9999912248384266,reject,reject,0.6214897031320313,validate,validate,0.9610011564312567,reject,reject,0.9334621689370073,reject,reject,0.9923001746573611,reject,reject,0.9954498930780152,reject,reject,0.9982214850980199,reject,reject,0.9999828947585437,reject,reject,0.9999854100721128,reject,reject,0.9999837290445307,reject,reject
cstr_test_00852_r0,1,0.903821894880947,reject,reject,0.960243319149321,reject,reject,0.5437220281200784,validate,validate,0.6140537848404486,validate,validate,0.7355308833542353,validate,validate,0.3212381138136528,validate,validate,0.41142739260146477,validate,validate,0.44225065020594806,validate,validate,0.9342337048498984,reject,reject,0.9639074377190138,reject,reject,0.9208039233713115,reject,reject
cstr_test_00854_r0,1,0.9941391558324317,reject,reject,0.9983001954763743,reject,reject,0.8289587682387183,validate,validate,0.9746320590379716,reject,reject,0.9724953150788634,reject,reject,0.998197167362196,reject,reject,0.9991430720394593,reject,reject,0.9990570149507689,reject,reject,0.9998894352360096,reject,reject,0.9984276234571666,reject,reject,0.9998657470843316,reject,reject
cstr_test_00855_r0,1,0.9439630576825123,reject,reject,0.9357462427296608,reject,reject,0.8305153401820804,validate,validate,0.7878317011091551,validate,validate,0.7559768467762773,validate,validate,0.7210653095721787,validate,validate,0.7379440656538906,validate,validate,0.7661927773742908,validate,validate,0.8728474158012044,validate,validate,0.8788560451575225,reject,reject,0.8825736452613037,reject,reject
cstr_test_00858_r0,1,0.9997858247374661,reject,reject,0.9999422488137135,reject,reject,0.8698222598792682,reject,reject,0.997289928674751,reject,reject,0.9269239161902103,reject,reject,0.9800434118199582,reject,reject,0.993022299148486,reject,reject,0.9946894201494981,reject,reject,0.9996722427888434,reject,reject,0.9999336113507907,reject,reject,0.9994433746160737,reject,reject
cstr_test_00861_r0,1,0.8624999254985657,validate,validate,0.9009724596342262,reject,reject,0.7697728086201946,validate,validate,0.8735908989213755,reject,reject,0.8345398002704075,reject,reject,0.5393267778988375,validate,validate,0.6260026187437139,validate,validate,0.542015836797705,validate,validate,0.8084077118243841,validate,validate,0.7959838102875165,validate,validate,0.840459521416158,validate,validate
cstr_test_00862_r0,1,0.6835744540228407,validate,validate,0.8377899957051227,validate,validate,0.6670996197720597,validate,validate,0.32125231052748,validate,validate,0.32422811955063396,validate,validate,0.42104705908393425,validate,validate,0.5719462766180586,validate,validate,0.5967370558601651,validate,validate,0.7462731083500422,validate,validate,0.8700545802784626,validate,validate,0.7681225841921905,validate,validate
cstr_test_00864_r0,1,0.7238388529681271,validate,validate,0.6843283247317552,validate,validate,0.3776086482367084,validate,validate,0.41769523727913244,validate,validate,0.452652117842872,validate,validate,0.45458995730760166,validate,validate,0.41495355539060735,validate,validate,0.44831040029339847,validate,validate,0.7122164663607923,validate,validate,0.6254906622402332,validate,validate,0.723006924017974,validate,validate
cstr_test_00867_r0,1,0.3983776378972148,validate,validate,0.4320996542712742,validate,validate,0.6641955850899007,validate,validate,0.32671203561658557,validate,validate,0.5413633238263786,validate,validate,0.41584142586671735,validate,validate,0.25285853757140314,validate,validate,0.24834983365345423,validate,validate,0.29159271265461456,validate,validate,0.34420679020854916,validate,validate,0.257613998109783,validate,validate
cstr_test_00869_r0,1,0.643971817392806,validate,validate,0.7067947949419844,validate,validate,0.7049575358731032,validate,validate,0.6369195318047642,validate,validate,0.6439270185140392,validate,validate,0.7519036272098072,validate,validate,0.6839970156849151,validate,validate,0.7098984726002567,validate,validate,0.6628579921917264,validate,validate,0.6987356760627623,validate,validate,0.6688192702412957,validate,validate
cstr_test_00870_r0,0,0.0790769326526829,accept,accept,0.04337291078623283,accept,accept,0.41855211625072364,validate,validate,0.23922887163978407,validate,validate,0.35489740914823464,validate,validate,0.40444647732410877,validate,validate,0.42340499786342595,validate,validate,0.4380365225707957,validate,validate,0.05064611087664134,accept,validate,0.04237917766972766,accept,accept,0.049402778055694055,accept,accept
cstr_test_00873_r0,1,0.9463512470717907,reject,reject,0.9824307076383155,reject,reject,0.8510344352016477,validate,validate,0.80491423190135,reject,reject,0.7717308188682765,validate,validate,0.8493059505028356,reject,reject,0.8926769673410885,reject,reject,0.8535826460814825,reject,reject,0.9917240936494573,reject,reject,0.9751166076752114,reject,reject,0.9909467504264823,reject,reject
cstr_test_00875_r0,1,0.770331079395207,validate,validate,0.8199537081976358,validate,validate,0.5773640699214578,validate,validate,0.48158153461562175,validate,validate,0.33431239333774015,validate,validate,0.6028805173640919,validate,validate,0.5848118142096418,validate,validate,0.6946422292354522,validate,validate,0.771036133751618,validate,validate,0.8415927297875276,validate,validate,0.7382615523536157,validate,validate
cstr_test_00878_r0,1,0.37515124346589374,validate,validate,0.25105715229670555,accept,validate,0.7351839154581463,validate,validate,0.6408633896589007,validate,validate,0.7883792007832973,reject,reject,0.7657835733169662,validate,validate,0.6907838470512865,validate,validate,0.6557989334207165,validate,validate,0.5480815977211168,validate,validate,0.32297601382454943,validate,validate,0.4821119761226484,validate,validate
cstr_test_00880_r0,0,0.05709319931622396,accept,accept,0.025342295304622748,accept,accept,0.5800444558011802,validate,validate,0.45102787724805515,validate,validate,0.5121868066601929,validate,validate,0.37042251061695103,validate,validate,0.5222045119535338,validate,validate,0.4264460851530304,validate,validate,0.02273762816274083,accept,accept,0.01884968148329173,accept,accept,0.027174079665170794,accept,accept
cstr_test_00882_r0,0,0.03977890261369186,accept,accept,0.025909391596941597,accept,accept,0.4542339240465273,validate,validate,0.26977167225376775,validate,validate,0.46048594855836467,validate,validate,0.26965723164570704,validate,validate,0.26411553635339974,validate,validate,0.25151410971927346,validate,validate,0.03605338995073006,accept,accept,0.028939598750460295,accept,accept,0.03877570342015185,accept,accept
cstr_test_00885_r0,0,0.6452009180106884,validate,validate,0.42611345475943263,validate,validate,0.5635913708689364,validate,validate,0.4754481432437165,validate,validate,0.41523874201286565,validate,validate,0.6517747097125003,validate,validate,0.6532078286425986,validate,validate,0.672383553879,validate,validate,0.5566380754882924,validate,validate,0.4496504157223933,validate,validate,0.5510525515152946,validate,validate
cstr_test_00887_r0,1,0.8389877910184155,validate,validate,0.8730718491716375,validate,validate,0.7860359094499071,validate,validate,0.7517212361061382,validate,validate,0.7248659429022216,validate,validate,0.6447246415837234,validate,validate,0.6807468413526714,validate,validate,0.7172767993737958,validate,validate,0.747336668941993,validate,validate,0.7537863634604651,validate,validate,0.7661643315949516,validate,validate
cstr_test_00889_r0,1,0.9467388918431456,reject,reject,0.9574963421059486,reject,reject,0.7727451230965375,validate,validate,0.6505533487873754,validate,validate,0.6922620089395546,validate,validate,0.6872242192039535,validate,validate,0.5525106856253554,validate,validate,0.5075280204651581,validate,validate,0.837055087262198,validate,validate,0.9241990672794149,reject,reject,0.8544098999114365,validate,validate
cstr_test_00891_r0,0,0.11494855148752872,accept,accept,0.07034568478433033,accept,accept,0.8805901234583076,reject,reject,0.4373089458212429,validate,validate,0.5227285412872871,validate,validate,0.6134838498615981,validate,validate,0.5774966249088918,validate,validate,0.5376252803273636,validate,validate,0.04771369526921387,accept,accept,0.06686648533585222,accept,accept,0.03527396578419275,accept,accept
cstr_test_00893_r0,0,0.348144151902797,validate,validate,0.41979912636171535,validate,validate,0.5843549908061504,validate,validate,0.3051842461966498,validate,validate,0.3436113319500557,validate,validate,0.3309957020115963,validate,validate,0.34865912437548546,validate,validate,0.36017217954989494,validate,validate,0.24519911005245484,accept,validate,0.30945009912446775,validate,validate,0.2472147868229641,accept,validate
cstr_test_00894_r0,1,0.9992773314558344,reject,reject,0.9999340821249965,reject,reject,0.5340576236998843,validate,validate,0.9960907668594164,reject,reject,0.9717293807750862,reject,reject,0.9818938196651016,reject,reject,0.9865208938662753,reject,reject,0.9831801738552868,reject,reject,0.9983463573547624,reject,reject,0.9998159428091937,reject,reject,0.9992587518916473,reject,reject
cstr_test_00895_r0,0,0.1492518896801284,accept,accept,0.12438892544692845,accept,accept,0.5751738563448431,validate,validate,0.4139759221597389,validate,validate,0.2987680689477988,validate,validate,0.4111409118985796,validate,validate,0.4515202021105735,validate,validate,0.564782395613437,validate,validate,0.11005702939886418,accept,validate,0.1422200422375824,accept,validate,0.10843495452115719,accept,validate
cstr_test_00898_r0,0,0.5344168716376702,validate,validate,0.5173881453606867,validate,validate,0.6131343973111306,validate,validate,0.4876242409127268,validate,validate,0.41389397410630163,validate,validate,0.5941542826753088,validate,validate,0.6253814320007541,validate,validate,0.6178028847250593,validate,validate,0.5930262146978048,validate,validate,0.5866988777014828,validate,validate,0.6302302433544529,validate,validate
cstr_test_00901_r0,0,0.02554666917356455,accept,accept,0.016801859075443806,accept,accept,0.4873524136633867,validate,validate,0.37576376070934975,validate,validate,0.4022973360970993,validate,validate,0.45869862166258674,validate,validate,0.31712846625101265,validate,validate,0.2810297486922418,validate,validate,0.011974493312821313,accept,accept,0.019955510793914073,accept,accept,0.013795734232080635,accept,accept
cstr_test_00904_r0,1,0.8299678276143275,validate,validate,0.8853453788510188,validate,validate,0.853502694661035,validate,validate,0.8483202481501567,reject,reject,0.8117311198591233,reject,reject,0.7298955806663714,validate,validate,0.7635236759534503,validate,validate,0.7349138612173534,validate,validate,0.6759943883187411,validate,validate,0.7846174437749016,validate,validate,0.6985925843596696,validate,validate
cstr_test_00906_r0,1,0.9999201013666232,reject,reject,0.9999893060636039,reject,reject,0.8187740680060787,validate,validate,0.9915151790577509,reject,reject,0.9798490557770113,reject,reject,0.9996643990832054,reject,reject,0.9998669592466986,reject,reject,0.9998670239136329,reject,reject,0.9999969490553247,reject,reject,0.9999782663224686,reject,reject,0.9999969103281088,reject,reject
cstr_test_00907_r0,0,0.5457717869334747,validate,validate,0.5125612205515379,validate,validate,0.5151814779470081,validate,validate,0.4316349461923789,validate,validate,0.3929130495042315,validate,validate,0.6292632002549701,validate,validate,0.7409864513235416,validate,validate,0.7972507668660783,validate,validate,0.6886804694132266,validate,validate,0.510433431859511,validate,validate,0.6598913484077201,validate,validate
cstr_test_00909_r0,0,0.07781925581339229,accept,accept,0.04062744015789051,accept,accept,0.5167044244353798,validate,validate,0.6010382685452162,validate,validate,0.3929632969332866,validate,validate,0.2611200878394041,validate,validate,0.3313279696040081,validate,validate,0.33580003890058713,validate,validate,0.011250796871236885,accept,accept,0.04647269078608809,accept,accept,0.015159094995273055,accept,accept
cstr_test_00910_r0,1,0.9006233825106132,reject,reject,0.9400528973518107,reject,reject,0.5877350362499226,validate,validate,0.4572093865212513,validate,validate,0.39050144224670313,validate,validate,0.5525388461800815,validate,validate,0.48956088228350475,validate,validate,0.5138264900186841,validate,validate,0.7886704123835304,validate,validate,0.935786581807063,reject,reject,0.7713911016386583,validate,validate
cstr_test_00913_r0,1,0.6290560709380846,validate,validate,0.5921242248166558,validate,validate,0.7263773531220398,validate,validate,0.6454728535882069,validate,validate,0.46812471398010536,validate,validate,0.6588810752160061,validate,validate,0.5411843539539946,validate,validate,0.5233290747775088,validate,validate,0.5748178642480952,validate,validate,0.6435847810240579,validate,validate,0.5449056211124174,validate,validate
cstr_test_00915_r0,1,0.9992057144334942,reject,reject,0.999840543483216,reject,reject,0.7900040022410835,validate,validate,0.9705492387961698,reject,reject,0.9783051243518509,reject,reject,0.9955158955735466,reject,reject,0.9860362346400487,reject,reject,0.9906669204354555,reject,reject,0.999836896309418,reject,reject,0.9997858596287809,reject,reject,0.9998621793064105,reject,reject
cstr_test_00916_r0,1,0.8143884041021235,validate,validate,0.7923928842207362,validate,validate,0.6171022041155286,validate,validate,0.577159277237425,validate,validate,0.6497251793098622,validate,validate,0.7552432241611962,validate,validate,0.6876934925495457,validate,validate,0.7060767364464987,validate,validate,0.9041879774518007,reject,reject,0.7917013414319652,validate,validate,0.8979115426470097,reject,reject
cstr_test_00917_r0,0,0.0278727961659757,accept,accept,0.009032837735191502,accept,accept,0.4251172079763358,validate,validate,0.5008043408882463,validate,validate,0.4738530951591624,validate,validate,0.5585712642995145,validate,validate,0.5608022944743773,validate,validate,0.5450817923694395,validate,validate,0.02546060335467808,accept,accept,0.020080203809832133,accept,accept,0.023849871771618267,accept,accept
cstr_test_00922_r0,0,0.038551372994845505,accept,accept,0.02234545415198224,accept,accept,0.8200496276857638,validate,validate,0.7239524442951427,validate,validate,0.3062740768554841,validate,validate,0.29313272639243737,validate,validate,0.2296304977381201,validate,validate,0.2188105391444067,validate,validate,0.003244803124772167,accept,accept,0.02545782446398414,accept,accept,0.003137760971409205,accept,accept
cstr_test_00923_r0,0,0.8648882841758784,validate,validate,0.9120765395447494,reject,reject,0.7119048280365753,validate,validate,0.757963565007226,validate,validate,0.5561894648003847,validate,validate,0.6232489079167639,validate,validate,0.602366007390809,validate,validate,0.7121729041548456,validate,validate,0.8420129365587244,validate,validate,0.901471223976522,reject,reject,0.8305609912741132,validate,validate
cstr_test_00924_r0,1,0.510332944186291,validate,validate,0.7021703751915538,validate,validate,0.6242300753910409,validate,validate,0.43430544610633764,validate,validate,0.5648394900551387,validate,validate,0.7744767935258602,validate,validate,0.712645718803672,validate,validate,0.7357949874649331,validate,validate,0.5906341626523193,validate,validate,0.7029924574640709,validate,validate,0.5980355468322727,validate,validate
cstr_test_00926_r0,1,0.6067943658478684,validate,validate,0.7296843285057449,validate,validate,0.7945394967307122,validate,validate,0.8560982015895778,reject,reject,0.6946907384197621,validate,validate,0.7212207132012325,validate,validate,0.5337629314495431,validate,validate,0.5111588709302177,validate,validate,0.5723148220275626,validate,validate,0.6004303027555087,validate,validate,0.6134007767166888,validate,validate
cstr_test_00930_r0,1,0.4871015129252342,validate,validate,0.5178908941022549,validate,validate,0.7325146237034676,validate,validate,0.5863924913808557,validate,validate,0.5798576245194951,validate,validate,0.5431621054051919,validate,validate,0.5808491028392515,validate,validate,0.5499612901549866,validate,validate,0.44846931134983453,validate,validate,0.46050697331902185,validate,validate,0.487235416477238,validate,validate
cstr_test_00931_r0,1,0.9970960802180219,reject,reject,0.9994770539125487,reject,reject,0.5911723527999136,validate,validate,0.9632371350257659,reject,reject,0.9795963402441005,reject,reject,0.9836427442284869,reject,reject,0.9881100832631313,reject,reject,0.9907092575813699,reject,reject,0.9972008646693432,reject,reject,0.9990958808390816,reject,reject,0.9967503664541151,reject,reject
cstr_test_00933_r0,1,0.9370984020083112,reject,reject,0.966616665122655,reject,reject,0.5348330499829559,validate,validate,0.6385100086804383,validate,validate,0.49629961540393464,validate,validate,0.645308359257453,validate,validate,0.6113066235332183,validate,validate,0.6461159053701059,validate,validate,0.9599628228276896,reject,reject,0.9756910993814908,reject,reject,0.9606956522350001,reject,reject
cstr_test_00935_r0,1,0.9093149212636104,reject,reject,0.9571672041675122,reject,reject,0.43645160070075445,validate,validate,0.550490125077307,validate,validate,0.43149409844133635,validate,validate,0.5836246835252752,validate,validate,0.6237995870134427,validate,validate,0.6944975692808932,validate,validate,0.9669963382949601,reject,reject,0.957334243595906,reject,reject,0.9590126955448618,reject,reject
cstr_test_00936_r0,1,0.7751361207036732,validate,validate,0.8828728556527397,validate,validate,0.41463916140892415,validate,validate,0.5586372616816478,validate,validate,0.4182069519015999,validate,validate,0.6608466125012525,validate,validate,0.6817688522994771,validate,validate,0.6673006376089647,validate,validate,0.9160539141180073,reject,reject,0.8993010570708663,reject,reject,0.9147952131099226,reject,reject
cstr_test_00938_r0,1,0.6544322384547091,validate,validate,0.7471727662588057,validate,validate,0.6289378496453522,validate,validate,0.3930033682038495,validate,validate,0.45832412175030557,validate,validate,0.3116530712181291,validate,validate,0.3414648416180782,validate,validate,0.2598937096198194,validate,validate,0.6529118590405992,validate,validate,0.5829598391920078,validate,validate,0.7313371690537867,validate,validate
cstr_test_00941_r0,1,0.9415317307578479,reject,reject,0.9365939174394049,reject,reject,0.6486675536779705,validate,validate,0.646653414794877,validate,validate,0.8415375413435584,reject,reject,0.6697582604833772,validate,validate,0.6813616337589012,validate,validate,0.6373388468303487,validate,validate,0.8667206785535392,validate,validate,0.9213849649697542,reject,reject,0.8611724251112054,validate,validate
cstr_test_00942_r0,0,0.07153075938979249,accept,accept,0.04762360779602681,accept,accept,0.5843693065641969,validate,validate,0.5211741100191029,validate,validate,0.5055753448604128,validate,validate,0.5057057635895567,validate,validate,0.3198909604815597,validate,validate,0.2971126669130952,validate,validate,0.09511519775998205,accept,validate,0.11268010827963205,accept,accept,0.08663074139577677,accept,accept
cstr_test_00945_r0,1,0.2657978303065137,accept,validate,0.15732920195820072,accept,accept,0.6416710051105051,validate,validate,0.42001460962758813,validate,validate,0.48575773884921836,validate,validate,0.2956543230810937,validate,validate,0.271749817217897,validate,validate,0.2639022526799873,validate,validate,0.13014799262980245,accept,validate,0.1794753687072585,accept,validate,0.11642951110047003,accept,validate
cstr_test_00947_r0,1,0.2246168779217171,accept,validate,0.14004926687642666,accept,accept,0.8632298434455226,validate,validate,0.5756626834208481,validate,validate,0.7625320866509515,validate,validate,0.5069422226909751,validate,validate,0.3746505898391712,validate,validate,0.3684394020460576,validate,validate,0.12491494456569625,accept,validate,0.12488143160032085,accept,validate,0.12572833070185077,accept,validate
cstr_test_00948_r0,0,0.08401865907119715,accept,accept,0.04932160424942809,accept,accept,0.5418932505513471,validate,validate,0.24891185957463982,validate,validate,0.33449141741579796,validate,validate,0.15672494950013366,validate,validate,0.09278999189611045,validate,validate,0.06897147439706065,validate,validate,0.014188663375312542,accept,accept,0.03956363414938993,accept,accept,0.014860906704698425,accept,accept
cstr_test_00950_r0,1,0.28679221963792295,accept,validate,0.3639106070514873,validate,validate,0.7440065869148575,validate,validate,0.44104019917430193,validate,validate,0.40240136750584465,validate,validate,0.5574530046412413,validate,validate,0.5522796544566435,validate,validate,0.6098083071457517,validate,validate,0.17552671317921772,accept,validate,0.44590765679677064,validate,validate,0.20013066032544072,accept,validate
cstr_test_00952_r0,0,0.8379062255303042,validate,validate,0.8436989613849091,validate,validate,0.8275593306035548,validate,validate,0.7680261572404546,validate,validate,0.721747295991671,validate,validate,0.6462029285759121,validate,validate,0.6646108502758851,validate,validate,0.6299393565096233,validate,validate,0.761144511941072,validate,validate,0.7658814335575947,validate,validate,0.7510256198800751,validate,validate
cstr_test_00955_r0,1,0.8197555023970473,validate,validate,0.8606075571782126,validate,validate,0.630529148151724,validate,validate,0.40053091344281516,validate,validate,0.41998268377295156,validate,validate,0.4901653351440144,validate,validate,0.4999451866323276,validate,validate,0.4829315348782329,validate,validate,0.714747099856796,validate,validate,0.8463431455978222,validate,validate,0.7774114106166689,validate,validate
cstr_test_00956_r0,1,0.7872166511476436,validate,validate,0.7719715295258284,validate,validate,0.5260678787586642,validate,validate,0.4232736989660123,validate,validate,0.4000964842380719,validate,validate,0.45967297257154055,validate,validate,0.5878265456263497,validate,validate,0.6350074981037853,validate,validate,0.9141522945856029,reject,reject,0.8407058844182816,validate,validate,0.9097969682485395,reject,reject
cstr_test_00959_r0,1,0.798126387766645,validate,validate,0.897681475739344,validate,validate,0.566207063268865,validate,validate,0.7210573069950544,validate,validate,0.5810562562896123,validate,validate,0.5292300770139641,validate,validate,0.6214648297220712,validate,validate,0.5051266574494558,validate,validate,0.8913473283875977,reject,reject,0.8913662748704217,reject,reject,0.9180335353577839,reject,reject
cstr_test_00960_r0,0,0.07072188689403686,accept,accept,0.059710255185670316,accept,accept,0.6209615230591476,validate,validate,0.27085756586618476,validate,validate,0.5281738174473777,validate,validate,0.3314360375810219,validate,validate,0.21494905663038447,validate,validate,0.23193114564165979,validate,validate,0.030298130626310954,accept,accept,0.045047640854885086,accept,accept,0.031577493152565674,accept,accept
cstr_test_00961_r0,1,0.9914182633750552,reject,reject,0.992549654282948,reject,reject,0.8673917453839505,reject,reject,0.9969470441052539,reject,reject,0.9135393190838054,reject,reject,0.9907166018983662,reject,reject,0.9916335074804244,reject,reject,0.9890019407222006,reject,reject,0.9909126337855639,reject,reject,0.9824987980839716,reject,reject,0.9928942990468617,reject,reject
cstr_test_00963_r0,1,0.9912676777544994,reject,reject,0.9979585981359458,reject,reject,0.8214738032786594,validate,validate,0.9810639277576824,reject,reject,0.9766193832057106,reject,reject,0.9993863599670894,reject,reject,0.9994505988199903,reject,reject,0.999559163994962,reject,reject,0.9954331206125502,reject,reject,0.9972176318935788,reject,reject,0.9952117354285724,reject,reject
cstr_test_00965_r0,1,0.9995356693552604,reject,reject,0.9999287036052754,reject,reject,0.8428175693252896,validate,validate,0.9768141400592663,reject,reject,0.9814465776667812,reject,reject,0.9995763047367733,reject,reject,0.9998362221291591,reject,reject,0.9997716296225986,reject,reject,0.9999609715115323,reject,reject,0.9998886917923135,reject,reject,0.9999602677411286,reject,reject
cstr_test_00968_r0,1,0.8892581226101631,reject,reject,0.910543707161729,reject,reject,0.7872922137871589,validate,validate,0.8210451614173057,reject,reject,0.6577567087578072,validate,validate,0.5835578740176084,validate,validate,0.7735117034623206,validate,validate,0.7549512892041306,validate,validate,0.7750796754423842,validate,validate,0.7877318252040132,validate,validate,0.8030153289386506,validate,validate
cstr_test_00972_r0,1,0.9990419962866826,reject,reject,0.9997167898616791,reject,reject,0.6044145891197176,validate,validate,0.9909216018906509,reject,reject,0.9874710881828499,reject,reject,0.9992318282953844,reject,reject,0.9998133243196368,reject,reject,0.9998346683834256,reject,reject,0.9999889175495503,reject,reject,0.9995849080650285,reject,reject,0.9999893456639093,reject,reject
cstr_test_00974_r0,1,0.999898162618292,reject,reject,0.9999630156152735,reject,reject,0.7837871867693235,validate,validate,0.9879103194557864,reject,reject,0.8999679960051287,reject,reject,0.9974208421535653,reject,reject,0.9992912207239985,reject,reject,0.9987555313240444,reject,reject,0.9999936953029437,reject,reject,0.9998616735214308,reject,reject,0.9999969103281088,reject,reject
cstr_test_00976_r0,1,0.8469962180205178,validate,validate,0.844127133272532,validate,validate,0.3662976865647243,validate,validate,0.39275699848516715,validate,validate,0.44524270920564646,validate,validate,0.5702164337396574,validate,validate,0.5878424684904152,validate,validate,0.594340754266449,validate,validate,0.9208649998418555,reject,reject,0.8985470869658274,reject,reject,0.9152223454773004,reject,reject
cstr_test_00978_r0,1,0.9998089824474322,reject,reject,0.9999251554855494,reject,reject,0.7878165549296784,validate,validate,0.9803867254857881,reject,reject,0.9585429402697073,reject,reject,0.9995308159015328,reject,reject,0.9999294396115468,reject,reject,0.9999606381526948,reject,reject,0.9999908149894496,reject,reject,0.9999148937097023,reject,reject,0.9999903375168899,reject,reject
cstr_test_00977_r0,1,0.8125772545888997,validate,validate,0.8079229494694584,validate,validate,0.49468975106789254,validate,validate,0.7313556916441901,validate,validate,0.4995902179253141,validate,validate,0.7944264176694519,reject,reject,0.8031229440380138,reject,reject,0.7989321867119549,validate,validate,0.7713752503360454,validate,validate,0.6760953907304436,validate,validate,0.8201435292791384,validate,validate
cstr_test_00980_r0,1,0.3346672236500075,validate,validate,0.3021693528187909,validate,validate,0.5207322123722133,validate,validate,0.6653765837166086,validate,validate,0.5686041651324952,validate,validate,0.7647350560697428,validate,validate,0.6469418641553012,validate,validate,0.580285841570343,validate,validate,0.43192015612975043,validate,validate,0.35706489046378354,validate,validate,0.4178328018459634,validate,validate
cstr_test_00981_r0,1,0.9994011294946967,reject,reject,0.9998439221403319,reject,reject,0.7930946783937672,validate,validate,0.9875284437815853,reject,reject,0.9747388402544708,reject,reject,0.9994890895895746,reject,reject,0.9998905778682172,reject,reject,0.9998634489297765,reject,reject,0.999977124370688,reject,reject,0.9998364462467593,reject,reject,0.9999648553815635,reject,reject
cstr_test_00987_r0,0,0.09887517101550339,accept,accept,0.07683006250165202,accept,accept,0.8732586686253914,reject,reject,0.5878464327809764,validate,validate,0.5821112452770991,validate,validate,0.4928769598514149,validate,validate,0.4861365468481085,validate,validate,0.607815135505316,validate,validate,0.12017825691340459,accept,validate,0.10087732468088675,accept,accept,0.12473625346445465,accept,validate
cstr_test_00986_r0,0,0.07474292001830353,accept,accept,0.07609964109431921,accept,accept,0.5159747042876517,validate,validate,0.7265729832189928,validate,validate,0.5285588634486479,validate,validate,0.4973892584488797,validate,validate,0.3973564016471828,validate,validate,0.40244870291520196,validate,validate,0.13199266567824647,accept,validate,0.12857554253874304,accept,validate,0.10969391098258637,accept,validate
cstr_test_00988_r0,1,0.8436955465704902,validate,validate,0.8439445337207335,validate,validate,0.47518825336954634,validate,validate,0.615454112345528,validate,validate,0.36110894380732866,validate,validate,0.7061423268850539,validate,validate,0.6657424067269484,validate,validate,0.6663197698240297,validate,validate,0.8188159547172291,validate,validate,0.861365888584908,validate,validate,0.830933973001068,validate,validate
cstr_test_00989_r0,1,0.998118629998932,reject,reject,0.9982882028713,reject,reject,0.7910603750689005,validate,validate,0.9818641963453228,reject,reject,0.9793600525695434,reject,reject,0.9871693795085399,reject,reject,0.9890522637374579,reject,reject,0.9897701858585606,reject,reject,0.998733533165948,reject,reject,0.9980370941300548,reject,reject,0.997985296151539,reject,reject
cstr_test_00992_r0,1,0.6024692882638724,validate,validate,0.5329459507300888,validate,validate,0.747911172460407,validate,validate,0.6656870648572064,validate,validate,0.4223638480908932,validate,validate,0.6762113035455741,validate,validate,0.601456354476027,validate,validate,0.5784338342180001,validate,validate,0.4747012401599746,validate,validate,0.41712029848775095,validate,validate,0.4957007759250862,validate,validate
cstr_test_00995_r0,1,0.9881934493302071,reject,reject,0.9963783040661075,reject,reject,0.8458915849139093,validate,validate,0.9513755745638738,reject,reject,0.8723810542596242,reject,reject,0.9948366708546388,reject,reject,0.9995345245094558,reject,reject,0.9994989533243815,reject,reject,0.9994867117876014,reject,reject,0.9926764266508935,reject,reject,0.9996804265053966,reject,reject
cstr_test_00994_r0,0,0.3844119395830124,validate,validate,0.25623037032187107,accept,validate,0.7568760792040998,validate,validate,0.8417875098568608,reject,reject,0.6322274581449815,validate,validate,0.8125701711588904,reject,reject,0.8479815585910684,reject,reject,0.7898117873693253,validate,validate,0.5723747988963938,validate,validate,0.19138102966112103,accept,validate,0.580333027235482,validate,validate
cstr_test_00998_r0,1,0.5322126853546222,validate,validate,0.5197231894467365,validate,validate,0.7584144717105945,validate,validate,0.694387821302626,validate,validate,0.5482708981895061,validate,validate,0.6453066326271265,validate,validate,0.5574739222730483,validate,validate,0.5876305476058902,validate,validate,0.30391419797612246,validate,validate,0.4643443541138261,validate,validate,0.3015139180543356,validate,validate
cstr_test_00999_r0,0,0.3313568948667818,validate,validate,0.27573742078460445,validate,validate,0.6699782392830452,validate,validate,0.5279095711399205,validate,validate,0.5850828365379779,validate,validate,0.3596804319200991,validate,validate,0.3494555045990544,validate,validate,0.3673532861685453,validate,validate,0.3397077832764131,validate,validate,0.29687311600090294,validate,validate,0.3014596540128517,validate,validate
