model,shift,signal,tolerance,n_source_train,n_target,target_failure_rate,auroc,skipped_pct,accepted,accepted_failures,accepted_failure_rate,rejected,rejected_good,skipped_n,good_total,signal_name,accepted_correct,rejected_correct
Qwen2.5-1.5B,feed,plant readings only,0.1,1488.0,2468,0.8918152350081038,0.689158996506525,75.85089141004863,0,0,,1872,156,1872,267,Plant readings only,0,1716
Qwen2.5-1.5B,feed,plant readings only,0.05,1488.0,2468,0.8918152350081038,0.689158996506525,75.85089141004863,0,0,,1872,156,1872,267,Plant readings only,0,1716
Qwen2.5-1.5B,feed,plant readings + proposed change,0.1,1488.0,2468,0.8918152350081038,0.7045061233657837,81.44246353322528,2,2,1.0,2008,163,2010,267,Observables,0,1845
Qwen2.5-1.5B,feed,plant readings + proposed change,0.05,1488.0,2468,0.8918152350081038,0.7045061233657837,81.44246353322528,2,2,1.0,2008,163,2010,267,Observables,0,1845
Qwen2.5-1.5B,feed,token confidence,0.1,1488.0,2468,0.8918152350081038,0.5444835255340185,0.4862236628849271,0,0,,12,0,12,267,Token confidence,0,12
Qwen2.5-1.5B,feed,token confidence,0.05,1488.0,2468,0.8918152350081038,0.5444835255340185,0.4862236628849271,0,0,,12,0,12,267,Token confidence,0,12
Qwen2.5-1.5B,feed,attention by prompt region,0.1,1488.0,2468,0.8918152350081038,0.6082083901257004,34.440842787682335,0,0,,850,25,850,267,Attention (regions),0,825
Qwen2.5-1.5B,feed,attention by prompt region,0.05,1488.0,2468,0.8918152350081038,0.6082083901257004,34.440842787682335,0,0,,850,25,850,267,Attention (regions),0,825
Qwen2.5-1.5B,feed,region-based attention grounding,0.1,1488.0,2468,0.8918152350081038,0.6035816202032784,32.69854132901134,0,0,,807,11,807,267,Region grounding,0,796
Qwen2.5-1.5B,feed,region-based attention grounding,0.05,1488.0,2468,0.8918152350081038,0.6035816202032784,32.69854132901134,0,0,,807,11,807,267,Region grounding,0,796
Qwen2.5-1.5B,feed,hidden states,0.1,1488.0,2468,0.8918152350081038,0.6358805241744049,36.18314424635332,0,0,,893,20,893,267,Hidden states,0,873
Qwen2.5-1.5B,feed,hidden states,0.05,1488.0,2468,0.8918152350081038,0.6358805241744049,36.18314424635332,0,0,,893,20,893,267,Hidden states,0,873
Qwen2.5-1.5B,feed,all internals,0.1,1488.0,2468,0.8918152350081038,0.644261120668678,37.6418152350081,87,72,0.8275862068965517,842,17,929,267,All internals,15,825
Qwen2.5-1.5B,feed,all internals,0.05,1488.0,2468,0.8918152350081038,0.644261120668678,34.11669367909238,0,0,,842,17,842,267,All internals,0,825
Qwen2.5-1.5B,feed,all internals + grounding,0.1,1488.0,2468,0.8918152350081038,0.6430784781177095,37.47974068071313,103,83,0.8058252427184466,822,14,925,267,All internals + grounding,20,808
Qwen2.5-1.5B,feed,all internals + grounding,0.05,1488.0,2468,0.8918152350081038,0.6430784781177095,33.306320907617504,0,0,,822,14,822,267,All internals + grounding,0,808
Qwen2.5-1.5B,feed,readings + change + all internals + grounding,0.1,1488.0,2468,0.8918152350081038,0.7276603927053926,77.26904376012966,35,22,0.6285714285714286,1872,139,1907,267,Obs. + internals + grounding,13,1733
Qwen2.5-1.5B,feed,readings + change + all internals + grounding,0.05,1488.0,2468,0.8918152350081038,0.7276603927053926,76.49918962722853,16,13,0.8125,1872,139,1888,267,Obs. + internals + grounding,3,1733
Qwen2.5-1.5B,feed,readings + change + grounding,0.1,1488.0,2468,0.8918152350081038,0.711784054575125,79.45705024311182,4,2,0.5,1957,160,1961,267,Obs. + grounding,2,1797
Qwen2.5-1.5B,feed,readings + change + grounding,0.05,1488.0,2468,0.8918152350081038,0.711784054575125,79.37601296596435,2,2,1.0,1957,160,1959,267,Obs. + grounding,0,1797
Qwen2.5-1.5B,feed,readings + change + all internals,0.1,1488.0,2468,0.8918152350081038,0.7238265888675048,79.82171799027553,34,22,0.6470588235294118,1936,153,1970,267,Obs. + all internals,12,1783
Qwen2.5-1.5B,feed,readings + change + all internals,0.05,1488.0,2468,0.8918152350081038,0.7238265888675048,79.17341977309562,18,14,0.7777777777777778,1936,153,1954,267,Obs. + all internals,4,1783
Qwen2.5-1.5B,cooling,plant readings only,0.1,1515.0,2474,0.6204527081649152,0.9046063974080124,67.62328213419563,525,17,0.0323809523809523,1148,112,1673,939,Plant readings only,508,1036
Qwen2.5-1.5B,cooling,plant readings only,0.05,1515.0,2474,0.6204527081649152,0.9046063974080124,63.823767178658045,431,8,0.0185614849187935,1148,112,1579,939,Plant readings only,423,1036
Qwen2.5-1.5B,cooling,plant readings + proposed change,0.1,1515.0,2474,0.6204527081649152,0.9118155359676418,71.42279708973322,529,14,0.0264650283553875,1238,125,1767,939,Observables,515,1113
Qwen2.5-1.5B,cooling,plant readings + proposed change,0.05,1515.0,2474,0.6204527081649152,0.9118155359676418,50.04042037186742,0,0,,1238,125,1238,939,Observables,0,1113
Qwen2.5-1.5B,cooling,token confidence,0.1,1515.0,2474,0.6204527081649152,0.6291328011988635,1.6572352465642683,0,0,,41,4,41,939,Token confidence,0,37
Qwen2.5-1.5B,cooling,token confidence,0.05,1515.0,2474,0.6204527081649152,0.6291328011988635,1.6572352465642683,0,0,,41,4,41,939,Token confidence,0,37
Qwen2.5-1.5B,cooling,attention by prompt region,0.1,1515.0,2474,0.6204527081649152,0.7586170054080681,28.41552142279709,0,0,,703,63,703,939,Attention (regions),0,640
Qwen2.5-1.5B,cooling,attention by prompt region,0.05,1515.0,2474,0.6204527081649152,0.7586170054080681,28.41552142279709,0,0,,703,63,703,939,Attention (regions),0,640
Qwen2.5-1.5B,cooling,region-based attention grounding,0.1,1515.0,2474,0.6204527081649152,0.7121957311298664,25.14147130153597,0,0,,622,40,622,939,Region grounding,0,582
Qwen2.5-1.5B,cooling,region-based attention grounding,0.05,1515.0,2474,0.6204527081649152,0.7121957311298664,25.14147130153597,0,0,,622,40,622,939,Region grounding,0,582
Qwen2.5-1.5B,cooling,hidden states,0.1,1515.0,2474,0.6204527081649152,0.7876311690654345,33.38722716248989,0,0,,826,91,826,939,Hidden states,0,735
Qwen2.5-1.5B,cooling,hidden states,0.05,1515.0,2474,0.6204527081649152,0.7876311690654345,33.38722716248989,0,0,,826,91,826,939,Hidden states,0,735
Qwen2.5-1.5B,cooling,all internals,0.1,1515.0,2474,0.6204527081649152,0.7867715672296747,31.56831042845594,0,0,,781,85,781,939,All internals,0,696
Qwen2.5-1.5B,cooling,all internals,0.05,1515.0,2474,0.6204527081649152,0.7867715672296747,31.56831042845594,0,0,,781,85,781,939,All internals,0,696
Qwen2.5-1.5B,cooling,all internals + grounding,0.1,1515.0,2474,0.6204527081649152,0.7898159036746417,33.26596604688763,0,0,,823,99,823,939,All internals + grounding,0,724
Qwen2.5-1.5B,cooling,all internals + grounding,0.05,1515.0,2474,0.6204527081649152,0.7898159036746417,33.26596604688763,0,0,,823,99,823,939,All internals + grounding,0,724
Qwen2.5-1.5B,cooling,readings + change + all internals + grounding,0.1,1515.0,2474,0.6204527081649152,0.9006708918282322,60.06467259498788,331,6,0.0181268882175226,1155,109,1486,939,Obs. + internals + grounding,325,1046
Qwen2.5-1.5B,cooling,readings + change + all internals + grounding,0.05,1515.0,2474,0.6204527081649152,0.9006708918282322,46.68552950687147,0,0,,1155,109,1155,939,Obs. + internals + grounding,0,1046
Qwen2.5-1.5B,cooling,readings + change + grounding,0.1,1515.0,2474,0.6204527081649152,0.9125509499675656,71.62489894907034,551,14,0.0254083484573502,1221,120,1772,939,Obs. + grounding,537,1101
Qwen2.5-1.5B,cooling,readings + change + grounding,0.05,1515.0,2474,0.6204527081649152,0.9125509499675656,49.35327405012126,0,0,,1221,120,1221,939,Obs. + grounding,0,1101
Qwen2.5-1.5B,cooling,readings + change + all internals,0.1,1515.0,2474,0.6204527081649152,0.901195047749876,56.548100242522224,259,1,0.0038610038610038,1140,107,1399,939,Obs. + all internals,258,1033
Qwen2.5-1.5B,cooling,readings + change + all internals,0.05,1515.0,2474,0.6204527081649152,0.901195047749876,46.07922392886015,0,0,,1140,107,1140,939,Obs. + all internals,0,1033
Qwen2.5-1.5B,family-fouling,plant readings only,0.1,2310.0,1212,0.9975247524752476,0.7824648469809761,77.39273927392739,0,0,,938,1,938,3,Plant readings only,0,937
Qwen2.5-1.5B,family-fouling,plant readings only,0.05,2310.0,1212,0.9975247524752476,0.7824648469809761,77.39273927392739,0,0,,938,1,938,3,Plant readings only,0,937
Qwen2.5-1.5B,family-fouling,plant readings + proposed change,0.1,2310.0,1212,0.9975247524752476,0.3523573200992556,97.44224422442244,1,1,1.0,1180,3,1181,3,Observables,0,1177
Qwen2.5-1.5B,family-fouling,plant readings + proposed change,0.05,2310.0,1212,0.9975247524752476,0.3523573200992556,97.44224422442244,1,1,1.0,1180,3,1181,3,Observables,0,1177
Qwen2.5-1.5B,family-fouling,token confidence,0.1,2310.0,1212,0.9975247524752476,0.5922249793217536,0.825082508250825,0,0,,10,0,10,3,Token confidence,0,10
Qwen2.5-1.5B,family-fouling,token confidence,0.05,2310.0,1212,0.9975247524752476,0.5922249793217536,0.825082508250825,0,0,,10,0,10,3,Token confidence,0,10
Qwen2.5-1.5B,family-fouling,attention by prompt region,0.1,2310.0,1212,0.9975247524752476,0.1874827681279294,0.0825082508250825,0,0,,1,0,1,3,Attention (regions),0,1
Qwen2.5-1.5B,family-fouling,attention by prompt region,0.05,2310.0,1212,0.9975247524752476,0.1874827681279294,0.0825082508250825,0,0,,1,0,1,3,Attention (regions),0,1
Qwen2.5-1.5B,family-fouling,region-based attention grounding,0.1,2310.0,1212,0.9975247524752476,0.6807278742762614,0.0,0,0,,0,0,0,3,Region grounding,0,0
Qwen2.5-1.5B,family-fouling,region-based attention grounding,0.05,2310.0,1212,0.9975247524752476,0.6807278742762614,0.0,0,0,,0,0,0,3,Region grounding,0,0
Qwen2.5-1.5B,family-fouling,hidden states,0.1,2310.0,1212,0.9975247524752476,0.7678522194651227,0.4125412541254125,0,0,,5,0,5,3,Hidden states,0,5
Qwen2.5-1.5B,family-fouling,hidden states,0.05,2310.0,1212,0.9975247524752476,0.7678522194651227,0.4125412541254125,0,0,,5,0,5,3,Hidden states,0,5
Qwen2.5-1.5B,family-fouling,all internals,0.1,2310.0,1212,0.9975247524752476,0.6992004411359249,6.6006600660066,45,45,1.0,35,0,80,3,All internals,0,35
Qwen2.5-1.5B,family-fouling,all internals,0.05,2310.0,1212,0.9975247524752476,0.6992004411359249,2.8877887788778875,0,0,,35,0,35,3,All internals,0,35
Qwen2.5-1.5B,family-fouling,all internals + grounding,0.1,2310.0,1212,0.9975247524752476,0.6583953680727874,28.465346534653463,342,341,0.9970760233918128,3,0,345,3,All internals + grounding,1,3
Qwen2.5-1.5B,family-fouling,all internals + grounding,0.05,2310.0,1212,0.9975247524752476,0.6583953680727874,0.2475247524752475,0,0,,3,0,3,3,All internals + grounding,0,3
Qwen2.5-1.5B,family-fouling,readings + change + all internals + grounding,0.1,2310.0,1212,0.9975247524752476,0.4488558036945134,95.13201320132012,1,1,1.0,1152,3,1153,3,Obs. + internals + grounding,0,1149
Qwen2.5-1.5B,family-fouling,readings + change + all internals + grounding,0.05,2310.0,1212,0.9975247524752476,0.4488558036945134,95.13201320132012,1,1,1.0,1152,3,1153,3,Obs. + internals + grounding,0,1149
Qwen2.5-1.5B,family-fouling,readings + change + grounding,0.1,2310.0,1212,0.9975247524752476,0.3320926385442515,95.87458745874588,1,1,1.0,1161,3,1162,3,Obs. + grounding,0,1158
Qwen2.5-1.5B,family-fouling,readings + change + grounding,0.05,2310.0,1212,0.9975247524752476,0.3320926385442515,95.87458745874588,1,1,1.0,1161,3,1162,3,Obs. + grounding,0,1158
Qwen2.5-1.5B,family-fouling,readings + change + all internals,0.1,2310.0,1212,0.9975247524752476,0.474496829335539,95.7095709570957,1,1,1.0,1159,3,1160,3,Obs. + all internals,0,1156
Qwen2.5-1.5B,family-fouling,readings + change + all internals,0.05,2310.0,1212,0.9975247524752476,0.474496829335539,95.7095709570957,1,1,1.0,1159,3,1160,3,Obs. + all internals,0,1156
Qwen2.5-1.5B,family-pump_degrade,plant readings only,0.1,2238.0,1248,0.4927884615384615,0.9357530921280776,48.87820512820512,476,31,0.065126050420168,134,1,610,633,Plant readings only,445,133
Qwen2.5-1.5B,family-pump_degrade,plant readings only,0.05,2238.0,1248,0.4927884615384615,0.9357530921280776,32.93269230769231,277,2,0.0072202166064981,134,1,411,633,Plant readings only,275,133
Qwen2.5-1.5B,family-pump_degrade,plant readings + proposed change,0.1,2238.0,1248,0.4927884615384615,0.9478390423714664,52.96474358974359,456,20,0.043859649122807,205,2,661,633,Observables,436,203
Qwen2.5-1.5B,family-pump_degrade,plant readings + proposed change,0.05,2238.0,1248,0.4927884615384615,0.9478390423714664,47.43589743589743,387,6,0.0155038759689922,205,2,592,633,Observables,381,203
Qwen2.5-1.5B,family-pump_degrade,token confidence,0.1,2238.0,1248,0.4927884615384615,0.466900422558728,0.0,0,0,,0,0,0,633,Token confidence,0,0
Qwen2.5-1.5B,family-pump_degrade,token confidence,0.05,2238.0,1248,0.4927884615384615,0.466900422558728,0.0,0,0,,0,0,0,633,Token confidence,0,0
Qwen2.5-1.5B,family-pump_degrade,attention by prompt region,0.1,2238.0,1248,0.4927884615384615,0.6151633080311845,0.4807692307692308,0,0,,6,1,6,633,Attention (regions),0,5
Qwen2.5-1.5B,family-pump_degrade,attention by prompt region,0.05,2238.0,1248,0.4927884615384615,0.6151633080311845,0.4807692307692308,0,0,,6,1,6,633,Attention (regions),0,5
Qwen2.5-1.5B,family-pump_degrade,region-based attention grounding,0.1,2238.0,1248,0.4927884615384615,0.5214554515213399,3.205128205128205,0,0,,40,18,40,633,Region grounding,0,22
Qwen2.5-1.5B,family-pump_degrade,region-based attention grounding,0.05,2238.0,1248,0.4927884615384615,0.5214554515213399,3.205128205128205,0,0,,40,18,40,633,Region grounding,0,22
Qwen2.5-1.5B,family-pump_degrade,hidden states,0.1,2238.0,1248,0.4927884615384615,0.6800035962444934,3.926282051282051,0,0,,49,12,49,633,Hidden states,0,37
Qwen2.5-1.5B,family-pump_degrade,hidden states,0.05,2238.0,1248,0.4927884615384615,0.6800035962444934,3.926282051282051,0,0,,49,12,49,633,Hidden states,0,37
Qwen2.5-1.5B,family-pump_degrade,all internals,0.1,2238.0,1248,0.4927884615384615,0.6941522495793678,5.048076923076923,0,0,,63,14,63,633,All internals,0,49
Qwen2.5-1.5B,family-pump_degrade,all internals,0.05,2238.0,1248,0.4927884615384615,0.6941522495793678,5.048076923076923,0,0,,63,14,63,633,All internals,0,49
Qwen2.5-1.5B,family-pump_degrade,all internals + grounding,0.1,2238.0,1248,0.4927884615384615,0.704879333153521,3.685897435897436,0,0,,46,9,46,633,All internals + grounding,0,37
Qwen2.5-1.5B,family-pump_degrade,all internals + grounding,0.05,2238.0,1248,0.4927884615384615,0.704879333153521,3.685897435897436,0,0,,46,9,46,633,All internals + grounding,0,37
Qwen2.5-1.5B,family-pump_degrade,readings + change + all internals + grounding,0.1,2238.0,1248,0.4927884615384615,0.924183459844077,42.1474358974359,366,15,0.040983606557377,160,6,526,633,Obs. + internals + grounding,351,154
Qwen2.5-1.5B,family-pump_degrade,readings + change + all internals + grounding,0.05,2238.0,1248,0.4927884615384615,0.924183459844077,37.4198717948718,307,8,0.0260586319218241,160,6,467,633,Obs. + internals + grounding,299,154
Qwen2.5-1.5B,family-pump_degrade,readings + change + grounding,0.1,2238.0,1248,0.4927884615384615,0.9470941060121502,53.20512820512821,471,21,0.0445859872611464,193,1,664,633,Obs. + grounding,450,192
Qwen2.5-1.5B,family-pump_degrade,readings + change + grounding,0.05,2238.0,1248,0.4927884615384615,0.9470941060121502,48.95833333333333,418,14,0.0334928229665071,193,1,611,633,Obs. + grounding,404,192
Qwen2.5-1.5B,family-pump_degrade,readings + change + all internals,0.1,2238.0,1248,0.4927884615384615,0.9249926148550583,44.07051282051282,389,19,0.0488431876606683,161,6,550,633,Obs. + all internals,370,155
Qwen2.5-1.5B,family-pump_degrade,readings + change + all internals,0.05,2238.0,1248,0.4927884615384615,0.9249926148550583,37.90064102564102,312,5,0.016025641025641,161,6,473,633,Obs. + all internals,307,155
Qwen2.5-1.5B,family-cool_stuck_closed,plant readings only,0.1,2231.0,1247,0.7225340817963112,0.6347635575115639,99.83961507618284,0,0,,1245,345,1245,346,Plant readings only,0,900
Qwen2.5-1.5B,family-cool_stuck_closed,plant readings only,0.05,2231.0,1247,0.7225340817963112,0.6347635575115639,99.83961507618284,0,0,,1245,345,1245,346,Plant readings only,0,900
Qwen2.5-1.5B,family-cool_stuck_closed,plant readings + proposed change,0.1,2231.0,1247,0.7225340817963112,0.6393666638866257,99.91980753809142,2,1,0.5,1244,344,1246,346,Observables,1,900
Qwen2.5-1.5B,family-cool_stuck_closed,plant readings + proposed change,0.05,2231.0,1247,0.7225340817963112,0.6393666638866257,99.91980753809142,2,1,0.5,1244,344,1246,346,Observables,1,900
Qwen2.5-1.5B,family-cool_stuck_closed,token confidence,0.1,2231.0,1247,0.7225340817963112,0.485433654321146,25.66158781074579,0,0,,320,91,320,346,Token confidence,0,229
Qwen2.5-1.5B,family-cool_stuck_closed,token confidence,0.05,2231.0,1247,0.7225340817963112,0.485433654321146,25.66158781074579,0,0,,320,91,320,346,Token confidence,0,229
Qwen2.5-1.5B,family-cool_stuck_closed,attention by prompt region,0.1,2231.0,1247,0.7225340817963112,0.5287381393827025,95.10825982357656,0,0,,1186,332,1186,346,Attention (regions),0,854
Qwen2.5-1.5B,family-cool_stuck_closed,attention by prompt region,0.05,2231.0,1247,0.7225340817963112,0.5287381393827025,95.10825982357656,0,0,,1186,332,1186,346,Attention (regions),0,854
Qwen2.5-1.5B,family-cool_stuck_closed,region-based attention grounding,0.1,2231.0,1247,0.7225340817963112,0.4742610971752644,15.076182838813152,0,0,,188,51,188,346,Region grounding,0,137
Qwen2.5-1.5B,family-cool_stuck_closed,region-based attention grounding,0.05,2231.0,1247,0.7225340817963112,0.4742610971752644,15.076182838813152,0,0,,188,51,188,346,Region grounding,0,137
Qwen2.5-1.5B,family-cool_stuck_closed,hidden states,0.1,2231.0,1247,0.7225340817963112,0.5365682318297589,92.06094627105053,0,0,,1148,312,1148,346,Hidden states,0,836
Qwen2.5-1.5B,family-cool_stuck_closed,hidden states,0.05,2231.0,1247,0.7225340817963112,0.5365682318297589,92.06094627105053,0,0,,1148,312,1148,346,Hidden states,0,836
Qwen2.5-1.5B,family-cool_stuck_closed,all internals,0.1,2231.0,1247,0.7225340817963112,0.5425314198097169,26.4635124298316,0,0,,330,80,330,346,All internals,0,250
Qwen2.5-1.5B,family-cool_stuck_closed,all internals,0.05,2231.0,1247,0.7225340817963112,0.5425314198097169,26.4635124298316,0,0,,330,80,330,346,All internals,0,250
Qwen2.5-1.5B,family-cool_stuck_closed,all internals + grounding,0.1,2231.0,1247,0.7225340817963112,0.532218536885798,53.64875701684042,0,0,,669,176,669,346,All internals + grounding,0,493
Qwen2.5-1.5B,family-cool_stuck_closed,all internals + grounding,0.05,2231.0,1247,0.7225340817963112,0.532218536885798,53.64875701684042,0,0,,669,176,669,346,All internals + grounding,0,493
Qwen2.5-1.5B,family-cool_stuck_closed,readings + change + all internals + grounding,0.1,2231.0,1247,0.7225340817963112,0.6290152880870965,85.48516439454691,301,171,0.5681063122923588,765,171,1066,346,Obs. + internals + grounding,130,594
Qwen2.5-1.5B,family-cool_stuck_closed,readings + change + all internals + grounding,0.05,2231.0,1247,0.7225340817963112,0.6290152880870965,77.06495589414595,196,104,0.5306122448979592,765,171,961,346,Obs. + internals + grounding,92,594
Qwen2.5-1.5B,family-cool_stuck_closed,readings + change + grounding,0.1,2231.0,1247,0.7225340817963112,0.6380258287195344,100.0,2,1,0.5,1245,345,1247,346,Obs. + grounding,1,900
Qwen2.5-1.5B,family-cool_stuck_closed,readings + change + grounding,0.05,2231.0,1247,0.7225340817963112,0.6380258287195344,100.0,2,1,0.5,1245,345,1247,346,Obs. + grounding,1,900
Qwen2.5-1.5B,family-cool_stuck_closed,readings + change + all internals,0.1,2231.0,1247,0.7225340817963112,0.6312687251801146,85.88612670408982,507,319,0.6291913214990138,564,117,1071,346,Obs. + all internals,188,447
Qwen2.5-1.5B,family-cool_stuck_closed,readings + change + all internals,0.05,2231.0,1247,0.7225340817963112,0.6312687251801146,72.3336006415397,338,201,0.5946745562130178,564,117,902,346,Obs. + all internals,137,447
Qwen2.5-1.5B,family-outlet_block,plant readings only,0.1,2198.0,1247,0.4314354450681636,0.942940211093692,45.388933440256615,393,7,0.0178117048346055,173,2,566,709,Plant readings only,386,171
Qwen2.5-1.5B,family-outlet_block,plant readings only,0.05,2198.0,1247,0.4314354450681636,0.942940211093692,36.4073777064956,281,3,0.0106761565836298,173,2,454,709,Plant readings only,278,171
Qwen2.5-1.5B,family-outlet_block,plant readings + proposed change,0.1,2198.0,1247,0.4314354450681636,0.9486553656912454,50.280673616680026,415,6,0.0144578313253012,212,3,627,709,Observables,409,209
Qwen2.5-1.5B,family-outlet_block,plant readings + proposed change,0.05,2198.0,1247,0.4314354450681636,0.9486553656912454,17.000801924619086,0,0,,212,3,212,709,Observables,0,209
Qwen2.5-1.5B,family-outlet_block,token confidence,0.1,2198.0,1247,0.4314354450681636,0.4710440905825787,2.0850040096230957,0,0,,26,14,26,709,Token confidence,0,12
Qwen2.5-1.5B,family-outlet_block,token confidence,0.05,2198.0,1247,0.4314354450681636,0.4710440905825787,2.0850040096230957,0,0,,26,14,26,709,Token confidence,0,12
Qwen2.5-1.5B,family-outlet_block,attention by prompt region,0.1,2198.0,1247,0.4314354450681636,0.6125964104634518,1.202886928628709,0,0,,15,7,15,709,Attention (regions),0,8
Qwen2.5-1.5B,family-outlet_block,attention by prompt region,0.05,2198.0,1247,0.4314354450681636,0.6125964104634518,1.202886928628709,0,0,,15,7,15,709,Attention (regions),0,8
Qwen2.5-1.5B,family-outlet_block,region-based attention grounding,0.1,2198.0,1247,0.4314354450681636,0.5001887573995523,1.8444266238973537,0,0,,23,11,23,709,Region grounding,0,12
Qwen2.5-1.5B,family-outlet_block,region-based attention grounding,0.05,2198.0,1247,0.4314354450681636,0.5001887573995523,1.8444266238973537,0,0,,23,11,23,709,Region grounding,0,12
Qwen2.5-1.5B,family-outlet_block,hidden states,0.1,2198.0,1247,0.4314354450681636,0.6786012028040961,1.6840417000801924,0,0,,21,2,21,709,Hidden states,0,19
Qwen2.5-1.5B,family-outlet_block,hidden states,0.05,2198.0,1247,0.4314354450681636,0.6786012028040961,1.6840417000801924,0,0,,21,2,21,709,Hidden states,0,19
Qwen2.5-1.5B,family-outlet_block,all internals,0.1,2198.0,1247,0.4314354450681636,0.6997289234011985,4.170008019246191,0,0,,52,12,52,709,All internals,0,40
Qwen2.5-1.5B,family-outlet_block,all internals,0.05,2198.0,1247,0.4314354450681636,0.6997289234011985,4.170008019246191,0,0,,52,12,52,709,All internals,0,40
Qwen2.5-1.5B,family-outlet_block,all internals + grounding,0.1,2198.0,1247,0.4314354450681636,0.7063511621688225,4.891740176423416,0,0,,61,11,61,709,All internals + grounding,0,50
Qwen2.5-1.5B,family-outlet_block,all internals + grounding,0.05,2198.0,1247,0.4314354450681636,0.7063511621688225,4.891740176423416,0,0,,61,11,61,709,All internals + grounding,0,50
Qwen2.5-1.5B,family-outlet_block,readings + change + all internals + grounding,0.1,2198.0,1247,0.4314354450681636,0.92745948269986,42.26142742582197,306,5,0.0163398692810457,221,12,527,709,Obs. + internals + grounding,301,209
Qwen2.5-1.5B,family-outlet_block,readings + change + all internals + grounding,0.05,2198.0,1247,0.4314354450681636,0.92745948269986,17.72253408179631,0,0,,221,12,221,709,Obs. + internals + grounding,0,209
Qwen2.5-1.5B,family-outlet_block,readings + change + grounding,0.1,2198.0,1247,0.4314354450681636,0.9480392825121514,50.36086607858861,401,4,0.0099750623441396,227,4,628,709,Obs. + grounding,397,223
Qwen2.5-1.5B,family-outlet_block,readings + change + grounding,0.05,2198.0,1247,0.4314354450681636,0.9480392825121514,47.07297514033681,360,4,0.0111111111111111,227,4,587,709,Obs. + grounding,356,223
Qwen2.5-1.5B,family-outlet_block,readings + change + all internals,0.1,2198.0,1247,0.4314354450681636,0.9298163285637134,48.997594226142745,387,10,0.0258397932816537,224,11,611,709,Obs. + all internals,377,213
Qwen2.5-1.5B,family-outlet_block,readings + change + all internals,0.05,2198.0,1247,0.4314354450681636,0.9298163285637134,17.963111467522054,0,0,,224,11,224,709,Obs. + all internals,0,213
Qwen2.5-1.5B,control,plant readings only,0.1,1477.0,2478,0.6505246166263116,0.920043238070132,62.308313155770776,440,21,0.0477272727272727,1104,62,1544,866,Plant readings only,419,1042
Qwen2.5-1.5B,control,plant readings only,0.05,1477.0,2478,0.6505246166263116,0.920043238070132,58.111380145278446,336,6,0.0178571428571428,1104,62,1440,866,Plant readings only,330,1042
Qwen2.5-1.5B,control,plant readings + proposed change,0.1,1477.0,2478,0.6505246166263116,0.926544707992596,67.27199354317999,438,14,0.0319634703196347,1229,71,1667,866,Observables,424,1158
Qwen2.5-1.5B,control,plant readings + proposed change,0.05,1477.0,2478,0.6505246166263116,0.926544707992596,66.18240516545602,411,11,0.0267639902676399,1229,71,1640,866,Observables,400,1158
Qwen2.5-1.5B,control,token confidence,0.1,1477.0,2478,0.6505246166263116,0.6472644542375601,3.3494753833736888,0,0,,83,6,83,866,Token confidence,0,77
Qwen2.5-1.5B,control,token confidence,0.05,1477.0,2478,0.6505246166263116,0.6472644542375601,3.3494753833736888,0,0,,83,6,83,866,Token confidence,0,77
Qwen2.5-1.5B,control,attention by prompt region,0.1,1477.0,2478,0.6505246166263116,0.7723862314397216,28.53107344632768,0,0,,707,42,707,866,Attention (regions),0,665
Qwen2.5-1.5B,control,attention by prompt region,0.05,1477.0,2478,0.6505246166263116,0.7723862314397216,28.53107344632768,0,0,,707,42,707,866,Attention (regions),0,665
Qwen2.5-1.5B,control,region-based attention grounding,0.1,1477.0,2478,0.6505246166263116,0.7258823832801334,26.39225181598063,0,0,,654,28,654,866,Region grounding,0,626
Qwen2.5-1.5B,control,region-based attention grounding,0.05,1477.0,2478,0.6505246166263116,0.7258823832801334,26.39225181598063,0,0,,654,28,654,866,Region grounding,0,626
Qwen2.5-1.5B,control,hidden states,0.1,1477.0,2478,0.6505246166263116,0.7946549836961816,30.306698950766748,0,0,,751,52,751,866,Hidden states,0,699
Qwen2.5-1.5B,control,hidden states,0.05,1477.0,2478,0.6505246166263116,0.7946549836961816,30.306698950766748,0,0,,751,52,751,866,Hidden states,0,699
Qwen2.5-1.5B,control,all internals,0.1,1477.0,2478,0.6505246166263116,0.8016457114367417,28.410008071025025,0,0,,704,41,704,866,All internals,0,663
Qwen2.5-1.5B,control,all internals,0.05,1477.0,2478,0.6505246166263116,0.8016457114367417,28.410008071025025,0,0,,704,41,704,866,All internals,0,663
Qwen2.5-1.5B,control,all internals + grounding,0.1,1477.0,2478,0.6505246166263116,0.8037087605086561,30.34705407586764,0,0,,752,53,752,866,All internals + grounding,0,699
Qwen2.5-1.5B,control,all internals + grounding,0.05,1477.0,2478,0.6505246166263116,0.8037087605086561,30.34705407586764,0,0,,752,53,752,866,All internals + grounding,0,699
Qwen2.5-1.5B,control,readings + change + all internals + grounding,0.1,1477.0,2478,0.6505246166263116,0.9154221514163404,60.33091202582728,393,14,0.0356234096692111,1102,59,1495,866,Obs. + internals + grounding,379,1043
Qwen2.5-1.5B,control,readings + change + all internals + grounding,0.05,1477.0,2478,0.6505246166263116,0.9154221514163404,44.471347861178366,0,0,,1102,59,1102,866,Obs. + internals + grounding,0,1043
Qwen2.5-1.5B,control,readings + change + grounding,0.1,1477.0,2478,0.6505246166263116,0.9253649018045949,68.03874092009686,475,21,0.0442105263157894,1211,70,1686,866,Obs. + grounding,454,1141
Qwen2.5-1.5B,control,readings + change + grounding,0.05,1477.0,2478,0.6505246166263116,0.9253649018045949,62.42937853107344,336,5,0.0148809523809523,1211,70,1547,866,Obs. + grounding,331,1141
Qwen2.5-1.5B,control,readings + change + all internals,0.1,1477.0,2478,0.6505246166263116,0.918599103719792,56.25504439063761,314,4,0.0127388535031847,1080,56,1394,866,Obs. + all internals,310,1024
Qwen2.5-1.5B,control,readings + change + all internals,0.05,1477.0,2478,0.6505246166263116,0.918599103719792,43.583535108958834,0,0,,1080,56,1080,866,Obs. + all internals,0,1024
Qwen2.5-3B,feed,plant readings only,0.1,1479.0,2473,0.8374443995147594,0.5790122300136209,35.22038010513546,0,0,,871,82,871,402,Plant readings only,0,789
Qwen2.5-3B,feed,plant readings only,0.05,1479.0,2473,0.8374443995147594,0.5790122300136209,35.22038010513546,0,0,,871,82,871,402,Plant readings only,0,789
Qwen2.5-3B,feed,plant readings + proposed change,0.1,1479.0,2473,0.8374443995147594,0.7253676090815839,73.87788111605337,6,0,0.0,1821,228,1827,402,Observables,6,1593
Qwen2.5-3B,feed,plant readings + proposed change,0.05,1479.0,2473,0.8374443995147594,0.7253676090815839,73.63526081682168,0,0,,1821,228,1821,402,Observables,0,1593
Qwen2.5-3B,feed,token confidence,0.1,1479.0,2473,0.8374443995147594,0.4806256020717273,0.3639304488475536,0,0,,9,1,9,402,Token confidence,0,8
Qwen2.5-3B,feed,token confidence,0.05,1479.0,2473,0.8374443995147594,0.4806256020717273,0.3639304488475536,0,0,,9,1,9,402,Token confidence,0,8
Qwen2.5-3B,feed,attention by prompt region,0.1,1479.0,2473,0.8374443995147594,0.5622959562400456,9.866558835422564,0,0,,244,23,244,402,Attention (regions),0,221
Qwen2.5-3B,feed,attention by prompt region,0.05,1479.0,2473,0.8374443995147594,0.5622959562400456,9.866558835422564,0,0,,244,23,244,402,Attention (regions),0,221
Qwen2.5-3B,feed,region-based attention grounding,0.1,1479.0,2473,0.8374443995147594,0.4984096898414735,12.13101496158512,0,0,,300,33,300,402,Region grounding,0,267
Qwen2.5-3B,feed,region-based attention grounding,0.05,1479.0,2473,0.8374443995147594,0.4984096898414735,12.13101496158512,0,0,,300,33,300,402,Region grounding,0,267
Qwen2.5-3B,feed,hidden states,0.1,1479.0,2473,0.8374443995147594,0.6024392763368094,15.244642135058632,0,0,,377,24,377,402,Hidden states,0,353
Qwen2.5-3B,feed,hidden states,0.05,1479.0,2473,0.8374443995147594,0.6024392763368094,15.244642135058632,0,0,,377,24,377,402,Hidden states,0,353
Qwen2.5-3B,feed,all internals,0.1,1479.0,2473,0.8374443995147594,0.6026674930514015,15.002021835826932,0,0,,371,11,371,402,All internals,0,360
Qwen2.5-3B,feed,all internals,0.05,1479.0,2473,0.8374443995147594,0.6026674930514015,15.002021835826932,0,0,,371,11,371,402,All internals,0,360
Qwen2.5-3B,feed,all internals + grounding,0.1,1479.0,2473,0.8374443995147594,0.6011012057049374,24.66639708855641,55,38,0.6909090909090909,555,32,610,402,All internals + grounding,17,523
Qwen2.5-3B,feed,all internals + grounding,0.05,1479.0,2473,0.8374443995147594,0.6011012057049374,22.44237767893247,0,0,,555,32,555,402,All internals + grounding,0,523
Qwen2.5-3B,feed,readings + change + all internals + grounding,0.1,1479.0,2473,0.8374443995147594,0.7415806049424534,65.91184795794581,7,2,0.2857142857142857,1623,162,1630,402,Obs. + internals + grounding,5,1461
Qwen2.5-3B,feed,readings + change + all internals + grounding,0.05,1479.0,2473,0.8374443995147594,0.7415806049424534,65.6287909421755,0,0,,1623,162,1623,402,Obs. + internals + grounding,0,1461
Qwen2.5-3B,feed,readings + change + grounding,0.1,1479.0,2473,0.8374443995147594,0.7266624386517437,76.18277395875455,7,0,0.0,1877,234,1884,402,Obs. + grounding,7,1643
Qwen2.5-3B,feed,readings + change + grounding,0.05,1479.0,2473,0.8374443995147594,0.7266624386517437,75.89971694298423,0,0,,1877,234,1877,402,Obs. + grounding,0,1643
Qwen2.5-3B,feed,readings + change + all internals,0.1,1479.0,2473,0.8374443995147594,0.7412971357601179,67.40800646987465,17,6,0.3529411764705882,1650,167,1667,402,Obs. + all internals,11,1483
Qwen2.5-3B,feed,readings + change + all internals,0.05,1479.0,2473,0.8374443995147594,0.7412971357601179,66.72058228871816,0,0,,1650,167,1650,402,Obs. + all internals,0,1483
Qwen2.5-3B,cooling,plant readings only,0.1,1514.0,2466,0.6727493917274939,0.7247696280212398,15.97729115977291,0,0,,394,49,394,807,Plant readings only,0,345
Qwen2.5-3B,cooling,plant readings only,0.05,1514.0,2466,0.6727493917274939,0.7247696280212398,15.97729115977291,0,0,,394,49,394,807,Plant readings only,0,345
Qwen2.5-3B,cooling,plant readings + proposed change,0.1,1514.0,2466,0.6727493917274939,0.8600767993737737,44.76885644768856,0,0,,1104,90,1104,807,Observables,0,1014
Qwen2.5-3B,cooling,plant readings + proposed change,0.05,1514.0,2466,0.6727493917274939,0.8600767993737737,44.76885644768856,0,0,,1104,90,1104,807,Observables,0,1014
Qwen2.5-3B,cooling,token confidence,0.1,1514.0,2466,0.6727493917274939,0.5451209392200405,0.0,0,0,,0,0,0,807,Token confidence,0,0
Qwen2.5-3B,cooling,token confidence,0.05,1514.0,2466,0.6727493917274939,0.5451209392200405,0.0,0,0,,0,0,0,807,Token confidence,0,0
Qwen2.5-3B,cooling,attention by prompt region,0.1,1514.0,2466,0.6727493917274939,0.6845399618916159,7.380373073803731,0,0,,182,9,182,807,Attention (regions),0,173
Qwen2.5-3B,cooling,attention by prompt region,0.05,1514.0,2466,0.6727493917274939,0.6845399618916159,7.380373073803731,0,0,,182,9,182,807,Attention (regions),0,173
Qwen2.5-3B,cooling,region-based attention grounding,0.1,1514.0,2466,0.6727493917274939,0.6499160076874066,7.015409570154096,0,0,,173,14,173,807,Region grounding,0,159
Qwen2.5-3B,cooling,region-based attention grounding,0.05,1514.0,2466,0.6727493917274939,0.6499160076874066,7.015409570154096,0,0,,173,14,173,807,Region grounding,0,159
Qwen2.5-3B,cooling,hidden states,0.1,1514.0,2466,0.6727493917274939,0.712337720055004,21.24898621248986,0,0,,524,50,524,807,Hidden states,0,474
Qwen2.5-3B,cooling,hidden states,0.05,1514.0,2466,0.6727493917274939,0.712337720055004,21.24898621248986,0,0,,524,50,524,807,Hidden states,0,474
Qwen2.5-3B,cooling,all internals,0.1,1514.0,2466,0.6727493917274939,0.7172450521469391,13.86861313868613,0,0,,342,25,342,807,All internals,0,317
Qwen2.5-3B,cooling,all internals,0.05,1514.0,2466,0.6727493917274939,0.7172450521469391,13.86861313868613,0,0,,342,25,342,807,All internals,0,317
Qwen2.5-3B,cooling,all internals + grounding,0.1,1514.0,2466,0.6727493917274939,0.7172211503772372,16.86942416869424,0,0,,416,35,416,807,All internals + grounding,0,381
Qwen2.5-3B,cooling,all internals + grounding,0.05,1514.0,2466,0.6727493917274939,0.7172211503772372,16.86942416869424,0,0,,416,35,416,807,All internals + grounding,0,381
Qwen2.5-3B,cooling,readings + change + all internals + grounding,0.1,1514.0,2466,0.6727493917274939,0.8492746933290908,38.605028386050286,0,0,,952,69,952,807,Obs. + internals + grounding,0,883
Qwen2.5-3B,cooling,readings + change + all internals + grounding,0.05,1514.0,2466,0.6727493917274939,0.8492746933290908,38.605028386050286,0,0,,952,69,952,807,Obs. + internals + grounding,0,883
Qwen2.5-3B,cooling,readings + change + grounding,0.1,1514.0,2466,0.6727493917274939,0.8589877749917277,45.21492295214923,0,0,,1115,97,1115,807,Obs. + grounding,0,1018
Qwen2.5-3B,cooling,readings + change + grounding,0.05,1514.0,2466,0.6727493917274939,0.8589877749917277,45.21492295214923,0,0,,1115,97,1115,807,Obs. + grounding,0,1018
Qwen2.5-3B,cooling,readings + change + all internals,0.1,1514.0,2466,0.6727493917274939,0.8509089768324627,39.253852392538526,0,0,,968,70,968,807,Obs. + all internals,0,898
Qwen2.5-3B,cooling,readings + change + all internals,0.05,1514.0,2466,0.6727493917274939,0.8509089768324627,39.253852392538526,0,0,,968,70,968,807,Obs. + all internals,0,898
Qwen2.5-3B,family-fouling,plant readings only,0.1,2277.0,1250,0.7888,0.5828761755485894,55.2,0,0,,690,128,690,264,Plant readings only,0,562
Qwen2.5-3B,family-fouling,plant readings only,0.05,2277.0,1250,0.7888,0.5828761755485894,55.2,0,0,,690,128,690,264,Plant readings only,0,562
Qwen2.5-3B,family-fouling,plant readings + proposed change,0.1,2277.0,1250,0.7888,0.6240242178376052,99.12,1,0,0.0,1238,262,1239,264,Observables,1,976
Qwen2.5-3B,family-fouling,plant readings + proposed change,0.05,2277.0,1250,0.7888,0.6240242178376052,99.04,0,0,,1238,262,1238,264,Observables,0,976
Qwen2.5-3B,family-fouling,token confidence,0.1,2277.0,1250,0.7888,0.4443381584608765,0.08,0,0,,1,0,1,264,Token confidence,0,1
Qwen2.5-3B,family-fouling,token confidence,0.05,2277.0,1250,0.7888,0.4443381584608765,0.08,0,0,,1,0,1,264,Token confidence,0,1
Qwen2.5-3B,family-fouling,attention by prompt region,0.1,2277.0,1250,0.7888,0.5922882475874363,0.48,0,0,,6,1,6,264,Attention (regions),0,5
Qwen2.5-3B,family-fouling,attention by prompt region,0.05,2277.0,1250,0.7888,0.5922882475874363,0.48,0,0,,6,1,6,264,Attention (regions),0,5
Qwen2.5-3B,family-fouling,region-based attention grounding,0.1,2277.0,1250,0.7888,0.4348876698014629,13.28,0,0,,166,24,166,264,Region grounding,0,142
Qwen2.5-3B,family-fouling,region-based attention grounding,0.05,2277.0,1250,0.7888,0.4348876698014629,13.28,0,0,,166,24,166,264,Region grounding,0,142
Qwen2.5-3B,family-fouling,hidden states,0.1,2277.0,1250,0.7888,0.5091815723154466,2.08,0,0,,26,1,26,264,Hidden states,0,25
Qwen2.5-3B,family-fouling,hidden states,0.05,2277.0,1250,0.7888,0.5091815723154466,2.08,0,0,,26,1,26,264,Hidden states,0,25
Qwen2.5-3B,family-fouling,all internals,0.1,2277.0,1250,0.7888,0.5635334070932448,1.12,0,0,,14,1,14,264,All internals,0,13
Qwen2.5-3B,family-fouling,all internals,0.05,2277.0,1250,0.7888,0.5635334070932448,1.12,0,0,,14,1,14,264,All internals,0,13
Qwen2.5-3B,family-fouling,all internals + grounding,0.1,2277.0,1250,0.7888,0.5517971295101113,2.72,0,0,,34,5,34,264,All internals + grounding,0,29
Qwen2.5-3B,family-fouling,all internals + grounding,0.05,2277.0,1250,0.7888,0.5517971295101113,2.72,0,0,,34,5,34,264,All internals + grounding,0,29
Qwen2.5-3B,family-fouling,readings + change + all internals + grounding,0.1,2277.0,1250,0.7888,0.6095027352633844,100.0,1,0,0.0,1249,263,1250,264,Obs. + internals + grounding,1,986
Qwen2.5-3B,family-fouling,readings + change + all internals + grounding,0.05,2277.0,1250,0.7888,0.6095027352633844,100.0,1,0,0.0,1249,263,1250,264,Obs. + internals + grounding,1,986
Qwen2.5-3B,family-fouling,readings + change + grounding,0.1,2277.0,1250,0.7888,0.609329860470834,99.2,1,0,0.0,1239,262,1240,264,Obs. + grounding,1,977
Qwen2.5-3B,family-fouling,readings + change + grounding,0.05,2277.0,1250,0.7888,0.609329860470834,99.2,1,0,0.0,1239,262,1240,264,Obs. + grounding,1,977
Qwen2.5-3B,family-fouling,readings + change + all internals,0.1,2277.0,1250,0.7888,0.6147350789845719,100.0,1,0,0.0,1249,263,1250,264,Obs. + all internals,1,986
Qwen2.5-3B,family-fouling,readings + change + all internals,0.05,2277.0,1250,0.7888,0.6147350789845719,100.0,1,0,0.0,1249,263,1250,264,Obs. + all internals,1,986
Qwen2.5-3B,family-pump_degrade,plant readings only,0.1,2247.0,1226,0.6394779771615008,0.7453539107950873,4.730831973898858,0,0,,58,2,58,442,Plant readings only,0,56
Qwen2.5-3B,family-pump_degrade,plant readings only,0.05,2247.0,1226,0.6394779771615008,0.7453539107950873,4.730831973898858,0,0,,58,2,58,442,Plant readings only,0,56
Qwen2.5-3B,family-pump_degrade,plant readings + proposed change,0.1,2247.0,1226,0.6394779771615008,0.899087519623234,33.3605220228385,0,0,,409,3,409,442,Observables,0,406
Qwen2.5-3B,family-pump_degrade,plant readings + proposed change,0.05,2247.0,1226,0.6394779771615008,0.899087519623234,33.3605220228385,0,0,,409,3,409,442,Observables,0,406
Qwen2.5-3B,family-pump_degrade,token confidence,0.1,2247.0,1226,0.6394779771615008,0.4802526779942747,0.0,0,0,,0,0,0,442,Token confidence,0,0
Qwen2.5-3B,family-pump_degrade,token confidence,0.05,2247.0,1226,0.6394779771615008,0.4802526779942747,0.0,0,0,,0,0,0,442,Token confidence,0,0
Qwen2.5-3B,family-pump_degrade,attention by prompt region,0.1,2247.0,1226,0.6394779771615008,0.6663732800812632,7.096247960848287,0,0,,87,0,87,442,Attention (regions),0,87
Qwen2.5-3B,family-pump_degrade,attention by prompt region,0.05,2247.0,1226,0.6394779771615008,0.6663732800812632,7.096247960848287,0,0,,87,0,87,442,Attention (regions),0,87
Qwen2.5-3B,family-pump_degrade,region-based attention grounding,0.1,2247.0,1226,0.6394779771615008,0.6659894727121618,6.117455138662317,0,0,,75,0,75,442,Region grounding,0,75
Qwen2.5-3B,family-pump_degrade,region-based attention grounding,0.05,2247.0,1226,0.6394779771615008,0.6659894727121618,6.117455138662317,0,0,,75,0,75,442,Region grounding,0,75
Qwen2.5-3B,family-pump_degrade,hidden states,0.1,2247.0,1226,0.6394779771615008,0.6888043679010066,11.33768352365416,0,0,,139,3,139,442,Hidden states,0,136
Qwen2.5-3B,family-pump_degrade,hidden states,0.05,2247.0,1226,0.6394779771615008,0.6888043679010066,11.33768352365416,0,0,,139,3,139,442,Hidden states,0,136
Qwen2.5-3B,family-pump_degrade,all internals,0.1,2247.0,1226,0.6394779771615008,0.6926943854464863,13.132137030995104,0,0,,161,9,161,442,All internals,0,152
Qwen2.5-3B,family-pump_degrade,all internals,0.05,2247.0,1226,0.6394779771615008,0.6926943854464863,13.132137030995104,0,0,,161,9,161,442,All internals,0,152
Qwen2.5-3B,family-pump_degrade,all internals + grounding,0.1,2247.0,1226,0.6394779771615008,0.6966652045433558,10.848287112561176,0,0,,133,1,133,442,All internals + grounding,0,132
Qwen2.5-3B,family-pump_degrade,all internals + grounding,0.05,2247.0,1226,0.6394779771615008,0.6966652045433558,10.848287112561176,0,0,,133,1,133,442,All internals + grounding,0,132
Qwen2.5-3B,family-pump_degrade,readings + change + all internals + grounding,0.1,2247.0,1226,0.6394779771615008,0.8776866515837104,35.07340946166394,0,0,,430,15,430,442,Obs. + internals + grounding,0,415
Qwen2.5-3B,family-pump_degrade,readings + change + all internals + grounding,0.05,2247.0,1226,0.6394779771615008,0.8776866515837104,35.07340946166394,0,0,,430,15,430,442,Obs. + internals + grounding,0,415
Qwen2.5-3B,family-pump_degrade,readings + change + grounding,0.1,2247.0,1226,0.6394779771615008,0.8969982223658696,32.21859706362154,0,0,,395,3,395,442,Obs. + grounding,0,392
Qwen2.5-3B,family-pump_degrade,readings + change + grounding,0.05,2247.0,1226,0.6394779771615008,0.8969982223658696,32.21859706362154,0,0,,395,3,395,442,Obs. + grounding,0,392
Qwen2.5-3B,family-pump_degrade,readings + change + all internals,0.1,2247.0,1226,0.6394779771615008,0.8778511404561824,35.15497553017944,0,0,,431,14,431,442,Obs. + all internals,0,417
Qwen2.5-3B,family-pump_degrade,readings + change + all internals,0.05,2247.0,1226,0.6394779771615008,0.8778511404561824,35.15497553017944,0,0,,431,14,431,442,Obs. + all internals,0,417
Qwen2.5-3B,family-cool_stuck_closed,plant readings only,0.1,2227.0,1247,0.7923015236567763,0.6428962218435903,100.0,0,0,,1247,259,1247,259,Plant readings only,0,988
Qwen2.5-3B,family-cool_stuck_closed,plant readings only,0.05,2227.0,1247,0.7923015236567763,0.6428962218435903,100.0,0,0,,1247,259,1247,259,Plant readings only,0,988
Qwen2.5-3B,family-cool_stuck_closed,plant readings + proposed change,0.1,2227.0,1247,0.7923015236567763,0.7432510590405328,100.0,0,0,,1247,259,1247,259,Observables,0,988
Qwen2.5-3B,family-cool_stuck_closed,plant readings + proposed change,0.05,2227.0,1247,0.7923015236567763,0.7432510590405328,100.0,0,0,,1247,259,1247,259,Observables,0,988
Qwen2.5-3B,family-cool_stuck_closed,token confidence,0.1,2227.0,1247,0.7923015236567763,0.4766424898003846,0.8019246190858059,0,0,,10,0,10,259,Token confidence,0,10
Qwen2.5-3B,family-cool_stuck_closed,token confidence,0.05,2227.0,1247,0.7923015236567763,0.4766424898003846,0.8019246190858059,0,0,,10,0,10,259,Token confidence,0,10
Qwen2.5-3B,family-cool_stuck_closed,attention by prompt region,0.1,2227.0,1247,0.7923015236567763,0.4986752223594329,2.566158781074579,0,0,,32,5,32,259,Attention (regions),0,27
Qwen2.5-3B,family-cool_stuck_closed,attention by prompt region,0.05,2227.0,1247,0.7923015236567763,0.4986752223594329,2.566158781074579,0,0,,32,5,32,259,Attention (regions),0,27
Qwen2.5-3B,family-cool_stuck_closed,region-based attention grounding,0.1,2227.0,1247,0.7923015236567763,0.5210909289856659,0.5613472333600642,0,0,,7,1,7,259,Region grounding,0,6
Qwen2.5-3B,family-cool_stuck_closed,region-based attention grounding,0.05,2227.0,1247,0.7923015236567763,0.5210909289856659,0.5613472333600642,0,0,,7,1,7,259,Region grounding,0,6
Qwen2.5-3B,family-cool_stuck_closed,hidden states,0.1,2227.0,1247,0.7923015236567763,0.5224508777140355,10.66559743384122,0,0,,133,21,133,259,Hidden states,0,112
Qwen2.5-3B,family-cool_stuck_closed,hidden states,0.05,2227.0,1247,0.7923015236567763,0.5224508777140355,10.66559743384122,0,0,,133,21,133,259,Hidden states,0,112
Qwen2.5-3B,family-cool_stuck_closed,all internals,0.1,2227.0,1247,0.7923015236567763,0.5238538133274976,27.506014434643145,0,0,,343,56,343,259,All internals,0,287
Qwen2.5-3B,family-cool_stuck_closed,all internals,0.05,2227.0,1247,0.7923015236567763,0.5238538133274976,27.506014434643145,0,0,,343,56,343,259,All internals,0,287
Qwen2.5-3B,family-cool_stuck_closed,all internals + grounding,0.1,2227.0,1247,0.7923015236567763,0.4941147046410205,15.396952686447474,0,0,,192,28,192,259,All internals + grounding,0,164
Qwen2.5-3B,family-cool_stuck_closed,all internals + grounding,0.05,2227.0,1247,0.7923015236567763,0.4941147046410205,15.396952686447474,0,0,,192,28,192,259,All internals + grounding,0,164
Qwen2.5-3B,family-cool_stuck_closed,readings + change + all internals + grounding,0.1,2227.0,1247,0.7923015236567763,0.5524772169509012,100.0,0,0,,1247,259,1247,259,Obs. + internals + grounding,0,988
Qwen2.5-3B,family-cool_stuck_closed,readings + change + all internals + grounding,0.05,2227.0,1247,0.7923015236567763,0.5524772169509012,100.0,0,0,,1247,259,1247,259,Obs. + internals + grounding,0,988
Qwen2.5-3B,family-cool_stuck_closed,readings + change + grounding,0.1,2227.0,1247,0.7923015236567763,0.6991660544292123,100.0,0,0,,1247,259,1247,259,Obs. + grounding,0,988
Qwen2.5-3B,family-cool_stuck_closed,readings + change + grounding,0.05,2227.0,1247,0.7923015236567763,0.6991660544292123,100.0,0,0,,1247,259,1247,259,Obs. + grounding,0,988
Qwen2.5-3B,family-cool_stuck_closed,readings + change + all internals,0.1,2227.0,1247,0.7923015236567763,0.5687633845528582,100.0,0,0,,1247,259,1247,259,Obs. + all internals,0,988
Qwen2.5-3B,family-cool_stuck_closed,readings + change + all internals,0.05,2227.0,1247,0.7923015236567763,0.5687633845528582,100.0,0,0,,1247,259,1247,259,Obs. + all internals,0,988
Qwen2.5-3B,family-outlet_block,plant readings only,0.1,2206.0,1222,0.5769230769230769,0.7572437823230037,4.3371522094926345,0,0,,53,6,53,517,Plant readings only,0,47
Qwen2.5-3B,family-outlet_block,plant readings only,0.05,2206.0,1222,0.5769230769230769,0.7572437823230037,4.3371522094926345,0,0,,53,6,53,517,Plant readings only,0,47
Qwen2.5-3B,family-outlet_block,plant readings + proposed change,0.1,2206.0,1222,0.5769230769230769,0.9137632550036352,30.687397708674304,0,0,,375,0,375,517,Observables,0,375
Qwen2.5-3B,family-outlet_block,plant readings + proposed change,0.05,2206.0,1222,0.5769230769230769,0.9137632550036352,30.687397708674304,0,0,,375,0,375,517,Observables,0,375
Qwen2.5-3B,family-outlet_block,token confidence,0.1,2206.0,1222,0.5769230769230769,0.5925813133599462,0.0818330605564648,0,0,,1,1,1,517,Token confidence,0,0
Qwen2.5-3B,family-outlet_block,token confidence,0.05,2206.0,1222,0.5769230769230769,0.5925813133599462,0.0818330605564648,0,0,,1,1,1,517,Token confidence,0,0
Qwen2.5-3B,family-outlet_block,attention by prompt region,0.1,2206.0,1222,0.5769230769230769,0.6517799086382156,0.0,0,0,,0,0,0,517,Attention (regions),0,0
Qwen2.5-3B,family-outlet_block,attention by prompt region,0.05,2206.0,1222,0.5769230769230769,0.6517799086382156,0.0,0,0,,0,0,0,517,Attention (regions),0,0
Qwen2.5-3B,family-outlet_block,region-based attention grounding,0.1,2206.0,1222,0.5769230769230769,0.6343882464298942,0.4091653027823241,0,0,,5,0,5,517,Region grounding,0,5
Qwen2.5-3B,family-outlet_block,region-based attention grounding,0.05,2206.0,1222,0.5769230769230769,0.6343882464298942,0.4091653027823241,0,0,,5,0,5,517,Region grounding,0,5
Qwen2.5-3B,family-outlet_block,hidden states,0.1,2206.0,1222,0.5769230769230769,0.6762939489965294,10.310965630114566,0,0,,126,5,126,517,Hidden states,0,121
Qwen2.5-3B,family-outlet_block,hidden states,0.05,2206.0,1222,0.5769230769230769,0.6762939489965294,10.310965630114566,0,0,,126,5,126,517,Hidden states,0,121
Qwen2.5-3B,family-outlet_block,all internals,0.1,2206.0,1222,0.5769230769230769,0.6896168566607679,9.165302782324058,0,0,,112,7,112,517,All internals,0,105
Qwen2.5-3B,family-outlet_block,all internals,0.05,2206.0,1222,0.5769230769230769,0.6896168566607679,9.165302782324058,0,0,,112,7,112,517,All internals,0,105
Qwen2.5-3B,family-outlet_block,all internals + grounding,0.1,2206.0,1222,0.5769230769230769,0.687240901546017,7.11947626841244,0,0,,87,4,87,517,All internals + grounding,0,83
Qwen2.5-3B,family-outlet_block,all internals + grounding,0.05,2206.0,1222,0.5769230769230769,0.687240901546017,7.11947626841244,0,0,,87,4,87,517,All internals + grounding,0,83
Qwen2.5-3B,family-outlet_block,readings + change + all internals + grounding,0.1,2206.0,1222,0.5769230769230769,0.8890407012634265,30.851063829787236,0,0,,377,14,377,517,Obs. + internals + grounding,0,363
Qwen2.5-3B,family-outlet_block,readings + change + all internals + grounding,0.05,2206.0,1222,0.5769230769230769,0.8890407012634265,30.851063829787236,0,0,,377,14,377,517,Obs. + internals + grounding,0,363
Qwen2.5-3B,family-outlet_block,readings + change + grounding,0.1,2206.0,1222,0.5769230769230769,0.9104709384473983,29.869067103109657,0,0,,365,1,365,517,Obs. + grounding,0,364
Qwen2.5-3B,family-outlet_block,readings + change + grounding,0.05,2206.0,1222,0.5769230769230769,0.9104709384473983,29.869067103109657,0,0,,365,1,365,517,Obs. + grounding,0,364
Qwen2.5-3B,family-outlet_block,readings + change + all internals,0.1,2206.0,1222,0.5769230769230769,0.8919873245812586,30.360065466448443,0,0,,371,12,371,517,Obs. + all internals,0,359
Qwen2.5-3B,family-outlet_block,readings + change + all internals,0.05,2206.0,1222,0.5769230769230769,0.8919873245812586,30.360065466448443,0,0,,371,12,371,517,Obs. + all internals,0,359
Qwen2.5-3B,control,plant readings only,0.1,1475.0,2473,0.6971289931257582,0.736394852843234,12.535382126971289,0,0,,310,28,310,749,Plant readings only,0,282
Qwen2.5-3B,control,plant readings only,0.05,1475.0,2473,0.6971289931257582,0.736394852843234,12.535382126971289,0,0,,310,28,310,749,Plant readings only,0,282
Qwen2.5-3B,control,plant readings + proposed change,0.1,1475.0,2473,0.6971289931257582,0.8696034000477049,40.84108370400323,0,0,,1010,55,1010,749,Observables,0,955
Qwen2.5-3B,control,plant readings + proposed change,0.05,1475.0,2473,0.6971289931257582,0.8696034000477049,40.84108370400323,0,0,,1010,55,1010,749,Observables,0,955
Qwen2.5-3B,control,token confidence,0.1,1475.0,2473,0.6971289931257582,0.5682332824276142,0.0,0,0,,0,0,0,749,Token confidence,0,0
Qwen2.5-3B,control,token confidence,0.05,1475.0,2473,0.6971289931257582,0.5682332824276142,0.0,0,0,,0,0,0,749,Token confidence,0,0
Qwen2.5-3B,control,attention by prompt region,0.1,1475.0,2473,0.6971289931257582,0.6884360895734143,0.0,0,0,,0,0,0,749,Attention (regions),0,0
Qwen2.5-3B,control,attention by prompt region,0.05,1475.0,2473,0.6971289931257582,0.6884360895734143,0.0,0,0,,0,0,0,749,Attention (regions),0,0
Qwen2.5-3B,control,region-based attention grounding,0.1,1475.0,2473,0.6971289931257582,0.6457356908979954,4.650222401940962,0,0,,115,6,115,749,Region grounding,0,109
Qwen2.5-3B,control,region-based attention grounding,0.05,1475.0,2473,0.6971289931257582,0.6457356908979954,4.650222401940962,0,0,,115,6,115,749,Region grounding,0,109
Qwen2.5-3B,control,hidden states,0.1,1475.0,2473,0.6971289931257582,0.7128336622069953,25.1112009704812,0,0,,621,74,621,749,Hidden states,0,547
Qwen2.5-3B,control,hidden states,0.05,1475.0,2473,0.6971289931257582,0.7128336622069953,25.1112009704812,0,0,,621,74,621,749,Hidden states,0,547
Qwen2.5-3B,control,all internals,0.1,1475.0,2473,0.6971289931257582,0.7144986819239264,21.148402749696725,0,0,,523,52,523,749,All internals,0,471
Qwen2.5-3B,control,all internals,0.05,1475.0,2473,0.6971289931257582,0.7144986819239264,21.148402749696725,0,0,,523,52,523,749,All internals,0,471
Qwen2.5-3B,control,all internals + grounding,0.1,1475.0,2473,0.6971289931257582,0.7109115324686589,23.12980186008896,0,0,,572,65,572,749,All internals + grounding,0,507
Qwen2.5-3B,control,all internals + grounding,0.05,1475.0,2473,0.6971289931257582,0.7109115324686589,23.12980186008896,0,0,,572,65,572,749,All internals + grounding,0,507
Qwen2.5-3B,control,readings + change + all internals + grounding,0.1,1475.0,2473,0.6971289931257582,0.8435950176414647,44.48038819247877,145,15,0.1034482758620689,955,56,1100,749,Obs. + internals + grounding,130,899
Qwen2.5-3B,control,readings + change + all internals + grounding,0.05,1475.0,2473,0.6971289931257582,0.8435950176414647,38.6170642943793,0,0,,955,56,955,749,Obs. + internals + grounding,0,899
Qwen2.5-3B,control,readings + change + grounding,0.1,1475.0,2473,0.6971289931257582,0.8612891434519034,38.13182369591589,0,0,,943,54,943,749,Obs. + grounding,0,889
Qwen2.5-3B,control,readings + change + grounding,0.05,1475.0,2473,0.6971289931257582,0.8612891434519034,38.13182369591589,0,0,,943,54,943,749,Obs. + grounding,0,889
Qwen2.5-3B,control,readings + change + all internals,0.1,1475.0,2473,0.6971289931257582,0.8506407615412972,47.35139506672058,138,16,0.1159420289855072,1033,67,1171,749,Obs. + all internals,122,966
Qwen2.5-3B,control,readings + change + all internals,0.05,1475.0,2473,0.6971289931257582,0.8506407615412972,41.77112818439143,0,0,,1033,67,1033,749,Obs. + all internals,0,966
Qwen2.5-7B (4-bit),feed,plant readings only,0.1,1490.0,2494,0.9558941459502808,0.5664276998169616,98.63672814755414,0,0,,2460,104,2460,110,Plant readings only,0,2356
Qwen2.5-7B (4-bit),feed,plant readings only,0.05,1490.0,2494,0.9558941459502808,0.5664276998169616,98.63672814755414,0,0,,2460,104,2460,110,Plant readings only,0,2356
Qwen2.5-7B (4-bit),feed,plant readings + proposed change,0.1,1490.0,2494,0.9558941459502808,0.6570622330689446,96.87249398556536,4,0,0.0,2412,73,2416,110,Observables,4,2339
Qwen2.5-7B (4-bit),feed,plant readings + proposed change,0.05,1490.0,2494,0.9558941459502808,0.6570622330689446,96.79230152365676,2,0,0.0,2412,73,2414,110,Observables,2,2339
Qwen2.5-7B (4-bit),feed,token confidence,0.1,1490.0,2494,0.9558941459502808,0.4692037827943868,5.132317562149158,0,0,,128,1,128,110,Token confidence,0,127
Qwen2.5-7B (4-bit),feed,token confidence,0.05,1490.0,2494,0.9558941459502808,0.4692037827943868,5.132317562149158,0,0,,128,1,128,110,Token confidence,0,127
Qwen2.5-7B (4-bit),feed,attention by prompt region,0.1,1490.0,2494,0.9558941459502808,0.5551555826723613,59.14194065757818,0,0,,1475,65,1475,110,Attention (regions),0,1410
Qwen2.5-7B (4-bit),feed,attention by prompt region,0.05,1490.0,2494,0.9558941459502808,0.5551555826723613,59.14194065757818,0,0,,1475,65,1475,110,Attention (regions),0,1410
Qwen2.5-7B (4-bit),feed,region-based attention grounding,0.1,1490.0,2494,0.9558941459502808,0.5628813300793166,35.80593424218124,0,0,,893,26,893,110,Region grounding,0,867
Qwen2.5-7B (4-bit),feed,region-based attention grounding,0.05,1490.0,2494,0.9558941459502808,0.5628813300793166,35.80593424218124,0,0,,893,26,893,110,Region grounding,0,867
Qwen2.5-7B (4-bit),feed,hidden states,0.1,1490.0,2494,0.9558941459502808,0.5278104026845638,58.34001603849238,0,0,,1455,65,1455,110,Hidden states,0,1390
Qwen2.5-7B (4-bit),feed,hidden states,0.05,1490.0,2494,0.9558941459502808,0.5278104026845638,58.34001603849238,0,0,,1455,65,1455,110,Hidden states,0,1390
Qwen2.5-7B (4-bit),feed,all internals,0.1,1490.0,2494,0.9558941459502808,0.5221552776082978,56.41539695268645,0,0,,1407,62,1407,110,All internals,0,1345
Qwen2.5-7B (4-bit),feed,all internals,0.05,1490.0,2494,0.9558941459502808,0.5221552776082978,56.41539695268645,0,0,,1407,62,1407,110,All internals,0,1345
Qwen2.5-7B (4-bit),feed,all internals + grounding,0.1,1490.0,2494,0.9558941459502808,0.5097887431360586,53.04731355252606,0,0,,1323,57,1323,110,All internals + grounding,0,1266
Qwen2.5-7B (4-bit),feed,all internals + grounding,0.05,1490.0,2494,0.9558941459502808,0.5097887431360586,53.04731355252606,0,0,,1323,57,1323,110,All internals + grounding,0,1266
Qwen2.5-7B (4-bit),feed,readings + change + all internals + grounding,0.1,1490.0,2494,0.9558941459502808,0.6479446308724832,94.50681635926225,3,1,0.3333333333333333,2354,70,2357,110,Obs. + internals + grounding,2,2284
Qwen2.5-7B (4-bit),feed,readings + change + all internals + grounding,0.05,1490.0,2494,0.9558941459502808,0.6479446308724832,94.38652766639936,0,0,,2354,70,2354,110,Obs. + internals + grounding,0,2284
Qwen2.5-7B (4-bit),feed,readings + change + grounding,0.1,1490.0,2494,0.9558941459502808,0.6487111043319098,96.99278267842824,4,0,0.0,2415,74,2419,110,Obs. + grounding,4,2341
Qwen2.5-7B (4-bit),feed,readings + change + grounding,0.05,1490.0,2494,0.9558941459502808,0.6487111043319098,96.95268644747394,3,0,0.0,2415,74,2418,110,Obs. + grounding,3,2341
Qwen2.5-7B (4-bit),feed,readings + change + all internals,0.1,1490.0,2494,0.9558941459502808,0.6454869585112875,95.22854851643946,2,0,0.0,2373,70,2375,110,Obs. + all internals,2,2303
Qwen2.5-7B (4-bit),feed,readings + change + all internals,0.05,1490.0,2494,0.9558941459502808,0.6454869585112875,95.14835605453086,0,0,,2373,70,2373,110,Obs. + all internals,0,2303
Qwen2.5-7B (4-bit),cooling,plant readings only,0.1,1520.0,2492,0.7732744783306581,0.8838159181817764,65.40930979133226,0,0,,1630,82,1630,565,Plant readings only,0,1548
Qwen2.5-7B (4-bit),cooling,plant readings only,0.05,1520.0,2492,0.7732744783306581,0.8838159181817764,65.40930979133226,0,0,,1630,82,1630,565,Plant readings only,0,1548
Qwen2.5-7B (4-bit),cooling,plant readings + proposed change,0.1,1520.0,2492,0.7732744783306581,0.9241096481761278,85.95505617977528,337,18,0.0534124629080118,1805,100,2142,565,Observables,319,1705
Qwen2.5-7B (4-bit),cooling,plant readings + proposed change,0.05,1520.0,2492,0.7732744783306581,0.9241096481761278,84.87158908507223,310,11,0.0354838709677419,1805,100,2115,565,Observables,299,1705
Qwen2.5-7B (4-bit),cooling,token confidence,0.1,1520.0,2492,0.7732744783306581,0.6552355672304605,23.274478330658106,0,0,,580,50,580,565,Token confidence,0,530
Qwen2.5-7B (4-bit),cooling,token confidence,0.05,1520.0,2492,0.7732744783306581,0.6552355672304605,23.274478330658106,0,0,,580,50,580,565,Token confidence,0,530
Qwen2.5-7B (4-bit),cooling,attention by prompt region,0.1,1520.0,2492,0.7732744783306581,0.7420402202515717,45.987158908507226,0,0,,1146,77,1146,565,Attention (regions),0,1069
Qwen2.5-7B (4-bit),cooling,attention by prompt region,0.05,1520.0,2492,0.7732744783306581,0.7420402202515717,45.987158908507226,0,0,,1146,77,1146,565,Attention (regions),0,1069
Qwen2.5-7B (4-bit),cooling,region-based attention grounding,0.1,1520.0,2492,0.7732744783306581,0.7483382395488425,41.53290529695024,0,0,,1035,63,1035,565,Region grounding,0,972
Qwen2.5-7B (4-bit),cooling,region-based attention grounding,0.05,1520.0,2492,0.7732744783306581,0.7483382395488425,41.53290529695024,0,0,,1035,63,1035,565,Region grounding,0,972
Qwen2.5-7B (4-bit),cooling,hidden states,0.1,1520.0,2492,0.7732744783306581,0.7646697374524112,46.18780096308186,0,0,,1151,79,1151,565,Hidden states,0,1072
Qwen2.5-7B (4-bit),cooling,hidden states,0.05,1520.0,2492,0.7732744783306581,0.7646697374524112,46.18780096308186,0,0,,1151,79,1151,565,Hidden states,0,1072
Qwen2.5-7B (4-bit),cooling,all internals,0.1,1520.0,2492,0.7732744783306581,0.7703863587308439,47.91332263242376,0,0,,1194,82,1194,565,All internals,0,1112
Qwen2.5-7B (4-bit),cooling,all internals,0.05,1520.0,2492,0.7732744783306581,0.7703863587308439,47.91332263242376,0,0,,1194,82,1194,565,All internals,0,1112
Qwen2.5-7B (4-bit),cooling,all internals + grounding,0.1,1520.0,2492,0.7732744783306581,0.7641186492828965,47.71268057784911,0,0,,1189,89,1189,565,All internals + grounding,0,1100
Qwen2.5-7B (4-bit),cooling,all internals + grounding,0.05,1520.0,2492,0.7732744783306581,0.7641186492828965,47.71268057784911,0,0,,1189,89,1189,565,All internals + grounding,0,1100
Qwen2.5-7B (4-bit),cooling,readings + change + all internals + grounding,0.1,1520.0,2492,0.7732744783306581,0.904090451938223,74.67897271268058,151,6,0.0397350993377483,1710,98,1861,565,Obs. + internals + grounding,145,1612
Qwen2.5-7B (4-bit),cooling,readings + change + all internals + grounding,0.05,1520.0,2492,0.7732744783306581,0.904090451938223,68.61958266452648,0,0,,1710,98,1710,565,Obs. + internals + grounding,0,1612
Qwen2.5-7B (4-bit),cooling,readings + change + grounding,0.1,1520.0,2492,0.7732744783306581,0.9224067857323272,86.15569823434993,323,16,0.0495356037151702,1824,106,2147,565,Obs. + grounding,307,1718
Qwen2.5-7B (4-bit),cooling,readings + change + grounding,0.05,1520.0,2492,0.7732744783306581,0.9224067857323272,81.42054574638844,205,4,0.0195121951219512,1824,106,2029,565,Obs. + grounding,201,1718
Qwen2.5-7B (4-bit),cooling,readings + change + all internals,0.1,1520.0,2492,0.7732744783306581,0.9088050112284214,77.08667736757624,172,10,0.0581395348837209,1749,101,1921,565,Obs. + all internals,162,1648
Qwen2.5-7B (4-bit),cooling,readings + change + all internals,0.05,1520.0,2492,0.7732744783306581,0.9088050112284214,70.18459069020867,0,0,,1749,101,1749,565,Obs. + all internals,0,1648
Qwen2.5-7B (4-bit),family-fouling,plant readings only,0.1,2305.0,1249,0.978382706164932,0.5476753349093774,100.0,0,0,,1249,27,1249,27,Plant readings only,0,1222
Qwen2.5-7B (4-bit),family-fouling,plant readings only,0.05,2305.0,1249,0.978382706164932,0.5476753349093774,100.0,0,0,,1249,27,1249,27,Plant readings only,0,1222
Qwen2.5-7B (4-bit),family-fouling,plant readings + proposed change,0.1,2305.0,1249,0.978382706164932,0.6788810086682427,100.0,0,0,,1249,27,1249,27,Observables,0,1222
Qwen2.5-7B (4-bit),family-fouling,plant readings + proposed change,0.05,2305.0,1249,0.978382706164932,0.6788810086682427,100.0,0,0,,1249,27,1249,27,Observables,0,1222
Qwen2.5-7B (4-bit),family-fouling,token confidence,0.1,2305.0,1249,0.978382706164932,0.4933321209916955,21.45716573258607,0,0,,268,5,268,27,Token confidence,0,263
Qwen2.5-7B (4-bit),family-fouling,token confidence,0.05,2305.0,1249,0.978382706164932,0.4933321209916955,21.45716573258607,0,0,,268,5,268,27,Token confidence,0,263
Qwen2.5-7B (4-bit),family-fouling,attention by prompt region,0.1,2305.0,1249,0.978382706164932,0.4565375522822331,0.0,0,0,,0,0,0,27,Attention (regions),0,0
Qwen2.5-7B (4-bit),family-fouling,attention by prompt region,0.05,2305.0,1249,0.978382706164932,0.4565375522822331,0.0,0,0,,0,0,0,27,Attention (regions),0,0
Qwen2.5-7B (4-bit),family-fouling,region-based attention grounding,0.1,2305.0,1249,0.978382706164932,0.7704734194095897,21.69735788630905,0,0,,271,0,271,27,Region grounding,0,271
Qwen2.5-7B (4-bit),family-fouling,region-based attention grounding,0.05,2305.0,1249,0.978382706164932,0.7704734194095897,21.69735788630905,0,0,,271,0,271,27,Region grounding,0,271
Qwen2.5-7B (4-bit),family-fouling,hidden states,0.1,2305.0,1249,0.978382706164932,0.3420621931260229,0.0,0,0,,0,0,0,27,Hidden states,0,0
Qwen2.5-7B (4-bit),family-fouling,hidden states,0.05,2305.0,1249,0.978382706164932,0.3420621931260229,0.0,0,0,,0,0,0,27,Hidden states,0,0
Qwen2.5-7B (4-bit),family-fouling,all internals,0.1,2305.0,1249,0.978382706164932,0.3453658240892283,5.204163330664532,0,0,,65,2,65,27,All internals,0,63
Qwen2.5-7B (4-bit),family-fouling,all internals,0.05,2305.0,1249,0.978382706164932,0.3453658240892283,5.204163330664532,0,0,,65,2,65,27,All internals,0,63
Qwen2.5-7B (4-bit),family-fouling,all internals + grounding,0.1,2305.0,1249,0.978382706164932,0.4187124931805783,26.901521216973578,0,0,,336,11,336,27,All internals + grounding,0,325
Qwen2.5-7B (4-bit),family-fouling,all internals + grounding,0.05,2305.0,1249,0.978382706164932,0.4187124931805783,26.901521216973578,0,0,,336,11,336,27,All internals + grounding,0,325
Qwen2.5-7B (4-bit),family-fouling,readings + change + all internals + grounding,0.1,2305.0,1249,0.978382706164932,0.5149724192277384,100.0,0,0,,1249,27,1249,27,Obs. + internals + grounding,0,1222
Qwen2.5-7B (4-bit),family-fouling,readings + change + all internals + grounding,0.05,2305.0,1249,0.978382706164932,0.5149724192277384,100.0,0,0,,1249,27,1249,27,Obs. + internals + grounding,0,1222
Qwen2.5-7B (4-bit),family-fouling,readings + change + grounding,0.1,2305.0,1249,0.978382706164932,0.6344789961811237,100.0,0,0,,1249,27,1249,27,Obs. + grounding,0,1222
Qwen2.5-7B (4-bit),family-fouling,readings + change + grounding,0.05,2305.0,1249,0.978382706164932,0.6344789961811237,100.0,0,0,,1249,27,1249,27,Obs. + grounding,0,1222
Qwen2.5-7B (4-bit),family-fouling,readings + change + all internals,0.1,2305.0,1249,0.978382706164932,0.4965145177911135,100.0,0,0,,1249,27,1249,27,Obs. + all internals,0,1222
Qwen2.5-7B (4-bit),family-fouling,readings + change + all internals,0.05,2305.0,1249,0.978382706164932,0.4965145177911135,100.0,0,0,,1249,27,1249,27,Obs. + all internals,0,1222
Qwen2.5-7B (4-bit),family-pump_degrade,plant readings only,0.1,2261.0,1241,0.6631748589846898,0.8963966582755354,63.094278807413374,222,27,0.1216216216216216,561,27,783,418,Plant readings only,195,534
Qwen2.5-7B (4-bit),family-pump_degrade,plant readings only,0.05,2261.0,1241,0.6631748589846898,0.8963966582755354,45.20547945205479,0,0,,561,27,561,418,Plant readings only,0,534
Qwen2.5-7B (4-bit),family-pump_degrade,plant readings + proposed change,0.1,2261.0,1241,0.6631748589846898,0.9398919811403024,87.18775181305399,333,37,0.1111111111111111,749,65,1082,418,Observables,296,684
Qwen2.5-7B (4-bit),family-pump_degrade,plant readings + proposed change,0.05,2261.0,1241,0.6631748589846898,0.9398919811403024,84.20628525382756,296,22,0.0743243243243243,749,65,1045,418,Observables,274,684
Qwen2.5-7B (4-bit),family-pump_degrade,token confidence,0.1,2261.0,1241,0.6631748589846898,0.5600062788142344,6.365834004834811,0,0,,79,20,79,418,Token confidence,0,59
Qwen2.5-7B (4-bit),family-pump_degrade,token confidence,0.05,2261.0,1241,0.6631748589846898,0.5600062788142344,6.365834004834811,0,0,,79,20,79,418,Token confidence,0,59
Qwen2.5-7B (4-bit),family-pump_degrade,attention by prompt region,0.1,2261.0,1241,0.6631748589846898,0.5784938985041306,11.522965350523773,0,0,,143,38,143,418,Attention (regions),0,105
Qwen2.5-7B (4-bit),family-pump_degrade,attention by prompt region,0.05,2261.0,1241,0.6631748589846898,0.5784938985041306,11.522965350523773,0,0,,143,38,143,418,Attention (regions),0,105
Qwen2.5-7B (4-bit),family-pump_degrade,region-based attention grounding,0.1,2261.0,1241,0.6631748589846898,0.574348718366113,15.71313456889605,0,0,,195,54,195,418,Region grounding,0,141
Qwen2.5-7B (4-bit),family-pump_degrade,region-based attention grounding,0.05,2261.0,1241,0.6631748589846898,0.574348718366113,15.71313456889605,0,0,,195,54,195,418,Region grounding,0,141
Qwen2.5-7B (4-bit),family-pump_degrade,hidden states,0.1,2261.0,1241,0.6631748589846898,0.6198817489985873,11.03948428686543,0,0,,137,30,137,418,Hidden states,0,107
Qwen2.5-7B (4-bit),family-pump_degrade,hidden states,0.05,2261.0,1241,0.6631748589846898,0.6198817489985873,11.03948428686543,0,0,,137,30,137,418,Hidden states,0,107
Qwen2.5-7B (4-bit),family-pump_degrade,all internals,0.1,2261.0,1241,0.6631748589846898,0.6559413279692106,20.1450443190975,0,0,,250,46,250,418,All internals,0,204
Qwen2.5-7B (4-bit),family-pump_degrade,all internals,0.05,2261.0,1241,0.6631748589846898,0.6559413279692106,20.1450443190975,0,0,,250,46,250,418,All internals,0,204
Qwen2.5-7B (4-bit),family-pump_degrade,all internals + grounding,0.1,2261.0,1241,0.6631748589846898,0.6700948217223718,18.29170024174053,0,0,,227,39,227,418,All internals + grounding,0,188
Qwen2.5-7B (4-bit),family-pump_degrade,all internals + grounding,0.05,2261.0,1241,0.6631748589846898,0.6700948217223718,18.29170024174053,0,0,,227,39,227,418,All internals + grounding,0,188
Qwen2.5-7B (4-bit),family-pump_degrade,readings + change + all internals + grounding,0.1,2261.0,1241,0.6631748589846898,0.9155150662473038,72.6027397260274,230,19,0.0826086956521739,671,49,901,418,Obs. + internals + grounding,211,622
Qwen2.5-7B (4-bit),family-pump_degrade,readings + change + all internals + grounding,0.05,2261.0,1241,0.6631748589846898,0.9155150662473038,54.0692989524577,0,0,,671,49,671,418,Obs. + internals + grounding,0,622
Qwen2.5-7B (4-bit),family-pump_degrade,readings + change + grounding,0.1,2261.0,1241,0.6631748589846898,0.9342207003203358,83.883964544722,326,34,0.1042944785276073,715,54,1041,418,Obs. + grounding,292,661
Qwen2.5-7B (4-bit),family-pump_degrade,readings + change + grounding,0.05,2261.0,1241,0.6631748589846898,0.9342207003203358,80.82191780821918,288,25,0.0868055555555555,715,54,1003,418,Obs. + grounding,263,661
Qwen2.5-7B (4-bit),family-pump_degrade,readings + change + all internals,0.1,2261.0,1241,0.6631748589846898,0.9171341863993908,69.78243352135375,197,16,0.0812182741116751,669,46,866,418,Obs. + all internals,181,623
Qwen2.5-7B (4-bit),family-pump_degrade,readings + change + all internals,0.05,2261.0,1241,0.6631748589846898,0.9171341863993908,64.94762288477035,137,8,0.0583941605839416,669,46,806,418,Obs. + all internals,129,623
Qwen2.5-7B (4-bit),family-cool_stuck_closed,plant readings only,0.1,2249.0,1250,0.9256,0.5525088056802445,100.0,0,0,,1250,93,1250,93,Plant readings only,0,1157
Qwen2.5-7B (4-bit),family-cool_stuck_closed,plant readings only,0.05,2249.0,1250,0.9256,0.5525088056802445,100.0,0,0,,1250,93,1250,93,Plant readings only,0,1157
Qwen2.5-7B (4-bit),family-cool_stuck_closed,plant readings + proposed change,0.1,2249.0,1250,0.9256,0.5188334680904453,100.0,0,0,,1250,93,1250,93,Observables,0,1157
Qwen2.5-7B (4-bit),family-cool_stuck_closed,plant readings + proposed change,0.05,2249.0,1250,0.9256,0.5188334680904453,100.0,0,0,,1250,93,1250,93,Observables,0,1157
Qwen2.5-7B (4-bit),family-cool_stuck_closed,token confidence,0.1,2249.0,1250,0.9256,0.5506454400981403,27.52,0,0,,344,19,344,93,Token confidence,0,325
Qwen2.5-7B (4-bit),family-cool_stuck_closed,token confidence,0.05,2249.0,1250,0.9256,0.5506454400981403,27.52,0,0,,344,19,344,93,Token confidence,0,325
Qwen2.5-7B (4-bit),family-cool_stuck_closed,attention by prompt region,0.1,2249.0,1250,0.9256,0.5231085212962705,95.84,0,0,,1198,89,1198,93,Attention (regions),0,1109
Qwen2.5-7B (4-bit),family-cool_stuck_closed,attention by prompt region,0.05,2249.0,1250,0.9256,0.5231085212962705,95.84,0,0,,1198,89,1198,93,Attention (regions),0,1109
Qwen2.5-7B (4-bit),family-cool_stuck_closed,region-based attention grounding,0.1,2249.0,1250,0.9256,0.556175128483936,85.2,0,0,,1065,75,1065,93,Region grounding,0,990
Qwen2.5-7B (4-bit),family-cool_stuck_closed,region-based attention grounding,0.05,2249.0,1250,0.9256,0.556175128483936,85.2,0,0,,1065,75,1065,93,Region grounding,0,990
Qwen2.5-7B (4-bit),family-cool_stuck_closed,hidden states,0.1,2249.0,1250,0.9256,0.5049395451715133,65.36,0,0,,817,60,817,93,Hidden states,0,757
Qwen2.5-7B (4-bit),family-cool_stuck_closed,hidden states,0.05,2249.0,1250,0.9256,0.5049395451715133,65.36,0,0,,817,60,817,93,Hidden states,0,757
Qwen2.5-7B (4-bit),family-cool_stuck_closed,all internals,0.1,2249.0,1250,0.9256,0.5533405823365953,96.64,0,0,,1208,84,1208,93,All internals,0,1124
Qwen2.5-7B (4-bit),family-cool_stuck_closed,all internals,0.05,2249.0,1250,0.9256,0.5533405823365953,96.64,0,0,,1208,84,1208,93,All internals,0,1124
Qwen2.5-7B (4-bit),family-cool_stuck_closed,all internals + grounding,0.1,2249.0,1250,0.9256,0.5354690012174608,97.28,0,0,,1216,86,1216,93,All internals + grounding,0,1130
Qwen2.5-7B (4-bit),family-cool_stuck_closed,all internals + grounding,0.05,2249.0,1250,0.9256,0.5354690012174608,97.28,0,0,,1216,86,1216,93,All internals + grounding,0,1130
Qwen2.5-7B (4-bit),family-cool_stuck_closed,readings + change + all internals + grounding,0.1,2249.0,1250,0.9256,0.4995678478824546,100.0,0,0,,1250,93,1250,93,Obs. + internals + grounding,0,1157
Qwen2.5-7B (4-bit),family-cool_stuck_closed,readings + change + all internals + grounding,0.05,2249.0,1250,0.9256,0.4995678478824546,100.0,0,0,,1250,93,1250,93,Obs. + internals + grounding,0,1157
Qwen2.5-7B (4-bit),family-cool_stuck_closed,readings + change + grounding,0.1,2249.0,1250,0.9256,0.5048466092322562,100.0,0,0,,1250,93,1250,93,Obs. + grounding,0,1157
Qwen2.5-7B (4-bit),family-cool_stuck_closed,readings + change + grounding,0.05,2249.0,1250,0.9256,0.5048466092322562,100.0,0,0,,1250,93,1250,93,Obs. + grounding,0,1157
Qwen2.5-7B (4-bit),family-cool_stuck_closed,readings + change + all internals,0.1,2249.0,1250,0.9256,0.4987035436473638,100.0,0,0,,1250,93,1250,93,Obs. + all internals,0,1157
Qwen2.5-7B (4-bit),family-cool_stuck_closed,readings + change + all internals,0.05,2249.0,1250,0.9256,0.4987035436473638,100.0,0,0,,1250,93,1250,93,Obs. + all internals,0,1157
Qwen2.5-7B (4-bit),family-outlet_block,plant readings only,0.1,2221.0,1245,0.6016064257028112,0.8937023558292778,44.2570281124498,0,0,,551,46,551,496,Plant readings only,0,505
Qwen2.5-7B (4-bit),family-outlet_block,plant readings only,0.05,2221.0,1245,0.6016064257028112,0.8937023558292778,44.2570281124498,0,0,,551,46,551,496,Plant readings only,0,505
Qwen2.5-7B (4-bit),family-outlet_block,plant readings + proposed change,0.1,2221.0,1245,0.6016064257028112,0.9529345579051638,78.95582329317268,278,3,0.0107913669064748,705,64,983,496,Observables,275,641
Qwen2.5-7B (4-bit),family-outlet_block,plant readings + proposed change,0.05,2221.0,1245,0.6016064257028112,0.9529345579051638,56.62650602409639,0,0,,705,64,705,496,Observables,0,641
Qwen2.5-7B (4-bit),family-outlet_block,token confidence,0.1,2221.0,1245,0.6016064257028112,0.5475957190232137,6.425702811244979,0,0,,80,25,80,496,Token confidence,0,55
Qwen2.5-7B (4-bit),family-outlet_block,token confidence,0.05,2221.0,1245,0.6016064257028112,0.5475957190232137,6.425702811244979,0,0,,80,25,80,496,Token confidence,0,55
Qwen2.5-7B (4-bit),family-outlet_block,attention by prompt region,0.1,2221.0,1245,0.6016064257028112,0.5584812007407727,2.570281124497992,0,0,,32,13,32,496,Attention (regions),0,19
Qwen2.5-7B (4-bit),family-outlet_block,attention by prompt region,0.05,2221.0,1245,0.6016064257028112,0.5584812007407727,2.570281124497992,0,0,,32,13,32,496,Attention (regions),0,19
Qwen2.5-7B (4-bit),family-outlet_block,region-based attention grounding,0.1,2221.0,1245,0.6016064257028112,0.5800825832292519,2.8112449799196786,0,0,,35,9,35,496,Region grounding,0,26
Qwen2.5-7B (4-bit),family-outlet_block,region-based attention grounding,0.05,2221.0,1245,0.6016064257028112,0.5800825832292519,2.8112449799196786,0,0,,35,9,35,496,Region grounding,0,26
Qwen2.5-7B (4-bit),family-outlet_block,hidden states,0.1,2221.0,1245,0.6016064257028112,0.6080230630087429,4.257028112449799,0,0,,53,20,53,496,Hidden states,0,33
Qwen2.5-7B (4-bit),family-outlet_block,hidden states,0.05,2221.0,1245,0.6016064257028112,0.6080230630087429,4.257028112449799,0,0,,53,20,53,496,Hidden states,0,33
Qwen2.5-7B (4-bit),family-outlet_block,all internals,0.1,2221.0,1245,0.6016064257028112,0.6347522503122444,8.353413654618475,0,0,,104,31,104,496,All internals,0,73
Qwen2.5-7B (4-bit),family-outlet_block,all internals,0.05,2221.0,1245,0.6016064257028112,0.6347522503122444,8.353413654618475,0,0,,104,31,104,496,All internals,0,73
Qwen2.5-7B (4-bit),family-outlet_block,all internals + grounding,0.1,2221.0,1245,0.6016064257028112,0.6493389034842154,9.959839357429718,0,0,,124,29,124,496,All internals + grounding,0,95
Qwen2.5-7B (4-bit),family-outlet_block,all internals + grounding,0.05,2221.0,1245,0.6016064257028112,0.6493389034842154,9.959839357429718,0,0,,124,29,124,496,All internals + grounding,0,95
Qwen2.5-7B (4-bit),family-outlet_block,readings + change + all internals + grounding,0.1,2221.0,1245,0.6016064257028112,0.9100198113613852,49.47791164658635,0,0,,616,56,616,496,Obs. + internals + grounding,0,560
Qwen2.5-7B (4-bit),family-outlet_block,readings + change + all internals + grounding,0.05,2221.0,1245,0.6016064257028112,0.9100198113613852,49.47791164658635,0,0,,616,56,616,496,Obs. + internals + grounding,0,560
Qwen2.5-7B (4-bit),family-outlet_block,readings + change + grounding,0.1,2221.0,1245,0.6016064257028112,0.945424544554029,77.83132530120483,274,4,0.0145985401459854,695,66,969,496,Obs. + grounding,270,629
Qwen2.5-7B (4-bit),family-outlet_block,readings + change + grounding,0.05,2221.0,1245,0.6016064257028112,0.945424544554029,55.82329317269076,0,0,,695,66,695,496,Obs. + grounding,0,629
Qwen2.5-7B (4-bit),family-outlet_block,readings + change + all internals,0.1,2221.0,1245,0.6016064257028112,0.9165177225548042,53.092369477911646,0,0,,661,72,661,496,Obs. + all internals,0,589
Qwen2.5-7B (4-bit),family-outlet_block,readings + change + all internals,0.05,2221.0,1245,0.6016064257028112,0.9165177225548042,53.092369477911646,0,0,,661,72,661,496,Obs. + all internals,0,589
Qwen2.5-7B (4-bit),control,plant readings only,0.1,1485.0,2494,0.7923015236567763,0.8952145827145827,77.2253408179631,212,21,0.0990566037735849,1714,78,1926,518,Plant readings only,191,1636
Qwen2.5-7B (4-bit),control,plant readings only,0.05,1485.0,2494,0.7923015236567763,0.8952145827145827,68.72493985565356,0,0,,1714,78,1714,518,Plant readings only,0,1636
Qwen2.5-7B (4-bit),control,plant readings + proposed change,0.1,1485.0,2494,0.7923015236567763,0.9344225298172668,84.3624699278268,303,12,0.0396039603960396,1801,67,2104,518,Observables,291,1734
Qwen2.5-7B (4-bit),control,plant readings + proposed change,0.05,1485.0,2494,0.7923015236567763,0.9344225298172668,72.21331194867683,0,0,,1801,67,1801,518,Observables,0,1734
Qwen2.5-7B (4-bit),control,token confidence,0.1,1485.0,2494,0.7923015236567763,0.6784043659043659,15.11627906976744,0,0,,377,21,377,518,Token confidence,0,356
Qwen2.5-7B (4-bit),control,token confidence,0.05,1485.0,2494,0.7923015236567763,0.6784043659043659,15.11627906976744,0,0,,377,21,377,518,Token confidence,0,356
Qwen2.5-7B (4-bit),control,attention by prompt region,0.1,1485.0,2494,0.7923015236567763,0.7750154361996469,45.8700882117081,0,0,,1144,55,1144,518,Attention (regions),0,1089
Qwen2.5-7B (4-bit),control,attention by prompt region,0.05,1485.0,2494,0.7923015236567763,0.7750154361996469,45.8700882117081,0,0,,1144,55,1144,518,Attention (regions),0,1089
Qwen2.5-7B (4-bit),control,region-based attention grounding,0.1,1485.0,2494,0.7923015236567763,0.75416288903131,40.01603849238172,0,0,,998,45,998,518,Region grounding,0,953
Qwen2.5-7B (4-bit),control,region-based attention grounding,0.05,1485.0,2494,0.7923015236567763,0.75416288903131,40.01603849238172,0,0,,998,45,998,518,Region grounding,0,953
Qwen2.5-7B (4-bit),control,hidden states,0.1,1485.0,2494,0.7923015236567763,0.7860044471886578,41.218925421010425,0,0,,1028,43,1028,518,Hidden states,0,985
Qwen2.5-7B (4-bit),control,hidden states,0.05,1485.0,2494,0.7923015236567763,0.7860044471886578,41.218925421010425,0,0,,1028,43,1028,518,Hidden states,0,985
Qwen2.5-7B (4-bit),control,all internals,0.1,1485.0,2494,0.7923015236567763,0.8031112735060103,42.502004811547714,0,0,,1060,49,1060,518,All internals,0,1011
Qwen2.5-7B (4-bit),control,all internals,0.05,1485.0,2494,0.7923015236567763,0.8031112735060103,42.502004811547714,0,0,,1060,49,1060,518,All internals,0,1011
Qwen2.5-7B (4-bit),control,all internals + grounding,0.1,1485.0,2494,0.7923015236567763,0.7985839729260783,43.74498797113071,0,0,,1091,53,1091,518,All internals + grounding,0,1038
Qwen2.5-7B (4-bit),control,all internals + grounding,0.05,1485.0,2494,0.7923015236567763,0.7985839729260783,43.74498797113071,0,0,,1091,53,1091,518,All internals + grounding,0,1038
Qwen2.5-7B (4-bit),control,readings + change + all internals + grounding,0.1,1485.0,2494,0.7923015236567763,0.919848021821706,65.23656776263032,0,0,,1627,54,1627,518,Obs. + internals + grounding,0,1573
Qwen2.5-7B (4-bit),control,readings + change + all internals + grounding,0.05,1485.0,2494,0.7923015236567763,0.919848021821706,65.23656776263032,0,0,,1627,54,1627,518,Obs. + internals + grounding,0,1573
Qwen2.5-7B (4-bit),control,readings + change + grounding,0.1,1485.0,2494,0.7923015236567763,0.9287209056945898,84.80352846832398,281,13,0.0462633451957295,1834,89,2115,518,Obs. + grounding,268,1745
Qwen2.5-7B (4-bit),control,readings + change + grounding,0.05,1485.0,2494,0.7923015236567763,0.9287209056945898,73.5364875701684,0,0,,1834,89,1834,518,Obs. + grounding,0,1745
Qwen2.5-7B (4-bit),control,readings + change + all internals,0.1,1485.0,2494,0.7923015236567763,0.9230524987103934,65.95829991980754,0,0,,1645,52,1645,518,Obs. + all internals,0,1593
Qwen2.5-7B (4-bit),control,readings + change + all internals,0.05,1485.0,2494,0.7923015236567763,0.9230524987103934,65.95829991980754,0,0,,1645,52,1645,518,Obs. + all internals,0,1593
Llama-3.2-3B,feed,plant readings only,0.1,1407.0,2404,0.8452579034941764,0.6150503238506477,0.4991680532445923,0,0,,12,1,12,372,Plant readings only,0,11
Llama-3.2-3B,feed,plant readings only,0.05,1407.0,2404,0.8452579034941764,0.6150503238506477,0.4991680532445923,0,0,,12,1,12,372,Plant readings only,0,11
Llama-3.2-3B,feed,plant readings + proposed change,0.1,1407.0,2404,0.8452579034941764,0.8606370650241301,81.90515806988353,0,0,,1969,131,1969,372,Observables,0,1838
Llama-3.2-3B,feed,plant readings + proposed change,0.05,1407.0,2404,0.8452579034941764,0.8606370650241301,81.90515806988353,0,0,,1969,131,1969,372,Observables,0,1838
Llama-3.2-3B,feed,token confidence,0.1,1407.0,2404,0.8452579034941764,0.5699533274066548,26.83028286189684,0,0,,645,35,645,372,Token confidence,0,610
Llama-3.2-3B,feed,token confidence,0.05,1407.0,2404,0.8452579034941764,0.5699533274066548,26.83028286189684,0,0,,645,35,645,372,Token confidence,0,610
Llama-3.2-3B,feed,attention by prompt region,0.1,1407.0,2404,0.8452579034941764,0.8051154643975955,51.78868552412646,0,0,,1245,51,1245,372,Attention (regions),0,1194
Llama-3.2-3B,feed,attention by prompt region,0.05,1407.0,2404,0.8452579034941764,0.8051154643975955,51.78868552412646,0,0,,1245,51,1245,372,Attention (regions),0,1194
Llama-3.2-3B,feed,region-based attention grounding,0.1,1407.0,2404,0.8452579034941764,0.6725854076708153,35.27454242928453,0,0,,848,47,848,372,Region grounding,0,801
Llama-3.2-3B,feed,region-based attention grounding,0.05,1407.0,2404,0.8452579034941764,0.6725854076708153,35.27454242928453,0,0,,848,47,848,372,Region grounding,0,801
Llama-3.2-3B,feed,hidden states,0.1,1407.0,2404,0.8452579034941764,0.8118544153754973,53.45257903494176,0,0,,1285,60,1285,372,Hidden states,0,1225
Llama-3.2-3B,feed,hidden states,0.05,1407.0,2404,0.8452579034941764,0.8118544153754973,53.45257903494176,0,0,,1285,60,1285,372,Hidden states,0,1225
Llama-3.2-3B,feed,all internals,0.1,1407.0,2404,0.8452579034941764,0.8289213974261281,58.73544093178037,0,0,,1412,62,1412,372,All internals,0,1350
Llama-3.2-3B,feed,all internals,0.05,1407.0,2404,0.8452579034941764,0.8289213974261281,58.73544093178037,0,0,,1412,62,1412,372,All internals,0,1350
Llama-3.2-3B,feed,all internals + grounding,0.1,1407.0,2404,0.8452579034941764,0.8207735373804081,57.19633943427621,0,0,,1375,63,1375,372,All internals + grounding,0,1312
Llama-3.2-3B,feed,all internals + grounding,0.05,1407.0,2404,0.8452579034941764,0.8207735373804081,57.19633943427621,0,0,,1375,63,1375,372,All internals + grounding,0,1312
Llama-3.2-3B,feed,readings + change + all internals + grounding,0.1,1407.0,2404,0.8452579034941764,0.9020073977647955,84.77537437603993,0,0,,2038,160,2038,372,Obs. + internals + grounding,0,1878
Llama-3.2-3B,feed,readings + change + all internals + grounding,0.05,1407.0,2404,0.8452579034941764,0.9020073977647955,84.77537437603993,0,0,,2038,160,2038,372,Obs. + internals + grounding,0,1878
Llama-3.2-3B,feed,readings + change + grounding,0.1,1407.0,2404,0.8452579034941764,0.889025590551181,83.36106489184692,0,0,,2004,161,2004,372,Obs. + grounding,0,1843
Llama-3.2-3B,feed,readings + change + grounding,0.05,1407.0,2404,0.8452579034941764,0.889025590551181,83.36106489184692,0,0,,2004,161,2004,372,Obs. + grounding,0,1843
Llama-3.2-3B,feed,readings + change + all internals,0.1,1407.0,2404,0.8452579034941764,0.9050805393277452,83.52745424292846,0,0,,2008,141,2008,372,Obs. + all internals,0,1867
Llama-3.2-3B,feed,readings + change + all internals,0.05,1407.0,2404,0.8452579034941764,0.9050805393277452,83.52745424292846,0,0,,2008,141,2008,372,Obs. + all internals,0,1867
Llama-3.2-3B,cooling,plant readings only,0.1,1452.0,2368,0.8315033783783784,0.6798306074989403,20.7347972972973,0,0,,491,32,491,399,Plant readings only,0,459
Llama-3.2-3B,cooling,plant readings only,0.05,1452.0,2368,0.8315033783783784,0.6798306074989403,20.7347972972973,0,0,,491,32,491,399,Plant readings only,0,459
Llama-3.2-3B,cooling,plant readings + proposed change,0.1,1452.0,2368,0.8315033783783784,0.9110803927034448,77.74493243243244,0,0,,1841,103,1841,399,Observables,0,1738
Llama-3.2-3B,cooling,plant readings + proposed change,0.05,1452.0,2368,0.8315033783783784,0.9110803927034448,77.74493243243244,0,0,,1841,103,1841,399,Observables,0,1738
Llama-3.2-3B,cooling,token confidence,0.1,1452.0,2368,0.8315033783783784,0.6632095729420047,34.670608108108105,0,0,,821,23,821,399,Token confidence,0,798
Llama-3.2-3B,cooling,token confidence,0.05,1452.0,2368,0.8315033783783784,0.6632095729420047,34.670608108108105,0,0,,821,23,821,399,Token confidence,0,798
Llama-3.2-3B,cooling,attention by prompt region,0.1,1452.0,2368,0.8315033783783784,0.8261741199112561,59.45945945945946,0,0,,1408,75,1408,399,Attention (regions),0,1333
Llama-3.2-3B,cooling,attention by prompt region,0.05,1452.0,2368,0.8315033783783784,0.8261741199112561,59.45945945945946,0,0,,1408,75,1408,399,Attention (regions),0,1333
Llama-3.2-3B,cooling,region-based attention grounding,0.1,1452.0,2368,0.8315033783783784,0.7388990505720878,46.70608108108108,0,0,,1106,56,1106,399,Region grounding,0,1050
Llama-3.2-3B,cooling,region-based attention grounding,0.05,1452.0,2368,0.8315033783783784,0.7388990505720878,46.70608108108108,0,0,,1106,56,1106,399,Region grounding,0,1050
Llama-3.2-3B,cooling,hidden states,0.1,1452.0,2368,0.8315033783783784,0.8561372960079222,64.73817567567568,0,0,,1533,78,1533,399,Hidden states,0,1455
Llama-3.2-3B,cooling,hidden states,0.05,1452.0,2368,0.8315033783783784,0.8561372960079222,64.73817567567568,0,0,,1533,78,1533,399,Hidden states,0,1455
Llama-3.2-3B,cooling,all internals,0.1,1452.0,2368,0.8315033783783784,0.8588192166551473,71.11486486486487,0,0,,1684,104,1684,399,All internals,0,1580
Llama-3.2-3B,cooling,all internals,0.05,1452.0,2368,0.8315033783783784,0.8588192166551473,71.11486486486487,0,0,,1684,104,1684,399,All internals,0,1580
Llama-3.2-3B,cooling,all internals + grounding,0.1,1452.0,2368,0.8315033783783784,0.8584119007523888,71.1570945945946,0,0,,1685,108,1685,399,All internals + grounding,0,1577
Llama-3.2-3B,cooling,all internals + grounding,0.05,1452.0,2368,0.8315033783783784,0.8584119007523888,71.1570945945946,0,0,,1685,108,1685,399,All internals + grounding,0,1577
Llama-3.2-3B,cooling,readings + change + all internals + grounding,0.1,1452.0,2368,0.8315033783783784,0.933168370392716,81.25,0,0,,1924,110,1924,399,Obs. + internals + grounding,0,1814
Llama-3.2-3B,cooling,readings + change + all internals + grounding,0.05,1452.0,2368,0.8315033783783784,0.933168370392716,81.25,0,0,,1924,110,1924,399,Obs. + internals + grounding,0,1814
Llama-3.2-3B,cooling,readings + change + grounding,0.1,1452.0,2368,0.8315033783783784,0.9254828284525431,80.70101351351352,0,0,,1911,118,1911,399,Obs. + grounding,0,1793
Llama-3.2-3B,cooling,readings + change + grounding,0.05,1452.0,2368,0.8315033783783784,0.9254828284525431,80.70101351351352,0,0,,1911,118,1911,399,Obs. + grounding,0,1793
Llama-3.2-3B,cooling,readings + change + all internals,0.1,1452.0,2368,0.8315033783783784,0.93322946777813,82.89695945945947,0,0,,1963,128,1963,399,Obs. + all internals,0,1835
Llama-3.2-3B,cooling,readings + change + all internals,0.05,1452.0,2368,0.8315033783783784,0.93322946777813,82.89695945945947,0,0,,1963,128,1963,399,Obs. + all internals,0,1835
Llama-3.2-3B,family-fouling,plant readings only,0.1,2173.0,1221,0.8427518427518428,0.424243804664723,0.0,0,0,,0,0,0,192,Plant readings only,0,0
Llama-3.2-3B,family-fouling,plant readings only,0.05,2173.0,1221,0.8427518427518428,0.424243804664723,0.0,0,0,,0,0,0,192,Plant readings only,0,0
Llama-3.2-3B,family-fouling,plant readings + proposed change,0.1,2173.0,1221,0.8427518427518428,0.4838081065759637,95.65929565929568,0,0,,1168,180,1168,192,Observables,0,988
Llama-3.2-3B,family-fouling,plant readings + proposed change,0.05,2173.0,1221,0.8427518427518428,0.4838081065759637,95.65929565929568,0,0,,1168,180,1168,192,Observables,0,988
Llama-3.2-3B,family-fouling,token confidence,0.1,2173.0,1221,0.8427518427518428,0.3102881033365727,8.19000819000819,0,0,,100,37,100,192,Token confidence,0,63
Llama-3.2-3B,family-fouling,token confidence,0.05,2173.0,1221,0.8427518427518428,0.3102881033365727,8.19000819000819,0,0,,100,37,100,192,Token confidence,0,63
Llama-3.2-3B,family-fouling,attention by prompt region,0.1,2173.0,1221,0.8427518427518428,0.6013676303854876,14.16871416871417,0,0,,173,22,173,192,Attention (regions),0,151
Llama-3.2-3B,family-fouling,attention by prompt region,0.05,2173.0,1221,0.8427518427518428,0.6013676303854876,14.16871416871417,0,0,,173,22,173,192,Attention (regions),0,151
Llama-3.2-3B,family-fouling,region-based attention grounding,0.1,2173.0,1221,0.8427518427518428,0.4309604794298671,24.733824733824733,0,0,,302,71,302,192,Region grounding,0,231
Llama-3.2-3B,family-fouling,region-based attention grounding,0.05,2173.0,1221,0.8427518427518428,0.4309604794298671,24.733824733824733,0,0,,302,71,302,192,Region grounding,0,231
Llama-3.2-3B,family-fouling,hidden states,0.1,2173.0,1221,0.8427518427518428,0.5921758584386135,8.108108108108109,0,0,,99,6,99,192,Hidden states,0,93
Llama-3.2-3B,family-fouling,hidden states,0.05,2173.0,1221,0.8427518427518428,0.5921758584386135,8.108108108108109,0,0,,99,6,99,192,Hidden states,0,93
Llama-3.2-3B,family-fouling,all internals,0.1,2173.0,1221,0.8427518427518428,0.4181345157110463,23.34152334152334,0,0,,285,60,285,192,All internals,0,225
Llama-3.2-3B,family-fouling,all internals,0.05,2173.0,1221,0.8427518427518428,0.4181345157110463,23.34152334152334,0,0,,285,60,285,192,All internals,0,225
Llama-3.2-3B,family-fouling,all internals + grounding,0.1,2173.0,1221,0.8427518427518428,0.3957624716553288,13.841113841113842,0,0,,169,45,169,192,All internals + grounding,0,124
Llama-3.2-3B,family-fouling,all internals + grounding,0.05,2173.0,1221,0.8427518427518428,0.3957624716553288,13.841113841113842,0,0,,169,45,169,192,All internals + grounding,0,124
Llama-3.2-3B,family-fouling,readings + change + all internals + grounding,0.1,2173.0,1221,0.8427518427518428,0.5874534337544541,75.83947583947584,0,0,,926,127,926,192,Obs. + internals + grounding,0,799
Llama-3.2-3B,family-fouling,readings + change + all internals + grounding,0.05,2173.0,1221,0.8427518427518428,0.5874534337544541,75.83947583947584,0,0,,926,127,926,192,Obs. + internals + grounding,0,799
Llama-3.2-3B,family-fouling,readings + change + grounding,0.1,2173.0,1221,0.8427518427518428,0.5156654923874312,97.13349713349714,0,0,,1186,182,1186,192,Obs. + grounding,0,1004
Llama-3.2-3B,family-fouling,readings + change + grounding,0.05,2173.0,1221,0.8427518427518428,0.5156654923874312,97.13349713349714,0,0,,1186,182,1186,192,Obs. + grounding,0,1004
Llama-3.2-3B,family-fouling,readings + change + all internals,0.1,2173.0,1221,0.8427518427518428,0.6035896501457727,79.85257985257985,0,0,,975,127,975,192,Obs. + all internals,0,848
Llama-3.2-3B,family-fouling,readings + change + all internals,0.05,2173.0,1221,0.8427518427518428,0.6035896501457727,79.85257985257985,0,0,,975,127,975,192,Obs. + all internals,0,848
Llama-3.2-3B,family-pump_degrade,plant readings only,0.1,2183.0,1165,0.8832618025751073,0.5723718058652032,47.46781115879829,0,0,,553,51,553,136,Plant readings only,0,502
Llama-3.2-3B,family-pump_degrade,plant readings only,0.05,2183.0,1165,0.8832618025751073,0.5723718058652032,47.46781115879829,0,0,,553,51,553,136,Plant readings only,0,502
Llama-3.2-3B,family-pump_degrade,plant readings + proposed change,0.1,2183.0,1165,0.8832618025751073,0.9475290116046418,83.86266094420601,0,0,,977,30,977,136,Observables,0,947
Llama-3.2-3B,family-pump_degrade,plant readings + proposed change,0.05,2183.0,1165,0.8832618025751073,0.9475290116046418,83.86266094420601,0,0,,977,30,977,136,Observables,0,947
Llama-3.2-3B,family-pump_degrade,token confidence,0.1,2183.0,1165,0.8832618025751073,0.7563025210084033,66.69527896995709,0,0,,777,35,777,136,Token confidence,0,742
Llama-3.2-3B,family-pump_degrade,token confidence,0.05,2183.0,1165,0.8832618025751073,0.7563025210084033,66.69527896995709,0,0,,777,35,777,136,Token confidence,0,742
Llama-3.2-3B,family-pump_degrade,attention by prompt region,0.1,2183.0,1165,0.8832618025751073,0.8080803750071457,67.8969957081545,0,0,,791,26,791,136,Attention (regions),0,765
Llama-3.2-3B,family-pump_degrade,attention by prompt region,0.05,2183.0,1165,0.8832618025751073,0.8080803750071457,67.8969957081545,0,0,,791,26,791,136,Attention (regions),0,765
Llama-3.2-3B,family-pump_degrade,region-based attention grounding,0.1,2183.0,1165,0.8832618025751073,0.8201494883667753,58.45493562231759,0,0,,681,15,681,136,Region grounding,0,666
Llama-3.2-3B,family-pump_degrade,region-based attention grounding,0.05,2183.0,1165,0.8832618025751073,0.8201494883667753,58.45493562231759,0,0,,681,15,681,136,Region grounding,0,666
Llama-3.2-3B,family-pump_degrade,hidden states,0.1,2183.0,1165,0.8832618025751073,0.878487109129366,71.75965665236052,0,0,,836,21,836,136,Hidden states,0,815
Llama-3.2-3B,family-pump_degrade,hidden states,0.05,2183.0,1165,0.8832618025751073,0.878487109129366,71.75965665236052,0,0,,836,21,836,136,Hidden states,0,815
Llama-3.2-3B,family-pump_degrade,all internals,0.1,2183.0,1165,0.8832618025751073,0.9046404275996112,72.27467811158799,0,0,,842,17,842,136,All internals,0,825
Llama-3.2-3B,family-pump_degrade,all internals,0.05,2183.0,1165,0.8832618025751073,0.9046404275996112,72.27467811158799,0,0,,842,17,842,136,All internals,0,825
Llama-3.2-3B,family-pump_degrade,all internals + grounding,0.1,2183.0,1165,0.8832618025751073,0.8989381466872464,75.10729613733905,0,0,,875,23,875,136,All internals + grounding,0,852
Llama-3.2-3B,family-pump_degrade,all internals + grounding,0.05,2183.0,1165,0.8832618025751073,0.8989381466872464,75.10729613733905,0,0,,875,23,875,136,All internals + grounding,0,852
Llama-3.2-3B,family-pump_degrade,readings + change + all internals + grounding,0.1,2183.0,1165,0.8832618025751073,0.9680872348939574,84.37768240343347,0,0,,983,24,983,136,Obs. + internals + grounding,0,959
Llama-3.2-3B,family-pump_degrade,readings + change + all internals + grounding,0.05,2183.0,1165,0.8832618025751073,0.9680872348939574,84.37768240343347,0,0,,983,24,983,136,Obs. + internals + grounding,0,959
Llama-3.2-3B,family-pump_degrade,readings + change + grounding,0.1,2183.0,1165,0.8832618025751073,0.954517521294232,83.86266094420601,0,0,,977,28,977,136,Obs. + grounding,0,949
Llama-3.2-3B,family-pump_degrade,readings + change + grounding,0.05,2183.0,1165,0.8832618025751073,0.954517521294232,83.86266094420601,0,0,,977,28,977,136,Obs. + grounding,0,949
Llama-3.2-3B,family-pump_degrade,readings + change + all internals,0.1,2183.0,1165,0.8832618025751073,0.9670653975876063,86.09442060085837,0,0,,1003,31,1003,136,Obs. + all internals,0,972
Llama-3.2-3B,family-pump_degrade,readings + change + all internals,0.05,2183.0,1165,0.8832618025751073,0.9670653975876063,86.09442060085837,0,0,,1003,31,1003,136,Obs. + all internals,0,972
Llama-3.2-3B,family-cool_stuck_closed,plant readings only,0.1,2133.0,1212,0.7112211221122112,0.5660192243950944,0.0,0,0,,0,0,0,350,Plant readings only,0,0
Llama-3.2-3B,family-cool_stuck_closed,plant readings only,0.05,2133.0,1212,0.7112211221122112,0.5660192243950944,0.0,0,0,,0,0,0,350,Plant readings only,0,0
Llama-3.2-3B,family-cool_stuck_closed,plant readings + proposed change,0.1,2133.0,1212,0.7112211221122112,0.8364401723566457,67.57425742574257,0,0,,819,109,819,350,Observables,0,710
Llama-3.2-3B,family-cool_stuck_closed,plant readings + proposed change,0.05,2133.0,1212,0.7112211221122112,0.8364401723566457,67.57425742574257,0,0,,819,109,819,350,Observables,0,710
Llama-3.2-3B,family-cool_stuck_closed,token confidence,0.1,2133.0,1212,0.7112211221122112,0.424487901889294,53.3003300330033,0,0,,646,217,646,350,Token confidence,0,429
Llama-3.2-3B,family-cool_stuck_closed,token confidence,0.05,2133.0,1212,0.7112211221122112,0.424487901889294,53.3003300330033,0,0,,646,217,646,350,Token confidence,0,429
Llama-3.2-3B,family-cool_stuck_closed,attention by prompt region,0.1,2133.0,1212,0.7112211221122112,0.5847464368578057,86.71617161716172,0,0,,1051,296,1051,350,Attention (regions),0,755
Llama-3.2-3B,family-cool_stuck_closed,attention by prompt region,0.05,2133.0,1212,0.7112211221122112,0.5847464368578057,86.71617161716172,0,0,,1051,296,1051,350,Attention (regions),0,755
Llama-3.2-3B,family-cool_stuck_closed,region-based attention grounding,0.1,2133.0,1212,0.7112211221122112,0.4820682797480941,85.39603960396039,0,0,,1035,299,1035,350,Region grounding,0,736
Llama-3.2-3B,family-cool_stuck_closed,region-based attention grounding,0.05,2133.0,1212,0.7112211221122112,0.4820682797480941,85.39603960396039,0,0,,1035,299,1035,350,Region grounding,0,736
Llama-3.2-3B,family-cool_stuck_closed,hidden states,0.1,2133.0,1212,0.7112211221122112,0.669115014915479,91.25412541254126,0,0,,1106,303,1106,350,Hidden states,0,803
Llama-3.2-3B,family-cool_stuck_closed,hidden states,0.05,2133.0,1212,0.7112211221122112,0.669115014915479,91.25412541254126,0,0,,1106,303,1106,350,Hidden states,0,803
Llama-3.2-3B,family-cool_stuck_closed,all internals,0.1,2133.0,1212,0.7112211221122112,0.6163937686443487,91.0891089108911,0,0,,1104,309,1104,350,All internals,0,795
Llama-3.2-3B,family-cool_stuck_closed,all internals,0.05,2133.0,1212,0.7112211221122112,0.6163937686443487,91.0891089108911,0,0,,1104,309,1104,350,All internals,0,795
Llama-3.2-3B,family-cool_stuck_closed,all internals + grounding,0.1,2133.0,1212,0.7112211221122112,0.6185482267152801,93.15181518151816,0,0,,1129,314,1129,350,All internals + grounding,0,815
Llama-3.2-3B,family-cool_stuck_closed,all internals + grounding,0.05,2133.0,1212,0.7112211221122112,0.6185482267152801,93.15181518151816,0,0,,1129,314,1129,350,All internals + grounding,0,815
Llama-3.2-3B,family-cool_stuck_closed,readings + change + all internals + grounding,0.1,2133.0,1212,0.7112211221122112,0.7647596950613191,83.4983498349835,0,0,,1012,228,1012,350,Obs. + internals + grounding,0,784
Llama-3.2-3B,family-cool_stuck_closed,readings + change + all internals + grounding,0.05,2133.0,1212,0.7112211221122112,0.7647596950613191,83.4983498349835,0,0,,1012,228,1012,350,Obs. + internals + grounding,0,784
Llama-3.2-3B,family-cool_stuck_closed,readings + change + grounding,0.1,2133.0,1212,0.7112211221122112,0.7484686774941995,79.62046204620462,0,0,,965,227,965,350,Obs. + grounding,0,738
Llama-3.2-3B,family-cool_stuck_closed,readings + change + grounding,0.05,2133.0,1212,0.7112211221122112,0.7484686774941995,79.62046204620462,0,0,,965,227,965,350,Obs. + grounding,0,738
Llama-3.2-3B,family-cool_stuck_closed,readings + change + all internals,0.1,2133.0,1212,0.7112211221122112,0.7528074245939675,78.38283828382838,0,0,,950,208,950,350,Obs. + all internals,0,742
Llama-3.2-3B,family-cool_stuck_closed,readings + change + all internals,0.05,2133.0,1212,0.7112211221122112,0.7528074245939675,78.38283828382838,0,0,,950,208,950,350,Obs. + all internals,0,742
Llama-3.2-3B,family-outlet_block,plant readings only,0.1,2128.0,1166,0.8910806174957119,0.621607693648496,0.0,0,0,,0,0,0,127,Plant readings only,0,0
Llama-3.2-3B,family-outlet_block,plant readings only,0.05,2128.0,1166,0.8910806174957119,0.621607693648496,0.0,0,0,,0,0,0,127,Plant readings only,0,0
Llama-3.2-3B,family-outlet_block,plant readings + proposed change,0.1,2128.0,1166,0.8910806174957119,0.9358256348851484,83.61921097770154,0,0,,975,31,975,127,Observables,0,944
Llama-3.2-3B,family-outlet_block,plant readings + proposed change,0.05,2128.0,1166,0.8910806174957119,0.9358256348851484,83.61921097770154,0,0,,975,31,975,127,Observables,0,944
Llama-3.2-3B,family-outlet_block,token confidence,0.1,2128.0,1166,0.8910806174957119,0.7851204595575698,50.25728987993139,0,0,,586,12,586,127,Token confidence,0,574
Llama-3.2-3B,family-outlet_block,token confidence,0.05,2128.0,1166,0.8910806174957119,0.7851204595575698,50.25728987993139,0,0,,586,12,586,127,Token confidence,0,574
Llama-3.2-3B,family-outlet_block,attention by prompt region,0.1,2128.0,1166,0.8910806174957119,0.821625881942813,64.6655231560892,0,0,,754,30,754,127,Attention (regions),0,724
Llama-3.2-3B,family-outlet_block,attention by prompt region,0.05,2128.0,1166,0.8910806174957119,0.821625881942813,64.6655231560892,0,0,,754,30,754,127,Attention (regions),0,724
Llama-3.2-3B,family-outlet_block,region-based attention grounding,0.1,2128.0,1166,0.8910806174957119,0.8079391904693337,51.45797598627787,0,0,,600,15,600,127,Region grounding,0,585
Llama-3.2-3B,family-outlet_block,region-based attention grounding,0.05,2128.0,1166,0.8910806174957119,0.8079391904693337,51.45797598627787,0,0,,600,15,600,127,Region grounding,0,585
Llama-3.2-3B,family-outlet_block,hidden states,0.1,2128.0,1166,0.8910806174957119,0.8874220366342562,65.78044596912521,0,0,,767,14,767,127,Hidden states,0,753
Llama-3.2-3B,family-outlet_block,hidden states,0.05,2128.0,1166,0.8910806174957119,0.8874220366342562,65.78044596912521,0,0,,767,14,767,127,Hidden states,0,753
Llama-3.2-3B,family-outlet_block,all internals,0.1,2128.0,1166,0.8910806174957119,0.8903321637249628,72.29845626072041,0,0,,843,19,843,127,All internals,0,824
Llama-3.2-3B,family-outlet_block,all internals,0.05,2128.0,1166,0.8910806174957119,0.8903321637249628,72.29845626072041,0,0,,843,19,843,127,All internals,0,824
Llama-3.2-3B,family-outlet_block,all internals + grounding,0.1,2128.0,1166,0.8910806174957119,0.8895743181284246,74.61406518010291,0,0,,870,20,870,127,All internals + grounding,0,850
Llama-3.2-3B,family-outlet_block,all internals + grounding,0.05,2128.0,1166,0.8910806174957119,0.8895743181284246,74.61406518010291,0,0,,870,20,870,127,All internals + grounding,0,850
Llama-3.2-3B,family-outlet_block,readings + change + all internals + grounding,0.1,2128.0,1166,0.8910806174957119,0.9578940986563398,87.56432246998284,0,0,,1021,37,1021,127,Obs. + internals + grounding,0,984
Llama-3.2-3B,family-outlet_block,readings + change + all internals + grounding,0.05,2128.0,1166,0.8910806174957119,0.9578940986563398,87.56432246998284,0,0,,1021,37,1021,127,Obs. + internals + grounding,0,984
Llama-3.2-3B,family-outlet_block,readings + change + grounding,0.1,2128.0,1166,0.8910806174957119,0.9455563723446984,85.3344768439108,0,0,,995,34,995,127,Obs. + grounding,0,961
Llama-3.2-3B,family-outlet_block,readings + change + grounding,0.05,2128.0,1166,0.8910806174957119,0.9455563723446984,85.3344768439108,0,0,,995,34,995,127,Obs. + grounding,0,961
Llama-3.2-3B,family-outlet_block,readings + change + all internals,0.1,2128.0,1166,0.8910806174957119,0.9578637848324782,85.84905660377359,0,0,,1001,28,1001,127,Obs. + all internals,0,973
Llama-3.2-3B,family-outlet_block,readings + change + all internals,0.05,2128.0,1166,0.8910806174957119,0.9578637848324782,85.84905660377359,0,0,,1001,28,1001,127,Obs. + all internals,0,973
Llama-3.2-3B,control,plant readings only,0.1,1428.0,2383,0.8325639949643306,0.6763632872503841,0.5035669324381032,0,0,,12,3,12,399,Plant readings only,0,9
Llama-3.2-3B,control,plant readings only,0.05,1428.0,2383,0.8325639949643306,0.6763632872503841,0.5035669324381032,0,0,,12,3,12,399,Plant readings only,0,9
Llama-3.2-3B,control,plant readings + proposed change,0.1,1428.0,2383,0.8325639949643306,0.8997556896272939,71.88417960553923,0,0,,1713,88,1713,399,Observables,0,1625
Llama-3.2-3B,control,plant readings + proposed change,0.05,1428.0,2383,0.8325639949643306,0.8997556896272939,71.88417960553923,0,0,,1713,88,1713,399,Observables,0,1625
Llama-3.2-3B,control,token confidence,0.1,1428.0,2383,0.8325639949643306,0.6286052833697147,26.52119177507344,0,0,,632,21,632,399,Token confidence,0,611
Llama-3.2-3B,control,token confidence,0.05,1428.0,2383,0.8325639949643306,0.6286052833697147,26.52119177507344,0,0,,632,21,632,399,Token confidence,0,611
Llama-3.2-3B,control,attention by prompt region,0.1,1428.0,2383,0.8325639949643306,0.7970644858113025,51.78346621905161,0,0,,1234,66,1234,399,Attention (regions),0,1168
Llama-3.2-3B,control,attention by prompt region,0.05,1428.0,2383,0.8325639949643306,0.7970644858113025,51.78346621905161,0,0,,1234,66,1234,399,Attention (regions),0,1168
Llama-3.2-3B,control,region-based attention grounding,0.1,1428.0,2383,0.8325639949643306,0.7051929218206807,38.313050776332354,0,0,,913,43,913,399,Region grounding,0,870
Llama-3.2-3B,control,region-based attention grounding,0.05,1428.0,2383,0.8325639949643306,0.7051929218206807,38.313050776332354,0,0,,913,43,913,399,Region grounding,0,870
Llama-3.2-3B,control,hidden states,0.1,1428.0,2383,0.8325639949643306,0.8380654256609266,66.47083508182962,0,0,,1584,99,1584,399,Hidden states,0,1485
Llama-3.2-3B,control,hidden states,0.05,1428.0,2383,0.8325639949643306,0.8380654256609266,66.47083508182962,0,0,,1584,99,1584,399,Hidden states,0,1485
Llama-3.2-3B,control,all internals,0.1,1428.0,2383,0.8325639949643306,0.8446304774031854,69.82794796475031,0,0,,1664,104,1664,399,All internals,0,1560
Llama-3.2-3B,control,all internals,0.05,1428.0,2383,0.8325639949643306,0.8446304774031854,69.82794796475031,0,0,,1664,104,1664,399,All internals,0,1560
Llama-3.2-3B,control,all internals + grounding,0.1,1428.0,2383,0.8325639949643306,0.8473186494461961,70.83508182962652,0,0,,1688,110,1688,399,All internals + grounding,0,1578
Llama-3.2-3B,control,all internals + grounding,0.05,1428.0,2383,0.8325639949643306,0.8473186494461961,70.83508182962652,0,0,,1688,110,1688,399,All internals + grounding,0,1578
Llama-3.2-3B,control,readings + change + all internals + grounding,0.1,1428.0,2383,0.8325639949643306,0.9236157429864986,79.22786403692824,0,0,,1888,112,1888,399,Obs. + internals + grounding,0,1776
Llama-3.2-3B,control,readings + change + all internals + grounding,0.05,1428.0,2383,0.8325639949643306,0.9236157429864986,79.22786403692824,0,0,,1888,112,1888,399,Obs. + internals + grounding,0,1776
Llama-3.2-3B,control,readings + change + grounding,0.1,1428.0,2383,0.8325639949643306,0.9066668687848654,76.33235417540915,0,0,,1819,103,1819,399,Obs. + grounding,0,1716
Llama-3.2-3B,control,readings + change + grounding,0.05,1428.0,2383,0.8325639949643306,0.9066668687848654,76.33235417540915,0,0,,1819,103,1819,399,Obs. + grounding,0,1716
Llama-3.2-3B,control,readings + change + all internals,0.1,1428.0,2383,0.8325639949643306,0.9235007882609748,80.52874527906,0,0,,1919,121,1919,399,Obs. + all internals,0,1798
Llama-3.2-3B,control,readings + change + all internals,0.05,1428.0,2383,0.8325639949643306,0.9235007882609748,80.52874527906,0,0,,1919,121,1919,399,Obs. + all internals,0,1798
Llama-3.2-3B,family (pooled),all internals,0.05,,4764,,0.7073752189199922,64.52560873215785,0,0,,3074,405,3074,805,All internals,0,2669
Llama-3.2-3B,family (pooled),all internals,0.1,,4764,,0.7073752189199922,64.52560873215785,0,0,,3074,405,3074,805,All internals,0,2669
Llama-3.2-3B,family (pooled),all internals + grounding,0.05,,4764,,0.7007057907965699,63.87489504617968,0,0,,3043,402,3043,805,All internals + grounding,0,2641
Llama-3.2-3B,family (pooled),all internals + grounding,0.1,,4764,,0.7007057907965699,63.87489504617968,0,0,,3043,402,3043,805,All internals + grounding,0,2641
Llama-3.2-3B,family (pooled),attention by prompt region,0.05,,4764,,0.7039550810483131,58.123425692695214,0,0,,2769,374,2769,805,Attention (regions),0,2395
Llama-3.2-3B,family (pooled),attention by prompt region,0.1,,4764,,0.7039550810483131,58.123425692695214,0,0,,2769,374,2769,805,Attention (regions),0,2395
Llama-3.2-3B,family (pooled),hidden states,0.05,,4764,,0.7568000047794287,58.94206549118388,0,0,,2808,344,2808,805,Hidden states,0,2464
Llama-3.2-3B,family (pooled),hidden states,0.1,,4764,,0.7568000047794287,58.94206549118388,0,0,,2808,344,2808,805,Hidden states,0,2464
Llama-3.2-3B,family (pooled),plant readings + proposed change,0.05,,4764,,0.8009007313555998,82.68261964735517,0,0,,3939,350,3939,805,Observables,0,3589
Llama-3.2-3B,family (pooled),plant readings + proposed change,0.1,,4764,,0.8009007313555998,82.68261964735517,0,0,,3939,350,3939,805,Observables,0,3589
Llama-3.2-3B,family (pooled),plant readings only,0.05,,4764,,0.5460606321433792,11.607892527287992,0,0,,553,51,553,805,Plant readings only,0,502
Llama-3.2-3B,family (pooled),plant readings only,0.1,,4764,,0.5460606321433792,11.607892527287992,0,0,,553,51,553,805,Plant readings only,0,502
Llama-3.2-3B,family (pooled),readings + change + all internals,0.05,,4764,,0.8203315642899562,82.47271200671705,0,0,,3929,394,3929,805,Obs. + all internals,0,3535
Llama-3.2-3B,family (pooled),readings + change + all internals,0.1,,4764,,0.8203315642899562,82.47271200671705,0,0,,3929,394,3929,805,Obs. + all internals,0,3535
Llama-3.2-3B,family (pooled),readings + change + all internals + grounding,0.05,,4764,,0.8195486155915176,82.7455919395466,0,0,,3942,416,3942,805,Obs. + internals + grounding,0,3526
Llama-3.2-3B,family (pooled),readings + change + all internals + grounding,0.1,,4764,,0.8195486155915176,82.7455919395466,0,0,,3942,416,3942,805,Obs. + internals + grounding,0,3526
Llama-3.2-3B,family (pooled),readings + change + grounding,0.05,,4764,,0.7910520158801403,86.54492023509655,0,0,,4123,471,4123,805,Obs. + grounding,0,3652
Llama-3.2-3B,family (pooled),readings + change + grounding,0.1,,4764,,0.7910520158801403,86.54492023509655,0,0,,4123,471,4123,805,Obs. + grounding,0,3652
Llama-3.2-3B,family (pooled),region-based attention grounding,0.05,,4764,,0.6352793595035175,54.953820319059616,0,0,,2618,400,2618,805,Region grounding,0,2218
Llama-3.2-3B,family (pooled),region-based attention grounding,0.1,,4764,,0.6352793595035175,54.953820319059616,0,0,,2618,400,2618,805,Region grounding,0,2218
Llama-3.2-3B,family (pooled),token confidence,0.05,,4764,,0.56904974644796,44.269521410579344,0,0,,2109,301,2109,805,Token confidence,0,1808
Llama-3.2-3B,family (pooled),token confidence,0.1,,4764,,0.56904974644796,44.269521410579344,0,0,,2109,301,2109,805,Token confidence,0,1808
Qwen2.5-1.5B,family (pooled),all internals,0.05,,4954,,0.6589032584815521,9.689140088817117,0,0,,480,106,480,1691,All internals,0,374
Qwen2.5-1.5B,family (pooled),all internals,0.1,,4954,,0.6589032584815521,10.597496972143722,45,45,,480,106,525,1691,All internals,0,374
Qwen2.5-1.5B,family (pooled),all internals + grounding,0.05,,4954,,0.6504611000702323,15.724666935809447,0,0,,779,196,779,1691,All internals + grounding,0,583
Qwen2.5-1.5B,family (pooled),all internals + grounding,0.1,,4954,,0.6504611000702323,22.628179249091644,342,341,,779,196,1121,1691,All internals + grounding,1,583
Qwen2.5-1.5B,family (pooled),attention by prompt region,0.05,,4954,,0.4859951565013171,24.384335890189746,0,0,,1208,340,1208,1691,Attention (regions),0,868
Qwen2.5-1.5B,family (pooled),attention by prompt region,0.1,,4954,,0.4859951565013171,24.384335890189746,0,0,,1208,340,1208,1691,Attention (regions),0,868
Qwen2.5-1.5B,family (pooled),hidden states,0.05,,4954,,0.6657563125858678,24.68712151796528,0,0,,1223,326,1223,1691,Hidden states,0,897
Qwen2.5-1.5B,family (pooled),hidden states,0.1,,4954,,0.6657563125858678,24.68712151796528,0,0,,1223,326,1223,1691,Hidden states,0,897
Qwen2.5-1.5B,family (pooled),plant readings + proposed change,0.05,,4954,,0.7220545980121482,65.22002422285023,390,8,,2841,352,3231,1691,Observables,382,2489
Qwen2.5-1.5B,family (pooled),plant readings + proposed change,0.1,,4954,,0.7220545980121482,74.98990714574082,874,28,,2841,352,3715,1691,Observables,846,2489
Qwen2.5-1.5B,family (pooled),plant readings only,0.05,,4954,,0.8239804269285773,61.5260395639887,558,5,,2490,349,3048,1691,Plant readings only,553,2141
Qwen2.5-1.5B,family (pooled),plant readings only,0.1,,4954,,0.8239804269285773,67.80379491320146,869,38,,2490,349,3359,1691,Plant readings only,831,2141
Qwen2.5-1.5B,family (pooled),readings + change + all internals,0.05,,4954,,0.7401436244836064,55.69236980218005,651,207,,2108,137,2759,1691,Obs. + all internals,444,1971
Qwen2.5-1.5B,family (pooled),readings + change + all internals,0.1,,4954,,0.7401436244836064,68.46992329430763,1284,349,,2108,137,3392,1691,Obs. + all internals,935,1971
Qwen2.5-1.5B,family (pooled),readings + change + all internals + grounding,0.05,,4954,,0.7323785085813868,56.56035526846993,504,113,,2298,192,2802,1691,Obs. + internals + grounding,391,2106
Qwen2.5-1.5B,family (pooled),readings + change + all internals + grounding,0.1,,4954,,0.7323785085813868,66.04763827210336,974,192,,2298,192,3272,1691,Obs. + internals + grounding,782,2106
Qwen2.5-1.5B,family (pooled),readings + change + grounding,0.05,,4954,,0.7163129639470218,72.80985062575697,781,20,,2826,353,3607,1691,Obs. + grounding,761,2473
Qwen2.5-1.5B,family (pooled),readings + change + grounding,0.1,,4954,,0.7163129639470218,74.70730722648365,875,27,,2826,353,3701,1691,Obs. + grounding,848,2473
Qwen2.5-1.5B,family (pooled),region-based attention grounding,0.05,,4954,,0.5441582950931045,5.0666128381106175,0,0,,251,80,251,1691,Region grounding,0,171
Qwen2.5-1.5B,family (pooled),region-based attention grounding,0.1,,4954,,0.5441582950931045,5.0666128381106175,0,0,,251,80,251,1691,Region grounding,0,171
Qwen2.5-1.5B,family (pooled),token confidence,0.05,,4954,,0.5039007866960515,7.1861122325393625,0,0,,356,105,356,1691,Token confidence,0,251
Qwen2.5-1.5B,family (pooled),token confidence,0.1,,4954,,0.5039007866960515,7.1861122325393625,0,0,,356,105,356,1691,Token confidence,0,251
Qwen2.5-3B,family (pooled),all internals,0.05,,4945,,0.6174246156319991,12.740141557128412,0,0,,630,73,630,1482,All internals,0,557
Qwen2.5-3B,family (pooled),all internals,0.1,,4945,,0.6174246156319991,12.740141557128412,0,0,,630,73,630,1482,All internals,0,557
Qwen2.5-3B,family (pooled),all internals + grounding,0.05,,4945,,0.6074544850601261,9.019211324570273,0,0,,446,38,446,1482,All internals + grounding,0,408
Qwen2.5-3B,family (pooled),all internals + grounding,0.1,,4945,,0.6074544850601261,9.019211324570273,0,0,,446,38,446,1482,All internals + grounding,0,408
Qwen2.5-3B,family (pooled),attention by prompt region,0.05,,4945,,0.602279164666587,2.5278058645096055,0,0,,125,6,125,1482,Attention (regions),0,119
Qwen2.5-3B,family (pooled),attention by prompt region,0.1,,4945,,0.602279164666587,2.5278058645096055,0,0,,125,6,125,1482,Attention (regions),0,119
Qwen2.5-3B,family (pooled),hidden states,0.05,,4945,,0.5991826917317545,8.574317492416583,0,0,,424,30,424,1482,Hidden states,0,394
Qwen2.5-3B,family (pooled),hidden states,0.1,,4945,,0.5991826917317545,8.574317492416583,0,0,,424,30,424,1482,Hidden states,0,394
Qwen2.5-3B,family (pooled),plant readings + proposed change,0.05,,4945,,0.7950315128762517,66.1071789686552,0,0,,3269,524,3269,1482,Observables,0,2745
Qwen2.5-3B,family (pooled),plant readings + proposed change,0.1,,4945,,0.7950315128762517,66.12740141557128,1,0,,3269,524,3270,1482,Observables,1,2745
Qwen2.5-3B,family (pooled),plant readings only,0.05,,4945,,0.6820925226275677,41.41557128412538,0,0,,2048,395,2048,1482,Plant readings only,0,1653
Qwen2.5-3B,family (pooled),plant readings only,0.1,,4945,,0.6820925226275677,41.41557128412538,0,0,,2048,395,2048,1482,Plant readings only,0,1653
Qwen2.5-3B,family (pooled),readings + change + all internals,0.05,,4945,,0.7383342321437179,66.71385237613751,1,0,,3298,548,3299,1482,Obs. + all internals,1,2750
Qwen2.5-3B,family (pooled),readings + change + all internals,0.1,,4945,,0.7383342321437179,66.71385237613751,1,0,,3298,548,3299,1482,Obs. + all internals,1,2750
Qwen2.5-3B,family (pooled),readings + change + all internals + grounding,0.05,,4945,,0.7321768262653556,66.8149646107179,1,0,,3303,551,3304,1482,Obs. + internals + grounding,1,2752
Qwen2.5-3B,family (pooled),readings + change + all internals + grounding,0.1,,4945,,0.7321768262653556,66.8149646107179,1,0,,3303,551,3304,1482,Obs. + internals + grounding,1,2752
Qwen2.5-3B,family (pooled),readings + change + grounding,0.05,,4945,,0.7789912689283286,65.66228513650152,1,0,,3246,525,3247,1482,Obs. + grounding,1,2721
Qwen2.5-3B,family (pooled),readings + change + grounding,0.1,,4945,,0.7789912689283286,65.66228513650152,1,0,,3246,525,3247,1482,Obs. + grounding,1,2721
Qwen2.5-3B,family (pooled),region-based attention grounding,0.05,,4945,,0.5640890794822961,5.116279069767442,0,0,,253,25,253,1482,Region grounding,0,228
Qwen2.5-3B,family (pooled),region-based attention grounding,0.1,,4945,,0.5640890794822961,5.116279069767442,0,0,,253,25,253,1482,Region grounding,0,228
Qwen2.5-3B,family (pooled),token confidence,0.05,,4945,,0.49845365990387047,0.24266936299292213,0,0,,12,1,12,1482,Token confidence,0,11
Qwen2.5-3B,family (pooled),token confidence,0.1,,4945,,0.49845365990387047,0.24266936299292213,0,0,,12,1,12,1482,Token confidence,0,11
Qwen2.5-7B (4-bit),family (pooled),all internals,0.05,,4985,,0.5473499961768197,32.63791374122367,0,0,,1627,163,1627,1034,All internals,0,1464
Qwen2.5-7B (4-bit),family (pooled),all internals,0.1,,4985,,0.5473499961768197,32.63791374122367,0,0,,1627,163,1627,1034,All internals,0,1464
Qwen2.5-7B (4-bit),family (pooled),all internals + grounding,0.05,,4985,,0.5684038049011566,38.17452357071214,0,0,,1903,165,1903,1034,All internals + grounding,0,1738
Qwen2.5-7B (4-bit),family (pooled),all internals + grounding,0.1,,4985,,0.5684038049011566,38.17452357071214,0,0,,1903,165,1903,1034,All internals + grounding,0,1738
Qwen2.5-7B (4-bit),family (pooled),attention by prompt region,0.05,,4985,,0.5291552932058516,27.542627883650955,0,0,,1373,140,1373,1034,Attention (regions),0,1233
Qwen2.5-7B (4-bit),family (pooled),attention by prompt region,0.1,,4985,,0.5291552932058516,27.542627883650955,0,0,,1373,140,1373,1034,Attention (regions),0,1233
Qwen2.5-7B (4-bit),family (pooled),hidden states,0.05,,4985,,0.5187266375762165,20.200601805416248,0,0,,1007,110,1007,1034,Hidden states,0,897
Qwen2.5-7B (4-bit),family (pooled),hidden states,0.1,,4985,,0.5187266375762165,20.200601805416248,0,0,,1007,110,1007,1034,Hidden states,0,897
Qwen2.5-7B (4-bit),family (pooled),plant readings + proposed change,0.05,,4985,,0.7726352539510386,85.23570712136409,296,22,,3953,249,4249,1034,Observables,274,3704
Qwen2.5-7B (4-bit),family (pooled),plant readings + proposed change,0.1,,4985,,0.7726352539510386,91.55466399197593,611,40,,3953,249,4564,1034,Observables,571,3704
Qwen2.5-7B (4-bit),family (pooled),plant readings only,0.05,,4985,,0.7225707886736088,72.43731193580743,0,0,,3611,193,3611,1034,Plant readings only,0,3418
Qwen2.5-7B (4-bit),family (pooled),plant readings only,0.1,,4985,,0.7225707886736088,76.89067201604814,222,27,,3611,193,3833,1034,Plant readings only,195,3418
Qwen2.5-7B (4-bit),family (pooled),readings + change + all internals,0.05,,4985,,0.707217492598168,79.55867602808425,137,8,,3829,238,3966,1034,Obs. + all internals,129,3591
Qwen2.5-7B (4-bit),family (pooled),readings + change + all internals,0.1,,4985,,0.707217492598168,80.76228686058174,197,16,,3829,238,4026,1034,Obs. + all internals,181,3591
Qwen2.5-7B (4-bit),family (pooled),readings + change + all internals + grounding,0.05,,4985,,0.7100187861797205,75.94784353059177,0,0,,3786,225,3786,1034,Obs. + internals + grounding,0,3561
Qwen2.5-7B (4-bit),family (pooled),readings + change + all internals + grounding,0.1,,4985,,0.7100187861797205,80.5616850551655,230,19,,3786,225,4016,1034,Obs. + internals + grounding,211,3561
Qwen2.5-7B (4-bit),family (pooled),readings + change + grounding,0.05,,4985,,0.7547427125719361,84.1925777331996,288,25,,3909,240,4197,1034,Obs. + grounding,263,3669
Qwen2.5-7B (4-bit),family (pooled),readings + change + grounding,0.1,,4985,,0.7547427125719361,90.45135406218655,600,38,,3909,240,4509,1034,Obs. + grounding,562,3669
Qwen2.5-7B (4-bit),family (pooled),region-based attention grounding,0.05,,4985,,0.6202699623722226,31.414242728184554,0,0,,1566,138,1566,1034,Region grounding,0,1428
Qwen2.5-7B (4-bit),family (pooled),region-based attention grounding,0.1,,4985,,0.6202699623722226,31.414242728184554,0,0,,1566,138,1566,1034,Region grounding,0,1428
Qwen2.5-7B (4-bit),family (pooled),token confidence,0.05,,4985,,0.537894889731821,15.466399197592779,0,0,,771,69,771,1034,Token confidence,0,702
Qwen2.5-7B (4-bit),family (pooled),token confidence,0.1,,4985,,0.537894889731821,15.466399197592779,0,0,,771,69,771,1034,Token confidence,0,702
