family,k,allow_frac,allow_threshold,allow_failure_rate,disallow_frac,disallow_threshold,disallow_valid_rate
neg_mean_logprob (untrained),1,0.002,0.0013119146460667,0.0,0.002,0.2199947088956833,0.0
neg_mean_logprob (untrained),2,0.004,0.0015039532445371,0.0,0.004,0.2158790081739425,0.0
neg_mean_logprob (untrained),3,0.006,0.0019584854599088,0.0,0.006,0.2078304290771484,0.0
neg_mean_logprob (untrained),4,0.008,0.0021864604204893,0.0,0.008,0.2055306732654571,0.0
neg_mean_logprob (untrained),5,0.01,0.0025163260288536,0.0,0.01,0.2003628760576248,0.0
neg_mean_logprob (untrained),6,0.012,0.0026936004869639,0.0,0.012,0.1921878606081009,0.0
neg_mean_logprob (untrained),7,0.014,0.0029692591633647,0.0,0.014,0.1910869032144546,0.0
neg_mean_logprob (untrained),8,0.016,0.003067553974688,0.0,0.016,0.1905407011508941,0.0
neg_mean_logprob (untrained),9,0.018,0.0033146005589514,0.0,0.018,0.186744749546051,0.0
neg_mean_logprob (untrained),10,0.02,0.0036920076236128,0.0,0.02,0.1839012056589126,0.1
neg_mean_logprob (untrained),11,0.022,0.0040086475200951,0.0,0.022,0.1815636605024337,0.18181818181818182
neg_mean_logprob (untrained),12,0.024,0.0041109197773039,0.0,0.024,0.1813269853591919,0.16666666666666666
neg_mean_logprob (untrained),13,0.026,0.0041682249866425,0.0,0.026,0.1761009991168975,0.23076923076923078
neg_mean_logprob (untrained),14,0.028,0.0049967430531978,0.0,0.028,0.1758156567811966,0.2857142857142857
neg_mean_logprob (untrained),15,0.03,0.0050850179977715,0.0,0.03,0.1756549328565597,0.26666666666666666
neg_mean_logprob (untrained),16,0.032,0.0055043562315404,0.0625,0.032,0.1747688949108123,0.25
neg_mean_logprob (untrained),17,0.034,0.0056041665375232,0.058823529411764705,0.034,0.1744694858789444,0.23529411764705882
neg_mean_logprob (untrained),18,0.036,0.0056613576598465,0.05555555555555555,0.036,0.1735974550247192,0.2222222222222222
neg_mean_logprob (untrained),19,0.038,0.0058206524699926,0.05263157894736842,0.038,0.1711730360984802,0.21052631578947367
neg_mean_logprob (untrained),20,0.04,0.0063197258859872,0.05,0.04,0.1709640324115753,0.2
neg_mean_logprob (untrained),21,0.042,0.0064300536178052,0.047619047619047616,0.042,0.1695644408464431,0.19047619047619047
neg_mean_logprob (untrained),22,0.044,0.0065126400440931,0.045454545454545456,0.044,0.1670309454202652,0.18181818181818182
neg_mean_logprob (untrained),23,0.046,0.0071579664945602,0.043478260869565216,0.046,0.1666350960731506,0.17391304347826086
neg_mean_logprob (untrained),24,0.048,0.0071859476156532,0.08333333333333333,0.048,0.1645452827215194,0.16666666666666666
neg_mean_logprob (untrained),25,0.05,0.0076811052858829,0.12,0.05,0.1643670052289962,0.16
neg_mean_logprob (untrained),26,0.052,0.0080163590610027,0.11538461538461539,0.052,0.1635006815195083,0.15384615384615385
neg_mean_logprob (untrained),27,0.054,0.0080609740689396,0.14814814814814814,0.054,0.1628032922744751,0.14814814814814814
neg_mean_logprob (untrained),28,0.056,0.0080885840579867,0.14285714285714285,0.056,0.1627719402313232,0.14285714285714285
neg_mean_logprob (untrained),29,0.058,0.0084321526810526,0.13793103448275862,0.058,0.1621156632900238,0.1724137931034483
neg_mean_logprob (untrained),30,0.06,0.0085715381428599,0.13333333333333333,0.06,0.1610690653324127,0.16666666666666666
neg_mean_logprob (untrained),31,0.062,0.0096696503460407,0.12903225806451613,0.062,0.1608872413635254,0.16129032258064516
neg_mean_logprob (untrained),32,0.064,0.0104309422895312,0.125,0.064,0.1565916240215301,0.15625
neg_mean_logprob (untrained),33,0.066,0.0110904444009065,0.12121212121212122,0.066,0.1562387645244598,0.15151515151515152
neg_mean_logprob (untrained),34,0.068,0.0111556220799684,0.11764705882352941,0.068,0.1538452506065368,0.14705882352941177
neg_mean_logprob (untrained),35,0.07,0.0114270886406302,0.11428571428571428,0.07,0.1538423299789428,0.14285714285714285
neg_mean_logprob (untrained),36,0.072,0.0120042385533452,0.1111111111111111,0.072,0.1532734483480453,0.1388888888888889
neg_mean_logprob (untrained),37,0.074,0.0124069890007376,0.13513513513513514,0.074,0.1502733826637268,0.13513513513513514
neg_mean_logprob (untrained),38,0.076,0.0124926017597317,0.13157894736842105,0.076,0.150260642170906,0.13157894736842105
neg_mean_logprob (untrained),39,0.078,0.0130526311695575,0.15384615384615385,0.078,0.1502543836832046,0.15384615384615385
neg_mean_logprob (untrained),40,0.08,0.0135404793545603,0.15,0.08,0.1492540687322616,0.175
neg_mean_logprob (untrained),41,0.082,0.0137161845341324,0.14634146341463414,0.082,0.1490129083395004,0.17073170731707318
neg_mean_logprob (untrained),42,0.084,0.0145526602864265,0.14285714285714285,0.084,0.1488781571388244,0.16666666666666666
neg_mean_logprob (untrained),43,0.086,0.0146114062517881,0.13953488372093023,0.086,0.1487444341182708,0.16279069767441862
neg_mean_logprob (untrained),44,0.088,0.0146751357242465,0.1590909090909091,0.088,0.1486313194036483,0.1590909090909091
neg_mean_logprob (untrained),45,0.09,0.0146886380389332,0.17777777777777778,0.09,0.1480870842933654,0.15555555555555556
neg_mean_logprob (untrained),46,0.092,0.0149179054424166,0.17391304347826086,0.092,0.1467474400997162,0.17391304347826086
neg_mean_logprob (untrained),47,0.094,0.0156384613364934,0.1702127659574468,0.094,0.1467071324586868,0.1702127659574468
neg_mean_logprob (untrained),48,0.096,0.0158571060746908,0.16666666666666666,0.096,0.1463655829429626,0.16666666666666666
neg_mean_logprob (untrained),49,0.098,0.0160291995853185,0.16326530612244897,0.098,0.1455031633377075,0.16326530612244897
neg_mean_logprob (untrained),50,0.1,0.0161395464092493,0.18,0.1,0.1454483270645141,0.18
neg_mean_logprob (untrained),51,0.102,0.0164834633469581,0.19607843137254902,0.102,0.144713893532753,0.17647058823529413
neg_mean_logprob (untrained),52,0.104,0.0181119255721569,0.19230769230769232,0.104,0.1442439556121826,0.17307692307692307
neg_mean_logprob (untrained),53,0.106,0.0181883797049522,0.20754716981132076,0.106,0.1442201137542724,0.16981132075471697
neg_mean_logprob (untrained),54,0.108,0.018406318500638,0.2037037037037037,0.108,0.1440548449754715,0.16666666666666666
neg_mean_logprob (untrained),55,0.11,0.0184384938329458,0.2,0.11,0.1435725390911102,0.18181818181818182
neg_mean_logprob (untrained),56,0.112,0.0187084395438432,0.19642857142857142,0.112,0.1424236595630645,0.19642857142857142
neg_mean_logprob (untrained),57,0.114,0.0204993970692157,0.19298245614035087,0.114,0.1414904296398162,0.19298245614035087
neg_mean_logprob (untrained),58,0.116,0.0205772202461957,0.1896551724137931,0.116,0.1414294689893722,0.20689655172413793
neg_mean_logprob (untrained),59,0.118,0.0211590453982353,0.2033898305084746,0.118,0.1400088816881179,0.22033898305084745
neg_mean_logprob (untrained),60,0.12,0.021733233705163,0.2,0.12,0.1394054144620895,0.21666666666666667
neg_mean_logprob (untrained),61,0.122,0.0219221413135528,0.19672131147540983,0.122,0.1393148154020309,0.21311475409836064
neg_mean_logprob (untrained),62,0.124,0.022266199812293,0.1935483870967742,0.124,0.1391803324222564,0.20967741935483872
neg_mean_logprob (untrained),63,0.126,0.0225277859717607,0.20634920634920634,0.126,0.139168843626976,0.20634920634920634
neg_mean_logprob (untrained),64,0.128,0.0230848584324121,0.203125,0.128,0.1388950198888778,0.203125
neg_mean_logprob (untrained),65,0.13,0.0237687118351459,0.2,0.13,0.1377258747816085,0.2
neg_mean_logprob (untrained),66,0.132,0.0239149089902639,0.19696969696969696,0.132,0.1363075673580169,0.19696969696969696
neg_mean_logprob (untrained),67,0.134,0.0247502494603395,0.19402985074626866,0.134,0.1351352334022522,0.208955223880597
neg_mean_logprob (untrained),68,0.136,0.0256202965974807,0.19117647058823528,0.136,0.1348558962345123,0.20588235294117646
neg_mean_logprob (untrained),69,0.138,0.0257210358977317,0.18840579710144928,0.138,0.1337673515081405,0.2028985507246377
neg_mean_logprob (untrained),70,0.14,0.0257450472563505,0.18571428571428572,0.14,0.13342846930027,0.2
neg_mean_logprob (untrained),71,0.142,0.0261277183890342,0.19718309859154928,0.142,0.1330453008413314,0.19718309859154928
neg_mean_logprob (untrained),72,0.144,0.026170615106821,0.19444444444444445,0.144,0.1329359710216522,0.19444444444444445
neg_mean_logprob (untrained),73,0.146,0.0269330497831106,0.2054794520547945,0.146,0.13222736120224,0.1917808219178082
neg_mean_logprob (untrained),74,0.148,0.0272068753838539,0.20270270270270271,0.148,0.1320293247699737,0.1891891891891892
neg_mean_logprob (untrained),75,0.15,0.0275604296475648,0.2,0.15,0.1316873729228973,0.18666666666666668
neg_mean_logprob (untrained),76,0.152,0.027627969160676,0.19736842105263158,0.152,0.1316576302051544,0.18421052631578946
neg_mean_logprob (untrained),77,0.154,0.0282183308154344,0.19480519480519481,0.154,0.1314762532711029,0.18181818181818182
neg_mean_logprob (untrained),78,0.156,0.0283634234219789,0.20512820512820512,0.156,0.1310011893510818,0.1794871794871795
neg_mean_logprob (untrained),79,0.158,0.0296232607215642,0.20253164556962025,0.158,0.1304288655519485,0.17721518987341772
neg_mean_logprob (untrained),80,0.16,0.0297749191522598,0.2,0.16,0.1294067502021789,0.175
neg_mean_logprob (untrained),81,0.162,0.0309185106307268,0.20987654320987653,0.162,0.1281199157238006,0.1728395061728395
neg_mean_logprob (untrained),82,0.164,0.031058557331562,0.2073170731707317,0.164,0.1280671060085296,0.17073170731707318
neg_mean_logprob (untrained),83,0.166,0.0315647684037685,0.20481927710843373,0.166,0.1269153654575348,0.1686746987951807
neg_mean_logprob (untrained),84,0.168,0.0318548195064067,0.20238095238095238,0.168,0.126659408211708,0.16666666666666666
neg_mean_logprob (untrained),85,0.17,0.0320072770118713,0.21176470588235294,0.17,0.1264702975749969,0.16470588235294117
neg_mean_logprob (untrained),86,0.172,0.0324228890240192,0.20930232558139536,0.172,0.1264250129461288,0.16279069767441862
neg_mean_logprob (untrained),87,0.174,0.0327613912522792,0.21839080459770116,0.174,0.1260328888893127,0.16091954022988506
neg_mean_logprob (untrained),88,0.176,0.0328302755951881,0.22727272727272727,0.176,0.1253412812948227,0.1590909090909091
neg_mean_logprob (untrained),89,0.178,0.0337377302348613,0.23595505617977527,0.178,0.1243992671370506,0.16853932584269662
neg_mean_logprob (untrained),90,0.18,0.0339771658182144,0.23333333333333334,0.18,0.1243688240647316,0.16666666666666666
neg_mean_logprob (untrained),91,0.182,0.0349898561835289,0.23076923076923078,0.182,0.1242870464920997,0.16483516483516483
neg_mean_logprob (untrained),92,0.184,0.0353862643241882,0.22826086956521738,0.184,0.1242083460092544,0.16304347826086957
neg_mean_logprob (untrained),93,0.186,0.0355987399816513,0.22580645161290322,0.186,0.1238960847258567,0.17204301075268819
neg_mean_logprob (untrained),94,0.188,0.0359262265264987,0.22340425531914893,0.188,0.123021699488163,0.1702127659574468
neg_mean_logprob (untrained),95,0.19,0.0361528247594833,0.22105263157894736,0.19,0.1228540241718292,0.16842105263157894
neg_mean_logprob (untrained),96,0.192,0.0363611429929733,0.21875,0.192,0.1226618736982345,0.16666666666666666
neg_mean_logprob (untrained),97,0.194,0.036924835294485,0.2268041237113402,0.194,0.1224993839859962,0.16494845360824742
neg_mean_logprob (untrained),98,0.196,0.0369817428290843,0.22448979591836735,0.196,0.1224684342741966,0.16326530612244897
neg_mean_logprob (untrained),99,0.198,0.0375199690461158,0.2222222222222222,0.198,0.1224015280604362,0.16161616161616163
neg_mean_logprob (untrained),100,0.2,0.0375806614756584,0.22,0.2,0.1220913082361221,0.16
neg_mean_logprob (untrained),101,0.202,0.0376382544636726,0.21782178217821782,0.202,0.1211753711104393,0.15841584158415842
neg_mean_logprob (untrained),102,0.204,0.0379426591098308,0.21568627450980393,0.204,0.1208361163735389,0.1568627450980392
neg_mean_logprob (untrained),103,0.206,0.0387047827243804,0.21359223300970873,0.206,0.1208262592554092,0.1553398058252427
neg_mean_logprob (untrained),104,0.208,0.039088986814022,0.22115384615384615,0.208,0.1208246573805809,0.15384615384615385
neg_mean_logprob (untrained),105,0.21,0.0391446202993392,0.22857142857142856,0.21,0.1200369223952293,0.1523809523809524
neg_mean_logprob (untrained),106,0.212,0.0392194725573062,0.2358490566037736,0.212,0.1199504658579826,0.1509433962264151
neg_mean_logprob (untrained),107,0.214,0.0395740680396556,0.24299065420560748,0.214,0.1197225078940391,0.14953271028037382
neg_mean_logprob (untrained),108,0.216,0.0398441702127456,0.25,0.216,0.1180881038308143,0.14814814814814814
neg_mean_logprob (untrained),109,0.218,0.0403250679373741,0.25688073394495414,0.218,0.1178161650896072,0.14678899082568808
neg_mean_logprob (untrained),110,0.22,0.0410061776638031,0.2545454545454545,0.22,0.1175985485315322,0.14545454545454545
neg_mean_logprob (untrained),111,0.222,0.0410718545317649,0.26126126126126126,0.222,0.1174838244915008,0.14414414414414414
neg_mean_logprob (untrained),112,0.224,0.0410988926887512,0.25892857142857145,0.224,0.1171103417873382,0.14285714285714285
neg_mean_logprob (untrained),113,0.226,0.0411308892071247,0.25663716814159293,0.226,0.1167274639010429,0.1415929203539823
neg_mean_logprob (untrained),114,0.228,0.0413211658596992,0.2543859649122807,0.228,0.1164850369095802,0.14035087719298245
neg_mean_logprob (untrained),115,0.23,0.0414219982922077,0.25217391304347825,0.23,0.1161914765834808,0.14782608695652175
neg_mean_logprob (untrained),116,0.232,0.0414804816246032,0.25862068965517243,0.232,0.116092249751091,0.14655172413793102
neg_mean_logprob (untrained),117,0.234,0.0414932258427143,0.26495726495726496,0.234,0.1156805381178855,0.15384615384615385
neg_mean_logprob (untrained),118,0.236,0.0433588847517967,0.2711864406779661,0.236,0.114096350967884,0.16101694915254236
neg_mean_logprob (untrained),119,0.238,0.0433608405292034,0.2773109243697479,0.238,0.1136546209454536,0.15966386554621848
neg_mean_logprob (untrained),120,0.24,0.0434818677604198,0.2833333333333333,0.24,0.1136517897248268,0.15833333333333333
neg_mean_logprob (untrained),121,0.242,0.0438868589699268,0.2809917355371901,0.242,0.113451138138771,0.15702479338842976
neg_mean_logprob (untrained),122,0.244,0.0444774106144905,0.28688524590163933,0.244,0.1134036630392074,0.16393442622950818
neg_mean_logprob (untrained),123,0.246,0.0446615666151046,0.2926829268292683,0.246,0.1133915334939956,0.16260162601626016
neg_mean_logprob (untrained),124,0.248,0.0446832031011581,0.2903225806451613,0.248,0.1131915673613548,0.16129032258064516
neg_mean_logprob (untrained),125,0.25,0.044846586883068,0.288,0.25,0.1126543432474136,0.16
neg_mean_logprob (untrained),126,0.252,0.0449376069009304,0.29365079365079366,0.252,0.1118905171751976,0.15873015873015872
neg_mean_logprob (untrained),127,0.254,0.0450810454785823,0.29133858267716534,0.254,0.1116642132401466,0.15748031496062992
neg_mean_logprob (untrained),128,0.256,0.0457084774971008,0.2890625,0.256,0.111409768462181,0.15625
neg_mean_logprob (untrained),129,0.258,0.0459805615246295,0.29457364341085274,0.258,0.1099896058440208,0.15503875968992248
neg_mean_logprob (untrained),130,0.26,0.0462906472384929,0.3,0.26,0.1095620915293693,0.15384615384615385
neg_mean_logprob (untrained),131,0.262,0.0465145520865917,0.3053435114503817,0.262,0.1095537915825843,0.16030534351145037
neg_mean_logprob (untrained),132,0.264,0.0466617047786712,0.30303030303030304,0.264,0.1092255935072898,0.1590909090909091
neg_mean_logprob (untrained),133,0.266,0.0468911789357662,0.3082706766917293,0.266,0.1090808510780334,0.15789473684210525
neg_mean_logprob (untrained),134,0.268,0.0470228679478168,0.31343283582089554,0.268,0.1090528517961502,0.15671641791044777
neg_mean_logprob (untrained),135,0.27,0.0474679358303546,0.31851851851851853,0.27,0.1088694185018539,0.15555555555555556
neg_mean_logprob (untrained),136,0.272,0.0476918816566467,0.3235294117647059,0.272,0.1076531112194061,0.15441176470588236
neg_mean_logprob (untrained),137,0.274,0.047899555414915,0.3284671532846715,0.274,0.1075784489512443,0.16058394160583941
neg_mean_logprob (untrained),138,0.276,0.0480230413377285,0.32608695652173914,0.276,0.1070278882980346,0.15942028985507245
neg_mean_logprob (untrained),139,0.278,0.0492154061794281,0.33093525179856115,0.278,0.1067786812782287,0.16546762589928057
neg_mean_logprob (untrained),140,0.28,0.0492512695491313,0.32857142857142857,0.28,0.105872519314289,0.16428571428571428
neg_mean_logprob (untrained),141,0.282,0.0492841936647892,0.3333333333333333,0.282,0.1058358177542686,0.1702127659574468
neg_mean_logprob (untrained),142,0.284,0.0499089136719703,0.3380281690140845,0.284,0.1056745424866676,0.16901408450704225
neg_mean_logprob (untrained),143,0.286,0.0499714463949203,0.3356643356643357,0.286,0.1055596992373466,0.16783216783216784
neg_mean_logprob (untrained),144,0.288,0.0515347607433795,0.3402777777777778,0.288,0.1053224131464958,0.1736111111111111
neg_mean_logprob (untrained),145,0.29,0.0516322664916515,0.33793103448275863,0.29,0.1050679758191108,0.1724137931034483
neg_mean_logprob (untrained),146,0.292,0.0519655905663967,0.3356164383561644,0.292,0.1045517548918724,0.17123287671232876
neg_mean_logprob (untrained),147,0.294,0.0521404072642326,0.3333333333333333,0.294,0.1044428050518035,0.17006802721088435
neg_mean_logprob (untrained),148,0.296,0.0521517507731914,0.3310810810810811,0.296,0.1041814237833023,0.16891891891891891
neg_mean_logprob (untrained),149,0.298,0.0521704256534576,0.33557046979865773,0.298,0.1039186716079711,0.16778523489932887
neg_mean_logprob (untrained),150,0.3,0.0526906698942184,0.34,0.3,0.1034609228372573,0.16666666666666666
neg_mean_logprob (untrained),151,0.302,0.0529129765927791,0.3443708609271523,0.302,0.1031679213047027,0.16556291390728478
neg_mean_logprob (untrained),152,0.304,0.0532722324132919,0.34868421052631576,0.304,0.1026476919651031,0.16447368421052633
neg_mean_logprob (untrained),153,0.306,0.0534526519477367,0.35294117647058826,0.306,0.1024608388543129,0.16339869281045752
neg_mean_logprob (untrained),154,0.308,0.0534880869090557,0.35714285714285715,0.308,0.102206602692604,0.16233766233766234
neg_mean_logprob (untrained),155,0.31,0.0535234995186328,0.36129032258064514,0.31,0.1021267846226692,0.16774193548387098
neg_mean_logprob (untrained),156,0.312,0.0536126680672168,0.358974358974359,0.312,0.1020848155021667,0.17307692307692307
neg_mean_logprob (untrained),157,0.314,0.0537959784269332,0.3630573248407643,0.314,0.1017550230026245,0.17197452229299362
neg_mean_logprob (untrained),158,0.316,0.0540483184158802,0.36075949367088606,0.316,0.1010664328932762,0.17088607594936708
neg_mean_logprob (untrained),159,0.318,0.054341834038496,0.36477987421383645,0.318,0.1006368845701217,0.16981132075471697
neg_mean_logprob (untrained),160,0.32,0.0547095350921154,0.36875,0.32,0.100414365530014,0.175
neg_mean_logprob (untrained),161,0.322,0.0555965639650821,0.36645962732919257,0.322,0.0996767580509185,0.17391304347826086
neg_mean_logprob (untrained),162,0.324,0.0557333976030349,0.36419753086419754,0.324,0.09945048391819,0.1728395061728395
neg_mean_logprob (untrained),163,0.326,0.0572756081819534,0.3619631901840491,0.326,0.0994438305497169,0.17177914110429449
neg_mean_logprob (untrained),164,0.328,0.0574637614190578,0.3597560975609756,0.328,0.0993885174393653,0.17073170731707318
neg_mean_logprob (untrained),165,0.33,0.0575150176882743,0.3575757575757576,0.33,0.0985172763466835,0.17575757575757575
neg_mean_logprob (untrained),166,0.332,0.0577988177537918,0.35542168674698793,0.332,0.098218448460102,0.1746987951807229
neg_mean_logprob (untrained),167,0.334,0.057911105453968,0.3532934131736527,0.334,0.0980867072939872,0.17964071856287425
neg_mean_logprob (untrained),168,0.336,0.0583580285310745,0.35714285714285715,0.336,0.0978218242526054,0.17857142857142858
neg_mean_logprob (untrained),169,0.338,0.0585725381970405,0.3609467455621302,0.338,0.0974352955818176,0.17751479289940827
neg_mean_logprob (untrained),170,0.34,0.0597133226692676,0.36470588235294116,0.34,0.0973554551601409,0.18235294117647058
neg_mean_logprob (untrained),171,0.342,0.0599418245255947,0.3684210526315789,0.342,0.0973058938980102,0.18128654970760233
neg_mean_logprob (untrained),172,0.344,0.060868639498949,0.36627906976744184,0.344,0.0971575677394867,0.18023255813953487
neg_mean_logprob (untrained),173,0.346,0.0610943026840686,0.36416184971098264,0.346,0.0970488563179969,0.1791907514450867
neg_mean_logprob (untrained),174,0.348,0.0614023618400096,0.367816091954023,0.348,0.0967802032828331,0.1839080459770115
neg_mean_logprob (untrained),175,0.35,0.061535257846117,0.3657142857142857,0.35,0.096716471016407,0.18285714285714286
neg_mean_logprob (untrained),176,0.352,0.0617436170578002,0.36363636363636365,0.352,0.0966982394456863,0.18181818181818182
neg_mean_logprob (untrained),177,0.354,0.0618613511323928,0.3615819209039548,0.354,0.0963118970394134,0.1807909604519774
neg_mean_logprob (untrained),178,0.356,0.0620880275964736,0.3651685393258427,0.356,0.0962844267487526,0.1853932584269663
neg_mean_logprob (untrained),179,0.358,0.0621348954737186,0.36312849162011174,0.358,0.0954565554857254,0.18435754189944134
neg_mean_logprob (untrained),180,0.36,0.0627763494849205,0.36666666666666664,0.36,0.0952836275100708,0.18333333333333332
neg_mean_logprob (untrained),181,0.362,0.0629088729619979,0.3701657458563536,0.362,0.0946884676814079,0.18232044198895028
neg_mean_logprob (untrained),182,0.364,0.062923178076744,0.36813186813186816,0.364,0.0937393754720687,0.1813186813186813
neg_mean_logprob (untrained),183,0.366,0.0632692351937294,0.37158469945355194,0.366,0.0936002656817436,0.18032786885245902
neg_mean_logprob (untrained),184,0.368,0.0634886473417282,0.3695652173913043,0.368,0.0932336375117302,0.1793478260869565
neg_mean_logprob (untrained),185,0.37,0.0635634288191795,0.372972972972973,0.37,0.0930380150675773,0.1837837837837838
neg_mean_logprob (untrained),186,0.372,0.0636411979794502,0.3709677419354839,0.372,0.0926342457532882,0.1827956989247312
neg_mean_logprob (untrained),187,0.374,0.0636579617857933,0.3689839572192513,0.374,0.0916659533977508,0.18181818181818182
neg_mean_logprob (untrained),188,0.376,0.0639852657914161,0.3670212765957447,0.376,0.0911533758044242,0.18085106382978725
neg_mean_logprob (untrained),189,0.378,0.0640030577778816,0.37037037037037035,0.378,0.090962529182434,0.18518518518518517
neg_mean_logprob (untrained),190,0.38,0.0642184466123581,0.3736842105263158,0.38,0.0906333848834037,0.18421052631578946
neg_mean_logprob (untrained),191,0.382,0.0648449882864952,0.3769633507853403,0.382,0.0905959904193878,0.18324607329842932
neg_mean_logprob (untrained),192,0.384,0.0650961026549339,0.3802083333333333,0.384,0.0900685936212539,0.1875
neg_mean_logprob (untrained),193,0.386,0.0651841089129448,0.38341968911917096,0.386,0.0900442823767662,0.18652849740932642
neg_mean_logprob (untrained),194,0.388,0.0652842819690704,0.3865979381443299,0.388,0.0899179279804229,0.19072164948453607
neg_mean_logprob (untrained),195,0.39,0.0654117986559867,0.38974358974358975,0.39,0.0898640230298042,0.18974358974358974
neg_mean_logprob (untrained),196,0.392,0.0656695961952209,0.39285714285714285,0.392,0.0896215215325355,0.19387755102040816
neg_mean_logprob (untrained),197,0.394,0.0658376142382621,0.39593908629441626,0.394,0.0892692953348159,0.19289340101522842
neg_mean_logprob (untrained),198,0.396,0.0659350454807281,0.398989898989899,0.396,0.089233212172985,0.19696969696969696
neg_mean_logprob (untrained),199,0.398,0.06612129509449,0.4020100502512563,0.398,0.089015819132328,0.19597989949748743
neg_mean_logprob (untrained),200,0.4,0.066195972263813,0.405,0.4,0.0888759568333625,0.2
neg_mean_logprob (untrained),201,0.402,0.0663064494729042,0.4079601990049751,0.402,0.0887325853109359,0.20398009950248755
neg_mean_logprob (untrained),202,0.404,0.066617913544178,0.41089108910891087,0.404,0.0885952413082122,0.2079207920792079
neg_mean_logprob (untrained),203,0.406,0.0666820257902145,0.41379310344827586,0.406,0.0884292051196098,0.20689655172413793
neg_mean_logprob (untrained),204,0.408,0.0668853893876075,0.4117647058823529,0.408,0.0884097144007682,0.20588235294117646
neg_mean_logprob (untrained),205,0.41,0.0671611279249191,0.4097560975609756,0.41,0.0880016386508941,0.2048780487804878
neg_mean_logprob (untrained),206,0.412,0.0676306188106536,0.4077669902912621,0.412,0.0878540202975273,0.2087378640776699
neg_mean_logprob (untrained),207,0.414,0.0676376596093177,0.4057971014492754,0.414,0.0876990854740142,0.20772946859903382
neg_mean_logprob (untrained),208,0.416,0.0681531950831413,0.40865384615384615,0.416,0.0871524885296821,0.21153846153846154
neg_mean_logprob (untrained),209,0.418,0.0686958655714988,0.41148325358851673,0.418,0.0869974270462989,0.21052631578947367
neg_mean_logprob (untrained),210,0.42,0.0692021399736404,0.4142857142857143,0.42,0.0869767293334007,0.20952380952380953
neg_mean_logprob (untrained),211,0.422,0.069647766649723,0.41706161137440756,0.422,0.0868941694498062,0.20853080568720378
neg_mean_logprob (untrained),212,0.424,0.0699240118265152,0.419811320754717,0.424,0.0868724808096885,0.20754716981132076
neg_mean_logprob (untrained),213,0.426,0.0699538141489029,0.4225352112676056,0.426,0.086804486811161,0.20657276995305165
neg_mean_logprob (untrained),214,0.428,0.070202849805355,0.4205607476635514,0.428,0.0867356732487678,0.2102803738317757
neg_mean_logprob (untrained),215,0.43,0.0704455152153968,0.4186046511627907,0.43,0.0866211280226707,0.20930232558139536
neg_mean_logprob (untrained),216,0.432,0.0710278749465942,0.4212962962962963,0.432,0.0866052955389022,0.21296296296296297
neg_mean_logprob (untrained),217,0.434,0.071151353418827,0.423963133640553,0.434,0.0862887427210807,0.2119815668202765
neg_mean_logprob (untrained),218,0.436,0.0713289454579353,0.42660550458715596,0.436,0.0862128064036369,0.21100917431192662
neg_mean_logprob (untrained),219,0.438,0.0716042071580886,0.4292237442922374,0.438,0.0861080065369606,0.2100456621004566
neg_mean_logprob (untrained),220,0.44,0.0720369443297386,0.4318181818181818,0.44,0.0858476012945175,0.20909090909090908
neg_mean_logprob (untrained),221,0.442,0.0723777785897255,0.4343891402714932,0.442,0.0856604278087616,0.2081447963800905
neg_mean_logprob (untrained),222,0.444,0.0729829892516136,0.43243243243243246,0.444,0.0852911844849586,0.2072072072072072
neg_mean_logprob (untrained),223,0.446,0.0734332054853439,0.4349775784753363,0.446,0.0851604416966438,0.2062780269058296
neg_mean_logprob (untrained),224,0.448,0.0735170915722847,0.4375,0.448,0.0851202309131622,0.20535714285714285
neg_mean_logprob (untrained),225,0.45,0.0746045336127281,0.44,0.45,0.084523819386959,0.2088888888888889
neg_mean_logprob (untrained),226,0.452,0.0748754143714904,0.4424778761061947,0.452,0.0844499617815017,0.2079646017699115
neg_mean_logprob (untrained),227,0.454,0.0751437842845916,0.44052863436123346,0.454,0.0840086266398429,0.20704845814977973
neg_mean_logprob (untrained),228,0.456,0.0752574726939201,0.44298245614035087,0.456,0.0832799971103668,0.20614035087719298
neg_mean_logprob (untrained),229,0.458,0.0753980055451393,0.4410480349344978,0.458,0.0830089300870895,0.2052401746724891
neg_mean_logprob (untrained),230,0.46,0.075400672852993,0.4434782608695652,0.46,0.0828030109405517,0.20869565217391303
neg_mean_logprob (untrained),231,0.462,0.0754869580268859,0.44155844155844154,0.462,0.0826658606529235,0.2077922077922078
neg_mean_logprob (untrained),232,0.464,0.075522743165493,0.44396551724137934,0.464,0.0819934830069542,0.20689655172413793
neg_mean_logprob (untrained),233,0.466,0.0757418349385261,0.44635193133047213,0.466,0.0815018564462661,0.20600858369098712
neg_mean_logprob (untrained),234,0.468,0.0757973939180374,0.44871794871794873,0.468,0.0814690440893173,0.2094017094017094
neg_mean_logprob (untrained),235,0.47,0.0760899186134338,0.451063829787234,0.47,0.0813498422503471,0.20851063829787234
neg_mean_logprob (untrained),236,0.472,0.0763128772377967,0.4491525423728814,0.472,0.0812722742557525,0.2076271186440678
neg_mean_logprob (untrained),237,0.474,0.0763254910707473,0.45147679324894513,0.474,0.0812256187200546,0.20675105485232068
neg_mean_logprob (untrained),238,0.476,0.0764902457594871,0.453781512605042,0.476,0.0811795070767402,0.20588235294117646
neg_mean_logprob (untrained),239,0.478,0.0765076950192451,0.4560669456066946,0.478,0.0811663568019867,0.20502092050209206
neg_mean_logprob (untrained),240,0.48,0.0768181309103965,0.4583333333333333,0.48,0.0811194702982902,0.20416666666666666
neg_mean_logprob (untrained),241,0.482,0.0770121812820434,0.45643153526970953,0.482,0.0810822322964668,0.2033195020746888
neg_mean_logprob (untrained),242,0.484,0.0770887285470962,0.45867768595041325,0.484,0.0809525102376937,0.2024793388429752
neg_mean_logprob (untrained),243,0.486,0.0774020627140998,0.4609053497942387,0.486,0.0808497816324234,0.205761316872428
neg_mean_logprob (untrained),244,0.488,0.0775776728987693,0.45901639344262296,0.488,0.0805900171399116,0.20491803278688525
neg_mean_logprob (untrained),245,0.49,0.0777772963047027,0.45714285714285713,0.49,0.0803607925772667,0.20408163265306123
neg_mean_logprob (untrained),246,0.492,0.0780567750334739,0.45528455284552843,0.492,0.0798961594700813,0.2032520325203252
neg_mean_logprob (untrained),247,0.494,0.0781252682209014,0.4574898785425101,0.494,0.0798581689596176,0.20242914979757085
neg_mean_logprob (untrained),248,0.496,0.0783657357096672,0.4596774193548387,0.496,0.0793990269303321,0.20161290322580644
neg_mean_logprob (untrained),249,0.498,0.0786029770970344,0.4578313253012048,0.498,0.0792296677827835,0.20080321285140562
neg_mean_logprob (untrained),250,0.5,0.078685887157917,0.46,0.5,0.0791561901569366,0.2
neg_mean_logprob (untrained),251,0.502,0.0791561901569366,0.46215139442231074,0.502,0.078685887157917,0.199203187250996
neg_mean_logprob (untrained),252,0.504,0.0792296677827835,0.4642857142857143,0.504,0.0786029770970344,0.20238095238095238
neg_mean_logprob (untrained),253,0.506,0.0793990269303321,0.466403162055336,0.506,0.0783657357096672,0.2015810276679842
neg_mean_logprob (untrained),254,0.508,0.0798581689596176,0.468503937007874,0.508,0.0781252682209014,0.20078740157480315
neg_mean_logprob (untrained),255,0.51,0.0798961594700813,0.47058823529411764,0.51,0.0780567750334739,0.20392156862745098
neg_mean_logprob (untrained),256,0.512,0.0803607925772667,0.47265625,0.512,0.0777772963047027,0.20703125
neg_mean_logprob (untrained),257,0.514,0.0805900171399116,0.47470817120622566,0.514,0.0775776728987693,0.21011673151750973
neg_mean_logprob (untrained),258,0.516,0.0808497816324234,0.4728682170542636,0.516,0.0774020627140998,0.20930232558139536
neg_mean_logprob (untrained),259,0.518,0.0809525102376937,0.4749034749034749,0.518,0.0770887285470962,0.2084942084942085
neg_mean_logprob (untrained),260,0.52,0.0810822322964668,0.47692307692307695,0.52,0.0770121812820434,0.21153846153846154
neg_mean_logprob (untrained),261,0.522,0.0811194702982902,0.4789272030651341,0.522,0.0768181309103965,0.210727969348659
neg_mean_logprob (untrained),262,0.524,0.0811663568019867,0.48091603053435117,0.524,0.0765076950192451,0.2099236641221374
neg_mean_logprob (untrained),263,0.526,0.0811795070767402,0.4828897338403042,0.526,0.0764902457594871,0.20912547528517111
neg_mean_logprob (untrained),264,0.528,0.0812256187200546,0.48484848484848486,0.528,0.0763254910707473,0.20833333333333334
neg_mean_logprob (untrained),265,0.53,0.0812722742557525,0.4867924528301887,0.53,0.0763128772377967,0.21132075471698114
neg_mean_logprob (untrained),266,0.532,0.0813498422503471,0.48872180451127817,0.532,0.0760899186134338,0.21052631578947367
neg_mean_logprob (untrained),267,0.534,0.0814690440893173,0.4868913857677903,0.534,0.0757973939180374,0.20973782771535582
neg_mean_logprob (untrained),268,0.536,0.0815018564462661,0.48880597014925375,0.536,0.0757418349385261,0.208955223880597
neg_mean_logprob (untrained),269,0.538,0.0819934830069542,0.49070631970260226,0.538,0.075522743165493,0.20817843866171004
neg_mean_logprob (untrained),270,0.54,0.0826658606529235,0.4925925925925926,0.54,0.0754869580268859,0.2111111111111111
neg_mean_logprob (untrained),271,0.542,0.0828030109405517,0.4907749077490775,0.542,0.075400672852993,0.21033210332103322
neg_mean_logprob (untrained),272,0.544,0.0830089300870895,0.49264705882352944,0.544,0.0753980055451393,0.21323529411764705
neg_mean_logprob (untrained),273,0.546,0.0832799971103668,0.4945054945054945,0.546,0.0752574726939201,0.21245421245421245
neg_mean_logprob (untrained),274,0.548,0.0840086266398429,0.49635036496350365,0.548,0.0751437842845916,0.21532846715328466
neg_mean_logprob (untrained),275,0.55,0.0844499617815017,0.49818181818181817,0.55,0.0748754143714904,0.21454545454545454
neg_mean_logprob (untrained),276,0.552,0.084523819386959,0.4963768115942029,0.552,0.0746045336127281,0.213768115942029
neg_mean_logprob (untrained),277,0.554,0.0851202309131622,0.4981949458483754,0.554,0.0735170915722847,0.21299638989169675
neg_mean_logprob (untrained),278,0.556,0.0851604416966438,0.5,0.556,0.0734332054853439,0.21223021582733814
neg_mean_logprob (untrained),279,0.558,0.0852911844849586,0.5017921146953405,0.558,0.0729829892516136,0.21505376344086022
neg_mean_logprob (untrained),280,0.56,0.0856604278087616,0.5035714285714286,0.56,0.0723777785897255,0.21428571428571427
neg_mean_logprob (untrained),281,0.562,0.0858476012945175,0.505338078291815,0.562,0.0720369443297386,0.21352313167259787
neg_mean_logprob (untrained),282,0.564,0.0861080065369606,0.5070921985815603,0.564,0.0716042071580886,0.2127659574468085
neg_mean_logprob (untrained),283,0.566,0.0862128064036369,0.508833922261484,0.566,0.0713289454579353,0.21201413427561838
neg_mean_logprob (untrained),284,0.568,0.0862887427210807,0.5105633802816901,0.568,0.071151353418827,0.2112676056338028
neg_mean_logprob (untrained),285,0.57,0.0866052955389022,0.5087719298245614,0.57,0.0710278749465942,0.21052631578947367
neg_mean_logprob (untrained),286,0.572,0.0866211280226707,0.5104895104895105,0.572,0.0704455152153968,0.21328671328671328
neg_mean_logprob (untrained),287,0.574,0.0867356732487678,0.5087108013937283,0.574,0.070202849805355,0.21602787456445993
neg_mean_logprob (untrained),288,0.576,0.086804486811161,0.5104166666666666,0.576,0.0699538141489029,0.2152777777777778
neg_mean_logprob (untrained),289,0.578,0.0868724808096885,0.5121107266435986,0.578,0.0699240118265152,0.21453287197231835
neg_mean_logprob (untrained),290,0.58,0.0868941694498062,0.5137931034482759,0.58,0.069647766649723,0.21379310344827587
neg_mean_logprob (untrained),291,0.582,0.0869767293334007,0.5154639175257731,0.582,0.0692021399736404,0.21305841924398625
neg_mean_logprob (untrained),292,0.584,0.0869974270462989,0.5171232876712328,0.584,0.0686958655714988,0.21232876712328766
neg_mean_logprob (untrained),293,0.586,0.0871524885296821,0.515358361774744,0.586,0.0681531950831413,0.21160409556313994
neg_mean_logprob (untrained),294,0.588,0.0876990854740142,0.5170068027210885,0.588,0.0676376596093177,0.21428571428571427
neg_mean_logprob (untrained),295,0.59,0.0878540202975273,0.5152542372881356,0.59,0.0676306188106536,0.21694915254237288
neg_mean_logprob (untrained),296,0.592,0.0880016386508941,0.5168918918918919,0.592,0.0671611279249191,0.2195945945945946
neg_mean_logprob (untrained),297,0.594,0.0884097144007682,0.5185185185185185,0.594,0.0668853893876075,0.2222222222222222
neg_mean_logprob (untrained),298,0.596,0.0884292051196098,0.5201342281879194,0.596,0.0666820257902145,0.2214765100671141
neg_mean_logprob (untrained),299,0.598,0.0885952413082122,0.5183946488294314,0.598,0.066617913544178,0.22073578595317725
neg_mean_logprob (untrained),300,0.6,0.0887325853109359,0.5166666666666667,0.6,0.0663064494729042,0.22
neg_mean_logprob (untrained),301,0.602,0.0888759568333625,0.5149501661129569,0.602,0.066195972263813,0.21926910299003322
neg_mean_logprob (untrained),302,0.604,0.089015819132328,0.5165562913907285,0.604,0.06612129509449,0.2185430463576159
neg_mean_logprob (untrained),303,0.606,0.089233212172985,0.5148514851485149,0.606,0.0659350454807281,0.21782178217821782
neg_mean_logprob (untrained),304,0.608,0.0892692953348159,0.5164473684210527,0.608,0.0658376142382621,0.21710526315789475
neg_mean_logprob (untrained),305,0.61,0.0896215215325355,0.5147540983606558,0.61,0.0656695961952209,0.21639344262295082
neg_mean_logprob (untrained),306,0.612,0.0898640230298042,0.5163398692810458,0.612,0.0654117986559867,0.21568627450980393
neg_mean_logprob (untrained),307,0.614,0.0899179279804229,0.5146579804560261,0.614,0.0652842819690704,0.21498371335504887
neg_mean_logprob (untrained),308,0.616,0.0900442823767662,0.5162337662337663,0.616,0.0651841089129448,0.21428571428571427
neg_mean_logprob (untrained),309,0.618,0.0900685936212539,0.5145631067961165,0.618,0.0650961026549339,0.21359223300970873
neg_mean_logprob (untrained),310,0.62,0.0905959904193878,0.5161290322580645,0.62,0.0648449882864952,0.2129032258064516
neg_mean_logprob (untrained),311,0.622,0.0906333848834037,0.5176848874598071,0.622,0.0642184466123581,0.21221864951768488
neg_mean_logprob (untrained),312,0.624,0.090962529182434,0.5160256410256411,0.624,0.0640030577778816,0.21153846153846154
neg_mean_logprob (untrained),313,0.626,0.0911533758044242,0.5175718849840255,0.626,0.0639852657914161,0.21405750798722045
neg_mean_logprob (untrained),314,0.628,0.0916659533977508,0.5191082802547771,0.628,0.0636579617857933,0.21656050955414013
neg_mean_logprob (untrained),315,0.63,0.0926342457532882,0.5206349206349207,0.63,0.0636411979794502,0.21904761904761905
neg_mean_logprob (untrained),316,0.632,0.0930380150675773,0.5189873417721519,0.632,0.0635634288191795,0.21835443037974683
neg_mean_logprob (untrained),317,0.634,0.0932336375117302,0.5205047318611987,0.634,0.0634886473417282,0.22082018927444794
neg_mean_logprob (untrained),318,0.636,0.0936002656817436,0.5220125786163522,0.636,0.0632692351937294,0.22012578616352202
neg_mean_logprob (untrained),319,0.638,0.0937393754720687,0.5235109717868338,0.638,0.062923178076744,0.2225705329153605
neg_mean_logprob (untrained),320,0.64,0.0946884676814079,0.525,0.64,0.0629088729619979,0.221875
neg_mean_logprob (untrained),321,0.642,0.0952836275100708,0.5264797507788161,0.642,0.0627763494849205,0.22118380062305296
neg_mean_logprob (untrained),322,0.644,0.0954565554857254,0.5279503105590062,0.644,0.0621348954737186,0.2236024844720497
neg_mean_logprob (untrained),323,0.646,0.0962844267487526,0.5263157894736842,0.646,0.0620880275964736,0.22291021671826625
neg_mean_logprob (untrained),324,0.648,0.0963118970394134,0.5277777777777778,0.648,0.0618613511323928,0.22530864197530864
neg_mean_logprob (untrained),325,0.65,0.0966982394456863,0.5292307692307693,0.65,0.0617436170578002,0.2276923076923077
neg_mean_logprob (untrained),326,0.652,0.096716471016407,0.5306748466257669,0.652,0.061535257846117,0.23006134969325154
neg_mean_logprob (untrained),327,0.654,0.0967802032828331,0.5290519877675841,0.654,0.0614023618400096,0.22935779816513763
neg_mean_logprob (untrained),328,0.656,0.0970488563179969,0.5304878048780488,0.656,0.0610943026840686,0.23170731707317074
neg_mean_logprob (untrained),329,0.658,0.0971575677394867,0.5319148936170213,0.658,0.060868639498949,0.23404255319148937
neg_mean_logprob (untrained),330,0.66,0.0973058938980102,0.5333333333333333,0.66,0.0599418245255947,0.23333333333333334
neg_mean_logprob (untrained),331,0.662,0.0973554551601409,0.5317220543806647,0.662,0.0597133226692676,0.2326283987915408
neg_mean_logprob (untrained),332,0.664,0.0974352955818176,0.5331325301204819,0.664,0.0585725381970405,0.2319277108433735
neg_mean_logprob (untrained),333,0.666,0.0978218242526054,0.5345345345345346,0.666,0.0583580285310745,0.23123123123123124
neg_mean_logprob (untrained),334,0.668,0.0980867072939872,0.5329341317365269,0.668,0.057911105453968,0.23353293413173654
neg_mean_logprob (untrained),335,0.67,0.098218448460102,0.5343283582089552,0.67,0.0577988177537918,0.23582089552238805
neg_mean_logprob (untrained),336,0.672,0.0985172763466835,0.5327380952380952,0.672,0.0575150176882743,0.23809523809523808
neg_mean_logprob (untrained),337,0.674,0.0993885174393653,0.5341246290801187,0.674,0.0574637614190578,0.2403560830860534
neg_mean_logprob (untrained),338,0.676,0.0994438305497169,0.5355029585798816,0.676,0.0572756081819534,0.24260355029585798
neg_mean_logprob (untrained),339,0.678,0.09945048391819,0.5368731563421829,0.678,0.0557333976030349,0.2448377581120944
neg_mean_logprob (untrained),340,0.68,0.0996767580509185,0.538235294117647,0.68,0.0555965639650821,0.24705882352941178
neg_mean_logprob (untrained),341,0.682,0.100414365530014,0.5366568914956011,0.682,0.0547095350921154,0.24633431085043989
neg_mean_logprob (untrained),342,0.684,0.1006368845701217,0.5380116959064327,0.684,0.054341834038496,0.24561403508771928
neg_mean_logprob (untrained),343,0.686,0.1010664328932762,0.5393586005830904,0.686,0.0540483184158802,0.2478134110787172
neg_mean_logprob (untrained),344,0.688,0.1017550230026245,0.5406976744186046,0.688,0.0537959784269332,0.24709302325581395
neg_mean_logprob (untrained),345,0.69,0.1020848155021667,0.5391304347826087,0.69,0.0536126680672168,0.2492753623188406
neg_mean_logprob (untrained),346,0.692,0.1021267846226692,0.5375722543352601,0.692,0.0535234995186328,0.24855491329479767
neg_mean_logprob (untrained),347,0.694,0.102206602692604,0.5389048991354467,0.694,0.0534880869090557,0.2478386167146974
neg_mean_logprob (untrained),348,0.696,0.1024608388543129,0.5402298850574713,0.696,0.0534526519477367,0.2471264367816092
neg_mean_logprob (untrained),349,0.698,0.1026476919651031,0.5415472779369628,0.698,0.0532722324132919,0.24641833810888253
neg_mean_logprob (untrained),350,0.7,0.1031679213047027,0.5428571428571428,0.7,0.0529129765927791,0.24571428571428572
neg_mean_logprob (untrained),351,0.702,0.1034609228372573,0.5441595441595442,0.702,0.0526906698942184,0.245014245014245
neg_mean_logprob (untrained),352,0.704,0.1039186716079711,0.5454545454545454,0.704,0.0521704256534576,0.24431818181818182
neg_mean_logprob (untrained),353,0.706,0.1041814237833023,0.546742209631728,0.706,0.0521517507731914,0.24645892351274787
neg_mean_logprob (untrained),354,0.708,0.1044428050518035,0.5480225988700564,0.708,0.0521404072642326,0.24858757062146894
neg_mean_logprob (untrained),355,0.71,0.1045517548918724,0.5492957746478874,0.71,0.0519655905663967,0.2507042253521127
neg_mean_logprob (untrained),356,0.712,0.1050679758191108,0.550561797752809,0.712,0.0516322664916515,0.25280898876404495
neg_mean_logprob (untrained),357,0.714,0.1053224131464958,0.5490196078431373,0.714,0.0515347607433795,0.25210084033613445
neg_mean_logprob (untrained),358,0.716,0.1055596992373466,0.5502793296089385,0.716,0.0499714463949203,0.2541899441340782
neg_mean_logprob (untrained),359,0.718,0.1056745424866676,0.5515320334261838,0.718,0.0499089136719703,0.25348189415041783
neg_mean_logprob (untrained),360,0.72,0.1058358177542686,0.55,0.72,0.0492841936647892,0.25277777777777777
neg_mean_logprob (untrained),361,0.722,0.105872519314289,0.5512465373961218,0.722,0.0492512695491313,0.2548476454293629
neg_mean_logprob (untrained),362,0.724,0.1067786812782287,0.5497237569060773,0.724,0.0492154061794281,0.2541436464088398
neg_mean_logprob (untrained),363,0.726,0.1070278882980346,0.5509641873278237,0.726,0.0480230413377285,0.256198347107438
neg_mean_logprob (untrained),364,0.728,0.1075784489512443,0.5494505494505495,0.728,0.047899555414915,0.2554945054945055
neg_mean_logprob (untrained),365,0.73,0.1076531112194061,0.5506849315068493,0.73,0.0476918816566467,0.2547945205479452
neg_mean_logprob (untrained),366,0.732,0.1088694185018539,0.5519125683060109,0.732,0.0474679358303546,0.2540983606557377
neg_mean_logprob (untrained),367,0.734,0.1090528517961502,0.553133514986376,0.734,0.0470228679478168,0.25340599455040874
neg_mean_logprob (untrained),368,0.736,0.1090808510780334,0.5543478260869565,0.736,0.0468911789357662,0.25271739130434784
neg_mean_logprob (untrained),369,0.738,0.1092255935072898,0.5555555555555556,0.738,0.0466617047786712,0.25474254742547425
neg_mean_logprob (untrained),370,0.74,0.1095537915825843,0.5540540540540541,0.74,0.0465145520865917,0.25405405405405407
neg_mean_logprob (untrained),371,0.742,0.1095620915293693,0.555256064690027,0.742,0.0462906472384929,0.25336927223719674
neg_mean_logprob (untrained),372,0.744,0.1099896058440208,0.5564516129032258,0.744,0.0459805615246295,0.25268817204301075
neg_mean_logprob (untrained),373,0.746,0.111409768462181,0.5576407506702413,0.746,0.0457084774971008,0.2546916890080429
neg_mean_logprob (untrained),374,0.748,0.1116642132401466,0.5588235294117647,0.748,0.0450810454785823,0.25668449197860965
neg_mean_logprob (untrained),375,0.75,0.1118905171751976,0.56,0.75,0.0449376069009304,0.256
neg_mean_logprob (untrained),376,0.752,0.1126543432474136,0.5611702127659575,0.752,0.044846586883068,0.2579787234042553
neg_mean_logprob (untrained),377,0.754,0.1131915673613548,0.5623342175066313,0.754,0.0446832031011581,0.259946949602122
neg_mean_logprob (untrained),378,0.756,0.1133915334939956,0.5634920634920635,0.756,0.0446615666151046,0.25925925925925924
neg_mean_logprob (untrained),379,0.758,0.1134036630392074,0.5620052770448549,0.758,0.0444774106144905,0.25857519788918204
neg_mean_logprob (untrained),380,0.76,0.113451138138771,0.5631578947368421,0.76,0.0438868589699268,0.26052631578947366
neg_mean_logprob (untrained),381,0.762,0.1136517897248268,0.5643044619422573,0.762,0.0434818677604198,0.25984251968503935
neg_mean_logprob (untrained),382,0.764,0.1136546209454536,0.5654450261780105,0.764,0.0433608405292034,0.2591623036649215
neg_mean_logprob (untrained),383,0.766,0.114096350967884,0.5639686684073107,0.766,0.0433588847517967,0.2584856396866841
neg_mean_logprob (untrained),384,0.768,0.1156805381178855,0.5625,0.768,0.0414932258427143,0.2578125
neg_mean_logprob (untrained),385,0.77,0.116092249751091,0.5636363636363636,0.77,0.0414804816246032,0.2571428571428571
neg_mean_logprob (untrained),386,0.772,0.1161914765834808,0.5621761658031088,0.772,0.0414219982922077,0.25906735751295334
neg_mean_logprob (untrained),387,0.774,0.1164850369095802,0.5633074935400517,0.774,0.0413211658596992,0.26098191214470284
neg_mean_logprob (untrained),388,0.776,0.1167274639010429,0.5644329896907216,0.776,0.0411308892071247,0.26288659793814434
neg_mean_logprob (untrained),389,0.778,0.1171103417873382,0.5655526992287918,0.778,0.0410988926887512,0.2647814910025707
neg_mean_logprob (untrained),390,0.78,0.1174838244915008,0.5666666666666667,0.78,0.0410718545317649,0.2641025641025641
neg_mean_logprob (untrained),391,0.782,0.1175985485315322,0.5677749360613811,0.782,0.0410061776638031,0.2659846547314578
neg_mean_logprob (untrained),392,0.784,0.1178161650896072,0.5688775510204082,0.784,0.0403250679373741,0.2653061224489796
neg_mean_logprob (untrained),393,0.786,0.1180881038308143,0.5699745547073791,0.786,0.0398441702127456,0.26463104325699743
neg_mean_logprob (untrained),394,0.788,0.1197225078940391,0.5710659898477157,0.788,0.0395740680396556,0.2639593908629442
neg_mean_logprob (untrained),395,0.79,0.1199504658579826,0.5721518987341773,0.79,0.0392194725573062,0.26329113924050634
neg_mean_logprob (untrained),396,0.792,0.1200369223952293,0.5732323232323232,0.792,0.0391446202993392,0.26262626262626265
neg_mean_logprob (untrained),397,0.794,0.1208246573805809,0.5743073047858942,0.794,0.039088986814022,0.2619647355163728
neg_mean_logprob (untrained),398,0.796,0.1208262592554092,0.5753768844221105,0.796,0.0387047827243804,0.2638190954773869
neg_mean_logprob (untrained),399,0.798,0.1208361163735389,0.5764411027568922,0.798,0.0379426591098308,0.2656641604010025
neg_mean_logprob (untrained),400,0.8,0.1211753711104393,0.5775,0.8,0.0376382544636726,0.2675
neg_mean_logprob (untrained),401,0.802,0.1220913082361221,0.5785536159600998,0.802,0.0375806614756584,0.26932668329177056
neg_mean_logprob (untrained),402,0.804,0.1224015280604362,0.5796019900497512,0.804,0.0375199690461158,0.27114427860696516
neg_mean_logprob (untrained),403,0.806,0.1224684342741966,0.5806451612903226,0.806,0.0369817428290843,0.2729528535980149
neg_mean_logprob (untrained),404,0.808,0.1224993839859962,0.5816831683168316,0.808,0.036924835294485,0.2722772277227723
neg_mean_logprob (untrained),405,0.81,0.1226618736982345,0.582716049382716,0.81,0.0363611429929733,0.2740740740740741
neg_mean_logprob (untrained),406,0.812,0.1228540241718292,0.583743842364532,0.812,0.0361528247594833,0.27586206896551724
neg_mean_logprob (untrained),407,0.814,0.123021699488163,0.5847665847665847,0.814,0.0359262265264987,0.27764127764127766
neg_mean_logprob (untrained),408,0.816,0.1238960847258567,0.5833333333333334,0.816,0.0355987399816513,0.27941176470588236
neg_mean_logprob (untrained),409,0.818,0.1242083460092544,0.5843520782396088,0.818,0.0353862643241882,0.28117359413202936
neg_mean_logprob (untrained),410,0.82,0.1242870464920997,0.5853658536585366,0.82,0.0349898561835289,0.28292682926829266
neg_mean_logprob (untrained),411,0.822,0.1243688240647316,0.5863746958637469,0.822,0.0339771658182144,0.2846715328467153
neg_mean_logprob (untrained),412,0.824,0.1243992671370506,0.5849514563106796,0.824,0.0337377302348613,0.28398058252427183
neg_mean_logprob (untrained),413,0.826,0.1253412812948227,0.585956416464891,0.826,0.0328302755951881,0.28329297820823246
neg_mean_logprob (untrained),414,0.828,0.1260328888893127,0.5869565217391305,0.828,0.0327613912522792,0.2826086956521739
neg_mean_logprob (untrained),415,0.83,0.1264250129461288,0.5879518072289157,0.83,0.0324228890240192,0.28433734939759037
neg_mean_logprob (untrained),416,0.832,0.1264702975749969,0.5889423076923077,0.832,0.0320072770118713,0.28365384615384615
neg_mean_logprob (untrained),417,0.834,0.126659408211708,0.5899280575539568,0.834,0.0318548195064067,0.2853717026378897
neg_mean_logprob (untrained),418,0.836,0.1269153654575348,0.5909090909090909,0.836,0.0315647684037685,0.28708133971291866
neg_mean_logprob (untrained),419,0.838,0.1280671060085296,0.5918854415274463,0.838,0.031058557331562,0.28878281622911695
neg_mean_logprob (untrained),420,0.84,0.1281199157238006,0.5928571428571429,0.84,0.0309185106307268,0.28809523809523807
neg_mean_logprob (untrained),421,0.842,0.1294067502021789,0.5938242280285035,0.842,0.0297749191522598,0.28978622327790976
neg_mean_logprob (untrained),422,0.844,0.1304288655519485,0.5947867298578199,0.844,0.0296232607215642,0.2914691943127962
neg_mean_logprob (untrained),423,0.846,0.1310011893510818,0.5957446808510638,0.846,0.0283634234219789,0.2907801418439716
neg_mean_logprob (untrained),424,0.848,0.1314762532711029,0.5966981132075472,0.848,0.0282183308154344,0.29245283018867924
neg_mean_logprob (untrained),425,0.85,0.1316576302051544,0.5976470588235294,0.85,0.027627969160676,0.29411764705882354
neg_mean_logprob (untrained),426,0.852,0.1316873729228973,0.5985915492957746,0.852,0.0275604296475648,0.29577464788732394
neg_mean_logprob (untrained),427,0.854,0.1320293247699737,0.5995316159250585,0.854,0.0272068753838539,0.297423887587822
neg_mean_logprob (untrained),428,0.856,0.13222736120224,0.6004672897196262,0.856,0.0269330497831106,0.2967289719626168
neg_mean_logprob (untrained),429,0.858,0.1329359710216522,0.6013986013986014,0.858,0.026170615106821,0.29836829836829837
neg_mean_logprob (untrained),430,0.86,0.1330453008413314,0.6023255813953489,0.86,0.0261277183890342,0.29767441860465116
neg_mean_logprob (untrained),431,0.862,0.13342846930027,0.6032482598607889,0.862,0.0257450472563505,0.29930394431554525
neg_mean_logprob (untrained),432,0.864,0.1337673515081405,0.6041666666666666,0.864,0.0257210358977317,0.30092592592592593
neg_mean_logprob (untrained),433,0.866,0.1348558962345123,0.605080831408776,0.866,0.0256202965974807,0.302540415704388
neg_mean_logprob (untrained),434,0.868,0.1351352334022522,0.6036866359447005,0.868,0.0247502494603395,0.30414746543778803
neg_mean_logprob (untrained),435,0.87,0.1363075673580169,0.6045977011494252,0.87,0.0239149089902639,0.3057471264367816
neg_mean_logprob (untrained),436,0.872,0.1377258747816085,0.6055045871559633,0.872,0.0237687118351459,0.3073394495412844
neg_mean_logprob (untrained),437,0.874,0.1388950198888778,0.6064073226544623,0.874,0.0230848584324121,0.30892448512585813
neg_mean_logprob (untrained),438,0.876,0.139168843626976,0.6073059360730594,0.876,0.0225277859717607,0.3082191780821918
neg_mean_logprob (untrained),439,0.878,0.1391803324222564,0.6082004555808656,0.878,0.022266199812293,0.3097949886104784
neg_mean_logprob (untrained),440,0.88,0.1393148154020309,0.6090909090909091,0.88,0.0219221413135528,0.31136363636363634
neg_mean_logprob (untrained),441,0.882,0.1394054144620895,0.6099773242630385,0.882,0.021733233705163,0.3129251700680272
neg_mean_logprob (untrained),442,0.884,0.1400088816881179,0.6085972850678733,0.884,0.0211590453982353,0.31221719457013575
neg_mean_logprob (untrained),443,0.886,0.1414294689893722,0.6072234762979684,0.886,0.0205772202461957,0.31376975169300225
neg_mean_logprob (untrained),444,0.888,0.1414904296398162,0.6081081081081081,0.888,0.0204993970692157,0.3153153153153153
neg_mean_logprob (untrained),445,0.89,0.1424236595630645,0.6067415730337079,0.89,0.0187084395438432,0.31685393258426964
neg_mean_logprob (untrained),446,0.892,0.1435725390911102,0.6053811659192825,0.892,0.0184384938329458,0.3183856502242152
neg_mean_logprob (untrained),447,0.894,0.1440548449754715,0.6062639821029083,0.894,0.018406318500638,0.319910514541387
neg_mean_logprob (untrained),448,0.896,0.1442201137542724,0.6071428571428571,0.896,0.0181883797049522,0.31919642857142855
neg_mean_logprob (untrained),449,0.898,0.1442439556121826,0.6080178173719376,0.898,0.0181119255721569,0.3207126948775056
neg_mean_logprob (untrained),450,0.9,0.144713893532753,0.6088888888888889,0.9,0.0164834633469581,0.32
neg_mean_logprob (untrained),451,0.902,0.1454483270645141,0.6075388026607539,0.902,0.0161395464092493,0.31929046563192903
neg_mean_logprob (untrained),452,0.904,0.1455031633377075,0.6084070796460177,0.904,0.0160291995853185,0.32079646017699115
neg_mean_logprob (untrained),453,0.906,0.1463655829429626,0.609271523178808,0.906,0.0158571060746908,0.32229580573951433
neg_mean_logprob (untrained),454,0.908,0.1467071324586868,0.6101321585903083,0.908,0.0156384613364934,0.3237885462555066
neg_mean_logprob (untrained),455,0.91,0.1467474400997162,0.6087912087912087,0.91,0.0149179054424166,0.3252747252747253
neg_mean_logprob (untrained),456,0.912,0.1480870842933654,0.6096491228070176,0.912,0.0146886380389332,0.32456140350877194
neg_mean_logprob (untrained),457,0.914,0.1486313194036483,0.6105032822757112,0.914,0.0146751357242465,0.3238512035010941
neg_mean_logprob (untrained),458,0.916,0.1487444341182708,0.611353711790393,0.916,0.0146114062517881,0.32532751091703055
neg_mean_logprob (untrained),459,0.918,0.1488781571388244,0.6122004357298475,0.918,0.0145526602864265,0.32679738562091504
neg_mean_logprob (untrained),460,0.92,0.1490129083395004,0.6130434782608696,0.92,0.0137161845341324,0.3282608695652174
neg_mean_logprob (untrained),461,0.922,0.1492540687322616,0.6117136659436009,0.922,0.0135404793545603,0.3297180043383948
neg_mean_logprob (untrained),462,0.924,0.1502543836832046,0.6103896103896104,0.924,0.0130526311695575,0.329004329004329
neg_mean_logprob (untrained),463,0.926,0.150260642170906,0.6112311015118791,0.926,0.0124926017597317,0.3304535637149028
neg_mean_logprob (untrained),464,0.928,0.1502733826637268,0.6120689655172413,0.928,0.0124069890007376,0.3297413793103448
neg_mean_logprob (untrained),465,0.93,0.1532734483480453,0.6129032258064516,0.93,0.0120042385533452,0.3311827956989247
neg_mean_logprob (untrained),466,0.932,0.1538423299789428,0.6137339055793991,0.932,0.0114270886406302,0.33261802575107297
neg_mean_logprob (untrained),467,0.934,0.1538452506065368,0.6145610278372591,0.934,0.0111556220799684,0.3340471092077088
neg_mean_logprob (untrained),468,0.936,0.1562387645244598,0.6153846153846154,0.936,0.0110904444009065,0.33547008547008544
neg_mean_logprob (untrained),469,0.938,0.1565916240215301,0.6162046908315565,0.938,0.0104309422895312,0.3368869936034115
neg_mean_logprob (untrained),470,0.94,0.1608872413635254,0.6170212765957447,0.94,0.0096696503460407,0.3382978723404255
neg_mean_logprob (untrained),471,0.942,0.1610690653324127,0.6178343949044586,0.942,0.0085715381428599,0.33970276008492567
neg_mean_logprob (untrained),472,0.944,0.1621156632900238,0.6165254237288136,0.944,0.0084321526810526,0.3411016949152542
neg_mean_logprob (untrained),473,0.946,0.1627719402313232,0.6173361522198731,0.946,0.0080885840579867,0.34249471458773784
neg_mean_logprob (untrained),474,0.948,0.1628032922744751,0.6181434599156118,0.948,0.0080609740689396,0.34177215189873417
neg_mean_logprob (untrained),475,0.95,0.1635006815195083,0.6189473684210526,0.95,0.0080163590610027,0.3431578947368421
neg_mean_logprob (untrained),476,0.952,0.1643670052289962,0.6197478991596639,0.952,0.0076811052858829,0.34243697478991597
neg_mean_logprob (untrained),477,0.954,0.1645452827215194,0.6205450733752621,0.954,0.0071859476156532,0.3417190775681342
neg_mean_logprob (untrained),478,0.956,0.1666350960731506,0.6213389121338913,0.956,0.0071579664945602,0.34309623430962344
neg_mean_logprob (untrained),479,0.958,0.1670309454202652,0.6221294363256785,0.958,0.0065126400440931,0.3444676409185804
neg_mean_logprob (untrained),480,0.96,0.1695644408464431,0.6229166666666667,0.96,0.0064300536178052,0.3458333333333333
neg_mean_logprob (untrained),481,0.962,0.1709640324115753,0.6237006237006237,0.962,0.0063197258859872,0.3471933471933472
neg_mean_logprob (untrained),482,0.964,0.1711730360984802,0.6244813278008299,0.964,0.0058206524699926,0.34854771784232363
neg_mean_logprob (untrained),483,0.966,0.1735974550247192,0.6252587991718427,0.966,0.0056613576598465,0.3498964803312629
neg_mean_logprob (untrained),484,0.968,0.1744694858789444,0.6260330578512396,0.968,0.0056041665375232,0.3512396694214876
neg_mean_logprob (untrained),485,0.97,0.1747688949108123,0.6268041237113402,0.97,0.0055043562315404,0.35051546391752575
neg_mean_logprob (untrained),486,0.972,0.1756549328565597,0.6275720164609053,0.972,0.0050850179977715,0.35185185185185186
neg_mean_logprob (untrained),487,0.974,0.1758156567811966,0.6262833675564682,0.974,0.0049967430531978,0.3531827515400411
neg_mean_logprob (untrained),488,0.976,0.1761009991168975,0.625,0.976,0.0041682249866425,0.35450819672131145
neg_mean_logprob (untrained),489,0.978,0.1813269853591919,0.6257668711656442,0.978,0.0041109197773039,0.3558282208588957
neg_mean_logprob (untrained),490,0.98,0.1815636605024337,0.6244897959183674,0.98,0.0040086475200951,0.35714285714285715
neg_mean_logprob (untrained),491,0.982,0.1839012056589126,0.6232179226069247,0.982,0.0036920076236128,0.35845213849287166
neg_mean_logprob (untrained),492,0.984,0.186744749546051,0.6239837398373984,0.984,0.0033146005589514,0.3597560975609756
neg_mean_logprob (untrained),493,0.986,0.1905407011508941,0.6247464503042597,0.986,0.003067553974688,0.36105476673427994
neg_mean_logprob (untrained),494,0.988,0.1910869032144546,0.6255060728744939,0.988,0.0029692591633647,0.3623481781376518
neg_mean_logprob (untrained),495,0.99,0.1921878606081009,0.6262626262626263,0.99,0.0026936004869639,0.36363636363636365
neg_mean_logprob (untrained),496,0.992,0.2003628760576248,0.6270161290322581,0.992,0.0025163260288536,0.3649193548387097
neg_mean_logprob (untrained),497,0.994,0.2055306732654571,0.6277665995975855,0.994,0.0021864604204893,0.36619718309859156
neg_mean_logprob (untrained),498,0.996,0.2078304290771484,0.6285140562248996,0.996,0.0019584854599088,0.3674698795180723
neg_mean_logprob (untrained),499,0.998,0.2158790081739425,0.6292585170340681,0.998,0.0015039532445371,0.3687374749498998
neg_mean_logprob (untrained),500,1.0,0.2199947088956833,0.63,1.0,0.0013119146460667,0.37
token_entropy (untrained),1,0.002,0.0101891169324517,0.0,0.002,0.4063631296157837,0.0
token_entropy (untrained),2,0.004,0.0115274665877223,0.0,0.004,0.3899406492710113,0.0
token_entropy (untrained),3,0.006,0.0145809920504689,0.0,0.006,0.3870128989219665,0.0
token_entropy (untrained),4,0.008,0.0164829157292842,0.0,0.008,0.3808992803096771,0.0
token_entropy (untrained),5,0.01,0.0173090640455484,0.0,0.01,0.3747754096984863,0.0
token_entropy (untrained),6,0.012,0.0195416305214166,0.0,0.012,0.3595459163188934,0.0
token_entropy (untrained),7,0.014,0.0211343467235565,0.0,0.014,0.357362300157547,0.0
token_entropy (untrained),8,0.016,0.0215346291661262,0.0,0.016,0.3527431488037109,0.0
token_entropy (untrained),9,0.018,0.0231067314743995,0.0,0.018,0.3526469469070434,0.0
token_entropy (untrained),10,0.02,0.0238938760012388,0.0,0.02,0.3525005280971527,0.0
token_entropy (untrained),11,0.022,0.0269284415990114,0.0,0.022,0.3501863777637481,0.0
token_entropy (untrained),12,0.024,0.0272211339324712,0.0,0.024,0.3497227132320404,0.0
token_entropy (untrained),13,0.026,0.0276147425174713,0.0,0.026,0.346588671207428,0.0
token_entropy (untrained),14,0.028,0.0280156638473272,0.0,0.028,0.3465393483638763,0.0
token_entropy (untrained),15,0.03,0.0289746969938278,0.0,0.03,0.3446633815765381,0.0
token_entropy (untrained),16,0.032,0.0295633878558874,0.0,0.032,0.3418425917625427,0.0
token_entropy (untrained),17,0.034,0.033709816634655,0.058823529411764705,0.034,0.3414336740970611,0.058823529411764705
token_entropy (untrained),18,0.036,0.0338461995124816,0.05555555555555555,0.036,0.3402917385101318,0.05555555555555555
token_entropy (untrained),19,0.038,0.0356254652142524,0.05263157894736842,0.038,0.3333502113819122,0.05263157894736842
token_entropy (untrained),20,0.04,0.0364096499979496,0.1,0.04,0.3281788527965545,0.05
token_entropy (untrained),21,0.042,0.0365704670548439,0.09523809523809523,0.042,0.3278335928916931,0.047619047619047616
token_entropy (untrained),22,0.044,0.0374389551579952,0.09090909090909091,0.044,0.3259122669696808,0.045454545454545456
token_entropy (untrained),23,0.046,0.0378940254449844,0.08695652173913043,0.046,0.3258385956287384,0.043478260869565216
token_entropy (untrained),24,0.048,0.0394346378743648,0.125,0.048,0.3247349262237549,0.041666666666666664
token_entropy (untrained),25,0.05,0.0399797447025775,0.12,0.05,0.3211371898651123,0.04
token_entropy (untrained),26,0.052,0.0401250682771205,0.11538461538461539,0.052,0.3193391561508178,0.038461538461538464
token_entropy (untrained),27,0.054,0.0423021949827671,0.1111111111111111,0.054,0.3187784254550934,0.07407407407407407
token_entropy (untrained),28,0.056,0.0428833067417144,0.10714285714285714,0.056,0.3181804716587066,0.10714285714285714
token_entropy (untrained),29,0.058,0.0443914085626602,0.10344827586206896,0.058,0.3181500434875488,0.10344827586206896
token_entropy (untrained),30,0.06,0.0452389977872371,0.1,0.06,0.3173948526382446,0.13333333333333333
token_entropy (untrained),31,0.062,0.0452631153166294,0.12903225806451613,0.062,0.3168865740299225,0.12903225806451613
token_entropy (untrained),32,0.064,0.0472472943365573,0.125,0.064,0.3160493373870849,0.125
token_entropy (untrained),33,0.066,0.0486081875860691,0.12121212121212122,0.066,0.3141342103481293,0.12121212121212122
token_entropy (untrained),34,0.068,0.048612792044878,0.11764705882352941,0.068,0.3123253583908081,0.11764705882352941
token_entropy (untrained),35,0.07,0.0519696474075317,0.11428571428571428,0.07,0.3094393312931061,0.14285714285714285
token_entropy (untrained),36,0.072,0.052050057798624,0.1388888888888889,0.072,0.3082855641841888,0.1388888888888889
token_entropy (untrained),37,0.074,0.0540102273225784,0.16216216216216217,0.074,0.3065733313560486,0.13513513513513514
token_entropy (untrained),38,0.076,0.0552166104316711,0.18421052631578946,0.076,0.3065391182899475,0.13157894736842105
token_entropy (untrained),39,0.078,0.0564875155687332,0.1794871794871795,0.078,0.3046829402446747,0.1282051282051282
token_entropy (untrained),40,0.08,0.0566141754388809,0.175,0.08,0.3036215603351593,0.125
token_entropy (untrained),41,0.082,0.0587305128574371,0.17073170731707318,0.082,0.3013176620006561,0.14634146341463414
token_entropy (untrained),42,0.084,0.0618988014757633,0.19047619047619047,0.084,0.2997868359088897,0.14285714285714285
token_entropy (untrained),43,0.086,0.0619003362953662,0.18604651162790697,0.086,0.2987669706344604,0.13953488372093023
token_entropy (untrained),44,0.088,0.0625421926379203,0.20454545454545456,0.088,0.295211523771286,0.1590909090909091
token_entropy (untrained),45,0.09,0.0633857920765876,0.2,0.09,0.2951714694499969,0.15555555555555556
token_entropy (untrained),46,0.092,0.0642501711845398,0.1956521739130435,0.092,0.2951198816299438,0.15217391304347827
token_entropy (untrained),47,0.094,0.0645882859826088,0.19148936170212766,0.094,0.2945894598960876,0.1702127659574468
token_entropy (untrained),48,0.096,0.0670119374990463,0.1875,0.096,0.2923522889614105,0.16666666666666666
token_entropy (untrained),49,0.098,0.0674762949347496,0.1836734693877551,0.098,0.2920040488243103,0.16326530612244897
token_entropy (untrained),50,0.1,0.0677053034305572,0.18,0.1,0.2908283174037933,0.18
token_entropy (untrained),51,0.102,0.0681155398488044,0.17647058823529413,0.102,0.2900980710983276,0.19607843137254902
token_entropy (untrained),52,0.104,0.0687389820814132,0.17307692307692307,0.104,0.2885355353355407,0.19230769230769232
token_entropy (untrained),53,0.106,0.0695739984512329,0.16981132075471697,0.106,0.2876041829586029,0.18867924528301888
token_entropy (untrained),54,0.108,0.0696370527148246,0.16666666666666666,0.108,0.2872952818870544,0.18518518518518517
token_entropy (untrained),55,0.11,0.0701360031962394,0.18181818181818182,0.11,0.2872231006622314,0.18181818181818182
token_entropy (untrained),56,0.112,0.0708559304475784,0.17857142857142858,0.112,0.2872156202793121,0.19642857142857142
token_entropy (untrained),57,0.114,0.0711019039154052,0.19298245614035087,0.114,0.2864204943180084,0.19298245614035087
token_entropy (untrained),58,0.116,0.0716082379221916,0.1896551724137931,0.116,0.2852622270584106,0.20689655172413793
token_entropy (untrained),59,0.118,0.0749162808060646,0.1864406779661017,0.118,0.2836550176143646,0.2033898305084746
token_entropy (untrained),60,0.12,0.0756869539618492,0.2,0.12,0.282956600189209,0.2
token_entropy (untrained),61,0.122,0.076518565416336,0.19672131147540983,0.122,0.2816386520862579,0.19672131147540983
token_entropy (untrained),62,0.124,0.0765735581517219,0.1935483870967742,0.124,0.28084796667099,0.20967741935483872
token_entropy (untrained),63,0.126,0.0769136026501655,0.19047619047619047,0.126,0.2802947461605072,0.20634920634920634
token_entropy (untrained),64,0.128,0.0770957246422767,0.1875,0.128,0.2801264226436615,0.203125
token_entropy (untrained),65,0.13,0.0774747654795646,0.2,0.13,0.2794450521469116,0.2
token_entropy (untrained),66,0.132,0.0778649821877479,0.19696969696969696,0.132,0.2787279784679413,0.19696969696969696
token_entropy (untrained),67,0.134,0.0787687972187995,0.19402985074626866,0.134,0.2784936428070068,0.19402985074626866
token_entropy (untrained),68,0.136,0.0791889354586601,0.20588235294117646,0.136,0.2784799337387085,0.19117647058823528
token_entropy (untrained),69,0.138,0.0795254930853843,0.21739130434782608,0.138,0.2783877253532409,0.18840579710144928
token_entropy (untrained),70,0.14,0.0799488723278045,0.21428571428571427,0.14,0.2781022787094116,0.18571428571428572
token_entropy (untrained),71,0.142,0.081187330186367,0.22535211267605634,0.142,0.2771917879581451,0.18309859154929578
token_entropy (untrained),72,0.144,0.0833667144179344,0.2361111111111111,0.144,0.2757530510425567,0.18055555555555555
token_entropy (untrained),73,0.146,0.0867214575409889,0.2465753424657534,0.146,0.2751091122627258,0.1780821917808219
token_entropy (untrained),74,0.148,0.0879900231957435,0.25675675675675674,0.148,0.2743661403656006,0.17567567567567569
token_entropy (untrained),75,0.15,0.0881321281194686,0.25333333333333335,0.15,0.2726207673549652,0.17333333333333334
token_entropy (untrained),76,0.152,0.0894761458039283,0.25,0.152,0.2725251019001007,0.18421052631578946
token_entropy (untrained),77,0.154,0.0905802175402641,0.24675324675324675,0.154,0.2703167796134949,0.18181818181818182
token_entropy (untrained),78,0.156,0.0911371037364006,0.24358974358974358,0.156,0.2690764665603637,0.1794871794871795
token_entropy (untrained),79,0.158,0.0915675088763237,0.24050632911392406,0.158,0.2689382135868072,0.17721518987341772
token_entropy (untrained),80,0.16,0.0923234820365905,0.2375,0.16,0.2661770284175873,0.175
token_entropy (untrained),81,0.162,0.092458464205265,0.2345679012345679,0.162,0.2661044299602508,0.1728395061728395
token_entropy (untrained),82,0.164,0.0924690291285514,0.24390243902439024,0.164,0.2652955055236816,0.17073170731707318
token_entropy (untrained),83,0.166,0.0926276370882988,0.24096385542168675,0.166,0.2651257216930389,0.18072289156626506
token_entropy (untrained),84,0.168,0.0938593298196792,0.23809523809523808,0.168,0.2648361921310425,0.17857142857142858
token_entropy (untrained),85,0.17,0.0943651273846626,0.23529411764705882,0.17,0.2638782858848572,0.17647058823529413
token_entropy (untrained),86,0.172,0.0949101820588111,0.2441860465116279,0.172,0.2636087536811828,0.1744186046511628
token_entropy (untrained),87,0.174,0.0950516238808631,0.2413793103448276,0.174,0.262779176235199,0.1724137931034483
token_entropy (untrained),88,0.176,0.0952434837818145,0.23863636363636365,0.176,0.2627788782119751,0.17045454545454544
token_entropy (untrained),89,0.178,0.0954346060752868,0.23595505617977527,0.178,0.262565553188324,0.16853932584269662
token_entropy (untrained),90,0.18,0.0954661592841148,0.24444444444444444,0.18,0.2620047926902771,0.16666666666666666
token_entropy (untrained),91,0.182,0.0954877659678459,0.25274725274725274,0.182,0.2619902193546295,0.16483516483516483
token_entropy (untrained),92,0.184,0.0968973562121391,0.25,0.184,0.2616074085235595,0.16304347826086957
token_entropy (untrained),93,0.186,0.0978338494896888,0.25806451612903225,0.186,0.2601465582847595,0.16129032258064516
token_entropy (untrained),94,0.188,0.0982128009200096,0.2553191489361702,0.188,0.2581571340560913,0.1702127659574468
token_entropy (untrained),95,0.19,0.0982148870825767,0.25263157894736843,0.19,0.2579485476016998,0.16842105263157894
token_entropy (untrained),96,0.192,0.0992015749216079,0.25,0.192,0.2578429877758026,0.16666666666666666
token_entropy (untrained),97,0.194,0.1015999168157577,0.24742268041237114,0.194,0.2571490108966827,0.16494845360824742
token_entropy (untrained),98,0.196,0.101834699511528,0.24489795918367346,0.196,0.2570608258247375,0.16326530612244897
token_entropy (untrained),99,0.198,0.102150410413742,0.24242424242424243,0.198,0.2559326291084289,0.16161616161616163
token_entropy (untrained),100,0.2,0.1025235801935195,0.25,0.2,0.2551183402538299,0.16
token_entropy (untrained),101,0.202,0.1034468039870262,0.24752475247524752,0.202,0.2541809678077698,0.15841584158415842
token_entropy (untrained),102,0.204,0.1041232645511627,0.24509803921568626,0.204,0.253930389881134,0.1568627450980392
token_entropy (untrained),103,0.206,0.1055105030536651,0.24271844660194175,0.206,0.2538505792617798,0.1553398058252427
token_entropy (untrained),104,0.208,0.1060903817415237,0.2403846153846154,0.208,0.2534602880477905,0.15384615384615385
token_entropy (untrained),105,0.21,0.1062782332301139,0.23809523809523808,0.21,0.2517428994178772,0.1523809523809524
token_entropy (untrained),106,0.212,0.108608141541481,0.24528301886792453,0.212,0.2516352236270904,0.1509433962264151
token_entropy (untrained),107,0.214,0.1088624149560928,0.2523364485981308,0.214,0.2512034773826599,0.14953271028037382
token_entropy (untrained),108,0.216,0.1093048080801963,0.25,0.216,0.249388501048088,0.14814814814814814
token_entropy (untrained),109,0.218,0.1098110377788543,0.25688073394495414,0.218,0.2490233331918716,0.14678899082568808
token_entropy (untrained),110,0.22,0.1101103127002716,0.2636363636363636,0.22,0.2486929446458816,0.14545454545454545
token_entropy (untrained),111,0.222,0.1103919595479965,0.26126126126126126,0.222,0.2473721504211425,0.14414414414414414
token_entropy (untrained),112,0.224,0.1108762025833129,0.25892857142857145,0.224,0.247343897819519,0.14285714285714285
token_entropy (untrained),113,0.226,0.1127518340945243,0.25663716814159293,0.226,0.2473425716161728,0.1415929203539823
token_entropy (untrained),114,0.228,0.1134811788797378,0.2631578947368421,0.228,0.2470362782478332,0.14035087719298245
token_entropy (untrained),115,0.23,0.1136776581406593,0.2608695652173913,0.23,0.2452816069126129,0.1391304347826087
token_entropy (untrained),116,0.232,0.1137608587741851,0.25862068965517243,0.232,0.2443530261516571,0.13793103448275862
token_entropy (untrained),117,0.234,0.1149497926235199,0.26495726495726496,0.234,0.2439649105072021,0.13675213675213677
token_entropy (untrained),118,0.236,0.1149599179625511,0.2711864406779661,0.236,0.24362713098526,0.13559322033898305
token_entropy (untrained),119,0.238,0.1154800951480865,0.2773109243697479,0.238,0.2432492226362228,0.13445378151260504
token_entropy (untrained),120,0.24,0.1157390996813774,0.2833333333333333,0.24,0.2428090572357177,0.14166666666666666
token_entropy (untrained),121,0.242,0.1160273700952529,0.2809917355371901,0.242,0.2412822693586349,0.14049586776859505
token_entropy (untrained),122,0.244,0.1161775663495063,0.28688524590163933,0.244,0.2408519089221954,0.13934426229508196
token_entropy (untrained),123,0.246,0.1167186200618743,0.2845528455284553,0.246,0.2388737201690673,0.13821138211382114
token_entropy (untrained),124,0.248,0.1171926036477088,0.2903225806451613,0.248,0.2377709299325943,0.14516129032258066
token_entropy (untrained),125,0.25,0.1179068237543106,0.296,0.25,0.2373868376016616,0.144
token_entropy (untrained),126,0.252,0.118093155324459,0.30158730158730157,0.252,0.2371987551450729,0.14285714285714285
token_entropy (untrained),127,0.254,0.1184659898281097,0.30708661417322836,0.254,0.236405149102211,0.14173228346456693
token_entropy (untrained),128,0.256,0.1186308860778808,0.3046875,0.256,0.235976293683052,0.140625
token_entropy (untrained),129,0.258,0.1189543902873992,0.3023255813953488,0.258,0.2356543391942978,0.13953488372093023
token_entropy (untrained),130,0.26,0.1199296861886978,0.3076923076923077,0.26,0.2355871647596359,0.13846153846153847
token_entropy (untrained),131,0.262,0.1207444742321968,0.31297709923664124,0.262,0.2344110608100891,0.13740458015267176
token_entropy (untrained),132,0.264,0.1217423379421234,0.3106060606060606,0.264,0.2339147180318832,0.13636363636363635
token_entropy (untrained),133,0.266,0.1221322193741798,0.3082706766917293,0.266,0.2323162704706192,0.13533834586466165
token_entropy (untrained),134,0.268,0.1228246539831161,0.31343283582089554,0.268,0.232092797756195,0.13432835820895522
token_entropy (untrained),135,0.27,0.123241439461708,0.3111111111111111,0.27,0.2303673326969146,0.13333333333333333
token_entropy (untrained),136,0.272,0.1250864118337631,0.3088235294117647,0.272,0.2297578454017639,0.1323529411764706
token_entropy (untrained),137,0.274,0.1263037770986557,0.30656934306569344,0.274,0.2295957505702972,0.13138686131386862
token_entropy (untrained),138,0.276,0.1265199482440948,0.30434782608695654,0.276,0.2295795232057571,0.13768115942028986
token_entropy (untrained),139,0.278,0.1269643902778625,0.302158273381295,0.278,0.2285273671150207,0.1366906474820144
token_entropy (untrained),140,0.28,0.1271033734083175,0.3,0.28,0.2280886769294738,0.14285714285714285
token_entropy (untrained),141,0.282,0.1273674517869949,0.3049645390070922,0.282,0.2279488295316696,0.14184397163120568
token_entropy (untrained),142,0.284,0.1275682747364044,0.30985915492957744,0.284,0.2273992449045181,0.14084507042253522
token_entropy (untrained),143,0.286,0.1276024430990219,0.3076923076923077,0.286,0.2266104221343994,0.13986013986013987
token_entropy (untrained),144,0.288,0.1279083341360092,0.3125,0.288,0.2261193245649337,0.1388888888888889
token_entropy (untrained),145,0.29,0.1279187053442001,0.31724137931034485,0.29,0.2260681241750717,0.13793103448275862
token_entropy (untrained),146,0.292,0.1285066306591034,0.3150684931506849,0.292,0.2259393185377121,0.136986301369863
token_entropy (untrained),147,0.294,0.1312897056341171,0.3129251700680272,0.294,0.2250935733318328,0.1360544217687075
token_entropy (untrained),148,0.296,0.1323123723268509,0.3108108108108108,0.296,0.2247627526521682,0.13513513513513514
token_entropy (untrained),149,0.298,0.1325324773788452,0.3087248322147651,0.298,0.2237823456525802,0.1342281879194631
token_entropy (untrained),150,0.3,0.1329421997070312,0.31333333333333335,0.3,0.2229748368263244,0.14
token_entropy (untrained),151,0.302,0.1329909116029739,0.31788079470198677,0.302,0.2228728830814361,0.1456953642384106
token_entropy (untrained),152,0.304,0.1353207528591156,0.3223684210526316,0.304,0.2221148759126663,0.14473684210526316
token_entropy (untrained),153,0.306,0.1357135772705078,0.3202614379084967,0.306,0.2217641472816467,0.1437908496732026
token_entropy (untrained),154,0.308,0.1362941861152649,0.3246753246753247,0.308,0.2215382903814315,0.14285714285714285
token_entropy (untrained),155,0.31,0.1367977559566497,0.32903225806451614,0.31,0.2207561135292053,0.14193548387096774
token_entropy (untrained),156,0.312,0.1371392756700515,0.3333333333333333,0.312,0.2207306325435638,0.14743589743589744
token_entropy (untrained),157,0.314,0.1374141126871109,0.3375796178343949,0.314,0.2200018018484115,0.1464968152866242
token_entropy (untrained),158,0.316,0.1376313716173172,0.34177215189873417,0.316,0.2199295908212661,0.14556962025316456
token_entropy (untrained),159,0.318,0.137956291437149,0.33962264150943394,0.318,0.2195734828710556,0.14465408805031446
token_entropy (untrained),160,0.32,0.138282299041748,0.34375,0.32,0.2191713601350784,0.15
token_entropy (untrained),161,0.322,0.1389351487159729,0.34782608695652173,0.322,0.2189475893974304,0.14906832298136646
token_entropy (untrained),162,0.324,0.1394167393445968,0.345679012345679,0.324,0.2183898389339447,0.14814814814814814
token_entropy (untrained),163,0.326,0.1395358890295028,0.3496932515337423,0.326,0.2170933336019516,0.147239263803681
token_entropy (untrained),164,0.328,0.1400911957025528,0.35365853658536583,0.328,0.2170287072658538,0.14634146341463414
token_entropy (untrained),165,0.33,0.1404890567064285,0.3515151515151515,0.33,0.2169823199510574,0.14545454545454545
token_entropy (untrained),166,0.332,0.1407889276742935,0.35542168674698793,0.332,0.216542899608612,0.15060240963855423
token_entropy (untrained),167,0.334,0.1414904296398162,0.3592814371257485,0.334,0.2164915353059768,0.15568862275449102
token_entropy (untrained),168,0.336,0.1421896070241928,0.3630952380952381,0.336,0.2159607112407684,0.15476190476190477
token_entropy (untrained),169,0.338,0.143012598156929,0.3668639053254438,0.338,0.2155819684267044,0.15384615384615385
token_entropy (untrained),170,0.34,0.1436434537172317,0.37058823529411766,0.34,0.2149973958730697,0.1588235294117647
token_entropy (untrained),171,0.342,0.1443561166524887,0.3684210526315789,0.342,0.2149246782064438,0.15789473684210525
token_entropy (untrained),172,0.344,0.1444248408079147,0.36627906976744184,0.344,0.2146815061569214,0.1569767441860465
token_entropy (untrained),173,0.346,0.1446325480937957,0.3699421965317919,0.346,0.2144897878170013,0.15606936416184972
token_entropy (untrained),174,0.348,0.1467009633779525,0.367816091954023,0.348,0.2141726016998291,0.15517241379310345
token_entropy (untrained),175,0.35,0.1472006142139434,0.37142857142857144,0.35,0.2138100415468216,0.16
token_entropy (untrained),176,0.352,0.1472280770540237,0.375,0.352,0.2130983620882034,0.16477272727272727
token_entropy (untrained),177,0.354,0.1474927812814712,0.3785310734463277,0.354,0.2128880620002746,0.1638418079096045
token_entropy (untrained),178,0.356,0.1479254513978958,0.37640449438202245,0.356,0.212554469704628,0.16292134831460675
token_entropy (untrained),179,0.358,0.1480910181999206,0.3743016759776536,0.358,0.2118270993232727,0.16201117318435754
token_entropy (untrained),180,0.36,0.1487282216548919,0.37777777777777777,0.36,0.2112526446580886,0.16666666666666666
token_entropy (untrained),181,0.362,0.1491950303316116,0.3756906077348066,0.362,0.2105309516191482,0.1712707182320442
token_entropy (untrained),182,0.364,0.1492607146501541,0.3791208791208791,0.364,0.2103236764669418,0.17032967032967034
token_entropy (untrained),183,0.366,0.1493401378393173,0.3770491803278688,0.366,0.2099384069442749,0.16939890710382513
token_entropy (untrained),184,0.368,0.1503638625144958,0.3804347826086957,0.368,0.2096838504076004,0.17391304347826086
token_entropy (untrained),185,0.37,0.1525618731975555,0.3783783783783784,0.37,0.2090020775794983,0.17297297297297298
token_entropy (untrained),186,0.372,0.153218537569046,0.3817204301075269,0.372,0.2089289873838424,0.1774193548387097
token_entropy (untrained),187,0.374,0.1550289094448089,0.37967914438502676,0.374,0.2086968868970871,0.17647058823529413
token_entropy (untrained),188,0.376,0.1551607698202133,0.3776595744680851,0.376,0.2078205794095993,0.17553191489361702
token_entropy (untrained),189,0.378,0.1557493060827255,0.37566137566137564,0.378,0.2076367437839508,0.1746031746031746
token_entropy (untrained),190,0.38,0.155859038233757,0.37894736842105264,0.38,0.2075033187866211,0.17894736842105263
token_entropy (untrained),191,0.382,0.1561259776353836,0.3769633507853403,0.382,0.2074680477380752,0.17801047120418848
token_entropy (untrained),192,0.384,0.156920924782753,0.3802083333333333,0.384,0.2070196717977523,0.18229166666666666
token_entropy (untrained),193,0.386,0.1569575667381286,0.37823834196891193,0.386,0.206647977232933,0.18134715025906736
token_entropy (untrained),194,0.388,0.1571554243564605,0.38144329896907214,0.388,0.2063836455345153,0.18041237113402062
token_entropy (untrained),195,0.39,0.1573544591665268,0.37948717948717947,0.39,0.2060116380453109,0.1794871794871795
token_entropy (untrained),196,0.392,0.1575041860342025,0.37755102040816324,0.392,0.2058068513870239,0.17857142857142858
token_entropy (untrained),197,0.394,0.157845452427864,0.38071065989847713,0.394,0.2054845094680786,0.17766497461928935
token_entropy (untrained),198,0.396,0.1580038070678711,0.3838383838383838,0.396,0.2044938057661056,0.17676767676767677
token_entropy (untrained),199,0.398,0.1584031134843826,0.3869346733668342,0.398,0.2042046934366226,0.18090452261306533
token_entropy (untrained),200,0.4,0.1587258428335189,0.39,0.4,0.2040532827377319,0.18
token_entropy (untrained),201,0.402,0.158988818526268,0.39303482587064675,0.402,0.2040259391069412,0.1791044776119403
token_entropy (untrained),202,0.404,0.1589967459440231,0.3910891089108911,0.404,0.2036421746015548,0.18316831683168316
token_entropy (untrained),203,0.406,0.1592311114072799,0.39408866995073893,0.406,0.2036002427339553,0.18226600985221675
token_entropy (untrained),204,0.408,0.1598104685544967,0.39705882352941174,0.408,0.2031738013029098,0.18627450980392157
token_entropy (untrained),205,0.41,0.1605860739946365,0.4,0.41,0.2027794867753982,0.18536585365853658
token_entropy (untrained),206,0.412,0.1606447100639343,0.39805825242718446,0.412,0.202632874250412,0.18446601941747573
token_entropy (untrained),207,0.414,0.1618870198726654,0.40096618357487923,0.414,0.2026036083698272,0.18357487922705315
token_entropy (untrained),208,0.416,0.1625671982765197,0.40384615384615385,0.416,0.2003412693738937,0.18269230769230768
token_entropy (untrained),209,0.418,0.1631282418966293,0.4019138755980861,0.418,0.1997390240430832,0.18181818181818182
token_entropy (untrained),210,0.42,0.1632023006677627,0.40476190476190477,0.42,0.1991183906793594,0.18571428571428572
token_entropy (untrained),211,0.422,0.1633053123950958,0.4075829383886256,0.422,0.1990575194358825,0.1848341232227488
token_entropy (untrained),212,0.424,0.163613811135292,0.41037735849056606,0.424,0.1983952075242996,0.18867924528301888
token_entropy (untrained),213,0.426,0.1638086289167404,0.4084507042253521,0.426,0.1981622129678726,0.18779342723004694
token_entropy (untrained),214,0.428,0.1638157367706298,0.411214953271028,0.428,0.1980010718107223,0.18691588785046728
token_entropy (untrained),215,0.43,0.1643151938915252,0.40930232558139534,0.43,0.1974646300077438,0.18604651162790697
token_entropy (untrained),216,0.432,0.1644350588321685,0.41203703703703703,0.432,0.197310522198677,0.18518518518518517
token_entropy (untrained),217,0.434,0.1651353985071182,0.41013824884792627,0.434,0.1970905065536499,0.18433179723502305
token_entropy (untrained),218,0.436,0.1657930165529251,0.41284403669724773,0.436,0.1964802742004394,0.1834862385321101
token_entropy (untrained),219,0.438,0.1661455482244491,0.4155251141552511,0.438,0.1964004188776016,0.1872146118721461
token_entropy (untrained),220,0.44,0.1666431277990341,0.41818181818181815,0.44,0.1931981146335601,0.18636363636363637
token_entropy (untrained),221,0.442,0.1670055985450744,0.42081447963800905,0.442,0.1931068301200866,0.18552036199095023
token_entropy (untrained),222,0.444,0.1680939644575119,0.4189189189189189,0.444,0.1924514919519424,0.1891891891891892
token_entropy (untrained),223,0.446,0.1681504249572754,0.42152466367713004,0.446,0.1922635436058044,0.19282511210762332
token_entropy (untrained),224,0.448,0.1683015525341034,0.41964285714285715,0.448,0.1914890259504318,0.19196428571428573
token_entropy (untrained),225,0.45,0.1690954864025116,0.4222222222222222,0.45,0.1911676526069641,0.19111111111111112
token_entropy (untrained),226,0.452,0.1691512167453766,0.4247787610619469,0.452,0.1902708858251571,0.19469026548672566
token_entropy (untrained),227,0.454,0.1691979616880417,0.42731277533039647,0.454,0.18923319876194,0.19823788546255505
token_entropy (untrained),228,0.456,0.1694059520959854,0.4298245614035088,0.456,0.1892274767160415,0.19736842105263158
token_entropy (untrained),229,0.458,0.1695635765790939,0.4279475982532751,0.458,0.1887044310569763,0.1965065502183406
token_entropy (untrained),230,0.46,0.1701282262802124,0.43043478260869567,0.46,0.1883734613656997,0.1956521739130435
token_entropy (untrained),231,0.462,0.1702765822410583,0.4329004329004329,0.462,0.1880867779254913,0.19480519480519481
token_entropy (untrained),232,0.464,0.1704191714525222,0.43103448275862066,0.464,0.1872948855161667,0.1939655172413793
token_entropy (untrained),233,0.466,0.1707918792963028,0.4334763948497854,0.466,0.1863013505935669,0.19313304721030042
token_entropy (untrained),234,0.468,0.1728756725788116,0.43162393162393164,0.468,0.1857935786247253,0.19658119658119658
token_entropy (untrained),235,0.47,0.1738078296184539,0.4340425531914894,0.47,0.1852821707725525,0.2
token_entropy (untrained),236,0.472,0.1741228103637695,0.4364406779661017,0.472,0.1848341971635818,0.19915254237288135
token_entropy (untrained),237,0.474,0.1741262525320053,0.4388185654008439,0.474,0.1845758557319641,0.20253164556962025
token_entropy (untrained),238,0.476,0.1744508594274521,0.4411764705882353,0.476,0.1843914985656738,0.20168067226890757
token_entropy (untrained),239,0.478,0.1751075237989425,0.4393305439330544,0.478,0.184153214097023,0.200836820083682
token_entropy (untrained),240,0.48,0.1759349405765533,0.4375,0.48,0.1837944835424423,0.20416666666666666
token_entropy (untrained),241,0.482,0.1759858578443527,0.43983402489626555,0.482,0.1837256550788879,0.2033195020746888
token_entropy (untrained),242,0.484,0.1776159107685089,0.44214876033057854,0.484,0.1833256334066391,0.2024793388429752
token_entropy (untrained),243,0.486,0.1778030693531036,0.4444444444444444,0.486,0.1832859963178634,0.20164609053497942
token_entropy (untrained),244,0.488,0.1789764612913131,0.44672131147540983,0.488,0.18294458091259,0.20081967213114754
token_entropy (untrained),245,0.49,0.1789992600679397,0.4448979591836735,0.49,0.1827388703823089,0.2
token_entropy (untrained),246,0.492,0.179110899567604,0.44715447154471544,0.492,0.1824549585580825,0.1991869918699187
token_entropy (untrained),247,0.494,0.1799310445785522,0.4493927125506073,0.494,0.1822428703308105,0.19838056680161945
token_entropy (untrained),248,0.496,0.1800129413604736,0.45161290322580644,0.496,0.1819160729646682,0.1975806451612903
token_entropy (untrained),249,0.498,0.1809639930725097,0.4538152610441767,0.498,0.1816833466291427,0.19678714859437751
token_entropy (untrained),250,0.5,0.1816304326057434,0.456,0.5,0.1816413253545761,0.196
token_entropy (untrained),251,0.502,0.1816413253545761,0.4581673306772908,0.502,0.1816304326057434,0.1952191235059761
token_entropy (untrained),252,0.504,0.1816833466291427,0.4603174603174603,0.504,0.1809639930725097,0.19444444444444445
token_entropy (untrained),253,0.506,0.1819160729646682,0.4624505928853755,0.506,0.1800129413604736,0.19367588932806323
token_entropy (untrained),254,0.508,0.1822428703308105,0.4645669291338583,0.508,0.1799310445785522,0.19291338582677164
token_entropy (untrained),255,0.51,0.1824549585580825,0.4666666666666667,0.51,0.179110899567604,0.19215686274509805
token_entropy (untrained),256,0.512,0.1827388703823089,0.46875,0.512,0.1789992600679397,0.1953125
token_entropy (untrained),257,0.514,0.18294458091259,0.4708171206225681,0.514,0.1789764612913131,0.19455252918287938
token_entropy (untrained),258,0.516,0.1832859963178634,0.4728682170542636,0.516,0.1778030693531036,0.1937984496124031
token_entropy (untrained),259,0.518,0.1833256334066391,0.4749034749034749,0.518,0.1776159107685089,0.19305019305019305
token_entropy (untrained),260,0.52,0.1837256550788879,0.47692307692307695,0.52,0.1759858578443527,0.19230769230769232
token_entropy (untrained),261,0.522,0.1837944835424423,0.47509578544061304,0.522,0.1759349405765533,0.19540229885057472
token_entropy (untrained),262,0.524,0.184153214097023,0.4770992366412214,0.524,0.1751075237989425,0.1984732824427481
token_entropy (untrained),263,0.526,0.1843914985656738,0.4790874524714829,0.526,0.1744508594274521,0.19771863117870722
token_entropy (untrained),264,0.528,0.1845758557319641,0.4772727272727273,0.528,0.1741262525320053,0.19696969696969696
token_entropy (untrained),265,0.53,0.1848341971635818,0.47924528301886793,0.53,0.1741228103637695,0.19622641509433963
token_entropy (untrained),266,0.532,0.1852821707725525,0.4774436090225564,0.532,0.1738078296184539,0.19548872180451127
token_entropy (untrained),267,0.534,0.1857935786247253,0.4756554307116105,0.534,0.1728756725788116,0.19850187265917604
token_entropy (untrained),268,0.536,0.1863013505935669,0.47761194029850745,0.536,0.1707918792963028,0.19776119402985073
token_entropy (untrained),269,0.538,0.1872948855161667,0.4795539033457249,0.538,0.1704191714525222,0.20074349442379183
token_entropy (untrained),270,0.54,0.1880867779254913,0.48148148148148145,0.54,0.1702765822410583,0.2
token_entropy (untrained),271,0.542,0.1883734613656997,0.4833948339483395,0.542,0.1701282262802124,0.1992619926199262
token_entropy (untrained),272,0.544,0.1887044310569763,0.4852941176470588,0.544,0.1695635765790939,0.20220588235294118
token_entropy (untrained),273,0.546,0.1892274767160415,0.48717948717948717,0.546,0.1694059520959854,0.20146520146520147
token_entropy (untrained),274,0.548,0.18923319876194,0.4854014598540146,0.548,0.1691979616880417,0.20072992700729927
token_entropy (untrained),275,0.55,0.1902708858251571,0.48363636363636364,0.55,0.1691512167453766,0.2
token_entropy (untrained),276,0.552,0.1911676526069641,0.4855072463768116,0.552,0.1690954864025116,0.19927536231884058
token_entropy (untrained),277,0.554,0.1914890259504318,0.48736462093862815,0.554,0.1683015525341034,0.20216606498194944
token_entropy (untrained),278,0.556,0.1922635436058044,0.4856115107913669,0.556,0.1681504249572754,0.2014388489208633
token_entropy (untrained),279,0.558,0.1924514919519424,0.4838709677419355,0.558,0.1680939644575119,0.20430107526881722
token_entropy (untrained),280,0.56,0.1931068301200866,0.4857142857142857,0.56,0.1670055985450744,0.20357142857142857
token_entropy (untrained),281,0.562,0.1931981146335601,0.4875444839857651,0.562,0.1666431277990341,0.20284697508896798
token_entropy (untrained),282,0.564,0.1964004188776016,0.4858156028368794,0.564,0.1661455482244491,0.20212765957446807
token_entropy (untrained),283,0.566,0.1964802742004394,0.4876325088339223,0.566,0.1657930165529251,0.20141342756183744
token_entropy (untrained),284,0.568,0.1970905065536499,0.4894366197183099,0.568,0.1651353985071182,0.20422535211267606
token_entropy (untrained),285,0.57,0.197310522198677,0.49122807017543857,0.57,0.1644350588321685,0.20350877192982456
token_entropy (untrained),286,0.572,0.1974646300077438,0.493006993006993,0.572,0.1643151938915252,0.2062937062937063
token_entropy (untrained),287,0.574,0.1980010718107223,0.49477351916376305,0.574,0.1638157367706298,0.20557491289198607
token_entropy (untrained),288,0.576,0.1981622129678726,0.4965277777777778,0.576,0.1638086289167404,0.20833333333333334
token_entropy (untrained),289,0.578,0.1983952075242996,0.49480968858131485,0.578,0.163613811135292,0.20761245674740483
token_entropy (untrained),290,0.58,0.1990575194358825,0.496551724137931,0.58,0.1633053123950958,0.20689655172413793
token_entropy (untrained),291,0.582,0.1991183906793594,0.4948453608247423,0.582,0.1632023006677627,0.20618556701030927
token_entropy (untrained),292,0.584,0.1997390240430832,0.4965753424657534,0.584,0.1631282418966293,0.2089041095890411
token_entropy (untrained),293,0.586,0.2003412693738937,0.49829351535836175,0.586,0.1625671982765197,0.20819112627986347
token_entropy (untrained),294,0.588,0.2026036083698272,0.5,0.588,0.1618870198726654,0.20748299319727892
token_entropy (untrained),295,0.59,0.202632874250412,0.5016949152542373,0.59,0.1606447100639343,0.21016949152542372
token_entropy (untrained),296,0.592,0.2027794867753982,0.5033783783783784,0.592,0.1605860739946365,0.20945945945945946
token_entropy (untrained),297,0.594,0.2031738013029098,0.5016835016835017,0.594,0.1598104685544967,0.20875420875420875
token_entropy (untrained),298,0.596,0.2036002427339553,0.5033557046979866,0.596,0.1592311114072799,0.2080536912751678
token_entropy (untrained),299,0.598,0.2036421746015548,0.5016722408026756,0.598,0.1589967459440231,0.21070234113712374
token_entropy (untrained),300,0.6,0.2040259391069412,0.5033333333333333,0.6,0.158988818526268,0.21
token_entropy (untrained),301,0.602,0.2040532827377319,0.5049833887043189,0.602,0.1587258428335189,0.20930232558139536
token_entropy (untrained),302,0.604,0.2042046934366226,0.5033112582781457,0.604,0.1584031134843826,0.20860927152317882
token_entropy (untrained),303,0.606,0.2044938057661056,0.504950495049505,0.606,0.1580038070678711,0.2079207920792079
token_entropy (untrained),304,0.608,0.2054845094680786,0.506578947368421,0.608,0.157845452427864,0.20723684210526316
token_entropy (untrained),305,0.61,0.2058068513870239,0.5081967213114754,0.61,0.1575041860342025,0.2098360655737705
token_entropy (untrained),306,0.612,0.2060116380453109,0.5098039215686274,0.612,0.1573544591665268,0.21241830065359477
token_entropy (untrained),307,0.614,0.2063836455345153,0.511400651465798,0.614,0.1571554243564605,0.21172638436482086
token_entropy (untrained),308,0.616,0.206647977232933,0.512987012987013,0.616,0.1569575667381286,0.21428571428571427
token_entropy (untrained),309,0.618,0.2070196717977523,0.511326860841424,0.618,0.156920924782753,0.21359223300970873
token_entropy (untrained),310,0.62,0.2074680477380752,0.5129032258064516,0.62,0.1561259776353836,0.2161290322580645
token_entropy (untrained),311,0.622,0.2075033187866211,0.5112540192926045,0.622,0.155859038233757,0.21543408360128619
token_entropy (untrained),312,0.624,0.2076367437839508,0.5128205128205128,0.624,0.1557493060827255,0.21794871794871795
token_entropy (untrained),313,0.626,0.2078205794095993,0.5143769968051118,0.626,0.1551607698202133,0.22044728434504793
token_entropy (untrained),314,0.628,0.2086968868970871,0.5159235668789809,0.628,0.1550289094448089,0.2229299363057325
token_entropy (untrained),315,0.63,0.2089289873838424,0.5142857142857142,0.63,0.153218537569046,0.2222222222222222
token_entropy (untrained),316,0.632,0.2090020775794983,0.5158227848101266,0.632,0.1525618731975555,0.22468354430379747
token_entropy (untrained),317,0.634,0.2096838504076004,0.5141955835962145,0.634,0.1503638625144958,0.22397476340694006
token_entropy (untrained),318,0.636,0.2099384069442749,0.5157232704402516,0.636,0.1493401378393173,0.22641509433962265
token_entropy (untrained),319,0.638,0.2103236764669418,0.5172413793103449,0.638,0.1492607146501541,0.22570532915360503
token_entropy (untrained),320,0.64,0.2105309516191482,0.515625,0.64,0.1491950303316116,0.228125
token_entropy (untrained),321,0.642,0.2112526446580886,0.514018691588785,0.642,0.1487282216548919,0.22741433021806853
token_entropy (untrained),322,0.644,0.2118270993232727,0.515527950310559,0.644,0.1480910181999206,0.22981366459627328
token_entropy (untrained),323,0.646,0.212554469704628,0.5170278637770898,0.646,0.1479254513978958,0.23219814241486067
token_entropy (untrained),324,0.648,0.2128880620002746,0.5185185185185185,0.648,0.1474927812814712,0.23148148148148148
token_entropy (untrained),325,0.65,0.2130983620882034,0.5169230769230769,0.65,0.1472280770540237,0.23076923076923078
token_entropy (untrained),326,0.652,0.2138100415468216,0.5153374233128835,0.652,0.1472006142139434,0.23006134969325154
token_entropy (untrained),327,0.654,0.2141726016998291,0.5168195718654435,0.654,0.1467009633779525,0.2324159021406728
token_entropy (untrained),328,0.656,0.2144897878170013,0.5182926829268293,0.656,0.1446325480937957,0.23170731707317074
token_entropy (untrained),329,0.658,0.2146815061569214,0.5197568389057751,0.658,0.1444248408079147,0.23404255319148937
token_entropy (untrained),330,0.66,0.2149246782064438,0.5212121212121212,0.66,0.1443561166524887,0.23636363636363636
token_entropy (untrained),331,0.662,0.2149973958730697,0.5196374622356495,0.662,0.1436434537172317,0.23564954682779457
token_entropy (untrained),332,0.664,0.2155819684267044,0.5210843373493976,0.664,0.143012598156929,0.23493975903614459
token_entropy (untrained),333,0.666,0.2159607112407684,0.5225225225225225,0.666,0.1421896070241928,0.23423423423423423
token_entropy (untrained),334,0.668,0.2164915353059768,0.5209580838323353,0.668,0.1414904296398162,0.23353293413173654
token_entropy (untrained),335,0.67,0.216542899608612,0.5194029850746269,0.67,0.1407889276742935,0.23283582089552238
token_entropy (untrained),336,0.672,0.2169823199510574,0.5208333333333334,0.672,0.1404890567064285,0.23511904761904762
token_entropy (untrained),337,0.674,0.2170287072658538,0.5222551928783383,0.674,0.1400911957025528,0.2344213649851632
token_entropy (untrained),338,0.676,0.2170933336019516,0.5236686390532544,0.676,0.1395358890295028,0.23372781065088757
token_entropy (untrained),339,0.678,0.2183898389339447,0.5250737463126843,0.678,0.1394167393445968,0.2359882005899705
token_entropy (untrained),340,0.68,0.2189475893974304,0.5264705882352941,0.68,0.1389351487159729,0.23529411764705882
token_entropy (untrained),341,0.682,0.2191713601350784,0.5249266862170088,0.682,0.138282299041748,0.23460410557184752
token_entropy (untrained),342,0.684,0.2195734828710556,0.5263157894736842,0.684,0.137956291437149,0.23684210526315788
token_entropy (untrained),343,0.686,0.2199295908212661,0.5276967930029155,0.686,0.1376313716173172,0.23615160349854228
token_entropy (untrained),344,0.688,0.2200018018484115,0.5290697674418605,0.688,0.1374141126871109,0.23546511627906977
token_entropy (untrained),345,0.69,0.2207306325435638,0.527536231884058,0.69,0.1371392756700515,0.23478260869565218
token_entropy (untrained),346,0.692,0.2207561135292053,0.5289017341040463,0.692,0.1367977559566497,0.23410404624277456
token_entropy (untrained),347,0.694,0.2215382903814315,0.5302593659942363,0.694,0.1362941861152649,0.2334293948126801
token_entropy (untrained),348,0.696,0.2217641472816467,0.5316091954022989,0.696,0.1357135772705078,0.23563218390804597
token_entropy (untrained),349,0.698,0.2221148759126663,0.5329512893982808,0.698,0.1353207528591156,0.2349570200573066
token_entropy (untrained),350,0.7,0.2228728830814361,0.5314285714285715,0.7,0.1329909116029739,0.2342857142857143
token_entropy (untrained),351,0.702,0.2229748368263244,0.5299145299145299,0.702,0.1329421997070312,0.2336182336182336
token_entropy (untrained),352,0.704,0.2237823456525802,0.53125,0.704,0.1325324773788452,0.23579545454545456
token_entropy (untrained),353,0.706,0.2247627526521682,0.5325779036827195,0.706,0.1323123723268509,0.23796033994334279
token_entropy (untrained),354,0.708,0.2250935733318328,0.5338983050847458,0.708,0.1312897056341171,0.2401129943502825
token_entropy (untrained),355,0.71,0.2259393185377121,0.5352112676056338,0.71,0.1285066306591034,0.24225352112676057
token_entropy (untrained),356,0.712,0.2260681241750717,0.5365168539325843,0.712,0.1279187053442001,0.24157303370786518
token_entropy (untrained),357,0.714,0.2261193245649337,0.5378151260504201,0.714,0.1279083341360092,0.24089635854341737
token_entropy (untrained),358,0.716,0.2266104221343994,0.5391061452513967,0.716,0.1276024430990219,0.2430167597765363
token_entropy (untrained),359,0.718,0.2273992449045181,0.5403899721448467,0.718,0.1275682747364044,0.24233983286908078
token_entropy (untrained),360,0.72,0.2279488295316696,0.5416666666666666,0.72,0.1273674517869949,0.24166666666666667
token_entropy (untrained),361,0.722,0.2280886769294738,0.5401662049861495,0.722,0.1271033734083175,0.24376731301939059
token_entropy (untrained),362,0.724,0.2285273671150207,0.5414364640883977,0.724,0.1269643902778625,0.24585635359116023
token_entropy (untrained),363,0.726,0.2295795232057571,0.5399449035812672,0.726,0.1265199482440948,0.24793388429752067
token_entropy (untrained),364,0.728,0.2295957505702972,0.5412087912087912,0.728,0.1263037770986557,0.25
token_entropy (untrained),365,0.73,0.2297578454017639,0.5424657534246575,0.73,0.1250864118337631,0.25205479452054796
token_entropy (untrained),366,0.732,0.2303673326969146,0.5437158469945356,0.732,0.123241439461708,0.2540983606557377
token_entropy (untrained),367,0.734,0.232092797756195,0.5449591280653951,0.734,0.1228246539831161,0.25340599455040874
token_entropy (untrained),368,0.736,0.2323162704706192,0.5461956521739131,0.736,0.1221322193741798,0.2554347826086957
token_entropy (untrained),369,0.738,0.2339147180318832,0.5474254742547425,0.738,0.1217423379421234,0.25745257452574527
token_entropy (untrained),370,0.74,0.2344110608100891,0.5486486486486486,0.74,0.1207444742321968,0.25675675675675674
token_entropy (untrained),371,0.742,0.2355871647596359,0.5498652291105122,0.742,0.1199296861886978,0.2560646900269542
token_entropy (untrained),372,0.744,0.2356543391942978,0.5510752688172043,0.744,0.1189543902873992,0.25806451612903225
token_entropy (untrained),373,0.746,0.235976293683052,0.5522788203753352,0.746,0.1186308860778808,0.26005361930294907
token_entropy (untrained),374,0.748,0.236405149102211,0.553475935828877,0.748,0.1184659898281097,0.25935828877005346
token_entropy (untrained),375,0.75,0.2371987551450729,0.5546666666666666,0.75,0.118093155324459,0.25866666666666666
token_entropy (untrained),376,0.752,0.2373868376016616,0.5558510638297872,0.752,0.1179068237543106,0.2579787234042553
token_entropy (untrained),377,0.754,0.2377709299325943,0.5543766578249337,0.754,0.1171926036477088,0.2572944297082228
token_entropy (untrained),378,0.756,0.2388737201690673,0.5555555555555556,0.756,0.1167186200618743,0.25925925925925924
token_entropy (untrained),379,0.758,0.2408519089221954,0.5567282321899736,0.758,0.1161775663495063,0.25857519788918204
token_entropy (untrained),380,0.76,0.2412822693586349,0.5578947368421052,0.76,0.1160273700952529,0.26052631578947366
token_entropy (untrained),381,0.762,0.2428090572357177,0.5564304461942258,0.762,0.1157390996813774,0.25984251968503935
token_entropy (untrained),382,0.764,0.2432492226362228,0.5575916230366492,0.764,0.1154800951480865,0.2591623036649215
token_entropy (untrained),383,0.766,0.24362713098526,0.5587467362924282,0.766,0.1149599179625511,0.2584856396866841
token_entropy (untrained),384,0.768,0.2439649105072021,0.5598958333333334,0.768,0.1149497926235199,0.2578125
token_entropy (untrained),385,0.77,0.2443530261516571,0.561038961038961,0.77,0.1137608587741851,0.2597402597402597
token_entropy (untrained),386,0.772,0.2452816069126129,0.5621761658031088,0.772,0.1136776581406593,0.2616580310880829
token_entropy (untrained),387,0.774,0.2470362782478332,0.5633074935400517,0.774,0.1134811788797378,0.26098191214470284
token_entropy (untrained),388,0.776,0.2473425716161728,0.5644329896907216,0.776,0.1127518340945243,0.26288659793814434
token_entropy (untrained),389,0.778,0.247343897819519,0.5655526992287918,0.778,0.1108762025833129,0.2647814910025707
token_entropy (untrained),390,0.78,0.2473721504211425,0.5666666666666667,0.78,0.1103919595479965,0.26666666666666666
token_entropy (untrained),391,0.782,0.2486929446458816,0.5677749360613811,0.782,0.1101103127002716,0.2659846547314578
token_entropy (untrained),392,0.784,0.2490233331918716,0.5688775510204082,0.784,0.1098110377788543,0.2653061224489796
token_entropy (untrained),393,0.786,0.249388501048088,0.5699745547073791,0.786,0.1093048080801963,0.26717557251908397
token_entropy (untrained),394,0.788,0.2512034773826599,0.5710659898477157,0.788,0.1088624149560928,0.26649746192893403
token_entropy (untrained),395,0.79,0.2516352236270904,0.5721518987341773,0.79,0.108608141541481,0.26582278481012656
token_entropy (untrained),396,0.792,0.2517428994178772,0.5732323232323232,0.792,0.1062782332301139,0.2676767676767677
token_entropy (untrained),397,0.794,0.2534602880477905,0.5743073047858942,0.794,0.1060903817415237,0.2695214105793451
token_entropy (untrained),398,0.796,0.2538505792617798,0.5753768844221105,0.796,0.1055105030536651,0.271356783919598
token_entropy (untrained),399,0.798,0.253930389881134,0.5764411027568922,0.798,0.1041232645511627,0.2731829573934837
token_entropy (untrained),400,0.8,0.2541809678077698,0.5775,0.8,0.1034468039870262,0.275
token_entropy (untrained),401,0.802,0.2551183402538299,0.5785536159600998,0.802,0.1025235801935195,0.2743142144638404
token_entropy (untrained),402,0.804,0.2559326291084289,0.5796019900497512,0.804,0.102150410413742,0.27611940298507465
token_entropy (untrained),403,0.806,0.2570608258247375,0.5806451612903226,0.806,0.101834699511528,0.27791563275434245
token_entropy (untrained),404,0.808,0.2571490108966827,0.5816831683168316,0.808,0.1015999168157577,0.27970297029702973
token_entropy (untrained),405,0.81,0.2578429877758026,0.582716049382716,0.81,0.0992015749216079,0.2814814814814815
token_entropy (untrained),406,0.812,0.2579485476016998,0.583743842364532,0.812,0.0982148870825767,0.2832512315270936
token_entropy (untrained),407,0.814,0.2581571340560913,0.5823095823095823,0.814,0.0982128009200096,0.28501228501228504
token_entropy (untrained),408,0.816,0.2601465582847595,0.5833333333333334,0.816,0.0978338494896888,0.28431372549019607
token_entropy (untrained),409,0.818,0.2616074085235595,0.5843520782396088,0.818,0.0968973562121391,0.2860635696821516
token_entropy (untrained),410,0.82,0.2619902193546295,0.5853658536585366,0.82,0.0954877659678459,0.28536585365853656
token_entropy (untrained),411,0.822,0.2620047926902771,0.5863746958637469,0.822,0.0954661592841148,0.2846715328467153
token_entropy (untrained),412,0.824,0.262565553188324,0.587378640776699,0.824,0.0954346060752868,0.28640776699029125
token_entropy (untrained),413,0.826,0.2627788782119751,0.5883777239709443,0.826,0.0952434837818145,0.288135593220339
token_entropy (untrained),414,0.828,0.262779176235199,0.5893719806763285,0.828,0.0950516238808631,0.2898550724637681
token_entropy (untrained),415,0.83,0.2636087536811828,0.5903614457831325,0.83,0.0949101820588111,0.2891566265060241
token_entropy (untrained),416,0.832,0.2638782858848572,0.5913461538461539,0.832,0.0943651273846626,0.29086538461538464
token_entropy (untrained),417,0.834,0.2648361921310425,0.592326139088729,0.834,0.0938593298196792,0.29256594724220625
token_entropy (untrained),418,0.836,0.2651257216930389,0.5909090909090909,0.836,0.0926276370882988,0.2942583732057416
token_entropy (untrained),419,0.838,0.2652955055236816,0.5918854415274463,0.838,0.0924690291285514,0.2935560859188544
token_entropy (untrained),420,0.84,0.2661044299602508,0.5928571428571429,0.84,0.092458464205265,0.29523809523809524
token_entropy (untrained),421,0.842,0.2661770284175873,0.5938242280285035,0.842,0.0923234820365905,0.29691211401425177
token_entropy (untrained),422,0.844,0.2689382135868072,0.5947867298578199,0.844,0.0915675088763237,0.2985781990521327
token_entropy (untrained),423,0.846,0.2690764665603637,0.5957446808510638,0.846,0.0911371037364006,0.30023640661938533
token_entropy (untrained),424,0.848,0.2703167796134949,0.5966981132075472,0.848,0.0905802175402641,0.3018867924528302
token_entropy (untrained),425,0.85,0.2725251019001007,0.5952941176470589,0.85,0.0894761458039283,0.3035294117647059
token_entropy (untrained),426,0.852,0.2726207673549652,0.596244131455399,0.852,0.0881321281194686,0.3051643192488263
token_entropy (untrained),427,0.854,0.2743661403656006,0.5971896955503513,0.854,0.0879900231957435,0.3044496487119438
token_entropy (untrained),428,0.856,0.2751091122627258,0.5981308411214953,0.856,0.0867214575409889,0.3037383177570093
token_entropy (untrained),429,0.858,0.2757530510425567,0.5990675990675991,0.858,0.0833667144179344,0.30303030303030304
token_entropy (untrained),430,0.86,0.2771917879581451,0.6,0.86,0.081187330186367,0.3023255813953488
token_entropy (untrained),431,0.862,0.2781022787094116,0.6009280742459396,0.862,0.0799488723278045,0.3039443155452436
token_entropy (untrained),432,0.864,0.2783877253532409,0.6018518518518519,0.864,0.0795254930853843,0.30324074074074076
token_entropy (untrained),433,0.866,0.2784799337387085,0.6027713625866051,0.866,0.0791889354586601,0.302540415704388
token_entropy (untrained),434,0.868,0.2784936428070068,0.6036866359447005,0.868,0.0787687972187995,0.30414746543778803
token_entropy (untrained),435,0.87,0.2787279784679413,0.6045977011494252,0.87,0.0778649821877479,0.3057471264367816
token_entropy (untrained),436,0.872,0.2794450521469116,0.6055045871559633,0.872,0.0774747654795646,0.30504587155963303
token_entropy (untrained),437,0.874,0.2801264226436615,0.6064073226544623,0.874,0.0770957246422767,0.30663615560640733
token_entropy (untrained),438,0.876,0.2802947461605072,0.6073059360730594,0.876,0.0769136026501655,0.3082191780821918
token_entropy (untrained),439,0.878,0.28084796667099,0.6059225512528473,0.878,0.0765735581517219,0.3097949886104784
token_entropy (untrained),440,0.88,0.2816386520862579,0.6068181818181818,0.88,0.076518565416336,0.31136363636363634
token_entropy (untrained),441,0.882,0.282956600189209,0.6077097505668935,0.882,0.0756869539618492,0.31065759637188206
token_entropy (untrained),442,0.884,0.2836550176143646,0.6085972850678733,0.884,0.0749162808060646,0.31221719457013575
token_entropy (untrained),443,0.886,0.2852622270584106,0.6072234762979684,0.886,0.0716082379221916,0.31376975169300225
token_entropy (untrained),444,0.888,0.2864204943180084,0.6081081081081081,0.888,0.0711019039154052,0.3130630630630631
token_entropy (untrained),445,0.89,0.2872156202793121,0.6067415730337079,0.89,0.0708559304475784,0.3146067415730337
token_entropy (untrained),446,0.892,0.2872231006622314,0.6076233183856502,0.892,0.0701360031962394,0.31390134529147984
token_entropy (untrained),447,0.894,0.2872952818870544,0.6085011185682326,0.894,0.0696370527148246,0.31543624161073824
token_entropy (untrained),448,0.896,0.2876041829586029,0.609375,0.896,0.0695739984512329,0.3169642857142857
token_entropy (untrained),449,0.898,0.2885355353355407,0.6102449888641426,0.898,0.0687389820814132,0.3184855233853007
token_entropy (untrained),450,0.9,0.2900980710983276,0.6088888888888889,0.9,0.0681155398488044,0.32
token_entropy (untrained),451,0.902,0.2908283174037933,0.6075388026607539,0.902,0.0677053034305572,0.3215077605321508
token_entropy (untrained),452,0.904,0.2920040488243103,0.6084070796460177,0.904,0.0674762949347496,0.3230088495575221
token_entropy (untrained),453,0.906,0.2923522889614105,0.609271523178808,0.906,0.0670119374990463,0.32450331125827814
token_entropy (untrained),454,0.908,0.2945894598960876,0.6079295154185022,0.908,0.0645882859826088,0.32599118942731276
token_entropy (untrained),455,0.91,0.2951198816299438,0.6087912087912087,0.91,0.0642501711845398,0.3274725274725275
token_entropy (untrained),456,0.912,0.2951714694499969,0.6096491228070176,0.912,0.0633857920765876,0.32894736842105265
token_entropy (untrained),457,0.914,0.295211523771286,0.6083150984682714,0.914,0.0625421926379203,0.3282275711159737
token_entropy (untrained),458,0.916,0.2987669706344604,0.6091703056768559,0.916,0.0619003362953662,0.3296943231441048
token_entropy (untrained),459,0.918,0.2997868359088897,0.6100217864923747,0.918,0.0618988014757633,0.3289760348583878
token_entropy (untrained),460,0.92,0.3013176620006561,0.6086956521739131,0.92,0.0587305128574371,0.33043478260869563
token_entropy (untrained),461,0.922,0.3036215603351593,0.6095444685466378,0.922,0.0566141754388809,0.3318872017353579
token_entropy (untrained),462,0.924,0.3046829402446747,0.6103896103896104,0.924,0.0564875155687332,0.3333333333333333
token_entropy (untrained),463,0.926,0.3065391182899475,0.6112311015118791,0.926,0.0552166104316711,0.3326133909287257
token_entropy (untrained),464,0.928,0.3065733313560486,0.6120689655172413,0.928,0.0540102273225784,0.33189655172413796
token_entropy (untrained),465,0.93,0.3082855641841888,0.6129032258064516,0.93,0.052050057798624,0.3311827956989247
token_entropy (untrained),466,0.932,0.3094393312931061,0.6115879828326181,0.932,0.0519696474075317,0.33261802575107297
token_entropy (untrained),467,0.934,0.3123253583908081,0.6124197002141327,0.934,0.048612792044878,0.3340471092077088
token_entropy (untrained),468,0.936,0.3141342103481293,0.6132478632478633,0.936,0.0486081875860691,0.33547008547008544
token_entropy (untrained),469,0.938,0.3160493373870849,0.6140724946695096,0.938,0.0472472943365573,0.3368869936034115
token_entropy (untrained),470,0.94,0.3168865740299225,0.6148936170212767,0.94,0.0452631153166294,0.33617021276595743
token_entropy (untrained),471,0.942,0.3173948526382446,0.613588110403397,0.942,0.0452389977872371,0.3375796178343949
token_entropy (untrained),472,0.944,0.3181500434875488,0.614406779661017,0.944,0.0443914085626602,0.3389830508474576
token_entropy (untrained),473,0.946,0.3181804716587066,0.6131078224101479,0.946,0.0428833067417144,0.3403805496828753
token_entropy (untrained),474,0.948,0.3187784254550934,0.6118143459915611,0.948,0.0423021949827671,0.34177215189873417
token_entropy (untrained),475,0.95,0.3193391561508178,0.6126315789473684,0.95,0.0401250682771205,0.3431578947368421
token_entropy (untrained),476,0.952,0.3211371898651123,0.6134453781512605,0.952,0.0399797447025775,0.3445378151260504
token_entropy (untrained),477,0.954,0.3247349262237549,0.6142557651991615,0.954,0.0394346378743648,0.3438155136268344
token_entropy (untrained),478,0.956,0.3258385956287384,0.6150627615062761,0.956,0.0378940254449844,0.34518828451882844
token_entropy (untrained),479,0.958,0.3259122669696808,0.615866388308977,0.958,0.0374389551579952,0.3465553235908142
token_entropy (untrained),480,0.96,0.3278335928916931,0.6166666666666667,0.96,0.0365704670548439,0.34791666666666665
token_entropy (untrained),481,0.962,0.3281788527965545,0.6174636174636174,0.962,0.0364096499979496,0.3471933471933472
token_entropy (untrained),482,0.964,0.3333502113819122,0.6182572614107884,0.964,0.0356254652142524,0.34854771784232363
token_entropy (untrained),483,0.966,0.3402917385101318,0.6190476190476191,0.966,0.0338461995124816,0.3498964803312629
token_entropy (untrained),484,0.968,0.3414336740970611,0.6177685950413223,0.968,0.033709816634655,0.34917355371900827
token_entropy (untrained),485,0.97,0.3418425917625427,0.6185567010309279,0.97,0.0295633878558874,0.35051546391752575
token_entropy (untrained),486,0.972,0.3446633815765381,0.6193415637860082,0.972,0.0289746969938278,0.35185185185185186
token_entropy (untrained),487,0.974,0.3465393483638763,0.6201232032854209,0.974,0.0280156638473272,0.3531827515400411
token_entropy (untrained),488,0.976,0.346588671207428,0.6209016393442623,0.976,0.0276147425174713,0.35450819672131145
token_entropy (untrained),489,0.978,0.3497227132320404,0.621676891615542,0.978,0.0272211339324712,0.3558282208588957
token_entropy (untrained),490,0.98,0.3501863777637481,0.6224489795918368,0.98,0.0269284415990114,0.35714285714285715
token_entropy (untrained),491,0.982,0.3525005280971527,0.6232179226069247,0.982,0.0238938760012388,0.35845213849287166
token_entropy (untrained),492,0.984,0.3526469469070434,0.6239837398373984,0.984,0.0231067314743995,0.3597560975609756
token_entropy (untrained),493,0.986,0.3527431488037109,0.6247464503042597,0.986,0.0215346291661262,0.36105476673427994
token_entropy (untrained),494,0.988,0.357362300157547,0.6255060728744939,0.988,0.0211343467235565,0.3623481781376518
token_entropy (untrained),495,0.99,0.3595459163188934,0.6262626262626263,0.99,0.0195416305214166,0.36363636363636365
token_entropy (untrained),496,0.992,0.3747754096984863,0.6270161290322581,0.992,0.0173090640455484,0.3649193548387097
token_entropy (untrained),497,0.994,0.3808992803096771,0.6277665995975855,0.994,0.0164829157292842,0.36619718309859156
token_entropy (untrained),498,0.996,0.3870128989219665,0.6285140562248996,0.996,0.0145809920504689,0.3674698795180723
token_entropy (untrained),499,0.998,0.3899406492710113,0.6292585170340681,0.998,0.0115274665877223,0.3687374749498998
token_entropy (untrained),500,1.0,0.4063631296157837,0.63,1.0,0.0101891169324517,0.37
context_action,1,0.002,0.0537809106543122,0.0,0.002,0.9999996533281312,0.0
context_action,2,0.004,0.0537809106543122,0.0,0.004,0.999949383248858,0.0
context_action,3,0.006,0.0556671233878487,0.0,0.006,0.9998819914375988,0.0
context_action,4,0.008,0.0556671233878487,0.0,0.008,0.9998035221354205,0.0
context_action,5,0.01,0.0556671233878487,0.0,0.01,0.9997920312546033,0.0
context_action,6,0.012,0.0576154615745411,0.0,0.012,0.99976165083923,0.0
context_action,7,0.014,0.0576154615745411,0.0,0.014,0.9997339751677954,0.0
context_action,8,0.016,0.0576154615745411,0.0,0.016,0.9995890222637596,0.0
context_action,9,0.018,0.0576154615745411,0.0,0.018,0.9993992788520628,0.0
context_action,10,0.02,0.0576154615745411,0.0,0.02,0.999227137314036,0.0
context_action,11,0.022,0.0576154615745411,0.0,0.022,0.9991764694199784,0.0
context_action,12,0.024,0.0596276854191193,0.0,0.024,0.99914965184637,0.0
context_action,13,0.026,0.0596276854191193,0.0,0.026,0.998920871855476,0.0
context_action,14,0.028,0.0596276854191193,0.0,0.028,0.9989166662327582,0.0
context_action,15,0.03,0.0596276854191193,0.0,0.03,0.9988678909694496,0.0
context_action,16,0.032,0.0596276854191193,0.0,0.032,0.9988047755576138,0.0
context_action,17,0.034,0.0596276854191193,0.0,0.034,0.9988047755576138,0.0
context_action,18,0.036,0.0596276854191193,0.0,0.036,0.998762742963987,0.0
context_action,19,0.038,0.061705584705388,0.0,0.038,0.998745519427392,0.0
context_action,20,0.04,0.061705584705388,0.0,0.04,0.9987334434396584,0.0
context_action,21,0.042,0.061705584705388,0.0,0.042,0.9985142100921748,0.0
context_action,22,0.044,0.061705584705388,0.0,0.044,0.9984730678634068,0.0
context_action,23,0.046,0.061705584705388,0.0,0.046,0.9980203267043356,0.0
context_action,24,0.048,0.061705584705388,0.0,0.048,0.997806441950898,0.0
context_action,25,0.05,0.061705584705388,0.0,0.05,0.9977354765352334,0.0
context_action,26,0.052,0.0638509777627194,0.0,0.052,0.9973157931516454,0.0
context_action,27,0.054,0.0638509777627194,0.0,0.054,0.9972200168038116,0.0
context_action,28,0.056,0.0638509777627194,0.0,0.056,0.9971210548413004,0.0
context_action,29,0.058,0.0638509777627194,0.0,0.058,0.9969039123091724,0.0
context_action,30,0.06,0.0638509777627194,0.0,0.06,0.9966452711147882,0.0
context_action,31,0.062,0.0638509777627194,0.0,0.062,0.9962588881108472,0.0
context_action,32,0.064,0.0638509777627194,0.0,0.064,0.9956752065850444,0.0
context_action,33,0.066,0.0660657102893814,0.0,0.066,0.9956648871533562,0.0
context_action,34,0.068,0.0660657102893814,0.0,0.068,0.9955689891902568,0.0
context_action,35,0.07,0.0660657102893814,0.0,0.07,0.9954764469898292,0.0
context_action,36,0.072,0.0660657102893814,0.0,0.072,0.9949442666290368,0.0
context_action,37,0.074,0.0660657102893814,0.0,0.074,0.9945228198406229,0.0
context_action,38,0.076,0.0660657102893814,0.0,0.076,0.9943205547867302,0.0
context_action,39,0.078,0.0683516540246111,0.0,0.078,0.9943205547867302,0.0
context_action,40,0.08,0.0707107052612526,0.0,0.08,0.9941517082509324,0.0
context_action,41,0.082,0.0707107052612526,0.0,0.082,0.9941108645810924,0.0
context_action,42,0.084,0.0736588341343623,0.023809523809523808,0.084,0.9941108645810924,0.0
context_action,43,0.086,0.077467212759568,0.023255813953488372,0.086,0.9941108645810924,0.0
context_action,44,0.088,0.0779632773576373,0.022727272727272728,0.088,0.9938934799716068,0.0
context_action,45,0.09,0.0804874678682623,0.022222222222222223,0.09,0.99275650855645,0.0
context_action,46,0.092,0.0804874678682623,0.021739130434782608,0.092,0.99087194417345,0.0
context_action,47,0.094,0.0810011746588339,0.02127659574468085,0.094,0.9907936744357076,0.0
context_action,48,0.096,0.0815178694862503,0.020833333333333332,0.096,0.9907903096700288,0.0
context_action,49,0.098,0.0848367031410916,0.04081632653061224,0.098,0.9897102232106224,0.0
context_action,50,0.1,0.0857606399216674,0.04,0.1,0.9889234477831566,0.0
context_action,51,0.102,0.0933385995192305,0.058823529411764705,0.102,0.9877130761350932,0.0
context_action,52,0.104,0.1038956320783778,0.057692307692307696,0.104,0.9873253821216892,0.0
context_action,53,0.106,0.1048759679402511,0.05660377358490566,0.106,0.986713619524884,0.0
context_action,54,0.108,0.1048759679402511,0.05555555555555555,0.108,0.9847154082819318,0.0
context_action,55,0.11,0.1050730124905091,0.05454545454545454,0.11,0.9826771335714444,0.0
context_action,56,0.112,0.1052703837160569,0.05357142857142857,0.112,0.9806831202183688,0.0
context_action,57,0.114,0.1054680819948138,0.05263157894736842,0.114,0.9803232981715868,0.0
context_action,58,0.116,0.1054680819948138,0.05172413793103448,0.116,0.9788454845935756,0.0
context_action,59,0.118,0.1062621531937026,0.05084745762711865,0.118,0.9783143962402724,0.0
context_action,60,0.12,0.1076644564644707,0.05,0.12,0.9766547315893712,0.0
context_action,61,0.122,0.1078661087883105,0.04918032786885246,0.122,0.9736711563439614,0.0
context_action,62,0.124,0.1238582308401836,0.06451612903225806,0.124,0.9731360035059948,0.016129032258064516
context_action,63,0.126,0.138665908040756,0.06349206349206349,0.126,0.9687924978288152,0.015873015873015872
context_action,64,0.128,0.1394108944389814,0.0625,0.128,0.966655919398292,0.015625
context_action,65,0.13,0.1395258049690167,0.06153846153846154,0.13,0.9663926035328008,0.015384615384615385
context_action,66,0.132,0.1395832899873668,0.06060606060606061,0.132,0.9620653823488312,0.015151515151515152
context_action,67,0.134,0.1396983195491449,0.05970149253731343,0.134,0.9618350951077762,0.014925373134328358
context_action,68,0.136,0.1398134285022204,0.058823529411764705,0.136,0.9599990456306438,0.014705882352941176
context_action,69,0.138,0.140274658815098,0.057971014492753624,0.138,0.9598885986993166,0.014492753623188406
context_action,70,0.14,0.1635270725866328,0.07142857142857142,0.14,0.95987016249011,0.014285714285714285
context_action,71,0.142,0.164511693112895,0.08450704225352113,0.142,0.959703870847524,0.014084507042253521
context_action,72,0.144,0.2526299654251721,0.08333333333333333,0.144,0.9595926432115046,0.013888888888888888
context_action,73,0.146,0.2526299654251721,0.0958904109589041,0.146,0.9584771230447696,0.0136986301369863
context_action,74,0.148,0.2595770430123623,0.0945945945945946,0.148,0.957642871461044,0.013513513513513514
context_action,75,0.15,0.2666469998878781,0.09333333333333334,0.15,0.9547530996621436,0.013333333333333334
context_action,76,0.152,0.2666469998878781,0.10526315789473684,0.152,0.954219514412538,0.02631578947368421
context_action,77,0.154,0.2666469998878781,0.11688311688311688,0.154,0.95356059639501,0.025974025974025976
context_action,78,0.156,0.2738383006289716,0.1282051282051282,0.156,0.9526230018316232,0.02564102564102564
context_action,79,0.158,0.2738383006289716,0.13924050632911392,0.158,0.9519040284703872,0.02531645569620253
context_action,80,0.16,0.2811491926028652,0.15,0.16,0.9517213271472342,0.025
context_action,81,0.162,0.2885777028053309,0.16049382716049382,0.162,0.9516403357266904,0.024691358024691357
context_action,82,0.164,0.2901318505484728,0.17073170731707318,0.164,0.9515741984310648,0.024390243902439025
context_action,83,0.166,0.2901318505484728,0.1686746987951807,0.166,0.9514858818223884,0.024096385542168676
context_action,84,0.168,0.2961216353975223,0.16666666666666666,0.168,0.9454905441416686,0.023809523809523808
context_action,85,0.17,0.2976994101853849,0.16470588235294117,0.17,0.9427405923535312,0.03529411764705882
context_action,86,0.172,0.2976994101853849,0.16279069767441862,0.172,0.9371103030096654,0.03488372093023256
context_action,87,0.174,0.2976994101853849,0.16091954022988506,0.174,0.9366004521201408,0.034482758620689655
context_action,88,0.176,0.3053794419748825,0.1590909090909091,0.176,0.9361184672792838,0.03409090909090909
context_action,89,0.178,0.3053794419748825,0.15730337078651685,0.178,0.935089529233234,0.033707865168539325
context_action,90,0.18,0.3053794419748825,0.16666666666666666,0.18,0.9316093333942904,0.03333333333333333
context_action,91,0.182,0.3053794419748825,0.16483516483516483,0.182,0.9314025382807296,0.03296703296703297
context_action,92,0.184,0.3131692532606707,0.16304347826086957,0.184,0.9313413395816814,0.03260869565217391
context_action,93,0.186,0.3131692532606707,0.16129032258064516,0.186,0.9312800903129808,0.03225806451612903
context_action,94,0.188,0.3131692532606707,0.1595744680851064,0.188,0.9312494467041998,0.031914893617021274
context_action,95,0.19,0.3131692532606707,0.15789473684210525,0.19,0.9311881215161476,0.031578947368421054
context_action,96,0.192,0.3210659258751335,0.15625,0.192,0.9306956934800268,0.03125
context_action,97,0.194,0.3210659258751335,0.15463917525773196,0.194,0.9268454015887292,0.030927835051546393
context_action,98,0.196,0.3210659258751335,0.15306122448979592,0.196,0.9231851614922978,0.030612244897959183
context_action,99,0.198,0.3210659258751335,0.15151515151515152,0.198,0.9182223270787422,0.030303030303030304
context_action,100,0.2,0.3227156718719717,0.16,0.2,0.917978617088898,0.03
context_action,101,0.202,0.3254247174858073,0.15841584158415842,0.202,0.9179425647124492,0.0297029702970297
context_action,102,0.204,0.3290663170738357,0.1568627450980392,0.204,0.917870416666179,0.029411764705882353
context_action,103,0.206,0.3290663170738357,0.1553398058252427,0.206,0.9140006613510012,0.02912621359223301
context_action,104,0.208,0.3290663170738357,0.15384615384615385,0.208,0.9117730778895552,0.028846153846153848
context_action,105,0.21,0.3290663170738357,0.1523809523809524,0.21,0.9089290893751116,0.02857142857142857
context_action,106,0.212,0.3315311200509775,0.16037735849056603,0.212,0.9085812890766762,0.02830188679245283
context_action,107,0.214,0.334605877181705,0.16822429906542055,0.214,0.9073545639407072,0.037383177570093455
context_action,108,0.216,0.3361485596793855,0.16666666666666666,0.216,0.907178115658128,0.037037037037037035
context_action,109,0.218,0.3371670613664967,0.1651376146788991,0.218,0.9064693025686602,0.045871559633027525
context_action,110,0.22,0.3371670613664967,0.16363636363636364,0.22,0.9028003120906464,0.045454545454545456
context_action,111,0.222,0.3376947449839619,0.17117117117117117,0.222,0.9025900637192472,0.04504504504504504
context_action,112,0.224,0.3376947449839619,0.16964285714285715,0.224,0.9023724054246738,0.044642857142857144
context_action,113,0.226,0.3376947449839619,0.168141592920354,0.226,0.8952557872128756,0.04424778761061947
context_action,114,0.228,0.3388582481057102,0.17543859649122806,0.228,0.8927483432880582,0.043859649122807015
context_action,115,0.23,0.3392444078823174,0.17391304347826086,0.23,0.8901097647669428,0.043478260869565216
context_action,116,0.232,0.3392444078823174,0.1810344827586207,0.232,0.8888728759337495,0.05172413793103448
context_action,117,0.234,0.3407975228808448,0.1794871794871795,0.234,0.888457880420649,0.05128205128205128
context_action,118,0.236,0.3423540642065076,0.1864406779661017,0.236,0.8853024152691472,0.059322033898305086
context_action,119,0.238,0.3453645732687301,0.18487394957983194,0.238,0.8852537954463594,0.058823529411764705
context_action,120,0.24,0.3453645732687301,0.18333333333333332,0.24,0.8851565019844495,0.058333333333333334
context_action,121,0.242,0.3453645732687301,0.18181818181818182,0.242,0.8850591367384205,0.05785123966942149
context_action,122,0.244,0.3454773213566452,0.1885245901639344,0.244,0.8850104271854868,0.05737704918032787
context_action,123,0.246,0.3454773213566452,0.18699186991869918,0.246,0.8849129541980405,0.056910569105691054
context_action,124,0.248,0.3477940618097612,0.1935483870967742,0.248,0.8844245104995879,0.056451612903225805
context_action,125,0.25,0.3700178317692519,0.192,0.25,0.8788065858662989,0.056
context_action,126,0.252,0.3730041969610722,0.19047619047619047,0.252,0.8736618030631511,0.05555555555555555
context_action,127,0.254,0.3732502265399924,0.1889763779527559,0.254,0.8729323764214904,0.05511811023622047
context_action,128,0.256,0.3764939833321058,0.1875,0.256,0.8643973137590407,0.0546875
context_action,129,0.258,0.3797488497871051,0.18604651162790697,0.258,0.8640040378622263,0.06201550387596899
context_action,130,0.26,0.3813803692168285,0.18461538461538463,0.26,0.8640040378622263,0.06153846153846154
context_action,131,0.262,0.3813803692168285,0.183206106870229,0.262,0.8640040378622263,0.061068702290076333
context_action,132,0.264,0.3815714318239768,0.1893939393939394,0.264,0.8638914969381366,0.06060606060606061
context_action,133,0.266,0.3815714318239768,0.19548872180451127,0.266,0.863835197060049,0.06015037593984962
context_action,134,0.268,0.3815714318239768,0.20149253731343283,0.268,0.8637225384527961,0.05970149253731343
context_action,135,0.27,0.3846514185532748,0.2074074074074074,0.27,0.8636661797160399,0.05925925925925926
context_action,136,0.272,0.3846514185532748,0.20588235294117646,0.272,0.8636098013521397,0.058823529411764705
context_action,137,0.274,0.3862908829849366,0.20437956204379562,0.274,0.8636098013521397,0.058394160583941604
context_action,138,0.276,0.3862908829849366,0.2028985507246377,0.276,0.8635534033573046,0.057971014492753624
context_action,139,0.278,0.3879329298897018,0.2014388489208633,0.278,0.8596093630116604,0.05755395683453238
context_action,140,0.28,0.3895775259548347,0.2,0.28,0.8553810012740326,0.05714285714285714
context_action,141,0.282,0.3912246376417964,0.19858156028368795,0.282,0.8553810012740326,0.06382978723404255
context_action,142,0.284,0.391257601106317,0.20422535211267606,0.284,0.8545227369530596,0.06338028169014084
context_action,143,0.286,0.3989239877846169,0.2097902097902098,0.286,0.8545227369530596,0.06293706293706294
context_action,144,0.288,0.3989239877846169,0.2152777777777778,0.288,0.8527854651534585,0.0625
context_action,145,0.29,0.3989239877846169,0.21379310344827587,0.29,0.8522202529423764,0.06206896551724138
context_action,146,0.292,0.4076994439861868,0.2191780821917808,0.292,0.8501678769025935,0.06164383561643835
context_action,147,0.294,0.4076994439861868,0.22448979591836735,0.294,0.8482142973271476,0.061224489795918366
context_action,148,0.296,0.4111615391120991,0.22972972972972974,0.296,0.8403047892663373,0.060810810810810814
context_action,149,0.298,0.4142114368874399,0.22818791946308725,0.298,0.8401119703835649,0.06040268456375839
context_action,150,0.3,0.4162483778109433,0.23333333333333334,0.3,0.8398545853645116,0.06
context_action,151,0.302,0.4162483778109433,0.23841059602649006,0.302,0.8331318195793965,0.059602649006622516
context_action,152,0.304,0.4183721764771875,0.24342105263157895,0.304,0.8328251583744304,0.06578947368421052
context_action,153,0.306,0.4183721764771875,0.24183006535947713,0.306,0.8322133293445678,0.06535947712418301
context_action,154,0.308,0.4272713386788265,0.24675324675324675,0.308,0.8283120670855173,0.06493506493506493
context_action,155,0.31,0.4546603269910016,0.24516129032258063,0.31,0.8254679879613689,0.06451612903225806
context_action,156,0.312,0.4557005140977636,0.24358974358974358,0.312,0.8230375840584327,0.0641025641025641
context_action,157,0.314,0.4561045236899189,0.24203821656050956,0.314,0.8230375840584327,0.06369426751592357
context_action,158,0.316,0.4577820392582608,0.2468354430379747,0.316,0.822731922918528,0.06329113924050633
context_action,159,0.318,0.4583026538044139,0.24528301886792453,0.318,0.8208892552463608,0.06918238993710692
context_action,160,0.32,0.4583026538044139,0.24375,0.32,0.8196525116774146,0.06875
context_action,161,0.322,0.458823359412714,0.2422360248447205,0.322,0.8141053607668881,0.06832298136645963
context_action,162,0.324,0.4609070700251005,0.24074074074074073,0.324,0.8139437738048465,0.06790123456790123
context_action,163,0.326,0.4609070700251005,0.2392638036809816,0.326,0.8138879144965164,0.06748466257668712
context_action,164,0.328,0.4614282141056718,0.24390243902439024,0.328,0.8138879144965164,0.06707317073170732
context_action,165,0.33,0.461949442507657,0.24242424242424243,0.33,0.8138153888222732,0.06666666666666667
context_action,166,0.332,0.4629921477708058,0.24096385542168675,0.332,0.8135250681643899,0.07228915662650602
context_action,167,0.334,0.4632845604364756,0.24550898203592814,0.334,0.8133797770378792,0.0718562874251497
context_action,168,0.336,0.4635136223776336,0.25,0.336,0.8130889331301089,0.07142857142857142
context_action,169,0.338,0.4640351767972229,0.2485207100591716,0.338,0.8036037018436757,0.07100591715976332
context_action,170,0.34,0.4643344912605437,0.2529411764705882,0.34,0.794695593796735,0.07058823529411765
context_action,171,0.342,0.4651643964987339,0.2573099415204678,0.342,0.7929794464063467,0.07017543859649122
context_action,172,0.344,0.4712266332916019,0.2558139534883721,0.344,0.7929794464063467,0.06976744186046512
context_action,173,0.346,0.4712266332916019,0.26011560693641617,0.346,0.7929794464063467,0.06936416184971098
context_action,174,0.348,0.47295148794852,0.26436781609195403,0.348,0.7919170080377139,0.06896551724137931
context_action,175,0.35,0.47295148794852,0.26857142857142857,0.35,0.7861937066427548,0.06857142857142857
context_action,176,0.352,0.4798569555644716,0.2727272727272727,0.352,0.7839666724783458,0.06818181818181818
context_action,177,0.354,0.4809522820059426,0.2768361581920904,0.354,0.7833985829266628,0.06779661016949153
context_action,178,0.356,0.4833473057236175,0.2808988764044944,0.356,0.783317339106727,0.06741573033707865
context_action,179,0.358,0.490803081011132,0.2849162011173184,0.358,0.7832360732453633,0.0670391061452514
context_action,180,0.36,0.4924583550093706,0.2833333333333333,0.36,0.7829107893926073,0.07222222222222222
context_action,181,0.362,0.5015744165198017,0.281767955801105,0.362,0.7825851529055499,0.0718232044198895
context_action,182,0.364,0.5100149335912164,0.2857142857142857,0.364,0.78250368868749,0.07142857142857142
context_action,183,0.366,0.5100149335912164,0.2896174863387978,0.366,0.7822591638084563,0.07103825136612021
context_action,184,0.368,0.5103955514956228,0.29347826086956524,0.368,0.7767393368944921,0.07065217391304347
context_action,185,0.37,0.5134735065619259,0.2918918918918919,0.37,0.7743297327480106,0.07027027027027027
context_action,186,0.372,0.5152023300324312,0.2956989247311828,0.372,0.7731180407592765,0.06989247311827956
context_action,187,0.374,0.5186588444334934,0.2994652406417112,0.374,0.7682254112098804,0.06951871657754011
context_action,188,0.376,0.5186588444334934,0.30319148936170215,0.376,0.7669255987718072,0.06914893617021277
context_action,189,0.378,0.5221135738586227,0.30158730158730157,0.378,0.7657516298940803,0.07407407407407407
context_action,190,0.38,0.5221135738586227,0.30526315789473685,0.38,0.7657516298940803,0.07368421052631578
context_action,191,0.382,0.5222335913611623,0.3036649214659686,0.382,0.7657516298940803,0.07329842931937172
context_action,192,0.384,0.5255661890088046,0.3020833333333333,0.384,0.7646687636141664,0.07291666666666667
context_action,193,0.386,0.5272916010423014,0.3005181347150259,0.386,0.7645078869399076,0.07253886010362694
context_action,194,0.388,0.5272916010423014,0.29896907216494845,0.388,0.7631558259054573,0.07216494845360824
context_action,195,0.39,0.5288921161944136,0.29743589743589743,0.39,0.762396845996742,0.07692307692307693
context_action,196,0.392,0.5296818970137415,0.3010204081632653,0.392,0.7620167287737536,0.07653061224489796
context_action,197,0.394,0.5307404291454064,0.29949238578680204,0.394,0.7620167287737536,0.07614213197969544
context_action,198,0.396,0.5324637634514999,0.30303030303030304,0.396,0.7612552405218523,0.07575757575757576
context_action,199,0.398,0.5366530207330827,0.3065326633165829,0.398,0.7601098758881348,0.07537688442211055
context_action,200,0.4,0.5373671757458011,0.305,0.4,0.7493621271266443,0.075
context_action,201,0.402,0.5377241959506558,0.30845771144278605,0.402,0.7493621271266443,0.07960199004975124
context_action,202,0.404,0.5377241959506558,0.3069306930693069,0.404,0.7490023006924628,0.07920792079207921
context_action,203,0.406,0.5384381199475162,0.3054187192118227,0.406,0.7489122904358309,0.07881773399014778
context_action,204,0.408,0.5384381199475162,0.3088235294117647,0.408,0.7487322055633421,0.0784313725490196
context_action,205,0.41,0.5389139818859506,0.3073170731707317,0.41,0.7472934948061041,0.07804878048780488
context_action,206,0.412,0.5392708318493553,0.3058252427184466,0.412,0.7376089962035255,0.0825242718446602
context_action,207,0.414,0.5471943149604165,0.30434782608695654,0.414,0.7354143486313209,0.0821256038647343
context_action,208,0.416,0.5494361364000638,0.30288461538461536,0.416,0.7327122121903134,0.08173076923076923
context_action,209,0.418,0.5497911834433711,0.3062200956937799,0.418,0.7326478259774367,0.0861244019138756
context_action,210,0.42,0.5554945593766581,0.3047619047619048,0.42,0.7296312190767396,0.08571428571428572
context_action,211,0.422,0.5708509505347872,0.3080568720379147,0.422,0.7288029848613921,0.08530805687203792
context_action,212,0.424,0.582676585175756,0.3113207547169811,0.424,0.7267254436177832,0.08490566037735849
context_action,213,0.426,0.5836375076270122,0.3145539906103286,0.426,0.7254741630664642,0.08450704225352113
context_action,214,0.428,0.5854591108578276,0.3177570093457944,0.428,0.7250562790280883,0.08411214953271028
context_action,215,0.43,0.585729976800782,0.3209302325581395,0.43,0.7246380003260509,0.08837209302325581
context_action,216,0.432,0.5942809548725164,0.3194444444444444,0.432,0.7242193273221598,0.08796296296296297
context_action,217,0.434,0.5977285301156758,0.31797235023041476,0.434,0.7242193273221598,0.08755760368663594
context_action,218,0.436,0.5982327029132103,0.3165137614678899,0.436,0.7242193273221598,0.0871559633027523
context_action,219,0.438,0.598736668018045,0.319634703196347,0.438,0.7238002603806417,0.0867579908675799
context_action,220,0.44,0.598736668018045,0.3181818181818182,0.44,0.7233807998681432,0.08636363636363636
context_action,221,0.442,0.6007371941554474,0.3212669683257919,0.442,0.7221200606075626,0.08597285067873303
context_action,222,0.444,0.6007504319501125,0.32432432432432434,0.444,0.7216990295260635,0.09009009009009009
context_action,223,0.446,0.6012533439364389,0.32286995515695066,0.446,0.7132347337317161,0.08968609865470852
context_action,224,0.448,0.6017560423802574,0.32589285714285715,0.448,0.7132347337317161,0.08928571428571429
context_action,225,0.45,0.6022585263127295,0.3244444444444444,0.45,0.7131368093806136,0.08888888888888889
context_action,226,0.452,0.6057066631233428,0.3230088495575221,0.452,0.7125488437615821,0.09292035398230089
context_action,227,0.454,0.6073175254779974,0.32599118942731276,0.454,0.7123526955306828,0.09691629955947137
context_action,228,0.456,0.6155793885918259,0.32894736842105265,0.456,0.7123526955306828,0.10087719298245613
context_action,229,0.458,0.622109251020826,0.3318777292576419,0.458,0.7123526955306828,0.10043668122270742
context_action,230,0.46,0.6253578110599098,0.3347826086956522,0.46,0.7035895999829211,0.1
context_action,231,0.462,0.6291314642911081,0.3333333333333333,0.462,0.7035895999829211,0.1038961038961039
context_action,232,0.464,0.6296189855683747,0.33620689655172414,0.464,0.7006947248125412,0.10344827586206896
context_action,233,0.466,0.6298014084968313,0.33905579399141633,0.466,0.694856734849623,0.10300429184549356
context_action,234,0.468,0.6301547242328619,0.3418803418803419,0.468,0.6915230949849401,0.10256410256410256
context_action,235,0.47,0.6317153628477694,0.3446808510638298,0.47,0.6847305164457448,0.10212765957446808
context_action,236,0.472,0.6395282006543135,0.3474576271186441,0.472,0.6847305164457448,0.1016949152542373
context_action,237,0.474,0.6404945888440938,0.3459915611814346,0.474,0.6821515465142425,0.10126582278481013
context_action,238,0.476,0.6419420347779013,0.3487394957983193,0.476,0.6820077951658824,0.10084033613445378
context_action,239,0.478,0.6433868977327087,0.3472803347280335,0.478,0.6747948172456208,0.100418410041841
context_action,240,0.48,0.6481841765911405,0.35,0.48,0.6745846721829043,0.1
context_action,241,0.482,0.6500346441659532,0.35269709543568467,0.482,0.6736206702560372,0.0995850622406639
context_action,242,0.484,0.6516074584256657,0.3512396694214876,0.484,0.6734101336792228,0.09917355371900827
context_action,243,0.486,0.6531769755319363,0.35390946502057613,0.486,0.6734101336792228,0.09876543209876543
context_action,244,0.488,0.6578654741573385,0.35655737704918034,0.488,0.6733048391657501,0.09836065573770492
context_action,245,0.49,0.6594215342502934,0.3551020408163265,0.49,0.673094197727246,0.09795918367346938
context_action,246,0.492,0.6609741643675666,0.35365853658536583,0.492,0.6721454479952483,0.0975609756097561
context_action,247,0.494,0.6625233387754311,0.3522267206477733,0.494,0.6721454479952483,0.10121457489878542
context_action,248,0.496,0.6640690320197391,0.3548387096774194,0.496,0.671406557531304,0.10080645161290322
context_action,249,0.498,0.6656112189269812,0.357429718875502,0.498,0.671406557531304,0.10040160642570281
context_action,250,0.5,0.6656112189269812,0.36,0.5,0.6713009323556944,0.1
context_action,251,0.502,0.6713009323556944,0.36254980079681276,0.502,0.6656112189269812,0.099601593625498
context_action,252,0.504,0.671406557531304,0.36507936507936506,0.504,0.6656112189269812,0.0992063492063492
context_action,253,0.506,0.671406557531304,0.3675889328063241,0.506,0.6640690320197391,0.09881422924901186
context_action,254,0.508,0.6721454479952483,0.3700787401574803,0.508,0.6625233387754311,0.10236220472440945
context_action,255,0.51,0.6721454479952483,0.3686274509803922,0.51,0.6609741643675666,0.10588235294117647
context_action,256,0.512,0.673094197727246,0.37109375,0.512,0.6594215342502934,0.109375
context_action,257,0.514,0.6733048391657501,0.3735408560311284,0.514,0.6578654741573385,0.10894941634241245
context_action,258,0.516,0.6734101336792228,0.375968992248062,0.516,0.6531769755319363,0.10852713178294573
context_action,259,0.518,0.6734101336792228,0.3783783783783784,0.518,0.6516074584256657,0.11196911196911197
context_action,260,0.52,0.6736206702560372,0.38076923076923075,0.52,0.6500346441659532,0.11153846153846154
context_action,261,0.522,0.6745846721829043,0.3831417624521073,0.522,0.6481841765911405,0.1111111111111111
context_action,262,0.524,0.6747948172456208,0.38549618320610685,0.524,0.6433868977327087,0.11450381679389313
context_action,263,0.526,0.6820077951658824,0.38783269961977185,0.526,0.6419420347779013,0.11406844106463879
context_action,264,0.528,0.6821515465142425,0.39015151515151514,0.528,0.6404945888440938,0.11742424242424243
context_action,265,0.53,0.6847305164457448,0.39245283018867927,0.53,0.6395282006543135,0.1169811320754717
context_action,266,0.532,0.6847305164457448,0.39473684210526316,0.532,0.6317153628477694,0.11654135338345864
context_action,267,0.534,0.6915230949849401,0.3970037453183521,0.534,0.6301547242328619,0.11610486891385768
context_action,268,0.536,0.694856734849623,0.39925373134328357,0.536,0.6298014084968313,0.11567164179104478
context_action,269,0.538,0.7006947248125412,0.40148698884758366,0.538,0.6296189855683747,0.11524163568773234
context_action,270,0.54,0.7035895999829211,0.40370370370370373,0.54,0.6291314642911081,0.11851851851851852
context_action,271,0.542,0.7035895999829211,0.4022140221402214,0.542,0.6253578110599098,0.11808118081180811
context_action,272,0.544,0.7123526955306828,0.4007352941176471,0.544,0.622109251020826,0.11764705882352941
context_action,273,0.546,0.7123526955306828,0.3992673992673993,0.546,0.6155793885918259,0.11721611721611722
context_action,274,0.548,0.7123526955306828,0.40145985401459855,0.548,0.6073175254779974,0.11678832116788321
context_action,275,0.55,0.7125488437615821,0.4,0.55,0.6057066631233428,0.12
context_action,276,0.552,0.7131368093806136,0.40217391304347827,0.552,0.6022585263127295,0.12318840579710146
context_action,277,0.554,0.7132347337317161,0.4043321299638989,0.554,0.6017560423802574,0.12274368231046931
context_action,278,0.556,0.7132347337317161,0.4064748201438849,0.556,0.6012533439364389,0.12589928057553956
context_action,279,0.558,0.7216990295260635,0.4050179211469534,0.558,0.6007504319501125,0.12544802867383512
context_action,280,0.56,0.7221200606075626,0.40714285714285714,0.56,0.6007371941554474,0.125
context_action,281,0.562,0.7233807998681432,0.4092526690391459,0.562,0.598736668018045,0.12455516014234876
context_action,282,0.564,0.7238002603806417,0.41134751773049644,0.564,0.598736668018045,0.1276595744680851
context_action,283,0.566,0.7242193273221598,0.4134275618374558,0.566,0.5982327029132103,0.13074204946996468
context_action,284,0.568,0.7242193273221598,0.4154929577464789,0.568,0.5977285301156758,0.13380281690140844
context_action,285,0.57,0.7242193273221598,0.41754385964912283,0.57,0.5942809548725164,0.1368421052631579
context_action,286,0.572,0.7246380003260509,0.4160839160839161,0.572,0.585729976800782,0.13636363636363635
context_action,287,0.574,0.7250562790280883,0.4181184668989547,0.574,0.5854591108578276,0.13588850174216027
context_action,288,0.576,0.7254741630664642,0.4201388888888889,0.576,0.5836375076270122,0.13541666666666666
context_action,289,0.578,0.7267254436177832,0.42214532871972316,0.578,0.582676585175756,0.13494809688581316
context_action,290,0.58,0.7288029848613921,0.4241379310344828,0.58,0.5708509505347872,0.13448275862068965
context_action,291,0.582,0.7296312190767396,0.4261168384879725,0.582,0.5554945593766581,0.13745704467353953
context_action,292,0.584,0.7326478259774367,0.4246575342465753,0.584,0.5497911834433711,0.136986301369863
context_action,293,0.586,0.7327122121903134,0.42662116040955633,0.586,0.5494361364000638,0.13993174061433447
context_action,294,0.588,0.7354143486313209,0.42857142857142855,0.588,0.5471943149604165,0.14285714285714285
context_action,295,0.59,0.7376089962035255,0.4271186440677966,0.59,0.5392708318493553,0.14576271186440679
context_action,296,0.592,0.7472934948061041,0.42905405405405406,0.592,0.5389139818859506,0.14864864864864866
context_action,297,0.594,0.7487322055633421,0.43097643097643096,0.594,0.5384381199475162,0.15151515151515152
context_action,298,0.596,0.7489122904358309,0.43288590604026844,0.596,0.5384381199475162,0.15100671140939598
context_action,299,0.598,0.7490023006924628,0.43478260869565216,0.598,0.5377241959506558,0.1505016722408027
context_action,300,0.6,0.7493621271266443,0.43666666666666665,0.6,0.5377241959506558,0.15333333333333332
context_action,301,0.602,0.7493621271266443,0.43521594684385384,0.602,0.5373671757458011,0.15614617940199335
context_action,302,0.604,0.7601098758881348,0.4370860927152318,0.604,0.5366530207330827,0.15562913907284767
context_action,303,0.606,0.7612552405218523,0.4389438943894389,0.606,0.5324637634514999,0.1551155115511551
context_action,304,0.608,0.7620167287737536,0.4407894736842105,0.608,0.5307404291454064,0.15789473684210525
context_action,305,0.61,0.7620167287737536,0.4426229508196721,0.61,0.5296818970137415,0.15737704918032788
context_action,306,0.612,0.762396845996742,0.4411764705882353,0.612,0.5288921161944136,0.16013071895424835
context_action,307,0.614,0.7631558259054573,0.44299674267100975,0.614,0.5272916010423014,0.16286644951140064
context_action,308,0.616,0.7645078869399076,0.4448051948051948,0.616,0.5272916010423014,0.16558441558441558
context_action,309,0.618,0.7646687636141664,0.44660194174757284,0.618,0.5255661890088046,0.16828478964401294
context_action,310,0.62,0.7657516298940803,0.44516129032258067,0.62,0.5222335913611623,0.17096774193548386
context_action,311,0.622,0.7657516298940803,0.44694533762057875,0.622,0.5221135738586227,0.17363344051446947
context_action,312,0.624,0.7657516298940803,0.44871794871794873,0.624,0.5221135738586227,0.17307692307692307
context_action,313,0.626,0.7669255987718072,0.4504792332268371,0.626,0.5186588444334934,0.17252396166134185
context_action,314,0.628,0.7682254112098804,0.45222929936305734,0.628,0.5186588444334934,0.17197452229299362
context_action,315,0.63,0.7731180407592765,0.45396825396825397,0.63,0.5152023300324312,0.17142857142857143
context_action,316,0.632,0.7743297327480106,0.45569620253164556,0.632,0.5134735065619259,0.17405063291139242
context_action,317,0.634,0.7767393368944921,0.45741324921135645,0.634,0.5103955514956228,0.17350157728706625
context_action,318,0.636,0.7822591638084563,0.4591194968553459,0.636,0.5100149335912164,0.17295597484276728
context_action,319,0.638,0.78250368868749,0.4608150470219436,0.638,0.5100149335912164,0.1724137931034483
context_action,320,0.64,0.7825851529055499,0.4625,0.64,0.5015744165198017,0.175
context_action,321,0.642,0.7829107893926073,0.46105919003115264,0.642,0.4924583550093706,0.17757009345794392
context_action,322,0.644,0.7832360732453633,0.46273291925465837,0.644,0.490803081011132,0.17701863354037267
context_action,323,0.646,0.783317339106727,0.46439628482972134,0.646,0.4833473057236175,0.17647058823529413
context_action,324,0.648,0.7833985829266628,0.4660493827160494,0.648,0.4809522820059426,0.17592592592592593
context_action,325,0.65,0.7839666724783458,0.4676923076923077,0.65,0.4798569555644716,0.1753846153846154
context_action,326,0.652,0.7861937066427548,0.46932515337423314,0.652,0.47295148794852,0.17484662576687116
context_action,327,0.654,0.7919170080377139,0.4709480122324159,0.654,0.47295148794852,0.1743119266055046
context_action,328,0.656,0.7929794464063467,0.4725609756097561,0.656,0.4712266332916019,0.17682926829268292
context_action,329,0.658,0.7929794464063467,0.47416413373860183,0.658,0.4712266332916019,0.1762917933130699
context_action,330,0.66,0.7929794464063467,0.47575757575757577,0.66,0.4651643964987339,0.17575757575757575
context_action,331,0.662,0.794695593796735,0.4773413897280967,0.662,0.4643344912605437,0.17522658610271905
context_action,332,0.664,0.8036037018436757,0.4789156626506024,0.664,0.4640351767972229,0.17771084337349397
context_action,333,0.666,0.8130889331301089,0.4804804804804805,0.666,0.4635136223776336,0.17717717717717718
context_action,334,0.668,0.8133797770378792,0.4820359281437126,0.668,0.4632845604364756,0.17664670658682635
context_action,335,0.67,0.8135250681643899,0.48059701492537316,0.67,0.4629921477708058,0.1791044776119403
context_action,336,0.672,0.8138153888222732,0.48214285714285715,0.672,0.461949442507657,0.18154761904761904
context_action,337,0.674,0.8138879144965164,0.4836795252225519,0.674,0.4614282141056718,0.18100890207715134
context_action,338,0.676,0.8138879144965164,0.48520710059171596,0.676,0.4609070700251005,0.1834319526627219
context_action,339,0.678,0.8139437738048465,0.48672566371681414,0.678,0.4609070700251005,0.18584070796460178
context_action,340,0.68,0.8141053607668881,0.48823529411764705,0.68,0.458823359412714,0.18823529411764706
context_action,341,0.682,0.8196525116774146,0.4897360703812317,0.682,0.4583026538044139,0.1906158357771261
context_action,342,0.684,0.8208892552463608,0.48830409356725146,0.684,0.4583026538044139,0.19298245614035087
context_action,343,0.686,0.822731922918528,0.4897959183673469,0.686,0.4577820392582608,0.1924198250728863
context_action,344,0.688,0.8230375840584327,0.49127906976744184,0.688,0.4561045236899189,0.19476744186046513
context_action,345,0.69,0.8230375840584327,0.4927536231884058,0.69,0.4557005140977636,0.19710144927536233
context_action,346,0.692,0.8254679879613689,0.49421965317919075,0.692,0.4546603269910016,0.1994219653179191
context_action,347,0.694,0.8283120670855173,0.4956772334293948,0.694,0.4272713386788265,0.1988472622478386
context_action,348,0.696,0.8322133293445678,0.49712643678160917,0.696,0.4183721764771875,0.19827586206896552
context_action,349,0.698,0.8328251583744304,0.49570200573065903,0.698,0.4183721764771875,0.20057306590257878
context_action,350,0.7,0.8331318195793965,0.49714285714285716,0.7,0.4162483778109433,0.2
context_action,351,0.702,0.8398545853645116,0.4985754985754986,0.702,0.4162483778109433,0.19943019943019943
context_action,352,0.704,0.8401119703835649,0.5,0.704,0.4142114368874399,0.20170454545454544
context_action,353,0.706,0.8403047892663373,0.5014164305949008,0.706,0.4111615391120991,0.20113314447592068
context_action,354,0.708,0.8482142973271476,0.5028248587570622,0.708,0.4076994439861868,0.20056497175141244
context_action,355,0.71,0.8501678769025935,0.504225352112676,0.71,0.4076994439861868,0.2
context_action,356,0.712,0.8522202529423764,0.5056179775280899,0.712,0.3989239877846169,0.199438202247191
context_action,357,0.714,0.8527854651534585,0.5070028011204482,0.714,0.3989239877846169,0.19887955182072828
context_action,358,0.716,0.8545227369530596,0.5083798882681564,0.716,0.3989239877846169,0.2011173184357542
context_action,359,0.718,0.8545227369530596,0.5097493036211699,0.718,0.391257601106317,0.20055710306406685
context_action,360,0.72,0.8553810012740326,0.5111111111111111,0.72,0.3912246376417964,0.20277777777777778
context_action,361,0.722,0.8553810012740326,0.5096952908587258,0.722,0.3895775259548347,0.20498614958448755
context_action,362,0.724,0.8596093630116604,0.511049723756906,0.724,0.3879329298897018,0.20718232044198895
context_action,363,0.726,0.8635534033573046,0.512396694214876,0.726,0.3862908829849366,0.209366391184573
context_action,364,0.728,0.8636098013521397,0.5137362637362637,0.728,0.3862908829849366,0.21153846153846154
context_action,365,0.73,0.8636098013521397,0.5150684931506849,0.73,0.3846514185532748,0.21095890410958903
context_action,366,0.732,0.8636661797160399,0.5163934426229508,0.732,0.3846514185532748,0.21311475409836064
context_action,367,0.734,0.8637225384527961,0.5177111716621253,0.734,0.3815714318239768,0.2125340599455041
context_action,368,0.736,0.863835197060049,0.5190217391304348,0.736,0.3815714318239768,0.21195652173913043
context_action,369,0.738,0.8638914969381366,0.5203252032520326,0.738,0.3815714318239768,0.21138211382113822
context_action,370,0.74,0.8640040378622263,0.518918918918919,0.74,0.3813803692168285,0.21351351351351353
context_action,371,0.742,0.8640040378622263,0.5202156334231806,0.742,0.3813803692168285,0.215633423180593
context_action,372,0.744,0.8640040378622263,0.521505376344086,0.744,0.3797488497871051,0.21774193548387097
context_action,373,0.746,0.8643973137590407,0.5227882037533512,0.746,0.3764939833321058,0.21983914209115282
context_action,374,0.748,0.8729323764214904,0.5240641711229946,0.748,0.3732502265399924,0.22192513368983957
context_action,375,0.75,0.8736618030631511,0.5253333333333333,0.75,0.3730041969610722,0.224
context_action,376,0.752,0.8788065858662989,0.526595744680851,0.752,0.3700178317692519,0.22606382978723405
context_action,377,0.754,0.8844245104995879,0.5278514588859416,0.754,0.3477940618097612,0.22546419098143236
context_action,378,0.756,0.8849129541980405,0.5291005291005291,0.756,0.3454773213566452,0.22486772486772486
context_action,379,0.758,0.8850104271854868,0.5303430079155673,0.758,0.3454773213566452,0.22691292875989447
context_action,380,0.76,0.8850591367384205,0.531578947368421,0.76,0.3453645732687301,0.22894736842105262
context_action,381,0.762,0.8851565019844495,0.5328083989501312,0.762,0.3453645732687301,0.23097112860892388
context_action,382,0.764,0.8852537954463594,0.5340314136125655,0.764,0.3453645732687301,0.23298429319371727
context_action,383,0.766,0.8853024152691472,0.5326370757180157,0.766,0.3423540642065076,0.23237597911227154
context_action,384,0.768,0.888457880420649,0.5338541666666666,0.768,0.3407975228808448,0.234375
context_action,385,0.77,0.8888728759337495,0.5324675324675324,0.77,0.3392444078823174,0.23636363636363636
context_action,386,0.772,0.8901097647669428,0.533678756476684,0.772,0.3392444078823174,0.23575129533678757
context_action,387,0.774,0.8927483432880582,0.5348837209302325,0.774,0.3388582481057102,0.2351421188630491
context_action,388,0.776,0.8952557872128756,0.5360824742268041,0.776,0.3376947449839619,0.2345360824742268
context_action,389,0.778,0.9023724054246738,0.5372750642673522,0.778,0.3376947449839619,0.2365038560411311
context_action,390,0.78,0.9025900637192472,0.5384615384615384,0.78,0.3376947449839619,0.23846153846153847
context_action,391,0.782,0.9028003120906464,0.5396419437340153,0.782,0.3371670613664967,0.24040920716112532
context_action,392,0.784,0.9064693025686602,0.5382653061224489,0.784,0.3371670613664967,0.2423469387755102
context_action,393,0.786,0.907178115658128,0.539440203562341,0.786,0.3361485596793855,0.24427480916030533
context_action,394,0.788,0.9073545639407072,0.5380710659898477,0.788,0.334605877181705,0.2436548223350254
context_action,395,0.79,0.9085812890766762,0.5392405063291139,0.79,0.3315311200509775,0.2430379746835443
context_action,396,0.792,0.9089290893751116,0.5404040404040404,0.792,0.3290663170738357,0.24494949494949494
context_action,397,0.794,0.9117730778895552,0.5415617128463476,0.794,0.3290663170738357,0.24685138539042822
context_action,398,0.796,0.9140006613510012,0.542713567839196,0.796,0.3290663170738357,0.24874371859296482
context_action,399,0.798,0.917870416666179,0.543859649122807,0.798,0.3290663170738357,0.2506265664160401
context_action,400,0.8,0.9179425647124492,0.545,0.8,0.3254247174858073,0.2525
context_action,401,0.802,0.917978617088898,0.5461346633416458,0.802,0.3227156718719717,0.2518703241895262
context_action,402,0.804,0.9182223270787422,0.5472636815920398,0.804,0.3210659258751335,0.2537313432835821
context_action,403,0.806,0.9231851614922978,0.5483870967741935,0.806,0.3210659258751335,0.2555831265508685
context_action,404,0.808,0.9268454015887292,0.5495049504950495,0.808,0.3210659258751335,0.25742574257425743
context_action,405,0.81,0.9306956934800268,0.5506172839506173,0.81,0.3210659258751335,0.25925925925925924
context_action,406,0.812,0.9311881215161476,0.5517241379310345,0.812,0.3131692532606707,0.26108374384236455
context_action,407,0.814,0.9312494467041998,0.5528255528255528,0.814,0.3131692532606707,0.2628992628992629
context_action,408,0.816,0.9312800903129808,0.553921568627451,0.816,0.3131692532606707,0.2647058823529412
context_action,409,0.818,0.9313413395816814,0.5550122249388753,0.818,0.3131692532606707,0.2665036674816626
context_action,410,0.82,0.9314025382807296,0.5560975609756098,0.82,0.3053794419748825,0.2682926829268293
context_action,411,0.822,0.9316093333942904,0.5571776155717761,0.822,0.3053794419748825,0.27007299270072993
context_action,412,0.824,0.935089529233234,0.558252427184466,0.824,0.3053794419748825,0.26941747572815533
context_action,413,0.826,0.9361184672792838,0.559322033898305,0.826,0.3053794419748825,0.2711864406779661
context_action,414,0.828,0.9366004521201408,0.5603864734299517,0.828,0.2976994101853849,0.27294685990338163
context_action,415,0.83,0.9371103030096654,0.5614457831325301,0.83,0.2976994101853849,0.2746987951807229
context_action,416,0.832,0.9427405923535312,0.5600961538461539,0.832,0.2976994101853849,0.2764423076923077
context_action,417,0.834,0.9454905441416686,0.5611510791366906,0.834,0.2961216353975223,0.27817745803357313
context_action,418,0.836,0.9514858818223884,0.562200956937799,0.836,0.2901318505484728,0.27751196172248804
context_action,419,0.838,0.9515741984310648,0.5632458233890215,0.838,0.2901318505484728,0.27923627684964203
context_action,420,0.84,0.9516403357266904,0.5642857142857143,0.84,0.2885777028053309,0.2785714285714286
context_action,421,0.842,0.9517213271472342,0.5653206650831354,0.842,0.2811491926028652,0.27790973871733965
context_action,422,0.844,0.9519040284703872,0.566350710900474,0.844,0.2738383006289716,0.2772511848341232
context_action,423,0.846,0.9526230018316232,0.5673758865248227,0.846,0.2738383006289716,0.2765957446808511
context_action,424,0.848,0.95356059639501,0.5683962264150944,0.848,0.2666469998878781,0.2783018867924528
context_action,425,0.85,0.954219514412538,0.5670588235294117,0.85,0.2666469998878781,0.2776470588235294
context_action,426,0.852,0.9547530996621436,0.568075117370892,0.852,0.2666469998878781,0.27699530516431925
context_action,427,0.854,0.957642871461044,0.5690866510538641,0.854,0.2595770430123623,0.2786885245901639
context_action,428,0.856,0.9584771230447696,0.5700934579439252,0.856,0.2526299654251721,0.2803738317757009
context_action,429,0.858,0.9595926432115046,0.5710955710955711,0.858,0.2526299654251721,0.27972027972027974
context_action,430,0.86,0.959703870847524,0.5720930232558139,0.86,0.164511693112895,0.27906976744186046
context_action,431,0.862,0.95987016249011,0.5730858468677494,0.862,0.1635270725866328,0.27842227378190254
context_action,432,0.864,0.9598885986993166,0.5740740740740741,0.864,0.140274658815098,0.2800925925925926
context_action,433,0.866,0.9599990456306438,0.5750577367205543,0.866,0.1398134285022204,0.2817551963048499
context_action,434,0.868,0.9618350951077762,0.576036866359447,0.868,0.1396983195491449,0.2834101382488479
context_action,435,0.87,0.9620653823488312,0.5770114942528736,0.87,0.1395832899873668,0.2850574712643678
context_action,436,0.872,0.9663926035328008,0.5779816513761468,0.872,0.1395258049690167,0.286697247706422
context_action,437,0.874,0.966655919398292,0.5789473684210527,0.874,0.1394108944389814,0.28832951945080093
context_action,438,0.876,0.9687924978288152,0.5799086757990868,0.876,0.138665908040756,0.2899543378995434
context_action,439,0.878,0.9731360035059948,0.5785876993166287,0.878,0.1238582308401836,0.28929384965831434
context_action,440,0.88,0.9736711563439614,0.5795454545454546,0.88,0.1078661087883105,0.2909090909090909
context_action,441,0.882,0.9766547315893712,0.5804988662131519,0.882,0.1076644564644707,0.2925170068027211
context_action,442,0.884,0.9783143962402724,0.581447963800905,0.884,0.1062621531937026,0.29411764705882354
context_action,443,0.886,0.9788454845935756,0.582392776523702,0.886,0.1054680819948138,0.29571106094808125
context_action,444,0.888,0.9803232981715868,0.5833333333333334,0.888,0.1054680819948138,0.2972972972972973
context_action,445,0.89,0.9806831202183688,0.5842696629213483,0.89,0.1052703837160569,0.298876404494382
context_action,446,0.892,0.9826771335714444,0.5852017937219731,0.892,0.1050730124905091,0.3004484304932735
context_action,447,0.894,0.9847154082819318,0.5861297539149888,0.894,0.1048759679402511,0.30201342281879195
context_action,448,0.896,0.986713619524884,0.5870535714285714,0.896,0.1048759679402511,0.30357142857142855
context_action,449,0.898,0.9873253821216892,0.5879732739420935,0.898,0.1038956320783778,0.3051224944320713
context_action,450,0.9,0.9877130761350932,0.5888888888888889,0.9,0.0933385995192305,0.30444444444444446
context_action,451,0.902,0.9889234477831566,0.5898004434589801,0.902,0.0857606399216674,0.30598669623059865
context_action,452,0.904,0.9897102232106224,0.5907079646017699,0.904,0.0848367031410916,0.3053097345132743
context_action,453,0.906,0.9907903096700288,0.5916114790286976,0.906,0.0815178694862503,0.3068432671081678
context_action,454,0.908,0.9907936744357076,0.5925110132158591,0.908,0.0810011746588339,0.30837004405286345
context_action,455,0.91,0.99087194417345,0.5934065934065934,0.91,0.0804874678682623,0.3098901098901099
context_action,456,0.912,0.99275650855645,0.5942982456140351,0.912,0.0804874678682623,0.31140350877192985
context_action,457,0.914,0.9938934799716068,0.5951859956236324,0.914,0.0779632773576373,0.31291028446389496
context_action,458,0.916,0.9941108645810924,0.5960698689956332,0.916,0.077467212759568,0.314410480349345
context_action,459,0.918,0.9941108645810924,0.5969498910675382,0.918,0.0736588341343623,0.3137254901960784
context_action,460,0.92,0.9941108645810924,0.5978260869565217,0.92,0.0707107052612526,0.31521739130434784
context_action,461,0.922,0.9941517082509324,0.5986984815618221,0.922,0.0707107052612526,0.31670281995661603
context_action,462,0.924,0.9943205547867302,0.5995670995670995,0.924,0.0683516540246111,0.3181818181818182
context_action,463,0.926,0.9943205547867302,0.6004319654427646,0.926,0.0660657102893814,0.31965442764578833
context_action,464,0.928,0.9945228198406229,0.6012931034482759,0.928,0.0660657102893814,0.32112068965517243
context_action,465,0.93,0.9949442666290368,0.6021505376344086,0.93,0.0660657102893814,0.3225806451612903
context_action,466,0.932,0.9954764469898292,0.6030042918454935,0.932,0.0660657102893814,0.3240343347639485
context_action,467,0.934,0.9955689891902568,0.6038543897216274,0.934,0.0660657102893814,0.32548179871520344
context_action,468,0.936,0.9956648871533562,0.6047008547008547,0.936,0.0660657102893814,0.3269230769230769
context_action,469,0.938,0.9956752065850444,0.605543710021322,0.938,0.0638509777627194,0.3283582089552239
context_action,470,0.94,0.9962588881108472,0.6063829787234043,0.94,0.0638509777627194,0.32978723404255317
context_action,471,0.942,0.9966452711147882,0.6072186836518046,0.942,0.0638509777627194,0.33121019108280253
context_action,472,0.944,0.9969039123091724,0.6080508474576272,0.944,0.0638509777627194,0.3326271186440678
context_action,473,0.946,0.9971210548413004,0.6088794926004228,0.946,0.0638509777627194,0.33403805496828753
context_action,474,0.948,0.9972200168038116,0.609704641350211,0.948,0.0638509777627194,0.33544303797468356
context_action,475,0.95,0.9973157931516454,0.6105263157894737,0.95,0.0638509777627194,0.3368421052631579
context_action,476,0.952,0.9977354765352334,0.6113445378151261,0.952,0.061705584705388,0.3382352941176471
context_action,477,0.954,0.997806441950898,0.6121593291404612,0.954,0.061705584705388,0.33962264150943394
context_action,478,0.956,0.9980203267043356,0.6129707112970711,0.956,0.061705584705388,0.3410041841004184
context_action,479,0.958,0.9984730678634068,0.6137787056367432,0.958,0.061705584705388,0.34237995824634654
context_action,480,0.96,0.9985142100921748,0.6145833333333334,0.96,0.061705584705388,0.34375
context_action,481,0.962,0.9987334434396584,0.6153846153846154,0.962,0.061705584705388,0.34511434511434513
context_action,482,0.964,0.998745519427392,0.6161825726141079,0.964,0.061705584705388,0.34647302904564314
context_action,483,0.966,0.998762742963987,0.6169772256728778,0.966,0.0596276854191193,0.34782608695652173
context_action,484,0.968,0.9988047755576138,0.6177685950413223,0.968,0.0596276854191193,0.34917355371900827
context_action,485,0.97,0.9988047755576138,0.6185567010309279,0.97,0.0596276854191193,0.35051546391752575
context_action,486,0.972,0.9988678909694496,0.6193415637860082,0.972,0.0596276854191193,0.35185185185185186
context_action,487,0.974,0.9989166662327582,0.6201232032854209,0.974,0.0596276854191193,0.3531827515400411
context_action,488,0.976,0.998920871855476,0.6209016393442623,0.976,0.0596276854191193,0.35450819672131145
context_action,489,0.978,0.99914965184637,0.621676891615542,0.978,0.0596276854191193,0.3558282208588957
context_action,490,0.98,0.9991764694199784,0.6224489795918368,0.98,0.0576154615745411,0.35714285714285715
context_action,491,0.982,0.999227137314036,0.6232179226069247,0.982,0.0576154615745411,0.35845213849287166
context_action,492,0.984,0.9993992788520628,0.6239837398373984,0.984,0.0576154615745411,0.3597560975609756
context_action,493,0.986,0.9995890222637596,0.6247464503042597,0.986,0.0576154615745411,0.36105476673427994
context_action,494,0.988,0.9997339751677954,0.6255060728744939,0.988,0.0576154615745411,0.3623481781376518
context_action,495,0.99,0.99976165083923,0.6262626262626263,0.99,0.0576154615745411,0.36363636363636365
context_action,496,0.992,0.9997920312546033,0.6270161290322581,0.992,0.0556671233878487,0.3649193548387097
context_action,497,0.994,0.9998035221354205,0.6277665995975855,0.994,0.0556671233878487,0.36619718309859156
context_action,498,0.996,0.9998819914375988,0.6285140562248996,0.996,0.0556671233878487,0.3674698795180723
context_action,499,0.998,0.999949383248858,0.6292585170340681,0.998,0.0537809106543122,0.3687374749498998
context_action,500,1.0,0.9999996533281312,0.63,1.0,0.0537809106543122,0.37
token_confidence,1,0.002,0.0022361456956286,0.0,0.002,0.9813613455127794,0.0
token_confidence,2,0.004,0.0022668081209967,0.0,0.004,0.980687173605562,0.0
token_confidence,3,0.006,0.0026655142317647,0.0,0.006,0.9727069993147078,0.0
token_confidence,4,0.008,0.0028711944622763,0.0,0.008,0.969675917862009,0.0
token_confidence,5,0.01,0.0029970331058397,0.0,0.01,0.96924972316947,0.0
token_confidence,6,0.012,0.0053291384659986,0.0,0.012,0.9666822427884784,0.0
token_confidence,7,0.014,0.0055133666236095,0.0,0.014,0.9666599701374364,0.0
token_confidence,8,0.016,0.0064756730930307,0.0,0.016,0.966256970009646,0.0
token_confidence,9,0.018,0.007264128876633,0.0,0.018,0.9661076647938542,0.0
token_confidence,10,0.02,0.0092881238460826,0.0,0.02,0.96105652762766,0.0
token_confidence,11,0.022,0.0114122603162727,0.0,0.022,0.9587213774583344,0.0
token_confidence,12,0.024,0.0175468181879185,0.0,0.024,0.9547782258598072,0.0
token_confidence,13,0.026,0.0204451981728517,0.0,0.026,0.954181226461058,0.0
token_confidence,14,0.028,0.0250836038624214,0.0,0.028,0.9523950307015788,0.0
token_confidence,15,0.03,0.0293708249687296,0.0,0.03,0.9519158124094969,0.0
token_confidence,16,0.032,0.030689625233898,0.0,0.032,0.9507566352064134,0.0
token_confidence,17,0.034,0.0348466134532372,0.0,0.034,0.9497314964094395,0.0
token_confidence,18,0.036,0.0359962491601093,0.0,0.036,0.9489923584855116,0.0
token_confidence,19,0.038,0.0462397031542444,0.0,0.038,0.9454998643968447,0.0
token_confidence,20,0.04,0.0477889008544848,0.0,0.04,0.9450962502039298,0.05
token_confidence,21,0.042,0.0518881144648259,0.0,0.042,0.9412770944069734,0.09523809523809523
token_confidence,22,0.044,0.0549646759654398,0.0,0.044,0.9377173026622982,0.09090909090909091
token_confidence,23,0.046,0.0591560621727976,0.0,0.046,0.9371827919769724,0.08695652173913043
token_confidence,24,0.048,0.0602080177050535,0.041666666666666664,0.048,0.9368570108242286,0.08333333333333333
token_confidence,25,0.05,0.0643000746693783,0.04,0.05,0.9355682980906276,0.08
token_confidence,26,0.052,0.0686969245053692,0.038461538461538464,0.052,0.9341807509621068,0.07692307692307693
token_confidence,27,0.054,0.0690733269939879,0.07407407407407407,0.054,0.9330279351361676,0.07407407407407407
token_confidence,28,0.056,0.0736705593758192,0.07142857142857142,0.056,0.932456381256208,0.07142857142857142
token_confidence,29,0.058,0.0745627461675078,0.10344827586206896,0.058,0.931006318279992,0.06896551724137931
token_confidence,30,0.06,0.0832132168298934,0.1,0.06,0.9300753576322148,0.06666666666666667
token_confidence,31,0.062,0.0834469431172198,0.0967741935483871,0.062,0.9290661200778576,0.06451612903225806
token_confidence,32,0.064,0.0922720940809442,0.09375,0.064,0.9289229130578296,0.0625
token_confidence,33,0.066,0.1046971265935321,0.12121212121212122,0.066,0.9284827342474848,0.09090909090909091
token_confidence,34,0.068,0.1077405568004809,0.11764705882352941,0.068,0.9228973592646916,0.08823529411764706
token_confidence,35,0.07,0.1118799402643492,0.14285714285714285,0.07,0.9211380674430318,0.08571428571428572
token_confidence,36,0.072,0.1128773029396457,0.1388888888888889,0.072,0.9198615291433456,0.08333333333333333
token_confidence,37,0.074,0.116092990137007,0.13513513513513514,0.074,0.9196597725420492,0.08108108108108109
token_confidence,38,0.076,0.1193466863127696,0.13157894736842105,0.076,0.9172980310651868,0.07894736842105263
token_confidence,39,0.078,0.1252577192128149,0.1282051282051282,0.078,0.9165833779485212,0.07692307692307693
token_confidence,40,0.08,0.1352819554102031,0.125,0.08,0.9157626057185814,0.075
token_confidence,41,0.082,0.137172838459662,0.12195121951219512,0.082,0.9155495263569566,0.07317073170731707
token_confidence,42,0.084,0.14177426569431,0.11904761904761904,0.084,0.9142449367795608,0.07142857142857142
token_confidence,43,0.086,0.1486919593131472,0.11627906976744186,0.086,0.913959350034834,0.06976744186046512
token_confidence,44,0.088,0.1496324425093809,0.11363636363636363,0.088,0.9105288261248272,0.06818181818181818
token_confidence,45,0.09,0.1532349275545328,0.13333333333333333,0.09,0.9086414883124344,0.06666666666666667
token_confidence,46,0.092,0.1536341269421929,0.13043478260869565,0.092,0.906868614867834,0.06521739130434782
token_confidence,47,0.094,0.1573184676065791,0.1276595744680851,0.094,0.9064386280828692,0.06382978723404255
token_confidence,48,0.096,0.1595659939012923,0.14583333333333334,0.096,0.9046037357662654,0.0625
token_confidence,49,0.098,0.1622248740206623,0.16326530612244897,0.098,0.9045089700764616,0.061224489795918366
token_confidence,50,0.1,0.1625875886594943,0.16,0.1,0.902942765658564,0.08
token_confidence,51,0.102,0.1648579913828098,0.1568627450980392,0.102,0.8996697917583238,0.0784313725490196
token_confidence,52,0.104,0.1852756603890203,0.15384615384615385,0.104,0.8994130339061285,0.09615384615384616
token_confidence,53,0.106,0.1865095092224673,0.1509433962264151,0.106,0.8988866212599175,0.09433962264150944
token_confidence,54,0.108,0.1878175857402017,0.14814814814814814,0.108,0.8975783703078984,0.09259259259259259
token_confidence,55,0.11,0.1911636487159001,0.14545454545454545,0.11,0.8972740478320328,0.09090909090909091
token_confidence,56,0.112,0.1964537858494025,0.16071428571428573,0.112,0.8970641213188046,0.10714285714285714
token_confidence,57,0.114,0.1979508310333861,0.15789473684210525,0.114,0.8968421467879137,0.10526315789473684
token_confidence,58,0.116,0.203969960764914,0.15517241379310345,0.116,0.8950129456171207,0.10344827586206896
token_confidence,59,0.118,0.2073576989209127,0.1694915254237288,0.118,0.8939686089917543,0.1016949152542373
token_confidence,60,0.12,0.207496571133035,0.16666666666666666,0.12,0.8902055213426845,0.1
token_confidence,61,0.122,0.2126928659765593,0.18032786885245902,0.122,0.8876621396002895,0.09836065573770492
token_confidence,62,0.124,0.2183966644696958,0.1935483870967742,0.124,0.8871305340554123,0.0967741935483871
token_confidence,63,0.126,0.2253936271674056,0.19047619047619047,0.126,0.8870038712703302,0.09523809523809523
token_confidence,64,0.128,0.225820051907023,0.1875,0.128,0.8849378695703879,0.09375
token_confidence,65,0.13,0.2272320436661972,0.18461538461538463,0.13,0.8842580652995878,0.09230769230769231
token_confidence,66,0.132,0.2274634556349511,0.18181818181818182,0.132,0.8832616886831429,0.09090909090909091
token_confidence,67,0.134,0.2327977862897148,0.1791044776119403,0.134,0.8802238962122405,0.08955223880597014
token_confidence,68,0.136,0.2431076137921571,0.17647058823529413,0.136,0.8788525647299478,0.08823529411764706
token_confidence,69,0.138,0.2460845214398479,0.17391304347826086,0.138,0.8760725837865582,0.08695652173913043
token_confidence,70,0.14,0.2471620788024365,0.17142857142857143,0.14,0.8737088831262831,0.08571428571428572
token_confidence,71,0.142,0.2488402720015243,0.18309859154929578,0.142,0.8735067756837149,0.08450704225352113
token_confidence,72,0.144,0.2524010132817377,0.18055555555555555,0.144,0.8729890395353617,0.08333333333333333
token_confidence,73,0.146,0.2567894164962189,0.1780821917808219,0.146,0.871530276373725,0.0821917808219178
token_confidence,74,0.148,0.2589005272294738,0.17567567567567569,0.148,0.8711155321089395,0.08108108108108109
token_confidence,75,0.15,0.2713945855809876,0.18666666666666668,0.15,0.8708625111601189,0.08
token_confidence,76,0.152,0.2758663722714162,0.18421052631578946,0.152,0.8696506121943764,0.07894736842105263
token_confidence,77,0.154,0.2806930419289052,0.18181818181818182,0.154,0.8685710199533608,0.07792207792207792
token_confidence,78,0.156,0.2954905325702304,0.1794871794871795,0.156,0.8681221823711508,0.07692307692307693
token_confidence,79,0.158,0.2964388546278034,0.17721518987341772,0.158,0.866632068341432,0.0759493670886076
token_confidence,80,0.16,0.3012239096346941,0.175,0.16,0.8655172643228451,0.075
token_confidence,81,0.162,0.3018984091361232,0.18518518518518517,0.162,0.8655169954757396,0.08641975308641975
token_confidence,82,0.164,0.3046279343119304,0.18292682926829268,0.164,0.8646499978234531,0.08536585365853659
token_confidence,83,0.166,0.3052250538830452,0.18072289156626506,0.166,0.8632384086572091,0.08433734939759036
token_confidence,84,0.168,0.3073550239187553,0.19047619047619047,0.168,0.8628206541462625,0.08333333333333333
token_confidence,85,0.17,0.3102180052873623,0.18823529411764706,0.17,0.8600823354922902,0.08235294117647059
token_confidence,86,0.172,0.3125311902176144,0.18604651162790697,0.172,0.859592338623053,0.09302325581395349
token_confidence,87,0.174,0.3217504657083611,0.1839080459770115,0.174,0.8587066299289124,0.09195402298850575
token_confidence,88,0.176,0.3238279998789546,0.18181818181818182,0.176,0.8575538589605893,0.09090909090909091
token_confidence,89,0.178,0.3320578253354983,0.1797752808988764,0.178,0.8565953559936081,0.0898876404494382
token_confidence,90,0.18,0.3324415725725804,0.17777777777777778,0.18,0.8542541412433023,0.1
token_confidence,91,0.182,0.3339169139054584,0.17582417582417584,0.182,0.853923945586319,0.0989010989010989
token_confidence,92,0.184,0.3371308157632316,0.18478260869565216,0.184,0.8531541388042956,0.09782608695652174
token_confidence,93,0.186,0.3383420195809759,0.1827956989247312,0.186,0.8525695733749817,0.0967741935483871
token_confidence,94,0.188,0.3670358791240628,0.18085106382978725,0.188,0.8521022776258328,0.09574468085106383
token_confidence,95,0.19,0.3748910585147412,0.17894736842105263,0.19,0.8511124975257078,0.09473684210526316
token_confidence,96,0.192,0.3772118320673803,0.1875,0.192,0.8505130785242762,0.09375
token_confidence,97,0.194,0.3772577956272475,0.1958762886597938,0.194,0.8505084842202099,0.09278350515463918
token_confidence,98,0.196,0.3949471623335768,0.19387755102040816,0.196,0.8488077018440227,0.09183673469387756
token_confidence,99,0.198,0.3983392723516314,0.20202020202020202,0.198,0.8488051210912885,0.09090909090909091
token_confidence,100,0.2,0.4013815250435179,0.2,0.2,0.8487294822218544,0.1
token_confidence,101,0.202,0.4032835280480774,0.19801980198019803,0.202,0.8459280367496589,0.09900990099009901
token_confidence,102,0.204,0.4053632681317985,0.20588235294117646,0.204,0.8457756046155422,0.09803921568627451
token_confidence,103,0.206,0.4060049379123901,0.20388349514563106,0.206,0.8455813230299017,0.0970873786407767
token_confidence,104,0.208,0.4092570300216084,0.21153846153846154,0.208,0.8445288715601051,0.09615384615384616
token_confidence,105,0.21,0.4115230694540658,0.20952380952380953,0.21,0.8442619650664634,0.10476190476190476
token_confidence,106,0.212,0.4127195357044282,0.20754716981132076,0.212,0.8421346825537851,0.10377358490566038
token_confidence,107,0.214,0.4128309944074175,0.205607476635514,0.214,0.8418849351078759,0.102803738317757
token_confidence,108,0.216,0.4170168062030795,0.2037037037037037,0.216,0.8350333214831226,0.10185185185185185
token_confidence,109,0.218,0.4179365070283138,0.21100917431192662,0.218,0.8344253214215598,0.10091743119266056
token_confidence,110,0.22,0.4195338181272542,0.20909090909090908,0.22,0.8339723967700496,0.1
token_confidence,111,0.222,0.4199478448567267,0.21621621621621623,0.222,0.8331577407415466,0.0990990990990991
token_confidence,112,0.224,0.4199541878641032,0.22321428571428573,0.224,0.8329829297519878,0.09821428571428571
token_confidence,113,0.226,0.4249523882680571,0.23008849557522124,0.226,0.8317879952130087,0.09734513274336283
token_confidence,114,0.228,0.4270829343781263,0.23684210526315788,0.228,0.8310450216398779,0.09649122807017543
token_confidence,115,0.23,0.4333755832304972,0.24347826086956523,0.23,0.8281667640698426,0.10434782608695652
token_confidence,116,0.232,0.437130680800096,0.2413793103448276,0.232,0.8253859506770493,0.10344827586206896
token_confidence,117,0.234,0.440005551354534,0.23931623931623933,0.234,0.8239500021179094,0.10256410256410256
token_confidence,118,0.236,0.441645161484796,0.2457627118644068,0.236,0.8224343122126427,0.1016949152542373
token_confidence,119,0.238,0.4499962406822848,0.24369747899159663,0.238,0.8218710024761614,0.10084033613445378
token_confidence,120,0.24,0.4526315072402684,0.24166666666666667,0.24,0.8217930177718472,0.1
token_confidence,121,0.242,0.4543482743363295,0.2396694214876033,0.242,0.8214817912756813,0.10743801652892562
token_confidence,122,0.244,0.4568027615002763,0.2459016393442623,0.244,0.8198300014617144,0.10655737704918032
token_confidence,123,0.246,0.45720093125764,0.24390243902439024,0.246,0.8179389117205067,0.10569105691056911
token_confidence,124,0.248,0.4598334776632599,0.24193548387096775,0.248,0.8172442723421284,0.11290322580645161
token_confidence,125,0.25,0.4605983597457804,0.248,0.25,0.8171650560587772,0.112
token_confidence,126,0.252,0.4642448042526368,0.25396825396825395,0.252,0.813740954600216,0.1111111111111111
token_confidence,127,0.254,0.4654547802922462,0.25196850393700787,0.254,0.81361258726645,0.11023622047244094
token_confidence,128,0.256,0.4676321927022366,0.25,0.256,0.809459783940064,0.109375
token_confidence,129,0.258,0.4683843924125819,0.24806201550387597,0.258,0.8092097504908152,0.10852713178294573
token_confidence,130,0.26,0.4693163093298673,0.24615384615384617,0.26,0.8092019307820535,0.1076923076923077
token_confidence,131,0.262,0.469746612938219,0.25190839694656486,0.262,0.8068906382688432,0.10687022900763359
token_confidence,132,0.264,0.4706089872029669,0.25,0.264,0.8052920352757985,0.10606060606060606
token_confidence,133,0.266,0.4722457290885049,0.24812030075187969,0.266,0.8033824896694377,0.10526315789473684
token_confidence,134,0.268,0.4723137456865827,0.2537313432835821,0.268,0.8028819406209589,0.1044776119402985
token_confidence,135,0.27,0.4730791995166808,0.25925925925925924,0.27,0.8026806135519715,0.1037037037037037
token_confidence,136,0.272,0.4747933412960103,0.25735294117647056,0.272,0.8024301005126637,0.10294117647058823
token_confidence,137,0.274,0.4755579177348452,0.25547445255474455,0.274,0.8022512747669946,0.10218978102189781
token_confidence,138,0.276,0.4839373118916701,0.2608695652173913,0.276,0.7996932375525349,0.10144927536231885
token_confidence,139,0.278,0.4845215342133878,0.2589928057553957,0.278,0.7995607581289749,0.10071942446043165
token_confidence,140,0.28,0.485245574568995,0.2642857142857143,0.28,0.7990971239351876,0.1
token_confidence,141,0.282,0.488690993402285,0.2695035460992908,0.282,0.7979463068275965,0.09929078014184398
token_confidence,142,0.284,0.4889548317023201,0.2676056338028169,0.284,0.7975618430097209,0.09859154929577464
token_confidence,143,0.286,0.4896210206094876,0.26573426573426573,0.286,0.7971382892079707,0.0979020979020979
token_confidence,144,0.288,0.4910836552018118,0.2638888888888889,0.288,0.7951465240791477,0.09722222222222222
token_confidence,145,0.29,0.4972108395153477,0.2620689655172414,0.29,0.7949455246656173,0.09655172413793103
token_confidence,146,0.292,0.5014881463463726,0.2602739726027397,0.292,0.794718812391108,0.0958904109589041
token_confidence,147,0.294,0.5025613046271367,0.2585034013605442,0.294,0.79454078636211,0.09523809523809523
token_confidence,148,0.296,0.5032033091307304,0.25675675675675674,0.296,0.7944939893351529,0.10135135135135136
token_confidence,149,0.298,0.5039671412301033,0.26174496644295303,0.298,0.7944363777404857,0.10067114093959731
token_confidence,150,0.3,0.5044842869826808,0.26666666666666666,0.3,0.7924777621398744,0.1
token_confidence,151,0.302,0.5111640263684004,0.271523178807947,0.302,0.78999609660022,0.09933774834437085
token_confidence,152,0.304,0.5124239586457905,0.27631578947368424,0.304,0.7899929204385435,0.10526315789473684
token_confidence,153,0.306,0.5163540662141846,0.28104575163398693,0.306,0.7887000864212793,0.10457516339869281
token_confidence,154,0.308,0.5167242174295976,0.2792207792207792,0.308,0.7886770552655722,0.1038961038961039
token_confidence,155,0.31,0.5177651717326837,0.2838709677419355,0.31,0.7880840900719067,0.1032258064516129
token_confidence,156,0.312,0.5218758437608859,0.28205128205128205,0.312,0.7876668044558375,0.10256410256410256
token_confidence,157,0.314,0.5219823050763994,0.28662420382165604,0.314,0.7872931798125338,0.10191082802547771
token_confidence,158,0.316,0.5242532097642288,0.2848101265822785,0.316,0.7872005721124784,0.10126582278481013
token_confidence,159,0.318,0.5247345446814022,0.2893081761006289,0.318,0.7864993453082278,0.10062893081761007
token_confidence,160,0.32,0.5322345400031873,0.2875,0.32,0.7861285648132406,0.1
token_confidence,161,0.322,0.5353650754385494,0.2919254658385093,0.322,0.7855934782453496,0.09937888198757763
token_confidence,162,0.324,0.5436268517341742,0.2962962962962963,0.324,0.785172704900527,0.09876543209876543
token_confidence,163,0.326,0.5448828826566442,0.294478527607362,0.326,0.7849087756577816,0.09815950920245399
token_confidence,164,0.328,0.5452662000969661,0.29878048780487804,0.328,0.7811116333564162,0.10365853658536585
token_confidence,165,0.33,0.5501193528245967,0.30303030303030304,0.33,0.7801300949060965,0.10303030303030303
token_confidence,166,0.332,0.5511129834932814,0.3072289156626506,0.332,0.7790753770738891,0.10240963855421686
token_confidence,167,0.334,0.5514999205698732,0.31137724550898205,0.334,0.7786869330155614,0.10179640718562874
token_confidence,168,0.336,0.5518537596390019,0.31547619047619047,0.336,0.7773315995565739,0.10119047619047619
token_confidence,169,0.338,0.5523279095908176,0.31952662721893493,0.338,0.7759567440425548,0.10059171597633136
token_confidence,170,0.34,0.5531164166314233,0.3176470588235294,0.34,0.7757740480418146,0.10588235294117647
token_confidence,171,0.342,0.5537416447082457,0.3157894736842105,0.342,0.77413141557576,0.10526315789473684
token_confidence,172,0.344,0.5541565530856368,0.313953488372093,0.344,0.7739794880879791,0.10465116279069768
token_confidence,173,0.346,0.5573746830080182,0.31213872832369943,0.346,0.7731042115585861,0.10404624277456648
token_confidence,174,0.348,0.5581412974596174,0.3103448275862069,0.348,0.7711492161750784,0.10919540229885058
token_confidence,175,0.35,0.5629337300898497,0.3142857142857143,0.35,0.7707319663002099,0.10857142857142857
token_confidence,176,0.352,0.5651469664635895,0.3181818181818182,0.352,0.7695108360163759,0.10795454545454546
token_confidence,177,0.354,0.5667496112090534,0.3220338983050847,0.354,0.7683884043276473,0.10734463276836158
token_confidence,178,0.356,0.5692483931787313,0.3258426966292135,0.356,0.7675919800962971,0.10674157303370786
token_confidence,179,0.358,0.5705147215680438,0.329608938547486,0.358,0.7671571266134602,0.11173184357541899
token_confidence,180,0.36,0.5711540040363419,0.3333333333333333,0.36,0.766536521412821,0.1111111111111111
token_confidence,181,0.362,0.5718204771821563,0.3370165745856354,0.362,0.7648093140527724,0.11049723756906077
token_confidence,182,0.364,0.5733239020801036,0.33516483516483514,0.364,0.7636560778757577,0.10989010989010989
token_confidence,183,0.366,0.5746510377854744,0.33879781420765026,0.366,0.7636485116023835,0.1092896174863388
token_confidence,184,0.368,0.5752021781199783,0.33695652173913043,0.368,0.7630360719211292,0.10869565217391304
token_confidence,185,0.37,0.5836328056014579,0.34054054054054056,0.37,0.7622166439060887,0.11351351351351352
token_confidence,186,0.372,0.5837596071292863,0.34408602150537637,0.372,0.7603104460089819,0.11290322580645161
token_confidence,187,0.374,0.5854784097933061,0.34759358288770054,0.374,0.75911656379267,0.11229946524064172
token_confidence,188,0.376,0.5861590863858034,0.35106382978723405,0.376,0.7581508957906554,0.11170212765957446
token_confidence,189,0.378,0.5868578121850233,0.3492063492063492,0.378,0.7559736031150732,0.1111111111111111
token_confidence,190,0.38,0.5882514881740439,0.3526315789473684,0.38,0.7558095364312832,0.11052631578947368
token_confidence,191,0.382,0.5884872356588376,0.35602094240837695,0.382,0.7551132123964156,0.11518324607329843
token_confidence,192,0.384,0.5895728347803978,0.3541666666666667,0.384,0.7537326535974583,0.11458333333333333
token_confidence,193,0.386,0.5897117495996201,0.35751295336787564,0.386,0.752564350173108,0.11398963730569948
token_confidence,194,0.388,0.5961395188147706,0.3556701030927835,0.388,0.7515621384868817,0.1134020618556701
token_confidence,195,0.39,0.5966289316443633,0.358974358974359,0.39,0.7500684132874758,0.11282051282051282
token_confidence,196,0.392,0.5967660671870677,0.35714285714285715,0.392,0.7486077229474443,0.11734693877551021
token_confidence,197,0.394,0.5977457445649785,0.3604060913705584,0.394,0.7456448743584841,0.116751269035533
token_confidence,198,0.396,0.5981360384702833,0.35858585858585856,0.396,0.7441660030947203,0.11616161616161616
token_confidence,199,0.398,0.5981686937288386,0.35678391959798994,0.398,0.7431070391367813,0.12060301507537688
token_confidence,200,0.4,0.5991304919577994,0.36,0.4,0.7416472789109315,0.125
token_confidence,201,0.402,0.6000078391854321,0.3582089552238806,0.402,0.7398169776741078,0.12437810945273632
token_confidence,202,0.404,0.6056587007648851,0.3613861386138614,0.404,0.7378986752692137,0.12376237623762376
token_confidence,203,0.406,0.6061532043296429,0.3645320197044335,0.406,0.7376485271566696,0.12315270935960591
token_confidence,204,0.408,0.6073053956998513,0.36764705882352944,0.408,0.7356493747198428,0.12254901960784313
token_confidence,205,0.41,0.6097081483812712,0.36585365853658536,0.41,0.7352032135555158,0.12195121951219512
token_confidence,206,0.412,0.6136310255890259,0.36893203883495146,0.412,0.7346980495093417,0.1262135922330097
token_confidence,207,0.414,0.6165959000552595,0.3719806763285024,0.414,0.7342083468575121,0.12560386473429952
token_confidence,208,0.416,0.6195255539816724,0.3701923076923077,0.416,0.7280962598123513,0.125
token_confidence,209,0.418,0.6222850903797509,0.37320574162679426,0.418,0.7251887712664329,0.1291866028708134
token_confidence,210,0.42,0.6242988700502575,0.37142857142857144,0.42,0.7234913027626029,0.13333333333333333
token_confidence,211,0.422,0.6259980160118201,0.3744075829383886,0.422,0.7220231068180231,0.13270142180094788
token_confidence,212,0.424,0.6273881588457885,0.37735849056603776,0.424,0.7202520529739482,0.1320754716981132
token_confidence,213,0.426,0.6274761944138559,0.38028169014084506,0.426,0.7198805417724724,0.13145539906103287
token_confidence,214,0.428,0.631219226253348,0.37850467289719625,0.428,0.7185750390725173,0.1308411214953271
token_confidence,215,0.43,0.6314065115282294,0.3813953488372093,0.43,0.7185236647229505,0.13023255813953488
token_confidence,216,0.432,0.6328155201739,0.38425925925925924,0.432,0.7180095743026922,0.12962962962962962
token_confidence,217,0.434,0.6330905920311145,0.3870967741935484,0.434,0.7167635962414742,0.12903225806451613
token_confidence,218,0.436,0.6350946735765907,0.38990825688073394,0.436,0.7154803572120417,0.13302752293577982
token_confidence,219,0.438,0.635425746759507,0.3881278538812785,0.438,0.7134266439236574,0.1324200913242009
token_confidence,220,0.44,0.6357300092138494,0.38636363636363635,0.44,0.7125371206207995,0.1318181818181818
token_confidence,221,0.442,0.6371070304215893,0.3891402714932127,0.442,0.7118796724693756,0.13574660633484162
token_confidence,222,0.444,0.6373497036011778,0.38738738738738737,0.444,0.7085620866539962,0.13513513513513514
token_confidence,223,0.446,0.6382461860990695,0.3901345291479821,0.446,0.7084395258165896,0.13452914798206278
token_confidence,224,0.448,0.6388112918820302,0.39285714285714285,0.448,0.7052157338805419,0.13839285714285715
token_confidence,225,0.45,0.6389260630121089,0.39555555555555555,0.45,0.7034053403336421,0.13777777777777778
token_confidence,226,0.452,0.6415713483658942,0.3938053097345133,0.452,0.7005420115209577,0.1415929203539823
token_confidence,227,0.454,0.6420064971906811,0.3964757709251101,0.454,0.7001418416496361,0.14096916299559473
token_confidence,228,0.456,0.6420134980005547,0.3991228070175439,0.456,0.697959486079942,0.14035087719298245
token_confidence,229,0.458,0.6428946349502708,0.4017467248908297,0.458,0.6966513977753483,0.13973799126637554
token_confidence,230,0.46,0.6464201091535833,0.4,0.46,0.6952409436390092,0.14347826086956522
token_confidence,231,0.462,0.6492344690387066,0.39826839826839827,0.462,0.6923678967298931,0.14285714285714285
token_confidence,232,0.464,0.6495137600212766,0.40086206896551724,0.464,0.6921827923894109,0.14224137931034483
token_confidence,233,0.466,0.6505230277666855,0.39914163090128757,0.466,0.6921484566779499,0.14163090128755365
token_confidence,234,0.468,0.6532275344234417,0.3974358974358974,0.468,0.6901056995069474,0.1452991452991453
token_confidence,235,0.47,0.6532518352912539,0.4,0.47,0.6882362872045432,0.14468085106382977
token_confidence,236,0.472,0.6534504992377815,0.4025423728813559,0.472,0.6879663800327543,0.1440677966101695
token_confidence,237,0.474,0.6550892225622721,0.4050632911392405,0.474,0.6851707700640806,0.14345991561181434
token_confidence,238,0.476,0.6571296944776698,0.40336134453781514,0.476,0.683997788454468,0.14285714285714285
token_confidence,239,0.478,0.6575220642230581,0.401673640167364,0.478,0.6825381066110543,0.14225941422594143
token_confidence,240,0.48,0.6578174444403544,0.4041666666666667,0.48,0.6820120628035663,0.14583333333333334
token_confidence,241,0.482,0.658100774869945,0.4024896265560166,0.482,0.6817715573269932,0.14937759336099585
token_confidence,242,0.484,0.6585254102371841,0.40082644628099173,0.484,0.680548018443234,0.15289256198347106
token_confidence,243,0.486,0.6592301057594668,0.40329218106995884,0.486,0.6804539996100729,0.1522633744855967
token_confidence,244,0.488,0.6614627378327308,0.4016393442622951,0.488,0.6795905550533023,0.15163934426229508
token_confidence,245,0.49,0.6621938023741958,0.40408163265306124,0.49,0.6786981754877699,0.15510204081632653
token_confidence,246,0.492,0.6662335388889861,0.4065040650406504,0.492,0.6786904145049081,0.15447154471544716
token_confidence,247,0.494,0.6695763262579759,0.4089068825910931,0.494,0.6773599172512929,0.15384615384615385
token_confidence,248,0.496,0.6700713631282916,0.4112903225806452,0.496,0.6753866999901348,0.1532258064516129
token_confidence,249,0.498,0.6702033207573637,0.41365461847389556,0.498,0.6742468319607683,0.15261044176706828
token_confidence,250,0.5,0.6721159854862806,0.416,0.5,0.6726333145736846,0.156
token_confidence,251,0.502,0.6726333145736846,0.41434262948207173,0.502,0.6721159854862806,0.1553784860557769
token_confidence,252,0.504,0.6742468319607683,0.4166666666666667,0.504,0.6702033207573637,0.15476190476190477
token_confidence,253,0.506,0.6753866999901348,0.4189723320158103,0.506,0.6700713631282916,0.1541501976284585
token_confidence,254,0.508,0.6773599172512929,0.421259842519685,0.508,0.6695763262579759,0.15354330708661418
token_confidence,255,0.51,0.6786904145049081,0.4235294117647059,0.51,0.6662335388889861,0.15294117647058825
token_confidence,256,0.512,0.6786981754877699,0.421875,0.512,0.6621938023741958,0.15234375
token_confidence,257,0.514,0.6795905550533023,0.42412451361867703,0.514,0.6614627378327308,0.1556420233463035
token_confidence,258,0.516,0.6804539996100729,0.4263565891472868,0.516,0.6592301057594668,0.15503875968992248
token_confidence,259,0.518,0.680548018443234,0.4247104247104247,0.518,0.6585254102371841,0.1583011583011583
token_confidence,260,0.52,0.6817715573269932,0.4230769230769231,0.52,0.658100774869945,0.16153846153846155
token_confidence,261,0.522,0.6820120628035663,0.421455938697318,0.522,0.6578174444403544,0.16091954022988506
token_confidence,262,0.524,0.6825381066110543,0.42366412213740456,0.524,0.6575220642230581,0.16412213740458015
token_confidence,263,0.526,0.683997788454468,0.42585551330798477,0.526,0.6571296944776698,0.16730038022813687
token_confidence,264,0.528,0.6851707700640806,0.42803030303030304,0.528,0.6550892225622721,0.16666666666666666
token_confidence,265,0.53,0.6879663800327543,0.43018867924528303,0.53,0.6534504992377815,0.1660377358490566
token_confidence,266,0.532,0.6882362872045432,0.4323308270676692,0.532,0.6532518352912539,0.16541353383458646
token_confidence,267,0.534,0.6901056995069474,0.4307116104868914,0.534,0.6532275344234417,0.16853932584269662
token_confidence,268,0.536,0.6921484566779499,0.43283582089552236,0.536,0.6505230277666855,0.17164179104477612
token_confidence,269,0.538,0.6921827923894109,0.4349442379182156,0.538,0.6495137600212766,0.17100371747211895
token_confidence,270,0.54,0.6923678967298931,0.43703703703703706,0.54,0.6492344690387066,0.17407407407407408
token_confidence,271,0.542,0.6952409436390092,0.4354243542435424,0.542,0.6464201091535833,0.17712177121771217
token_confidence,272,0.544,0.6966513977753483,0.4375,0.544,0.6428946349502708,0.17647058823529413
token_confidence,273,0.546,0.697959486079942,0.43956043956043955,0.546,0.6420134980005547,0.17582417582417584
token_confidence,274,0.548,0.7001418416496361,0.4416058394160584,0.548,0.6420064971906811,0.17518248175182483
token_confidence,275,0.55,0.7005420115209577,0.44,0.55,0.6415713483658942,0.1781818181818182
token_confidence,276,0.552,0.7034053403336421,0.4420289855072464,0.552,0.6389260630121089,0.17753623188405798
token_confidence,277,0.554,0.7052157338805419,0.4404332129963899,0.554,0.6388112918820302,0.17689530685920576
token_confidence,278,0.556,0.7084395258165896,0.44244604316546765,0.556,0.6382461860990695,0.17625899280575538
token_confidence,279,0.558,0.7085620866539962,0.4444444444444444,0.558,0.6373497036011778,0.17921146953405018
token_confidence,280,0.56,0.7118796724693756,0.44285714285714284,0.56,0.6371070304215893,0.17857142857142858
token_confidence,281,0.562,0.7125371206207995,0.44483985765124556,0.562,0.6357300092138494,0.18149466192170818
token_confidence,282,0.564,0.7134266439236574,0.44680851063829785,0.564,0.635425746759507,0.18439716312056736
token_confidence,283,0.566,0.7154803572120417,0.4452296819787986,0.566,0.6350946735765907,0.18374558303886926
token_confidence,284,0.568,0.7167635962414742,0.4471830985915493,0.568,0.6330905920311145,0.18309859154929578
token_confidence,285,0.57,0.7180095743026922,0.44912280701754387,0.57,0.6328155201739,0.1824561403508772
token_confidence,286,0.572,0.7185236647229505,0.45104895104895104,0.572,0.6314065115282294,0.18181818181818182
token_confidence,287,0.574,0.7185750390725173,0.4529616724738676,0.574,0.631219226253348,0.18466898954703834
token_confidence,288,0.576,0.7198805417724724,0.4548611111111111,0.576,0.6274761944138559,0.1840277777777778
token_confidence,289,0.578,0.7202520529739482,0.45674740484429066,0.578,0.6273881588457885,0.18339100346020762
token_confidence,290,0.58,0.7220231068180231,0.4586206896551724,0.58,0.6259980160118201,0.18275862068965518
token_confidence,291,0.582,0.7234913027626029,0.4570446735395189,0.582,0.6242988700502575,0.18556701030927836
token_confidence,292,0.584,0.7251887712664329,0.4554794520547945,0.584,0.6222850903797509,0.18493150684931506
token_confidence,293,0.586,0.7280962598123513,0.45733788395904434,0.586,0.6195255539816724,0.18771331058020477
token_confidence,294,0.588,0.7342083468575121,0.45918367346938777,0.588,0.6165959000552595,0.1870748299319728
token_confidence,295,0.59,0.7346980495093417,0.4576271186440678,0.59,0.6136310255890259,0.1864406779661017
token_confidence,296,0.592,0.7352032135555158,0.4594594594594595,0.592,0.6097081483812712,0.1891891891891892
token_confidence,297,0.594,0.7356493747198428,0.4612794612794613,0.594,0.6073053956998513,0.18855218855218855
token_confidence,298,0.596,0.7376485271566696,0.46308724832214765,0.596,0.6061532043296429,0.18791946308724833
token_confidence,299,0.598,0.7378986752692137,0.46488294314381273,0.598,0.6056587007648851,0.18729096989966554
token_confidence,300,0.6,0.7398169776741078,0.4666666666666667,0.6,0.6000078391854321,0.19
token_confidence,301,0.602,0.7416472789109315,0.46511627906976744,0.602,0.5991304919577994,0.1893687707641196
token_confidence,302,0.604,0.7431070391367813,0.46357615894039733,0.604,0.5981686937288386,0.19205298013245034
token_confidence,303,0.606,0.7441660030947203,0.46534653465346537,0.606,0.5981360384702833,0.19471947194719472
token_confidence,304,0.608,0.7456448743584841,0.46710526315789475,0.608,0.5977457445649785,0.19407894736842105
token_confidence,305,0.61,0.7486077229474443,0.46557377049180326,0.61,0.5967660671870677,0.19672131147540983
token_confidence,306,0.612,0.7500684132874758,0.4673202614379085,0.612,0.5966289316443633,0.19607843137254902
token_confidence,307,0.614,0.7515621384868817,0.46905537459283386,0.614,0.5961395188147706,0.1986970684039088
token_confidence,308,0.616,0.752564350173108,0.4707792207792208,0.616,0.5897117495996201,0.19805194805194806
token_confidence,309,0.618,0.7537326535974583,0.47249190938511326,0.618,0.5895728347803978,0.20064724919093851
token_confidence,310,0.62,0.7551132123964156,0.47096774193548385,0.62,0.5884872356588376,0.2
token_confidence,311,0.622,0.7558095364312832,0.47266881028938906,0.622,0.5882514881740439,0.19935691318327975
token_confidence,312,0.624,0.7559736031150732,0.47435897435897434,0.624,0.5868578121850233,0.20192307692307693
token_confidence,313,0.626,0.7581508957906554,0.476038338658147,0.626,0.5861590863858034,0.2012779552715655
token_confidence,314,0.628,0.75911656379267,0.47770700636942676,0.628,0.5854784097933061,0.20063694267515925
token_confidence,315,0.63,0.7603104460089819,0.4793650793650794,0.63,0.5837596071292863,0.2
token_confidence,316,0.632,0.7622166439060887,0.4778481012658228,0.632,0.5836328056014579,0.19936708860759494
token_confidence,317,0.634,0.7630360719211292,0.4794952681388013,0.634,0.5752021781199783,0.20189274447949526
token_confidence,318,0.636,0.7636485116023835,0.4811320754716981,0.636,0.5746510377854744,0.20125786163522014
token_confidence,319,0.638,0.7636560778757577,0.4827586206896552,0.638,0.5733239020801036,0.20376175548589343
token_confidence,320,0.64,0.7648093140527724,0.484375,0.64,0.5718204771821563,0.203125
token_confidence,321,0.642,0.766536521412821,0.48598130841121495,0.642,0.5711540040363419,0.20249221183800623
token_confidence,322,0.644,0.7671571266134602,0.484472049689441,0.644,0.5705147215680438,0.20186335403726707
token_confidence,323,0.646,0.7675919800962971,0.48606811145510836,0.646,0.5692483931787313,0.20123839009287925
token_confidence,324,0.648,0.7683884043276473,0.4876543209876543,0.648,0.5667496112090534,0.2006172839506173
token_confidence,325,0.65,0.7695108360163759,0.48923076923076925,0.65,0.5651469664635895,0.2
token_confidence,326,0.652,0.7707319663002099,0.49079754601226994,0.652,0.5629337300898497,0.19938650306748465
token_confidence,327,0.654,0.7711492161750784,0.4892966360856269,0.654,0.5581412974596174,0.2018348623853211
token_confidence,328,0.656,0.7731042115585861,0.49085365853658536,0.656,0.5573746830080182,0.20426829268292682
token_confidence,329,0.658,0.7739794880879791,0.49240121580547114,0.658,0.5541565530856368,0.2066869300911854
token_confidence,330,0.66,0.77413141557576,0.49393939393939396,0.66,0.5537416447082457,0.20909090909090908
token_confidence,331,0.662,0.7757740480418146,0.49244712990936557,0.662,0.5531164166314233,0.21148036253776434
token_confidence,332,0.664,0.7759567440425548,0.4939759036144578,0.664,0.5523279095908176,0.21084337349397592
token_confidence,333,0.666,0.7773315995565739,0.4954954954954955,0.666,0.5518537596390019,0.21021021021021022
token_confidence,334,0.668,0.7786869330155614,0.49700598802395207,0.668,0.5514999205698732,0.20958083832335328
token_confidence,335,0.67,0.7790753770738891,0.49850746268656715,0.67,0.5511129834932814,0.208955223880597
token_confidence,336,0.672,0.7801300949060965,0.5,0.672,0.5501193528245967,0.20833333333333334
token_confidence,337,0.674,0.7811116333564162,0.49851632047477745,0.674,0.5452662000969661,0.20771513353115728
token_confidence,338,0.676,0.7849087756577816,0.5,0.676,0.5448828826566442,0.21005917159763313
token_confidence,339,0.678,0.785172704900527,0.5014749262536873,0.678,0.5436268517341742,0.20943952802359883
token_confidence,340,0.68,0.7855934782453496,0.5029411764705882,0.68,0.5353650754385494,0.2088235294117647
token_confidence,341,0.682,0.7861285648132406,0.5043988269794721,0.682,0.5322345400031873,0.21114369501466276
token_confidence,342,0.684,0.7864993453082278,0.5058479532163743,0.684,0.5247345446814022,0.21052631578947367
token_confidence,343,0.686,0.7872005721124784,0.5072886297376094,0.686,0.5242532097642288,0.21282798833819241
token_confidence,344,0.688,0.7872931798125338,0.5087209302325582,0.688,0.5219823050763994,0.21220930232558138
token_confidence,345,0.69,0.7876668044558375,0.5101449275362319,0.69,0.5218758437608859,0.2144927536231884
token_confidence,346,0.692,0.7880840900719067,0.5115606936416185,0.692,0.5177651717326837,0.2138728323699422
token_confidence,347,0.694,0.7886770552655722,0.5129682997118156,0.694,0.5167242174295976,0.21613832853025935
token_confidence,348,0.696,0.7887000864212793,0.514367816091954,0.696,0.5163540662141846,0.21551724137931033
token_confidence,349,0.698,0.7899929204385435,0.5128939828080229,0.698,0.5124239586457905,0.2148997134670487
token_confidence,350,0.7,0.78999609660022,0.5142857142857142,0.7,0.5111640263684004,0.21428571428571427
token_confidence,351,0.702,0.7924777621398744,0.5156695156695157,0.702,0.5044842869826808,0.21367521367521367
token_confidence,352,0.704,0.7944363777404857,0.5170454545454546,0.704,0.5039671412301033,0.21306818181818182
token_confidence,353,0.706,0.7944939893351529,0.5155807365439093,0.706,0.5032033091307304,0.21529745042492918
token_confidence,354,0.708,0.79454078636211,0.5169491525423728,0.708,0.5025613046271367,0.2175141242937853
token_confidence,355,0.71,0.794718812391108,0.5183098591549296,0.71,0.5014881463463726,0.21971830985915494
token_confidence,356,0.712,0.7949455246656173,0.5196629213483146,0.712,0.4972108395153477,0.22191011235955055
token_confidence,357,0.714,0.7951465240791477,0.5210084033613446,0.714,0.4910836552018118,0.22408963585434175
token_confidence,358,0.716,0.7971382892079707,0.5223463687150838,0.716,0.4896210206094876,0.22625698324022347
token_confidence,359,0.718,0.7975618430097209,0.5236768802228412,0.718,0.4889548317023201,0.22841225626740946
token_confidence,360,0.72,0.7979463068275965,0.525,0.72,0.488690993402285,0.22777777777777777
token_confidence,361,0.722,0.7990971239351876,0.5263157894736842,0.722,0.485245574568995,0.22714681440443213
token_confidence,362,0.724,0.7995607581289749,0.5276243093922652,0.724,0.4845215342133878,0.2292817679558011
token_confidence,363,0.726,0.7996932375525349,0.5289256198347108,0.726,0.4839373118916701,0.22865013774104684
token_confidence,364,0.728,0.8022512747669946,0.5302197802197802,0.728,0.4755579177348452,0.23076923076923078
token_confidence,365,0.73,0.8024301005126637,0.5315068493150685,0.73,0.4747933412960103,0.2328767123287671
token_confidence,366,0.732,0.8026806135519715,0.5327868852459017,0.732,0.4730791995166808,0.23224043715846995
token_confidence,367,0.734,0.8028819406209589,0.5340599455040872,0.734,0.4723137456865827,0.23160762942779292
token_confidence,368,0.736,0.8033824896694377,0.5353260869565217,0.736,0.4722457290885049,0.23369565217391305
token_confidence,369,0.738,0.8052920352757985,0.5365853658536586,0.738,0.4706089872029669,0.23577235772357724
token_confidence,370,0.74,0.8068906382688432,0.5378378378378378,0.74,0.469746612938219,0.23513513513513515
token_confidence,371,0.742,0.8092019307820535,0.5390835579514824,0.742,0.4693163093298673,0.2371967654986523
token_confidence,372,0.744,0.8092097504908152,0.5403225806451613,0.744,0.4683843924125819,0.239247311827957
token_confidence,373,0.746,0.809459783940064,0.5415549597855228,0.746,0.4676321927022366,0.24128686327077747
token_confidence,374,0.748,0.81361258726645,0.5427807486631016,0.748,0.4654547802922462,0.24331550802139038
token_confidence,375,0.75,0.813740954600216,0.544,0.75,0.4642448042526368,0.24266666666666667
token_confidence,376,0.752,0.8171650560587772,0.5452127659574468,0.752,0.4605983597457804,0.24202127659574468
token_confidence,377,0.754,0.8172442723421284,0.5437665782493368,0.754,0.4598334776632599,0.2440318302387268
token_confidence,378,0.756,0.8179389117205067,0.544973544973545,0.756,0.45720093125764,0.24603174603174602
token_confidence,379,0.758,0.8198300014617144,0.5461741424802111,0.758,0.4568027615002763,0.24538258575197888
token_confidence,380,0.76,0.8214817912756813,0.5447368421052632,0.76,0.4543482743363295,0.24736842105263157
token_confidence,381,0.762,0.8217930177718472,0.5459317585301837,0.762,0.4526315072402684,0.24934383202099739
token_confidence,382,0.764,0.8218710024761614,0.5471204188481675,0.764,0.4499962406822848,0.2513089005235602
token_confidence,383,0.766,0.8224343122126427,0.5483028720626631,0.766,0.441645161484796,0.2506527415143603
token_confidence,384,0.768,0.8239500021179094,0.5494791666666666,0.768,0.440005551354534,0.2526041666666667
token_confidence,385,0.77,0.8253859506770493,0.5506493506493506,0.77,0.437130680800096,0.2545454545454545
token_confidence,386,0.772,0.8281667640698426,0.5492227979274611,0.772,0.4333755832304972,0.2538860103626943
token_confidence,387,0.774,0.8310450216398779,0.5503875968992248,0.774,0.4270829343781263,0.2532299741602067
token_confidence,388,0.776,0.8317879952130087,0.5515463917525774,0.776,0.4249523882680571,0.25257731958762886
token_confidence,389,0.778,0.8329829297519878,0.5526992287917738,0.778,0.4199541878641032,0.2519280205655527
token_confidence,390,0.78,0.8331577407415466,0.5538461538461539,0.78,0.4199478448567267,0.2512820512820513
token_confidence,391,0.782,0.8339723967700496,0.5549872122762148,0.782,0.4195338181272542,0.2531969309462916
token_confidence,392,0.784,0.8344253214215598,0.5561224489795918,0.784,0.4179365070283138,0.25255102040816324
token_confidence,393,0.786,0.8350333214831226,0.5572519083969466,0.786,0.4170168062030795,0.2544529262086514
token_confidence,394,0.788,0.8418849351078759,0.5583756345177665,0.788,0.4128309944074175,0.2563451776649746
token_confidence,395,0.79,0.8421346825537851,0.5594936708860759,0.79,0.4127195357044282,0.2582278481012658
token_confidence,396,0.792,0.8442619650664634,0.5580808080808081,0.792,0.4115230694540658,0.2601010101010101
token_confidence,397,0.794,0.8445288715601051,0.5591939546599496,0.794,0.4092570300216084,0.2594458438287154
token_confidence,398,0.796,0.8455813230299017,0.5603015075376885,0.796,0.4060049379123901,0.2613065326633166
token_confidence,399,0.798,0.8457756046155422,0.5614035087719298,0.798,0.4053632681317985,0.2606516290726817
token_confidence,400,0.8,0.8459280367496589,0.5625,0.8,0.4032835280480774,0.2625
token_confidence,401,0.802,0.8487294822218544,0.5610972568578554,0.802,0.4013815250435179,0.26433915211970077
token_confidence,402,0.804,0.8488051210912885,0.5621890547263682,0.804,0.3983392723516314,0.263681592039801
token_confidence,403,0.806,0.8488077018440227,0.5632754342431762,0.806,0.3949471623335768,0.2655086848635236
token_confidence,404,0.808,0.8505084842202099,0.5643564356435643,0.808,0.3772577956272475,0.26485148514851486
token_confidence,405,0.81,0.8505130785242762,0.5654320987654321,0.81,0.3772118320673803,0.2641975308641975
token_confidence,406,0.812,0.8511124975257078,0.5665024630541872,0.812,0.3748910585147412,0.2660098522167488
token_confidence,407,0.814,0.8521022776258328,0.5675675675675675,0.814,0.3670358791240628,0.2678132678132678
token_confidence,408,0.816,0.8525695733749817,0.5686274509803921,0.816,0.3383420195809759,0.2696078431372549
token_confidence,409,0.818,0.8531541388042956,0.5696821515892421,0.818,0.3371308157632316,0.26894865525672373
token_confidence,410,0.82,0.853923945586319,0.5707317073170731,0.82,0.3339169139054584,0.2707317073170732
token_confidence,411,0.822,0.8542541412433023,0.5693430656934306,0.822,0.3324415725725804,0.2725060827250608
token_confidence,412,0.824,0.8565953559936081,0.5703883495145631,0.824,0.3320578253354983,0.27427184466019416
token_confidence,413,0.826,0.8575538589605893,0.5714285714285714,0.826,0.3238279998789546,0.27602905569007263
token_confidence,414,0.828,0.8587066299289124,0.572463768115942,0.828,0.3217504657083611,0.2777777777777778
token_confidence,415,0.83,0.859592338623053,0.5710843373493976,0.83,0.3125311902176144,0.27951807228915665
token_confidence,416,0.832,0.8600823354922902,0.5721153846153846,0.832,0.3102180052873623,0.28125
token_confidence,417,0.834,0.8628206541462625,0.5731414868105515,0.834,0.3073550239187553,0.2805755395683453
token_confidence,418,0.836,0.8632384086572091,0.5741626794258373,0.836,0.3052250538830452,0.2822966507177033
token_confidence,419,0.838,0.8646499978234531,0.5751789976133651,0.838,0.3046279343119304,0.2840095465393795
token_confidence,420,0.84,0.8655169954757396,0.5738095238095238,0.84,0.3018984091361232,0.2833333333333333
token_confidence,421,0.842,0.8655172643228451,0.5748218527315915,0.842,0.3012239096346941,0.2850356294536817
token_confidence,422,0.844,0.866632068341432,0.5758293838862559,0.844,0.2964388546278034,0.28672985781990523
token_confidence,423,0.846,0.8681221823711508,0.5768321513002365,0.846,0.2954905325702304,0.28841607565011823
token_confidence,424,0.848,0.8685710199533608,0.5778301886792453,0.848,0.2806930419289052,0.29009433962264153
token_confidence,425,0.85,0.8696506121943764,0.5788235294117647,0.85,0.2758663722714162,0.2917647058823529
token_confidence,426,0.852,0.8708625111601189,0.57981220657277,0.852,0.2713945855809876,0.29107981220657275
token_confidence,427,0.854,0.8711155321089395,0.5807962529274004,0.854,0.2589005272294738,0.2927400468384075
token_confidence,428,0.856,0.871530276373725,0.5817757009345794,0.856,0.2567894164962189,0.29439252336448596
token_confidence,429,0.858,0.8729890395353617,0.5827505827505828,0.858,0.2524010132817377,0.29603729603729606
token_confidence,430,0.86,0.8735067756837149,0.5837209302325581,0.86,0.2488402720015243,0.29534883720930233
token_confidence,431,0.862,0.8737088831262831,0.5846867749419954,0.862,0.2471620788024365,0.29698375870069604
token_confidence,432,0.864,0.8760725837865582,0.5856481481481481,0.864,0.2460845214398479,0.2986111111111111
token_confidence,433,0.866,0.8788525647299478,0.5866050808314087,0.866,0.2431076137921571,0.3002309468822171
token_confidence,434,0.868,0.8802238962122405,0.5875576036866359,0.868,0.2327977862897148,0.30184331797235026
token_confidence,435,0.87,0.8832616886831429,0.5885057471264368,0.87,0.2274634556349511,0.30344827586206896
token_confidence,436,0.872,0.8842580652995878,0.5894495412844036,0.872,0.2272320436661972,0.30504587155963303
token_confidence,437,0.874,0.8849378695703879,0.5903890160183066,0.874,0.225820051907023,0.30663615560640733
token_confidence,438,0.876,0.8870038712703302,0.591324200913242,0.876,0.2253936271674056,0.3082191780821918
token_confidence,439,0.878,0.8871305340554123,0.592255125284738,0.878,0.2183966644696958,0.30751708428246016
token_confidence,440,0.88,0.8876621396002895,0.5931818181818181,0.88,0.2126928659765593,0.3068181818181818
token_confidence,441,0.882,0.8902055213426845,0.5941043083900227,0.882,0.207496571133035,0.30839002267573695
token_confidence,442,0.884,0.8939686089917543,0.5950226244343891,0.884,0.2073576989209127,0.3076923076923077
token_confidence,443,0.886,0.8950129456171207,0.5959367945823928,0.886,0.203969960764914,0.309255079006772
token_confidence,444,0.888,0.8968421467879137,0.5968468468468469,0.888,0.1979508310333861,0.3108108108108108
token_confidence,445,0.89,0.8970641213188046,0.5955056179775281,0.89,0.1964537858494025,0.3101123595505618
token_confidence,446,0.892,0.8972740478320328,0.5964125560538116,0.892,0.1911636487159001,0.3116591928251121
token_confidence,447,0.894,0.8975783703078984,0.5973154362416108,0.894,0.1878175857402017,0.3131991051454139
token_confidence,448,0.896,0.8988866212599175,0.5982142857142857,0.896,0.1865095092224673,0.31473214285714285
token_confidence,449,0.898,0.8994130339061285,0.5968819599109132,0.898,0.1852756603890203,0.31625835189309576
token_confidence,450,0.9,0.8996697917583238,0.5977777777777777,0.9,0.1648579913828098,0.31777777777777777
token_confidence,451,0.902,0.902942765658564,0.5964523281596452,0.902,0.1625875886594943,0.31929046563192903
token_confidence,452,0.904,0.9045089700764616,0.5973451327433629,0.904,0.1622248740206623,0.3185840707964602
token_confidence,453,0.906,0.9046037357662654,0.5982339955849889,0.906,0.1595659939012923,0.31788079470198677
token_confidence,454,0.908,0.9064386280828692,0.5991189427312775,0.908,0.1573184676065791,0.31938325991189426
token_confidence,455,0.91,0.906868614867834,0.6,0.91,0.1536341269421929,0.3208791208791209
token_confidence,456,0.912,0.9086414883124344,0.6008771929824561,0.912,0.1532349275545328,0.3201754385964912
token_confidence,457,0.914,0.9105288261248272,0.6017505470459519,0.914,0.1496324425093809,0.32166301969365424
token_confidence,458,0.916,0.913959350034834,0.6026200873362445,0.916,0.1486919593131472,0.3231441048034934
token_confidence,459,0.918,0.9142449367795608,0.6034858387799564,0.918,0.14177426569431,0.32461873638344224
token_confidence,460,0.92,0.9155495263569566,0.6043478260869565,0.92,0.137172838459662,0.32608695652173914
token_confidence,461,0.922,0.9157626057185814,0.6052060737527115,0.922,0.1352819554102031,0.3275488069414317
token_confidence,462,0.924,0.9165833779485212,0.6060606060606061,0.924,0.1252577192128149,0.329004329004329
token_confidence,463,0.926,0.9172980310651868,0.6069114470842333,0.926,0.1193466863127696,0.3304535637149028
token_confidence,464,0.928,0.9196597725420492,0.6077586206896551,0.928,0.116092990137007,0.33189655172413796
token_confidence,465,0.93,0.9198615291433456,0.6086021505376344,0.93,0.1128773029396457,0.3333333333333333
token_confidence,466,0.932,0.9211380674430318,0.6094420600858369,0.932,0.1118799402643492,0.33261802575107297
token_confidence,467,0.934,0.9228973592646916,0.6102783725910065,0.934,0.1077405568004809,0.3340471092077088
token_confidence,468,0.936,0.9284827342474848,0.6089743589743589,0.936,0.1046971265935321,0.3333333333333333
token_confidence,469,0.938,0.9289229130578296,0.6098081023454158,0.938,0.0922720940809442,0.3347547974413646
token_confidence,470,0.94,0.9290661200778576,0.6106382978723405,0.94,0.0834469431172198,0.33617021276595743
token_confidence,471,0.942,0.9300753576322148,0.6114649681528662,0.942,0.0832132168298934,0.3375796178343949
token_confidence,472,0.944,0.931006318279992,0.6122881355932204,0.944,0.0745627461675078,0.336864406779661
token_confidence,473,0.946,0.932456381256208,0.6131078224101479,0.946,0.0736705593758192,0.3382663847780127
token_confidence,474,0.948,0.9330279351361676,0.6139240506329114,0.948,0.0690733269939879,0.33755274261603374
token_confidence,475,0.95,0.9341807509621068,0.6147368421052631,0.95,0.0686969245053692,0.3389473684210526
token_confidence,476,0.952,0.9355682980906276,0.615546218487395,0.952,0.0643000746693783,0.3403361344537815
token_confidence,477,0.954,0.9368570108242286,0.6163522012578616,0.954,0.0602080177050535,0.33962264150943394
token_confidence,478,0.956,0.9371827919769724,0.6171548117154811,0.956,0.0591560621727976,0.3410041841004184
token_confidence,479,0.958,0.9377173026622982,0.6179540709812108,0.958,0.0549646759654398,0.34237995824634654
token_confidence,480,0.96,0.9412770944069734,0.6166666666666667,0.96,0.0518881144648259,0.34375
token_confidence,481,0.962,0.9450962502039298,0.6153846153846154,0.962,0.0477889008544848,0.34511434511434513
token_confidence,482,0.964,0.9454998643968447,0.6161825726141079,0.964,0.0462397031542444,0.34647302904564314
token_confidence,483,0.966,0.9489923584855116,0.6169772256728778,0.966,0.0359962491601093,0.34782608695652173
token_confidence,484,0.968,0.9497314964094395,0.6177685950413223,0.968,0.0348466134532372,0.34917355371900827
token_confidence,485,0.97,0.9507566352064134,0.6185567010309279,0.97,0.030689625233898,0.35051546391752575
token_confidence,486,0.972,0.9519158124094969,0.6193415637860082,0.972,0.0293708249687296,0.35185185185185186
token_confidence,487,0.974,0.9523950307015788,0.6201232032854209,0.974,0.0250836038624214,0.3531827515400411
token_confidence,488,0.976,0.954181226461058,0.6209016393442623,0.976,0.0204451981728517,0.35450819672131145
token_confidence,489,0.978,0.9547782258598072,0.621676891615542,0.978,0.0175468181879185,0.3558282208588957
token_confidence,490,0.98,0.9587213774583344,0.6224489795918368,0.98,0.0114122603162727,0.35714285714285715
token_confidence,491,0.982,0.96105652762766,0.6232179226069247,0.982,0.0092881238460826,0.35845213849287166
token_confidence,492,0.984,0.9661076647938542,0.6239837398373984,0.984,0.007264128876633,0.3597560975609756
token_confidence,493,0.986,0.966256970009646,0.6247464503042597,0.986,0.0064756730930307,0.36105476673427994
token_confidence,494,0.988,0.9666599701374364,0.6255060728744939,0.988,0.0055133666236095,0.3623481781376518
token_confidence,495,0.99,0.9666822427884784,0.6262626262626263,0.99,0.0053291384659986,0.36363636363636365
token_confidence,496,0.992,0.96924972316947,0.6270161290322581,0.992,0.0029970331058397,0.3649193548387097
token_confidence,497,0.994,0.969675917862009,0.6277665995975855,0.994,0.0028711944622763,0.36619718309859156
token_confidence,498,0.996,0.9727069993147078,0.6285140562248996,0.996,0.0026655142317647,0.3674698795180723
token_confidence,499,0.998,0.980687173605562,0.6292585170340681,0.998,0.0022668081209967,0.3687374749498998
token_confidence,500,1.0,0.9813613455127794,0.63,1.0,0.0022361456956286,0.37
attention,1,0.002,0.0347468869813508,0.0,0.002,0.996811539529586,0.0
attention,2,0.004,0.0354891906400142,0.0,0.004,0.9894484358671756,0.0
attention,3,0.006,0.047438190351312,0.0,0.006,0.9836611606818156,0.0
attention,4,0.008,0.0515631621913615,0.0,0.008,0.9811676631724484,0.0
attention,5,0.01,0.0584628830630741,0.0,0.01,0.9801830773996384,0.0
attention,6,0.012,0.0600553778761332,0.0,0.012,0.9777717257135732,0.0
attention,7,0.014,0.0600767065949296,0.0,0.014,0.9768891802644748,0.0
attention,8,0.016,0.0605010581188708,0.0,0.016,0.970090044505021,0.0
attention,9,0.018,0.0636556815093696,0.0,0.018,0.96953237727126,0.0
attention,10,0.02,0.0658391313989087,0.0,0.02,0.9690415894013956,0.0
attention,11,0.022,0.0659722747559018,0.0,0.022,0.9689052019027234,0.0
attention,12,0.024,0.0679215692912246,0.0,0.024,0.9657347368746252,0.0
attention,13,0.026,0.0701801051239648,0.0,0.026,0.9657073140143017,0.0
attention,14,0.028,0.0710528630920881,0.0,0.028,0.9651992312999498,0.0
attention,15,0.03,0.0720318201266506,0.0,0.03,0.9639650239954792,0.0
attention,16,0.032,0.0724012386855502,0.0,0.032,0.9636640680443525,0.0
attention,17,0.034,0.0752921435075594,0.0,0.034,0.9614434042026012,0.0
attention,18,0.036,0.0790193670436763,0.0,0.036,0.961169080459854,0.0
attention,19,0.038,0.0860735177056337,0.0,0.038,0.9606562281439766,0.0
attention,20,0.04,0.0877081641023057,0.0,0.04,0.9604552882555007,0.0
attention,21,0.042,0.0918663773529793,0.0,0.042,0.9598481281357704,0.0
attention,22,0.044,0.0971331394153927,0.0,0.044,0.9591151819165744,0.0
attention,23,0.046,0.0992542865396296,0.0,0.046,0.959026590450839,0.0
attention,24,0.048,0.1016256199058323,0.0,0.048,0.9572887023510736,0.0
attention,25,0.05,0.1023278013569796,0.0,0.05,0.9557539053452766,0.0
attention,26,0.052,0.1032856306717099,0.0,0.052,0.955287337608723,0.0
attention,27,0.054,0.1037080841683224,0.0,0.054,0.9541952555767896,0.0
attention,28,0.056,0.1074612982370614,0.0,0.056,0.9535822555290284,0.0
attention,29,0.058,0.1083416440153759,0.0,0.058,0.9532221194519516,0.0
attention,30,0.06,0.1093964684939802,0.0,0.06,0.9515375829994248,0.0
attention,31,0.062,0.1116001031779189,0.0,0.062,0.9507845114429982,0.0
attention,32,0.064,0.1118494362800369,0.0,0.064,0.9476242248676264,0.0
attention,33,0.066,0.1132597874214984,0.0,0.066,0.9456838739735832,0.0
attention,34,0.068,0.1135011301864436,0.0,0.068,0.945205996147521,0.0
attention,35,0.07,0.1170255794653896,0.0,0.07,0.9447435621039352,0.0
attention,36,0.072,0.1206380332036806,0.0,0.072,0.9442813316516064,0.0
attention,37,0.074,0.1224049674632632,0.0,0.074,0.942765922206814,0.0
attention,38,0.076,0.1284485093512158,0.0,0.076,0.94152753424687,0.0
attention,39,0.078,0.1284921006611838,0.0,0.078,0.9409164376332182,0.0
attention,40,0.08,0.1290460770654873,0.0,0.08,0.9406085160793762,0.0
attention,41,0.082,0.1307163743097585,0.024390243902439025,0.082,0.9392049909697104,0.0
attention,42,0.084,0.1317713406437483,0.023809523809523808,0.084,0.9385096950559344,0.0
attention,43,0.086,0.1347738358055052,0.023255813953488372,0.086,0.93834909597855,0.0
attention,44,0.088,0.1363927648729661,0.022727272727272728,0.088,0.9378386928777672,0.0
attention,45,0.09,0.1391492848783448,0.022222222222222223,0.09,0.9372507816634198,0.0
attention,46,0.092,0.1405274654442508,0.043478260869565216,0.092,0.936124326249726,0.0
attention,47,0.094,0.1418724072889752,0.0425531914893617,0.094,0.9354501611296252,0.0
attention,48,0.096,0.1431286098910181,0.041666666666666664,0.096,0.9347861633819108,0.020833333333333332
attention,49,0.098,0.1437176215623642,0.04081632653061224,0.098,0.934729721007954,0.02040816326530612
attention,50,0.1,0.1442856370075373,0.04,0.1,0.9343581838614424,0.02
attention,51,0.102,0.1471035803513207,0.0392156862745098,0.102,0.9343492231506074,0.0196078431372549
attention,52,0.104,0.1568678047703263,0.057692307692307696,0.104,0.9327308825202744,0.019230769230769232
attention,53,0.106,0.1628985323127388,0.05660377358490566,0.106,0.9302390760561104,0.018867924528301886
attention,54,0.108,0.1705557234548352,0.05555555555555555,0.108,0.9282968041548192,0.037037037037037035
attention,55,0.11,0.1750280346281505,0.05454545454545454,0.11,0.927574465056658,0.03636363636363636
attention,56,0.112,0.1770767431140714,0.05357142857142857,0.112,0.926621535895838,0.03571428571428571
attention,57,0.114,0.1839955909177018,0.05263157894736842,0.114,0.9264802458037416,0.03508771929824561
attention,58,0.116,0.1855017269582291,0.05172413793103448,0.116,0.925774608487164,0.034482758620689655
attention,59,0.118,0.1905017678068173,0.05084745762711865,0.118,0.9252571760150272,0.03389830508474576
attention,60,0.12,0.193757431457523,0.05,0.12,0.9243568603420196,0.03333333333333333
attention,61,0.122,0.1965634760078358,0.04918032786885246,0.122,0.9211172618757352,0.03278688524590164
attention,62,0.124,0.2018976296102051,0.06451612903225806,0.124,0.9209277698694176,0.03225806451612903
attention,63,0.126,0.2035896225280329,0.07936507936507936,0.126,0.9200507083043,0.031746031746031744
attention,64,0.128,0.2114197342057497,0.078125,0.128,0.9197935380660782,0.046875
attention,65,0.13,0.2128652342710561,0.07692307692307693,0.13,0.9190627363133466,0.046153846153846156
attention,66,0.132,0.2142567199680398,0.07575757575757576,0.132,0.918828248866396,0.045454545454545456
attention,67,0.134,0.2157483598859545,0.08955223880597014,0.134,0.9182673900692916,0.04477611940298507
attention,68,0.136,0.2184096078386385,0.08823529411764706,0.136,0.9172974791104628,0.04411764705882353
attention,69,0.138,0.2219124514871016,0.08695652173913043,0.138,0.9170739029178298,0.043478260869565216
attention,70,0.14,0.2251628314419444,0.08571428571428572,0.14,0.9143938426072074,0.04285714285714286
attention,71,0.142,0.2252894459609418,0.08450704225352113,0.142,0.9128091204808884,0.04225352112676056
attention,72,0.144,0.2382521737802656,0.08333333333333333,0.144,0.9110142163503704,0.041666666666666664
attention,73,0.146,0.2397942164327435,0.0821917808219178,0.146,0.9105976527920604,0.0410958904109589
attention,74,0.148,0.2431098019744787,0.08108108108108109,0.148,0.9100032696115096,0.04054054054054054
attention,75,0.15,0.2436337398597259,0.08,0.15,0.9095139829122476,0.04
attention,76,0.152,0.2467540931802025,0.07894736842105263,0.152,0.9080496261510922,0.039473684210526314
attention,77,0.154,0.2513000607150664,0.07792207792207792,0.154,0.9079543900994592,0.03896103896103896
attention,78,0.156,0.2531580394586973,0.07692307692307693,0.156,0.9069918783525476,0.038461538461538464
attention,79,0.158,0.2538584880412787,0.0759493670886076,0.158,0.9065862243795888,0.0379746835443038
attention,80,0.16,0.2549296471369319,0.075,0.16,0.9043437823902832,0.0375
attention,81,0.162,0.2551745107911198,0.07407407407407407,0.162,0.90405477359228,0.037037037037037035
attention,82,0.164,0.2562503265307388,0.07317073170731707,0.164,0.9040146776232914,0.036585365853658534
attention,83,0.166,0.2565456207646073,0.07228915662650602,0.166,0.9038768522439782,0.04819277108433735
attention,84,0.168,0.2567772776067196,0.07142857142857142,0.168,0.9025551007581069,0.047619047619047616
attention,85,0.17,0.2578624798911986,0.08235294117647059,0.17,0.900376204754223,0.047058823529411764
attention,86,0.172,0.2682224212317869,0.09302325581395349,0.172,0.900105318571198,0.046511627906976744
attention,87,0.174,0.2684596237411908,0.09195402298850575,0.174,0.8985524681656953,0.04597701149425287
attention,88,0.176,0.2714576337081576,0.09090909090909091,0.176,0.8976338803940186,0.045454545454545456
attention,89,0.178,0.2769625099807257,0.10112359550561797,0.178,0.897219533481919,0.056179775280898875
attention,90,0.18,0.2790817585771699,0.1111111111111111,0.18,0.8969880044376812,0.05555555555555555
attention,91,0.182,0.283159290306663,0.10989010989010989,0.182,0.8945451279850342,0.054945054945054944
attention,92,0.184,0.2854642074143815,0.10869565217391304,0.184,0.8940171883880302,0.06521739130434782
attention,93,0.186,0.289392214627043,0.10752688172043011,0.186,0.8924308597331991,0.06451612903225806
attention,94,0.188,0.2905820946459314,0.10638297872340426,0.188,0.8920561813483059,0.06382978723404255
attention,95,0.19,0.2934197645291205,0.10526315789473684,0.19,0.8918846838069107,0.06315789473684211
attention,96,0.192,0.2998315915789288,0.10416666666666667,0.192,0.8904693304461142,0.0625
attention,97,0.194,0.302075663233381,0.10309278350515463,0.194,0.8896481437726619,0.061855670103092786
attention,98,0.196,0.3182393639819382,0.10204081632653061,0.196,0.8896174499379094,0.061224489795918366
attention,99,0.198,0.3233058455962158,0.10101010101010101,0.198,0.8887187147289208,0.06060606060606061
attention,100,0.2,0.3286863437438492,0.11,0.2,0.8849916017636664,0.06
attention,101,0.202,0.3291053008389534,0.10891089108910891,0.202,0.884911516146234,0.0594059405940594
attention,102,0.204,0.332799997144528,0.11764705882352941,0.204,0.8818324474424826,0.058823529411764705
attention,103,0.206,0.3355573229929308,0.11650485436893204,0.206,0.8801598692971235,0.05825242718446602
attention,104,0.208,0.3462000107003564,0.11538461538461539,0.208,0.8773559796240676,0.057692307692307696
attention,105,0.21,0.3541550147310298,0.11428571428571428,0.21,0.8763005386277296,0.05714285714285714
attention,106,0.212,0.3548239629750337,0.12264150943396226,0.212,0.8755395683755102,0.05660377358490566
attention,107,0.214,0.3599803485361338,0.1308411214953271,0.214,0.8749598188428969,0.056074766355140186
attention,108,0.216,0.3611512991789119,0.12962962962962962,0.216,0.8737301515277437,0.06481481481481481
attention,109,0.218,0.3628795805786269,0.13761467889908258,0.218,0.8730042804165032,0.06422018348623854
attention,110,0.22,0.3664222469026891,0.13636363636363635,0.22,0.8722081221856444,0.06363636363636363
attention,111,0.222,0.3700437134022315,0.14414414414414414,0.222,0.8696921798624923,0.06306306306306306
attention,112,0.224,0.3751935591916178,0.14285714285714285,0.224,0.8649612981978858,0.0625
attention,113,0.226,0.3766195229531236,0.1415929203539823,0.226,0.8647021582131761,0.061946902654867256
attention,114,0.228,0.3803880460192101,0.14035087719298245,0.228,0.8643705723410606,0.06140350877192982
attention,115,0.23,0.3876595894549993,0.1391304347826087,0.23,0.8642322746165017,0.06956521739130435
attention,116,0.232,0.3906730331190316,0.14655172413793102,0.232,0.8624878772716645,0.06896551724137931
attention,117,0.234,0.3998562390002018,0.15384615384615385,0.234,0.861135406683395,0.06837606837606838
attention,118,0.236,0.402023046549985,0.15254237288135594,0.236,0.858259807571445,0.06779661016949153
attention,119,0.238,0.4037641646257671,0.15126050420168066,0.238,0.8574033211668041,0.06722689075630252
attention,120,0.24,0.407128316447641,0.15,0.24,0.8569359123322505,0.06666666666666667
attention,121,0.242,0.4079538007737647,0.15702479338842976,0.242,0.8554367967971395,0.06611570247933884
attention,122,0.244,0.4142593846363988,0.16393442622950818,0.244,0.8537752771397094,0.06557377049180328
attention,123,0.246,0.4181519095463005,0.16260162601626016,0.246,0.8531608715284552,0.06504065040650407
attention,124,0.248,0.4197500893260804,0.16129032258064516,0.248,0.852478540947015,0.06451612903225806
attention,125,0.25,0.4201067269864389,0.16,0.25,0.8506982221678953,0.064
attention,126,0.252,0.4260460437953264,0.15873015873015872,0.252,0.8441807345066927,0.06349206349206349
attention,127,0.254,0.4264121773902395,0.16535433070866143,0.254,0.8436837199781234,0.06299212598425197
attention,128,0.256,0.4280138232182293,0.1640625,0.256,0.842546262107621,0.0703125
attention,129,0.258,0.4306694182806643,0.17054263565891473,0.258,0.8423836534995258,0.06976744186046512
attention,130,0.26,0.434628984123688,0.16923076923076924,0.26,0.8423388880003094,0.07692307692307693
attention,131,0.262,0.4360748851573322,0.16793893129770993,0.262,0.8418763874201622,0.08396946564885496
attention,132,0.264,0.4383126335492981,0.16666666666666666,0.264,0.8414380184058422,0.08333333333333333
attention,133,0.266,0.445268619383236,0.16541353383458646,0.266,0.841379411921546,0.08270676691729323
attention,134,0.268,0.4499055416634748,0.16417910447761194,0.268,0.8402364428705098,0.08208955223880597
attention,135,0.27,0.4506755728986203,0.17037037037037037,0.27,0.8398559943868751,0.08148148148148149
attention,136,0.272,0.4533706322986712,0.17647058823529413,0.272,0.8386484845484309,0.08088235294117647
attention,137,0.274,0.4552214553896581,0.18248175182481752,0.274,0.8372006840496871,0.08029197080291971
attention,138,0.276,0.458447224280678,0.18840579710144928,0.276,0.8357207734256977,0.07971014492753623
attention,139,0.278,0.4591840085714175,0.18705035971223022,0.278,0.8347305762018046,0.07913669064748201
attention,140,0.28,0.4598333558868427,0.18571428571428572,0.28,0.8343699902516063,0.07857142857142857
attention,141,0.282,0.4668499251032602,0.19148936170212766,0.282,0.8322392316657073,0.07801418439716312
attention,142,0.284,0.4727800997728848,0.19014084507042253,0.284,0.8317081396198037,0.07746478873239436
attention,143,0.286,0.476329889438475,0.1888111888111888,0.286,0.8313880959727912,0.08391608391608392
attention,144,0.288,0.4782191849659215,0.19444444444444445,0.288,0.8313535382338795,0.09027777777777778
attention,145,0.29,0.4799981888149495,0.2,0.29,0.8297613825335848,0.0896551724137931
attention,146,0.292,0.4802780087319148,0.19863013698630136,0.292,0.8285797620489938,0.08904109589041095
attention,147,0.294,0.4880677714292312,0.19727891156462585,0.294,0.8257630134742135,0.08843537414965986
attention,148,0.296,0.4949468085773829,0.20270270270270271,0.296,0.8247356480049317,0.08783783783783784
attention,149,0.298,0.4980077649767964,0.2080536912751678,0.298,0.8232169554993085,0.087248322147651
attention,150,0.3,0.498152947214934,0.20666666666666667,0.3,0.8229088778641087,0.08666666666666667
attention,151,0.302,0.4981714562182581,0.2052980132450331,0.302,0.8215992679852819,0.09271523178807947
attention,152,0.304,0.50071750363919,0.20394736842105263,0.304,0.8194720545806369,0.09210526315789473
attention,153,0.306,0.5026369641744531,0.20261437908496732,0.306,0.8180980347238747,0.0915032679738562
attention,154,0.308,0.5033960299176634,0.2077922077922078,0.308,0.8172403620788661,0.09740259740259741
attention,155,0.31,0.5059292891855217,0.2129032258064516,0.31,0.8135134724716394,0.0967741935483871
attention,156,0.312,0.5083821849460305,0.21794871794871795,0.312,0.8133551626533368,0.10256410256410256
attention,157,0.314,0.5087687276261802,0.21656050955414013,0.314,0.8132449543821313,0.10191082802547771
attention,158,0.316,0.5131722096779215,0.22151898734177214,0.316,0.8132411653178279,0.10126582278481013
attention,159,0.318,0.5139751952317536,0.22012578616352202,0.318,0.8112014853352616,0.10062893081761007
attention,160,0.32,0.5142235970309611,0.225,0.32,0.8109157941440043,0.1
attention,161,0.322,0.5162740243674812,0.22981366459627328,0.322,0.80901027057302,0.09937888198757763
attention,162,0.324,0.5252476417666548,0.2345679012345679,0.324,0.8081876134100943,0.09876543209876543
attention,163,0.326,0.5271723160110638,0.2392638036809816,0.326,0.8070822084230581,0.10429447852760736
attention,164,0.328,0.532469786443157,0.23780487804878048,0.328,0.8064080022996784,0.10365853658536585
attention,165,0.33,0.533061633977891,0.23636363636363636,0.33,0.8040445325606594,0.10303030303030303
attention,166,0.332,0.5361632718870132,0.23493975903614459,0.332,0.802679925302286,0.10240963855421686
attention,167,0.334,0.5368693388241328,0.23353293413173654,0.334,0.8002095100546932,0.10179640718562874
attention,168,0.336,0.5370353040553506,0.23214285714285715,0.336,0.7991943095871815,0.10119047619047619
attention,169,0.338,0.5380367859018307,0.23668639053254437,0.338,0.7957982751674978,0.10650887573964497
attention,170,0.34,0.5390796418949585,0.2411764705882353,0.34,0.795424879473382,0.10588235294117647
attention,171,0.342,0.5405044165304704,0.23976608187134502,0.342,0.7949259854008295,0.1111111111111111
attention,172,0.344,0.5432620805406775,0.2441860465116279,0.344,0.7933270066916377,0.11046511627906977
attention,173,0.346,0.5458884738121099,0.24855491329479767,0.346,0.7930768730851875,0.11560693641618497
attention,174,0.348,0.5494900695914174,0.25287356321839083,0.348,0.7919903619291397,0.11494252873563218
attention,175,0.35,0.5516606984473821,0.2571428571428571,0.35,0.7907321060618446,0.12
attention,176,0.352,0.5516685946514751,0.26136363636363635,0.352,0.7894329329456115,0.125
attention,177,0.354,0.5518220573266235,0.2598870056497175,0.354,0.7892131341961803,0.12429378531073447
attention,178,0.356,0.5582348652408273,0.2640449438202247,0.356,0.7876253855162382,0.12359550561797752
attention,179,0.358,0.563464177542327,0.2681564245810056,0.358,0.7871651527789759,0.12290502793296089
attention,180,0.36,0.5657105242827174,0.26666666666666666,0.36,0.7870588484873579,0.12222222222222222
attention,181,0.362,0.5691821639556426,0.26519337016574585,0.362,0.7856759312211182,0.1270718232044199
attention,182,0.364,0.5692271703821159,0.2692307692307692,0.364,0.7835062380589278,0.12637362637362637
attention,183,0.366,0.5745330739148827,0.273224043715847,0.366,0.7833186837985148,0.13114754098360656
attention,184,0.368,0.5759954386134782,0.2717391304347826,0.368,0.7829467753489916,0.13043478260869565
attention,185,0.37,0.5770725801968779,0.2756756756756757,0.37,0.7823380466772927,0.12972972972972974
attention,186,0.372,0.5800569310296151,0.27956989247311825,0.372,0.7821553354600922,0.12903225806451613
attention,187,0.374,0.5808923937567879,0.27807486631016043,0.374,0.7820729786796431,0.12834224598930483
attention,188,0.376,0.5821692916054326,0.28191489361702127,0.376,0.7772551836378232,0.13297872340425532
attention,189,0.378,0.5831357842378071,0.2804232804232804,0.378,0.7758886638852553,0.13227513227513227
attention,190,0.38,0.5840280297337345,0.28421052631578947,0.38,0.7738469203891729,0.13157894736842105
attention,191,0.382,0.5854366516849214,0.2879581151832461,0.382,0.7734646634364917,0.13612565445026178
attention,192,0.384,0.5857426924201049,0.2916666666666667,0.384,0.772788110118982,0.140625
attention,193,0.386,0.5930121526525113,0.29533678756476683,0.386,0.771888813852839,0.13989637305699482
attention,194,0.388,0.5943113326767008,0.29896907216494845,0.388,0.7712747537216973,0.13917525773195877
attention,195,0.39,0.5959875835081144,0.29743589743589743,0.39,0.7686845779491482,0.13846153846153847
attention,196,0.392,0.5960656819702811,0.3010204081632653,0.392,0.7673104732549394,0.14285714285714285
attention,197,0.394,0.598566002046857,0.30456852791878175,0.394,0.7652321232832794,0.14213197969543148
attention,198,0.396,0.5995364540333555,0.30808080808080807,0.396,0.7641450501607724,0.1414141414141414
attention,199,0.398,0.6006209551388118,0.31155778894472363,0.398,0.7607357725894124,0.1407035175879397
attention,200,0.4,0.6045721271424045,0.315,0.4,0.7558400032141063,0.14
attention,201,0.402,0.609248668438204,0.31840796019900497,0.402,0.7552059220418319,0.14427860696517414
attention,202,0.404,0.617046404314384,0.3217821782178218,0.404,0.7543690159218017,0.14356435643564355
attention,203,0.406,0.6185841966160953,0.32019704433497537,0.406,0.754150154695258,0.14285714285714285
attention,204,0.408,0.6187459006961059,0.31862745098039214,0.408,0.7539184392937527,0.14215686274509803
attention,205,0.41,0.6251022122002091,0.32195121951219513,0.41,0.7528895812469355,0.14146341463414633
attention,206,0.412,0.6251531604593284,0.32524271844660196,0.412,0.752751673118078,0.1407766990291262
attention,207,0.414,0.6257949621252894,0.3285024154589372,0.414,0.752188205750352,0.14009661835748793
attention,208,0.416,0.6261430236279878,0.3317307692307692,0.416,0.7517929367753565,0.13942307692307693
attention,209,0.418,0.6274979084515164,0.33014354066985646,0.418,0.7453843489663285,0.13875598086124402
attention,210,0.42,0.6285539548097651,0.32857142857142857,0.42,0.7432315246063198,0.1380952380952381
attention,211,0.422,0.6287754328349635,0.32701421800947866,0.422,0.7431272659215424,0.13744075829383887
attention,212,0.424,0.6304780171916013,0.32547169811320753,0.424,0.7430352913039119,0.13679245283018868
attention,213,0.426,0.6307650664301807,0.3286384976525822,0.426,0.7414168050428755,0.13615023474178403
attention,214,0.428,0.6310707807689436,0.3317757009345794,0.428,0.7399425969662046,0.13551401869158877
attention,215,0.43,0.6324544219988244,0.3302325581395349,0.43,0.7383022248052546,0.13488372093023257
attention,216,0.432,0.6341574261923748,0.3333333333333333,0.432,0.737769133697345,0.13425925925925927
attention,217,0.434,0.634826961742211,0.33640552995391704,0.434,0.7371998314401346,0.1336405529953917
attention,218,0.436,0.6365120406546491,0.3394495412844037,0.436,0.7369181617212122,0.13302752293577982
attention,219,0.438,0.6369866086301617,0.3424657534246575,0.438,0.7369138848979617,0.1324200913242009
attention,220,0.44,0.6396189992971318,0.34545454545454546,0.44,0.7365058370785742,0.1318181818181818
attention,221,0.442,0.6400751780441725,0.34841628959276016,0.442,0.7341965129381584,0.13574660633484162
attention,222,0.444,0.6412730901911382,0.34684684684684686,0.444,0.733907216749969,0.13513513513513514
attention,223,0.446,0.6416602898975817,0.34977578475336324,0.446,0.7286572000044855,0.13452914798206278
attention,224,0.448,0.6427858356596502,0.3482142857142857,0.448,0.7283720231816353,0.13392857142857142
attention,225,0.45,0.6436717122669356,0.3511111111111111,0.45,0.7274016531404555,0.13333333333333333
attention,226,0.452,0.6453422082021428,0.35398230088495575,0.452,0.7252630362708562,0.13274336283185842
attention,227,0.454,0.6462224393978668,0.3568281938325991,0.454,0.7234177583681445,0.13215859030837004
attention,228,0.456,0.6468570453203186,0.35526315789473684,0.456,0.716898074632724,0.13157894736842105
attention,229,0.458,0.649857757051295,0.35807860262008734,0.458,0.7158866410646822,0.13100436681222707
attention,230,0.46,0.6528946010329644,0.36086956521739133,0.46,0.7123407290239112,0.13043478260869565
attention,231,0.462,0.6576460557679925,0.36363636363636365,0.462,0.711906546016764,0.12987012987012986
attention,232,0.464,0.6609291025157773,0.3620689655172414,0.464,0.7108508556643979,0.1336206896551724
attention,233,0.466,0.6611073673027755,0.3648068669527897,0.466,0.7107745557283989,0.13733905579399142
attention,234,0.468,0.6619749041938492,0.36324786324786323,0.468,0.7097837865807906,0.13675213675213677
attention,235,0.47,0.6640371171816246,0.3659574468085106,0.47,0.7074697434871781,0.13617021276595745
attention,236,0.472,0.6645969657490838,0.3686440677966102,0.472,0.706356557897393,0.13559322033898305
attention,237,0.474,0.6651890623940571,0.37130801687763715,0.474,0.7057319014746157,0.1350210970464135
attention,238,0.476,0.6662436931476358,0.3739495798319328,0.476,0.7049240869748828,0.13865546218487396
attention,239,0.478,0.668774839473598,0.37656903765690375,0.478,0.7002276525548676,0.13807531380753138
attention,240,0.48,0.670295185213074,0.37916666666666665,0.48,0.699016223894581,0.1375
attention,241,0.482,0.6723346263773617,0.3817427385892116,0.482,0.6985709443937737,0.13692946058091288
attention,242,0.484,0.6724906573815242,0.384297520661157,0.484,0.6976110042829499,0.13636363636363635
attention,243,0.486,0.6734847718546083,0.38271604938271603,0.486,0.6969174524018332,0.13580246913580246
attention,244,0.488,0.6736255889008854,0.38524590163934425,0.488,0.6965725209130245,0.13524590163934427
attention,245,0.49,0.6750182219942344,0.3836734693877551,0.49,0.6935995418235017,0.1346938775510204
attention,246,0.492,0.6764563246280663,0.3861788617886179,0.492,0.6897982813228039,0.13414634146341464
attention,247,0.494,0.6783918916363507,0.38866396761133604,0.494,0.6897535323801598,0.13360323886639677
attention,248,0.496,0.6787206764165541,0.3870967741935484,0.496,0.6887535650826807,0.13306451612903225
attention,249,0.498,0.6813660352274283,0.3895582329317269,0.498,0.6877480098629744,0.13253012048192772
attention,250,0.5,0.683061419376082,0.392,0.5,0.6835422488115114,0.132
attention,251,0.502,0.6835422488115114,0.3944223107569721,0.502,0.683061419376082,0.13147410358565736
attention,252,0.504,0.6877480098629744,0.3968253968253968,0.504,0.6813660352274283,0.13095238095238096
attention,253,0.506,0.6887535650826807,0.39920948616600793,0.506,0.6787206764165541,0.13438735177865613
attention,254,0.508,0.6897535323801598,0.4015748031496063,0.508,0.6783918916363507,0.13385826771653545
attention,255,0.51,0.6897982813228039,0.403921568627451,0.51,0.6764563246280663,0.13333333333333333
attention,256,0.512,0.6935995418235017,0.40625,0.512,0.6750182219942344,0.13671875
attention,257,0.514,0.6965725209130245,0.4085603112840467,0.514,0.6736255889008854,0.13618677042801555
attention,258,0.516,0.6969174524018332,0.4108527131782946,0.516,0.6734847718546083,0.13953488372093023
attention,259,0.518,0.6976110042829499,0.41312741312741313,0.518,0.6724906573815242,0.138996138996139
attention,260,0.52,0.6985709443937737,0.4153846153846154,0.52,0.6723346263773617,0.13846153846153847
attention,261,0.522,0.699016223894581,0.41762452107279696,0.522,0.670295185213074,0.13793103448275862
attention,262,0.524,0.7002276525548676,0.4198473282442748,0.524,0.668774839473598,0.13740458015267176
attention,263,0.526,0.7049240869748828,0.41825095057034223,0.526,0.6662436931476358,0.13688212927756654
attention,264,0.528,0.7057319014746157,0.42045454545454547,0.528,0.6651890623940571,0.13636363636363635
attention,265,0.53,0.706356557897393,0.4226415094339623,0.53,0.6645969657490838,0.13584905660377358
attention,266,0.532,0.7074697434871781,0.424812030075188,0.532,0.6640371171816246,0.13533834586466165
attention,267,0.534,0.7097837865807906,0.42696629213483145,0.534,0.6619749041938492,0.13857677902621723
attention,268,0.536,0.7107745557283989,0.4253731343283582,0.536,0.6611073673027755,0.13805970149253732
attention,269,0.538,0.7108508556643979,0.42379182156133827,0.538,0.6609291025157773,0.1412639405204461
attention,270,0.54,0.711906546016764,0.42592592592592593,0.54,0.6576460557679925,0.14074074074074075
attention,271,0.542,0.7123407290239112,0.4280442804428044,0.542,0.6528946010329644,0.14022140221402213
attention,272,0.544,0.7158866410646822,0.43014705882352944,0.544,0.649857757051295,0.13970588235294118
attention,273,0.546,0.716898074632724,0.43223443223443225,0.546,0.6468570453203186,0.14285714285714285
attention,274,0.548,0.7234177583681445,0.4343065693430657,0.548,0.6462224393978668,0.14233576642335766
attention,275,0.55,0.7252630362708562,0.43636363636363634,0.55,0.6453422082021428,0.14181818181818182
attention,276,0.552,0.7274016531404555,0.4384057971014493,0.552,0.6436717122669356,0.14130434782608695
attention,277,0.554,0.7283720231816353,0.4404332129963899,0.554,0.6427858356596502,0.1444043321299639
attention,278,0.556,0.7286572000044855,0.44244604316546765,0.556,0.6416602898975817,0.14388489208633093
attention,279,0.558,0.733907216749969,0.4444444444444444,0.558,0.6412730901911382,0.14695340501792115
attention,280,0.56,0.7341965129381584,0.44285714285714284,0.56,0.6400751780441725,0.14642857142857144
attention,281,0.562,0.7365058370785742,0.44483985765124556,0.562,0.6396189992971318,0.14590747330960854
attention,282,0.564,0.7369138848979617,0.44680851063829785,0.564,0.6369866086301617,0.1453900709219858
attention,283,0.566,0.7369181617212122,0.44876325088339225,0.566,0.6365120406546491,0.14487632508833923
attention,284,0.568,0.7371998314401346,0.4507042253521127,0.568,0.634826961742211,0.1443661971830986
attention,285,0.57,0.737769133697345,0.45263157894736844,0.57,0.6341574261923748,0.14385964912280702
attention,286,0.572,0.7383022248052546,0.45454545454545453,0.572,0.6324544219988244,0.14685314685314685
attention,287,0.574,0.7399425969662046,0.4564459930313589,0.574,0.6310707807689436,0.14634146341463414
attention,288,0.576,0.7414168050428755,0.4583333333333333,0.576,0.6307650664301807,0.14583333333333334
attention,289,0.578,0.7430352913039119,0.4602076124567474,0.578,0.6304780171916013,0.14878892733564014
attention,290,0.58,0.7431272659215424,0.46206896551724136,0.58,0.6287754328349635,0.15172413793103448
attention,291,0.582,0.7432315246063198,0.4639175257731959,0.582,0.6285539548097651,0.15463917525773196
attention,292,0.584,0.7453843489663285,0.4657534246575342,0.584,0.6274979084515164,0.15753424657534246
attention,293,0.586,0.7517929367753565,0.46757679180887374,0.586,0.6261430236279878,0.15699658703071673
attention,294,0.588,0.752188205750352,0.46938775510204084,0.588,0.6257949621252894,0.1564625850340136
attention,295,0.59,0.752751673118078,0.4711864406779661,0.59,0.6251531604593284,0.15593220338983052
attention,296,0.592,0.7528895812469355,0.47297297297297297,0.592,0.6251022122002091,0.1554054054054054
attention,297,0.594,0.7539184392937527,0.47474747474747475,0.594,0.6187459006961059,0.15824915824915825
attention,298,0.596,0.754150154695258,0.47651006711409394,0.596,0.6185841966160953,0.1610738255033557
attention,299,0.598,0.7543690159218017,0.4782608695652174,0.598,0.617046404314384,0.1605351170568562
attention,300,0.6,0.7552059220418319,0.4766666666666667,0.6,0.609248668438204,0.16
attention,301,0.602,0.7558400032141063,0.47840531561461797,0.602,0.6045721271424045,0.15946843853820597
attention,302,0.604,0.7607357725894124,0.48013245033112584,0.604,0.6006209551388118,0.15894039735099338
attention,303,0.606,0.7641450501607724,0.48184818481848185,0.606,0.5995364540333555,0.15841584158415842
attention,304,0.608,0.7652321232832794,0.48355263157894735,0.608,0.598566002046857,0.15789473684210525
attention,305,0.61,0.7673104732549394,0.4819672131147541,0.61,0.5960656819702811,0.15737704918032788
attention,306,0.612,0.7686845779491482,0.48366013071895425,0.612,0.5959875835081144,0.16013071895424835
attention,307,0.614,0.7712747537216973,0.48534201954397393,0.614,0.5943113326767008,0.15960912052117263
attention,308,0.616,0.771888813852839,0.487012987012987,0.616,0.5930121526525113,0.1590909090909091
attention,309,0.618,0.772788110118982,0.4854368932038835,0.618,0.5857426924201049,0.15857605177993528
attention,310,0.62,0.7734646634364917,0.4838709677419355,0.62,0.5854366516849214,0.15806451612903225
attention,311,0.622,0.7738469203891729,0.4855305466237942,0.622,0.5840280297337345,0.15755627009646303
attention,312,0.624,0.7758886638852553,0.48717948717948717,0.624,0.5831357842378071,0.16025641025641027
attention,313,0.626,0.7772551836378232,0.48562300319488816,0.626,0.5821692916054326,0.1597444089456869
attention,314,0.628,0.7820729786796431,0.4872611464968153,0.628,0.5808923937567879,0.1624203821656051
attention,315,0.63,0.7821553354600922,0.4888888888888889,0.63,0.5800569310296151,0.1619047619047619
attention,316,0.632,0.7823380466772927,0.49050632911392406,0.632,0.5770725801968779,0.16139240506329114
attention,317,0.634,0.7829467753489916,0.4921135646687697,0.634,0.5759954386134782,0.1640378548895899
attention,318,0.636,0.7833186837985148,0.49056603773584906,0.636,0.5745330739148827,0.16352201257861634
attention,319,0.638,0.7835062380589278,0.49216300940438873,0.638,0.5692271703821159,0.16300940438871472
attention,320,0.64,0.7856759312211182,0.490625,0.64,0.5691821639556426,0.165625
attention,321,0.642,0.7870588484873579,0.49221183800623053,0.642,0.5657105242827174,0.16822429906542055
attention,322,0.644,0.7871651527789759,0.4937888198757764,0.644,0.563464177542327,0.16770186335403728
attention,323,0.646,0.7876253855162382,0.4953560371517028,0.646,0.5582348652408273,0.16718266253869968
attention,324,0.648,0.7892131341961803,0.49691358024691357,0.648,0.5518220573266235,0.1697530864197531
attention,325,0.65,0.7894329329456115,0.49538461538461537,0.65,0.5516685946514751,0.16923076923076924
attention,326,0.652,0.7907321060618446,0.4938650306748466,0.652,0.5516606984473821,0.1687116564417178
attention,327,0.654,0.7919903619291397,0.4954128440366973,0.654,0.5494900695914174,0.16819571865443425
attention,328,0.656,0.7930768730851875,0.49390243902439024,0.656,0.5458884738121099,0.1676829268292683
attention,329,0.658,0.7933270066916377,0.49544072948328266,0.658,0.5432620805406775,0.16717325227963525
attention,330,0.66,0.7949259854008295,0.49393939393939396,0.66,0.5405044165304704,0.1696969696969697
attention,331,0.662,0.795424879473382,0.4954682779456193,0.662,0.5390796418949585,0.1691842900302115
attention,332,0.664,0.7957982751674978,0.4939759036144578,0.664,0.5380367859018307,0.1686746987951807
attention,333,0.666,0.7991943095871815,0.4954954954954955,0.666,0.5370353040553506,0.17117117117117117
attention,334,0.668,0.8002095100546932,0.49700598802395207,0.668,0.5368693388241328,0.17365269461077845
attention,335,0.67,0.802679925302286,0.49850746268656715,0.67,0.5361632718870132,0.1761194029850746
attention,336,0.672,0.8040445325606594,0.5,0.672,0.533061633977891,0.17857142857142858
attention,337,0.674,0.8064080022996784,0.5014836795252225,0.674,0.532469786443157,0.18100890207715134
attention,338,0.676,0.8070822084230581,0.5,0.676,0.5271723160110638,0.1804733727810651
attention,339,0.678,0.8081876134100943,0.5014749262536873,0.678,0.5252476417666548,0.17994100294985252
attention,340,0.68,0.80901027057302,0.5029411764705882,0.68,0.5162740243674812,0.17941176470588235
attention,341,0.682,0.8109157941440043,0.5043988269794721,0.682,0.5142235970309611,0.17888563049853373
attention,342,0.684,0.8112014853352616,0.5058479532163743,0.684,0.5139751952317536,0.18128654970760233
attention,343,0.686,0.8132411653178279,0.5072886297376094,0.686,0.5131722096779215,0.18075801749271136
attention,344,0.688,0.8132449543821313,0.5087209302325582,0.688,0.5087687276261802,0.18313953488372092
attention,345,0.69,0.8133551626533368,0.5072463768115942,0.69,0.5083821849460305,0.1826086956521739
attention,346,0.692,0.8135134724716394,0.5086705202312138,0.692,0.5059292891855217,0.18208092485549132
attention,347,0.694,0.8172403620788661,0.5072046109510087,0.694,0.5033960299176634,0.18155619596541786
attention,348,0.696,0.8180980347238747,0.5086206896551724,0.696,0.5026369641744531,0.1839080459770115
attention,349,0.698,0.8194720545806369,0.5100286532951289,0.698,0.50071750363919,0.18624641833810887
attention,350,0.7,0.8215992679852819,0.5085714285714286,0.7,0.4981714562182581,0.18857142857142858
attention,351,0.702,0.8229088778641087,0.50997150997151,0.702,0.498152947214934,0.1908831908831909
attention,352,0.704,0.8232169554993085,0.5113636363636364,0.704,0.4980077649767964,0.1903409090909091
attention,353,0.706,0.8247356480049317,0.5127478753541076,0.706,0.4949468085773829,0.18980169971671387
attention,354,0.708,0.8257630134742135,0.5141242937853108,0.708,0.4880677714292312,0.192090395480226
attention,355,0.71,0.8285797620489938,0.5154929577464789,0.71,0.4802780087319148,0.19436619718309858
attention,356,0.712,0.8297613825335848,0.5168539325842697,0.712,0.4799981888149495,0.19382022471910113
attention,357,0.714,0.8313535382338795,0.5154061624649859,0.714,0.4782191849659215,0.19327731092436976
attention,358,0.716,0.8313880959727912,0.5139664804469274,0.716,0.476329889438475,0.19553072625698323
attention,359,0.718,0.8317081396198037,0.5153203342618384,0.718,0.4727800997728848,0.1977715877437326
attention,360,0.72,0.8322392316657073,0.5166666666666667,0.72,0.4668499251032602,0.19722222222222222
attention,361,0.722,0.8343699902516063,0.518005540166205,0.722,0.4598333558868427,0.1994459833795014
attention,362,0.724,0.8347305762018046,0.5193370165745856,0.724,0.4591840085714175,0.20165745856353592
attention,363,0.726,0.8357207734256977,0.5206611570247934,0.726,0.458447224280678,0.20110192837465565
attention,364,0.728,0.8372006840496871,0.521978021978022,0.728,0.4552214553896581,0.20054945054945056
attention,365,0.73,0.8386484845484309,0.5232876712328767,0.73,0.4533706322986712,0.2
attention,366,0.732,0.8398559943868751,0.5245901639344263,0.732,0.4506755728986203,0.1994535519125683
attention,367,0.734,0.8402364428705098,0.5258855585831063,0.734,0.4499055416634748,0.2016348773841962
attention,368,0.736,0.841379411921546,0.5271739130434783,0.736,0.445268619383236,0.20380434782608695
attention,369,0.738,0.8414380184058422,0.5284552845528455,0.738,0.4383126335492981,0.20596205962059622
attention,370,0.74,0.8418763874201622,0.527027027027027,0.74,0.4360748851573322,0.20810810810810812
attention,371,0.742,0.8423388880003094,0.5256064690026954,0.742,0.434628984123688,0.21024258760107817
attention,372,0.744,0.8423836534995258,0.5268817204301075,0.744,0.4306694182806643,0.20967741935483872
attention,373,0.746,0.842546262107621,0.5254691689008043,0.746,0.4280138232182293,0.21179624664879357
attention,374,0.748,0.8436837199781234,0.5267379679144385,0.748,0.4264121773902395,0.21122994652406418
attention,375,0.75,0.8441807345066927,0.528,0.75,0.4260460437953264,0.21333333333333335
attention,376,0.752,0.8506982221678953,0.5292553191489362,0.752,0.4201067269864389,0.2154255319148936
attention,377,0.754,0.852478540947015,0.5305039787798409,0.754,0.4197500893260804,0.21750663129973474
attention,378,0.756,0.8531608715284552,0.5317460317460317,0.756,0.4181519095463005,0.21957671957671956
attention,379,0.758,0.8537752771397094,0.5329815303430079,0.758,0.4142593846363988,0.21899736147757257
attention,380,0.76,0.8554367967971395,0.5342105263157895,0.76,0.4079538007737647,0.21842105263157896
attention,381,0.762,0.8569359123322505,0.5354330708661418,0.762,0.407128316447641,0.2204724409448819
attention,382,0.764,0.8574033211668041,0.5366492146596858,0.764,0.4037641646257671,0.22251308900523561
attention,383,0.766,0.858259807571445,0.5378590078328982,0.766,0.402023046549985,0.2245430809399478
attention,384,0.768,0.861135406683395,0.5390625,0.768,0.3998562390002018,0.22395833333333334
attention,385,0.77,0.8624878772716645,0.5402597402597402,0.77,0.3906730331190316,0.22337662337662337
attention,386,0.772,0.8642322746165017,0.538860103626943,0.772,0.3876595894549993,0.22538860103626943
attention,387,0.774,0.8643705723410606,0.5400516795865633,0.774,0.3803880460192101,0.22739018087855298
attention,388,0.776,0.8647021582131761,0.5412371134020618,0.776,0.3766195229531236,0.22938144329896906
attention,389,0.778,0.8649612981978858,0.5424164524421594,0.778,0.3751935591916178,0.23136246786632392
attention,390,0.78,0.8696921798624923,0.5435897435897435,0.78,0.3700437134022315,0.23076923076923078
attention,391,0.782,0.8722081221856444,0.5447570332480819,0.782,0.3664222469026891,0.23273657289002558
attention,392,0.784,0.8730042804165032,0.5459183673469388,0.784,0.3628795805786269,0.23214285714285715
attention,393,0.786,0.8737301515277437,0.544529262086514,0.786,0.3611512991789119,0.2340966921119593
attention,394,0.788,0.8749598188428969,0.5456852791878173,0.788,0.3599803485361338,0.233502538071066
attention,395,0.79,0.8755395683755102,0.5468354430379747,0.79,0.3548239629750337,0.23291139240506328
attention,396,0.792,0.8763005386277296,0.547979797979798,0.792,0.3541550147310298,0.23484848484848486
attention,397,0.794,0.8773559796240676,0.5491183879093199,0.794,0.3462000107003564,0.2367758186397985
attention,398,0.796,0.8801598692971235,0.550251256281407,0.796,0.3355573229929308,0.23869346733668342
attention,399,0.798,0.8818324474424826,0.5513784461152882,0.798,0.332799997144528,0.23809523809523808
attention,400,0.8,0.884911516146234,0.5525,0.8,0.3291053008389534,0.24
attention,401,0.802,0.8849916017636664,0.5536159600997507,0.802,0.3286863437438492,0.23940149625935161
attention,402,0.804,0.8887187147289208,0.554726368159204,0.804,0.3233058455962158,0.24129353233830847
attention,403,0.806,0.8896174499379094,0.5558312655086849,0.806,0.3182393639819382,0.24317617866004962
attention,404,0.808,0.8896481437726619,0.556930693069307,0.808,0.302075663233381,0.24504950495049505
attention,405,0.81,0.8904693304461142,0.5580246913580247,0.81,0.2998315915789288,0.24691358024691357
attention,406,0.812,0.8918846838069107,0.5591133004926109,0.812,0.2934197645291205,0.24876847290640394
attention,407,0.814,0.8920561813483059,0.5601965601965602,0.814,0.2905820946459314,0.25061425061425063
attention,408,0.816,0.8924308597331991,0.5612745098039216,0.816,0.289392214627043,0.25245098039215685
attention,409,0.818,0.8940171883880302,0.5599022004889975,0.818,0.2854642074143815,0.254278728606357
attention,410,0.82,0.8945451279850342,0.5609756097560976,0.82,0.283159290306663,0.25609756097560976
attention,411,0.822,0.8969880044376812,0.5620437956204379,0.822,0.2790817585771699,0.25547445255474455
attention,412,0.824,0.897219533481919,0.5606796116504854,0.824,0.2769625099807257,0.25485436893203883
attention,413,0.826,0.8976338803940186,0.5617433414043583,0.826,0.2714576337081576,0.2566585956416465
attention,414,0.828,0.8985524681656953,0.5628019323671497,0.828,0.2684596237411908,0.2584541062801932
attention,415,0.83,0.900105318571198,0.563855421686747,0.83,0.2682224212317869,0.25783132530120484
attention,416,0.832,0.900376204754223,0.5649038461538461,0.832,0.2578624798911986,0.25721153846153844
attention,417,0.834,0.9025551007581069,0.565947242206235,0.834,0.2567772776067196,0.2589928057553957
attention,418,0.836,0.9038768522439782,0.5645933014354066,0.836,0.2565456207646073,0.2607655502392344
attention,419,0.838,0.9040146776232914,0.5656324582338902,0.838,0.2562503265307388,0.26252983293556087
attention,420,0.84,0.90405477359228,0.5666666666666667,0.84,0.2551745107911198,0.2642857142857143
attention,421,0.842,0.9043437823902832,0.5676959619952494,0.842,0.2549296471369319,0.2660332541567696
attention,422,0.844,0.9065862243795888,0.5687203791469194,0.844,0.2538584880412787,0.2677725118483412
attention,423,0.846,0.9069918783525476,0.5697399527186762,0.846,0.2531580394586973,0.2695035460992908
attention,424,0.848,0.9079543900994592,0.5707547169811321,0.848,0.2513000607150664,0.27122641509433965
attention,425,0.85,0.9080496261510922,0.571764705882353,0.85,0.2467540931802025,0.27294117647058824
attention,426,0.852,0.9095139829122476,0.5727699530516432,0.852,0.2436337398597259,0.2746478873239437
attention,427,0.854,0.9100032696115096,0.5737704918032787,0.854,0.2431098019744787,0.27634660421545665
attention,428,0.856,0.9105976527920604,0.5747663551401869,0.856,0.2397942164327435,0.2780373831775701
attention,429,0.858,0.9110142163503704,0.5757575757575758,0.858,0.2382521737802656,0.27972027972027974
attention,430,0.86,0.9128091204808884,0.5767441860465117,0.86,0.2252894459609418,0.2813953488372093
attention,431,0.862,0.9143938426072074,0.5777262180974478,0.862,0.2251628314419444,0.28306264501160094
attention,432,0.864,0.9170739029178298,0.5787037037037037,0.864,0.2219124514871016,0.2847222222222222
attention,433,0.866,0.9172974791104628,0.5796766743648961,0.866,0.2184096078386385,0.2863741339491917
attention,434,0.868,0.9182673900692916,0.5806451612903226,0.868,0.2157483598859545,0.2857142857142857
attention,435,0.87,0.918828248866396,0.5816091954022988,0.87,0.2142567199680398,0.28735632183908044
attention,436,0.872,0.9190627363133466,0.5825688073394495,0.872,0.2128652342710561,0.2889908256880734
attention,437,0.874,0.9197935380660782,0.5812356979405034,0.874,0.2114197342057497,0.2906178489702517
attention,438,0.876,0.9200507083043,0.5821917808219178,0.876,0.2035896225280329,0.2899543378995434
attention,439,0.878,0.9209277698694176,0.5831435079726651,0.878,0.2018976296102051,0.28929384965831434
attention,440,0.88,0.9211172618757352,0.5840909090909091,0.88,0.1965634760078358,0.2909090909090909
attention,441,0.882,0.9243568603420196,0.5850340136054422,0.882,0.193757431457523,0.2925170068027211
attention,442,0.884,0.9252571760150272,0.5859728506787331,0.884,0.1905017678068173,0.29411764705882354
attention,443,0.886,0.925774608487164,0.5869074492099323,0.886,0.1855017269582291,0.29571106094808125
attention,444,0.888,0.9264802458037416,0.5878378378378378,0.888,0.1839955909177018,0.2972972972972973
attention,445,0.89,0.926621535895838,0.5887640449438202,0.89,0.1770767431140714,0.298876404494382
attention,446,0.892,0.927574465056658,0.5896860986547086,0.892,0.1750280346281505,0.3004484304932735
attention,447,0.894,0.9282968041548192,0.5883668903803132,0.894,0.1705557234548352,0.30201342281879195
attention,448,0.896,0.9302390760561104,0.5892857142857143,0.896,0.1628985323127388,0.30357142857142855
attention,449,0.898,0.9327308825202744,0.5902004454342984,0.898,0.1568678047703263,0.3028953229398664
attention,450,0.9,0.9343492231506074,0.5911111111111111,0.9,0.1471035803513207,0.30444444444444446
attention,451,0.902,0.9343581838614424,0.5920177383592018,0.902,0.1442856370075373,0.30598669623059865
attention,452,0.904,0.934729721007954,0.5929203539823009,0.904,0.1437176215623642,0.3075221238938053
attention,453,0.906,0.9347861633819108,0.5916114790286976,0.906,0.1431286098910181,0.3090507726269316
attention,454,0.908,0.9354501611296252,0.5925110132158591,0.908,0.1418724072889752,0.31057268722466963
attention,455,0.91,0.936124326249726,0.5934065934065934,0.91,0.1405274654442508,0.3098901098901099
attention,456,0.912,0.9372507816634198,0.5942982456140351,0.912,0.1391492848783448,0.31140350877192985
attention,457,0.914,0.9378386928777672,0.5951859956236324,0.914,0.1363927648729661,0.31291028446389496
attention,458,0.916,0.93834909597855,0.5960698689956332,0.916,0.1347738358055052,0.314410480349345
attention,459,0.918,0.9385096950559344,0.5969498910675382,0.918,0.1317713406437483,0.3159041394335512
attention,460,0.92,0.9392049909697104,0.5978260869565217,0.92,0.1307163743097585,0.31521739130434784
attention,461,0.922,0.9406085160793762,0.5986984815618221,0.922,0.1290460770654873,0.31670281995661603
attention,462,0.924,0.9409164376332182,0.5995670995670995,0.924,0.1284921006611838,0.3181818181818182
attention,463,0.926,0.94152753424687,0.6004319654427646,0.926,0.1284485093512158,0.31965442764578833
attention,464,0.928,0.942765922206814,0.6012931034482759,0.928,0.1224049674632632,0.32112068965517243
attention,465,0.93,0.9442813316516064,0.6021505376344086,0.93,0.1206380332036806,0.3225806451612903
attention,466,0.932,0.9447435621039352,0.6030042918454935,0.932,0.1170255794653896,0.3240343347639485
attention,467,0.934,0.945205996147521,0.6038543897216274,0.934,0.1135011301864436,0.32548179871520344
attention,468,0.936,0.9456838739735832,0.6047008547008547,0.936,0.1132597874214984,0.3269230769230769
attention,469,0.938,0.9476242248676264,0.605543710021322,0.938,0.1118494362800369,0.3283582089552239
attention,470,0.94,0.9507845114429982,0.6063829787234043,0.94,0.1116001031779189,0.32978723404255317
attention,471,0.942,0.9515375829994248,0.6072186836518046,0.942,0.1093964684939802,0.33121019108280253
attention,472,0.944,0.9532221194519516,0.6080508474576272,0.944,0.1083416440153759,0.3326271186440678
attention,473,0.946,0.9535822555290284,0.6088794926004228,0.946,0.1074612982370614,0.33403805496828753
attention,474,0.948,0.9541952555767896,0.609704641350211,0.948,0.1037080841683224,0.33544303797468356
attention,475,0.95,0.955287337608723,0.6105263157894737,0.95,0.1032856306717099,0.3368421052631579
attention,476,0.952,0.9557539053452766,0.6113445378151261,0.952,0.1023278013569796,0.3382352941176471
attention,477,0.954,0.9572887023510736,0.6121593291404612,0.954,0.1016256199058323,0.33962264150943394
attention,478,0.956,0.959026590450839,0.6129707112970711,0.956,0.0992542865396296,0.3410041841004184
attention,479,0.958,0.9591151819165744,0.6137787056367432,0.958,0.0971331394153927,0.34237995824634654
attention,480,0.96,0.9598481281357704,0.6145833333333334,0.96,0.0918663773529793,0.34375
attention,481,0.962,0.9604552882555007,0.6153846153846154,0.962,0.0877081641023057,0.34511434511434513
attention,482,0.964,0.9606562281439766,0.6161825726141079,0.964,0.0860735177056337,0.34647302904564314
attention,483,0.966,0.961169080459854,0.6169772256728778,0.966,0.0790193670436763,0.34782608695652173
attention,484,0.968,0.9614434042026012,0.6177685950413223,0.968,0.0752921435075594,0.34917355371900827
attention,485,0.97,0.9636640680443525,0.6185567010309279,0.97,0.0724012386855502,0.35051546391752575
attention,486,0.972,0.9639650239954792,0.6193415637860082,0.972,0.0720318201266506,0.35185185185185186
attention,487,0.974,0.9651992312999498,0.6201232032854209,0.974,0.0710528630920881,0.3531827515400411
attention,488,0.976,0.9657073140143017,0.6209016393442623,0.976,0.0701801051239648,0.35450819672131145
attention,489,0.978,0.9657347368746252,0.621676891615542,0.978,0.0679215692912246,0.3558282208588957
attention,490,0.98,0.9689052019027234,0.6224489795918368,0.98,0.0659722747559018,0.35714285714285715
attention,491,0.982,0.9690415894013956,0.6232179226069247,0.982,0.0658391313989087,0.35845213849287166
attention,492,0.984,0.96953237727126,0.6239837398373984,0.984,0.0636556815093696,0.3597560975609756
attention,493,0.986,0.970090044505021,0.6247464503042597,0.986,0.0605010581188708,0.36105476673427994
attention,494,0.988,0.9768891802644748,0.6255060728744939,0.988,0.0600767065949296,0.3623481781376518
attention,495,0.99,0.9777717257135732,0.6262626262626263,0.99,0.0600553778761332,0.36363636363636365
attention,496,0.992,0.9801830773996384,0.6270161290322581,0.992,0.0584628830630741,0.3649193548387097
attention,497,0.994,0.9811676631724484,0.6277665995975855,0.994,0.0515631621913615,0.36619718309859156
attention,498,0.996,0.9836611606818156,0.6285140562248996,0.996,0.047438190351312,0.3674698795180723
attention,499,0.998,0.9894484358671756,0.6292585170340681,0.998,0.0354891906400142,0.3687374749498998
attention,500,1.0,0.996811539529586,0.63,1.0,0.0347468869813508,0.37
attention+token_confidence,1,0.002,0.0081161643438803,0.0,0.002,0.9977205331016844,0.0
attention+token_confidence,2,0.004,0.0103651358491648,0.0,0.004,0.9941451370932688,0.0
attention+token_confidence,3,0.006,0.0123371106917301,0.0,0.006,0.9928527266135558,0.0
attention+token_confidence,4,0.008,0.0195372420021865,0.0,0.008,0.9912991879870944,0.0
attention+token_confidence,5,0.01,0.0216508678444895,0.0,0.01,0.9850935253010116,0.0
attention+token_confidence,6,0.012,0.021779900874515,0.0,0.012,0.9844479900381802,0.0
attention+token_confidence,7,0.014,0.0225708746186089,0.0,0.014,0.98317542947763,0.0
attention+token_confidence,8,0.016,0.0263909221112579,0.0,0.016,0.9831547068530598,0.0
attention+token_confidence,9,0.018,0.0279689878182084,0.0,0.018,0.9829794939381524,0.0
attention+token_confidence,10,0.02,0.030209702523862,0.0,0.02,0.9810166569006132,0.0
attention+token_confidence,11,0.022,0.0315046073272142,0.0,0.022,0.9792471176167132,0.0
attention+token_confidence,12,0.024,0.0378623832763311,0.0,0.024,0.977959492343497,0.0
attention+token_confidence,13,0.026,0.0380335912403164,0.0,0.026,0.977698521679894,0.0
attention+token_confidence,14,0.028,0.0389003785374588,0.0,0.028,0.9773843115323014,0.0
attention+token_confidence,15,0.03,0.0395641443315126,0.0,0.03,0.9757730331361376,0.0
attention+token_confidence,16,0.032,0.0417461546422771,0.0,0.032,0.9745436925648118,0.0
attention+token_confidence,17,0.034,0.0442421431763912,0.0,0.034,0.9741328162247131,0.0
attention+token_confidence,18,0.036,0.0454528299180296,0.0,0.036,0.9732511054030432,0.0
attention+token_confidence,19,0.038,0.0468416422826022,0.0,0.038,0.973190274502959,0.0
attention+token_confidence,20,0.04,0.0489664875156324,0.0,0.04,0.9721827898411848,0.0
attention+token_confidence,21,0.042,0.0490070035805659,0.0,0.042,0.970549647294138,0.0
attention+token_confidence,22,0.044,0.0511793992671787,0.0,0.044,0.9687058504539032,0.0
attention+token_confidence,23,0.046,0.0543329200985342,0.0,0.046,0.9685228007290276,0.0
attention+token_confidence,24,0.048,0.054701760765101,0.0,0.048,0.9667367864575248,0.0
attention+token_confidence,25,0.05,0.0560336768315047,0.0,0.05,0.9666854495254356,0.0
attention+token_confidence,26,0.052,0.0606236331815382,0.0,0.052,0.9660852211560884,0.0
attention+token_confidence,27,0.054,0.0610915339977697,0.0,0.054,0.965637044338961,0.0
attention+token_confidence,28,0.056,0.0660969416174792,0.0,0.056,0.96531577935675,0.0
attention+token_confidence,29,0.058,0.0676075949390788,0.0,0.058,0.964818659600536,0.0
attention+token_confidence,30,0.06,0.0692722080187277,0.0,0.06,0.9648107476625228,0.0
attention+token_confidence,31,0.062,0.0719454317170123,0.0,0.062,0.9642450895714932,0.03225806451612903
attention+token_confidence,32,0.064,0.072766661502599,0.0,0.064,0.9640793458730218,0.03125
attention+token_confidence,33,0.066,0.0738858107705687,0.0,0.066,0.9628020493200374,0.030303030303030304
attention+token_confidence,34,0.068,0.0747617354140663,0.0,0.068,0.9614354993658988,0.029411764705882353
attention+token_confidence,35,0.07,0.0764895658182144,0.0,0.07,0.9606002586493656,0.02857142857142857
attention+token_confidence,36,0.072,0.0847078030031482,0.0,0.072,0.959125748097074,0.027777777777777776
attention+token_confidence,37,0.074,0.0858326595694598,0.0,0.074,0.958515328805192,0.02702702702702703
attention+token_confidence,38,0.076,0.0878246755209708,0.0,0.076,0.9576619101793524,0.02631578947368421
attention+token_confidence,39,0.078,0.0919693186951409,0.0,0.078,0.9576065174531438,0.02564102564102564
attention+token_confidence,40,0.08,0.092957500244484,0.025,0.08,0.9570068886544016,0.025
attention+token_confidence,41,0.082,0.0935258865019757,0.024390243902439025,0.082,0.9566247763419696,0.024390243902439025
attention+token_confidence,42,0.084,0.0986114752493777,0.023809523809523808,0.084,0.9559136188352506,0.023809523809523808
attention+token_confidence,43,0.086,0.1001776538484454,0.023255813953488372,0.086,0.9550745969238076,0.023255813953488372
attention+token_confidence,44,0.088,0.10192102887078,0.022727272727272728,0.088,0.9549343734288313,0.022727272727272728
attention+token_confidence,45,0.09,0.112162719544085,0.022222222222222223,0.09,0.9533551798481472,0.022222222222222223
attention+token_confidence,46,0.092,0.1129733736312101,0.021739130434782608,0.092,0.9501323174879264,0.021739130434782608
attention+token_confidence,47,0.094,0.1156925682803112,0.02127659574468085,0.094,0.9501263247073845,0.02127659574468085
attention+token_confidence,48,0.096,0.1181208353378679,0.020833333333333332,0.096,0.9499021449886794,0.020833333333333332
attention+token_confidence,49,0.098,0.1190066762153471,0.02040816326530612,0.098,0.9493861924923264,0.02040816326530612
attention+token_confidence,50,0.1,0.1199080508645801,0.02,0.1,0.949092237889167,0.02
attention+token_confidence,51,0.102,0.122050597339923,0.0196078431372549,0.102,0.948766424066024,0.0196078431372549
attention+token_confidence,52,0.104,0.1247758665909999,0.019230769230769232,0.104,0.948699554526074,0.019230769230769232
attention+token_confidence,53,0.106,0.1264089909955965,0.018867924528301886,0.106,0.948690462012483,0.018867924528301886
attention+token_confidence,54,0.108,0.128362535118585,0.018518518518518517,0.108,0.9483559164619644,0.018518518518518517
attention+token_confidence,55,0.11,0.1331573454924008,0.01818181818181818,0.11,0.9477969630961462,0.01818181818181818
attention+token_confidence,56,0.112,0.1340513031019166,0.017857142857142856,0.112,0.9477853748095671,0.017857142857142856
attention+token_confidence,57,0.114,0.1366050576745429,0.017543859649122806,0.114,0.9431486567895796,0.03508771929824561
attention+token_confidence,58,0.116,0.1376904242459822,0.017241379310344827,0.116,0.9421916624735964,0.034482758620689655
attention+token_confidence,59,0.118,0.1384978107252132,0.01694915254237288,0.118,0.9418651454602668,0.03389830508474576
attention+token_confidence,60,0.12,0.1420144345147805,0.016666666666666666,0.12,0.9406559720388934,0.03333333333333333
attention+token_confidence,61,0.122,0.1437958493885846,0.01639344262295082,0.122,0.9397519815450386,0.03278688524590164
attention+token_confidence,62,0.124,0.1470411645152647,0.016129032258064516,0.124,0.9389132935608392,0.03225806451612903
attention+token_confidence,63,0.126,0.1566874075628553,0.015873015873015872,0.126,0.9386683784590404,0.031746031746031744
attention+token_confidence,64,0.128,0.1583762343054297,0.015625,0.128,0.9381781859511068,0.03125
attention+token_confidence,65,0.13,0.1607512287931619,0.015384615384615385,0.13,0.9377141404576584,0.03076923076923077
attention+token_confidence,66,0.132,0.1609002643004598,0.030303030303030304,0.132,0.9376463848764628,0.030303030303030304
attention+token_confidence,67,0.134,0.1609738267263821,0.029850746268656716,0.134,0.9375036143738728,0.029850746268656716
attention+token_confidence,68,0.136,0.1620000081207104,0.029411764705882353,0.136,0.9374826347872856,0.04411764705882353
attention+token_confidence,69,0.138,0.1628308834406205,0.028985507246376812,0.138,0.9350429710811224,0.043478260869565216
attention+token_confidence,70,0.14,0.1636093172135224,0.02857142857142857,0.14,0.9327401313221892,0.04285714285714286
attention+token_confidence,71,0.142,0.1674554424842489,0.028169014084507043,0.142,0.9327372655352836,0.04225352112676056
attention+token_confidence,72,0.144,0.1728514580920259,0.027777777777777776,0.144,0.9310887298799678,0.041666666666666664
attention+token_confidence,73,0.146,0.1733403364760333,0.0410958904109589,0.146,0.9304816960083084,0.0410958904109589
attention+token_confidence,74,0.148,0.1841563477818222,0.05405405405405406,0.148,0.9303110543935555,0.04054054054054054
attention+token_confidence,75,0.15,0.1912475140853132,0.05333333333333334,0.15,0.930174745016042,0.04
attention+token_confidence,76,0.152,0.1913866805601677,0.05263157894736842,0.152,0.9280547910834528,0.039473684210526314
attention+token_confidence,77,0.154,0.2044313552635079,0.05194805194805195,0.154,0.9230376657739264,0.03896103896103896
attention+token_confidence,78,0.156,0.208445578754384,0.05128205128205128,0.156,0.9226298600618362,0.038461538461538464
attention+token_confidence,79,0.158,0.2137820106607889,0.05063291139240506,0.158,0.9224330264065976,0.0379746835443038
attention+token_confidence,80,0.16,0.2143237775365511,0.05,0.16,0.9221168408842424,0.0375
attention+token_confidence,81,0.162,0.217279191629585,0.04938271604938271,0.162,0.9211533057388024,0.037037037037037035
attention+token_confidence,82,0.164,0.2226657985671281,0.06097560975609756,0.164,0.9207131533018544,0.04878048780487805
attention+token_confidence,83,0.166,0.223430178887128,0.060240963855421686,0.166,0.918827020710028,0.04819277108433735
attention+token_confidence,84,0.168,0.2314759867314629,0.05952380952380952,0.168,0.9187395958548232,0.047619047619047616
attention+token_confidence,85,0.17,0.235528273525444,0.058823529411764705,0.17,0.918325317177608,0.047058823529411764
attention+token_confidence,86,0.172,0.2363946618726662,0.05813953488372093,0.172,0.9180783073495944,0.046511627906976744
attention+token_confidence,87,0.174,0.2471414786307792,0.05747126436781609,0.174,0.9151994063333884,0.05747126436781609
attention+token_confidence,88,0.176,0.2482241171194774,0.056818181818181816,0.176,0.9148588620450762,0.056818181818181816
attention+token_confidence,89,0.178,0.2507457594762771,0.056179775280898875,0.178,0.9137012513043228,0.056179775280898875
attention+token_confidence,90,0.18,0.2541761007040711,0.06666666666666667,0.18,0.9126606276252022,0.06666666666666667
attention+token_confidence,91,0.182,0.2549055114033135,0.06593406593406594,0.182,0.9117939166242498,0.06593406593406594
attention+token_confidence,92,0.184,0.2604485784170036,0.07608695652173914,0.184,0.9107001776043177,0.06521739130434782
attention+token_confidence,93,0.186,0.2609848179372633,0.08602150537634409,0.186,0.908955328686482,0.06451612903225806
attention+token_confidence,94,0.188,0.2625091547715033,0.0851063829787234,0.188,0.9030956721160284,0.06382978723404255
attention+token_confidence,95,0.19,0.2700063124475624,0.09473684210526316,0.19,0.9026194161714468,0.07368421052631578
attention+token_confidence,96,0.192,0.2807829148644174,0.10416666666666667,0.192,0.9012903418521668,0.07291666666666667
attention+token_confidence,97,0.194,0.2852093587966622,0.1134020618556701,0.194,0.8985493206738542,0.07216494845360824
attention+token_confidence,98,0.196,0.2922142217456469,0.11224489795918367,0.196,0.8984951610257692,0.07142857142857142
attention+token_confidence,99,0.198,0.2950063311533484,0.1111111111111111,0.198,0.897883925154875,0.0707070707070707
attention+token_confidence,100,0.2,0.2955229602615564,0.11,0.2,0.8966874062876427,0.07
attention+token_confidence,101,0.202,0.2971040589029634,0.1188118811881188,0.202,0.8964142370312385,0.07920792079207921
attention+token_confidence,102,0.204,0.3022076782533254,0.11764705882352941,0.204,0.8930376321984566,0.0784313725490196
attention+token_confidence,103,0.206,0.3074313878406336,0.11650485436893204,0.206,0.8916429392129243,0.08737864077669903
attention+token_confidence,104,0.208,0.3177118441155753,0.125,0.208,0.8907333309420918,0.08653846153846154
attention+token_confidence,105,0.21,0.3206862045805553,0.12380952380952381,0.21,0.8903307177062396,0.08571428571428572
attention+token_confidence,106,0.212,0.3207668768292319,0.12264150943396226,0.212,0.8864001507436605,0.08490566037735849
attention+token_confidence,107,0.214,0.3268628918524692,0.12149532710280374,0.214,0.8848020821368391,0.08411214953271028
attention+token_confidence,108,0.216,0.3282106046832527,0.12962962962962962,0.216,0.884041466088398,0.08333333333333333
attention+token_confidence,109,0.218,0.3289879667970843,0.12844036697247707,0.218,0.8836536278741384,0.08256880733944955
attention+token_confidence,110,0.22,0.3327211775665615,0.12727272727272726,0.22,0.8822667861797886,0.08181818181818182
attention+token_confidence,111,0.222,0.3329275322732967,0.12612612612612611,0.222,0.8796118321995979,0.08108108108108109
attention+token_confidence,112,0.224,0.3425621591974018,0.125,0.224,0.8777637702327731,0.08035714285714286
attention+token_confidence,113,0.226,0.3512617282711477,0.12389380530973451,0.226,0.8771553519158222,0.07964601769911504
attention+token_confidence,114,0.228,0.3565667956873645,0.13157894736842105,0.228,0.8770987692845166,0.07894736842105263
attention+token_confidence,115,0.23,0.3576204307036428,0.13043478260869565,0.23,0.8768871220581631,0.0782608695652174
attention+token_confidence,116,0.232,0.361290376996089,0.12931034482758622,0.232,0.8745254336212529,0.07758620689655173
attention+token_confidence,117,0.234,0.3664446233650944,0.1282051282051282,0.234,0.8744944916173515,0.07692307692307693
attention+token_confidence,118,0.236,0.3731450620714582,0.1271186440677966,0.236,0.8726457021586483,0.07627118644067797
attention+token_confidence,119,0.238,0.3765105891487468,0.12605042016806722,0.238,0.8716646660787125,0.07563025210084033
attention+token_confidence,120,0.24,0.3774917416078412,0.125,0.24,0.8715251496817761,0.075
attention+token_confidence,121,0.242,0.3851313073445456,0.12396694214876033,0.242,0.8697038352356246,0.0743801652892562
attention+token_confidence,122,0.244,0.3895227171640679,0.12295081967213115,0.244,0.8695601932856857,0.07377049180327869
attention+token_confidence,123,0.246,0.3959435089699722,0.12195121951219512,0.246,0.8686728536268123,0.07317073170731707
attention+token_confidence,124,0.248,0.4014749606190367,0.12903225806451613,0.248,0.867719606154645,0.07258064516129033
attention+token_confidence,125,0.25,0.4145458422657889,0.136,0.25,0.867377287221803,0.072
attention+token_confidence,126,0.252,0.4195866968790592,0.1349206349206349,0.252,0.8670097339818013,0.07142857142857142
attention+token_confidence,127,0.254,0.4214680358382076,0.13385826771653545,0.254,0.8654681033710677,0.07086614173228346
attention+token_confidence,128,0.256,0.4232318229908614,0.1328125,0.256,0.8651709954279619,0.0703125
attention+token_confidence,129,0.258,0.4237075203619277,0.13953488372093023,0.258,0.8649838263850198,0.07751937984496124
attention+token_confidence,130,0.26,0.4270238109625673,0.14615384615384616,0.26,0.8645770611027841,0.07692307692307693
attention+token_confidence,131,0.262,0.4279221029132853,0.1450381679389313,0.262,0.8635853872842001,0.07633587786259542
attention+token_confidence,132,0.264,0.4291498339070346,0.14393939393939395,0.264,0.8625952943213875,0.07575757575757576
attention+token_confidence,133,0.266,0.42999003700801,0.14285714285714285,0.266,0.8614580009745028,0.08270676691729323
attention+token_confidence,134,0.268,0.4383490465838546,0.1417910447761194,0.268,0.861085919058839,0.08208955223880597
attention+token_confidence,135,0.27,0.4387333911553172,0.14074074074074075,0.27,0.8580727352059062,0.08148148148148149
attention+token_confidence,136,0.272,0.4423342225475527,0.13970588235294118,0.272,0.8576349733143066,0.08823529411764706
attention+token_confidence,137,0.274,0.4451360047926896,0.145985401459854,0.274,0.8569029796550817,0.08759124087591241
attention+token_confidence,138,0.276,0.4473861069720255,0.14492753623188406,0.276,0.8568474004336788,0.08695652173913043
attention+token_confidence,139,0.278,0.4523692636098224,0.1510791366906475,0.278,0.8563263174618888,0.08633093525179857
attention+token_confidence,140,0.28,0.4528685189861928,0.15714285714285714,0.28,0.8525302927602152,0.08571428571428572
attention+token_confidence,141,0.282,0.4544442382137085,0.15602836879432624,0.282,0.8471218568318255,0.09219858156028368
attention+token_confidence,142,0.284,0.4557187052172218,0.15492957746478872,0.284,0.8470210318982845,0.09859154929577464
attention+token_confidence,143,0.286,0.4574871965747377,0.16083916083916083,0.286,0.8457426699491414,0.0979020979020979
attention+token_confidence,144,0.288,0.4578815622408596,0.1597222222222222,0.288,0.8435813825844244,0.09722222222222222
attention+token_confidence,145,0.29,0.4585052064618229,0.15862068965517243,0.29,0.8432980672875237,0.09655172413793103
attention+token_confidence,146,0.292,0.4610010345270294,0.15753424657534246,0.292,0.8424974605360918,0.0958904109589041
attention+token_confidence,147,0.294,0.4681663316727418,0.16326530612244897,0.294,0.841324929117133,0.09523809523809523
attention+token_confidence,148,0.296,0.4694908401214481,0.16216216216216217,0.296,0.8412597566024124,0.0945945945945946
attention+token_confidence,149,0.298,0.4714360595073691,0.16778523489932887,0.298,0.8401428107018613,0.09395973154362416
attention+token_confidence,150,0.3,0.4714558533701061,0.17333333333333334,0.3,0.8387772751497417,0.09333333333333334
attention+token_confidence,151,0.302,0.474000909843296,0.17880794701986755,0.302,0.8361240667032268,0.09933774834437085
attention+token_confidence,152,0.304,0.4740957350043129,0.17763157894736842,0.304,0.8356504322752693,0.09868421052631579
attention+token_confidence,153,0.306,0.4748837701723391,0.1830065359477124,0.306,0.8344921676276686,0.09803921568627451
attention+token_confidence,154,0.308,0.475037392169261,0.18181818181818182,0.308,0.834353591300059,0.09740259740259741
attention+token_confidence,155,0.31,0.4897055947486485,0.1870967741935484,0.31,0.8330474962548029,0.0967741935483871
attention+token_confidence,156,0.312,0.4990318077803971,0.19230769230769232,0.312,0.8324023493833765,0.10256410256410256
attention+token_confidence,157,0.314,0.5092672574708862,0.19745222929936307,0.314,0.8307609470623328,0.10191082802547771
attention+token_confidence,158,0.316,0.5137052455997557,0.20253164556962025,0.316,0.8281961675749797,0.10126582278481013
attention+token_confidence,159,0.318,0.5138329478883994,0.20754716981132076,0.318,0.826361489988681,0.10062893081761007
attention+token_confidence,160,0.32,0.515808424627644,0.2125,0.32,0.8248502883263594,0.1
attention+token_confidence,161,0.322,0.5175060531196661,0.21739130434782608,0.322,0.8218910322597928,0.09937888198757763
attention+token_confidence,162,0.324,0.517858915610296,0.21604938271604937,0.324,0.8213078034311752,0.09876543209876543
attention+token_confidence,163,0.326,0.520175227895226,0.2147239263803681,0.326,0.8185065049942628,0.09815950920245399
attention+token_confidence,164,0.328,0.5206869438619218,0.21951219512195122,0.328,0.8174644003279624,0.0975609756097561
attention+token_confidence,165,0.33,0.5236625876260846,0.22424242424242424,0.33,0.8173977227947212,0.10303030303030303
attention+token_confidence,166,0.332,0.5316795659911201,0.2289156626506024,0.332,0.8165399259311684,0.10240963855421686
attention+token_confidence,167,0.334,0.5342919502116501,0.2275449101796407,0.334,0.8148220998346877,0.10778443113772455
attention+token_confidence,168,0.336,0.5431007725979206,0.23214285714285715,0.336,0.81353037867169,0.10714285714285714
attention+token_confidence,169,0.338,0.5438159267186075,0.23668639053254437,0.338,0.8121134048071649,0.10650887573964497
attention+token_confidence,170,0.34,0.5515632231712939,0.2411764705882353,0.34,0.8111459699374499,0.10588235294117647
attention+token_confidence,171,0.342,0.5548612497661075,0.24561403508771928,0.342,0.810917662158254,0.1111111111111111
attention+token_confidence,172,0.344,0.5606630886933716,0.25,0.344,0.8106976537651062,0.11046511627906977
attention+token_confidence,173,0.346,0.5612936586155075,0.2543352601156069,0.346,0.8102059644929166,0.10982658959537572
attention+token_confidence,174,0.348,0.5621664790068839,0.25862068965517243,0.348,0.8100511183051889,0.10919540229885058
attention+token_confidence,175,0.35,0.5677045089312803,0.2571428571428571,0.35,0.8093889862276882,0.10857142857142857
attention+token_confidence,176,0.352,0.573991770600914,0.2556818181818182,0.352,0.8086335898083977,0.10795454545454546
attention+token_confidence,177,0.354,0.575187688789027,0.2542372881355932,0.354,0.8070070985713499,0.10734463276836158
attention+token_confidence,178,0.356,0.577584739901197,0.25842696629213485,0.356,0.8056270889959276,0.10674157303370786
attention+token_confidence,179,0.358,0.5800521247599927,0.2569832402234637,0.358,0.8055232876356156,0.10614525139664804
attention+token_confidence,180,0.36,0.5818610919229912,0.2611111111111111,0.36,0.8035955727737641,0.1111111111111111
attention+token_confidence,181,0.362,0.5828669603585392,0.2596685082872928,0.362,0.8033309203095736,0.11049723756906077
attention+token_confidence,182,0.364,0.5848933107596433,0.26373626373626374,0.364,0.8032229150442702,0.10989010989010989
attention+token_confidence,183,0.366,0.5850566181628647,0.2677595628415301,0.366,0.8026377542806887,0.1092896174863388
attention+token_confidence,184,0.368,0.5875224623720392,0.2717391304347826,0.368,0.8016905694009203,0.10869565217391304
attention+token_confidence,185,0.37,0.5909640411928475,0.2702702702702703,0.37,0.8003977183214799,0.10810810810810811
attention+token_confidence,186,0.372,0.5915620706531314,0.27419354838709675,0.372,0.7981846421512816,0.11290322580645161
attention+token_confidence,187,0.374,0.5942743804397856,0.2727272727272727,0.374,0.7978089705348279,0.11229946524064172
attention+token_confidence,188,0.376,0.5954089531100084,0.2765957446808511,0.376,0.7965778969946891,0.11702127659574468
attention+token_confidence,189,0.378,0.5963727928933478,0.2804232804232804,0.378,0.7964240918755215,0.1164021164021164
attention+token_confidence,190,0.38,0.5970835958803499,0.28421052631578947,0.38,0.7948397429403403,0.11578947368421053
attention+token_confidence,191,0.382,0.5983329132951719,0.2879581151832461,0.382,0.7922422769393881,0.11518324607329843
attention+token_confidence,192,0.384,0.5996858796649919,0.2864583333333333,0.384,0.7902563170808704,0.11458333333333333
attention+token_confidence,193,0.386,0.5997517841587449,0.2849740932642487,0.386,0.7832531281871097,0.11398963730569948
attention+token_confidence,194,0.388,0.6061342258701553,0.28865979381443296,0.388,0.7797844448180656,0.11855670103092783
attention+token_confidence,195,0.39,0.6071556132394369,0.2923076923076923,0.39,0.7790762447914162,0.11794871794871795
attention+token_confidence,196,0.392,0.6085805547789097,0.29081632653061223,0.392,0.7755753466422045,0.11734693877551021
attention+token_confidence,197,0.394,0.6096809181783749,0.29441624365482233,0.394,0.7736008485954162,0.116751269035533
attention+token_confidence,198,0.396,0.6177301643444733,0.29797979797979796,0.396,0.7722359938814644,0.11616161616161616
attention+token_confidence,199,0.398,0.618452399216893,0.3015075376884422,0.398,0.7721809221184783,0.11557788944723618
attention+token_confidence,200,0.4,0.6198635818702837,0.305,0.4,0.7721633444600231,0.115
attention+token_confidence,201,0.402,0.6274908593255408,0.30845771144278605,0.402,0.7715338475542808,0.11940298507462686
attention+token_confidence,202,0.404,0.627643651923393,0.3118811881188119,0.404,0.7713646899433706,0.1188118811881188
attention+token_confidence,203,0.406,0.6289889591711199,0.31527093596059114,0.406,0.7709070939405437,0.12315270935960591
attention+token_confidence,204,0.408,0.6290767447189962,0.3137254901960784,0.408,0.7708807217526753,0.12254901960784313
attention+token_confidence,205,0.41,0.6313100550248423,0.3121951219512195,0.41,0.7686941929441399,0.12195121951219512
attention+token_confidence,206,0.412,0.6323724981912661,0.3106796116504854,0.412,0.7668235035721929,0.12135922330097088
attention+token_confidence,207,0.414,0.6326285496637433,0.3140096618357488,0.414,0.7641866054150904,0.12077294685990338
attention+token_confidence,208,0.416,0.6332950840040293,0.3125,0.416,0.7621906444133307,0.1201923076923077
attention+token_confidence,209,0.418,0.6365908733603273,0.3157894736842105,0.418,0.7617374971373317,0.11961722488038277
attention+token_confidence,210,0.42,0.6417919917997501,0.319047619047619,0.42,0.7610466292690626,0.12380952380952381
attention+token_confidence,211,0.422,0.642716164477606,0.3222748815165877,0.422,0.7591580128545112,0.12796208530805686
attention+token_confidence,212,0.424,0.6427326742300916,0.32075471698113206,0.424,0.7588794905942329,0.12735849056603774
attention+token_confidence,213,0.426,0.6429836852703431,0.3192488262910798,0.426,0.7567445421825312,0.1267605633802817
attention+token_confidence,214,0.428,0.6433265562461343,0.32242990654205606,0.428,0.7549736886949857,0.1261682242990654
attention+token_confidence,215,0.43,0.6433533884776076,0.32558139534883723,0.43,0.7541395536855042,0.12558139534883722
attention+token_confidence,216,0.432,0.6485066165683021,0.3287037037037037,0.432,0.7534460276825244,0.125
attention+token_confidence,217,0.434,0.6535262606340669,0.3317972350230415,0.434,0.7533565361397833,0.12903225806451613
attention+token_confidence,218,0.436,0.6558331531736646,0.3302752293577982,0.436,0.7523482800322528,0.12844036697247707
attention+token_confidence,219,0.438,0.6564687387471912,0.3333333333333333,0.438,0.7505625893755948,0.1324200913242009
attention+token_confidence,220,0.44,0.657516923841418,0.33636363636363636,0.44,0.7495916530485837,0.1318181818181818
attention+token_confidence,221,0.442,0.658030954551949,0.3393665158371041,0.442,0.7490011768809436,0.13574660633484162
attention+token_confidence,222,0.444,0.6603567708687464,0.34234234234234234,0.444,0.7486754052955957,0.13513513513513514
attention+token_confidence,223,0.446,0.6609040203640232,0.34080717488789236,0.446,0.7484788118818725,0.13452914798206278
attention+token_confidence,224,0.448,0.6617360204582409,0.34375,0.448,0.7469165979033406,0.13392857142857142
attention+token_confidence,225,0.45,0.6618616266973201,0.3466666666666667,0.45,0.7466171030927661,0.13333333333333333
attention+token_confidence,226,0.452,0.6677025032959603,0.3495575221238938,0.452,0.7385020476702502,0.13274336283185842
attention+token_confidence,227,0.454,0.6712078716050099,0.3524229074889868,0.454,0.7372266475558952,0.13215859030837004
attention+token_confidence,228,0.456,0.671651932958839,0.35526315789473684,0.456,0.7365445914842323,0.13157894736842105
attention+token_confidence,229,0.458,0.6719145115322405,0.35807860262008734,0.458,0.73508354665781,0.13100436681222707
attention+token_confidence,230,0.46,0.6748253258161414,0.36086956521739133,0.46,0.7334676076385904,0.13043478260869565
attention+token_confidence,231,0.462,0.6765579171063142,0.36363636363636365,0.462,0.7306442702775425,0.1341991341991342
attention+token_confidence,232,0.464,0.6786226290059484,0.36637931034482757,0.464,0.7302760400511967,0.1336206896551724
attention+token_confidence,233,0.466,0.682631985365172,0.36909871244635195,0.466,0.7297903621052538,0.13733905579399142
attention+token_confidence,234,0.468,0.6827911874695732,0.3717948717948718,0.468,0.7284125452954092,0.13675213675213677
attention+token_confidence,235,0.47,0.6832793073241624,0.37446808510638296,0.47,0.7275533688561362,0.13617021276595745
attention+token_confidence,236,0.472,0.6843950222765128,0.3771186440677966,0.472,0.7260360785853146,0.13559322033898305
attention+token_confidence,237,0.474,0.6844057425030334,0.3755274261603376,0.474,0.7250746699117561,0.1350210970464135
attention+token_confidence,238,0.476,0.684430803359809,0.37815126050420167,0.476,0.7236116380876462,0.13445378151260504
attention+token_confidence,239,0.478,0.6875872127245148,0.3807531380753138,0.478,0.7220881642494623,0.13389121338912133
attention+token_confidence,240,0.48,0.6900176139492701,0.37916666666666665,0.48,0.7191312300480148,0.13333333333333333
attention+token_confidence,241,0.482,0.6929249753016045,0.3775933609958506,0.482,0.7153999587572408,0.13278008298755187
attention+token_confidence,242,0.484,0.6947347315925498,0.38016528925619836,0.484,0.7147887959731666,0.1322314049586777
attention+token_confidence,243,0.486,0.6959723270289415,0.3786008230452675,0.486,0.714557996966244,0.13168724279835392
attention+token_confidence,244,0.488,0.6997165529129433,0.38114754098360654,0.488,0.7140709144544128,0.13114754098360656
attention+token_confidence,245,0.49,0.7010512217032511,0.3836734693877551,0.49,0.7132794721048475,0.1306122448979592
attention+token_confidence,246,0.492,0.7032591313426962,0.3821138211382114,0.492,0.7115143252786128,0.13008130081300814
attention+token_confidence,247,0.494,0.7054580196608836,0.38461538461538464,0.494,0.7103926151672069,0.12955465587044535
attention+token_confidence,248,0.496,0.705790563257191,0.3870967741935484,0.496,0.7098373058689481,0.12903225806451613
attention+token_confidence,249,0.498,0.7078733765786741,0.3895582329317269,0.498,0.708734711147198,0.1285140562248996
attention+token_confidence,250,0.5,0.7079507005172568,0.388,0.5,0.7080165326508759,0.128
attention+token_confidence,251,0.502,0.7080165326508759,0.3904382470119522,0.502,0.7079507005172568,0.13147410358565736
attention+token_confidence,252,0.504,0.708734711147198,0.39285714285714285,0.504,0.7078733765786741,0.13095238095238096
attention+token_confidence,253,0.506,0.7098373058689481,0.3952569169960474,0.506,0.705790563257191,0.13043478260869565
attention+token_confidence,254,0.508,0.7103926151672069,0.39763779527559057,0.508,0.7054580196608836,0.12992125984251968
attention+token_confidence,255,0.51,0.7115143252786128,0.4,0.51,0.7032591313426962,0.13333333333333333
attention+token_confidence,256,0.512,0.7132794721048475,0.40234375,0.512,0.7010512217032511,0.1328125
attention+token_confidence,257,0.514,0.7140709144544128,0.4046692607003891,0.514,0.6997165529129433,0.13229571984435798
attention+token_confidence,258,0.516,0.714557996966244,0.4069767441860465,0.516,0.6959723270289415,0.13565891472868216
attention+token_confidence,259,0.518,0.7147887959731666,0.4092664092664093,0.518,0.6947347315925498,0.13513513513513514
attention+token_confidence,260,0.52,0.7153999587572408,0.4115384615384615,0.52,0.6929249753016045,0.13846153846153847
attention+token_confidence,261,0.522,0.7191312300480148,0.41379310344827586,0.522,0.6900176139492701,0.1417624521072797
attention+token_confidence,262,0.524,0.7220881642494623,0.41603053435114506,0.524,0.6875872127245148,0.14122137404580154
attention+token_confidence,263,0.526,0.7236116380876462,0.41825095057034223,0.526,0.684430803359809,0.14068441064638784
attention+token_confidence,264,0.528,0.7250746699117561,0.42045454545454547,0.528,0.6844057425030334,0.14393939393939395
attention+token_confidence,265,0.53,0.7260360785853146,0.4226415094339623,0.53,0.6843950222765128,0.14339622641509434
attention+token_confidence,266,0.532,0.7275533688561362,0.424812030075188,0.532,0.6832793073241624,0.14285714285714285
attention+token_confidence,267,0.534,0.7284125452954092,0.42696629213483145,0.534,0.6827911874695732,0.14232209737827714
attention+token_confidence,268,0.536,0.7297903621052538,0.4253731343283582,0.536,0.682631985365172,0.1417910447761194
attention+token_confidence,269,0.538,0.7302760400511967,0.4275092936802974,0.538,0.6786226290059484,0.1412639405204461
attention+token_confidence,270,0.54,0.7306442702775425,0.42592592592592593,0.54,0.6765579171063142,0.14074074074074075
attention+token_confidence,271,0.542,0.7334676076385904,0.4280442804428044,0.542,0.6748253258161414,0.14022140221402213
attention+token_confidence,272,0.544,0.73508354665781,0.43014705882352944,0.544,0.6719145115322405,0.13970588235294118
attention+token_confidence,273,0.546,0.7365445914842323,0.43223443223443225,0.546,0.671651932958839,0.1391941391941392
attention+token_confidence,274,0.548,0.7372266475558952,0.4343065693430657,0.548,0.6712078716050099,0.1386861313868613
attention+token_confidence,275,0.55,0.7385020476702502,0.43636363636363634,0.55,0.6677025032959603,0.13818181818181818
attention+token_confidence,276,0.552,0.7466171030927661,0.4384057971014493,0.552,0.6618616266973201,0.13768115942028986
attention+token_confidence,277,0.554,0.7469165979033406,0.4404332129963899,0.554,0.6617360204582409,0.1371841155234657
attention+token_confidence,278,0.556,0.7484788118818725,0.44244604316546765,0.556,0.6609040203640232,0.14028776978417265
attention+token_confidence,279,0.558,0.7486754052955957,0.4444444444444444,0.558,0.6603567708687464,0.13978494623655913
attention+token_confidence,280,0.56,0.7490011768809436,0.44285714285714284,0.56,0.658030954551949,0.1392857142857143
attention+token_confidence,281,0.562,0.7495916530485837,0.44483985765124556,0.562,0.657516923841418,0.1387900355871886
attention+token_confidence,282,0.564,0.7505625893755948,0.4432624113475177,0.564,0.6564687387471912,0.13829787234042554
attention+token_confidence,283,0.566,0.7523482800322528,0.4452296819787986,0.566,0.6558331531736646,0.1413427561837456
attention+token_confidence,284,0.568,0.7533565361397833,0.44366197183098594,0.568,0.6535262606340669,0.14084507042253522
attention+token_confidence,285,0.57,0.7534460276825244,0.4456140350877193,0.57,0.6485066165683021,0.14035087719298245
attention+token_confidence,286,0.572,0.7541395536855042,0.44755244755244755,0.572,0.6433533884776076,0.13986013986013987
attention+token_confidence,287,0.574,0.7549736886949857,0.44947735191637633,0.574,0.6433265562461343,0.13937282229965156
attention+token_confidence,288,0.576,0.7567445421825312,0.4513888888888889,0.576,0.6429836852703431,0.1423611111111111
attention+token_confidence,289,0.578,0.7588794905942329,0.4532871972318339,0.578,0.6427326742300916,0.1453287197231834
attention+token_confidence,290,0.58,0.7591580128545112,0.4517241379310345,0.58,0.642716164477606,0.14482758620689656
attention+token_confidence,291,0.582,0.7610466292690626,0.45017182130584193,0.582,0.6417919917997501,0.14432989690721648
attention+token_confidence,292,0.584,0.7617374971373317,0.4520547945205479,0.584,0.6365908733603273,0.14383561643835616
attention+token_confidence,293,0.586,0.7621906444133307,0.4539249146757679,0.586,0.6332950840040293,0.14675767918088736
attention+token_confidence,294,0.588,0.7641866054150904,0.4557823129251701,0.588,0.6326285496637433,0.14625850340136054
attention+token_confidence,295,0.59,0.7668235035721929,0.4576271186440678,0.59,0.6323724981912661,0.14915254237288136
attention+token_confidence,296,0.592,0.7686941929441399,0.4594594594594595,0.592,0.6313100550248423,0.15202702702702703
attention+token_confidence,297,0.594,0.7708807217526753,0.4612794612794613,0.594,0.6290767447189962,0.15488215488215487
attention+token_confidence,298,0.596,0.7709070939405437,0.4597315436241611,0.596,0.6289889591711199,0.15436241610738255
attention+token_confidence,299,0.598,0.7713646899433706,0.46153846153846156,0.598,0.627643651923393,0.15384615384615385
attention+token_confidence,300,0.6,0.7715338475542808,0.46,0.6,0.6274908593255408,0.15333333333333332
attention+token_confidence,301,0.602,0.7721633444600231,0.46179401993355484,0.602,0.6198635818702837,0.15282392026578073
attention+token_confidence,302,0.604,0.7721809221184783,0.46357615894039733,0.604,0.618452399216893,0.152317880794702
attention+token_confidence,303,0.606,0.7722359938814644,0.46534653465346537,0.606,0.6177301643444733,0.15181518151815182
attention+token_confidence,304,0.608,0.7736008485954162,0.46710526315789475,0.608,0.6096809181783749,0.1513157894736842
attention+token_confidence,305,0.61,0.7755753466422045,0.46885245901639344,0.61,0.6085805547789097,0.1540983606557377
attention+token_confidence,306,0.612,0.7790762447914162,0.47058823529411764,0.612,0.6071556132394369,0.15359477124183007
attention+token_confidence,307,0.614,0.7797844448180656,0.46905537459283386,0.614,0.6061342258701553,0.15309446254071662
attention+token_confidence,308,0.616,0.7832531281871097,0.4707792207792208,0.616,0.5997517841587449,0.15584415584415584
attention+token_confidence,309,0.618,0.7902563170808704,0.47249190938511326,0.618,0.5996858796649919,0.15857605177993528
attention+token_confidence,310,0.62,0.7922422769393881,0.47419354838709676,0.62,0.5983329132951719,0.15806451612903225
attention+token_confidence,311,0.622,0.7948397429403403,0.4758842443729904,0.622,0.5970835958803499,0.15755627009646303
attention+token_confidence,312,0.624,0.7964240918755215,0.4775641025641026,0.624,0.5963727928933478,0.15705128205128205
attention+token_confidence,313,0.626,0.7965778969946891,0.476038338658147,0.626,0.5954089531100084,0.15654952076677317
attention+token_confidence,314,0.628,0.7978089705348279,0.47770700636942676,0.628,0.5942743804397856,0.1592356687898089
attention+token_confidence,315,0.63,0.7981846421512816,0.47619047619047616,0.63,0.5915620706531314,0.15873015873015872
attention+token_confidence,316,0.632,0.8003977183214799,0.4778481012658228,0.632,0.5909640411928475,0.16139240506329114
attention+token_confidence,317,0.634,0.8016905694009203,0.4794952681388013,0.634,0.5875224623720392,0.1608832807570978
attention+token_confidence,318,0.636,0.8026377542806887,0.4811320754716981,0.636,0.5850566181628647,0.16037735849056603
attention+token_confidence,319,0.638,0.8032229150442702,0.4827586206896552,0.638,0.5848933107596433,0.15987460815047022
attention+token_confidence,320,0.64,0.8033309203095736,0.484375,0.64,0.5828669603585392,0.1625
attention+token_confidence,321,0.642,0.8035955727737641,0.48286604361370716,0.642,0.5818610919229912,0.16199376947040497
attention+token_confidence,322,0.644,0.8055232876356156,0.484472049689441,0.644,0.5800521247599927,0.16459627329192547
attention+token_confidence,323,0.646,0.8056270889959276,0.48606811145510836,0.646,0.577584739901197,0.16408668730650156
attention+token_confidence,324,0.648,0.8070070985713499,0.4876543209876543,0.648,0.575187688789027,0.16666666666666666
attention+token_confidence,325,0.65,0.8086335898083977,0.48923076923076925,0.65,0.573991770600914,0.16923076923076924
attention+token_confidence,326,0.652,0.8093889862276882,0.49079754601226994,0.652,0.5677045089312803,0.17177914110429449
attention+token_confidence,327,0.654,0.8100511183051889,0.4923547400611621,0.654,0.5621664790068839,0.1712538226299694
attention+token_confidence,328,0.656,0.8102059644929166,0.49390243902439024,0.656,0.5612936586155075,0.17073170731707318
attention+token_confidence,329,0.658,0.8106976537651062,0.49544072948328266,0.658,0.5606630886933716,0.1702127659574468
attention+token_confidence,330,0.66,0.810917662158254,0.49393939393939396,0.66,0.5548612497661075,0.1696969696969697
attention+token_confidence,331,0.662,0.8111459699374499,0.4954682779456193,0.662,0.5515632231712939,0.1691842900302115
attention+token_confidence,332,0.664,0.8121134048071649,0.49698795180722893,0.664,0.5438159267186075,0.1686746987951807
attention+token_confidence,333,0.666,0.81353037867169,0.4984984984984985,0.666,0.5431007725979206,0.16816816816816818
attention+token_confidence,334,0.668,0.8148220998346877,0.49700598802395207,0.668,0.5342919502116501,0.17065868263473055
attention+token_confidence,335,0.67,0.8165399259311684,0.49850746268656715,0.67,0.5316795659911201,0.1701492537313433
attention+token_confidence,336,0.672,0.8173977227947212,0.49702380952380953,0.672,0.5236625876260846,0.16964285714285715
attention+token_confidence,337,0.674,0.8174644003279624,0.49851632047477745,0.674,0.5206869438619218,0.16913946587537093
attention+token_confidence,338,0.676,0.8185065049942628,0.5,0.676,0.520175227895226,0.17159763313609466
attention+token_confidence,339,0.678,0.8213078034311752,0.5014749262536873,0.678,0.517858915610296,0.17404129793510326
attention+token_confidence,340,0.68,0.8218910322597928,0.5029411764705882,0.68,0.5175060531196661,0.17352941176470588
attention+token_confidence,341,0.682,0.8248502883263594,0.5043988269794721,0.682,0.515808424627644,0.17302052785923755
attention+token_confidence,342,0.684,0.826361489988681,0.5058479532163743,0.684,0.5138329478883994,0.17251461988304093
attention+token_confidence,343,0.686,0.8281961675749797,0.5072886297376094,0.686,0.5137052455997557,0.17201166180758018
attention+token_confidence,344,0.688,0.8307609470623328,0.5087209302325582,0.688,0.5092672574708862,0.17151162790697674
attention+token_confidence,345,0.69,0.8324023493833765,0.5072463768115942,0.69,0.4990318077803971,0.17101449275362318
attention+token_confidence,346,0.692,0.8330474962548029,0.5086705202312138,0.692,0.4897055947486485,0.17052023121387283
attention+token_confidence,347,0.694,0.834353591300059,0.5100864553314121,0.694,0.475037392169261,0.1729106628242075
attention+token_confidence,348,0.696,0.8344921676276686,0.5114942528735632,0.696,0.4748837701723391,0.1724137931034483
attention+token_confidence,349,0.698,0.8356504322752693,0.5128939828080229,0.698,0.4740957350043129,0.17478510028653296
attention+token_confidence,350,0.7,0.8361240667032268,0.5114285714285715,0.7,0.474000909843296,0.1742857142857143
attention+token_confidence,351,0.702,0.8387772751497417,0.5128205128205128,0.702,0.4714558533701061,0.1737891737891738
attention+token_confidence,352,0.704,0.8401428107018613,0.5142045454545454,0.704,0.4714360595073691,0.17329545454545456
attention+token_confidence,353,0.706,0.8412597566024124,0.5155807365439093,0.706,0.4694908401214481,0.17563739376770537
attention+token_confidence,354,0.708,0.841324929117133,0.5169491525423728,0.708,0.4681663316727418,0.1751412429378531
attention+token_confidence,355,0.71,0.8424974605360918,0.5183098591549296,0.71,0.4610010345270294,0.17746478873239438
attention+token_confidence,356,0.712,0.8432980672875237,0.5196629213483146,0.712,0.4585052064618229,0.1797752808988764
attention+token_confidence,357,0.714,0.8435813825844244,0.5210084033613446,0.714,0.4578815622408596,0.18207282913165265
attention+token_confidence,358,0.716,0.8457426699491414,0.5223463687150838,0.716,0.4574871965747377,0.18156424581005587
attention+token_confidence,359,0.718,0.8470210318982845,0.520891364902507,0.718,0.4557187052172218,0.18384401114206128
attention+token_confidence,360,0.72,0.8471218568318255,0.5194444444444445,0.72,0.4544442382137085,0.18611111111111112
attention+token_confidence,361,0.722,0.8525302927602152,0.5207756232686981,0.722,0.4528685189861928,0.18559556786703602
attention+token_confidence,362,0.724,0.8563263174618888,0.5220994475138122,0.724,0.4523692636098224,0.1850828729281768
attention+token_confidence,363,0.726,0.8568474004336788,0.5234159779614325,0.726,0.4473861069720255,0.18732782369146006
attention+token_confidence,364,0.728,0.8569029796550817,0.5247252747252747,0.728,0.4451360047926896,0.18681318681318682
attention+token_confidence,365,0.73,0.8576349733143066,0.5232876712328767,0.73,0.4423342225475527,0.18904109589041096
attention+token_confidence,366,0.732,0.8580727352059062,0.5245901639344263,0.732,0.4387333911553172,0.1912568306010929
attention+token_confidence,367,0.734,0.861085919058839,0.5258855585831063,0.734,0.4383490465838546,0.19346049046321526
attention+token_confidence,368,0.736,0.8614580009745028,0.5244565217391305,0.736,0.42999003700801,0.1956521739130435
attention+token_confidence,369,0.738,0.8625952943213875,0.5257452574525745,0.738,0.4291498339070346,0.1978319783197832
attention+token_confidence,370,0.74,0.8635853872842001,0.527027027027027,0.74,0.4279221029132853,0.2
attention+token_confidence,371,0.742,0.8645770611027841,0.5283018867924528,0.742,0.4270238109625673,0.19946091644204852
attention+token_confidence,372,0.744,0.8649838263850198,0.5268817204301075,0.744,0.4237075203619277,0.1989247311827957
attention+token_confidence,373,0.746,0.8651709954279619,0.5281501340482574,0.746,0.4232318229908614,0.20107238605898123
attention+token_confidence,374,0.748,0.8654681033710677,0.5294117647058824,0.748,0.4214680358382076,0.20320855614973263
attention+token_confidence,375,0.75,0.8670097339818013,0.5306666666666666,0.75,0.4195866968790592,0.20533333333333334
attention+token_confidence,376,0.752,0.867377287221803,0.5319148936170213,0.752,0.4145458422657889,0.2047872340425532
attention+token_confidence,377,0.754,0.867719606154645,0.53315649867374,0.754,0.4014749606190367,0.20424403183023873
attention+token_confidence,378,0.756,0.8686728536268123,0.5343915343915344,0.756,0.3959435089699722,0.20634920634920634
attention+token_confidence,379,0.758,0.8695601932856857,0.5356200527704486,0.758,0.3895227171640679,0.20844327176781002
attention+token_confidence,380,0.76,0.8697038352356246,0.5368421052631579,0.76,0.3851313073445456,0.21052631578947367
attention+token_confidence,381,0.762,0.8715251496817761,0.5380577427821522,0.762,0.3774917416078412,0.2125984251968504
attention+token_confidence,382,0.764,0.8716646660787125,0.5392670157068062,0.764,0.3765105891487468,0.21465968586387435
attention+token_confidence,383,0.766,0.8726457021586483,0.5404699738903395,0.766,0.3731450620714582,0.21671018276762402
attention+token_confidence,384,0.768,0.8744944916173515,0.5416666666666666,0.768,0.3664446233650944,0.21875
attention+token_confidence,385,0.77,0.8745254336212529,0.5428571428571428,0.77,0.361290376996089,0.22077922077922077
attention+token_confidence,386,0.772,0.8768871220581631,0.5440414507772021,0.772,0.3576204307036428,0.22279792746113988
attention+token_confidence,387,0.774,0.8770987692845166,0.5452196382428941,0.774,0.3565667956873645,0.2222222222222222
attention+token_confidence,388,0.776,0.8771553519158222,0.5463917525773195,0.776,0.3512617282711477,0.22422680412371135
attention+token_confidence,389,0.778,0.8777637702327731,0.5475578406169666,0.778,0.3425621591974018,0.2262210796915167
attention+token_confidence,390,0.78,0.8796118321995979,0.5487179487179488,0.78,0.3329275322732967,0.2282051282051282
attention+token_confidence,391,0.782,0.8822667861797886,0.5498721227621484,0.782,0.3327211775665615,0.23017902813299232
attention+token_confidence,392,0.784,0.8836536278741384,0.5510204081632653,0.784,0.3289879667970843,0.23214285714285715
attention+token_confidence,393,0.786,0.884041466088398,0.5521628498727735,0.786,0.3282106046832527,0.23155216284987276
attention+token_confidence,394,0.788,0.8848020821368391,0.5532994923857868,0.788,0.3268628918524692,0.233502538071066
attention+token_confidence,395,0.79,0.8864001507436605,0.5544303797468354,0.79,0.3207668768292319,0.23544303797468355
attention+token_confidence,396,0.792,0.8903307177062396,0.5555555555555556,0.792,0.3206862045805553,0.23737373737373738
attention+token_confidence,397,0.794,0.8907333309420918,0.5566750629722922,0.794,0.3177118441155753,0.2367758186397985
attention+token_confidence,398,0.796,0.8916429392129243,0.5552763819095478,0.796,0.3074313878406336,0.23869346733668342
attention+token_confidence,399,0.798,0.8930376321984566,0.556390977443609,0.798,0.3022076782533254,0.24060150375939848
attention+token_confidence,400,0.8,0.8964142370312385,0.555,0.8,0.2971040589029634,0.24
attention+token_confidence,401,0.802,0.8966874062876427,0.5561097256857855,0.802,0.2955229602615564,0.24189526184538654
attention+token_confidence,402,0.804,0.897883925154875,0.5572139303482587,0.804,0.2950063311533484,0.24378109452736318
attention+token_confidence,403,0.806,0.8984951610257692,0.5583126550868487,0.806,0.2922142217456469,0.2456575682382134
attention+token_confidence,404,0.808,0.8985493206738542,0.5594059405940595,0.808,0.2852093587966622,0.24504950495049505
attention+token_confidence,405,0.81,0.9012903418521668,0.5604938271604938,0.81,0.2807829148644174,0.24444444444444444
attention+token_confidence,406,0.812,0.9026194161714468,0.5591133004926109,0.812,0.2700063124475624,0.2438423645320197
attention+token_confidence,407,0.814,0.9030956721160284,0.5601965601965602,0.814,0.2625091547715033,0.2457002457002457
attention+token_confidence,408,0.816,0.908955328686482,0.5612745098039216,0.816,0.2609848179372633,0.24509803921568626
attention+token_confidence,409,0.818,0.9107001776043177,0.5623471882640587,0.818,0.2604485784170036,0.24449877750611246
attention+token_confidence,410,0.82,0.9117939166242498,0.5634146341463414,0.82,0.2549055114033135,0.24634146341463414
attention+token_confidence,411,0.822,0.9126606276252022,0.5620437956204379,0.822,0.2541761007040711,0.24574209245742093
attention+token_confidence,412,0.824,0.9137012513043228,0.5631067961165048,0.824,0.2507457594762771,0.24757281553398058
attention+token_confidence,413,0.826,0.9148588620450762,0.5641646489104116,0.826,0.2482241171194774,0.24939467312348668
attention+token_confidence,414,0.828,0.9151994063333884,0.5628019323671497,0.828,0.2471414786307792,0.25120772946859904
attention+token_confidence,415,0.83,0.9180783073495944,0.563855421686747,0.83,0.2363946618726662,0.25301204819277107
attention+token_confidence,416,0.832,0.918325317177608,0.5649038461538461,0.832,0.235528273525444,0.2548076923076923
attention+token_confidence,417,0.834,0.9187395958548232,0.565947242206235,0.834,0.2314759867314629,0.2565947242206235
attention+token_confidence,418,0.836,0.918827020710028,0.5669856459330144,0.836,0.223430178887128,0.2583732057416268
attention+token_confidence,419,0.838,0.9207131533018544,0.5656324582338902,0.838,0.2226657985671281,0.2577565632458234
attention+token_confidence,420,0.84,0.9211533057388024,0.5666666666666667,0.84,0.217279191629585,0.25952380952380955
attention+token_confidence,421,0.842,0.9221168408842424,0.5676959619952494,0.842,0.2143237775365511,0.26128266033254155
attention+token_confidence,422,0.844,0.9224330264065976,0.5687203791469194,0.844,0.2137820106607889,0.26303317535545023
attention+token_confidence,423,0.846,0.9226298600618362,0.5697399527186762,0.846,0.208445578754384,0.2647754137115839
attention+token_confidence,424,0.848,0.9230376657739264,0.5707547169811321,0.848,0.2044313552635079,0.2665094339622642
attention+token_confidence,425,0.85,0.9280547910834528,0.571764705882353,0.85,0.1913866805601677,0.26823529411764707
attention+token_confidence,426,0.852,0.930174745016042,0.5727699530516432,0.852,0.1912475140853132,0.2699530516431925
attention+token_confidence,427,0.854,0.9303110543935555,0.5737704918032787,0.854,0.1841563477818222,0.2693208430913349
attention+token_confidence,428,0.856,0.9304816960083084,0.5747663551401869,0.856,0.1733403364760333,0.26869158878504673
attention+token_confidence,429,0.858,0.9310887298799678,0.5757575757575758,0.858,0.1728514580920259,0.2703962703962704
attention+token_confidence,430,0.86,0.9327372655352836,0.5767441860465117,0.86,0.1674554424842489,0.27209302325581397
attention+token_confidence,431,0.862,0.9327401313221892,0.5777262180974478,0.862,0.1636093172135224,0.2737819025522042
attention+token_confidence,432,0.864,0.9350429710811224,0.5787037037037037,0.864,0.1628308834406205,0.27546296296296297
attention+token_confidence,433,0.866,0.9374826347872856,0.5773672055427251,0.866,0.1620000081207104,0.27713625866050806
attention+token_confidence,434,0.868,0.9375036143738728,0.5783410138248848,0.868,0.1609738267263821,0.27880184331797236
attention+token_confidence,435,0.87,0.9376463848764628,0.5793103448275863,0.87,0.1609002643004598,0.27816091954022987
attention+token_confidence,436,0.872,0.9377141404576584,0.5802752293577982,0.872,0.1607512287931619,0.2798165137614679
attention+token_confidence,437,0.874,0.9381781859511068,0.5812356979405034,0.874,0.1583762343054297,0.2814645308924485
attention+token_confidence,438,0.876,0.9386683784590404,0.5821917808219178,0.876,0.1566874075628553,0.2831050228310502
attention+token_confidence,439,0.878,0.9389132935608392,0.5831435079726651,0.878,0.1470411645152647,0.2847380410022779
attention+token_confidence,440,0.88,0.9397519815450386,0.5840909090909091,0.88,0.1437958493885846,0.2863636363636364
attention+token_confidence,441,0.882,0.9406559720388934,0.5850340136054422,0.882,0.1420144345147805,0.28798185941043086
attention+token_confidence,442,0.884,0.9418651454602668,0.5859728506787331,0.884,0.1384978107252132,0.2895927601809955
attention+token_confidence,443,0.886,0.9421916624735964,0.5869074492099323,0.886,0.1376904242459822,0.291196388261851
attention+token_confidence,444,0.888,0.9431486567895796,0.5855855855855856,0.888,0.1366050576745429,0.2927927927927928
attention+token_confidence,445,0.89,0.9477853748095671,0.5865168539325842,0.89,0.1340513031019166,0.2943820224719101
attention+token_confidence,446,0.892,0.9477969630961462,0.5874439461883408,0.892,0.1331573454924008,0.29596412556053814
attention+token_confidence,447,0.894,0.9483559164619644,0.5883668903803132,0.894,0.128362535118585,0.2975391498881432
attention+token_confidence,448,0.896,0.948690462012483,0.5892857142857143,0.896,0.1264089909955965,0.29910714285714285
attention+token_confidence,449,0.898,0.948699554526074,0.5902004454342984,0.898,0.1247758665909999,0.30066815144766146
attention+token_confidence,450,0.9,0.948766424066024,0.5911111111111111,0.9,0.122050597339923,0.3022222222222222
attention+token_confidence,451,0.902,0.949092237889167,0.5920177383592018,0.902,0.1199080508645801,0.30376940133037694
attention+token_confidence,452,0.904,0.9493861924923264,0.5929203539823009,0.904,0.1190066762153471,0.3053097345132743
attention+token_confidence,453,0.906,0.9499021449886794,0.5938189845474614,0.906,0.1181208353378679,0.3068432671081678
attention+token_confidence,454,0.908,0.9501263247073845,0.5947136563876652,0.908,0.1156925682803112,0.30837004405286345
attention+token_confidence,455,0.91,0.9501323174879264,0.5956043956043956,0.91,0.1129733736312101,0.3098901098901099
attention+token_confidence,456,0.912,0.9533551798481472,0.5964912280701754,0.912,0.112162719544085,0.31140350877192985
attention+token_confidence,457,0.914,0.9549343734288313,0.5973741794310722,0.914,0.10192102887078,0.31291028446389496
attention+token_confidence,458,0.916,0.9550745969238076,0.5982532751091703,0.916,0.1001776538484454,0.314410480349345
attention+token_confidence,459,0.918,0.9559136188352506,0.599128540305011,0.918,0.0986114752493777,0.3159041394335512
attention+token_confidence,460,0.92,0.9566247763419696,0.6,0.92,0.0935258865019757,0.3173913043478261
attention+token_confidence,461,0.922,0.9570068886544016,0.6008676789587852,0.922,0.092957500244484,0.31670281995661603
attention+token_confidence,462,0.924,0.9576065174531438,0.6017316017316018,0.924,0.0919693186951409,0.3181818181818182
attention+token_confidence,463,0.926,0.9576619101793524,0.6025917926565875,0.926,0.0878246755209708,0.31965442764578833
attention+token_confidence,464,0.928,0.958515328805192,0.603448275862069,0.928,0.0858326595694598,0.32112068965517243
attention+token_confidence,465,0.93,0.959125748097074,0.6043010752688172,0.93,0.0847078030031482,0.3225806451612903
attention+token_confidence,466,0.932,0.9606002586493656,0.6051502145922747,0.932,0.0764895658182144,0.3240343347639485
attention+token_confidence,467,0.934,0.9614354993658988,0.6059957173447538,0.934,0.0747617354140663,0.32548179871520344
attention+token_confidence,468,0.936,0.9628020493200374,0.6068376068376068,0.936,0.0738858107705687,0.3269230769230769
attention+token_confidence,469,0.938,0.9640793458730218,0.6076759061833689,0.938,0.072766661502599,0.3283582089552239
attention+token_confidence,470,0.94,0.9642450895714932,0.6063829787234043,0.94,0.0719454317170123,0.32978723404255317
attention+token_confidence,471,0.942,0.9648107476625228,0.6072186836518046,0.942,0.0692722080187277,0.33121019108280253
attention+token_confidence,472,0.944,0.964818659600536,0.6080508474576272,0.944,0.0676075949390788,0.3326271186440678
attention+token_confidence,473,0.946,0.96531577935675,0.6088794926004228,0.946,0.0660969416174792,0.33403805496828753
attention+token_confidence,474,0.948,0.965637044338961,0.609704641350211,0.948,0.0610915339977697,0.33544303797468356
attention+token_confidence,475,0.95,0.9660852211560884,0.6105263157894737,0.95,0.0606236331815382,0.3368421052631579
attention+token_confidence,476,0.952,0.9666854495254356,0.6113445378151261,0.952,0.0560336768315047,0.3382352941176471
attention+token_confidence,477,0.954,0.9667367864575248,0.6121593291404612,0.954,0.054701760765101,0.33962264150943394
attention+token_confidence,478,0.956,0.9685228007290276,0.6129707112970711,0.956,0.0543329200985342,0.3410041841004184
attention+token_confidence,479,0.958,0.9687058504539032,0.6137787056367432,0.958,0.0511793992671787,0.34237995824634654
attention+token_confidence,480,0.96,0.970549647294138,0.6145833333333334,0.96,0.0490070035805659,0.34375
attention+token_confidence,481,0.962,0.9721827898411848,0.6153846153846154,0.962,0.0489664875156324,0.34511434511434513
attention+token_confidence,482,0.964,0.973190274502959,0.6161825726141079,0.964,0.0468416422826022,0.34647302904564314
attention+token_confidence,483,0.966,0.9732511054030432,0.6169772256728778,0.966,0.0454528299180296,0.34782608695652173
attention+token_confidence,484,0.968,0.9741328162247131,0.6177685950413223,0.968,0.0442421431763912,0.34917355371900827
attention+token_confidence,485,0.97,0.9745436925648118,0.6185567010309279,0.97,0.0417461546422771,0.35051546391752575
attention+token_confidence,486,0.972,0.9757730331361376,0.6193415637860082,0.972,0.0395641443315126,0.35185185185185186
attention+token_confidence,487,0.974,0.9773843115323014,0.6201232032854209,0.974,0.0389003785374588,0.3531827515400411
attention+token_confidence,488,0.976,0.977698521679894,0.6209016393442623,0.976,0.0380335912403164,0.35450819672131145
attention+token_confidence,489,0.978,0.977959492343497,0.621676891615542,0.978,0.0378623832763311,0.3558282208588957
attention+token_confidence,490,0.98,0.9792471176167132,0.6224489795918368,0.98,0.0315046073272142,0.35714285714285715
attention+token_confidence,491,0.982,0.9810166569006132,0.6232179226069247,0.982,0.030209702523862,0.35845213849287166
attention+token_confidence,492,0.984,0.9829794939381524,0.6239837398373984,0.984,0.0279689878182084,0.3597560975609756
attention+token_confidence,493,0.986,0.9831547068530598,0.6247464503042597,0.986,0.0263909221112579,0.36105476673427994
attention+token_confidence,494,0.988,0.98317542947763,0.6255060728744939,0.988,0.0225708746186089,0.3623481781376518
attention+token_confidence,495,0.99,0.9844479900381802,0.6262626262626263,0.99,0.021779900874515,0.36363636363636365
attention+token_confidence,496,0.992,0.9850935253010116,0.6270161290322581,0.992,0.0216508678444895,0.3649193548387097
attention+token_confidence,497,0.994,0.9912991879870944,0.6277665995975855,0.994,0.0195372420021865,0.36619718309859156
attention+token_confidence,498,0.996,0.9928527266135558,0.6285140562248996,0.996,0.0123371106917301,0.3674698795180723
attention+token_confidence,499,0.998,0.9941451370932688,0.6292585170340681,0.998,0.0103651358491648,0.3687374749498998
attention+token_confidence,500,1.0,0.9977205331016844,0.63,1.0,0.0081161643438803,0.37
all_internal,1,0.002,0.0051547535158633,0.0,0.002,0.99871993888924,0.0
all_internal,2,0.004,0.0102502753578413,0.0,0.004,0.9970925733080792,0.0
all_internal,3,0.006,0.0105554782366073,0.0,0.006,0.9969274460736672,0.0
all_internal,4,0.008,0.0106147716247176,0.0,0.008,0.996764839363319,0.0
all_internal,5,0.01,0.0115263383492871,0.0,0.01,0.991787413612845,0.0
all_internal,6,0.012,0.0156345884955984,0.0,0.012,0.9905310786917784,0.0
all_internal,7,0.014,0.0207594875581867,0.0,0.014,0.9895796856816104,0.0
all_internal,8,0.016,0.0215098387252909,0.0,0.016,0.9895331090076568,0.0
all_internal,9,0.018,0.0254999360224143,0.0,0.018,0.989483858256258,0.0
all_internal,10,0.02,0.0301623420968221,0.0,0.02,0.9886469829332234,0.0
all_internal,11,0.022,0.0305085991882091,0.0,0.022,0.9881886092806036,0.0
all_internal,12,0.024,0.0312826596824861,0.0,0.024,0.9878381683343084,0.0
all_internal,13,0.026,0.0325260734324113,0.0,0.026,0.9872623953939296,0.0
all_internal,14,0.028,0.038808877333707,0.0,0.028,0.987243053766261,0.0
all_internal,15,0.03,0.039971897969603,0.0,0.03,0.9825403391984744,0.0
all_internal,16,0.032,0.0410637451201854,0.0,0.032,0.9804469436777145,0.0
all_internal,17,0.034,0.0413049660870202,0.0,0.034,0.9800882211063676,0.0
all_internal,18,0.036,0.0427784717441981,0.05555555555555555,0.036,0.9797113196812308,0.0
all_internal,19,0.038,0.0438295719108183,0.05263157894736842,0.038,0.9787621711471944,0.0
all_internal,20,0.04,0.0475331642706207,0.05,0.04,0.9784748483668192,0.0
all_internal,21,0.042,0.0479827650404212,0.047619047619047616,0.042,0.9780773916023509,0.0
all_internal,22,0.044,0.0501715108467248,0.045454545454545456,0.044,0.976622563828543,0.0
all_internal,23,0.046,0.0505286666390137,0.043478260869565216,0.046,0.9757114119988226,0.0
all_internal,24,0.048,0.0512699769965054,0.041666666666666664,0.048,0.9733558147631728,0.0
all_internal,25,0.05,0.0531116703379043,0.04,0.05,0.972145261721599,0.0
all_internal,26,0.052,0.0595367704698281,0.038461538461538464,0.052,0.9712760534569472,0.0
all_internal,27,0.054,0.0647497275526394,0.037037037037037035,0.054,0.9708760397004924,0.0
all_internal,28,0.056,0.0649733946078297,0.03571428571428571,0.056,0.969906457589422,0.0
all_internal,29,0.058,0.0661320229033862,0.034482758620689655,0.058,0.9684444961418276,0.0
all_internal,30,0.06,0.0700774505507472,0.03333333333333333,0.06,0.96790813759446,0.0
all_internal,31,0.062,0.0700972962369033,0.03225806451612903,0.062,0.967568945884254,0.0
all_internal,32,0.064,0.0717775242756373,0.03125,0.064,0.9672501999401768,0.0
all_internal,33,0.066,0.0735386547273603,0.030303030303030304,0.066,0.9643796921608492,0.0
all_internal,34,0.068,0.0782025225782084,0.029411764705882353,0.068,0.9643663365568618,0.0
all_internal,35,0.07,0.0803810906241986,0.02857142857142857,0.07,0.9642635511628284,0.0
all_internal,36,0.072,0.0871935008136319,0.027777777777777776,0.072,0.964001749423138,0.0
all_internal,37,0.074,0.087213299052858,0.02702702702702703,0.074,0.9627995003306998,0.0
all_internal,38,0.076,0.0874657178502006,0.02631578947368421,0.076,0.9625686519160558,0.0
all_internal,39,0.078,0.0901581473624405,0.02564102564102564,0.078,0.9534546312780204,0.0
all_internal,40,0.08,0.0962972420417439,0.025,0.08,0.9527956927906236,0.0
all_internal,41,0.082,0.1007116740067557,0.024390243902439025,0.082,0.9507506994065816,0.0
all_internal,42,0.084,0.10657873613022,0.023809523809523808,0.084,0.950058867928292,0.0
all_internal,43,0.086,0.1102313672699524,0.023255813953488372,0.086,0.9496614631274932,0.0
all_internal,44,0.088,0.117921369889253,0.022727272727272728,0.088,0.9489751789355764,0.0
all_internal,45,0.09,0.1202741543336292,0.022222222222222223,0.09,0.9479241465101882,0.0
all_internal,46,0.092,0.1261610722806986,0.021739130434782608,0.092,0.9475971499732329,0.0
all_internal,47,0.094,0.1270814578131439,0.02127659574468085,0.094,0.9461509083543486,0.0
all_internal,48,0.096,0.1317240770285133,0.020833333333333332,0.096,0.9441823936514347,0.0
all_internal,49,0.098,0.1345515930827716,0.02040816326530612,0.098,0.9433283072017788,0.0
all_internal,50,0.1,0.1354225708965464,0.02,0.1,0.942122739226559,0.0
all_internal,51,0.102,0.1370648262722578,0.0196078431372549,0.102,0.941024342275731,0.0
all_internal,52,0.104,0.1375122109439898,0.019230769230769232,0.104,0.940913505422194,0.0
all_internal,53,0.106,0.139868653011028,0.018867924528301886,0.106,0.9402617446496692,0.0
all_internal,54,0.108,0.1442023722230876,0.018518518518518517,0.108,0.939964210936354,0.0
all_internal,55,0.11,0.1454618892291475,0.01818181818181818,0.11,0.939888259346868,0.0
all_internal,56,0.112,0.147268089827218,0.017857142857142856,0.112,0.9395004466827892,0.0
all_internal,57,0.114,0.1481230080246715,0.017543859649122806,0.114,0.9388779784564012,0.0
all_internal,58,0.116,0.1566427750108773,0.017241379310344827,0.116,0.9362066043018056,0.0
all_internal,59,0.118,0.1566481921969758,0.03389830508474576,0.118,0.9360022067531476,0.0
all_internal,60,0.12,0.1566518166189124,0.03333333333333333,0.12,0.9359365168875736,0.0
all_internal,61,0.122,0.1602098246799435,0.03278688524590164,0.122,0.9357674402116885,0.0
all_internal,62,0.124,0.1652425499127002,0.04838709677419355,0.124,0.9345306880878128,0.0
all_internal,63,0.126,0.1684206428689765,0.047619047619047616,0.126,0.934212610522098,0.0
all_internal,64,0.128,0.1773140482051289,0.0625,0.128,0.9338562311877522,0.0
all_internal,65,0.13,0.1794096228366689,0.06153846153846154,0.13,0.932095512813034,0.0
all_internal,66,0.132,0.1809542073891491,0.06060606060606061,0.132,0.9317246822986348,0.0
all_internal,67,0.134,0.1823728536260495,0.05970149253731343,0.134,0.9307357568694424,0.0
all_internal,68,0.136,0.1859677645993061,0.07352941176470588,0.136,0.930036400320362,0.0
all_internal,69,0.138,0.1912056074961347,0.07246376811594203,0.138,0.9293711754188934,0.0
all_internal,70,0.14,0.1925749681571583,0.08571428571428572,0.14,0.9286314333881944,0.0
all_internal,71,0.142,0.1980270268507017,0.08450704225352113,0.142,0.9249053654278536,0.014084507042253521
all_internal,72,0.144,0.1984709433137273,0.08333333333333333,0.144,0.9218277559393334,0.013888888888888888
all_internal,73,0.146,0.2045910450617821,0.0821917808219178,0.146,0.921440750710447,0.0136986301369863
all_internal,74,0.148,0.2048034197554755,0.08108108108108109,0.148,0.9202413913021346,0.02702702702702703
all_internal,75,0.15,0.2149509056053981,0.08,0.15,0.9194662107753956,0.04
all_internal,76,0.152,0.220770193705808,0.09210526315789473,0.152,0.9185836066548392,0.039473684210526314
all_internal,77,0.154,0.2213047210724711,0.09090909090909091,0.154,0.9165792469254018,0.03896103896103896
all_internal,78,0.156,0.2227587630887851,0.08974358974358974,0.156,0.9163187763485652,0.038461538461538464
all_internal,79,0.158,0.227733893449274,0.08860759493670886,0.158,0.910749738935721,0.05063291139240506
all_internal,80,0.16,0.2325210856013544,0.1,0.16,0.9101091555461238,0.05
all_internal,81,0.162,0.2327751129558271,0.09876543209876543,0.162,0.9091735676937436,0.04938271604938271
all_internal,82,0.164,0.2443119193733854,0.0975609756097561,0.164,0.9076413332840108,0.04878048780487805
all_internal,83,0.166,0.2448235687956011,0.0963855421686747,0.166,0.9065476816584018,0.04819277108433735
all_internal,84,0.168,0.2485151382896551,0.09523809523809523,0.168,0.9065378803688026,0.047619047619047616
all_internal,85,0.17,0.2507830047294606,0.09411764705882353,0.17,0.906158855672246,0.058823529411764705
all_internal,86,0.172,0.2565573757998969,0.09302325581395349,0.172,0.9058741575614524,0.05813953488372093
all_internal,87,0.174,0.2603666109373413,0.09195402298850575,0.174,0.9045219422528814,0.05747126436781609
all_internal,88,0.176,0.2611293780352526,0.09090909090909091,0.176,0.9023135496193914,0.056818181818181816
all_internal,89,0.178,0.2678000976689918,0.0898876404494382,0.178,0.9005352759447217,0.056179775280898875
all_internal,90,0.18,0.2761845335205479,0.1,0.18,0.8992484373096624,0.05555555555555555
all_internal,91,0.182,0.2870070507240386,0.10989010989010989,0.182,0.8989971362657813,0.054945054945054944
all_internal,92,0.184,0.2930838747736631,0.11956521739130435,0.184,0.8988386889567742,0.05434782608695652
all_internal,93,0.186,0.295778992558717,0.12903225806451613,0.186,0.8966460951072825,0.053763440860215055
all_internal,94,0.188,0.299913873325085,0.1276595744680851,0.188,0.8962812603348839,0.05319148936170213
all_internal,95,0.19,0.3005083154401924,0.12631578947368421,0.19,0.8922738348620736,0.06315789473684211
all_internal,96,0.192,0.3020743575833213,0.125,0.192,0.8918022276913434,0.07291666666666667
all_internal,97,0.194,0.3025249234486493,0.13402061855670103,0.194,0.8914484853221227,0.07216494845360824
all_internal,98,0.196,0.304088687416216,0.1326530612244898,0.196,0.8912037330045761,0.08163265306122448
all_internal,99,0.198,0.3108577121379605,0.13131313131313133,0.198,0.8904642464184125,0.08080808080808081
all_internal,100,0.2,0.3198394764768355,0.13,0.2,0.889522916187053,0.08
all_internal,101,0.202,0.3286942926316553,0.13861386138613863,0.202,0.8887703158063064,0.0891089108910891
all_internal,102,0.204,0.3298011239028876,0.13725490196078433,0.204,0.8882404949502722,0.08823529411764706
all_internal,103,0.206,0.3305907693815214,0.13592233009708737,0.206,0.8878551137554307,0.08737864077669903
all_internal,104,0.208,0.3379263481209811,0.1346153846153846,0.208,0.8873521044593882,0.08653846153846154
all_internal,105,0.21,0.3403050455237964,0.14285714285714285,0.21,0.8866650084634817,0.08571428571428572
all_internal,106,0.212,0.344454046857984,0.1509433962264151,0.212,0.8854192164706637,0.09433962264150944
all_internal,107,0.214,0.3473671974969303,0.14953271028037382,0.214,0.8838677378639909,0.09345794392523364
all_internal,108,0.216,0.3487175906162009,0.1574074074074074,0.216,0.8831858266805517,0.09259259259259259
all_internal,109,0.218,0.352968265737873,0.1559633027522936,0.218,0.8830174652923021,0.09174311926605505
all_internal,110,0.22,0.3540518263912499,0.16363636363636364,0.22,0.8810018032542302,0.09090909090909091
all_internal,111,0.222,0.3590931248105228,0.16216216216216217,0.222,0.8798797521116559,0.09009009009009009
all_internal,112,0.224,0.3657623914392706,0.16964285714285715,0.224,0.8794385462652828,0.08928571428571429
all_internal,113,0.226,0.3665663665950572,0.17699115044247787,0.226,0.8784683333420044,0.09734513274336283
all_internal,114,0.228,0.3709595476422639,0.17543859649122806,0.228,0.8773560097001207,0.09649122807017543
all_internal,115,0.23,0.3743529118469639,0.17391304347826086,0.23,0.8758275994621632,0.09565217391304348
all_internal,116,0.232,0.3747930466405311,0.1724137931034483,0.232,0.8743746920385466,0.09482758620689655
all_internal,117,0.234,0.3833241149639352,0.17094017094017094,0.234,0.8742782337369212,0.09401709401709402
all_internal,118,0.236,0.3867947505768369,0.1694915254237288,0.236,0.8726996188852602,0.09322033898305085
all_internal,119,0.238,0.3875579009299119,0.17647058823529413,0.238,0.8719104705910045,0.09243697478991597
all_internal,120,0.24,0.3880628054990745,0.18333333333333332,0.24,0.8700704218838856,0.09166666666666666
all_internal,121,0.242,0.3943613363272059,0.18181818181818182,0.242,0.8687097501940263,0.09917355371900827
all_internal,122,0.244,0.3982290097854353,0.1885245901639344,0.244,0.8684209193270531,0.09836065573770492
all_internal,123,0.246,0.4002361588935305,0.1951219512195122,0.246,0.8671019912616561,0.0975609756097561
all_internal,124,0.248,0.4011897287284297,0.20161290322580644,0.248,0.8653091039919317,0.0967741935483871
all_internal,125,0.25,0.4018788688468657,0.2,0.25,0.8652363142046825,0.096
all_internal,126,0.252,0.4039563072079126,0.1984126984126984,0.252,0.8617015503929059,0.09523809523809523
all_internal,127,0.254,0.4098350831562741,0.1968503937007874,0.254,0.8601779315030217,0.09448818897637795
all_internal,128,0.256,0.4144094541475481,0.203125,0.256,0.8598941612509018,0.09375
all_internal,129,0.258,0.4151953812289168,0.20155038759689922,0.258,0.8591022871683577,0.09302325581395349
all_internal,130,0.26,0.424597039634422,0.2,0.26,0.8581225946168517,0.09230769230769231
all_internal,131,0.262,0.4305237939623074,0.1984732824427481,0.262,0.8580588863102663,0.0916030534351145
all_internal,132,0.264,0.4426410140799855,0.20454545454545456,0.264,0.8558828196179278,0.09090909090909091
all_internal,133,0.266,0.4471889598201898,0.20300751879699247,0.266,0.8558722105440628,0.09022556390977443
all_internal,134,0.268,0.4514483971093519,0.20149253731343283,0.268,0.8556480553013,0.08955223880597014
all_internal,135,0.27,0.4533129997361221,0.2074074074074074,0.27,0.8552644257947637,0.08888888888888889
all_internal,136,0.272,0.4555264054319542,0.21323529411764705,0.272,0.8537922992813524,0.08823529411764706
all_internal,137,0.274,0.4595958795363987,0.2116788321167883,0.274,0.8509832783430241,0.08759124087591241
all_internal,138,0.276,0.4605152315087533,0.21739130434782608,0.276,0.849111416708347,0.08695652173913043
all_internal,139,0.278,0.4626644115843337,0.2158273381294964,0.278,0.8485695992181976,0.08633093525179857
all_internal,140,0.28,0.4666944371722047,0.21428571428571427,0.28,0.8466943981663161,0.08571428571428572
all_internal,141,0.282,0.4694767775171369,0.2198581560283688,0.282,0.8459232444033798,0.0851063829787234
all_internal,142,0.284,0.4736432250695296,0.22535211267605634,0.284,0.8438726197089605,0.08450704225352113
all_internal,143,0.286,0.4763918608345281,0.22377622377622378,0.286,0.8412644422740415,0.09090909090909091
all_internal,144,0.288,0.4779131201229373,0.22916666666666666,0.288,0.8384530808240976,0.09722222222222222
all_internal,145,0.29,0.4838092738269736,0.23448275862068965,0.29,0.8381931275425949,0.09655172413793103
all_internal,146,0.292,0.4862053101633155,0.23972602739726026,0.292,0.8359443379439246,0.0958904109589041
all_internal,147,0.294,0.489768731644902,0.23809523809523808,0.294,0.8352688496411618,0.09523809523809523
all_internal,148,0.296,0.4900467027703679,0.24324324324324326,0.296,0.8330088138946848,0.0945945945945946
all_internal,149,0.298,0.4906633022089635,0.2483221476510067,0.298,0.832687652559468,0.09395973154362416
all_internal,150,0.3,0.4928870462525171,0.24666666666666667,0.3,0.832578180231819,0.09333333333333334
all_internal,151,0.302,0.496160111533897,0.24503311258278146,0.302,0.8319860572473702,0.09271523178807947
all_internal,152,0.304,0.4982155722808166,0.25,0.304,0.8307413717680769,0.09210526315789473
all_internal,153,0.306,0.4989190712876729,0.2549019607843137,0.306,0.8282044046280337,0.0915032679738562
all_internal,154,0.308,0.4999574991978435,0.2532467532467532,0.308,0.8246336469038599,0.09090909090909091
all_internal,155,0.31,0.5011931039008971,0.25806451612903225,0.31,0.8230685742272981,0.09032258064516129
all_internal,156,0.312,0.5019725467511137,0.26282051282051283,0.312,0.8229198092061234,0.08974358974358974
all_internal,157,0.314,0.5059477874851938,0.2611464968152866,0.314,0.8225029460989787,0.08917197452229299
all_internal,158,0.316,0.5061063951310405,0.26582278481012656,0.316,0.8208637631511325,0.08860759493670886
all_internal,159,0.318,0.5147609185310829,0.27044025157232704,0.318,0.8196952809386254,0.0880503144654088
all_internal,160,0.32,0.5164186287014257,0.26875,0.32,0.8187458648694845,0.0875
all_internal,161,0.322,0.5171259992942842,0.2670807453416149,0.322,0.8166969043257221,0.08695652173913043
all_internal,162,0.324,0.5173648008062685,0.2716049382716049,0.324,0.8128663005116878,0.08641975308641975
all_internal,163,0.326,0.5176921538799906,0.26993865030674846,0.326,0.8125305880316547,0.09202453987730061
all_internal,164,0.328,0.5216324477788015,0.2682926829268293,0.328,0.8124996676541657,0.09146341463414634
all_internal,165,0.33,0.5250441783681564,0.2727272727272727,0.33,0.8116985949828314,0.09090909090909091
all_internal,166,0.332,0.5329903906802868,0.2710843373493976,0.332,0.8109841515619173,0.09036144578313253
all_internal,167,0.334,0.5349300420859359,0.2754491017964072,0.334,0.8108466619780555,0.08982035928143713
all_internal,168,0.336,0.5365700441294268,0.27380952380952384,0.336,0.8092669322144638,0.08928571428571429
all_internal,169,0.338,0.5371841011330726,0.27218934911242604,0.338,0.8052352643102294,0.08875739644970414
all_internal,170,0.34,0.5418064513534574,0.27647058823529413,0.34,0.8034778090914113,0.08823529411764706
all_internal,171,0.342,0.5420256452598263,0.2807017543859649,0.342,0.8007224051190197,0.08771929824561403
all_internal,172,0.344,0.5431341097505443,0.27906976744186046,0.344,0.8004684322014851,0.0872093023255814
all_internal,173,0.346,0.5471264754659994,0.2774566473988439,0.346,0.7995305215904832,0.09248554913294797
all_internal,174,0.348,0.5498641613412258,0.28160919540229884,0.348,0.7960318395115147,0.09195402298850575
all_internal,175,0.35,0.5515528294653134,0.28,0.35,0.7957129550383284,0.09142857142857143
all_internal,176,0.352,0.5520323477760158,0.2784090909090909,0.352,0.7941385010481097,0.09090909090909091
all_internal,177,0.354,0.5540317633306977,0.2824858757062147,0.354,0.7916771278189096,0.096045197740113
all_internal,178,0.356,0.5542361892866589,0.2808988764044944,0.356,0.7909622316703655,0.09550561797752809
all_internal,179,0.358,0.5545136230016898,0.27932960893854747,0.358,0.7903239297451337,0.1005586592178771
all_internal,180,0.36,0.5553985808154889,0.2833333333333333,0.36,0.7891237695733391,0.1
all_internal,181,0.362,0.5565621362696732,0.281767955801105,0.362,0.7882384802583157,0.09944751381215469
all_internal,182,0.364,0.5579523868600049,0.2802197802197802,0.364,0.7877732944904785,0.1043956043956044
all_internal,183,0.366,0.5591984145431361,0.2786885245901639,0.366,0.7858164763216209,0.10382513661202186
all_internal,184,0.368,0.5601786945742765,0.27717391304347827,0.368,0.7833465075553313,0.10326086956521739
all_internal,185,0.37,0.5642724305689449,0.2810810810810811,0.37,0.7825427657427407,0.10270270270270271
all_internal,186,0.372,0.5642959933363354,0.2849462365591398,0.372,0.7813898239634671,0.10215053763440861
all_internal,187,0.374,0.5681493512956033,0.2887700534759358,0.374,0.7802225509252718,0.10160427807486631
all_internal,188,0.376,0.5682634169528732,0.2925531914893617,0.376,0.7800770669495117,0.10106382978723404
all_internal,189,0.378,0.5731521260119454,0.2962962962962963,0.378,0.7799981172692619,0.10582010582010581
all_internal,190,0.38,0.5776024749068049,0.29473684210526313,0.38,0.7795169348044455,0.10526315789473684
all_internal,191,0.382,0.5788310619384611,0.29842931937172773,0.382,0.7792641702793149,0.10471204188481675
all_internal,192,0.384,0.5789230655387217,0.3020833333333333,0.384,0.7787796271368533,0.10416666666666667
all_internal,193,0.386,0.5792807946361268,0.30569948186528495,0.386,0.778641828835314,0.10362694300518134
all_internal,194,0.388,0.5794674163601448,0.30927835051546393,0.388,0.7770116167251379,0.10309278350515463
all_internal,195,0.39,0.5808678437641382,0.3128205128205128,0.39,0.7751016899687839,0.10256410256410256
all_internal,196,0.392,0.5825649520468665,0.3163265306122449,0.392,0.77474608304051,0.10204081632653061
all_internal,197,0.394,0.5834610606205985,0.3197969543147208,0.394,0.7745926840624141,0.10152284263959391
all_internal,198,0.396,0.5839469372065453,0.32323232323232326,0.396,0.7726725474690633,0.10606060606060606
all_internal,199,0.398,0.5845779998446323,0.32663316582914576,0.398,0.7726555011030899,0.10552763819095477
all_internal,200,0.4,0.5855874621170322,0.325,0.4,0.7699748487450975,0.11
all_internal,201,0.402,0.592732624370142,0.3283582089552239,0.402,0.7650105745920411,0.10945273631840796
all_internal,202,0.404,0.592937954723929,0.3316831683168317,0.404,0.7627730502308708,0.10891089108910891
all_internal,203,0.406,0.5965422569194294,0.33497536945812806,0.406,0.7589782040956032,0.10837438423645321
all_internal,204,0.408,0.5970212112926704,0.3382352941176471,0.408,0.7582510288107479,0.10784313725490197
all_internal,205,0.41,0.5974004557301568,0.34146341463414637,0.41,0.7576207102480501,0.11219512195121951
all_internal,206,0.412,0.5998778359153976,0.3446601941747573,0.412,0.7513542189247566,0.11650485436893204
all_internal,207,0.414,0.6001739305776722,0.34299516908212563,0.414,0.7513149592876857,0.12077294685990338
all_internal,208,0.416,0.6020324650972145,0.34615384615384615,0.416,0.7505928516357008,0.1201923076923077
all_internal,209,0.418,0.6032338213765737,0.3492822966507177,0.418,0.7456721299666228,0.12440191387559808
all_internal,210,0.42,0.6067582668694218,0.3523809523809524,0.42,0.7456665086277535,0.12380952380952381
all_internal,211,0.422,0.6098611022124164,0.35545023696682465,0.422,0.7419820911466923,0.12322274881516587
all_internal,212,0.424,0.6101445037512306,0.35377358490566035,0.424,0.7406823795001461,0.12264150943396226
all_internal,213,0.426,0.6132767658416038,0.352112676056338,0.426,0.7392933535685832,0.12206572769953052
all_internal,214,0.428,0.6158667501435884,0.35046728971962615,0.428,0.7384979818659326,0.12149532710280374
all_internal,215,0.43,0.6161075284748855,0.3488372093023256,0.43,0.7381834533822792,0.12093023255813953
all_internal,216,0.432,0.6171104309116504,0.35185185185185186,0.432,0.7375092182373508,0.12037037037037036
all_internal,217,0.434,0.6175989165739395,0.35023041474654376,0.434,0.7372562583734491,0.11981566820276497
all_internal,218,0.436,0.6184393384013636,0.3532110091743119,0.436,0.7349147720715496,0.11926605504587157
all_internal,219,0.438,0.6276785538953441,0.3561643835616438,0.438,0.7346510312565525,0.1187214611872146
all_internal,220,0.44,0.6283582080117848,0.35909090909090907,0.44,0.7331483453008878,0.12272727272727273
all_internal,221,0.442,0.6295311582549814,0.3574660633484163,0.442,0.7328643304267813,0.12669683257918551
all_internal,222,0.444,0.6323290837292017,0.36036036036036034,0.444,0.7323793629696558,0.13063063063063063
all_internal,223,0.446,0.6359159167708394,0.35874439461883406,0.446,0.7318799028574565,0.13452914798206278
all_internal,224,0.448,0.6394427595364529,0.35714285714285715,0.448,0.7293757903720546,0.13392857142857142
all_internal,225,0.45,0.6452116018798297,0.35555555555555557,0.45,0.7279317447750412,0.13333333333333333
all_internal,226,0.452,0.645237654959672,0.3584070796460177,0.452,0.7266291049931364,0.13274336283185842
all_internal,227,0.454,0.6468037548010585,0.36123348017621143,0.454,0.725903393362681,0.13215859030837004
all_internal,228,0.456,0.6547444486788053,0.36403508771929827,0.456,0.725178535206279,0.13157894736842105
all_internal,229,0.458,0.6551474510257566,0.36681222707423583,0.458,0.7235359513017511,0.13100436681222707
all_internal,230,0.46,0.6569087239962396,0.3695652173913043,0.46,0.7231006157687955,0.13478260869565217
all_internal,231,0.462,0.6611528379986884,0.36796536796536794,0.462,0.7211572976588714,0.1341991341991342
all_internal,232,0.464,0.6624329021898809,0.3706896551724138,0.464,0.7186214509826538,0.1336206896551724
all_internal,233,0.466,0.6657681419785969,0.37339055793991416,0.466,0.7162198356907422,0.13304721030042918
all_internal,234,0.468,0.6682046699484504,0.37606837606837606,0.468,0.7152352164452177,0.13247863247863248
all_internal,235,0.47,0.6688928781335223,0.37872340425531914,0.47,0.714480379009704,0.13617021276595745
all_internal,236,0.472,0.6689980411291,0.3813559322033898,0.472,0.7133372542367313,0.13559322033898305
all_internal,237,0.474,0.6695630471996361,0.379746835443038,0.474,0.7100543236235074,0.1350210970464135
all_internal,238,0.476,0.6704719687537439,0.38235294117647056,0.476,0.7073357443925037,0.13445378151260504
all_internal,239,0.478,0.6712966269637104,0.38493723849372385,0.478,0.7056136929925656,0.13389121338912133
all_internal,240,0.48,0.6715955479807624,0.38333333333333336,0.48,0.705079814803115,0.1375
all_internal,241,0.482,0.6726080406522373,0.38589211618257263,0.482,0.7048022619901282,0.14107883817427386
all_internal,242,0.484,0.6796472930762463,0.3884297520661157,0.484,0.7046169800778948,0.14049586776859505
all_internal,243,0.486,0.6820696698108709,0.39094650205761317,0.486,0.7040757899402575,0.13991769547325103
all_internal,244,0.488,0.6825701935952969,0.38934426229508196,0.488,0.7028386919110559,0.13934426229508196
all_internal,245,0.49,0.6881901765580768,0.39183673469387753,0.49,0.6983574111833978,0.13877551020408163
all_internal,246,0.492,0.6889022718800262,0.3943089430894309,0.492,0.6949431839776625,0.13821138211382114
all_internal,247,0.494,0.6889620288458784,0.3967611336032389,0.494,0.6944384061051788,0.13765182186234817
all_internal,248,0.496,0.6890001025072156,0.39919354838709675,0.496,0.6918859527002688,0.14112903225806453
all_internal,249,0.498,0.6900212968828718,0.40160642570281124,0.498,0.6902069367958091,0.14457831325301204
all_internal,250,0.5,0.6900530665608321,0.404,0.5,0.6901701487561276,0.144
all_internal,251,0.502,0.6901701487561276,0.4063745019920319,0.502,0.6900530665608321,0.14342629482071714
all_internal,252,0.504,0.6902069367958091,0.40476190476190477,0.504,0.6900212968828718,0.14285714285714285
all_internal,253,0.506,0.6918859527002688,0.4031620553359684,0.506,0.6890001025072156,0.1422924901185771
all_internal,254,0.508,0.6944384061051788,0.40551181102362205,0.508,0.6889620288458784,0.14173228346456693
all_internal,255,0.51,0.6949431839776625,0.40784313725490196,0.51,0.6889022718800262,0.1411764705882353
all_internal,256,0.512,0.6983574111833978,0.41015625,0.512,0.6881901765580768,0.140625
all_internal,257,0.514,0.7028386919110559,0.41245136186770426,0.514,0.6825701935952969,0.14396887159533073
all_internal,258,0.516,0.7040757899402575,0.41472868217054265,0.516,0.6820696698108709,0.1434108527131783
all_internal,259,0.518,0.7046169800778948,0.416988416988417,0.518,0.6796472930762463,0.14285714285714285
all_internal,260,0.52,0.7048022619901282,0.4153846153846154,0.52,0.6726080406522373,0.1423076923076923
all_internal,261,0.522,0.705079814803115,0.41379310344827586,0.522,0.6715955479807624,0.14559386973180077
all_internal,262,0.524,0.7056136929925656,0.41603053435114506,0.524,0.6712966269637104,0.1450381679389313
all_internal,263,0.526,0.7073357443925037,0.41825095057034223,0.526,0.6704719687537439,0.1444866920152091
all_internal,264,0.528,0.7100543236235074,0.42045454545454547,0.528,0.6695630471996361,0.14772727272727273
all_internal,265,0.53,0.7133372542367313,0.4226415094339623,0.53,0.6689980411291,0.1471698113207547
all_internal,266,0.532,0.714480379009704,0.42105263157894735,0.532,0.6688928781335223,0.14661654135338345
all_internal,267,0.534,0.7152352164452177,0.4232209737827715,0.534,0.6682046699484504,0.14606741573033707
all_internal,268,0.536,0.7162198356907422,0.4253731343283582,0.536,0.6657681419785969,0.1455223880597015
all_internal,269,0.538,0.7186214509826538,0.4275092936802974,0.538,0.6624329021898809,0.1449814126394052
all_internal,270,0.54,0.7211572976588714,0.42962962962962964,0.54,0.6611528379986884,0.14814814814814814
all_internal,271,0.542,0.7231006157687955,0.4280442804428044,0.542,0.6569087239962396,0.14760147601476015
all_internal,272,0.544,0.7235359513017511,0.43014705882352944,0.544,0.6551474510257566,0.14705882352941177
all_internal,273,0.546,0.725178535206279,0.43223443223443225,0.546,0.6547444486788053,0.14652014652014653
all_internal,274,0.548,0.725903393362681,0.4343065693430657,0.548,0.6468037548010585,0.145985401459854
all_internal,275,0.55,0.7266291049931364,0.43636363636363634,0.55,0.645237654959672,0.14545454545454545
all_internal,276,0.552,0.7279317447750412,0.4384057971014493,0.552,0.6452116018798297,0.14855072463768115
all_internal,277,0.554,0.7293757903720546,0.4404332129963899,0.554,0.6394427595364529,0.15162454873646208
all_internal,278,0.556,0.7318799028574565,0.43884892086330934,0.556,0.6359159167708394,0.15467625899280577
all_internal,279,0.558,0.7323793629696558,0.43727598566308246,0.558,0.6323290837292017,0.15412186379928317
all_internal,280,0.56,0.7328643304267813,0.4357142857142857,0.56,0.6295311582549814,0.15714285714285714
all_internal,281,0.562,0.7331483453008878,0.43416370106761565,0.562,0.6283582080117848,0.15658362989323843
all_internal,282,0.564,0.7346510312565525,0.43617021276595747,0.564,0.6276785538953441,0.15602836879432624
all_internal,283,0.566,0.7349147720715496,0.4381625441696113,0.566,0.6184393384013636,0.15547703180212014
all_internal,284,0.568,0.7372562583734491,0.44014084507042256,0.568,0.6175989165739395,0.15845070422535212
all_internal,285,0.57,0.7375092182373508,0.4421052631578947,0.57,0.6171104309116504,0.15789473684210525
all_internal,286,0.572,0.7381834533822792,0.44405594405594406,0.572,0.6161075284748855,0.16083916083916083
all_internal,287,0.574,0.7384979818659326,0.445993031358885,0.574,0.6158667501435884,0.16376306620209058
all_internal,288,0.576,0.7392933535685832,0.4479166666666667,0.576,0.6132767658416038,0.16666666666666666
all_internal,289,0.578,0.7406823795001461,0.44982698961937717,0.578,0.6101445037512306,0.1695501730103806
all_internal,290,0.58,0.7419820911466923,0.4517241379310345,0.58,0.6098611022124164,0.16896551724137931
all_internal,291,0.582,0.7456665086277535,0.4536082474226804,0.582,0.6067582668694218,0.16838487972508592
all_internal,292,0.584,0.7456721299666228,0.4520547945205479,0.584,0.6032338213765737,0.1678082191780822
all_internal,293,0.586,0.7505928516357008,0.4539249146757679,0.586,0.6020324650972145,0.16723549488054607
all_internal,294,0.588,0.7513149592876857,0.4523809523809524,0.588,0.6001739305776722,0.17006802721088435
all_internal,295,0.59,0.7513542189247566,0.45084745762711864,0.59,0.5998778359153976,0.1694915254237288
all_internal,296,0.592,0.7576207102480501,0.44932432432432434,0.592,0.5974004557301568,0.16891891891891891
all_internal,297,0.594,0.7582510288107479,0.4511784511784512,0.594,0.5970212112926704,0.16835016835016836
all_internal,298,0.596,0.7589782040956032,0.45302013422818793,0.596,0.5965422569194294,0.16778523489932887
all_internal,299,0.598,0.7627730502308708,0.45484949832775917,0.598,0.592937954723929,0.16722408026755853
all_internal,300,0.6,0.7650105745920411,0.45666666666666667,0.6,0.592732624370142,0.16666666666666666
all_internal,301,0.602,0.7699748487450975,0.45514950166112955,0.602,0.5855874621170322,0.16943521594684385
all_internal,302,0.604,0.7726555011030899,0.45695364238410596,0.604,0.5845779998446323,0.16887417218543047
all_internal,303,0.606,0.7726725474690633,0.45544554455445546,0.606,0.5839469372065453,0.16831683168316833
all_internal,304,0.608,0.7745926840624141,0.45723684210526316,0.608,0.5834610606205985,0.16776315789473684
all_internal,305,0.61,0.77474608304051,0.45901639344262296,0.61,0.5825649520468665,0.16721311475409836
all_internal,306,0.612,0.7751016899687839,0.46078431372549017,0.612,0.5808678437641382,0.16666666666666666
all_internal,307,0.614,0.7770116167251379,0.46254071661237783,0.614,0.5794674163601448,0.16612377850162866
all_internal,308,0.616,0.778641828835314,0.4642857142857143,0.616,0.5792807946361268,0.16558441558441558
all_internal,309,0.618,0.7787796271368533,0.46601941747572817,0.618,0.5789230655387217,0.1650485436893204
all_internal,310,0.62,0.7792641702793149,0.46774193548387094,0.62,0.5788310619384611,0.16451612903225807
all_internal,311,0.622,0.7795169348044455,0.4694533762057878,0.622,0.5776024749068049,0.16720257234726688
all_internal,312,0.624,0.7799981172692619,0.46794871794871795,0.624,0.5731521260119454,0.16666666666666666
all_internal,313,0.626,0.7800770669495117,0.4696485623003195,0.626,0.5682634169528732,0.16613418530351437
all_internal,314,0.628,0.7802225509252718,0.4713375796178344,0.628,0.5681493512956033,0.16560509554140126
all_internal,315,0.63,0.7813898239634671,0.473015873015873,0.63,0.5642959933363354,0.16507936507936508
all_internal,316,0.632,0.7825427657427407,0.47468354430379744,0.632,0.5642724305689449,0.16455696202531644
all_internal,317,0.634,0.7833465075553313,0.47634069400630913,0.634,0.5601786945742765,0.167192429022082
all_internal,318,0.636,0.7858164763216209,0.4779874213836478,0.636,0.5591984145431361,0.16981132075471697
all_internal,319,0.638,0.7877732944904785,0.47648902821316613,0.638,0.5579523868600049,0.1724137931034483
all_internal,320,0.64,0.7882384802583157,0.478125,0.64,0.5565621362696732,0.175
all_internal,321,0.642,0.7891237695733391,0.4797507788161994,0.642,0.5553985808154889,0.17445482866043613
all_internal,322,0.644,0.7903239297451337,0.4782608695652174,0.644,0.5545136230016898,0.17701863354037267
all_internal,323,0.646,0.7909622316703655,0.47987616099071206,0.646,0.5542361892866589,0.17956656346749225
all_internal,324,0.648,0.7916771278189096,0.4783950617283951,0.648,0.5540317633306977,0.17901234567901234
all_internal,325,0.65,0.7941385010481097,0.48,0.65,0.5520323477760158,0.18153846153846154
all_internal,326,0.652,0.7957129550383284,0.4815950920245399,0.652,0.5515528294653134,0.18404907975460122
all_internal,327,0.654,0.7960318395115147,0.4831804281345566,0.654,0.5498641613412258,0.1834862385321101
all_internal,328,0.656,0.7995305215904832,0.4817073170731707,0.656,0.5471264754659994,0.18597560975609756
all_internal,329,0.658,0.8004684322014851,0.48328267477203646,0.658,0.5431341097505443,0.1884498480243161
all_internal,330,0.66,0.8007224051190197,0.48484848484848486,0.66,0.5420256452598263,0.18787878787878787
all_internal,331,0.662,0.8034778090914113,0.486404833836858,0.662,0.5418064513534574,0.18731117824773413
all_internal,332,0.664,0.8052352643102294,0.4879518072289157,0.664,0.5371841011330726,0.1897590361445783
all_internal,333,0.666,0.8092669322144638,0.4894894894894895,0.666,0.5365700441294268,0.1921921921921922
all_internal,334,0.668,0.8108466619780555,0.49101796407185627,0.668,0.5349300420859359,0.19161676646706588
all_internal,335,0.67,0.8109841515619173,0.4925373134328358,0.67,0.5329903906802868,0.19402985074626866
all_internal,336,0.672,0.8116985949828314,0.49404761904761907,0.672,0.5250441783681564,0.19345238095238096
all_internal,337,0.674,0.8124996676541657,0.49554896142433236,0.674,0.5216324477788015,0.19584569732937684
all_internal,338,0.676,0.8125305880316547,0.4940828402366864,0.676,0.5176921538799906,0.19822485207100593
all_internal,339,0.678,0.8128663005116878,0.49557522123893805,0.678,0.5173648008062685,0.1976401179941003
all_internal,340,0.68,0.8166969043257221,0.4970588235294118,0.68,0.5171259992942842,0.2
all_internal,341,0.682,0.8187458648694845,0.49853372434017595,0.682,0.5164186287014257,0.20234604105571846
all_internal,342,0.684,0.8196952809386254,0.5,0.684,0.5147609185310829,0.20175438596491227
all_internal,343,0.686,0.8208637631511325,0.5014577259475219,0.686,0.5061063951310405,0.20116618075801748
all_internal,344,0.688,0.8225029460989787,0.502906976744186,0.688,0.5059477874851938,0.20348837209302326
all_internal,345,0.69,0.8229198092061234,0.5043478260869565,0.69,0.5019725467511137,0.2028985507246377
all_internal,346,0.692,0.8230685742272981,0.5057803468208093,0.692,0.5011931039008971,0.2023121387283237
all_internal,347,0.694,0.8246336469038599,0.5072046109510087,0.694,0.4999574991978435,0.20461095100864554
all_internal,348,0.696,0.8282044046280337,0.5086206896551724,0.696,0.4989190712876729,0.20402298850574713
all_internal,349,0.698,0.8307413717680769,0.5100286532951289,0.698,0.4982155722808166,0.2034383954154728
all_internal,350,0.7,0.8319860572473702,0.5114285714285715,0.7,0.496160111533897,0.2057142857142857
all_internal,351,0.702,0.832578180231819,0.5128205128205128,0.702,0.4928870462525171,0.20797720797720798
all_internal,352,0.704,0.832687652559468,0.5142045454545454,0.704,0.4906633022089635,0.20738636363636365
all_internal,353,0.706,0.8330088138946848,0.5155807365439093,0.706,0.4900467027703679,0.20679886685552407
all_internal,354,0.708,0.8352688496411618,0.5169491525423728,0.708,0.489768731644902,0.20903954802259886
all_internal,355,0.71,0.8359443379439246,0.5183098591549296,0.71,0.4862053101633155,0.2084507042253521
all_internal,356,0.712,0.8381931275425949,0.5196629213483146,0.712,0.4838092738269736,0.20786516853932585
all_internal,357,0.714,0.8384530808240976,0.5182072829131653,0.714,0.4779131201229373,0.20728291316526612
all_internal,358,0.716,0.8412644422740415,0.5167597765363129,0.716,0.4763918608345281,0.20949720670391062
all_internal,359,0.718,0.8438726197089605,0.5181058495821727,0.718,0.4736432250695296,0.20891364902506965
all_internal,360,0.72,0.8459232444033798,0.5194444444444445,0.72,0.4694767775171369,0.20833333333333334
all_internal,361,0.722,0.8466943981663161,0.5207756232686981,0.722,0.4666944371722047,0.21052631578947367
all_internal,362,0.724,0.8485695992181976,0.5220994475138122,0.724,0.4626644115843337,0.212707182320442
all_internal,363,0.726,0.849111416708347,0.5234159779614325,0.726,0.4605152315087533,0.21212121212121213
all_internal,364,0.728,0.8509832783430241,0.5247252747252747,0.728,0.4595958795363987,0.21428571428571427
all_internal,365,0.73,0.8537922992813524,0.5260273972602739,0.73,0.4555264054319542,0.2136986301369863
all_internal,366,0.732,0.8552644257947637,0.5273224043715847,0.732,0.4533129997361221,0.21311475409836064
all_internal,367,0.734,0.8556480553013,0.5286103542234333,0.734,0.4514483971093519,0.21525885558583105
all_internal,368,0.736,0.8558722105440628,0.529891304347826,0.736,0.4471889598201898,0.21739130434782608
all_internal,369,0.738,0.8558828196179278,0.5311653116531165,0.738,0.4426410140799855,0.21680216802168023
all_internal,370,0.74,0.8580588863102663,0.5324324324324324,0.74,0.4305237939623074,0.21891891891891893
all_internal,371,0.742,0.8581225946168517,0.5336927223719676,0.742,0.424597039634422,0.2210242587601078
all_internal,372,0.744,0.8591022871683577,0.5349462365591398,0.744,0.4151953812289168,0.22311827956989247
all_internal,373,0.746,0.8598941612509018,0.5361930294906166,0.746,0.4144094541475481,0.2225201072386059
all_internal,374,0.748,0.8601779315030217,0.5374331550802139,0.748,0.4098350831562741,0.22459893048128343
all_internal,375,0.75,0.8617015503929059,0.5386666666666666,0.75,0.4039563072079126,0.22666666666666666
all_internal,376,0.752,0.8652363142046825,0.5398936170212766,0.752,0.4018788688468657,0.22872340425531915
all_internal,377,0.754,0.8653091039919317,0.5411140583554377,0.754,0.4011897287284297,0.22811671087533156
all_internal,378,0.756,0.8671019912616561,0.5423280423280423,0.756,0.4002361588935305,0.2275132275132275
all_internal,379,0.758,0.8684209193270531,0.5435356200527705,0.758,0.3982290097854353,0.22691292875989447
all_internal,380,0.76,0.8687097501940263,0.5421052631578948,0.76,0.3943613363272059,0.22894736842105262
all_internal,381,0.762,0.8700704218838856,0.5433070866141733,0.762,0.3880628054990745,0.2283464566929134
all_internal,382,0.764,0.8719104705910045,0.5445026178010471,0.764,0.3875579009299119,0.22774869109947643
all_internal,383,0.766,0.8726996188852602,0.5456919060052219,0.766,0.3867947505768369,0.2297650130548303
all_internal,384,0.768,0.8742782337369212,0.546875,0.768,0.3833241149639352,0.23177083333333334
all_internal,385,0.77,0.8743746920385466,0.548051948051948,0.77,0.3747930466405311,0.23376623376623376
all_internal,386,0.772,0.8758275994621632,0.5492227979274611,0.772,0.3743529118469639,0.23575129533678757
all_internal,387,0.774,0.8773560097001207,0.5503875968992248,0.774,0.3709595476422639,0.23772609819121446
all_internal,388,0.776,0.8784683333420044,0.5489690721649485,0.776,0.3665663665950572,0.23711340206185566
all_internal,389,0.778,0.8794385462652828,0.5501285347043702,0.778,0.3657623914392706,0.2365038560411311
all_internal,390,0.78,0.8798797521116559,0.5512820512820513,0.78,0.3590931248105228,0.23846153846153847
all_internal,391,0.782,0.8810018032542302,0.5524296675191815,0.782,0.3540518263912499,0.23785166240409208
all_internal,392,0.784,0.8830174652923021,0.5535714285714286,0.784,0.352968265737873,0.23979591836734693
all_internal,393,0.786,0.8831858266805517,0.55470737913486,0.786,0.3487175906162009,0.23918575063613232
all_internal,394,0.788,0.8838677378639909,0.5558375634517766,0.788,0.3473671974969303,0.24111675126903553
all_internal,395,0.79,0.8854192164706637,0.5544303797468354,0.79,0.344454046857984,0.24050632911392406
all_internal,396,0.792,0.8866650084634817,0.5555555555555556,0.792,0.3403050455237964,0.2398989898989899
all_internal,397,0.794,0.8873521044593882,0.5566750629722922,0.794,0.3379263481209811,0.24181360201511334
all_internal,398,0.796,0.8878551137554307,0.5577889447236181,0.796,0.3305907693815214,0.24371859296482412
all_internal,399,0.798,0.8882404949502722,0.5588972431077694,0.798,0.3298011239028876,0.24561403508771928
all_internal,400,0.8,0.8887703158063064,0.5575,0.8,0.3286942926316553,0.245
all_internal,401,0.802,0.889522916187053,0.5586034912718204,0.802,0.3198394764768355,0.24688279301745636
all_internal,402,0.804,0.8904642464184125,0.5597014925373134,0.804,0.3108577121379605,0.24875621890547264
all_internal,403,0.806,0.8912037330045761,0.5583126550868487,0.806,0.304088687416216,0.2506203473945409
all_internal,404,0.808,0.8914484853221227,0.5594059405940595,0.808,0.3025249234486493,0.25
all_internal,405,0.81,0.8918022276913434,0.5580246913580247,0.81,0.3020743575833213,0.2518518518518518
all_internal,406,0.812,0.8922738348620736,0.5566502463054187,0.812,0.3005083154401924,0.2536945812807882
all_internal,407,0.814,0.8962812603348839,0.5577395577395577,0.814,0.299913873325085,0.25552825552825553
all_internal,408,0.816,0.8966460951072825,0.5588235294117647,0.816,0.295778992558717,0.2549019607843137
all_internal,409,0.818,0.8988386889567742,0.5599022004889975,0.818,0.2930838747736631,0.254278728606357
all_internal,410,0.82,0.8989971362657813,0.5609756097560976,0.82,0.2870070507240386,0.25365853658536586
all_internal,411,0.822,0.8992484373096624,0.5620437956204379,0.822,0.2761845335205479,0.25304136253041365
all_internal,412,0.824,0.9005352759447217,0.5631067961165048,0.824,0.2678000976689918,0.25485436893203883
all_internal,413,0.826,0.9023135496193914,0.5641646489104116,0.826,0.2611293780352526,0.2566585956416465
all_internal,414,0.828,0.9045219422528814,0.5652173913043478,0.828,0.2603666109373413,0.2584541062801932
all_internal,415,0.83,0.9058741575614524,0.5662650602409639,0.83,0.2565573757998969,0.26024096385542167
all_internal,416,0.832,0.906158855672246,0.5649038461538461,0.832,0.2507830047294606,0.2620192307692308
all_internal,417,0.834,0.9065378803688026,0.565947242206235,0.834,0.2485151382896551,0.2637889688249401
all_internal,418,0.836,0.9065476816584018,0.5669856459330144,0.836,0.2448235687956011,0.26555023923444976
all_internal,419,0.838,0.9076413332840108,0.568019093078759,0.838,0.2443119193733854,0.26730310262529833
all_internal,420,0.84,0.9091735676937436,0.569047619047619,0.84,0.2327751129558271,0.26904761904761904
all_internal,421,0.842,0.9101091555461238,0.5700712589073634,0.842,0.2325210856013544,0.2684085510688836
all_internal,422,0.844,0.910749738935721,0.5687203791469194,0.844,0.227733893449274,0.27014218009478674
all_internal,423,0.846,0.9163187763485652,0.5697399527186762,0.846,0.2227587630887851,0.2718676122931442
all_internal,424,0.848,0.9165792469254018,0.5707547169811321,0.848,0.2213047210724711,0.27358490566037735
all_internal,425,0.85,0.9185836066548392,0.571764705882353,0.85,0.220770193705808,0.27294117647058824
all_internal,426,0.852,0.9194662107753956,0.5704225352112676,0.852,0.2149509056053981,0.2746478873239437
all_internal,427,0.854,0.9202413913021346,0.5690866510538641,0.854,0.2048034197554755,0.27634660421545665
all_internal,428,0.856,0.921440750710447,0.5700934579439252,0.856,0.2045910450617821,0.2780373831775701
all_internal,429,0.858,0.9218277559393334,0.5710955710955711,0.858,0.1984709433137273,0.27972027972027974
all_internal,430,0.86,0.9249053654278536,0.5697674418604651,0.86,0.1980270268507017,0.2813953488372093
all_internal,431,0.862,0.9286314333881944,0.5707656612529002,0.862,0.1925749681571583,0.28074245939675174
all_internal,432,0.864,0.9293711754188934,0.5717592592592593,0.864,0.1912056074961347,0.2824074074074074
all_internal,433,0.866,0.930036400320362,0.5727482678983834,0.866,0.1859677645993061,0.2817551963048499
all_internal,434,0.868,0.9307357568694424,0.5737327188940092,0.868,0.1823728536260495,0.2834101382488479
all_internal,435,0.87,0.9317246822986348,0.5747126436781609,0.87,0.1809542073891491,0.2850574712643678
all_internal,436,0.872,0.932095512813034,0.5756880733944955,0.872,0.1794096228366689,0.286697247706422
all_internal,437,0.874,0.9338562311877522,0.5766590389016019,0.874,0.1773140482051289,0.28604118993135014
all_internal,438,0.876,0.934212610522098,0.5776255707762558,0.876,0.1684206428689765,0.2876712328767123
all_internal,439,0.878,0.9345306880878128,0.5785876993166287,0.878,0.1652425499127002,0.2870159453302961
all_internal,440,0.88,0.9357674402116885,0.5795454545454546,0.88,0.1602098246799435,0.28863636363636364
all_internal,441,0.882,0.9359365168875736,0.5804988662131519,0.882,0.1566518166189124,0.29024943310657597
all_internal,442,0.884,0.9360022067531476,0.581447963800905,0.884,0.1566481921969758,0.2895927601809955
all_internal,443,0.886,0.9362066043018056,0.582392776523702,0.886,0.1566427750108773,0.291196388261851
all_internal,444,0.888,0.9388779784564012,0.5833333333333334,0.888,0.1481230080246715,0.2927927927927928
all_internal,445,0.89,0.9395004466827892,0.5842696629213483,0.89,0.147268089827218,0.2943820224719101
all_internal,446,0.892,0.939888259346868,0.5852017937219731,0.892,0.1454618892291475,0.29596412556053814
all_internal,447,0.894,0.939964210936354,0.5861297539149888,0.894,0.1442023722230876,0.2975391498881432
all_internal,448,0.896,0.9402617446496692,0.5870535714285714,0.896,0.139868653011028,0.29910714285714285
all_internal,449,0.898,0.940913505422194,0.5879732739420935,0.898,0.1375122109439898,0.30066815144766146
all_internal,450,0.9,0.941024342275731,0.5888888888888889,0.9,0.1370648262722578,0.3022222222222222
all_internal,451,0.902,0.942122739226559,0.5898004434589801,0.902,0.1354225708965464,0.30376940133037694
all_internal,452,0.904,0.9433283072017788,0.5907079646017699,0.904,0.1345515930827716,0.3053097345132743
all_internal,453,0.906,0.9441823936514347,0.5916114790286976,0.906,0.1317240770285133,0.3068432671081678
all_internal,454,0.908,0.9461509083543486,0.5925110132158591,0.908,0.1270814578131439,0.30837004405286345
all_internal,455,0.91,0.9475971499732329,0.5934065934065934,0.91,0.1261610722806986,0.3098901098901099
all_internal,456,0.912,0.9479241465101882,0.5942982456140351,0.912,0.1202741543336292,0.31140350877192985
all_internal,457,0.914,0.9489751789355764,0.5951859956236324,0.914,0.117921369889253,0.31291028446389496
all_internal,458,0.916,0.9496614631274932,0.5960698689956332,0.916,0.1102313672699524,0.314410480349345
all_internal,459,0.918,0.950058867928292,0.5969498910675382,0.918,0.10657873613022,0.3159041394335512
all_internal,460,0.92,0.9507506994065816,0.5978260869565217,0.92,0.1007116740067557,0.3173913043478261
all_internal,461,0.922,0.9527956927906236,0.5986984815618221,0.922,0.0962972420417439,0.3188720173535792
all_internal,462,0.924,0.9534546312780204,0.5995670995670995,0.924,0.0901581473624405,0.3203463203463203
all_internal,463,0.926,0.9625686519160558,0.6004319654427646,0.926,0.0874657178502006,0.32181425485961124
all_internal,464,0.928,0.9627995003306998,0.6012931034482759,0.928,0.087213299052858,0.3232758620689655
all_internal,465,0.93,0.964001749423138,0.6021505376344086,0.93,0.0871935008136319,0.3247311827956989
all_internal,466,0.932,0.9642635511628284,0.6030042918454935,0.932,0.0803810906241986,0.3261802575107296
all_internal,467,0.934,0.9643663365568618,0.6038543897216274,0.934,0.0782025225782084,0.32762312633832974
all_internal,468,0.936,0.9643796921608492,0.6047008547008547,0.936,0.0735386547273603,0.32905982905982906
all_internal,469,0.938,0.9672501999401768,0.605543710021322,0.938,0.0717775242756373,0.3304904051172708
all_internal,470,0.94,0.967568945884254,0.6063829787234043,0.94,0.0700972962369033,0.33191489361702126
all_internal,471,0.942,0.96790813759446,0.6072186836518046,0.942,0.0700774505507472,0.3333333333333333
all_internal,472,0.944,0.9684444961418276,0.6080508474576272,0.944,0.0661320229033862,0.3347457627118644
all_internal,473,0.946,0.969906457589422,0.6088794926004228,0.946,0.0649733946078297,0.3361522198731501
all_internal,474,0.948,0.9708760397004924,0.609704641350211,0.948,0.0647497275526394,0.33755274261603374
all_internal,475,0.95,0.9712760534569472,0.6105263157894737,0.95,0.0595367704698281,0.3389473684210526
all_internal,476,0.952,0.972145261721599,0.6113445378151261,0.952,0.0531116703379043,0.3403361344537815
all_internal,477,0.954,0.9733558147631728,0.6121593291404612,0.954,0.0512699769965054,0.3417190775681342
all_internal,478,0.956,0.9757114119988226,0.6129707112970711,0.956,0.0505286666390137,0.34309623430962344
all_internal,479,0.958,0.976622563828543,0.6137787056367432,0.958,0.0501715108467248,0.3444676409185804
all_internal,480,0.96,0.9780773916023509,0.6145833333333334,0.96,0.0479827650404212,0.3458333333333333
all_internal,481,0.962,0.9784748483668192,0.6153846153846154,0.962,0.0475331642706207,0.3471933471933472
all_internal,482,0.964,0.9787621711471944,0.6161825726141079,0.964,0.0438295719108183,0.34854771784232363
all_internal,483,0.966,0.9797113196812308,0.6169772256728778,0.966,0.0427784717441981,0.34782608695652173
all_internal,484,0.968,0.9800882211063676,0.6177685950413223,0.968,0.0413049660870202,0.34917355371900827
all_internal,485,0.97,0.9804469436777145,0.6185567010309279,0.97,0.0410637451201854,0.35051546391752575
all_internal,486,0.972,0.9825403391984744,0.6193415637860082,0.972,0.039971897969603,0.35185185185185186
all_internal,487,0.974,0.987243053766261,0.6201232032854209,0.974,0.038808877333707,0.3531827515400411
all_internal,488,0.976,0.9872623953939296,0.6209016393442623,0.976,0.0325260734324113,0.35450819672131145
all_internal,489,0.978,0.9878381683343084,0.621676891615542,0.978,0.0312826596824861,0.3558282208588957
all_internal,490,0.98,0.9881886092806036,0.6224489795918368,0.98,0.0305085991882091,0.35714285714285715
all_internal,491,0.982,0.9886469829332234,0.6232179226069247,0.982,0.0301623420968221,0.35845213849287166
all_internal,492,0.984,0.989483858256258,0.6239837398373984,0.984,0.0254999360224143,0.3597560975609756
all_internal,493,0.986,0.9895331090076568,0.6247464503042597,0.986,0.0215098387252909,0.36105476673427994
all_internal,494,0.988,0.9895796856816104,0.6255060728744939,0.988,0.0207594875581867,0.3623481781376518
all_internal,495,0.99,0.9905310786917784,0.6262626262626263,0.99,0.0156345884955984,0.36363636363636365
all_internal,496,0.992,0.991787413612845,0.6270161290322581,0.992,0.0115263383492871,0.3649193548387097
all_internal,497,0.994,0.996764839363319,0.6277665995975855,0.994,0.0106147716247176,0.36619718309859156
all_internal,498,0.996,0.9969274460736672,0.6285140562248996,0.996,0.0105554782366073,0.3674698795180723
all_internal,499,0.998,0.9970925733080792,0.6292585170340681,0.998,0.0102502753578413,0.3687374749498998
all_internal,500,1.0,0.99871993888924,0.63,1.0,0.0051547535158633,0.37
context_action+all_internal,1,0.002,0.0010620423957874,0.0,0.002,0.999969657269779,0.0
context_action+all_internal,2,0.004,0.0010868481078016,0.0,0.004,0.9999411517827248,0.0
context_action+all_internal,3,0.006,0.0038295317889232,0.0,0.006,0.9998741406624628,0.0
context_action+all_internal,4,0.008,0.0045967382768144,0.0,0.008,0.999834668869703,0.0
context_action+all_internal,5,0.01,0.0064679408838018,0.0,0.01,0.9997845517355756,0.0
context_action+all_internal,6,0.012,0.007551611011015,0.0,0.012,0.9995411968654836,0.0
context_action+all_internal,7,0.014,0.0080504120423072,0.0,0.014,0.9995140412047212,0.0
context_action+all_internal,8,0.016,0.0082067347719195,0.0,0.016,0.9994331039437248,0.0
context_action+all_internal,9,0.018,0.0110086261257397,0.0,0.018,0.9993808665144356,0.0
context_action+all_internal,10,0.02,0.0118093967412788,0.0,0.02,0.9991589934928982,0.0
context_action+all_internal,11,0.022,0.0138291764934115,0.0,0.022,0.9991061962605152,0.0
context_action+all_internal,12,0.024,0.0143072554441579,0.0,0.024,0.9989856367176184,0.0
context_action+all_internal,13,0.026,0.0147177326039203,0.0,0.026,0.998846458501408,0.0
context_action+all_internal,14,0.028,0.0156613484128491,0.0,0.028,0.9987928963092793,0.0
context_action+all_internal,15,0.03,0.0157145739680276,0.0,0.03,0.9987205594840336,0.0
context_action+all_internal,16,0.032,0.0180224075005451,0.0,0.032,0.998680891686134,0.0
context_action+all_internal,17,0.034,0.0195838911776864,0.0,0.034,0.9986124899623008,0.0
context_action+all_internal,18,0.036,0.0200505283136152,0.0,0.036,0.9982218879926236,0.0
context_action+all_internal,19,0.038,0.0212625932765011,0.0,0.038,0.9982151652980052,0.0
context_action+all_internal,20,0.04,0.0234826084636066,0.0,0.04,0.9975261421530688,0.0
context_action+all_internal,21,0.042,0.0259356270756452,0.0,0.042,0.9969541189138604,0.0
context_action+all_internal,22,0.044,0.029136260282632,0.0,0.044,0.9964361215896622,0.0
context_action+all_internal,23,0.046,0.0291933555279761,0.0,0.046,0.996298750378756,0.0
context_action+all_internal,24,0.048,0.0317877583281873,0.0,0.048,0.9962552601213156,0.0
context_action+all_internal,25,0.05,0.0347768622845451,0.0,0.05,0.9961665523384706,0.0
context_action+all_internal,26,0.052,0.0374094367694206,0.0,0.052,0.9960466407751164,0.0
context_action+all_internal,27,0.054,0.0374891472538367,0.0,0.054,0.9956662330288024,0.0
context_action+all_internal,28,0.056,0.0374937093542267,0.0,0.056,0.9956565534751252,0.0
context_action+all_internal,29,0.058,0.0397884815326021,0.0,0.058,0.99561015522617,0.0
context_action+all_internal,30,0.06,0.0426464158140465,0.0,0.06,0.9953505370335042,0.0
context_action+all_internal,31,0.062,0.04620604813473,0.0,0.062,0.9950917914509728,0.0
context_action+all_internal,32,0.064,0.0464792780206259,0.03125,0.064,0.9946767434149264,0.0
context_action+all_internal,33,0.066,0.0466555716134575,0.030303030303030304,0.066,0.9945561595402876,0.0
context_action+all_internal,34,0.068,0.0511741261016702,0.029411764705882353,0.068,0.994085715246618,0.0
context_action+all_internal,35,0.07,0.0520548149194557,0.02857142857142857,0.07,0.99382087384948,0.0
context_action+all_internal,36,0.072,0.0521391709521271,0.027777777777777776,0.072,0.993748831893651,0.0
context_action+all_internal,37,0.074,0.0548680354948651,0.02702702702702703,0.074,0.9936047567763698,0.0
context_action+all_internal,38,0.076,0.0552191978051829,0.02631578947368421,0.076,0.9922150937893656,0.0
context_action+all_internal,39,0.078,0.058913328786188,0.02564102564102564,0.078,0.9910916662106994,0.0
context_action+all_internal,40,0.08,0.0600943058359753,0.025,0.08,0.9910159451776256,0.0
context_action+all_internal,41,0.082,0.0603966384856808,0.024390243902439025,0.082,0.9906664260892456,0.0
context_action+all_internal,42,0.084,0.0612099741164652,0.047619047619047616,0.084,0.9902108597633158,0.0
context_action+all_internal,43,0.086,0.0618268094381598,0.046511627906976744,0.086,0.9893400935424376,0.0
context_action+all_internal,44,0.088,0.0619588991682759,0.045454545454545456,0.088,0.9888734746115851,0.0
context_action+all_internal,45,0.09,0.0657142612537389,0.044444444444444446,0.09,0.9887594562131792,0.0
context_action+all_internal,46,0.092,0.0717830428804147,0.043478260869565216,0.092,0.9887342907523056,0.0
context_action+all_internal,47,0.094,0.0737222259571269,0.0425531914893617,0.094,0.9873774128231676,0.0
context_action+all_internal,48,0.096,0.0778203605821648,0.041666666666666664,0.096,0.981238955908493,0.0
context_action+all_internal,49,0.098,0.0808273330227245,0.04081632653061224,0.098,0.9807290591284608,0.0
context_action+all_internal,50,0.1,0.0840183668657887,0.04,0.1,0.9792735208975036,0.0
context_action+all_internal,51,0.102,0.0875575740021496,0.0392156862745098,0.102,0.9784277442024067,0.0
context_action+all_internal,52,0.104,0.0933476815583087,0.038461538461538464,0.104,0.978211543520612,0.0
context_action+all_internal,53,0.106,0.0939988639738355,0.03773584905660377,0.106,0.9781725789478364,0.0
context_action+all_internal,54,0.108,0.0968974114076011,0.037037037037037035,0.108,0.9768199360876332,0.0
context_action+all_internal,55,0.11,0.0977615480208913,0.03636363636363636,0.11,0.9765334961477083,0.0
context_action+all_internal,56,0.112,0.1005426642708464,0.03571428571428571,0.112,0.9757805187572656,0.0
context_action+all_internal,57,0.114,0.1016079474066543,0.03508771929824561,0.114,0.9756146722234766,0.0
context_action+all_internal,58,0.116,0.109743413697815,0.034482758620689655,0.116,0.9706975113703178,0.0
context_action+all_internal,59,0.118,0.1106572537368984,0.03389830508474576,0.118,0.9686310065204744,0.0
context_action+all_internal,60,0.12,0.110822384275224,0.03333333333333333,0.12,0.9679571327960934,0.0
context_action+all_internal,61,0.122,0.1115355475212567,0.03278688524590164,0.122,0.967783328555602,0.0
context_action+all_internal,62,0.124,0.1142686055236945,0.03225806451612903,0.124,0.9670394275516442,0.0
context_action+all_internal,63,0.126,0.1160160917230878,0.031746031746031744,0.126,0.966492698773296,0.0
context_action+all_internal,64,0.128,0.1173721120196841,0.03125,0.128,0.9656522985542234,0.0
context_action+all_internal,65,0.13,0.1207155788772844,0.046153846153846156,0.13,0.9654126147442018,0.0
context_action+all_internal,66,0.132,0.1238335529119762,0.045454545454545456,0.132,0.964062550764436,0.0
context_action+all_internal,67,0.134,0.1273189182769487,0.04477611940298507,0.134,0.96390656191637,0.0
context_action+all_internal,68,0.136,0.1314530722055102,0.04411764705882353,0.136,0.9632813895416712,0.0
context_action+all_internal,69,0.138,0.1318983619714409,0.043478260869565216,0.138,0.9630139110246388,0.0
context_action+all_internal,70,0.14,0.1356329692746482,0.04285714285714286,0.14,0.9607680887071888,0.0
context_action+all_internal,71,0.142,0.1361289786479861,0.04225352112676056,0.142,0.9554283502388023,0.0
context_action+all_internal,72,0.144,0.1362895200254892,0.041666666666666664,0.144,0.9544985620520542,0.0
context_action+all_internal,73,0.146,0.1384820310734512,0.0547945205479452,0.146,0.9522343557871566,0.0
context_action+all_internal,74,0.148,0.1387591336778688,0.05405405405405406,0.148,0.9501831365700196,0.0
context_action+all_internal,75,0.15,0.144058428627661,0.05333333333333334,0.15,0.9486461954564276,0.0
context_action+all_internal,76,0.152,0.1470819645416501,0.05263157894736842,0.152,0.9480760052463768,0.0
context_action+all_internal,77,0.154,0.1542920904655683,0.05194805194805195,0.154,0.9477412729713154,0.0
context_action+all_internal,78,0.156,0.1595596530988687,0.05128205128205128,0.156,0.9466827396059538,0.0
context_action+all_internal,79,0.158,0.1600062097523944,0.05063291139240506,0.158,0.946438711434768,0.0
context_action+all_internal,80,0.16,0.1625991356272398,0.0625,0.16,0.945825495427902,0.0
context_action+all_internal,81,0.162,0.1628716362655726,0.06172839506172839,0.162,0.944963083172499,0.0
context_action+all_internal,82,0.164,0.1640880361572931,0.06097560975609756,0.164,0.94453098404892,0.0
context_action+all_internal,83,0.166,0.1655002890061904,0.060240963855421686,0.166,0.9433834837867732,0.0
context_action+all_internal,84,0.168,0.1742049957253406,0.05952380952380952,0.168,0.941333144954885,0.0
context_action+all_internal,85,0.17,0.1821719055233291,0.058823529411764705,0.17,0.9412920811898856,0.0
context_action+all_internal,86,0.172,0.1918447723232791,0.06976744186046512,0.172,0.9403858543136124,0.0
context_action+all_internal,87,0.174,0.1975552252787635,0.06896551724137931,0.174,0.9387040414041288,0.0
context_action+all_internal,88,0.176,0.2016581510976273,0.06818181818181818,0.176,0.93358508651186,0.0
context_action+all_internal,89,0.178,0.2155141059802781,0.06741573033707865,0.178,0.931099390406069,0.0
context_action+all_internal,90,0.18,0.2215928053291023,0.06666666666666667,0.18,0.9305977294032128,0.0
context_action+all_internal,91,0.182,0.2252666233457261,0.07692307692307693,0.182,0.9288600011933686,0.0
context_action+all_internal,92,0.184,0.2272292518392251,0.07608695652173914,0.184,0.9286010066264064,0.0
context_action+all_internal,93,0.186,0.2315492155027219,0.07526881720430108,0.186,0.9276915193842816,0.0
context_action+all_internal,94,0.188,0.2354268181117784,0.07446808510638298,0.188,0.9276094647897212,0.0
context_action+all_internal,95,0.19,0.2434591714340173,0.07368421052631578,0.19,0.9269805537225309,0.0
context_action+all_internal,96,0.192,0.2497368250894838,0.07291666666666667,0.192,0.9269494209807616,0.0
context_action+all_internal,97,0.194,0.2501413138963149,0.08247422680412371,0.194,0.925871450894461,0.0
context_action+all_internal,98,0.196,0.2549676259501542,0.09183673469387756,0.196,0.9246932826220744,0.0
context_action+all_internal,99,0.198,0.2602461629740673,0.09090909090909091,0.198,0.924638443581682,0.0
context_action+all_internal,100,0.2,0.2676493016786796,0.09,0.2,0.924490062090178,0.01
context_action+all_internal,101,0.202,0.2713991718877699,0.09900990099009901,0.202,0.9236238985757572,0.009900990099009901
context_action+all_internal,102,0.204,0.2732997976882433,0.10784313725490197,0.204,0.9223142769317207,0.00980392156862745
context_action+all_internal,103,0.206,0.2768727033488076,0.11650485436893204,0.206,0.9214450704529248,0.009708737864077669
context_action+all_internal,104,0.208,0.278085454376189,0.125,0.208,0.921142508239014,0.009615384615384616
context_action+all_internal,105,0.21,0.2838049709817977,0.12380952380952381,0.21,0.9210191757097655,0.009523809523809525
context_action+all_internal,106,0.212,0.2850167710943328,0.1320754716981132,0.212,0.9198021443792892,0.009433962264150943
context_action+all_internal,107,0.214,0.2853650409384001,0.1308411214953271,0.214,0.9157936739581876,0.009345794392523364
context_action+all_internal,108,0.216,0.2904736983275557,0.1388888888888889,0.216,0.915619463994526,0.009259259259259259
context_action+all_internal,109,0.218,0.2976808005962341,0.14678899082568808,0.218,0.9143256125223984,0.009174311926605505
context_action+all_internal,110,0.22,0.2987107957188921,0.14545454545454545,0.22,0.9124981350624496,0.00909090909090909
context_action+all_internal,111,0.222,0.3002475618885428,0.15315315315315314,0.222,0.9061418256724234,0.009009009009009009
context_action+all_internal,112,0.224,0.3012741249350503,0.16071428571428573,0.224,0.9050289139684728,0.008928571428571428
context_action+all_internal,113,0.226,0.3013259413846018,0.168141592920354,0.226,0.9040667187897254,0.008849557522123894
context_action+all_internal,114,0.228,0.3033583293153506,0.16666666666666666,0.228,0.9039638902623056,0.017543859649122806
context_action+all_internal,115,0.23,0.3135817977888742,0.16521739130434782,0.23,0.9031157938218703,0.017391304347826087
context_action+all_internal,116,0.232,0.3161672614434549,0.16379310344827586,0.232,0.9031015543787438,0.017241379310344827
context_action+all_internal,117,0.234,0.3185651496197316,0.17094017094017094,0.234,0.9020959068677976,0.017094017094017096
context_action+all_internal,118,0.236,0.3193818521702876,0.1694915254237288,0.236,0.8993853098563335,0.025423728813559324
context_action+all_internal,119,0.238,0.323824195612261,0.16806722689075632,0.238,0.899214076613129,0.025210084033613446
context_action+all_internal,120,0.24,0.324370176124181,0.175,0.24,0.8978639571356255,0.025
context_action+all_internal,121,0.242,0.3414328661649806,0.17355371900826447,0.242,0.897307930456022,0.024793388429752067
context_action+all_internal,122,0.244,0.3432796510293063,0.1721311475409836,0.244,0.8972684940796789,0.02459016393442623
context_action+all_internal,123,0.246,0.3441840756861047,0.17886178861788618,0.246,0.8969789850743044,0.024390243902439025
context_action+all_internal,124,0.248,0.3644031686308047,0.1774193548387097,0.248,0.8942286812106796,0.03225806451612903
context_action+all_internal,125,0.25,0.3651166985008041,0.184,0.25,0.8922670227134107,0.032
context_action+all_internal,126,0.252,0.3710532380039174,0.18253968253968253,0.252,0.8921879216317993,0.031746031746031744
context_action+all_internal,127,0.254,0.3790472848550706,0.18110236220472442,0.254,0.8914696531861113,0.031496062992125984
context_action+all_internal,128,0.256,0.3797165222385124,0.1875,0.256,0.8906187360159379,0.03125
context_action+all_internal,129,0.258,0.3813749269594259,0.18604651162790697,0.258,0.8906081098737674,0.031007751937984496
context_action+all_internal,130,0.26,0.3841903602033507,0.19230769230769232,0.26,0.8885607463599068,0.03076923076923077
context_action+all_internal,131,0.262,0.3858631605914336,0.1984732824427481,0.262,0.8873719164573136,0.030534351145038167
context_action+all_internal,132,0.264,0.3920532195643194,0.19696969696969696,0.264,0.8853753521223111,0.030303030303030304
context_action+all_internal,133,0.266,0.3931428028273973,0.19548872180451127,0.266,0.8842254979964334,0.03759398496240601
context_action+all_internal,134,0.268,0.4001680640930724,0.19402985074626866,0.268,0.8839824016003107,0.03731343283582089
context_action+all_internal,135,0.27,0.4017452671431227,0.1925925925925926,0.27,0.8839690193136235,0.037037037037037035
context_action+all_internal,136,0.272,0.4124999315880348,0.19852941176470587,0.272,0.8817850828670415,0.03676470588235294
context_action+all_internal,137,0.274,0.4126564190468884,0.19708029197080293,0.274,0.8810441822182259,0.0364963503649635
context_action+all_internal,138,0.276,0.4143204670710764,0.1956521739130435,0.276,0.877603304384481,0.043478260869565216
context_action+all_internal,139,0.278,0.4209071377183355,0.19424460431654678,0.278,0.8775773186491675,0.050359712230215826
context_action+all_internal,140,0.28,0.4271037010963476,0.19285714285714287,0.28,0.8771650588161286,0.05
context_action+all_internal,141,0.282,0.4303194963201368,0.19148936170212766,0.282,0.8750766681714652,0.04964539007092199
context_action+all_internal,142,0.284,0.4327725612051415,0.19014084507042253,0.284,0.8732113690462543,0.04929577464788732
context_action+all_internal,143,0.286,0.4364275977835338,0.1958041958041958,0.286,0.8704051101131672,0.04895104895104895
context_action+all_internal,144,0.288,0.4428836608237145,0.19444444444444445,0.288,0.8701718803114921,0.04861111111111111
context_action+all_internal,145,0.29,0.4433437509566916,0.2,0.29,0.8682768020130959,0.04827586206896552
context_action+all_internal,146,0.292,0.4450078745780442,0.19863013698630136,0.292,0.8675247792432664,0.04794520547945205
context_action+all_internal,147,0.294,0.4498702726919636,0.20408163265306123,0.294,0.8664224089255149,0.05442176870748299
context_action+all_internal,148,0.296,0.4519018823106264,0.20945945945945946,0.296,0.8654872018390992,0.05405405405405406
context_action+all_internal,149,0.298,0.4529149782004112,0.2080536912751678,0.298,0.865356301045144,0.053691275167785234
context_action+all_internal,150,0.3,0.4529718109386992,0.20666666666666667,0.3,0.8622820548951597,0.05333333333333334
context_action+all_internal,151,0.302,0.4568511374557895,0.2119205298013245,0.302,0.8621791037227037,0.052980132450331126
context_action+all_internal,152,0.304,0.4664407390687602,0.21710526315789475,0.304,0.8601532465958348,0.05263157894736842
context_action+all_internal,153,0.306,0.4709491190819685,0.2222222222222222,0.306,0.8591025226242898,0.05228758169934641
context_action+all_internal,154,0.308,0.4710350097121589,0.22727272727272727,0.308,0.8589354963420248,0.05194805194805195
context_action+all_internal,155,0.31,0.4755106318869719,0.22580645161290322,0.31,0.856810250095763,0.05161290322580645
context_action+all_internal,156,0.312,0.4782540898691069,0.23076923076923078,0.312,0.8551945145274346,0.05128205128205128
context_action+all_internal,157,0.314,0.4799419287802689,0.22929936305732485,0.314,0.8532145011284787,0.050955414012738856
context_action+all_internal,158,0.316,0.4823454680160197,0.22784810126582278,0.316,0.8512405375757484,0.056962025316455694
context_action+all_internal,159,0.318,0.4848148451821968,0.23270440251572327,0.318,0.8491897254012927,0.05660377358490566
context_action+all_internal,160,0.32,0.4864325617947629,0.2375,0.32,0.8487825509339003,0.05625
context_action+all_internal,161,0.322,0.4889791131763534,0.2360248447204969,0.322,0.8484518051161639,0.055900621118012424
context_action+all_internal,162,0.324,0.4936517026058386,0.24074074074074073,0.324,0.8472298568884054,0.05555555555555555
context_action+all_internal,163,0.326,0.4947771929212379,0.2392638036809816,0.326,0.8452627493720328,0.05521472392638037
context_action+all_internal,164,0.328,0.4971455829644803,0.23780487804878048,0.328,0.8450014700044944,0.054878048780487805
context_action+all_internal,165,0.33,0.5002930145508062,0.23636363636363636,0.33,0.8445821013939849,0.05454545454545454
context_action+all_internal,166,0.332,0.5139968563627008,0.23493975903614459,0.332,0.8443966961723567,0.05421686746987952
context_action+all_internal,167,0.334,0.5150445621241934,0.23353293413173654,0.334,0.8436756749361601,0.05389221556886228
context_action+all_internal,168,0.336,0.5200465218398432,0.23809523809523808,0.336,0.8415215439723226,0.05952380952380952
context_action+all_internal,169,0.338,0.5213623619631695,0.23668639053254437,0.338,0.8384092419249976,0.05917159763313609
context_action+all_internal,170,0.34,0.5256508794133755,0.2411764705882353,0.34,0.8373163974068248,0.058823529411764705
context_action+all_internal,171,0.342,0.5260951344431174,0.24561403508771928,0.342,0.8369166647259269,0.05847953216374269
context_action+all_internal,172,0.344,0.526832214591533,0.2441860465116279,0.344,0.8351542643923316,0.05813953488372093
context_action+all_internal,173,0.346,0.5269085791487618,0.24855491329479767,0.346,0.8343364983485819,0.06358381502890173
context_action+all_internal,174,0.348,0.5290989969980008,0.2471264367816092,0.348,0.8337025275643763,0.06896551724137931
context_action+all_internal,175,0.35,0.5311041171925088,0.24571428571428572,0.35,0.8309491184996448,0.07428571428571429
context_action+all_internal,176,0.352,0.5346252649901225,0.24431818181818182,0.352,0.8244937898431912,0.07386363636363637
context_action+all_internal,177,0.354,0.5350941638669927,0.24858757062146894,0.354,0.8215840402470423,0.07344632768361582
context_action+all_internal,178,0.356,0.5362981077461151,0.25280898876404495,0.356,0.8196301814886138,0.07865168539325842
context_action+all_internal,179,0.358,0.5431200052693194,0.25139664804469275,0.358,0.8164193643276578,0.0782122905027933
context_action+all_internal,180,0.36,0.5482138387919128,0.25,0.36,0.81603624807763,0.07777777777777778
context_action+all_internal,181,0.362,0.5498537853244484,0.24861878453038674,0.362,0.8156866931866906,0.07734806629834254
context_action+all_internal,182,0.364,0.5499651407912821,0.25274725274725274,0.364,0.8155724834119759,0.08241758241758242
context_action+all_internal,183,0.366,0.5527378356843599,0.2568306010928962,0.366,0.8140757219982299,0.08196721311475409
context_action+all_internal,184,0.368,0.5573906219618586,0.2554347826086957,0.368,0.8126180685348922,0.08152173913043478
context_action+all_internal,185,0.37,0.5605424018896382,0.25405405405405407,0.37,0.8102611782818604,0.08108108108108109
context_action+all_internal,186,0.372,0.5651567339658629,0.25806451612903225,0.372,0.8096166010366945,0.08064516129032258
context_action+all_internal,187,0.374,0.5681284289070173,0.25668449197860965,0.374,0.8073927465075265,0.08021390374331551
context_action+all_internal,188,0.376,0.5695516681185839,0.26063829787234044,0.376,0.8040702246471679,0.0797872340425532
context_action+all_internal,189,0.378,0.5729096273559791,0.26455026455026454,0.378,0.8032052546938093,0.07936507936507936
context_action+all_internal,190,0.38,0.5763423840269585,0.26842105263157895,0.38,0.8025885325609504,0.07894736842105263
context_action+all_internal,191,0.382,0.5769173779903196,0.2670157068062827,0.382,0.8014461313777036,0.07853403141361257
context_action+all_internal,192,0.384,0.578995299376516,0.2708333333333333,0.384,0.7962872108851567,0.08333333333333333
context_action+all_internal,193,0.386,0.5842129601655179,0.2694300518134715,0.386,0.791801148677781,0.08290155440414508
context_action+all_internal,194,0.388,0.5849925897894322,0.27319587628865977,0.388,0.7910722700047386,0.08762886597938144
context_action+all_internal,195,0.39,0.5875817686701137,0.27692307692307694,0.39,0.7903001151922066,0.09230769230769231
context_action+all_internal,196,0.392,0.5895633784672045,0.28061224489795916,0.392,0.7898958327867159,0.09183673469387756
context_action+all_internal,197,0.394,0.5923509147039865,0.27918781725888325,0.394,0.7887572449001982,0.09137055837563451
context_action+all_internal,198,0.396,0.5947578478304544,0.2828282828282828,0.396,0.7855241077495072,0.09595959595959595
context_action+all_internal,199,0.398,0.5948611363950963,0.2864321608040201,0.398,0.781408900191563,0.09547738693467336
context_action+all_internal,200,0.4,0.5983448715151082,0.29,0.4,0.7811486850940202,0.095
context_action+all_internal,201,0.402,0.6002863024936644,0.2935323383084577,0.402,0.7809784026883282,0.0945273631840796
context_action+all_internal,202,0.404,0.6041740952468232,0.297029702970297,0.404,0.7799529625371919,0.09405940594059406
context_action+all_internal,203,0.406,0.6054128101420131,0.2955665024630542,0.406,0.779440996804521,0.09852216748768473
context_action+all_internal,204,0.408,0.6102650026455767,0.29901960784313725,0.408,0.779331369422647,0.09803921568627451
context_action+all_internal,205,0.41,0.6141169020371187,0.3024390243902439,0.41,0.7791240572387336,0.0975609756097561
context_action+all_internal,206,0.412,0.614862468537047,0.30097087378640774,0.412,0.7785836317227603,0.0970873786407767
context_action+all_internal,207,0.414,0.6150645037965744,0.30434782608695654,0.414,0.7781384066741862,0.0966183574879227
context_action+all_internal,208,0.416,0.6157685803283862,0.3076923076923077,0.416,0.7767583243436609,0.09615384615384616
context_action+all_internal,209,0.418,0.6174339238435053,0.31100478468899523,0.418,0.7761268099772504,0.09569377990430622
context_action+all_internal,210,0.42,0.6175826582468051,0.3142857142857143,0.42,0.7745569821284234,0.1
context_action+all_internal,211,0.422,0.6195090939312811,0.3175355450236967,0.422,0.7744665840732249,0.0995260663507109
context_action+all_internal,212,0.424,0.6206869901278648,0.3160377358490566,0.424,0.7700427869956588,0.09905660377358491
context_action+all_internal,213,0.426,0.6218530663231321,0.3192488262910798,0.426,0.7657881500364965,0.10328638497652583
context_action+all_internal,214,0.428,0.6236482918871,0.3177570093457944,0.428,0.7650586508595077,0.102803738317757
context_action+all_internal,215,0.43,0.6270464565589706,0.3209302325581395,0.43,0.7636964913100183,0.10232558139534884
context_action+all_internal,216,0.432,0.6310561342717351,0.3194444444444444,0.432,0.7549275444454338,0.10185185185185185
context_action+all_internal,217,0.434,0.6330601286081657,0.3225806451612903,0.434,0.7532976613083285,0.10138248847926268
context_action+all_internal,218,0.436,0.6361581871090651,0.3256880733944954,0.436,0.7516818999421029,0.10091743119266056
context_action+all_internal,219,0.438,0.6371522507183232,0.3287671232876712,0.438,0.7474089935437482,0.1004566210045662
context_action+all_internal,220,0.44,0.6384375301404394,0.33181818181818185,0.44,0.7469321448978,0.10454545454545454
context_action+all_internal,221,0.442,0.6388367348712463,0.334841628959276,0.442,0.7446626540252592,0.1085972850678733
context_action+all_internal,222,0.444,0.6394114359155463,0.3333333333333333,0.444,0.743309099590698,0.11261261261261261
context_action+all_internal,223,0.446,0.642859862723715,0.336322869955157,0.446,0.7427008285222011,0.11210762331838565
context_action+all_internal,224,0.448,0.6440578848213488,0.3392857142857143,0.448,0.7425180746372304,0.11607142857142858
context_action+all_internal,225,0.45,0.6448463617704117,0.3422222222222222,0.45,0.7417075892607873,0.11555555555555555
context_action+all_internal,226,0.452,0.6448756018750567,0.34513274336283184,0.452,0.7392427576090886,0.11504424778761062
context_action+all_internal,227,0.454,0.6555724051147024,0.34801762114537443,0.454,0.7382978978047003,0.1145374449339207
context_action+all_internal,228,0.456,0.6605424156245407,0.34649122807017546,0.456,0.7372082436527752,0.11842105263157894
context_action+all_internal,229,0.458,0.6612519080539515,0.34934497816593885,0.458,0.7352266874699267,0.11790393013100436
context_action+all_internal,230,0.46,0.6613760111777585,0.3521739130434783,0.46,0.7340909819271358,0.11739130434782609
context_action+all_internal,231,0.462,0.6620992494902866,0.354978354978355,0.462,0.7330202735309831,0.11688311688311688
context_action+all_internal,232,0.464,0.6624688284372394,0.3577586206896552,0.464,0.733014513939084,0.11637931034482758
context_action+all_internal,233,0.466,0.6635865453220664,0.3562231759656652,0.466,0.7308244768080813,0.11587982832618025
context_action+all_internal,234,0.468,0.6646536013501729,0.3547008547008547,0.468,0.7298105351938163,0.11538461538461539
context_action+all_internal,235,0.47,0.6648170108060383,0.3574468085106383,0.47,0.729796210484941,0.11914893617021277
context_action+all_internal,236,0.472,0.6657614476915973,0.3601694915254237,0.472,0.7290901315202284,0.11864406779661017
context_action+all_internal,237,0.474,0.6708166182405689,0.3628691983122363,0.474,0.7230779969922138,0.11814345991561181
context_action+all_internal,238,0.476,0.6737907990948209,0.36554621848739494,0.476,0.7210928200218184,0.12184873949579832
context_action+all_internal,239,0.478,0.6757840057935476,0.3682008368200837,0.478,0.7161275409905106,0.12133891213389121
context_action+all_internal,240,0.48,0.6766978876823931,0.36666666666666664,0.48,0.7126437273992632,0.12083333333333333
context_action+all_internal,241,0.482,0.6770307328394475,0.36929460580912865,0.482,0.7111134902885051,0.12033195020746888
context_action+all_internal,242,0.484,0.6789099436057757,0.3677685950413223,0.484,0.7106189635879896,0.11983471074380166
context_action+all_internal,243,0.486,0.6793910949368841,0.3662551440329218,0.486,0.7097574120087907,0.11934156378600823
context_action+all_internal,244,0.488,0.6834213400141812,0.36885245901639346,0.488,0.7095119681223887,0.12295081967213115
context_action+all_internal,245,0.49,0.6885268005422779,0.37142857142857144,0.49,0.704631589660713,0.12244897959183673
context_action+all_internal,246,0.492,0.6901759955598837,0.3699186991869919,0.492,0.7003126909295228,0.12195121951219512
context_action+all_internal,247,0.494,0.6908949758547274,0.3724696356275304,0.494,0.6981390645721386,0.1214574898785425
context_action+all_internal,248,0.496,0.6935149814150658,0.375,0.496,0.6974045516433193,0.12096774193548387
context_action+all_internal,249,0.498,0.6936467393693277,0.37751004016064255,0.498,0.6969005816413404,0.12048192771084337
context_action+all_internal,250,0.5,0.6947135761120046,0.38,0.5,0.6948415243141398,0.12
context_action+all_internal,251,0.502,0.6948415243141398,0.38247011952191234,0.502,0.6947135761120046,0.11952191235059761
context_action+all_internal,252,0.504,0.6969005816413404,0.38492063492063494,0.504,0.6936467393693277,0.11904761904761904
context_action+all_internal,253,0.506,0.6974045516433193,0.38735177865612647,0.506,0.6935149814150658,0.11857707509881422
context_action+all_internal,254,0.508,0.6981390645721386,0.38976377952755903,0.508,0.6908949758547274,0.11811023622047244
context_action+all_internal,255,0.51,0.7003126909295228,0.39215686274509803,0.51,0.6901759955598837,0.12156862745098039
context_action+all_internal,256,0.512,0.704631589660713,0.39453125,0.512,0.6885268005422779,0.12109375
context_action+all_internal,257,0.514,0.7095119681223887,0.39299610894941633,0.514,0.6834213400141812,0.12062256809338522
context_action+all_internal,258,0.516,0.7097574120087907,0.3953488372093023,0.516,0.6793910949368841,0.12403100775193798
context_action+all_internal,259,0.518,0.7106189635879896,0.39768339768339767,0.518,0.6789099436057757,0.1274131274131274
context_action+all_internal,260,0.52,0.7111134902885051,0.4,0.52,0.6770307328394475,0.12692307692307692
context_action+all_internal,261,0.522,0.7126437273992632,0.40229885057471265,0.522,0.6766978876823931,0.13026819923371646
context_action+all_internal,262,0.524,0.7161275409905106,0.40458015267175573,0.524,0.6757840057935476,0.1297709923664122
context_action+all_internal,263,0.526,0.7210928200218184,0.40304182509505704,0.526,0.6737907990948209,0.12927756653992395
context_action+all_internal,264,0.528,0.7230779969922138,0.4053030303030303,0.528,0.6708166182405689,0.12878787878787878
context_action+all_internal,265,0.53,0.7290901315202284,0.4075471698113208,0.53,0.6657614476915973,0.12830188679245283
context_action+all_internal,266,0.532,0.729796210484941,0.40601503759398494,0.532,0.6648170108060383,0.12781954887218044
context_action+all_internal,267,0.534,0.7298105351938163,0.40823970037453183,0.534,0.6646536013501729,0.13108614232209737
context_action+all_internal,268,0.536,0.7308244768080813,0.41044776119402987,0.536,0.6635865453220664,0.13432835820895522
context_action+all_internal,269,0.538,0.733014513939084,0.41263940520446096,0.538,0.6624688284372394,0.13382899628252787
context_action+all_internal,270,0.54,0.7330202735309831,0.4148148148148148,0.54,0.6620992494902866,0.13333333333333333
context_action+all_internal,271,0.542,0.7340909819271358,0.41697416974169743,0.542,0.6613760111777585,0.13284132841328414
context_action+all_internal,272,0.544,0.7352266874699267,0.41911764705882354,0.544,0.6612519080539515,0.1323529411764706
context_action+all_internal,273,0.546,0.7372082436527752,0.4175824175824176,0.546,0.6605424156245407,0.13553113553113552
context_action+all_internal,274,0.548,0.7382978978047003,0.4197080291970803,0.548,0.6555724051147024,0.13503649635036497
context_action+all_internal,275,0.55,0.7392427576090886,0.4218181818181818,0.55,0.6448756018750567,0.13454545454545455
context_action+all_internal,276,0.552,0.7417075892607873,0.42391304347826086,0.552,0.6448463617704117,0.13405797101449277
context_action+all_internal,277,0.554,0.7425180746372304,0.4223826714801444,0.554,0.6440578848213488,0.13357400722021662
context_action+all_internal,278,0.556,0.7427008285222011,0.4244604316546763,0.556,0.642859862723715,0.13309352517985612
context_action+all_internal,279,0.558,0.743309099590698,0.4229390681003584,0.558,0.6394114359155463,0.13620071684587814
context_action+all_internal,280,0.56,0.7446626540252592,0.42142857142857143,0.56,0.6388367348712463,0.1357142857142857
context_action+all_internal,281,0.562,0.7469321448978,0.4199288256227758,0.562,0.6384375301404394,0.13523131672597866
context_action+all_internal,282,0.564,0.7474089935437482,0.4219858156028369,0.564,0.6371522507183232,0.1347517730496454
context_action+all_internal,283,0.566,0.7516818999421029,0.42402826855123676,0.566,0.6361581871090651,0.13427561837455831
context_action+all_internal,284,0.568,0.7532976613083285,0.426056338028169,0.568,0.6330601286081657,0.13380281690140844
context_action+all_internal,285,0.57,0.7549275444454338,0.4280701754385965,0.57,0.6310561342717351,0.1368421052631579
context_action+all_internal,286,0.572,0.7636964913100183,0.43006993006993005,0.572,0.6270464565589706,0.13636363636363635
context_action+all_internal,287,0.574,0.7650586508595077,0.43205574912891986,0.574,0.6236482918871,0.13937282229965156
context_action+all_internal,288,0.576,0.7657881500364965,0.4305555555555556,0.576,0.6218530663231321,0.1388888888888889
context_action+all_internal,289,0.578,0.7700427869956588,0.43252595155709345,0.578,0.6206869901278648,0.14186851211072665
context_action+all_internal,290,0.58,0.7744665840732249,0.43448275862068964,0.58,0.6195090939312811,0.1413793103448276
context_action+all_internal,291,0.582,0.7745569821284234,0.4329896907216495,0.582,0.6175826582468051,0.140893470790378
context_action+all_internal,292,0.584,0.7761268099772504,0.4349315068493151,0.584,0.6174339238435053,0.1404109589041096
context_action+all_internal,293,0.586,0.7767583243436609,0.43686006825938567,0.586,0.6157685803283862,0.13993174061433447
context_action+all_internal,294,0.588,0.7781384066741862,0.4387755102040816,0.588,0.6150645037965744,0.13945578231292516
context_action+all_internal,295,0.59,0.7785836317227603,0.4406779661016949,0.59,0.614862468537047,0.1423728813559322
context_action+all_internal,296,0.592,0.7791240572387336,0.44256756756756754,0.592,0.6141169020371187,0.14189189189189189
context_action+all_internal,297,0.594,0.779331369422647,0.4444444444444444,0.594,0.6102650026455767,0.1414141414141414
context_action+all_internal,298,0.596,0.779440996804521,0.4429530201342282,0.596,0.6054128101420131,0.14429530201342283
context_action+all_internal,299,0.598,0.7799529625371919,0.44481605351170567,0.598,0.6041740952468232,0.14381270903010032
context_action+all_internal,300,0.6,0.7809784026883282,0.44666666666666666,0.6,0.6002863024936644,0.14333333333333334
context_action+all_internal,301,0.602,0.7811486850940202,0.4485049833887043,0.602,0.5983448715151082,0.14285714285714285
context_action+all_internal,302,0.604,0.781408900191563,0.4503311258278146,0.604,0.5948611363950963,0.1423841059602649
context_action+all_internal,303,0.606,0.7855241077495072,0.44884488448844884,0.606,0.5947578478304544,0.1419141914191419
context_action+all_internal,304,0.608,0.7887572449001982,0.4506578947368421,0.608,0.5923509147039865,0.14473684210526316
context_action+all_internal,305,0.61,0.7898958327867159,0.4524590163934426,0.61,0.5895633784672045,0.14426229508196722
context_action+all_internal,306,0.612,0.7903001151922066,0.45098039215686275,0.612,0.5875817686701137,0.1437908496732026
context_action+all_internal,307,0.614,0.7910722700047386,0.4495114006514658,0.614,0.5849925897894322,0.14332247557003258
context_action+all_internal,308,0.616,0.791801148677781,0.4512987012987013,0.616,0.5842129601655179,0.1461038961038961
context_action+all_internal,309,0.618,0.7962872108851567,0.44983818770226536,0.618,0.578995299376516,0.14563106796116504
context_action+all_internal,310,0.62,0.8014461313777036,0.45161290322580644,0.62,0.5769173779903196,0.14838709677419354
context_action+all_internal,311,0.622,0.8025885325609504,0.4533762057877814,0.622,0.5763423840269585,0.14790996784565916
context_action+all_internal,312,0.624,0.8032052546938093,0.4551282051282051,0.624,0.5729096273559791,0.14743589743589744
context_action+all_internal,313,0.626,0.8040702246471679,0.45686900958466453,0.626,0.5695516681185839,0.14696485623003194
context_action+all_internal,314,0.628,0.8073927465075265,0.4585987261146497,0.628,0.5681284289070173,0.14968152866242038
context_action+all_internal,315,0.63,0.8096166010366945,0.4603174603174603,0.63,0.5651567339658629,0.1492063492063492
context_action+all_internal,316,0.632,0.8102611782818604,0.4620253164556962,0.632,0.5605424018896382,0.1518987341772152
context_action+all_internal,317,0.634,0.8126180685348922,0.4637223974763407,0.634,0.5573906219618586,0.15457413249211358
context_action+all_internal,318,0.636,0.8140757219982299,0.46540880503144655,0.636,0.5527378356843599,0.1540880503144654
context_action+all_internal,319,0.638,0.8155724834119759,0.46394984326018807,0.638,0.5499651407912821,0.1536050156739812
context_action+all_internal,320,0.64,0.8156866931866906,0.465625,0.64,0.5498537853244484,0.15625
context_action+all_internal,321,0.642,0.81603624807763,0.4672897196261682,0.642,0.5482138387919128,0.1588785046728972
context_action+all_internal,322,0.644,0.8164193643276578,0.468944099378882,0.644,0.5431200052693194,0.16149068322981366
context_action+all_internal,323,0.646,0.8196301814886138,0.4674922600619195,0.646,0.5362981077461151,0.1609907120743034
context_action+all_internal,324,0.648,0.8215840402470423,0.4691358024691358,0.648,0.5350941638669927,0.16049382716049382
context_action+all_internal,325,0.65,0.8244937898431912,0.4707692307692308,0.65,0.5346252649901225,0.16307692307692306
context_action+all_internal,326,0.652,0.8309491184996448,0.46932515337423314,0.652,0.5311041171925088,0.1656441717791411
context_action+all_internal,327,0.654,0.8337025275643763,0.46788990825688076,0.654,0.5290989969980008,0.16819571865443425
context_action+all_internal,328,0.656,0.8343364983485819,0.46646341463414637,0.656,0.5269085791487618,0.1676829268292683
context_action+all_internal,329,0.658,0.8351542643923316,0.46808510638297873,0.658,0.526832214591533,0.1702127659574468
context_action+all_internal,330,0.66,0.8369166647259269,0.4696969696969697,0.66,0.5260951344431174,0.1696969696969697
context_action+all_internal,331,0.662,0.8373163974068248,0.47129909365558914,0.662,0.5256508794133755,0.1691842900302115
context_action+all_internal,332,0.664,0.8384092419249976,0.47289156626506024,0.664,0.5213623619631695,0.1716867469879518
context_action+all_internal,333,0.666,0.8415215439723226,0.47147147147147145,0.666,0.5200465218398432,0.17117117117117117
context_action+all_internal,334,0.668,0.8436756749361601,0.47305389221556887,0.668,0.5150445621241934,0.17365269461077845
context_action+all_internal,335,0.67,0.8443966961723567,0.4746268656716418,0.67,0.5139968563627008,0.1761194029850746
context_action+all_internal,336,0.672,0.8445821013939849,0.47619047619047616,0.672,0.5002930145508062,0.17857142857142858
context_action+all_internal,337,0.674,0.8450014700044944,0.47774480712166173,0.674,0.4971455829644803,0.18100890207715134
context_action+all_internal,338,0.676,0.8452627493720328,0.47928994082840237,0.676,0.4947771929212379,0.1834319526627219
context_action+all_internal,339,0.678,0.8472298568884054,0.4808259587020649,0.678,0.4936517026058386,0.18289085545722714
context_action+all_internal,340,0.68,0.8484518051161639,0.4823529411764706,0.68,0.4889791131763534,0.18529411764705883
context_action+all_internal,341,0.682,0.8487825509339003,0.4838709677419355,0.682,0.4864325617947629,0.18475073313782991
context_action+all_internal,342,0.684,0.8491897254012927,0.4853801169590643,0.684,0.4848148451821968,0.18421052631578946
context_action+all_internal,343,0.686,0.8512405375757484,0.4839650145772595,0.686,0.4823454680160197,0.18658892128279883
context_action+all_internal,344,0.688,0.8532145011284787,0.48546511627906974,0.688,0.4799419287802689,0.18895348837209303
context_action+all_internal,345,0.69,0.8551945145274346,0.48695652173913045,0.69,0.4782540898691069,0.18840579710144928
context_action+all_internal,346,0.692,0.856810250095763,0.4884393063583815,0.692,0.4755106318869719,0.1907514450867052
context_action+all_internal,347,0.694,0.8589354963420248,0.4899135446685879,0.694,0.4710350097121589,0.19020172910662825
context_action+all_internal,348,0.696,0.8591025226242898,0.49137931034482757,0.696,0.4709491190819685,0.1896551724137931
context_action+all_internal,349,0.698,0.8601532465958348,0.49283667621776506,0.698,0.4664407390687602,0.18911174785100288
context_action+all_internal,350,0.7,0.8621791037227037,0.4942857142857143,0.7,0.4568511374557895,0.18857142857142858
context_action+all_internal,351,0.702,0.8622820548951597,0.49572649572649574,0.702,0.4529718109386992,0.1908831908831909
context_action+all_internal,352,0.704,0.865356301045144,0.4971590909090909,0.704,0.4529149782004112,0.19318181818181818
context_action+all_internal,353,0.706,0.8654872018390992,0.4985835694050991,0.706,0.4519018823106264,0.19263456090651557
context_action+all_internal,354,0.708,0.8664224089255149,0.4971751412429379,0.708,0.4498702726919636,0.192090395480226
context_action+all_internal,355,0.71,0.8675247792432664,0.49859154929577465,0.71,0.4450078745780442,0.19436619718309858
context_action+all_internal,356,0.712,0.8682768020130959,0.5,0.712,0.4433437509566916,0.19382022471910113
context_action+all_internal,357,0.714,0.8701718803114921,0.5014005602240896,0.714,0.4428836608237145,0.19607843137254902
context_action+all_internal,358,0.716,0.8704051101131672,0.5027932960893855,0.716,0.4364275977835338,0.19553072625698323
context_action+all_internal,359,0.718,0.8732113690462543,0.5041782729805014,0.718,0.4327725612051415,0.1977715877437326
context_action+all_internal,360,0.72,0.8750766681714652,0.5055555555555555,0.72,0.4303194963201368,0.2
context_action+all_internal,361,0.722,0.8771650588161286,0.5069252077562327,0.722,0.4271037010963476,0.20221606648199447
context_action+all_internal,362,0.724,0.8775773186491675,0.505524861878453,0.724,0.4209071377183355,0.20441988950276244
context_action+all_internal,363,0.726,0.877603304384481,0.5041322314049587,0.726,0.4143204670710764,0.2066115702479339
context_action+all_internal,364,0.728,0.8810441822182259,0.5054945054945055,0.728,0.4126564190468884,0.2087912087912088
context_action+all_internal,365,0.73,0.8817850828670415,0.5068493150684932,0.73,0.4124999315880348,0.20821917808219179
context_action+all_internal,366,0.732,0.8839690193136235,0.5081967213114754,0.732,0.4017452671431227,0.2103825136612022
context_action+all_internal,367,0.734,0.8839824016003107,0.5095367847411444,0.734,0.4001680640930724,0.2125340599455041
context_action+all_internal,368,0.736,0.8842254979964334,0.5081521739130435,0.736,0.3931428028273973,0.21467391304347827
context_action+all_internal,369,0.738,0.8853753521223111,0.5094850948509485,0.738,0.3920532195643194,0.21680216802168023
context_action+all_internal,370,0.74,0.8873719164573136,0.5108108108108108,0.74,0.3858631605914336,0.21621621621621623
context_action+all_internal,371,0.742,0.8885607463599068,0.5121293800539084,0.742,0.3841903602033507,0.215633423180593
context_action+all_internal,372,0.744,0.8906081098737674,0.5134408602150538,0.744,0.3813749269594259,0.21774193548387097
context_action+all_internal,373,0.746,0.8906187360159379,0.514745308310992,0.746,0.3797165222385124,0.21715817694369974
context_action+all_internal,374,0.748,0.8914696531861113,0.516042780748663,0.748,0.3790472848550706,0.2192513368983957
context_action+all_internal,375,0.75,0.8921879216317993,0.5173333333333333,0.75,0.3710532380039174,0.22133333333333333
context_action+all_internal,376,0.752,0.8922670227134107,0.5186170212765957,0.752,0.3651166985008041,0.22074468085106383
context_action+all_internal,377,0.754,0.8942286812106796,0.5172413793103449,0.754,0.3644031686308047,0.22281167108753316
context_action+all_internal,378,0.756,0.8969789850743044,0.5185185185185185,0.756,0.3441840756861047,0.2222222222222222
context_action+all_internal,379,0.758,0.8972684940796789,0.5197889182058048,0.758,0.3432796510293063,0.22427440633245382
context_action+all_internal,380,0.76,0.897307930456022,0.5210526315789473,0.76,0.3414328661649806,0.22631578947368422
context_action+all_internal,381,0.762,0.8978639571356255,0.5223097112860893,0.762,0.324370176124181,0.22572178477690288
context_action+all_internal,382,0.764,0.899214076613129,0.5235602094240838,0.764,0.323824195612261,0.22774869109947643
context_action+all_internal,383,0.766,0.8993853098563335,0.5221932114882507,0.766,0.3193818521702876,0.2297650130548303
context_action+all_internal,384,0.768,0.9020959068677976,0.5234375,0.768,0.3185651496197316,0.22916666666666666
context_action+all_internal,385,0.77,0.9031015543787438,0.5246753246753246,0.77,0.3161672614434549,0.23116883116883116
context_action+all_internal,386,0.772,0.9031157938218703,0.5259067357512953,0.772,0.3135817977888742,0.23316062176165803
context_action+all_internal,387,0.774,0.9039638902623056,0.524547803617571,0.774,0.3033583293153506,0.2351421188630491
context_action+all_internal,388,0.776,0.9040667187897254,0.5257731958762887,0.776,0.3013259413846018,0.2345360824742268
context_action+all_internal,389,0.778,0.9050289139684728,0.5269922879177378,0.778,0.3012741249350503,0.23393316195372751
context_action+all_internal,390,0.78,0.9061418256724234,0.5282051282051282,0.78,0.3002475618885428,0.23333333333333334
context_action+all_internal,391,0.782,0.9124981350624496,0.5294117647058824,0.782,0.2987107957188921,0.23529411764705882
context_action+all_internal,392,0.784,0.9143256125223984,0.5306122448979592,0.784,0.2976808005962341,0.23469387755102042
context_action+all_internal,393,0.786,0.915619463994526,0.5318066157760815,0.786,0.2904736983275557,0.2340966921119593
context_action+all_internal,394,0.788,0.9157936739581876,0.5329949238578681,0.788,0.2853650409384001,0.23604060913705585
context_action+all_internal,395,0.79,0.9198021443792892,0.5341772151898734,0.79,0.2850167710943328,0.23544303797468355
context_action+all_internal,396,0.792,0.9210191757097655,0.5353535353535354,0.792,0.2838049709817977,0.23737373737373738
context_action+all_internal,397,0.794,0.921142508239014,0.5365239294710328,0.794,0.278085454376189,0.2367758186397985
context_action+all_internal,398,0.796,0.9214450704529248,0.5376884422110553,0.796,0.2768727033488076,0.23618090452261306
context_action+all_internal,399,0.798,0.9223142769317207,0.5388471177944862,0.798,0.2732997976882433,0.23558897243107768
context_action+all_internal,400,0.8,0.9236238985757572,0.54,0.8,0.2713991718877699,0.235
context_action+all_internal,401,0.802,0.924490062090178,0.5386533665835411,0.802,0.2676493016786796,0.23690773067331672
context_action+all_internal,402,0.804,0.924638443581682,0.5398009950248757,0.804,0.2602461629740673,0.23880597014925373
context_action+all_internal,403,0.806,0.9246932826220744,0.5409429280397022,0.806,0.2549676259501542,0.23821339950372208
context_action+all_internal,404,0.808,0.925871450894461,0.5420792079207921,0.808,0.2501413138963149,0.2376237623762376
context_action+all_internal,405,0.81,0.9269494209807616,0.5432098765432098,0.81,0.2497368250894838,0.23950617283950618
context_action+all_internal,406,0.812,0.9269805537225309,0.5443349753694581,0.812,0.2434591714340173,0.2413793103448276
context_action+all_internal,407,0.814,0.9276094647897212,0.5454545454545454,0.814,0.2354268181117784,0.24324324324324326
context_action+all_internal,408,0.816,0.9276915193842816,0.5465686274509803,0.816,0.2315492155027219,0.24509803921568626
context_action+all_internal,409,0.818,0.9286010066264064,0.5476772616136919,0.818,0.2272292518392251,0.2469437652811736
context_action+all_internal,410,0.82,0.9288600011933686,0.5487804878048781,0.82,0.2252666233457261,0.24634146341463414
context_action+all_internal,411,0.822,0.9305977294032128,0.5498783454987834,0.822,0.2215928053291023,0.24817518248175183
context_action+all_internal,412,0.824,0.931099390406069,0.5509708737864077,0.824,0.2155141059802781,0.25
context_action+all_internal,413,0.826,0.93358508651186,0.5520581113801453,0.826,0.2016581510976273,0.25181598062953997
context_action+all_internal,414,0.828,0.9387040414041288,0.5531400966183575,0.828,0.1975552252787635,0.2536231884057971
context_action+all_internal,415,0.83,0.9403858543136124,0.5542168674698795,0.83,0.1918447723232791,0.25301204819277107
context_action+all_internal,416,0.832,0.9412920811898856,0.5552884615384616,0.832,0.1821719055233291,0.2548076923076923
context_action+all_internal,417,0.834,0.941333144954885,0.5563549160671463,0.834,0.1742049957253406,0.2565947242206235
context_action+all_internal,418,0.836,0.9433834837867732,0.5574162679425837,0.836,0.1655002890061904,0.2583732057416268
context_action+all_internal,419,0.838,0.94453098404892,0.5584725536992841,0.838,0.1640880361572931,0.26014319809069214
context_action+all_internal,420,0.84,0.944963083172499,0.5595238095238095,0.84,0.1628716362655726,0.2619047619047619
context_action+all_internal,421,0.842,0.945825495427902,0.5605700712589073,0.842,0.1625991356272398,0.26128266033254155
context_action+all_internal,422,0.844,0.946438711434768,0.5616113744075829,0.844,0.1600062097523944,0.26303317535545023
context_action+all_internal,423,0.846,0.9466827396059538,0.5626477541371159,0.846,0.1595596530988687,0.2647754137115839
context_action+all_internal,424,0.848,0.9477412729713154,0.5636792452830188,0.848,0.1542920904655683,0.2665094339622642
context_action+all_internal,425,0.85,0.9480760052463768,0.5647058823529412,0.85,0.1470819645416501,0.26823529411764707
context_action+all_internal,426,0.852,0.9486461954564276,0.5657276995305164,0.852,0.144058428627661,0.2699530516431925
context_action+all_internal,427,0.854,0.9501831365700196,0.5667447306791569,0.854,0.1387591336778688,0.2716627634660422
context_action+all_internal,428,0.856,0.9522343557871566,0.5677570093457944,0.856,0.1384820310734512,0.27102803738317754
context_action+all_internal,429,0.858,0.9544985620520542,0.5687645687645687,0.858,0.1362895200254892,0.2727272727272727
context_action+all_internal,430,0.86,0.9554283502388023,0.5697674418604651,0.86,0.1361289786479861,0.2744186046511628
context_action+all_internal,431,0.862,0.9607680887071888,0.5707656612529002,0.862,0.1356329692746482,0.27610208816705334
context_action+all_internal,432,0.864,0.9630139110246388,0.5717592592592593,0.864,0.1318983619714409,0.2777777777777778
context_action+all_internal,433,0.866,0.9632813895416712,0.5727482678983834,0.866,0.1314530722055102,0.279445727482679
context_action+all_internal,434,0.868,0.96390656191637,0.5737327188940092,0.868,0.1273189182769487,0.28110599078341014
context_action+all_internal,435,0.87,0.964062550764436,0.5747126436781609,0.87,0.1238335529119762,0.2827586206896552
context_action+all_internal,436,0.872,0.9654126147442018,0.5756880733944955,0.872,0.1207155788772844,0.28211009174311924
context_action+all_internal,437,0.874,0.9656522985542234,0.5766590389016019,0.874,0.1173721120196841,0.2837528604118993
context_action+all_internal,438,0.876,0.966492698773296,0.5776255707762558,0.876,0.1160160917230878,0.2853881278538813
context_action+all_internal,439,0.878,0.9670394275516442,0.5785876993166287,0.878,0.1142686055236945,0.2870159453302961
context_action+all_internal,440,0.88,0.967783328555602,0.5795454545454546,0.88,0.1115355475212567,0.28863636363636364
context_action+all_internal,441,0.882,0.9679571327960934,0.5804988662131519,0.882,0.110822384275224,0.29024943310657597
context_action+all_internal,442,0.884,0.9686310065204744,0.581447963800905,0.884,0.1106572537368984,0.2918552036199095
context_action+all_internal,443,0.886,0.9706975113703178,0.582392776523702,0.886,0.109743413697815,0.29345372460496616
context_action+all_internal,444,0.888,0.9756146722234766,0.5833333333333334,0.888,0.1016079474066543,0.29504504504504503
context_action+all_internal,445,0.89,0.9757805187572656,0.5842696629213483,0.89,0.1005426642708464,0.2966292134831461
context_action+all_internal,446,0.892,0.9765334961477083,0.5852017937219731,0.892,0.0977615480208913,0.2982062780269058
context_action+all_internal,447,0.894,0.9768199360876332,0.5861297539149888,0.894,0.0968974114076011,0.29977628635346754
context_action+all_internal,448,0.896,0.9781725789478364,0.5870535714285714,0.896,0.0939988639738355,0.3013392857142857
context_action+all_internal,449,0.898,0.978211543520612,0.5879732739420935,0.898,0.0933476815583087,0.3028953229398664
context_action+all_internal,450,0.9,0.9784277442024067,0.5888888888888889,0.9,0.0875575740021496,0.30444444444444446
context_action+all_internal,451,0.902,0.9792735208975036,0.5898004434589801,0.902,0.0840183668657887,0.30598669623059865
context_action+all_internal,452,0.904,0.9807290591284608,0.5907079646017699,0.904,0.0808273330227245,0.3075221238938053
context_action+all_internal,453,0.906,0.981238955908493,0.5916114790286976,0.906,0.0778203605821648,0.3090507726269316
context_action+all_internal,454,0.908,0.9873774128231676,0.5925110132158591,0.908,0.0737222259571269,0.31057268722466963
context_action+all_internal,455,0.91,0.9887342907523056,0.5934065934065934,0.91,0.0717830428804147,0.3120879120879121
context_action+all_internal,456,0.912,0.9887594562131792,0.5942982456140351,0.912,0.0657142612537389,0.31359649122807015
context_action+all_internal,457,0.914,0.9888734746115851,0.5951859956236324,0.914,0.0619588991682759,0.3150984682713348
context_action+all_internal,458,0.916,0.9893400935424376,0.5960698689956332,0.916,0.0618268094381598,0.3165938864628821
context_action+all_internal,459,0.918,0.9902108597633158,0.5969498910675382,0.918,0.0612099741164652,0.3159041394335512
context_action+all_internal,460,0.92,0.9906664260892456,0.5978260869565217,0.92,0.0603966384856808,0.3173913043478261
context_action+all_internal,461,0.922,0.9910159451776256,0.5986984815618221,0.922,0.0600943058359753,0.3188720173535792
context_action+all_internal,462,0.924,0.9910916662106994,0.5995670995670995,0.924,0.058913328786188,0.3203463203463203
context_action+all_internal,463,0.926,0.9922150937893656,0.6004319654427646,0.926,0.0552191978051829,0.32181425485961124
context_action+all_internal,464,0.928,0.9936047567763698,0.6012931034482759,0.928,0.0548680354948651,0.3232758620689655
context_action+all_internal,465,0.93,0.993748831893651,0.6021505376344086,0.93,0.0521391709521271,0.3247311827956989
context_action+all_internal,466,0.932,0.99382087384948,0.6030042918454935,0.932,0.0520548149194557,0.3261802575107296
context_action+all_internal,467,0.934,0.994085715246618,0.6038543897216274,0.934,0.0511741261016702,0.32762312633832974
context_action+all_internal,468,0.936,0.9945561595402876,0.6047008547008547,0.936,0.0466555716134575,0.32905982905982906
context_action+all_internal,469,0.938,0.9946767434149264,0.605543710021322,0.938,0.0464792780206259,0.3283582089552239
context_action+all_internal,470,0.94,0.9950917914509728,0.6063829787234043,0.94,0.04620604813473,0.32978723404255317
context_action+all_internal,471,0.942,0.9953505370335042,0.6072186836518046,0.942,0.0426464158140465,0.33121019108280253
context_action+all_internal,472,0.944,0.99561015522617,0.6080508474576272,0.944,0.0397884815326021,0.3326271186440678
context_action+all_internal,473,0.946,0.9956565534751252,0.6088794926004228,0.946,0.0374937093542267,0.33403805496828753
context_action+all_internal,474,0.948,0.9956662330288024,0.609704641350211,0.948,0.0374891472538367,0.33544303797468356
context_action+all_internal,475,0.95,0.9960466407751164,0.6105263157894737,0.95,0.0374094367694206,0.3368421052631579
context_action+all_internal,476,0.952,0.9961665523384706,0.6113445378151261,0.952,0.0347768622845451,0.3382352941176471
context_action+all_internal,477,0.954,0.9962552601213156,0.6121593291404612,0.954,0.0317877583281873,0.33962264150943394
context_action+all_internal,478,0.956,0.996298750378756,0.6129707112970711,0.956,0.0291933555279761,0.3410041841004184
context_action+all_internal,479,0.958,0.9964361215896622,0.6137787056367432,0.958,0.029136260282632,0.34237995824634654
context_action+all_internal,480,0.96,0.9969541189138604,0.6145833333333334,0.96,0.0259356270756452,0.34375
context_action+all_internal,481,0.962,0.9975261421530688,0.6153846153846154,0.962,0.0234826084636066,0.34511434511434513
context_action+all_internal,482,0.964,0.9982151652980052,0.6161825726141079,0.964,0.0212625932765011,0.34647302904564314
context_action+all_internal,483,0.966,0.9982218879926236,0.6169772256728778,0.966,0.0200505283136152,0.34782608695652173
context_action+all_internal,484,0.968,0.9986124899623008,0.6177685950413223,0.968,0.0195838911776864,0.34917355371900827
context_action+all_internal,485,0.97,0.998680891686134,0.6185567010309279,0.97,0.0180224075005451,0.35051546391752575
context_action+all_internal,486,0.972,0.9987205594840336,0.6193415637860082,0.972,0.0157145739680276,0.35185185185185186
context_action+all_internal,487,0.974,0.9987928963092793,0.6201232032854209,0.974,0.0156613484128491,0.3531827515400411
context_action+all_internal,488,0.976,0.998846458501408,0.6209016393442623,0.976,0.0147177326039203,0.35450819672131145
context_action+all_internal,489,0.978,0.9989856367176184,0.621676891615542,0.978,0.0143072554441579,0.3558282208588957
context_action+all_internal,490,0.98,0.9991061962605152,0.6224489795918368,0.98,0.0138291764934115,0.35714285714285715
context_action+all_internal,491,0.982,0.9991589934928982,0.6232179226069247,0.982,0.0118093967412788,0.35845213849287166
context_action+all_internal,492,0.984,0.9993808665144356,0.6239837398373984,0.984,0.0110086261257397,0.3597560975609756
context_action+all_internal,493,0.986,0.9994331039437248,0.6247464503042597,0.986,0.0082067347719195,0.36105476673427994
context_action+all_internal,494,0.988,0.9995140412047212,0.6255060728744939,0.988,0.0080504120423072,0.3623481781376518
context_action+all_internal,495,0.99,0.9995411968654836,0.6262626262626263,0.99,0.007551611011015,0.36363636363636365
context_action+all_internal,496,0.992,0.9997845517355756,0.6270161290322581,0.992,0.0064679408838018,0.3649193548387097
context_action+all_internal,497,0.994,0.999834668869703,0.6277665995975855,0.994,0.0045967382768144,0.36619718309859156
context_action+all_internal,498,0.996,0.9998741406624628,0.6285140562248996,0.996,0.0038295317889232,0.3674698795180723
context_action+all_internal,499,0.998,0.9999411517827248,0.6292585170340681,0.998,0.0010868481078016,0.3687374749498998
context_action+all_internal,500,1.0,0.999969657269779,0.63,1.0,0.0010620423957874,0.37
