python.exe : 
At C:\Users\jv624\Desktop\fsm_reliability\outputs\pipeline_detached.ps1:18 char:5
+     & $py @pyArgs 2>&1 | Out-File -Encoding utf8 "outputs\queue_$name ...
+     ~~~~~~~~~~~~~~~~~~
    + CategoryInfo          : NotSpecified: (:String) [], RemoteException
    + FullyQualifiedErrorId : NativeCommandError
 
Loading weights:   0%|          | 0/254 [00:00<?, ?it/s]
Loading weights:   0%|          | 1/254 [00:00<01:39,  2.54it/s]
Loading weights:   8%|Γûè         | 21/254 [00:00<00:04, 53.77it/s]
Loading weights:  14%|ΓûêΓûì        | 35/254 [00:00<00:02, 76.19it/s]
Loading weights:  19%|ΓûêΓûë        | 49/254 [00:00<00:02, 92.29it/s]
Loading weights:  26%|ΓûêΓûêΓûî       | 66/254 [00:00<00:01, 110.16it/s]
Loading weights:  31%|ΓûêΓûêΓûêΓûÅ      | 80/254 [00:00<00:01, 116.56it/s]
Loading weights:  37%|ΓûêΓûêΓûêΓûï      | 94/254 [00:01<00:01, 121.44it/s]
Loading weights:  44%|ΓûêΓûêΓûêΓûêΓûÄ     | 111/254 [00:01<00:01, 131.34it/s]
Loading weights:  49%|ΓûêΓûêΓûêΓûêΓûë     | 125/254 [00:01<00:00, 130.56it/s]
Loading weights:  55%|ΓûêΓûêΓûêΓûêΓûêΓûì    | 139/254 [00:01<00:00, 129.51it/s]
Loading weights:  61%|ΓûêΓûêΓûêΓûêΓûêΓûêΓûÅ   | 156/254 [00:01<00:00, 134.83it/s]
Loading weights:  67%|ΓûêΓûêΓûêΓûêΓûêΓûêΓûï   | 170/254 [00:01<00:00, 131.96it/s]
Loading weights:  72%|ΓûêΓûêΓûêΓûêΓûêΓûêΓûêΓûÅ  | 184/254 [00:01<00:00, 127.20it/s]
Loading weights:  78%|ΓûêΓûêΓûêΓûêΓûêΓûêΓûêΓûè  | 197/254 [00:01<00:00, 124.94it/s]
Loading weights:  83%|ΓûêΓûêΓûêΓûêΓûêΓûêΓûêΓûêΓûÄ | 210/254 [00:01<00:00, 124.97it/s]
Loading weights:  88%|ΓûêΓûêΓûêΓûêΓûêΓûêΓûêΓûêΓûè | 223/254 [00:02<00:00, 119.89it/s]
Loading weights:  93%|ΓûêΓûêΓûêΓûêΓûêΓûêΓûêΓûêΓûêΓûÄ| 237/254 [00:02<00:00, 119.31it/s]
Loading weights:  98%|ΓûêΓûêΓûêΓûêΓûêΓûêΓûêΓûêΓûêΓûè| 249/254 [00:02<00:00, 112.25it/s]
Loading weights: 100%|ΓûêΓûêΓûêΓûêΓûêΓûêΓûêΓûêΓûêΓûê| 254/254 [00:02<00:00, 109.91it/s]

  0%|          | 0/3000 [00:00<?, ?it/s][transformers] Ignoring clean_up_tokenization_spaces=True for BPE tokenizer 
TokenizersBackend. The clean_up_tokenization post-processing step is designed for WordPiece tokenizers and is 
destructive for BPE (it strips spaces before punctuation). Set clean_up_tokenization_spaces=False to suppress this 
warning, or set clean_up_tokenization_spaces_for_bpe_even_though_it_will_corrupt_output=True to force cleanup anyway.

  0%|          | 1/3000 [00:00<31:12,  1.60it/s]
  0%|          | 2/3000 [00:00<18:05,  2.76it/s]
  0%|          | 3/3000 [00:01<16:29,  3.03it/s]
  0%|          | 4/3000 [00:01<16:26,  3.04it/s]
  0%|          | 5/3000 [00:01<15:42,  3.18it/s]
  0%|          | 6/3000 [00:01<14:26,  3.46it/s]
  0%|          | 7/3000 [00:02<13:43,  3.63it/s]
  0%|          | 8/3000 [00:02<13:24,  3.72it/s]
  0%|          | 9/3000 [00:02<12:19,  4.05it/s]
  0%|          | 10/3000 [00:02<11:43,  4.25it/s]
  0%|          | 11/3000 [00:03<11:33,  4.31it/s]
  0%|          | 12/3000 [00:03<11:11,  4.45it/s]
  0%|          | 13/3000 [00:03<11:52,  4.19it/s]
  0%|          | 14/3000 [00:03<10:59,  4.53it/s]
  0%|          | 15/3000 [00:04<12:05,  4.12it/s]
  1%|          | 16/3000 [00:04<12:18,  4.04it/s]
  1%|          | 17/3000 [00:04<12:52,  3.86it/s]
  1%|          | 18/3000 [00:04<13:50,  3.59it/s]
  1%|          | 19/3000 [00:05<12:59,  3.82it/s]
  1%|          | 20/3000 [00:05<12:16,  4.04it/s]
  1%|          | 21/3000 [00:05<12:03,  4.12it/s]
  1%|          | 22/3000 [00:05<12:27,  3.98it/s]
  1%|          | 23/3000 [00:06<12:12,  4.06it/s]
  1%|          | 24/3000 [00:06<10:51,  4.57it/s]
  1%|          | 25/3000 [00:06<10:51,  4.56it/s]
  1%|          | 26/3000 [00:06<10:05,  4.91it/s]
  1%|          | 27/3000 [00:06<11:23,  4.35it/s]
  1%|          | 28/3000 [00:07<11:25,  4.34it/s]
  1%|          | 29/3000 [00:07<12:37,  3.92it/s]
  1%|          | 30/3000 [00:07<12:38,  3.91it/s]
  1%|          | 31/3000 [00:07<12:20,  4.01it/s]
  1%|          | 32/3000 [00:08<10:55,  4.53it/s]
  1%|          | 33/3000 [00:08<12:03,  4.10it/s]
  1%|          | 34/3000 [00:08<11:19,  4.36it/s]
  1%|          | 35/3000 [00:08<13:31,  3.66it/s]
  1%|          | 36/3000 [00:09<13:22,  3.69it/s]
  1%|          | 37/3000 [00:09<11:47,  4.19it/s]
  1%|ΓûÅ         | 38/3000 [00:09<12:54,  3.82it/s]
  1%|ΓûÅ         | 39/3000 [00:09<11:18,  4.36it/s]
  1%|ΓûÅ         | 40/3000 [00:10<12:46,  3.86it/s]
  1%|ΓûÅ         | 41/3000 [00:10<12:57,  3.80it/s]
  1%|ΓûÅ         | 42/3000 [00:10<11:24,  4.32it/s]
  1%|ΓûÅ         | 43/3000 [00:10<10:34,  4.66it/s]
  1%|ΓûÅ         | 44/3000 [00:11<10:18,  4.78it/s]
  2%|ΓûÅ         | 45/3000 [00:11<11:22,  4.33it/s]
  2%|ΓûÅ         | 46/3000 [00:11<10:21,  4.75it/s]
  2%|ΓûÅ         | 47/3000 [00:11<10:44,  4.58it/s]
  2%|ΓûÅ         | 48/3000 [00:11<11:59,  4.10it/s]
  2%|ΓûÅ         | 49/3000 [00:12<11:39,  4.22it/s]
  2%|ΓûÅ         | 50/3000 [00:12<10:52,  4.52it/s]
  2%|ΓûÅ         | 51/3000 [00:12<09:58,  4.93it/s]
  2%|ΓûÅ         | 52/3000 [00:12<11:46,  4.17it/s]
  2%|ΓûÅ         | 53/3000 [00:13<12:28,  3.94it/s]
  2%|ΓûÅ         | 54/3000 [00:13<12:05,  4.06it/s]
  2%|ΓûÅ         | 55/3000 [00:13<11:33,  4.25it/s]
  2%|ΓûÅ         | 56/3000 [00:13<10:54,  4.50it/s]
  2%|ΓûÅ         | 57/3000 [00:13<09:58,  4.91it/s]
  2%|ΓûÅ         | 58/3000 [00:14<09:28,  5.18it/s]
  2%|ΓûÅ         | 59/3000 [00:14<09:06,  5.38it/s]
  2%|ΓûÅ         | 60/3000 [00:14<08:38,  5.67it/s]
  2%|ΓûÅ         | 61/3000 [00:14<09:10,  5.34it/s]
  2%|ΓûÅ         | 62/3000 [00:14<10:09,  4.82it/s]
  2%|ΓûÅ         | 63/3000 [00:15<09:51,  4.96it/s]
  2%|ΓûÅ         | 64/3000 [00:15<10:32,  4.64it/s]
  2%|ΓûÅ         | 65/3000 [00:15<11:17,  4.33it/s]
  2%|ΓûÅ         | 66/3000 [00:15<10:25,  4.69it/s]
  2%|ΓûÅ         | 67/3000 [00:16<13:04,  3.74it/s]
  2%|ΓûÅ         | 68/3000 [00:16<13:03,  3.74it/s]
  2%|ΓûÅ         | 69/3000 [00:16<12:49,  3.81it/s]
  2%|ΓûÅ         | 70/3000 [00:16<12:42,  3.84it/s]
  2%|ΓûÅ         | 71/3000 [00:17<12:33,  3.89it/s]
  2%|ΓûÅ         | 72/3000 [00:17<11:10,  4.37it/s]
  2%|ΓûÅ         | 73/3000 [00:17<12:42,  3.84it/s]
  2%|ΓûÅ         | 74/3000 [00:18<16:01,  3.04it/s]
  2%|ΓûÄ         | 75/3000 [00:18<15:25,  3.16it/s]
  3%|ΓûÄ         | 76/3000 [00:18<13:59,  3.48it/s]
  3%|ΓûÄ         | 77/3000 [00:18<13:30,  3.61it/s]
  3%|ΓûÄ         | 78/3000 [00:19<11:38,  4.19it/s]
  3%|ΓûÄ         | 79/3000 [00:19<10:30,  4.63it/s]
  3%|ΓûÄ         | 80/3000 [00:19<12:24,  3.92it/s]
  3%|ΓûÄ         | 81/3000 [00:19<13:21,  3.64it/s]
  3%|ΓûÄ         | 82/3000 [00:20<11:53,  4.09it/s]
  3%|ΓûÄ         | 83/3000 [00:20<10:36,  4.58it/s]
  3%|ΓûÄ         | 84/3000 [00:20<11:52,  4.09it/s]
  3%|ΓûÄ         | 85/3000 [00:20<12:06,  4.01it/s]
  3%|ΓûÄ         | 86/3000 [00:21<12:54,  3.76it/s]
  3%|ΓûÄ         | 87/3000 [00:21<11:18,  4.29it/s]
  3%|ΓûÄ         | 88/3000 [00:21<11:38,  4.17it/s]
  3%|ΓûÄ         | 89/3000 [00:21<11:13,  4.32it/s]
  3%|ΓûÄ         | 90/3000 [00:22<11:35,  4.19it/s]
  3%|ΓûÄ         | 91/3000 [00:22<10:51,  4.46it/s]
  3%|ΓûÄ         | 92/3000 [00:22<10:34,  4.58it/s]
  3%|ΓûÄ         | 93/3000 [00:22<11:15,  4.31it/s]
  3%|ΓûÄ         | 94/3000 [00:22<11:04,  4.38it/s]
  3%|ΓûÄ         | 95/3000 [00:23<12:14,  3.96it/s]
  3%|ΓûÄ         | 96/3000 [00:23<11:12,  4.32it/s]
  3%|ΓûÄ         | 97/3000 [00:23<11:46,  4.11it/s]
  3%|ΓûÄ         | 98/3000 [00:23<10:25,  4.64it/s]
  3%|ΓûÄ         | 99/3000 [00:24<10:55,  4.43it/s]
  3%|ΓûÄ         | 100/3000 [00:24<10:19,  4.68it/s]
  3%|ΓûÄ         | 101/3000 [00:24<10:35,  4.56it/s]
  3%|ΓûÄ         | 102/3000 [00:24<10:30,  4.60it/s]
  3%|ΓûÄ         | 103/3000 [00:24<10:44,  4.50it/s]
  3%|ΓûÄ         | 104/3000 [00:25<10:04,  4.79it/s]
  4%|ΓûÄ         | 105/3000 [00:25<09:45,  4.94it/s]
  4%|ΓûÄ         | 106/3000 [00:25<09:08,  5.27it/s]
  4%|ΓûÄ         | 107/3000 [00:25<08:55,  5.40it/s]
  4%|ΓûÄ         | 108/3000 [00:25<08:30,  5.66it/s]
  4%|ΓûÄ         | 109/3000 [00:26<11:17,  4.27it/s]
  4%|ΓûÄ         | 110/3000 [00:26<10:15,  4.70it/s]
  4%|ΓûÄ         | 111/3000 [00:26<11:06,  4.34it/s]
  4%|ΓûÄ         | 112/3000 [00:26<10:17,  4.67it/s]
  4%|Γûì         | 113/3000 [00:27<11:01,  4.37it/s]
  4%|Γûì         | 114/3000 [00:27<09:58,  4.82it/s]
  4%|Γûì         | 115/3000 [00:27<13:41,  3.51it/s]
  4%|Γûì         | 116/3000 [00:27<13:39,  3.52it/s]
  4%|Γûì         | 117/3000 [00:28<14:15,  3.37it/s]
  4%|Γûì         | 118/3000 [00:28<14:37,  3.28it/s]
  4%|Γûì         | 119/3000 [00:28<12:29,  3.84it/s]
  4%|Γûì         | 120/3000 [00:28<11:22,  4.22it/s]
  4%|Γûì         | 121/3000 [00:29<10:25,  4.60it/s]
  4%|Γûì         | 122/3000 [00:29<10:51,  4.42it/s]
  4%|Γûì         | 123/3000 [00:29<09:58,  4.81it/s]
  4%|Γûì         | 124/3000 [00:29<09:59,  4.79it/s]
  4%|Γûì         | 125/3000 [00:30<12:23,  3.87it/s]
  4%|Γûì         | 126/3000 [00:30<10:55,  4.39it/s]
  4%|Γûì         | 127/3000 [00:30<10:41,  4.48it/s]
  4%|Γûì         | 128/3000 [00:30<10:51,  4.41it/s]
  4%|Γûì         | 129/3000 [00:30<11:50,  4.04it/s]
  4%|Γûì         | 130/3000 [00:31<10:28,  4.57it/s]
  4%|Γûì         | 131/3000 [00:31<10:45,  4.44it/s]
  4%|Γûì         | 132/3000 [00:31<10:05,  4.74it/s]
  4%|Γûì         | 133/3000 [00:31<09:40,  4.94it/s]
  4%|Γûì         | 134/3000 [00:31<09:31,  5.01it/s]
  4%|Γûì         | 135/3000 [00:32<09:25,  5.07it/s]
  5%|Γûì         | 136/3000 [00:32<09:19,  5.12it/s]
  5%|Γûì         | 137/3000 [00:32<09:11,  5.19it/s]
  5%|Γûì         | 138/3000 [00:32<10:20,  4.62it/s]
  5%|Γûì         | 139/3000 [00:32<09:35,  4.97it/s]
  5%|Γûì         | 140/3000 [00:33<09:40,  4.93it/s]
  5%|Γûì         | 141/3000 [00:33<09:55,  4.80it/s]
  5%|Γûì         | 142/3000 [00:33<10:50,  4.40it/s]
  5%|Γûì         | 143/3000 [00:33<11:26,  4.16it/s]
  5%|Γûì         | 144/3000 [00:34<11:51,  4.01it/s]
  5%|Γûì         | 145/3000 [00:34<10:34,  4.50it/s]
  5%|Γûì         | 146/3000 [00:34<10:08,  4.69it/s]
  5%|Γûì         | 147/3000 [00:34<11:13,  4.24it/s]
  5%|Γûì         | 148/3000 [00:35<11:24,  4.16it/s]
  5%|Γûì         | 149/3000 [00:35<12:19,  3.85it/s]
  5%|Γûî         | 150/3000 [00:35<11:20,  4.19it/s]
  5%|Γûî         | 151/3000 [00:35<10:19,  4.60it/s]
  5%|Γûî         | 152/3000 [00:35<10:32,  4.50it/s]
  5%|Γûî         | 153/3000 [00:36<10:20,  4.59it/s]
  5%|Γûî         | 154/3000 [00:36<10:47,  4.39it/s]
  5%|Γûî         | 155/3000 [00:36<11:31,  4.11it/s]
  5%|Γûî         | 156/3000 [00:36<11:37,  4.08it/s]
  5%|Γûî         | 157/3000 [00:37<12:21,  3.83it/s]
  5%|Γûî         | 158/3000 [00:37<13:07,  3.61it/s]
  5%|Γûî         | 159/3000 [00:37<14:23,  3.29it/s]
  5%|Γûî         | 160/3000 [00:38<14:55,  3.17it/s]
  5%|Γûî         | 161/3000 [00:38<14:34,  3.24it/s]
  5%|Γûî         | 162/3000 [00:38<13:56,  3.39it/s]
  5%|Γûî         | 163/3000 [00:39<12:39,  3.74it/s]
  5%|Γûî         | 164/3000 [00:39<12:08,  3.90it/s]
  6%|Γûî         | 165/3000 [00:39<12:19,  3.83it/s]
  6%|Γûî         | 166/3000 [00:39<13:30,  3.50it/s]
  6%|Γûî         | 167/3000 [00:40<13:52,  3.40it/s]
  6%|Γûî         | 168/3000 [00:40<12:09,  3.88it/s]
  6%|Γûî         | 169/3000 [00:40<10:55,  4.32it/s]
  6%|Γûî         | 170/3000 [00:40<12:18,  3.83it/s]
  6%|Γûî         | 171/3000 [00:41<11:46,  4.01it/s]
  6%|Γûî         | 172/3000 [00:41<14:49,  3.18it/s]
  6%|Γûî         | 173/3000 [00:41<13:07,  3.59it/s]
  6%|Γûî         | 174/3000 [00:41<11:19,  4.16it/s]
  6%|Γûî         | 175/3000 [00:42<11:58,  3.93it/s]
  6%|Γûî         | 176/3000 [00:42<11:16,  4.17it/s]
  6%|Γûî         | 177/3000 [00:42<12:08,  3.87it/s]
  6%|Γûî         | 178/3000 [00:42<10:53,  4.32it/s]
  6%|Γûî         | 180/3000 [00:43<07:34,  6.20it/s]
  6%|Γûî         | 181/3000 [00:43<08:07,  5.79it/s]
  6%|Γûî         | 182/3000 [00:43<07:53,  5.96it/s]
  6%|Γûî         | 183/3000 [00:43<08:27,  5.55it/s]
  6%|Γûî         | 184/3000 [00:43<08:09,  5.75it/s]
  6%|Γûî         | 185/3000 [00:43<08:47,  5.33it/s]
  6%|Γûî         | 186/3000 [00:44<08:29,  5.52it/s]
  6%|Γûî         | 187/3000 [00:44<10:03,  4.66it/s]
  6%|Γûï         | 188/3000 [00:44<12:23,  3.78it/s]
  6%|Γûï         | 189/3000 [00:45<11:29,  4.07it/s]
  6%|Γûï         | 190/3000 [00:45<10:33,  4.43it/s]
  6%|Γûï         | 191/3000 [00:45<10:31,  4.45it/s]
  6%|Γûï         | 192/3000 [00:45<11:53,  3.93it/s]
  6%|Γûï         | 193/3000 [00:45<11:50,  3.95it/s]
  6%|Γûï         | 194/3000 [00:46<11:00,  4.25it/s]
  6%|Γûï         | 195/3000 [00:46<09:53,  4.73it/s]
  7%|Γûï         | 196/3000 [00:46<09:11,  5.09it/s]
  7%|Γûï         | 197/3000 [00:46<10:02,  4.65it/s]
  7%|Γûï         | 198/3000 [00:46<09:33,  4.88it/s]
  7%|Γûï         | 199/3000 [00:47<09:23,  4.97it/s]
  7%|Γûï         | 200/3000 [00:47<11:08,  4.19it/s]
  7%|Γûï         | 201/3000 [00:47<10:24,  4.48it/s]
  7%|Γûï         | 202/3000 [00:47<11:14,  4.15it/s]
  7%|Γûï         | 203/3000 [00:48<11:20,  4.11it/s]
  7%|Γûï         | 204/3000 [00:48<10:57,  4.25it/s]
  7%|Γûï         | 205/3000 [00:48<13:32,  3.44it/s]
  7%|Γûï         | 206/3000 [00:49<12:54,  3.61it/s]
  7%|Γûï         | 207/3000 [00:49<12:32,  3.71it/s]
  7%|Γûï         | 208/3000 [00:49<14:10,  3.28it/s]
  7%|Γûï         | 209/3000 [00:49<12:41,  3.66it/s]
  7%|Γûï         | 210/3000 [00:50<11:13,  4.14it/s]
  7%|Γûï         | 211/3000 [00:50<11:05,  4.19it/s]
  7%|Γûï         | 212/3000 [00:50<10:58,  4.24it/s]
  7%|Γûï         | 213/3000 [00:50<10:44,  4.32it/s]
  7%|Γûï         | 214/3000 [00:50<10:18,  4.50it/s]
  7%|Γûï         | 215/3000 [00:51<10:41,  4.34it/s]
  7%|Γûï         | 216/3000 [00:51<09:35,  4.84it/s]
  7%|Γûï         | 217/3000 [00:51<09:16,  5.00it/s]
  7%|Γûï         | 218/3000 [00:51<11:02,  4.20it/s]
  7%|Γûï         | 219/3000 [00:52<11:01,  4.20it/s]
  7%|Γûï         | 220/3000 [00:52<09:51,  4.70it/s]
  7%|Γûï         | 221/3000 [00:52<09:53,  4.68it/s]
  7%|Γûï         | 222/3000 [00:52<09:17,  4.98it/s]
  7%|Γûï         | 223/3000 [00:52<10:10,  4.55it/s]
  7%|Γûï         | 224/3000 [00:53<11:50,  3.90it/s]
  8%|Γûè         | 225/3000 [00:53<11:49,  3.91it/s]
  8%|Γûè         | 226/3000 [00:53<11:05,  4.17it/s]
  8%|Γûè         | 227/3000 [00:53<10:06,  4.57it/s]
  8%|Γûè         | 228/3000 [00:54<09:19,  4.95it/s]
  8%|Γûè         | 229/3000 [00:54<08:38,  5.35it/s]
  8%|Γûè         | 230/3000 [00:54<09:44,  4.74it/s]
  8%|Γûè         | 231/3000 [00:54<11:27,  4.02it/s]
  8%|Γûè         | 232/3000 [00:55<11:38,  3.96it/s]
  8%|Γûè         | 233/3000 [00:55<12:12,  3.78it/s]
  8%|Γûè         | 234/3000 [00:55<14:02,  3.28it/s]
  8%|Γûè         | 235/3000 [00:55<12:30,  3.69it/s]
  8%|Γûè         | 236/3000 [00:56<12:29,  3.69it/s]
  8%|Γûè         | 237/3000 [00:56<11:40,  3.95it/s]
  8%|Γûè         | 238/3000 [00:56<11:24,  4.03it/s]
  8%|Γûè         | 239/3000 [00:56<11:30,  4.00it/s]
  8%|Γûè         | 240/3000 [00:57<10:57,  4.20it/s]
  8%|Γûè         | 241/3000 [00:57<11:20,  4.06it/s]
  8%|Γûè         | 242/3000 [00:57<11:03,  4.16it/s]
  8%|Γûè         | 243/3000 [00:57<11:26,  4.02it/s]
  8%|Γûè         | 244/3000 [00:58<10:41,  4.30it/s]
  8%|Γûè         | 245/3000 [00:58<11:34,  3.97it/s]
  8%|Γûè         | 246/3000 [00:58<10:11,  4.51it/s]
  8%|Γûè         | 247/3000 [00:58<10:28,  4.38it/s]
  8%|Γûè         | 248/3000 [00:59<11:17,  4.06it/s]
  8%|Γûè         | 249/3000 [00:59<11:22,  4.03it/s]
  8%|Γûè         | 250/3000 [00:59<10:58,  4.17it/s]
  8%|Γûè         | 251/3000 [00:59<11:53,  3.85it/s]
  8%|Γûè         | 252/3000 [01:00<11:33,  3.96it/s]
  8%|Γûè         | 253/3000 [01:00<10:35,  4.32it/s]
  8%|Γûè         | 254/3000 [01:00<11:55,  3.84it/s]
  8%|Γûè         | 255/3000 [01:00<10:49,  4.23it/s]
  9%|Γûè         | 256/3000 [01:00<09:49,  4.66it/s]
  9%|Γûè         | 257/3000 [01:01<09:55,  4.61it/s]
  9%|Γûè         | 258/3000 [01:01<10:07,  4.51it/s]
  9%|Γûè         | 259/3000 [01:01<09:24,  4.86it/s]
  9%|Γûè         | 260/3000 [01:01<10:33,  4.33it/s]
  9%|Γûè         | 261/3000 [01:02<11:07,  4.10it/s]
  9%|Γûè         | 262/3000 [01:02<11:34,  3.94it/s]
  9%|Γûë         | 263/3000 [01:02<10:50,  4.21it/s]
  9%|Γûë         | 264/3000 [01:02<10:16,  4.44it/s]
  9%|Γûë         | 265/3000 [01:02<10:01,  4.55it/s]
  9%|Γûë         | 266/3000 [01:03<09:18,  4.90it/s]
  9%|Γûë         | 267/3000 [01:03<08:43,  5.22it/s]
  9%|Γûë         | 268/3000 [01:03<08:30,  5.36it/s]
  9%|Γûë         | 269/3000 [01:03<08:17,  5.49it/s]
  9%|Γûë         | 270/3000 [01:03<07:58,  5.71it/s]
  9%|Γûë         | 271/3000 [01:04<08:32,  5.32it/s]
  9%|Γûë         | 272/3000 [01:04<08:28,  5.37it/s]
  9%|Γûë         | 273/3000 [01:04<09:13,  4.93it/s]
  9%|Γûë         | 274/3000 [01:04<08:54,  5.10it/s]
  9%|Γûë         | 275/3000 [01:04<10:58,  4.14it/s]
  9%|Γûë         | 276/3000 [01:05<10:21,  4.38it/s]
  9%|Γûë         | 277/3000 [01:05<10:40,  4.25it/s]
  9%|Γûë         | 278/3000 [01:05<10:38,  4.27it/s]
  9%|Γûë         | 279/3000 [01:05<10:11,  4.45it/s]
  9%|Γûë         | 280/3000 [01:06<10:31,  4.31it/s]
  9%|Γûë         | 281/3000 [01:06<09:57,  4.55it/s]
  9%|Γûë         | 282/3000 [01:06<09:05,  4.98it/s]
  9%|Γûë         | 283/3000 [01:06<09:23,  4.82it/s]
  9%|Γûë         | 284/3000 [01:06<08:53,  5.09it/s]
 10%|Γûë         | 285/3000 [01:07<08:17,  5.46it/s]
 10%|Γûë         | 286/3000 [01:07<09:07,  4.96it/s]
 10%|Γûë         | 287/3000 [01:07<09:07,  4.96it/s]
 10%|Γûë         | 288/3000 [01:07<09:52,  4.58it/s]
 10%|Γûë         | 289/3000 [01:07<09:09,  4.93it/s]
 10%|Γûë         | 290/3000 [01:08<11:15,  4.01it/s]
 10%|Γûë         | 291/3000 [01:08<10:16,  4.40it/s]
 10%|Γûë         | 292/3000 [01:08<09:24,  4.80it/s]
 10%|Γûë         | 293/3000 [01:08<10:52,  4.15it/s]
 10%|Γûë         | 294/3000 [01:09<11:03,  4.08it/s]
 10%|Γûë         | 295/3000 [01:09<10:21,  4.35it/s]
 10%|Γûë         | 296/3000 [01:09<09:42,  4.64it/s]
 10%|Γûë         | 297/3000 [01:09<09:22,  4.80it/s]
 10%|Γûë         | 298/3000 [01:09<10:02,  4.48it/s]
 10%|Γûë         | 299/3000 [01:10<09:37,  4.67it/s]
 10%|Γûê         | 300/3000 [01:10<09:28,  4.75it/s]
 10%|Γûê         | 301/3000 [01:10<08:58,  5.01it/s]
 10%|Γûê         | 302/3000 [01:10<09:42,  4.64it/s]
 10%|Γûê         | 303/3000 [01:11<12:05,  3.72it/s]
 10%|Γûê         | 304/3000 [01:11<10:40,  4.21it/s]
 10%|Γûê         | 305/3000 [01:11<12:59,  3.46it/s]
 10%|Γûê         | 306/3000 [01:11<11:03,  4.06it/s]
 10%|Γûê         | 307/3000 [01:12<11:01,  4.07it/s]
 10%|Γûê         | 308/3000 [01:12<10:02,  4.47it/s]
 10%|Γûê         | 309/3000 [01:12<10:18,  4.35it/s]
 10%|Γûê         | 310/3000 [01:12<09:14,  4.85it/s]
 10%|Γûê         | 311/3000 [01:13<10:11,  4.40it/s]
 10%|Γûê         | 312/3000 [01:13<09:20,  4.79it/s]
 10%|Γûê         | 313/3000 [01:13<09:47,  4.57it/s]
 10%|Γûê         | 314/3000 [01:13<08:49,  5.07it/s]
 10%|Γûê         | 315/3000 [01:13<08:11,  5.46it/s]
 11%|Γûê         | 316/3000 [01:13<09:18,  4.81it/s]
 11%|Γûê         | 317/3000 [01:14<08:27,  5.29it/s]
 11%|Γûê         | 318/3000 [01:14<09:21,  4.77it/s]
 11%|Γûê         | 319/3000 [01:14<08:55,  5.01it/s]
 11%|Γûê         | 320/3000 [01:14<08:13,  5.44it/s]
 11%|Γûê         | 321/3000 [01:14<09:10,  4.86it/s]
 11%|Γûê         | 322/3000 [01:15<08:29,  5.25it/s]
 11%|Γûê         | 323/3000 [01:15<08:36,  5.18it/s]
 11%|Γûê         | 324/3000 [01:15<08:33,  5.21it/s]
 11%|Γûê         | 325/3000 [01:15<07:55,  5.62it/s]
 11%|Γûê         | 326/3000 [01:15<07:54,  5.63it/s]
 11%|Γûê         | 327/3000 [01:16<07:51,  5.66it/s]
 11%|Γûê         | 328/3000 [01:16<09:01,  4.93it/s]
 11%|Γûê         | 329/3000 [01:16<09:43,  4.57it/s]
 11%|Γûê         | 330/3000 [01:16<08:54,  4.99it/s]
 11%|Γûê         | 331/3000 [01:16<10:13,  4.35it/s]
 11%|Γûê         | 332/3000 [01:17<09:18,  4.78it/s]
 11%|Γûê         | 333/3000 [01:17<08:40,  5.12it/s]
 11%|Γûê         | 334/3000 [01:17<09:33,  4.65it/s]
 11%|Γûê         | 335/3000 [01:17<08:48,  5.04it/s]
 11%|Γûê         | 336/3000 [01:17<08:21,  5.32it/s]
 11%|Γûê         | 337/3000 [01:18<09:09,  4.85it/s]
 11%|ΓûêΓûÅ        | 338/3000 [01:18<09:11,  4.83it/s]
 11%|ΓûêΓûÅ        | 339/3000 [01:18<12:17,  3.61it/s]
 11%|ΓûêΓûÅ        | 340/3000 [01:19<12:58,  3.41it/s]
 11%|ΓûêΓûÅ        | 341/3000 [01:19<12:19,  3.60it/s]
 11%|ΓûêΓûÅ        | 342/3000 [01:20<17:58,  2.46it/s]
 11%|ΓûêΓûÅ        | 343/3000 [01:20<18:17,  2.42it/s]
 11%|ΓûêΓûÅ        | 344/3000 [01:20<19:09,  2.31it/s]
 12%|ΓûêΓûÅ        | 345/3000 [01:21<17:56,  2.47it/s]
 12%|ΓûêΓûÅ        | 346/3000 [01:21<16:41,  2.65it/s]
 12%|ΓûêΓûÅ        | 347/3000 [01:21<14:17,  3.09it/s]
 12%|ΓûêΓûÅ        | 348/3000 [01:22<15:48,  2.80it/s]
 12%|ΓûêΓûÅ        | 349/3000 [01:22<14:35,  3.03it/s]
 12%|ΓûêΓûÅ        | 350/3000 [01:22<13:45,  3.21it/s]
 12%|ΓûêΓûÅ        | 351/3000 [01:22<11:53,  3.71it/s]
 12%|ΓûêΓûÅ        | 352/3000 [01:23<12:45,  3.46it/s]
 12%|ΓûêΓûÅ        | 353/3000 [01:23<11:22,  3.88it/s]
 12%|ΓûêΓûÅ        | 354/3000 [01:23<10:27,  4.22it/s]
 12%|ΓûêΓûÅ        | 355/3000 [01:23<09:24,  4.69it/s]
 12%|ΓûêΓûÅ        | 356/3000 [01:23<08:38,  5.10it/s]
 12%|ΓûêΓûÅ        | 357/3000 [01:24<09:44,  4.52it/s]
 12%|ΓûêΓûÅ        | 358/3000 [01:24<09:00,  4.89it/s]
 12%|ΓûêΓûÅ        | 359/3000 [01:24<10:21,  4.25it/s]
 12%|ΓûêΓûÅ        | 360/3000 [01:24<09:54,  4.44it/s]
 12%|ΓûêΓûÅ        | 361/3000 [01:25<09:08,  4.81it/s]
 12%|ΓûêΓûÅ        | 362/3000 [01:25<10:16,  4.28it/s]
 12%|ΓûêΓûÅ        | 363/3000 [01:25<09:34,  4.59it/s]
 12%|ΓûêΓûÅ        | 364/3000 [01:25<10:44,  4.09it/s]
 12%|ΓûêΓûÅ        | 365/3000 [01:26<09:35,  4.58it/s]
 12%|ΓûêΓûÅ        | 366/3000 [01:26<09:51,  4.45it/s]
 12%|ΓûêΓûÅ        | 367/3000 [01:26<10:14,  4.28it/s]
 12%|ΓûêΓûÅ        | 368/3000 [01:26<10:33,  4.15it/s]
 12%|ΓûêΓûÅ        | 369/3000 [01:27<10:20,  4.24it/s]
 12%|ΓûêΓûÅ        | 370/3000 [01:27<09:13,  4.75it/s]
 12%|ΓûêΓûÅ        | 371/3000 [01:27<09:10,  4.78it/s]
 12%|ΓûêΓûÅ        | 372/3000 [01:27<08:38,  5.07it/s]
 12%|ΓûêΓûÅ        | 373/3000 [01:27<08:08,  5.38it/s]
 12%|ΓûêΓûÅ        | 374/3000 [01:27<07:43,  5.66it/s]
 12%|ΓûêΓûÄ        | 375/3000 [01:28<08:40,  5.04it/s]
 13%|ΓûêΓûÄ        | 376/3000 [01:28<09:55,  4.41it/s]
 13%|ΓûêΓûÄ        | 377/3000 [01:28<11:13,  3.90it/s]
 13%|ΓûêΓûÄ        | 378/3000 [01:28<10:47,  4.05it/s]
 13%|ΓûêΓûÄ        | 379/3000 [01:29<11:09,  3.91it/s]
 13%|ΓûêΓûÄ        | 380/3000 [01:29<10:58,  3.98it/s]
 13%|ΓûêΓûÄ        | 381/3000 [01:29<09:43,  4.49it/s]
 13%|ΓûêΓûÄ        | 382/3000 [01:29<10:22,  4.21it/s]
 13%|ΓûêΓûÄ        | 383/3000 [01:30<10:26,  4.18it/s]
 13%|ΓûêΓûÄ        | 384/3000 [01:30<10:25,  4.18it/s]
 13%|ΓûêΓûÄ        | 385/3000 [01:30<10:02,  4.34it/s]
 13%|ΓûêΓûÄ        | 386/3000 [01:30<09:07,  4.77it/s]
 13%|ΓûêΓûÄ        | 387/3000 [01:30<08:24,  5.18it/s]
 13%|ΓûêΓûÄ        | 388/3000 [01:31<09:24,  4.62it/s]
 13%|ΓûêΓûÄ        | 389/3000 [01:31<09:42,  4.48it/s]
 13%|ΓûêΓûÄ        | 390/3000 [01:31<09:19,  4.67it/s]
 13%|ΓûêΓûÄ        | 391/3000 [01:31<10:31,  4.13it/s]
 13%|ΓûêΓûÄ        | 392/3000 [01:32<09:36,  4.52it/s]
 13%|ΓûêΓûÄ        | 393/3000 [01:32<10:45,  4.04it/s]
 13%|ΓûêΓûÄ        | 394/3000 [01:32<10:14,  4.24it/s]
 13%|ΓûêΓûÄ        | 395/3000 [01:32<09:37,  4.51it/s]
 13%|ΓûêΓûÄ        | 396/3000 [01:33<12:11,  3.56it/s]
 13%|ΓûêΓûÄ        | 397/3000 [01:33<11:28,  3.78it/s]
 13%|ΓûêΓûÄ        | 398/3000 [01:33<11:41,  3.71it/s]
 13%|ΓûêΓûÄ        | 399/3000 [01:34<12:09,  3.56it/s]
 13%|ΓûêΓûÄ        | 400/3000 [01:34<12:13,  3.55it/s]
 13%|ΓûêΓûÄ        | 401/3000 [01:34<12:08,  3.57it/s]
 13%|ΓûêΓûÄ        | 402/3000 [01:34<11:20,  3.82it/s]
 13%|ΓûêΓûÄ        | 403/3000 [01:35<10:29,  4.13it/s]
 13%|ΓûêΓûÄ        | 404/3000 [01:35<09:32,  4.54it/s]
 14%|ΓûêΓûÄ        | 405/3000 [01:35<10:02,  4.31it/s]
 14%|ΓûêΓûÄ        | 406/3000 [01:35<09:09,  4.72it/s]
 14%|ΓûêΓûÄ        | 407/3000 [01:35<09:09,  4.72it/s]
 14%|ΓûêΓûÄ        | 408/3000 [01:36<10:37,  4.07it/s]
 14%|ΓûêΓûÄ        | 409/3000 [01:36<10:30,  4.11it/s]
 14%|ΓûêΓûÄ        | 410/3000 [01:36<10:51,  3.98it/s]
 14%|ΓûêΓûÄ        | 411/3000 [01:36<11:13,  3.84it/s]
 14%|ΓûêΓûÄ        | 412/3000 [01:37<12:02,  3.58it/s]
 14%|ΓûêΓûì        | 413/3000 [01:37<11:41,  3.69it/s]
 14%|ΓûêΓûì        | 414/3000 [01:37<10:08,  4.25it/s]
 14%|ΓûêΓûì        | 415/3000 [01:37<10:38,  4.05it/s]
 14%|ΓûêΓûì        | 416/3000 [01:38<10:08,  4.25it/s]
 14%|ΓûêΓûì        | 417/3000 [01:38<11:03,  3.89it/s]
 14%|ΓûêΓûì        | 418/3000 [01:38<12:55,  3.33it/s]
 14%|ΓûêΓûì        | 419/3000 [01:39<13:20,  3.23it/s]
 14%|ΓûêΓûì        | 420/3000 [01:39<14:11,  3.03it/s]
 14%|ΓûêΓûì        | 421/3000 [01:39<13:33,  3.17it/s]
 14%|ΓûêΓûì        | 422/3000 [01:40<11:34,  3.71it/s]
 14%|ΓûêΓûì        | 423/3000 [01:40<10:31,  4.08it/s]
 14%|ΓûêΓûì        | 424/3000 [01:40<09:22,  4.58it/s]
 14%|ΓûêΓûì        | 425/3000 [01:40<09:38,  4.45it/s]
 14%|ΓûêΓûì        | 426/3000 [01:40<09:46,  4.39it/s]
 14%|ΓûêΓûì        | 427/3000 [01:41<10:31,  4.08it/s]
 14%|ΓûêΓûì        | 428/3000 [01:41<09:34,  4.48it/s]
 14%|ΓûêΓûì        | 429/3000 [01:41<09:05,  4.72it/s]
 14%|ΓûêΓûì        | 430/3000 [01:41<11:38,  3.68it/s]
 14%|ΓûêΓûì        | 431/3000 [01:42<11:39,  3.67it/s]
 14%|ΓûêΓûì        | 432/3000 [01:42<11:27,  3.73it/s]
 14%|ΓûêΓûì        | 433/3000 [01:42<10:37,  4.03it/s]
 14%|ΓûêΓûì        | 434/3000 [01:42<12:06,  3.53it/s]
 14%|ΓûêΓûì        | 435/3000 [01:43<10:57,  3.90it/s]
 15%|ΓûêΓûì        | 436/3000 [01:43<09:49,  4.35it/s]
 15%|ΓûêΓûì        | 437/3000 [01:43<09:16,  4.60it/s]
 15%|ΓûêΓûì        | 438/3000 [01:43<08:53,  4.80it/s]
 15%|ΓûêΓûì        | 439/3000 [01:44<10:30,  4.06it/s]
 15%|ΓûêΓûì        | 440/3000 [01:44<10:52,  3.93it/s]
 15%|ΓûêΓûì        | 441/3000 [01:44<09:51,  4.33it/s]
 15%|ΓûêΓûì        | 442/3000 [01:44<10:41,  3.99it/s]
 15%|ΓûêΓûì        | 443/3000 [01:44<09:50,  4.33it/s]
 15%|ΓûêΓûì        | 444/3000 [01:45<09:15,  4.60it/s]
 15%|ΓûêΓûì        | 445/3000 [01:45<10:21,  4.11it/s]
 15%|ΓûêΓûì        | 446/3000 [01:45<13:10,  3.23it/s]
 15%|ΓûêΓûì        | 447/3000 [01:46<11:25,  3.73it/s]
 15%|ΓûêΓûì        | 448/3000 [01:46<11:10,  3.81it/s]
 15%|ΓûêΓûì        | 449/3000 [01:46<09:53,  4.30it/s]
 15%|ΓûêΓûî        | 450/3000 [01:46<10:40,  3.98it/s]
 15%|ΓûêΓûî        | 451/3000 [01:47<11:21,  3.74it/s]
 15%|ΓûêΓûî        | 452/3000 [01:47<11:30,  3.69it/s]
 15%|ΓûêΓûî        | 453/3000 [01:47<11:58,  3.54it/s]
 15%|ΓûêΓûî        | 454/3000 [01:48<12:32,  3.38it/s]
 15%|ΓûêΓûî        | 455/3000 [01:48<11:09,  3.80it/s]
 15%|ΓûêΓûî        | 456/3000 [01:48<09:49,  4.32it/s]
 15%|ΓûêΓûî        | 457/3000 [01:48<13:04,  3.24it/s]
 15%|ΓûêΓûî        | 458/3000 [01:49<12:34,  3.37it/s]
 15%|ΓûêΓûî        | 459/3000 [01:49<12:02,  3.52it/s]
 15%|ΓûêΓûî        | 460/3000 [01:49<11:46,  3.60it/s]
 15%|ΓûêΓûî        | 461/3000 [01:49<10:20,  4.09it/s]
 15%|ΓûêΓûî        | 462/3000 [01:50<11:45,  3.60it/s]
 15%|ΓûêΓûî        | 463/3000 [01:50<10:21,  4.08it/s]
 15%|ΓûêΓûî        | 464/3000 [01:50<09:18,  4.54it/s]
 16%|ΓûêΓûî        | 465/3000 [01:50<09:17,  4.55it/s]
 16%|ΓûêΓûî        | 466/3000 [01:50<08:43,  4.84it/s]
 16%|ΓûêΓûî        | 467/3000 [01:51<08:56,  4.72it/s]
 16%|ΓûêΓûî        | 468/3000 [01:51<09:29,  4.44it/s]
 16%|ΓûêΓûî        | 469/3000 [01:51<09:34,  4.41it/s]
 16%|ΓûêΓûî        | 470/3000 [01:51<08:53,  4.75it/s]
 16%|ΓûêΓûî        | 471/3000 [01:52<10:29,  4.02it/s]
 16%|ΓûêΓûî        | 472/3000 [01:52<11:03,  3.81it/s]
 16%|ΓûêΓûî        | 473/3000 [01:52<11:20,  3.71it/s]
 16%|ΓûêΓûî        | 474/3000 [01:52<09:54,  4.25it/s]
 16%|ΓûêΓûî        | 475/3000 [01:53<10:42,  3.93it/s]
 16%|ΓûêΓûî        | 476/3000 [01:53<11:01,  3.81it/s]
 16%|ΓûêΓûî        | 477/3000 [01:53<10:14,  4.11it/s]
 16%|ΓûêΓûî        | 478/3000 [01:53<09:54,  4.25it/s]
 16%|ΓûêΓûî        | 479/3000 [01:54<08:52,  4.73it/s]
 16%|ΓûêΓûî        | 480/3000 [01:54<08:16,  5.08it/s]
 16%|ΓûêΓûî        | 481/3000 [01:54<07:48,  5.38it/s]
 16%|ΓûêΓûî        | 482/3000 [01:54<07:27,  5.62it/s]
 16%|ΓûêΓûî        | 483/3000 [01:54<08:50,  4.74it/s]
 16%|ΓûêΓûî        | 484/3000 [01:54<08:12,  5.10it/s]
 16%|ΓûêΓûî        | 485/3000 [01:55<07:57,  5.27it/s]
 16%|ΓûêΓûî        | 486/3000 [01:55<08:52,  4.72it/s]
 16%|ΓûêΓûî        | 487/3000 [01:55<09:19,  4.49it/s]
 16%|ΓûêΓûï        | 488/3000 [01:55<09:03,  4.62it/s]
 16%|ΓûêΓûï        | 489/3000 [01:56<08:55,  4.69it/s]
 16%|ΓûêΓûï        | 490/3000 [01:56<11:56,  3.50it/s]
 16%|ΓûêΓûï        | 491/3000 [01:56<11:13,  3.73it/s]
 16%|ΓûêΓûï        | 492/3000 [01:56<10:10,  4.11it/s]
 16%|ΓûêΓûï        | 493/3000 [01:57<09:38,  4.33it/s]
 16%|ΓûêΓûï        | 494/3000 [01:57<09:57,  4.19it/s]
 16%|ΓûêΓûï        | 495/3000 [01:57<11:23,  3.66it/s]
 17%|ΓûêΓûï        | 496/3000 [01:57<10:22,  4.02it/s]
 17%|ΓûêΓûï        | 497/3000 [01:58<10:58,  3.80it/s]
 17%|ΓûêΓûï        | 498/3000 [01:58<11:06,  3.76it/s]
 17%|ΓûêΓûï        | 499/3000 [01:58<09:56,  4.19it/s]
 17%|ΓûêΓûï        | 500/3000 [01:58<09:28,  4.39it/s]
 17%|ΓûêΓûï        | 501/3000 [01:59<09:15,  4.50it/s]
 17%|ΓûêΓûï        | 502/3000 [01:59<09:20,  4.46it/s]
 17%|ΓûêΓûï        | 503/3000 [01:59<09:00,  4.62it/s]
 17%|ΓûêΓûï        | 504/3000 [01:59<08:30,  4.89it/s]
 17%|ΓûêΓûï        | 505/3000 [01:59<08:29,  4.90it/s]
 17%|ΓûêΓûï        | 506/3000 [02:00<08:10,  5.09it/s]
 17%|ΓûêΓûï        | 507/3000 [02:00<08:54,  4.67it/s]
 17%|ΓûêΓûï        | 508/3000 [02:00<08:12,  5.06it/s]
 17%|ΓûêΓûï        | 509/3000 [02:00<08:20,  4.98it/s]
 17%|ΓûêΓûï        | 510/3000 [02:00<08:16,  5.02it/s]
 17%|ΓûêΓûï        | 511/3000 [02:01<08:17,  5.01it/s]
 17%|ΓûêΓûï        | 512/3000 [02:01<09:50,  4.21it/s]
 17%|ΓûêΓûï        | 513/3000 [02:01<09:01,  4.59it/s]
 17%|ΓûêΓûï        | 514/3000 [02:01<08:56,  4.63it/s]
 17%|ΓûêΓûï        | 515/3000 [02:01<08:24,  4.92it/s]
 17%|ΓûêΓûï        | 516/3000 [02:02<09:16,  4.47it/s]
 17%|ΓûêΓûï        | 517/3000 [02:02<08:34,  4.82it/s]
 17%|ΓûêΓûï        | 518/3000 [02:02<09:29,  4.36it/s]
 17%|ΓûêΓûï        | 519/3000 [02:02<08:42,  4.75it/s]
 17%|ΓûêΓûï        | 520/3000 [02:03<10:37,  3.89it/s]
 17%|ΓûêΓûï        | 521/3000 [02:03<11:20,  3.64it/s]
 17%|ΓûêΓûï        | 522/3000 [02:03<09:56,  4.16it/s]
 17%|ΓûêΓûï        | 523/3000 [02:03<10:52,  3.80it/s]
 17%|ΓûêΓûï        | 524/3000 [02:04<09:34,  4.31it/s]
 18%|ΓûêΓûè        | 525/3000 [02:04<09:28,  4.35it/s]
 18%|ΓûêΓûè        | 526/3000 [02:04<09:52,  4.18it/s]
 18%|ΓûêΓûè        | 527/3000 [02:04<10:48,  3.82it/s]
 18%|ΓûêΓûè        | 528/3000 [02:05<12:14,  3.37it/s]
 18%|ΓûêΓûè        | 529/3000 [02:05<11:21,  3.63it/s]
 18%|ΓûêΓûè        | 530/3000 [02:05<10:53,  3.78it/s]
 18%|ΓûêΓûè        | 531/3000 [02:06<10:43,  3.83it/s]
 18%|ΓûêΓûè        | 532/3000 [02:06<09:27,  4.35it/s]
 18%|ΓûêΓûè        | 533/3000 [02:06<10:44,  3.83it/s]
 18%|ΓûêΓûè        | 534/3000 [02:06<10:05,  4.07it/s]
 18%|ΓûêΓûè        | 535/3000 [02:06<09:08,  4.50it/s]
 18%|ΓûêΓûè        | 536/3000 [02:07<08:19,  4.93it/s]
 18%|ΓûêΓûè        | 537/3000 [02:07<09:46,  4.20it/s]
 18%|ΓûêΓûè        | 538/3000 [02:07<08:48,  4.66it/s]
 18%|ΓûêΓûè        | 539/3000 [02:07<08:00,  5.12it/s]
 18%|ΓûêΓûè        | 540/3000 [02:07<07:31,  5.44it/s]
 18%|ΓûêΓûè        | 541/3000 [02:08<08:28,  4.84it/s]
 18%|ΓûêΓûè        | 542/3000 [02:08<07:49,  5.24it/s]
 18%|ΓûêΓûè        | 543/3000 [02:08<09:16,  4.42it/s]
 18%|ΓûêΓûè        | 544/3000 [02:08<08:30,  4.81it/s]
 18%|ΓûêΓûè        | 545/3000 [02:08<07:55,  5.16it/s]
 18%|ΓûêΓûè        | 546/3000 [02:09<08:10,  5.01it/s]
 18%|ΓûêΓûè        | 547/3000 [02:09<08:05,  5.05it/s]
 18%|ΓûêΓûè        | 548/3000 [02:09<09:21,  4.37it/s]
 18%|ΓûêΓûè        | 549/3000 [02:09<09:11,  4.44it/s]
 18%|ΓûêΓûè        | 550/3000 [02:10<09:42,  4.20it/s]
 18%|ΓûêΓûè        | 551/3000 [02:10<08:50,  4.62it/s]
 18%|ΓûêΓûè        | 552/3000 [02:10<08:57,  4.55it/s]
 18%|ΓûêΓûè        | 553/3000 [02:10<09:58,  4.09it/s]
 18%|ΓûêΓûè        | 554/3000 [02:10<09:16,  4.40it/s]
 18%|ΓûêΓûè        | 555/3000 [02:11<08:31,  4.78it/s]
 19%|ΓûêΓûè        | 556/3000 [02:11<09:15,  4.40it/s]
 19%|ΓûêΓûè        | 557/3000 [02:11<10:12,  3.99it/s]
 19%|ΓûêΓûè        | 558/3000 [02:11<10:02,  4.05it/s]
 19%|ΓûêΓûè        | 559/3000 [02:12<09:44,  4.18it/s]
 19%|ΓûêΓûè        | 560/3000 [02:12<10:45,  3.78it/s]
 19%|ΓûêΓûè        | 561/3000 [02:12<10:25,  3.90it/s]
 19%|ΓûêΓûè        | 562/3000 [02:13<11:07,  3.65it/s]
 19%|ΓûêΓûë        | 563/3000 [02:13<09:49,  4.13it/s]
 19%|ΓûêΓûë        | 564/3000 [02:13<08:49,  4.60it/s]
 19%|ΓûêΓûë        | 565/3000 [02:13<08:00,  5.07it/s]
 19%|ΓûêΓûë        | 566/3000 [02:13<07:42,  5.27it/s]
 19%|ΓûêΓûë        | 567/3000 [02:13<07:24,  5.47it/s]
 19%|ΓûêΓûë        | 568/3000 [02:14<07:02,  5.76it/s]
 19%|ΓûêΓûë        | 569/3000 [02:14<06:51,  5.91it/s]
 19%|ΓûêΓûë        | 570/3000 [02:14<09:01,  4.48it/s]
 19%|ΓûêΓûë        | 571/3000 [02:14<08:55,  4.53it/s]
 19%|ΓûêΓûë        | 572/3000 [02:15<09:57,  4.07it/s]
 19%|ΓûêΓûë        | 573/3000 [02:15<09:51,  4.11it/s]
 19%|ΓûêΓûë        | 574/3000 [02:15<10:19,  3.91it/s]
 19%|ΓûêΓûë        | 575/3000 [02:15<10:39,  3.79it/s]
 19%|ΓûêΓûë        | 576/3000 [02:16<11:23,  3.55it/s]
 19%|ΓûêΓûë        | 577/3000 [02:16<10:24,  3.88it/s]
 19%|ΓûêΓûë        | 578/3000 [02:16<10:36,  3.80it/s]
 19%|ΓûêΓûë        | 579/3000 [02:16<10:53,  3.71it/s]
 19%|ΓûêΓûë        | 580/3000 [02:17<10:02,  4.01it/s]
 19%|ΓûêΓûë        | 581/3000 [02:17<09:06,  4.43it/s]
 19%|ΓûêΓûë        | 582/3000 [02:17<08:24,  4.80it/s]
 19%|ΓûêΓûë        | 583/3000 [02:17<09:36,  4.19it/s]
 19%|ΓûêΓûë        | 584/3000 [02:17<08:46,  4.59it/s]
 20%|ΓûêΓûë        | 585/3000 [02:18<09:53,  4.07it/s]
 20%|ΓûêΓûë        | 586/3000 [02:18<10:45,  3.74it/s]
 20%|ΓûêΓûë        | 587/3000 [02:18<09:40,  4.15it/s]
 20%|ΓûêΓûë        | 588/3000 [02:18<08:57,  4.49it/s]
 20%|ΓûêΓûë        | 589/3000 [02:19<09:01,  4.45it/s]
 20%|ΓûêΓûë        | 590/3000 [02:19<09:20,  4.30it/s]
 20%|ΓûêΓûë        | 591/3000 [02:19<08:45,  4.58it/s]
 20%|ΓûêΓûë        | 592/3000 [02:19<09:40,  4.15it/s]
 20%|ΓûêΓûë        | 593/3000 [02:20<08:53,  4.51it/s]
 20%|ΓûêΓûë        | 594/3000 [02:20<08:11,  4.90it/s]
 20%|ΓûêΓûë        | 595/3000 [02:20<08:49,  4.54it/s]
 20%|ΓûêΓûë        | 596/3000 [02:20<08:34,  4.68it/s]
 20%|ΓûêΓûë        | 597/3000 [02:20<09:21,  4.28it/s]
 20%|ΓûêΓûë        | 598/3000 [02:21<09:33,  4.19it/s]
 20%|ΓûêΓûë        | 599/3000 [02:21<08:40,  4.61it/s]
 20%|ΓûêΓûê        | 600/3000 [02:21<08:58,  4.45it/s]
 20%|ΓûêΓûê        | 601/3000 [02:21<10:21,  3.86it/s]
 20%|ΓûêΓûê        | 602/3000 [02:22<11:34,  3.45it/s]
 20%|ΓûêΓûê        | 603/3000 [02:22<10:51,  3.68it/s]
 20%|ΓûêΓûê        | 604/3000 [02:22<10:40,  3.74it/s]
 20%|ΓûêΓûê        | 605/3000 [02:23<09:56,  4.02it/s]
 20%|ΓûêΓûê        | 606/3000 [02:23<09:58,  4.00it/s]
 20%|ΓûêΓûê        | 607/3000 [02:23<09:06,  4.38it/s]
 20%|ΓûêΓûê        | 608/3000 [02:23<09:02,  4.41it/s]
 20%|ΓûêΓûê        | 609/3000 [02:24<10:19,  3.86it/s]
 20%|ΓûêΓûê        | 610/3000 [02:24<09:39,  4.12it/s]
 20%|ΓûêΓûê        | 611/3000 [02:24<09:29,  4.19it/s]
 20%|ΓûêΓûê        | 612/3000 [02:24<09:53,  4.02it/s]
 20%|ΓûêΓûê        | 613/3000 [02:24<09:57,  3.99it/s]
 20%|ΓûêΓûê        | 614/3000 [02:25<09:34,  4.15it/s]
 20%|ΓûêΓûê        | 615/3000 [02:25<08:55,  4.45it/s]
 21%|ΓûêΓûê        | 616/3000 [02:25<09:21,  4.25it/s]
 21%|ΓûêΓûê        | 617/3000 [02:25<08:52,  4.48it/s]
 21%|ΓûêΓûê        | 618/3000 [02:26<08:45,  4.53it/s]
 21%|ΓûêΓûê        | 619/3000 [02:26<08:06,  4.89it/s]
 21%|ΓûêΓûê        | 620/3000 [02:26<08:18,  4.78it/s]
 21%|ΓûêΓûê        | 621/3000 [02:26<08:42,  4.55it/s]
 21%|ΓûêΓûê        | 622/3000 [02:26<08:02,  4.93it/s]
 21%|ΓûêΓûê        | 623/3000 [02:27<08:17,  4.78it/s]
 21%|ΓûêΓûê        | 624/3000 [02:27<09:15,  4.27it/s]
 21%|ΓûêΓûê        | 625/3000 [02:27<08:43,  4.54it/s]
 21%|ΓûêΓûê        | 626/3000 [02:27<08:44,  4.52it/s]
 21%|ΓûêΓûê        | 627/3000 [02:27<08:06,  4.87it/s]
 21%|ΓûêΓûê        | 628/3000 [02:28<08:21,  4.73it/s]
 21%|ΓûêΓûê        | 629/3000 [02:28<08:41,  4.55it/s]
 21%|ΓûêΓûê        | 630/3000 [02:28<08:56,  4.42it/s]
 21%|ΓûêΓûê        | 631/3000 [02:28<08:09,  4.84it/s]
 21%|ΓûêΓûê        | 632/3000 [02:28<07:34,  5.21it/s]
 21%|ΓûêΓûê        | 633/3000 [02:29<07:43,  5.10it/s]
 21%|ΓûêΓûê        | 634/3000 [02:29<07:58,  4.95it/s]
 21%|ΓûêΓûê        | 635/3000 [02:29<07:41,  5.12it/s]
 21%|ΓûêΓûê        | 636/3000 [02:29<07:16,  5.42it/s]
 21%|ΓûêΓûê        | 637/3000 [02:29<06:50,  5.76it/s]
 21%|ΓûêΓûêΓûÅ       | 638/3000 [02:30<06:44,  5.84it/s]
 21%|ΓûêΓûêΓûÅ       | 639/3000 [02:30<07:23,  5.33it/s]
 21%|ΓûêΓûêΓûÅ       | 640/3000 [02:30<08:45,  4.49it/s]
 21%|ΓûêΓûêΓûÅ       | 641/3000 [02:30<08:39,  4.54it/s]
 21%|ΓûêΓûêΓûÅ       | 642/3000 [02:31<09:08,  4.30it/s]
 21%|ΓûêΓûêΓûÅ       | 643/3000 [02:31<09:10,  4.28it/s]
 21%|ΓûêΓûêΓûÅ       | 644/3000 [02:31<08:13,  4.77it/s]
 22%|ΓûêΓûêΓûÅ       | 645/3000 [02:31<09:14,  4.25it/s]
 22%|ΓûêΓûêΓûÅ       | 646/3000 [02:31<09:02,  4.34it/s]
 22%|ΓûêΓûêΓûÅ       | 647/3000 [02:32<09:57,  3.94it/s]
 22%|ΓûêΓûêΓûÅ       | 648/3000 [02:32<09:05,  4.31it/s]
 22%|ΓûêΓûêΓûÅ       | 649/3000 [02:32<09:16,  4.22it/s]
 22%|ΓûêΓûêΓûÅ       | 650/3000 [02:32<08:54,  4.40it/s]
 22%|ΓûêΓûêΓûÅ       | 651/3000 [02:33<07:58,  4.91it/s]
 22%|ΓûêΓûêΓûÅ       | 652/3000 [02:33<11:28,  3.41it/s]
 22%|ΓûêΓûêΓûÅ       | 653/3000 [02:33<12:03,  3.24it/s]
 22%|ΓûêΓûêΓûÅ       | 654/3000 [02:34<11:04,  3.53it/s]
 22%|ΓûêΓûêΓûÅ       | 655/3000 [02:34<16:38,  2.35it/s]
 22%|ΓûêΓûêΓûÅ       | 656/3000 [02:35<17:17,  2.26it/s]
 22%|ΓûêΓûêΓûÅ       | 657/3000 [02:35<16:48,  2.32it/s]
 22%|ΓûêΓûêΓûÅ       | 658/3000 [02:36<16:55,  2.31it/s]
 22%|ΓûêΓûêΓûÅ       | 659/3000 [02:36<16:15,  2.40it/s]
 22%|ΓûêΓûêΓûÅ       | 660/3000 [02:37<16:26,  2.37it/s]
 22%|ΓûêΓûêΓûÅ       | 661/3000 [02:37<14:14,  2.74it/s]
 22%|ΓûêΓûêΓûÅ       | 662/3000 [02:37<12:42,  3.06it/s]
 22%|ΓûêΓûêΓûÅ       | 663/3000 [02:37<12:03,  3.23it/s]
 22%|ΓûêΓûêΓûÅ       | 664/3000 [02:38<11:19,  3.44it/s]
 22%|ΓûêΓûêΓûÅ       | 665/3000 [02:38<10:48,  3.60it/s]
 22%|ΓûêΓûêΓûÅ       | 666/3000 [02:38<10:56,  3.56it/s]
 22%|ΓûêΓûêΓûÅ       | 667/3000 [02:38<10:19,  3.77it/s]
 22%|ΓûêΓûêΓûÅ       | 668/3000 [02:39<12:05,  3.21it/s]
 22%|ΓûêΓûêΓûÅ       | 669/3000 [02:39<12:53,  3.01it/s]
 22%|ΓûêΓûêΓûÅ       | 670/3000 [02:39<11:05,  3.50it/s]
 22%|ΓûêΓûêΓûÅ       | 671/3000 [02:40<10:43,  3.62it/s]
 22%|ΓûêΓûêΓûÅ       | 672/3000 [02:40<09:21,  4.15it/s]
 22%|ΓûêΓûêΓûÅ       | 673/3000 [02:40<08:25,  4.61it/s]
 22%|ΓûêΓûêΓûÅ       | 674/3000 [02:40<10:15,  3.78it/s]
 22%|ΓûêΓûêΓûÄ       | 675/3000 [02:40<10:02,  3.86it/s]
 23%|ΓûêΓûêΓûÄ       | 676/3000 [02:41<09:38,  4.02it/s]
 23%|ΓûêΓûêΓûÄ       | 677/3000 [02:41<10:24,  3.72it/s]
 23%|ΓûêΓûêΓûÄ       | 678/3000 [02:41<10:02,  3.86it/s]
 23%|ΓûêΓûêΓûÄ       | 679/3000 [02:42<11:19,  3.42it/s]
 23%|ΓûêΓûêΓûÄ       | 680/3000 [02:42<13:25,  2.88it/s]
 23%|ΓûêΓûêΓûÄ       | 681/3000 [02:42<11:15,  3.43it/s]
 23%|ΓûêΓûêΓûÄ       | 682/3000 [02:42<09:56,  3.88it/s]
 23%|ΓûêΓûêΓûÄ       | 683/3000 [02:43<08:56,  4.31it/s]
 23%|ΓûêΓûêΓûÄ       | 684/3000 [02:43<08:22,  4.60it/s]
 23%|ΓûêΓûêΓûÄ       | 685/3000 [02:43<08:27,  4.57it/s]
 23%|ΓûêΓûêΓûÄ       | 686/3000 [02:43<09:18,  4.14it/s]
 23%|ΓûêΓûêΓûÄ       | 687/3000 [02:43<08:26,  4.56it/s]
 23%|ΓûêΓûêΓûÄ       | 688/3000 [02:44<08:28,  4.54it/s]
 23%|ΓûêΓûêΓûÄ       | 689/3000 [02:44<07:53,  4.88it/s]
 23%|ΓûêΓûêΓûÄ       | 690/3000 [02:44<07:26,  5.18it/s]
 23%|ΓûêΓûêΓûÄ       | 691/3000 [02:44<07:04,  5.44it/s]
 23%|ΓûêΓûêΓûÄ       | 692/3000 [02:44<07:04,  5.44it/s]
 23%|ΓûêΓûêΓûÄ       | 693/3000 [02:45<09:00,  4.27it/s]
 23%|ΓûêΓûêΓûÄ       | 694/3000 [02:45<08:47,  4.37it/s]
 23%|ΓûêΓûêΓûÄ       | 695/3000 [02:45<07:57,  4.83it/s]
 23%|ΓûêΓûêΓûÄ       | 696/3000 [02:45<07:33,  5.08it/s]
 23%|ΓûêΓûêΓûÄ       | 697/3000 [02:46<08:52,  4.32it/s]
 23%|ΓûêΓûêΓûÄ       | 698/3000 [02:46<08:55,  4.30it/s]
 23%|ΓûêΓûêΓûÄ       | 699/3000 [02:46<08:29,  4.52it/s]
 23%|ΓûêΓûêΓûÄ       | 700/3000 [02:46<09:23,  4.08it/s]
 23%|ΓûêΓûêΓûÄ       | 701/3000 [02:46<08:52,  4.32it/s]
 23%|ΓûêΓûêΓûÄ       | 702/3000 [02:47<08:15,  4.64it/s]
 23%|ΓûêΓûêΓûÄ       | 703/3000 [02:47<09:08,  4.19it/s]
 23%|ΓûêΓûêΓûÄ       | 704/3000 [02:47<08:17,  4.62it/s]
 24%|ΓûêΓûêΓûÄ       | 705/3000 [02:47<08:40,  4.41it/s]
 24%|ΓûêΓûêΓûÄ       | 706/3000 [02:48<09:14,  4.13it/s]
 24%|ΓûêΓûêΓûÄ       | 707/3000 [02:48<08:30,  4.49it/s]
 24%|ΓûêΓûêΓûÄ       | 708/3000 [02:48<07:46,  4.92it/s]
 24%|ΓûêΓûêΓûÄ       | 709/3000 [02:48<08:44,  4.37it/s]
 24%|ΓûêΓûêΓûÄ       | 710/3000 [02:49<09:35,  3.98it/s]
 24%|ΓûêΓûêΓûÄ       | 711/3000 [02:49<08:39,  4.40it/s]
 24%|ΓûêΓûêΓûÄ       | 712/3000 [02:49<07:50,  4.87it/s]
 24%|ΓûêΓûêΓûì       | 713/3000 [02:49<07:25,  5.13it/s]
 24%|ΓûêΓûêΓûì       | 714/3000 [02:49<07:16,  5.23it/s]
 24%|ΓûêΓûêΓûì       | 715/3000 [02:49<07:16,  5.23it/s]
 24%|ΓûêΓûêΓûì       | 716/3000 [02:50<06:52,  5.54it/s]
 24%|ΓûêΓûêΓûì       | 717/3000 [02:50<07:01,  5.42it/s]
 24%|ΓûêΓûêΓûì       | 718/3000 [02:50<07:49,  4.86it/s]
 24%|ΓûêΓûêΓûì       | 719/3000 [02:50<07:18,  5.20it/s]
 24%|ΓûêΓûêΓûì       | 720/3000 [02:51<09:19,  4.07it/s]
 24%|ΓûêΓûêΓûì       | 721/3000 [02:51<09:21,  4.06it/s]
 24%|ΓûêΓûêΓûì       | 722/3000 [02:51<09:05,  4.18it/s]
 24%|ΓûêΓûêΓûì       | 723/3000 [02:52<11:38,  3.26it/s]
 24%|ΓûêΓûêΓûì       | 724/3000 [02:52<11:38,  3.26it/s]
 24%|ΓûêΓûêΓûì       | 725/3000 [02:52<10:04,  3.76it/s]
 24%|ΓûêΓûêΓûì       | 726/3000 [02:52<09:43,  3.90it/s]
 24%|ΓûêΓûêΓûì       | 727/3000 [02:52<09:05,  4.17it/s]
 24%|ΓûêΓûêΓûì       | 728/3000 [02:53<09:09,  4.13it/s]
 24%|ΓûêΓûêΓûì       | 729/3000 [02:53<08:59,  4.21it/s]
 24%|ΓûêΓûêΓûì       | 730/3000 [02:53<10:00,  3.78it/s]
 24%|ΓûêΓûêΓûì       | 731/3000 [02:54<10:16,  3.68it/s]
 24%|ΓûêΓûêΓûì       | 732/3000 [02:54<09:34,  3.94it/s]
 24%|ΓûêΓûêΓûì       | 733/3000 [02:54<11:17,  3.35it/s]
 24%|ΓûêΓûêΓûì       | 734/3000 [02:54<09:47,  3.85it/s]
 24%|ΓûêΓûêΓûì       | 735/3000 [02:55<10:04,  3.75it/s]
 25%|ΓûêΓûêΓûì       | 736/3000 [02:55<10:48,  3.49it/s]
 25%|ΓûêΓûêΓûì       | 737/3000 [02:55<11:39,  3.24it/s]
 25%|ΓûêΓûêΓûì       | 738/3000 [02:55<09:53,  3.81it/s]
 25%|ΓûêΓûêΓûì       | 739/3000 [02:56<08:54,  4.23it/s]
 25%|ΓûêΓûêΓûì       | 740/3000 [02:56<09:36,  3.92it/s]
 25%|ΓûêΓûêΓûì       | 741/3000 [02:56<08:39,  4.34it/s]
 25%|ΓûêΓûêΓûì       | 742/3000 [02:56<08:00,  4.70it/s]
 25%|ΓûêΓûêΓûì       | 743/3000 [02:57<09:34,  3.93it/s]
 25%|ΓûêΓûêΓûì       | 744/3000 [02:57<09:13,  4.07it/s]
 25%|ΓûêΓûêΓûì       | 745/3000 [02:57<08:21,  4.50it/s]
 25%|ΓûêΓûêΓûì       | 746/3000 [02:57<08:57,  4.19it/s]
 25%|ΓûêΓûêΓûì       | 747/3000 [02:57<08:16,  4.54it/s]
 25%|ΓûêΓûêΓûì       | 748/3000 [02:58<07:37,  4.92it/s]
 25%|ΓûêΓûêΓûì       | 749/3000 [02:58<07:35,  4.94it/s]
 25%|ΓûêΓûêΓûî       | 750/3000 [02:58<07:56,  4.72it/s]
 25%|ΓûêΓûêΓûî       | 751/3000 [02:58<09:40,  3.87it/s]
 25%|ΓûêΓûêΓûî       | 752/3000 [02:59<08:35,  4.36it/s]
 25%|ΓûêΓûêΓûî       | 753/3000 [02:59<07:46,  4.81it/s]
 25%|ΓûêΓûêΓûî       | 754/3000 [02:59<08:34,  4.37it/s]
 25%|ΓûêΓûêΓûî       | 755/3000 [02:59<09:00,  4.15it/s]
 25%|ΓûêΓûêΓûî       | 756/3000 [02:59<08:12,  4.56it/s]
 25%|ΓûêΓûêΓûî       | 757/3000 [03:00<08:12,  4.55it/s]
 25%|ΓûêΓûêΓûî       | 758/3000 [03:00<10:36,  3.52it/s]
 25%|ΓûêΓûêΓûî       | 759/3000 [03:00<10:12,  3.66it/s]
 25%|ΓûêΓûêΓûî       | 760/3000 [03:01<10:13,  3.65it/s]
 25%|ΓûêΓûêΓûî       | 761/3000 [03:01<09:41,  3.85it/s]
 25%|ΓûêΓûêΓûî       | 762/3000 [03:01<10:58,  3.40it/s]
 25%|ΓûêΓûêΓûî       | 763/3000 [03:01<09:50,  3.79it/s]
 25%|ΓûêΓûêΓûî       | 764/3000 [03:02<08:51,  4.21it/s]
 26%|ΓûêΓûêΓûî       | 765/3000 [03:02<09:31,  3.91it/s]
 26%|ΓûêΓûêΓûî       | 766/3000 [03:02<10:05,  3.69it/s]
 26%|ΓûêΓûêΓûî       | 767/3000 [03:03<10:47,  3.45it/s]
 26%|ΓûêΓûêΓûî       | 768/3000 [03:03<10:23,  3.58it/s]
 26%|ΓûêΓûêΓûî       | 769/3000 [03:03<10:35,  3.51it/s]
 26%|ΓûêΓûêΓûî       | 770/3000 [03:03<10:15,  3.63it/s]
 26%|ΓûêΓûêΓûî       | 771/3000 [03:04<09:00,  4.12it/s]
 26%|ΓûêΓûêΓûî       | 772/3000 [03:04<09:25,  3.94it/s]
 26%|ΓûêΓûêΓûî       | 773/3000 [03:04<08:24,  4.41it/s]
 26%|ΓûêΓûêΓûî       | 774/3000 [03:04<08:06,  4.57it/s]
 26%|ΓûêΓûêΓûî       | 775/3000 [03:04<07:55,  4.68it/s]
 26%|ΓûêΓûêΓûî       | 776/3000 [03:05<07:23,  5.01it/s]
 26%|ΓûêΓûêΓûî       | 777/3000 [03:05<07:06,  5.21it/s]
 26%|ΓûêΓûêΓûî       | 778/3000 [03:05<07:32,  4.91it/s]
 26%|ΓûêΓûêΓûî       | 779/3000 [03:05<09:07,  4.05it/s]
 26%|ΓûêΓûêΓûî       | 780/3000 [03:05<08:27,  4.37it/s]
 26%|ΓûêΓûêΓûî       | 781/3000 [03:06<07:52,  4.70it/s]
 26%|ΓûêΓûêΓûî       | 782/3000 [03:06<08:24,  4.39it/s]
 26%|ΓûêΓûêΓûî       | 783/3000 [03:06<07:37,  4.85it/s]
 26%|ΓûêΓûêΓûî       | 784/3000 [03:06<09:17,  3.97it/s]
 26%|ΓûêΓûêΓûî       | 785/3000 [03:07<08:58,  4.12it/s]
 26%|ΓûêΓûêΓûî       | 786/3000 [03:07<09:11,  4.02it/s]
 26%|ΓûêΓûêΓûî       | 787/3000 [03:07<10:38,  3.47it/s]
 26%|ΓûêΓûêΓûï       | 788/3000 [03:08<11:54,  3.10it/s]
 26%|ΓûêΓûêΓûï       | 789/3000 [03:08<11:10,  3.30it/s]
 26%|ΓûêΓûêΓûï       | 790/3000 [03:08<09:34,  3.85it/s]
 26%|ΓûêΓûêΓûï       | 791/3000 [03:08<08:33,  4.30it/s]
 26%|ΓûêΓûêΓûï       | 792/3000 [03:09<09:10,  4.01it/s]
 26%|ΓûêΓûêΓûï       | 793/3000 [03:09<09:05,  4.05it/s]
 26%|ΓûêΓûêΓûï       | 794/3000 [03:09<09:25,  3.90it/s]
 26%|ΓûêΓûêΓûï       | 795/3000 [03:09<09:35,  3.83it/s]
 27%|ΓûêΓûêΓûï       | 796/3000 [03:10<08:31,  4.31it/s]
 27%|ΓûêΓûêΓûï       | 797/3000 [03:10<07:47,  4.72it/s]
 27%|ΓûêΓûêΓûï       | 798/3000 [03:10<07:48,  4.70it/s]
 27%|ΓûêΓûêΓûï       | 799/3000 [03:10<07:17,  5.03it/s]
 27%|ΓûêΓûêΓûï       | 800/3000 [03:10<06:48,  5.39it/s]
 27%|ΓûêΓûêΓûï       | 801/3000 [03:10<06:33,  5.59it/s]
 27%|ΓûêΓûêΓûï       | 802/3000 [03:11<08:10,  4.48it/s]
 27%|ΓûêΓûêΓûï       | 803/3000 [03:11<08:54,  4.11it/s]
 27%|ΓûêΓûêΓûï       | 804/3000 [03:11<08:25,  4.35it/s]
 27%|ΓûêΓûêΓûï       | 805/3000 [03:11<08:10,  4.47it/s]
 27%|ΓûêΓûêΓûï       | 806/3000 [03:12<09:44,  3.75it/s]
 27%|ΓûêΓûêΓûï       | 807/3000 [03:12<08:32,  4.28it/s]
 27%|ΓûêΓûêΓûï       | 808/3000 [03:12<07:57,  4.59it/s]
 27%|ΓûêΓûêΓûï       | 809/3000 [03:12<09:03,  4.03it/s]
 27%|ΓûêΓûêΓûï       | 810/3000 [03:13<08:21,  4.37it/s]
 27%|ΓûêΓûêΓûï       | 811/3000 [03:13<07:41,  4.74it/s]
 27%|ΓûêΓûêΓûï       | 812/3000 [03:13<07:11,  5.07it/s]
 27%|ΓûêΓûêΓûï       | 813/3000 [03:13<07:35,  4.80it/s]
 27%|ΓûêΓûêΓûï       | 814/3000 [03:13<07:01,  5.19it/s]
 27%|ΓûêΓûêΓûï       | 815/3000 [03:14<08:08,  4.48it/s]
 27%|ΓûêΓûêΓûï       | 816/3000 [03:14<07:30,  4.85it/s]
 27%|ΓûêΓûêΓûï       | 817/3000 [03:14<07:10,  5.07it/s]
 27%|ΓûêΓûêΓûï       | 818/3000 [03:14<06:48,  5.34it/s]
 27%|ΓûêΓûêΓûï       | 819/3000 [03:14<08:36,  4.23it/s]
 27%|ΓûêΓûêΓûï       | 820/3000 [03:15<08:04,  4.50it/s]
 27%|ΓûêΓûêΓûï       | 821/3000 [03:15<08:37,  4.21it/s]
 27%|ΓûêΓûêΓûï       | 822/3000 [03:15<07:50,  4.63it/s]
 27%|ΓûêΓûêΓûï       | 823/3000 [03:15<07:49,  4.64it/s]
 27%|ΓûêΓûêΓûï       | 824/3000 [03:16<07:13,  5.02it/s]
 28%|ΓûêΓûêΓûè       | 825/3000 [03:16<08:25,  4.30it/s]
 28%|ΓûêΓûêΓûè       | 826/3000 [03:16<08:05,  4.48it/s]
 28%|ΓûêΓûêΓûè       | 827/3000 [03:16<09:28,  3.82it/s]
 28%|ΓûêΓûêΓûè       | 828/3000 [03:17<09:02,  4.00it/s]
 28%|ΓûêΓûêΓûè       | 829/3000 [03:17<09:29,  3.81it/s]
 28%|ΓûêΓûêΓûè       | 830/3000 [03:17<09:29,  3.81it/s]
 28%|ΓûêΓûêΓûè       | 831/3000 [03:18<10:52,  3.32it/s]
 28%|ΓûêΓûêΓûè       | 832/3000 [03:18<09:42,  3.72it/s]
 28%|ΓûêΓûêΓûè       | 833/3000 [03:18<08:44,  4.13it/s]
 28%|ΓûêΓûêΓûè       | 834/3000 [03:18<08:55,  4.04it/s]
 28%|ΓûêΓûêΓûè       | 835/3000 [03:18<09:04,  3.98it/s]
 28%|ΓûêΓûêΓûè       | 836/3000 [03:19<08:33,  4.21it/s]
 28%|ΓûêΓûêΓûè       | 837/3000 [03:19<08:11,  4.40it/s]
 28%|ΓûêΓûêΓûè       | 838/3000 [03:19<09:38,  3.74it/s]
 28%|ΓûêΓûêΓûè       | 839/3000 [03:19<08:29,  4.24it/s]
 28%|ΓûêΓûêΓûè       | 840/3000 [03:20<08:05,  4.45it/s]
 28%|ΓûêΓûêΓûè       | 841/3000 [03:20<08:25,  4.27it/s]
 28%|ΓûêΓûêΓûè       | 842/3000 [03:20<08:30,  4.23it/s]
 28%|ΓûêΓûêΓûè       | 843/3000 [03:20<07:56,  4.52it/s]
 28%|ΓûêΓûêΓûè       | 844/3000 [03:21<09:48,  3.66it/s]
 28%|ΓûêΓûêΓûè       | 845/3000 [03:21<08:35,  4.18it/s]
 28%|ΓûêΓûêΓûè       | 846/3000 [03:21<07:56,  4.52it/s]
 28%|ΓûêΓûêΓûè       | 847/3000 [03:21<07:39,  4.69it/s]
 28%|ΓûêΓûêΓûè       | 848/3000 [03:21<07:12,  4.98it/s]
 28%|ΓûêΓûêΓûè       | 849/3000 [03:21<06:43,  5.32it/s]
 28%|ΓûêΓûêΓûè       | 850/3000 [03:22<06:44,  5.31it/s]
 28%|ΓûêΓûêΓûè       | 851/3000 [03:22<07:19,  4.89it/s]
 28%|ΓûêΓûêΓûè       | 852/3000 [03:22<07:01,  5.09it/s]
 28%|ΓûêΓûêΓûè       | 853/3000 [03:22<06:45,  5.30it/s]
 28%|ΓûêΓûêΓûè       | 854/3000 [03:23<07:53,  4.53it/s]
 28%|ΓûêΓûêΓûè       | 855/3000 [03:23<07:47,  4.59it/s]
 29%|ΓûêΓûêΓûè       | 856/3000 [03:23<08:13,  4.35it/s]
 29%|ΓûêΓûêΓûè       | 857/3000 [03:23<09:17,  3.85it/s]
 29%|ΓûêΓûêΓûè       | 858/3000 [03:24<08:24,  4.24it/s]
 29%|ΓûêΓûêΓûè       | 859/3000 [03:24<07:35,  4.70it/s]
 29%|ΓûêΓûêΓûè       | 860/3000 [03:24<07:03,  5.05it/s]
 29%|ΓûêΓûêΓûè       | 861/3000 [03:24<08:50,  4.03it/s]
 29%|ΓûêΓûêΓûè       | 862/3000 [03:24<08:32,  4.17it/s]
 29%|ΓûêΓûêΓûë       | 863/3000 [03:25<08:56,  3.98it/s]
 29%|ΓûêΓûêΓûë       | 864/3000 [03:25<07:56,  4.48it/s]
 29%|ΓûêΓûêΓûë       | 865/3000 [03:25<08:53,  4.00it/s]
 29%|ΓûêΓûêΓûë       | 866/3000 [03:25<08:54,  4.00it/s]
 29%|ΓûêΓûêΓûë       | 867/3000 [03:26<08:22,  4.25it/s]
 29%|ΓûêΓûêΓûë       | 868/3000 [03:26<08:07,  4.37it/s]
 29%|ΓûêΓûêΓûë       | 869/3000 [03:26<08:54,  3.99it/s]
 29%|ΓûêΓûêΓûë       | 870/3000 [03:27<10:11,  3.48it/s]
 29%|ΓûêΓûêΓûë       | 871/3000 [03:27<09:31,  3.73it/s]
 29%|ΓûêΓûêΓûë       | 872/3000 [03:27<09:19,  3.80it/s]
 29%|ΓûêΓûêΓûë       | 873/3000 [03:27<09:28,  3.74it/s]
 29%|ΓûêΓûêΓûë       | 874/3000 [03:27<08:30,  4.17it/s]
 29%|ΓûêΓûêΓûë       | 875/3000 [03:28<07:35,  4.66it/s]
 29%|ΓûêΓûêΓûë       | 876/3000 [03:28<07:28,  4.74it/s]
 29%|ΓûêΓûêΓûë       | 877/3000 [03:28<07:22,  4.80it/s]
 29%|ΓûêΓûêΓûë       | 878/3000 [03:28<06:49,  5.19it/s]
 29%|ΓûêΓûêΓûë       | 879/3000 [03:28<07:48,  4.53it/s]
 29%|ΓûêΓûêΓûë       | 880/3000 [03:29<07:53,  4.48it/s]
 29%|ΓûêΓûêΓûë       | 881/3000 [03:29<08:20,  4.23it/s]
 29%|ΓûêΓûêΓûë       | 882/3000 [03:29<09:24,  3.76it/s]
 29%|ΓûêΓûêΓûë       | 883/3000 [03:29<08:27,  4.17it/s]
 29%|ΓûêΓûêΓûë       | 884/3000 [03:30<07:46,  4.54it/s]
 30%|ΓûêΓûêΓûë       | 885/3000 [03:30<07:40,  4.60it/s]
 30%|ΓûêΓûêΓûë       | 886/3000 [03:30<08:17,  4.25it/s]
 30%|ΓûêΓûêΓûë       | 887/3000 [03:30<07:29,  4.70it/s]
 30%|ΓûêΓûêΓûë       | 888/3000 [03:31<08:09,  4.31it/s]
 30%|ΓûêΓûêΓûë       | 889/3000 [03:31<09:18,  3.78it/s]
 30%|ΓûêΓûêΓûë       | 890/3000 [03:31<08:29,  4.14it/s]
 30%|ΓûêΓûêΓûë       | 891/3000 [03:31<08:15,  4.25it/s]
 30%|ΓûêΓûêΓûë       | 892/3000 [03:32<08:16,  4.25it/s]
 30%|ΓûêΓûêΓûë       | 893/3000 [03:32<08:21,  4.20it/s]
 30%|ΓûêΓûêΓûë       | 894/3000 [03:32<07:35,  4.62it/s]
 30%|ΓûêΓûêΓûë       | 895/3000 [03:32<09:03,  3.88it/s]
 30%|ΓûêΓûêΓûë       | 896/3000 [03:33<10:08,  3.46it/s]
 30%|ΓûêΓûêΓûë       | 897/3000 [03:33<09:06,  3.85it/s]
 30%|ΓûêΓûêΓûë       | 898/3000 [03:33<08:13,  4.26it/s]
 30%|ΓûêΓûêΓûë       | 899/3000 [03:33<08:57,  3.91it/s]
 30%|ΓûêΓûêΓûê       | 900/3000 [03:34<08:32,  4.10it/s]
 30%|ΓûêΓûêΓûê       | 901/3000 [03:34<09:29,  3.69it/s]
 30%|ΓûêΓûêΓûê       | 902/3000 [03:34<09:56,  3.52it/s]
 30%|ΓûêΓûêΓûê       | 903/3000 [03:34<09:37,  3.63it/s]
 30%|ΓûêΓûêΓûê       | 904/3000 [03:35<08:38,  4.05it/s]
 30%|ΓûêΓûêΓûê       | 905/3000 [03:35<07:47,  4.48it/s]
 30%|ΓûêΓûêΓûê       | 906/3000 [03:35<07:11,  4.85it/s]
 30%|ΓûêΓûêΓûê       | 907/3000 [03:35<08:07,  4.30it/s]
 30%|ΓûêΓûêΓûê       | 908/3000 [03:36<09:17,  3.76it/s]
 30%|ΓûêΓûêΓûê       | 909/3000 [03:36<09:53,  3.53it/s]
 30%|ΓûêΓûêΓûê       | 910/3000 [03:36<10:16,  3.39it/s]
 30%|ΓûêΓûêΓûê       | 911/3000 [03:37<09:40,  3.60it/s]
 30%|ΓûêΓûêΓûê       | 912/3000 [03:37<09:35,  3.63it/s]
 30%|ΓûêΓûêΓûê       | 913/3000 [03:37<09:27,  3.68it/s]
 30%|ΓûêΓûêΓûê       | 914/3000 [03:37<08:19,  4.18it/s]
 30%|ΓûêΓûêΓûê       | 915/3000 [03:37<07:29,  4.64it/s]
 31%|ΓûêΓûêΓûê       | 916/3000 [03:38<07:41,  4.52it/s]
 31%|ΓûêΓûêΓûê       | 917/3000 [03:38<08:17,  4.19it/s]
 31%|ΓûêΓûêΓûê       | 918/3000 [03:38<08:11,  4.24it/s]
 31%|ΓûêΓûêΓûê       | 919/3000 [03:38<08:08,  4.26it/s]
 31%|ΓûêΓûêΓûê       | 920/3000 [03:39<07:52,  4.40it/s]
 31%|ΓûêΓûêΓûê       | 921/3000 [03:39<09:09,  3.78it/s]
 31%|ΓûêΓûêΓûê       | 922/3000 [03:39<09:16,  3.73it/s]
 31%|ΓûêΓûêΓûê       | 923/3000 [03:39<08:03,  4.29it/s]
 31%|ΓûêΓûêΓûê       | 924/3000 [03:40<07:32,  4.59it/s]
 31%|ΓûêΓûêΓûê       | 925/3000 [03:40<07:33,  4.57it/s]
 31%|ΓûêΓûêΓûê       | 926/3000 [03:40<07:03,  4.90it/s]
 31%|ΓûêΓûêΓûê       | 927/3000 [03:40<06:40,  5.17it/s]
 31%|ΓûêΓûêΓûê       | 928/3000 [03:40<07:58,  4.33it/s]
 31%|ΓûêΓûêΓûê       | 929/3000 [03:41<07:45,  4.45it/s]
 31%|ΓûêΓûêΓûê       | 930/3000 [03:41<07:08,  4.83it/s]
 31%|ΓûêΓûêΓûê       | 931/3000 [03:41<07:09,  4.81it/s]
 31%|ΓûêΓûêΓûê       | 932/3000 [03:41<07:31,  4.58it/s]
 31%|ΓûêΓûêΓûê       | 933/3000 [03:41<06:58,  4.94it/s]
 31%|ΓûêΓûêΓûê       | 934/3000 [03:42<07:06,  4.85it/s]
 31%|ΓûêΓûêΓûê       | 935/3000 [03:42<07:28,  4.61it/s]
 31%|ΓûêΓûêΓûê       | 936/3000 [03:42<06:51,  5.01it/s]
 31%|ΓûêΓûêΓûê       | 937/3000 [03:42<06:47,  5.06it/s]
 31%|ΓûêΓûêΓûêΓûÅ      | 938/3000 [03:42<06:39,  5.16it/s]
 31%|ΓûêΓûêΓûêΓûÅ      | 939/3000 [03:43<06:21,  5.41it/s]
 31%|ΓûêΓûêΓûêΓûÅ      | 940/3000 [03:43<07:58,  4.31it/s]
 31%|ΓûêΓûêΓûêΓûÅ      | 941/3000 [03:43<07:13,  4.75it/s]
 31%|ΓûêΓûêΓûêΓûÅ      | 942/3000 [03:43<08:48,  3.90it/s]
 31%|ΓûêΓûêΓûêΓûÅ      | 943/3000 [03:44<07:59,  4.29it/s]
 31%|ΓûêΓûêΓûêΓûÅ      | 944/3000 [03:44<07:25,  4.62it/s]
 32%|ΓûêΓûêΓûêΓûÅ      | 945/3000 [03:44<07:44,  4.42it/s]
 32%|ΓûêΓûêΓûêΓûÅ      | 946/3000 [03:44<07:46,  4.40it/s]
 32%|ΓûêΓûêΓûêΓûÅ      | 947/3000 [03:45<08:15,  4.15it/s]
 32%|ΓûêΓûêΓûêΓûÅ      | 948/3000 [03:45<07:36,  4.49it/s]
 32%|ΓûêΓûêΓûêΓûÅ      | 949/3000 [03:45<07:45,  4.41it/s]
 32%|ΓûêΓûêΓûêΓûÅ      | 950/3000 [03:45<09:27,  3.61it/s]
 32%|ΓûêΓûêΓûêΓûÅ      | 951/3000 [03:46<08:27,  4.03it/s]
 32%|ΓûêΓûêΓûêΓûÅ      | 952/3000 [03:46<07:34,  4.51it/s]
 32%|ΓûêΓûêΓûêΓûÅ      | 953/3000 [03:46<06:59,  4.88it/s]
 32%|ΓûêΓûêΓûêΓûÅ      | 954/3000 [03:46<07:35,  4.49it/s]
 32%|ΓûêΓûêΓûêΓûÅ      | 955/3000 [03:46<07:23,  4.61it/s]
 32%|ΓûêΓûêΓûêΓûÅ      | 956/3000 [03:46<06:51,  4.97it/s]
 32%|ΓûêΓûêΓûêΓûÅ      | 957/3000 [03:47<06:28,  5.25it/s]
 32%|ΓûêΓûêΓûêΓûÅ      | 958/3000 [03:47<06:51,  4.96it/s]
 32%|ΓûêΓûêΓûêΓûÅ      | 959/3000 [03:47<06:32,  5.20it/s]
 32%|ΓûêΓûêΓûêΓûÅ      | 960/3000 [03:47<06:29,  5.24it/s]
 32%|ΓûêΓûêΓûêΓûÅ      | 962/3000 [03:47<05:15,  6.45it/s]
 32%|ΓûêΓûêΓûêΓûÅ      | 963/3000 [03:48<06:01,  5.63it/s]
 32%|ΓûêΓûêΓûêΓûÅ      | 964/3000 [03:48<06:47,  4.99it/s]
 32%|ΓûêΓûêΓûêΓûÅ      | 965/3000 [03:48<06:31,  5.20it/s]
 32%|ΓûêΓûêΓûêΓûÅ      | 966/3000 [03:48<06:15,  5.42it/s]
 32%|ΓûêΓûêΓûêΓûÅ      | 967/3000 [03:49<06:38,  5.10it/s]
 32%|ΓûêΓûêΓûêΓûÅ      | 968/3000 [03:49<06:22,  5.31it/s]
 32%|ΓûêΓûêΓûêΓûÅ      | 969/3000 [03:49<06:04,  5.58it/s]
 32%|ΓûêΓûêΓûêΓûÅ      | 970/3000 [03:49<05:59,  5.64it/s]
 32%|ΓûêΓûêΓûêΓûÅ      | 971/3000 [03:49<06:35,  5.13it/s]
 32%|ΓûêΓûêΓûêΓûÅ      | 972/3000 [03:50<07:34,  4.46it/s]
 32%|ΓûêΓûêΓûêΓûÅ      | 973/3000 [03:50<07:27,  4.53it/s]
 32%|ΓûêΓûêΓûêΓûÅ      | 974/3000 [03:50<10:07,  3.33it/s]
 32%|ΓûêΓûêΓûêΓûÄ      | 975/3000 [03:50<09:17,  3.63it/s]
 33%|ΓûêΓûêΓûêΓûÄ      | 976/3000 [03:51<08:25,  4.00it/s]
 33%|ΓûêΓûêΓûêΓûÄ      | 977/3000 [03:51<07:50,  4.30it/s]
 33%|ΓûêΓûêΓûêΓûÄ      | 978/3000 [03:51<07:20,  4.59it/s]
 33%|ΓûêΓûêΓûêΓûÄ      | 979/3000 [03:51<08:03,  4.18it/s]
 33%|ΓûêΓûêΓûêΓûÄ      | 980/3000 [03:52<07:31,  4.47it/s]
 33%|ΓûêΓûêΓûêΓûÄ      | 981/3000 [03:52<06:51,  4.91it/s]
 33%|ΓûêΓûêΓûêΓûÄ      | 982/3000 [03:52<08:27,  3.98it/s]
 33%|ΓûêΓûêΓûêΓûÄ      | 983/3000 [03:52<07:33,  4.45it/s]
 33%|ΓûêΓûêΓûêΓûÄ      | 984/3000 [03:52<07:47,  4.31it/s]
 33%|ΓûêΓûêΓûêΓûÄ      | 985/3000 [03:53<07:05,  4.74it/s]
 33%|ΓûêΓûêΓûêΓûÄ      | 986/3000 [03:53<07:16,  4.62it/s]
 33%|ΓûêΓûêΓûêΓûÄ      | 987/3000 [03:53<07:22,  4.54it/s]
 33%|ΓûêΓûêΓûêΓûÄ      | 988/3000 [03:53<07:14,  4.63it/s]
 33%|ΓûêΓûêΓûêΓûÄ      | 989/3000 [03:53<06:49,  4.91it/s]
 33%|ΓûêΓûêΓûêΓûÄ      | 990/3000 [03:54<06:25,  5.21it/s]
 33%|ΓûêΓûêΓûêΓûÄ      | 991/3000 [03:54<08:02,  4.16it/s]
 33%|ΓûêΓûêΓûêΓûÄ      | 992/3000 [03:54<07:21,  4.55it/s]
 33%|ΓûêΓûêΓûêΓûÄ      | 993/3000 [03:54<07:10,  4.66it/s]
 33%|ΓûêΓûêΓûêΓûÄ      | 994/3000 [03:55<07:21,  4.54it/s]
 33%|ΓûêΓûêΓûêΓûÄ      | 995/3000 [03:55<07:18,  4.57it/s]
 33%|ΓûêΓûêΓûêΓûÄ      | 996/3000 [03:55<06:52,  4.86it/s]
 33%|ΓûêΓûêΓûêΓûÄ      | 997/3000 [03:55<06:45,  4.94it/s]
 33%|ΓûêΓûêΓûêΓûÄ      | 998/3000 [03:55<07:55,  4.21it/s]
 33%|ΓûêΓûêΓûêΓûÄ      | 999/3000 [03:56<09:26,  3.53it/s]
 33%|ΓûêΓûêΓûêΓûÄ      | 1000/3000 [03:56<08:16,  4.02it/s]
 33%|ΓûêΓûêΓûêΓûÄ      | 1001/3000 [03:56<07:29,  4.45it/s]
 33%|ΓûêΓûêΓûêΓûÄ      | 1002/3000 [03:56<08:05,  4.12it/s]
 33%|ΓûêΓûêΓûêΓûÄ      | 1003/3000 [03:57<07:12,  4.62it/s]
 33%|ΓûêΓûêΓûêΓûÄ      | 1004/3000 [03:57<06:41,  4.97it/s]
 34%|ΓûêΓûêΓûêΓûÄ      | 1005/3000 [03:57<06:22,  5.22it/s]
 34%|ΓûêΓûêΓûêΓûÄ      | 1006/3000 [03:57<07:28,  4.45it/s]
 34%|ΓûêΓûêΓûêΓûÄ      | 1007/3000 [03:57<07:00,  4.73it/s]
 34%|ΓûêΓûêΓûêΓûÄ      | 1008/3000 [03:58<07:49,  4.24it/s]
 34%|ΓûêΓûêΓûêΓûÄ      | 1009/3000 [03:58<07:51,  4.22it/s]
 34%|ΓûêΓûêΓûêΓûÄ      | 1010/3000 [03:58<08:15,  4.01it/s]
 34%|ΓûêΓûêΓûêΓûÄ      | 1011/3000 [03:58<07:22,  4.49it/s]
 34%|ΓûêΓûêΓûêΓûÄ      | 1012/3000 [03:59<06:57,  4.76it/s]
 34%|ΓûêΓûêΓûêΓûì      | 1013/3000 [03:59<07:28,  4.43it/s]
 34%|ΓûêΓûêΓûêΓûì      | 1014/3000 [03:59<09:20,  3.54it/s]
 34%|ΓûêΓûêΓûêΓûì      | 1015/3000 [04:00<09:06,  3.63it/s]
 34%|ΓûêΓûêΓûêΓûì      | 1016/3000 [04:00<08:40,  3.81it/s]
 34%|ΓûêΓûêΓûêΓûì      | 1017/3000 [04:00<08:14,  4.01it/s]
 34%|ΓûêΓûêΓûêΓûì      | 1018/3000 [04:00<07:50,  4.21it/s]
 34%|ΓûêΓûêΓûêΓûì      | 1019/3000 [04:00<08:14,  4.01it/s]
 34%|ΓûêΓûêΓûêΓûì      | 1020/3000 [04:01<09:13,  3.58it/s]
 34%|ΓûêΓûêΓûêΓûì      | 1021/3000 [04:01<08:35,  3.84it/s]
 34%|ΓûêΓûêΓûêΓûì      | 1022/3000 [04:01<08:27,  3.90it/s]
 34%|ΓûêΓûêΓûêΓûì      | 1023/3000 [04:01<07:34,  4.35it/s]
 34%|ΓûêΓûêΓûêΓûì      | 1024/3000 [04:02<07:26,  4.43it/s]
 34%|ΓûêΓûêΓûêΓûì      | 1025/3000 [04:02<07:29,  4.40it/s]
 34%|ΓûêΓûêΓûêΓûì      | 1026/3000 [04:02<07:52,  4.17it/s]
 34%|ΓûêΓûêΓûêΓûì      | 1027/3000 [04:02<08:06,  4.06it/s]
 34%|ΓûêΓûêΓûêΓûì      | 1028/3000 [04:03<07:43,  4.25it/s]
 34%|ΓûêΓûêΓûêΓûì      | 1029/3000 [04:03<07:38,  4.30it/s]
 34%|ΓûêΓûêΓûêΓûì      | 1030/3000 [04:03<07:06,  4.62it/s]
 34%|ΓûêΓûêΓûêΓûì      | 1031/3000 [04:03<08:47,  3.73it/s]
 34%|ΓûêΓûêΓûêΓûì      | 1032/3000 [04:04<07:44,  4.24it/s]
 34%|ΓûêΓûêΓûêΓûì      | 1033/3000 [04:04<07:00,  4.67it/s]
 34%|ΓûêΓûêΓûêΓûì      | 1034/3000 [04:04<06:37,  4.95it/s]
 34%|ΓûêΓûêΓûêΓûì      | 1035/3000 [04:04<07:03,  4.63it/s]
 35%|ΓûêΓûêΓûêΓûì      | 1036/3000 [04:04<06:55,  4.73it/s]
 35%|ΓûêΓûêΓûêΓûì      | 1037/3000 [04:05<07:29,  4.36it/s]
 35%|ΓûêΓûêΓûêΓûì      | 1038/3000 [04:05<07:55,  4.13it/s]
 35%|ΓûêΓûêΓûêΓûì      | 1039/3000 [04:05<08:17,  3.94it/s]
 35%|ΓûêΓûêΓûêΓûì      | 1040/3000 [04:05<07:52,  4.15it/s]
 35%|ΓûêΓûêΓûêΓûì      | 1041/3000 [04:06<08:04,  4.04it/s]
 35%|ΓûêΓûêΓûêΓûì      | 1042/3000 [04:06<07:16,  4.49it/s]
 35%|ΓûêΓûêΓûêΓûì      | 1043/3000 [04:06<06:43,  4.85it/s]
 35%|ΓûêΓûêΓûêΓûì      | 1044/3000 [04:06<07:31,  4.33it/s]
 35%|ΓûêΓûêΓûêΓûì      | 1045/3000 [04:07<08:55,  3.65it/s]
 35%|ΓûêΓûêΓûêΓûì      | 1046/3000 [04:07<08:40,  3.76it/s]
 35%|ΓûêΓûêΓûêΓûì      | 1047/3000 [04:07<09:02,  3.60it/s]
 35%|ΓûêΓûêΓûêΓûì      | 1048/3000 [04:07<07:57,  4.09it/s]
 35%|ΓûêΓûêΓûêΓûì      | 1049/3000 [04:08<07:59,  4.07it/s]
 35%|ΓûêΓûêΓûêΓûî      | 1050/3000 [04:08<08:04,  4.03it/s]
 35%|ΓûêΓûêΓûêΓûî      | 1051/3000 [04:08<08:04,  4.02it/s]
 35%|ΓûêΓûêΓûêΓûî      | 1052/3000 [04:08<07:42,  4.21it/s]
 35%|ΓûêΓûêΓûêΓûî      | 1053/3000 [04:09<07:17,  4.45it/s]
 35%|ΓûêΓûêΓûêΓûî      | 1054/3000 [04:09<07:16,  4.46it/s]
 35%|ΓûêΓûêΓûêΓûî      | 1055/3000 [04:09<08:57,  3.62it/s]
 35%|ΓûêΓûêΓûêΓûî      | 1056/3000 [04:09<07:55,  4.09it/s]
 35%|ΓûêΓûêΓûêΓûî      | 1057/3000 [04:10<08:10,  3.96it/s]
 35%|ΓûêΓûêΓûêΓûî      | 1058/3000 [04:10<07:22,  4.39it/s]
 35%|ΓûêΓûêΓûêΓûî      | 1059/3000 [04:10<07:28,  4.32it/s]
 35%|ΓûêΓûêΓûêΓûî      | 1060/3000 [04:10<07:56,  4.07it/s]
 35%|ΓûêΓûêΓûêΓûî      | 1061/3000 [04:11<08:15,  3.92it/s]
 35%|ΓûêΓûêΓûêΓûî      | 1062/3000 [04:11<08:38,  3.74it/s]
 35%|ΓûêΓûêΓûêΓûî      | 1063/3000 [04:11<07:34,  4.26it/s]
 35%|ΓûêΓûêΓûêΓûî      | 1064/3000 [04:11<07:33,  4.27it/s]
 36%|ΓûêΓûêΓûêΓûî      | 1065/3000 [04:11<06:53,  4.68it/s]
 36%|ΓûêΓûêΓûêΓûî      | 1066/3000 [04:12<07:37,  4.22it/s]
 36%|ΓûêΓûêΓûêΓûî      | 1067/3000 [04:12<07:38,  4.22it/s]
 36%|ΓûêΓûêΓûêΓûî      | 1068/3000 [04:12<07:39,  4.21it/s]
 36%|ΓûêΓûêΓûêΓûî      | 1069/3000 [04:13<08:33,  3.76it/s]
 36%|ΓûêΓûêΓûêΓûî      | 1070/3000 [04:13<07:29,  4.30it/s]
 36%|ΓûêΓûêΓûêΓûî      | 1071/3000 [04:13<07:18,  4.40it/s]
 36%|ΓûêΓûêΓûêΓûî      | 1072/3000 [04:13<07:41,  4.17it/s]
 36%|ΓûêΓûêΓûêΓûî      | 1073/3000 [04:14<08:35,  3.74it/s]
 36%|ΓûêΓûêΓûêΓûî      | 1074/3000 [04:14<08:13,  3.90it/s]
 36%|ΓûêΓûêΓûêΓûî      | 1075/3000 [04:14<07:56,  4.04it/s]
 36%|ΓûêΓûêΓûêΓûî      | 1076/3000 [04:14<07:27,  4.30it/s]
 36%|ΓûêΓûêΓûêΓûî      | 1077/3000 [04:14<06:45,  4.74it/s]
 36%|ΓûêΓûêΓûêΓûî      | 1078/3000 [04:15<06:30,  4.92it/s]
 36%|ΓûêΓûêΓûêΓûî      | 1079/3000 [04:15<06:03,  5.28it/s]
 36%|ΓûêΓûêΓûêΓûî      | 1080/3000 [04:15<06:17,  5.08it/s]
 36%|ΓûêΓûêΓûêΓûî      | 1081/3000 [04:15<07:09,  4.46it/s]
 36%|ΓûêΓûêΓûêΓûî      | 1082/3000 [04:15<07:34,  4.22it/s]
 36%|ΓûêΓûêΓûêΓûî      | 1083/3000 [04:16<08:40,  3.68it/s]
 36%|ΓûêΓûêΓûêΓûî      | 1084/3000 [04:16<08:02,  3.97it/s]
 36%|ΓûêΓûêΓûêΓûî      | 1085/3000 [04:16<07:23,  4.31it/s]
 36%|ΓûêΓûêΓûêΓûî      | 1086/3000 [04:16<06:50,  4.66it/s]
 36%|ΓûêΓûêΓûêΓûî      | 1087/3000 [04:17<06:16,  5.08it/s]
 36%|ΓûêΓûêΓûêΓûï      | 1088/3000 [04:17<06:08,  5.18it/s]
 36%|ΓûêΓûêΓûêΓûï      | 1089/3000 [04:17<06:15,  5.09it/s]
 36%|ΓûêΓûêΓûêΓûï      | 1090/3000 [04:17<07:45,  4.10it/s]
 36%|ΓûêΓûêΓûêΓûï      | 1091/3000 [04:17<07:19,  4.34it/s]
 36%|ΓûêΓûêΓûêΓûï      | 1092/3000 [04:18<08:13,  3.87it/s]
 36%|ΓûêΓûêΓûêΓûï      | 1093/3000 [04:18<08:21,  3.80it/s]
 36%|ΓûêΓûêΓûêΓûï      | 1094/3000 [04:18<07:32,  4.22it/s]
 36%|ΓûêΓûêΓûêΓûï      | 1095/3000 [04:19<07:55,  4.00it/s]
 37%|ΓûêΓûêΓûêΓûï      | 1096/3000 [04:19<07:03,  4.50it/s]
 37%|ΓûêΓûêΓûêΓûï      | 1097/3000 [04:19<07:36,  4.17it/s]
 37%|ΓûêΓûêΓûêΓûï      | 1098/3000 [04:19<06:55,  4.58it/s]
 37%|ΓûêΓûêΓûêΓûï      | 1099/3000 [04:19<07:04,  4.48it/s]
 37%|ΓûêΓûêΓûêΓûï      | 1100/3000 [04:20<06:27,  4.91it/s]
 37%|ΓûêΓûêΓûêΓûï      | 1101/3000 [04:20<07:08,  4.43it/s]
 37%|ΓûêΓûêΓûêΓûï      | 1102/3000 [04:20<07:11,  4.40it/s]
 37%|ΓûêΓûêΓûêΓûï      | 1103/3000 [04:20<07:14,  4.36it/s]
 37%|ΓûêΓûêΓûêΓûï      | 1104/3000 [04:21<07:40,  4.11it/s]
 37%|ΓûêΓûêΓûêΓûï      | 1105/3000 [04:21<07:45,  4.08it/s]
 37%|ΓûêΓûêΓûêΓûï      | 1106/3000 [04:21<08:09,  3.87it/s]
 37%|ΓûêΓûêΓûêΓûï      | 1107/3000 [04:21<08:28,  3.72it/s]
 37%|ΓûêΓûêΓûêΓûï      | 1108/3000 [04:22<07:33,  4.17it/s]
 37%|ΓûêΓûêΓûêΓûï      | 1109/3000 [04:22<06:48,  4.63it/s]
 37%|ΓûêΓûêΓûêΓûï      | 1110/3000 [04:22<06:20,  4.97it/s]
 37%|ΓûêΓûêΓûêΓûï      | 1111/3000 [04:22<08:16,  3.80it/s]
 37%|ΓûêΓûêΓûêΓûï      | 1112/3000 [04:22<07:35,  4.15it/s]
 37%|ΓûêΓûêΓûêΓûï      | 1113/3000 [04:23<06:58,  4.51it/s]
 37%|ΓûêΓûêΓûêΓûï      | 1114/3000 [04:23<07:16,  4.32it/s]
 37%|ΓûêΓûêΓûêΓûï      | 1115/3000 [04:23<08:23,  3.75it/s]
 37%|ΓûêΓûêΓûêΓûï      | 1116/3000 [04:23<07:40,  4.09it/s]
 37%|ΓûêΓûêΓûêΓûï      | 1117/3000 [04:24<07:03,  4.45it/s]
 37%|ΓûêΓûêΓûêΓûï      | 1118/3000 [04:24<07:23,  4.25it/s]
 37%|ΓûêΓûêΓûêΓûï      | 1119/3000 [04:24<07:20,  4.27it/s]
 37%|ΓûêΓûêΓûêΓûï      | 1120/3000 [04:24<07:30,  4.17it/s]
 37%|ΓûêΓûêΓûêΓûï      | 1121/3000 [04:25<07:53,  3.97it/s]
 37%|ΓûêΓûêΓûêΓûï      | 1122/3000 [04:25<07:48,  4.01it/s]
 37%|ΓûêΓûêΓûêΓûï      | 1123/3000 [04:25<07:32,  4.15it/s]
 37%|ΓûêΓûêΓûêΓûï      | 1124/3000 [04:25<06:55,  4.51it/s]
 38%|ΓûêΓûêΓûêΓûè      | 1125/3000 [04:26<07:02,  4.44it/s]
 38%|ΓûêΓûêΓûêΓûè      | 1126/3000 [04:26<07:08,  4.37it/s]
 38%|ΓûêΓûêΓûêΓûè      | 1127/3000 [04:26<08:07,  3.85it/s]
 38%|ΓûêΓûêΓûêΓûè      | 1128/3000 [04:26<07:38,  4.08it/s]
 38%|ΓûêΓûêΓûêΓûè      | 1129/3000 [04:27<07:35,  4.11it/s]
 38%|ΓûêΓûêΓûêΓûè      | 1130/3000 [04:27<08:17,  3.76it/s]
 38%|ΓûêΓûêΓûêΓûè      | 1131/3000 [04:27<09:30,  3.28it/s]
 38%|ΓûêΓûêΓûêΓûè      | 1132/3000 [04:28<10:01,  3.10it/s]
 38%|ΓûêΓûêΓûêΓûè      | 1133/3000 [04:28<08:55,  3.49it/s]
 38%|ΓûêΓûêΓûêΓûè      | 1134/3000 [04:28<07:49,  3.97it/s]
 38%|ΓûêΓûêΓûêΓûè      | 1135/3000 [04:28<07:17,  4.26it/s]
 38%|ΓûêΓûêΓûêΓûè      | 1136/3000 [04:28<07:20,  4.23it/s]
 38%|ΓûêΓûêΓûêΓûè      | 1137/3000 [04:29<07:52,  3.94it/s]
 38%|ΓûêΓûêΓûêΓûè      | 1138/3000 [04:29<07:34,  4.09it/s]
 38%|ΓûêΓûêΓûêΓûè      | 1139/3000 [04:29<08:14,  3.77it/s]
 38%|ΓûêΓûêΓûêΓûè      | 1140/3000 [04:29<07:16,  4.26it/s]
 38%|ΓûêΓûêΓûêΓûè      | 1141/3000 [04:30<08:25,  3.68it/s]
 38%|ΓûêΓûêΓûêΓûè      | 1142/3000 [04:30<09:12,  3.37it/s]
 38%|ΓûêΓûêΓûêΓûè      | 1143/3000 [04:30<08:01,  3.86it/s]
 38%|ΓûêΓûêΓûêΓûè      | 1144/3000 [04:30<07:08,  4.33it/s]
 38%|ΓûêΓûêΓûêΓûè      | 1145/3000 [04:31<06:33,  4.72it/s]
 38%|ΓûêΓûêΓûêΓûè      | 1146/3000 [04:31<07:56,  3.89it/s]
 38%|ΓûêΓûêΓûêΓûè      | 1147/3000 [04:31<07:59,  3.87it/s]
 38%|ΓûêΓûêΓûêΓûè      | 1148/3000 [04:31<07:15,  4.25it/s]
 38%|ΓûêΓûêΓûêΓûè      | 1149/3000 [04:32<07:26,  4.15it/s]
 38%|ΓûêΓûêΓûêΓûè      | 1150/3000 [04:32<06:54,  4.46it/s]
 38%|ΓûêΓûêΓûêΓûè      | 1151/3000 [04:32<07:06,  4.33it/s]
 38%|ΓûêΓûêΓûêΓûè      | 1152/3000 [04:32<07:01,  4.39it/s]
 38%|ΓûêΓûêΓûêΓûè      | 1153/3000 [04:33<07:44,  3.98it/s]
 38%|ΓûêΓûêΓûêΓûè      | 1154/3000 [04:33<06:53,  4.47it/s]
 38%|ΓûêΓûêΓûêΓûè      | 1155/3000 [04:33<06:20,  4.85it/s]
 39%|ΓûêΓûêΓûêΓûè      | 1156/3000 [04:33<06:52,  4.47it/s]
 39%|ΓûêΓûêΓûêΓûè      | 1157/3000 [04:33<06:47,  4.52it/s]
 39%|ΓûêΓûêΓûêΓûè      | 1158/3000 [04:34<07:30,  4.09it/s]
 39%|ΓûêΓûêΓûêΓûè      | 1159/3000 [04:34<06:47,  4.51it/s]
 39%|ΓûêΓûêΓûêΓûè      | 1160/3000 [04:34<07:16,  4.22it/s]
 39%|ΓûêΓûêΓûêΓûè      | 1161/3000 [04:35<08:21,  3.67it/s]
 39%|ΓûêΓûêΓûêΓûè      | 1162/3000 [04:35<08:30,  3.60it/s]
 39%|ΓûêΓûêΓûêΓûë      | 1163/3000 [04:35<07:26,  4.11it/s]
 39%|ΓûêΓûêΓûêΓûë      | 1164/3000 [04:35<06:50,  4.47it/s]
 39%|ΓûêΓûêΓûêΓûë      | 1165/3000 [04:35<07:18,  4.18it/s]
 39%|ΓûêΓûêΓûêΓûë      | 1166/3000 [04:36<06:34,  4.65it/s]
 39%|ΓûêΓûêΓûêΓûë      | 1167/3000 [04:36<06:28,  4.72it/s]
 39%|ΓûêΓûêΓûêΓûë      | 1168/3000 [04:36<06:00,  5.08it/s]
 39%|ΓûêΓûêΓûêΓûë      | 1169/3000 [04:36<05:40,  5.38it/s]
 39%|ΓûêΓûêΓûêΓûë      | 1170/3000 [04:36<06:10,  4.94it/s]
 39%|ΓûêΓûêΓûêΓûë      | 1171/3000 [04:37<08:48,  3.46it/s]
 39%|ΓûêΓûêΓûêΓûë      | 1172/3000 [04:37<07:49,  3.89it/s]
 39%|ΓûêΓûêΓûêΓûë      | 1173/3000 [04:37<07:05,  4.29it/s]
 39%|ΓûêΓûêΓûêΓûë      | 1174/3000 [04:37<06:39,  4.57it/s]
 39%|ΓûêΓûêΓûêΓûë      | 1175/3000 [04:38<07:11,  4.23it/s]
 39%|ΓûêΓûêΓûêΓûë      | 1176/3000 [04:38<07:28,  4.06it/s]
 39%|ΓûêΓûêΓûêΓûë      | 1177/3000 [04:38<06:42,  4.53it/s]
 39%|ΓûêΓûêΓûêΓûë      | 1178/3000 [04:38<06:47,  4.47it/s]
 39%|ΓûêΓûêΓûêΓûë      | 1179/3000 [04:39<07:34,  4.01it/s]
 39%|ΓûêΓûêΓûêΓûë      | 1180/3000 [04:39<06:53,  4.41it/s]
 39%|ΓûêΓûêΓûêΓûë      | 1181/3000 [04:39<07:09,  4.23it/s]
 39%|ΓûêΓûêΓûêΓûë      | 1182/3000 [04:39<07:06,  4.26it/s]
 39%|ΓûêΓûêΓûêΓûë      | 1183/3000 [04:40<07:40,  3.95it/s]
 39%|ΓûêΓûêΓûêΓûë      | 1184/3000 [04:40<07:05,  4.27it/s]
 40%|ΓûêΓûêΓûêΓûë      | 1185/3000 [04:40<06:30,  4.65it/s]
 40%|ΓûêΓûêΓûêΓûë      | 1186/3000 [04:40<07:17,  4.14it/s]
 40%|ΓûêΓûêΓûêΓûë      | 1187/3000 [04:40<06:32,  4.61it/s]
 40%|ΓûêΓûêΓûêΓûë      | 1188/3000 [04:41<06:44,  4.48it/s]
 40%|ΓûêΓûêΓûêΓûë      | 1189/3000 [04:41<07:02,  4.29it/s]
 40%|ΓûêΓûêΓûêΓûë      | 1190/3000 [04:41<06:23,  4.71it/s]
 40%|ΓûêΓûêΓûêΓûë      | 1191/3000 [04:41<05:59,  5.03it/s]
 40%|ΓûêΓûêΓûêΓûë      | 1192/3000 [04:41<05:42,  5.28it/s]
 40%|ΓûêΓûêΓûêΓûë      | 1193/3000 [04:42<05:33,  5.43it/s]
 40%|ΓûêΓûêΓûêΓûë      | 1194/3000 [04:42<05:27,  5.51it/s]
 40%|ΓûêΓûêΓûêΓûë      | 1195/3000 [04:42<06:17,  4.78it/s]
 40%|ΓûêΓûêΓûêΓûë      | 1196/3000 [04:42<06:16,  4.79it/s]
 40%|ΓûêΓûêΓûêΓûë      | 1197/3000 [04:42<05:57,  5.05it/s]
 40%|ΓûêΓûêΓûêΓûë      | 1198/3000 [04:43<06:46,  4.43it/s]
 40%|ΓûêΓûêΓûêΓûë      | 1199/3000 [04:43<07:40,  3.91it/s]
 40%|ΓûêΓûêΓûêΓûê      | 1200/3000 [04:43<06:57,  4.31it/s]
 40%|ΓûêΓûêΓûêΓûê      | 1201/3000 [04:43<07:01,  4.27it/s]
 40%|ΓûêΓûêΓûêΓûê      | 1202/3000 [04:44<07:52,  3.81it/s]
 40%|ΓûêΓûêΓûêΓûê      | 1203/3000 [04:44<09:00,  3.32it/s]
 40%|ΓûêΓûêΓûêΓûê      | 1204/3000 [04:44<08:32,  3.51it/s]
 40%|ΓûêΓûêΓûêΓûê      | 1205/3000 [04:45<09:13,  3.25it/s]
 40%|ΓûêΓûêΓûêΓûê      | 1206/3000 [04:45<08:46,  3.41it/s]
 40%|ΓûêΓûêΓûêΓûê      | 1207/3000 [04:45<07:57,  3.76it/s]
 40%|ΓûêΓûêΓûêΓûê      | 1208/3000 [04:46<07:44,  3.85it/s]
 40%|ΓûêΓûêΓûêΓûê      | 1209/3000 [04:46<07:46,  3.84it/s]
 40%|ΓûêΓûêΓûêΓûê      | 1210/3000 [04:46<06:49,  4.37it/s]
 40%|ΓûêΓûêΓûêΓûê      | 1211/3000 [04:46<06:07,  4.87it/s]
 40%|ΓûêΓûêΓûêΓûê      | 1212/3000 [04:46<07:57,  3.74it/s]
 40%|ΓûêΓûêΓûêΓûê      | 1213/3000 [04:47<09:02,  3.30it/s]
 40%|ΓûêΓûêΓûêΓûê      | 1214/3000 [04:47<07:44,  3.84it/s]
 40%|ΓûêΓûêΓûêΓûê      | 1215/3000 [04:47<07:31,  3.95it/s]
 41%|ΓûêΓûêΓûêΓûê      | 1216/3000 [04:48<07:18,  4.07it/s]
 41%|ΓûêΓûêΓûêΓûê      | 1217/3000 [04:48<09:25,  3.15it/s]
 41%|ΓûêΓûêΓûêΓûê      | 1218/3000 [04:48<08:15,  3.59it/s]
 41%|ΓûêΓûêΓûêΓûê      | 1219/3000 [04:48<07:08,  4.16it/s]
 41%|ΓûêΓûêΓûêΓûê      | 1220/3000 [04:48<06:20,  4.68it/s]
 41%|ΓûêΓûêΓûêΓûê      | 1221/3000 [04:49<05:50,  5.08it/s]
 41%|ΓûêΓûêΓûêΓûê      | 1222/3000 [04:49<05:23,  5.50it/s]
 41%|ΓûêΓûêΓûêΓûê      | 1223/3000 [04:49<06:10,  4.79it/s]
 41%|ΓûêΓûêΓûêΓûê      | 1224/3000 [04:49<07:33,  3.91it/s]
 41%|ΓûêΓûêΓûêΓûê      | 1225/3000 [04:50<06:39,  4.44it/s]
 41%|ΓûêΓûêΓûêΓûê      | 1226/3000 [04:50<06:24,  4.61it/s]
 41%|ΓûêΓûêΓûêΓûê      | 1227/3000 [04:50<05:47,  5.10it/s]
 41%|ΓûêΓûêΓûêΓûê      | 1228/3000 [04:50<06:27,  4.58it/s]
 41%|ΓûêΓûêΓûêΓûê      | 1229/3000 [04:50<05:47,  5.10it/s]
 41%|ΓûêΓûêΓûêΓûê      | 1230/3000 [04:50<05:26,  5.42it/s]
 41%|ΓûêΓûêΓûêΓûê      | 1231/3000 [04:51<06:07,  4.81it/s]
 41%|ΓûêΓûêΓûêΓûê      | 1232/3000 [04:51<06:29,  4.54it/s]
 41%|ΓûêΓûêΓûêΓûê      | 1233/3000 [04:51<06:06,  4.83it/s]
 41%|ΓûêΓûêΓûêΓûê      | 1234/3000 [04:51<05:36,  5.25it/s]
 41%|ΓûêΓûêΓûêΓûê      | 1235/3000 [04:52<05:28,  5.37it/s]
 41%|ΓûêΓûêΓûêΓûê      | 1236/3000 [04:52<05:59,  4.91it/s]
 41%|ΓûêΓûêΓûêΓûê      | 1237/3000 [04:52<05:46,  5.09it/s]
 41%|ΓûêΓûêΓûêΓûêΓûÅ     | 1238/3000 [04:52<06:56,  4.23it/s]
 41%|ΓûêΓûêΓûêΓûêΓûÅ     | 1239/3000 [04:52<06:21,  4.61it/s]
 41%|ΓûêΓûêΓûêΓûêΓûÅ     | 1240/3000 [04:53<08:00,  3.66it/s]
 41%|ΓûêΓûêΓûêΓûêΓûÅ     | 1241/3000 [04:53<08:40,  3.38it/s]
 41%|ΓûêΓûêΓûêΓûêΓûÅ     | 1242/3000 [04:54<11:37,  2.52it/s]
 41%|ΓûêΓûêΓûêΓûêΓûÅ     | 1243/3000 [04:54<12:11,  2.40it/s]
 41%|ΓûêΓûêΓûêΓûêΓûÅ     | 1244/3000 [04:55<11:27,  2.56it/s]
 42%|ΓûêΓûêΓûêΓûêΓûÅ     | 1245/3000 [04:56<15:57,  1.83it/s]
 42%|ΓûêΓûêΓûêΓûêΓûÅ     | 1246/3000 [04:56<14:27,  2.02it/s]
 42%|ΓûêΓûêΓûêΓûêΓûÅ     | 1247/3000 [04:56<13:21,  2.19it/s]
 42%|ΓûêΓûêΓûêΓûêΓûÅ     | 1248/3000 [04:57<12:39,  2.31it/s]
 42%|ΓûêΓûêΓûêΓûêΓûÅ     | 1249/3000 [04:57<11:48,  2.47it/s]
 42%|ΓûêΓûêΓûêΓûêΓûÅ     | 1250/3000 [04:57<12:11,  2.39it/s]
 42%|ΓûêΓûêΓûêΓûêΓûÅ     | 1251/3000 [04:58<12:03,  2.42it/s]
 42%|ΓûêΓûêΓûêΓûêΓûÅ     | 1252/3000 [04:58<10:09,  2.87it/s]
 42%|ΓûêΓûêΓûêΓûêΓûÅ     | 1253/3000 [04:58<09:20,  3.12it/s]
 42%|ΓûêΓûêΓûêΓûêΓûÅ     | 1254/3000 [04:59<08:29,  3.43it/s]
 42%|ΓûêΓûêΓûêΓûêΓûÅ     | 1255/3000 [04:59<07:25,  3.91it/s]
 42%|ΓûêΓûêΓûêΓûêΓûÅ     | 1256/3000 [04:59<07:21,  3.95it/s]
 42%|ΓûêΓûêΓûêΓûêΓûÅ     | 1257/3000 [04:59<07:41,  3.78it/s]
 42%|ΓûêΓûêΓûêΓûêΓûÅ     | 1258/3000 [04:59<07:28,  3.88it/s]
 42%|ΓûêΓûêΓûêΓûêΓûÅ     | 1259/3000 [05:00<07:34,  3.83it/s]
 42%|ΓûêΓûêΓûêΓûêΓûÅ     | 1260/3000 [05:00<06:55,  4.19it/s]
 42%|ΓûêΓûêΓûêΓûêΓûÅ     | 1261/3000 [05:00<07:27,  3.89it/s]
 42%|ΓûêΓûêΓûêΓûêΓûÅ     | 1262/3000 [05:01<07:53,  3.67it/s]
 42%|ΓûêΓûêΓûêΓûêΓûÅ     | 1263/3000 [05:01<07:22,  3.92it/s]
 42%|ΓûêΓûêΓûêΓûêΓûÅ     | 1264/3000 [05:01<07:17,  3.97it/s]
 42%|ΓûêΓûêΓûêΓûêΓûÅ     | 1265/3000 [05:01<07:59,  3.62it/s]
 42%|ΓûêΓûêΓûêΓûêΓûÅ     | 1266/3000 [05:02<07:28,  3.86it/s]
 42%|ΓûêΓûêΓûêΓûêΓûÅ     | 1267/3000 [05:02<06:54,  4.18it/s]
 42%|ΓûêΓûêΓûêΓûêΓûÅ     | 1268/3000 [05:02<06:28,  4.46it/s]
 42%|ΓûêΓûêΓûêΓûêΓûÅ     | 1269/3000 [05:02<06:13,  4.63it/s]
 42%|ΓûêΓûêΓûêΓûêΓûÅ     | 1270/3000 [05:02<05:45,  5.01it/s]
 42%|ΓûêΓûêΓûêΓûêΓûÅ     | 1271/3000 [05:03<06:04,  4.74it/s]
 42%|ΓûêΓûêΓûêΓûêΓûÅ     | 1272/3000 [05:03<06:53,  4.18it/s]
 42%|ΓûêΓûêΓûêΓûêΓûÅ     | 1273/3000 [05:03<07:16,  3.95it/s]
 42%|ΓûêΓûêΓûêΓûêΓûÅ     | 1274/3000 [05:03<07:12,  3.99it/s]
 42%|ΓûêΓûêΓûêΓûêΓûÄ     | 1275/3000 [05:04<06:39,  4.32it/s]
 43%|ΓûêΓûêΓûêΓûêΓûÄ     | 1276/3000 [05:04<06:03,  4.75it/s]
 43%|ΓûêΓûêΓûêΓûêΓûÄ     | 1277/3000 [05:04<05:37,  5.11it/s]
 43%|ΓûêΓûêΓûêΓûêΓûÄ     | 1278/3000 [05:04<05:39,  5.07it/s]
 43%|ΓûêΓûêΓûêΓûêΓûÄ     | 1279/3000 [05:04<05:32,  5.18it/s]
 43%|ΓûêΓûêΓûêΓûêΓûÄ     | 1280/3000 [05:05<06:09,  4.65it/s]
 43%|ΓûêΓûêΓûêΓûêΓûÄ     | 1281/3000 [05:05<06:51,  4.18it/s]
 43%|ΓûêΓûêΓûêΓûêΓûÄ     | 1282/3000 [05:05<06:45,  4.23it/s]
 43%|ΓûêΓûêΓûêΓûêΓûÄ     | 1283/3000 [05:05<08:40,  3.30it/s]
 43%|ΓûêΓûêΓûêΓûêΓûÄ     | 1284/3000 [05:06<09:17,  3.08it/s]
 43%|ΓûêΓûêΓûêΓûêΓûÄ     | 1285/3000 [05:06<08:29,  3.37it/s]
 43%|ΓûêΓûêΓûêΓûêΓûÄ     | 1286/3000 [05:06<08:52,  3.22it/s]
 43%|ΓûêΓûêΓûêΓûêΓûÄ     | 1287/3000 [05:07<08:17,  3.44it/s]
 43%|ΓûêΓûêΓûêΓûêΓûÄ     | 1288/3000 [05:07<08:46,  3.25it/s]
 43%|ΓûêΓûêΓûêΓûêΓûÄ     | 1289/3000 [05:07<07:32,  3.78it/s]
 43%|ΓûêΓûêΓûêΓûêΓûÄ     | 1290/3000 [05:07<07:15,  3.93it/s]
 43%|ΓûêΓûêΓûêΓûêΓûÄ     | 1291/3000 [05:08<06:45,  4.21it/s]
 43%|ΓûêΓûêΓûêΓûêΓûÄ     | 1292/3000 [05:08<06:23,  4.45it/s]
 43%|ΓûêΓûêΓûêΓûêΓûÄ     | 1293/3000 [05:08<05:49,  4.89it/s]
 43%|ΓûêΓûêΓûêΓûêΓûÄ     | 1294/3000 [05:08<06:12,  4.58it/s]
 43%|ΓûêΓûêΓûêΓûêΓûÄ     | 1295/3000 [05:09<07:16,  3.91it/s]
 43%|ΓûêΓûêΓûêΓûêΓûÄ     | 1296/3000 [05:09<08:11,  3.47it/s]
 43%|ΓûêΓûêΓûêΓûêΓûÄ     | 1297/3000 [05:09<07:49,  3.63it/s]
 43%|ΓûêΓûêΓûêΓûêΓûÄ     | 1298/3000 [05:09<06:55,  4.10it/s]
 43%|ΓûêΓûêΓûêΓûêΓûÄ     | 1299/3000 [05:10<06:31,  4.34it/s]
 43%|ΓûêΓûêΓûêΓûêΓûÄ     | 1300/3000 [05:10<06:14,  4.55it/s]
 43%|ΓûêΓûêΓûêΓûêΓûÄ     | 1301/3000 [05:10<06:04,  4.66it/s]
 43%|ΓûêΓûêΓûêΓûêΓûÄ     | 1302/3000 [05:10<06:45,  4.19it/s]
 43%|ΓûêΓûêΓûêΓûêΓûÄ     | 1303/3000 [05:10<06:03,  4.67it/s]
 43%|ΓûêΓûêΓûêΓûêΓûÄ     | 1304/3000 [05:11<06:19,  4.47it/s]
 44%|ΓûêΓûêΓûêΓûêΓûÄ     | 1305/3000 [05:11<07:01,  4.02it/s]
 44%|ΓûêΓûêΓûêΓûêΓûÄ     | 1306/3000 [05:11<08:06,  3.48it/s]
 44%|ΓûêΓûêΓûêΓûêΓûÄ     | 1307/3000 [05:12<08:32,  3.30it/s]
 44%|ΓûêΓûêΓûêΓûêΓûÄ     | 1308/3000 [05:12<08:07,  3.47it/s]
 44%|ΓûêΓûêΓûêΓûêΓûÄ     | 1309/3000 [05:12<07:10,  3.93it/s]
 44%|ΓûêΓûêΓûêΓûêΓûÄ     | 1310/3000 [05:12<06:57,  4.05it/s]
 44%|ΓûêΓûêΓûêΓûêΓûÄ     | 1311/3000 [05:13<06:47,  4.15it/s]
 44%|ΓûêΓûêΓûêΓûêΓûÄ     | 1312/3000 [05:13<07:35,  3.71it/s]
 44%|ΓûêΓûêΓûêΓûêΓûì     | 1313/3000 [05:13<06:39,  4.23it/s]
 44%|ΓûêΓûêΓûêΓûêΓûì     | 1314/3000 [05:13<07:09,  3.93it/s]
 44%|ΓûêΓûêΓûêΓûêΓûì     | 1315/3000 [05:14<08:13,  3.42it/s]
 44%|ΓûêΓûêΓûêΓûêΓûì     | 1316/3000 [05:14<08:48,  3.19it/s]
 44%|ΓûêΓûêΓûêΓûêΓûì     | 1317/3000 [05:14<08:18,  3.38it/s]
 44%|ΓûêΓûêΓûêΓûêΓûì     | 1318/3000 [05:15<07:19,  3.83it/s]
 44%|ΓûêΓûêΓûêΓûêΓûì     | 1319/3000 [05:15<07:32,  3.71it/s]
 44%|ΓûêΓûêΓûêΓûêΓûì     | 1320/3000 [05:15<07:29,  3.73it/s]
 44%|ΓûêΓûêΓûêΓûêΓûì     | 1321/3000 [05:15<07:33,  3.70it/s]
 44%|ΓûêΓûêΓûêΓûêΓûì     | 1322/3000 [05:16<06:45,  4.14it/s]
 44%|ΓûêΓûêΓûêΓûêΓûì     | 1323/3000 [05:16<07:34,  3.69it/s]
 44%|ΓûêΓûêΓûêΓûêΓûì     | 1324/3000 [05:16<06:53,  4.05it/s]
 44%|ΓûêΓûêΓûêΓûêΓûì     | 1325/3000 [05:16<06:11,  4.51it/s]
 44%|ΓûêΓûêΓûêΓûêΓûì     | 1326/3000 [05:16<05:43,  4.87it/s]
 44%|ΓûêΓûêΓûêΓûêΓûì     | 1327/3000 [05:17<05:43,  4.88it/s]
 44%|ΓûêΓûêΓûêΓûêΓûì     | 1328/3000 [05:17<05:38,  4.94it/s]
 44%|ΓûêΓûêΓûêΓûêΓûì     | 1329/3000 [05:17<05:22,  5.17it/s]
 44%|ΓûêΓûêΓûêΓûêΓûì     | 1330/3000 [05:17<05:06,  5.45it/s]
 44%|ΓûêΓûêΓûêΓûêΓûì     | 1331/3000 [05:17<05:06,  5.44it/s]
 44%|ΓûêΓûêΓûêΓûêΓûì     | 1332/3000 [05:18<06:24,  4.34it/s]
 44%|ΓûêΓûêΓûêΓûêΓûì     | 1333/3000 [05:18<05:56,  4.68it/s]
 44%|ΓûêΓûêΓûêΓûêΓûì     | 1334/3000 [05:18<06:21,  4.36it/s]
 44%|ΓûêΓûêΓûêΓûêΓûì     | 1335/3000 [05:18<06:45,  4.10it/s]
 45%|ΓûêΓûêΓûêΓûêΓûì     | 1336/3000 [05:19<07:00,  3.95it/s]
 45%|ΓûêΓûêΓûêΓûêΓûì     | 1337/3000 [05:19<06:19,  4.38it/s]
 45%|ΓûêΓûêΓûêΓûêΓûì     | 1338/3000 [05:19<06:40,  4.15it/s]
 45%|ΓûêΓûêΓûêΓûêΓûì     | 1339/3000 [05:19<07:35,  3.65it/s]
 45%|ΓûêΓûêΓûêΓûêΓûì     | 1340/3000 [05:20<06:40,  4.14it/s]
 45%|ΓûêΓûêΓûêΓûêΓûì     | 1341/3000 [05:20<07:44,  3.57it/s]
 45%|ΓûêΓûêΓûêΓûêΓûì     | 1342/3000 [05:20<06:44,  4.10it/s]
 45%|ΓûêΓûêΓûêΓûêΓûì     | 1343/3000 [05:20<07:21,  3.76it/s]
 45%|ΓûêΓûêΓûêΓûêΓûì     | 1344/3000 [05:21<07:39,  3.60it/s]
 45%|ΓûêΓûêΓûêΓûêΓûì     | 1345/3000 [05:21<06:40,  4.13it/s]
 45%|ΓûêΓûêΓûêΓûêΓûì     | 1346/3000 [05:21<06:07,  4.50it/s]
 45%|ΓûêΓûêΓûêΓûêΓûì     | 1347/3000 [05:21<06:16,  4.39it/s]
 45%|ΓûêΓûêΓûêΓûêΓûì     | 1348/3000 [05:21<05:41,  4.84it/s]
 45%|ΓûêΓûêΓûêΓûêΓûì     | 1349/3000 [05:22<05:45,  4.77it/s]
 45%|ΓûêΓûêΓûêΓûêΓûî     | 1350/3000 [05:22<07:04,  3.88it/s]
 45%|ΓûêΓûêΓûêΓûêΓûî     | 1351/3000 [05:22<06:37,  4.15it/s]
 45%|ΓûêΓûêΓûêΓûêΓûî     | 1352/3000 [05:22<06:22,  4.31it/s]
 45%|ΓûêΓûêΓûêΓûêΓûî     | 1353/3000 [05:23<07:21,  3.73it/s]
 45%|ΓûêΓûêΓûêΓûêΓûî     | 1354/3000 [05:23<07:34,  3.62it/s]
 45%|ΓûêΓûêΓûêΓûêΓûî     | 1355/3000 [05:23<07:29,  3.66it/s]
 45%|ΓûêΓûêΓûêΓûêΓûî     | 1356/3000 [05:24<06:53,  3.97it/s]
 45%|ΓûêΓûêΓûêΓûêΓûî     | 1357/3000 [05:24<06:43,  4.07it/s]
 45%|ΓûêΓûêΓûêΓûêΓûî     | 1358/3000 [05:24<06:58,  3.93it/s]
 45%|ΓûêΓûêΓûêΓûêΓûî     | 1359/3000 [05:24<06:55,  3.95it/s]
 45%|ΓûêΓûêΓûêΓûêΓûî     | 1360/3000 [05:25<07:00,  3.90it/s]
 45%|ΓûêΓûêΓûêΓûêΓûî     | 1361/3000 [05:25<07:14,  3.77it/s]
 45%|ΓûêΓûêΓûêΓûêΓûî     | 1362/3000 [05:25<06:22,  4.28it/s]
 45%|ΓûêΓûêΓûêΓûêΓûî     | 1363/3000 [05:25<05:42,  4.78it/s]
 45%|ΓûêΓûêΓûêΓûêΓûî     | 1364/3000 [05:25<06:14,  4.37it/s]
 46%|ΓûêΓûêΓûêΓûêΓûî     | 1365/3000 [05:26<05:50,  4.67it/s]
 46%|ΓûêΓûêΓûêΓûêΓûî     | 1366/3000 [05:26<06:16,  4.34it/s]
 46%|ΓûêΓûêΓûêΓûêΓûî     | 1367/3000 [05:26<06:00,  4.52it/s]
 46%|ΓûêΓûêΓûêΓûêΓûî     | 1368/3000 [05:26<05:40,  4.80it/s]
 46%|ΓûêΓûêΓûêΓûêΓûî     | 1369/3000 [05:26<05:19,  5.10it/s]
 46%|ΓûêΓûêΓûêΓûêΓûî     | 1370/3000 [05:27<05:53,  4.61it/s]
 46%|ΓûêΓûêΓûêΓûêΓûî     | 1371/3000 [05:27<06:31,  4.16it/s]
 46%|ΓûêΓûêΓûêΓûêΓûî     | 1372/3000 [05:27<05:51,  4.63it/s]
 46%|ΓûêΓûêΓûêΓûêΓûî     | 1373/3000 [05:27<05:56,  4.56it/s]
 46%|ΓûêΓûêΓûêΓûêΓûî     | 1374/3000 [05:28<05:35,  4.85it/s]
 46%|ΓûêΓûêΓûêΓûêΓûî     | 1375/3000 [05:28<06:30,  4.16it/s]
 46%|ΓûêΓûêΓûêΓûêΓûî     | 1376/3000 [05:28<06:06,  4.44it/s]
 46%|ΓûêΓûêΓûêΓûêΓûî     | 1377/3000 [05:28<05:32,  4.88it/s]
 46%|ΓûêΓûêΓûêΓûêΓûî     | 1378/3000 [05:28<05:34,  4.85it/s]
 46%|ΓûêΓûêΓûêΓûêΓûî     | 1379/3000 [05:29<06:51,  3.94it/s]
 46%|ΓûêΓûêΓûêΓûêΓûî     | 1380/3000 [05:29<06:06,  4.42it/s]
 46%|ΓûêΓûêΓûêΓûêΓûî     | 1381/3000 [05:29<05:38,  4.78it/s]
 46%|ΓûêΓûêΓûêΓûêΓûî     | 1382/3000 [05:29<05:18,  5.08it/s]
 46%|ΓûêΓûêΓûêΓûêΓûî     | 1383/3000 [05:30<05:29,  4.91it/s]
 46%|ΓûêΓûêΓûêΓûêΓûî     | 1384/3000 [05:30<05:20,  5.04it/s]
 46%|ΓûêΓûêΓûêΓûêΓûî     | 1385/3000 [05:30<05:56,  4.53it/s]
 46%|ΓûêΓûêΓûêΓûêΓûî     | 1386/3000 [05:30<05:33,  4.84it/s]
 46%|ΓûêΓûêΓûêΓûêΓûî     | 1387/3000 [05:30<06:05,  4.42it/s]
 46%|ΓûêΓûêΓûêΓûêΓûï     | 1388/3000 [05:31<06:33,  4.10it/s]
 46%|ΓûêΓûêΓûêΓûêΓûï     | 1389/3000 [05:31<06:04,  4.42it/s]
 46%|ΓûêΓûêΓûêΓûêΓûï     | 1390/3000 [05:31<05:35,  4.80it/s]
 46%|ΓûêΓûêΓûêΓûêΓûï     | 1391/3000 [05:31<06:04,  4.41it/s]
 46%|ΓûêΓûêΓûêΓûêΓûï     | 1392/3000 [05:32<05:32,  4.84it/s]
 46%|ΓûêΓûêΓûêΓûêΓûï     | 1393/3000 [05:32<06:09,  4.35it/s]
 46%|ΓûêΓûêΓûêΓûêΓûï     | 1394/3000 [05:32<06:14,  4.28it/s]
 46%|ΓûêΓûêΓûêΓûêΓûï     | 1395/3000 [05:32<05:52,  4.55it/s]
 47%|ΓûêΓûêΓûêΓûêΓûï     | 1396/3000 [05:32<05:25,  4.93it/s]
 47%|ΓûêΓûêΓûêΓûêΓûï     | 1397/3000 [05:33<05:09,  5.17it/s]
 47%|ΓûêΓûêΓûêΓûêΓûï     | 1398/3000 [05:33<05:13,  5.11it/s]
 47%|ΓûêΓûêΓûêΓûêΓûï     | 1399/3000 [05:33<05:44,  4.64it/s]
 47%|ΓûêΓûêΓûêΓûêΓûï     | 1400/3000 [05:33<06:10,  4.32it/s]
 47%|ΓûêΓûêΓûêΓûêΓûï     | 1401/3000 [05:34<06:25,  4.15it/s]
 47%|ΓûêΓûêΓûêΓûêΓûï     | 1402/3000 [05:34<06:27,  4.12it/s]
 47%|ΓûêΓûêΓûêΓûêΓûï     | 1403/3000 [05:34<05:54,  4.50it/s]
 47%|ΓûêΓûêΓûêΓûêΓûï     | 1404/3000 [05:34<06:46,  3.93it/s]
 47%|ΓûêΓûêΓûêΓûêΓûï     | 1405/3000 [05:35<06:40,  3.98it/s]
 47%|ΓûêΓûêΓûêΓûêΓûï     | 1406/3000 [05:35<06:03,  4.38it/s]
 47%|ΓûêΓûêΓûêΓûêΓûï     | 1407/3000 [05:35<06:02,  4.40it/s]
 47%|ΓûêΓûêΓûêΓûêΓûï     | 1408/3000 [05:35<05:36,  4.73it/s]
 47%|ΓûêΓûêΓûêΓûêΓûï     | 1409/3000 [05:35<05:16,  5.03it/s]
 47%|ΓûêΓûêΓûêΓûêΓûï     | 1410/3000 [05:36<05:28,  4.84it/s]
 47%|ΓûêΓûêΓûêΓûêΓûï     | 1411/3000 [05:36<05:53,  4.49it/s]
 47%|ΓûêΓûêΓûêΓûêΓûï     | 1412/3000 [05:36<05:29,  4.81it/s]
 47%|ΓûêΓûêΓûêΓûêΓûï     | 1413/3000 [05:36<05:39,  4.67it/s]
 47%|ΓûêΓûêΓûêΓûêΓûï     | 1414/3000 [05:36<05:13,  5.06it/s]
 47%|ΓûêΓûêΓûêΓûêΓûï     | 1415/3000 [05:37<05:27,  4.84it/s]
 47%|ΓûêΓûêΓûêΓûêΓûï     | 1416/3000 [05:37<05:02,  5.23it/s]
 47%|ΓûêΓûêΓûêΓûêΓûï     | 1417/3000 [05:37<06:22,  4.14it/s]
 47%|ΓûêΓûêΓûêΓûêΓûï     | 1418/3000 [05:37<06:35,  4.00it/s]
 47%|ΓûêΓûêΓûêΓûêΓûï     | 1419/3000 [05:38<07:04,  3.72it/s]
 47%|ΓûêΓûêΓûêΓûêΓûï     | 1420/3000 [05:38<08:04,  3.26it/s]
 47%|ΓûêΓûêΓûêΓûêΓûï     | 1421/3000 [05:38<07:54,  3.33it/s]
 47%|ΓûêΓûêΓûêΓûêΓûï     | 1422/3000 [05:39<07:22,  3.56it/s]
 47%|ΓûêΓûêΓûêΓûêΓûï     | 1423/3000 [05:39<07:13,  3.64it/s]
 47%|ΓûêΓûêΓûêΓûêΓûï     | 1424/3000 [05:39<07:39,  3.43it/s]
 48%|ΓûêΓûêΓûêΓûêΓûè     | 1425/3000 [05:40<07:52,  3.33it/s]
 48%|ΓûêΓûêΓûêΓûêΓûè     | 1426/3000 [05:40<07:28,  3.51it/s]
 48%|ΓûêΓûêΓûêΓûêΓûè     | 1427/3000 [05:40<06:41,  3.91it/s]
 48%|ΓûêΓûêΓûêΓûêΓûè     | 1428/3000 [05:40<06:10,  4.24it/s]
 48%|ΓûêΓûêΓûêΓûêΓûè     | 1429/3000 [05:40<06:08,  4.26it/s]
 48%|ΓûêΓûêΓûêΓûêΓûè     | 1430/3000 [05:41<06:45,  3.87it/s]
 48%|ΓûêΓûêΓûêΓûêΓûè     | 1431/3000 [05:41<06:05,  4.29it/s]
 48%|ΓûêΓûêΓûêΓûêΓûè     | 1432/3000 [05:41<06:12,  4.21it/s]
 48%|ΓûêΓûêΓûêΓûêΓûè     | 1433/3000 [05:42<07:27,  3.51it/s]
 48%|ΓûêΓûêΓûêΓûêΓûè     | 1434/3000 [05:42<07:12,  3.62it/s]
 48%|ΓûêΓûêΓûêΓûêΓûè     | 1435/3000 [05:42<07:21,  3.54it/s]
 48%|ΓûêΓûêΓûêΓûêΓûè     | 1436/3000 [05:42<06:39,  3.91it/s]
 48%|ΓûêΓûêΓûêΓûêΓûè     | 1437/3000 [05:43<07:10,  3.63it/s]
 48%|ΓûêΓûêΓûêΓûêΓûè     | 1438/3000 [05:43<06:19,  4.12it/s]
 48%|ΓûêΓûêΓûêΓûêΓûè     | 1439/3000 [05:43<06:10,  4.21it/s]
 48%|ΓûêΓûêΓûêΓûêΓûè     | 1440/3000 [05:43<05:48,  4.47it/s]
 48%|ΓûêΓûêΓûêΓûêΓûè     | 1441/3000 [05:43<05:49,  4.46it/s]
 48%|ΓûêΓûêΓûêΓûêΓûè     | 1442/3000 [05:44<05:49,  4.46it/s]
 48%|ΓûêΓûêΓûêΓûêΓûè     | 1443/3000 [05:44<05:41,  4.56it/s]
 48%|ΓûêΓûêΓûêΓûêΓûè     | 1444/3000 [05:44<06:42,  3.86it/s]
 48%|ΓûêΓûêΓûêΓûêΓûè     | 1445/3000 [05:44<06:35,  3.93it/s]
 48%|ΓûêΓûêΓûêΓûêΓûè     | 1446/3000 [05:45<05:49,  4.44it/s]
 48%|ΓûêΓûêΓûêΓûêΓûè     | 1447/3000 [05:45<05:22,  4.82it/s]
 48%|ΓûêΓûêΓûêΓûêΓûè     | 1448/3000 [05:45<05:17,  4.88it/s]
 48%|ΓûêΓûêΓûêΓûêΓûè     | 1449/3000 [05:45<05:47,  4.47it/s]
 48%|ΓûêΓûêΓûêΓûêΓûè     | 1450/3000 [05:46<06:32,  3.95it/s]
 48%|ΓûêΓûêΓûêΓûêΓûè     | 1451/3000 [05:46<05:59,  4.31it/s]
 48%|ΓûêΓûêΓûêΓûêΓûè     | 1452/3000 [05:46<05:51,  4.40it/s]
 48%|ΓûêΓûêΓûêΓûêΓûè     | 1453/3000 [05:46<07:02,  3.67it/s]
 48%|ΓûêΓûêΓûêΓûêΓûè     | 1454/3000 [05:47<06:36,  3.90it/s]
 48%|ΓûêΓûêΓûêΓûêΓûè     | 1455/3000 [05:47<07:22,  3.49it/s]
 49%|ΓûêΓûêΓûêΓûêΓûè     | 1456/3000 [05:47<07:22,  3.49it/s]
 49%|ΓûêΓûêΓûêΓûêΓûè     | 1457/3000 [05:47<06:51,  3.75it/s]
 49%|ΓûêΓûêΓûêΓûêΓûè     | 1458/3000 [05:48<06:11,  4.15it/s]
 49%|ΓûêΓûêΓûêΓûêΓûè     | 1459/3000 [05:48<05:36,  4.59it/s]
 49%|ΓûêΓûêΓûêΓûêΓûè     | 1460/3000 [05:48<05:29,  4.67it/s]
 49%|ΓûêΓûêΓûêΓûêΓûè     | 1461/3000 [05:48<06:19,  4.06it/s]
 49%|ΓûêΓûêΓûêΓûêΓûè     | 1462/3000 [05:48<05:40,  4.51it/s]
 49%|ΓûêΓûêΓûêΓûêΓûë     | 1463/3000 [05:49<05:16,  4.85it/s]
 49%|ΓûêΓûêΓûêΓûêΓûë     | 1464/3000 [05:49<05:06,  5.02it/s]
 49%|ΓûêΓûêΓûêΓûêΓûë     | 1465/3000 [05:49<04:54,  5.21it/s]
 49%|ΓûêΓûêΓûêΓûêΓûë     | 1466/3000 [05:49<05:39,  4.52it/s]
 49%|ΓûêΓûêΓûêΓûêΓûë     | 1467/3000 [05:50<06:35,  3.87it/s]
 49%|ΓûêΓûêΓûêΓûêΓûë     | 1468/3000 [05:50<05:50,  4.37it/s]
 49%|ΓûêΓûêΓûêΓûêΓûë     | 1469/3000 [05:50<05:56,  4.29it/s]
 49%|ΓûêΓûêΓûêΓûêΓûë     | 1470/3000 [05:50<06:15,  4.07it/s]
 49%|ΓûêΓûêΓûêΓûêΓûë     | 1471/3000 [05:51<06:31,  3.91it/s]
 49%|ΓûêΓûêΓûêΓûêΓûë     | 1472/3000 [05:51<05:49,  4.37it/s]
 49%|ΓûêΓûêΓûêΓûêΓûë     | 1473/3000 [05:51<05:49,  4.37it/s]
 49%|ΓûêΓûêΓûêΓûêΓûë     | 1474/3000 [05:51<05:18,  4.79it/s]
 49%|ΓûêΓûêΓûêΓûêΓûë     | 1475/3000 [05:51<06:14,  4.08it/s]
 49%|ΓûêΓûêΓûêΓûêΓûë     | 1476/3000 [05:52<06:02,  4.20it/s]
 49%|ΓûêΓûêΓûêΓûêΓûë     | 1477/3000 [05:52<06:16,  4.04it/s]
 49%|ΓûêΓûêΓûêΓûêΓûë     | 1478/3000 [05:52<06:28,  3.92it/s]
 49%|ΓûêΓûêΓûêΓûêΓûë     | 1479/3000 [05:52<06:39,  3.81it/s]
 49%|ΓûêΓûêΓûêΓûêΓûë     | 1480/3000 [05:53<05:53,  4.30it/s]
 49%|ΓûêΓûêΓûêΓûêΓûë     | 1481/3000 [05:53<06:05,  4.16it/s]
 49%|ΓûêΓûêΓûêΓûêΓûë     | 1482/3000 [05:53<05:32,  4.57it/s]
 49%|ΓûêΓûêΓûêΓûêΓûë     | 1483/3000 [05:53<05:52,  4.30it/s]
 49%|ΓûêΓûêΓûêΓûêΓûë     | 1484/3000 [05:53<05:20,  4.73it/s]
 50%|ΓûêΓûêΓûêΓûêΓûë     | 1485/3000 [05:54<05:01,  5.03it/s]
 50%|ΓûêΓûêΓûêΓûêΓûë     | 1486/3000 [05:54<05:19,  4.74it/s]
 50%|ΓûêΓûêΓûêΓûêΓûë     | 1487/3000 [05:54<06:31,  3.87it/s]
 50%|ΓûêΓûêΓûêΓûêΓûë     | 1488/3000 [05:55<06:46,  3.72it/s]
 50%|ΓûêΓûêΓûêΓûêΓûë     | 1489/3000 [05:55<07:19,  3.44it/s]
 50%|ΓûêΓûêΓûêΓûêΓûë     | 1490/3000 [05:55<07:19,  3.43it/s]
 50%|ΓûêΓûêΓûêΓûêΓûë     | 1491/3000 [05:55<06:55,  3.63it/s]
 50%|ΓûêΓûêΓûêΓûêΓûë     | 1492/3000 [05:56<06:20,  3.96it/s]
 50%|ΓûêΓûêΓûêΓûêΓûë     | 1493/3000 [05:56<05:45,  4.36it/s]
 50%|ΓûêΓûêΓûêΓûêΓûë     | 1494/3000 [05:56<05:39,  4.44it/s]
 50%|ΓûêΓûêΓûêΓûêΓûë     | 1495/3000 [05:56<05:44,  4.37it/s]
 50%|ΓûêΓûêΓûêΓûêΓûë     | 1496/3000 [05:57<05:57,  4.21it/s]
 50%|ΓûêΓûêΓûêΓûêΓûë     | 1497/3000 [05:57<06:07,  4.09it/s]
 50%|ΓûêΓûêΓûêΓûêΓûë     | 1498/3000 [05:57<06:24,  3.90it/s]
 50%|ΓûêΓûêΓûêΓûêΓûë     | 1499/3000 [05:57<06:21,  3.94it/s]
 50%|ΓûêΓûêΓûêΓûêΓûê     | 1500/3000 [05:58<06:24,  3.90it/s]
 50%|ΓûêΓûêΓûêΓûêΓûê     | 1501/3000 [05:58<06:47,  3.68it/s]
 50%|ΓûêΓûêΓûêΓûêΓûê     | 1502/3000 [05:58<06:18,  3.95it/s]
 50%|ΓûêΓûêΓûêΓûêΓûê     | 1503/3000 [05:58<07:04,  3.53it/s]
 50%|ΓûêΓûêΓûêΓûêΓûê     | 1504/3000 [05:59<07:02,  3.54it/s]
 50%|ΓûêΓûêΓûêΓûêΓûê     | 1505/3000 [05:59<06:58,  3.58it/s]
 50%|ΓûêΓûêΓûêΓûêΓûê     | 1506/3000 [05:59<07:09,  3.48it/s]
 50%|ΓûêΓûêΓûêΓûêΓûê     | 1507/3000 [06:00<06:28,  3.84it/s]
 50%|ΓûêΓûêΓûêΓûêΓûê     | 1508/3000 [06:00<06:42,  3.71it/s]
 50%|ΓûêΓûêΓûêΓûêΓûê     | 1509/3000 [06:00<06:07,  4.06it/s]
 50%|ΓûêΓûêΓûêΓûêΓûê     | 1510/3000 [06:00<05:39,  4.39it/s]
 50%|ΓûêΓûêΓûêΓûêΓûê     | 1511/3000 [06:00<05:59,  4.14it/s]
 50%|ΓûêΓûêΓûêΓûêΓûê     | 1512/3000 [06:01<06:23,  3.88it/s]
 50%|ΓûêΓûêΓûêΓûêΓûê     | 1513/3000 [06:01<05:42,  4.35it/s]
 50%|ΓûêΓûêΓûêΓûêΓûê     | 1514/3000 [06:01<05:23,  4.60it/s]
 50%|ΓûêΓûêΓûêΓûêΓûê     | 1515/3000 [06:01<05:21,  4.63it/s]
 51%|ΓûêΓûêΓûêΓûêΓûê     | 1516/3000 [06:01<04:56,  5.00it/s]
 51%|ΓûêΓûêΓûêΓûêΓûê     | 1517/3000 [06:02<05:18,  4.65it/s]
 51%|ΓûêΓûêΓûêΓûêΓûê     | 1518/3000 [06:02<05:04,  4.87it/s]
 51%|ΓûêΓûêΓûêΓûêΓûê     | 1519/3000 [06:02<04:43,  5.23it/s]
 51%|ΓûêΓûêΓûêΓûêΓûê     | 1520/3000 [06:02<05:33,  4.43it/s]
 51%|ΓûêΓûêΓûêΓûêΓûê     | 1521/3000 [06:03<05:05,  4.84it/s]
 51%|ΓûêΓûêΓûêΓûêΓûê     | 1522/3000 [06:03<04:47,  5.14it/s]
 51%|ΓûêΓûêΓûêΓûêΓûê     | 1523/3000 [06:03<05:29,  4.49it/s]
 51%|ΓûêΓûêΓûêΓûêΓûê     | 1524/3000 [06:03<05:24,  4.55it/s]
 51%|ΓûêΓûêΓûêΓûêΓûê     | 1525/3000 [06:03<05:51,  4.19it/s]
 51%|ΓûêΓûêΓûêΓûêΓûê     | 1526/3000 [06:04<06:34,  3.74it/s]
 51%|ΓûêΓûêΓûêΓûêΓûê     | 1527/3000 [06:04<05:44,  4.27it/s]
 51%|ΓûêΓûêΓûêΓûêΓûê     | 1528/3000 [06:04<05:41,  4.31it/s]
 51%|ΓûêΓûêΓûêΓûêΓûê     | 1529/3000 [06:04<05:17,  4.64it/s]
 51%|ΓûêΓûêΓûêΓûêΓûê     | 1530/3000 [06:05<05:03,  4.85it/s]
 51%|ΓûêΓûêΓûêΓûêΓûê     | 1531/3000 [06:05<06:24,  3.82it/s]
 51%|ΓûêΓûêΓûêΓûêΓûê     | 1532/3000 [06:05<06:35,  3.71it/s]
 51%|ΓûêΓûêΓûêΓûêΓûê     | 1533/3000 [06:06<08:29,  2.88it/s]
 51%|ΓûêΓûêΓûêΓûêΓûê     | 1534/3000 [06:06<07:31,  3.25it/s]
 51%|ΓûêΓûêΓûêΓûêΓûê     | 1535/3000 [06:06<06:42,  3.64it/s]
 51%|ΓûêΓûêΓûêΓûêΓûê     | 1536/3000 [06:06<06:55,  3.52it/s]
 51%|ΓûêΓûêΓûêΓûêΓûê     | 1537/3000 [06:07<06:02,  4.03it/s]
 51%|ΓûêΓûêΓûêΓûêΓûêΓûÅ    | 1538/3000 [06:07<06:00,  4.05it/s]
 51%|ΓûêΓûêΓûêΓûêΓûêΓûÅ    | 1539/3000 [06:07<05:54,  4.12it/s]
 51%|ΓûêΓûêΓûêΓûêΓûêΓûÅ    | 1540/3000 [06:07<06:08,  3.96it/s]
 51%|ΓûêΓûêΓûêΓûêΓûêΓûÅ    | 1541/3000 [06:08<05:52,  4.14it/s]
 51%|ΓûêΓûêΓûêΓûêΓûêΓûÅ    | 1542/3000 [06:08<05:54,  4.11it/s]
 51%|ΓûêΓûêΓûêΓûêΓûêΓûÅ    | 1543/3000 [06:08<05:20,  4.54it/s]
 51%|ΓûêΓûêΓûêΓûêΓûêΓûÅ    | 1544/3000 [06:08<05:26,  4.47it/s]
 52%|ΓûêΓûêΓûêΓûêΓûêΓûÅ    | 1545/3000 [06:09<06:03,  4.01it/s]
 52%|ΓûêΓûêΓûêΓûêΓûêΓûÅ    | 1546/3000 [06:09<05:29,  4.41it/s]
 52%|ΓûêΓûêΓûêΓûêΓûêΓûÅ    | 1547/3000 [06:09<05:55,  4.09it/s]
 52%|ΓûêΓûêΓûêΓûêΓûêΓûÅ    | 1548/3000 [06:09<05:19,  4.55it/s]
 52%|ΓûêΓûêΓûêΓûêΓûêΓûÅ    | 1549/3000 [06:10<05:57,  4.05it/s]
 52%|ΓûêΓûêΓûêΓûêΓûêΓûÅ    | 1550/3000 [06:10<06:31,  3.70it/s]
 52%|ΓûêΓûêΓûêΓûêΓûêΓûÅ    | 1551/3000 [06:10<06:52,  3.51it/s]
 52%|ΓûêΓûêΓûêΓûêΓûêΓûÅ    | 1552/3000 [06:10<06:24,  3.77it/s]
 52%|ΓûêΓûêΓûêΓûêΓûêΓûÅ    | 1553/3000 [06:11<06:50,  3.52it/s]
 52%|ΓûêΓûêΓûêΓûêΓûêΓûÅ    | 1554/3000 [06:11<07:05,  3.40it/s]
 52%|ΓûêΓûêΓûêΓûêΓûêΓûÅ    | 1555/3000 [06:11<07:29,  3.21it/s]
 52%|ΓûêΓûêΓûêΓûêΓûêΓûÅ    | 1556/3000 [06:12<06:27,  3.73it/s]
 52%|ΓûêΓûêΓûêΓûêΓûêΓûÅ    | 1557/3000 [06:12<05:41,  4.22it/s]
 52%|ΓûêΓûêΓûêΓûêΓûêΓûÅ    | 1558/3000 [06:12<06:22,  3.77it/s]
 52%|ΓûêΓûêΓûêΓûêΓûêΓûÅ    | 1559/3000 [06:12<05:36,  4.28it/s]
 52%|ΓûêΓûêΓûêΓûêΓûêΓûÅ    | 1560/3000 [06:12<05:06,  4.70it/s]
 52%|ΓûêΓûêΓûêΓûêΓûêΓûÅ    | 1561/3000 [06:13<05:36,  4.28it/s]
 52%|ΓûêΓûêΓûêΓûêΓûêΓûÅ    | 1562/3000 [06:13<05:49,  4.11it/s]
 52%|ΓûêΓûêΓûêΓûêΓûêΓûÅ    | 1563/3000 [06:13<05:46,  4.14it/s]
 52%|ΓûêΓûêΓûêΓûêΓûêΓûÅ    | 1564/3000 [06:13<05:51,  4.09it/s]
 52%|ΓûêΓûêΓûêΓûêΓûêΓûÅ    | 1565/3000 [06:14<05:30,  4.34it/s]
 52%|ΓûêΓûêΓûêΓûêΓûêΓûÅ    | 1566/3000 [06:14<05:43,  4.18it/s]
 52%|ΓûêΓûêΓûêΓûêΓûêΓûÅ    | 1567/3000 [06:14<05:39,  4.23it/s]
 52%|ΓûêΓûêΓûêΓûêΓûêΓûÅ    | 1568/3000 [06:14<05:47,  4.13it/s]
 52%|ΓûêΓûêΓûêΓûêΓûêΓûÅ    | 1569/3000 [06:15<06:20,  3.76it/s]
 52%|ΓûêΓûêΓûêΓûêΓûêΓûÅ    | 1570/3000 [06:15<06:10,  3.86it/s]
 52%|ΓûêΓûêΓûêΓûêΓûêΓûÅ    | 1571/3000 [06:15<06:02,  3.94it/s]
 52%|ΓûêΓûêΓûêΓûêΓûêΓûÅ    | 1572/3000 [06:15<06:03,  3.93it/s]
 52%|ΓûêΓûêΓûêΓûêΓûêΓûÅ    | 1573/3000 [06:16<06:20,  3.75it/s]
 52%|ΓûêΓûêΓûêΓûêΓûêΓûÅ    | 1574/3000 [06:16<06:25,  3.70it/s]
 52%|ΓûêΓûêΓûêΓûêΓûêΓûÄ    | 1575/3000 [06:16<05:48,  4.09it/s]
 53%|ΓûêΓûêΓûêΓûêΓûêΓûÄ    | 1576/3000 [06:16<05:35,  4.24it/s]
 53%|ΓûêΓûêΓûêΓûêΓûêΓûÄ    | 1577/3000 [06:17<05:16,  4.49it/s]
 53%|ΓûêΓûêΓûêΓûêΓûêΓûÄ    | 1578/3000 [06:17<04:57,  4.77it/s]
 53%|ΓûêΓûêΓûêΓûêΓûêΓûÄ    | 1579/3000 [06:17<05:10,  4.58it/s]
 53%|ΓûêΓûêΓûêΓûêΓûêΓûÄ    | 1580/3000 [06:17<05:18,  4.46it/s]
 53%|ΓûêΓûêΓûêΓûêΓûêΓûÄ    | 1581/3000 [06:17<05:15,  4.49it/s]
 53%|ΓûêΓûêΓûêΓûêΓûêΓûÄ    | 1582/3000 [06:18<05:34,  4.24it/s]
 53%|ΓûêΓûêΓûêΓûêΓûêΓûÄ    | 1583/3000 [06:18<05:44,  4.11it/s]
 53%|ΓûêΓûêΓûêΓûêΓûêΓûÄ    | 1584/3000 [06:18<05:23,  4.38it/s]
 53%|ΓûêΓûêΓûêΓûêΓûêΓûÄ    | 1585/3000 [06:18<04:58,  4.75it/s]
 53%|ΓûêΓûêΓûêΓûêΓûêΓûÄ    | 1586/3000 [06:19<05:24,  4.36it/s]
 53%|ΓûêΓûêΓûêΓûêΓûêΓûÄ    | 1587/3000 [06:19<05:23,  4.37it/s]
 53%|ΓûêΓûêΓûêΓûêΓûêΓûÄ    | 1588/3000 [06:19<05:11,  4.53it/s]
 53%|ΓûêΓûêΓûêΓûêΓûêΓûÄ    | 1589/3000 [06:19<04:45,  4.94it/s]
 53%|ΓûêΓûêΓûêΓûêΓûêΓûÄ    | 1590/3000 [06:19<04:23,  5.34it/s]
 53%|ΓûêΓûêΓûêΓûêΓûêΓûÄ    | 1591/3000 [06:20<05:01,  4.67it/s]
 53%|ΓûêΓûêΓûêΓûêΓûêΓûÄ    | 1592/3000 [06:20<04:44,  4.95it/s]
 53%|ΓûêΓûêΓûêΓûêΓûêΓûÄ    | 1593/3000 [06:20<05:18,  4.42it/s]
 53%|ΓûêΓûêΓûêΓûêΓûêΓûÄ    | 1594/3000 [06:20<06:09,  3.81it/s]
 53%|ΓûêΓûêΓûêΓûêΓûêΓûÄ    | 1595/3000 [06:21<06:38,  3.53it/s]
 53%|ΓûêΓûêΓûêΓûêΓûêΓûÄ    | 1596/3000 [06:21<05:44,  4.07it/s]
 53%|ΓûêΓûêΓûêΓûêΓûêΓûÄ    | 1597/3000 [06:21<05:06,  4.57it/s]
 53%|ΓûêΓûêΓûêΓûêΓûêΓûÄ    | 1598/3000 [06:21<05:04,  4.61it/s]
 53%|ΓûêΓûêΓûêΓûêΓûêΓûÄ    | 1599/3000 [06:21<05:05,  4.59it/s]
 53%|ΓûêΓûêΓûêΓûêΓûêΓûÄ    | 1600/3000 [06:22<04:49,  4.84it/s]
 53%|ΓûêΓûêΓûêΓûêΓûêΓûÄ    | 1601/3000 [06:22<05:11,  4.49it/s]
 53%|ΓûêΓûêΓûêΓûêΓûêΓûÄ    | 1602/3000 [06:22<05:08,  4.53it/s]
 53%|ΓûêΓûêΓûêΓûêΓûêΓûÄ    | 1603/3000 [06:22<05:41,  4.09it/s]
 53%|ΓûêΓûêΓûêΓûêΓûêΓûÄ    | 1604/3000 [06:23<05:10,  4.49it/s]
 54%|ΓûêΓûêΓûêΓûêΓûêΓûÄ    | 1605/3000 [06:23<05:24,  4.30it/s]
 54%|ΓûêΓûêΓûêΓûêΓûêΓûÄ    | 1606/3000 [06:23<06:12,  3.74it/s]
 54%|ΓûêΓûêΓûêΓûêΓûêΓûÄ    | 1607/3000 [06:23<05:25,  4.28it/s]
 54%|ΓûêΓûêΓûêΓûêΓûêΓûÄ    | 1608/3000 [06:24<04:55,  4.71it/s]
 54%|ΓûêΓûêΓûêΓûêΓûêΓûÄ    | 1609/3000 [06:24<04:34,  5.07it/s]
 54%|ΓûêΓûêΓûêΓûêΓûêΓûÄ    | 1610/3000 [06:24<04:23,  5.28it/s]
 54%|ΓûêΓûêΓûêΓûêΓûêΓûÄ    | 1611/3000 [06:24<05:21,  4.32it/s]
 54%|ΓûêΓûêΓûêΓûêΓûêΓûÄ    | 1612/3000 [06:25<06:03,  3.82it/s]
 54%|ΓûêΓûêΓûêΓûêΓûêΓûì    | 1613/3000 [06:25<06:21,  3.64it/s]
 54%|ΓûêΓûêΓûêΓûêΓûêΓûì    | 1614/3000 [06:25<07:05,  3.25it/s]
 54%|ΓûêΓûêΓûêΓûêΓûêΓûì    | 1615/3000 [06:25<06:12,  3.72it/s]
 54%|ΓûêΓûêΓûêΓûêΓûêΓûì    | 1616/3000 [06:26<06:29,  3.56it/s]
 54%|ΓûêΓûêΓûêΓûêΓûêΓûì    | 1617/3000 [06:26<05:51,  3.93it/s]
 54%|ΓûêΓûêΓûêΓûêΓûêΓûì    | 1618/3000 [06:26<05:41,  4.05it/s]
 54%|ΓûêΓûêΓûêΓûêΓûêΓûì    | 1619/3000 [06:26<05:09,  4.47it/s]
 54%|ΓûêΓûêΓûêΓûêΓûêΓûì    | 1620/3000 [06:27<05:09,  4.46it/s]
 54%|ΓûêΓûêΓûêΓûêΓûêΓûì    | 1621/3000 [06:27<05:38,  4.07it/s]
 54%|ΓûêΓûêΓûêΓûêΓûêΓûì    | 1622/3000 [06:27<05:53,  3.90it/s]
 54%|ΓûêΓûêΓûêΓûêΓûêΓûì    | 1623/3000 [06:27<05:15,  4.37it/s]
 54%|ΓûêΓûêΓûêΓûêΓûêΓûì    | 1624/3000 [06:28<05:44,  4.00it/s]
 54%|ΓûêΓûêΓûêΓûêΓûêΓûì    | 1625/3000 [06:28<06:18,  3.63it/s]
 54%|ΓûêΓûêΓûêΓûêΓûêΓûì    | 1626/3000 [06:28<06:28,  3.54it/s]
 54%|ΓûêΓûêΓûêΓûêΓûêΓûì    | 1627/3000 [06:29<06:49,  3.35it/s]
 54%|ΓûêΓûêΓûêΓûêΓûêΓûì    | 1628/3000 [06:29<06:19,  3.61it/s]
 54%|ΓûêΓûêΓûêΓûêΓûêΓûì    | 1629/3000 [06:29<05:32,  4.12it/s]
 54%|ΓûêΓûêΓûêΓûêΓûêΓûì    | 1630/3000 [06:29<05:44,  3.97it/s]
 54%|ΓûêΓûêΓûêΓûêΓûêΓûì    | 1631/3000 [06:29<05:53,  3.88it/s]
 54%|ΓûêΓûêΓûêΓûêΓûêΓûì    | 1632/3000 [06:30<06:10,  3.69it/s]
 54%|ΓûêΓûêΓûêΓûêΓûêΓûì    | 1633/3000 [06:30<06:32,  3.48it/s]
 54%|ΓûêΓûêΓûêΓûêΓûêΓûì    | 1634/3000 [06:30<06:43,  3.38it/s]
 55%|ΓûêΓûêΓûêΓûêΓûêΓûì    | 1635/3000 [06:31<06:17,  3.62it/s]
 55%|ΓûêΓûêΓûêΓûêΓûêΓûì    | 1636/3000 [06:31<05:52,  3.87it/s]
 55%|ΓûêΓûêΓûêΓûêΓûêΓûì    | 1637/3000 [06:31<06:24,  3.55it/s]
 55%|ΓûêΓûêΓûêΓûêΓûêΓûì    | 1638/3000 [06:32<06:59,  3.25it/s]
 55%|ΓûêΓûêΓûêΓûêΓûêΓûì    | 1639/3000 [06:32<06:17,  3.61it/s]
 55%|ΓûêΓûêΓûêΓûêΓûêΓûì    | 1640/3000 [06:32<06:38,  3.41it/s]
 55%|ΓûêΓûêΓûêΓûêΓûêΓûì    | 1641/3000 [06:32<05:59,  3.78it/s]
 55%|ΓûêΓûêΓûêΓûêΓûêΓûì    | 1642/3000 [06:33<05:57,  3.80it/s]
 55%|ΓûêΓûêΓûêΓûêΓûêΓûì    | 1643/3000 [06:33<05:13,  4.33it/s]
 55%|ΓûêΓûêΓûêΓûêΓûêΓûì    | 1644/3000 [06:33<05:49,  3.88it/s]
 55%|ΓûêΓûêΓûêΓûêΓûêΓûì    | 1645/3000 [06:33<05:10,  4.36it/s]
 55%|ΓûêΓûêΓûêΓûêΓûêΓûì    | 1646/3000 [06:33<04:44,  4.77it/s]
 55%|ΓûêΓûêΓûêΓûêΓûêΓûì    | 1647/3000 [06:34<05:14,  4.30it/s]
 55%|ΓûêΓûêΓûêΓûêΓûêΓûì    | 1648/3000 [06:34<04:52,  4.62it/s]
 55%|ΓûêΓûêΓûêΓûêΓûêΓûì    | 1649/3000 [06:34<04:52,  4.62it/s]
 55%|ΓûêΓûêΓûêΓûêΓûêΓûî    | 1650/3000 [06:34<04:56,  4.55it/s]
 55%|ΓûêΓûêΓûêΓûêΓûêΓûî    | 1651/3000 [06:34<04:34,  4.92it/s]
 55%|ΓûêΓûêΓûêΓûêΓûêΓûî    | 1652/3000 [06:35<05:21,  4.19it/s]
 55%|ΓûêΓûêΓûêΓûêΓûêΓûî    | 1653/3000 [06:35<05:32,  4.05it/s]
 55%|ΓûêΓûêΓûêΓûêΓûêΓûî    | 1654/3000 [06:35<05:05,  4.40it/s]
 55%|ΓûêΓûêΓûêΓûêΓûêΓûî    | 1655/3000 [06:35<05:11,  4.32it/s]
 55%|ΓûêΓûêΓûêΓûêΓûêΓûî    | 1656/3000 [06:36<04:46,  4.70it/s]
 55%|ΓûêΓûêΓûêΓûêΓûêΓûî    | 1657/3000 [06:36<05:16,  4.24it/s]
 55%|ΓûêΓûêΓûêΓûêΓûêΓûî    | 1658/3000 [06:36<05:07,  4.36it/s]
 55%|ΓûêΓûêΓûêΓûêΓûêΓûî    | 1659/3000 [06:36<05:22,  4.16it/s]
 55%|ΓûêΓûêΓûêΓûêΓûêΓûî    | 1660/3000 [06:37<04:51,  4.59it/s]
 55%|ΓûêΓûêΓûêΓûêΓûêΓûî    | 1661/3000 [06:37<05:02,  4.42it/s]
 55%|ΓûêΓûêΓûêΓûêΓûêΓûî    | 1662/3000 [06:37<04:44,  4.71it/s]
 55%|ΓûêΓûêΓûêΓûêΓûêΓûî    | 1663/3000 [06:37<04:51,  4.59it/s]
 55%|ΓûêΓûêΓûêΓûêΓûêΓûî    | 1664/3000 [06:37<04:31,  4.92it/s]
 56%|ΓûêΓûêΓûêΓûêΓûêΓûî    | 1665/3000 [06:38<05:53,  3.77it/s]
 56%|ΓûêΓûêΓûêΓûêΓûêΓûî    | 1666/3000 [06:38<05:51,  3.80it/s]
 56%|ΓûêΓûêΓûêΓûêΓûêΓûî    | 1667/3000 [06:38<06:04,  3.66it/s]
 56%|ΓûêΓûêΓûêΓûêΓûêΓûî    | 1668/3000 [06:39<05:35,  3.97it/s]
 56%|ΓûêΓûêΓûêΓûêΓûêΓûî    | 1669/3000 [06:39<05:13,  4.24it/s]
 56%|ΓûêΓûêΓûêΓûêΓûêΓûî    | 1670/3000 [06:39<06:14,  3.56it/s]
 56%|ΓûêΓûêΓûêΓûêΓûêΓûî    | 1671/3000 [06:39<05:50,  3.79it/s]
 56%|ΓûêΓûêΓûêΓûêΓûêΓûî    | 1672/3000 [06:40<05:23,  4.11it/s]
 56%|ΓûêΓûêΓûêΓûêΓûêΓûî    | 1673/3000 [06:40<04:58,  4.44it/s]
 56%|ΓûêΓûêΓûêΓûêΓûêΓûî    | 1674/3000 [06:40<04:42,  4.69it/s]
 56%|ΓûêΓûêΓûêΓûêΓûêΓûî    | 1675/3000 [06:40<05:28,  4.03it/s]
 56%|ΓûêΓûêΓûêΓûêΓûêΓûî    | 1676/3000 [06:40<05:02,  4.38it/s]
 56%|ΓûêΓûêΓûêΓûêΓûêΓûî    | 1677/3000 [06:41<05:22,  4.10it/s]
 56%|ΓûêΓûêΓûêΓûêΓûêΓûî    | 1678/3000 [06:41<05:00,  4.40it/s]
 56%|ΓûêΓûêΓûêΓûêΓûêΓûî    | 1679/3000 [06:41<04:43,  4.66it/s]
 56%|ΓûêΓûêΓûêΓûêΓûêΓûî    | 1680/3000 [06:41<04:46,  4.60it/s]
 56%|ΓûêΓûêΓûêΓûêΓûêΓûî    | 1681/3000 [06:42<04:54,  4.48it/s]
 56%|ΓûêΓûêΓûêΓûêΓûêΓûî    | 1682/3000 [06:42<04:37,  4.76it/s]
 56%|ΓûêΓûêΓûêΓûêΓûêΓûî    | 1683/3000 [06:42<04:26,  4.95it/s]
 56%|ΓûêΓûêΓûêΓûêΓûêΓûî    | 1684/3000 [06:42<04:13,  5.19it/s]
 56%|ΓûêΓûêΓûêΓûêΓûêΓûî    | 1685/3000 [06:42<04:27,  4.92it/s]
 56%|ΓûêΓûêΓûêΓûêΓûêΓûî    | 1686/3000 [06:43<04:52,  4.49it/s]
 56%|ΓûêΓûêΓûêΓûêΓûêΓûî    | 1687/3000 [06:43<04:30,  4.85it/s]
 56%|ΓûêΓûêΓûêΓûêΓûêΓûï    | 1688/3000 [06:43<05:01,  4.35it/s]
 56%|ΓûêΓûêΓûêΓûêΓûêΓûï    | 1689/3000 [06:43<06:18,  3.46it/s]
 56%|ΓûêΓûêΓûêΓûêΓûêΓûï    | 1690/3000 [06:44<05:27,  4.00it/s]
 56%|ΓûêΓûêΓûêΓûêΓûêΓûï    | 1691/3000 [06:44<05:30,  3.96it/s]
 56%|ΓûêΓûêΓûêΓûêΓûêΓûï    | 1692/3000 [06:44<04:53,  4.45it/s]
 56%|ΓûêΓûêΓûêΓûêΓûêΓûï    | 1693/3000 [06:44<04:50,  4.50it/s]
 56%|ΓûêΓûêΓûêΓûêΓûêΓûï    | 1694/3000 [06:45<05:17,  4.11it/s]
 56%|ΓûêΓûêΓûêΓûêΓûêΓûï    | 1695/3000 [06:45<04:45,  4.57it/s]
 57%|ΓûêΓûêΓûêΓûêΓûêΓûï    | 1696/3000 [06:45<05:39,  3.84it/s]
 57%|ΓûêΓûêΓûêΓûêΓûêΓûï    | 1697/3000 [06:45<04:59,  4.35it/s]
 57%|ΓûêΓûêΓûêΓûêΓûêΓûï    | 1698/3000 [06:46<05:34,  3.90it/s]
 57%|ΓûêΓûêΓûêΓûêΓûêΓûï    | 1699/3000 [06:46<06:04,  3.57it/s]
 57%|ΓûêΓûêΓûêΓûêΓûêΓûï    | 1700/3000 [06:46<05:42,  3.80it/s]
 57%|ΓûêΓûêΓûêΓûêΓûêΓûï    | 1701/3000 [06:46<05:06,  4.24it/s]
 57%|ΓûêΓûêΓûêΓûêΓûêΓûï    | 1702/3000 [06:46<04:37,  4.67it/s]
 57%|ΓûêΓûêΓûêΓûêΓûêΓûï    | 1703/3000 [06:47<04:25,  4.88it/s]
 57%|ΓûêΓûêΓûêΓûêΓûêΓûï    | 1704/3000 [06:47<04:26,  4.86it/s]
 57%|ΓûêΓûêΓûêΓûêΓûêΓûï    | 1705/3000 [06:47<05:06,  4.22it/s]
 57%|ΓûêΓûêΓûêΓûêΓûêΓûï    | 1706/3000 [06:47<04:46,  4.52it/s]
 57%|ΓûêΓûêΓûêΓûêΓûêΓûï    | 1707/3000 [06:48<05:28,  3.94it/s]
 57%|ΓûêΓûêΓûêΓûêΓûêΓûï    | 1708/3000 [06:48<06:20,  3.40it/s]
 57%|ΓûêΓûêΓûêΓûêΓûêΓûï    | 1709/3000 [06:48<06:18,  3.41it/s]
 57%|ΓûêΓûêΓûêΓûêΓûêΓûï    | 1710/3000 [06:48<05:27,  3.94it/s]
 57%|ΓûêΓûêΓûêΓûêΓûêΓûï    | 1711/3000 [06:49<04:53,  4.39it/s]
 57%|ΓûêΓûêΓûêΓûêΓûêΓûï    | 1712/3000 [06:49<04:35,  4.68it/s]
 57%|ΓûêΓûêΓûêΓûêΓûêΓûï    | 1713/3000 [06:49<04:54,  4.37it/s]
 57%|ΓûêΓûêΓûêΓûêΓûêΓûï    | 1714/3000 [06:49<05:38,  3.80it/s]
 57%|ΓûêΓûêΓûêΓûêΓûêΓûï    | 1715/3000 [06:50<05:45,  3.72it/s]
 57%|ΓûêΓûêΓûêΓûêΓûêΓûï    | 1716/3000 [06:50<05:38,  3.79it/s]
 57%|ΓûêΓûêΓûêΓûêΓûêΓûï    | 1717/3000 [06:50<05:59,  3.57it/s]
 57%|ΓûêΓûêΓûêΓûêΓûêΓûï    | 1718/3000 [06:50<05:27,  3.91it/s]
 57%|ΓûêΓûêΓûêΓûêΓûêΓûï    | 1719/3000 [06:51<04:58,  4.29it/s]
 57%|ΓûêΓûêΓûêΓûêΓûêΓûï    | 1720/3000 [06:51<04:32,  4.69it/s]
 57%|ΓûêΓûêΓûêΓûêΓûêΓûï    | 1721/3000 [06:51<04:28,  4.76it/s]
 57%|ΓûêΓûêΓûêΓûêΓûêΓûï    | 1722/3000 [06:51<04:24,  4.83it/s]
 57%|ΓûêΓûêΓûêΓûêΓûêΓûï    | 1723/3000 [06:52<06:11,  3.44it/s]
 57%|ΓûêΓûêΓûêΓûêΓûêΓûï    | 1724/3000 [06:52<05:35,  3.80it/s]
 57%|ΓûêΓûêΓûêΓûêΓûêΓûè    | 1725/3000 [06:52<05:35,  3.80it/s]
 58%|ΓûêΓûêΓûêΓûêΓûêΓûè    | 1726/3000 [06:52<05:34,  3.81it/s]
 58%|ΓûêΓûêΓûêΓûêΓûêΓûè    | 1727/3000 [06:53<04:55,  4.31it/s]
 58%|ΓûêΓûêΓûêΓûêΓûêΓûè    | 1728/3000 [06:53<04:31,  4.68it/s]
 58%|ΓûêΓûêΓûêΓûêΓûêΓûè    | 1729/3000 [06:53<04:40,  4.53it/s]
 58%|ΓûêΓûêΓûêΓûêΓûêΓûè    | 1730/3000 [06:53<04:41,  4.52it/s]
 58%|ΓûêΓûêΓûêΓûêΓûêΓûè    | 1731/3000 [06:53<04:19,  4.88it/s]
 58%|ΓûêΓûêΓûêΓûêΓûêΓûè    | 1732/3000 [06:54<04:56,  4.28it/s]
 58%|ΓûêΓûêΓûêΓûêΓûêΓûè    | 1733/3000 [06:54<04:27,  4.74it/s]
 58%|ΓûêΓûêΓûêΓûêΓûêΓûè    | 1734/3000 [06:54<04:06,  5.13it/s]
 58%|ΓûêΓûêΓûêΓûêΓûêΓûè    | 1735/3000 [06:54<04:54,  4.30it/s]
 58%|ΓûêΓûêΓûêΓûêΓûêΓûè    | 1736/3000 [06:55<05:20,  3.95it/s]
 58%|ΓûêΓûêΓûêΓûêΓûêΓûè    | 1737/3000 [06:55<04:43,  4.45it/s]
 58%|ΓûêΓûêΓûêΓûêΓûêΓûè    | 1738/3000 [06:55<05:26,  3.86it/s]
 58%|ΓûêΓûêΓûêΓûêΓûêΓûè    | 1739/3000 [06:55<05:50,  3.60it/s]
 58%|ΓûêΓûêΓûêΓûêΓûêΓûè    | 1740/3000 [06:56<05:35,  3.76it/s]
 58%|ΓûêΓûêΓûêΓûêΓûêΓûè    | 1741/3000 [06:56<06:02,  3.47it/s]
 58%|ΓûêΓûêΓûêΓûêΓûêΓûè    | 1742/3000 [06:56<05:20,  3.92it/s]
 58%|ΓûêΓûêΓûêΓûêΓûêΓûè    | 1743/3000 [06:57<05:30,  3.80it/s]
 58%|ΓûêΓûêΓûêΓûêΓûêΓûè    | 1744/3000 [06:57<05:27,  3.83it/s]
 58%|ΓûêΓûêΓûêΓûêΓûêΓûè    | 1745/3000 [06:57<04:53,  4.28it/s]
 58%|ΓûêΓûêΓûêΓûêΓûêΓûè    | 1746/3000 [06:57<05:10,  4.03it/s]
 58%|ΓûêΓûêΓûêΓûêΓûêΓûè    | 1747/3000 [06:58<05:58,  3.49it/s]
 58%|ΓûêΓûêΓûêΓûêΓûêΓûè    | 1748/3000 [06:58<05:21,  3.89it/s]
 58%|ΓûêΓûêΓûêΓûêΓûêΓûè    | 1749/3000 [06:58<05:14,  3.97it/s]
 58%|ΓûêΓûêΓûêΓûêΓûêΓûè    | 1750/3000 [06:58<05:50,  3.57it/s]
 58%|ΓûêΓûêΓûêΓûêΓûêΓûè    | 1751/3000 [06:59<06:00,  3.47it/s]
 58%|ΓûêΓûêΓûêΓûêΓûêΓûè    | 1752/3000 [06:59<05:16,  3.94it/s]
 58%|ΓûêΓûêΓûêΓûêΓûêΓûè    | 1753/3000 [06:59<04:44,  4.38it/s]
 58%|ΓûêΓûêΓûêΓûêΓûêΓûè    | 1754/3000 [06:59<05:24,  3.83it/s]
 58%|ΓûêΓûêΓûêΓûêΓûêΓûè    | 1755/3000 [07:00<05:36,  3.70it/s]
 59%|ΓûêΓûêΓûêΓûêΓûêΓûè    | 1756/3000 [07:00<05:59,  3.46it/s]
 59%|ΓûêΓûêΓûêΓûêΓûêΓûè    | 1757/3000 [07:00<06:38,  3.12it/s]
 59%|ΓûêΓûêΓûêΓûêΓûêΓûè    | 1758/3000 [07:01<06:32,  3.17it/s]
 59%|ΓûêΓûêΓûêΓûêΓûêΓûè    | 1759/3000 [07:01<05:47,  3.57it/s]
 59%|ΓûêΓûêΓûêΓûêΓûêΓûè    | 1760/3000 [07:01<05:52,  3.51it/s]
 59%|ΓûêΓûêΓûêΓûêΓûêΓûè    | 1761/3000 [07:01<05:08,  4.02it/s]
 59%|ΓûêΓûêΓûêΓûêΓûêΓûè    | 1762/3000 [07:02<04:39,  4.42it/s]
 59%|ΓûêΓûêΓûêΓûêΓûêΓûë    | 1763/3000 [07:02<05:01,  4.11it/s]
 59%|ΓûêΓûêΓûêΓûêΓûêΓûë    | 1764/3000 [07:02<06:16,  3.28it/s]
 59%|ΓûêΓûêΓûêΓûêΓûêΓûë    | 1765/3000 [07:02<05:33,  3.70it/s]
 59%|ΓûêΓûêΓûêΓûêΓûêΓûë    | 1766/3000 [07:03<06:05,  3.37it/s]
 59%|ΓûêΓûêΓûêΓûêΓûêΓûë    | 1767/3000 [07:03<05:25,  3.79it/s]
 59%|ΓûêΓûêΓûêΓûêΓûêΓûë    | 1768/3000 [07:03<04:54,  4.18it/s]
 59%|ΓûêΓûêΓûêΓûêΓûêΓûë    | 1769/3000 [07:03<04:33,  4.51it/s]
 59%|ΓûêΓûêΓûêΓûêΓûêΓûë    | 1770/3000 [07:04<04:39,  4.40it/s]
 59%|ΓûêΓûêΓûêΓûêΓûêΓûë    | 1771/3000 [07:04<04:45,  4.30it/s]
 59%|ΓûêΓûêΓûêΓûêΓûêΓûë    | 1772/3000 [07:04<04:42,  4.34it/s]
 59%|ΓûêΓûêΓûêΓûêΓûêΓûë    | 1773/3000 [07:04<05:02,  4.05it/s]
 59%|ΓûêΓûêΓûêΓûêΓûêΓûë    | 1774/3000 [07:05<04:33,  4.49it/s]
 59%|ΓûêΓûêΓûêΓûêΓûêΓûë    | 1775/3000 [07:05<04:37,  4.41it/s]
 59%|ΓûêΓûêΓûêΓûêΓûêΓûë    | 1776/3000 [07:05<04:51,  4.20it/s]
 59%|ΓûêΓûêΓûêΓûêΓûêΓûë    | 1777/3000 [07:05<05:01,  4.06it/s]
 59%|ΓûêΓûêΓûêΓûêΓûêΓûë    | 1778/3000 [07:06<05:03,  4.03it/s]
 59%|ΓûêΓûêΓûêΓûêΓûêΓûë    | 1779/3000 [07:06<04:30,  4.51it/s]
 59%|ΓûêΓûêΓûêΓûêΓûêΓûë    | 1780/3000 [07:06<04:30,  4.50it/s]
 59%|ΓûêΓûêΓûêΓûêΓûêΓûë    | 1781/3000 [07:06<04:10,  4.87it/s]
 59%|ΓûêΓûêΓûêΓûêΓûêΓûë    | 1782/3000 [07:06<04:59,  4.06it/s]
 59%|ΓûêΓûêΓûêΓûêΓûêΓûë    | 1783/3000 [07:07<04:38,  4.36it/s]
 59%|ΓûêΓûêΓûêΓûêΓûêΓûë    | 1784/3000 [07:07<04:52,  4.16it/s]
 60%|ΓûêΓûêΓûêΓûêΓûêΓûë    | 1785/3000 [07:07<04:55,  4.11it/s]
 60%|ΓûêΓûêΓûêΓûêΓûêΓûë    | 1786/3000 [07:07<04:34,  4.42it/s]
 60%|ΓûêΓûêΓûêΓûêΓûêΓûë    | 1787/3000 [07:08<05:27,  3.71it/s]
 60%|ΓûêΓûêΓûêΓûêΓûêΓûë    | 1788/3000 [07:08<04:53,  4.12it/s]
 60%|ΓûêΓûêΓûêΓûêΓûêΓûë    | 1789/3000 [07:08<04:41,  4.31it/s]
 60%|ΓûêΓûêΓûêΓûêΓûêΓûë    | 1790/3000 [07:08<04:26,  4.55it/s]
 60%|ΓûêΓûêΓûêΓûêΓûêΓûë    | 1791/3000 [07:08<04:12,  4.78it/s]
 60%|ΓûêΓûêΓûêΓûêΓûêΓûë    | 1792/3000 [07:09<04:01,  5.00it/s]
 60%|ΓûêΓûêΓûêΓûêΓûêΓûë    | 1793/3000 [07:09<04:17,  4.68it/s]
 60%|ΓûêΓûêΓûêΓûêΓûêΓûë    | 1794/3000 [07:09<04:55,  4.08it/s]
 60%|ΓûêΓûêΓûêΓûêΓûêΓûë    | 1795/3000 [07:10<06:19,  3.17it/s]
 60%|ΓûêΓûêΓûêΓûêΓûêΓûë    | 1796/3000 [07:10<06:14,  3.22it/s]
 60%|ΓûêΓûêΓûêΓûêΓûêΓûë    | 1797/3000 [07:10<05:35,  3.59it/s]
 60%|ΓûêΓûêΓûêΓûêΓûêΓûë    | 1798/3000 [07:11<06:52,  2.92it/s]
 60%|ΓûêΓûêΓûêΓûêΓûêΓûë    | 1799/3000 [07:11<06:37,  3.02it/s]
 60%|ΓûêΓûêΓûêΓûêΓûêΓûê    | 1800/3000 [07:11<05:42,  3.50it/s]
 60%|ΓûêΓûêΓûêΓûêΓûêΓûê    | 1801/3000 [07:12<06:42,  2.98it/s]
 60%|ΓûêΓûêΓûêΓûêΓûêΓûê    | 1802/3000 [07:12<07:14,  2.76it/s]
 60%|ΓûêΓûêΓûêΓûêΓûêΓûê    | 1803/3000 [07:12<06:56,  2.88it/s]
 60%|ΓûêΓûêΓûêΓûêΓûêΓûê    | 1804/3000 [07:13<06:18,  3.16it/s]
 60%|ΓûêΓûêΓûêΓûêΓûêΓûê    | 1805/3000 [07:13<05:21,  3.72it/s]
 60%|ΓûêΓûêΓûêΓûêΓûêΓûê    | 1806/3000 [07:13<04:39,  4.27it/s]
 60%|ΓûêΓûêΓûêΓûêΓûêΓûê    | 1807/3000 [07:13<04:20,  4.58it/s]
 60%|ΓûêΓûêΓûêΓûêΓûêΓûê    | 1808/3000 [07:13<04:03,  4.90it/s]
 60%|ΓûêΓûêΓûêΓûêΓûêΓûê    | 1809/3000 [07:14<04:44,  4.18it/s]
 60%|ΓûêΓûêΓûêΓûêΓûêΓûê    | 1810/3000 [07:14<04:47,  4.14it/s]
 60%|ΓûêΓûêΓûêΓûêΓûêΓûê    | 1811/3000 [07:14<04:40,  4.24it/s]
 60%|ΓûêΓûêΓûêΓûêΓûêΓûê    | 1812/3000 [07:14<04:45,  4.17it/s]
 60%|ΓûêΓûêΓûêΓûêΓûêΓûê    | 1813/3000 [07:15<04:59,  3.96it/s]
 60%|ΓûêΓûêΓûêΓûêΓûêΓûê    | 1814/3000 [07:15<05:01,  3.93it/s]
 60%|ΓûêΓûêΓûêΓûêΓûêΓûê    | 1815/3000 [07:15<04:22,  4.51it/s]
 61%|ΓûêΓûêΓûêΓûêΓûêΓûê    | 1816/3000 [07:15<04:54,  4.02it/s]
 61%|ΓûêΓûêΓûêΓûêΓûêΓûê    | 1817/3000 [07:15<04:20,  4.55it/s]
 61%|ΓûêΓûêΓûêΓûêΓûêΓûê    | 1818/3000 [07:16<04:07,  4.77it/s]
 61%|ΓûêΓûêΓûêΓûêΓûêΓûê    | 1819/3000 [07:16<03:50,  5.12it/s]
 61%|ΓûêΓûêΓûêΓûêΓûêΓûê    | 1820/3000 [07:16<04:45,  4.14it/s]
 61%|ΓûêΓûêΓûêΓûêΓûêΓûê    | 1821/3000 [07:16<04:29,  4.38it/s]
 61%|ΓûêΓûêΓûêΓûêΓûêΓûê    | 1822/3000 [07:17<04:29,  4.36it/s]
 61%|ΓûêΓûêΓûêΓûêΓûêΓûê    | 1823/3000 [07:17<04:06,  4.78it/s]
 61%|ΓûêΓûêΓûêΓûêΓûêΓûê    | 1824/3000 [07:17<04:13,  4.65it/s]
 61%|ΓûêΓûêΓûêΓûêΓûêΓûê    | 1825/3000 [07:17<04:17,  4.57it/s]
 61%|ΓûêΓûêΓûêΓûêΓûêΓûê    | 1826/3000 [07:17<04:39,  4.20it/s]
 61%|ΓûêΓûêΓûêΓûêΓûêΓûê    | 1827/3000 [07:18<04:07,  4.74it/s]
 61%|ΓûêΓûêΓûêΓûêΓûêΓûê    | 1828/3000 [07:18<03:46,  5.18it/s]
 61%|ΓûêΓûêΓûêΓûêΓûêΓûê    | 1829/3000 [07:18<03:45,  5.19it/s]
 61%|ΓûêΓûêΓûêΓûêΓûêΓûê    | 1830/3000 [07:18<04:04,  4.79it/s]
 61%|ΓûêΓûêΓûêΓûêΓûêΓûê    | 1831/3000 [07:18<04:19,  4.50it/s]
 61%|ΓûêΓûêΓûêΓûêΓûêΓûê    | 1832/3000 [07:19<05:25,  3.59it/s]
 61%|ΓûêΓûêΓûêΓûêΓûêΓûê    | 1833/3000 [07:19<05:46,  3.37it/s]
 61%|ΓûêΓûêΓûêΓûêΓûêΓûê    | 1834/3000 [07:20<05:54,  3.29it/s]
 61%|ΓûêΓûêΓûêΓûêΓûêΓûê    | 1835/3000 [07:20<06:20,  3.06it/s]
 61%|ΓûêΓûêΓûêΓûêΓûêΓûê    | 1836/3000 [07:20<05:37,  3.45it/s]
 61%|ΓûêΓûêΓûêΓûêΓûêΓûê    | 1837/3000 [07:20<05:03,  3.84it/s]
 61%|ΓûêΓûêΓûêΓûêΓûêΓûêΓûÅ   | 1838/3000 [07:21<04:51,  3.98it/s]
 61%|ΓûêΓûêΓûêΓûêΓûêΓûêΓûÅ   | 1839/3000 [07:21<04:14,  4.56it/s]
 61%|ΓûêΓûêΓûêΓûêΓûêΓûêΓûÅ   | 1840/3000 [07:21<04:12,  4.59it/s]
 61%|ΓûêΓûêΓûêΓûêΓûêΓûêΓûÅ   | 1841/3000 [07:21<04:43,  4.09it/s]
 61%|ΓûêΓûêΓûêΓûêΓûêΓûêΓûÅ   | 1842/3000 [07:21<04:22,  4.40it/s]
 61%|ΓûêΓûêΓûêΓûêΓûêΓûêΓûÅ   | 1843/3000 [07:22<03:57,  4.88it/s]
 61%|ΓûêΓûêΓûêΓûêΓûêΓûêΓûÅ   | 1844/3000 [07:22<03:42,  5.19it/s]
 62%|ΓûêΓûêΓûêΓûêΓûêΓûêΓûÅ   | 1845/3000 [07:22<04:04,  4.72it/s]
 62%|ΓûêΓûêΓûêΓûêΓûêΓûêΓûÅ   | 1846/3000 [07:22<03:43,  5.16it/s]
 62%|ΓûêΓûêΓûêΓûêΓûêΓûêΓûÅ   | 1847/3000 [07:22<03:52,  4.95it/s]
 62%|ΓûêΓûêΓûêΓûêΓûêΓûêΓûÅ   | 1848/3000 [07:22<03:43,  5.15it/s]
 62%|ΓûêΓûêΓûêΓûêΓûêΓûêΓûÅ   | 1849/3000 [07:23<04:25,  4.33it/s]
 62%|ΓûêΓûêΓûêΓûêΓûêΓûêΓûÅ   | 1850/3000 [07:23<03:57,  4.84it/s]
 62%|ΓûêΓûêΓûêΓûêΓûêΓûêΓûÅ   | 1851/3000 [07:23<04:26,  4.30it/s]
 62%|ΓûêΓûêΓûêΓûêΓûêΓûêΓûÅ   | 1852/3000 [07:23<04:21,  4.39it/s]
 62%|ΓûêΓûêΓûêΓûêΓûêΓûêΓûÅ   | 1853/3000 [07:24<04:55,  3.88it/s]
 62%|ΓûêΓûêΓûêΓûêΓûêΓûêΓûÅ   | 1854/3000 [07:24<04:16,  4.47it/s]
 62%|ΓûêΓûêΓûêΓûêΓûêΓûêΓûÅ   | 1855/3000 [07:24<04:11,  4.56it/s]
 62%|ΓûêΓûêΓûêΓûêΓûêΓûêΓûÅ   | 1856/3000 [07:24<03:47,  5.04it/s]
 62%|ΓûêΓûêΓûêΓûêΓûêΓûêΓûÅ   | 1857/3000 [07:25<03:59,  4.77it/s]
 62%|ΓûêΓûêΓûêΓûêΓûêΓûêΓûÅ   | 1858/3000 [07:25<05:02,  3.78it/s]
 62%|ΓûêΓûêΓûêΓûêΓûêΓûêΓûÅ   | 1859/3000 [07:25<04:47,  3.97it/s]
 62%|ΓûêΓûêΓûêΓûêΓûêΓûêΓûÅ   | 1860/3000 [07:26<05:36,  3.39it/s]
 62%|ΓûêΓûêΓûêΓûêΓûêΓûêΓûÅ   | 1861/3000 [07:26<04:57,  3.83it/s]
 62%|ΓûêΓûêΓûêΓûêΓûêΓûêΓûÅ   | 1862/3000 [07:26<04:16,  4.43it/s]
 62%|ΓûêΓûêΓûêΓûêΓûêΓûêΓûÅ   | 1863/3000 [07:26<04:02,  4.68it/s]
 62%|ΓûêΓûêΓûêΓûêΓûêΓûêΓûÅ   | 1864/3000 [07:26<04:38,  4.08it/s]
 62%|ΓûêΓûêΓûêΓûêΓûêΓûêΓûÅ   | 1865/3000 [07:27<05:35,  3.39it/s]
 62%|ΓûêΓûêΓûêΓûêΓûêΓûêΓûÅ   | 1866/3000 [07:27<05:37,  3.36it/s]
 62%|ΓûêΓûêΓûêΓûêΓûêΓûêΓûÅ   | 1867/3000 [07:27<05:08,  3.67it/s]
 62%|ΓûêΓûêΓûêΓûêΓûêΓûêΓûÅ   | 1868/3000 [07:28<05:04,  3.72it/s]
 62%|ΓûêΓûêΓûêΓûêΓûêΓûêΓûÅ   | 1869/3000 [07:28<04:49,  3.91it/s]
 62%|ΓûêΓûêΓûêΓûêΓûêΓûêΓûÅ   | 1870/3000 [07:28<04:12,  4.48it/s]
 62%|ΓûêΓûêΓûêΓûêΓûêΓûêΓûÅ   | 1871/3000 [07:28<03:48,  4.95it/s]
 62%|ΓûêΓûêΓûêΓûêΓûêΓûêΓûÅ   | 1872/3000 [07:28<04:09,  4.53it/s]
 62%|ΓûêΓûêΓûêΓûêΓûêΓûêΓûÅ   | 1873/3000 [07:29<04:14,  4.42it/s]
 62%|ΓûêΓûêΓûêΓûêΓûêΓûêΓûÅ   | 1874/3000 [07:29<03:48,  4.92it/s]
 62%|ΓûêΓûêΓûêΓûêΓûêΓûêΓûÄ   | 1875/3000 [07:29<03:57,  4.74it/s]
 63%|ΓûêΓûêΓûêΓûêΓûêΓûêΓûÄ   | 1876/3000 [07:29<04:35,  4.08it/s]
 63%|ΓûêΓûêΓûêΓûêΓûêΓûêΓûÄ   | 1877/3000 [07:29<04:12,  4.44it/s]
 63%|ΓûêΓûêΓûêΓûêΓûêΓûêΓûÄ   | 1878/3000 [07:30<04:16,  4.37it/s]
 63%|ΓûêΓûêΓûêΓûêΓûêΓûêΓûÄ   | 1879/3000 [07:30<03:49,  4.89it/s]
 63%|ΓûêΓûêΓûêΓûêΓûêΓûêΓûÄ   | 1880/3000 [07:30<04:02,  4.62it/s]
 63%|ΓûêΓûêΓûêΓûêΓûêΓûêΓûÄ   | 1881/3000 [07:30<03:43,  5.00it/s]
 63%|ΓûêΓûêΓûêΓûêΓûêΓûêΓûÄ   | 1882/3000 [07:31<03:54,  4.77it/s]
 63%|ΓûêΓûêΓûêΓûêΓûêΓûêΓûÄ   | 1883/3000 [07:31<03:55,  4.75it/s]
 63%|ΓûêΓûêΓûêΓûêΓûêΓûêΓûÄ   | 1884/3000 [07:31<03:40,  5.07it/s]
 63%|ΓûêΓûêΓûêΓûêΓûêΓûêΓûÄ   | 1885/3000 [07:31<03:46,  4.91it/s]
 63%|ΓûêΓûêΓûêΓûêΓûêΓûêΓûÄ   | 1886/3000 [07:31<03:32,  5.23it/s]
 63%|ΓûêΓûêΓûêΓûêΓûêΓûêΓûÄ   | 1887/3000 [07:31<03:39,  5.06it/s]
 63%|ΓûêΓûêΓûêΓûêΓûêΓûêΓûÄ   | 1888/3000 [07:32<03:35,  5.15it/s]
 63%|ΓûêΓûêΓûêΓûêΓûêΓûêΓûÄ   | 1889/3000 [07:32<03:21,  5.50it/s]
 63%|ΓûêΓûêΓûêΓûêΓûêΓûêΓûÄ   | 1890/3000 [07:32<03:32,  5.21it/s]
 63%|ΓûêΓûêΓûêΓûêΓûêΓûêΓûÄ   | 1891/3000 [07:32<04:08,  4.46it/s]
 63%|ΓûêΓûêΓûêΓûêΓûêΓûêΓûÄ   | 1892/3000 [07:32<03:43,  4.95it/s]
 63%|ΓûêΓûêΓûêΓûêΓûêΓûêΓûÄ   | 1893/3000 [07:33<05:40,  3.26it/s]
 63%|ΓûêΓûêΓûêΓûêΓûêΓûêΓûÄ   | 1894/3000 [07:33<06:19,  2.91it/s]
 63%|ΓûêΓûêΓûêΓûêΓûêΓûêΓûÄ   | 1895/3000 [07:34<05:50,  3.16it/s]
 63%|ΓûêΓûêΓûêΓûêΓûêΓûêΓûÄ   | 1896/3000 [07:34<05:45,  3.20it/s]
 63%|ΓûêΓûêΓûêΓûêΓûêΓûêΓûÄ   | 1897/3000 [07:34<04:51,  3.79it/s]
 63%|ΓûêΓûêΓûêΓûêΓûêΓûêΓûÄ   | 1898/3000 [07:34<04:49,  3.81it/s]
 63%|ΓûêΓûêΓûêΓûêΓûêΓûêΓûÄ   | 1899/3000 [07:35<04:13,  4.34it/s]
 63%|ΓûêΓûêΓûêΓûêΓûêΓûêΓûÄ   | 1900/3000 [07:35<04:36,  3.98it/s]
 63%|ΓûêΓûêΓûêΓûêΓûêΓûêΓûÄ   | 1901/3000 [07:35<04:02,  4.52it/s]
 63%|ΓûêΓûêΓûêΓûêΓûêΓûêΓûÄ   | 1902/3000 [07:35<04:31,  4.04it/s]
 63%|ΓûêΓûêΓûêΓûêΓûêΓûêΓûÄ   | 1903/3000 [07:36<04:15,  4.29it/s]
 63%|ΓûêΓûêΓûêΓûêΓûêΓûêΓûÄ   | 1904/3000 [07:36<03:57,  4.62it/s]
 64%|ΓûêΓûêΓûêΓûêΓûêΓûêΓûÄ   | 1905/3000 [07:36<03:39,  4.99it/s]
 64%|ΓûêΓûêΓûêΓûêΓûêΓûêΓûÄ   | 1906/3000 [07:36<04:02,  4.50it/s]
 64%|ΓûêΓûêΓûêΓûêΓûêΓûêΓûÄ   | 1907/3000 [07:36<04:10,  4.37it/s]
 64%|ΓûêΓûêΓûêΓûêΓûêΓûêΓûÄ   | 1908/3000 [07:37<04:04,  4.47it/s]
 64%|ΓûêΓûêΓûêΓûêΓûêΓûêΓûÄ   | 1909/3000 [07:37<04:06,  4.42it/s]
 64%|ΓûêΓûêΓûêΓûêΓûêΓûêΓûÄ   | 1910/3000 [07:37<03:50,  4.74it/s]
 64%|ΓûêΓûêΓûêΓûêΓûêΓûêΓûÄ   | 1911/3000 [07:37<04:29,  4.04it/s]
 64%|ΓûêΓûêΓûêΓûêΓûêΓûêΓûÄ   | 1912/3000 [07:38<04:08,  4.38it/s]
 64%|ΓûêΓûêΓûêΓûêΓûêΓûêΓûì   | 1913/3000 [07:38<03:44,  4.84it/s]
 64%|ΓûêΓûêΓûêΓûêΓûêΓûêΓûì   | 1914/3000 [07:38<04:15,  4.25it/s]
 64%|ΓûêΓûêΓûêΓûêΓûêΓûêΓûì   | 1915/3000 [07:38<03:59,  4.54it/s]
 64%|ΓûêΓûêΓûêΓûêΓûêΓûêΓûì   | 1916/3000 [07:38<04:05,  4.42it/s]
 64%|ΓûêΓûêΓûêΓûêΓûêΓûêΓûì   | 1917/3000 [07:39<04:19,  4.17it/s]
 64%|ΓûêΓûêΓûêΓûêΓûêΓûêΓûì   | 1918/3000 [07:39<03:56,  4.58it/s]
 64%|ΓûêΓûêΓûêΓûêΓûêΓûêΓûì   | 1919/3000 [07:39<03:44,  4.82it/s]
 64%|ΓûêΓûêΓûêΓûêΓûêΓûêΓûì   | 1920/3000 [07:39<03:52,  4.65it/s]
 64%|ΓûêΓûêΓûêΓûêΓûêΓûêΓûì   | 1921/3000 [07:40<06:25,  2.80it/s]
 64%|ΓûêΓûêΓûêΓûêΓûêΓûêΓûì   | 1922/3000 [07:41<07:37,  2.36it/s]
 64%|ΓûêΓûêΓûêΓûêΓûêΓûêΓûì   | 1923/3000 [07:41<08:58,  2.00it/s]
 64%|ΓûêΓûêΓûêΓûêΓûêΓûêΓûì   | 1924/3000 [07:42<09:17,  1.93it/s]
 64%|ΓûêΓûêΓûêΓûêΓûêΓûêΓûì   | 1925/3000 [07:42<08:29,  2.11it/s]
 64%|ΓûêΓûêΓûêΓûêΓûêΓûêΓûì   | 1926/3000 [07:42<07:35,  2.36it/s]
 64%|ΓûêΓûêΓûêΓûêΓûêΓûêΓûì   | 1927/3000 [07:43<07:06,  2.51it/s]
 64%|ΓûêΓûêΓûêΓûêΓûêΓûêΓûì   | 1928/3000 [07:43<07:26,  2.40it/s]
 64%|ΓûêΓûêΓûêΓûêΓûêΓûêΓûì   | 1929/3000 [07:43<06:20,  2.81it/s]
 64%|ΓûêΓûêΓûêΓûêΓûêΓûêΓûì   | 1930/3000 [07:44<05:43,  3.11it/s]
 64%|ΓûêΓûêΓûêΓûêΓûêΓûêΓûì   | 1931/3000 [07:44<06:09,  2.89it/s]
 64%|ΓûêΓûêΓûêΓûêΓûêΓûêΓûì   | 1932/3000 [07:44<05:54,  3.02it/s]
 64%|ΓûêΓûêΓûêΓûêΓûêΓûêΓûì   | 1933/3000 [07:45<05:30,  3.23it/s]
 64%|ΓûêΓûêΓûêΓûêΓûêΓûêΓûì   | 1934/3000 [07:45<04:54,  3.61it/s]
 64%|ΓûêΓûêΓûêΓûêΓûêΓûêΓûì   | 1935/3000 [07:45<04:18,  4.13it/s]
 65%|ΓûêΓûêΓûêΓûêΓûêΓûêΓûì   | 1936/3000 [07:45<03:59,  4.44it/s]
 65%|ΓûêΓûêΓûêΓûêΓûêΓûêΓûì   | 1937/3000 [07:46<05:03,  3.51it/s]
 65%|ΓûêΓûêΓûêΓûêΓûêΓûêΓûì   | 1938/3000 [07:46<04:34,  3.86it/s]
 65%|ΓûêΓûêΓûêΓûêΓûêΓûêΓûì   | 1939/3000 [07:46<04:46,  3.70it/s]
 65%|ΓûêΓûêΓûêΓûêΓûêΓûêΓûì   | 1940/3000 [07:46<04:24,  4.00it/s]
 65%|ΓûêΓûêΓûêΓûêΓûêΓûêΓûì   | 1941/3000 [07:47<05:01,  3.52it/s]
 65%|ΓûêΓûêΓûêΓûêΓûêΓûêΓûì   | 1942/3000 [07:47<04:49,  3.65it/s]
 65%|ΓûêΓûêΓûêΓûêΓûêΓûêΓûì   | 1943/3000 [07:48<06:19,  2.79it/s]
 65%|ΓûêΓûêΓûêΓûêΓûêΓûêΓûì   | 1944/3000 [07:48<05:23,  3.26it/s]
 65%|ΓûêΓûêΓûêΓûêΓûêΓûêΓûì   | 1945/3000 [07:48<05:00,  3.51it/s]
 65%|ΓûêΓûêΓûêΓûêΓûêΓûêΓûì   | 1946/3000 [07:48<04:22,  4.01it/s]
 65%|ΓûêΓûêΓûêΓûêΓûêΓûêΓûì   | 1947/3000 [07:48<04:13,  4.15it/s]
 65%|ΓûêΓûêΓûêΓûêΓûêΓûêΓûì   | 1948/3000 [07:49<04:52,  3.60it/s]
 65%|ΓûêΓûêΓûêΓûêΓûêΓûêΓûì   | 1949/3000 [07:49<05:04,  3.45it/s]
 65%|ΓûêΓûêΓûêΓûêΓûêΓûêΓûî   | 1950/3000 [07:49<04:53,  3.58it/s]
 65%|ΓûêΓûêΓûêΓûêΓûêΓûêΓûî   | 1951/3000 [07:50<05:02,  3.47it/s]
 65%|ΓûêΓûêΓûêΓûêΓûêΓûêΓûî   | 1952/3000 [07:50<05:05,  3.43it/s]
 65%|ΓûêΓûêΓûêΓûêΓûêΓûêΓûî   | 1953/3000 [07:50<04:49,  3.62it/s]
 65%|ΓûêΓûêΓûêΓûêΓûêΓûêΓûî   | 1954/3000 [07:50<04:51,  3.59it/s]
 65%|ΓûêΓûêΓûêΓûêΓûêΓûêΓûî   | 1955/3000 [07:51<04:56,  3.52it/s]
 65%|ΓûêΓûêΓûêΓûêΓûêΓûêΓûî   | 1956/3000 [07:51<04:53,  3.55it/s]
 65%|ΓûêΓûêΓûêΓûêΓûêΓûêΓûî   | 1957/3000 [07:51<04:26,  3.91it/s]
 65%|ΓûêΓûêΓûêΓûêΓûêΓûêΓûî   | 1958/3000 [07:51<04:34,  3.80it/s]
 65%|ΓûêΓûêΓûêΓûêΓûêΓûêΓûî   | 1959/3000 [07:52<04:08,  4.19it/s]
 65%|ΓûêΓûêΓûêΓûêΓûêΓûêΓûî   | 1960/3000 [07:52<03:45,  4.61it/s]
 65%|ΓûêΓûêΓûêΓûêΓûêΓûêΓûî   | 1961/3000 [07:52<03:52,  4.48it/s]
 65%|ΓûêΓûêΓûêΓûêΓûêΓûêΓûî   | 1962/3000 [07:52<04:07,  4.19it/s]
 65%|ΓûêΓûêΓûêΓûêΓûêΓûêΓûî   | 1963/3000 [07:53<05:20,  3.24it/s]
 65%|ΓûêΓûêΓûêΓûêΓûêΓûêΓûî   | 1964/3000 [07:53<04:35,  3.76it/s]
 66%|ΓûêΓûêΓûêΓûêΓûêΓûêΓûî   | 1965/3000 [07:53<04:44,  3.63it/s]
 66%|ΓûêΓûêΓûêΓûêΓûêΓûêΓûî   | 1966/3000 [07:53<04:31,  3.82it/s]
 66%|ΓûêΓûêΓûêΓûêΓûêΓûêΓûî   | 1967/3000 [07:54<04:23,  3.92it/s]
 66%|ΓûêΓûêΓûêΓûêΓûêΓûêΓûî   | 1968/3000 [07:54<04:40,  3.68it/s]
 66%|ΓûêΓûêΓûêΓûêΓûêΓûêΓûî   | 1969/3000 [07:54<04:49,  3.56it/s]
 66%|ΓûêΓûêΓûêΓûêΓûêΓûêΓûî   | 1970/3000 [07:55<04:23,  3.92it/s]
 66%|ΓûêΓûêΓûêΓûêΓûêΓûêΓûî   | 1971/3000 [07:55<04:29,  3.81it/s]
 66%|ΓûêΓûêΓûêΓûêΓûêΓûêΓûî   | 1972/3000 [07:55<03:58,  4.32it/s]
 66%|ΓûêΓûêΓûêΓûêΓûêΓûêΓûî   | 1973/3000 [07:55<03:53,  4.39it/s]
 66%|ΓûêΓûêΓûêΓûêΓûêΓûêΓûî   | 1974/3000 [07:56<04:42,  3.63it/s]
 66%|ΓûêΓûêΓûêΓûêΓûêΓûêΓûî   | 1975/3000 [07:56<04:17,  3.97it/s]
 66%|ΓûêΓûêΓûêΓûêΓûêΓûêΓûî   | 1976/3000 [07:56<04:33,  3.75it/s]
 66%|ΓûêΓûêΓûêΓûêΓûêΓûêΓûî   | 1977/3000 [07:56<04:06,  4.14it/s]
 66%|ΓûêΓûêΓûêΓûêΓûêΓûêΓûî   | 1978/3000 [07:56<03:43,  4.57it/s]
 66%|ΓûêΓûêΓûêΓûêΓûêΓûêΓûî   | 1979/3000 [07:57<03:46,  4.51it/s]
 66%|ΓûêΓûêΓûêΓûêΓûêΓûêΓûî   | 1980/3000 [07:57<03:32,  4.81it/s]
 66%|ΓûêΓûêΓûêΓûêΓûêΓûêΓûî   | 1981/3000 [07:57<03:24,  4.98it/s]
 66%|ΓûêΓûêΓûêΓûêΓûêΓûêΓûî   | 1982/3000 [07:57<03:39,  4.63it/s]
 66%|ΓûêΓûêΓûêΓûêΓûêΓûêΓûî   | 1983/3000 [07:58<05:46,  2.94it/s]
 66%|ΓûêΓûêΓûêΓûêΓûêΓûêΓûî   | 1984/3000 [07:58<04:50,  3.50it/s]
 66%|ΓûêΓûêΓûêΓûêΓûêΓûêΓûî   | 1985/3000 [07:58<04:13,  4.00it/s]
 66%|ΓûêΓûêΓûêΓûêΓûêΓûêΓûî   | 1986/3000 [07:58<04:16,  3.96it/s]
 66%|ΓûêΓûêΓûêΓûêΓûêΓûêΓûî   | 1987/3000 [07:59<03:50,  4.39it/s]
 66%|ΓûêΓûêΓûêΓûêΓûêΓûêΓûï   | 1988/3000 [07:59<03:44,  4.50it/s]
 66%|ΓûêΓûêΓûêΓûêΓûêΓûêΓûï   | 1989/3000 [07:59<04:02,  4.18it/s]
 66%|ΓûêΓûêΓûêΓûêΓûêΓûêΓûï   | 1990/3000 [07:59<03:37,  4.63it/s]
 66%|ΓûêΓûêΓûêΓûêΓûêΓûêΓûï   | 1991/3000 [07:59<03:20,  5.04it/s]
 66%|ΓûêΓûêΓûêΓûêΓûêΓûêΓûï   | 1992/3000 [08:00<03:51,  4.35it/s]
 66%|ΓûêΓûêΓûêΓûêΓûêΓûêΓûï   | 1993/3000 [08:00<03:44,  4.48it/s]
 66%|ΓûêΓûêΓûêΓûêΓûêΓûêΓûï   | 1994/3000 [08:00<03:35,  4.67it/s]
 66%|ΓûêΓûêΓûêΓûêΓûêΓûêΓûï   | 1995/3000 [08:00<03:23,  4.93it/s]
 67%|ΓûêΓûêΓûêΓûêΓûêΓûêΓûï   | 1996/3000 [08:01<03:22,  4.97it/s]
 67%|ΓûêΓûêΓûêΓûêΓûêΓûêΓûï   | 1997/3000 [08:01<03:21,  4.98it/s]
 67%|ΓûêΓûêΓûêΓûêΓûêΓûêΓûï   | 1998/3000 [08:01<03:19,  5.02it/s]
 67%|ΓûêΓûêΓûêΓûêΓûêΓûêΓûï   | 1999/3000 [08:01<03:30,  4.75it/s]
 67%|ΓûêΓûêΓûêΓûêΓûêΓûêΓûï   | 2000/3000 [08:01<03:39,  4.56it/s]
 67%|ΓûêΓûêΓûêΓûêΓûêΓûêΓûï   | 2001/3000 [08:02<04:09,  4.00it/s]
 67%|ΓûêΓûêΓûêΓûêΓûêΓûêΓûï   | 2002/3000 [08:02<04:03,  4.11it/s]
 67%|ΓûêΓûêΓûêΓûêΓûêΓûêΓûï   | 2003/3000 [08:02<04:17,  3.87it/s]
 67%|ΓûêΓûêΓûêΓûêΓûêΓûêΓûï   | 2004/3000 [08:02<04:14,  3.91it/s]
 67%|ΓûêΓûêΓûêΓûêΓûêΓûêΓûï   | 2005/3000 [08:03<04:06,  4.03it/s]
 67%|ΓûêΓûêΓûêΓûêΓûêΓûêΓûï   | 2006/3000 [08:03<03:47,  4.36it/s]
 67%|ΓûêΓûêΓûêΓûêΓûêΓûêΓûï   | 2007/3000 [08:03<03:33,  4.66it/s]
 67%|ΓûêΓûêΓûêΓûêΓûêΓûêΓûï   | 2008/3000 [08:03<04:10,  3.97it/s]
 67%|ΓûêΓûêΓûêΓûêΓûêΓûêΓûï   | 2009/3000 [08:04<04:22,  3.77it/s]
 67%|ΓûêΓûêΓûêΓûêΓûêΓûêΓûï   | 2010/3000 [08:04<04:55,  3.35it/s]
 67%|ΓûêΓûêΓûêΓûêΓûêΓûêΓûï   | 2011/3000 [08:04<04:36,  3.57it/s]
 67%|ΓûêΓûêΓûêΓûêΓûêΓûêΓûï   | 2012/3000 [08:04<04:00,  4.10it/s]
 67%|ΓûêΓûêΓûêΓûêΓûêΓûêΓûï   | 2013/3000 [08:05<03:36,  4.56it/s]
 67%|ΓûêΓûêΓûêΓûêΓûêΓûêΓûï   | 2014/3000 [08:05<03:27,  4.76it/s]
 67%|ΓûêΓûêΓûêΓûêΓûêΓûêΓûï   | 2015/3000 [08:05<03:15,  5.03it/s]
 67%|ΓûêΓûêΓûêΓûêΓûêΓûêΓûï   | 2016/3000 [08:05<03:31,  4.66it/s]
 67%|ΓûêΓûêΓûêΓûêΓûêΓûêΓûï   | 2017/3000 [08:05<03:15,  5.04it/s]
 67%|ΓûêΓûêΓûêΓûêΓûêΓûêΓûï   | 2018/3000 [08:06<03:37,  4.52it/s]
 67%|ΓûêΓûêΓûêΓûêΓûêΓûêΓûï   | 2019/3000 [08:06<04:13,  3.87it/s]
 67%|ΓûêΓûêΓûêΓûêΓûêΓûêΓûï   | 2020/3000 [08:06<03:43,  4.39it/s]
 67%|ΓûêΓûêΓûêΓûêΓûêΓûêΓûï   | 2021/3000 [08:07<05:19,  3.06it/s]
 67%|ΓûêΓûêΓûêΓûêΓûêΓûêΓûï   | 2022/3000 [08:07<04:49,  3.37it/s]
 67%|ΓûêΓûêΓûêΓûêΓûêΓûêΓûï   | 2023/3000 [08:07<04:12,  3.87it/s]
 67%|ΓûêΓûêΓûêΓûêΓûêΓûêΓûï   | 2024/3000 [08:07<04:16,  3.81it/s]
 68%|ΓûêΓûêΓûêΓûêΓûêΓûêΓûè   | 2025/3000 [08:08<04:51,  3.34it/s]
 68%|ΓûêΓûêΓûêΓûêΓûêΓûêΓûè   | 2026/3000 [08:08<04:22,  3.71it/s]
 68%|ΓûêΓûêΓûêΓûêΓûêΓûêΓûè   | 2027/3000 [08:08<03:54,  4.15it/s]
 68%|ΓûêΓûêΓûêΓûêΓûêΓûêΓûè   | 2028/3000 [08:08<04:12,  3.84it/s]
 68%|ΓûêΓûêΓûêΓûêΓûêΓûêΓûè   | 2029/3000 [08:09<03:48,  4.25it/s]
 68%|ΓûêΓûêΓûêΓûêΓûêΓûêΓûè   | 2030/3000 [08:09<03:58,  4.07it/s]
 68%|ΓûêΓûêΓûêΓûêΓûêΓûêΓûè   | 2031/3000 [08:09<03:41,  4.38it/s]
 68%|ΓûêΓûêΓûêΓûêΓûêΓûêΓûè   | 2032/3000 [08:09<03:27,  4.66it/s]
 68%|ΓûêΓûêΓûêΓûêΓûêΓûêΓûè   | 2033/3000 [08:09<03:22,  4.78it/s]
 68%|ΓûêΓûêΓûêΓûêΓûêΓûêΓûè   | 2034/3000 [08:10<03:43,  4.32it/s]
 68%|ΓûêΓûêΓûêΓûêΓûêΓûêΓûè   | 2035/3000 [08:10<04:00,  4.01it/s]
 68%|ΓûêΓûêΓûêΓûêΓûêΓûêΓûè   | 2036/3000 [08:10<03:36,  4.45it/s]
 68%|ΓûêΓûêΓûêΓûêΓûêΓûêΓûè   | 2037/3000 [08:10<03:40,  4.36it/s]
 68%|ΓûêΓûêΓûêΓûêΓûêΓûêΓûè   | 2038/3000 [08:11<03:49,  4.18it/s]
 68%|ΓûêΓûêΓûêΓûêΓûêΓûêΓûè   | 2039/3000 [08:11<04:10,  3.83it/s]
 68%|ΓûêΓûêΓûêΓûêΓûêΓûêΓûè   | 2040/3000 [08:11<03:49,  4.18it/s]
 68%|ΓûêΓûêΓûêΓûêΓûêΓûêΓûè   | 2041/3000 [08:11<03:53,  4.12it/s]
 68%|ΓûêΓûêΓûêΓûêΓûêΓûêΓûè   | 2042/3000 [08:12<04:02,  3.95it/s]
 68%|ΓûêΓûêΓûêΓûêΓûêΓûêΓûè   | 2043/3000 [08:12<03:37,  4.39it/s]
 68%|ΓûêΓûêΓûêΓûêΓûêΓûêΓûè   | 2044/3000 [08:12<03:19,  4.79it/s]
 68%|ΓûêΓûêΓûêΓûêΓûêΓûêΓûè   | 2045/3000 [08:12<03:28,  4.58it/s]
 68%|ΓûêΓûêΓûêΓûêΓûêΓûêΓûè   | 2046/3000 [08:13<03:24,  4.66it/s]
 68%|ΓûêΓûêΓûêΓûêΓûêΓûêΓûè   | 2047/3000 [08:13<03:37,  4.37it/s]
 68%|ΓûêΓûêΓûêΓûêΓûêΓûêΓûè   | 2048/3000 [08:13<03:49,  4.14it/s]
 68%|ΓûêΓûêΓûêΓûêΓûêΓûêΓûè   | 2049/3000 [08:13<03:38,  4.35it/s]
 68%|ΓûêΓûêΓûêΓûêΓûêΓûêΓûè   | 2050/3000 [08:14<04:05,  3.87it/s]
 68%|ΓûêΓûêΓûêΓûêΓûêΓûêΓûè   | 2051/3000 [08:14<04:11,  3.77it/s]
 68%|ΓûêΓûêΓûêΓûêΓûêΓûêΓûè   | 2052/3000 [08:14<04:33,  3.47it/s]
 68%|ΓûêΓûêΓûêΓûêΓûêΓûêΓûè   | 2053/3000 [08:14<03:59,  3.96it/s]
 68%|ΓûêΓûêΓûêΓûêΓûêΓûêΓûè   | 2054/3000 [08:15<04:12,  3.74it/s]
 68%|ΓûêΓûêΓûêΓûêΓûêΓûêΓûè   | 2055/3000 [08:15<03:45,  4.19it/s]
 69%|ΓûêΓûêΓûêΓûêΓûêΓûêΓûè   | 2056/3000 [08:15<03:54,  4.02it/s]
 69%|ΓûêΓûêΓûêΓûêΓûêΓûêΓûè   | 2057/3000 [08:15<03:48,  4.12it/s]
 69%|ΓûêΓûêΓûêΓûêΓûêΓûêΓûè   | 2058/3000 [08:16<04:08,  3.79it/s]
 69%|ΓûêΓûêΓûêΓûêΓûêΓûêΓûè   | 2059/3000 [08:16<04:23,  3.57it/s]
 69%|ΓûêΓûêΓûêΓûêΓûêΓûêΓûè   | 2060/3000 [08:16<04:06,  3.82it/s]
 69%|ΓûêΓûêΓûêΓûêΓûêΓûêΓûè   | 2061/3000 [08:16<03:51,  4.06it/s]
 69%|ΓûêΓûêΓûêΓûêΓûêΓûêΓûè   | 2062/3000 [08:17<03:51,  4.05it/s]
 69%|ΓûêΓûêΓûêΓûêΓûêΓûêΓûë   | 2063/3000 [08:17<03:31,  4.42it/s]
 69%|ΓûêΓûêΓûêΓûêΓûêΓûêΓûë   | 2064/3000 [08:17<03:14,  4.82it/s]
 69%|ΓûêΓûêΓûêΓûêΓûêΓûêΓûë   | 2065/3000 [08:17<03:28,  4.49it/s]
 69%|ΓûêΓûêΓûêΓûêΓûêΓûêΓûë   | 2066/3000 [08:18<03:30,  4.44it/s]
 69%|ΓûêΓûêΓûêΓûêΓûêΓûêΓûë   | 2067/3000 [08:18<03:10,  4.91it/s]
 69%|ΓûêΓûêΓûêΓûêΓûêΓûêΓûë   | 2068/3000 [08:18<03:07,  4.97it/s]
 69%|ΓûêΓûêΓûêΓûêΓûêΓûêΓûë   | 2069/3000 [08:18<03:28,  4.46it/s]
 69%|ΓûêΓûêΓûêΓûêΓûêΓûêΓûë   | 2070/3000 [08:18<03:49,  4.06it/s]
 69%|ΓûêΓûêΓûêΓûêΓûêΓûêΓûë   | 2071/3000 [08:19<03:35,  4.32it/s]
 69%|ΓûêΓûêΓûêΓûêΓûêΓûêΓûë   | 2072/3000 [08:19<03:42,  4.17it/s]
 69%|ΓûêΓûêΓûêΓûêΓûêΓûêΓûë   | 2073/3000 [08:19<03:37,  4.26it/s]
 69%|ΓûêΓûêΓûêΓûêΓûêΓûêΓûë   | 2074/3000 [08:19<03:41,  4.17it/s]
 69%|ΓûêΓûêΓûêΓûêΓûêΓûêΓûë   | 2075/3000 [08:20<03:53,  3.96it/s]
 69%|ΓûêΓûêΓûêΓûêΓûêΓûêΓûë   | 2076/3000 [08:20<03:41,  4.16it/s]
 69%|ΓûêΓûêΓûêΓûêΓûêΓûêΓûë   | 2077/3000 [08:20<03:36,  4.27it/s]
 69%|ΓûêΓûêΓûêΓûêΓûêΓûêΓûë   | 2078/3000 [08:20<03:51,  3.99it/s]
 69%|ΓûêΓûêΓûêΓûêΓûêΓûêΓûë   | 2079/3000 [08:21<03:59,  3.85it/s]
 69%|ΓûêΓûêΓûêΓûêΓûêΓûêΓûë   | 2080/3000 [08:21<03:56,  3.88it/s]
 69%|ΓûêΓûêΓûêΓûêΓûêΓûêΓûë   | 2081/3000 [08:21<03:49,  4.01it/s]
 69%|ΓûêΓûêΓûêΓûêΓûêΓûêΓûë   | 2082/3000 [08:21<03:57,  3.87it/s]
 69%|ΓûêΓûêΓûêΓûêΓûêΓûêΓûë   | 2083/3000 [08:22<03:59,  3.83it/s]
 69%|ΓûêΓûêΓûêΓûêΓûêΓûêΓûë   | 2084/3000 [08:22<03:30,  4.34it/s]
 70%|ΓûêΓûêΓûêΓûêΓûêΓûêΓûë   | 2085/3000 [08:22<03:56,  3.88it/s]
 70%|ΓûêΓûêΓûêΓûêΓûêΓûêΓûë   | 2086/3000 [08:22<03:30,  4.34it/s]
 70%|ΓûêΓûêΓûêΓûêΓûêΓûêΓûë   | 2087/3000 [08:23<03:18,  4.59it/s]
 70%|ΓûêΓûêΓûêΓûêΓûêΓûêΓûë   | 2088/3000 [08:23<03:19,  4.58it/s]
 70%|ΓûêΓûêΓûêΓûêΓûêΓûêΓûë   | 2089/3000 [08:23<03:35,  4.23it/s]
 70%|ΓûêΓûêΓûêΓûêΓûêΓûêΓûë   | 2090/3000 [08:23<03:16,  4.63it/s]
 70%|ΓûêΓûêΓûêΓûêΓûêΓûêΓûë   | 2091/3000 [08:23<03:04,  4.94it/s]
 70%|ΓûêΓûêΓûêΓûêΓûêΓûêΓûë   | 2092/3000 [08:24<04:00,  3.77it/s]
 70%|ΓûêΓûêΓûêΓûêΓûêΓûêΓûë   | 2093/3000 [08:25<08:01,  1.88it/s]
 70%|ΓûêΓûêΓûêΓûêΓûêΓûêΓûë   | 2094/3000 [08:25<08:05,  1.87it/s]
 70%|ΓûêΓûêΓûêΓûêΓûêΓûêΓûë   | 2095/3000 [08:26<06:48,  2.21it/s]
 70%|ΓûêΓûêΓûêΓûêΓûêΓûêΓûë   | 2096/3000 [08:26<06:30,  2.32it/s]
 70%|ΓûêΓûêΓûêΓûêΓûêΓûêΓûë   | 2097/3000 [08:26<06:06,  2.46it/s]
 70%|ΓûêΓûêΓûêΓûêΓûêΓûêΓûë   | 2098/3000 [08:27<05:10,  2.91it/s]
 70%|ΓûêΓûêΓûêΓûêΓûêΓûêΓûë   | 2099/3000 [08:27<05:12,  2.89it/s]
 70%|ΓûêΓûêΓûêΓûêΓûêΓûêΓûê   | 2100/3000 [08:27<04:43,  3.17it/s]
 70%|ΓûêΓûêΓûêΓûêΓûêΓûêΓûê   | 2101/3000 [08:28<05:15,  2.85it/s]
 70%|ΓûêΓûêΓûêΓûêΓûêΓûêΓûê   | 2102/3000 [08:28<04:46,  3.13it/s]
 70%|ΓûêΓûêΓûêΓûêΓûêΓûêΓûê   | 2103/3000 [08:28<04:08,  3.62it/s]
 70%|ΓûêΓûêΓûêΓûêΓûêΓûêΓûê   | 2104/3000 [08:28<03:50,  3.89it/s]
 70%|ΓûêΓûêΓûêΓûêΓûêΓûêΓûê   | 2105/3000 [08:29<04:32,  3.28it/s]
 70%|ΓûêΓûêΓûêΓûêΓûêΓûêΓûê   | 2106/3000 [08:29<04:24,  3.38it/s]
 70%|ΓûêΓûêΓûêΓûêΓûêΓûêΓûê   | 2107/3000 [08:29<03:50,  3.87it/s]
 70%|ΓûêΓûêΓûêΓûêΓûêΓûêΓûê   | 2108/3000 [08:29<03:33,  4.18it/s]
 70%|ΓûêΓûêΓûêΓûêΓûêΓûêΓûê   | 2109/3000 [08:30<04:00,  3.71it/s]
 70%|ΓûêΓûêΓûêΓûêΓûêΓûêΓûê   | 2110/3000 [08:30<03:34,  4.16it/s]
 70%|ΓûêΓûêΓûêΓûêΓûêΓûêΓûê   | 2111/3000 [08:30<03:30,  4.23it/s]
 70%|ΓûêΓûêΓûêΓûêΓûêΓûêΓûê   | 2112/3000 [08:30<03:24,  4.34it/s]
 70%|ΓûêΓûêΓûêΓûêΓûêΓûêΓûê   | 2113/3000 [08:31<03:13,  4.58it/s]
 70%|ΓûêΓûêΓûêΓûêΓûêΓûêΓûê   | 2115/3000 [08:31<02:21,  6.24it/s]
 71%|ΓûêΓûêΓûêΓûêΓûêΓûêΓûê   | 2116/3000 [08:31<02:32,  5.81it/s]
 71%|ΓûêΓûêΓûêΓûêΓûêΓûêΓûê   | 2117/3000 [08:31<03:20,  4.41it/s]
 71%|ΓûêΓûêΓûêΓûêΓûêΓûêΓûê   | 2118/3000 [08:32<03:35,  4.09it/s]
 71%|ΓûêΓûêΓûêΓûêΓûêΓûêΓûê   | 2119/3000 [08:32<03:23,  4.33it/s]
 71%|ΓûêΓûêΓûêΓûêΓûêΓûêΓûê   | 2120/3000 [08:32<03:40,  4.00it/s]
 71%|ΓûêΓûêΓûêΓûêΓûêΓûêΓûê   | 2121/3000 [08:32<03:35,  4.09it/s]
 71%|ΓûêΓûêΓûêΓûêΓûêΓûêΓûê   | 2122/3000 [08:33<03:49,  3.83it/s]
 71%|ΓûêΓûêΓûêΓûêΓûêΓûêΓûê   | 2123/3000 [08:33<03:42,  3.95it/s]
 71%|ΓûêΓûêΓûêΓûêΓûêΓûêΓûê   | 2124/3000 [08:33<03:21,  4.35it/s]
 71%|ΓûêΓûêΓûêΓûêΓûêΓûêΓûê   | 2125/3000 [08:33<03:23,  4.30it/s]
 71%|ΓûêΓûêΓûêΓûêΓûêΓûêΓûê   | 2126/3000 [08:33<03:06,  4.69it/s]
 71%|ΓûêΓûêΓûêΓûêΓûêΓûêΓûê   | 2127/3000 [08:34<03:21,  4.34it/s]
 71%|ΓûêΓûêΓûêΓûêΓûêΓûêΓûê   | 2128/3000 [08:34<03:07,  4.65it/s]
 71%|ΓûêΓûêΓûêΓûêΓûêΓûêΓûê   | 2129/3000 [08:34<03:09,  4.60it/s]
 71%|ΓûêΓûêΓûêΓûêΓûêΓûêΓûê   | 2130/3000 [08:34<03:20,  4.33it/s]
 71%|ΓûêΓûêΓûêΓûêΓûêΓûêΓûê   | 2131/3000 [08:35<03:26,  4.22it/s]
 71%|ΓûêΓûêΓûêΓûêΓûêΓûêΓûê   | 2132/3000 [08:35<03:49,  3.78it/s]
 71%|ΓûêΓûêΓûêΓûêΓûêΓûêΓûê   | 2133/3000 [08:35<03:43,  3.88it/s]
 71%|ΓûêΓûêΓûêΓûêΓûêΓûêΓûê   | 2134/3000 [08:35<03:52,  3.72it/s]
 71%|ΓûêΓûêΓûêΓûêΓûêΓûêΓûê   | 2135/3000 [08:36<03:32,  4.07it/s]
 71%|ΓûêΓûêΓûêΓûêΓûêΓûêΓûê   | 2136/3000 [08:36<03:56,  3.66it/s]
 71%|ΓûêΓûêΓûêΓûêΓûêΓûêΓûê   | 2137/3000 [08:36<04:09,  3.46it/s]
 71%|ΓûêΓûêΓûêΓûêΓûêΓûêΓûêΓûÅ  | 2138/3000 [08:37<03:56,  3.65it/s]
 71%|ΓûêΓûêΓûêΓûêΓûêΓûêΓûêΓûÅ  | 2139/3000 [08:37<03:26,  4.17it/s]
 71%|ΓûêΓûêΓûêΓûêΓûêΓûêΓûêΓûÅ  | 2140/3000 [08:37<03:07,  4.58it/s]
 71%|ΓûêΓûêΓûêΓûêΓûêΓûêΓûêΓûÅ  | 2141/3000 [08:37<02:54,  4.93it/s]
 71%|ΓûêΓûêΓûêΓûêΓûêΓûêΓûêΓûÅ  | 2142/3000 [08:37<02:58,  4.81it/s]
 71%|ΓûêΓûêΓûêΓûêΓûêΓûêΓûêΓûÅ  | 2143/3000 [08:37<02:45,  5.17it/s]
 71%|ΓûêΓûêΓûêΓûêΓûêΓûêΓûêΓûÅ  | 2144/3000 [08:38<03:16,  4.37it/s]
 72%|ΓûêΓûêΓûêΓûêΓûêΓûêΓûêΓûÅ  | 2145/3000 [08:38<03:28,  4.11it/s]
 72%|ΓûêΓûêΓûêΓûêΓûêΓûêΓûêΓûÅ  | 2146/3000 [08:38<03:51,  3.68it/s]
 72%|ΓûêΓûêΓûêΓûêΓûêΓûêΓûêΓûÅ  | 2147/3000 [08:39<03:22,  4.21it/s]
 72%|ΓûêΓûêΓûêΓûêΓûêΓûêΓûêΓûÅ  | 2148/3000 [08:39<03:26,  4.12it/s]
 72%|ΓûêΓûêΓûêΓûêΓûêΓûêΓûêΓûÅ  | 2149/3000 [08:39<03:39,  3.88it/s]
 72%|ΓûêΓûêΓûêΓûêΓûêΓûêΓûêΓûÅ  | 2150/3000 [08:39<03:37,  3.91it/s]
 72%|ΓûêΓûêΓûêΓûêΓûêΓûêΓûêΓûÅ  | 2151/3000 [08:40<03:26,  4.10it/s]
 72%|ΓûêΓûêΓûêΓûêΓûêΓûêΓûêΓûÅ  | 2152/3000 [08:40<03:07,  4.52it/s]
 72%|ΓûêΓûêΓûêΓûêΓûêΓûêΓûêΓûÅ  | 2153/3000 [08:40<03:04,  4.60it/s]
 72%|ΓûêΓûêΓûêΓûêΓûêΓûêΓûêΓûÅ  | 2154/3000 [08:40<03:13,  4.37it/s]
 72%|ΓûêΓûêΓûêΓûêΓûêΓûêΓûêΓûÅ  | 2155/3000 [08:40<03:00,  4.68it/s]
 72%|ΓûêΓûêΓûêΓûêΓûêΓûêΓûêΓûÅ  | 2156/3000 [08:41<02:55,  4.82it/s]
 72%|ΓûêΓûêΓûêΓûêΓûêΓûêΓûêΓûÅ  | 2157/3000 [08:41<02:48,  5.02it/s]
 72%|ΓûêΓûêΓûêΓûêΓûêΓûêΓûêΓûÅ  | 2158/3000 [08:41<03:01,  4.63it/s]
 72%|ΓûêΓûêΓûêΓûêΓûêΓûêΓûêΓûÅ  | 2159/3000 [08:41<03:21,  4.16it/s]
 72%|ΓûêΓûêΓûêΓûêΓûêΓûêΓûêΓûÅ  | 2160/3000 [08:42<03:18,  4.23it/s]
 72%|ΓûêΓûêΓûêΓûêΓûêΓûêΓûêΓûÅ  | 2161/3000 [08:42<03:03,  4.58it/s]
 72%|ΓûêΓûêΓûêΓûêΓûêΓûêΓûêΓûÅ  | 2162/3000 [08:42<03:14,  4.30it/s]
 72%|ΓûêΓûêΓûêΓûêΓûêΓûêΓûêΓûÅ  | 2163/3000 [08:42<03:17,  4.25it/s]
 72%|ΓûêΓûêΓûêΓûêΓûêΓûêΓûêΓûÅ  | 2164/3000 [08:43<03:46,  3.70it/s]
 72%|ΓûêΓûêΓûêΓûêΓûêΓûêΓûêΓûÅ  | 2165/3000 [08:43<03:39,  3.81it/s]
 72%|ΓûêΓûêΓûêΓûêΓûêΓûêΓûêΓûÅ  | 2166/3000 [08:43<03:21,  4.13it/s]
 72%|ΓûêΓûêΓûêΓûêΓûêΓûêΓûêΓûÅ  | 2167/3000 [08:43<03:12,  4.33it/s]
 72%|ΓûêΓûêΓûêΓûêΓûêΓûêΓûêΓûÅ  | 2168/3000 [08:43<03:12,  4.33it/s]
 72%|ΓûêΓûêΓûêΓûêΓûêΓûêΓûêΓûÅ  | 2169/3000 [08:44<03:01,  4.57it/s]
 72%|ΓûêΓûêΓûêΓûêΓûêΓûêΓûêΓûÅ  | 2170/3000 [08:44<03:12,  4.31it/s]
 72%|ΓûêΓûêΓûêΓûêΓûêΓûêΓûêΓûÅ  | 2171/3000 [08:44<03:23,  4.08it/s]
 72%|ΓûêΓûêΓûêΓûêΓûêΓûêΓûêΓûÅ  | 2172/3000 [08:44<03:08,  4.40it/s]
 72%|ΓûêΓûêΓûêΓûêΓûêΓûêΓûêΓûÅ  | 2173/3000 [08:45<03:42,  3.72it/s]
 72%|ΓûêΓûêΓûêΓûêΓûêΓûêΓûêΓûÅ  | 2174/3000 [08:45<03:47,  3.63it/s]
 72%|ΓûêΓûêΓûêΓûêΓûêΓûêΓûêΓûÄ  | 2175/3000 [08:45<03:19,  4.14it/s]
 73%|ΓûêΓûêΓûêΓûêΓûêΓûêΓûêΓûÄ  | 2176/3000 [08:45<03:36,  3.80it/s]
 73%|ΓûêΓûêΓûêΓûêΓûêΓûêΓûêΓûÄ  | 2177/3000 [08:46<03:49,  3.58it/s]
 73%|ΓûêΓûêΓûêΓûêΓûêΓûêΓûêΓûÄ  | 2178/3000 [08:46<03:22,  4.05it/s]
 73%|ΓûêΓûêΓûêΓûêΓûêΓûêΓûêΓûÄ  | 2179/3000 [08:46<03:13,  4.24it/s]
 73%|ΓûêΓûêΓûêΓûêΓûêΓûêΓûêΓûÄ  | 2180/3000 [08:46<03:03,  4.47it/s]
 73%|ΓûêΓûêΓûêΓûêΓûêΓûêΓûêΓûÄ  | 2181/3000 [08:47<03:11,  4.29it/s]
 73%|ΓûêΓûêΓûêΓûêΓûêΓûêΓûêΓûÄ  | 2182/3000 [08:47<03:18,  4.13it/s]
 73%|ΓûêΓûêΓûêΓûêΓûêΓûêΓûêΓûÄ  | 2183/3000 [08:47<02:57,  4.61it/s]
 73%|ΓûêΓûêΓûêΓûêΓûêΓûêΓûêΓûÄ  | 2184/3000 [08:47<02:54,  4.69it/s]
 73%|ΓûêΓûêΓûêΓûêΓûêΓûêΓûêΓûÄ  | 2185/3000 [08:47<02:50,  4.78it/s]
 73%|ΓûêΓûêΓûêΓûêΓûêΓûêΓûêΓûÄ  | 2186/3000 [08:48<03:31,  3.84it/s]
 73%|ΓûêΓûêΓûêΓûêΓûêΓûêΓûêΓûÄ  | 2187/3000 [08:48<03:28,  3.91it/s]
 73%|ΓûêΓûêΓûêΓûêΓûêΓûêΓûêΓûÄ  | 2188/3000 [08:48<03:10,  4.26it/s]
 73%|ΓûêΓûêΓûêΓûêΓûêΓûêΓûêΓûÄ  | 2189/3000 [08:48<02:55,  4.63it/s]
 73%|ΓûêΓûêΓûêΓûêΓûêΓûêΓûêΓûÄ  | 2190/3000 [08:49<02:49,  4.78it/s]
 73%|ΓûêΓûêΓûêΓûêΓûêΓûêΓûêΓûÄ  | 2191/3000 [08:49<03:08,  4.29it/s]
 73%|ΓûêΓûêΓûêΓûêΓûêΓûêΓûêΓûÄ  | 2192/3000 [08:49<03:08,  4.29it/s]
 73%|ΓûêΓûêΓûêΓûêΓûêΓûêΓûêΓûÄ  | 2193/3000 [08:49<03:02,  4.43it/s]
 73%|ΓûêΓûêΓûêΓûêΓûêΓûêΓûêΓûÄ  | 2194/3000 [08:50<02:52,  4.66it/s]
 73%|ΓûêΓûêΓûêΓûêΓûêΓûêΓûêΓûÄ  | 2195/3000 [08:50<03:15,  4.12it/s]
 73%|ΓûêΓûêΓûêΓûêΓûêΓûêΓûêΓûÄ  | 2196/3000 [08:50<03:15,  4.12it/s]
 73%|ΓûêΓûêΓûêΓûêΓûêΓûêΓûêΓûÄ  | 2197/3000 [08:50<03:06,  4.31it/s]
 73%|ΓûêΓûêΓûêΓûêΓûêΓûêΓûêΓûÄ  | 2198/3000 [08:50<02:52,  4.66it/s]
 73%|ΓûêΓûêΓûêΓûêΓûêΓûêΓûêΓûÄ  | 2199/3000 [08:51<03:33,  3.75it/s]
 73%|ΓûêΓûêΓûêΓûêΓûêΓûêΓûêΓûÄ  | 2200/3000 [08:51<03:20,  4.00it/s]
 73%|ΓûêΓûêΓûêΓûêΓûêΓûêΓûêΓûÄ  | 2201/3000 [08:51<03:04,  4.33it/s]
 73%|ΓûêΓûêΓûêΓûêΓûêΓûêΓûêΓûÄ  | 2202/3000 [08:51<02:49,  4.70it/s]
 73%|ΓûêΓûêΓûêΓûêΓûêΓûêΓûêΓûÄ  | 2203/3000 [08:52<02:37,  5.05it/s]
 73%|ΓûêΓûêΓûêΓûêΓûêΓûêΓûêΓûÄ  | 2204/3000 [08:52<02:39,  4.99it/s]
 74%|ΓûêΓûêΓûêΓûêΓûêΓûêΓûêΓûÄ  | 2205/3000 [08:52<03:02,  4.35it/s]
 74%|ΓûêΓûêΓûêΓûêΓûêΓûêΓûêΓûÄ  | 2206/3000 [08:52<02:48,  4.70it/s]
 74%|ΓûêΓûêΓûêΓûêΓûêΓûêΓûêΓûÄ  | 2207/3000 [08:53<02:59,  4.41it/s]
 74%|ΓûêΓûêΓûêΓûêΓûêΓûêΓûêΓûÄ  | 2208/3000 [08:53<03:01,  4.37it/s]
 74%|ΓûêΓûêΓûêΓûêΓûêΓûêΓûêΓûÄ  | 2209/3000 [08:53<02:52,  4.59it/s]
 74%|ΓûêΓûêΓûêΓûêΓûêΓûêΓûêΓûÄ  | 2210/3000 [08:53<02:59,  4.41it/s]
 74%|ΓûêΓûêΓûêΓûêΓûêΓûêΓûêΓûÄ  | 2211/3000 [08:53<03:01,  4.34it/s]
 74%|ΓûêΓûêΓûêΓûêΓûêΓûêΓûêΓûÄ  | 2212/3000 [08:54<03:00,  4.37it/s]
 74%|ΓûêΓûêΓûêΓûêΓûêΓûêΓûêΓûì  | 2213/3000 [08:54<02:50,  4.61it/s]
 74%|ΓûêΓûêΓûêΓûêΓûêΓûêΓûêΓûì  | 2214/3000 [08:54<02:50,  4.61it/s]
 74%|ΓûêΓûêΓûêΓûêΓûêΓûêΓûêΓûì  | 2215/3000 [08:54<02:46,  4.72it/s]
 74%|ΓûêΓûêΓûêΓûêΓûêΓûêΓûêΓûì  | 2216/3000 [08:55<03:03,  4.28it/s]
 74%|ΓûêΓûêΓûêΓûêΓûêΓûêΓûêΓûì  | 2217/3000 [08:55<03:07,  4.18it/s]
 74%|ΓûêΓûêΓûêΓûêΓûêΓûêΓûêΓûì  | 2218/3000 [08:55<03:09,  4.12it/s]
 74%|ΓûêΓûêΓûêΓûêΓûêΓûêΓûêΓûì  | 2219/3000 [08:55<02:54,  4.49it/s]
 74%|ΓûêΓûêΓûêΓûêΓûêΓûêΓûêΓûì  | 2220/3000 [08:55<03:01,  4.29it/s]
 74%|ΓûêΓûêΓûêΓûêΓûêΓûêΓûêΓûì  | 2221/3000 [08:56<03:36,  3.59it/s]
 74%|ΓûêΓûêΓûêΓûêΓûêΓûêΓûêΓûì  | 2222/3000 [08:56<03:24,  3.80it/s]
 74%|ΓûêΓûêΓûêΓûêΓûêΓûêΓûêΓûì  | 2223/3000 [08:56<03:16,  3.96it/s]
 74%|ΓûêΓûêΓûêΓûêΓûêΓûêΓûêΓûì  | 2224/3000 [08:57<03:09,  4.09it/s]
 74%|ΓûêΓûêΓûêΓûêΓûêΓûêΓûêΓûì  | 2225/3000 [08:57<02:55,  4.42it/s]
 74%|ΓûêΓûêΓûêΓûêΓûêΓûêΓûêΓûì  | 2226/3000 [08:57<03:23,  3.80it/s]
 74%|ΓûêΓûêΓûêΓûêΓûêΓûêΓûêΓûì  | 2227/3000 [08:57<03:18,  3.90it/s]
 74%|ΓûêΓûêΓûêΓûêΓûêΓûêΓûêΓûì  | 2228/3000 [08:57<02:58,  4.32it/s]
 74%|ΓûêΓûêΓûêΓûêΓûêΓûêΓûêΓûì  | 2229/3000 [08:58<03:06,  4.14it/s]
 74%|ΓûêΓûêΓûêΓûêΓûêΓûêΓûêΓûì  | 2230/3000 [08:58<03:26,  3.72it/s]
 74%|ΓûêΓûêΓûêΓûêΓûêΓûêΓûêΓûì  | 2231/3000 [08:58<03:11,  4.02it/s]
 74%|ΓûêΓûêΓûêΓûêΓûêΓûêΓûêΓûì  | 2232/3000 [08:58<02:50,  4.50it/s]
 74%|ΓûêΓûêΓûêΓûêΓûêΓûêΓûêΓûì  | 2233/3000 [08:59<02:35,  4.93it/s]
 74%|ΓûêΓûêΓûêΓûêΓûêΓûêΓûêΓûì  | 2234/3000 [08:59<02:40,  4.77it/s]
 74%|ΓûêΓûêΓûêΓûêΓûêΓûêΓûêΓûì  | 2235/3000 [08:59<02:47,  4.57it/s]
 75%|ΓûêΓûêΓûêΓûêΓûêΓûêΓûêΓûì  | 2236/3000 [08:59<02:53,  4.40it/s]
 75%|ΓûêΓûêΓûêΓûêΓûêΓûêΓûêΓûì  | 2237/3000 [09:00<02:49,  4.49it/s]
 75%|ΓûêΓûêΓûêΓûêΓûêΓûêΓûêΓûì  | 2238/3000 [09:00<02:36,  4.88it/s]
 75%|ΓûêΓûêΓûêΓûêΓûêΓûêΓûêΓûì  | 2239/3000 [09:00<03:08,  4.04it/s]
 75%|ΓûêΓûêΓûêΓûêΓûêΓûêΓûêΓûì  | 2240/3000 [09:00<02:59,  4.23it/s]
 75%|ΓûêΓûêΓûêΓûêΓûêΓûêΓûêΓûì  | 2241/3000 [09:00<02:52,  4.41it/s]
 75%|ΓûêΓûêΓûêΓûêΓûêΓûêΓûêΓûì  | 2242/3000 [09:01<03:20,  3.78it/s]
 75%|ΓûêΓûêΓûêΓûêΓûêΓûêΓûêΓûì  | 2243/3000 [09:01<03:02,  4.14it/s]
 75%|ΓûêΓûêΓûêΓûêΓûêΓûêΓûêΓûì  | 2244/3000 [09:01<02:48,  4.49it/s]
 75%|ΓûêΓûêΓûêΓûêΓûêΓûêΓûêΓûì  | 2245/3000 [09:01<02:52,  4.37it/s]
 75%|ΓûêΓûêΓûêΓûêΓûêΓûêΓûêΓûì  | 2246/3000 [09:02<02:37,  4.79it/s]
 75%|ΓûêΓûêΓûêΓûêΓûêΓûêΓûêΓûì  | 2247/3000 [09:02<02:33,  4.90it/s]
 75%|ΓûêΓûêΓûêΓûêΓûêΓûêΓûêΓûì  | 2248/3000 [09:02<02:22,  5.28it/s]
 75%|ΓûêΓûêΓûêΓûêΓûêΓûêΓûêΓûì  | 2249/3000 [09:02<02:26,  5.12it/s]
 75%|ΓûêΓûêΓûêΓûêΓûêΓûêΓûêΓûî  | 2250/3000 [09:02<02:30,  5.00it/s]
 75%|ΓûêΓûêΓûêΓûêΓûêΓûêΓûêΓûî  | 2251/3000 [09:03<02:28,  5.05it/s]
 75%|ΓûêΓûêΓûêΓûêΓûêΓûêΓûêΓûî  | 2252/3000 [09:03<02:57,  4.22it/s]
 75%|ΓûêΓûêΓûêΓûêΓûêΓûêΓûêΓûî  | 2253/3000 [09:03<03:03,  4.07it/s]
 75%|ΓûêΓûêΓûêΓûêΓûêΓûêΓûêΓûî  | 2254/3000 [09:03<02:45,  4.50it/s]
 75%|ΓûêΓûêΓûêΓûêΓûêΓûêΓûêΓûî  | 2255/3000 [09:03<02:33,  4.85it/s]
 75%|ΓûêΓûêΓûêΓûêΓûêΓûêΓûêΓûî  | 2256/3000 [09:04<02:34,  4.83it/s]
 75%|ΓûêΓûêΓûêΓûêΓûêΓûêΓûêΓûî  | 2257/3000 [09:04<02:31,  4.90it/s]
 75%|ΓûêΓûêΓûêΓûêΓûêΓûêΓûêΓûî  | 2258/3000 [09:04<02:58,  4.15it/s]
 75%|ΓûêΓûêΓûêΓûêΓûêΓûêΓûêΓûî  | 2259/3000 [09:05<03:22,  3.66it/s]
 75%|ΓûêΓûêΓûêΓûêΓûêΓûêΓûêΓûî  | 2260/3000 [09:05<04:29,  2.75it/s]
 75%|ΓûêΓûêΓûêΓûêΓûêΓûêΓûêΓûî  | 2261/3000 [09:05<04:09,  2.96it/s]
 75%|ΓûêΓûêΓûêΓûêΓûêΓûêΓûêΓûî  | 2262/3000 [09:06<03:38,  3.38it/s]
 75%|ΓûêΓûêΓûêΓûêΓûêΓûêΓûêΓûî  | 2263/3000 [09:06<03:32,  3.47it/s]
 75%|ΓûêΓûêΓûêΓûêΓûêΓûêΓûêΓûî  | 2264/3000 [09:06<03:05,  3.96it/s]
 76%|ΓûêΓûêΓûêΓûêΓûêΓûêΓûêΓûî  | 2265/3000 [09:06<03:08,  3.91it/s]
 76%|ΓûêΓûêΓûêΓûêΓûêΓûêΓûêΓûî  | 2266/3000 [09:07<03:09,  3.88it/s]
 76%|ΓûêΓûêΓûêΓûêΓûêΓûêΓûêΓûî  | 2267/3000 [09:07<02:56,  4.15it/s]
 76%|ΓûêΓûêΓûêΓûêΓûêΓûêΓûêΓûî  | 2268/3000 [09:07<02:42,  4.49it/s]
 76%|ΓûêΓûêΓûêΓûêΓûêΓûêΓûêΓûî  | 2269/3000 [09:07<03:45,  3.24it/s]
 76%|ΓûêΓûêΓûêΓûêΓûêΓûêΓûêΓûî  | 2270/3000 [09:08<03:43,  3.26it/s]
 76%|ΓûêΓûêΓûêΓûêΓûêΓûêΓûêΓûî  | 2271/3000 [09:08<03:15,  3.74it/s]
 76%|ΓûêΓûêΓûêΓûêΓûêΓûêΓûêΓûî  | 2272/3000 [09:08<03:12,  3.78it/s]
 76%|ΓûêΓûêΓûêΓûêΓûêΓûêΓûêΓûî  | 2273/3000 [09:08<02:49,  4.30it/s]
 76%|ΓûêΓûêΓûêΓûêΓûêΓûêΓûêΓûî  | 2274/3000 [09:09<02:32,  4.77it/s]
 76%|ΓûêΓûêΓûêΓûêΓûêΓûêΓûêΓûî  | 2275/3000 [09:09<02:21,  5.13it/s]
 76%|ΓûêΓûêΓûêΓûêΓûêΓûêΓûêΓûî  | 2276/3000 [09:09<02:13,  5.42it/s]
 76%|ΓûêΓûêΓûêΓûêΓûêΓûêΓûêΓûî  | 2277/3000 [09:09<02:23,  5.04it/s]
 76%|ΓûêΓûêΓûêΓûêΓûêΓûêΓûêΓûî  | 2278/3000 [09:09<02:21,  5.11it/s]
 76%|ΓûêΓûêΓûêΓûêΓûêΓûêΓûêΓûî  | 2279/3000 [09:09<02:15,  5.32it/s]
 76%|ΓûêΓûêΓûêΓûêΓûêΓûêΓûêΓûî  | 2280/3000 [09:10<02:32,  4.71it/s]
 76%|ΓûêΓûêΓûêΓûêΓûêΓûêΓûêΓûî  | 2281/3000 [09:10<02:23,  5.00it/s]
 76%|ΓûêΓûêΓûêΓûêΓûêΓûêΓûêΓûî  | 2282/3000 [09:10<02:29,  4.80it/s]
 76%|ΓûêΓûêΓûêΓûêΓûêΓûêΓûêΓûî  | 2283/3000 [09:10<02:42,  4.42it/s]
 76%|ΓûêΓûêΓûêΓûêΓûêΓûêΓûêΓûî  | 2284/3000 [09:11<02:28,  4.82it/s]
 76%|ΓûêΓûêΓûêΓûêΓûêΓûêΓûêΓûî  | 2285/3000 [09:11<03:00,  3.96it/s]
 76%|ΓûêΓûêΓûêΓûêΓûêΓûêΓûêΓûî  | 2286/3000 [09:11<02:40,  4.44it/s]
 76%|ΓûêΓûêΓûêΓûêΓûêΓûêΓûêΓûî  | 2287/3000 [09:11<02:43,  4.36it/s]
 76%|ΓûêΓûêΓûêΓûêΓûêΓûêΓûêΓûï  | 2288/3000 [09:11<02:39,  4.45it/s]
 76%|ΓûêΓûêΓûêΓûêΓûêΓûêΓûêΓûï  | 2289/3000 [09:12<03:03,  3.87it/s]
 76%|ΓûêΓûêΓûêΓûêΓûêΓûêΓûêΓûï  | 2290/3000 [09:12<03:47,  3.12it/s]
 76%|ΓûêΓûêΓûêΓûêΓûêΓûêΓûêΓûï  | 2291/3000 [09:12<03:14,  3.64it/s]
 76%|ΓûêΓûêΓûêΓûêΓûêΓûêΓûêΓûï  | 2292/3000 [09:13<02:56,  4.00it/s]
 76%|ΓûêΓûêΓûêΓûêΓûêΓûêΓûêΓûï  | 2293/3000 [09:13<02:38,  4.46it/s]
 76%|ΓûêΓûêΓûêΓûêΓûêΓûêΓûêΓûï  | 2294/3000 [09:13<02:44,  4.29it/s]
 76%|ΓûêΓûêΓûêΓûêΓûêΓûêΓûêΓûï  | 2295/3000 [09:13<02:52,  4.10it/s]
 77%|ΓûêΓûêΓûêΓûêΓûêΓûêΓûêΓûï  | 2296/3000 [09:14<02:54,  4.02it/s]
 77%|ΓûêΓûêΓûêΓûêΓûêΓûêΓûêΓûï  | 2297/3000 [09:14<02:50,  4.12it/s]
 77%|ΓûêΓûêΓûêΓûêΓûêΓûêΓûêΓûï  | 2298/3000 [09:14<02:39,  4.40it/s]
 77%|ΓûêΓûêΓûêΓûêΓûêΓûêΓûêΓûï  | 2299/3000 [09:14<02:48,  4.16it/s]
 77%|ΓûêΓûêΓûêΓûêΓûêΓûêΓûêΓûï  | 2300/3000 [09:14<02:37,  4.45it/s]
 77%|ΓûêΓûêΓûêΓûêΓûêΓûêΓûêΓûï  | 2301/3000 [09:15<02:28,  4.70it/s]
 77%|ΓûêΓûêΓûêΓûêΓûêΓûêΓûêΓûï  | 2302/3000 [09:15<02:32,  4.59it/s]
 77%|ΓûêΓûêΓûêΓûêΓûêΓûêΓûêΓûï  | 2303/3000 [09:15<02:44,  4.23it/s]
 77%|ΓûêΓûêΓûêΓûêΓûêΓûêΓûêΓûï  | 2304/3000 [09:15<02:34,  4.51it/s]
 77%|ΓûêΓûêΓûêΓûêΓûêΓûêΓûêΓûï  | 2305/3000 [09:16<02:23,  4.83it/s]
 77%|ΓûêΓûêΓûêΓûêΓûêΓûêΓûêΓûï  | 2306/3000 [09:16<02:39,  4.34it/s]
 77%|ΓûêΓûêΓûêΓûêΓûêΓûêΓûêΓûï  | 2307/3000 [09:16<02:58,  3.88it/s]
 77%|ΓûêΓûêΓûêΓûêΓûêΓûêΓûêΓûï  | 2308/3000 [09:16<02:39,  4.35it/s]
 77%|ΓûêΓûêΓûêΓûêΓûêΓûêΓûêΓûï  | 2309/3000 [09:16<02:22,  4.83it/s]
 77%|ΓûêΓûêΓûêΓûêΓûêΓûêΓûêΓûï  | 2310/3000 [09:17<02:30,  4.59it/s]
 77%|ΓûêΓûêΓûêΓûêΓûêΓûêΓûêΓûï  | 2311/3000 [09:17<03:12,  3.59it/s]
 77%|ΓûêΓûêΓûêΓûêΓûêΓûêΓûêΓûï  | 2312/3000 [09:17<02:47,  4.11it/s]
 77%|ΓûêΓûêΓûêΓûêΓûêΓûêΓûêΓûï  | 2313/3000 [09:17<02:32,  4.52it/s]
 77%|ΓûêΓûêΓûêΓûêΓûêΓûêΓûêΓûï  | 2314/3000 [09:18<02:38,  4.34it/s]
 77%|ΓûêΓûêΓûêΓûêΓûêΓûêΓûêΓûï  | 2315/3000 [09:18<02:40,  4.26it/s]
 77%|ΓûêΓûêΓûêΓûêΓûêΓûêΓûêΓûï  | 2316/3000 [09:18<02:45,  4.13it/s]
 77%|ΓûêΓûêΓûêΓûêΓûêΓûêΓûêΓûï  | 2317/3000 [09:19<02:55,  3.88it/s]
 77%|ΓûêΓûêΓûêΓûêΓûêΓûêΓûêΓûï  | 2318/3000 [09:19<03:03,  3.72it/s]
 77%|ΓûêΓûêΓûêΓûêΓûêΓûêΓûêΓûï  | 2319/3000 [09:19<03:01,  3.76it/s]
 77%|ΓûêΓûêΓûêΓûêΓûêΓûêΓûêΓûï  | 2320/3000 [09:19<03:16,  3.45it/s]
 77%|ΓûêΓûêΓûêΓûêΓûêΓûêΓûêΓûï  | 2321/3000 [09:20<03:04,  3.68it/s]
 77%|ΓûêΓûêΓûêΓûêΓûêΓûêΓûêΓûï  | 2322/3000 [09:20<03:19,  3.40it/s]
 77%|ΓûêΓûêΓûêΓûêΓûêΓûêΓûêΓûï  | 2323/3000 [09:20<02:53,  3.90it/s]
 77%|ΓûêΓûêΓûêΓûêΓûêΓûêΓûêΓûï  | 2324/3000 [09:20<02:58,  3.79it/s]
 78%|ΓûêΓûêΓûêΓûêΓûêΓûêΓûêΓûè  | 2325/3000 [09:21<02:51,  3.94it/s]
 78%|ΓûêΓûêΓûêΓûêΓûêΓûêΓûêΓûè  | 2326/3000 [09:21<02:31,  4.45it/s]
 78%|ΓûêΓûêΓûêΓûêΓûêΓûêΓûêΓûè  | 2327/3000 [09:21<02:17,  4.90it/s]
 78%|ΓûêΓûêΓûêΓûêΓûêΓûêΓûêΓûè  | 2328/3000 [09:21<02:24,  4.65it/s]
 78%|ΓûêΓûêΓûêΓûêΓûêΓûêΓûêΓûè  | 2329/3000 [09:21<02:21,  4.73it/s]
 78%|ΓûêΓûêΓûêΓûêΓûêΓûêΓûêΓûè  | 2330/3000 [09:22<02:15,  4.94it/s]
 78%|ΓûêΓûêΓûêΓûêΓûêΓûêΓûêΓûè  | 2331/3000 [09:22<02:20,  4.76it/s]
 78%|ΓûêΓûêΓûêΓûêΓûêΓûêΓûêΓûè  | 2332/3000 [09:22<02:30,  4.43it/s]
 78%|ΓûêΓûêΓûêΓûêΓûêΓûêΓûêΓûè  | 2333/3000 [09:22<02:52,  3.87it/s]
 78%|ΓûêΓûêΓûêΓûêΓûêΓûêΓûêΓûè  | 2334/3000 [09:23<02:57,  3.75it/s]
 78%|ΓûêΓûêΓûêΓûêΓûêΓûêΓûêΓûè  | 2335/3000 [09:23<02:45,  4.02it/s]
 78%|ΓûêΓûêΓûêΓûêΓûêΓûêΓûêΓûè  | 2336/3000 [09:23<02:29,  4.45it/s]
 78%|ΓûêΓûêΓûêΓûêΓûêΓûêΓûêΓûè  | 2337/3000 [09:23<02:19,  4.75it/s]
 78%|ΓûêΓûêΓûêΓûêΓûêΓûêΓûêΓûè  | 2338/3000 [09:23<02:16,  4.85it/s]
 78%|ΓûêΓûêΓûêΓûêΓûêΓûêΓûêΓûè  | 2339/3000 [09:24<02:06,  5.21it/s]
 78%|ΓûêΓûêΓûêΓûêΓûêΓûêΓûêΓûè  | 2340/3000 [09:24<02:14,  4.92it/s]
 78%|ΓûêΓûêΓûêΓûêΓûêΓûêΓûêΓûè  | 2341/3000 [09:24<02:04,  5.30it/s]
 78%|ΓûêΓûêΓûêΓûêΓûêΓûêΓûêΓûè  | 2342/3000 [09:24<01:59,  5.49it/s]
 78%|ΓûêΓûêΓûêΓûêΓûêΓûêΓûêΓûè  | 2343/3000 [09:24<01:57,  5.60it/s]
 78%|ΓûêΓûêΓûêΓûêΓûêΓûêΓûêΓûè  | 2344/3000 [09:25<02:30,  4.35it/s]
 78%|ΓûêΓûêΓûêΓûêΓûêΓûêΓûêΓûè  | 2345/3000 [09:25<02:36,  4.19it/s]
 78%|ΓûêΓûêΓûêΓûêΓûêΓûêΓûêΓûè  | 2346/3000 [09:25<02:56,  3.71it/s]
 78%|ΓûêΓûêΓûêΓûêΓûêΓûêΓûêΓûè  | 2347/3000 [09:25<02:43,  4.00it/s]
 78%|ΓûêΓûêΓûêΓûêΓûêΓûêΓûêΓûè  | 2348/3000 [09:26<02:29,  4.37it/s]
 78%|ΓûêΓûêΓûêΓûêΓûêΓûêΓûêΓûè  | 2349/3000 [09:26<02:24,  4.50it/s]
 78%|ΓûêΓûêΓûêΓûêΓûêΓûêΓûêΓûè  | 2350/3000 [09:26<02:24,  4.51it/s]
 78%|ΓûêΓûêΓûêΓûêΓûêΓûêΓûêΓûè  | 2351/3000 [09:26<02:11,  4.93it/s]
 78%|ΓûêΓûêΓûêΓûêΓûêΓûêΓûêΓûè  | 2352/3000 [09:27<02:29,  4.34it/s]
 78%|ΓûêΓûêΓûêΓûêΓûêΓûêΓûêΓûè  | 2353/3000 [09:27<02:17,  4.71it/s]
 78%|ΓûêΓûêΓûêΓûêΓûêΓûêΓûêΓûè  | 2354/3000 [09:27<02:31,  4.27it/s]
 78%|ΓûêΓûêΓûêΓûêΓûêΓûêΓûêΓûè  | 2355/3000 [09:27<02:47,  3.86it/s]
 79%|ΓûêΓûêΓûêΓûêΓûêΓûêΓûêΓûè  | 2356/3000 [09:28<02:58,  3.62it/s]
 79%|ΓûêΓûêΓûêΓûêΓûêΓûêΓûêΓûè  | 2357/3000 [09:28<03:07,  3.43it/s]
 79%|ΓûêΓûêΓûêΓûêΓûêΓûêΓûêΓûè  | 2358/3000 [09:28<03:11,  3.35it/s]
 79%|ΓûêΓûêΓûêΓûêΓûêΓûêΓûêΓûè  | 2359/3000 [09:29<02:57,  3.61it/s]
 79%|ΓûêΓûêΓûêΓûêΓûêΓûêΓûêΓûè  | 2360/3000 [09:29<03:12,  3.33it/s]
 79%|ΓûêΓûêΓûêΓûêΓûêΓûêΓûêΓûè  | 2361/3000 [09:29<02:45,  3.85it/s]
 79%|ΓûêΓûêΓûêΓûêΓûêΓûêΓûêΓûè  | 2362/3000 [09:29<02:52,  3.69it/s]
 79%|ΓûêΓûêΓûêΓûêΓûêΓûêΓûêΓûë  | 2363/3000 [09:30<02:33,  4.14it/s]
 79%|ΓûêΓûêΓûêΓûêΓûêΓûêΓûêΓûë  | 2364/3000 [09:30<02:18,  4.61it/s]
 79%|ΓûêΓûêΓûêΓûêΓûêΓûêΓûêΓûë  | 2365/3000 [09:30<02:11,  4.83it/s]
 79%|ΓûêΓûêΓûêΓûêΓûêΓûêΓûêΓûë  | 2366/3000 [09:30<02:03,  5.14it/s]
 79%|ΓûêΓûêΓûêΓûêΓûêΓûêΓûêΓûë  | 2367/3000 [09:30<02:17,  4.59it/s]
 79%|ΓûêΓûêΓûêΓûêΓûêΓûêΓûêΓûë  | 2368/3000 [09:31<02:27,  4.30it/s]
 79%|ΓûêΓûêΓûêΓûêΓûêΓûêΓûêΓûë  | 2369/3000 [09:31<02:18,  4.56it/s]
 79%|ΓûêΓûêΓûêΓûêΓûêΓûêΓûêΓûë  | 2370/3000 [09:31<03:00,  3.50it/s]
 79%|ΓûêΓûêΓûêΓûêΓûêΓûêΓûêΓûë  | 2371/3000 [09:31<02:36,  4.01it/s]
 79%|ΓûêΓûêΓûêΓûêΓûêΓûêΓûêΓûë  | 2372/3000 [09:32<02:19,  4.50it/s]
 79%|ΓûêΓûêΓûêΓûêΓûêΓûêΓûêΓûë  | 2373/3000 [09:32<02:33,  4.09it/s]
 79%|ΓûêΓûêΓûêΓûêΓûêΓûêΓûêΓûë  | 2374/3000 [09:32<02:34,  4.04it/s]
 79%|ΓûêΓûêΓûêΓûêΓûêΓûêΓûêΓûë  | 2375/3000 [09:32<02:41,  3.88it/s]
 79%|ΓûêΓûêΓûêΓûêΓûêΓûêΓûêΓûë  | 2376/3000 [09:33<02:40,  3.89it/s]
 79%|ΓûêΓûêΓûêΓûêΓûêΓûêΓûêΓûë  | 2377/3000 [09:33<02:24,  4.30it/s]
 79%|ΓûêΓûêΓûêΓûêΓûêΓûêΓûêΓûë  | 2378/3000 [09:33<02:48,  3.69it/s]
 79%|ΓûêΓûêΓûêΓûêΓûêΓûêΓûêΓûë  | 2379/3000 [09:33<02:33,  4.04it/s]
 79%|ΓûêΓûêΓûêΓûêΓûêΓûêΓûêΓûë  | 2380/3000 [09:34<02:45,  3.74it/s]
 79%|ΓûêΓûêΓûêΓûêΓûêΓûêΓûêΓûë  | 2381/3000 [09:34<03:16,  3.15it/s]
 79%|ΓûêΓûêΓûêΓûêΓûêΓûêΓûêΓûë  | 2382/3000 [09:34<02:54,  3.54it/s]
 79%|ΓûêΓûêΓûêΓûêΓûêΓûêΓûêΓûë  | 2383/3000 [09:35<03:07,  3.28it/s]
 79%|ΓûêΓûêΓûêΓûêΓûêΓûêΓûêΓûë  | 2384/3000 [09:35<02:47,  3.67it/s]
 80%|ΓûêΓûêΓûêΓûêΓûêΓûêΓûêΓûë  | 2385/3000 [09:35<02:32,  4.03it/s]
 80%|ΓûêΓûêΓûêΓûêΓûêΓûêΓûêΓûë  | 2386/3000 [09:35<02:46,  3.70it/s]
 80%|ΓûêΓûêΓûêΓûêΓûêΓûêΓûêΓûë  | 2387/3000 [09:36<02:28,  4.13it/s]
 80%|ΓûêΓûêΓûêΓûêΓûêΓûêΓûêΓûë  | 2388/3000 [09:36<02:13,  4.57it/s]
 80%|ΓûêΓûêΓûêΓûêΓûêΓûêΓûêΓûë  | 2389/3000 [09:36<02:32,  4.00it/s]
 80%|ΓûêΓûêΓûêΓûêΓûêΓûêΓûêΓûë  | 2390/3000 [09:36<02:32,  3.99it/s]
 80%|ΓûêΓûêΓûêΓûêΓûêΓûêΓûêΓûë  | 2391/3000 [09:37<02:43,  3.72it/s]
 80%|ΓûêΓûêΓûêΓûêΓûêΓûêΓûêΓûë  | 2392/3000 [09:37<02:41,  3.75it/s]
 80%|ΓûêΓûêΓûêΓûêΓûêΓûêΓûêΓûë  | 2393/3000 [09:37<03:11,  3.16it/s]
 80%|ΓûêΓûêΓûêΓûêΓûêΓûêΓûêΓûë  | 2394/3000 [09:38<03:58,  2.55it/s]
 80%|ΓûêΓûêΓûêΓûêΓûêΓûêΓûêΓûë  | 2395/3000 [09:38<03:43,  2.70it/s]
 80%|ΓûêΓûêΓûêΓûêΓûêΓûêΓûêΓûë  | 2396/3000 [09:38<03:08,  3.20it/s]
 80%|ΓûêΓûêΓûêΓûêΓûêΓûêΓûêΓûë  | 2397/3000 [09:39<02:59,  3.37it/s]
 80%|ΓûêΓûêΓûêΓûêΓûêΓûêΓûêΓûë  | 2398/3000 [09:39<03:08,  3.20it/s]
 80%|ΓûêΓûêΓûêΓûêΓûêΓûêΓûêΓûë  | 2399/3000 [09:39<02:45,  3.62it/s]
 80%|ΓûêΓûêΓûêΓûêΓûêΓûêΓûêΓûê  | 2400/3000 [09:39<02:26,  4.09it/s]
 80%|ΓûêΓûêΓûêΓûêΓûêΓûêΓûêΓûê  | 2401/3000 [09:39<02:12,  4.51it/s]
 80%|ΓûêΓûêΓûêΓûêΓûêΓûêΓûêΓûê  | 2402/3000 [09:40<02:03,  4.84it/s]
 80%|ΓûêΓûêΓûêΓûêΓûêΓûêΓûêΓûê  | 2403/3000 [09:40<01:59,  5.02it/s]
 80%|ΓûêΓûêΓûêΓûêΓûêΓûêΓûêΓûê  | 2404/3000 [09:40<02:20,  4.23it/s]
 80%|ΓûêΓûêΓûêΓûêΓûêΓûêΓûêΓûê  | 2405/3000 [09:40<02:07,  4.67it/s]
 80%|ΓûêΓûêΓûêΓûêΓûêΓûêΓûêΓûê  | 2406/3000 [09:40<01:57,  5.05it/s]
 80%|ΓûêΓûêΓûêΓûêΓûêΓûêΓûêΓûê  | 2407/3000 [09:41<02:22,  4.15it/s]
 80%|ΓûêΓûêΓûêΓûêΓûêΓûêΓûêΓûê  | 2408/3000 [09:41<02:13,  4.44it/s]
 80%|ΓûêΓûêΓûêΓûêΓûêΓûêΓûêΓûê  | 2409/3000 [09:41<02:12,  4.48it/s]
 80%|ΓûêΓûêΓûêΓûêΓûêΓûêΓûêΓûê  | 2410/3000 [09:41<02:05,  4.72it/s]
 80%|ΓûêΓûêΓûêΓûêΓûêΓûêΓûêΓûê  | 2411/3000 [09:42<01:56,  5.05it/s]
 80%|ΓûêΓûêΓûêΓûêΓûêΓûêΓûêΓûê  | 2412/3000 [09:42<02:11,  4.49it/s]
 80%|ΓûêΓûêΓûêΓûêΓûêΓûêΓûêΓûê  | 2413/3000 [09:42<02:22,  4.11it/s]
 80%|ΓûêΓûêΓûêΓûêΓûêΓûêΓûêΓûê  | 2414/3000 [09:42<02:08,  4.57it/s]
 80%|ΓûêΓûêΓûêΓûêΓûêΓûêΓûêΓûê  | 2415/3000 [09:42<02:03,  4.75it/s]
 81%|ΓûêΓûêΓûêΓûêΓûêΓûêΓûêΓûê  | 2416/3000 [09:43<02:12,  4.42it/s]
 81%|ΓûêΓûêΓûêΓûêΓûêΓûêΓûêΓûê  | 2417/3000 [09:43<02:16,  4.26it/s]
 81%|ΓûêΓûêΓûêΓûêΓûêΓûêΓûêΓûê  | 2418/3000 [09:43<02:14,  4.32it/s]
 81%|ΓûêΓûêΓûêΓûêΓûêΓûêΓûêΓûê  | 2419/3000 [09:44<02:26,  3.98it/s]
 81%|ΓûêΓûêΓûêΓûêΓûêΓûêΓûêΓûê  | 2420/3000 [09:44<02:34,  3.76it/s]
 81%|ΓûêΓûêΓûêΓûêΓûêΓûêΓûêΓûê  | 2421/3000 [09:44<02:27,  3.93it/s]
 81%|ΓûêΓûêΓûêΓûêΓûêΓûêΓûêΓûê  | 2422/3000 [09:44<02:12,  4.38it/s]
 81%|ΓûêΓûêΓûêΓûêΓûêΓûêΓûêΓûê  | 2423/3000 [09:44<01:58,  4.87it/s]
 81%|ΓûêΓûêΓûêΓûêΓûêΓûêΓûêΓûê  | 2424/3000 [09:45<02:13,  4.31it/s]
 81%|ΓûêΓûêΓûêΓûêΓûêΓûêΓûêΓûê  | 2425/3000 [09:45<02:40,  3.57it/s]
 81%|ΓûêΓûêΓûêΓûêΓûêΓûêΓûêΓûê  | 2426/3000 [09:45<02:21,  4.05it/s]
 81%|ΓûêΓûêΓûêΓûêΓûêΓûêΓûêΓûê  | 2427/3000 [09:45<02:10,  4.39it/s]
 81%|ΓûêΓûêΓûêΓûêΓûêΓûêΓûêΓûê  | 2428/3000 [09:46<01:59,  4.79it/s]
 81%|ΓûêΓûêΓûêΓûêΓûêΓûêΓûêΓûê  | 2429/3000 [09:46<02:11,  4.34it/s]
 81%|ΓûêΓûêΓûêΓûêΓûêΓûêΓûêΓûê  | 2430/3000 [09:46<02:03,  4.60it/s]
 81%|ΓûêΓûêΓûêΓûêΓûêΓûêΓûêΓûê  | 2431/3000 [09:46<02:20,  4.04it/s]
 81%|ΓûêΓûêΓûêΓûêΓûêΓûêΓûêΓûê  | 2432/3000 [09:47<02:10,  4.36it/s]
 81%|ΓûêΓûêΓûêΓûêΓûêΓûêΓûêΓûê  | 2433/3000 [09:47<02:22,  3.99it/s]
 81%|ΓûêΓûêΓûêΓûêΓûêΓûêΓûêΓûê  | 2434/3000 [09:47<02:34,  3.67it/s]
 81%|ΓûêΓûêΓûêΓûêΓûêΓûêΓûêΓûê  | 2435/3000 [09:47<02:39,  3.55it/s]
 81%|ΓûêΓûêΓûêΓûêΓûêΓûêΓûêΓûê  | 2436/3000 [09:48<02:23,  3.93it/s]
 81%|ΓûêΓûêΓûêΓûêΓûêΓûêΓûêΓûê  | 2437/3000 [09:48<02:30,  3.73it/s]
 81%|ΓûêΓûêΓûêΓûêΓûêΓûêΓûêΓûêΓûÅ | 2438/3000 [09:48<02:22,  3.95it/s]
 81%|ΓûêΓûêΓûêΓûêΓûêΓûêΓûêΓûêΓûÅ | 2439/3000 [09:48<02:24,  3.87it/s]
 81%|ΓûêΓûêΓûêΓûêΓûêΓûêΓûêΓûêΓûÅ | 2440/3000 [09:49<02:30,  3.71it/s]
 81%|ΓûêΓûêΓûêΓûêΓûêΓûêΓûêΓûêΓûÅ | 2441/3000 [09:49<02:22,  3.93it/s]
 81%|ΓûêΓûêΓûêΓûêΓûêΓûêΓûêΓûêΓûÅ | 2442/3000 [09:49<02:11,  4.26it/s]
 81%|ΓûêΓûêΓûêΓûêΓûêΓûêΓûêΓûêΓûÅ | 2443/3000 [09:49<01:58,  4.69it/s]
 81%|ΓûêΓûêΓûêΓûêΓûêΓûêΓûêΓûêΓûÅ | 2444/3000 [09:50<01:55,  4.79it/s]
 82%|ΓûêΓûêΓûêΓûêΓûêΓûêΓûêΓûêΓûÅ | 2445/3000 [09:50<02:26,  3.80it/s]
 82%|ΓûêΓûêΓûêΓûêΓûêΓûêΓûêΓûêΓûÅ | 2446/3000 [09:50<02:11,  4.20it/s]
 82%|ΓûêΓûêΓûêΓûêΓûêΓûêΓûêΓûêΓûÅ | 2447/3000 [09:50<01:59,  4.62it/s]
 82%|ΓûêΓûêΓûêΓûêΓûêΓûêΓûêΓûêΓûÅ | 2449/3000 [09:50<01:31,  6.03it/s]
 82%|ΓûêΓûêΓûêΓûêΓûêΓûêΓûêΓûêΓûÅ | 2450/3000 [09:51<01:32,  5.92it/s]
 82%|ΓûêΓûêΓûêΓûêΓûêΓûêΓûêΓûêΓûÅ | 2451/3000 [09:51<01:34,  5.83it/s]
 82%|ΓûêΓûêΓûêΓûêΓûêΓûêΓûêΓûêΓûÅ | 2452/3000 [09:51<01:47,  5.09it/s]
 82%|ΓûêΓûêΓûêΓûêΓûêΓûêΓûêΓûêΓûÅ | 2453/3000 [09:51<01:47,  5.10it/s]
 82%|ΓûêΓûêΓûêΓûêΓûêΓûêΓûêΓûêΓûÅ | 2454/3000 [09:51<01:44,  5.20it/s]
 82%|ΓûêΓûêΓûêΓûêΓûêΓûêΓûêΓûêΓûÅ | 2455/3000 [09:52<01:38,  5.55it/s]
 82%|ΓûêΓûêΓûêΓûêΓûêΓûêΓûêΓûêΓûÅ | 2456/3000 [09:52<01:46,  5.09it/s]
 82%|ΓûêΓûêΓûêΓûêΓûêΓûêΓûêΓûêΓûÅ | 2457/3000 [09:52<02:01,  4.47it/s]
 82%|ΓûêΓûêΓûêΓûêΓûêΓûêΓûêΓûêΓûÅ | 2458/3000 [09:52<02:09,  4.18it/s]
 82%|ΓûêΓûêΓûêΓûêΓûêΓûêΓûêΓûêΓûÅ | 2459/3000 [09:53<02:13,  4.04it/s]
 82%|ΓûêΓûêΓûêΓûêΓûêΓûêΓûêΓûêΓûÅ | 2460/3000 [09:53<02:30,  3.58it/s]
 82%|ΓûêΓûêΓûêΓûêΓûêΓûêΓûêΓûêΓûÅ | 2461/3000 [09:53<02:31,  3.56it/s]
 82%|ΓûêΓûêΓûêΓûêΓûêΓûêΓûêΓûêΓûÅ | 2462/3000 [09:53<02:11,  4.09it/s]
 82%|ΓûêΓûêΓûêΓûêΓûêΓûêΓûêΓûêΓûÅ | 2463/3000 [09:54<01:57,  4.57it/s]
 82%|ΓûêΓûêΓûêΓûêΓûêΓûêΓûêΓûêΓûÅ | 2464/3000 [09:54<01:59,  4.49it/s]
 82%|ΓûêΓûêΓûêΓûêΓûêΓûêΓûêΓûêΓûÅ | 2465/3000 [09:54<02:13,  4.00it/s]
 82%|ΓûêΓûêΓûêΓûêΓûêΓûêΓûêΓûêΓûÅ | 2466/3000 [09:54<01:58,  4.50it/s]
 82%|ΓûêΓûêΓûêΓûêΓûêΓûêΓûêΓûêΓûÅ | 2467/3000 [09:55<01:57,  4.54it/s]
 82%|ΓûêΓûêΓûêΓûêΓûêΓûêΓûêΓûêΓûÅ | 2468/3000 [09:55<02:40,  3.32it/s]
 82%|ΓûêΓûêΓûêΓûêΓûêΓûêΓûêΓûêΓûÅ | 2469/3000 [09:55<02:33,  3.45it/s]
 82%|ΓûêΓûêΓûêΓûêΓûêΓûêΓûêΓûêΓûÅ | 2470/3000 [09:56<02:21,  3.74it/s]
 82%|ΓûêΓûêΓûêΓûêΓûêΓûêΓûêΓûêΓûÅ | 2471/3000 [09:56<02:04,  4.24it/s]
 82%|ΓûêΓûêΓûêΓûêΓûêΓûêΓûêΓûêΓûÅ | 2472/3000 [09:56<01:56,  4.55it/s]
 82%|ΓûêΓûêΓûêΓûêΓûêΓûêΓûêΓûêΓûÅ | 2473/3000 [09:56<02:33,  3.43it/s]
 82%|ΓûêΓûêΓûêΓûêΓûêΓûêΓûêΓûêΓûÅ | 2474/3000 [09:56<02:13,  3.95it/s]
 82%|ΓûêΓûêΓûêΓûêΓûêΓûêΓûêΓûêΓûÄ | 2475/3000 [09:57<02:23,  3.65it/s]
 83%|ΓûêΓûêΓûêΓûêΓûêΓûêΓûêΓûêΓûÄ | 2476/3000 [09:57<02:06,  4.14it/s]
 83%|ΓûêΓûêΓûêΓûêΓûêΓûêΓûêΓûêΓûÄ | 2477/3000 [09:57<02:33,  3.42it/s]
 83%|ΓûêΓûêΓûêΓûêΓûêΓûêΓûêΓûêΓûÄ | 2478/3000 [09:58<02:29,  3.49it/s]
 83%|ΓûêΓûêΓûêΓûêΓûêΓûêΓûêΓûêΓûÄ | 2479/3000 [09:58<02:38,  3.28it/s]
 83%|ΓûêΓûêΓûêΓûêΓûêΓûêΓûêΓûêΓûÄ | 2480/3000 [09:58<02:31,  3.43it/s]
 83%|ΓûêΓûêΓûêΓûêΓûêΓûêΓûêΓûêΓûÄ | 2481/3000 [09:58<02:18,  3.74it/s]
 83%|ΓûêΓûêΓûêΓûêΓûêΓûêΓûêΓûêΓûÄ | 2482/3000 [09:59<02:01,  4.28it/s]
 83%|ΓûêΓûêΓûêΓûêΓûêΓûêΓûêΓûêΓûÄ | 2483/3000 [09:59<02:01,  4.25it/s]
 83%|ΓûêΓûêΓûêΓûêΓûêΓûêΓûêΓûêΓûÄ | 2484/3000 [09:59<02:17,  3.75it/s]
 83%|ΓûêΓûêΓûêΓûêΓûêΓûêΓûêΓûêΓûÄ | 2485/3000 [10:00<02:31,  3.40it/s]
 83%|ΓûêΓûêΓûêΓûêΓûêΓûêΓûêΓûêΓûÄ | 2486/3000 [10:00<02:20,  3.65it/s]
 83%|ΓûêΓûêΓûêΓûêΓûêΓûêΓûêΓûêΓûÄ | 2487/3000 [10:00<02:16,  3.77it/s]
 83%|ΓûêΓûêΓûêΓûêΓûêΓûêΓûêΓûêΓûÄ | 2488/3000 [10:00<02:06,  4.05it/s]
 83%|ΓûêΓûêΓûêΓûêΓûêΓûêΓûêΓûêΓûÄ | 2489/3000 [10:00<01:53,  4.49it/s]
 83%|ΓûêΓûêΓûêΓûêΓûêΓûêΓûêΓûêΓûÄ | 2490/3000 [10:01<01:43,  4.91it/s]
 83%|ΓûêΓûêΓûêΓûêΓûêΓûêΓûêΓûêΓûÄ | 2491/3000 [10:01<01:57,  4.32it/s]
 83%|ΓûêΓûêΓûêΓûêΓûêΓûêΓûêΓûêΓûÄ | 2492/3000 [10:01<01:54,  4.44it/s]
 83%|ΓûêΓûêΓûêΓûêΓûêΓûêΓûêΓûêΓûÄ | 2493/3000 [10:01<01:54,  4.44it/s]
 83%|ΓûêΓûêΓûêΓûêΓûêΓûêΓûêΓûêΓûÄ | 2494/3000 [10:02<01:53,  4.45it/s]
 83%|ΓûêΓûêΓûêΓûêΓûêΓûêΓûêΓûêΓûÄ | 2495/3000 [10:02<01:48,  4.64it/s]
 83%|ΓûêΓûêΓûêΓûêΓûêΓûêΓûêΓûêΓûÄ | 2496/3000 [10:02<02:03,  4.08it/s]
 83%|ΓûêΓûêΓûêΓûêΓûêΓûêΓûêΓûêΓûÄ | 2497/3000 [10:02<02:08,  3.90it/s]
 83%|ΓûêΓûêΓûêΓûêΓûêΓûêΓûêΓûêΓûÄ | 2498/3000 [10:03<02:04,  4.04it/s]
 83%|ΓûêΓûêΓûêΓûêΓûêΓûêΓûêΓûêΓûÄ | 2499/3000 [10:03<01:55,  4.33it/s]
 83%|ΓûêΓûêΓûêΓûêΓûêΓûêΓûêΓûêΓûÄ | 2500/3000 [10:03<01:46,  4.71it/s]
 83%|ΓûêΓûêΓûêΓûêΓûêΓûêΓûêΓûêΓûÄ | 2501/3000 [10:03<01:39,  5.00it/s]
 83%|ΓûêΓûêΓûêΓûêΓûêΓûêΓûêΓûêΓûÄ | 2502/3000 [10:03<01:37,  5.09it/s]
 83%|ΓûêΓûêΓûêΓûêΓûêΓûêΓûêΓûêΓûÄ | 2503/3000 [10:03<01:34,  5.28it/s]
 83%|ΓûêΓûêΓûêΓûêΓûêΓûêΓûêΓûêΓûÄ | 2504/3000 [10:04<02:10,  3.80it/s]
 84%|ΓûêΓûêΓûêΓûêΓûêΓûêΓûêΓûêΓûÄ | 2505/3000 [10:04<01:57,  4.23it/s]
 84%|ΓûêΓûêΓûêΓûêΓûêΓûêΓûêΓûêΓûÄ | 2506/3000 [10:04<01:49,  4.49it/s]
 84%|ΓûêΓûêΓûêΓûêΓûêΓûêΓûêΓûêΓûÄ | 2507/3000 [10:04<01:45,  4.66it/s]
 84%|ΓûêΓûêΓûêΓûêΓûêΓûêΓûêΓûêΓûÄ | 2508/3000 [10:05<02:25,  3.38it/s]
 84%|ΓûêΓûêΓûêΓûêΓûêΓûêΓûêΓûêΓûÄ | 2509/3000 [10:05<02:14,  3.64it/s]
 84%|ΓûêΓûêΓûêΓûêΓûêΓûêΓûêΓûêΓûÄ | 2510/3000 [10:06<02:28,  3.29it/s]
 84%|ΓûêΓûêΓûêΓûêΓûêΓûêΓûêΓûêΓûÄ | 2511/3000 [10:06<02:24,  3.39it/s]
 84%|ΓûêΓûêΓûêΓûêΓûêΓûêΓûêΓûêΓûÄ | 2512/3000 [10:06<02:36,  3.12it/s]
 84%|ΓûêΓûêΓûêΓûêΓûêΓûêΓûêΓûêΓûì | 2513/3000 [10:06<02:20,  3.46it/s]
 84%|ΓûêΓûêΓûêΓûêΓûêΓûêΓûêΓûêΓûì | 2514/3000 [10:07<02:35,  3.12it/s]
 84%|ΓûêΓûêΓûêΓûêΓûêΓûêΓûêΓûêΓûì | 2515/3000 [10:07<02:24,  3.36it/s]
 84%|ΓûêΓûêΓûêΓûêΓûêΓûêΓûêΓûêΓûì | 2516/3000 [10:07<02:15,  3.56it/s]
 84%|ΓûêΓûêΓûêΓûêΓûêΓûêΓûêΓûêΓûì | 2517/3000 [10:08<02:18,  3.49it/s]
 84%|ΓûêΓûêΓûêΓûêΓûêΓûêΓûêΓûêΓûì | 2518/3000 [10:08<02:07,  3.78it/s]
 84%|ΓûêΓûêΓûêΓûêΓûêΓûêΓûêΓûêΓûì | 2519/3000 [10:08<01:55,  4.17it/s]
 84%|ΓûêΓûêΓûêΓûêΓûêΓûêΓûêΓûêΓûì | 2520/3000 [10:08<01:58,  4.05it/s]
 84%|ΓûêΓûêΓûêΓûêΓûêΓûêΓûêΓûêΓûì | 2521/3000 [10:08<01:48,  4.43it/s]
 84%|ΓûêΓûêΓûêΓûêΓûêΓûêΓûêΓûêΓûì | 2522/3000 [10:09<01:40,  4.73it/s]
 84%|ΓûêΓûêΓûêΓûêΓûêΓûêΓûêΓûêΓûì | 2523/3000 [10:09<02:02,  3.89it/s]
 84%|ΓûêΓûêΓûêΓûêΓûêΓûêΓûêΓûêΓûì | 2524/3000 [10:09<01:51,  4.26it/s]
 84%|ΓûêΓûêΓûêΓûêΓûêΓûêΓûêΓûêΓûì | 2525/3000 [10:09<02:02,  3.87it/s]
 84%|ΓûêΓûêΓûêΓûêΓûêΓûêΓûêΓûêΓûì | 2526/3000 [10:10<02:12,  3.59it/s]
 84%|ΓûêΓûêΓûêΓûêΓûêΓûêΓûêΓûêΓûì | 2527/3000 [10:10<02:10,  3.62it/s]
 84%|ΓûêΓûêΓûêΓûêΓûêΓûêΓûêΓûêΓûì | 2528/3000 [10:10<01:53,  4.16it/s]
 84%|ΓûêΓûêΓûêΓûêΓûêΓûêΓûêΓûêΓûì | 2529/3000 [10:11<02:01,  3.87it/s]
 84%|ΓûêΓûêΓûêΓûêΓûêΓûêΓûêΓûêΓûì | 2530/3000 [10:11<01:56,  4.02it/s]
 84%|ΓûêΓûêΓûêΓûêΓûêΓûêΓûêΓûêΓûì | 2531/3000 [10:11<01:46,  4.42it/s]
 84%|ΓûêΓûêΓûêΓûêΓûêΓûêΓûêΓûêΓûì | 2532/3000 [10:11<01:58,  3.94it/s]
 84%|ΓûêΓûêΓûêΓûêΓûêΓûêΓûêΓûêΓûì | 2533/3000 [10:12<02:06,  3.68it/s]
 84%|ΓûêΓûêΓûêΓûêΓûêΓûêΓûêΓûêΓûì | 2534/3000 [10:12<01:50,  4.21it/s]
 84%|ΓûêΓûêΓûêΓûêΓûêΓûêΓûêΓûêΓûì | 2535/3000 [10:12<02:01,  3.84it/s]
 85%|ΓûêΓûêΓûêΓûêΓûêΓûêΓûêΓûêΓûì | 2536/3000 [10:12<01:47,  4.31it/s]
 85%|ΓûêΓûêΓûêΓûêΓûêΓûêΓûêΓûêΓûì | 2537/3000 [10:13<02:04,  3.73it/s]
 85%|ΓûêΓûêΓûêΓûêΓûêΓûêΓûêΓûêΓûì | 2538/3000 [10:13<02:02,  3.77it/s]
 85%|ΓûêΓûêΓûêΓûêΓûêΓûêΓûêΓûêΓûì | 2539/3000 [10:13<01:55,  4.01it/s]
 85%|ΓûêΓûêΓûêΓûêΓûêΓûêΓûêΓûêΓûì | 2540/3000 [10:13<01:47,  4.27it/s]
 85%|ΓûêΓûêΓûêΓûêΓûêΓûêΓûêΓûêΓûì | 2541/3000 [10:13<01:49,  4.18it/s]
 85%|ΓûêΓûêΓûêΓûêΓûêΓûêΓûêΓûêΓûì | 2542/3000 [10:14<01:51,  4.11it/s]
 85%|ΓûêΓûêΓûêΓûêΓûêΓûêΓûêΓûêΓûì | 2543/3000 [10:14<01:40,  4.55it/s]
 85%|ΓûêΓûêΓûêΓûêΓûêΓûêΓûêΓûêΓûì | 2544/3000 [10:14<01:41,  4.49it/s]
 85%|ΓûêΓûêΓûêΓûêΓûêΓûêΓûêΓûêΓûì | 2545/3000 [10:14<01:47,  4.23it/s]
 85%|ΓûêΓûêΓûêΓûêΓûêΓûêΓûêΓûêΓûì | 2546/3000 [10:15<01:46,  4.26it/s]
 85%|ΓûêΓûêΓûêΓûêΓûêΓûêΓûêΓûêΓûì | 2547/3000 [10:15<01:36,  4.68it/s]
 85%|ΓûêΓûêΓûêΓûêΓûêΓûêΓûêΓûêΓûì | 2548/3000 [10:15<01:34,  4.80it/s]
 85%|ΓûêΓûêΓûêΓûêΓûêΓûêΓûêΓûêΓûì | 2549/3000 [10:15<01:29,  5.04it/s]
 85%|ΓûêΓûêΓûêΓûêΓûêΓûêΓûêΓûêΓûî | 2550/3000 [10:15<01:24,  5.33it/s]
 85%|ΓûêΓûêΓûêΓûêΓûêΓûêΓûêΓûêΓûî | 2551/3000 [10:16<01:34,  4.77it/s]
 85%|ΓûêΓûêΓûêΓûêΓûêΓûêΓûêΓûêΓûî | 2552/3000 [10:16<01:46,  4.20it/s]
 85%|ΓûêΓûêΓûêΓûêΓûêΓûêΓûêΓûêΓûî | 2553/3000 [10:16<01:42,  4.34it/s]
 85%|ΓûêΓûêΓûêΓûêΓûêΓûêΓûêΓûêΓûî | 2554/3000 [10:16<01:33,  4.75it/s]
 85%|ΓûêΓûêΓûêΓûêΓûêΓûêΓûêΓûêΓûî | 2555/3000 [10:17<01:41,  4.36it/s]
 85%|ΓûêΓûêΓûêΓûêΓûêΓûêΓûêΓûêΓûî | 2556/3000 [10:17<01:55,  3.83it/s]
 85%|ΓûêΓûêΓûêΓûêΓûêΓûêΓûêΓûêΓûî | 2557/3000 [10:17<01:48,  4.08it/s]
 85%|ΓûêΓûêΓûêΓûêΓûêΓûêΓûêΓûêΓûî | 2558/3000 [10:17<01:39,  4.45it/s]
 85%|ΓûêΓûêΓûêΓûêΓûêΓûêΓûêΓûêΓûî | 2559/3000 [10:18<01:50,  3.97it/s]
 85%|ΓûêΓûêΓûêΓûêΓûêΓûêΓûêΓûêΓûî | 2560/3000 [10:18<01:50,  3.99it/s]
 85%|ΓûêΓûêΓûêΓûêΓûêΓûêΓûêΓûêΓûî | 2561/3000 [10:18<02:00,  3.65it/s]
 85%|ΓûêΓûêΓûêΓûêΓûêΓûêΓûêΓûêΓûî | 2562/3000 [10:18<01:47,  4.08it/s]
 85%|ΓûêΓûêΓûêΓûêΓûêΓûêΓûêΓûêΓûî | 2563/3000 [10:18<01:36,  4.52it/s]
 85%|ΓûêΓûêΓûêΓûêΓûêΓûêΓûêΓûêΓûî | 2564/3000 [10:19<01:36,  4.50it/s]
 86%|ΓûêΓûêΓûêΓûêΓûêΓûêΓûêΓûêΓûî | 2565/3000 [10:19<01:29,  4.84it/s]
 86%|ΓûêΓûêΓûêΓûêΓûêΓûêΓûêΓûêΓûî | 2566/3000 [10:19<01:23,  5.21it/s]
 86%|ΓûêΓûêΓûêΓûêΓûêΓûêΓûêΓûêΓûî | 2567/3000 [10:19<01:31,  4.73it/s]
 86%|ΓûêΓûêΓûêΓûêΓûêΓûêΓûêΓûêΓûî | 2568/3000 [10:20<01:37,  4.42it/s]
 86%|ΓûêΓûêΓûêΓûêΓûêΓûêΓûêΓûêΓûî | 2569/3000 [10:20<01:30,  4.75it/s]
 86%|ΓûêΓûêΓûêΓûêΓûêΓûêΓûêΓûêΓûî | 2570/3000 [10:20<01:30,  4.77it/s]
 86%|ΓûêΓûêΓûêΓûêΓûêΓûêΓûêΓûêΓûî | 2571/3000 [10:20<01:44,  4.11it/s]
 86%|ΓûêΓûêΓûêΓûêΓûêΓûêΓûêΓûêΓûî | 2572/3000 [10:20<01:44,  4.11it/s]
 86%|ΓûêΓûêΓûêΓûêΓûêΓûêΓûêΓûêΓûî | 2573/3000 [10:21<01:46,  4.01it/s]
 86%|ΓûêΓûêΓûêΓûêΓûêΓûêΓûêΓûêΓûî | 2574/3000 [10:21<01:40,  4.26it/s]
 86%|ΓûêΓûêΓûêΓûêΓûêΓûêΓûêΓûêΓûî | 2575/3000 [10:21<01:35,  4.47it/s]
 86%|ΓûêΓûêΓûêΓûêΓûêΓûêΓûêΓûêΓûî | 2576/3000 [10:21<01:43,  4.08it/s]
 86%|ΓûêΓûêΓûêΓûêΓûêΓûêΓûêΓûêΓûî | 2577/3000 [10:22<02:07,  3.31it/s]
 86%|ΓûêΓûêΓûêΓûêΓûêΓûêΓûêΓûêΓûî | 2578/3000 [10:22<02:03,  3.41it/s]
 86%|ΓûêΓûêΓûêΓûêΓûêΓûêΓûêΓûêΓûî | 2579/3000 [10:22<01:45,  3.98it/s]
 86%|ΓûêΓûêΓûêΓûêΓûêΓûêΓûêΓûêΓûî | 2580/3000 [10:23<01:58,  3.54it/s]
 86%|ΓûêΓûêΓûêΓûêΓûêΓûêΓûêΓûêΓûî | 2581/3000 [10:23<02:08,  3.27it/s]
 86%|ΓûêΓûêΓûêΓûêΓûêΓûêΓûêΓûêΓûî | 2582/3000 [10:23<01:59,  3.49it/s]
 86%|ΓûêΓûêΓûêΓûêΓûêΓûêΓûêΓûêΓûî | 2583/3000 [10:24<02:08,  3.24it/s]
 86%|ΓûêΓûêΓûêΓûêΓûêΓûêΓûêΓûêΓûî | 2584/3000 [10:24<01:54,  3.63it/s]
 86%|ΓûêΓûêΓûêΓûêΓûêΓûêΓûêΓûêΓûî | 2585/3000 [10:24<02:04,  3.34it/s]
 86%|ΓûêΓûêΓûêΓûêΓûêΓûêΓûêΓûêΓûî | 2586/3000 [10:24<01:46,  3.88it/s]
 86%|ΓûêΓûêΓûêΓûêΓûêΓûêΓûêΓûêΓûî | 2587/3000 [10:25<01:54,  3.62it/s]
 86%|ΓûêΓûêΓûêΓûêΓûêΓûêΓûêΓûêΓûï | 2588/3000 [10:25<01:48,  3.81it/s]
 86%|ΓûêΓûêΓûêΓûêΓûêΓûêΓûêΓûêΓûï | 2589/3000 [10:25<01:38,  4.18it/s]
 86%|ΓûêΓûêΓûêΓûêΓûêΓûêΓûêΓûêΓûï | 2590/3000 [10:25<01:30,  4.55it/s]
 86%|ΓûêΓûêΓûêΓûêΓûêΓûêΓûêΓûêΓûï | 2591/3000 [10:26<01:35,  4.28it/s]
 86%|ΓûêΓûêΓûêΓûêΓûêΓûêΓûêΓûêΓûï | 2592/3000 [10:26<01:39,  4.09it/s]
 86%|ΓûêΓûêΓûêΓûêΓûêΓûêΓûêΓûêΓûï | 2593/3000 [10:26<01:41,  4.00it/s]
 86%|ΓûêΓûêΓûêΓûêΓûêΓûêΓûêΓûêΓûï | 2594/3000 [10:26<01:30,  4.51it/s]
 86%|ΓûêΓûêΓûêΓûêΓûêΓûêΓûêΓûêΓûï | 2595/3000 [10:26<01:25,  4.73it/s]
 87%|ΓûêΓûêΓûêΓûêΓûêΓûêΓûêΓûêΓûï | 2596/3000 [10:27<01:31,  4.41it/s]
 87%|ΓûêΓûêΓûêΓûêΓûêΓûêΓûêΓûêΓûï | 2597/3000 [10:27<01:42,  3.95it/s]
 87%|ΓûêΓûêΓûêΓûêΓûêΓûêΓûêΓûêΓûï | 2598/3000 [10:27<01:33,  4.31it/s]
 87%|ΓûêΓûêΓûêΓûêΓûêΓûêΓûêΓûêΓûï | 2599/3000 [10:27<01:23,  4.78it/s]
 87%|ΓûêΓûêΓûêΓûêΓûêΓûêΓûêΓûêΓûï | 2600/3000 [10:27<01:17,  5.14it/s]
 87%|ΓûêΓûêΓûêΓûêΓûêΓûêΓûêΓûêΓûï | 2601/3000 [10:28<01:13,  5.39it/s]
 87%|ΓûêΓûêΓûêΓûêΓûêΓûêΓûêΓûêΓûï | 2602/3000 [10:28<01:18,  5.07it/s]
 87%|ΓûêΓûêΓûêΓûêΓûêΓûêΓûêΓûêΓûï | 2604/3000 [10:28<01:02,  6.37it/s]
 87%|ΓûêΓûêΓûêΓûêΓûêΓûêΓûêΓûêΓûï | 2605/3000 [10:28<01:02,  6.35it/s]
 87%|ΓûêΓûêΓûêΓûêΓûêΓûêΓûêΓûêΓûï | 2606/3000 [10:28<01:03,  6.22it/s]
 87%|ΓûêΓûêΓûêΓûêΓûêΓûêΓûêΓûêΓûï | 2607/3000 [10:29<01:19,  4.96it/s]
 87%|ΓûêΓûêΓûêΓûêΓûêΓûêΓûêΓûêΓûï | 2608/3000 [10:29<01:33,  4.18it/s]
 87%|ΓûêΓûêΓûêΓûêΓûêΓûêΓûêΓûêΓûï | 2609/3000 [10:29<01:36,  4.05it/s]
 87%|ΓûêΓûêΓûêΓûêΓûêΓûêΓûêΓûêΓûï | 2610/3000 [10:29<01:26,  4.53it/s]
 87%|ΓûêΓûêΓûêΓûêΓûêΓûêΓûêΓûêΓûï | 2611/3000 [10:30<01:28,  4.40it/s]
 87%|ΓûêΓûêΓûêΓûêΓûêΓûêΓûêΓûêΓûï | 2612/3000 [10:30<01:22,  4.72it/s]
 87%|ΓûêΓûêΓûêΓûêΓûêΓûêΓûêΓûêΓûï | 2613/3000 [10:30<01:21,  4.76it/s]
 87%|ΓûêΓûêΓûêΓûêΓûêΓûêΓûêΓûêΓûï | 2614/3000 [10:30<01:29,  4.32it/s]
 87%|ΓûêΓûêΓûêΓûêΓûêΓûêΓûêΓûêΓûï | 2615/3000 [10:31<01:30,  4.27it/s]
 87%|ΓûêΓûêΓûêΓûêΓûêΓûêΓûêΓûêΓûï | 2616/3000 [10:31<01:31,  4.21it/s]
 87%|ΓûêΓûêΓûêΓûêΓûêΓûêΓûêΓûêΓûï | 2617/3000 [10:31<01:22,  4.66it/s]
 87%|ΓûêΓûêΓûêΓûêΓûêΓûêΓûêΓûêΓûï | 2618/3000 [10:31<01:27,  4.37it/s]
 87%|ΓûêΓûêΓûêΓûêΓûêΓûêΓûêΓûêΓûï | 2619/3000 [10:32<01:28,  4.29it/s]
 87%|ΓûêΓûêΓûêΓûêΓûêΓûêΓûêΓûêΓûï | 2620/3000 [10:32<01:20,  4.74it/s]
 87%|ΓûêΓûêΓûêΓûêΓûêΓûêΓûêΓûêΓûï | 2621/3000 [10:32<01:42,  3.71it/s]
 87%|ΓûêΓûêΓûêΓûêΓûêΓûêΓûêΓûêΓûï | 2622/3000 [10:32<01:35,  3.97it/s]
 87%|ΓûêΓûêΓûêΓûêΓûêΓûêΓûêΓûêΓûï | 2623/3000 [10:32<01:24,  4.44it/s]
 87%|ΓûêΓûêΓûêΓûêΓûêΓûêΓûêΓûêΓûï | 2624/3000 [10:33<01:17,  4.84it/s]
 88%|ΓûêΓûêΓûêΓûêΓûêΓûêΓûêΓûêΓûè | 2625/3000 [10:33<01:36,  3.88it/s]
 88%|ΓûêΓûêΓûêΓûêΓûêΓûêΓûêΓûêΓûè | 2626/3000 [10:33<01:34,  3.94it/s]
 88%|ΓûêΓûêΓûêΓûêΓûêΓûêΓûêΓûêΓûè | 2627/3000 [10:33<01:25,  4.34it/s]
 88%|ΓûêΓûêΓûêΓûêΓûêΓûêΓûêΓûêΓûè | 2628/3000 [10:34<01:19,  4.67it/s]
 88%|ΓûêΓûêΓûêΓûêΓûêΓûêΓûêΓûêΓûè | 2629/3000 [10:34<01:35,  3.89it/s]
 88%|ΓûêΓûêΓûêΓûêΓûêΓûêΓûêΓûêΓûè | 2630/3000 [10:34<01:23,  4.41it/s]
 88%|ΓûêΓûêΓûêΓûêΓûêΓûêΓûêΓûêΓûè | 2631/3000 [10:34<01:26,  4.26it/s]
 88%|ΓûêΓûêΓûêΓûêΓûêΓûêΓûêΓûêΓûè | 2632/3000 [10:35<01:36,  3.80it/s]
 88%|ΓûêΓûêΓûêΓûêΓûêΓûêΓûêΓûêΓûè | 2633/3000 [10:35<01:25,  4.28it/s]
 88%|ΓûêΓûêΓûêΓûêΓûêΓûêΓûêΓûêΓûè | 2634/3000 [10:35<01:27,  4.18it/s]
 88%|ΓûêΓûêΓûêΓûêΓûêΓûêΓûêΓûêΓûè | 2635/3000 [10:35<01:20,  4.55it/s]
 88%|ΓûêΓûêΓûêΓûêΓûêΓûêΓûêΓûêΓûè | 2636/3000 [10:35<01:14,  4.91it/s]
 88%|ΓûêΓûêΓûêΓûêΓûêΓûêΓûêΓûêΓûè | 2637/3000 [10:36<01:23,  4.33it/s]
 88%|ΓûêΓûêΓûêΓûêΓûêΓûêΓûêΓûêΓûè | 2638/3000 [10:36<01:25,  4.24it/s]
 88%|ΓûêΓûêΓûêΓûêΓûêΓûêΓûêΓûêΓûè | 2639/3000 [10:36<01:38,  3.65it/s]
 88%|ΓûêΓûêΓûêΓûêΓûêΓûêΓûêΓûêΓûè | 2640/3000 [10:37<01:27,  4.10it/s]
 88%|ΓûêΓûêΓûêΓûêΓûêΓûêΓûêΓûêΓûè | 2641/3000 [10:37<01:20,  4.47it/s]
 88%|ΓûêΓûêΓûêΓûêΓûêΓûêΓûêΓûêΓûè | 2642/3000 [10:37<01:12,  4.92it/s]
 88%|ΓûêΓûêΓûêΓûêΓûêΓûêΓûêΓûêΓûè | 2643/3000 [10:37<01:08,  5.24it/s]
 88%|ΓûêΓûêΓûêΓûêΓûêΓûêΓûêΓûêΓûè | 2644/3000 [10:37<01:06,  5.37it/s]
 88%|ΓûêΓûêΓûêΓûêΓûêΓûêΓûêΓûêΓûè | 2645/3000 [10:37<01:17,  4.60it/s]
 88%|ΓûêΓûêΓûêΓûêΓûêΓûêΓûêΓûêΓûè | 2646/3000 [10:38<01:15,  4.67it/s]
 88%|ΓûêΓûêΓûêΓûêΓûêΓûêΓûêΓûêΓûè | 2647/3000 [10:38<01:22,  4.28it/s]
 88%|ΓûêΓûêΓûêΓûêΓûêΓûêΓûêΓûêΓûè | 2648/3000 [10:38<01:16,  4.62it/s]
 88%|ΓûêΓûêΓûêΓûêΓûêΓûêΓûêΓûêΓûè | 2649/3000 [10:38<01:21,  4.31it/s]
 88%|ΓûêΓûêΓûêΓûêΓûêΓûêΓûêΓûêΓûè | 2650/3000 [10:39<01:16,  4.57it/s]
 88%|ΓûêΓûêΓûêΓûêΓûêΓûêΓûêΓûêΓûè | 2651/3000 [10:39<01:10,  4.93it/s]
 88%|ΓûêΓûêΓûêΓûêΓûêΓûêΓûêΓûêΓûè | 2652/3000 [10:39<01:10,  4.91it/s]
 88%|ΓûêΓûêΓûêΓûêΓûêΓûêΓûêΓûêΓûè | 2653/3000 [10:39<01:09,  4.96it/s]
 88%|ΓûêΓûêΓûêΓûêΓûêΓûêΓûêΓûêΓûè | 2654/3000 [10:39<01:07,  5.16it/s]
 88%|ΓûêΓûêΓûêΓûêΓûêΓûêΓûêΓûêΓûè | 2655/3000 [10:40<01:04,  5.37it/s]
 89%|ΓûêΓûêΓûêΓûêΓûêΓûêΓûêΓûêΓûè | 2656/3000 [10:40<01:06,  5.14it/s]
 89%|ΓûêΓûêΓûêΓûêΓûêΓûêΓûêΓûêΓûè | 2657/3000 [10:40<01:15,  4.56it/s]
 89%|ΓûêΓûêΓûêΓûêΓûêΓûêΓûêΓûêΓûè | 2658/3000 [10:40<01:20,  4.26it/s]
 89%|ΓûêΓûêΓûêΓûêΓûêΓûêΓûêΓûêΓûè | 2659/3000 [10:41<01:24,  4.05it/s]
 89%|ΓûêΓûêΓûêΓûêΓûêΓûêΓûêΓûêΓûè | 2660/3000 [10:41<01:16,  4.43it/s]
 89%|ΓûêΓûêΓûêΓûêΓûêΓûêΓûêΓûêΓûè | 2661/3000 [10:41<01:14,  4.57it/s]
 89%|ΓûêΓûêΓûêΓûêΓûêΓûêΓûêΓûêΓûè | 2662/3000 [10:41<01:30,  3.73it/s]
 89%|ΓûêΓûêΓûêΓûêΓûêΓûêΓûêΓûêΓûë | 2663/3000 [10:42<01:22,  4.09it/s]
 89%|ΓûêΓûêΓûêΓûêΓûêΓûêΓûêΓûêΓûë | 2664/3000 [10:42<01:21,  4.12it/s]
 89%|ΓûêΓûêΓûêΓûêΓûêΓûêΓûêΓûêΓûë | 2665/3000 [10:42<01:27,  3.82it/s]
 89%|ΓûêΓûêΓûêΓûêΓûêΓûêΓûêΓûêΓûë | 2666/3000 [10:42<01:36,  3.48it/s]
 89%|ΓûêΓûêΓûêΓûêΓûêΓûêΓûêΓûêΓûë | 2667/3000 [10:43<01:48,  3.08it/s]
 89%|ΓûêΓûêΓûêΓûêΓûêΓûêΓûêΓûêΓûë | 2668/3000 [10:43<01:37,  3.42it/s]
 89%|ΓûêΓûêΓûêΓûêΓûêΓûêΓûêΓûêΓûë | 2669/3000 [10:43<01:23,  3.96it/s]
 89%|ΓûêΓûêΓûêΓûêΓûêΓûêΓûêΓûêΓûë | 2670/3000 [10:43<01:14,  4.41it/s]
 89%|ΓûêΓûêΓûêΓûêΓûêΓûêΓûêΓûêΓûë | 2671/3000 [10:44<01:10,  4.64it/s]
 89%|ΓûêΓûêΓûêΓûêΓûêΓûêΓûêΓûêΓûë | 2672/3000 [10:44<01:19,  4.12it/s]
 89%|ΓûêΓûêΓûêΓûêΓûêΓûêΓûêΓûêΓûë | 2673/3000 [10:44<01:31,  3.58it/s]
 89%|ΓûêΓûêΓûêΓûêΓûêΓûêΓûêΓûêΓûë | 2674/3000 [10:44<01:22,  3.96it/s]
 89%|ΓûêΓûêΓûêΓûêΓûêΓûêΓûêΓûêΓûë | 2675/3000 [10:45<01:21,  3.98it/s]
 89%|ΓûêΓûêΓûêΓûêΓûêΓûêΓûêΓûêΓûë | 2676/3000 [10:45<01:36,  3.37it/s]
 89%|ΓûêΓûêΓûêΓûêΓûêΓûêΓûêΓûêΓûë | 2677/3000 [10:45<01:24,  3.82it/s]
 89%|ΓûêΓûêΓûêΓûêΓûêΓûêΓûêΓûêΓûë | 2678/3000 [10:45<01:20,  3.98it/s]
 89%|ΓûêΓûêΓûêΓûêΓûêΓûêΓûêΓûêΓûë | 2679/3000 [10:46<01:13,  4.36it/s]
 89%|ΓûêΓûêΓûêΓûêΓûêΓûêΓûêΓûêΓûë | 2680/3000 [10:46<01:12,  4.42it/s]
 89%|ΓûêΓûêΓûêΓûêΓûêΓûêΓûêΓûêΓûë | 2681/3000 [10:46<01:06,  4.82it/s]
 89%|ΓûêΓûêΓûêΓûêΓûêΓûêΓûêΓûêΓûë | 2682/3000 [10:46<01:18,  4.06it/s]
 89%|ΓûêΓûêΓûêΓûêΓûêΓûêΓûêΓûêΓûë | 2683/3000 [10:47<01:10,  4.52it/s]
 89%|ΓûêΓûêΓûêΓûêΓûêΓûêΓûêΓûêΓûë | 2684/3000 [10:47<01:13,  4.33it/s]
 90%|ΓûêΓûêΓûêΓûêΓûêΓûêΓûêΓûêΓûë | 2685/3000 [10:47<01:05,  4.78it/s]
 90%|ΓûêΓûêΓûêΓûêΓûêΓûêΓûêΓûêΓûë | 2686/3000 [10:47<01:00,  5.17it/s]
 90%|ΓûêΓûêΓûêΓûêΓûêΓûêΓûêΓûêΓûë | 2687/3000 [10:47<01:00,  5.21it/s]
 90%|ΓûêΓûêΓûêΓûêΓûêΓûêΓûêΓûêΓûë | 2688/3000 [10:47<00:58,  5.38it/s]
 90%|ΓûêΓûêΓûêΓûêΓûêΓûêΓûêΓûêΓûë | 2689/3000 [10:48<00:59,  5.19it/s]
 90%|ΓûêΓûêΓûêΓûêΓûêΓûêΓûêΓûêΓûë | 2690/3000 [10:48<01:03,  4.86it/s]
 90%|ΓûêΓûêΓûêΓûêΓûêΓûêΓûêΓûêΓûë | 2691/3000 [10:48<01:03,  4.84it/s]
 90%|ΓûêΓûêΓûêΓûêΓûêΓûêΓûêΓûêΓûë | 2692/3000 [10:48<00:59,  5.21it/s]
 90%|ΓûêΓûêΓûêΓûêΓûêΓûêΓûêΓûêΓûë | 2693/3000 [10:48<00:56,  5.40it/s]
 90%|ΓûêΓûêΓûêΓûêΓûêΓûêΓûêΓûêΓûë | 2694/3000 [10:49<01:10,  4.32it/s]
 90%|ΓûêΓûêΓûêΓûêΓûêΓûêΓûêΓûêΓûë | 2695/3000 [10:49<01:06,  4.59it/s]
 90%|ΓûêΓûêΓûêΓûêΓûêΓûêΓûêΓûêΓûë | 2696/3000 [10:49<01:05,  4.67it/s]
 90%|ΓûêΓûêΓûêΓûêΓûêΓûêΓûêΓûêΓûë | 2697/3000 [10:49<01:07,  4.49it/s]
 90%|ΓûêΓûêΓûêΓûêΓûêΓûêΓûêΓûêΓûë | 2698/3000 [10:50<01:01,  4.91it/s]
 90%|ΓûêΓûêΓûêΓûêΓûêΓûêΓûêΓûêΓûë | 2699/3000 [10:50<01:04,  4.66it/s]
 90%|ΓûêΓûêΓûêΓûêΓûêΓûêΓûêΓûêΓûê | 2700/3000 [10:50<01:12,  4.12it/s]
 90%|ΓûêΓûêΓûêΓûêΓûêΓûêΓûêΓûêΓûê | 2701/3000 [10:50<01:04,  4.64it/s]
 90%|ΓûêΓûêΓûêΓûêΓûêΓûêΓûêΓûêΓûê | 2702/3000 [10:51<01:13,  4.04it/s]
 90%|ΓûêΓûêΓûêΓûêΓûêΓûêΓûêΓûêΓûê | 2703/3000 [10:51<01:10,  4.23it/s]
 90%|ΓûêΓûêΓûêΓûêΓûêΓûêΓûêΓûêΓûê | 2704/3000 [10:51<01:03,  4.68it/s]
 90%|ΓûêΓûêΓûêΓûêΓûêΓûêΓûêΓûêΓûê | 2705/3000 [10:51<01:05,  4.51it/s]
 90%|ΓûêΓûêΓûêΓûêΓûêΓûêΓûêΓûêΓûê | 2706/3000 [10:51<01:08,  4.29it/s]
 90%|ΓûêΓûêΓûêΓûêΓûêΓûêΓûêΓûêΓûê | 2707/3000 [10:52<01:02,  4.69it/s]
 90%|ΓûêΓûêΓûêΓûêΓûêΓûêΓûêΓûêΓûê | 2708/3000 [10:52<01:24,  3.47it/s]
 90%|ΓûêΓûêΓûêΓûêΓûêΓûêΓûêΓûêΓûê | 2709/3000 [10:52<01:24,  3.45it/s]
 90%|ΓûêΓûêΓûêΓûêΓûêΓûêΓûêΓûêΓûê | 2710/3000 [10:53<01:26,  3.36it/s]
 90%|ΓûêΓûêΓûêΓûêΓûêΓûêΓûêΓûêΓûê | 2711/3000 [10:53<01:24,  3.40it/s]
 90%|ΓûêΓûêΓûêΓûêΓûêΓûêΓûêΓûêΓûê | 2712/3000 [10:53<01:23,  3.46it/s]
 90%|ΓûêΓûêΓûêΓûêΓûêΓûêΓûêΓûêΓûê | 2713/3000 [10:54<01:22,  3.50it/s]
 90%|ΓûêΓûêΓûêΓûêΓûêΓûêΓûêΓûêΓûê | 2714/3000 [10:54<01:16,  3.73it/s]
 90%|ΓûêΓûêΓûêΓûêΓûêΓûêΓûêΓûêΓûê | 2715/3000 [10:54<01:12,  3.95it/s]
 91%|ΓûêΓûêΓûêΓûêΓûêΓûêΓûêΓûêΓûê | 2716/3000 [10:54<01:17,  3.65it/s]
 91%|ΓûêΓûêΓûêΓûêΓûêΓûêΓûêΓûêΓûê | 2717/3000 [10:55<01:12,  3.88it/s]
 91%|ΓûêΓûêΓûêΓûêΓûêΓûêΓûêΓûêΓûê | 2718/3000 [10:55<01:07,  4.18it/s]
 91%|ΓûêΓûêΓûêΓûêΓûêΓûêΓûêΓûêΓûê | 2719/3000 [10:55<01:00,  4.64it/s]
 91%|ΓûêΓûêΓûêΓûêΓûêΓûêΓûêΓûêΓûê | 2720/3000 [10:55<00:55,  5.03it/s]
 91%|ΓûêΓûêΓûêΓûêΓûêΓûêΓûêΓûêΓûê | 2721/3000 [10:55<00:52,  5.30it/s]
 91%|ΓûêΓûêΓûêΓûêΓûêΓûêΓûêΓûêΓûê | 2722/3000 [10:55<01:00,  4.61it/s]
 91%|ΓûêΓûêΓûêΓûêΓûêΓûêΓûêΓûêΓûê | 2723/3000 [10:56<00:55,  5.01it/s]
 91%|ΓûêΓûêΓûêΓûêΓûêΓûêΓûêΓûêΓûê | 2724/3000 [10:56<01:09,  3.96it/s]
 91%|ΓûêΓûêΓûêΓûêΓûêΓûêΓûêΓûêΓûê | 2725/3000 [10:56<01:14,  3.67it/s]
 91%|ΓûêΓûêΓûêΓûêΓûêΓûêΓûêΓûêΓûê | 2726/3000 [10:57<01:07,  4.06it/s]
 91%|ΓûêΓûêΓûêΓûêΓûêΓûêΓûêΓûêΓûê | 2727/3000 [10:57<01:01,  4.45it/s]
 91%|ΓûêΓûêΓûêΓûêΓûêΓûêΓûêΓûêΓûê | 2728/3000 [10:57<00:56,  4.81it/s]
 91%|ΓûêΓûêΓûêΓûêΓûêΓûêΓûêΓûêΓûê | 2729/3000 [10:57<01:00,  4.50it/s]
 91%|ΓûêΓûêΓûêΓûêΓûêΓûêΓûêΓûêΓûê | 2730/3000 [10:57<00:55,  4.85it/s]
 91%|ΓûêΓûêΓûêΓûêΓûêΓûêΓûêΓûêΓûê | 2731/3000 [10:58<00:56,  4.72it/s]
 91%|ΓûêΓûêΓûêΓûêΓûêΓûêΓûêΓûêΓûê | 2732/3000 [10:58<01:00,  4.44it/s]
 91%|ΓûêΓûêΓûêΓûêΓûêΓûêΓûêΓûêΓûê | 2733/3000 [10:58<00:55,  4.82it/s]
 91%|ΓûêΓûêΓûêΓûêΓûêΓûêΓûêΓûêΓûê | 2734/3000 [10:58<00:52,  5.02it/s]
 91%|ΓûêΓûêΓûêΓûêΓûêΓûêΓûêΓûêΓûê | 2735/3000 [10:58<01:02,  4.21it/s]
 91%|ΓûêΓûêΓûêΓûêΓûêΓûêΓûêΓûêΓûê | 2736/3000 [10:59<00:56,  4.64it/s]
 91%|ΓûêΓûêΓûêΓûêΓûêΓûêΓûêΓûêΓûê | 2737/3000 [10:59<01:02,  4.22it/s]
 91%|ΓûêΓûêΓûêΓûêΓûêΓûêΓûêΓûêΓûêΓûÅ| 2738/3000 [10:59<01:01,  4.23it/s]
 91%|ΓûêΓûêΓûêΓûêΓûêΓûêΓûêΓûêΓûêΓûÅ| 2739/3000 [10:59<01:02,  4.20it/s]
 91%|ΓûêΓûêΓûêΓûêΓûêΓûêΓûêΓûêΓûêΓûÅ| 2740/3000 [11:00<00:56,  4.64it/s]
 91%|ΓûêΓûêΓûêΓûêΓûêΓûêΓûêΓûêΓûêΓûÅ| 2741/3000 [11:00<00:51,  5.03it/s]
 91%|ΓûêΓûêΓûêΓûêΓûêΓûêΓûêΓûêΓûêΓûÅ| 2742/3000 [11:00<00:51,  5.05it/s]
 91%|ΓûêΓûêΓûêΓûêΓûêΓûêΓûêΓûêΓûêΓûÅ| 2743/3000 [11:00<00:52,  4.89it/s]
 91%|ΓûêΓûêΓûêΓûêΓûêΓûêΓûêΓûêΓûêΓûÅ| 2744/3000 [11:00<00:48,  5.28it/s]
 92%|ΓûêΓûêΓûêΓûêΓûêΓûêΓûêΓûêΓûêΓûÅ| 2745/3000 [11:00<00:46,  5.43it/s]
 92%|ΓûêΓûêΓûêΓûêΓûêΓûêΓûêΓûêΓûêΓûÅ| 2746/3000 [11:01<00:50,  5.06it/s]
 92%|ΓûêΓûêΓûêΓûêΓûêΓûêΓûêΓûêΓûêΓûÅ| 2747/3000 [11:01<00:48,  5.19it/s]
 92%|ΓûêΓûêΓûêΓûêΓûêΓûêΓûêΓûêΓûêΓûÅ| 2748/3000 [11:01<00:58,  4.27it/s]
 92%|ΓûêΓûêΓûêΓûêΓûêΓûêΓûêΓûêΓûêΓûÅ| 2749/3000 [11:01<00:54,  4.61it/s]
 92%|ΓûêΓûêΓûêΓûêΓûêΓûêΓûêΓûêΓûêΓûÅ| 2750/3000 [11:02<01:00,  4.13it/s]
 92%|ΓûêΓûêΓûêΓûêΓûêΓûêΓûêΓûêΓûêΓûÅ| 2751/3000 [11:02<00:55,  4.47it/s]
 92%|ΓûêΓûêΓûêΓûêΓûêΓûêΓûêΓûêΓûêΓûÅ| 2752/3000 [11:02<00:56,  4.38it/s]
 92%|ΓûêΓûêΓûêΓûêΓûêΓûêΓûêΓûêΓûêΓûÅ| 2753/3000 [11:02<00:51,  4.82it/s]
 92%|ΓûêΓûêΓûêΓûêΓûêΓûêΓûêΓûêΓûêΓûÅ| 2754/3000 [11:02<00:47,  5.14it/s]
 92%|ΓûêΓûêΓûêΓûêΓûêΓûêΓûêΓûêΓûêΓûÅ| 2755/3000 [11:03<00:54,  4.52it/s]
 92%|ΓûêΓûêΓûêΓûêΓûêΓûêΓûêΓûêΓûêΓûÅ| 2756/3000 [11:03<01:01,  3.94it/s]
 92%|ΓûêΓûêΓûêΓûêΓûêΓûêΓûêΓûêΓûêΓûÅ| 2757/3000 [11:03<00:55,  4.40it/s]
 92%|ΓûêΓûêΓûêΓûêΓûêΓûêΓûêΓûêΓûêΓûÅ| 2758/3000 [11:03<00:57,  4.23it/s]
 92%|ΓûêΓûêΓûêΓûêΓûêΓûêΓûêΓûêΓûêΓûÅ| 2759/3000 [11:04<00:51,  4.64it/s]
 92%|ΓûêΓûêΓûêΓûêΓûêΓûêΓûêΓûêΓûêΓûÅ| 2760/3000 [11:04<00:47,  5.06it/s]
 92%|ΓûêΓûêΓûêΓûêΓûêΓûêΓûêΓûêΓûêΓûÅ| 2761/3000 [11:04<00:53,  4.47it/s]
 92%|ΓûêΓûêΓûêΓûêΓûêΓûêΓûêΓûêΓûêΓûÅ| 2762/3000 [11:04<00:49,  4.79it/s]
 92%|ΓûêΓûêΓûêΓûêΓûêΓûêΓûêΓûêΓûêΓûÅ| 2763/3000 [11:04<00:48,  4.88it/s]
 92%|ΓûêΓûêΓûêΓûêΓûêΓûêΓûêΓûêΓûêΓûÅ| 2764/3000 [11:05<00:45,  5.24it/s]
 92%|ΓûêΓûêΓûêΓûêΓûêΓûêΓûêΓûêΓûêΓûÅ| 2765/3000 [11:05<00:43,  5.42it/s]
 92%|ΓûêΓûêΓûêΓûêΓûêΓûêΓûêΓûêΓûêΓûÅ| 2766/3000 [11:05<00:55,  4.25it/s]
 92%|ΓûêΓûêΓûêΓûêΓûêΓûêΓûêΓûêΓûêΓûÅ| 2767/3000 [11:05<00:59,  3.93it/s]
 92%|ΓûêΓûêΓûêΓûêΓûêΓûêΓûêΓûêΓûêΓûÅ| 2768/3000 [11:06<00:54,  4.27it/s]
 92%|ΓûêΓûêΓûêΓûêΓûêΓûêΓûêΓûêΓûêΓûÅ| 2769/3000 [11:06<00:49,  4.64it/s]
 92%|ΓûêΓûêΓûêΓûêΓûêΓûêΓûêΓûêΓûêΓûÅ| 2770/3000 [11:06<00:45,  5.07it/s]
 92%|ΓûêΓûêΓûêΓûêΓûêΓûêΓûêΓûêΓûêΓûÅ| 2771/3000 [11:06<00:43,  5.24it/s]
 92%|ΓûêΓûêΓûêΓûêΓûêΓûêΓûêΓûêΓûêΓûÅ| 2772/3000 [11:06<00:42,  5.31it/s]
 92%|ΓûêΓûêΓûêΓûêΓûêΓûêΓûêΓûêΓûêΓûÅ| 2773/3000 [11:06<00:44,  5.16it/s]
 92%|ΓûêΓûêΓûêΓûêΓûêΓûêΓûêΓûêΓûêΓûÅ| 2774/3000 [11:07<00:41,  5.43it/s]
 92%|ΓûêΓûêΓûêΓûêΓûêΓûêΓûêΓûêΓûêΓûÄ| 2775/3000 [11:07<00:39,  5.66it/s]
 93%|ΓûêΓûêΓûêΓûêΓûêΓûêΓûêΓûêΓûêΓûÄ| 2776/3000 [11:07<00:39,  5.69it/s]
 93%|ΓûêΓûêΓûêΓûêΓûêΓûêΓûêΓûêΓûêΓûÄ| 2777/3000 [11:07<00:45,  4.92it/s]
 93%|ΓûêΓûêΓûêΓûêΓûêΓûêΓûêΓûêΓûêΓûÄ| 2778/3000 [11:08<00:50,  4.38it/s]
 93%|ΓûêΓûêΓûêΓûêΓûêΓûêΓûêΓûêΓûêΓûÄ| 2779/3000 [11:08<00:46,  4.79it/s]
 93%|ΓûêΓûêΓûêΓûêΓûêΓûêΓûêΓûêΓûêΓûÄ| 2780/3000 [11:08<00:52,  4.20it/s]
 93%|ΓûêΓûêΓûêΓûêΓûêΓûêΓûêΓûêΓûêΓûÄ| 2781/3000 [11:08<00:49,  4.42it/s]
 93%|ΓûêΓûêΓûêΓûêΓûêΓûêΓûêΓûêΓûêΓûÄ| 2782/3000 [11:08<00:52,  4.16it/s]
 93%|ΓûêΓûêΓûêΓûêΓûêΓûêΓûêΓûêΓûêΓûÄ| 2783/3000 [11:09<00:46,  4.62it/s]
 93%|ΓûêΓûêΓûêΓûêΓûêΓûêΓûêΓûêΓûêΓûÄ| 2784/3000 [11:09<00:46,  4.61it/s]
 93%|ΓûêΓûêΓûêΓûêΓûêΓûêΓûêΓûêΓûêΓûÄ| 2785/3000 [11:09<00:50,  4.24it/s]
 93%|ΓûêΓûêΓûêΓûêΓûêΓûêΓûêΓûêΓûêΓûÄ| 2786/3000 [11:09<00:46,  4.61it/s]
 93%|ΓûêΓûêΓûêΓûêΓûêΓûêΓûêΓûêΓûêΓûÄ| 2787/3000 [11:10<00:48,  4.36it/s]
 93%|ΓûêΓûêΓûêΓûêΓûêΓûêΓûêΓûêΓûêΓûÄ| 2788/3000 [11:10<00:47,  4.50it/s]
 93%|ΓûêΓûêΓûêΓûêΓûêΓûêΓûêΓûêΓûêΓûÄ| 2789/3000 [11:10<00:52,  3.99it/s]
 93%|ΓûêΓûêΓûêΓûêΓûêΓûêΓûêΓûêΓûêΓûÄ| 2790/3000 [11:10<00:54,  3.85it/s]
 93%|ΓûêΓûêΓûêΓûêΓûêΓûêΓûêΓûêΓûêΓûÄ| 2791/3000 [11:11<00:52,  3.95it/s]
 93%|ΓûêΓûêΓûêΓûêΓûêΓûêΓûêΓûêΓûêΓûÄ| 2792/3000 [11:11<00:49,  4.22it/s]
 93%|ΓûêΓûêΓûêΓûêΓûêΓûêΓûêΓûêΓûêΓûÄ| 2793/3000 [11:11<00:53,  3.86it/s]
 93%|ΓûêΓûêΓûêΓûêΓûêΓûêΓûêΓûêΓûêΓûÄ| 2794/3000 [11:11<00:49,  4.19it/s]
 93%|ΓûêΓûêΓûêΓûêΓûêΓûêΓûêΓûêΓûêΓûÄ| 2795/3000 [11:12<00:53,  3.84it/s]
 93%|ΓûêΓûêΓûêΓûêΓûêΓûêΓûêΓûêΓûêΓûÄ| 2796/3000 [11:12<00:46,  4.41it/s]
 93%|ΓûêΓûêΓûêΓûêΓûêΓûêΓûêΓûêΓûêΓûÄ| 2797/3000 [11:12<00:51,  3.94it/s]
 93%|ΓûêΓûêΓûêΓûêΓûêΓûêΓûêΓûêΓûêΓûÄ| 2798/3000 [11:12<00:44,  4.50it/s]
 93%|ΓûêΓûêΓûêΓûêΓûêΓûêΓûêΓûêΓûêΓûÄ| 2799/3000 [11:12<00:39,  5.03it/s]
 93%|ΓûêΓûêΓûêΓûêΓûêΓûêΓûêΓûêΓûêΓûÄ| 2800/3000 [11:13<01:02,  3.20it/s]
 93%|ΓûêΓûêΓûêΓûêΓûêΓûêΓûêΓûêΓûêΓûÄ| 2801/3000 [11:13<01:00,  3.29it/s]
 93%|ΓûêΓûêΓûêΓûêΓûêΓûêΓûêΓûêΓûêΓûÄ| 2802/3000 [11:14<01:01,  3.20it/s]
 93%|ΓûêΓûêΓûêΓûêΓûêΓûêΓûêΓûêΓûêΓûÄ| 2803/3000 [11:14<00:55,  3.55it/s]
 93%|ΓûêΓûêΓûêΓûêΓûêΓûêΓûêΓûêΓûêΓûÄ| 2804/3000 [11:14<00:51,  3.83it/s]
 94%|ΓûêΓûêΓûêΓûêΓûêΓûêΓûêΓûêΓûêΓûÄ| 2805/3000 [11:14<00:44,  4.36it/s]
 94%|ΓûêΓûêΓûêΓûêΓûêΓûêΓûêΓûêΓûêΓûÄ| 2806/3000 [11:14<00:47,  4.05it/s]
 94%|ΓûêΓûêΓûêΓûêΓûêΓûêΓûêΓûêΓûêΓûÄ| 2807/3000 [11:15<00:43,  4.39it/s]
 94%|ΓûêΓûêΓûêΓûêΓûêΓûêΓûêΓûêΓûêΓûÄ| 2808/3000 [11:15<00:40,  4.80it/s]
 94%|ΓûêΓûêΓûêΓûêΓûêΓûêΓûêΓûêΓûêΓûÄ| 2809/3000 [11:15<00:37,  5.06it/s]
 94%|ΓûêΓûêΓûêΓûêΓûêΓûêΓûêΓûêΓûêΓûÄ| 2810/3000 [11:15<00:39,  4.83it/s]
 94%|ΓûêΓûêΓûêΓûêΓûêΓûêΓûêΓûêΓûêΓûÄ| 2811/3000 [11:15<00:39,  4.82it/s]
 94%|ΓûêΓûêΓûêΓûêΓûêΓûêΓûêΓûêΓûêΓûÄ| 2812/3000 [11:16<00:35,  5.30it/s]
 94%|ΓûêΓûêΓûêΓûêΓûêΓûêΓûêΓûêΓûêΓûì| 2813/3000 [11:16<00:34,  5.42it/s]
 94%|ΓûêΓûêΓûêΓûêΓûêΓûêΓûêΓûêΓûêΓûì| 2814/3000 [11:16<00:44,  4.15it/s]
 94%|ΓûêΓûêΓûêΓûêΓûêΓûêΓûêΓûêΓûêΓûì| 2815/3000 [11:16<00:46,  4.01it/s]
 94%|ΓûêΓûêΓûêΓûêΓûêΓûêΓûêΓûêΓûêΓûì| 2816/3000 [11:17<00:50,  3.67it/s]
 94%|ΓûêΓûêΓûêΓûêΓûêΓûêΓûêΓûêΓûêΓûì| 2817/3000 [11:17<00:44,  4.09it/s]
 94%|ΓûêΓûêΓûêΓûêΓûêΓûêΓûêΓûêΓûêΓûì| 2818/3000 [11:17<00:48,  3.75it/s]
 94%|ΓûêΓûêΓûêΓûêΓûêΓûêΓûêΓûêΓûêΓûì| 2819/3000 [11:17<00:47,  3.82it/s]
 94%|ΓûêΓûêΓûêΓûêΓûêΓûêΓûêΓûêΓûêΓûì| 2820/3000 [11:18<00:52,  3.45it/s]
 94%|ΓûêΓûêΓûêΓûêΓûêΓûêΓûêΓûêΓûêΓûì| 2821/3000 [11:18<00:49,  3.62it/s]
 94%|ΓûêΓûêΓûêΓûêΓûêΓûêΓûêΓûêΓûêΓûì| 2822/3000 [11:18<00:45,  3.91it/s]
 94%|ΓûêΓûêΓûêΓûêΓûêΓûêΓûêΓûêΓûêΓûì| 2823/3000 [11:19<00:48,  3.68it/s]
 94%|ΓûêΓûêΓûêΓûêΓûêΓûêΓûêΓûêΓûêΓûì| 2824/3000 [11:19<00:48,  3.61it/s]
 94%|ΓûêΓûêΓûêΓûêΓûêΓûêΓûêΓûêΓûêΓûì| 2825/3000 [11:19<00:55,  3.18it/s]
 94%|ΓûêΓûêΓûêΓûêΓûêΓûêΓûêΓûêΓûêΓûì| 2826/3000 [11:19<00:49,  3.54it/s]
 94%|ΓûêΓûêΓûêΓûêΓûêΓûêΓûêΓûêΓûêΓûì| 2827/3000 [11:20<00:46,  3.75it/s]
 94%|ΓûêΓûêΓûêΓûêΓûêΓûêΓûêΓûêΓûêΓûì| 2828/3000 [11:20<00:44,  3.86it/s]
 94%|ΓûêΓûêΓûêΓûêΓûêΓûêΓûêΓûêΓûêΓûì| 2829/3000 [11:20<00:41,  4.17it/s]
 94%|ΓûêΓûêΓûêΓûêΓûêΓûêΓûêΓûêΓûêΓûì| 2830/3000 [11:21<00:48,  3.47it/s]
 94%|ΓûêΓûêΓûêΓûêΓûêΓûêΓûêΓûêΓûêΓûì| 2831/3000 [11:21<00:52,  3.20it/s]
 94%|ΓûêΓûêΓûêΓûêΓûêΓûêΓûêΓûêΓûêΓûì| 2832/3000 [11:21<00:45,  3.70it/s]
 94%|ΓûêΓûêΓûêΓûêΓûêΓûêΓûêΓûêΓûêΓûì| 2833/3000 [11:21<00:45,  3.64it/s]
 94%|ΓûêΓûêΓûêΓûêΓûêΓûêΓûêΓûêΓûêΓûì| 2834/3000 [11:22<00:40,  4.10it/s]
 94%|ΓûêΓûêΓûêΓûêΓûêΓûêΓûêΓûêΓûêΓûì| 2835/3000 [11:22<00:51,  3.19it/s]
 95%|ΓûêΓûêΓûêΓûêΓûêΓûêΓûêΓûêΓûêΓûì| 2836/3000 [11:22<00:47,  3.45it/s]
 95%|ΓûêΓûêΓûêΓûêΓûêΓûêΓûêΓûêΓûêΓûì| 2837/3000 [11:22<00:45,  3.55it/s]
 95%|ΓûêΓûêΓûêΓûêΓûêΓûêΓûêΓûêΓûêΓûì| 2838/3000 [11:23<00:41,  3.91it/s]
 95%|ΓûêΓûêΓûêΓûêΓûêΓûêΓûêΓûêΓûêΓûì| 2839/3000 [11:23<00:39,  4.07it/s]
 95%|ΓûêΓûêΓûêΓûêΓûêΓûêΓûêΓûêΓûêΓûì| 2840/3000 [11:23<00:36,  4.35it/s]
 95%|ΓûêΓûêΓûêΓûêΓûêΓûêΓûêΓûêΓûêΓûì| 2841/3000 [11:23<00:41,  3.84it/s]
 95%|ΓûêΓûêΓûêΓûêΓûêΓûêΓûêΓûêΓûêΓûì| 2842/3000 [11:24<00:46,  3.39it/s]
 95%|ΓûêΓûêΓûêΓûêΓûêΓûêΓûêΓûêΓûêΓûì| 2843/3000 [11:24<00:45,  3.45it/s]
 95%|ΓûêΓûêΓûêΓûêΓûêΓûêΓûêΓûêΓûêΓûì| 2844/3000 [11:24<00:46,  3.33it/s]
 95%|ΓûêΓûêΓûêΓûêΓûêΓûêΓûêΓûêΓûêΓûì| 2845/3000 [11:25<00:47,  3.28it/s]
 95%|ΓûêΓûêΓûêΓûêΓûêΓûêΓûêΓûêΓûêΓûì| 2846/3000 [11:25<00:46,  3.31it/s]
 95%|ΓûêΓûêΓûêΓûêΓûêΓûêΓûêΓûêΓûêΓûì| 2847/3000 [11:25<00:41,  3.71it/s]
 95%|ΓûêΓûêΓûêΓûêΓûêΓûêΓûêΓûêΓûêΓûì| 2848/3000 [11:25<00:41,  3.68it/s]
 95%|ΓûêΓûêΓûêΓûêΓûêΓûêΓûêΓûêΓûêΓûì| 2849/3000 [11:26<00:38,  3.95it/s]
 95%|ΓûêΓûêΓûêΓûêΓûêΓûêΓûêΓûêΓûêΓûî| 2850/3000 [11:26<00:34,  4.40it/s]
 95%|ΓûêΓûêΓûêΓûêΓûêΓûêΓûêΓûêΓûêΓûî| 2851/3000 [11:26<00:31,  4.77it/s]
 95%|ΓûêΓûêΓûêΓûêΓûêΓûêΓûêΓûêΓûêΓûî| 2852/3000 [11:26<00:30,  4.81it/s]
 95%|ΓûêΓûêΓûêΓûêΓûêΓûêΓûêΓûêΓûêΓûî| 2853/3000 [11:26<00:30,  4.79it/s]
 95%|ΓûêΓûêΓûêΓûêΓûêΓûêΓûêΓûêΓûêΓûî| 2854/3000 [11:27<00:28,  5.08it/s]
 95%|ΓûêΓûêΓûêΓûêΓûêΓûêΓûêΓûêΓûêΓûî| 2855/3000 [11:27<00:28,  5.16it/s]
 95%|ΓûêΓûêΓûêΓûêΓûêΓûêΓûêΓûêΓûêΓûî| 2856/3000 [11:27<00:30,  4.69it/s]
 95%|ΓûêΓûêΓûêΓûêΓûêΓûêΓûêΓûêΓûêΓûî| 2857/3000 [11:27<00:31,  4.51it/s]
 95%|ΓûêΓûêΓûêΓûêΓûêΓûêΓûêΓûêΓûêΓûî| 2858/3000 [11:27<00:29,  4.83it/s]
 95%|ΓûêΓûêΓûêΓûêΓûêΓûêΓûêΓûêΓûêΓûî| 2859/3000 [11:28<00:35,  3.92it/s]
 95%|ΓûêΓûêΓûêΓûêΓûêΓûêΓûêΓûêΓûêΓûî| 2860/3000 [11:28<00:41,  3.36it/s]
 95%|ΓûêΓûêΓûêΓûêΓûêΓûêΓûêΓûêΓûêΓûî| 2861/3000 [11:29<00:40,  3.42it/s]
 95%|ΓûêΓûêΓûêΓûêΓûêΓûêΓûêΓûêΓûêΓûî| 2862/3000 [11:29<00:38,  3.55it/s]
 95%|ΓûêΓûêΓûêΓûêΓûêΓûêΓûêΓûêΓûêΓûî| 2863/3000 [11:29<00:41,  3.32it/s]
 95%|ΓûêΓûêΓûêΓûêΓûêΓûêΓûêΓûêΓûêΓûî| 2864/3000 [11:29<00:38,  3.52it/s]
 96%|ΓûêΓûêΓûêΓûêΓûêΓûêΓûêΓûêΓûêΓûî| 2865/3000 [11:30<00:38,  3.51it/s]
 96%|ΓûêΓûêΓûêΓûêΓûêΓûêΓûêΓûêΓûêΓûî| 2866/3000 [11:30<00:39,  3.41it/s]
 96%|ΓûêΓûêΓûêΓûêΓûêΓûêΓûêΓûêΓûêΓûî| 2867/3000 [11:30<00:40,  3.25it/s]
 96%|ΓûêΓûêΓûêΓûêΓûêΓûêΓûêΓûêΓûêΓûî| 2868/3000 [11:31<00:48,  2.73it/s]
 96%|ΓûêΓûêΓûêΓûêΓûêΓûêΓûêΓûêΓûêΓûî| 2869/3000 [11:31<00:40,  3.22it/s]
 96%|ΓûêΓûêΓûêΓûêΓûêΓûêΓûêΓûêΓûêΓûî| 2870/3000 [11:31<00:41,  3.12it/s]
 96%|ΓûêΓûêΓûêΓûêΓûêΓûêΓûêΓûêΓûêΓûî| 2871/3000 [11:32<00:42,  3.01it/s]
 96%|ΓûêΓûêΓûêΓûêΓûêΓûêΓûêΓûêΓûêΓûî| 2872/3000 [11:32<00:37,  3.43it/s]
 96%|ΓûêΓûêΓûêΓûêΓûêΓûêΓûêΓûêΓûêΓûî| 2873/3000 [11:32<00:35,  3.58it/s]
 96%|ΓûêΓûêΓûêΓûêΓûêΓûêΓûêΓûêΓûêΓûî| 2874/3000 [11:32<00:32,  3.84it/s]
 96%|ΓûêΓûêΓûêΓûêΓûêΓûêΓûêΓûêΓûêΓûî| 2875/3000 [11:33<00:38,  3.26it/s]
 96%|ΓûêΓûêΓûêΓûêΓûêΓûêΓûêΓûêΓûêΓûî| 2876/3000 [11:33<00:34,  3.61it/s]
 96%|ΓûêΓûêΓûêΓûêΓûêΓûêΓûêΓûêΓûêΓûî| 2877/3000 [11:33<00:37,  3.30it/s]
 96%|ΓûêΓûêΓûêΓûêΓûêΓûêΓûêΓûêΓûêΓûî| 2878/3000 [11:34<00:33,  3.65it/s]
 96%|ΓûêΓûêΓûêΓûêΓûêΓûêΓûêΓûêΓûêΓûî| 2879/3000 [11:34<00:31,  3.86it/s]
 96%|ΓûêΓûêΓûêΓûêΓûêΓûêΓûêΓûêΓûêΓûî| 2880/3000 [11:34<00:40,  2.99it/s]
 96%|ΓûêΓûêΓûêΓûêΓûêΓûêΓûêΓûêΓûêΓûî| 2881/3000 [11:34<00:34,  3.46it/s]
 96%|ΓûêΓûêΓûêΓûêΓûêΓûêΓûêΓûêΓûêΓûî| 2882/3000 [11:35<00:35,  3.31it/s]
 96%|ΓûêΓûêΓûêΓûêΓûêΓûêΓûêΓûêΓûêΓûî| 2883/3000 [11:35<00:33,  3.53it/s]
 96%|ΓûêΓûêΓûêΓûêΓûêΓûêΓûêΓûêΓûêΓûî| 2884/3000 [11:35<00:32,  3.59it/s]
 96%|ΓûêΓûêΓûêΓûêΓûêΓûêΓûêΓûêΓûêΓûî| 2885/3000 [11:36<00:31,  3.70it/s]
 96%|ΓûêΓûêΓûêΓûêΓûêΓûêΓûêΓûêΓûêΓûî| 2886/3000 [11:36<00:30,  3.75it/s]
 96%|ΓûêΓûêΓûêΓûêΓûêΓûêΓûêΓûêΓûêΓûî| 2887/3000 [11:36<00:26,  4.26it/s]
 96%|ΓûêΓûêΓûêΓûêΓûêΓûêΓûêΓûêΓûêΓûï| 2888/3000 [11:36<00:27,  4.08it/s]
 96%|ΓûêΓûêΓûêΓûêΓûêΓûêΓûêΓûêΓûêΓûï| 2889/3000 [11:36<00:26,  4.25it/s]
 96%|ΓûêΓûêΓûêΓûêΓûêΓûêΓûêΓûêΓûêΓûï| 2890/3000 [11:37<00:26,  4.10it/s]
 96%|ΓûêΓûêΓûêΓûêΓûêΓûêΓûêΓûêΓûêΓûï| 2891/3000 [11:37<00:26,  4.05it/s]
 96%|ΓûêΓûêΓûêΓûêΓûêΓûêΓûêΓûêΓûêΓûï| 2892/3000 [11:37<00:24,  4.46it/s]
 96%|ΓûêΓûêΓûêΓûêΓûêΓûêΓûêΓûêΓûêΓûï| 2893/3000 [11:37<00:24,  4.37it/s]
 96%|ΓûêΓûêΓûêΓûêΓûêΓûêΓûêΓûêΓûêΓûï| 2894/3000 [11:38<00:22,  4.66it/s]
 96%|ΓûêΓûêΓûêΓûêΓûêΓûêΓûêΓûêΓûêΓûï| 2895/3000 [11:38<00:26,  3.90it/s]
 97%|ΓûêΓûêΓûêΓûêΓûêΓûêΓûêΓûêΓûêΓûï| 2896/3000 [11:38<00:29,  3.54it/s]
 97%|ΓûêΓûêΓûêΓûêΓûêΓûêΓûêΓûêΓûêΓûï| 2897/3000 [11:38<00:25,  3.98it/s]
 97%|ΓûêΓûêΓûêΓûêΓûêΓûêΓûêΓûêΓûêΓûï| 2898/3000 [11:39<00:29,  3.51it/s]
 97%|ΓûêΓûêΓûêΓûêΓûêΓûêΓûêΓûêΓûêΓûï| 2899/3000 [11:39<00:30,  3.30it/s]
 97%|ΓûêΓûêΓûêΓûêΓûêΓûêΓûêΓûêΓûêΓûï| 2900/3000 [11:39<00:29,  3.40it/s]
 97%|ΓûêΓûêΓûêΓûêΓûêΓûêΓûêΓûêΓûêΓûï| 2901/3000 [11:40<00:26,  3.68it/s]
 97%|ΓûêΓûêΓûêΓûêΓûêΓûêΓûêΓûêΓûêΓûï| 2902/3000 [11:40<00:36,  2.71it/s]
 97%|ΓûêΓûêΓûêΓûêΓûêΓûêΓûêΓûêΓûêΓûï| 2903/3000 [11:41<00:33,  2.93it/s]
 97%|ΓûêΓûêΓûêΓûêΓûêΓûêΓûêΓûêΓûêΓûï| 2904/3000 [11:41<00:28,  3.31it/s]
 97%|ΓûêΓûêΓûêΓûêΓûêΓûêΓûêΓûêΓûêΓûï| 2905/3000 [11:41<00:25,  3.70it/s]
 97%|ΓûêΓûêΓûêΓûêΓûêΓûêΓûêΓûêΓûêΓûï| 2906/3000 [11:41<00:23,  4.02it/s]
 97%|ΓûêΓûêΓûêΓûêΓûêΓûêΓûêΓûêΓûêΓûï| 2907/3000 [11:41<00:25,  3.72it/s]
 97%|ΓûêΓûêΓûêΓûêΓûêΓûêΓûêΓûêΓûêΓûï| 2908/3000 [11:42<00:24,  3.82it/s]
 97%|ΓûêΓûêΓûêΓûêΓûêΓûêΓûêΓûêΓûêΓûï| 2909/3000 [11:42<00:22,  4.12it/s]
 97%|ΓûêΓûêΓûêΓûêΓûêΓûêΓûêΓûêΓûêΓûï| 2910/3000 [11:42<00:21,  4.20it/s]
 97%|ΓûêΓûêΓûêΓûêΓûêΓûêΓûêΓûêΓûêΓûï| 2911/3000 [11:42<00:24,  3.63it/s]
 97%|ΓûêΓûêΓûêΓûêΓûêΓûêΓûêΓûêΓûêΓûï| 2912/3000 [11:43<00:21,  4.07it/s]
 97%|ΓûêΓûêΓûêΓûêΓûêΓûêΓûêΓûêΓûêΓûï| 2913/3000 [11:43<00:19,  4.51it/s]
 97%|ΓûêΓûêΓûêΓûêΓûêΓûêΓûêΓûêΓûêΓûï| 2914/3000 [11:43<00:19,  4.44it/s]
 97%|ΓûêΓûêΓûêΓûêΓûêΓûêΓûêΓûêΓûêΓûï| 2915/3000 [11:43<00:18,  4.72it/s]
 97%|ΓûêΓûêΓûêΓûêΓûêΓûêΓûêΓûêΓûêΓûï| 2916/3000 [11:43<00:16,  5.01it/s]
 97%|ΓûêΓûêΓûêΓûêΓûêΓûêΓûêΓûêΓûêΓûï| 2917/3000 [11:44<00:19,  4.18it/s]
 97%|ΓûêΓûêΓûêΓûêΓûêΓûêΓûêΓûêΓûêΓûï| 2918/3000 [11:44<00:21,  3.89it/s]
 97%|ΓûêΓûêΓûêΓûêΓûêΓûêΓûêΓûêΓûêΓûï| 2919/3000 [11:44<00:19,  4.08it/s]
 97%|ΓûêΓûêΓûêΓûêΓûêΓûêΓûêΓûêΓûêΓûï| 2920/3000 [11:44<00:18,  4.40it/s]
 97%|ΓûêΓûêΓûêΓûêΓûêΓûêΓûêΓûêΓûêΓûï| 2921/3000 [11:45<00:18,  4.21it/s]
 97%|ΓûêΓûêΓûêΓûêΓûêΓûêΓûêΓûêΓûêΓûï| 2922/3000 [11:45<00:18,  4.28it/s]
 97%|ΓûêΓûêΓûêΓûêΓûêΓûêΓûêΓûêΓûêΓûï| 2923/3000 [11:45<00:19,  4.04it/s]
 97%|ΓûêΓûêΓûêΓûêΓûêΓûêΓûêΓûêΓûêΓûï| 2924/3000 [11:46<00:20,  3.73it/s]
 98%|ΓûêΓûêΓûêΓûêΓûêΓûêΓûêΓûêΓûêΓûè| 2925/3000 [11:46<00:21,  3.48it/s]
 98%|ΓûêΓûêΓûêΓûêΓûêΓûêΓûêΓûêΓûêΓûè| 2926/3000 [11:46<00:22,  3.23it/s]
 98%|ΓûêΓûêΓûêΓûêΓûêΓûêΓûêΓûêΓûêΓûè| 2927/3000 [11:47<00:23,  3.12it/s]
 98%|ΓûêΓûêΓûêΓûêΓûêΓûêΓûêΓûêΓûêΓûè| 2928/3000 [11:47<00:20,  3.57it/s]
 98%|ΓûêΓûêΓûêΓûêΓûêΓûêΓûêΓûêΓûêΓûè| 2929/3000 [11:47<00:19,  3.70it/s]
 98%|ΓûêΓûêΓûêΓûêΓûêΓûêΓûêΓûêΓûêΓûè| 2930/3000 [11:47<00:16,  4.17it/s]
 98%|ΓûêΓûêΓûêΓûêΓûêΓûêΓûêΓûêΓûêΓûè| 2931/3000 [11:47<00:17,  3.89it/s]
 98%|ΓûêΓûêΓûêΓûêΓûêΓûêΓûêΓûêΓûêΓûè| 2932/3000 [11:48<00:17,  3.86it/s]
 98%|ΓûêΓûêΓûêΓûêΓûêΓûêΓûêΓûêΓûêΓûè| 2933/3000 [11:48<00:16,  4.07it/s]
 98%|ΓûêΓûêΓûêΓûêΓûêΓûêΓûêΓûêΓûêΓûè| 2934/3000 [11:48<00:16,  3.96it/s]
 98%|ΓûêΓûêΓûêΓûêΓûêΓûêΓûêΓûêΓûêΓûè| 2935/3000 [11:48<00:15,  4.30it/s]
 98%|ΓûêΓûêΓûêΓûêΓûêΓûêΓûêΓûêΓûêΓûè| 2936/3000 [11:49<00:15,  4.12it/s]
 98%|ΓûêΓûêΓûêΓûêΓûêΓûêΓûêΓûêΓûêΓûè| 2937/3000 [11:49<00:17,  3.50it/s]
 98%|ΓûêΓûêΓûêΓûêΓûêΓûêΓûêΓûêΓûêΓûè| 2938/3000 [11:49<00:16,  3.67it/s]
 98%|ΓûêΓûêΓûêΓûêΓûêΓûêΓûêΓûêΓûêΓûè| 2939/3000 [11:50<00:15,  3.84it/s]
 98%|ΓûêΓûêΓûêΓûêΓûêΓûêΓûêΓûêΓûêΓûè| 2940/3000 [11:50<00:15,  3.84it/s]
 98%|ΓûêΓûêΓûêΓûêΓûêΓûêΓûêΓûêΓûêΓûè| 2941/3000 [11:50<00:13,  4.31it/s]
 98%|ΓûêΓûêΓûêΓûêΓûêΓûêΓûêΓûêΓûêΓûè| 2942/3000 [11:50<00:13,  4.42it/s]
 98%|ΓûêΓûêΓûêΓûêΓûêΓûêΓûêΓûêΓûêΓûè| 2943/3000 [11:50<00:11,  4.81it/s]
 98%|ΓûêΓûêΓûêΓûêΓûêΓûêΓûêΓûêΓûêΓûè| 2944/3000 [11:50<00:11,  5.04it/s]
 98%|ΓûêΓûêΓûêΓûêΓûêΓûêΓûêΓûêΓûêΓûè| 2945/3000 [11:51<00:11,  4.64it/s]
 98%|ΓûêΓûêΓûêΓûêΓûêΓûêΓûêΓûêΓûêΓûè| 2946/3000 [11:51<00:14,  3.81it/s]
 98%|ΓûêΓûêΓûêΓûêΓûêΓûêΓûêΓûêΓûêΓûè| 2947/3000 [11:51<00:13,  3.87it/s]
 98%|ΓûêΓûêΓûêΓûêΓûêΓûêΓûêΓûêΓûêΓûè| 2948/3000 [11:52<00:13,  3.75it/s]
 98%|ΓûêΓûêΓûêΓûêΓûêΓûêΓûêΓûêΓûêΓûè| 2949/3000 [11:52<00:14,  3.50it/s]
 98%|ΓûêΓûêΓûêΓûêΓûêΓûêΓûêΓûêΓûêΓûè| 2950/3000 [11:52<00:14,  3.45it/s]
 98%|ΓûêΓûêΓûêΓûêΓûêΓûêΓûêΓûêΓûêΓûè| 2951/3000 [11:53<00:13,  3.59it/s]
 98%|ΓûêΓûêΓûêΓûêΓûêΓûêΓûêΓûêΓûêΓûè| 2952/3000 [11:53<00:11,  4.01it/s]
 98%|ΓûêΓûêΓûêΓûêΓûêΓûêΓûêΓûêΓûêΓûè| 2953/3000 [11:53<00:10,  4.28it/s]
 98%|ΓûêΓûêΓûêΓûêΓûêΓûêΓûêΓûêΓûêΓûè| 2954/3000 [11:53<00:11,  3.84it/s]
 98%|ΓûêΓûêΓûêΓûêΓûêΓûêΓûêΓûêΓûêΓûè| 2955/3000 [11:54<00:13,  3.42it/s]
 99%|ΓûêΓûêΓûêΓûêΓûêΓûêΓûêΓûêΓûêΓûè| 2956/3000 [11:54<00:13,  3.26it/s]
 99%|ΓûêΓûêΓûêΓûêΓûêΓûêΓûêΓûêΓûêΓûè| 2957/3000 [11:54<00:13,  3.17it/s]
 99%|ΓûêΓûêΓûêΓûêΓûêΓûêΓûêΓûêΓûêΓûè| 2958/3000 [11:54<00:12,  3.48it/s]
 99%|ΓûêΓûêΓûêΓûêΓûêΓûêΓûêΓûêΓûêΓûè| 2959/3000 [11:55<00:10,  3.86it/s]
 99%|ΓûêΓûêΓûêΓûêΓûêΓûêΓûêΓûêΓûêΓûè| 2960/3000 [11:55<00:11,  3.35it/s]
 99%|ΓûêΓûêΓûêΓûêΓûêΓûêΓûêΓûêΓûêΓûè| 2961/3000 [11:55<00:11,  3.52it/s]
 99%|ΓûêΓûêΓûêΓûêΓûêΓûêΓûêΓûêΓûêΓûè| 2962/3000 [11:56<00:10,  3.52it/s]
 99%|ΓûêΓûêΓûêΓûêΓûêΓûêΓûêΓûêΓûêΓûë| 2963/3000 [11:56<00:10,  3.37it/s]
 99%|ΓûêΓûêΓûêΓûêΓûêΓûêΓûêΓûêΓûêΓûë| 2964/3000 [11:56<00:10,  3.37it/s]
 99%|ΓûêΓûêΓûêΓûêΓûêΓûêΓûêΓûêΓûêΓûë| 2965/3000 [11:57<00:11,  3.14it/s]
 99%|ΓûêΓûêΓûêΓûêΓûêΓûêΓûêΓûêΓûêΓûë| 2966/3000 [11:57<00:09,  3.51it/s]
 99%|ΓûêΓûêΓûêΓûêΓûêΓûêΓûêΓûêΓûêΓûë| 2967/3000 [11:57<00:09,  3.60it/s]
 99%|ΓûêΓûêΓûêΓûêΓûêΓûêΓûêΓûêΓûêΓûë| 2968/3000 [11:57<00:07,  4.06it/s]
 99%|ΓûêΓûêΓûêΓûêΓûêΓûêΓûêΓûêΓûêΓûë| 2969/3000 [11:58<00:08,  3.80it/s]
 99%|ΓûêΓûêΓûêΓûêΓûêΓûêΓûêΓûêΓûêΓûë| 2970/3000 [11:58<00:07,  3.99it/s]
 99%|ΓûêΓûêΓûêΓûêΓûêΓûêΓûêΓûêΓûêΓûë| 2971/3000 [11:58<00:07,  3.85it/s]
 99%|ΓûêΓûêΓûêΓûêΓûêΓûêΓûêΓûêΓûêΓûë| 2972/3000 [11:58<00:07,  3.76it/s]
 99%|ΓûêΓûêΓûêΓûêΓûêΓûêΓûêΓûêΓûêΓûë| 2973/3000 [11:59<00:07,  3.80it/s]
 99%|ΓûêΓûêΓûêΓûêΓûêΓûêΓûêΓûêΓûêΓûë| 2974/3000 [11:59<00:06,  3.94it/s]
 99%|ΓûêΓûêΓûêΓûêΓûêΓûêΓûêΓûêΓûêΓûë| 2975/3000 [11:59<00:06,  3.92it/s]
 99%|ΓûêΓûêΓûêΓûêΓûêΓûêΓûêΓûêΓûêΓûë| 2976/3000 [11:59<00:06,  3.58it/s]
 99%|ΓûêΓûêΓûêΓûêΓûêΓûêΓûêΓûêΓûêΓûë| 2977/3000 [12:00<00:06,  3.69it/s]
 99%|ΓûêΓûêΓûêΓûêΓûêΓûêΓûêΓûêΓûêΓûë| 2978/3000 [12:00<00:05,  4.16it/s]
 99%|ΓûêΓûêΓûêΓûêΓûêΓûêΓûêΓûêΓûêΓûë| 2979/3000 [12:00<00:04,  4.55it/s]
 99%|ΓûêΓûêΓûêΓûêΓûêΓûêΓûêΓûêΓûêΓûë| 2980/3000 [12:00<00:04,  4.28it/s]
 99%|ΓûêΓûêΓûêΓûêΓûêΓûêΓûêΓûêΓûêΓûë| 2981/3000 [12:01<00:04,  3.91it/s]
 99%|ΓûêΓûêΓûêΓûêΓûêΓûêΓûêΓûêΓûêΓûë| 2982/3000 [12:01<00:05,  3.55it/s]
 99%|ΓûêΓûêΓûêΓûêΓûêΓûêΓûêΓûêΓûêΓûë| 2983/3000 [12:01<00:04,  3.98it/s]
 99%|ΓûêΓûêΓûêΓûêΓûêΓûêΓûêΓûêΓûêΓûë| 2984/3000 [12:01<00:04,  3.65it/s]
100%|ΓûêΓûêΓûêΓûêΓûêΓûêΓûêΓûêΓûêΓûë| 2985/3000 [12:02<00:04,  3.56it/s]
100%|ΓûêΓûêΓûêΓûêΓûêΓûêΓûêΓûêΓûêΓûë| 2986/3000 [12:02<00:03,  3.61it/s]
100%|ΓûêΓûêΓûêΓûêΓûêΓûêΓûêΓûêΓûêΓûë| 2987/3000 [12:02<00:03,  3.88it/s]
100%|ΓûêΓûêΓûêΓûêΓûêΓûêΓûêΓûêΓûêΓûë| 2988/3000 [12:02<00:02,  4.28it/s]
100%|ΓûêΓûêΓûêΓûêΓûêΓûêΓûêΓûêΓûêΓûë| 2989/3000 [12:03<00:02,  4.76it/s]
100%|ΓûêΓûêΓûêΓûêΓûêΓûêΓûêΓûêΓûêΓûë| 2990/3000 [12:03<00:02,  4.97it/s]
100%|ΓûêΓûêΓûêΓûêΓûêΓûêΓûêΓûêΓûêΓûë| 2991/3000 [12:03<00:02,  4.46it/s]
100%|ΓûêΓûêΓûêΓûêΓûêΓûêΓûêΓûêΓûêΓûë| 2992/3000 [12:03<00:01,  4.90it/s]
100%|ΓûêΓûêΓûêΓûêΓûêΓûêΓûêΓûêΓûêΓûë| 2993/3000 [12:04<00:01,  3.74it/s]
100%|ΓûêΓûêΓûêΓûêΓûêΓûêΓûêΓûêΓûêΓûë| 2994/3000 [12:04<00:01,  4.20it/s]
100%|ΓûêΓûêΓûêΓûêΓûêΓûêΓûêΓûêΓûêΓûë| 2995/3000 [12:04<00:01,  3.83it/s]
100%|ΓûêΓûêΓûêΓûêΓûêΓûêΓûêΓûêΓûêΓûë| 2996/3000 [12:04<00:01,  3.79it/s]
100%|ΓûêΓûêΓûêΓûêΓûêΓûêΓûêΓûêΓûêΓûë| 2997/3000 [12:04<00:00,  4.29it/s]
100%|ΓûêΓûêΓûêΓûêΓûêΓûêΓûêΓûêΓûêΓûë| 2998/3000 [12:05<00:00,  4.56it/s]
100%|ΓûêΓûêΓûêΓûêΓûêΓûêΓûêΓûêΓûêΓûë| 2999/3000 [12:05<00:00,  4.47it/s]
100%|ΓûêΓûêΓûêΓûêΓûêΓûêΓûêΓûêΓûêΓûê| 3000/3000 [12:05<00:00,  3.93it/s]
100%|ΓûêΓûêΓûêΓûêΓûêΓûêΓûêΓûêΓûêΓûê| 3000/3000 [12:05<00:00,  4.13it/s]
{"run_dir": "C:\\Users\\jv624\\Desktop\\fsm_reliability\\outputs\\fsm_grounding\\20261002_063416_20261002_054401_llama-32-3b-instruct_cert2_3000", "status": {"ok": 2995, "no_step": 5}, "tf_argmax_agreement": 0.9964}
