python.exe : W1007 06:46:58.419000 62624 site-packages\torch\utils\flop_counter.py:29] triton not found; flop counting 
will not work for triton kernels
At C:\Users\jv624\Desktop\fsm_reliability\outputs\model_set_queue.ps1:11 char:5
+     & $py @pyArgs 2>&1 | Out-File -Encoding utf8 "outputs\queue_$name ...
+     ~~~~~~~~~~~~~~~~~~
    + CategoryInfo          : NotSpecified: (W1007 06:46:58.... triton kernels:String) [], RemoteException
    + FullyQualifiedErrorId : NativeCommandError
 

Loading weights:   0%|          | 0/339 [00:00<?, ?it/s]
Loading weights:   0%|          | 1/339 [00:00<02:54,  1.94it/s]
Loading weights:   1%|          | 2/339 [00:01<03:50,  1.46it/s]
Loading weights:   1%|          | 4/339 [00:01<01:41,  3.31it/s]
Loading weights:   2%|ΓûÅ         | 6/339 [00:01<01:06,  5.01it/s]
Loading weights:   5%|Γûì         | 16/339 [00:01<00:18, 17.90it/s]
Loading weights:   6%|Γûî         | 20/339 [00:01<00:17, 18.23it/s]
Loading weights:   8%|Γûè         | 28/339 [00:02<00:11, 25.92it/s]
Loading weights:   9%|Γûë         | 32/339 [00:02<00:12, 23.93it/s]
Loading weights:  12%|ΓûêΓûÅ        | 40/339 [00:02<00:09, 30.30it/s]
Loading weights:  13%|ΓûêΓûÄ        | 44/339 [00:02<00:11, 26.06it/s]
Loading weights:  15%|ΓûêΓûî        | 52/339 [00:02<00:08, 31.93it/s]
Loading weights:  17%|ΓûêΓûï        | 56/339 [00:03<00:10, 27.09it/s]
Loading weights:  19%|ΓûêΓûë        | 64/339 [00:03<00:08, 32.30it/s]
Loading weights:  20%|ΓûêΓûê        | 68/339 [00:03<00:09, 27.59it/s]
Loading weights:  22%|ΓûêΓûêΓûÅ       | 76/339 [00:03<00:07, 34.92it/s]
Loading weights:  24%|ΓûêΓûêΓûÄ       | 80/339 [00:03<00:07, 33.61it/s]
Loading weights:  26%|ΓûêΓûêΓûî       | 88/339 [00:03<00:05, 41.99it/s]
Loading weights:  27%|ΓûêΓûêΓûï       | 93/339 [00:04<00:06, 40.61it/s]
Loading weights:  30%|ΓûêΓûêΓûë       | 101/339 [00:04<00:05, 44.27it/s]
Loading weights:  33%|ΓûêΓûêΓûêΓûÄ      | 111/339 [00:04<00:04, 56.77it/s]
Loading weights:  35%|ΓûêΓûêΓûêΓûì      | 118/339 [00:04<00:04, 47.10it/s]
Loading weights:  37%|ΓûêΓûêΓûêΓûï      | 124/339 [00:04<00:04, 49.02it/s]
Loading weights:  38%|ΓûêΓûêΓûêΓûè      | 130/339 [00:04<00:04, 42.18it/s]
Loading weights:  40%|ΓûêΓûêΓûêΓûê      | 136/339 [00:04<00:04, 44.90it/s]
Loading weights:  42%|ΓûêΓûêΓûêΓûêΓûÅ     | 141/339 [00:05<00:05, 38.98it/s]
Loading weights:  44%|ΓûêΓûêΓûêΓûêΓûÄ     | 148/339 [00:05<00:04, 43.24it/s]
Loading weights:  45%|ΓûêΓûêΓûêΓûêΓûî     | 153/339 [00:05<00:05, 35.14it/s]
Loading weights:  47%|ΓûêΓûêΓûêΓûêΓûï     | 160/339 [00:05<00:04, 38.76it/s]
Loading weights:  49%|ΓûêΓûêΓûêΓûêΓûè     | 165/339 [00:05<00:05, 34.50it/s]
Loading weights:  51%|ΓûêΓûêΓûêΓûêΓûê     | 172/339 [00:05<00:04, 39.13it/s]
Loading weights:  52%|ΓûêΓûêΓûêΓûêΓûêΓûÅ    | 177/339 [00:06<00:04, 35.57it/s]
Loading weights:  54%|ΓûêΓûêΓûêΓûêΓûêΓûì    | 184/339 [00:06<00:03, 39.61it/s]
Loading weights:  56%|ΓûêΓûêΓûêΓûêΓûêΓûî    | 189/339 [00:06<00:04, 33.12it/s]
Loading weights:  58%|ΓûêΓûêΓûêΓûêΓûêΓûè    | 196/339 [00:06<00:03, 36.58it/s]
Loading weights:  59%|ΓûêΓûêΓûêΓûêΓûêΓûë    | 200/339 [00:06<00:04, 32.00it/s]
Loading weights:  61%|ΓûêΓûêΓûêΓûêΓûêΓûêΓûÅ   | 208/339 [00:06<00:03, 38.96it/s]
Loading weights:  63%|ΓûêΓûêΓûêΓûêΓûêΓûêΓûÄ   | 213/339 [00:07<00:03, 33.86it/s]
Loading weights:  65%|ΓûêΓûêΓûêΓûêΓûêΓûêΓûì   | 220/339 [00:07<00:03, 38.76it/s]
Loading weights:  66%|ΓûêΓûêΓûêΓûêΓûêΓûêΓûï   | 225/339 [00:07<00:03, 35.04it/s]
Loading weights:  68%|ΓûêΓûêΓûêΓûêΓûêΓûêΓûè   | 232/339 [00:07<00:02, 39.72it/s]
Loading weights:  70%|ΓûêΓûêΓûêΓûêΓûêΓûêΓûë   | 237/339 [00:07<00:02, 34.82it/s]
Loading weights:  72%|ΓûêΓûêΓûêΓûêΓûêΓûêΓûêΓûÅ  | 244/339 [00:07<00:02, 39.58it/s]
Loading weights:  73%|ΓûêΓûêΓûêΓûêΓûêΓûêΓûêΓûÄ  | 249/339 [00:08<00:02, 35.60it/s]
Loading weights:  76%|ΓûêΓûêΓûêΓûêΓûêΓûêΓûêΓûî  | 256/339 [00:08<00:02, 40.16it/s]
Loading weights:  77%|ΓûêΓûêΓûêΓûêΓûêΓûêΓûêΓûï  | 261/339 [00:08<00:02, 35.54it/s]
Loading weights:  79%|ΓûêΓûêΓûêΓûêΓûêΓûêΓûêΓûë  | 268/339 [00:08<00:01, 39.86it/s]
Loading weights:  81%|ΓûêΓûêΓûêΓûêΓûêΓûêΓûêΓûê  | 273/339 [00:08<00:01, 35.23it/s]
Loading weights:  83%|ΓûêΓûêΓûêΓûêΓûêΓûêΓûêΓûêΓûÄ | 280/339 [00:08<00:01, 38.48it/s]
Loading weights:  84%|ΓûêΓûêΓûêΓûêΓûêΓûêΓûêΓûêΓûì | 285/339 [00:09<00:01, 32.75it/s]
Loading weights:  86%|ΓûêΓûêΓûêΓûêΓûêΓûêΓûêΓûêΓûî | 292/339 [00:09<00:01, 37.27it/s]
Loading weights:  87%|ΓûêΓûêΓûêΓûêΓûêΓûêΓûêΓûêΓûï | 296/339 [00:09<00:01, 31.47it/s]
Loading weights:  90%|ΓûêΓûêΓûêΓûêΓûêΓûêΓûêΓûêΓûë | 304/339 [00:09<00:00, 37.03it/s]
Loading weights:  91%|ΓûêΓûêΓûêΓûêΓûêΓûêΓûêΓûêΓûê | 308/339 [00:09<00:01, 30.55it/s]
Loading weights:  93%|ΓûêΓûêΓûêΓûêΓûêΓûêΓûêΓûêΓûêΓûÄ| 316/339 [00:09<00:00, 35.89it/s]
Loading weights:  94%|ΓûêΓûêΓûêΓûêΓûêΓûêΓûêΓûêΓûêΓûì| 320/339 [00:10<00:00, 30.51it/s]
Loading weights:  97%|ΓûêΓûêΓûêΓûêΓûêΓûêΓûêΓûêΓûêΓûï| 328/339 [00:10<00:00, 37.20it/s]
Loading weights:  98%|ΓûêΓûêΓûêΓûêΓûêΓûêΓûêΓûêΓûêΓûè| 333/339 [00:10<00:00, 31.72it/s]
Loading weights: 100%|ΓûêΓûêΓûêΓûêΓûêΓûêΓûêΓûêΓûêΓûê| 339/339 [00:10<00:00, 32.13it/s]

  0%|          | 0/3000 [00:00<?, ?it/s]
  0%|          | 1/3000 [00:00<43:32,  1.15it/s]
  0%|          | 2/3000 [00:01<38:40,  1.29it/s]
  0%|          | 3/3000 [00:01<30:15,  1.65it/s]
  0%|          | 4/3000 [00:02<26:20,  1.90it/s]
  0%|          | 5/3000 [00:02<23:20,  2.14it/s]
  0%|          | 6/3000 [00:03<24:20,  2.05it/s]
  0%|          | 7/3000 [00:03<26:04,  1.91it/s]
  0%|          | 8/3000 [00:04<29:00,  1.72it/s]
  0%|          | 9/3000 [00:04<25:56,  1.92it/s]
  0%|          | 10/3000 [00:05<24:20,  2.05it/s]
  0%|          | 11/3000 [00:05<23:17,  2.14it/s]
  0%|          | 12/3000 [00:06<24:16,  2.05it/s]
  0%|          | 13/3000 [00:06<24:43,  2.01it/s]
  0%|          | 14/3000 [00:07<22:54,  2.17it/s]
  0%|          | 15/3000 [00:07<23:56,  2.08it/s]
  1%|          | 16/3000 [00:08<23:34,  2.11it/s]
  1%|          | 17/3000 [00:08<21:03,  2.36it/s]
  1%|          | 18/3000 [00:09<23:04,  2.15it/s]
  1%|          | 19/3000 [00:09<22:32,  2.20it/s]
  1%|          | 20/3000 [00:09<21:27,  2.31it/s]
  1%|          | 21/3000 [00:10<21:09,  2.35it/s]
  1%|          | 22/3000 [00:10<20:23,  2.43it/s]
  1%|          | 23/3000 [00:11<21:06,  2.35it/s]
  1%|          | 24/3000 [00:11<22:26,  2.21it/s]
  1%|          | 25/3000 [00:12<25:00,  1.98it/s]
  1%|          | 26/3000 [00:12<23:10,  2.14it/s]
  1%|          | 27/3000 [00:12<20:54,  2.37it/s]
  1%|          | 28/3000 [00:13<24:17,  2.04it/s]
  1%|          | 29/3000 [00:14<24:26,  2.03it/s]
  1%|          | 30/3000 [00:14<21:41,  2.28it/s]
  1%|          | 31/3000 [00:14<20:55,  2.36it/s]
  1%|          | 32/3000 [00:15<19:36,  2.52it/s]
  1%|          | 33/3000 [00:15<19:05,  2.59it/s]
  1%|          | 34/3000 [00:16<23:32,  2.10it/s]
  1%|          | 35/3000 [00:16<24:56,  1.98it/s]
  1%|          | 36/3000 [00:17<23:35,  2.09it/s]
  1%|          | 37/3000 [00:17<21:56,  2.25it/s]
  1%|ΓûÅ         | 38/3000 [00:17<21:25,  2.30it/s]
  1%|ΓûÅ         | 39/3000 [00:18<21:37,  2.28it/s]
  1%|ΓûÅ         | 40/3000 [00:18<22:42,  2.17it/s]
  1%|ΓûÅ         | 41/3000 [00:19<22:07,  2.23it/s]
  1%|ΓûÅ         | 42/3000 [00:19<22:02,  2.24it/s]
  1%|ΓûÅ         | 43/3000 [00:20<23:47,  2.07it/s]
  1%|ΓûÅ         | 44/3000 [00:20<24:35,  2.00it/s]
  2%|ΓûÅ         | 45/3000 [00:21<22:57,  2.14it/s]
  2%|ΓûÅ         | 46/3000 [00:21<22:19,  2.21it/s]
  2%|ΓûÅ         | 47/3000 [00:22<22:54,  2.15it/s]
  2%|ΓûÅ         | 48/3000 [00:22<21:40,  2.27it/s]
  2%|ΓûÅ         | 49/3000 [00:22<20:37,  2.38it/s]
  2%|ΓûÅ         | 50/3000 [00:23<20:03,  2.45it/s]
  2%|ΓûÅ         | 51/3000 [00:23<22:59,  2.14it/s]
  2%|ΓûÅ         | 52/3000 [00:24<23:49,  2.06it/s]
  2%|ΓûÅ         | 53/3000 [00:24<24:15,  2.02it/s]
  2%|ΓûÅ         | 54/3000 [00:25<23:50,  2.06it/s]
  2%|ΓûÅ         | 55/3000 [00:25<22:06,  2.22it/s]
  2%|ΓûÅ         | 56/3000 [00:26<24:51,  1.97it/s]
  2%|ΓûÅ         | 57/3000 [00:26<25:08,  1.95it/s]
  2%|ΓûÅ         | 58/3000 [00:27<23:44,  2.07it/s]
  2%|ΓûÅ         | 59/3000 [00:27<22:04,  2.22it/s]
  2%|ΓûÅ         | 60/3000 [00:28<20:04,  2.44it/s]
  2%|ΓûÅ         | 61/3000 [00:28<22:22,  2.19it/s]
  2%|ΓûÅ         | 62/3000 [00:29<23:06,  2.12it/s]
  2%|ΓûÅ         | 63/3000 [00:29<24:25,  2.00it/s]
  2%|ΓûÅ         | 64/3000 [00:30<25:40,  1.91it/s]
  2%|ΓûÅ         | 65/3000 [00:30<27:34,  1.77it/s]
  2%|ΓûÅ         | 66/3000 [00:31<28:02,  1.74it/s]
  2%|ΓûÅ         | 67/3000 [00:32<27:40,  1.77it/s]
  2%|ΓûÅ         | 68/3000 [00:32<25:24,  1.92it/s]
  2%|ΓûÅ         | 69/3000 [00:33<27:27,  1.78it/s]
  2%|ΓûÅ         | 70/3000 [00:33<29:13,  1.67it/s]
  2%|ΓûÅ         | 71/3000 [00:34<26:26,  1.85it/s]
  2%|ΓûÅ         | 72/3000 [00:34<24:50,  1.96it/s]
  2%|ΓûÅ         | 73/3000 [00:35<26:49,  1.82it/s]
  2%|ΓûÅ         | 74/3000 [00:35<23:24,  2.08it/s]
  2%|ΓûÄ         | 75/3000 [00:36<22:40,  2.15it/s]
  3%|ΓûÄ         | 76/3000 [00:36<24:56,  1.95it/s]
  3%|ΓûÄ         | 77/3000 [00:37<26:40,  1.83it/s]
  3%|ΓûÄ         | 78/3000 [00:37<24:46,  1.97it/s]
  3%|ΓûÄ         | 79/3000 [00:38<28:44,  1.69it/s]
  3%|ΓûÄ         | 80/3000 [00:39<27:03,  1.80it/s]
  3%|ΓûÄ         | 81/3000 [00:39<25:16,  1.93it/s]
  3%|ΓûÄ         | 82/3000 [00:39<24:12,  2.01it/s]
  3%|ΓûÄ         | 83/3000 [00:40<22:48,  2.13it/s]
  3%|ΓûÄ         | 84/3000 [00:41<27:31,  1.77it/s]
  3%|ΓûÄ         | 85/3000 [00:41<24:32,  1.98it/s]
  3%|ΓûÄ         | 86/3000 [00:41<23:28,  2.07it/s]
  3%|ΓûÄ         | 87/3000 [00:42<26:25,  1.84it/s]
  3%|ΓûÄ         | 88/3000 [00:43<27:49,  1.74it/s]
  3%|ΓûÄ         | 89/3000 [00:43<27:38,  1.76it/s]
  3%|ΓûÄ         | 90/3000 [00:44<25:33,  1.90it/s]
  3%|ΓûÄ         | 91/3000 [00:44<24:02,  2.02it/s]
  3%|ΓûÄ         | 92/3000 [00:45<25:48,  1.88it/s]
  3%|ΓûÄ         | 93/3000 [00:45<23:40,  2.05it/s]
  3%|ΓûÄ         | 94/3000 [00:45<21:03,  2.30it/s]
  3%|ΓûÄ         | 95/3000 [00:46<21:58,  2.20it/s]
  3%|ΓûÄ         | 96/3000 [00:47<25:29,  1.90it/s]
  3%|ΓûÄ         | 97/3000 [00:47<26:16,  1.84it/s]
  3%|ΓûÄ         | 98/3000 [00:48<24:15,  1.99it/s]
  3%|ΓûÄ         | 99/3000 [00:48<25:49,  1.87it/s]
  3%|ΓûÄ         | 100/3000 [00:49<25:45,  1.88it/s]
  3%|ΓûÄ         | 101/3000 [00:49<23:45,  2.03it/s]
  3%|ΓûÄ         | 102/3000 [00:50<21:50,  2.21it/s]
  3%|ΓûÄ         | 103/3000 [00:50<22:49,  2.12it/s]
  3%|ΓûÄ         | 104/3000 [00:51<24:52,  1.94it/s]
  4%|ΓûÄ         | 105/3000 [00:51<22:57,  2.10it/s]
  4%|ΓûÄ         | 106/3000 [00:52<23:09,  2.08it/s]
  4%|ΓûÄ         | 107/3000 [00:52<24:26,  1.97it/s]
  4%|ΓûÄ         | 108/3000 [00:53<24:46,  1.95it/s]
  4%|ΓûÄ         | 109/3000 [00:53<22:43,  2.12it/s]
  4%|ΓûÄ         | 110/3000 [00:53<21:44,  2.22it/s]
  4%|ΓûÄ         | 111/3000 [00:54<28:36,  1.68it/s]
  4%|ΓûÄ         | 112/3000 [00:55<25:15,  1.91it/s]
  4%|Γûì         | 113/3000 [00:55<26:13,  1.83it/s]
  4%|Γûì         | 114/3000 [00:56<25:16,  1.90it/s]
  4%|Γûì         | 115/3000 [00:56<24:50,  1.94it/s]
  4%|Γûì         | 116/3000 [00:57<27:00,  1.78it/s]
  4%|Γûì         | 117/3000 [00:57<25:23,  1.89it/s]
  4%|Γûì         | 118/3000 [00:58<23:03,  2.08it/s]
  4%|Γûì         | 119/3000 [00:58<26:40,  1.80it/s]
  4%|Γûì         | 120/3000 [00:59<25:46,  1.86it/s]
  4%|Γûì         | 121/3000 [01:00<26:17,  1.82it/s]
  4%|Γûì         | 122/3000 [01:00<27:44,  1.73it/s]
  4%|Γûì         | 123/3000 [01:01<28:12,  1.70it/s]
  4%|Γûì         | 124/3000 [01:01<25:28,  1.88it/s]
  4%|Γûì         | 125/3000 [01:02<25:12,  1.90it/s]
  4%|Γûì         | 126/3000 [01:02<22:47,  2.10it/s]
  4%|Γûì         | 127/3000 [01:02<21:36,  2.22it/s]
  4%|Γûì         | 128/3000 [01:03<21:54,  2.19it/s]
  4%|Γûì         | 129/3000 [01:03<22:49,  2.10it/s]
  4%|Γûì         | 130/3000 [01:04<21:55,  2.18it/s]
  4%|Γûì         | 131/3000 [01:04<19:48,  2.41it/s]
  4%|Γûì         | 132/3000 [01:05<19:09,  2.50it/s]
  4%|Γûì         | 133/3000 [01:05<22:19,  2.14it/s]
  4%|Γûì         | 134/3000 [01:06<25:00,  1.91it/s]
  4%|Γûì         | 135/3000 [01:06<24:48,  1.92it/s]
  5%|Γûì         | 136/3000 [01:07<22:31,  2.12it/s]
  5%|Γûì         | 137/3000 [01:07<21:00,  2.27it/s]
  5%|Γûì         | 138/3000 [01:08<20:34,  2.32it/s]
  5%|Γûì         | 139/3000 [01:08<20:21,  2.34it/s]
  5%|Γûì         | 140/3000 [01:08<21:57,  2.17it/s]
  5%|Γûì         | 141/3000 [01:09<22:28,  2.12it/s]
  5%|Γûì         | 142/3000 [01:10<23:36,  2.02it/s]
  5%|Γûì         | 143/3000 [01:10<21:01,  2.26it/s]
  5%|Γûì         | 144/3000 [01:10<24:05,  1.98it/s]
  5%|Γûì         | 145/3000 [01:11<22:25,  2.12it/s]
  5%|Γûì         | 146/3000 [01:11<21:39,  2.20it/s]
  5%|Γûì         | 147/3000 [01:12<25:02,  1.90it/s]
  5%|Γûì         | 148/3000 [01:12<23:35,  2.01it/s]
  5%|Γûì         | 149/3000 [01:13<30:49,  1.54it/s]
  5%|Γûî         | 150/3000 [01:14<29:33,  1.61it/s]
  5%|Γûî         | 151/3000 [01:15<30:20,  1.56it/s]
  5%|Γûî         | 152/3000 [01:15<29:24,  1.61it/s]
  5%|Γûî         | 153/3000 [01:16<31:04,  1.53it/s]
  5%|Γûî         | 154/3000 [01:16<27:47,  1.71it/s]
  5%|Γûî         | 155/3000 [01:17<24:01,  1.97it/s]
  5%|Γûî         | 156/3000 [01:18<28:25,  1.67it/s]
  5%|Γûî         | 157/3000 [01:18<25:26,  1.86it/s]
  5%|Γûî         | 158/3000 [01:18<25:16,  1.87it/s]
  5%|Γûî         | 159/3000 [01:19<23:32,  2.01it/s]
  5%|Γûî         | 160/3000 [01:20<26:28,  1.79it/s]
  5%|Γûî         | 161/3000 [01:20<25:17,  1.87it/s]
  5%|Γûî         | 162/3000 [01:21<27:13,  1.74it/s]
  5%|Γûî         | 163/3000 [01:21<26:10,  1.81it/s]
  5%|Γûî         | 164/3000 [01:22<23:29,  2.01it/s]
  6%|Γûî         | 165/3000 [01:22<21:24,  2.21it/s]
  6%|Γûî         | 166/3000 [01:22<20:17,  2.33it/s]
  6%|Γûî         | 167/3000 [01:23<19:40,  2.40it/s]
  6%|Γûî         | 168/3000 [01:24<25:32,  1.85it/s]
  6%|Γûî         | 169/3000 [01:24<29:32,  1.60it/s]
  6%|Γûî         | 170/3000 [01:25<26:49,  1.76it/s]
  6%|Γûî         | 171/3000 [01:25<28:16,  1.67it/s]
  6%|Γûî         | 172/3000 [01:26<26:13,  1.80it/s]
  6%|Γûî         | 173/3000 [01:26<23:35,  2.00it/s]
  6%|Γûî         | 174/3000 [01:27<25:54,  1.82it/s]
  6%|Γûî         | 175/3000 [01:28<26:43,  1.76it/s]
  6%|Γûî         | 176/3000 [01:28<23:51,  1.97it/s]
  6%|Γûî         | 177/3000 [01:29<26:19,  1.79it/s]
  6%|Γûî         | 178/3000 [01:29<24:35,  1.91it/s]
  6%|Γûî         | 179/3000 [01:30<24:43,  1.90it/s]
  6%|Γûî         | 180/3000 [01:30<26:15,  1.79it/s]
  6%|Γûî         | 181/3000 [01:31<26:09,  1.80it/s]
  6%|Γûî         | 182/3000 [01:31<27:48,  1.69it/s]
  6%|Γûî         | 183/3000 [01:32<27:17,  1.72it/s]
  6%|Γûî         | 184/3000 [01:33<27:58,  1.68it/s]
  6%|Γûî         | 185/3000 [01:33<28:18,  1.66it/s]
  6%|Γûî         | 186/3000 [01:34<25:38,  1.83it/s]
  6%|Γûî         | 187/3000 [01:34<27:21,  1.71it/s]
  6%|Γûï         | 188/3000 [01:35<28:09,  1.66it/s]
  6%|Γûï         | 189/3000 [01:36<30:34,  1.53it/s]
  6%|Γûï         | 190/3000 [01:36<26:32,  1.76it/s]
  6%|Γûï         | 191/3000 [01:37<28:04,  1.67it/s]
  6%|Γûï         | 192/3000 [01:37<24:50,  1.88it/s]
  6%|Γûï         | 193/3000 [01:38<24:28,  1.91it/s]
  6%|Γûï         | 194/3000 [01:38<22:47,  2.05it/s]
  6%|Γûï         | 195/3000 [01:39<22:20,  2.09it/s]
  7%|Γûï         | 196/3000 [01:39<24:00,  1.95it/s]
  7%|Γûï         | 197/3000 [01:40<26:28,  1.76it/s]
  7%|Γûï         | 198/3000 [01:40<27:33,  1.69it/s]
  7%|Γûï         | 199/3000 [01:41<30:21,  1.54it/s]
  7%|Γûï         | 200/3000 [01:42<25:51,  1.80it/s]
  7%|Γûï         | 201/3000 [01:42<24:13,  1.93it/s]
  7%|Γûï         | 202/3000 [01:43<24:08,  1.93it/s]
  7%|Γûï         | 203/3000 [01:43<22:13,  2.10it/s]
  7%|Γûï         | 204/3000 [01:43<22:48,  2.04it/s]
  7%|Γûï         | 205/3000 [01:44<24:08,  1.93it/s]
  7%|Γûï         | 206/3000 [01:44<21:59,  2.12it/s]
  7%|Γûï         | 207/3000 [01:45<21:01,  2.21it/s]
  7%|Γûï         | 208/3000 [01:45<22:13,  2.09it/s]
  7%|Γûï         | 209/3000 [01:46<22:54,  2.03it/s]
  7%|Γûï         | 210/3000 [01:46<21:05,  2.21it/s]
  7%|Γûï         | 211/3000 [01:47<21:10,  2.20it/s]
  7%|Γûï         | 212/3000 [01:47<21:03,  2.21it/s]
  7%|Γûï         | 213/3000 [01:48<20:39,  2.25it/s]
  7%|Γûï         | 214/3000 [01:48<18:59,  2.44it/s]
  7%|Γûï         | 215/3000 [01:48<19:18,  2.40it/s]
  7%|Γûï         | 216/3000 [01:49<22:51,  2.03it/s]
  7%|Γûï         | 217/3000 [01:49<21:35,  2.15it/s]
  7%|Γûï         | 218/3000 [01:50<23:41,  1.96it/s]
  7%|Γûï         | 219/3000 [01:51<26:28,  1.75it/s]
  7%|Γûï         | 220/3000 [01:51<23:32,  1.97it/s]
  7%|Γûï         | 221/3000 [01:52<23:01,  2.01it/s]
  7%|Γûï         | 222/3000 [01:52<23:22,  1.98it/s]
  7%|Γûï         | 223/3000 [01:53<24:09,  1.92it/s]
  7%|Γûï         | 224/3000 [01:53<24:42,  1.87it/s]
  8%|Γûè         | 225/3000 [01:54<22:21,  2.07it/s]
  8%|Γûè         | 226/3000 [01:54<24:50,  1.86it/s]
  8%|Γûè         | 227/3000 [01:55<25:57,  1.78it/s]
  8%|Γûè         | 228/3000 [01:55<27:19,  1.69it/s]
  8%|Γûè         | 229/3000 [01:56<28:14,  1.64it/s]
  8%|Γûè         | 230/3000 [01:57<24:58,  1.85it/s]
  8%|Γûè         | 231/3000 [01:57<23:39,  1.95it/s]
  8%|Γûè         | 232/3000 [01:57<22:12,  2.08it/s]
  8%|Γûè         | 233/3000 [01:58<20:45,  2.22it/s]
  8%|Γûè         | 234/3000 [01:58<20:28,  2.25it/s]
  8%|Γûè         | 235/3000 [01:59<19:36,  2.35it/s]
  8%|Γûè         | 236/3000 [01:59<18:48,  2.45it/s]
  8%|Γûè         | 237/3000 [01:59<19:23,  2.37it/s]
  8%|Γûè         | 238/3000 [02:00<18:40,  2.46it/s]
  8%|Γûè         | 239/3000 [02:00<20:06,  2.29it/s]
  8%|Γûè         | 241/3000 [02:01<17:26,  2.64it/s]
  8%|Γûè         | 242/3000 [02:01<18:49,  2.44it/s]
  8%|Γûè         | 243/3000 [02:02<20:45,  2.21it/s]
  8%|Γûè         | 244/3000 [02:03<22:58,  2.00it/s]
  8%|Γûè         | 245/3000 [02:03<21:13,  2.16it/s]
  8%|Γûè         | 246/3000 [02:04<23:42,  1.94it/s]
  8%|Γûè         | 247/3000 [02:04<23:14,  1.97it/s]
  8%|Γûè         | 248/3000 [02:05<25:09,  1.82it/s]
  8%|Γûè         | 249/3000 [02:05<26:33,  1.73it/s]
  8%|Γûè         | 250/3000 [02:06<23:08,  1.98it/s]
  8%|Γûè         | 251/3000 [02:06<20:33,  2.23it/s]
  8%|Γûè         | 252/3000 [02:07<23:28,  1.95it/s]
  8%|Γûè         | 253/3000 [02:07<24:04,  1.90it/s]
  8%|Γûè         | 254/3000 [02:08<22:31,  2.03it/s]
  8%|Γûè         | 255/3000 [02:08<20:47,  2.20it/s]
  9%|Γûè         | 256/3000 [02:09<21:21,  2.14it/s]
  9%|Γûè         | 257/3000 [02:09<21:22,  2.14it/s]
  9%|Γûè         | 258/3000 [02:10<27:36,  1.66it/s]
  9%|Γûè         | 259/3000 [02:11<28:00,  1.63it/s]
  9%|Γûè         | 260/3000 [02:11<27:44,  1.65it/s]
  9%|Γûè         | 261/3000 [02:12<25:27,  1.79it/s]
  9%|Γûè         | 262/3000 [02:12<25:17,  1.80it/s]
  9%|Γûë         | 263/3000 [02:13<23:15,  1.96it/s]
  9%|Γûë         | 264/3000 [02:13<21:21,  2.14it/s]
  9%|Γûë         | 265/3000 [02:13<20:05,  2.27it/s]
  9%|Γûë         | 266/3000 [02:14<19:06,  2.39it/s]
  9%|Γûë         | 267/3000 [02:14<22:11,  2.05it/s]
  9%|Γûë         | 268/3000 [02:15<21:16,  2.14it/s]
  9%|Γûë         | 269/3000 [02:15<21:26,  2.12it/s]
  9%|Γûë         | 270/3000 [02:16<20:00,  2.27it/s]
  9%|Γûë         | 271/3000 [02:16<21:40,  2.10it/s]
  9%|Γûë         | 272/3000 [02:17<21:09,  2.15it/s]
  9%|Γûë         | 273/3000 [02:17<22:24,  2.03it/s]
  9%|Γûë         | 274/3000 [02:18<21:14,  2.14it/s]
  9%|Γûë         | 275/3000 [02:18<20:57,  2.17it/s]
  9%|Γûë         | 276/3000 [02:18<19:08,  2.37it/s]
  9%|Γûë         | 277/3000 [02:19<21:17,  2.13it/s]
  9%|Γûë         | 278/3000 [02:20<23:57,  1.89it/s]
  9%|Γûë         | 279/3000 [02:20<21:43,  2.09it/s]
  9%|Γûë         | 280/3000 [02:20<21:11,  2.14it/s]
  9%|Γûë         | 281/3000 [02:21<23:33,  1.92it/s]
  9%|Γûë         | 282/3000 [02:21<21:33,  2.10it/s]
  9%|Γûë         | 283/3000 [02:22<23:30,  1.93it/s]
  9%|Γûë         | 284/3000 [02:22<21:29,  2.11it/s]
 10%|Γûë         | 285/3000 [02:23<20:59,  2.16it/s]
 10%|Γûë         | 286/3000 [02:23<21:44,  2.08it/s]
 10%|Γûë         | 287/3000 [02:24<20:17,  2.23it/s]
 10%|Γûë         | 288/3000 [02:24<22:34,  2.00it/s]
 10%|Γûë         | 289/3000 [02:25<22:14,  2.03it/s]
 10%|Γûë         | 290/3000 [02:25<21:09,  2.13it/s]
 10%|Γûë         | 291/3000 [02:26<24:21,  1.85it/s]
 10%|Γûë         | 292/3000 [02:26<22:49,  1.98it/s]
 10%|Γûë         | 293/3000 [02:27<21:07,  2.14it/s]
 10%|Γûë         | 294/3000 [02:27<24:57,  1.81it/s]
 10%|Γûë         | 295/3000 [02:28<25:30,  1.77it/s]
 10%|Γûë         | 296/3000 [02:29<24:57,  1.81it/s]
 10%|Γûë         | 297/3000 [02:29<22:29,  2.00it/s]
 10%|Γûë         | 298/3000 [02:29<21:24,  2.10it/s]
 10%|Γûë         | 299/3000 [02:30<23:51,  1.89it/s]
 10%|Γûê         | 300/3000 [02:30<22:04,  2.04it/s]
 10%|Γûê         | 301/3000 [02:31<20:29,  2.19it/s]
 10%|Γûê         | 302/3000 [02:31<21:45,  2.07it/s]
 10%|Γûê         | 303/3000 [02:32<20:07,  2.23it/s]
 10%|Γûê         | 304/3000 [02:33<24:37,  1.82it/s]
 10%|Γûê         | 305/3000 [02:33<21:41,  2.07it/s]
 10%|Γûê         | 306/3000 [02:33<21:05,  2.13it/s]
 10%|Γûê         | 307/3000 [02:34<20:49,  2.16it/s]
 10%|Γûê         | 308/3000 [02:34<23:02,  1.95it/s]
 10%|Γûê         | 309/3000 [02:35<20:39,  2.17it/s]
 10%|Γûê         | 310/3000 [02:35<19:59,  2.24it/s]
 10%|Γûê         | 311/3000 [02:35<19:17,  2.32it/s]
 10%|Γûê         | 312/3000 [02:36<21:05,  2.12it/s]
 10%|Γûê         | 313/3000 [02:37<22:13,  2.01it/s]
 10%|Γûê         | 314/3000 [02:37<20:01,  2.24it/s]
 10%|Γûê         | 315/3000 [02:37<19:16,  2.32it/s]
 11%|Γûê         | 316/3000 [02:38<18:12,  2.46it/s]
 11%|Γûê         | 317/3000 [02:38<22:16,  2.01it/s]
 11%|Γûê         | 318/3000 [02:39<24:28,  1.83it/s]
 11%|Γûê         | 319/3000 [02:39<22:48,  1.96it/s]
 11%|Γûê         | 320/3000 [02:40<26:29,  1.69it/s]
 11%|Γûê         | 321/3000 [02:41<28:47,  1.55it/s]
 11%|Γûê         | 322/3000 [02:42<27:38,  1.62it/s]
 11%|Γûê         | 323/3000 [02:42<25:29,  1.75it/s]
 11%|Γûê         | 324/3000 [02:43<24:59,  1.79it/s]
 11%|Γûê         | 325/3000 [02:43<26:39,  1.67it/s]
 11%|Γûê         | 326/3000 [02:44<27:37,  1.61it/s]
 11%|Γûê         | 327/3000 [02:45<26:53,  1.66it/s]
 11%|Γûê         | 328/3000 [02:45<26:19,  1.69it/s]
 11%|Γûê         | 329/3000 [02:46<24:15,  1.84it/s]
 11%|Γûê         | 330/3000 [02:46<24:02,  1.85it/s]
 11%|Γûê         | 331/3000 [02:46<21:20,  2.08it/s]
 11%|Γûê         | 332/3000 [02:47<24:01,  1.85it/s]
 11%|Γûê         | 333/3000 [02:48<25:28,  1.75it/s]
 11%|Γûê         | 334/3000 [02:48<23:02,  1.93it/s]
 11%|Γûê         | 335/3000 [02:49<25:04,  1.77it/s]
 11%|Γûê         | 336/3000 [02:49<26:20,  1.69it/s]
 11%|Γûê         | 337/3000 [02:50<26:28,  1.68it/s]
 11%|ΓûêΓûÅ        | 338/3000 [02:51<28:02,  1.58it/s]
 11%|ΓûêΓûÅ        | 339/3000 [02:51<28:53,  1.54it/s]
 11%|ΓûêΓûÅ        | 340/3000 [02:52<28:11,  1.57it/s]
 11%|ΓûêΓûÅ        | 341/3000 [02:53<26:51,  1.65it/s]
 11%|ΓûêΓûÅ        | 342/3000 [02:53<25:45,  1.72it/s]
 11%|ΓûêΓûÅ        | 343/3000 [02:54<27:26,  1.61it/s]
 11%|ΓûêΓûÅ        | 344/3000 [02:54<26:54,  1.65it/s]
 12%|ΓûêΓûÅ        | 345/3000 [02:55<26:47,  1.65it/s]
 12%|ΓûêΓûÅ        | 346/3000 [02:55<24:14,  1.82it/s]
 12%|ΓûêΓûÅ        | 347/3000 [02:56<23:59,  1.84it/s]
 12%|ΓûêΓûÅ        | 348/3000 [02:56<23:52,  1.85it/s]
 12%|ΓûêΓûÅ        | 349/3000 [02:57<25:27,  1.74it/s]
 12%|ΓûêΓûÅ        | 350/3000 [02:58<23:45,  1.86it/s]
 12%|ΓûêΓûÅ        | 351/3000 [02:58<23:42,  1.86it/s]
 12%|ΓûêΓûÅ        | 352/3000 [02:59<21:46,  2.03it/s]
 12%|ΓûêΓûÅ        | 353/3000 [02:59<23:08,  1.91it/s]
 12%|ΓûêΓûÅ        | 354/3000 [03:00<24:47,  1.78it/s]
 12%|ΓûêΓûÅ        | 355/3000 [03:00<23:07,  1.91it/s]
 12%|ΓûêΓûÅ        | 356/3000 [03:01<24:42,  1.78it/s]
 12%|ΓûêΓûÅ        | 357/3000 [03:01<25:16,  1.74it/s]
 12%|ΓûêΓûÅ        | 358/3000 [03:02<26:54,  1.64it/s]
 12%|ΓûêΓûÅ        | 359/3000 [03:02<23:16,  1.89it/s]
 12%|ΓûêΓûÅ        | 360/3000 [03:03<22:07,  1.99it/s]
 12%|ΓûêΓûÅ        | 361/3000 [03:04<24:25,  1.80it/s]
 12%|ΓûêΓûÅ        | 362/3000 [03:04<28:47,  1.53it/s]
 12%|ΓûêΓûÅ        | 363/3000 [03:05<28:58,  1.52it/s]
 12%|ΓûêΓûÅ        | 364/3000 [03:06<25:20,  1.73it/s]
 12%|ΓûêΓûÅ        | 365/3000 [03:06<25:14,  1.74it/s]
 12%|ΓûêΓûÅ        | 366/3000 [03:07<22:46,  1.93it/s]
 12%|ΓûêΓûÅ        | 367/3000 [03:07<21:44,  2.02it/s]
 12%|ΓûêΓûÅ        | 368/3000 [03:08<24:41,  1.78it/s]
 12%|ΓûêΓûÅ        | 369/3000 [03:08<22:28,  1.95it/s]
 12%|ΓûêΓûÅ        | 370/3000 [03:09<21:58,  1.99it/s]
 12%|ΓûêΓûÅ        | 371/3000 [03:09<21:24,  2.05it/s]
 12%|ΓûêΓûÅ        | 372/3000 [03:10<22:07,  1.98it/s]
 12%|ΓûêΓûÅ        | 373/3000 [03:10<19:51,  2.20it/s]
 12%|ΓûêΓûÅ        | 374/3000 [03:11<22:42,  1.93it/s]
 12%|ΓûêΓûÄ        | 375/3000 [03:11<21:48,  2.01it/s]
 13%|ΓûêΓûÄ        | 376/3000 [03:11<20:56,  2.09it/s]
 13%|ΓûêΓûÄ        | 377/3000 [03:12<24:48,  1.76it/s]
 13%|ΓûêΓûÄ        | 378/3000 [03:13<22:29,  1.94it/s]
 13%|ΓûêΓûÄ        | 379/3000 [03:13<22:28,  1.94it/s]
 13%|ΓûêΓûÄ        | 380/3000 [03:14<20:56,  2.09it/s]
 13%|ΓûêΓûÄ        | 381/3000 [03:14<20:09,  2.17it/s]
 13%|ΓûêΓûÄ        | 382/3000 [03:15<22:51,  1.91it/s]
 13%|ΓûêΓûÄ        | 383/3000 [03:15<21:30,  2.03it/s]
 13%|ΓûêΓûÄ        | 384/3000 [03:15<20:09,  2.16it/s]
 13%|ΓûêΓûÄ        | 385/3000 [03:16<19:05,  2.28it/s]
 13%|ΓûêΓûÄ        | 386/3000 [03:16<21:25,  2.03it/s]
 13%|ΓûêΓûÄ        | 387/3000 [03:17<24:22,  1.79it/s]
 13%|ΓûêΓûÄ        | 388/3000 [03:18<26:22,  1.65it/s]
 13%|ΓûêΓûÄ        | 389/3000 [03:18<25:27,  1.71it/s]
 13%|ΓûêΓûÄ        | 390/3000 [03:19<24:45,  1.76it/s]
 13%|ΓûêΓûÄ        | 391/3000 [03:20<25:17,  1.72it/s]
 13%|ΓûêΓûÄ        | 392/3000 [03:20<23:32,  1.85it/s]
 13%|ΓûêΓûÄ        | 393/3000 [03:21<23:29,  1.85it/s]
 13%|ΓûêΓûÄ        | 394/3000 [03:21<27:06,  1.60it/s]
 13%|ΓûêΓûÄ        | 395/3000 [03:22<24:44,  1.76it/s]
 13%|ΓûêΓûÄ        | 396/3000 [03:22<26:04,  1.66it/s]
 13%|ΓûêΓûÄ        | 397/3000 [03:23<24:20,  1.78it/s]
 13%|ΓûêΓûÄ        | 398/3000 [03:23<22:02,  1.97it/s]
 13%|ΓûêΓûÄ        | 399/3000 [03:24<20:34,  2.11it/s]
 13%|ΓûêΓûÄ        | 400/3000 [03:24<22:39,  1.91it/s]
 13%|ΓûêΓûÄ        | 401/3000 [03:25<25:02,  1.73it/s]
 13%|ΓûêΓûÄ        | 402/3000 [03:26<25:18,  1.71it/s]
 13%|ΓûêΓûÄ        | 403/3000 [03:26<23:08,  1.87it/s]
 13%|ΓûêΓûÄ        | 404/3000 [03:27<22:15,  1.94it/s]
 14%|ΓûêΓûÄ        | 405/3000 [03:27<21:04,  2.05it/s]
 14%|ΓûêΓûÄ        | 406/3000 [03:28<24:07,  1.79it/s]
 14%|ΓûêΓûÄ        | 407/3000 [03:28<21:37,  2.00it/s]
 14%|ΓûêΓûÄ        | 408/3000 [03:29<22:06,  1.95it/s]
 14%|ΓûêΓûÄ        | 409/3000 [03:29<25:47,  1.67it/s]
 14%|ΓûêΓûÄ        | 410/3000 [03:30<23:22,  1.85it/s]
 14%|ΓûêΓûÄ        | 411/3000 [03:30<22:00,  1.96it/s]
 14%|ΓûêΓûÄ        | 412/3000 [03:31<20:36,  2.09it/s]
 14%|ΓûêΓûì        | 413/3000 [03:31<20:16,  2.13it/s]
 14%|ΓûêΓûì        | 414/3000 [03:32<22:57,  1.88it/s]
 14%|ΓûêΓûì        | 415/3000 [03:32<22:31,  1.91it/s]
 14%|ΓûêΓûì        | 416/3000 [03:33<20:27,  2.11it/s]
 14%|ΓûêΓûì        | 417/3000 [03:33<19:11,  2.24it/s]
 14%|ΓûêΓûì        | 418/3000 [03:33<18:30,  2.32it/s]
 14%|ΓûêΓûì        | 419/3000 [03:34<20:12,  2.13it/s]
 14%|ΓûêΓûì        | 420/3000 [03:34<19:35,  2.20it/s]
 14%|ΓûêΓûì        | 421/3000 [03:35<20:20,  2.11it/s]
 14%|ΓûêΓûì        | 422/3000 [03:35<18:54,  2.27it/s]
 14%|ΓûêΓûì        | 423/3000 [03:36<20:22,  2.11it/s]
 14%|ΓûêΓûì        | 424/3000 [03:36<18:58,  2.26it/s]
 14%|ΓûêΓûì        | 425/3000 [03:37<18:34,  2.31it/s]
 14%|ΓûêΓûì        | 426/3000 [03:37<21:38,  1.98it/s]
 14%|ΓûêΓûì        | 427/3000 [03:38<21:43,  1.97it/s]
 14%|ΓûêΓûì        | 428/3000 [03:38<19:56,  2.15it/s]
 14%|ΓûêΓûì        | 429/3000 [03:39<18:48,  2.28it/s]
 14%|ΓûêΓûì        | 430/3000 [03:39<17:18,  2.47it/s]
 14%|ΓûêΓûì        | 431/3000 [03:39<19:05,  2.24it/s]
 14%|ΓûêΓûì        | 432/3000 [03:40<20:05,  2.13it/s]
 14%|ΓûêΓûì        | 433/3000 [03:41<22:57,  1.86it/s]
 14%|ΓûêΓûì        | 434/3000 [03:41<22:39,  1.89it/s]
 14%|ΓûêΓûì        | 435/3000 [03:42<21:06,  2.03it/s]
 15%|ΓûêΓûì        | 436/3000 [03:42<22:49,  1.87it/s]
 15%|ΓûêΓûì        | 437/3000 [03:43<24:06,  1.77it/s]
 15%|ΓûêΓûì        | 438/3000 [03:43<21:32,  1.98it/s]
 15%|ΓûêΓûì        | 439/3000 [03:44<19:48,  2.16it/s]
 15%|ΓûêΓûì        | 440/3000 [03:44<18:37,  2.29it/s]
 15%|ΓûêΓûì        | 441/3000 [03:44<19:33,  2.18it/s]
 15%|ΓûêΓûì        | 442/3000 [03:45<24:49,  1.72it/s]
 15%|ΓûêΓûì        | 443/3000 [03:46<22:55,  1.86it/s]
 15%|ΓûêΓûì        | 444/3000 [03:46<23:18,  1.83it/s]
 15%|ΓûêΓûì        | 445/3000 [03:47<21:36,  1.97it/s]
 15%|ΓûêΓûì        | 446/3000 [03:47<20:55,  2.03it/s]
 15%|ΓûêΓûì        | 447/3000 [03:48<21:12,  2.01it/s]
 15%|ΓûêΓûì        | 448/3000 [03:48<21:11,  2.01it/s]
 15%|ΓûêΓûì        | 449/3000 [03:49<20:16,  2.10it/s]
 15%|ΓûêΓûî        | 450/3000 [03:49<18:12,  2.33it/s]
 15%|ΓûêΓûî        | 451/3000 [03:49<19:17,  2.20it/s]
 15%|ΓûêΓûî        | 452/3000 [03:50<18:20,  2.32it/s]
 15%|ΓûêΓûî        | 453/3000 [03:50<17:39,  2.40it/s]
 15%|ΓûêΓûî        | 454/3000 [03:51<17:39,  2.40it/s]
 15%|ΓûêΓûî        | 455/3000 [03:51<20:10,  2.10it/s]
 15%|ΓûêΓûî        | 456/3000 [03:52<20:41,  2.05it/s]
 15%|ΓûêΓûî        | 457/3000 [03:52<22:56,  1.85it/s]
 15%|ΓûêΓûî        | 458/3000 [03:53<24:20,  1.74it/s]
 15%|ΓûêΓûî        | 459/3000 [03:53<22:08,  1.91it/s]
 15%|ΓûêΓûî        | 460/3000 [03:54<21:53,  1.93it/s]
 15%|ΓûêΓûî        | 461/3000 [03:55<23:48,  1.78it/s]
 15%|ΓûêΓûî        | 462/3000 [03:55<21:23,  1.98it/s]
 15%|ΓûêΓûî        | 463/3000 [03:55<20:02,  2.11it/s]
 15%|ΓûêΓûî        | 464/3000 [03:56<21:13,  1.99it/s]
 16%|ΓûêΓûî        | 465/3000 [03:56<19:14,  2.19it/s]
 16%|ΓûêΓûî        | 466/3000 [03:57<20:33,  2.05it/s]
 16%|ΓûêΓûî        | 467/3000 [03:57<20:37,  2.05it/s]
 16%|ΓûêΓûî        | 468/3000 [03:58<21:49,  1.93it/s]
 16%|ΓûêΓûî        | 469/3000 [03:58<21:40,  1.95it/s]
 16%|ΓûêΓûî        | 470/3000 [03:59<20:38,  2.04it/s]
 16%|ΓûêΓûî        | 471/3000 [03:59<19:31,  2.16it/s]
 16%|ΓûêΓûî        | 472/3000 [04:00<25:57,  1.62it/s]
 16%|ΓûêΓûî        | 473/3000 [04:01<22:51,  1.84it/s]
 16%|ΓûêΓûî        | 474/3000 [04:01<23:51,  1.76it/s]
 16%|ΓûêΓûî        | 475/3000 [04:02<22:45,  1.85it/s]
 16%|ΓûêΓûî        | 476/3000 [04:02<19:53,  2.11it/s]
 16%|ΓûêΓûî        | 477/3000 [04:02<19:09,  2.19it/s]
 16%|ΓûêΓûî        | 478/3000 [04:03<19:52,  2.12it/s]
 16%|ΓûêΓûî        | 479/3000 [04:03<19:03,  2.20it/s]
 16%|ΓûêΓûî        | 480/3000 [04:04<22:03,  1.90it/s]
 16%|ΓûêΓûî        | 481/3000 [04:05<23:10,  1.81it/s]
 16%|ΓûêΓûî        | 482/3000 [04:05<25:00,  1.68it/s]
 16%|ΓûêΓûî        | 483/3000 [04:06<22:45,  1.84it/s]
 16%|ΓûêΓûî        | 484/3000 [04:06<23:59,  1.75it/s]
 16%|ΓûêΓûî        | 485/3000 [04:07<20:53,  2.01it/s]
 16%|ΓûêΓûî        | 486/3000 [04:07<22:39,  1.85it/s]
 16%|ΓûêΓûî        | 487/3000 [04:08<21:24,  1.96it/s]
 16%|ΓûêΓûï        | 488/3000 [04:09<23:24,  1.79it/s]
 16%|ΓûêΓûï        | 489/3000 [04:09<25:21,  1.65it/s]
 16%|ΓûêΓûï        | 490/3000 [04:10<24:20,  1.72it/s]
 16%|ΓûêΓûï        | 491/3000 [04:10<23:32,  1.78it/s]
 16%|ΓûêΓûï        | 492/3000 [04:11<20:36,  2.03it/s]
 16%|ΓûêΓûï        | 493/3000 [04:11<20:09,  2.07it/s]
 16%|ΓûêΓûï        | 494/3000 [04:12<22:23,  1.87it/s]
 16%|ΓûêΓûï        | 495/3000 [04:12<20:28,  2.04it/s]
 17%|ΓûêΓûï        | 496/3000 [04:13<20:00,  2.09it/s]
 17%|ΓûêΓûï        | 497/3000 [04:13<19:24,  2.15it/s]
 17%|ΓûêΓûï        | 498/3000 [04:13<17:47,  2.34it/s]
 17%|ΓûêΓûï        | 499/3000 [04:14<20:38,  2.02it/s]
 17%|ΓûêΓûï        | 500/3000 [04:14<19:29,  2.14it/s]
 17%|ΓûêΓûï        | 501/3000 [04:15<21:39,  1.92it/s]
 17%|ΓûêΓûï        | 502/3000 [04:15<20:36,  2.02it/s]
 17%|ΓûêΓûï        | 503/3000 [04:16<19:22,  2.15it/s]
 17%|ΓûêΓûï        | 504/3000 [04:16<19:53,  2.09it/s]
 17%|ΓûêΓûï        | 505/3000 [04:17<19:17,  2.16it/s]
 17%|ΓûêΓûï        | 506/3000 [04:17<19:35,  2.12it/s]
 17%|ΓûêΓûï        | 507/3000 [04:18<19:02,  2.18it/s]
 17%|ΓûêΓûï        | 508/3000 [04:18<22:07,  1.88it/s]
 17%|ΓûêΓûï        | 509/3000 [04:19<23:02,  1.80it/s]
 17%|ΓûêΓûï        | 510/3000 [04:19<21:38,  1.92it/s]
 17%|ΓûêΓûï        | 511/3000 [04:20<22:09,  1.87it/s]
 17%|ΓûêΓûï        | 512/3000 [04:20<21:05,  1.97it/s]
 17%|ΓûêΓûï        | 513/3000 [04:21<20:51,  1.99it/s]
 17%|ΓûêΓûï        | 514/3000 [04:21<19:22,  2.14it/s]
 17%|ΓûêΓûï        | 515/3000 [04:22<22:29,  1.84it/s]
 17%|ΓûêΓûï        | 516/3000 [04:23<24:23,  1.70it/s]
 17%|ΓûêΓûï        | 517/3000 [04:23<25:19,  1.63it/s]
 17%|ΓûêΓûï        | 518/3000 [04:24<25:00,  1.65it/s]
 17%|ΓûêΓûï        | 519/3000 [04:24<23:06,  1.79it/s]
 17%|ΓûêΓûï        | 520/3000 [04:25<21:45,  1.90it/s]
 17%|ΓûêΓûï        | 521/3000 [04:25<19:31,  2.12it/s]
 17%|ΓûêΓûï        | 522/3000 [04:26<20:49,  1.98it/s]
 17%|ΓûêΓûï        | 523/3000 [04:26<20:19,  2.03it/s]
 17%|ΓûêΓûï        | 524/3000 [04:27<22:44,  1.81it/s]
 18%|ΓûêΓûè        | 525/3000 [04:28<23:03,  1.79it/s]
 18%|ΓûêΓûè        | 526/3000 [04:28<23:42,  1.74it/s]
 18%|ΓûêΓûè        | 527/3000 [04:29<23:37,  1.74it/s]
 18%|ΓûêΓûè        | 528/3000 [04:29<25:25,  1.62it/s]
 18%|ΓûêΓûè        | 529/3000 [04:30<23:46,  1.73it/s]
 18%|ΓûêΓûè        | 530/3000 [04:31<25:32,  1.61it/s]
 18%|ΓûêΓûè        | 531/3000 [04:31<26:33,  1.55it/s]
 18%|ΓûêΓûè        | 532/3000 [04:32<24:13,  1.70it/s]
 18%|ΓûêΓûè        | 533/3000 [04:32<22:39,  1.81it/s]
 18%|ΓûêΓûè        | 534/3000 [04:33<24:42,  1.66it/s]
 18%|ΓûêΓûè        | 535/3000 [04:34<25:57,  1.58it/s]
 18%|ΓûêΓûè        | 536/3000 [04:34<25:45,  1.59it/s]
 18%|ΓûêΓûè        | 537/3000 [04:35<22:17,  1.84it/s]
 18%|ΓûêΓûè        | 538/3000 [04:35<21:25,  1.92it/s]
 18%|ΓûêΓûè        | 539/3000 [04:36<20:24,  2.01it/s]
 18%|ΓûêΓûè        | 540/3000 [04:36<21:15,  1.93it/s]
 18%|ΓûêΓûè        | 541/3000 [04:37<20:15,  2.02it/s]
 18%|ΓûêΓûè        | 542/3000 [04:37<19:30,  2.10it/s]
 18%|ΓûêΓûè        | 543/3000 [04:38<20:38,  1.98it/s]
 18%|ΓûêΓûè        | 544/3000 [04:38<23:24,  1.75it/s]
 18%|ΓûêΓûè        | 545/3000 [04:39<21:25,  1.91it/s]
 18%|ΓûêΓûè        | 546/3000 [04:39<19:53,  2.06it/s]
 18%|ΓûêΓûè        | 547/3000 [04:40<18:52,  2.17it/s]
 18%|ΓûêΓûè        | 548/3000 [04:40<20:05,  2.03it/s]
 18%|ΓûêΓûè        | 549/3000 [04:41<19:07,  2.14it/s]
 18%|ΓûêΓûè        | 550/3000 [04:41<20:01,  2.04it/s]
 18%|ΓûêΓûè        | 551/3000 [04:41<18:13,  2.24it/s]
 18%|ΓûêΓûè        | 552/3000 [04:42<17:58,  2.27it/s]
 18%|ΓûêΓûè        | 553/3000 [04:42<19:40,  2.07it/s]
 18%|ΓûêΓûè        | 554/3000 [04:43<20:29,  1.99it/s]
 18%|ΓûêΓûè        | 555/3000 [04:43<18:44,  2.17it/s]
 19%|ΓûêΓûè        | 556/3000 [04:44<20:11,  2.02it/s]
 19%|ΓûêΓûè        | 557/3000 [04:44<19:01,  2.14it/s]
 19%|ΓûêΓûè        | 558/3000 [04:45<18:29,  2.20it/s]
 19%|ΓûêΓûè        | 559/3000 [04:45<21:33,  1.89it/s]
 19%|ΓûêΓûè        | 560/3000 [04:46<25:59,  1.56it/s]
 19%|ΓûêΓûè        | 561/3000 [04:47<24:54,  1.63it/s]
 19%|ΓûêΓûè        | 562/3000 [04:47<21:37,  1.88it/s]
 19%|ΓûêΓûë        | 563/3000 [04:48<22:35,  1.80it/s]
 19%|ΓûêΓûë        | 564/3000 [04:48<22:21,  1.82it/s]
 19%|ΓûêΓûë        | 565/3000 [04:49<20:20,  2.00it/s]
 19%|ΓûêΓûë        | 566/3000 [04:49<20:39,  1.96it/s]
 19%|ΓûêΓûë        | 567/3000 [04:50<20:40,  1.96it/s]
 19%|ΓûêΓûë        | 568/3000 [04:50<19:15,  2.10it/s]
 19%|ΓûêΓûë        | 569/3000 [04:51<22:31,  1.80it/s]
 19%|ΓûêΓûë        | 570/3000 [04:52<22:49,  1.78it/s]
 19%|ΓûêΓûë        | 571/3000 [04:52<23:08,  1.75it/s]
 19%|ΓûêΓûë        | 572/3000 [04:53<21:27,  1.89it/s]
 19%|ΓûêΓûë        | 573/3000 [04:53<21:36,  1.87it/s]
 19%|ΓûêΓûë        | 574/3000 [04:53<19:50,  2.04it/s]
 19%|ΓûêΓûë        | 575/3000 [04:54<20:27,  1.98it/s]
 19%|ΓûêΓûë        | 576/3000 [04:54<19:40,  2.05it/s]
 19%|ΓûêΓûë        | 577/3000 [04:55<18:29,  2.18it/s]
 19%|ΓûêΓûë        | 578/3000 [04:55<17:00,  2.37it/s]
 19%|ΓûêΓûë        | 579/3000 [04:56<19:55,  2.02it/s]
 19%|ΓûêΓûë        | 580/3000 [04:56<19:06,  2.11it/s]
 19%|ΓûêΓûë        | 581/3000 [04:57<18:00,  2.24it/s]
 19%|ΓûêΓûë        | 582/3000 [04:57<18:52,  2.14it/s]
 19%|ΓûêΓûë        | 583/3000 [04:58<21:16,  1.89it/s]
 19%|ΓûêΓûë        | 584/3000 [04:58<19:34,  2.06it/s]
 20%|ΓûêΓûë        | 585/3000 [04:59<19:18,  2.08it/s]
 20%|ΓûêΓûë        | 586/3000 [04:59<19:58,  2.01it/s]
 20%|ΓûêΓûë        | 587/3000 [05:00<23:28,  1.71it/s]
 20%|ΓûêΓûë        | 588/3000 [05:01<23:20,  1.72it/s]
 20%|ΓûêΓûë        | 589/3000 [05:01<22:28,  1.79it/s]
 20%|ΓûêΓûë        | 590/3000 [05:02<22:03,  1.82it/s]
 20%|ΓûêΓûë        | 591/3000 [05:02<20:26,  1.96it/s]
 20%|ΓûêΓûë        | 592/3000 [05:02<18:14,  2.20it/s]
 20%|ΓûêΓûë        | 593/3000 [05:03<18:50,  2.13it/s]
 20%|ΓûêΓûë        | 594/3000 [05:03<18:18,  2.19it/s]
 20%|ΓûêΓûë        | 595/3000 [05:04<16:45,  2.39it/s]
 20%|ΓûêΓûë        | 596/3000 [05:04<18:24,  2.18it/s]
 20%|ΓûêΓûë        | 597/3000 [05:05<20:17,  1.97it/s]
 20%|ΓûêΓûë        | 598/3000 [05:05<20:33,  1.95it/s]
 20%|ΓûêΓûë        | 599/3000 [05:06<20:59,  1.91it/s]
 20%|ΓûêΓûê        | 600/3000 [05:07<22:19,  1.79it/s]
 20%|ΓûêΓûê        | 601/3000 [05:07<22:54,  1.75it/s]
 20%|ΓûêΓûê        | 602/3000 [05:08<24:08,  1.66it/s]
 20%|ΓûêΓûê        | 603/3000 [05:08<23:53,  1.67it/s]
 20%|ΓûêΓûê        | 604/3000 [05:09<22:15,  1.79it/s]
 20%|ΓûêΓûê        | 605/3000 [05:10<24:04,  1.66it/s]
 20%|ΓûêΓûê        | 606/3000 [05:10<24:39,  1.62it/s]
 20%|ΓûêΓûê        | 607/3000 [05:11<23:45,  1.68it/s]
 20%|ΓûêΓûê        | 608/3000 [05:11<21:17,  1.87it/s]
 20%|ΓûêΓûê        | 609/3000 [05:12<19:52,  2.01it/s]
 20%|ΓûêΓûê        | 610/3000 [05:12<20:27,  1.95it/s]
 20%|ΓûêΓûê        | 611/3000 [05:13<18:59,  2.10it/s]
 20%|ΓûêΓûê        | 612/3000 [05:13<19:54,  2.00it/s]
 20%|ΓûêΓûê        | 613/3000 [05:14<21:29,  1.85it/s]
 20%|ΓûêΓûê        | 614/3000 [05:14<21:16,  1.87it/s]
 20%|ΓûêΓûê        | 615/3000 [05:15<19:51,  2.00it/s]
 21%|ΓûêΓûê        | 616/3000 [05:15<20:12,  1.97it/s]
 21%|ΓûêΓûê        | 617/3000 [05:16<25:58,  1.53it/s]
 21%|ΓûêΓûê        | 618/3000 [05:17<24:24,  1.63it/s]
 21%|ΓûêΓûê        | 619/3000 [05:17<23:11,  1.71it/s]
 21%|ΓûêΓûê        | 620/3000 [05:18<24:13,  1.64it/s]
 21%|ΓûêΓûê        | 621/3000 [05:18<21:24,  1.85it/s]
 21%|ΓûêΓûê        | 622/3000 [05:19<19:15,  2.06it/s]
 21%|ΓûêΓûê        | 623/3000 [05:19<20:37,  1.92it/s]
 21%|ΓûêΓûê        | 624/3000 [05:20<18:52,  2.10it/s]
 21%|ΓûêΓûê        | 625/3000 [05:20<18:21,  2.16it/s]
 21%|ΓûêΓûê        | 626/3000 [05:20<17:08,  2.31it/s]
 21%|ΓûêΓûê        | 627/3000 [05:21<17:19,  2.28it/s]
 21%|ΓûêΓûê        | 628/3000 [05:21<15:46,  2.51it/s]
 21%|ΓûêΓûê        | 629/3000 [05:22<18:13,  2.17it/s]
 21%|ΓûêΓûê        | 630/3000 [05:22<17:31,  2.25it/s]
 21%|ΓûêΓûê        | 631/3000 [05:23<19:34,  2.02it/s]
 21%|ΓûêΓûê        | 632/3000 [05:23<19:38,  2.01it/s]
 21%|ΓûêΓûê        | 633/3000 [05:24<20:09,  1.96it/s]
 21%|ΓûêΓûê        | 634/3000 [05:24<20:26,  1.93it/s]
 21%|ΓûêΓûê        | 635/3000 [05:25<22:06,  1.78it/s]
 21%|ΓûêΓûê        | 636/3000 [05:25<20:00,  1.97it/s]
 21%|ΓûêΓûê        | 637/3000 [05:26<20:11,  1.95it/s]
 21%|ΓûêΓûêΓûÅ       | 638/3000 [05:26<18:32,  2.12it/s]
 21%|ΓûêΓûêΓûÅ       | 639/3000 [05:27<17:15,  2.28it/s]
 21%|ΓûêΓûêΓûÅ       | 640/3000 [05:27<20:49,  1.89it/s]
 21%|ΓûêΓûêΓûÅ       | 641/3000 [05:28<20:16,  1.94it/s]
 21%|ΓûêΓûêΓûÅ       | 642/3000 [05:28<18:32,  2.12it/s]
 21%|ΓûêΓûêΓûÅ       | 643/3000 [05:29<18:48,  2.09it/s]
 21%|ΓûêΓûêΓûÅ       | 644/3000 [05:29<16:51,  2.33it/s]
 22%|ΓûêΓûêΓûÅ       | 645/3000 [05:30<19:13,  2.04it/s]
 22%|ΓûêΓûêΓûÅ       | 646/3000 [05:30<18:42,  2.10it/s]
 22%|ΓûêΓûêΓûÅ       | 647/3000 [05:31<18:27,  2.13it/s]
 22%|ΓûêΓûêΓûÅ       | 648/3000 [05:31<20:22,  1.92it/s]
 22%|ΓûêΓûêΓûÅ       | 649/3000 [05:32<20:36,  1.90it/s]
 22%|ΓûêΓûêΓûÅ       | 650/3000 [05:32<19:20,  2.03it/s]
 22%|ΓûêΓûêΓûÅ       | 651/3000 [05:33<17:55,  2.18it/s]
 22%|ΓûêΓûêΓûÅ       | 652/3000 [05:33<17:32,  2.23it/s]
 22%|ΓûêΓûêΓûÅ       | 653/3000 [05:34<19:58,  1.96it/s]
 22%|ΓûêΓûêΓûÅ       | 654/3000 [05:34<20:56,  1.87it/s]
 22%|ΓûêΓûêΓûÅ       | 655/3000 [05:35<18:58,  2.06it/s]
 22%|ΓûêΓûêΓûÅ       | 656/3000 [05:35<17:50,  2.19it/s]
 22%|ΓûêΓûêΓûÅ       | 657/3000 [05:36<18:57,  2.06it/s]
 22%|ΓûêΓûêΓûÅ       | 658/3000 [05:36<18:40,  2.09it/s]
 22%|ΓûêΓûêΓûÅ       | 659/3000 [05:36<17:23,  2.24it/s]
 22%|ΓûêΓûêΓûÅ       | 660/3000 [05:37<16:23,  2.38it/s]
 22%|ΓûêΓûêΓûÅ       | 661/3000 [05:37<16:23,  2.38it/s]
 22%|ΓûêΓûêΓûÅ       | 662/3000 [05:38<17:18,  2.25it/s]
 22%|ΓûêΓûêΓûÅ       | 663/3000 [05:38<18:23,  2.12it/s]
 22%|ΓûêΓûêΓûÅ       | 664/3000 [05:39<20:10,  1.93it/s]
 22%|ΓûêΓûêΓûÅ       | 665/3000 [05:39<19:32,  1.99it/s]
 22%|ΓûêΓûêΓûÅ       | 666/3000 [05:40<18:33,  2.10it/s]
 22%|ΓûêΓûêΓûÅ       | 667/3000 [05:40<17:11,  2.26it/s]
 22%|ΓûêΓûêΓûÅ       | 668/3000 [05:41<17:45,  2.19it/s]
 22%|ΓûêΓûêΓûÅ       | 669/3000 [05:41<20:02,  1.94it/s]
 22%|ΓûêΓûêΓûÅ       | 670/3000 [05:42<18:30,  2.10it/s]
 22%|ΓûêΓûêΓûÅ       | 671/3000 [05:42<18:49,  2.06it/s]
 22%|ΓûêΓûêΓûÅ       | 672/3000 [05:43<18:34,  2.09it/s]
 22%|ΓûêΓûêΓûÅ       | 673/3000 [05:43<19:33,  1.98it/s]
 22%|ΓûêΓûêΓûÅ       | 674/3000 [05:44<21:35,  1.79it/s]
 22%|ΓûêΓûêΓûÄ       | 675/3000 [05:44<20:45,  1.87it/s]
 23%|ΓûêΓûêΓûÄ       | 676/3000 [05:45<22:25,  1.73it/s]
 23%|ΓûêΓûêΓûÄ       | 677/3000 [05:45<21:35,  1.79it/s]
 23%|ΓûêΓûêΓûÄ       | 678/3000 [05:46<18:38,  2.08it/s]
 23%|ΓûêΓûêΓûÄ       | 679/3000 [05:46<16:42,  2.31it/s]
 23%|ΓûêΓûêΓûÄ       | 680/3000 [05:47<16:24,  2.36it/s]
 23%|ΓûêΓûêΓûÄ       | 681/3000 [05:47<16:00,  2.41it/s]
 23%|ΓûêΓûêΓûÄ       | 682/3000 [05:47<16:05,  2.40it/s]
 23%|ΓûêΓûêΓûÄ       | 683/3000 [05:48<17:30,  2.20it/s]
 23%|ΓûêΓûêΓûÄ       | 684/3000 [05:49<20:26,  1.89it/s]
 23%|ΓûêΓûêΓûÄ       | 685/3000 [05:49<21:05,  1.83it/s]
 23%|ΓûêΓûêΓûÄ       | 686/3000 [05:50<19:18,  2.00it/s]
 23%|ΓûêΓûêΓûÄ       | 687/3000 [05:50<18:29,  2.08it/s]
 23%|ΓûêΓûêΓûÄ       | 688/3000 [05:51<20:10,  1.91it/s]
 23%|ΓûêΓûêΓûÄ       | 689/3000 [05:51<21:28,  1.79it/s]
 23%|ΓûêΓûêΓûÄ       | 690/3000 [05:52<23:42,  1.62it/s]
 23%|ΓûêΓûêΓûÄ       | 691/3000 [05:53<22:57,  1.68it/s]
 23%|ΓûêΓûêΓûÄ       | 692/3000 [05:53<21:06,  1.82it/s]
 23%|ΓûêΓûêΓûÄ       | 693/3000 [05:54<20:44,  1.85it/s]
 23%|ΓûêΓûêΓûÄ       | 694/3000 [05:54<19:30,  1.97it/s]
 23%|ΓûêΓûêΓûÄ       | 695/3000 [05:55<21:04,  1.82it/s]
 23%|ΓûêΓûêΓûÄ       | 696/3000 [05:55<22:55,  1.67it/s]
 23%|ΓûêΓûêΓûÄ       | 697/3000 [05:56<22:15,  1.72it/s]
 23%|ΓûêΓûêΓûÄ       | 698/3000 [05:56<20:29,  1.87it/s]
 23%|ΓûêΓûêΓûÄ       | 699/3000 [05:57<18:12,  2.11it/s]
 23%|ΓûêΓûêΓûÄ       | 700/3000 [05:57<17:16,  2.22it/s]
 23%|ΓûêΓûêΓûÄ       | 701/3000 [05:58<19:53,  1.93it/s]
 23%|ΓûêΓûêΓûÄ       | 702/3000 [05:58<18:50,  2.03it/s]
 23%|ΓûêΓûêΓûÄ       | 703/3000 [05:59<18:01,  2.12it/s]
 23%|ΓûêΓûêΓûÄ       | 704/3000 [05:59<17:42,  2.16it/s]
 24%|ΓûêΓûêΓûÄ       | 705/3000 [06:00<21:00,  1.82it/s]
 24%|ΓûêΓûêΓûÄ       | 706/3000 [06:00<19:02,  2.01it/s]
 24%|ΓûêΓûêΓûÄ       | 707/3000 [06:01<18:15,  2.09it/s]
 24%|ΓûêΓûêΓûÄ       | 708/3000 [06:01<20:40,  1.85it/s]
 24%|ΓûêΓûêΓûÄ       | 709/3000 [06:02<18:50,  2.03it/s]
 24%|ΓûêΓûêΓûÄ       | 710/3000 [06:02<19:25,  1.96it/s]
 24%|ΓûêΓûêΓûÄ       | 711/3000 [06:03<18:10,  2.10it/s]
 24%|ΓûêΓûêΓûÄ       | 712/3000 [06:03<19:44,  1.93it/s]
 24%|ΓûêΓûêΓûì       | 713/3000 [06:04<18:32,  2.06it/s]
 24%|ΓûêΓûêΓûì       | 714/3000 [06:04<19:15,  1.98it/s]
 24%|ΓûêΓûêΓûì       | 715/3000 [06:05<22:22,  1.70it/s]
 24%|ΓûêΓûêΓûì       | 716/3000 [06:05<21:58,  1.73it/s]
 24%|ΓûêΓûêΓûì       | 717/3000 [06:06<22:33,  1.69it/s]
 24%|ΓûêΓûêΓûì       | 718/3000 [06:06<19:37,  1.94it/s]
 24%|ΓûêΓûêΓûì       | 719/3000 [06:07<18:08,  2.10it/s]
 24%|ΓûêΓûêΓûì       | 720/3000 [06:07<17:01,  2.23it/s]
 24%|ΓûêΓûêΓûì       | 721/3000 [06:08<18:59,  2.00it/s]
 24%|ΓûêΓûêΓûì       | 722/3000 [06:08<18:53,  2.01it/s]
 24%|ΓûêΓûêΓûì       | 723/3000 [06:09<17:38,  2.15it/s]
 24%|ΓûêΓûêΓûì       | 724/3000 [06:09<19:48,  1.91it/s]
 24%|ΓûêΓûêΓûì       | 725/3000 [06:10<20:08,  1.88it/s]
 24%|ΓûêΓûêΓûì       | 726/3000 [06:10<18:31,  2.05it/s]
 24%|ΓûêΓûêΓûì       | 727/3000 [06:11<21:03,  1.80it/s]
 24%|ΓûêΓûêΓûì       | 728/3000 [06:11<18:36,  2.03it/s]
 24%|ΓûêΓûêΓûì       | 729/3000 [06:12<19:40,  1.92it/s]
 24%|ΓûêΓûêΓûì       | 730/3000 [06:12<18:12,  2.08it/s]
 24%|ΓûêΓûêΓûì       | 731/3000 [06:13<20:35,  1.84it/s]
 24%|ΓûêΓûêΓûì       | 732/3000 [06:13<18:47,  2.01it/s]
 24%|ΓûêΓûêΓûì       | 733/3000 [06:14<17:32,  2.15it/s]
 24%|ΓûêΓûêΓûì       | 734/3000 [06:14<20:16,  1.86it/s]
 24%|ΓûêΓûêΓûì       | 735/3000 [06:15<22:06,  1.71it/s]
 25%|ΓûêΓûêΓûì       | 736/3000 [06:16<23:41,  1.59it/s]
 25%|ΓûêΓûêΓûì       | 737/3000 [06:16<21:55,  1.72it/s]
 25%|ΓûêΓûêΓûì       | 738/3000 [06:17<21:51,  1.72it/s]
 25%|ΓûêΓûêΓûì       | 739/3000 [06:18<21:38,  1.74it/s]
 25%|ΓûêΓûêΓûì       | 740/3000 [06:18<21:25,  1.76it/s]
 25%|ΓûêΓûêΓûì       | 741/3000 [06:18<19:38,  1.92it/s]
 25%|ΓûêΓûêΓûì       | 742/3000 [06:19<18:52,  1.99it/s]
 25%|ΓûêΓûêΓûì       | 743/3000 [06:20<21:01,  1.79it/s]
 25%|ΓûêΓûêΓûì       | 744/3000 [06:20<20:48,  1.81it/s]
 25%|ΓûêΓûêΓûì       | 745/3000 [06:21<18:25,  2.04it/s]
 25%|ΓûêΓûêΓûì       | 746/3000 [06:21<19:55,  1.88it/s]
 25%|ΓûêΓûêΓûì       | 747/3000 [06:22<18:27,  2.03it/s]
 25%|ΓûêΓûêΓûì       | 748/3000 [06:22<19:36,  1.91it/s]
 25%|ΓûêΓûêΓûì       | 749/3000 [06:23<20:21,  1.84it/s]
 25%|ΓûêΓûêΓûî       | 750/3000 [06:23<20:55,  1.79it/s]
 25%|ΓûêΓûêΓûî       | 751/3000 [06:24<19:51,  1.89it/s]
 25%|ΓûêΓûêΓûî       | 752/3000 [06:24<18:27,  2.03it/s]
 25%|ΓûêΓûêΓûî       | 753/3000 [06:25<18:13,  2.05it/s]
 25%|ΓûêΓûêΓûî       | 754/3000 [06:25<17:52,  2.09it/s]
 25%|ΓûêΓûêΓûî       | 755/3000 [06:26<18:49,  1.99it/s]
 25%|ΓûêΓûêΓûî       | 756/3000 [06:26<19:22,  1.93it/s]
 25%|ΓûêΓûêΓûî       | 757/3000 [06:27<19:34,  1.91it/s]
 25%|ΓûêΓûêΓûî       | 758/3000 [06:27<18:16,  2.04it/s]
 25%|ΓûêΓûêΓûî       | 759/3000 [06:28<17:21,  2.15it/s]
 25%|ΓûêΓûêΓûî       | 760/3000 [06:28<16:44,  2.23it/s]
 25%|ΓûêΓûêΓûî       | 761/3000 [06:29<17:47,  2.10it/s]
 25%|ΓûêΓûêΓûî       | 762/3000 [06:29<20:45,  1.80it/s]
 25%|ΓûêΓûêΓûî       | 763/3000 [06:30<19:04,  1.96it/s]
 25%|ΓûêΓûêΓûî       | 764/3000 [06:30<19:55,  1.87it/s]
 26%|ΓûêΓûêΓûî       | 765/3000 [06:31<22:01,  1.69it/s]
 26%|ΓûêΓûêΓûî       | 766/3000 [06:31<20:44,  1.80it/s]
 26%|ΓûêΓûêΓûî       | 767/3000 [06:32<19:55,  1.87it/s]
 26%|ΓûêΓûêΓûî       | 768/3000 [06:33<20:36,  1.80it/s]
 26%|ΓûêΓûêΓûî       | 769/3000 [06:33<20:49,  1.79it/s]
 26%|ΓûêΓûêΓûî       | 770/3000 [06:34<21:28,  1.73it/s]
 26%|ΓûêΓûêΓûî       | 771/3000 [06:34<22:46,  1.63it/s]
 26%|ΓûêΓûêΓûî       | 772/3000 [06:35<20:06,  1.85it/s]
 26%|ΓûêΓûêΓûî       | 773/3000 [06:36<22:25,  1.65it/s]
 26%|ΓûêΓûêΓûî       | 774/3000 [06:36<22:33,  1.64it/s]
 26%|ΓûêΓûêΓûî       | 775/3000 [06:37<20:41,  1.79it/s]
 26%|ΓûêΓûêΓûî       | 776/3000 [06:37<21:10,  1.75it/s]
 26%|ΓûêΓûêΓûî       | 777/3000 [06:38<18:30,  2.00it/s]
 26%|ΓûêΓûêΓûî       | 778/3000 [06:38<17:39,  2.10it/s]
 26%|ΓûêΓûêΓûî       | 779/3000 [06:39<20:15,  1.83it/s]
 26%|ΓûêΓûêΓûî       | 780/3000 [06:39<19:51,  1.86it/s]
 26%|ΓûêΓûêΓûî       | 781/3000 [06:40<21:21,  1.73it/s]
 26%|ΓûêΓûêΓûî       | 782/3000 [06:40<18:39,  1.98it/s]
 26%|ΓûêΓûêΓûî       | 783/3000 [06:41<18:51,  1.96it/s]
 26%|ΓûêΓûêΓûî       | 784/3000 [06:41<18:49,  1.96it/s]
 26%|ΓûêΓûêΓûî       | 785/3000 [06:42<17:30,  2.11it/s]
 26%|ΓûêΓûêΓûî       | 786/3000 [06:42<16:18,  2.26it/s]
 26%|ΓûêΓûêΓûî       | 787/3000 [06:43<19:05,  1.93it/s]
 26%|ΓûêΓûêΓûï       | 788/3000 [06:43<18:04,  2.04it/s]
 26%|ΓûêΓûêΓûï       | 789/3000 [06:44<17:01,  2.17it/s]
 26%|ΓûêΓûêΓûï       | 790/3000 [06:44<17:50,  2.06it/s]
 26%|ΓûêΓûêΓûï       | 791/3000 [06:45<18:09,  2.03it/s]
 26%|ΓûêΓûêΓûï       | 792/3000 [06:45<19:18,  1.91it/s]
 26%|ΓûêΓûêΓûï       | 793/3000 [06:46<18:30,  1.99it/s]
 26%|ΓûêΓûêΓûï       | 794/3000 [06:46<19:56,  1.84it/s]
 27%|ΓûêΓûêΓûï       | 796/3000 [06:47<14:06,  2.60it/s]
 27%|ΓûêΓûêΓûï       | 797/3000 [06:47<14:07,  2.60it/s]
 27%|ΓûêΓûêΓûï       | 798/3000 [06:47<14:02,  2.61it/s]
 27%|ΓûêΓûêΓûï       | 799/3000 [06:48<15:49,  2.32it/s]
 27%|ΓûêΓûêΓûï       | 800/3000 [06:48<15:32,  2.36it/s]
 27%|ΓûêΓûêΓûï       | 801/3000 [06:49<16:45,  2.19it/s]
 27%|ΓûêΓûêΓûï       | 802/3000 [06:50<18:45,  1.95it/s]
 27%|ΓûêΓûêΓûï       | 803/3000 [06:50<19:56,  1.84it/s]
 27%|ΓûêΓûêΓûï       | 804/3000 [06:51<22:30,  1.63it/s]
 27%|ΓûêΓûêΓûï       | 805/3000 [06:51<20:02,  1.83it/s]
 27%|ΓûêΓûêΓûï       | 806/3000 [06:52<18:13,  2.01it/s]
 27%|ΓûêΓûêΓûï       | 807/3000 [06:52<17:32,  2.08it/s]
 27%|ΓûêΓûêΓûï       | 808/3000 [06:53<18:12,  2.01it/s]
 27%|ΓûêΓûêΓûï       | 809/3000 [06:53<18:40,  1.96it/s]
 27%|ΓûêΓûêΓûï       | 810/3000 [06:54<17:15,  2.12it/s]
 27%|ΓûêΓûêΓûï       | 811/3000 [06:54<18:58,  1.92it/s]
 27%|ΓûêΓûêΓûï       | 812/3000 [06:55<18:18,  1.99it/s]
 27%|ΓûêΓûêΓûï       | 813/3000 [06:55<18:35,  1.96it/s]
 27%|ΓûêΓûêΓûï       | 814/3000 [06:56<19:10,  1.90it/s]
 27%|ΓûêΓûêΓûï       | 815/3000 [06:56<19:29,  1.87it/s]
 27%|ΓûêΓûêΓûï       | 816/3000 [06:57<18:34,  1.96it/s]
 27%|ΓûêΓûêΓûï       | 817/3000 [06:57<17:19,  2.10it/s]
 27%|ΓûêΓûêΓûï       | 818/3000 [06:58<19:13,  1.89it/s]
 27%|ΓûêΓûêΓûï       | 819/3000 [06:58<18:59,  1.91it/s]
 27%|ΓûêΓûêΓûï       | 820/3000 [06:59<19:46,  1.84it/s]
 27%|ΓûêΓûêΓûï       | 821/3000 [06:59<18:14,  1.99it/s]
 27%|ΓûêΓûêΓûï       | 822/3000 [07:00<17:10,  2.11it/s]
 27%|ΓûêΓûêΓûï       | 823/3000 [07:00<16:27,  2.21it/s]
 27%|ΓûêΓûêΓûï       | 824/3000 [07:01<15:55,  2.28it/s]
 28%|ΓûêΓûêΓûè       | 825/3000 [07:01<15:08,  2.39it/s]
 28%|ΓûêΓûêΓûè       | 826/3000 [07:01<15:17,  2.37it/s]
 28%|ΓûêΓûêΓûè       | 827/3000 [07:02<15:06,  2.40it/s]
 28%|ΓûêΓûêΓûè       | 828/3000 [07:03<19:15,  1.88it/s]
 28%|ΓûêΓûêΓûè       | 829/3000 [07:03<19:41,  1.84it/s]
 28%|ΓûêΓûêΓûè       | 830/3000 [07:04<19:25,  1.86it/s]
 28%|ΓûêΓûêΓûè       | 831/3000 [07:04<20:40,  1.75it/s]
 28%|ΓûêΓûêΓûè       | 832/3000 [07:05<20:00,  1.81it/s]
 28%|ΓûêΓûêΓûè       | 833/3000 [07:05<20:31,  1.76it/s]
 28%|ΓûêΓûêΓûè       | 834/3000 [07:06<18:20,  1.97it/s]
 28%|ΓûêΓûêΓûè       | 835/3000 [07:07<19:58,  1.81it/s]
 28%|ΓûêΓûêΓûè       | 836/3000 [07:07<20:00,  1.80it/s]
 28%|ΓûêΓûêΓûè       | 837/3000 [07:08<19:21,  1.86it/s]
 28%|ΓûêΓûêΓûè       | 838/3000 [07:08<17:53,  2.01it/s]
 28%|ΓûêΓûêΓûè       | 839/3000 [07:08<17:01,  2.12it/s]
 28%|ΓûêΓûêΓûè       | 840/3000 [07:09<16:54,  2.13it/s]
 28%|ΓûêΓûêΓûè       | 841/3000 [07:09<18:02,  1.99it/s]
 28%|ΓûêΓûêΓûè       | 842/3000 [07:10<16:52,  2.13it/s]
 28%|ΓûêΓûêΓûè       | 843/3000 [07:11<19:40,  1.83it/s]
 28%|ΓûêΓûêΓûè       | 844/3000 [07:11<23:00,  1.56it/s]
 28%|ΓûêΓûêΓûè       | 845/3000 [07:12<22:19,  1.61it/s]
 28%|ΓûêΓûêΓûè       | 846/3000 [07:13<21:23,  1.68it/s]
 28%|ΓûêΓûêΓûè       | 847/3000 [07:13<20:19,  1.77it/s]
 28%|ΓûêΓûêΓûè       | 848/3000 [07:13<17:58,  2.00it/s]
 28%|ΓûêΓûêΓûè       | 849/3000 [07:14<16:57,  2.11it/s]
 28%|ΓûêΓûêΓûè       | 850/3000 [07:14<16:12,  2.21it/s]
 28%|ΓûêΓûêΓûè       | 851/3000 [07:15<15:49,  2.26it/s]
 28%|ΓûêΓûêΓûè       | 852/3000 [07:15<17:10,  2.08it/s]
 28%|ΓûêΓûêΓûè       | 853/3000 [07:16<15:43,  2.27it/s]
 28%|ΓûêΓûêΓûè       | 854/3000 [07:16<16:05,  2.22it/s]
 28%|ΓûêΓûêΓûè       | 855/3000 [07:17<17:18,  2.06it/s]
 29%|ΓûêΓûêΓûè       | 856/3000 [07:17<17:25,  2.05it/s]
 29%|ΓûêΓûêΓûè       | 857/3000 [07:18<18:46,  1.90it/s]
 29%|ΓûêΓûêΓûè       | 858/3000 [07:18<18:27,  1.93it/s]
 29%|ΓûêΓûêΓûè       | 859/3000 [07:19<19:20,  1.85it/s]
 29%|ΓûêΓûêΓûè       | 860/3000 [07:19<19:34,  1.82it/s]
 29%|ΓûêΓûêΓûè       | 861/3000 [07:20<17:41,  2.01it/s]
 29%|ΓûêΓûêΓûè       | 862/3000 [07:20<15:49,  2.25it/s]
 29%|ΓûêΓûêΓûë       | 863/3000 [07:20<15:04,  2.36it/s]
 29%|ΓûêΓûêΓûë       | 864/3000 [07:21<14:37,  2.43it/s]
 29%|ΓûêΓûêΓûë       | 865/3000 [07:22<18:08,  1.96it/s]
 29%|ΓûêΓûêΓûë       | 866/3000 [07:22<20:55,  1.70it/s]
 29%|ΓûêΓûêΓûë       | 867/3000 [07:23<20:44,  1.71it/s]
 29%|ΓûêΓûêΓûë       | 868/3000 [07:23<18:49,  1.89it/s]
 29%|ΓûêΓûêΓûë       | 869/3000 [07:24<19:29,  1.82it/s]
 29%|ΓûêΓûêΓûë       | 870/3000 [07:24<17:48,  1.99it/s]
 29%|ΓûêΓûêΓûë       | 871/3000 [07:25<16:37,  2.13it/s]
 29%|ΓûêΓûêΓûë       | 872/3000 [07:25<15:57,  2.22it/s]
 29%|ΓûêΓûêΓûë       | 873/3000 [07:26<18:56,  1.87it/s]
 29%|ΓûêΓûêΓûë       | 874/3000 [07:26<17:17,  2.05it/s]
 29%|ΓûêΓûêΓûë       | 875/3000 [07:27<16:12,  2.18it/s]
 29%|ΓûêΓûêΓûë       | 876/3000 [07:27<15:24,  2.30it/s]
 29%|ΓûêΓûêΓûë       | 877/3000 [07:27<14:11,  2.49it/s]
 29%|ΓûêΓûêΓûë       | 878/3000 [07:28<14:13,  2.49it/s]
 29%|ΓûêΓûêΓûë       | 879/3000 [07:28<16:32,  2.14it/s]
 29%|ΓûêΓûêΓûë       | 880/3000 [07:29<16:10,  2.18it/s]
 29%|ΓûêΓûêΓûë       | 881/3000 [07:29<18:45,  1.88it/s]
 29%|ΓûêΓûêΓûë       | 882/3000 [07:30<19:08,  1.84it/s]
 29%|ΓûêΓûêΓûë       | 883/3000 [07:30<18:40,  1.89it/s]
 29%|ΓûêΓûêΓûë       | 884/3000 [07:31<17:05,  2.06it/s]
 30%|ΓûêΓûêΓûë       | 885/3000 [07:31<16:06,  2.19it/s]
 30%|ΓûêΓûêΓûë       | 886/3000 [07:32<17:01,  2.07it/s]
 30%|ΓûêΓûêΓûë       | 887/3000 [07:32<16:00,  2.20it/s]
 30%|ΓûêΓûêΓûë       | 888/3000 [07:33<17:40,  1.99it/s]
 30%|ΓûêΓûêΓûë       | 889/3000 [07:33<16:24,  2.14it/s]
 30%|ΓûêΓûêΓûë       | 890/3000 [07:34<19:11,  1.83it/s]
 30%|ΓûêΓûêΓûë       | 891/3000 [07:34<18:59,  1.85it/s]
 30%|ΓûêΓûêΓûë       | 893/3000 [07:35<15:39,  2.24it/s]
 30%|ΓûêΓûêΓûë       | 894/3000 [07:35<14:47,  2.37it/s]
 30%|ΓûêΓûêΓûë       | 895/3000 [07:36<18:08,  1.93it/s]
 30%|ΓûêΓûêΓûë       | 896/3000 [07:37<16:28,  2.13it/s]
 30%|ΓûêΓûêΓûë       | 897/3000 [07:37<15:20,  2.28it/s]
 30%|ΓûêΓûêΓûë       | 898/3000 [07:38<18:01,  1.94it/s]
 30%|ΓûêΓûêΓûë       | 899/3000 [07:38<16:47,  2.09it/s]
 30%|ΓûêΓûêΓûê       | 900/3000 [07:39<18:24,  1.90it/s]
 30%|ΓûêΓûêΓûê       | 901/3000 [07:39<19:08,  1.83it/s]
 30%|ΓûêΓûêΓûê       | 902/3000 [07:40<16:48,  2.08it/s]
 30%|ΓûêΓûêΓûê       | 903/3000 [07:40<17:47,  1.97it/s]
 30%|ΓûêΓûêΓûê       | 904/3000 [07:41<16:55,  2.06it/s]
 30%|ΓûêΓûêΓûê       | 905/3000 [07:41<16:27,  2.12it/s]
 30%|ΓûêΓûêΓûê       | 906/3000 [07:41<14:54,  2.34it/s]
 30%|ΓûêΓûêΓûê       | 907/3000 [07:42<15:10,  2.30it/s]
 30%|ΓûêΓûêΓûê       | 908/3000 [07:42<14:00,  2.49it/s]
 30%|ΓûêΓûêΓûê       | 909/3000 [07:43<14:36,  2.38it/s]
 30%|ΓûêΓûêΓûê       | 910/3000 [07:43<15:43,  2.22it/s]
 30%|ΓûêΓûêΓûê       | 911/3000 [07:44<15:32,  2.24it/s]
 30%|ΓûêΓûêΓûê       | 912/3000 [07:44<16:43,  2.08it/s]
 30%|ΓûêΓûêΓûê       | 913/3000 [07:45<17:01,  2.04it/s]
 30%|ΓûêΓûêΓûê       | 914/3000 [07:45<18:34,  1.87it/s]
 30%|ΓûêΓûêΓûê       | 915/3000 [07:46<17:00,  2.04it/s]
 31%|ΓûêΓûêΓûê       | 916/3000 [07:46<16:23,  2.12it/s]
 31%|ΓûêΓûêΓûê       | 917/3000 [07:47<16:01,  2.17it/s]
 31%|ΓûêΓûêΓûê       | 918/3000 [07:47<17:19,  2.00it/s]
 31%|ΓûêΓûêΓûê       | 919/3000 [07:48<16:39,  2.08it/s]
 31%|ΓûêΓûêΓûê       | 920/3000 [07:48<16:52,  2.05it/s]
 31%|ΓûêΓûêΓûê       | 921/3000 [07:49<19:07,  1.81it/s]
 31%|ΓûêΓûêΓûê       | 922/3000 [07:49<20:10,  1.72it/s]
 31%|ΓûêΓûêΓûê       | 923/3000 [07:50<20:48,  1.66it/s]
 31%|ΓûêΓûêΓûê       | 924/3000 [07:50<18:00,  1.92it/s]
 31%|ΓûêΓûêΓûê       | 925/3000 [07:51<20:38,  1.68it/s]
 31%|ΓûêΓûêΓûê       | 926/3000 [07:52<19:50,  1.74it/s]
 31%|ΓûêΓûêΓûê       | 927/3000 [07:52<20:38,  1.67it/s]
 31%|ΓûêΓûêΓûê       | 928/3000 [07:53<19:50,  1.74it/s]
 31%|ΓûêΓûêΓûê       | 929/3000 [07:53<20:24,  1.69it/s]
 31%|ΓûêΓûêΓûê       | 930/3000 [07:54<21:11,  1.63it/s]
 31%|ΓûêΓûêΓûê       | 931/3000 [07:55<19:13,  1.79it/s]
 31%|ΓûêΓûêΓûê       | 932/3000 [07:55<18:02,  1.91it/s]
 31%|ΓûêΓûêΓûê       | 933/3000 [07:56<18:14,  1.89it/s]
 31%|ΓûêΓûêΓûê       | 934/3000 [07:56<20:01,  1.72it/s]
 31%|ΓûêΓûêΓûê       | 935/3000 [07:57<21:58,  1.57it/s]
 31%|ΓûêΓûêΓûê       | 936/3000 [07:58<20:58,  1.64it/s]
 31%|ΓûêΓûêΓûê       | 937/3000 [07:58<18:30,  1.86it/s]
 31%|ΓûêΓûêΓûêΓûÅ      | 938/3000 [07:58<17:38,  1.95it/s]
 31%|ΓûêΓûêΓûêΓûÅ      | 939/3000 [07:59<15:41,  2.19it/s]
 31%|ΓûêΓûêΓûêΓûÅ      | 940/3000 [07:59<15:09,  2.27it/s]
 31%|ΓûêΓûêΓûêΓûÅ      | 941/3000 [08:00<14:36,  2.35it/s]
 31%|ΓûêΓûêΓûêΓûÅ      | 942/3000 [08:00<17:40,  1.94it/s]
 31%|ΓûêΓûêΓûêΓûÅ      | 943/3000 [08:01<17:22,  1.97it/s]
 31%|ΓûêΓûêΓûêΓûÅ      | 944/3000 [08:01<18:07,  1.89it/s]
 32%|ΓûêΓûêΓûêΓûÅ      | 945/3000 [08:02<18:07,  1.89it/s]
 32%|ΓûêΓûêΓûêΓûÅ      | 946/3000 [08:02<15:53,  2.15it/s]
 32%|ΓûêΓûêΓûêΓûÅ      | 947/3000 [08:03<16:02,  2.13it/s]
 32%|ΓûêΓûêΓûêΓûÅ      | 948/3000 [08:03<14:57,  2.29it/s]
 32%|ΓûêΓûêΓûêΓûÅ      | 949/3000 [08:04<15:45,  2.17it/s]
 32%|ΓûêΓûêΓûêΓûÅ      | 950/3000 [08:04<14:15,  2.40it/s]
 32%|ΓûêΓûêΓûêΓûÅ      | 951/3000 [08:05<16:39,  2.05it/s]
 32%|ΓûêΓûêΓûêΓûÅ      | 952/3000 [08:05<15:28,  2.21it/s]
 32%|ΓûêΓûêΓûêΓûÅ      | 953/3000 [08:05<15:07,  2.26it/s]
 32%|ΓûêΓûêΓûêΓûÅ      | 954/3000 [08:06<14:22,  2.37it/s]
 32%|ΓûêΓûêΓûêΓûÅ      | 955/3000 [08:06<13:16,  2.57it/s]
 32%|ΓûêΓûêΓûêΓûÅ      | 956/3000 [08:06<13:03,  2.61it/s]
 32%|ΓûêΓûêΓûêΓûÅ      | 957/3000 [08:07<13:20,  2.55it/s]
 32%|ΓûêΓûêΓûêΓûÅ      | 958/3000 [08:07<13:35,  2.51it/s]
 32%|ΓûêΓûêΓûêΓûÅ      | 959/3000 [08:08<15:58,  2.13it/s]
 32%|ΓûêΓûêΓûêΓûÅ      | 960/3000 [08:08<15:05,  2.25it/s]
 32%|ΓûêΓûêΓûêΓûÅ      | 961/3000 [08:09<15:44,  2.16it/s]
 32%|ΓûêΓûêΓûêΓûÅ      | 962/3000 [08:09<17:05,  1.99it/s]
 32%|ΓûêΓûêΓûêΓûÅ      | 963/3000 [08:10<17:26,  1.95it/s]
 32%|ΓûêΓûêΓûêΓûÅ      | 964/3000 [08:10<16:40,  2.04it/s]
 32%|ΓûêΓûêΓûêΓûÅ      | 965/3000 [08:11<16:55,  2.00it/s]
 32%|ΓûêΓûêΓûêΓûÅ      | 966/3000 [08:11<15:07,  2.24it/s]
 32%|ΓûêΓûêΓûêΓûÅ      | 967/3000 [08:11<13:45,  2.46it/s]
 32%|ΓûêΓûêΓûêΓûÅ      | 968/3000 [08:12<13:20,  2.54it/s]
 32%|ΓûêΓûêΓûêΓûÅ      | 969/3000 [08:12<13:38,  2.48it/s]
 32%|ΓûêΓûêΓûêΓûÅ      | 970/3000 [08:13<13:22,  2.53it/s]
 32%|ΓûêΓûêΓûêΓûÅ      | 971/3000 [08:13<13:09,  2.57it/s]
 32%|ΓûêΓûêΓûêΓûÅ      | 972/3000 [08:13<13:07,  2.58it/s]
 32%|ΓûêΓûêΓûêΓûÅ      | 973/3000 [08:14<15:11,  2.22it/s]
 32%|ΓûêΓûêΓûêΓûÅ      | 974/3000 [08:14<14:48,  2.28it/s]
 32%|ΓûêΓûêΓûêΓûÄ      | 975/3000 [08:15<16:33,  2.04it/s]
 33%|ΓûêΓûêΓûêΓûÄ      | 976/3000 [08:16<17:00,  1.98it/s]
 33%|ΓûêΓûêΓûêΓûÄ      | 977/3000 [08:16<15:46,  2.14it/s]
 33%|ΓûêΓûêΓûêΓûÄ      | 978/3000 [08:16<15:12,  2.22it/s]
 33%|ΓûêΓûêΓûêΓûÄ      | 979/3000 [08:17<14:21,  2.35it/s]
 33%|ΓûêΓûêΓûêΓûÄ      | 980/3000 [08:17<16:25,  2.05it/s]
 33%|ΓûêΓûêΓûêΓûÄ      | 981/3000 [08:18<15:50,  2.12it/s]
 33%|ΓûêΓûêΓûêΓûÄ      | 982/3000 [08:18<15:10,  2.22it/s]
 33%|ΓûêΓûêΓûêΓûÄ      | 983/3000 [08:19<14:50,  2.27it/s]
 33%|ΓûêΓûêΓûêΓûÄ      | 984/3000 [08:19<17:55,  1.87it/s]
 33%|ΓûêΓûêΓûêΓûÄ      | 985/3000 [08:20<19:22,  1.73it/s]
 33%|ΓûêΓûêΓûêΓûÄ      | 986/3000 [08:20<17:15,  1.95it/s]
 33%|ΓûêΓûêΓûêΓûÄ      | 987/3000 [08:21<17:10,  1.95it/s]
 33%|ΓûêΓûêΓûêΓûÄ      | 988/3000 [08:21<16:35,  2.02it/s]
 33%|ΓûêΓûêΓûêΓûÄ      | 989/3000 [08:22<16:50,  1.99it/s]
 33%|ΓûêΓûêΓûêΓûÄ      | 990/3000 [08:22<15:34,  2.15it/s]
 33%|ΓûêΓûêΓûêΓûÄ      | 991/3000 [08:23<18:52,  1.77it/s]
 33%|ΓûêΓûêΓûêΓûÄ      | 992/3000 [08:24<18:21,  1.82it/s]
 33%|ΓûêΓûêΓûêΓûÄ      | 993/3000 [08:24<19:09,  1.75it/s]
 33%|ΓûêΓûêΓûêΓûÄ      | 994/3000 [08:25<17:11,  1.94it/s]
 33%|ΓûêΓûêΓûêΓûÄ      | 995/3000 [08:25<18:50,  1.77it/s]
 33%|ΓûêΓûêΓûêΓûÄ      | 996/3000 [08:26<18:24,  1.81it/s]
 33%|ΓûêΓûêΓûêΓûÄ      | 997/3000 [08:26<16:30,  2.02it/s]
 33%|ΓûêΓûêΓûêΓûÄ      | 998/3000 [08:27<15:41,  2.13it/s]
 33%|ΓûêΓûêΓûêΓûÄ      | 999/3000 [08:27<16:43,  1.99it/s]
 33%|ΓûêΓûêΓûêΓûÄ      | 1000/3000 [08:28<17:31,  1.90it/s]
 33%|ΓûêΓûêΓûêΓûÄ      | 1001/3000 [08:28<15:27,  2.16it/s]
 33%|ΓûêΓûêΓûêΓûÄ      | 1002/3000 [08:28<14:26,  2.30it/s]
 33%|ΓûêΓûêΓûêΓûÄ      | 1003/3000 [08:29<14:14,  2.34it/s]
 33%|ΓûêΓûêΓûêΓûÄ      | 1004/3000 [08:29<16:11,  2.05it/s]
 34%|ΓûêΓûêΓûêΓûÄ      | 1005/3000 [08:30<16:58,  1.96it/s]
 34%|ΓûêΓûêΓûêΓûÄ      | 1006/3000 [08:31<19:21,  1.72it/s]
 34%|ΓûêΓûêΓûêΓûÄ      | 1007/3000 [08:31<19:28,  1.71it/s]
 34%|ΓûêΓûêΓûêΓûÄ      | 1008/3000 [08:32<17:41,  1.88it/s]
 34%|ΓûêΓûêΓûêΓûÄ      | 1009/3000 [08:32<16:16,  2.04it/s]
 34%|ΓûêΓûêΓûêΓûÄ      | 1010/3000 [08:33<15:26,  2.15it/s]
 34%|ΓûêΓûêΓûêΓûÄ      | 1011/3000 [08:33<14:31,  2.28it/s]
 34%|ΓûêΓûêΓûêΓûÄ      | 1012/3000 [08:34<16:31,  2.00it/s]
 34%|ΓûêΓûêΓûêΓûì      | 1013/3000 [08:34<15:10,  2.18it/s]
 34%|ΓûêΓûêΓûêΓûì      | 1014/3000 [08:34<13:43,  2.41it/s]
 34%|ΓûêΓûêΓûêΓûì      | 1015/3000 [08:35<13:25,  2.47it/s]
 34%|ΓûêΓûêΓûêΓûì      | 1016/3000 [08:35<13:06,  2.52it/s]
 34%|ΓûêΓûêΓûêΓûì      | 1017/3000 [08:36<15:00,  2.20it/s]
 34%|ΓûêΓûêΓûêΓûì      | 1018/3000 [08:36<17:15,  1.91it/s]
 34%|ΓûêΓûêΓûêΓûì      | 1019/3000 [08:37<17:18,  1.91it/s]
 34%|ΓûêΓûêΓûêΓûì      | 1020/3000 [08:37<17:37,  1.87it/s]
 34%|ΓûêΓûêΓûêΓûì      | 1021/3000 [08:38<16:45,  1.97it/s]
 34%|ΓûêΓûêΓûêΓûì      | 1022/3000 [08:38<16:52,  1.95it/s]
 34%|ΓûêΓûêΓûêΓûì      | 1023/3000 [08:39<19:41,  1.67it/s]
 34%|ΓûêΓûêΓûêΓûì      | 1024/3000 [08:40<19:37,  1.68it/s]
 34%|ΓûêΓûêΓûêΓûì      | 1025/3000 [08:40<17:52,  1.84it/s]
 34%|ΓûêΓûêΓûêΓûì      | 1026/3000 [08:41<18:17,  1.80it/s]
 34%|ΓûêΓûêΓûêΓûì      | 1027/3000 [08:41<18:21,  1.79it/s]
 34%|ΓûêΓûêΓûêΓûì      | 1028/3000 [08:42<18:28,  1.78it/s]
 34%|ΓûêΓûêΓûêΓûì      | 1029/3000 [08:42<16:43,  1.96it/s]
 34%|ΓûêΓûêΓûêΓûì      | 1030/3000 [08:43<17:02,  1.93it/s]
 34%|ΓûêΓûêΓûêΓûì      | 1031/3000 [08:43<17:24,  1.89it/s]
 34%|ΓûêΓûêΓûêΓûì      | 1032/3000 [08:44<16:40,  1.97it/s]
 34%|ΓûêΓûêΓûêΓûì      | 1033/3000 [08:44<15:15,  2.15it/s]
 34%|ΓûêΓûêΓûêΓûì      | 1034/3000 [08:45<17:30,  1.87it/s]
 34%|ΓûêΓûêΓûêΓûì      | 1035/3000 [08:45<15:20,  2.13it/s]
 35%|ΓûêΓûêΓûêΓûì      | 1036/3000 [08:46<15:00,  2.18it/s]
 35%|ΓûêΓûêΓûêΓûì      | 1037/3000 [08:46<15:09,  2.16it/s]
 35%|ΓûêΓûêΓûêΓûì      | 1038/3000 [08:47<17:09,  1.91it/s]
 35%|ΓûêΓûêΓûêΓûì      | 1039/3000 [08:47<16:11,  2.02it/s]
 35%|ΓûêΓûêΓûêΓûì      | 1040/3000 [08:48<14:59,  2.18it/s]
 35%|ΓûêΓûêΓûêΓûì      | 1041/3000 [08:48<15:29,  2.11it/s]
 35%|ΓûêΓûêΓûêΓûì      | 1042/3000 [08:49<19:51,  1.64it/s]
 35%|ΓûêΓûêΓûêΓûì      | 1043/3000 [08:50<19:35,  1.66it/s]
 35%|ΓûêΓûêΓûêΓûì      | 1044/3000 [08:50<18:09,  1.80it/s]
 35%|ΓûêΓûêΓûêΓûì      | 1045/3000 [08:50<17:20,  1.88it/s]
 35%|ΓûêΓûêΓûêΓûì      | 1046/3000 [08:51<17:44,  1.84it/s]
 35%|ΓûêΓûêΓûêΓûì      | 1047/3000 [08:52<19:28,  1.67it/s]
 35%|ΓûêΓûêΓûêΓûì      | 1048/3000 [08:52<17:30,  1.86it/s]
 35%|ΓûêΓûêΓûêΓûì      | 1049/3000 [08:53<18:41,  1.74it/s]
 35%|ΓûêΓûêΓûêΓûî      | 1050/3000 [08:53<17:02,  1.91it/s]
 35%|ΓûêΓûêΓûêΓûî      | 1051/3000 [08:54<19:09,  1.70it/s]
 35%|ΓûêΓûêΓûêΓûî      | 1052/3000 [08:54<17:21,  1.87it/s]
 35%|ΓûêΓûêΓûêΓûî      | 1053/3000 [08:55<18:19,  1.77it/s]
 35%|ΓûêΓûêΓûêΓûî      | 1054/3000 [08:56<18:26,  1.76it/s]
 35%|ΓûêΓûêΓûêΓûî      | 1055/3000 [08:56<17:25,  1.86it/s]
 35%|ΓûêΓûêΓûêΓûî      | 1056/3000 [08:57<19:28,  1.66it/s]
 35%|ΓûêΓûêΓûêΓûî      | 1057/3000 [08:57<17:34,  1.84it/s]
 35%|ΓûêΓûêΓûêΓûî      | 1058/3000 [08:58<16:51,  1.92it/s]
 35%|ΓûêΓûêΓûêΓûî      | 1059/3000 [08:58<15:40,  2.06it/s]
 35%|ΓûêΓûêΓûêΓûî      | 1060/3000 [08:58<14:52,  2.17it/s]
 35%|ΓûêΓûêΓûêΓûî      | 1061/3000 [08:59<15:57,  2.03it/s]
 35%|ΓûêΓûêΓûêΓûî      | 1062/3000 [09:00<17:23,  1.86it/s]
 35%|ΓûêΓûêΓûêΓûî      | 1063/3000 [09:00<18:37,  1.73it/s]
 35%|ΓûêΓûêΓûêΓûî      | 1064/3000 [09:01<17:01,  1.89it/s]
 36%|ΓûêΓûêΓûêΓûî      | 1065/3000 [09:01<15:54,  2.03it/s]
 36%|ΓûêΓûêΓûêΓûî      | 1066/3000 [09:02<18:16,  1.76it/s]
 36%|ΓûêΓûêΓûêΓûî      | 1067/3000 [09:02<17:12,  1.87it/s]
 36%|ΓûêΓûêΓûêΓûî      | 1068/3000 [09:03<15:55,  2.02it/s]
 36%|ΓûêΓûêΓûêΓûî      | 1069/3000 [09:03<15:33,  2.07it/s]
 36%|ΓûêΓûêΓûêΓûî      | 1070/3000 [09:04<14:22,  2.24it/s]
 36%|ΓûêΓûêΓûêΓûî      | 1071/3000 [09:04<14:04,  2.28it/s]
 36%|ΓûêΓûêΓûêΓûî      | 1072/3000 [09:05<16:38,  1.93it/s]
 36%|ΓûêΓûêΓûêΓûî      | 1073/3000 [09:05<15:59,  2.01it/s]
 36%|ΓûêΓûêΓûêΓûî      | 1074/3000 [09:06<18:10,  1.77it/s]
 36%|ΓûêΓûêΓûêΓûî      | 1075/3000 [09:06<17:01,  1.88it/s]
 36%|ΓûêΓûêΓûêΓûî      | 1076/3000 [09:07<16:18,  1.97it/s]
 36%|ΓûêΓûêΓûêΓûî      | 1077/3000 [09:08<21:03,  1.52it/s]
 36%|ΓûêΓûêΓûêΓûî      | 1078/3000 [09:08<19:44,  1.62it/s]
 36%|ΓûêΓûêΓûêΓûî      | 1079/3000 [09:09<17:43,  1.81it/s]
 36%|ΓûêΓûêΓûêΓûî      | 1080/3000 [09:09<16:33,  1.93it/s]
 36%|ΓûêΓûêΓûêΓûî      | 1081/3000 [09:10<15:30,  2.06it/s]
 36%|ΓûêΓûêΓûêΓûî      | 1082/3000 [09:10<18:47,  1.70it/s]
 36%|ΓûêΓûêΓûêΓûî      | 1083/3000 [09:11<17:38,  1.81it/s]
 36%|ΓûêΓûêΓûêΓûî      | 1084/3000 [09:11<15:50,  2.01it/s]
 36%|ΓûêΓûêΓûêΓûî      | 1085/3000 [09:12<15:07,  2.11it/s]
 36%|ΓûêΓûêΓûêΓûî      | 1086/3000 [09:12<17:15,  1.85it/s]
 36%|ΓûêΓûêΓûêΓûî      | 1087/3000 [09:13<16:43,  1.91it/s]
 36%|ΓûêΓûêΓûêΓûï      | 1088/3000 [09:13<17:13,  1.85it/s]
 36%|ΓûêΓûêΓûêΓûï      | 1089/3000 [09:14<21:29,  1.48it/s]
 36%|ΓûêΓûêΓûêΓûï      | 1090/3000 [09:15<21:40,  1.47it/s]
 36%|ΓûêΓûêΓûêΓûï      | 1091/3000 [09:16<21:06,  1.51it/s]
 36%|ΓûêΓûêΓûêΓûï      | 1092/3000 [09:17<25:48,  1.23it/s]
 36%|ΓûêΓûêΓûêΓûï      | 1093/3000 [09:17<23:28,  1.35it/s]
 36%|ΓûêΓûêΓûêΓûï      | 1094/3000 [09:18<20:37,  1.54it/s]
 36%|ΓûêΓûêΓûêΓûï      | 1095/3000 [09:19<20:52,  1.52it/s]
 37%|ΓûêΓûêΓûêΓûï      | 1096/3000 [09:19<22:20,  1.42it/s]
 37%|ΓûêΓûêΓûêΓûï      | 1098/3000 [09:20<18:53,  1.68it/s]
 37%|ΓûêΓûêΓûêΓûï      | 1099/3000 [09:21<18:17,  1.73it/s]
 37%|ΓûêΓûêΓûêΓûï      | 1100/3000 [09:21<16:58,  1.86it/s]
 37%|ΓûêΓûêΓûêΓûï      | 1101/3000 [09:22<19:01,  1.66it/s]
 37%|ΓûêΓûêΓûêΓûï      | 1102/3000 [09:23<22:04,  1.43it/s]
 37%|ΓûêΓûêΓûêΓûï      | 1103/3000 [09:24<22:21,  1.41it/s]
 37%|ΓûêΓûêΓûêΓûï      | 1104/3000 [09:25<27:14,  1.16it/s]
 37%|ΓûêΓûêΓûêΓûï      | 1105/3000 [09:26<27:54,  1.13it/s]
 37%|ΓûêΓûêΓûêΓûï      | 1106/3000 [09:27<28:25,  1.11it/s]
 37%|ΓûêΓûêΓûêΓûï      | 1107/3000 [09:27<23:26,  1.35it/s]
 37%|ΓûêΓûêΓûêΓûï      | 1108/3000 [09:28<21:34,  1.46it/s]
 37%|ΓûêΓûêΓûêΓûï      | 1109/3000 [09:29<22:47,  1.38it/s]
 37%|ΓûêΓûêΓûêΓûï      | 1110/3000 [09:29<19:59,  1.58it/s]
 37%|ΓûêΓûêΓûêΓûï      | 1111/3000 [09:30<20:51,  1.51it/s]
 37%|ΓûêΓûêΓûêΓûï      | 1112/3000 [09:30<17:40,  1.78it/s]
 37%|ΓûêΓûêΓûêΓûï      | 1113/3000 [09:31<18:15,  1.72it/s]
 37%|ΓûêΓûêΓûêΓûï      | 1114/3000 [09:31<16:30,  1.90it/s]
 37%|ΓûêΓûêΓûêΓûï      | 1115/3000 [09:32<16:32,  1.90it/s]
 37%|ΓûêΓûêΓûêΓûï      | 1116/3000 [09:32<16:42,  1.88it/s]
 37%|ΓûêΓûêΓûêΓûï      | 1117/3000 [09:33<18:57,  1.66it/s]
 37%|ΓûêΓûêΓûêΓûï      | 1118/3000 [09:33<18:19,  1.71it/s]
 37%|ΓûêΓûêΓûêΓûï      | 1119/3000 [09:34<16:44,  1.87it/s]
 37%|ΓûêΓûêΓûêΓûï      | 1120/3000 [09:34<15:23,  2.04it/s]
 37%|ΓûêΓûêΓûêΓûï      | 1121/3000 [09:35<14:23,  2.18it/s]
 37%|ΓûêΓûêΓûêΓûï      | 1122/3000 [09:35<13:29,  2.32it/s]
 37%|ΓûêΓûêΓûêΓûï      | 1123/3000 [09:36<15:37,  2.00it/s]
 37%|ΓûêΓûêΓûêΓûï      | 1124/3000 [09:36<14:26,  2.16it/s]
 38%|ΓûêΓûêΓûêΓûè      | 1125/3000 [09:37<16:34,  1.89it/s]
 38%|ΓûêΓûêΓûêΓûè      | 1126/3000 [09:37<14:33,  2.15it/s]
 38%|ΓûêΓûêΓûêΓûè      | 1127/3000 [09:37<14:04,  2.22it/s]
 38%|ΓûêΓûêΓûêΓûè      | 1128/3000 [09:38<13:21,  2.34it/s]
 38%|ΓûêΓûêΓûêΓûè      | 1129/3000 [09:38<12:55,  2.41it/s]
 38%|ΓûêΓûêΓûêΓûè      | 1130/3000 [09:39<12:27,  2.50it/s]
 38%|ΓûêΓûêΓûêΓûè      | 1131/3000 [09:39<12:46,  2.44it/s]
 38%|ΓûêΓûêΓûêΓûè      | 1132/3000 [09:39<13:26,  2.32it/s]
 38%|ΓûêΓûêΓûêΓûè      | 1133/3000 [09:40<14:16,  2.18it/s]
 38%|ΓûêΓûêΓûêΓûè      | 1134/3000 [09:40<13:26,  2.31it/s]
 38%|ΓûêΓûêΓûêΓûè      | 1135/3000 [09:41<15:27,  2.01it/s]
 38%|ΓûêΓûêΓûêΓûè      | 1136/3000 [09:41<14:12,  2.19it/s]
 38%|ΓûêΓûêΓûêΓûè      | 1137/3000 [09:42<13:48,  2.25it/s]
 38%|ΓûêΓûêΓûêΓûè      | 1138/3000 [09:42<13:32,  2.29it/s]
 38%|ΓûêΓûêΓûêΓûè      | 1139/3000 [09:43<14:20,  2.16it/s]
 38%|ΓûêΓûêΓûêΓûè      | 1140/3000 [09:43<16:27,  1.88it/s]
 38%|ΓûêΓûêΓûêΓûè      | 1141/3000 [09:44<15:11,  2.04it/s]
 38%|ΓûêΓûêΓûêΓûè      | 1142/3000 [09:44<15:42,  1.97it/s]
 38%|ΓûêΓûêΓûêΓûè      | 1143/3000 [09:45<15:19,  2.02it/s]
 38%|ΓûêΓûêΓûêΓûè      | 1144/3000 [09:45<13:45,  2.25it/s]
 38%|ΓûêΓûêΓûêΓûè      | 1145/3000 [09:46<15:20,  2.01it/s]
 38%|ΓûêΓûêΓûêΓûè      | 1146/3000 [09:46<14:40,  2.11it/s]
 38%|ΓûêΓûêΓûêΓûè      | 1147/3000 [09:47<16:54,  1.83it/s]
 38%|ΓûêΓûêΓûêΓûè      | 1148/3000 [09:47<16:58,  1.82it/s]
 38%|ΓûêΓûêΓûêΓûè      | 1149/3000 [09:48<17:27,  1.77it/s]
 38%|ΓûêΓûêΓûêΓûè      | 1150/3000 [09:48<15:37,  1.97it/s]
 38%|ΓûêΓûêΓûêΓûè      | 1151/3000 [09:49<17:40,  1.74it/s]
 38%|ΓûêΓûêΓûêΓûè      | 1152/3000 [09:50<17:01,  1.81it/s]
 38%|ΓûêΓûêΓûêΓûè      | 1153/3000 [09:50<14:59,  2.05it/s]
 38%|ΓûêΓûêΓûêΓûè      | 1154/3000 [09:50<13:33,  2.27it/s]
 38%|ΓûêΓûêΓûêΓûè      | 1155/3000 [09:51<13:09,  2.34it/s]
 39%|ΓûêΓûêΓûêΓûè      | 1157/3000 [09:51<10:13,  3.00it/s]
 39%|ΓûêΓûêΓûêΓûè      | 1158/3000 [09:52<12:33,  2.45it/s]
 39%|ΓûêΓûêΓûêΓûè      | 1159/3000 [09:53<15:28,  1.98it/s]
 39%|ΓûêΓûêΓûêΓûè      | 1160/3000 [09:53<15:07,  2.03it/s]
 39%|ΓûêΓûêΓûêΓûè      | 1161/3000 [09:54<15:00,  2.04it/s]
 39%|ΓûêΓûêΓûêΓûè      | 1162/3000 [09:54<14:41,  2.09it/s]
 39%|ΓûêΓûêΓûêΓûë      | 1163/3000 [09:54<14:09,  2.16it/s]
 39%|ΓûêΓûêΓûêΓûë      | 1164/3000 [09:55<15:20,  1.99it/s]
 39%|ΓûêΓûêΓûêΓûë      | 1165/3000 [09:55<14:50,  2.06it/s]
 39%|ΓûêΓûêΓûêΓûë      | 1166/3000 [09:56<15:40,  1.95it/s]
 39%|ΓûêΓûêΓûêΓûë      | 1167/3000 [09:57<15:58,  1.91it/s]
 39%|ΓûêΓûêΓûêΓûë      | 1168/3000 [09:57<14:49,  2.06it/s]
 39%|ΓûêΓûêΓûêΓûë      | 1169/3000 [09:57<13:56,  2.19it/s]
 39%|ΓûêΓûêΓûêΓûë      | 1170/3000 [09:58<14:45,  2.07it/s]
 39%|ΓûêΓûêΓûêΓûë      | 1171/3000 [09:58<14:20,  2.13it/s]
 39%|ΓûêΓûêΓûêΓûë      | 1172/3000 [09:59<18:07,  1.68it/s]
 39%|ΓûêΓûêΓûêΓûë      | 1173/3000 [10:00<19:03,  1.60it/s]
 39%|ΓûêΓûêΓûêΓûë      | 1174/3000 [10:00<17:27,  1.74it/s]
 39%|ΓûêΓûêΓûêΓûë      | 1175/3000 [10:01<15:35,  1.95it/s]
 39%|ΓûêΓûêΓûêΓûë      | 1176/3000 [10:02<17:46,  1.71it/s]
 39%|ΓûêΓûêΓûêΓûë      | 1177/3000 [10:02<17:45,  1.71it/s]
 39%|ΓûêΓûêΓûêΓûë      | 1178/3000 [10:02<15:48,  1.92it/s]
 39%|ΓûêΓûêΓûêΓûë      | 1179/3000 [10:03<14:57,  2.03it/s]
 39%|ΓûêΓûêΓûêΓûë      | 1180/3000 [10:03<14:00,  2.17it/s]
 39%|ΓûêΓûêΓûêΓûë      | 1181/3000 [10:04<14:48,  2.05it/s]
 39%|ΓûêΓûêΓûêΓûë      | 1182/3000 [10:04<13:45,  2.20it/s]
 39%|ΓûêΓûêΓûêΓûë      | 1183/3000 [10:05<15:59,  1.89it/s]
 39%|ΓûêΓûêΓûêΓûë      | 1184/3000 [10:05<16:08,  1.88it/s]
 40%|ΓûêΓûêΓûêΓûë      | 1185/3000 [10:06<14:40,  2.06it/s]
 40%|ΓûêΓûêΓûêΓûë      | 1186/3000 [10:06<15:36,  1.94it/s]
 40%|ΓûêΓûêΓûêΓûë      | 1187/3000 [10:07<17:06,  1.77it/s]
 40%|ΓûêΓûêΓûêΓûë      | 1188/3000 [10:07<14:58,  2.02it/s]
 40%|ΓûêΓûêΓûêΓûë      | 1189/3000 [10:08<15:25,  1.96it/s]
 40%|ΓûêΓûêΓûêΓûë      | 1190/3000 [10:08<13:42,  2.20it/s]
 40%|ΓûêΓûêΓûêΓûë      | 1191/3000 [10:09<12:56,  2.33it/s]
 40%|ΓûêΓûêΓûêΓûë      | 1192/3000 [10:09<11:51,  2.54it/s]
 40%|ΓûêΓûêΓûêΓûë      | 1193/3000 [10:09<12:19,  2.44it/s]
 40%|ΓûêΓûêΓûêΓûë      | 1194/3000 [10:10<14:55,  2.02it/s]
 40%|ΓûêΓûêΓûêΓûë      | 1195/3000 [10:11<17:19,  1.74it/s]
 40%|ΓûêΓûêΓûêΓûë      | 1196/3000 [10:11<16:07,  1.86it/s]
 40%|ΓûêΓûêΓûêΓûë      | 1197/3000 [10:12<16:49,  1.79it/s]
 40%|ΓûêΓûêΓûêΓûë      | 1198/3000 [10:12<15:25,  1.95it/s]
 40%|ΓûêΓûêΓûêΓûë      | 1199/3000 [10:13<14:05,  2.13it/s]
 40%|ΓûêΓûêΓûêΓûê      | 1200/3000 [10:13<13:27,  2.23it/s]
 40%|ΓûêΓûêΓûêΓûê      | 1201/3000 [10:14<14:18,  2.10it/s]
 40%|ΓûêΓûêΓûêΓûê      | 1202/3000 [10:14<13:45,  2.18it/s]
 40%|ΓûêΓûêΓûêΓûê      | 1203/3000 [10:14<12:53,  2.32it/s]
 40%|ΓûêΓûêΓûêΓûê      | 1204/3000 [10:15<12:24,  2.41it/s]
 40%|ΓûêΓûêΓûêΓûê      | 1205/3000 [10:16<14:36,  2.05it/s]
 40%|ΓûêΓûêΓûêΓûê      | 1206/3000 [10:16<17:48,  1.68it/s]
 40%|ΓûêΓûêΓûêΓûê      | 1207/3000 [10:17<18:30,  1.62it/s]
 40%|ΓûêΓûêΓûêΓûê      | 1208/3000 [10:18<19:06,  1.56it/s]
 40%|ΓûêΓûêΓûêΓûê      | 1209/3000 [10:18<16:52,  1.77it/s]
 40%|ΓûêΓûêΓûêΓûê      | 1210/3000 [10:19<16:50,  1.77it/s]
 40%|ΓûêΓûêΓûêΓûê      | 1211/3000 [10:19<15:36,  1.91it/s]
 40%|ΓûêΓûêΓûêΓûê      | 1212/3000 [10:19<14:15,  2.09it/s]
 40%|ΓûêΓûêΓûêΓûê      | 1213/3000 [10:20<16:25,  1.81it/s]
 40%|ΓûêΓûêΓûêΓûê      | 1214/3000 [10:21<16:01,  1.86it/s]
 40%|ΓûêΓûêΓûêΓûê      | 1215/3000 [10:21<14:49,  2.01it/s]
 41%|ΓûêΓûêΓûêΓûê      | 1216/3000 [10:21<13:46,  2.16it/s]
 41%|ΓûêΓûêΓûêΓûê      | 1217/3000 [10:22<13:35,  2.19it/s]
 41%|ΓûêΓûêΓûêΓûê      | 1218/3000 [10:23<15:48,  1.88it/s]
 41%|ΓûêΓûêΓûêΓûê      | 1219/3000 [10:23<16:23,  1.81it/s]
 41%|ΓûêΓûêΓûêΓûê      | 1220/3000 [10:24<15:06,  1.96it/s]
 41%|ΓûêΓûêΓûêΓûê      | 1221/3000 [10:24<13:44,  2.16it/s]
 41%|ΓûêΓûêΓûêΓûê      | 1222/3000 [10:25<14:23,  2.06it/s]
 41%|ΓûêΓûêΓûêΓûê      | 1223/3000 [10:25<14:48,  2.00it/s]
 41%|ΓûêΓûêΓûêΓûê      | 1224/3000 [10:26<15:04,  1.96it/s]
 41%|ΓûêΓûêΓûêΓûê      | 1225/3000 [10:26<14:15,  2.08it/s]
 41%|ΓûêΓûêΓûêΓûê      | 1226/3000 [10:27<14:27,  2.04it/s]
 41%|ΓûêΓûêΓûêΓûê      | 1227/3000 [10:27<13:27,  2.20it/s]
 41%|ΓûêΓûêΓûêΓûê      | 1228/3000 [10:27<13:29,  2.19it/s]
 41%|ΓûêΓûêΓûêΓûê      | 1229/3000 [10:28<14:18,  2.06it/s]
 41%|ΓûêΓûêΓûêΓûê      | 1230/3000 [10:29<16:33,  1.78it/s]
 41%|ΓûêΓûêΓûêΓûê      | 1231/3000 [10:29<14:53,  1.98it/s]
 41%|ΓûêΓûêΓûêΓûê      | 1232/3000 [10:30<15:29,  1.90it/s]
 41%|ΓûêΓûêΓûêΓûê      | 1233/3000 [10:30<14:18,  2.06it/s]
 41%|ΓûêΓûêΓûêΓûê      | 1234/3000 [10:30<12:45,  2.31it/s]
 41%|ΓûêΓûêΓûêΓûê      | 1235/3000 [10:31<12:14,  2.40it/s]
 41%|ΓûêΓûêΓûêΓûê      | 1236/3000 [10:31<14:17,  2.06it/s]
 41%|ΓûêΓûêΓûêΓûê      | 1237/3000 [10:32<13:52,  2.12it/s]
 41%|ΓûêΓûêΓûêΓûêΓûÅ     | 1238/3000 [10:32<13:20,  2.20it/s]
 41%|ΓûêΓûêΓûêΓûêΓûÅ     | 1239/3000 [10:33<14:54,  1.97it/s]
 41%|ΓûêΓûêΓûêΓûêΓûÅ     | 1240/3000 [10:34<18:00,  1.63it/s]
 41%|ΓûêΓûêΓûêΓûêΓûÅ     | 1241/3000 [10:35<21:24,  1.37it/s]
 41%|ΓûêΓûêΓûêΓûêΓûÅ     | 1242/3000 [10:35<18:47,  1.56it/s]
 41%|ΓûêΓûêΓûêΓûêΓûÅ     | 1243/3000 [10:36<17:19,  1.69it/s]
 41%|ΓûêΓûêΓûêΓûêΓûÅ     | 1244/3000 [10:36<17:58,  1.63it/s]
 42%|ΓûêΓûêΓûêΓûêΓûÅ     | 1245/3000 [10:37<16:10,  1.81it/s]
 42%|ΓûêΓûêΓûêΓûêΓûÅ     | 1246/3000 [10:37<17:48,  1.64it/s]
 42%|ΓûêΓûêΓûêΓûêΓûÅ     | 1247/3000 [10:38<19:41,  1.48it/s]
 42%|ΓûêΓûêΓûêΓûêΓûÅ     | 1248/3000 [10:39<20:04,  1.45it/s]
 42%|ΓûêΓûêΓûêΓûêΓûÅ     | 1249/3000 [10:39<17:45,  1.64it/s]
 42%|ΓûêΓûêΓûêΓûêΓûÅ     | 1250/3000 [10:40<16:44,  1.74it/s]
 42%|ΓûêΓûêΓûêΓûêΓûÅ     | 1251/3000 [10:40<17:11,  1.70it/s]
 42%|ΓûêΓûêΓûêΓûêΓûÅ     | 1252/3000 [10:41<15:17,  1.91it/s]
 42%|ΓûêΓûêΓûêΓûêΓûÅ     | 1253/3000 [10:41<14:20,  2.03it/s]
 42%|ΓûêΓûêΓûêΓûêΓûÅ     | 1254/3000 [10:42<16:09,  1.80it/s]
 42%|ΓûêΓûêΓûêΓûêΓûÅ     | 1255/3000 [10:42<15:27,  1.88it/s]
 42%|ΓûêΓûêΓûêΓûêΓûÅ     | 1256/3000 [10:43<14:07,  2.06it/s]
 42%|ΓûêΓûêΓûêΓûêΓûÅ     | 1257/3000 [10:43<13:29,  2.15it/s]
 42%|ΓûêΓûêΓûêΓûêΓûÅ     | 1258/3000 [10:44<13:45,  2.11it/s]
 42%|ΓûêΓûêΓûêΓûêΓûÅ     | 1259/3000 [10:44<13:58,  2.08it/s]
 42%|ΓûêΓûêΓûêΓûêΓûÅ     | 1260/3000 [10:45<13:56,  2.08it/s]
 42%|ΓûêΓûêΓûêΓûêΓûÅ     | 1261/3000 [10:45<14:11,  2.04it/s]
 42%|ΓûêΓûêΓûêΓûêΓûÅ     | 1262/3000 [10:46<13:26,  2.15it/s]
 42%|ΓûêΓûêΓûêΓûêΓûÅ     | 1263/3000 [10:46<16:03,  1.80it/s]
 42%|ΓûêΓûêΓûêΓûêΓûÅ     | 1264/3000 [10:47<17:31,  1.65it/s]
 42%|ΓûêΓûêΓûêΓûêΓûÅ     | 1265/3000 [10:48<18:38,  1.55it/s]
 42%|ΓûêΓûêΓûêΓûêΓûÅ     | 1266/3000 [10:48<18:04,  1.60it/s]
 42%|ΓûêΓûêΓûêΓûêΓûÅ     | 1267/3000 [10:49<16:09,  1.79it/s]
 42%|ΓûêΓûêΓûêΓûêΓûÅ     | 1268/3000 [10:49<15:28,  1.87it/s]
 42%|ΓûêΓûêΓûêΓûêΓûÅ     | 1269/3000 [10:50<14:42,  1.96it/s]
 42%|ΓûêΓûêΓûêΓûêΓûÅ     | 1270/3000 [10:50<13:51,  2.08it/s]
 42%|ΓûêΓûêΓûêΓûêΓûÅ     | 1271/3000 [10:51<13:58,  2.06it/s]
 42%|ΓûêΓûêΓûêΓûêΓûÅ     | 1272/3000 [10:51<14:04,  2.05it/s]
 42%|ΓûêΓûêΓûêΓûêΓûÅ     | 1273/3000 [10:52<14:54,  1.93it/s]
 42%|ΓûêΓûêΓûêΓûêΓûÅ     | 1274/3000 [10:52<14:07,  2.04it/s]
 42%|ΓûêΓûêΓûêΓûêΓûÄ     | 1275/3000 [10:53<13:54,  2.07it/s]
 43%|ΓûêΓûêΓûêΓûêΓûÄ     | 1276/3000 [10:53<15:38,  1.84it/s]
 43%|ΓûêΓûêΓûêΓûêΓûÄ     | 1277/3000 [10:54<14:41,  1.95it/s]
 43%|ΓûêΓûêΓûêΓûêΓûÄ     | 1278/3000 [10:54<15:21,  1.87it/s]
 43%|ΓûêΓûêΓûêΓûêΓûÄ     | 1279/3000 [10:55<13:55,  2.06it/s]
 43%|ΓûêΓûêΓûêΓûêΓûÄ     | 1280/3000 [10:55<14:33,  1.97it/s]
 43%|ΓûêΓûêΓûêΓûêΓûÄ     | 1281/3000 [10:56<15:10,  1.89it/s]
 43%|ΓûêΓûêΓûêΓûêΓûÄ     | 1282/3000 [10:57<16:12,  1.77it/s]
 43%|ΓûêΓûêΓûêΓûêΓûÄ     | 1283/3000 [10:57<15:10,  1.89it/s]
 43%|ΓûêΓûêΓûêΓûêΓûÄ     | 1284/3000 [10:57<14:38,  1.95it/s]
 43%|ΓûêΓûêΓûêΓûêΓûÄ     | 1285/3000 [10:58<13:58,  2.04it/s]
 43%|ΓûêΓûêΓûêΓûêΓûÄ     | 1286/3000 [10:58<14:14,  2.00it/s]
 43%|ΓûêΓûêΓûêΓûêΓûÄ     | 1287/3000 [10:59<14:41,  1.94it/s]
 43%|ΓûêΓûêΓûêΓûêΓûÄ     | 1288/3000 [10:59<13:55,  2.05it/s]
 43%|ΓûêΓûêΓûêΓûêΓûÄ     | 1289/3000 [11:00<13:51,  2.06it/s]
 43%|ΓûêΓûêΓûêΓûêΓûÄ     | 1290/3000 [11:01<16:08,  1.77it/s]
 43%|ΓûêΓûêΓûêΓûêΓûÄ     | 1291/3000 [11:01<14:10,  2.01it/s]
 43%|ΓûêΓûêΓûêΓûêΓûÄ     | 1292/3000 [11:01<13:10,  2.16it/s]
 43%|ΓûêΓûêΓûêΓûêΓûÄ     | 1293/3000 [11:02<12:57,  2.20it/s]
 43%|ΓûêΓûêΓûêΓûêΓûÄ     | 1294/3000 [11:02<14:51,  1.91it/s]
 43%|ΓûêΓûêΓûêΓûêΓûÄ     | 1295/3000 [11:03<13:46,  2.06it/s]
 43%|ΓûêΓûêΓûêΓûêΓûÄ     | 1296/3000 [11:03<14:20,  1.98it/s]
 43%|ΓûêΓûêΓûêΓûêΓûÄ     | 1297/3000 [11:04<14:26,  1.97it/s]
 43%|ΓûêΓûêΓûêΓûêΓûÄ     | 1298/3000 [11:05<16:40,  1.70it/s]
 43%|ΓûêΓûêΓûêΓûêΓûÄ     | 1299/3000 [11:05<17:32,  1.62it/s]
 43%|ΓûêΓûêΓûêΓûêΓûÄ     | 1300/3000 [11:06<17:05,  1.66it/s]
 43%|ΓûêΓûêΓûêΓûêΓûÄ     | 1301/3000 [11:06<14:42,  1.92it/s]
 43%|ΓûêΓûêΓûêΓûêΓûÄ     | 1302/3000 [11:07<14:31,  1.95it/s]
 43%|ΓûêΓûêΓûêΓûêΓûÄ     | 1303/3000 [11:07<15:10,  1.86it/s]
 43%|ΓûêΓûêΓûêΓûêΓûÄ     | 1304/3000 [11:08<15:07,  1.87it/s]
 44%|ΓûêΓûêΓûêΓûêΓûÄ     | 1305/3000 [11:09<16:46,  1.68it/s]
 44%|ΓûêΓûêΓûêΓûêΓûÄ     | 1306/3000 [11:09<17:04,  1.65it/s]
 44%|ΓûêΓûêΓûêΓûêΓûÄ     | 1307/3000 [11:10<17:24,  1.62it/s]
 44%|ΓûêΓûêΓûêΓûêΓûÄ     | 1308/3000 [11:10<16:40,  1.69it/s]
 44%|ΓûêΓûêΓûêΓûêΓûÄ     | 1309/3000 [11:11<14:54,  1.89it/s]
 44%|ΓûêΓûêΓûêΓûêΓûÄ     | 1310/3000 [11:11<13:02,  2.16it/s]
 44%|ΓûêΓûêΓûêΓûêΓûÄ     | 1311/3000 [11:12<12:29,  2.25it/s]
 44%|ΓûêΓûêΓûêΓûêΓûÄ     | 1312/3000 [11:12<16:19,  1.72it/s]
 44%|ΓûêΓûêΓûêΓûêΓûì     | 1313/3000 [11:13<16:01,  1.76it/s]
 44%|ΓûêΓûêΓûêΓûêΓûì     | 1314/3000 [11:14<17:17,  1.62it/s]
 44%|ΓûêΓûêΓûêΓûêΓûì     | 1315/3000 [11:14<16:54,  1.66it/s]
 44%|ΓûêΓûêΓûêΓûêΓûì     | 1316/3000 [11:15<15:20,  1.83it/s]
 44%|ΓûêΓûêΓûêΓûêΓûì     | 1317/3000 [11:15<16:24,  1.71it/s]
 44%|ΓûêΓûêΓûêΓûêΓûì     | 1318/3000 [11:16<14:58,  1.87it/s]
 44%|ΓûêΓûêΓûêΓûêΓûì     | 1319/3000 [11:16<13:49,  2.03it/s]
 44%|ΓûêΓûêΓûêΓûêΓûì     | 1320/3000 [11:17<12:23,  2.26it/s]
 44%|ΓûêΓûêΓûêΓûêΓûì     | 1321/3000 [11:17<13:32,  2.07it/s]
 44%|ΓûêΓûêΓûêΓûêΓûì     | 1322/3000 [11:18<13:38,  2.05it/s]
 44%|ΓûêΓûêΓûêΓûêΓûì     | 1323/3000 [11:18<14:06,  1.98it/s]
 44%|ΓûêΓûêΓûêΓûêΓûì     | 1324/3000 [11:19<13:41,  2.04it/s]
 44%|ΓûêΓûêΓûêΓûêΓûì     | 1325/3000 [11:19<14:54,  1.87it/s]
 44%|ΓûêΓûêΓûêΓûêΓûì     | 1326/3000 [11:20<16:18,  1.71it/s]
 44%|ΓûêΓûêΓûêΓûêΓûì     | 1327/3000 [11:20<15:29,  1.80it/s]
 44%|ΓûêΓûêΓûêΓûêΓûì     | 1328/3000 [11:21<17:44,  1.57it/s]
 44%|ΓûêΓûêΓûêΓûêΓûì     | 1329/3000 [11:22<18:04,  1.54it/s]
 44%|ΓûêΓûêΓûêΓûêΓûì     | 1330/3000 [11:22<15:41,  1.77it/s]
 44%|ΓûêΓûêΓûêΓûêΓûì     | 1331/3000 [11:23<14:04,  1.98it/s]
 44%|ΓûêΓûêΓûêΓûêΓûì     | 1332/3000 [11:23<13:05,  2.12it/s]
 44%|ΓûêΓûêΓûêΓûêΓûì     | 1333/3000 [11:23<12:19,  2.26it/s]
 44%|ΓûêΓûêΓûêΓûêΓûì     | 1334/3000 [11:24<14:09,  1.96it/s]
 44%|ΓûêΓûêΓûêΓûêΓûì     | 1335/3000 [11:24<12:57,  2.14it/s]
 45%|ΓûêΓûêΓûêΓûêΓûì     | 1336/3000 [11:25<12:30,  2.22it/s]
 45%|ΓûêΓûêΓûêΓûêΓûì     | 1337/3000 [11:26<14:06,  1.96it/s]
 45%|ΓûêΓûêΓûêΓûêΓûì     | 1338/3000 [11:26<14:26,  1.92it/s]
 45%|ΓûêΓûêΓûêΓûêΓûì     | 1339/3000 [11:26<13:08,  2.11it/s]
 45%|ΓûêΓûêΓûêΓûêΓûì     | 1340/3000 [11:27<14:24,  1.92it/s]
 45%|ΓûêΓûêΓûêΓûêΓûì     | 1341/3000 [11:28<14:58,  1.85it/s]
 45%|ΓûêΓûêΓûêΓûêΓûì     | 1342/3000 [11:28<16:03,  1.72it/s]
 45%|ΓûêΓûêΓûêΓûêΓûì     | 1343/3000 [11:29<16:02,  1.72it/s]
 45%|ΓûêΓûêΓûêΓûêΓûì     | 1344/3000 [11:29<14:38,  1.89it/s]
 45%|ΓûêΓûêΓûêΓûêΓûì     | 1345/3000 [11:30<13:54,  1.98it/s]
 45%|ΓûêΓûêΓûêΓûêΓûì     | 1346/3000 [11:30<13:07,  2.10it/s]
 45%|ΓûêΓûêΓûêΓûêΓûì     | 1347/3000 [11:31<14:20,  1.92it/s]
 45%|ΓûêΓûêΓûêΓûêΓûì     | 1348/3000 [11:31<13:39,  2.02it/s]
 45%|ΓûêΓûêΓûêΓûêΓûì     | 1349/3000 [11:32<14:11,  1.94it/s]
 45%|ΓûêΓûêΓûêΓûêΓûî     | 1350/3000 [11:32<14:02,  1.96it/s]
 45%|ΓûêΓûêΓûêΓûêΓûî     | 1351/3000 [11:33<14:18,  1.92it/s]
 45%|ΓûêΓûêΓûêΓûêΓûî     | 1352/3000 [11:33<13:09,  2.09it/s]
 45%|ΓûêΓûêΓûêΓûêΓûî     | 1353/3000 [11:34<12:19,  2.23it/s]
 45%|ΓûêΓûêΓûêΓûêΓûî     | 1354/3000 [11:34<11:36,  2.36it/s]
 45%|ΓûêΓûêΓûêΓûêΓûî     | 1355/3000 [11:34<11:42,  2.34it/s]
 45%|ΓûêΓûêΓûêΓûêΓûî     | 1356/3000 [11:35<11:50,  2.31it/s]
 45%|ΓûêΓûêΓûêΓûêΓûî     | 1357/3000 [11:36<14:38,  1.87it/s]
 45%|ΓûêΓûêΓûêΓûêΓûî     | 1358/3000 [11:36<13:33,  2.02it/s]
 45%|ΓûêΓûêΓûêΓûêΓûî     | 1359/3000 [11:36<12:29,  2.19it/s]
 45%|ΓûêΓûêΓûêΓûêΓûî     | 1360/3000 [11:37<12:08,  2.25it/s]
 45%|ΓûêΓûêΓûêΓûêΓûî     | 1361/3000 [11:37<14:06,  1.94it/s]
 45%|ΓûêΓûêΓûêΓûêΓûî     | 1362/3000 [11:38<14:46,  1.85it/s]
 45%|ΓûêΓûêΓûêΓûêΓûî     | 1363/3000 [11:39<14:57,  1.82it/s]
 45%|ΓûêΓûêΓûêΓûêΓûî     | 1364/3000 [11:39<16:11,  1.68it/s]
 46%|ΓûêΓûêΓûêΓûêΓûî     | 1365/3000 [11:40<14:46,  1.85it/s]
 46%|ΓûêΓûêΓûêΓûêΓûî     | 1366/3000 [11:40<16:17,  1.67it/s]
 46%|ΓûêΓûêΓûêΓûêΓûî     | 1367/3000 [11:41<14:40,  1.85it/s]
 46%|ΓûêΓûêΓûêΓûêΓûî     | 1368/3000 [11:41<12:51,  2.11it/s]
 46%|ΓûêΓûêΓûêΓûêΓûî     | 1369/3000 [11:42<14:23,  1.89it/s]
 46%|ΓûêΓûêΓûêΓûêΓûî     | 1370/3000 [11:42<13:04,  2.08it/s]
 46%|ΓûêΓûêΓûêΓûêΓûî     | 1371/3000 [11:43<12:08,  2.24it/s]
 46%|ΓûêΓûêΓûêΓûêΓûî     | 1372/3000 [11:43<13:55,  1.95it/s]
 46%|ΓûêΓûêΓûêΓûêΓûî     | 1373/3000 [11:44<13:11,  2.06it/s]
 46%|ΓûêΓûêΓûêΓûêΓûî     | 1374/3000 [11:44<12:20,  2.20it/s]
 46%|ΓûêΓûêΓûêΓûêΓûî     | 1375/3000 [11:45<13:13,  2.05it/s]
 46%|ΓûêΓûêΓûêΓûêΓûî     | 1376/3000 [11:45<14:10,  1.91it/s]
 46%|ΓûêΓûêΓûêΓûêΓûî     | 1377/3000 [11:46<12:55,  2.09it/s]
 46%|ΓûêΓûêΓûêΓûêΓûî     | 1378/3000 [11:46<13:22,  2.02it/s]
 46%|ΓûêΓûêΓûêΓûêΓûî     | 1379/3000 [11:46<12:03,  2.24it/s]
 46%|ΓûêΓûêΓûêΓûêΓûî     | 1380/3000 [11:47<12:29,  2.16it/s]
 46%|ΓûêΓûêΓûêΓûêΓûî     | 1381/3000 [11:47<11:59,  2.25it/s]
 46%|ΓûêΓûêΓûêΓûêΓûî     | 1382/3000 [11:48<11:38,  2.32it/s]
 46%|ΓûêΓûêΓûêΓûêΓûî     | 1383/3000 [11:49<13:49,  1.95it/s]
 46%|ΓûêΓûêΓûêΓûêΓûî     | 1384/3000 [11:49<13:43,  1.96it/s]
 46%|ΓûêΓûêΓûêΓûêΓûî     | 1385/3000 [11:50<14:49,  1.82it/s]
 46%|ΓûêΓûêΓûêΓûêΓûî     | 1386/3000 [11:50<16:57,  1.59it/s]
 46%|ΓûêΓûêΓûêΓûêΓûî     | 1387/3000 [11:51<15:26,  1.74it/s]
 46%|ΓûêΓûêΓûêΓûêΓûï     | 1388/3000 [11:51<13:56,  1.93it/s]
 46%|ΓûêΓûêΓûêΓûêΓûï     | 1389/3000 [11:52<14:15,  1.88it/s]
 46%|ΓûêΓûêΓûêΓûêΓûï     | 1390/3000 [11:52<13:46,  1.95it/s]
 46%|ΓûêΓûêΓûêΓûêΓûï     | 1391/3000 [11:53<14:53,  1.80it/s]
 46%|ΓûêΓûêΓûêΓûêΓûï     | 1392/3000 [11:54<16:05,  1.66it/s]
 46%|ΓûêΓûêΓûêΓûêΓûï     | 1393/3000 [11:54<15:42,  1.71it/s]
 46%|ΓûêΓûêΓûêΓûêΓûï     | 1394/3000 [11:55<15:58,  1.68it/s]
 46%|ΓûêΓûêΓûêΓûêΓûï     | 1395/3000 [11:55<14:56,  1.79it/s]
 47%|ΓûêΓûêΓûêΓûêΓûï     | 1396/3000 [11:56<15:39,  1.71it/s]
 47%|ΓûêΓûêΓûêΓûêΓûï     | 1397/3000 [11:56<14:16,  1.87it/s]
 47%|ΓûêΓûêΓûêΓûêΓûï     | 1398/3000 [11:57<13:10,  2.03it/s]
 47%|ΓûêΓûêΓûêΓûêΓûï     | 1399/3000 [11:57<12:56,  2.06it/s]
 47%|ΓûêΓûêΓûêΓûêΓûï     | 1400/3000 [11:58<14:39,  1.82it/s]
 47%|ΓûêΓûêΓûêΓûêΓûï     | 1401/3000 [11:58<13:22,  1.99it/s]
 47%|ΓûêΓûêΓûêΓûêΓûï     | 1402/3000 [11:59<14:11,  1.88it/s]
 47%|ΓûêΓûêΓûêΓûêΓûï     | 1403/3000 [12:00<15:10,  1.75it/s]
 47%|ΓûêΓûêΓûêΓûêΓûï     | 1404/3000 [12:00<14:48,  1.80it/s]
 47%|ΓûêΓûêΓûêΓûêΓûï     | 1405/3000 [12:01<15:21,  1.73it/s]
 47%|ΓûêΓûêΓûêΓûêΓûï     | 1406/3000 [12:01<14:07,  1.88it/s]
 47%|ΓûêΓûêΓûêΓûêΓûï     | 1407/3000 [12:02<13:22,  1.99it/s]
 47%|ΓûêΓûêΓûêΓûêΓûï     | 1408/3000 [12:02<12:47,  2.07it/s]
 47%|ΓûêΓûêΓûêΓûêΓûï     | 1409/3000 [12:03<16:18,  1.63it/s]
 47%|ΓûêΓûêΓûêΓûêΓûï     | 1410/3000 [12:04<20:23,  1.30it/s]
 47%|ΓûêΓûêΓûêΓûêΓûï     | 1411/3000 [12:05<18:52,  1.40it/s]
 47%|ΓûêΓûêΓûêΓûêΓûï     | 1412/3000 [12:05<17:12,  1.54it/s]
 47%|ΓûêΓûêΓûêΓûêΓûï     | 1413/3000 [12:06<16:24,  1.61it/s]
 47%|ΓûêΓûêΓûêΓûêΓûï     | 1414/3000 [12:07<18:50,  1.40it/s]
 47%|ΓûêΓûêΓûêΓûêΓûï     | 1415/3000 [12:08<20:37,  1.28it/s]
 47%|ΓûêΓûêΓûêΓûêΓûï     | 1416/3000 [12:08<20:13,  1.31it/s]
 47%|ΓûêΓûêΓûêΓûêΓûï     | 1417/3000 [12:09<18:37,  1.42it/s]
 47%|ΓûêΓûêΓûêΓûêΓûï     | 1418/3000 [12:10<21:38,  1.22it/s]
 47%|ΓûêΓûêΓûêΓûêΓûï     | 1419/3000 [12:11<20:08,  1.31it/s]
 47%|ΓûêΓûêΓûêΓûêΓûï     | 1420/3000 [12:11<17:25,  1.51it/s]
 47%|ΓûêΓûêΓûêΓûêΓûï     | 1421/3000 [12:12<16:49,  1.56it/s]
 47%|ΓûêΓûêΓûêΓûêΓûï     | 1422/3000 [12:12<15:15,  1.72it/s]
 47%|ΓûêΓûêΓûêΓûêΓûï     | 1423/3000 [12:13<15:07,  1.74it/s]
 47%|ΓûêΓûêΓûêΓûêΓûï     | 1424/3000 [12:13<14:10,  1.85it/s]
 48%|ΓûêΓûêΓûêΓûêΓûè     | 1425/3000 [12:14<14:10,  1.85it/s]
 48%|ΓûêΓûêΓûêΓûêΓûè     | 1426/3000 [12:14<14:58,  1.75it/s]
 48%|ΓûêΓûêΓûêΓûêΓûè     | 1427/3000 [12:15<15:32,  1.69it/s]
 48%|ΓûêΓûêΓûêΓûêΓûè     | 1428/3000 [12:16<15:18,  1.71it/s]
 48%|ΓûêΓûêΓûêΓûêΓûè     | 1429/3000 [12:16<14:13,  1.84it/s]
 48%|ΓûêΓûêΓûêΓûêΓûè     | 1430/3000 [12:16<14:02,  1.86it/s]
 48%|ΓûêΓûêΓûêΓûêΓûè     | 1431/3000 [12:17<13:24,  1.95it/s]
 48%|ΓûêΓûêΓûêΓûêΓûè     | 1432/3000 [12:18<13:56,  1.88it/s]
 48%|ΓûêΓûêΓûêΓûêΓûè     | 1433/3000 [12:18<12:58,  2.01it/s]
 48%|ΓûêΓûêΓûêΓûêΓûè     | 1434/3000 [12:18<12:30,  2.09it/s]
 48%|ΓûêΓûêΓûêΓûêΓûè     | 1435/3000 [12:19<12:21,  2.11it/s]
 48%|ΓûêΓûêΓûêΓûêΓûè     | 1436/3000 [12:19<12:03,  2.16it/s]
 48%|ΓûêΓûêΓûêΓûêΓûè     | 1437/3000 [12:20<13:21,  1.95it/s]
 48%|ΓûêΓûêΓûêΓûêΓûè     | 1438/3000 [12:20<12:11,  2.14it/s]
 48%|ΓûêΓûêΓûêΓûêΓûè     | 1439/3000 [12:21<13:33,  1.92it/s]
 48%|ΓûêΓûêΓûêΓûêΓûè     | 1440/3000 [12:21<14:00,  1.86it/s]
 48%|ΓûêΓûêΓûêΓûêΓûè     | 1441/3000 [12:22<14:13,  1.83it/s]
 48%|ΓûêΓûêΓûêΓûêΓûè     | 1442/3000 [12:22<13:15,  1.96it/s]
 48%|ΓûêΓûêΓûêΓûêΓûè     | 1443/3000 [12:23<14:19,  1.81it/s]
 48%|ΓûêΓûêΓûêΓûêΓûè     | 1444/3000 [12:23<12:40,  2.05it/s]
 48%|ΓûêΓûêΓûêΓûêΓûè     | 1445/3000 [12:24<13:49,  1.87it/s]
 48%|ΓûêΓûêΓûêΓûêΓûè     | 1446/3000 [12:25<14:13,  1.82it/s]
 48%|ΓûêΓûêΓûêΓûêΓûè     | 1447/3000 [12:25<15:05,  1.71it/s]
 48%|ΓûêΓûêΓûêΓûêΓûè     | 1448/3000 [12:26<15:14,  1.70it/s]
 48%|ΓûêΓûêΓûêΓûêΓûè     | 1449/3000 [12:26<14:04,  1.84it/s]
 48%|ΓûêΓûêΓûêΓûêΓûè     | 1450/3000 [12:27<14:52,  1.74it/s]
 48%|ΓûêΓûêΓûêΓûêΓûè     | 1451/3000 [12:28<14:20,  1.80it/s]
 48%|ΓûêΓûêΓûêΓûêΓûè     | 1452/3000 [12:28<13:08,  1.96it/s]
 48%|ΓûêΓûêΓûêΓûêΓûè     | 1453/3000 [12:28<12:37,  2.04it/s]
 48%|ΓûêΓûêΓûêΓûêΓûè     | 1454/3000 [12:29<11:46,  2.19it/s]
 48%|ΓûêΓûêΓûêΓûêΓûè     | 1455/3000 [12:29<11:58,  2.15it/s]
 49%|ΓûêΓûêΓûêΓûêΓûè     | 1456/3000 [12:30<10:52,  2.37it/s]
 49%|ΓûêΓûêΓûêΓûêΓûè     | 1457/3000 [12:30<10:25,  2.47it/s]
 49%|ΓûêΓûêΓûêΓûêΓûè     | 1458/3000 [12:30<11:15,  2.28it/s]
 49%|ΓûêΓûêΓûêΓûêΓûè     | 1459/3000 [12:31<11:40,  2.20it/s]
 49%|ΓûêΓûêΓûêΓûêΓûè     | 1460/3000 [12:31<11:02,  2.32it/s]
 49%|ΓûêΓûêΓûêΓûêΓûè     | 1461/3000 [12:32<12:01,  2.13it/s]
 49%|ΓûêΓûêΓûêΓûêΓûè     | 1462/3000 [12:32<12:35,  2.04it/s]
 49%|ΓûêΓûêΓûêΓûêΓûë     | 1463/3000 [12:33<13:13,  1.94it/s]
 49%|ΓûêΓûêΓûêΓûêΓûë     | 1464/3000 [12:34<13:09,  1.94it/s]
 49%|ΓûêΓûêΓûêΓûêΓûë     | 1465/3000 [12:34<12:04,  2.12it/s]
 49%|ΓûêΓûêΓûêΓûêΓûë     | 1466/3000 [12:34<13:07,  1.95it/s]
 49%|ΓûêΓûêΓûêΓûêΓûë     | 1467/3000 [12:35<13:34,  1.88it/s]
 49%|ΓûêΓûêΓûêΓûêΓûë     | 1468/3000 [12:36<13:45,  1.86it/s]
 49%|ΓûêΓûêΓûêΓûêΓûë     | 1469/3000 [12:36<12:05,  2.11it/s]
 49%|ΓûêΓûêΓûêΓûêΓûë     | 1470/3000 [12:36<11:48,  2.16it/s]
 49%|ΓûêΓûêΓûêΓûêΓûë     | 1471/3000 [12:37<13:08,  1.94it/s]
 49%|ΓûêΓûêΓûêΓûêΓûë     | 1472/3000 [12:37<12:09,  2.10it/s]
 49%|ΓûêΓûêΓûêΓûêΓûë     | 1473/3000 [12:38<11:51,  2.15it/s]
 49%|ΓûêΓûêΓûêΓûêΓûë     | 1474/3000 [12:38<11:07,  2.28it/s]
 49%|ΓûêΓûêΓûêΓûêΓûë     | 1475/3000 [12:39<12:56,  1.96it/s]
 49%|ΓûêΓûêΓûêΓûêΓûë     | 1476/3000 [12:40<14:19,  1.77it/s]
 49%|ΓûêΓûêΓûêΓûêΓûë     | 1477/3000 [12:40<13:50,  1.83it/s]
 49%|ΓûêΓûêΓûêΓûêΓûë     | 1478/3000 [12:40<12:43,  1.99it/s]
 49%|ΓûêΓûêΓûêΓûêΓûë     | 1479/3000 [12:41<13:56,  1.82it/s]
 49%|ΓûêΓûêΓûêΓûêΓûë     | 1480/3000 [12:42<12:38,  2.00it/s]
 49%|ΓûêΓûêΓûêΓûêΓûë     | 1481/3000 [12:42<12:49,  1.97it/s]
 49%|ΓûêΓûêΓûêΓûêΓûë     | 1482/3000 [12:42<12:09,  2.08it/s]
 49%|ΓûêΓûêΓûêΓûêΓûë     | 1483/3000 [12:43<11:51,  2.13it/s]
 49%|ΓûêΓûêΓûêΓûêΓûë     | 1484/3000 [12:43<11:39,  2.17it/s]
 50%|ΓûêΓûêΓûêΓûêΓûë     | 1485/3000 [12:44<12:52,  1.96it/s]
 50%|ΓûêΓûêΓûêΓûêΓûë     | 1486/3000 [12:45<13:15,  1.90it/s]
 50%|ΓûêΓûêΓûêΓûêΓûë     | 1487/3000 [12:45<12:39,  1.99it/s]
 50%|ΓûêΓûêΓûêΓûêΓûë     | 1488/3000 [12:45<12:16,  2.05it/s]
 50%|ΓûêΓûêΓûêΓûêΓûë     | 1489/3000 [12:46<13:27,  1.87it/s]
 50%|ΓûêΓûêΓûêΓûêΓûë     | 1490/3000 [12:47<15:13,  1.65it/s]
 50%|ΓûêΓûêΓûêΓûêΓûë     | 1491/3000 [12:47<13:45,  1.83it/s]
 50%|ΓûêΓûêΓûêΓûêΓûë     | 1492/3000 [12:48<12:54,  1.95it/s]
 50%|ΓûêΓûêΓûêΓûêΓûë     | 1493/3000 [12:48<13:15,  1.89it/s]
 50%|ΓûêΓûêΓûêΓûêΓûë     | 1494/3000 [12:49<12:04,  2.08it/s]
 50%|ΓûêΓûêΓûêΓûêΓûë     | 1495/3000 [12:49<14:11,  1.77it/s]
 50%|ΓûêΓûêΓûêΓûêΓûë     | 1496/3000 [12:50<12:40,  1.98it/s]
 50%|ΓûêΓûêΓûêΓûêΓûë     | 1497/3000 [12:51<14:31,  1.72it/s]
 50%|ΓûêΓûêΓûêΓûêΓûë     | 1498/3000 [12:51<13:18,  1.88it/s]
 50%|ΓûêΓûêΓûêΓûêΓûë     | 1499/3000 [12:52<15:02,  1.66it/s]
 50%|ΓûêΓûêΓûêΓûêΓûê     | 1500/3000 [12:52<13:39,  1.83it/s]
 50%|ΓûêΓûêΓûêΓûêΓûê     | 1501/3000 [12:53<15:34,  1.60it/s]
 50%|ΓûêΓûêΓûêΓûêΓûê     | 1502/3000 [12:54<15:47,  1.58it/s]
 50%|ΓûêΓûêΓûêΓûêΓûê     | 1503/3000 [12:54<15:24,  1.62it/s]
 50%|ΓûêΓûêΓûêΓûêΓûê     | 1504/3000 [12:55<13:49,  1.80it/s]
 50%|ΓûêΓûêΓûêΓûêΓûê     | 1505/3000 [12:55<12:47,  1.95it/s]
 50%|ΓûêΓûêΓûêΓûêΓûê     | 1506/3000 [12:56<13:23,  1.86it/s]
 50%|ΓûêΓûêΓûêΓûêΓûê     | 1507/3000 [12:56<12:57,  1.92it/s]
 50%|ΓûêΓûêΓûêΓûêΓûê     | 1508/3000 [12:57<13:28,  1.84it/s]
 50%|ΓûêΓûêΓûêΓûêΓûê     | 1509/3000 [12:58<15:48,  1.57it/s]
 50%|ΓûêΓûêΓûêΓûêΓûê     | 1510/3000 [12:58<16:19,  1.52it/s]
 50%|ΓûêΓûêΓûêΓûêΓûê     | 1511/3000 [12:59<14:51,  1.67it/s]
 50%|ΓûêΓûêΓûêΓûêΓûê     | 1512/3000 [12:59<13:09,  1.88it/s]
 50%|ΓûêΓûêΓûêΓûêΓûê     | 1513/3000 [13:00<14:50,  1.67it/s]
 50%|ΓûêΓûêΓûêΓûêΓûê     | 1514/3000 [13:01<15:51,  1.56it/s]
 50%|ΓûêΓûêΓûêΓûêΓûê     | 1515/3000 [13:01<15:33,  1.59it/s]
 51%|ΓûêΓûêΓûêΓûêΓûê     | 1516/3000 [13:02<13:52,  1.78it/s]
 51%|ΓûêΓûêΓûêΓûêΓûê     | 1517/3000 [13:02<14:58,  1.65it/s]
 51%|ΓûêΓûêΓûêΓûêΓûê     | 1518/3000 [13:03<15:50,  1.56it/s]
 51%|ΓûêΓûêΓûêΓûêΓûê     | 1519/3000 [13:04<16:39,  1.48it/s]
 51%|ΓûêΓûêΓûêΓûêΓûê     | 1520/3000 [13:04<16:04,  1.53it/s]
 51%|ΓûêΓûêΓûêΓûêΓûê     | 1521/3000 [13:05<16:07,  1.53it/s]
 51%|ΓûêΓûêΓûêΓûêΓûê     | 1522/3000 [13:05<14:37,  1.68it/s]
 51%|ΓûêΓûêΓûêΓûêΓûê     | 1523/3000 [13:06<13:11,  1.87it/s]
 51%|ΓûêΓûêΓûêΓûêΓûê     | 1524/3000 [13:06<11:51,  2.07it/s]
 51%|ΓûêΓûêΓûêΓûêΓûê     | 1525/3000 [13:07<11:18,  2.17it/s]
 51%|ΓûêΓûêΓûêΓûêΓûê     | 1526/3000 [13:07<12:24,  1.98it/s]
 51%|ΓûêΓûêΓûêΓûêΓûê     | 1527/3000 [13:08<13:06,  1.87it/s]
 51%|ΓûêΓûêΓûêΓûêΓûê     | 1528/3000 [13:08<13:08,  1.87it/s]
 51%|ΓûêΓûêΓûêΓûêΓûê     | 1529/3000 [13:09<12:26,  1.97it/s]
 51%|ΓûêΓûêΓûêΓûêΓûê     | 1530/3000 [13:09<12:08,  2.02it/s]
 51%|ΓûêΓûêΓûêΓûêΓûê     | 1531/3000 [13:10<11:33,  2.12it/s]
 51%|ΓûêΓûêΓûêΓûêΓûê     | 1532/3000 [13:10<11:03,  2.21it/s]
 51%|ΓûêΓûêΓûêΓûêΓûê     | 1533/3000 [13:11<10:50,  2.25it/s]
 51%|ΓûêΓûêΓûêΓûêΓûê     | 1534/3000 [13:11<12:54,  1.89it/s]
 51%|ΓûêΓûêΓûêΓûêΓûê     | 1535/3000 [13:12<12:00,  2.03it/s]
 51%|ΓûêΓûêΓûêΓûêΓûê     | 1536/3000 [13:12<11:32,  2.11it/s]
 51%|ΓûêΓûêΓûêΓûêΓûê     | 1537/3000 [13:13<11:04,  2.20it/s]
 51%|ΓûêΓûêΓûêΓûêΓûêΓûÅ    | 1538/3000 [13:13<13:58,  1.74it/s]
 51%|ΓûêΓûêΓûêΓûêΓûêΓûÅ    | 1539/3000 [13:14<14:15,  1.71it/s]
 51%|ΓûêΓûêΓûêΓûêΓûêΓûÅ    | 1540/3000 [13:14<13:12,  1.84it/s]
 51%|ΓûêΓûêΓûêΓûêΓûêΓûÅ    | 1541/3000 [13:15<13:32,  1.79it/s]
 51%|ΓûêΓûêΓûêΓûêΓûêΓûÅ    | 1542/3000 [13:16<13:38,  1.78it/s]
 51%|ΓûêΓûêΓûêΓûêΓûêΓûÅ    | 1543/3000 [13:16<14:09,  1.72it/s]
 51%|ΓûêΓûêΓûêΓûêΓûêΓûÅ    | 1544/3000 [13:17<14:21,  1.69it/s]
 52%|ΓûêΓûêΓûêΓûêΓûêΓûÅ    | 1545/3000 [13:17<14:22,  1.69it/s]
 52%|ΓûêΓûêΓûêΓûêΓûêΓûÅ    | 1546/3000 [13:18<12:21,  1.96it/s]
 52%|ΓûêΓûêΓûêΓûêΓûêΓûÅ    | 1547/3000 [13:18<11:21,  2.13it/s]
 52%|ΓûêΓûêΓûêΓûêΓûêΓûÅ    | 1548/3000 [13:19<11:57,  2.02it/s]
 52%|ΓûêΓûêΓûêΓûêΓûêΓûÅ    | 1549/3000 [13:19<12:53,  1.87it/s]
 52%|ΓûêΓûêΓûêΓûêΓûêΓûÅ    | 1550/3000 [13:20<12:49,  1.88it/s]
 52%|ΓûêΓûêΓûêΓûêΓûêΓûÅ    | 1551/3000 [13:20<12:18,  1.96it/s]
 52%|ΓûêΓûêΓûêΓûêΓûêΓûÅ    | 1552/3000 [13:21<13:12,  1.83it/s]
 52%|ΓûêΓûêΓûêΓûêΓûêΓûÅ    | 1553/3000 [13:21<12:16,  1.97it/s]
 52%|ΓûêΓûêΓûêΓûêΓûêΓûÅ    | 1554/3000 [13:22<11:14,  2.14it/s]
 52%|ΓûêΓûêΓûêΓûêΓûêΓûÅ    | 1555/3000 [13:22<10:47,  2.23it/s]
 52%|ΓûêΓûêΓûêΓûêΓûêΓûÅ    | 1556/3000 [13:23<10:41,  2.25it/s]
 52%|ΓûêΓûêΓûêΓûêΓûêΓûÅ    | 1557/3000 [13:23<12:04,  1.99it/s]
 52%|ΓûêΓûêΓûêΓûêΓûêΓûÅ    | 1558/3000 [13:24<11:22,  2.11it/s]
 52%|ΓûêΓûêΓûêΓûêΓûêΓûÅ    | 1559/3000 [13:24<10:36,  2.26it/s]
 52%|ΓûêΓûêΓûêΓûêΓûêΓûÅ    | 1560/3000 [13:25<11:27,  2.10it/s]
 52%|ΓûêΓûêΓûêΓûêΓûêΓûÅ    | 1561/3000 [13:25<10:37,  2.26it/s]
 52%|ΓûêΓûêΓûêΓûêΓûêΓûÅ    | 1562/3000 [13:25<11:34,  2.07it/s]
 52%|ΓûêΓûêΓûêΓûêΓûêΓûÅ    | 1563/3000 [13:26<11:11,  2.14it/s]
 52%|ΓûêΓûêΓûêΓûêΓûêΓûÅ    | 1564/3000 [13:26<10:58,  2.18it/s]
 52%|ΓûêΓûêΓûêΓûêΓûêΓûÅ    | 1565/3000 [13:27<10:40,  2.24it/s]
 52%|ΓûêΓûêΓûêΓûêΓûêΓûÅ    | 1566/3000 [13:27<10:36,  2.25it/s]
 52%|ΓûêΓûêΓûêΓûêΓûêΓûÅ    | 1567/3000 [13:28<10:00,  2.39it/s]
 52%|ΓûêΓûêΓûêΓûêΓûêΓûÅ    | 1568/3000 [13:28<11:43,  2.04it/s]
 52%|ΓûêΓûêΓûêΓûêΓûêΓûÅ    | 1569/3000 [13:29<12:57,  1.84it/s]
 52%|ΓûêΓûêΓûêΓûêΓûêΓûÅ    | 1570/3000 [13:29<12:47,  1.86it/s]
 52%|ΓûêΓûêΓûêΓûêΓûêΓûÅ    | 1571/3000 [13:30<13:22,  1.78it/s]
 52%|ΓûêΓûêΓûêΓûêΓûêΓûÅ    | 1572/3000 [13:30<11:54,  2.00it/s]
 52%|ΓûêΓûêΓûêΓûêΓûêΓûÅ    | 1573/3000 [13:31<11:56,  1.99it/s]
 52%|ΓûêΓûêΓûêΓûêΓûêΓûÅ    | 1574/3000 [13:31<12:26,  1.91it/s]
 52%|ΓûêΓûêΓûêΓûêΓûêΓûÄ    | 1575/3000 [13:32<13:07,  1.81it/s]
 53%|ΓûêΓûêΓûêΓûêΓûêΓûÄ    | 1576/3000 [13:33<16:44,  1.42it/s]
 53%|ΓûêΓûêΓûêΓûêΓûêΓûÄ    | 1577/3000 [13:34<15:23,  1.54it/s]
 53%|ΓûêΓûêΓûêΓûêΓûêΓûÄ    | 1578/3000 [13:34<14:42,  1.61it/s]
 53%|ΓûêΓûêΓûêΓûêΓûêΓûÄ    | 1580/3000 [13:35<09:51,  2.40it/s]
 53%|ΓûêΓûêΓûêΓûêΓûêΓûÄ    | 1581/3000 [13:35<11:26,  2.07it/s]
 53%|ΓûêΓûêΓûêΓûêΓûêΓûÄ    | 1582/3000 [13:36<11:23,  2.07it/s]
 53%|ΓûêΓûêΓûêΓûêΓûêΓûÄ    | 1583/3000 [13:36<10:44,  2.20it/s]
 53%|ΓûêΓûêΓûêΓûêΓûêΓûÄ    | 1584/3000 [13:37<10:33,  2.24it/s]
 53%|ΓûêΓûêΓûêΓûêΓûêΓûÄ    | 1585/3000 [13:37<10:55,  2.16it/s]
 53%|ΓûêΓûêΓûêΓûêΓûêΓûÄ    | 1586/3000 [13:37<10:36,  2.22it/s]
 53%|ΓûêΓûêΓûêΓûêΓûêΓûÄ    | 1587/3000 [13:38<11:05,  2.12it/s]
 53%|ΓûêΓûêΓûêΓûêΓûêΓûÄ    | 1588/3000 [13:38<10:41,  2.20it/s]
 53%|ΓûêΓûêΓûêΓûêΓûêΓûÄ    | 1589/3000 [13:39<10:13,  2.30it/s]
 53%|ΓûêΓûêΓûêΓûêΓûêΓûÄ    | 1590/3000 [13:39<09:29,  2.48it/s]
 53%|ΓûêΓûêΓûêΓûêΓûêΓûÄ    | 1591/3000 [13:40<09:38,  2.43it/s]
 53%|ΓûêΓûêΓûêΓûêΓûêΓûÄ    | 1592/3000 [13:40<09:22,  2.50it/s]
 53%|ΓûêΓûêΓûêΓûêΓûêΓûÄ    | 1593/3000 [13:41<11:05,  2.11it/s]
 53%|ΓûêΓûêΓûêΓûêΓûêΓûÄ    | 1594/3000 [13:41<10:27,  2.24it/s]
 53%|ΓûêΓûêΓûêΓûêΓûêΓûÄ    | 1595/3000 [13:41<10:56,  2.14it/s]
 53%|ΓûêΓûêΓûêΓûêΓûêΓûÄ    | 1596/3000 [13:42<12:41,  1.84it/s]
 53%|ΓûêΓûêΓûêΓûêΓûêΓûÄ    | 1597/3000 [13:43<11:28,  2.04it/s]
 53%|ΓûêΓûêΓûêΓûêΓûêΓûÄ    | 1598/3000 [13:43<11:48,  1.98it/s]
 53%|ΓûêΓûêΓûêΓûêΓûêΓûÄ    | 1599/3000 [13:43<11:11,  2.09it/s]
 53%|ΓûêΓûêΓûêΓûêΓûêΓûÄ    | 1600/3000 [13:44<10:26,  2.24it/s]
 53%|ΓûêΓûêΓûêΓûêΓûêΓûÄ    | 1601/3000 [13:45<12:31,  1.86it/s]
 53%|ΓûêΓûêΓûêΓûêΓûêΓûÄ    | 1602/3000 [13:45<13:21,  1.74it/s]
 53%|ΓûêΓûêΓûêΓûêΓûêΓûÄ    | 1603/3000 [13:46<14:10,  1.64it/s]
 53%|ΓûêΓûêΓûêΓûêΓûêΓûÄ    | 1604/3000 [13:46<12:07,  1.92it/s]
 54%|ΓûêΓûêΓûêΓûêΓûêΓûÄ    | 1605/3000 [13:47<12:47,  1.82it/s]
 54%|ΓûêΓûêΓûêΓûêΓûêΓûÄ    | 1606/3000 [13:47<12:01,  1.93it/s]
 54%|ΓûêΓûêΓûêΓûêΓûêΓûÄ    | 1607/3000 [13:48<11:38,  2.00it/s]
 54%|ΓûêΓûêΓûêΓûêΓûêΓûÄ    | 1608/3000 [13:48<10:41,  2.17it/s]
 54%|ΓûêΓûêΓûêΓûêΓûêΓûÄ    | 1609/3000 [13:49<12:43,  1.82it/s]
 54%|ΓûêΓûêΓûêΓûêΓûêΓûÄ    | 1610/3000 [13:50<16:56,  1.37it/s]
 54%|ΓûêΓûêΓûêΓûêΓûêΓûÄ    | 1611/3000 [13:50<14:24,  1.61it/s]
 54%|ΓûêΓûêΓûêΓûêΓûêΓûÄ    | 1612/3000 [13:51<12:42,  1.82it/s]
 54%|ΓûêΓûêΓûêΓûêΓûêΓûì    | 1613/3000 [13:51<13:11,  1.75it/s]
 54%|ΓûêΓûêΓûêΓûêΓûêΓûì    | 1614/3000 [13:52<12:20,  1.87it/s]
 54%|ΓûêΓûêΓûêΓûêΓûêΓûì    | 1615/3000 [13:52<11:18,  2.04it/s]
 54%|ΓûêΓûêΓûêΓûêΓûêΓûì    | 1616/3000 [13:53<11:30,  2.00it/s]
 54%|ΓûêΓûêΓûêΓûêΓûêΓûì    | 1617/3000 [13:53<11:30,  2.00it/s]
 54%|ΓûêΓûêΓûêΓûêΓûêΓûì    | 1618/3000 [13:54<11:53,  1.94it/s]
 54%|ΓûêΓûêΓûêΓûêΓûêΓûì    | 1619/3000 [13:55<13:42,  1.68it/s]
 54%|ΓûêΓûêΓûêΓûêΓûêΓûì    | 1620/3000 [13:55<13:25,  1.71it/s]
 54%|ΓûêΓûêΓûêΓûêΓûêΓûì    | 1621/3000 [13:56<12:18,  1.87it/s]
 54%|ΓûêΓûêΓûêΓûêΓûêΓûì    | 1622/3000 [13:56<10:51,  2.12it/s]
 54%|ΓûêΓûêΓûêΓûêΓûêΓûì    | 1623/3000 [13:56<10:20,  2.22it/s]
 54%|ΓûêΓûêΓûêΓûêΓûêΓûì    | 1624/3000 [13:57<09:44,  2.36it/s]
 54%|ΓûêΓûêΓûêΓûêΓûêΓûì    | 1625/3000 [13:57<10:36,  2.16it/s]
 54%|ΓûêΓûêΓûêΓûêΓûêΓûì    | 1626/3000 [13:58<10:20,  2.22it/s]
 54%|ΓûêΓûêΓûêΓûêΓûêΓûì    | 1627/3000 [13:58<11:12,  2.04it/s]
 54%|ΓûêΓûêΓûêΓûêΓûêΓûì    | 1628/3000 [13:59<10:55,  2.09it/s]
 54%|ΓûêΓûêΓûêΓûêΓûêΓûì    | 1629/3000 [13:59<12:12,  1.87it/s]
 54%|ΓûêΓûêΓûêΓûêΓûêΓûì    | 1630/3000 [14:00<12:55,  1.77it/s]
 54%|ΓûêΓûêΓûêΓûêΓûêΓûì    | 1631/3000 [14:01<13:33,  1.68it/s]
 54%|ΓûêΓûêΓûêΓûêΓûêΓûì    | 1632/3000 [14:01<13:31,  1.69it/s]
 54%|ΓûêΓûêΓûêΓûêΓûêΓûì    | 1633/3000 [14:02<12:16,  1.86it/s]
 54%|ΓûêΓûêΓûêΓûêΓûêΓûì    | 1634/3000 [14:02<12:01,  1.89it/s]
 55%|ΓûêΓûêΓûêΓûêΓûêΓûì    | 1635/3000 [14:03<11:15,  2.02it/s]
 55%|ΓûêΓûêΓûêΓûêΓûêΓûì    | 1636/3000 [14:03<10:42,  2.12it/s]
 55%|ΓûêΓûêΓûêΓûêΓûêΓûì    | 1637/3000 [14:03<10:16,  2.21it/s]
 55%|ΓûêΓûêΓûêΓûêΓûêΓûì    | 1638/3000 [14:04<10:42,  2.12it/s]
 55%|ΓûêΓûêΓûêΓûêΓûêΓûì    | 1639/3000 [14:04<10:04,  2.25it/s]
 55%|ΓûêΓûêΓûêΓûêΓûêΓûì    | 1640/3000 [14:05<09:49,  2.31it/s]
 55%|ΓûêΓûêΓûêΓûêΓûêΓûì    | 1641/3000 [14:05<09:36,  2.36it/s]
 55%|ΓûêΓûêΓûêΓûêΓûêΓûì    | 1642/3000 [14:06<09:52,  2.29it/s]
 55%|ΓûêΓûêΓûêΓûêΓûêΓûì    | 1643/3000 [14:06<09:00,  2.51it/s]
 55%|ΓûêΓûêΓûêΓûêΓûêΓûì    | 1644/3000 [14:06<09:12,  2.45it/s]
 55%|ΓûêΓûêΓûêΓûêΓûêΓûì    | 1645/3000 [14:07<10:31,  2.14it/s]
 55%|ΓûêΓûêΓûêΓûêΓûêΓûì    | 1646/3000 [14:07<10:01,  2.25it/s]
 55%|ΓûêΓûêΓûêΓûêΓûêΓûì    | 1647/3000 [14:08<09:31,  2.37it/s]
 55%|ΓûêΓûêΓûêΓûêΓûêΓûì    | 1648/3000 [14:08<09:34,  2.35it/s]
 55%|ΓûêΓûêΓûêΓûêΓûêΓûì    | 1649/3000 [14:09<09:21,  2.41it/s]
 55%|ΓûêΓûêΓûêΓûêΓûêΓûî    | 1650/3000 [14:09<10:11,  2.21it/s]
 55%|ΓûêΓûêΓûêΓûêΓûêΓûî    | 1651/3000 [14:10<10:15,  2.19it/s]
 55%|ΓûêΓûêΓûêΓûêΓûêΓûî    | 1652/3000 [14:10<09:56,  2.26it/s]
 55%|ΓûêΓûêΓûêΓûêΓûêΓûî    | 1653/3000 [14:10<09:38,  2.33it/s]
 55%|ΓûêΓûêΓûêΓûêΓûêΓûî    | 1654/3000 [14:11<10:49,  2.07it/s]
 55%|ΓûêΓûêΓûêΓûêΓûêΓûî    | 1655/3000 [14:12<11:44,  1.91it/s]
 55%|ΓûêΓûêΓûêΓûêΓûêΓûî    | 1656/3000 [14:12<12:20,  1.82it/s]
 55%|ΓûêΓûêΓûêΓûêΓûêΓûî    | 1657/3000 [14:13<12:55,  1.73it/s]
 55%|ΓûêΓûêΓûêΓûêΓûêΓûî    | 1658/3000 [14:13<11:55,  1.88it/s]
 55%|ΓûêΓûêΓûêΓûêΓûêΓûî    | 1659/3000 [14:14<11:09,  2.00it/s]
 55%|ΓûêΓûêΓûêΓûêΓûêΓûî    | 1660/3000 [14:14<11:51,  1.88it/s]
 55%|ΓûêΓûêΓûêΓûêΓûêΓûî    | 1661/3000 [14:15<13:52,  1.61it/s]
 55%|ΓûêΓûêΓûêΓûêΓûêΓûî    | 1662/3000 [14:16<14:37,  1.53it/s]
 55%|ΓûêΓûêΓûêΓûêΓûêΓûî    | 1663/3000 [14:17<15:01,  1.48it/s]
 55%|ΓûêΓûêΓûêΓûêΓûêΓûî    | 1664/3000 [14:17<14:58,  1.49it/s]
 56%|ΓûêΓûêΓûêΓûêΓûêΓûî    | 1665/3000 [14:18<15:32,  1.43it/s]
 56%|ΓûêΓûêΓûêΓûêΓûêΓûî    | 1666/3000 [14:18<13:57,  1.59it/s]
 56%|ΓûêΓûêΓûêΓûêΓûêΓûî    | 1667/3000 [14:19<12:53,  1.72it/s]
 56%|ΓûêΓûêΓûêΓûêΓûêΓûî    | 1668/3000 [14:19<12:11,  1.82it/s]
 56%|ΓûêΓûêΓûêΓûêΓûêΓûî    | 1669/3000 [14:20<12:18,  1.80it/s]
 56%|ΓûêΓûêΓûêΓûêΓûêΓûî    | 1670/3000 [14:21<12:51,  1.72it/s]
 56%|ΓûêΓûêΓûêΓûêΓûêΓûî    | 1671/3000 [14:21<12:07,  1.83it/s]
 56%|ΓûêΓûêΓûêΓûêΓûêΓûî    | 1672/3000 [14:22<12:27,  1.78it/s]
 56%|ΓûêΓûêΓûêΓûêΓûêΓûî    | 1673/3000 [14:22<12:29,  1.77it/s]
 56%|ΓûêΓûêΓûêΓûêΓûêΓûî    | 1674/3000 [14:23<13:22,  1.65it/s]
 56%|ΓûêΓûêΓûêΓûêΓûêΓûî    | 1675/3000 [14:24<14:04,  1.57it/s]
 56%|ΓûêΓûêΓûêΓûêΓûêΓûî    | 1676/3000 [14:24<13:52,  1.59it/s]
 56%|ΓûêΓûêΓûêΓûêΓûêΓûî    | 1677/3000 [14:25<14:31,  1.52it/s]
 56%|ΓûêΓûêΓûêΓûêΓûêΓûî    | 1678/3000 [14:26<13:52,  1.59it/s]
 56%|ΓûêΓûêΓûêΓûêΓûêΓûî    | 1679/3000 [14:26<12:37,  1.74it/s]
 56%|ΓûêΓûêΓûêΓûêΓûêΓûî    | 1680/3000 [14:26<11:02,  1.99it/s]
 56%|ΓûêΓûêΓûêΓûêΓûêΓûî    | 1681/3000 [14:27<11:20,  1.94it/s]
 56%|ΓûêΓûêΓûêΓûêΓûêΓûî    | 1682/3000 [14:27<10:59,  2.00it/s]
 56%|ΓûêΓûêΓûêΓûêΓûêΓûî    | 1683/3000 [14:28<11:17,  1.94it/s]
 56%|ΓûêΓûêΓûêΓûêΓûêΓûî    | 1684/3000 [14:28<11:31,  1.90it/s]
 56%|ΓûêΓûêΓûêΓûêΓûêΓûî    | 1685/3000 [14:29<12:25,  1.76it/s]
 56%|ΓûêΓûêΓûêΓûêΓûêΓûî    | 1686/3000 [14:30<11:34,  1.89it/s]
 56%|ΓûêΓûêΓûêΓûêΓûêΓûî    | 1687/3000 [14:30<12:24,  1.76it/s]
 56%|ΓûêΓûêΓûêΓûêΓûêΓûï    | 1688/3000 [14:31<12:36,  1.73it/s]
 56%|ΓûêΓûêΓûêΓûêΓûêΓûï    | 1689/3000 [14:31<11:21,  1.92it/s]
 56%|ΓûêΓûêΓûêΓûêΓûêΓûï    | 1690/3000 [14:32<10:31,  2.08it/s]
 56%|ΓûêΓûêΓûêΓûêΓûêΓûï    | 1691/3000 [14:32<10:06,  2.16it/s]
 56%|ΓûêΓûêΓûêΓûêΓûêΓûï    | 1692/3000 [14:33<10:55,  2.00it/s]
 56%|ΓûêΓûêΓûêΓûêΓûêΓûï    | 1693/3000 [14:33<11:46,  1.85it/s]
 56%|ΓûêΓûêΓûêΓûêΓûêΓûï    | 1694/3000 [14:34<11:04,  1.96it/s]
 56%|ΓûêΓûêΓûêΓûêΓûêΓûï    | 1695/3000 [14:34<10:19,  2.11it/s]
 57%|ΓûêΓûêΓûêΓûêΓûêΓûï    | 1696/3000 [14:35<11:43,  1.85it/s]
 57%|ΓûêΓûêΓûêΓûêΓûêΓûï    | 1697/3000 [14:35<10:41,  2.03it/s]
 57%|ΓûêΓûêΓûêΓûêΓûêΓûï    | 1698/3000 [14:36<11:03,  1.96it/s]
 57%|ΓûêΓûêΓûêΓûêΓûêΓûï    | 1699/3000 [14:36<10:33,  2.05it/s]
 57%|ΓûêΓûêΓûêΓûêΓûêΓûï    | 1700/3000 [14:37<11:48,  1.84it/s]
 57%|ΓûêΓûêΓûêΓûêΓûêΓûï    | 1701/3000 [14:37<11:07,  1.95it/s]
 57%|ΓûêΓûêΓûêΓûêΓûêΓûï    | 1702/3000 [14:38<10:40,  2.03it/s]
 57%|ΓûêΓûêΓûêΓûêΓûêΓûï    | 1703/3000 [14:38<12:23,  1.74it/s]
 57%|ΓûêΓûêΓûêΓûêΓûêΓûï    | 1704/3000 [14:39<11:59,  1.80it/s]
 57%|ΓûêΓûêΓûêΓûêΓûêΓûï    | 1705/3000 [14:39<11:55,  1.81it/s]
 57%|ΓûêΓûêΓûêΓûêΓûêΓûï    | 1706/3000 [14:40<11:39,  1.85it/s]
 57%|ΓûêΓûêΓûêΓûêΓûêΓûï    | 1707/3000 [14:41<12:33,  1.72it/s]
 57%|ΓûêΓûêΓûêΓûêΓûêΓûï    | 1708/3000 [14:41<13:22,  1.61it/s]
 57%|ΓûêΓûêΓûêΓûêΓûêΓûï    | 1709/3000 [14:42<13:23,  1.61it/s]
 57%|ΓûêΓûêΓûêΓûêΓûêΓûï    | 1710/3000 [14:43<12:54,  1.66it/s]
 57%|ΓûêΓûêΓûêΓûêΓûêΓûï    | 1711/3000 [14:44<15:49,  1.36it/s]
 57%|ΓûêΓûêΓûêΓûêΓûêΓûï    | 1712/3000 [14:44<14:34,  1.47it/s]
 57%|ΓûêΓûêΓûêΓûêΓûêΓûï    | 1713/3000 [14:45<13:15,  1.62it/s]
 57%|ΓûêΓûêΓûêΓûêΓûêΓûï    | 1714/3000 [14:45<11:38,  1.84it/s]
 57%|ΓûêΓûêΓûêΓûêΓûêΓûï    | 1715/3000 [14:46<11:59,  1.78it/s]
 57%|ΓûêΓûêΓûêΓûêΓûêΓûï    | 1716/3000 [14:46<12:30,  1.71it/s]
 57%|ΓûêΓûêΓûêΓûêΓûêΓûï    | 1717/3000 [14:47<11:18,  1.89it/s]
 57%|ΓûêΓûêΓûêΓûêΓûêΓûï    | 1718/3000 [14:47<11:43,  1.82it/s]
 57%|ΓûêΓûêΓûêΓûêΓûêΓûï    | 1719/3000 [14:48<10:31,  2.03it/s]
 57%|ΓûêΓûêΓûêΓûêΓûêΓûï    | 1720/3000 [14:48<10:45,  1.98it/s]
 57%|ΓûêΓûêΓûêΓûêΓûêΓûï    | 1721/3000 [14:49<09:58,  2.14it/s]
 57%|ΓûêΓûêΓûêΓûêΓûêΓûï    | 1722/3000 [14:49<09:37,  2.21it/s]
 57%|ΓûêΓûêΓûêΓûêΓûêΓûï    | 1723/3000 [14:49<09:07,  2.33it/s]
 57%|ΓûêΓûêΓûêΓûêΓûêΓûï    | 1724/3000 [14:50<10:24,  2.04it/s]
 57%|ΓûêΓûêΓûêΓûêΓûêΓûè    | 1725/3000 [14:50<10:49,  1.96it/s]
 58%|ΓûêΓûêΓûêΓûêΓûêΓûè    | 1726/3000 [14:51<09:53,  2.15it/s]
 58%|ΓûêΓûêΓûêΓûêΓûêΓûè    | 1727/3000 [14:51<09:40,  2.19it/s]
 58%|ΓûêΓûêΓûêΓûêΓûêΓûè    | 1728/3000 [14:52<09:10,  2.31it/s]
 58%|ΓûêΓûêΓûêΓûêΓûêΓûè    | 1729/3000 [14:52<10:46,  1.97it/s]
 58%|ΓûêΓûêΓûêΓûêΓûêΓûè    | 1730/3000 [14:53<10:06,  2.09it/s]
 58%|ΓûêΓûêΓûêΓûêΓûêΓûè    | 1731/3000 [14:53<10:24,  2.03it/s]
 58%|ΓûêΓûêΓûêΓûêΓûêΓûè    | 1732/3000 [14:54<09:37,  2.19it/s]
 58%|ΓûêΓûêΓûêΓûêΓûêΓûè    | 1733/3000 [14:54<09:57,  2.12it/s]
 58%|ΓûêΓûêΓûêΓûêΓûêΓûè    | 1734/3000 [14:55<09:34,  2.20it/s]
 58%|ΓûêΓûêΓûêΓûêΓûêΓûè    | 1735/3000 [14:55<09:25,  2.24it/s]
 58%|ΓûêΓûêΓûêΓûêΓûêΓûè    | 1736/3000 [14:55<08:44,  2.41it/s]
 58%|ΓûêΓûêΓûêΓûêΓûêΓûè    | 1737/3000 [14:56<09:26,  2.23it/s]
 58%|ΓûêΓûêΓûêΓûêΓûêΓûè    | 1738/3000 [14:56<08:54,  2.36it/s]
 58%|ΓûêΓûêΓûêΓûêΓûêΓûè    | 1739/3000 [14:57<09:04,  2.31it/s]
 58%|ΓûêΓûêΓûêΓûêΓûêΓûè    | 1740/3000 [14:57<08:22,  2.51it/s]
 58%|ΓûêΓûêΓûêΓûêΓûêΓûè    | 1741/3000 [14:57<08:13,  2.55it/s]
 58%|ΓûêΓûêΓûêΓûêΓûêΓûè    | 1742/3000 [14:58<09:40,  2.17it/s]
 58%|ΓûêΓûêΓûêΓûêΓûêΓûè    | 1743/3000 [14:59<11:06,  1.89it/s]
 58%|ΓûêΓûêΓûêΓûêΓûêΓûè    | 1744/3000 [14:59<09:46,  2.14it/s]
 58%|ΓûêΓûêΓûêΓûêΓûêΓûè    | 1745/3000 [15:00<11:29,  1.82it/s]
 58%|ΓûêΓûêΓûêΓûêΓûêΓûè    | 1746/3000 [15:00<11:23,  1.83it/s]
 58%|ΓûêΓûêΓûêΓûêΓûêΓûè    | 1747/3000 [15:01<10:17,  2.03it/s]
 58%|ΓûêΓûêΓûêΓûêΓûêΓûè    | 1748/3000 [15:01<09:33,  2.18it/s]
 58%|ΓûêΓûêΓûêΓûêΓûêΓûè    | 1749/3000 [15:01<09:06,  2.29it/s]
 58%|ΓûêΓûêΓûêΓûêΓûêΓûè    | 1750/3000 [15:02<08:40,  2.40it/s]
 58%|ΓûêΓûêΓûêΓûêΓûêΓûè    | 1751/3000 [15:02<08:48,  2.36it/s]
 58%|ΓûêΓûêΓûêΓûêΓûêΓûè    | 1752/3000 [15:03<10:56,  1.90it/s]
 58%|ΓûêΓûêΓûêΓûêΓûêΓûè    | 1753/3000 [15:04<11:48,  1.76it/s]
 58%|ΓûêΓûêΓûêΓûêΓûêΓûè    | 1754/3000 [15:04<10:34,  1.96it/s]
 58%|ΓûêΓûêΓûêΓûêΓûêΓûè    | 1755/3000 [15:04<09:47,  2.12it/s]
 59%|ΓûêΓûêΓûêΓûêΓûêΓûè    | 1756/3000 [15:05<11:22,  1.82it/s]
 59%|ΓûêΓûêΓûêΓûêΓûêΓûè    | 1757/3000 [15:06<10:15,  2.02it/s]
 59%|ΓûêΓûêΓûêΓûêΓûêΓûè    | 1758/3000 [15:06<10:27,  1.98it/s]
 59%|ΓûêΓûêΓûêΓûêΓûêΓûè    | 1759/3000 [15:06<09:41,  2.13it/s]
 59%|ΓûêΓûêΓûêΓûêΓûêΓûè    | 1760/3000 [15:07<08:52,  2.33it/s]
 59%|ΓûêΓûêΓûêΓûêΓûêΓûè    | 1761/3000 [15:07<08:48,  2.34it/s]
 59%|ΓûêΓûêΓûêΓûêΓûêΓûè    | 1762/3000 [15:08<09:32,  2.16it/s]
 59%|ΓûêΓûêΓûêΓûêΓûêΓûë    | 1763/3000 [15:08<09:50,  2.10it/s]
 59%|ΓûêΓûêΓûêΓûêΓûêΓûë    | 1764/3000 [15:09<09:09,  2.25it/s]
 59%|ΓûêΓûêΓûêΓûêΓûêΓûë    | 1765/3000 [15:09<09:32,  2.16it/s]
 59%|ΓûêΓûêΓûêΓûêΓûêΓûë    | 1766/3000 [15:10<09:42,  2.12it/s]
 59%|ΓûêΓûêΓûêΓûêΓûêΓûë    | 1767/3000 [15:10<10:32,  1.95it/s]
 59%|ΓûêΓûêΓûêΓûêΓûêΓûë    | 1768/3000 [15:11<10:31,  1.95it/s]
 59%|ΓûêΓûêΓûêΓûêΓûêΓûë    | 1769/3000 [15:11<09:48,  2.09it/s]
 59%|ΓûêΓûêΓûêΓûêΓûêΓûë    | 1770/3000 [15:12<09:46,  2.10it/s]
 59%|ΓûêΓûêΓûêΓûêΓûêΓûë    | 1771/3000 [15:12<09:27,  2.17it/s]
 59%|ΓûêΓûêΓûêΓûêΓûêΓûë    | 1772/3000 [15:13<10:20,  1.98it/s]
 59%|ΓûêΓûêΓûêΓûêΓûêΓûë    | 1773/3000 [15:13<09:31,  2.15it/s]
 59%|ΓûêΓûêΓûêΓûêΓûêΓûë    | 1774/3000 [15:14<09:58,  2.05it/s]
 59%|ΓûêΓûêΓûêΓûêΓûêΓûë    | 1775/3000 [15:14<09:01,  2.26it/s]
 59%|ΓûêΓûêΓûêΓûêΓûêΓûë    | 1776/3000 [15:15<10:20,  1.97it/s]
 59%|ΓûêΓûêΓûêΓûêΓûêΓûë    | 1777/3000 [15:15<09:57,  2.05it/s]
 59%|ΓûêΓûêΓûêΓûêΓûêΓûë    | 1778/3000 [15:16<11:39,  1.75it/s]
 59%|ΓûêΓûêΓûêΓûêΓûêΓûë    | 1779/3000 [15:16<11:51,  1.72it/s]
 59%|ΓûêΓûêΓûêΓûêΓûêΓûë    | 1780/3000 [15:17<10:54,  1.87it/s]
 59%|ΓûêΓûêΓûêΓûêΓûêΓûë    | 1781/3000 [15:17<10:01,  2.03it/s]
 59%|ΓûêΓûêΓûêΓûêΓûêΓûë    | 1782/3000 [15:18<11:07,  1.82it/s]
 59%|ΓûêΓûêΓûêΓûêΓûêΓûë    | 1783/3000 [15:19<11:48,  1.72it/s]
 59%|ΓûêΓûêΓûêΓûêΓûêΓûë    | 1784/3000 [15:19<13:55,  1.45it/s]
 60%|ΓûêΓûêΓûêΓûêΓûêΓûë    | 1785/3000 [15:20<11:51,  1.71it/s]
 60%|ΓûêΓûêΓûêΓûêΓûêΓûë    | 1786/3000 [15:20<10:58,  1.84it/s]
 60%|ΓûêΓûêΓûêΓûêΓûêΓûë    | 1787/3000 [15:21<09:59,  2.02it/s]
 60%|ΓûêΓûêΓûêΓûêΓûêΓûë    | 1788/3000 [15:21<11:05,  1.82it/s]
 60%|ΓûêΓûêΓûêΓûêΓûêΓûë    | 1789/3000 [15:22<11:36,  1.74it/s]
 60%|ΓûêΓûêΓûêΓûêΓûêΓûë    | 1790/3000 [15:23<11:42,  1.72it/s]
 60%|ΓûêΓûêΓûêΓûêΓûêΓûë    | 1791/3000 [15:23<11:37,  1.73it/s]
 60%|ΓûêΓûêΓûêΓûêΓûêΓûë    | 1792/3000 [15:24<11:54,  1.69it/s]
 60%|ΓûêΓûêΓûêΓûêΓûêΓûë    | 1793/3000 [15:24<10:41,  1.88it/s]
 60%|ΓûêΓûêΓûêΓûêΓûêΓûë    | 1794/3000 [15:25<10:15,  1.96it/s]
 60%|ΓûêΓûêΓûêΓûêΓûêΓûë    | 1795/3000 [15:25<09:32,  2.10it/s]
 60%|ΓûêΓûêΓûêΓûêΓûêΓûë    | 1796/3000 [15:25<09:00,  2.23it/s]
 60%|ΓûêΓûêΓûêΓûêΓûêΓûë    | 1797/3000 [15:26<09:42,  2.07it/s]
 60%|ΓûêΓûêΓûêΓûêΓûêΓûë    | 1798/3000 [15:26<10:03,  1.99it/s]
 60%|ΓûêΓûêΓûêΓûêΓûêΓûë    | 1799/3000 [15:27<10:23,  1.92it/s]
 60%|ΓûêΓûêΓûêΓûêΓûêΓûê    | 1800/3000 [15:28<10:07,  1.98it/s]
 60%|ΓûêΓûêΓûêΓûêΓûêΓûê    | 1801/3000 [15:28<09:21,  2.13it/s]
 60%|ΓûêΓûêΓûêΓûêΓûêΓûê    | 1802/3000 [15:28<09:58,  2.00it/s]
 60%|ΓûêΓûêΓûêΓûêΓûêΓûê    | 1803/3000 [15:29<10:16,  1.94it/s]
 60%|ΓûêΓûêΓûêΓûêΓûêΓûê    | 1804/3000 [15:29<09:11,  2.17it/s]
 60%|ΓûêΓûêΓûêΓûêΓûêΓûê    | 1805/3000 [15:30<08:46,  2.27it/s]
 60%|ΓûêΓûêΓûêΓûêΓûêΓûê    | 1806/3000 [15:30<08:48,  2.26it/s]
 60%|ΓûêΓûêΓûêΓûêΓûêΓûê    | 1807/3000 [15:31<09:21,  2.12it/s]
 60%|ΓûêΓûêΓûêΓûêΓûêΓûê    | 1808/3000 [15:31<10:14,  1.94it/s]
 60%|ΓûêΓûêΓûêΓûêΓûêΓûê    | 1809/3000 [15:32<10:08,  1.96it/s]
 60%|ΓûêΓûêΓûêΓûêΓûêΓûê    | 1810/3000 [15:32<10:08,  1.96it/s]
 60%|ΓûêΓûêΓûêΓûêΓûêΓûê    | 1811/3000 [15:33<09:49,  2.02it/s]
 60%|ΓûêΓûêΓûêΓûêΓûêΓûê    | 1812/3000 [15:33<09:44,  2.03it/s]
 60%|ΓûêΓûêΓûêΓûêΓûêΓûê    | 1813/3000 [15:34<10:57,  1.81it/s]
 60%|ΓûêΓûêΓûêΓûêΓûêΓûê    | 1814/3000 [15:35<12:02,  1.64it/s]
 60%|ΓûêΓûêΓûêΓûêΓûêΓûê    | 1815/3000 [15:35<12:04,  1.63it/s]
 61%|ΓûêΓûêΓûêΓûêΓûêΓûê    | 1816/3000 [15:36<13:16,  1.49it/s]
 61%|ΓûêΓûêΓûêΓûêΓûêΓûê    | 1818/3000 [15:37<08:53,  2.22it/s]
 61%|ΓûêΓûêΓûêΓûêΓûêΓûê    | 1819/3000 [15:37<09:14,  2.13it/s]
 61%|ΓûêΓûêΓûêΓûêΓûêΓûê    | 1820/3000 [15:38<09:00,  2.18it/s]
 61%|ΓûêΓûêΓûêΓûêΓûêΓûê    | 1821/3000 [15:38<08:31,  2.30it/s]
 61%|ΓûêΓûêΓûêΓûêΓûêΓûê    | 1822/3000 [15:39<09:33,  2.05it/s]
 61%|ΓûêΓûêΓûêΓûêΓûêΓûê    | 1823/3000 [15:39<10:28,  1.87it/s]
 61%|ΓûêΓûêΓûêΓûêΓûêΓûê    | 1824/3000 [15:40<09:55,  1.97it/s]
 61%|ΓûêΓûêΓûêΓûêΓûêΓûê    | 1825/3000 [15:40<09:32,  2.05it/s]
 61%|ΓûêΓûêΓûêΓûêΓûêΓûê    | 1826/3000 [15:40<09:02,  2.16it/s]
 61%|ΓûêΓûêΓûêΓûêΓûêΓûê    | 1827/3000 [15:41<09:26,  2.07it/s]
 61%|ΓûêΓûêΓûêΓûêΓûêΓûê    | 1828/3000 [15:42<10:30,  1.86it/s]
 61%|ΓûêΓûêΓûêΓûêΓûêΓûê    | 1829/3000 [15:42<11:50,  1.65it/s]
 61%|ΓûêΓûêΓûêΓûêΓûêΓûê    | 1830/3000 [15:43<10:52,  1.79it/s]
 61%|ΓûêΓûêΓûêΓûêΓûêΓûê    | 1831/3000 [15:43<09:56,  1.96it/s]
 61%|ΓûêΓûêΓûêΓûêΓûêΓûê    | 1832/3000 [15:44<09:27,  2.06it/s]
 61%|ΓûêΓûêΓûêΓûêΓûêΓûê    | 1833/3000 [15:44<09:40,  2.01it/s]
 61%|ΓûêΓûêΓûêΓûêΓûêΓûê    | 1834/3000 [15:45<10:40,  1.82it/s]
 61%|ΓûêΓûêΓûêΓûêΓûêΓûê    | 1835/3000 [15:45<10:48,  1.80it/s]
 61%|ΓûêΓûêΓûêΓûêΓûêΓûê    | 1836/3000 [15:46<10:13,  1.90it/s]
 61%|ΓûêΓûêΓûêΓûêΓûêΓûê    | 1837/3000 [15:46<09:44,  1.99it/s]
 61%|ΓûêΓûêΓûêΓûêΓûêΓûêΓûÅ   | 1838/3000 [15:47<09:30,  2.04it/s]
 61%|ΓûêΓûêΓûêΓûêΓûêΓûêΓûÅ   | 1839/3000 [15:47<08:59,  2.15it/s]
 61%|ΓûêΓûêΓûêΓûêΓûêΓûêΓûÅ   | 1840/3000 [15:48<10:14,  1.89it/s]
 61%|ΓûêΓûêΓûêΓûêΓûêΓûêΓûÅ   | 1841/3000 [15:49<12:06,  1.59it/s]
 61%|ΓûêΓûêΓûêΓûêΓûêΓûêΓûÅ   | 1842/3000 [15:49<12:40,  1.52it/s]
 61%|ΓûêΓûêΓûêΓûêΓûêΓûêΓûÅ   | 1843/3000 [15:50<11:31,  1.67it/s]
 61%|ΓûêΓûêΓûêΓûêΓûêΓûêΓûÅ   | 1844/3000 [15:51<11:46,  1.64it/s]
 62%|ΓûêΓûêΓûêΓûêΓûêΓûêΓûÅ   | 1845/3000 [15:51<12:30,  1.54it/s]
 62%|ΓûêΓûêΓûêΓûêΓûêΓûêΓûÅ   | 1846/3000 [15:52<12:49,  1.50it/s]
 62%|ΓûêΓûêΓûêΓûêΓûêΓûêΓûÅ   | 1847/3000 [15:52<11:19,  1.70it/s]
 62%|ΓûêΓûêΓûêΓûêΓûêΓûêΓûÅ   | 1848/3000 [15:53<10:39,  1.80it/s]
 62%|ΓûêΓûêΓûêΓûêΓûêΓûêΓûÅ   | 1849/3000 [15:53<10:44,  1.78it/s]
 62%|ΓûêΓûêΓûêΓûêΓûêΓûêΓûÅ   | 1850/3000 [15:54<09:47,  1.96it/s]
 62%|ΓûêΓûêΓûêΓûêΓûêΓûêΓûÅ   | 1851/3000 [15:55<10:47,  1.77it/s]
 62%|ΓûêΓûêΓûêΓûêΓûêΓûêΓûÅ   | 1852/3000 [15:55<11:20,  1.69it/s]
 62%|ΓûêΓûêΓûêΓûêΓûêΓûêΓûÅ   | 1853/3000 [15:56<11:55,  1.60it/s]
 62%|ΓûêΓûêΓûêΓûêΓûêΓûêΓûÅ   | 1854/3000 [15:57<12:10,  1.57it/s]
 62%|ΓûêΓûêΓûêΓûêΓûêΓûêΓûÅ   | 1855/3000 [15:57<12:42,  1.50it/s]
 62%|ΓûêΓûêΓûêΓûêΓûêΓûêΓûÅ   | 1856/3000 [15:58<11:29,  1.66it/s]
 62%|ΓûêΓûêΓûêΓûêΓûêΓûêΓûÅ   | 1857/3000 [15:58<10:36,  1.80it/s]
 62%|ΓûêΓûêΓûêΓûêΓûêΓûêΓûÅ   | 1858/3000 [15:59<09:35,  1.98it/s]
 62%|ΓûêΓûêΓûêΓûêΓûêΓûêΓûÅ   | 1859/3000 [15:59<10:48,  1.76it/s]
 62%|ΓûêΓûêΓûêΓûêΓûêΓûêΓûÅ   | 1860/3000 [16:00<09:45,  1.95it/s]
 62%|ΓûêΓûêΓûêΓûêΓûêΓûêΓûÅ   | 1861/3000 [16:00<10:25,  1.82it/s]
 62%|ΓûêΓûêΓûêΓûêΓûêΓûêΓûÅ   | 1862/3000 [16:01<09:26,  2.01it/s]
 62%|ΓûêΓûêΓûêΓûêΓûêΓûêΓûÅ   | 1863/3000 [16:01<09:04,  2.09it/s]
 62%|ΓûêΓûêΓûêΓûêΓûêΓûêΓûÅ   | 1864/3000 [16:02<10:11,  1.86it/s]
 62%|ΓûêΓûêΓûêΓûêΓûêΓûêΓûÅ   | 1865/3000 [16:02<09:14,  2.05it/s]
 62%|ΓûêΓûêΓûêΓûêΓûêΓûêΓûÅ   | 1866/3000 [16:03<10:05,  1.87it/s]
 62%|ΓûêΓûêΓûêΓûêΓûêΓûêΓûÅ   | 1867/3000 [16:04<12:01,  1.57it/s]
 62%|ΓûêΓûêΓûêΓûêΓûêΓûêΓûÅ   | 1868/3000 [16:04<10:30,  1.80it/s]
 62%|ΓûêΓûêΓûêΓûêΓûêΓûêΓûÅ   | 1869/3000 [16:04<09:30,  1.98it/s]
 62%|ΓûêΓûêΓûêΓûêΓûêΓûêΓûÅ   | 1870/3000 [16:05<08:46,  2.15it/s]
 62%|ΓûêΓûêΓûêΓûêΓûêΓûêΓûÅ   | 1871/3000 [16:05<08:16,  2.27it/s]
 62%|ΓûêΓûêΓûêΓûêΓûêΓûêΓûÅ   | 1872/3000 [16:06<10:50,  1.73it/s]
 62%|ΓûêΓûêΓûêΓûêΓûêΓûêΓûÅ   | 1873/3000 [16:07<10:30,  1.79it/s]
 62%|ΓûêΓûêΓûêΓûêΓûêΓûêΓûÅ   | 1874/3000 [16:07<09:30,  1.97it/s]
 62%|ΓûêΓûêΓûêΓûêΓûêΓûêΓûÄ   | 1875/3000 [16:07<08:46,  2.14it/s]
 63%|ΓûêΓûêΓûêΓûêΓûêΓûêΓûÄ   | 1876/3000 [16:08<08:37,  2.17it/s]
 63%|ΓûêΓûêΓûêΓûêΓûêΓûêΓûÄ   | 1877/3000 [16:08<08:43,  2.15it/s]
 63%|ΓûêΓûêΓûêΓûêΓûêΓûêΓûÄ   | 1878/3000 [16:09<09:43,  1.92it/s]
 63%|ΓûêΓûêΓûêΓûêΓûêΓûêΓûÄ   | 1879/3000 [16:10<09:47,  1.91it/s]
 63%|ΓûêΓûêΓûêΓûêΓûêΓûêΓûÄ   | 1880/3000 [16:10<09:13,  2.02it/s]
 63%|ΓûêΓûêΓûêΓûêΓûêΓûêΓûÄ   | 1881/3000 [16:11<09:33,  1.95it/s]
 63%|ΓûêΓûêΓûêΓûêΓûêΓûêΓûÄ   | 1882/3000 [16:11<08:44,  2.13it/s]
 63%|ΓûêΓûêΓûêΓûêΓûêΓûêΓûÄ   | 1883/3000 [16:11<08:13,  2.26it/s]
 63%|ΓûêΓûêΓûêΓûêΓûêΓûêΓûÄ   | 1884/3000 [16:12<08:41,  2.14it/s]
 63%|ΓûêΓûêΓûêΓûêΓûêΓûêΓûÄ   | 1885/3000 [16:12<08:11,  2.27it/s]
 63%|ΓûêΓûêΓûêΓûêΓûêΓûêΓûÄ   | 1886/3000 [16:13<09:51,  1.88it/s]
 63%|ΓûêΓûêΓûêΓûêΓûêΓûêΓûÄ   | 1887/3000 [16:13<09:33,  1.94it/s]
 63%|ΓûêΓûêΓûêΓûêΓûêΓûêΓûÄ   | 1888/3000 [16:14<10:31,  1.76it/s]
 63%|ΓûêΓûêΓûêΓûêΓûêΓûêΓûÄ   | 1889/3000 [16:15<10:55,  1.70it/s]
 63%|ΓûêΓûêΓûêΓûêΓûêΓûêΓûÄ   | 1890/3000 [16:15<09:41,  1.91it/s]
 63%|ΓûêΓûêΓûêΓûêΓûêΓûêΓûÄ   | 1891/3000 [16:16<09:45,  1.89it/s]
 63%|ΓûêΓûêΓûêΓûêΓûêΓûêΓûÄ   | 1892/3000 [16:16<08:52,  2.08it/s]
 63%|ΓûêΓûêΓûêΓûêΓûêΓûêΓûÄ   | 1893/3000 [16:16<08:33,  2.15it/s]
 63%|ΓûêΓûêΓûêΓûêΓûêΓûêΓûÄ   | 1894/3000 [16:17<09:32,  1.93it/s]
 63%|ΓûêΓûêΓûêΓûêΓûêΓûêΓûÄ   | 1895/3000 [16:18<09:31,  1.93it/s]
 63%|ΓûêΓûêΓûêΓûêΓûêΓûêΓûÄ   | 1896/3000 [16:18<09:40,  1.90it/s]
 63%|ΓûêΓûêΓûêΓûêΓûêΓûêΓûÄ   | 1897/3000 [16:19<09:07,  2.01it/s]
 63%|ΓûêΓûêΓûêΓûêΓûêΓûêΓûÄ   | 1898/3000 [16:19<08:42,  2.11it/s]
 63%|ΓûêΓûêΓûêΓûêΓûêΓûêΓûÄ   | 1899/3000 [16:19<08:09,  2.25it/s]
 63%|ΓûêΓûêΓûêΓûêΓûêΓûêΓûÄ   | 1900/3000 [16:20<08:56,  2.05it/s]
 63%|ΓûêΓûêΓûêΓûêΓûêΓûêΓûÄ   | 1901/3000 [16:21<09:28,  1.93it/s]
 63%|ΓûêΓûêΓûêΓûêΓûêΓûêΓûÄ   | 1902/3000 [16:21<09:05,  2.01it/s]
 63%|ΓûêΓûêΓûêΓûêΓûêΓûêΓûÄ   | 1903/3000 [16:22<10:00,  1.83it/s]
 63%|ΓûêΓûêΓûêΓûêΓûêΓûêΓûÄ   | 1904/3000 [16:22<09:02,  2.02it/s]
 64%|ΓûêΓûêΓûêΓûêΓûêΓûêΓûÄ   | 1905/3000 [16:22<08:23,  2.18it/s]
 64%|ΓûêΓûêΓûêΓûêΓûêΓûêΓûÄ   | 1906/3000 [16:23<09:39,  1.89it/s]
 64%|ΓûêΓûêΓûêΓûêΓûêΓûêΓûÄ   | 1907/3000 [16:23<08:50,  2.06it/s]
 64%|ΓûêΓûêΓûêΓûêΓûêΓûêΓûÄ   | 1908/3000 [16:24<08:33,  2.13it/s]
 64%|ΓûêΓûêΓûêΓûêΓûêΓûêΓûÄ   | 1909/3000 [16:24<09:06,  2.00it/s]
 64%|ΓûêΓûêΓûêΓûêΓûêΓûêΓûÄ   | 1910/3000 [16:25<08:33,  2.12it/s]
 64%|ΓûêΓûêΓûêΓûêΓûêΓûêΓûÄ   | 1911/3000 [16:25<08:51,  2.05it/s]
 64%|ΓûêΓûêΓûêΓûêΓûêΓûêΓûÄ   | 1912/3000 [16:26<08:18,  2.18it/s]
 64%|ΓûêΓûêΓûêΓûêΓûêΓûêΓûì   | 1913/3000 [16:26<09:07,  1.99it/s]
 64%|ΓûêΓûêΓûêΓûêΓûêΓûêΓûì   | 1914/3000 [16:27<08:22,  2.16it/s]
 64%|ΓûêΓûêΓûêΓûêΓûêΓûêΓûì   | 1915/3000 [16:27<08:21,  2.16it/s]
 64%|ΓûêΓûêΓûêΓûêΓûêΓûêΓûì   | 1916/3000 [16:28<07:54,  2.28it/s]
 64%|ΓûêΓûêΓûêΓûêΓûêΓûêΓûì   | 1917/3000 [16:28<08:02,  2.24it/s]
 64%|ΓûêΓûêΓûêΓûêΓûêΓûêΓûì   | 1918/3000 [16:28<07:57,  2.27it/s]
 64%|ΓûêΓûêΓûêΓûêΓûêΓûêΓûì   | 1919/3000 [16:29<08:12,  2.20it/s]
 64%|ΓûêΓûêΓûêΓûêΓûêΓûêΓûì   | 1920/3000 [16:29<07:29,  2.40it/s]
 64%|ΓûêΓûêΓûêΓûêΓûêΓûêΓûì   | 1921/3000 [16:30<07:31,  2.39it/s]
 64%|ΓûêΓûêΓûêΓûêΓûêΓûêΓûì   | 1922/3000 [16:30<07:19,  2.45it/s]
 64%|ΓûêΓûêΓûêΓûêΓûêΓûêΓûì   | 1923/3000 [16:31<08:51,  2.02it/s]
 64%|ΓûêΓûêΓûêΓûêΓûêΓûêΓûì   | 1924/3000 [16:31<08:12,  2.18it/s]
 64%|ΓûêΓûêΓûêΓûêΓûêΓûêΓûì   | 1925/3000 [16:32<07:45,  2.31it/s]
 64%|ΓûêΓûêΓûêΓûêΓûêΓûêΓûì   | 1926/3000 [16:32<07:46,  2.30it/s]
 64%|ΓûêΓûêΓûêΓûêΓûêΓûêΓûì   | 1927/3000 [16:33<09:10,  1.95it/s]
 64%|ΓûêΓûêΓûêΓûêΓûêΓûêΓûì   | 1928/3000 [16:33<08:11,  2.18it/s]
 64%|ΓûêΓûêΓûêΓûêΓûêΓûêΓûì   | 1929/3000 [16:34<08:42,  2.05it/s]
 64%|ΓûêΓûêΓûêΓûêΓûêΓûêΓûì   | 1930/3000 [16:34<09:01,  1.98it/s]
 64%|ΓûêΓûêΓûêΓûêΓûêΓûêΓûì   | 1931/3000 [16:35<09:22,  1.90it/s]
 64%|ΓûêΓûêΓûêΓûêΓûêΓûêΓûì   | 1932/3000 [16:35<10:08,  1.76it/s]
 64%|ΓûêΓûêΓûêΓûêΓûêΓûêΓûì   | 1933/3000 [16:36<10:24,  1.71it/s]
 64%|ΓûêΓûêΓûêΓûêΓûêΓûêΓûì   | 1934/3000 [16:36<09:19,  1.90it/s]
 64%|ΓûêΓûêΓûêΓûêΓûêΓûêΓûì   | 1935/3000 [16:37<09:21,  1.90it/s]
 65%|ΓûêΓûêΓûêΓûêΓûêΓûêΓûì   | 1936/3000 [16:37<08:40,  2.04it/s]
 65%|ΓûêΓûêΓûêΓûêΓûêΓûêΓûì   | 1937/3000 [16:38<08:03,  2.20it/s]
 65%|ΓûêΓûêΓûêΓûêΓûêΓûêΓûì   | 1938/3000 [16:38<09:34,  1.85it/s]
 65%|ΓûêΓûêΓûêΓûêΓûêΓûêΓûì   | 1939/3000 [16:39<10:26,  1.69it/s]
 65%|ΓûêΓûêΓûêΓûêΓûêΓûêΓûì   | 1940/3000 [16:40<09:21,  1.89it/s]
 65%|ΓûêΓûêΓûêΓûêΓûêΓûêΓûì   | 1941/3000 [16:40<10:41,  1.65it/s]
 65%|ΓûêΓûêΓûêΓûêΓûêΓûêΓûì   | 1942/3000 [16:41<10:16,  1.71it/s]
 65%|ΓûêΓûêΓûêΓûêΓûêΓûêΓûì   | 1943/3000 [16:41<08:54,  1.98it/s]
 65%|ΓûêΓûêΓûêΓûêΓûêΓûêΓûì   | 1944/3000 [16:42<09:02,  1.95it/s]
 65%|ΓûêΓûêΓûêΓûêΓûêΓûêΓûì   | 1945/3000 [16:42<08:57,  1.96it/s]
 65%|ΓûêΓûêΓûêΓûêΓûêΓûêΓûì   | 1946/3000 [16:43<08:26,  2.08it/s]
 65%|ΓûêΓûêΓûêΓûêΓûêΓûêΓûì   | 1947/3000 [16:43<08:12,  2.14it/s]
 65%|ΓûêΓûêΓûêΓûêΓûêΓûêΓûì   | 1948/3000 [16:44<09:27,  1.86it/s]
 65%|ΓûêΓûêΓûêΓûêΓûêΓûêΓûì   | 1949/3000 [16:44<08:46,  2.00it/s]
 65%|ΓûêΓûêΓûêΓûêΓûêΓûêΓûî   | 1950/3000 [16:45<08:06,  2.16it/s]
 65%|ΓûêΓûêΓûêΓûêΓûêΓûêΓûî   | 1951/3000 [16:45<07:18,  2.39it/s]
 65%|ΓûêΓûêΓûêΓûêΓûêΓûêΓûî   | 1952/3000 [16:45<07:50,  2.23it/s]
 65%|ΓûêΓûêΓûêΓûêΓûêΓûêΓûî   | 1953/3000 [16:46<07:40,  2.27it/s]
 65%|ΓûêΓûêΓûêΓûêΓûêΓûêΓûî   | 1954/3000 [16:46<07:20,  2.38it/s]
 65%|ΓûêΓûêΓûêΓûêΓûêΓûêΓûî   | 1955/3000 [16:47<07:06,  2.45it/s]
 65%|ΓûêΓûêΓûêΓûêΓûêΓûêΓûî   | 1956/3000 [16:47<06:41,  2.60it/s]
 65%|ΓûêΓûêΓûêΓûêΓûêΓûêΓûî   | 1957/3000 [16:48<08:20,  2.08it/s]
 65%|ΓûêΓûêΓûêΓûêΓûêΓûêΓûî   | 1958/3000 [16:48<07:49,  2.22it/s]
 65%|ΓûêΓûêΓûêΓûêΓûêΓûêΓûî   | 1959/3000 [16:48<08:15,  2.10it/s]
 65%|ΓûêΓûêΓûêΓûêΓûêΓûêΓûî   | 1960/3000 [16:49<09:09,  1.89it/s]
 65%|ΓûêΓûêΓûêΓûêΓûêΓûêΓûî   | 1961/3000 [16:49<08:09,  2.12it/s]
 65%|ΓûêΓûêΓûêΓûêΓûêΓûêΓûî   | 1962/3000 [16:50<08:49,  1.96it/s]
 65%|ΓûêΓûêΓûêΓûêΓûêΓûêΓûî   | 1963/3000 [16:50<08:13,  2.10it/s]
 65%|ΓûêΓûêΓûêΓûêΓûêΓûêΓûî   | 1964/3000 [16:51<07:39,  2.25it/s]
 66%|ΓûêΓûêΓûêΓûêΓûêΓûêΓûî   | 1965/3000 [16:51<07:47,  2.21it/s]
 66%|ΓûêΓûêΓûêΓûêΓûêΓûêΓûî   | 1966/3000 [16:52<08:21,  2.06it/s]
 66%|ΓûêΓûêΓûêΓûêΓûêΓûêΓûî   | 1967/3000 [16:53<09:13,  1.87it/s]
 66%|ΓûêΓûêΓûêΓûêΓûêΓûêΓûî   | 1968/3000 [16:53<08:41,  1.98it/s]
 66%|ΓûêΓûêΓûêΓûêΓûêΓûêΓûî   | 1969/3000 [16:53<08:15,  2.08it/s]
 66%|ΓûêΓûêΓûêΓûêΓûêΓûêΓûî   | 1970/3000 [16:54<09:10,  1.87it/s]
 66%|ΓûêΓûêΓûêΓûêΓûêΓûêΓûî   | 1971/3000 [16:55<09:03,  1.89it/s]
 66%|ΓûêΓûêΓûêΓûêΓûêΓûêΓûî   | 1972/3000 [16:55<08:39,  1.98it/s]
 66%|ΓûêΓûêΓûêΓûêΓûêΓûêΓûî   | 1973/3000 [16:55<08:23,  2.04it/s]
 66%|ΓûêΓûêΓûêΓûêΓûêΓûêΓûî   | 1974/3000 [16:56<08:27,  2.02it/s]
 66%|ΓûêΓûêΓûêΓûêΓûêΓûêΓûî   | 1975/3000 [16:56<08:36,  1.99it/s]
 66%|ΓûêΓûêΓûêΓûêΓûêΓûêΓûî   | 1976/3000 [16:57<08:12,  2.08it/s]
 66%|ΓûêΓûêΓûêΓûêΓûêΓûêΓûî   | 1977/3000 [16:58<08:51,  1.93it/s]
 66%|ΓûêΓûêΓûêΓûêΓûêΓûêΓûî   | 1978/3000 [16:58<08:53,  1.91it/s]
 66%|ΓûêΓûêΓûêΓûêΓûêΓûêΓûî   | 1979/3000 [16:59<09:31,  1.79it/s]
 66%|ΓûêΓûêΓûêΓûêΓûêΓûêΓûî   | 1980/3000 [16:59<09:34,  1.78it/s]
 66%|ΓûêΓûêΓûêΓûêΓûêΓûêΓûî   | 1981/3000 [17:00<08:37,  1.97it/s]
 66%|ΓûêΓûêΓûêΓûêΓûêΓûêΓûî   | 1982/3000 [17:00<09:46,  1.74it/s]
 66%|ΓûêΓûêΓûêΓûêΓûêΓûêΓûî   | 1983/3000 [17:01<08:55,  1.90it/s]
 66%|ΓûêΓûêΓûêΓûêΓûêΓûêΓûî   | 1984/3000 [17:01<08:49,  1.92it/s]
 66%|ΓûêΓûêΓûêΓûêΓûêΓûêΓûî   | 1985/3000 [17:02<08:50,  1.91it/s]
 66%|ΓûêΓûêΓûêΓûêΓûêΓûêΓûî   | 1986/3000 [17:02<09:04,  1.86it/s]
 66%|ΓûêΓûêΓûêΓûêΓûêΓûêΓûî   | 1987/3000 [17:03<09:47,  1.73it/s]
 66%|ΓûêΓûêΓûêΓûêΓûêΓûêΓûï   | 1988/3000 [17:04<09:47,  1.72it/s]
 66%|ΓûêΓûêΓûêΓûêΓûêΓûêΓûï   | 1989/3000 [17:04<08:54,  1.89it/s]
 66%|ΓûêΓûêΓûêΓûêΓûêΓûêΓûï   | 1990/3000 [17:04<08:20,  2.02it/s]
 66%|ΓûêΓûêΓûêΓûêΓûêΓûêΓûï   | 1991/3000 [17:05<08:40,  1.94it/s]
 66%|ΓûêΓûêΓûêΓûêΓûêΓûêΓûï   | 1992/3000 [17:06<08:20,  2.01it/s]
 66%|ΓûêΓûêΓûêΓûêΓûêΓûêΓûï   | 1993/3000 [17:06<08:59,  1.87it/s]
 66%|ΓûêΓûêΓûêΓûêΓûêΓûêΓûï   | 1994/3000 [17:07<09:04,  1.85it/s]
 66%|ΓûêΓûêΓûêΓûêΓûêΓûêΓûï   | 1995/3000 [17:07<08:45,  1.91it/s]
 67%|ΓûêΓûêΓûêΓûêΓûêΓûêΓûï   | 1996/3000 [17:08<10:05,  1.66it/s]
 67%|ΓûêΓûêΓûêΓûêΓûêΓûêΓûï   | 1997/3000 [17:09<10:08,  1.65it/s]
 67%|ΓûêΓûêΓûêΓûêΓûêΓûêΓûï   | 1998/3000 [17:09<10:19,  1.62it/s]
 67%|ΓûêΓûêΓûêΓûêΓûêΓûêΓûï   | 1999/3000 [17:10<09:35,  1.74it/s]
 67%|ΓûêΓûêΓûêΓûêΓûêΓûêΓûï   | 2000/3000 [17:10<09:57,  1.67it/s]
 67%|ΓûêΓûêΓûêΓûêΓûêΓûêΓûï   | 2001/3000 [17:11<10:18,  1.62it/s]
 67%|ΓûêΓûêΓûêΓûêΓûêΓûêΓûï   | 2002/3000 [17:12<11:00,  1.51it/s]
 67%|ΓûêΓûêΓûêΓûêΓûêΓûêΓûï   | 2003/3000 [17:13<11:19,  1.47it/s]
 67%|ΓûêΓûêΓûêΓûêΓûêΓûêΓûï   | 2004/3000 [17:13<09:59,  1.66it/s]
 67%|ΓûêΓûêΓûêΓûêΓûêΓûêΓûï   | 2005/3000 [17:14<11:03,  1.50it/s]
 67%|ΓûêΓûêΓûêΓûêΓûêΓûêΓûï   | 2006/3000 [17:14<10:52,  1.52it/s]
 67%|ΓûêΓûêΓûêΓûêΓûêΓûêΓûï   | 2007/3000 [17:15<09:32,  1.73it/s]
 67%|ΓûêΓûêΓûêΓûêΓûêΓûêΓûï   | 2008/3000 [17:16<10:21,  1.60it/s]
 67%|ΓûêΓûêΓûêΓûêΓûêΓûêΓûï   | 2009/3000 [17:16<09:29,  1.74it/s]
 67%|ΓûêΓûêΓûêΓûêΓûêΓûêΓûï   | 2010/3000 [17:16<08:41,  1.90it/s]
 67%|ΓûêΓûêΓûêΓûêΓûêΓûêΓûï   | 2011/3000 [17:17<08:32,  1.93it/s]
 67%|ΓûêΓûêΓûêΓûêΓûêΓûêΓûï   | 2012/3000 [17:17<08:54,  1.85it/s]
 67%|ΓûêΓûêΓûêΓûêΓûêΓûêΓûï   | 2013/3000 [17:18<08:14,  2.00it/s]
 67%|ΓûêΓûêΓûêΓûêΓûêΓûêΓûï   | 2014/3000 [17:18<07:46,  2.11it/s]
 67%|ΓûêΓûêΓûêΓûêΓûêΓûêΓûï   | 2015/3000 [17:19<07:28,  2.19it/s]
 67%|ΓûêΓûêΓûêΓûêΓûêΓûêΓûï   | 2016/3000 [17:19<08:40,  1.89it/s]
 67%|ΓûêΓûêΓûêΓûêΓûêΓûêΓûï   | 2017/3000 [17:20<09:40,  1.69it/s]
 67%|ΓûêΓûêΓûêΓûêΓûêΓûêΓûï   | 2018/3000 [17:21<09:32,  1.71it/s]
 67%|ΓûêΓûêΓûêΓûêΓûêΓûêΓûï   | 2019/3000 [17:21<08:55,  1.83it/s]
 67%|ΓûêΓûêΓûêΓûêΓûêΓûêΓûï   | 2020/3000 [17:22<08:13,  1.99it/s]
 67%|ΓûêΓûêΓûêΓûêΓûêΓûêΓûï   | 2021/3000 [17:22<09:21,  1.74it/s]
 67%|ΓûêΓûêΓûêΓûêΓûêΓûêΓûï   | 2022/3000 [17:23<08:18,  1.96it/s]
 67%|ΓûêΓûêΓûêΓûêΓûêΓûêΓûï   | 2023/3000 [17:23<07:47,  2.09it/s]
 67%|ΓûêΓûêΓûêΓûêΓûêΓûêΓûï   | 2024/3000 [17:24<08:12,  1.98it/s]
 68%|ΓûêΓûêΓûêΓûêΓûêΓûêΓûè   | 2025/3000 [17:24<09:07,  1.78it/s]
 68%|ΓûêΓûêΓûêΓûêΓûêΓûêΓûè   | 2026/3000 [17:25<08:22,  1.94it/s]
 68%|ΓûêΓûêΓûêΓûêΓûêΓûêΓûè   | 2027/3000 [17:25<08:51,  1.83it/s]
 68%|ΓûêΓûêΓûêΓûêΓûêΓûêΓûè   | 2028/3000 [17:26<08:13,  1.97it/s]
 68%|ΓûêΓûêΓûêΓûêΓûêΓûêΓûè   | 2029/3000 [17:26<08:01,  2.02it/s]
 68%|ΓûêΓûêΓûêΓûêΓûêΓûêΓûè   | 2030/3000 [17:27<07:35,  2.13it/s]
 68%|ΓûêΓûêΓûêΓûêΓûêΓûêΓûè   | 2031/3000 [17:28<09:29,  1.70it/s]
 68%|ΓûêΓûêΓûêΓûêΓûêΓûêΓûè   | 2032/3000 [17:28<08:46,  1.84it/s]
 68%|ΓûêΓûêΓûêΓûêΓûêΓûêΓûè   | 2033/3000 [17:29<09:33,  1.69it/s]
 68%|ΓûêΓûêΓûêΓûêΓûêΓûêΓûè   | 2034/3000 [17:29<10:06,  1.59it/s]
 68%|ΓûêΓûêΓûêΓûêΓûêΓûêΓûè   | 2035/3000 [17:30<09:21,  1.72it/s]
 68%|ΓûêΓûêΓûêΓûêΓûêΓûêΓûè   | 2036/3000 [17:31<09:43,  1.65it/s]
 68%|ΓûêΓûêΓûêΓûêΓûêΓûêΓûè   | 2037/3000 [17:31<09:18,  1.72it/s]
 68%|ΓûêΓûêΓûêΓûêΓûêΓûêΓûè   | 2038/3000 [17:32<09:33,  1.68it/s]
 68%|ΓûêΓûêΓûêΓûêΓûêΓûêΓûè   | 2039/3000 [17:32<10:13,  1.57it/s]
 68%|ΓûêΓûêΓûêΓûêΓûêΓûêΓûè   | 2040/3000 [17:33<09:04,  1.76it/s]
 68%|ΓûêΓûêΓûêΓûêΓûêΓûêΓûè   | 2041/3000 [17:33<09:33,  1.67it/s]
 68%|ΓûêΓûêΓûêΓûêΓûêΓûêΓûè   | 2042/3000 [17:34<08:35,  1.86it/s]
 68%|ΓûêΓûêΓûêΓûêΓûêΓûêΓûè   | 2043/3000 [17:35<09:30,  1.68it/s]
 68%|ΓûêΓûêΓûêΓûêΓûêΓûêΓûè   | 2044/3000 [17:35<10:32,  1.51it/s]
 68%|ΓûêΓûêΓûêΓûêΓûêΓûêΓûè   | 2045/3000 [17:36<09:37,  1.65it/s]
 68%|ΓûêΓûêΓûêΓûêΓûêΓûêΓûè   | 2046/3000 [17:36<09:19,  1.71it/s]
 68%|ΓûêΓûêΓûêΓûêΓûêΓûêΓûè   | 2047/3000 [17:37<09:35,  1.66it/s]
 68%|ΓûêΓûêΓûêΓûêΓûêΓûêΓûè   | 2048/3000 [17:37<08:30,  1.86it/s]
 68%|ΓûêΓûêΓûêΓûêΓûêΓûêΓûè   | 2049/3000 [17:38<08:34,  1.85it/s]
 68%|ΓûêΓûêΓûêΓûêΓûêΓûêΓûè   | 2050/3000 [17:38<08:13,  1.93it/s]
 68%|ΓûêΓûêΓûêΓûêΓûêΓûêΓûè   | 2051/3000 [17:39<07:44,  2.04it/s]
 68%|ΓûêΓûêΓûêΓûêΓûêΓûêΓûè   | 2052/3000 [17:39<07:16,  2.17it/s]
 68%|ΓûêΓûêΓûêΓûêΓûêΓûêΓûè   | 2053/3000 [17:40<07:33,  2.09it/s]
 68%|ΓûêΓûêΓûêΓûêΓûêΓûêΓûè   | 2054/3000 [17:40<07:03,  2.24it/s]
 68%|ΓûêΓûêΓûêΓûêΓûêΓûêΓûè   | 2055/3000 [17:41<06:42,  2.35it/s]
 69%|ΓûêΓûêΓûêΓûêΓûêΓûêΓûè   | 2056/3000 [17:41<07:44,  2.03it/s]
 69%|ΓûêΓûêΓûêΓûêΓûêΓûêΓûè   | 2057/3000 [17:42<09:06,  1.72it/s]
 69%|ΓûêΓûêΓûêΓûêΓûêΓûêΓûè   | 2058/3000 [17:42<07:56,  1.98it/s]
 69%|ΓûêΓûêΓûêΓûêΓûêΓûêΓûè   | 2059/3000 [17:43<08:02,  1.95it/s]
 69%|ΓûêΓûêΓûêΓûêΓûêΓûêΓûè   | 2060/3000 [17:43<07:28,  2.10it/s]
 69%|ΓûêΓûêΓûêΓûêΓûêΓûêΓûè   | 2061/3000 [17:44<07:15,  2.16it/s]
 69%|ΓûêΓûêΓûêΓûêΓûêΓûêΓûè   | 2062/3000 [17:44<06:45,  2.31it/s]
 69%|ΓûêΓûêΓûêΓûêΓûêΓûêΓûë   | 2063/3000 [17:44<06:36,  2.36it/s]
 69%|ΓûêΓûêΓûêΓûêΓûêΓûêΓûë   | 2064/3000 [17:45<06:33,  2.38it/s]
 69%|ΓûêΓûêΓûêΓûêΓûêΓûêΓûë   | 2065/3000 [17:45<07:24,  2.10it/s]
 69%|ΓûêΓûêΓûêΓûêΓûêΓûêΓûë   | 2066/3000 [17:46<07:17,  2.13it/s]
 69%|ΓûêΓûêΓûêΓûêΓûêΓûêΓûë   | 2067/3000 [17:46<06:48,  2.28it/s]
 69%|ΓûêΓûêΓûêΓûêΓûêΓûêΓûë   | 2068/3000 [17:47<06:39,  2.33it/s]
 69%|ΓûêΓûêΓûêΓûêΓûêΓûêΓûë   | 2069/3000 [17:47<07:07,  2.18it/s]
 69%|ΓûêΓûêΓûêΓûêΓûêΓûêΓûë   | 2070/3000 [17:48<07:40,  2.02it/s]
 69%|ΓûêΓûêΓûêΓûêΓûêΓûêΓûë   | 2071/3000 [17:48<07:21,  2.10it/s]
 69%|ΓûêΓûêΓûêΓûêΓûêΓûêΓûë   | 2072/3000 [17:49<08:19,  1.86it/s]
 69%|ΓûêΓûêΓûêΓûêΓûêΓûêΓûë   | 2073/3000 [17:50<08:55,  1.73it/s]
 69%|ΓûêΓûêΓûêΓûêΓûêΓûêΓûë   | 2074/3000 [17:50<08:22,  1.84it/s]
 69%|ΓûêΓûêΓûêΓûêΓûêΓûêΓûë   | 2075/3000 [17:50<07:34,  2.03it/s]
 69%|ΓûêΓûêΓûêΓûêΓûêΓûêΓûë   | 2076/3000 [17:51<07:10,  2.15it/s]
 69%|ΓûêΓûêΓûêΓûêΓûêΓûêΓûë   | 2077/3000 [17:51<06:45,  2.28it/s]
 69%|ΓûêΓûêΓûêΓûêΓûêΓûêΓûë   | 2078/3000 [17:52<06:38,  2.31it/s]
 69%|ΓûêΓûêΓûêΓûêΓûêΓûêΓûë   | 2079/3000 [17:52<06:36,  2.33it/s]
 69%|ΓûêΓûêΓûêΓûêΓûêΓûêΓûë   | 2080/3000 [17:52<06:17,  2.44it/s]
 69%|ΓûêΓûêΓûêΓûêΓûêΓûêΓûë   | 2081/3000 [17:53<06:23,  2.39it/s]
 69%|ΓûêΓûêΓûêΓûêΓûêΓûêΓûë   | 2082/3000 [17:53<06:10,  2.48it/s]
 69%|ΓûêΓûêΓûêΓûêΓûêΓûêΓûë   | 2083/3000 [17:54<06:56,  2.20it/s]
 69%|ΓûêΓûêΓûêΓûêΓûêΓûêΓûë   | 2084/3000 [17:54<06:31,  2.34it/s]
 70%|ΓûêΓûêΓûêΓûêΓûêΓûêΓûë   | 2085/3000 [17:55<06:59,  2.18it/s]
 70%|ΓûêΓûêΓûêΓûêΓûêΓûêΓûë   | 2086/3000 [17:55<07:52,  1.94it/s]
 70%|ΓûêΓûêΓûêΓûêΓûêΓûêΓûë   | 2087/3000 [17:56<07:53,  1.93it/s]
 70%|ΓûêΓûêΓûêΓûêΓûêΓûêΓûë   | 2088/3000 [17:56<07:12,  2.11it/s]
 70%|ΓûêΓûêΓûêΓûêΓûêΓûêΓûë   | 2089/3000 [17:57<06:52,  2.21it/s]
 70%|ΓûêΓûêΓûêΓûêΓûêΓûêΓûë   | 2090/3000 [17:57<07:55,  1.92it/s]
 70%|ΓûêΓûêΓûêΓûêΓûêΓûêΓûë   | 2091/3000 [17:58<08:30,  1.78it/s]
 70%|ΓûêΓûêΓûêΓûêΓûêΓûêΓûë   | 2092/3000 [17:58<07:46,  1.95it/s]
 70%|ΓûêΓûêΓûêΓûêΓûêΓûêΓûë   | 2093/3000 [17:59<07:21,  2.05it/s]
 70%|ΓûêΓûêΓûêΓûêΓûêΓûêΓûë   | 2094/3000 [17:59<07:38,  1.97it/s]
 70%|ΓûêΓûêΓûêΓûêΓûêΓûêΓûë   | 2095/3000 [18:00<08:11,  1.84it/s]
 70%|ΓûêΓûêΓûêΓûêΓûêΓûêΓûë   | 2096/3000 [18:00<07:11,  2.10it/s]
 70%|ΓûêΓûêΓûêΓûêΓûêΓûêΓûë   | 2098/3000 [18:01<05:25,  2.77it/s]
 70%|ΓûêΓûêΓûêΓûêΓûêΓûêΓûë   | 2099/3000 [18:01<06:29,  2.31it/s]
 70%|ΓûêΓûêΓûêΓûêΓûêΓûêΓûê   | 2100/3000 [18:02<06:47,  2.21it/s]
 70%|ΓûêΓûêΓûêΓûêΓûêΓûêΓûê   | 2101/3000 [18:02<06:45,  2.22it/s]
 70%|ΓûêΓûêΓûêΓûêΓûêΓûêΓûê   | 2102/3000 [18:03<06:29,  2.31it/s]
 70%|ΓûêΓûêΓûêΓûêΓûêΓûêΓûê   | 2103/3000 [18:03<06:35,  2.27it/s]
 70%|ΓûêΓûêΓûêΓûêΓûêΓûêΓûê   | 2104/3000 [18:04<06:51,  2.18it/s]
 70%|ΓûêΓûêΓûêΓûêΓûêΓûêΓûê   | 2105/3000 [18:04<06:14,  2.39it/s]
 70%|ΓûêΓûêΓûêΓûêΓûêΓûêΓûê   | 2106/3000 [18:05<07:15,  2.05it/s]
 70%|ΓûêΓûêΓûêΓûêΓûêΓûêΓûê   | 2107/3000 [18:05<07:27,  2.00it/s]
 70%|ΓûêΓûêΓûêΓûêΓûêΓûêΓûê   | 2108/3000 [18:06<07:06,  2.09it/s]
 70%|ΓûêΓûêΓûêΓûêΓûêΓûêΓûê   | 2109/3000 [18:06<07:19,  2.03it/s]
 70%|ΓûêΓûêΓûêΓûêΓûêΓûêΓûê   | 2110/3000 [18:07<07:00,  2.12it/s]
 70%|ΓûêΓûêΓûêΓûêΓûêΓûêΓûê   | 2111/3000 [18:07<07:03,  2.10it/s]
 70%|ΓûêΓûêΓûêΓûêΓûêΓûêΓûê   | 2112/3000 [18:07<06:43,  2.20it/s]
 70%|ΓûêΓûêΓûêΓûêΓûêΓûêΓûê   | 2113/3000 [18:08<06:20,  2.33it/s]
 70%|ΓûêΓûêΓûêΓûêΓûêΓûêΓûê   | 2114/3000 [18:08<07:15,  2.03it/s]
 70%|ΓûêΓûêΓûêΓûêΓûêΓûêΓûê   | 2115/3000 [18:09<07:43,  1.91it/s]
 71%|ΓûêΓûêΓûêΓûêΓûêΓûêΓûê   | 2116/3000 [18:10<08:31,  1.73it/s]
 71%|ΓûêΓûêΓûêΓûêΓûêΓûêΓûê   | 2117/3000 [18:10<08:17,  1.78it/s]
 71%|ΓûêΓûêΓûêΓûêΓûêΓûêΓûê   | 2118/3000 [18:11<07:27,  1.97it/s]
 71%|ΓûêΓûêΓûêΓûêΓûêΓûêΓûê   | 2119/3000 [18:11<07:25,  1.98it/s]
 71%|ΓûêΓûêΓûêΓûêΓûêΓûêΓûê   | 2120/3000 [18:12<06:54,  2.12it/s]
 71%|ΓûêΓûêΓûêΓûêΓûêΓûêΓûê   | 2121/3000 [18:12<06:44,  2.17it/s]
 71%|ΓûêΓûêΓûêΓûêΓûêΓûêΓûê   | 2122/3000 [18:12<06:22,  2.30it/s]
 71%|ΓûêΓûêΓûêΓûêΓûêΓûêΓûê   | 2123/3000 [18:13<06:48,  2.14it/s]
 71%|ΓûêΓûêΓûêΓûêΓûêΓûêΓûê   | 2124/3000 [18:13<06:37,  2.20it/s]
 71%|ΓûêΓûêΓûêΓûêΓûêΓûêΓûê   | 2125/3000 [18:14<07:23,  1.97it/s]
 71%|ΓûêΓûêΓûêΓûêΓûêΓûêΓûê   | 2126/3000 [18:15<08:11,  1.78it/s]
 71%|ΓûêΓûêΓûêΓûêΓûêΓûêΓûê   | 2127/3000 [18:15<07:37,  1.91it/s]
 71%|ΓûêΓûêΓûêΓûêΓûêΓûêΓûê   | 2128/3000 [18:16<08:15,  1.76it/s]
 71%|ΓûêΓûêΓûêΓûêΓûêΓûêΓûê   | 2129/3000 [18:16<07:27,  1.94it/s]
 71%|ΓûêΓûêΓûêΓûêΓûêΓûêΓûê   | 2130/3000 [18:17<08:31,  1.70it/s]
 71%|ΓûêΓûêΓûêΓûêΓûêΓûêΓûê   | 2131/3000 [18:18<08:57,  1.62it/s]
 71%|ΓûêΓûêΓûêΓûêΓûêΓûêΓûê   | 2132/3000 [18:18<09:11,  1.58it/s]
 71%|ΓûêΓûêΓûêΓûêΓûêΓûêΓûê   | 2133/3000 [18:19<08:01,  1.80it/s]
 71%|ΓûêΓûêΓûêΓûêΓûêΓûêΓûê   | 2134/3000 [18:19<08:27,  1.71it/s]
 71%|ΓûêΓûêΓûêΓûêΓûêΓûêΓûê   | 2135/3000 [18:20<08:18,  1.73it/s]
 71%|ΓûêΓûêΓûêΓûêΓûêΓûêΓûê   | 2136/3000 [18:20<08:18,  1.73it/s]
 71%|ΓûêΓûêΓûêΓûêΓûêΓûêΓûê   | 2137/3000 [18:21<08:04,  1.78it/s]
 71%|ΓûêΓûêΓûêΓûêΓûêΓûêΓûêΓûÅ  | 2138/3000 [18:22<09:02,  1.59it/s]
 71%|ΓûêΓûêΓûêΓûêΓûêΓûêΓûêΓûÅ  | 2139/3000 [18:22<07:56,  1.81it/s]
 71%|ΓûêΓûêΓûêΓûêΓûêΓûêΓûêΓûÅ  | 2140/3000 [18:23<07:19,  1.96it/s]
 71%|ΓûêΓûêΓûêΓûêΓûêΓûêΓûêΓûÅ  | 2141/3000 [18:23<08:00,  1.79it/s]
 71%|ΓûêΓûêΓûêΓûêΓûêΓûêΓûêΓûÅ  | 2142/3000 [18:24<07:58,  1.79it/s]
 71%|ΓûêΓûêΓûêΓûêΓûêΓûêΓûêΓûÅ  | 2143/3000 [18:24<08:33,  1.67it/s]
 71%|ΓûêΓûêΓûêΓûêΓûêΓûêΓûêΓûÅ  | 2144/3000 [18:25<07:48,  1.83it/s]
 72%|ΓûêΓûêΓûêΓûêΓûêΓûêΓûêΓûÅ  | 2145/3000 [18:25<06:48,  2.09it/s]
 72%|ΓûêΓûêΓûêΓûêΓûêΓûêΓûêΓûÅ  | 2146/3000 [18:26<07:30,  1.90it/s]
 72%|ΓûêΓûêΓûêΓûêΓûêΓûêΓûêΓûÅ  | 2147/3000 [18:26<06:56,  2.05it/s]
 72%|ΓûêΓûêΓûêΓûêΓûêΓûêΓûêΓûÅ  | 2148/3000 [18:27<07:14,  1.96it/s]
 72%|ΓûêΓûêΓûêΓûêΓûêΓûêΓûêΓûÅ  | 2149/3000 [18:27<06:51,  2.07it/s]
 72%|ΓûêΓûêΓûêΓûêΓûêΓûêΓûêΓûÅ  | 2150/3000 [18:28<07:24,  1.91it/s]
 72%|ΓûêΓûêΓûêΓûêΓûêΓûêΓûêΓûÅ  | 2151/3000 [18:28<06:47,  2.08it/s]
 72%|ΓûêΓûêΓûêΓûêΓûêΓûêΓûêΓûÅ  | 2152/3000 [18:29<07:08,  1.98it/s]
 72%|ΓûêΓûêΓûêΓûêΓûêΓûêΓûêΓûÅ  | 2153/3000 [18:29<07:17,  1.94it/s]
 72%|ΓûêΓûêΓûêΓûêΓûêΓûêΓûêΓûÅ  | 2154/3000 [18:30<07:21,  1.91it/s]
 72%|ΓûêΓûêΓûêΓûêΓûêΓûêΓûêΓûÅ  | 2155/3000 [18:30<07:19,  1.92it/s]
 72%|ΓûêΓûêΓûêΓûêΓûêΓûêΓûêΓûÅ  | 2156/3000 [18:31<06:49,  2.06it/s]
 72%|ΓûêΓûêΓûêΓûêΓûêΓûêΓûêΓûÅ  | 2157/3000 [18:31<07:25,  1.89it/s]
 72%|ΓûêΓûêΓûêΓûêΓûêΓûêΓûêΓûÅ  | 2158/3000 [18:32<06:43,  2.08it/s]
 72%|ΓûêΓûêΓûêΓûêΓûêΓûêΓûêΓûÅ  | 2159/3000 [18:32<07:37,  1.84it/s]
 72%|ΓûêΓûêΓûêΓûêΓûêΓûêΓûêΓûÅ  | 2160/3000 [18:33<07:09,  1.96it/s]
 72%|ΓûêΓûêΓûêΓûêΓûêΓûêΓûêΓûÅ  | 2161/3000 [18:34<07:50,  1.78it/s]
 72%|ΓûêΓûêΓûêΓûêΓûêΓûêΓûêΓûÅ  | 2162/3000 [18:34<07:44,  1.80it/s]
 72%|ΓûêΓûêΓûêΓûêΓûêΓûêΓûêΓûÅ  | 2163/3000 [18:34<06:49,  2.05it/s]
 72%|ΓûêΓûêΓûêΓûêΓûêΓûêΓûêΓûÅ  | 2164/3000 [18:35<07:05,  1.96it/s]
 72%|ΓûêΓûêΓûêΓûêΓûêΓûêΓûêΓûÅ  | 2165/3000 [18:35<06:31,  2.13it/s]
 72%|ΓûêΓûêΓûêΓûêΓûêΓûêΓûêΓûÅ  | 2166/3000 [18:36<06:25,  2.16it/s]
 72%|ΓûêΓûêΓûêΓûêΓûêΓûêΓûêΓûÅ  | 2167/3000 [18:36<06:02,  2.30it/s]
 72%|ΓûêΓûêΓûêΓûêΓûêΓûêΓûêΓûÅ  | 2169/3000 [18:37<04:58,  2.79it/s]
 72%|ΓûêΓûêΓûêΓûêΓûêΓûêΓûêΓûÅ  | 2170/3000 [18:37<05:42,  2.42it/s]
 72%|ΓûêΓûêΓûêΓûêΓûêΓûêΓûêΓûÅ  | 2171/3000 [18:38<06:06,  2.26it/s]
 72%|ΓûêΓûêΓûêΓûêΓûêΓûêΓûêΓûÅ  | 2172/3000 [18:38<06:05,  2.27it/s]
 72%|ΓûêΓûêΓûêΓûêΓûêΓûêΓûêΓûÅ  | 2173/3000 [18:39<05:56,  2.32it/s]
 72%|ΓûêΓûêΓûêΓûêΓûêΓûêΓûêΓûÅ  | 2174/3000 [18:40<07:23,  1.86it/s]
 72%|ΓûêΓûêΓûêΓûêΓûêΓûêΓûêΓûÄ  | 2175/3000 [18:40<07:02,  1.95it/s]
 73%|ΓûêΓûêΓûêΓûêΓûêΓûêΓûêΓûÄ  | 2176/3000 [18:41<07:35,  1.81it/s]
 73%|ΓûêΓûêΓûêΓûêΓûêΓûêΓûêΓûÄ  | 2177/3000 [18:41<07:04,  1.94it/s]
 73%|ΓûêΓûêΓûêΓûêΓûêΓûêΓûêΓûÄ  | 2178/3000 [18:42<07:14,  1.89it/s]
 73%|ΓûêΓûêΓûêΓûêΓûêΓûêΓûêΓûÄ  | 2179/3000 [18:42<06:44,  2.03it/s]
 73%|ΓûêΓûêΓûêΓûêΓûêΓûêΓûêΓûÄ  | 2180/3000 [18:43<06:55,  1.97it/s]
 73%|ΓûêΓûêΓûêΓûêΓûêΓûêΓûêΓûÄ  | 2181/3000 [18:43<06:40,  2.05it/s]
 73%|ΓûêΓûêΓûêΓûêΓûêΓûêΓûêΓûÄ  | 2182/3000 [18:43<06:22,  2.14it/s]
 73%|ΓûêΓûêΓûêΓûêΓûêΓûêΓûêΓûÄ  | 2183/3000 [18:44<07:17,  1.87it/s]
 73%|ΓûêΓûêΓûêΓûêΓûêΓûêΓûêΓûÄ  | 2184/3000 [18:44<06:41,  2.03it/s]
 73%|ΓûêΓûêΓûêΓûêΓûêΓûêΓûêΓûÄ  | 2185/3000 [18:45<07:29,  1.81it/s]
 73%|ΓûêΓûêΓûêΓûêΓûêΓûêΓûêΓûÄ  | 2186/3000 [18:46<07:42,  1.76it/s]
 73%|ΓûêΓûêΓûêΓûêΓûêΓûêΓûêΓûÄ  | 2187/3000 [18:46<07:05,  1.91it/s]
 73%|ΓûêΓûêΓûêΓûêΓûêΓûêΓûêΓûÄ  | 2188/3000 [18:47<06:55,  1.95it/s]
 73%|ΓûêΓûêΓûêΓûêΓûêΓûêΓûêΓûÄ  | 2189/3000 [18:47<07:53,  1.71it/s]
 73%|ΓûêΓûêΓûêΓûêΓûêΓûêΓûêΓûÄ  | 2190/3000 [18:48<07:57,  1.70it/s]
 73%|ΓûêΓûêΓûêΓûêΓûêΓûêΓûêΓûÄ  | 2191/3000 [18:49<08:19,  1.62it/s]
 73%|ΓûêΓûêΓûêΓûêΓûêΓûêΓûêΓûÄ  | 2192/3000 [18:49<08:42,  1.55it/s]
 73%|ΓûêΓûêΓûêΓûêΓûêΓûêΓûêΓûÄ  | 2193/3000 [18:50<08:06,  1.66it/s]
 73%|ΓûêΓûêΓûêΓûêΓûêΓûêΓûêΓûÄ  | 2194/3000 [18:51<09:06,  1.47it/s]
 73%|ΓûêΓûêΓûêΓûêΓûêΓûêΓûêΓûÄ  | 2195/3000 [18:52<09:20,  1.44it/s]
 73%|ΓûêΓûêΓûêΓûêΓûêΓûêΓûêΓûÄ  | 2196/3000 [18:52<07:56,  1.69it/s]
 73%|ΓûêΓûêΓûêΓûêΓûêΓûêΓûêΓûÄ  | 2197/3000 [18:53<08:18,  1.61it/s]
 73%|ΓûêΓûêΓûêΓûêΓûêΓûêΓûêΓûÄ  | 2198/3000 [18:53<07:33,  1.77it/s]
 73%|ΓûêΓûêΓûêΓûêΓûêΓûêΓûêΓûÄ  | 2199/3000 [18:53<07:09,  1.87it/s]
 73%|ΓûêΓûêΓûêΓûêΓûêΓûêΓûêΓûÄ  | 2200/3000 [18:54<07:46,  1.71it/s]
 73%|ΓûêΓûêΓûêΓûêΓûêΓûêΓûêΓûÄ  | 2201/3000 [18:55<07:49,  1.70it/s]
 73%|ΓûêΓûêΓûêΓûêΓûêΓûêΓûêΓûÄ  | 2202/3000 [18:55<07:06,  1.87it/s]
 73%|ΓûêΓûêΓûêΓûêΓûêΓûêΓûêΓûÄ  | 2203/3000 [18:56<06:35,  2.02it/s]
 73%|ΓûêΓûêΓûêΓûêΓûêΓûêΓûêΓûÄ  | 2204/3000 [18:56<06:42,  1.98it/s]
 74%|ΓûêΓûêΓûêΓûêΓûêΓûêΓûêΓûÄ  | 2205/3000 [18:57<06:21,  2.08it/s]
 74%|ΓûêΓûêΓûêΓûêΓûêΓûêΓûêΓûÄ  | 2206/3000 [18:57<06:07,  2.16it/s]
 74%|ΓûêΓûêΓûêΓûêΓûêΓûêΓûêΓûÄ  | 2207/3000 [18:58<06:31,  2.02it/s]
 74%|ΓûêΓûêΓûêΓûêΓûêΓûêΓûêΓûÄ  | 2208/3000 [18:58<06:11,  2.13it/s]
 74%|ΓûêΓûêΓûêΓûêΓûêΓûêΓûêΓûÄ  | 2209/3000 [18:59<07:18,  1.80it/s]
 74%|ΓûêΓûêΓûêΓûêΓûêΓûêΓûêΓûÄ  | 2210/3000 [18:59<06:41,  1.97it/s]
 74%|ΓûêΓûêΓûêΓûêΓûêΓûêΓûêΓûÄ  | 2211/3000 [19:00<07:02,  1.87it/s]
 74%|ΓûêΓûêΓûêΓûêΓûêΓûêΓûêΓûÄ  | 2212/3000 [19:00<06:28,  2.03it/s]
 74%|ΓûêΓûêΓûêΓûêΓûêΓûêΓûêΓûì  | 2213/3000 [19:01<07:09,  1.83it/s]
 74%|ΓûêΓûêΓûêΓûêΓûêΓûêΓûêΓûì  | 2214/3000 [19:01<06:37,  1.98it/s]
 74%|ΓûêΓûêΓûêΓûêΓûêΓûêΓûêΓûì  | 2215/3000 [19:02<06:12,  2.11it/s]
 74%|ΓûêΓûêΓûêΓûêΓûêΓûêΓûêΓûì  | 2216/3000 [19:02<05:57,  2.20it/s]
 74%|ΓûêΓûêΓûêΓûêΓûêΓûêΓûêΓûì  | 2217/3000 [19:02<06:01,  2.17it/s]
 74%|ΓûêΓûêΓûêΓûêΓûêΓûêΓûêΓûì  | 2218/3000 [19:03<06:42,  1.94it/s]
 74%|ΓûêΓûêΓûêΓûêΓûêΓûêΓûêΓûì  | 2219/3000 [19:04<06:55,  1.88it/s]
 74%|ΓûêΓûêΓûêΓûêΓûêΓûêΓûêΓûì  | 2220/3000 [19:04<06:16,  2.07it/s]
 74%|ΓûêΓûêΓûêΓûêΓûêΓûêΓûêΓûì  | 2221/3000 [19:05<06:59,  1.85it/s]
 74%|ΓûêΓûêΓûêΓûêΓûêΓûêΓûêΓûì  | 2222/3000 [19:05<07:09,  1.81it/s]
 74%|ΓûêΓûêΓûêΓûêΓûêΓûêΓûêΓûì  | 2223/3000 [19:06<07:12,  1.80it/s]
 74%|ΓûêΓûêΓûêΓûêΓûêΓûêΓûêΓûì  | 2224/3000 [19:06<07:19,  1.77it/s]
 74%|ΓûêΓûêΓûêΓûêΓûêΓûêΓûêΓûì  | 2225/3000 [19:07<07:47,  1.66it/s]
 74%|ΓûêΓûêΓûêΓûêΓûêΓûêΓûêΓûì  | 2226/3000 [19:08<07:01,  1.84it/s]
 74%|ΓûêΓûêΓûêΓûêΓûêΓûêΓûêΓûì  | 2227/3000 [19:08<07:09,  1.80it/s]
 74%|ΓûêΓûêΓûêΓûêΓûêΓûêΓûêΓûì  | 2228/3000 [19:09<08:13,  1.56it/s]
 74%|ΓûêΓûêΓûêΓûêΓûêΓûêΓûêΓûì  | 2229/3000 [19:09<07:29,  1.72it/s]
 74%|ΓûêΓûêΓûêΓûêΓûêΓûêΓûêΓûì  | 2230/3000 [19:10<07:06,  1.81it/s]
 74%|ΓûêΓûêΓûêΓûêΓûêΓûêΓûêΓûì  | 2231/3000 [19:11<08:01,  1.60it/s]
 74%|ΓûêΓûêΓûêΓûêΓûêΓûêΓûêΓûì  | 2232/3000 [19:11<06:58,  1.83it/s]
 74%|ΓûêΓûêΓûêΓûêΓûêΓûêΓûêΓûì  | 2233/3000 [19:11<06:24,  1.99it/s]
 74%|ΓûêΓûêΓûêΓûêΓûêΓûêΓûêΓûì  | 2234/3000 [19:12<06:02,  2.11it/s]
 74%|ΓûêΓûêΓûêΓûêΓûêΓûêΓûêΓûì  | 2235/3000 [19:12<06:02,  2.11it/s]
 75%|ΓûêΓûêΓûêΓûêΓûêΓûêΓûêΓûì  | 2236/3000 [19:13<05:49,  2.19it/s]
 75%|ΓûêΓûêΓûêΓûêΓûêΓûêΓûêΓûì  | 2237/3000 [19:13<06:03,  2.10it/s]
 75%|ΓûêΓûêΓûêΓûêΓûêΓûêΓûêΓûì  | 2238/3000 [19:14<05:43,  2.22it/s]
 75%|ΓûêΓûêΓûêΓûêΓûêΓûêΓûêΓûì  | 2239/3000 [19:14<06:37,  1.92it/s]
 75%|ΓûêΓûêΓûêΓûêΓûêΓûêΓûêΓûì  | 2240/3000 [19:15<05:52,  2.15it/s]
 75%|ΓûêΓûêΓûêΓûêΓûêΓûêΓûêΓûì  | 2241/3000 [19:15<05:45,  2.20it/s]
 75%|ΓûêΓûêΓûêΓûêΓûêΓûêΓûêΓûì  | 2242/3000 [19:15<05:17,  2.39it/s]
 75%|ΓûêΓûêΓûêΓûêΓûêΓûêΓûêΓûì  | 2243/3000 [19:16<05:11,  2.43it/s]
 75%|ΓûêΓûêΓûêΓûêΓûêΓûêΓûêΓûì  | 2244/3000 [19:17<06:19,  1.99it/s]
 75%|ΓûêΓûêΓûêΓûêΓûêΓûêΓûêΓûì  | 2245/3000 [19:17<05:59,  2.10it/s]
 75%|ΓûêΓûêΓûêΓûêΓûêΓûêΓûêΓûì  | 2246/3000 [19:17<05:54,  2.13it/s]
 75%|ΓûêΓûêΓûêΓûêΓûêΓûêΓûêΓûì  | 2247/3000 [19:18<05:21,  2.34it/s]
 75%|ΓûêΓûêΓûêΓûêΓûêΓûêΓûêΓûì  | 2248/3000 [19:18<05:25,  2.31it/s]
 75%|ΓûêΓûêΓûêΓûêΓûêΓûêΓûêΓûì  | 2249/3000 [19:19<05:55,  2.11it/s]
 75%|ΓûêΓûêΓûêΓûêΓûêΓûêΓûêΓûî  | 2250/3000 [19:19<05:43,  2.18it/s]
 75%|ΓûêΓûêΓûêΓûêΓûêΓûêΓûêΓûî  | 2251/3000 [19:20<06:27,  1.93it/s]
 75%|ΓûêΓûêΓûêΓûêΓûêΓûêΓûêΓûî  | 2252/3000 [19:20<06:38,  1.88it/s]
 75%|ΓûêΓûêΓûêΓûêΓûêΓûêΓûêΓûî  | 2253/3000 [19:21<06:33,  1.90it/s]
 75%|ΓûêΓûêΓûêΓûêΓûêΓûêΓûêΓûî  | 2254/3000 [19:22<06:44,  1.84it/s]
 75%|ΓûêΓûêΓûêΓûêΓûêΓûêΓûêΓûî  | 2255/3000 [19:22<07:16,  1.71it/s]
 75%|ΓûêΓûêΓûêΓûêΓûêΓûêΓûêΓûî  | 2256/3000 [19:23<06:31,  1.90it/s]
 75%|ΓûêΓûêΓûêΓûêΓûêΓûêΓûêΓûî  | 2257/3000 [19:23<05:59,  2.06it/s]
 75%|ΓûêΓûêΓûêΓûêΓûêΓûêΓûêΓûî  | 2258/3000 [19:23<05:37,  2.20it/s]
 75%|ΓûêΓûêΓûêΓûêΓûêΓûêΓûêΓûî  | 2259/3000 [19:24<05:21,  2.30it/s]
 75%|ΓûêΓûêΓûêΓûêΓûêΓûêΓûêΓûî  | 2260/3000 [19:24<05:10,  2.38it/s]
 75%|ΓûêΓûêΓûêΓûêΓûêΓûêΓûêΓûî  | 2261/3000 [19:24<04:51,  2.53it/s]
 75%|ΓûêΓûêΓûêΓûêΓûêΓûêΓûêΓûî  | 2262/3000 [19:25<05:44,  2.14it/s]
 75%|ΓûêΓûêΓûêΓûêΓûêΓûêΓûêΓûî  | 2263/3000 [19:26<06:35,  1.86it/s]
 75%|ΓûêΓûêΓûêΓûêΓûêΓûêΓûêΓûî  | 2264/3000 [19:26<06:10,  1.99it/s]
 76%|ΓûêΓûêΓûêΓûêΓûêΓûêΓûêΓûî  | 2265/3000 [19:27<05:44,  2.14it/s]
 76%|ΓûêΓûêΓûêΓûêΓûêΓûêΓûêΓûî  | 2266/3000 [19:27<06:03,  2.02it/s]
 76%|ΓûêΓûêΓûêΓûêΓûêΓûêΓûêΓûî  | 2267/3000 [19:28<06:35,  1.86it/s]
 76%|ΓûêΓûêΓûêΓûêΓûêΓûêΓûêΓûî  | 2268/3000 [19:29<07:13,  1.69it/s]
 76%|ΓûêΓûêΓûêΓûêΓûêΓûêΓûêΓûî  | 2269/3000 [19:29<06:27,  1.89it/s]
 76%|ΓûêΓûêΓûêΓûêΓûêΓûêΓûêΓûî  | 2270/3000 [19:29<06:03,  2.01it/s]
 76%|ΓûêΓûêΓûêΓûêΓûêΓûêΓûêΓûî  | 2271/3000 [19:30<06:19,  1.92it/s]
 76%|ΓûêΓûêΓûêΓûêΓûêΓûêΓûêΓûî  | 2272/3000 [19:30<06:19,  1.92it/s]
 76%|ΓûêΓûêΓûêΓûêΓûêΓûêΓûêΓûî  | 2273/3000 [19:31<06:22,  1.90it/s]
 76%|ΓûêΓûêΓûêΓûêΓûêΓûêΓûêΓûî  | 2274/3000 [19:32<06:52,  1.76it/s]
 76%|ΓûêΓûêΓûêΓûêΓûêΓûêΓûêΓûî  | 2275/3000 [19:32<06:10,  1.96it/s]
 76%|ΓûêΓûêΓûêΓûêΓûêΓûêΓûêΓûî  | 2276/3000 [19:32<05:56,  2.03it/s]
 76%|ΓûêΓûêΓûêΓûêΓûêΓûêΓûêΓûî  | 2277/3000 [19:33<05:33,  2.17it/s]
 76%|ΓûêΓûêΓûêΓûêΓûêΓûêΓûêΓûî  | 2278/3000 [19:33<05:17,  2.28it/s]
 76%|ΓûêΓûêΓûêΓûêΓûêΓûêΓûêΓûî  | 2279/3000 [19:34<05:25,  2.21it/s]
 76%|ΓûêΓûêΓûêΓûêΓûêΓûêΓûêΓûî  | 2280/3000 [19:34<06:27,  1.86it/s]
 76%|ΓûêΓûêΓûêΓûêΓûêΓûêΓûêΓûî  | 2281/3000 [19:35<06:37,  1.81it/s]
 76%|ΓûêΓûêΓûêΓûêΓûêΓûêΓûêΓûî  | 2282/3000 [19:35<06:08,  1.95it/s]
 76%|ΓûêΓûêΓûêΓûêΓûêΓûêΓûêΓûî  | 2283/3000 [19:36<05:42,  2.09it/s]
 76%|ΓûêΓûêΓûêΓûêΓûêΓûêΓûêΓûî  | 2284/3000 [19:37<06:25,  1.86it/s]
 76%|ΓûêΓûêΓûêΓûêΓûêΓûêΓûêΓûî  | 2285/3000 [19:37<05:51,  2.03it/s]
 76%|ΓûêΓûêΓûêΓûêΓûêΓûêΓûêΓûî  | 2286/3000 [19:38<06:40,  1.78it/s]
 76%|ΓûêΓûêΓûêΓûêΓûêΓûêΓûêΓûî  | 2287/3000 [19:38<06:02,  1.96it/s]
 76%|ΓûêΓûêΓûêΓûêΓûêΓûêΓûêΓûï  | 2288/3000 [19:39<06:27,  1.84it/s]
 76%|ΓûêΓûêΓûêΓûêΓûêΓûêΓûêΓûï  | 2289/3000 [19:39<06:02,  1.96it/s]
 76%|ΓûêΓûêΓûêΓûêΓûêΓûêΓûêΓûï  | 2290/3000 [19:40<06:37,  1.79it/s]
 76%|ΓûêΓûêΓûêΓûêΓûêΓûêΓûêΓûï  | 2291/3000 [19:40<06:31,  1.81it/s]
 76%|ΓûêΓûêΓûêΓûêΓûêΓûêΓûêΓûï  | 2292/3000 [19:41<06:45,  1.75it/s]
 76%|ΓûêΓûêΓûêΓûêΓûêΓûêΓûêΓûï  | 2293/3000 [19:41<06:16,  1.88it/s]
 76%|ΓûêΓûêΓûêΓûêΓûêΓûêΓûêΓûï  | 2294/3000 [19:42<05:50,  2.01it/s]
 76%|ΓûêΓûêΓûêΓûêΓûêΓûêΓûêΓûï  | 2295/3000 [19:43<06:42,  1.75it/s]
 77%|ΓûêΓûêΓûêΓûêΓûêΓûêΓûêΓûï  | 2296/3000 [19:43<06:09,  1.91it/s]
 77%|ΓûêΓûêΓûêΓûêΓûêΓûêΓûêΓûï  | 2297/3000 [19:43<06:10,  1.90it/s]
 77%|ΓûêΓûêΓûêΓûêΓûêΓûêΓûêΓûï  | 2298/3000 [19:44<06:15,  1.87it/s]
 77%|ΓûêΓûêΓûêΓûêΓûêΓûêΓûêΓûï  | 2299/3000 [19:44<05:41,  2.05it/s]
 77%|ΓûêΓûêΓûêΓûêΓûêΓûêΓûêΓûï  | 2300/3000 [19:45<05:16,  2.21it/s]
 77%|ΓûêΓûêΓûêΓûêΓûêΓûêΓûêΓûï  | 2301/3000 [19:46<07:33,  1.54it/s]
 77%|ΓûêΓûêΓûêΓûêΓûêΓûêΓûêΓûï  | 2302/3000 [19:46<06:34,  1.77it/s]
 77%|ΓûêΓûêΓûêΓûêΓûêΓûêΓûêΓûï  | 2303/3000 [19:47<05:55,  1.96it/s]
 77%|ΓûêΓûêΓûêΓûêΓûêΓûêΓûêΓûï  | 2304/3000 [19:47<06:01,  1.93it/s]
 77%|ΓûêΓûêΓûêΓûêΓûêΓûêΓûêΓûï  | 2305/3000 [19:48<06:06,  1.90it/s]
 77%|ΓûêΓûêΓûêΓûêΓûêΓûêΓûêΓûï  | 2306/3000 [19:48<05:48,  1.99it/s]
 77%|ΓûêΓûêΓûêΓûêΓûêΓûêΓûêΓûï  | 2307/3000 [19:49<05:37,  2.05it/s]
 77%|ΓûêΓûêΓûêΓûêΓûêΓûêΓûêΓûï  | 2308/3000 [19:49<06:10,  1.87it/s]
 77%|ΓûêΓûêΓûêΓûêΓûêΓûêΓûêΓûï  | 2309/3000 [19:50<06:33,  1.75it/s]
 77%|ΓûêΓûêΓûêΓûêΓûêΓûêΓûêΓûï  | 2310/3000 [19:50<05:53,  1.95it/s]
 77%|ΓûêΓûêΓûêΓûêΓûêΓûêΓûêΓûï  | 2311/3000 [19:51<05:58,  1.92it/s]
 77%|ΓûêΓûêΓûêΓûêΓûêΓûêΓûêΓûï  | 2312/3000 [19:52<06:37,  1.73it/s]
 77%|ΓûêΓûêΓûêΓûêΓûêΓûêΓûêΓûï  | 2313/3000 [19:52<05:52,  1.95it/s]
 77%|ΓûêΓûêΓûêΓûêΓûêΓûêΓûêΓûï  | 2314/3000 [19:53<06:20,  1.80it/s]
 77%|ΓûêΓûêΓûêΓûêΓûêΓûêΓûêΓûï  | 2315/3000 [19:53<05:59,  1.91it/s]
 77%|ΓûêΓûêΓûêΓûêΓûêΓûêΓûêΓûï  | 2316/3000 [19:53<05:38,  2.02it/s]
 77%|ΓûêΓûêΓûêΓûêΓûêΓûêΓûêΓûï  | 2317/3000 [19:54<05:22,  2.12it/s]
 77%|ΓûêΓûêΓûêΓûêΓûêΓûêΓûêΓûï  | 2318/3000 [19:54<05:22,  2.12it/s]
 77%|ΓûêΓûêΓûêΓûêΓûêΓûêΓûêΓûï  | 2319/3000 [19:55<05:01,  2.26it/s]
 77%|ΓûêΓûêΓûêΓûêΓûêΓûêΓûêΓûï  | 2320/3000 [19:55<04:47,  2.37it/s]
 77%|ΓûêΓûêΓûêΓûêΓûêΓûêΓûêΓûï  | 2321/3000 [19:56<05:22,  2.11it/s]
 77%|ΓûêΓûêΓûêΓûêΓûêΓûêΓûêΓûï  | 2322/3000 [19:56<05:30,  2.05it/s]
 77%|ΓûêΓûêΓûêΓûêΓûêΓûêΓûêΓûï  | 2323/3000 [19:57<05:47,  1.95it/s]
 77%|ΓûêΓûêΓûêΓûêΓûêΓûêΓûêΓûï  | 2324/3000 [19:57<05:31,  2.04it/s]
 78%|ΓûêΓûêΓûêΓûêΓûêΓûêΓûêΓûè  | 2325/3000 [19:58<05:36,  2.01it/s]
 78%|ΓûêΓûêΓûêΓûêΓûêΓûêΓûêΓûè  | 2326/3000 [19:58<06:16,  1.79it/s]
 78%|ΓûêΓûêΓûêΓûêΓûêΓûêΓûêΓûè  | 2327/3000 [19:59<06:11,  1.81it/s]
 78%|ΓûêΓûêΓûêΓûêΓûêΓûêΓûêΓûè  | 2328/3000 [19:59<05:47,  1.94it/s]
 78%|ΓûêΓûêΓûêΓûêΓûêΓûêΓûêΓûè  | 2329/3000 [20:00<06:23,  1.75it/s]
 78%|ΓûêΓûêΓûêΓûêΓûêΓûêΓûêΓûè  | 2330/3000 [20:00<05:30,  2.03it/s]
 78%|ΓûêΓûêΓûêΓûêΓûêΓûêΓûêΓûè  | 2331/3000 [20:01<06:04,  1.84it/s]
 78%|ΓûêΓûêΓûêΓûêΓûêΓûêΓûêΓûè  | 2332/3000 [20:02<07:03,  1.58it/s]
 78%|ΓûêΓûêΓûêΓûêΓûêΓûêΓûêΓûè  | 2333/3000 [20:03<07:13,  1.54it/s]
 78%|ΓûêΓûêΓûêΓûêΓûêΓûêΓûêΓûè  | 2334/3000 [20:03<07:19,  1.52it/s]
 78%|ΓûêΓûêΓûêΓûêΓûêΓûêΓûêΓûè  | 2335/3000 [20:04<06:37,  1.67it/s]
 78%|ΓûêΓûêΓûêΓûêΓûêΓûêΓûêΓûè  | 2336/3000 [20:04<06:23,  1.73it/s]
 78%|ΓûêΓûêΓûêΓûêΓûêΓûêΓûêΓûè  | 2337/3000 [20:05<06:00,  1.84it/s]
 78%|ΓûêΓûêΓûêΓûêΓûêΓûêΓûêΓûè  | 2338/3000 [20:05<05:27,  2.02it/s]
 78%|ΓûêΓûêΓûêΓûêΓûêΓûêΓûêΓûè  | 2339/3000 [20:06<05:58,  1.84it/s]
 78%|ΓûêΓûêΓûêΓûêΓûêΓûêΓûêΓûè  | 2340/3000 [20:06<06:15,  1.76it/s]
 78%|ΓûêΓûêΓûêΓûêΓûêΓûêΓûêΓûè  | 2341/3000 [20:07<05:41,  1.93it/s]
 78%|ΓûêΓûêΓûêΓûêΓûêΓûêΓûêΓûè  | 2342/3000 [20:07<05:50,  1.88it/s]
 78%|ΓûêΓûêΓûêΓûêΓûêΓûêΓûêΓûè  | 2343/3000 [20:08<05:18,  2.06it/s]
 78%|ΓûêΓûêΓûêΓûêΓûêΓûêΓûêΓûè  | 2344/3000 [20:08<05:26,  2.01it/s]
 78%|ΓûêΓûêΓûêΓûêΓûêΓûêΓûêΓûè  | 2345/3000 [20:09<05:52,  1.86it/s]
 78%|ΓûêΓûêΓûêΓûêΓûêΓûêΓûêΓûè  | 2346/3000 [20:09<05:47,  1.88it/s]
 78%|ΓûêΓûêΓûêΓûêΓûêΓûêΓûêΓûè  | 2347/3000 [20:10<05:04,  2.15it/s]
 78%|ΓûêΓûêΓûêΓûêΓûêΓûêΓûêΓûè  | 2348/3000 [20:10<05:43,  1.90it/s]
 78%|ΓûêΓûêΓûêΓûêΓûêΓûêΓûêΓûè  | 2349/3000 [20:11<05:13,  2.07it/s]
 78%|ΓûêΓûêΓûêΓûêΓûêΓûêΓûêΓûè  | 2350/3000 [20:11<04:39,  2.33it/s]
 78%|ΓûêΓûêΓûêΓûêΓûêΓûêΓûêΓûè  | 2351/3000 [20:12<04:53,  2.21it/s]
 78%|ΓûêΓûêΓûêΓûêΓûêΓûêΓûêΓûè  | 2352/3000 [20:12<04:46,  2.27it/s]
 78%|ΓûêΓûêΓûêΓûêΓûêΓûêΓûêΓûè  | 2353/3000 [20:12<04:31,  2.38it/s]
 78%|ΓûêΓûêΓûêΓûêΓûêΓûêΓûêΓûè  | 2354/3000 [20:13<04:34,  2.36it/s]
 78%|ΓûêΓûêΓûêΓûêΓûêΓûêΓûêΓûè  | 2355/3000 [20:13<04:34,  2.35it/s]
 79%|ΓûêΓûêΓûêΓûêΓûêΓûêΓûêΓûè  | 2356/3000 [20:14<05:09,  2.08it/s]
 79%|ΓûêΓûêΓûêΓûêΓûêΓûêΓûêΓûè  | 2357/3000 [20:14<04:45,  2.25it/s]
 79%|ΓûêΓûêΓûêΓûêΓûêΓûêΓûêΓûè  | 2358/3000 [20:15<04:49,  2.22it/s]
 79%|ΓûêΓûêΓûêΓûêΓûêΓûêΓûêΓûè  | 2359/3000 [20:15<05:10,  2.06it/s]
 79%|ΓûêΓûêΓûêΓûêΓûêΓûêΓûêΓûè  | 2360/3000 [20:16<05:52,  1.81it/s]
 79%|ΓûêΓûêΓûêΓûêΓûêΓûêΓûêΓûè  | 2361/3000 [20:17<06:10,  1.73it/s]
 79%|ΓûêΓûêΓûêΓûêΓûêΓûêΓûêΓûè  | 2362/3000 [20:17<05:41,  1.87it/s]
 79%|ΓûêΓûêΓûêΓûêΓûêΓûêΓûêΓûë  | 2363/3000 [20:18<06:09,  1.73it/s]
 79%|ΓûêΓûêΓûêΓûêΓûêΓûêΓûêΓûë  | 2364/3000 [20:18<05:31,  1.92it/s]
 79%|ΓûêΓûêΓûêΓûêΓûêΓûêΓûêΓûë  | 2365/3000 [20:19<05:38,  1.88it/s]
 79%|ΓûêΓûêΓûêΓûêΓûêΓûêΓûêΓûë  | 2366/3000 [20:19<04:57,  2.13it/s]
 79%|ΓûêΓûêΓûêΓûêΓûêΓûêΓûêΓûë  | 2367/3000 [20:20<05:20,  1.97it/s]
 79%|ΓûêΓûêΓûêΓûêΓûêΓûêΓûêΓûë  | 2368/3000 [20:20<04:55,  2.14it/s]
 79%|ΓûêΓûêΓûêΓûêΓûêΓûêΓûêΓûë  | 2369/3000 [20:20<04:54,  2.14it/s]
 79%|ΓûêΓûêΓûêΓûêΓûêΓûêΓûêΓûë  | 2370/3000 [20:21<05:26,  1.93it/s]
 79%|ΓûêΓûêΓûêΓûêΓûêΓûêΓûêΓûë  | 2371/3000 [20:22<05:29,  1.91it/s]
 79%|ΓûêΓûêΓûêΓûêΓûêΓûêΓûêΓûë  | 2372/3000 [20:22<05:14,  2.00it/s]
 79%|ΓûêΓûêΓûêΓûêΓûêΓûêΓûêΓûë  | 2373/3000 [20:23<05:16,  1.98it/s]
 79%|ΓûêΓûêΓûêΓûêΓûêΓûêΓûêΓûë  | 2374/3000 [20:23<05:09,  2.02it/s]
 79%|ΓûêΓûêΓûêΓûêΓûêΓûêΓûêΓûë  | 2375/3000 [20:24<05:15,  1.98it/s]
 79%|ΓûêΓûêΓûêΓûêΓûêΓûêΓûêΓûë  | 2376/3000 [20:24<05:12,  2.00it/s]
 79%|ΓûêΓûêΓûêΓûêΓûêΓûêΓûêΓûë  | 2377/3000 [20:24<04:53,  2.12it/s]
 79%|ΓûêΓûêΓûêΓûêΓûêΓûêΓûêΓûë  | 2378/3000 [20:25<04:33,  2.27it/s]
 79%|ΓûêΓûêΓûêΓûêΓûêΓûêΓûêΓûë  | 2379/3000 [20:25<04:35,  2.25it/s]
 79%|ΓûêΓûêΓûêΓûêΓûêΓûêΓûêΓûë  | 2380/3000 [20:26<04:34,  2.26it/s]
 79%|ΓûêΓûêΓûêΓûêΓûêΓûêΓûêΓûë  | 2381/3000 [20:26<05:33,  1.85it/s]
 79%|ΓûêΓûêΓûêΓûêΓûêΓûêΓûêΓûë  | 2382/3000 [20:27<05:34,  1.85it/s]
 79%|ΓûêΓûêΓûêΓûêΓûêΓûêΓûêΓûë  | 2383/3000 [20:27<05:30,  1.87it/s]
 79%|ΓûêΓûêΓûêΓûêΓûêΓûêΓûêΓûë  | 2384/3000 [20:28<06:07,  1.68it/s]
 80%|ΓûêΓûêΓûêΓûêΓûêΓûêΓûêΓûë  | 2385/3000 [20:29<05:36,  1.83it/s]
 80%|ΓûêΓûêΓûêΓûêΓûêΓûêΓûêΓûë  | 2386/3000 [20:29<05:57,  1.72it/s]
 80%|ΓûêΓûêΓûêΓûêΓûêΓûêΓûêΓûë  | 2387/3000 [20:30<05:51,  1.74it/s]
 80%|ΓûêΓûêΓûêΓûêΓûêΓûêΓûêΓûë  | 2388/3000 [20:30<05:47,  1.76it/s]
 80%|ΓûêΓûêΓûêΓûêΓûêΓûêΓûêΓûë  | 2389/3000 [20:31<05:21,  1.90it/s]
 80%|ΓûêΓûêΓûêΓûêΓûêΓûêΓûêΓûë  | 2390/3000 [20:31<05:05,  1.99it/s]
 80%|ΓûêΓûêΓûêΓûêΓûêΓûêΓûêΓûë  | 2391/3000 [20:32<04:33,  2.22it/s]
 80%|ΓûêΓûêΓûêΓûêΓûêΓûêΓûêΓûë  | 2392/3000 [20:32<04:19,  2.34it/s]
 80%|ΓûêΓûêΓûêΓûêΓûêΓûêΓûêΓûë  | 2393/3000 [20:33<05:02,  2.01it/s]
 80%|ΓûêΓûêΓûêΓûêΓûêΓûêΓûêΓûë  | 2394/3000 [20:33<04:29,  2.25it/s]
 80%|ΓûêΓûêΓûêΓûêΓûêΓûêΓûêΓûë  | 2395/3000 [20:34<04:54,  2.06it/s]
 80%|ΓûêΓûêΓûêΓûêΓûêΓûêΓûêΓûë  | 2396/3000 [20:34<04:22,  2.30it/s]
 80%|ΓûêΓûêΓûêΓûêΓûêΓûêΓûêΓûë  | 2397/3000 [20:34<04:30,  2.23it/s]
 80%|ΓûêΓûêΓûêΓûêΓûêΓûêΓûêΓûë  | 2398/3000 [20:35<05:09,  1.95it/s]
 80%|ΓûêΓûêΓûêΓûêΓûêΓûêΓûêΓûë  | 2399/3000 [20:36<04:58,  2.02it/s]
 80%|ΓûêΓûêΓûêΓûêΓûêΓûêΓûêΓûê  | 2400/3000 [20:36<05:14,  1.91it/s]
 80%|ΓûêΓûêΓûêΓûêΓûêΓûêΓûêΓûê  | 2401/3000 [20:37<05:19,  1.87it/s]
 80%|ΓûêΓûêΓûêΓûêΓûêΓûêΓûêΓûê  | 2402/3000 [20:37<05:14,  1.90it/s]
 80%|ΓûêΓûêΓûêΓûêΓûêΓûêΓûêΓûê  | 2403/3000 [20:38<04:57,  2.01it/s]
 80%|ΓûêΓûêΓûêΓûêΓûêΓûêΓûêΓûê  | 2404/3000 [20:38<04:27,  2.23it/s]
 80%|ΓûêΓûêΓûêΓûêΓûêΓûêΓûêΓûê  | 2405/3000 [20:39<05:27,  1.82it/s]
 80%|ΓûêΓûêΓûêΓûêΓûêΓûêΓûêΓûê  | 2406/3000 [20:39<05:44,  1.72it/s]
 80%|ΓûêΓûêΓûêΓûêΓûêΓûêΓûêΓûê  | 2407/3000 [20:40<06:07,  1.61it/s]
 80%|ΓûêΓûêΓûêΓûêΓûêΓûêΓûêΓûê  | 2408/3000 [20:41<05:48,  1.70it/s]
 80%|ΓûêΓûêΓûêΓûêΓûêΓûêΓûêΓûê  | 2409/3000 [20:41<05:10,  1.90it/s]
 80%|ΓûêΓûêΓûêΓûêΓûêΓûêΓûêΓûê  | 2410/3000 [20:41<04:46,  2.06it/s]
 80%|ΓûêΓûêΓûêΓûêΓûêΓûêΓûêΓûê  | 2411/3000 [20:42<05:27,  1.80it/s]
 80%|ΓûêΓûêΓûêΓûêΓûêΓûêΓûêΓûê  | 2412/3000 [20:43<05:28,  1.79it/s]
 80%|ΓûêΓûêΓûêΓûêΓûêΓûêΓûêΓûê  | 2413/3000 [20:43<05:11,  1.88it/s]
 80%|ΓûêΓûêΓûêΓûêΓûêΓûêΓûêΓûê  | 2414/3000 [20:43<04:43,  2.06it/s]
 80%|ΓûêΓûêΓûêΓûêΓûêΓûêΓûêΓûê  | 2415/3000 [20:44<04:33,  2.14it/s]
 81%|ΓûêΓûêΓûêΓûêΓûêΓûêΓûêΓûê  | 2416/3000 [20:44<04:34,  2.13it/s]
 81%|ΓûêΓûêΓûêΓûêΓûêΓûêΓûêΓûê  | 2417/3000 [20:45<04:50,  2.01it/s]
 81%|ΓûêΓûêΓûêΓûêΓûêΓûêΓûêΓûê  | 2418/3000 [20:45<04:42,  2.06it/s]
 81%|ΓûêΓûêΓûêΓûêΓûêΓûêΓûêΓûê  | 2419/3000 [20:46<05:33,  1.74it/s]
 81%|ΓûêΓûêΓûêΓûêΓûêΓûêΓûêΓûê  | 2420/3000 [20:47<05:10,  1.87it/s]
 81%|ΓûêΓûêΓûêΓûêΓûêΓûêΓûêΓûê  | 2421/3000 [20:47<04:48,  2.01it/s]
 81%|ΓûêΓûêΓûêΓûêΓûêΓûêΓûêΓûê  | 2422/3000 [20:48<05:18,  1.82it/s]
 81%|ΓûêΓûêΓûêΓûêΓûêΓûêΓûêΓûê  | 2423/3000 [20:48<05:30,  1.74it/s]
 81%|ΓûêΓûêΓûêΓûêΓûêΓûêΓûêΓûê  | 2424/3000 [20:49<04:57,  1.93it/s]
 81%|ΓûêΓûêΓûêΓûêΓûêΓûêΓûêΓûê  | 2425/3000 [20:49<04:43,  2.03it/s]
 81%|ΓûêΓûêΓûêΓûêΓûêΓûêΓûêΓûê  | 2426/3000 [20:50<05:01,  1.90it/s]
 81%|ΓûêΓûêΓûêΓûêΓûêΓûêΓûêΓûê  | 2427/3000 [20:50<04:34,  2.09it/s]
 81%|ΓûêΓûêΓûêΓûêΓûêΓûêΓûêΓûê  | 2428/3000 [20:51<04:23,  2.17it/s]
 81%|ΓûêΓûêΓûêΓûêΓûêΓûêΓûêΓûê  | 2429/3000 [20:51<05:04,  1.88it/s]
 81%|ΓûêΓûêΓûêΓûêΓûêΓûêΓûêΓûê  | 2430/3000 [20:52<05:40,  1.67it/s]
 81%|ΓûêΓûêΓûêΓûêΓûêΓûêΓûêΓûê  | 2431/3000 [20:52<05:16,  1.80it/s]
 81%|ΓûêΓûêΓûêΓûêΓûêΓûêΓûêΓûê  | 2432/3000 [20:53<04:55,  1.92it/s]
 81%|ΓûêΓûêΓûêΓûêΓûêΓûêΓûêΓûê  | 2433/3000 [20:53<04:51,  1.95it/s]
 81%|ΓûêΓûêΓûêΓûêΓûêΓûêΓûêΓûê  | 2434/3000 [20:54<04:49,  1.96it/s]
 81%|ΓûêΓûêΓûêΓûêΓûêΓûêΓûêΓûê  | 2435/3000 [20:54<04:47,  1.97it/s]
 81%|ΓûêΓûêΓûêΓûêΓûêΓûêΓûêΓûê  | 2436/3000 [20:55<04:50,  1.94it/s]
 81%|ΓûêΓûêΓûêΓûêΓûêΓûêΓûêΓûê  | 2437/3000 [20:56<05:55,  1.58it/s]
 81%|ΓûêΓûêΓûêΓûêΓûêΓûêΓûêΓûêΓûÅ | 2438/3000 [20:56<05:43,  1.64it/s]
 81%|ΓûêΓûêΓûêΓûêΓûêΓûêΓûêΓûêΓûÅ | 2439/3000 [20:57<05:08,  1.82it/s]
 81%|ΓûêΓûêΓûêΓûêΓûêΓûêΓûêΓûêΓûÅ | 2440/3000 [20:57<04:53,  1.91it/s]
 81%|ΓûêΓûêΓûêΓûêΓûêΓûêΓûêΓûêΓûÅ | 2441/3000 [20:58<05:02,  1.85it/s]
 81%|ΓûêΓûêΓûêΓûêΓûêΓûêΓûêΓûêΓûÅ | 2442/3000 [20:59<05:27,  1.71it/s]
 81%|ΓûêΓûêΓûêΓûêΓûêΓûêΓûêΓûêΓûÅ | 2443/3000 [20:59<05:40,  1.64it/s]
 81%|ΓûêΓûêΓûêΓûêΓûêΓûêΓûêΓûêΓûÅ | 2444/3000 [21:00<05:58,  1.55it/s]
 82%|ΓûêΓûêΓûêΓûêΓûêΓûêΓûêΓûêΓûÅ | 2445/3000 [21:01<06:00,  1.54it/s]
 82%|ΓûêΓûêΓûêΓûêΓûêΓûêΓûêΓûêΓûÅ | 2446/3000 [21:01<05:42,  1.62it/s]
 82%|ΓûêΓûêΓûêΓûêΓûêΓûêΓûêΓûêΓûÅ | 2447/3000 [21:02<05:14,  1.76it/s]
 82%|ΓûêΓûêΓûêΓûêΓûêΓûêΓûêΓûêΓûÅ | 2448/3000 [21:02<05:42,  1.61it/s]
 82%|ΓûêΓûêΓûêΓûêΓûêΓûêΓûêΓûêΓûÅ | 2449/3000 [21:03<05:37,  1.63it/s]
 82%|ΓûêΓûêΓûêΓûêΓûêΓûêΓûêΓûêΓûÅ | 2450/3000 [21:03<05:03,  1.81it/s]
 82%|ΓûêΓûêΓûêΓûêΓûêΓûêΓûêΓûêΓûÅ | 2451/3000 [21:04<04:59,  1.83it/s]
 82%|ΓûêΓûêΓûêΓûêΓûêΓûêΓûêΓûêΓûÅ | 2452/3000 [21:04<04:46,  1.91it/s]
 82%|ΓûêΓûêΓûêΓûêΓûêΓûêΓûêΓûêΓûÅ | 2453/3000 [21:05<04:52,  1.87it/s]
 82%|ΓûêΓûêΓûêΓûêΓûêΓûêΓûêΓûêΓûÅ | 2454/3000 [21:06<05:31,  1.65it/s]
 82%|ΓûêΓûêΓûêΓûêΓûêΓûêΓûêΓûêΓûÅ | 2455/3000 [21:06<05:20,  1.70it/s]
 82%|ΓûêΓûêΓûêΓûêΓûêΓûêΓûêΓûêΓûÅ | 2456/3000 [21:07<04:57,  1.83it/s]
 82%|ΓûêΓûêΓûêΓûêΓûêΓûêΓûêΓûêΓûÅ | 2457/3000 [21:07<05:00,  1.81it/s]
 82%|ΓûêΓûêΓûêΓûêΓûêΓûêΓûêΓûêΓûÅ | 2458/3000 [21:08<05:13,  1.73it/s]
 82%|ΓûêΓûêΓûêΓûêΓûêΓûêΓûêΓûêΓûÅ | 2459/3000 [21:08<05:15,  1.71it/s]
 82%|ΓûêΓûêΓûêΓûêΓûêΓûêΓûêΓûêΓûÅ | 2460/3000 [21:09<05:55,  1.52it/s]
 82%|ΓûêΓûêΓûêΓûêΓûêΓûêΓûêΓûêΓûÅ | 2461/3000 [21:10<06:17,  1.43it/s]
 82%|ΓûêΓûêΓûêΓûêΓûêΓûêΓûêΓûêΓûÅ | 2462/3000 [21:11<06:08,  1.46it/s]
 82%|ΓûêΓûêΓûêΓûêΓûêΓûêΓûêΓûêΓûÅ | 2463/3000 [21:12<06:22,  1.40it/s]
 82%|ΓûêΓûêΓûêΓûêΓûêΓûêΓûêΓûêΓûÅ | 2464/3000 [21:12<06:00,  1.49it/s]
 82%|ΓûêΓûêΓûêΓûêΓûêΓûêΓûêΓûêΓûÅ | 2465/3000 [21:13<05:46,  1.54it/s]
 82%|ΓûêΓûêΓûêΓûêΓûêΓûêΓûêΓûêΓûÅ | 2466/3000 [21:14<06:16,  1.42it/s]
 82%|ΓûêΓûêΓûêΓûêΓûêΓûêΓûêΓûêΓûÅ | 2467/3000 [21:14<05:54,  1.50it/s]
 82%|ΓûêΓûêΓûêΓûêΓûêΓûêΓûêΓûêΓûÅ | 2468/3000 [21:15<05:14,  1.69it/s]
 82%|ΓûêΓûêΓûêΓûêΓûêΓûêΓûêΓûêΓûÅ | 2469/3000 [21:15<05:07,  1.73it/s]
 82%|ΓûêΓûêΓûêΓûêΓûêΓûêΓûêΓûêΓûÅ | 2470/3000 [21:16<05:34,  1.58it/s]
 82%|ΓûêΓûêΓûêΓûêΓûêΓûêΓûêΓûêΓûÅ | 2471/3000 [21:16<04:54,  1.79it/s]
 82%|ΓûêΓûêΓûêΓûêΓûêΓûêΓûêΓûêΓûÅ | 2472/3000 [21:17<04:29,  1.96it/s]
 82%|ΓûêΓûêΓûêΓûêΓûêΓûêΓûêΓûêΓûÅ | 2473/3000 [21:17<04:58,  1.76it/s]
 82%|ΓûêΓûêΓûêΓûêΓûêΓûêΓûêΓûêΓûÅ | 2474/3000 [21:18<04:27,  1.97it/s]
 82%|ΓûêΓûêΓûêΓûêΓûêΓûêΓûêΓûêΓûÄ | 2475/3000 [21:18<04:18,  2.03it/s]
 83%|ΓûêΓûêΓûêΓûêΓûêΓûêΓûêΓûêΓûÄ | 2476/3000 [21:19<04:14,  2.06it/s]
 83%|ΓûêΓûêΓûêΓûêΓûêΓûêΓûêΓûêΓûÄ | 2477/3000 [21:19<03:53,  2.24it/s]
 83%|ΓûêΓûêΓûêΓûêΓûêΓûêΓûêΓûêΓûÄ | 2478/3000 [21:20<04:46,  1.82it/s]
 83%|ΓûêΓûêΓûêΓûêΓûêΓûêΓûêΓûêΓûÄ | 2479/3000 [21:20<04:35,  1.89it/s]
 83%|ΓûêΓûêΓûêΓûêΓûêΓûêΓûêΓûêΓûÄ | 2480/3000 [21:21<04:42,  1.84it/s]
 83%|ΓûêΓûêΓûêΓûêΓûêΓûêΓûêΓûêΓûÄ | 2481/3000 [21:22<05:02,  1.72it/s]
 83%|ΓûêΓûêΓûêΓûêΓûêΓûêΓûêΓûêΓûÄ | 2482/3000 [21:22<04:45,  1.81it/s]
 83%|ΓûêΓûêΓûêΓûêΓûêΓûêΓûêΓûêΓûÄ | 2483/3000 [21:23<05:05,  1.69it/s]
 83%|ΓûêΓûêΓûêΓûêΓûêΓûêΓûêΓûêΓûÄ | 2484/3000 [21:23<04:32,  1.90it/s]
 83%|ΓûêΓûêΓûêΓûêΓûêΓûêΓûêΓûêΓûÄ | 2485/3000 [21:24<04:52,  1.76it/s]
 83%|ΓûêΓûêΓûêΓûêΓûêΓûêΓûêΓûêΓûÄ | 2486/3000 [21:24<04:29,  1.91it/s]
 83%|ΓûêΓûêΓûêΓûêΓûêΓûêΓûêΓûêΓûÄ | 2487/3000 [21:25<04:08,  2.06it/s]
 83%|ΓûêΓûêΓûêΓûêΓûêΓûêΓûêΓûêΓûÄ | 2488/3000 [21:25<03:42,  2.30it/s]
 83%|ΓûêΓûêΓûêΓûêΓûêΓûêΓûêΓûêΓûÄ | 2489/3000 [21:25<03:42,  2.30it/s]
 83%|ΓûêΓûêΓûêΓûêΓûêΓûêΓûêΓûêΓûÄ | 2490/3000 [21:26<04:03,  2.09it/s]
 83%|ΓûêΓûêΓûêΓûêΓûêΓûêΓûêΓûêΓûÄ | 2491/3000 [21:26<04:14,  2.00it/s]
 83%|ΓûêΓûêΓûêΓûêΓûêΓûêΓûêΓûêΓûÄ | 2492/3000 [21:27<03:46,  2.24it/s]
 83%|ΓûêΓûêΓûêΓûêΓûêΓûêΓûêΓûêΓûÄ | 2493/3000 [21:27<04:02,  2.09it/s]
 83%|ΓûêΓûêΓûêΓûêΓûêΓûêΓûêΓûêΓûÄ | 2494/3000 [21:28<04:21,  1.93it/s]
 83%|ΓûêΓûêΓûêΓûêΓûêΓûêΓûêΓûêΓûÄ | 2495/3000 [21:28<04:00,  2.10it/s]
 83%|ΓûêΓûêΓûêΓûêΓûêΓûêΓûêΓûêΓûÄ | 2496/3000 [21:29<03:44,  2.24it/s]
 83%|ΓûêΓûêΓûêΓûêΓûêΓûêΓûêΓûêΓûÄ | 2497/3000 [21:29<04:02,  2.08it/s]
 83%|ΓûêΓûêΓûêΓûêΓûêΓûêΓûêΓûêΓûÄ | 2498/3000 [21:30<04:08,  2.02it/s]
 83%|ΓûêΓûêΓûêΓûêΓûêΓûêΓûêΓûêΓûÄ | 2499/3000 [21:30<03:52,  2.15it/s]
 83%|ΓûêΓûêΓûêΓûêΓûêΓûêΓûêΓûêΓûÄ | 2500/3000 [21:30<03:30,  2.37it/s]
 83%|ΓûêΓûêΓûêΓûêΓûêΓûêΓûêΓûêΓûÄ | 2501/3000 [21:31<03:47,  2.19it/s]
 83%|ΓûêΓûêΓûêΓûêΓûêΓûêΓûêΓûêΓûÄ | 2502/3000 [21:31<03:44,  2.22it/s]
 83%|ΓûêΓûêΓûêΓûêΓûêΓûêΓûêΓûêΓûÄ | 2503/3000 [21:32<03:37,  2.28it/s]
 83%|ΓûêΓûêΓûêΓûêΓûêΓûêΓûêΓûêΓûÄ | 2504/3000 [21:32<03:51,  2.14it/s]
 84%|ΓûêΓûêΓûêΓûêΓûêΓûêΓûêΓûêΓûÄ | 2505/3000 [21:33<03:46,  2.19it/s]
 84%|ΓûêΓûêΓûêΓûêΓûêΓûêΓûêΓûêΓûÄ | 2506/3000 [21:33<03:41,  2.23it/s]
 84%|ΓûêΓûêΓûêΓûêΓûêΓûêΓûêΓûêΓûÄ | 2507/3000 [21:34<04:08,  1.99it/s]
 84%|ΓûêΓûêΓûêΓûêΓûêΓûêΓûêΓûêΓûÄ | 2508/3000 [21:34<03:48,  2.16it/s]
 84%|ΓûêΓûêΓûêΓûêΓûêΓûêΓûêΓûêΓûÄ | 2509/3000 [21:35<03:40,  2.23it/s]
 84%|ΓûêΓûêΓûêΓûêΓûêΓûêΓûêΓûêΓûÄ | 2510/3000 [21:35<03:46,  2.17it/s]
 84%|ΓûêΓûêΓûêΓûêΓûêΓûêΓûêΓûêΓûÄ | 2511/3000 [21:36<04:00,  2.03it/s]
 84%|ΓûêΓûêΓûêΓûêΓûêΓûêΓûêΓûêΓûÄ | 2512/3000 [21:36<03:34,  2.28it/s]
 84%|ΓûêΓûêΓûêΓûêΓûêΓûêΓûêΓûêΓûì | 2513/3000 [21:37<03:54,  2.08it/s]
 84%|ΓûêΓûêΓûêΓûêΓûêΓûêΓûêΓûêΓûì | 2514/3000 [21:37<03:42,  2.18it/s]
 84%|ΓûêΓûêΓûêΓûêΓûêΓûêΓûêΓûêΓûì | 2515/3000 [21:38<04:14,  1.91it/s]
 84%|ΓûêΓûêΓûêΓûêΓûêΓûêΓûêΓûêΓûì | 2516/3000 [21:38<04:26,  1.81it/s]
 84%|ΓûêΓûêΓûêΓûêΓûêΓûêΓûêΓûêΓûì | 2517/3000 [21:39<04:38,  1.73it/s]
 84%|ΓûêΓûêΓûêΓûêΓûêΓûêΓûêΓûêΓûì | 2518/3000 [21:39<04:26,  1.81it/s]
 84%|ΓûêΓûêΓûêΓûêΓûêΓûêΓûêΓûêΓûì | 2519/3000 [21:40<05:14,  1.53it/s]
 84%|ΓûêΓûêΓûêΓûêΓûêΓûêΓûêΓûêΓûì | 2520/3000 [21:41<04:49,  1.66it/s]
 84%|ΓûêΓûêΓûêΓûêΓûêΓûêΓûêΓûêΓûì | 2521/3000 [21:41<04:18,  1.85it/s]
 84%|ΓûêΓûêΓûêΓûêΓûêΓûêΓûêΓûêΓûì | 2522/3000 [21:42<04:11,  1.90it/s]
 84%|ΓûêΓûêΓûêΓûêΓûêΓûêΓûêΓûêΓûì | 2523/3000 [21:42<03:55,  2.02it/s]
 84%|ΓûêΓûêΓûêΓûêΓûêΓûêΓûêΓûêΓûì | 2524/3000 [21:43<04:19,  1.83it/s]
 84%|ΓûêΓûêΓûêΓûêΓûêΓûêΓûêΓûêΓûì | 2525/3000 [21:43<03:45,  2.11it/s]
 84%|ΓûêΓûêΓûêΓûêΓûêΓûêΓûêΓûêΓûì | 2526/3000 [21:44<03:56,  2.00it/s]
 84%|ΓûêΓûêΓûêΓûêΓûêΓûêΓûêΓûêΓûì | 2527/3000 [21:44<03:45,  2.10it/s]
 84%|ΓûêΓûêΓûêΓûêΓûêΓûêΓûêΓûêΓûì | 2528/3000 [21:44<03:33,  2.21it/s]
 84%|ΓûêΓûêΓûêΓûêΓûêΓûêΓûêΓûêΓûì | 2529/3000 [21:45<03:42,  2.12it/s]
 84%|ΓûêΓûêΓûêΓûêΓûêΓûêΓûêΓûêΓûì | 2530/3000 [21:45<03:28,  2.25it/s]
 84%|ΓûêΓûêΓûêΓûêΓûêΓûêΓûêΓûêΓûì | 2531/3000 [21:46<03:24,  2.29it/s]
 84%|ΓûêΓûêΓûêΓûêΓûêΓûêΓûêΓûêΓûì | 2532/3000 [21:46<03:52,  2.01it/s]
 84%|ΓûêΓûêΓûêΓûêΓûêΓûêΓûêΓûêΓûì | 2533/3000 [21:47<04:02,  1.93it/s]
 84%|ΓûêΓûêΓûêΓûêΓûêΓûêΓûêΓûêΓûì | 2534/3000 [21:47<04:01,  1.93it/s]
 84%|ΓûêΓûêΓûêΓûêΓûêΓûêΓûêΓûêΓûì | 2535/3000 [21:48<04:28,  1.73it/s]
 85%|ΓûêΓûêΓûêΓûêΓûêΓûêΓûêΓûêΓûì | 2536/3000 [21:49<04:21,  1.78it/s]
 85%|ΓûêΓûêΓûêΓûêΓûêΓûêΓûêΓûêΓûì | 2537/3000 [21:49<03:56,  1.96it/s]
 85%|ΓûêΓûêΓûêΓûêΓûêΓûêΓûêΓûêΓûì | 2538/3000 [21:50<03:54,  1.97it/s]
 85%|ΓûêΓûêΓûêΓûêΓûêΓûêΓûêΓûêΓûì | 2539/3000 [21:50<03:39,  2.10it/s]
 85%|ΓûêΓûêΓûêΓûêΓûêΓûêΓûêΓûêΓûì | 2540/3000 [21:51<03:57,  1.94it/s]
 85%|ΓûêΓûêΓûêΓûêΓûêΓûêΓûêΓûêΓûì | 2541/3000 [21:51<03:49,  2.00it/s]
 85%|ΓûêΓûêΓûêΓûêΓûêΓûêΓûêΓûêΓûì | 2542/3000 [21:52<04:12,  1.81it/s]
 85%|ΓûêΓûêΓûêΓûêΓûêΓûêΓûêΓûêΓûì | 2543/3000 [21:52<03:49,  1.99it/s]
 85%|ΓûêΓûêΓûêΓûêΓûêΓûêΓûêΓûêΓûì | 2544/3000 [21:53<03:38,  2.09it/s]
 85%|ΓûêΓûêΓûêΓûêΓûêΓûêΓûêΓûêΓûì | 2545/3000 [21:53<03:27,  2.19it/s]
 85%|ΓûêΓûêΓûêΓûêΓûêΓûêΓûêΓûêΓûì | 2546/3000 [21:54<03:52,  1.95it/s]
 85%|ΓûêΓûêΓûêΓûêΓûêΓûêΓûêΓûêΓûì | 2547/3000 [21:54<04:01,  1.88it/s]
 85%|ΓûêΓûêΓûêΓûêΓûêΓûêΓûêΓûêΓûì | 2548/3000 [21:55<04:03,  1.85it/s]
 85%|ΓûêΓûêΓûêΓûêΓûêΓûêΓûêΓûêΓûì | 2549/3000 [21:55<04:20,  1.73it/s]
 85%|ΓûêΓûêΓûêΓûêΓûêΓûêΓûêΓûêΓûî | 2550/3000 [21:56<04:00,  1.87it/s]
 85%|ΓûêΓûêΓûêΓûêΓûêΓûêΓûêΓûêΓûî | 2551/3000 [21:57<04:13,  1.77it/s]
 85%|ΓûêΓûêΓûêΓûêΓûêΓûêΓûêΓûêΓûî | 2552/3000 [21:57<04:38,  1.61it/s]
 85%|ΓûêΓûêΓûêΓûêΓûêΓûêΓûêΓûêΓûî | 2553/3000 [21:58<04:26,  1.67it/s]
 85%|ΓûêΓûêΓûêΓûêΓûêΓûêΓûêΓûêΓûî | 2554/3000 [21:58<04:31,  1.64it/s]
 85%|ΓûêΓûêΓûêΓûêΓûêΓûêΓûêΓûêΓûî | 2555/3000 [21:59<04:32,  1.63it/s]
 85%|ΓûêΓûêΓûêΓûêΓûêΓûêΓûêΓûêΓûî | 2556/3000 [22:00<04:40,  1.58it/s]
 85%|ΓûêΓûêΓûêΓûêΓûêΓûêΓûêΓûêΓûî | 2557/3000 [22:00<04:05,  1.80it/s]
 85%|ΓûêΓûêΓûêΓûêΓûêΓûêΓûêΓûêΓûî | 2558/3000 [22:00<03:34,  2.06it/s]
 85%|ΓûêΓûêΓûêΓûêΓûêΓûêΓûêΓûêΓûî | 2559/3000 [22:01<03:26,  2.14it/s]
 85%|ΓûêΓûêΓûêΓûêΓûêΓûêΓûêΓûêΓûî | 2560/3000 [22:01<03:12,  2.28it/s]
 85%|ΓûêΓûêΓûêΓûêΓûêΓûêΓûêΓûêΓûî | 2561/3000 [22:02<03:14,  2.26it/s]
 85%|ΓûêΓûêΓûêΓûêΓûêΓûêΓûêΓûêΓûî | 2562/3000 [22:02<03:15,  2.24it/s]
 85%|ΓûêΓûêΓûêΓûêΓûêΓûêΓûêΓûêΓûî | 2563/3000 [22:03<03:06,  2.35it/s]
 85%|ΓûêΓûêΓûêΓûêΓûêΓûêΓûêΓûêΓûî | 2564/3000 [22:03<03:38,  2.00it/s]
 86%|ΓûêΓûêΓûêΓûêΓûêΓûêΓûêΓûêΓûî | 2565/3000 [22:04<04:03,  1.79it/s]
 86%|ΓûêΓûêΓûêΓûêΓûêΓûêΓûêΓûêΓûî | 2566/3000 [22:05<04:30,  1.60it/s]
 86%|ΓûêΓûêΓûêΓûêΓûêΓûêΓûêΓûêΓûî | 2567/3000 [22:05<04:37,  1.56it/s]
 86%|ΓûêΓûêΓûêΓûêΓûêΓûêΓûêΓûêΓûî | 2568/3000 [22:06<04:22,  1.64it/s]
 86%|ΓûêΓûêΓûêΓûêΓûêΓûêΓûêΓûêΓûî | 2569/3000 [22:06<03:57,  1.81it/s]
 86%|ΓûêΓûêΓûêΓûêΓûêΓûêΓûêΓûêΓûî | 2570/3000 [22:07<04:02,  1.77it/s]
 86%|ΓûêΓûêΓûêΓûêΓûêΓûêΓûêΓûêΓûî | 2571/3000 [22:07<03:47,  1.89it/s]
 86%|ΓûêΓûêΓûêΓûêΓûêΓûêΓûêΓûêΓûî | 2572/3000 [22:08<04:00,  1.78it/s]
 86%|ΓûêΓûêΓûêΓûêΓûêΓûêΓûêΓûêΓûî | 2573/3000 [22:09<04:09,  1.71it/s]
 86%|ΓûêΓûêΓûêΓûêΓûêΓûêΓûêΓûêΓûî | 2574/3000 [22:09<03:43,  1.91it/s]
 86%|ΓûêΓûêΓûêΓûêΓûêΓûêΓûêΓûêΓûî | 2575/3000 [22:10<03:57,  1.79it/s]
 86%|ΓûêΓûêΓûêΓûêΓûêΓûêΓûêΓûêΓûî | 2576/3000 [22:10<03:40,  1.93it/s]
 86%|ΓûêΓûêΓûêΓûêΓûêΓûêΓûêΓûêΓûî | 2577/3000 [22:11<03:41,  1.91it/s]
 86%|ΓûêΓûêΓûêΓûêΓûêΓûêΓûêΓûêΓûî | 2578/3000 [22:11<03:41,  1.91it/s]
 86%|ΓûêΓûêΓûêΓûêΓûêΓûêΓûêΓûêΓûî | 2579/3000 [22:12<04:05,  1.72it/s]
 86%|ΓûêΓûêΓûêΓûêΓûêΓûêΓûêΓûêΓûî | 2580/3000 [22:12<03:43,  1.88it/s]
 86%|ΓûêΓûêΓûêΓûêΓûêΓûêΓûêΓûêΓûî | 2581/3000 [22:13<03:24,  2.05it/s]
 86%|ΓûêΓûêΓûêΓûêΓûêΓûêΓûêΓûêΓûî | 2582/3000 [22:13<04:09,  1.68it/s]
 86%|ΓûêΓûêΓûêΓûêΓûêΓûêΓûêΓûêΓûî | 2583/3000 [22:14<03:53,  1.78it/s]
 86%|ΓûêΓûêΓûêΓûêΓûêΓûêΓûêΓûêΓûî | 2584/3000 [22:15<04:02,  1.71it/s]
 86%|ΓûêΓûêΓûêΓûêΓûêΓûêΓûêΓûêΓûî | 2585/3000 [22:15<04:21,  1.59it/s]
 86%|ΓûêΓûêΓûêΓûêΓûêΓûêΓûêΓûêΓûî | 2586/3000 [22:16<03:50,  1.79it/s]
 86%|ΓûêΓûêΓûêΓûêΓûêΓûêΓûêΓûêΓûî | 2587/3000 [22:16<04:06,  1.68it/s]
 86%|ΓûêΓûêΓûêΓûêΓûêΓûêΓûêΓûêΓûï | 2588/3000 [22:17<04:00,  1.71it/s]
 86%|ΓûêΓûêΓûêΓûêΓûêΓûêΓûêΓûêΓûï | 2589/3000 [22:17<03:45,  1.83it/s]
 86%|ΓûêΓûêΓûêΓûêΓûêΓûêΓûêΓûêΓûï | 2590/3000 [22:18<04:10,  1.64it/s]
 86%|ΓûêΓûêΓûêΓûêΓûêΓûêΓûêΓûêΓûï | 2591/3000 [22:19<04:03,  1.68it/s]
 86%|ΓûêΓûêΓûêΓûêΓûêΓûêΓûêΓûêΓûï | 2592/3000 [22:19<04:12,  1.62it/s]
 86%|ΓûêΓûêΓûêΓûêΓûêΓûêΓûêΓûêΓûï | 2593/3000 [22:20<04:18,  1.58it/s]
 86%|ΓûêΓûêΓûêΓûêΓûêΓûêΓûêΓûêΓûï | 2594/3000 [22:20<03:47,  1.78it/s]
 86%|ΓûêΓûêΓûêΓûêΓûêΓûêΓûêΓûêΓûï | 2595/3000 [22:21<03:54,  1.73it/s]
 87%|ΓûêΓûêΓûêΓûêΓûêΓûêΓûêΓûêΓûï | 2596/3000 [22:22<04:09,  1.62it/s]
 87%|ΓûêΓûêΓûêΓûêΓûêΓûêΓûêΓûêΓûï | 2597/3000 [22:22<03:34,  1.88it/s]
 87%|ΓûêΓûêΓûêΓûêΓûêΓûêΓûêΓûêΓûï | 2598/3000 [22:23<03:37,  1.85it/s]
 87%|ΓûêΓûêΓûêΓûêΓûêΓûêΓûêΓûêΓûï | 2599/3000 [22:23<03:20,  2.00it/s]
 87%|ΓûêΓûêΓûêΓûêΓûêΓûêΓûêΓûêΓûï | 2600/3000 [22:24<03:13,  2.07it/s]
 87%|ΓûêΓûêΓûêΓûêΓûêΓûêΓûêΓûêΓûï | 2601/3000 [22:24<03:35,  1.85it/s]
 87%|ΓûêΓûêΓûêΓûêΓûêΓûêΓûêΓûêΓûï | 2602/3000 [22:25<03:38,  1.83it/s]
 87%|ΓûêΓûêΓûêΓûêΓûêΓûêΓûêΓûêΓûï | 2603/3000 [22:25<03:19,  1.99it/s]
 87%|ΓûêΓûêΓûêΓûêΓûêΓûêΓûêΓûêΓûï | 2604/3000 [22:26<03:28,  1.90it/s]
 87%|ΓûêΓûêΓûêΓûêΓûêΓûêΓûêΓûêΓûï | 2605/3000 [22:26<03:44,  1.76it/s]
 87%|ΓûêΓûêΓûêΓûêΓûêΓûêΓûêΓûêΓûï | 2606/3000 [22:27<04:06,  1.60it/s]
 87%|ΓûêΓûêΓûêΓûêΓûêΓûêΓûêΓûêΓûï | 2607/3000 [22:28<03:59,  1.64it/s]
 87%|ΓûêΓûêΓûêΓûêΓûêΓûêΓûêΓûêΓûï | 2608/3000 [22:28<03:31,  1.85it/s]
 87%|ΓûêΓûêΓûêΓûêΓûêΓûêΓûêΓûêΓûï | 2609/3000 [22:29<03:16,  1.99it/s]
 87%|ΓûêΓûêΓûêΓûêΓûêΓûêΓûêΓûêΓûï | 2610/3000 [22:29<03:04,  2.11it/s]
 87%|ΓûêΓûêΓûêΓûêΓûêΓûêΓûêΓûêΓûï | 2611/3000 [22:29<02:48,  2.32it/s]
 87%|ΓûêΓûêΓûêΓûêΓûêΓûêΓûêΓûêΓûï | 2612/3000 [22:30<03:03,  2.12it/s]
 87%|ΓûêΓûêΓûêΓûêΓûêΓûêΓûêΓûêΓûï | 2613/3000 [22:30<03:14,  1.99it/s]
 87%|ΓûêΓûêΓûêΓûêΓûêΓûêΓûêΓûêΓûï | 2614/3000 [22:31<03:37,  1.77it/s]
 87%|ΓûêΓûêΓûêΓûêΓûêΓûêΓûêΓûêΓûï | 2615/3000 [22:32<03:23,  1.89it/s]
 87%|ΓûêΓûêΓûêΓûêΓûêΓûêΓûêΓûêΓûï | 2616/3000 [22:32<03:23,  1.88it/s]
 87%|ΓûêΓûêΓûêΓûêΓûêΓûêΓûêΓûêΓûï | 2617/3000 [22:33<03:13,  1.98it/s]
 87%|ΓûêΓûêΓûêΓûêΓûêΓûêΓûêΓûêΓûï | 2618/3000 [22:33<02:59,  2.13it/s]
 87%|ΓûêΓûêΓûêΓûêΓûêΓûêΓûêΓûêΓûï | 2619/3000 [22:33<02:43,  2.32it/s]
 87%|ΓûêΓûêΓûêΓûêΓûêΓûêΓûêΓûêΓûï | 2620/3000 [22:34<03:16,  1.94it/s]
 87%|ΓûêΓûêΓûêΓûêΓûêΓûêΓûêΓûêΓûï | 2621/3000 [22:34<03:02,  2.07it/s]
 87%|ΓûêΓûêΓûêΓûêΓûêΓûêΓûêΓûêΓûï | 2622/3000 [22:35<02:57,  2.13it/s]
 87%|ΓûêΓûêΓûêΓûêΓûêΓûêΓûêΓûêΓûï | 2623/3000 [22:36<03:21,  1.87it/s]
 87%|ΓûêΓûêΓûêΓûêΓûêΓûêΓûêΓûêΓûï | 2624/3000 [22:36<03:39,  1.71it/s]
 88%|ΓûêΓûêΓûêΓûêΓûêΓûêΓûêΓûêΓûè | 2625/3000 [22:37<03:33,  1.76it/s]
 88%|ΓûêΓûêΓûêΓûêΓûêΓûêΓûêΓûêΓûè | 2626/3000 [22:38<03:55,  1.59it/s]
 88%|ΓûêΓûêΓûêΓûêΓûêΓûêΓûêΓûêΓûè | 2627/3000 [22:38<03:35,  1.73it/s]
 88%|ΓûêΓûêΓûêΓûêΓûêΓûêΓûêΓûêΓûè | 2628/3000 [22:39<03:27,  1.79it/s]
 88%|ΓûêΓûêΓûêΓûêΓûêΓûêΓûêΓûêΓûè | 2629/3000 [22:39<03:30,  1.76it/s]
 88%|ΓûêΓûêΓûêΓûêΓûêΓûêΓûêΓûêΓûè | 2630/3000 [22:39<03:09,  1.95it/s]
 88%|ΓûêΓûêΓûêΓûêΓûêΓûêΓûêΓûêΓûè | 2631/3000 [22:40<03:11,  1.92it/s]
 88%|ΓûêΓûêΓûêΓûêΓûêΓûêΓûêΓûêΓûè | 2632/3000 [22:40<02:59,  2.05it/s]
 88%|ΓûêΓûêΓûêΓûêΓûêΓûêΓûêΓûêΓûè | 2633/3000 [22:41<03:01,  2.02it/s]
 88%|ΓûêΓûêΓûêΓûêΓûêΓûêΓûêΓûêΓûè | 2634/3000 [22:41<02:49,  2.16it/s]
 88%|ΓûêΓûêΓûêΓûêΓûêΓûêΓûêΓûêΓûè | 2635/3000 [22:42<02:44,  2.22it/s]
 88%|ΓûêΓûêΓûêΓûêΓûêΓûêΓûêΓûêΓûè | 2636/3000 [22:42<02:37,  2.31it/s]
 88%|ΓûêΓûêΓûêΓûêΓûêΓûêΓûêΓûêΓûè | 2637/3000 [22:43<02:52,  2.10it/s]
 88%|ΓûêΓûêΓûêΓûêΓûêΓûêΓûêΓûêΓûè | 2638/3000 [22:43<02:41,  2.24it/s]
 88%|ΓûêΓûêΓûêΓûêΓûêΓûêΓûêΓûêΓûè | 2639/3000 [22:44<03:05,  1.95it/s]
 88%|ΓûêΓûêΓûêΓûêΓûêΓûêΓûêΓûêΓûè | 2640/3000 [22:44<02:50,  2.11it/s]
 88%|ΓûêΓûêΓûêΓûêΓûêΓûêΓûêΓûêΓûè | 2641/3000 [22:45<02:56,  2.03it/s]
 88%|ΓûêΓûêΓûêΓûêΓûêΓûêΓûêΓûêΓûè | 2642/3000 [22:45<02:50,  2.10it/s]
 88%|ΓûêΓûêΓûêΓûêΓûêΓûêΓûêΓûêΓûè | 2643/3000 [22:46<02:40,  2.22it/s]
 88%|ΓûêΓûêΓûêΓûêΓûêΓûêΓûêΓûêΓûè | 2644/3000 [22:46<03:03,  1.94it/s]
 88%|ΓûêΓûêΓûêΓûêΓûêΓûêΓûêΓûêΓûè | 2645/3000 [22:47<03:31,  1.68it/s]
 88%|ΓûêΓûêΓûêΓûêΓûêΓûêΓûêΓûêΓûè | 2646/3000 [22:47<03:16,  1.80it/s]
 88%|ΓûêΓûêΓûêΓûêΓûêΓûêΓûêΓûêΓûè | 2647/3000 [22:48<03:04,  1.91it/s]
 88%|ΓûêΓûêΓûêΓûêΓûêΓûêΓûêΓûêΓûè | 2648/3000 [22:48<03:07,  1.88it/s]
 88%|ΓûêΓûêΓûêΓûêΓûêΓûêΓûêΓûêΓûè | 2649/3000 [22:49<03:03,  1.91it/s]
 88%|ΓûêΓûêΓûêΓûêΓûêΓûêΓûêΓûêΓûè | 2650/3000 [22:50<03:10,  1.83it/s]
 88%|ΓûêΓûêΓûêΓûêΓûêΓûêΓûêΓûêΓûè | 2651/3000 [22:50<02:58,  1.96it/s]
 88%|ΓûêΓûêΓûêΓûêΓûêΓûêΓûêΓûêΓûè | 2652/3000 [22:51<03:12,  1.80it/s]
 88%|ΓûêΓûêΓûêΓûêΓûêΓûêΓûêΓûêΓûè | 2653/3000 [22:51<02:55,  1.98it/s]
 88%|ΓûêΓûêΓûêΓûêΓûêΓûêΓûêΓûêΓûè | 2654/3000 [22:52<03:11,  1.81it/s]
 88%|ΓûêΓûêΓûêΓûêΓûêΓûêΓûêΓûêΓûè | 2655/3000 [22:52<02:53,  1.99it/s]
 89%|ΓûêΓûêΓûêΓûêΓûêΓûêΓûêΓûêΓûè | 2656/3000 [22:52<02:40,  2.15it/s]
 89%|ΓûêΓûêΓûêΓûêΓûêΓûêΓûêΓûêΓûè | 2657/3000 [22:53<02:50,  2.02it/s]
 89%|ΓûêΓûêΓûêΓûêΓûêΓûêΓûêΓûêΓûè | 2658/3000 [22:54<03:05,  1.84it/s]
 89%|ΓûêΓûêΓûêΓûêΓûêΓûêΓûêΓûêΓûè | 2659/3000 [22:54<02:55,  1.94it/s]
 89%|ΓûêΓûêΓûêΓûêΓûêΓûêΓûêΓûêΓûè | 2660/3000 [22:55<03:17,  1.72it/s]
 89%|ΓûêΓûêΓûêΓûêΓûêΓûêΓûêΓûêΓûè | 2661/3000 [22:55<03:03,  1.85it/s]
 89%|ΓûêΓûêΓûêΓûêΓûêΓûêΓûêΓûêΓûè | 2662/3000 [22:56<02:44,  2.05it/s]
 89%|ΓûêΓûêΓûêΓûêΓûêΓûêΓûêΓûêΓûë | 2663/3000 [22:56<02:54,  1.93it/s]
 89%|ΓûêΓûêΓûêΓûêΓûêΓûêΓûêΓûêΓûë | 2664/3000 [22:57<02:55,  1.92it/s]
 89%|ΓûêΓûêΓûêΓûêΓûêΓûêΓûêΓûêΓûë | 2665/3000 [22:57<02:50,  1.96it/s]
 89%|ΓûêΓûêΓûêΓûêΓûêΓûêΓûêΓûêΓûë | 2666/3000 [22:58<02:57,  1.88it/s]
 89%|ΓûêΓûêΓûêΓûêΓûêΓûêΓûêΓûêΓûë | 2667/3000 [22:58<03:01,  1.83it/s]
 89%|ΓûêΓûêΓûêΓûêΓûêΓûêΓûêΓûêΓûë | 2668/3000 [22:59<03:14,  1.70it/s]
 89%|ΓûêΓûêΓûêΓûêΓûêΓûêΓûêΓûêΓûë | 2669/3000 [23:00<03:03,  1.81it/s]
 89%|ΓûêΓûêΓûêΓûêΓûêΓûêΓûêΓûêΓûë | 2670/3000 [23:00<02:48,  1.96it/s]
 89%|ΓûêΓûêΓûêΓûêΓûêΓûêΓûêΓûêΓûë | 2672/3000 [23:00<02:01,  2.71it/s]
 89%|ΓûêΓûêΓûêΓûêΓûêΓûêΓûêΓûêΓûë | 2673/3000 [23:01<02:04,  2.63it/s]
 89%|ΓûêΓûêΓûêΓûêΓûêΓûêΓûêΓûêΓûë | 2674/3000 [23:01<02:13,  2.44it/s]
 89%|ΓûêΓûêΓûêΓûêΓûêΓûêΓûêΓûêΓûë | 2675/3000 [23:02<02:32,  2.13it/s]
 89%|ΓûêΓûêΓûêΓûêΓûêΓûêΓûêΓûêΓûë | 2676/3000 [23:03<02:54,  1.86it/s]
 89%|ΓûêΓûêΓûêΓûêΓûêΓûêΓûêΓûêΓûë | 2677/3000 [23:03<02:47,  1.93it/s]
 89%|ΓûêΓûêΓûêΓûêΓûêΓûêΓûêΓûêΓûë | 2678/3000 [23:04<02:40,  2.01it/s]
 89%|ΓûêΓûêΓûêΓûêΓûêΓûêΓûêΓûêΓûë | 2679/3000 [23:04<02:45,  1.94it/s]
 89%|ΓûêΓûêΓûêΓûêΓûêΓûêΓûêΓûêΓûë | 2680/3000 [23:05<02:33,  2.08it/s]
 89%|ΓûêΓûêΓûêΓûêΓûêΓûêΓûêΓûêΓûë | 2681/3000 [23:05<02:32,  2.10it/s]
 89%|ΓûêΓûêΓûêΓûêΓûêΓûêΓûêΓûêΓûë | 2682/3000 [23:05<02:27,  2.15it/s]
 89%|ΓûêΓûêΓûêΓûêΓûêΓûêΓûêΓûêΓûë | 2683/3000 [23:06<02:22,  2.22it/s]
 89%|ΓûêΓûêΓûêΓûêΓûêΓûêΓûêΓûêΓûë | 2684/3000 [23:06<02:23,  2.20it/s]
 90%|ΓûêΓûêΓûêΓûêΓûêΓûêΓûêΓûêΓûë | 2685/3000 [23:07<02:37,  2.00it/s]
 90%|ΓûêΓûêΓûêΓûêΓûêΓûêΓûêΓûêΓûë | 2686/3000 [23:07<02:32,  2.06it/s]
 90%|ΓûêΓûêΓûêΓûêΓûêΓûêΓûêΓûêΓûë | 2687/3000 [23:08<02:54,  1.79it/s]
 90%|ΓûêΓûêΓûêΓûêΓûêΓûêΓûêΓûêΓûë | 2688/3000 [23:09<02:42,  1.92it/s]
 90%|ΓûêΓûêΓûêΓûêΓûêΓûêΓûêΓûêΓûë | 2689/3000 [23:09<02:31,  2.06it/s]
 90%|ΓûêΓûêΓûêΓûêΓûêΓûêΓûêΓûêΓûë | 2690/3000 [23:09<02:22,  2.17it/s]
 90%|ΓûêΓûêΓûêΓûêΓûêΓûêΓûêΓûêΓûë | 2691/3000 [23:10<03:15,  1.58it/s]
 90%|ΓûêΓûêΓûêΓûêΓûêΓûêΓûêΓûêΓûë | 2692/3000 [23:11<03:04,  1.67it/s]
 90%|ΓûêΓûêΓûêΓûêΓûêΓûêΓûêΓûêΓûë | 2693/3000 [23:11<03:04,  1.66it/s]
 90%|ΓûêΓûêΓûêΓûêΓûêΓûêΓûêΓûêΓûë | 2694/3000 [23:12<02:55,  1.74it/s]
 90%|ΓûêΓûêΓûêΓûêΓûêΓûêΓûêΓûêΓûë | 2695/3000 [23:13<03:02,  1.67it/s]
 90%|ΓûêΓûêΓûêΓûêΓûêΓûêΓûêΓûêΓûë | 2696/3000 [23:13<03:18,  1.53it/s]
 90%|ΓûêΓûêΓûêΓûêΓûêΓûêΓûêΓûêΓûë | 2697/3000 [23:14<03:06,  1.63it/s]
 90%|ΓûêΓûêΓûêΓûêΓûêΓûêΓûêΓûêΓûë | 2698/3000 [23:14<02:39,  1.89it/s]
 90%|ΓûêΓûêΓûêΓûêΓûêΓûêΓûêΓûêΓûë | 2699/3000 [23:15<02:27,  2.04it/s]
 90%|ΓûêΓûêΓûêΓûêΓûêΓûêΓûêΓûêΓûê | 2700/3000 [23:15<02:34,  1.94it/s]
 90%|ΓûêΓûêΓûêΓûêΓûêΓûêΓûêΓûêΓûê | 2701/3000 [23:16<02:21,  2.11it/s]
 90%|ΓûêΓûêΓûêΓûêΓûêΓûêΓûêΓûêΓûê | 2702/3000 [23:16<02:43,  1.83it/s]
 90%|ΓûêΓûêΓûêΓûêΓûêΓûêΓûêΓûêΓûê | 2703/3000 [23:17<02:40,  1.85it/s]
 90%|ΓûêΓûêΓûêΓûêΓûêΓûêΓûêΓûêΓûê | 2704/3000 [23:17<02:25,  2.03it/s]
 90%|ΓûêΓûêΓûêΓûêΓûêΓûêΓûêΓûêΓûê | 2705/3000 [23:18<02:14,  2.19it/s]
 90%|ΓûêΓûêΓûêΓûêΓûêΓûêΓûêΓûêΓûê | 2706/3000 [23:18<02:22,  2.06it/s]
 90%|ΓûêΓûêΓûêΓûêΓûêΓûêΓûêΓûêΓûê | 2707/3000 [23:19<02:25,  2.01it/s]
 90%|ΓûêΓûêΓûêΓûêΓûêΓûêΓûêΓûêΓûê | 2708/3000 [23:19<02:33,  1.90it/s]
 90%|ΓûêΓûêΓûêΓûêΓûêΓûêΓûêΓûêΓûê | 2709/3000 [23:20<02:27,  1.97it/s]
 90%|ΓûêΓûêΓûêΓûêΓûêΓûêΓûêΓûêΓûê | 2710/3000 [23:20<02:20,  2.07it/s]
 90%|ΓûêΓûêΓûêΓûêΓûêΓûêΓûêΓûêΓûê | 2711/3000 [23:21<02:30,  1.92it/s]
 90%|ΓûêΓûêΓûêΓûêΓûêΓûêΓûêΓûêΓûê | 2712/3000 [23:22<02:47,  1.72it/s]
 90%|ΓûêΓûêΓûêΓûêΓûêΓûêΓûêΓûêΓûê | 2713/3000 [23:22<02:32,  1.88it/s]
 90%|ΓûêΓûêΓûêΓûêΓûêΓûêΓûêΓûêΓûê | 2714/3000 [23:22<02:14,  2.12it/s]
 90%|ΓûêΓûêΓûêΓûêΓûêΓûêΓûêΓûêΓûê | 2715/3000 [23:23<02:07,  2.23it/s]
 91%|ΓûêΓûêΓûêΓûêΓûêΓûêΓûêΓûêΓûê | 2716/3000 [23:23<02:04,  2.28it/s]
 91%|ΓûêΓûêΓûêΓûêΓûêΓûêΓûêΓûêΓûê | 2717/3000 [23:24<02:10,  2.17it/s]
 91%|ΓûêΓûêΓûêΓûêΓûêΓûêΓûêΓûêΓûê | 2718/3000 [23:24<01:58,  2.38it/s]
 91%|ΓûêΓûêΓûêΓûêΓûêΓûêΓûêΓûêΓûê | 2719/3000 [23:24<02:07,  2.20it/s]
 91%|ΓûêΓûêΓûêΓûêΓûêΓûêΓûêΓûêΓûê | 2720/3000 [23:25<02:03,  2.28it/s]
 91%|ΓûêΓûêΓûêΓûêΓûêΓûêΓûêΓûêΓûê | 2721/3000 [23:25<02:00,  2.31it/s]
 91%|ΓûêΓûêΓûêΓûêΓûêΓûêΓûêΓûêΓûê | 2722/3000 [23:26<02:12,  2.10it/s]
 91%|ΓûêΓûêΓûêΓûêΓûêΓûêΓûêΓûêΓûê | 2723/3000 [23:26<02:03,  2.25it/s]
 91%|ΓûêΓûêΓûêΓûêΓûêΓûêΓûêΓûêΓûê | 2724/3000 [23:27<02:09,  2.14it/s]
 91%|ΓûêΓûêΓûêΓûêΓûêΓûêΓûêΓûêΓûê | 2725/3000 [23:27<02:13,  2.06it/s]
 91%|ΓûêΓûêΓûêΓûêΓûêΓûêΓûêΓûêΓûê | 2726/3000 [23:28<02:15,  2.02it/s]
 91%|ΓûêΓûêΓûêΓûêΓûêΓûêΓûêΓûêΓûê | 2727/3000 [23:28<02:19,  1.96it/s]
 91%|ΓûêΓûêΓûêΓûêΓûêΓûêΓûêΓûêΓûê | 2728/3000 [23:29<02:48,  1.61it/s]
 91%|ΓûêΓûêΓûêΓûêΓûêΓûêΓûêΓûêΓûê | 2729/3000 [23:30<02:45,  1.64it/s]
 91%|ΓûêΓûêΓûêΓûêΓûêΓûêΓûêΓûêΓûê | 2730/3000 [23:30<02:25,  1.86it/s]
 91%|ΓûêΓûêΓûêΓûêΓûêΓûêΓûêΓûêΓûê | 2731/3000 [23:31<02:21,  1.90it/s]
 91%|ΓûêΓûêΓûêΓûêΓûêΓûêΓûêΓûêΓûê | 2732/3000 [23:31<02:30,  1.78it/s]
 91%|ΓûêΓûêΓûêΓûêΓûêΓûêΓûêΓûêΓûê | 2733/3000 [23:32<02:19,  1.91it/s]
 91%|ΓûêΓûêΓûêΓûêΓûêΓûêΓûêΓûêΓûê | 2734/3000 [23:32<02:07,  2.08it/s]
 91%|ΓûêΓûêΓûêΓûêΓûêΓûêΓûêΓûêΓûê | 2735/3000 [23:33<02:03,  2.15it/s]
 91%|ΓûêΓûêΓûêΓûêΓûêΓûêΓûêΓûêΓûê | 2736/3000 [23:33<02:06,  2.08it/s]
 91%|ΓûêΓûêΓûêΓûêΓûêΓûêΓûêΓûêΓûê | 2737/3000 [23:34<02:09,  2.03it/s]
 91%|ΓûêΓûêΓûêΓûêΓûêΓûêΓûêΓûêΓûêΓûÅ| 2738/3000 [23:34<02:37,  1.66it/s]
 91%|ΓûêΓûêΓûêΓûêΓûêΓûêΓûêΓûêΓûêΓûÅ| 2739/3000 [23:35<02:19,  1.88it/s]
 91%|ΓûêΓûêΓûêΓûêΓûêΓûêΓûêΓûêΓûêΓûÅ| 2740/3000 [23:35<02:18,  1.88it/s]
 91%|ΓûêΓûêΓûêΓûêΓûêΓûêΓûêΓûêΓûêΓûÅ| 2741/3000 [23:36<02:11,  1.97it/s]
 91%|ΓûêΓûêΓûêΓûêΓûêΓûêΓûêΓûêΓûêΓûÅ| 2742/3000 [23:36<02:00,  2.14it/s]
 91%|ΓûêΓûêΓûêΓûêΓûêΓûêΓûêΓûêΓûêΓûÅ| 2743/3000 [23:37<02:08,  2.00it/s]
 91%|ΓûêΓûêΓûêΓûêΓûêΓûêΓûêΓûêΓûêΓûÅ| 2744/3000 [23:37<02:11,  1.94it/s]
 92%|ΓûêΓûêΓûêΓûêΓûêΓûêΓûêΓûêΓûêΓûÅ| 2745/3000 [23:38<02:08,  1.99it/s]
 92%|ΓûêΓûêΓûêΓûêΓûêΓûêΓûêΓûêΓûêΓûÅ| 2746/3000 [23:38<02:00,  2.10it/s]
 92%|ΓûêΓûêΓûêΓûêΓûêΓûêΓûêΓûêΓûêΓûÅ| 2747/3000 [23:39<01:51,  2.26it/s]
 92%|ΓûêΓûêΓûêΓûêΓûêΓûêΓûêΓûêΓûêΓûÅ| 2748/3000 [23:39<01:42,  2.47it/s]
 92%|ΓûêΓûêΓûêΓûêΓûêΓûêΓûêΓûêΓûêΓûÅ| 2749/3000 [23:39<01:47,  2.35it/s]
 92%|ΓûêΓûêΓûêΓûêΓûêΓûêΓûêΓûêΓûêΓûÅ| 2750/3000 [23:40<01:46,  2.35it/s]
 92%|ΓûêΓûêΓûêΓûêΓûêΓûêΓûêΓûêΓûêΓûÅ| 2751/3000 [23:40<01:52,  2.22it/s]
 92%|ΓûêΓûêΓûêΓûêΓûêΓûêΓûêΓûêΓûêΓûÅ| 2752/3000 [23:41<02:00,  2.07it/s]
 92%|ΓûêΓûêΓûêΓûêΓûêΓûêΓûêΓûêΓûêΓûÅ| 2753/3000 [23:41<01:50,  2.24it/s]
 92%|ΓûêΓûêΓûêΓûêΓûêΓûêΓûêΓûêΓûêΓûÅ| 2754/3000 [23:42<02:04,  1.97it/s]
 92%|ΓûêΓûêΓûêΓûêΓûêΓûêΓûêΓûêΓûêΓûÅ| 2755/3000 [23:42<02:13,  1.84it/s]
 92%|ΓûêΓûêΓûêΓûêΓûêΓûêΓûêΓûêΓûêΓûÅ| 2756/3000 [23:43<02:00,  2.02it/s]
 92%|ΓûêΓûêΓûêΓûêΓûêΓûêΓûêΓûêΓûêΓûÅ| 2757/3000 [23:43<01:47,  2.26it/s]
 92%|ΓûêΓûêΓûêΓûêΓûêΓûêΓûêΓûêΓûêΓûÅ| 2758/3000 [23:44<01:47,  2.26it/s]
 92%|ΓûêΓûêΓûêΓûêΓûêΓûêΓûêΓûêΓûêΓûÅ| 2759/3000 [23:44<01:50,  2.17it/s]
 92%|ΓûêΓûêΓûêΓûêΓûêΓûêΓûêΓûêΓûêΓûÅ| 2760/3000 [23:45<01:45,  2.27it/s]
 92%|ΓûêΓûêΓûêΓûêΓûêΓûêΓûêΓûêΓûêΓûÅ| 2761/3000 [23:45<01:36,  2.49it/s]
 92%|ΓûêΓûêΓûêΓûêΓûêΓûêΓûêΓûêΓûêΓûÅ| 2762/3000 [23:45<01:46,  2.23it/s]
 92%|ΓûêΓûêΓûêΓûêΓûêΓûêΓûêΓûêΓûêΓûÅ| 2763/3000 [23:46<01:40,  2.35it/s]
 92%|ΓûêΓûêΓûêΓûêΓûêΓûêΓûêΓûêΓûêΓûÅ| 2764/3000 [23:46<01:53,  2.07it/s]
 92%|ΓûêΓûêΓûêΓûêΓûêΓûêΓûêΓûêΓûêΓûÅ| 2765/3000 [23:47<01:48,  2.16it/s]
 92%|ΓûêΓûêΓûêΓûêΓûêΓûêΓûêΓûêΓûêΓûÅ| 2766/3000 [23:47<01:58,  1.97it/s]
 92%|ΓûêΓûêΓûêΓûêΓûêΓûêΓûêΓûêΓûêΓûÅ| 2767/3000 [23:48<01:52,  2.06it/s]
 92%|ΓûêΓûêΓûêΓûêΓûêΓûêΓûêΓûêΓûêΓûÅ| 2768/3000 [23:48<01:45,  2.20it/s]
 92%|ΓûêΓûêΓûêΓûêΓûêΓûêΓûêΓûêΓûêΓûÅ| 2769/3000 [23:49<01:52,  2.05it/s]
 92%|ΓûêΓûêΓûêΓûêΓûêΓûêΓûêΓûêΓûêΓûÅ| 2770/3000 [23:49<01:56,  1.97it/s]
 92%|ΓûêΓûêΓûêΓûêΓûêΓûêΓûêΓûêΓûêΓûÅ| 2771/3000 [23:50<01:49,  2.10it/s]
 92%|ΓûêΓûêΓûêΓûêΓûêΓûêΓûêΓûêΓûêΓûÅ| 2772/3000 [23:50<01:41,  2.25it/s]
 92%|ΓûêΓûêΓûêΓûêΓûêΓûêΓûêΓûêΓûêΓûÅ| 2773/3000 [23:51<01:49,  2.08it/s]
 92%|ΓûêΓûêΓûêΓûêΓûêΓûêΓûêΓûêΓûêΓûÅ| 2774/3000 [23:51<01:50,  2.04it/s]
 92%|ΓûêΓûêΓûêΓûêΓûêΓûêΓûêΓûêΓûêΓûÄ| 2775/3000 [23:52<02:11,  1.72it/s]
 93%|ΓûêΓûêΓûêΓûêΓûêΓûêΓûêΓûêΓûêΓûÄ| 2776/3000 [23:53<02:14,  1.67it/s]
 93%|ΓûêΓûêΓûêΓûêΓûêΓûêΓûêΓûêΓûêΓûÄ| 2777/3000 [23:53<02:08,  1.74it/s]
 93%|ΓûêΓûêΓûêΓûêΓûêΓûêΓûêΓûêΓûêΓûÄ| 2778/3000 [23:54<01:54,  1.94it/s]
 93%|ΓûêΓûêΓûêΓûêΓûêΓûêΓûêΓûêΓûêΓûÄ| 2779/3000 [23:54<01:53,  1.94it/s]
 93%|ΓûêΓûêΓûêΓûêΓûêΓûêΓûêΓûêΓûêΓûÄ| 2780/3000 [23:55<02:02,  1.80it/s]
 93%|ΓûêΓûêΓûêΓûêΓûêΓûêΓûêΓûêΓûêΓûÄ| 2781/3000 [23:55<01:49,  2.01it/s]
 93%|ΓûêΓûêΓûêΓûêΓûêΓûêΓûêΓûêΓûêΓûÄ| 2782/3000 [23:56<01:59,  1.83it/s]
 93%|ΓûêΓûêΓûêΓûêΓûêΓûêΓûêΓûêΓûêΓûÄ| 2783/3000 [23:57<02:21,  1.53it/s]
 93%|ΓûêΓûêΓûêΓûêΓûêΓûêΓûêΓûêΓûêΓûÄ| 2784/3000 [23:57<02:10,  1.66it/s]
 93%|ΓûêΓûêΓûêΓûêΓûêΓûêΓûêΓûêΓûêΓûÄ| 2785/3000 [23:58<02:17,  1.56it/s]
 93%|ΓûêΓûêΓûêΓûêΓûêΓûêΓûêΓûêΓûêΓûÄ| 2786/3000 [23:58<02:11,  1.62it/s]
 93%|ΓûêΓûêΓûêΓûêΓûêΓûêΓûêΓûêΓûêΓûÄ| 2787/3000 [23:59<02:21,  1.50it/s]
 93%|ΓûêΓûêΓûêΓûêΓûêΓûêΓûêΓûêΓûêΓûÄ| 2788/3000 [24:00<02:16,  1.55it/s]
 93%|ΓûêΓûêΓûêΓûêΓûêΓûêΓûêΓûêΓûêΓûÄ| 2789/3000 [24:00<02:19,  1.51it/s]
 93%|ΓûêΓûêΓûêΓûêΓûêΓûêΓûêΓûêΓûêΓûÄ| 2790/3000 [24:01<02:14,  1.56it/s]
 93%|ΓûêΓûêΓûêΓûêΓûêΓûêΓûêΓûêΓûêΓûÄ| 2791/3000 [24:02<02:02,  1.70it/s]
 93%|ΓûêΓûêΓûêΓûêΓûêΓûêΓûêΓûêΓûêΓûÄ| 2792/3000 [24:02<02:04,  1.67it/s]
 93%|ΓûêΓûêΓûêΓûêΓûêΓûêΓûêΓûêΓûêΓûÄ| 2793/3000 [24:03<02:03,  1.68it/s]
 93%|ΓûêΓûêΓûêΓûêΓûêΓûêΓûêΓûêΓûêΓûÄ| 2794/3000 [24:03<01:51,  1.84it/s]
 93%|ΓûêΓûêΓûêΓûêΓûêΓûêΓûêΓûêΓûêΓûÄ| 2795/3000 [24:04<01:43,  1.98it/s]
 93%|ΓûêΓûêΓûêΓûêΓûêΓûêΓûêΓûêΓûêΓûÄ| 2796/3000 [24:04<01:48,  1.88it/s]
 93%|ΓûêΓûêΓûêΓûêΓûêΓûêΓûêΓûêΓûêΓûÄ| 2797/3000 [24:05<01:58,  1.71it/s]
 93%|ΓûêΓûêΓûêΓûêΓûêΓûêΓûêΓûêΓûêΓûÄ| 2798/3000 [24:05<01:59,  1.70it/s]
 93%|ΓûêΓûêΓûêΓûêΓûêΓûêΓûêΓûêΓûêΓûÄ| 2799/3000 [24:06<01:50,  1.82it/s]
 93%|ΓûêΓûêΓûêΓûêΓûêΓûêΓûêΓûêΓûêΓûÄ| 2800/3000 [24:07<02:03,  1.62it/s]
 93%|ΓûêΓûêΓûêΓûêΓûêΓûêΓûêΓûêΓûêΓûÄ| 2801/3000 [24:07<01:48,  1.83it/s]
 93%|ΓûêΓûêΓûêΓûêΓûêΓûêΓûêΓûêΓûêΓûÄ| 2802/3000 [24:07<01:39,  1.98it/s]
 93%|ΓûêΓûêΓûêΓûêΓûêΓûêΓûêΓûêΓûêΓûÄ| 2803/3000 [24:08<01:50,  1.78it/s]
 93%|ΓûêΓûêΓûêΓûêΓûêΓûêΓûêΓûêΓûêΓûÄ| 2804/3000 [24:09<01:46,  1.85it/s]
 94%|ΓûêΓûêΓûêΓûêΓûêΓûêΓûêΓûêΓûêΓûÄ| 2805/3000 [24:09<01:53,  1.72it/s]
 94%|ΓûêΓûêΓûêΓûêΓûêΓûêΓûêΓûêΓûêΓûÄ| 2806/3000 [24:10<01:43,  1.87it/s]
 94%|ΓûêΓûêΓûêΓûêΓûêΓûêΓûêΓûêΓûêΓûÄ| 2807/3000 [24:10<01:36,  2.00it/s]
 94%|ΓûêΓûêΓûêΓûêΓûêΓûêΓûêΓûêΓûêΓûÄ| 2808/3000 [24:11<01:48,  1.76it/s]
 94%|ΓûêΓûêΓûêΓûêΓûêΓûêΓûêΓûêΓûêΓûÄ| 2809/3000 [24:12<01:49,  1.75it/s]
 94%|ΓûêΓûêΓûêΓûêΓûêΓûêΓûêΓûêΓûêΓûÄ| 2810/3000 [24:12<01:43,  1.84it/s]
 94%|ΓûêΓûêΓûêΓûêΓûêΓûêΓûêΓûêΓûêΓûÄ| 2811/3000 [24:13<01:54,  1.65it/s]
 94%|ΓûêΓûêΓûêΓûêΓûêΓûêΓûêΓûêΓûêΓûÄ| 2812/3000 [24:13<01:42,  1.83it/s]
 94%|ΓûêΓûêΓûêΓûêΓûêΓûêΓûêΓûêΓûêΓûì| 2813/3000 [24:14<01:57,  1.60it/s]
 94%|ΓûêΓûêΓûêΓûêΓûêΓûêΓûêΓûêΓûêΓûì| 2814/3000 [24:14<01:44,  1.78it/s]
 94%|ΓûêΓûêΓûêΓûêΓûêΓûêΓûêΓûêΓûêΓûì| 2815/3000 [24:15<01:40,  1.84it/s]
 94%|ΓûêΓûêΓûêΓûêΓûêΓûêΓûêΓûêΓûêΓûì| 2816/3000 [24:16<01:47,  1.72it/s]
 94%|ΓûêΓûêΓûêΓûêΓûêΓûêΓûêΓûêΓûêΓûì| 2817/3000 [24:16<01:51,  1.64it/s]
 94%|ΓûêΓûêΓûêΓûêΓûêΓûêΓûêΓûêΓûêΓûì| 2818/3000 [24:17<01:37,  1.86it/s]
 94%|ΓûêΓûêΓûêΓûêΓûêΓûêΓûêΓûêΓûêΓûì| 2819/3000 [24:17<01:30,  2.00it/s]
 94%|ΓûêΓûêΓûêΓûêΓûêΓûêΓûêΓûêΓûêΓûì| 2820/3000 [24:18<01:42,  1.75it/s]
 94%|ΓûêΓûêΓûêΓûêΓûêΓûêΓûêΓûêΓûêΓûì| 2821/3000 [24:18<01:52,  1.60it/s]
 94%|ΓûêΓûêΓûêΓûêΓûêΓûêΓûêΓûêΓûêΓûì| 2822/3000 [24:19<01:55,  1.54it/s]
 94%|ΓûêΓûêΓûêΓûêΓûêΓûêΓûêΓûêΓûêΓûì| 2823/3000 [24:20<01:40,  1.77it/s]
 94%|ΓûêΓûêΓûêΓûêΓûêΓûêΓûêΓûêΓûêΓûì| 2824/3000 [24:20<01:34,  1.86it/s]
 94%|ΓûêΓûêΓûêΓûêΓûêΓûêΓûêΓûêΓûêΓûì| 2825/3000 [24:21<01:34,  1.85it/s]
 94%|ΓûêΓûêΓûêΓûêΓûêΓûêΓûêΓûêΓûêΓûì| 2826/3000 [24:21<01:23,  2.08it/s]
 94%|ΓûêΓûêΓûêΓûêΓûêΓûêΓûêΓûêΓûêΓûì| 2827/3000 [24:21<01:19,  2.18it/s]
 94%|ΓûêΓûêΓûêΓûêΓûêΓûêΓûêΓûêΓûêΓûì| 2828/3000 [24:22<01:31,  1.87it/s]
 94%|ΓûêΓûêΓûêΓûêΓûêΓûêΓûêΓûêΓûêΓûì| 2829/3000 [24:23<01:32,  1.85it/s]
 94%|ΓûêΓûêΓûêΓûêΓûêΓûêΓûêΓûêΓûêΓûì| 2830/3000 [24:23<01:24,  2.00it/s]
 94%|ΓûêΓûêΓûêΓûêΓûêΓûêΓûêΓûêΓûêΓûì| 2831/3000 [24:23<01:21,  2.07it/s]
 94%|ΓûêΓûêΓûêΓûêΓûêΓûêΓûêΓûêΓûêΓûì| 2832/3000 [24:24<01:31,  1.84it/s]
 94%|ΓûêΓûêΓûêΓûêΓûêΓûêΓûêΓûêΓûêΓûì| 2833/3000 [24:25<01:25,  1.96it/s]
 94%|ΓûêΓûêΓûêΓûêΓûêΓûêΓûêΓûêΓûêΓûì| 2834/3000 [24:25<01:19,  2.08it/s]
 94%|ΓûêΓûêΓûêΓûêΓûêΓûêΓûêΓûêΓûêΓûì| 2835/3000 [24:26<01:31,  1.80it/s]
 95%|ΓûêΓûêΓûêΓûêΓûêΓûêΓûêΓûêΓûêΓûì| 2836/3000 [24:26<01:20,  2.04it/s]
 95%|ΓûêΓûêΓûêΓûêΓûêΓûêΓûêΓûêΓûêΓûì| 2837/3000 [24:26<01:17,  2.11it/s]
 95%|ΓûêΓûêΓûêΓûêΓûêΓûêΓûêΓûêΓûêΓûì| 2838/3000 [24:27<01:23,  1.93it/s]
 95%|ΓûêΓûêΓûêΓûêΓûêΓûêΓûêΓûêΓûêΓûì| 2839/3000 [24:28<01:20,  2.01it/s]
 95%|ΓûêΓûêΓûêΓûêΓûêΓûêΓûêΓûêΓûêΓûì| 2840/3000 [24:28<01:31,  1.74it/s]
 95%|ΓûêΓûêΓûêΓûêΓûêΓûêΓûêΓûêΓûêΓûì| 2841/3000 [24:29<01:35,  1.66it/s]
 95%|ΓûêΓûêΓûêΓûêΓûêΓûêΓûêΓûêΓûêΓûì| 2842/3000 [24:30<01:41,  1.55it/s]
 95%|ΓûêΓûêΓûêΓûêΓûêΓûêΓûêΓûêΓûêΓûì| 2843/3000 [24:30<01:30,  1.73it/s]
 95%|ΓûêΓûêΓûêΓûêΓûêΓûêΓûêΓûêΓûêΓûì| 2844/3000 [24:31<01:34,  1.65it/s]
 95%|ΓûêΓûêΓûêΓûêΓûêΓûêΓûêΓûêΓûêΓûì| 2845/3000 [24:32<01:39,  1.56it/s]
 95%|ΓûêΓûêΓûêΓûêΓûêΓûêΓûêΓûêΓûêΓûì| 2846/3000 [24:32<01:35,  1.61it/s]
 95%|ΓûêΓûêΓûêΓûêΓûêΓûêΓûêΓûêΓûêΓûì| 2847/3000 [24:33<01:36,  1.58it/s]
 95%|ΓûêΓûêΓûêΓûêΓûêΓûêΓûêΓûêΓûêΓûì| 2848/3000 [24:33<01:32,  1.65it/s]
 95%|ΓûêΓûêΓûêΓûêΓûêΓûêΓûêΓûêΓûêΓûì| 2849/3000 [24:34<01:21,  1.85it/s]
 95%|ΓûêΓûêΓûêΓûêΓûêΓûêΓûêΓûêΓûêΓûî| 2850/3000 [24:34<01:29,  1.68it/s]
 95%|ΓûêΓûêΓûêΓûêΓûêΓûêΓûêΓûêΓûêΓûî| 2851/3000 [24:35<01:24,  1.77it/s]
 95%|ΓûêΓûêΓûêΓûêΓûêΓûêΓûêΓûêΓûêΓûî| 2852/3000 [24:35<01:18,  1.89it/s]
 95%|ΓûêΓûêΓûêΓûêΓûêΓûêΓûêΓûêΓûêΓûî| 2853/3000 [24:36<01:12,  2.02it/s]
 95%|ΓûêΓûêΓûêΓûêΓûêΓûêΓûêΓûêΓûêΓûî| 2854/3000 [24:36<01:09,  2.10it/s]
 95%|ΓûêΓûêΓûêΓûêΓûêΓûêΓûêΓûêΓûêΓûî| 2855/3000 [24:37<01:11,  2.03it/s]
 95%|ΓûêΓûêΓûêΓûêΓûêΓûêΓûêΓûêΓûêΓûî| 2856/3000 [24:37<01:07,  2.15it/s]
 95%|ΓûêΓûêΓûêΓûêΓûêΓûêΓûêΓûêΓûêΓûî| 2857/3000 [24:38<01:09,  2.04it/s]
 95%|ΓûêΓûêΓûêΓûêΓûêΓûêΓûêΓûêΓûêΓûî| 2858/3000 [24:38<01:01,  2.30it/s]
 95%|ΓûêΓûêΓûêΓûêΓûêΓûêΓûêΓûêΓûêΓûî| 2859/3000 [24:38<00:56,  2.51it/s]
 95%|ΓûêΓûêΓûêΓûêΓûêΓûêΓûêΓûêΓûêΓûî| 2860/3000 [24:39<00:56,  2.48it/s]
 95%|ΓûêΓûêΓûêΓûêΓûêΓûêΓûêΓûêΓûêΓûî| 2861/3000 [24:39<00:57,  2.40it/s]
 95%|ΓûêΓûêΓûêΓûêΓûêΓûêΓûêΓûêΓûêΓûî| 2862/3000 [24:40<00:55,  2.47it/s]
 95%|ΓûêΓûêΓûêΓûêΓûêΓûêΓûêΓûêΓûêΓûî| 2863/3000 [24:40<01:06,  2.07it/s]
 95%|ΓûêΓûêΓûêΓûêΓûêΓûêΓûêΓûêΓûêΓûî| 2864/3000 [24:41<01:10,  1.93it/s]
 96%|ΓûêΓûêΓûêΓûêΓûêΓûêΓûêΓûêΓûêΓûî| 2865/3000 [24:41<01:05,  2.07it/s]
 96%|ΓûêΓûêΓûêΓûêΓûêΓûêΓûêΓûêΓûêΓûî| 2866/3000 [24:42<01:04,  2.09it/s]
 96%|ΓûêΓûêΓûêΓûêΓûêΓûêΓûêΓûêΓûêΓûî| 2867/3000 [24:42<01:13,  1.82it/s]
 96%|ΓûêΓûêΓûêΓûêΓûêΓûêΓûêΓûêΓûêΓûî| 2868/3000 [24:43<01:17,  1.69it/s]
 96%|ΓûêΓûêΓûêΓûêΓûêΓûêΓûêΓûêΓûêΓûî| 2869/3000 [24:43<01:06,  1.97it/s]
 96%|ΓûêΓûêΓûêΓûêΓûêΓûêΓûêΓûêΓûêΓûî| 2870/3000 [24:44<01:00,  2.15it/s]
 96%|ΓûêΓûêΓûêΓûêΓûêΓûêΓûêΓûêΓûêΓûî| 2871/3000 [24:44<00:59,  2.17it/s]
 96%|ΓûêΓûêΓûêΓûêΓûêΓûêΓûêΓûêΓûêΓûî| 2872/3000 [24:45<00:55,  2.29it/s]
 96%|ΓûêΓûêΓûêΓûêΓûêΓûêΓûêΓûêΓûêΓûî| 2873/3000 [24:45<01:05,  1.95it/s]
 96%|ΓûêΓûêΓûêΓûêΓûêΓûêΓûêΓûêΓûêΓûî| 2874/3000 [24:46<01:00,  2.09it/s]
 96%|ΓûêΓûêΓûêΓûêΓûêΓûêΓûêΓûêΓûêΓûî| 2875/3000 [24:46<00:55,  2.23it/s]
 96%|ΓûêΓûêΓûêΓûêΓûêΓûêΓûêΓûêΓûêΓûî| 2876/3000 [24:47<01:02,  1.98it/s]
 96%|ΓûêΓûêΓûêΓûêΓûêΓûêΓûêΓûêΓûêΓûî| 2877/3000 [24:47<01:11,  1.71it/s]
 96%|ΓûêΓûêΓûêΓûêΓûêΓûêΓûêΓûêΓûêΓûî| 2878/3000 [24:48<01:12,  1.67it/s]
 96%|ΓûêΓûêΓûêΓûêΓûêΓûêΓûêΓûêΓûêΓûî| 2879/3000 [24:48<01:05,  1.85it/s]
 96%|ΓûêΓûêΓûêΓûêΓûêΓûêΓûêΓûêΓûêΓûî| 2880/3000 [24:49<01:00,  1.97it/s]
 96%|ΓûêΓûêΓûêΓûêΓûêΓûêΓûêΓûêΓûêΓûî| 2881/3000 [24:49<00:55,  2.16it/s]
 96%|ΓûêΓûêΓûêΓûêΓûêΓûêΓûêΓûêΓûêΓûî| 2882/3000 [24:50<01:01,  1.92it/s]
 96%|ΓûêΓûêΓûêΓûêΓûêΓûêΓûêΓûêΓûêΓûî| 2883/3000 [24:50<01:01,  1.89it/s]
 96%|ΓûêΓûêΓûêΓûêΓûêΓûêΓûêΓûêΓûêΓûî| 2884/3000 [24:51<01:05,  1.76it/s]
 96%|ΓûêΓûêΓûêΓûêΓûêΓûêΓûêΓûêΓûêΓûî| 2885/3000 [24:52<01:11,  1.61it/s]
 96%|ΓûêΓûêΓûêΓûêΓûêΓûêΓûêΓûêΓûêΓûî| 2886/3000 [24:52<01:02,  1.83it/s]
 96%|ΓûêΓûêΓûêΓûêΓûêΓûêΓûêΓûêΓûêΓûî| 2887/3000 [24:53<01:05,  1.74it/s]
 96%|ΓûêΓûêΓûêΓûêΓûêΓûêΓûêΓûêΓûêΓûï| 2888/3000 [24:53<01:00,  1.87it/s]
 96%|ΓûêΓûêΓûêΓûêΓûêΓûêΓûêΓûêΓûêΓûï| 2889/3000 [24:54<00:57,  1.92it/s]
 96%|ΓûêΓûêΓûêΓûêΓûêΓûêΓûêΓûêΓûêΓûï| 2890/3000 [24:54<01:00,  1.82it/s]
 96%|ΓûêΓûêΓûêΓûêΓûêΓûêΓûêΓûêΓûêΓûï| 2891/3000 [24:55<00:54,  2.00it/s]
 96%|ΓûêΓûêΓûêΓûêΓûêΓûêΓûêΓûêΓûêΓûï| 2892/3000 [24:55<00:54,  1.97it/s]
 96%|ΓûêΓûêΓûêΓûêΓûêΓûêΓûêΓûêΓûêΓûï| 2893/3000 [24:56<00:59,  1.79it/s]
 96%|ΓûêΓûêΓûêΓûêΓûêΓûêΓûêΓûêΓûêΓûï| 2894/3000 [24:57<00:58,  1.81it/s]
 96%|ΓûêΓûêΓûêΓûêΓûêΓûêΓûêΓûêΓûêΓûï| 2895/3000 [24:57<00:59,  1.76it/s]
 97%|ΓûêΓûêΓûêΓûêΓûêΓûêΓûêΓûêΓûêΓûï| 2896/3000 [24:58<00:54,  1.91it/s]
 97%|ΓûêΓûêΓûêΓûêΓûêΓûêΓûêΓûêΓûêΓûï| 2897/3000 [24:58<00:49,  2.09it/s]
 97%|ΓûêΓûêΓûêΓûêΓûêΓûêΓûêΓûêΓûêΓûï| 2898/3000 [24:59<00:53,  1.91it/s]
 97%|ΓûêΓûêΓûêΓûêΓûêΓûêΓûêΓûêΓûêΓûï| 2899/3000 [24:59<00:51,  1.94it/s]
 97%|ΓûêΓûêΓûêΓûêΓûêΓûêΓûêΓûêΓûêΓûï| 2900/3000 [25:00<00:48,  2.05it/s]
 97%|ΓûêΓûêΓûêΓûêΓûêΓûêΓûêΓûêΓûêΓûï| 2901/3000 [25:00<00:45,  2.19it/s]
 97%|ΓûêΓûêΓûêΓûêΓûêΓûêΓûêΓûêΓûêΓûï| 2902/3000 [25:01<00:51,  1.90it/s]
 97%|ΓûêΓûêΓûêΓûêΓûêΓûêΓûêΓûêΓûêΓûï| 2903/3000 [25:01<00:47,  2.03it/s]
 97%|ΓûêΓûêΓûêΓûêΓûêΓûêΓûêΓûêΓûêΓûï| 2904/3000 [25:01<00:45,  2.10it/s]
 97%|ΓûêΓûêΓûêΓûêΓûêΓûêΓûêΓûêΓûêΓûï| 2905/3000 [25:02<00:53,  1.79it/s]
 97%|ΓûêΓûêΓûêΓûêΓûêΓûêΓûêΓûêΓûêΓûï| 2906/3000 [25:03<00:48,  1.94it/s]
 97%|ΓûêΓûêΓûêΓûêΓûêΓûêΓûêΓûêΓûêΓûï| 2907/3000 [25:03<00:48,  1.93it/s]
 97%|ΓûêΓûêΓûêΓûêΓûêΓûêΓûêΓûêΓûêΓûï| 2908/3000 [25:04<00:43,  2.11it/s]
 97%|ΓûêΓûêΓûêΓûêΓûêΓûêΓûêΓûêΓûêΓûï| 2909/3000 [25:04<00:49,  1.84it/s]
 97%|ΓûêΓûêΓûêΓûêΓûêΓûêΓûêΓûêΓûêΓûï| 2910/3000 [25:05<00:43,  2.05it/s]
 97%|ΓûêΓûêΓûêΓûêΓûêΓûêΓûêΓûêΓûêΓûï| 2911/3000 [25:05<00:40,  2.21it/s]
 97%|ΓûêΓûêΓûêΓûêΓûêΓûêΓûêΓûêΓûêΓûï| 2912/3000 [25:06<00:45,  1.92it/s]
 97%|ΓûêΓûêΓûêΓûêΓûêΓûêΓûêΓûêΓûêΓûï| 2913/3000 [25:06<00:42,  2.04it/s]
 97%|ΓûêΓûêΓûêΓûêΓûêΓûêΓûêΓûêΓûêΓûï| 2914/3000 [25:07<00:45,  1.90it/s]
 97%|ΓûêΓûêΓûêΓûêΓûêΓûêΓûêΓûêΓûêΓûï| 2915/3000 [25:07<00:42,  2.02it/s]
 97%|ΓûêΓûêΓûêΓûêΓûêΓûêΓûêΓûêΓûêΓûï| 2916/3000 [25:07<00:38,  2.18it/s]
 97%|ΓûêΓûêΓûêΓûêΓûêΓûêΓûêΓûêΓûêΓûï| 2917/3000 [25:08<00:41,  2.02it/s]
 97%|ΓûêΓûêΓûêΓûêΓûêΓûêΓûêΓûêΓûêΓûï| 2918/3000 [25:08<00:38,  2.11it/s]
 97%|ΓûêΓûêΓûêΓûêΓûêΓûêΓûêΓûêΓûêΓûï| 2919/3000 [25:09<00:34,  2.34it/s]
 97%|ΓûêΓûêΓûêΓûêΓûêΓûêΓûêΓûêΓûêΓûï| 2920/3000 [25:09<00:32,  2.42it/s]
 97%|ΓûêΓûêΓûêΓûêΓûêΓûêΓûêΓûêΓûêΓûï| 2921/3000 [25:09<00:30,  2.55it/s]
 97%|ΓûêΓûêΓûêΓûêΓûêΓûêΓûêΓûêΓûêΓûï| 2922/3000 [25:10<00:36,  2.15it/s]
 97%|ΓûêΓûêΓûêΓûêΓûêΓûêΓûêΓûêΓûêΓûï| 2923/3000 [25:11<00:34,  2.22it/s]
 97%|ΓûêΓûêΓûêΓûêΓûêΓûêΓûêΓûêΓûêΓûï| 2924/3000 [25:11<00:38,  2.00it/s]
 98%|ΓûêΓûêΓûêΓûêΓûêΓûêΓûêΓûêΓûêΓûè| 2925/3000 [25:12<00:41,  1.82it/s]
 98%|ΓûêΓûêΓûêΓûêΓûêΓûêΓûêΓûêΓûêΓûè| 2926/3000 [25:12<00:39,  1.89it/s]
 98%|ΓûêΓûêΓûêΓûêΓûêΓûêΓûêΓûêΓûêΓûè| 2927/3000 [25:13<00:36,  1.99it/s]
 98%|ΓûêΓûêΓûêΓûêΓûêΓûêΓûêΓûêΓûêΓûè| 2928/3000 [25:13<00:34,  2.08it/s]
 98%|ΓûêΓûêΓûêΓûêΓûêΓûêΓûêΓûêΓûêΓûè| 2929/3000 [25:14<00:36,  1.96it/s]
 98%|ΓûêΓûêΓûêΓûêΓûêΓûêΓûêΓûêΓûêΓûè| 2930/3000 [25:14<00:39,  1.79it/s]
 98%|ΓûêΓûêΓûêΓûêΓûêΓûêΓûêΓûêΓûêΓûè| 2931/3000 [25:15<00:35,  1.94it/s]
 98%|ΓûêΓûêΓûêΓûêΓûêΓûêΓûêΓûêΓûêΓûè| 2932/3000 [25:16<00:39,  1.70it/s]
 98%|ΓûêΓûêΓûêΓûêΓûêΓûêΓûêΓûêΓûêΓûè| 2933/3000 [25:16<00:35,  1.87it/s]
 98%|ΓûêΓûêΓûêΓûêΓûêΓûêΓûêΓûêΓûêΓûè| 2934/3000 [25:17<00:38,  1.69it/s]
 98%|ΓûêΓûêΓûêΓûêΓûêΓûêΓûêΓûêΓûêΓûè| 2935/3000 [25:17<00:34,  1.90it/s]
 98%|ΓûêΓûêΓûêΓûêΓûêΓûêΓûêΓûêΓûêΓûè| 2936/3000 [25:18<00:34,  1.87it/s]
 98%|ΓûêΓûêΓûêΓûêΓûêΓûêΓûêΓûêΓûêΓûè| 2937/3000 [25:18<00:31,  1.99it/s]
 98%|ΓûêΓûêΓûêΓûêΓûêΓûêΓûêΓûêΓûêΓûè| 2938/3000 [25:19<00:31,  1.97it/s]
 98%|ΓûêΓûêΓûêΓûêΓûêΓûêΓûêΓûêΓûêΓûè| 2939/3000 [25:19<00:33,  1.80it/s]
 98%|ΓûêΓûêΓûêΓûêΓûêΓûêΓûêΓûêΓûêΓûè| 2940/3000 [25:20<00:32,  1.82it/s]
 98%|ΓûêΓûêΓûêΓûêΓûêΓûêΓûêΓûêΓûêΓûè| 2941/3000 [25:20<00:34,  1.72it/s]
 98%|ΓûêΓûêΓûêΓûêΓûêΓûêΓûêΓûêΓûêΓûè| 2942/3000 [25:21<00:30,  1.89it/s]
 98%|ΓûêΓûêΓûêΓûêΓûêΓûêΓûêΓûêΓûêΓûè| 2943/3000 [25:21<00:27,  2.06it/s]
 98%|ΓûêΓûêΓûêΓûêΓûêΓûêΓûêΓûêΓûêΓûè| 2944/3000 [25:22<00:24,  2.29it/s]
 98%|ΓûêΓûêΓûêΓûêΓûêΓûêΓûêΓûêΓûêΓûè| 2945/3000 [25:22<00:24,  2.21it/s]
 98%|ΓûêΓûêΓûêΓûêΓûêΓûêΓûêΓûêΓûêΓûè| 2946/3000 [25:22<00:23,  2.33it/s]
 98%|ΓûêΓûêΓûêΓûêΓûêΓûêΓûêΓûêΓûêΓûè| 2947/3000 [25:23<00:22,  2.39it/s]
 98%|ΓûêΓûêΓûêΓûêΓûêΓûêΓûêΓûêΓûêΓûè| 2948/3000 [25:23<00:23,  2.21it/s]
 98%|ΓûêΓûêΓûêΓûêΓûêΓûêΓûêΓûêΓûêΓûè| 2949/3000 [25:24<00:23,  2.19it/s]
 98%|ΓûêΓûêΓûêΓûêΓûêΓûêΓûêΓûêΓûêΓûè| 2950/3000 [25:24<00:24,  2.01it/s]
 98%|ΓûêΓûêΓûêΓûêΓûêΓûêΓûêΓûêΓûêΓûè| 2951/3000 [25:25<00:21,  2.25it/s]
 98%|ΓûêΓûêΓûêΓûêΓûêΓûêΓûêΓûêΓûêΓûè| 2952/3000 [25:25<00:21,  2.24it/s]
 98%|ΓûêΓûêΓûêΓûêΓûêΓûêΓûêΓûêΓûêΓûè| 2953/3000 [25:26<00:22,  2.10it/s]
 98%|ΓûêΓûêΓûêΓûêΓûêΓûêΓûêΓûêΓûêΓûè| 2954/3000 [25:26<00:19,  2.34it/s]
 98%|ΓûêΓûêΓûêΓûêΓûêΓûêΓûêΓûêΓûêΓûè| 2955/3000 [25:26<00:18,  2.43it/s]
 99%|ΓûêΓûêΓûêΓûêΓûêΓûêΓûêΓûêΓûêΓûè| 2956/3000 [25:27<00:21,  2.09it/s]
 99%|ΓûêΓûêΓûêΓûêΓûêΓûêΓûêΓûêΓûêΓûè| 2957/3000 [25:27<00:19,  2.24it/s]
 99%|ΓûêΓûêΓûêΓûêΓûêΓûêΓûêΓûêΓûêΓûè| 2958/3000 [25:28<00:19,  2.21it/s]
 99%|ΓûêΓûêΓûêΓûêΓûêΓûêΓûêΓûêΓûêΓûè| 2959/3000 [25:29<00:24,  1.69it/s]
 99%|ΓûêΓûêΓûêΓûêΓûêΓûêΓûêΓûêΓûêΓûè| 2960/3000 [25:29<00:20,  1.96it/s]
 99%|ΓûêΓûêΓûêΓûêΓûêΓûêΓûêΓûêΓûêΓûè| 2961/3000 [25:30<00:18,  2.05it/s]
 99%|ΓûêΓûêΓûêΓûêΓûêΓûêΓûêΓûêΓûêΓûè| 2962/3000 [25:30<00:17,  2.20it/s]
 99%|ΓûêΓûêΓûêΓûêΓûêΓûêΓûêΓûêΓûêΓûë| 2963/3000 [25:30<00:15,  2.33it/s]
 99%|ΓûêΓûêΓûêΓûêΓûêΓûêΓûêΓûêΓûêΓûë| 2964/3000 [25:31<00:16,  2.15it/s]
 99%|ΓûêΓûêΓûêΓûêΓûêΓûêΓûêΓûêΓûêΓûë| 2965/3000 [25:31<00:15,  2.28it/s]
 99%|ΓûêΓûêΓûêΓûêΓûêΓûêΓûêΓûêΓûêΓûë| 2966/3000 [25:32<00:15,  2.14it/s]
 99%|ΓûêΓûêΓûêΓûêΓûêΓûêΓûêΓûêΓûêΓûë| 2967/3000 [25:32<00:14,  2.28it/s]
 99%|ΓûêΓûêΓûêΓûêΓûêΓûêΓûêΓûêΓûêΓûë| 2968/3000 [25:32<00:12,  2.50it/s]
 99%|ΓûêΓûêΓûêΓûêΓûêΓûêΓûêΓûêΓûêΓûë| 2969/3000 [25:33<00:14,  2.18it/s]
 99%|ΓûêΓûêΓûêΓûêΓûêΓûêΓûêΓûêΓûêΓûë| 2970/3000 [25:34<00:13,  2.19it/s]
 99%|ΓûêΓûêΓûêΓûêΓûêΓûêΓûêΓûêΓûêΓûë| 2971/3000 [25:35<00:19,  1.50it/s]
 99%|ΓûêΓûêΓûêΓûêΓûêΓûêΓûêΓûêΓûêΓûë| 2972/3000 [25:35<00:17,  1.65it/s]
 99%|ΓûêΓûêΓûêΓûêΓûêΓûêΓûêΓûêΓûêΓûë| 2973/3000 [25:36<00:17,  1.55it/s]
 99%|ΓûêΓûêΓûêΓûêΓûêΓûêΓûêΓûêΓûêΓûë| 2974/3000 [25:36<00:14,  1.82it/s]
 99%|ΓûêΓûêΓûêΓûêΓûêΓûêΓûêΓûêΓûêΓûë| 2975/3000 [25:37<00:12,  2.03it/s]
 99%|ΓûêΓûêΓûêΓûêΓûêΓûêΓûêΓûêΓûêΓûë| 2976/3000 [25:37<00:14,  1.71it/s]
 99%|ΓûêΓûêΓûêΓûêΓûêΓûêΓûêΓûêΓûêΓûë| 2977/3000 [25:38<00:11,  1.93it/s]
 99%|ΓûêΓûêΓûêΓûêΓûêΓûêΓûêΓûêΓûêΓûë| 2978/3000 [25:38<00:12,  1.80it/s]
 99%|ΓûêΓûêΓûêΓûêΓûêΓûêΓûêΓûêΓûêΓûë| 2979/3000 [25:39<00:10,  2.00it/s]
 99%|ΓûêΓûêΓûêΓûêΓûêΓûêΓûêΓûêΓûêΓûë| 2980/3000 [25:39<00:09,  2.11it/s]
 99%|ΓûêΓûêΓûêΓûêΓûêΓûêΓûêΓûêΓûêΓûë| 2981/3000 [25:40<00:08,  2.19it/s]
 99%|ΓûêΓûêΓûêΓûêΓûêΓûêΓûêΓûêΓûêΓûë| 2982/3000 [25:40<00:09,  1.95it/s]
 99%|ΓûêΓûêΓûêΓûêΓûêΓûêΓûêΓûêΓûêΓûë| 2983/3000 [25:41<00:08,  1.89it/s]
 99%|ΓûêΓûêΓûêΓûêΓûêΓûêΓûêΓûêΓûêΓûë| 2984/3000 [25:41<00:08,  1.99it/s]
100%|ΓûêΓûêΓûêΓûêΓûêΓûêΓûêΓûêΓûêΓûë| 2985/3000 [25:42<00:07,  2.03it/s]
100%|ΓûêΓûêΓûêΓûêΓûêΓûêΓûêΓûêΓûêΓûë| 2986/3000 [25:42<00:06,  2.15it/s]
100%|ΓûêΓûêΓûêΓûêΓûêΓûêΓûêΓûêΓûêΓûë| 2987/3000 [25:42<00:05,  2.27it/s]
100%|ΓûêΓûêΓûêΓûêΓûêΓûêΓûêΓûêΓûêΓûë| 2988/3000 [25:43<00:06,  2.00it/s]
100%|ΓûêΓûêΓûêΓûêΓûêΓûêΓûêΓûêΓûêΓûë| 2989/3000 [25:44<00:05,  2.09it/s]
100%|ΓûêΓûêΓûêΓûêΓûêΓûêΓûêΓûêΓûêΓûë| 2990/3000 [25:44<00:05,  1.86it/s]
100%|ΓûêΓûêΓûêΓûêΓûêΓûêΓûêΓûêΓûêΓûë| 2991/3000 [25:45<00:04,  2.11it/s]
100%|ΓûêΓûêΓûêΓûêΓûêΓûêΓûêΓûêΓûêΓûë| 2992/3000 [25:45<00:04,  1.84it/s]
100%|ΓûêΓûêΓûêΓûêΓûêΓûêΓûêΓûêΓûêΓûë| 2993/3000 [25:46<00:03,  2.10it/s]
100%|ΓûêΓûêΓûêΓûêΓûêΓûêΓûêΓûêΓûêΓûë| 2994/3000 [25:46<00:03,  1.95it/s]
100%|ΓûêΓûêΓûêΓûêΓûêΓûêΓûêΓûêΓûêΓûë| 2995/3000 [25:47<00:02,  2.13it/s]
100%|ΓûêΓûêΓûêΓûêΓûêΓûêΓûêΓûêΓûêΓûë| 2996/3000 [25:47<00:01,  2.27it/s]
100%|ΓûêΓûêΓûêΓûêΓûêΓûêΓûêΓûêΓûêΓûë| 2997/3000 [25:47<00:01,  2.10it/s]
100%|ΓûêΓûêΓûêΓûêΓûêΓûêΓûêΓûêΓûêΓûë| 2998/3000 [25:48<00:01,  1.85it/s]
100%|ΓûêΓûêΓûêΓûêΓûêΓûêΓûêΓûêΓûêΓûë| 2999/3000 [25:49<00:00,  1.86it/s]
100%|ΓûêΓûêΓûêΓûêΓûêΓûêΓûêΓûêΓûêΓûê| 3000/3000 [25:49<00:00,  1.85it/s]
100%|ΓûêΓûêΓûêΓûêΓûêΓûêΓûêΓûêΓûêΓûê| 3000/3000 [25:49<00:00,  1.94it/s]
{"run_dir": "C:\\Users\\jv624\\Desktop\\fsm_reliability\\outputs\\fsm_grounding\\20261007_064657_20261007_052546_qwen25-7b-instruct_pilot3000", "status": {"ok": 2990, "no_step": 10}, "tf_argmax_agreement": 0.8432}
