python.exe : 
At C:\Users\jv624\Desktop\fsm_reliability\outputs\smollm_resume_queue.ps1:12 char:5
+     & $py @pyArgs 2>&1 | Out-File -Append -Encoding utf8 "outputs\que ...
+     ~~~~~~~~~~~~~~~~~~
    + CategoryInfo          : NotSpecified: (:String) [], RemoteException
    + FullyQualifiedErrorId : NativeCommandError
 
Loading weights:   0%|          | 0/218 [00:00<?, ?it/s]
Loading weights:   0%|          | 1/218 [00:00<00:35,  6.11it/s]
Loading weights:   6%|Γûî         | 12/218 [00:00<00:04, 50.84it/s]
Loading weights:  10%|Γûë         | 21/218 [00:00<00:03, 62.55it/s]
Loading weights:  14%|ΓûêΓûì        | 30/218 [00:00<00:02, 69.48it/s]
Loading weights:  18%|ΓûêΓûè        | 39/218 [00:00<00:02, 75.34it/s]
Loading weights:  22%|ΓûêΓûêΓûÅ       | 48/218 [00:00<00:02, 79.77it/s]
Loading weights:  26%|ΓûêΓûêΓûî       | 57/218 [00:00<00:01, 82.51it/s]
Loading weights:  31%|ΓûêΓûêΓûê       | 67/218 [00:00<00:01, 82.61it/s]
Loading weights:  35%|ΓûêΓûêΓûêΓûì      | 76/218 [00:01<00:01, 72.64it/s]
Loading weights:  39%|ΓûêΓûêΓûêΓûè      | 84/218 [00:01<00:01, 67.82it/s]
Loading weights:  42%|ΓûêΓûêΓûêΓûêΓûÅ     | 92/218 [00:01<00:01, 65.62it/s]
Loading weights:  45%|ΓûêΓûêΓûêΓûêΓûî     | 99/218 [00:01<00:02, 57.35it/s]
Loading weights:  48%|ΓûêΓûêΓûêΓûêΓûè     | 105/218 [00:01<00:02, 50.76it/s]
Loading weights:  51%|ΓûêΓûêΓûêΓûêΓûê     | 111/218 [00:01<00:02, 52.45it/s]
Loading weights:  54%|ΓûêΓûêΓûêΓûêΓûêΓûÄ    | 117/218 [00:01<00:01, 51.18it/s]
Loading weights:  56%|ΓûêΓûêΓûêΓûêΓûêΓûï    | 123/218 [00:02<00:01, 47.61it/s]
Loading weights:  60%|ΓûêΓûêΓûêΓûêΓûêΓûë    | 130/218 [00:02<00:01, 48.44it/s]
Loading weights:  63%|ΓûêΓûêΓûêΓûêΓûêΓûêΓûÄ   | 138/218 [00:02<00:01, 52.04it/s]
Loading weights:  66%|ΓûêΓûêΓûêΓûêΓûêΓûêΓûî   | 144/218 [00:02<00:01, 52.50it/s]
Loading weights:  69%|ΓûêΓûêΓûêΓûêΓûêΓûêΓûë   | 150/218 [00:02<00:01, 51.20it/s]
Loading weights:  72%|ΓûêΓûêΓûêΓûêΓûêΓûêΓûêΓûÅ  | 157/218 [00:02<00:01, 53.32it/s]
Loading weights:  76%|ΓûêΓûêΓûêΓûêΓûêΓûêΓûêΓûî  | 165/218 [00:02<00:00, 56.25it/s]
Loading weights:  78%|ΓûêΓûêΓûêΓûêΓûêΓûêΓûêΓûè  | 171/218 [00:02<00:00, 53.10it/s]
Loading weights:  81%|ΓûêΓûêΓûêΓûêΓûêΓûêΓûêΓûê  | 177/218 [00:03<00:00, 51.20it/s]
Loading weights:  84%|ΓûêΓûêΓûêΓûêΓûêΓûêΓûêΓûêΓûì | 184/218 [00:03<00:00, 52.58it/s]
Loading weights:  88%|ΓûêΓûêΓûêΓûêΓûêΓûêΓûêΓûêΓûè | 192/218 [00:03<00:00, 55.46it/s]
Loading weights:  91%|ΓûêΓûêΓûêΓûêΓûêΓûêΓûêΓûêΓûê | 198/218 [00:03<00:00, 52.59it/s]
Loading weights:  94%|ΓûêΓûêΓûêΓûêΓûêΓûêΓûêΓûêΓûêΓûÄ| 204/218 [00:03<00:00, 45.21it/s]
Loading weights:  96%|ΓûêΓûêΓûêΓûêΓûêΓûêΓûêΓûêΓûêΓûï| 210/218 [00:03<00:00, 46.61it/s]
Loading weights:  99%|ΓûêΓûêΓûêΓûêΓûêΓûêΓûêΓûêΓûêΓûè| 215/218 [00:03<00:00, 42.86it/s]
Loading weights: 100%|ΓûêΓûêΓûêΓûêΓûêΓûêΓûêΓûêΓûêΓûê| 218/218 [00:03<00:00, 55.50it/s]

  0%|          | 0/4500 [00:00<?, ?it/s]
  0%|          | 1/4500 [00:02<3:27:47,  2.77s/it]
  0%|          | 2/4500 [00:07<5:04:18,  4.06s/it]
  0%|          | 3/4500 [00:10<4:36:42,  3.69s/it]
  0%|          | 4/4500 [00:14<4:23:18,  3.51s/it]
  0%|          | 5/4500 [00:16<3:54:04,  3.12s/it]
  0%|          | 6/4500 [00:23<5:20:08,  4.27s/it]
  0%|          | 7/4500 [00:26<4:53:47,  3.92s/it]
  0%|          | 8/4500 [00:29<4:37:01,  3.70s/it]
  0%|          | 9/4500 [00:31<4:05:25,  3.28s/it]
  0%|          | 10/4500 [00:35<4:03:42,  3.26s/it]
  0%|          | 11/4500 [00:41<5:06:37,  4.10s/it]
  0%|          | 12/4500 [00:44<4:44:02,  3.80s/it]
  0%|          | 13/4500 [00:47<4:21:23,  3.50s/it]
  0%|          | 14/4500 [00:50<4:11:45,  3.37s/it]
  0%|          | 15/4500 [00:52<3:54:32,  3.14s/it]
  0%|          | 16/4500 [00:55<3:49:32,  3.07s/it]
  0%|          | 17/4500 [00:58<3:41:31,  2.96s/it]
  0%|          | 18/4500 [01:01<3:41:20,  2.96s/it]
  0%|          | 19/4500 [01:04<3:38:05,  2.92s/it]
  0%|          | 20/4500 [01:07<3:53:53,  3.13s/it]
  0%|          | 21/4500 [01:10<3:49:07,  3.07s/it]
  0%|          | 22/4500 [01:15<4:38:43,  3.73s/it]
  1%|          | 23/4500 [01:18<4:09:04,  3.34s/it]
  1%|          | 24/4500 [01:21<4:08:25,  3.33s/it]
  1%|          | 25/4500 [01:24<3:54:36,  3.15s/it]
  1%|          | 26/4500 [01:27<3:55:43,  3.16s/it]
  1%|          | 27/4500 [01:29<3:37:27,  2.92s/it]
  1%|          | 28/4500 [01:33<3:55:17,  3.16s/it]
  1%|          | 29/4500 [01:36<3:36:37,  2.91s/it]
  1%|          | 30/4500 [01:39<3:51:45,  3.11s/it]
  1%|          | 31/4500 [01:42<3:40:46,  2.96s/it]
  1%|          | 32/4500 [01:45<3:55:51,  3.17s/it]
  1%|          | 33/4500 [01:55<6:10:11,  4.97s/it]
  1%|          | 34/4500 [01:58<5:40:13,  4.57s/it]
  1%|          | 35/4500 [02:01<4:56:51,  3.99s/it]
  1%|          | 36/4500 [02:05<4:57:18,  4.00s/it]
  1%|          | 37/4500 [02:07<4:21:23,  3.51s/it]
  1%|          | 38/4500 [02:10<4:13:19,  3.41s/it]
  1%|          | 39/4500 [02:13<3:54:57,  3.16s/it]
  1%|          | 40/4500 [02:16<3:56:30,  3.18s/it]
  1%|          | 41/4500 [02:19<3:44:30,  3.02s/it]
  1%|          | 42/4500 [02:23<3:59:48,  3.23s/it]
  1%|          | 43/4500 [02:25<3:41:53,  2.99s/it]
  1%|          | 44/4500 [02:33<5:45:13,  4.65s/it]
  1%|          | 45/4500 [02:41<6:59:25,  5.65s/it]
  1%|          | 46/4500 [02:45<6:19:10,  5.11s/it]
  1%|          | 47/4500 [02:49<5:39:24,  4.57s/it]
  1%|          | 48/4500 [02:52<5:05:46,  4.12s/it]
  1%|          | 49/4500 [02:54<4:29:56,  3.64s/it]
  1%|          | 50/4500 [02:58<4:21:55,  3.53s/it]
  1%|          | 51/4500 [03:00<3:55:46,  3.18s/it]
  1%|          | 52/4500 [03:03<3:52:26,  3.14s/it]
  1%|          | 53/4500 [03:07<4:02:46,  3.28s/it]
  1%|          | 54/4500 [03:10<4:01:01,  3.25s/it]
  1%|          | 55/4500 [03:13<3:59:22,  3.23s/it]
  1%|          | 56/4500 [03:16<4:05:20,  3.31s/it]
  1%|ΓûÅ         | 57/4500 [03:20<4:13:42,  3.43s/it]
  1%|ΓûÅ         | 58/4500 [03:27<5:26:54,  4.42s/it]
  1%|ΓûÅ         | 59/4500 [03:29<4:42:33,  3.82s/it]
  1%|ΓûÅ         | 60/4500 [03:33<4:39:28,  3.78s/it]
  1%|ΓûÅ         | 61/4500 [03:35<4:12:00,  3.41s/it]
  1%|ΓûÅ         | 62/4500 [03:39<4:07:02,  3.34s/it]
  1%|ΓûÅ         | 63/4500 [03:41<3:48:24,  3.09s/it]
  1%|ΓûÅ         | 64/4500 [03:44<3:51:19,  3.13s/it]
  1%|ΓûÅ         | 65/4500 [03:47<3:33:50,  2.89s/it]
  1%|ΓûÅ         | 66/4500 [03:50<3:43:04,  3.02s/it]
  1%|ΓûÅ         | 67/4500 [03:52<3:30:36,  2.85s/it]
  2%|ΓûÅ         | 68/4500 [03:55<3:32:26,  2.88s/it]
  2%|ΓûÅ         | 69/4500 [03:59<3:42:37,  3.01s/it]
  2%|ΓûÅ         | 70/4500 [04:02<3:45:35,  3.06s/it]
  2%|ΓûÅ         | 71/4500 [04:08<4:45:43,  3.87s/it]
  2%|ΓûÅ         | 72/4500 [04:11<4:26:55,  3.62s/it]
  2%|ΓûÅ         | 73/4500 [04:17<5:27:25,  4.44s/it]
  2%|ΓûÅ         | 74/4500 [04:20<4:59:54,  4.07s/it]
  2%|ΓûÅ         | 75/4500 [04:23<4:30:56,  3.67s/it]
  2%|ΓûÅ         | 76/4500 [04:26<4:16:13,  3.48s/it]
  2%|ΓûÅ         | 77/4500 [04:28<3:50:39,  3.13s/it]
  2%|ΓûÅ         | 78/4500 [04:35<5:07:13,  4.17s/it]
  2%|ΓûÅ         | 79/4500 [04:41<5:41:43,  4.64s/it]
  2%|ΓûÅ         | 80/4500 [04:45<5:29:09,  4.47s/it]
  2%|ΓûÅ         | 81/4500 [04:48<4:58:37,  4.05s/it]
  2%|ΓûÅ         | 82/4500 [04:51<4:34:11,  3.72s/it]
  2%|ΓûÅ         | 83/4500 [04:53<4:09:54,  3.39s/it]
  2%|ΓûÅ         | 84/4500 [04:56<3:59:57,  3.26s/it]
  2%|ΓûÅ         | 85/4500 [05:01<4:32:59,  3.71s/it]
  2%|ΓûÅ         | 86/4500 [05:05<4:35:08,  3.74s/it]
  2%|ΓûÅ         | 87/4500 [05:07<4:07:03,  3.36s/it]
  2%|ΓûÅ         | 88/4500 [05:11<4:05:31,  3.34s/it]
  2%|ΓûÅ         | 89/4500 [05:13<3:49:57,  3.13s/it]
  2%|ΓûÅ         | 90/4500 [05:16<3:47:02,  3.09s/it]
  2%|ΓûÅ         | 91/4500 [05:19<3:33:45,  2.91s/it]
  2%|ΓûÅ         | 92/4500 [05:22<3:36:44,  2.95s/it]
  2%|ΓûÅ         | 93/4500 [05:24<3:24:10,  2.78s/it]
  2%|ΓûÅ         | 94/4500 [05:28<3:50:00,  3.13s/it]
  2%|ΓûÅ         | 95/4500 [05:31<3:47:23,  3.10s/it]
  2%|ΓûÅ         | 96/4500 [05:36<4:17:08,  3.50s/it]
  2%|ΓûÅ         | 97/4500 [05:38<3:59:35,  3.26s/it]
  2%|ΓûÅ         | 98/4500 [05:42<4:07:19,  3.37s/it]
  2%|ΓûÅ         | 99/4500 [05:45<3:50:32,  3.14s/it]
  2%|ΓûÅ         | 100/4500 [05:48<3:55:23,  3.21s/it]
  2%|ΓûÅ         | 101/4500 [05:50<3:33:17,  2.91s/it]
  2%|ΓûÅ         | 102/4500 [05:54<3:46:29,  3.09s/it]
  2%|ΓûÅ         | 103/4500 [05:56<3:37:50,  2.97s/it]
  2%|ΓûÅ         | 104/4500 [05:59<3:40:40,  3.01s/it]
  2%|ΓûÅ         | 105/4500 [06:03<3:42:03,  3.03s/it]
  2%|ΓûÅ         | 106/4500 [06:07<4:07:21,  3.38s/it]
  2%|ΓûÅ         | 107/4500 [06:12<4:51:16,  3.98s/it]
  2%|ΓûÅ         | 108/4500 [06:16<4:38:22,  3.80s/it]
  2%|ΓûÅ         | 109/4500 [06:18<4:15:24,  3.49s/it]
  2%|ΓûÅ         | 110/4500 [06:21<4:09:01,  3.40s/it]
  2%|ΓûÅ         | 111/4500 [06:24<3:47:23,  3.11s/it]
  2%|ΓûÅ         | 112/4500 [06:30<4:56:46,  4.06s/it]
  3%|ΓûÄ         | 113/4500 [06:33<4:31:37,  3.72s/it]
  3%|ΓûÄ         | 114/4500 [06:36<4:20:42,  3.57s/it]
  3%|ΓûÄ         | 115/4500 [06:39<3:55:47,  3.23s/it]
  3%|ΓûÄ         | 116/4500 [06:43<4:11:59,  3.45s/it]
  3%|ΓûÄ         | 117/4500 [06:48<4:45:35,  3.91s/it]
  3%|ΓûÄ         | 118/4500 [06:51<4:30:03,  3.70s/it]
  3%|ΓûÄ         | 119/4500 [06:54<4:06:19,  3.37s/it]
  3%|ΓûÄ         | 120/4500 [06:57<4:01:28,  3.31s/it]
  3%|ΓûÄ         | 121/4500 [06:59<3:45:37,  3.09s/it]
  3%|ΓûÄ         | 122/4500 [07:02<3:42:45,  3.05s/it]
  3%|ΓûÄ         | 123/4500 [07:05<3:34:08,  2.94s/it]
  3%|ΓûÄ         | 124/4500 [07:08<3:43:42,  3.07s/it]
  3%|ΓûÄ         | 125/4500 [07:13<4:21:12,  3.58s/it]
  3%|ΓûÄ         | 126/4500 [07:16<4:14:49,  3.50s/it]
  3%|ΓûÄ         | 127/4500 [07:19<3:53:32,  3.20s/it]
  3%|ΓûÄ         | 128/4500 [07:22<3:54:45,  3.22s/it]
  3%|ΓûÄ         | 129/4500 [07:28<4:54:03,  4.04s/it]
  3%|ΓûÄ         | 130/4500 [07:31<4:40:23,  3.85s/it]
  3%|ΓûÄ         | 131/4500 [07:35<4:24:33,  3.63s/it]
  3%|ΓûÄ         | 132/4500 [07:38<4:12:04,  3.46s/it]
  3%|ΓûÄ         | 133/4500 [07:40<3:48:56,  3.15s/it]
  3%|ΓûÄ         | 134/4500 [07:43<3:53:29,  3.21s/it]
  3%|ΓûÄ         | 135/4500 [07:46<3:35:08,  2.96s/it]
  3%|ΓûÄ         | 136/4500 [07:49<3:35:22,  2.96s/it]
  3%|ΓûÄ         | 137/4500 [07:52<3:38:16,  3.00s/it]
  3%|ΓûÄ         | 138/4500 [07:55<3:42:20,  3.06s/it]
  3%|ΓûÄ         | 139/4500 [07:58<3:33:46,  2.94s/it]
  3%|ΓûÄ         | 140/4500 [08:01<3:35:39,  2.97s/it]
  3%|ΓûÄ         | 141/4500 [08:03<3:28:56,  2.88s/it]
  3%|ΓûÄ         | 142/4500 [08:07<3:37:18,  2.99s/it]
  3%|ΓûÄ         | 143/4500 [08:09<3:27:49,  2.86s/it]
  3%|ΓûÄ         | 144/4500 [08:12<3:32:02,  2.92s/it]
  3%|ΓûÄ         | 145/4500 [08:15<3:38:15,  3.01s/it]
  3%|ΓûÄ         | 146/4500 [08:19<3:43:14,  3.08s/it]
  3%|ΓûÄ         | 147/4500 [08:21<3:30:30,  2.90s/it]
  3%|ΓûÄ         | 148/4500 [08:24<3:37:05,  2.99s/it]
  3%|ΓûÄ         | 149/4500 [08:27<3:32:31,  2.93s/it]
  3%|ΓûÄ         | 150/4500 [08:30<3:37:18,  3.00s/it]
  3%|ΓûÄ         | 151/4500 [08:33<3:32:21,  2.93s/it]
  3%|ΓûÄ         | 152/4500 [08:37<3:44:17,  3.10s/it]
  3%|ΓûÄ         | 153/4500 [08:40<3:49:27,  3.17s/it]
  3%|ΓûÄ         | 154/4500 [08:43<3:49:23,  3.17s/it]
  3%|ΓûÄ         | 155/4500 [08:46<3:52:55,  3.22s/it]
  3%|ΓûÄ         | 156/4500 [08:52<4:41:56,  3.89s/it]
  3%|ΓûÄ         | 157/4500 [08:54<4:08:11,  3.43s/it]
  4%|ΓûÄ         | 158/4500 [08:58<4:12:00,  3.48s/it]
  4%|ΓûÄ         | 159/4500 [09:01<3:57:13,  3.28s/it]
  4%|ΓûÄ         | 160/4500 [09:04<3:52:44,  3.22s/it]
  4%|ΓûÄ         | 161/4500 [09:07<3:48:05,  3.15s/it]
  4%|ΓûÄ         | 162/4500 [09:10<3:52:15,  3.21s/it]
  4%|ΓûÄ         | 163/4500 [09:16<4:47:50,  3.98s/it]
  4%|ΓûÄ         | 164/4500 [09:19<4:31:53,  3.76s/it]
  4%|ΓûÄ         | 165/4500 [09:22<4:04:09,  3.38s/it]
  4%|ΓûÄ         | 166/4500 [09:25<4:00:58,  3.34s/it]
  4%|ΓûÄ         | 167/4500 [09:27<3:41:46,  3.07s/it]
  4%|ΓûÄ         | 168/4500 [09:31<3:51:13,  3.20s/it]
  4%|Γûì         | 169/4500 [09:33<3:34:34,  2.97s/it]
  4%|Γûì         | 170/4500 [09:36<3:35:50,  2.99s/it]
  4%|Γûì         | 171/4500 [09:39<3:26:41,  2.86s/it]
  4%|Γûì         | 172/4500 [09:42<3:35:12,  2.98s/it]
  4%|Γûì         | 173/4500 [09:45<3:30:50,  2.92s/it]
  4%|Γûì         | 174/4500 [09:48<3:36:26,  3.00s/it]
  4%|Γûì         | 175/4500 [09:59<6:22:55,  5.31s/it]
  4%|Γûì         | 176/4500 [10:03<6:05:59,  5.08s/it]
  4%|Γûì         | 177/4500 [10:10<6:37:20,  5.51s/it]
  4%|Γûì         | 178/4500 [10:12<5:22:51,  4.48s/it]
  4%|Γûì         | 179/4500 [10:14<4:41:05,  3.90s/it]
  4%|Γûì         | 180/4500 [10:18<4:39:25,  3.88s/it]
  4%|Γûì         | 181/4500 [10:24<5:28:14,  4.56s/it]
  4%|Γûì         | 182/4500 [10:27<4:54:06,  4.09s/it]
  4%|Γûì         | 183/4500 [10:33<5:29:31,  4.58s/it]
  4%|Γûì         | 184/4500 [10:37<5:07:32,  4.28s/it]
  4%|Γûì         | 185/4500 [10:40<4:35:57,  3.84s/it]
  4%|Γûì         | 186/4500 [10:43<4:21:31,  3.64s/it]
  4%|Γûì         | 187/4500 [10:46<4:09:38,  3.47s/it]
  4%|Γûì         | 188/4500 [10:49<3:59:55,  3.34s/it]
  4%|Γûì         | 189/4500 [10:52<3:45:37,  3.14s/it]
  4%|Γûì         | 190/4500 [10:55<3:52:48,  3.24s/it]
  4%|Γûì         | 191/4500 [10:58<3:40:03,  3.06s/it]
  4%|Γûì         | 192/4500 [11:01<3:42:55,  3.10s/it]
  4%|Γûì         | 193/4500 [11:04<3:34:28,  2.99s/it]
  4%|Γûì         | 194/4500 [11:07<3:42:58,  3.11s/it]
  4%|Γûì         | 195/4500 [11:10<3:46:46,  3.16s/it]
  4%|Γûì         | 196/4500 [11:13<3:42:14,  3.10s/it]
  4%|Γûì         | 197/4500 [11:22<5:39:43,  4.74s/it]
  4%|Γûì         | 198/4500 [11:25<5:18:21,  4.44s/it]
  4%|Γûì         | 199/4500 [11:28<4:39:49,  3.90s/it]
  4%|Γûì         | 200/4500 [11:31<4:27:48,  3.74s/it]
  4%|Γûì         | 201/4500 [11:34<3:58:01,  3.32s/it]
  4%|Γûì         | 202/4500 [11:37<4:01:05,  3.37s/it]
  5%|Γûì         | 203/4500 [11:40<3:48:54,  3.20s/it]
  5%|Γûì         | 204/4500 [11:43<3:49:02,  3.20s/it]
  5%|Γûì         | 205/4500 [11:46<3:34:14,  2.99s/it]
  5%|Γûì         | 206/4500 [11:49<3:38:11,  3.05s/it]
  5%|Γûì         | 207/4500 [11:52<3:39:00,  3.06s/it]
  5%|Γûì         | 208/4500 [11:55<3:35:41,  3.02s/it]
  5%|Γûì         | 209/4500 [11:57<3:23:44,  2.85s/it]
  5%|Γûì         | 210/4500 [12:01<3:30:33,  2.94s/it]
  5%|Γûì         | 211/4500 [12:07<4:50:53,  4.07s/it]
  5%|Γûì         | 212/4500 [12:10<4:31:20,  3.80s/it]
  5%|Γûì         | 213/4500 [12:14<4:28:02,  3.75s/it]
  5%|Γûì         | 214/4500 [12:18<4:26:40,  3.73s/it]
  5%|Γûì         | 215/4500 [12:20<3:59:19,  3.35s/it]
  5%|Γûì         | 216/4500 [12:24<4:03:09,  3.41s/it]
  5%|Γûì         | 217/4500 [12:30<4:59:57,  4.20s/it]
  5%|Γûì         | 218/4500 [12:37<5:51:32,  4.93s/it]
  5%|Γûì         | 219/4500 [12:41<5:45:08,  4.84s/it]
  5%|Γûì         | 220/4500 [12:44<5:08:36,  4.33s/it]
  5%|Γûì         | 221/4500 [12:48<4:46:17,  4.01s/it]
  5%|Γûì         | 222/4500 [12:51<4:29:49,  3.78s/it]
  5%|Γûì         | 223/4500 [12:53<4:05:02,  3.44s/it]
  5%|Γûì         | 224/4500 [12:56<3:55:44,  3.31s/it]
  5%|Γûî         | 225/4500 [12:59<3:47:07,  3.19s/it]
  5%|Γûî         | 226/4500 [13:09<6:05:14,  5.13s/it]
  5%|Γûî         | 227/4500 [13:12<5:17:07,  4.45s/it]
  5%|Γûî         | 228/4500 [13:16<5:16:11,  4.44s/it]
  5%|Γûî         | 229/4500 [13:20<4:50:46,  4.08s/it]
  5%|Γûî         | 230/4500 [13:23<4:29:03,  3.78s/it]
  5%|Γûî         | 231/4500 [13:26<4:22:32,  3.69s/it]
  5%|Γûî         | 232/4500 [13:29<4:08:17,  3.49s/it]
  5%|Γûî         | 233/4500 [13:32<3:47:41,  3.20s/it]
  5%|Γûî         | 234/4500 [13:35<3:40:57,  3.11s/it]
  5%|Γûî         | 235/4500 [13:37<3:36:26,  3.04s/it]
  5%|Γûî         | 236/4500 [13:41<3:44:17,  3.16s/it]
  5%|Γûî         | 237/4500 [13:44<3:34:34,  3.02s/it]
  5%|Γûî         | 238/4500 [13:47<3:53:06,  3.28s/it]
  5%|Γûî         | 239/4500 [13:50<3:34:54,  3.03s/it]
  5%|Γûî         | 240/4500 [13:53<3:38:29,  3.08s/it]
  5%|Γûî         | 241/4500 [13:56<3:31:34,  2.98s/it]
  5%|Γûî         | 242/4500 [14:02<4:35:59,  3.89s/it]
  5%|Γûî         | 243/4500 [14:06<4:33:09,  3.85s/it]
  5%|Γûî         | 244/4500 [14:09<4:19:38,  3.66s/it]
  5%|Γûî         | 245/4500 [14:12<4:15:40,  3.61s/it]
  5%|Γûî         | 246/4500 [14:15<4:06:49,  3.48s/it]
  5%|Γûî         | 247/4500 [14:18<3:47:55,  3.22s/it]
  6%|Γûî         | 248/4500 [14:21<3:47:10,  3.21s/it]
  6%|Γûî         | 249/4500 [14:24<3:35:05,  3.04s/it]
  6%|Γûî         | 250/4500 [14:27<3:36:03,  3.05s/it]
  6%|Γûî         | 251/4500 [14:30<3:27:37,  2.93s/it]
  6%|Γûî         | 252/4500 [14:33<3:41:52,  3.13s/it]
  6%|Γûî         | 253/4500 [14:36<3:44:22,  3.17s/it]
  6%|Γûî         | 254/4500 [14:40<3:44:25,  3.17s/it]
  6%|Γûî         | 255/4500 [14:50<6:07:13,  5.19s/it]
  6%|Γûî         | 256/4500 [14:55<6:02:12,  5.12s/it]
  6%|Γûî         | 257/4500 [14:59<5:38:42,  4.79s/it]
  6%|Γûî         | 258/4500 [15:02<5:04:09,  4.30s/it]
  6%|Γûî         | 259/4500 [15:04<4:26:36,  3.77s/it]
  6%|Γûî         | 260/4500 [15:08<4:18:18,  3.66s/it]
  6%|Γûî         | 261/4500 [15:10<3:58:25,  3.37s/it]
  6%|Γûî         | 262/4500 [15:18<5:23:13,  4.58s/it]
  6%|Γûî         | 263/4500 [15:20<4:39:31,  3.96s/it]
  6%|Γûî         | 264/4500 [15:23<4:23:14,  3.73s/it]
  6%|Γûî         | 265/4500 [15:26<3:59:18,  3.39s/it]
  6%|Γûî         | 266/4500 [15:29<3:58:37,  3.38s/it]
  6%|Γûî         | 267/4500 [15:32<3:47:56,  3.23s/it]
  6%|Γûî         | 268/4500 [15:35<3:41:41,  3.14s/it]
  6%|Γûî         | 269/4500 [15:38<3:28:36,  2.96s/it]
  6%|Γûî         | 270/4500 [15:41<3:32:46,  3.02s/it]
  6%|Γûî         | 271/4500 [15:44<3:39:11,  3.11s/it]
  6%|Γûî         | 272/4500 [15:47<3:38:11,  3.10s/it]
  6%|Γûî         | 273/4500 [15:50<3:38:11,  3.10s/it]
  6%|Γûî         | 274/4500 [15:54<3:59:19,  3.40s/it]
  6%|Γûî         | 275/4500 [15:58<3:57:28,  3.37s/it]
  6%|Γûî         | 276/4500 [16:07<5:56:23,  5.06s/it]
  6%|Γûî         | 277/4500 [16:09<5:05:49,  4.35s/it]
  6%|Γûî         | 278/4500 [16:13<4:38:06,  3.95s/it]
  6%|Γûî         | 279/4500 [16:15<4:12:27,  3.59s/it]
  6%|Γûî         | 280/4500 [16:18<4:01:28,  3.43s/it]
  6%|Γûî         | 281/4500 [16:21<3:43:29,  3.18s/it]
  6%|Γûï         | 282/4500 [16:25<3:54:59,  3.34s/it]
  6%|Γûï         | 283/4500 [16:28<3:46:43,  3.23s/it]
  6%|Γûï         | 284/4500 [16:30<3:39:01,  3.12s/it]
  6%|Γûï         | 285/4500 [16:33<3:32:26,  3.02s/it]
  6%|Γûï         | 286/4500 [16:36<3:35:00,  3.06s/it]
  6%|Γûï         | 287/4500 [16:39<3:23:52,  2.90s/it]
  6%|Γûï         | 288/4500 [16:42<3:23:31,  2.90s/it]
  6%|Γûï         | 289/4500 [16:44<3:14:12,  2.77s/it]
  6%|Γûï         | 290/4500 [16:47<3:18:18,  2.83s/it]
  6%|Γûï         | 291/4500 [16:50<3:06:36,  2.66s/it]
  6%|Γûï         | 292/4500 [16:53<3:22:49,  2.89s/it]
  7%|Γûï         | 293/4500 [16:56<3:31:54,  3.02s/it]
  7%|Γûï         | 294/4500 [16:59<3:33:59,  3.05s/it]
  7%|Γûï         | 295/4500 [17:02<3:26:02,  2.94s/it]
  7%|Γûï         | 296/4500 [17:06<3:39:40,  3.14s/it]
  7%|Γûï         | 297/4500 [17:09<3:36:16,  3.09s/it]
  7%|Γûï         | 298/4500 [17:12<3:37:17,  3.10s/it]
  7%|Γûï         | 299/4500 [17:17<4:28:02,  3.83s/it]
  7%|Γûï         | 300/4500 [17:22<4:41:16,  4.02s/it]
  7%|Γûï         | 301/4500 [17:25<4:16:25,  3.66s/it]
  7%|Γûï         | 302/4500 [17:28<4:05:25,  3.51s/it]
  7%|Γûï         | 303/4500 [17:33<4:49:36,  4.14s/it]
  7%|Γûï         | 304/4500 [17:37<4:29:13,  3.85s/it]
  7%|Γûï         | 305/4500 [17:39<3:58:00,  3.40s/it]
  7%|Γûï         | 306/4500 [17:42<3:50:55,  3.30s/it]
  7%|Γûï         | 307/4500 [17:45<3:34:59,  3.08s/it]
  7%|Γûï         | 308/4500 [17:50<4:32:10,  3.90s/it]
  7%|Γûï         | 309/4500 [17:53<4:00:50,  3.45s/it]
  7%|Γûï         | 310/4500 [17:56<3:54:34,  3.36s/it]
  7%|Γûï         | 311/4500 [17:59<3:42:15,  3.18s/it]
  7%|Γûï         | 312/4500 [18:02<3:36:19,  3.10s/it]
  7%|Γûï         | 313/4500 [18:04<3:23:23,  2.91s/it]
  7%|Γûï         | 314/4500 [18:07<3:31:12,  3.03s/it]
  7%|Γûï         | 315/4500 [18:10<3:20:55,  2.88s/it]
  7%|Γûï         | 316/4500 [18:13<3:21:39,  2.89s/it]
  7%|Γûï         | 317/4500 [18:15<3:12:03,  2.75s/it]
  7%|Γûï         | 318/4500 [18:18<3:19:41,  2.86s/it]
  7%|Γûï         | 319/4500 [18:21<3:10:17,  2.73s/it]
  7%|Γûï         | 320/4500 [18:25<3:41:43,  3.18s/it]
  7%|Γûï         | 321/4500 [18:27<3:27:16,  2.98s/it]
  7%|Γûï         | 322/4500 [18:31<3:47:18,  3.26s/it]
  7%|Γûï         | 323/4500 [18:34<3:28:12,  2.99s/it]
  7%|Γûï         | 324/4500 [18:37<3:26:58,  2.97s/it]
  7%|Γûï         | 325/4500 [18:40<3:32:40,  3.06s/it]
  7%|Γûï         | 326/4500 [18:43<3:26:00,  2.96s/it]
  7%|Γûï         | 327/4500 [18:46<3:35:15,  3.10s/it]
  7%|Γûï         | 328/4500 [18:49<3:31:06,  3.04s/it]
  7%|Γûï         | 329/4500 [18:52<3:31:05,  3.04s/it]
  7%|Γûï         | 330/4500 [18:56<3:40:37,  3.17s/it]
  7%|Γûï         | 332/4500 [18:58<2:37:42,  2.27s/it]
  7%|Γûï         | 333/4500 [19:01<2:53:04,  2.49s/it]
  7%|Γûï         | 334/4500 [19:04<2:50:41,  2.46s/it]
  7%|Γûï         | 335/4500 [19:07<3:01:01,  2.61s/it]
  7%|Γûï         | 336/4500 [19:09<2:57:44,  2.56s/it]
  7%|Γûï         | 337/4500 [19:12<3:09:47,  2.74s/it]
  8%|Γûè         | 338/4500 [19:15<3:11:17,  2.76s/it]
  8%|Γûè         | 339/4500 [19:19<3:29:40,  3.02s/it]
  8%|Γûè         | 340/4500 [19:21<3:17:16,  2.85s/it]
  8%|Γûè         | 341/4500 [19:24<3:17:43,  2.85s/it]
  8%|Γûè         | 342/4500 [19:27<3:12:44,  2.78s/it]
  8%|Γûè         | 343/4500 [19:30<3:19:20,  2.88s/it]
  8%|Γûè         | 344/4500 [19:33<3:34:51,  3.10s/it]
  8%|Γûè         | 345/4500 [19:37<3:39:09,  3.16s/it]
  8%|Γûè         | 346/4500 [19:39<3:29:32,  3.03s/it]
  8%|Γûè         | 347/4500 [19:43<3:47:05,  3.28s/it]
  8%|Γûè         | 348/4500 [19:46<3:35:56,  3.12s/it]
  8%|Γûè         | 349/4500 [19:49<3:36:56,  3.14s/it]
  8%|Γûè         | 350/4500 [19:52<3:38:55,  3.17s/it]
  8%|Γûè         | 351/4500 [19:55<3:32:41,  3.08s/it]
  8%|Γûè         | 352/4500 [20:00<4:16:58,  3.72s/it]
  8%|Γûè         | 353/4500 [20:05<4:33:47,  3.96s/it]
  8%|Γûè         | 354/4500 [20:07<4:02:36,  3.51s/it]
  8%|Γûè         | 355/4500 [20:11<3:56:34,  3.42s/it]
  8%|Γûè         | 356/4500 [20:13<3:37:41,  3.15s/it]
  8%|Γûè         | 357/4500 [20:16<3:39:25,  3.18s/it]
  8%|Γûè         | 358/4500 [20:19<3:24:45,  2.97s/it]
  8%|Γûè         | 359/4500 [20:25<4:26:01,  3.85s/it]
  8%|Γûè         | 360/4500 [20:31<5:16:29,  4.59s/it]
  8%|Γûè         | 361/4500 [20:34<4:51:24,  4.22s/it]
  8%|Γûè         | 362/4500 [20:37<4:20:15,  3.77s/it]
  8%|Γûè         | 363/4500 [20:40<4:02:31,  3.52s/it]
  8%|Γûè         | 364/4500 [20:43<3:42:50,  3.23s/it]
  8%|Γûè         | 365/4500 [20:46<3:45:28,  3.27s/it]
  8%|Γûè         | 366/4500 [20:48<3:29:37,  3.04s/it]
  8%|Γûè         | 367/4500 [20:52<3:33:32,  3.10s/it]
  8%|Γûè         | 368/4500 [20:55<3:30:30,  3.06s/it]
  8%|Γûè         | 369/4500 [20:59<3:51:05,  3.36s/it]
  8%|Γûè         | 370/4500 [21:01<3:37:38,  3.16s/it]
  8%|Γûè         | 371/4500 [21:05<3:38:19,  3.17s/it]
  8%|Γûè         | 372/4500 [21:07<3:26:04,  3.00s/it]
  8%|Γûè         | 373/4500 [21:10<3:26:29,  3.00s/it]
  8%|Γûè         | 374/4500 [21:13<3:26:28,  3.00s/it]
  8%|Γûè         | 375/4500 [21:16<3:30:51,  3.07s/it]
  8%|Γûè         | 376/4500 [21:19<3:26:48,  3.01s/it]
  8%|Γûè         | 377/4500 [21:22<3:29:55,  3.06s/it]
  8%|Γûè         | 378/4500 [21:25<3:16:02,  2.85s/it]
  8%|Γûè         | 379/4500 [21:28<3:16:59,  2.87s/it]
  8%|Γûè         | 380/4500 [21:30<3:12:34,  2.80s/it]
  8%|Γûè         | 381/4500 [21:34<3:18:15,  2.89s/it]
  8%|Γûè         | 382/4500 [21:40<4:34:54,  4.01s/it]
  9%|Γûè         | 383/4500 [21:43<4:21:07,  3.81s/it]
  9%|Γûè         | 384/4500 [21:46<3:52:52,  3.39s/it]
  9%|Γûè         | 385/4500 [21:49<3:50:55,  3.37s/it]
  9%|Γûè         | 386/4500 [21:55<4:31:22,  3.96s/it]
  9%|Γûè         | 387/4500 [21:58<4:11:59,  3.68s/it]
  9%|Γûè         | 388/4500 [22:00<3:54:23,  3.42s/it]
  9%|Γûè         | 389/4500 [22:03<3:46:01,  3.30s/it]
  9%|Γûè         | 390/4500 [22:06<3:39:33,  3.21s/it]
  9%|Γûè         | 391/4500 [22:10<3:38:43,  3.19s/it]
  9%|Γûè         | 392/4500 [22:12<3:23:09,  2.97s/it]
  9%|Γûè         | 393/4500 [22:15<3:26:46,  3.02s/it]
  9%|Γûë         | 394/4500 [22:21<4:15:19,  3.73s/it]
  9%|Γûë         | 395/4500 [22:27<5:02:47,  4.43s/it]
  9%|Γûë         | 396/4500 [22:31<5:08:42,  4.51s/it]
  9%|Γûë         | 397/4500 [22:34<4:41:45,  4.12s/it]
  9%|Γûë         | 398/4500 [22:37<4:13:28,  3.71s/it]
  9%|Γûë         | 399/4500 [22:40<3:59:15,  3.50s/it]
  9%|Γûë         | 400/4500 [22:44<3:54:19,  3.43s/it]
  9%|Γûë         | 401/4500 [22:47<3:45:44,  3.30s/it]
  9%|Γûë         | 402/4500 [22:49<3:35:51,  3.16s/it]
  9%|Γûë         | 403/4500 [22:52<3:34:21,  3.14s/it]
  9%|Γûë         | 404/4500 [22:56<3:35:46,  3.16s/it]
  9%|Γûë         | 405/4500 [22:59<3:36:01,  3.17s/it]
  9%|Γûë         | 406/4500 [23:02<3:26:35,  3.03s/it]
  9%|Γûë         | 407/4500 [23:05<3:37:59,  3.20s/it]
  9%|Γûë         | 408/4500 [23:08<3:41:16,  3.24s/it]
  9%|Γûë         | 409/4500 [23:11<3:34:07,  3.14s/it]
  9%|Γûë         | 410/4500 [23:15<3:38:33,  3.21s/it]
  9%|Γûë         | 411/4500 [23:18<3:36:44,  3.18s/it]
  9%|Γûë         | 412/4500 [23:21<3:26:17,  3.03s/it]
  9%|Γûë         | 413/4500 [23:24<3:31:22,  3.10s/it]
  9%|Γûë         | 414/4500 [23:26<3:16:30,  2.89s/it]
  9%|Γûë         | 415/4500 [23:29<3:11:02,  2.81s/it]
  9%|Γûë         | 416/4500 [23:31<3:07:39,  2.76s/it]
  9%|Γûë         | 417/4500 [23:35<3:33:07,  3.13s/it]
  9%|Γûë         | 418/4500 [23:38<3:26:38,  3.04s/it]
  9%|Γûë         | 419/4500 [23:41<3:28:22,  3.06s/it]
  9%|Γûë         | 420/4500 [23:45<3:33:38,  3.14s/it]
  9%|Γûë         | 421/4500 [23:48<3:33:39,  3.14s/it]
  9%|Γûë         | 422/4500 [23:51<3:35:14,  3.17s/it]
  9%|Γûë         | 423/4500 [23:54<3:29:01,  3.08s/it]
  9%|Γûë         | 424/4500 [23:57<3:35:57,  3.18s/it]
  9%|Γûë         | 425/4500 [24:01<3:52:46,  3.43s/it]
  9%|Γûë         | 426/4500 [24:04<3:37:51,  3.21s/it]
  9%|Γûë         | 427/4500 [24:07<3:36:34,  3.19s/it]
 10%|Γûë         | 428/4500 [24:10<3:23:15,  2.99s/it]
 10%|Γûë         | 429/4500 [24:18<5:00:47,  4.43s/it]
 10%|Γûë         | 430/4500 [24:20<4:22:57,  3.88s/it]
 10%|Γûë         | 431/4500 [24:23<4:06:09,  3.63s/it]
 10%|Γûë         | 432/4500 [24:26<3:48:56,  3.38s/it]
 10%|Γûë         | 433/4500 [24:33<5:09:44,  4.57s/it]
 10%|Γûë         | 434/4500 [24:36<4:39:10,  4.12s/it]
 10%|Γûë         | 435/4500 [24:39<4:14:51,  3.76s/it]
 10%|Γûë         | 436/4500 [24:42<3:52:53,  3.44s/it]
 10%|Γûë         | 438/4500 [24:45<2:55:11,  2.59s/it]
 10%|Γûë         | 439/4500 [24:48<2:54:20,  2.58s/it]
 10%|Γûë         | 440/4500 [24:51<3:03:14,  2.71s/it]
 10%|Γûë         | 441/4500 [24:53<2:59:36,  2.65s/it]
 10%|Γûë         | 442/4500 [24:56<3:06:16,  2.75s/it]
 10%|Γûë         | 443/4500 [24:59<3:04:12,  2.72s/it]
 10%|Γûë         | 444/4500 [25:03<3:21:46,  2.98s/it]
 10%|Γûë         | 445/4500 [25:05<3:11:21,  2.83s/it]
 10%|Γûë         | 446/4500 [25:08<3:15:33,  2.89s/it]
 10%|Γûë         | 447/4500 [25:11<3:11:29,  2.83s/it]
 10%|Γûë         | 448/4500 [25:14<3:18:27,  2.94s/it]
 10%|Γûë         | 449/4500 [25:16<3:09:19,  2.80s/it]
 10%|Γûê         | 450/4500 [25:19<3:12:54,  2.86s/it]
 10%|Γûê         | 451/4500 [25:22<3:11:42,  2.84s/it]
 10%|Γûê         | 452/4500 [25:26<3:24:16,  3.03s/it]
 10%|Γûê         | 453/4500 [25:28<3:17:16,  2.92s/it]
 10%|Γûê         | 454/4500 [25:31<3:18:14,  2.94s/it]
 10%|Γûê         | 455/4500 [25:34<3:21:25,  2.99s/it]
 10%|Γûê         | 456/4500 [25:38<3:30:40,  3.13s/it]
 10%|Γûê         | 457/4500 [25:40<3:19:00,  2.95s/it]
 10%|Γûê         | 458/4500 [25:44<3:28:17,  3.09s/it]
 10%|Γûê         | 459/4500 [25:46<3:16:18,  2.91s/it]
 10%|Γûê         | 460/4500 [25:49<3:15:04,  2.90s/it]
 10%|Γûê         | 461/4500 [25:52<3:07:26,  2.78s/it]
 10%|Γûê         | 462/4500 [25:55<3:24:07,  3.03s/it]
 10%|Γûê         | 463/4500 [25:58<3:16:38,  2.92s/it]
 10%|Γûê         | 464/4500 [26:01<3:25:37,  3.06s/it]
 10%|Γûê         | 465/4500 [26:04<3:14:40,  2.89s/it]
 10%|Γûê         | 466/4500 [26:07<3:15:05,  2.90s/it]
 10%|Γûê         | 467/4500 [26:10<3:11:47,  2.85s/it]
 10%|Γûê         | 468/4500 [26:13<3:28:06,  3.10s/it]
 10%|Γûê         | 469/4500 [26:16<3:25:01,  3.05s/it]
 10%|Γûê         | 470/4500 [26:21<3:50:08,  3.43s/it]
 10%|Γûê         | 471/4500 [26:23<3:33:23,  3.18s/it]
 10%|Γûê         | 472/4500 [26:26<3:26:25,  3.07s/it]
 11%|Γûê         | 473/4500 [26:29<3:22:18,  3.01s/it]
 11%|Γûê         | 474/4500 [26:32<3:24:23,  3.05s/it]
 11%|Γûê         | 475/4500 [26:34<3:12:15,  2.87s/it]
 11%|Γûê         | 476/4500 [26:38<3:17:55,  2.95s/it]
 11%|Γûê         | 477/4500 [26:40<3:10:48,  2.85s/it]
 11%|Γûê         | 478/4500 [26:43<3:13:04,  2.88s/it]
 11%|Γûê         | 479/4500 [26:46<3:13:03,  2.88s/it]
 11%|Γûê         | 480/4500 [26:49<3:18:34,  2.96s/it]
 11%|Γûê         | 481/4500 [26:52<3:09:03,  2.82s/it]
 11%|Γûê         | 482/4500 [26:55<3:14:24,  2.90s/it]
 11%|Γûê         | 483/4500 [26:57<3:06:34,  2.79s/it]
 11%|Γûê         | 484/4500 [27:00<3:07:41,  2.80s/it]
 11%|Γûê         | 485/4500 [27:03<3:19:00,  2.97s/it]
 11%|Γûê         | 486/4500 [27:07<3:20:37,  3.00s/it]
 11%|Γûê         | 487/4500 [27:10<3:35:11,  3.22s/it]
 11%|Γûê         | 488/4500 [27:13<3:33:49,  3.20s/it]
 11%|Γûê         | 489/4500 [27:17<3:33:26,  3.19s/it]
 11%|Γûê         | 490/4500 [27:20<3:38:52,  3.27s/it]
 11%|Γûê         | 491/4500 [27:23<3:23:14,  3.04s/it]
 11%|Γûê         | 492/4500 [27:26<3:30:48,  3.16s/it]
 11%|Γûê         | 493/4500 [27:28<3:15:37,  2.93s/it]
 11%|Γûê         | 494/4500 [27:31<3:17:41,  2.96s/it]
 11%|Γûê         | 495/4500 [27:34<3:14:53,  2.92s/it]
 11%|Γûê         | 496/4500 [27:37<3:15:19,  2.93s/it]
 11%|Γûê         | 497/4500 [27:40<3:06:57,  2.80s/it]
 11%|Γûê         | 498/4500 [27:43<3:20:33,  3.01s/it]
 11%|Γûê         | 499/4500 [27:46<3:13:12,  2.90s/it]
 11%|Γûê         | 500/4500 [27:49<3:25:12,  3.08s/it]
 11%|Γûê         | 501/4500 [27:52<3:15:14,  2.93s/it]
 11%|Γûê         | 502/4500 [27:55<3:13:12,  2.90s/it]
 11%|Γûê         | 503/4500 [27:57<3:08:37,  2.83s/it]
 11%|Γûê         | 504/4500 [28:01<3:24:50,  3.08s/it]
 11%|Γûê         | 506/4500 [28:04<2:31:04,  2.27s/it]
 11%|ΓûêΓûÅ        | 507/4500 [28:07<2:48:45,  2.54s/it]
 11%|ΓûêΓûÅ        | 508/4500 [28:10<2:48:18,  2.53s/it]
 11%|ΓûêΓûÅ        | 509/4500 [28:16<4:03:59,  3.67s/it]
 11%|ΓûêΓûÅ        | 510/4500 [28:19<3:45:55,  3.40s/it]
 11%|ΓûêΓûÅ        | 511/4500 [28:22<3:39:42,  3.30s/it]
 11%|ΓûêΓûÅ        | 512/4500 [28:25<3:26:45,  3.11s/it]
 11%|ΓûêΓûÅ        | 513/4500 [28:28<3:21:19,  3.03s/it]
 11%|ΓûêΓûÅ        | 514/4500 [28:30<3:18:11,  2.98s/it]
 11%|ΓûêΓûÅ        | 515/4500 [28:33<3:15:32,  2.94s/it]
 11%|ΓûêΓûÅ        | 516/4500 [28:36<3:21:16,  3.03s/it]
 11%|ΓûêΓûÅ        | 517/4500 [28:40<3:30:44,  3.17s/it]
 12%|ΓûêΓûÅ        | 518/4500 [28:43<3:19:37,  3.01s/it]
 12%|ΓûêΓûÅ        | 519/4500 [28:46<3:17:38,  2.98s/it]
 12%|ΓûêΓûÅ        | 520/4500 [28:48<3:11:54,  2.89s/it]
 12%|ΓûêΓûÅ        | 521/4500 [28:51<3:18:15,  2.99s/it]
 12%|ΓûêΓûÅ        | 522/4500 [28:54<3:17:32,  2.98s/it]
 12%|ΓûêΓûÅ        | 523/4500 [28:58<3:28:07,  3.14s/it]
 12%|ΓûêΓûÅ        | 524/4500 [29:00<3:16:56,  2.97s/it]
 12%|ΓûêΓûÅ        | 525/4500 [29:03<3:15:31,  2.95s/it]
 12%|ΓûêΓûÅ        | 526/4500 [29:06<3:12:24,  2.91s/it]
 12%|ΓûêΓûÅ        | 527/4500 [29:10<3:27:10,  3.13s/it]
 12%|ΓûêΓûÅ        | 528/4500 [29:14<3:48:54,  3.46s/it]
 12%|ΓûêΓûÅ        | 529/4500 [29:20<4:35:26,  4.16s/it]
 12%|ΓûêΓûÅ        | 530/4500 [29:23<4:09:46,  3.78s/it]
 12%|ΓûêΓûÅ        | 531/4500 [29:26<3:56:40,  3.58s/it]
 12%|ΓûêΓûÅ        | 532/4500 [29:28<3:37:13,  3.28s/it]
 12%|ΓûêΓûÅ        | 533/4500 [29:32<3:49:41,  3.47s/it]
 12%|ΓûêΓûÅ        | 534/4500 [29:35<3:35:02,  3.25s/it]
 12%|ΓûêΓûÅ        | 535/4500 [29:39<3:40:17,  3.33s/it]
 12%|ΓûêΓûÅ        | 536/4500 [29:41<3:25:03,  3.10s/it]
 12%|ΓûêΓûÅ        | 537/4500 [29:44<3:26:00,  3.12s/it]
 12%|ΓûêΓûÅ        | 538/4500 [29:47<3:17:45,  2.99s/it]
 12%|ΓûêΓûÅ        | 539/4500 [29:50<3:19:11,  3.02s/it]
 12%|ΓûêΓûÅ        | 540/4500 [29:53<3:12:45,  2.92s/it]
 12%|ΓûêΓûÅ        | 541/4500 [29:56<3:16:20,  2.98s/it]
 12%|ΓûêΓûÅ        | 542/4500 [29:58<3:03:37,  2.78s/it]
 12%|ΓûêΓûÅ        | 543/4500 [30:02<3:26:59,  3.14s/it]
 12%|ΓûêΓûÅ        | 544/4500 [30:05<3:13:47,  2.94s/it]
 12%|ΓûêΓûÅ        | 545/4500 [30:08<3:26:32,  3.13s/it]
 12%|ΓûêΓûÅ        | 546/4500 [30:11<3:14:10,  2.95s/it]
 12%|ΓûêΓûÅ        | 547/4500 [30:15<3:29:29,  3.18s/it]
 12%|ΓûêΓûÅ        | 548/4500 [30:17<3:17:49,  3.00s/it]
 12%|ΓûêΓûÅ        | 549/4500 [30:20<3:21:50,  3.07s/it]
 12%|ΓûêΓûÅ        | 550/4500 [30:23<3:12:10,  2.92s/it]
 12%|ΓûêΓûÅ        | 551/4500 [30:32<5:09:43,  4.71s/it]
 12%|ΓûêΓûÅ        | 552/4500 [30:35<4:35:17,  4.18s/it]
 12%|ΓûêΓûÅ        | 553/4500 [30:39<4:38:43,  4.24s/it]
 12%|ΓûêΓûÅ        | 554/4500 [30:42<4:17:48,  3.92s/it]
 12%|ΓûêΓûÅ        | 555/4500 [30:45<4:03:19,  3.70s/it]
 12%|ΓûêΓûÅ        | 556/4500 [30:48<3:40:38,  3.36s/it]
 12%|ΓûêΓûÅ        | 557/4500 [30:52<3:54:34,  3.57s/it]
 12%|ΓûêΓûÅ        | 558/4500 [30:55<3:39:54,  3.35s/it]
 12%|ΓûêΓûÅ        | 559/4500 [30:58<3:35:27,  3.28s/it]
 12%|ΓûêΓûÅ        | 560/4500 [31:01<3:26:13,  3.14s/it]
 12%|ΓûêΓûÅ        | 561/4500 [31:04<3:22:18,  3.08s/it]
 12%|ΓûêΓûÅ        | 562/4500 [31:07<3:23:44,  3.10s/it]
 13%|ΓûêΓûÄ        | 563/4500 [31:11<3:35:24,  3.28s/it]
 13%|ΓûêΓûÄ        | 564/4500 [31:13<3:21:53,  3.08s/it]
 13%|ΓûêΓûÄ        | 565/4500 [31:18<3:45:15,  3.43s/it]
 13%|ΓûêΓûÄ        | 566/4500 [31:23<4:22:37,  4.01s/it]
 13%|ΓûêΓûÄ        | 567/4500 [31:26<4:08:27,  3.79s/it]
 13%|ΓûêΓûÄ        | 568/4500 [31:29<3:41:02,  3.37s/it]
 13%|ΓûêΓûÄ        | 569/4500 [31:32<3:36:03,  3.30s/it]
 13%|ΓûêΓûÄ        | 570/4500 [31:34<3:19:56,  3.05s/it]
 13%|ΓûêΓûÄ        | 571/4500 [31:38<3:26:24,  3.15s/it]
 13%|ΓûêΓûÄ        | 572/4500 [31:45<4:50:02,  4.43s/it]
 13%|ΓûêΓûÄ        | 573/4500 [31:48<4:31:36,  4.15s/it]
 13%|ΓûêΓûÄ        | 574/4500 [31:51<3:56:39,  3.62s/it]
 13%|ΓûêΓûÄ        | 575/4500 [31:54<3:44:53,  3.44s/it]
 13%|ΓûêΓûÄ        | 576/4500 [31:57<3:36:30,  3.31s/it]
 13%|ΓûêΓûÄ        | 577/4500 [32:00<3:31:57,  3.24s/it]
 13%|ΓûêΓûÄ        | 578/4500 [32:03<3:21:27,  3.08s/it]
 13%|ΓûêΓûÄ        | 579/4500 [32:06<3:23:39,  3.12s/it]
 13%|ΓûêΓûÄ        | 580/4500 [32:09<3:15:49,  3.00s/it]
 13%|ΓûêΓûÄ        | 581/4500 [32:12<3:17:32,  3.02s/it]
 13%|ΓûêΓûÄ        | 582/4500 [32:15<3:18:44,  3.04s/it]
 13%|ΓûêΓûÄ        | 583/4500 [32:18<3:23:41,  3.12s/it]
 13%|ΓûêΓûÄ        | 584/4500 [32:21<3:16:27,  3.01s/it]
 13%|ΓûêΓûÄ        | 585/4500 [32:24<3:19:06,  3.05s/it]
 13%|ΓûêΓûÄ        | 586/4500 [32:27<3:20:06,  3.07s/it]
 13%|ΓûêΓûÄ        | 587/4500 [32:30<3:16:12,  3.01s/it]
 13%|ΓûêΓûÄ        | 588/4500 [32:32<3:03:55,  2.82s/it]
 13%|ΓûêΓûÄ        | 589/4500 [32:35<3:09:15,  2.90s/it]
 13%|ΓûêΓûÄ        | 590/4500 [32:38<3:00:36,  2.77s/it]
 13%|ΓûêΓûÄ        | 591/4500 [32:42<3:34:42,  3.30s/it]
 13%|ΓûêΓûÄ        | 592/4500 [32:45<3:19:40,  3.07s/it]
 13%|ΓûêΓûÄ        | 593/4500 [32:48<3:18:29,  3.05s/it]
 13%|ΓûêΓûÄ        | 594/4500 [32:51<3:10:05,  2.92s/it]
 13%|ΓûêΓûÄ        | 595/4500 [32:54<3:11:24,  2.94s/it]
 13%|ΓûêΓûÄ        | 596/4500 [32:56<3:09:49,  2.92s/it]
 13%|ΓûêΓûÄ        | 597/4500 [32:59<3:13:57,  2.98s/it]
 13%|ΓûêΓûÄ        | 598/4500 [33:02<3:04:31,  2.84s/it]
 13%|ΓûêΓûÄ        | 599/4500 [33:06<3:22:12,  3.11s/it]
 13%|ΓûêΓûÄ        | 600/4500 [33:09<3:24:07,  3.14s/it]
 13%|ΓûêΓûÄ        | 601/4500 [33:12<3:27:18,  3.19s/it]
 13%|ΓûêΓûÄ        | 602/4500 [33:16<3:28:22,  3.21s/it]
 13%|ΓûêΓûÄ        | 603/4500 [33:18<3:22:03,  3.11s/it]
 13%|ΓûêΓûÄ        | 604/4500 [33:25<4:25:30,  4.09s/it]
 13%|ΓûêΓûÄ        | 605/4500 [33:28<4:15:09,  3.93s/it]
 13%|ΓûêΓûÄ        | 606/4500 [33:31<3:49:09,  3.53s/it]
 13%|ΓûêΓûÄ        | 607/4500 [33:34<3:35:42,  3.32s/it]
 14%|ΓûêΓûÄ        | 608/4500 [33:36<3:18:57,  3.07s/it]
 14%|ΓûêΓûÄ        | 609/4500 [33:43<4:24:35,  4.08s/it]
 14%|ΓûêΓûÄ        | 610/4500 [33:45<3:53:26,  3.60s/it]
 14%|ΓûêΓûÄ        | 611/4500 [33:49<3:53:26,  3.60s/it]
 14%|ΓûêΓûÄ        | 612/4500 [33:51<3:35:54,  3.33s/it]
 14%|ΓûêΓûÄ        | 613/4500 [33:54<3:27:55,  3.21s/it]
 14%|ΓûêΓûÄ        | 614/4500 [33:57<3:18:06,  3.06s/it]
 14%|ΓûêΓûÄ        | 615/4500 [34:00<3:21:06,  3.11s/it]
 14%|ΓûêΓûÄ        | 616/4500 [34:03<3:14:14,  3.00s/it]
 14%|ΓûêΓûÄ        | 617/4500 [34:06<3:20:46,  3.10s/it]
 14%|ΓûêΓûÄ        | 618/4500 [34:09<3:07:17,  2.89s/it]
 14%|ΓûêΓûì        | 619/4500 [34:12<3:14:53,  3.01s/it]
 14%|ΓûêΓûì        | 620/4500 [34:15<3:04:44,  2.86s/it]
 14%|ΓûêΓûì        | 621/4500 [34:18<3:13:37,  2.99s/it]
 14%|ΓûêΓûì        | 622/4500 [34:21<3:06:40,  2.89s/it]
 14%|ΓûêΓûì        | 623/4500 [34:24<3:08:26,  2.92s/it]
 14%|ΓûêΓûì        | 624/4500 [34:33<5:23:33,  5.01s/it]
 14%|ΓûêΓûì        | 625/4500 [34:37<4:46:07,  4.43s/it]
 14%|ΓûêΓûì        | 626/4500 [34:40<4:22:18,  4.06s/it]
 14%|ΓûêΓûì        | 627/4500 [34:43<4:14:41,  3.95s/it]
 14%|ΓûêΓûì        | 628/4500 [34:46<3:54:37,  3.64s/it]
 14%|ΓûêΓûì        | 629/4500 [34:49<3:45:26,  3.49s/it]
 14%|ΓûêΓûì        | 630/4500 [34:52<3:26:36,  3.20s/it]
 14%|ΓûêΓûì        | 631/4500 [34:56<3:35:47,  3.35s/it]
 14%|ΓûêΓûì        | 632/4500 [35:02<4:34:04,  4.25s/it]
 14%|ΓûêΓûì        | 633/4500 [35:05<4:13:21,  3.93s/it]
 14%|ΓûêΓûì        | 634/4500 [35:08<3:47:12,  3.53s/it]
 14%|ΓûêΓûì        | 635/4500 [35:11<3:39:22,  3.41s/it]
 14%|ΓûêΓûì        | 636/4500 [35:13<3:22:09,  3.14s/it]
 14%|ΓûêΓûì        | 637/4500 [35:17<3:24:38,  3.18s/it]
 14%|ΓûêΓûì        | 638/4500 [35:19<3:12:01,  2.98s/it]
 14%|ΓûêΓûì        | 639/4500 [35:22<3:13:20,  3.00s/it]
 14%|ΓûêΓûì        | 640/4500 [35:25<3:03:14,  2.85s/it]
 14%|ΓûêΓûì        | 641/4500 [35:28<3:10:11,  2.96s/it]
 14%|ΓûêΓûì        | 642/4500 [35:31<3:04:45,  2.87s/it]
 14%|ΓûêΓûì        | 643/4500 [35:34<3:11:41,  2.98s/it]
 14%|ΓûêΓûì        | 644/4500 [35:36<3:01:18,  2.82s/it]
 14%|ΓûêΓûì        | 645/4500 [35:40<3:07:44,  2.92s/it]
 14%|ΓûêΓûì        | 646/4500 [35:42<3:03:37,  2.86s/it]
 14%|ΓûêΓûì        | 647/4500 [35:45<3:09:08,  2.95s/it]
 14%|ΓûêΓûì        | 648/4500 [35:49<3:17:12,  3.07s/it]
 14%|ΓûêΓûì        | 649/4500 [35:52<3:17:18,  3.07s/it]
 14%|ΓûêΓûì        | 650/4500 [35:55<3:17:34,  3.08s/it]
 14%|ΓûêΓûì        | 651/4500 [35:58<3:20:44,  3.13s/it]
 14%|ΓûêΓûì        | 652/4500 [36:01<3:22:33,  3.16s/it]
 15%|ΓûêΓûì        | 653/4500 [36:05<3:27:54,  3.24s/it]
 15%|ΓûêΓûì        | 654/4500 [36:08<3:24:31,  3.19s/it]
 15%|ΓûêΓûì        | 655/4500 [36:11<3:25:20,  3.20s/it]
 15%|ΓûêΓûì        | 656/4500 [36:14<3:16:39,  3.07s/it]
 15%|ΓûêΓûì        | 657/4500 [36:17<3:19:13,  3.11s/it]
 15%|ΓûêΓûì        | 658/4500 [36:20<3:11:31,  2.99s/it]
 15%|ΓûêΓûì        | 659/4500 [36:23<3:11:02,  2.98s/it]
 15%|ΓûêΓûì        | 660/4500 [36:25<3:03:22,  2.87s/it]
 15%|ΓûêΓûì        | 661/4500 [36:29<3:13:33,  3.03s/it]
 15%|ΓûêΓûì        | 662/4500 [36:32<3:11:45,  3.00s/it]
 15%|ΓûêΓûì        | 663/4500 [36:35<3:14:32,  3.04s/it]
 15%|ΓûêΓûì        | 664/4500 [36:38<3:17:45,  3.09s/it]
 15%|ΓûêΓûì        | 665/4500 [36:41<3:17:31,  3.09s/it]
 15%|ΓûêΓûì        | 666/4500 [36:44<3:08:47,  2.95s/it]
 15%|ΓûêΓûì        | 667/4500 [36:47<3:14:01,  3.04s/it]
 15%|ΓûêΓûì        | 668/4500 [36:50<3:11:01,  2.99s/it]
 15%|ΓûêΓûì        | 669/4500 [36:53<3:08:37,  2.95s/it]
 15%|ΓûêΓûì        | 670/4500 [36:56<3:09:07,  2.96s/it]
 15%|ΓûêΓûì        | 671/4500 [36:59<3:10:18,  2.98s/it]
 15%|ΓûêΓûì        | 672/4500 [37:01<3:04:32,  2.89s/it]
 15%|ΓûêΓûì        | 673/4500 [37:05<3:11:34,  3.00s/it]
 15%|ΓûêΓûì        | 674/4500 [37:09<3:28:47,  3.27s/it]
 15%|ΓûêΓûî        | 675/4500 [37:12<3:22:41,  3.18s/it]
 15%|ΓûêΓûî        | 676/4500 [37:15<3:25:22,  3.22s/it]
 15%|ΓûêΓûî        | 677/4500 [37:18<3:19:44,  3.13s/it]
 15%|ΓûêΓûî        | 678/4500 [37:20<3:09:04,  2.97s/it]
 15%|ΓûêΓûî        | 679/4500 [37:23<3:09:19,  2.97s/it]
 15%|ΓûêΓûî        | 680/4500 [37:26<3:08:29,  2.96s/it]
 15%|ΓûêΓûî        | 681/4500 [37:28<2:50:05,  2.67s/it]
 15%|ΓûêΓûî        | 682/4500 [37:31<2:45:42,  2.60s/it]
 15%|ΓûêΓûî        | 683/4500 [37:35<3:08:22,  2.96s/it]
 15%|ΓûêΓûî        | 684/4500 [37:37<3:01:23,  2.85s/it]
 15%|ΓûêΓûî        | 685/4500 [37:40<3:10:51,  3.00s/it]
 15%|ΓûêΓûî        | 686/4500 [37:43<2:59:19,  2.82s/it]
 15%|ΓûêΓûî        | 687/4500 [37:46<2:59:19,  2.82s/it]
 15%|ΓûêΓûî        | 688/4500 [37:48<2:54:02,  2.74s/it]
 15%|ΓûêΓûî        | 689/4500 [37:51<3:00:24,  2.84s/it]
 15%|ΓûêΓûî        | 690/4500 [37:54<2:58:04,  2.80s/it]
 15%|ΓûêΓûî        | 691/4500 [37:58<3:13:51,  3.05s/it]
 15%|ΓûêΓûî        | 692/4500 [38:00<3:08:28,  2.97s/it]
 15%|ΓûêΓûî        | 693/4500 [38:04<3:13:09,  3.04s/it]
 15%|ΓûêΓûî        | 694/4500 [38:06<3:08:13,  2.97s/it]
 15%|ΓûêΓûî        | 695/4500 [38:09<3:06:50,  2.95s/it]
 15%|ΓûêΓûî        | 696/4500 [38:12<3:05:59,  2.93s/it]
 15%|ΓûêΓûî        | 697/4500 [38:16<3:14:57,  3.08s/it]
 16%|ΓûêΓûî        | 698/4500 [38:19<3:13:10,  3.05s/it]
 16%|ΓûêΓûî        | 699/4500 [38:22<3:13:37,  3.06s/it]
 16%|ΓûêΓûî        | 700/4500 [38:24<3:01:53,  2.87s/it]
 16%|ΓûêΓûî        | 701/4500 [38:27<3:04:42,  2.92s/it]
 16%|ΓûêΓûî        | 702/4500 [38:30<3:00:58,  2.86s/it]
 16%|ΓûêΓûî        | 703/4500 [38:33<3:05:10,  2.93s/it]
 16%|ΓûêΓûî        | 704/4500 [38:36<3:01:38,  2.87s/it]
 16%|ΓûêΓûî        | 705/4500 [38:39<3:01:43,  2.87s/it]
 16%|ΓûêΓûî        | 706/4500 [38:41<2:56:05,  2.78s/it]
 16%|ΓûêΓûî        | 707/4500 [38:44<3:02:23,  2.89s/it]
 16%|ΓûêΓûî        | 708/4500 [38:47<2:57:28,  2.81s/it]
 16%|ΓûêΓûî        | 709/4500 [38:50<3:04:07,  2.91s/it]
 16%|ΓûêΓûî        | 710/4500 [38:53<3:00:23,  2.86s/it]
 16%|ΓûêΓûî        | 711/4500 [38:57<3:19:20,  3.16s/it]
 16%|ΓûêΓûî        | 712/4500 [38:59<3:07:01,  2.96s/it]
 16%|ΓûêΓûî        | 713/4500 [39:03<3:13:17,  3.06s/it]
 16%|ΓûêΓûî        | 714/4500 [39:06<3:21:31,  3.19s/it]
 16%|ΓûêΓûî        | 715/4500 [39:10<3:28:15,  3.30s/it]
 16%|ΓûêΓûî        | 716/4500 [39:13<3:22:46,  3.22s/it]
 16%|ΓûêΓûî        | 717/4500 [39:16<3:17:53,  3.14s/it]
 16%|ΓûêΓûî        | 718/4500 [39:21<4:07:44,  3.93s/it]
 16%|ΓûêΓûî        | 719/4500 [39:24<3:53:20,  3.70s/it]
 16%|ΓûêΓûî        | 720/4500 [39:28<3:42:43,  3.54s/it]
 16%|ΓûêΓûî        | 721/4500 [39:32<3:52:13,  3.69s/it]
 16%|ΓûêΓûî        | 722/4500 [39:37<4:16:34,  4.07s/it]
 16%|ΓûêΓûî        | 723/4500 [39:42<4:35:52,  4.38s/it]
 16%|ΓûêΓûî        | 724/4500 [39:47<4:50:44,  4.62s/it]
 16%|ΓûêΓûî        | 725/4500 [39:51<4:42:35,  4.49s/it]
 16%|ΓûêΓûî        | 726/4500 [39:56<4:56:16,  4.71s/it]
 16%|ΓûêΓûî        | 727/4500 [40:00<4:32:27,  4.33s/it]
 16%|ΓûêΓûî        | 728/4500 [40:03<4:16:25,  4.08s/it]
 16%|ΓûêΓûî        | 729/4500 [40:06<3:52:06,  3.69s/it]
 16%|ΓûêΓûî        | 730/4500 [40:12<4:30:32,  4.31s/it]
 16%|ΓûêΓûî        | 731/4500 [40:17<4:51:29,  4.64s/it]
 16%|ΓûêΓûï        | 732/4500 [40:20<4:24:58,  4.22s/it]
 16%|ΓûêΓûï        | 733/4500 [40:23<4:00:50,  3.84s/it]
 16%|ΓûêΓûï        | 734/4500 [40:26<3:39:43,  3.50s/it]
 16%|ΓûêΓûï        | 735/4500 [40:29<3:31:49,  3.38s/it]
 16%|ΓûêΓûï        | 736/4500 [40:32<3:20:06,  3.19s/it]
 16%|ΓûêΓûï        | 737/4500 [40:35<3:13:42,  3.09s/it]
 16%|ΓûêΓûï        | 738/4500 [40:37<3:05:52,  2.96s/it]
 16%|ΓûêΓûï        | 739/4500 [40:40<3:06:44,  2.98s/it]
 16%|ΓûêΓûï        | 740/4500 [40:43<3:01:59,  2.90s/it]
 16%|ΓûêΓûï        | 741/4500 [40:46<3:05:44,  2.96s/it]
 16%|ΓûêΓûï        | 742/4500 [40:49<2:58:47,  2.85s/it]
 17%|ΓûêΓûï        | 743/4500 [40:52<3:02:29,  2.91s/it]
 17%|ΓûêΓûï        | 744/4500 [40:55<2:59:35,  2.87s/it]
 17%|ΓûêΓûï        | 745/4500 [40:58<2:58:54,  2.86s/it]
 17%|ΓûêΓûï        | 746/4500 [41:01<3:11:37,  3.06s/it]
 17%|ΓûêΓûï        | 747/4500 [41:04<3:13:10,  3.09s/it]
 17%|ΓûêΓûï        | 748/4500 [41:07<3:03:24,  2.93s/it]
 17%|ΓûêΓûï        | 749/4500 [41:10<3:07:22,  3.00s/it]
 17%|ΓûêΓûï        | 750/4500 [41:12<2:56:37,  2.83s/it]
 17%|ΓûêΓûï        | 751/4500 [41:15<3:00:59,  2.90s/it]
 17%|ΓûêΓûï        | 752/4500 [41:18<2:58:59,  2.87s/it]
 17%|ΓûêΓûï        | 754/4500 [41:21<2:20:36,  2.25s/it]
 17%|ΓûêΓûï        | 755/4500 [41:24<2:28:01,  2.37s/it]
 17%|ΓûêΓûï        | 756/4500 [41:27<2:42:48,  2.61s/it]
 17%|ΓûêΓûï        | 757/4500 [41:30<2:44:49,  2.64s/it]
 17%|ΓûêΓûï        | 758/4500 [41:33<2:49:46,  2.72s/it]
 17%|ΓûêΓûï        | 759/4500 [41:36<2:53:21,  2.78s/it]
 17%|ΓûêΓûï        | 760/4500 [41:39<2:59:41,  2.88s/it]
 17%|ΓûêΓûï        | 761/4500 [41:43<3:13:33,  3.11s/it]
 17%|ΓûêΓûï        | 762/4500 [41:46<3:09:51,  3.05s/it]
 17%|ΓûêΓûï        | 763/4500 [41:49<3:22:54,  3.26s/it]
 17%|ΓûêΓûï        | 764/4500 [41:52<3:14:27,  3.12s/it]
 17%|ΓûêΓûï        | 765/4500 [41:55<3:08:12,  3.02s/it]
 17%|ΓûêΓûï        | 766/4500 [41:58<3:05:28,  2.98s/it]
 17%|ΓûêΓûï        | 767/4500 [42:00<2:56:38,  2.84s/it]
 17%|ΓûêΓûï        | 768/4500 [42:03<3:01:05,  2.91s/it]
 17%|ΓûêΓûï        | 769/4500 [42:06<2:56:09,  2.83s/it]
 17%|ΓûêΓûï        | 770/4500 [42:09<2:57:30,  2.86s/it]
 17%|ΓûêΓûï        | 771/4500 [42:12<2:55:03,  2.82s/it]
 17%|ΓûêΓûï        | 772/4500 [42:16<3:19:05,  3.20s/it]
 17%|ΓûêΓûï        | 773/4500 [42:19<3:12:07,  3.09s/it]
 17%|ΓûêΓûï        | 774/4500 [42:25<4:10:42,  4.04s/it]
 17%|ΓûêΓûï        | 775/4500 [42:31<4:40:36,  4.52s/it]
 17%|ΓûêΓûï        | 776/4500 [42:34<4:19:11,  4.18s/it]
 17%|ΓûêΓûï        | 777/4500 [42:40<4:53:00,  4.72s/it]
 17%|ΓûêΓûï        | 778/4500 [42:43<4:25:37,  4.28s/it]
 17%|ΓûêΓûï        | 779/4500 [42:46<3:58:08,  3.84s/it]
 17%|ΓûêΓûï        | 780/4500 [42:49<3:39:36,  3.54s/it]
 17%|ΓûêΓûï        | 781/4500 [42:51<3:21:20,  3.25s/it]
 17%|ΓûêΓûï        | 782/4500 [42:54<3:15:06,  3.15s/it]
 17%|ΓûêΓûï        | 783/4500 [42:57<3:14:46,  3.14s/it]
 17%|ΓûêΓûï        | 784/4500 [43:01<3:16:35,  3.17s/it]
 17%|ΓûêΓûï        | 785/4500 [43:04<3:15:04,  3.15s/it]
 17%|ΓûêΓûï        | 786/4500 [43:08<3:27:12,  3.35s/it]
 17%|ΓûêΓûï        | 787/4500 [43:11<3:26:45,  3.34s/it]
 18%|ΓûêΓûè        | 788/4500 [43:14<3:16:21,  3.17s/it]
 18%|ΓûêΓûè        | 789/4500 [43:17<3:12:51,  3.12s/it]
 18%|ΓûêΓûè        | 790/4500 [43:20<3:16:02,  3.17s/it]
 18%|ΓûêΓûè        | 791/4500 [43:23<3:04:29,  2.98s/it]
 18%|ΓûêΓûè        | 792/4500 [43:25<3:02:18,  2.95s/it]
 18%|ΓûêΓûè        | 793/4500 [43:28<2:58:10,  2.88s/it]
 18%|ΓûêΓûè        | 794/4500 [43:31<3:04:54,  2.99s/it]
 18%|ΓûêΓûè        | 795/4500 [43:35<3:09:27,  3.07s/it]
 18%|ΓûêΓûè        | 796/4500 [43:37<3:05:01,  3.00s/it]
 18%|ΓûêΓûè        | 797/4500 [43:40<2:56:56,  2.87s/it]
 18%|ΓûêΓûè        | 798/4500 [43:43<2:57:26,  2.88s/it]
 18%|ΓûêΓûè        | 799/4500 [43:45<2:50:41,  2.77s/it]
 18%|ΓûêΓûè        | 800/4500 [43:49<3:07:07,  3.03s/it]
 18%|ΓûêΓûè        | 801/4500 [43:52<2:55:46,  2.85s/it]
 18%|ΓûêΓûè        | 802/4500 [43:55<2:58:34,  2.90s/it]
 18%|ΓûêΓûè        | 803/4500 [43:57<2:51:23,  2.78s/it]
 18%|ΓûêΓûè        | 804/4500 [44:00<2:57:30,  2.88s/it]
 18%|ΓûêΓûè        | 805/4500 [44:03<2:54:26,  2.83s/it]
 18%|ΓûêΓûè        | 806/4500 [44:06<2:57:03,  2.88s/it]
 18%|ΓûêΓûè        | 807/4500 [44:09<2:55:13,  2.85s/it]
 18%|ΓûêΓûè        | 808/4500 [44:12<3:01:39,  2.95s/it]
 18%|ΓûêΓûè        | 809/4500 [44:15<3:00:39,  2.94s/it]
 18%|ΓûêΓûè        | 810/4500 [44:19<3:19:41,  3.25s/it]
 18%|ΓûêΓûè        | 811/4500 [44:21<3:08:33,  3.07s/it]
 18%|ΓûêΓûè        | 812/4500 [44:24<3:03:56,  2.99s/it]
 18%|ΓûêΓûè        | 813/4500 [44:27<2:56:15,  2.87s/it]
 18%|ΓûêΓûè        | 814/4500 [44:30<3:01:15,  2.95s/it]
 18%|ΓûêΓûè        | 815/4500 [44:33<2:58:49,  2.91s/it]
 18%|ΓûêΓûè        | 816/4500 [44:36<2:59:39,  2.93s/it]
 18%|ΓûêΓûè        | 817/4500 [44:38<2:56:17,  2.87s/it]
 18%|ΓûêΓûè        | 818/4500 [44:42<3:05:42,  3.03s/it]
 18%|ΓûêΓûè        | 819/4500 [44:44<2:56:51,  2.88s/it]
 18%|ΓûêΓûè        | 820/4500 [44:48<3:07:19,  3.05s/it]
 18%|ΓûêΓûè        | 821/4500 [44:50<2:59:42,  2.93s/it]
 18%|ΓûêΓûè        | 822/4500 [44:53<2:59:21,  2.93s/it]
 18%|ΓûêΓûè        | 823/4500 [44:56<2:53:32,  2.83s/it]
 18%|ΓûêΓûè        | 824/4500 [44:59<2:59:39,  2.93s/it]
 18%|ΓûêΓûè        | 825/4500 [45:02<2:57:22,  2.90s/it]
 18%|ΓûêΓûè        | 826/4500 [45:05<3:05:32,  3.03s/it]
 18%|ΓûêΓûè        | 827/4500 [45:08<3:00:57,  2.96s/it]
 18%|ΓûêΓûè        | 828/4500 [45:11<3:01:50,  2.97s/it]
 18%|ΓûêΓûè        | 829/4500 [45:14<2:58:47,  2.92s/it]
 18%|ΓûêΓûè        | 830/4500 [45:17<2:58:03,  2.91s/it]
 18%|ΓûêΓûè        | 831/4500 [45:23<3:52:53,  3.81s/it]
 18%|ΓûêΓûè        | 832/4500 [45:26<3:41:45,  3.63s/it]
 19%|ΓûêΓûè        | 833/4500 [45:29<3:27:26,  3.39s/it]
 19%|ΓûêΓûè        | 834/4500 [45:32<3:18:07,  3.24s/it]
 19%|ΓûêΓûè        | 835/4500 [45:34<3:11:06,  3.13s/it]
 19%|ΓûêΓûè        | 836/4500 [45:38<3:13:47,  3.17s/it]
 19%|ΓûêΓûè        | 837/4500 [45:40<3:02:59,  3.00s/it]
 19%|ΓûêΓûè        | 838/4500 [45:44<3:06:21,  3.05s/it]
 19%|ΓûêΓûè        | 839/4500 [45:47<3:07:40,  3.08s/it]
 19%|ΓûêΓûè        | 840/4500 [45:49<3:01:37,  2.98s/it]
 19%|ΓûêΓûè        | 841/4500 [45:53<3:07:21,  3.07s/it]
 19%|ΓûêΓûè        | 842/4500 [45:56<3:07:45,  3.08s/it]
 19%|ΓûêΓûè        | 843/4500 [45:59<3:03:21,  3.01s/it]
 19%|ΓûêΓûë        | 844/4500 [46:02<3:10:23,  3.12s/it]
 19%|ΓûêΓûë        | 845/4500 [46:05<3:08:06,  3.09s/it]
 19%|ΓûêΓûë        | 846/4500 [46:08<3:08:26,  3.09s/it]
 19%|ΓûêΓûë        | 847/4500 [46:11<2:57:34,  2.92s/it]
 19%|ΓûêΓûë        | 848/4500 [46:14<3:01:52,  2.99s/it]
 19%|ΓûêΓûë        | 849/4500 [46:17<2:58:28,  2.93s/it]
 19%|ΓûêΓûë        | 850/4500 [46:19<2:57:10,  2.91s/it]
 19%|ΓûêΓûë        | 851/4500 [46:22<2:56:27,  2.90s/it]
 19%|ΓûêΓûë        | 852/4500 [46:26<3:15:23,  3.21s/it]
 19%|ΓûêΓûë        | 853/4500 [46:29<3:05:14,  3.05s/it]
 19%|ΓûêΓûë        | 854/4500 [46:32<3:03:15,  3.02s/it]
 19%|ΓûêΓûë        | 855/4500 [46:35<2:55:56,  2.90s/it]
 19%|ΓûêΓûë        | 856/4500 [46:38<2:58:35,  2.94s/it]
 19%|ΓûêΓûë        | 857/4500 [46:41<3:03:18,  3.02s/it]
 19%|ΓûêΓûë        | 858/4500 [46:44<3:06:15,  3.07s/it]
 19%|ΓûêΓûë        | 859/4500 [46:47<2:58:37,  2.94s/it]
 19%|ΓûêΓûë        | 860/4500 [46:50<3:02:05,  3.00s/it]
 19%|ΓûêΓûë        | 861/4500 [46:56<3:59:01,  3.94s/it]
 19%|ΓûêΓûë        | 862/4500 [46:59<3:42:41,  3.67s/it]
 19%|ΓûêΓûë        | 863/4500 [47:02<3:32:25,  3.50s/it]
 19%|ΓûêΓûë        | 864/4500 [47:05<3:25:22,  3.39s/it]
 19%|ΓûêΓûë        | 865/4500 [47:08<3:10:28,  3.14s/it]
 19%|ΓûêΓûë        | 866/4500 [47:11<3:05:49,  3.07s/it]
 19%|ΓûêΓûë        | 867/4500 [47:13<2:58:02,  2.94s/it]
 19%|ΓûêΓûë        | 868/4500 [47:16<3:02:04,  3.01s/it]
 19%|ΓûêΓûë        | 869/4500 [47:19<3:01:45,  3.00s/it]
 19%|ΓûêΓûë        | 870/4500 [47:23<3:03:45,  3.04s/it]
 19%|ΓûêΓûë        | 871/4500 [47:25<2:54:51,  2.89s/it]
 19%|ΓûêΓûë        | 872/4500 [47:28<2:58:51,  2.96s/it]
 19%|ΓûêΓûë        | 873/4500 [47:31<2:51:48,  2.84s/it]
 19%|ΓûêΓûë        | 874/4500 [47:34<2:57:17,  2.93s/it]
 19%|ΓûêΓûë        | 875/4500 [47:36<2:49:09,  2.80s/it]
 19%|ΓûêΓûë        | 876/4500 [47:40<2:55:05,  2.90s/it]
 19%|ΓûêΓûë        | 877/4500 [47:42<2:48:57,  2.80s/it]
 20%|ΓûêΓûë        | 878/4500 [47:45<2:50:50,  2.83s/it]
 20%|ΓûêΓûë        | 879/4500 [47:48<2:47:09,  2.77s/it]
 20%|ΓûêΓûë        | 880/4500 [47:52<3:07:40,  3.11s/it]
 20%|ΓûêΓûë        | 881/4500 [47:54<2:59:06,  2.97s/it]
 20%|ΓûêΓûë        | 882/4500 [47:58<3:11:08,  3.17s/it]
 20%|ΓûêΓûë        | 883/4500 [48:01<3:04:15,  3.06s/it]
 20%|ΓûêΓûë        | 884/4500 [48:03<3:01:15,  3.01s/it]
 20%|ΓûêΓûë        | 885/4500 [48:06<2:51:43,  2.85s/it]
 20%|ΓûêΓûë        | 886/4500 [48:09<2:59:15,  2.98s/it]
 20%|ΓûêΓûë        | 887/4500 [48:12<2:57:15,  2.94s/it]
 20%|ΓûêΓûë        | 888/4500 [48:15<2:56:01,  2.92s/it]
 20%|ΓûêΓûë        | 889/4500 [48:20<3:39:16,  3.64s/it]
 20%|ΓûêΓûë        | 890/4500 [48:26<4:23:17,  4.38s/it]
 20%|ΓûêΓûë        | 891/4500 [48:29<3:48:59,  3.81s/it]
 20%|ΓûêΓûë        | 892/4500 [48:32<3:33:47,  3.56s/it]
 20%|ΓûêΓûë        | 893/4500 [48:35<3:21:27,  3.35s/it]
 20%|ΓûêΓûë        | 894/4500 [48:38<3:16:29,  3.27s/it]
 20%|ΓûêΓûë        | 895/4500 [48:41<3:14:40,  3.24s/it]
 20%|ΓûêΓûë        | 896/4500 [48:44<3:19:45,  3.33s/it]
 20%|ΓûêΓûë        | 897/4500 [48:47<3:06:26,  3.10s/it]
 20%|ΓûêΓûë        | 898/4500 [48:50<3:06:56,  3.11s/it]
 20%|ΓûêΓûë        | 899/4500 [48:53<3:09:53,  3.16s/it]
 20%|ΓûêΓûê        | 900/4500 [48:57<3:14:53,  3.25s/it]
 20%|ΓûêΓûê        | 901/4500 [49:00<3:20:05,  3.34s/it]
 20%|ΓûêΓûê        | 902/4500 [49:03<3:14:24,  3.24s/it]
 20%|ΓûêΓûê        | 903/4500 [49:07<3:11:35,  3.20s/it]
 20%|ΓûêΓûê        | 904/4500 [49:10<3:07:58,  3.14s/it]
 20%|ΓûêΓûê        | 905/4500 [49:12<3:02:08,  3.04s/it]
 20%|ΓûêΓûê        | 906/4500 [49:15<2:58:55,  2.99s/it]
 20%|ΓûêΓûê        | 907/4500 [49:19<3:05:56,  3.11s/it]
 20%|ΓûêΓûê        | 908/4500 [49:22<3:14:34,  3.25s/it]
 20%|ΓûêΓûê        | 909/4500 [49:25<3:03:27,  3.07s/it]
 20%|ΓûêΓûê        | 910/4500 [49:31<3:57:39,  3.97s/it]
 20%|ΓûêΓûê        | 911/4500 [49:34<3:38:43,  3.66s/it]
 20%|ΓûêΓûê        | 912/4500 [49:38<3:39:50,  3.68s/it]
 20%|ΓûêΓûê        | 913/4500 [49:40<3:25:52,  3.44s/it]
 20%|ΓûêΓûê        | 914/4500 [49:44<3:20:41,  3.36s/it]
 20%|ΓûêΓûê        | 915/4500 [49:46<3:05:46,  3.11s/it]
 20%|ΓûêΓûê        | 916/4500 [49:49<3:07:40,  3.14s/it]
 20%|ΓûêΓûê        | 917/4500 [49:52<2:58:47,  2.99s/it]
 20%|ΓûêΓûê        | 918/4500 [49:55<2:56:49,  2.96s/it]
 20%|ΓûêΓûê        | 919/4500 [49:58<2:52:31,  2.89s/it]
 20%|ΓûêΓûê        | 920/4500 [50:02<3:10:28,  3.19s/it]
 20%|ΓûêΓûê        | 921/4500 [50:04<2:59:02,  3.00s/it]
 20%|ΓûêΓûê        | 922/4500 [50:07<2:58:12,  2.99s/it]
 21%|ΓûêΓûê        | 923/4500 [50:10<2:57:10,  2.97s/it]
 21%|ΓûêΓûê        | 924/4500 [50:13<2:55:11,  2.94s/it]
 21%|ΓûêΓûê        | 925/4500 [50:16<2:52:49,  2.90s/it]
 21%|ΓûêΓûê        | 926/4500 [50:19<3:02:55,  3.07s/it]
 21%|ΓûêΓûê        | 927/4500 [50:22<2:59:50,  3.02s/it]
 21%|ΓûêΓûê        | 928/4500 [50:25<2:57:22,  2.98s/it]
 21%|ΓûêΓûê        | 929/4500 [50:28<2:50:32,  2.87s/it]
 21%|ΓûêΓûê        | 930/4500 [50:31<3:08:28,  3.17s/it]
 21%|ΓûêΓûê        | 931/4500 [50:35<3:10:24,  3.20s/it]
 21%|ΓûêΓûê        | 932/4500 [50:37<3:01:57,  3.06s/it]
 21%|ΓûêΓûê        | 933/4500 [50:46<4:37:56,  4.68s/it]
 21%|ΓûêΓûê        | 934/4500 [50:52<5:05:36,  5.14s/it]
 21%|ΓûêΓûê        | 935/4500 [50:55<4:18:41,  4.35s/it]
 21%|ΓûêΓûê        | 936/4500 [50:57<3:51:02,  3.89s/it]
 21%|ΓûêΓûê        | 937/4500 [51:00<3:30:43,  3.55s/it]
 21%|ΓûêΓûê        | 938/4500 [51:03<3:17:08,  3.32s/it]
 21%|ΓûêΓûê        | 939/4500 [51:06<3:10:36,  3.21s/it]
 21%|ΓûêΓûê        | 940/4500 [51:09<3:09:11,  3.19s/it]
 21%|ΓûêΓûê        | 941/4500 [51:12<2:58:05,  3.00s/it]
 21%|ΓûêΓûê        | 942/4500 [51:18<3:51:29,  3.90s/it]
 21%|ΓûêΓûê        | 943/4500 [51:20<3:29:12,  3.53s/it]
 21%|ΓûêΓûê        | 944/4500 [51:23<3:16:54,  3.32s/it]
 21%|ΓûêΓûê        | 945/4500 [51:26<3:06:51,  3.15s/it]
 21%|ΓûêΓûê        | 946/4500 [51:29<3:03:15,  3.09s/it]
 21%|ΓûêΓûê        | 947/4500 [51:31<2:53:50,  2.94s/it]
 21%|ΓûêΓûê        | 948/4500 [51:35<2:57:32,  3.00s/it]
 21%|ΓûêΓûê        | 949/4500 [51:37<2:49:49,  2.87s/it]
 21%|ΓûêΓûê        | 950/4500 [51:41<3:01:46,  3.07s/it]
 21%|ΓûêΓûê        | 951/4500 [51:43<2:54:38,  2.95s/it]
 21%|ΓûêΓûê        | 952/4500 [51:47<3:04:41,  3.12s/it]
 21%|ΓûêΓûê        | 953/4500 [51:50<3:04:39,  3.12s/it]
 21%|ΓûêΓûê        | 954/4500 [51:53<3:01:11,  3.07s/it]
 21%|ΓûêΓûê        | 955/4500 [51:56<3:07:10,  3.17s/it]
 21%|ΓûêΓûê        | 956/4500 [52:00<3:15:07,  3.30s/it]
 21%|ΓûêΓûêΓûÅ       | 957/4500 [52:03<3:09:25,  3.21s/it]
 21%|ΓûêΓûêΓûÅ       | 958/4500 [52:06<3:07:23,  3.17s/it]
 21%|ΓûêΓûêΓûÅ       | 959/4500 [52:09<3:04:33,  3.13s/it]
 21%|ΓûêΓûêΓûÅ       | 961/4500 [52:12<2:23:54,  2.44s/it]
 21%|ΓûêΓûêΓûÅ       | 962/4500 [52:16<2:40:10,  2.72s/it]
 21%|ΓûêΓûêΓûÅ       | 963/4500 [52:19<2:46:11,  2.82s/it]
 21%|ΓûêΓûêΓûÅ       | 964/4500 [52:22<2:57:31,  3.01s/it]
 21%|ΓûêΓûêΓûÅ       | 965/4500 [52:26<2:58:28,  3.03s/it]
 21%|ΓûêΓûêΓûÅ       | 966/4500 [52:29<2:57:51,  3.02s/it]
 21%|ΓûêΓûêΓûÅ       | 967/4500 [52:31<2:55:51,  2.99s/it]
 22%|ΓûêΓûêΓûÅ       | 968/4500 [52:35<3:05:46,  3.16s/it]
 22%|ΓûêΓûêΓûÅ       | 969/4500 [52:38<3:06:04,  3.16s/it]
 22%|ΓûêΓûêΓûÅ       | 970/4500 [52:41<3:02:01,  3.09s/it]
 22%|ΓûêΓûêΓûÅ       | 971/4500 [52:44<3:01:49,  3.09s/it]
 22%|ΓûêΓûêΓûÅ       | 972/4500 [52:53<4:35:16,  4.68s/it]
 22%|ΓûêΓûêΓûÅ       | 973/4500 [52:57<4:26:52,  4.54s/it]
 22%|ΓûêΓûêΓûÅ       | 974/4500 [53:00<3:58:10,  4.05s/it]
 22%|ΓûêΓûêΓûÅ       | 975/4500 [53:03<3:51:50,  3.95s/it]
 22%|ΓûêΓûêΓûÅ       | 976/4500 [53:06<3:27:13,  3.53s/it]
 22%|ΓûêΓûêΓûÅ       | 977/4500 [53:10<3:27:40,  3.54s/it]
 22%|ΓûêΓûêΓûÅ       | 978/4500 [53:12<3:15:42,  3.33s/it]
 22%|ΓûêΓûêΓûÅ       | 979/4500 [53:15<3:08:49,  3.22s/it]
 22%|ΓûêΓûêΓûÅ       | 980/4500 [53:18<2:58:54,  3.05s/it]
 22%|ΓûêΓûêΓûÅ       | 981/4500 [53:22<3:15:29,  3.33s/it]
 22%|ΓûêΓûêΓûÅ       | 982/4500 [53:25<3:06:33,  3.18s/it]
 22%|ΓûêΓûêΓûÅ       | 983/4500 [53:28<3:05:04,  3.16s/it]
 22%|ΓûêΓûêΓûÅ       | 984/4500 [53:31<2:57:30,  3.03s/it]
 22%|ΓûêΓûêΓûÅ       | 985/4500 [53:34<3:10:58,  3.26s/it]
 22%|ΓûêΓûêΓûÅ       | 986/4500 [53:37<2:58:24,  3.05s/it]
 22%|ΓûêΓûêΓûÅ       | 987/4500 [53:41<3:06:44,  3.19s/it]
 22%|ΓûêΓûêΓûÅ       | 988/4500 [53:43<2:55:27,  3.00s/it]
 22%|ΓûêΓûêΓûÅ       | 989/4500 [53:46<2:56:32,  3.02s/it]
 22%|ΓûêΓûêΓûÅ       | 990/4500 [53:49<2:50:05,  2.91s/it]
 22%|ΓûêΓûêΓûÅ       | 991/4500 [53:52<2:57:35,  3.04s/it]
 22%|ΓûêΓûêΓûÅ       | 992/4500 [53:56<3:02:52,  3.13s/it]
 22%|ΓûêΓûêΓûÅ       | 993/4500 [53:59<3:10:17,  3.26s/it]
 22%|ΓûêΓûêΓûÅ       | 994/4500 [54:02<3:00:25,  3.09s/it]
 22%|ΓûêΓûêΓûÅ       | 995/4500 [54:05<2:59:06,  3.07s/it]
 22%|ΓûêΓûêΓûÅ       | 997/4500 [54:08<2:21:00,  2.42s/it]
 22%|ΓûêΓûêΓûÅ       | 998/4500 [54:11<2:27:04,  2.52s/it]
 22%|ΓûêΓûêΓûÅ       | 999/4500 [54:14<2:28:28,  2.54s/it]
 22%|ΓûêΓûêΓûÅ       | 1000/4500 [54:17<2:44:31,  2.82s/it]
 22%|ΓûêΓûêΓûÅ       | 1001/4500 [54:24<3:48:29,  3.92s/it]
 22%|ΓûêΓûêΓûÅ       | 1002/4500 [54:27<3:35:19,  3.69s/it]
 22%|ΓûêΓûêΓûÅ       | 1003/4500 [54:30<3:18:43,  3.41s/it]
 22%|ΓûêΓûêΓûÅ       | 1004/4500 [54:33<3:11:04,  3.28s/it]
 22%|ΓûêΓûêΓûÅ       | 1005/4500 [54:35<3:01:19,  3.11s/it]
 22%|ΓûêΓûêΓûÅ       | 1006/4500 [54:39<3:06:23,  3.20s/it]
 22%|ΓûêΓûêΓûÅ       | 1007/4500 [54:43<3:17:36,  3.39s/it]
 22%|ΓûêΓûêΓûÅ       | 1008/4500 [54:46<3:20:46,  3.45s/it]
 22%|ΓûêΓûêΓûÅ       | 1009/4500 [54:49<3:08:49,  3.25s/it]
 22%|ΓûêΓûêΓûÅ       | 1010/4500 [54:55<3:58:44,  4.10s/it]
 22%|ΓûêΓûêΓûÅ       | 1011/4500 [55:03<5:03:34,  5.22s/it]
 22%|ΓûêΓûêΓûÅ       | 1012/4500 [55:06<4:23:33,  4.53s/it]
 23%|ΓûêΓûêΓûÄ       | 1013/4500 [55:09<3:53:09,  4.01s/it]
 23%|ΓûêΓûêΓûÄ       | 1014/4500 [55:12<3:39:17,  3.77s/it]
 23%|ΓûêΓûêΓûÄ       | 1015/4500 [55:16<3:51:29,  3.99s/it]
 23%|ΓûêΓûêΓûÄ       | 1016/4500 [55:19<3:33:02,  3.67s/it]
 23%|ΓûêΓûêΓûÄ       | 1018/4500 [55:22<2:29:54,  2.58s/it]
 23%|ΓûêΓûêΓûÄ       | 1019/4500 [55:25<2:36:20,  2.69s/it]
 23%|ΓûêΓûêΓûÄ       | 1020/4500 [55:28<2:37:24,  2.71s/it]
 23%|ΓûêΓûêΓûÄ       | 1021/4500 [55:30<2:38:16,  2.73s/it]
 23%|ΓûêΓûêΓûÄ       | 1022/4500 [55:33<2:38:16,  2.73s/it]
 23%|ΓûêΓûêΓûÄ       | 1023/4500 [55:36<2:42:56,  2.81s/it]
 23%|ΓûêΓûêΓûÄ       | 1024/4500 [55:40<2:54:33,  3.01s/it]
 23%|ΓûêΓûêΓûÄ       | 1025/4500 [55:43<2:52:18,  2.98s/it]
 23%|ΓûêΓûêΓûÄ       | 1026/4500 [55:45<2:43:58,  2.83s/it]
 23%|ΓûêΓûêΓûÄ       | 1027/4500 [55:48<2:42:14,  2.80s/it]
 23%|ΓûêΓûêΓûÄ       | 1028/4500 [55:52<3:04:47,  3.19s/it]
 23%|ΓûêΓûêΓûÄ       | 1029/4500 [55:58<3:50:00,  3.98s/it]
 23%|ΓûêΓûêΓûÄ       | 1030/4500 [56:01<3:38:34,  3.78s/it]
 23%|ΓûêΓûêΓûÄ       | 1031/4500 [56:07<4:20:32,  4.51s/it]
 23%|ΓûêΓûêΓûÄ       | 1032/4500 [56:10<3:47:19,  3.93s/it]
 23%|ΓûêΓûêΓûÄ       | 1033/4500 [56:13<3:40:10,  3.81s/it]
 23%|ΓûêΓûêΓûÄ       | 1034/4500 [56:16<3:18:27,  3.44s/it]
 23%|ΓûêΓûêΓûÄ       | 1035/4500 [56:19<3:16:42,  3.41s/it]
 23%|ΓûêΓûêΓûÄ       | 1036/4500 [56:22<3:01:07,  3.14s/it]
 23%|ΓûêΓûêΓûÄ       | 1037/4500 [56:25<3:05:52,  3.22s/it]
 23%|ΓûêΓûêΓûÄ       | 1038/4500 [56:28<2:57:10,  3.07s/it]
 23%|ΓûêΓûêΓûÄ       | 1039/4500 [56:31<2:56:25,  3.06s/it]
 23%|ΓûêΓûêΓûÄ       | 1040/4500 [56:34<2:47:45,  2.91s/it]
 23%|ΓûêΓûêΓûÄ       | 1041/4500 [56:36<2:46:10,  2.88s/it]
 23%|ΓûêΓûêΓûÄ       | 1042/4500 [56:39<2:41:14,  2.80s/it]
 23%|ΓûêΓûêΓûÄ       | 1043/4500 [56:42<2:47:12,  2.90s/it]
 23%|ΓûêΓûêΓûÄ       | 1044/4500 [56:45<2:48:45,  2.93s/it]
 23%|ΓûêΓûêΓûÄ       | 1045/4500 [56:48<2:47:56,  2.92s/it]
 23%|ΓûêΓûêΓûÄ       | 1046/4500 [56:50<2:40:07,  2.78s/it]
 23%|ΓûêΓûêΓûÄ       | 1047/4500 [56:53<2:44:23,  2.86s/it]
 23%|ΓûêΓûêΓûÄ       | 1048/4500 [56:56<2:41:52,  2.81s/it]
 23%|ΓûêΓûêΓûÄ       | 1050/4500 [56:59<2:04:00,  2.16s/it]
 23%|ΓûêΓûêΓûÄ       | 1051/4500 [57:02<2:12:45,  2.31s/it]
 23%|ΓûêΓûêΓûÄ       | 1052/4500 [57:09<3:28:29,  3.63s/it]
 23%|ΓûêΓûêΓûÄ       | 1053/4500 [57:12<3:13:01,  3.36s/it]
 23%|ΓûêΓûêΓûÄ       | 1054/4500 [57:15<3:09:42,  3.30s/it]
 23%|ΓûêΓûêΓûÄ       | 1055/4500 [57:17<2:57:10,  3.09s/it]
 23%|ΓûêΓûêΓûÄ       | 1056/4500 [57:21<2:59:49,  3.13s/it]
 23%|ΓûêΓûêΓûÄ       | 1057/4500 [57:23<2:51:18,  2.99s/it]
 24%|ΓûêΓûêΓûÄ       | 1058/4500 [57:27<2:57:49,  3.10s/it]
 24%|ΓûêΓûêΓûÄ       | 1059/4500 [57:29<2:47:40,  2.92s/it]
 24%|ΓûêΓûêΓûÄ       | 1060/4500 [57:32<2:45:07,  2.88s/it]
 24%|ΓûêΓûêΓûÄ       | 1061/4500 [57:35<2:39:58,  2.79s/it]
 24%|ΓûêΓûêΓûÄ       | 1062/4500 [57:39<3:00:22,  3.15s/it]
 24%|ΓûêΓûêΓûÄ       | 1063/4500 [57:41<2:48:45,  2.95s/it]
 24%|ΓûêΓûêΓûÄ       | 1064/4500 [57:45<3:10:06,  3.32s/it]
 24%|ΓûêΓûêΓûÄ       | 1065/4500 [57:48<2:58:02,  3.11s/it]
 24%|ΓûêΓûêΓûÄ       | 1066/4500 [57:51<2:56:46,  3.09s/it]
 24%|ΓûêΓûêΓûÄ       | 1067/4500 [57:54<3:00:24,  3.15s/it]
 24%|ΓûêΓûêΓûÄ       | 1068/4500 [57:57<3:01:28,  3.17s/it]
 24%|ΓûêΓûêΓûì       | 1069/4500 [58:00<2:52:31,  3.02s/it]
 24%|ΓûêΓûêΓûì       | 1070/4500 [58:05<3:31:10,  3.69s/it]
 24%|ΓûêΓûêΓûì       | 1071/4500 [58:08<3:12:19,  3.37s/it]
 24%|ΓûêΓûêΓûì       | 1073/4500 [58:11<2:21:01,  2.47s/it]
 24%|ΓûêΓûêΓûì       | 1074/4500 [58:14<2:27:34,  2.58s/it]
 24%|ΓûêΓûêΓûì       | 1075/4500 [58:17<2:35:52,  2.73s/it]
 24%|ΓûêΓûêΓûì       | 1076/4500 [58:20<2:37:40,  2.76s/it]
 24%|ΓûêΓûêΓûì       | 1077/4500 [58:23<2:43:30,  2.87s/it]
 24%|ΓûêΓûêΓûì       | 1078/4500 [58:26<2:51:50,  3.01s/it]
 24%|ΓûêΓûêΓûì       | 1079/4500 [58:29<2:48:52,  2.96s/it]
 24%|ΓûêΓûêΓûì       | 1080/4500 [58:33<3:03:08,  3.21s/it]
 24%|ΓûêΓûêΓûì       | 1081/4500 [58:36<2:56:04,  3.09s/it]
 24%|ΓûêΓûêΓûì       | 1082/4500 [58:38<2:48:07,  2.95s/it]
 24%|ΓûêΓûêΓûì       | 1083/4500 [58:41<2:52:21,  3.03s/it]
 24%|ΓûêΓûêΓûì       | 1084/4500 [58:45<2:57:33,  3.12s/it]
 24%|ΓûêΓûêΓûì       | 1085/4500 [58:48<2:53:10,  3.04s/it]
 24%|ΓûêΓûêΓûì       | 1086/4500 [58:50<2:45:51,  2.91s/it]
 24%|ΓûêΓûêΓûì       | 1087/4500 [58:57<3:55:01,  4.13s/it]
 24%|ΓûêΓûêΓûì       | 1088/4500 [59:00<3:31:32,  3.72s/it]
 24%|ΓûêΓûêΓûì       | 1089/4500 [59:03<3:16:32,  3.46s/it]
 24%|ΓûêΓûêΓûì       | 1090/4500 [59:10<4:25:04,  4.66s/it]
 24%|ΓûêΓûêΓûì       | 1091/4500 [59:14<4:00:44,  4.24s/it]
 24%|ΓûêΓûêΓûì       | 1092/4500 [59:16<3:31:01,  3.72s/it]
 24%|ΓûêΓûêΓûì       | 1093/4500 [59:19<3:22:52,  3.57s/it]
 24%|ΓûêΓûêΓûì       | 1094/4500 [59:22<3:06:52,  3.29s/it]
 24%|ΓûêΓûêΓûì       | 1095/4500 [59:28<3:54:11,  4.13s/it]
 24%|ΓûêΓûêΓûì       | 1096/4500 [59:31<3:28:21,  3.67s/it]
 24%|ΓûêΓûêΓûì       | 1097/4500 [59:34<3:16:49,  3.47s/it]
 24%|ΓûêΓûêΓûì       | 1098/4500 [59:37<3:08:13,  3.32s/it]
 24%|ΓûêΓûêΓûì       | 1099/4500 [59:39<2:59:44,  3.17s/it]
 24%|ΓûêΓûêΓûì       | 1100/4500 [59:42<2:49:47,  3.00s/it]
 24%|ΓûêΓûêΓûì       | 1101/4500 [59:46<3:01:37,  3.21s/it]
 24%|ΓûêΓûêΓûì       | 1102/4500 [59:48<2:52:45,  3.05s/it]
 25%|ΓûêΓûêΓûì       | 1103/4500 [59:55<3:53:49,  4.13s/it]
 25%|ΓûêΓûêΓûì       | 1104/4500 [59:58<3:30:42,  3.72s/it]
 25%|ΓûêΓûêΓûì       | 1105/4500 [1:00:04<4:19:13,  4.58s/it]
 25%|ΓûêΓûêΓûì       | 1106/4500 [1:00:07<3:42:56,  3.94s/it]
 25%|ΓûêΓûêΓûì       | 1107/4500 [1:00:10<3:29:08,  3.70s/it]
 25%|ΓûêΓûêΓûì       | 1108/4500 [1:00:13<3:09:12,  3.35s/it]
 25%|ΓûêΓûêΓûì       | 1109/4500 [1:00:19<4:08:53,  4.40s/it]
 25%|ΓûêΓûêΓûì       | 1110/4500 [1:00:22<3:36:11,  3.83s/it]
 25%|ΓûêΓûêΓûì       | 1111/4500 [1:00:25<3:23:09,  3.60s/it]
 25%|ΓûêΓûêΓûì       | 1112/4500 [1:00:27<3:05:04,  3.28s/it]
 25%|ΓûêΓûêΓûì       | 1113/4500 [1:00:31<3:02:00,  3.22s/it]
 25%|ΓûêΓûêΓûì       | 1114/4500 [1:00:33<2:51:20,  3.04s/it]
 25%|ΓûêΓûêΓûì       | 1115/4500 [1:00:38<3:17:20,  3.50s/it]
 25%|ΓûêΓûêΓûì       | 1116/4500 [1:00:41<3:04:36,  3.27s/it]
 25%|ΓûêΓûêΓûì       | 1117/4500 [1:00:43<2:59:19,  3.18s/it]
 25%|ΓûêΓûêΓûì       | 1118/4500 [1:00:46<2:51:52,  3.05s/it]
 25%|ΓûêΓûêΓûì       | 1119/4500 [1:00:49<2:47:00,  2.96s/it]
 25%|ΓûêΓûêΓûì       | 1120/4500 [1:00:51<2:38:02,  2.81s/it]
 25%|ΓûêΓûêΓûì       | 1121/4500 [1:00:54<2:40:07,  2.84s/it]
 25%|ΓûêΓûêΓûì       | 1122/4500 [1:00:57<2:35:34,  2.76s/it]
 25%|ΓûêΓûêΓûì       | 1123/4500 [1:01:00<2:41:23,  2.87s/it]
 25%|ΓûêΓûêΓûì       | 1124/4500 [1:01:03<2:35:12,  2.76s/it]
 25%|ΓûêΓûêΓûî       | 1125/4500 [1:01:06<2:41:37,  2.87s/it]
 25%|ΓûêΓûêΓûî       | 1126/4500 [1:01:08<2:39:02,  2.83s/it]
 25%|ΓûêΓûêΓûî       | 1127/4500 [1:01:12<2:51:07,  3.04s/it]
 25%|ΓûêΓûêΓûî       | 1128/4500 [1:01:14<2:41:50,  2.88s/it]
 25%|ΓûêΓûêΓûî       | 1129/4500 [1:01:17<2:42:20,  2.89s/it]
 25%|ΓûêΓûêΓûî       | 1130/4500 [1:01:20<2:38:52,  2.83s/it]
 25%|ΓûêΓûêΓûî       | 1131/4500 [1:01:23<2:41:06,  2.87s/it]
 25%|ΓûêΓûêΓûî       | 1132/4500 [1:01:26<2:39:38,  2.84s/it]
 25%|ΓûêΓûêΓûî       | 1133/4500 [1:01:29<2:52:35,  3.08s/it]
 25%|ΓûêΓûêΓûî       | 1134/4500 [1:01:32<2:41:04,  2.87s/it]
 25%|ΓûêΓûêΓûî       | 1135/4500 [1:01:35<2:49:26,  3.02s/it]
 25%|ΓûêΓûêΓûî       | 1136/4500 [1:01:38<2:39:55,  2.85s/it]
 25%|ΓûêΓûêΓûî       | 1137/4500 [1:01:40<2:39:18,  2.84s/it]
 25%|ΓûêΓûêΓûî       | 1138/4500 [1:01:43<2:35:59,  2.78s/it]
 25%|ΓûêΓûêΓûî       | 1139/4500 [1:01:47<2:54:12,  3.11s/it]
 25%|ΓûêΓûêΓûî       | 1140/4500 [1:01:50<2:44:29,  2.94s/it]
 25%|ΓûêΓûêΓûî       | 1141/4500 [1:01:53<2:52:52,  3.09s/it]
 25%|ΓûêΓûêΓûî       | 1142/4500 [1:01:56<2:45:10,  2.95s/it]
 25%|ΓûêΓûêΓûî       | 1143/4500 [1:01:59<2:51:39,  3.07s/it]
 25%|ΓûêΓûêΓûî       | 1144/4500 [1:02:02<2:48:20,  3.01s/it]
 25%|ΓûêΓûêΓûî       | 1145/4500 [1:02:05<2:56:45,  3.16s/it]
 25%|ΓûêΓûêΓûî       | 1146/4500 [1:02:08<2:44:31,  2.94s/it]
 25%|ΓûêΓûêΓûî       | 1147/4500 [1:02:11<2:46:56,  2.99s/it]
 26%|ΓûêΓûêΓûî       | 1148/4500 [1:02:16<3:25:35,  3.68s/it]
 26%|ΓûêΓûêΓûî       | 1149/4500 [1:02:19<3:10:05,  3.40s/it]
 26%|ΓûêΓûêΓûî       | 1150/4500 [1:02:22<3:05:03,  3.31s/it]
 26%|ΓûêΓûêΓûî       | 1151/4500 [1:02:25<2:57:16,  3.18s/it]
 26%|ΓûêΓûêΓûî       | 1152/4500 [1:02:28<2:49:16,  3.03s/it]
 26%|ΓûêΓûêΓûî       | 1153/4500 [1:02:30<2:46:55,  2.99s/it]
 26%|ΓûêΓûêΓûî       | 1154/4500 [1:02:34<2:55:00,  3.14s/it]
 26%|ΓûêΓûêΓûî       | 1155/4500 [1:02:37<2:51:16,  3.07s/it]
 26%|ΓûêΓûêΓûî       | 1156/4500 [1:02:41<3:01:24,  3.26s/it]
 26%|ΓûêΓûêΓûî       | 1157/4500 [1:02:43<2:53:20,  3.11s/it]
 26%|ΓûêΓûêΓûî       | 1158/4500 [1:02:46<2:51:58,  3.09s/it]
 26%|ΓûêΓûêΓûî       | 1159/4500 [1:02:49<2:52:16,  3.09s/it]
 26%|ΓûêΓûêΓûî       | 1160/4500 [1:02:53<2:56:55,  3.18s/it]
 26%|ΓûêΓûêΓûî       | 1161/4500 [1:02:59<3:39:25,  3.94s/it]
 26%|ΓûêΓûêΓûî       | 1162/4500 [1:03:02<3:26:46,  3.72s/it]
 26%|ΓûêΓûêΓûî       | 1163/4500 [1:03:05<3:11:59,  3.45s/it]
 26%|ΓûêΓûêΓûî       | 1164/4500 [1:03:07<2:57:20,  3.19s/it]
 26%|ΓûêΓûêΓûî       | 1165/4500 [1:03:11<3:07:17,  3.37s/it]
 26%|ΓûêΓûêΓûî       | 1166/4500 [1:03:14<2:57:51,  3.20s/it]
 26%|ΓûêΓûêΓûî       | 1167/4500 [1:03:17<2:54:57,  3.15s/it]
 26%|ΓûêΓûêΓûî       | 1168/4500 [1:03:20<2:49:55,  3.06s/it]
 26%|ΓûêΓûêΓûî       | 1169/4500 [1:03:22<2:45:32,  2.98s/it]
 26%|ΓûêΓûêΓûî       | 1170/4500 [1:03:26<2:47:53,  3.03s/it]
 26%|ΓûêΓûêΓûî       | 1171/4500 [1:03:29<2:57:05,  3.19s/it]
 26%|ΓûêΓûêΓûî       | 1172/4500 [1:03:32<2:44:36,  2.97s/it]
 26%|ΓûêΓûêΓûî       | 1173/4500 [1:03:35<2:54:52,  3.15s/it]
 26%|ΓûêΓûêΓûî       | 1174/4500 [1:03:38<2:44:32,  2.97s/it]
 26%|ΓûêΓûêΓûî       | 1175/4500 [1:03:41<2:55:29,  3.17s/it]
 26%|ΓûêΓûêΓûî       | 1176/4500 [1:03:47<3:35:24,  3.89s/it]
 26%|ΓûêΓûêΓûî       | 1177/4500 [1:03:50<3:20:53,  3.63s/it]
 26%|ΓûêΓûêΓûî       | 1178/4500 [1:03:53<3:06:04,  3.36s/it]
 26%|ΓûêΓûêΓûî       | 1179/4500 [1:03:56<2:58:13,  3.22s/it]
 26%|ΓûêΓûêΓûî       | 1180/4500 [1:03:58<2:48:18,  3.04s/it]
 26%|ΓûêΓûêΓûî       | 1181/4500 [1:04:01<2:47:33,  3.03s/it]
 26%|ΓûêΓûêΓûï       | 1182/4500 [1:04:04<2:41:20,  2.92s/it]
 26%|ΓûêΓûêΓûï       | 1183/4500 [1:04:07<2:45:02,  2.99s/it]
 26%|ΓûêΓûêΓûï       | 1184/4500 [1:04:10<2:39:37,  2.89s/it]
 26%|ΓûêΓûêΓûï       | 1185/4500 [1:04:19<4:25:13,  4.80s/it]
 26%|ΓûêΓûêΓûï       | 1186/4500 [1:04:24<4:28:16,  4.86s/it]
 26%|ΓûêΓûêΓûï       | 1187/4500 [1:04:27<3:59:41,  4.34s/it]
 26%|ΓûêΓûêΓûï       | 1188/4500 [1:04:30<3:31:50,  3.84s/it]
 26%|ΓûêΓûêΓûï       | 1189/4500 [1:04:33<3:19:27,  3.61s/it]
 26%|ΓûêΓûêΓûï       | 1190/4500 [1:04:35<3:02:17,  3.30s/it]
 26%|ΓûêΓûêΓûï       | 1191/4500 [1:04:39<3:00:30,  3.27s/it]
 26%|ΓûêΓûêΓûï       | 1192/4500 [1:04:41<2:51:11,  3.11s/it]
 27%|ΓûêΓûêΓûï       | 1193/4500 [1:04:44<2:51:14,  3.11s/it]
 27%|ΓûêΓûêΓûï       | 1194/4500 [1:04:50<3:37:58,  3.96s/it]
 27%|ΓûêΓûêΓûï       | 1195/4500 [1:04:54<3:25:27,  3.73s/it]
 27%|ΓûêΓûêΓûï       | 1196/4500 [1:04:56<3:09:19,  3.44s/it]
 27%|ΓûêΓûêΓûï       | 1197/4500 [1:04:59<2:59:18,  3.26s/it]
 27%|ΓûêΓûêΓûï       | 1198/4500 [1:05:02<2:51:53,  3.12s/it]
 27%|ΓûêΓûêΓûï       | 1199/4500 [1:05:05<2:49:41,  3.08s/it]
 27%|ΓûêΓûêΓûï       | 1200/4500 [1:05:08<2:54:42,  3.18s/it]
 27%|ΓûêΓûêΓûï       | 1201/4500 [1:05:13<3:20:49,  3.65s/it]
 27%|ΓûêΓûêΓûï       | 1202/4500 [1:05:17<3:24:52,  3.73s/it]
 27%|ΓûêΓûêΓûï       | 1203/4500 [1:05:23<3:57:39,  4.32s/it]
 27%|ΓûêΓûêΓûï       | 1204/4500 [1:05:26<3:40:58,  4.02s/it]
 27%|ΓûêΓûêΓûï       | 1205/4500 [1:05:30<3:35:42,  3.93s/it]
 27%|ΓûêΓûêΓûï       | 1206/4500 [1:05:33<3:24:03,  3.72s/it]
 27%|ΓûêΓûêΓûï       | 1207/4500 [1:05:36<3:15:46,  3.57s/it]
 27%|ΓûêΓûêΓûï       | 1208/4500 [1:05:39<3:10:37,  3.47s/it]
 27%|ΓûêΓûêΓûï       | 1209/4500 [1:05:42<3:01:45,  3.31s/it]
 27%|ΓûêΓûêΓûï       | 1210/4500 [1:05:45<2:49:51,  3.10s/it]
 27%|ΓûêΓûêΓûï       | 1211/4500 [1:05:49<3:03:20,  3.34s/it]
 27%|ΓûêΓûêΓûï       | 1212/4500 [1:05:52<2:53:08,  3.16s/it]
 27%|ΓûêΓûêΓûï       | 1213/4500 [1:05:54<2:47:09,  3.05s/it]
 27%|ΓûêΓûêΓûï       | 1214/4500 [1:05:57<2:41:39,  2.95s/it]
 27%|ΓûêΓûêΓûï       | 1215/4500 [1:06:00<2:43:55,  2.99s/it]
 27%|ΓûêΓûêΓûï       | 1216/4500 [1:06:04<2:48:52,  3.09s/it]
 27%|ΓûêΓûêΓûï       | 1217/4500 [1:06:07<2:49:27,  3.10s/it]
 27%|ΓûêΓûêΓûï       | 1218/4500 [1:06:09<2:40:50,  2.94s/it]
 27%|ΓûêΓûêΓûï       | 1219/4500 [1:06:12<2:41:31,  2.95s/it]
 27%|ΓûêΓûêΓûï       | 1220/4500 [1:06:15<2:37:43,  2.89s/it]
 27%|ΓûêΓûêΓûï       | 1221/4500 [1:06:18<2:41:25,  2.95s/it]
 27%|ΓûêΓûêΓûï       | 1222/4500 [1:06:21<2:37:23,  2.88s/it]
 27%|ΓûêΓûêΓûï       | 1223/4500 [1:06:24<2:37:10,  2.88s/it]
 27%|ΓûêΓûêΓûï       | 1224/4500 [1:06:30<3:30:14,  3.85s/it]
 27%|ΓûêΓûêΓûï       | 1225/4500 [1:06:36<4:02:35,  4.44s/it]
 27%|ΓûêΓûêΓûï       | 1226/4500 [1:06:40<3:57:06,  4.35s/it]
 27%|ΓûêΓûêΓûï       | 1227/4500 [1:06:43<3:36:14,  3.96s/it]
 27%|ΓûêΓûêΓûï       | 1228/4500 [1:06:45<3:11:32,  3.51s/it]
 27%|ΓûêΓûêΓûï       | 1229/4500 [1:06:51<3:44:55,  4.13s/it]
 27%|ΓûêΓûêΓûï       | 1230/4500 [1:06:53<3:19:59,  3.67s/it]
 27%|ΓûêΓûêΓûï       | 1231/4500 [1:06:56<3:11:02,  3.51s/it]
 27%|ΓûêΓûêΓûï       | 1232/4500 [1:06:59<2:58:56,  3.29s/it]
 27%|ΓûêΓûêΓûï       | 1233/4500 [1:07:03<2:59:53,  3.30s/it]
 27%|ΓûêΓûêΓûï       | 1234/4500 [1:07:05<2:51:28,  3.15s/it]
 27%|ΓûêΓûêΓûï       | 1235/4500 [1:07:09<2:57:19,  3.26s/it]
 27%|ΓûêΓûêΓûï       | 1236/4500 [1:07:12<2:50:15,  3.13s/it]
 27%|ΓûêΓûêΓûï       | 1237/4500 [1:07:15<2:54:55,  3.22s/it]
 28%|ΓûêΓûêΓûè       | 1238/4500 [1:07:18<2:46:43,  3.07s/it]
 28%|ΓûêΓûêΓûè       | 1239/4500 [1:07:21<2:53:05,  3.18s/it]
 28%|ΓûêΓûêΓûè       | 1240/4500 [1:07:26<3:22:27,  3.73s/it]
 28%|ΓûêΓûêΓûè       | 1241/4500 [1:07:29<3:12:16,  3.54s/it]
 28%|ΓûêΓûêΓûè       | 1242/4500 [1:07:38<4:28:17,  4.94s/it]
 28%|ΓûêΓûêΓûè       | 1243/4500 [1:07:44<4:44:25,  5.24s/it]
 28%|ΓûêΓûêΓûè       | 1244/4500 [1:07:46<4:02:43,  4.47s/it]
 28%|ΓûêΓûêΓûè       | 1245/4500 [1:07:49<3:39:48,  4.05s/it]
 28%|ΓûêΓûêΓûè       | 1246/4500 [1:07:52<3:17:44,  3.65s/it]
 28%|ΓûêΓûêΓûè       | 1247/4500 [1:07:58<3:55:16,  4.34s/it]
 28%|ΓûêΓûêΓûè       | 1248/4500 [1:08:01<3:28:07,  3.84s/it]
 28%|ΓûêΓûêΓûè       | 1249/4500 [1:08:04<3:17:27,  3.64s/it]
 28%|ΓûêΓûêΓûè       | 1250/4500 [1:08:06<2:58:40,  3.30s/it]
 28%|ΓûêΓûêΓûè       | 1251/4500 [1:08:10<3:03:17,  3.38s/it]
 28%|ΓûêΓûêΓûè       | 1252/4500 [1:08:13<2:51:51,  3.17s/it]
 28%|ΓûêΓûêΓûè       | 1253/4500 [1:08:17<3:07:23,  3.46s/it]
 28%|ΓûêΓûêΓûè       | 1254/4500 [1:08:20<2:56:07,  3.26s/it]
 28%|ΓûêΓûêΓûè       | 1255/4500 [1:08:23<2:57:02,  3.27s/it]
 28%|ΓûêΓûêΓûè       | 1256/4500 [1:08:26<2:49:18,  3.13s/it]
 28%|ΓûêΓûêΓûè       | 1257/4500 [1:08:29<2:51:44,  3.18s/it]
 28%|ΓûêΓûêΓûè       | 1258/4500 [1:08:32<2:42:25,  3.01s/it]
 28%|ΓûêΓûêΓûè       | 1259/4500 [1:08:35<2:46:44,  3.09s/it]
 28%|ΓûêΓûêΓûè       | 1260/4500 [1:08:37<2:34:50,  2.87s/it]
 28%|ΓûêΓûêΓûè       | 1261/4500 [1:08:44<3:32:04,  3.93s/it]
 28%|ΓûêΓûêΓûè       | 1262/4500 [1:08:47<3:18:33,  3.68s/it]
 28%|ΓûêΓûêΓûè       | 1263/4500 [1:08:50<3:09:45,  3.52s/it]
 28%|ΓûêΓûêΓûè       | 1264/4500 [1:08:52<2:54:12,  3.23s/it]
 28%|ΓûêΓûêΓûè       | 1265/4500 [1:08:55<2:48:29,  3.13s/it]
 28%|ΓûêΓûêΓûè       | 1266/4500 [1:08:58<2:44:20,  3.05s/it]
 28%|ΓûêΓûêΓûè       | 1267/4500 [1:09:01<2:45:17,  3.07s/it]
 28%|ΓûêΓûêΓûè       | 1268/4500 [1:09:04<2:35:49,  2.89s/it]
 28%|ΓûêΓûêΓûè       | 1269/4500 [1:09:07<2:36:32,  2.91s/it]
 28%|ΓûêΓûêΓûè       | 1270/4500 [1:09:11<2:53:28,  3.22s/it]
 28%|ΓûêΓûêΓûè       | 1271/4500 [1:09:14<2:49:33,  3.15s/it]
 28%|ΓûêΓûêΓûè       | 1272/4500 [1:09:16<2:44:54,  3.07s/it]
 28%|ΓûêΓûêΓûè       | 1273/4500 [1:09:22<3:29:23,  3.89s/it]
 28%|ΓûêΓûêΓûè       | 1274/4500 [1:09:25<3:10:33,  3.54s/it]
 28%|ΓûêΓûêΓûè       | 1275/4500 [1:09:28<3:02:59,  3.40s/it]
 28%|ΓûêΓûêΓûè       | 1276/4500 [1:09:31<2:52:28,  3.21s/it]
 28%|ΓûêΓûêΓûè       | 1277/4500 [1:09:34<2:50:25,  3.17s/it]
 28%|ΓûêΓûêΓûè       | 1278/4500 [1:09:37<2:41:16,  3.00s/it]
 28%|ΓûêΓûêΓûè       | 1279/4500 [1:09:40<2:44:46,  3.07s/it]
 28%|ΓûêΓûêΓûè       | 1280/4500 [1:09:43<2:39:41,  2.98s/it]
 28%|ΓûêΓûêΓûè       | 1281/4500 [1:09:51<4:06:59,  4.60s/it]
 28%|ΓûêΓûêΓûè       | 1282/4500 [1:09:53<3:31:53,  3.95s/it]
 29%|ΓûêΓûêΓûè       | 1283/4500 [1:09:57<3:29:16,  3.90s/it]
 29%|ΓûêΓûêΓûè       | 1284/4500 [1:10:00<3:10:22,  3.55s/it]
 29%|ΓûêΓûêΓûè       | 1286/4500 [1:10:03<2:19:37,  2.61s/it]
 29%|ΓûêΓûêΓûè       | 1287/4500 [1:10:06<2:22:51,  2.67s/it]
 29%|ΓûêΓûêΓûè       | 1288/4500 [1:10:09<2:24:21,  2.70s/it]
 29%|ΓûêΓûêΓûè       | 1290/4500 [1:10:11<1:51:55,  2.09s/it]
 29%|ΓûêΓûêΓûè       | 1291/4500 [1:10:14<2:03:57,  2.32s/it]
 29%|ΓûêΓûêΓûè       | 1292/4500 [1:10:18<2:25:42,  2.73s/it]
 29%|ΓûêΓûêΓûè       | 1293/4500 [1:10:21<2:27:58,  2.77s/it]
 29%|ΓûêΓûêΓûë       | 1294/4500 [1:10:24<2:28:57,  2.79s/it]
 29%|ΓûêΓûêΓûë       | 1295/4500 [1:10:27<2:41:30,  3.02s/it]
 29%|ΓûêΓûêΓûë       | 1296/4500 [1:10:30<2:35:14,  2.91s/it]
 29%|ΓûêΓûêΓûë       | 1297/4500 [1:10:33<2:36:53,  2.94s/it]
 29%|ΓûêΓûêΓûë       | 1298/4500 [1:10:36<2:29:45,  2.81s/it]
 29%|ΓûêΓûêΓûë       | 1299/4500 [1:10:39<2:39:54,  3.00s/it]
 29%|ΓûêΓûêΓûë       | 1300/4500 [1:10:42<2:35:18,  2.91s/it]
 29%|ΓûêΓûêΓûë       | 1301/4500 [1:10:45<2:33:18,  2.88s/it]
 29%|ΓûêΓûêΓûë       | 1302/4500 [1:10:47<2:27:33,  2.77s/it]
 29%|ΓûêΓûêΓûë       | 1303/4500 [1:10:50<2:34:23,  2.90s/it]
 29%|ΓûêΓûêΓûë       | 1304/4500 [1:10:56<3:14:41,  3.66s/it]
 29%|ΓûêΓûêΓûë       | 1305/4500 [1:10:59<3:12:41,  3.62s/it]
 29%|ΓûêΓûêΓûë       | 1306/4500 [1:11:02<3:01:12,  3.40s/it]
 29%|ΓûêΓûêΓûë       | 1307/4500 [1:11:05<2:51:42,  3.23s/it]
 29%|ΓûêΓûêΓûë       | 1308/4500 [1:11:08<2:44:34,  3.09s/it]
 29%|ΓûêΓûêΓûë       | 1309/4500 [1:11:11<2:40:14,  3.01s/it]
 29%|ΓûêΓûêΓûë       | 1310/4500 [1:11:13<2:33:56,  2.90s/it]
 29%|ΓûêΓûêΓûë       | 1311/4500 [1:11:16<2:36:00,  2.94s/it]
 29%|ΓûêΓûêΓûë       | 1312/4500 [1:11:19<2:32:52,  2.88s/it]
 29%|ΓûêΓûêΓûë       | 1313/4500 [1:11:22<2:32:30,  2.87s/it]
 29%|ΓûêΓûêΓûë       | 1314/4500 [1:11:28<3:32:07,  3.99s/it]
 29%|ΓûêΓûêΓûë       | 1315/4500 [1:11:31<3:17:56,  3.73s/it]
 29%|ΓûêΓûêΓûë       | 1316/4500 [1:11:35<3:07:21,  3.53s/it]
 29%|ΓûêΓûêΓûë       | 1317/4500 [1:11:40<3:40:12,  4.15s/it]
 29%|ΓûêΓûêΓûë       | 1318/4500 [1:11:43<3:17:35,  3.73s/it]
 29%|ΓûêΓûêΓûë       | 1319/4500 [1:11:46<3:04:52,  3.49s/it]
 29%|ΓûêΓûêΓûë       | 1320/4500 [1:11:48<2:50:34,  3.22s/it]
 29%|ΓûêΓûêΓûë       | 1321/4500 [1:11:51<2:48:05,  3.17s/it]
 29%|ΓûêΓûêΓûë       | 1322/4500 [1:11:54<2:38:23,  2.99s/it]
 29%|ΓûêΓûêΓûë       | 1323/4500 [1:11:57<2:38:15,  2.99s/it]
 29%|ΓûêΓûêΓûë       | 1324/4500 [1:12:00<2:39:09,  3.01s/it]
 29%|ΓûêΓûêΓûë       | 1325/4500 [1:12:03<2:39:43,  3.02s/it]
 29%|ΓûêΓûêΓûë       | 1326/4500 [1:12:06<2:36:21,  2.96s/it]
 29%|ΓûêΓûêΓûë       | 1327/4500 [1:12:12<3:27:44,  3.93s/it]
 30%|ΓûêΓûêΓûë       | 1328/4500 [1:12:15<3:15:36,  3.70s/it]
 30%|ΓûêΓûêΓûë       | 1329/4500 [1:12:18<3:05:52,  3.52s/it]
 30%|ΓûêΓûêΓûë       | 1330/4500 [1:12:21<2:51:58,  3.26s/it]
 30%|ΓûêΓûêΓûë       | 1331/4500 [1:12:24<2:44:32,  3.12s/it]
 30%|ΓûêΓûêΓûë       | 1332/4500 [1:12:26<2:33:05,  2.90s/it]
 30%|ΓûêΓûêΓûë       | 1333/4500 [1:12:30<2:53:14,  3.28s/it]
 30%|ΓûêΓûêΓûë       | 1334/4500 [1:12:33<2:44:24,  3.12s/it]
 30%|ΓûêΓûêΓûë       | 1335/4500 [1:12:37<2:51:30,  3.25s/it]
 30%|ΓûêΓûêΓûë       | 1336/4500 [1:12:40<2:46:52,  3.16s/it]
 30%|ΓûêΓûêΓûë       | 1337/4500 [1:12:43<2:42:58,  3.09s/it]
 30%|ΓûêΓûêΓûë       | 1338/4500 [1:12:46<2:50:57,  3.24s/it]
 30%|ΓûêΓûêΓûë       | 1339/4500 [1:12:50<2:54:11,  3.31s/it]
 30%|ΓûêΓûêΓûë       | 1340/4500 [1:12:55<3:32:34,  4.04s/it]
 30%|ΓûêΓûêΓûë       | 1341/4500 [1:12:59<3:23:00,  3.86s/it]
 30%|ΓûêΓûêΓûë       | 1342/4500 [1:13:01<3:01:13,  3.44s/it]
 30%|ΓûêΓûêΓûë       | 1343/4500 [1:13:04<2:53:14,  3.29s/it]
 30%|ΓûêΓûêΓûë       | 1344/4500 [1:13:07<2:41:23,  3.07s/it]
 30%|ΓûêΓûêΓûë       | 1346/4500 [1:13:10<2:03:04,  2.34s/it]
 30%|ΓûêΓûêΓûë       | 1347/4500 [1:13:12<2:05:59,  2.40s/it]
 30%|ΓûêΓûêΓûë       | 1348/4500 [1:13:15<2:16:38,  2.60s/it]
 30%|ΓûêΓûêΓûë       | 1349/4500 [1:13:18<2:16:22,  2.60s/it]
 30%|ΓûêΓûêΓûê       | 1350/4500 [1:13:21<2:22:40,  2.72s/it]
 30%|ΓûêΓûêΓûê       | 1351/4500 [1:13:24<2:24:26,  2.75s/it]
 30%|ΓûêΓûêΓûê       | 1352/4500 [1:13:27<2:26:44,  2.80s/it]
 30%|ΓûêΓûêΓûê       | 1353/4500 [1:13:30<2:25:19,  2.77s/it]
 30%|ΓûêΓûêΓûê       | 1354/4500 [1:13:33<2:28:44,  2.84s/it]
 30%|ΓûêΓûêΓûê       | 1355/4500 [1:13:35<2:30:05,  2.86s/it]
 30%|ΓûêΓûêΓûê       | 1356/4500 [1:13:39<2:38:03,  3.02s/it]
 30%|ΓûêΓûêΓûê       | 1357/4500 [1:13:44<3:06:26,  3.56s/it]
 30%|ΓûêΓûêΓûê       | 1358/4500 [1:13:47<3:01:21,  3.46s/it]
 30%|ΓûêΓûêΓûê       | 1359/4500 [1:13:49<2:44:48,  3.15s/it]
 30%|ΓûêΓûêΓûê       | 1360/4500 [1:13:53<2:46:13,  3.18s/it]
 30%|ΓûêΓûêΓûê       | 1361/4500 [1:13:55<2:39:16,  3.04s/it]
 30%|ΓûêΓûêΓûê       | 1362/4500 [1:13:58<2:38:47,  3.04s/it]
 30%|ΓûêΓûêΓûê       | 1363/4500 [1:14:02<2:43:29,  3.13s/it]
 30%|ΓûêΓûêΓûê       | 1364/4500 [1:14:08<3:29:05,  4.00s/it]
 30%|ΓûêΓûêΓûê       | 1365/4500 [1:14:11<3:11:29,  3.67s/it]
 30%|ΓûêΓûêΓûê       | 1366/4500 [1:14:14<3:05:01,  3.54s/it]
 30%|ΓûêΓûêΓûê       | 1367/4500 [1:14:16<2:48:23,  3.23s/it]
 30%|ΓûêΓûêΓûê       | 1368/4500 [1:14:20<2:48:27,  3.23s/it]
 30%|ΓûêΓûêΓûê       | 1369/4500 [1:14:22<2:36:56,  3.01s/it]
 30%|ΓûêΓûêΓûê       | 1370/4500 [1:14:25<2:34:06,  2.95s/it]
 30%|ΓûêΓûêΓûê       | 1371/4500 [1:14:28<2:32:33,  2.93s/it]
 30%|ΓûêΓûêΓûê       | 1372/4500 [1:14:31<2:42:07,  3.11s/it]
 31%|ΓûêΓûêΓûê       | 1373/4500 [1:14:34<2:33:12,  2.94s/it]
 31%|ΓûêΓûêΓûê       | 1374/4500 [1:14:37<2:43:01,  3.13s/it]
 31%|ΓûêΓûêΓûê       | 1375/4500 [1:14:40<2:33:56,  2.96s/it]
 31%|ΓûêΓûêΓûê       | 1376/4500 [1:14:43<2:32:50,  2.94s/it]
 31%|ΓûêΓûêΓûê       | 1377/4500 [1:14:46<2:30:57,  2.90s/it]
 31%|ΓûêΓûêΓûê       | 1378/4500 [1:14:49<2:42:41,  3.13s/it]
 31%|ΓûêΓûêΓûê       | 1379/4500 [1:14:52<2:36:35,  3.01s/it]
 31%|ΓûêΓûêΓûê       | 1380/4500 [1:14:55<2:38:01,  3.04s/it]
 31%|ΓûêΓûêΓûê       | 1381/4500 [1:14:58<2:38:13,  3.04s/it]
 31%|ΓûêΓûêΓûê       | 1382/4500 [1:15:02<2:45:18,  3.18s/it]
 31%|ΓûêΓûêΓûê       | 1383/4500 [1:15:08<3:26:34,  3.98s/it]
 31%|ΓûêΓûêΓûê       | 1384/4500 [1:15:11<3:21:12,  3.87s/it]
 31%|ΓûêΓûêΓûê       | 1385/4500 [1:15:14<3:03:22,  3.53s/it]
 31%|ΓûêΓûêΓûê       | 1386/4500 [1:15:17<2:55:52,  3.39s/it]
 31%|ΓûêΓûêΓûê       | 1387/4500 [1:15:20<2:45:15,  3.19s/it]
 31%|ΓûêΓûêΓûê       | 1388/4500 [1:15:23<2:40:04,  3.09s/it]
 31%|ΓûêΓûêΓûê       | 1389/4500 [1:15:25<2:34:17,  2.98s/it]
 31%|ΓûêΓûêΓûê       | 1391/4500 [1:15:28<1:57:25,  2.27s/it]
 31%|ΓûêΓûêΓûê       | 1392/4500 [1:15:31<2:03:06,  2.38s/it]
 31%|ΓûêΓûêΓûê       | 1393/4500 [1:15:34<2:12:30,  2.56s/it]
 31%|ΓûêΓûêΓûê       | 1394/4500 [1:15:36<2:10:05,  2.51s/it]
 31%|ΓûêΓûêΓûê       | 1395/4500 [1:15:39<2:15:46,  2.62s/it]
 31%|ΓûêΓûêΓûê       | 1396/4500 [1:15:42<2:13:56,  2.59s/it]
 31%|ΓûêΓûêΓûê       | 1397/4500 [1:15:48<3:09:56,  3.67s/it]
 31%|ΓûêΓûêΓûê       | 1398/4500 [1:15:51<3:01:15,  3.51s/it]
 31%|ΓûêΓûêΓûê       | 1399/4500 [1:15:54<2:53:59,  3.37s/it]
 31%|ΓûêΓûêΓûê       | 1400/4500 [1:15:57<2:43:48,  3.17s/it]
 31%|ΓûêΓûêΓûê       | 1401/4500 [1:16:00<2:41:31,  3.13s/it]
 31%|ΓûêΓûêΓûê       | 1402/4500 [1:16:03<2:35:40,  3.02s/it]
 31%|ΓûêΓûêΓûê       | 1403/4500 [1:16:05<2:32:45,  2.96s/it]
 31%|ΓûêΓûêΓûê       | 1404/4500 [1:16:08<2:25:03,  2.81s/it]
 31%|ΓûêΓûêΓûê       | 1405/4500 [1:16:11<2:26:35,  2.84s/it]
 31%|ΓûêΓûêΓûê       | 1406/4500 [1:16:14<2:33:04,  2.97s/it]
 31%|ΓûêΓûêΓûêΓûÅ      | 1407/4500 [1:16:20<3:10:43,  3.70s/it]
 31%|ΓûêΓûêΓûêΓûÅ      | 1408/4500 [1:16:22<2:52:48,  3.35s/it]
 31%|ΓûêΓûêΓûêΓûÅ      | 1409/4500 [1:16:25<2:51:38,  3.33s/it]
 31%|ΓûêΓûêΓûêΓûÅ      | 1410/4500 [1:16:28<2:42:25,  3.15s/it]
 31%|ΓûêΓûêΓûêΓûÅ      | 1411/4500 [1:16:31<2:38:50,  3.09s/it]
 31%|ΓûêΓûêΓûêΓûÅ      | 1412/4500 [1:16:34<2:32:13,  2.96s/it]
 31%|ΓûêΓûêΓûêΓûÅ      | 1413/4500 [1:16:37<2:35:48,  3.03s/it]
 31%|ΓûêΓûêΓûêΓûÅ      | 1414/4500 [1:16:39<2:27:39,  2.87s/it]
 31%|ΓûêΓûêΓûêΓûÅ      | 1415/4500 [1:16:43<2:39:46,  3.11s/it]
 31%|ΓûêΓûêΓûêΓûÅ      | 1416/4500 [1:16:46<2:33:49,  2.99s/it]
 31%|ΓûêΓûêΓûêΓûÅ      | 1417/4500 [1:16:49<2:35:09,  3.02s/it]
 32%|ΓûêΓûêΓûêΓûÅ      | 1418/4500 [1:16:51<2:28:40,  2.89s/it]
 32%|ΓûêΓûêΓûêΓûÅ      | 1419/4500 [1:16:55<2:36:40,  3.05s/it]
 32%|ΓûêΓûêΓûêΓûÅ      | 1420/4500 [1:16:57<2:27:30,  2.87s/it]
 32%|ΓûêΓûêΓûêΓûÅ      | 1421/4500 [1:17:01<2:33:04,  2.98s/it]
 32%|ΓûêΓûêΓûêΓûÅ      | 1422/4500 [1:17:04<2:40:05,  3.12s/it]
 32%|ΓûêΓûêΓûêΓûÅ      | 1423/4500 [1:17:07<2:38:48,  3.10s/it]
 32%|ΓûêΓûêΓûêΓûÅ      | 1424/4500 [1:17:09<2:27:44,  2.88s/it]
 32%|ΓûêΓûêΓûêΓûÅ      | 1425/4500 [1:17:12<2:29:06,  2.91s/it]
 32%|ΓûêΓûêΓûêΓûÅ      | 1426/4500 [1:17:15<2:26:03,  2.85s/it]
 32%|ΓûêΓûêΓûêΓûÅ      | 1427/4500 [1:17:19<2:37:08,  3.07s/it]
 32%|ΓûêΓûêΓûêΓûÅ      | 1428/4500 [1:17:24<3:17:15,  3.85s/it]
 32%|ΓûêΓûêΓûêΓûÅ      | 1429/4500 [1:17:27<3:04:40,  3.61s/it]
 32%|ΓûêΓûêΓûêΓûÅ      | 1430/4500 [1:17:30<2:51:33,  3.35s/it]
 32%|ΓûêΓûêΓûêΓûÅ      | 1431/4500 [1:17:33<2:43:13,  3.19s/it]
 32%|ΓûêΓûêΓûêΓûÅ      | 1432/4500 [1:17:36<2:36:32,  3.06s/it]
 32%|ΓûêΓûêΓûêΓûÅ      | 1433/4500 [1:17:39<2:36:42,  3.07s/it]
 32%|ΓûêΓûêΓûêΓûÅ      | 1434/4500 [1:17:42<2:31:08,  2.96s/it]
 32%|ΓûêΓûêΓûêΓûÅ      | 1435/4500 [1:17:45<2:31:34,  2.97s/it]
 32%|ΓûêΓûêΓûêΓûÅ      | 1436/4500 [1:17:47<2:27:51,  2.90s/it]
 32%|ΓûêΓûêΓûêΓûÅ      | 1437/4500 [1:17:50<2:32:49,  2.99s/it]
 32%|ΓûêΓûêΓûêΓûÅ      | 1438/4500 [1:17:53<2:28:14,  2.90s/it]
 32%|ΓûêΓûêΓûêΓûÅ      | 1439/4500 [1:17:56<2:34:06,  3.02s/it]
 32%|ΓûêΓûêΓûêΓûÅ      | 1440/4500 [1:18:00<2:40:04,  3.14s/it]
 32%|ΓûêΓûêΓûêΓûÅ      | 1441/4500 [1:18:03<2:36:07,  3.06s/it]
 32%|ΓûêΓûêΓûêΓûÅ      | 1442/4500 [1:18:05<2:29:46,  2.94s/it]
 32%|ΓûêΓûêΓûêΓûÅ      | 1443/4500 [1:18:08<2:30:45,  2.96s/it]
 32%|ΓûêΓûêΓûêΓûÅ      | 1444/4500 [1:18:11<2:26:58,  2.89s/it]
 32%|ΓûêΓûêΓûêΓûÅ      | 1445/4500 [1:18:14<2:32:19,  2.99s/it]
 32%|ΓûêΓûêΓûêΓûÅ      | 1446/4500 [1:18:21<3:28:16,  4.09s/it]
 32%|ΓûêΓûêΓûêΓûÅ      | 1447/4500 [1:18:24<3:11:29,  3.76s/it]
 32%|ΓûêΓûêΓûêΓûÅ      | 1448/4500 [1:18:27<3:01:04,  3.56s/it]
 32%|ΓûêΓûêΓûêΓûÅ      | 1449/4500 [1:18:30<2:51:10,  3.37s/it]
 32%|ΓûêΓûêΓûêΓûÅ      | 1450/4500 [1:18:33<2:45:18,  3.25s/it]
 32%|ΓûêΓûêΓûêΓûÅ      | 1451/4500 [1:18:39<3:23:59,  4.01s/it]
 32%|ΓûêΓûêΓûêΓûÅ      | 1452/4500 [1:18:45<3:51:48,  4.56s/it]
 32%|ΓûêΓûêΓûêΓûÅ      | 1453/4500 [1:18:48<3:30:58,  4.15s/it]
 32%|ΓûêΓûêΓûêΓûÅ      | 1454/4500 [1:18:50<3:07:44,  3.70s/it]
 32%|ΓûêΓûêΓûêΓûÅ      | 1455/4500 [1:18:54<2:58:43,  3.52s/it]
 32%|ΓûêΓûêΓûêΓûÅ      | 1456/4500 [1:18:57<2:49:58,  3.35s/it]
 32%|ΓûêΓûêΓûêΓûÅ      | 1457/4500 [1:18:59<2:42:45,  3.21s/it]
 32%|ΓûêΓûêΓûêΓûÅ      | 1458/4500 [1:19:02<2:35:50,  3.07s/it]
 32%|ΓûêΓûêΓûêΓûÅ      | 1459/4500 [1:19:12<4:21:12,  5.15s/it]
 32%|ΓûêΓûêΓûêΓûÅ      | 1460/4500 [1:19:16<4:03:29,  4.81s/it]
 32%|ΓûêΓûêΓûêΓûÅ      | 1461/4500 [1:19:21<4:09:50,  4.93s/it]
 32%|ΓûêΓûêΓûêΓûÅ      | 1462/4500 [1:19:25<3:52:23,  4.59s/it]
 33%|ΓûêΓûêΓûêΓûÄ      | 1463/4500 [1:19:28<3:31:06,  4.17s/it]
 33%|ΓûêΓûêΓûêΓûÄ      | 1464/4500 [1:19:31<3:04:32,  3.65s/it]
 33%|ΓûêΓûêΓûêΓûÄ      | 1465/4500 [1:19:37<3:47:26,  4.50s/it]
 33%|ΓûêΓûêΓûêΓûÄ      | 1466/4500 [1:19:40<3:18:35,  3.93s/it]
 33%|ΓûêΓûêΓûêΓûÄ      | 1467/4500 [1:19:43<3:05:15,  3.66s/it]
 33%|ΓûêΓûêΓûêΓûÄ      | 1468/4500 [1:19:46<2:49:27,  3.35s/it]
 33%|ΓûêΓûêΓûêΓûÄ      | 1469/4500 [1:19:49<2:46:25,  3.29s/it]
 33%|ΓûêΓûêΓûêΓûÄ      | 1470/4500 [1:19:52<2:45:23,  3.28s/it]
 33%|ΓûêΓûêΓûêΓûÄ      | 1471/4500 [1:19:55<2:42:48,  3.22s/it]
 33%|ΓûêΓûêΓûêΓûÄ      | 1472/4500 [1:19:58<2:33:45,  3.05s/it]
 33%|ΓûêΓûêΓûêΓûÄ      | 1473/4500 [1:20:01<2:30:31,  2.98s/it]
 33%|ΓûêΓûêΓûêΓûÄ      | 1474/4500 [1:20:03<2:28:02,  2.94s/it]
 33%|ΓûêΓûêΓûêΓûÄ      | 1475/4500 [1:20:06<2:27:20,  2.92s/it]
 33%|ΓûêΓûêΓûêΓûÄ      | 1476/4500 [1:20:14<3:32:51,  4.22s/it]
 33%|ΓûêΓûêΓûêΓûÄ      | 1477/4500 [1:20:17<3:16:45,  3.91s/it]
 33%|ΓûêΓûêΓûêΓûÄ      | 1478/4500 [1:20:19<2:58:14,  3.54s/it]
 33%|ΓûêΓûêΓûêΓûÄ      | 1479/4500 [1:20:22<2:48:56,  3.36s/it]
 33%|ΓûêΓûêΓûêΓûÄ      | 1480/4500 [1:20:25<2:37:42,  3.13s/it]
 33%|ΓûêΓûêΓûêΓûÄ      | 1481/4500 [1:20:28<2:32:53,  3.04s/it]
 33%|ΓûêΓûêΓûêΓûÄ      | 1482/4500 [1:20:30<2:26:16,  2.91s/it]
 33%|ΓûêΓûêΓûêΓûÄ      | 1483/4500 [1:20:33<2:29:36,  2.98s/it]
 33%|ΓûêΓûêΓûêΓûÄ      | 1484/4500 [1:20:36<2:26:32,  2.92s/it]
 33%|ΓûêΓûêΓûêΓûÄ      | 1485/4500 [1:20:41<2:48:22,  3.35s/it]
 33%|ΓûêΓûêΓûêΓûÄ      | 1486/4500 [1:20:44<2:47:44,  3.34s/it]
 33%|ΓûêΓûêΓûêΓûÄ      | 1487/4500 [1:20:48<2:55:32,  3.50s/it]
 33%|ΓûêΓûêΓûêΓûÄ      | 1488/4500 [1:20:51<2:46:43,  3.32s/it]
 33%|ΓûêΓûêΓûêΓûÄ      | 1489/4500 [1:20:54<2:44:32,  3.28s/it]
 33%|ΓûêΓûêΓûêΓûÄ      | 1490/4500 [1:20:57<2:46:58,  3.33s/it]
 33%|ΓûêΓûêΓûêΓûÄ      | 1491/4500 [1:21:00<2:41:55,  3.23s/it]
 33%|ΓûêΓûêΓûêΓûÄ      | 1492/4500 [1:21:03<2:39:13,  3.18s/it]
 33%|ΓûêΓûêΓûêΓûÄ      | 1493/4500 [1:21:07<2:39:42,  3.19s/it]
 33%|ΓûêΓûêΓûêΓûÄ      | 1494/4500 [1:21:12<3:20:38,  4.00s/it]
 33%|ΓûêΓûêΓûêΓûÄ      | 1495/4500 [1:21:16<3:12:14,  3.84s/it]
 33%|ΓûêΓûêΓûêΓûÄ      | 1496/4500 [1:21:19<2:54:41,  3.49s/it]
 33%|ΓûêΓûêΓûêΓûÄ      | 1497/4500 [1:21:22<2:52:53,  3.45s/it]
 33%|ΓûêΓûêΓûêΓûÄ      | 1498/4500 [1:21:25<2:41:08,  3.22s/it]
 33%|ΓûêΓûêΓûêΓûÄ      | 1499/4500 [1:21:28<2:40:10,  3.20s/it]
 33%|ΓûêΓûêΓûêΓûÄ      | 1500/4500 [1:21:30<2:27:33,  2.95s/it]
 33%|ΓûêΓûêΓûêΓûÄ      | 1501/4500 [1:21:33<2:29:23,  2.99s/it]
 33%|ΓûêΓûêΓûêΓûÄ      | 1502/4500 [1:21:36<2:30:39,  3.02s/it]
 33%|ΓûêΓûêΓûêΓûÄ      | 1503/4500 [1:21:39<2:25:28,  2.91s/it]
 33%|ΓûêΓûêΓûêΓûÄ      | 1504/4500 [1:21:42<2:28:39,  2.98s/it]
 33%|ΓûêΓûêΓûêΓûÄ      | 1505/4500 [1:21:45<2:29:44,  3.00s/it]
 33%|ΓûêΓûêΓûêΓûÄ      | 1506/4500 [1:21:48<2:27:29,  2.96s/it]
 33%|ΓûêΓûêΓûêΓûÄ      | 1507/4500 [1:21:51<2:25:12,  2.91s/it]
 34%|ΓûêΓûêΓûêΓûÄ      | 1508/4500 [1:21:54<2:21:47,  2.84s/it]
 34%|ΓûêΓûêΓûêΓûÄ      | 1509/4500 [1:21:57<2:26:41,  2.94s/it]
 34%|ΓûêΓûêΓûêΓûÄ      | 1510/4500 [1:21:59<2:22:42,  2.86s/it]
 34%|ΓûêΓûêΓûêΓûÄ      | 1511/4500 [1:22:03<2:29:53,  3.01s/it]
 34%|ΓûêΓûêΓûêΓûÄ      | 1512/4500 [1:22:08<3:09:23,  3.80s/it]
 34%|ΓûêΓûêΓûêΓûÄ      | 1513/4500 [1:22:11<2:55:16,  3.52s/it]
 34%|ΓûêΓûêΓûêΓûÄ      | 1514/4500 [1:22:14<2:47:43,  3.37s/it]
 34%|ΓûêΓûêΓûêΓûÄ      | 1515/4500 [1:22:17<2:41:30,  3.25s/it]
 34%|ΓûêΓûêΓûêΓûÄ      | 1516/4500 [1:22:20<2:36:41,  3.15s/it]
 34%|ΓûêΓûêΓûêΓûÄ      | 1517/4500 [1:22:23<2:33:26,  3.09s/it]
 34%|ΓûêΓûêΓûêΓûÄ      | 1518/4500 [1:22:26<2:30:52,  3.04s/it]
 34%|ΓûêΓûêΓûêΓûì      | 1519/4500 [1:22:29<2:31:18,  3.05s/it]
 34%|ΓûêΓûêΓûêΓûì      | 1520/4500 [1:22:32<2:27:48,  2.98s/it]
 34%|ΓûêΓûêΓûêΓûì      | 1521/4500 [1:22:35<2:25:56,  2.94s/it]
 34%|ΓûêΓûêΓûêΓûì      | 1522/4500 [1:22:38<2:32:46,  3.08s/it]
 34%|ΓûêΓûêΓûêΓûì      | 1523/4500 [1:22:41<2:28:48,  3.00s/it]
 34%|ΓûêΓûêΓûêΓûì      | 1524/4500 [1:22:44<2:22:14,  2.87s/it]
 34%|ΓûêΓûêΓûêΓûì      | 1525/4500 [1:22:47<2:31:12,  3.05s/it]
 34%|ΓûêΓûêΓûêΓûì      | 1526/4500 [1:22:50<2:24:26,  2.91s/it]
 34%|ΓûêΓûêΓûêΓûì      | 1527/4500 [1:22:53<2:31:08,  3.05s/it]
 34%|ΓûêΓûêΓûêΓûì      | 1528/4500 [1:22:58<2:58:41,  3.61s/it]
 34%|ΓûêΓûêΓûêΓûì      | 1529/4500 [1:23:01<2:46:15,  3.36s/it]
 34%|ΓûêΓûêΓûêΓûì      | 1530/4500 [1:23:03<2:37:12,  3.18s/it]
 34%|ΓûêΓûêΓûêΓûì      | 1531/4500 [1:23:06<2:30:12,  3.04s/it]
 34%|ΓûêΓûêΓûêΓûì      | 1532/4500 [1:23:09<2:27:34,  2.98s/it]
 34%|ΓûêΓûêΓûêΓûì      | 1533/4500 [1:23:12<2:25:06,  2.93s/it]
 34%|ΓûêΓûêΓûêΓûì      | 1534/4500 [1:23:14<2:19:55,  2.83s/it]
 34%|ΓûêΓûêΓûêΓûì      | 1535/4500 [1:23:17<2:21:51,  2.87s/it]
 34%|ΓûêΓûêΓûêΓûì      | 1536/4500 [1:23:21<2:34:21,  3.12s/it]
 34%|ΓûêΓûêΓûêΓûì      | 1537/4500 [1:23:24<2:32:44,  3.09s/it]
 34%|ΓûêΓûêΓûêΓûì      | 1538/4500 [1:23:27<2:23:05,  2.90s/it]
 34%|ΓûêΓûêΓûêΓûì      | 1539/4500 [1:23:30<2:32:39,  3.09s/it]
 34%|ΓûêΓûêΓûêΓûì      | 1540/4500 [1:23:33<2:23:10,  2.90s/it]
 34%|ΓûêΓûêΓûêΓûì      | 1541/4500 [1:23:36<2:26:00,  2.96s/it]
 34%|ΓûêΓûêΓûêΓûì      | 1542/4500 [1:23:38<2:20:13,  2.84s/it]
 34%|ΓûêΓûêΓûêΓûì      | 1543/4500 [1:23:41<2:22:49,  2.90s/it]
 34%|ΓûêΓûêΓûêΓûì      | 1544/4500 [1:23:44<2:18:34,  2.81s/it]
 34%|ΓûêΓûêΓûêΓûì      | 1545/4500 [1:23:48<2:37:08,  3.19s/it]
 34%|ΓûêΓûêΓûêΓûì      | 1546/4500 [1:23:50<2:27:38,  3.00s/it]
 34%|ΓûêΓûêΓûêΓûì      | 1547/4500 [1:23:53<2:26:29,  2.98s/it]
 34%|ΓûêΓûêΓûêΓûì      | 1548/4500 [1:23:56<2:18:18,  2.81s/it]
 34%|ΓûêΓûêΓûêΓûì      | 1549/4500 [1:23:59<2:19:26,  2.84s/it]
 34%|ΓûêΓûêΓûêΓûì      | 1550/4500 [1:24:02<2:21:35,  2.88s/it]
 34%|ΓûêΓûêΓûêΓûì      | 1551/4500 [1:24:06<2:35:44,  3.17s/it]
 34%|ΓûêΓûêΓûêΓûì      | 1552/4500 [1:24:08<2:25:13,  2.96s/it]
 35%|ΓûêΓûêΓûêΓûì      | 1553/4500 [1:24:12<2:39:13,  3.24s/it]
 35%|ΓûêΓûêΓûêΓûì      | 1554/4500 [1:24:14<2:26:56,  2.99s/it]
 35%|ΓûêΓûêΓûêΓûì      | 1555/4500 [1:24:17<2:27:28,  3.00s/it]
 35%|ΓûêΓûêΓûêΓûì      | 1556/4500 [1:24:21<2:33:28,  3.13s/it]
 35%|ΓûêΓûêΓûêΓûì      | 1557/4500 [1:24:25<2:44:02,  3.34s/it]
 35%|ΓûêΓûêΓûêΓûì      | 1558/4500 [1:24:27<2:32:27,  3.11s/it]
 35%|ΓûêΓûêΓûêΓûì      | 1559/4500 [1:24:34<3:30:55,  4.30s/it]
 35%|ΓûêΓûêΓûêΓûì      | 1560/4500 [1:24:40<3:53:07,  4.76s/it]
 35%|ΓûêΓûêΓûêΓûì      | 1561/4500 [1:24:45<3:49:42,  4.69s/it]
 35%|ΓûêΓûêΓûêΓûì      | 1562/4500 [1:24:47<3:17:35,  4.04s/it]
 35%|ΓûêΓûêΓûêΓûì      | 1563/4500 [1:24:50<3:02:30,  3.73s/it]
 35%|ΓûêΓûêΓûêΓûì      | 1564/4500 [1:24:53<2:52:15,  3.52s/it]
 35%|ΓûêΓûêΓûêΓûì      | 1565/4500 [1:24:56<2:45:28,  3.38s/it]
 35%|ΓûêΓûêΓûêΓûì      | 1566/4500 [1:24:59<2:37:29,  3.22s/it]
 35%|ΓûêΓûêΓûêΓûì      | 1567/4500 [1:25:06<3:27:05,  4.24s/it]
 35%|ΓûêΓûêΓûêΓûì      | 1568/4500 [1:25:08<3:02:47,  3.74s/it]
 35%|ΓûêΓûêΓûêΓûì      | 1569/4500 [1:25:14<3:32:52,  4.36s/it]
 35%|ΓûêΓûêΓûêΓûì      | 1570/4500 [1:25:17<3:08:16,  3.86s/it]
 35%|ΓûêΓûêΓûêΓûì      | 1571/4500 [1:25:20<2:58:53,  3.66s/it]
 35%|ΓûêΓûêΓûêΓûì      | 1572/4500 [1:25:22<2:41:14,  3.30s/it]
 35%|ΓûêΓûêΓûêΓûì      | 1573/4500 [1:25:25<2:33:44,  3.15s/it]
 35%|ΓûêΓûêΓûêΓûì      | 1574/4500 [1:25:28<2:23:29,  2.94s/it]
 35%|ΓûêΓûêΓûêΓûî      | 1575/4500 [1:25:31<2:27:46,  3.03s/it]
 35%|ΓûêΓûêΓûêΓûî      | 1576/4500 [1:25:33<2:21:11,  2.90s/it]
 35%|ΓûêΓûêΓûêΓûî      | 1577/4500 [1:25:36<2:22:50,  2.93s/it]
 35%|ΓûêΓûêΓûêΓûî      | 1578/4500 [1:25:39<2:21:04,  2.90s/it]
 35%|ΓûêΓûêΓûêΓûî      | 1579/4500 [1:25:43<2:27:35,  3.03s/it]
 35%|ΓûêΓûêΓûêΓûî      | 1580/4500 [1:25:45<2:20:36,  2.89s/it]
 35%|ΓûêΓûêΓûêΓûî      | 1581/4500 [1:25:49<2:27:02,  3.02s/it]
 35%|ΓûêΓûêΓûêΓûî      | 1582/4500 [1:25:54<2:58:42,  3.67s/it]
 35%|ΓûêΓûêΓûêΓûî      | 1583/4500 [1:25:57<2:55:56,  3.62s/it]
 35%|ΓûêΓûêΓûêΓûî      | 1584/4500 [1:26:00<2:42:01,  3.33s/it]
 35%|ΓûêΓûêΓûêΓûî      | 1585/4500 [1:26:03<2:37:15,  3.24s/it]
 35%|ΓûêΓûêΓûêΓûî      | 1586/4500 [1:26:05<2:27:05,  3.03s/it]
 35%|ΓûêΓûêΓûêΓûî      | 1587/4500 [1:26:09<2:30:00,  3.09s/it]
 35%|ΓûêΓûêΓûêΓûî      | 1588/4500 [1:26:11<2:21:58,  2.93s/it]
 35%|ΓûêΓûêΓûêΓûî      | 1589/4500 [1:26:14<2:23:35,  2.96s/it]
 35%|ΓûêΓûêΓûêΓûî      | 1590/4500 [1:26:17<2:19:46,  2.88s/it]
 35%|ΓûêΓûêΓûêΓûî      | 1591/4500 [1:26:20<2:20:59,  2.91s/it]
 35%|ΓûêΓûêΓûêΓûî      | 1592/4500 [1:26:23<2:15:58,  2.81s/it]
 35%|ΓûêΓûêΓûêΓûî      | 1593/4500 [1:26:25<2:17:57,  2.85s/it]
 35%|ΓûêΓûêΓûêΓûî      | 1594/4500 [1:26:32<3:07:04,  3.86s/it]
 35%|ΓûêΓûêΓûêΓûî      | 1595/4500 [1:26:35<2:55:51,  3.63s/it]
 35%|ΓûêΓûêΓûêΓûî      | 1596/4500 [1:26:37<2:37:24,  3.25s/it]
 35%|ΓûêΓûêΓûêΓûî      | 1597/4500 [1:26:41<2:44:39,  3.40s/it]
 36%|ΓûêΓûêΓûêΓûî      | 1598/4500 [1:26:44<2:33:14,  3.17s/it]
 36%|ΓûêΓûêΓûêΓûî      | 1599/4500 [1:26:46<2:29:44,  3.10s/it]
 36%|ΓûêΓûêΓûêΓûî      | 1600/4500 [1:26:49<2:21:48,  2.93s/it]
 36%|ΓûêΓûêΓûêΓûî      | 1601/4500 [1:26:52<2:23:24,  2.97s/it]
 36%|ΓûêΓûêΓûêΓûî      | 1602/4500 [1:26:55<2:19:24,  2.89s/it]
 36%|ΓûêΓûêΓûêΓûî      | 1603/4500 [1:26:59<2:33:58,  3.19s/it]
 36%|ΓûêΓûêΓûêΓûî      | 1604/4500 [1:27:01<2:26:16,  3.03s/it]
 36%|ΓûêΓûêΓûêΓûî      | 1605/4500 [1:27:05<2:34:47,  3.21s/it]
 36%|ΓûêΓûêΓûêΓûî      | 1606/4500 [1:27:07<2:24:33,  3.00s/it]
 36%|ΓûêΓûêΓûêΓûî      | 1607/4500 [1:27:11<2:39:10,  3.30s/it]
 36%|ΓûêΓûêΓûêΓûî      | 1608/4500 [1:27:14<2:26:15,  3.03s/it]
 36%|ΓûêΓûêΓûêΓûî      | 1609/4500 [1:27:17<2:29:06,  3.09s/it]
 36%|ΓûêΓûêΓûêΓûî      | 1610/4500 [1:27:20<2:28:42,  3.09s/it]
 36%|ΓûêΓûêΓûêΓûî      | 1611/4500 [1:27:24<2:37:50,  3.28s/it]
 36%|ΓûêΓûêΓûêΓûî      | 1612/4500 [1:27:26<2:25:20,  3.02s/it]
 36%|ΓûêΓûêΓûêΓûî      | 1613/4500 [1:27:30<2:29:03,  3.10s/it]
 36%|ΓûêΓûêΓûêΓûî      | 1614/4500 [1:27:33<2:30:04,  3.12s/it]
 36%|ΓûêΓûêΓûêΓûî      | 1615/4500 [1:27:36<2:32:28,  3.17s/it]
 36%|ΓûêΓûêΓûêΓûî      | 1616/4500 [1:27:38<2:20:31,  2.92s/it]
 36%|ΓûêΓûêΓûêΓûî      | 1617/4500 [1:27:41<2:22:31,  2.97s/it]
 36%|ΓûêΓûêΓûêΓûî      | 1618/4500 [1:27:44<2:16:34,  2.84s/it]
 36%|ΓûêΓûêΓûêΓûî      | 1619/4500 [1:27:47<2:20:35,  2.93s/it]
 36%|ΓûêΓûêΓûêΓûî      | 1620/4500 [1:27:50<2:23:55,  3.00s/it]
 36%|ΓûêΓûêΓûêΓûî      | 1621/4500 [1:27:53<2:25:49,  3.04s/it]
 36%|ΓûêΓûêΓûêΓûî      | 1622/4500 [1:27:56<2:16:13,  2.84s/it]
 36%|ΓûêΓûêΓûêΓûî      | 1623/4500 [1:27:59<2:20:57,  2.94s/it]
 36%|ΓûêΓûêΓûêΓûî      | 1624/4500 [1:28:02<2:16:13,  2.84s/it]
 36%|ΓûêΓûêΓûêΓûî      | 1625/4500 [1:28:05<2:29:49,  3.13s/it]
 36%|ΓûêΓûêΓûêΓûî      | 1626/4500 [1:28:08<2:19:47,  2.92s/it]
 36%|ΓûêΓûêΓûêΓûî      | 1627/4500 [1:28:11<2:28:40,  3.11s/it]
 36%|ΓûêΓûêΓûêΓûî      | 1628/4500 [1:28:17<2:58:43,  3.73s/it]
 36%|ΓûêΓûêΓûêΓûî      | 1629/4500 [1:28:20<2:48:36,  3.52s/it]
 36%|ΓûêΓûêΓûêΓûî      | 1630/4500 [1:28:22<2:33:22,  3.21s/it]
 36%|ΓûêΓûêΓûêΓûî      | 1631/4500 [1:28:28<3:17:18,  4.13s/it]
 36%|ΓûêΓûêΓûêΓûï      | 1632/4500 [1:28:31<2:57:06,  3.71s/it]
 36%|ΓûêΓûêΓûêΓûï      | 1633/4500 [1:28:34<2:46:43,  3.49s/it]
 36%|ΓûêΓûêΓûêΓûï      | 1634/4500 [1:28:37<2:32:18,  3.19s/it]
 36%|ΓûêΓûêΓûêΓûï      | 1635/4500 [1:28:40<2:36:04,  3.27s/it]
 36%|ΓûêΓûêΓûêΓûï      | 1636/4500 [1:28:43<2:28:22,  3.11s/it]
 36%|ΓûêΓûêΓûêΓûï      | 1637/4500 [1:28:45<2:23:44,  3.01s/it]
 36%|ΓûêΓûêΓûêΓûï      | 1638/4500 [1:28:49<2:37:08,  3.29s/it]
 36%|ΓûêΓûêΓûêΓûï      | 1639/4500 [1:28:52<2:32:18,  3.19s/it]
 36%|ΓûêΓûêΓûêΓûï      | 1640/4500 [1:28:56<2:32:40,  3.20s/it]
 36%|ΓûêΓûêΓûêΓûï      | 1641/4500 [1:28:59<2:30:12,  3.15s/it]
 36%|ΓûêΓûêΓûêΓûï      | 1642/4500 [1:29:02<2:31:20,  3.18s/it]
 37%|ΓûêΓûêΓûêΓûï      | 1643/4500 [1:29:05<2:26:02,  3.07s/it]
 37%|ΓûêΓûêΓûêΓûï      | 1644/4500 [1:29:07<2:21:00,  2.96s/it]
 37%|ΓûêΓûêΓûêΓûï      | 1645/4500 [1:29:10<2:20:45,  2.96s/it]
 37%|ΓûêΓûêΓûêΓûï      | 1646/4500 [1:29:13<2:14:30,  2.83s/it]
 37%|ΓûêΓûêΓûêΓûï      | 1647/4500 [1:29:16<2:14:02,  2.82s/it]
 37%|ΓûêΓûêΓûêΓûï      | 1649/4500 [1:29:19<1:44:55,  2.21s/it]
 37%|ΓûêΓûêΓûêΓûï      | 1650/4500 [1:29:22<1:56:23,  2.45s/it]
 37%|ΓûêΓûêΓûêΓûï      | 1651/4500 [1:29:24<1:55:19,  2.43s/it]
 37%|ΓûêΓûêΓûêΓûï      | 1652/4500 [1:29:27<2:00:13,  2.53s/it]
 37%|ΓûêΓûêΓûêΓûï      | 1653/4500 [1:29:30<2:12:09,  2.79s/it]
 37%|ΓûêΓûêΓûêΓûï      | 1654/4500 [1:29:37<2:56:00,  3.71s/it]
 37%|ΓûêΓûêΓûêΓûï      | 1655/4500 [1:29:39<2:45:25,  3.49s/it]
 37%|ΓûêΓûêΓûêΓûï      | 1656/4500 [1:29:43<2:46:43,  3.52s/it]
 37%|ΓûêΓûêΓûêΓûï      | 1657/4500 [1:29:46<2:35:49,  3.29s/it]
 37%|ΓûêΓûêΓûêΓûï      | 1658/4500 [1:29:49<2:30:06,  3.17s/it]
 37%|ΓûêΓûêΓûêΓûï      | 1659/4500 [1:29:51<2:22:09,  3.00s/it]
 37%|ΓûêΓûêΓûêΓûï      | 1660/4500 [1:29:54<2:24:14,  3.05s/it]
 37%|ΓûêΓûêΓûêΓûï      | 1661/4500 [1:29:58<2:24:56,  3.06s/it]
 37%|ΓûêΓûêΓûêΓûï      | 1662/4500 [1:30:00<2:22:23,  3.01s/it]
 37%|ΓûêΓûêΓûêΓûï      | 1663/4500 [1:30:04<2:32:55,  3.23s/it]
 37%|ΓûêΓûêΓûêΓûï      | 1664/4500 [1:30:08<2:35:51,  3.30s/it]
 37%|ΓûêΓûêΓûêΓûï      | 1665/4500 [1:30:10<2:27:52,  3.13s/it]
 37%|ΓûêΓûêΓûêΓûï      | 1666/4500 [1:30:13<2:24:38,  3.06s/it]
 37%|ΓûêΓûêΓûêΓûï      | 1667/4500 [1:30:16<2:14:46,  2.85s/it]
 37%|ΓûêΓûêΓûêΓûï      | 1668/4500 [1:30:19<2:18:31,  2.93s/it]
 37%|ΓûêΓûêΓûêΓûï      | 1669/4500 [1:30:21<2:13:13,  2.82s/it]
 37%|ΓûêΓûêΓûêΓûï      | 1670/4500 [1:30:25<2:24:05,  3.05s/it]
 37%|ΓûêΓûêΓûêΓûï      | 1671/4500 [1:30:27<2:15:36,  2.88s/it]
 37%|ΓûêΓûêΓûêΓûï      | 1672/4500 [1:30:31<2:19:03,  2.95s/it]
 37%|ΓûêΓûêΓûêΓûï      | 1673/4500 [1:30:37<3:02:34,  3.87s/it]
 37%|ΓûêΓûêΓûêΓûï      | 1674/4500 [1:30:40<2:53:37,  3.69s/it]
 37%|ΓûêΓûêΓûêΓûï      | 1675/4500 [1:30:46<3:29:53,  4.46s/it]
 37%|ΓûêΓûêΓûêΓûï      | 1676/4500 [1:30:49<3:09:23,  4.02s/it]
 37%|ΓûêΓûêΓûêΓûï      | 1677/4500 [1:30:51<2:46:19,  3.54s/it]
 37%|ΓûêΓûêΓûêΓûï      | 1678/4500 [1:30:54<2:38:55,  3.38s/it]
 37%|ΓûêΓûêΓûêΓûï      | 1679/4500 [1:31:00<3:04:36,  3.93s/it]
 37%|ΓûêΓûêΓûêΓûï      | 1680/4500 [1:31:03<2:55:08,  3.73s/it]
 37%|ΓûêΓûêΓûêΓûï      | 1681/4500 [1:31:06<2:45:47,  3.53s/it]
 37%|ΓûêΓûêΓûêΓûï      | 1682/4500 [1:31:09<2:41:15,  3.43s/it]
 37%|ΓûêΓûêΓûêΓûï      | 1683/4500 [1:31:12<2:27:56,  3.15s/it]
 37%|ΓûêΓûêΓûêΓûï      | 1684/4500 [1:31:15<2:24:43,  3.08s/it]
 37%|ΓûêΓûêΓûêΓûï      | 1685/4500 [1:31:17<2:15:18,  2.88s/it]
 37%|ΓûêΓûêΓûêΓûï      | 1686/4500 [1:31:20<2:14:05,  2.86s/it]
 37%|ΓûêΓûêΓûêΓûï      | 1687/4500 [1:31:22<2:10:35,  2.79s/it]
 38%|ΓûêΓûêΓûêΓûè      | 1688/4500 [1:31:31<3:30:48,  4.50s/it]
 38%|ΓûêΓûêΓûêΓûè      | 1689/4500 [1:31:34<3:04:28,  3.94s/it]
 38%|ΓûêΓûêΓûêΓûè      | 1690/4500 [1:31:38<3:04:33,  3.94s/it]
 38%|ΓûêΓûêΓûêΓûè      | 1691/4500 [1:31:40<2:47:54,  3.59s/it]
 38%|ΓûêΓûêΓûêΓûè      | 1692/4500 [1:31:46<3:23:17,  4.34s/it]
 38%|ΓûêΓûêΓûêΓûè      | 1693/4500 [1:31:50<3:08:19,  4.03s/it]
 38%|ΓûêΓûêΓûêΓûè      | 1694/4500 [1:31:53<2:54:20,  3.73s/it]
 38%|ΓûêΓûêΓûêΓûè      | 1695/4500 [1:31:55<2:39:45,  3.42s/it]
 38%|ΓûêΓûêΓûêΓûè      | 1696/4500 [1:31:58<2:32:53,  3.27s/it]
 38%|ΓûêΓûêΓûêΓûè      | 1697/4500 [1:32:01<2:24:27,  3.09s/it]
 38%|ΓûêΓûêΓûêΓûè      | 1698/4500 [1:32:05<2:31:18,  3.24s/it]
 38%|ΓûêΓûêΓûêΓûè      | 1699/4500 [1:32:07<2:22:20,  3.05s/it]
 38%|ΓûêΓûêΓûêΓûè      | 1700/4500 [1:32:10<2:23:03,  3.07s/it]
 38%|ΓûêΓûêΓûêΓûè      | 1701/4500 [1:32:13<2:15:51,  2.91s/it]
 38%|ΓûêΓûêΓûêΓûè      | 1702/4500 [1:32:16<2:16:26,  2.93s/it]
 38%|ΓûêΓûêΓûêΓûè      | 1703/4500 [1:32:18<2:12:04,  2.83s/it]
 38%|ΓûêΓûêΓûêΓûè      | 1704/4500 [1:32:21<2:14:09,  2.88s/it]
 38%|ΓûêΓûêΓûêΓûè      | 1705/4500 [1:32:25<2:20:20,  3.01s/it]
 38%|ΓûêΓûêΓûêΓûè      | 1706/4500 [1:32:28<2:18:27,  2.97s/it]
 38%|ΓûêΓûêΓûêΓûè      | 1707/4500 [1:32:30<2:10:27,  2.80s/it]
 38%|ΓûêΓûêΓûêΓûè      | 1708/4500 [1:32:36<2:53:25,  3.73s/it]
 38%|ΓûêΓûêΓûêΓûè      | 1709/4500 [1:32:39<2:39:41,  3.43s/it]
 38%|ΓûêΓûêΓûêΓûè      | 1710/4500 [1:32:42<2:35:39,  3.35s/it]
 38%|ΓûêΓûêΓûêΓûè      | 1711/4500 [1:32:45<2:26:56,  3.16s/it]
 38%|ΓûêΓûêΓûêΓûè      | 1712/4500 [1:32:47<2:22:57,  3.08s/it]
 38%|ΓûêΓûêΓûêΓûè      | 1713/4500 [1:32:50<2:16:14,  2.93s/it]
 38%|ΓûêΓûêΓûêΓûè      | 1714/4500 [1:32:54<2:24:12,  3.11s/it]
 38%|ΓûêΓûêΓûêΓûè      | 1715/4500 [1:32:55<2:06:09,  2.72s/it]
 38%|ΓûêΓûêΓûêΓûè      | 1716/4500 [1:32:58<2:09:56,  2.80s/it]
 38%|ΓûêΓûêΓûêΓûè      | 1717/4500 [1:33:02<2:22:07,  3.06s/it]
 38%|ΓûêΓûêΓûêΓûè      | 1718/4500 [1:33:05<2:20:41,  3.03s/it]
 38%|ΓûêΓûêΓûêΓûè      | 1719/4500 [1:33:07<2:13:03,  2.87s/it]
 38%|ΓûêΓûêΓûêΓûè      | 1720/4500 [1:33:10<2:13:26,  2.88s/it]
 38%|ΓûêΓûêΓûêΓûè      | 1721/4500 [1:33:14<2:24:13,  3.11s/it]
 38%|ΓûêΓûêΓûêΓûè      | 1722/4500 [1:33:17<2:23:35,  3.10s/it]
 38%|ΓûêΓûêΓûêΓûè      | 1723/4500 [1:33:20<2:15:56,  2.94s/it]
 38%|ΓûêΓûêΓûêΓûè      | 1724/4500 [1:33:23<2:18:50,  3.00s/it]
 38%|ΓûêΓûêΓûêΓûè      | 1725/4500 [1:33:27<2:31:20,  3.27s/it]
 38%|ΓûêΓûêΓûêΓûè      | 1726/4500 [1:33:30<2:33:41,  3.32s/it]
 38%|ΓûêΓûêΓûêΓûè      | 1727/4500 [1:33:33<2:33:11,  3.31s/it]
 38%|ΓûêΓûêΓûêΓûè      | 1728/4500 [1:33:37<2:39:45,  3.46s/it]
 38%|ΓûêΓûêΓûêΓûè      | 1729/4500 [1:33:40<2:31:28,  3.28s/it]
 38%|ΓûêΓûêΓûêΓûè      | 1730/4500 [1:33:44<2:35:03,  3.36s/it]
 38%|ΓûêΓûêΓûêΓûè      | 1731/4500 [1:33:46<2:26:17,  3.17s/it]
 38%|ΓûêΓûêΓûêΓûè      | 1732/4500 [1:33:50<2:27:03,  3.19s/it]
 39%|ΓûêΓûêΓûêΓûè      | 1733/4500 [1:33:52<2:15:23,  2.94s/it]
 39%|ΓûêΓûêΓûêΓûè      | 1734/4500 [1:33:55<2:17:07,  2.97s/it]
 39%|ΓûêΓûêΓûêΓûè      | 1735/4500 [1:33:57<2:10:03,  2.82s/it]
 39%|ΓûêΓûêΓûêΓûè      | 1736/4500 [1:34:01<2:13:03,  2.89s/it]
 39%|ΓûêΓûêΓûêΓûè      | 1737/4500 [1:34:08<3:10:35,  4.14s/it]
 39%|ΓûêΓûêΓûêΓûè      | 1738/4500 [1:34:10<2:51:53,  3.73s/it]
 39%|ΓûêΓûêΓûêΓûè      | 1739/4500 [1:34:16<3:19:25,  4.33s/it]
 39%|ΓûêΓûêΓûêΓûè      | 1740/4500 [1:34:19<3:03:38,  3.99s/it]
 39%|ΓûêΓûêΓûêΓûè      | 1741/4500 [1:34:22<2:45:42,  3.60s/it]
 39%|ΓûêΓûêΓûêΓûè      | 1742/4500 [1:34:25<2:38:58,  3.46s/it]
 39%|ΓûêΓûêΓûêΓûè      | 1743/4500 [1:34:28<2:28:39,  3.24s/it]
 39%|ΓûêΓûêΓûêΓûë      | 1744/4500 [1:34:36<3:32:35,  4.63s/it]
 39%|ΓûêΓûêΓûêΓûë      | 1745/4500 [1:34:41<3:44:27,  4.89s/it]
 39%|ΓûêΓûêΓûêΓûë      | 1746/4500 [1:34:44<3:21:02,  4.38s/it]
 39%|ΓûêΓûêΓûêΓûë      | 1747/4500 [1:34:47<2:56:09,  3.84s/it]
 39%|ΓûêΓûêΓûêΓûë      | 1748/4500 [1:34:50<2:49:17,  3.69s/it]
 39%|ΓûêΓûêΓûêΓûë      | 1749/4500 [1:34:56<3:18:59,  4.34s/it]
 39%|ΓûêΓûêΓûêΓûë      | 1750/4500 [1:34:59<3:01:21,  3.96s/it]
 39%|ΓûêΓûêΓûêΓûë      | 1751/4500 [1:35:02<2:41:26,  3.52s/it]
 39%|ΓûêΓûêΓûêΓûë      | 1752/4500 [1:35:05<2:37:10,  3.43s/it]
 39%|ΓûêΓûêΓûêΓûë      | 1753/4500 [1:35:08<2:26:36,  3.20s/it]
 39%|ΓûêΓûêΓûêΓûë      | 1754/4500 [1:35:11<2:24:56,  3.17s/it]
 39%|ΓûêΓûêΓûêΓûë      | 1755/4500 [1:35:13<2:17:46,  3.01s/it]
 39%|ΓûêΓûêΓûêΓûë      | 1756/4500 [1:35:16<2:14:48,  2.95s/it]
 39%|ΓûêΓûêΓûêΓûë      | 1757/4500 [1:35:19<2:16:25,  2.98s/it]
 39%|ΓûêΓûêΓûêΓûë      | 1758/4500 [1:35:22<2:15:49,  2.97s/it]
 39%|ΓûêΓûêΓûêΓûë      | 1759/4500 [1:35:25<2:08:11,  2.81s/it]
 39%|ΓûêΓûêΓûêΓûë      | 1760/4500 [1:35:27<2:08:07,  2.81s/it]
 39%|ΓûêΓûêΓûêΓûë      | 1761/4500 [1:35:31<2:13:08,  2.92s/it]
 39%|ΓûêΓûêΓûêΓûë      | 1762/4500 [1:35:34<2:15:24,  2.97s/it]
 39%|ΓûêΓûêΓûêΓûë      | 1763/4500 [1:35:36<2:12:18,  2.90s/it]
 39%|ΓûêΓûêΓûêΓûë      | 1764/4500 [1:35:39<2:14:50,  2.96s/it]
 39%|ΓûêΓûêΓûêΓûë      | 1765/4500 [1:35:42<2:15:12,  2.97s/it]
 39%|ΓûêΓûêΓûêΓûë      | 1766/4500 [1:35:46<2:16:21,  2.99s/it]
 39%|ΓûêΓûêΓûêΓûë      | 1767/4500 [1:35:49<2:16:15,  2.99s/it]
 39%|ΓûêΓûêΓûêΓûë      | 1768/4500 [1:35:52<2:21:13,  3.10s/it]
 39%|ΓûêΓûêΓûêΓûë      | 1769/4500 [1:35:55<2:22:40,  3.13s/it]
 39%|ΓûêΓûêΓûêΓûë      | 1770/4500 [1:35:58<2:21:04,  3.10s/it]
 39%|ΓûêΓûêΓûêΓûë      | 1771/4500 [1:36:01<2:15:00,  2.97s/it]
 39%|ΓûêΓûêΓûêΓûë      | 1772/4500 [1:36:04<2:18:21,  3.04s/it]
 39%|ΓûêΓûêΓûêΓûë      | 1773/4500 [1:36:07<2:17:49,  3.03s/it]
 39%|ΓûêΓûêΓûêΓûë      | 1774/4500 [1:36:10<2:23:07,  3.15s/it]
 39%|ΓûêΓûêΓûêΓûë      | 1775/4500 [1:36:13<2:20:55,  3.10s/it]
 39%|ΓûêΓûêΓûêΓûë      | 1776/4500 [1:36:16<2:16:49,  3.01s/it]
 39%|ΓûêΓûêΓûêΓûë      | 1777/4500 [1:36:20<2:22:19,  3.14s/it]
 40%|ΓûêΓûêΓûêΓûë      | 1778/4500 [1:36:23<2:21:08,  3.11s/it]
 40%|ΓûêΓûêΓûêΓûë      | 1779/4500 [1:36:25<2:11:37,  2.90s/it]
 40%|ΓûêΓûêΓûêΓûë      | 1780/4500 [1:36:28<2:11:11,  2.89s/it]
 40%|ΓûêΓûêΓûêΓûë      | 1781/4500 [1:36:31<2:15:01,  2.98s/it]
 40%|ΓûêΓûêΓûêΓûë      | 1782/4500 [1:36:34<2:17:40,  3.04s/it]
 40%|ΓûêΓûêΓûêΓûë      | 1783/4500 [1:36:37<2:12:34,  2.93s/it]
 40%|ΓûêΓûêΓûêΓûë      | 1784/4500 [1:36:40<2:10:53,  2.89s/it]
 40%|ΓûêΓûêΓûêΓûë      | 1785/4500 [1:36:43<2:10:54,  2.89s/it]
 40%|ΓûêΓûêΓûêΓûë      | 1786/4500 [1:36:46<2:15:17,  2.99s/it]
 40%|ΓûêΓûêΓûêΓûë      | 1787/4500 [1:36:49<2:14:15,  2.97s/it]
 40%|ΓûêΓûêΓûêΓûë      | 1788/4500 [1:36:52<2:21:03,  3.12s/it]
 40%|ΓûêΓûêΓûêΓûë      | 1789/4500 [1:36:55<2:17:23,  3.04s/it]
 40%|ΓûêΓûêΓûêΓûë      | 1790/4500 [1:36:58<2:17:35,  3.05s/it]
 40%|ΓûêΓûêΓûêΓûë      | 1791/4500 [1:37:02<2:20:43,  3.12s/it]
 40%|ΓûêΓûêΓûêΓûë      | 1792/4500 [1:37:05<2:19:05,  3.08s/it]
 40%|ΓûêΓûêΓûêΓûë      | 1793/4500 [1:37:07<2:16:26,  3.02s/it]
 40%|ΓûêΓûêΓûêΓûë      | 1794/4500 [1:37:11<2:27:01,  3.26s/it]
 40%|ΓûêΓûêΓûêΓûë      | 1795/4500 [1:37:14<2:19:17,  3.09s/it]
 40%|ΓûêΓûêΓûêΓûë      | 1796/4500 [1:37:17<2:19:32,  3.10s/it]
 40%|ΓûêΓûêΓûêΓûë      | 1797/4500 [1:37:20<2:18:09,  3.07s/it]
 40%|ΓûêΓûêΓûêΓûë      | 1798/4500 [1:37:23<2:15:17,  3.00s/it]
 40%|ΓûêΓûêΓûêΓûë      | 1799/4500 [1:37:26<2:14:59,  3.00s/it]
 40%|ΓûêΓûêΓûêΓûê      | 1800/4500 [1:37:29<2:16:02,  3.02s/it]
 40%|ΓûêΓûêΓûêΓûê      | 1801/4500 [1:37:31<2:07:51,  2.84s/it]
 40%|ΓûêΓûêΓûêΓûê      | 1802/4500 [1:37:34<2:09:26,  2.88s/it]
 40%|ΓûêΓûêΓûêΓûê      | 1803/4500 [1:37:37<2:12:03,  2.94s/it]
 40%|ΓûêΓûêΓûêΓûê      | 1804/4500 [1:37:40<2:10:54,  2.91s/it]
 40%|ΓûêΓûêΓûêΓûê      | 1805/4500 [1:37:43<2:07:15,  2.83s/it]
 40%|ΓûêΓûêΓûêΓûê      | 1806/4500 [1:37:46<2:06:32,  2.82s/it]
 40%|ΓûêΓûêΓûêΓûê      | 1807/4500 [1:37:49<2:15:33,  3.02s/it]
 40%|ΓûêΓûêΓûêΓûê      | 1808/4500 [1:37:52<2:13:00,  2.96s/it]
 40%|ΓûêΓûêΓûêΓûê      | 1809/4500 [1:37:55<2:12:38,  2.96s/it]
 40%|ΓûêΓûêΓûêΓûê      | 1810/4500 [1:37:58<2:10:12,  2.90s/it]
 40%|ΓûêΓûêΓûêΓûê      | 1811/4500 [1:38:01<2:14:21,  3.00s/it]
 40%|ΓûêΓûêΓûêΓûê      | 1812/4500 [1:38:07<2:48:37,  3.76s/it]
 40%|ΓûêΓûêΓûêΓûê      | 1813/4500 [1:38:09<2:35:12,  3.47s/it]
 40%|ΓûêΓûêΓûêΓûê      | 1814/4500 [1:38:12<2:30:11,  3.36s/it]
 40%|ΓûêΓûêΓûêΓûê      | 1815/4500 [1:38:15<2:18:38,  3.10s/it]
 40%|ΓûêΓûêΓûêΓûê      | 1816/4500 [1:38:18<2:15:33,  3.03s/it]
 40%|ΓûêΓûêΓûêΓûê      | 1817/4500 [1:38:22<2:33:05,  3.42s/it]
 40%|ΓûêΓûêΓûêΓûê      | 1818/4500 [1:38:25<2:31:51,  3.40s/it]
 40%|ΓûêΓûêΓûêΓûê      | 1819/4500 [1:38:28<2:20:25,  3.14s/it]
 40%|ΓûêΓûêΓûêΓûê      | 1820/4500 [1:38:31<2:19:36,  3.13s/it]
 40%|ΓûêΓûêΓûêΓûê      | 1821/4500 [1:38:33<2:10:12,  2.92s/it]
 40%|ΓûêΓûêΓûêΓûê      | 1822/4500 [1:38:37<2:15:58,  3.05s/it]
 41%|ΓûêΓûêΓûêΓûê      | 1823/4500 [1:38:39<2:09:37,  2.91s/it]
 41%|ΓûêΓûêΓûêΓûê      | 1824/4500 [1:38:42<2:11:57,  2.96s/it]
 41%|ΓûêΓûêΓûêΓûê      | 1825/4500 [1:38:46<2:15:32,  3.04s/it]
 41%|ΓûêΓûêΓûêΓûê      | 1826/4500 [1:38:49<2:16:01,  3.05s/it]
 41%|ΓûêΓûêΓûêΓûê      | 1827/4500 [1:38:52<2:12:12,  2.97s/it]
 41%|ΓûêΓûêΓûêΓûê      | 1828/4500 [1:38:58<2:53:20,  3.89s/it]
 41%|ΓûêΓûêΓûêΓûê      | 1829/4500 [1:39:02<3:05:07,  4.16s/it]
 41%|ΓûêΓûêΓûêΓûê      | 1830/4500 [1:39:05<2:46:59,  3.75s/it]
 41%|ΓûêΓûêΓûêΓûê      | 1831/4500 [1:39:08<2:34:19,  3.47s/it]
 41%|ΓûêΓûêΓûêΓûê      | 1832/4500 [1:39:11<2:29:24,  3.36s/it]
 41%|ΓûêΓûêΓûêΓûê      | 1833/4500 [1:39:14<2:20:22,  3.16s/it]
 41%|ΓûêΓûêΓûêΓûê      | 1834/4500 [1:39:17<2:19:49,  3.15s/it]
 41%|ΓûêΓûêΓûêΓûê      | 1835/4500 [1:39:20<2:12:12,  2.98s/it]
 41%|ΓûêΓûêΓûêΓûê      | 1836/4500 [1:39:25<2:49:17,  3.81s/it]
 41%|ΓûêΓûêΓûêΓûê      | 1837/4500 [1:39:28<2:31:30,  3.41s/it]
 41%|ΓûêΓûêΓûêΓûê      | 1838/4500 [1:39:31<2:25:28,  3.28s/it]
 41%|ΓûêΓûêΓûêΓûê      | 1839/4500 [1:39:33<2:18:19,  3.12s/it]
 41%|ΓûêΓûêΓûêΓûê      | 1840/4500 [1:39:37<2:18:34,  3.13s/it]
 41%|ΓûêΓûêΓûêΓûê      | 1841/4500 [1:39:39<2:08:45,  2.91s/it]
 41%|ΓûêΓûêΓûêΓûê      | 1842/4500 [1:39:42<2:08:21,  2.90s/it]
 41%|ΓûêΓûêΓûêΓûê      | 1843/4500 [1:39:44<2:01:32,  2.74s/it]
 41%|ΓûêΓûêΓûêΓûê      | 1844/4500 [1:39:47<2:07:05,  2.87s/it]
 41%|ΓûêΓûêΓûêΓûê      | 1845/4500 [1:39:50<2:09:23,  2.92s/it]
 41%|ΓûêΓûêΓûêΓûê      | 1846/4500 [1:39:54<2:12:12,  2.99s/it]
 41%|ΓûêΓûêΓûêΓûê      | 1847/4500 [1:39:56<2:05:31,  2.84s/it]
 41%|ΓûêΓûêΓûêΓûê      | 1848/4500 [1:39:59<2:05:35,  2.84s/it]
 41%|ΓûêΓûêΓûêΓûê      | 1849/4500 [1:40:01<1:58:46,  2.69s/it]
 41%|ΓûêΓûêΓûêΓûê      | 1850/4500 [1:40:08<2:48:16,  3.81s/it]
 41%|ΓûêΓûêΓûêΓûê      | 1851/4500 [1:40:10<2:33:15,  3.47s/it]
 41%|ΓûêΓûêΓûêΓûê      | 1852/4500 [1:40:13<2:28:02,  3.35s/it]
 41%|ΓûêΓûêΓûêΓûê      | 1853/4500 [1:40:16<2:18:53,  3.15s/it]
 41%|ΓûêΓûêΓûêΓûê      | 1854/4500 [1:40:19<2:17:19,  3.11s/it]
 41%|ΓûêΓûêΓûêΓûê      | 1855/4500 [1:40:22<2:09:40,  2.94s/it]
 41%|ΓûêΓûêΓûêΓûê      | 1856/4500 [1:40:25<2:17:56,  3.13s/it]
 41%|ΓûêΓûêΓûêΓûêΓûÅ     | 1857/4500 [1:40:28<2:09:50,  2.95s/it]
 41%|ΓûêΓûêΓûêΓûêΓûÅ     | 1858/4500 [1:40:31<2:13:35,  3.03s/it]
 41%|ΓûêΓûêΓûêΓûêΓûÅ     | 1859/4500 [1:40:34<2:09:30,  2.94s/it]
 41%|ΓûêΓûêΓûêΓûêΓûÅ     | 1860/4500 [1:40:37<2:08:47,  2.93s/it]
 41%|ΓûêΓûêΓûêΓûêΓûÅ     | 1861/4500 [1:40:40<2:09:01,  2.93s/it]
 41%|ΓûêΓûêΓûêΓûêΓûÅ     | 1862/4500 [1:40:43<2:14:39,  3.06s/it]
 41%|ΓûêΓûêΓûêΓûêΓûÅ     | 1863/4500 [1:40:45<2:05:40,  2.86s/it]
 41%|ΓûêΓûêΓûêΓûêΓûÅ     | 1864/4500 [1:40:49<2:13:59,  3.05s/it]
 41%|ΓûêΓûêΓûêΓûêΓûÅ     | 1865/4500 [1:40:52<2:09:50,  2.96s/it]
 41%|ΓûêΓûêΓûêΓûêΓûÅ     | 1866/4500 [1:40:55<2:12:22,  3.02s/it]
 41%|ΓûêΓûêΓûêΓûêΓûÅ     | 1867/4500 [1:40:58<2:08:52,  2.94s/it]
 42%|ΓûêΓûêΓûêΓûêΓûÅ     | 1868/4500 [1:41:01<2:11:06,  2.99s/it]
 42%|ΓûêΓûêΓûêΓûêΓûÅ     | 1869/4500 [1:41:03<2:03:51,  2.82s/it]
 42%|ΓûêΓûêΓûêΓûêΓûÅ     | 1870/4500 [1:41:07<2:14:08,  3.06s/it]
 42%|ΓûêΓûêΓûêΓûêΓûÅ     | 1871/4500 [1:41:09<2:06:46,  2.89s/it]
 42%|ΓûêΓûêΓûêΓûêΓûÅ     | 1872/4500 [1:41:12<2:10:54,  2.99s/it]
 42%|ΓûêΓûêΓûêΓûêΓûÅ     | 1873/4500 [1:41:15<2:04:16,  2.84s/it]
 42%|ΓûêΓûêΓûêΓûêΓûÅ     | 1874/4500 [1:41:18<2:09:10,  2.95s/it]
 42%|ΓûêΓûêΓûêΓûêΓûÅ     | 1875/4500 [1:41:21<2:06:53,  2.90s/it]
 42%|ΓûêΓûêΓûêΓûêΓûÅ     | 1876/4500 [1:41:24<2:08:03,  2.93s/it]
 42%|ΓûêΓûêΓûêΓûêΓûÅ     | 1877/4500 [1:41:27<2:07:57,  2.93s/it]
 42%|ΓûêΓûêΓûêΓûêΓûÅ     | 1878/4500 [1:41:30<2:16:32,  3.12s/it]
 42%|ΓûêΓûêΓûêΓûêΓûÅ     | 1879/4500 [1:41:33<2:06:02,  2.89s/it]
 42%|ΓûêΓûêΓûêΓûêΓûÅ     | 1880/4500 [1:41:36<2:14:10,  3.07s/it]
 42%|ΓûêΓûêΓûêΓûêΓûÅ     | 1881/4500 [1:41:39<2:05:42,  2.88s/it]
 42%|ΓûêΓûêΓûêΓûêΓûÅ     | 1882/4500 [1:41:42<2:08:47,  2.95s/it]
 42%|ΓûêΓûêΓûêΓûêΓûÅ     | 1883/4500 [1:41:44<2:05:01,  2.87s/it]
 42%|ΓûêΓûêΓûêΓûêΓûÅ     | 1884/4500 [1:41:48<2:12:39,  3.04s/it]
 42%|ΓûêΓûêΓûêΓûêΓûÅ     | 1885/4500 [1:41:50<2:05:37,  2.88s/it]
 42%|ΓûêΓûêΓûêΓûêΓûÅ     | 1886/4500 [1:41:53<2:04:40,  2.86s/it]
 42%|ΓûêΓûêΓûêΓûêΓûÅ     | 1887/4500 [1:41:56<2:02:21,  2.81s/it]
 42%|ΓûêΓûêΓûêΓûêΓûÅ     | 1888/4500 [1:42:00<2:13:24,  3.06s/it]
 42%|ΓûêΓûêΓûêΓûêΓûÅ     | 1889/4500 [1:42:05<2:46:32,  3.83s/it]
 42%|ΓûêΓûêΓûêΓûêΓûÅ     | 1890/4500 [1:42:08<2:36:35,  3.60s/it]
 42%|ΓûêΓûêΓûêΓûêΓûÅ     | 1891/4500 [1:42:11<2:20:08,  3.22s/it]
 42%|ΓûêΓûêΓûêΓûêΓûÅ     | 1892/4500 [1:42:14<2:18:27,  3.19s/it]
 42%|ΓûêΓûêΓûêΓûêΓûÅ     | 1893/4500 [1:42:16<2:08:46,  2.96s/it]
 42%|ΓûêΓûêΓûêΓûêΓûÅ     | 1894/4500 [1:42:19<2:10:59,  3.02s/it]
 42%|ΓûêΓûêΓûêΓûêΓûÅ     | 1895/4500 [1:42:22<2:03:38,  2.85s/it]
 42%|ΓûêΓûêΓûêΓûêΓûÅ     | 1896/4500 [1:42:25<2:06:55,  2.92s/it]
 42%|ΓûêΓûêΓûêΓûêΓûÅ     | 1897/4500 [1:42:27<2:02:01,  2.81s/it]
 42%|ΓûêΓûêΓûêΓûêΓûÅ     | 1898/4500 [1:42:30<2:05:40,  2.90s/it]
 42%|ΓûêΓûêΓûêΓûêΓûÅ     | 1899/4500 [1:42:34<2:09:25,  2.99s/it]
 42%|ΓûêΓûêΓûêΓûêΓûÅ     | 1900/4500 [1:42:37<2:10:51,  3.02s/it]
 42%|ΓûêΓûêΓûêΓûêΓûÅ     | 1901/4500 [1:42:39<2:02:32,  2.83s/it]
 42%|ΓûêΓûêΓûêΓûêΓûÅ     | 1902/4500 [1:42:43<2:12:56,  3.07s/it]
 42%|ΓûêΓûêΓûêΓûêΓûÅ     | 1903/4500 [1:42:46<2:14:19,  3.10s/it]
 42%|ΓûêΓûêΓûêΓûêΓûÅ     | 1904/4500 [1:42:50<2:20:47,  3.25s/it]
 42%|ΓûêΓûêΓûêΓûêΓûÅ     | 1905/4500 [1:42:52<2:10:54,  3.03s/it]
 42%|ΓûêΓûêΓûêΓûêΓûÅ     | 1906/4500 [1:42:55<2:10:40,  3.02s/it]
 42%|ΓûêΓûêΓûêΓûêΓûÅ     | 1907/4500 [1:42:58<2:05:49,  2.91s/it]
 42%|ΓûêΓûêΓûêΓûêΓûÅ     | 1908/4500 [1:43:01<2:15:38,  3.14s/it]
 42%|ΓûêΓûêΓûêΓûêΓûÅ     | 1909/4500 [1:43:07<2:50:17,  3.94s/it]
 42%|ΓûêΓûêΓûêΓûêΓûÅ     | 1910/4500 [1:43:10<2:39:22,  3.69s/it]
 42%|ΓûêΓûêΓûêΓûêΓûÅ     | 1911/4500 [1:43:13<2:23:06,  3.32s/it]
 42%|ΓûêΓûêΓûêΓûêΓûÅ     | 1912/4500 [1:43:16<2:17:35,  3.19s/it]
 43%|ΓûêΓûêΓûêΓûêΓûÄ     | 1913/4500 [1:43:18<2:08:53,  2.99s/it]
 43%|ΓûêΓûêΓûêΓûêΓûÄ     | 1914/4500 [1:43:21<2:09:27,  3.00s/it]
 43%|ΓûêΓûêΓûêΓûêΓûÄ     | 1915/4500 [1:43:24<2:01:30,  2.82s/it]
 43%|ΓûêΓûêΓûêΓûêΓûÄ     | 1916/4500 [1:43:26<2:01:34,  2.82s/it]
 43%|ΓûêΓûêΓûêΓûêΓûÄ     | 1917/4500 [1:43:30<2:06:38,  2.94s/it]
 43%|ΓûêΓûêΓûêΓûêΓûÄ     | 1918/4500 [1:43:33<2:06:18,  2.94s/it]
 43%|ΓûêΓûêΓûêΓûêΓûÄ     | 1919/4500 [1:43:35<1:59:49,  2.79s/it]
 43%|ΓûêΓûêΓûêΓûêΓûÄ     | 1920/4500 [1:43:38<2:04:09,  2.89s/it]
 43%|ΓûêΓûêΓûêΓûêΓûÄ     | 1921/4500 [1:43:40<1:56:57,  2.72s/it]
 43%|ΓûêΓûêΓûêΓûêΓûÄ     | 1922/4500 [1:43:44<2:10:16,  3.03s/it]
 43%|ΓûêΓûêΓûêΓûêΓûÄ     | 1923/4500 [1:43:47<2:02:59,  2.86s/it]
 43%|ΓûêΓûêΓûêΓûêΓûÄ     | 1924/4500 [1:43:50<2:05:05,  2.91s/it]
 43%|ΓûêΓûêΓûêΓûêΓûÄ     | 1925/4500 [1:43:52<2:02:09,  2.85s/it]
 43%|ΓûêΓûêΓûêΓûêΓûÄ     | 1926/4500 [1:43:55<2:05:02,  2.91s/it]
 43%|ΓûêΓûêΓûêΓûêΓûÄ     | 1927/4500 [1:43:58<2:01:45,  2.84s/it]
 43%|ΓûêΓûêΓûêΓûêΓûÄ     | 1928/4500 [1:44:01<2:01:21,  2.83s/it]
 43%|ΓûêΓûêΓûêΓûêΓûÄ     | 1929/4500 [1:44:08<2:50:03,  3.97s/it]
 43%|ΓûêΓûêΓûêΓûêΓûÄ     | 1930/4500 [1:44:11<2:36:57,  3.66s/it]
 43%|ΓûêΓûêΓûêΓûêΓûÄ     | 1931/4500 [1:44:16<2:56:52,  4.13s/it]
 43%|ΓûêΓûêΓûêΓûêΓûÄ     | 1932/4500 [1:44:19<2:45:45,  3.87s/it]
 43%|ΓûêΓûêΓûêΓûêΓûÄ     | 1933/4500 [1:44:22<2:28:55,  3.48s/it]
 43%|ΓûêΓûêΓûêΓûêΓûÄ     | 1934/4500 [1:44:29<3:13:16,  4.52s/it]
 43%|ΓûêΓûêΓûêΓûêΓûÄ     | 1935/4500 [1:44:31<2:47:40,  3.92s/it]
 43%|ΓûêΓûêΓûêΓûêΓûÄ     | 1936/4500 [1:44:34<2:35:35,  3.64s/it]
 43%|ΓûêΓûêΓûêΓûêΓûÄ     | 1937/4500 [1:44:37<2:22:52,  3.34s/it]
 43%|ΓûêΓûêΓûêΓûêΓûÄ     | 1938/4500 [1:44:40<2:23:48,  3.37s/it]
 43%|ΓûêΓûêΓûêΓûêΓûÄ     | 1939/4500 [1:44:43<2:18:25,  3.24s/it]
 43%|ΓûêΓûêΓûêΓûêΓûÄ     | 1940/4500 [1:44:46<2:18:12,  3.24s/it]
 43%|ΓûêΓûêΓûêΓûêΓûÄ     | 1941/4500 [1:44:49<2:07:38,  2.99s/it]
 43%|ΓûêΓûêΓûêΓûêΓûÄ     | 1942/4500 [1:44:52<2:08:38,  3.02s/it]
 43%|ΓûêΓûêΓûêΓûêΓûÄ     | 1943/4500 [1:44:54<2:02:03,  2.86s/it]
 43%|ΓûêΓûêΓûêΓûêΓûÄ     | 1944/4500 [1:44:57<2:03:47,  2.91s/it]
 43%|ΓûêΓûêΓûêΓûêΓûÄ     | 1945/4500 [1:45:00<2:02:11,  2.87s/it]
 43%|ΓûêΓûêΓûêΓûêΓûÄ     | 1946/4500 [1:45:04<2:10:02,  3.05s/it]
 43%|ΓûêΓûêΓûêΓûêΓûÄ     | 1947/4500 [1:45:06<2:03:25,  2.90s/it]
 43%|ΓûêΓûêΓûêΓûêΓûÄ     | 1948/4500 [1:45:10<2:12:41,  3.12s/it]
 43%|ΓûêΓûêΓûêΓûêΓûÄ     | 1949/4500 [1:45:12<2:04:01,  2.92s/it]
 43%|ΓûêΓûêΓûêΓûêΓûÄ     | 1950/4500 [1:45:16<2:10:03,  3.06s/it]
 43%|ΓûêΓûêΓûêΓûêΓûÄ     | 1951/4500 [1:45:21<2:42:30,  3.83s/it]
 43%|ΓûêΓûêΓûêΓûêΓûÄ     | 1952/4500 [1:45:24<2:34:03,  3.63s/it]
 43%|ΓûêΓûêΓûêΓûêΓûÄ     | 1953/4500 [1:45:27<2:27:28,  3.47s/it]
 43%|ΓûêΓûêΓûêΓûêΓûÄ     | 1954/4500 [1:45:30<2:20:43,  3.32s/it]
 43%|ΓûêΓûêΓûêΓûêΓûÄ     | 1955/4500 [1:45:33<2:09:51,  3.06s/it]
 43%|ΓûêΓûêΓûêΓûêΓûÄ     | 1956/4500 [1:45:36<2:07:32,  3.01s/it]
 43%|ΓûêΓûêΓûêΓûêΓûÄ     | 1957/4500 [1:45:38<2:00:19,  2.84s/it]
 44%|ΓûêΓûêΓûêΓûêΓûÄ     | 1958/4500 [1:45:41<2:03:38,  2.92s/it]
 44%|ΓûêΓûêΓûêΓûêΓûÄ     | 1959/4500 [1:45:44<1:59:01,  2.81s/it]
 44%|ΓûêΓûêΓûêΓûêΓûÄ     | 1960/4500 [1:45:47<2:08:58,  3.05s/it]
 44%|ΓûêΓûêΓûêΓûêΓûÄ     | 1961/4500 [1:45:51<2:18:48,  3.28s/it]
 44%|ΓûêΓûêΓûêΓûêΓûÄ     | 1962/4500 [1:45:54<2:14:01,  3.17s/it]
 44%|ΓûêΓûêΓûêΓûêΓûÄ     | 1963/4500 [1:45:57<2:07:31,  3.02s/it]
 44%|ΓûêΓûêΓûêΓûêΓûÄ     | 1964/4500 [1:46:00<2:08:53,  3.05s/it]
 44%|ΓûêΓûêΓûêΓûêΓûÄ     | 1965/4500 [1:46:03<2:02:44,  2.91s/it]
 44%|ΓûêΓûêΓûêΓûêΓûÄ     | 1966/4500 [1:46:06<2:05:13,  2.97s/it]
 44%|ΓûêΓûêΓûêΓûêΓûÄ     | 1967/4500 [1:46:08<1:59:09,  2.82s/it]
 44%|ΓûêΓûêΓûêΓûêΓûÄ     | 1968/4500 [1:46:12<2:06:11,  2.99s/it]
 44%|ΓûêΓûêΓûêΓûêΓûì     | 1969/4500 [1:46:14<2:01:58,  2.89s/it]
 44%|ΓûêΓûêΓûêΓûêΓûì     | 1970/4500 [1:46:17<2:02:41,  2.91s/it]
 44%|ΓûêΓûêΓûêΓûêΓûì     | 1971/4500 [1:46:21<2:10:03,  3.09s/it]
 44%|ΓûêΓûêΓûêΓûêΓûì     | 1972/4500 [1:46:24<2:10:14,  3.09s/it]
 44%|ΓûêΓûêΓûêΓûêΓûì     | 1973/4500 [1:46:26<2:02:00,  2.90s/it]
 44%|ΓûêΓûêΓûêΓûêΓûì     | 1974/4500 [1:46:29<2:04:51,  2.97s/it]
 44%|ΓûêΓûêΓûêΓûêΓûì     | 1975/4500 [1:46:32<2:00:28,  2.86s/it]
 44%|ΓûêΓûêΓûêΓûêΓûì     | 1976/4500 [1:46:38<2:36:37,  3.72s/it]
 44%|ΓûêΓûêΓûêΓûêΓûì     | 1977/4500 [1:46:40<2:23:44,  3.42s/it]
 44%|ΓûêΓûêΓûêΓûêΓûì     | 1978/4500 [1:46:43<2:18:17,  3.29s/it]
 44%|ΓûêΓûêΓûêΓûêΓûì     | 1979/4500 [1:46:46<2:06:47,  3.02s/it]
 44%|ΓûêΓûêΓûêΓûêΓûì     | 1980/4500 [1:46:49<2:14:00,  3.19s/it]
 44%|ΓûêΓûêΓûêΓûêΓûì     | 1981/4500 [1:46:52<2:07:47,  3.04s/it]
 44%|ΓûêΓûêΓûêΓûêΓûì     | 1982/4500 [1:46:55<2:09:55,  3.10s/it]
 44%|ΓûêΓûêΓûêΓûêΓûì     | 1983/4500 [1:46:58<2:02:28,  2.92s/it]
 44%|ΓûêΓûêΓûêΓûêΓûì     | 1984/4500 [1:47:01<2:04:06,  2.96s/it]
 44%|ΓûêΓûêΓûêΓûêΓûì     | 1985/4500 [1:47:03<1:59:00,  2.84s/it]
 44%|ΓûêΓûêΓûêΓûêΓûì     | 1986/4500 [1:47:07<2:14:38,  3.21s/it]
 44%|ΓûêΓûêΓûêΓûêΓûì     | 1987/4500 [1:47:10<2:11:17,  3.13s/it]
 44%|ΓûêΓûêΓûêΓûêΓûì     | 1988/4500 [1:47:14<2:16:53,  3.27s/it]
 44%|ΓûêΓûêΓûêΓûêΓûì     | 1989/4500 [1:47:16<2:06:54,  3.03s/it]
 44%|ΓûêΓûêΓûêΓûêΓûì     | 1990/4500 [1:47:20<2:11:05,  3.13s/it]
 44%|ΓûêΓûêΓûêΓûêΓûì     | 1991/4500 [1:47:23<2:05:34,  3.00s/it]
 44%|ΓûêΓûêΓûêΓûêΓûì     | 1992/4500 [1:47:26<2:06:31,  3.03s/it]
 44%|ΓûêΓûêΓûêΓûêΓûì     | 1993/4500 [1:47:28<2:01:38,  2.91s/it]
 44%|ΓûêΓûêΓûêΓûêΓûì     | 1994/4500 [1:47:31<2:00:16,  2.88s/it]
 44%|ΓûêΓûêΓûêΓûêΓûì     | 1995/4500 [1:47:34<1:58:42,  2.84s/it]
 44%|ΓûêΓûêΓûêΓûêΓûì     | 1996/4500 [1:47:37<2:03:15,  2.95s/it]
 44%|ΓûêΓûêΓûêΓûêΓûì     | 1997/4500 [1:47:40<2:07:10,  3.05s/it]
 44%|ΓûêΓûêΓûêΓûêΓûì     | 1998/4500 [1:47:43<2:07:54,  3.07s/it]
 44%|ΓûêΓûêΓûêΓûêΓûì     | 1999/4500 [1:47:46<2:03:10,  2.96s/it]
 44%|ΓûêΓûêΓûêΓûêΓûì     | 2000/4500 [1:47:49<2:01:28,  2.92s/it]
 44%|ΓûêΓûêΓûêΓûêΓûì     | 2001/4500 [1:47:52<1:58:18,  2.84s/it]
 44%|ΓûêΓûêΓûêΓûêΓûì     | 2002/4500 [1:47:55<2:02:14,  2.94s/it]
 45%|ΓûêΓûêΓûêΓûêΓûì     | 2003/4500 [1:47:57<1:57:16,  2.82s/it]
 45%|ΓûêΓûêΓûêΓûêΓûì     | 2004/4500 [1:48:00<2:00:21,  2.89s/it]
 45%|ΓûêΓûêΓûêΓûêΓûì     | 2005/4500 [1:48:03<1:58:13,  2.84s/it]
 45%|ΓûêΓûêΓûêΓûêΓûì     | 2006/4500 [1:48:06<1:59:33,  2.88s/it]
 45%|ΓûêΓûêΓûêΓûêΓûì     | 2007/4500 [1:48:09<1:54:45,  2.76s/it]
 45%|ΓûêΓûêΓûêΓûêΓûì     | 2008/4500 [1:48:12<2:03:02,  2.96s/it]
 45%|ΓûêΓûêΓûêΓûêΓûì     | 2009/4500 [1:48:14<1:56:29,  2.81s/it]
 45%|ΓûêΓûêΓûêΓûêΓûì     | 2010/4500 [1:48:18<2:01:33,  2.93s/it]
 45%|ΓûêΓûêΓûêΓûêΓûì     | 2011/4500 [1:48:20<1:59:02,  2.87s/it]
 45%|ΓûêΓûêΓûêΓûêΓûì     | 2012/4500 [1:48:23<2:01:31,  2.93s/it]
 45%|ΓûêΓûêΓûêΓûêΓûì     | 2013/4500 [1:48:26<1:55:58,  2.80s/it]
 45%|ΓûêΓûêΓûêΓûêΓûì     | 2014/4500 [1:48:29<1:56:08,  2.80s/it]
 45%|ΓûêΓûêΓûêΓûêΓûì     | 2016/4500 [1:48:31<1:27:02,  2.10s/it]
 45%|ΓûêΓûêΓûêΓûêΓûì     | 2017/4500 [1:48:35<1:39:17,  2.40s/it]
 45%|ΓûêΓûêΓûêΓûêΓûì     | 2018/4500 [1:48:37<1:40:29,  2.43s/it]
 45%|ΓûêΓûêΓûêΓûêΓûì     | 2019/4500 [1:48:40<1:50:40,  2.68s/it]
 45%|ΓûêΓûêΓûêΓûêΓûì     | 2020/4500 [1:48:43<1:50:31,  2.67s/it]
 45%|ΓûêΓûêΓûêΓûêΓûì     | 2021/4500 [1:48:47<2:01:56,  2.95s/it]
 45%|ΓûêΓûêΓûêΓûêΓûì     | 2022/4500 [1:48:49<1:55:29,  2.80s/it]
 45%|ΓûêΓûêΓûêΓûêΓûì     | 2023/4500 [1:48:52<1:58:46,  2.88s/it]
 45%|ΓûêΓûêΓûêΓûêΓûì     | 2024/4500 [1:48:55<1:56:34,  2.82s/it]
 45%|ΓûêΓûêΓûêΓûêΓûî     | 2025/4500 [1:48:58<2:02:32,  2.97s/it]
 45%|ΓûêΓûêΓûêΓûêΓûî     | 2026/4500 [1:49:01<1:58:46,  2.88s/it]
 45%|ΓûêΓûêΓûêΓûêΓûî     | 2027/4500 [1:49:04<2:05:21,  3.04s/it]
 45%|ΓûêΓûêΓûêΓûêΓûî     | 2028/4500 [1:49:07<1:59:28,  2.90s/it]
 45%|ΓûêΓûêΓûêΓûêΓûî     | 2029/4500 [1:49:11<2:08:29,  3.12s/it]
 45%|ΓûêΓûêΓûêΓûêΓûî     | 2030/4500 [1:49:13<2:02:01,  2.96s/it]
 45%|ΓûêΓûêΓûêΓûêΓûî     | 2031/4500 [1:49:16<2:02:57,  2.99s/it]
 45%|ΓûêΓûêΓûêΓûêΓûî     | 2032/4500 [1:49:19<2:00:28,  2.93s/it]
 45%|ΓûêΓûêΓûêΓûêΓûî     | 2033/4500 [1:49:22<2:02:06,  2.97s/it]
 45%|ΓûêΓûêΓûêΓûêΓûî     | 2034/4500 [1:49:25<1:58:26,  2.88s/it]
 45%|ΓûêΓûêΓûêΓûêΓûî     | 2035/4500 [1:49:28<2:00:36,  2.94s/it]
 45%|ΓûêΓûêΓûêΓûêΓûî     | 2036/4500 [1:49:31<1:58:11,  2.88s/it]
 45%|ΓûêΓûêΓûêΓûêΓûî     | 2037/4500 [1:49:34<1:59:23,  2.91s/it]
 45%|ΓûêΓûêΓûêΓûêΓûî     | 2038/4500 [1:49:36<1:58:19,  2.88s/it]
 45%|ΓûêΓûêΓûêΓûêΓûî     | 2039/4500 [1:49:40<2:01:50,  2.97s/it]
 45%|ΓûêΓûêΓûêΓûêΓûî     | 2040/4500 [1:49:42<1:56:54,  2.85s/it]
 45%|ΓûêΓûêΓûêΓûêΓûî     | 2041/4500 [1:49:46<2:07:33,  3.11s/it]
 45%|ΓûêΓûêΓûêΓûêΓûî     | 2042/4500 [1:49:49<2:03:37,  3.02s/it]
 45%|ΓûêΓûêΓûêΓûêΓûî     | 2043/4500 [1:49:52<2:08:10,  3.13s/it]
 45%|ΓûêΓûêΓûêΓûêΓûî     | 2044/4500 [1:49:55<2:02:46,  3.00s/it]
 45%|ΓûêΓûêΓûêΓûêΓûî     | 2045/4500 [1:49:58<2:07:18,  3.11s/it]
 45%|ΓûêΓûêΓûêΓûêΓûî     | 2046/4500 [1:50:00<1:58:14,  2.89s/it]
 45%|ΓûêΓûêΓûêΓûêΓûî     | 2047/4500 [1:50:04<2:09:29,  3.17s/it]
 46%|ΓûêΓûêΓûêΓûêΓûî     | 2048/4500 [1:50:07<2:00:22,  2.95s/it]
 46%|ΓûêΓûêΓûêΓûêΓûî     | 2049/4500 [1:50:10<2:07:09,  3.11s/it]
 46%|ΓûêΓûêΓûêΓûêΓûî     | 2050/4500 [1:50:13<2:01:19,  2.97s/it]
 46%|ΓûêΓûêΓûêΓûêΓûî     | 2051/4500 [1:50:16<2:09:13,  3.17s/it]
 46%|ΓûêΓûêΓûêΓûêΓûî     | 2052/4500 [1:50:19<2:00:50,  2.96s/it]
 46%|ΓûêΓûêΓûêΓûêΓûî     | 2053/4500 [1:50:23<2:08:39,  3.15s/it]
 46%|ΓûêΓûêΓûêΓûêΓûî     | 2054/4500 [1:50:25<2:02:47,  3.01s/it]
 46%|ΓûêΓûêΓûêΓûêΓûî     | 2056/4500 [1:50:29<1:37:19,  2.39s/it]
 46%|ΓûêΓûêΓûêΓûêΓûî     | 2057/4500 [1:50:31<1:38:39,  2.42s/it]
 46%|ΓûêΓûêΓûêΓûêΓûî     | 2058/4500 [1:50:34<1:48:04,  2.66s/it]
 46%|ΓûêΓûêΓûêΓûêΓûî     | 2059/4500 [1:50:37<1:48:02,  2.66s/it]
 46%|ΓûêΓûêΓûêΓûêΓûî     | 2060/4500 [1:50:41<2:02:58,  3.02s/it]
 46%|ΓûêΓûêΓûêΓûêΓûî     | 2061/4500 [1:50:44<1:57:24,  2.89s/it]
 46%|ΓûêΓûêΓûêΓûêΓûî     | 2062/4500 [1:50:47<2:04:44,  3.07s/it]
 46%|ΓûêΓûêΓûêΓûêΓûî     | 2063/4500 [1:50:50<1:56:34,  2.87s/it]
 46%|ΓûêΓûêΓûêΓûêΓûî     | 2064/4500 [1:50:53<2:03:33,  3.04s/it]
 46%|ΓûêΓûêΓûêΓûêΓûî     | 2065/4500 [1:50:55<1:56:10,  2.86s/it]
 46%|ΓûêΓûêΓûêΓûêΓûî     | 2066/4500 [1:51:00<2:15:47,  3.35s/it]
 46%|ΓûêΓûêΓûêΓûêΓûî     | 2067/4500 [1:51:05<2:39:17,  3.93s/it]
 46%|ΓûêΓûêΓûêΓûêΓûî     | 2068/4500 [1:51:08<2:26:16,  3.61s/it]
 46%|ΓûêΓûêΓûêΓûêΓûî     | 2069/4500 [1:51:11<2:18:06,  3.41s/it]
 46%|ΓûêΓûêΓûêΓûêΓûî     | 2070/4500 [1:51:14<2:15:30,  3.35s/it]
 46%|ΓûêΓûêΓûêΓûêΓûî     | 2071/4500 [1:51:17<2:05:23,  3.10s/it]
 46%|ΓûêΓûêΓûêΓûêΓûî     | 2072/4500 [1:51:21<2:15:06,  3.34s/it]
 46%|ΓûêΓûêΓûêΓûêΓûî     | 2073/4500 [1:51:23<2:05:33,  3.10s/it]
 46%|ΓûêΓûêΓûêΓûêΓûî     | 2074/4500 [1:51:26<2:05:33,  3.11s/it]
 46%|ΓûêΓûêΓûêΓûêΓûî     | 2075/4500 [1:51:29<1:57:16,  2.90s/it]
 46%|ΓûêΓûêΓûêΓûêΓûî     | 2076/4500 [1:51:32<2:06:56,  3.14s/it]
 46%|ΓûêΓûêΓûêΓûêΓûî     | 2077/4500 [1:51:36<2:10:51,  3.24s/it]
 46%|ΓûêΓûêΓûêΓûêΓûî     | 2078/4500 [1:51:39<2:08:18,  3.18s/it]
 46%|ΓûêΓûêΓûêΓûêΓûî     | 2079/4500 [1:51:42<2:06:20,  3.13s/it]
 46%|ΓûêΓûêΓûêΓûêΓûî     | 2080/4500 [1:51:45<2:06:06,  3.13s/it]
 46%|ΓûêΓûêΓûêΓûêΓûî     | 2081/4500 [1:51:48<1:59:09,  2.96s/it]
 46%|ΓûêΓûêΓûêΓûêΓûï     | 2082/4500 [1:51:50<1:58:09,  2.93s/it]
 46%|ΓûêΓûêΓûêΓûêΓûï     | 2083/4500 [1:51:57<2:35:47,  3.87s/it]
 46%|ΓûêΓûêΓûêΓûêΓûï     | 2084/4500 [1:52:00<2:25:51,  3.62s/it]
 46%|ΓûêΓûêΓûêΓûêΓûï     | 2085/4500 [1:52:02<2:14:02,  3.33s/it]
 46%|ΓûêΓûêΓûêΓûêΓûï     | 2086/4500 [1:52:05<2:08:03,  3.18s/it]
 46%|ΓûêΓûêΓûêΓûêΓûï     | 2087/4500 [1:52:08<2:02:01,  3.03s/it]
 46%|ΓûêΓûêΓûêΓûêΓûï     | 2088/4500 [1:52:11<1:59:32,  2.97s/it]
 46%|ΓûêΓûêΓûêΓûêΓûï     | 2089/4500 [1:52:13<1:57:10,  2.92s/it]
 46%|ΓûêΓûêΓûêΓûêΓûï     | 2090/4500 [1:52:16<1:57:13,  2.92s/it]
 46%|ΓûêΓûêΓûêΓûêΓûï     | 2091/4500 [1:52:19<1:49:22,  2.72s/it]
 46%|ΓûêΓûêΓûêΓûêΓûï     | 2092/4500 [1:52:22<1:55:18,  2.87s/it]
 47%|ΓûêΓûêΓûêΓûêΓûï     | 2093/4500 [1:52:25<1:55:23,  2.88s/it]
 47%|ΓûêΓûêΓûêΓûêΓûï     | 2094/4500 [1:52:28<1:58:00,  2.94s/it]
 47%|ΓûêΓûêΓûêΓûêΓûï     | 2095/4500 [1:52:30<1:50:46,  2.76s/it]
 47%|ΓûêΓûêΓûêΓûêΓûï     | 2096/4500 [1:52:33<1:51:41,  2.79s/it]
 47%|ΓûêΓûêΓûêΓûêΓûï     | 2097/4500 [1:52:36<1:55:24,  2.88s/it]
 47%|ΓûêΓûêΓûêΓûêΓûï     | 2098/4500 [1:52:39<1:57:30,  2.94s/it]
 47%|ΓûêΓûêΓûêΓûêΓûï     | 2099/4500 [1:52:43<2:04:47,  3.12s/it]
 47%|ΓûêΓûêΓûêΓûêΓûï     | 2100/4500 [1:52:46<2:02:19,  3.06s/it]
 47%|ΓûêΓûêΓûêΓûêΓûï     | 2101/4500 [1:52:49<2:01:20,  3.03s/it]
 47%|ΓûêΓûêΓûêΓûêΓûï     | 2102/4500 [1:52:52<2:05:12,  3.13s/it]
 47%|ΓûêΓûêΓûêΓûêΓûï     | 2103/4500 [1:52:54<1:56:48,  2.92s/it]
 47%|ΓûêΓûêΓûêΓûêΓûï     | 2104/4500 [1:52:58<2:00:04,  3.01s/it]
 47%|ΓûêΓûêΓûêΓûêΓûï     | 2105/4500 [1:53:00<1:52:34,  2.82s/it]
 47%|ΓûêΓûêΓûêΓûêΓûï     | 2106/4500 [1:53:03<1:53:24,  2.84s/it]
 47%|ΓûêΓûêΓûêΓûêΓûï     | 2107/4500 [1:53:05<1:49:21,  2.74s/it]
 47%|ΓûêΓûêΓûêΓûêΓûï     | 2108/4500 [1:53:11<2:25:12,  3.64s/it]
 47%|ΓûêΓûêΓûêΓûêΓûï     | 2109/4500 [1:53:14<2:11:35,  3.30s/it]
 47%|ΓûêΓûêΓûêΓûêΓûï     | 2110/4500 [1:53:17<2:09:10,  3.24s/it]
 47%|ΓûêΓûêΓûêΓûêΓûï     | 2111/4500 [1:53:19<1:59:56,  3.01s/it]
 47%|ΓûêΓûêΓûêΓûêΓûï     | 2112/4500 [1:53:22<1:58:43,  2.98s/it]
 47%|ΓûêΓûêΓûêΓûêΓûï     | 2113/4500 [1:53:25<1:55:11,  2.90s/it]
 47%|ΓûêΓûêΓûêΓûêΓûï     | 2114/4500 [1:53:28<1:55:02,  2.89s/it]
 47%|ΓûêΓûêΓûêΓûêΓûï     | 2115/4500 [1:53:34<2:33:48,  3.87s/it]
 47%|ΓûêΓûêΓûêΓûêΓûï     | 2116/4500 [1:53:40<3:01:03,  4.56s/it]
 47%|ΓûêΓûêΓûêΓûêΓûï     | 2117/4500 [1:53:44<2:49:55,  4.28s/it]
 47%|ΓûêΓûêΓûêΓûêΓûï     | 2118/4500 [1:53:46<2:33:18,  3.86s/it]
 47%|ΓûêΓûêΓûêΓûêΓûï     | 2119/4500 [1:53:49<2:20:04,  3.53s/it]
 47%|ΓûêΓûêΓûêΓûêΓûï     | 2120/4500 [1:53:52<2:13:07,  3.36s/it]
 47%|ΓûêΓûêΓûêΓûêΓûï     | 2121/4500 [1:53:55<2:01:51,  3.07s/it]
 47%|ΓûêΓûêΓûêΓûêΓûï     | 2122/4500 [1:53:58<2:05:20,  3.16s/it]
 47%|ΓûêΓûêΓûêΓûêΓûï     | 2123/4500 [1:54:01<2:00:32,  3.04s/it]
 47%|ΓûêΓûêΓûêΓûêΓûï     | 2124/4500 [1:54:04<2:02:45,  3.10s/it]
 47%|ΓûêΓûêΓûêΓûêΓûï     | 2125/4500 [1:54:08<2:08:30,  3.25s/it]
 47%|ΓûêΓûêΓûêΓûêΓûï     | 2126/4500 [1:54:11<2:07:31,  3.22s/it]
 47%|ΓûêΓûêΓûêΓûêΓûï     | 2127/4500 [1:54:13<1:56:42,  2.95s/it]
 47%|ΓûêΓûêΓûêΓûêΓûï     | 2128/4500 [1:54:16<2:01:55,  3.08s/it]
 47%|ΓûêΓûêΓûêΓûêΓûï     | 2129/4500 [1:54:20<2:05:11,  3.17s/it]
 47%|ΓûêΓûêΓûêΓûêΓûï     | 2130/4500 [1:54:23<2:03:35,  3.13s/it]
 47%|ΓûêΓûêΓûêΓûêΓûï     | 2131/4500 [1:54:25<1:55:06,  2.92s/it]
 47%|ΓûêΓûêΓûêΓûêΓûï     | 2132/4500 [1:54:28<1:58:50,  3.01s/it]
 47%|ΓûêΓûêΓûêΓûêΓûï     | 2133/4500 [1:54:31<1:51:55,  2.84s/it]
 47%|ΓûêΓûêΓûêΓûêΓûï     | 2134/4500 [1:54:34<1:54:07,  2.89s/it]
 47%|ΓûêΓûêΓûêΓûêΓûï     | 2135/4500 [1:54:37<1:52:08,  2.84s/it]
 47%|ΓûêΓûêΓûêΓûêΓûï     | 2136/4500 [1:54:40<2:02:55,  3.12s/it]
 47%|ΓûêΓûêΓûêΓûêΓûï     | 2137/4500 [1:54:43<1:57:24,  2.98s/it]
 48%|ΓûêΓûêΓûêΓûêΓûè     | 2138/4500 [1:54:47<2:04:31,  3.16s/it]
 48%|ΓûêΓûêΓûêΓûêΓûè     | 2139/4500 [1:54:49<1:58:07,  3.00s/it]
 48%|ΓûêΓûêΓûêΓûêΓûè     | 2140/4500 [1:54:53<2:05:46,  3.20s/it]
 48%|ΓûêΓûêΓûêΓûêΓûè     | 2141/4500 [1:54:56<2:00:50,  3.07s/it]
 48%|ΓûêΓûêΓûêΓûêΓûè     | 2142/4500 [1:54:59<2:05:24,  3.19s/it]
 48%|ΓûêΓûêΓûêΓûêΓûè     | 2143/4500 [1:55:02<1:59:13,  3.04s/it]
 48%|ΓûêΓûêΓûêΓûêΓûè     | 2144/4500 [1:55:05<1:56:23,  2.96s/it]
 48%|ΓûêΓûêΓûêΓûêΓûè     | 2145/4500 [1:55:07<1:52:44,  2.87s/it]
 48%|ΓûêΓûêΓûêΓûêΓûè     | 2146/4500 [1:55:11<1:59:55,  3.06s/it]
 48%|ΓûêΓûêΓûêΓûêΓûè     | 2147/4500 [1:55:14<1:55:57,  2.96s/it]
 48%|ΓûêΓûêΓûêΓûêΓûè     | 2148/4500 [1:55:17<1:57:03,  2.99s/it]
 48%|ΓûêΓûêΓûêΓûêΓûè     | 2149/4500 [1:55:19<1:51:34,  2.85s/it]
 48%|ΓûêΓûêΓûêΓûêΓûè     | 2150/4500 [1:55:22<1:51:55,  2.86s/it]
 48%|ΓûêΓûêΓûêΓûêΓûè     | 2151/4500 [1:55:25<1:51:06,  2.84s/it]
 48%|ΓûêΓûêΓûêΓûêΓûè     | 2152/4500 [1:55:29<2:04:01,  3.17s/it]
 48%|ΓûêΓûêΓûêΓûêΓûè     | 2153/4500 [1:55:31<1:55:55,  2.96s/it]
 48%|ΓûêΓûêΓûêΓûêΓûè     | 2154/4500 [1:55:34<1:58:19,  3.03s/it]
 48%|ΓûêΓûêΓûêΓûêΓûè     | 2155/4500 [1:55:37<1:50:48,  2.84s/it]
 48%|ΓûêΓûêΓûêΓûêΓûè     | 2156/4500 [1:55:40<1:57:12,  3.00s/it]
 48%|ΓûêΓûêΓûêΓûêΓûè     | 2157/4500 [1:55:43<1:49:53,  2.81s/it]
 48%|ΓûêΓûêΓûêΓûêΓûè     | 2158/4500 [1:55:46<1:51:24,  2.85s/it]
 48%|ΓûêΓûêΓûêΓûêΓûè     | 2159/4500 [1:55:48<1:50:41,  2.84s/it]
 48%|ΓûêΓûêΓûêΓûêΓûè     | 2160/4500 [1:55:52<1:55:39,  2.97s/it]
 48%|ΓûêΓûêΓûêΓûêΓûè     | 2161/4500 [1:55:55<1:55:31,  2.96s/it]
 48%|ΓûêΓûêΓûêΓûêΓûè     | 2162/4500 [1:55:58<1:56:06,  2.98s/it]
 48%|ΓûêΓûêΓûêΓûêΓûè     | 2163/4500 [1:56:00<1:53:27,  2.91s/it]
 48%|ΓûêΓûêΓûêΓûêΓûè     | 2164/4500 [1:56:04<1:58:40,  3.05s/it]
 48%|ΓûêΓûêΓûêΓûêΓûè     | 2165/4500 [1:56:06<1:54:17,  2.94s/it]
 48%|ΓûêΓûêΓûêΓûêΓûè     | 2166/4500 [1:56:10<1:59:59,  3.08s/it]
 48%|ΓûêΓûêΓûêΓûêΓûè     | 2167/4500 [1:56:13<2:01:27,  3.12s/it]
 48%|ΓûêΓûêΓûêΓûêΓûè     | 2168/4500 [1:56:17<2:07:12,  3.27s/it]
 48%|ΓûêΓûêΓûêΓûêΓûè     | 2169/4500 [1:56:19<2:00:27,  3.10s/it]
 48%|ΓûêΓûêΓûêΓûêΓûè     | 2170/4500 [1:56:23<2:03:04,  3.17s/it]
 48%|ΓûêΓûêΓûêΓûêΓûè     | 2171/4500 [1:56:25<1:55:38,  2.98s/it]
 48%|ΓûêΓûêΓûêΓûêΓûè     | 2172/4500 [1:56:29<1:59:49,  3.09s/it]
 48%|ΓûêΓûêΓûêΓûêΓûè     | 2173/4500 [1:56:31<1:54:45,  2.96s/it]
 48%|ΓûêΓûêΓûêΓûêΓûè     | 2174/4500 [1:56:35<1:59:07,  3.07s/it]
 48%|ΓûêΓûêΓûêΓûêΓûè     | 2175/4500 [1:56:37<1:53:54,  2.94s/it]
 48%|ΓûêΓûêΓûêΓûêΓûè     | 2176/4500 [1:56:41<2:02:11,  3.15s/it]
 48%|ΓûêΓûêΓûêΓûêΓûè     | 2177/4500 [1:56:43<1:53:35,  2.93s/it]
 48%|ΓûêΓûêΓûêΓûêΓûè     | 2178/4500 [1:56:47<1:58:08,  3.05s/it]
 48%|ΓûêΓûêΓûêΓûêΓûè     | 2179/4500 [1:56:49<1:54:46,  2.97s/it]
 48%|ΓûêΓûêΓûêΓûêΓûè     | 2180/4500 [1:56:53<1:59:38,  3.09s/it]
 48%|ΓûêΓûêΓûêΓûêΓûè     | 2181/4500 [1:56:55<1:52:39,  2.91s/it]
 48%|ΓûêΓûêΓûêΓûêΓûè     | 2182/4500 [1:56:58<1:54:19,  2.96s/it]
 49%|ΓûêΓûêΓûêΓûêΓûè     | 2183/4500 [1:57:04<2:27:27,  3.82s/it]
 49%|ΓûêΓûêΓûêΓûêΓûè     | 2184/4500 [1:57:07<2:20:14,  3.63s/it]
 49%|ΓûêΓûêΓûêΓûêΓûè     | 2185/4500 [1:57:10<2:08:58,  3.34s/it]
 49%|ΓûêΓûêΓûêΓûêΓûè     | 2186/4500 [1:57:13<2:03:11,  3.19s/it]
 49%|ΓûêΓûêΓûêΓûêΓûè     | 2187/4500 [1:57:15<1:54:14,  2.96s/it]
 49%|ΓûêΓûêΓûêΓûêΓûè     | 2188/4500 [1:57:17<1:43:14,  2.68s/it]
 49%|ΓûêΓûêΓûêΓûêΓûè     | 2190/4500 [1:57:20<1:20:25,  2.09s/it]
 49%|ΓûêΓûêΓûêΓûêΓûè     | 2191/4500 [1:57:24<1:35:09,  2.47s/it]
 49%|ΓûêΓûêΓûêΓûêΓûè     | 2192/4500 [1:57:27<1:38:56,  2.57s/it]
 49%|ΓûêΓûêΓûêΓûêΓûè     | 2193/4500 [1:57:33<2:15:46,  3.53s/it]
 49%|ΓûêΓûêΓûêΓûêΓûë     | 2194/4500 [1:57:35<2:08:13,  3.34s/it]
 49%|ΓûêΓûêΓûêΓûêΓûë     | 2195/4500 [1:57:38<2:04:29,  3.24s/it]
 49%|ΓûêΓûêΓûêΓûêΓûë     | 2196/4500 [1:57:41<2:00:02,  3.13s/it]
 49%|ΓûêΓûêΓûêΓûêΓûë     | 2197/4500 [1:57:44<1:55:57,  3.02s/it]
 49%|ΓûêΓûêΓûêΓûêΓûë     | 2198/4500 [1:57:47<1:52:23,  2.93s/it]
 49%|ΓûêΓûêΓûêΓûêΓûë     | 2199/4500 [1:57:50<1:50:22,  2.88s/it]
 49%|ΓûêΓûêΓûêΓûêΓûë     | 2200/4500 [1:57:52<1:46:28,  2.78s/it]
 49%|ΓûêΓûêΓûêΓûêΓûë     | 2201/4500 [1:57:55<1:46:47,  2.79s/it]
 49%|ΓûêΓûêΓûêΓûêΓûë     | 2202/4500 [1:57:58<1:44:51,  2.74s/it]
 49%|ΓûêΓûêΓûêΓûêΓûë     | 2203/4500 [1:58:01<1:54:43,  3.00s/it]
 49%|ΓûêΓûêΓûêΓûêΓûë     | 2204/4500 [1:58:04<1:48:53,  2.85s/it]
 49%|ΓûêΓûêΓûêΓûêΓûë     | 2205/4500 [1:58:07<1:55:30,  3.02s/it]
 49%|ΓûêΓûêΓûêΓûêΓûë     | 2206/4500 [1:58:10<1:49:47,  2.87s/it]
 49%|ΓûêΓûêΓûêΓûêΓûë     | 2207/4500 [1:58:14<2:02:42,  3.21s/it]
 49%|ΓûêΓûêΓûêΓûêΓûë     | 2208/4500 [1:58:16<1:56:58,  3.06s/it]
 49%|ΓûêΓûêΓûêΓûêΓûë     | 2209/4500 [1:58:19<1:55:04,  3.01s/it]
 49%|ΓûêΓûêΓûêΓûêΓûë     | 2210/4500 [1:58:23<1:58:53,  3.11s/it]
 49%|ΓûêΓûêΓûêΓûêΓûë     | 2211/4500 [1:58:26<1:59:37,  3.14s/it]
 49%|ΓûêΓûêΓûêΓûêΓûë     | 2212/4500 [1:58:29<2:02:12,  3.20s/it]
 49%|ΓûêΓûêΓûêΓûêΓûë     | 2213/4500 [1:58:32<1:59:19,  3.13s/it]
 49%|ΓûêΓûêΓûêΓûêΓûë     | 2214/4500 [1:58:35<1:57:07,  3.07s/it]
 49%|ΓûêΓûêΓûêΓûêΓûë     | 2215/4500 [1:58:38<2:00:54,  3.17s/it]
 49%|ΓûêΓûêΓûêΓûêΓûë     | 2216/4500 [1:58:41<1:54:34,  3.01s/it]
 49%|ΓûêΓûêΓûêΓûêΓûë     | 2217/4500 [1:58:44<1:55:13,  3.03s/it]
 49%|ΓûêΓûêΓûêΓûêΓûë     | 2218/4500 [1:58:47<1:51:27,  2.93s/it]
 49%|ΓûêΓûêΓûêΓûêΓûë     | 2219/4500 [1:58:50<1:56:03,  3.05s/it]
 49%|ΓûêΓûêΓûêΓûêΓûë     | 2220/4500 [1:58:53<1:58:12,  3.11s/it]
 49%|ΓûêΓûêΓûêΓûêΓûë     | 2221/4500 [1:58:57<2:02:38,  3.23s/it]
 49%|ΓûêΓûêΓûêΓûêΓûë     | 2222/4500 [1:59:00<2:04:48,  3.29s/it]
 49%|ΓûêΓûêΓûêΓûêΓûë     | 2223/4500 [1:59:07<2:48:27,  4.44s/it]
 49%|ΓûêΓûêΓûêΓûêΓûë     | 2224/4500 [1:59:10<2:28:30,  3.91s/it]
 49%|ΓûêΓûêΓûêΓûêΓûë     | 2225/4500 [1:59:13<2:16:02,  3.59s/it]
 49%|ΓûêΓûêΓûêΓûêΓûë     | 2226/4500 [1:59:15<2:00:44,  3.19s/it]
 49%|ΓûêΓûêΓûêΓûêΓûë     | 2227/4500 [1:59:18<1:56:30,  3.08s/it]
 50%|ΓûêΓûêΓûêΓûêΓûë     | 2228/4500 [1:59:21<1:53:45,  3.00s/it]
 50%|ΓûêΓûêΓûêΓûêΓûë     | 2229/4500 [1:59:24<1:52:40,  2.98s/it]
 50%|ΓûêΓûêΓûêΓûêΓûë     | 2230/4500 [1:59:26<1:49:31,  2.89s/it]
 50%|ΓûêΓûêΓûêΓûêΓûë     | 2231/4500 [1:59:30<1:53:07,  2.99s/it]
 50%|ΓûêΓûêΓûêΓûêΓûë     | 2232/4500 [1:59:35<2:24:55,  3.83s/it]
 50%|ΓûêΓûêΓûêΓûêΓûë     | 2233/4500 [1:59:42<2:56:50,  4.68s/it]
 50%|ΓûêΓûêΓûêΓûêΓûë     | 2234/4500 [1:59:45<2:30:52,  3.99s/it]
 50%|ΓûêΓûêΓûêΓûêΓûë     | 2235/4500 [1:59:47<2:18:26,  3.67s/it]
 50%|ΓûêΓûêΓûêΓûêΓûë     | 2236/4500 [1:59:50<2:03:38,  3.28s/it]
 50%|ΓûêΓûêΓûêΓûêΓûë     | 2237/4500 [1:59:53<2:06:06,  3.34s/it]
 50%|ΓûêΓûêΓûêΓûêΓûë     | 2238/4500 [1:59:59<2:27:38,  3.92s/it]
 50%|ΓûêΓûêΓûêΓûêΓûë     | 2239/4500 [2:00:01<2:14:34,  3.57s/it]
 50%|ΓûêΓûêΓûêΓûêΓûë     | 2240/4500 [2:00:04<2:07:41,  3.39s/it]
 50%|ΓûêΓûêΓûêΓûêΓûë     | 2241/4500 [2:00:07<2:00:43,  3.21s/it]
 50%|ΓûêΓûêΓûêΓûêΓûë     | 2242/4500 [2:00:09<1:51:24,  2.96s/it]
 50%|ΓûêΓûêΓûêΓûêΓûë     | 2243/4500 [2:00:13<2:00:12,  3.20s/it]
 50%|ΓûêΓûêΓûêΓûêΓûë     | 2244/4500 [2:00:16<1:51:47,  2.97s/it]
 50%|ΓûêΓûêΓûêΓûêΓûë     | 2245/4500 [2:00:19<1:52:35,  3.00s/it]
 50%|ΓûêΓûêΓûêΓûêΓûë     | 2246/4500 [2:00:21<1:46:36,  2.84s/it]
 50%|ΓûêΓûêΓûêΓûêΓûë     | 2247/4500 [2:00:24<1:48:44,  2.90s/it]
 50%|ΓûêΓûêΓûêΓûêΓûë     | 2248/4500 [2:00:27<1:44:04,  2.77s/it]
 50%|ΓûêΓûêΓûêΓûêΓûë     | 2249/4500 [2:00:30<1:48:19,  2.89s/it]
 50%|ΓûêΓûêΓûêΓûêΓûê     | 2250/4500 [2:00:37<2:34:10,  4.11s/it]
 50%|ΓûêΓûêΓûêΓûêΓûê     | 2251/4500 [2:00:40<2:26:53,  3.92s/it]
 50%|ΓûêΓûêΓûêΓûêΓûê     | 2252/4500 [2:00:43<2:13:06,  3.55s/it]
 50%|ΓûêΓûêΓûêΓûêΓûê     | 2253/4500 [2:00:47<2:14:29,  3.59s/it]
 50%|ΓûêΓûêΓûêΓûêΓûê     | 2254/4500 [2:00:50<2:09:54,  3.47s/it]
 50%|ΓûêΓûêΓûêΓûêΓûê     | 2255/4500 [2:00:53<2:04:35,  3.33s/it]
 50%|ΓûêΓûêΓûêΓûêΓûê     | 2256/4500 [2:00:55<1:55:14,  3.08s/it]
 50%|ΓûêΓûêΓûêΓûêΓûê     | 2257/4500 [2:00:58<1:54:31,  3.06s/it]
 50%|ΓûêΓûêΓûêΓûêΓûê     | 2258/4500 [2:01:01<1:50:15,  2.95s/it]
 50%|ΓûêΓûêΓûêΓûêΓûê     | 2259/4500 [2:01:04<1:51:03,  2.97s/it]
 50%|ΓûêΓûêΓûêΓûêΓûê     | 2260/4500 [2:01:07<1:47:42,  2.89s/it]
 50%|ΓûêΓûêΓûêΓûêΓûê     | 2261/4500 [2:01:10<1:49:17,  2.93s/it]
 50%|ΓûêΓûêΓûêΓûêΓûê     | 2262/4500 [2:01:12<1:42:51,  2.76s/it]
 50%|ΓûêΓûêΓûêΓûêΓûê     | 2263/4500 [2:01:19<2:33:55,  4.13s/it]
 50%|ΓûêΓûêΓûêΓûêΓûê     | 2264/4500 [2:01:22<2:16:15,  3.66s/it]
 50%|ΓûêΓûêΓûêΓûêΓûê     | 2265/4500 [2:01:25<2:06:35,  3.40s/it]
 50%|ΓûêΓûêΓûêΓûêΓûê     | 2266/4500 [2:01:28<2:00:06,  3.23s/it]
 50%|ΓûêΓûêΓûêΓûêΓûê     | 2267/4500 [2:01:31<1:57:22,  3.15s/it]
 50%|ΓûêΓûêΓûêΓûêΓûê     | 2268/4500 [2:01:34<2:00:51,  3.25s/it]
 50%|ΓûêΓûêΓûêΓûêΓûê     | 2269/4500 [2:01:37<1:58:56,  3.20s/it]
 50%|ΓûêΓûêΓûêΓûêΓûê     | 2270/4500 [2:01:40<1:54:35,  3.08s/it]
 50%|ΓûêΓûêΓûêΓûêΓûê     | 2271/4500 [2:01:44<2:04:12,  3.34s/it]
 50%|ΓûêΓûêΓûêΓûêΓûê     | 2272/4500 [2:01:46<1:45:42,  2.85s/it]
 51%|ΓûêΓûêΓûêΓûêΓûê     | 2273/4500 [2:01:49<1:47:00,  2.88s/it]
 51%|ΓûêΓûêΓûêΓûêΓûê     | 2274/4500 [2:01:58<2:54:17,  4.70s/it]
 51%|ΓûêΓûêΓûêΓûêΓûê     | 2275/4500 [2:02:01<2:38:12,  4.27s/it]
 51%|ΓûêΓûêΓûêΓûêΓûê     | 2276/4500 [2:02:03<2:19:04,  3.75s/it]
 51%|ΓûêΓûêΓûêΓûêΓûê     | 2277/4500 [2:02:06<2:08:56,  3.48s/it]
 51%|ΓûêΓûêΓûêΓûêΓûê     | 2278/4500 [2:02:09<1:57:37,  3.18s/it]
 51%|ΓûêΓûêΓûêΓûêΓûê     | 2279/4500 [2:02:12<1:56:45,  3.15s/it]
 51%|ΓûêΓûêΓûêΓûêΓûê     | 2280/4500 [2:02:14<1:49:54,  2.97s/it]
 51%|ΓûêΓûêΓûêΓûêΓûê     | 2281/4500 [2:02:18<1:54:45,  3.10s/it]
 51%|ΓûêΓûêΓûêΓûêΓûê     | 2282/4500 [2:02:19<1:38:04,  2.65s/it]
 51%|ΓûêΓûêΓûêΓûêΓûê     | 2283/4500 [2:02:23<1:46:29,  2.88s/it]
 51%|ΓûêΓûêΓûêΓûêΓûê     | 2284/4500 [2:02:26<1:53:24,  3.07s/it]
 51%|ΓûêΓûêΓûêΓûêΓûê     | 2285/4500 [2:02:29<1:51:20,  3.02s/it]
 51%|ΓûêΓûêΓûêΓûêΓûê     | 2286/4500 [2:02:32<1:51:16,  3.02s/it]
 51%|ΓûêΓûêΓûêΓûêΓûê     | 2287/4500 [2:02:35<1:52:28,  3.05s/it]
 51%|ΓûêΓûêΓûêΓûêΓûê     | 2288/4500 [2:02:38<1:46:43,  2.89s/it]
 51%|ΓûêΓûêΓûêΓûêΓûê     | 2289/4500 [2:02:41<1:47:26,  2.92s/it]
 51%|ΓûêΓûêΓûêΓûêΓûê     | 2290/4500 [2:02:44<1:48:37,  2.95s/it]
 51%|ΓûêΓûêΓûêΓûêΓûê     | 2291/4500 [2:02:47<1:47:20,  2.92s/it]
 51%|ΓûêΓûêΓûêΓûêΓûê     | 2292/4500 [2:02:49<1:40:59,  2.74s/it]
 51%|ΓûêΓûêΓûêΓûêΓûê     | 2293/4500 [2:02:52<1:45:02,  2.86s/it]
 51%|ΓûêΓûêΓûêΓûêΓûê     | 2294/4500 [2:02:55<1:45:57,  2.88s/it]
 51%|ΓûêΓûêΓûêΓûêΓûê     | 2295/4500 [2:02:58<1:45:48,  2.88s/it]
 51%|ΓûêΓûêΓûêΓûêΓûê     | 2296/4500 [2:03:01<1:48:31,  2.95s/it]
 51%|ΓûêΓûêΓûêΓûêΓûê     | 2297/4500 [2:03:04<1:49:45,  2.99s/it]
 51%|ΓûêΓûêΓûêΓûêΓûê     | 2299/4500 [2:03:07<1:27:22,  2.38s/it]
 51%|ΓûêΓûêΓûêΓûêΓûê     | 2300/4500 [2:03:11<1:33:57,  2.56s/it]
 51%|ΓûêΓûêΓûêΓûêΓûê     | 2301/4500 [2:03:13<1:35:47,  2.61s/it]
 51%|ΓûêΓûêΓûêΓûêΓûê     | 2302/4500 [2:03:16<1:41:03,  2.76s/it]
 51%|ΓûêΓûêΓûêΓûêΓûê     | 2303/4500 [2:03:19<1:42:25,  2.80s/it]
 51%|ΓûêΓûêΓûêΓûêΓûê     | 2304/4500 [2:03:23<1:45:57,  2.89s/it]
 51%|ΓûêΓûêΓûêΓûêΓûê     | 2305/4500 [2:03:26<1:48:37,  2.97s/it]
 51%|ΓûêΓûêΓûêΓûêΓûê     | 2306/4500 [2:03:29<1:47:35,  2.94s/it]
 51%|ΓûêΓûêΓûêΓûêΓûêΓûÅ    | 2307/4500 [2:03:34<2:11:07,  3.59s/it]
 51%|ΓûêΓûêΓûêΓûêΓûêΓûÅ    | 2308/4500 [2:03:38<2:24:15,  3.95s/it]
 51%|ΓûêΓûêΓûêΓûêΓûêΓûÅ    | 2309/4500 [2:03:41<2:08:00,  3.51s/it]
 51%|ΓûêΓûêΓûêΓûêΓûêΓûÅ    | 2310/4500 [2:03:44<2:03:37,  3.39s/it]
 51%|ΓûêΓûêΓûêΓûêΓûêΓûÅ    | 2311/4500 [2:03:47<1:55:36,  3.17s/it]
 51%|ΓûêΓûêΓûêΓûêΓûêΓûÅ    | 2312/4500 [2:03:50<1:55:02,  3.15s/it]
 51%|ΓûêΓûêΓûêΓûêΓûêΓûÅ    | 2313/4500 [2:03:52<1:48:53,  2.99s/it]
 51%|ΓûêΓûêΓûêΓûêΓûêΓûÅ    | 2314/4500 [2:03:56<1:52:15,  3.08s/it]
 51%|ΓûêΓûêΓûêΓûêΓûêΓûÅ    | 2315/4500 [2:03:58<1:44:20,  2.87s/it]
 51%|ΓûêΓûêΓûêΓûêΓûêΓûÅ    | 2316/4500 [2:04:05<2:28:16,  4.07s/it]
 51%|ΓûêΓûêΓûêΓûêΓûêΓûÅ    | 2317/4500 [2:04:08<2:12:22,  3.64s/it]
 52%|ΓûêΓûêΓûêΓûêΓûêΓûÅ    | 2318/4500 [2:04:11<2:06:21,  3.47s/it]
 52%|ΓûêΓûêΓûêΓûêΓûêΓûÅ    | 2319/4500 [2:04:13<1:55:49,  3.19s/it]
 52%|ΓûêΓûêΓûêΓûêΓûêΓûÅ    | 2320/4500 [2:04:16<1:55:39,  3.18s/it]
 52%|ΓûêΓûêΓûêΓûêΓûêΓûÅ    | 2321/4500 [2:04:19<1:49:38,  3.02s/it]
 52%|ΓûêΓûêΓûêΓûêΓûêΓûÅ    | 2322/4500 [2:04:22<1:48:25,  2.99s/it]
 52%|ΓûêΓûêΓûêΓûêΓûêΓûÅ    | 2323/4500 [2:04:25<1:48:46,  3.00s/it]
 52%|ΓûêΓûêΓûêΓûêΓûêΓûÅ    | 2324/4500 [2:04:28<1:51:43,  3.08s/it]
 52%|ΓûêΓûêΓûêΓûêΓûêΓûÅ    | 2325/4500 [2:04:31<1:48:49,  3.00s/it]
 52%|ΓûêΓûêΓûêΓûêΓûêΓûÅ    | 2326/4500 [2:04:35<1:55:04,  3.18s/it]
 52%|ΓûêΓûêΓûêΓûêΓûêΓûÅ    | 2327/4500 [2:04:37<1:47:13,  2.96s/it]
 52%|ΓûêΓûêΓûêΓûêΓûêΓûÅ    | 2328/4500 [2:04:41<1:57:15,  3.24s/it]
 52%|ΓûêΓûêΓûêΓûêΓûêΓûÅ    | 2329/4500 [2:04:44<1:51:02,  3.07s/it]
 52%|ΓûêΓûêΓûêΓûêΓûêΓûÅ    | 2330/4500 [2:04:47<1:52:34,  3.11s/it]
 52%|ΓûêΓûêΓûêΓûêΓûêΓûÅ    | 2331/4500 [2:04:49<1:44:10,  2.88s/it]
 52%|ΓûêΓûêΓûêΓûêΓûêΓûÅ    | 2332/4500 [2:04:53<1:54:13,  3.16s/it]
 52%|ΓûêΓûêΓûêΓûêΓûêΓûÅ    | 2333/4500 [2:04:56<1:54:57,  3.18s/it]
 52%|ΓûêΓûêΓûêΓûêΓûêΓûÅ    | 2334/4500 [2:05:00<1:59:26,  3.31s/it]
 52%|ΓûêΓûêΓûêΓûêΓûêΓûÅ    | 2335/4500 [2:05:02<1:50:06,  3.05s/it]
 52%|ΓûêΓûêΓûêΓûêΓûêΓûÅ    | 2336/4500 [2:05:06<1:55:41,  3.21s/it]
 52%|ΓûêΓûêΓûêΓûêΓûêΓûÅ    | 2337/4500 [2:05:09<1:49:30,  3.04s/it]
 52%|ΓûêΓûêΓûêΓûêΓûêΓûÅ    | 2338/4500 [2:05:12<1:48:59,  3.02s/it]
 52%|ΓûêΓûêΓûêΓûêΓûêΓûÅ    | 2339/4500 [2:05:14<1:43:16,  2.87s/it]
 52%|ΓûêΓûêΓûêΓûêΓûêΓûÅ    | 2340/4500 [2:05:17<1:43:36,  2.88s/it]
 52%|ΓûêΓûêΓûêΓûêΓûêΓûÅ    | 2341/4500 [2:05:20<1:42:43,  2.85s/it]
 52%|ΓûêΓûêΓûêΓûêΓûêΓûÅ    | 2342/4500 [2:05:24<1:54:49,  3.19s/it]
 52%|ΓûêΓûêΓûêΓûêΓûêΓûÅ    | 2343/4500 [2:05:26<1:45:50,  2.94s/it]
 52%|ΓûêΓûêΓûêΓûêΓûêΓûÅ    | 2344/4500 [2:05:29<1:50:10,  3.07s/it]
 52%|ΓûêΓûêΓûêΓûêΓûêΓûÅ    | 2345/4500 [2:05:32<1:44:38,  2.91s/it]
 52%|ΓûêΓûêΓûêΓûêΓûêΓûÅ    | 2346/4500 [2:05:36<1:55:52,  3.23s/it]
 52%|ΓûêΓûêΓûêΓûêΓûêΓûÅ    | 2347/4500 [2:05:38<1:48:11,  3.02s/it]
 52%|ΓûêΓûêΓûêΓûêΓûêΓûÅ    | 2348/4500 [2:05:42<1:57:46,  3.28s/it]
 52%|ΓûêΓûêΓûêΓûêΓûêΓûÅ    | 2349/4500 [2:05:45<1:51:55,  3.12s/it]
 52%|ΓûêΓûêΓûêΓûêΓûêΓûÅ    | 2350/4500 [2:05:48<1:51:52,  3.12s/it]
 52%|ΓûêΓûêΓûêΓûêΓûêΓûÅ    | 2351/4500 [2:05:51<1:43:20,  2.89s/it]
 52%|ΓûêΓûêΓûêΓûêΓûêΓûÅ    | 2352/4500 [2:05:54<1:52:18,  3.14s/it]
 52%|ΓûêΓûêΓûêΓûêΓûêΓûÅ    | 2353/4500 [2:05:57<1:44:50,  2.93s/it]
 52%|ΓûêΓûêΓûêΓûêΓûêΓûÅ    | 2354/4500 [2:06:01<1:57:45,  3.29s/it]
 52%|ΓûêΓûêΓûêΓûêΓûêΓûÅ    | 2355/4500 [2:06:03<1:49:35,  3.07s/it]
 52%|ΓûêΓûêΓûêΓûêΓûêΓûÅ    | 2356/4500 [2:06:07<1:55:50,  3.24s/it]
 52%|ΓûêΓûêΓûêΓûêΓûêΓûÅ    | 2357/4500 [2:06:10<1:50:24,  3.09s/it]
 52%|ΓûêΓûêΓûêΓûêΓûêΓûÅ    | 2358/4500 [2:06:13<1:50:56,  3.11s/it]
 52%|ΓûêΓûêΓûêΓûêΓûêΓûÅ    | 2359/4500 [2:06:17<2:00:42,  3.38s/it]
 52%|ΓûêΓûêΓûêΓûêΓûêΓûÅ    | 2360/4500 [2:06:20<1:59:53,  3.36s/it]
 52%|ΓûêΓûêΓûêΓûêΓûêΓûÅ    | 2361/4500 [2:06:23<1:49:27,  3.07s/it]
 52%|ΓûêΓûêΓûêΓûêΓûêΓûÅ    | 2362/4500 [2:06:27<2:00:34,  3.38s/it]
 53%|ΓûêΓûêΓûêΓûêΓûêΓûÄ    | 2363/4500 [2:06:29<1:49:53,  3.09s/it]
 53%|ΓûêΓûêΓûêΓûêΓûêΓûÄ    | 2364/4500 [2:06:33<1:55:23,  3.24s/it]
 53%|ΓûêΓûêΓûêΓûêΓûêΓûÄ    | 2365/4500 [2:06:35<1:46:05,  2.98s/it]
 53%|ΓûêΓûêΓûêΓûêΓûêΓûÄ    | 2366/4500 [2:06:39<1:50:28,  3.11s/it]
 53%|ΓûêΓûêΓûêΓûêΓûêΓûÄ    | 2367/4500 [2:06:41<1:42:47,  2.89s/it]
 53%|ΓûêΓûêΓûêΓûêΓûêΓûÄ    | 2368/4500 [2:06:45<1:54:36,  3.23s/it]
 53%|ΓûêΓûêΓûêΓûêΓûêΓûÄ    | 2369/4500 [2:06:48<1:51:39,  3.14s/it]
 53%|ΓûêΓûêΓûêΓûêΓûêΓûÄ    | 2370/4500 [2:06:51<1:51:25,  3.14s/it]
 53%|ΓûêΓûêΓûêΓûêΓûêΓûÄ    | 2371/4500 [2:06:54<1:47:34,  3.03s/it]
 53%|ΓûêΓûêΓûêΓûêΓûêΓûÄ    | 2372/4500 [2:06:57<1:50:22,  3.11s/it]
 53%|ΓûêΓûêΓûêΓûêΓûêΓûÄ    | 2373/4500 [2:07:00<1:44:49,  2.96s/it]
 53%|ΓûêΓûêΓûêΓûêΓûêΓûÄ    | 2374/4500 [2:07:03<1:43:39,  2.93s/it]
 53%|ΓûêΓûêΓûêΓûêΓûêΓûÄ    | 2375/4500 [2:07:05<1:41:56,  2.88s/it]
 53%|ΓûêΓûêΓûêΓûêΓûêΓûÄ    | 2376/4500 [2:07:08<1:44:15,  2.95s/it]
 53%|ΓûêΓûêΓûêΓûêΓûêΓûÄ    | 2377/4500 [2:07:11<1:39:02,  2.80s/it]
 53%|ΓûêΓûêΓûêΓûêΓûêΓûÄ    | 2378/4500 [2:07:14<1:39:42,  2.82s/it]
 53%|ΓûêΓûêΓûêΓûêΓûêΓûÄ    | 2379/4500 [2:07:16<1:36:50,  2.74s/it]
 53%|ΓûêΓûêΓûêΓûêΓûêΓûÄ    | 2380/4500 [2:07:20<1:45:25,  2.98s/it]
 53%|ΓûêΓûêΓûêΓûêΓûêΓûÄ    | 2381/4500 [2:07:22<1:40:45,  2.85s/it]
 53%|ΓûêΓûêΓûêΓûêΓûêΓûÄ    | 2382/4500 [2:07:29<2:18:49,  3.93s/it]
 53%|ΓûêΓûêΓûêΓûêΓûêΓûÄ    | 2383/4500 [2:07:31<2:03:04,  3.49s/it]
 53%|ΓûêΓûêΓûêΓûêΓûêΓûÄ    | 2384/4500 [2:07:34<1:59:26,  3.39s/it]
 53%|ΓûêΓûêΓûêΓûêΓûêΓûÄ    | 2385/4500 [2:07:37<1:52:26,  3.19s/it]
 53%|ΓûêΓûêΓûêΓûêΓûêΓûÄ    | 2386/4500 [2:07:40<1:53:09,  3.21s/it]
 53%|ΓûêΓûêΓûêΓûêΓûêΓûÄ    | 2387/4500 [2:07:43<1:44:04,  2.96s/it]
 53%|ΓûêΓûêΓûêΓûêΓûêΓûÄ    | 2388/4500 [2:07:46<1:49:55,  3.12s/it]
 53%|ΓûêΓûêΓûêΓûêΓûêΓûÄ    | 2389/4500 [2:07:49<1:45:33,  3.00s/it]
 53%|ΓûêΓûêΓûêΓûêΓûêΓûÄ    | 2390/4500 [2:07:52<1:44:13,  2.96s/it]
 53%|ΓûêΓûêΓûêΓûêΓûêΓûÄ    | 2391/4500 [2:07:54<1:36:54,  2.76s/it]
 53%|ΓûêΓûêΓûêΓûêΓûêΓûÄ    | 2392/4500 [2:07:57<1:38:14,  2.80s/it]
 53%|ΓûêΓûêΓûêΓûêΓûêΓûÄ    | 2393/4500 [2:08:00<1:34:52,  2.70s/it]
 53%|ΓûêΓûêΓûêΓûêΓûêΓûÄ    | 2394/4500 [2:08:06<2:09:49,  3.70s/it]
 53%|ΓûêΓûêΓûêΓûêΓûêΓûÄ    | 2395/4500 [2:08:09<2:04:09,  3.54s/it]
 53%|ΓûêΓûêΓûêΓûêΓûêΓûÄ    | 2396/4500 [2:08:12<1:57:56,  3.36s/it]
 53%|ΓûêΓûêΓûêΓûêΓûêΓûÄ    | 2397/4500 [2:08:14<1:50:34,  3.15s/it]
 53%|ΓûêΓûêΓûêΓûêΓûêΓûÄ    | 2398/4500 [2:08:17<1:48:37,  3.10s/it]
 53%|ΓûêΓûêΓûêΓûêΓûêΓûÄ    | 2399/4500 [2:08:23<2:13:03,  3.80s/it]
 53%|ΓûêΓûêΓûêΓûêΓûêΓûÄ    | 2400/4500 [2:08:26<2:06:03,  3.60s/it]
 53%|ΓûêΓûêΓûêΓûêΓûêΓûÄ    | 2401/4500 [2:08:31<2:22:23,  4.07s/it]
 53%|ΓûêΓûêΓûêΓûêΓûêΓûÄ    | 2402/4500 [2:08:34<2:13:51,  3.83s/it]
 53%|ΓûêΓûêΓûêΓûêΓûêΓûÄ    | 2403/4500 [2:08:37<1:58:34,  3.39s/it]
 53%|ΓûêΓûêΓûêΓûêΓûêΓûÄ    | 2404/4500 [2:08:40<1:58:39,  3.40s/it]
 53%|ΓûêΓûêΓûêΓûêΓûêΓûÄ    | 2405/4500 [2:08:43<1:50:23,  3.16s/it]
 53%|ΓûêΓûêΓûêΓûêΓûêΓûÄ    | 2406/4500 [2:08:46<1:49:58,  3.15s/it]
 53%|ΓûêΓûêΓûêΓûêΓûêΓûÄ    | 2407/4500 [2:08:49<1:44:59,  3.01s/it]
 54%|ΓûêΓûêΓûêΓûêΓûêΓûÄ    | 2408/4500 [2:08:52<1:54:15,  3.28s/it]
 54%|ΓûêΓûêΓûêΓûêΓûêΓûÄ    | 2409/4500 [2:08:55<1:45:12,  3.02s/it]
 54%|ΓûêΓûêΓûêΓûêΓûêΓûÄ    | 2410/4500 [2:09:01<2:15:41,  3.90s/it]
 54%|ΓûêΓûêΓûêΓûêΓûêΓûÄ    | 2411/4500 [2:09:04<2:03:22,  3.54s/it]
 54%|ΓûêΓûêΓûêΓûêΓûêΓûÄ    | 2412/4500 [2:09:07<2:04:42,  3.58s/it]
 54%|ΓûêΓûêΓûêΓûêΓûêΓûÄ    | 2413/4500 [2:09:10<1:52:23,  3.23s/it]
 54%|ΓûêΓûêΓûêΓûêΓûêΓûÄ    | 2414/4500 [2:09:13<1:57:01,  3.37s/it]
 54%|ΓûêΓûêΓûêΓûêΓûêΓûÄ    | 2415/4500 [2:09:16<1:46:24,  3.06s/it]
 54%|ΓûêΓûêΓûêΓûêΓûêΓûÄ    | 2416/4500 [2:09:19<1:45:20,  3.03s/it]
 54%|ΓûêΓûêΓûêΓûêΓûêΓûÄ    | 2417/4500 [2:09:21<1:42:55,  2.96s/it]
 54%|ΓûêΓûêΓûêΓûêΓûêΓûÄ    | 2418/4500 [2:09:25<1:44:03,  3.00s/it]
 54%|ΓûêΓûêΓûêΓûêΓûêΓûì    | 2419/4500 [2:09:27<1:38:47,  2.85s/it]
 54%|ΓûêΓûêΓûêΓûêΓûêΓûì    | 2420/4500 [2:09:31<1:52:05,  3.23s/it]
 54%|ΓûêΓûêΓûêΓûêΓûêΓûì    | 2421/4500 [2:09:34<1:48:40,  3.14s/it]
 54%|ΓûêΓûêΓûêΓûêΓûêΓûì    | 2422/4500 [2:09:37<1:49:34,  3.16s/it]
 54%|ΓûêΓûêΓûêΓûêΓûêΓûì    | 2423/4500 [2:09:40<1:48:37,  3.14s/it]
 54%|ΓûêΓûêΓûêΓûêΓûêΓûì    | 2424/4500 [2:09:44<1:56:00,  3.35s/it]
 54%|ΓûêΓûêΓûêΓûêΓûêΓûì    | 2425/4500 [2:09:47<1:47:14,  3.10s/it]
 54%|ΓûêΓûêΓûêΓûêΓûêΓûì    | 2426/4500 [2:09:50<1:53:11,  3.27s/it]
 54%|ΓûêΓûêΓûêΓûêΓûêΓûì    | 2427/4500 [2:09:53<1:50:40,  3.20s/it]
 54%|ΓûêΓûêΓûêΓûêΓûêΓûì    | 2428/4500 [2:09:57<1:50:18,  3.19s/it]
 54%|ΓûêΓûêΓûêΓûêΓûêΓûì    | 2429/4500 [2:10:00<1:54:56,  3.33s/it]
 54%|ΓûêΓûêΓûêΓûêΓûêΓûì    | 2430/4500 [2:10:04<1:58:12,  3.43s/it]
 54%|ΓûêΓûêΓûêΓûêΓûêΓûì    | 2431/4500 [2:10:07<1:49:59,  3.19s/it]
 54%|ΓûêΓûêΓûêΓûêΓûêΓûì    | 2432/4500 [2:10:10<1:47:39,  3.12s/it]
 54%|ΓûêΓûêΓûêΓûêΓûêΓûì    | 2433/4500 [2:10:15<2:10:09,  3.78s/it]
 54%|ΓûêΓûêΓûêΓûêΓûêΓûì    | 2434/4500 [2:10:18<2:04:30,  3.62s/it]
 54%|ΓûêΓûêΓûêΓûêΓûêΓûì    | 2435/4500 [2:10:21<1:53:01,  3.28s/it]
 54%|ΓûêΓûêΓûêΓûêΓûêΓûì    | 2436/4500 [2:10:24<1:51:17,  3.24s/it]
 54%|ΓûêΓûêΓûêΓûêΓûêΓûì    | 2437/4500 [2:10:27<1:48:09,  3.15s/it]
 54%|ΓûêΓûêΓûêΓûêΓûêΓûì    | 2438/4500 [2:10:29<1:45:10,  3.06s/it]
 54%|ΓûêΓûêΓûêΓûêΓûêΓûì    | 2439/4500 [2:10:32<1:37:31,  2.84s/it]
 54%|ΓûêΓûêΓûêΓûêΓûêΓûì    | 2440/4500 [2:10:38<2:13:09,  3.88s/it]
 54%|ΓûêΓûêΓûêΓûêΓûêΓûì    | 2441/4500 [2:10:41<2:06:50,  3.70s/it]
 54%|ΓûêΓûêΓûêΓûêΓûêΓûì    | 2442/4500 [2:10:45<2:01:19,  3.54s/it]
 54%|ΓûêΓûêΓûêΓûêΓûêΓûì    | 2443/4500 [2:10:47<1:50:28,  3.22s/it]
 54%|ΓûêΓûêΓûêΓûêΓûêΓûì    | 2444/4500 [2:10:50<1:52:05,  3.27s/it]
 54%|ΓûêΓûêΓûêΓûêΓûêΓûì    | 2445/4500 [2:10:53<1:42:33,  2.99s/it]
 54%|ΓûêΓûêΓûêΓûêΓûêΓûì    | 2446/4500 [2:11:00<2:23:33,  4.19s/it]
 54%|ΓûêΓûêΓûêΓûêΓûêΓûì    | 2447/4500 [2:11:03<2:08:46,  3.76s/it]
 54%|ΓûêΓûêΓûêΓûêΓûêΓûì    | 2448/4500 [2:11:06<2:01:27,  3.55s/it]
 54%|ΓûêΓûêΓûêΓûêΓûêΓûì    | 2449/4500 [2:11:08<1:50:09,  3.22s/it]
 54%|ΓûêΓûêΓûêΓûêΓûêΓûì    | 2450/4500 [2:11:11<1:48:43,  3.18s/it]
 54%|ΓûêΓûêΓûêΓûêΓûêΓûì    | 2451/4500 [2:11:13<1:39:34,  2.92s/it]
 54%|ΓûêΓûêΓûêΓûêΓûêΓûì    | 2452/4500 [2:11:17<1:42:33,  3.00s/it]
 55%|ΓûêΓûêΓûêΓûêΓûêΓûì    | 2453/4500 [2:11:19<1:36:45,  2.84s/it]
 55%|ΓûêΓûêΓûêΓûêΓûêΓûì    | 2454/4500 [2:11:25<2:09:39,  3.80s/it]
 55%|ΓûêΓûêΓûêΓûêΓûêΓûì    | 2455/4500 [2:11:28<1:59:27,  3.50s/it]
 55%|ΓûêΓûêΓûêΓûêΓûêΓûì    | 2456/4500 [2:11:31<1:54:15,  3.35s/it]
 55%|ΓûêΓûêΓûêΓûêΓûêΓûì    | 2457/4500 [2:11:34<1:46:31,  3.13s/it]
 55%|ΓûêΓûêΓûêΓûêΓûêΓûì    | 2458/4500 [2:11:37<1:48:30,  3.19s/it]
 55%|ΓûêΓûêΓûêΓûêΓûêΓûì    | 2459/4500 [2:11:39<1:39:40,  2.93s/it]
 55%|ΓûêΓûêΓûêΓûêΓûêΓûì    | 2460/4500 [2:11:42<1:40:16,  2.95s/it]
 55%|ΓûêΓûêΓûêΓûêΓûêΓûì    | 2461/4500 [2:11:45<1:34:48,  2.79s/it]
 55%|ΓûêΓûêΓûêΓûêΓûêΓûì    | 2462/4500 [2:11:48<1:43:32,  3.05s/it]
 55%|ΓûêΓûêΓûêΓûêΓûêΓûì    | 2463/4500 [2:11:51<1:38:57,  2.91s/it]
 55%|ΓûêΓûêΓûêΓûêΓûêΓûì    | 2464/4500 [2:11:54<1:39:28,  2.93s/it]
 55%|ΓûêΓûêΓûêΓûêΓûêΓûì    | 2465/4500 [2:11:57<1:37:25,  2.87s/it]
 55%|ΓûêΓûêΓûêΓûêΓûêΓûì    | 2466/4500 [2:12:00<1:41:52,  3.01s/it]
 55%|ΓûêΓûêΓûêΓûêΓûêΓûì    | 2467/4500 [2:12:03<1:38:16,  2.90s/it]
 55%|ΓûêΓûêΓûêΓûêΓûêΓûì    | 2468/4500 [2:12:05<1:38:23,  2.91s/it]
 55%|ΓûêΓûêΓûêΓûêΓûêΓûì    | 2469/4500 [2:12:12<2:15:43,  4.01s/it]
 55%|ΓûêΓûêΓûêΓûêΓûêΓûì    | 2470/4500 [2:12:15<2:09:48,  3.84s/it]
 55%|ΓûêΓûêΓûêΓûêΓûêΓûì    | 2471/4500 [2:12:18<1:56:36,  3.45s/it]
 55%|ΓûêΓûêΓûêΓûêΓûêΓûì    | 2472/4500 [2:12:21<1:51:26,  3.30s/it]
 55%|ΓûêΓûêΓûêΓûêΓûêΓûì    | 2473/4500 [2:12:24<1:44:56,  3.11s/it]
 55%|ΓûêΓûêΓûêΓûêΓûêΓûì    | 2474/4500 [2:12:27<1:45:06,  3.11s/it]
 55%|ΓûêΓûêΓûêΓûêΓûêΓûî    | 2475/4500 [2:12:29<1:40:27,  2.98s/it]
 55%|ΓûêΓûêΓûêΓûêΓûêΓûî    | 2476/4500 [2:12:32<1:39:29,  2.95s/it]
 55%|ΓûêΓûêΓûêΓûêΓûêΓûî    | 2477/4500 [2:12:38<2:08:26,  3.81s/it]
 55%|ΓûêΓûêΓûêΓûêΓûêΓûî    | 2478/4500 [2:12:41<2:01:16,  3.60s/it]
 55%|ΓûêΓûêΓûêΓûêΓûêΓûî    | 2479/4500 [2:12:44<1:52:03,  3.33s/it]
 55%|ΓûêΓûêΓûêΓûêΓûêΓûî    | 2480/4500 [2:12:47<1:50:38,  3.29s/it]
 55%|ΓûêΓûêΓûêΓûêΓûêΓûî    | 2481/4500 [2:12:50<1:41:38,  3.02s/it]
 55%|ΓûêΓûêΓûêΓûêΓûêΓûî    | 2482/4500 [2:12:56<2:17:01,  4.07s/it]
 55%|ΓûêΓûêΓûêΓûêΓûêΓûî    | 2483/4500 [2:12:58<1:59:51,  3.57s/it]
 55%|ΓûêΓûêΓûêΓûêΓûêΓûî    | 2484/4500 [2:13:01<1:54:18,  3.40s/it]
 55%|ΓûêΓûêΓûêΓûêΓûêΓûî    | 2485/4500 [2:13:04<1:43:18,  3.08s/it]
 55%|ΓûêΓûêΓûêΓûêΓûêΓûî    | 2486/4500 [2:13:07<1:42:56,  3.07s/it]
 55%|ΓûêΓûêΓûêΓûêΓûêΓûî    | 2487/4500 [2:13:09<1:39:09,  2.96s/it]
 55%|ΓûêΓûêΓûêΓûêΓûêΓûî    | 2488/4500 [2:13:22<3:18:42,  5.93s/it]
 55%|ΓûêΓûêΓûêΓûêΓûêΓûî    | 2489/4500 [2:13:28<3:20:38,  5.99s/it]
 55%|ΓûêΓûêΓûêΓûêΓûêΓûî    | 2490/4500 [2:13:32<2:53:36,  5.18s/it]
 55%|ΓûêΓûêΓûêΓûêΓûêΓûî    | 2491/4500 [2:13:34<2:25:02,  4.33s/it]
 55%|ΓûêΓûêΓûêΓûêΓûêΓûî    | 2492/4500 [2:13:37<2:14:29,  4.02s/it]
 55%|ΓûêΓûêΓûêΓûêΓûêΓûî    | 2493/4500 [2:13:40<2:00:51,  3.61s/it]
 55%|ΓûêΓûêΓûêΓûêΓûêΓûî    | 2494/4500 [2:13:47<2:38:53,  4.75s/it]
 55%|ΓûêΓûêΓûêΓûêΓûêΓûî    | 2495/4500 [2:13:50<2:14:45,  4.03s/it]
 55%|ΓûêΓûêΓûêΓûêΓûêΓûî    | 2496/4500 [2:13:53<2:03:49,  3.71s/it]
 55%|ΓûêΓûêΓûêΓûêΓûêΓûî    | 2497/4500 [2:13:55<1:52:01,  3.36s/it]
 56%|ΓûêΓûêΓûêΓûêΓûêΓûî    | 2498/4500 [2:13:59<1:50:54,  3.32s/it]
 56%|ΓûêΓûêΓûêΓûêΓûêΓûî    | 2499/4500 [2:14:01<1:42:49,  3.08s/it]
 56%|ΓûêΓûêΓûêΓûêΓûêΓûî    | 2500/4500 [2:14:05<1:48:20,  3.25s/it]
 56%|ΓûêΓûêΓûêΓûêΓûêΓûî    | 2501/4500 [2:14:08<1:43:55,  3.12s/it]
 56%|ΓûêΓûêΓûêΓûêΓûêΓûî    | 2502/4500 [2:14:11<1:43:03,  3.09s/it]
 56%|ΓûêΓûêΓûêΓûêΓûêΓûî    | 2503/4500 [2:14:13<1:35:30,  2.87s/it]
 56%|ΓûêΓûêΓûêΓûêΓûêΓûî    | 2504/4500 [2:14:16<1:38:49,  2.97s/it]
 56%|ΓûêΓûêΓûêΓûêΓûêΓûî    | 2505/4500 [2:14:19<1:35:48,  2.88s/it]
 56%|ΓûêΓûêΓûêΓûêΓûêΓûî    | 2506/4500 [2:14:27<2:23:45,  4.33s/it]
 56%|ΓûêΓûêΓûêΓûêΓûêΓûî    | 2507/4500 [2:14:29<2:01:37,  3.66s/it]
 56%|ΓûêΓûêΓûêΓûêΓûêΓûî    | 2508/4500 [2:14:32<2:00:47,  3.64s/it]
 56%|ΓûêΓûêΓûêΓûêΓûêΓûî    | 2509/4500 [2:14:35<1:47:49,  3.25s/it]
 56%|ΓûêΓûêΓûêΓûêΓûêΓûî    | 2510/4500 [2:14:38<1:51:25,  3.36s/it]
 56%|ΓûêΓûêΓûêΓûêΓûêΓûî    | 2511/4500 [2:14:43<2:10:04,  3.92s/it]
 56%|ΓûêΓûêΓûêΓûêΓûêΓûî    | 2512/4500 [2:14:47<2:02:27,  3.70s/it]
 56%|ΓûêΓûêΓûêΓûêΓûêΓûî    | 2513/4500 [2:14:50<1:55:22,  3.48s/it]
 56%|ΓûêΓûêΓûêΓûêΓûêΓûî    | 2514/4500 [2:14:53<1:52:19,  3.39s/it]
 56%|ΓûêΓûêΓûêΓûêΓûêΓûî    | 2515/4500 [2:14:55<1:45:17,  3.18s/it]
 56%|ΓûêΓûêΓûêΓûêΓûêΓûî    | 2516/4500 [2:14:59<1:45:51,  3.20s/it]
 56%|ΓûêΓûêΓûêΓûêΓûêΓûî    | 2517/4500 [2:15:01<1:39:14,  3.00s/it]
 56%|ΓûêΓûêΓûêΓûêΓûêΓûî    | 2518/4500 [2:15:04<1:38:45,  2.99s/it]
 56%|ΓûêΓûêΓûêΓûêΓûêΓûî    | 2519/4500 [2:15:07<1:35:44,  2.90s/it]
 56%|ΓûêΓûêΓûêΓûêΓûêΓûî    | 2520/4500 [2:15:10<1:38:39,  2.99s/it]
 56%|ΓûêΓûêΓûêΓûêΓûêΓûî    | 2521/4500 [2:15:12<1:32:55,  2.82s/it]
 56%|ΓûêΓûêΓûêΓûêΓûêΓûî    | 2522/4500 [2:15:16<1:36:32,  2.93s/it]
 56%|ΓûêΓûêΓûêΓûêΓûêΓûî    | 2523/4500 [2:15:18<1:31:43,  2.78s/it]
 56%|ΓûêΓûêΓûêΓûêΓûêΓûî    | 2524/4500 [2:15:22<1:38:23,  2.99s/it]
 56%|ΓûêΓûêΓûêΓûêΓûêΓûî    | 2525/4500 [2:15:24<1:36:56,  2.95s/it]
 56%|ΓûêΓûêΓûêΓûêΓûêΓûî    | 2526/4500 [2:15:28<1:40:05,  3.04s/it]
 56%|ΓûêΓûêΓûêΓûêΓûêΓûî    | 2527/4500 [2:15:31<1:39:20,  3.02s/it]
 56%|ΓûêΓûêΓûêΓûêΓûêΓûî    | 2528/4500 [2:15:34<1:42:44,  3.13s/it]
 56%|ΓûêΓûêΓûêΓûêΓûêΓûî    | 2529/4500 [2:15:37<1:37:16,  2.96s/it]
 56%|ΓûêΓûêΓûêΓûêΓûêΓûî    | 2530/4500 [2:15:40<1:38:33,  3.00s/it]
 56%|ΓûêΓûêΓûêΓûêΓûêΓûî    | 2531/4500 [2:15:43<1:36:57,  2.95s/it]
 56%|ΓûêΓûêΓûêΓûêΓûêΓûï    | 2532/4500 [2:15:46<1:41:20,  3.09s/it]
 56%|ΓûêΓûêΓûêΓûêΓûêΓûï    | 2533/4500 [2:15:49<1:38:43,  3.01s/it]
 56%|ΓûêΓûêΓûêΓûêΓûêΓûï    | 2534/4500 [2:15:55<2:06:42,  3.87s/it]
 56%|ΓûêΓûêΓûêΓûêΓûêΓûï    | 2535/4500 [2:15:57<1:51:26,  3.40s/it]
 56%|ΓûêΓûêΓûêΓûêΓûêΓûï    | 2536/4500 [2:16:00<1:48:58,  3.33s/it]
 56%|ΓûêΓûêΓûêΓûêΓûêΓûï    | 2537/4500 [2:16:03<1:41:30,  3.10s/it]
 56%|ΓûêΓûêΓûêΓûêΓûêΓûï    | 2538/4500 [2:16:06<1:41:30,  3.10s/it]
 56%|ΓûêΓûêΓûêΓûêΓûêΓûï    | 2539/4500 [2:16:08<1:33:36,  2.86s/it]
 56%|ΓûêΓûêΓûêΓûêΓûêΓûï    | 2540/4500 [2:16:11<1:37:31,  2.99s/it]
 56%|ΓûêΓûêΓûêΓûêΓûêΓûï    | 2541/4500 [2:16:14<1:30:57,  2.79s/it]
 56%|ΓûêΓûêΓûêΓûêΓûêΓûï    | 2542/4500 [2:16:17<1:40:33,  3.08s/it]
 57%|ΓûêΓûêΓûêΓûêΓûêΓûï    | 2543/4500 [2:16:20<1:37:55,  3.00s/it]
 57%|ΓûêΓûêΓûêΓûêΓûêΓûï    | 2544/4500 [2:16:23<1:36:51,  2.97s/it]
 57%|ΓûêΓûêΓûêΓûêΓûêΓûï    | 2545/4500 [2:16:26<1:34:15,  2.89s/it]
 57%|ΓûêΓûêΓûêΓûêΓûêΓûï    | 2546/4500 [2:16:29<1:38:55,  3.04s/it]
 57%|ΓûêΓûêΓûêΓûêΓûêΓûï    | 2547/4500 [2:16:32<1:36:14,  2.96s/it]
 57%|ΓûêΓûêΓûêΓûêΓûêΓûï    | 2548/4500 [2:16:35<1:40:38,  3.09s/it]
 57%|ΓûêΓûêΓûêΓûêΓûêΓûï    | 2549/4500 [2:16:38<1:35:58,  2.95s/it]
 57%|ΓûêΓûêΓûêΓûêΓûêΓûï    | 2550/4500 [2:16:41<1:40:14,  3.08s/it]
 57%|ΓûêΓûêΓûêΓûêΓûêΓûï    | 2551/4500 [2:16:44<1:36:12,  2.96s/it]
 57%|ΓûêΓûêΓûêΓûêΓûêΓûï    | 2552/4500 [2:16:47<1:36:16,  2.97s/it]
 57%|ΓûêΓûêΓûêΓûêΓûêΓûï    | 2553/4500 [2:16:52<1:57:24,  3.62s/it]
 57%|ΓûêΓûêΓûêΓûêΓûêΓûï    | 2554/4500 [2:16:55<1:52:27,  3.47s/it]
 57%|ΓûêΓûêΓûêΓûêΓûêΓûï    | 2555/4500 [2:16:58<1:42:19,  3.16s/it]
 57%|ΓûêΓûêΓûêΓûêΓûêΓûï    | 2556/4500 [2:17:01<1:41:36,  3.14s/it]
 57%|ΓûêΓûêΓûêΓûêΓûêΓûï    | 2557/4500 [2:17:04<1:37:36,  3.01s/it]
 57%|ΓûêΓûêΓûêΓûêΓûêΓûï    | 2558/4500 [2:17:07<1:39:00,  3.06s/it]
 57%|ΓûêΓûêΓûêΓûêΓûêΓûï    | 2559/4500 [2:17:10<1:36:20,  2.98s/it]
 57%|ΓûêΓûêΓûêΓûêΓûêΓûï    | 2560/4500 [2:17:16<2:10:56,  4.05s/it]
 57%|ΓûêΓûêΓûêΓûêΓûêΓûï    | 2561/4500 [2:17:25<2:55:50,  5.44s/it]
 57%|ΓûêΓûêΓûêΓûêΓûêΓûï    | 2562/4500 [2:17:29<2:40:00,  4.95s/it]
 57%|ΓûêΓûêΓûêΓûêΓûêΓûï    | 2563/4500 [2:17:31<2:19:01,  4.31s/it]
 57%|ΓûêΓûêΓûêΓûêΓûêΓûï    | 2564/4500 [2:17:35<2:12:57,  4.12s/it]
 57%|ΓûêΓûêΓûêΓûêΓûêΓûï    | 2565/4500 [2:17:38<1:57:50,  3.65s/it]
 57%|ΓûêΓûêΓûêΓûêΓûêΓûï    | 2566/4500 [2:17:41<1:51:08,  3.45s/it]
 57%|ΓûêΓûêΓûêΓûêΓûêΓûï    | 2567/4500 [2:17:44<1:53:42,  3.53s/it]
 57%|ΓûêΓûêΓûêΓûêΓûêΓûï    | 2568/4500 [2:17:48<1:50:09,  3.42s/it]
 57%|ΓûêΓûêΓûêΓûêΓûêΓûï    | 2569/4500 [2:17:50<1:40:59,  3.14s/it]
 57%|ΓûêΓûêΓûêΓûêΓûêΓûï    | 2570/4500 [2:17:53<1:38:14,  3.05s/it]
 57%|ΓûêΓûêΓûêΓûêΓûêΓûï    | 2571/4500 [2:17:56<1:38:34,  3.07s/it]
 57%|ΓûêΓûêΓûêΓûêΓûêΓûï    | 2572/4500 [2:17:59<1:39:12,  3.09s/it]
 57%|ΓûêΓûêΓûêΓûêΓûêΓûï    | 2573/4500 [2:18:02<1:33:01,  2.90s/it]
 57%|ΓûêΓûêΓûêΓûêΓûêΓûï    | 2574/4500 [2:18:05<1:35:01,  2.96s/it]
 57%|ΓûêΓûêΓûêΓûêΓûêΓûï    | 2575/4500 [2:18:07<1:28:35,  2.76s/it]
 57%|ΓûêΓûêΓûêΓûêΓûêΓûï    | 2576/4500 [2:18:10<1:34:09,  2.94s/it]
 57%|ΓûêΓûêΓûêΓûêΓûêΓûï    | 2577/4500 [2:18:13<1:26:57,  2.71s/it]
 57%|ΓûêΓûêΓûêΓûêΓûêΓûï    | 2578/4500 [2:18:17<1:40:42,  3.14s/it]
 57%|ΓûêΓûêΓûêΓûêΓûêΓûï    | 2579/4500 [2:18:19<1:33:14,  2.91s/it]
 57%|ΓûêΓûêΓûêΓûêΓûêΓûï    | 2580/4500 [2:18:26<2:11:21,  4.11s/it]
 57%|ΓûêΓûêΓûêΓûêΓûêΓûï    | 2581/4500 [2:18:29<2:03:03,  3.85s/it]
 57%|ΓûêΓûêΓûêΓûêΓûêΓûï    | 2582/4500 [2:18:33<1:58:14,  3.70s/it]
 57%|ΓûêΓûêΓûêΓûêΓûêΓûï    | 2583/4500 [2:18:35<1:47:02,  3.35s/it]
 57%|ΓûêΓûêΓûêΓûêΓûêΓûï    | 2584/4500 [2:18:38<1:42:24,  3.21s/it]
 57%|ΓûêΓûêΓûêΓûêΓûêΓûï    | 2585/4500 [2:18:41<1:43:43,  3.25s/it]
 57%|ΓûêΓûêΓûêΓûêΓûêΓûï    | 2586/4500 [2:18:44<1:40:02,  3.14s/it]
 57%|ΓûêΓûêΓûêΓûêΓûêΓûï    | 2587/4500 [2:18:47<1:33:56,  2.95s/it]
 58%|ΓûêΓûêΓûêΓûêΓûêΓûè    | 2588/4500 [2:18:50<1:35:37,  3.00s/it]
 58%|ΓûêΓûêΓûêΓûêΓûêΓûè    | 2589/4500 [2:18:52<1:30:00,  2.83s/it]
 58%|ΓûêΓûêΓûêΓûêΓûêΓûè    | 2590/4500 [2:18:55<1:33:13,  2.93s/it]
 58%|ΓûêΓûêΓûêΓûêΓûêΓûè    | 2591/4500 [2:19:01<2:02:57,  3.86s/it]
 58%|ΓûêΓûêΓûêΓûêΓûêΓûè    | 2592/4500 [2:19:05<1:59:30,  3.76s/it]
 58%|ΓûêΓûêΓûêΓûêΓûêΓûè    | 2593/4500 [2:19:07<1:47:45,  3.39s/it]
 58%|ΓûêΓûêΓûêΓûêΓûêΓûè    | 2594/4500 [2:19:11<1:45:43,  3.33s/it]
 58%|ΓûêΓûêΓûêΓûêΓûêΓûè    | 2595/4500 [2:19:13<1:36:22,  3.04s/it]
 58%|ΓûêΓûêΓûêΓûêΓûêΓûè    | 2596/4500 [2:19:16<1:37:04,  3.06s/it]
 58%|ΓûêΓûêΓûêΓûêΓûêΓûè    | 2597/4500 [2:19:19<1:33:03,  2.93s/it]
 58%|ΓûêΓûêΓûêΓûêΓûêΓûè    | 2598/4500 [2:19:22<1:33:25,  2.95s/it]
 58%|ΓûêΓûêΓûêΓûêΓûêΓûè    | 2599/4500 [2:19:24<1:30:49,  2.87s/it]
 58%|ΓûêΓûêΓûêΓûêΓûêΓûè    | 2600/4500 [2:19:28<1:33:35,  2.96s/it]
 58%|ΓûêΓûêΓûêΓûêΓûêΓûè    | 2601/4500 [2:19:31<1:37:50,  3.09s/it]
 58%|ΓûêΓûêΓûêΓûêΓûêΓûè    | 2602/4500 [2:19:34<1:36:52,  3.06s/it]
 58%|ΓûêΓûêΓûêΓûêΓûêΓûè    | 2603/4500 [2:19:37<1:32:40,  2.93s/it]
 58%|ΓûêΓûêΓûêΓûêΓûêΓûè    | 2604/4500 [2:19:40<1:33:47,  2.97s/it]
 58%|ΓûêΓûêΓûêΓûêΓûêΓûè    | 2605/4500 [2:19:42<1:29:48,  2.84s/it]
 58%|ΓûêΓûêΓûêΓûêΓûêΓûè    | 2606/4500 [2:19:47<1:44:11,  3.30s/it]
 58%|ΓûêΓûêΓûêΓûêΓûêΓûè    | 2607/4500 [2:19:50<1:42:35,  3.25s/it]
 58%|ΓûêΓûêΓûêΓûêΓûêΓûè    | 2608/4500 [2:19:53<1:38:41,  3.13s/it]
 58%|ΓûêΓûêΓûêΓûêΓûêΓûè    | 2609/4500 [2:19:56<1:39:33,  3.16s/it]
 58%|ΓûêΓûêΓûêΓûêΓûêΓûè    | 2610/4500 [2:19:59<1:37:13,  3.09s/it]
 58%|ΓûêΓûêΓûêΓûêΓûêΓûè    | 2611/4500 [2:20:01<1:31:37,  2.91s/it]
 58%|ΓûêΓûêΓûêΓûêΓûêΓûè    | 2612/4500 [2:20:05<1:35:29,  3.03s/it]
 58%|ΓûêΓûêΓûêΓûêΓûêΓûè    | 2613/4500 [2:20:08<1:36:08,  3.06s/it]
 58%|ΓûêΓûêΓûêΓûêΓûêΓûè    | 2614/4500 [2:20:11<1:34:30,  3.01s/it]
 58%|ΓûêΓûêΓûêΓûêΓûêΓûè    | 2615/4500 [2:20:13<1:28:25,  2.81s/it]
 58%|ΓûêΓûêΓûêΓûêΓûêΓûè    | 2616/4500 [2:20:16<1:29:18,  2.84s/it]
 58%|ΓûêΓûêΓûêΓûêΓûêΓûè    | 2617/4500 [2:20:18<1:24:54,  2.71s/it]
 58%|ΓûêΓûêΓûêΓûêΓûêΓûè    | 2618/4500 [2:20:22<1:31:05,  2.90s/it]
 58%|ΓûêΓûêΓûêΓûêΓûêΓûè    | 2619/4500 [2:20:25<1:32:25,  2.95s/it]
 58%|ΓûêΓûêΓûêΓûêΓûêΓûè    | 2620/4500 [2:20:28<1:37:27,  3.11s/it]
 58%|ΓûêΓûêΓûêΓûêΓûêΓûè    | 2621/4500 [2:20:31<1:36:26,  3.08s/it]
 58%|ΓûêΓûêΓûêΓûêΓûêΓûè    | 2622/4500 [2:20:34<1:35:38,  3.06s/it]
 58%|ΓûêΓûêΓûêΓûêΓûêΓûè    | 2623/4500 [2:20:37<1:29:50,  2.87s/it]
 58%|ΓûêΓûêΓûêΓûêΓûêΓûè    | 2624/4500 [2:20:40<1:35:05,  3.04s/it]
 58%|ΓûêΓûêΓûêΓûêΓûêΓûè    | 2625/4500 [2:20:42<1:30:10,  2.89s/it]
 58%|ΓûêΓûêΓûêΓûêΓûêΓûè    | 2626/4500 [2:20:46<1:31:20,  2.92s/it]
 58%|ΓûêΓûêΓûêΓûêΓûêΓûè    | 2627/4500 [2:20:48<1:26:47,  2.78s/it]
 58%|ΓûêΓûêΓûêΓûêΓûêΓûè    | 2628/4500 [2:20:51<1:30:29,  2.90s/it]
 58%|ΓûêΓûêΓûêΓûêΓûêΓûè    | 2629/4500 [2:20:54<1:27:35,  2.81s/it]
 58%|ΓûêΓûêΓûêΓûêΓûêΓûè    | 2630/4500 [2:20:57<1:30:54,  2.92s/it]
 58%|ΓûêΓûêΓûêΓûêΓûêΓûè    | 2631/4500 [2:21:00<1:30:21,  2.90s/it]
 58%|ΓûêΓûêΓûêΓûêΓûêΓûè    | 2632/4500 [2:21:03<1:31:09,  2.93s/it]
 59%|ΓûêΓûêΓûêΓûêΓûêΓûè    | 2633/4500 [2:21:05<1:28:52,  2.86s/it]
 59%|ΓûêΓûêΓûêΓûêΓûêΓûè    | 2634/4500 [2:21:09<1:33:15,  3.00s/it]
 59%|ΓûêΓûêΓûêΓûêΓûêΓûè    | 2635/4500 [2:21:12<1:34:54,  3.05s/it]
 59%|ΓûêΓûêΓûêΓûêΓûêΓûè    | 2636/4500 [2:21:15<1:33:40,  3.02s/it]
 59%|ΓûêΓûêΓûêΓûêΓûêΓûè    | 2637/4500 [2:21:17<1:27:35,  2.82s/it]
 59%|ΓûêΓûêΓûêΓûêΓûêΓûè    | 2638/4500 [2:21:20<1:29:54,  2.90s/it]
 59%|ΓûêΓûêΓûêΓûêΓûêΓûè    | 2639/4500 [2:21:23<1:27:44,  2.83s/it]
 59%|ΓûêΓûêΓûêΓûêΓûêΓûè    | 2640/4500 [2:21:26<1:29:18,  2.88s/it]
 59%|ΓûêΓûêΓûêΓûêΓûêΓûè    | 2641/4500 [2:21:29<1:26:53,  2.80s/it]
 59%|ΓûêΓûêΓûêΓûêΓûêΓûè    | 2642/4500 [2:21:32<1:29:41,  2.90s/it]
 59%|ΓûêΓûêΓûêΓûêΓûêΓûè    | 2643/4500 [2:21:35<1:31:05,  2.94s/it]
 59%|ΓûêΓûêΓûêΓûêΓûêΓûë    | 2644/4500 [2:21:38<1:36:33,  3.12s/it]
 59%|ΓûêΓûêΓûêΓûêΓûêΓûë    | 2645/4500 [2:21:42<1:39:24,  3.22s/it]
 59%|ΓûêΓûêΓûêΓûêΓûêΓûë    | 2646/4500 [2:21:45<1:36:42,  3.13s/it]
 59%|ΓûêΓûêΓûêΓûêΓûêΓûë    | 2647/4500 [2:21:47<1:31:27,  2.96s/it]
 59%|ΓûêΓûêΓûêΓûêΓûêΓûë    | 2648/4500 [2:21:50<1:30:39,  2.94s/it]
 59%|ΓûêΓûêΓûêΓûêΓûêΓûë    | 2649/4500 [2:21:53<1:30:10,  2.92s/it]
 59%|ΓûêΓûêΓûêΓûêΓûêΓûë    | 2650/4500 [2:21:56<1:31:30,  2.97s/it]
 59%|ΓûêΓûêΓûêΓûêΓûêΓûë    | 2651/4500 [2:21:59<1:33:15,  3.03s/it]
 59%|ΓûêΓûêΓûêΓûêΓûêΓûë    | 2653/4500 [2:22:02<1:12:46,  2.36s/it]
 59%|ΓûêΓûêΓûêΓûêΓûêΓûë    | 2654/4500 [2:22:05<1:14:34,  2.42s/it]
 59%|ΓûêΓûêΓûêΓûêΓûêΓûë    | 2655/4500 [2:22:08<1:18:41,  2.56s/it]
 59%|ΓûêΓûêΓûêΓûêΓûêΓûë    | 2656/4500 [2:22:11<1:21:04,  2.64s/it]
 59%|ΓûêΓûêΓûêΓûêΓûêΓûë    | 2657/4500 [2:22:14<1:23:01,  2.70s/it]
 59%|ΓûêΓûêΓûêΓûêΓûêΓûë    | 2658/4500 [2:22:17<1:27:03,  2.84s/it]
 59%|ΓûêΓûêΓûêΓûêΓûêΓûë    | 2659/4500 [2:22:20<1:30:05,  2.94s/it]
 59%|ΓûêΓûêΓûêΓûêΓûêΓûë    | 2660/4500 [2:22:26<1:59:24,  3.89s/it]
 59%|ΓûêΓûêΓûêΓûêΓûêΓûë    | 2661/4500 [2:22:30<1:58:33,  3.87s/it]
 59%|ΓûêΓûêΓûêΓûêΓûêΓûë    | 2662/4500 [2:22:32<1:45:17,  3.44s/it]
 59%|ΓûêΓûêΓûêΓûêΓûêΓûë    | 2663/4500 [2:22:36<1:43:11,  3.37s/it]
 59%|ΓûêΓûêΓûêΓûêΓûêΓûë    | 2664/4500 [2:22:38<1:33:46,  3.06s/it]
 59%|ΓûêΓûêΓûêΓûêΓûêΓûë    | 2665/4500 [2:22:41<1:34:59,  3.11s/it]
 59%|ΓûêΓûêΓûêΓûêΓûêΓûë    | 2666/4500 [2:22:44<1:27:28,  2.86s/it]
 59%|ΓûêΓûêΓûêΓûêΓûêΓûë    | 2667/4500 [2:22:47<1:29:11,  2.92s/it]
 59%|ΓûêΓûêΓûêΓûêΓûêΓûë    | 2668/4500 [2:22:50<1:31:41,  3.00s/it]
 59%|ΓûêΓûêΓûêΓûêΓûêΓûë    | 2669/4500 [2:22:53<1:31:58,  3.01s/it]
 59%|ΓûêΓûêΓûêΓûêΓûêΓûë    | 2670/4500 [2:22:55<1:26:34,  2.84s/it]
 59%|ΓûêΓûêΓûêΓûêΓûêΓûë    | 2671/4500 [2:22:59<1:37:04,  3.18s/it]
 59%|ΓûêΓûêΓûêΓûêΓûêΓûë    | 2672/4500 [2:23:08<2:30:48,  4.95s/it]
 59%|ΓûêΓûêΓûêΓûêΓûêΓûë    | 2673/4500 [2:23:12<2:18:03,  4.53s/it]
 59%|ΓûêΓûêΓûêΓûêΓûêΓûë    | 2674/4500 [2:23:15<2:00:46,  3.97s/it]
 59%|ΓûêΓûêΓûêΓûêΓûêΓûë    | 2675/4500 [2:23:18<1:54:16,  3.76s/it]
 59%|ΓûêΓûêΓûêΓûêΓûêΓûë    | 2676/4500 [2:23:21<1:50:31,  3.64s/it]
 59%|ΓûêΓûêΓûêΓûêΓûêΓûë    | 2677/4500 [2:23:24<1:46:54,  3.52s/it]
 60%|ΓûêΓûêΓûêΓûêΓûêΓûë    | 2678/4500 [2:23:27<1:36:09,  3.17s/it]
 60%|ΓûêΓûêΓûêΓûêΓûêΓûë    | 2679/4500 [2:23:31<1:48:54,  3.59s/it]
 60%|ΓûêΓûêΓûêΓûêΓûêΓûë    | 2680/4500 [2:23:35<1:46:47,  3.52s/it]
 60%|ΓûêΓûêΓûêΓûêΓûêΓûë    | 2681/4500 [2:23:38<1:43:29,  3.41s/it]
 60%|ΓûêΓûêΓûêΓûêΓûêΓûë    | 2682/4500 [2:23:40<1:33:44,  3.09s/it]
 60%|ΓûêΓûêΓûêΓûêΓûêΓûë    | 2683/4500 [2:23:43<1:34:06,  3.11s/it]
 60%|ΓûêΓûêΓûêΓûêΓûêΓûë    | 2684/4500 [2:23:46<1:29:33,  2.96s/it]
 60%|ΓûêΓûêΓûêΓûêΓûêΓûë    | 2685/4500 [2:23:49<1:31:44,  3.03s/it]
 60%|ΓûêΓûêΓûêΓûêΓûêΓûë    | 2686/4500 [2:23:52<1:32:20,  3.05s/it]
 60%|ΓûêΓûêΓûêΓûêΓûêΓûë    | 2687/4500 [2:23:56<1:34:23,  3.12s/it]
 60%|ΓûêΓûêΓûêΓûêΓûêΓûë    | 2688/4500 [2:23:58<1:29:49,  2.97s/it]
 60%|ΓûêΓûêΓûêΓûêΓûêΓûë    | 2689/4500 [2:24:01<1:31:37,  3.04s/it]
 60%|ΓûêΓûêΓûêΓûêΓûêΓûë    | 2690/4500 [2:24:04<1:28:59,  2.95s/it]
 60%|ΓûêΓûêΓûêΓûêΓûêΓûë    | 2691/4500 [2:24:07<1:33:08,  3.09s/it]
 60%|ΓûêΓûêΓûêΓûêΓûêΓûë    | 2692/4500 [2:24:13<1:56:17,  3.86s/it]
 60%|ΓûêΓûêΓûêΓûêΓûêΓûë    | 2693/4500 [2:24:16<1:48:14,  3.59s/it]
 60%|ΓûêΓûêΓûêΓûêΓûêΓûë    | 2694/4500 [2:24:19<1:44:15,  3.46s/it]
 60%|ΓûêΓûêΓûêΓûêΓûêΓûë    | 2695/4500 [2:24:22<1:41:32,  3.38s/it]
 60%|ΓûêΓûêΓûêΓûêΓûêΓûë    | 2696/4500 [2:24:25<1:33:53,  3.12s/it]
 60%|ΓûêΓûêΓûêΓûêΓûêΓûë    | 2697/4500 [2:24:28<1:33:10,  3.10s/it]
 60%|ΓûêΓûêΓûêΓûêΓûêΓûë    | 2698/4500 [2:24:30<1:26:17,  2.87s/it]
 60%|ΓûêΓûêΓûêΓûêΓûêΓûë    | 2699/4500 [2:24:34<1:28:55,  2.96s/it]
 60%|ΓûêΓûêΓûêΓûêΓûêΓûê    | 2700/4500 [2:24:37<1:30:52,  3.03s/it]
 60%|ΓûêΓûêΓûêΓûêΓûêΓûê    | 2701/4500 [2:24:40<1:32:10,  3.07s/it]
 60%|ΓûêΓûêΓûêΓûêΓûêΓûê    | 2703/4500 [2:24:42<1:06:35,  2.22s/it]
 60%|ΓûêΓûêΓûêΓûêΓûêΓûê    | 2704/4500 [2:24:46<1:13:25,  2.45s/it]
 60%|ΓûêΓûêΓûêΓûêΓûêΓûê    | 2705/4500 [2:24:48<1:17:02,  2.58s/it]
 60%|ΓûêΓûêΓûêΓûêΓûêΓûê    | 2706/4500 [2:24:57<2:04:01,  4.15s/it]
 60%|ΓûêΓûêΓûêΓûêΓûêΓûê    | 2707/4500 [2:25:01<2:01:10,  4.05s/it]
 60%|ΓûêΓûêΓûêΓûêΓûêΓûê    | 2708/4500 [2:25:05<2:01:58,  4.08s/it]
 60%|ΓûêΓûêΓûêΓûêΓûêΓûê    | 2709/4500 [2:25:08<1:55:02,  3.85s/it]
 60%|ΓûêΓûêΓûêΓûêΓûêΓûê    | 2710/4500 [2:25:11<1:46:47,  3.58s/it]
 60%|ΓûêΓûêΓûêΓûêΓûêΓûê    | 2711/4500 [2:25:14<1:39:07,  3.32s/it]
 60%|ΓûêΓûêΓûêΓûêΓûêΓûê    | 2712/4500 [2:25:17<1:37:43,  3.28s/it]
 60%|ΓûêΓûêΓûêΓûêΓûêΓûê    | 2713/4500 [2:25:19<1:30:09,  3.03s/it]
 60%|ΓûêΓûêΓûêΓûêΓûêΓûê    | 2714/4500 [2:25:23<1:38:01,  3.29s/it]
 60%|ΓûêΓûêΓûêΓûêΓûêΓûê    | 2715/4500 [2:25:26<1:32:04,  3.09s/it]
 60%|ΓûêΓûêΓûêΓûêΓûêΓûê    | 2716/4500 [2:25:30<1:39:07,  3.33s/it]
 60%|ΓûêΓûêΓûêΓûêΓûêΓûê    | 2717/4500 [2:25:32<1:31:00,  3.06s/it]
 60%|ΓûêΓûêΓûêΓûêΓûêΓûê    | 2718/4500 [2:25:35<1:33:11,  3.14s/it]
 60%|ΓûêΓûêΓûêΓûêΓûêΓûê    | 2719/4500 [2:25:39<1:35:44,  3.23s/it]
 60%|ΓûêΓûêΓûêΓûêΓûêΓûê    | 2720/4500 [2:25:42<1:34:29,  3.19s/it]
 60%|ΓûêΓûêΓûêΓûêΓûêΓûê    | 2721/4500 [2:25:49<2:06:02,  4.25s/it]
 60%|ΓûêΓûêΓûêΓûêΓûêΓûê    | 2722/4500 [2:25:52<1:54:04,  3.85s/it]
 61%|ΓûêΓûêΓûêΓûêΓûêΓûê    | 2723/4500 [2:25:54<1:41:24,  3.42s/it]
 61%|ΓûêΓûêΓûêΓûêΓûêΓûê    | 2724/4500 [2:25:57<1:39:02,  3.35s/it]
 61%|ΓûêΓûêΓûêΓûêΓûêΓûê    | 2725/4500 [2:26:03<1:58:44,  4.01s/it]
 61%|ΓûêΓûêΓûêΓûêΓûêΓûê    | 2726/4500 [2:26:06<1:51:10,  3.76s/it]
 61%|ΓûêΓûêΓûêΓûêΓûêΓûê    | 2727/4500 [2:26:08<1:39:48,  3.38s/it]
 61%|ΓûêΓûêΓûêΓûêΓûêΓûê    | 2728/4500 [2:26:11<1:35:55,  3.25s/it]
 61%|ΓûêΓûêΓûêΓûêΓûêΓûê    | 2729/4500 [2:26:14<1:29:44,  3.04s/it]
 61%|ΓûêΓûêΓûêΓûêΓûêΓûê    | 2730/4500 [2:26:17<1:29:13,  3.02s/it]
 61%|ΓûêΓûêΓûêΓûêΓûêΓûê    | 2731/4500 [2:26:20<1:30:27,  3.07s/it]
 61%|ΓûêΓûêΓûêΓûêΓûêΓûê    | 2732/4500 [2:26:23<1:31:27,  3.10s/it]
 61%|ΓûêΓûêΓûêΓûêΓûêΓûê    | 2733/4500 [2:26:26<1:26:52,  2.95s/it]
 61%|ΓûêΓûêΓûêΓûêΓûêΓûê    | 2734/4500 [2:26:29<1:28:35,  3.01s/it]
 61%|ΓûêΓûêΓûêΓûêΓûêΓûê    | 2735/4500 [2:26:32<1:24:49,  2.88s/it]
 61%|ΓûêΓûêΓûêΓûêΓûêΓûê    | 2736/4500 [2:26:35<1:32:24,  3.14s/it]
 61%|ΓûêΓûêΓûêΓûêΓûêΓûê    | 2737/4500 [2:26:38<1:31:43,  3.12s/it]
 61%|ΓûêΓûêΓûêΓûêΓûêΓûê    | 2738/4500 [2:26:46<2:09:34,  4.41s/it]
 61%|ΓûêΓûêΓûêΓûêΓûêΓûê    | 2739/4500 [2:26:49<1:53:35,  3.87s/it]
 61%|ΓûêΓûêΓûêΓûêΓûêΓûê    | 2740/4500 [2:26:52<1:47:20,  3.66s/it]
 61%|ΓûêΓûêΓûêΓûêΓûêΓûê    | 2741/4500 [2:26:54<1:36:39,  3.30s/it]
 61%|ΓûêΓûêΓûêΓûêΓûêΓûê    | 2742/4500 [2:26:57<1:33:32,  3.19s/it]
 61%|ΓûêΓûêΓûêΓûêΓûêΓûê    | 2743/4500 [2:27:00<1:27:21,  2.98s/it]
 61%|ΓûêΓûêΓûêΓûêΓûêΓûê    | 2744/4500 [2:27:03<1:27:25,  2.99s/it]
 61%|ΓûêΓûêΓûêΓûêΓûêΓûê    | 2745/4500 [2:27:05<1:23:50,  2.87s/it]
 61%|ΓûêΓûêΓûêΓûêΓûêΓûê    | 2746/4500 [2:27:08<1:23:51,  2.87s/it]
 61%|ΓûêΓûêΓûêΓûêΓûêΓûê    | 2747/4500 [2:27:11<1:22:04,  2.81s/it]
 61%|ΓûêΓûêΓûêΓûêΓûêΓûê    | 2748/4500 [2:27:14<1:25:00,  2.91s/it]
 61%|ΓûêΓûêΓûêΓûêΓûêΓûê    | 2749/4500 [2:27:20<1:50:41,  3.79s/it]
 61%|ΓûêΓûêΓûêΓûêΓûêΓûê    | 2750/4500 [2:27:23<1:45:03,  3.60s/it]
 61%|ΓûêΓûêΓûêΓûêΓûêΓûê    | 2751/4500 [2:27:26<1:38:36,  3.38s/it]
 61%|ΓûêΓûêΓûêΓûêΓûêΓûê    | 2752/4500 [2:27:29<1:34:08,  3.23s/it]
 61%|ΓûêΓûêΓûêΓûêΓûêΓûê    | 2753/4500 [2:27:31<1:27:41,  3.01s/it]
 61%|ΓûêΓûêΓûêΓûêΓûêΓûê    | 2754/4500 [2:27:34<1:28:20,  3.04s/it]
 61%|ΓûêΓûêΓûêΓûêΓûêΓûê    | 2755/4500 [2:27:37<1:25:52,  2.95s/it]
 61%|ΓûêΓûêΓûêΓûêΓûêΓûê    | 2756/4500 [2:27:40<1:27:40,  3.02s/it]
 61%|ΓûêΓûêΓûêΓûêΓûêΓûêΓûÅ   | 2757/4500 [2:27:42<1:21:22,  2.80s/it]
 61%|ΓûêΓûêΓûêΓûêΓûêΓûêΓûÅ   | 2758/4500 [2:27:46<1:24:23,  2.91s/it]
 61%|ΓûêΓûêΓûêΓûêΓûêΓûêΓûÅ   | 2759/4500 [2:27:49<1:25:02,  2.93s/it]
 61%|ΓûêΓûêΓûêΓûêΓûêΓûêΓûÅ   | 2760/4500 [2:27:51<1:25:04,  2.93s/it]
 61%|ΓûêΓûêΓûêΓûêΓûêΓûêΓûÅ   | 2761/4500 [2:27:54<1:21:03,  2.80s/it]
 61%|ΓûêΓûêΓûêΓûêΓûêΓûêΓûÅ   | 2762/4500 [2:27:57<1:22:53,  2.86s/it]
 61%|ΓûêΓûêΓûêΓûêΓûêΓûêΓûÅ   | 2763/4500 [2:28:00<1:25:36,  2.96s/it]
 61%|ΓûêΓûêΓûêΓûêΓûêΓûêΓûÅ   | 2764/4500 [2:28:03<1:27:22,  3.02s/it]
 61%|ΓûêΓûêΓûêΓûêΓûêΓûêΓûÅ   | 2765/4500 [2:28:06<1:23:41,  2.89s/it]
 61%|ΓûêΓûêΓûêΓûêΓûêΓûêΓûÅ   | 2766/4500 [2:28:09<1:26:05,  2.98s/it]
 61%|ΓûêΓûêΓûêΓûêΓûêΓûêΓûÅ   | 2767/4500 [2:28:13<1:29:47,  3.11s/it]
 62%|ΓûêΓûêΓûêΓûêΓûêΓûêΓûÅ   | 2768/4500 [2:28:16<1:30:05,  3.12s/it]
 62%|ΓûêΓûêΓûêΓûêΓûêΓûêΓûÅ   | 2769/4500 [2:28:18<1:23:57,  2.91s/it]
 62%|ΓûêΓûêΓûêΓûêΓûêΓûêΓûÅ   | 2770/4500 [2:28:21<1:26:41,  3.01s/it]
 62%|ΓûêΓûêΓûêΓûêΓûêΓûêΓûÅ   | 2771/4500 [2:28:24<1:21:24,  2.83s/it]
 62%|ΓûêΓûêΓûêΓûêΓûêΓûêΓûÅ   | 2772/4500 [2:28:27<1:21:45,  2.84s/it]
 62%|ΓûêΓûêΓûêΓûêΓûêΓûêΓûÅ   | 2773/4500 [2:28:29<1:21:49,  2.84s/it]
 62%|ΓûêΓûêΓûêΓûêΓûêΓûêΓûÅ   | 2774/4500 [2:28:33<1:25:56,  2.99s/it]
 62%|ΓûêΓûêΓûêΓûêΓûêΓûêΓûÅ   | 2775/4500 [2:28:37<1:32:42,  3.22s/it]
 62%|ΓûêΓûêΓûêΓûêΓûêΓûêΓûÅ   | 2776/4500 [2:28:40<1:31:47,  3.19s/it]
 62%|ΓûêΓûêΓûêΓûêΓûêΓûêΓûÅ   | 2777/4500 [2:28:42<1:25:01,  2.96s/it]
 62%|ΓûêΓûêΓûêΓûêΓûêΓûêΓûÅ   | 2778/4500 [2:28:45<1:27:25,  3.05s/it]
 62%|ΓûêΓûêΓûêΓûêΓûêΓûêΓûÅ   | 2779/4500 [2:28:48<1:26:29,  3.02s/it]
 62%|ΓûêΓûêΓûêΓûêΓûêΓûêΓûÅ   | 2780/4500 [2:28:51<1:25:39,  2.99s/it]
 62%|ΓûêΓûêΓûêΓûêΓûêΓûêΓûÅ   | 2781/4500 [2:28:57<1:48:58,  3.80s/it]
 62%|ΓûêΓûêΓûêΓûêΓûêΓûêΓûÅ   | 2782/4500 [2:29:00<1:43:21,  3.61s/it]
 62%|ΓûêΓûêΓûêΓûêΓûêΓûêΓûÅ   | 2783/4500 [2:29:02<1:32:11,  3.22s/it]
 62%|ΓûêΓûêΓûêΓûêΓûêΓûêΓûÅ   | 2784/4500 [2:29:06<1:32:17,  3.23s/it]
 62%|ΓûêΓûêΓûêΓûêΓûêΓûêΓûÅ   | 2785/4500 [2:29:08<1:27:11,  3.05s/it]
 62%|ΓûêΓûêΓûêΓûêΓûêΓûêΓûÅ   | 2786/4500 [2:29:12<1:29:32,  3.13s/it]
 62%|ΓûêΓûêΓûêΓûêΓûêΓûêΓûÅ   | 2787/4500 [2:29:14<1:25:29,  2.99s/it]
 62%|ΓûêΓûêΓûêΓûêΓûêΓûêΓûÅ   | 2788/4500 [2:29:18<1:28:10,  3.09s/it]
 62%|ΓûêΓûêΓûêΓûêΓûêΓûêΓûÅ   | 2789/4500 [2:29:20<1:21:18,  2.85s/it]
 62%|ΓûêΓûêΓûêΓûêΓûêΓûêΓûÅ   | 2790/4500 [2:29:23<1:24:15,  2.96s/it]
 62%|ΓûêΓûêΓûêΓûêΓûêΓûêΓûÅ   | 2791/4500 [2:29:26<1:22:16,  2.89s/it]
 62%|ΓûêΓûêΓûêΓûêΓûêΓûêΓûÅ   | 2792/4500 [2:29:29<1:24:57,  2.98s/it]
 62%|ΓûêΓûêΓûêΓûêΓûêΓûêΓûÅ   | 2793/4500 [2:29:31<1:20:23,  2.83s/it]
 62%|ΓûêΓûêΓûêΓûêΓûêΓûêΓûÅ   | 2794/4500 [2:29:35<1:25:16,  3.00s/it]
 62%|ΓûêΓûêΓûêΓûêΓûêΓûêΓûÅ   | 2795/4500 [2:29:37<1:20:30,  2.83s/it]
 62%|ΓûêΓûêΓûêΓûêΓûêΓûêΓûÅ   | 2796/4500 [2:29:41<1:24:16,  2.97s/it]
 62%|ΓûêΓûêΓûêΓûêΓûêΓûêΓûÅ   | 2797/4500 [2:29:43<1:18:14,  2.76s/it]
 62%|ΓûêΓûêΓûêΓûêΓûêΓûêΓûÅ   | 2798/4500 [2:29:47<1:32:20,  3.26s/it]
 62%|ΓûêΓûêΓûêΓûêΓûêΓûêΓûÅ   | 2799/4500 [2:29:50<1:24:36,  2.98s/it]
 62%|ΓûêΓûêΓûêΓûêΓûêΓûêΓûÅ   | 2800/4500 [2:29:53<1:31:04,  3.21s/it]
 62%|ΓûêΓûêΓûêΓûêΓûêΓûêΓûÅ   | 2801/4500 [2:29:56<1:25:29,  3.02s/it]
 62%|ΓûêΓûêΓûêΓûêΓûêΓûêΓûÅ   | 2802/4500 [2:29:59<1:27:08,  3.08s/it]
 62%|ΓûêΓûêΓûêΓûêΓûêΓûêΓûÅ   | 2803/4500 [2:30:02<1:20:53,  2.86s/it]
 62%|ΓûêΓûêΓûêΓûêΓûêΓûêΓûÅ   | 2804/4500 [2:30:06<1:32:00,  3.25s/it]
 62%|ΓûêΓûêΓûêΓûêΓûêΓûêΓûÅ   | 2805/4500 [2:30:08<1:24:27,  2.99s/it]
 62%|ΓûêΓûêΓûêΓûêΓûêΓûêΓûÅ   | 2806/4500 [2:30:12<1:32:44,  3.28s/it]
 62%|ΓûêΓûêΓûêΓûêΓûêΓûêΓûÅ   | 2807/4500 [2:30:14<1:25:16,  3.02s/it]
 62%|ΓûêΓûêΓûêΓûêΓûêΓûêΓûÅ   | 2808/4500 [2:30:19<1:34:31,  3.35s/it]
 62%|ΓûêΓûêΓûêΓûêΓûêΓûêΓûÅ   | 2809/4500 [2:30:22<1:37:59,  3.48s/it]
 62%|ΓûêΓûêΓûêΓûêΓûêΓûêΓûÅ   | 2810/4500 [2:30:26<1:36:02,  3.41s/it]
 62%|ΓûêΓûêΓûêΓûêΓûêΓûêΓûÅ   | 2811/4500 [2:30:29<1:39:00,  3.52s/it]
 62%|ΓûêΓûêΓûêΓûêΓûêΓûêΓûÅ   | 2812/4500 [2:30:33<1:35:58,  3.41s/it]
 63%|ΓûêΓûêΓûêΓûêΓûêΓûêΓûÄ   | 2813/4500 [2:30:35<1:27:03,  3.10s/it]
 63%|ΓûêΓûêΓûêΓûêΓûêΓûêΓûÄ   | 2814/4500 [2:30:38<1:27:32,  3.12s/it]
 63%|ΓûêΓûêΓûêΓûêΓûêΓûêΓûÄ   | 2815/4500 [2:30:40<1:21:02,  2.89s/it]
 63%|ΓûêΓûêΓûêΓûêΓûêΓûêΓûÄ   | 2816/4500 [2:30:44<1:25:48,  3.06s/it]
 63%|ΓûêΓûêΓûêΓûêΓûêΓûêΓûÄ   | 2817/4500 [2:30:46<1:22:04,  2.93s/it]
 63%|ΓûêΓûêΓûêΓûêΓûêΓûêΓûÄ   | 2818/4500 [2:30:50<1:24:03,  3.00s/it]
 63%|ΓûêΓûêΓûêΓûêΓûêΓûêΓûÄ   | 2819/4500 [2:30:52<1:20:40,  2.88s/it]
 63%|ΓûêΓûêΓûêΓûêΓûêΓûêΓûÄ   | 2820/4500 [2:30:56<1:24:01,  3.00s/it]
 63%|ΓûêΓûêΓûêΓûêΓûêΓûêΓûÄ   | 2821/4500 [2:30:58<1:19:22,  2.84s/it]
 63%|ΓûêΓûêΓûêΓûêΓûêΓûêΓûÄ   | 2822/4500 [2:31:01<1:23:23,  2.98s/it]
 63%|ΓûêΓûêΓûêΓûêΓûêΓûêΓûÄ   | 2823/4500 [2:31:04<1:17:59,  2.79s/it]
 63%|ΓûêΓûêΓûêΓûêΓûêΓûêΓûÄ   | 2824/4500 [2:31:07<1:22:55,  2.97s/it]
 63%|ΓûêΓûêΓûêΓûêΓûêΓûêΓûÄ   | 2825/4500 [2:31:10<1:19:52,  2.86s/it]
 63%|ΓûêΓûêΓûêΓûêΓûêΓûêΓûÄ   | 2826/4500 [2:31:13<1:24:04,  3.01s/it]
 63%|ΓûêΓûêΓûêΓûêΓûêΓûêΓûÄ   | 2827/4500 [2:31:16<1:28:01,  3.16s/it]
 63%|ΓûêΓûêΓûêΓûêΓûêΓûêΓûÄ   | 2828/4500 [2:31:20<1:28:26,  3.17s/it]
 63%|ΓûêΓûêΓûêΓûêΓûêΓûêΓûÄ   | 2829/4500 [2:31:22<1:21:22,  2.92s/it]
 63%|ΓûêΓûêΓûêΓûêΓûêΓûêΓûÄ   | 2830/4500 [2:31:26<1:25:53,  3.09s/it]
 63%|ΓûêΓûêΓûêΓûêΓûêΓûêΓûÄ   | 2831/4500 [2:31:28<1:19:34,  2.86s/it]
 63%|ΓûêΓûêΓûêΓûêΓûêΓûêΓûÄ   | 2832/4500 [2:31:31<1:22:01,  2.95s/it]
 63%|ΓûêΓûêΓûêΓûêΓûêΓûêΓûÄ   | 2833/4500 [2:31:34<1:23:45,  3.01s/it]
 63%|ΓûêΓûêΓûêΓûêΓûêΓûêΓûÄ   | 2834/4500 [2:31:37<1:25:30,  3.08s/it]
 63%|ΓûêΓûêΓûêΓûêΓûêΓûêΓûÄ   | 2835/4500 [2:31:49<2:33:03,  5.52s/it]
 63%|ΓûêΓûêΓûêΓûêΓûêΓûêΓûÄ   | 2836/4500 [2:31:52<2:12:28,  4.78s/it]
 63%|ΓûêΓûêΓûêΓûêΓûêΓûêΓûÄ   | 2837/4500 [2:31:54<1:52:26,  4.06s/it]
 63%|ΓûêΓûêΓûêΓûêΓûêΓûêΓûÄ   | 2838/4500 [2:31:57<1:44:02,  3.76s/it]
 63%|ΓûêΓûêΓûêΓûêΓûêΓûêΓûÄ   | 2839/4500 [2:32:00<1:35:08,  3.44s/it]
 63%|ΓûêΓûêΓûêΓûêΓûêΓûêΓûÄ   | 2840/4500 [2:32:03<1:32:43,  3.35s/it]
 63%|ΓûêΓûêΓûêΓûêΓûêΓûêΓûÄ   | 2841/4500 [2:32:05<1:25:53,  3.11s/it]
 63%|ΓûêΓûêΓûêΓûêΓûêΓûêΓûÄ   | 2842/4500 [2:32:09<1:26:50,  3.14s/it]
 63%|ΓûêΓûêΓûêΓûêΓûêΓûêΓûÄ   | 2843/4500 [2:32:11<1:22:24,  2.98s/it]
 63%|ΓûêΓûêΓûêΓûêΓûêΓûêΓûÄ   | 2844/4500 [2:32:14<1:23:43,  3.03s/it]
 63%|ΓûêΓûêΓûêΓûêΓûêΓûêΓûÄ   | 2845/4500 [2:32:17<1:17:45,  2.82s/it]
 63%|ΓûêΓûêΓûêΓûêΓûêΓûêΓûÄ   | 2846/4500 [2:32:20<1:18:31,  2.85s/it]
 63%|ΓûêΓûêΓûêΓûêΓûêΓûêΓûÄ   | 2847/4500 [2:32:22<1:15:18,  2.73s/it]
 63%|ΓûêΓûêΓûêΓûêΓûêΓûêΓûÄ   | 2848/4500 [2:32:25<1:16:57,  2.79s/it]
 63%|ΓûêΓûêΓûêΓûêΓûêΓûêΓûÄ   | 2849/4500 [2:32:28<1:15:32,  2.75s/it]
 63%|ΓûêΓûêΓûêΓûêΓûêΓûêΓûÄ   | 2850/4500 [2:32:34<1:43:43,  3.77s/it]
 63%|ΓûêΓûêΓûêΓûêΓûêΓûêΓûÄ   | 2851/4500 [2:32:36<1:31:54,  3.34s/it]
 63%|ΓûêΓûêΓûêΓûêΓûêΓûêΓûÄ   | 2852/4500 [2:32:39<1:28:35,  3.23s/it]
 63%|ΓûêΓûêΓûêΓûêΓûêΓûêΓûÄ   | 2853/4500 [2:32:41<1:20:53,  2.95s/it]
 63%|ΓûêΓûêΓûêΓûêΓûêΓûêΓûÄ   | 2854/4500 [2:32:45<1:22:51,  3.02s/it]
 63%|ΓûêΓûêΓûêΓûêΓûêΓûêΓûÄ   | 2855/4500 [2:32:47<1:17:07,  2.81s/it]
 63%|ΓûêΓûêΓûêΓûêΓûêΓûêΓûÄ   | 2856/4500 [2:32:50<1:17:03,  2.81s/it]
 63%|ΓûêΓûêΓûêΓûêΓûêΓûêΓûÄ   | 2857/4500 [2:32:53<1:21:36,  2.98s/it]
 64%|ΓûêΓûêΓûêΓûêΓûêΓûêΓûÄ   | 2858/4500 [2:32:57<1:27:45,  3.21s/it]
 64%|ΓûêΓûêΓûêΓûêΓûêΓûêΓûÄ   | 2859/4500 [2:33:00<1:23:44,  3.06s/it]
 64%|ΓûêΓûêΓûêΓûêΓûêΓûêΓûÄ   | 2860/4500 [2:33:03<1:28:11,  3.23s/it]
 64%|ΓûêΓûêΓûêΓûêΓûêΓûêΓûÄ   | 2861/4500 [2:33:06<1:21:22,  2.98s/it]
 64%|ΓûêΓûêΓûêΓûêΓûêΓûêΓûÄ   | 2862/4500 [2:33:09<1:27:42,  3.21s/it]
 64%|ΓûêΓûêΓûêΓûêΓûêΓûêΓûÄ   | 2863/4500 [2:33:12<1:22:57,  3.04s/it]
 64%|ΓûêΓûêΓûêΓûêΓûêΓûêΓûÄ   | 2864/4500 [2:33:15<1:23:30,  3.06s/it]
 64%|ΓûêΓûêΓûêΓûêΓûêΓûêΓûÄ   | 2865/4500 [2:33:18<1:17:56,  2.86s/it]
 64%|ΓûêΓûêΓûêΓûêΓûêΓûêΓûÄ   | 2866/4500 [2:33:21<1:23:20,  3.06s/it]
 64%|ΓûêΓûêΓûêΓûêΓûêΓûêΓûÄ   | 2867/4500 [2:33:23<1:17:01,  2.83s/it]
 64%|ΓûêΓûêΓûêΓûêΓûêΓûêΓûÄ   | 2868/4500 [2:33:27<1:22:17,  3.03s/it]
 64%|ΓûêΓûêΓûêΓûêΓûêΓûêΓûì   | 2869/4500 [2:33:32<1:41:44,  3.74s/it]
 64%|ΓûêΓûêΓûêΓûêΓûêΓûêΓûì   | 2870/4500 [2:33:41<2:20:04,  5.16s/it]
 64%|ΓûêΓûêΓûêΓûêΓûêΓûêΓûì   | 2871/4500 [2:33:43<1:57:24,  4.32s/it]
 64%|ΓûêΓûêΓûêΓûêΓûêΓûêΓûì   | 2872/4500 [2:33:46<1:45:32,  3.89s/it]
 64%|ΓûêΓûêΓûêΓûêΓûêΓûêΓûì   | 2873/4500 [2:33:51<1:55:06,  4.24s/it]
 64%|ΓûêΓûêΓûêΓûêΓûêΓûêΓûì   | 2874/4500 [2:33:54<1:47:33,  3.97s/it]
 64%|ΓûêΓûêΓûêΓûêΓûêΓûêΓûì   | 2875/4500 [2:33:57<1:36:59,  3.58s/it]
 64%|ΓûêΓûêΓûêΓûêΓûêΓûêΓûì   | 2876/4500 [2:34:00<1:33:52,  3.47s/it]
 64%|ΓûêΓûêΓûêΓûêΓûêΓûêΓûì   | 2877/4500 [2:34:03<1:27:29,  3.23s/it]
 64%|ΓûêΓûêΓûêΓûêΓûêΓûêΓûì   | 2878/4500 [2:34:06<1:25:47,  3.17s/it]
 64%|ΓûêΓûêΓûêΓûêΓûêΓûêΓûì   | 2879/4500 [2:34:09<1:25:26,  3.16s/it]
 64%|ΓûêΓûêΓûêΓûêΓûêΓûêΓûì   | 2880/4500 [2:34:12<1:22:57,  3.07s/it]
 64%|ΓûêΓûêΓûêΓûêΓûêΓûêΓûì   | 2881/4500 [2:34:15<1:23:09,  3.08s/it]
 64%|ΓûêΓûêΓûêΓûêΓûêΓûêΓûì   | 2882/4500 [2:34:18<1:21:21,  3.02s/it]
 64%|ΓûêΓûêΓûêΓûêΓûêΓûêΓûì   | 2883/4500 [2:34:20<1:15:36,  2.81s/it]
 64%|ΓûêΓûêΓûêΓûêΓûêΓûêΓûì   | 2884/4500 [2:34:24<1:22:00,  3.04s/it]
 64%|ΓûêΓûêΓûêΓûêΓûêΓûêΓûì   | 2885/4500 [2:34:27<1:22:39,  3.07s/it]
 64%|ΓûêΓûêΓûêΓûêΓûêΓûêΓûì   | 2886/4500 [2:34:30<1:21:38,  3.03s/it]
 64%|ΓûêΓûêΓûêΓûêΓûêΓûêΓûì   | 2887/4500 [2:34:33<1:20:00,  2.98s/it]
 64%|ΓûêΓûêΓûêΓûêΓûêΓûêΓûì   | 2888/4500 [2:34:37<1:27:39,  3.26s/it]
 64%|ΓûêΓûêΓûêΓûêΓûêΓûêΓûì   | 2889/4500 [2:34:40<1:25:23,  3.18s/it]
 64%|ΓûêΓûêΓûêΓûêΓûêΓûêΓûì   | 2890/4500 [2:34:43<1:25:09,  3.17s/it]
 64%|ΓûêΓûêΓûêΓûêΓûêΓûêΓûì   | 2891/4500 [2:34:46<1:23:22,  3.11s/it]
 64%|ΓûêΓûêΓûêΓûêΓûêΓûêΓûì   | 2893/4500 [2:34:49<1:04:28,  2.41s/it]
 64%|ΓûêΓûêΓûêΓûêΓûêΓûêΓûì   | 2894/4500 [2:34:52<1:05:56,  2.46s/it]
 64%|ΓûêΓûêΓûêΓûêΓûêΓûêΓûì   | 2895/4500 [2:34:55<1:11:09,  2.66s/it]
 64%|ΓûêΓûêΓûêΓûêΓûêΓûêΓûì   | 2896/4500 [2:34:58<1:12:41,  2.72s/it]
 64%|ΓûêΓûêΓûêΓûêΓûêΓûêΓûì   | 2897/4500 [2:35:02<1:22:32,  3.09s/it]
 64%|ΓûêΓûêΓûêΓûêΓûêΓûêΓûì   | 2898/4500 [2:35:05<1:25:45,  3.21s/it]
 64%|ΓûêΓûêΓûêΓûêΓûêΓûêΓûì   | 2899/4500 [2:35:08<1:23:52,  3.14s/it]
 64%|ΓûêΓûêΓûêΓûêΓûêΓûêΓûì   | 2900/4500 [2:35:11<1:19:39,  2.99s/it]
 64%|ΓûêΓûêΓûêΓûêΓûêΓûêΓûì   | 2901/4500 [2:35:14<1:21:06,  3.04s/it]
 64%|ΓûêΓûêΓûêΓûêΓûêΓûêΓûì   | 2902/4500 [2:35:17<1:23:03,  3.12s/it]
 65%|ΓûêΓûêΓûêΓûêΓûêΓûêΓûì   | 2903/4500 [2:35:21<1:23:18,  3.13s/it]
 65%|ΓûêΓûêΓûêΓûêΓûêΓûêΓûì   | 2904/4500 [2:35:23<1:19:23,  2.98s/it]
 65%|ΓûêΓûêΓûêΓûêΓûêΓûêΓûì   | 2905/4500 [2:35:26<1:20:39,  3.03s/it]
 65%|ΓûêΓûêΓûêΓûêΓûêΓûêΓûì   | 2906/4500 [2:35:29<1:18:55,  2.97s/it]
 65%|ΓûêΓûêΓûêΓûêΓûêΓûêΓûì   | 2907/4500 [2:35:33<1:22:21,  3.10s/it]
 65%|ΓûêΓûêΓûêΓûêΓûêΓûêΓûì   | 2908/4500 [2:35:35<1:19:11,  2.98s/it]
 65%|ΓûêΓûêΓûêΓûêΓûêΓûêΓûì   | 2909/4500 [2:35:38<1:20:49,  3.05s/it]
 65%|ΓûêΓûêΓûêΓûêΓûêΓûêΓûì   | 2910/4500 [2:35:41<1:18:10,  2.95s/it]
 65%|ΓûêΓûêΓûêΓûêΓûêΓûêΓûì   | 2911/4500 [2:35:44<1:19:41,  3.01s/it]
 65%|ΓûêΓûêΓûêΓûêΓûêΓûêΓûì   | 2912/4500 [2:35:47<1:15:32,  2.85s/it]
 65%|ΓûêΓûêΓûêΓûêΓûêΓûêΓûì   | 2913/4500 [2:35:50<1:18:08,  2.95s/it]
 65%|ΓûêΓûêΓûêΓûêΓûêΓûêΓûì   | 2914/4500 [2:35:53<1:17:18,  2.92s/it]
 65%|ΓûêΓûêΓûêΓûêΓûêΓûêΓûì   | 2915/4500 [2:35:56<1:21:54,  3.10s/it]
 65%|ΓûêΓûêΓûêΓûêΓûêΓûêΓûì   | 2916/4500 [2:35:59<1:17:17,  2.93s/it]
 65%|ΓûêΓûêΓûêΓûêΓûêΓûêΓûì   | 2917/4500 [2:36:02<1:22:33,  3.13s/it]
 65%|ΓûêΓûêΓûêΓûêΓûêΓûêΓûì   | 2918/4500 [2:36:08<1:41:40,  3.86s/it]
 65%|ΓûêΓûêΓûêΓûêΓûêΓûêΓûì   | 2919/4500 [2:36:12<1:41:09,  3.84s/it]
 65%|ΓûêΓûêΓûêΓûêΓûêΓûêΓûì   | 2920/4500 [2:36:14<1:30:22,  3.43s/it]
 65%|ΓûêΓûêΓûêΓûêΓûêΓûêΓûì   | 2921/4500 [2:36:17<1:27:23,  3.32s/it]
 65%|ΓûêΓûêΓûêΓûêΓûêΓûêΓûì   | 2922/4500 [2:36:20<1:22:05,  3.12s/it]
 65%|ΓûêΓûêΓûêΓûêΓûêΓûêΓûì   | 2923/4500 [2:36:23<1:20:52,  3.08s/it]
 65%|ΓûêΓûêΓûêΓûêΓûêΓûêΓûì   | 2924/4500 [2:36:26<1:17:49,  2.96s/it]
 65%|ΓûêΓûêΓûêΓûêΓûêΓûêΓûî   | 2925/4500 [2:36:29<1:20:44,  3.08s/it]
 65%|ΓûêΓûêΓûêΓûêΓûêΓûêΓûî   | 2926/4500 [2:36:31<1:14:52,  2.85s/it]
 65%|ΓûêΓûêΓûêΓûêΓûêΓûêΓûî   | 2927/4500 [2:36:34<1:16:10,  2.91s/it]
 65%|ΓûêΓûêΓûêΓûêΓûêΓûêΓûî   | 2928/4500 [2:36:37<1:16:05,  2.90s/it]
 65%|ΓûêΓûêΓûêΓûêΓûêΓûêΓûî   | 2929/4500 [2:36:41<1:19:20,  3.03s/it]
 65%|ΓûêΓûêΓûêΓûêΓûêΓûêΓûî   | 2930/4500 [2:36:44<1:18:51,  3.01s/it]
 65%|ΓûêΓûêΓûêΓûêΓûêΓûêΓûî   | 2931/4500 [2:36:47<1:18:23,  3.00s/it]
 65%|ΓûêΓûêΓûêΓûêΓûêΓûêΓûî   | 2932/4500 [2:36:49<1:16:01,  2.91s/it]
 65%|ΓûêΓûêΓûêΓûêΓûêΓûêΓûî   | 2933/4500 [2:36:52<1:17:47,  2.98s/it]
 65%|ΓûêΓûêΓûêΓûêΓûêΓûêΓûî   | 2934/4500 [2:36:55<1:15:28,  2.89s/it]
 65%|ΓûêΓûêΓûêΓûêΓûêΓûêΓûî   | 2935/4500 [2:36:58<1:17:47,  2.98s/it]
 65%|ΓûêΓûêΓûêΓûêΓûêΓûêΓûî   | 2936/4500 [2:37:01<1:17:28,  2.97s/it]
 65%|ΓûêΓûêΓûêΓûêΓûêΓûêΓûî   | 2937/4500 [2:37:04<1:18:43,  3.02s/it]
 65%|ΓûêΓûêΓûêΓûêΓûêΓûêΓûî   | 2938/4500 [2:37:07<1:14:23,  2.86s/it]
 65%|ΓûêΓûêΓûêΓûêΓûêΓûêΓûî   | 2939/4500 [2:37:10<1:16:54,  2.96s/it]
 65%|ΓûêΓûêΓûêΓûêΓûêΓûêΓûî   | 2940/4500 [2:37:16<1:40:29,  3.87s/it]
 65%|ΓûêΓûêΓûêΓûêΓûêΓûêΓûî   | 2941/4500 [2:37:20<1:38:28,  3.79s/it]
 65%|ΓûêΓûêΓûêΓûêΓûêΓûêΓûî   | 2942/4500 [2:37:22<1:27:21,  3.36s/it]
 65%|ΓûêΓûêΓûêΓûêΓûêΓûêΓûî   | 2943/4500 [2:37:25<1:24:16,  3.25s/it]
 65%|ΓûêΓûêΓûêΓûêΓûêΓûêΓûî   | 2944/4500 [2:37:28<1:23:32,  3.22s/it]
 65%|ΓûêΓûêΓûêΓûêΓûêΓûêΓûî   | 2945/4500 [2:37:31<1:23:01,  3.20s/it]
 65%|ΓûêΓûêΓûêΓûêΓûêΓûêΓûî   | 2946/4500 [2:37:34<1:19:11,  3.06s/it]
 65%|ΓûêΓûêΓûêΓûêΓûêΓûêΓûî   | 2947/4500 [2:37:37<1:21:14,  3.14s/it]
 66%|ΓûêΓûêΓûêΓûêΓûêΓûêΓûî   | 2948/4500 [2:37:40<1:20:39,  3.12s/it]
 66%|ΓûêΓûêΓûêΓûêΓûêΓûêΓûî   | 2949/4500 [2:37:44<1:21:30,  3.15s/it]
 66%|ΓûêΓûêΓûêΓûêΓûêΓûêΓûî   | 2950/4500 [2:37:47<1:20:45,  3.13s/it]
 66%|ΓûêΓûêΓûêΓûêΓûêΓûêΓûî   | 2951/4500 [2:37:50<1:22:01,  3.18s/it]
 66%|ΓûêΓûêΓûêΓûêΓûêΓûêΓûî   | 2952/4500 [2:37:53<1:19:47,  3.09s/it]
 66%|ΓûêΓûêΓûêΓûêΓûêΓûêΓûî   | 2953/4500 [2:37:56<1:21:27,  3.16s/it]
 66%|ΓûêΓûêΓûêΓûêΓûêΓûêΓûî   | 2954/4500 [2:37:59<1:15:49,  2.94s/it]
 66%|ΓûêΓûêΓûêΓûêΓûêΓûêΓûî   | 2955/4500 [2:38:02<1:15:41,  2.94s/it]
 66%|ΓûêΓûêΓûêΓûêΓûêΓûêΓûî   | 2956/4500 [2:38:04<1:13:13,  2.85s/it]
 66%|ΓûêΓûêΓûêΓûêΓûêΓûêΓûî   | 2957/4500 [2:38:07<1:15:37,  2.94s/it]
 66%|ΓûêΓûêΓûêΓûêΓûêΓûêΓûî   | 2958/4500 [2:38:13<1:33:23,  3.63s/it]
 66%|ΓûêΓûêΓûêΓûêΓûêΓûêΓûî   | 2959/4500 [2:38:17<1:35:55,  3.73s/it]
 66%|ΓûêΓûêΓûêΓûêΓûêΓûêΓûî   | 2960/4500 [2:38:19<1:26:12,  3.36s/it]
 66%|ΓûêΓûêΓûêΓûêΓûêΓûêΓûî   | 2961/4500 [2:38:22<1:23:12,  3.24s/it]
 66%|ΓûêΓûêΓûêΓûêΓûêΓûêΓûî   | 2962/4500 [2:38:25<1:20:18,  3.13s/it]
 66%|ΓûêΓûêΓûêΓûêΓûêΓûêΓûî   | 2963/4500 [2:38:28<1:18:24,  3.06s/it]
 66%|ΓûêΓûêΓûêΓûêΓûêΓûêΓûî   | 2964/4500 [2:38:30<1:14:56,  2.93s/it]
 66%|ΓûêΓûêΓûêΓûêΓûêΓûêΓûî   | 2965/4500 [2:38:34<1:16:37,  3.00s/it]
 66%|ΓûêΓûêΓûêΓûêΓûêΓûêΓûî   | 2966/4500 [2:38:36<1:12:37,  2.84s/it]
 66%|ΓûêΓûêΓûêΓûêΓûêΓûêΓûî   | 2967/4500 [2:38:39<1:13:50,  2.89s/it]
 66%|ΓûêΓûêΓûêΓûêΓûêΓûêΓûî   | 2968/4500 [2:38:41<1:09:49,  2.73s/it]
 66%|ΓûêΓûêΓûêΓûêΓûêΓûêΓûî   | 2969/4500 [2:38:45<1:13:07,  2.87s/it]
 66%|ΓûêΓûêΓûêΓûêΓûêΓûêΓûî   | 2970/4500 [2:38:47<1:12:17,  2.84s/it]
 66%|ΓûêΓûêΓûêΓûêΓûêΓûêΓûî   | 2971/4500 [2:38:51<1:15:37,  2.97s/it]
 66%|ΓûêΓûêΓûêΓûêΓûêΓûêΓûî   | 2972/4500 [2:38:53<1:12:17,  2.84s/it]
 66%|ΓûêΓûêΓûêΓûêΓûêΓûêΓûî   | 2973/4500 [2:38:56<1:13:45,  2.90s/it]
 66%|ΓûêΓûêΓûêΓûêΓûêΓûêΓûî   | 2974/4500 [2:38:59<1:15:35,  2.97s/it]
 66%|ΓûêΓûêΓûêΓûêΓûêΓûêΓûî   | 2975/4500 [2:39:03<1:16:58,  3.03s/it]
 66%|ΓûêΓûêΓûêΓûêΓûêΓûêΓûî   | 2976/4500 [2:39:05<1:11:53,  2.83s/it]
 66%|ΓûêΓûêΓûêΓûêΓûêΓûêΓûî   | 2977/4500 [2:39:08<1:14:32,  2.94s/it]
 66%|ΓûêΓûêΓûêΓûêΓûêΓûêΓûî   | 2978/4500 [2:39:11<1:17:03,  3.04s/it]
 66%|ΓûêΓûêΓûêΓûêΓûêΓûêΓûî   | 2979/4500 [2:39:15<1:18:29,  3.10s/it]
 66%|ΓûêΓûêΓûêΓûêΓûêΓûêΓûî   | 2980/4500 [2:39:16<1:07:06,  2.65s/it]
 66%|ΓûêΓûêΓûêΓûêΓûêΓûêΓûî   | 2981/4500 [2:39:20<1:12:41,  2.87s/it]
 66%|ΓûêΓûêΓûêΓûêΓûêΓûêΓûï   | 2982/4500 [2:39:22<1:11:28,  2.83s/it]
 66%|ΓûêΓûêΓûêΓûêΓûêΓûêΓûï   | 2983/4500 [2:39:25<1:11:59,  2.85s/it]
 66%|ΓûêΓûêΓûêΓûêΓûêΓûêΓûï   | 2984/4500 [2:39:28<1:10:35,  2.79s/it]
 66%|ΓûêΓûêΓûêΓûêΓûêΓûêΓûï   | 2985/4500 [2:39:31<1:12:08,  2.86s/it]
 66%|ΓûêΓûêΓûêΓûêΓûêΓûêΓûï   | 2986/4500 [2:39:34<1:13:10,  2.90s/it]
 66%|ΓûêΓûêΓûêΓûêΓûêΓûêΓûï   | 2987/4500 [2:39:37<1:15:02,  2.98s/it]
 66%|ΓûêΓûêΓûêΓûêΓûêΓûêΓûï   | 2988/4500 [2:39:40<1:12:36,  2.88s/it]
 66%|ΓûêΓûêΓûêΓûêΓûêΓûêΓûï   | 2989/4500 [2:39:43<1:13:07,  2.90s/it]
 66%|ΓûêΓûêΓûêΓûêΓûêΓûêΓûï   | 2990/4500 [2:39:45<1:11:09,  2.83s/it]
 66%|ΓûêΓûêΓûêΓûêΓûêΓûêΓûï   | 2991/4500 [2:39:49<1:14:02,  2.94s/it]
 66%|ΓûêΓûêΓûêΓûêΓûêΓûêΓûï   | 2992/4500 [2:39:51<1:13:10,  2.91s/it]
 67%|ΓûêΓûêΓûêΓûêΓûêΓûêΓûï   | 2993/4500 [2:39:55<1:16:11,  3.03s/it]
 67%|ΓûêΓûêΓûêΓûêΓûêΓûêΓûï   | 2994/4500 [2:39:58<1:14:57,  2.99s/it]
 67%|ΓûêΓûêΓûêΓûêΓûêΓûêΓûï   | 2995/4500 [2:40:01<1:16:19,  3.04s/it]
 67%|ΓûêΓûêΓûêΓûêΓûêΓûêΓûï   | 2996/4500 [2:40:04<1:15:55,  3.03s/it]
 67%|ΓûêΓûêΓûêΓûêΓûêΓûêΓûï   | 2997/4500 [2:40:07<1:14:54,  2.99s/it]
 67%|ΓûêΓûêΓûêΓûêΓûêΓûêΓûï   | 2998/4500 [2:40:10<1:14:07,  2.96s/it]
 67%|ΓûêΓûêΓûêΓûêΓûêΓûêΓûï   | 2999/4500 [2:40:12<1:13:47,  2.95s/it]
 67%|ΓûêΓûêΓûêΓûêΓûêΓûêΓûï   | 3000/4500 [2:40:16<1:17:57,  3.12s/it]
 67%|ΓûêΓûêΓûêΓûêΓûêΓûêΓûï   | 3001/4500 [2:40:19<1:16:39,  3.07s/it]
 67%|ΓûêΓûêΓûêΓûêΓûêΓûêΓûï   | 3002/4500 [2:40:22<1:17:17,  3.10s/it]
 67%|ΓûêΓûêΓûêΓûêΓûêΓûêΓûï   | 3004/4500 [2:40:25<57:49,  2.32s/it]  
 67%|ΓûêΓûêΓûêΓûêΓûêΓûêΓûï   | 3005/4500 [2:40:28<1:02:07,  2.49s/it]
 67%|ΓûêΓûêΓûêΓûêΓûêΓûêΓûï   | 3006/4500 [2:40:31<1:06:05,  2.65s/it]
 67%|ΓûêΓûêΓûêΓûêΓûêΓûêΓûï   | 3007/4500 [2:40:35<1:12:33,  2.92s/it]
 67%|ΓûêΓûêΓûêΓûêΓûêΓûêΓûï   | 3008/4500 [2:40:38<1:13:39,  2.96s/it]
 67%|ΓûêΓûêΓûêΓûêΓûêΓûêΓûï   | 3009/4500 [2:40:41<1:13:15,  2.95s/it]
 67%|ΓûêΓûêΓûêΓûêΓûêΓûêΓûï   | 3010/4500 [2:40:44<1:12:46,  2.93s/it]
 67%|ΓûêΓûêΓûêΓûêΓûêΓûêΓûï   | 3011/4500 [2:40:49<1:31:10,  3.67s/it]
 67%|ΓûêΓûêΓûêΓûêΓûêΓûêΓûï   | 3012/4500 [2:40:53<1:32:15,  3.72s/it]
 67%|ΓûêΓûêΓûêΓûêΓûêΓûêΓûï   | 3013/4500 [2:40:58<1:44:37,  4.22s/it]
 67%|ΓûêΓûêΓûêΓûêΓûêΓûêΓûï   | 3014/4500 [2:41:01<1:36:57,  3.91s/it]
 67%|ΓûêΓûêΓûêΓûêΓûêΓûêΓûï   | 3015/4500 [2:41:04<1:26:26,  3.49s/it]
 67%|ΓûêΓûêΓûêΓûêΓûêΓûêΓûï   | 3016/4500 [2:41:07<1:22:48,  3.35s/it]
 67%|ΓûêΓûêΓûêΓûêΓûêΓûêΓûï   | 3017/4500 [2:41:09<1:16:40,  3.10s/it]
 67%|ΓûêΓûêΓûêΓûêΓûêΓûêΓûï   | 3018/4500 [2:41:13<1:16:27,  3.10s/it]
 67%|ΓûêΓûêΓûêΓûêΓûêΓûêΓûï   | 3019/4500 [2:41:15<1:11:21,  2.89s/it]
 67%|ΓûêΓûêΓûêΓûêΓûêΓûêΓûï   | 3020/4500 [2:41:18<1:13:17,  2.97s/it]
 67%|ΓûêΓûêΓûêΓûêΓûêΓûêΓûï   | 3021/4500 [2:41:21<1:11:12,  2.89s/it]
 67%|ΓûêΓûêΓûêΓûêΓûêΓûêΓûï   | 3022/4500 [2:41:29<1:54:03,  4.63s/it]
 67%|ΓûêΓûêΓûêΓûêΓûêΓûêΓûï   | 3023/4500 [2:41:35<1:58:26,  4.81s/it]
 67%|ΓûêΓûêΓûêΓûêΓûêΓûêΓûï   | 3024/4500 [2:41:38<1:45:00,  4.27s/it]
 67%|ΓûêΓûêΓûêΓûêΓûêΓûêΓûï   | 3025/4500 [2:41:40<1:31:51,  3.74s/it]
 67%|ΓûêΓûêΓûêΓûêΓûêΓûêΓûï   | 3026/4500 [2:41:43<1:26:40,  3.53s/it]
 67%|ΓûêΓûêΓûêΓûêΓûêΓûêΓûï   | 3027/4500 [2:41:49<1:41:42,  4.14s/it]
 67%|ΓûêΓûêΓûêΓûêΓûêΓûêΓûï   | 3028/4500 [2:41:52<1:36:26,  3.93s/it]
 67%|ΓûêΓûêΓûêΓûêΓûêΓûêΓûï   | 3029/4500 [2:41:55<1:25:45,  3.50s/it]
 67%|ΓûêΓûêΓûêΓûêΓûêΓûêΓûï   | 3030/4500 [2:41:58<1:25:24,  3.49s/it]
 67%|ΓûêΓûêΓûêΓûêΓûêΓûêΓûï   | 3031/4500 [2:42:04<1:42:17,  4.18s/it]
 67%|ΓûêΓûêΓûêΓûêΓûêΓûêΓûï   | 3032/4500 [2:42:08<1:37:50,  4.00s/it]
 67%|ΓûêΓûêΓûêΓûêΓûêΓûêΓûï   | 3033/4500 [2:42:10<1:26:01,  3.52s/it]
 67%|ΓûêΓûêΓûêΓûêΓûêΓûêΓûï   | 3034/4500 [2:42:13<1:23:38,  3.42s/it]
 67%|ΓûêΓûêΓûêΓûêΓûêΓûêΓûï   | 3035/4500 [2:42:16<1:15:47,  3.10s/it]
 67%|ΓûêΓûêΓûêΓûêΓûêΓûêΓûï   | 3036/4500 [2:42:19<1:20:25,  3.30s/it]
 67%|ΓûêΓûêΓûêΓûêΓûêΓûêΓûï   | 3037/4500 [2:42:22<1:13:29,  3.01s/it]
 68%|ΓûêΓûêΓûêΓûêΓûêΓûêΓûè   | 3038/4500 [2:42:25<1:19:04,  3.25s/it]
 68%|ΓûêΓûêΓûêΓûêΓûêΓûêΓûè   | 3039/4500 [2:42:28<1:14:31,  3.06s/it]
 68%|ΓûêΓûêΓûêΓûêΓûêΓûêΓûè   | 3040/4500 [2:42:31<1:15:50,  3.12s/it]
 68%|ΓûêΓûêΓûêΓûêΓûêΓûêΓûè   | 3041/4500 [2:42:34<1:10:42,  2.91s/it]
 68%|ΓûêΓûêΓûêΓûêΓûêΓûêΓûè   | 3042/4500 [2:42:37<1:12:41,  2.99s/it]
 68%|ΓûêΓûêΓûêΓûêΓûêΓûêΓûè   | 3043/4500 [2:42:40<1:11:43,  2.95s/it]
 68%|ΓûêΓûêΓûêΓûêΓûêΓûêΓûè   | 3044/4500 [2:42:43<1:13:07,  3.01s/it]
 68%|ΓûêΓûêΓûêΓûêΓûêΓûêΓûè   | 3045/4500 [2:42:45<1:09:10,  2.85s/it]
 68%|ΓûêΓûêΓûêΓûêΓûêΓûêΓûè   | 3046/4500 [2:42:49<1:11:39,  2.96s/it]
 68%|ΓûêΓûêΓûêΓûêΓûêΓûêΓûè   | 3047/4500 [2:42:52<1:12:49,  3.01s/it]
 68%|ΓûêΓûêΓûêΓûêΓûêΓûêΓûè   | 3048/4500 [2:42:55<1:15:08,  3.10s/it]
 68%|ΓûêΓûêΓûêΓûêΓûêΓûêΓûè   | 3049/4500 [2:43:02<1:46:03,  4.39s/it]
 68%|ΓûêΓûêΓûêΓûêΓûêΓûêΓûè   | 3050/4500 [2:43:05<1:35:46,  3.96s/it]
 68%|ΓûêΓûêΓûêΓûêΓûêΓûêΓûè   | 3051/4500 [2:43:08<1:27:56,  3.64s/it]
 68%|ΓûêΓûêΓûêΓûêΓûêΓûêΓûè   | 3052/4500 [2:43:11<1:23:11,  3.45s/it]
 68%|ΓûêΓûêΓûêΓûêΓûêΓûêΓûè   | 3053/4500 [2:43:14<1:21:05,  3.36s/it]
 68%|ΓûêΓûêΓûêΓûêΓûêΓûêΓûè   | 3054/4500 [2:43:18<1:19:15,  3.29s/it]
 68%|ΓûêΓûêΓûêΓûêΓûêΓûêΓûè   | 3055/4500 [2:43:20<1:13:43,  3.06s/it]
 68%|ΓûêΓûêΓûêΓûêΓûêΓûêΓûè   | 3056/4500 [2:43:29<1:54:42,  4.77s/it]
 68%|ΓûêΓûêΓûêΓûêΓûêΓûêΓûè   | 3057/4500 [2:43:32<1:46:11,  4.42s/it]
 68%|ΓûêΓûêΓûêΓûêΓûêΓûêΓûè   | 3058/4500 [2:43:36<1:40:11,  4.17s/it]
 68%|ΓûêΓûêΓûêΓûêΓûêΓûêΓûè   | 3059/4500 [2:43:38<1:27:25,  3.64s/it]
 68%|ΓûêΓûêΓûêΓûêΓûêΓûêΓûè   | 3060/4500 [2:43:41<1:21:51,  3.41s/it]
 68%|ΓûêΓûêΓûêΓûêΓûêΓûêΓûè   | 3062/4500 [2:43:44<57:39,  2.41s/it]  
 68%|ΓûêΓûêΓûêΓûêΓûêΓûêΓûè   | 3063/4500 [2:43:47<1:02:07,  2.59s/it]
 68%|ΓûêΓûêΓûêΓûêΓûêΓûêΓûè   | 3064/4500 [2:43:50<1:03:18,  2.65s/it]
 68%|ΓûêΓûêΓûêΓûêΓûêΓûêΓûè   | 3065/4500 [2:43:53<1:04:47,  2.71s/it]
 68%|ΓûêΓûêΓûêΓûêΓûêΓûêΓûè   | 3066/4500 [2:43:55<1:03:11,  2.64s/it]
 68%|ΓûêΓûêΓûêΓûêΓûêΓûêΓûè   | 3067/4500 [2:43:59<1:11:09,  2.98s/it]
 68%|ΓûêΓûêΓûêΓûêΓûêΓûêΓûè   | 3068/4500 [2:44:03<1:15:26,  3.16s/it]
 68%|ΓûêΓûêΓûêΓûêΓûêΓûêΓûè   | 3069/4500 [2:44:06<1:14:16,  3.11s/it]
 68%|ΓûêΓûêΓûêΓûêΓûêΓûêΓûè   | 3070/4500 [2:44:08<1:09:22,  2.91s/it]
 68%|ΓûêΓûêΓûêΓûêΓûêΓûêΓûè   | 3071/4500 [2:44:11<1:11:17,  2.99s/it]
 68%|ΓûêΓûêΓûêΓûêΓûêΓûêΓûè   | 3072/4500 [2:44:14<1:08:25,  2.88s/it]
 68%|ΓûêΓûêΓûêΓûêΓûêΓûêΓûè   | 3073/4500 [2:44:17<1:09:31,  2.92s/it]
 68%|ΓûêΓûêΓûêΓûêΓûêΓûêΓûè   | 3074/4500 [2:44:19<1:05:35,  2.76s/it]
 68%|ΓûêΓûêΓûêΓûêΓûêΓûêΓûè   | 3075/4500 [2:44:23<1:12:30,  3.05s/it]
 68%|ΓûêΓûêΓûêΓûêΓûêΓûêΓûè   | 3076/4500 [2:44:26<1:10:04,  2.95s/it]
 68%|ΓûêΓûêΓûêΓûêΓûêΓûêΓûè   | 3077/4500 [2:44:29<1:11:18,  3.01s/it]
 68%|ΓûêΓûêΓûêΓûêΓûêΓûêΓûè   | 3078/4500 [2:44:31<1:07:36,  2.85s/it]
 68%|ΓûêΓûêΓûêΓûêΓûêΓûêΓûè   | 3079/4500 [2:44:34<1:10:05,  2.96s/it]
 68%|ΓûêΓûêΓûêΓûêΓûêΓûêΓûè   | 3080/4500 [2:44:40<1:28:04,  3.72s/it]
 68%|ΓûêΓûêΓûêΓûêΓûêΓûêΓûè   | 3081/4500 [2:44:44<1:31:11,  3.86s/it]
 68%|ΓûêΓûêΓûêΓûêΓûêΓûêΓûè   | 3082/4500 [2:44:50<1:47:36,  4.55s/it]
 69%|ΓûêΓûêΓûêΓûêΓûêΓûêΓûè   | 3083/4500 [2:44:53<1:37:25,  4.13s/it]
 69%|ΓûêΓûêΓûêΓûêΓûêΓûêΓûè   | 3084/4500 [2:44:56<1:25:10,  3.61s/it]
 69%|ΓûêΓûêΓûêΓûêΓûêΓûêΓûè   | 3085/4500 [2:44:59<1:24:09,  3.57s/it]
 69%|ΓûêΓûêΓûêΓûêΓûêΓûêΓûè   | 3086/4500 [2:45:02<1:16:39,  3.25s/it]
 69%|ΓûêΓûêΓûêΓûêΓûêΓûêΓûè   | 3087/4500 [2:45:05<1:17:43,  3.30s/it]
 69%|ΓûêΓûêΓûêΓûêΓûêΓûêΓûè   | 3088/4500 [2:45:08<1:10:51,  3.01s/it]
 69%|ΓûêΓûêΓûêΓûêΓûêΓûêΓûè   | 3089/4500 [2:45:11<1:12:28,  3.08s/it]
 69%|ΓûêΓûêΓûêΓûêΓûêΓûêΓûè   | 3090/4500 [2:45:13<1:07:53,  2.89s/it]
 69%|ΓûêΓûêΓûêΓûêΓûêΓûêΓûè   | 3091/4500 [2:45:17<1:13:33,  3.13s/it]
 69%|ΓûêΓûêΓûêΓûêΓûêΓûêΓûè   | 3092/4500 [2:45:20<1:10:16,  2.99s/it]
 69%|ΓûêΓûêΓûêΓûêΓûêΓûêΓûè   | 3093/4500 [2:45:26<1:35:24,  4.07s/it]
 69%|ΓûêΓûêΓûêΓûêΓûêΓûêΓûë   | 3094/4500 [2:45:29<1:23:18,  3.56s/it]
 69%|ΓûêΓûêΓûêΓûêΓûêΓûêΓûë   | 3095/4500 [2:45:34<1:39:35,  4.25s/it]
 69%|ΓûêΓûêΓûêΓûêΓûêΓûêΓûë   | 3096/4500 [2:45:37<1:26:33,  3.70s/it]
 69%|ΓûêΓûêΓûêΓûêΓûêΓûêΓûë   | 3097/4500 [2:45:40<1:22:52,  3.54s/it]
 69%|ΓûêΓûêΓûêΓûêΓûêΓûêΓûë   | 3098/4500 [2:45:43<1:16:11,  3.26s/it]
 69%|ΓûêΓûêΓûêΓûêΓûêΓûêΓûë   | 3099/4500 [2:45:46<1:14:30,  3.19s/it]
 69%|ΓûêΓûêΓûêΓûêΓûêΓûêΓûë   | 3100/4500 [2:45:48<1:09:34,  2.98s/it]
 69%|ΓûêΓûêΓûêΓûêΓûêΓûêΓûë   | 3101/4500 [2:45:52<1:15:51,  3.25s/it]
 69%|ΓûêΓûêΓûêΓûêΓûêΓûêΓûë   | 3102/4500 [2:45:55<1:11:51,  3.08s/it]
 69%|ΓûêΓûêΓûêΓûêΓûêΓûêΓûë   | 3103/4500 [2:46:02<1:42:02,  4.38s/it]
 69%|ΓûêΓûêΓûêΓûêΓûêΓûêΓûë   | 3104/4500 [2:46:05<1:28:39,  3.81s/it]
 69%|ΓûêΓûêΓûêΓûêΓûêΓûêΓûë   | 3105/4500 [2:46:08<1:24:11,  3.62s/it]
 69%|ΓûêΓûêΓûêΓûêΓûêΓûêΓûë   | 3106/4500 [2:46:10<1:15:44,  3.26s/it]
 69%|ΓûêΓûêΓûêΓûêΓûêΓûêΓûë   | 3108/4500 [2:46:14<1:00:49,  2.62s/it]
 69%|ΓûêΓûêΓûêΓûêΓûêΓûêΓûë   | 3109/4500 [2:46:17<1:01:27,  2.65s/it]
 69%|ΓûêΓûêΓûêΓûêΓûêΓûêΓûë   | 3110/4500 [2:46:20<1:04:29,  2.78s/it]
 69%|ΓûêΓûêΓûêΓûêΓûêΓûêΓûë   | 3111/4500 [2:46:22<1:02:00,  2.68s/it]
 69%|ΓûêΓûêΓûêΓûêΓûêΓûêΓûë   | 3112/4500 [2:46:26<1:06:51,  2.89s/it]
 69%|ΓûêΓûêΓûêΓûêΓûêΓûêΓûë   | 3113/4500 [2:46:28<1:04:14,  2.78s/it]
 69%|ΓûêΓûêΓûêΓûêΓûêΓûêΓûë   | 3114/4500 [2:46:32<1:09:20,  3.00s/it]
 69%|ΓûêΓûêΓûêΓûêΓûêΓûêΓûë   | 3115/4500 [2:46:34<1:06:52,  2.90s/it]
 69%|ΓûêΓûêΓûêΓûêΓûêΓûêΓûë   | 3116/4500 [2:46:37<1:07:08,  2.91s/it]
 69%|ΓûêΓûêΓûêΓûêΓûêΓûêΓûë   | 3117/4500 [2:46:40<1:03:33,  2.76s/it]
 69%|ΓûêΓûêΓûêΓûêΓûêΓûêΓûë   | 3118/4500 [2:46:47<1:36:00,  4.17s/it]
 69%|ΓûêΓûêΓûêΓûêΓûêΓûêΓûë   | 3119/4500 [2:46:50<1:26:42,  3.77s/it]
 69%|ΓûêΓûêΓûêΓûêΓûêΓûêΓûë   | 3120/4500 [2:46:53<1:21:06,  3.53s/it]
 69%|ΓûêΓûêΓûêΓûêΓûêΓûêΓûë   | 3121/4500 [2:46:55<1:13:31,  3.20s/it]
 69%|ΓûêΓûêΓûêΓûêΓûêΓûêΓûë   | 3122/4500 [2:46:59<1:13:22,  3.19s/it]
 69%|ΓûêΓûêΓûêΓûêΓûêΓûêΓûë   | 3123/4500 [2:47:01<1:09:07,  3.01s/it]
 69%|ΓûêΓûêΓûêΓûêΓûêΓûêΓûë   | 3124/4500 [2:47:04<1:10:00,  3.05s/it]
 69%|ΓûêΓûêΓûêΓûêΓûêΓûêΓûë   | 3125/4500 [2:47:07<1:04:49,  2.83s/it]
 69%|ΓûêΓûêΓûêΓûêΓûêΓûêΓûë   | 3126/4500 [2:47:10<1:10:05,  3.06s/it]
 69%|ΓûêΓûêΓûêΓûêΓûêΓûêΓûë   | 3127/4500 [2:47:13<1:04:52,  2.84s/it]
 70%|ΓûêΓûêΓûêΓûêΓûêΓûêΓûë   | 3128/4500 [2:47:16<1:10:10,  3.07s/it]
 70%|ΓûêΓûêΓûêΓûêΓûêΓûêΓûë   | 3129/4500 [2:47:19<1:07:40,  2.96s/it]
 70%|ΓûêΓûêΓûêΓûêΓûêΓûêΓûë   | 3130/4500 [2:47:23<1:12:36,  3.18s/it]
 70%|ΓûêΓûêΓûêΓûêΓûêΓûêΓûë   | 3131/4500 [2:47:25<1:08:22,  3.00s/it]
 70%|ΓûêΓûêΓûêΓûêΓûêΓûêΓûë   | 3132/4500 [2:47:28<1:09:11,  3.03s/it]
 70%|ΓûêΓûêΓûêΓûêΓûêΓûêΓûë   | 3133/4500 [2:47:33<1:22:47,  3.63s/it]
 70%|ΓûêΓûêΓûêΓûêΓûêΓûêΓûë   | 3134/4500 [2:47:36<1:19:27,  3.49s/it]
 70%|ΓûêΓûêΓûêΓûêΓûêΓûêΓûë   | 3135/4500 [2:47:39<1:14:45,  3.29s/it]
 70%|ΓûêΓûêΓûêΓûêΓûêΓûêΓûë   | 3136/4500 [2:47:43<1:14:06,  3.26s/it]
 70%|ΓûêΓûêΓûêΓûêΓûêΓûêΓûë   | 3137/4500 [2:47:45<1:10:17,  3.09s/it]
 70%|ΓûêΓûêΓûêΓûêΓûêΓûêΓûë   | 3138/4500 [2:47:48<1:09:47,  3.07s/it]
 70%|ΓûêΓûêΓûêΓûêΓûêΓûêΓûë   | 3139/4500 [2:47:51<1:06:55,  2.95s/it]
 70%|ΓûêΓûêΓûêΓûêΓûêΓûêΓûë   | 3140/4500 [2:47:54<1:08:43,  3.03s/it]
 70%|ΓûêΓûêΓûêΓûêΓûêΓûêΓûë   | 3141/4500 [2:47:57<1:05:20,  2.88s/it]
 70%|ΓûêΓûêΓûêΓûêΓûêΓûêΓûë   | 3142/4500 [2:48:03<1:28:47,  3.92s/it]
 70%|ΓûêΓûêΓûêΓûêΓûêΓûêΓûë   | 3143/4500 [2:48:06<1:20:35,  3.56s/it]
 70%|ΓûêΓûêΓûêΓûêΓûêΓûêΓûë   | 3144/4500 [2:48:09<1:17:39,  3.44s/it]
 70%|ΓûêΓûêΓûêΓûêΓûêΓûêΓûë   | 3145/4500 [2:48:11<1:10:23,  3.12s/it]
 70%|ΓûêΓûêΓûêΓûêΓûêΓûêΓûë   | 3146/4500 [2:48:15<1:11:49,  3.18s/it]
 70%|ΓûêΓûêΓûêΓûêΓûêΓûêΓûë   | 3147/4500 [2:48:17<1:05:46,  2.92s/it]
 70%|ΓûêΓûêΓûêΓûêΓûêΓûêΓûë   | 3148/4500 [2:48:20<1:05:46,  2.92s/it]
 70%|ΓûêΓûêΓûêΓûêΓûêΓûêΓûë   | 3149/4500 [2:48:22<1:01:35,  2.74s/it]
 70%|ΓûêΓûêΓûêΓûêΓûêΓûêΓûê   | 3150/4500 [2:48:25<1:04:08,  2.85s/it]
 70%|ΓûêΓûêΓûêΓûêΓûêΓûêΓûê   | 3151/4500 [2:48:29<1:08:08,  3.03s/it]
 70%|ΓûêΓûêΓûêΓûêΓûêΓûêΓûê   | 3152/4500 [2:48:32<1:09:14,  3.08s/it]
 70%|ΓûêΓûêΓûêΓûêΓûêΓûêΓûê   | 3153/4500 [2:48:35<1:10:22,  3.13s/it]
 70%|ΓûêΓûêΓûêΓûêΓûêΓûêΓûê   | 3154/4500 [2:48:42<1:32:36,  4.13s/it]
 70%|ΓûêΓûêΓûêΓûêΓûêΓûêΓûê   | 3155/4500 [2:48:44<1:20:54,  3.61s/it]
 70%|ΓûêΓûêΓûêΓûêΓûêΓûêΓûê   | 3156/4500 [2:48:47<1:17:59,  3.48s/it]
 70%|ΓûêΓûêΓûêΓûêΓûêΓûêΓûê   | 3157/4500 [2:48:50<1:13:19,  3.28s/it]
 70%|ΓûêΓûêΓûêΓûêΓûêΓûêΓûê   | 3158/4500 [2:48:58<1:45:32,  4.72s/it]
 70%|ΓûêΓûêΓûêΓûêΓûêΓûêΓûê   | 3159/4500 [2:49:01<1:31:11,  4.08s/it]
 70%|ΓûêΓûêΓûêΓûêΓûêΓûêΓûê   | 3160/4500 [2:49:05<1:31:19,  4.09s/it]
 70%|ΓûêΓûêΓûêΓûêΓûêΓûêΓûê   | 3161/4500 [2:49:08<1:27:58,  3.94s/it]
 70%|ΓûêΓûêΓûêΓûêΓûêΓûêΓûê   | 3162/4500 [2:49:13<1:29:34,  4.02s/it]
 70%|ΓûêΓûêΓûêΓûêΓûêΓûêΓûê   | 3163/4500 [2:49:15<1:19:13,  3.56s/it]
 70%|ΓûêΓûêΓûêΓûêΓûêΓûêΓûê   | 3164/4500 [2:49:18<1:16:16,  3.43s/it]
 70%|ΓûêΓûêΓûêΓûêΓûêΓûêΓûê   | 3165/4500 [2:49:21<1:14:00,  3.33s/it]
 70%|ΓûêΓûêΓûêΓûêΓûêΓûêΓûê   | 3166/4500 [2:49:25<1:14:14,  3.34s/it]
 70%|ΓûêΓûêΓûêΓûêΓûêΓûêΓûê   | 3168/4500 [2:49:27<53:00,  2.39s/it]  
 70%|ΓûêΓûêΓûêΓûêΓûêΓûêΓûê   | 3169/4500 [2:49:31<1:00:21,  2.72s/it]
 70%|ΓûêΓûêΓûêΓûêΓûêΓûêΓûê   | 3170/4500 [2:49:33<58:30,  2.64s/it]  
 70%|ΓûêΓûêΓûêΓûêΓûêΓûêΓûê   | 3171/4500 [2:49:36<1:00:05,  2.71s/it]
 70%|ΓûêΓûêΓûêΓûêΓûêΓûêΓûê   | 3172/4500 [2:49:39<57:37,  2.60s/it]  
 71%|ΓûêΓûêΓûêΓûêΓûêΓûêΓûê   | 3173/4500 [2:49:41<59:48,  2.70s/it]
 71%|ΓûêΓûêΓûêΓûêΓûêΓûêΓûê   | 3174/4500 [2:49:47<1:16:53,  3.48s/it]
 71%|ΓûêΓûêΓûêΓûêΓûêΓûêΓûê   | 3175/4500 [2:49:50<1:17:41,  3.52s/it]
 71%|ΓûêΓûêΓûêΓûêΓûêΓûêΓûê   | 3176/4500 [2:49:53<1:12:23,  3.28s/it]
 71%|ΓûêΓûêΓûêΓûêΓûêΓûêΓûê   | 3177/4500 [2:50:01<1:42:28,  4.65s/it]
 71%|ΓûêΓûêΓûêΓûêΓûêΓûêΓûê   | 3178/4500 [2:50:04<1:31:42,  4.16s/it]
 71%|ΓûêΓûêΓûêΓûêΓûêΓûêΓûê   | 3179/4500 [2:50:07<1:25:06,  3.87s/it]
 71%|ΓûêΓûêΓûêΓûêΓûêΓûêΓûê   | 3180/4500 [2:50:10<1:17:40,  3.53s/it]
 71%|ΓûêΓûêΓûêΓûêΓûêΓûêΓûê   | 3181/4500 [2:50:13<1:13:22,  3.34s/it]
 71%|ΓûêΓûêΓûêΓûêΓûêΓûêΓûê   | 3182/4500 [2:50:15<1:08:25,  3.12s/it]
 71%|ΓûêΓûêΓûêΓûêΓûêΓûêΓûê   | 3183/4500 [2:50:19<1:08:40,  3.13s/it]
 71%|ΓûêΓûêΓûêΓûêΓûêΓûêΓûê   | 3184/4500 [2:50:21<1:04:08,  2.92s/it]
 71%|ΓûêΓûêΓûêΓûêΓûêΓûêΓûê   | 3185/4500 [2:50:24<1:05:46,  3.00s/it]
 71%|ΓûêΓûêΓûêΓûêΓûêΓûêΓûê   | 3186/4500 [2:50:27<1:02:34,  2.86s/it]
 71%|ΓûêΓûêΓûêΓûêΓûêΓûêΓûê   | 3187/4500 [2:50:33<1:23:21,  3.81s/it]
 71%|ΓûêΓûêΓûêΓûêΓûêΓûêΓûê   | 3188/4500 [2:50:35<1:13:30,  3.36s/it]
 71%|ΓûêΓûêΓûêΓûêΓûêΓûêΓûê   | 3189/4500 [2:50:39<1:14:04,  3.39s/it]
 71%|ΓûêΓûêΓûêΓûêΓûêΓûêΓûê   | 3190/4500 [2:50:41<1:09:35,  3.19s/it]
 71%|ΓûêΓûêΓûêΓûêΓûêΓûêΓûê   | 3191/4500 [2:50:45<1:11:53,  3.30s/it]
 71%|ΓûêΓûêΓûêΓûêΓûêΓûêΓûê   | 3192/4500 [2:50:47<1:07:00,  3.07s/it]
 71%|ΓûêΓûêΓûêΓûêΓûêΓûêΓûê   | 3193/4500 [2:50:51<1:11:47,  3.30s/it]
 71%|ΓûêΓûêΓûêΓûêΓûêΓûêΓûê   | 3194/4500 [2:50:54<1:06:06,  3.04s/it]
 71%|ΓûêΓûêΓûêΓûêΓûêΓûêΓûê   | 3195/4500 [2:50:58<1:12:07,  3.32s/it]
 71%|ΓûêΓûêΓûêΓûêΓûêΓûêΓûê   | 3196/4500 [2:51:00<1:06:52,  3.08s/it]
 71%|ΓûêΓûêΓûêΓûêΓûêΓûêΓûê   | 3197/4500 [2:51:07<1:30:58,  4.19s/it]
 71%|ΓûêΓûêΓûêΓûêΓûêΓûêΓûê   | 3198/4500 [2:51:10<1:22:08,  3.79s/it]
 71%|ΓûêΓûêΓûêΓûêΓûêΓûêΓûê   | 3199/4500 [2:51:13<1:18:58,  3.64s/it]
 71%|ΓûêΓûêΓûêΓûêΓûêΓûêΓûê   | 3200/4500 [2:51:16<1:11:04,  3.28s/it]
 71%|ΓûêΓûêΓûêΓûêΓûêΓûêΓûê   | 3201/4500 [2:51:19<1:10:23,  3.25s/it]
 71%|ΓûêΓûêΓûêΓûêΓûêΓûêΓûê   | 3202/4500 [2:51:21<1:04:56,  3.00s/it]
 71%|ΓûêΓûêΓûêΓûêΓûêΓûêΓûê   | 3203/4500 [2:51:25<1:08:57,  3.19s/it]
 71%|ΓûêΓûêΓûêΓûêΓûêΓûêΓûê   | 3204/4500 [2:51:27<1:03:05,  2.92s/it]
 71%|ΓûêΓûêΓûêΓûêΓûêΓûêΓûê   | 3205/4500 [2:51:30<1:05:38,  3.04s/it]
 71%|ΓûêΓûêΓûêΓûêΓûêΓûêΓûê   | 3206/4500 [2:51:33<1:01:25,  2.85s/it]
 71%|ΓûêΓûêΓûêΓûêΓûêΓûêΓûêΓûÅ  | 3207/4500 [2:51:36<1:06:22,  3.08s/it]
 71%|ΓûêΓûêΓûêΓûêΓûêΓûêΓûêΓûÅ  | 3208/4500 [2:51:40<1:07:54,  3.15s/it]
 71%|ΓûêΓûêΓûêΓûêΓûêΓûêΓûêΓûÅ  | 3209/4500 [2:51:43<1:11:36,  3.33s/it]
 71%|ΓûêΓûêΓûêΓûêΓûêΓûêΓûêΓûÅ  | 3210/4500 [2:51:46<1:06:13,  3.08s/it]
 71%|ΓûêΓûêΓûêΓûêΓûêΓûêΓûêΓûÅ  | 3211/4500 [2:51:49<1:09:03,  3.21s/it]
 71%|ΓûêΓûêΓûêΓûêΓûêΓûêΓûêΓûÅ  | 3212/4500 [2:51:53<1:09:45,  3.25s/it]
 71%|ΓûêΓûêΓûêΓûêΓûêΓûêΓûêΓûÅ  | 3213/4500 [2:51:56<1:10:32,  3.29s/it]
 71%|ΓûêΓûêΓûêΓûêΓûêΓûêΓûêΓûÅ  | 3214/4500 [2:51:59<1:05:22,  3.05s/it]
 71%|ΓûêΓûêΓûêΓûêΓûêΓûêΓûêΓûÅ  | 3215/4500 [2:52:02<1:08:25,  3.19s/it]
 71%|ΓûêΓûêΓûêΓûêΓûêΓûêΓûêΓûÅ  | 3216/4500 [2:52:09<1:28:15,  4.12s/it]
 71%|ΓûêΓûêΓûêΓûêΓûêΓûêΓûêΓûÅ  | 3217/4500 [2:52:12<1:21:31,  3.81s/it]
 72%|ΓûêΓûêΓûêΓûêΓûêΓûêΓûêΓûÅ  | 3218/4500 [2:52:14<1:13:16,  3.43s/it]
 72%|ΓûêΓûêΓûêΓûêΓûêΓûêΓûêΓûÅ  | 3219/4500 [2:52:17<1:11:37,  3.36s/it]
 72%|ΓûêΓûêΓûêΓûêΓûêΓûêΓûêΓûÅ  | 3220/4500 [2:52:20<1:05:17,  3.06s/it]
 72%|ΓûêΓûêΓûêΓûêΓûêΓûêΓûêΓûÅ  | 3221/4500 [2:52:23<1:07:10,  3.15s/it]
 72%|ΓûêΓûêΓûêΓûêΓûêΓûêΓûêΓûÅ  | 3222/4500 [2:52:26<1:04:00,  3.01s/it]
 72%|ΓûêΓûêΓûêΓûêΓûêΓûêΓûêΓûÅ  | 3223/4500 [2:52:29<1:05:00,  3.05s/it]
 72%|ΓûêΓûêΓûêΓûêΓûêΓûêΓûêΓûÅ  | 3224/4500 [2:52:32<1:02:31,  2.94s/it]
 72%|ΓûêΓûêΓûêΓûêΓûêΓûêΓûêΓûÅ  | 3225/4500 [2:52:35<1:03:22,  2.98s/it]
 72%|ΓûêΓûêΓûêΓûêΓûêΓûêΓûêΓûÅ  | 3226/4500 [2:52:38<1:03:47,  3.00s/it]
 72%|ΓûêΓûêΓûêΓûêΓûêΓûêΓûêΓûÅ  | 3227/4500 [2:52:41<1:05:09,  3.07s/it]
 72%|ΓûêΓûêΓûêΓûêΓûêΓûêΓûêΓûÅ  | 3228/4500 [2:52:43<1:01:25,  2.90s/it]
 72%|ΓûêΓûêΓûêΓûêΓûêΓûêΓûêΓûÅ  | 3229/4500 [2:52:47<1:07:01,  3.16s/it]
 72%|ΓûêΓûêΓûêΓûêΓûêΓûêΓûêΓûÅ  | 3230/4500 [2:52:50<1:03:38,  3.01s/it]
 72%|ΓûêΓûêΓûêΓûêΓûêΓûêΓûêΓûÅ  | 3231/4500 [2:52:55<1:16:55,  3.64s/it]
 72%|ΓûêΓûêΓûêΓûêΓûêΓûêΓûêΓûÅ  | 3232/4500 [2:52:58<1:11:58,  3.41s/it]
 72%|ΓûêΓûêΓûêΓûêΓûêΓûêΓûêΓûÅ  | 3233/4500 [2:53:01<1:09:11,  3.28s/it]
 72%|ΓûêΓûêΓûêΓûêΓûêΓûêΓûêΓûÅ  | 3234/4500 [2:53:03<1:04:49,  3.07s/it]
 72%|ΓûêΓûêΓûêΓûêΓûêΓûêΓûêΓûÅ  | 3235/4500 [2:53:06<1:04:07,  3.04s/it]
 72%|ΓûêΓûêΓûêΓûêΓûêΓûêΓûêΓûÅ  | 3236/4500 [2:53:09<59:21,  2.82s/it]  
 72%|ΓûêΓûêΓûêΓûêΓûêΓûêΓûêΓûÅ  | 3237/4500 [2:53:12<1:00:08,  2.86s/it]
 72%|ΓûêΓûêΓûêΓûêΓûêΓûêΓûêΓûÅ  | 3238/4500 [2:53:14<57:05,  2.71s/it]  
 72%|ΓûêΓûêΓûêΓûêΓûêΓûêΓûêΓûÅ  | 3239/4500 [2:53:18<1:02:28,  2.97s/it]
 72%|ΓûêΓûêΓûêΓûêΓûêΓûêΓûêΓûÅ  | 3240/4500 [2:53:20<1:00:41,  2.89s/it]
 72%|ΓûêΓûêΓûêΓûêΓûêΓûêΓûêΓûÅ  | 3241/4500 [2:53:24<1:05:39,  3.13s/it]
 72%|ΓûêΓûêΓûêΓûêΓûêΓûêΓûêΓûÅ  | 3242/4500 [2:53:26<1:00:35,  2.89s/it]
 72%|ΓûêΓûêΓûêΓûêΓûêΓûêΓûêΓûÅ  | 3243/4500 [2:53:30<1:04:57,  3.10s/it]
 72%|ΓûêΓûêΓûêΓûêΓûêΓûêΓûêΓûÅ  | 3244/4500 [2:53:32<1:00:18,  2.88s/it]
 72%|ΓûêΓûêΓûêΓûêΓûêΓûêΓûêΓûÅ  | 3245/4500 [2:53:36<1:02:54,  3.01s/it]
 72%|ΓûêΓûêΓûêΓûêΓûêΓûêΓûêΓûÅ  | 3246/4500 [2:53:41<1:21:11,  3.88s/it]
 72%|ΓûêΓûêΓûêΓûêΓûêΓûêΓûêΓûÅ  | 3247/4500 [2:53:45<1:16:43,  3.67s/it]
 72%|ΓûêΓûêΓûêΓûêΓûêΓûêΓûêΓûÅ  | 3248/4500 [2:53:47<1:09:52,  3.35s/it]
 72%|ΓûêΓûêΓûêΓûêΓûêΓûêΓûêΓûÅ  | 3249/4500 [2:53:50<1:08:29,  3.28s/it]
 72%|ΓûêΓûêΓûêΓûêΓûêΓûêΓûêΓûÅ  | 3250/4500 [2:53:54<1:07:50,  3.26s/it]
 72%|ΓûêΓûêΓûêΓûêΓûêΓûêΓûêΓûÅ  | 3251/4500 [2:53:57<1:06:56,  3.22s/it]
 72%|ΓûêΓûêΓûêΓûêΓûêΓûêΓûêΓûÅ  | 3252/4500 [2:53:59<1:01:46,  2.97s/it]
 72%|ΓûêΓûêΓûêΓûêΓûêΓûêΓûêΓûÅ  | 3253/4500 [2:54:02<1:01:14,  2.95s/it]
 72%|ΓûêΓûêΓûêΓûêΓûêΓûêΓûêΓûÅ  | 3254/4500 [2:54:05<59:38,  2.87s/it]  
 72%|ΓûêΓûêΓûêΓûêΓûêΓûêΓûêΓûÅ  | 3255/4500 [2:54:08<1:02:06,  2.99s/it]
 72%|ΓûêΓûêΓûêΓûêΓûêΓûêΓûêΓûÅ  | 3256/4500 [2:54:10<58:36,  2.83s/it]  
 72%|ΓûêΓûêΓûêΓûêΓûêΓûêΓûêΓûÅ  | 3257/4500 [2:54:14<1:01:14,  2.96s/it]
 72%|ΓûêΓûêΓûêΓûêΓûêΓûêΓûêΓûÅ  | 3258/4500 [2:54:16<59:07,  2.86s/it]  
 72%|ΓûêΓûêΓûêΓûêΓûêΓûêΓûêΓûÅ  | 3259/4500 [2:54:20<1:05:09,  3.15s/it]
 72%|ΓûêΓûêΓûêΓûêΓûêΓûêΓûêΓûÅ  | 3260/4500 [2:54:23<1:05:07,  3.15s/it]
 72%|ΓûêΓûêΓûêΓûêΓûêΓûêΓûêΓûÅ  | 3261/4500 [2:54:26<1:05:32,  3.17s/it]
 72%|ΓûêΓûêΓûêΓûêΓûêΓûêΓûêΓûÅ  | 3262/4500 [2:54:29<1:01:15,  2.97s/it]
 73%|ΓûêΓûêΓûêΓûêΓûêΓûêΓûêΓûÄ  | 3263/4500 [2:54:32<1:02:10,  3.02s/it]
 73%|ΓûêΓûêΓûêΓûêΓûêΓûêΓûêΓûÄ  | 3264/4500 [2:54:35<1:01:21,  2.98s/it]
 73%|ΓûêΓûêΓûêΓûêΓûêΓûêΓûêΓûÄ  | 3265/4500 [2:54:38<1:00:50,  2.96s/it]
 73%|ΓûêΓûêΓûêΓûêΓûêΓûêΓûêΓûÄ  | 3266/4500 [2:54:41<1:00:06,  2.92s/it]
 73%|ΓûêΓûêΓûêΓûêΓûêΓûêΓûêΓûÄ  | 3267/4500 [2:54:45<1:05:49,  3.20s/it]
 73%|ΓûêΓûêΓûêΓûêΓûêΓûêΓûêΓûÄ  | 3268/4500 [2:54:51<1:22:48,  4.03s/it]
 73%|ΓûêΓûêΓûêΓûêΓûêΓûêΓûêΓûÄ  | 3269/4500 [2:54:54<1:19:06,  3.86s/it]
 73%|ΓûêΓûêΓûêΓûêΓûêΓûêΓûêΓûÄ  | 3270/4500 [2:54:56<1:05:16,  3.18s/it]
 73%|ΓûêΓûêΓûêΓûêΓûêΓûêΓûêΓûÄ  | 3271/4500 [2:55:00<1:10:51,  3.46s/it]
 73%|ΓûêΓûêΓûêΓûêΓûêΓûêΓûêΓûÄ  | 3272/4500 [2:55:06<1:28:35,  4.33s/it]
 73%|ΓûêΓûêΓûêΓûêΓûêΓûêΓûêΓûÄ  | 3273/4500 [2:55:10<1:24:15,  4.12s/it]
 73%|ΓûêΓûêΓûêΓûêΓûêΓûêΓûêΓûÄ  | 3274/4500 [2:55:12<1:13:55,  3.62s/it]
 73%|ΓûêΓûêΓûêΓûêΓûêΓûêΓûêΓûÄ  | 3275/4500 [2:55:15<1:08:40,  3.36s/it]
 73%|ΓûêΓûêΓûêΓûêΓûêΓûêΓûêΓûÄ  | 3276/4500 [2:55:18<1:05:31,  3.21s/it]
 73%|ΓûêΓûêΓûêΓûêΓûêΓûêΓûêΓûÄ  | 3277/4500 [2:55:21<1:04:58,  3.19s/it]
 73%|ΓûêΓûêΓûêΓûêΓûêΓûêΓûêΓûÄ  | 3278/4500 [2:55:23<1:00:24,  2.97s/it]
 73%|ΓûêΓûêΓûêΓûêΓûêΓûêΓûêΓûÄ  | 3279/4500 [2:55:27<1:01:32,  3.02s/it]
 73%|ΓûêΓûêΓûêΓûêΓûêΓûêΓûêΓûÄ  | 3280/4500 [2:55:30<1:05:14,  3.21s/it]
 73%|ΓûêΓûêΓûêΓûêΓûêΓûêΓûêΓûÄ  | 3281/4500 [2:55:33<1:04:15,  3.16s/it]
 73%|ΓûêΓûêΓûêΓûêΓûêΓûêΓûêΓûÄ  | 3282/4500 [2:55:36<1:00:05,  2.96s/it]
 73%|ΓûêΓûêΓûêΓûêΓûêΓûêΓûêΓûÄ  | 3283/4500 [2:55:39<59:40,  2.94s/it]  
 73%|ΓûêΓûêΓûêΓûêΓûêΓûêΓûêΓûÄ  | 3284/4500 [2:55:41<56:45,  2.80s/it]
 73%|ΓûêΓûêΓûêΓûêΓûêΓûêΓûêΓûÄ  | 3285/4500 [2:55:45<1:03:50,  3.15s/it]
 73%|ΓûêΓûêΓûêΓûêΓûêΓûêΓûêΓûÄ  | 3286/4500 [2:55:48<1:01:27,  3.04s/it]
 73%|ΓûêΓûêΓûêΓûêΓûêΓûêΓûêΓûÄ  | 3287/4500 [2:55:52<1:08:28,  3.39s/it]
 73%|ΓûêΓûêΓûêΓûêΓûêΓûêΓûêΓûÄ  | 3288/4500 [2:55:55<1:04:16,  3.18s/it]
 73%|ΓûêΓûêΓûêΓûêΓûêΓûêΓûêΓûÄ  | 3289/4500 [2:55:59<1:08:40,  3.40s/it]
 73%|ΓûêΓûêΓûêΓûêΓûêΓûêΓûêΓûÄ  | 3290/4500 [2:56:01<1:01:51,  3.07s/it]
 73%|ΓûêΓûêΓûêΓûêΓûêΓûêΓûêΓûÄ  | 3291/4500 [2:56:05<1:08:11,  3.38s/it]
 73%|ΓûêΓûêΓûêΓûêΓûêΓûêΓûêΓûÄ  | 3292/4500 [2:56:08<1:05:11,  3.24s/it]
 73%|ΓûêΓûêΓûêΓûêΓûêΓûêΓûêΓûÄ  | 3293/4500 [2:56:12<1:09:43,  3.47s/it]
 73%|ΓûêΓûêΓûêΓûêΓûêΓûêΓûêΓûÄ  | 3294/4500 [2:56:15<1:04:37,  3.21s/it]
 73%|ΓûêΓûêΓûêΓûêΓûêΓûêΓûêΓûÄ  | 3295/4500 [2:56:22<1:29:00,  4.43s/it]
 73%|ΓûêΓûêΓûêΓûêΓûêΓûêΓûêΓûÄ  | 3296/4500 [2:56:25<1:19:11,  3.95s/it]
 73%|ΓûêΓûêΓûêΓûêΓûêΓûêΓûêΓûÄ  | 3297/4500 [2:56:28<1:16:19,  3.81s/it]
 73%|ΓûêΓûêΓûêΓûêΓûêΓûêΓûêΓûÄ  | 3298/4500 [2:56:31<1:07:35,  3.37s/it]
 73%|ΓûêΓûêΓûêΓûêΓûêΓûêΓûêΓûÄ  | 3299/4500 [2:56:34<1:07:15,  3.36s/it]
 73%|ΓûêΓûêΓûêΓûêΓûêΓûêΓûêΓûÄ  | 3300/4500 [2:56:37<1:03:25,  3.17s/it]
 73%|ΓûêΓûêΓûêΓûêΓûêΓûêΓûêΓûÄ  | 3301/4500 [2:56:40<1:06:58,  3.35s/it]
 73%|ΓûêΓûêΓûêΓûêΓûêΓûêΓûêΓûÄ  | 3302/4500 [2:56:43<1:01:16,  3.07s/it]
 73%|ΓûêΓûêΓûêΓûêΓûêΓûêΓûêΓûÄ  | 3303/4500 [2:56:46<1:02:20,  3.13s/it]
 73%|ΓûêΓûêΓûêΓûêΓûêΓûêΓûêΓûÄ  | 3304/4500 [2:56:49<59:10,  2.97s/it]  
 73%|ΓûêΓûêΓûêΓûêΓûêΓûêΓûêΓûÄ  | 3305/4500 [2:56:52<1:02:30,  3.14s/it]
 73%|ΓûêΓûêΓûêΓûêΓûêΓûêΓûêΓûÄ  | 3306/4500 [2:56:55<58:20,  2.93s/it]  
 73%|ΓûêΓûêΓûêΓûêΓûêΓûêΓûêΓûÄ  | 3307/4500 [2:56:58<1:02:41,  3.15s/it]
 74%|ΓûêΓûêΓûêΓûêΓûêΓûêΓûêΓûÄ  | 3308/4500 [2:57:01<58:12,  2.93s/it]  
 74%|ΓûêΓûêΓûêΓûêΓûêΓûêΓûêΓûÄ  | 3309/4500 [2:57:04<59:23,  2.99s/it]
 74%|ΓûêΓûêΓûêΓûêΓûêΓûêΓûêΓûÄ  | 3310/4500 [2:57:06<56:22,  2.84s/it]
 74%|ΓûêΓûêΓûêΓûêΓûêΓûêΓûêΓûÄ  | 3311/4500 [2:57:10<1:00:35,  3.06s/it]
 74%|ΓûêΓûêΓûêΓûêΓûêΓûêΓûêΓûÄ  | 3312/4500 [2:57:12<55:33,  2.81s/it]  
 74%|ΓûêΓûêΓûêΓûêΓûêΓûêΓûêΓûÄ  | 3313/4500 [2:57:16<1:02:27,  3.16s/it]
 74%|ΓûêΓûêΓûêΓûêΓûêΓûêΓûêΓûÄ  | 3314/4500 [2:57:19<58:52,  2.98s/it]  
 74%|ΓûêΓûêΓûêΓûêΓûêΓûêΓûêΓûÄ  | 3315/4500 [2:57:22<1:00:08,  3.04s/it]
 74%|ΓûêΓûêΓûêΓûêΓûêΓûêΓûêΓûÄ  | 3316/4500 [2:57:24<57:29,  2.91s/it]  
 74%|ΓûêΓûêΓûêΓûêΓûêΓûêΓûêΓûÄ  | 3317/4500 [2:57:28<1:02:40,  3.18s/it]
 74%|ΓûêΓûêΓûêΓûêΓûêΓûêΓûêΓûÄ  | 3318/4500 [2:57:31<57:57,  2.94s/it]  
 74%|ΓûêΓûêΓûêΓûêΓûêΓûêΓûêΓûì  | 3319/4500 [2:57:34<59:17,  3.01s/it]
 74%|ΓûêΓûêΓûêΓûêΓûêΓûêΓûêΓûì  | 3320/4500 [2:57:36<55:45,  2.83s/it]
 74%|ΓûêΓûêΓûêΓûêΓûêΓûêΓûêΓûì  | 3321/4500 [2:57:40<59:39,  3.04s/it]
 74%|ΓûêΓûêΓûêΓûêΓûêΓûêΓûêΓûì  | 3322/4500 [2:57:42<56:04,  2.86s/it]
 74%|ΓûêΓûêΓûêΓûêΓûêΓûêΓûêΓûì  | 3323/4500 [2:57:46<1:00:09,  3.07s/it]
 74%|ΓûêΓûêΓûêΓûêΓûêΓûêΓûêΓûì  | 3324/4500 [2:57:48<56:34,  2.89s/it]  
 74%|ΓûêΓûêΓûêΓûêΓûêΓûêΓûêΓûì  | 3325/4500 [2:57:54<1:16:05,  3.89s/it]
 74%|ΓûêΓûêΓûêΓûêΓûêΓûêΓûêΓûì  | 3326/4500 [2:57:58<1:11:43,  3.67s/it]
 74%|ΓûêΓûêΓûêΓûêΓûêΓûêΓûêΓûì  | 3327/4500 [2:58:01<1:08:39,  3.51s/it]
 74%|ΓûêΓûêΓûêΓûêΓûêΓûêΓûêΓûì  | 3328/4500 [2:58:03<1:01:51,  3.17s/it]
 74%|ΓûêΓûêΓûêΓûêΓûêΓûêΓûêΓûì  | 3329/4500 [2:58:09<1:20:21,  4.12s/it]
 74%|ΓûêΓûêΓûêΓûêΓûêΓûêΓûêΓûì  | 3330/4500 [2:58:13<1:14:54,  3.84s/it]
 74%|ΓûêΓûêΓûêΓûêΓûêΓûêΓûêΓûì  | 3331/4500 [2:58:15<1:08:45,  3.53s/it]
 74%|ΓûêΓûêΓûêΓûêΓûêΓûêΓûêΓûì  | 3332/4500 [2:58:18<1:02:55,  3.23s/it]
 74%|ΓûêΓûêΓûêΓûêΓûêΓûêΓûêΓûì  | 3333/4500 [2:58:21<1:04:36,  3.32s/it]
 74%|ΓûêΓûêΓûêΓûêΓûêΓûêΓûêΓûì  | 3334/4500 [2:58:24<59:30,  3.06s/it]  
 74%|ΓûêΓûêΓûêΓûêΓûêΓûêΓûêΓûì  | 3335/4500 [2:58:27<59:54,  3.09s/it]
 74%|ΓûêΓûêΓûêΓûêΓûêΓûêΓûêΓûì  | 3336/4500 [2:58:30<56:39,  2.92s/it]
 74%|ΓûêΓûêΓûêΓûêΓûêΓûêΓûêΓûì  | 3337/4500 [2:58:33<57:15,  2.95s/it]
 74%|ΓûêΓûêΓûêΓûêΓûêΓûêΓûêΓûì  | 3338/4500 [2:58:35<54:23,  2.81s/it]
 74%|ΓûêΓûêΓûêΓûêΓûêΓûêΓûêΓûì  | 3339/4500 [2:58:38<57:23,  2.97s/it]
 74%|ΓûêΓûêΓûêΓûêΓûêΓûêΓûêΓûì  | 3340/4500 [2:58:41<55:42,  2.88s/it]
 74%|ΓûêΓûêΓûêΓûêΓûêΓûêΓûêΓûì  | 3341/4500 [2:58:43<50:50,  2.63s/it]
 74%|ΓûêΓûêΓûêΓûêΓûêΓûêΓûêΓûì  | 3342/4500 [2:58:49<1:09:08,  3.58s/it]
 74%|ΓûêΓûêΓûêΓûêΓûêΓûêΓûêΓûì  | 3343/4500 [2:58:52<1:06:43,  3.46s/it]
 74%|ΓûêΓûêΓûêΓûêΓûêΓûêΓûêΓûì  | 3344/4500 [2:58:55<1:01:12,  3.18s/it]
 74%|ΓûêΓûêΓûêΓûêΓûêΓûêΓûêΓûì  | 3345/4500 [2:58:58<1:02:00,  3.22s/it]
 74%|ΓûêΓûêΓûêΓûêΓûêΓûêΓûêΓûì  | 3346/4500 [2:59:01<58:42,  3.05s/it]  
 74%|ΓûêΓûêΓûêΓûêΓûêΓûêΓûêΓûì  | 3347/4500 [2:59:07<1:15:16,  3.92s/it]
 74%|ΓûêΓûêΓûêΓûêΓûêΓûêΓûêΓûì  | 3348/4500 [2:59:09<1:08:22,  3.56s/it]
 74%|ΓûêΓûêΓûêΓûêΓûêΓûêΓûêΓûì  | 3349/4500 [2:59:16<1:27:34,  4.56s/it]
 74%|ΓûêΓûêΓûêΓûêΓûêΓûêΓûêΓûì  | 3350/4500 [2:59:19<1:15:38,  3.95s/it]
 74%|ΓûêΓûêΓûêΓûêΓûêΓûêΓûêΓûì  | 3351/4500 [2:59:22<1:12:13,  3.77s/it]
 74%|ΓûêΓûêΓûêΓûêΓûêΓûêΓûêΓûì  | 3352/4500 [2:59:25<1:04:58,  3.40s/it]
 75%|ΓûêΓûêΓûêΓûêΓûêΓûêΓûêΓûì  | 3353/4500 [2:59:28<1:03:24,  3.32s/it]
 75%|ΓûêΓûêΓûêΓûêΓûêΓûêΓûêΓûì  | 3354/4500 [2:59:31<1:04:33,  3.38s/it]
 75%|ΓûêΓûêΓûêΓûêΓûêΓûêΓûêΓûì  | 3355/4500 [2:59:35<1:05:45,  3.45s/it]
 75%|ΓûêΓûêΓûêΓûêΓûêΓûêΓûêΓûì  | 3356/4500 [2:59:38<1:01:21,  3.22s/it]
 75%|ΓûêΓûêΓûêΓûêΓûêΓûêΓûêΓûì  | 3357/4500 [2:59:40<59:16,  3.11s/it]  
 75%|ΓûêΓûêΓûêΓûêΓûêΓûêΓûêΓûì  | 3358/4500 [2:59:43<56:33,  2.97s/it]
 75%|ΓûêΓûêΓûêΓûêΓûêΓûêΓûêΓûì  | 3359/4500 [2:59:50<1:19:16,  4.17s/it]
 75%|ΓûêΓûêΓûêΓûêΓûêΓûêΓûêΓûì  | 3360/4500 [2:59:53<1:10:16,  3.70s/it]
 75%|ΓûêΓûêΓûêΓûêΓûêΓûêΓûêΓûì  | 3361/4500 [2:59:56<1:08:13,  3.59s/it]
 75%|ΓûêΓûêΓûêΓûêΓûêΓûêΓûêΓûì  | 3362/4500 [2:59:58<1:00:56,  3.21s/it]
 75%|ΓûêΓûêΓûêΓûêΓûêΓûêΓûêΓûì  | 3363/4500 [3:00:02<1:02:23,  3.29s/it]
 75%|ΓûêΓûêΓûêΓûêΓûêΓûêΓûêΓûì  | 3364/4500 [3:00:04<58:41,  3.10s/it]  
 75%|ΓûêΓûêΓûêΓûêΓûêΓûêΓûêΓûì  | 3365/4500 [3:00:07<57:30,  3.04s/it]
 75%|ΓûêΓûêΓûêΓûêΓûêΓûêΓûêΓûì  | 3366/4500 [3:00:10<54:19,  2.87s/it]
 75%|ΓûêΓûêΓûêΓûêΓûêΓûêΓûêΓûì  | 3367/4500 [3:00:13<55:58,  2.96s/it]
 75%|ΓûêΓûêΓûêΓûêΓûêΓûêΓûêΓûì  | 3368/4500 [3:00:16<54:11,  2.87s/it]
 75%|ΓûêΓûêΓûêΓûêΓûêΓûêΓûêΓûì  | 3369/4500 [3:00:19<55:35,  2.95s/it]
 75%|ΓûêΓûêΓûêΓûêΓûêΓûêΓûêΓûì  | 3370/4500 [3:00:22<54:21,  2.89s/it]
 75%|ΓûêΓûêΓûêΓûêΓûêΓûêΓûêΓûì  | 3371/4500 [3:00:25<56:41,  3.01s/it]
 75%|ΓûêΓûêΓûêΓûêΓûêΓûêΓûêΓûì  | 3372/4500 [3:00:27<54:08,  2.88s/it]
 75%|ΓûêΓûêΓûêΓûêΓûêΓûêΓûêΓûì  | 3373/4500 [3:00:31<55:49,  2.97s/it]
 75%|ΓûêΓûêΓûêΓûêΓûêΓûêΓûêΓûì  | 3374/4500 [3:00:33<53:36,  2.86s/it]
 75%|ΓûêΓûêΓûêΓûêΓûêΓûêΓûêΓûî  | 3375/4500 [3:00:37<57:10,  3.05s/it]
 75%|ΓûêΓûêΓûêΓûêΓûêΓûêΓûêΓûî  | 3376/4500 [3:00:40<58:24,  3.12s/it]
 75%|ΓûêΓûêΓûêΓûêΓûêΓûêΓûêΓûî  | 3377/4500 [3:00:43<1:00:13,  3.22s/it]
 75%|ΓûêΓûêΓûêΓûêΓûêΓûêΓûêΓûî  | 3378/4500 [3:00:46<55:32,  2.97s/it]  
 75%|ΓûêΓûêΓûêΓûêΓûêΓûêΓûêΓûî  | 3379/4500 [3:00:49<58:02,  3.11s/it]
 75%|ΓûêΓûêΓûêΓûêΓûêΓûêΓûêΓûî  | 3380/4500 [3:00:52<55:22,  2.97s/it]
 75%|ΓûêΓûêΓûêΓûêΓûêΓûêΓûêΓûî  | 3381/4500 [3:00:58<1:12:35,  3.89s/it]
 75%|ΓûêΓûêΓûêΓûêΓûêΓûêΓûêΓûî  | 3382/4500 [3:01:01<1:10:14,  3.77s/it]
 75%|ΓûêΓûêΓûêΓûêΓûêΓûêΓûêΓûî  | 3383/4500 [3:01:05<1:10:07,  3.77s/it]
 75%|ΓûêΓûêΓûêΓûêΓûêΓûêΓûêΓûî  | 3384/4500 [3:01:08<1:02:11,  3.34s/it]
 75%|ΓûêΓûêΓûêΓûêΓûêΓûêΓûêΓûî  | 3385/4500 [3:01:11<1:04:15,  3.46s/it]
 75%|ΓûêΓûêΓûêΓûêΓûêΓûêΓûêΓûî  | 3386/4500 [3:01:14<59:45,  3.22s/it]  
 75%|ΓûêΓûêΓûêΓûêΓûêΓûêΓûêΓûî  | 3387/4500 [3:01:17<58:24,  3.15s/it]
 75%|ΓûêΓûêΓûêΓûêΓûêΓûêΓûêΓûî  | 3388/4500 [3:01:19<54:09,  2.92s/it]
 75%|ΓûêΓûêΓûêΓûêΓûêΓûêΓûêΓûî  | 3390/4500 [3:01:22<41:40,  2.25s/it]
 75%|ΓûêΓûêΓûêΓûêΓûêΓûêΓûêΓûî  | 3391/4500 [3:01:25<46:09,  2.50s/it]
 75%|ΓûêΓûêΓûêΓûêΓûêΓûêΓûêΓûî  | 3392/4500 [3:01:29<49:20,  2.67s/it]
 75%|ΓûêΓûêΓûêΓûêΓûêΓûêΓûêΓûî  | 3393/4500 [3:01:31<47:43,  2.59s/it]
 75%|ΓûêΓûêΓûêΓûêΓûêΓûêΓûêΓûî  | 3394/4500 [3:01:34<51:23,  2.79s/it]
 75%|ΓûêΓûêΓûêΓûêΓûêΓûêΓûêΓûî  | 3395/4500 [3:01:37<51:47,  2.81s/it]
 75%|ΓûêΓûêΓûêΓûêΓûêΓûêΓûêΓûî  | 3396/4500 [3:01:41<56:10,  3.05s/it]
 75%|ΓûêΓûêΓûêΓûêΓûêΓûêΓûêΓûî  | 3397/4500 [3:01:43<52:58,  2.88s/it]
 76%|ΓûêΓûêΓûêΓûêΓûêΓûêΓûêΓûî  | 3398/4500 [3:01:47<58:43,  3.20s/it]
 76%|ΓûêΓûêΓûêΓûêΓûêΓûêΓûêΓûî  | 3399/4500 [3:01:50<54:20,  2.96s/it]
 76%|ΓûêΓûêΓûêΓûêΓûêΓûêΓûêΓûî  | 3400/4500 [3:01:53<55:32,  3.03s/it]
 76%|ΓûêΓûêΓûêΓûêΓûêΓûêΓûêΓûî  | 3401/4500 [3:01:55<52:38,  2.87s/it]
 76%|ΓûêΓûêΓûêΓûêΓûêΓûêΓûêΓûî  | 3402/4500 [3:01:59<57:18,  3.13s/it]
 76%|ΓûêΓûêΓûêΓûêΓûêΓûêΓûêΓûî  | 3403/4500 [3:02:01<52:51,  2.89s/it]
 76%|ΓûêΓûêΓûêΓûêΓûêΓûêΓûêΓûî  | 3404/4500 [3:02:05<54:26,  2.98s/it]
 76%|ΓûêΓûêΓûêΓûêΓûêΓûêΓûêΓûî  | 3405/4500 [3:02:07<50:50,  2.79s/it]
 76%|ΓûêΓûêΓûêΓûêΓûêΓûêΓûêΓûî  | 3406/4500 [3:02:10<54:37,  3.00s/it]
 76%|ΓûêΓûêΓûêΓûêΓûêΓûêΓûêΓûî  | 3407/4500 [3:02:16<1:08:17,  3.75s/it]
 76%|ΓûêΓûêΓûêΓûêΓûêΓûêΓûêΓûî  | 3408/4500 [3:02:19<1:05:09,  3.58s/it]
 76%|ΓûêΓûêΓûêΓûêΓûêΓûêΓûêΓûî  | 3409/4500 [3:02:22<59:04,  3.25s/it]  
 76%|ΓûêΓûêΓûêΓûêΓûêΓûêΓûêΓûî  | 3410/4500 [3:02:24<57:19,  3.16s/it]
 76%|ΓûêΓûêΓûêΓûêΓûêΓûêΓûêΓûî  | 3411/4500 [3:02:27<54:27,  3.00s/it]
 76%|ΓûêΓûêΓûêΓûêΓûêΓûêΓûêΓûî  | 3412/4500 [3:02:30<55:00,  3.03s/it]
 76%|ΓûêΓûêΓûêΓûêΓûêΓûêΓûêΓûî  | 3413/4500 [3:02:33<52:08,  2.88s/it]
 76%|ΓûêΓûêΓûêΓûêΓûêΓûêΓûêΓûî  | 3414/4500 [3:02:36<52:48,  2.92s/it]
 76%|ΓûêΓûêΓûêΓûêΓûêΓûêΓûêΓûî  | 3415/4500 [3:02:38<49:40,  2.75s/it]
 76%|ΓûêΓûêΓûêΓûêΓûêΓûêΓûêΓûî  | 3416/4500 [3:02:41<50:51,  2.82s/it]
 76%|ΓûêΓûêΓûêΓûêΓûêΓûêΓûêΓûî  | 3417/4500 [3:02:43<48:23,  2.68s/it]
 76%|ΓûêΓûêΓûêΓûêΓûêΓûêΓûêΓûî  | 3418/4500 [3:02:47<50:44,  2.81s/it]
 76%|ΓûêΓûêΓûêΓûêΓûêΓûêΓûêΓûî  | 3419/4500 [3:02:49<49:36,  2.75s/it]
 76%|ΓûêΓûêΓûêΓûêΓûêΓûêΓûêΓûî  | 3420/4500 [3:02:52<51:50,  2.88s/it]
 76%|ΓûêΓûêΓûêΓûêΓûêΓûêΓûêΓûî  | 3421/4500 [3:02:55<52:26,  2.92s/it]
 76%|ΓûêΓûêΓûêΓûêΓûêΓûêΓûêΓûî  | 3422/4500 [3:02:59<53:52,  3.00s/it]
 76%|ΓûêΓûêΓûêΓûêΓûêΓûêΓûêΓûî  | 3423/4500 [3:03:02<53:39,  2.99s/it]
 76%|ΓûêΓûêΓûêΓûêΓûêΓûêΓûêΓûî  | 3424/4500 [3:03:05<55:45,  3.11s/it]
 76%|ΓûêΓûêΓûêΓûêΓûêΓûêΓûêΓûî  | 3425/4500 [3:03:08<53:46,  3.00s/it]
 76%|ΓûêΓûêΓûêΓûêΓûêΓûêΓûêΓûî  | 3426/4500 [3:03:11<54:45,  3.06s/it]
 76%|ΓûêΓûêΓûêΓûêΓûêΓûêΓûêΓûî  | 3427/4500 [3:03:13<51:40,  2.89s/it]
 76%|ΓûêΓûêΓûêΓûêΓûêΓûêΓûêΓûî  | 3428/4500 [3:03:17<53:24,  2.99s/it]
 76%|ΓûêΓûêΓûêΓûêΓûêΓûêΓûêΓûî  | 3429/4500 [3:03:19<51:10,  2.87s/it]
 76%|ΓûêΓûêΓûêΓûêΓûêΓûêΓûêΓûî  | 3430/4500 [3:03:22<52:58,  2.97s/it]
 76%|ΓûêΓûêΓûêΓûêΓûêΓûêΓûêΓûî  | 3431/4500 [3:03:28<1:07:37,  3.80s/it]
 76%|ΓûêΓûêΓûêΓûêΓûêΓûêΓûêΓûï  | 3432/4500 [3:03:31<1:04:16,  3.61s/it]
 76%|ΓûêΓûêΓûêΓûêΓûêΓûêΓûêΓûï  | 3433/4500 [3:03:34<57:22,  3.23s/it]  
 76%|ΓûêΓûêΓûêΓûêΓûêΓûêΓûêΓûï  | 3434/4500 [3:03:37<57:21,  3.23s/it]
 76%|ΓûêΓûêΓûêΓûêΓûêΓûêΓûêΓûï  | 3435/4500 [3:03:39<52:56,  2.98s/it]
 76%|ΓûêΓûêΓûêΓûêΓûêΓûêΓûêΓûï  | 3436/4500 [3:03:42<53:55,  3.04s/it]
 76%|ΓûêΓûêΓûêΓûêΓûêΓûêΓûêΓûï  | 3437/4500 [3:03:45<52:00,  2.94s/it]
 76%|ΓûêΓûêΓûêΓûêΓûêΓûêΓûêΓûï  | 3438/4500 [3:03:51<1:08:26,  3.87s/it]
 76%|ΓûêΓûêΓûêΓûêΓûêΓûêΓûêΓûï  | 3439/4500 [3:03:54<1:01:45,  3.49s/it]
 76%|ΓûêΓûêΓûêΓûêΓûêΓûêΓûêΓûï  | 3440/4500 [3:03:57<59:21,  3.36s/it]  
 76%|ΓûêΓûêΓûêΓûêΓûêΓûêΓûêΓûï  | 3441/4500 [3:03:59<55:07,  3.12s/it]
 76%|ΓûêΓûêΓûêΓûêΓûêΓûêΓûêΓûï  | 3442/4500 [3:04:03<55:07,  3.13s/it]
 77%|ΓûêΓûêΓûêΓûêΓûêΓûêΓûêΓûï  | 3443/4500 [3:04:05<51:58,  2.95s/it]
 77%|ΓûêΓûêΓûêΓûêΓûêΓûêΓûêΓûï  | 3444/4500 [3:04:08<53:08,  3.02s/it]
 77%|ΓûêΓûêΓûêΓûêΓûêΓûêΓûêΓûï  | 3445/4500 [3:04:11<49:55,  2.84s/it]
 77%|ΓûêΓûêΓûêΓûêΓûêΓûêΓûêΓûï  | 3446/4500 [3:04:14<54:36,  3.11s/it]
 77%|ΓûêΓûêΓûêΓûêΓûêΓûêΓûêΓûï  | 3447/4500 [3:04:17<51:54,  2.96s/it]
 77%|ΓûêΓûêΓûêΓûêΓûêΓûêΓûêΓûï  | 3448/4500 [3:04:20<54:03,  3.08s/it]
 77%|ΓûêΓûêΓûêΓûêΓûêΓûêΓûêΓûï  | 3449/4500 [3:04:23<51:56,  2.97s/it]
 77%|ΓûêΓûêΓûêΓûêΓûêΓûêΓûêΓûï  | 3450/4500 [3:04:26<51:31,  2.94s/it]
 77%|ΓûêΓûêΓûêΓûêΓûêΓûêΓûêΓûï  | 3451/4500 [3:04:28<48:29,  2.77s/it]
 77%|ΓûêΓûêΓûêΓûêΓûêΓûêΓûêΓûï  | 3452/4500 [3:04:32<50:46,  2.91s/it]
 77%|ΓûêΓûêΓûêΓûêΓûêΓûêΓûêΓûï  | 3453/4500 [3:04:34<49:22,  2.83s/it]
 77%|ΓûêΓûêΓûêΓûêΓûêΓûêΓûêΓûï  | 3455/4500 [3:04:38<41:19,  2.37s/it]
 77%|ΓûêΓûêΓûêΓûêΓûêΓûêΓûêΓûï  | 3456/4500 [3:04:40<41:20,  2.38s/it]
 77%|ΓûêΓûêΓûêΓûêΓûêΓûêΓûêΓûï  | 3457/4500 [3:04:44<47:53,  2.75s/it]
 77%|ΓûêΓûêΓûêΓûêΓûêΓûêΓûêΓûï  | 3458/4500 [3:04:47<49:47,  2.87s/it]
 77%|ΓûêΓûêΓûêΓûêΓûêΓûêΓûêΓûï  | 3459/4500 [3:04:50<50:42,  2.92s/it]
 77%|ΓûêΓûêΓûêΓûêΓûêΓûêΓûêΓûï  | 3460/4500 [3:04:54<52:46,  3.05s/it]
 77%|ΓûêΓûêΓûêΓûêΓûêΓûêΓûêΓûï  | 3461/4500 [3:05:00<1:06:42,  3.85s/it]
 77%|ΓûêΓûêΓûêΓûêΓûêΓûêΓûêΓûï  | 3462/4500 [3:05:03<1:02:49,  3.63s/it]
 77%|ΓûêΓûêΓûêΓûêΓûêΓûêΓûêΓûï  | 3463/4500 [3:05:06<1:01:05,  3.53s/it]
 77%|ΓûêΓûêΓûêΓûêΓûêΓûêΓûêΓûï  | 3464/4500 [3:05:08<55:36,  3.22s/it]  
 77%|ΓûêΓûêΓûêΓûêΓûêΓûêΓûêΓûï  | 3465/4500 [3:05:12<58:02,  3.36s/it]
 77%|ΓûêΓûêΓûêΓûêΓûêΓûêΓûêΓûï  | 3466/4500 [3:05:15<53:10,  3.09s/it]
 77%|ΓûêΓûêΓûêΓûêΓûêΓûêΓûêΓûï  | 3467/4500 [3:05:18<53:21,  3.10s/it]
 77%|ΓûêΓûêΓûêΓûêΓûêΓûêΓûêΓûï  | 3468/4500 [3:05:20<50:06,  2.91s/it]
 77%|ΓûêΓûêΓûêΓûêΓûêΓûêΓûêΓûï  | 3469/4500 [3:05:24<54:42,  3.18s/it]
 77%|ΓûêΓûêΓûêΓûêΓûêΓûêΓûêΓûï  | 3470/4500 [3:05:26<51:17,  2.99s/it]
 77%|ΓûêΓûêΓûêΓûêΓûêΓûêΓûêΓûï  | 3471/4500 [3:05:30<51:57,  3.03s/it]
 77%|ΓûêΓûêΓûêΓûêΓûêΓûêΓûêΓûï  | 3472/4500 [3:05:32<49:16,  2.88s/it]
 77%|ΓûêΓûêΓûêΓûêΓûêΓûêΓûêΓûï  | 3473/4500 [3:05:35<51:22,  3.00s/it]
 77%|ΓûêΓûêΓûêΓûêΓûêΓûêΓûêΓûï  | 3474/4500 [3:05:38<49:07,  2.87s/it]
 77%|ΓûêΓûêΓûêΓûêΓûêΓûêΓûêΓûï  | 3475/4500 [3:05:42<54:08,  3.17s/it]
 77%|ΓûêΓûêΓûêΓûêΓûêΓûêΓûêΓûï  | 3476/4500 [3:05:45<51:31,  3.02s/it]
 77%|ΓûêΓûêΓûêΓûêΓûêΓûêΓûêΓûï  | 3477/4500 [3:05:48<52:55,  3.10s/it]
 77%|ΓûêΓûêΓûêΓûêΓûêΓûêΓûêΓûï  | 3478/4500 [3:05:50<50:10,  2.95s/it]
 77%|ΓûêΓûêΓûêΓûêΓûêΓûêΓûêΓûï  | 3479/4500 [3:05:54<54:50,  3.22s/it]
 77%|ΓûêΓûêΓûêΓûêΓûêΓûêΓûêΓûï  | 3480/4500 [3:05:57<52:27,  3.09s/it]
 77%|ΓûêΓûêΓûêΓûêΓûêΓûêΓûêΓûï  | 3481/4500 [3:06:01<55:37,  3.28s/it]
 77%|ΓûêΓûêΓûêΓûêΓûêΓûêΓûêΓûï  | 3482/4500 [3:06:03<52:04,  3.07s/it]
 77%|ΓûêΓûêΓûêΓûêΓûêΓûêΓûêΓûï  | 3484/4500 [3:06:07<42:29,  2.51s/it]
 77%|ΓûêΓûêΓûêΓûêΓûêΓûêΓûêΓûï  | 3485/4500 [3:06:10<42:57,  2.54s/it]
 77%|ΓûêΓûêΓûêΓûêΓûêΓûêΓûêΓûï  | 3486/4500 [3:06:17<1:04:01,  3.79s/it]
 77%|ΓûêΓûêΓûêΓûêΓûêΓûêΓûêΓûï  | 3487/4500 [3:06:19<57:36,  3.41s/it]  
 78%|ΓûêΓûêΓûêΓûêΓûêΓûêΓûêΓûè  | 3488/4500 [3:06:23<58:48,  3.49s/it]
 78%|ΓûêΓûêΓûêΓûêΓûêΓûêΓûêΓûè  | 3489/4500 [3:06:25<53:24,  3.17s/it]
 78%|ΓûêΓûêΓûêΓûêΓûêΓûêΓûêΓûè  | 3490/4500 [3:06:29<55:48,  3.32s/it]
 78%|ΓûêΓûêΓûêΓûêΓûêΓûêΓûêΓûè  | 3491/4500 [3:06:32<54:56,  3.27s/it]
 78%|ΓûêΓûêΓûêΓûêΓûêΓûêΓûêΓûè  | 3492/4500 [3:06:36<54:41,  3.26s/it]
 78%|ΓûêΓûêΓûêΓûêΓûêΓûêΓûêΓûè  | 3493/4500 [3:06:38<51:36,  3.08s/it]
 78%|ΓûêΓûêΓûêΓûêΓûêΓûêΓûêΓûè  | 3494/4500 [3:06:41<51:38,  3.08s/it]
 78%|ΓûêΓûêΓûêΓûêΓûêΓûêΓûêΓûè  | 3495/4500 [3:06:44<47:37,  2.84s/it]
 78%|ΓûêΓûêΓûêΓûêΓûêΓûêΓûêΓûè  | 3496/4500 [3:06:46<47:53,  2.86s/it]
 78%|ΓûêΓûêΓûêΓûêΓûêΓûêΓûêΓûè  | 3497/4500 [3:06:49<46:46,  2.80s/it]
 78%|ΓûêΓûêΓûêΓûêΓûêΓûêΓûêΓûè  | 3498/4500 [3:06:53<51:17,  3.07s/it]
 78%|ΓûêΓûêΓûêΓûêΓûêΓûêΓûêΓûè  | 3499/4500 [3:06:55<49:14,  2.95s/it]
 78%|ΓûêΓûêΓûêΓûêΓûêΓûêΓûêΓûè  | 3500/4500 [3:06:59<51:24,  3.08s/it]
 78%|ΓûêΓûêΓûêΓûêΓûêΓûêΓûêΓûè  | 3501/4500 [3:07:01<48:56,  2.94s/it]
 78%|ΓûêΓûêΓûêΓûêΓûêΓûêΓûêΓûè  | 3502/4500 [3:07:05<50:00,  3.01s/it]
 78%|ΓûêΓûêΓûêΓûêΓûêΓûêΓûêΓûè  | 3503/4500 [3:07:07<46:57,  2.83s/it]
 78%|ΓûêΓûêΓûêΓûêΓûêΓûêΓûêΓûè  | 3504/4500 [3:07:15<1:14:09,  4.47s/it]
 78%|ΓûêΓûêΓûêΓûêΓûêΓûêΓûêΓûè  | 3505/4500 [3:07:19<1:10:40,  4.26s/it]
 78%|ΓûêΓûêΓûêΓûêΓûêΓûêΓûêΓûè  | 3506/4500 [3:07:24<1:11:52,  4.34s/it]
 78%|ΓûêΓûêΓûêΓûêΓûêΓûêΓûêΓûè  | 3507/4500 [3:07:28<1:10:18,  4.25s/it]
 78%|ΓûêΓûêΓûêΓûêΓûêΓûêΓûêΓûè  | 3508/4500 [3:07:31<1:06:27,  4.02s/it]
 78%|ΓûêΓûêΓûêΓûêΓûêΓûêΓûêΓûè  | 3509/4500 [3:07:34<1:01:51,  3.75s/it]
 78%|ΓûêΓûêΓûêΓûêΓûêΓûêΓûêΓûè  | 3510/4500 [3:07:37<58:23,  3.54s/it]  
 78%|ΓûêΓûêΓûêΓûêΓûêΓûêΓûêΓûè  | 3511/4500 [3:07:40<53:07,  3.22s/it]
 78%|ΓûêΓûêΓûêΓûêΓûêΓûêΓûêΓûè  | 3512/4500 [3:07:43<53:15,  3.23s/it]
 78%|ΓûêΓûêΓûêΓûêΓûêΓûêΓûêΓûè  | 3513/4500 [3:07:45<48:45,  2.96s/it]
 78%|ΓûêΓûêΓûêΓûêΓûêΓûêΓûêΓûè  | 3514/4500 [3:07:49<52:44,  3.21s/it]
 78%|ΓûêΓûêΓûêΓûêΓûêΓûêΓûêΓûè  | 3515/4500 [3:07:52<49:03,  2.99s/it]
 78%|ΓûêΓûêΓûêΓûêΓûêΓûêΓûêΓûè  | 3516/4500 [3:07:55<50:04,  3.05s/it]
 78%|ΓûêΓûêΓûêΓûêΓûêΓûêΓûêΓûè  | 3517/4500 [3:08:00<1:01:45,  3.77s/it]
 78%|ΓûêΓûêΓûêΓûêΓûêΓûêΓûêΓûè  | 3518/4500 [3:08:03<57:26,  3.51s/it]  
 78%|ΓûêΓûêΓûêΓûêΓûêΓûêΓûêΓûè  | 3519/4500 [3:08:05<47:56,  2.93s/it]
 78%|ΓûêΓûêΓûêΓûêΓûêΓûêΓûêΓûè  | 3520/4500 [3:08:09<54:41,  3.35s/it]
 78%|ΓûêΓûêΓûêΓûêΓûêΓûêΓûêΓûè  | 3521/4500 [3:08:15<1:07:59,  4.17s/it]
 78%|ΓûêΓûêΓûêΓûêΓûêΓûêΓûêΓûè  | 3522/4500 [3:08:18<1:03:08,  3.87s/it]
 78%|ΓûêΓûêΓûêΓûêΓûêΓûêΓûêΓûè  | 3523/4500 [3:08:21<56:23,  3.46s/it]  
 78%|ΓûêΓûêΓûêΓûêΓûêΓûêΓûêΓûè  | 3524/4500 [3:08:24<55:10,  3.39s/it]
 78%|ΓûêΓûêΓûêΓûêΓûêΓûêΓûêΓûè  | 3525/4500 [3:08:26<49:39,  3.06s/it]
 78%|ΓûêΓûêΓûêΓûêΓûêΓûêΓûêΓûè  | 3526/4500 [3:08:30<51:34,  3.18s/it]
 78%|ΓûêΓûêΓûêΓûêΓûêΓûêΓûêΓûè  | 3527/4500 [3:08:32<47:23,  2.92s/it]
 78%|ΓûêΓûêΓûêΓûêΓûêΓûêΓûêΓûè  | 3528/4500 [3:08:38<1:02:01,  3.83s/it]
 78%|ΓûêΓûêΓûêΓûêΓûêΓûêΓûêΓûè  | 3529/4500 [3:08:41<56:05,  3.47s/it]  
 78%|ΓûêΓûêΓûêΓûêΓûêΓûêΓûêΓûè  | 3530/4500 [3:08:44<54:46,  3.39s/it]
 78%|ΓûêΓûêΓûêΓûêΓûêΓûêΓûêΓûè  | 3531/4500 [3:08:46<50:14,  3.11s/it]
 78%|ΓûêΓûêΓûêΓûêΓûêΓûêΓûêΓûè  | 3532/4500 [3:08:49<49:25,  3.06s/it]
 79%|ΓûêΓûêΓûêΓûêΓûêΓûêΓûêΓûè  | 3533/4500 [3:08:52<46:12,  2.87s/it]
 79%|ΓûêΓûêΓûêΓûêΓûêΓûêΓûêΓûè  | 3534/4500 [3:08:55<46:56,  2.92s/it]
 79%|ΓûêΓûêΓûêΓûêΓûêΓûêΓûêΓûè  | 3535/4500 [3:08:57<44:17,  2.75s/it]
 79%|ΓûêΓûêΓûêΓûêΓûêΓûêΓûêΓûè  | 3536/4500 [3:09:00<46:10,  2.87s/it]
 79%|ΓûêΓûêΓûêΓûêΓûêΓûêΓûêΓûè  | 3537/4500 [3:09:03<45:20,  2.82s/it]
 79%|ΓûêΓûêΓûêΓûêΓûêΓûêΓûêΓûè  | 3538/4500 [3:09:07<49:11,  3.07s/it]
 79%|ΓûêΓûêΓûêΓûêΓûêΓûêΓûêΓûè  | 3540/4500 [3:09:09<34:54,  2.18s/it]
 79%|ΓûêΓûêΓûêΓûêΓûêΓûêΓûêΓûè  | 3541/4500 [3:09:12<38:35,  2.41s/it]
 79%|ΓûêΓûêΓûêΓûêΓûêΓûêΓûêΓûè  | 3542/4500 [3:09:15<39:50,  2.50s/it]
 79%|ΓûêΓûêΓûêΓûêΓûêΓûêΓûêΓûè  | 3543/4500 [3:09:18<44:20,  2.78s/it]
 79%|ΓûêΓûêΓûêΓûêΓûêΓûêΓûêΓûë  | 3544/4500 [3:09:21<43:34,  2.73s/it]
 79%|ΓûêΓûêΓûêΓûêΓûêΓûêΓûêΓûë  | 3545/4500 [3:09:25<48:36,  3.05s/it]
 79%|ΓûêΓûêΓûêΓûêΓûêΓûêΓûêΓûë  | 3546/4500 [3:09:27<46:09,  2.90s/it]
 79%|ΓûêΓûêΓûêΓûêΓûêΓûêΓûêΓûë  | 3547/4500 [3:09:31<51:30,  3.24s/it]
 79%|ΓûêΓûêΓûêΓûêΓûêΓûêΓûêΓûë  | 3548/4500 [3:09:35<51:43,  3.26s/it]
 79%|ΓûêΓûêΓûêΓûêΓûêΓûêΓûêΓûë  | 3549/4500 [3:09:38<51:34,  3.25s/it]
 79%|ΓûêΓûêΓûêΓûêΓûêΓûêΓûêΓûë  | 3550/4500 [3:09:41<48:36,  3.07s/it]
 79%|ΓûêΓûêΓûêΓûêΓûêΓûêΓûêΓûë  | 3551/4500 [3:09:44<49:52,  3.15s/it]
 79%|ΓûêΓûêΓûêΓûêΓûêΓûêΓûêΓûë  | 3552/4500 [3:09:46<46:38,  2.95s/it]
 79%|ΓûêΓûêΓûêΓûêΓûêΓûêΓûêΓûë  | 3553/4500 [3:09:50<47:17,  3.00s/it]
 79%|ΓûêΓûêΓûêΓûêΓûêΓûêΓûêΓûë  | 3554/4500 [3:09:52<45:50,  2.91s/it]
 79%|ΓûêΓûêΓûêΓûêΓûêΓûêΓûêΓûë  | 3555/4500 [3:09:55<46:04,  2.93s/it]
 79%|ΓûêΓûêΓûêΓûêΓûêΓûêΓûêΓûë  | 3556/4500 [3:09:59<48:15,  3.07s/it]
 79%|ΓûêΓûêΓûêΓûêΓûêΓûêΓûêΓûë  | 3557/4500 [3:10:02<48:39,  3.10s/it]
 79%|ΓûêΓûêΓûêΓûêΓûêΓûêΓûêΓûë  | 3558/4500 [3:10:04<46:40,  2.97s/it]
 79%|ΓûêΓûêΓûêΓûêΓûêΓûêΓûêΓûë  | 3559/4500 [3:10:07<46:51,  2.99s/it]
 79%|ΓûêΓûêΓûêΓûêΓûêΓûêΓûêΓûë  | 3560/4500 [3:10:10<44:35,  2.85s/it]
 79%|ΓûêΓûêΓûêΓûêΓûêΓûêΓûêΓûë  | 3561/4500 [3:10:13<45:18,  2.90s/it]
 79%|ΓûêΓûêΓûêΓûêΓûêΓûêΓûêΓûë  | 3562/4500 [3:10:15<42:10,  2.70s/it]
 79%|ΓûêΓûêΓûêΓûêΓûêΓûêΓûêΓûë  | 3563/4500 [3:10:19<46:24,  2.97s/it]
 79%|ΓûêΓûêΓûêΓûêΓûêΓûêΓûêΓûë  | 3564/4500 [3:10:22<44:57,  2.88s/it]
 79%|ΓûêΓûêΓûêΓûêΓûêΓûêΓûêΓûë  | 3565/4500 [3:10:25<46:53,  3.01s/it]
 79%|ΓûêΓûêΓûêΓûêΓûêΓûêΓûêΓûë  | 3566/4500 [3:10:29<50:18,  3.23s/it]
 79%|ΓûêΓûêΓûêΓûêΓûêΓûêΓûêΓûë  | 3567/4500 [3:10:32<49:15,  3.17s/it]
 79%|ΓûêΓûêΓûêΓûêΓûêΓûêΓûêΓûë  | 3568/4500 [3:10:34<46:11,  2.97s/it]
 79%|ΓûêΓûêΓûêΓûêΓûêΓûêΓûêΓûë  | 3569/4500 [3:10:40<1:00:37,  3.91s/it]
 79%|ΓûêΓûêΓûêΓûêΓûêΓûêΓûêΓûë  | 3570/4500 [3:10:43<54:40,  3.53s/it]  
 79%|ΓûêΓûêΓûêΓûêΓûêΓûêΓûêΓûë  | 3571/4500 [3:10:46<53:29,  3.45s/it]
 79%|ΓûêΓûêΓûêΓûêΓûêΓûêΓûêΓûë  | 3572/4500 [3:10:49<49:15,  3.18s/it]
 79%|ΓûêΓûêΓûêΓûêΓûêΓûêΓûêΓûë  | 3573/4500 [3:10:52<49:13,  3.19s/it]
 79%|ΓûêΓûêΓûêΓûêΓûêΓûêΓûêΓûë  | 3574/4500 [3:10:54<45:55,  2.98s/it]
 79%|ΓûêΓûêΓûêΓûêΓûêΓûêΓûêΓûë  | 3575/4500 [3:10:57<45:47,  2.97s/it]
 79%|ΓûêΓûêΓûêΓûêΓûêΓûêΓûêΓûë  | 3576/4500 [3:11:00<42:38,  2.77s/it]
 79%|ΓûêΓûêΓûêΓûêΓûêΓûêΓûêΓûë  | 3577/4500 [3:11:03<44:30,  2.89s/it]
 80%|ΓûêΓûêΓûêΓûêΓûêΓûêΓûêΓûë  | 3578/4500 [3:11:06<47:59,  3.12s/it]
 80%|ΓûêΓûêΓûêΓûêΓûêΓûêΓûêΓûë  | 3579/4500 [3:11:09<47:18,  3.08s/it]
 80%|ΓûêΓûêΓûêΓûêΓûêΓûêΓûêΓûë  | 3580/4500 [3:11:12<44:20,  2.89s/it]
 80%|ΓûêΓûêΓûêΓûêΓûêΓûêΓûêΓûë  | 3581/4500 [3:11:15<45:19,  2.96s/it]
 80%|ΓûêΓûêΓûêΓûêΓûêΓûêΓûêΓûë  | 3582/4500 [3:11:18<46:42,  3.05s/it]
 80%|ΓûêΓûêΓûêΓûêΓûêΓûêΓûêΓûë  | 3583/4500 [3:11:22<48:40,  3.18s/it]
 80%|ΓûêΓûêΓûêΓûêΓûêΓûêΓûêΓûë  | 3584/4500 [3:11:25<48:36,  3.18s/it]
 80%|ΓûêΓûêΓûêΓûêΓûêΓûêΓûêΓûë  | 3585/4500 [3:11:28<47:32,  3.12s/it]
 80%|ΓûêΓûêΓûêΓûêΓûêΓûêΓûêΓûë  | 3587/4500 [3:11:31<35:23,  2.33s/it]
 80%|ΓûêΓûêΓûêΓûêΓûêΓûêΓûêΓûë  | 3588/4500 [3:11:35<41:02,  2.70s/it]
 80%|ΓûêΓûêΓûêΓûêΓûêΓûêΓûêΓûë  | 3589/4500 [3:11:37<40:53,  2.69s/it]
 80%|ΓûêΓûêΓûêΓûêΓûêΓûêΓûêΓûë  | 3590/4500 [3:11:40<43:04,  2.84s/it]
 80%|ΓûêΓûêΓûêΓûêΓûêΓûêΓûêΓûë  | 3591/4500 [3:11:45<51:29,  3.40s/it]
 80%|ΓûêΓûêΓûêΓûêΓûêΓûêΓûêΓûë  | 3592/4500 [3:11:48<50:29,  3.34s/it]
 80%|ΓûêΓûêΓûêΓûêΓûêΓûêΓûêΓûë  | 3593/4500 [3:11:51<46:33,  3.08s/it]
 80%|ΓûêΓûêΓûêΓûêΓûêΓûêΓûêΓûë  | 3594/4500 [3:11:58<1:02:59,  4.17s/it]
 80%|ΓûêΓûêΓûêΓûêΓûêΓûêΓûêΓûë  | 3595/4500 [3:12:01<56:54,  3.77s/it]  
 80%|ΓûêΓûêΓûêΓûêΓûêΓûêΓûêΓûë  | 3596/4500 [3:12:04<56:17,  3.74s/it]
 80%|ΓûêΓûêΓûêΓûêΓûêΓûêΓûêΓûë  | 3597/4500 [3:12:10<1:05:04,  4.32s/it]
 80%|ΓûêΓûêΓûêΓûêΓûêΓûêΓûêΓûë  | 3598/4500 [3:12:13<58:47,  3.91s/it]  
 80%|ΓûêΓûêΓûêΓûêΓûêΓûêΓûêΓûë  | 3599/4500 [3:12:16<53:11,  3.54s/it]
 80%|ΓûêΓûêΓûêΓûêΓûêΓûêΓûêΓûê  | 3600/4500 [3:12:18<50:26,  3.36s/it]
 80%|ΓûêΓûêΓûêΓûêΓûêΓûêΓûêΓûê  | 3601/4500 [3:12:21<46:31,  3.10s/it]
 80%|ΓûêΓûêΓûêΓûêΓûêΓûêΓûêΓûê  | 3602/4500 [3:12:25<48:52,  3.27s/it]
 80%|ΓûêΓûêΓûêΓûêΓûêΓûêΓûêΓûê  | 3603/4500 [3:12:27<46:09,  3.09s/it]
 80%|ΓûêΓûêΓûêΓûêΓûêΓûêΓûêΓûê  | 3604/4500 [3:12:30<46:21,  3.10s/it]
 80%|ΓûêΓûêΓûêΓûêΓûêΓûêΓûêΓûê  | 3605/4500 [3:12:33<44:04,  2.96s/it]
 80%|ΓûêΓûêΓûêΓûêΓûêΓûêΓûêΓûê  | 3606/4500 [3:12:36<44:24,  2.98s/it]
 80%|ΓûêΓûêΓûêΓûêΓûêΓûêΓûêΓûê  | 3607/4500 [3:12:39<43:52,  2.95s/it]
 80%|ΓûêΓûêΓûêΓûêΓûêΓûêΓûêΓûê  | 3608/4500 [3:12:42<44:59,  3.03s/it]
 80%|ΓûêΓûêΓûêΓûêΓûêΓûêΓûêΓûê  | 3609/4500 [3:12:45<42:24,  2.86s/it]
 80%|ΓûêΓûêΓûêΓûêΓûêΓûêΓûêΓûê  | 3610/4500 [3:12:48<42:41,  2.88s/it]
 80%|ΓûêΓûêΓûêΓûêΓûêΓûêΓûêΓûê  | 3611/4500 [3:12:50<41:26,  2.80s/it]
 80%|ΓûêΓûêΓûêΓûêΓûêΓûêΓûêΓûê  | 3612/4500 [3:12:53<43:26,  2.93s/it]
 80%|ΓûêΓûêΓûêΓûêΓûêΓûêΓûêΓûê  | 3613/4500 [3:12:56<42:29,  2.87s/it]
 80%|ΓûêΓûêΓûêΓûêΓûêΓûêΓûêΓûê  | 3614/4500 [3:12:59<43:29,  2.95s/it]
 80%|ΓûêΓûêΓûêΓûêΓûêΓûêΓûêΓûê  | 3615/4500 [3:13:02<44:41,  3.03s/it]
 80%|ΓûêΓûêΓûêΓûêΓûêΓûêΓûêΓûê  | 3616/4500 [3:13:06<45:20,  3.08s/it]
 80%|ΓûêΓûêΓûêΓûêΓûêΓûêΓûêΓûê  | 3617/4500 [3:13:09<47:58,  3.26s/it]
 80%|ΓûêΓûêΓûêΓûêΓûêΓûêΓûêΓûê  | 3618/4500 [3:13:13<47:41,  3.24s/it]
 80%|ΓûêΓûêΓûêΓûêΓûêΓûêΓûêΓûê  | 3619/4500 [3:13:16<47:55,  3.26s/it]
 80%|ΓûêΓûêΓûêΓûêΓûêΓûêΓûêΓûê  | 3620/4500 [3:13:19<47:42,  3.25s/it]
 80%|ΓûêΓûêΓûêΓûêΓûêΓûêΓûêΓûê  | 3621/4500 [3:13:23<48:34,  3.32s/it]
 80%|ΓûêΓûêΓûêΓûêΓûêΓûêΓûêΓûê  | 3622/4500 [3:13:26<48:02,  3.28s/it]
 81%|ΓûêΓûêΓûêΓûêΓûêΓûêΓûêΓûê  | 3623/4500 [3:13:28<43:59,  3.01s/it]
 81%|ΓûêΓûêΓûêΓûêΓûêΓûêΓûêΓûê  | 3624/4500 [3:13:31<44:41,  3.06s/it]
 81%|ΓûêΓûêΓûêΓûêΓûêΓûêΓûêΓûê  | 3625/4500 [3:13:34<41:26,  2.84s/it]
 81%|ΓûêΓûêΓûêΓûêΓûêΓûêΓûêΓûê  | 3626/4500 [3:13:37<42:25,  2.91s/it]
 81%|ΓûêΓûêΓûêΓûêΓûêΓûêΓûêΓûê  | 3627/4500 [3:13:39<40:36,  2.79s/it]
 81%|ΓûêΓûêΓûêΓûêΓûêΓûêΓûêΓûê  | 3628/4500 [3:13:43<42:42,  2.94s/it]
 81%|ΓûêΓûêΓûêΓûêΓûêΓûêΓûêΓûê  | 3629/4500 [3:13:46<43:08,  2.97s/it]
 81%|ΓûêΓûêΓûêΓûêΓûêΓûêΓûêΓûê  | 3630/4500 [3:13:49<43:52,  3.03s/it]
 81%|ΓûêΓûêΓûêΓûêΓûêΓûêΓûêΓûê  | 3631/4500 [3:13:51<41:02,  2.83s/it]
 81%|ΓûêΓûêΓûêΓûêΓûêΓûêΓûêΓûê  | 3632/4500 [3:13:54<42:37,  2.95s/it]
 81%|ΓûêΓûêΓûêΓûêΓûêΓûêΓûêΓûê  | 3633/4500 [3:13:57<40:17,  2.79s/it]
 81%|ΓûêΓûêΓûêΓûêΓûêΓûêΓûêΓûê  | 3634/4500 [3:14:04<58:53,  4.08s/it]
 81%|ΓûêΓûêΓûêΓûêΓûêΓûêΓûêΓûê  | 3635/4500 [3:14:06<51:52,  3.60s/it]
 81%|ΓûêΓûêΓûêΓûêΓûêΓûêΓûêΓûê  | 3636/4500 [3:14:11<57:50,  4.02s/it]
 81%|ΓûêΓûêΓûêΓûêΓûêΓûêΓûêΓûê  | 3637/4500 [3:14:17<1:06:20,  4.61s/it]
 81%|ΓûêΓûêΓûêΓûêΓûêΓûêΓûêΓûê  | 3638/4500 [3:14:21<1:00:25,  4.21s/it]
 81%|ΓûêΓûêΓûêΓûêΓûêΓûêΓûêΓûê  | 3639/4500 [3:14:23<54:40,  3.81s/it]  
 81%|ΓûêΓûêΓûêΓûêΓûêΓûêΓûêΓûê  | 3640/4500 [3:14:32<1:14:15,  5.18s/it]
 81%|ΓûêΓûêΓûêΓûêΓûêΓûêΓûêΓûê  | 3641/4500 [3:14:34<1:02:31,  4.37s/it]
 81%|ΓûêΓûêΓûêΓûêΓûêΓûêΓûêΓûê  | 3642/4500 [3:14:37<57:27,  4.02s/it]  
 81%|ΓûêΓûêΓûêΓûêΓûêΓûêΓûêΓûê  | 3643/4500 [3:14:40<49:48,  3.49s/it]
 81%|ΓûêΓûêΓûêΓûêΓûêΓûêΓûêΓûê  | 3644/4500 [3:14:43<49:51,  3.49s/it]
 81%|ΓûêΓûêΓûêΓûêΓûêΓûêΓûêΓûê  | 3645/4500 [3:14:46<46:16,  3.25s/it]
 81%|ΓûêΓûêΓûêΓûêΓûêΓûêΓûêΓûê  | 3646/4500 [3:14:49<45:54,  3.23s/it]
 81%|ΓûêΓûêΓûêΓûêΓûêΓûêΓûêΓûê  | 3647/4500 [3:14:51<42:17,  2.97s/it]
 81%|ΓûêΓûêΓûêΓûêΓûêΓûêΓûêΓûê  | 3648/4500 [3:14:55<43:36,  3.07s/it]
 81%|ΓûêΓûêΓûêΓûêΓûêΓûêΓûêΓûê  | 3649/4500 [3:14:58<44:25,  3.13s/it]
 81%|ΓûêΓûêΓûêΓûêΓûêΓûêΓûêΓûê  | 3650/4500 [3:15:01<44:45,  3.16s/it]
 81%|ΓûêΓûêΓûêΓûêΓûêΓûêΓûêΓûê  | 3651/4500 [3:15:04<41:09,  2.91s/it]
 81%|ΓûêΓûêΓûêΓûêΓûêΓûêΓûêΓûê  | 3652/4500 [3:15:07<42:09,  2.98s/it]
 81%|ΓûêΓûêΓûêΓûêΓûêΓûêΓûêΓûê  | 3653/4500 [3:15:10<44:41,  3.17s/it]
 81%|ΓûêΓûêΓûêΓûêΓûêΓûêΓûêΓûê  | 3654/4500 [3:15:13<43:25,  3.08s/it]
 81%|ΓûêΓûêΓûêΓûêΓûêΓûêΓûêΓûê  | 3655/4500 [3:15:16<43:42,  3.10s/it]
 81%|ΓûêΓûêΓûêΓûêΓûêΓûêΓûêΓûê  | 3656/4500 [3:15:20<45:02,  3.20s/it]
 81%|ΓûêΓûêΓûêΓûêΓûêΓûêΓûêΓûêΓûÅ | 3657/4500 [3:15:22<41:59,  2.99s/it]
 81%|ΓûêΓûêΓûêΓûêΓûêΓûêΓûêΓûêΓûÅ | 3658/4500 [3:15:26<44:00,  3.14s/it]
 81%|ΓûêΓûêΓûêΓûêΓûêΓûêΓûêΓûêΓûÅ | 3659/4500 [3:15:28<40:53,  2.92s/it]
 81%|ΓûêΓûêΓûêΓûêΓûêΓûêΓûêΓûêΓûÅ | 3660/4500 [3:15:32<42:56,  3.07s/it]
 81%|ΓûêΓûêΓûêΓûêΓûêΓûêΓûêΓûêΓûÅ | 3661/4500 [3:15:34<39:45,  2.84s/it]
 81%|ΓûêΓûêΓûêΓûêΓûêΓûêΓûêΓûêΓûÅ | 3662/4500 [3:15:37<41:16,  2.95s/it]
 81%|ΓûêΓûêΓûêΓûêΓûêΓûêΓûêΓûêΓûÅ | 3663/4500 [3:15:40<39:14,  2.81s/it]
 81%|ΓûêΓûêΓûêΓûêΓûêΓûêΓûêΓûêΓûÅ | 3664/4500 [3:15:46<53:15,  3.82s/it]
 81%|ΓûêΓûêΓûêΓûêΓûêΓûêΓûêΓûêΓûÅ | 3665/4500 [3:15:49<48:55,  3.52s/it]
 81%|ΓûêΓûêΓûêΓûêΓûêΓûêΓûêΓûêΓûÅ | 3666/4500 [3:15:52<47:37,  3.43s/it]
 81%|ΓûêΓûêΓûêΓûêΓûêΓûêΓûêΓûêΓûÅ | 3667/4500 [3:15:54<43:04,  3.10s/it]
 82%|ΓûêΓûêΓûêΓûêΓûêΓûêΓûêΓûêΓûÅ | 3668/4500 [3:15:58<46:41,  3.37s/it]
 82%|ΓûêΓûêΓûêΓûêΓûêΓûêΓûêΓûêΓûÅ | 3669/4500 [3:16:01<42:53,  3.10s/it]
 82%|ΓûêΓûêΓûêΓûêΓûêΓûêΓûêΓûêΓûÅ | 3670/4500 [3:16:04<44:46,  3.24s/it]
 82%|ΓûêΓûêΓûêΓûêΓûêΓûêΓûêΓûêΓûÅ | 3671/4500 [3:16:07<42:29,  3.07s/it]
 82%|ΓûêΓûêΓûêΓûêΓûêΓûêΓûêΓûêΓûÅ | 3672/4500 [3:16:10<41:34,  3.01s/it]
 82%|ΓûêΓûêΓûêΓûêΓûêΓûêΓûêΓûêΓûÅ | 3673/4500 [3:16:12<39:13,  2.85s/it]
 82%|ΓûêΓûêΓûêΓûêΓûêΓûêΓûêΓûêΓûÅ | 3674/4500 [3:16:15<39:36,  2.88s/it]
 82%|ΓûêΓûêΓûêΓûêΓûêΓûêΓûêΓûêΓûÅ | 3675/4500 [3:16:18<39:50,  2.90s/it]
 82%|ΓûêΓûêΓûêΓûêΓûêΓûêΓûêΓûêΓûÅ | 3676/4500 [3:16:21<41:24,  3.02s/it]
 82%|ΓûêΓûêΓûêΓûêΓûêΓûêΓûêΓûêΓûÅ | 3677/4500 [3:16:24<38:55,  2.84s/it]
 82%|ΓûêΓûêΓûêΓûêΓûêΓûêΓûêΓûêΓûÅ | 3678/4500 [3:16:27<41:58,  3.06s/it]
 82%|ΓûêΓûêΓûêΓûêΓûêΓûêΓûêΓûêΓûÅ | 3679/4500 [3:16:30<41:08,  3.01s/it]
 82%|ΓûêΓûêΓûêΓûêΓûêΓûêΓûêΓûêΓûÅ | 3680/4500 [3:16:38<1:01:52,  4.53s/it]
 82%|ΓûêΓûêΓûêΓûêΓûêΓûêΓûêΓûêΓûÅ | 3681/4500 [3:16:41<53:27,  3.92s/it]  
 82%|ΓûêΓûêΓûêΓûêΓûêΓûêΓûêΓûêΓûÅ | 3682/4500 [3:16:45<52:47,  3.87s/it]
 82%|ΓûêΓûêΓûêΓûêΓûêΓûêΓûêΓûêΓûÅ | 3683/4500 [3:16:47<46:37,  3.42s/it]
 82%|ΓûêΓûêΓûêΓûêΓûêΓûêΓûêΓûêΓûÅ | 3684/4500 [3:16:50<45:13,  3.33s/it]
 82%|ΓûêΓûêΓûêΓûêΓûêΓûêΓûêΓûêΓûÅ | 3685/4500 [3:16:53<44:35,  3.28s/it]
 82%|ΓûêΓûêΓûêΓûêΓûêΓûêΓûêΓûêΓûÅ | 3686/4500 [3:16:57<44:42,  3.30s/it]
 82%|ΓûêΓûêΓûêΓûêΓûêΓûêΓûêΓûêΓûÅ | 3687/4500 [3:16:59<41:19,  3.05s/it]
 82%|ΓûêΓûêΓûêΓûêΓûêΓûêΓûêΓûêΓûÅ | 3688/4500 [3:17:02<41:59,  3.10s/it]
 82%|ΓûêΓûêΓûêΓûêΓûêΓûêΓûêΓûêΓûÅ | 3689/4500 [3:17:05<39:40,  2.94s/it]
 82%|ΓûêΓûêΓûêΓûêΓûêΓûêΓûêΓûêΓûÅ | 3690/4500 [3:17:08<40:36,  3.01s/it]
 82%|ΓûêΓûêΓûêΓûêΓûêΓûêΓûêΓûêΓûÅ | 3691/4500 [3:17:10<38:14,  2.84s/it]
 82%|ΓûêΓûêΓûêΓûêΓûêΓûêΓûêΓûêΓûÅ | 3692/4500 [3:17:14<41:22,  3.07s/it]
 82%|ΓûêΓûêΓûêΓûêΓûêΓûêΓûêΓûêΓûÅ | 3693/4500 [3:17:17<41:40,  3.10s/it]
 82%|ΓûêΓûêΓûêΓûêΓûêΓûêΓûêΓûêΓûÅ | 3694/4500 [3:17:20<41:01,  3.05s/it]
 82%|ΓûêΓûêΓûêΓûêΓûêΓûêΓûêΓûêΓûÅ | 3695/4500 [3:17:23<38:38,  2.88s/it]
 82%|ΓûêΓûêΓûêΓûêΓûêΓûêΓûêΓûêΓûÅ | 3696/4500 [3:17:26<39:39,  2.96s/it]
 82%|ΓûêΓûêΓûêΓûêΓûêΓûêΓûêΓûêΓûÅ | 3697/4500 [3:17:28<37:18,  2.79s/it]
 82%|ΓûêΓûêΓûêΓûêΓûêΓûêΓûêΓûêΓûÅ | 3698/4500 [3:17:31<38:53,  2.91s/it]
 82%|ΓûêΓûêΓûêΓûêΓûêΓûêΓûêΓûêΓûÅ | 3699/4500 [3:17:35<41:04,  3.08s/it]
 82%|ΓûêΓûêΓûêΓûêΓûêΓûêΓûêΓûêΓûÅ | 3700/4500 [3:17:38<41:23,  3.10s/it]
 82%|ΓûêΓûêΓûêΓûêΓûêΓûêΓûêΓûêΓûÅ | 3701/4500 [3:17:41<39:15,  2.95s/it]
 82%|ΓûêΓûêΓûêΓûêΓûêΓûêΓûêΓûêΓûÅ | 3702/4500 [3:17:44<39:46,  2.99s/it]
 82%|ΓûêΓûêΓûêΓûêΓûêΓûêΓûêΓûêΓûÅ | 3703/4500 [3:17:47<40:35,  3.06s/it]
 82%|ΓûêΓûêΓûêΓûêΓûêΓûêΓûêΓûêΓûÅ | 3704/4500 [3:17:50<40:12,  3.03s/it]
 82%|ΓûêΓûêΓûêΓûêΓûêΓûêΓûêΓûêΓûÅ | 3705/4500 [3:17:53<41:00,  3.10s/it]
 82%|ΓûêΓûêΓûêΓûêΓûêΓûêΓûêΓûêΓûÅ | 3706/4500 [3:17:56<41:23,  3.13s/it]
 82%|ΓûêΓûêΓûêΓûêΓûêΓûêΓûêΓûêΓûÅ | 3707/4500 [3:17:59<40:13,  3.04s/it]
 82%|ΓûêΓûêΓûêΓûêΓûêΓûêΓûêΓûêΓûÅ | 3708/4500 [3:18:02<40:01,  3.03s/it]
 82%|ΓûêΓûêΓûêΓûêΓûêΓûêΓûêΓûêΓûÅ | 3709/4500 [3:18:05<37:43,  2.86s/it]
 82%|ΓûêΓûêΓûêΓûêΓûêΓûêΓûêΓûêΓûÅ | 3710/4500 [3:18:08<41:15,  3.13s/it]
 82%|ΓûêΓûêΓûêΓûêΓûêΓûêΓûêΓûêΓûÅ | 3711/4500 [3:18:12<41:07,  3.13s/it]
 82%|ΓûêΓûêΓûêΓûêΓûêΓûêΓûêΓûêΓûÅ | 3712/4500 [3:18:15<40:33,  3.09s/it]
 83%|ΓûêΓûêΓûêΓûêΓûêΓûêΓûêΓûêΓûÄ | 3714/4500 [3:18:18<32:25,  2.48s/it]
 83%|ΓûêΓûêΓûêΓûêΓûêΓûêΓûêΓûêΓûÄ | 3715/4500 [3:18:21<34:04,  2.60s/it]
 83%|ΓûêΓûêΓûêΓûêΓûêΓûêΓûêΓûêΓûÄ | 3716/4500 [3:18:24<35:01,  2.68s/it]
 83%|ΓûêΓûêΓûêΓûêΓûêΓûêΓûêΓûêΓûÄ | 3717/4500 [3:18:31<50:54,  3.90s/it]
 83%|ΓûêΓûêΓûêΓûêΓûêΓûêΓûêΓûêΓûÄ | 3718/4500 [3:18:34<45:38,  3.50s/it]
 83%|ΓûêΓûêΓûêΓûêΓûêΓûêΓûêΓûêΓûÄ | 3719/4500 [3:18:36<43:17,  3.33s/it]
 83%|ΓûêΓûêΓûêΓûêΓûêΓûêΓûêΓûêΓûÄ | 3720/4500 [3:18:44<59:05,  4.55s/it]
 83%|ΓûêΓûêΓûêΓûêΓûêΓûêΓûêΓûêΓûÄ | 3721/4500 [3:18:48<55:16,  4.26s/it]
 83%|ΓûêΓûêΓûêΓûêΓûêΓûêΓûêΓûêΓûÄ | 3722/4500 [3:18:50<48:52,  3.77s/it]
 83%|ΓûêΓûêΓûêΓûêΓûêΓûêΓûêΓûêΓûÄ | 3723/4500 [3:18:53<46:42,  3.61s/it]
 83%|ΓûêΓûêΓûêΓûêΓûêΓûêΓûêΓûêΓûÄ | 3724/4500 [3:18:56<42:38,  3.30s/it]
 83%|ΓûêΓûêΓûêΓûêΓûêΓûêΓûêΓûêΓûÄ | 3725/4500 [3:18:59<42:53,  3.32s/it]
 83%|ΓûêΓûêΓûêΓûêΓûêΓûêΓûêΓûêΓûÄ | 3726/4500 [3:19:02<41:30,  3.22s/it]
 83%|ΓûêΓûêΓûêΓûêΓûêΓûêΓûêΓûêΓûÄ | 3727/4500 [3:19:06<41:39,  3.23s/it]
 83%|ΓûêΓûêΓûêΓûêΓûêΓûêΓûêΓûêΓûÄ | 3728/4500 [3:19:08<39:33,  3.07s/it]
 83%|ΓûêΓûêΓûêΓûêΓûêΓûêΓûêΓûêΓûÄ | 3729/4500 [3:19:12<42:54,  3.34s/it]
 83%|ΓûêΓûêΓûêΓûêΓûêΓûêΓûêΓûêΓûÄ | 3730/4500 [3:19:15<38:58,  3.04s/it]
 83%|ΓûêΓûêΓûêΓûêΓûêΓûêΓûêΓûêΓûÄ | 3731/4500 [3:19:18<40:10,  3.13s/it]
 83%|ΓûêΓûêΓûêΓûêΓûêΓûêΓûêΓûêΓûÄ | 3732/4500 [3:19:21<39:32,  3.09s/it]
 83%|ΓûêΓûêΓûêΓûêΓûêΓûêΓûêΓûêΓûÄ | 3733/4500 [3:19:25<42:36,  3.33s/it]
 83%|ΓûêΓûêΓûêΓûêΓûêΓûêΓûêΓûêΓûÄ | 3734/4500 [3:19:27<39:10,  3.07s/it]
 83%|ΓûêΓûêΓûêΓûêΓûêΓûêΓûêΓûêΓûÄ | 3735/4500 [3:19:30<38:50,  3.05s/it]
 83%|ΓûêΓûêΓûêΓûêΓûêΓûêΓûêΓûêΓûÄ | 3736/4500 [3:19:34<40:59,  3.22s/it]
 83%|ΓûêΓûêΓûêΓûêΓûêΓûêΓûêΓûêΓûÄ | 3737/4500 [3:19:37<40:15,  3.17s/it]
 83%|ΓûêΓûêΓûêΓûêΓûêΓûêΓûêΓûêΓûÄ | 3738/4500 [3:19:40<41:15,  3.25s/it]
 83%|ΓûêΓûêΓûêΓûêΓûêΓûêΓûêΓûêΓûÄ | 3739/4500 [3:19:43<40:47,  3.22s/it]
 83%|ΓûêΓûêΓûêΓûêΓûêΓûêΓûêΓûêΓûÄ | 3740/4500 [3:19:46<37:33,  2.96s/it]
 83%|ΓûêΓûêΓûêΓûêΓûêΓûêΓûêΓûêΓûÄ | 3741/4500 [3:19:49<38:29,  3.04s/it]
 83%|ΓûêΓûêΓûêΓûêΓûêΓûêΓûêΓûêΓûÄ | 3742/4500 [3:19:52<38:15,  3.03s/it]
 83%|ΓûêΓûêΓûêΓûêΓûêΓûêΓûêΓûêΓûÄ | 3743/4500 [3:19:55<39:29,  3.13s/it]
 83%|ΓûêΓûêΓûêΓûêΓûêΓûêΓûêΓûêΓûÄ | 3744/4500 [3:19:58<38:55,  3.09s/it]
 83%|ΓûêΓûêΓûêΓûêΓûêΓûêΓûêΓûêΓûÄ | 3745/4500 [3:20:02<41:00,  3.26s/it]
 83%|ΓûêΓûêΓûêΓûêΓûêΓûêΓûêΓûêΓûÄ | 3746/4500 [3:20:04<37:32,  2.99s/it]
 83%|ΓûêΓûêΓûêΓûêΓûêΓûêΓûêΓûêΓûÄ | 3747/4500 [3:20:11<50:36,  4.03s/it]
 83%|ΓûêΓûêΓûêΓûêΓûêΓûêΓûêΓûêΓûÄ | 3748/4500 [3:20:14<46:50,  3.74s/it]
 83%|ΓûêΓûêΓûêΓûêΓûêΓûêΓûêΓûêΓûÄ | 3749/4500 [3:20:17<44:39,  3.57s/it]
 83%|ΓûêΓûêΓûêΓûêΓûêΓûêΓûêΓûêΓûÄ | 3750/4500 [3:20:20<40:41,  3.26s/it]
 83%|ΓûêΓûêΓûêΓûêΓûêΓûêΓûêΓûêΓûÄ | 3751/4500 [3:20:23<40:14,  3.22s/it]
 83%|ΓûêΓûêΓûêΓûêΓûêΓûêΓûêΓûêΓûÄ | 3752/4500 [3:20:25<37:04,  2.97s/it]
 83%|ΓûêΓûêΓûêΓûêΓûêΓûêΓûêΓûêΓûÄ | 3753/4500 [3:20:29<38:48,  3.12s/it]
 83%|ΓûêΓûêΓûêΓûêΓûêΓûêΓûêΓûêΓûÄ | 3754/4500 [3:20:31<36:59,  2.98s/it]
 83%|ΓûêΓûêΓûêΓûêΓûêΓûêΓûêΓûêΓûÄ | 3755/4500 [3:20:34<36:33,  2.94s/it]
 83%|ΓûêΓûêΓûêΓûêΓûêΓûêΓûêΓûêΓûÄ | 3756/4500 [3:20:38<38:10,  3.08s/it]
 83%|ΓûêΓûêΓûêΓûêΓûêΓûêΓûêΓûêΓûÄ | 3757/4500 [3:20:41<37:53,  3.06s/it]
 84%|ΓûêΓûêΓûêΓûêΓûêΓûêΓûêΓûêΓûÄ | 3758/4500 [3:20:45<41:44,  3.38s/it]
 84%|ΓûêΓûêΓûêΓûêΓûêΓûêΓûêΓûêΓûÄ | 3759/4500 [3:20:48<42:02,  3.40s/it]
 84%|ΓûêΓûêΓûêΓûêΓûêΓûêΓûêΓûêΓûÄ | 3760/4500 [3:20:51<40:31,  3.29s/it]
 84%|ΓûêΓûêΓûêΓûêΓûêΓûêΓûêΓûêΓûÄ | 3762/4500 [3:20:54<30:07,  2.45s/it]
 84%|ΓûêΓûêΓûêΓûêΓûêΓûêΓûêΓûêΓûÄ | 3763/4500 [3:20:56<29:38,  2.41s/it]
 84%|ΓûêΓûêΓûêΓûêΓûêΓûêΓûêΓûêΓûÄ | 3764/4500 [3:21:00<33:29,  2.73s/it]
 84%|ΓûêΓûêΓûêΓûêΓûêΓûêΓûêΓûêΓûÄ | 3765/4500 [3:21:02<32:01,  2.61s/it]
 84%|ΓûêΓûêΓûêΓûêΓûêΓûêΓûêΓûêΓûÄ | 3766/4500 [3:21:06<35:27,  2.90s/it]
 84%|ΓûêΓûêΓûêΓûêΓûêΓûêΓûêΓûêΓûÄ | 3767/4500 [3:21:08<33:41,  2.76s/it]
 84%|ΓûêΓûêΓûêΓûêΓûêΓûêΓûêΓûêΓûÄ | 3768/4500 [3:21:12<34:57,  2.87s/it]
 84%|ΓûêΓûêΓûêΓûêΓûêΓûêΓûêΓûêΓûì | 3769/4500 [3:21:14<33:58,  2.79s/it]
 84%|ΓûêΓûêΓûêΓûêΓûêΓûêΓûêΓûêΓûì | 3770/4500 [3:21:18<36:14,  2.98s/it]
 84%|ΓûêΓûêΓûêΓûêΓûêΓûêΓûêΓûêΓûì | 3771/4500 [3:21:20<34:24,  2.83s/it]
 84%|ΓûêΓûêΓûêΓûêΓûêΓûêΓûêΓûêΓûì | 3772/4500 [3:21:24<37:40,  3.10s/it]
 84%|ΓûêΓûêΓûêΓûêΓûêΓûêΓûêΓûêΓûì | 3773/4500 [3:21:26<36:05,  2.98s/it]
 84%|ΓûêΓûêΓûêΓûêΓûêΓûêΓûêΓûêΓûì | 3774/4500 [3:21:30<36:54,  3.05s/it]
 84%|ΓûêΓûêΓûêΓûêΓûêΓûêΓûêΓûêΓûì | 3775/4500 [3:21:32<34:52,  2.89s/it]
 84%|ΓûêΓûêΓûêΓûêΓûêΓûêΓûêΓûêΓûì | 3776/4500 [3:21:35<35:20,  2.93s/it]
 84%|ΓûêΓûêΓûêΓûêΓûêΓûêΓûêΓûêΓûì | 3777/4500 [3:21:38<34:30,  2.86s/it]
 84%|ΓûêΓûêΓûêΓûêΓûêΓûêΓûêΓûêΓûì | 3778/4500 [3:21:41<35:46,  2.97s/it]
 84%|ΓûêΓûêΓûêΓûêΓûêΓûêΓûêΓûêΓûì | 3779/4500 [3:21:44<34:11,  2.85s/it]
 84%|ΓûêΓûêΓûêΓûêΓûêΓûêΓûêΓûêΓûì | 3780/4500 [3:21:47<35:46,  2.98s/it]
 84%|ΓûêΓûêΓûêΓûêΓûêΓûêΓûêΓûêΓûì | 3781/4500 [3:21:49<33:33,  2.80s/it]
 84%|ΓûêΓûêΓûêΓûêΓûêΓûêΓûêΓûêΓûì | 3782/4500 [3:21:53<35:48,  2.99s/it]
 84%|ΓûêΓûêΓûêΓûêΓûêΓûêΓûêΓûêΓûì | 3783/4500 [3:21:55<34:16,  2.87s/it]
 84%|ΓûêΓûêΓûêΓûêΓûêΓûêΓûêΓûêΓûì | 3784/4500 [3:21:59<36:50,  3.09s/it]
 84%|ΓûêΓûêΓûêΓûêΓûêΓûêΓûêΓûêΓûì | 3785/4500 [3:22:02<35:38,  2.99s/it]
 84%|ΓûêΓûêΓûêΓûêΓûêΓûêΓûêΓûêΓûì | 3786/4500 [3:22:05<36:28,  3.06s/it]
 84%|ΓûêΓûêΓûêΓûêΓûêΓûêΓûêΓûêΓûì | 3787/4500 [3:22:07<34:17,  2.89s/it]
 84%|ΓûêΓûêΓûêΓûêΓûêΓûêΓûêΓûêΓûì | 3788/4500 [3:22:11<36:59,  3.12s/it]
 84%|ΓûêΓûêΓûêΓûêΓûêΓûêΓûêΓûêΓûì | 3789/4500 [3:22:14<34:46,  2.94s/it]
 84%|ΓûêΓûêΓûêΓûêΓûêΓûêΓûêΓûêΓûì | 3790/4500 [3:22:17<34:44,  2.94s/it]
 84%|ΓûêΓûêΓûêΓûêΓûêΓûêΓûêΓûêΓûì | 3791/4500 [3:22:19<32:56,  2.79s/it]
 84%|ΓûêΓûêΓûêΓûêΓûêΓûêΓûêΓûêΓûì | 3792/4500 [3:22:23<35:20,  3.00s/it]
 84%|ΓûêΓûêΓûêΓûêΓûêΓûêΓûêΓûêΓûì | 3793/4500 [3:22:26<35:26,  3.01s/it]
 84%|ΓûêΓûêΓûêΓûêΓûêΓûêΓûêΓûêΓûì | 3794/4500 [3:22:31<44:45,  3.80s/it]
 84%|ΓûêΓûêΓûêΓûêΓûêΓûêΓûêΓûêΓûì | 3795/4500 [3:22:35<43:24,  3.69s/it]
 84%|ΓûêΓûêΓûêΓûêΓûêΓûêΓûêΓûêΓûì | 3796/4500 [3:22:38<42:50,  3.65s/it]
 84%|ΓûêΓûêΓûêΓûêΓûêΓûêΓûêΓûêΓûì | 3797/4500 [3:22:41<40:15,  3.44s/it]
 84%|ΓûêΓûêΓûêΓûêΓûêΓûêΓûêΓûêΓûì | 3798/4500 [3:22:44<39:03,  3.34s/it]
 84%|ΓûêΓûêΓûêΓûêΓûêΓûêΓûêΓûêΓûì | 3799/4500 [3:22:50<45:52,  3.93s/it]
 84%|ΓûêΓûêΓûêΓûêΓûêΓûêΓûêΓûêΓûì | 3800/4500 [3:22:53<42:46,  3.67s/it]
 84%|ΓûêΓûêΓûêΓûêΓûêΓûêΓûêΓûêΓûì | 3801/4500 [3:22:58<49:28,  4.25s/it]
 84%|ΓûêΓûêΓûêΓûêΓûêΓûêΓûêΓûêΓûì | 3802/4500 [3:23:02<46:37,  4.01s/it]
 85%|ΓûêΓûêΓûêΓûêΓûêΓûêΓûêΓûêΓûì | 3803/4500 [3:23:04<41:48,  3.60s/it]
 85%|ΓûêΓûêΓûêΓûêΓûêΓûêΓûêΓûêΓûì | 3804/4500 [3:23:07<40:01,  3.45s/it]
 85%|ΓûêΓûêΓûêΓûêΓûêΓûêΓûêΓûêΓûì | 3805/4500 [3:23:10<36:40,  3.17s/it]
 85%|ΓûêΓûêΓûêΓûêΓûêΓûêΓûêΓûêΓûì | 3807/4500 [3:23:13<28:12,  2.44s/it]
 85%|ΓûêΓûêΓûêΓûêΓûêΓûêΓûêΓûêΓûì | 3808/4500 [3:23:15<28:01,  2.43s/it]
 85%|ΓûêΓûêΓûêΓûêΓûêΓûêΓûêΓûêΓûì | 3809/4500 [3:23:19<31:29,  2.73s/it]
 85%|ΓûêΓûêΓûêΓûêΓûêΓûêΓûêΓûêΓûì | 3810/4500 [3:23:21<30:10,  2.62s/it]
 85%|ΓûêΓûêΓûêΓûêΓûêΓûêΓûêΓûêΓûì | 3811/4500 [3:23:24<31:21,  2.73s/it]
 85%|ΓûêΓûêΓûêΓûêΓûêΓûêΓûêΓûêΓûì | 3812/4500 [3:23:27<30:33,  2.66s/it]
 85%|ΓûêΓûêΓûêΓûêΓûêΓûêΓûêΓûêΓûì | 3813/4500 [3:23:30<31:33,  2.76s/it]
 85%|ΓûêΓûêΓûêΓûêΓûêΓûêΓûêΓûêΓûì | 3814/4500 [3:23:33<31:12,  2.73s/it]
 85%|ΓûêΓûêΓûêΓûêΓûêΓûêΓûêΓûêΓûì | 3815/4500 [3:23:36<34:36,  3.03s/it]
 85%|ΓûêΓûêΓûêΓûêΓûêΓûêΓûêΓûêΓûì | 3816/4500 [3:23:39<32:47,  2.88s/it]
 85%|ΓûêΓûêΓûêΓûêΓûêΓûêΓûêΓûêΓûì | 3817/4500 [3:23:42<32:53,  2.89s/it]
 85%|ΓûêΓûêΓûêΓûêΓûêΓûêΓûêΓûêΓûì | 3818/4500 [3:23:44<31:52,  2.80s/it]
 85%|ΓûêΓûêΓûêΓûêΓûêΓûêΓûêΓûêΓûì | 3819/4500 [3:23:49<36:28,  3.21s/it]
 85%|ΓûêΓûêΓûêΓûêΓûêΓûêΓûêΓûêΓûì | 3820/4500 [3:23:51<34:28,  3.04s/it]
 85%|ΓûêΓûêΓûêΓûêΓûêΓûêΓûêΓûêΓûì | 3821/4500 [3:23:54<34:47,  3.07s/it]
 85%|ΓûêΓûêΓûêΓûêΓûêΓûêΓûêΓûêΓûì | 3822/4500 [3:23:57<32:50,  2.91s/it]
 85%|ΓûêΓûêΓûêΓûêΓûêΓûêΓûêΓûêΓûì | 3823/4500 [3:24:00<33:47,  3.00s/it]
 85%|ΓûêΓûêΓûêΓûêΓûêΓûêΓûêΓûêΓûì | 3824/4500 [3:24:03<32:00,  2.84s/it]
 85%|ΓûêΓûêΓûêΓûêΓûêΓûêΓûêΓûêΓûî | 3825/4500 [3:24:06<32:37,  2.90s/it]
 85%|ΓûêΓûêΓûêΓûêΓûêΓûêΓûêΓûêΓûî | 3826/4500 [3:24:08<30:44,  2.74s/it]
 85%|ΓûêΓûêΓûêΓûêΓûêΓûêΓûêΓûêΓûî | 3827/4500 [3:24:11<32:11,  2.87s/it]
 85%|ΓûêΓûêΓûêΓûêΓûêΓûêΓûêΓûêΓûî | 3828/4500 [3:24:14<31:09,  2.78s/it]
 85%|ΓûêΓûêΓûêΓûêΓûêΓûêΓûêΓûêΓûî | 3829/4500 [3:24:20<42:31,  3.80s/it]
 85%|ΓûêΓûêΓûêΓûêΓûêΓûêΓûêΓûêΓûî | 3830/4500 [3:24:22<38:02,  3.41s/it]
 85%|ΓûêΓûêΓûêΓûêΓûêΓûêΓûêΓûêΓûî | 3831/4500 [3:24:26<37:21,  3.35s/it]
 85%|ΓûêΓûêΓûêΓûêΓûêΓûêΓûêΓûêΓûî | 3832/4500 [3:24:37<1:05:22,  5.87s/it]
 85%|ΓûêΓûêΓûêΓûêΓûêΓûêΓûêΓûêΓûî | 3833/4500 [3:24:42<1:02:44,  5.64s/it]
 85%|ΓûêΓûêΓûêΓûêΓûêΓûêΓûêΓûêΓûî | 3834/4500 [3:24:46<54:07,  4.88s/it]  
 85%|ΓûêΓûêΓûêΓûêΓûêΓûêΓûêΓûêΓûî | 3835/4500 [3:24:48<46:39,  4.21s/it]
 85%|ΓûêΓûêΓûêΓûêΓûêΓûêΓûêΓûêΓûî | 3836/4500 [3:24:51<43:14,  3.91s/it]
 85%|ΓûêΓûêΓûêΓûêΓûêΓûêΓûêΓûêΓûî | 3837/4500 [3:24:54<39:01,  3.53s/it]
 85%|ΓûêΓûêΓûêΓûêΓûêΓûêΓûêΓûêΓûî | 3838/4500 [3:24:57<37:04,  3.36s/it]
 85%|ΓûêΓûêΓûêΓûêΓûêΓûêΓûêΓûêΓûî | 3839/4500 [3:24:59<34:05,  3.10s/it]
 85%|ΓûêΓûêΓûêΓûêΓûêΓûêΓûêΓûêΓûî | 3840/4500 [3:25:05<42:56,  3.90s/it]
 85%|ΓûêΓûêΓûêΓûêΓûêΓûêΓûêΓûêΓûî | 3841/4500 [3:25:08<37:42,  3.43s/it]
 85%|ΓûêΓûêΓûêΓûêΓûêΓûêΓûêΓûêΓûî | 3842/4500 [3:25:11<36:54,  3.37s/it]
 85%|ΓûêΓûêΓûêΓûêΓûêΓûêΓûêΓûêΓûî | 3843/4500 [3:25:13<33:31,  3.06s/it]
 85%|ΓûêΓûêΓûêΓûêΓûêΓûêΓûêΓûêΓûî | 3844/4500 [3:25:16<34:07,  3.12s/it]
 85%|ΓûêΓûêΓûêΓûêΓûêΓûêΓûêΓûêΓûî | 3845/4500 [3:25:19<31:33,  2.89s/it]
 85%|ΓûêΓûêΓûêΓûêΓûêΓûêΓûêΓûêΓûî | 3846/4500 [3:25:22<32:41,  3.00s/it]
 85%|ΓûêΓûêΓûêΓûêΓûêΓûêΓûêΓûêΓûî | 3847/4500 [3:25:25<31:04,  2.86s/it]
 86%|ΓûêΓûêΓûêΓûêΓûêΓûêΓûêΓûêΓûî | 3848/4500 [3:25:28<32:19,  2.97s/it]
 86%|ΓûêΓûêΓûêΓûêΓûêΓûêΓûêΓûêΓûî | 3849/4500 [3:25:30<31:26,  2.90s/it]
 86%|ΓûêΓûêΓûêΓûêΓûêΓûêΓûêΓûêΓûî | 3850/4500 [3:25:34<34:01,  3.14s/it]
 86%|ΓûêΓûêΓûêΓûêΓûêΓûêΓûêΓûêΓûî | 3851/4500 [3:25:37<31:33,  2.92s/it]
 86%|ΓûêΓûêΓûêΓûêΓûêΓûêΓûêΓûêΓûî | 3852/4500 [3:25:43<41:51,  3.88s/it]
 86%|ΓûêΓûêΓûêΓûêΓûêΓûêΓûêΓûêΓûî | 3853/4500 [3:25:46<38:54,  3.61s/it]
 86%|ΓûêΓûêΓûêΓûêΓûêΓûêΓûêΓûêΓûî | 3854/4500 [3:25:55<57:26,  5.34s/it]
 86%|ΓûêΓûêΓûêΓûêΓûêΓûêΓûêΓûêΓûî | 3855/4500 [3:25:58<48:59,  4.56s/it]
 86%|ΓûêΓûêΓûêΓûêΓûêΓûêΓûêΓûêΓûî | 3856/4500 [3:26:01<44:36,  4.16s/it]
 86%|ΓûêΓûêΓûêΓûêΓûêΓûêΓûêΓûêΓûî | 3858/4500 [3:26:03<30:00,  2.80s/it]
 86%|ΓûêΓûêΓûêΓûêΓûêΓûêΓûêΓûêΓûî | 3859/4500 [3:26:06<30:11,  2.83s/it]
 86%|ΓûêΓûêΓûêΓûêΓûêΓûêΓûêΓûêΓûî | 3860/4500 [3:26:09<28:45,  2.70s/it]
 86%|ΓûêΓûêΓûêΓûêΓûêΓûêΓûêΓûêΓûî | 3861/4500 [3:26:12<30:29,  2.86s/it]
 86%|ΓûêΓûêΓûêΓûêΓûêΓûêΓûêΓûêΓûî | 3862/4500 [3:26:15<29:51,  2.81s/it]
 86%|ΓûêΓûêΓûêΓûêΓûêΓûêΓûêΓûêΓûî | 3863/4500 [3:26:18<30:34,  2.88s/it]
 86%|ΓûêΓûêΓûêΓûêΓûêΓûêΓûêΓûêΓûî | 3864/4500 [3:26:20<29:35,  2.79s/it]
 86%|ΓûêΓûêΓûêΓûêΓûêΓûêΓûêΓûêΓûî | 3865/4500 [3:26:23<30:32,  2.89s/it]
 86%|ΓûêΓûêΓûêΓûêΓûêΓûêΓûêΓûêΓûî | 3866/4500 [3:26:26<29:26,  2.79s/it]
 86%|ΓûêΓûêΓûêΓûêΓûêΓûêΓûêΓûêΓûî | 3867/4500 [3:26:30<33:15,  3.15s/it]
 86%|ΓûêΓûêΓûêΓûêΓûêΓûêΓûêΓûêΓûî | 3868/4500 [3:26:32<30:53,  2.93s/it]
 86%|ΓûêΓûêΓûêΓûêΓûêΓûêΓûêΓûêΓûî | 3869/4500 [3:26:37<34:30,  3.28s/it]
 86%|ΓûêΓûêΓûêΓûêΓûêΓûêΓûêΓûêΓûî | 3870/4500 [3:26:39<31:32,  3.00s/it]
 86%|ΓûêΓûêΓûêΓûêΓûêΓûêΓûêΓûêΓûî | 3871/4500 [3:26:42<31:22,  2.99s/it]
 86%|ΓûêΓûêΓûêΓûêΓûêΓûêΓûêΓûêΓûî | 3872/4500 [3:26:45<31:09,  2.98s/it]
 86%|ΓûêΓûêΓûêΓûêΓûêΓûêΓûêΓûêΓûî | 3873/4500 [3:26:48<32:06,  3.07s/it]
 86%|ΓûêΓûêΓûêΓûêΓûêΓûêΓûêΓûêΓûî | 3874/4500 [3:26:50<29:50,  2.86s/it]
 86%|ΓûêΓûêΓûêΓûêΓûêΓûêΓûêΓûêΓûî | 3875/4500 [3:26:54<32:46,  3.15s/it]
 86%|ΓûêΓûêΓûêΓûêΓûêΓûêΓûêΓûêΓûî | 3876/4500 [3:26:57<31:59,  3.08s/it]
 86%|ΓûêΓûêΓûêΓûêΓûêΓûêΓûêΓûêΓûî | 3877/4500 [3:27:00<31:40,  3.05s/it]
 86%|ΓûêΓûêΓûêΓûêΓûêΓûêΓûêΓûêΓûî | 3878/4500 [3:27:02<29:24,  2.84s/it]
 86%|ΓûêΓûêΓûêΓûêΓûêΓûêΓûêΓûêΓûî | 3879/4500 [3:27:07<33:35,  3.25s/it]
 86%|ΓûêΓûêΓûêΓûêΓûêΓûêΓûêΓûêΓûî | 3880/4500 [3:27:10<32:36,  3.16s/it]
 86%|ΓûêΓûêΓûêΓûêΓûêΓûêΓûêΓûêΓûî | 3881/4500 [3:27:13<32:51,  3.19s/it]
 86%|ΓûêΓûêΓûêΓûêΓûêΓûêΓûêΓûêΓûï | 3882/4500 [3:27:16<32:49,  3.19s/it]
 86%|ΓûêΓûêΓûêΓûêΓûêΓûêΓûêΓûêΓûï | 3883/4500 [3:27:19<32:49,  3.19s/it]
 86%|ΓûêΓûêΓûêΓûêΓûêΓûêΓûêΓûêΓûï | 3884/4500 [3:27:22<30:23,  2.96s/it]
 86%|ΓûêΓûêΓûêΓûêΓûêΓûêΓûêΓûêΓûï | 3885/4500 [3:27:25<32:06,  3.13s/it]
 86%|ΓûêΓûêΓûêΓûêΓûêΓûêΓûêΓûêΓûï | 3886/4500 [3:27:28<31:34,  3.08s/it]
 86%|ΓûêΓûêΓûêΓûêΓûêΓûêΓûêΓûêΓûï | 3887/4500 [3:27:32<32:24,  3.17s/it]
 86%|ΓûêΓûêΓûêΓûêΓûêΓûêΓûêΓûêΓûï | 3888/4500 [3:27:35<31:43,  3.11s/it]
 86%|ΓûêΓûêΓûêΓûêΓûêΓûêΓûêΓûêΓûï | 3889/4500 [3:27:38<31:54,  3.13s/it]
 86%|ΓûêΓûêΓûêΓûêΓûêΓûêΓûêΓûêΓûï | 3890/4500 [3:27:40<30:13,  2.97s/it]
 86%|ΓûêΓûêΓûêΓûêΓûêΓûêΓûêΓûêΓûï | 3891/4500 [3:27:44<32:04,  3.16s/it]
 86%|ΓûêΓûêΓûêΓûêΓûêΓûêΓûêΓûêΓûï | 3892/4500 [3:27:47<30:15,  2.99s/it]
 87%|ΓûêΓûêΓûêΓûêΓûêΓûêΓûêΓûêΓûï | 3893/4500 [3:27:53<40:29,  4.00s/it]
 87%|ΓûêΓûêΓûêΓûêΓûêΓûêΓûêΓûêΓûï | 3894/4500 [3:27:58<43:53,  4.35s/it]
 87%|ΓûêΓûêΓûêΓûêΓûêΓûêΓûêΓûêΓûï | 3895/4500 [3:28:03<45:16,  4.49s/it]
 87%|ΓûêΓûêΓûêΓûêΓûêΓûêΓûêΓûêΓûï | 3896/4500 [3:28:05<39:34,  3.93s/it]
 87%|ΓûêΓûêΓûêΓûêΓûêΓûêΓûêΓûêΓûï | 3897/4500 [3:28:12<47:23,  4.72s/it]
 87%|ΓûêΓûêΓûêΓûêΓûêΓûêΓûêΓûêΓûï | 3898/4500 [3:28:14<40:12,  4.01s/it]
 87%|ΓûêΓûêΓûêΓûêΓûêΓûêΓûêΓûêΓûï | 3899/4500 [3:28:18<38:27,  3.84s/it]
 87%|ΓûêΓûêΓûêΓûêΓûêΓûêΓûêΓûêΓûï | 3900/4500 [3:28:20<34:43,  3.47s/it]
 87%|ΓûêΓûêΓûêΓûêΓûêΓûêΓûêΓûêΓûï | 3901/4500 [3:28:23<33:12,  3.33s/it]
 87%|ΓûêΓûêΓûêΓûêΓûêΓûêΓûêΓûêΓûï | 3902/4500 [3:28:30<43:04,  4.32s/it]
 87%|ΓûêΓûêΓûêΓûêΓûêΓûêΓûêΓûêΓûï | 3903/4500 [3:28:33<39:25,  3.96s/it]
 87%|ΓûêΓûêΓûêΓûêΓûêΓûêΓûêΓûêΓûï | 3904/4500 [3:28:36<35:05,  3.53s/it]
 87%|ΓûêΓûêΓûêΓûêΓûêΓûêΓûêΓûêΓûï | 3905/4500 [3:28:39<34:10,  3.45s/it]
 87%|ΓûêΓûêΓûêΓûêΓûêΓûêΓûêΓûêΓûï | 3906/4500 [3:28:41<31:10,  3.15s/it]
 87%|ΓûêΓûêΓûêΓûêΓûêΓûêΓûêΓûêΓûï | 3907/4500 [3:28:45<31:18,  3.17s/it]
 87%|ΓûêΓûêΓûêΓûêΓûêΓûêΓûêΓûêΓûï | 3908/4500 [3:28:47<29:06,  2.95s/it]
 87%|ΓûêΓûêΓûêΓûêΓûêΓûêΓûêΓûêΓûï | 3909/4500 [3:28:50<29:55,  3.04s/it]
 87%|ΓûêΓûêΓûêΓûêΓûêΓûêΓûêΓûêΓûï | 3910/4500 [3:28:53<29:28,  3.00s/it]
 87%|ΓûêΓûêΓûêΓûêΓûêΓûêΓûêΓûêΓûï | 3911/4500 [3:28:56<29:20,  2.99s/it]
 87%|ΓûêΓûêΓûêΓûêΓûêΓûêΓûêΓûêΓûï | 3912/4500 [3:28:59<29:48,  3.04s/it]
 87%|ΓûêΓûêΓûêΓûêΓûêΓûêΓûêΓûêΓûï | 3913/4500 [3:29:02<29:32,  3.02s/it]
 87%|ΓûêΓûêΓûêΓûêΓûêΓûêΓûêΓûêΓûï | 3914/4500 [3:29:05<27:48,  2.85s/it]
 87%|ΓûêΓûêΓûêΓûêΓûêΓûêΓûêΓûêΓûï | 3915/4500 [3:29:10<35:47,  3.67s/it]
 87%|ΓûêΓûêΓûêΓûêΓûêΓûêΓûêΓûêΓûï | 3916/4500 [3:29:13<33:47,  3.47s/it]
 87%|ΓûêΓûêΓûêΓûêΓûêΓûêΓûêΓûêΓûï | 3917/4500 [3:29:17<34:08,  3.51s/it]
 87%|ΓûêΓûêΓûêΓûêΓûêΓûêΓûêΓûêΓûï | 3918/4500 [3:29:19<31:00,  3.20s/it]
 87%|ΓûêΓûêΓûêΓûêΓûêΓûêΓûêΓûêΓûï | 3919/4500 [3:29:23<31:56,  3.30s/it]
 87%|ΓûêΓûêΓûêΓûêΓûêΓûêΓûêΓûêΓûï | 3920/4500 [3:29:26<29:49,  3.09s/it]
 87%|ΓûêΓûêΓûêΓûêΓûêΓûêΓûêΓûêΓûï | 3921/4500 [3:29:29<30:11,  3.13s/it]
 87%|ΓûêΓûêΓûêΓûêΓûêΓûêΓûêΓûêΓûï | 3922/4500 [3:29:32<29:10,  3.03s/it]
 87%|ΓûêΓûêΓûêΓûêΓûêΓûêΓûêΓûêΓûï | 3923/4500 [3:29:35<29:48,  3.10s/it]
 87%|ΓûêΓûêΓûêΓûêΓûêΓûêΓûêΓûêΓûï | 3924/4500 [3:29:37<28:14,  2.94s/it]
 87%|ΓûêΓûêΓûêΓûêΓûêΓûêΓûêΓûêΓûï | 3926/4500 [3:29:41<22:18,  2.33s/it]
 87%|ΓûêΓûêΓûêΓûêΓûêΓûêΓûêΓûêΓûï | 3927/4500 [3:29:43<23:02,  2.41s/it]
 87%|ΓûêΓûêΓûêΓûêΓûêΓûêΓûêΓûêΓûï | 3928/4500 [3:29:47<26:16,  2.76s/it]
 87%|ΓûêΓûêΓûêΓûêΓûêΓûêΓûêΓûêΓûï | 3929/4500 [3:29:49<25:13,  2.65s/it]
 87%|ΓûêΓûêΓûêΓûêΓûêΓûêΓûêΓûêΓûï | 3930/4500 [3:29:53<27:29,  2.89s/it]
 87%|ΓûêΓûêΓûêΓûêΓûêΓûêΓûêΓûêΓûï | 3931/4500 [3:29:55<26:21,  2.78s/it]
 87%|ΓûêΓûêΓûêΓûêΓûêΓûêΓûêΓûêΓûï | 3932/4500 [3:29:58<27:02,  2.86s/it]
 87%|ΓûêΓûêΓûêΓûêΓûêΓûêΓûêΓûêΓûï | 3933/4500 [3:30:02<27:52,  2.95s/it]
 87%|ΓûêΓûêΓûêΓûêΓûêΓûêΓûêΓûêΓûï | 3934/4500 [3:30:05<29:31,  3.13s/it]
 87%|ΓûêΓûêΓûêΓûêΓûêΓûêΓûêΓûêΓûï | 3935/4500 [3:30:08<28:08,  2.99s/it]
 87%|ΓûêΓûêΓûêΓûêΓûêΓûêΓûêΓûêΓûï | 3936/4500 [3:30:12<29:57,  3.19s/it]
 87%|ΓûêΓûêΓûêΓûêΓûêΓûêΓûêΓûêΓûï | 3937/4500 [3:30:14<28:25,  3.03s/it]
 88%|ΓûêΓûêΓûêΓûêΓûêΓûêΓûêΓûêΓûè | 3938/4500 [3:30:18<29:26,  3.14s/it]
 88%|ΓûêΓûêΓûêΓûêΓûêΓûêΓûêΓûêΓûè | 3939/4500 [3:30:20<27:35,  2.95s/it]
 88%|ΓûêΓûêΓûêΓûêΓûêΓûêΓûêΓûêΓûè | 3940/4500 [3:30:23<28:06,  3.01s/it]
 88%|ΓûêΓûêΓûêΓûêΓûêΓûêΓûêΓûêΓûè | 3941/4500 [3:30:26<27:39,  2.97s/it]
 88%|ΓûêΓûêΓûêΓûêΓûêΓûêΓûêΓûêΓûè | 3942/4500 [3:30:29<27:13,  2.93s/it]
 88%|ΓûêΓûêΓûêΓûêΓûêΓûêΓûêΓûêΓûè | 3943/4500 [3:30:31<25:37,  2.76s/it]
 88%|ΓûêΓûêΓûêΓûêΓûêΓûêΓûêΓûêΓûè | 3944/4500 [3:30:35<27:27,  2.96s/it]
 88%|ΓûêΓûêΓûêΓûêΓûêΓûêΓûêΓûêΓûè | 3945/4500 [3:30:37<25:58,  2.81s/it]
 88%|ΓûêΓûêΓûêΓûêΓûêΓûêΓûêΓûêΓûè | 3946/4500 [3:30:41<27:47,  3.01s/it]
 88%|ΓûêΓûêΓûêΓûêΓûêΓûêΓûêΓûêΓûè | 3947/4500 [3:30:43<26:01,  2.82s/it]
 88%|ΓûêΓûêΓûêΓûêΓûêΓûêΓûêΓûêΓûè | 3948/4500 [3:30:49<35:33,  3.87s/it]
 88%|ΓûêΓûêΓûêΓûêΓûêΓûêΓûêΓûêΓûè | 3949/4500 [3:30:52<31:29,  3.43s/it]
 88%|ΓûêΓûêΓûêΓûêΓûêΓûêΓûêΓûêΓûè | 3950/4500 [3:30:55<31:08,  3.40s/it]
 88%|ΓûêΓûêΓûêΓûêΓûêΓûêΓûêΓûêΓûè | 3951/4500 [3:30:58<28:24,  3.10s/it]
 88%|ΓûêΓûêΓûêΓûêΓûêΓûêΓûêΓûêΓûè | 3952/4500 [3:31:00<27:56,  3.06s/it]
 88%|ΓûêΓûêΓûêΓûêΓûêΓûêΓûêΓûêΓûè | 3953/4500 [3:31:03<26:20,  2.89s/it]
 88%|ΓûêΓûêΓûêΓûêΓûêΓûêΓûêΓûêΓûè | 3954/4500 [3:31:06<27:24,  3.01s/it]
 88%|ΓûêΓûêΓûêΓûêΓûêΓûêΓûêΓûêΓûè | 3955/4500 [3:31:09<26:04,  2.87s/it]
 88%|ΓûêΓûêΓûêΓûêΓûêΓûêΓûêΓûêΓûè | 3956/4500 [3:31:12<26:08,  2.88s/it]
 88%|ΓûêΓûêΓûêΓûêΓûêΓûêΓûêΓûêΓûè | 3957/4500 [3:31:14<24:53,  2.75s/it]
 88%|ΓûêΓûêΓûêΓûêΓûêΓûêΓûêΓûêΓûè | 3958/4500 [3:31:21<36:44,  4.07s/it]
 88%|ΓûêΓûêΓûêΓûêΓûêΓûêΓûêΓûêΓûè | 3959/4500 [3:31:24<32:24,  3.59s/it]
 88%|ΓûêΓûêΓûêΓûêΓûêΓûêΓûêΓûêΓûè | 3960/4500 [3:31:27<31:21,  3.48s/it]
 88%|ΓûêΓûêΓûêΓûêΓûêΓûêΓûêΓûêΓûè | 3961/4500 [3:31:31<31:29,  3.51s/it]
 88%|ΓûêΓûêΓûêΓûêΓûêΓûêΓûêΓûêΓûè | 3962/4500 [3:31:34<30:33,  3.41s/it]
 88%|ΓûêΓûêΓûêΓûêΓûêΓûêΓûêΓûêΓûè | 3963/4500 [3:31:36<28:29,  3.18s/it]
 88%|ΓûêΓûêΓûêΓûêΓûêΓûêΓûêΓûêΓûè | 3964/4500 [3:31:39<28:03,  3.14s/it]
 88%|ΓûêΓûêΓûêΓûêΓûêΓûêΓûêΓûêΓûè | 3965/4500 [3:31:43<28:22,  3.18s/it]
 88%|ΓûêΓûêΓûêΓûêΓûêΓûêΓûêΓûêΓûè | 3966/4500 [3:31:46<28:28,  3.20s/it]
 88%|ΓûêΓûêΓûêΓûêΓûêΓûêΓûêΓûêΓûè | 3967/4500 [3:31:49<28:16,  3.18s/it]
 88%|ΓûêΓûêΓûêΓûêΓûêΓûêΓûêΓûêΓûè | 3968/4500 [3:31:53<29:34,  3.33s/it]
 88%|ΓûêΓûêΓûêΓûêΓûêΓûêΓûêΓûêΓûè | 3969/4500 [3:31:56<27:50,  3.15s/it]
 88%|ΓûêΓûêΓûêΓûêΓûêΓûêΓûêΓûêΓûè | 3970/4500 [3:31:59<29:17,  3.32s/it]
 88%|ΓûêΓûêΓûêΓûêΓûêΓûêΓûêΓûêΓûè | 3971/4500 [3:32:02<28:49,  3.27s/it]
 88%|ΓûêΓûêΓûêΓûêΓûêΓûêΓûêΓûêΓûè | 3972/4500 [3:32:05<27:59,  3.18s/it]
 88%|ΓûêΓûêΓûêΓûêΓûêΓûêΓûêΓûêΓûè | 3973/4500 [3:32:08<26:33,  3.02s/it]
 88%|ΓûêΓûêΓûêΓûêΓûêΓûêΓûêΓûêΓûè | 3974/4500 [3:32:11<26:33,  3.03s/it]
 88%|ΓûêΓûêΓûêΓûêΓûêΓûêΓûêΓûêΓûè | 3975/4500 [3:32:14<25:36,  2.93s/it]
 88%|ΓûêΓûêΓûêΓûêΓûêΓûêΓûêΓûêΓûè | 3976/4500 [3:32:17<26:56,  3.08s/it]
 88%|ΓûêΓûêΓûêΓûêΓûêΓûêΓûêΓûêΓûè | 3977/4500 [3:32:22<32:23,  3.72s/it]
 88%|ΓûêΓûêΓûêΓûêΓûêΓûêΓûêΓûêΓûè | 3978/4500 [3:32:26<30:44,  3.53s/it]
 88%|ΓûêΓûêΓûêΓûêΓûêΓûêΓûêΓûêΓûè | 3979/4500 [3:32:28<29:00,  3.34s/it]
 88%|ΓûêΓûêΓûêΓûêΓûêΓûêΓûêΓûêΓûè | 3980/4500 [3:32:32<28:31,  3.29s/it]
 88%|ΓûêΓûêΓûêΓûêΓûêΓûêΓûêΓûêΓûè | 3982/4500 [3:32:34<20:44,  2.40s/it]
 89%|ΓûêΓûêΓûêΓûêΓûêΓûêΓûêΓûêΓûè | 3983/4500 [3:32:38<22:52,  2.65s/it]
 89%|ΓûêΓûêΓûêΓûêΓûêΓûêΓûêΓûêΓûè | 3984/4500 [3:32:40<22:02,  2.56s/it]
 89%|ΓûêΓûêΓûêΓûêΓûêΓûêΓûêΓûêΓûè | 3985/4500 [3:32:43<23:54,  2.79s/it]
 89%|ΓûêΓûêΓûêΓûêΓûêΓûêΓûêΓûêΓûè | 3986/4500 [3:32:46<23:28,  2.74s/it]
 89%|ΓûêΓûêΓûêΓûêΓûêΓûêΓûêΓûêΓûè | 3987/4500 [3:32:49<24:33,  2.87s/it]
 89%|ΓûêΓûêΓûêΓûêΓûêΓûêΓûêΓûêΓûè | 3988/4500 [3:32:52<25:12,  2.95s/it]
 89%|ΓûêΓûêΓûêΓûêΓûêΓûêΓûêΓûêΓûè | 3989/4500 [3:32:55<25:14,  2.96s/it]
 89%|ΓûêΓûêΓûêΓûêΓûêΓûêΓûêΓûêΓûè | 3990/4500 [3:32:58<23:32,  2.77s/it]
 89%|ΓûêΓûêΓûêΓûêΓûêΓûêΓûêΓûêΓûè | 3991/4500 [3:33:01<25:22,  2.99s/it]
 89%|ΓûêΓûêΓûêΓûêΓûêΓûêΓûêΓûêΓûè | 3992/4500 [3:33:08<35:23,  4.18s/it]
 89%|ΓûêΓûêΓûêΓûêΓûêΓûêΓûêΓûêΓûè | 3993/4500 [3:33:11<33:02,  3.91s/it]
 89%|ΓûêΓûêΓûêΓûêΓûêΓûêΓûêΓûêΓûë | 3994/4500 [3:33:14<29:05,  3.45s/it]
 89%|ΓûêΓûêΓûêΓûêΓûêΓûêΓûêΓûêΓûë | 3995/4500 [3:33:17<28:01,  3.33s/it]
 89%|ΓûêΓûêΓûêΓûêΓûêΓûêΓûêΓûêΓûë | 3996/4500 [3:33:19<26:09,  3.11s/it]
 89%|ΓûêΓûêΓûêΓûêΓûêΓûêΓûêΓûêΓûë | 3997/4500 [3:33:23<25:58,  3.10s/it]
 89%|ΓûêΓûêΓûêΓûêΓûêΓûêΓûêΓûêΓûë | 3998/4500 [3:33:28<32:07,  3.84s/it]
 89%|ΓûêΓûêΓûêΓûêΓûêΓûêΓûêΓûêΓûë | 3999/4500 [3:33:31<30:51,  3.70s/it]
 89%|ΓûêΓûêΓûêΓûêΓûêΓûêΓûêΓûêΓûë | 4000/4500 [3:33:34<28:02,  3.37s/it]
 89%|ΓûêΓûêΓûêΓûêΓûêΓûêΓûêΓûêΓûë | 4001/4500 [3:33:37<27:32,  3.31s/it]
 89%|ΓûêΓûêΓûêΓûêΓûêΓûêΓûêΓûêΓûë | 4002/4500 [3:33:40<25:52,  3.12s/it]
 89%|ΓûêΓûêΓûêΓûêΓûêΓûêΓûêΓûêΓûë | 4003/4500 [3:33:46<32:41,  3.95s/it]
 89%|ΓûêΓûêΓûêΓûêΓûêΓûêΓûêΓûêΓûë | 4004/4500 [3:33:49<29:50,  3.61s/it]
 89%|ΓûêΓûêΓûêΓûêΓûêΓûêΓûêΓûêΓûë | 4005/4500 [3:33:52<29:13,  3.54s/it]
 89%|ΓûêΓûêΓûêΓûêΓûêΓûêΓûêΓûêΓûë | 4006/4500 [3:33:54<26:13,  3.19s/it]
 89%|ΓûêΓûêΓûêΓûêΓûêΓûêΓûêΓûêΓûë | 4007/4500 [3:33:59<29:14,  3.56s/it]
 89%|ΓûêΓûêΓûêΓûêΓûêΓûêΓûêΓûêΓûë | 4008/4500 [3:34:01<26:29,  3.23s/it]
 89%|ΓûêΓûêΓûêΓûêΓûêΓûêΓûêΓûêΓûë | 4009/4500 [3:34:05<27:41,  3.38s/it]
 89%|ΓûêΓûêΓûêΓûêΓûêΓûêΓûêΓûêΓûë | 4010/4500 [3:34:07<25:20,  3.10s/it]
 89%|ΓûêΓûêΓûêΓûêΓûêΓûêΓûêΓûêΓûë | 4011/4500 [3:34:12<27:57,  3.43s/it]
 89%|ΓûêΓûêΓûêΓûêΓûêΓûêΓûêΓûêΓûë | 4012/4500 [3:34:14<25:27,  3.13s/it]
 89%|ΓûêΓûêΓûêΓûêΓûêΓûêΓûêΓûêΓûë | 4013/4500 [3:34:18<26:58,  3.32s/it]
 89%|ΓûêΓûêΓûêΓûêΓûêΓûêΓûêΓûêΓûë | 4014/4500 [3:34:20<25:07,  3.10s/it]
 89%|ΓûêΓûêΓûêΓûêΓûêΓûêΓûêΓûêΓûë | 4015/4500 [3:34:24<25:25,  3.15s/it]
 89%|ΓûêΓûêΓûêΓûêΓûêΓûêΓûêΓûêΓûë | 4016/4500 [3:34:26<23:56,  2.97s/it]
 89%|ΓûêΓûêΓûêΓûêΓûêΓûêΓûêΓûêΓûë | 4017/4500 [3:34:30<25:21,  3.15s/it]
 89%|ΓûêΓûêΓûêΓûêΓûêΓûêΓûêΓûêΓûë | 4018/4500 [3:34:35<30:57,  3.85s/it]
 89%|ΓûêΓûêΓûêΓûêΓûêΓûêΓûêΓûêΓûë | 4019/4500 [3:34:38<28:47,  3.59s/it]
 89%|ΓûêΓûêΓûêΓûêΓûêΓûêΓûêΓûêΓûë | 4020/4500 [3:34:41<26:34,  3.32s/it]
 89%|ΓûêΓûêΓûêΓûêΓûêΓûêΓûêΓûêΓûë | 4021/4500 [3:34:44<26:10,  3.28s/it]
 89%|ΓûêΓûêΓûêΓûêΓûêΓûêΓûêΓûêΓûë | 4022/4500 [3:34:47<24:35,  3.09s/it]
 89%|ΓûêΓûêΓûêΓûêΓûêΓûêΓûêΓûêΓûë | 4023/4500 [3:34:50<24:39,  3.10s/it]
 89%|ΓûêΓûêΓûêΓûêΓûêΓûêΓûêΓûêΓûë | 4024/4500 [3:34:53<23:32,  2.97s/it]
 89%|ΓûêΓûêΓûêΓûêΓûêΓûêΓûêΓûêΓûë | 4025/4500 [3:34:56<23:49,  3.01s/it]
 89%|ΓûêΓûêΓûêΓûêΓûêΓûêΓûêΓûêΓûë | 4026/4500 [3:34:59<23:27,  2.97s/it]
 89%|ΓûêΓûêΓûêΓûêΓûêΓûêΓûêΓûêΓûë | 4027/4500 [3:35:02<24:07,  3.06s/it]
 90%|ΓûêΓûêΓûêΓûêΓûêΓûêΓûêΓûêΓûë | 4028/4500 [3:35:04<22:57,  2.92s/it]
 90%|ΓûêΓûêΓûêΓûêΓûêΓûêΓûêΓûêΓûë | 4029/4500 [3:35:08<23:32,  3.00s/it]
 90%|ΓûêΓûêΓûêΓûêΓûêΓûêΓûêΓûêΓûë | 4030/4500 [3:35:10<21:56,  2.80s/it]
 90%|ΓûêΓûêΓûêΓûêΓûêΓûêΓûêΓûêΓûë | 4031/4500 [3:35:13<23:24,  2.99s/it]
 90%|ΓûêΓûêΓûêΓûêΓûêΓûêΓûêΓûêΓûë | 4032/4500 [3:35:16<22:01,  2.82s/it]
 90%|ΓûêΓûêΓûêΓûêΓûêΓûêΓûêΓûêΓûë | 4033/4500 [3:35:19<22:59,  2.95s/it]
 90%|ΓûêΓûêΓûêΓûêΓûêΓûêΓûêΓûêΓûë | 4034/4500 [3:35:22<23:42,  3.05s/it]
 90%|ΓûêΓûêΓûêΓûêΓûêΓûêΓûêΓûêΓûë | 4035/4500 [3:35:25<23:10,  2.99s/it]
 90%|ΓûêΓûêΓûêΓûêΓûêΓûêΓûêΓûêΓûë | 4036/4500 [3:35:28<23:14,  3.01s/it]
 90%|ΓûêΓûêΓûêΓûêΓûêΓûêΓûêΓûêΓûë | 4037/4500 [3:35:32<24:09,  3.13s/it]
 90%|ΓûêΓûêΓûêΓûêΓûêΓûêΓûêΓûêΓûë | 4038/4500 [3:35:34<23:09,  3.01s/it]
 90%|ΓûêΓûêΓûêΓûêΓûêΓûêΓûêΓûêΓûë | 4039/4500 [3:35:38<23:35,  3.07s/it]
 90%|ΓûêΓûêΓûêΓûêΓûêΓûêΓûêΓûêΓûë | 4040/4500 [3:35:41<23:42,  3.09s/it]
 90%|ΓûêΓûêΓûêΓûêΓûêΓûêΓûêΓûêΓûë | 4041/4500 [3:35:44<24:04,  3.15s/it]
 90%|ΓûêΓûêΓûêΓûêΓûêΓûêΓûêΓûêΓûë | 4042/4500 [3:35:47<23:20,  3.06s/it]
 90%|ΓûêΓûêΓûêΓûêΓûêΓûêΓûêΓûêΓûë | 4043/4500 [3:35:51<24:53,  3.27s/it]
 90%|ΓûêΓûêΓûêΓûêΓûêΓûêΓûêΓûêΓûë | 4044/4500 [3:35:53<23:05,  3.04s/it]
 90%|ΓûêΓûêΓûêΓûêΓûêΓûêΓûêΓûêΓûë | 4045/4500 [3:35:56<23:26,  3.09s/it]
 90%|ΓûêΓûêΓûêΓûêΓûêΓûêΓûêΓûêΓûë | 4046/4500 [3:35:59<21:36,  2.86s/it]
 90%|ΓûêΓûêΓûêΓûêΓûêΓûêΓûêΓûêΓûë | 4047/4500 [3:36:03<24:22,  3.23s/it]
 90%|ΓûêΓûêΓûêΓûêΓûêΓûêΓûêΓûêΓûë | 4048/4500 [3:36:05<22:35,  3.00s/it]
 90%|ΓûêΓûêΓûêΓûêΓûêΓûêΓûêΓûêΓûë | 4049/4500 [3:36:09<23:32,  3.13s/it]
 90%|ΓûêΓûêΓûêΓûêΓûêΓûêΓûêΓûêΓûê | 4050/4500 [3:36:11<21:53,  2.92s/it]
 90%|ΓûêΓûêΓûêΓûêΓûêΓûêΓûêΓûêΓûê | 4051/4500 [3:36:17<29:32,  3.95s/it]
 90%|ΓûêΓûêΓûêΓûêΓûêΓûêΓûêΓûêΓûê | 4052/4500 [3:36:20<26:10,  3.50s/it]
 90%|ΓûêΓûêΓûêΓûêΓûêΓûêΓûêΓûêΓûê | 4053/4500 [3:36:23<24:58,  3.35s/it]
 90%|ΓûêΓûêΓûêΓûêΓûêΓûêΓûêΓûêΓûê | 4054/4500 [3:36:28<29:20,  3.95s/it]
 90%|ΓûêΓûêΓûêΓûêΓûêΓûêΓûêΓûêΓûê | 4055/4500 [3:36:31<27:23,  3.69s/it]
 90%|ΓûêΓûêΓûêΓûêΓûêΓûêΓûêΓûêΓûê | 4056/4500 [3:36:34<24:16,  3.28s/it]
 90%|ΓûêΓûêΓûêΓûêΓûêΓûêΓûêΓûêΓûê | 4057/4500 [3:36:37<24:10,  3.27s/it]
 90%|ΓûêΓûêΓûêΓûêΓûêΓûêΓûêΓûêΓûê | 4058/4500 [3:36:40<22:50,  3.10s/it]
 90%|ΓûêΓûêΓûêΓûêΓûêΓûêΓûêΓûêΓûê | 4059/4500 [3:36:43<22:57,  3.12s/it]
 90%|ΓûêΓûêΓûêΓûêΓûêΓûêΓûêΓûêΓûê | 4060/4500 [3:36:45<21:08,  2.88s/it]
 90%|ΓûêΓûêΓûêΓûêΓûêΓûêΓûêΓûêΓûê | 4061/4500 [3:36:48<21:41,  2.96s/it]
 90%|ΓûêΓûêΓûêΓûêΓûêΓûêΓûêΓûêΓûê | 4062/4500 [3:36:51<20:22,  2.79s/it]
 90%|ΓûêΓûêΓûêΓûêΓûêΓûêΓûêΓûêΓûê | 4063/4500 [3:36:54<21:24,  2.94s/it]
 90%|ΓûêΓûêΓûêΓûêΓûêΓûêΓûêΓûêΓûê | 4064/4500 [3:36:56<20:03,  2.76s/it]
 90%|ΓûêΓûêΓûêΓûêΓûêΓûêΓûêΓûêΓûê | 4065/4500 [3:37:00<21:27,  2.96s/it]
 90%|ΓûêΓûêΓûêΓûêΓûêΓûêΓûêΓûêΓûê | 4066/4500 [3:37:03<21:30,  2.97s/it]
 90%|ΓûêΓûêΓûêΓûêΓûêΓûêΓûêΓûêΓûê | 4067/4500 [3:37:06<22:04,  3.06s/it]
 90%|ΓûêΓûêΓûêΓûêΓûêΓûêΓûêΓûêΓûê | 4068/4500 [3:37:09<22:06,  3.07s/it]
 90%|ΓûêΓûêΓûêΓûêΓûêΓûêΓûêΓûêΓûê | 4069/4500 [3:37:15<28:31,  3.97s/it]
 90%|ΓûêΓûêΓûêΓûêΓûêΓûêΓûêΓûêΓûê | 4070/4500 [3:37:18<25:46,  3.60s/it]
 90%|ΓûêΓûêΓûêΓûêΓûêΓûêΓûêΓûêΓûê | 4071/4500 [3:37:21<25:03,  3.50s/it]
 90%|ΓûêΓûêΓûêΓûêΓûêΓûêΓûêΓûêΓûê | 4072/4500 [3:37:24<23:09,  3.25s/it]
 91%|ΓûêΓûêΓûêΓûêΓûêΓûêΓûêΓûêΓûê | 4073/4500 [3:37:27<23:29,  3.30s/it]
 91%|ΓûêΓûêΓûêΓûêΓûêΓûêΓûêΓûêΓûê | 4074/4500 [3:37:30<21:52,  3.08s/it]
 91%|ΓûêΓûêΓûêΓûêΓûêΓûêΓûêΓûêΓûê | 4075/4500 [3:37:33<22:54,  3.23s/it]
 91%|ΓûêΓûêΓûêΓûêΓûêΓûêΓûêΓûêΓûê | 4076/4500 [3:37:36<21:09,  3.00s/it]
 91%|ΓûêΓûêΓûêΓûêΓûêΓûêΓûêΓûêΓûê | 4077/4500 [3:37:39<21:06,  2.99s/it]
 91%|ΓûêΓûêΓûêΓûêΓûêΓûêΓûêΓûêΓûê | 4078/4500 [3:37:41<19:57,  2.84s/it]
 91%|ΓûêΓûêΓûêΓûêΓûêΓûêΓûêΓûêΓûê | 4079/4500 [3:37:44<20:40,  2.95s/it]
 91%|ΓûêΓûêΓûêΓûêΓûêΓûêΓûêΓûêΓûê | 4080/4500 [3:37:47<20:07,  2.88s/it]
 91%|ΓûêΓûêΓûêΓûêΓûêΓûêΓûêΓûêΓûê | 4081/4500 [3:37:51<21:13,  3.04s/it]
 91%|ΓûêΓûêΓûêΓûêΓûêΓûêΓûêΓûêΓûê | 4082/4500 [3:37:53<20:24,  2.93s/it]
 91%|ΓûêΓûêΓûêΓûêΓûêΓûêΓûêΓûêΓûê | 4083/4500 [3:37:57<22:08,  3.19s/it]
 91%|ΓûêΓûêΓûêΓûêΓûêΓûêΓûêΓûêΓûê | 4084/4500 [3:38:00<20:51,  3.01s/it]
 91%|ΓûêΓûêΓûêΓûêΓûêΓûêΓûêΓûêΓûê | 4085/4500 [3:38:03<21:10,  3.06s/it]
 91%|ΓûêΓûêΓûêΓûêΓûêΓûêΓûêΓûêΓûê | 4086/4500 [3:38:05<20:09,  2.92s/it]
 91%|ΓûêΓûêΓûêΓûêΓûêΓûêΓûêΓûêΓûê | 4087/4500 [3:38:09<22:15,  3.23s/it]
 91%|ΓûêΓûêΓûêΓûêΓûêΓûêΓûêΓûêΓûê | 4088/4500 [3:38:12<21:06,  3.07s/it]
 91%|ΓûêΓûêΓûêΓûêΓûêΓûêΓûêΓûêΓûê | 4089/4500 [3:38:15<21:16,  3.11s/it]
 91%|ΓûêΓûêΓûêΓûêΓûêΓûêΓûêΓûêΓûê | 4090/4500 [3:38:19<22:34,  3.30s/it]
 91%|ΓûêΓûêΓûêΓûêΓûêΓûêΓûêΓûêΓûê | 4091/4500 [3:38:23<23:11,  3.40s/it]
 91%|ΓûêΓûêΓûêΓûêΓûêΓûêΓûêΓûêΓûê | 4092/4500 [3:38:25<21:09,  3.11s/it]
 91%|ΓûêΓûêΓûêΓûêΓûêΓûêΓûêΓûêΓûê | 4093/4500 [3:38:28<21:05,  3.11s/it]
 91%|ΓûêΓûêΓûêΓûêΓûêΓûêΓûêΓûêΓûê | 4094/4500 [3:38:34<26:35,  3.93s/it]
 91%|ΓûêΓûêΓûêΓûêΓûêΓûêΓûêΓûêΓûê | 4095/4500 [3:38:38<26:26,  3.92s/it]
 91%|ΓûêΓûêΓûêΓûêΓûêΓûêΓûêΓûêΓûê | 4096/4500 [3:38:40<23:17,  3.46s/it]
 91%|ΓûêΓûêΓûêΓûêΓûêΓûêΓûêΓûêΓûê | 4097/4500 [3:38:44<23:06,  3.44s/it]
 91%|ΓûêΓûêΓûêΓûêΓûêΓûêΓûêΓûêΓûê | 4098/4500 [3:38:46<21:33,  3.22s/it]
 91%|ΓûêΓûêΓûêΓûêΓûêΓûêΓûêΓûêΓûê | 4099/4500 [3:38:50<21:19,  3.19s/it]
 91%|ΓûêΓûêΓûêΓûêΓûêΓûêΓûêΓûêΓûê | 4100/4500 [3:38:52<20:14,  3.04s/it]
 91%|ΓûêΓûêΓûêΓûêΓûêΓûêΓûêΓûêΓûê | 4101/4500 [3:38:55<20:28,  3.08s/it]
 91%|ΓûêΓûêΓûêΓûêΓûêΓûêΓûêΓûêΓûê | 4102/4500 [3:38:58<18:54,  2.85s/it]
 91%|ΓûêΓûêΓûêΓûêΓûêΓûêΓûêΓûêΓûê | 4103/4500 [3:39:01<19:41,  2.98s/it]
 91%|ΓûêΓûêΓûêΓûêΓûêΓûêΓûêΓûêΓûê | 4104/4500 [3:39:04<18:44,  2.84s/it]
 91%|ΓûêΓûêΓûêΓûêΓûêΓûêΓûêΓûêΓûê | 4105/4500 [3:39:08<20:56,  3.18s/it]
 91%|ΓûêΓûêΓûêΓûêΓûêΓûêΓûêΓûêΓûê | 4106/4500 [3:39:10<19:08,  2.91s/it]
 91%|ΓûêΓûêΓûêΓûêΓûêΓûêΓûêΓûêΓûêΓûÅ| 4107/4500 [3:39:14<21:46,  3.32s/it]
 91%|ΓûêΓûêΓûêΓûêΓûêΓûêΓûêΓûêΓûêΓûÅ| 4108/4500 [3:39:16<19:47,  3.03s/it]
 91%|ΓûêΓûêΓûêΓûêΓûêΓûêΓûêΓûêΓûêΓûÅ| 4109/4500 [3:39:20<20:06,  3.08s/it]
 91%|ΓûêΓûêΓûêΓûêΓûêΓûêΓûêΓûêΓûêΓûÅ| 4110/4500 [3:39:25<24:03,  3.70s/it]
 91%|ΓûêΓûêΓûêΓûêΓûêΓûêΓûêΓûêΓûêΓûÅ| 4111/4500 [3:39:28<23:06,  3.56s/it]
 91%|ΓûêΓûêΓûêΓûêΓûêΓûêΓûêΓûêΓûêΓûÅ| 4112/4500 [3:39:31<20:58,  3.24s/it]
 91%|ΓûêΓûêΓûêΓûêΓûêΓûêΓûêΓûêΓûêΓûÅ| 4113/4500 [3:39:34<20:30,  3.18s/it]
 91%|ΓûêΓûêΓûêΓûêΓûêΓûêΓûêΓûêΓûêΓûÅ| 4114/4500 [3:39:36<19:20,  3.01s/it]
 91%|ΓûêΓûêΓûêΓûêΓûêΓûêΓûêΓûêΓûêΓûÅ| 4115/4500 [3:39:39<19:17,  3.01s/it]
 91%|ΓûêΓûêΓûêΓûêΓûêΓûêΓûêΓûêΓûêΓûÅ| 4116/4500 [3:39:42<18:35,  2.90s/it]
 91%|ΓûêΓûêΓûêΓûêΓûêΓûêΓûêΓûêΓûêΓûÅ| 4117/4500 [3:39:46<21:13,  3.32s/it]
 92%|ΓûêΓûêΓûêΓûêΓûêΓûêΓûêΓûêΓûêΓûÅ| 4118/4500 [3:39:49<19:57,  3.13s/it]
 92%|ΓûêΓûêΓûêΓûêΓûêΓûêΓûêΓûêΓûêΓûÅ| 4119/4500 [3:39:52<20:40,  3.26s/it]
 92%|ΓûêΓûêΓûêΓûêΓûêΓûêΓûêΓûêΓûêΓûÅ| 4120/4500 [3:39:56<20:26,  3.23s/it]
 92%|ΓûêΓûêΓûêΓûêΓûêΓûêΓûêΓûêΓûêΓûÅ| 4121/4500 [3:40:00<22:19,  3.54s/it]
 92%|ΓûêΓûêΓûêΓûêΓûêΓûêΓûêΓûêΓûêΓûÅ| 4122/4500 [3:40:02<20:37,  3.28s/it]
 92%|ΓûêΓûêΓûêΓûêΓûêΓûêΓûêΓûêΓûêΓûÅ| 4123/4500 [3:40:06<21:04,  3.35s/it]
 92%|ΓûêΓûêΓûêΓûêΓûêΓûêΓûêΓûêΓûêΓûÅ| 4124/4500 [3:40:11<24:27,  3.90s/it]
 92%|ΓûêΓûêΓûêΓûêΓûêΓûêΓûêΓûêΓûêΓûÅ| 4125/4500 [3:40:14<23:04,  3.69s/it]
 92%|ΓûêΓûêΓûêΓûêΓûêΓûêΓûêΓûêΓûêΓûÅ| 4126/4500 [3:40:17<21:32,  3.46s/it]
 92%|ΓûêΓûêΓûêΓûêΓûêΓûêΓûêΓûêΓûêΓûÅ| 4127/4500 [3:40:21<21:08,  3.40s/it]
 92%|ΓûêΓûêΓûêΓûêΓûêΓûêΓûêΓûêΓûêΓûÅ| 4128/4500 [3:40:23<19:34,  3.16s/it]
 92%|ΓûêΓûêΓûêΓûêΓûêΓûêΓûêΓûêΓûêΓûÅ| 4129/4500 [3:40:26<19:36,  3.17s/it]
 92%|ΓûêΓûêΓûêΓûêΓûêΓûêΓûêΓûêΓûêΓûÅ| 4130/4500 [3:40:29<18:39,  3.03s/it]
 92%|ΓûêΓûêΓûêΓûêΓûêΓûêΓûêΓûêΓûêΓûÅ| 4131/4500 [3:40:32<18:53,  3.07s/it]
 92%|ΓûêΓûêΓûêΓûêΓûêΓûêΓûêΓûêΓûêΓûÅ| 4132/4500 [3:40:35<18:06,  2.95s/it]
 92%|ΓûêΓûêΓûêΓûêΓûêΓûêΓûêΓûêΓûêΓûÅ| 4133/4500 [3:40:38<18:39,  3.05s/it]
 92%|ΓûêΓûêΓûêΓûêΓûêΓûêΓûêΓûêΓûêΓûÅ| 4134/4500 [3:40:41<17:52,  2.93s/it]
 92%|ΓûêΓûêΓûêΓûêΓûêΓûêΓûêΓûêΓûêΓûÅ| 4135/4500 [3:40:44<17:47,  2.93s/it]
 92%|ΓûêΓûêΓûêΓûêΓûêΓûêΓûêΓûêΓûêΓûÅ| 4136/4500 [3:40:46<16:35,  2.73s/it]
 92%|ΓûêΓûêΓûêΓûêΓûêΓûêΓûêΓûêΓûêΓûÅ| 4137/4500 [3:40:49<17:32,  2.90s/it]
 92%|ΓûêΓûêΓûêΓûêΓûêΓûêΓûêΓûêΓûêΓûÅ| 4138/4500 [3:40:52<17:04,  2.83s/it]
 92%|ΓûêΓûêΓûêΓûêΓûêΓûêΓûêΓûêΓûêΓûÅ| 4139/4500 [3:40:55<17:19,  2.88s/it]
 92%|ΓûêΓûêΓûêΓûêΓûêΓûêΓûêΓûêΓûêΓûÅ| 4140/4500 [3:40:58<17:30,  2.92s/it]
 92%|ΓûêΓûêΓûêΓûêΓûêΓûêΓûêΓûêΓûêΓûÅ| 4141/4500 [3:41:02<18:35,  3.11s/it]
 92%|ΓûêΓûêΓûêΓûêΓûêΓûêΓûêΓûêΓûêΓûÅ| 4142/4500 [3:41:04<17:22,  2.91s/it]
 92%|ΓûêΓûêΓûêΓûêΓûêΓûêΓûêΓûêΓûêΓûÅ| 4143/4500 [3:41:07<17:56,  3.01s/it]
 92%|ΓûêΓûêΓûêΓûêΓûêΓûêΓûêΓûêΓûêΓûÅ| 4144/4500 [3:41:10<16:49,  2.84s/it]
 92%|ΓûêΓûêΓûêΓûêΓûêΓûêΓûêΓûêΓûêΓûÅ| 4145/4500 [3:41:13<18:15,  3.09s/it]
 92%|ΓûêΓûêΓûêΓûêΓûêΓûêΓûêΓûêΓûêΓûÅ| 4146/4500 [3:41:16<18:18,  3.10s/it]
 92%|ΓûêΓûêΓûêΓûêΓûêΓûêΓûêΓûêΓûêΓûÅ| 4147/4500 [3:41:20<18:27,  3.14s/it]
 92%|ΓûêΓûêΓûêΓûêΓûêΓûêΓûêΓûêΓûêΓûÅ| 4148/4500 [3:41:25<22:15,  3.79s/it]
 92%|ΓûêΓûêΓûêΓûêΓûêΓûêΓûêΓûêΓûêΓûÅ| 4149/4500 [3:41:28<21:02,  3.60s/it]
 92%|ΓûêΓûêΓûêΓûêΓûêΓûêΓûêΓûêΓûêΓûÅ| 4150/4500 [3:41:31<18:56,  3.25s/it]
 92%|ΓûêΓûêΓûêΓûêΓûêΓûêΓûêΓûêΓûêΓûÅ| 4151/4500 [3:41:34<18:30,  3.18s/it]
 92%|ΓûêΓûêΓûêΓûêΓûêΓûêΓûêΓûêΓûêΓûÅ| 4152/4500 [3:41:36<17:02,  2.94s/it]
 92%|ΓûêΓûêΓûêΓûêΓûêΓûêΓûêΓûêΓûêΓûÅ| 4153/4500 [3:41:39<17:25,  3.01s/it]
 92%|ΓûêΓûêΓûêΓûêΓûêΓûêΓûêΓûêΓûêΓûÅ| 4154/4500 [3:41:42<16:19,  2.83s/it]
 92%|ΓûêΓûêΓûêΓûêΓûêΓûêΓûêΓûêΓûêΓûÅ| 4155/4500 [3:41:45<17:04,  2.97s/it]
 92%|ΓûêΓûêΓûêΓûêΓûêΓûêΓûêΓûêΓûêΓûÅ| 4156/4500 [3:41:48<17:28,  3.05s/it]
 92%|ΓûêΓûêΓûêΓûêΓûêΓûêΓûêΓûêΓûêΓûÅ| 4157/4500 [3:41:51<17:39,  3.09s/it]
 92%|ΓûêΓûêΓûêΓûêΓûêΓûêΓûêΓûêΓûêΓûÅ| 4158/4500 [3:41:54<16:10,  2.84s/it]
 92%|ΓûêΓûêΓûêΓûêΓûêΓûêΓûêΓûêΓûêΓûÅ| 4159/4500 [3:41:57<17:53,  3.15s/it]
 92%|ΓûêΓûêΓûêΓûêΓûêΓûêΓûêΓûêΓûêΓûÅ| 4160/4500 [3:42:00<16:55,  2.99s/it]
 92%|ΓûêΓûêΓûêΓûêΓûêΓûêΓûêΓûêΓûêΓûÅ| 4161/4500 [3:42:03<17:25,  3.09s/it]
 92%|ΓûêΓûêΓûêΓûêΓûêΓûêΓûêΓûêΓûêΓûÅ| 4162/4500 [3:42:06<16:12,  2.88s/it]
 93%|ΓûêΓûêΓûêΓûêΓûêΓûêΓûêΓûêΓûêΓûÄ| 4163/4500 [3:42:09<16:47,  2.99s/it]
 93%|ΓûêΓûêΓûêΓûêΓûêΓûêΓûêΓûêΓûêΓûÄ| 4164/4500 [3:42:11<15:35,  2.78s/it]
 93%|ΓûêΓûêΓûêΓûêΓûêΓûêΓûêΓûêΓûêΓûÄ| 4165/4500 [3:42:15<16:20,  2.93s/it]
 93%|ΓûêΓûêΓûêΓûêΓûêΓûêΓûêΓûêΓûêΓûÄ| 4166/4500 [3:42:17<15:25,  2.77s/it]
 93%|ΓûêΓûêΓûêΓûêΓûêΓûêΓûêΓûêΓûêΓûÄ| 4167/4500 [3:42:20<16:20,  2.94s/it]
 93%|ΓûêΓûêΓûêΓûêΓûêΓûêΓûêΓûêΓûêΓûÄ| 4168/4500 [3:42:23<15:34,  2.82s/it]
 93%|ΓûêΓûêΓûêΓûêΓûêΓûêΓûêΓûêΓûêΓûÄ| 4169/4500 [3:42:26<15:55,  2.89s/it]
 93%|ΓûêΓûêΓûêΓûêΓûêΓûêΓûêΓûêΓûêΓûÄ| 4170/4500 [3:42:32<20:32,  3.74s/it]
 93%|ΓûêΓûêΓûêΓûêΓûêΓûêΓûêΓûêΓûêΓûÄ| 4171/4500 [3:42:35<19:41,  3.59s/it]
 93%|ΓûêΓûêΓûêΓûêΓûêΓûêΓûêΓûêΓûêΓûÄ| 4172/4500 [3:42:37<17:25,  3.19s/it]
 93%|ΓûêΓûêΓûêΓûêΓûêΓûêΓûêΓûêΓûêΓûÄ| 4173/4500 [3:42:41<17:49,  3.27s/it]
 93%|ΓûêΓûêΓûêΓûêΓûêΓûêΓûêΓûêΓûêΓûÄ| 4174/4500 [3:42:43<16:31,  3.04s/it]
 93%|ΓûêΓûêΓûêΓûêΓûêΓûêΓûêΓûêΓûêΓûÄ| 4175/4500 [3:42:46<16:26,  3.03s/it]
 93%|ΓûêΓûêΓûêΓûêΓûêΓûêΓûêΓûêΓûêΓûÄ| 4176/4500 [3:42:49<15:42,  2.91s/it]
 93%|ΓûêΓûêΓûêΓûêΓûêΓûêΓûêΓûêΓûêΓûÄ| 4177/4500 [3:42:53<17:22,  3.23s/it]
 93%|ΓûêΓûêΓûêΓûêΓûêΓûêΓûêΓûêΓûêΓûÄ| 4178/4500 [3:42:55<16:29,  3.07s/it]
 93%|ΓûêΓûêΓûêΓûêΓûêΓûêΓûêΓûêΓûêΓûÄ| 4179/4500 [3:42:59<16:56,  3.17s/it]
 93%|ΓûêΓûêΓûêΓûêΓûêΓûêΓûêΓûêΓûêΓûÄ| 4180/4500 [3:43:01<15:57,  2.99s/it]
 93%|ΓûêΓûêΓûêΓûêΓûêΓûêΓûêΓûêΓûêΓûÄ| 4181/4500 [3:43:04<16:06,  3.03s/it]
 93%|ΓûêΓûêΓûêΓûêΓûêΓûêΓûêΓûêΓûêΓûÄ| 4182/4500 [3:43:07<14:55,  2.82s/it]
 93%|ΓûêΓûêΓûêΓûêΓûêΓûêΓûêΓûêΓûêΓûÄ| 4183/4500 [3:43:10<15:48,  2.99s/it]
 93%|ΓûêΓûêΓûêΓûêΓûêΓûêΓûêΓûêΓûêΓûÄ| 4184/4500 [3:43:13<15:22,  2.92s/it]
 93%|ΓûêΓûêΓûêΓûêΓûêΓûêΓûêΓûêΓûêΓûÄ| 4185/4500 [3:43:16<15:17,  2.91s/it]
 93%|ΓûêΓûêΓûêΓûêΓûêΓûêΓûêΓûêΓûêΓûÄ| 4186/4500 [3:43:19<14:55,  2.85s/it]
 93%|ΓûêΓûêΓûêΓûêΓûêΓûêΓûêΓûêΓûêΓûÄ| 4187/4500 [3:43:22<16:10,  3.10s/it]
 93%|ΓûêΓûêΓûêΓûêΓûêΓûêΓûêΓûêΓûêΓûÄ| 4188/4500 [3:43:24<14:40,  2.82s/it]
 93%|ΓûêΓûêΓûêΓûêΓûêΓûêΓûêΓûêΓûêΓûÄ| 4189/4500 [3:43:28<15:50,  3.05s/it]
 93%|ΓûêΓûêΓûêΓûêΓûêΓûêΓûêΓûêΓûêΓûÄ| 4190/4500 [3:43:31<15:06,  2.93s/it]
 93%|ΓûêΓûêΓûêΓûêΓûêΓûêΓûêΓûêΓûêΓûÄ| 4191/4500 [3:43:34<15:34,  3.02s/it]
 93%|ΓûêΓûêΓûêΓûêΓûêΓûêΓûêΓûêΓûêΓûÄ| 4192/4500 [3:43:37<16:16,  3.17s/it]
 93%|ΓûêΓûêΓûêΓûêΓûêΓûêΓûêΓûêΓûêΓûÄ| 4193/4500 [3:43:41<16:15,  3.18s/it]
 93%|ΓûêΓûêΓûêΓûêΓûêΓûêΓûêΓûêΓûêΓûÄ| 4194/4500 [3:43:43<15:07,  2.97s/it]
 93%|ΓûêΓûêΓûêΓûêΓûêΓûêΓûêΓûêΓûêΓûÄ| 4195/4500 [3:43:46<15:19,  3.01s/it]
 93%|ΓûêΓûêΓûêΓûêΓûêΓûêΓûêΓûêΓûêΓûÄ| 4196/4500 [3:43:49<14:20,  2.83s/it]
 93%|ΓûêΓûêΓûêΓûêΓûêΓûêΓûêΓûêΓûêΓûÄ| 4197/4500 [3:43:52<14:33,  2.88s/it]
 93%|ΓûêΓûêΓûêΓûêΓûêΓûêΓûêΓûêΓûêΓûÄ| 4198/4500 [3:43:54<13:52,  2.76s/it]
 93%|ΓûêΓûêΓûêΓûêΓûêΓûêΓûêΓûêΓûêΓûÄ| 4199/4500 [3:43:57<14:48,  2.95s/it]
 93%|ΓûêΓûêΓûêΓûêΓûêΓûêΓûêΓûêΓûêΓûÄ| 4200/4500 [3:44:00<13:46,  2.75s/it]
 93%|ΓûêΓûêΓûêΓûêΓûêΓûêΓûêΓûêΓûêΓûÄ| 4201/4500 [3:44:03<14:53,  2.99s/it]
 93%|ΓûêΓûêΓûêΓûêΓûêΓûêΓûêΓûêΓûêΓûÄ| 4202/4500 [3:44:06<13:47,  2.78s/it]
 93%|ΓûêΓûêΓûêΓûêΓûêΓûêΓûêΓûêΓûêΓûÄ| 4203/4500 [3:44:13<20:50,  4.21s/it]
 93%|ΓûêΓûêΓûêΓûêΓûêΓûêΓûêΓûêΓûêΓûÄ| 4204/4500 [3:44:16<18:22,  3.72s/it]
 93%|ΓûêΓûêΓûêΓûêΓûêΓûêΓûêΓûêΓûêΓûÄ| 4205/4500 [3:44:19<18:12,  3.70s/it]
 93%|ΓûêΓûêΓûêΓûêΓûêΓûêΓûêΓûêΓûêΓûÄ| 4206/4500 [3:44:22<16:36,  3.39s/it]
 93%|ΓûêΓûêΓûêΓûêΓûêΓûêΓûêΓûêΓûêΓûÄ| 4207/4500 [3:44:25<16:18,  3.34s/it]
 94%|ΓûêΓûêΓûêΓûêΓûêΓûêΓûêΓûêΓûêΓûÄ| 4208/4500 [3:44:28<14:54,  3.07s/it]
 94%|ΓûêΓûêΓûêΓûêΓûêΓûêΓûêΓûêΓûêΓûÄ| 4209/4500 [3:44:31<15:38,  3.22s/it]
 94%|ΓûêΓûêΓûêΓûêΓûêΓûêΓûêΓûêΓûêΓûÄ| 4210/4500 [3:44:34<14:48,  3.06s/it]
 94%|ΓûêΓûêΓûêΓûêΓûêΓûêΓûêΓûêΓûêΓûÄ| 4211/4500 [3:44:37<14:32,  3.02s/it]
 94%|ΓûêΓûêΓûêΓûêΓûêΓûêΓûêΓûêΓûêΓûÄ| 4212/4500 [3:44:40<13:57,  2.91s/it]
 94%|ΓûêΓûêΓûêΓûêΓûêΓûêΓûêΓûêΓûêΓûÄ| 4213/4500 [3:44:43<14:22,  3.00s/it]
 94%|ΓûêΓûêΓûêΓûêΓûêΓûêΓûêΓûêΓûêΓûÄ| 4214/4500 [3:44:45<13:39,  2.87s/it]
 94%|ΓûêΓûêΓûêΓûêΓûêΓûêΓûêΓûêΓûêΓûÄ| 4215/4500 [3:44:48<13:50,  2.92s/it]
 94%|ΓûêΓûêΓûêΓûêΓûêΓûêΓûêΓûêΓûêΓûÄ| 4216/4500 [3:44:51<13:19,  2.82s/it]
 94%|ΓûêΓûêΓûêΓûêΓûêΓûêΓûêΓûêΓûêΓûÄ| 4217/4500 [3:44:54<14:12,  3.01s/it]
 94%|ΓûêΓûêΓûêΓûêΓûêΓûêΓûêΓûêΓûêΓûÄ| 4218/4500 [3:44:57<13:09,  2.80s/it]
 94%|ΓûêΓûêΓûêΓûêΓûêΓûêΓûêΓûêΓûêΓûì| 4219/4500 [3:45:00<14:19,  3.06s/it]
 94%|ΓûêΓûêΓûêΓûêΓûêΓûêΓûêΓûêΓûêΓûì| 4220/4500 [3:45:03<13:43,  2.94s/it]
 94%|ΓûêΓûêΓûêΓûêΓûêΓûêΓûêΓûêΓûêΓûì| 4221/4500 [3:45:06<14:00,  3.01s/it]
 94%|ΓûêΓûêΓûêΓûêΓûêΓûêΓûêΓûêΓûêΓûì| 4222/4500 [3:45:09<13:18,  2.87s/it]
 94%|ΓûêΓûêΓûêΓûêΓûêΓûêΓûêΓûêΓûêΓûì| 4223/4500 [3:45:12<13:41,  2.97s/it]
 94%|ΓûêΓûêΓûêΓûêΓûêΓûêΓûêΓûêΓûêΓûì| 4224/4500 [3:45:15<13:12,  2.87s/it]
 94%|ΓûêΓûêΓûêΓûêΓûêΓûêΓûêΓûêΓûêΓûì| 4225/4500 [3:45:18<13:42,  2.99s/it]
 94%|ΓûêΓûêΓûêΓûêΓûêΓûêΓûêΓûêΓûêΓûì| 4226/4500 [3:45:20<13:01,  2.85s/it]
 94%|ΓûêΓûêΓûêΓûêΓûêΓûêΓûêΓûêΓûêΓûì| 4227/4500 [3:45:24<13:29,  2.97s/it]
 94%|ΓûêΓûêΓûêΓûêΓûêΓûêΓûêΓûêΓûêΓûì| 4228/4500 [3:45:26<13:03,  2.88s/it]
 94%|ΓûêΓûêΓûêΓûêΓûêΓûêΓûêΓûêΓûêΓûì| 4229/4500 [3:45:29<13:18,  2.95s/it]
 94%|ΓûêΓûêΓûêΓûêΓûêΓûêΓûêΓûêΓûêΓûì| 4230/4500 [3:45:33<14:17,  3.18s/it]
 94%|ΓûêΓûêΓûêΓûêΓûêΓûêΓûêΓûêΓûêΓûì| 4231/4500 [3:45:36<14:20,  3.20s/it]
 94%|ΓûêΓûêΓûêΓûêΓûêΓûêΓûêΓûêΓûêΓûì| 4232/4500 [3:45:39<14:13,  3.18s/it]
 94%|ΓûêΓûêΓûêΓûêΓûêΓûêΓûêΓûêΓûêΓûì| 4233/4500 [3:45:43<14:53,  3.35s/it]
 94%|ΓûêΓûêΓûêΓûêΓûêΓûêΓûêΓûêΓûêΓûì| 4234/4500 [3:45:46<13:35,  3.07s/it]
 94%|ΓûêΓûêΓûêΓûêΓûêΓûêΓûêΓûêΓûêΓûì| 4235/4500 [3:45:49<14:30,  3.29s/it]
 94%|ΓûêΓûêΓûêΓûêΓûêΓûêΓûêΓûêΓûêΓûì| 4236/4500 [3:45:53<14:36,  3.32s/it]
 94%|ΓûêΓûêΓûêΓûêΓûêΓûêΓûêΓûêΓûêΓûì| 4237/4500 [3:45:56<14:10,  3.23s/it]
 94%|ΓûêΓûêΓûêΓûêΓûêΓûêΓûêΓûêΓûêΓûì| 4238/4500 [3:45:59<13:23,  3.07s/it]
 94%|ΓûêΓûêΓûêΓûêΓûêΓûêΓûêΓûêΓûêΓûì| 4239/4500 [3:46:02<13:27,  3.09s/it]
 94%|ΓûêΓûêΓûêΓûêΓûêΓûêΓûêΓûêΓûêΓûì| 4240/4500 [3:46:05<13:33,  3.13s/it]
 94%|ΓûêΓûêΓûêΓûêΓûêΓûêΓûêΓûêΓûêΓûì| 4241/4500 [3:46:09<14:09,  3.28s/it]
 94%|ΓûêΓûêΓûêΓûêΓûêΓûêΓûêΓûêΓûêΓûì| 4242/4500 [3:46:11<13:08,  3.06s/it]
 94%|ΓûêΓûêΓûêΓûêΓûêΓûêΓûêΓûêΓûêΓûì| 4243/4500 [3:46:14<13:21,  3.12s/it]
 94%|ΓûêΓûêΓûêΓûêΓûêΓûêΓûêΓûêΓûêΓûì| 4244/4500 [3:46:17<12:54,  3.02s/it]
 94%|ΓûêΓûêΓûêΓûêΓûêΓûêΓûêΓûêΓûêΓûì| 4245/4500 [3:46:20<12:48,  3.01s/it]
 94%|ΓûêΓûêΓûêΓûêΓûêΓûêΓûêΓûêΓûêΓûì| 4246/4500 [3:46:23<12:23,  2.93s/it]
 94%|ΓûêΓûêΓûêΓûêΓûêΓûêΓûêΓûêΓûêΓûì| 4247/4500 [3:46:27<13:26,  3.19s/it]
 94%|ΓûêΓûêΓûêΓûêΓûêΓûêΓûêΓûêΓûêΓûì| 4248/4500 [3:46:29<12:40,  3.02s/it]
 94%|ΓûêΓûêΓûêΓûêΓûêΓûêΓûêΓûêΓûêΓûì| 4249/4500 [3:46:32<12:47,  3.06s/it]
 94%|ΓûêΓûêΓûêΓûêΓûêΓûêΓûêΓûêΓûêΓûì| 4250/4500 [3:46:38<16:13,  3.89s/it]
 94%|ΓûêΓûêΓûêΓûêΓûêΓûêΓûêΓûêΓûêΓûì| 4251/4500 [3:46:42<15:53,  3.83s/it]
 94%|ΓûêΓûêΓûêΓûêΓûêΓûêΓûêΓûêΓûêΓûì| 4252/4500 [3:46:44<14:11,  3.43s/it]
 95%|ΓûêΓûêΓûêΓûêΓûêΓûêΓûêΓûêΓûêΓûì| 4253/4500 [3:46:48<13:55,  3.38s/it]
 95%|ΓûêΓûêΓûêΓûêΓûêΓûêΓûêΓûêΓûêΓûì| 4254/4500 [3:46:50<12:52,  3.14s/it]
 95%|ΓûêΓûêΓûêΓûêΓûêΓûêΓûêΓûêΓûêΓûì| 4255/4500 [3:46:54<12:58,  3.18s/it]
 95%|ΓûêΓûêΓûêΓûêΓûêΓûêΓûêΓûêΓûêΓûì| 4256/4500 [3:46:56<12:02,  2.96s/it]
 95%|ΓûêΓûêΓûêΓûêΓûêΓûêΓûêΓûêΓûêΓûì| 4257/4500 [3:46:59<12:19,  3.04s/it]
 95%|ΓûêΓûêΓûêΓûêΓûêΓûêΓûêΓûêΓûêΓûì| 4258/4500 [3:47:02<12:02,  2.99s/it]
 95%|ΓûêΓûêΓûêΓûêΓûêΓûêΓûêΓûêΓûêΓûì| 4259/4500 [3:47:06<12:58,  3.23s/it]
 95%|ΓûêΓûêΓûêΓûêΓûêΓûêΓûêΓûêΓûêΓûì| 4260/4500 [3:47:09<12:36,  3.15s/it]
 95%|ΓûêΓûêΓûêΓûêΓûêΓûêΓûêΓûêΓûêΓûì| 4261/4500 [3:47:12<12:54,  3.24s/it]
 95%|ΓûêΓûêΓûêΓûêΓûêΓûêΓûêΓûêΓûêΓûì| 4262/4500 [3:47:18<15:48,  3.99s/it]
 95%|ΓûêΓûêΓûêΓûêΓûêΓûêΓûêΓûêΓûêΓûì| 4263/4500 [3:47:21<14:41,  3.72s/it]
 95%|ΓûêΓûêΓûêΓûêΓûêΓûêΓûêΓûêΓûêΓûì| 4264/4500 [3:47:24<13:44,  3.49s/it]
 95%|ΓûêΓûêΓûêΓûêΓûêΓûêΓûêΓûêΓûêΓûì| 4265/4500 [3:47:28<13:50,  3.54s/it]
 95%|ΓûêΓûêΓûêΓûêΓûêΓûêΓûêΓûêΓûêΓûì| 4266/4500 [3:47:30<12:19,  3.16s/it]
 95%|ΓûêΓûêΓûêΓûêΓûêΓûêΓûêΓûêΓûêΓûì| 4267/4500 [3:47:33<12:04,  3.11s/it]
 95%|ΓûêΓûêΓûêΓûêΓûêΓûêΓûêΓûêΓûêΓûì| 4268/4500 [3:47:36<11:25,  2.96s/it]
 95%|ΓûêΓûêΓûêΓûêΓûêΓûêΓûêΓûêΓûêΓûì| 4269/4500 [3:47:39<11:58,  3.11s/it]
 95%|ΓûêΓûêΓûêΓûêΓûêΓûêΓûêΓûêΓûêΓûì| 4270/4500 [3:47:41<11:06,  2.90s/it]
 95%|ΓûêΓûêΓûêΓûêΓûêΓûêΓûêΓûêΓûêΓûì| 4271/4500 [3:47:45<12:19,  3.23s/it]
 95%|ΓûêΓûêΓûêΓûêΓûêΓûêΓûêΓûêΓûêΓûì| 4272/4500 [3:47:48<11:16,  2.97s/it]
 95%|ΓûêΓûêΓûêΓûêΓûêΓûêΓûêΓûêΓûêΓûì| 4273/4500 [3:47:52<12:18,  3.25s/it]
 95%|ΓûêΓûêΓûêΓûêΓûêΓûêΓûêΓûêΓûêΓûì| 4274/4500 [3:47:54<11:37,  3.08s/it]
 95%|ΓûêΓûêΓûêΓûêΓûêΓûêΓûêΓûêΓûêΓûî| 4275/4500 [3:47:58<12:17,  3.28s/it]
 95%|ΓûêΓûêΓûêΓûêΓûêΓûêΓûêΓûêΓûêΓûî| 4276/4500 [3:48:01<11:22,  3.05s/it]
 95%|ΓûêΓûêΓûêΓûêΓûêΓûêΓûêΓûêΓûêΓûî| 4277/4500 [3:48:04<11:19,  3.05s/it]
 95%|ΓûêΓûêΓûêΓûêΓûêΓûêΓûêΓûêΓûêΓûî| 4278/4500 [3:48:10<14:19,  3.87s/it]
 95%|ΓûêΓûêΓûêΓûêΓûêΓûêΓûêΓûêΓûêΓûî| 4279/4500 [3:48:13<13:22,  3.63s/it]
 95%|ΓûêΓûêΓûêΓûêΓûêΓûêΓûêΓûêΓûêΓûî| 4280/4500 [3:48:15<11:50,  3.23s/it]
 95%|ΓûêΓûêΓûêΓûêΓûêΓûêΓûêΓûêΓûêΓûî| 4281/4500 [3:48:18<11:40,  3.20s/it]
 95%|ΓûêΓûêΓûêΓûêΓûêΓûêΓûêΓûêΓûêΓûî| 4282/4500 [3:48:21<11:04,  3.05s/it]
 95%|ΓûêΓûêΓûêΓûêΓûêΓûêΓûêΓûêΓûêΓûî| 4283/4500 [3:48:24<10:58,  3.04s/it]
 95%|ΓûêΓûêΓûêΓûêΓûêΓûêΓûêΓûêΓûêΓûî| 4284/4500 [3:48:27<10:44,  2.98s/it]
 95%|ΓûêΓûêΓûêΓûêΓûêΓûêΓûêΓûêΓûêΓûî| 4285/4500 [3:48:30<10:45,  3.00s/it]
 95%|ΓûêΓûêΓûêΓûêΓûêΓûêΓûêΓûêΓûêΓûî| 4286/4500 [3:48:33<10:43,  3.01s/it]
 95%|ΓûêΓûêΓûêΓûêΓûêΓûêΓûêΓûêΓûêΓûî| 4287/4500 [3:48:36<10:51,  3.06s/it]
 95%|ΓûêΓûêΓûêΓûêΓûêΓûêΓûêΓûêΓûêΓûî| 4288/4500 [3:48:38<10:11,  2.88s/it]
 95%|ΓûêΓûêΓûêΓûêΓûêΓûêΓûêΓûêΓûêΓûî| 4289/4500 [3:48:42<10:30,  2.99s/it]
 95%|ΓûêΓûêΓûêΓûêΓûêΓûêΓûêΓûêΓûêΓûî| 4290/4500 [3:48:45<10:57,  3.13s/it]
 95%|ΓûêΓûêΓûêΓûêΓûêΓûêΓûêΓûêΓûêΓûî| 4291/4500 [3:48:48<10:45,  3.09s/it]
 95%|ΓûêΓûêΓûêΓûêΓûêΓûêΓûêΓûêΓûêΓûî| 4292/4500 [3:48:51<10:22,  2.99s/it]
 95%|ΓûêΓûêΓûêΓûêΓûêΓûêΓûêΓûêΓûêΓûî| 4293/4500 [3:48:54<10:30,  3.04s/it]
 95%|ΓûêΓûêΓûêΓûêΓûêΓûêΓûêΓûêΓûêΓûî| 4294/4500 [3:48:57<10:26,  3.04s/it]
 95%|ΓûêΓûêΓûêΓûêΓûêΓûêΓûêΓûêΓûêΓûî| 4295/4500 [3:49:00<10:46,  3.15s/it]
 95%|ΓûêΓûêΓûêΓûêΓûêΓûêΓûêΓûêΓûêΓûî| 4296/4500 [3:49:03<09:50,  2.89s/it]
 95%|ΓûêΓûêΓûêΓûêΓûêΓûêΓûêΓûêΓûêΓûî| 4297/4500 [3:49:06<09:53,  2.92s/it]
 96%|ΓûêΓûêΓûêΓûêΓûêΓûêΓûêΓûêΓûêΓûî| 4298/4500 [3:49:08<09:14,  2.74s/it]
 96%|ΓûêΓûêΓûêΓûêΓûêΓûêΓûêΓûêΓûêΓûî| 4299/4500 [3:49:14<12:34,  3.75s/it]
 96%|ΓûêΓûêΓûêΓûêΓûêΓûêΓûêΓûêΓûêΓûî| 4300/4500 [3:49:17<11:20,  3.40s/it]
 96%|ΓûêΓûêΓûêΓûêΓûêΓûêΓûêΓûêΓûêΓûî| 4301/4500 [3:49:20<11:09,  3.37s/it]
 96%|ΓûêΓûêΓûêΓûêΓûêΓûêΓûêΓûêΓûêΓûî| 4302/4500 [3:49:22<10:05,  3.06s/it]
 96%|ΓûêΓûêΓûêΓûêΓûêΓûêΓûêΓûêΓûêΓûî| 4303/4500 [3:49:25<10:11,  3.11s/it]
 96%|ΓûêΓûêΓûêΓûêΓûêΓûêΓûêΓûêΓûêΓûî| 4304/4500 [3:49:28<09:41,  2.96s/it]
 96%|ΓûêΓûêΓûêΓûêΓûêΓûêΓûêΓûêΓûêΓûî| 4305/4500 [3:49:32<10:03,  3.10s/it]
 96%|ΓûêΓûêΓûêΓûêΓûêΓûêΓûêΓûêΓûêΓûî| 4306/4500 [3:49:34<09:16,  2.87s/it]
 96%|ΓûêΓûêΓûêΓûêΓûêΓûêΓûêΓûêΓûêΓûî| 4307/4500 [3:49:37<09:44,  3.03s/it]
 96%|ΓûêΓûêΓûêΓûêΓûêΓûêΓûêΓûêΓûêΓûî| 4308/4500 [3:49:40<09:03,  2.83s/it]
 96%|ΓûêΓûêΓûêΓûêΓûêΓûêΓûêΓûêΓûêΓûî| 4309/4500 [3:49:44<10:04,  3.16s/it]
 96%|ΓûêΓûêΓûêΓûêΓûêΓûêΓûêΓûêΓûêΓûî| 4310/4500 [3:49:46<09:29,  3.00s/it]
 96%|ΓûêΓûêΓûêΓûêΓûêΓûêΓûêΓûêΓûêΓûî| 4311/4500 [3:49:51<10:51,  3.45s/it]
 96%|ΓûêΓûêΓûêΓûêΓûêΓûêΓûêΓûêΓûêΓûî| 4312/4500 [3:49:53<09:43,  3.11s/it]
 96%|ΓûêΓûêΓûêΓûêΓûêΓûêΓûêΓûêΓûêΓûî| 4313/4500 [3:49:57<10:35,  3.40s/it]
 96%|ΓûêΓûêΓûêΓûêΓûêΓûêΓûêΓûêΓûêΓûî| 4314/4500 [3:49:59<09:37,  3.10s/it]
 96%|ΓûêΓûêΓûêΓûêΓûêΓûêΓûêΓûêΓûêΓûî| 4315/4500 [3:50:03<09:32,  3.10s/it]
 96%|ΓûêΓûêΓûêΓûêΓûêΓûêΓûêΓûêΓûêΓûî| 4316/4500 [3:50:05<09:03,  2.95s/it]
 96%|ΓûêΓûêΓûêΓûêΓûêΓûêΓûêΓûêΓûêΓûî| 4317/4500 [3:50:08<09:17,  3.05s/it]
 96%|ΓûêΓûêΓûêΓûêΓûêΓûêΓûêΓûêΓûêΓûî| 4318/4500 [3:50:11<08:53,  2.93s/it]
 96%|ΓûêΓûêΓûêΓûêΓûêΓûêΓûêΓûêΓûêΓûî| 4319/4500 [3:50:14<09:08,  3.03s/it]
 96%|ΓûêΓûêΓûêΓûêΓûêΓûêΓûêΓûêΓûêΓûî| 4320/4500 [3:50:17<08:49,  2.94s/it]
 96%|ΓûêΓûêΓûêΓûêΓûêΓûêΓûêΓûêΓûêΓûî| 4321/4500 [3:50:20<09:00,  3.02s/it]
 96%|ΓûêΓûêΓûêΓûêΓûêΓûêΓûêΓûêΓûêΓûî| 4322/4500 [3:50:23<08:26,  2.85s/it]
 96%|ΓûêΓûêΓûêΓûêΓûêΓûêΓûêΓûêΓûêΓûî| 4323/4500 [3:50:26<08:30,  2.89s/it]
 96%|ΓûêΓûêΓûêΓûêΓûêΓûêΓûêΓûêΓûêΓûî| 4324/4500 [3:50:28<08:07,  2.77s/it]
 96%|ΓûêΓûêΓûêΓûêΓûêΓûêΓûêΓûêΓûêΓûî| 4325/4500 [3:50:32<08:31,  2.92s/it]
 96%|ΓûêΓûêΓûêΓûêΓûêΓûêΓûêΓûêΓûêΓûî| 4326/4500 [3:50:34<08:04,  2.78s/it]
 96%|ΓûêΓûêΓûêΓûêΓûêΓûêΓûêΓûêΓûêΓûî| 4327/4500 [3:50:37<08:24,  2.91s/it]
 96%|ΓûêΓûêΓûêΓûêΓûêΓûêΓûêΓûêΓûêΓûî| 4328/4500 [3:50:40<08:01,  2.80s/it]
 96%|ΓûêΓûêΓûêΓûêΓûêΓûêΓûêΓûêΓûêΓûî| 4329/4500 [3:50:43<08:19,  2.92s/it]
 96%|ΓûêΓûêΓûêΓûêΓûêΓûêΓûêΓûêΓûêΓûî| 4330/4500 [3:50:45<07:56,  2.80s/it]
 96%|ΓûêΓûêΓûêΓûêΓûêΓûêΓûêΓûêΓûêΓûî| 4331/4500 [3:50:48<08:03,  2.86s/it]
 96%|ΓûêΓûêΓûêΓûêΓûêΓûêΓûêΓûêΓûêΓûï| 4332/4500 [3:50:51<07:49,  2.80s/it]
 96%|ΓûêΓûêΓûêΓûêΓûêΓûêΓûêΓûêΓûêΓûï| 4333/4500 [3:50:54<08:10,  2.94s/it]
 96%|ΓûêΓûêΓûêΓûêΓûêΓûêΓûêΓûêΓûêΓûï| 4334/4500 [3:50:57<08:05,  2.92s/it]
 96%|ΓûêΓûêΓûêΓûêΓûêΓûêΓûêΓûêΓûêΓûï| 4335/4500 [3:51:00<08:15,  3.01s/it]
 96%|ΓûêΓûêΓûêΓûêΓûêΓûêΓûêΓûêΓûêΓûï| 4336/4500 [3:51:03<08:00,  2.93s/it]
 96%|ΓûêΓûêΓûêΓûêΓûêΓûêΓûêΓûêΓûêΓûï| 4337/4500 [3:51:06<08:12,  3.02s/it]
 96%|ΓûêΓûêΓûêΓûêΓûêΓûêΓûêΓûêΓûêΓûï| 4338/4500 [3:51:10<08:56,  3.31s/it]
 96%|ΓûêΓûêΓûêΓûêΓûêΓûêΓûêΓûêΓûêΓûï| 4339/4500 [3:51:21<14:42,  5.48s/it]
 96%|ΓûêΓûêΓûêΓûêΓûêΓûêΓûêΓûêΓûêΓûï| 4340/4500 [3:51:27<14:40,  5.50s/it]
 96%|ΓûêΓûêΓûêΓûêΓûêΓûêΓûêΓûêΓûêΓûï| 4341/4500 [3:51:30<12:37,  4.77s/it]
 96%|ΓûêΓûêΓûêΓûêΓûêΓûêΓûêΓûêΓûêΓûï| 4342/4500 [3:51:36<13:54,  5.28s/it]
 97%|ΓûêΓûêΓûêΓûêΓûêΓûêΓûêΓûêΓûêΓûï| 4343/4500 [3:51:40<12:35,  4.81s/it]
 97%|ΓûêΓûêΓûêΓûêΓûêΓûêΓûêΓûêΓûêΓûï| 4344/4500 [3:51:43<10:54,  4.20s/it]
 97%|ΓûêΓûêΓûêΓûêΓûêΓûêΓûêΓûêΓûêΓûï| 4345/4500 [3:51:46<10:10,  3.94s/it]
 97%|ΓûêΓûêΓûêΓûêΓûêΓûêΓûêΓûêΓûêΓûï| 4346/4500 [3:51:49<09:15,  3.61s/it]
 97%|ΓûêΓûêΓûêΓûêΓûêΓûêΓûêΓûêΓûêΓûï| 4347/4500 [3:51:52<08:56,  3.51s/it]
 97%|ΓûêΓûêΓûêΓûêΓûêΓûêΓûêΓûêΓûêΓûï| 4348/4500 [3:51:55<08:16,  3.26s/it]
 97%|ΓûêΓûêΓûêΓûêΓûêΓûêΓûêΓûêΓûêΓûï| 4349/4500 [3:52:04<12:55,  5.13s/it]
 97%|ΓûêΓûêΓûêΓûêΓûêΓûêΓûêΓûêΓûêΓûï| 4350/4500 [3:52:08<11:31,  4.61s/it]
 97%|ΓûêΓûêΓûêΓûêΓûêΓûêΓûêΓûêΓûêΓûï| 4351/4500 [3:52:12<11:38,  4.69s/it]
 97%|ΓûêΓûêΓûêΓûêΓûêΓûêΓûêΓûêΓûêΓûï| 4352/4500 [3:52:16<11:00,  4.46s/it]
 97%|ΓûêΓûêΓûêΓûêΓûêΓûêΓûêΓûêΓûêΓûï| 4353/4500 [3:52:20<10:10,  4.15s/it]
 97%|ΓûêΓûêΓûêΓûêΓûêΓûêΓûêΓûêΓûêΓûï| 4354/4500 [3:52:23<09:06,  3.74s/it]
 97%|ΓûêΓûêΓûêΓûêΓûêΓûêΓûêΓûêΓûêΓûï| 4355/4500 [3:52:26<08:51,  3.66s/it]
 97%|ΓûêΓûêΓûêΓûêΓûêΓûêΓûêΓûêΓûêΓûï| 4356/4500 [3:52:28<07:47,  3.25s/it]
 97%|ΓûêΓûêΓûêΓûêΓûêΓûêΓûêΓûêΓûêΓûï| 4357/4500 [3:52:32<07:51,  3.30s/it]
 97%|ΓûêΓûêΓûêΓûêΓûêΓûêΓûêΓûêΓûêΓûï| 4358/4500 [3:52:35<07:31,  3.18s/it]
 97%|ΓûêΓûêΓûêΓûêΓûêΓûêΓûêΓûêΓûêΓûï| 4359/4500 [3:52:38<07:38,  3.25s/it]
 97%|ΓûêΓûêΓûêΓûêΓûêΓûêΓûêΓûêΓûêΓûï| 4360/4500 [3:52:41<07:06,  3.04s/it]
 97%|ΓûêΓûêΓûêΓûêΓûêΓûêΓûêΓûêΓûêΓûï| 4361/4500 [3:52:44<07:10,  3.10s/it]
 97%|ΓûêΓûêΓûêΓûêΓûêΓûêΓûêΓûêΓûêΓûï| 4362/4500 [3:52:47<07:07,  3.09s/it]
 97%|ΓûêΓûêΓûêΓûêΓûêΓûêΓûêΓûêΓûêΓûï| 4363/4500 [3:52:51<07:25,  3.25s/it]
 97%|ΓûêΓûêΓûêΓûêΓûêΓûêΓûêΓûêΓûêΓûï| 4364/4500 [3:52:53<06:57,  3.07s/it]
 97%|ΓûêΓûêΓûêΓûêΓûêΓûêΓûêΓûêΓûêΓûï| 4365/4500 [3:52:56<07:01,  3.12s/it]
 97%|ΓûêΓûêΓûêΓûêΓûêΓûêΓûêΓûêΓûêΓûï| 4366/4500 [3:52:59<06:53,  3.09s/it]
 97%|ΓûêΓûêΓûêΓûêΓûêΓûêΓûêΓûêΓûêΓûï| 4367/4500 [3:53:03<06:59,  3.16s/it]
 97%|ΓûêΓûêΓûêΓûêΓûêΓûêΓûêΓûêΓûêΓûï| 4368/4500 [3:53:06<06:41,  3.04s/it]
 97%|ΓûêΓûêΓûêΓûêΓûêΓûêΓûêΓûêΓûêΓûï| 4369/4500 [3:53:09<06:46,  3.10s/it]
 97%|ΓûêΓûêΓûêΓûêΓûêΓûêΓûêΓûêΓûêΓûï| 4370/4500 [3:53:12<06:45,  3.12s/it]
 97%|ΓûêΓûêΓûêΓûêΓûêΓûêΓûêΓûêΓûêΓûï| 4372/4500 [3:53:15<05:08,  2.41s/it]
 97%|ΓûêΓûêΓûêΓûêΓûêΓûêΓûêΓûêΓûêΓûï| 4373/4500 [3:53:18<05:13,  2.47s/it]
 97%|ΓûêΓûêΓûêΓûêΓûêΓûêΓûêΓûêΓûêΓûï| 4374/4500 [3:53:21<05:28,  2.61s/it]
 97%|ΓûêΓûêΓûêΓûêΓûêΓûêΓûêΓûêΓûêΓûï| 4375/4500 [3:53:24<05:44,  2.76s/it]
 97%|ΓûêΓûêΓûêΓûêΓûêΓûêΓûêΓûêΓûêΓûï| 4376/4500 [3:53:27<05:52,  2.85s/it]
 97%|ΓûêΓûêΓûêΓûêΓûêΓûêΓûêΓûêΓûêΓûï| 4377/4500 [3:53:30<05:56,  2.90s/it]
 97%|ΓûêΓûêΓûêΓûêΓûêΓûêΓûêΓûêΓûêΓûï| 4378/4500 [3:53:33<06:07,  3.01s/it]
 97%|ΓûêΓûêΓûêΓûêΓûêΓûêΓûêΓûêΓûêΓûï| 4379/4500 [3:53:36<05:50,  2.90s/it]
 97%|ΓûêΓûêΓûêΓûêΓûêΓûêΓûêΓûêΓûêΓûï| 4380/4500 [3:53:39<05:54,  2.96s/it]
 97%|ΓûêΓûêΓûêΓûêΓûêΓûêΓûêΓûêΓûêΓûï| 4381/4500 [3:53:42<05:59,  3.02s/it]
 97%|ΓûêΓûêΓûêΓûêΓûêΓûêΓûêΓûêΓûêΓûï| 4382/4500 [3:53:45<06:04,  3.09s/it]
 97%|ΓûêΓûêΓûêΓûêΓûêΓûêΓûêΓûêΓûêΓûï| 4383/4500 [3:53:48<05:38,  2.89s/it]
 97%|ΓûêΓûêΓûêΓûêΓûêΓûêΓûêΓûêΓûêΓûï| 4384/4500 [3:53:51<05:42,  2.95s/it]
 97%|ΓûêΓûêΓûêΓûêΓûêΓûêΓûêΓûêΓûêΓûï| 4385/4500 [3:53:54<05:48,  3.03s/it]
 97%|ΓûêΓûêΓûêΓûêΓûêΓûêΓûêΓûêΓûêΓûï| 4386/4500 [3:53:57<05:54,  3.11s/it]
 97%|ΓûêΓûêΓûêΓûêΓûêΓûêΓûêΓûêΓûêΓûï| 4387/4500 [3:54:00<05:43,  3.04s/it]
 98%|ΓûêΓûêΓûêΓûêΓûêΓûêΓûêΓûêΓûêΓûè| 4388/4500 [3:54:04<05:48,  3.11s/it]
 98%|ΓûêΓûêΓûêΓûêΓûêΓûêΓûêΓûêΓûêΓûè| 4389/4500 [3:54:06<05:34,  3.01s/it]
 98%|ΓûêΓûêΓûêΓûêΓûêΓûêΓûêΓûêΓûêΓûè| 4390/4500 [3:54:09<05:32,  3.02s/it]
 98%|ΓûêΓûêΓûêΓûêΓûêΓûêΓûêΓûêΓûêΓûè| 4391/4500 [3:54:13<05:43,  3.15s/it]
 98%|ΓûêΓûêΓûêΓûêΓûêΓûêΓûêΓûêΓûêΓûè| 4392/4500 [3:54:17<06:01,  3.35s/it]
 98%|ΓûêΓûêΓûêΓûêΓûêΓûêΓûêΓûêΓûêΓûè| 4393/4500 [3:54:20<05:42,  3.20s/it]
 98%|ΓûêΓûêΓûêΓûêΓûêΓûêΓûêΓûêΓûêΓûè| 4394/4500 [3:54:23<05:41,  3.22s/it]
 98%|ΓûêΓûêΓûêΓûêΓûêΓûêΓûêΓûêΓûêΓûè| 4395/4500 [3:54:25<05:12,  2.98s/it]
 98%|ΓûêΓûêΓûêΓûêΓûêΓûêΓûêΓûêΓûêΓûè| 4396/4500 [3:54:29<05:23,  3.11s/it]
 98%|ΓûêΓûêΓûêΓûêΓûêΓûêΓûêΓûêΓûêΓûè| 4397/4500 [3:54:32<05:11,  3.03s/it]
 98%|ΓûêΓûêΓûêΓûêΓûêΓûêΓûêΓûêΓûêΓûè| 4398/4500 [3:54:35<05:18,  3.12s/it]
 98%|ΓûêΓûêΓûêΓûêΓûêΓûêΓûêΓûêΓûêΓûè| 4399/4500 [3:54:37<04:58,  2.95s/it]
 98%|ΓûêΓûêΓûêΓûêΓûêΓûêΓûêΓûêΓûêΓûè| 4400/4500 [3:54:41<05:04,  3.05s/it]
 98%|ΓûêΓûêΓûêΓûêΓûêΓûêΓûêΓûêΓûêΓûè| 4401/4500 [3:54:43<04:46,  2.89s/it]
 98%|ΓûêΓûêΓûêΓûêΓûêΓûêΓûêΓûêΓûêΓûè| 4402/4500 [3:54:46<04:45,  2.91s/it]
 98%|ΓûêΓûêΓûêΓûêΓûêΓûêΓûêΓûêΓûêΓûè| 4403/4500 [3:54:49<04:35,  2.84s/it]
 98%|ΓûêΓûêΓûêΓûêΓûêΓûêΓûêΓûêΓûêΓûè| 4404/4500 [3:54:52<04:39,  2.91s/it]
 98%|ΓûêΓûêΓûêΓûêΓûêΓûêΓûêΓûêΓûêΓûè| 4405/4500 [3:54:55<04:30,  2.84s/it]
 98%|ΓûêΓûêΓûêΓûêΓûêΓûêΓûêΓûêΓûêΓûè| 4406/4500 [3:54:58<04:42,  3.01s/it]
 98%|ΓûêΓûêΓûêΓûêΓûêΓûêΓûêΓûêΓûêΓûè| 4407/4500 [3:55:01<04:38,  3.00s/it]
 98%|ΓûêΓûêΓûêΓûêΓûêΓûêΓûêΓûêΓûêΓûè| 4408/4500 [3:55:04<04:47,  3.12s/it]
 98%|ΓûêΓûêΓûêΓûêΓûêΓûêΓûêΓûêΓûêΓûè| 4409/4500 [3:55:07<04:41,  3.09s/it]
 98%|ΓûêΓûêΓûêΓûêΓûêΓûêΓûêΓûêΓûêΓûè| 4410/4500 [3:55:11<04:39,  3.10s/it]
 98%|ΓûêΓûêΓûêΓûêΓûêΓûêΓûêΓûêΓûêΓûè| 4411/4500 [3:55:14<04:51,  3.27s/it]
 98%|ΓûêΓûêΓûêΓûêΓûêΓûêΓûêΓûêΓûêΓûè| 4412/4500 [3:55:17<04:39,  3.18s/it]
 98%|ΓûêΓûêΓûêΓûêΓûêΓûêΓûêΓûêΓûêΓûè| 4413/4500 [3:55:21<04:40,  3.23s/it]
 98%|ΓûêΓûêΓûêΓûêΓûêΓûêΓûêΓûêΓûêΓûè| 4414/4500 [3:55:24<04:40,  3.26s/it]
 98%|ΓûêΓûêΓûêΓûêΓûêΓûêΓûêΓûêΓûêΓûè| 4415/4500 [3:55:27<04:38,  3.28s/it]
 98%|ΓûêΓûêΓûêΓûêΓûêΓûêΓûêΓûêΓûêΓûè| 4416/4500 [3:55:30<04:30,  3.22s/it]
 98%|ΓûêΓûêΓûêΓûêΓûêΓûêΓûêΓûêΓûêΓûè| 4417/4500 [3:55:33<04:17,  3.11s/it]
 98%|ΓûêΓûêΓûêΓûêΓûêΓûêΓûêΓûêΓûêΓûè| 4418/4500 [3:55:36<04:17,  3.13s/it]
 98%|ΓûêΓûêΓûêΓûêΓûêΓûêΓûêΓûêΓûêΓûè| 4419/4500 [3:55:39<04:09,  3.08s/it]
 98%|ΓûêΓûêΓûêΓûêΓûêΓûêΓûêΓûêΓûêΓûè| 4420/4500 [3:55:44<04:55,  3.70s/it]
 98%|ΓûêΓûêΓûêΓûêΓûêΓûêΓûêΓûêΓûêΓûè| 4421/4500 [3:55:49<05:07,  3.90s/it]
 98%|ΓûêΓûêΓûêΓûêΓûêΓûêΓûêΓûêΓûêΓûè| 4422/4500 [3:55:53<05:02,  3.88s/it]
 98%|ΓûêΓûêΓûêΓûêΓûêΓûêΓûêΓûêΓûêΓûè| 4423/4500 [3:55:56<04:38,  3.62s/it]
 98%|ΓûêΓûêΓûêΓûêΓûêΓûêΓûêΓûêΓûêΓûè| 4424/4500 [3:56:00<04:51,  3.83s/it]
 98%|ΓûêΓûêΓûêΓûêΓûêΓûêΓûêΓûêΓûêΓûè| 4425/4500 [3:56:03<04:36,  3.69s/it]
 98%|ΓûêΓûêΓûêΓûêΓûêΓûêΓûêΓûêΓûêΓûè| 4426/4500 [3:56:06<04:19,  3.51s/it]
 98%|ΓûêΓûêΓûêΓûêΓûêΓûêΓûêΓûêΓûêΓûè| 4427/4500 [3:56:09<03:55,  3.23s/it]
 98%|ΓûêΓûêΓûêΓûêΓûêΓûêΓûêΓûêΓûêΓûè| 4428/4500 [3:56:12<03:59,  3.32s/it]
 98%|ΓûêΓûêΓûêΓûêΓûêΓûêΓûêΓûêΓûêΓûè| 4429/4500 [3:56:16<03:59,  3.38s/it]
 98%|ΓûêΓûêΓûêΓûêΓûêΓûêΓûêΓûêΓûêΓûè| 4430/4500 [3:56:19<03:49,  3.27s/it]
 98%|ΓûêΓûêΓûêΓûêΓûêΓûêΓûêΓûêΓûêΓûè| 4431/4500 [3:56:22<03:29,  3.04s/it]
 98%|ΓûêΓûêΓûêΓûêΓûêΓûêΓûêΓûêΓûêΓûè| 4432/4500 [3:56:25<03:35,  3.18s/it]
 99%|ΓûêΓûêΓûêΓûêΓûêΓûêΓûêΓûêΓûêΓûè| 4433/4500 [3:56:28<03:24,  3.05s/it]
 99%|ΓûêΓûêΓûêΓûêΓûêΓûêΓûêΓûêΓûêΓûè| 4434/4500 [3:56:34<04:22,  3.97s/it]
 99%|ΓûêΓûêΓûêΓûêΓûêΓûêΓûêΓûêΓûêΓûè| 4435/4500 [3:56:36<03:47,  3.50s/it]
 99%|ΓûêΓûêΓûêΓûêΓûêΓûêΓûêΓûêΓûêΓûè| 4436/4500 [3:56:40<03:40,  3.45s/it]
 99%|ΓûêΓûêΓûêΓûêΓûêΓûêΓûêΓûêΓûêΓûè| 4437/4500 [3:56:42<03:22,  3.22s/it]
 99%|ΓûêΓûêΓûêΓûêΓûêΓûêΓûêΓûêΓûêΓûè| 4438/4500 [3:56:45<03:18,  3.21s/it]
 99%|ΓûêΓûêΓûêΓûêΓûêΓûêΓûêΓûêΓûêΓûè| 4439/4500 [3:56:48<03:00,  2.96s/it]
 99%|ΓûêΓûêΓûêΓûêΓûêΓûêΓûêΓûêΓûêΓûè| 4440/4500 [3:56:51<03:05,  3.08s/it]
 99%|ΓûêΓûêΓûêΓûêΓûêΓûêΓûêΓûêΓûêΓûè| 4441/4500 [3:56:55<03:13,  3.28s/it]
 99%|ΓûêΓûêΓûêΓûêΓûêΓûêΓûêΓûêΓûêΓûè| 4442/4500 [3:56:58<03:09,  3.27s/it]
 99%|ΓûêΓûêΓûêΓûêΓûêΓûêΓûêΓûêΓûêΓûè| 4443/4500 [3:57:01<03:05,  3.25s/it]
 99%|ΓûêΓûêΓûêΓûêΓûêΓûêΓûêΓûêΓûêΓûë| 4444/4500 [3:57:05<03:01,  3.23s/it]
 99%|ΓûêΓûêΓûêΓûêΓûêΓûêΓûêΓûêΓûêΓûë| 4445/4500 [3:57:08<02:54,  3.17s/it]
 99%|ΓûêΓûêΓûêΓûêΓûêΓûêΓûêΓûêΓûêΓûë| 4446/4500 [3:57:12<03:10,  3.52s/it]
 99%|ΓûêΓûêΓûêΓûêΓûêΓûêΓûêΓûêΓûêΓûë| 4447/4500 [3:57:15<02:56,  3.34s/it]
 99%|ΓûêΓûêΓûêΓûêΓûêΓûêΓûêΓûêΓûêΓûë| 4448/4500 [3:57:20<03:19,  3.84s/it]
 99%|ΓûêΓûêΓûêΓûêΓûêΓûêΓûêΓûêΓûêΓûë| 4449/4500 [3:57:23<03:03,  3.59s/it]
 99%|ΓûêΓûêΓûêΓûêΓûêΓûêΓûêΓûêΓûêΓûë| 4450/4500 [3:57:26<02:55,  3.51s/it]
 99%|ΓûêΓûêΓûêΓûêΓûêΓûêΓûêΓûêΓûêΓûë| 4451/4500 [3:57:30<02:50,  3.47s/it]
 99%|ΓûêΓûêΓûêΓûêΓûêΓûêΓûêΓûêΓûêΓûë| 4452/4500 [3:57:33<02:41,  3.36s/it]
 99%|ΓûêΓûêΓûêΓûêΓûêΓûêΓûêΓûêΓûêΓûë| 4453/4500 [3:57:36<02:33,  3.26s/it]
 99%|ΓûêΓûêΓûêΓûêΓûêΓûêΓûêΓûêΓûêΓûë| 4454/4500 [3:57:39<02:33,  3.34s/it]
 99%|ΓûêΓûêΓûêΓûêΓûêΓûêΓûêΓûêΓûêΓûë| 4455/4500 [3:57:42<02:22,  3.16s/it]
 99%|ΓûêΓûêΓûêΓûêΓûêΓûêΓûêΓûêΓûêΓûë| 4456/4500 [3:57:45<02:17,  3.12s/it]
 99%|ΓûêΓûêΓûêΓûêΓûêΓûêΓûêΓûêΓûêΓûë| 4457/4500 [3:57:51<02:50,  3.97s/it]
 99%|ΓûêΓûêΓûêΓûêΓûêΓûêΓûêΓûêΓûêΓûë| 4458/4500 [3:57:54<02:39,  3.81s/it]
 99%|ΓûêΓûêΓûêΓûêΓûêΓûêΓûêΓûêΓûêΓûë| 4459/4500 [3:57:57<02:23,  3.49s/it]
 99%|ΓûêΓûêΓûêΓûêΓûêΓûêΓûêΓûêΓûêΓûë| 4460/4500 [3:58:01<02:18,  3.47s/it]
 99%|ΓûêΓûêΓûêΓûêΓûêΓûêΓûêΓûêΓûêΓûë| 4461/4500 [3:58:03<02:04,  3.20s/it]
 99%|ΓûêΓûêΓûêΓûêΓûêΓûêΓûêΓûêΓûêΓûë| 4462/4500 [3:58:07<02:09,  3.40s/it]
 99%|ΓûêΓûêΓûêΓûêΓûêΓûêΓûêΓûêΓûêΓûë| 4463/4500 [3:58:10<02:05,  3.40s/it]
 99%|ΓûêΓûêΓûêΓûêΓûêΓûêΓûêΓûêΓûêΓûë| 4464/4500 [3:58:13<01:58,  3.30s/it]
 99%|ΓûêΓûêΓûêΓûêΓûêΓûêΓûêΓûêΓûêΓûë| 4465/4500 [3:58:16<01:49,  3.11s/it]
 99%|ΓûêΓûêΓûêΓûêΓûêΓûêΓûêΓûêΓûêΓûë| 4466/4500 [3:58:20<01:52,  3.30s/it]
 99%|ΓûêΓûêΓûêΓûêΓûêΓûêΓûêΓûêΓûêΓûë| 4467/4500 [3:58:22<01:40,  3.04s/it]
 99%|ΓûêΓûêΓûêΓûêΓûêΓûêΓûêΓûêΓûêΓûë| 4468/4500 [3:58:29<02:07,  4.00s/it]
 99%|ΓûêΓûêΓûêΓûêΓûêΓûêΓûêΓûêΓûêΓûë| 4469/4500 [3:58:31<01:52,  3.62s/it]
 99%|ΓûêΓûêΓûêΓûêΓûêΓûêΓûêΓûêΓûêΓûë| 4470/4500 [3:58:35<01:46,  3.56s/it]
 99%|ΓûêΓûêΓûêΓûêΓûêΓûêΓûêΓûêΓûêΓûë| 4471/4500 [3:58:37<01:31,  3.16s/it]
 99%|ΓûêΓûêΓûêΓûêΓûêΓûêΓûêΓûêΓûêΓûë| 4472/4500 [3:58:40<01:31,  3.27s/it]
 99%|ΓûêΓûêΓûêΓûêΓûêΓûêΓûêΓûêΓûêΓûë| 4473/4500 [3:58:43<01:22,  3.04s/it]
 99%|ΓûêΓûêΓûêΓûêΓûêΓûêΓûêΓûêΓûêΓûë| 4474/4500 [3:58:46<01:20,  3.09s/it]
 99%|ΓûêΓûêΓûêΓûêΓûêΓûêΓûêΓûêΓûêΓûë| 4475/4500 [3:58:49<01:16,  3.05s/it]
 99%|ΓûêΓûêΓûêΓûêΓûêΓûêΓûêΓûêΓûêΓûë| 4476/4500 [3:58:53<01:16,  3.20s/it]
 99%|ΓûêΓûêΓûêΓûêΓûêΓûêΓûêΓûêΓûêΓûë| 4477/4500 [3:58:55<01:09,  3.03s/it]
100%|ΓûêΓûêΓûêΓûêΓûêΓûêΓûêΓûêΓûêΓûë| 4478/4500 [3:58:59<01:10,  3.20s/it]
100%|ΓûêΓûêΓûêΓûêΓûêΓûêΓûêΓûêΓûêΓûë| 4479/4500 [3:59:01<01:02,  2.96s/it]
100%|ΓûêΓûêΓûêΓûêΓûêΓûêΓûêΓûêΓûêΓûë| 4480/4500 [3:59:04<00:59,  2.96s/it]
100%|ΓûêΓûêΓûêΓûêΓûêΓûêΓûêΓûêΓûêΓûë| 4481/4500 [3:59:07<00:52,  2.78s/it]
100%|ΓûêΓûêΓûêΓûêΓûêΓûêΓûêΓûêΓûêΓûë| 4482/4500 [3:59:15<01:18,  4.33s/it]
100%|ΓûêΓûêΓûêΓûêΓûêΓûêΓûêΓûêΓûêΓûë| 4483/4500 [3:59:17<01:05,  3.85s/it]
100%|ΓûêΓûêΓûêΓûêΓûêΓûêΓûêΓûêΓûêΓûë| 4484/4500 [3:59:20<00:57,  3.57s/it]
100%|ΓûêΓûêΓûêΓûêΓûêΓûêΓûêΓûêΓûêΓûë| 4485/4500 [3:59:23<00:49,  3.31s/it]
100%|ΓûêΓûêΓûêΓûêΓûêΓûêΓûêΓûêΓûêΓûë| 4486/4500 [3:59:26<00:45,  3.25s/it]
100%|ΓûêΓûêΓûêΓûêΓûêΓûêΓûêΓûêΓûêΓûë| 4487/4500 [3:59:29<00:41,  3.20s/it]
100%|ΓûêΓûêΓûêΓûêΓûêΓûêΓûêΓûêΓûêΓûë| 4488/4500 [3:59:32<00:38,  3.22s/it]
100%|ΓûêΓûêΓûêΓûêΓûêΓûêΓûêΓûêΓûêΓûë| 4489/4500 [3:59:35<00:32,  2.96s/it]
100%|ΓûêΓûêΓûêΓûêΓûêΓûêΓûêΓûêΓûêΓûë| 4490/4500 [3:59:38<00:30,  3.10s/it]
100%|ΓûêΓûêΓûêΓûêΓûêΓûêΓûêΓûêΓûêΓûë| 4491/4500 [3:59:41<00:27,  3.04s/it]
100%|ΓûêΓûêΓûêΓûêΓûêΓûêΓûêΓûêΓûêΓûë| 4492/4500 [3:59:44<00:24,  3.00s/it]
100%|ΓûêΓûêΓûêΓûêΓûêΓûêΓûêΓûêΓûêΓûë| 4493/4500 [3:59:47<00:19,  2.85s/it]
100%|ΓûêΓûêΓûêΓûêΓûêΓûêΓûêΓûêΓûêΓûë| 4494/4500 [3:59:50<00:17,  2.93s/it]
100%|ΓûêΓûêΓûêΓûêΓûêΓûêΓûêΓûêΓûêΓûë| 4495/4500 [3:59:52<00:14,  2.90s/it]
100%|ΓûêΓûêΓûêΓûêΓûêΓûêΓûêΓûêΓûêΓûë| 4496/4500 [4:00:00<00:17,  4.40s/it]
100%|ΓûêΓûêΓûêΓûêΓûêΓûêΓûêΓûêΓûêΓûë| 4497/4500 [4:00:03<00:11,  3.84s/it]
100%|ΓûêΓûêΓûêΓûêΓûêΓûêΓûêΓûêΓûêΓûë| 4498/4500 [4:00:06<00:07,  3.71s/it]
100%|ΓûêΓûêΓûêΓûêΓûêΓûêΓûêΓûêΓûêΓûë| 4499/4500 [4:00:09<00:03,  3.38s/it]
100%|ΓûêΓûêΓûêΓûêΓûêΓûêΓûêΓûêΓûêΓûê| 4500/4500 [4:00:13<00:00,  3.53s/it]
100%|ΓûêΓûêΓûêΓûêΓûêΓûêΓûêΓûêΓûêΓûê| 4500/4500 [4:00:13<00:00,  3.20s/it]
{"run_dir": "C:\\Users\\jv624\\Desktop\\fsm_reliability\\outputs\\cstr_grounding\\20261009_113804_20261007_094026_smollm2-17b-instruct_v4_v31_r0", "status": {"ok": 4463, "not_eligible": 37}, "tf_agreement": 0.998}
