python.exe : 
At C:\Users\jv624\Desktop\fsm_reliability\outputs\pipeline_detached.ps1:18 char:5
+     & $py @pyArgs 2>&1 | Out-File -Encoding utf8 "outputs\queue_$name ...
+     ~~~~~~~~~~~~~~~~~~
    + CategoryInfo          : NotSpecified: (:String) [], RemoteException
    + FullyQualifiedErrorId : NativeCommandError
 
Loading weights:   0%|          | 0/218 [00:00<?, ?it/s]
Loading weights:   0%|          | 1/218 [00:00<00:24,  8.81it/s]
Loading weights:  10%|Γûë         | 21/218 [00:00<00:01, 112.79it/s]
Loading weights:  18%|ΓûêΓûè        | 40/218 [00:00<00:01, 145.78it/s]
Loading weights:  27%|ΓûêΓûêΓûï       | 59/218 [00:00<00:00, 161.87it/s]
Loading weights:  37%|ΓûêΓûêΓûêΓûï      | 81/218 [00:00<00:00, 181.49it/s]
Loading weights:  47%|ΓûêΓûêΓûêΓûêΓûï     | 102/218 [00:00<00:00, 188.79it/s]
Loading weights:  56%|ΓûêΓûêΓûêΓûêΓûêΓûî    | 121/218 [00:00<00:00, 185.30it/s]
Loading weights:  64%|ΓûêΓûêΓûêΓûêΓûêΓûêΓûì   | 140/218 [00:00<00:00, 179.80it/s]
Loading weights:  74%|ΓûêΓûêΓûêΓûêΓûêΓûêΓûêΓûì  | 161/218 [00:00<00:00, 188.72it/s]
Loading weights:  83%|ΓûêΓûêΓûêΓûêΓûêΓûêΓûêΓûêΓûÄ | 180/218 [00:01<00:00, 188.05it/s]
Loading weights:  91%|ΓûêΓûêΓûêΓûêΓûêΓûêΓûêΓûêΓûêΓûÅ| 199/218 [00:01<00:00, 184.28it/s]
Loading weights: 100%|ΓûêΓûêΓûêΓûêΓûêΓûêΓûêΓûêΓûêΓûê| 218/218 [00:01<00:00, 175.13it/s]

  0%|          | 0/3000 [00:00<?, ?it/s]
  0%|          | 1/3000 [00:00<20:31,  2.44it/s]
  0%|          | 2/3000 [00:00<11:50,  4.22it/s]
  0%|          | 3/3000 [00:00<10:36,  4.71it/s]
  0%|          | 4/3000 [00:00<09:46,  5.10it/s]
  0%|          | 5/3000 [00:00<08:24,  5.94it/s]
  0%|          | 6/3000 [00:01<08:36,  5.79it/s]
  0%|          | 7/3000 [00:01<07:49,  6.38it/s]
  0%|          | 8/3000 [00:01<07:38,  6.53it/s]
  0%|          | 9/3000 [00:01<07:02,  7.08it/s]
  0%|          | 10/3000 [00:01<06:38,  7.50it/s]
  0%|          | 11/3000 [00:01<06:55,  7.19it/s]
  0%|          | 12/3000 [00:01<06:53,  7.23it/s]
  0%|          | 13/3000 [00:02<07:01,  7.09it/s]
  0%|          | 14/3000 [00:02<07:18,  6.82it/s]
  0%|          | 15/3000 [00:02<07:23,  6.73it/s]
  1%|          | 16/3000 [00:02<07:57,  6.25it/s]
  1%|          | 17/3000 [00:02<08:33,  5.81it/s]
  1%|          | 18/3000 [00:03<10:04,  4.93it/s]
  1%|          | 19/3000 [00:03<08:53,  5.59it/s]
  1%|          | 20/3000 [00:03<08:38,  5.74it/s]
  1%|          | 21/3000 [00:03<08:20,  5.95it/s]
  1%|          | 22/3000 [00:03<08:20,  5.95it/s]
  1%|          | 23/3000 [00:03<07:52,  6.29it/s]
  1%|          | 25/3000 [00:04<07:35,  6.53it/s]
  1%|          | 26/3000 [00:04<07:48,  6.35it/s]
  1%|          | 27/3000 [00:04<07:46,  6.38it/s]
  1%|          | 28/3000 [00:04<08:25,  5.88it/s]
  1%|          | 29/3000 [00:04<08:52,  5.58it/s]
  1%|          | 30/3000 [00:05<09:23,  5.27it/s]
  1%|          | 31/3000 [00:05<08:43,  5.67it/s]
  1%|          | 33/3000 [00:05<07:40,  6.44it/s]
  1%|          | 34/3000 [00:05<07:27,  6.62it/s]
  1%|          | 35/3000 [00:05<07:54,  6.24it/s]
  1%|          | 36/3000 [00:05<07:41,  6.42it/s]
  1%|          | 37/3000 [00:06<07:15,  6.81it/s]
  1%|ΓûÅ         | 38/3000 [00:06<10:43,  4.60it/s]
  1%|ΓûÅ         | 40/3000 [00:06<08:33,  5.76it/s]
  1%|ΓûÅ         | 41/3000 [00:06<08:41,  5.67it/s]
  1%|ΓûÅ         | 42/3000 [00:07<07:54,  6.23it/s]
  1%|ΓûÅ         | 43/3000 [00:07<07:11,  6.85it/s]
  1%|ΓûÅ         | 44/3000 [00:07<07:26,  6.62it/s]
  2%|ΓûÅ         | 45/3000 [00:07<07:41,  6.40it/s]
  2%|ΓûÅ         | 46/3000 [00:07<06:53,  7.14it/s]
  2%|ΓûÅ         | 47/3000 [00:07<07:20,  6.71it/s]
  2%|ΓûÅ         | 48/3000 [00:08<09:33,  5.15it/s]
  2%|ΓûÅ         | 49/3000 [00:08<08:58,  5.48it/s]
  2%|ΓûÅ         | 50/3000 [00:08<08:11,  6.00it/s]
  2%|ΓûÅ         | 51/3000 [00:08<07:17,  6.74it/s]
  2%|ΓûÅ         | 52/3000 [00:08<10:16,  4.78it/s]
  2%|ΓûÅ         | 53/3000 [00:08<09:18,  5.28it/s]
  2%|ΓûÅ         | 54/3000 [00:09<08:11,  6.00it/s]
  2%|ΓûÅ         | 55/3000 [00:09<07:56,  6.18it/s]
  2%|ΓûÅ         | 57/3000 [00:09<07:00,  7.00it/s]
  2%|ΓûÅ         | 58/3000 [00:09<06:34,  7.46it/s]
  2%|ΓûÅ         | 60/3000 [00:09<06:01,  8.14it/s]
  2%|ΓûÅ         | 61/3000 [00:09<06:09,  7.94it/s]
  2%|ΓûÅ         | 62/3000 [00:10<06:29,  7.54it/s]
  2%|ΓûÅ         | 63/3000 [00:10<06:44,  7.25it/s]
  2%|ΓûÅ         | 64/3000 [00:10<08:20,  5.87it/s]
  2%|ΓûÅ         | 65/3000 [00:10<08:25,  5.80it/s]
  2%|ΓûÅ         | 66/3000 [00:10<07:37,  6.41it/s]
  2%|ΓûÅ         | 67/3000 [00:10<08:13,  5.94it/s]
  2%|ΓûÅ         | 68/3000 [00:11<08:43,  5.60it/s]
  2%|ΓûÅ         | 69/3000 [00:11<08:40,  5.63it/s]
  2%|ΓûÅ         | 70/3000 [00:11<09:03,  5.39it/s]
  2%|ΓûÅ         | 71/3000 [00:11<08:49,  5.53it/s]
  2%|ΓûÅ         | 72/3000 [00:11<07:49,  6.24it/s]
  2%|ΓûÅ         | 73/3000 [00:11<08:27,  5.77it/s]
  2%|ΓûÅ         | 74/3000 [00:12<07:59,  6.11it/s]
  2%|ΓûÄ         | 75/3000 [00:12<09:04,  5.37it/s]
  3%|ΓûÄ         | 76/3000 [00:12<10:04,  4.84it/s]
  3%|ΓûÄ         | 77/3000 [00:12<09:53,  4.92it/s]
  3%|ΓûÄ         | 78/3000 [00:12<08:26,  5.77it/s]
  3%|ΓûÄ         | 80/3000 [00:13<08:10,  5.95it/s]
  3%|ΓûÄ         | 81/3000 [00:13<08:13,  5.91it/s]
  3%|ΓûÄ         | 82/3000 [00:13<08:40,  5.60it/s]
  3%|ΓûÄ         | 84/3000 [00:13<07:47,  6.24it/s]
  3%|ΓûÄ         | 85/3000 [00:14<08:33,  5.67it/s]
  3%|ΓûÄ         | 86/3000 [00:14<09:39,  5.03it/s]
  3%|ΓûÄ         | 87/3000 [00:14<08:28,  5.73it/s]
  3%|ΓûÄ         | 88/3000 [00:14<08:51,  5.47it/s]
  3%|ΓûÄ         | 89/3000 [00:14<08:15,  5.88it/s]
  3%|ΓûÄ         | 90/3000 [00:15<08:24,  5.76it/s]
  3%|ΓûÄ         | 91/3000 [00:15<07:36,  6.37it/s]
  3%|ΓûÄ         | 92/3000 [00:15<07:02,  6.88it/s]
  3%|ΓûÄ         | 93/3000 [00:15<07:43,  6.27it/s]
  3%|ΓûÄ         | 94/3000 [00:15<07:38,  6.33it/s]
  3%|ΓûÄ         | 95/3000 [00:15<08:18,  5.82it/s]
  3%|ΓûÄ         | 96/3000 [00:15<07:21,  6.57it/s]
  3%|ΓûÄ         | 97/3000 [00:16<07:47,  6.22it/s]
  3%|ΓûÄ         | 99/3000 [00:16<06:49,  7.09it/s]
  3%|ΓûÄ         | 100/3000 [00:16<06:36,  7.31it/s]
  3%|ΓûÄ         | 101/3000 [00:16<06:50,  7.07it/s]
  3%|ΓûÄ         | 103/3000 [00:16<06:49,  7.07it/s]
  3%|ΓûÄ         | 104/3000 [00:17<06:44,  7.15it/s]
  4%|ΓûÄ         | 105/3000 [00:17<06:27,  7.47it/s]
  4%|ΓûÄ         | 107/3000 [00:17<06:24,  7.52it/s]
  4%|ΓûÄ         | 108/3000 [00:17<06:04,  7.94it/s]
  4%|ΓûÄ         | 109/3000 [00:17<06:37,  7.27it/s]
  4%|ΓûÄ         | 110/3000 [00:17<06:17,  7.65it/s]
  4%|ΓûÄ         | 111/3000 [00:17<06:52,  7.01it/s]
  4%|ΓûÄ         | 112/3000 [00:18<07:19,  6.58it/s]
  4%|Γûì         | 113/3000 [00:18<07:31,  6.39it/s]
  4%|Γûì         | 115/3000 [00:18<08:07,  5.92it/s]
  4%|Γûì         | 116/3000 [00:18<07:51,  6.12it/s]
  4%|Γûì         | 117/3000 [00:19<08:18,  5.78it/s]
  4%|Γûì         | 118/3000 [00:19<09:14,  5.20it/s]
  4%|Γûì         | 120/3000 [00:19<07:28,  6.42it/s]
  4%|Γûì         | 121/3000 [00:19<07:18,  6.57it/s]
  4%|Γûì         | 122/3000 [00:19<08:01,  5.98it/s]
  4%|Γûì         | 124/3000 [00:20<07:38,  6.28it/s]
  4%|Γûì         | 125/3000 [00:20<08:25,  5.68it/s]
  4%|Γûì         | 127/3000 [00:20<07:04,  6.76it/s]
  4%|Γûì         | 128/3000 [00:20<07:03,  6.78it/s]
  4%|Γûì         | 129/3000 [00:20<07:50,  6.11it/s]
  4%|Γûì         | 131/3000 [00:21<06:50,  6.98it/s]
  4%|Γûì         | 132/3000 [00:21<06:23,  7.47it/s]
  4%|Γûì         | 133/3000 [00:21<06:15,  7.64it/s]
  4%|Γûì         | 134/3000 [00:21<06:09,  7.76it/s]
  4%|Γûì         | 135/3000 [00:21<06:05,  7.84it/s]
  5%|Γûì         | 136/3000 [00:21<06:03,  7.87it/s]
  5%|Γûì         | 137/3000 [00:21<05:47,  8.23it/s]
  5%|Γûì         | 138/3000 [00:22<06:42,  7.11it/s]
  5%|Γûì         | 140/3000 [00:22<06:19,  7.54it/s]
  5%|Γûì         | 141/3000 [00:22<06:30,  7.32it/s]
  5%|Γûì         | 142/3000 [00:22<06:44,  7.06it/s]
  5%|Γûì         | 143/3000 [00:22<07:12,  6.61it/s]
  5%|Γûì         | 144/3000 [00:22<07:05,  6.71it/s]
  5%|Γûì         | 146/3000 [00:23<05:57,  7.97it/s]
  5%|Γûì         | 147/3000 [00:23<06:12,  7.65it/s]
  5%|Γûì         | 148/3000 [00:23<06:25,  7.40it/s]
  5%|Γûì         | 149/3000 [00:23<06:49,  6.96it/s]
  5%|Γûî         | 150/3000 [00:23<06:19,  7.50it/s]
  5%|Γûî         | 151/3000 [00:23<06:59,  6.79it/s]
  5%|Γûî         | 153/3000 [00:23<05:02,  9.41it/s]
  5%|Γûî         | 155/3000 [00:24<06:32,  7.25it/s]
  5%|Γûî         | 156/3000 [00:24<06:40,  7.10it/s]
  5%|Γûî         | 157/3000 [00:24<06:40,  7.10it/s]
  5%|Γûî         | 158/3000 [00:24<07:47,  6.08it/s]
  5%|Γûî         | 159/3000 [00:25<08:37,  5.49it/s]
  5%|Γûî         | 160/3000 [00:25<08:13,  5.75it/s]
  5%|Γûî         | 161/3000 [00:25<07:59,  5.93it/s]
  5%|Γûî         | 162/3000 [00:25<08:05,  5.85it/s]
  5%|Γûî         | 164/3000 [00:25<07:15,  6.51it/s]
  6%|Γûî         | 165/3000 [00:26<07:17,  6.48it/s]
  6%|Γûî         | 166/3000 [00:26<07:36,  6.20it/s]
  6%|Γûî         | 167/3000 [00:26<07:16,  6.48it/s]
  6%|Γûî         | 168/3000 [00:26<07:11,  6.57it/s]
  6%|Γûî         | 169/3000 [00:26<07:38,  6.17it/s]
  6%|Γûî         | 170/3000 [00:26<09:24,  5.02it/s]
  6%|Γûî         | 171/3000 [00:27<08:29,  5.55it/s]
  6%|Γûî         | 172/3000 [00:27<08:04,  5.83it/s]
  6%|Γûî         | 173/3000 [00:27<07:26,  6.33it/s]
  6%|Γûî         | 175/3000 [00:27<06:54,  6.81it/s]
  6%|Γûî         | 176/3000 [00:27<06:28,  7.27it/s]
  6%|Γûî         | 177/3000 [00:27<06:27,  7.29it/s]
  6%|Γûî         | 178/3000 [00:28<06:16,  7.49it/s]
  6%|Γûî         | 179/3000 [00:28<07:07,  6.60it/s]
  6%|Γûî         | 180/3000 [00:28<06:29,  7.24it/s]
  6%|Γûî         | 181/3000 [00:28<06:06,  7.68it/s]
  6%|Γûî         | 183/3000 [00:28<06:45,  6.94it/s]
  6%|Γûî         | 184/3000 [00:28<06:21,  7.39it/s]
  6%|Γûî         | 185/3000 [00:29<08:52,  5.28it/s]
  6%|Γûî         | 186/3000 [00:29<07:57,  5.89it/s]
  6%|Γûî         | 187/3000 [00:29<08:26,  5.56it/s]
  6%|Γûï         | 188/3000 [00:29<11:38,  4.03it/s]
  6%|Γûï         | 189/3000 [00:30<09:37,  4.86it/s]
  6%|Γûï         | 190/3000 [00:30<08:54,  5.25it/s]
  6%|Γûï         | 191/3000 [00:30<08:09,  5.74it/s]
  6%|Γûï         | 192/3000 [00:30<07:56,  5.89it/s]
  6%|Γûï         | 193/3000 [00:30<07:11,  6.50it/s]
  6%|Γûï         | 194/3000 [00:30<06:32,  7.16it/s]
  7%|Γûï         | 196/3000 [00:30<05:34,  8.39it/s]
  7%|Γûï         | 197/3000 [00:31<05:44,  8.13it/s]
  7%|Γûï         | 198/3000 [00:31<05:52,  7.95it/s]
  7%|Γûï         | 200/3000 [00:31<05:50,  7.99it/s]
  7%|Γûï         | 201/3000 [00:31<05:46,  8.08it/s]
  7%|Γûï         | 202/3000 [00:31<06:52,  6.78it/s]
  7%|Γûï         | 203/3000 [00:31<07:03,  6.60it/s]
  7%|Γûï         | 204/3000 [00:32<06:29,  7.17it/s]
  7%|Γûï         | 205/3000 [00:32<07:36,  6.12it/s]
  7%|Γûï         | 206/3000 [00:32<07:18,  6.37it/s]
  7%|Γûï         | 207/3000 [00:32<06:57,  6.69it/s]
  7%|Γûï         | 208/3000 [00:32<07:03,  6.60it/s]
  7%|Γûï         | 209/3000 [00:32<06:38,  7.00it/s]
  7%|Γûï         | 211/3000 [00:33<06:01,  7.72it/s]
  7%|Γûï         | 212/3000 [00:33<06:26,  7.22it/s]
  7%|Γûï         | 213/3000 [00:33<06:21,  7.31it/s]
  7%|Γûï         | 214/3000 [00:33<05:59,  7.75it/s]
  7%|Γûï         | 215/3000 [00:33<06:24,  7.25it/s]
  7%|Γûï         | 217/3000 [00:33<04:54,  9.45it/s]
  7%|Γûï         | 218/3000 [00:33<05:24,  8.57it/s]
  7%|Γûï         | 219/3000 [00:34<05:47,  8.01it/s]
  7%|Γûï         | 221/3000 [00:34<05:25,  8.53it/s]
  7%|Γûï         | 222/3000 [00:34<05:15,  8.82it/s]
  7%|Γûï         | 223/3000 [00:34<06:02,  7.65it/s]
  7%|Γûï         | 224/3000 [00:34<06:46,  6.83it/s]
  8%|Γûè         | 226/3000 [00:34<05:01,  9.21it/s]
  8%|Γûè         | 228/3000 [00:35<04:48,  9.59it/s]
  8%|Γûè         | 230/3000 [00:35<05:02,  9.16it/s]
  8%|Γûè         | 231/3000 [00:35<05:16,  8.76it/s]
  8%|Γûè         | 232/3000 [00:35<05:53,  7.83it/s]
  8%|Γûè         | 233/3000 [00:35<07:03,  6.54it/s]
  8%|Γûè         | 234/3000 [00:35<07:09,  6.45it/s]
  8%|Γûè         | 235/3000 [00:36<06:32,  7.05it/s]
  8%|Γûè         | 236/3000 [00:36<07:03,  6.52it/s]
  8%|Γûè         | 237/3000 [00:36<07:47,  5.91it/s]
  8%|Γûè         | 238/3000 [00:36<08:24,  5.48it/s]
  8%|Γûè         | 239/3000 [00:36<07:44,  5.95it/s]
  8%|Γûè         | 240/3000 [00:36<07:27,  6.16it/s]
  8%|Γûè         | 241/3000 [00:37<08:38,  5.32it/s]
  8%|Γûè         | 242/3000 [00:37<08:01,  5.73it/s]
  8%|Γûè         | 243/3000 [00:37<10:50,  4.24it/s]
  8%|Γûè         | 244/3000 [00:37<10:54,  4.21it/s]
  8%|Γûè         | 245/3000 [00:38<12:56,  3.55it/s]
  8%|Γûè         | 246/3000 [00:38<11:38,  3.94it/s]
  8%|Γûè         | 247/3000 [00:38<14:02,  3.27it/s]
  8%|Γûè         | 248/3000 [00:39<14:41,  3.12it/s]
  8%|Γûè         | 249/3000 [00:39<14:49,  3.09it/s]
  8%|Γûè         | 250/3000 [00:39<13:08,  3.49it/s]
  8%|Γûè         | 251/3000 [00:40<12:31,  3.66it/s]
  8%|Γûè         | 252/3000 [00:40<11:40,  3.92it/s]
  8%|Γûè         | 253/3000 [00:40<10:08,  4.52it/s]
  8%|Γûè         | 254/3000 [00:40<09:32,  4.80it/s]
  8%|Γûè         | 255/3000 [00:40<09:20,  4.90it/s]
  9%|Γûè         | 256/3000 [00:40<08:11,  5.58it/s]
  9%|Γûè         | 257/3000 [00:41<07:49,  5.84it/s]
  9%|Γûè         | 258/3000 [00:41<07:50,  5.82it/s]
  9%|Γûè         | 259/3000 [00:41<07:27,  6.12it/s]
  9%|Γûè         | 260/3000 [00:41<08:35,  5.31it/s]
  9%|Γûè         | 261/3000 [00:41<08:53,  5.13it/s]
  9%|Γûè         | 262/3000 [00:42<08:48,  5.18it/s]
  9%|Γûë         | 263/3000 [00:42<07:47,  5.86it/s]
  9%|Γûë         | 264/3000 [00:42<07:28,  6.10it/s]
  9%|Γûë         | 265/3000 [00:42<07:45,  5.87it/s]
  9%|Γûë         | 266/3000 [00:42<07:03,  6.46it/s]
  9%|Γûë         | 267/3000 [00:42<06:31,  6.98it/s]
  9%|Γûë         | 268/3000 [00:42<06:29,  7.02it/s]
  9%|Γûë         | 269/3000 [00:43<07:12,  6.31it/s]
  9%|Γûë         | 271/3000 [00:43<06:17,  7.23it/s]
  9%|Γûë         | 272/3000 [00:43<06:44,  6.75it/s]
  9%|Γûë         | 273/3000 [00:43<07:58,  5.69it/s]
  9%|Γûë         | 274/3000 [00:43<07:03,  6.43it/s]
  9%|Γûë         | 275/3000 [00:44<09:27,  4.81it/s]
  9%|Γûë         | 276/3000 [00:44<09:13,  4.92it/s]
  9%|Γûë         | 277/3000 [00:44<09:04,  5.00it/s]
  9%|Γûë         | 278/3000 [00:44<09:00,  5.04it/s]
  9%|Γûë         | 280/3000 [00:45<07:21,  6.15it/s]
  9%|Γûë         | 281/3000 [00:45<06:55,  6.55it/s]
  9%|Γûë         | 283/3000 [00:45<06:10,  7.33it/s]
  9%|Γûë         | 284/3000 [00:45<06:17,  7.19it/s]
 10%|Γûë         | 286/3000 [00:45<05:59,  7.54it/s]
 10%|Γûë         | 287/3000 [00:45<05:48,  7.78it/s]
 10%|Γûë         | 288/3000 [00:46<06:09,  7.34it/s]
 10%|Γûë         | 289/3000 [00:46<06:03,  7.47it/s]
 10%|Γûë         | 290/3000 [00:46<06:22,  7.08it/s]
 10%|Γûë         | 291/3000 [00:46<06:00,  7.52it/s]
 10%|Γûë         | 293/3000 [00:46<06:08,  7.34it/s]
 10%|Γûë         | 294/3000 [00:46<06:47,  6.64it/s]
 10%|Γûë         | 295/3000 [00:47<06:35,  6.83it/s]
 10%|Γûë         | 296/3000 [00:47<06:29,  6.94it/s]
 10%|Γûë         | 297/3000 [00:47<06:09,  7.31it/s]
 10%|Γûë         | 298/3000 [00:47<06:33,  6.87it/s]
 10%|Γûë         | 299/3000 [00:47<06:28,  6.95it/s]
 10%|Γûê         | 301/3000 [00:47<05:10,  8.70it/s]
 10%|Γûê         | 302/3000 [00:47<05:04,  8.87it/s]
 10%|Γûê         | 303/3000 [00:48<06:51,  6.56it/s]
 10%|Γûê         | 304/3000 [00:48<06:18,  7.13it/s]
 10%|Γûê         | 305/3000 [00:48<06:35,  6.82it/s]
 10%|Γûê         | 306/3000 [00:48<06:04,  7.40it/s]
 10%|Γûê         | 307/3000 [00:48<05:48,  7.72it/s]
 10%|Γûê         | 309/3000 [00:48<05:51,  7.65it/s]
 10%|Γûê         | 311/3000 [00:49<05:50,  7.67it/s]
 10%|Γûê         | 312/3000 [00:49<05:40,  7.89it/s]
 10%|Γûê         | 313/3000 [00:49<06:16,  7.13it/s]
 10%|Γûê         | 314/3000 [00:49<05:50,  7.67it/s]
 11%|Γûê         | 316/3000 [00:49<06:02,  7.40it/s]
 11%|Γûê         | 318/3000 [00:50<05:59,  7.47it/s]
 11%|Γûê         | 319/3000 [00:50<05:59,  7.46it/s]
 11%|Γûê         | 321/3000 [00:50<05:51,  7.63it/s]
 11%|Γûê         | 322/3000 [00:50<05:37,  7.94it/s]
 11%|Γûê         | 323/3000 [00:50<05:37,  7.93it/s]
 11%|Γûê         | 324/3000 [00:50<05:59,  7.44it/s]
 11%|Γûê         | 326/3000 [00:51<05:20,  8.33it/s]
 11%|Γûê         | 327/3000 [00:51<05:42,  7.80it/s]
 11%|Γûê         | 328/3000 [00:51<07:28,  5.96it/s]
 11%|Γûê         | 329/3000 [00:51<07:12,  6.18it/s]
 11%|Γûê         | 330/3000 [00:51<06:34,  6.76it/s]
 11%|Γûê         | 331/3000 [00:51<06:57,  6.39it/s]
 11%|Γûê         | 332/3000 [00:52<06:18,  7.04it/s]
 11%|Γûê         | 333/3000 [00:52<05:48,  7.66it/s]
 11%|Γûê         | 334/3000 [00:52<06:36,  6.73it/s]
 11%|Γûê         | 335/3000 [00:52<06:00,  7.39it/s]
 11%|Γûê         | 336/3000 [00:52<05:32,  8.00it/s]
 11%|Γûê         | 337/3000 [00:52<06:49,  6.50it/s]
 11%|ΓûêΓûÅ        | 339/3000 [00:52<05:29,  8.08it/s]
 11%|ΓûêΓûÅ        | 340/3000 [00:53<05:52,  7.56it/s]
 11%|ΓûêΓûÅ        | 341/3000 [00:53<05:46,  7.67it/s]
 11%|ΓûêΓûÅ        | 342/3000 [00:53<06:30,  6.81it/s]
 11%|ΓûêΓûÅ        | 343/3000 [00:53<06:21,  6.97it/s]
 12%|ΓûêΓûÅ        | 345/3000 [00:53<04:55,  8.97it/s]
 12%|ΓûêΓûÅ        | 346/3000 [00:53<05:17,  8.37it/s]
 12%|ΓûêΓûÅ        | 347/3000 [00:54<05:44,  7.70it/s]
 12%|ΓûêΓûÅ        | 348/3000 [00:54<05:51,  7.55it/s]
 12%|ΓûêΓûÅ        | 349/3000 [00:54<06:52,  6.43it/s]
 12%|ΓûêΓûÅ        | 350/3000 [00:54<06:44,  6.55it/s]
 12%|ΓûêΓûÅ        | 351/3000 [00:54<06:11,  7.12it/s]
 12%|ΓûêΓûÅ        | 352/3000 [00:54<06:41,  6.60it/s]
 12%|ΓûêΓûÅ        | 353/3000 [00:54<06:03,  7.27it/s]
 12%|ΓûêΓûÅ        | 354/3000 [00:55<05:44,  7.68it/s]
 12%|ΓûêΓûÅ        | 355/3000 [00:55<05:28,  8.06it/s]
 12%|ΓûêΓûÅ        | 356/3000 [00:55<05:12,  8.46it/s]
 12%|ΓûêΓûÅ        | 357/3000 [00:55<05:33,  7.94it/s]
 12%|ΓûêΓûÅ        | 358/3000 [00:55<05:14,  8.41it/s]
 12%|ΓûêΓûÅ        | 359/3000 [00:55<06:30,  6.76it/s]
 12%|ΓûêΓûÅ        | 360/3000 [00:55<06:02,  7.27it/s]
 12%|ΓûêΓûÅ        | 362/3000 [00:56<06:26,  6.82it/s]
 12%|ΓûêΓûÅ        | 363/3000 [00:56<06:05,  7.21it/s]
 12%|ΓûêΓûÅ        | 364/3000 [00:56<07:59,  5.50it/s]
 12%|ΓûêΓûÅ        | 365/3000 [00:56<07:02,  6.24it/s]
 12%|ΓûêΓûÅ        | 366/3000 [00:56<07:12,  6.08it/s]
 12%|ΓûêΓûÅ        | 367/3000 [00:56<07:01,  6.24it/s]
 12%|ΓûêΓûÅ        | 368/3000 [00:57<07:28,  5.86it/s]
 12%|ΓûêΓûÅ        | 369/3000 [00:57<07:10,  6.11it/s]
 12%|ΓûêΓûÅ        | 370/3000 [00:57<06:22,  6.87it/s]
 12%|ΓûêΓûÅ        | 371/3000 [00:57<06:10,  7.10it/s]
 12%|ΓûêΓûÅ        | 372/3000 [00:57<05:45,  7.61it/s]
 12%|ΓûêΓûÅ        | 373/3000 [00:57<05:23,  8.13it/s]
 12%|ΓûêΓûÅ        | 374/3000 [00:57<05:11,  8.44it/s]
 12%|ΓûêΓûÄ        | 375/3000 [00:58<05:37,  7.77it/s]
 13%|ΓûêΓûÄ        | 376/3000 [00:58<07:52,  5.56it/s]
 13%|ΓûêΓûÄ        | 377/3000 [00:58<08:27,  5.17it/s]
 13%|ΓûêΓûÄ        | 378/3000 [00:58<07:46,  5.62it/s]
 13%|ΓûêΓûÄ        | 379/3000 [00:58<08:21,  5.22it/s]
 13%|ΓûêΓûÄ        | 380/3000 [00:59<10:02,  4.35it/s]
 13%|ΓûêΓûÄ        | 381/3000 [00:59<08:25,  5.18it/s]
 13%|ΓûêΓûÄ        | 382/3000 [00:59<08:33,  5.10it/s]
 13%|ΓûêΓûÄ        | 383/3000 [00:59<07:56,  5.49it/s]
 13%|ΓûêΓûÄ        | 384/3000 [00:59<07:40,  5.68it/s]
 13%|ΓûêΓûÄ        | 385/3000 [00:59<07:15,  6.01it/s]
 13%|ΓûêΓûÄ        | 388/3000 [01:00<05:14,  8.30it/s]
 13%|ΓûêΓûÄ        | 389/3000 [01:00<06:02,  7.20it/s]
 13%|ΓûêΓûÄ        | 390/3000 [01:00<05:49,  7.46it/s]
 13%|ΓûêΓûÄ        | 391/3000 [01:00<06:34,  6.61it/s]
 13%|ΓûêΓûÄ        | 392/3000 [01:00<06:05,  7.13it/s]
 13%|ΓûêΓûÄ        | 393/3000 [01:01<06:30,  6.67it/s]
 13%|ΓûêΓûÄ        | 394/3000 [01:01<06:16,  6.91it/s]
 13%|ΓûêΓûÄ        | 395/3000 [01:01<05:55,  7.32it/s]
 13%|ΓûêΓûÄ        | 396/3000 [01:01<07:41,  5.65it/s]
 13%|ΓûêΓûÄ        | 397/3000 [01:01<07:26,  5.83it/s]
 13%|ΓûêΓûÄ        | 399/3000 [01:02<06:43,  6.44it/s]
 13%|ΓûêΓûÄ        | 400/3000 [01:02<06:52,  6.30it/s]
 13%|ΓûêΓûÄ        | 401/3000 [01:02<07:01,  6.17it/s]
 13%|ΓûêΓûÄ        | 402/3000 [01:02<06:45,  6.41it/s]
 13%|ΓûêΓûÄ        | 403/3000 [01:02<06:16,  6.89it/s]
 13%|ΓûêΓûÄ        | 404/3000 [01:02<05:43,  7.55it/s]
 14%|ΓûêΓûÄ        | 405/3000 [01:02<06:25,  6.73it/s]
 14%|ΓûêΓûÄ        | 406/3000 [01:03<05:49,  7.42it/s]
 14%|ΓûêΓûÄ        | 407/3000 [01:03<05:53,  7.34it/s]
 14%|ΓûêΓûÄ        | 408/3000 [01:03<06:14,  6.92it/s]
 14%|ΓûêΓûÄ        | 409/3000 [01:03<05:56,  7.27it/s]
 14%|ΓûêΓûÄ        | 410/3000 [01:03<07:25,  5.81it/s]
 14%|ΓûêΓûÄ        | 411/3000 [01:03<08:24,  5.13it/s]
 14%|ΓûêΓûÄ        | 412/3000 [01:04<08:23,  5.14it/s]
 14%|ΓûêΓûì        | 413/3000 [01:04<09:36,  4.49it/s]
 14%|ΓûêΓûì        | 414/3000 [01:04<08:11,  5.26it/s]
 14%|ΓûêΓûì        | 415/3000 [01:04<08:12,  5.25it/s]
 14%|ΓûêΓûì        | 416/3000 [01:04<07:26,  5.78it/s]
 14%|ΓûêΓûì        | 417/3000 [01:05<10:08,  4.25it/s]
 14%|ΓûêΓûì        | 418/3000 [01:05<08:58,  4.80it/s]
 14%|ΓûêΓûì        | 420/3000 [01:05<07:00,  6.14it/s]
 14%|ΓûêΓûì        | 421/3000 [01:05<07:13,  5.95it/s]
 14%|ΓûêΓûì        | 422/3000 [01:05<07:10,  5.99it/s]
 14%|ΓûêΓûì        | 423/3000 [01:06<06:57,  6.17it/s]
 14%|ΓûêΓûì        | 426/3000 [01:06<05:57,  7.21it/s]
 14%|ΓûêΓûì        | 427/3000 [01:06<06:02,  7.10it/s]
 14%|ΓûêΓûì        | 429/3000 [01:06<05:25,  7.90it/s]
 14%|ΓûêΓûì        | 430/3000 [01:07<06:05,  7.02it/s]
 14%|ΓûêΓûì        | 431/3000 [01:07<05:53,  7.27it/s]
 14%|ΓûêΓûì        | 432/3000 [01:07<06:16,  6.82it/s]
 14%|ΓûêΓûì        | 433/3000 [01:07<05:59,  7.15it/s]
 14%|ΓûêΓûì        | 434/3000 [01:07<06:49,  6.27it/s]
 14%|ΓûêΓûì        | 435/3000 [01:07<06:10,  6.93it/s]
 15%|ΓûêΓûì        | 437/3000 [01:07<05:39,  7.55it/s]
 15%|ΓûêΓûì        | 438/3000 [01:08<05:19,  8.01it/s]
 15%|ΓûêΓûì        | 439/3000 [01:08<06:16,  6.79it/s]
 15%|ΓûêΓûì        | 440/3000 [01:08<06:04,  7.02it/s]
 15%|ΓûêΓûì        | 442/3000 [01:08<06:03,  7.04it/s]
 15%|ΓûêΓûì        | 443/3000 [01:08<05:42,  7.47it/s]
 15%|ΓûêΓûì        | 444/3000 [01:08<05:32,  7.69it/s]
 15%|ΓûêΓûì        | 445/3000 [01:09<07:02,  6.05it/s]
 15%|ΓûêΓûì        | 446/3000 [01:09<07:09,  5.95it/s]
 15%|ΓûêΓûì        | 447/3000 [01:09<06:32,  6.51it/s]
 15%|ΓûêΓûì        | 448/3000 [01:09<07:02,  6.04it/s]
 15%|ΓûêΓûì        | 449/3000 [01:09<06:14,  6.81it/s]
 15%|ΓûêΓûî        | 450/3000 [01:09<06:42,  6.33it/s]
 15%|ΓûêΓûî        | 451/3000 [01:10<06:55,  6.13it/s]
 15%|ΓûêΓûî        | 452/3000 [01:10<06:34,  6.46it/s]
 15%|ΓûêΓûî        | 453/3000 [01:10<06:39,  6.37it/s]
 15%|ΓûêΓûî        | 454/3000 [01:10<07:34,  5.60it/s]
 15%|ΓûêΓûî        | 456/3000 [01:10<05:59,  7.08it/s]
 15%|ΓûêΓûî        | 457/3000 [01:11<07:04,  5.99it/s]
 15%|ΓûêΓûî        | 458/3000 [01:11<07:02,  6.02it/s]
 15%|ΓûêΓûî        | 459/3000 [01:11<06:17,  6.74it/s]
 15%|ΓûêΓûî        | 460/3000 [01:11<07:08,  5.92it/s]
 15%|ΓûêΓûî        | 462/3000 [01:11<07:30,  5.63it/s]
 15%|ΓûêΓûî        | 463/3000 [01:12<08:40,  4.88it/s]
 15%|ΓûêΓûî        | 464/3000 [01:12<07:41,  5.49it/s]
 16%|ΓûêΓûî        | 465/3000 [01:12<07:25,  5.69it/s]
 16%|ΓûêΓûî        | 466/3000 [01:12<07:25,  5.69it/s]
 16%|ΓûêΓûî        | 467/3000 [01:13<10:10,  4.15it/s]
 16%|ΓûêΓûî        | 468/3000 [01:13<16:11,  2.61it/s]
 16%|ΓûêΓûî        | 469/3000 [01:14<20:07,  2.10it/s]
 16%|ΓûêΓûî        | 470/3000 [01:14<16:26,  2.56it/s]
 16%|ΓûêΓûî        | 471/3000 [01:14<14:21,  2.93it/s]
 16%|ΓûêΓûî        | 472/3000 [01:15<12:19,  3.42it/s]
 16%|ΓûêΓûî        | 473/3000 [01:15<14:12,  2.96it/s]
 16%|ΓûêΓûî        | 475/3000 [01:15<09:24,  4.48it/s]
 16%|ΓûêΓûî        | 476/3000 [01:16<10:02,  4.19it/s]
 16%|ΓûêΓûî        | 477/3000 [01:16<09:28,  4.44it/s]
 16%|ΓûêΓûî        | 478/3000 [01:16<08:52,  4.74it/s]
 16%|ΓûêΓûî        | 479/3000 [01:16<07:56,  5.30it/s]
 16%|ΓûêΓûî        | 480/3000 [01:16<07:00,  5.99it/s]
 16%|ΓûêΓûî        | 481/3000 [01:16<06:18,  6.65it/s]
 16%|ΓûêΓûî        | 482/3000 [01:16<05:43,  7.33it/s]
 16%|ΓûêΓûî        | 483/3000 [01:17<06:31,  6.43it/s]
 16%|ΓûêΓûî        | 484/3000 [01:17<06:16,  6.68it/s]
 16%|ΓûêΓûî        | 485/3000 [01:17<06:01,  6.96it/s]
 16%|ΓûêΓûî        | 486/3000 [01:17<07:58,  5.25it/s]
 16%|ΓûêΓûî        | 487/3000 [01:17<09:51,  4.25it/s]
 16%|ΓûêΓûï        | 488/3000 [01:18<08:53,  4.71it/s]
 16%|ΓûêΓûï        | 489/3000 [01:18<07:32,  5.55it/s]
 16%|ΓûêΓûï        | 490/3000 [01:18<07:10,  5.84it/s]
 16%|ΓûêΓûï        | 491/3000 [01:18<06:26,  6.48it/s]
 16%|ΓûêΓûï        | 492/3000 [01:18<06:00,  6.95it/s]
 16%|ΓûêΓûï        | 493/3000 [01:18<05:43,  7.29it/s]
 16%|ΓûêΓûï        | 494/3000 [01:18<05:43,  7.29it/s]
 16%|ΓûêΓûï        | 495/3000 [01:19<06:04,  6.88it/s]
 17%|ΓûêΓûï        | 496/3000 [01:19<06:16,  6.65it/s]
 17%|ΓûêΓûï        | 497/3000 [01:19<06:17,  6.62it/s]
 17%|ΓûêΓûï        | 498/3000 [01:19<06:49,  6.12it/s]
 17%|ΓûêΓûï        | 499/3000 [01:19<06:22,  6.55it/s]
 17%|ΓûêΓûï        | 500/3000 [01:19<05:55,  7.04it/s]
 17%|ΓûêΓûï        | 501/3000 [01:19<05:43,  7.28it/s]
 17%|ΓûêΓûï        | 502/3000 [01:20<06:23,  6.52it/s]
 17%|ΓûêΓûï        | 503/3000 [01:20<05:56,  7.01it/s]
 17%|ΓûêΓûï        | 504/3000 [01:20<05:52,  7.07it/s]
 17%|ΓûêΓûï        | 505/3000 [01:20<05:42,  7.28it/s]
 17%|ΓûêΓûï        | 506/3000 [01:20<05:41,  7.31it/s]
 17%|ΓûêΓûï        | 507/3000 [01:20<07:00,  5.93it/s]
 17%|ΓûêΓûï        | 509/3000 [01:20<04:59,  8.32it/s]
 17%|ΓûêΓûï        | 510/3000 [01:21<05:42,  7.26it/s]
 17%|ΓûêΓûï        | 511/3000 [01:21<05:41,  7.30it/s]
 17%|ΓûêΓûï        | 512/3000 [01:21<05:51,  7.09it/s]
 17%|ΓûêΓûï        | 513/3000 [01:21<05:27,  7.58it/s]
 17%|ΓûêΓûï        | 514/3000 [01:21<05:43,  7.23it/s]
 17%|ΓûêΓûï        | 516/3000 [01:22<05:39,  7.32it/s]
 17%|ΓûêΓûï        | 517/3000 [01:22<05:30,  7.52it/s]
 17%|ΓûêΓûï        | 518/3000 [01:22<05:52,  7.05it/s]
 17%|ΓûêΓûï        | 519/3000 [01:22<05:30,  7.51it/s]
 17%|ΓûêΓûï        | 520/3000 [01:22<05:55,  6.98it/s]
 17%|ΓûêΓûï        | 521/3000 [01:22<06:08,  6.73it/s]
 17%|ΓûêΓûï        | 524/3000 [01:22<04:12,  9.80it/s]
 18%|ΓûêΓûè        | 525/3000 [01:23<04:57,  8.33it/s]
 18%|ΓûêΓûè        | 526/3000 [01:23<05:36,  7.36it/s]
 18%|ΓûêΓûè        | 528/3000 [01:23<04:49,  8.55it/s]
 18%|ΓûêΓûè        | 529/3000 [01:23<05:02,  8.16it/s]
 18%|ΓûêΓûè        | 530/3000 [01:23<05:30,  7.47it/s]
 18%|ΓûêΓûè        | 531/3000 [01:24<06:15,  6.58it/s]
 18%|ΓûêΓûè        | 533/3000 [01:24<06:22,  6.45it/s]
 18%|ΓûêΓûè        | 534/3000 [01:24<06:43,  6.11it/s]
 18%|ΓûêΓûè        | 535/3000 [01:24<06:31,  6.30it/s]
 18%|ΓûêΓûè        | 537/3000 [01:24<06:06,  6.72it/s]
 18%|ΓûêΓûè        | 539/3000 [01:25<05:18,  7.72it/s]
 18%|ΓûêΓûè        | 541/3000 [01:25<05:36,  7.30it/s]
 18%|ΓûêΓûè        | 543/3000 [01:25<05:22,  7.61it/s]
 18%|ΓûêΓûè        | 544/3000 [01:25<05:09,  7.93it/s]
 18%|ΓûêΓûè        | 546/3000 [01:25<04:56,  8.29it/s]
 18%|ΓûêΓûè        | 547/3000 [01:26<04:54,  8.33it/s]
 18%|ΓûêΓûè        | 548/3000 [01:26<05:23,  7.59it/s]
 18%|ΓûêΓûè        | 549/3000 [01:26<05:14,  7.79it/s]
 18%|ΓûêΓûè        | 550/3000 [01:26<06:40,  6.12it/s]
 18%|ΓûêΓûè        | 551/3000 [01:26<06:10,  6.61it/s]
 18%|ΓûêΓûè        | 552/3000 [01:26<06:27,  6.31it/s]
 18%|ΓûêΓûè        | 553/3000 [01:27<06:53,  5.92it/s]
 18%|ΓûêΓûè        | 554/3000 [01:27<06:18,  6.46it/s]
 18%|ΓûêΓûè        | 555/3000 [01:27<05:47,  7.05it/s]
 19%|ΓûêΓûè        | 556/3000 [01:27<07:35,  5.37it/s]
 19%|ΓûêΓûè        | 557/3000 [01:27<07:45,  5.25it/s]
 19%|ΓûêΓûè        | 558/3000 [01:28<07:11,  5.66it/s]
 19%|ΓûêΓûè        | 559/3000 [01:28<06:49,  5.96it/s]
 19%|ΓûêΓûè        | 560/3000 [01:28<08:02,  5.06it/s]
 19%|ΓûêΓûè        | 561/3000 [01:28<07:26,  5.47it/s]
 19%|ΓûêΓûè        | 562/3000 [01:28<08:18,  4.89it/s]
 19%|ΓûêΓûë        | 563/3000 [01:28<07:29,  5.42it/s]
 19%|ΓûêΓûë        | 564/3000 [01:29<06:52,  5.91it/s]
 19%|ΓûêΓûë        | 566/3000 [01:29<05:01,  8.07it/s]
 19%|ΓûêΓûë        | 567/3000 [01:29<04:56,  8.21it/s]
 19%|ΓûêΓûë        | 568/3000 [01:29<05:00,  8.10it/s]
 19%|ΓûêΓûë        | 569/3000 [01:29<04:48,  8.42it/s]
 19%|ΓûêΓûë        | 570/3000 [01:29<06:00,  6.74it/s]
 19%|ΓûêΓûë        | 571/3000 [01:29<06:16,  6.45it/s]
 19%|ΓûêΓûë        | 572/3000 [01:30<06:06,  6.63it/s]
 19%|ΓûêΓûë        | 573/3000 [01:30<06:40,  6.06it/s]
 19%|ΓûêΓûë        | 574/3000 [01:30<07:04,  5.71it/s]
 19%|ΓûêΓûë        | 576/3000 [01:30<05:33,  7.28it/s]
 19%|ΓûêΓûë        | 577/3000 [01:30<05:21,  7.55it/s]
 19%|ΓûêΓûë        | 578/3000 [01:31<06:07,  6.60it/s]
 19%|ΓûêΓûë        | 579/3000 [01:31<06:36,  6.10it/s]
 19%|ΓûêΓûë        | 580/3000 [01:31<06:18,  6.39it/s]
 19%|ΓûêΓûë        | 581/3000 [01:31<05:44,  7.02it/s]
 19%|ΓûêΓûë        | 582/3000 [01:31<05:15,  7.67it/s]
 19%|ΓûêΓûë        | 583/3000 [01:31<05:48,  6.94it/s]
 19%|ΓûêΓûë        | 584/3000 [01:31<05:17,  7.61it/s]
 20%|ΓûêΓûë        | 585/3000 [01:32<05:50,  6.90it/s]
 20%|ΓûêΓûë        | 586/3000 [01:32<06:14,  6.44it/s]
 20%|ΓûêΓûë        | 587/3000 [01:32<05:43,  7.02it/s]
 20%|ΓûêΓûë        | 588/3000 [01:32<05:49,  6.89it/s]
 20%|ΓûêΓûë        | 589/3000 [01:32<05:44,  6.99it/s]
 20%|ΓûêΓûë        | 590/3000 [01:32<06:00,  6.69it/s]
 20%|ΓûêΓûë        | 591/3000 [01:32<05:35,  7.18it/s]
 20%|ΓûêΓûë        | 592/3000 [01:33<05:42,  7.04it/s]
 20%|ΓûêΓûë        | 593/3000 [01:33<05:23,  7.43it/s]
 20%|ΓûêΓûë        | 594/3000 [01:33<05:03,  7.92it/s]
 20%|ΓûêΓûë        | 595/3000 [01:33<05:10,  7.74it/s]
 20%|ΓûêΓûë        | 596/3000 [01:33<05:27,  7.34it/s]
 20%|ΓûêΓûë        | 597/3000 [01:33<05:53,  6.80it/s]
 20%|ΓûêΓûë        | 598/3000 [01:33<05:51,  6.83it/s]
 20%|ΓûêΓûë        | 599/3000 [01:33<05:23,  7.43it/s]
 20%|ΓûêΓûê        | 600/3000 [01:34<06:32,  6.12it/s]
 20%|ΓûêΓûê        | 601/3000 [01:34<06:52,  5.82it/s]
 20%|ΓûêΓûê        | 602/3000 [01:34<06:21,  6.28it/s]
 20%|ΓûêΓûê        | 603/3000 [01:34<05:47,  6.90it/s]
 20%|ΓûêΓûê        | 604/3000 [01:34<05:21,  7.45it/s]
 20%|ΓûêΓûê        | 606/3000 [01:34<04:49,  8.28it/s]
 20%|ΓûêΓûê        | 607/3000 [01:35<04:44,  8.42it/s]
 20%|ΓûêΓûê        | 608/3000 [01:35<04:37,  8.61it/s]
 20%|ΓûêΓûê        | 609/3000 [01:35<05:26,  7.33it/s]
 20%|ΓûêΓûê        | 610/3000 [01:35<05:41,  6.99it/s]
 20%|ΓûêΓûê        | 611/3000 [01:35<05:25,  7.34it/s]
 20%|ΓûêΓûê        | 612/3000 [01:35<05:34,  7.13it/s]
 20%|ΓûêΓûê        | 613/3000 [01:35<06:02,  6.58it/s]
 20%|ΓûêΓûê        | 614/3000 [01:36<06:33,  6.07it/s]
 20%|ΓûêΓûê        | 615/3000 [01:36<05:53,  6.75it/s]
 21%|ΓûêΓûê        | 616/3000 [01:36<06:22,  6.23it/s]
 21%|ΓûêΓûê        | 617/3000 [01:36<05:58,  6.64it/s]
 21%|ΓûêΓûê        | 618/3000 [01:36<05:35,  7.10it/s]
 21%|ΓûêΓûê        | 620/3000 [01:37<06:27,  6.14it/s]
 21%|ΓûêΓûê        | 621/3000 [01:37<06:39,  5.95it/s]
 21%|ΓûêΓûê        | 623/3000 [01:37<06:34,  6.03it/s]
 21%|ΓûêΓûê        | 624/3000 [01:37<06:15,  6.32it/s]
 21%|ΓûêΓûê        | 626/3000 [01:38<05:56,  6.67it/s]
 21%|ΓûêΓûê        | 627/3000 [01:38<05:46,  6.86it/s]
 21%|ΓûêΓûê        | 628/3000 [01:38<06:43,  5.87it/s]
 21%|ΓûêΓûê        | 629/3000 [01:38<07:25,  5.33it/s]
 21%|ΓûêΓûê        | 630/3000 [01:38<07:58,  4.95it/s]
 21%|ΓûêΓûê        | 631/3000 [01:39<07:16,  5.43it/s]
 21%|ΓûêΓûê        | 632/3000 [01:39<06:22,  6.20it/s]
 21%|ΓûêΓûê        | 633/3000 [01:39<06:20,  6.22it/s]
 21%|ΓûêΓûê        | 634/3000 [01:39<06:53,  5.72it/s]
 21%|ΓûêΓûê        | 635/3000 [01:39<06:07,  6.43it/s]
 21%|ΓûêΓûê        | 637/3000 [01:39<05:05,  7.74it/s]
 21%|ΓûêΓûêΓûÅ       | 638/3000 [01:39<04:54,  8.03it/s]
 21%|ΓûêΓûêΓûÅ       | 639/3000 [01:40<06:02,  6.52it/s]
 21%|ΓûêΓûêΓûÅ       | 640/3000 [01:40<06:50,  5.76it/s]
 21%|ΓûêΓûêΓûÅ       | 641/3000 [01:40<06:32,  6.02it/s]
 21%|ΓûêΓûêΓûÅ       | 642/3000 [01:40<07:05,  5.54it/s]
 21%|ΓûêΓûêΓûÅ       | 643/3000 [01:40<06:42,  5.86it/s]
 21%|ΓûêΓûêΓûÅ       | 644/3000 [01:40<05:58,  6.57it/s]
 22%|ΓûêΓûêΓûÅ       | 645/3000 [01:41<06:51,  5.73it/s]
 22%|ΓûêΓûêΓûÅ       | 646/3000 [01:41<07:40,  5.11it/s]
 22%|ΓûêΓûêΓûÅ       | 647/3000 [01:41<07:17,  5.38it/s]
 22%|ΓûêΓûêΓûÅ       | 648/3000 [01:41<06:36,  5.94it/s]
 22%|ΓûêΓûêΓûÅ       | 649/3000 [01:41<06:35,  5.94it/s]
 22%|ΓûêΓûêΓûÅ       | 650/3000 [01:42<06:28,  6.04it/s]
 22%|ΓûêΓûêΓûÅ       | 651/3000 [01:42<05:46,  6.79it/s]
 22%|ΓûêΓûêΓûÅ       | 652/3000 [01:42<05:53,  6.64it/s]
 22%|ΓûêΓûêΓûÅ       | 653/3000 [01:42<05:32,  7.06it/s]
 22%|ΓûêΓûêΓûÅ       | 654/3000 [01:42<05:04,  7.71it/s]
 22%|ΓûêΓûêΓûÅ       | 655/3000 [01:42<06:46,  5.77it/s]
 22%|ΓûêΓûêΓûÅ       | 656/3000 [01:42<06:31,  5.99it/s]
 22%|ΓûêΓûêΓûÅ       | 657/3000 [01:43<06:23,  6.11it/s]
 22%|ΓûêΓûêΓûÅ       | 658/3000 [01:43<06:45,  5.77it/s]
 22%|ΓûêΓûêΓûÅ       | 659/3000 [01:43<06:00,  6.50it/s]
 22%|ΓûêΓûêΓûÅ       | 660/3000 [01:43<05:32,  7.04it/s]
 22%|ΓûêΓûêΓûÅ       | 662/3000 [01:43<04:46,  8.16it/s]
 22%|ΓûêΓûêΓûÅ       | 663/3000 [01:43<04:44,  8.20it/s]
 22%|ΓûêΓûêΓûÅ       | 664/3000 [01:44<05:05,  7.64it/s]
 22%|ΓûêΓûêΓûÅ       | 665/3000 [01:44<05:27,  7.12it/s]
 22%|ΓûêΓûêΓûÅ       | 667/3000 [01:44<04:20,  8.96it/s]
 22%|ΓûêΓûêΓûÅ       | 668/3000 [01:44<06:17,  6.18it/s]
 22%|ΓûêΓûêΓûÅ       | 669/3000 [01:44<07:43,  5.03it/s]
 22%|ΓûêΓûêΓûÅ       | 670/3000 [01:45<06:48,  5.70it/s]
 22%|ΓûêΓûêΓûÅ       | 671/3000 [01:45<07:32,  5.15it/s]
 22%|ΓûêΓûêΓûÅ       | 673/3000 [01:45<05:54,  6.56it/s]
 22%|ΓûêΓûêΓûÅ       | 674/3000 [01:45<07:08,  5.43it/s]
 22%|ΓûêΓûêΓûÄ       | 675/3000 [01:45<06:48,  5.69it/s]
 23%|ΓûêΓûêΓûÄ       | 677/3000 [01:46<05:31,  7.01it/s]
 23%|ΓûêΓûêΓûÄ       | 678/3000 [01:46<06:11,  6.25it/s]
 23%|ΓûêΓûêΓûÄ       | 679/3000 [01:46<06:53,  5.61it/s]
 23%|ΓûêΓûêΓûÄ       | 680/3000 [01:46<07:39,  5.04it/s]
 23%|ΓûêΓûêΓûÄ       | 681/3000 [01:47<07:03,  5.48it/s]
 23%|ΓûêΓûêΓûÄ       | 682/3000 [01:47<06:15,  6.18it/s]
 23%|ΓûêΓûêΓûÄ       | 684/3000 [01:47<05:20,  7.24it/s]
 23%|ΓûêΓûêΓûÄ       | 685/3000 [01:47<05:40,  6.80it/s]
 23%|ΓûêΓûêΓûÄ       | 686/3000 [01:47<06:08,  6.28it/s]
 23%|ΓûêΓûêΓûÄ       | 687/3000 [01:47<05:35,  6.90it/s]
 23%|ΓûêΓûêΓûÄ       | 688/3000 [01:48<06:16,  6.14it/s]
 23%|ΓûêΓûêΓûÄ       | 689/3000 [01:48<05:35,  6.89it/s]
 23%|ΓûêΓûêΓûÄ       | 690/3000 [01:48<05:08,  7.49it/s]
 23%|ΓûêΓûêΓûÄ       | 691/3000 [01:48<04:51,  7.91it/s]
 23%|ΓûêΓûêΓûÄ       | 692/3000 [01:48<04:43,  8.15it/s]
 23%|ΓûêΓûêΓûÄ       | 693/3000 [01:48<06:02,  6.36it/s]
 23%|ΓûêΓûêΓûÄ       | 694/3000 [01:48<05:44,  6.69it/s]
 23%|ΓûêΓûêΓûÄ       | 696/3000 [01:49<04:52,  7.87it/s]
 23%|ΓûêΓûêΓûÄ       | 697/3000 [01:49<05:47,  6.62it/s]
 23%|ΓûêΓûêΓûÄ       | 698/3000 [01:49<06:28,  5.92it/s]
 23%|ΓûêΓûêΓûÄ       | 699/3000 [01:49<06:02,  6.35it/s]
 23%|ΓûêΓûêΓûÄ       | 700/3000 [01:49<07:12,  5.32it/s]
 23%|ΓûêΓûêΓûÄ       | 701/3000 [01:49<06:25,  5.96it/s]
 23%|ΓûêΓûêΓûÄ       | 702/3000 [01:50<05:48,  6.60it/s]
 23%|ΓûêΓûêΓûÄ       | 703/3000 [01:50<07:31,  5.09it/s]
 24%|ΓûêΓûêΓûÄ       | 705/3000 [01:50<06:13,  6.15it/s]
 24%|ΓûêΓûêΓûÄ       | 706/3000 [01:50<07:29,  5.11it/s]
 24%|ΓûêΓûêΓûÄ       | 707/3000 [01:51<06:41,  5.71it/s]
 24%|ΓûêΓûêΓûÄ       | 709/3000 [01:51<06:22,  6.00it/s]
 24%|ΓûêΓûêΓûÄ       | 710/3000 [01:51<06:31,  5.85it/s]
 24%|ΓûêΓûêΓûÄ       | 712/3000 [01:51<05:22,  7.09it/s]
 24%|ΓûêΓûêΓûì       | 713/3000 [01:51<05:09,  7.39it/s]
 24%|ΓûêΓûêΓûì       | 714/3000 [01:51<04:59,  7.63it/s]
 24%|ΓûêΓûêΓûì       | 715/3000 [01:52<04:46,  7.97it/s]
 24%|ΓûêΓûêΓûì       | 718/3000 [01:52<03:59,  9.53it/s]
 24%|ΓûêΓûêΓûì       | 720/3000 [01:52<05:59,  6.34it/s]
 24%|ΓûêΓûêΓûì       | 721/3000 [01:53<06:27,  5.88it/s]
 24%|ΓûêΓûêΓûì       | 722/3000 [01:53<06:14,  6.09it/s]
 24%|ΓûêΓûêΓûì       | 723/3000 [01:53<06:13,  6.10it/s]
 24%|ΓûêΓûêΓûì       | 724/3000 [01:53<05:55,  6.41it/s]
 24%|ΓûêΓûêΓûì       | 725/3000 [01:53<05:36,  6.76it/s]
 24%|ΓûêΓûêΓûì       | 726/3000 [01:53<05:53,  6.43it/s]
 24%|ΓûêΓûêΓûì       | 727/3000 [01:53<05:40,  6.68it/s]
 24%|ΓûêΓûêΓûì       | 728/3000 [01:54<05:54,  6.40it/s]
 24%|ΓûêΓûêΓûì       | 729/3000 [01:54<05:39,  6.70it/s]
 24%|ΓûêΓûêΓûì       | 730/3000 [01:54<05:57,  6.35it/s]
 24%|ΓûêΓûêΓûì       | 731/3000 [01:54<07:02,  5.37it/s]
 24%|ΓûêΓûêΓûì       | 732/3000 [01:54<06:09,  6.13it/s]
 24%|ΓûêΓûêΓûì       | 733/3000 [01:54<06:03,  6.24it/s]
 24%|ΓûêΓûêΓûì       | 735/3000 [01:55<05:24,  6.97it/s]
 25%|ΓûêΓûêΓûì       | 736/3000 [01:55<06:01,  6.26it/s]
 25%|ΓûêΓûêΓûì       | 737/3000 [01:55<06:38,  5.68it/s]
 25%|ΓûêΓûêΓûì       | 739/3000 [01:55<05:23,  6.98it/s]
 25%|ΓûêΓûêΓûì       | 740/3000 [01:56<06:01,  6.26it/s]
 25%|ΓûêΓûêΓûì       | 742/3000 [01:56<05:11,  7.25it/s]
 25%|ΓûêΓûêΓûì       | 743/3000 [01:56<05:31,  6.82it/s]
 25%|ΓûêΓûêΓûì       | 744/3000 [01:56<05:48,  6.48it/s]
 25%|ΓûêΓûêΓûì       | 745/3000 [01:56<05:23,  6.98it/s]
 25%|ΓûêΓûêΓûì       | 746/3000 [01:57<07:21,  5.11it/s]
 25%|ΓûêΓûêΓûì       | 747/3000 [01:57<06:33,  5.72it/s]
 25%|ΓûêΓûêΓûì       | 748/3000 [01:57<05:49,  6.44it/s]
 25%|ΓûêΓûêΓûì       | 749/3000 [01:57<05:24,  6.94it/s]
 25%|ΓûêΓûêΓûî       | 750/3000 [01:57<06:09,  6.09it/s]
 25%|ΓûêΓûêΓûî       | 751/3000 [01:57<07:16,  5.15it/s]
 25%|ΓûêΓûêΓûî       | 752/3000 [01:58<06:22,  5.88it/s]
 25%|ΓûêΓûêΓûî       | 754/3000 [01:58<08:04,  4.63it/s]
 25%|ΓûêΓûêΓûî       | 755/3000 [01:58<07:56,  4.71it/s]
 25%|ΓûêΓûêΓûî       | 756/3000 [01:58<07:08,  5.24it/s]
 25%|ΓûêΓûêΓûî       | 757/3000 [01:59<06:55,  5.40it/s]
 25%|ΓûêΓûêΓûî       | 758/3000 [01:59<07:18,  5.11it/s]
 25%|ΓûêΓûêΓûî       | 759/3000 [01:59<06:56,  5.38it/s]
 25%|ΓûêΓûêΓûî       | 760/3000 [01:59<07:12,  5.18it/s]
 25%|ΓûêΓûêΓûî       | 761/3000 [01:59<06:36,  5.65it/s]
 25%|ΓûêΓûêΓûî       | 762/3000 [02:00<08:45,  4.26it/s]
 25%|ΓûêΓûêΓûî       | 763/3000 [02:00<07:24,  5.04it/s]
 25%|ΓûêΓûêΓûî       | 764/3000 [02:00<06:29,  5.74it/s]
 26%|ΓûêΓûêΓûî       | 765/3000 [02:00<08:36,  4.33it/s]
 26%|ΓûêΓûêΓûî       | 766/3000 [02:00<07:28,  4.98it/s]
 26%|ΓûêΓûêΓûî       | 767/3000 [02:01<07:45,  4.80it/s]
 26%|ΓûêΓûêΓûî       | 768/3000 [02:01<06:53,  5.39it/s]
 26%|ΓûêΓûêΓûî       | 769/3000 [02:01<07:23,  5.03it/s]
 26%|ΓûêΓûêΓûî       | 770/3000 [02:01<07:41,  4.84it/s]
 26%|ΓûêΓûêΓûî       | 771/3000 [02:01<06:32,  5.68it/s]
 26%|ΓûêΓûêΓûî       | 772/3000 [02:01<06:46,  5.48it/s]
 26%|ΓûêΓûêΓûî       | 774/3000 [02:02<05:29,  6.76it/s]
 26%|ΓûêΓûêΓûî       | 775/3000 [02:02<05:19,  6.97it/s]
 26%|ΓûêΓûêΓûî       | 776/3000 [02:02<05:03,  7.32it/s]
 26%|ΓûêΓûêΓûî       | 778/3000 [02:02<04:33,  8.11it/s]
 26%|ΓûêΓûêΓûî       | 779/3000 [02:02<05:24,  6.85it/s]
 26%|ΓûêΓûêΓûî       | 780/3000 [02:03<05:37,  6.57it/s]
 26%|ΓûêΓûêΓûî       | 781/3000 [02:03<05:10,  7.15it/s]
 26%|ΓûêΓûêΓûî       | 782/3000 [02:03<05:12,  7.09it/s]
 26%|ΓûêΓûêΓûî       | 784/3000 [02:03<05:26,  6.78it/s]
 26%|ΓûêΓûêΓûî       | 786/3000 [02:03<05:12,  7.08it/s]
 26%|ΓûêΓûêΓûî       | 787/3000 [02:04<06:13,  5.93it/s]
 26%|ΓûêΓûêΓûï       | 788/3000 [02:04<06:52,  5.36it/s]
 26%|ΓûêΓûêΓûï       | 789/3000 [02:04<06:30,  5.66it/s]
 26%|ΓûêΓûêΓûï       | 791/3000 [02:04<05:18,  6.94it/s]
 26%|ΓûêΓûêΓûï       | 792/3000 [02:04<05:34,  6.59it/s]
 26%|ΓûêΓûêΓûï       | 793/3000 [02:05<05:39,  6.50it/s]
 26%|ΓûêΓûêΓûï       | 794/3000 [02:05<06:08,  5.99it/s]
 26%|ΓûêΓûêΓûï       | 795/3000 [02:05<06:34,  5.58it/s]
 27%|ΓûêΓûêΓûï       | 796/3000 [02:05<06:14,  5.89it/s]
 27%|ΓûêΓûêΓûï       | 797/3000 [02:05<05:57,  6.15it/s]
 27%|ΓûêΓûêΓûï       | 798/3000 [02:05<05:39,  6.49it/s]
 27%|ΓûêΓûêΓûï       | 799/3000 [02:06<05:04,  7.22it/s]
 27%|ΓûêΓûêΓûï       | 802/3000 [02:06<04:28,  8.18it/s]
 27%|ΓûêΓûêΓûï       | 803/3000 [02:06<04:30,  8.11it/s]
 27%|ΓûêΓûêΓûï       | 804/3000 [02:06<04:42,  7.78it/s]
 27%|ΓûêΓûêΓûï       | 805/3000 [02:06<04:41,  7.80it/s]
 27%|ΓûêΓûêΓûï       | 806/3000 [02:06<05:47,  6.32it/s]
 27%|ΓûêΓûêΓûï       | 808/3000 [02:07<04:52,  7.49it/s]
 27%|ΓûêΓûêΓûï       | 809/3000 [02:07<05:25,  6.72it/s]
 27%|ΓûêΓûêΓûï       | 810/3000 [02:07<05:13,  6.98it/s]
 27%|ΓûêΓûêΓûï       | 811/3000 [02:07<04:58,  7.32it/s]
 27%|ΓûêΓûêΓûï       | 812/3000 [02:07<04:47,  7.60it/s]
 27%|ΓûêΓûêΓûï       | 813/3000 [02:07<04:58,  7.33it/s]
 27%|ΓûêΓûêΓûï       | 814/3000 [02:08<04:38,  7.86it/s]
 27%|ΓûêΓûêΓûï       | 815/3000 [02:08<04:52,  7.46it/s]
 27%|ΓûêΓûêΓûï       | 816/3000 [02:08<04:35,  7.94it/s]
 27%|ΓûêΓûêΓûï       | 818/3000 [02:08<04:07,  8.81it/s]
 27%|ΓûêΓûêΓûï       | 819/3000 [02:08<04:34,  7.94it/s]
 27%|ΓûêΓûêΓûï       | 820/3000 [02:08<04:27,  8.15it/s]
 27%|ΓûêΓûêΓûï       | 821/3000 [02:08<05:25,  6.70it/s]
 27%|ΓûêΓûêΓûï       | 822/3000 [02:09<05:02,  7.20it/s]
 27%|ΓûêΓûêΓûï       | 823/3000 [02:09<05:10,  7.00it/s]
 28%|ΓûêΓûêΓûè       | 825/3000 [02:09<05:11,  6.99it/s]
 28%|ΓûêΓûêΓûè       | 826/3000 [02:09<04:58,  7.29it/s]
 28%|ΓûêΓûêΓûè       | 827/3000 [02:09<05:23,  6.71it/s]
 28%|ΓûêΓûêΓûè       | 828/3000 [02:10<06:02,  5.99it/s]
 28%|ΓûêΓûêΓûè       | 829/3000 [02:10<06:00,  6.03it/s]
 28%|ΓûêΓûêΓûè       | 830/3000 [02:10<06:26,  5.61it/s]
 28%|ΓûêΓûêΓûè       | 831/3000 [02:10<06:28,  5.58it/s]
 28%|ΓûêΓûêΓûè       | 833/3000 [02:10<04:33,  7.94it/s]
 28%|ΓûêΓûêΓûè       | 834/3000 [02:10<04:36,  7.84it/s]
 28%|ΓûêΓûêΓûè       | 835/3000 [02:11<05:10,  6.97it/s]
 28%|ΓûêΓûêΓûè       | 836/3000 [02:11<04:57,  7.28it/s]
 28%|ΓûêΓûêΓûè       | 837/3000 [02:11<04:52,  7.40it/s]
 28%|ΓûêΓûêΓûè       | 838/3000 [02:11<05:40,  6.35it/s]
 28%|ΓûêΓûêΓûè       | 840/3000 [02:11<04:51,  7.40it/s]
 28%|ΓûêΓûêΓûè       | 841/3000 [02:11<05:31,  6.52it/s]
 28%|ΓûêΓûêΓûè       | 842/3000 [02:12<05:56,  6.06it/s]
 28%|ΓûêΓûêΓûè       | 843/3000 [02:12<06:05,  5.91it/s]
 28%|ΓûêΓûêΓûè       | 844/3000 [02:12<06:27,  5.56it/s]
 28%|ΓûêΓûêΓûè       | 845/3000 [02:12<05:42,  6.29it/s]
 28%|ΓûêΓûêΓûè       | 846/3000 [02:12<05:22,  6.67it/s]
 28%|ΓûêΓûêΓûè       | 847/3000 [02:12<05:30,  6.52it/s]
 28%|ΓûêΓûêΓûè       | 848/3000 [02:13<04:59,  7.19it/s]
 28%|ΓûêΓûêΓûè       | 850/3000 [02:13<04:39,  7.69it/s]
 28%|ΓûêΓûêΓûè       | 851/3000 [02:13<05:11,  6.90it/s]
 28%|ΓûêΓûêΓûè       | 853/3000 [02:13<03:47,  9.46it/s]
 28%|ΓûêΓûêΓûè       | 855/3000 [02:13<04:42,  7.59it/s]
 29%|ΓûêΓûêΓûè       | 856/3000 [02:14<05:25,  6.58it/s]
 29%|ΓûêΓûêΓûè       | 857/3000 [02:14<05:41,  6.27it/s]
 29%|ΓûêΓûêΓûè       | 858/3000 [02:14<05:43,  6.24it/s]
 29%|ΓûêΓûêΓûè       | 859/3000 [02:14<05:09,  6.91it/s]
 29%|ΓûêΓûêΓûè       | 860/3000 [02:14<04:43,  7.54it/s]
 29%|ΓûêΓûêΓûè       | 861/3000 [02:14<04:54,  7.27it/s]
 29%|ΓûêΓûêΓûè       | 862/3000 [02:14<05:20,  6.68it/s]
 29%|ΓûêΓûêΓûë       | 863/3000 [02:15<08:10,  4.35it/s]
 29%|ΓûêΓûêΓûë       | 864/3000 [02:15<06:56,  5.13it/s]
 29%|ΓûêΓûêΓûë       | 865/3000 [02:15<06:48,  5.22it/s]
 29%|ΓûêΓûêΓûë       | 866/3000 [02:16<08:58,  3.96it/s]
 29%|ΓûêΓûêΓûë       | 867/3000 [02:16<07:40,  4.63it/s]
 29%|ΓûêΓûêΓûë       | 868/3000 [02:16<06:45,  5.26it/s]
 29%|ΓûêΓûêΓûë       | 869/3000 [02:16<06:54,  5.15it/s]
 29%|ΓûêΓûêΓûë       | 870/3000 [02:16<06:38,  5.34it/s]
 29%|ΓûêΓûêΓûë       | 871/3000 [02:16<06:21,  5.57it/s]
 29%|ΓûêΓûêΓûë       | 873/3000 [02:17<04:38,  7.65it/s]
 29%|ΓûêΓûêΓûë       | 874/3000 [02:17<04:31,  7.83it/s]
 29%|ΓûêΓûêΓûë       | 876/3000 [02:17<04:30,  7.85it/s]
 29%|ΓûêΓûêΓûë       | 877/3000 [02:17<04:29,  7.88it/s]
 29%|ΓûêΓûêΓûë       | 878/3000 [02:17<04:17,  8.25it/s]
 29%|ΓûêΓûêΓûë       | 879/3000 [02:17<05:17,  6.67it/s]
 29%|ΓûêΓûêΓûë       | 880/3000 [02:18<05:17,  6.68it/s]
 29%|ΓûêΓûêΓûë       | 881/3000 [02:18<05:10,  6.83it/s]
 29%|ΓûêΓûêΓûë       | 882/3000 [02:18<06:08,  5.75it/s]
 29%|ΓûêΓûêΓûë       | 883/3000 [02:18<05:37,  6.27it/s]
 29%|ΓûêΓûêΓûë       | 884/3000 [02:18<05:06,  6.91it/s]
 30%|ΓûêΓûêΓûë       | 885/3000 [02:18<04:55,  7.17it/s]
 30%|ΓûêΓûêΓûë       | 886/3000 [02:18<05:18,  6.64it/s]
 30%|ΓûêΓûêΓûë       | 888/3000 [02:19<05:18,  6.64it/s]
 30%|ΓûêΓûêΓûë       | 889/3000 [02:19<06:36,  5.32it/s]
 30%|ΓûêΓûêΓûë       | 890/3000 [02:19<06:10,  5.69it/s]
 30%|ΓûêΓûêΓûë       | 891/3000 [02:19<05:47,  6.06it/s]
 30%|ΓûêΓûêΓûë       | 892/3000 [02:20<06:08,  5.73it/s]
 30%|ΓûêΓûêΓûë       | 893/3000 [02:20<05:57,  5.90it/s]
 30%|ΓûêΓûêΓûë       | 894/3000 [02:20<05:17,  6.62it/s]
 30%|ΓûêΓûêΓûë       | 895/3000 [02:20<05:04,  6.92it/s]
 30%|ΓûêΓûêΓûë       | 896/3000 [02:20<05:23,  6.51it/s]
 30%|ΓûêΓûêΓûë       | 898/3000 [02:20<03:47,  9.26it/s]
 30%|ΓûêΓûêΓûê       | 900/3000 [02:21<04:23,  7.98it/s]
 30%|ΓûêΓûêΓûê       | 901/3000 [02:21<05:03,  6.92it/s]
 30%|ΓûêΓûêΓûê       | 902/3000 [02:21<05:11,  6.73it/s]
 30%|ΓûêΓûêΓûê       | 903/3000 [02:21<05:28,  6.38it/s]
 30%|ΓûêΓûêΓûê       | 904/3000 [02:21<05:14,  6.66it/s]
 30%|ΓûêΓûêΓûê       | 905/3000 [02:21<04:52,  7.17it/s]
 30%|ΓûêΓûêΓûê       | 907/3000 [02:22<04:56,  7.06it/s]
 30%|ΓûêΓûêΓûê       | 908/3000 [02:22<04:55,  7.08it/s]
 30%|ΓûêΓûêΓûê       | 909/3000 [02:22<05:25,  6.42it/s]
 30%|ΓûêΓûêΓûê       | 911/3000 [02:22<04:13,  8.23it/s]
 30%|ΓûêΓûêΓûê       | 912/3000 [02:22<04:55,  7.07it/s]
 30%|ΓûêΓûêΓûê       | 913/3000 [02:23<05:59,  5.80it/s]
 30%|ΓûêΓûêΓûê       | 914/3000 [02:23<05:26,  6.39it/s]
 31%|ΓûêΓûêΓûê       | 916/3000 [02:23<04:59,  6.96it/s]
 31%|ΓûêΓûêΓûê       | 917/3000 [02:23<05:20,  6.50it/s]
 31%|ΓûêΓûêΓûê       | 918/3000 [02:23<05:16,  6.59it/s]
 31%|ΓûêΓûêΓûê       | 919/3000 [02:23<05:11,  6.69it/s]
 31%|ΓûêΓûêΓûê       | 920/3000 [02:24<04:59,  6.94it/s]
 31%|ΓûêΓûêΓûê       | 921/3000 [02:24<05:06,  6.77it/s]
 31%|ΓûêΓûêΓûê       | 922/3000 [02:24<05:47,  5.98it/s]
 31%|ΓûêΓûêΓûê       | 924/3000 [02:24<04:54,  7.06it/s]
 31%|ΓûêΓûêΓûê       | 925/3000 [02:24<05:22,  6.43it/s]
 31%|ΓûêΓûêΓûê       | 927/3000 [02:25<04:34,  7.56it/s]
 31%|ΓûêΓûêΓûê       | 928/3000 [02:25<04:40,  7.38it/s]
 31%|ΓûêΓûêΓûê       | 929/3000 [02:25<04:27,  7.74it/s]
 31%|ΓûêΓûêΓûê       | 930/3000 [02:25<04:16,  8.06it/s]
 31%|ΓûêΓûêΓûê       | 931/3000 [02:25<04:21,  7.92it/s]
 31%|ΓûêΓûêΓûê       | 934/3000 [02:25<03:18, 10.40it/s]
 31%|ΓûêΓûêΓûê       | 937/3000 [02:25<02:52, 11.96it/s]
 31%|ΓûêΓûêΓûêΓûÅ      | 939/3000 [02:26<03:00, 11.40it/s]
 31%|ΓûêΓûêΓûêΓûÅ      | 941/3000 [02:26<03:48,  8.99it/s]
 31%|ΓûêΓûêΓûêΓûÅ      | 942/3000 [02:26<04:11,  8.17it/s]
 31%|ΓûêΓûêΓûêΓûÅ      | 943/3000 [02:26<04:11,  8.18it/s]
 31%|ΓûêΓûêΓûêΓûÅ      | 944/3000 [02:26<04:08,  8.29it/s]
 32%|ΓûêΓûêΓûêΓûÅ      | 945/3000 [02:27<04:58,  6.89it/s]
 32%|ΓûêΓûêΓûêΓûÅ      | 946/3000 [02:27<04:56,  6.93it/s]
 32%|ΓûêΓûêΓûêΓûÅ      | 947/3000 [02:27<05:04,  6.74it/s]
 32%|ΓûêΓûêΓûêΓûÅ      | 948/3000 [02:27<04:41,  7.28it/s]
 32%|ΓûêΓûêΓûêΓûÅ      | 949/3000 [02:27<05:12,  6.56it/s]
 32%|ΓûêΓûêΓûêΓûÅ      | 950/3000 [02:27<05:56,  5.76it/s]
 32%|ΓûêΓûêΓûêΓûÅ      | 951/3000 [02:28<05:22,  6.36it/s]
 32%|ΓûêΓûêΓûêΓûÅ      | 952/3000 [02:28<04:48,  7.10it/s]
 32%|ΓûêΓûêΓûêΓûÅ      | 953/3000 [02:28<04:26,  7.67it/s]
 32%|ΓûêΓûêΓûêΓûÅ      | 954/3000 [02:28<05:48,  5.87it/s]
 32%|ΓûêΓûêΓûêΓûÅ      | 955/3000 [02:28<05:33,  6.14it/s]
 32%|ΓûêΓûêΓûêΓûÅ      | 956/3000 [02:28<05:12,  6.53it/s]
 32%|ΓûêΓûêΓûêΓûÅ      | 957/3000 [02:28<05:46,  5.89it/s]
 32%|ΓûêΓûêΓûêΓûÅ      | 958/3000 [02:29<06:08,  5.55it/s]
 32%|ΓûêΓûêΓûêΓûÅ      | 959/3000 [02:29<05:51,  5.80it/s]
 32%|ΓûêΓûêΓûêΓûÅ      | 961/3000 [02:29<04:19,  7.85it/s]
 32%|ΓûêΓûêΓûêΓûÅ      | 962/3000 [02:29<04:24,  7.71it/s]
 32%|ΓûêΓûêΓûêΓûÅ      | 963/3000 [02:29<04:28,  7.60it/s]
 32%|ΓûêΓûêΓûêΓûÅ      | 964/3000 [02:30<05:41,  5.96it/s]
 32%|ΓûêΓûêΓûêΓûÅ      | 965/3000 [02:30<05:16,  6.43it/s]
 32%|ΓûêΓûêΓûêΓûÅ      | 967/3000 [02:30<04:02,  8.37it/s]
 32%|ΓûêΓûêΓûêΓûÅ      | 968/3000 [02:30<04:02,  8.37it/s]
 32%|ΓûêΓûêΓûêΓûÅ      | 969/3000 [02:30<03:54,  8.65it/s]
 32%|ΓûêΓûêΓûêΓûÅ      | 970/3000 [02:30<04:29,  7.52it/s]
 32%|ΓûêΓûêΓûêΓûÅ      | 971/3000 [02:30<04:22,  7.72it/s]
 32%|ΓûêΓûêΓûêΓûÅ      | 972/3000 [02:31<07:35,  4.45it/s]
 32%|ΓûêΓûêΓûêΓûÅ      | 973/3000 [02:31<07:04,  4.78it/s]
 32%|ΓûêΓûêΓûêΓûÅ      | 974/3000 [02:31<07:13,  4.67it/s]
 32%|ΓûêΓûêΓûêΓûÄ      | 975/3000 [02:31<06:35,  5.12it/s]
 33%|ΓûêΓûêΓûêΓûÄ      | 976/3000 [02:32<06:40,  5.06it/s]
 33%|ΓûêΓûêΓûêΓûÄ      | 977/3000 [02:32<05:53,  5.72it/s]
 33%|ΓûêΓûêΓûêΓûÄ      | 978/3000 [02:32<05:16,  6.40it/s]
 33%|ΓûêΓûêΓûêΓûÄ      | 979/3000 [02:32<05:41,  5.92it/s]
 33%|ΓûêΓûêΓûêΓûÄ      | 980/3000 [02:32<05:05,  6.61it/s]
 33%|ΓûêΓûêΓûêΓûÄ      | 982/3000 [02:32<04:43,  7.11it/s]
 33%|ΓûêΓûêΓûêΓûÄ      | 983/3000 [02:32<04:25,  7.61it/s]
 33%|ΓûêΓûêΓûêΓûÄ      | 984/3000 [02:33<04:41,  7.17it/s]
 33%|ΓûêΓûêΓûêΓûÄ      | 986/3000 [02:33<04:58,  6.75it/s]
 33%|ΓûêΓûêΓûêΓûÄ      | 987/3000 [02:33<04:55,  6.80it/s]
 33%|ΓûêΓûêΓûêΓûÄ      | 988/3000 [02:33<04:40,  7.16it/s]
 33%|ΓûêΓûêΓûêΓûÄ      | 990/3000 [02:33<04:10,  8.01it/s]
 33%|ΓûêΓûêΓûêΓûÄ      | 991/3000 [02:34<04:31,  7.40it/s]
 33%|ΓûêΓûêΓûêΓûÄ      | 992/3000 [02:34<04:16,  7.84it/s]
 33%|ΓûêΓûêΓûêΓûÄ      | 993/3000 [02:34<04:10,  8.01it/s]
 33%|ΓûêΓûêΓûêΓûÄ      | 994/3000 [02:34<04:21,  7.66it/s]
 33%|ΓûêΓûêΓûêΓûÄ      | 995/3000 [02:34<04:23,  7.62it/s]
 33%|ΓûêΓûêΓûêΓûÄ      | 996/3000 [02:34<04:08,  8.07it/s]
 33%|ΓûêΓûêΓûêΓûÄ      | 998/3000 [02:34<03:21,  9.96it/s]
 33%|ΓûêΓûêΓûêΓûÄ      | 999/3000 [02:35<05:10,  6.44it/s]
 33%|ΓûêΓûêΓûêΓûÄ      | 1000/3000 [02:35<04:45,  7.01it/s]
 33%|ΓûêΓûêΓûêΓûÄ      | 1002/3000 [02:35<05:07,  6.50it/s]
 33%|ΓûêΓûêΓûêΓûÄ      | 1004/3000 [02:35<04:22,  7.59it/s]
 34%|ΓûêΓûêΓûêΓûÄ      | 1005/3000 [02:35<04:09,  8.00it/s]
 34%|ΓûêΓûêΓûêΓûÄ      | 1006/3000 [02:36<05:47,  5.73it/s]
 34%|ΓûêΓûêΓûêΓûÄ      | 1007/3000 [02:36<05:32,  6.00it/s]
 34%|ΓûêΓûêΓûêΓûÄ      | 1008/3000 [02:36<06:04,  5.47it/s]
 34%|ΓûêΓûêΓûêΓûÄ      | 1009/3000 [02:36<05:36,  5.91it/s]
 34%|ΓûêΓûêΓûêΓûÄ      | 1010/3000 [02:36<06:07,  5.42it/s]
 34%|ΓûêΓûêΓûêΓûÄ      | 1011/3000 [02:37<05:22,  6.17it/s]
 34%|ΓûêΓûêΓûêΓûÄ      | 1012/3000 [02:37<05:09,  6.42it/s]
 34%|ΓûêΓûêΓûêΓûì      | 1013/3000 [02:37<07:55,  4.18it/s]
 34%|ΓûêΓûêΓûêΓûì      | 1014/3000 [02:37<07:16,  4.55it/s]
 34%|ΓûêΓûêΓûêΓûì      | 1015/3000 [02:38<06:56,  4.76it/s]
 34%|ΓûêΓûêΓûêΓûì      | 1016/3000 [02:38<06:01,  5.49it/s]
 34%|ΓûêΓûêΓûêΓûì      | 1017/3000 [02:38<05:45,  5.73it/s]
 34%|ΓûêΓûêΓûêΓûì      | 1018/3000 [02:38<05:12,  6.35it/s]
 34%|ΓûêΓûêΓûêΓûì      | 1019/3000 [02:38<04:58,  6.63it/s]
 34%|ΓûêΓûêΓûêΓûì      | 1020/3000 [02:38<05:24,  6.10it/s]
 34%|ΓûêΓûêΓûêΓûì      | 1021/3000 [02:38<04:50,  6.81it/s]
 34%|ΓûêΓûêΓûêΓûì      | 1022/3000 [02:39<05:05,  6.48it/s]
 34%|ΓûêΓûêΓûêΓûì      | 1023/3000 [02:39<04:36,  7.16it/s]
 34%|ΓûêΓûêΓûêΓûì      | 1024/3000 [02:39<05:16,  6.25it/s]
 34%|ΓûêΓûêΓûêΓûì      | 1025/3000 [02:39<05:14,  6.28it/s]
 34%|ΓûêΓûêΓûêΓûì      | 1026/3000 [02:39<05:15,  6.26it/s]
 34%|ΓûêΓûêΓûêΓûì      | 1027/3000 [02:39<04:52,  6.74it/s]
 34%|ΓûêΓûêΓûêΓûì      | 1028/3000 [02:39<04:51,  6.76it/s]
 34%|ΓûêΓûêΓûêΓûì      | 1029/3000 [02:40<05:18,  6.19it/s]
 34%|ΓûêΓûêΓûêΓûì      | 1030/3000 [02:40<05:02,  6.52it/s]
 34%|ΓûêΓûêΓûêΓûì      | 1031/3000 [02:40<05:28,  5.99it/s]
 34%|ΓûêΓûêΓûêΓûì      | 1032/3000 [02:40<04:53,  6.70it/s]
 34%|ΓûêΓûêΓûêΓûì      | 1033/3000 [02:40<04:25,  7.42it/s]
 34%|ΓûêΓûêΓûêΓûì      | 1034/3000 [02:40<04:15,  7.70it/s]
 34%|ΓûêΓûêΓûêΓûì      | 1035/3000 [02:40<04:41,  6.99it/s]
 35%|ΓûêΓûêΓûêΓûì      | 1036/3000 [02:41<04:26,  7.37it/s]
 35%|ΓûêΓûêΓûêΓûì      | 1037/3000 [02:41<04:31,  7.24it/s]
 35%|ΓûêΓûêΓûêΓûì      | 1038/3000 [02:41<04:18,  7.58it/s]
 35%|ΓûêΓûêΓûêΓûì      | 1039/3000 [02:41<04:18,  7.58it/s]
 35%|ΓûêΓûêΓûêΓûì      | 1040/3000 [02:41<04:00,  8.16it/s]
 35%|ΓûêΓûêΓûêΓûì      | 1041/3000 [02:41<04:31,  7.23it/s]
 35%|ΓûêΓûêΓûêΓûì      | 1042/3000 [02:41<04:11,  7.80it/s]
 35%|ΓûêΓûêΓûêΓûì      | 1043/3000 [02:41<04:15,  7.65it/s]
 35%|ΓûêΓûêΓûêΓûì      | 1045/3000 [02:42<03:44,  8.70it/s]
 35%|ΓûêΓûêΓûêΓûì      | 1046/3000 [02:42<04:07,  7.90it/s]
 35%|ΓûêΓûêΓûêΓûì      | 1047/3000 [02:42<04:31,  7.20it/s]
 35%|ΓûêΓûêΓûêΓûì      | 1048/3000 [02:42<04:14,  7.68it/s]
 35%|ΓûêΓûêΓûêΓûî      | 1050/3000 [02:42<04:07,  7.88it/s]
 35%|ΓûêΓûêΓûêΓûî      | 1051/3000 [02:43<04:40,  6.95it/s]
 35%|ΓûêΓûêΓûêΓûî      | 1052/3000 [02:43<04:40,  6.94it/s]
 35%|ΓûêΓûêΓûêΓûî      | 1053/3000 [02:43<04:51,  6.69it/s]
 35%|ΓûêΓûêΓûêΓûî      | 1054/3000 [02:43<05:02,  6.44it/s]
 35%|ΓûêΓûêΓûêΓûî      | 1055/3000 [02:43<05:52,  5.52it/s]
 35%|ΓûêΓûêΓûêΓûî      | 1057/3000 [02:44<05:21,  6.05it/s]
 35%|ΓûêΓûêΓûêΓûî      | 1058/3000 [02:44<04:55,  6.58it/s]
 35%|ΓûêΓûêΓûêΓûî      | 1059/3000 [02:44<05:16,  6.13it/s]
 35%|ΓûêΓûêΓûêΓûî      | 1060/3000 [02:44<06:39,  4.86it/s]
 35%|ΓûêΓûêΓûêΓûî      | 1061/3000 [02:44<06:06,  5.29it/s]
 35%|ΓûêΓûêΓûêΓûî      | 1062/3000 [02:44<05:51,  5.52it/s]
 35%|ΓûêΓûêΓûêΓûî      | 1064/3000 [02:45<05:20,  6.05it/s]
 36%|ΓûêΓûêΓûêΓûî      | 1066/3000 [02:45<05:27,  5.90it/s]
 36%|ΓûêΓûêΓûêΓûî      | 1068/3000 [02:45<04:18,  7.47it/s]
 36%|ΓûêΓûêΓûêΓûî      | 1069/3000 [02:45<04:42,  6.83it/s]
 36%|ΓûêΓûêΓûêΓûî      | 1071/3000 [02:46<03:53,  8.27it/s]
 36%|ΓûêΓûêΓûêΓûî      | 1073/3000 [02:46<03:31,  9.11it/s]
 36%|ΓûêΓûêΓûêΓûî      | 1074/3000 [02:46<03:47,  8.48it/s]
 36%|ΓûêΓûêΓûêΓûî      | 1075/3000 [02:46<03:48,  8.43it/s]
 36%|ΓûêΓûêΓûêΓûî      | 1076/3000 [02:46<03:50,  8.34it/s]
 36%|ΓûêΓûêΓûêΓûî      | 1077/3000 [02:46<03:47,  8.46it/s]
 36%|ΓûêΓûêΓûêΓûî      | 1078/3000 [02:46<04:05,  7.83it/s]
 36%|ΓûêΓûêΓûêΓûî      | 1079/3000 [02:47<04:11,  7.65it/s]
 36%|ΓûêΓûêΓûêΓûî      | 1080/3000 [02:47<04:06,  7.79it/s]
 36%|ΓûêΓûêΓûêΓûî      | 1081/3000 [02:47<04:25,  7.23it/s]
 36%|ΓûêΓûêΓûêΓûî      | 1082/3000 [02:47<04:45,  6.71it/s]
 36%|ΓûêΓûêΓûêΓûî      | 1083/3000 [02:47<04:46,  6.69it/s]
 36%|ΓûêΓûêΓûêΓûî      | 1084/3000 [02:47<04:23,  7.26it/s]
 36%|ΓûêΓûêΓûêΓûî      | 1085/3000 [02:47<04:20,  7.35it/s]
 36%|ΓûêΓûêΓûêΓûî      | 1086/3000 [02:48<03:59,  7.98it/s]
 36%|ΓûêΓûêΓûêΓûî      | 1087/3000 [02:48<04:03,  7.86it/s]
 36%|ΓûêΓûêΓûêΓûï      | 1088/3000 [02:48<03:59,  7.99it/s]
 36%|ΓûêΓûêΓûêΓûï      | 1089/3000 [02:48<04:11,  7.60it/s]
 36%|ΓûêΓûêΓûêΓûï      | 1090/3000 [02:48<04:26,  7.16it/s]
 36%|ΓûêΓûêΓûêΓûï      | 1091/3000 [02:48<04:07,  7.72it/s]
 36%|ΓûêΓûêΓûêΓûï      | 1092/3000 [02:48<04:40,  6.79it/s]
 36%|ΓûêΓûêΓûêΓûï      | 1093/3000 [02:49<05:01,  6.33it/s]
 36%|ΓûêΓûêΓûêΓûï      | 1094/3000 [02:49<04:31,  7.03it/s]
 36%|ΓûêΓûêΓûêΓûï      | 1095/3000 [02:49<05:18,  5.99it/s]
 37%|ΓûêΓûêΓûêΓûï      | 1097/3000 [02:49<05:41,  5.57it/s]
 37%|ΓûêΓûêΓûêΓûï      | 1098/3000 [02:49<05:04,  6.24it/s]
 37%|ΓûêΓûêΓûêΓûï      | 1099/3000 [02:50<05:19,  5.94it/s]
 37%|ΓûêΓûêΓûêΓûï      | 1101/3000 [02:50<04:46,  6.62it/s]
 37%|ΓûêΓûêΓûêΓûï      | 1102/3000 [02:50<04:31,  7.00it/s]
 37%|ΓûêΓûêΓûêΓûï      | 1103/3000 [02:50<04:22,  7.21it/s]
 37%|ΓûêΓûêΓûêΓûï      | 1104/3000 [02:50<05:03,  6.26it/s]
 37%|ΓûêΓûêΓûêΓûï      | 1105/3000 [02:50<04:49,  6.55it/s]
 37%|ΓûêΓûêΓûêΓûï      | 1106/3000 [02:51<05:24,  5.84it/s]
 37%|ΓûêΓûêΓûêΓûï      | 1107/3000 [02:51<06:30,  4.85it/s]
 37%|ΓûêΓûêΓûêΓûï      | 1108/3000 [02:51<05:32,  5.69it/s]
 37%|ΓûêΓûêΓûêΓûï      | 1109/3000 [02:51<04:52,  6.46it/s]
 37%|ΓûêΓûêΓûêΓûï      | 1111/3000 [02:51<04:40,  6.73it/s]
 37%|ΓûêΓûêΓûêΓûï      | 1112/3000 [02:52<04:29,  7.01it/s]
 37%|ΓûêΓûêΓûêΓûï      | 1113/3000 [02:52<04:59,  6.30it/s]
 37%|ΓûêΓûêΓûêΓûï      | 1114/3000 [02:52<06:41,  4.70it/s]
 37%|ΓûêΓûêΓûêΓûï      | 1115/3000 [02:52<06:19,  4.96it/s]
 37%|ΓûêΓûêΓûêΓûï      | 1116/3000 [02:52<05:39,  5.54it/s]
 37%|ΓûêΓûêΓûêΓûï      | 1117/3000 [02:53<05:09,  6.09it/s]
 37%|ΓûêΓûêΓûêΓûï      | 1118/3000 [02:53<06:25,  4.88it/s]
 37%|ΓûêΓûêΓûêΓûï      | 1119/3000 [02:53<05:58,  5.25it/s]
 37%|ΓûêΓûêΓûêΓûï      | 1120/3000 [02:53<05:25,  5.78it/s]
 37%|ΓûêΓûêΓûêΓûï      | 1121/3000 [02:53<05:29,  5.71it/s]
 37%|ΓûêΓûêΓûêΓûï      | 1122/3000 [02:53<05:15,  5.96it/s]
 37%|ΓûêΓûêΓûêΓûï      | 1123/3000 [02:54<04:48,  6.50it/s]
 37%|ΓûêΓûêΓûêΓûï      | 1124/3000 [02:54<04:21,  7.19it/s]
 38%|ΓûêΓûêΓûêΓûè      | 1125/3000 [02:54<04:16,  7.32it/s]
 38%|ΓûêΓûêΓûêΓûè      | 1126/3000 [02:54<04:20,  7.20it/s]
 38%|ΓûêΓûêΓûêΓûè      | 1127/3000 [02:54<04:22,  7.14it/s]
 38%|ΓûêΓûêΓûêΓûè      | 1128/3000 [02:54<04:14,  7.36it/s]
 38%|ΓûêΓûêΓûêΓûè      | 1130/3000 [02:54<03:17,  9.49it/s]
 38%|ΓûêΓûêΓûêΓûè      | 1131/3000 [02:55<04:04,  7.64it/s]
 38%|ΓûêΓûêΓûêΓûè      | 1132/3000 [02:55<04:35,  6.77it/s]
 38%|ΓûêΓûêΓûêΓûè      | 1133/3000 [02:55<04:28,  6.96it/s]
 38%|ΓûêΓûêΓûêΓûè      | 1135/3000 [02:55<04:08,  7.52it/s]
 38%|ΓûêΓûêΓûêΓûè      | 1136/3000 [02:55<04:30,  6.89it/s]
 38%|ΓûêΓûêΓûêΓûè      | 1137/3000 [02:56<05:23,  5.75it/s]
 38%|ΓûêΓûêΓûêΓûè      | 1138/3000 [02:56<05:21,  5.79it/s]
 38%|ΓûêΓûêΓûêΓûè      | 1139/3000 [02:56<05:32,  5.60it/s]
 38%|ΓûêΓûêΓûêΓûè      | 1140/3000 [02:56<04:58,  6.23it/s]
 38%|ΓûêΓûêΓûêΓûè      | 1141/3000 [02:56<04:49,  6.42it/s]
 38%|ΓûêΓûêΓûêΓûè      | 1142/3000 [02:56<05:15,  5.90it/s]
 38%|ΓûêΓûêΓûêΓûè      | 1143/3000 [02:57<04:48,  6.44it/s]
 38%|ΓûêΓûêΓûêΓûè      | 1145/3000 [02:57<03:55,  7.89it/s]
 38%|ΓûêΓûêΓûêΓûè      | 1146/3000 [02:57<05:13,  5.92it/s]
 38%|ΓûêΓûêΓûêΓûè      | 1147/3000 [02:57<05:23,  5.74it/s]
 38%|ΓûêΓûêΓûêΓûè      | 1148/3000 [02:57<04:48,  6.43it/s]
 38%|ΓûêΓûêΓûêΓûè      | 1149/3000 [02:57<04:43,  6.52it/s]
 38%|ΓûêΓûêΓûêΓûè      | 1150/3000 [02:58<04:56,  6.24it/s]
 38%|ΓûêΓûêΓûêΓûè      | 1151/3000 [02:58<05:09,  5.97it/s]
 38%|ΓûêΓûêΓûêΓûè      | 1152/3000 [02:58<05:18,  5.79it/s]
 38%|ΓûêΓûêΓûêΓûè      | 1153/3000 [02:58<05:55,  5.19it/s]
 38%|ΓûêΓûêΓûêΓûè      | 1155/3000 [02:58<04:31,  6.79it/s]
 39%|ΓûêΓûêΓûêΓûè      | 1156/3000 [02:59<05:01,  6.11it/s]
 39%|ΓûêΓûêΓûêΓûè      | 1157/3000 [02:59<04:53,  6.29it/s]
 39%|ΓûêΓûêΓûêΓûè      | 1160/3000 [02:59<03:42,  8.28it/s]
 39%|ΓûêΓûêΓûêΓûë      | 1163/3000 [02:59<02:38, 11.56it/s]
 39%|ΓûêΓûêΓûêΓûë      | 1165/3000 [02:59<03:11,  9.57it/s]
 39%|ΓûêΓûêΓûêΓûë      | 1167/3000 [03:00<03:08,  9.70it/s]
 39%|ΓûêΓûêΓûêΓûë      | 1169/3000 [03:00<03:07,  9.78it/s]
 39%|ΓûêΓûêΓûêΓûë      | 1171/3000 [03:00<03:39,  8.33it/s]
 39%|ΓûêΓûêΓûêΓûë      | 1172/3000 [03:00<03:35,  8.47it/s]
 39%|ΓûêΓûêΓûêΓûë      | 1173/3000 [03:00<03:31,  8.63it/s]
 39%|ΓûêΓûêΓûêΓûë      | 1174/3000 [03:01<04:21,  6.98it/s]
 39%|ΓûêΓûêΓûêΓûë      | 1175/3000 [03:01<04:37,  6.59it/s]
 39%|ΓûêΓûêΓûêΓûë      | 1176/3000 [03:01<05:03,  6.00it/s]
 39%|ΓûêΓûêΓûêΓûë      | 1177/3000 [03:01<04:33,  6.67it/s]
 39%|ΓûêΓûêΓûêΓûë      | 1178/3000 [03:01<04:15,  7.13it/s]
 39%|ΓûêΓûêΓûêΓûë      | 1179/3000 [03:01<04:32,  6.68it/s]
 39%|ΓûêΓûêΓûêΓûë      | 1180/3000 [03:02<04:09,  7.30it/s]
 39%|ΓûêΓûêΓûêΓûë      | 1182/3000 [03:02<03:41,  8.20it/s]
 39%|ΓûêΓûêΓûêΓûë      | 1183/3000 [03:02<04:17,  7.06it/s]
 39%|ΓûêΓûêΓûêΓûë      | 1184/3000 [03:02<04:18,  7.02it/s]
 40%|ΓûêΓûêΓûêΓûë      | 1185/3000 [03:02<04:20,  6.95it/s]
 40%|ΓûêΓûêΓûêΓûë      | 1186/3000 [03:02<04:52,  6.21it/s]
 40%|ΓûêΓûêΓûêΓûë      | 1187/3000 [03:03<04:21,  6.93it/s]
 40%|ΓûêΓûêΓûêΓûë      | 1188/3000 [03:03<05:13,  5.77it/s]
 40%|ΓûêΓûêΓûêΓûë      | 1189/3000 [03:03<05:08,  5.86it/s]
 40%|ΓûêΓûêΓûêΓûë      | 1190/3000 [03:03<04:31,  6.66it/s]
 40%|ΓûêΓûêΓûêΓûë      | 1192/3000 [03:03<03:48,  7.92it/s]
 40%|ΓûêΓûêΓûêΓûë      | 1193/3000 [03:03<03:38,  8.29it/s]
 40%|ΓûêΓûêΓûêΓûë      | 1194/3000 [03:04<03:44,  8.04it/s]
 40%|ΓûêΓûêΓûêΓûë      | 1195/3000 [03:04<05:21,  5.62it/s]
 40%|ΓûêΓûêΓûêΓûë      | 1196/3000 [03:04<04:55,  6.11it/s]
 40%|ΓûêΓûêΓûêΓûë      | 1197/3000 [03:04<04:27,  6.74it/s]
 40%|ΓûêΓûêΓûêΓûë      | 1198/3000 [03:04<05:37,  5.34it/s]
 40%|ΓûêΓûêΓûêΓûë      | 1199/3000 [03:05<05:57,  5.04it/s]
 40%|ΓûêΓûêΓûêΓûê      | 1200/3000 [03:05<05:07,  5.85it/s]
 40%|ΓûêΓûêΓûêΓûê      | 1201/3000 [03:05<05:04,  5.91it/s]
 40%|ΓûêΓûêΓûêΓûê      | 1202/3000 [03:05<04:53,  6.12it/s]
 40%|ΓûêΓûêΓûêΓûê      | 1203/3000 [03:05<04:59,  6.00it/s]
 40%|ΓûêΓûêΓûêΓûê      | 1204/3000 [03:06<06:48,  4.40it/s]
 40%|ΓûêΓûêΓûêΓûê      | 1205/3000 [03:06<06:20,  4.72it/s]
 40%|ΓûêΓûêΓûêΓûê      | 1206/3000 [03:06<06:01,  4.96it/s]
 40%|ΓûêΓûêΓûêΓûê      | 1207/3000 [03:06<05:18,  5.64it/s]
 40%|ΓûêΓûêΓûêΓûê      | 1208/3000 [03:06<05:16,  5.67it/s]
 40%|ΓûêΓûêΓûêΓûê      | 1209/3000 [03:06<05:14,  5.69it/s]
 40%|ΓûêΓûêΓûêΓûê      | 1210/3000 [03:06<04:36,  6.47it/s]
 40%|ΓûêΓûêΓûêΓûê      | 1211/3000 [03:07<04:17,  6.95it/s]
 40%|ΓûêΓûêΓûêΓûê      | 1212/3000 [03:07<04:43,  6.31it/s]
 40%|ΓûêΓûêΓûêΓûê      | 1213/3000 [03:07<05:35,  5.32it/s]
 40%|ΓûêΓûêΓûêΓûê      | 1214/3000 [03:07<05:22,  5.54it/s]
 40%|ΓûêΓûêΓûêΓûê      | 1215/3000 [03:07<05:30,  5.39it/s]
 41%|ΓûêΓûêΓûêΓûê      | 1216/3000 [03:08<05:08,  5.77it/s]
 41%|ΓûêΓûêΓûêΓûê      | 1217/3000 [03:08<05:40,  5.23it/s]
 41%|ΓûêΓûêΓûêΓûê      | 1218/3000 [03:08<05:07,  5.80it/s]
 41%|ΓûêΓûêΓûêΓûê      | 1220/3000 [03:08<04:10,  7.11it/s]
 41%|ΓûêΓûêΓûêΓûê      | 1221/3000 [03:08<03:54,  7.58it/s]
 41%|ΓûêΓûêΓûêΓûê      | 1223/3000 [03:09<04:04,  7.26it/s]
 41%|ΓûêΓûêΓûêΓûê      | 1224/3000 [03:09<04:34,  6.48it/s]
 41%|ΓûêΓûêΓûêΓûê      | 1226/3000 [03:09<04:02,  7.30it/s]
 41%|ΓûêΓûêΓûêΓûê      | 1227/3000 [03:09<03:51,  7.67it/s]
 41%|ΓûêΓûêΓûêΓûê      | 1231/3000 [03:09<02:42, 10.88it/s]
 41%|ΓûêΓûêΓûêΓûê      | 1233/3000 [03:10<03:16,  8.99it/s]
 41%|ΓûêΓûêΓûêΓûê      | 1234/3000 [03:10<03:14,  9.07it/s]
 41%|ΓûêΓûêΓûêΓûê      | 1235/3000 [03:10<03:13,  9.11it/s]
 41%|ΓûêΓûêΓûêΓûê      | 1236/3000 [03:10<03:31,  8.33it/s]
 41%|ΓûêΓûêΓûêΓûê      | 1237/3000 [03:10<03:26,  8.53it/s]
 41%|ΓûêΓûêΓûêΓûêΓûÅ     | 1238/3000 [03:10<03:53,  7.54it/s]
 41%|ΓûêΓûêΓûêΓûêΓûÅ     | 1239/3000 [03:10<03:45,  7.80it/s]
 41%|ΓûêΓûêΓûêΓûêΓûÅ     | 1240/3000 [03:11<04:37,  6.35it/s]
 41%|ΓûêΓûêΓûêΓûêΓûÅ     | 1241/3000 [03:11<04:13,  6.94it/s]
 41%|ΓûêΓûêΓûêΓûêΓûÅ     | 1242/3000 [03:11<04:21,  6.73it/s]
 41%|ΓûêΓûêΓûêΓûêΓûÅ     | 1243/3000 [03:11<05:02,  5.80it/s]
 41%|ΓûêΓûêΓûêΓûêΓûÅ     | 1244/3000 [03:11<05:16,  5.55it/s]
 42%|ΓûêΓûêΓûêΓûêΓûÅ     | 1246/3000 [03:11<03:43,  7.84it/s]
 42%|ΓûêΓûêΓûêΓûêΓûÅ     | 1247/3000 [03:12<04:05,  7.14it/s]
 42%|ΓûêΓûêΓûêΓûêΓûÅ     | 1248/3000 [03:12<04:25,  6.59it/s]
 42%|ΓûêΓûêΓûêΓûêΓûÅ     | 1249/3000 [03:12<04:54,  5.95it/s]
 42%|ΓûêΓûêΓûêΓûêΓûÅ     | 1250/3000 [03:12<06:10,  4.73it/s]
 42%|ΓûêΓûêΓûêΓûêΓûÅ     | 1251/3000 [03:13<05:49,  5.00it/s]
 42%|ΓûêΓûêΓûêΓûêΓûÅ     | 1253/3000 [03:13<04:34,  6.37it/s]
 42%|ΓûêΓûêΓûêΓûêΓûÅ     | 1254/3000 [03:13<04:22,  6.66it/s]
 42%|ΓûêΓûêΓûêΓûêΓûÅ     | 1255/3000 [03:13<03:59,  7.28it/s]
 42%|ΓûêΓûêΓûêΓûêΓûÅ     | 1256/3000 [03:13<04:02,  7.20it/s]
 42%|ΓûêΓûêΓûêΓûêΓûÅ     | 1257/3000 [03:13<04:25,  6.57it/s]
 42%|ΓûêΓûêΓûêΓûêΓûÅ     | 1258/3000 [03:13<04:31,  6.42it/s]
 42%|ΓûêΓûêΓûêΓûêΓûÅ     | 1259/3000 [03:14<04:49,  6.01it/s]
 42%|ΓûêΓûêΓûêΓûêΓûÅ     | 1260/3000 [03:14<04:36,  6.30it/s]
 42%|ΓûêΓûêΓûêΓûêΓûÅ     | 1261/3000 [03:14<04:27,  6.49it/s]
 42%|ΓûêΓûêΓûêΓûêΓûÅ     | 1262/3000 [03:14<04:25,  6.56it/s]
 42%|ΓûêΓûêΓûêΓûêΓûÅ     | 1264/3000 [03:14<04:19,  6.68it/s]
 42%|ΓûêΓûêΓûêΓûêΓûÅ     | 1265/3000 [03:15<04:43,  6.13it/s]
 42%|ΓûêΓûêΓûêΓûêΓûÅ     | 1266/3000 [03:15<04:20,  6.67it/s]
 42%|ΓûêΓûêΓûêΓûêΓûÅ     | 1267/3000 [03:15<04:01,  7.18it/s]
 42%|ΓûêΓûêΓûêΓûêΓûÅ     | 1268/3000 [03:15<03:44,  7.72it/s]
 42%|ΓûêΓûêΓûêΓûêΓûÅ     | 1269/3000 [03:15<03:31,  8.17it/s]
 42%|ΓûêΓûêΓûêΓûêΓûÅ     | 1271/3000 [03:15<03:27,  8.35it/s]
 42%|ΓûêΓûêΓûêΓûêΓûÅ     | 1272/3000 [03:15<03:28,  8.27it/s]
 42%|ΓûêΓûêΓûêΓûêΓûÅ     | 1273/3000 [03:16<04:23,  6.55it/s]
 42%|ΓûêΓûêΓûêΓûêΓûÅ     | 1274/3000 [03:16<04:03,  7.10it/s]
 42%|ΓûêΓûêΓûêΓûêΓûÄ     | 1275/3000 [03:16<03:46,  7.60it/s]
 43%|ΓûêΓûêΓûêΓûêΓûÄ     | 1277/3000 [03:16<03:17,  8.73it/s]
 43%|ΓûêΓûêΓûêΓûêΓûÄ     | 1278/3000 [03:16<03:27,  8.28it/s]
 43%|ΓûêΓûêΓûêΓûêΓûÄ     | 1279/3000 [03:16<03:31,  8.12it/s]
 43%|ΓûêΓûêΓûêΓûêΓûÄ     | 1280/3000 [03:16<03:30,  8.16it/s]
 43%|ΓûêΓûêΓûêΓûêΓûÄ     | 1281/3000 [03:17<04:04,  7.02it/s]
 43%|ΓûêΓûêΓûêΓûêΓûÄ     | 1282/3000 [03:17<04:20,  6.61it/s]
 43%|ΓûêΓûêΓûêΓûêΓûÄ     | 1284/3000 [03:17<03:45,  7.61it/s]
 43%|ΓûêΓûêΓûêΓûêΓûÄ     | 1285/3000 [03:17<03:48,  7.51it/s]
 43%|ΓûêΓûêΓûêΓûêΓûÄ     | 1286/3000 [03:17<03:59,  7.17it/s]
 43%|ΓûêΓûêΓûêΓûêΓûÄ     | 1287/3000 [03:17<04:02,  7.06it/s]
 43%|ΓûêΓûêΓûêΓûêΓûÄ     | 1288/3000 [03:18<04:40,  6.10it/s]
 43%|ΓûêΓûêΓûêΓûêΓûÄ     | 1289/3000 [03:18<04:13,  6.75it/s]
 43%|ΓûêΓûêΓûêΓûêΓûÄ     | 1290/3000 [03:18<04:12,  6.78it/s]
 43%|ΓûêΓûêΓûêΓûêΓûÄ     | 1291/3000 [03:18<03:55,  7.26it/s]
 43%|ΓûêΓûêΓûêΓûêΓûÄ     | 1292/3000 [03:18<04:04,  6.98it/s]
 43%|ΓûêΓûêΓûêΓûêΓûÄ     | 1295/3000 [03:18<03:03,  9.31it/s]
 43%|ΓûêΓûêΓûêΓûêΓûÄ     | 1296/3000 [03:19<03:40,  7.72it/s]
 43%|ΓûêΓûêΓûêΓûêΓûÄ     | 1297/3000 [03:19<03:47,  7.49it/s]
 43%|ΓûêΓûêΓûêΓûêΓûÄ     | 1299/3000 [03:19<03:18,  8.56it/s]
 43%|ΓûêΓûêΓûêΓûêΓûÄ     | 1301/3000 [03:19<03:08,  9.01it/s]
 43%|ΓûêΓûêΓûêΓûêΓûÄ     | 1302/3000 [03:19<03:30,  8.08it/s]
 43%|ΓûêΓûêΓûêΓûêΓûÄ     | 1304/3000 [03:19<02:51,  9.87it/s]
 44%|ΓûêΓûêΓûêΓûêΓûÄ     | 1306/3000 [03:20<05:43,  4.93it/s]
 44%|ΓûêΓûêΓûêΓûêΓûÄ     | 1307/3000 [03:21<06:13,  4.53it/s]
 44%|ΓûêΓûêΓûêΓûêΓûÄ     | 1309/3000 [03:21<05:01,  5.62it/s]
 44%|ΓûêΓûêΓûêΓûêΓûÄ     | 1310/3000 [03:21<05:04,  5.54it/s]
 44%|ΓûêΓûêΓûêΓûêΓûÄ     | 1311/3000 [03:21<04:56,  5.69it/s]
 44%|ΓûêΓûêΓûêΓûêΓûÄ     | 1312/3000 [03:21<04:45,  5.91it/s]
 44%|ΓûêΓûêΓûêΓûêΓûì     | 1314/3000 [03:22<04:48,  5.85it/s]
 44%|ΓûêΓûêΓûêΓûêΓûì     | 1316/3000 [03:22<03:52,  7.25it/s]
 44%|ΓûêΓûêΓûêΓûêΓûì     | 1317/3000 [03:22<04:00,  6.99it/s]
 44%|ΓûêΓûêΓûêΓûêΓûì     | 1318/3000 [03:22<03:51,  7.27it/s]
 44%|ΓûêΓûêΓûêΓûêΓûì     | 1319/3000 [03:22<04:14,  6.60it/s]
 44%|ΓûêΓûêΓûêΓûêΓûì     | 1320/3000 [03:22<04:17,  6.52it/s]
 44%|ΓûêΓûêΓûêΓûêΓûì     | 1321/3000 [03:23<04:50,  5.78it/s]
 44%|ΓûêΓûêΓûêΓûêΓûì     | 1322/3000 [03:23<04:19,  6.46it/s]
 44%|ΓûêΓûêΓûêΓûêΓûì     | 1323/3000 [03:23<04:26,  6.30it/s]
 44%|ΓûêΓûêΓûêΓûêΓûì     | 1324/3000 [03:23<04:08,  6.75it/s]
 44%|ΓûêΓûêΓûêΓûêΓûì     | 1326/3000 [03:23<03:28,  8.02it/s]
 44%|ΓûêΓûêΓûêΓûêΓûì     | 1327/3000 [03:23<03:51,  7.22it/s]
 44%|ΓûêΓûêΓûêΓûêΓûì     | 1328/3000 [03:24<03:44,  7.46it/s]
 44%|ΓûêΓûêΓûêΓûêΓûì     | 1330/3000 [03:24<03:13,  8.62it/s]
 44%|ΓûêΓûêΓûêΓûêΓûì     | 1331/3000 [03:24<03:10,  8.76it/s]
 44%|ΓûêΓûêΓûêΓûêΓûì     | 1332/3000 [03:24<03:35,  7.74it/s]
 44%|ΓûêΓûêΓûêΓûêΓûì     | 1334/3000 [03:24<03:27,  8.03it/s]
 44%|ΓûêΓûêΓûêΓûêΓûì     | 1335/3000 [03:24<03:39,  7.60it/s]
 45%|ΓûêΓûêΓûêΓûêΓûì     | 1336/3000 [03:24<03:35,  7.71it/s]
 45%|ΓûêΓûêΓûêΓûêΓûì     | 1337/3000 [03:25<03:25,  8.07it/s]
 45%|ΓûêΓûêΓûêΓûêΓûì     | 1338/3000 [03:25<03:39,  7.57it/s]
 45%|ΓûêΓûêΓûêΓûêΓûì     | 1339/3000 [03:25<03:58,  6.98it/s]
 45%|ΓûêΓûêΓûêΓûêΓûì     | 1341/3000 [03:25<04:23,  6.29it/s]
 45%|ΓûêΓûêΓûêΓûêΓûì     | 1343/3000 [03:26<04:11,  6.60it/s]
 45%|ΓûêΓûêΓûêΓûêΓûì     | 1344/3000 [03:26<04:12,  6.56it/s]
 45%|ΓûêΓûêΓûêΓûêΓûì     | 1346/3000 [03:26<03:34,  7.72it/s]
 45%|ΓûêΓûêΓûêΓûêΓûì     | 1347/3000 [03:26<03:44,  7.36it/s]
 45%|ΓûêΓûêΓûêΓûêΓûì     | 1348/3000 [03:26<03:33,  7.75it/s]
 45%|ΓûêΓûêΓûêΓûêΓûì     | 1349/3000 [03:26<03:25,  8.02it/s]
 45%|ΓûêΓûêΓûêΓûêΓûî     | 1350/3000 [03:26<04:02,  6.80it/s]
 45%|ΓûêΓûêΓûêΓûêΓûî     | 1351/3000 [03:27<04:18,  6.39it/s]
 45%|ΓûêΓûêΓûêΓûêΓûî     | 1352/3000 [03:27<04:06,  6.69it/s]
 45%|ΓûêΓûêΓûêΓûêΓûî     | 1353/3000 [03:27<04:30,  6.09it/s]
 45%|ΓûêΓûêΓûêΓûêΓûî     | 1354/3000 [03:27<04:20,  6.33it/s]
 45%|ΓûêΓûêΓûêΓûêΓûî     | 1355/3000 [03:27<04:55,  5.58it/s]
 45%|ΓûêΓûêΓûêΓûêΓûî     | 1357/3000 [03:28<04:20,  6.32it/s]
 45%|ΓûêΓûêΓûêΓûêΓûî     | 1358/3000 [03:28<04:12,  6.50it/s]
 45%|ΓûêΓûêΓûêΓûêΓûî     | 1359/3000 [03:28<04:15,  6.43it/s]
 45%|ΓûêΓûêΓûêΓûêΓûî     | 1360/3000 [03:28<04:06,  6.66it/s]
 45%|ΓûêΓûêΓûêΓûêΓûî     | 1361/3000 [03:28<05:02,  5.42it/s]
 45%|ΓûêΓûêΓûêΓûêΓûî     | 1363/3000 [03:28<03:26,  7.93it/s]
 45%|ΓûêΓûêΓûêΓûêΓûî     | 1364/3000 [03:29<03:32,  7.70it/s]
 46%|ΓûêΓûêΓûêΓûêΓûî     | 1365/3000 [03:29<03:45,  7.25it/s]
 46%|ΓûêΓûêΓûêΓûêΓûî     | 1366/3000 [03:29<04:00,  6.81it/s]
 46%|ΓûêΓûêΓûêΓûêΓûî     | 1367/3000 [03:29<03:45,  7.25it/s]
 46%|ΓûêΓûêΓûêΓûêΓûî     | 1369/3000 [03:29<03:30,  7.75it/s]
 46%|ΓûêΓûêΓûêΓûêΓûî     | 1370/3000 [03:29<03:47,  7.16it/s]
 46%|ΓûêΓûêΓûêΓûêΓûî     | 1371/3000 [03:30<04:16,  6.34it/s]
 46%|ΓûêΓûêΓûêΓûêΓûî     | 1373/3000 [03:30<03:44,  7.23it/s]
 46%|ΓûêΓûêΓûêΓûêΓûî     | 1374/3000 [03:30<03:54,  6.94it/s]
 46%|ΓûêΓûêΓûêΓûêΓûî     | 1375/3000 [03:30<03:52,  6.98it/s]
 46%|ΓûêΓûêΓûêΓûêΓûî     | 1376/3000 [03:30<03:39,  7.40it/s]
 46%|ΓûêΓûêΓûêΓûêΓûî     | 1378/3000 [03:31<03:12,  8.43it/s]
 46%|ΓûêΓûêΓûêΓûêΓûî     | 1379/3000 [03:31<04:18,  6.26it/s]
 46%|ΓûêΓûêΓûêΓûêΓûî     | 1381/3000 [03:31<03:33,  7.60it/s]
 46%|ΓûêΓûêΓûêΓûêΓûî     | 1382/3000 [03:31<03:24,  7.92it/s]
 46%|ΓûêΓûêΓûêΓûêΓûî     | 1383/3000 [03:31<03:18,  8.14it/s]
 46%|ΓûêΓûêΓûêΓûêΓûî     | 1385/3000 [03:31<03:27,  7.78it/s]
 46%|ΓûêΓûêΓûêΓûêΓûî     | 1387/3000 [03:32<02:52,  9.34it/s]
 46%|ΓûêΓûêΓûêΓûêΓûï     | 1389/3000 [03:32<03:34,  7.51it/s]
 46%|ΓûêΓûêΓûêΓûêΓûï     | 1391/3000 [03:32<03:24,  7.88it/s]
 46%|ΓûêΓûêΓûêΓûêΓûï     | 1393/3000 [03:33<04:12,  6.37it/s]
 46%|ΓûêΓûêΓûêΓûêΓûï     | 1394/3000 [03:33<04:17,  6.24it/s]
 46%|ΓûêΓûêΓûêΓûêΓûï     | 1395/3000 [03:33<04:01,  6.64it/s]
 47%|ΓûêΓûêΓûêΓûêΓûï     | 1397/3000 [03:33<03:44,  7.13it/s]
 47%|ΓûêΓûêΓûêΓûêΓûï     | 1398/3000 [03:33<03:52,  6.88it/s]
 47%|ΓûêΓûêΓûêΓûêΓûï     | 1399/3000 [03:34<04:12,  6.34it/s]
 47%|ΓûêΓûêΓûêΓûêΓûï     | 1400/3000 [03:34<04:30,  5.92it/s]
 47%|ΓûêΓûêΓûêΓûêΓûï     | 1401/3000 [03:34<04:54,  5.43it/s]
 47%|ΓûêΓûêΓûêΓûêΓûï     | 1402/3000 [03:34<04:49,  5.52it/s]
 47%|ΓûêΓûêΓûêΓûêΓûï     | 1404/3000 [03:35<05:00,  5.31it/s]
 47%|ΓûêΓûêΓûêΓûêΓûï     | 1407/3000 [03:35<03:27,  7.69it/s]
 47%|ΓûêΓûêΓûêΓûêΓûï     | 1408/3000 [03:35<03:19,  8.00it/s]
 47%|ΓûêΓûêΓûêΓûêΓûï     | 1409/3000 [03:35<03:12,  8.25it/s]
 47%|ΓûêΓûêΓûêΓûêΓûï     | 1410/3000 [03:35<03:08,  8.42it/s]
 47%|ΓûêΓûêΓûêΓûêΓûï     | 1411/3000 [03:35<03:14,  8.16it/s]
 47%|ΓûêΓûêΓûêΓûêΓûï     | 1413/3000 [03:35<03:03,  8.65it/s]
 47%|ΓûêΓûêΓûêΓûêΓûï     | 1415/3000 [03:36<03:06,  8.49it/s]
 47%|ΓûêΓûêΓûêΓûêΓûï     | 1417/3000 [03:36<03:23,  7.76it/s]
 47%|ΓûêΓûêΓûêΓûêΓûï     | 1418/3000 [03:36<03:30,  7.52it/s]
 47%|ΓûêΓûêΓûêΓûêΓûï     | 1419/3000 [03:36<03:29,  7.54it/s]
 47%|ΓûêΓûêΓûêΓûêΓûï     | 1420/3000 [03:36<03:45,  7.02it/s]
 47%|ΓûêΓûêΓûêΓûêΓûï     | 1421/3000 [03:37<03:40,  7.15it/s]
 47%|ΓûêΓûêΓûêΓûêΓûï     | 1422/3000 [03:37<03:53,  6.76it/s]
 47%|ΓûêΓûêΓûêΓûêΓûï     | 1423/3000 [03:37<04:18,  6.10it/s]
 47%|ΓûêΓûêΓûêΓûêΓûï     | 1424/3000 [03:37<04:32,  5.77it/s]
 48%|ΓûêΓûêΓûêΓûêΓûè     | 1425/3000 [03:37<04:49,  5.45it/s]
 48%|ΓûêΓûêΓûêΓûêΓûè     | 1426/3000 [03:37<04:13,  6.22it/s]
 48%|ΓûêΓûêΓûêΓûêΓûè     | 1427/3000 [03:38<03:48,  6.89it/s]
 48%|ΓûêΓûêΓûêΓûêΓûè     | 1428/3000 [03:38<03:50,  6.83it/s]
 48%|ΓûêΓûêΓûêΓûêΓûè     | 1429/3000 [03:38<03:37,  7.23it/s]
 48%|ΓûêΓûêΓûêΓûêΓûè     | 1430/3000 [03:38<04:08,  6.32it/s]
 48%|ΓûêΓûêΓûêΓûêΓûè     | 1432/3000 [03:38<03:38,  7.16it/s]
 48%|ΓûêΓûêΓûêΓûêΓûè     | 1433/3000 [03:38<03:51,  6.77it/s]
 48%|ΓûêΓûêΓûêΓûêΓûè     | 1434/3000 [03:39<03:33,  7.33it/s]
 48%|ΓûêΓûêΓûêΓûêΓûè     | 1435/3000 [03:39<03:50,  6.79it/s]
 48%|ΓûêΓûêΓûêΓûêΓûè     | 1436/3000 [03:39<03:37,  7.18it/s]
 48%|ΓûêΓûêΓûêΓûêΓûè     | 1437/3000 [03:39<03:48,  6.85it/s]
 48%|ΓûêΓûêΓûêΓûêΓûè     | 1439/3000 [03:39<03:23,  7.67it/s]
 48%|ΓûêΓûêΓûêΓûêΓûè     | 1440/3000 [03:39<03:21,  7.76it/s]
 48%|ΓûêΓûêΓûêΓûêΓûè     | 1441/3000 [03:40<05:24,  4.81it/s]
 48%|ΓûêΓûêΓûêΓûêΓûè     | 1442/3000 [03:40<07:13,  3.59it/s]
 48%|ΓûêΓûêΓûêΓûêΓûè     | 1443/3000 [03:40<06:09,  4.22it/s]
 48%|ΓûêΓûêΓûêΓûêΓûè     | 1444/3000 [03:40<05:23,  4.80it/s]
 48%|ΓûêΓûêΓûêΓûêΓûè     | 1445/3000 [03:41<04:55,  5.27it/s]
 48%|ΓûêΓûêΓûêΓûêΓûè     | 1447/3000 [03:41<03:44,  6.92it/s]
 48%|ΓûêΓûêΓûêΓûêΓûè     | 1448/3000 [03:41<03:38,  7.10it/s]
 48%|ΓûêΓûêΓûêΓûêΓûè     | 1449/3000 [03:41<03:36,  7.18it/s]
 48%|ΓûêΓûêΓûêΓûêΓûè     | 1450/3000 [03:41<05:23,  4.79it/s]
 48%|ΓûêΓûêΓûêΓûêΓûè     | 1451/3000 [03:42<04:38,  5.57it/s]
 48%|ΓûêΓûêΓûêΓûêΓûè     | 1452/3000 [03:42<04:13,  6.11it/s]
 48%|ΓûêΓûêΓûêΓûêΓûè     | 1454/3000 [03:42<03:22,  7.62it/s]
 48%|ΓûêΓûêΓûêΓûêΓûè     | 1455/3000 [03:42<03:48,  6.76it/s]
 49%|ΓûêΓûêΓûêΓûêΓûè     | 1456/3000 [03:42<04:14,  6.07it/s]
 49%|ΓûêΓûêΓûêΓûêΓûè     | 1457/3000 [03:42<03:48,  6.77it/s]
 49%|ΓûêΓûêΓûêΓûêΓûè     | 1458/3000 [03:43<03:29,  7.37it/s]
 49%|ΓûêΓûêΓûêΓûêΓûè     | 1460/3000 [03:43<03:07,  8.20it/s]
 49%|ΓûêΓûêΓûêΓûêΓûë     | 1463/3000 [03:43<02:28, 10.37it/s]
 49%|ΓûêΓûêΓûêΓûêΓûë     | 1465/3000 [03:43<02:46,  9.21it/s]
 49%|ΓûêΓûêΓûêΓûêΓûë     | 1466/3000 [03:43<03:02,  8.40it/s]
 49%|ΓûêΓûêΓûêΓûêΓûë     | 1467/3000 [03:43<03:02,  8.41it/s]
 49%|ΓûêΓûêΓûêΓûêΓûë     | 1469/3000 [03:44<03:11,  7.99it/s]
 49%|ΓûêΓûêΓûêΓûêΓûë     | 1470/3000 [03:44<03:16,  7.79it/s]
 49%|ΓûêΓûêΓûêΓûêΓûë     | 1471/3000 [03:44<05:01,  5.06it/s]
 49%|ΓûêΓûêΓûêΓûêΓûë     | 1473/3000 [03:45<04:03,  6.28it/s]
 49%|ΓûêΓûêΓûêΓûêΓûë     | 1475/3000 [03:45<03:38,  6.97it/s]
 49%|ΓûêΓûêΓûêΓûêΓûë     | 1476/3000 [03:45<03:45,  6.77it/s]
 49%|ΓûêΓûêΓûêΓûêΓûë     | 1477/3000 [03:45<03:49,  6.62it/s]
 49%|ΓûêΓûêΓûêΓûêΓûë     | 1478/3000 [03:45<03:47,  6.68it/s]
 49%|ΓûêΓûêΓûêΓûêΓûë     | 1479/3000 [03:45<04:06,  6.18it/s]
 49%|ΓûêΓûêΓûêΓûêΓûë     | 1480/3000 [03:46<03:45,  6.75it/s]
 49%|ΓûêΓûêΓûêΓûêΓûë     | 1481/3000 [03:46<03:31,  7.19it/s]
 49%|ΓûêΓûêΓûêΓûêΓûë     | 1483/3000 [03:46<03:19,  7.61it/s]
 50%|ΓûêΓûêΓûêΓûêΓûë     | 1485/3000 [03:46<02:58,  8.51it/s]
 50%|ΓûêΓûêΓûêΓûêΓûë     | 1486/3000 [03:46<03:20,  7.56it/s]
 50%|ΓûêΓûêΓûêΓûêΓûë     | 1487/3000 [03:47<04:11,  6.02it/s]
 50%|ΓûêΓûêΓûêΓûêΓûë     | 1488/3000 [03:47<04:09,  6.05it/s]
 50%|ΓûêΓûêΓûêΓûêΓûë     | 1489/3000 [03:47<04:17,  5.86it/s]
 50%|ΓûêΓûêΓûêΓûêΓûë     | 1490/3000 [03:47<04:15,  5.91it/s]
 50%|ΓûêΓûêΓûêΓûêΓûë     | 1491/3000 [03:47<04:19,  5.81it/s]
 50%|ΓûêΓûêΓûêΓûêΓûë     | 1492/3000 [03:48<06:44,  3.73it/s]
 50%|ΓûêΓûêΓûêΓûêΓûë     | 1493/3000 [03:48<05:52,  4.27it/s]
 50%|ΓûêΓûêΓûêΓûêΓûë     | 1494/3000 [03:48<06:28,  3.87it/s]
 50%|ΓûêΓûêΓûêΓûêΓûë     | 1495/3000 [03:48<06:01,  4.16it/s]
 50%|ΓûêΓûêΓûêΓûêΓûë     | 1496/3000 [03:49<06:16,  4.00it/s]
 50%|ΓûêΓûêΓûêΓûêΓûë     | 1497/3000 [03:49<06:31,  3.84it/s]
 50%|ΓûêΓûêΓûêΓûêΓûë     | 1498/3000 [03:49<05:48,  4.31it/s]
 50%|ΓûêΓûêΓûêΓûêΓûë     | 1499/3000 [03:49<04:56,  5.06it/s]
 50%|ΓûêΓûêΓûêΓûêΓûê     | 1500/3000 [03:49<04:53,  5.10it/s]
 50%|ΓûêΓûêΓûêΓûêΓûê     | 1502/3000 [03:50<03:17,  7.57it/s]
 50%|ΓûêΓûêΓûêΓûêΓûê     | 1503/3000 [03:50<04:10,  5.98it/s]
 50%|ΓûêΓûêΓûêΓûêΓûê     | 1504/3000 [03:50<04:48,  5.19it/s]
 50%|ΓûêΓûêΓûêΓûêΓûê     | 1505/3000 [03:50<04:51,  5.13it/s]
 50%|ΓûêΓûêΓûêΓûêΓûê     | 1506/3000 [03:51<05:59,  4.16it/s]
 50%|ΓûêΓûêΓûêΓûêΓûê     | 1507/3000 [03:51<05:30,  4.52it/s]
 50%|ΓûêΓûêΓûêΓûêΓûê     | 1508/3000 [03:51<05:54,  4.21it/s]
 50%|ΓûêΓûêΓûêΓûêΓûê     | 1509/3000 [03:51<05:54,  4.20it/s]
 50%|ΓûêΓûêΓûêΓûêΓûê     | 1510/3000 [03:52<05:36,  4.43it/s]
 50%|ΓûêΓûêΓûêΓûêΓûê     | 1511/3000 [03:52<05:38,  4.40it/s]
 50%|ΓûêΓûêΓûêΓûêΓûê     | 1512/3000 [03:52<05:38,  4.40it/s]
 50%|ΓûêΓûêΓûêΓûêΓûê     | 1514/3000 [03:52<03:51,  6.43it/s]
 50%|ΓûêΓûêΓûêΓûêΓûê     | 1515/3000 [03:52<04:01,  6.15it/s]
 51%|ΓûêΓûêΓûêΓûêΓûê     | 1516/3000 [03:52<03:39,  6.75it/s]
 51%|ΓûêΓûêΓûêΓûêΓûê     | 1517/3000 [03:53<04:17,  5.76it/s]
 51%|ΓûêΓûêΓûêΓûêΓûê     | 1518/3000 [03:53<04:10,  5.93it/s]
 51%|ΓûêΓûêΓûêΓûêΓûê     | 1519/3000 [03:53<03:53,  6.33it/s]
 51%|ΓûêΓûêΓûêΓûêΓûê     | 1520/3000 [03:53<04:11,  5.88it/s]
 51%|ΓûêΓûêΓûêΓûêΓûê     | 1521/3000 [03:53<03:45,  6.56it/s]
 51%|ΓûêΓûêΓûêΓûêΓûê     | 1522/3000 [03:53<03:39,  6.72it/s]
 51%|ΓûêΓûêΓûêΓûêΓûê     | 1523/3000 [03:54<03:42,  6.63it/s]
 51%|ΓûêΓûêΓûêΓûêΓûê     | 1524/3000 [03:54<04:09,  5.91it/s]
 51%|ΓûêΓûêΓûêΓûêΓûê     | 1525/3000 [03:54<03:51,  6.37it/s]
 51%|ΓûêΓûêΓûêΓûêΓûê     | 1526/3000 [03:54<04:20,  5.66it/s]
 51%|ΓûêΓûêΓûêΓûêΓûê     | 1527/3000 [03:54<03:53,  6.31it/s]
 51%|ΓûêΓûêΓûêΓûêΓûê     | 1528/3000 [03:54<04:00,  6.11it/s]
 51%|ΓûêΓûêΓûêΓûêΓûê     | 1529/3000 [03:55<03:59,  6.13it/s]
 51%|ΓûêΓûêΓûêΓûêΓûê     | 1530/3000 [03:55<03:45,  6.51it/s]
 51%|ΓûêΓûêΓûêΓûêΓûê     | 1532/3000 [03:55<03:11,  7.66it/s]
 51%|ΓûêΓûêΓûêΓûêΓûê     | 1533/3000 [03:55<03:24,  7.17it/s]
 51%|ΓûêΓûêΓûêΓûêΓûê     | 1534/3000 [03:55<03:23,  7.21it/s]
 51%|ΓûêΓûêΓûêΓûêΓûê     | 1535/3000 [03:55<03:19,  7.36it/s]
 51%|ΓûêΓûêΓûêΓûêΓûê     | 1536/3000 [03:56<03:25,  7.13it/s]
 51%|ΓûêΓûêΓûêΓûêΓûêΓûÅ    | 1538/3000 [03:56<03:17,  7.41it/s]
 51%|ΓûêΓûêΓûêΓûêΓûêΓûÅ    | 1539/3000 [03:56<03:46,  6.45it/s]
 51%|ΓûêΓûêΓûêΓûêΓûêΓûÅ    | 1540/3000 [03:56<03:35,  6.77it/s]
 51%|ΓûêΓûêΓûêΓûêΓûêΓûÅ    | 1542/3000 [03:56<02:51,  8.51it/s]
 51%|ΓûêΓûêΓûêΓûêΓûêΓûÅ    | 1543/3000 [03:56<02:47,  8.68it/s]
 51%|ΓûêΓûêΓûêΓûêΓûêΓûÅ    | 1544/3000 [03:57<03:04,  7.90it/s]
 52%|ΓûêΓûêΓûêΓûêΓûêΓûÅ    | 1546/3000 [03:57<02:18, 10.54it/s]
 52%|ΓûêΓûêΓûêΓûêΓûêΓûÅ    | 1548/3000 [03:57<03:54,  6.18it/s]
 52%|ΓûêΓûêΓûêΓûêΓûêΓûÅ    | 1549/3000 [03:57<04:04,  5.93it/s]
 52%|ΓûêΓûêΓûêΓûêΓûêΓûÅ    | 1550/3000 [03:58<04:15,  5.68it/s]
 52%|ΓûêΓûêΓûêΓûêΓûêΓûÅ    | 1551/3000 [03:58<04:10,  5.78it/s]
 52%|ΓûêΓûêΓûêΓûêΓûêΓûÅ    | 1552/3000 [03:58<03:59,  6.04it/s]
 52%|ΓûêΓûêΓûêΓûêΓûêΓûÅ    | 1554/3000 [03:58<03:30,  6.86it/s]
 52%|ΓûêΓûêΓûêΓûêΓûêΓûÅ    | 1555/3000 [03:58<03:58,  6.05it/s]
 52%|ΓûêΓûêΓûêΓûêΓûêΓûÅ    | 1556/3000 [03:58<03:37,  6.63it/s]
 52%|ΓûêΓûêΓûêΓûêΓûêΓûÅ    | 1558/3000 [03:59<03:33,  6.77it/s]
 52%|ΓûêΓûêΓûêΓûêΓûêΓûÅ    | 1559/3000 [03:59<03:17,  7.30it/s]
 52%|ΓûêΓûêΓûêΓûêΓûêΓûÅ    | 1561/3000 [03:59<03:08,  7.62it/s]
 52%|ΓûêΓûêΓûêΓûêΓûêΓûÅ    | 1562/3000 [03:59<03:08,  7.64it/s]
 52%|ΓûêΓûêΓûêΓûêΓûêΓûÅ    | 1563/3000 [03:59<03:26,  6.97it/s]
 52%|ΓûêΓûêΓûêΓûêΓûêΓûÅ    | 1564/3000 [04:00<03:27,  6.92it/s]
 52%|ΓûêΓûêΓûêΓûêΓûêΓûÅ    | 1565/3000 [04:00<03:16,  7.31it/s]
 52%|ΓûêΓûêΓûêΓûêΓûêΓûÅ    | 1566/3000 [04:00<03:28,  6.86it/s]
 52%|ΓûêΓûêΓûêΓûêΓûêΓûÅ    | 1567/3000 [04:00<03:35,  6.64it/s]
 52%|ΓûêΓûêΓûêΓûêΓûêΓûÅ    | 1568/3000 [04:00<04:11,  5.69it/s]
 52%|ΓûêΓûêΓûêΓûêΓûêΓûÅ    | 1569/3000 [04:01<05:12,  4.58it/s]
 52%|ΓûêΓûêΓûêΓûêΓûêΓûÅ    | 1570/3000 [04:01<04:35,  5.18it/s]
 52%|ΓûêΓûêΓûêΓûêΓûêΓûÅ    | 1571/3000 [04:01<04:47,  4.98it/s]
 52%|ΓûêΓûêΓûêΓûêΓûêΓûÅ    | 1572/3000 [04:01<04:28,  5.31it/s]
 52%|ΓûêΓûêΓûêΓûêΓûêΓûÅ    | 1573/3000 [04:01<04:24,  5.39it/s]
 52%|ΓûêΓûêΓûêΓûêΓûêΓûÅ    | 1574/3000 [04:01<04:09,  5.72it/s]
 52%|ΓûêΓûêΓûêΓûêΓûêΓûÄ    | 1575/3000 [04:02<03:45,  6.31it/s]
 53%|ΓûêΓûêΓûêΓûêΓûêΓûÄ    | 1576/3000 [04:02<03:41,  6.42it/s]
 53%|ΓûêΓûêΓûêΓûêΓûêΓûÄ    | 1577/3000 [04:02<03:38,  6.52it/s]
 53%|ΓûêΓûêΓûêΓûêΓûêΓûÄ    | 1579/3000 [04:02<03:19,  7.12it/s]
 53%|ΓûêΓûêΓûêΓûêΓûêΓûÄ    | 1580/3000 [04:02<03:29,  6.77it/s]
 53%|ΓûêΓûêΓûêΓûêΓûêΓûÄ    | 1581/3000 [04:02<03:14,  7.30it/s]
 53%|ΓûêΓûêΓûêΓûêΓûêΓûÄ    | 1582/3000 [04:03<03:25,  6.91it/s]
 53%|ΓûêΓûêΓûêΓûêΓûêΓûÄ    | 1583/3000 [04:03<03:35,  6.56it/s]
 53%|ΓûêΓûêΓûêΓûêΓûêΓûÄ    | 1584/3000 [04:03<03:39,  6.44it/s]
 53%|ΓûêΓûêΓûêΓûêΓûêΓûÄ    | 1585/3000 [04:03<03:19,  7.10it/s]
 53%|ΓûêΓûêΓûêΓûêΓûêΓûÄ    | 1586/3000 [04:03<03:39,  6.45it/s]
 53%|ΓûêΓûêΓûêΓûêΓûêΓûÄ    | 1587/3000 [04:03<04:16,  5.51it/s]
 53%|ΓûêΓûêΓûêΓûêΓûêΓûÄ    | 1588/3000 [04:04<04:03,  5.80it/s]
 53%|ΓûêΓûêΓûêΓûêΓûêΓûÄ    | 1589/3000 [04:04<03:38,  6.46it/s]
 53%|ΓûêΓûêΓûêΓûêΓûêΓûÄ    | 1590/3000 [04:04<03:16,  7.16it/s]
 53%|ΓûêΓûêΓûêΓûêΓûêΓûÄ    | 1592/3000 [04:04<02:21,  9.94it/s]
 53%|ΓûêΓûêΓûêΓûêΓûêΓûÄ    | 1594/3000 [04:04<03:20,  7.01it/s]
 53%|ΓûêΓûêΓûêΓûêΓûêΓûÄ    | 1595/3000 [04:04<03:39,  6.39it/s]
 53%|ΓûêΓûêΓûêΓûêΓûêΓûÄ    | 1596/3000 [04:05<03:23,  6.92it/s]
 53%|ΓûêΓûêΓûêΓûêΓûêΓûÄ    | 1598/3000 [04:05<03:06,  7.53it/s]
 53%|ΓûêΓûêΓûêΓûêΓûêΓûÄ    | 1599/3000 [04:05<03:26,  6.79it/s]
 53%|ΓûêΓûêΓûêΓûêΓûêΓûÄ    | 1600/3000 [04:05<03:29,  6.68it/s]
 53%|ΓûêΓûêΓûêΓûêΓûêΓûÄ    | 1601/3000 [04:05<03:50,  6.07it/s]
 53%|ΓûêΓûêΓûêΓûêΓûêΓûÄ    | 1602/3000 [04:05<03:34,  6.53it/s]
 53%|ΓûêΓûêΓûêΓûêΓûêΓûÄ    | 1603/3000 [04:06<03:53,  5.97it/s]
 53%|ΓûêΓûêΓûêΓûêΓûêΓûÄ    | 1604/3000 [04:06<03:34,  6.51it/s]
 54%|ΓûêΓûêΓûêΓûêΓûêΓûÄ    | 1605/3000 [04:06<03:51,  6.02it/s]
 54%|ΓûêΓûêΓûêΓûêΓûêΓûÄ    | 1606/3000 [04:06<03:42,  6.25it/s]
 54%|ΓûêΓûêΓûêΓûêΓûêΓûÄ    | 1608/3000 [04:06<03:05,  7.51it/s]
 54%|ΓûêΓûêΓûêΓûêΓûêΓûÄ    | 1609/3000 [04:06<02:57,  7.83it/s]
 54%|ΓûêΓûêΓûêΓûêΓûêΓûÄ    | 1610/3000 [04:07<02:58,  7.79it/s]
 54%|ΓûêΓûêΓûêΓûêΓûêΓûÄ    | 1611/3000 [04:07<03:24,  6.81it/s]
 54%|ΓûêΓûêΓûêΓûêΓûêΓûÄ    | 1612/3000 [04:07<03:46,  6.14it/s]
 54%|ΓûêΓûêΓûêΓûêΓûêΓûì    | 1613/3000 [04:07<04:22,  5.28it/s]
 54%|ΓûêΓûêΓûêΓûêΓûêΓûì    | 1614/3000 [04:07<04:27,  5.19it/s]
 54%|ΓûêΓûêΓûêΓûêΓûêΓûì    | 1615/3000 [04:08<03:52,  5.94it/s]
 54%|ΓûêΓûêΓûêΓûêΓûêΓûì    | 1616/3000 [04:08<03:37,  6.35it/s]
 54%|ΓûêΓûêΓûêΓûêΓûêΓûì    | 1617/3000 [04:08<03:33,  6.49it/s]
 54%|ΓûêΓûêΓûêΓûêΓûêΓûì    | 1618/3000 [04:08<03:38,  6.33it/s]
 54%|ΓûêΓûêΓûêΓûêΓûêΓûì    | 1619/3000 [04:08<03:22,  6.83it/s]
 54%|ΓûêΓûêΓûêΓûêΓûêΓûì    | 1620/3000 [04:08<03:40,  6.25it/s]
 54%|ΓûêΓûêΓûêΓûêΓûêΓûì    | 1621/3000 [04:09<04:27,  5.15it/s]
 54%|ΓûêΓûêΓûêΓûêΓûêΓûì    | 1622/3000 [04:09<04:26,  5.17it/s]
 54%|ΓûêΓûêΓûêΓûêΓûêΓûì    | 1623/3000 [04:09<04:04,  5.63it/s]
 54%|ΓûêΓûêΓûêΓûêΓûêΓûì    | 1624/3000 [04:09<04:39,  4.92it/s]
 54%|ΓûêΓûêΓûêΓûêΓûêΓûì    | 1625/3000 [04:10<05:44,  3.99it/s]
 54%|ΓûêΓûêΓûêΓûêΓûêΓûì    | 1626/3000 [04:10<06:24,  3.57it/s]
 54%|ΓûêΓûêΓûêΓûêΓûêΓûì    | 1627/3000 [04:10<05:53,  3.88it/s]
 54%|ΓûêΓûêΓûêΓûêΓûêΓûì    | 1628/3000 [04:10<05:16,  4.34it/s]
 54%|ΓûêΓûêΓûêΓûêΓûêΓûì    | 1629/3000 [04:10<04:27,  5.12it/s]
 54%|ΓûêΓûêΓûêΓûêΓûêΓûì    | 1630/3000 [04:11<04:28,  5.09it/s]
 54%|ΓûêΓûêΓûêΓûêΓûêΓûì    | 1631/3000 [04:11<04:18,  5.30it/s]
 54%|ΓûêΓûêΓûêΓûêΓûêΓûì    | 1632/3000 [04:11<05:02,  4.52it/s]
 54%|ΓûêΓûêΓûêΓûêΓûêΓûì    | 1633/3000 [04:11<04:33,  5.01it/s]
 54%|ΓûêΓûêΓûêΓûêΓûêΓûì    | 1634/3000 [04:11<04:38,  4.91it/s]
 55%|ΓûêΓûêΓûêΓûêΓûêΓûì    | 1635/3000 [04:12<04:15,  5.34it/s]
 55%|ΓûêΓûêΓûêΓûêΓûêΓûì    | 1636/3000 [04:12<03:48,  5.96it/s]
 55%|ΓûêΓûêΓûêΓûêΓûêΓûì    | 1637/3000 [04:12<04:20,  5.23it/s]
 55%|ΓûêΓûêΓûêΓûêΓûêΓûì    | 1638/3000 [04:12<04:35,  4.95it/s]
 55%|ΓûêΓûêΓûêΓûêΓûêΓûì    | 1639/3000 [04:12<04:00,  5.67it/s]
 55%|ΓûêΓûêΓûêΓûêΓûêΓûì    | 1640/3000 [04:13<04:26,  5.10it/s]
 55%|ΓûêΓûêΓûêΓûêΓûêΓûì    | 1641/3000 [04:13<03:58,  5.70it/s]
 55%|ΓûêΓûêΓûêΓûêΓûêΓûì    | 1642/3000 [04:13<03:57,  5.71it/s]
 55%|ΓûêΓûêΓûêΓûêΓûêΓûì    | 1644/3000 [04:13<04:00,  5.63it/s]
 55%|ΓûêΓûêΓûêΓûêΓûêΓûì    | 1645/3000 [04:13<03:36,  6.26it/s]
 55%|ΓûêΓûêΓûêΓûêΓûêΓûì    | 1646/3000 [04:13<03:18,  6.82it/s]
 55%|ΓûêΓûêΓûêΓûêΓûêΓûì    | 1647/3000 [04:14<03:21,  6.71it/s]
 55%|ΓûêΓûêΓûêΓûêΓûêΓûì    | 1648/3000 [04:14<03:07,  7.20it/s]
 55%|ΓûêΓûêΓûêΓûêΓûêΓûì    | 1649/3000 [04:14<02:53,  7.80it/s]
 55%|ΓûêΓûêΓûêΓûêΓûêΓûî    | 1650/3000 [04:14<03:16,  6.89it/s]
 55%|ΓûêΓûêΓûêΓûêΓûêΓûî    | 1652/3000 [04:14<03:02,  7.39it/s]
 55%|ΓûêΓûêΓûêΓûêΓûêΓûî    | 1653/3000 [04:14<03:52,  5.79it/s]
 55%|ΓûêΓûêΓûêΓûêΓûêΓûî    | 1654/3000 [04:15<03:37,  6.19it/s]
 55%|ΓûêΓûêΓûêΓûêΓûêΓûî    | 1655/3000 [04:15<03:30,  6.40it/s]
 55%|ΓûêΓûêΓûêΓûêΓûêΓûî    | 1657/3000 [04:15<03:14,  6.90it/s]
 55%|ΓûêΓûêΓûêΓûêΓûêΓûî    | 1658/3000 [04:15<03:20,  6.69it/s]
 55%|ΓûêΓûêΓûêΓûêΓûêΓûî    | 1659/3000 [04:15<03:23,  6.60it/s]
 55%|ΓûêΓûêΓûêΓûêΓûêΓûî    | 1660/3000 [04:15<03:05,  7.23it/s]
 55%|ΓûêΓûêΓûêΓûêΓûêΓûî    | 1661/3000 [04:16<03:40,  6.07it/s]
 55%|ΓûêΓûêΓûêΓûêΓûêΓûî    | 1662/3000 [04:16<03:32,  6.31it/s]
 55%|ΓûêΓûêΓûêΓûêΓûêΓûî    | 1663/3000 [04:16<03:12,  6.95it/s]
 55%|ΓûêΓûêΓûêΓûêΓûêΓûî    | 1664/3000 [04:16<02:58,  7.48it/s]
 56%|ΓûêΓûêΓûêΓûêΓûêΓûî    | 1665/3000 [04:16<03:58,  5.60it/s]
 56%|ΓûêΓûêΓûêΓûêΓûêΓûî    | 1666/3000 [04:17<04:08,  5.37it/s]
 56%|ΓûêΓûêΓûêΓûêΓûêΓûî    | 1667/3000 [04:17<04:07,  5.38it/s]
 56%|ΓûêΓûêΓûêΓûêΓûêΓûî    | 1668/3000 [04:17<03:35,  6.20it/s]
 56%|ΓûêΓûêΓûêΓûêΓûêΓûî    | 1670/3000 [04:17<03:52,  5.72it/s]
 56%|ΓûêΓûêΓûêΓûêΓûêΓûî    | 1671/3000 [04:17<03:46,  5.86it/s]
 56%|ΓûêΓûêΓûêΓûêΓûêΓûî    | 1672/3000 [04:17<03:22,  6.57it/s]
 56%|ΓûêΓûêΓûêΓûêΓûêΓûî    | 1673/3000 [04:18<03:25,  6.45it/s]
 56%|ΓûêΓûêΓûêΓûêΓûêΓûî    | 1674/3000 [04:18<03:09,  7.01it/s]
 56%|ΓûêΓûêΓûêΓûêΓûêΓûî    | 1675/3000 [04:18<03:37,  6.08it/s]
 56%|ΓûêΓûêΓûêΓûêΓûêΓûî    | 1676/3000 [04:18<03:19,  6.62it/s]
 56%|ΓûêΓûêΓûêΓûêΓûêΓûî    | 1677/3000 [04:18<03:30,  6.29it/s]
 56%|ΓûêΓûêΓûêΓûêΓûêΓûî    | 1678/3000 [04:18<03:09,  6.98it/s]
 56%|ΓûêΓûêΓûêΓûêΓûêΓûî    | 1679/3000 [04:18<02:52,  7.67it/s]
 56%|ΓûêΓûêΓûêΓûêΓûêΓûî    | 1680/3000 [04:19<02:57,  7.43it/s]
 56%|ΓûêΓûêΓûêΓûêΓûêΓûî    | 1681/3000 [04:19<03:20,  6.58it/s]
 56%|ΓûêΓûêΓûêΓûêΓûêΓûî    | 1682/3000 [04:19<03:00,  7.32it/s]
 56%|ΓûêΓûêΓûêΓûêΓûêΓûî    | 1683/3000 [04:19<02:49,  7.76it/s]
 56%|ΓûêΓûêΓûêΓûêΓûêΓûî    | 1685/3000 [04:19<02:54,  7.54it/s]
 56%|ΓûêΓûêΓûêΓûêΓûêΓûî    | 1686/3000 [04:19<03:19,  6.59it/s]
 56%|ΓûêΓûêΓûêΓûêΓûêΓûî    | 1687/3000 [04:20<03:01,  7.22it/s]
 56%|ΓûêΓûêΓûêΓûêΓûêΓûï    | 1688/3000 [04:20<03:14,  6.74it/s]
 56%|ΓûêΓûêΓûêΓûêΓûêΓûï    | 1689/3000 [04:20<04:17,  5.09it/s]
 56%|ΓûêΓûêΓûêΓûêΓûêΓûï    | 1691/3000 [04:20<03:33,  6.14it/s]
 56%|ΓûêΓûêΓûêΓûêΓûêΓûï    | 1693/3000 [04:21<03:15,  6.69it/s]
 56%|ΓûêΓûêΓûêΓûêΓûêΓûï    | 1694/3000 [04:21<03:22,  6.45it/s]
 56%|ΓûêΓûêΓûêΓûêΓûêΓûï    | 1695/3000 [04:21<03:09,  6.90it/s]
 57%|ΓûêΓûêΓûêΓûêΓûêΓûï    | 1696/3000 [04:21<03:20,  6.51it/s]
 57%|ΓûêΓûêΓûêΓûêΓûêΓûï    | 1697/3000 [04:21<03:01,  7.18it/s]
 57%|ΓûêΓûêΓûêΓûêΓûêΓûï    | 1698/3000 [04:21<03:50,  5.65it/s]
 57%|ΓûêΓûêΓûêΓûêΓûêΓûï    | 1699/3000 [04:22<03:43,  5.81it/s]
 57%|ΓûêΓûêΓûêΓûêΓûêΓûï    | 1700/3000 [04:22<03:42,  5.85it/s]
 57%|ΓûêΓûêΓûêΓûêΓûêΓûï    | 1701/3000 [04:22<03:16,  6.60it/s]
 57%|ΓûêΓûêΓûêΓûêΓûêΓûï    | 1702/3000 [04:22<02:58,  7.27it/s]
 57%|ΓûêΓûêΓûêΓûêΓûêΓûï    | 1703/3000 [04:22<03:06,  6.97it/s]
 57%|ΓûêΓûêΓûêΓûêΓûêΓûï    | 1704/3000 [04:22<03:02,  7.11it/s]
 57%|ΓûêΓûêΓûêΓûêΓûêΓûï    | 1705/3000 [04:22<03:13,  6.70it/s]
 57%|ΓûêΓûêΓûêΓûêΓûêΓûï    | 1706/3000 [04:23<02:59,  7.23it/s]
 57%|ΓûêΓûêΓûêΓûêΓûêΓûï    | 1707/3000 [04:23<03:18,  6.53it/s]
 57%|ΓûêΓûêΓûêΓûêΓûêΓûï    | 1708/3000 [04:23<03:47,  5.67it/s]
 57%|ΓûêΓûêΓûêΓûêΓûêΓûï    | 1709/3000 [04:23<03:34,  6.01it/s]
 57%|ΓûêΓûêΓûêΓûêΓûêΓûï    | 1710/3000 [04:23<03:10,  6.76it/s]
 57%|ΓûêΓûêΓûêΓûêΓûêΓûï    | 1711/3000 [04:23<02:52,  7.45it/s]
 57%|ΓûêΓûêΓûêΓûêΓûêΓûï    | 1712/3000 [04:23<02:43,  7.89it/s]
 57%|ΓûêΓûêΓûêΓûêΓûêΓûï    | 1713/3000 [04:24<03:25,  6.26it/s]
 57%|ΓûêΓûêΓûêΓûêΓûêΓûï    | 1714/3000 [04:24<03:35,  5.97it/s]
 57%|ΓûêΓûêΓûêΓûêΓûêΓûï    | 1715/3000 [04:24<03:35,  5.96it/s]
 57%|ΓûêΓûêΓûêΓûêΓûêΓûï    | 1716/3000 [04:24<03:55,  5.45it/s]
 57%|ΓûêΓûêΓûêΓûêΓûêΓûï    | 1717/3000 [04:24<04:11,  5.11it/s]
 57%|ΓûêΓûêΓûêΓûêΓûêΓûï    | 1718/3000 [04:25<03:44,  5.72it/s]
 57%|ΓûêΓûêΓûêΓûêΓûêΓûï    | 1719/3000 [04:25<03:18,  6.44it/s]
 57%|ΓûêΓûêΓûêΓûêΓûêΓûï    | 1720/3000 [04:25<02:57,  7.20it/s]
 57%|ΓûêΓûêΓûêΓûêΓûêΓûï    | 1721/3000 [04:25<03:08,  6.78it/s]
 57%|ΓûêΓûêΓûêΓûêΓûêΓûï    | 1722/3000 [04:25<03:01,  7.06it/s]
 57%|ΓûêΓûêΓûêΓûêΓûêΓûï    | 1723/3000 [04:25<03:03,  6.97it/s]
 57%|ΓûêΓûêΓûêΓûêΓûêΓûè    | 1725/3000 [04:25<02:37,  8.12it/s]
 58%|ΓûêΓûêΓûêΓûêΓûêΓûè    | 1726/3000 [04:26<03:14,  6.55it/s]
 58%|ΓûêΓûêΓûêΓûêΓûêΓûè    | 1727/3000 [04:26<02:57,  7.18it/s]
 58%|ΓûêΓûêΓûêΓûêΓûêΓûè    | 1728/3000 [04:26<02:45,  7.66it/s]
 58%|ΓûêΓûêΓûêΓûêΓûêΓûè    | 1729/3000 [04:26<02:51,  7.43it/s]
 58%|ΓûêΓûêΓûêΓûêΓûêΓûè    | 1730/3000 [04:26<04:23,  4.82it/s]
 58%|ΓûêΓûêΓûêΓûêΓûêΓûè    | 1731/3000 [04:27<03:53,  5.43it/s]
 58%|ΓûêΓûêΓûêΓûêΓûêΓûè    | 1732/3000 [04:27<03:58,  5.31it/s]
 58%|ΓûêΓûêΓûêΓûêΓûêΓûè    | 1733/3000 [04:27<03:26,  6.13it/s]
 58%|ΓûêΓûêΓûêΓûêΓûêΓûè    | 1735/3000 [04:27<03:14,  6.52it/s]
 58%|ΓûêΓûêΓûêΓûêΓûêΓûè    | 1736/3000 [04:27<03:27,  6.08it/s]
 58%|ΓûêΓûêΓûêΓûêΓûêΓûè    | 1738/3000 [04:28<03:03,  6.86it/s]
 58%|ΓûêΓûêΓûêΓûêΓûêΓûè    | 1739/3000 [04:28<03:24,  6.18it/s]
 58%|ΓûêΓûêΓûêΓûêΓûêΓûè    | 1740/3000 [04:28<03:14,  6.48it/s]
 58%|ΓûêΓûêΓûêΓûêΓûêΓûè    | 1741/3000 [04:28<04:10,  5.02it/s]
 58%|ΓûêΓûêΓûêΓûêΓûêΓûè    | 1742/3000 [04:28<03:46,  5.55it/s]
 58%|ΓûêΓûêΓûêΓûêΓûêΓûè    | 1743/3000 [04:29<03:40,  5.71it/s]
 58%|ΓûêΓûêΓûêΓûêΓûêΓûè    | 1744/3000 [04:29<03:37,  5.79it/s]
 58%|ΓûêΓûêΓûêΓûêΓûêΓûè    | 1746/3000 [04:29<04:26,  4.70it/s]
 58%|ΓûêΓûêΓûêΓûêΓûêΓûè    | 1747/3000 [04:29<04:19,  4.82it/s]
 58%|ΓûêΓûêΓûêΓûêΓûêΓûè    | 1748/3000 [04:30<03:57,  5.28it/s]
 58%|ΓûêΓûêΓûêΓûêΓûêΓûè    | 1749/3000 [04:30<03:54,  5.34it/s]
 58%|ΓûêΓûêΓûêΓûêΓûêΓûè    | 1750/3000 [04:30<04:15,  4.89it/s]
 58%|ΓûêΓûêΓûêΓûêΓûêΓûè    | 1751/3000 [04:30<04:05,  5.09it/s]
 58%|ΓûêΓûêΓûêΓûêΓûêΓûè    | 1752/3000 [04:30<03:35,  5.78it/s]
 58%|ΓûêΓûêΓûêΓûêΓûêΓûè    | 1753/3000 [04:30<03:20,  6.23it/s]
 58%|ΓûêΓûêΓûêΓûêΓûêΓûè    | 1754/3000 [04:31<03:44,  5.56it/s]
 58%|ΓûêΓûêΓûêΓûêΓûêΓûè    | 1755/3000 [04:31<03:31,  5.88it/s]
 59%|ΓûêΓûêΓûêΓûêΓûêΓûè    | 1756/3000 [04:31<04:00,  5.17it/s]
 59%|ΓûêΓûêΓûêΓûêΓûêΓûè    | 1757/3000 [04:31<04:10,  4.95it/s]
 59%|ΓûêΓûêΓûêΓûêΓûêΓûè    | 1758/3000 [04:31<03:54,  5.29it/s]
 59%|ΓûêΓûêΓûêΓûêΓûêΓûè    | 1759/3000 [04:32<03:31,  5.88it/s]
 59%|ΓûêΓûêΓûêΓûêΓûêΓûè    | 1760/3000 [04:32<03:53,  5.31it/s]
 59%|ΓûêΓûêΓûêΓûêΓûêΓûè    | 1761/3000 [04:32<03:22,  6.13it/s]
 59%|ΓûêΓûêΓûêΓûêΓûêΓûè    | 1762/3000 [04:32<03:07,  6.61it/s]
 59%|ΓûêΓûêΓûêΓûêΓûêΓûë    | 1763/3000 [04:32<03:41,  5.58it/s]
 59%|ΓûêΓûêΓûêΓûêΓûêΓûë    | 1764/3000 [04:32<03:28,  5.92it/s]
 59%|ΓûêΓûêΓûêΓûêΓûêΓûë    | 1765/3000 [04:32<03:05,  6.65it/s]
 59%|ΓûêΓûêΓûêΓûêΓûêΓûë    | 1766/3000 [04:33<03:16,  6.30it/s]
 59%|ΓûêΓûêΓûêΓûêΓûêΓûë    | 1767/3000 [04:33<03:07,  6.59it/s]
 59%|ΓûêΓûêΓûêΓûêΓûêΓûë    | 1768/3000 [04:33<02:55,  7.03it/s]
 59%|ΓûêΓûêΓûêΓûêΓûêΓûë    | 1769/3000 [04:33<02:45,  7.42it/s]
 59%|ΓûêΓûêΓûêΓûêΓûêΓûë    | 1771/3000 [04:33<02:50,  7.23it/s]
 59%|ΓûêΓûêΓûêΓûêΓûêΓûë    | 1773/3000 [04:34<02:38,  7.76it/s]
 59%|ΓûêΓûêΓûêΓûêΓûêΓûë    | 1774/3000 [04:34<02:30,  8.16it/s]
 59%|ΓûêΓûêΓûêΓûêΓûêΓûë    | 1775/3000 [04:34<03:29,  5.86it/s]
 59%|ΓûêΓûêΓûêΓûêΓûêΓûë    | 1776/3000 [04:34<03:22,  6.04it/s]
 59%|ΓûêΓûêΓûêΓûêΓûêΓûë    | 1777/3000 [04:34<03:32,  5.76it/s]
 59%|ΓûêΓûêΓûêΓûêΓûêΓûë    | 1778/3000 [04:34<03:21,  6.08it/s]
 59%|ΓûêΓûêΓûêΓûêΓûêΓûë    | 1779/3000 [04:35<03:03,  6.64it/s]
 59%|ΓûêΓûêΓûêΓûêΓûêΓûë    | 1780/3000 [04:35<03:17,  6.18it/s]
 59%|ΓûêΓûêΓûêΓûêΓûêΓûë    | 1781/3000 [04:35<02:56,  6.92it/s]
 59%|ΓûêΓûêΓûêΓûêΓûêΓûë    | 1782/3000 [04:35<02:58,  6.84it/s]
 59%|ΓûêΓûêΓûêΓûêΓûêΓûë    | 1783/3000 [04:35<03:09,  6.44it/s]
 59%|ΓûêΓûêΓûêΓûêΓûêΓûë    | 1784/3000 [04:35<03:38,  5.57it/s]
 60%|ΓûêΓûêΓûêΓûêΓûêΓûë    | 1785/3000 [04:36<03:45,  5.38it/s]
 60%|ΓûêΓûêΓûêΓûêΓûêΓûë    | 1787/3000 [04:36<02:44,  7.37it/s]
 60%|ΓûêΓûêΓûêΓûêΓûêΓûë    | 1789/3000 [04:36<02:30,  8.02it/s]
 60%|ΓûêΓûêΓûêΓûêΓûêΓûë    | 1790/3000 [04:36<02:26,  8.26it/s]
 60%|ΓûêΓûêΓûêΓûêΓûêΓûë    | 1791/3000 [04:36<02:30,  8.05it/s]
 60%|ΓûêΓûêΓûêΓûêΓûêΓûë    | 1792/3000 [04:36<02:26,  8.25it/s]
 60%|ΓûêΓûêΓûêΓûêΓûêΓûë    | 1793/3000 [04:36<02:31,  7.99it/s]
 60%|ΓûêΓûêΓûêΓûêΓûêΓûë    | 1794/3000 [04:37<02:48,  7.17it/s]
 60%|ΓûêΓûêΓûêΓûêΓûêΓûë    | 1795/3000 [04:37<03:22,  5.96it/s]
 60%|ΓûêΓûêΓûêΓûêΓûêΓûë    | 1796/3000 [04:37<04:53,  4.10it/s]
 60%|ΓûêΓûêΓûêΓûêΓûêΓûë    | 1798/3000 [04:38<04:15,  4.70it/s]
 60%|ΓûêΓûêΓûêΓûêΓûêΓûë    | 1799/3000 [04:38<04:27,  4.49it/s]
 60%|ΓûêΓûêΓûêΓûêΓûêΓûê    | 1801/3000 [04:38<03:38,  5.50it/s]
 60%|ΓûêΓûêΓûêΓûêΓûêΓûê    | 1802/3000 [04:38<03:16,  6.10it/s]
 60%|ΓûêΓûêΓûêΓûêΓûêΓûê    | 1803/3000 [04:38<02:59,  6.69it/s]
 60%|ΓûêΓûêΓûêΓûêΓûêΓûê    | 1804/3000 [04:39<03:04,  6.49it/s]
 60%|ΓûêΓûêΓûêΓûêΓûêΓûê    | 1806/3000 [04:39<02:34,  7.72it/s]
 60%|ΓûêΓûêΓûêΓûêΓûêΓûê    | 1807/3000 [04:39<02:28,  8.02it/s]
 60%|ΓûêΓûêΓûêΓûêΓûêΓûê    | 1808/3000 [04:39<02:22,  8.35it/s]
 60%|ΓûêΓûêΓûêΓûêΓûêΓûê    | 1809/3000 [04:39<03:00,  6.59it/s]
 60%|ΓûêΓûêΓûêΓûêΓûêΓûê    | 1810/3000 [04:39<02:48,  7.07it/s]
 60%|ΓûêΓûêΓûêΓûêΓûêΓûê    | 1811/3000 [04:39<02:51,  6.92it/s]
 60%|ΓûêΓûêΓûêΓûêΓûêΓûê    | 1812/3000 [04:40<03:00,  6.57it/s]
 60%|ΓûêΓûêΓûêΓûêΓûêΓûê    | 1813/3000 [04:40<03:07,  6.33it/s]
 60%|ΓûêΓûêΓûêΓûêΓûêΓûê    | 1814/3000 [04:40<03:03,  6.46it/s]
 61%|ΓûêΓûêΓûêΓûêΓûêΓûê    | 1816/3000 [04:40<02:29,  7.93it/s]
 61%|ΓûêΓûêΓûêΓûêΓûêΓûê    | 1817/3000 [04:40<02:22,  8.30it/s]
 61%|ΓûêΓûêΓûêΓûêΓûêΓûê    | 1818/3000 [04:40<02:33,  7.68it/s]
 61%|ΓûêΓûêΓûêΓûêΓûêΓûê    | 1819/3000 [04:41<02:32,  7.75it/s]
 61%|ΓûêΓûêΓûêΓûêΓûêΓûê    | 1820/3000 [04:41<03:01,  6.49it/s]
 61%|ΓûêΓûêΓûêΓûêΓûêΓûê    | 1821/3000 [04:41<02:55,  6.72it/s]
 61%|ΓûêΓûêΓûêΓûêΓûêΓûê    | 1822/3000 [04:41<03:16,  6.00it/s]
 61%|ΓûêΓûêΓûêΓûêΓûêΓûê    | 1823/3000 [04:41<02:56,  6.66it/s]
 61%|ΓûêΓûêΓûêΓûêΓûêΓûê    | 1824/3000 [04:41<03:27,  5.66it/s]
 61%|ΓûêΓûêΓûêΓûêΓûêΓûê    | 1825/3000 [04:42<03:17,  5.95it/s]
 61%|ΓûêΓûêΓûêΓûêΓûêΓûê    | 1826/3000 [04:42<03:34,  5.47it/s]
 61%|ΓûêΓûêΓûêΓûêΓûêΓûê    | 1827/3000 [04:42<03:07,  6.27it/s]
 61%|ΓûêΓûêΓûêΓûêΓûêΓûê    | 1828/3000 [04:42<02:49,  6.92it/s]
 61%|ΓûêΓûêΓûêΓûêΓûêΓûê    | 1829/3000 [04:42<02:56,  6.65it/s]
 61%|ΓûêΓûêΓûêΓûêΓûêΓûê    | 1830/3000 [04:42<03:11,  6.11it/s]
 61%|ΓûêΓûêΓûêΓûêΓûêΓûê    | 1832/3000 [04:43<02:40,  7.27it/s]
 61%|ΓûêΓûêΓûêΓûêΓûêΓûê    | 1833/3000 [04:43<02:35,  7.52it/s]
 61%|ΓûêΓûêΓûêΓûêΓûêΓûê    | 1834/3000 [04:43<03:03,  6.36it/s]
 61%|ΓûêΓûêΓûêΓûêΓûêΓûê    | 1835/3000 [04:43<03:09,  6.14it/s]
 61%|ΓûêΓûêΓûêΓûêΓûêΓûê    | 1836/3000 [04:43<03:16,  5.93it/s]
 61%|ΓûêΓûêΓûêΓûêΓûêΓûê    | 1837/3000 [04:43<03:00,  6.44it/s]
 61%|ΓûêΓûêΓûêΓûêΓûêΓûêΓûÅ   | 1838/3000 [04:44<04:07,  4.70it/s]
 61%|ΓûêΓûêΓûêΓûêΓûêΓûêΓûÅ   | 1840/3000 [04:44<03:12,  6.02it/s]
 61%|ΓûêΓûêΓûêΓûêΓûêΓûêΓûÅ   | 1841/3000 [04:44<03:12,  6.03it/s]
 61%|ΓûêΓûêΓûêΓûêΓûêΓûêΓûÅ   | 1842/3000 [04:44<03:01,  6.39it/s]
 61%|ΓûêΓûêΓûêΓûêΓûêΓûêΓûÅ   | 1843/3000 [04:44<02:51,  6.74it/s]
 61%|ΓûêΓûêΓûêΓûêΓûêΓûêΓûÅ   | 1844/3000 [04:45<02:53,  6.67it/s]
 62%|ΓûêΓûêΓûêΓûêΓûêΓûêΓûÅ   | 1845/3000 [04:45<03:00,  6.39it/s]
 62%|ΓûêΓûêΓûêΓûêΓûêΓûêΓûÅ   | 1846/3000 [04:45<03:03,  6.27it/s]
 62%|ΓûêΓûêΓûêΓûêΓûêΓûêΓûÅ   | 1847/3000 [04:45<04:07,  4.67it/s]
 62%|ΓûêΓûêΓûêΓûêΓûêΓûêΓûÅ   | 1848/3000 [04:46<04:26,  4.32it/s]
 62%|ΓûêΓûêΓûêΓûêΓûêΓûêΓûÅ   | 1849/3000 [04:46<04:14,  4.52it/s]
 62%|ΓûêΓûêΓûêΓûêΓûêΓûêΓûÅ   | 1850/3000 [04:46<03:37,  5.30it/s]
 62%|ΓûêΓûêΓûêΓûêΓûêΓûêΓûÅ   | 1851/3000 [04:46<03:34,  5.37it/s]
 62%|ΓûêΓûêΓûêΓûêΓûêΓûêΓûÅ   | 1852/3000 [04:46<03:36,  5.29it/s]
 62%|ΓûêΓûêΓûêΓûêΓûêΓûêΓûÅ   | 1853/3000 [04:46<03:49,  5.01it/s]
 62%|ΓûêΓûêΓûêΓûêΓûêΓûêΓûÅ   | 1854/3000 [04:47<03:17,  5.80it/s]
 62%|ΓûêΓûêΓûêΓûêΓûêΓûêΓûÅ   | 1855/3000 [04:47<03:22,  5.66it/s]
 62%|ΓûêΓûêΓûêΓûêΓûêΓûêΓûÅ   | 1857/3000 [04:47<02:50,  6.71it/s]
 62%|ΓûêΓûêΓûêΓûêΓûêΓûêΓûÅ   | 1858/3000 [04:47<03:05,  6.16it/s]
 62%|ΓûêΓûêΓûêΓûêΓûêΓûêΓûÅ   | 1859/3000 [04:47<03:29,  5.44it/s]
 62%|ΓûêΓûêΓûêΓûêΓûêΓûêΓûÅ   | 1860/3000 [04:48<03:44,  5.09it/s]
 62%|ΓûêΓûêΓûêΓûêΓûêΓûêΓûÅ   | 1861/3000 [04:48<03:19,  5.71it/s]
 62%|ΓûêΓûêΓûêΓûêΓûêΓûêΓûÅ   | 1862/3000 [04:48<02:55,  6.47it/s]
 62%|ΓûêΓûêΓûêΓûêΓûêΓûêΓûÅ   | 1864/3000 [04:48<02:40,  7.09it/s]
 62%|ΓûêΓûêΓûêΓûêΓûêΓûêΓûÅ   | 1865/3000 [04:48<02:44,  6.92it/s]
 62%|ΓûêΓûêΓûêΓûêΓûêΓûêΓûÅ   | 1867/3000 [04:49<02:32,  7.42it/s]
 62%|ΓûêΓûêΓûêΓûêΓûêΓûêΓûÅ   | 1869/3000 [04:49<02:07,  8.84it/s]
 62%|ΓûêΓûêΓûêΓûêΓûêΓûêΓûÅ   | 1871/3000 [04:49<02:00,  9.40it/s]
 62%|ΓûêΓûêΓûêΓûêΓûêΓûêΓûÅ   | 1872/3000 [04:49<02:04,  9.06it/s]
 62%|ΓûêΓûêΓûêΓûêΓûêΓûêΓûÅ   | 1873/3000 [04:49<02:06,  8.89it/s]
 62%|ΓûêΓûêΓûêΓûêΓûêΓûêΓûÄ   | 1875/3000 [04:49<02:13,  8.43it/s]
 63%|ΓûêΓûêΓûêΓûêΓûêΓûêΓûÄ   | 1876/3000 [04:50<02:24,  7.79it/s]
 63%|ΓûêΓûêΓûêΓûêΓûêΓûêΓûÄ   | 1877/3000 [04:50<02:35,  7.21it/s]
 63%|ΓûêΓûêΓûêΓûêΓûêΓûêΓûÄ   | 1878/3000 [04:50<02:47,  6.71it/s]
 63%|ΓûêΓûêΓûêΓûêΓûêΓûêΓûÄ   | 1880/3000 [04:50<02:49,  6.59it/s]
 63%|ΓûêΓûêΓûêΓûêΓûêΓûêΓûÄ   | 1882/3000 [04:50<02:35,  7.19it/s]
 63%|ΓûêΓûêΓûêΓûêΓûêΓûêΓûÄ   | 1883/3000 [04:51<02:27,  7.57it/s]
 63%|ΓûêΓûêΓûêΓûêΓûêΓûêΓûÄ   | 1884/3000 [04:51<02:24,  7.74it/s]
 63%|ΓûêΓûêΓûêΓûêΓûêΓûêΓûÄ   | 1885/3000 [04:51<02:31,  7.37it/s]
 63%|ΓûêΓûêΓûêΓûêΓûêΓûêΓûÄ   | 1887/3000 [04:51<02:27,  7.54it/s]
 63%|ΓûêΓûêΓûêΓûêΓûêΓûêΓûÄ   | 1889/3000 [04:51<02:11,  8.45it/s]
 63%|ΓûêΓûêΓûêΓûêΓûêΓûêΓûÄ   | 1890/3000 [04:51<02:27,  7.52it/s]
 63%|ΓûêΓûêΓûêΓûêΓûêΓûêΓûÄ   | 1891/3000 [04:52<02:44,  6.76it/s]
 63%|ΓûêΓûêΓûêΓûêΓûêΓûêΓûÄ   | 1893/3000 [04:52<03:03,  6.02it/s]
 63%|ΓûêΓûêΓûêΓûêΓûêΓûêΓûÄ   | 1894/3000 [04:52<03:01,  6.08it/s]
 63%|ΓûêΓûêΓûêΓûêΓûêΓûêΓûÄ   | 1895/3000 [04:52<03:07,  5.91it/s]
 63%|ΓûêΓûêΓûêΓûêΓûêΓûêΓûÄ   | 1896/3000 [04:53<03:05,  5.95it/s]
 63%|ΓûêΓûêΓûêΓûêΓûêΓûêΓûÄ   | 1898/3000 [04:53<02:18,  7.94it/s]
 63%|ΓûêΓûêΓûêΓûêΓûêΓûêΓûÄ   | 1900/3000 [04:53<02:30,  7.31it/s]
 63%|ΓûêΓûêΓûêΓûêΓûêΓûêΓûÄ   | 1902/3000 [04:53<02:30,  7.31it/s]
 63%|ΓûêΓûêΓûêΓûêΓûêΓûêΓûÄ   | 1903/3000 [04:53<02:22,  7.68it/s]
 63%|ΓûêΓûêΓûêΓûêΓûêΓûêΓûÄ   | 1904/3000 [04:53<02:21,  7.74it/s]
 64%|ΓûêΓûêΓûêΓûêΓûêΓûêΓûÄ   | 1906/3000 [04:54<03:01,  6.04it/s]
 64%|ΓûêΓûêΓûêΓûêΓûêΓûêΓûÄ   | 1907/3000 [04:54<03:32,  5.15it/s]
 64%|ΓûêΓûêΓûêΓûêΓûêΓûêΓûÄ   | 1908/3000 [04:54<03:41,  4.94it/s]
 64%|ΓûêΓûêΓûêΓûêΓûêΓûêΓûÄ   | 1909/3000 [04:55<03:57,  4.59it/s]
 64%|ΓûêΓûêΓûêΓûêΓûêΓûêΓûÄ   | 1910/3000 [04:55<03:25,  5.31it/s]
 64%|ΓûêΓûêΓûêΓûêΓûêΓûêΓûÄ   | 1911/3000 [04:55<03:33,  5.09it/s]
 64%|ΓûêΓûêΓûêΓûêΓûêΓûêΓûì   | 1913/3000 [04:55<02:44,  6.62it/s]
 64%|ΓûêΓûêΓûêΓûêΓûêΓûêΓûì   | 1914/3000 [04:55<03:04,  5.88it/s]
 64%|ΓûêΓûêΓûêΓûêΓûêΓûêΓûì   | 1915/3000 [04:56<02:47,  6.48it/s]
 64%|ΓûêΓûêΓûêΓûêΓûêΓûêΓûì   | 1916/3000 [04:56<02:42,  6.69it/s]
 64%|ΓûêΓûêΓûêΓûêΓûêΓûêΓûì   | 1917/3000 [04:56<02:51,  6.30it/s]
 64%|ΓûêΓûêΓûêΓûêΓûêΓûêΓûì   | 1919/3000 [04:56<02:27,  7.34it/s]
 64%|ΓûêΓûêΓûêΓûêΓûêΓûêΓûì   | 1920/3000 [04:56<02:33,  7.01it/s]
 64%|ΓûêΓûêΓûêΓûêΓûêΓûêΓûì   | 1921/3000 [04:56<02:44,  6.57it/s]
 64%|ΓûêΓûêΓûêΓûêΓûêΓûêΓûì   | 1922/3000 [04:57<02:41,  6.69it/s]
 64%|ΓûêΓûêΓûêΓûêΓûêΓûêΓûì   | 1923/3000 [04:57<02:40,  6.70it/s]
 64%|ΓûêΓûêΓûêΓûêΓûêΓûêΓûì   | 1925/3000 [04:57<02:29,  7.21it/s]
 64%|ΓûêΓûêΓûêΓûêΓûêΓûêΓûì   | 1926/3000 [04:57<02:19,  7.68it/s]
 64%|ΓûêΓûêΓûêΓûêΓûêΓûêΓûì   | 1927/3000 [04:57<02:33,  6.97it/s]
 64%|ΓûêΓûêΓûêΓûêΓûêΓûêΓûì   | 1928/3000 [04:57<02:45,  6.49it/s]
 64%|ΓûêΓûêΓûêΓûêΓûêΓûêΓûì   | 1930/3000 [04:58<02:24,  7.40it/s]
 64%|ΓûêΓûêΓûêΓûêΓûêΓûêΓûì   | 1931/3000 [04:58<02:32,  7.03it/s]
 64%|ΓûêΓûêΓûêΓûêΓûêΓûêΓûì   | 1932/3000 [04:58<02:21,  7.56it/s]
 64%|ΓûêΓûêΓûêΓûêΓûêΓûêΓûì   | 1933/3000 [04:58<02:47,  6.35it/s]
 64%|ΓûêΓûêΓûêΓûêΓûêΓûêΓûì   | 1934/3000 [04:58<02:34,  6.88it/s]
 65%|ΓûêΓûêΓûêΓûêΓûêΓûêΓûì   | 1936/3000 [04:59<02:18,  7.67it/s]
 65%|ΓûêΓûêΓûêΓûêΓûêΓûêΓûì   | 1937/3000 [04:59<02:14,  7.89it/s]
 65%|ΓûêΓûêΓûêΓûêΓûêΓûêΓûì   | 1938/3000 [04:59<02:18,  7.69it/s]
 65%|ΓûêΓûêΓûêΓûêΓûêΓûêΓûì   | 1939/3000 [04:59<02:11,  8.05it/s]
 65%|ΓûêΓûêΓûêΓûêΓûêΓûêΓûì   | 1940/3000 [04:59<02:05,  8.43it/s]
 65%|ΓûêΓûêΓûêΓûêΓûêΓûêΓûì   | 1941/3000 [04:59<02:10,  8.13it/s]
 65%|ΓûêΓûêΓûêΓûêΓûêΓûêΓûì   | 1942/3000 [04:59<02:08,  8.23it/s]
 65%|ΓûêΓûêΓûêΓûêΓûêΓûêΓûì   | 1943/3000 [04:59<02:26,  7.19it/s]
 65%|ΓûêΓûêΓûêΓûêΓûêΓûêΓûì   | 1945/3000 [05:00<02:27,  7.15it/s]
 65%|ΓûêΓûêΓûêΓûêΓûêΓûêΓûì   | 1947/3000 [05:00<02:28,  7.08it/s]
 65%|ΓûêΓûêΓûêΓûêΓûêΓûêΓûì   | 1948/3000 [05:00<02:46,  6.34it/s]
 65%|ΓûêΓûêΓûêΓûêΓûêΓûêΓûì   | 1949/3000 [05:00<02:53,  6.08it/s]
 65%|ΓûêΓûêΓûêΓûêΓûêΓûêΓûî   | 1950/3000 [05:01<02:51,  6.11it/s]
 65%|ΓûêΓûêΓûêΓûêΓûêΓûêΓûî   | 1951/3000 [05:01<02:41,  6.50it/s]
 65%|ΓûêΓûêΓûêΓûêΓûêΓûêΓûî   | 1952/3000 [05:01<02:39,  6.56it/s]
 65%|ΓûêΓûêΓûêΓûêΓûêΓûêΓûî   | 1953/3000 [05:01<02:58,  5.87it/s]
 65%|ΓûêΓûêΓûêΓûêΓûêΓûêΓûî   | 1954/3000 [05:01<03:00,  5.79it/s]
 65%|ΓûêΓûêΓûêΓûêΓûêΓûêΓûî   | 1955/3000 [05:02<03:35,  4.85it/s]
 65%|ΓûêΓûêΓûêΓûêΓûêΓûêΓûî   | 1956/3000 [05:02<03:11,  5.45it/s]
 65%|ΓûêΓûêΓûêΓûêΓûêΓûêΓûî   | 1957/3000 [05:02<02:58,  5.83it/s]
 65%|ΓûêΓûêΓûêΓûêΓûêΓûêΓûî   | 1958/3000 [05:02<03:01,  5.73it/s]
 65%|ΓûêΓûêΓûêΓûêΓûêΓûêΓûî   | 1960/3000 [05:02<02:23,  7.23it/s]
 65%|ΓûêΓûêΓûêΓûêΓûêΓûêΓûî   | 1961/3000 [05:02<02:35,  6.70it/s]
 65%|ΓûêΓûêΓûêΓûêΓûêΓûêΓûî   | 1962/3000 [05:03<04:04,  4.24it/s]
 65%|ΓûêΓûêΓûêΓûêΓûêΓûêΓûî   | 1963/3000 [05:03<04:26,  3.89it/s]
 65%|ΓûêΓûêΓûêΓûêΓûêΓûêΓûî   | 1964/3000 [05:03<03:52,  4.46it/s]
 66%|ΓûêΓûêΓûêΓûêΓûêΓûêΓûî   | 1965/3000 [05:04<03:57,  4.36it/s]
 66%|ΓûêΓûêΓûêΓûêΓûêΓûêΓûî   | 1966/3000 [05:04<03:20,  5.16it/s]
 66%|ΓûêΓûêΓûêΓûêΓûêΓûêΓûî   | 1967/3000 [05:04<03:02,  5.67it/s]
 66%|ΓûêΓûêΓûêΓûêΓûêΓûêΓûî   | 1968/3000 [05:04<02:56,  5.84it/s]
 66%|ΓûêΓûêΓûêΓûêΓûêΓûêΓûî   | 1969/3000 [05:04<03:01,  5.69it/s]
 66%|ΓûêΓûêΓûêΓûêΓûêΓûêΓûî   | 1971/3000 [05:05<03:30,  4.88it/s]
 66%|ΓûêΓûêΓûêΓûêΓûêΓûêΓûî   | 1973/3000 [05:05<02:46,  6.17it/s]
 66%|ΓûêΓûêΓûêΓûêΓûêΓûêΓûî   | 1974/3000 [05:05<03:25,  5.00it/s]
 66%|ΓûêΓûêΓûêΓûêΓûêΓûêΓûî   | 1976/3000 [05:05<03:10,  5.37it/s]
 66%|ΓûêΓûêΓûêΓûêΓûêΓûêΓûî   | 1977/3000 [05:06<02:57,  5.75it/s]
 66%|ΓûêΓûêΓûêΓûêΓûêΓûêΓûî   | 1979/3000 [05:06<02:30,  6.80it/s]
 66%|ΓûêΓûêΓûêΓûêΓûêΓûêΓûî   | 1981/3000 [05:06<02:13,  7.65it/s]
 66%|ΓûêΓûêΓûêΓûêΓûêΓûêΓûî   | 1982/3000 [05:06<02:32,  6.68it/s]
 66%|ΓûêΓûêΓûêΓûêΓûêΓûêΓûî   | 1983/3000 [05:06<02:55,  5.79it/s]
 66%|ΓûêΓûêΓûêΓûêΓûêΓûêΓûî   | 1984/3000 [05:07<02:39,  6.38it/s]
 66%|ΓûêΓûêΓûêΓûêΓûêΓûêΓûî   | 1985/3000 [05:07<02:26,  6.94it/s]
 66%|ΓûêΓûêΓûêΓûêΓûêΓûêΓûî   | 1986/3000 [05:07<02:32,  6.65it/s]
 66%|ΓûêΓûêΓûêΓûêΓûêΓûêΓûï   | 1988/3000 [05:07<01:49,  9.28it/s]
 66%|ΓûêΓûêΓûêΓûêΓûêΓûêΓûï   | 1990/3000 [05:07<01:58,  8.51it/s]
 66%|ΓûêΓûêΓûêΓûêΓûêΓûêΓûï   | 1992/3000 [05:07<02:01,  8.29it/s]
 66%|ΓûêΓûêΓûêΓûêΓûêΓûêΓûï   | 1993/3000 [05:08<02:05,  8.01it/s]
 66%|ΓûêΓûêΓûêΓûêΓûêΓûêΓûï   | 1994/3000 [05:08<02:08,  7.82it/s]
 66%|ΓûêΓûêΓûêΓûêΓûêΓûêΓûï   | 1995/3000 [05:08<02:04,  8.05it/s]
 67%|ΓûêΓûêΓûêΓûêΓûêΓûêΓûï   | 1996/3000 [05:08<01:58,  8.46it/s]
 67%|ΓûêΓûêΓûêΓûêΓûêΓûêΓûï   | 1997/3000 [05:08<02:08,  7.78it/s]
 67%|ΓûêΓûêΓûêΓûêΓûêΓûêΓûï   | 1998/3000 [05:08<02:03,  8.10it/s]
 67%|ΓûêΓûêΓûêΓûêΓûêΓûêΓûï   | 1999/3000 [05:08<02:26,  6.84it/s]
 67%|ΓûêΓûêΓûêΓûêΓûêΓûêΓûï   | 2000/3000 [05:09<02:19,  7.16it/s]
 67%|ΓûêΓûêΓûêΓûêΓûêΓûêΓûï   | 2001/3000 [05:09<02:25,  6.86it/s]
 67%|ΓûêΓûêΓûêΓûêΓûêΓûêΓûï   | 2002/3000 [05:09<02:22,  6.99it/s]
 67%|ΓûêΓûêΓûêΓûêΓûêΓûêΓûï   | 2003/3000 [05:09<02:18,  7.20it/s]
 67%|ΓûêΓûêΓûêΓûêΓûêΓûêΓûï   | 2004/3000 [05:09<02:17,  7.25it/s]
 67%|ΓûêΓûêΓûêΓûêΓûêΓûêΓûï   | 2005/3000 [05:09<02:18,  7.19it/s]
 67%|ΓûêΓûêΓûêΓûêΓûêΓûêΓûï   | 2006/3000 [05:09<02:08,  7.73it/s]
 67%|ΓûêΓûêΓûêΓûêΓûêΓûêΓûï   | 2008/3000 [05:10<02:33,  6.46it/s]
 67%|ΓûêΓûêΓûêΓûêΓûêΓûêΓûï   | 2009/3000 [05:10<02:35,  6.36it/s]
 67%|ΓûêΓûêΓûêΓûêΓûêΓûêΓûï   | 2010/3000 [05:10<02:33,  6.45it/s]
 67%|ΓûêΓûêΓûêΓûêΓûêΓûêΓûï   | 2011/3000 [05:10<02:28,  6.67it/s]
 67%|ΓûêΓûêΓûêΓûêΓûêΓûêΓûï   | 2013/3000 [05:10<02:02,  8.03it/s]
 67%|ΓûêΓûêΓûêΓûêΓûêΓûêΓûï   | 2015/3000 [05:11<01:52,  8.75it/s]
 67%|ΓûêΓûêΓûêΓûêΓûêΓûêΓûï   | 2016/3000 [05:11<02:21,  6.95it/s]
 67%|ΓûêΓûêΓûêΓûêΓûêΓûêΓûï   | 2017/3000 [05:11<02:12,  7.41it/s]
 67%|ΓûêΓûêΓûêΓûêΓûêΓûêΓûï   | 2018/3000 [05:11<02:24,  6.80it/s]
 67%|ΓûêΓûêΓûêΓûêΓûêΓûêΓûï   | 2019/3000 [05:11<02:52,  5.68it/s]
 67%|ΓûêΓûêΓûêΓûêΓûêΓûêΓûï   | 2021/3000 [05:12<03:22,  4.82it/s]
 67%|ΓûêΓûêΓûêΓûêΓûêΓûêΓûï   | 2022/3000 [05:12<03:09,  5.16it/s]
 67%|ΓûêΓûêΓûêΓûêΓûêΓûêΓûï   | 2024/3000 [05:12<02:44,  5.95it/s]
 68%|ΓûêΓûêΓûêΓûêΓûêΓûêΓûè   | 2025/3000 [05:12<02:43,  5.95it/s]
 68%|ΓûêΓûêΓûêΓûêΓûêΓûêΓûè   | 2026/3000 [05:13<02:31,  6.43it/s]
 68%|ΓûêΓûêΓûêΓûêΓûêΓûêΓûè   | 2028/3000 [05:13<02:30,  6.47it/s]
 68%|ΓûêΓûêΓûêΓûêΓûêΓûêΓûè   | 2030/3000 [05:13<02:17,  7.07it/s]
 68%|ΓûêΓûêΓûêΓûêΓûêΓûêΓûè   | 2031/3000 [05:13<02:17,  7.06it/s]
 68%|ΓûêΓûêΓûêΓûêΓûêΓûêΓûè   | 2032/3000 [05:13<02:13,  7.27it/s]
 68%|ΓûêΓûêΓûêΓûêΓûêΓûêΓûè   | 2033/3000 [05:13<02:10,  7.39it/s]
 68%|ΓûêΓûêΓûêΓûêΓûêΓûêΓûè   | 2034/3000 [05:14<02:29,  6.47it/s]
 68%|ΓûêΓûêΓûêΓûêΓûêΓûêΓûè   | 2035/3000 [05:14<02:23,  6.71it/s]
 68%|ΓûêΓûêΓûêΓûêΓûêΓûêΓûè   | 2037/3000 [05:14<02:06,  7.60it/s]
 68%|ΓûêΓûêΓûêΓûêΓûêΓûêΓûè   | 2038/3000 [05:14<02:08,  7.49it/s]
 68%|ΓûêΓûêΓûêΓûêΓûêΓûêΓûè   | 2039/3000 [05:14<02:19,  6.87it/s]
 68%|ΓûêΓûêΓûêΓûêΓûêΓûêΓûè   | 2040/3000 [05:14<02:13,  7.20it/s]
 68%|ΓûêΓûêΓûêΓûêΓûêΓûêΓûè   | 2041/3000 [05:15<02:15,  7.09it/s]
 68%|ΓûêΓûêΓûêΓûêΓûêΓûêΓûè   | 2042/3000 [05:15<02:30,  6.36it/s]
 68%|ΓûêΓûêΓûêΓûêΓûêΓûêΓûè   | 2044/3000 [05:15<02:03,  7.72it/s]
 68%|ΓûêΓûêΓûêΓûêΓûêΓûêΓûè   | 2045/3000 [05:15<02:06,  7.57it/s]
 68%|ΓûêΓûêΓûêΓûêΓûêΓûêΓûè   | 2046/3000 [05:15<02:00,  7.94it/s]
 68%|ΓûêΓûêΓûêΓûêΓûêΓûêΓûè   | 2047/3000 [05:15<02:23,  6.65it/s]
 68%|ΓûêΓûêΓûêΓûêΓûêΓûêΓûè   | 2048/3000 [05:16<02:24,  6.59it/s]
 68%|ΓûêΓûêΓûêΓûêΓûêΓûêΓûè   | 2049/3000 [05:16<02:22,  6.68it/s]
 68%|ΓûêΓûêΓûêΓûêΓûêΓûêΓûè   | 2050/3000 [05:16<02:33,  6.20it/s]
 68%|ΓûêΓûêΓûêΓûêΓûêΓûêΓûè   | 2051/3000 [05:16<02:25,  6.54it/s]
 68%|ΓûêΓûêΓûêΓûêΓûêΓûêΓûè   | 2052/3000 [05:16<02:17,  6.91it/s]
 68%|ΓûêΓûêΓûêΓûêΓûêΓûêΓûè   | 2053/3000 [05:16<02:19,  6.81it/s]
 68%|ΓûêΓûêΓûêΓûêΓûêΓûêΓûè   | 2054/3000 [05:17<02:14,  7.02it/s]
 69%|ΓûêΓûêΓûêΓûêΓûêΓûêΓûè   | 2056/3000 [05:17<02:05,  7.51it/s]
 69%|ΓûêΓûêΓûêΓûêΓûêΓûêΓûè   | 2057/3000 [05:17<02:05,  7.50it/s]
 69%|ΓûêΓûêΓûêΓûêΓûêΓûêΓûè   | 2058/3000 [05:17<02:14,  7.01it/s]
 69%|ΓûêΓûêΓûêΓûêΓûêΓûêΓûè   | 2059/3000 [05:17<02:26,  6.42it/s]
 69%|ΓûêΓûêΓûêΓûêΓûêΓûêΓûè   | 2060/3000 [05:17<02:25,  6.47it/s]
 69%|ΓûêΓûêΓûêΓûêΓûêΓûêΓûè   | 2061/3000 [05:18<02:12,  7.10it/s]
 69%|ΓûêΓûêΓûêΓûêΓûêΓûêΓûè   | 2062/3000 [05:18<02:01,  7.74it/s]
 69%|ΓûêΓûêΓûêΓûêΓûêΓûêΓûë   | 2064/3000 [05:18<01:45,  8.85it/s]
 69%|ΓûêΓûêΓûêΓûêΓûêΓûêΓûë   | 2065/3000 [05:18<02:02,  7.62it/s]
 69%|ΓûêΓûêΓûêΓûêΓûêΓûêΓûë   | 2066/3000 [05:18<01:58,  7.88it/s]
 69%|ΓûêΓûêΓûêΓûêΓûêΓûêΓûë   | 2067/3000 [05:18<01:54,  8.14it/s]
 69%|ΓûêΓûêΓûêΓûêΓûêΓûêΓûë   | 2068/3000 [05:18<01:55,  8.08it/s]
 69%|ΓûêΓûêΓûêΓûêΓûêΓûêΓûë   | 2069/3000 [05:19<02:22,  6.55it/s]
 69%|ΓûêΓûêΓûêΓûêΓûêΓûêΓûë   | 2070/3000 [05:19<02:21,  6.56it/s]
 69%|ΓûêΓûêΓûêΓûêΓûêΓûêΓûë   | 2072/3000 [05:19<02:00,  7.70it/s]
 69%|ΓûêΓûêΓûêΓûêΓûêΓûêΓûë   | 2074/3000 [05:19<01:48,  8.52it/s]
 69%|ΓûêΓûêΓûêΓûêΓûêΓûêΓûë   | 2075/3000 [05:19<01:57,  7.90it/s]
 69%|ΓûêΓûêΓûêΓûêΓûêΓûêΓûë   | 2076/3000 [05:19<01:51,  8.32it/s]
 69%|ΓûêΓûêΓûêΓûêΓûêΓûêΓûë   | 2078/3000 [05:20<01:52,  8.23it/s]
 69%|ΓûêΓûêΓûêΓûêΓûêΓûêΓûë   | 2079/3000 [05:20<01:57,  7.85it/s]
 69%|ΓûêΓûêΓûêΓûêΓûêΓûêΓûë   | 2080/3000 [05:20<01:56,  7.91it/s]
 69%|ΓûêΓûêΓûêΓûêΓûêΓûêΓûë   | 2081/3000 [05:20<02:08,  7.17it/s]
 69%|ΓûêΓûêΓûêΓûêΓûêΓûêΓûë   | 2082/3000 [05:20<02:16,  6.70it/s]
 69%|ΓûêΓûêΓûêΓûêΓûêΓûêΓûë   | 2083/3000 [05:21<02:57,  5.18it/s]
 69%|ΓûêΓûêΓûêΓûêΓûêΓûêΓûë   | 2084/3000 [05:21<02:56,  5.19it/s]
 70%|ΓûêΓûêΓûêΓûêΓûêΓûêΓûë   | 2085/3000 [05:21<03:40,  4.15it/s]
 70%|ΓûêΓûêΓûêΓûêΓûêΓûêΓûë   | 2087/3000 [05:21<02:51,  5.31it/s]
 70%|ΓûêΓûêΓûêΓûêΓûêΓûêΓûë   | 2088/3000 [05:21<02:42,  5.61it/s]
 70%|ΓûêΓûêΓûêΓûêΓûêΓûêΓûë   | 2089/3000 [05:22<02:30,  6.05it/s]
 70%|ΓûêΓûêΓûêΓûêΓûêΓûêΓûë   | 2091/3000 [05:22<02:07,  7.15it/s]
 70%|ΓûêΓûêΓûêΓûêΓûêΓûêΓûë   | 2092/3000 [05:22<02:01,  7.50it/s]
 70%|ΓûêΓûêΓûêΓûêΓûêΓûêΓûë   | 2093/3000 [05:22<02:13,  6.78it/s]
 70%|ΓûêΓûêΓûêΓûêΓûêΓûêΓûë   | 2094/3000 [05:22<02:17,  6.60it/s]
 70%|ΓûêΓûêΓûêΓûêΓûêΓûêΓûë   | 2096/3000 [05:23<02:01,  7.42it/s]
 70%|ΓûêΓûêΓûêΓûêΓûêΓûêΓûë   | 2097/3000 [05:23<02:21,  6.39it/s]
 70%|ΓûêΓûêΓûêΓûêΓûêΓûêΓûë   | 2099/3000 [05:23<02:10,  6.91it/s]
 70%|ΓûêΓûêΓûêΓûêΓûêΓûêΓûê   | 2100/3000 [05:23<02:13,  6.75it/s]
 70%|ΓûêΓûêΓûêΓûêΓûêΓûêΓûê   | 2101/3000 [05:23<02:16,  6.58it/s]
 70%|ΓûêΓûêΓûêΓûêΓûêΓûêΓûê   | 2102/3000 [05:23<02:05,  7.14it/s]
 70%|ΓûêΓûêΓûêΓûêΓûêΓûêΓûê   | 2104/3000 [05:24<01:33,  9.54it/s]
 70%|ΓûêΓûêΓûêΓûêΓûêΓûêΓûê   | 2106/3000 [05:24<01:50,  8.12it/s]
 70%|ΓûêΓûêΓûêΓûêΓûêΓûêΓûê   | 2108/3000 [05:24<01:45,  8.47it/s]
 70%|ΓûêΓûêΓûêΓûêΓûêΓûêΓûê   | 2109/3000 [05:24<01:56,  7.65it/s]
 70%|ΓûêΓûêΓûêΓûêΓûêΓûêΓûê   | 2111/3000 [05:24<01:52,  7.89it/s]
 70%|ΓûêΓûêΓûêΓûêΓûêΓûêΓûê   | 2112/3000 [05:25<01:49,  8.10it/s]
 70%|ΓûêΓûêΓûêΓûêΓûêΓûêΓûê   | 2114/3000 [05:25<01:54,  7.76it/s]
 71%|ΓûêΓûêΓûêΓûêΓûêΓûêΓûê   | 2116/3000 [05:25<01:44,  8.46it/s]
 71%|ΓûêΓûêΓûêΓûêΓûêΓûêΓûê   | 2117/3000 [05:25<01:47,  8.23it/s]
 71%|ΓûêΓûêΓûêΓûêΓûêΓûêΓûê   | 2118/3000 [05:25<01:56,  7.57it/s]
 71%|ΓûêΓûêΓûêΓûêΓûêΓûêΓûê   | 2119/3000 [05:25<01:52,  7.85it/s]
 71%|ΓûêΓûêΓûêΓûêΓûêΓûêΓûê   | 2120/3000 [05:26<02:00,  7.32it/s]
 71%|ΓûêΓûêΓûêΓûêΓûêΓûêΓûê   | 2121/3000 [05:26<02:06,  6.92it/s]
 71%|ΓûêΓûêΓûêΓûêΓûêΓûêΓûê   | 2122/3000 [05:26<02:11,  6.65it/s]
 71%|ΓûêΓûêΓûêΓûêΓûêΓûêΓûê   | 2123/3000 [05:26<02:37,  5.56it/s]
 71%|ΓûêΓûêΓûêΓûêΓûêΓûêΓûê   | 2124/3000 [05:26<02:18,  6.31it/s]
 71%|ΓûêΓûêΓûêΓûêΓûêΓûêΓûê   | 2125/3000 [05:27<02:26,  5.97it/s]
 71%|ΓûêΓûêΓûêΓûêΓûêΓûêΓûê   | 2126/3000 [05:27<02:11,  6.63it/s]
 71%|ΓûêΓûêΓûêΓûêΓûêΓûêΓûê   | 2127/3000 [05:27<02:07,  6.87it/s]
 71%|ΓûêΓûêΓûêΓûêΓûêΓûêΓûê   | 2128/3000 [05:27<02:02,  7.10it/s]
 71%|ΓûêΓûêΓûêΓûêΓûêΓûêΓûê   | 2129/3000 [05:27<02:03,  7.03it/s]
 71%|ΓûêΓûêΓûêΓûêΓûêΓûêΓûê   | 2130/3000 [05:27<02:01,  7.18it/s]
 71%|ΓûêΓûêΓûêΓûêΓûêΓûêΓûê   | 2131/3000 [05:27<02:00,  7.21it/s]
 71%|ΓûêΓûêΓûêΓûêΓûêΓûêΓûê   | 2132/3000 [05:28<02:14,  6.44it/s]
 71%|ΓûêΓûêΓûêΓûêΓûêΓûêΓûê   | 2133/3000 [05:28<02:34,  5.63it/s]
 71%|ΓûêΓûêΓûêΓûêΓûêΓûêΓûê   | 2134/3000 [05:28<02:39,  5.41it/s]
 71%|ΓûêΓûêΓûêΓûêΓûêΓûêΓûê   | 2135/3000 [05:28<02:31,  5.71it/s]
 71%|ΓûêΓûêΓûêΓûêΓûêΓûêΓûê   | 2136/3000 [05:28<02:20,  6.14it/s]
 71%|ΓûêΓûêΓûêΓûêΓûêΓûêΓûê   | 2137/3000 [05:28<02:20,  6.16it/s]
 71%|ΓûêΓûêΓûêΓûêΓûêΓûêΓûêΓûÅ  | 2138/3000 [05:29<02:12,  6.51it/s]
 71%|ΓûêΓûêΓûêΓûêΓûêΓûêΓûêΓûÅ  | 2139/3000 [05:29<02:06,  6.79it/s]
 71%|ΓûêΓûêΓûêΓûêΓûêΓûêΓûêΓûÅ  | 2140/3000 [05:29<02:08,  6.70it/s]
 71%|ΓûêΓûêΓûêΓûêΓûêΓûêΓûêΓûÅ  | 2141/3000 [05:29<02:00,  7.10it/s]
 71%|ΓûêΓûêΓûêΓûêΓûêΓûêΓûêΓûÅ  | 2142/3000 [05:29<02:25,  5.91it/s]
 71%|ΓûêΓûêΓûêΓûêΓûêΓûêΓûêΓûÅ  | 2143/3000 [05:29<02:17,  6.24it/s]
 71%|ΓûêΓûêΓûêΓûêΓûêΓûêΓûêΓûÅ  | 2144/3000 [05:30<02:22,  5.99it/s]
 72%|ΓûêΓûêΓûêΓûêΓûêΓûêΓûêΓûÅ  | 2145/3000 [05:30<02:17,  6.23it/s]
 72%|ΓûêΓûêΓûêΓûêΓûêΓûêΓûêΓûÅ  | 2146/3000 [05:30<02:30,  5.67it/s]
 72%|ΓûêΓûêΓûêΓûêΓûêΓûêΓûêΓûÅ  | 2148/3000 [05:30<02:06,  6.73it/s]
 72%|ΓûêΓûêΓûêΓûêΓûêΓûêΓûêΓûÅ  | 2149/3000 [05:30<02:27,  5.77it/s]
 72%|ΓûêΓûêΓûêΓûêΓûêΓûêΓûêΓûÅ  | 2151/3000 [05:30<01:45,  8.02it/s]
 72%|ΓûêΓûêΓûêΓûêΓûêΓûêΓûêΓûÅ  | 2152/3000 [05:31<01:43,  8.23it/s]
 72%|ΓûêΓûêΓûêΓûêΓûêΓûêΓûêΓûÅ  | 2153/3000 [05:31<01:42,  8.24it/s]
 72%|ΓûêΓûêΓûêΓûêΓûêΓûêΓûêΓûÅ  | 2154/3000 [05:31<01:59,  7.09it/s]
 72%|ΓûêΓûêΓûêΓûêΓûêΓûêΓûêΓûÅ  | 2155/3000 [05:31<02:17,  6.15it/s]
 72%|ΓûêΓûêΓûêΓûêΓûêΓûêΓûêΓûÅ  | 2156/3000 [05:31<02:05,  6.73it/s]
 72%|ΓûêΓûêΓûêΓûêΓûêΓûêΓûêΓûÅ  | 2157/3000 [05:31<01:53,  7.41it/s]
 72%|ΓûêΓûêΓûêΓûêΓûêΓûêΓûêΓûÅ  | 2158/3000 [05:31<02:03,  6.82it/s]
 72%|ΓûêΓûêΓûêΓûêΓûêΓûêΓûêΓûÅ  | 2159/3000 [05:32<02:34,  5.43it/s]
 72%|ΓûêΓûêΓûêΓûêΓûêΓûêΓûêΓûÅ  | 2160/3000 [05:32<02:14,  6.23it/s]
 72%|ΓûêΓûêΓûêΓûêΓûêΓûêΓûêΓûÅ  | 2161/3000 [05:32<02:03,  6.82it/s]
 72%|ΓûêΓûêΓûêΓûêΓûêΓûêΓûêΓûÅ  | 2162/3000 [05:32<02:03,  6.76it/s]
 72%|ΓûêΓûêΓûêΓûêΓûêΓûêΓûêΓûÅ  | 2163/3000 [05:32<02:08,  6.51it/s]
 72%|ΓûêΓûêΓûêΓûêΓûêΓûêΓûêΓûÅ  | 2164/3000 [05:32<02:04,  6.74it/s]
 72%|ΓûêΓûêΓûêΓûêΓûêΓûêΓûêΓûÅ  | 2165/3000 [05:33<02:07,  6.57it/s]
 72%|ΓûêΓûêΓûêΓûêΓûêΓûêΓûêΓûÅ  | 2166/3000 [05:33<02:00,  6.91it/s]
 72%|ΓûêΓûêΓûêΓûêΓûêΓûêΓûêΓûÅ  | 2167/3000 [05:33<02:00,  6.91it/s]
 72%|ΓûêΓûêΓûêΓûêΓûêΓûêΓûêΓûÅ  | 2168/3000 [05:33<01:58,  6.99it/s]
 72%|ΓûêΓûêΓûêΓûêΓûêΓûêΓûêΓûÅ  | 2169/3000 [05:33<01:51,  7.46it/s]
 72%|ΓûêΓûêΓûêΓûêΓûêΓûêΓûêΓûÅ  | 2170/3000 [05:33<02:13,  6.21it/s]
 72%|ΓûêΓûêΓûêΓûêΓûêΓûêΓûêΓûÅ  | 2171/3000 [05:34<02:19,  5.95it/s]
 72%|ΓûêΓûêΓûêΓûêΓûêΓûêΓûêΓûÅ  | 2172/3000 [05:34<02:11,  6.29it/s]
 72%|ΓûêΓûêΓûêΓûêΓûêΓûêΓûêΓûÅ  | 2173/3000 [05:34<02:12,  6.24it/s]
 72%|ΓûêΓûêΓûêΓûêΓûêΓûêΓûêΓûÅ  | 2174/3000 [05:34<02:04,  6.63it/s]
 73%|ΓûêΓûêΓûêΓûêΓûêΓûêΓûêΓûÄ  | 2177/3000 [05:34<01:40,  8.23it/s]
 73%|ΓûêΓûêΓûêΓûêΓûêΓûêΓûêΓûÄ  | 2179/3000 [05:35<01:40,  8.17it/s]
 73%|ΓûêΓûêΓûêΓûêΓûêΓûêΓûêΓûÄ  | 2180/3000 [05:35<01:41,  8.07it/s]
 73%|ΓûêΓûêΓûêΓûêΓûêΓûêΓûêΓûÄ  | 2181/3000 [05:35<01:57,  6.95it/s]
 73%|ΓûêΓûêΓûêΓûêΓûêΓûêΓûêΓûÄ  | 2182/3000 [05:35<01:56,  7.01it/s]
 73%|ΓûêΓûêΓûêΓûêΓûêΓûêΓûêΓûÄ  | 2184/3000 [05:35<01:42,  8.00it/s]
 73%|ΓûêΓûêΓûêΓûêΓûêΓûêΓûêΓûÄ  | 2185/3000 [05:35<01:39,  8.21it/s]
 73%|ΓûêΓûêΓûêΓûêΓûêΓûêΓûêΓûÄ  | 2186/3000 [05:35<01:50,  7.37it/s]
 73%|ΓûêΓûêΓûêΓûêΓûêΓûêΓûêΓûÄ  | 2187/3000 [05:36<01:49,  7.45it/s]
 73%|ΓûêΓûêΓûêΓûêΓûêΓûêΓûêΓûÄ  | 2188/3000 [05:36<01:41,  7.99it/s]
 73%|ΓûêΓûêΓûêΓûêΓûêΓûêΓûêΓûÄ  | 2189/3000 [05:36<01:48,  7.50it/s]
 73%|ΓûêΓûêΓûêΓûêΓûêΓûêΓûêΓûÄ  | 2190/3000 [05:36<01:52,  7.23it/s]
 73%|ΓûêΓûêΓûêΓûêΓûêΓûêΓûêΓûÄ  | 2191/3000 [05:36<02:03,  6.56it/s]
 73%|ΓûêΓûêΓûêΓûêΓûêΓûêΓûêΓûÄ  | 2192/3000 [05:36<01:58,  6.81it/s]
 73%|ΓûêΓûêΓûêΓûêΓûêΓûêΓûêΓûÄ  | 2193/3000 [05:36<01:50,  7.31it/s]
 73%|ΓûêΓûêΓûêΓûêΓûêΓûêΓûêΓûÄ  | 2194/3000 [05:37<01:47,  7.50it/s]
 73%|ΓûêΓûêΓûêΓûêΓûêΓûêΓûêΓûÄ  | 2195/3000 [05:37<02:37,  5.11it/s]
 73%|ΓûêΓûêΓûêΓûêΓûêΓûêΓûêΓûÄ  | 2196/3000 [05:37<02:29,  5.37it/s]
 73%|ΓûêΓûêΓûêΓûêΓûêΓûêΓûêΓûÄ  | 2197/3000 [05:37<02:18,  5.80it/s]
 73%|ΓûêΓûêΓûêΓûêΓûêΓûêΓûêΓûÄ  | 2199/3000 [05:38<02:07,  6.26it/s]
 73%|ΓûêΓûêΓûêΓûêΓûêΓûêΓûêΓûÄ  | 2200/3000 [05:38<02:04,  6.40it/s]
 73%|ΓûêΓûêΓûêΓûêΓûêΓûêΓûêΓûÄ  | 2201/3000 [05:38<01:57,  6.82it/s]
 73%|ΓûêΓûêΓûêΓûêΓûêΓûêΓûêΓûÄ  | 2203/3000 [05:38<01:41,  7.85it/s]
 73%|ΓûêΓûêΓûêΓûêΓûêΓûêΓûêΓûÄ  | 2204/3000 [05:38<01:45,  7.56it/s]
 74%|ΓûêΓûêΓûêΓûêΓûêΓûêΓûêΓûÄ  | 2205/3000 [05:39<02:40,  4.94it/s]
 74%|ΓûêΓûêΓûêΓûêΓûêΓûêΓûêΓûÄ  | 2206/3000 [05:39<02:34,  5.13it/s]
 74%|ΓûêΓûêΓûêΓûêΓûêΓûêΓûêΓûÄ  | 2207/3000 [05:39<02:47,  4.73it/s]
 74%|ΓûêΓûêΓûêΓûêΓûêΓûêΓûêΓûÄ  | 2208/3000 [05:39<02:23,  5.50it/s]
 74%|ΓûêΓûêΓûêΓûêΓûêΓûêΓûêΓûÄ  | 2209/3000 [05:39<02:06,  6.23it/s]
 74%|ΓûêΓûêΓûêΓûêΓûêΓûêΓûêΓûÄ  | 2210/3000 [05:39<02:18,  5.72it/s]
 74%|ΓûêΓûêΓûêΓûêΓûêΓûêΓûêΓûÄ  | 2211/3000 [05:40<02:16,  5.77it/s]
 74%|ΓûêΓûêΓûêΓûêΓûêΓûêΓûêΓûÄ  | 2212/3000 [05:40<02:15,  5.84it/s]
 74%|ΓûêΓûêΓûêΓûêΓûêΓûêΓûêΓûì  | 2213/3000 [05:40<02:11,  6.00it/s]
 74%|ΓûêΓûêΓûêΓûêΓûêΓûêΓûêΓûì  | 2214/3000 [05:40<02:03,  6.37it/s]
 74%|ΓûêΓûêΓûêΓûêΓûêΓûêΓûêΓûì  | 2215/3000 [05:40<01:53,  6.89it/s]
 74%|ΓûêΓûêΓûêΓûêΓûêΓûêΓûêΓûì  | 2216/3000 [05:40<01:56,  6.72it/s]
 74%|ΓûêΓûêΓûêΓûêΓûêΓûêΓûêΓûì  | 2217/3000 [05:40<01:56,  6.70it/s]
 74%|ΓûêΓûêΓûêΓûêΓûêΓûêΓûêΓûì  | 2218/3000 [05:41<01:59,  6.52it/s]
 74%|ΓûêΓûêΓûêΓûêΓûêΓûêΓûêΓûì  | 2219/3000 [05:41<01:49,  7.12it/s]
 74%|ΓûêΓûêΓûêΓûêΓûêΓûêΓûêΓûì  | 2220/3000 [05:41<01:54,  6.83it/s]
 74%|ΓûêΓûêΓûêΓûêΓûêΓûêΓûêΓûì  | 2221/3000 [05:41<02:04,  6.28it/s]
 74%|ΓûêΓûêΓûêΓûêΓûêΓûêΓûêΓûì  | 2222/3000 [05:41<01:52,  6.91it/s]
 74%|ΓûêΓûêΓûêΓûêΓûêΓûêΓûêΓûì  | 2223/3000 [05:41<01:45,  7.40it/s]
 74%|ΓûêΓûêΓûêΓûêΓûêΓûêΓûêΓûì  | 2224/3000 [05:41<01:55,  6.70it/s]
 74%|ΓûêΓûêΓûêΓûêΓûêΓûêΓûêΓûì  | 2225/3000 [05:42<01:48,  7.13it/s]
 74%|ΓûêΓûêΓûêΓûêΓûêΓûêΓûêΓûì  | 2226/3000 [05:42<01:56,  6.62it/s]
 74%|ΓûêΓûêΓûêΓûêΓûêΓûêΓûêΓûì  | 2227/3000 [05:42<01:54,  6.76it/s]
 74%|ΓûêΓûêΓûêΓûêΓûêΓûêΓûêΓûì  | 2228/3000 [05:42<01:45,  7.33it/s]
 74%|ΓûêΓûêΓûêΓûêΓûêΓûêΓûêΓûì  | 2229/3000 [05:42<02:03,  6.25it/s]
 74%|ΓûêΓûêΓûêΓûêΓûêΓûêΓûêΓûì  | 2230/3000 [05:42<02:00,  6.36it/s]
 74%|ΓûêΓûêΓûêΓûêΓûêΓûêΓûêΓûì  | 2231/3000 [05:42<01:50,  6.99it/s]
 74%|ΓûêΓûêΓûêΓûêΓûêΓûêΓûêΓûì  | 2233/3000 [05:43<01:33,  8.22it/s]
 74%|ΓûêΓûêΓûêΓûêΓûêΓûêΓûêΓûì  | 2234/3000 [05:43<01:49,  6.99it/s]
 74%|ΓûêΓûêΓûêΓûêΓûêΓûêΓûêΓûì  | 2235/3000 [05:43<01:59,  6.40it/s]
 75%|ΓûêΓûêΓûêΓûêΓûêΓûêΓûêΓûì  | 2236/3000 [05:43<01:58,  6.44it/s]
 75%|ΓûêΓûêΓûêΓûêΓûêΓûêΓûêΓûì  | 2237/3000 [05:43<01:54,  6.66it/s]
 75%|ΓûêΓûêΓûêΓûêΓûêΓûêΓûêΓûì  | 2239/3000 [05:44<01:42,  7.43it/s]
 75%|ΓûêΓûêΓûêΓûêΓûêΓûêΓûêΓûì  | 2240/3000 [05:44<01:36,  7.89it/s]
 75%|ΓûêΓûêΓûêΓûêΓûêΓûêΓûêΓûì  | 2241/3000 [05:44<01:33,  8.13it/s]
 75%|ΓûêΓûêΓûêΓûêΓûêΓûêΓûêΓûì  | 2242/3000 [05:44<01:36,  7.88it/s]
 75%|ΓûêΓûêΓûêΓûêΓûêΓûêΓûêΓûì  | 2243/3000 [05:44<01:36,  7.85it/s]
 75%|ΓûêΓûêΓûêΓûêΓûêΓûêΓûêΓûì  | 2244/3000 [05:44<01:32,  8.21it/s]
 75%|ΓûêΓûêΓûêΓûêΓûêΓûêΓûêΓûì  | 2245/3000 [05:44<01:35,  7.94it/s]
 75%|ΓûêΓûêΓûêΓûêΓûêΓûêΓûêΓûì  | 2247/3000 [05:45<01:27,  8.58it/s]
 75%|ΓûêΓûêΓûêΓûêΓûêΓûêΓûêΓûì  | 2249/3000 [05:45<01:21,  9.24it/s]
 75%|ΓûêΓûêΓûêΓûêΓûêΓûêΓûêΓûî  | 2250/3000 [05:45<01:25,  8.73it/s]
 75%|ΓûêΓûêΓûêΓûêΓûêΓûêΓûêΓûî  | 2251/3000 [05:45<01:24,  8.84it/s]
 75%|ΓûêΓûêΓûêΓûêΓûêΓûêΓûêΓûî  | 2252/3000 [05:45<01:39,  7.56it/s]
 75%|ΓûêΓûêΓûêΓûêΓûêΓûêΓûêΓûî  | 2253/3000 [05:45<01:47,  6.93it/s]
 75%|ΓûêΓûêΓûêΓûêΓûêΓûêΓûêΓûî  | 2255/3000 [05:46<01:34,  7.89it/s]
 75%|ΓûêΓûêΓûêΓûêΓûêΓûêΓûêΓûî  | 2256/3000 [05:46<01:31,  8.13it/s]
 75%|ΓûêΓûêΓûêΓûêΓûêΓûêΓûêΓûî  | 2258/3000 [05:46<01:38,  7.53it/s]
 75%|ΓûêΓûêΓûêΓûêΓûêΓûêΓûêΓûî  | 2259/3000 [05:46<01:48,  6.80it/s]
 75%|ΓûêΓûêΓûêΓûêΓûêΓûêΓûêΓûî  | 2260/3000 [05:46<01:51,  6.63it/s]
 75%|ΓûêΓûêΓûêΓûêΓûêΓûêΓûêΓûî  | 2261/3000 [05:46<01:57,  6.28it/s]
 75%|ΓûêΓûêΓûêΓûêΓûêΓûêΓûêΓûî  | 2262/3000 [05:47<01:54,  6.42it/s]
 75%|ΓûêΓûêΓûêΓûêΓûêΓûêΓûêΓûî  | 2263/3000 [05:47<01:58,  6.21it/s]
 75%|ΓûêΓûêΓûêΓûêΓûêΓûêΓûêΓûî  | 2264/3000 [05:47<01:51,  6.62it/s]
 76%|ΓûêΓûêΓûêΓûêΓûêΓûêΓûêΓûî  | 2265/3000 [05:47<01:52,  6.54it/s]
 76%|ΓûêΓûêΓûêΓûêΓûêΓûêΓûêΓûî  | 2266/3000 [05:47<02:21,  5.20it/s]
 76%|ΓûêΓûêΓûêΓûêΓûêΓûêΓûêΓûî  | 2267/3000 [05:48<02:15,  5.40it/s]
 76%|ΓûêΓûêΓûêΓûêΓûêΓûêΓûêΓûî  | 2268/3000 [05:48<02:05,  5.83it/s]
 76%|ΓûêΓûêΓûêΓûêΓûêΓûêΓûêΓûî  | 2269/3000 [05:48<02:21,  5.15it/s]
 76%|ΓûêΓûêΓûêΓûêΓûêΓûêΓûêΓûî  | 2271/3000 [05:48<01:40,  7.22it/s]
 76%|ΓûêΓûêΓûêΓûêΓûêΓûêΓûêΓûî  | 2272/3000 [05:48<01:54,  6.36it/s]
 76%|ΓûêΓûêΓûêΓûêΓûêΓûêΓûêΓûî  | 2273/3000 [05:48<01:47,  6.75it/s]
 76%|ΓûêΓûêΓûêΓûêΓûêΓûêΓûêΓûî  | 2274/3000 [05:49<01:43,  7.03it/s]
 76%|ΓûêΓûêΓûêΓûêΓûêΓûêΓûêΓûî  | 2275/3000 [05:49<01:38,  7.37it/s]
 76%|ΓûêΓûêΓûêΓûêΓûêΓûêΓûêΓûî  | 2276/3000 [05:49<01:33,  7.76it/s]
 76%|ΓûêΓûêΓûêΓûêΓûêΓûêΓûêΓûî  | 2277/3000 [05:49<01:58,  6.09it/s]
 76%|ΓûêΓûêΓûêΓûêΓûêΓûêΓûêΓûî  | 2278/3000 [05:49<01:51,  6.46it/s]
 76%|ΓûêΓûêΓûêΓûêΓûêΓûêΓûêΓûî  | 2279/3000 [05:49<01:41,  7.11it/s]
 76%|ΓûêΓûêΓûêΓûêΓûêΓûêΓûêΓûî  | 2280/3000 [05:49<01:48,  6.65it/s]
 76%|ΓûêΓûêΓûêΓûêΓûêΓûêΓûêΓûî  | 2281/3000 [05:50<01:39,  7.20it/s]
 76%|ΓûêΓûêΓûêΓûêΓûêΓûêΓûêΓûî  | 2282/3000 [05:50<01:34,  7.56it/s]
 76%|ΓûêΓûêΓûêΓûêΓûêΓûêΓûêΓûî  | 2283/3000 [05:50<01:46,  6.72it/s]
 76%|ΓûêΓûêΓûêΓûêΓûêΓûêΓûêΓûî  | 2284/3000 [05:50<01:36,  7.44it/s]
 76%|ΓûêΓûêΓûêΓûêΓûêΓûêΓûêΓûî  | 2285/3000 [05:50<01:57,  6.06it/s]
 76%|ΓûêΓûêΓûêΓûêΓûêΓûêΓûêΓûî  | 2286/3000 [05:50<01:48,  6.57it/s]
 76%|ΓûêΓûêΓûêΓûêΓûêΓûêΓûêΓûî  | 2287/3000 [05:51<02:38,  4.49it/s]
 76%|ΓûêΓûêΓûêΓûêΓûêΓûêΓûêΓûï  | 2288/3000 [05:51<02:13,  5.34it/s]
 76%|ΓûêΓûêΓûêΓûêΓûêΓûêΓûêΓûï  | 2289/3000 [05:51<02:06,  5.61it/s]
 76%|ΓûêΓûêΓûêΓûêΓûêΓûêΓûêΓûï  | 2290/3000 [05:51<02:10,  5.44it/s]
 76%|ΓûêΓûêΓûêΓûêΓûêΓûêΓûêΓûï  | 2292/3000 [05:51<01:44,  6.79it/s]
 76%|ΓûêΓûêΓûêΓûêΓûêΓûêΓûêΓûï  | 2293/3000 [05:51<01:39,  7.12it/s]
 76%|ΓûêΓûêΓûêΓûêΓûêΓûêΓûêΓûï  | 2294/3000 [05:52<01:43,  6.82it/s]
 77%|ΓûêΓûêΓûêΓûêΓûêΓûêΓûêΓûï  | 2296/3000 [05:52<01:29,  7.90it/s]
 77%|ΓûêΓûêΓûêΓûêΓûêΓûêΓûêΓûï  | 2297/3000 [05:52<01:53,  6.21it/s]
 77%|ΓûêΓûêΓûêΓûêΓûêΓûêΓûêΓûï  | 2298/3000 [05:52<01:56,  6.00it/s]
 77%|ΓûêΓûêΓûêΓûêΓûêΓûêΓûêΓûï  | 2299/3000 [05:53<02:07,  5.49it/s]
 77%|ΓûêΓûêΓûêΓûêΓûêΓûêΓûêΓûï  | 2300/3000 [05:53<01:53,  6.16it/s]
 77%|ΓûêΓûêΓûêΓûêΓûêΓûêΓûêΓûï  | 2301/3000 [05:53<01:48,  6.44it/s]
 77%|ΓûêΓûêΓûêΓûêΓûêΓûêΓûêΓûï  | 2302/3000 [05:53<02:04,  5.61it/s]
 77%|ΓûêΓûêΓûêΓûêΓûêΓûêΓûêΓûï  | 2303/3000 [05:53<02:10,  5.35it/s]
 77%|ΓûêΓûêΓûêΓûêΓûêΓûêΓûêΓûï  | 2304/3000 [05:53<01:59,  5.83it/s]
 77%|ΓûêΓûêΓûêΓûêΓûêΓûêΓûêΓûï  | 2305/3000 [05:54<01:51,  6.23it/s]
 77%|ΓûêΓûêΓûêΓûêΓûêΓûêΓûêΓûï  | 2306/3000 [05:54<01:57,  5.90it/s]
 77%|ΓûêΓûêΓûêΓûêΓûêΓûêΓûêΓûï  | 2307/3000 [05:54<01:54,  6.07it/s]
 77%|ΓûêΓûêΓûêΓûêΓûêΓûêΓûêΓûï  | 2308/3000 [05:54<01:45,  6.58it/s]
 77%|ΓûêΓûêΓûêΓûêΓûêΓûêΓûêΓûï  | 2310/3000 [05:54<01:35,  7.23it/s]
 77%|ΓûêΓûêΓûêΓûêΓûêΓûêΓûêΓûï  | 2311/3000 [05:54<01:39,  6.90it/s]
 77%|ΓûêΓûêΓûêΓûêΓûêΓûêΓûêΓûï  | 2313/3000 [05:54<01:13,  9.32it/s]
 77%|ΓûêΓûêΓûêΓûêΓûêΓûêΓûêΓûï  | 2315/3000 [05:55<01:24,  8.11it/s]
 77%|ΓûêΓûêΓûêΓûêΓûêΓûêΓûêΓûï  | 2316/3000 [05:55<01:25,  8.00it/s]
 77%|ΓûêΓûêΓûêΓûêΓûêΓûêΓûêΓûï  | 2317/3000 [05:55<01:34,  7.23it/s]
 77%|ΓûêΓûêΓûêΓûêΓûêΓûêΓûêΓûï  | 2318/3000 [05:55<01:41,  6.70it/s]
 77%|ΓûêΓûêΓûêΓûêΓûêΓûêΓûêΓûï  | 2319/3000 [05:56<02:19,  4.88it/s]
 77%|ΓûêΓûêΓûêΓûêΓûêΓûêΓûêΓûï  | 2320/3000 [05:56<02:21,  4.79it/s]
 77%|ΓûêΓûêΓûêΓûêΓûêΓûêΓûêΓûï  | 2321/3000 [05:56<02:14,  5.04it/s]
 77%|ΓûêΓûêΓûêΓûêΓûêΓûêΓûêΓûï  | 2322/3000 [05:56<02:11,  5.16it/s]
 77%|ΓûêΓûêΓûêΓûêΓûêΓûêΓûêΓûï  | 2323/3000 [05:56<02:00,  5.62it/s]
 77%|ΓûêΓûêΓûêΓûêΓûêΓûêΓûêΓûï  | 2324/3000 [05:57<02:13,  5.05it/s]
 78%|ΓûêΓûêΓûêΓûêΓûêΓûêΓûêΓûè  | 2325/3000 [05:57<02:18,  4.86it/s]
 78%|ΓûêΓûêΓûêΓûêΓûêΓûêΓûêΓûè  | 2326/3000 [05:57<02:05,  5.37it/s]
 78%|ΓûêΓûêΓûêΓûêΓûêΓûêΓûêΓûè  | 2328/3000 [05:57<01:55,  5.83it/s]
 78%|ΓûêΓûêΓûêΓûêΓûêΓûêΓûêΓûè  | 2329/3000 [05:58<02:05,  5.36it/s]
 78%|ΓûêΓûêΓûêΓûêΓûêΓûêΓûêΓûè  | 2330/3000 [05:58<02:07,  5.28it/s]
 78%|ΓûêΓûêΓûêΓûêΓûêΓûêΓûêΓûè  | 2331/3000 [05:58<02:08,  5.20it/s]
 78%|ΓûêΓûêΓûêΓûêΓûêΓûêΓûêΓûè  | 2332/3000 [05:58<02:19,  4.77it/s]
 78%|ΓûêΓûêΓûêΓûêΓûêΓûêΓûêΓûè  | 2333/3000 [05:58<02:34,  4.32it/s]
 78%|ΓûêΓûêΓûêΓûêΓûêΓûêΓûêΓûè  | 2334/3000 [05:59<02:23,  4.64it/s]
 78%|ΓûêΓûêΓûêΓûêΓûêΓûêΓûêΓûè  | 2335/3000 [05:59<02:05,  5.28it/s]
 78%|ΓûêΓûêΓûêΓûêΓûêΓûêΓûêΓûè  | 2336/3000 [05:59<01:48,  6.12it/s]
 78%|ΓûêΓûêΓûêΓûêΓûêΓûêΓûêΓûè  | 2337/3000 [05:59<01:40,  6.58it/s]
 78%|ΓûêΓûêΓûêΓûêΓûêΓûêΓûêΓûè  | 2338/3000 [05:59<01:45,  6.27it/s]
 78%|ΓûêΓûêΓûêΓûêΓûêΓûêΓûêΓûè  | 2339/3000 [05:59<01:34,  7.01it/s]
 78%|ΓûêΓûêΓûêΓûêΓûêΓûêΓûêΓûè  | 2340/3000 [05:59<01:47,  6.14it/s]
 78%|ΓûêΓûêΓûêΓûêΓûêΓûêΓûêΓûè  | 2341/3000 [06:00<01:38,  6.71it/s]
 78%|ΓûêΓûêΓûêΓûêΓûêΓûêΓûêΓûè  | 2342/3000 [06:00<01:30,  7.31it/s]
 78%|ΓûêΓûêΓûêΓûêΓûêΓûêΓûêΓûè  | 2344/3000 [06:00<01:45,  6.21it/s]
 78%|ΓûêΓûêΓûêΓûêΓûêΓûêΓûêΓûè  | 2345/3000 [06:00<01:38,  6.62it/s]
 78%|ΓûêΓûêΓûêΓûêΓûêΓûêΓûêΓûè  | 2346/3000 [06:00<01:47,  6.09it/s]
 78%|ΓûêΓûêΓûêΓûêΓûêΓûêΓûêΓûè  | 2347/3000 [06:00<01:36,  6.79it/s]
 78%|ΓûêΓûêΓûêΓûêΓûêΓûêΓûêΓûè  | 2348/3000 [06:01<01:27,  7.44it/s]
 78%|ΓûêΓûêΓûêΓûêΓûêΓûêΓûêΓûè  | 2349/3000 [06:01<01:27,  7.46it/s]
 78%|ΓûêΓûêΓûêΓûêΓûêΓûêΓûêΓûè  | 2350/3000 [06:01<01:27,  7.42it/s]
 78%|ΓûêΓûêΓûêΓûêΓûêΓûêΓûêΓûè  | 2351/3000 [06:01<01:20,  8.02it/s]
 78%|ΓûêΓûêΓûêΓûêΓûêΓûêΓûêΓûè  | 2352/3000 [06:01<01:28,  7.33it/s]
 78%|ΓûêΓûêΓûêΓûêΓûêΓûêΓûêΓûè  | 2353/3000 [06:01<01:22,  7.80it/s]
 78%|ΓûêΓûêΓûêΓûêΓûêΓûêΓûêΓûè  | 2354/3000 [06:01<01:22,  7.86it/s]
 78%|ΓûêΓûêΓûêΓûêΓûêΓûêΓûêΓûè  | 2355/3000 [06:01<01:21,  7.89it/s]
 79%|ΓûêΓûêΓûêΓûêΓûêΓûêΓûêΓûè  | 2357/3000 [06:02<01:12,  8.84it/s]
 79%|ΓûêΓûêΓûêΓûêΓûêΓûêΓûêΓûè  | 2358/3000 [06:02<01:30,  7.06it/s]
 79%|ΓûêΓûêΓûêΓûêΓûêΓûêΓûêΓûè  | 2359/3000 [06:02<01:32,  6.97it/s]
 79%|ΓûêΓûêΓûêΓûêΓûêΓûêΓûêΓûè  | 2360/3000 [06:02<01:47,  5.96it/s]
 79%|ΓûêΓûêΓûêΓûêΓûêΓûêΓûêΓûè  | 2361/3000 [06:02<01:35,  6.70it/s]
 79%|ΓûêΓûêΓûêΓûêΓûêΓûêΓûêΓûè  | 2362/3000 [06:03<02:21,  4.51it/s]
 79%|ΓûêΓûêΓûêΓûêΓûêΓûêΓûêΓûë  | 2363/3000 [06:03<02:01,  5.26it/s]
 79%|ΓûêΓûêΓûêΓûêΓûêΓûêΓûêΓûë  | 2364/3000 [06:03<01:53,  5.60it/s]
 79%|ΓûêΓûêΓûêΓûêΓûêΓûêΓûêΓûë  | 2365/3000 [06:03<01:45,  6.04it/s]
 79%|ΓûêΓûêΓûêΓûêΓûêΓûêΓûêΓûë  | 2366/3000 [06:03<01:41,  6.23it/s]
 79%|ΓûêΓûêΓûêΓûêΓûêΓûêΓûêΓûë  | 2367/3000 [06:04<01:46,  5.96it/s]
 79%|ΓûêΓûêΓûêΓûêΓûêΓûêΓûêΓûë  | 2368/3000 [06:04<01:51,  5.68it/s]
 79%|ΓûêΓûêΓûêΓûêΓûêΓûêΓûêΓûë  | 2369/3000 [06:04<01:44,  6.02it/s]
 79%|ΓûêΓûêΓûêΓûêΓûêΓûêΓûêΓûë  | 2370/3000 [06:04<01:47,  5.85it/s]
 79%|ΓûêΓûêΓûêΓûêΓûêΓûêΓûêΓûë  | 2372/3000 [06:04<01:25,  7.34it/s]
 79%|ΓûêΓûêΓûêΓûêΓûêΓûêΓûêΓûë  | 2373/3000 [06:04<01:32,  6.78it/s]
 79%|ΓûêΓûêΓûêΓûêΓûêΓûêΓûêΓûë  | 2374/3000 [06:05<01:26,  7.24it/s]
 79%|ΓûêΓûêΓûêΓûêΓûêΓûêΓûêΓûë  | 2375/3000 [06:05<01:30,  6.90it/s]
 79%|ΓûêΓûêΓûêΓûêΓûêΓûêΓûêΓûë  | 2376/3000 [06:05<01:35,  6.53it/s]
 79%|ΓûêΓûêΓûêΓûêΓûêΓûêΓûêΓûë  | 2377/3000 [06:05<01:33,  6.64it/s]
 79%|ΓûêΓûêΓûêΓûêΓûêΓûêΓûêΓûë  | 2378/3000 [06:05<01:49,  5.70it/s]
 79%|ΓûêΓûêΓûêΓûêΓûêΓûêΓûêΓûë  | 2379/3000 [06:05<01:44,  5.92it/s]
 79%|ΓûêΓûêΓûêΓûêΓûêΓûêΓûêΓûë  | 2380/3000 [06:06<01:45,  5.87it/s]
 79%|ΓûêΓûêΓûêΓûêΓûêΓûêΓûêΓûë  | 2381/3000 [06:06<01:51,  5.54it/s]
 79%|ΓûêΓûêΓûêΓûêΓûêΓûêΓûêΓûë  | 2382/3000 [06:06<01:38,  6.27it/s]
 79%|ΓûêΓûêΓûêΓûêΓûêΓûêΓûêΓûë  | 2383/3000 [06:06<01:46,  5.81it/s]
 79%|ΓûêΓûêΓûêΓûêΓûêΓûêΓûêΓûë  | 2384/3000 [06:06<01:45,  5.81it/s]
 80%|ΓûêΓûêΓûêΓûêΓûêΓûêΓûêΓûë  | 2385/3000 [06:06<01:34,  6.52it/s]
 80%|ΓûêΓûêΓûêΓûêΓûêΓûêΓûêΓûë  | 2386/3000 [06:07<01:46,  5.75it/s]
 80%|ΓûêΓûêΓûêΓûêΓûêΓûêΓûêΓûë  | 2387/3000 [06:07<01:43,  5.90it/s]
 80%|ΓûêΓûêΓûêΓûêΓûêΓûêΓûêΓûë  | 2388/3000 [06:07<01:31,  6.70it/s]
 80%|ΓûêΓûêΓûêΓûêΓûêΓûêΓûêΓûë  | 2389/3000 [06:07<01:52,  5.45it/s]
 80%|ΓûêΓûêΓûêΓûêΓûêΓûêΓûêΓûë  | 2390/3000 [06:07<02:05,  4.86it/s]
 80%|ΓûêΓûêΓûêΓûêΓûêΓûêΓûêΓûë  | 2391/3000 [06:08<02:03,  4.94it/s]
 80%|ΓûêΓûêΓûêΓûêΓûêΓûêΓûêΓûë  | 2392/3000 [06:08<02:00,  5.06it/s]
 80%|ΓûêΓûêΓûêΓûêΓûêΓûêΓûêΓûë  | 2393/3000 [06:08<02:01,  4.98it/s]
 80%|ΓûêΓûêΓûêΓûêΓûêΓûêΓûêΓûë  | 2395/3000 [06:08<01:20,  7.54it/s]
 80%|ΓûêΓûêΓûêΓûêΓûêΓûêΓûêΓûë  | 2396/3000 [06:08<01:16,  7.94it/s]
 80%|ΓûêΓûêΓûêΓûêΓûêΓûêΓûêΓûë  | 2397/3000 [06:08<01:15,  7.99it/s]
 80%|ΓûêΓûêΓûêΓûêΓûêΓûêΓûêΓûë  | 2398/3000 [06:09<01:31,  6.57it/s]
 80%|ΓûêΓûêΓûêΓûêΓûêΓûêΓûêΓûë  | 2399/3000 [06:09<01:34,  6.38it/s]
 80%|ΓûêΓûêΓûêΓûêΓûêΓûêΓûêΓûê  | 2400/3000 [06:09<01:26,  6.97it/s]
 80%|ΓûêΓûêΓûêΓûêΓûêΓûêΓûêΓûê  | 2401/3000 [06:09<01:19,  7.57it/s]
 80%|ΓûêΓûêΓûêΓûêΓûêΓûêΓûêΓûê  | 2402/3000 [06:09<01:14,  7.98it/s]
 80%|ΓûêΓûêΓûêΓûêΓûêΓûêΓûêΓûê  | 2403/3000 [06:09<01:10,  8.44it/s]
 80%|ΓûêΓûêΓûêΓûêΓûêΓûêΓûêΓûê  | 2404/3000 [06:09<01:22,  7.24it/s]
 80%|ΓûêΓûêΓûêΓûêΓûêΓûêΓûêΓûê  | 2405/3000 [06:09<01:17,  7.71it/s]
 80%|ΓûêΓûêΓûêΓûêΓûêΓûêΓûêΓûê  | 2407/3000 [06:10<01:15,  7.89it/s]
 80%|ΓûêΓûêΓûêΓûêΓûêΓûêΓûêΓûê  | 2408/3000 [06:10<01:11,  8.28it/s]
 80%|ΓûêΓûêΓûêΓûêΓûêΓûêΓûêΓûê  | 2409/3000 [06:10<01:10,  8.43it/s]
 80%|ΓûêΓûêΓûêΓûêΓûêΓûêΓûêΓûê  | 2410/3000 [06:10<01:10,  8.36it/s]
 80%|ΓûêΓûêΓûêΓûêΓûêΓûêΓûêΓûê  | 2411/3000 [06:10<01:07,  8.70it/s]
 80%|ΓûêΓûêΓûêΓûêΓûêΓûêΓûêΓûê  | 2412/3000 [06:10<01:23,  7.00it/s]
 80%|ΓûêΓûêΓûêΓûêΓûêΓûêΓûêΓûê  | 2413/3000 [06:10<01:27,  6.73it/s]
 80%|ΓûêΓûêΓûêΓûêΓûêΓûêΓûêΓûê  | 2414/3000 [06:11<01:20,  7.31it/s]
 80%|ΓûêΓûêΓûêΓûêΓûêΓûêΓûêΓûê  | 2415/3000 [06:11<01:15,  7.71it/s]
 81%|ΓûêΓûêΓûêΓûêΓûêΓûêΓûêΓûê  | 2416/3000 [06:11<01:55,  5.04it/s]
 81%|ΓûêΓûêΓûêΓûêΓûêΓûêΓûêΓûê  | 2417/3000 [06:11<02:09,  4.51it/s]
 81%|ΓûêΓûêΓûêΓûêΓûêΓûêΓûêΓûê  | 2418/3000 [06:11<01:56,  4.98it/s]
 81%|ΓûêΓûêΓûêΓûêΓûêΓûêΓûêΓûê  | 2419/3000 [06:12<01:53,  5.12it/s]
 81%|ΓûêΓûêΓûêΓûêΓûêΓûêΓûêΓûê  | 2420/3000 [06:12<01:54,  5.08it/s]
 81%|ΓûêΓûêΓûêΓûêΓûêΓûêΓûêΓûê  | 2421/3000 [06:12<01:42,  5.68it/s]
 81%|ΓûêΓûêΓûêΓûêΓûêΓûêΓûêΓûê  | 2422/3000 [06:12<01:29,  6.46it/s]
 81%|ΓûêΓûêΓûêΓûêΓûêΓûêΓûêΓûê  | 2423/3000 [06:12<01:20,  7.14it/s]
 81%|ΓûêΓûêΓûêΓûêΓûêΓûêΓûêΓûê  | 2424/3000 [06:12<01:26,  6.65it/s]
 81%|ΓûêΓûêΓûêΓûêΓûêΓûêΓûêΓûê  | 2425/3000 [06:13<01:36,  5.94it/s]
 81%|ΓûêΓûêΓûêΓûêΓûêΓûêΓûêΓûê  | 2426/3000 [06:13<01:26,  6.66it/s]
 81%|ΓûêΓûêΓûêΓûêΓûêΓûêΓûêΓûê  | 2427/3000 [06:13<01:25,  6.74it/s]
 81%|ΓûêΓûêΓûêΓûêΓûêΓûêΓûêΓûê  | 2428/3000 [06:13<01:19,  7.23it/s]
 81%|ΓûêΓûêΓûêΓûêΓûêΓûêΓûêΓûê  | 2429/3000 [06:13<01:34,  6.04it/s]
 81%|ΓûêΓûêΓûêΓûêΓûêΓûêΓûêΓûê  | 2430/3000 [06:13<01:28,  6.47it/s]
 81%|ΓûêΓûêΓûêΓûêΓûêΓûêΓûêΓûê  | 2432/3000 [06:13<01:00,  9.37it/s]
 81%|ΓûêΓûêΓûêΓûêΓûêΓûêΓûêΓûê  | 2434/3000 [06:14<01:19,  7.16it/s]
 81%|ΓûêΓûêΓûêΓûêΓûêΓûêΓûêΓûê  | 2435/3000 [06:14<01:21,  6.93it/s]
 81%|ΓûêΓûêΓûêΓûêΓûêΓûêΓûêΓûê  | 2436/3000 [06:14<01:28,  6.37it/s]
 81%|ΓûêΓûêΓûêΓûêΓûêΓûêΓûêΓûê  | 2437/3000 [06:14<01:30,  6.21it/s]
 81%|ΓûêΓûêΓûêΓûêΓûêΓûêΓûêΓûêΓûÅ | 2438/3000 [06:15<01:40,  5.60it/s]
 81%|ΓûêΓûêΓûêΓûêΓûêΓûêΓûêΓûêΓûÅ | 2439/3000 [06:15<02:05,  4.48it/s]
 81%|ΓûêΓûêΓûêΓûêΓûêΓûêΓûêΓûêΓûÅ | 2440/3000 [06:15<01:59,  4.70it/s]
 81%|ΓûêΓûêΓûêΓûêΓûêΓûêΓûêΓûêΓûÅ | 2441/3000 [06:15<02:19,  4.02it/s]
 81%|ΓûêΓûêΓûêΓûêΓûêΓûêΓûêΓûêΓûÅ | 2442/3000 [06:16<01:59,  4.67it/s]
 81%|ΓûêΓûêΓûêΓûêΓûêΓûêΓûêΓûêΓûÅ | 2443/3000 [06:16<01:42,  5.44it/s]
 81%|ΓûêΓûêΓûêΓûêΓûêΓûêΓûêΓûêΓûÅ | 2444/3000 [06:16<01:33,  5.97it/s]
 82%|ΓûêΓûêΓûêΓûêΓûêΓûêΓûêΓûêΓûÅ | 2445/3000 [06:16<01:41,  5.47it/s]
 82%|ΓûêΓûêΓûêΓûêΓûêΓûêΓûêΓûêΓûÅ | 2446/3000 [06:16<01:44,  5.30it/s]
 82%|ΓûêΓûêΓûêΓûêΓûêΓûêΓûêΓûêΓûÅ | 2447/3000 [06:16<01:31,  6.06it/s]
 82%|ΓûêΓûêΓûêΓûêΓûêΓûêΓûêΓûêΓûÅ | 2448/3000 [06:17<01:38,  5.62it/s]
 82%|ΓûêΓûêΓûêΓûêΓûêΓûêΓûêΓûêΓûÅ | 2449/3000 [06:17<01:27,  6.30it/s]
 82%|ΓûêΓûêΓûêΓûêΓûêΓûêΓûêΓûêΓûÅ | 2450/3000 [06:17<01:25,  6.47it/s]
 82%|ΓûêΓûêΓûêΓûêΓûêΓûêΓûêΓûêΓûÅ | 2451/3000 [06:17<01:21,  6.73it/s]
 82%|ΓûêΓûêΓûêΓûêΓûêΓûêΓûêΓûêΓûÅ | 2452/3000 [06:17<01:25,  6.44it/s]
 82%|ΓûêΓûêΓûêΓûêΓûêΓûêΓûêΓûêΓûÅ | 2453/3000 [06:17<01:19,  6.91it/s]
 82%|ΓûêΓûêΓûêΓûêΓûêΓûêΓûêΓûêΓûÅ | 2455/3000 [06:17<01:08,  7.95it/s]
 82%|ΓûêΓûêΓûêΓûêΓûêΓûêΓûêΓûêΓûÅ | 2456/3000 [06:18<01:13,  7.37it/s]
 82%|ΓûêΓûêΓûêΓûêΓûêΓûêΓûêΓûêΓûÅ | 2457/3000 [06:18<01:30,  6.02it/s]
 82%|ΓûêΓûêΓûêΓûêΓûêΓûêΓûêΓûêΓûÅ | 2458/3000 [06:18<01:29,  6.04it/s]
 82%|ΓûêΓûêΓûêΓûêΓûêΓûêΓûêΓûêΓûÅ | 2459/3000 [06:18<01:35,  5.64it/s]
 82%|ΓûêΓûêΓûêΓûêΓûêΓûêΓûêΓûêΓûÅ | 2460/3000 [06:18<01:42,  5.29it/s]
 82%|ΓûêΓûêΓûêΓûêΓûêΓûêΓûêΓûêΓûÅ | 2461/3000 [06:19<01:44,  5.16it/s]
 82%|ΓûêΓûêΓûêΓûêΓûêΓûêΓûêΓûêΓûÅ | 2463/3000 [06:19<01:20,  6.66it/s]
 82%|ΓûêΓûêΓûêΓûêΓûêΓûêΓûêΓûêΓûÅ | 2464/3000 [06:19<01:25,  6.27it/s]
 82%|ΓûêΓûêΓûêΓûêΓûêΓûêΓûêΓûêΓûÅ | 2465/3000 [06:19<01:28,  6.08it/s]
 82%|ΓûêΓûêΓûêΓûêΓûêΓûêΓûêΓûêΓûÅ | 2467/3000 [06:19<01:14,  7.12it/s]
 82%|ΓûêΓûêΓûêΓûêΓûêΓûêΓûêΓûêΓûÅ | 2468/3000 [06:20<01:25,  6.21it/s]
 82%|ΓûêΓûêΓûêΓûêΓûêΓûêΓûêΓûêΓûÅ | 2469/3000 [06:20<01:34,  5.62it/s]
 82%|ΓûêΓûêΓûêΓûêΓûêΓûêΓûêΓûêΓûÅ | 2470/3000 [06:20<01:40,  5.30it/s]
 82%|ΓûêΓûêΓûêΓûêΓûêΓûêΓûêΓûêΓûÅ | 2471/3000 [06:20<01:27,  6.05it/s]
 82%|ΓûêΓûêΓûêΓûêΓûêΓûêΓûêΓûêΓûÅ | 2472/3000 [06:20<01:17,  6.79it/s]
 82%|ΓûêΓûêΓûêΓûêΓûêΓûêΓûêΓûêΓûÅ | 2473/3000 [06:20<01:17,  6.84it/s]
 82%|ΓûêΓûêΓûêΓûêΓûêΓûêΓûêΓûêΓûÅ | 2474/3000 [06:21<01:10,  7.44it/s]
 82%|ΓûêΓûêΓûêΓûêΓûêΓûêΓûêΓûêΓûÄ | 2475/3000 [06:21<01:26,  6.05it/s]
 83%|ΓûêΓûêΓûêΓûêΓûêΓûêΓûêΓûêΓûÄ | 2476/3000 [06:21<01:17,  6.79it/s]
 83%|ΓûêΓûêΓûêΓûêΓûêΓûêΓûêΓûêΓûÄ | 2477/3000 [06:21<01:26,  6.05it/s]
 83%|ΓûêΓûêΓûêΓûêΓûêΓûêΓûêΓûêΓûÄ | 2478/3000 [06:21<01:25,  6.10it/s]
 83%|ΓûêΓûêΓûêΓûêΓûêΓûêΓûêΓûêΓûÄ | 2479/3000 [06:22<01:41,  5.13it/s]
 83%|ΓûêΓûêΓûêΓûêΓûêΓûêΓûêΓûêΓûÄ | 2480/3000 [06:22<02:37,  3.30it/s]
 83%|ΓûêΓûêΓûêΓûêΓûêΓûêΓûêΓûêΓûÄ | 2481/3000 [06:22<02:18,  3.74it/s]
 83%|ΓûêΓûêΓûêΓûêΓûêΓûêΓûêΓûêΓûÄ | 2482/3000 [06:22<01:54,  4.54it/s]
 83%|ΓûêΓûêΓûêΓûêΓûêΓûêΓûêΓûêΓûÄ | 2483/3000 [06:23<01:40,  5.16it/s]
 83%|ΓûêΓûêΓûêΓûêΓûêΓûêΓûêΓûêΓûÄ | 2484/3000 [06:23<01:49,  4.72it/s]
 83%|ΓûêΓûêΓûêΓûêΓûêΓûêΓûêΓûêΓûÄ | 2485/3000 [06:23<02:25,  3.54it/s]
 83%|ΓûêΓûêΓûêΓûêΓûêΓûêΓûêΓûêΓûÄ | 2487/3000 [06:24<01:59,  4.30it/s]
 83%|ΓûêΓûêΓûêΓûêΓûêΓûêΓûêΓûêΓûÄ | 2488/3000 [06:24<01:45,  4.86it/s]
 83%|ΓûêΓûêΓûêΓûêΓûêΓûêΓûêΓûêΓûÄ | 2489/3000 [06:24<01:32,  5.51it/s]
 83%|ΓûêΓûêΓûêΓûêΓûêΓûêΓûêΓûêΓûÄ | 2491/3000 [06:24<01:20,  6.35it/s]
 83%|ΓûêΓûêΓûêΓûêΓûêΓûêΓûêΓûêΓûÄ | 2492/3000 [06:24<01:21,  6.25it/s]
 83%|ΓûêΓûêΓûêΓûêΓûêΓûêΓûêΓûêΓûÄ | 2493/3000 [06:24<01:23,  6.08it/s]
 83%|ΓûêΓûêΓûêΓûêΓûêΓûêΓûêΓûêΓûÄ | 2494/3000 [06:25<01:17,  6.56it/s]
 83%|ΓûêΓûêΓûêΓûêΓûêΓûêΓûêΓûêΓûÄ | 2495/3000 [06:25<01:17,  6.53it/s]
 83%|ΓûêΓûêΓûêΓûêΓûêΓûêΓûêΓûêΓûÄ | 2496/3000 [06:25<01:28,  5.71it/s]
 83%|ΓûêΓûêΓûêΓûêΓûêΓûêΓûêΓûêΓûÄ | 2498/3000 [06:25<01:05,  7.63it/s]
 83%|ΓûêΓûêΓûêΓûêΓûêΓûêΓûêΓûêΓûÄ | 2499/3000 [06:25<01:05,  7.61it/s]
 83%|ΓûêΓûêΓûêΓûêΓûêΓûêΓûêΓûêΓûÄ | 2500/3000 [06:25<01:03,  7.92it/s]
 83%|ΓûêΓûêΓûêΓûêΓûêΓûêΓûêΓûêΓûÄ | 2501/3000 [06:25<01:00,  8.24it/s]
 83%|ΓûêΓûêΓûêΓûêΓûêΓûêΓûêΓûêΓûÄ | 2502/3000 [06:26<00:58,  8.47it/s]
 83%|ΓûêΓûêΓûêΓûêΓûêΓûêΓûêΓûêΓûÄ | 2503/3000 [06:26<00:59,  8.31it/s]
 83%|ΓûêΓûêΓûêΓûêΓûêΓûêΓûêΓûêΓûÄ | 2504/3000 [06:26<01:05,  7.54it/s]
 84%|ΓûêΓûêΓûêΓûêΓûêΓûêΓûêΓûêΓûÄ | 2505/3000 [06:26<01:02,  7.90it/s]
 84%|ΓûêΓûêΓûêΓûêΓûêΓûêΓûêΓûêΓûÄ | 2506/3000 [06:26<01:10,  6.98it/s]
 84%|ΓûêΓûêΓûêΓûêΓûêΓûêΓûêΓûêΓûÄ | 2507/3000 [06:26<01:15,  6.56it/s]
 84%|ΓûêΓûêΓûêΓûêΓûêΓûêΓûêΓûêΓûÄ | 2508/3000 [06:26<01:17,  6.31it/s]
 84%|ΓûêΓûêΓûêΓûêΓûêΓûêΓûêΓûêΓûÄ | 2509/3000 [06:27<01:19,  6.15it/s]
 84%|ΓûêΓûêΓûêΓûêΓûêΓûêΓûêΓûêΓûÄ | 2510/3000 [06:27<01:25,  5.72it/s]
 84%|ΓûêΓûêΓûêΓûêΓûêΓûêΓûêΓûêΓûÄ | 2511/3000 [06:27<01:21,  5.99it/s]
 84%|ΓûêΓûêΓûêΓûêΓûêΓûêΓûêΓûêΓûÄ | 2512/3000 [06:27<01:30,  5.41it/s]
 84%|ΓûêΓûêΓûêΓûêΓûêΓûêΓûêΓûêΓûì | 2513/3000 [06:27<01:24,  5.74it/s]
 84%|ΓûêΓûêΓûêΓûêΓûêΓûêΓûêΓûêΓûì | 2515/3000 [06:28<01:04,  7.55it/s]
 84%|ΓûêΓûêΓûêΓûêΓûêΓûêΓûêΓûêΓûì | 2516/3000 [06:28<01:02,  7.75it/s]
 84%|ΓûêΓûêΓûêΓûêΓûêΓûêΓûêΓûêΓûì | 2518/3000 [06:28<00:48,  9.87it/s]
 84%|ΓûêΓûêΓûêΓûêΓûêΓûêΓûêΓûêΓûì | 2520/3000 [06:28<00:56,  8.53it/s]
 84%|ΓûêΓûêΓûêΓûêΓûêΓûêΓûêΓûêΓûì | 2521/3000 [06:28<00:57,  8.29it/s]
 84%|ΓûêΓûêΓûêΓûêΓûêΓûêΓûêΓûêΓûì | 2522/3000 [06:28<01:02,  7.62it/s]
 84%|ΓûêΓûêΓûêΓûêΓûêΓûêΓûêΓûêΓûì | 2523/3000 [06:29<01:16,  6.23it/s]
 84%|ΓûêΓûêΓûêΓûêΓûêΓûêΓûêΓûêΓûì | 2524/3000 [06:29<01:25,  5.55it/s]
 84%|ΓûêΓûêΓûêΓûêΓûêΓûêΓûêΓûêΓûì | 2525/3000 [06:29<01:30,  5.22it/s]
 84%|ΓûêΓûêΓûêΓûêΓûêΓûêΓûêΓûêΓûì | 2526/3000 [06:29<01:33,  5.09it/s]
 84%|ΓûêΓûêΓûêΓûêΓûêΓûêΓûêΓûêΓûì | 2527/3000 [06:29<01:28,  5.33it/s]
 84%|ΓûêΓûêΓûêΓûêΓûêΓûêΓûêΓûêΓûì | 2529/3000 [06:30<01:29,  5.28it/s]
 84%|ΓûêΓûêΓûêΓûêΓûêΓûêΓûêΓûêΓûì | 2530/3000 [06:30<01:26,  5.44it/s]
 84%|ΓûêΓûêΓûêΓûêΓûêΓûêΓûêΓûêΓûì | 2531/3000 [06:30<01:19,  5.87it/s]
 84%|ΓûêΓûêΓûêΓûêΓûêΓûêΓûêΓûêΓûì | 2532/3000 [06:30<01:35,  4.88it/s]
 84%|ΓûêΓûêΓûêΓûêΓûêΓûêΓûêΓûêΓûì | 2535/3000 [06:31<01:07,  6.87it/s]
 85%|ΓûêΓûêΓûêΓûêΓûêΓûêΓûêΓûêΓûì | 2536/3000 [06:31<01:04,  7.21it/s]
 85%|ΓûêΓûêΓûêΓûêΓûêΓûêΓûêΓûêΓûì | 2537/3000 [06:31<01:12,  6.40it/s]
 85%|ΓûêΓûêΓûêΓûêΓûêΓûêΓûêΓûêΓûì | 2538/3000 [06:31<01:12,  6.36it/s]
 85%|ΓûêΓûêΓûêΓûêΓûêΓûêΓûêΓûêΓûì | 2539/3000 [06:31<01:07,  6.80it/s]
 85%|ΓûêΓûêΓûêΓûêΓûêΓûêΓûêΓûêΓûì | 2540/3000 [06:31<01:04,  7.08it/s]
 85%|ΓûêΓûêΓûêΓûêΓûêΓûêΓûêΓûêΓûì | 2541/3000 [06:32<01:09,  6.63it/s]
 85%|ΓûêΓûêΓûêΓûêΓûêΓûêΓûêΓûêΓûì | 2542/3000 [06:32<01:13,  6.19it/s]
 85%|ΓûêΓûêΓûêΓûêΓûêΓûêΓûêΓûêΓûì | 2543/3000 [06:32<01:11,  6.38it/s]
 85%|ΓûêΓûêΓûêΓûêΓûêΓûêΓûêΓûêΓûì | 2544/3000 [06:32<01:12,  6.29it/s]
 85%|ΓûêΓûêΓûêΓûêΓûêΓûêΓûêΓûêΓûì | 2545/3000 [06:32<01:12,  6.31it/s]
 85%|ΓûêΓûêΓûêΓûêΓûêΓûêΓûêΓûêΓûì | 2546/3000 [06:32<01:14,  6.07it/s]
 85%|ΓûêΓûêΓûêΓûêΓûêΓûêΓûêΓûêΓûì | 2548/3000 [06:33<01:04,  7.03it/s]
 85%|ΓûêΓûêΓûêΓûêΓûêΓûêΓûêΓûêΓûì | 2549/3000 [06:33<01:01,  7.39it/s]
 85%|ΓûêΓûêΓûêΓûêΓûêΓûêΓûêΓûêΓûî | 2551/3000 [06:33<00:59,  7.52it/s]
 85%|ΓûêΓûêΓûêΓûêΓûêΓûêΓûêΓûêΓûî | 2552/3000 [06:33<01:05,  6.86it/s]
 85%|ΓûêΓûêΓûêΓûêΓûêΓûêΓûêΓûêΓûî | 2553/3000 [06:33<01:02,  7.16it/s]
 85%|ΓûêΓûêΓûêΓûêΓûêΓûêΓûêΓûêΓûî | 2554/3000 [06:33<00:59,  7.49it/s]
 85%|ΓûêΓûêΓûêΓûêΓûêΓûêΓûêΓûêΓûî | 2555/3000 [06:34<01:04,  6.90it/s]
 85%|ΓûêΓûêΓûêΓûêΓûêΓûêΓûêΓûêΓûî | 2556/3000 [06:34<01:15,  5.88it/s]
 85%|ΓûêΓûêΓûêΓûêΓûêΓûêΓûêΓûêΓûî | 2557/3000 [06:34<01:10,  6.31it/s]
 85%|ΓûêΓûêΓûêΓûêΓûêΓûêΓûêΓûêΓûî | 2558/3000 [06:34<01:05,  6.79it/s]
 85%|ΓûêΓûêΓûêΓûêΓûêΓûêΓûêΓûêΓûî | 2559/3000 [06:34<01:07,  6.53it/s]
 85%|ΓûêΓûêΓûêΓûêΓûêΓûêΓûêΓûêΓûî | 2560/3000 [06:34<01:05,  6.73it/s]
 85%|ΓûêΓûêΓûêΓûêΓûêΓûêΓûêΓûêΓûî | 2561/3000 [06:35<01:15,  5.80it/s]
 85%|ΓûêΓûêΓûêΓûêΓûêΓûêΓûêΓûêΓûî | 2562/3000 [06:35<01:06,  6.58it/s]
 85%|ΓûêΓûêΓûêΓûêΓûêΓûêΓûêΓûêΓûî | 2563/3000 [06:35<01:00,  7.28it/s]
 85%|ΓûêΓûêΓûêΓûêΓûêΓûêΓûêΓûêΓûî | 2564/3000 [06:35<01:02,  6.97it/s]
 86%|ΓûêΓûêΓûêΓûêΓûêΓûêΓûêΓûêΓûî | 2565/3000 [06:35<00:58,  7.42it/s]
 86%|ΓûêΓûêΓûêΓûêΓûêΓûêΓûêΓûêΓûî | 2568/3000 [06:35<00:43,  9.86it/s]
 86%|ΓûêΓûêΓûêΓûêΓûêΓûêΓûêΓûêΓûî | 2569/3000 [06:35<00:43,  9.86it/s]
 86%|ΓûêΓûêΓûêΓûêΓûêΓûêΓûêΓûêΓûî | 2570/3000 [06:36<00:49,  8.62it/s]
 86%|ΓûêΓûêΓûêΓûêΓûêΓûêΓûêΓûêΓûî | 2571/3000 [06:36<01:07,  6.38it/s]
 86%|ΓûêΓûêΓûêΓûêΓûêΓûêΓûêΓûêΓûî | 2572/3000 [06:36<01:03,  6.73it/s]
 86%|ΓûêΓûêΓûêΓûêΓûêΓûêΓûêΓûêΓûî | 2573/3000 [06:36<01:16,  5.61it/s]
 86%|ΓûêΓûêΓûêΓûêΓûêΓûêΓûêΓûêΓûî | 2574/3000 [06:36<01:08,  6.18it/s]
 86%|ΓûêΓûêΓûêΓûêΓûêΓûêΓûêΓûêΓûî | 2575/3000 [06:37<01:04,  6.57it/s]
 86%|ΓûêΓûêΓûêΓûêΓûêΓûêΓûêΓûêΓûî | 2576/3000 [06:37<01:17,  5.48it/s]
 86%|ΓûêΓûêΓûêΓûêΓûêΓûêΓûêΓûêΓûî | 2577/3000 [06:37<01:15,  5.59it/s]
 86%|ΓûêΓûêΓûêΓûêΓûêΓûêΓûêΓûêΓûî | 2578/3000 [06:37<01:27,  4.80it/s]
 86%|ΓûêΓûêΓûêΓûêΓûêΓûêΓûêΓûêΓûî | 2580/3000 [06:38<01:13,  5.69it/s]
 86%|ΓûêΓûêΓûêΓûêΓûêΓûêΓûêΓûêΓûî | 2581/3000 [06:38<01:19,  5.25it/s]
 86%|ΓûêΓûêΓûêΓûêΓûêΓûêΓûêΓûêΓûî | 2582/3000 [06:38<01:17,  5.39it/s]
 86%|ΓûêΓûêΓûêΓûêΓûêΓûêΓûêΓûêΓûî | 2583/3000 [06:38<01:12,  5.74it/s]
 86%|ΓûêΓûêΓûêΓûêΓûêΓûêΓûêΓûêΓûî | 2584/3000 [06:38<01:06,  6.30it/s]
 86%|ΓûêΓûêΓûêΓûêΓûêΓûêΓûêΓûêΓûî | 2585/3000 [06:38<01:11,  5.77it/s]
 86%|ΓûêΓûêΓûêΓûêΓûêΓûêΓûêΓûêΓûî | 2587/3000 [06:39<01:04,  6.36it/s]
 86%|ΓûêΓûêΓûêΓûêΓûêΓûêΓûêΓûêΓûï | 2588/3000 [06:39<01:04,  6.42it/s]
 86%|ΓûêΓûêΓûêΓûêΓûêΓûêΓûêΓûêΓûï | 2589/3000 [06:39<01:05,  6.28it/s]
 86%|ΓûêΓûêΓûêΓûêΓûêΓûêΓûêΓûêΓûï | 2590/3000 [06:39<01:01,  6.69it/s]
 86%|ΓûêΓûêΓûêΓûêΓûêΓûêΓûêΓûêΓûï | 2591/3000 [06:39<01:00,  6.71it/s]
 86%|ΓûêΓûêΓûêΓûêΓûêΓûêΓûêΓûêΓûï | 2592/3000 [06:39<01:02,  6.53it/s]
 86%|ΓûêΓûêΓûêΓûêΓûêΓûêΓûêΓûêΓûï | 2593/3000 [06:40<01:01,  6.57it/s]
 86%|ΓûêΓûêΓûêΓûêΓûêΓûêΓûêΓûêΓûï | 2595/3000 [06:40<00:51,  7.86it/s]
 87%|ΓûêΓûêΓûêΓûêΓûêΓûêΓûêΓûêΓûï | 2596/3000 [06:40<00:57,  7.01it/s]
 87%|ΓûêΓûêΓûêΓûêΓûêΓûêΓûêΓûêΓûï | 2597/3000 [06:40<01:07,  5.98it/s]
 87%|ΓûêΓûêΓûêΓûêΓûêΓûêΓûêΓûêΓûï | 2598/3000 [06:40<01:00,  6.61it/s]
 87%|ΓûêΓûêΓûêΓûêΓûêΓûêΓûêΓûêΓûï | 2599/3000 [06:40<00:56,  7.11it/s]
 87%|ΓûêΓûêΓûêΓûêΓûêΓûêΓûêΓûêΓûï | 2600/3000 [06:41<00:51,  7.73it/s]
 87%|ΓûêΓûêΓûêΓûêΓûêΓûêΓûêΓûêΓûï | 2601/3000 [06:41<00:49,  8.10it/s]
 87%|ΓûêΓûêΓûêΓûêΓûêΓûêΓûêΓûêΓûï | 2602/3000 [06:41<00:49,  8.01it/s]
 87%|ΓûêΓûêΓûêΓûêΓûêΓûêΓûêΓûêΓûï | 2603/3000 [06:41<00:52,  7.57it/s]
 87%|ΓûêΓûêΓûêΓûêΓûêΓûêΓûêΓûêΓûï | 2604/3000 [06:41<00:51,  7.68it/s]
 87%|ΓûêΓûêΓûêΓûêΓûêΓûêΓûêΓûêΓûï | 2606/3000 [06:41<00:47,  8.36it/s]
 87%|ΓûêΓûêΓûêΓûêΓûêΓûêΓûêΓûêΓûï | 2607/3000 [06:41<00:47,  8.27it/s]
 87%|ΓûêΓûêΓûêΓûêΓûêΓûêΓûêΓûêΓûï | 2608/3000 [06:42<00:57,  6.81it/s]
 87%|ΓûêΓûêΓûêΓûêΓûêΓûêΓûêΓûêΓûï | 2609/3000 [06:42<01:04,  6.06it/s]
 87%|ΓûêΓûêΓûêΓûêΓûêΓûêΓûêΓûêΓûï | 2610/3000 [06:42<00:58,  6.71it/s]
 87%|ΓûêΓûêΓûêΓûêΓûêΓûêΓûêΓûêΓûï | 2611/3000 [06:42<00:57,  6.71it/s]
 87%|ΓûêΓûêΓûêΓûêΓûêΓûêΓûêΓûêΓûï | 2612/3000 [06:42<00:53,  7.32it/s]
 87%|ΓûêΓûêΓûêΓûêΓûêΓûêΓûêΓûêΓûï | 2613/3000 [06:42<00:50,  7.64it/s]
 87%|ΓûêΓûêΓûêΓûêΓûêΓûêΓûêΓûêΓûï | 2614/3000 [06:42<00:54,  7.08it/s]
 87%|ΓûêΓûêΓûêΓûêΓûêΓûêΓûêΓûêΓûï | 2615/3000 [06:43<01:06,  5.78it/s]
 87%|ΓûêΓûêΓûêΓûêΓûêΓûêΓûêΓûêΓûï | 2616/3000 [06:43<01:14,  5.15it/s]
 87%|ΓûêΓûêΓûêΓûêΓûêΓûêΓûêΓûêΓûï | 2617/3000 [06:43<01:04,  5.92it/s]
 87%|ΓûêΓûêΓûêΓûêΓûêΓûêΓûêΓûêΓûï | 2618/3000 [06:43<01:01,  6.24it/s]
 87%|ΓûêΓûêΓûêΓûêΓûêΓûêΓûêΓûêΓûï | 2619/3000 [06:43<01:02,  6.11it/s]
 87%|ΓûêΓûêΓûêΓûêΓûêΓûêΓûêΓûêΓûï | 2620/3000 [06:43<00:55,  6.88it/s]
 87%|ΓûêΓûêΓûêΓûêΓûêΓûêΓûêΓûêΓûï | 2621/3000 [06:44<00:59,  6.42it/s]
 87%|ΓûêΓûêΓûêΓûêΓûêΓûêΓûêΓûêΓûï | 2622/3000 [06:44<00:57,  6.53it/s]
 87%|ΓûêΓûêΓûêΓûêΓûêΓûêΓûêΓûêΓûï | 2623/3000 [06:44<00:51,  7.29it/s]
 87%|ΓûêΓûêΓûêΓûêΓûêΓûêΓûêΓûêΓûï | 2624/3000 [06:44<00:47,  7.84it/s]
 88%|ΓûêΓûêΓûêΓûêΓûêΓûêΓûêΓûêΓûè | 2625/3000 [06:44<00:58,  6.46it/s]
 88%|ΓûêΓûêΓûêΓûêΓûêΓûêΓûêΓûêΓûè | 2626/3000 [06:44<00:59,  6.25it/s]
 88%|ΓûêΓûêΓûêΓûêΓûêΓûêΓûêΓûêΓûè | 2627/3000 [06:45<00:58,  6.33it/s]
 88%|ΓûêΓûêΓûêΓûêΓûêΓûêΓûêΓûêΓûè | 2628/3000 [06:45<00:54,  6.79it/s]
 88%|ΓûêΓûêΓûêΓûêΓûêΓûêΓûêΓûêΓûè | 2629/3000 [06:45<00:59,  6.21it/s]
 88%|ΓûêΓûêΓûêΓûêΓûêΓûêΓûêΓûêΓûè | 2631/3000 [06:45<00:55,  6.66it/s]
 88%|ΓûêΓûêΓûêΓûêΓûêΓûêΓûêΓûêΓûè | 2632/3000 [06:45<01:00,  6.08it/s]
 88%|ΓûêΓûêΓûêΓûêΓûêΓûêΓûêΓûêΓûè | 2633/3000 [06:45<00:54,  6.68it/s]
 88%|ΓûêΓûêΓûêΓûêΓûêΓûêΓûêΓûêΓûè | 2634/3000 [06:46<00:53,  6.87it/s]
 88%|ΓûêΓûêΓûêΓûêΓûêΓûêΓûêΓûêΓûè | 2635/3000 [06:46<00:48,  7.53it/s]
 88%|ΓûêΓûêΓûêΓûêΓûêΓûêΓûêΓûêΓûè | 2636/3000 [06:46<00:45,  7.98it/s]
 88%|ΓûêΓûêΓûêΓûêΓûêΓûêΓûêΓûêΓûè | 2637/3000 [06:46<00:44,  8.10it/s]
 88%|ΓûêΓûêΓûêΓûêΓûêΓûêΓûêΓûêΓûè | 2638/3000 [06:46<00:43,  8.39it/s]
 88%|ΓûêΓûêΓûêΓûêΓûêΓûêΓûêΓûêΓûè | 2639/3000 [06:46<00:54,  6.61it/s]
 88%|ΓûêΓûêΓûêΓûêΓûêΓûêΓûêΓûêΓûè | 2640/3000 [06:46<00:52,  6.87it/s]
 88%|ΓûêΓûêΓûêΓûêΓûêΓûêΓûêΓûêΓûè | 2641/3000 [06:46<00:47,  7.50it/s]
 88%|ΓûêΓûêΓûêΓûêΓûêΓûêΓûêΓûêΓûè | 2642/3000 [06:47<00:48,  7.36it/s]
 88%|ΓûêΓûêΓûêΓûêΓûêΓûêΓûêΓûêΓûè | 2643/3000 [06:47<00:47,  7.56it/s]
 88%|ΓûêΓûêΓûêΓûêΓûêΓûêΓûêΓûêΓûè | 2644/3000 [06:47<00:49,  7.20it/s]
 88%|ΓûêΓûêΓûêΓûêΓûêΓûêΓûêΓûêΓûè | 2645/3000 [06:47<00:49,  7.18it/s]
 88%|ΓûêΓûêΓûêΓûêΓûêΓûêΓûêΓûêΓûè | 2646/3000 [06:47<00:48,  7.24it/s]
 88%|ΓûêΓûêΓûêΓûêΓûêΓûêΓûêΓûêΓûè | 2647/3000 [06:47<00:52,  6.78it/s]
 88%|ΓûêΓûêΓûêΓûêΓûêΓûêΓûêΓûêΓûè | 2648/3000 [06:47<00:48,  7.19it/s]
 88%|ΓûêΓûêΓûêΓûêΓûêΓûêΓûêΓûêΓûè | 2649/3000 [06:48<00:55,  6.34it/s]
 88%|ΓûêΓûêΓûêΓûêΓûêΓûêΓûêΓûêΓûè | 2650/3000 [06:48<00:56,  6.24it/s]
 88%|ΓûêΓûêΓûêΓûêΓûêΓûêΓûêΓûêΓûè | 2651/3000 [06:48<00:50,  6.94it/s]
 88%|ΓûêΓûêΓûêΓûêΓûêΓûêΓûêΓûêΓûè | 2652/3000 [06:48<00:49,  7.03it/s]
 88%|ΓûêΓûêΓûêΓûêΓûêΓûêΓûêΓûêΓûè | 2653/3000 [06:48<00:47,  7.28it/s]
 88%|ΓûêΓûêΓûêΓûêΓûêΓûêΓûêΓûêΓûè | 2654/3000 [06:48<00:44,  7.83it/s]
 88%|ΓûêΓûêΓûêΓûêΓûêΓûêΓûêΓûêΓûè | 2655/3000 [06:48<00:41,  8.37it/s]
 89%|ΓûêΓûêΓûêΓûêΓûêΓûêΓûêΓûêΓûè | 2656/3000 [06:49<00:46,  7.39it/s]
 89%|ΓûêΓûêΓûêΓûêΓûêΓûêΓûêΓûêΓûè | 2657/3000 [06:49<00:56,  6.11it/s]
 89%|ΓûêΓûêΓûêΓûêΓûêΓûêΓûêΓûêΓûè | 2658/3000 [06:49<01:02,  5.48it/s]
 89%|ΓûêΓûêΓûêΓûêΓûêΓûêΓûêΓûêΓûè | 2659/3000 [06:49<01:00,  5.65it/s]
 89%|ΓûêΓûêΓûêΓûêΓûêΓûêΓûêΓûêΓûè | 2660/3000 [06:49<00:53,  6.39it/s]
 89%|ΓûêΓûêΓûêΓûêΓûêΓûêΓûêΓûêΓûè | 2661/3000 [06:49<00:50,  6.73it/s]
 89%|ΓûêΓûêΓûêΓûêΓûêΓûêΓûêΓûêΓûè | 2662/3000 [06:50<00:55,  6.06it/s]
 89%|ΓûêΓûêΓûêΓûêΓûêΓûêΓûêΓûêΓûë | 2663/3000 [06:50<00:52,  6.42it/s]
 89%|ΓûêΓûêΓûêΓûêΓûêΓûêΓûêΓûêΓûë | 2664/3000 [06:50<00:53,  6.30it/s]
 89%|ΓûêΓûêΓûêΓûêΓûêΓûêΓûêΓûêΓûë | 2666/3000 [06:50<00:41,  7.96it/s]
 89%|ΓûêΓûêΓûêΓûêΓûêΓûêΓûêΓûêΓûë | 2667/3000 [06:50<00:50,  6.59it/s]
 89%|ΓûêΓûêΓûêΓûêΓûêΓûêΓûêΓûêΓûë | 2668/3000 [06:50<00:46,  7.12it/s]
 89%|ΓûêΓûêΓûêΓûêΓûêΓûêΓûêΓûêΓûë | 2669/3000 [06:51<00:43,  7.64it/s]
 89%|ΓûêΓûêΓûêΓûêΓûêΓûêΓûêΓûêΓûë | 2670/3000 [06:51<00:40,  8.08it/s]
 89%|ΓûêΓûêΓûêΓûêΓûêΓûêΓûêΓûêΓûë | 2671/3000 [06:51<00:39,  8.29it/s]
 89%|ΓûêΓûêΓûêΓûêΓûêΓûêΓûêΓûêΓûë | 2672/3000 [06:51<00:52,  6.28it/s]
 89%|ΓûêΓûêΓûêΓûêΓûêΓûêΓûêΓûêΓûë | 2674/3000 [06:51<00:37,  8.73it/s]
 89%|ΓûêΓûêΓûêΓûêΓûêΓûêΓûêΓûêΓûë | 2676/3000 [06:52<00:54,  5.98it/s]
 89%|ΓûêΓûêΓûêΓûêΓûêΓûêΓûêΓûêΓûë | 2677/3000 [06:52<00:50,  6.45it/s]
 89%|ΓûêΓûêΓûêΓûêΓûêΓûêΓûêΓûêΓûë | 2678/3000 [06:52<00:55,  5.84it/s]
 89%|ΓûêΓûêΓûêΓûêΓûêΓûêΓûêΓûêΓûë | 2679/3000 [06:52<00:50,  6.35it/s]
 89%|ΓûêΓûêΓûêΓûêΓûêΓûêΓûêΓûêΓûë | 2680/3000 [06:52<00:48,  6.58it/s]
 89%|ΓûêΓûêΓûêΓûêΓûêΓûêΓûêΓûêΓûë | 2683/3000 [06:52<00:33,  9.47it/s]
 90%|ΓûêΓûêΓûêΓûêΓûêΓûêΓûêΓûêΓûë | 2685/3000 [06:53<00:27, 11.46it/s]
 90%|ΓûêΓûêΓûêΓûêΓûêΓûêΓûêΓûêΓûë | 2687/3000 [06:53<00:31,  9.97it/s]
 90%|ΓûêΓûêΓûêΓûêΓûêΓûêΓûêΓûêΓûë | 2689/3000 [06:53<00:32,  9.48it/s]
 90%|ΓûêΓûêΓûêΓûêΓûêΓûêΓûêΓûêΓûë | 2691/3000 [06:53<00:35,  8.82it/s]
 90%|ΓûêΓûêΓûêΓûêΓûêΓûêΓûêΓûêΓûë | 2693/3000 [06:53<00:33,  9.17it/s]
 90%|ΓûêΓûêΓûêΓûêΓûêΓûêΓûêΓûêΓûë | 2694/3000 [06:54<00:35,  8.63it/s]
 90%|ΓûêΓûêΓûêΓûêΓûêΓûêΓûêΓûêΓûë | 2695/3000 [06:54<00:35,  8.60it/s]
 90%|ΓûêΓûêΓûêΓûêΓûêΓûêΓûêΓûêΓûë | 2696/3000 [06:54<00:34,  8.69it/s]
 90%|ΓûêΓûêΓûêΓûêΓûêΓûêΓûêΓûêΓûë | 2697/3000 [06:54<00:37,  7.97it/s]
 90%|ΓûêΓûêΓûêΓûêΓûêΓûêΓûêΓûêΓûë | 2698/3000 [06:54<00:36,  8.30it/s]
 90%|ΓûêΓûêΓûêΓûêΓûêΓûêΓûêΓûêΓûë | 2699/3000 [06:54<00:43,  6.95it/s]
 90%|ΓûêΓûêΓûêΓûêΓûêΓûêΓûêΓûêΓûê | 2700/3000 [06:54<00:44,  6.72it/s]
 90%|ΓûêΓûêΓûêΓûêΓûêΓûêΓûêΓûêΓûê | 2701/3000 [06:55<00:42,  7.03it/s]
 90%|ΓûêΓûêΓûêΓûêΓûêΓûêΓûêΓûêΓûê | 2702/3000 [06:55<00:51,  5.75it/s]
 90%|ΓûêΓûêΓûêΓûêΓûêΓûêΓûêΓûêΓûê | 2703/3000 [06:55<00:45,  6.56it/s]
 90%|ΓûêΓûêΓûêΓûêΓûêΓûêΓûêΓûêΓûê | 2705/3000 [06:55<00:36,  8.16it/s]
 90%|ΓûêΓûêΓûêΓûêΓûêΓûêΓûêΓûêΓûê | 2706/3000 [06:55<00:39,  7.53it/s]
 90%|ΓûêΓûêΓûêΓûêΓûêΓûêΓûêΓûêΓûê | 2709/3000 [06:56<00:33,  8.82it/s]
 90%|ΓûêΓûêΓûêΓûêΓûêΓûêΓûêΓûêΓûê | 2710/3000 [06:56<00:36,  7.91it/s]
 90%|ΓûêΓûêΓûêΓûêΓûêΓûêΓûêΓûêΓûê | 2711/3000 [06:56<00:37,  7.64it/s]
 90%|ΓûêΓûêΓûêΓûêΓûêΓûêΓûêΓûêΓûê | 2712/3000 [06:56<00:48,  5.88it/s]
 90%|ΓûêΓûêΓûêΓûêΓûêΓûêΓûêΓûêΓûê | 2713/3000 [06:56<00:50,  5.70it/s]
 90%|ΓûêΓûêΓûêΓûêΓûêΓûêΓûêΓûêΓûê | 2714/3000 [06:57<01:02,  4.57it/s]
 90%|ΓûêΓûêΓûêΓûêΓûêΓûêΓûêΓûêΓûê | 2715/3000 [06:57<00:55,  5.13it/s]
 91%|ΓûêΓûêΓûêΓûêΓûêΓûêΓûêΓûêΓûê | 2716/3000 [06:57<00:49,  5.71it/s]
 91%|ΓûêΓûêΓûêΓûêΓûêΓûêΓûêΓûêΓûê | 2717/3000 [06:57<00:45,  6.24it/s]
 91%|ΓûêΓûêΓûêΓûêΓûêΓûêΓûêΓûêΓûê | 2718/3000 [06:57<00:42,  6.68it/s]
 91%|ΓûêΓûêΓûêΓûêΓûêΓûêΓûêΓûêΓûê | 2719/3000 [06:57<00:38,  7.28it/s]
 91%|ΓûêΓûêΓûêΓûêΓûêΓûêΓûêΓûêΓûê | 2721/3000 [06:58<00:33,  8.29it/s]
 91%|ΓûêΓûêΓûêΓûêΓûêΓûêΓûêΓûêΓûê | 2722/3000 [06:58<00:34,  7.95it/s]
 91%|ΓûêΓûêΓûêΓûêΓûêΓûêΓûêΓûêΓûê | 2723/3000 [06:58<00:33,  8.30it/s]
 91%|ΓûêΓûêΓûêΓûêΓûêΓûêΓûêΓûêΓûê | 2724/3000 [06:58<00:37,  7.34it/s]
 91%|ΓûêΓûêΓûêΓûêΓûêΓûêΓûêΓûêΓûê | 2725/3000 [06:58<00:47,  5.77it/s]
 91%|ΓûêΓûêΓûêΓûêΓûêΓûêΓûêΓûêΓûê | 2726/3000 [06:58<00:42,  6.51it/s]
 91%|ΓûêΓûêΓûêΓûêΓûêΓûêΓûêΓûêΓûê | 2728/3000 [06:58<00:29,  9.22it/s]
 91%|ΓûêΓûêΓûêΓûêΓûêΓûêΓûêΓûêΓûê | 2730/3000 [06:59<00:31,  8.70it/s]
 91%|ΓûêΓûêΓûêΓûêΓûêΓûêΓûêΓûêΓûê | 2731/3000 [06:59<00:39,  6.80it/s]
 91%|ΓûêΓûêΓûêΓûêΓûêΓûêΓûêΓûêΓûê | 2732/3000 [06:59<00:42,  6.32it/s]
 91%|ΓûêΓûêΓûêΓûêΓûêΓûêΓûêΓûêΓûê | 2733/3000 [06:59<00:41,  6.49it/s]
 91%|ΓûêΓûêΓûêΓûêΓûêΓûêΓûêΓûêΓûê | 2734/3000 [06:59<00:38,  6.99it/s]
 91%|ΓûêΓûêΓûêΓûêΓûêΓûêΓûêΓûêΓûê | 2735/3000 [07:00<00:43,  6.15it/s]
 91%|ΓûêΓûêΓûêΓûêΓûêΓûêΓûêΓûêΓûê | 2736/3000 [07:00<00:39,  6.72it/s]
 91%|ΓûêΓûêΓûêΓûêΓûêΓûêΓûêΓûêΓûê | 2737/3000 [07:00<00:45,  5.83it/s]
 91%|ΓûêΓûêΓûêΓûêΓûêΓûêΓûêΓûêΓûêΓûÅ| 2738/3000 [07:00<00:52,  5.01it/s]
 91%|ΓûêΓûêΓûêΓûêΓûêΓûêΓûêΓûêΓûêΓûÅ| 2739/3000 [07:00<00:49,  5.32it/s]
 91%|ΓûêΓûêΓûêΓûêΓûêΓûêΓûêΓûêΓûêΓûÅ| 2740/3000 [07:01<00:42,  6.08it/s]
 91%|ΓûêΓûêΓûêΓûêΓûêΓûêΓûêΓûêΓûêΓûÅ| 2741/3000 [07:01<00:37,  6.82it/s]
 91%|ΓûêΓûêΓûêΓûêΓûêΓûêΓûêΓûêΓûêΓûÅ| 2742/3000 [07:01<00:36,  7.06it/s]
 91%|ΓûêΓûêΓûêΓûêΓûêΓûêΓûêΓûêΓûêΓûÅ| 2743/3000 [07:01<00:35,  7.27it/s]
 91%|ΓûêΓûêΓûêΓûêΓûêΓûêΓûêΓûêΓûêΓûÅ| 2744/3000 [07:01<00:32,  7.91it/s]
 92%|ΓûêΓûêΓûêΓûêΓûêΓûêΓûêΓûêΓûêΓûÅ| 2746/3000 [07:01<00:33,  7.61it/s]
 92%|ΓûêΓûêΓûêΓûêΓûêΓûêΓûêΓûêΓûêΓûÅ| 2747/3000 [07:01<00:32,  7.91it/s]
 92%|ΓûêΓûêΓûêΓûêΓûêΓûêΓûêΓûêΓûêΓûÅ| 2748/3000 [07:02<00:40,  6.22it/s]
 92%|ΓûêΓûêΓûêΓûêΓûêΓûêΓûêΓûêΓûêΓûÅ| 2749/3000 [07:02<00:43,  5.83it/s]
 92%|ΓûêΓûêΓûêΓûêΓûêΓûêΓûêΓûêΓûêΓûÅ| 2750/3000 [07:02<00:42,  5.86it/s]
 92%|ΓûêΓûêΓûêΓûêΓûêΓûêΓûêΓûêΓûêΓûÅ| 2751/3000 [07:02<00:37,  6.61it/s]
 92%|ΓûêΓûêΓûêΓûêΓûêΓûêΓûêΓûêΓûêΓûÅ| 2752/3000 [07:02<00:42,  5.88it/s]
 92%|ΓûêΓûêΓûêΓûêΓûêΓûêΓûêΓûêΓûêΓûÅ| 2753/3000 [07:02<00:37,  6.52it/s]
 92%|ΓûêΓûêΓûêΓûêΓûêΓûêΓûêΓûêΓûêΓûÅ| 2754/3000 [07:03<00:34,  7.03it/s]
 92%|ΓûêΓûêΓûêΓûêΓûêΓûêΓûêΓûêΓûêΓûÅ| 2755/3000 [07:03<00:35,  6.97it/s]
 92%|ΓûêΓûêΓûêΓûêΓûêΓûêΓûêΓûêΓûêΓûÅ| 2756/3000 [07:03<00:36,  6.67it/s]
 92%|ΓûêΓûêΓûêΓûêΓûêΓûêΓûêΓûêΓûêΓûÅ| 2757/3000 [07:03<00:33,  7.34it/s]
 92%|ΓûêΓûêΓûêΓûêΓûêΓûêΓûêΓûêΓûêΓûÅ| 2758/3000 [07:03<00:35,  6.86it/s]
 92%|ΓûêΓûêΓûêΓûêΓûêΓûêΓûêΓûêΓûêΓûÅ| 2759/3000 [07:03<00:32,  7.44it/s]
 92%|ΓûêΓûêΓûêΓûêΓûêΓûêΓûêΓûêΓûêΓûÅ| 2760/3000 [07:03<00:29,  8.03it/s]
 92%|ΓûêΓûêΓûêΓûêΓûêΓûêΓûêΓûêΓûêΓûÅ| 2761/3000 [07:04<00:34,  7.03it/s]
 92%|ΓûêΓûêΓûêΓûêΓûêΓûêΓûêΓûêΓûêΓûÅ| 2762/3000 [07:04<00:31,  7.48it/s]
 92%|ΓûêΓûêΓûêΓûêΓûêΓûêΓûêΓûêΓûêΓûÅ| 2763/3000 [07:04<00:30,  7.88it/s]
 92%|ΓûêΓûêΓûêΓûêΓûêΓûêΓûêΓûêΓûêΓûÅ| 2764/3000 [07:04<00:28,  8.14it/s]
 92%|ΓûêΓûêΓûêΓûêΓûêΓûêΓûêΓûêΓûêΓûÅ| 2765/3000 [07:04<00:27,  8.40it/s]
 92%|ΓûêΓûêΓûêΓûêΓûêΓûêΓûêΓûêΓûêΓûÅ| 2766/3000 [07:04<00:29,  7.82it/s]
 92%|ΓûêΓûêΓûêΓûêΓûêΓûêΓûêΓûêΓûêΓûÅ| 2767/3000 [07:04<00:37,  6.24it/s]
 92%|ΓûêΓûêΓûêΓûêΓûêΓûêΓûêΓûêΓûêΓûÅ| 2768/3000 [07:05<00:37,  6.22it/s]
 92%|ΓûêΓûêΓûêΓûêΓûêΓûêΓûêΓûêΓûêΓûÅ| 2769/3000 [07:05<00:35,  6.58it/s]
 92%|ΓûêΓûêΓûêΓûêΓûêΓûêΓûêΓûêΓûêΓûÅ| 2771/3000 [07:05<00:29,  7.83it/s]
 92%|ΓûêΓûêΓûêΓûêΓûêΓûêΓûêΓûêΓûêΓûÅ| 2772/3000 [07:05<00:28,  7.97it/s]
 92%|ΓûêΓûêΓûêΓûêΓûêΓûêΓûêΓûêΓûêΓûÅ| 2773/3000 [07:05<00:31,  7.17it/s]
 92%|ΓûêΓûêΓûêΓûêΓûêΓûêΓûêΓûêΓûêΓûÄ| 2775/3000 [07:05<00:27,  8.24it/s]
 93%|ΓûêΓûêΓûêΓûêΓûêΓûêΓûêΓûêΓûêΓûÄ| 2777/3000 [07:06<00:29,  7.68it/s]
 93%|ΓûêΓûêΓûêΓûêΓûêΓûêΓûêΓûêΓûêΓûÄ| 2778/3000 [07:06<00:30,  7.32it/s]
 93%|ΓûêΓûêΓûêΓûêΓûêΓûêΓûêΓûêΓûêΓûÄ| 2779/3000 [07:06<00:30,  7.16it/s]
 93%|ΓûêΓûêΓûêΓûêΓûêΓûêΓûêΓûêΓûêΓûÄ| 2780/3000 [07:06<00:35,  6.15it/s]
 93%|ΓûêΓûêΓûêΓûêΓûêΓûêΓûêΓûêΓûêΓûÄ| 2781/3000 [07:06<00:34,  6.32it/s]
 93%|ΓûêΓûêΓûêΓûêΓûêΓûêΓûêΓûêΓûêΓûÄ| 2782/3000 [07:07<00:39,  5.49it/s]
 93%|ΓûêΓûêΓûêΓûêΓûêΓûêΓûêΓûêΓûêΓûÄ| 2783/3000 [07:07<00:35,  6.13it/s]
 93%|ΓûêΓûêΓûêΓûêΓûêΓûêΓûêΓûêΓûêΓûÄ| 2784/3000 [07:07<00:33,  6.44it/s]
 93%|ΓûêΓûêΓûêΓûêΓûêΓûêΓûêΓûêΓûêΓûÄ| 2785/3000 [07:07<00:53,  4.04it/s]
 93%|ΓûêΓûêΓûêΓûêΓûêΓûêΓûêΓûêΓûêΓûÄ| 2786/3000 [07:07<00:49,  4.34it/s]
 93%|ΓûêΓûêΓûêΓûêΓûêΓûêΓûêΓûêΓûêΓûÄ| 2787/3000 [07:08<00:46,  4.54it/s]
 93%|ΓûêΓûêΓûêΓûêΓûêΓûêΓûêΓûêΓûêΓûÄ| 2788/3000 [07:08<00:42,  5.05it/s]
 93%|ΓûêΓûêΓûêΓûêΓûêΓûêΓûêΓûêΓûêΓûÄ| 2789/3000 [07:08<00:41,  5.11it/s]
 93%|ΓûêΓûêΓûêΓûêΓûêΓûêΓûêΓûêΓûêΓûÄ| 2790/3000 [07:08<00:39,  5.25it/s]
 93%|ΓûêΓûêΓûêΓûêΓûêΓûêΓûêΓûêΓûêΓûÄ| 2791/3000 [07:08<00:35,  5.86it/s]
 93%|ΓûêΓûêΓûêΓûêΓûêΓûêΓûêΓûêΓûêΓûÄ| 2792/3000 [07:08<00:35,  5.82it/s]
 93%|ΓûêΓûêΓûêΓûêΓûêΓûêΓûêΓûêΓûêΓûÄ| 2793/3000 [07:09<00:41,  4.99it/s]
 93%|ΓûêΓûêΓûêΓûêΓûêΓûêΓûêΓûêΓûêΓûÄ| 2794/3000 [07:09<00:38,  5.41it/s]
 93%|ΓûêΓûêΓûêΓûêΓûêΓûêΓûêΓûêΓûêΓûÄ| 2795/3000 [07:09<00:44,  4.60it/s]
 93%|ΓûêΓûêΓûêΓûêΓûêΓûêΓûêΓûêΓûêΓûÄ| 2797/3000 [07:09<00:37,  5.40it/s]
 93%|ΓûêΓûêΓûêΓûêΓûêΓûêΓûêΓûêΓûêΓûÄ| 2798/3000 [07:10<00:33,  5.99it/s]
 93%|ΓûêΓûêΓûêΓûêΓûêΓûêΓûêΓûêΓûêΓûÄ| 2800/3000 [07:10<00:31,  6.42it/s]
 93%|ΓûêΓûêΓûêΓûêΓûêΓûêΓûêΓûêΓûêΓûÄ| 2801/3000 [07:10<00:28,  6.98it/s]
 93%|ΓûêΓûêΓûêΓûêΓûêΓûêΓûêΓûêΓûêΓûÄ| 2802/3000 [07:10<00:37,  5.33it/s]
 93%|ΓûêΓûêΓûêΓûêΓûêΓûêΓûêΓûêΓûêΓûÄ| 2803/3000 [07:11<00:37,  5.22it/s]
 93%|ΓûêΓûêΓûêΓûêΓûêΓûêΓûêΓûêΓûêΓûÄ| 2804/3000 [07:11<00:35,  5.49it/s]
 94%|ΓûêΓûêΓûêΓûêΓûêΓûêΓûêΓûêΓûêΓûÄ| 2805/3000 [07:11<00:31,  6.25it/s]
 94%|ΓûêΓûêΓûêΓûêΓûêΓûêΓûêΓûêΓûêΓûÄ| 2806/3000 [07:11<00:31,  6.21it/s]
 94%|ΓûêΓûêΓûêΓûêΓûêΓûêΓûêΓûêΓûêΓûÄ| 2807/3000 [07:11<00:28,  6.72it/s]
 94%|ΓûêΓûêΓûêΓûêΓûêΓûêΓûêΓûêΓûêΓûÄ| 2808/3000 [07:11<00:28,  6.84it/s]
 94%|ΓûêΓûêΓûêΓûêΓûêΓûêΓûêΓûêΓûêΓûÄ| 2809/3000 [07:11<00:29,  6.55it/s]
 94%|ΓûêΓûêΓûêΓûêΓûêΓûêΓûêΓûêΓûêΓûÄ| 2810/3000 [07:12<00:35,  5.37it/s]
 94%|ΓûêΓûêΓûêΓûêΓûêΓûêΓûêΓûêΓûêΓûÄ| 2811/3000 [07:12<00:30,  6.22it/s]
 94%|ΓûêΓûêΓûêΓûêΓûêΓûêΓûêΓûêΓûêΓûÄ| 2812/3000 [07:12<00:27,  6.93it/s]
 94%|ΓûêΓûêΓûêΓûêΓûêΓûêΓûêΓûêΓûêΓûì| 2814/3000 [07:12<00:28,  6.57it/s]
 94%|ΓûêΓûêΓûêΓûêΓûêΓûêΓûêΓûêΓûêΓûì| 2816/3000 [07:13<00:33,  5.44it/s]
 94%|ΓûêΓûêΓûêΓûêΓûêΓûêΓûêΓûêΓûêΓûì| 2817/3000 [07:13<00:30,  5.97it/s]
 94%|ΓûêΓûêΓûêΓûêΓûêΓûêΓûêΓûêΓûêΓûì| 2818/3000 [07:13<00:28,  6.43it/s]
 94%|ΓûêΓûêΓûêΓûêΓûêΓûêΓûêΓûêΓûêΓûì| 2819/3000 [07:13<00:25,  7.01it/s]
 94%|ΓûêΓûêΓûêΓûêΓûêΓûêΓûêΓûêΓûêΓûì| 2820/3000 [07:13<00:30,  5.95it/s]
 94%|ΓûêΓûêΓûêΓûêΓûêΓûêΓûêΓûêΓûêΓûì| 2821/3000 [07:13<00:27,  6.48it/s]
 94%|ΓûêΓûêΓûêΓûêΓûêΓûêΓûêΓûêΓûêΓûì| 2823/3000 [07:13<00:19,  9.20it/s]
 94%|ΓûêΓûêΓûêΓûêΓûêΓûêΓûêΓûêΓûêΓûì| 2825/3000 [07:14<00:23,  7.35it/s]
 94%|ΓûêΓûêΓûêΓûêΓûêΓûêΓûêΓûêΓûêΓûì| 2826/3000 [07:14<00:22,  7.72it/s]
 94%|ΓûêΓûêΓûêΓûêΓûêΓûêΓûêΓûêΓûêΓûì| 2827/3000 [07:14<00:23,  7.30it/s]
 94%|ΓûêΓûêΓûêΓûêΓûêΓûêΓûêΓûêΓûêΓûì| 2828/3000 [07:14<00:22,  7.54it/s]
 94%|ΓûêΓûêΓûêΓûêΓûêΓûêΓûêΓûêΓûêΓûì| 2829/3000 [07:14<00:21,  8.06it/s]
 94%|ΓûêΓûêΓûêΓûêΓûêΓûêΓûêΓûêΓûêΓûì| 2830/3000 [07:15<00:28,  5.96it/s]
 94%|ΓûêΓûêΓûêΓûêΓûêΓûêΓûêΓûêΓûêΓûì| 2831/3000 [07:15<00:28,  5.98it/s]
 94%|ΓûêΓûêΓûêΓûêΓûêΓûêΓûêΓûêΓûêΓûì| 2832/3000 [07:15<00:25,  6.60it/s]
 94%|ΓûêΓûêΓûêΓûêΓûêΓûêΓûêΓûêΓûêΓûì| 2833/3000 [07:15<00:28,  5.90it/s]
 94%|ΓûêΓûêΓûêΓûêΓûêΓûêΓûêΓûêΓûêΓûì| 2834/3000 [07:15<00:24,  6.71it/s]
 94%|ΓûêΓûêΓûêΓûêΓûêΓûêΓûêΓûêΓûêΓûì| 2835/3000 [07:15<00:26,  6.34it/s]
 95%|ΓûêΓûêΓûêΓûêΓûêΓûêΓûêΓûêΓûêΓûì| 2836/3000 [07:15<00:24,  6.61it/s]
 95%|ΓûêΓûêΓûêΓûêΓûêΓûêΓûêΓûêΓûêΓûì| 2837/3000 [07:16<00:23,  6.85it/s]
 95%|ΓûêΓûêΓûêΓûêΓûêΓûêΓûêΓûêΓûêΓûì| 2838/3000 [07:16<00:21,  7.52it/s]
 95%|ΓûêΓûêΓûêΓûêΓûêΓûêΓûêΓûêΓûêΓûì| 2839/3000 [07:16<00:20,  8.01it/s]
 95%|ΓûêΓûêΓûêΓûêΓûêΓûêΓûêΓûêΓûêΓûì| 2840/3000 [07:16<00:19,  8.37it/s]
 95%|ΓûêΓûêΓûêΓûêΓûêΓûêΓûêΓûêΓûêΓûì| 2841/3000 [07:16<00:21,  7.55it/s]
 95%|ΓûêΓûêΓûêΓûêΓûêΓûêΓûêΓûêΓûêΓûì| 2842/3000 [07:16<00:24,  6.40it/s]
 95%|ΓûêΓûêΓûêΓûêΓûêΓûêΓûêΓûêΓûêΓûì| 2843/3000 [07:16<00:25,  6.18it/s]
 95%|ΓûêΓûêΓûêΓûêΓûêΓûêΓûêΓûêΓûêΓûì| 2844/3000 [07:17<00:36,  4.30it/s]
 95%|ΓûêΓûêΓûêΓûêΓûêΓûêΓûêΓûêΓûêΓûì| 2845/3000 [07:17<00:34,  4.46it/s]
 95%|ΓûêΓûêΓûêΓûêΓûêΓûêΓûêΓûêΓûêΓûì| 2846/3000 [07:17<00:33,  4.66it/s]
 95%|ΓûêΓûêΓûêΓûêΓûêΓûêΓûêΓûêΓûêΓûì| 2848/3000 [07:17<00:25,  5.96it/s]
 95%|ΓûêΓûêΓûêΓûêΓûêΓûêΓûêΓûêΓûêΓûì| 2849/3000 [07:18<00:23,  6.41it/s]
 95%|ΓûêΓûêΓûêΓûêΓûêΓûêΓûêΓûêΓûêΓûî| 2850/3000 [07:18<00:21,  6.97it/s]
 95%|ΓûêΓûêΓûêΓûêΓûêΓûêΓûêΓûêΓûêΓûî| 2851/3000 [07:18<00:19,  7.49it/s]
 95%|ΓûêΓûêΓûêΓûêΓûêΓûêΓûêΓûêΓûêΓûî| 2852/3000 [07:18<00:18,  7.86it/s]
 95%|ΓûêΓûêΓûêΓûêΓûêΓûêΓûêΓûêΓûêΓûî| 2853/3000 [07:18<00:18,  8.15it/s]
 95%|ΓûêΓûêΓûêΓûêΓûêΓûêΓûêΓûêΓûêΓûî| 2854/3000 [07:18<00:17,  8.40it/s]
 95%|ΓûêΓûêΓûêΓûêΓûêΓûêΓûêΓûêΓûêΓûî| 2855/3000 [07:18<00:18,  7.88it/s]
 95%|ΓûêΓûêΓûêΓûêΓûêΓûêΓûêΓûêΓûêΓûî| 2856/3000 [07:18<00:21,  6.56it/s]
 95%|ΓûêΓûêΓûêΓûêΓûêΓûêΓûêΓûêΓûêΓûî| 2857/3000 [07:19<00:20,  7.09it/s]
 95%|ΓûêΓûêΓûêΓûêΓûêΓûêΓûêΓûêΓûêΓûî| 2859/3000 [07:19<00:20,  6.83it/s]
 95%|ΓûêΓûêΓûêΓûêΓûêΓûêΓûêΓûêΓûêΓûî| 2861/3000 [07:19<00:15,  8.93it/s]
 95%|ΓûêΓûêΓûêΓûêΓûêΓûêΓûêΓûêΓûêΓûî| 2863/3000 [07:19<00:20,  6.69it/s]
 95%|ΓûêΓûêΓûêΓûêΓûêΓûêΓûêΓûêΓûêΓûî| 2864/3000 [07:20<00:19,  6.88it/s]
 96%|ΓûêΓûêΓûêΓûêΓûêΓûêΓûêΓûêΓûêΓûî| 2865/3000 [07:20<00:20,  6.63it/s]
 96%|ΓûêΓûêΓûêΓûêΓûêΓûêΓûêΓûêΓûêΓûî| 2866/3000 [07:20<00:19,  6.83it/s]
 96%|ΓûêΓûêΓûêΓûêΓûêΓûêΓûêΓûêΓûêΓûî| 2867/3000 [07:20<00:23,  5.56it/s]
 96%|ΓûêΓûêΓûêΓûêΓûêΓûêΓûêΓûêΓûêΓûî| 2868/3000 [07:20<00:23,  5.65it/s]
 96%|ΓûêΓûêΓûêΓûêΓûêΓûêΓûêΓûêΓûêΓûî| 2870/3000 [07:21<00:25,  5.19it/s]
 96%|ΓûêΓûêΓûêΓûêΓûêΓûêΓûêΓûêΓûêΓûî| 2871/3000 [07:21<00:22,  5.84it/s]
 96%|ΓûêΓûêΓûêΓûêΓûêΓûêΓûêΓûêΓûêΓûî| 2873/3000 [07:21<00:18,  7.00it/s]
 96%|ΓûêΓûêΓûêΓûêΓûêΓûêΓûêΓûêΓûêΓûî| 2874/3000 [07:21<00:16,  7.43it/s]
 96%|ΓûêΓûêΓûêΓûêΓûêΓûêΓûêΓûêΓûêΓûî| 2875/3000 [07:21<00:18,  6.83it/s]
 96%|ΓûêΓûêΓûêΓûêΓûêΓûêΓûêΓûêΓûêΓûî| 2876/3000 [07:22<00:18,  6.70it/s]
 96%|ΓûêΓûêΓûêΓûêΓûêΓûêΓûêΓûêΓûêΓûî| 2877/3000 [07:22<00:26,  4.59it/s]
 96%|ΓûêΓûêΓûêΓûêΓûêΓûêΓûêΓûêΓûêΓûî| 2878/3000 [07:22<00:22,  5.39it/s]
 96%|ΓûêΓûêΓûêΓûêΓûêΓûêΓûêΓûêΓûêΓûî| 2879/3000 [07:22<00:20,  5.89it/s]
 96%|ΓûêΓûêΓûêΓûêΓûêΓûêΓûêΓûêΓûêΓûî| 2880/3000 [07:22<00:20,  5.84it/s]
 96%|ΓûêΓûêΓûêΓûêΓûêΓûêΓûêΓûêΓûêΓûî| 2882/3000 [07:23<00:18,  6.30it/s]
 96%|ΓûêΓûêΓûêΓûêΓûêΓûêΓûêΓûêΓûêΓûî| 2883/3000 [07:23<00:17,  6.73it/s]
 96%|ΓûêΓûêΓûêΓûêΓûêΓûêΓûêΓûêΓûêΓûî| 2884/3000 [07:23<00:18,  6.42it/s]
 96%|ΓûêΓûêΓûêΓûêΓûêΓûêΓûêΓûêΓûêΓûî| 2885/3000 [07:23<00:16,  6.99it/s]
 96%|ΓûêΓûêΓûêΓûêΓûêΓûêΓûêΓûêΓûêΓûî| 2886/3000 [07:23<00:15,  7.60it/s]
 96%|ΓûêΓûêΓûêΓûêΓûêΓûêΓûêΓûêΓûêΓûï| 2888/3000 [07:23<00:16,  6.97it/s]
 96%|ΓûêΓûêΓûêΓûêΓûêΓûêΓûêΓûêΓûêΓûï| 2889/3000 [07:24<00:15,  7.29it/s]
 96%|ΓûêΓûêΓûêΓûêΓûêΓûêΓûêΓûêΓûêΓûï| 2890/3000 [07:24<00:15,  7.06it/s]
 96%|ΓûêΓûêΓûêΓûêΓûêΓûêΓûêΓûêΓûêΓûï| 2891/3000 [07:24<00:15,  7.10it/s]
 96%|ΓûêΓûêΓûêΓûêΓûêΓûêΓûêΓûêΓûêΓûï| 2892/3000 [07:24<00:14,  7.44it/s]
 96%|ΓûêΓûêΓûêΓûêΓûêΓûêΓûêΓûêΓûêΓûï| 2893/3000 [07:24<00:13,  7.94it/s]
 96%|ΓûêΓûêΓûêΓûêΓûêΓûêΓûêΓûêΓûêΓûï| 2894/3000 [07:24<00:12,  8.33it/s]
 96%|ΓûêΓûêΓûêΓûêΓûêΓûêΓûêΓûêΓûêΓûï| 2895/3000 [07:24<00:16,  6.27it/s]
 97%|ΓûêΓûêΓûêΓûêΓûêΓûêΓûêΓûêΓûêΓûï| 2896/3000 [07:25<00:17,  6.10it/s]
 97%|ΓûêΓûêΓûêΓûêΓûêΓûêΓûêΓûêΓûêΓûï| 2897/3000 [07:25<00:17,  6.02it/s]
 97%|ΓûêΓûêΓûêΓûêΓûêΓûêΓûêΓûêΓûêΓûï| 2898/3000 [07:25<00:18,  5.42it/s]
 97%|ΓûêΓûêΓûêΓûêΓûêΓûêΓûêΓûêΓûêΓûï| 2899/3000 [07:25<00:16,  6.03it/s]
 97%|ΓûêΓûêΓûêΓûêΓûêΓûêΓûêΓûêΓûêΓûï| 2900/3000 [07:25<00:16,  5.95it/s]
 97%|ΓûêΓûêΓûêΓûêΓûêΓûêΓûêΓûêΓûêΓûï| 2903/3000 [07:26<00:10,  8.84it/s]
 97%|ΓûêΓûêΓûêΓûêΓûêΓûêΓûêΓûêΓûêΓûï| 2906/3000 [07:26<00:09, 10.29it/s]
 97%|ΓûêΓûêΓûêΓûêΓûêΓûêΓûêΓûêΓûêΓûï| 2907/3000 [07:26<00:10,  8.58it/s]
 97%|ΓûêΓûêΓûêΓûêΓûêΓûêΓûêΓûêΓûêΓûï| 2908/3000 [07:26<00:12,  7.60it/s]
 97%|ΓûêΓûêΓûêΓûêΓûêΓûêΓûêΓûêΓûêΓûï| 2909/3000 [07:26<00:11,  7.86it/s]
 97%|ΓûêΓûêΓûêΓûêΓûêΓûêΓûêΓûêΓûêΓûï| 2910/3000 [07:26<00:11,  7.89it/s]
 97%|ΓûêΓûêΓûêΓûêΓûêΓûêΓûêΓûêΓûêΓûï| 2911/3000 [07:27<00:11,  7.62it/s]
 97%|ΓûêΓûêΓûêΓûêΓûêΓûêΓûêΓûêΓûêΓûï| 2912/3000 [07:27<00:12,  7.18it/s]
 97%|ΓûêΓûêΓûêΓûêΓûêΓûêΓûêΓûêΓûêΓûï| 2913/3000 [07:27<00:11,  7.58it/s]
 97%|ΓûêΓûêΓûêΓûêΓûêΓûêΓûêΓûêΓûêΓûï| 2914/3000 [07:27<00:11,  7.73it/s]
 97%|ΓûêΓûêΓûêΓûêΓûêΓûêΓûêΓûêΓûêΓûï| 2915/3000 [07:27<00:10,  7.86it/s]
 97%|ΓûêΓûêΓûêΓûêΓûêΓûêΓûêΓûêΓûêΓûï| 2916/3000 [07:27<00:12,  6.59it/s]
 97%|ΓûêΓûêΓûêΓûêΓûêΓûêΓûêΓûêΓûêΓûï| 2918/3000 [07:27<00:10,  7.82it/s]
 97%|ΓûêΓûêΓûêΓûêΓûêΓûêΓûêΓûêΓûêΓûï| 2919/3000 [07:28<00:10,  7.57it/s]
 97%|ΓûêΓûêΓûêΓûêΓûêΓûêΓûêΓûêΓûêΓûï| 2920/3000 [07:28<00:10,  7.74it/s]
 97%|ΓûêΓûêΓûêΓûêΓûêΓûêΓûêΓûêΓûêΓûï| 2921/3000 [07:28<00:10,  7.24it/s]
 97%|ΓûêΓûêΓûêΓûêΓûêΓûêΓûêΓûêΓûêΓûï| 2922/3000 [07:28<00:11,  7.08it/s]
 97%|ΓûêΓûêΓûêΓûêΓûêΓûêΓûêΓûêΓûêΓûï| 2923/3000 [07:28<00:12,  5.94it/s]
 97%|ΓûêΓûêΓûêΓûêΓûêΓûêΓûêΓûêΓûêΓûï| 2924/3000 [07:28<00:13,  5.54it/s]
 98%|ΓûêΓûêΓûêΓûêΓûêΓûêΓûêΓûêΓûêΓûè| 2925/3000 [07:29<00:16,  4.47it/s]
 98%|ΓûêΓûêΓûêΓûêΓûêΓûêΓûêΓûêΓûêΓûè| 2928/3000 [07:29<00:08,  8.00it/s]
 98%|ΓûêΓûêΓûêΓûêΓûêΓûêΓûêΓûêΓûêΓûè| 2930/3000 [07:29<00:09,  7.74it/s]
 98%|ΓûêΓûêΓûêΓûêΓûêΓûêΓûêΓûêΓûêΓûè| 2931/3000 [07:30<00:12,  5.43it/s]
 98%|ΓûêΓûêΓûêΓûêΓûêΓûêΓûêΓûêΓûêΓûè| 2932/3000 [07:30<00:14,  4.79it/s]
 98%|ΓûêΓûêΓûêΓûêΓûêΓûêΓûêΓûêΓûêΓûè| 2933/3000 [07:30<00:16,  4.07it/s]
 98%|ΓûêΓûêΓûêΓûêΓûêΓûêΓûêΓûêΓûêΓûè| 2934/3000 [07:30<00:15,  4.25it/s]
 98%|ΓûêΓûêΓûêΓûêΓûêΓûêΓûêΓûêΓûêΓûè| 2935/3000 [07:31<00:13,  4.97it/s]
 98%|ΓûêΓûêΓûêΓûêΓûêΓûêΓûêΓûêΓûêΓûè| 2936/3000 [07:31<00:13,  4.62it/s]
 98%|ΓûêΓûêΓûêΓûêΓûêΓûêΓûêΓûêΓûêΓûè| 2937/3000 [07:31<00:15,  4.08it/s]
 98%|ΓûêΓûêΓûêΓûêΓûêΓûêΓûêΓûêΓûêΓûè| 2938/3000 [07:31<00:16,  3.68it/s]
 98%|ΓûêΓûêΓûêΓûêΓûêΓûêΓûêΓûêΓûêΓûè| 2939/3000 [07:32<00:14,  4.13it/s]
 98%|ΓûêΓûêΓûêΓûêΓûêΓûêΓûêΓûêΓûêΓûè| 2941/3000 [07:32<00:09,  6.22it/s]
 98%|ΓûêΓûêΓûêΓûêΓûêΓûêΓûêΓûêΓûêΓûè| 2942/3000 [07:32<00:08,  6.59it/s]
 98%|ΓûêΓûêΓûêΓûêΓûêΓûêΓûêΓûêΓûêΓûè| 2943/3000 [07:32<00:08,  7.08it/s]
 98%|ΓûêΓûêΓûêΓûêΓûêΓûêΓûêΓûêΓûêΓûè| 2944/3000 [07:32<00:07,  7.35it/s]
 98%|ΓûêΓûêΓûêΓûêΓûêΓûêΓûêΓûêΓûêΓûè| 2945/3000 [07:32<00:07,  6.97it/s]
 98%|ΓûêΓûêΓûêΓûêΓûêΓûêΓûêΓûêΓûêΓûè| 2946/3000 [07:32<00:08,  6.68it/s]
 98%|ΓûêΓûêΓûêΓûêΓûêΓûêΓûêΓûêΓûêΓûè| 2947/3000 [07:33<00:08,  6.34it/s]
 98%|ΓûêΓûêΓûêΓûêΓûêΓûêΓûêΓûêΓûêΓûè| 2949/3000 [07:33<00:06,  7.81it/s]
 98%|ΓûêΓûêΓûêΓûêΓûêΓûêΓûêΓûêΓûêΓûè| 2950/3000 [07:33<00:06,  7.45it/s]
 98%|ΓûêΓûêΓûêΓûêΓûêΓûêΓûêΓûêΓûêΓûè| 2951/3000 [07:33<00:06,  7.45it/s]
 98%|ΓûêΓûêΓûêΓûêΓûêΓûêΓûêΓûêΓûêΓûè| 2952/3000 [07:33<00:06,  7.75it/s]
 98%|ΓûêΓûêΓûêΓûêΓûêΓûêΓûêΓûêΓûêΓûè| 2953/3000 [07:33<00:05,  8.17it/s]
 98%|ΓûêΓûêΓûêΓûêΓûêΓûêΓûêΓûêΓûêΓûè| 2954/3000 [07:34<00:06,  7.66it/s]
 98%|ΓûêΓûêΓûêΓûêΓûêΓûêΓûêΓûêΓûêΓûè| 2955/3000 [07:34<00:06,  6.90it/s]
 99%|ΓûêΓûêΓûêΓûêΓûêΓûêΓûêΓûêΓûêΓûè| 2956/3000 [07:34<00:07,  6.22it/s]
 99%|ΓûêΓûêΓûêΓûêΓûêΓûêΓûêΓûêΓûêΓûè| 2957/3000 [07:34<00:08,  5.15it/s]
 99%|ΓûêΓûêΓûêΓûêΓûêΓûêΓûêΓûêΓûêΓûè| 2958/3000 [07:34<00:07,  5.55it/s]
 99%|ΓûêΓûêΓûêΓûêΓûêΓûêΓûêΓûêΓûêΓûè| 2959/3000 [07:34<00:06,  6.37it/s]
 99%|ΓûêΓûêΓûêΓûêΓûêΓûêΓûêΓûêΓûêΓûè| 2960/3000 [07:35<00:06,  5.90it/s]
 99%|ΓûêΓûêΓûêΓûêΓûêΓûêΓûêΓûêΓûêΓûè| 2961/3000 [07:35<00:06,  6.23it/s]
 99%|ΓûêΓûêΓûêΓûêΓûêΓûêΓûêΓûêΓûêΓûè| 2962/3000 [07:35<00:06,  5.69it/s]
 99%|ΓûêΓûêΓûêΓûêΓûêΓûêΓûêΓûêΓûêΓûë| 2963/3000 [07:35<00:07,  5.05it/s]
 99%|ΓûêΓûêΓûêΓûêΓûêΓûêΓûêΓûêΓûêΓûë| 2964/3000 [07:35<00:07,  4.91it/s]
 99%|ΓûêΓûêΓûêΓûêΓûêΓûêΓûêΓûêΓûêΓûë| 2965/3000 [07:36<00:06,  5.08it/s]
 99%|ΓûêΓûêΓûêΓûêΓûêΓûêΓûêΓûêΓûêΓûë| 2966/3000 [07:36<00:06,  5.58it/s]
 99%|ΓûêΓûêΓûêΓûêΓûêΓûêΓûêΓûêΓûêΓûë| 2967/3000 [07:36<00:05,  6.01it/s]
 99%|ΓûêΓûêΓûêΓûêΓûêΓûêΓûêΓûêΓûêΓûë| 2968/3000 [07:36<00:05,  5.99it/s]
 99%|ΓûêΓûêΓûêΓûêΓûêΓûêΓûêΓûêΓûêΓûë| 2969/3000 [07:36<00:05,  5.87it/s]
 99%|ΓûêΓûêΓûêΓûêΓûêΓûêΓûêΓûêΓûêΓûë| 2970/3000 [07:36<00:05,  5.81it/s]
 99%|ΓûêΓûêΓûêΓûêΓûêΓûêΓûêΓûêΓûêΓûë| 2971/3000 [07:37<00:04,  5.81it/s]
 99%|ΓûêΓûêΓûêΓûêΓûêΓûêΓûêΓûêΓûêΓûë| 2972/3000 [07:37<00:04,  6.02it/s]
 99%|ΓûêΓûêΓûêΓûêΓûêΓûêΓûêΓûêΓûêΓûë| 2973/3000 [07:37<00:05,  4.55it/s]
 99%|ΓûêΓûêΓûêΓûêΓûêΓûêΓûêΓûêΓûêΓûë| 2974/3000 [07:37<00:05,  4.72it/s]
 99%|ΓûêΓûêΓûêΓûêΓûêΓûêΓûêΓûêΓûêΓûë| 2975/3000 [07:38<00:05,  4.23it/s]
 99%|ΓûêΓûêΓûêΓûêΓûêΓûêΓûêΓûêΓûêΓûë| 2976/3000 [07:38<00:06,  3.65it/s]
 99%|ΓûêΓûêΓûêΓûêΓûêΓûêΓûêΓûêΓûêΓûë| 2977/3000 [07:38<00:06,  3.66it/s]
 99%|ΓûêΓûêΓûêΓûêΓûêΓûêΓûêΓûêΓûêΓûë| 2978/3000 [07:38<00:04,  4.49it/s]
 99%|ΓûêΓûêΓûêΓûêΓûêΓûêΓûêΓûêΓûêΓûë| 2980/3000 [07:39<00:03,  5.57it/s]
 99%|ΓûêΓûêΓûêΓûêΓûêΓûêΓûêΓûêΓûêΓûë| 2981/3000 [07:39<00:04,  4.02it/s]
 99%|ΓûêΓûêΓûêΓûêΓûêΓûêΓûêΓûêΓûêΓûë| 2982/3000 [07:39<00:04,  4.29it/s]
 99%|ΓûêΓûêΓûêΓûêΓûêΓûêΓûêΓûêΓûêΓûë| 2983/3000 [07:39<00:03,  5.01it/s]
100%|ΓûêΓûêΓûêΓûêΓûêΓûêΓûêΓûêΓûêΓûë| 2985/3000 [07:40<00:02,  5.77it/s]
100%|ΓûêΓûêΓûêΓûêΓûêΓûêΓûêΓûêΓûêΓûë| 2986/3000 [07:40<00:02,  5.62it/s]
100%|ΓûêΓûêΓûêΓûêΓûêΓûêΓûêΓûêΓûêΓûë| 2987/3000 [07:40<00:02,  6.03it/s]
100%|ΓûêΓûêΓûêΓûêΓûêΓûêΓûêΓûêΓûêΓûë| 2988/3000 [07:40<00:01,  6.30it/s]
100%|ΓûêΓûêΓûêΓûêΓûêΓûêΓûêΓûêΓûêΓûë| 2989/3000 [07:40<00:01,  6.82it/s]
100%|ΓûêΓûêΓûêΓûêΓûêΓûêΓûêΓûêΓûêΓûë| 2991/3000 [07:40<00:01,  7.15it/s]
100%|ΓûêΓûêΓûêΓûêΓûêΓûêΓûêΓûêΓûêΓûë| 2992/3000 [07:41<00:01,  7.56it/s]
100%|ΓûêΓûêΓûêΓûêΓûêΓûêΓûêΓûêΓûêΓûë| 2993/3000 [07:41<00:00,  7.30it/s]
100%|ΓûêΓûêΓûêΓûêΓûêΓûêΓûêΓûêΓûêΓûë| 2995/3000 [07:41<00:00,  7.21it/s]
100%|ΓûêΓûêΓûêΓûêΓûêΓûêΓûêΓûêΓûêΓûë| 2996/3000 [07:41<00:00,  6.80it/s]
100%|ΓûêΓûêΓûêΓûêΓûêΓûêΓûêΓûêΓûêΓûë| 2997/3000 [07:41<00:00,  7.15it/s]
100%|ΓûêΓûêΓûêΓûêΓûêΓûêΓûêΓûêΓûêΓûë| 2998/3000 [07:41<00:00,  7.73it/s]
100%|ΓûêΓûêΓûêΓûêΓûêΓûêΓûêΓûêΓûêΓûë| 2999/3000 [07:42<00:00,  6.36it/s]
100%|ΓûêΓûêΓûêΓûêΓûêΓûêΓûêΓûêΓûêΓûê| 3000/3000 [07:42<00:00,  6.40it/s]
100%|ΓûêΓûêΓûêΓûêΓûêΓûêΓûêΓûêΓûêΓûê| 3000/3000 [07:42<00:00,  6.49it/s]
{"run_dir": "C:\\Users\\jv624\\Desktop\\fsm_reliability\\outputs\\fsm_grounding\\20261002_082330_20261002_074624_smollm2-17b-instruct_cert2_3000", "status": {"ok": 2892, "no_step": 108}, "tf_argmax_agreement": 0.9937}
