python.exe : 
At C:\Users\jv624\Desktop\fsm_reliability\outputs\pipeline_detached.ps1:18 char:5
+     & $py @pyArgs 2>&1 | Out-File -Encoding utf8 "outputs\queue_$name ...
+     ~~~~~~~~~~~~~~~~~~
    + CategoryInfo          : NotSpecified: (:String) [], RemoteException
    + FullyQualifiedErrorId : NativeCommandError
 
Loading weights:   0%|          | 0/218 [00:00<?, ?it/s]
Loading weights:   0%|          | 1/218 [00:00<00:30,  7.05it/s]
Loading weights:   6%|Γûî         | 12/218 [00:00<00:03, 58.68it/s]
Loading weights:  10%|Γûê         | 22/218 [00:00<00:02, 72.83it/s]
Loading weights:  15%|ΓûêΓûì        | 32/218 [00:00<00:02, 82.04it/s]
Loading weights:  20%|ΓûêΓûê        | 44/218 [00:00<00:01, 94.12it/s]
Loading weights:  26%|ΓûêΓûêΓûî       | 57/218 [00:00<00:01, 101.57it/s]
Loading weights:  31%|ΓûêΓûêΓûê       | 68/218 [00:00<00:01, 94.65it/s] 
Loading weights:  36%|ΓûêΓûêΓûêΓûî      | 79/218 [00:00<00:01, 98.87it/s]
Loading weights:  41%|ΓûêΓûêΓûêΓûêΓûÅ     | 90/218 [00:01<00:01, 98.59it/s]
Loading weights:  47%|ΓûêΓûêΓûêΓûêΓûï     | 102/218 [00:01<00:01, 99.09it/s]
Loading weights:  51%|ΓûêΓûêΓûêΓûêΓûêΓûÅ    | 112/218 [00:01<00:01, 86.87it/s]
Loading weights:  56%|ΓûêΓûêΓûêΓûêΓûêΓûî    | 121/218 [00:01<00:01, 83.81it/s]
Loading weights:  60%|ΓûêΓûêΓûêΓûêΓûêΓûë    | 130/218 [00:01<00:01, 81.02it/s]
Loading weights:  64%|ΓûêΓûêΓûêΓûêΓûêΓûêΓûì   | 139/218 [00:01<00:00, 79.25it/s]
Loading weights:  68%|ΓûêΓûêΓûêΓûêΓûêΓûêΓûè   | 148/218 [00:01<00:00, 75.52it/s]
Loading weights:  72%|ΓûêΓûêΓûêΓûêΓûêΓûêΓûêΓûÅ  | 157/218 [00:01<00:00, 75.40it/s]
Loading weights:  76%|ΓûêΓûêΓûêΓûêΓûêΓûêΓûêΓûî  | 166/218 [00:02<00:00, 75.65it/s]
Loading weights:  80%|ΓûêΓûêΓûêΓûêΓûêΓûêΓûêΓûê  | 175/218 [00:02<00:00, 74.14it/s]
Loading weights:  84%|ΓûêΓûêΓûêΓûêΓûêΓûêΓûêΓûêΓûì | 184/218 [00:02<00:00, 75.09it/s]
Loading weights:  89%|ΓûêΓûêΓûêΓûêΓûêΓûêΓûêΓûêΓûè | 193/218 [00:02<00:00, 75.87it/s]
Loading weights:  93%|ΓûêΓûêΓûêΓûêΓûêΓûêΓûêΓûêΓûêΓûÄ| 202/218 [00:02<00:00, 79.34it/s]
Loading weights:  97%|ΓûêΓûêΓûêΓûêΓûêΓûêΓûêΓûêΓûêΓûï| 211/218 [00:02<00:00, 81.41it/s]
Loading weights: 100%|ΓûêΓûêΓûêΓûêΓûêΓûêΓûêΓûêΓûêΓûê| 218/218 [00:02<00:00, 83.07it/s]

  0%|          | 0/3000 [00:00<?, ?it/s]
  0%|          | 1/3000 [00:00<41:32,  1.20it/s]
  0%|          | 2/3000 [00:01<31:57,  1.56it/s]
  0%|          | 3/3000 [00:02<38:10,  1.31it/s]
  0%|          | 4/3000 [00:02<35:45,  1.40it/s]
  0%|          | 5/3000 [00:03<29:39,  1.68it/s]
  0%|          | 6/3000 [00:03<31:49,  1.57it/s]
  0%|          | 7/3000 [00:04<30:18,  1.65it/s]
  0%|          | 8/3000 [00:04<27:28,  1.82it/s]
  0%|          | 9/3000 [00:05<26:41,  1.87it/s]
  0%|          | 10/3000 [00:05<24:34,  2.03it/s]
  0%|          | 11/3000 [00:06<26:38,  1.87it/s]
  0%|          | 12/3000 [00:07<30:05,  1.66it/s]
  0%|          | 13/3000 [00:07<27:17,  1.82it/s]
  0%|          | 14/3000 [00:08<34:47,  1.43it/s]
  0%|          | 15/3000 [00:09<32:06,  1.55it/s]
  1%|          | 16/3000 [00:10<37:41,  1.32it/s]
  1%|          | 17/3000 [00:11<40:48,  1.22it/s]
  1%|          | 18/3000 [00:12<48:55,  1.02it/s]
  1%|          | 19/3000 [00:13<43:06,  1.15it/s]
  1%|          | 20/3000 [00:14<43:28,  1.14it/s]
  1%|          | 21/3000 [00:14<38:27,  1.29it/s]
  1%|          | 22/3000 [00:15<38:15,  1.30it/s]
  1%|          | 23/3000 [00:16<36:15,  1.37it/s]
  1%|          | 24/3000 [00:16<31:42,  1.56it/s]
  1%|          | 25/3000 [00:17<37:36,  1.32it/s]
  1%|          | 26/3000 [00:18<43:05,  1.15it/s]
  1%|          | 27/3000 [00:19<39:54,  1.24it/s]
  1%|          | 28/3000 [00:20<39:29,  1.25it/s]
  1%|          | 29/3000 [00:20<41:23,  1.20it/s]
  1%|          | 30/3000 [00:21<42:35,  1.16it/s]
  1%|          | 31/3000 [00:22<39:24,  1.26it/s]
  1%|          | 32/3000 [00:22<33:39,  1.47it/s]
  1%|          | 33/3000 [00:23<31:10,  1.59it/s]
  1%|          | 34/3000 [00:23<26:46,  1.85it/s]
  1%|          | 35/3000 [00:24<28:42,  1.72it/s]
  1%|          | 36/3000 [00:24<27:38,  1.79it/s]
  1%|          | 37/3000 [00:25<28:32,  1.73it/s]
  1%|ΓûÅ         | 38/3000 [00:27<51:42,  1.05s/it]
  1%|ΓûÅ         | 39/3000 [00:28<42:13,  1.17it/s]
  1%|ΓûÅ         | 40/3000 [00:28<35:43,  1.38it/s]
  1%|ΓûÅ         | 41/3000 [00:29<35:57,  1.37it/s]
  1%|ΓûÅ         | 42/3000 [00:29<31:13,  1.58it/s]
  1%|ΓûÅ         | 43/3000 [00:30<27:56,  1.76it/s]
  1%|ΓûÅ         | 44/3000 [00:31<36:15,  1.36it/s]
  2%|ΓûÅ         | 45/3000 [00:31<34:26,  1.43it/s]
  2%|ΓûÅ         | 46/3000 [00:32<31:31,  1.56it/s]
  2%|ΓûÅ         | 47/3000 [00:33<31:43,  1.55it/s]
  2%|ΓûÅ         | 48/3000 [00:34<44:00,  1.12it/s]
  2%|ΓûÅ         | 49/3000 [00:35<40:20,  1.22it/s]
  2%|ΓûÅ         | 50/3000 [00:35<39:02,  1.26it/s]
  2%|ΓûÅ         | 51/3000 [00:36<34:35,  1.42it/s]
  2%|ΓûÅ         | 52/3000 [00:38<50:49,  1.03s/it]
  2%|ΓûÅ         | 53/3000 [00:38<43:36,  1.13it/s]
  2%|ΓûÅ         | 54/3000 [00:39<37:48,  1.30it/s]
  2%|ΓûÅ         | 55/3000 [00:39<36:36,  1.34it/s]
  2%|ΓûÅ         | 56/3000 [00:40<31:44,  1.55it/s]
  2%|ΓûÅ         | 57/3000 [00:41<35:33,  1.38it/s]
  2%|ΓûÅ         | 58/3000 [00:41<31:20,  1.56it/s]
  2%|ΓûÅ         | 59/3000 [00:42<28:39,  1.71it/s]
  2%|ΓûÅ         | 60/3000 [00:42<26:08,  1.87it/s]
  2%|ΓûÅ         | 61/3000 [00:43<25:06,  1.95it/s]
  2%|ΓûÅ         | 62/3000 [00:43<27:24,  1.79it/s]
  2%|ΓûÅ         | 63/3000 [00:44<31:37,  1.55it/s]
  2%|ΓûÅ         | 64/3000 [00:45<40:45,  1.20it/s]
  2%|ΓûÅ         | 65/3000 [00:46<42:14,  1.16it/s]
  2%|ΓûÅ         | 66/3000 [00:47<40:26,  1.21it/s]
  2%|ΓûÅ         | 67/3000 [00:48<39:18,  1.24it/s]
  2%|ΓûÅ         | 68/3000 [00:49<39:59,  1.22it/s]
  2%|ΓûÅ         | 69/3000 [00:49<37:43,  1.29it/s]
  2%|ΓûÅ         | 70/3000 [00:50<41:23,  1.18it/s]
  2%|ΓûÅ         | 71/3000 [00:51<43:15,  1.13it/s]
  2%|ΓûÅ         | 72/3000 [00:52<37:39,  1.30it/s]
  2%|ΓûÅ         | 73/3000 [00:53<38:33,  1.27it/s]
  2%|ΓûÅ         | 74/3000 [00:53<33:10,  1.47it/s]
  2%|ΓûÄ         | 75/3000 [00:54<37:39,  1.29it/s]
  3%|ΓûÄ         | 76/3000 [00:55<42:38,  1.14it/s]
  3%|ΓûÄ         | 77/3000 [00:56<41:36,  1.17it/s]
  3%|ΓûÄ         | 78/3000 [00:56<35:29,  1.37it/s]
  3%|ΓûÄ         | 79/3000 [00:57<29:40,  1.64it/s]
  3%|ΓûÄ         | 80/3000 [00:58<37:12,  1.31it/s]
  3%|ΓûÄ         | 81/3000 [00:59<37:08,  1.31it/s]
  3%|ΓûÄ         | 82/3000 [01:00<50:38,  1.04s/it]
  3%|ΓûÄ         | 83/3000 [01:01<40:27,  1.20it/s]
  3%|ΓûÄ         | 84/3000 [01:01<38:46,  1.25it/s]
  3%|ΓûÄ         | 85/3000 [01:02<41:41,  1.17it/s]
  3%|ΓûÄ         | 86/3000 [01:04<48:31,  1.00it/s]
  3%|ΓûÄ         | 87/3000 [01:04<40:02,  1.21it/s]
  3%|ΓûÄ         | 88/3000 [01:05<38:20,  1.27it/s]
  3%|ΓûÄ         | 89/3000 [01:05<34:23,  1.41it/s]
  3%|ΓûÄ         | 90/3000 [01:06<31:58,  1.52it/s]
  3%|ΓûÄ         | 91/3000 [01:06<28:52,  1.68it/s]
  3%|ΓûÄ         | 92/3000 [01:07<26:49,  1.81it/s]
  3%|ΓûÄ         | 93/3000 [01:08<30:55,  1.57it/s]
  3%|ΓûÄ         | 94/3000 [01:08<30:26,  1.59it/s]
  3%|ΓûÄ         | 95/3000 [01:09<31:17,  1.55it/s]
  3%|ΓûÄ         | 96/3000 [01:09<27:23,  1.77it/s]
  3%|ΓûÄ         | 97/3000 [01:10<29:55,  1.62it/s]
  3%|ΓûÄ         | 98/3000 [01:10<25:38,  1.89it/s]
  3%|ΓûÄ         | 99/3000 [01:11<24:56,  1.94it/s]
  3%|ΓûÄ         | 100/3000 [01:11<24:34,  1.97it/s]
  3%|ΓûÄ         | 101/3000 [01:12<23:40,  2.04it/s]
  3%|ΓûÄ         | 102/3000 [01:12<21:32,  2.24it/s]
  3%|ΓûÄ         | 103/3000 [01:13<25:34,  1.89it/s]
  3%|ΓûÄ         | 104/3000 [01:13<26:08,  1.85it/s]
  4%|ΓûÄ         | 105/3000 [01:14<24:35,  1.96it/s]
  4%|ΓûÄ         | 106/3000 [01:14<21:07,  2.28it/s]
  4%|ΓûÄ         | 107/3000 [01:15<27:40,  1.74it/s]
  4%|ΓûÄ         | 108/3000 [01:15<25:50,  1.87it/s]
  4%|ΓûÄ         | 109/3000 [01:16<25:25,  1.90it/s]
  4%|ΓûÄ         | 110/3000 [01:16<24:41,  1.95it/s]
  4%|ΓûÄ         | 111/3000 [01:17<25:00,  1.93it/s]
  4%|ΓûÄ         | 112/3000 [01:18<31:57,  1.51it/s]
  4%|Γûì         | 113/3000 [01:19<32:27,  1.48it/s]
  4%|Γûì         | 114/3000 [01:19<28:48,  1.67it/s]
  4%|Γûì         | 115/3000 [01:20<35:55,  1.34it/s]
  4%|Γûì         | 116/3000 [01:21<33:18,  1.44it/s]
  4%|Γûì         | 117/3000 [01:22<37:49,  1.27it/s]
  4%|Γûì         | 118/3000 [01:23<46:06,  1.04it/s]
  4%|Γûì         | 119/3000 [01:24<38:57,  1.23it/s]
  4%|Γûì         | 120/3000 [01:24<35:12,  1.36it/s]
  4%|Γûì         | 121/3000 [01:25<36:19,  1.32it/s]
  4%|Γûì         | 122/3000 [01:26<39:32,  1.21it/s]
  4%|Γûì         | 123/3000 [01:26<32:35,  1.47it/s]
  4%|Γûì         | 124/3000 [01:27<35:44,  1.34it/s]
  4%|Γûì         | 125/3000 [01:28<40:15,  1.19it/s]
  4%|Γûì         | 126/3000 [01:29<35:22,  1.35it/s]
  4%|Γûì         | 127/3000 [01:29<32:15,  1.48it/s]
  4%|Γûì         | 128/3000 [01:30<30:41,  1.56it/s]
  4%|Γûì         | 129/3000 [01:30<31:31,  1.52it/s]
  4%|Γûì         | 130/3000 [01:31<27:01,  1.77it/s]
  4%|Γûì         | 131/3000 [01:31<28:07,  1.70it/s]
  4%|Γûì         | 132/3000 [01:32<25:58,  1.84it/s]
  4%|Γûì         | 133/3000 [01:33<29:29,  1.62it/s]
  4%|Γûì         | 134/3000 [01:33<28:03,  1.70it/s]
  4%|Γûì         | 135/3000 [01:34<29:37,  1.61it/s]
  5%|Γûì         | 136/3000 [01:35<29:27,  1.62it/s]
  5%|Γûì         | 137/3000 [01:35<27:55,  1.71it/s]
  5%|Γûì         | 138/3000 [01:36<31:44,  1.50it/s]
  5%|Γûì         | 139/3000 [01:36<28:21,  1.68it/s]
  5%|Γûì         | 140/3000 [01:37<28:19,  1.68it/s]
  5%|Γûì         | 141/3000 [01:37<27:37,  1.73it/s]
  5%|Γûì         | 142/3000 [01:38<31:14,  1.53it/s]
  5%|Γûì         | 143/3000 [01:39<35:52,  1.33it/s]
  5%|Γûì         | 144/3000 [01:40<35:34,  1.34it/s]
  5%|Γûì         | 145/3000 [01:41<32:06,  1.48it/s]
  5%|Γûì         | 146/3000 [01:41<29:01,  1.64it/s]
  5%|Γûì         | 147/3000 [01:42<30:23,  1.56it/s]
  5%|Γûì         | 148/3000 [01:42<30:53,  1.54it/s]
  5%|Γûì         | 149/3000 [01:43<34:18,  1.39it/s]
  5%|Γûî         | 150/3000 [01:44<31:31,  1.51it/s]
  5%|Γûî         | 151/3000 [01:45<39:39,  1.20it/s]
  5%|Γûî         | 152/3000 [01:48<1:14:11,  1.56s/it]
  5%|Γûî         | 153/3000 [01:49<1:00:00,  1.26s/it]
  5%|Γûî         | 154/3000 [01:50<1:01:41,  1.30s/it]
  5%|Γûî         | 155/3000 [01:51<57:41,  1.22s/it]  
  5%|Γûî         | 156/3000 [01:52<47:49,  1.01s/it]
  5%|Γûî         | 157/3000 [01:52<39:31,  1.20it/s]
  5%|Γûî         | 158/3000 [01:53<45:01,  1.05it/s]
  5%|Γûî         | 159/3000 [01:55<46:50,  1.01it/s]
  5%|Γûî         | 160/3000 [01:55<40:28,  1.17it/s]
  5%|Γûî         | 161/3000 [01:56<36:16,  1.30it/s]
  5%|Γûî         | 162/3000 [01:57<39:07,  1.21it/s]
  5%|Γûî         | 163/3000 [01:57<33:24,  1.42it/s]
  5%|Γûî         | 164/3000 [01:58<36:13,  1.30it/s]
  6%|Γûî         | 165/3000 [01:59<37:27,  1.26it/s]
  6%|Γûî         | 166/3000 [01:59<36:01,  1.31it/s]
  6%|Γûî         | 167/3000 [02:00<30:52,  1.53it/s]
  6%|Γûî         | 168/3000 [02:01<35:00,  1.35it/s]
  6%|Γûî         | 169/3000 [02:02<42:38,  1.11it/s]
  6%|Γûî         | 170/3000 [02:03<48:30,  1.03s/it]
  6%|Γûî         | 171/3000 [02:04<45:28,  1.04it/s]
  6%|Γûî         | 172/3000 [02:05<38:58,  1.21it/s]
  6%|Γûî         | 173/3000 [02:05<38:02,  1.24it/s]
  6%|Γûî         | 174/3000 [02:06<31:26,  1.50it/s]
  6%|Γûî         | 175/3000 [02:07<31:36,  1.49it/s]
  6%|Γûî         | 176/3000 [02:07<29:07,  1.62it/s]
  6%|Γûî         | 177/3000 [02:07<26:35,  1.77it/s]
  6%|Γûî         | 178/3000 [02:08<25:41,  1.83it/s]
  6%|Γûî         | 179/3000 [02:09<30:38,  1.53it/s]
  6%|Γûî         | 180/3000 [02:09<29:47,  1.58it/s]
  6%|Γûî         | 181/3000 [02:10<28:05,  1.67it/s]
  6%|Γûî         | 182/3000 [02:10<24:18,  1.93it/s]
  6%|Γûî         | 183/3000 [02:11<33:43,  1.39it/s]
  6%|Γûî         | 184/3000 [02:12<29:34,  1.59it/s]
  6%|Γûî         | 185/3000 [02:14<44:01,  1.07it/s]
  6%|Γûî         | 186/3000 [02:14<39:45,  1.18it/s]
  6%|Γûî         | 187/3000 [02:15<39:31,  1.19it/s]
  6%|Γûï         | 188/3000 [02:17<59:35,  1.27s/it]
  6%|Γûï         | 189/3000 [02:18<48:12,  1.03s/it]
  6%|Γûï         | 190/3000 [02:19<48:19,  1.03s/it]
  6%|Γûï         | 191/3000 [02:19<42:20,  1.11it/s]
  6%|Γûï         | 192/3000 [02:20<37:10,  1.26it/s]
  6%|Γûï         | 193/3000 [02:20<31:24,  1.49it/s]
  6%|Γûï         | 194/3000 [02:21<29:39,  1.58it/s]
  6%|Γûï         | 195/3000 [02:21<26:51,  1.74it/s]
  7%|Γûï         | 196/3000 [02:22<27:03,  1.73it/s]
  7%|Γûï         | 197/3000 [02:22<25:25,  1.84it/s]
  7%|Γûï         | 198/3000 [02:23<29:30,  1.58it/s]
  7%|Γûï         | 199/3000 [02:24<26:06,  1.79it/s]
  7%|Γûï         | 200/3000 [02:25<31:14,  1.49it/s]
  7%|Γûï         | 201/3000 [02:25<33:15,  1.40it/s]
  7%|Γûï         | 202/3000 [02:27<43:54,  1.06it/s]
  7%|Γûï         | 203/3000 [02:28<40:56,  1.14it/s]
  7%|Γûï         | 204/3000 [02:28<35:53,  1.30it/s]
  7%|Γûï         | 205/3000 [02:29<39:47,  1.17it/s]
  7%|Γûï         | 206/3000 [02:30<35:42,  1.30it/s]
  7%|Γûï         | 207/3000 [02:30<33:16,  1.40it/s]
  7%|Γûï         | 208/3000 [02:31<33:17,  1.40it/s]
  7%|Γûï         | 209/3000 [02:32<32:55,  1.41it/s]
  7%|Γûï         | 210/3000 [02:32<28:45,  1.62it/s]
  7%|Γûï         | 211/3000 [02:33<28:36,  1.62it/s]
  7%|Γûï         | 212/3000 [02:34<31:45,  1.46it/s]
  7%|Γûï         | 213/3000 [02:34<29:37,  1.57it/s]
  7%|Γûï         | 214/3000 [02:35<27:47,  1.67it/s]
  7%|Γûï         | 215/3000 [02:36<33:03,  1.40it/s]
  7%|Γûï         | 216/3000 [02:36<26:36,  1.74it/s]
  7%|Γûï         | 217/3000 [02:37<30:34,  1.52it/s]
  7%|Γûï         | 218/3000 [02:37<28:07,  1.65it/s]
  7%|Γûï         | 219/3000 [02:38<27:14,  1.70it/s]
  7%|Γûï         | 220/3000 [02:38<23:44,  1.95it/s]
  7%|Γûï         | 221/3000 [02:39<25:00,  1.85it/s]
  7%|Γûï         | 222/3000 [02:39<23:23,  1.98it/s]
  7%|Γûï         | 223/3000 [02:40<31:45,  1.46it/s]
  7%|Γûï         | 224/3000 [02:41<33:21,  1.39it/s]
  8%|Γûè         | 225/3000 [02:44<1:02:39,  1.35s/it]
  8%|Γûè         | 226/3000 [02:44<52:04,  1.13s/it]  
  8%|Γûè         | 227/3000 [02:45<44:36,  1.04it/s]
  8%|Γûè         | 228/3000 [02:45<37:38,  1.23it/s]
  8%|Γûè         | 229/3000 [02:46<32:14,  1.43it/s]
  8%|Γûè         | 230/3000 [02:47<32:09,  1.44it/s]
  8%|Γûè         | 231/3000 [02:47<28:04,  1.64it/s]
  8%|Γûè         | 232/3000 [02:48<29:28,  1.57it/s]
  8%|Γûè         | 233/3000 [02:49<35:43,  1.29it/s]
  8%|Γûè         | 234/3000 [02:49<33:40,  1.37it/s]
  8%|Γûè         | 235/3000 [02:50<30:47,  1.50it/s]
  8%|Γûè         | 236/3000 [02:51<38:32,  1.20it/s]
  8%|Γûè         | 237/3000 [02:52<45:00,  1.02it/s]
  8%|Γûè         | 238/3000 [02:54<49:56,  1.09s/it]
  8%|Γûè         | 239/3000 [02:54<42:00,  1.10it/s]
  8%|Γûè         | 240/3000 [02:55<42:20,  1.09it/s]
  8%|Γûè         | 241/3000 [02:56<39:25,  1.17it/s]
  8%|Γûè         | 242/3000 [02:56<34:37,  1.33it/s]
  8%|Γûè         | 243/3000 [02:58<39:45,  1.16it/s]
  8%|Γûè         | 244/3000 [02:58<38:07,  1.20it/s]
  8%|Γûè         | 245/3000 [02:59<35:18,  1.30it/s]
  8%|Γûè         | 246/3000 [02:59<29:19,  1.57it/s]
  8%|Γûè         | 247/3000 [03:00<33:49,  1.36it/s]
  8%|Γûè         | 248/3000 [03:01<36:37,  1.25it/s]
  8%|Γûè         | 249/3000 [03:02<38:45,  1.18it/s]
  8%|Γûè         | 250/3000 [03:03<33:44,  1.36it/s]
  8%|Γûè         | 251/3000 [03:03<33:48,  1.36it/s]
  8%|Γûè         | 252/3000 [03:04<33:09,  1.38it/s]
  8%|Γûè         | 253/3000 [03:05<30:18,  1.51it/s]
  8%|Γûè         | 254/3000 [03:05<28:33,  1.60it/s]
  8%|Γûè         | 255/3000 [03:06<29:56,  1.53it/s]
  9%|Γûè         | 256/3000 [03:06<27:07,  1.69it/s]
  9%|Γûè         | 257/3000 [03:07<27:36,  1.66it/s]
  9%|Γûè         | 258/3000 [03:08<28:06,  1.63it/s]
  9%|Γûè         | 259/3000 [03:08<30:33,  1.49it/s]
  9%|Γûè         | 260/3000 [03:09<33:52,  1.35it/s]
  9%|Γûè         | 261/3000 [03:10<36:43,  1.24it/s]
  9%|Γûè         | 262/3000 [03:11<34:43,  1.31it/s]
  9%|Γûë         | 263/3000 [03:11<30:49,  1.48it/s]
  9%|Γûë         | 264/3000 [03:12<30:47,  1.48it/s]
  9%|Γûë         | 265/3000 [03:13<35:14,  1.29it/s]
  9%|Γûë         | 266/3000 [03:14<31:26,  1.45it/s]
  9%|Γûë         | 267/3000 [03:14<27:45,  1.64it/s]
  9%|Γûë         | 268/3000 [03:15<28:40,  1.59it/s]
  9%|Γûë         | 269/3000 [03:15<30:46,  1.48it/s]
  9%|Γûë         | 270/3000 [03:16<26:06,  1.74it/s]
  9%|Γûë         | 271/3000 [03:16<26:55,  1.69it/s]
  9%|Γûë         | 272/3000 [03:17<33:01,  1.38it/s]
  9%|Γûë         | 273/3000 [03:19<38:28,  1.18it/s]
  9%|Γûë         | 274/3000 [03:19<32:40,  1.39it/s]
  9%|Γûë         | 275/3000 [03:21<47:19,  1.04s/it]
  9%|Γûë         | 276/3000 [03:22<49:15,  1.08s/it]
  9%|Γûë         | 277/3000 [03:23<44:30,  1.02it/s]
  9%|Γûë         | 278/3000 [03:24<43:44,  1.04it/s]
  9%|Γûë         | 279/3000 [03:24<35:06,  1.29it/s]
  9%|Γûë         | 280/3000 [03:25<33:47,  1.34it/s]
  9%|Γûë         | 281/3000 [03:25<30:27,  1.49it/s]
  9%|Γûë         | 282/3000 [03:25<24:45,  1.83it/s]
  9%|Γûë         | 283/3000 [03:26<29:17,  1.55it/s]
  9%|Γûë         | 284/3000 [03:27<31:21,  1.44it/s]
 10%|Γûë         | 285/3000 [03:27<26:36,  1.70it/s]
 10%|Γûë         | 286/3000 [03:28<27:41,  1.63it/s]
 10%|Γûë         | 287/3000 [03:29<26:23,  1.71it/s]
 10%|Γûë         | 288/3000 [03:29<24:19,  1.86it/s]
 10%|Γûë         | 289/3000 [03:29<22:39,  1.99it/s]
 10%|Γûë         | 290/3000 [03:30<23:00,  1.96it/s]
 10%|Γûë         | 291/3000 [03:30<21:53,  2.06it/s]
 10%|Γûë         | 292/3000 [03:31<20:49,  2.17it/s]
 10%|Γûë         | 293/3000 [03:31<23:58,  1.88it/s]
 10%|Γûë         | 294/3000 [03:32<26:22,  1.71it/s]
 10%|Γûë         | 295/3000 [03:33<25:34,  1.76it/s]
 10%|Γûë         | 296/3000 [03:33<28:15,  1.60it/s]
 10%|Γûë         | 297/3000 [03:34<27:47,  1.62it/s]
 10%|Γûë         | 298/3000 [03:35<28:04,  1.60it/s]
 10%|Γûë         | 299/3000 [03:35<29:08,  1.54it/s]
 10%|Γûê         | 300/3000 [03:38<1:00:09,  1.34s/it]
 10%|Γûê         | 301/3000 [03:39<55:10,  1.23s/it]  
 10%|Γûê         | 302/3000 [03:40<44:32,  1.01it/s]
 10%|Γûê         | 303/3000 [03:41<47:26,  1.06s/it]
 10%|Γûê         | 304/3000 [03:42<41:28,  1.08it/s]
 10%|Γûê         | 305/3000 [03:42<36:22,  1.23it/s]
 10%|Γûê         | 306/3000 [03:43<31:20,  1.43it/s]
 10%|Γûê         | 307/3000 [03:43<29:46,  1.51it/s]
 10%|Γûê         | 308/3000 [03:43<25:23,  1.77it/s]
 10%|Γûê         | 309/3000 [03:44<26:37,  1.68it/s]
 10%|Γûê         | 310/3000 [03:45<24:20,  1.84it/s]
 10%|Γûê         | 311/3000 [03:45<23:31,  1.91it/s]
 10%|Γûê         | 312/3000 [03:45<22:02,  2.03it/s]
 10%|Γûê         | 313/3000 [03:46<27:59,  1.60it/s]
 10%|Γûê         | 314/3000 [03:47<25:14,  1.77it/s]
 10%|Γûê         | 315/3000 [03:47<22:03,  2.03it/s]
 11%|Γûê         | 316/3000 [03:48<26:09,  1.71it/s]
 11%|Γûê         | 317/3000 [03:48<23:02,  1.94it/s]
 11%|Γûê         | 318/3000 [03:49<25:57,  1.72it/s]
 11%|Γûê         | 319/3000 [03:50<27:14,  1.64it/s]
 11%|Γûê         | 320/3000 [03:50<23:33,  1.90it/s]
 11%|Γûê         | 321/3000 [03:51<26:23,  1.69it/s]
 11%|Γûê         | 322/3000 [03:51<25:07,  1.78it/s]
 11%|Γûê         | 323/3000 [03:52<25:36,  1.74it/s]
 11%|Γûê         | 324/3000 [03:53<31:04,  1.44it/s]
 11%|Γûê         | 325/3000 [03:53<26:13,  1.70it/s]
 11%|Γûê         | 326/3000 [03:54<23:56,  1.86it/s]
 11%|Γûê         | 327/3000 [03:54<24:52,  1.79it/s]
 11%|Γûê         | 328/3000 [03:56<35:04,  1.27it/s]
 11%|Γûê         | 329/3000 [03:56<32:18,  1.38it/s]
 11%|Γûê         | 330/3000 [03:57<29:20,  1.52it/s]
 11%|Γûê         | 331/3000 [03:57<28:47,  1.54it/s]
 11%|Γûê         | 332/3000 [03:58<25:42,  1.73it/s]
 11%|Γûê         | 333/3000 [03:58<23:53,  1.86it/s]
 11%|Γûê         | 334/3000 [03:59<28:30,  1.56it/s]
 11%|Γûê         | 335/3000 [03:59<25:29,  1.74it/s]
 11%|Γûê         | 336/3000 [04:00<22:11,  2.00it/s]
 11%|Γûê         | 337/3000 [04:01<27:37,  1.61it/s]
 11%|ΓûêΓûÅ        | 338/3000 [04:01<22:29,  1.97it/s]
 11%|ΓûêΓûÅ        | 339/3000 [04:02<24:27,  1.81it/s]
 11%|ΓûêΓûÅ        | 340/3000 [04:02<29:32,  1.50it/s]
 11%|ΓûêΓûÅ        | 341/3000 [04:03<29:09,  1.52it/s]
 11%|ΓûêΓûÅ        | 342/3000 [04:04<29:06,  1.52it/s]
 11%|ΓûêΓûÅ        | 343/3000 [04:04<29:21,  1.51it/s]
 11%|ΓûêΓûÅ        | 344/3000 [04:07<58:50,  1.33s/it]
 12%|ΓûêΓûÅ        | 345/3000 [04:08<48:55,  1.11s/it]
 12%|ΓûêΓûÅ        | 346/3000 [04:09<42:47,  1.03it/s]
 12%|ΓûêΓûÅ        | 347/3000 [04:10<42:43,  1.04it/s]
 12%|ΓûêΓûÅ        | 348/3000 [04:10<35:14,  1.25it/s]
 12%|ΓûêΓûÅ        | 349/3000 [04:11<41:11,  1.07it/s]
 12%|ΓûêΓûÅ        | 350/3000 [04:12<35:42,  1.24it/s]
 12%|ΓûêΓûÅ        | 351/3000 [04:12<30:24,  1.45it/s]
 12%|ΓûêΓûÅ        | 352/3000 [04:13<28:37,  1.54it/s]
 12%|ΓûêΓûÅ        | 353/3000 [04:13<26:31,  1.66it/s]
 12%|ΓûêΓûÅ        | 354/3000 [04:14<24:33,  1.80it/s]
 12%|ΓûêΓûÅ        | 355/3000 [04:14<24:52,  1.77it/s]
 12%|ΓûêΓûÅ        | 356/3000 [04:15<23:58,  1.84it/s]
 12%|ΓûêΓûÅ        | 357/3000 [04:15<23:55,  1.84it/s]
 12%|ΓûêΓûÅ        | 358/3000 [04:16<22:34,  1.95it/s]
 12%|ΓûêΓûÅ        | 359/3000 [04:17<27:31,  1.60it/s]
 12%|ΓûêΓûÅ        | 360/3000 [04:17<24:54,  1.77it/s]
 12%|ΓûêΓûÅ        | 361/3000 [04:17<21:49,  2.02it/s]
 12%|ΓûêΓûÅ        | 362/3000 [04:18<27:38,  1.59it/s]
 12%|ΓûêΓûÅ        | 363/3000 [04:19<24:07,  1.82it/s]
 12%|ΓûêΓûÅ        | 364/3000 [04:20<37:22,  1.18it/s]
 12%|ΓûêΓûÅ        | 365/3000 [04:21<30:38,  1.43it/s]
 12%|ΓûêΓûÅ        | 366/3000 [04:21<29:49,  1.47it/s]
 12%|ΓûêΓûÅ        | 367/3000 [04:22<30:27,  1.44it/s]
 12%|ΓûêΓûÅ        | 368/3000 [04:23<30:28,  1.44it/s]
 12%|ΓûêΓûÅ        | 369/3000 [04:23<29:49,  1.47it/s]
 12%|ΓûêΓûÅ        | 370/3000 [04:24<26:30,  1.65it/s]
 12%|ΓûêΓûÅ        | 371/3000 [04:24<26:48,  1.63it/s]
 12%|ΓûêΓûÅ        | 372/3000 [04:25<24:24,  1.79it/s]
 12%|ΓûêΓûÅ        | 373/3000 [04:25<23:38,  1.85it/s]
 12%|ΓûêΓûÅ        | 374/3000 [04:26<23:10,  1.89it/s]
 12%|ΓûêΓûÄ        | 375/3000 [04:26<25:12,  1.74it/s]
 13%|ΓûêΓûÄ        | 376/3000 [04:28<37:45,  1.16it/s]
 13%|ΓûêΓûÄ        | 377/3000 [04:29<38:44,  1.13it/s]
 13%|ΓûêΓûÄ        | 378/3000 [04:29<34:27,  1.27it/s]
 13%|ΓûêΓûÄ        | 379/3000 [04:30<35:47,  1.22it/s]
 13%|ΓûêΓûÄ        | 380/3000 [04:32<43:31,  1.00it/s]
 13%|ΓûêΓûÄ        | 381/3000 [04:32<37:00,  1.18it/s]
 13%|ΓûêΓûÄ        | 382/3000 [04:33<37:23,  1.17it/s]
 13%|ΓûêΓûÄ        | 383/3000 [04:34<33:39,  1.30it/s]
 13%|ΓûêΓûÄ        | 384/3000 [04:34<32:18,  1.35it/s]
 13%|ΓûêΓûÄ        | 385/3000 [04:35<33:18,  1.31it/s]
 13%|ΓûêΓûÄ        | 386/3000 [04:36<29:01,  1.50it/s]
 13%|ΓûêΓûÄ        | 387/3000 [04:36<23:36,  1.84it/s]
 13%|ΓûêΓûÄ        | 388/3000 [04:37<25:03,  1.74it/s]
 13%|ΓûêΓûÄ        | 389/3000 [04:37<29:05,  1.50it/s]
 13%|ΓûêΓûÄ        | 390/3000 [04:38<27:00,  1.61it/s]
 13%|ΓûêΓûÄ        | 391/3000 [04:39<28:30,  1.53it/s]
 13%|ΓûêΓûÄ        | 392/3000 [04:39<25:40,  1.69it/s]
 13%|ΓûêΓûÄ        | 393/3000 [04:40<26:18,  1.65it/s]
 13%|ΓûêΓûÄ        | 394/3000 [04:40<26:30,  1.64it/s]
 13%|ΓûêΓûÄ        | 395/3000 [04:41<25:24,  1.71it/s]
 13%|ΓûêΓûÄ        | 396/3000 [04:42<32:32,  1.33it/s]
 13%|ΓûêΓûÄ        | 397/3000 [04:42<28:41,  1.51it/s]
 13%|ΓûêΓûÄ        | 398/3000 [04:46<59:49,  1.38s/it]
 13%|ΓûêΓûÄ        | 399/3000 [04:47<57:05,  1.32s/it]
 13%|ΓûêΓûÄ        | 400/3000 [04:47<49:46,  1.15s/it]
 13%|ΓûêΓûÄ        | 401/3000 [04:48<45:02,  1.04s/it]
 13%|ΓûêΓûÄ        | 402/3000 [04:49<40:45,  1.06it/s]
 13%|ΓûêΓûÄ        | 403/3000 [04:49<35:11,  1.23it/s]
 13%|ΓûêΓûÄ        | 404/3000 [04:50<31:01,  1.39it/s]
 14%|ΓûêΓûÄ        | 405/3000 [04:51<35:25,  1.22it/s]
 14%|ΓûêΓûÄ        | 406/3000 [04:52<32:34,  1.33it/s]
 14%|ΓûêΓûÄ        | 407/3000 [04:53<36:11,  1.19it/s]
 14%|ΓûêΓûÄ        | 408/3000 [04:53<36:04,  1.20it/s]
 14%|ΓûêΓûÄ        | 409/3000 [04:54<33:35,  1.29it/s]
 14%|ΓûêΓûÄ        | 410/3000 [04:56<43:03,  1.00it/s]
 14%|ΓûêΓûÄ        | 411/3000 [04:57<48:02,  1.11s/it]
 14%|ΓûêΓûÄ        | 412/3000 [04:58<43:33,  1.01s/it]
 14%|ΓûêΓûì        | 413/3000 [04:59<52:18,  1.21s/it]
 14%|ΓûêΓûì        | 414/3000 [05:00<43:27,  1.01s/it]
 14%|ΓûêΓûì        | 415/3000 [05:01<40:39,  1.06it/s]
 14%|ΓûêΓûì        | 416/3000 [05:01<36:50,  1.17it/s]
 14%|ΓûêΓûì        | 417/3000 [05:04<54:42,  1.27s/it]
 14%|ΓûêΓûì        | 418/3000 [05:04<44:50,  1.04s/it]
 14%|ΓûêΓûì        | 419/3000 [05:07<1:08:39,  1.60s/it]
 14%|ΓûêΓûì        | 420/3000 [05:08<1:01:09,  1.42s/it]
 14%|ΓûêΓûì        | 421/3000 [05:09<53:26,  1.24s/it]  
 14%|ΓûêΓûì        | 422/3000 [05:10<50:40,  1.18s/it]
 14%|ΓûêΓûì        | 423/3000 [05:11<46:53,  1.09s/it]
 14%|ΓûêΓûì        | 424/3000 [05:11<37:14,  1.15it/s]
 14%|ΓûêΓûì        | 425/3000 [05:14<1:02:44,  1.46s/it]
 14%|ΓûêΓûì        | 426/3000 [05:16<1:04:40,  1.51s/it]
 14%|ΓûêΓûì        | 427/3000 [05:16<52:37,  1.23s/it]  
 14%|ΓûêΓûì        | 428/3000 [05:17<41:08,  1.04it/s]
 14%|ΓûêΓûì        | 429/3000 [05:17<35:07,  1.22it/s]
 14%|ΓûêΓûì        | 430/3000 [05:18<33:42,  1.27it/s]
 14%|ΓûêΓûì        | 431/3000 [05:18<30:38,  1.40it/s]
 14%|ΓûêΓûì        | 432/3000 [05:19<31:25,  1.36it/s]
 14%|ΓûêΓûì        | 433/3000 [05:20<28:23,  1.51it/s]
 14%|ΓûêΓûì        | 434/3000 [05:20<27:54,  1.53it/s]
 14%|ΓûêΓûì        | 435/3000 [05:21<26:06,  1.64it/s]
 15%|ΓûêΓûì        | 436/3000 [05:21<22:49,  1.87it/s]
 15%|ΓûêΓûì        | 437/3000 [05:22<29:25,  1.45it/s]
 15%|ΓûêΓûì        | 438/3000 [05:23<28:08,  1.52it/s]
 15%|ΓûêΓûì        | 439/3000 [05:24<34:55,  1.22it/s]
 15%|ΓûêΓûì        | 440/3000 [05:24<31:25,  1.36it/s]
 15%|ΓûêΓûì        | 441/3000 [05:25<27:27,  1.55it/s]
 15%|ΓûêΓûì        | 442/3000 [05:26<29:51,  1.43it/s]
 15%|ΓûêΓûì        | 443/3000 [05:26<27:22,  1.56it/s]
 15%|ΓûêΓûì        | 444/3000 [05:27<27:22,  1.56it/s]
 15%|ΓûêΓûì        | 445/3000 [05:28<36:10,  1.18it/s]
 15%|ΓûêΓûì        | 446/3000 [05:29<34:47,  1.22it/s]
 15%|ΓûêΓûì        | 447/3000 [05:29<31:20,  1.36it/s]
 15%|ΓûêΓûì        | 448/3000 [05:31<36:20,  1.17it/s]
 15%|ΓûêΓûì        | 449/3000 [05:31<29:57,  1.42it/s]
 15%|ΓûêΓûî        | 450/3000 [05:32<29:01,  1.46it/s]
 15%|ΓûêΓûî        | 451/3000 [05:32<29:05,  1.46it/s]
 15%|ΓûêΓûî        | 452/3000 [05:33<25:18,  1.68it/s]
 15%|ΓûêΓûî        | 453/3000 [05:33<24:19,  1.74it/s]
 15%|ΓûêΓûî        | 454/3000 [05:34<28:08,  1.51it/s]
 15%|ΓûêΓûî        | 455/3000 [05:34<24:20,  1.74it/s]
 15%|ΓûêΓûî        | 456/3000 [05:35<22:48,  1.86it/s]
 15%|ΓûêΓûî        | 457/3000 [05:36<30:11,  1.40it/s]
 15%|ΓûêΓûî        | 458/3000 [05:37<28:00,  1.51it/s]
 15%|ΓûêΓûî        | 459/3000 [05:37<24:59,  1.69it/s]
 15%|ΓûêΓûî        | 460/3000 [05:39<41:14,  1.03it/s]
 15%|ΓûêΓûî        | 461/3000 [05:39<33:54,  1.25it/s]
 15%|ΓûêΓûî        | 462/3000 [05:40<37:12,  1.14it/s]
 15%|ΓûêΓûî        | 463/3000 [05:41<31:53,  1.33it/s]
 15%|ΓûêΓûî        | 464/3000 [05:41<28:45,  1.47it/s]
 16%|ΓûêΓûî        | 465/3000 [05:42<25:43,  1.64it/s]
 16%|ΓûêΓûî        | 466/3000 [05:42<26:15,  1.61it/s]
 16%|ΓûêΓûî        | 467/3000 [05:43<28:09,  1.50it/s]
 16%|ΓûêΓûî        | 468/3000 [05:44<34:50,  1.21it/s]
 16%|ΓûêΓûî        | 469/3000 [05:46<44:48,  1.06s/it]
 16%|ΓûêΓûî        | 470/3000 [05:46<36:50,  1.14it/s]
 16%|ΓûêΓûî        | 471/3000 [05:47<31:13,  1.35it/s]
 16%|ΓûêΓûî        | 472/3000 [05:47<28:08,  1.50it/s]
 16%|ΓûêΓûî        | 473/3000 [05:49<38:07,  1.10it/s]
 16%|ΓûêΓûî        | 474/3000 [05:49<29:47,  1.41it/s]
 16%|ΓûêΓûî        | 475/3000 [05:49<26:11,  1.61it/s]
 16%|ΓûêΓûî        | 476/3000 [05:51<34:28,  1.22it/s]
 16%|ΓûêΓûî        | 477/3000 [05:52<33:57,  1.24it/s]
 16%|ΓûêΓûî        | 478/3000 [05:52<32:33,  1.29it/s]
 16%|ΓûêΓûî        | 479/3000 [05:53<33:23,  1.26it/s]
 16%|ΓûêΓûî        | 480/3000 [05:53<27:50,  1.51it/s]
 16%|ΓûêΓûî        | 481/3000 [05:54<23:42,  1.77it/s]
 16%|ΓûêΓûî        | 482/3000 [05:54<20:58,  2.00it/s]
 16%|ΓûêΓûî        | 483/3000 [05:55<24:48,  1.69it/s]
 16%|ΓûêΓûî        | 484/3000 [05:55<22:53,  1.83it/s]
 16%|ΓûêΓûî        | 485/3000 [05:56<22:48,  1.84it/s]
 16%|ΓûêΓûî        | 486/3000 [05:57<32:57,  1.27it/s]
 16%|ΓûêΓûî        | 487/3000 [05:59<41:34,  1.01it/s]
 16%|ΓûêΓûï        | 488/3000 [05:59<38:12,  1.10it/s]
 16%|ΓûêΓûï        | 489/3000 [06:00<30:58,  1.35it/s]
 16%|ΓûêΓûï        | 490/3000 [06:00<27:04,  1.55it/s]
 16%|ΓûêΓûï        | 491/3000 [06:01<24:26,  1.71it/s]
 16%|ΓûêΓûï        | 492/3000 [06:01<22:21,  1.87it/s]
 16%|ΓûêΓûï        | 493/3000 [06:02<22:10,  1.88it/s]
 16%|ΓûêΓûï        | 494/3000 [06:02<21:18,  1.96it/s]
 16%|ΓûêΓûï        | 495/3000 [06:03<21:25,  1.95it/s]
 17%|ΓûêΓûï        | 496/3000 [06:03<26:07,  1.60it/s]
 17%|ΓûêΓûï        | 497/3000 [06:04<25:37,  1.63it/s]
 17%|ΓûêΓûï        | 498/3000 [06:05<25:24,  1.64it/s]
 17%|ΓûêΓûï        | 499/3000 [06:05<25:40,  1.62it/s]
 17%|ΓûêΓûï        | 500/3000 [06:06<24:32,  1.70it/s]
 17%|ΓûêΓûï        | 501/3000 [06:06<21:42,  1.92it/s]
 17%|ΓûêΓûï        | 502/3000 [06:07<25:39,  1.62it/s]
 17%|ΓûêΓûï        | 503/3000 [06:08<24:41,  1.69it/s]
 17%|ΓûêΓûï        | 504/3000 [06:08<24:59,  1.66it/s]
 17%|ΓûêΓûï        | 505/3000 [06:09<25:15,  1.65it/s]
 17%|ΓûêΓûï        | 506/3000 [06:10<27:38,  1.50it/s]
 17%|ΓûêΓûï        | 507/3000 [06:11<38:50,  1.07it/s]
 17%|ΓûêΓûï        | 508/3000 [06:11<30:24,  1.37it/s]
 17%|ΓûêΓûï        | 509/3000 [06:12<28:52,  1.44it/s]
 17%|ΓûêΓûï        | 510/3000 [06:13<33:27,  1.24it/s]
 17%|ΓûêΓûï        | 511/3000 [06:14<31:24,  1.32it/s]
 17%|ΓûêΓûï        | 512/3000 [06:14<26:27,  1.57it/s]
 17%|ΓûêΓûï        | 513/3000 [06:15<24:49,  1.67it/s]
 17%|ΓûêΓûï        | 514/3000 [06:15<25:59,  1.59it/s]
 17%|ΓûêΓûï        | 515/3000 [06:16<23:38,  1.75it/s]
 17%|ΓûêΓûï        | 516/3000 [06:17<26:25,  1.57it/s]
 17%|ΓûêΓûï        | 517/3000 [06:17<26:07,  1.58it/s]
 17%|ΓûêΓûï        | 518/3000 [06:18<24:54,  1.66it/s]
 17%|ΓûêΓûï        | 519/3000 [06:18<22:54,  1.80it/s]
 17%|ΓûêΓûï        | 520/3000 [06:19<23:37,  1.75it/s]
 17%|ΓûêΓûï        | 521/3000 [06:19<22:58,  1.80it/s]
 17%|ΓûêΓûï        | 522/3000 [06:20<20:18,  2.03it/s]
 17%|ΓûêΓûï        | 523/3000 [06:23<51:12,  1.24s/it]
 17%|ΓûêΓûï        | 524/3000 [06:23<41:13,  1.00it/s]
 18%|ΓûêΓûè        | 525/3000 [06:24<45:10,  1.10s/it]
 18%|ΓûêΓûè        | 526/3000 [06:25<42:21,  1.03s/it]
 18%|ΓûêΓûè        | 527/3000 [06:28<1:05:17,  1.58s/it]
 18%|ΓûêΓûè        | 528/3000 [06:29<53:05,  1.29s/it]  
 18%|ΓûêΓûè        | 529/3000 [06:29<44:18,  1.08s/it]
 18%|ΓûêΓûè        | 530/3000 [06:30<40:15,  1.02it/s]
 18%|ΓûêΓûè        | 531/3000 [06:31<42:12,  1.03s/it]
 18%|ΓûêΓûè        | 532/3000 [06:32<34:45,  1.18it/s]
 18%|ΓûêΓûè        | 533/3000 [06:32<35:41,  1.15it/s]
 18%|ΓûêΓûè        | 534/3000 [06:33<34:39,  1.19it/s]
 18%|ΓûêΓûè        | 535/3000 [06:34<30:33,  1.34it/s]
 18%|ΓûêΓûè        | 536/3000 [06:34<25:53,  1.59it/s]
 18%|ΓûêΓûè        | 537/3000 [06:35<25:51,  1.59it/s]
 18%|ΓûêΓûè        | 538/3000 [06:35<23:29,  1.75it/s]
 18%|ΓûêΓûè        | 539/3000 [06:36<20:44,  1.98it/s]
 18%|ΓûêΓûè        | 540/3000 [06:36<19:36,  2.09it/s]
 18%|ΓûêΓûè        | 541/3000 [06:37<23:21,  1.75it/s]
 18%|ΓûêΓûè        | 542/3000 [06:37<20:22,  2.01it/s]
 18%|ΓûêΓûè        | 543/3000 [06:37<19:17,  2.12it/s]
 18%|ΓûêΓûè        | 544/3000 [06:38<19:32,  2.09it/s]
 18%|ΓûêΓûè        | 545/3000 [06:38<18:51,  2.17it/s]
 18%|ΓûêΓûè        | 546/3000 [06:39<18:11,  2.25it/s]
 18%|ΓûêΓûè        | 547/3000 [06:39<19:52,  2.06it/s]
 18%|ΓûêΓûè        | 548/3000 [06:40<23:46,  1.72it/s]
 18%|ΓûêΓûè        | 549/3000 [06:41<22:54,  1.78it/s]
 18%|ΓûêΓûè        | 550/3000 [06:42<33:23,  1.22it/s]
 18%|ΓûêΓûè        | 551/3000 [06:43<29:42,  1.37it/s]
 18%|ΓûêΓûè        | 552/3000 [06:43<27:29,  1.48it/s]
 18%|ΓûêΓûè        | 553/3000 [06:44<28:51,  1.41it/s]
 18%|ΓûêΓûè        | 554/3000 [06:45<27:08,  1.50it/s]
 18%|ΓûêΓûè        | 555/3000 [06:45<26:25,  1.54it/s]
 19%|ΓûêΓûè        | 556/3000 [06:46<34:08,  1.19it/s]
 19%|ΓûêΓûè        | 557/3000 [06:47<32:33,  1.25it/s]
 19%|ΓûêΓûè        | 558/3000 [06:48<29:32,  1.38it/s]
 19%|ΓûêΓûè        | 559/3000 [06:48<29:19,  1.39it/s]
 19%|ΓûêΓûè        | 560/3000 [06:49<31:25,  1.29it/s]
 19%|ΓûêΓûè        | 561/3000 [06:50<29:04,  1.40it/s]
 19%|ΓûêΓûè        | 562/3000 [06:51<33:46,  1.20it/s]
 19%|ΓûêΓûë        | 563/3000 [06:52<30:59,  1.31it/s]
 19%|ΓûêΓûë        | 564/3000 [06:52<26:50,  1.51it/s]
 19%|ΓûêΓûë        | 565/3000 [06:52<21:46,  1.86it/s]
 19%|ΓûêΓûë        | 566/3000 [06:53<21:25,  1.89it/s]
 19%|ΓûêΓûë        | 567/3000 [06:53<20:02,  2.02it/s]
 19%|ΓûêΓûë        | 568/3000 [06:54<19:10,  2.11it/s]
 19%|ΓûêΓûë        | 569/3000 [06:54<19:29,  2.08it/s]
 19%|ΓûêΓûë        | 570/3000 [06:55<22:12,  1.82it/s]
 19%|ΓûêΓûë        | 571/3000 [06:55<22:48,  1.78it/s]
 19%|ΓûêΓûë        | 572/3000 [06:56<22:02,  1.84it/s]
 19%|ΓûêΓûë        | 573/3000 [06:57<24:45,  1.63it/s]
 19%|ΓûêΓûë        | 574/3000 [06:57<26:40,  1.52it/s]
 19%|ΓûêΓûë        | 575/3000 [07:00<52:08,  1.29s/it]
 19%|ΓûêΓûë        | 576/3000 [07:01<44:53,  1.11s/it]
 19%|ΓûêΓûë        | 577/3000 [07:01<36:23,  1.11it/s]
 19%|ΓûêΓûë        | 578/3000 [07:02<35:38,  1.13it/s]
 19%|ΓûêΓûë        | 579/3000 [07:03<33:37,  1.20it/s]
 19%|ΓûêΓûë        | 580/3000 [07:04<32:01,  1.26it/s]
 19%|ΓûêΓûë        | 581/3000 [07:04<26:35,  1.52it/s]
 19%|ΓûêΓûë        | 582/3000 [07:04<24:22,  1.65it/s]
 19%|ΓûêΓûë        | 583/3000 [07:05<27:35,  1.46it/s]
 19%|ΓûêΓûë        | 584/3000 [07:06<25:35,  1.57it/s]
 20%|ΓûêΓûë        | 585/3000 [07:06<24:00,  1.68it/s]
 20%|ΓûêΓûë        | 586/3000 [07:07<22:16,  1.81it/s]
 20%|ΓûêΓûë        | 587/3000 [07:07<19:51,  2.03it/s]
 20%|ΓûêΓûë        | 588/3000 [07:08<21:33,  1.87it/s]
 20%|ΓûêΓûë        | 589/3000 [07:08<19:56,  2.01it/s]
 20%|ΓûêΓûë        | 590/3000 [07:09<20:40,  1.94it/s]
 20%|ΓûêΓûë        | 591/3000 [07:09<19:43,  2.04it/s]
 20%|ΓûêΓûë        | 592/3000 [07:09<17:56,  2.24it/s]
 20%|ΓûêΓûë        | 593/3000 [07:10<17:47,  2.25it/s]
 20%|ΓûêΓûë        | 594/3000 [07:10<16:42,  2.40it/s]
 20%|ΓûêΓûë        | 595/3000 [07:11<18:55,  2.12it/s]
 20%|ΓûêΓûë        | 596/3000 [07:12<21:19,  1.88it/s]
 20%|ΓûêΓûë        | 597/3000 [07:12<19:54,  2.01it/s]
 20%|ΓûêΓûë        | 598/3000 [07:12<20:09,  1.99it/s]
 20%|ΓûêΓûë        | 599/3000 [07:13<19:23,  2.06it/s]
 20%|ΓûêΓûê        | 600/3000 [07:14<21:55,  1.82it/s]
 20%|ΓûêΓûê        | 601/3000 [07:14<25:09,  1.59it/s]
 20%|ΓûêΓûê        | 602/3000 [07:15<27:32,  1.45it/s]
 20%|ΓûêΓûê        | 603/3000 [07:16<23:45,  1.68it/s]
 20%|ΓûêΓûê        | 604/3000 [07:16<20:57,  1.90it/s]
 20%|ΓûêΓûê        | 605/3000 [07:16<18:44,  2.13it/s]
 20%|ΓûêΓûê        | 606/3000 [07:17<17:02,  2.34it/s]
 20%|ΓûêΓûê        | 607/3000 [07:17<17:32,  2.27it/s]
 20%|ΓûêΓûê        | 608/3000 [07:17<16:19,  2.44it/s]
 20%|ΓûêΓûê        | 609/3000 [07:18<17:31,  2.27it/s]
 20%|ΓûêΓûê        | 610/3000 [07:19<18:26,  2.16it/s]
 20%|ΓûêΓûê        | 611/3000 [07:19<17:49,  2.23it/s]
 20%|ΓûêΓûê        | 612/3000 [07:19<18:05,  2.20it/s]
 20%|ΓûêΓûê        | 613/3000 [07:20<18:38,  2.13it/s]
 20%|ΓûêΓûê        | 614/3000 [07:21<22:05,  1.80it/s]
 20%|ΓûêΓûê        | 615/3000 [07:21<20:06,  1.98it/s]
 21%|ΓûêΓûê        | 616/3000 [07:22<22:18,  1.78it/s]
 21%|ΓûêΓûê        | 617/3000 [07:22<21:18,  1.86it/s]
 21%|ΓûêΓûê        | 618/3000 [07:23<19:46,  2.01it/s]
 21%|ΓûêΓûê        | 619/3000 [07:23<17:03,  2.33it/s]
 21%|ΓûêΓûê        | 620/3000 [07:25<33:16,  1.19it/s]
 21%|ΓûêΓûê        | 621/3000 [07:25<32:05,  1.24it/s]
 21%|ΓûêΓûê        | 622/3000 [07:26<26:31,  1.49it/s]
 21%|ΓûêΓûê        | 623/3000 [07:27<28:09,  1.41it/s]
 21%|ΓûêΓûê        | 624/3000 [07:27<24:49,  1.59it/s]
 21%|ΓûêΓûê        | 625/3000 [07:27<21:42,  1.82it/s]
 21%|ΓûêΓûê        | 626/3000 [07:28<20:11,  1.96it/s]
 21%|ΓûêΓûê        | 627/3000 [07:28<19:06,  2.07it/s]
 21%|ΓûêΓûê        | 628/3000 [07:29<26:11,  1.51it/s]
 21%|ΓûêΓûê        | 629/3000 [07:30<31:04,  1.27it/s]
 21%|ΓûêΓûê        | 630/3000 [07:31<33:19,  1.19it/s]
 21%|ΓûêΓûê        | 631/3000 [07:32<30:15,  1.30it/s]
 21%|ΓûêΓûê        | 632/3000 [07:32<25:34,  1.54it/s]
 21%|ΓûêΓûê        | 633/3000 [07:33<24:38,  1.60it/s]
 21%|ΓûêΓûê        | 634/3000 [07:34<32:25,  1.22it/s]
 21%|ΓûêΓûê        | 635/3000 [07:35<28:07,  1.40it/s]
 21%|ΓûêΓûê        | 636/3000 [07:35<25:03,  1.57it/s]
 21%|ΓûêΓûê        | 637/3000 [07:36<23:01,  1.71it/s]
 21%|ΓûêΓûêΓûÅ       | 638/3000 [07:36<21:29,  1.83it/s]
 21%|ΓûêΓûêΓûÅ       | 639/3000 [07:37<29:46,  1.32it/s]
 21%|ΓûêΓûêΓûÅ       | 640/3000 [07:38<31:44,  1.24it/s]
 21%|ΓûêΓûêΓûÅ       | 641/3000 [07:39<28:04,  1.40it/s]
 21%|ΓûêΓûêΓûÅ       | 642/3000 [07:39<29:24,  1.34it/s]
 21%|ΓûêΓûêΓûÅ       | 643/3000 [07:40<27:41,  1.42it/s]
 21%|ΓûêΓûêΓûÅ       | 644/3000 [07:41<27:02,  1.45it/s]
 22%|ΓûêΓûêΓûÅ       | 645/3000 [07:42<30:48,  1.27it/s]
 22%|ΓûêΓûêΓûÅ       | 646/3000 [07:43<37:50,  1.04it/s]
 22%|ΓûêΓûêΓûÅ       | 647/3000 [07:44<32:46,  1.20it/s]
 22%|ΓûêΓûêΓûÅ       | 648/3000 [07:44<29:56,  1.31it/s]
 22%|ΓûêΓûêΓûÅ       | 649/3000 [07:45<30:27,  1.29it/s]
 22%|ΓûêΓûêΓûÅ       | 650/3000 [07:46<29:58,  1.31it/s]
 22%|ΓûêΓûêΓûÅ       | 651/3000 [07:46<27:03,  1.45it/s]
 22%|ΓûêΓûêΓûÅ       | 652/3000 [07:47<23:34,  1.66it/s]
 22%|ΓûêΓûêΓûÅ       | 653/3000 [07:47<23:21,  1.67it/s]
 22%|ΓûêΓûêΓûÅ       | 654/3000 [07:48<21:24,  1.83it/s]
 22%|ΓûêΓûêΓûÅ       | 655/3000 [07:49<29:48,  1.31it/s]
 22%|ΓûêΓûêΓûÅ       | 656/3000 [07:50<31:15,  1.25it/s]
 22%|ΓûêΓûêΓûÅ       | 657/3000 [07:51<29:21,  1.33it/s]
 22%|ΓûêΓûêΓûÅ       | 658/3000 [07:51<28:02,  1.39it/s]
 22%|ΓûêΓûêΓûÅ       | 659/3000 [07:52<24:48,  1.57it/s]
 22%|ΓûêΓûêΓûÅ       | 660/3000 [07:52<23:53,  1.63it/s]
 22%|ΓûêΓûêΓûÅ       | 661/3000 [07:53<20:35,  1.89it/s]
 22%|ΓûêΓûêΓûÅ       | 662/3000 [07:53<19:29,  2.00it/s]
 22%|ΓûêΓûêΓûÅ       | 663/3000 [07:53<19:40,  1.98it/s]
 22%|ΓûêΓûêΓûÅ       | 664/3000 [07:54<24:23,  1.60it/s]
 22%|ΓûêΓûêΓûÅ       | 665/3000 [07:55<27:16,  1.43it/s]
 22%|ΓûêΓûêΓûÅ       | 666/3000 [07:58<53:44,  1.38s/it]
 22%|ΓûêΓûêΓûÅ       | 667/3000 [07:59<46:45,  1.20s/it]
 22%|ΓûêΓûêΓûÅ       | 668/3000 [08:01<52:09,  1.34s/it]
 22%|ΓûêΓûêΓûÅ       | 669/3000 [08:02<54:10,  1.39s/it]
 22%|ΓûêΓûêΓûÅ       | 670/3000 [08:03<43:11,  1.11s/it]
 22%|ΓûêΓûêΓûÅ       | 671/3000 [08:04<42:41,  1.10s/it]
 22%|ΓûêΓûêΓûÅ       | 672/3000 [08:04<33:50,  1.15it/s]
 22%|ΓûêΓûêΓûÅ       | 673/3000 [08:04<28:46,  1.35it/s]
 22%|ΓûêΓûêΓûÅ       | 674/3000 [08:06<33:22,  1.16it/s]
 22%|ΓûêΓûêΓûÄ       | 675/3000 [08:06<29:50,  1.30it/s]
 23%|ΓûêΓûêΓûÄ       | 676/3000 [08:06<24:24,  1.59it/s]
 23%|ΓûêΓûêΓûÄ       | 677/3000 [08:07<25:39,  1.51it/s]
 23%|ΓûêΓûêΓûÄ       | 678/3000 [08:08<31:17,  1.24it/s]
 23%|ΓûêΓûêΓûÄ       | 679/3000 [08:09<33:20,  1.16it/s]
 23%|ΓûêΓûêΓûÄ       | 680/3000 [08:10<32:33,  1.19it/s]
 23%|ΓûêΓûêΓûÄ       | 681/3000 [08:11<28:22,  1.36it/s]
 23%|ΓûêΓûêΓûÄ       | 682/3000 [08:11<26:07,  1.48it/s]
 23%|ΓûêΓûêΓûÄ       | 683/3000 [08:12<23:07,  1.67it/s]
 23%|ΓûêΓûêΓûÄ       | 684/3000 [08:12<22:38,  1.71it/s]
 23%|ΓûêΓûêΓûÄ       | 685/3000 [08:13<25:10,  1.53it/s]
 23%|ΓûêΓûêΓûÄ       | 686/3000 [08:14<26:29,  1.46it/s]
 23%|ΓûêΓûêΓûÄ       | 687/3000 [08:14<24:37,  1.57it/s]
 23%|ΓûêΓûêΓûÄ       | 688/3000 [08:15<29:01,  1.33it/s]
 23%|ΓûêΓûêΓûÄ       | 689/3000 [08:16<25:19,  1.52it/s]
 23%|ΓûêΓûêΓûÄ       | 690/3000 [08:16<23:46,  1.62it/s]
 23%|ΓûêΓûêΓûÄ       | 691/3000 [08:17<22:30,  1.71it/s]
 23%|ΓûêΓûêΓûÄ       | 692/3000 [08:17<19:42,  1.95it/s]
 23%|ΓûêΓûêΓûÄ       | 693/3000 [08:18<24:15,  1.58it/s]
 23%|ΓûêΓûêΓûÄ       | 694/3000 [08:19<23:26,  1.64it/s]
 23%|ΓûêΓûêΓûÄ       | 695/3000 [08:19<20:28,  1.88it/s]
 23%|ΓûêΓûêΓûÄ       | 696/3000 [08:19<20:28,  1.88it/s]
 23%|ΓûêΓûêΓûÄ       | 697/3000 [08:20<23:53,  1.61it/s]
 23%|ΓûêΓûêΓûÄ       | 698/3000 [08:21<30:17,  1.27it/s]
 23%|ΓûêΓûêΓûÄ       | 699/3000 [08:22<28:07,  1.36it/s]
 23%|ΓûêΓûêΓûÄ       | 700/3000 [08:23<31:36,  1.21it/s]
 23%|ΓûêΓûêΓûÄ       | 701/3000 [08:24<28:54,  1.33it/s]
 23%|ΓûêΓûêΓûÄ       | 702/3000 [08:24<25:27,  1.50it/s]
 23%|ΓûêΓûêΓûÄ       | 703/3000 [08:26<33:41,  1.14it/s]
 23%|ΓûêΓûêΓûÄ       | 704/3000 [08:26<28:23,  1.35it/s]
 24%|ΓûêΓûêΓûÄ       | 705/3000 [08:26<25:54,  1.48it/s]
 24%|ΓûêΓûêΓûÄ       | 706/3000 [08:28<33:56,  1.13it/s]
 24%|ΓûêΓûêΓûÄ       | 707/3000 [08:28<29:32,  1.29it/s]
 24%|ΓûêΓûêΓûÄ       | 708/3000 [08:29<24:57,  1.53it/s]
 24%|ΓûêΓûêΓûÄ       | 709/3000 [08:30<31:28,  1.21it/s]
 24%|ΓûêΓûêΓûÄ       | 710/3000 [08:31<29:26,  1.30it/s]
 24%|ΓûêΓûêΓûÄ       | 711/3000 [08:31<25:49,  1.48it/s]
 24%|ΓûêΓûêΓûÄ       | 712/3000 [08:31<22:06,  1.72it/s]
 24%|ΓûêΓûêΓûì       | 713/3000 [08:32<21:22,  1.78it/s]
 24%|ΓûêΓûêΓûì       | 714/3000 [08:32<20:54,  1.82it/s]
 24%|ΓûêΓûêΓûì       | 715/3000 [08:33<19:27,  1.96it/s]
 24%|ΓûêΓûêΓûì       | 716/3000 [08:33<16:30,  2.30it/s]
 24%|ΓûêΓûêΓûì       | 717/3000 [08:34<16:04,  2.37it/s]
 24%|ΓûêΓûêΓûì       | 718/3000 [08:34<19:12,  1.98it/s]
 24%|ΓûêΓûêΓûì       | 719/3000 [08:35<18:42,  2.03it/s]
 24%|ΓûêΓûêΓûì       | 720/3000 [08:37<37:15,  1.02it/s]
 24%|ΓûêΓûêΓûì       | 721/3000 [08:38<37:08,  1.02it/s]
 24%|ΓûêΓûêΓûì       | 722/3000 [08:38<32:09,  1.18it/s]
 24%|ΓûêΓûêΓûì       | 723/3000 [08:39<29:10,  1.30it/s]
 24%|ΓûêΓûêΓûì       | 724/3000 [08:39<26:26,  1.43it/s]
 24%|ΓûêΓûêΓûì       | 725/3000 [08:40<24:30,  1.55it/s]
 24%|ΓûêΓûêΓûì       | 726/3000 [08:41<26:08,  1.45it/s]
 24%|ΓûêΓûêΓûì       | 727/3000 [08:41<26:22,  1.44it/s]
 24%|ΓûêΓûêΓûì       | 728/3000 [08:42<25:05,  1.51it/s]
 24%|ΓûêΓûêΓûì       | 729/3000 [08:43<25:44,  1.47it/s]
 24%|ΓûêΓûêΓûì       | 730/3000 [08:43<24:21,  1.55it/s]
 24%|ΓûêΓûêΓûì       | 731/3000 [08:44<30:07,  1.26it/s]
 24%|ΓûêΓûêΓûì       | 732/3000 [08:45<26:00,  1.45it/s]
 24%|ΓûêΓûêΓûì       | 733/3000 [08:45<24:09,  1.56it/s]
 24%|ΓûêΓûêΓûì       | 734/3000 [08:46<21:48,  1.73it/s]
 24%|ΓûêΓûêΓûì       | 735/3000 [08:46<21:24,  1.76it/s]
 25%|ΓûêΓûêΓûì       | 736/3000 [08:47<23:51,  1.58it/s]
 25%|ΓûêΓûêΓûì       | 737/3000 [08:48<27:27,  1.37it/s]
 25%|ΓûêΓûêΓûì       | 738/3000 [08:49<23:22,  1.61it/s]
 25%|ΓûêΓûêΓûì       | 739/3000 [08:49<22:18,  1.69it/s]
 25%|ΓûêΓûêΓûì       | 740/3000 [08:50<26:40,  1.41it/s]
 25%|ΓûêΓûêΓûì       | 741/3000 [08:50<22:44,  1.66it/s]
 25%|ΓûêΓûêΓûì       | 742/3000 [08:51<24:35,  1.53it/s]
 25%|ΓûêΓûêΓûì       | 743/3000 [08:52<24:39,  1.53it/s]
 25%|ΓûêΓûêΓûì       | 744/3000 [08:53<30:06,  1.25it/s]
 25%|ΓûêΓûêΓûì       | 745/3000 [08:54<27:49,  1.35it/s]
 25%|ΓûêΓûêΓûì       | 746/3000 [08:55<40:12,  1.07s/it]
 25%|ΓûêΓûêΓûì       | 747/3000 [08:56<34:08,  1.10it/s]
 25%|ΓûêΓûêΓûì       | 748/3000 [08:56<28:47,  1.30it/s]
 25%|ΓûêΓûêΓûì       | 749/3000 [08:57<25:40,  1.46it/s]
 25%|ΓûêΓûêΓûî       | 750/3000 [08:58<33:01,  1.14it/s]
 25%|ΓûêΓûêΓûî       | 751/3000 [08:59<36:07,  1.04it/s]
 25%|ΓûêΓûêΓûî       | 752/3000 [09:00<32:14,  1.16it/s]
 25%|ΓûêΓûêΓûî       | 753/3000 [09:00<26:21,  1.42it/s]
 25%|ΓûêΓûêΓûî       | 754/3000 [09:03<46:04,  1.23s/it]
 25%|ΓûêΓûêΓûî       | 755/3000 [09:04<42:03,  1.12s/it]
 25%|ΓûêΓûêΓûî       | 756/3000 [09:04<36:33,  1.02it/s]
 25%|ΓûêΓûêΓûî       | 757/3000 [09:05<35:57,  1.04it/s]
 25%|ΓûêΓûêΓûî       | 758/3000 [09:06<34:27,  1.08it/s]
 25%|ΓûêΓûêΓûî       | 759/3000 [09:07<32:41,  1.14it/s]
 25%|ΓûêΓûêΓûî       | 760/3000 [09:08<33:46,  1.11it/s]
 25%|ΓûêΓûêΓûî       | 761/3000 [09:08<31:02,  1.20it/s]
 25%|ΓûêΓûêΓûî       | 762/3000 [09:10<41:21,  1.11s/it]
 25%|ΓûêΓûêΓûî       | 763/3000 [09:11<34:46,  1.07it/s]
 25%|ΓûêΓûêΓûî       | 764/3000 [09:11<30:03,  1.24it/s]
 26%|ΓûêΓûêΓûî       | 765/3000 [09:14<47:27,  1.27s/it]
 26%|ΓûêΓûêΓûî       | 766/3000 [09:14<37:18,  1.00s/it]
 26%|ΓûêΓûêΓûî       | 767/3000 [09:15<36:51,  1.01it/s]
 26%|ΓûêΓûêΓûî       | 768/3000 [09:15<31:56,  1.16it/s]
 26%|ΓûêΓûêΓûî       | 769/3000 [09:16<33:22,  1.11it/s]
 26%|ΓûêΓûêΓûî       | 770/3000 [09:18<36:42,  1.01it/s]
 26%|ΓûêΓûêΓûî       | 771/3000 [09:18<31:30,  1.18it/s]
 26%|ΓûêΓûêΓûî       | 772/3000 [09:19<31:09,  1.19it/s]
 26%|ΓûêΓûêΓûî       | 773/3000 [09:19<26:46,  1.39it/s]
 26%|ΓûêΓûêΓûî       | 774/3000 [09:20<24:42,  1.50it/s]
 26%|ΓûêΓûêΓûî       | 775/3000 [09:21<24:46,  1.50it/s]
 26%|ΓûêΓûêΓûî       | 776/3000 [09:21<23:02,  1.61it/s]
 26%|ΓûêΓûêΓûî       | 777/3000 [09:21<19:52,  1.86it/s]
 26%|ΓûêΓûêΓûî       | 778/3000 [09:22<19:43,  1.88it/s]
 26%|ΓûêΓûêΓûî       | 779/3000 [09:23<23:04,  1.60it/s]
 26%|ΓûêΓûêΓûî       | 780/3000 [09:24<28:29,  1.30it/s]
 26%|ΓûêΓûêΓûî       | 781/3000 [09:24<25:00,  1.48it/s]
 26%|ΓûêΓûêΓûî       | 782/3000 [09:25<26:45,  1.38it/s]
 26%|ΓûêΓûêΓûî       | 783/3000 [09:26<22:35,  1.64it/s]
 26%|ΓûêΓûêΓûî       | 784/3000 [09:27<25:51,  1.43it/s]
 26%|ΓûêΓûêΓûî       | 785/3000 [09:27<20:55,  1.76it/s]
 26%|ΓûêΓûêΓûî       | 786/3000 [09:28<31:27,  1.17it/s]
 26%|ΓûêΓûêΓûî       | 787/3000 [09:29<32:33,  1.13it/s]
 26%|ΓûêΓûêΓûï       | 788/3000 [09:30<34:55,  1.06it/s]
 26%|ΓûêΓûêΓûï       | 789/3000 [09:31<32:24,  1.14it/s]
 26%|ΓûêΓûêΓûï       | 790/3000 [09:32<27:40,  1.33it/s]
 26%|ΓûêΓûêΓûï       | 791/3000 [09:32<24:12,  1.52it/s]
 26%|ΓûêΓûêΓûï       | 792/3000 [09:33<25:17,  1.45it/s]
 26%|ΓûêΓûêΓûï       | 793/3000 [09:33<25:41,  1.43it/s]
 26%|ΓûêΓûêΓûï       | 794/3000 [09:34<26:28,  1.39it/s]
 26%|ΓûêΓûêΓûï       | 795/3000 [09:35<27:34,  1.33it/s]
 27%|ΓûêΓûêΓûï       | 796/3000 [09:36<28:00,  1.31it/s]
 27%|ΓûêΓûêΓûï       | 797/3000 [09:37<28:28,  1.29it/s]
 27%|ΓûêΓûêΓûï       | 798/3000 [09:37<25:30,  1.44it/s]
 27%|ΓûêΓûêΓûï       | 799/3000 [09:38<22:26,  1.63it/s]
 27%|ΓûêΓûêΓûï       | 800/3000 [09:38<19:29,  1.88it/s]
 27%|ΓûêΓûêΓûï       | 801/3000 [09:38<16:22,  2.24it/s]
 27%|ΓûêΓûêΓûï       | 802/3000 [09:39<21:47,  1.68it/s]
 27%|ΓûêΓûêΓûï       | 803/3000 [09:40<21:56,  1.67it/s]
 27%|ΓûêΓûêΓûï       | 804/3000 [09:40<24:01,  1.52it/s]
 27%|ΓûêΓûêΓûï       | 805/3000 [09:41<23:40,  1.55it/s]
 27%|ΓûêΓûêΓûï       | 806/3000 [09:42<25:33,  1.43it/s]
 27%|ΓûêΓûêΓûï       | 807/3000 [09:42<21:48,  1.68it/s]
 27%|ΓûêΓûêΓûï       | 808/3000 [09:43<19:00,  1.92it/s]
 27%|ΓûêΓûêΓûï       | 809/3000 [09:43<21:36,  1.69it/s]
 27%|ΓûêΓûêΓûï       | 810/3000 [09:44<21:45,  1.68it/s]
 27%|ΓûêΓûêΓûï       | 811/3000 [09:44<20:44,  1.76it/s]
 27%|ΓûêΓûêΓûï       | 812/3000 [09:45<20:03,  1.82it/s]
 27%|ΓûêΓûêΓûï       | 813/3000 [09:46<20:53,  1.74it/s]
 27%|ΓûêΓûêΓûï       | 814/3000 [09:46<19:42,  1.85it/s]
 27%|ΓûêΓûêΓûï       | 815/3000 [09:47<20:44,  1.76it/s]
 27%|ΓûêΓûêΓûï       | 816/3000 [09:47<21:02,  1.73it/s]
 27%|ΓûêΓûêΓûï       | 817/3000 [09:48<18:23,  1.98it/s]
 27%|ΓûêΓûêΓûï       | 818/3000 [09:48<18:20,  1.98it/s]
 27%|ΓûêΓûêΓûï       | 819/3000 [09:49<19:42,  1.84it/s]
 27%|ΓûêΓûêΓûï       | 820/3000 [09:49<19:42,  1.84it/s]
 27%|ΓûêΓûêΓûï       | 821/3000 [09:50<24:18,  1.49it/s]
 27%|ΓûêΓûêΓûï       | 822/3000 [09:51<24:13,  1.50it/s]
 27%|ΓûêΓûêΓûï       | 823/3000 [09:52<23:43,  1.53it/s]
 27%|ΓûêΓûêΓûï       | 824/3000 [09:52<19:50,  1.83it/s]
 28%|ΓûêΓûêΓûè       | 825/3000 [09:54<32:22,  1.12it/s]
 28%|ΓûêΓûêΓûè       | 826/3000 [09:54<27:56,  1.30it/s]
 28%|ΓûêΓûêΓûè       | 827/3000 [09:55<25:09,  1.44it/s]
 28%|ΓûêΓûêΓûè       | 828/3000 [09:55<27:20,  1.32it/s]
 28%|ΓûêΓûêΓûè       | 829/3000 [09:56<24:20,  1.49it/s]
 28%|ΓûêΓûêΓûè       | 830/3000 [09:57<24:59,  1.45it/s]
 28%|ΓûêΓûêΓûè       | 831/3000 [09:57<24:01,  1.51it/s]
 28%|ΓûêΓûêΓûè       | 832/3000 [10:00<43:35,  1.21s/it]
 28%|ΓûêΓûêΓûè       | 833/3000 [10:00<35:40,  1.01it/s]
 28%|ΓûêΓûêΓûè       | 834/3000 [10:01<28:59,  1.25it/s]
 28%|ΓûêΓûêΓûè       | 835/3000 [10:02<32:41,  1.10it/s]
 28%|ΓûêΓûêΓûè       | 836/3000 [10:02<28:24,  1.27it/s]
 28%|ΓûêΓûêΓûè       | 837/3000 [10:03<25:12,  1.43it/s]
 28%|ΓûêΓûêΓûè       | 838/3000 [10:03<23:56,  1.51it/s]
 28%|ΓûêΓûêΓûè       | 839/3000 [10:04<19:51,  1.81it/s]
 28%|ΓûêΓûêΓûè       | 840/3000 [10:04<18:29,  1.95it/s]
 28%|ΓûêΓûêΓûè       | 841/3000 [10:05<21:55,  1.64it/s]
 28%|ΓûêΓûêΓûè       | 842/3000 [10:06<21:58,  1.64it/s]
 28%|ΓûêΓûêΓûè       | 843/3000 [10:06<24:22,  1.48it/s]
 28%|ΓûêΓûêΓûè       | 844/3000 [10:07<24:21,  1.48it/s]
 28%|ΓûêΓûêΓûè       | 845/3000 [10:08<22:12,  1.62it/s]
 28%|ΓûêΓûêΓûè       | 846/3000 [10:08<21:09,  1.70it/s]
 28%|ΓûêΓûêΓûè       | 847/3000 [10:09<23:33,  1.52it/s]
 28%|ΓûêΓûêΓûè       | 848/3000 [10:09<21:01,  1.71it/s]
 28%|ΓûêΓûêΓûè       | 849/3000 [10:10<17:49,  2.01it/s]
 28%|ΓûêΓûêΓûè       | 850/3000 [10:10<18:32,  1.93it/s]
 28%|ΓûêΓûêΓûè       | 851/3000 [10:12<28:54,  1.24it/s]
 28%|ΓûêΓûêΓûè       | 852/3000 [10:14<46:05,  1.29s/it]
 28%|ΓûêΓûêΓûè       | 853/3000 [10:14<36:10,  1.01s/it]
 28%|ΓûêΓûêΓûè       | 854/3000 [10:15<31:05,  1.15it/s]
 28%|ΓûêΓûêΓûè       | 855/3000 [10:16<32:35,  1.10it/s]
 29%|ΓûêΓûêΓûè       | 856/3000 [10:17<33:20,  1.07it/s]
 29%|ΓûêΓûêΓûè       | 857/3000 [10:17<29:19,  1.22it/s]
 29%|ΓûêΓûêΓûè       | 858/3000 [10:18<26:56,  1.32it/s]
 29%|ΓûêΓûêΓûè       | 859/3000 [10:18<22:40,  1.57it/s]
 29%|ΓûêΓûêΓûè       | 860/3000 [10:19<19:52,  1.79it/s]
 29%|ΓûêΓûêΓûè       | 861/3000 [10:19<19:43,  1.81it/s]
 29%|ΓûêΓûêΓûè       | 862/3000 [10:20<21:51,  1.63it/s]
 29%|ΓûêΓûêΓûë       | 863/3000 [10:22<40:50,  1.15s/it]
 29%|ΓûêΓûêΓûë       | 864/3000 [10:23<33:30,  1.06it/s]
 29%|ΓûêΓûêΓûë       | 865/3000 [10:24<31:57,  1.11it/s]
 29%|ΓûêΓûêΓûë       | 866/3000 [10:25<40:46,  1.15s/it]
 29%|ΓûêΓûêΓûë       | 867/3000 [10:26<33:23,  1.06it/s]
 29%|ΓûêΓûêΓûë       | 868/3000 [10:26<28:52,  1.23it/s]
 29%|ΓûêΓûêΓûë       | 869/3000 [10:27<27:55,  1.27it/s]
 29%|ΓûêΓûêΓûë       | 870/3000 [10:28<24:25,  1.45it/s]
 29%|ΓûêΓûêΓûë       | 871/3000 [10:28<23:57,  1.48it/s]
 29%|ΓûêΓûêΓûë       | 872/3000 [10:31<48:24,  1.37s/it]
 29%|ΓûêΓûêΓûë       | 873/3000 [10:32<37:58,  1.07s/it]
 29%|ΓûêΓûêΓûë       | 874/3000 [10:32<31:27,  1.13it/s]
 29%|ΓûêΓûêΓûë       | 875/3000 [10:32<25:04,  1.41it/s]
 29%|ΓûêΓûêΓûë       | 876/3000 [10:33<23:52,  1.48it/s]
 29%|ΓûêΓûêΓûë       | 877/3000 [10:34<22:30,  1.57it/s]
 29%|ΓûêΓûêΓûë       | 878/3000 [10:34<20:22,  1.74it/s]
 29%|ΓûêΓûêΓûë       | 879/3000 [10:35<23:39,  1.49it/s]
 29%|ΓûêΓûêΓûë       | 880/3000 [10:35<22:05,  1.60it/s]
 29%|ΓûêΓûêΓûë       | 881/3000 [10:36<21:04,  1.68it/s]
 29%|ΓûêΓûêΓûë       | 882/3000 [10:37<23:56,  1.47it/s]
 29%|ΓûêΓûêΓûë       | 883/3000 [10:37<22:00,  1.60it/s]
 29%|ΓûêΓûêΓûë       | 884/3000 [10:38<19:52,  1.77it/s]
 30%|ΓûêΓûêΓûë       | 885/3000 [10:38<18:39,  1.89it/s]
 30%|ΓûêΓûêΓûë       | 886/3000 [10:39<20:27,  1.72it/s]
 30%|ΓûêΓûêΓûë       | 887/3000 [10:39<18:11,  1.94it/s]
 30%|ΓûêΓûêΓûë       | 888/3000 [10:41<29:26,  1.20it/s]
 30%|ΓûêΓûêΓûë       | 889/3000 [10:43<41:40,  1.18s/it]
 30%|ΓûêΓûêΓûë       | 890/3000 [10:44<40:40,  1.16s/it]
 30%|ΓûêΓûêΓûë       | 891/3000 [10:44<34:51,  1.01it/s]
 30%|ΓûêΓûêΓûë       | 892/3000 [10:46<35:54,  1.02s/it]
 30%|ΓûêΓûêΓûë       | 893/3000 [10:46<33:06,  1.06it/s]
 30%|ΓûêΓûêΓûë       | 894/3000 [10:47<28:05,  1.25it/s]
 30%|ΓûêΓûêΓûë       | 895/3000 [10:47<25:22,  1.38it/s]
 30%|ΓûêΓûêΓûë       | 896/3000 [10:48<25:50,  1.36it/s]
 30%|ΓûêΓûêΓûë       | 897/3000 [10:52<54:54,  1.57s/it]
 30%|ΓûêΓûêΓûë       | 898/3000 [10:52<45:01,  1.29s/it]
 30%|ΓûêΓûêΓûë       | 899/3000 [10:53<40:00,  1.14s/it]
 30%|ΓûêΓûêΓûê       | 900/3000 [10:54<34:01,  1.03it/s]
 30%|ΓûêΓûêΓûê       | 901/3000 [10:55<35:59,  1.03s/it]
 30%|ΓûêΓûêΓûê       | 902/3000 [10:56<33:24,  1.05it/s]
 30%|ΓûêΓûêΓûê       | 903/3000 [10:57<34:19,  1.02it/s]
 30%|ΓûêΓûêΓûê       | 904/3000 [10:57<32:32,  1.07it/s]
 30%|ΓûêΓûêΓûê       | 905/3000 [10:58<30:36,  1.14it/s]
 30%|ΓûêΓûêΓûê       | 906/3000 [10:59<25:32,  1.37it/s]
 30%|ΓûêΓûêΓûê       | 907/3000 [10:59<24:06,  1.45it/s]
 30%|ΓûêΓûêΓûê       | 908/3000 [11:00<20:40,  1.69it/s]
 30%|ΓûêΓûêΓûê       | 909/3000 [11:00<20:51,  1.67it/s]
 30%|ΓûêΓûêΓûê       | 910/3000 [11:03<40:36,  1.17s/it]
 30%|ΓûêΓûêΓûê       | 911/3000 [11:03<34:03,  1.02it/s]
 30%|ΓûêΓûêΓûê       | 912/3000 [11:04<33:15,  1.05it/s]
 30%|ΓûêΓûêΓûê       | 913/3000 [11:05<33:27,  1.04it/s]
 30%|ΓûêΓûêΓûê       | 914/3000 [11:06<28:36,  1.22it/s]
 30%|ΓûêΓûêΓûê       | 915/3000 [11:06<23:00,  1.51it/s]
 31%|ΓûêΓûêΓûê       | 916/3000 [11:06<21:39,  1.60it/s]
 31%|ΓûêΓûêΓûê       | 917/3000 [11:07<26:21,  1.32it/s]
 31%|ΓûêΓûêΓûê       | 918/3000 [11:08<24:25,  1.42it/s]
 31%|ΓûêΓûêΓûê       | 919/3000 [11:08<21:01,  1.65it/s]
 31%|ΓûêΓûêΓûê       | 920/3000 [11:09<20:34,  1.69it/s]
 31%|ΓûêΓûêΓûê       | 921/3000 [11:10<20:44,  1.67it/s]
 31%|ΓûêΓûêΓûê       | 922/3000 [11:10<23:45,  1.46it/s]
 31%|ΓûêΓûêΓûê       | 923/3000 [11:11<20:49,  1.66it/s]
 31%|ΓûêΓûêΓûê       | 924/3000 [11:11<19:46,  1.75it/s]
 31%|ΓûêΓûêΓûê       | 925/3000 [11:12<21:26,  1.61it/s]
 31%|ΓûêΓûêΓûê       | 926/3000 [11:12<18:02,  1.92it/s]
 31%|ΓûêΓûêΓûê       | 927/3000 [11:13<17:14,  2.00it/s]
 31%|ΓûêΓûêΓûê       | 928/3000 [11:13<17:16,  2.00it/s]
 31%|ΓûêΓûêΓûê       | 929/3000 [11:14<16:38,  2.07it/s]
 31%|ΓûêΓûêΓûê       | 930/3000 [11:14<17:07,  2.01it/s]
 31%|ΓûêΓûêΓûê       | 931/3000 [11:15<18:04,  1.91it/s]
 31%|ΓûêΓûêΓûê       | 932/3000 [11:17<38:43,  1.12s/it]
 31%|ΓûêΓûêΓûê       | 933/3000 [11:18<30:56,  1.11it/s]
 31%|ΓûêΓûêΓûê       | 934/3000 [11:18<25:22,  1.36it/s]
 31%|ΓûêΓûêΓûê       | 935/3000 [11:21<48:18,  1.40s/it]
 31%|ΓûêΓûêΓûê       | 936/3000 [11:21<36:50,  1.07s/it]
 31%|ΓûêΓûêΓûê       | 937/3000 [11:22<29:35,  1.16it/s]
 31%|ΓûêΓûêΓûêΓûÅ      | 938/3000 [11:22<23:48,  1.44it/s]
 31%|ΓûêΓûêΓûêΓûÅ      | 939/3000 [11:22<19:41,  1.74it/s]
 31%|ΓûêΓûêΓûêΓûÅ      | 940/3000 [11:23<21:13,  1.62it/s]
 31%|ΓûêΓûêΓûêΓûÅ      | 941/3000 [11:24<20:25,  1.68it/s]
 31%|ΓûêΓûêΓûêΓûÅ      | 942/3000 [11:24<19:02,  1.80it/s]
 31%|ΓûêΓûêΓûêΓûÅ      | 943/3000 [11:25<19:24,  1.77it/s]
 31%|ΓûêΓûêΓûêΓûÅ      | 944/3000 [11:25<17:54,  1.91it/s]
 32%|ΓûêΓûêΓûêΓûÅ      | 945/3000 [11:26<19:31,  1.75it/s]
 32%|ΓûêΓûêΓûêΓûÅ      | 946/3000 [11:26<19:46,  1.73it/s]
 32%|ΓûêΓûêΓûêΓûÅ      | 947/3000 [11:27<17:41,  1.93it/s]
 32%|ΓûêΓûêΓûêΓûÅ      | 948/3000 [11:27<16:50,  2.03it/s]
 32%|ΓûêΓûêΓûêΓûÅ      | 949/3000 [11:28<19:59,  1.71it/s]
 32%|ΓûêΓûêΓûêΓûÅ      | 950/3000 [11:29<23:35,  1.45it/s]
 32%|ΓûêΓûêΓûêΓûÅ      | 951/3000 [11:29<21:31,  1.59it/s]
 32%|ΓûêΓûêΓûêΓûÅ      | 952/3000 [11:30<18:56,  1.80it/s]
 32%|ΓûêΓûêΓûêΓûÅ      | 953/3000 [11:30<19:05,  1.79it/s]
 32%|ΓûêΓûêΓûêΓûÅ      | 954/3000 [11:31<24:19,  1.40it/s]
 32%|ΓûêΓûêΓûêΓûÅ      | 955/3000 [11:32<20:54,  1.63it/s]
 32%|ΓûêΓûêΓûêΓûÅ      | 956/3000 [11:32<19:23,  1.76it/s]
 32%|ΓûêΓûêΓûêΓûÅ      | 957/3000 [11:33<20:23,  1.67it/s]
 32%|ΓûêΓûêΓûêΓûÅ      | 958/3000 [11:34<19:49,  1.72it/s]
 32%|ΓûêΓûêΓûêΓûÅ      | 959/3000 [11:34<18:11,  1.87it/s]
 32%|ΓûêΓûêΓûêΓûÅ      | 960/3000 [11:37<39:49,  1.17s/it]
 32%|ΓûêΓûêΓûêΓûÅ      | 961/3000 [11:37<31:44,  1.07it/s]
 32%|ΓûêΓûêΓûêΓûÅ      | 962/3000 [11:37<26:46,  1.27it/s]
 32%|ΓûêΓûêΓûêΓûÅ      | 963/3000 [11:38<23:20,  1.45it/s]
 32%|ΓûêΓûêΓûêΓûÅ      | 964/3000 [11:39<26:08,  1.30it/s]
 32%|ΓûêΓûêΓûêΓûÅ      | 965/3000 [11:39<21:32,  1.57it/s]
 32%|ΓûêΓûêΓûêΓûÅ      | 966/3000 [11:39<17:19,  1.96it/s]
 32%|ΓûêΓûêΓûêΓûÅ      | 967/3000 [11:40<16:33,  2.05it/s]
 32%|ΓûêΓûêΓûêΓûÅ      | 968/3000 [11:41<22:00,  1.54it/s]
 32%|ΓûêΓûêΓûêΓûÅ      | 969/3000 [11:41<18:22,  1.84it/s]
 32%|ΓûêΓûêΓûêΓûÅ      | 970/3000 [11:42<22:06,  1.53it/s]
 32%|ΓûêΓûêΓûêΓûÅ      | 971/3000 [11:42<18:51,  1.79it/s]
 32%|ΓûêΓûêΓûêΓûÅ      | 972/3000 [11:44<29:28,  1.15it/s]
 32%|ΓûêΓûêΓûêΓûÅ      | 973/3000 [11:45<26:03,  1.30it/s]
 32%|ΓûêΓûêΓûêΓûÅ      | 974/3000 [11:45<25:51,  1.31it/s]
 32%|ΓûêΓûêΓûêΓûÄ      | 975/3000 [11:46<22:35,  1.49it/s]
 33%|ΓûêΓûêΓûêΓûÄ      | 976/3000 [11:47<23:46,  1.42it/s]
 33%|ΓûêΓûêΓûêΓûÄ      | 977/3000 [11:47<20:46,  1.62it/s]
 33%|ΓûêΓûêΓûêΓûÄ      | 978/3000 [11:47<18:13,  1.85it/s]
 33%|ΓûêΓûêΓûêΓûÄ      | 979/3000 [11:48<19:12,  1.75it/s]
 33%|ΓûêΓûêΓûêΓûÄ      | 980/3000 [11:48<16:59,  1.98it/s]
 33%|ΓûêΓûêΓûêΓûÄ      | 981/3000 [11:49<14:40,  2.29it/s]
 33%|ΓûêΓûêΓûêΓûÄ      | 982/3000 [11:49<16:17,  2.06it/s]
 33%|ΓûêΓûêΓûêΓûÄ      | 983/3000 [11:50<17:53,  1.88it/s]
 33%|ΓûêΓûêΓûêΓûÄ      | 984/3000 [11:50<19:31,  1.72it/s]
 33%|ΓûêΓûêΓûêΓûÄ      | 985/3000 [11:51<17:55,  1.87it/s]
 33%|ΓûêΓûêΓûêΓûÄ      | 986/3000 [11:52<22:46,  1.47it/s]
 33%|ΓûêΓûêΓûêΓûÄ      | 987/3000 [11:53<21:52,  1.53it/s]
 33%|ΓûêΓûêΓûêΓûÄ      | 988/3000 [11:53<19:37,  1.71it/s]
 33%|ΓûêΓûêΓûêΓûÄ      | 989/3000 [11:53<16:34,  2.02it/s]
 33%|ΓûêΓûêΓûêΓûÄ      | 990/3000 [11:54<14:31,  2.31it/s]
 33%|ΓûêΓûêΓûêΓûÄ      | 991/3000 [11:54<14:50,  2.26it/s]
 33%|ΓûêΓûêΓûêΓûÄ      | 992/3000 [11:54<14:42,  2.27it/s]
 33%|ΓûêΓûêΓûêΓûÄ      | 993/3000 [11:55<14:41,  2.28it/s]
 33%|ΓûêΓûêΓûêΓûÄ      | 994/3000 [11:55<15:09,  2.21it/s]
 33%|ΓûêΓûêΓûêΓûÄ      | 995/3000 [11:56<15:46,  2.12it/s]
 33%|ΓûêΓûêΓûêΓûÄ      | 996/3000 [11:56<15:47,  2.12it/s]
 33%|ΓûêΓûêΓûêΓûÄ      | 997/3000 [11:57<13:13,  2.52it/s]
 33%|ΓûêΓûêΓûêΓûÄ      | 998/3000 [11:57<12:56,  2.58it/s]
 33%|ΓûêΓûêΓûêΓûÄ      | 999/3000 [11:58<20:48,  1.60it/s]
 33%|ΓûêΓûêΓûêΓûÄ      | 1000/3000 [11:58<18:25,  1.81it/s]
 33%|ΓûêΓûêΓûêΓûÄ      | 1001/3000 [11:59<16:29,  2.02it/s]
 33%|ΓûêΓûêΓûêΓûÄ      | 1002/3000 [12:00<27:59,  1.19it/s]
 33%|ΓûêΓûêΓûêΓûÄ      | 1003/3000 [12:01<23:55,  1.39it/s]
 33%|ΓûêΓûêΓûêΓûÄ      | 1004/3000 [12:01<20:33,  1.62it/s]
 34%|ΓûêΓûêΓûêΓûÄ      | 1005/3000 [12:02<19:49,  1.68it/s]
 34%|ΓûêΓûêΓûêΓûÄ      | 1006/3000 [12:04<32:31,  1.02it/s]
 34%|ΓûêΓûêΓûêΓûÄ      | 1007/3000 [12:05<31:19,  1.06it/s]
 34%|ΓûêΓûêΓûêΓûÄ      | 1008/3000 [12:06<31:59,  1.04it/s]
 34%|ΓûêΓûêΓûêΓûÄ      | 1009/3000 [12:06<27:37,  1.20it/s]
 34%|ΓûêΓûêΓûêΓûÄ      | 1010/3000 [12:07<30:20,  1.09it/s]
 34%|ΓûêΓûêΓûêΓûÄ      | 1011/3000 [12:08<25:40,  1.29it/s]
 34%|ΓûêΓûêΓûêΓûÄ      | 1012/3000 [12:08<25:02,  1.32it/s]
 34%|ΓûêΓûêΓûêΓûì      | 1013/3000 [12:11<42:17,  1.28s/it]
 34%|ΓûêΓûêΓûêΓûì      | 1014/3000 [12:12<36:05,  1.09s/it]
 34%|ΓûêΓûêΓûêΓûì      | 1015/3000 [12:12<33:15,  1.01s/it]
 34%|ΓûêΓûêΓûêΓûì      | 1016/3000 [12:13<28:35,  1.16it/s]
 34%|ΓûêΓûêΓûêΓûì      | 1017/3000 [12:14<27:02,  1.22it/s]
 34%|ΓûêΓûêΓûêΓûì      | 1018/3000 [12:14<24:13,  1.36it/s]
 34%|ΓûêΓûêΓûêΓûì      | 1019/3000 [12:15<22:07,  1.49it/s]
 34%|ΓûêΓûêΓûêΓûì      | 1020/3000 [12:16<24:09,  1.37it/s]
 34%|ΓûêΓûêΓûêΓûì      | 1021/3000 [12:16<21:29,  1.53it/s]
 34%|ΓûêΓûêΓûêΓûì      | 1022/3000 [12:17<22:44,  1.45it/s]
 34%|ΓûêΓûêΓûêΓûì      | 1023/3000 [12:17<21:32,  1.53it/s]
 34%|ΓûêΓûêΓûêΓûì      | 1024/3000 [12:19<26:40,  1.23it/s]
 34%|ΓûêΓûêΓûêΓûì      | 1025/3000 [12:19<26:03,  1.26it/s]
 34%|ΓûêΓûêΓûêΓûì      | 1026/3000 [12:20<25:34,  1.29it/s]
 34%|ΓûêΓûêΓûêΓûì      | 1027/3000 [12:20<21:34,  1.52it/s]
 34%|ΓûêΓûêΓûêΓûì      | 1028/3000 [12:21<23:25,  1.40it/s]
 34%|ΓûêΓûêΓûêΓûì      | 1029/3000 [12:22<23:58,  1.37it/s]
 34%|ΓûêΓûêΓûêΓûì      | 1030/3000 [12:23<24:39,  1.33it/s]
 34%|ΓûêΓûêΓûêΓûì      | 1031/3000 [12:23<23:39,  1.39it/s]
 34%|ΓûêΓûêΓûêΓûì      | 1032/3000 [12:24<22:25,  1.46it/s]
 34%|ΓûêΓûêΓûêΓûì      | 1033/3000 [12:24<20:03,  1.63it/s]
 34%|ΓûêΓûêΓûêΓûì      | 1034/3000 [12:25<19:17,  1.70it/s]
 34%|ΓûêΓûêΓûêΓûì      | 1035/3000 [12:26<22:33,  1.45it/s]
 35%|ΓûêΓûêΓûêΓûì      | 1036/3000 [12:26<20:59,  1.56it/s]
 35%|ΓûêΓûêΓûêΓûì      | 1037/3000 [12:27<18:42,  1.75it/s]
 35%|ΓûêΓûêΓûêΓûì      | 1038/3000 [12:27<18:25,  1.77it/s]
 35%|ΓûêΓûêΓûêΓûì      | 1039/3000 [12:28<18:26,  1.77it/s]
 35%|ΓûêΓûêΓûêΓûì      | 1040/3000 [12:28<16:17,  2.00it/s]
 35%|ΓûêΓûêΓûêΓûì      | 1041/3000 [12:29<19:20,  1.69it/s]
 35%|ΓûêΓûêΓûêΓûì      | 1042/3000 [12:30<18:24,  1.77it/s]
 35%|ΓûêΓûêΓûêΓûì      | 1043/3000 [12:30<20:17,  1.61it/s]
 35%|ΓûêΓûêΓûêΓûì      | 1044/3000 [12:34<46:11,  1.42s/it]
 35%|ΓûêΓûêΓûêΓûì      | 1045/3000 [12:35<40:33,  1.24s/it]
 35%|ΓûêΓûêΓûêΓûì      | 1046/3000 [12:35<35:33,  1.09s/it]
 35%|ΓûêΓûêΓûêΓûì      | 1047/3000 [12:36<31:43,  1.03it/s]
 35%|ΓûêΓûêΓûêΓûì      | 1048/3000 [12:36<27:24,  1.19it/s]
 35%|ΓûêΓûêΓûêΓûì      | 1049/3000 [12:40<49:38,  1.53s/it]
 35%|ΓûêΓûêΓûêΓûî      | 1050/3000 [12:41<45:34,  1.40s/it]
 35%|ΓûêΓûêΓûêΓûî      | 1051/3000 [12:42<40:53,  1.26s/it]
 35%|ΓûêΓûêΓûêΓûî      | 1052/3000 [12:42<36:29,  1.12s/it]
 35%|ΓûêΓûêΓûêΓûî      | 1053/3000 [12:43<35:23,  1.09s/it]
 35%|ΓûêΓûêΓûêΓûî      | 1054/3000 [12:44<32:49,  1.01s/it]
 35%|ΓûêΓûêΓûêΓûî      | 1055/3000 [12:45<33:10,  1.02s/it]
 35%|ΓûêΓûêΓûêΓûî      | 1056/3000 [12:46<26:32,  1.22it/s]
 35%|ΓûêΓûêΓûêΓûî      | 1057/3000 [12:47<28:08,  1.15it/s]
 35%|ΓûêΓûêΓûêΓûî      | 1058/3000 [12:47<25:34,  1.27it/s]
 35%|ΓûêΓûêΓûêΓûî      | 1059/3000 [12:48<27:38,  1.17it/s]
 35%|ΓûêΓûêΓûêΓûî      | 1060/3000 [12:50<36:47,  1.14s/it]
 35%|ΓûêΓûêΓûêΓûî      | 1061/3000 [12:51<31:55,  1.01it/s]
 35%|ΓûêΓûêΓûêΓûî      | 1062/3000 [12:51<27:34,  1.17it/s]
 35%|ΓûêΓûêΓûêΓûî      | 1063/3000 [12:52<23:29,  1.37it/s]
 35%|ΓûêΓûêΓûêΓûî      | 1064/3000 [12:53<25:45,  1.25it/s]
 36%|ΓûêΓûêΓûêΓûî      | 1065/3000 [12:53<21:14,  1.52it/s]
 36%|ΓûêΓûêΓûêΓûî      | 1066/3000 [12:54<24:22,  1.32it/s]
 36%|ΓûêΓûêΓûêΓûî      | 1067/3000 [12:57<45:29,  1.41s/it]
 36%|ΓûêΓûêΓûêΓûî      | 1068/3000 [12:57<36:23,  1.13s/it]
 36%|ΓûêΓûêΓûêΓûî      | 1069/3000 [12:58<32:55,  1.02s/it]
 36%|ΓûêΓûêΓûêΓûî      | 1070/3000 [12:58<25:36,  1.26it/s]
 36%|ΓûêΓûêΓûêΓûî      | 1071/3000 [12:59<25:42,  1.25it/s]
 36%|ΓûêΓûêΓûêΓûî      | 1072/3000 [13:02<46:25,  1.44s/it]
 36%|ΓûêΓûêΓûêΓûî      | 1073/3000 [13:03<37:57,  1.18s/it]
 36%|ΓûêΓûêΓûêΓûî      | 1074/3000 [13:03<31:15,  1.03it/s]
 36%|ΓûêΓûêΓûêΓûî      | 1075/3000 [13:04<26:59,  1.19it/s]
 36%|ΓûêΓûêΓûêΓûî      | 1076/3000 [13:04<24:28,  1.31it/s]
 36%|ΓûêΓûêΓûêΓûî      | 1077/3000 [13:05<20:21,  1.57it/s]
 36%|ΓûêΓûêΓûêΓûî      | 1078/3000 [13:05<19:13,  1.67it/s]
 36%|ΓûêΓûêΓûêΓûî      | 1079/3000 [13:06<18:21,  1.74it/s]
 36%|ΓûêΓûêΓûêΓûî      | 1080/3000 [13:06<17:43,  1.81it/s]
 36%|ΓûêΓûêΓûêΓûî      | 1081/3000 [13:07<19:15,  1.66it/s]
 36%|ΓûêΓûêΓûêΓûî      | 1082/3000 [13:08<20:35,  1.55it/s]
 36%|ΓûêΓûêΓûêΓûî      | 1083/3000 [13:08<20:10,  1.58it/s]
 36%|ΓûêΓûêΓûêΓûî      | 1084/3000 [13:09<18:10,  1.76it/s]
 36%|ΓûêΓûêΓûêΓûî      | 1085/3000 [13:09<17:40,  1.81it/s]
 36%|ΓûêΓûêΓûêΓûî      | 1086/3000 [13:10<16:56,  1.88it/s]
 36%|ΓûêΓûêΓûêΓûî      | 1087/3000 [13:10<17:53,  1.78it/s]
 36%|ΓûêΓûêΓûêΓûï      | 1088/3000 [13:11<18:16,  1.74it/s]
 36%|ΓûêΓûêΓûêΓûï      | 1089/3000 [13:12<20:28,  1.56it/s]
 36%|ΓûêΓûêΓûêΓûï      | 1090/3000 [13:12<19:24,  1.64it/s]
 36%|ΓûêΓûêΓûêΓûï      | 1091/3000 [13:13<16:59,  1.87it/s]
 36%|ΓûêΓûêΓûêΓûï      | 1092/3000 [13:13<19:19,  1.64it/s]
 36%|ΓûêΓûêΓûêΓûï      | 1093/3000 [13:14<22:19,  1.42it/s]
 36%|ΓûêΓûêΓûêΓûï      | 1094/3000 [13:15<21:11,  1.50it/s]
 36%|ΓûêΓûêΓûêΓûï      | 1095/3000 [13:16<27:00,  1.18it/s]
 37%|ΓûêΓûêΓûêΓûï      | 1096/3000 [13:17<22:06,  1.44it/s]
 37%|ΓûêΓûêΓûêΓûï      | 1097/3000 [13:18<25:44,  1.23it/s]
 37%|ΓûêΓûêΓûêΓûï      | 1098/3000 [13:18<22:06,  1.43it/s]
 37%|ΓûêΓûêΓûêΓûï      | 1099/3000 [13:19<24:19,  1.30it/s]
 37%|ΓûêΓûêΓûêΓûï      | 1100/3000 [13:19<21:15,  1.49it/s]
 37%|ΓûêΓûêΓûêΓûï      | 1101/3000 [13:20<20:55,  1.51it/s]
 37%|ΓûêΓûêΓûêΓûï      | 1102/3000 [13:20<18:29,  1.71it/s]
 37%|ΓûêΓûêΓûêΓûï      | 1103/3000 [13:21<19:08,  1.65it/s]
 37%|ΓûêΓûêΓûêΓûï      | 1104/3000 [13:22<21:21,  1.48it/s]
 37%|ΓûêΓûêΓûêΓûï      | 1105/3000 [13:22<19:28,  1.62it/s]
 37%|ΓûêΓûêΓûêΓûï      | 1106/3000 [13:23<23:05,  1.37it/s]
 37%|ΓûêΓûêΓûêΓûï      | 1107/3000 [13:25<33:58,  1.08s/it]
 37%|ΓûêΓûêΓûêΓûï      | 1108/3000 [13:26<27:44,  1.14it/s]
 37%|ΓûêΓûêΓûêΓûï      | 1109/3000 [13:26<25:00,  1.26it/s]
 37%|ΓûêΓûêΓûêΓûï      | 1110/3000 [13:27<20:38,  1.53it/s]
 37%|ΓûêΓûêΓûêΓûï      | 1111/3000 [13:27<20:42,  1.52it/s]
 37%|ΓûêΓûêΓûêΓûï      | 1112/3000 [13:28<20:13,  1.56it/s]
 37%|ΓûêΓûêΓûêΓûï      | 1113/3000 [13:29<23:59,  1.31it/s]
 37%|ΓûêΓûêΓûêΓûï      | 1114/3000 [13:31<40:21,  1.28s/it]
 37%|ΓûêΓûêΓûêΓûï      | 1115/3000 [13:32<35:18,  1.12s/it]
 37%|ΓûêΓûêΓûêΓûï      | 1116/3000 [13:33<30:32,  1.03it/s]
 37%|ΓûêΓûêΓûêΓûï      | 1117/3000 [13:34<27:41,  1.13it/s]
 37%|ΓûêΓûêΓûêΓûï      | 1118/3000 [13:36<38:17,  1.22s/it]
 37%|ΓûêΓûêΓûêΓûï      | 1119/3000 [13:36<32:36,  1.04s/it]
 37%|ΓûêΓûêΓûêΓûï      | 1120/3000 [13:37<27:32,  1.14it/s]
 37%|ΓûêΓûêΓûêΓûï      | 1121/3000 [13:37<25:13,  1.24it/s]
 37%|ΓûêΓûêΓûêΓûï      | 1122/3000 [13:38<23:10,  1.35it/s]
 37%|ΓûêΓûêΓûêΓûï      | 1123/3000 [13:38<20:17,  1.54it/s]
 37%|ΓûêΓûêΓûêΓûï      | 1124/3000 [13:39<19:07,  1.63it/s]
 38%|ΓûêΓûêΓûêΓûè      | 1125/3000 [13:39<18:01,  1.73it/s]
 38%|ΓûêΓûêΓûêΓûè      | 1126/3000 [13:40<18:10,  1.72it/s]
 38%|ΓûêΓûêΓûêΓûè      | 1127/3000 [13:40<16:46,  1.86it/s]
 38%|ΓûêΓûêΓûêΓûè      | 1128/3000 [13:41<17:59,  1.73it/s]
 38%|ΓûêΓûêΓûêΓûè      | 1129/3000 [13:44<39:38,  1.27s/it]
 38%|ΓûêΓûêΓûêΓûè      | 1130/3000 [13:44<31:49,  1.02s/it]
 38%|ΓûêΓûêΓûêΓûè      | 1131/3000 [13:45<31:20,  1.01s/it]
 38%|ΓûêΓûêΓûêΓûè      | 1132/3000 [13:46<28:57,  1.07it/s]
 38%|ΓûêΓûêΓûêΓûè      | 1133/3000 [13:47<27:23,  1.14it/s]
 38%|ΓûêΓûêΓûêΓûè      | 1134/3000 [13:47<23:32,  1.32it/s]
 38%|ΓûêΓûêΓûêΓûè      | 1135/3000 [13:48<23:46,  1.31it/s]
 38%|ΓûêΓûêΓûêΓûè      | 1136/3000 [13:49<26:50,  1.16it/s]
 38%|ΓûêΓûêΓûêΓûè      | 1137/3000 [13:50<28:36,  1.09it/s]
 38%|ΓûêΓûêΓûêΓûè      | 1138/3000 [13:51<31:25,  1.01s/it]
 38%|ΓûêΓûêΓûêΓûè      | 1139/3000 [13:52<28:47,  1.08it/s]
 38%|ΓûêΓûêΓûêΓûè      | 1140/3000 [13:53<24:57,  1.24it/s]
 38%|ΓûêΓûêΓûêΓûè      | 1141/3000 [13:53<22:48,  1.36it/s]
 38%|ΓûêΓûêΓûêΓûè      | 1142/3000 [13:54<26:04,  1.19it/s]
 38%|ΓûêΓûêΓûêΓûè      | 1143/3000 [13:55<23:26,  1.32it/s]
 38%|ΓûêΓûêΓûêΓûè      | 1144/3000 [13:55<19:36,  1.58it/s]
 38%|ΓûêΓûêΓûêΓûè      | 1145/3000 [13:56<16:59,  1.82it/s]
 38%|ΓûêΓûêΓûêΓûè      | 1146/3000 [13:57<25:35,  1.21it/s]
 38%|ΓûêΓûêΓûêΓûè      | 1147/3000 [13:58<25:59,  1.19it/s]
 38%|ΓûêΓûêΓûêΓûè      | 1148/3000 [13:58<22:12,  1.39it/s]
 38%|ΓûêΓûêΓûêΓûè      | 1149/3000 [13:59<21:11,  1.46it/s]
 38%|ΓûêΓûêΓûêΓûè      | 1150/3000 [14:00<26:00,  1.19it/s]
 38%|ΓûêΓûêΓûêΓûè      | 1151/3000 [14:01<26:27,  1.16it/s]
 38%|ΓûêΓûêΓûêΓûè      | 1152/3000 [14:02<27:21,  1.13it/s]
 38%|ΓûêΓûêΓûêΓûè      | 1153/3000 [14:03<29:43,  1.04it/s]
 38%|ΓûêΓûêΓûêΓûè      | 1154/3000 [14:04<23:53,  1.29it/s]
 38%|ΓûêΓûêΓûêΓûè      | 1155/3000 [14:04<19:56,  1.54it/s]
 39%|ΓûêΓûêΓûêΓûè      | 1156/3000 [14:05<25:39,  1.20it/s]
 39%|ΓûêΓûêΓûêΓûè      | 1157/3000 [14:06<24:08,  1.27it/s]
 39%|ΓûêΓûêΓûêΓûè      | 1158/3000 [14:06<19:54,  1.54it/s]
 39%|ΓûêΓûêΓûêΓûè      | 1159/3000 [14:07<17:21,  1.77it/s]
 39%|ΓûêΓûêΓûêΓûè      | 1160/3000 [14:07<18:38,  1.65it/s]
 39%|ΓûêΓûêΓûêΓûè      | 1161/3000 [14:08<16:02,  1.91it/s]
 39%|ΓûêΓûêΓûêΓûè      | 1162/3000 [14:11<38:33,  1.26s/it]
 39%|ΓûêΓûêΓûêΓûë      | 1163/3000 [14:11<34:56,  1.14s/it]
 39%|ΓûêΓûêΓûêΓûë      | 1164/3000 [14:12<30:14,  1.01it/s]
 39%|ΓûêΓûêΓûêΓûë      | 1165/3000 [14:13<28:39,  1.07it/s]
 39%|ΓûêΓûêΓûêΓûë      | 1166/3000 [14:13<23:56,  1.28it/s]
 39%|ΓûêΓûêΓûêΓûë      | 1167/3000 [14:14<20:44,  1.47it/s]
 39%|ΓûêΓûêΓûêΓûë      | 1168/3000 [14:14<18:29,  1.65it/s]
 39%|ΓûêΓûêΓûêΓûë      | 1169/3000 [14:15<16:54,  1.81it/s]
 39%|ΓûêΓûêΓûêΓûë      | 1170/3000 [14:15<19:17,  1.58it/s]
 39%|ΓûêΓûêΓûêΓûë      | 1171/3000 [14:16<17:37,  1.73it/s]
 39%|ΓûêΓûêΓûêΓûë      | 1172/3000 [14:16<16:16,  1.87it/s]
 39%|ΓûêΓûêΓûêΓûë      | 1173/3000 [14:17<15:25,  1.97it/s]
 39%|ΓûêΓûêΓûêΓûë      | 1174/3000 [14:18<22:48,  1.33it/s]
 39%|ΓûêΓûêΓûêΓûë      | 1175/3000 [14:19<22:14,  1.37it/s]
 39%|ΓûêΓûêΓûêΓûë      | 1176/3000 [14:20<24:01,  1.27it/s]
 39%|ΓûêΓûêΓûêΓûë      | 1177/3000 [14:20<21:39,  1.40it/s]
 39%|ΓûêΓûêΓûêΓûë      | 1178/3000 [14:21<20:02,  1.52it/s]
 39%|ΓûêΓûêΓûêΓûë      | 1179/3000 [14:21<19:29,  1.56it/s]
 39%|ΓûêΓûêΓûêΓûë      | 1180/3000 [14:22<18:23,  1.65it/s]
 39%|ΓûêΓûêΓûêΓûë      | 1181/3000 [14:22<16:40,  1.82it/s]
 39%|ΓûêΓûêΓûêΓûë      | 1182/3000 [14:23<21:47,  1.39it/s]
 39%|ΓûêΓûêΓûêΓûë      | 1183/3000 [14:24<23:17,  1.30it/s]
 39%|ΓûêΓûêΓûêΓûë      | 1184/3000 [14:25<22:40,  1.33it/s]
 40%|ΓûêΓûêΓûêΓûë      | 1185/3000 [14:26<23:14,  1.30it/s]
 40%|ΓûêΓûêΓûêΓûë      | 1186/3000 [14:27<24:22,  1.24it/s]
 40%|ΓûêΓûêΓûêΓûë      | 1187/3000 [14:27<20:59,  1.44it/s]
 40%|ΓûêΓûêΓûêΓûë      | 1188/3000 [14:29<27:23,  1.10it/s]
 40%|ΓûêΓûêΓûêΓûë      | 1189/3000 [14:29<24:17,  1.24it/s]
 40%|ΓûêΓûêΓûêΓûë      | 1190/3000 [14:30<20:58,  1.44it/s]
 40%|ΓûêΓûêΓûêΓûë      | 1191/3000 [14:30<18:34,  1.62it/s]
 40%|ΓûêΓûêΓûêΓûë      | 1192/3000 [14:30<17:07,  1.76it/s]
 40%|ΓûêΓûêΓûêΓûë      | 1193/3000 [14:31<17:12,  1.75it/s]
 40%|ΓûêΓûêΓûêΓûë      | 1194/3000 [14:32<18:47,  1.60it/s]
 40%|ΓûêΓûêΓûêΓûë      | 1195/3000 [14:33<27:14,  1.10it/s]
 40%|ΓûêΓûêΓûêΓûë      | 1196/3000 [14:34<24:29,  1.23it/s]
 40%|ΓûêΓûêΓûêΓûë      | 1197/3000 [14:35<22:36,  1.33it/s]
 40%|ΓûêΓûêΓûêΓûë      | 1198/3000 [14:36<30:53,  1.03s/it]
 40%|ΓûêΓûêΓûêΓûë      | 1199/3000 [14:37<29:05,  1.03it/s]
 40%|ΓûêΓûêΓûêΓûê      | 1200/3000 [14:37<24:17,  1.23it/s]
 40%|ΓûêΓûêΓûêΓûê      | 1201/3000 [14:38<23:29,  1.28it/s]
 40%|ΓûêΓûêΓûêΓûê      | 1202/3000 [14:39<21:40,  1.38it/s]
 40%|ΓûêΓûêΓûêΓûê      | 1203/3000 [14:39<21:01,  1.42it/s]
 40%|ΓûêΓûêΓûêΓûê      | 1204/3000 [14:41<32:11,  1.08s/it]
 40%|ΓûêΓûêΓûêΓûê      | 1205/3000 [14:42<27:59,  1.07it/s]
 40%|ΓûêΓûêΓûêΓûê      | 1206/3000 [14:43<24:33,  1.22it/s]
 40%|ΓûêΓûêΓûêΓûê      | 1207/3000 [14:43<22:24,  1.33it/s]
 40%|ΓûêΓûêΓûêΓûê      | 1208/3000 [14:44<22:46,  1.31it/s]
 40%|ΓûêΓûêΓûêΓûê      | 1209/3000 [14:45<21:45,  1.37it/s]
 40%|ΓûêΓûêΓûêΓûê      | 1210/3000 [14:45<18:24,  1.62it/s]
 40%|ΓûêΓûêΓûêΓûê      | 1211/3000 [14:45<16:45,  1.78it/s]
 40%|ΓûêΓûêΓûêΓûê      | 1212/3000 [14:46<17:12,  1.73it/s]
 40%|ΓûêΓûêΓûêΓûê      | 1213/3000 [14:47<22:38,  1.32it/s]
 40%|ΓûêΓûêΓûêΓûê      | 1214/3000 [14:48<24:28,  1.22it/s]
 40%|ΓûêΓûêΓûêΓûê      | 1215/3000 [14:49<26:49,  1.11it/s]
 41%|ΓûêΓûêΓûêΓûê      | 1216/3000 [14:50<24:34,  1.21it/s]
 41%|ΓûêΓûêΓûêΓûê      | 1217/3000 [14:51<25:11,  1.18it/s]
 41%|ΓûêΓûêΓûêΓûê      | 1218/3000 [14:51<23:28,  1.27it/s]
 41%|ΓûêΓûêΓûêΓûê      | 1219/3000 [14:52<19:35,  1.51it/s]
 41%|ΓûêΓûêΓûêΓûê      | 1220/3000 [14:52<19:15,  1.54it/s]
 41%|ΓûêΓûêΓûêΓûê      | 1221/3000 [14:53<17:40,  1.68it/s]
 41%|ΓûêΓûêΓûêΓûê      | 1222/3000 [14:53<15:35,  1.90it/s]
 41%|ΓûêΓûêΓûêΓûê      | 1223/3000 [14:54<16:41,  1.78it/s]
 41%|ΓûêΓûêΓûêΓûê      | 1224/3000 [14:55<17:50,  1.66it/s]
 41%|ΓûêΓûêΓûêΓûê      | 1225/3000 [14:55<15:46,  1.88it/s]
 41%|ΓûêΓûêΓûêΓûê      | 1226/3000 [14:55<14:19,  2.06it/s]
 41%|ΓûêΓûêΓûêΓûê      | 1227/3000 [14:56<13:56,  2.12it/s]
 41%|ΓûêΓûêΓûêΓûê      | 1228/3000 [14:58<31:14,  1.06s/it]
 41%|ΓûêΓûêΓûêΓûê      | 1229/3000 [14:59<25:20,  1.16it/s]
 41%|ΓûêΓûêΓûêΓûê      | 1230/3000 [14:59<19:41,  1.50it/s]
 41%|ΓûêΓûêΓûêΓûê      | 1231/3000 [14:59<18:27,  1.60it/s]
 41%|ΓûêΓûêΓûêΓûê      | 1232/3000 [15:00<18:45,  1.57it/s]
 41%|ΓûêΓûêΓûêΓûê      | 1233/3000 [15:01<19:01,  1.55it/s]
 41%|ΓûêΓûêΓûêΓûê      | 1234/3000 [15:01<17:14,  1.71it/s]
 41%|ΓûêΓûêΓûêΓûê      | 1235/3000 [15:02<16:37,  1.77it/s]
 41%|ΓûêΓûêΓûêΓûê      | 1236/3000 [15:02<18:07,  1.62it/s]
 41%|ΓûêΓûêΓûêΓûê      | 1237/3000 [15:03<16:52,  1.74it/s]
 41%|ΓûêΓûêΓûêΓûêΓûÅ     | 1238/3000 [15:04<17:59,  1.63it/s]
 41%|ΓûêΓûêΓûêΓûêΓûÅ     | 1239/3000 [15:04<18:52,  1.56it/s]
 41%|ΓûêΓûêΓûêΓûêΓûÅ     | 1240/3000 [15:05<21:10,  1.39it/s]
 41%|ΓûêΓûêΓûêΓûêΓûÅ     | 1241/3000 [15:06<20:08,  1.46it/s]
 41%|ΓûêΓûêΓûêΓûêΓûÅ     | 1242/3000 [15:07<20:24,  1.44it/s]
 41%|ΓûêΓûêΓûêΓûêΓûÅ     | 1243/3000 [15:07<22:50,  1.28it/s]
 41%|ΓûêΓûêΓûêΓûêΓûÅ     | 1244/3000 [15:08<24:11,  1.21it/s]
 42%|ΓûêΓûêΓûêΓûêΓûÅ     | 1245/3000 [15:09<19:49,  1.48it/s]
 42%|ΓûêΓûêΓûêΓûêΓûÅ     | 1246/3000 [15:09<19:46,  1.48it/s]
 42%|ΓûêΓûêΓûêΓûêΓûÅ     | 1247/3000 [15:10<19:09,  1.52it/s]
 42%|ΓûêΓûêΓûêΓûêΓûÅ     | 1248/3000 [15:11<18:08,  1.61it/s]
 42%|ΓûêΓûêΓûêΓûêΓûÅ     | 1249/3000 [15:12<23:37,  1.24it/s]
 42%|ΓûêΓûêΓûêΓûêΓûÅ     | 1250/3000 [15:13<28:08,  1.04it/s]
 42%|ΓûêΓûêΓûêΓûêΓûÅ     | 1251/3000 [15:14<24:35,  1.19it/s]
 42%|ΓûêΓûêΓûêΓûêΓûÅ     | 1252/3000 [15:14<21:56,  1.33it/s]
 42%|ΓûêΓûêΓûêΓûêΓûÅ     | 1253/3000 [15:15<20:31,  1.42it/s]
 42%|ΓûêΓûêΓûêΓûêΓûÅ     | 1254/3000 [15:15<19:50,  1.47it/s]
 42%|ΓûêΓûêΓûêΓûêΓûÅ     | 1255/3000 [15:16<19:55,  1.46it/s]
 42%|ΓûêΓûêΓûêΓûêΓûÅ     | 1256/3000 [15:17<20:50,  1.39it/s]
 42%|ΓûêΓûêΓûêΓûêΓûÅ     | 1257/3000 [15:18<23:37,  1.23it/s]
 42%|ΓûêΓûêΓûêΓûêΓûÅ     | 1258/3000 [15:19<24:43,  1.17it/s]
 42%|ΓûêΓûêΓûêΓûêΓûÅ     | 1259/3000 [15:20<27:49,  1.04it/s]
 42%|ΓûêΓûêΓûêΓûêΓûÅ     | 1260/3000 [15:21<27:53,  1.04it/s]
 42%|ΓûêΓûêΓûêΓûêΓûÅ     | 1261/3000 [15:22<26:13,  1.11it/s]
 42%|ΓûêΓûêΓûêΓûêΓûÅ     | 1262/3000 [15:22<23:11,  1.25it/s]
 42%|ΓûêΓûêΓûêΓûêΓûÅ     | 1263/3000 [15:23<20:42,  1.40it/s]
 42%|ΓûêΓûêΓûêΓûêΓûÅ     | 1264/3000 [15:24<24:01,  1.20it/s]
 42%|ΓûêΓûêΓûêΓûêΓûÅ     | 1265/3000 [15:25<25:33,  1.13it/s]
 42%|ΓûêΓûêΓûêΓûêΓûÅ     | 1266/3000 [15:26<23:23,  1.24it/s]
 42%|ΓûêΓûêΓûêΓûêΓûÅ     | 1267/3000 [15:26<20:55,  1.38it/s]
 42%|ΓûêΓûêΓûêΓûêΓûÅ     | 1268/3000 [15:27<20:47,  1.39it/s]
 42%|ΓûêΓûêΓûêΓûêΓûÅ     | 1269/3000 [15:27<19:01,  1.52it/s]
 42%|ΓûêΓûêΓûêΓûêΓûÅ     | 1270/3000 [15:28<16:22,  1.76it/s]
 42%|ΓûêΓûêΓûêΓûêΓûÅ     | 1271/3000 [15:28<17:13,  1.67it/s]
 42%|ΓûêΓûêΓûêΓûêΓûÅ     | 1272/3000 [15:29<16:19,  1.76it/s]
 42%|ΓûêΓûêΓûêΓûêΓûÅ     | 1273/3000 [15:30<23:36,  1.22it/s]
 42%|ΓûêΓûêΓûêΓûêΓûÅ     | 1274/3000 [15:31<21:49,  1.32it/s]
 42%|ΓûêΓûêΓûêΓûêΓûÄ     | 1275/3000 [15:32<19:56,  1.44it/s]
 43%|ΓûêΓûêΓûêΓûêΓûÄ     | 1276/3000 [15:32<17:45,  1.62it/s]
 43%|ΓûêΓûêΓûêΓûêΓûÄ     | 1277/3000 [15:32<16:05,  1.78it/s]
 43%|ΓûêΓûêΓûêΓûêΓûÄ     | 1278/3000 [15:33<16:30,  1.74it/s]
 43%|ΓûêΓûêΓûêΓûêΓûÄ     | 1279/3000 [15:34<16:00,  1.79it/s]
 43%|ΓûêΓûêΓûêΓûêΓûÄ     | 1280/3000 [15:34<16:25,  1.74it/s]
 43%|ΓûêΓûêΓûêΓûêΓûÄ     | 1281/3000 [15:35<18:55,  1.51it/s]
 43%|ΓûêΓûêΓûêΓûêΓûÄ     | 1282/3000 [15:36<21:45,  1.32it/s]
 43%|ΓûêΓûêΓûêΓûêΓûÄ     | 1283/3000 [15:36<17:59,  1.59it/s]
 43%|ΓûêΓûêΓûêΓûêΓûÄ     | 1284/3000 [15:37<21:25,  1.33it/s]
 43%|ΓûêΓûêΓûêΓûêΓûÄ     | 1285/3000 [15:38<20:07,  1.42it/s]
 43%|ΓûêΓûêΓûêΓûêΓûÄ     | 1286/3000 [15:38<18:31,  1.54it/s]
 43%|ΓûêΓûêΓûêΓûêΓûÄ     | 1287/3000 [15:39<18:21,  1.55it/s]
 43%|ΓûêΓûêΓûêΓûêΓûÄ     | 1288/3000 [15:40<23:01,  1.24it/s]
 43%|ΓûêΓûêΓûêΓûêΓûÄ     | 1289/3000 [15:41<22:46,  1.25it/s]
 43%|ΓûêΓûêΓûêΓûêΓûÄ     | 1290/3000 [15:42<21:38,  1.32it/s]
 43%|ΓûêΓûêΓûêΓûêΓûÄ     | 1291/3000 [15:42<19:58,  1.43it/s]
 43%|ΓûêΓûêΓûêΓûêΓûÄ     | 1292/3000 [15:44<24:17,  1.17it/s]
 43%|ΓûêΓûêΓûêΓûêΓûÄ     | 1293/3000 [15:44<19:59,  1.42it/s]
 43%|ΓûêΓûêΓûêΓûêΓûÄ     | 1294/3000 [15:47<39:10,  1.38s/it]
 43%|ΓûêΓûêΓûêΓûêΓûÄ     | 1295/3000 [15:47<32:13,  1.13s/it]
 43%|ΓûêΓûêΓûêΓûêΓûÄ     | 1296/3000 [15:48<31:33,  1.11s/it]
 43%|ΓûêΓûêΓûêΓûêΓûÄ     | 1297/3000 [15:49<30:28,  1.07s/it]
 43%|ΓûêΓûêΓûêΓûêΓûÄ     | 1298/3000 [15:50<24:20,  1.17it/s]
 43%|ΓûêΓûêΓûêΓûêΓûÄ     | 1299/3000 [15:50<21:30,  1.32it/s]
 43%|ΓûêΓûêΓûêΓûêΓûÄ     | 1300/3000 [15:51<18:24,  1.54it/s]
 43%|ΓûêΓûêΓûêΓûêΓûÄ     | 1301/3000 [15:51<18:44,  1.51it/s]
 43%|ΓûêΓûêΓûêΓûêΓûÄ     | 1302/3000 [15:52<18:54,  1.50it/s]
 43%|ΓûêΓûêΓûêΓûêΓûÄ     | 1303/3000 [15:52<15:26,  1.83it/s]
 43%|ΓûêΓûêΓûêΓûêΓûÄ     | 1304/3000 [15:53<16:47,  1.68it/s]
 44%|ΓûêΓûêΓûêΓûêΓûÄ     | 1305/3000 [15:54<19:24,  1.46it/s]
 44%|ΓûêΓûêΓûêΓûêΓûÄ     | 1306/3000 [15:55<23:42,  1.19it/s]
 44%|ΓûêΓûêΓûêΓûêΓûÄ     | 1307/3000 [15:56<24:24,  1.16it/s]
 44%|ΓûêΓûêΓûêΓûêΓûÄ     | 1308/3000 [15:59<42:29,  1.51s/it]
 44%|ΓûêΓûêΓûêΓûêΓûÄ     | 1309/3000 [16:00<38:51,  1.38s/it]
 44%|ΓûêΓûêΓûêΓûêΓûÄ     | 1310/3000 [16:01<35:50,  1.27s/it]
 44%|ΓûêΓûêΓûêΓûêΓûÄ     | 1311/3000 [16:02<29:40,  1.05s/it]
 44%|ΓûêΓûêΓûêΓûêΓûÄ     | 1312/3000 [16:02<24:59,  1.13it/s]
 44%|ΓûêΓûêΓûêΓûêΓûì     | 1313/3000 [16:03<20:24,  1.38it/s]
 44%|ΓûêΓûêΓûêΓûêΓûì     | 1314/3000 [16:04<22:52,  1.23it/s]
 44%|ΓûêΓûêΓûêΓûêΓûì     | 1315/3000 [16:04<18:54,  1.49it/s]
 44%|ΓûêΓûêΓûêΓûêΓûì     | 1316/3000 [16:05<19:40,  1.43it/s]
 44%|ΓûêΓûêΓûêΓûêΓûì     | 1317/3000 [16:05<18:17,  1.53it/s]
 44%|ΓûêΓûêΓûêΓûêΓûì     | 1318/3000 [16:06<19:23,  1.45it/s]
 44%|ΓûêΓûêΓûêΓûêΓûì     | 1319/3000 [16:07<19:25,  1.44it/s]
 44%|ΓûêΓûêΓûêΓûêΓûì     | 1320/3000 [16:08<20:23,  1.37it/s]
 44%|ΓûêΓûêΓûêΓûêΓûì     | 1321/3000 [16:08<22:08,  1.26it/s]
 44%|ΓûêΓûêΓûêΓûêΓûì     | 1322/3000 [16:09<19:12,  1.46it/s]
 44%|ΓûêΓûêΓûêΓûêΓûì     | 1323/3000 [16:10<18:57,  1.47it/s]
 44%|ΓûêΓûêΓûêΓûêΓûì     | 1324/3000 [16:10<17:39,  1.58it/s]
 44%|ΓûêΓûêΓûêΓûêΓûì     | 1325/3000 [16:11<16:02,  1.74it/s]
 44%|ΓûêΓûêΓûêΓûêΓûì     | 1326/3000 [16:11<16:13,  1.72it/s]
 44%|ΓûêΓûêΓûêΓûêΓûì     | 1327/3000 [16:13<23:39,  1.18it/s]
 44%|ΓûêΓûêΓûêΓûêΓûì     | 1328/3000 [16:13<22:22,  1.25it/s]
 44%|ΓûêΓûêΓûêΓûêΓûì     | 1329/3000 [16:14<18:58,  1.47it/s]
 44%|ΓûêΓûêΓûêΓûêΓûì     | 1330/3000 [16:14<18:50,  1.48it/s]
 44%|ΓûêΓûêΓûêΓûêΓûì     | 1331/3000 [16:15<17:33,  1.58it/s]
 44%|ΓûêΓûêΓûêΓûêΓûì     | 1332/3000 [16:16<18:43,  1.48it/s]
 44%|ΓûêΓûêΓûêΓûêΓûì     | 1333/3000 [16:16<17:32,  1.58it/s]
 44%|ΓûêΓûêΓûêΓûêΓûì     | 1334/3000 [16:17<18:58,  1.46it/s]
 44%|ΓûêΓûêΓûêΓûêΓûì     | 1335/3000 [16:18<18:25,  1.51it/s]
 45%|ΓûêΓûêΓûêΓûêΓûì     | 1336/3000 [16:18<16:41,  1.66it/s]
 45%|ΓûêΓûêΓûêΓûêΓûì     | 1337/3000 [16:18<15:15,  1.82it/s]
 45%|ΓûêΓûêΓûêΓûêΓûì     | 1338/3000 [16:19<18:40,  1.48it/s]
 45%|ΓûêΓûêΓûêΓûêΓûì     | 1339/3000 [16:21<23:57,  1.16it/s]
 45%|ΓûêΓûêΓûêΓûêΓûì     | 1340/3000 [16:21<20:23,  1.36it/s]
 45%|ΓûêΓûêΓûêΓûêΓûì     | 1341/3000 [16:23<26:58,  1.03it/s]
 45%|ΓûêΓûêΓûêΓûêΓûì     | 1342/3000 [16:23<21:37,  1.28it/s]
 45%|ΓûêΓûêΓûêΓûêΓûì     | 1343/3000 [16:24<22:44,  1.21it/s]
 45%|ΓûêΓûêΓûêΓûêΓûì     | 1344/3000 [16:25<20:58,  1.32it/s]
 45%|ΓûêΓûêΓûêΓûêΓûì     | 1345/3000 [16:25<18:12,  1.52it/s]
 45%|ΓûêΓûêΓûêΓûêΓûì     | 1346/3000 [16:26<17:44,  1.55it/s]
 45%|ΓûêΓûêΓûêΓûêΓûì     | 1347/3000 [16:26<18:35,  1.48it/s]
 45%|ΓûêΓûêΓûêΓûêΓûì     | 1348/3000 [16:27<16:30,  1.67it/s]
 45%|ΓûêΓûêΓûêΓûêΓûì     | 1349/3000 [16:27<15:48,  1.74it/s]
 45%|ΓûêΓûêΓûêΓûêΓûî     | 1350/3000 [16:28<17:03,  1.61it/s]
 45%|ΓûêΓûêΓûêΓûêΓûî     | 1351/3000 [16:29<15:48,  1.74it/s]
 45%|ΓûêΓûêΓûêΓûêΓûî     | 1352/3000 [16:29<16:11,  1.70it/s]
 45%|ΓûêΓûêΓûêΓûêΓûî     | 1353/3000 [16:30<18:31,  1.48it/s]
 45%|ΓûêΓûêΓûêΓûêΓûî     | 1354/3000 [16:31<17:25,  1.57it/s]
 45%|ΓûêΓûêΓûêΓûêΓûî     | 1355/3000 [16:32<22:31,  1.22it/s]
 45%|ΓûêΓûêΓûêΓûêΓûî     | 1356/3000 [16:32<18:46,  1.46it/s]
 45%|ΓûêΓûêΓûêΓûêΓûî     | 1357/3000 [16:33<18:53,  1.45it/s]
 45%|ΓûêΓûêΓûêΓûêΓûî     | 1358/3000 [16:34<18:53,  1.45it/s]
 45%|ΓûêΓûêΓûêΓûêΓûî     | 1359/3000 [16:34<18:58,  1.44it/s]
 45%|ΓûêΓûêΓûêΓûêΓûî     | 1360/3000 [16:35<17:53,  1.53it/s]
 45%|ΓûêΓûêΓûêΓûêΓûî     | 1361/3000 [16:36<24:27,  1.12it/s]
 45%|ΓûêΓûêΓûêΓûêΓûî     | 1362/3000 [16:37<19:11,  1.42it/s]
 45%|ΓûêΓûêΓûêΓûêΓûî     | 1363/3000 [16:37<16:12,  1.68it/s]
 45%|ΓûêΓûêΓûêΓûêΓûî     | 1364/3000 [16:38<16:37,  1.64it/s]
 46%|ΓûêΓûêΓûêΓûêΓûî     | 1365/3000 [16:39<20:20,  1.34it/s]
 46%|ΓûêΓûêΓûêΓûêΓûî     | 1366/3000 [16:40<22:22,  1.22it/s]
 46%|ΓûêΓûêΓûêΓûêΓûî     | 1367/3000 [16:40<19:25,  1.40it/s]
 46%|ΓûêΓûêΓûêΓûêΓûî     | 1368/3000 [16:41<17:20,  1.57it/s]
 46%|ΓûêΓûêΓûêΓûêΓûî     | 1369/3000 [16:42<20:07,  1.35it/s]
 46%|ΓûêΓûêΓûêΓûêΓûî     | 1370/3000 [16:42<20:28,  1.33it/s]
 46%|ΓûêΓûêΓûêΓûêΓûî     | 1371/3000 [16:43<23:19,  1.16it/s]
 46%|ΓûêΓûêΓûêΓûêΓûî     | 1372/3000 [16:44<20:35,  1.32it/s]
 46%|ΓûêΓûêΓûêΓûêΓûî     | 1373/3000 [16:45<19:33,  1.39it/s]
 46%|ΓûêΓûêΓûêΓûêΓûî     | 1374/3000 [16:45<21:21,  1.27it/s]
 46%|ΓûêΓûêΓûêΓûêΓûî     | 1375/3000 [16:46<20:03,  1.35it/s]
 46%|ΓûêΓûêΓûêΓûêΓûî     | 1376/3000 [16:47<19:13,  1.41it/s]
 46%|ΓûêΓûêΓûêΓûêΓûî     | 1377/3000 [16:47<16:13,  1.67it/s]
 46%|ΓûêΓûêΓûêΓûêΓûî     | 1378/3000 [16:48<15:45,  1.72it/s]
 46%|ΓûêΓûêΓûêΓûêΓûî     | 1379/3000 [16:49<22:24,  1.21it/s]
 46%|ΓûêΓûêΓûêΓûêΓûî     | 1380/3000 [16:50<19:34,  1.38it/s]
 46%|ΓûêΓûêΓûêΓûêΓûî     | 1381/3000 [16:50<17:24,  1.55it/s]
 46%|ΓûêΓûêΓûêΓûêΓûî     | 1382/3000 [16:51<16:28,  1.64it/s]
 46%|ΓûêΓûêΓûêΓûêΓûî     | 1383/3000 [16:51<16:21,  1.65it/s]
 46%|ΓûêΓûêΓûêΓûêΓûî     | 1384/3000 [16:52<15:07,  1.78it/s]
 46%|ΓûêΓûêΓûêΓûêΓûî     | 1385/3000 [16:53<18:40,  1.44it/s]
 46%|ΓûêΓûêΓûêΓûêΓûî     | 1386/3000 [16:53<15:02,  1.79it/s]
 46%|ΓûêΓûêΓûêΓûêΓûî     | 1387/3000 [16:54<16:25,  1.64it/s]
 46%|ΓûêΓûêΓûêΓûêΓûï     | 1388/3000 [16:55<19:55,  1.35it/s]
 46%|ΓûêΓûêΓûêΓûêΓûï     | 1389/3000 [16:55<18:04,  1.49it/s]
 46%|ΓûêΓûêΓûêΓûêΓûï     | 1390/3000 [16:56<16:10,  1.66it/s]
 46%|ΓûêΓûêΓûêΓûêΓûï     | 1391/3000 [16:56<16:26,  1.63it/s]
 46%|ΓûêΓûêΓûêΓûêΓûï     | 1392/3000 [16:57<16:06,  1.66it/s]
 46%|ΓûêΓûêΓûêΓûêΓûï     | 1393/3000 [17:00<33:59,  1.27s/it]
 46%|ΓûêΓûêΓûêΓûêΓûï     | 1394/3000 [17:01<32:08,  1.20s/it]
 46%|ΓûêΓûêΓûêΓûêΓûï     | 1395/3000 [17:01<27:19,  1.02s/it]
 47%|ΓûêΓûêΓûêΓûêΓûï     | 1396/3000 [17:02<23:25,  1.14it/s]
 47%|ΓûêΓûêΓûêΓûêΓûï     | 1397/3000 [17:03<25:00,  1.07it/s]
 47%|ΓûêΓûêΓûêΓûêΓûï     | 1398/3000 [17:04<27:02,  1.01s/it]
 47%|ΓûêΓûêΓûêΓûêΓûï     | 1399/3000 [17:05<26:16,  1.02it/s]
 47%|ΓûêΓûêΓûêΓûêΓûï     | 1400/3000 [17:06<25:34,  1.04it/s]
 47%|ΓûêΓûêΓûêΓûêΓûï     | 1401/3000 [17:07<27:47,  1.04s/it]
 47%|ΓûêΓûêΓûêΓûêΓûï     | 1402/3000 [17:08<25:14,  1.06it/s]
 47%|ΓûêΓûêΓûêΓûêΓûï     | 1403/3000 [17:08<21:46,  1.22it/s]
 47%|ΓûêΓûêΓûêΓûêΓûï     | 1404/3000 [17:10<29:25,  1.11s/it]
 47%|ΓûêΓûêΓûêΓûêΓûï     | 1405/3000 [17:13<44:37,  1.68s/it]
 47%|ΓûêΓûêΓûêΓûêΓûï     | 1406/3000 [17:14<34:35,  1.30s/it]
 47%|ΓûêΓûêΓûêΓûêΓûï     | 1407/3000 [17:14<29:23,  1.11s/it]
 47%|ΓûêΓûêΓûêΓûêΓûï     | 1408/3000 [17:15<24:39,  1.08it/s]
 47%|ΓûêΓûêΓûêΓûêΓûï     | 1409/3000 [17:15<22:04,  1.20it/s]
 47%|ΓûêΓûêΓûêΓûêΓûï     | 1410/3000 [17:16<21:18,  1.24it/s]
 47%|ΓûêΓûêΓûêΓûêΓûï     | 1411/3000 [17:17<19:36,  1.35it/s]
 47%|ΓûêΓûêΓûêΓûêΓûï     | 1412/3000 [17:17<17:04,  1.55it/s]
 47%|ΓûêΓûêΓûêΓûêΓûï     | 1413/3000 [17:18<17:25,  1.52it/s]
 47%|ΓûêΓûêΓûêΓûêΓûï     | 1414/3000 [17:18<14:54,  1.77it/s]
 47%|ΓûêΓûêΓûêΓûêΓûï     | 1415/3000 [17:19<16:24,  1.61it/s]
 47%|ΓûêΓûêΓûêΓûêΓûï     | 1416/3000 [17:19<16:04,  1.64it/s]
 47%|ΓûêΓûêΓûêΓûêΓûï     | 1417/3000 [17:20<19:31,  1.35it/s]
 47%|ΓûêΓûêΓûêΓûêΓûï     | 1418/3000 [17:21<20:09,  1.31it/s]
 47%|ΓûêΓûêΓûêΓûêΓûï     | 1419/3000 [17:22<19:07,  1.38it/s]
 47%|ΓûêΓûêΓûêΓûêΓûï     | 1420/3000 [17:23<19:06,  1.38it/s]
 47%|ΓûêΓûêΓûêΓûêΓûï     | 1421/3000 [17:23<16:54,  1.56it/s]
 47%|ΓûêΓûêΓûêΓûêΓûï     | 1422/3000 [17:24<18:53,  1.39it/s]
 47%|ΓûêΓûêΓûêΓûêΓûï     | 1423/3000 [17:25<20:28,  1.28it/s]
 47%|ΓûêΓûêΓûêΓûêΓûï     | 1424/3000 [17:26<23:15,  1.13it/s]
 48%|ΓûêΓûêΓûêΓûêΓûè     | 1425/3000 [17:27<23:49,  1.10it/s]
 48%|ΓûêΓûêΓûêΓûêΓûè     | 1426/3000 [17:28<21:14,  1.24it/s]
 48%|ΓûêΓûêΓûêΓûêΓûè     | 1427/3000 [17:28<18:51,  1.39it/s]
 48%|ΓûêΓûêΓûêΓûêΓûè     | 1428/3000 [17:29<20:35,  1.27it/s]
 48%|ΓûêΓûêΓûêΓûêΓûè     | 1429/3000 [17:30<19:19,  1.35it/s]
 48%|ΓûêΓûêΓûêΓûêΓûè     | 1430/3000 [17:31<20:45,  1.26it/s]
 48%|ΓûêΓûêΓûêΓûêΓûè     | 1431/3000 [17:31<20:00,  1.31it/s]
 48%|ΓûêΓûêΓûêΓûêΓûè     | 1432/3000 [17:32<17:17,  1.51it/s]
 48%|ΓûêΓûêΓûêΓûêΓûè     | 1433/3000 [17:33<19:24,  1.35it/s]
 48%|ΓûêΓûêΓûêΓûêΓûè     | 1434/3000 [17:33<17:33,  1.49it/s]
 48%|ΓûêΓûêΓûêΓûêΓûè     | 1435/3000 [17:34<20:05,  1.30it/s]
 48%|ΓûêΓûêΓûêΓûêΓûè     | 1436/3000 [17:35<20:07,  1.30it/s]
 48%|ΓûêΓûêΓûêΓûêΓûè     | 1437/3000 [17:36<20:57,  1.24it/s]
 48%|ΓûêΓûêΓûêΓûêΓûè     | 1438/3000 [17:36<18:35,  1.40it/s]
 48%|ΓûêΓûêΓûêΓûêΓûè     | 1439/3000 [17:37<18:53,  1.38it/s]
 48%|ΓûêΓûêΓûêΓûêΓûè     | 1440/3000 [17:38<16:30,  1.58it/s]
 48%|ΓûêΓûêΓûêΓûêΓûè     | 1441/3000 [17:39<20:42,  1.25it/s]
 48%|ΓûêΓûêΓûêΓûêΓûè     | 1442/3000 [17:39<20:44,  1.25it/s]
 48%|ΓûêΓûêΓûêΓûêΓûè     | 1443/3000 [17:40<20:54,  1.24it/s]
 48%|ΓûêΓûêΓûêΓûêΓûè     | 1444/3000 [17:41<18:02,  1.44it/s]
 48%|ΓûêΓûêΓûêΓûêΓûè     | 1445/3000 [17:41<15:55,  1.63it/s]
 48%|ΓûêΓûêΓûêΓûêΓûè     | 1446/3000 [17:42<14:25,  1.80it/s]
 48%|ΓûêΓûêΓûêΓûêΓûè     | 1447/3000 [17:42<12:39,  2.04it/s]
 48%|ΓûêΓûêΓûêΓûêΓûè     | 1448/3000 [17:43<14:54,  1.74it/s]
 48%|ΓûêΓûêΓûêΓûêΓûè     | 1449/3000 [17:43<13:43,  1.88it/s]
 48%|ΓûêΓûêΓûêΓûêΓûè     | 1450/3000 [17:45<26:58,  1.04s/it]
 48%|ΓûêΓûêΓûêΓûêΓûè     | 1451/3000 [17:46<23:34,  1.10it/s]
 48%|ΓûêΓûêΓûêΓûêΓûè     | 1452/3000 [17:47<21:49,  1.18it/s]
 48%|ΓûêΓûêΓûêΓûêΓûè     | 1453/3000 [17:47<17:42,  1.46it/s]
 48%|ΓûêΓûêΓûêΓûêΓûè     | 1454/3000 [17:48<22:53,  1.13it/s]
 48%|ΓûêΓûêΓûêΓûêΓûè     | 1455/3000 [17:49<22:03,  1.17it/s]
 49%|ΓûêΓûêΓûêΓûêΓûè     | 1456/3000 [17:50<21:57,  1.17it/s]
 49%|ΓûêΓûêΓûêΓûêΓûè     | 1457/3000 [17:50<18:44,  1.37it/s]
 49%|ΓûêΓûêΓûêΓûêΓûè     | 1458/3000 [17:51<17:40,  1.45it/s]
 49%|ΓûêΓûêΓûêΓûêΓûè     | 1459/3000 [17:51<14:57,  1.72it/s]
 49%|ΓûêΓûêΓûêΓûêΓûè     | 1460/3000 [17:52<15:12,  1.69it/s]
 49%|ΓûêΓûêΓûêΓûêΓûè     | 1461/3000 [17:55<33:32,  1.31s/it]
 49%|ΓûêΓûêΓûêΓûêΓûè     | 1462/3000 [17:55<26:56,  1.05s/it]
 49%|ΓûêΓûêΓûêΓûêΓûë     | 1463/3000 [17:56<23:32,  1.09it/s]
 49%|ΓûêΓûêΓûêΓûêΓûë     | 1464/3000 [17:57<20:27,  1.25it/s]
 49%|ΓûêΓûêΓûêΓûêΓûë     | 1465/3000 [17:57<21:29,  1.19it/s]
 49%|ΓûêΓûêΓûêΓûêΓûë     | 1466/3000 [17:58<22:04,  1.16it/s]
 49%|ΓûêΓûêΓûêΓûêΓûë     | 1467/3000 [17:59<18:33,  1.38it/s]
 49%|ΓûêΓûêΓûêΓûêΓûë     | 1468/3000 [17:59<15:33,  1.64it/s]
 49%|ΓûêΓûêΓûêΓûêΓûë     | 1469/3000 [18:00<18:28,  1.38it/s]
 49%|ΓûêΓûêΓûêΓûêΓûë     | 1470/3000 [18:01<17:24,  1.47it/s]
 49%|ΓûêΓûêΓûêΓûêΓûë     | 1471/3000 [18:03<32:20,  1.27s/it]
 49%|ΓûêΓûêΓûêΓûêΓûë     | 1472/3000 [18:04<25:50,  1.01s/it]
 49%|ΓûêΓûêΓûêΓûêΓûë     | 1473/3000 [18:04<22:11,  1.15it/s]
 49%|ΓûêΓûêΓûêΓûêΓûë     | 1474/3000 [18:05<17:26,  1.46it/s]
 49%|ΓûêΓûêΓûêΓûêΓûë     | 1475/3000 [18:06<20:33,  1.24it/s]
 49%|ΓûêΓûêΓûêΓûêΓûë     | 1476/3000 [18:07<21:01,  1.21it/s]
 49%|ΓûêΓûêΓûêΓûêΓûë     | 1477/3000 [18:07<20:23,  1.24it/s]
 49%|ΓûêΓûêΓûêΓûêΓûë     | 1478/3000 [18:08<19:36,  1.29it/s]
 49%|ΓûêΓûêΓûêΓûêΓûë     | 1479/3000 [18:09<20:59,  1.21it/s]
 49%|ΓûêΓûêΓûêΓûêΓûë     | 1480/3000 [18:09<17:53,  1.42it/s]
 49%|ΓûêΓûêΓûêΓûêΓûë     | 1481/3000 [18:10<17:00,  1.49it/s]
 49%|ΓûêΓûêΓûêΓûêΓûë     | 1482/3000 [18:10<15:55,  1.59it/s]
 49%|ΓûêΓûêΓûêΓûêΓûë     | 1483/3000 [18:11<16:38,  1.52it/s]
 49%|ΓûêΓûêΓûêΓûêΓûë     | 1484/3000 [18:12<15:28,  1.63it/s]
 50%|ΓûêΓûêΓûêΓûêΓûë     | 1485/3000 [18:12<14:54,  1.69it/s]
 50%|ΓûêΓûêΓûêΓûêΓûë     | 1486/3000 [18:13<15:09,  1.66it/s]
 50%|ΓûêΓûêΓûêΓûêΓûë     | 1487/3000 [18:14<17:55,  1.41it/s]
 50%|ΓûêΓûêΓûêΓûêΓûë     | 1488/3000 [18:15<18:15,  1.38it/s]
 50%|ΓûêΓûêΓûêΓûêΓûë     | 1489/3000 [18:16<20:40,  1.22it/s]
 50%|ΓûêΓûêΓûêΓûêΓûë     | 1490/3000 [18:16<20:19,  1.24it/s]
 50%|ΓûêΓûêΓûêΓûêΓûë     | 1491/3000 [18:17<19:15,  1.31it/s]
 50%|ΓûêΓûêΓûêΓûêΓûë     | 1492/3000 [18:18<20:05,  1.25it/s]
 50%|ΓûêΓûêΓûêΓûêΓûë     | 1493/3000 [18:18<17:20,  1.45it/s]
 50%|ΓûêΓûêΓûêΓûêΓûë     | 1494/3000 [18:19<17:48,  1.41it/s]
 50%|ΓûêΓûêΓûêΓûêΓûë     | 1495/3000 [18:20<16:39,  1.51it/s]
 50%|ΓûêΓûêΓûêΓûêΓûë     | 1496/3000 [18:20<16:35,  1.51it/s]
 50%|ΓûêΓûêΓûêΓûêΓûë     | 1497/3000 [18:21<17:08,  1.46it/s]
 50%|ΓûêΓûêΓûêΓûêΓûë     | 1498/3000 [18:22<17:44,  1.41it/s]
 50%|ΓûêΓûêΓûêΓûêΓûë     | 1499/3000 [18:22<15:18,  1.63it/s]
 50%|ΓûêΓûêΓûêΓûêΓûê     | 1500/3000 [18:23<16:48,  1.49it/s]
 50%|ΓûêΓûêΓûêΓûêΓûê     | 1501/3000 [18:26<33:49,  1.35s/it]
 50%|ΓûêΓûêΓûêΓûêΓûê     | 1502/3000 [18:27<28:04,  1.12s/it]
 50%|ΓûêΓûêΓûêΓûêΓûê     | 1503/3000 [18:28<26:56,  1.08s/it]
 50%|ΓûêΓûêΓûêΓûêΓûê     | 1504/3000 [18:28<25:50,  1.04s/it]
 50%|ΓûêΓûêΓûêΓûêΓûê     | 1505/3000 [18:29<22:22,  1.11it/s]
 50%|ΓûêΓûêΓûêΓûêΓûê     | 1506/3000 [18:30<23:20,  1.07it/s]
 50%|ΓûêΓûêΓûêΓûêΓûê     | 1507/3000 [18:31<20:55,  1.19it/s]
 50%|ΓûêΓûêΓûêΓûêΓûê     | 1508/3000 [18:32<26:13,  1.05s/it]
 50%|ΓûêΓûêΓûêΓûêΓûê     | 1509/3000 [18:34<28:46,  1.16s/it]
 50%|ΓûêΓûêΓûêΓûêΓûê     | 1510/3000 [18:35<27:29,  1.11s/it]
 50%|ΓûêΓûêΓûêΓûêΓûê     | 1511/3000 [18:36<26:09,  1.05s/it]
 50%|ΓûêΓûêΓûêΓûêΓûê     | 1512/3000 [18:37<25:17,  1.02s/it]
 50%|ΓûêΓûêΓûêΓûêΓûê     | 1513/3000 [18:37<19:35,  1.27it/s]
 50%|ΓûêΓûêΓûêΓûêΓûê     | 1514/3000 [18:37<18:48,  1.32it/s]
 50%|ΓûêΓûêΓûêΓûêΓûê     | 1515/3000 [18:38<17:26,  1.42it/s]
 51%|ΓûêΓûêΓûêΓûêΓûê     | 1516/3000 [18:38<15:07,  1.64it/s]
 51%|ΓûêΓûêΓûêΓûêΓûê     | 1517/3000 [18:39<16:35,  1.49it/s]
 51%|ΓûêΓûêΓûêΓûêΓûê     | 1518/3000 [18:40<14:55,  1.65it/s]
 51%|ΓûêΓûêΓûêΓûêΓûê     | 1519/3000 [18:40<15:28,  1.60it/s]
 51%|ΓûêΓûêΓûêΓûêΓûê     | 1520/3000 [18:41<15:27,  1.60it/s]
 51%|ΓûêΓûêΓûêΓûêΓûê     | 1521/3000 [18:42<14:51,  1.66it/s]
 51%|ΓûêΓûêΓûêΓûêΓûê     | 1522/3000 [18:42<15:30,  1.59it/s]
 51%|ΓûêΓûêΓûêΓûêΓûê     | 1523/3000 [18:43<15:38,  1.57it/s]
 51%|ΓûêΓûêΓûêΓûêΓûê     | 1524/3000 [18:44<17:47,  1.38it/s]
 51%|ΓûêΓûêΓûêΓûêΓûê     | 1525/3000 [18:44<15:24,  1.60it/s]
 51%|ΓûêΓûêΓûêΓûêΓûê     | 1526/3000 [18:45<17:42,  1.39it/s]
 51%|ΓûêΓûêΓûêΓûêΓûê     | 1527/3000 [18:46<16:55,  1.45it/s]
 51%|ΓûêΓûêΓûêΓûêΓûê     | 1528/3000 [18:46<17:07,  1.43it/s]
 51%|ΓûêΓûêΓûêΓûêΓûê     | 1529/3000 [18:47<18:43,  1.31it/s]
 51%|ΓûêΓûêΓûêΓûêΓûê     | 1530/3000 [18:48<16:53,  1.45it/s]
 51%|ΓûêΓûêΓûêΓûêΓûê     | 1531/3000 [18:51<34:18,  1.40s/it]
 51%|ΓûêΓûêΓûêΓûêΓûê     | 1532/3000 [18:52<31:37,  1.29s/it]
 51%|ΓûêΓûêΓûêΓûêΓûê     | 1533/3000 [18:53<26:21,  1.08s/it]
 51%|ΓûêΓûêΓûêΓûêΓûê     | 1534/3000 [18:53<23:09,  1.06it/s]
 51%|ΓûêΓûêΓûêΓûêΓûê     | 1535/3000 [18:54<19:58,  1.22it/s]
 51%|ΓûêΓûêΓûêΓûêΓûê     | 1536/3000 [18:54<18:41,  1.31it/s]
 51%|ΓûêΓûêΓûêΓûêΓûê     | 1537/3000 [18:55<15:33,  1.57it/s]
 51%|ΓûêΓûêΓûêΓûêΓûêΓûÅ    | 1538/3000 [18:55<15:01,  1.62it/s]
 51%|ΓûêΓûêΓûêΓûêΓûêΓûÅ    | 1539/3000 [18:56<18:29,  1.32it/s]
 51%|ΓûêΓûêΓûêΓûêΓûêΓûÅ    | 1540/3000 [18:57<15:59,  1.52it/s]
 51%|ΓûêΓûêΓûêΓûêΓûêΓûÅ    | 1541/3000 [18:57<13:12,  1.84it/s]
 51%|ΓûêΓûêΓûêΓûêΓûêΓûÅ    | 1542/3000 [18:58<15:27,  1.57it/s]
 51%|ΓûêΓûêΓûêΓûêΓûêΓûÅ    | 1543/3000 [18:58<14:39,  1.66it/s]
 51%|ΓûêΓûêΓûêΓûêΓûêΓûÅ    | 1544/3000 [18:59<15:17,  1.59it/s]
 52%|ΓûêΓûêΓûêΓûêΓûêΓûÅ    | 1545/3000 [19:00<13:02,  1.86it/s]
 52%|ΓûêΓûêΓûêΓûêΓûêΓûÅ    | 1546/3000 [19:00<12:07,  2.00it/s]
 52%|ΓûêΓûêΓûêΓûêΓûêΓûÅ    | 1547/3000 [19:02<23:26,  1.03it/s]
 52%|ΓûêΓûêΓûêΓûêΓûêΓûÅ    | 1548/3000 [19:03<21:30,  1.13it/s]
 52%|ΓûêΓûêΓûêΓûêΓûêΓûÅ    | 1549/3000 [19:03<19:48,  1.22it/s]
 52%|ΓûêΓûêΓûêΓûêΓûêΓûÅ    | 1550/3000 [19:04<20:44,  1.17it/s]
 52%|ΓûêΓûêΓûêΓûêΓûêΓûÅ    | 1551/3000 [19:05<18:47,  1.28it/s]
 52%|ΓûêΓûêΓûêΓûêΓûêΓûÅ    | 1552/3000 [19:05<16:55,  1.43it/s]
 52%|ΓûêΓûêΓûêΓûêΓûêΓûÅ    | 1553/3000 [19:06<14:17,  1.69it/s]
 52%|ΓûêΓûêΓûêΓûêΓûêΓûÅ    | 1554/3000 [19:07<17:27,  1.38it/s]
 52%|ΓûêΓûêΓûêΓûêΓûêΓûÅ    | 1555/3000 [19:08<20:52,  1.15it/s]
 52%|ΓûêΓûêΓûêΓûêΓûêΓûÅ    | 1556/3000 [19:09<18:46,  1.28it/s]
 52%|ΓûêΓûêΓûêΓûêΓûêΓûÅ    | 1557/3000 [19:09<15:39,  1.54it/s]
 52%|ΓûêΓûêΓûêΓûêΓûêΓûÅ    | 1558/3000 [19:10<15:38,  1.54it/s]
 52%|ΓûêΓûêΓûêΓûêΓûêΓûÅ    | 1559/3000 [19:10<14:04,  1.71it/s]
 52%|ΓûêΓûêΓûêΓûêΓûêΓûÅ    | 1560/3000 [19:10<12:21,  1.94it/s]
 52%|ΓûêΓûêΓûêΓûêΓûêΓûÅ    | 1561/3000 [19:11<13:33,  1.77it/s]
 52%|ΓûêΓûêΓûêΓûêΓûêΓûÅ    | 1562/3000 [19:11<12:49,  1.87it/s]
 52%|ΓûêΓûêΓûêΓûêΓûêΓûÅ    | 1563/3000 [19:12<15:12,  1.58it/s]
 52%|ΓûêΓûêΓûêΓûêΓûêΓûÅ    | 1564/3000 [19:13<14:31,  1.65it/s]
 52%|ΓûêΓûêΓûêΓûêΓûêΓûÅ    | 1565/3000 [19:13<14:08,  1.69it/s]
 52%|ΓûêΓûêΓûêΓûêΓûêΓûÅ    | 1566/3000 [19:14<15:01,  1.59it/s]
 52%|ΓûêΓûêΓûêΓûêΓûêΓûÅ    | 1567/3000 [19:15<14:44,  1.62it/s]
 52%|ΓûêΓûêΓûêΓûêΓûêΓûÅ    | 1568/3000 [19:16<18:07,  1.32it/s]
 52%|ΓûêΓûêΓûêΓûêΓûêΓûÅ    | 1569/3000 [19:17<23:02,  1.03it/s]
 52%|ΓûêΓûêΓûêΓûêΓûêΓûÅ    | 1570/3000 [19:18<19:44,  1.21it/s]
 52%|ΓûêΓûêΓûêΓûêΓûêΓûÅ    | 1571/3000 [19:19<21:57,  1.08it/s]
 52%|ΓûêΓûêΓûêΓûêΓûêΓûÅ    | 1572/3000 [19:20<20:15,  1.17it/s]
 52%|ΓûêΓûêΓûêΓûêΓûêΓûÅ    | 1573/3000 [19:20<19:11,  1.24it/s]
 52%|ΓûêΓûêΓûêΓûêΓûêΓûÅ    | 1574/3000 [19:21<17:25,  1.36it/s]
 52%|ΓûêΓûêΓûêΓûêΓûêΓûÄ    | 1575/3000 [19:21<15:58,  1.49it/s]
 53%|ΓûêΓûêΓûêΓûêΓûêΓûÄ    | 1576/3000 [19:22<16:54,  1.40it/s]
 53%|ΓûêΓûêΓûêΓûêΓûêΓûÄ    | 1577/3000 [19:23<17:28,  1.36it/s]
 53%|ΓûêΓûêΓûêΓûêΓûêΓûÄ    | 1578/3000 [19:23<15:21,  1.54it/s]
 53%|ΓûêΓûêΓûêΓûêΓûêΓûÄ    | 1579/3000 [19:24<16:45,  1.41it/s]
 53%|ΓûêΓûêΓûêΓûêΓûêΓûÄ    | 1580/3000 [19:25<16:43,  1.41it/s]
 53%|ΓûêΓûêΓûêΓûêΓûêΓûÄ    | 1581/3000 [19:25<14:09,  1.67it/s]
 53%|ΓûêΓûêΓûêΓûêΓûêΓûÄ    | 1582/3000 [19:26<13:39,  1.73it/s]
 53%|ΓûêΓûêΓûêΓûêΓûêΓûÄ    | 1583/3000 [19:27<16:02,  1.47it/s]
 53%|ΓûêΓûêΓûêΓûêΓûêΓûÄ    | 1584/3000 [19:28<18:08,  1.30it/s]
 53%|ΓûêΓûêΓûêΓûêΓûêΓûÄ    | 1585/3000 [19:28<17:08,  1.38it/s]
 53%|ΓûêΓûêΓûêΓûêΓûêΓûÄ    | 1586/3000 [19:29<17:06,  1.38it/s]
 53%|ΓûêΓûêΓûêΓûêΓûêΓûÄ    | 1587/3000 [19:30<19:13,  1.23it/s]
 53%|ΓûêΓûêΓûêΓûêΓûêΓûÄ    | 1588/3000 [19:31<19:29,  1.21it/s]
 53%|ΓûêΓûêΓûêΓûêΓûêΓûÄ    | 1589/3000 [19:32<17:56,  1.31it/s]
 53%|ΓûêΓûêΓûêΓûêΓûêΓûÄ    | 1590/3000 [19:32<16:16,  1.44it/s]
 53%|ΓûêΓûêΓûêΓûêΓûêΓûÄ    | 1591/3000 [19:32<13:36,  1.73it/s]
 53%|ΓûêΓûêΓûêΓûêΓûêΓûÄ    | 1592/3000 [19:33<13:08,  1.79it/s]
 53%|ΓûêΓûêΓûêΓûêΓûêΓûÄ    | 1593/3000 [19:34<14:52,  1.58it/s]
 53%|ΓûêΓûêΓûêΓûêΓûêΓûÄ    | 1594/3000 [19:35<17:51,  1.31it/s]
 53%|ΓûêΓûêΓûêΓûêΓûêΓûÄ    | 1595/3000 [19:35<16:57,  1.38it/s]
 53%|ΓûêΓûêΓûêΓûêΓûêΓûÄ    | 1596/3000 [19:36<14:15,  1.64it/s]
 53%|ΓûêΓûêΓûêΓûêΓûêΓûÄ    | 1597/3000 [19:36<12:23,  1.89it/s]
 53%|ΓûêΓûêΓûêΓûêΓûêΓûÄ    | 1598/3000 [19:37<12:19,  1.90it/s]
 53%|ΓûêΓûêΓûêΓûêΓûêΓûÄ    | 1599/3000 [19:37<12:45,  1.83it/s]
 53%|ΓûêΓûêΓûêΓûêΓûêΓûÄ    | 1600/3000 [19:38<12:01,  1.94it/s]
 53%|ΓûêΓûêΓûêΓûêΓûêΓûÄ    | 1601/3000 [19:39<15:34,  1.50it/s]
 53%|ΓûêΓûêΓûêΓûêΓûêΓûÄ    | 1602/3000 [19:39<14:56,  1.56it/s]
 53%|ΓûêΓûêΓûêΓûêΓûêΓûÄ    | 1603/3000 [19:40<16:37,  1.40it/s]
 53%|ΓûêΓûêΓûêΓûêΓûêΓûÄ    | 1604/3000 [19:41<15:10,  1.53it/s]
 54%|ΓûêΓûêΓûêΓûêΓûêΓûÄ    | 1605/3000 [19:41<15:39,  1.49it/s]
 54%|ΓûêΓûêΓûêΓûêΓûêΓûÄ    | 1606/3000 [19:42<15:19,  1.52it/s]
 54%|ΓûêΓûêΓûêΓûêΓûêΓûÄ    | 1607/3000 [19:42<13:04,  1.78it/s]
 54%|ΓûêΓûêΓûêΓûêΓûêΓûÄ    | 1608/3000 [19:43<12:06,  1.92it/s]
 54%|ΓûêΓûêΓûêΓûêΓûêΓûÄ    | 1609/3000 [19:43<10:49,  2.14it/s]
 54%|ΓûêΓûêΓûêΓûêΓûêΓûÄ    | 1610/3000 [19:44<11:08,  2.08it/s]
 54%|ΓûêΓûêΓûêΓûêΓûêΓûÄ    | 1611/3000 [19:44<12:45,  1.82it/s]
 54%|ΓûêΓûêΓûêΓûêΓûêΓûÄ    | 1612/3000 [19:45<14:10,  1.63it/s]
 54%|ΓûêΓûêΓûêΓûêΓûêΓûì    | 1613/3000 [19:46<17:11,  1.34it/s]
 54%|ΓûêΓûêΓûêΓûêΓûêΓûì    | 1614/3000 [19:47<18:25,  1.25it/s]
 54%|ΓûêΓûêΓûêΓûêΓûêΓûì    | 1615/3000 [19:48<15:53,  1.45it/s]
 54%|ΓûêΓûêΓûêΓûêΓûêΓûì    | 1616/3000 [19:48<14:38,  1.58it/s]
 54%|ΓûêΓûêΓûêΓûêΓûêΓûì    | 1617/3000 [19:49<15:48,  1.46it/s]
 54%|ΓûêΓûêΓûêΓûêΓûêΓûì    | 1618/3000 [19:50<16:04,  1.43it/s]
 54%|ΓûêΓûêΓûêΓûêΓûêΓûì    | 1619/3000 [19:50<15:19,  1.50it/s]
 54%|ΓûêΓûêΓûêΓûêΓûêΓûì    | 1620/3000 [19:51<15:06,  1.52it/s]
 54%|ΓûêΓûêΓûêΓûêΓûêΓûì    | 1621/3000 [19:52<18:07,  1.27it/s]
 54%|ΓûêΓûêΓûêΓûêΓûêΓûì    | 1622/3000 [19:52<15:42,  1.46it/s]
 54%|ΓûêΓûêΓûêΓûêΓûêΓûì    | 1623/3000 [19:53<13:59,  1.64it/s]
 54%|ΓûêΓûêΓûêΓûêΓûêΓûì    | 1624/3000 [19:54<15:41,  1.46it/s]
 54%|ΓûêΓûêΓûêΓûêΓûêΓûì    | 1625/3000 [19:55<21:20,  1.07it/s]
 54%|ΓûêΓûêΓûêΓûêΓûêΓûì    | 1626/3000 [19:57<24:04,  1.05s/it]
 54%|ΓûêΓûêΓûêΓûêΓûêΓûì    | 1627/3000 [19:57<22:18,  1.03it/s]
 54%|ΓûêΓûêΓûêΓûêΓûêΓûì    | 1628/3000 [19:58<19:21,  1.18it/s]
 54%|ΓûêΓûêΓûêΓûêΓûêΓûì    | 1629/3000 [19:58<17:55,  1.28it/s]
 54%|ΓûêΓûêΓûêΓûêΓûêΓûì    | 1630/3000 [20:00<20:02,  1.14it/s]
 54%|ΓûêΓûêΓûêΓûêΓûêΓûì    | 1631/3000 [20:00<19:32,  1.17it/s]
 54%|ΓûêΓûêΓûêΓûêΓûêΓûì    | 1632/3000 [20:02<22:08,  1.03it/s]
 54%|ΓûêΓûêΓûêΓûêΓûêΓûì    | 1633/3000 [20:02<19:17,  1.18it/s]
 54%|ΓûêΓûêΓûêΓûêΓûêΓûì    | 1634/3000 [20:03<18:10,  1.25it/s]
 55%|ΓûêΓûêΓûêΓûêΓûêΓûì    | 1635/3000 [20:03<16:44,  1.36it/s]
 55%|ΓûêΓûêΓûêΓûêΓûêΓûì    | 1636/3000 [20:04<14:06,  1.61it/s]
 55%|ΓûêΓûêΓûêΓûêΓûêΓûì    | 1637/3000 [20:05<19:37,  1.16it/s]
 55%|ΓûêΓûêΓûêΓûêΓûêΓûì    | 1638/3000 [20:06<20:12,  1.12it/s]
 55%|ΓûêΓûêΓûêΓûêΓûêΓûì    | 1639/3000 [20:07<17:35,  1.29it/s]
 55%|ΓûêΓûêΓûêΓûêΓûêΓûì    | 1640/3000 [20:08<19:16,  1.18it/s]
 55%|ΓûêΓûêΓûêΓûêΓûêΓûì    | 1641/3000 [20:08<17:32,  1.29it/s]
 55%|ΓûêΓûêΓûêΓûêΓûêΓûì    | 1642/3000 [20:09<17:25,  1.30it/s]
 55%|ΓûêΓûêΓûêΓûêΓûêΓûì    | 1643/3000 [20:09<14:26,  1.57it/s]
 55%|ΓûêΓûêΓûêΓûêΓûêΓûì    | 1644/3000 [20:11<18:02,  1.25it/s]
 55%|ΓûêΓûêΓûêΓûêΓûêΓûì    | 1645/3000 [20:11<16:42,  1.35it/s]
 55%|ΓûêΓûêΓûêΓûêΓûêΓûì    | 1646/3000 [20:12<15:48,  1.43it/s]
 55%|ΓûêΓûêΓûêΓûêΓûêΓûì    | 1647/3000 [20:12<14:13,  1.59it/s]
 55%|ΓûêΓûêΓûêΓûêΓûêΓûì    | 1648/3000 [20:13<12:52,  1.75it/s]
 55%|ΓûêΓûêΓûêΓûêΓûêΓûì    | 1649/3000 [20:13<11:29,  1.96it/s]
 55%|ΓûêΓûêΓûêΓûêΓûêΓûî    | 1650/3000 [20:14<13:53,  1.62it/s]
 55%|ΓûêΓûêΓûêΓûêΓûêΓûî    | 1651/3000 [20:14<12:31,  1.80it/s]
 55%|ΓûêΓûêΓûêΓûêΓûêΓûî    | 1652/3000 [20:15<11:39,  1.93it/s]
 55%|ΓûêΓûêΓûêΓûêΓûêΓûî    | 1653/3000 [20:16<17:34,  1.28it/s]
 55%|ΓûêΓûêΓûêΓûêΓûêΓûî    | 1654/3000 [20:17<16:15,  1.38it/s]
 55%|ΓûêΓûêΓûêΓûêΓûêΓûî    | 1655/3000 [20:17<14:14,  1.57it/s]
 55%|ΓûêΓûêΓûêΓûêΓûêΓûî    | 1656/3000 [20:18<12:45,  1.76it/s]
 55%|ΓûêΓûêΓûêΓûêΓûêΓûî    | 1657/3000 [20:18<13:00,  1.72it/s]
 55%|ΓûêΓûêΓûêΓûêΓûêΓûî    | 1658/3000 [20:19<15:21,  1.46it/s]
 55%|ΓûêΓûêΓûêΓûêΓûêΓûî    | 1659/3000 [20:20<15:14,  1.47it/s]
 55%|ΓûêΓûêΓûêΓûêΓûêΓûî    | 1660/3000 [20:20<13:29,  1.66it/s]
 55%|ΓûêΓûêΓûêΓûêΓûêΓûî    | 1661/3000 [20:22<17:57,  1.24it/s]
 55%|ΓûêΓûêΓûêΓûêΓûêΓûî    | 1662/3000 [20:22<16:42,  1.33it/s]
 55%|ΓûêΓûêΓûêΓûêΓûêΓûî    | 1663/3000 [20:23<14:28,  1.54it/s]
 55%|ΓûêΓûêΓûêΓûêΓûêΓûî    | 1664/3000 [20:23<13:29,  1.65it/s]
 56%|ΓûêΓûêΓûêΓûêΓûêΓûî    | 1665/3000 [20:24<18:47,  1.18it/s]
 56%|ΓûêΓûêΓûêΓûêΓûêΓûî    | 1666/3000 [20:25<17:53,  1.24it/s]
 56%|ΓûêΓûêΓûêΓûêΓûêΓûî    | 1667/3000 [20:26<18:18,  1.21it/s]
 56%|ΓûêΓûêΓûêΓûêΓûêΓûî    | 1668/3000 [20:26<15:43,  1.41it/s]
 56%|ΓûêΓûêΓûêΓûêΓûêΓûî    | 1669/3000 [20:27<14:06,  1.57it/s]
 56%|ΓûêΓûêΓûêΓûêΓûêΓûî    | 1670/3000 [20:28<17:53,  1.24it/s]
 56%|ΓûêΓûêΓûêΓûêΓûêΓûî    | 1671/3000 [20:29<17:18,  1.28it/s]
 56%|ΓûêΓûêΓûêΓûêΓûêΓûî    | 1672/3000 [20:29<14:16,  1.55it/s]
 56%|ΓûêΓûêΓûêΓûêΓûêΓûî    | 1673/3000 [20:30<16:14,  1.36it/s]
 56%|ΓûêΓûêΓûêΓûêΓûêΓûî    | 1674/3000 [20:31<15:33,  1.42it/s]
 56%|ΓûêΓûêΓûêΓûêΓûêΓûî    | 1675/3000 [20:32<17:20,  1.27it/s]
 56%|ΓûêΓûêΓûêΓûêΓûêΓûî    | 1676/3000 [20:32<15:31,  1.42it/s]
 56%|ΓûêΓûêΓûêΓûêΓûêΓûî    | 1677/3000 [20:33<14:31,  1.52it/s]
 56%|ΓûêΓûêΓûêΓûêΓûêΓûî    | 1678/3000 [20:33<13:31,  1.63it/s]
 56%|ΓûêΓûêΓûêΓûêΓûêΓûî    | 1679/3000 [20:34<12:15,  1.80it/s]
 56%|ΓûêΓûêΓûêΓûêΓûêΓûî    | 1680/3000 [20:34<12:01,  1.83it/s]
 56%|ΓûêΓûêΓûêΓûêΓûêΓûî    | 1681/3000 [20:35<15:22,  1.43it/s]
 56%|ΓûêΓûêΓûêΓûêΓûêΓûî    | 1682/3000 [20:36<14:16,  1.54it/s]
 56%|ΓûêΓûêΓûêΓûêΓûêΓûî    | 1683/3000 [20:37<14:11,  1.55it/s]
 56%|ΓûêΓûêΓûêΓûêΓûêΓûî    | 1684/3000 [20:37<12:47,  1.71it/s]
 56%|ΓûêΓûêΓûêΓûêΓûêΓûî    | 1685/3000 [20:38<14:18,  1.53it/s]
 56%|ΓûêΓûêΓûêΓûêΓûêΓûî    | 1686/3000 [20:39<16:28,  1.33it/s]
 56%|ΓûêΓûêΓûêΓûêΓûêΓûî    | 1687/3000 [20:39<14:17,  1.53it/s]
 56%|ΓûêΓûêΓûêΓûêΓûêΓûï    | 1688/3000 [20:40<13:58,  1.57it/s]
 56%|ΓûêΓûêΓûêΓûêΓûêΓûï    | 1689/3000 [20:41<20:03,  1.09it/s]
 56%|ΓûêΓûêΓûêΓûêΓûêΓûï    | 1690/3000 [20:42<16:22,  1.33it/s]
 56%|ΓûêΓûêΓûêΓûêΓûêΓûï    | 1691/3000 [20:42<15:01,  1.45it/s]
 56%|ΓûêΓûêΓûêΓûêΓûêΓûï    | 1692/3000 [20:43<13:29,  1.62it/s]
 56%|ΓûêΓûêΓûêΓûêΓûêΓûï    | 1693/3000 [20:43<14:04,  1.55it/s]
 56%|ΓûêΓûêΓûêΓûêΓûêΓûï    | 1694/3000 [20:44<13:28,  1.62it/s]
 56%|ΓûêΓûêΓûêΓûêΓûêΓûï    | 1695/3000 [20:44<12:48,  1.70it/s]
 57%|ΓûêΓûêΓûêΓûêΓûêΓûï    | 1696/3000 [20:45<12:58,  1.68it/s]
 57%|ΓûêΓûêΓûêΓûêΓûêΓûï    | 1697/3000 [20:46<11:51,  1.83it/s]
 57%|ΓûêΓûêΓûêΓûêΓûêΓûï    | 1698/3000 [20:47<17:10,  1.26it/s]
 57%|ΓûêΓûêΓûêΓûêΓûêΓûï    | 1699/3000 [20:47<15:36,  1.39it/s]
 57%|ΓûêΓûêΓûêΓûêΓûêΓûï    | 1700/3000 [20:48<17:45,  1.22it/s]
 57%|ΓûêΓûêΓûêΓûêΓûêΓûï    | 1701/3000 [20:49<15:46,  1.37it/s]
 57%|ΓûêΓûêΓûêΓûêΓûêΓûï    | 1702/3000 [20:50<14:33,  1.49it/s]
 57%|ΓûêΓûêΓûêΓûêΓûêΓûï    | 1703/3000 [20:50<16:03,  1.35it/s]
 57%|ΓûêΓûêΓûêΓûêΓûêΓûï    | 1704/3000 [20:51<15:36,  1.38it/s]
 57%|ΓûêΓûêΓûêΓûêΓûêΓûï    | 1705/3000 [20:52<15:58,  1.35it/s]
 57%|ΓûêΓûêΓûêΓûêΓûêΓûï    | 1706/3000 [20:53<15:18,  1.41it/s]
 57%|ΓûêΓûêΓûêΓûêΓûêΓûï    | 1707/3000 [20:53<15:19,  1.41it/s]
 57%|ΓûêΓûêΓûêΓûêΓûêΓûï    | 1708/3000 [20:54<17:02,  1.26it/s]
 57%|ΓûêΓûêΓûêΓûêΓûêΓûï    | 1709/3000 [20:55<16:55,  1.27it/s]
 57%|ΓûêΓûêΓûêΓûêΓûêΓûï    | 1710/3000 [20:56<15:07,  1.42it/s]
 57%|ΓûêΓûêΓûêΓûêΓûêΓûï    | 1711/3000 [20:56<13:23,  1.60it/s]
 57%|ΓûêΓûêΓûêΓûêΓûêΓûï    | 1712/3000 [20:57<13:12,  1.63it/s]
 57%|ΓûêΓûêΓûêΓûêΓûêΓûï    | 1713/3000 [20:58<16:11,  1.32it/s]
 57%|ΓûêΓûêΓûêΓûêΓûêΓûï    | 1714/3000 [20:58<15:20,  1.40it/s]
 57%|ΓûêΓûêΓûêΓûêΓûêΓûï    | 1715/3000 [20:59<13:34,  1.58it/s]
 57%|ΓûêΓûêΓûêΓûêΓûêΓûï    | 1716/3000 [21:00<16:45,  1.28it/s]
 57%|ΓûêΓûêΓûêΓûêΓûêΓûï    | 1717/3000 [21:01<17:18,  1.24it/s]
 57%|ΓûêΓûêΓûêΓûêΓûêΓûï    | 1718/3000 [21:01<15:55,  1.34it/s]
 57%|ΓûêΓûêΓûêΓûêΓûêΓûï    | 1719/3000 [21:02<13:49,  1.54it/s]
 57%|ΓûêΓûêΓûêΓûêΓûêΓûï    | 1720/3000 [21:02<12:17,  1.73it/s]
 57%|ΓûêΓûêΓûêΓûêΓûêΓûï    | 1721/3000 [21:03<15:17,  1.39it/s]
 57%|ΓûêΓûêΓûêΓûêΓûêΓûï    | 1722/3000 [21:04<14:32,  1.46it/s]
 57%|ΓûêΓûêΓûêΓûêΓûêΓûï    | 1723/3000 [21:04<12:53,  1.65it/s]
 57%|ΓûêΓûêΓûêΓûêΓûêΓûï    | 1724/3000 [21:04<10:35,  2.01it/s]
 57%|ΓûêΓûêΓûêΓûêΓûêΓûè    | 1725/3000 [21:05<13:27,  1.58it/s]
 58%|ΓûêΓûêΓûêΓûêΓûêΓûè    | 1726/3000 [21:06<15:59,  1.33it/s]
 58%|ΓûêΓûêΓûêΓûêΓûêΓûè    | 1727/3000 [21:07<13:52,  1.53it/s]
 58%|ΓûêΓûêΓûêΓûêΓûêΓûè    | 1728/3000 [21:07<12:21,  1.72it/s]
 58%|ΓûêΓûêΓûêΓûêΓûêΓûè    | 1729/3000 [21:08<12:51,  1.65it/s]
 58%|ΓûêΓûêΓûêΓûêΓûêΓûè    | 1730/3000 [21:10<21:02,  1.01it/s]
 58%|ΓûêΓûêΓûêΓûêΓûêΓûè    | 1731/3000 [21:10<17:56,  1.18it/s]
 58%|ΓûêΓûêΓûêΓûêΓûêΓûè    | 1732/3000 [21:11<16:55,  1.25it/s]
 58%|ΓûêΓûêΓûêΓûêΓûêΓûè    | 1733/3000 [21:11<14:37,  1.44it/s]
 58%|ΓûêΓûêΓûêΓûêΓûêΓûè    | 1734/3000 [21:12<11:47,  1.79it/s]
 58%|ΓûêΓûêΓûêΓûêΓûêΓûè    | 1735/3000 [21:13<15:37,  1.35it/s]
 58%|ΓûêΓûêΓûêΓûêΓûêΓûè    | 1736/3000 [21:14<15:44,  1.34it/s]
 58%|ΓûêΓûêΓûêΓûêΓûêΓûè    | 1737/3000 [21:14<13:06,  1.60it/s]
 58%|ΓûêΓûêΓûêΓûêΓûêΓûè    | 1738/3000 [21:14<11:42,  1.80it/s]
 58%|ΓûêΓûêΓûêΓûêΓûêΓûè    | 1739/3000 [21:15<13:41,  1.53it/s]
 58%|ΓûêΓûêΓûêΓûêΓûêΓûè    | 1740/3000 [21:16<12:42,  1.65it/s]
 58%|ΓûêΓûêΓûêΓûêΓûêΓûè    | 1741/3000 [21:18<21:13,  1.01s/it]
 58%|ΓûêΓûêΓûêΓûêΓûêΓûè    | 1742/3000 [21:18<18:12,  1.15it/s]
 58%|ΓûêΓûêΓûêΓûêΓûêΓûè    | 1743/3000 [21:19<16:56,  1.24it/s]
 58%|ΓûêΓûêΓûêΓûêΓûêΓûè    | 1744/3000 [21:19<14:22,  1.46it/s]
 58%|ΓûêΓûêΓûêΓûêΓûêΓûè    | 1745/3000 [21:20<11:44,  1.78it/s]
 58%|ΓûêΓûêΓûêΓûêΓûêΓûè    | 1746/3000 [21:22<22:50,  1.09s/it]
 58%|ΓûêΓûêΓûêΓûêΓûêΓûè    | 1747/3000 [21:22<19:31,  1.07it/s]
 58%|ΓûêΓûêΓûêΓûêΓûêΓûè    | 1748/3000 [21:23<16:55,  1.23it/s]
 58%|ΓûêΓûêΓûêΓûêΓûêΓûè    | 1749/3000 [21:24<15:43,  1.33it/s]
 58%|ΓûêΓûêΓûêΓûêΓûêΓûè    | 1750/3000 [21:24<16:04,  1.30it/s]
 58%|ΓûêΓûêΓûêΓûêΓûêΓûè    | 1751/3000 [21:25<14:51,  1.40it/s]
 58%|ΓûêΓûêΓûêΓûêΓûêΓûè    | 1752/3000 [21:25<12:28,  1.67it/s]
 58%|ΓûêΓûêΓûêΓûêΓûêΓûè    | 1753/3000 [21:26<12:24,  1.68it/s]
 58%|ΓûêΓûêΓûêΓûêΓûêΓûè    | 1754/3000 [21:27<13:43,  1.51it/s]
 58%|ΓûêΓûêΓûêΓûêΓûêΓûè    | 1755/3000 [21:27<13:45,  1.51it/s]
 59%|ΓûêΓûêΓûêΓûêΓûêΓûè    | 1756/3000 [21:29<19:20,  1.07it/s]
 59%|ΓûêΓûêΓûêΓûêΓûêΓûè    | 1757/3000 [21:30<18:38,  1.11it/s]
 59%|ΓûêΓûêΓûêΓûêΓûêΓûè    | 1758/3000 [21:31<17:26,  1.19it/s]
 59%|ΓûêΓûêΓûêΓûêΓûêΓûè    | 1759/3000 [21:31<15:50,  1.31it/s]
 59%|ΓûêΓûêΓûêΓûêΓûêΓûè    | 1760/3000 [21:32<16:53,  1.22it/s]
 59%|ΓûêΓûêΓûêΓûêΓûêΓûè    | 1761/3000 [21:33<14:55,  1.38it/s]
 59%|ΓûêΓûêΓûêΓûêΓûêΓûè    | 1762/3000 [21:33<13:33,  1.52it/s]
 59%|ΓûêΓûêΓûêΓûêΓûêΓûë    | 1763/3000 [21:34<15:43,  1.31it/s]
 59%|ΓûêΓûêΓûêΓûêΓûêΓûë    | 1764/3000 [21:34<13:37,  1.51it/s]
 59%|ΓûêΓûêΓûêΓûêΓûêΓûë    | 1765/3000 [21:35<12:37,  1.63it/s]
 59%|ΓûêΓûêΓûêΓûêΓûêΓûë    | 1766/3000 [21:36<12:39,  1.63it/s]
 59%|ΓûêΓûêΓûêΓûêΓûêΓûë    | 1767/3000 [21:36<13:04,  1.57it/s]
 59%|ΓûêΓûêΓûêΓûêΓûêΓûë    | 1768/3000 [21:37<12:13,  1.68it/s]
 59%|ΓûêΓûêΓûêΓûêΓûêΓûë    | 1769/3000 [21:37<11:45,  1.75it/s]
 59%|ΓûêΓûêΓûêΓûêΓûêΓûë    | 1770/3000 [21:38<10:22,  1.97it/s]
 59%|ΓûêΓûêΓûêΓûêΓûêΓûë    | 1771/3000 [21:39<12:48,  1.60it/s]
 59%|ΓûêΓûêΓûêΓûêΓûêΓûë    | 1772/3000 [21:39<10:54,  1.88it/s]
 59%|ΓûêΓûêΓûêΓûêΓûêΓûë    | 1773/3000 [21:40<13:12,  1.55it/s]
 59%|ΓûêΓûêΓûêΓûêΓûêΓûë    | 1774/3000 [21:40<11:53,  1.72it/s]
 59%|ΓûêΓûêΓûêΓûêΓûêΓûë    | 1775/3000 [21:42<19:01,  1.07it/s]
 59%|ΓûêΓûêΓûêΓûêΓûêΓûë    | 1776/3000 [21:43<17:06,  1.19it/s]
 59%|ΓûêΓûêΓûêΓûêΓûêΓûë    | 1777/3000 [21:43<16:43,  1.22it/s]
 59%|ΓûêΓûêΓûêΓûêΓûêΓûë    | 1778/3000 [21:44<15:38,  1.30it/s]
 59%|ΓûêΓûêΓûêΓûêΓûêΓûë    | 1779/3000 [21:45<14:30,  1.40it/s]
 59%|ΓûêΓûêΓûêΓûêΓûêΓûë    | 1780/3000 [21:45<15:16,  1.33it/s]
 59%|ΓûêΓûêΓûêΓûêΓûêΓûë    | 1781/3000 [21:46<13:18,  1.53it/s]
 59%|ΓûêΓûêΓûêΓûêΓûêΓûë    | 1782/3000 [21:46<11:58,  1.70it/s]
 59%|ΓûêΓûêΓûêΓûêΓûêΓûë    | 1783/3000 [21:47<14:09,  1.43it/s]
 59%|ΓûêΓûêΓûêΓûêΓûêΓûë    | 1784/3000 [21:48<17:00,  1.19it/s]
 60%|ΓûêΓûêΓûêΓûêΓûêΓûë    | 1785/3000 [21:49<17:53,  1.13it/s]
 60%|ΓûêΓûêΓûêΓûêΓûêΓûë    | 1786/3000 [21:52<30:14,  1.50s/it]
 60%|ΓûêΓûêΓûêΓûêΓûêΓûë    | 1787/3000 [21:53<23:46,  1.18s/it]
 60%|ΓûêΓûêΓûêΓûêΓûêΓûë    | 1788/3000 [21:53<18:40,  1.08it/s]
 60%|ΓûêΓûêΓûêΓûêΓûêΓûë    | 1789/3000 [21:54<16:09,  1.25it/s]
 60%|ΓûêΓûêΓûêΓûêΓûêΓûë    | 1790/3000 [21:54<13:58,  1.44it/s]
 60%|ΓûêΓûêΓûêΓûêΓûêΓûë    | 1791/3000 [21:55<13:35,  1.48it/s]
 60%|ΓûêΓûêΓûêΓûêΓûêΓûë    | 1792/3000 [21:55<12:32,  1.60it/s]
 60%|ΓûêΓûêΓûêΓûêΓûêΓûë    | 1793/3000 [21:56<11:27,  1.76it/s]
 60%|ΓûêΓûêΓûêΓûêΓûêΓûë    | 1794/3000 [21:56<12:23,  1.62it/s]
 60%|ΓûêΓûêΓûêΓûêΓûêΓûë    | 1795/3000 [21:57<15:08,  1.33it/s]
 60%|ΓûêΓûêΓûêΓûêΓûêΓûë    | 1796/3000 [22:00<24:43,  1.23s/it]
 60%|ΓûêΓûêΓûêΓûêΓûêΓûë    | 1797/3000 [22:00<18:50,  1.06it/s]
 60%|ΓûêΓûêΓûêΓûêΓûêΓûë    | 1798/3000 [22:02<23:31,  1.17s/it]
 60%|ΓûêΓûêΓûêΓûêΓûêΓûë    | 1799/3000 [22:03<22:59,  1.15s/it]
 60%|ΓûêΓûêΓûêΓûêΓûêΓûê    | 1800/3000 [22:03<18:13,  1.10it/s]
 60%|ΓûêΓûêΓûêΓûêΓûêΓûê    | 1801/3000 [22:04<16:19,  1.22it/s]
 60%|ΓûêΓûêΓûêΓûêΓûêΓûê    | 1802/3000 [22:04<14:00,  1.43it/s]
 60%|ΓûêΓûêΓûêΓûêΓûêΓûê    | 1803/3000 [22:05<12:27,  1.60it/s]
 60%|ΓûêΓûêΓûêΓûêΓûêΓûê    | 1804/3000 [22:05<12:36,  1.58it/s]
 60%|ΓûêΓûêΓûêΓûêΓûêΓûê    | 1805/3000 [22:06<10:51,  1.83it/s]
 60%|ΓûêΓûêΓûêΓûêΓûêΓûê    | 1806/3000 [22:06<11:12,  1.78it/s]
 60%|ΓûêΓûêΓûêΓûêΓûêΓûê    | 1807/3000 [22:07<10:51,  1.83it/s]
 60%|ΓûêΓûêΓûêΓûêΓûêΓûê    | 1808/3000 [22:07<11:11,  1.78it/s]
 60%|ΓûêΓûêΓûêΓûêΓûêΓûê    | 1809/3000 [22:09<15:05,  1.32it/s]
 60%|ΓûêΓûêΓûêΓûêΓûêΓûê    | 1810/3000 [22:09<12:40,  1.56it/s]
 60%|ΓûêΓûêΓûêΓûêΓûêΓûê    | 1811/3000 [22:10<12:15,  1.62it/s]
 60%|ΓûêΓûêΓûêΓûêΓûêΓûê    | 1812/3000 [22:10<12:04,  1.64it/s]
 60%|ΓûêΓûêΓûêΓûêΓûêΓûê    | 1813/3000 [22:11<12:29,  1.58it/s]
 60%|ΓûêΓûêΓûêΓûêΓûêΓûê    | 1814/3000 [22:12<13:50,  1.43it/s]
 60%|ΓûêΓûêΓûêΓûêΓûêΓûê    | 1815/3000 [22:12<11:10,  1.77it/s]
 61%|ΓûêΓûêΓûêΓûêΓûêΓûê    | 1816/3000 [22:13<11:58,  1.65it/s]
 61%|ΓûêΓûêΓûêΓûêΓûêΓûê    | 1817/3000 [22:13<10:56,  1.80it/s]
 61%|ΓûêΓûêΓûêΓûêΓûêΓûê    | 1818/3000 [22:14<10:54,  1.81it/s]
 61%|ΓûêΓûêΓûêΓûêΓûêΓûê    | 1819/3000 [22:14<10:11,  1.93it/s]
 61%|ΓûêΓûêΓûêΓûêΓûêΓûê    | 1820/3000 [22:15<11:56,  1.65it/s]
 61%|ΓûêΓûêΓûêΓûêΓûêΓûê    | 1821/3000 [22:15<11:01,  1.78it/s]
 61%|ΓûêΓûêΓûêΓûêΓûêΓûê    | 1822/3000 [22:16<13:31,  1.45it/s]
 61%|ΓûêΓûêΓûêΓûêΓûêΓûê    | 1823/3000 [22:17<13:02,  1.50it/s]
 61%|ΓûêΓûêΓûêΓûêΓûêΓûê    | 1824/3000 [22:18<13:55,  1.41it/s]
 61%|ΓûêΓûêΓûêΓûêΓûêΓûê    | 1825/3000 [22:18<13:06,  1.49it/s]
 61%|ΓûêΓûêΓûêΓûêΓûêΓûê    | 1826/3000 [22:19<13:30,  1.45it/s]
 61%|ΓûêΓûêΓûêΓûêΓûêΓûê    | 1827/3000 [22:19<11:55,  1.64it/s]
 61%|ΓûêΓûêΓûêΓûêΓûêΓûê    | 1828/3000 [22:20<11:03,  1.77it/s]
 61%|ΓûêΓûêΓûêΓûêΓûêΓûê    | 1829/3000 [22:21<12:48,  1.52it/s]
 61%|ΓûêΓûêΓûêΓûêΓûêΓûê    | 1830/3000 [22:21<12:50,  1.52it/s]
 61%|ΓûêΓûêΓûêΓûêΓûêΓûê    | 1831/3000 [22:24<25:59,  1.33s/it]
 61%|ΓûêΓûêΓûêΓûêΓûêΓûê    | 1832/3000 [22:25<24:36,  1.26s/it]
 61%|ΓûêΓûêΓûêΓûêΓûêΓûê    | 1833/3000 [22:26<19:52,  1.02s/it]
 61%|ΓûêΓûêΓûêΓûêΓûêΓûê    | 1834/3000 [22:27<19:26,  1.00s/it]
 61%|ΓûêΓûêΓûêΓûêΓûêΓûê    | 1835/3000 [22:28<17:19,  1.12it/s]
 61%|ΓûêΓûêΓûêΓûêΓûêΓûê    | 1836/3000 [22:28<16:57,  1.14it/s]
 61%|ΓûêΓûêΓûêΓûêΓûêΓûê    | 1837/3000 [22:29<15:01,  1.29it/s]
 61%|ΓûêΓûêΓûêΓûêΓûêΓûêΓûÅ   | 1838/3000 [22:31<24:10,  1.25s/it]
 61%|ΓûêΓûêΓûêΓûêΓûêΓûêΓûÅ   | 1839/3000 [22:32<18:55,  1.02it/s]
 61%|ΓûêΓûêΓûêΓûêΓûêΓûêΓûÅ   | 1840/3000 [22:32<16:13,  1.19it/s]
 61%|ΓûêΓûêΓûêΓûêΓûêΓûêΓûÅ   | 1841/3000 [22:33<14:15,  1.36it/s]
 61%|ΓûêΓûêΓûêΓûêΓûêΓûêΓûÅ   | 1842/3000 [22:33<12:25,  1.55it/s]
 61%|ΓûêΓûêΓûêΓûêΓûêΓûêΓûÅ   | 1843/3000 [22:33<11:09,  1.73it/s]
 61%|ΓûêΓûêΓûêΓûêΓûêΓûêΓûÅ   | 1844/3000 [22:34<11:13,  1.72it/s]
 62%|ΓûêΓûêΓûêΓûêΓûêΓûêΓûÅ   | 1845/3000 [22:35<11:04,  1.74it/s]
 62%|ΓûêΓûêΓûêΓûêΓûêΓûêΓûÅ   | 1846/3000 [22:35<11:11,  1.72it/s]
 62%|ΓûêΓûêΓûêΓûêΓûêΓûêΓûÅ   | 1847/3000 [22:36<12:29,  1.54it/s]
 62%|ΓûêΓûêΓûêΓûêΓûêΓûêΓûÅ   | 1848/3000 [22:37<11:40,  1.65it/s]
 62%|ΓûêΓûêΓûêΓûêΓûêΓûêΓûÅ   | 1849/3000 [22:37<10:37,  1.80it/s]
 62%|ΓûêΓûêΓûêΓûêΓûêΓûêΓûÅ   | 1850/3000 [22:38<10:57,  1.75it/s]
 62%|ΓûêΓûêΓûêΓûêΓûêΓûêΓûÅ   | 1851/3000 [22:38<12:03,  1.59it/s]
 62%|ΓûêΓûêΓûêΓûêΓûêΓûêΓûÅ   | 1852/3000 [22:39<15:02,  1.27it/s]
 62%|ΓûêΓûêΓûêΓûêΓûêΓûêΓûÅ   | 1853/3000 [22:40<16:00,  1.19it/s]
 62%|ΓûêΓûêΓûêΓûêΓûêΓûêΓûÅ   | 1854/3000 [22:41<13:12,  1.45it/s]
 62%|ΓûêΓûêΓûêΓûêΓûêΓûêΓûÅ   | 1855/3000 [22:42<14:57,  1.28it/s]
 62%|ΓûêΓûêΓûêΓûêΓûêΓûêΓûÅ   | 1856/3000 [22:42<12:53,  1.48it/s]
 62%|ΓûêΓûêΓûêΓûêΓûêΓûêΓûÅ   | 1857/3000 [22:43<12:28,  1.53it/s]
 62%|ΓûêΓûêΓûêΓûêΓûêΓûêΓûÅ   | 1858/3000 [22:44<14:30,  1.31it/s]
 62%|ΓûêΓûêΓûêΓûêΓûêΓûêΓûÅ   | 1859/3000 [22:46<19:48,  1.04s/it]
 62%|ΓûêΓûêΓûêΓûêΓûêΓûêΓûÅ   | 1860/3000 [22:47<21:09,  1.11s/it]
 62%|ΓûêΓûêΓûêΓûêΓûêΓûêΓûÅ   | 1861/3000 [22:48<19:07,  1.01s/it]
 62%|ΓûêΓûêΓûêΓûêΓûêΓûêΓûÅ   | 1862/3000 [22:48<16:26,  1.15it/s]
 62%|ΓûêΓûêΓûêΓûêΓûêΓûêΓûÅ   | 1863/3000 [22:49<13:46,  1.38it/s]
 62%|ΓûêΓûêΓûêΓûêΓûêΓûêΓûÅ   | 1864/3000 [22:49<12:35,  1.50it/s]
 62%|ΓûêΓûêΓûêΓûêΓûêΓûêΓûÅ   | 1865/3000 [22:50<13:45,  1.38it/s]
 62%|ΓûêΓûêΓûêΓûêΓûêΓûêΓûÅ   | 1866/3000 [22:50<12:28,  1.51it/s]
 62%|ΓûêΓûêΓûêΓûêΓûêΓûêΓûÅ   | 1867/3000 [22:51<14:01,  1.35it/s]
 62%|ΓûêΓûêΓûêΓûêΓûêΓûêΓûÅ   | 1868/3000 [22:52<12:19,  1.53it/s]
 62%|ΓûêΓûêΓûêΓûêΓûêΓûêΓûÅ   | 1869/3000 [22:52<12:06,  1.56it/s]
 62%|ΓûêΓûêΓûêΓûêΓûêΓûêΓûÅ   | 1870/3000 [22:53<10:31,  1.79it/s]
 62%|ΓûêΓûêΓûêΓûêΓûêΓûêΓûÅ   | 1871/3000 [22:53<09:39,  1.95it/s]
 62%|ΓûêΓûêΓûêΓûêΓûêΓûêΓûÅ   | 1872/3000 [22:54<09:32,  1.97it/s]
 62%|ΓûêΓûêΓûêΓûêΓûêΓûêΓûÅ   | 1873/3000 [22:54<09:18,  2.02it/s]
 62%|ΓûêΓûêΓûêΓûêΓûêΓûêΓûÅ   | 1874/3000 [22:55<08:38,  2.17it/s]
 62%|ΓûêΓûêΓûêΓûêΓûêΓûêΓûÄ   | 1875/3000 [22:55<10:42,  1.75it/s]
 63%|ΓûêΓûêΓûêΓûêΓûêΓûêΓûÄ   | 1876/3000 [22:56<11:57,  1.57it/s]
 63%|ΓûêΓûêΓûêΓûêΓûêΓûêΓûÄ   | 1877/3000 [22:57<14:38,  1.28it/s]
 63%|ΓûêΓûêΓûêΓûêΓûêΓûêΓûÄ   | 1878/3000 [22:58<14:17,  1.31it/s]
 63%|ΓûêΓûêΓûêΓûêΓûêΓûêΓûÄ   | 1879/3000 [22:58<11:42,  1.59it/s]
 63%|ΓûêΓûêΓûêΓûêΓûêΓûêΓûÄ   | 1880/3000 [22:59<14:21,  1.30it/s]
 63%|ΓûêΓûêΓûêΓûêΓûêΓûêΓûÄ   | 1881/3000 [23:00<12:45,  1.46it/s]
 63%|ΓûêΓûêΓûêΓûêΓûêΓûêΓûÄ   | 1882/3000 [23:00<11:02,  1.69it/s]
 63%|ΓûêΓûêΓûêΓûêΓûêΓûêΓûÄ   | 1883/3000 [23:01<09:44,  1.91it/s]
 63%|ΓûêΓûêΓûêΓûêΓûêΓûêΓûÄ   | 1884/3000 [23:01<09:53,  1.88it/s]
 63%|ΓûêΓûêΓûêΓûêΓûêΓûêΓûÄ   | 1885/3000 [23:02<12:08,  1.53it/s]
 63%|ΓûêΓûêΓûêΓûêΓûêΓûêΓûÄ   | 1886/3000 [23:02<10:06,  1.84it/s]
 63%|ΓûêΓûêΓûêΓûêΓûêΓûêΓûÄ   | 1887/3000 [23:03<10:56,  1.69it/s]
 63%|ΓûêΓûêΓûêΓûêΓûêΓûêΓûÄ   | 1888/3000 [23:03<09:36,  1.93it/s]
 63%|ΓûêΓûêΓûêΓûêΓûêΓûêΓûÄ   | 1889/3000 [23:04<09:03,  2.04it/s]
 63%|ΓûêΓûêΓûêΓûêΓûêΓûêΓûÄ   | 1890/3000 [23:05<10:51,  1.70it/s]
 63%|ΓûêΓûêΓûêΓûêΓûêΓûêΓûÄ   | 1891/3000 [23:06<13:32,  1.37it/s]
 63%|ΓûêΓûêΓûêΓûêΓûêΓûêΓûÄ   | 1892/3000 [23:06<12:49,  1.44it/s]
 63%|ΓûêΓûêΓûêΓûêΓûêΓûêΓûÄ   | 1893/3000 [23:08<19:43,  1.07s/it]
 63%|ΓûêΓûêΓûêΓûêΓûêΓûêΓûÄ   | 1894/3000 [23:09<20:10,  1.09s/it]
 63%|ΓûêΓûêΓûêΓûêΓûêΓûêΓûÄ   | 1895/3000 [23:11<22:20,  1.21s/it]
 63%|ΓûêΓûêΓûêΓûêΓûêΓûêΓûÄ   | 1896/3000 [23:12<19:02,  1.04s/it]
 63%|ΓûêΓûêΓûêΓûêΓûêΓûêΓûÄ   | 1897/3000 [23:12<14:44,  1.25it/s]
 63%|ΓûêΓûêΓûêΓûêΓûêΓûêΓûÄ   | 1898/3000 [23:12<13:37,  1.35it/s]
 63%|ΓûêΓûêΓûêΓûêΓûêΓûêΓûÄ   | 1899/3000 [23:13<11:55,  1.54it/s]
 63%|ΓûêΓûêΓûêΓûêΓûêΓûêΓûÄ   | 1900/3000 [23:14<14:24,  1.27it/s]
 63%|ΓûêΓûêΓûêΓûêΓûêΓûêΓûÄ   | 1901/3000 [23:14<12:26,  1.47it/s]
 63%|ΓûêΓûêΓûêΓûêΓûêΓûêΓûÄ   | 1902/3000 [23:15<12:53,  1.42it/s]
 63%|ΓûêΓûêΓûêΓûêΓûêΓûêΓûÄ   | 1903/3000 [23:16<11:33,  1.58it/s]
 63%|ΓûêΓûêΓûêΓûêΓûêΓûêΓûÄ   | 1904/3000 [23:16<11:29,  1.59it/s]
 64%|ΓûêΓûêΓûêΓûêΓûêΓûêΓûÄ   | 1905/3000 [23:17<10:51,  1.68it/s]
 64%|ΓûêΓûêΓûêΓûêΓûêΓûêΓûÄ   | 1906/3000 [23:18<13:37,  1.34it/s]
 64%|ΓûêΓûêΓûêΓûêΓûêΓûêΓûÄ   | 1907/3000 [23:19<13:05,  1.39it/s]
 64%|ΓûêΓûêΓûêΓûêΓûêΓûêΓûÄ   | 1908/3000 [23:19<12:46,  1.42it/s]
 64%|ΓûêΓûêΓûêΓûêΓûêΓûêΓûÄ   | 1909/3000 [23:20<13:40,  1.33it/s]
 64%|ΓûêΓûêΓûêΓûêΓûêΓûêΓûÄ   | 1910/3000 [23:21<12:32,  1.45it/s]
 64%|ΓûêΓûêΓûêΓûêΓûêΓûêΓûÄ   | 1911/3000 [23:21<12:15,  1.48it/s]
 64%|ΓûêΓûêΓûêΓûêΓûêΓûêΓûÄ   | 1912/3000 [23:22<10:31,  1.72it/s]
 64%|ΓûêΓûêΓûêΓûêΓûêΓûêΓûì   | 1913/3000 [23:22<09:39,  1.87it/s]
 64%|ΓûêΓûêΓûêΓûêΓûêΓûêΓûì   | 1914/3000 [23:23<13:23,  1.35it/s]
 64%|ΓûêΓûêΓûêΓûêΓûêΓûêΓûì   | 1915/3000 [23:24<12:13,  1.48it/s]
 64%|ΓûêΓûêΓûêΓûêΓûêΓûêΓûì   | 1916/3000 [23:24<11:42,  1.54it/s]
 64%|ΓûêΓûêΓûêΓûêΓûêΓûêΓûì   | 1917/3000 [23:25<12:03,  1.50it/s]
 64%|ΓûêΓûêΓûêΓûêΓûêΓûêΓûì   | 1918/3000 [23:25<10:14,  1.76it/s]
 64%|ΓûêΓûêΓûêΓûêΓûêΓûêΓûì   | 1919/3000 [23:26<10:27,  1.72it/s]
 64%|ΓûêΓûêΓûêΓûêΓûêΓûêΓûì   | 1920/3000 [23:27<11:53,  1.51it/s]
 64%|ΓûêΓûêΓûêΓûêΓûêΓûêΓûì   | 1921/3000 [23:28<12:43,  1.41it/s]
 64%|ΓûêΓûêΓûêΓûêΓûêΓûêΓûì   | 1922/3000 [23:28<11:24,  1.57it/s]
 64%|ΓûêΓûêΓûêΓûêΓûêΓûêΓûì   | 1923/3000 [23:29<12:00,  1.49it/s]
 64%|ΓûêΓûêΓûêΓûêΓûêΓûêΓûì   | 1924/3000 [23:29<10:46,  1.66it/s]
 64%|ΓûêΓûêΓûêΓûêΓûêΓûêΓûì   | 1925/3000 [23:30<11:34,  1.55it/s]
 64%|ΓûêΓûêΓûêΓûêΓûêΓûêΓûì   | 1926/3000 [23:31<10:52,  1.65it/s]
 64%|ΓûêΓûêΓûêΓûêΓûêΓûêΓûì   | 1927/3000 [23:31<12:16,  1.46it/s]
 64%|ΓûêΓûêΓûêΓûêΓûêΓûêΓûì   | 1928/3000 [23:32<12:51,  1.39it/s]
 64%|ΓûêΓûêΓûêΓûêΓûêΓûêΓûì   | 1929/3000 [23:33<11:50,  1.51it/s]
 64%|ΓûêΓûêΓûêΓûêΓûêΓûêΓûì   | 1930/3000 [23:34<13:30,  1.32it/s]
 64%|ΓûêΓûêΓûêΓûêΓûêΓûêΓûì   | 1931/3000 [23:35<13:53,  1.28it/s]
 64%|ΓûêΓûêΓûêΓûêΓûêΓûêΓûì   | 1932/3000 [23:35<13:25,  1.33it/s]
 64%|ΓûêΓûêΓûêΓûêΓûêΓûêΓûì   | 1933/3000 [23:37<17:14,  1.03it/s]
 64%|ΓûêΓûêΓûêΓûêΓûêΓûêΓûì   | 1934/3000 [23:37<15:20,  1.16it/s]
 64%|ΓûêΓûêΓûêΓûêΓûêΓûêΓûì   | 1935/3000 [23:38<13:55,  1.27it/s]
 65%|ΓûêΓûêΓûêΓûêΓûêΓûêΓûì   | 1936/3000 [23:39<14:26,  1.23it/s]
 65%|ΓûêΓûêΓûêΓûêΓûêΓûêΓûì   | 1937/3000 [23:39<13:19,  1.33it/s]
 65%|ΓûêΓûêΓûêΓûêΓûêΓûêΓûì   | 1938/3000 [23:40<14:03,  1.26it/s]
 65%|ΓûêΓûêΓûêΓûêΓûêΓûêΓûì   | 1939/3000 [23:41<12:38,  1.40it/s]
 65%|ΓûêΓûêΓûêΓûêΓûêΓûêΓûì   | 1940/3000 [23:42<12:05,  1.46it/s]
 65%|ΓûêΓûêΓûêΓûêΓûêΓûêΓûì   | 1941/3000 [23:42<11:41,  1.51it/s]
 65%|ΓûêΓûêΓûêΓûêΓûêΓûêΓûì   | 1942/3000 [23:43<11:22,  1.55it/s]
 65%|ΓûêΓûêΓûêΓûêΓûêΓûêΓûì   | 1943/3000 [23:44<12:15,  1.44it/s]
 65%|ΓûêΓûêΓûêΓûêΓûêΓûêΓûì   | 1944/3000 [23:44<10:53,  1.61it/s]
 65%|ΓûêΓûêΓûêΓûêΓûêΓûêΓûì   | 1945/3000 [23:45<13:14,  1.33it/s]
 65%|ΓûêΓûêΓûêΓûêΓûêΓûêΓûì   | 1946/3000 [23:46<11:59,  1.47it/s]
 65%|ΓûêΓûêΓûêΓûêΓûêΓûêΓûì   | 1947/3000 [23:47<15:49,  1.11it/s]
 65%|ΓûêΓûêΓûêΓûêΓûêΓûêΓûì   | 1948/3000 [23:48<15:59,  1.10it/s]
 65%|ΓûêΓûêΓûêΓûêΓûêΓûêΓûì   | 1949/3000 [23:49<17:10,  1.02it/s]
 65%|ΓûêΓûêΓûêΓûêΓûêΓûêΓûî   | 1950/3000 [23:50<16:09,  1.08it/s]
 65%|ΓûêΓûêΓûêΓûêΓûêΓûêΓûî   | 1951/3000 [23:51<15:06,  1.16it/s]
 65%|ΓûêΓûêΓûêΓûêΓûêΓûêΓûî   | 1952/3000 [23:51<14:37,  1.19it/s]
 65%|ΓûêΓûêΓûêΓûêΓûêΓûêΓûî   | 1953/3000 [23:53<16:17,  1.07it/s]
 65%|ΓûêΓûêΓûêΓûêΓûêΓûêΓûî   | 1954/3000 [23:53<15:24,  1.13it/s]
 65%|ΓûêΓûêΓûêΓûêΓûêΓûêΓûî   | 1955/3000 [23:55<18:29,  1.06s/it]
 65%|ΓûêΓûêΓûêΓûêΓûêΓûêΓûî   | 1956/3000 [23:55<15:16,  1.14it/s]
 65%|ΓûêΓûêΓûêΓûêΓûêΓûêΓûî   | 1957/3000 [23:56<14:38,  1.19it/s]
 65%|ΓûêΓûêΓûêΓûêΓûêΓûêΓûî   | 1958/3000 [23:57<13:26,  1.29it/s]
 65%|ΓûêΓûêΓûêΓûêΓûêΓûêΓûî   | 1959/3000 [23:57<11:48,  1.47it/s]
 65%|ΓûêΓûêΓûêΓûêΓûêΓûêΓûî   | 1960/3000 [23:57<10:11,  1.70it/s]
 65%|ΓûêΓûêΓûêΓûêΓûêΓûêΓûî   | 1961/3000 [23:58<11:08,  1.55it/s]
 65%|ΓûêΓûêΓûêΓûêΓûêΓûêΓûî   | 1962/3000 [23:59<13:31,  1.28it/s]
 65%|ΓûêΓûêΓûêΓûêΓûêΓûêΓûî   | 1963/3000 [24:00<11:57,  1.45it/s]
 65%|ΓûêΓûêΓûêΓûêΓûêΓûêΓûî   | 1964/3000 [24:00<10:11,  1.69it/s]
 66%|ΓûêΓûêΓûêΓûêΓûêΓûêΓûî   | 1965/3000 [24:01<12:18,  1.40it/s]
 66%|ΓûêΓûêΓûêΓûêΓûêΓûêΓûî   | 1966/3000 [24:02<11:15,  1.53it/s]
 66%|ΓûêΓûêΓûêΓûêΓûêΓûêΓûî   | 1967/3000 [24:02<09:48,  1.76it/s]
 66%|ΓûêΓûêΓûêΓûêΓûêΓûêΓûî   | 1968/3000 [24:03<10:51,  1.58it/s]
 66%|ΓûêΓûêΓûêΓûêΓûêΓûêΓûî   | 1969/3000 [24:04<13:20,  1.29it/s]
 66%|ΓûêΓûêΓûêΓûêΓûêΓûêΓûî   | 1970/3000 [24:04<11:51,  1.45it/s]
 66%|ΓûêΓûêΓûêΓûêΓûêΓûêΓûî   | 1971/3000 [24:06<17:43,  1.03s/it]
 66%|ΓûêΓûêΓûêΓûêΓûêΓûêΓûî   | 1972/3000 [24:07<13:51,  1.24it/s]
 66%|ΓûêΓûêΓûêΓûêΓûêΓûêΓûî   | 1973/3000 [24:07<11:55,  1.44it/s]
 66%|ΓûêΓûêΓûêΓûêΓûêΓûêΓûî   | 1974/3000 [24:09<16:57,  1.01it/s]
 66%|ΓûêΓûêΓûêΓûêΓûêΓûêΓûî   | 1975/3000 [24:09<14:02,  1.22it/s]
 66%|ΓûêΓûêΓûêΓûêΓûêΓûêΓûî   | 1976/3000 [24:10<14:31,  1.18it/s]
 66%|ΓûêΓûêΓûêΓûêΓûêΓûêΓûî   | 1977/3000 [24:11<13:31,  1.26it/s]
 66%|ΓûêΓûêΓûêΓûêΓûêΓûêΓûî   | 1978/3000 [24:11<11:21,  1.50it/s]
 66%|ΓûêΓûêΓûêΓûêΓûêΓûêΓûî   | 1979/3000 [24:12<10:41,  1.59it/s]
 66%|ΓûêΓûêΓûêΓûêΓûêΓûêΓûî   | 1980/3000 [24:12<09:39,  1.76it/s]
 66%|ΓûêΓûêΓûêΓûêΓûêΓûêΓûî   | 1981/3000 [24:12<09:00,  1.89it/s]
 66%|ΓûêΓûêΓûêΓûêΓûêΓûêΓûî   | 1982/3000 [24:14<13:39,  1.24it/s]
 66%|ΓûêΓûêΓûêΓûêΓûêΓûêΓûî   | 1983/3000 [24:15<17:15,  1.02s/it]
 66%|ΓûêΓûêΓûêΓûêΓûêΓûêΓûî   | 1984/3000 [24:16<13:58,  1.21it/s]
 66%|ΓûêΓûêΓûêΓûêΓûêΓûêΓûî   | 1985/3000 [24:16<13:33,  1.25it/s]
 66%|ΓûêΓûêΓûêΓûêΓûêΓûêΓûî   | 1986/3000 [24:17<14:09,  1.19it/s]
 66%|ΓûêΓûêΓûêΓûêΓûêΓûêΓûî   | 1987/3000 [24:18<11:13,  1.51it/s]
 66%|ΓûêΓûêΓûêΓûêΓûêΓûêΓûï   | 1988/3000 [24:18<10:52,  1.55it/s]
 66%|ΓûêΓûêΓûêΓûêΓûêΓûêΓûï   | 1989/3000 [24:19<11:07,  1.51it/s]
 66%|ΓûêΓûêΓûêΓûêΓûêΓûêΓûï   | 1990/3000 [24:19<10:08,  1.66it/s]
 66%|ΓûêΓûêΓûêΓûêΓûêΓûêΓûï   | 1991/3000 [24:20<09:07,  1.84it/s]
 66%|ΓûêΓûêΓûêΓûêΓûêΓûêΓûï   | 1992/3000 [24:21<11:13,  1.50it/s]
 66%|ΓûêΓûêΓûêΓûêΓûêΓûêΓûï   | 1993/3000 [24:22<12:51,  1.30it/s]
 66%|ΓûêΓûêΓûêΓûêΓûêΓûêΓûï   | 1994/3000 [24:23<13:27,  1.25it/s]
 66%|ΓûêΓûêΓûêΓûêΓûêΓûêΓûï   | 1995/3000 [24:23<12:28,  1.34it/s]
 67%|ΓûêΓûêΓûêΓûêΓûêΓûêΓûï   | 1996/3000 [24:24<10:56,  1.53it/s]
 67%|ΓûêΓûêΓûêΓûêΓûêΓûêΓûï   | 1997/3000 [24:25<12:52,  1.30it/s]
 67%|ΓûêΓûêΓûêΓûêΓûêΓûêΓûï   | 1998/3000 [24:25<11:48,  1.41it/s]
 67%|ΓûêΓûêΓûêΓûêΓûêΓûêΓûï   | 1999/3000 [24:27<14:25,  1.16it/s]
 67%|ΓûêΓûêΓûêΓûêΓûêΓûêΓûï   | 2000/3000 [24:27<13:43,  1.21it/s]
 67%|ΓûêΓûêΓûêΓûêΓûêΓûêΓûï   | 2001/3000 [24:28<12:36,  1.32it/s]
 67%|ΓûêΓûêΓûêΓûêΓûêΓûêΓûï   | 2002/3000 [24:29<13:39,  1.22it/s]
 67%|ΓûêΓûêΓûêΓûêΓûêΓûêΓûï   | 2003/3000 [24:29<12:13,  1.36it/s]
 67%|ΓûêΓûêΓûêΓûêΓûêΓûêΓûï   | 2004/3000 [24:30<12:08,  1.37it/s]
 67%|ΓûêΓûêΓûêΓûêΓûêΓûêΓûï   | 2005/3000 [24:31<12:11,  1.36it/s]
 67%|ΓûêΓûêΓûêΓûêΓûêΓûêΓûï   | 2006/3000 [24:31<11:25,  1.45it/s]
 67%|ΓûêΓûêΓûêΓûêΓûêΓûêΓûï   | 2007/3000 [24:32<09:46,  1.69it/s]
 67%|ΓûêΓûêΓûêΓûêΓûêΓûêΓûï   | 2008/3000 [24:33<13:49,  1.20it/s]
 67%|ΓûêΓûêΓûêΓûêΓûêΓûêΓûï   | 2009/3000 [24:34<12:52,  1.28it/s]
 67%|ΓûêΓûêΓûêΓûêΓûêΓûêΓûï   | 2010/3000 [24:34<12:06,  1.36it/s]
 67%|ΓûêΓûêΓûêΓûêΓûêΓûêΓûï   | 2011/3000 [24:35<11:09,  1.48it/s]
 67%|ΓûêΓûêΓûêΓûêΓûêΓûêΓûï   | 2012/3000 [24:36<10:04,  1.64it/s]
 67%|ΓûêΓûêΓûêΓûêΓûêΓûêΓûï   | 2013/3000 [24:36<09:11,  1.79it/s]
 67%|ΓûêΓûêΓûêΓûêΓûêΓûêΓûï   | 2014/3000 [24:36<08:35,  1.91it/s]
 67%|ΓûêΓûêΓûêΓûêΓûêΓûêΓûï   | 2015/3000 [24:37<08:36,  1.91it/s]
 67%|ΓûêΓûêΓûêΓûêΓûêΓûêΓûï   | 2016/3000 [24:38<13:40,  1.20it/s]
 67%|ΓûêΓûêΓûêΓûêΓûêΓûêΓûï   | 2017/3000 [24:39<12:30,  1.31it/s]
 67%|ΓûêΓûêΓûêΓûêΓûêΓûêΓûï   | 2018/3000 [24:40<12:06,  1.35it/s]
 67%|ΓûêΓûêΓûêΓûêΓûêΓûêΓûï   | 2019/3000 [24:41<14:45,  1.11it/s]
 67%|ΓûêΓûêΓûêΓûêΓûêΓûêΓûï   | 2020/3000 [24:41<12:01,  1.36it/s]
 67%|ΓûêΓûêΓûêΓûêΓûêΓûêΓûï   | 2021/3000 [24:44<19:53,  1.22s/it]
 67%|ΓûêΓûêΓûêΓûêΓûêΓûêΓûï   | 2022/3000 [24:45<18:38,  1.14s/it]
 67%|ΓûêΓûêΓûêΓûêΓûêΓûêΓûï   | 2023/3000 [24:45<15:08,  1.08it/s]
 67%|ΓûêΓûêΓûêΓûêΓûêΓûêΓûï   | 2024/3000 [24:46<14:46,  1.10it/s]
 68%|ΓûêΓûêΓûêΓûêΓûêΓûêΓûè   | 2025/3000 [24:47<13:25,  1.21it/s]
 68%|ΓûêΓûêΓûêΓûêΓûêΓûêΓûè   | 2026/3000 [24:47<12:20,  1.32it/s]
 68%|ΓûêΓûêΓûêΓûêΓûêΓûêΓûè   | 2027/3000 [24:48<10:16,  1.58it/s]
 68%|ΓûêΓûêΓûêΓûêΓûêΓûêΓûè   | 2028/3000 [24:49<13:17,  1.22it/s]
 68%|ΓûêΓûêΓûêΓûêΓûêΓûêΓûè   | 2029/3000 [24:49<12:13,  1.32it/s]
 68%|ΓûêΓûêΓûêΓûêΓûêΓûêΓûè   | 2030/3000 [24:50<10:58,  1.47it/s]
 68%|ΓûêΓûêΓûêΓûêΓûêΓûêΓûè   | 2031/3000 [24:51<12:17,  1.31it/s]
 68%|ΓûêΓûêΓûêΓûêΓûêΓûêΓûè   | 2032/3000 [24:52<12:20,  1.31it/s]
 68%|ΓûêΓûêΓûêΓûêΓûêΓûêΓûè   | 2033/3000 [24:52<12:21,  1.30it/s]
 68%|ΓûêΓûêΓûêΓûêΓûêΓûêΓûè   | 2034/3000 [24:53<12:44,  1.26it/s]
 68%|ΓûêΓûêΓûêΓûêΓûêΓûêΓûè   | 2035/3000 [24:54<11:04,  1.45it/s]
 68%|ΓûêΓûêΓûêΓûêΓûêΓûêΓûè   | 2036/3000 [24:54<09:50,  1.63it/s]
 68%|ΓûêΓûêΓûêΓûêΓûêΓûêΓûè   | 2037/3000 [24:55<09:15,  1.73it/s]
 68%|ΓûêΓûêΓûêΓûêΓûêΓûêΓûè   | 2038/3000 [24:55<08:36,  1.86it/s]
 68%|ΓûêΓûêΓûêΓûêΓûêΓûêΓûè   | 2039/3000 [24:56<09:22,  1.71it/s]
 68%|ΓûêΓûêΓûêΓûêΓûêΓûêΓûè   | 2040/3000 [24:57<10:15,  1.56it/s]
 68%|ΓûêΓûêΓûêΓûêΓûêΓûêΓûè   | 2041/3000 [24:57<10:11,  1.57it/s]
 68%|ΓûêΓûêΓûêΓûêΓûêΓûêΓûè   | 2042/3000 [24:58<12:58,  1.23it/s]
 68%|ΓûêΓûêΓûêΓûêΓûêΓûêΓûè   | 2043/3000 [24:59<10:40,  1.49it/s]
 68%|ΓûêΓûêΓûêΓûêΓûêΓûêΓûè   | 2044/3000 [24:59<09:53,  1.61it/s]
 68%|ΓûêΓûêΓûêΓûêΓûêΓûêΓûè   | 2045/3000 [25:00<10:19,  1.54it/s]
 68%|ΓûêΓûêΓûêΓûêΓûêΓûêΓûè   | 2046/3000 [25:00<09:13,  1.72it/s]
 68%|ΓûêΓûêΓûêΓûêΓûêΓûêΓûè   | 2047/3000 [25:01<11:05,  1.43it/s]
 68%|ΓûêΓûêΓûêΓûêΓûêΓûêΓûè   | 2048/3000 [25:02<10:14,  1.55it/s]
 68%|ΓûêΓûêΓûêΓûêΓûêΓûêΓûè   | 2049/3000 [25:03<10:51,  1.46it/s]
 68%|ΓûêΓûêΓûêΓûêΓûêΓûêΓûè   | 2050/3000 [25:04<11:41,  1.36it/s]
 68%|ΓûêΓûêΓûêΓûêΓûêΓûêΓûè   | 2051/3000 [25:04<10:58,  1.44it/s]
 68%|ΓûêΓûêΓûêΓûêΓûêΓûêΓûè   | 2052/3000 [25:05<10:05,  1.56it/s]
 68%|ΓûêΓûêΓûêΓûêΓûêΓûêΓûè   | 2053/3000 [25:06<11:33,  1.37it/s]
 68%|ΓûêΓûêΓûêΓûêΓûêΓûêΓûè   | 2054/3000 [25:06<10:53,  1.45it/s]
 68%|ΓûêΓûêΓûêΓûêΓûêΓûêΓûè   | 2055/3000 [25:07<09:41,  1.62it/s]
 69%|ΓûêΓûêΓûêΓûêΓûêΓûêΓûè   | 2056/3000 [25:07<09:59,  1.58it/s]
 69%|ΓûêΓûêΓûêΓûêΓûêΓûêΓûè   | 2057/3000 [25:08<09:49,  1.60it/s]
 69%|ΓûêΓûêΓûêΓûêΓûêΓûêΓûè   | 2058/3000 [25:08<09:40,  1.62it/s]
 69%|ΓûêΓûêΓûêΓûêΓûêΓûêΓûè   | 2059/3000 [25:09<11:17,  1.39it/s]
 69%|ΓûêΓûêΓûêΓûêΓûêΓûêΓûè   | 2060/3000 [25:10<11:29,  1.36it/s]
 69%|ΓûêΓûêΓûêΓûêΓûêΓûêΓûè   | 2061/3000 [25:11<10:26,  1.50it/s]
 69%|ΓûêΓûêΓûêΓûêΓûêΓûêΓûè   | 2062/3000 [25:11<09:43,  1.61it/s]
 69%|ΓûêΓûêΓûêΓûêΓûêΓûêΓûë   | 2063/3000 [25:12<09:00,  1.73it/s]
 69%|ΓûêΓûêΓûêΓûêΓûêΓûêΓûë   | 2064/3000 [25:12<08:17,  1.88it/s]
 69%|ΓûêΓûêΓûêΓûêΓûêΓûêΓûë   | 2065/3000 [25:13<10:30,  1.48it/s]
 69%|ΓûêΓûêΓûêΓûêΓûêΓûêΓûë   | 2066/3000 [25:14<10:08,  1.53it/s]
 69%|ΓûêΓûêΓûêΓûêΓûêΓûêΓûë   | 2067/3000 [25:15<10:39,  1.46it/s]
 69%|ΓûêΓûêΓûêΓûêΓûêΓûêΓûë   | 2068/3000 [25:15<10:41,  1.45it/s]
 69%|ΓûêΓûêΓûêΓûêΓûêΓûêΓûë   | 2069/3000 [25:17<14:10,  1.09it/s]
 69%|ΓûêΓûêΓûêΓûêΓûêΓûêΓûë   | 2070/3000 [25:17<12:00,  1.29it/s]
 69%|ΓûêΓûêΓûêΓûêΓûêΓûêΓûë   | 2071/3000 [25:18<10:45,  1.44it/s]
 69%|ΓûêΓûêΓûêΓûêΓûêΓûêΓûë   | 2072/3000 [25:18<09:54,  1.56it/s]
 69%|ΓûêΓûêΓûêΓûêΓûêΓûêΓûë   | 2073/3000 [25:19<09:14,  1.67it/s]
 69%|ΓûêΓûêΓûêΓûêΓûêΓûêΓûë   | 2074/3000 [25:19<08:49,  1.75it/s]
 69%|ΓûêΓûêΓûêΓûêΓûêΓûêΓûë   | 2075/3000 [25:20<09:40,  1.59it/s]
 69%|ΓûêΓûêΓûêΓûêΓûêΓûêΓûë   | 2076/3000 [25:20<09:19,  1.65it/s]
 69%|ΓûêΓûêΓûêΓûêΓûêΓûêΓûë   | 2077/3000 [25:21<08:07,  1.89it/s]
 69%|ΓûêΓûêΓûêΓûêΓûêΓûêΓûë   | 2078/3000 [25:22<09:43,  1.58it/s]
 69%|ΓûêΓûêΓûêΓûêΓûêΓûêΓûë   | 2079/3000 [25:22<09:59,  1.54it/s]
 69%|ΓûêΓûêΓûêΓûêΓûêΓûêΓûë   | 2080/3000 [25:23<09:00,  1.70it/s]
 69%|ΓûêΓûêΓûêΓûêΓûêΓûêΓûë   | 2081/3000 [25:23<08:40,  1.77it/s]
 69%|ΓûêΓûêΓûêΓûêΓûêΓûêΓûë   | 2082/3000 [25:24<07:59,  1.92it/s]
 69%|ΓûêΓûêΓûêΓûêΓûêΓûêΓûë   | 2083/3000 [25:24<08:57,  1.71it/s]
 69%|ΓûêΓûêΓûêΓûêΓûêΓûêΓûë   | 2084/3000 [25:25<07:59,  1.91it/s]
 70%|ΓûêΓûêΓûêΓûêΓûêΓûêΓûë   | 2085/3000 [25:26<10:32,  1.45it/s]
 70%|ΓûêΓûêΓûêΓûêΓûêΓûêΓûë   | 2086/3000 [25:26<09:16,  1.64it/s]
 70%|ΓûêΓûêΓûêΓûêΓûêΓûêΓûë   | 2087/3000 [25:27<11:15,  1.35it/s]
 70%|ΓûêΓûêΓûêΓûêΓûêΓûêΓûë   | 2088/3000 [25:28<10:58,  1.38it/s]
 70%|ΓûêΓûêΓûêΓûêΓûêΓûêΓûë   | 2089/3000 [25:29<10:13,  1.48it/s]
 70%|ΓûêΓûêΓûêΓûêΓûêΓûêΓûë   | 2090/3000 [25:29<08:42,  1.74it/s]
 70%|ΓûêΓûêΓûêΓûêΓûêΓûêΓûë   | 2091/3000 [25:30<08:48,  1.72it/s]
 70%|ΓûêΓûêΓûêΓûêΓûêΓûêΓûë   | 2092/3000 [25:30<08:35,  1.76it/s]
 70%|ΓûêΓûêΓûêΓûêΓûêΓûêΓûë   | 2093/3000 [25:31<10:05,  1.50it/s]
 70%|ΓûêΓûêΓûêΓûêΓûêΓûêΓûë   | 2094/3000 [25:32<10:12,  1.48it/s]
 70%|ΓûêΓûêΓûêΓûêΓûêΓûêΓûë   | 2095/3000 [25:32<08:40,  1.74it/s]
 70%|ΓûêΓûêΓûêΓûêΓûêΓûêΓûë   | 2096/3000 [25:33<09:09,  1.65it/s]
 70%|ΓûêΓûêΓûêΓûêΓûêΓûêΓûë   | 2097/3000 [25:34<10:42,  1.41it/s]
 70%|ΓûêΓûêΓûêΓûêΓûêΓûêΓûë   | 2098/3000 [25:34<09:25,  1.59it/s]
 70%|ΓûêΓûêΓûêΓûêΓûêΓûêΓûë   | 2099/3000 [25:35<09:17,  1.62it/s]
 70%|ΓûêΓûêΓûêΓûêΓûêΓûêΓûê   | 2100/3000 [25:36<11:34,  1.30it/s]
 70%|ΓûêΓûêΓûêΓûêΓûêΓûêΓûê   | 2101/3000 [25:37<12:13,  1.23it/s]
 70%|ΓûêΓûêΓûêΓûêΓûêΓûêΓûê   | 2102/3000 [25:37<11:31,  1.30it/s]
 70%|ΓûêΓûêΓûêΓûêΓûêΓûêΓûê   | 2103/3000 [25:38<09:17,  1.61it/s]
 70%|ΓûêΓûêΓûêΓûêΓûêΓûêΓûê   | 2104/3000 [25:39<10:23,  1.44it/s]
 70%|ΓûêΓûêΓûêΓûêΓûêΓûêΓûê   | 2105/3000 [25:39<10:00,  1.49it/s]
 70%|ΓûêΓûêΓûêΓûêΓûêΓûêΓûê   | 2106/3000 [25:40<11:21,  1.31it/s]
 70%|ΓûêΓûêΓûêΓûêΓûêΓûêΓûê   | 2107/3000 [25:41<09:44,  1.53it/s]
 70%|ΓûêΓûêΓûêΓûêΓûêΓûêΓûê   | 2108/3000 [25:41<09:08,  1.63it/s]
 70%|ΓûêΓûêΓûêΓûêΓûêΓûêΓûê   | 2109/3000 [25:42<08:48,  1.69it/s]
 70%|ΓûêΓûêΓûêΓûêΓûêΓûêΓûê   | 2110/3000 [25:42<08:00,  1.85it/s]
 70%|ΓûêΓûêΓûêΓûêΓûêΓûêΓûê   | 2111/3000 [25:43<09:11,  1.61it/s]
 70%|ΓûêΓûêΓûêΓûêΓûêΓûêΓûê   | 2112/3000 [25:43<09:18,  1.59it/s]
 70%|ΓûêΓûêΓûêΓûêΓûêΓûêΓûê   | 2113/3000 [25:44<08:28,  1.74it/s]
 70%|ΓûêΓûêΓûêΓûêΓûêΓûêΓûê   | 2114/3000 [25:45<08:34,  1.72it/s]
 70%|ΓûêΓûêΓûêΓûêΓûêΓûêΓûê   | 2115/3000 [25:45<07:55,  1.86it/s]
 71%|ΓûêΓûêΓûêΓûêΓûêΓûêΓûê   | 2116/3000 [25:45<07:08,  2.06it/s]
 71%|ΓûêΓûêΓûêΓûêΓûêΓûêΓûê   | 2117/3000 [25:46<06:39,  2.21it/s]
 71%|ΓûêΓûêΓûêΓûêΓûêΓûêΓûê   | 2118/3000 [25:46<07:00,  2.10it/s]
 71%|ΓûêΓûêΓûêΓûêΓûêΓûêΓûê   | 2119/3000 [25:47<06:50,  2.15it/s]
 71%|ΓûêΓûêΓûêΓûêΓûêΓûêΓûê   | 2120/3000 [25:47<07:10,  2.04it/s]
 71%|ΓûêΓûêΓûêΓûêΓûêΓûêΓûê   | 2121/3000 [25:48<08:23,  1.75it/s]
 71%|ΓûêΓûêΓûêΓûêΓûêΓûêΓûê   | 2122/3000 [25:48<08:00,  1.83it/s]
 71%|ΓûêΓûêΓûêΓûêΓûêΓûêΓûê   | 2123/3000 [25:50<10:42,  1.36it/s]
 71%|ΓûêΓûêΓûêΓûêΓûêΓûêΓûê   | 2124/3000 [25:50<09:49,  1.49it/s]
 71%|ΓûêΓûêΓûêΓûêΓûêΓûêΓûê   | 2125/3000 [25:51<09:33,  1.53it/s]
 71%|ΓûêΓûêΓûêΓûêΓûêΓûêΓûê   | 2126/3000 [25:51<08:28,  1.72it/s]
 71%|ΓûêΓûêΓûêΓûêΓûêΓûêΓûê   | 2127/3000 [25:52<08:09,  1.78it/s]
 71%|ΓûêΓûêΓûêΓûêΓûêΓûêΓûê   | 2128/3000 [25:52<08:42,  1.67it/s]
 71%|ΓûêΓûêΓûêΓûêΓûêΓûêΓûê   | 2129/3000 [25:53<08:38,  1.68it/s]
 71%|ΓûêΓûêΓûêΓûêΓûêΓûêΓûê   | 2130/3000 [25:54<08:49,  1.64it/s]
 71%|ΓûêΓûêΓûêΓûêΓûêΓûêΓûê   | 2131/3000 [25:55<10:08,  1.43it/s]
 71%|ΓûêΓûêΓûêΓûêΓûêΓûêΓûê   | 2132/3000 [25:56<13:47,  1.05it/s]
 71%|ΓûêΓûêΓûêΓûêΓûêΓûêΓûê   | 2133/3000 [25:58<15:51,  1.10s/it]
 71%|ΓûêΓûêΓûêΓûêΓûêΓûêΓûê   | 2134/3000 [25:59<16:23,  1.14s/it]
 71%|ΓûêΓûêΓûêΓûêΓûêΓûêΓûê   | 2135/3000 [26:00<15:45,  1.09s/it]
 71%|ΓûêΓûêΓûêΓûêΓûêΓûêΓûê   | 2136/3000 [26:00<13:19,  1.08it/s]
 71%|ΓûêΓûêΓûêΓûêΓûêΓûêΓûê   | 2137/3000 [26:01<12:01,  1.20it/s]
 71%|ΓûêΓûêΓûêΓûêΓûêΓûêΓûêΓûÅ  | 2138/3000 [26:01<10:19,  1.39it/s]
 71%|ΓûêΓûêΓûêΓûêΓûêΓûêΓûêΓûÅ  | 2139/3000 [26:02<08:50,  1.62it/s]
 71%|ΓûêΓûêΓûêΓûêΓûêΓûêΓûêΓûÅ  | 2140/3000 [26:02<08:36,  1.66it/s]
 71%|ΓûêΓûêΓûêΓûêΓûêΓûêΓûêΓûÅ  | 2141/3000 [26:03<08:22,  1.71it/s]
 71%|ΓûêΓûêΓûêΓûêΓûêΓûêΓûêΓûÅ  | 2142/3000 [26:04<09:56,  1.44it/s]
 71%|ΓûêΓûêΓûêΓûêΓûêΓûêΓûêΓûÅ  | 2143/3000 [26:04<08:49,  1.62it/s]
 71%|ΓûêΓûêΓûêΓûêΓûêΓûêΓûêΓûÅ  | 2144/3000 [26:05<08:02,  1.78it/s]
 72%|ΓûêΓûêΓûêΓûêΓûêΓûêΓûêΓûÅ  | 2145/3000 [26:05<08:09,  1.75it/s]
 72%|ΓûêΓûêΓûêΓûêΓûêΓûêΓûêΓûÅ  | 2146/3000 [26:06<10:21,  1.37it/s]
 72%|ΓûêΓûêΓûêΓûêΓûêΓûêΓûêΓûÅ  | 2147/3000 [26:07<09:05,  1.56it/s]
 72%|ΓûêΓûêΓûêΓûêΓûêΓûêΓûêΓûÅ  | 2148/3000 [26:07<08:44,  1.62it/s]
 72%|ΓûêΓûêΓûêΓûêΓûêΓûêΓûêΓûÅ  | 2149/3000 [26:08<10:53,  1.30it/s]
 72%|ΓûêΓûêΓûêΓûêΓûêΓûêΓûêΓûÅ  | 2150/3000 [26:12<20:46,  1.47s/it]
 72%|ΓûêΓûêΓûêΓûêΓûêΓûêΓûêΓûÅ  | 2151/3000 [26:12<16:43,  1.18s/it]
 72%|ΓûêΓûêΓûêΓûêΓûêΓûêΓûêΓûÅ  | 2152/3000 [26:13<13:31,  1.05it/s]
 72%|ΓûêΓûêΓûêΓûêΓûêΓûêΓûêΓûÅ  | 2153/3000 [26:13<11:32,  1.22it/s]
 72%|ΓûêΓûêΓûêΓûêΓûêΓûêΓûêΓûÅ  | 2154/3000 [26:15<14:39,  1.04s/it]
 72%|ΓûêΓûêΓûêΓûêΓûêΓûêΓûêΓûÅ  | 2155/3000 [26:16<17:37,  1.25s/it]
 72%|ΓûêΓûêΓûêΓûêΓûêΓûêΓûêΓûÅ  | 2156/3000 [26:17<14:31,  1.03s/it]
 72%|ΓûêΓûêΓûêΓûêΓûêΓûêΓûêΓûÅ  | 2157/3000 [26:17<12:19,  1.14it/s]
 72%|ΓûêΓûêΓûêΓûêΓûêΓûêΓûêΓûÅ  | 2158/3000 [26:18<11:40,  1.20it/s]
 72%|ΓûêΓûêΓûêΓûêΓûêΓûêΓûêΓûÅ  | 2159/3000 [26:20<15:31,  1.11s/it]
 72%|ΓûêΓûêΓûêΓûêΓûêΓûêΓûêΓûÅ  | 2160/3000 [26:20<12:50,  1.09it/s]
 72%|ΓûêΓûêΓûêΓûêΓûêΓûêΓûêΓûÅ  | 2161/3000 [26:21<11:13,  1.25it/s]
 72%|ΓûêΓûêΓûêΓûêΓûêΓûêΓûêΓûÅ  | 2162/3000 [26:22<10:40,  1.31it/s]
 72%|ΓûêΓûêΓûêΓûêΓûêΓûêΓûêΓûÅ  | 2163/3000 [26:22<10:20,  1.35it/s]
 72%|ΓûêΓûêΓûêΓûêΓûêΓûêΓûêΓûÅ  | 2164/3000 [26:23<09:37,  1.45it/s]
 72%|ΓûêΓûêΓûêΓûêΓûêΓûêΓûêΓûÅ  | 2165/3000 [26:24<09:51,  1.41it/s]
 72%|ΓûêΓûêΓûêΓûêΓûêΓûêΓûêΓûÅ  | 2166/3000 [26:24<10:03,  1.38it/s]
 72%|ΓûêΓûêΓûêΓûêΓûêΓûêΓûêΓûÅ  | 2167/3000 [26:26<12:32,  1.11it/s]
 72%|ΓûêΓûêΓûêΓûêΓûêΓûêΓûêΓûÅ  | 2168/3000 [26:26<11:24,  1.22it/s]
 72%|ΓûêΓûêΓûêΓûêΓûêΓûêΓûêΓûÅ  | 2169/3000 [26:27<10:18,  1.34it/s]
 72%|ΓûêΓûêΓûêΓûêΓûêΓûêΓûêΓûÅ  | 2170/3000 [26:28<11:31,  1.20it/s]
 72%|ΓûêΓûêΓûêΓûêΓûêΓûêΓûêΓûÅ  | 2171/3000 [26:29<11:05,  1.25it/s]
 72%|ΓûêΓûêΓûêΓûêΓûêΓûêΓûêΓûÅ  | 2172/3000 [26:29<11:33,  1.19it/s]
 72%|ΓûêΓûêΓûêΓûêΓûêΓûêΓûêΓûÅ  | 2173/3000 [26:30<11:45,  1.17it/s]
 72%|ΓûêΓûêΓûêΓûêΓûêΓûêΓûêΓûÅ  | 2174/3000 [26:31<10:36,  1.30it/s]
 72%|ΓûêΓûêΓûêΓûêΓûêΓûêΓûêΓûÄ  | 2175/3000 [26:32<09:52,  1.39it/s]
 73%|ΓûêΓûêΓûêΓûêΓûêΓûêΓûêΓûÄ  | 2176/3000 [26:34<19:04,  1.39s/it]
 73%|ΓûêΓûêΓûêΓûêΓûêΓûêΓûêΓûÄ  | 2177/3000 [26:36<18:27,  1.35s/it]
 73%|ΓûêΓûêΓûêΓûêΓûêΓûêΓûêΓûÄ  | 2178/3000 [26:36<15:03,  1.10s/it]
 73%|ΓûêΓûêΓûêΓûêΓûêΓûêΓûêΓûÄ  | 2179/3000 [26:37<14:53,  1.09s/it]
 73%|ΓûêΓûêΓûêΓûêΓûêΓûêΓûêΓûÄ  | 2180/3000 [26:38<13:39,  1.00it/s]
 73%|ΓûêΓûêΓûêΓûêΓûêΓûêΓûêΓûÄ  | 2181/3000 [26:40<15:12,  1.11s/it]
 73%|ΓûêΓûêΓûêΓûêΓûêΓûêΓûêΓûÄ  | 2182/3000 [26:40<12:28,  1.09it/s]
 73%|ΓûêΓûêΓûêΓûêΓûêΓûêΓûêΓûÄ  | 2183/3000 [26:40<10:27,  1.30it/s]
 73%|ΓûêΓûêΓûêΓûêΓûêΓûêΓûêΓûÄ  | 2184/3000 [26:41<09:35,  1.42it/s]
 73%|ΓûêΓûêΓûêΓûêΓûêΓûêΓûêΓûÄ  | 2185/3000 [26:42<09:06,  1.49it/s]
 73%|ΓûêΓûêΓûêΓûêΓûêΓûêΓûêΓûÄ  | 2186/3000 [26:42<09:20,  1.45it/s]
 73%|ΓûêΓûêΓûêΓûêΓûêΓûêΓûêΓûÄ  | 2187/3000 [26:43<08:51,  1.53it/s]
 73%|ΓûêΓûêΓûêΓûêΓûêΓûêΓûêΓûÄ  | 2188/3000 [26:43<07:37,  1.78it/s]
 73%|ΓûêΓûêΓûêΓûêΓûêΓûêΓûêΓûÄ  | 2189/3000 [26:44<09:35,  1.41it/s]
 73%|ΓûêΓûêΓûêΓûêΓûêΓûêΓûêΓûÄ  | 2190/3000 [26:45<10:59,  1.23it/s]
 73%|ΓûêΓûêΓûêΓûêΓûêΓûêΓûêΓûÄ  | 2191/3000 [26:46<11:03,  1.22it/s]
 73%|ΓûêΓûêΓûêΓûêΓûêΓûêΓûêΓûÄ  | 2192/3000 [26:47<09:28,  1.42it/s]
 73%|ΓûêΓûêΓûêΓûêΓûêΓûêΓûêΓûÄ  | 2193/3000 [26:47<08:42,  1.54it/s]
 73%|ΓûêΓûêΓûêΓûêΓûêΓûêΓûêΓûÄ  | 2194/3000 [26:48<08:10,  1.64it/s]
 73%|ΓûêΓûêΓûêΓûêΓûêΓûêΓûêΓûÄ  | 2195/3000 [26:50<14:06,  1.05s/it]
 73%|ΓûêΓûêΓûêΓûêΓûêΓûêΓûêΓûÄ  | 2196/3000 [26:50<12:35,  1.06it/s]
 73%|ΓûêΓûêΓûêΓûêΓûêΓûêΓûêΓûÄ  | 2197/3000 [26:51<12:49,  1.04it/s]
 73%|ΓûêΓûêΓûêΓûêΓûêΓûêΓûêΓûÄ  | 2198/3000 [26:52<11:07,  1.20it/s]
 73%|ΓûêΓûêΓûêΓûêΓûêΓûêΓûêΓûÄ  | 2199/3000 [26:53<11:04,  1.21it/s]
 73%|ΓûêΓûêΓûêΓûêΓûêΓûêΓûêΓûÄ  | 2200/3000 [26:53<10:38,  1.25it/s]
 73%|ΓûêΓûêΓûêΓûêΓûêΓûêΓûêΓûÄ  | 2201/3000 [26:54<09:56,  1.34it/s]
 73%|ΓûêΓûêΓûêΓûêΓûêΓûêΓûêΓûÄ  | 2202/3000 [26:55<09:05,  1.46it/s]
 73%|ΓûêΓûêΓûêΓûêΓûêΓûêΓûêΓûÄ  | 2203/3000 [26:55<08:23,  1.58it/s]
 73%|ΓûêΓûêΓûêΓûêΓûêΓûêΓûêΓûÄ  | 2204/3000 [26:56<07:34,  1.75it/s]
 74%|ΓûêΓûêΓûêΓûêΓûêΓûêΓûêΓûÄ  | 2205/3000 [26:57<09:40,  1.37it/s]
 74%|ΓûêΓûêΓûêΓûêΓûêΓûêΓûêΓûÄ  | 2206/3000 [26:57<08:47,  1.50it/s]
 74%|ΓûêΓûêΓûêΓûêΓûêΓûêΓûêΓûÄ  | 2207/3000 [26:58<07:52,  1.68it/s]
 74%|ΓûêΓûêΓûêΓûêΓûêΓûêΓûêΓûÄ  | 2208/3000 [26:58<07:32,  1.75it/s]
 74%|ΓûêΓûêΓûêΓûêΓûêΓûêΓûêΓûÄ  | 2209/3000 [26:59<07:16,  1.81it/s]
 74%|ΓûêΓûêΓûêΓûêΓûêΓûêΓûêΓûÄ  | 2210/3000 [27:00<09:44,  1.35it/s]
 74%|ΓûêΓûêΓûêΓûêΓûêΓûêΓûêΓûÄ  | 2211/3000 [27:01<10:24,  1.26it/s]
 74%|ΓûêΓûêΓûêΓûêΓûêΓûêΓûêΓûÄ  | 2212/3000 [27:02<11:01,  1.19it/s]
 74%|ΓûêΓûêΓûêΓûêΓûêΓûêΓûêΓûì  | 2213/3000 [27:03<11:45,  1.12it/s]
 74%|ΓûêΓûêΓûêΓûêΓûêΓûêΓûêΓûì  | 2214/3000 [27:03<11:19,  1.16it/s]
 74%|ΓûêΓûêΓûêΓûêΓûêΓûêΓûêΓûì  | 2215/3000 [27:04<10:21,  1.26it/s]
 74%|ΓûêΓûêΓûêΓûêΓûêΓûêΓûêΓûì  | 2216/3000 [27:05<09:52,  1.32it/s]
 74%|ΓûêΓûêΓûêΓûêΓûêΓûêΓûêΓûì  | 2217/3000 [27:05<09:42,  1.35it/s]
 74%|ΓûêΓûêΓûêΓûêΓûêΓûêΓûêΓûì  | 2218/3000 [27:06<10:14,  1.27it/s]
 74%|ΓûêΓûêΓûêΓûêΓûêΓûêΓûêΓûì  | 2219/3000 [27:07<08:49,  1.47it/s]
 74%|ΓûêΓûêΓûêΓûêΓûêΓûêΓûêΓûì  | 2220/3000 [27:08<09:10,  1.42it/s]
 74%|ΓûêΓûêΓûêΓûêΓûêΓûêΓûêΓûì  | 2221/3000 [27:08<09:34,  1.36it/s]
 74%|ΓûêΓûêΓûêΓûêΓûêΓûêΓûêΓûì  | 2222/3000 [27:09<08:41,  1.49it/s]
 74%|ΓûêΓûêΓûêΓûêΓûêΓûêΓûêΓûì  | 2223/3000 [27:09<08:05,  1.60it/s]
 74%|ΓûêΓûêΓûêΓûêΓûêΓûêΓûêΓûì  | 2224/3000 [27:10<09:06,  1.42it/s]
 74%|ΓûêΓûêΓûêΓûêΓûêΓûêΓûêΓûì  | 2225/3000 [27:11<08:41,  1.49it/s]
 74%|ΓûêΓûêΓûêΓûêΓûêΓûêΓûêΓûì  | 2226/3000 [27:12<08:43,  1.48it/s]
 74%|ΓûêΓûêΓûêΓûêΓûêΓûêΓûêΓûì  | 2227/3000 [27:12<08:16,  1.56it/s]
 74%|ΓûêΓûêΓûêΓûêΓûêΓûêΓûêΓûì  | 2228/3000 [27:13<07:48,  1.65it/s]
 74%|ΓûêΓûêΓûêΓûêΓûêΓûêΓûêΓûì  | 2229/3000 [27:14<10:25,  1.23it/s]
 74%|ΓûêΓûêΓûêΓûêΓûêΓûêΓûêΓûì  | 2230/3000 [27:14<09:19,  1.38it/s]
 74%|ΓûêΓûêΓûêΓûêΓûêΓûêΓûêΓûì  | 2231/3000 [27:15<08:29,  1.51it/s]
 74%|ΓûêΓûêΓûêΓûêΓûêΓûêΓûêΓûì  | 2232/3000 [27:15<07:33,  1.70it/s]
 74%|ΓûêΓûêΓûêΓûêΓûêΓûêΓûêΓûì  | 2233/3000 [27:16<06:33,  1.95it/s]
 74%|ΓûêΓûêΓûêΓûêΓûêΓûêΓûêΓûì  | 2234/3000 [27:17<09:34,  1.33it/s]
 74%|ΓûêΓûêΓûêΓûêΓûêΓûêΓûêΓûì  | 2235/3000 [27:18<10:49,  1.18it/s]
 75%|ΓûêΓûêΓûêΓûêΓûêΓûêΓûêΓûì  | 2236/3000 [27:19<10:01,  1.27it/s]
 75%|ΓûêΓûêΓûêΓûêΓûêΓûêΓûêΓûì  | 2237/3000 [27:19<09:16,  1.37it/s]
 75%|ΓûêΓûêΓûêΓûêΓûêΓûêΓûêΓûì  | 2238/3000 [27:20<08:25,  1.51it/s]
 75%|ΓûêΓûêΓûêΓûêΓûêΓûêΓûêΓûì  | 2239/3000 [27:21<08:28,  1.50it/s]
 75%|ΓûêΓûêΓûêΓûêΓûêΓûêΓûêΓûì  | 2240/3000 [27:21<07:33,  1.68it/s]
 75%|ΓûêΓûêΓûêΓûêΓûêΓûêΓûêΓûì  | 2241/3000 [27:22<07:16,  1.74it/s]
 75%|ΓûêΓûêΓûêΓûêΓûêΓûêΓûêΓûì  | 2242/3000 [27:22<06:47,  1.86it/s]
 75%|ΓûêΓûêΓûêΓûêΓûêΓûêΓûêΓûì  | 2243/3000 [27:23<07:20,  1.72it/s]
 75%|ΓûêΓûêΓûêΓûêΓûêΓûêΓûêΓûì  | 2244/3000 [27:23<07:06,  1.77it/s]
 75%|ΓûêΓûêΓûêΓûêΓûêΓûêΓûêΓûì  | 2245/3000 [27:24<07:11,  1.75it/s]
 75%|ΓûêΓûêΓûêΓûêΓûêΓûêΓûêΓûì  | 2246/3000 [27:24<06:39,  1.89it/s]
 75%|ΓûêΓûêΓûêΓûêΓûêΓûêΓûêΓûì  | 2247/3000 [27:25<06:41,  1.88it/s]
 75%|ΓûêΓûêΓûêΓûêΓûêΓûêΓûêΓûì  | 2248/3000 [27:25<06:16,  2.00it/s]
 75%|ΓûêΓûêΓûêΓûêΓûêΓûêΓûêΓûì  | 2249/3000 [27:26<05:38,  2.22it/s]
 75%|ΓûêΓûêΓûêΓûêΓûêΓûêΓûêΓûî  | 2250/3000 [27:26<06:52,  1.82it/s]
 75%|ΓûêΓûêΓûêΓûêΓûêΓûêΓûêΓûî  | 2251/3000 [27:27<06:45,  1.85it/s]
 75%|ΓûêΓûêΓûêΓûêΓûêΓûêΓûêΓûî  | 2252/3000 [27:28<07:24,  1.68it/s]
 75%|ΓûêΓûêΓûêΓûêΓûêΓûêΓûêΓûî  | 2253/3000 [27:28<07:57,  1.56it/s]
 75%|ΓûêΓûêΓûêΓûêΓûêΓûêΓûêΓûî  | 2254/3000 [27:29<07:28,  1.66it/s]
 75%|ΓûêΓûêΓûêΓûêΓûêΓûêΓûêΓûî  | 2255/3000 [27:29<07:26,  1.67it/s]
 75%|ΓûêΓûêΓûêΓûêΓûêΓûêΓûêΓûî  | 2256/3000 [27:30<07:08,  1.73it/s]
 75%|ΓûêΓûêΓûêΓûêΓûêΓûêΓûêΓûî  | 2257/3000 [27:30<06:18,  1.96it/s]
 75%|ΓûêΓûêΓûêΓûêΓûêΓûêΓûêΓûî  | 2258/3000 [27:31<08:17,  1.49it/s]
 75%|ΓûêΓûêΓûêΓûêΓûêΓûêΓûêΓûî  | 2259/3000 [27:32<08:57,  1.38it/s]
 75%|ΓûêΓûêΓûêΓûêΓûêΓûêΓûêΓûî  | 2260/3000 [27:33<09:00,  1.37it/s]
 75%|ΓûêΓûêΓûêΓûêΓûêΓûêΓûêΓûî  | 2261/3000 [27:34<09:09,  1.35it/s]
 75%|ΓûêΓûêΓûêΓûêΓûêΓûêΓûêΓûî  | 2262/3000 [27:34<08:54,  1.38it/s]
 75%|ΓûêΓûêΓûêΓûêΓûêΓûêΓûêΓûî  | 2263/3000 [27:35<09:31,  1.29it/s]
 75%|ΓûêΓûêΓûêΓûêΓûêΓûêΓûêΓûî  | 2264/3000 [27:36<08:50,  1.39it/s]
 76%|ΓûêΓûêΓûêΓûêΓûêΓûêΓûêΓûî  | 2265/3000 [27:37<09:08,  1.34it/s]
 76%|ΓûêΓûêΓûêΓûêΓûêΓûêΓûêΓûî  | 2266/3000 [27:38<09:53,  1.24it/s]
 76%|ΓûêΓûêΓûêΓûêΓûêΓûêΓûêΓûî  | 2267/3000 [27:38<09:45,  1.25it/s]
 76%|ΓûêΓûêΓûêΓûêΓûêΓûêΓûêΓûî  | 2268/3000 [27:39<08:42,  1.40it/s]
 76%|ΓûêΓûêΓûêΓûêΓûêΓûêΓûêΓûî  | 2269/3000 [27:40<08:46,  1.39it/s]
 76%|ΓûêΓûêΓûêΓûêΓûêΓûêΓûêΓûî  | 2270/3000 [27:43<16:47,  1.38s/it]
 76%|ΓûêΓûêΓûêΓûêΓûêΓûêΓûêΓûî  | 2271/3000 [27:43<13:45,  1.13s/it]
 76%|ΓûêΓûêΓûêΓûêΓûêΓûêΓûêΓûî  | 2272/3000 [27:44<12:25,  1.02s/it]
 76%|ΓûêΓûêΓûêΓûêΓûêΓûêΓûêΓûî  | 2273/3000 [27:44<10:34,  1.15it/s]
 76%|ΓûêΓûêΓûêΓûêΓûêΓûêΓûêΓûî  | 2274/3000 [27:45<09:35,  1.26it/s]
 76%|ΓûêΓûêΓûêΓûêΓûêΓûêΓûêΓûî  | 2275/3000 [27:46<08:33,  1.41it/s]
 76%|ΓûêΓûêΓûêΓûêΓûêΓûêΓûêΓûî  | 2276/3000 [27:46<07:49,  1.54it/s]
 76%|ΓûêΓûêΓûêΓûêΓûêΓûêΓûêΓûî  | 2277/3000 [27:47<09:28,  1.27it/s]
 76%|ΓûêΓûêΓûêΓûêΓûêΓûêΓûêΓûî  | 2278/3000 [27:48<08:28,  1.42it/s]
 76%|ΓûêΓûêΓûêΓûêΓûêΓûêΓûêΓûî  | 2279/3000 [27:48<07:34,  1.58it/s]
 76%|ΓûêΓûêΓûêΓûêΓûêΓûêΓûêΓûî  | 2280/3000 [27:49<07:51,  1.53it/s]
 76%|ΓûêΓûêΓûêΓûêΓûêΓûêΓûêΓûî  | 2281/3000 [27:49<07:20,  1.63it/s]
 76%|ΓûêΓûêΓûêΓûêΓûêΓûêΓûêΓûî  | 2282/3000 [27:50<06:40,  1.79it/s]
 76%|ΓûêΓûêΓûêΓûêΓûêΓûêΓûêΓûî  | 2283/3000 [27:51<07:25,  1.61it/s]
 76%|ΓûêΓûêΓûêΓûêΓûêΓûêΓûêΓûî  | 2284/3000 [27:51<06:26,  1.85it/s]
 76%|ΓûêΓûêΓûêΓûêΓûêΓûêΓûêΓûî  | 2285/3000 [27:52<08:21,  1.43it/s]
 76%|ΓûêΓûêΓûêΓûêΓûêΓûêΓûêΓûî  | 2286/3000 [27:53<08:03,  1.48it/s]
 76%|ΓûêΓûêΓûêΓûêΓûêΓûêΓûêΓûî  | 2287/3000 [27:54<12:01,  1.01s/it]
 76%|ΓûêΓûêΓûêΓûêΓûêΓûêΓûêΓûï  | 2288/3000 [27:55<09:36,  1.24it/s]
 76%|ΓûêΓûêΓûêΓûêΓûêΓûêΓûêΓûï  | 2289/3000 [27:55<08:37,  1.37it/s]
 76%|ΓûêΓûêΓûêΓûêΓûêΓûêΓûêΓûï  | 2290/3000 [27:56<08:41,  1.36it/s]
 76%|ΓûêΓûêΓûêΓûêΓûêΓûêΓûêΓûï  | 2291/3000 [27:56<07:18,  1.62it/s]
 76%|ΓûêΓûêΓûêΓûêΓûêΓûêΓûêΓûï  | 2292/3000 [27:57<06:38,  1.78it/s]
 76%|ΓûêΓûêΓûêΓûêΓûêΓûêΓûêΓûï  | 2293/3000 [27:57<06:12,  1.90it/s]
 76%|ΓûêΓûêΓûêΓûêΓûêΓûêΓûêΓûï  | 2294/3000 [27:58<06:49,  1.72it/s]
 76%|ΓûêΓûêΓûêΓûêΓûêΓûêΓûêΓûï  | 2295/3000 [28:01<15:11,  1.29s/it]
 77%|ΓûêΓûêΓûêΓûêΓûêΓûêΓûêΓûï  | 2296/3000 [28:02<13:39,  1.16s/it]
 77%|ΓûêΓûêΓûêΓûêΓûêΓûêΓûêΓûï  | 2297/3000 [28:03<13:48,  1.18s/it]
 77%|ΓûêΓûêΓûêΓûêΓûêΓûêΓûêΓûï  | 2298/3000 [28:04<11:49,  1.01s/it]
 77%|ΓûêΓûêΓûêΓûêΓûêΓûêΓûêΓûï  | 2299/3000 [28:04<11:07,  1.05it/s]
 77%|ΓûêΓûêΓûêΓûêΓûêΓûêΓûêΓûï  | 2300/3000 [28:05<09:35,  1.22it/s]
 77%|ΓûêΓûêΓûêΓûêΓûêΓûêΓûêΓûï  | 2301/3000 [28:06<08:49,  1.32it/s]
 77%|ΓûêΓûêΓûêΓûêΓûêΓûêΓûêΓûï  | 2302/3000 [28:06<09:28,  1.23it/s]
 77%|ΓûêΓûêΓûêΓûêΓûêΓûêΓûêΓûï  | 2303/3000 [28:07<08:59,  1.29it/s]
 77%|ΓûêΓûêΓûêΓûêΓûêΓûêΓûêΓûï  | 2304/3000 [28:08<08:20,  1.39it/s]
 77%|ΓûêΓûêΓûêΓûêΓûêΓûêΓûêΓûï  | 2305/3000 [28:08<07:54,  1.46it/s]
 77%|ΓûêΓûêΓûêΓûêΓûêΓûêΓûêΓûï  | 2306/3000 [28:09<08:00,  1.45it/s]
 77%|ΓûêΓûêΓûêΓûêΓûêΓûêΓûêΓûï  | 2307/3000 [28:09<07:06,  1.63it/s]
 77%|ΓûêΓûêΓûêΓûêΓûêΓûêΓûêΓûï  | 2308/3000 [28:10<07:18,  1.58it/s]
 77%|ΓûêΓûêΓûêΓûêΓûêΓûêΓûêΓûï  | 2309/3000 [28:10<06:18,  1.82it/s]
 77%|ΓûêΓûêΓûêΓûêΓûêΓûêΓûêΓûï  | 2310/3000 [28:11<05:54,  1.95it/s]
 77%|ΓûêΓûêΓûêΓûêΓûêΓûêΓûêΓûï  | 2311/3000 [28:12<06:46,  1.69it/s]
 77%|ΓûêΓûêΓûêΓûêΓûêΓûêΓûêΓûï  | 2312/3000 [28:12<05:35,  2.05it/s]
 77%|ΓûêΓûêΓûêΓûêΓûêΓûêΓûêΓûï  | 2313/3000 [28:12<05:40,  2.02it/s]
 77%|ΓûêΓûêΓûêΓûêΓûêΓûêΓûêΓûï  | 2314/3000 [28:13<05:54,  1.93it/s]
 77%|ΓûêΓûêΓûêΓûêΓûêΓûêΓûêΓûï  | 2315/3000 [28:14<06:05,  1.88it/s]
 77%|ΓûêΓûêΓûêΓûêΓûêΓûêΓûêΓûï  | 2316/3000 [28:14<06:23,  1.78it/s]
 77%|ΓûêΓûêΓûêΓûêΓûêΓûêΓûêΓûï  | 2317/3000 [28:15<07:24,  1.54it/s]
 77%|ΓûêΓûêΓûêΓûêΓûêΓûêΓûêΓûï  | 2318/3000 [28:16<07:24,  1.53it/s]
 77%|ΓûêΓûêΓûêΓûêΓûêΓûêΓûêΓûï  | 2319/3000 [28:17<09:49,  1.15it/s]
 77%|ΓûêΓûêΓûêΓûêΓûêΓûêΓûêΓûï  | 2320/3000 [28:18<09:09,  1.24it/s]
 77%|ΓûêΓûêΓûêΓûêΓûêΓûêΓûêΓûï  | 2321/3000 [28:18<08:12,  1.38it/s]
 77%|ΓûêΓûêΓûêΓûêΓûêΓûêΓûêΓûï  | 2322/3000 [28:19<07:23,  1.53it/s]
 77%|ΓûêΓûêΓûêΓûêΓûêΓûêΓûêΓûï  | 2323/3000 [28:19<06:30,  1.73it/s]
 77%|ΓûêΓûêΓûêΓûêΓûêΓûêΓûêΓûï  | 2324/3000 [28:20<06:55,  1.63it/s]
 78%|ΓûêΓûêΓûêΓûêΓûêΓûêΓûêΓûè  | 2325/3000 [28:21<07:23,  1.52it/s]
 78%|ΓûêΓûêΓûêΓûêΓûêΓûêΓûêΓûè  | 2326/3000 [28:21<06:17,  1.79it/s]
 78%|ΓûêΓûêΓûêΓûêΓûêΓûêΓûêΓûè  | 2327/3000 [28:21<05:13,  2.15it/s]
 78%|ΓûêΓûêΓûêΓûêΓûêΓûêΓûêΓûè  | 2328/3000 [28:22<07:18,  1.53it/s]
 78%|ΓûêΓûêΓûêΓûêΓûêΓûêΓûêΓûè  | 2329/3000 [28:23<07:06,  1.57it/s]
 78%|ΓûêΓûêΓûêΓûêΓûêΓûêΓûêΓûè  | 2330/3000 [28:23<06:39,  1.68it/s]
 78%|ΓûêΓûêΓûêΓûêΓûêΓûêΓûêΓûè  | 2331/3000 [28:24<06:35,  1.69it/s]
 78%|ΓûêΓûêΓûêΓûêΓûêΓûêΓûêΓûè  | 2332/3000 [28:25<07:24,  1.50it/s]
 78%|ΓûêΓûêΓûêΓûêΓûêΓûêΓûêΓûè  | 2333/3000 [28:26<08:40,  1.28it/s]
 78%|ΓûêΓûêΓûêΓûêΓûêΓûêΓûêΓûè  | 2334/3000 [28:27<08:15,  1.34it/s]
 78%|ΓûêΓûêΓûêΓûêΓûêΓûêΓûêΓûè  | 2335/3000 [28:27<08:06,  1.37it/s]
 78%|ΓûêΓûêΓûêΓûêΓûêΓûêΓûêΓûè  | 2336/3000 [28:28<07:31,  1.47it/s]
 78%|ΓûêΓûêΓûêΓûêΓûêΓûêΓûêΓûè  | 2337/3000 [28:29<07:41,  1.44it/s]
 78%|ΓûêΓûêΓûêΓûêΓûêΓûêΓûêΓûè  | 2338/3000 [28:30<09:03,  1.22it/s]
 78%|ΓûêΓûêΓûêΓûêΓûêΓûêΓûêΓûè  | 2339/3000 [28:30<08:22,  1.32it/s]
 78%|ΓûêΓûêΓûêΓûêΓûêΓûêΓûêΓûè  | 2340/3000 [28:32<10:17,  1.07it/s]
 78%|ΓûêΓûêΓûêΓûêΓûêΓûêΓûêΓûè  | 2341/3000 [28:32<10:04,  1.09it/s]
 78%|ΓûêΓûêΓûêΓûêΓûêΓûêΓûêΓûè  | 2342/3000 [28:33<09:20,  1.17it/s]
 78%|ΓûêΓûêΓûêΓûêΓûêΓûêΓûêΓûè  | 2343/3000 [28:34<08:25,  1.30it/s]
 78%|ΓûêΓûêΓûêΓûêΓûêΓûêΓûêΓûè  | 2344/3000 [28:35<10:16,  1.06it/s]
 78%|ΓûêΓûêΓûêΓûêΓûêΓûêΓûêΓûè  | 2345/3000 [28:35<08:20,  1.31it/s]
 78%|ΓûêΓûêΓûêΓûêΓûêΓûêΓûêΓûè  | 2346/3000 [28:36<08:19,  1.31it/s]
 78%|ΓûêΓûêΓûêΓûêΓûêΓûêΓûêΓûè  | 2347/3000 [28:37<07:32,  1.44it/s]
 78%|ΓûêΓûêΓûêΓûêΓûêΓûêΓûêΓûè  | 2348/3000 [28:37<07:01,  1.55it/s]
 78%|ΓûêΓûêΓûêΓûêΓûêΓûêΓûêΓûè  | 2349/3000 [28:38<07:15,  1.49it/s]
 78%|ΓûêΓûêΓûêΓûêΓûêΓûêΓûêΓûè  | 2350/3000 [28:38<06:26,  1.68it/s]
 78%|ΓûêΓûêΓûêΓûêΓûêΓûêΓûêΓûè  | 2351/3000 [28:39<05:48,  1.86it/s]
 78%|ΓûêΓûêΓûêΓûêΓûêΓûêΓûêΓûè  | 2352/3000 [28:39<06:11,  1.75it/s]
 78%|ΓûêΓûêΓûêΓûêΓûêΓûêΓûêΓûè  | 2353/3000 [28:40<06:06,  1.77it/s]
 78%|ΓûêΓûêΓûêΓûêΓûêΓûêΓûêΓûè  | 2354/3000 [28:40<05:23,  2.00it/s]
 78%|ΓûêΓûêΓûêΓûêΓûêΓûêΓûêΓûè  | 2355/3000 [28:41<04:49,  2.23it/s]
 79%|ΓûêΓûêΓûêΓûêΓûêΓûêΓûêΓûè  | 2356/3000 [28:41<04:16,  2.51it/s]
 79%|ΓûêΓûêΓûêΓûêΓûêΓûêΓûêΓûè  | 2357/3000 [28:42<05:02,  2.12it/s]
 79%|ΓûêΓûêΓûêΓûêΓûêΓûêΓûêΓûè  | 2358/3000 [28:42<06:07,  1.75it/s]
 79%|ΓûêΓûêΓûêΓûêΓûêΓûêΓûêΓûè  | 2359/3000 [28:43<05:55,  1.80it/s]
 79%|ΓûêΓûêΓûêΓûêΓûêΓûêΓûêΓûè  | 2360/3000 [28:44<06:40,  1.60it/s]
 79%|ΓûêΓûêΓûêΓûêΓûêΓûêΓûêΓûè  | 2361/3000 [28:44<05:58,  1.78it/s]
 79%|ΓûêΓûêΓûêΓûêΓûêΓûêΓûêΓûè  | 2362/3000 [28:46<10:03,  1.06it/s]
 79%|ΓûêΓûêΓûêΓûêΓûêΓûêΓûêΓûë  | 2363/3000 [28:46<08:07,  1.31it/s]
 79%|ΓûêΓûêΓûêΓûêΓûêΓûêΓûêΓûë  | 2364/3000 [28:47<07:01,  1.51it/s]
 79%|ΓûêΓûêΓûêΓûêΓûêΓûêΓûêΓûë  | 2365/3000 [28:47<05:50,  1.81it/s]
 79%|ΓûêΓûêΓûêΓûêΓûêΓûêΓûêΓûë  | 2366/3000 [28:47<05:23,  1.96it/s]
 79%|ΓûêΓûêΓûêΓûêΓûêΓûêΓûêΓûë  | 2367/3000 [28:48<05:08,  2.05it/s]
 79%|ΓûêΓûêΓûêΓûêΓûêΓûêΓûêΓûë  | 2368/3000 [28:48<04:56,  2.13it/s]
 79%|ΓûêΓûêΓûêΓûêΓûêΓûêΓûêΓûë  | 2369/3000 [28:49<05:17,  1.99it/s]
 79%|ΓûêΓûêΓûêΓûêΓûêΓûêΓûêΓûë  | 2370/3000 [28:49<05:26,  1.93it/s]
 79%|ΓûêΓûêΓûêΓûêΓûêΓûêΓûêΓûë  | 2371/3000 [28:50<05:01,  2.08it/s]
 79%|ΓûêΓûêΓûêΓûêΓûêΓûêΓûêΓûë  | 2372/3000 [28:50<04:25,  2.36it/s]
 79%|ΓûêΓûêΓûêΓûêΓûêΓûêΓûêΓûë  | 2373/3000 [28:51<05:34,  1.87it/s]
 79%|ΓûêΓûêΓûêΓûêΓûêΓûêΓûêΓûë  | 2374/3000 [28:52<05:39,  1.84it/s]
 79%|ΓûêΓûêΓûêΓûêΓûêΓûêΓûêΓûë  | 2375/3000 [28:52<05:42,  1.82it/s]
 79%|ΓûêΓûêΓûêΓûêΓûêΓûêΓûêΓûë  | 2376/3000 [28:53<05:49,  1.79it/s]
 79%|ΓûêΓûêΓûêΓûêΓûêΓûêΓûêΓûë  | 2377/3000 [28:53<05:19,  1.95it/s]
 79%|ΓûêΓûêΓûêΓûêΓûêΓûêΓûêΓûë  | 2378/3000 [28:54<05:49,  1.78it/s]
 79%|ΓûêΓûêΓûêΓûêΓûêΓûêΓûêΓûë  | 2379/3000 [28:54<05:24,  1.91it/s]
 79%|ΓûêΓûêΓûêΓûêΓûêΓûêΓûêΓûë  | 2380/3000 [28:55<05:24,  1.91it/s]
 79%|ΓûêΓûêΓûêΓûêΓûêΓûêΓûêΓûë  | 2381/3000 [28:55<06:04,  1.70it/s]
 79%|ΓûêΓûêΓûêΓûêΓûêΓûêΓûêΓûë  | 2382/3000 [28:56<05:22,  1.91it/s]
 79%|ΓûêΓûêΓûêΓûêΓûêΓûêΓûêΓûë  | 2383/3000 [28:56<05:49,  1.76it/s]
 79%|ΓûêΓûêΓûêΓûêΓûêΓûêΓûêΓûë  | 2384/3000 [28:57<06:08,  1.67it/s]
 80%|ΓûêΓûêΓûêΓûêΓûêΓûêΓûêΓûë  | 2385/3000 [28:58<05:26,  1.89it/s]
 80%|ΓûêΓûêΓûêΓûêΓûêΓûêΓûêΓûë  | 2386/3000 [28:58<05:34,  1.83it/s]
 80%|ΓûêΓûêΓûêΓûêΓûêΓûêΓûêΓûë  | 2387/3000 [28:58<04:46,  2.14it/s]
 80%|ΓûêΓûêΓûêΓûêΓûêΓûêΓûêΓûë  | 2388/3000 [28:59<04:13,  2.42it/s]
 80%|ΓûêΓûêΓûêΓûêΓûêΓûêΓûêΓûë  | 2389/3000 [29:00<05:35,  1.82it/s]
 80%|ΓûêΓûêΓûêΓûêΓûêΓûêΓûêΓûë  | 2390/3000 [29:00<06:45,  1.50it/s]
 80%|ΓûêΓûêΓûêΓûêΓûêΓûêΓûêΓûë  | 2391/3000 [29:01<07:35,  1.34it/s]
 80%|ΓûêΓûêΓûêΓûêΓûêΓûêΓûêΓûë  | 2392/3000 [29:02<06:40,  1.52it/s]
 80%|ΓûêΓûêΓûêΓûêΓûêΓûêΓûêΓûë  | 2393/3000 [29:02<06:07,  1.65it/s]
 80%|ΓûêΓûêΓûêΓûêΓûêΓûêΓûêΓûë  | 2394/3000 [29:05<11:53,  1.18s/it]
 80%|ΓûêΓûêΓûêΓûêΓûêΓûêΓûêΓûë  | 2395/3000 [29:06<10:56,  1.08s/it]
 80%|ΓûêΓûêΓûêΓûêΓûêΓûêΓûêΓûë  | 2396/3000 [29:06<09:34,  1.05it/s]
 80%|ΓûêΓûêΓûêΓûêΓûêΓûêΓûêΓûë  | 2397/3000 [29:07<08:35,  1.17it/s]
 80%|ΓûêΓûêΓûêΓûêΓûêΓûêΓûêΓûë  | 2398/3000 [29:08<09:07,  1.10it/s]
 80%|ΓûêΓûêΓûêΓûêΓûêΓûêΓûêΓûë  | 2399/3000 [29:09<09:14,  1.08it/s]
 80%|ΓûêΓûêΓûêΓûêΓûêΓûêΓûêΓûê  | 2400/3000 [29:10<08:07,  1.23it/s]
 80%|ΓûêΓûêΓûêΓûêΓûêΓûêΓûêΓûê  | 2401/3000 [29:10<07:02,  1.42it/s]
 80%|ΓûêΓûêΓûêΓûêΓûêΓûêΓûêΓûê  | 2402/3000 [29:10<06:17,  1.58it/s]
 80%|ΓûêΓûêΓûêΓûêΓûêΓûêΓûêΓûê  | 2403/3000 [29:11<05:51,  1.70it/s]
 80%|ΓûêΓûêΓûêΓûêΓûêΓûêΓûêΓûê  | 2404/3000 [29:12<06:19,  1.57it/s]
 80%|ΓûêΓûêΓûêΓûêΓûêΓûêΓûêΓûê  | 2405/3000 [29:12<05:56,  1.67it/s]
 80%|ΓûêΓûêΓûêΓûêΓûêΓûêΓûêΓûê  | 2406/3000 [29:13<05:11,  1.91it/s]
 80%|ΓûêΓûêΓûêΓûêΓûêΓûêΓûêΓûê  | 2407/3000 [29:13<04:45,  2.08it/s]
 80%|ΓûêΓûêΓûêΓûêΓûêΓûêΓûêΓûê  | 2408/3000 [29:13<04:36,  2.14it/s]
 80%|ΓûêΓûêΓûêΓûêΓûêΓûêΓûêΓûê  | 2409/3000 [29:14<04:33,  2.16it/s]
 80%|ΓûêΓûêΓûêΓûêΓûêΓûêΓûêΓûê  | 2410/3000 [29:15<05:26,  1.81it/s]
 80%|ΓûêΓûêΓûêΓûêΓûêΓûêΓûêΓûê  | 2411/3000 [29:15<05:11,  1.89it/s]
 80%|ΓûêΓûêΓûêΓûêΓûêΓûêΓûêΓûê  | 2412/3000 [29:16<05:57,  1.64it/s]
 80%|ΓûêΓûêΓûêΓûêΓûêΓûêΓûêΓûê  | 2413/3000 [29:16<05:48,  1.69it/s]
 80%|ΓûêΓûêΓûêΓûêΓûêΓûêΓûêΓûê  | 2414/3000 [29:17<05:28,  1.78it/s]
 80%|ΓûêΓûêΓûêΓûêΓûêΓûêΓûêΓûê  | 2415/3000 [29:17<04:55,  1.98it/s]
 81%|ΓûêΓûêΓûêΓûêΓûêΓûêΓûêΓûê  | 2416/3000 [29:19<09:20,  1.04it/s]
 81%|ΓûêΓûêΓûêΓûêΓûêΓûêΓûêΓûê  | 2417/3000 [29:21<10:25,  1.07s/it]
 81%|ΓûêΓûêΓûêΓûêΓûêΓûêΓûêΓûê  | 2418/3000 [29:21<09:10,  1.06it/s]
 81%|ΓûêΓûêΓûêΓûêΓûêΓûêΓûêΓûê  | 2419/3000 [29:22<07:58,  1.21it/s]
 81%|ΓûêΓûêΓûêΓûêΓûêΓûêΓûêΓûê  | 2420/3000 [29:23<08:30,  1.14it/s]
 81%|ΓûêΓûêΓûêΓûêΓûêΓûêΓûêΓûê  | 2421/3000 [29:23<07:23,  1.30it/s]
 81%|ΓûêΓûêΓûêΓûêΓûêΓûêΓûêΓûê  | 2422/3000 [29:24<06:21,  1.51it/s]
 81%|ΓûêΓûêΓûêΓûêΓûêΓûêΓûêΓûê  | 2423/3000 [29:24<05:36,  1.71it/s]
 81%|ΓûêΓûêΓûêΓûêΓûêΓûêΓûêΓûê  | 2424/3000 [29:25<05:36,  1.71it/s]
 81%|ΓûêΓûêΓûêΓûêΓûêΓûêΓûêΓûê  | 2425/3000 [29:25<05:41,  1.68it/s]
 81%|ΓûêΓûêΓûêΓûêΓûêΓûêΓûêΓûê  | 2426/3000 [29:26<05:09,  1.85it/s]
 81%|ΓûêΓûêΓûêΓûêΓûêΓûêΓûêΓûê  | 2427/3000 [29:26<05:25,  1.76it/s]
 81%|ΓûêΓûêΓûêΓûêΓûêΓûêΓûêΓûê  | 2428/3000 [29:27<05:16,  1.81it/s]
 81%|ΓûêΓûêΓûêΓûêΓûêΓûêΓûêΓûê  | 2429/3000 [29:28<05:36,  1.70it/s]
 81%|ΓûêΓûêΓûêΓûêΓûêΓûêΓûêΓûê  | 2430/3000 [29:28<05:32,  1.72it/s]
 81%|ΓûêΓûêΓûêΓûêΓûêΓûêΓûêΓûê  | 2431/3000 [29:31<10:39,  1.12s/it]
 81%|ΓûêΓûêΓûêΓûêΓûêΓûêΓûêΓûê  | 2432/3000 [29:31<08:31,  1.11it/s]
 81%|ΓûêΓûêΓûêΓûêΓûêΓûêΓûêΓûê  | 2433/3000 [29:32<07:50,  1.21it/s]
 81%|ΓûêΓûêΓûêΓûêΓûêΓûêΓûêΓûê  | 2434/3000 [29:32<06:52,  1.37it/s]
 81%|ΓûêΓûêΓûêΓûêΓûêΓûêΓûêΓûê  | 2435/3000 [29:33<07:18,  1.29it/s]
 81%|ΓûêΓûêΓûêΓûêΓûêΓûêΓûêΓûê  | 2436/3000 [29:34<07:49,  1.20it/s]
 81%|ΓûêΓûêΓûêΓûêΓûêΓûêΓûêΓûê  | 2437/3000 [29:34<07:00,  1.34it/s]
 81%|ΓûêΓûêΓûêΓûêΓûêΓûêΓûêΓûêΓûÅ | 2438/3000 [29:36<08:01,  1.17it/s]
 81%|ΓûêΓûêΓûêΓûêΓûêΓûêΓûêΓûêΓûÅ | 2439/3000 [29:37<09:13,  1.01it/s]
 81%|ΓûêΓûêΓûêΓûêΓûêΓûêΓûêΓûêΓûÅ | 2440/3000 [29:38<08:51,  1.05it/s]
 81%|ΓûêΓûêΓûêΓûêΓûêΓûêΓûêΓûêΓûÅ | 2441/3000 [29:40<11:41,  1.25s/it]
 81%|ΓûêΓûêΓûêΓûêΓûêΓûêΓûêΓûêΓûÅ | 2442/3000 [29:40<10:11,  1.10s/it]
 81%|ΓûêΓûêΓûêΓûêΓûêΓûêΓûêΓûêΓûÅ | 2443/3000 [29:41<08:47,  1.06it/s]
 81%|ΓûêΓûêΓûêΓûêΓûêΓûêΓûêΓûêΓûÅ | 2444/3000 [29:42<07:54,  1.17it/s]
 82%|ΓûêΓûêΓûêΓûêΓûêΓûêΓûêΓûêΓûÅ | 2445/3000 [29:43<08:32,  1.08it/s]
 82%|ΓûêΓûêΓûêΓûêΓûêΓûêΓûêΓûêΓûÅ | 2446/3000 [29:44<10:44,  1.16s/it]
 82%|ΓûêΓûêΓûêΓûêΓûêΓûêΓûêΓûêΓûÅ | 2447/3000 [29:45<09:18,  1.01s/it]
 82%|ΓûêΓûêΓûêΓûêΓûêΓûêΓûêΓûêΓûÅ | 2448/3000 [29:46<08:47,  1.05it/s]
 82%|ΓûêΓûêΓûêΓûêΓûêΓûêΓûêΓûêΓûÅ | 2449/3000 [29:46<07:28,  1.23it/s]
 82%|ΓûêΓûêΓûêΓûêΓûêΓûêΓûêΓûêΓûÅ | 2450/3000 [29:47<07:01,  1.30it/s]
 82%|ΓûêΓûêΓûêΓûêΓûêΓûêΓûêΓûêΓûÅ | 2451/3000 [29:48<06:47,  1.35it/s]
 82%|ΓûêΓûêΓûêΓûêΓûêΓûêΓûêΓûêΓûÅ | 2452/3000 [29:48<06:29,  1.41it/s]
 82%|ΓûêΓûêΓûêΓûêΓûêΓûêΓûêΓûêΓûÅ | 2453/3000 [29:49<06:02,  1.51it/s]
 82%|ΓûêΓûêΓûêΓûêΓûêΓûêΓûêΓûêΓûÅ | 2454/3000 [29:49<05:33,  1.64it/s]
 82%|ΓûêΓûêΓûêΓûêΓûêΓûêΓûêΓûêΓûÅ | 2455/3000 [29:50<05:23,  1.69it/s]
 82%|ΓûêΓûêΓûêΓûêΓûêΓûêΓûêΓûêΓûÅ | 2456/3000 [29:51<05:50,  1.55it/s]
 82%|ΓûêΓûêΓûêΓûêΓûêΓûêΓûêΓûêΓûÅ | 2457/3000 [29:52<07:23,  1.22it/s]
 82%|ΓûêΓûêΓûêΓûêΓûêΓûêΓûêΓûêΓûÅ | 2458/3000 [29:53<07:19,  1.23it/s]
 82%|ΓûêΓûêΓûêΓûêΓûêΓûêΓûêΓûêΓûÅ | 2459/3000 [29:54<07:20,  1.23it/s]
 82%|ΓûêΓûêΓûêΓûêΓûêΓûêΓûêΓûêΓûÅ | 2460/3000 [29:54<07:22,  1.22it/s]
 82%|ΓûêΓûêΓûêΓûêΓûêΓûêΓûêΓûêΓûÅ | 2461/3000 [29:55<07:51,  1.14it/s]
 82%|ΓûêΓûêΓûêΓûêΓûêΓûêΓûêΓûêΓûÅ | 2462/3000 [29:56<06:25,  1.39it/s]
 82%|ΓûêΓûêΓûêΓûêΓûêΓûêΓûêΓûêΓûÅ | 2463/3000 [29:56<05:27,  1.64it/s]
 82%|ΓûêΓûêΓûêΓûêΓûêΓûêΓûêΓûêΓûÅ | 2464/3000 [29:57<06:15,  1.43it/s]
 82%|ΓûêΓûêΓûêΓûêΓûêΓûêΓûêΓûêΓûÅ | 2465/3000 [29:58<06:46,  1.32it/s]
 82%|ΓûêΓûêΓûêΓûêΓûêΓûêΓûêΓûêΓûÅ | 2466/3000 [29:58<05:42,  1.56it/s]
 82%|ΓûêΓûêΓûêΓûêΓûêΓûêΓûêΓûêΓûÅ | 2467/3000 [29:59<05:24,  1.64it/s]
 82%|ΓûêΓûêΓûêΓûêΓûêΓûêΓûêΓûêΓûÅ | 2468/3000 [30:00<06:06,  1.45it/s]
 82%|ΓûêΓûêΓûêΓûêΓûêΓûêΓûêΓûêΓûÅ | 2469/3000 [30:01<06:57,  1.27it/s]
 82%|ΓûêΓûêΓûêΓûêΓûêΓûêΓûêΓûêΓûÅ | 2470/3000 [30:02<08:01,  1.10it/s]
 82%|ΓûêΓûêΓûêΓûêΓûêΓûêΓûêΓûêΓûÅ | 2471/3000 [30:02<06:44,  1.31it/s]
 82%|ΓûêΓûêΓûêΓûêΓûêΓûêΓûêΓûêΓûÅ | 2472/3000 [30:03<05:57,  1.48it/s]
 82%|ΓûêΓûêΓûêΓûêΓûêΓûêΓûêΓûêΓûÅ | 2473/3000 [30:03<05:21,  1.64it/s]
 82%|ΓûêΓûêΓûêΓûêΓûêΓûêΓûêΓûêΓûÅ | 2474/3000 [30:04<04:53,  1.79it/s]
 82%|ΓûêΓûêΓûêΓûêΓûêΓûêΓûêΓûêΓûÄ | 2475/3000 [30:05<06:04,  1.44it/s]
 83%|ΓûêΓûêΓûêΓûêΓûêΓûêΓûêΓûêΓûÄ | 2476/3000 [30:05<05:37,  1.55it/s]
 83%|ΓûêΓûêΓûêΓûêΓûêΓûêΓûêΓûêΓûÄ | 2477/3000 [30:06<06:27,  1.35it/s]
 83%|ΓûêΓûêΓûêΓûêΓûêΓûêΓûêΓûêΓûÄ | 2478/3000 [30:07<06:20,  1.37it/s]
 83%|ΓûêΓûêΓûêΓûêΓûêΓûêΓûêΓûêΓûÄ | 2479/3000 [30:08<07:34,  1.15it/s]
 83%|ΓûêΓûêΓûêΓûêΓûêΓûêΓûêΓûêΓûÄ | 2480/3000 [30:11<12:06,  1.40s/it]
 83%|ΓûêΓûêΓûêΓûêΓûêΓûêΓûêΓûêΓûÄ | 2481/3000 [30:12<11:16,  1.30s/it]
 83%|ΓûêΓûêΓûêΓûêΓûêΓûêΓûêΓûêΓûÄ | 2482/3000 [30:12<09:12,  1.07s/it]
 83%|ΓûêΓûêΓûêΓûêΓûêΓûêΓûêΓûêΓûÄ | 2483/3000 [30:13<08:10,  1.05it/s]
 83%|ΓûêΓûêΓûêΓûêΓûêΓûêΓûêΓûêΓûÄ | 2484/3000 [30:14<07:48,  1.10it/s]
 83%|ΓûêΓûêΓûêΓûêΓûêΓûêΓûêΓûêΓûÄ | 2485/3000 [30:16<11:22,  1.32s/it]
 83%|ΓûêΓûêΓûêΓûêΓûêΓûêΓûêΓûêΓûÄ | 2486/3000 [30:16<08:43,  1.02s/it]
 83%|ΓûêΓûêΓûêΓûêΓûêΓûêΓûêΓûêΓûÄ | 2487/3000 [30:18<10:44,  1.26s/it]
 83%|ΓûêΓûêΓûêΓûêΓûêΓûêΓûêΓûêΓûÄ | 2488/3000 [30:19<09:01,  1.06s/it]
 83%|ΓûêΓûêΓûêΓûêΓûêΓûêΓûêΓûêΓûÄ | 2489/3000 [30:19<07:25,  1.15it/s]
 83%|ΓûêΓûêΓûêΓûêΓûêΓûêΓûêΓûêΓûÄ | 2490/3000 [30:20<06:04,  1.40it/s]
 83%|ΓûêΓûêΓûêΓûêΓûêΓûêΓûêΓûêΓûÄ | 2491/3000 [30:20<05:48,  1.46it/s]
 83%|ΓûêΓûêΓûêΓûêΓûêΓûêΓûêΓûêΓûÄ | 2492/3000 [30:21<05:53,  1.44it/s]
 83%|ΓûêΓûêΓûêΓûêΓûêΓûêΓûêΓûêΓûÄ | 2493/3000 [30:22<05:45,  1.47it/s]
 83%|ΓûêΓûêΓûêΓûêΓûêΓûêΓûêΓûêΓûÄ | 2494/3000 [30:22<05:20,  1.58it/s]
 83%|ΓûêΓûêΓûêΓûêΓûêΓûêΓûêΓûêΓûÄ | 2495/3000 [30:23<05:43,  1.47it/s]
 83%|ΓûêΓûêΓûêΓûêΓûêΓûêΓûêΓûêΓûÄ | 2496/3000 [30:24<06:37,  1.27it/s]
 83%|ΓûêΓûêΓûêΓûêΓûêΓûêΓûêΓûêΓûÄ | 2497/3000 [30:24<05:26,  1.54it/s]
 83%|ΓûêΓûêΓûêΓûêΓûêΓûêΓûêΓûêΓûÄ | 2498/3000 [30:25<05:09,  1.62it/s]
 83%|ΓûêΓûêΓûêΓûêΓûêΓûêΓûêΓûêΓûÄ | 2499/3000 [30:25<05:09,  1.62it/s]
 83%|ΓûêΓûêΓûêΓûêΓûêΓûêΓûêΓûêΓûÄ | 2500/3000 [30:26<04:45,  1.75it/s]
 83%|ΓûêΓûêΓûêΓûêΓûêΓûêΓûêΓûêΓûÄ | 2501/3000 [30:26<04:38,  1.79it/s]
 83%|ΓûêΓûêΓûêΓûêΓûêΓûêΓûêΓûêΓûÄ | 2502/3000 [30:27<04:21,  1.91it/s]
 83%|ΓûêΓûêΓûêΓûêΓûêΓûêΓûêΓûêΓûÄ | 2503/3000 [30:28<05:05,  1.63it/s]
 83%|ΓûêΓûêΓûêΓûêΓûêΓûêΓûêΓûêΓûÄ | 2504/3000 [30:28<05:00,  1.65it/s]
 84%|ΓûêΓûêΓûêΓûêΓûêΓûêΓûêΓûêΓûÄ | 2505/3000 [30:29<05:03,  1.63it/s]
 84%|ΓûêΓûêΓûêΓûêΓûêΓûêΓûêΓûêΓûÄ | 2506/3000 [30:30<06:13,  1.32it/s]
 84%|ΓûêΓûêΓûêΓûêΓûêΓûêΓûêΓûêΓûÄ | 2507/3000 [30:31<06:34,  1.25it/s]
 84%|ΓûêΓûêΓûêΓûêΓûêΓûêΓûêΓûêΓûÄ | 2508/3000 [30:32<06:15,  1.31it/s]
 84%|ΓûêΓûêΓûêΓûêΓûêΓûêΓûêΓûêΓûÄ | 2509/3000 [30:32<05:34,  1.47it/s]
 84%|ΓûêΓûêΓûêΓûêΓûêΓûêΓûêΓûêΓûÄ | 2510/3000 [30:33<05:39,  1.45it/s]
 84%|ΓûêΓûêΓûêΓûêΓûêΓûêΓûêΓûêΓûÄ | 2511/3000 [30:33<05:19,  1.53it/s]
 84%|ΓûêΓûêΓûêΓûêΓûêΓûêΓûêΓûêΓûÄ | 2512/3000 [30:34<06:18,  1.29it/s]
 84%|ΓûêΓûêΓûêΓûêΓûêΓûêΓûêΓûêΓûì | 2513/3000 [30:35<06:22,  1.27it/s]
 84%|ΓûêΓûêΓûêΓûêΓûêΓûêΓûêΓûêΓûì | 2514/3000 [30:38<11:46,  1.45s/it]
 84%|ΓûêΓûêΓûêΓûêΓûêΓûêΓûêΓûêΓûì | 2515/3000 [30:39<09:56,  1.23s/it]
 84%|ΓûêΓûêΓûêΓûêΓûêΓûêΓûêΓûêΓûì | 2516/3000 [30:40<08:20,  1.03s/it]
 84%|ΓûêΓûêΓûêΓûêΓûêΓûêΓûêΓûêΓûì | 2517/3000 [30:43<13:01,  1.62s/it]
 84%|ΓûêΓûêΓûêΓûêΓûêΓûêΓûêΓûêΓûì | 2518/3000 [30:43<10:27,  1.30s/it]
 84%|ΓûêΓûêΓûêΓûêΓûêΓûêΓûêΓûêΓûì | 2519/3000 [30:44<08:34,  1.07s/it]
 84%|ΓûêΓûêΓûêΓûêΓûêΓûêΓûêΓûêΓûì | 2520/3000 [30:44<07:24,  1.08it/s]
 84%|ΓûêΓûêΓûêΓûêΓûêΓûêΓûêΓûêΓûì | 2521/3000 [30:45<06:22,  1.25it/s]
 84%|ΓûêΓûêΓûêΓûêΓûêΓûêΓûêΓûêΓûì | 2522/3000 [30:45<05:29,  1.45it/s]
 84%|ΓûêΓûêΓûêΓûêΓûêΓûêΓûêΓûêΓûì | 2523/3000 [30:46<05:35,  1.42it/s]
 84%|ΓûêΓûêΓûêΓûêΓûêΓûêΓûêΓûêΓûì | 2524/3000 [30:47<05:23,  1.47it/s]
 84%|ΓûêΓûêΓûêΓûêΓûêΓûêΓûêΓûêΓûì | 2525/3000 [30:47<05:05,  1.55it/s]
 84%|ΓûêΓûêΓûêΓûêΓûêΓûêΓûêΓûêΓûì | 2526/3000 [30:48<04:57,  1.59it/s]
 84%|ΓûêΓûêΓûêΓûêΓûêΓûêΓûêΓûêΓûì | 2527/3000 [30:48<04:30,  1.75it/s]
 84%|ΓûêΓûêΓûêΓûêΓûêΓûêΓûêΓûêΓûì | 2528/3000 [30:48<03:56,  1.99it/s]
 84%|ΓûêΓûêΓûêΓûêΓûêΓûêΓûêΓûêΓûì | 2529/3000 [30:50<05:42,  1.38it/s]
 84%|ΓûêΓûêΓûêΓûêΓûêΓûêΓûêΓûêΓûì | 2530/3000 [30:50<05:41,  1.38it/s]
 84%|ΓûêΓûêΓûêΓûêΓûêΓûêΓûêΓûêΓûì | 2531/3000 [30:51<05:11,  1.51it/s]
 84%|ΓûêΓûêΓûêΓûêΓûêΓûêΓûêΓûêΓûì | 2532/3000 [30:52<06:35,  1.18it/s]
 84%|ΓûêΓûêΓûêΓûêΓûêΓûêΓûêΓûêΓûì | 2533/3000 [30:53<05:22,  1.45it/s]
 84%|ΓûêΓûêΓûêΓûêΓûêΓûêΓûêΓûêΓûì | 2534/3000 [30:53<04:33,  1.70it/s]
 84%|ΓûêΓûêΓûêΓûêΓûêΓûêΓûêΓûêΓûì | 2535/3000 [30:54<04:42,  1.64it/s]
 85%|ΓûêΓûêΓûêΓûêΓûêΓûêΓûêΓûêΓûì | 2536/3000 [30:54<04:17,  1.80it/s]
 85%|ΓûêΓûêΓûêΓûêΓûêΓûêΓûêΓûêΓûì | 2537/3000 [30:55<04:54,  1.57it/s]
 85%|ΓûêΓûêΓûêΓûêΓûêΓûêΓûêΓûêΓûì | 2538/3000 [30:55<04:56,  1.56it/s]
 85%|ΓûêΓûêΓûêΓûêΓûêΓûêΓûêΓûêΓûì | 2539/3000 [30:56<04:37,  1.66it/s]
 85%|ΓûêΓûêΓûêΓûêΓûêΓûêΓûêΓûêΓûì | 2540/3000 [30:57<04:28,  1.71it/s]
 85%|ΓûêΓûêΓûêΓûêΓûêΓûêΓûêΓûêΓûì | 2541/3000 [30:57<04:53,  1.56it/s]
 85%|ΓûêΓûêΓûêΓûêΓûêΓûêΓûêΓûêΓûì | 2542/3000 [30:58<05:26,  1.40it/s]
 85%|ΓûêΓûêΓûêΓûêΓûêΓûêΓûêΓûêΓûì | 2543/3000 [30:59<05:25,  1.40it/s]
 85%|ΓûêΓûêΓûêΓûêΓûêΓûêΓûêΓûêΓûì | 2544/3000 [31:00<05:12,  1.46it/s]
 85%|ΓûêΓûêΓûêΓûêΓûêΓûêΓûêΓûêΓûì | 2545/3000 [31:00<04:49,  1.57it/s]
 85%|ΓûêΓûêΓûêΓûêΓûêΓûêΓûêΓûêΓûì | 2546/3000 [31:01<05:08,  1.47it/s]
 85%|ΓûêΓûêΓûêΓûêΓûêΓûêΓûêΓûêΓûì | 2547/3000 [31:01<04:31,  1.67it/s]
 85%|ΓûêΓûêΓûêΓûêΓûêΓûêΓûêΓûêΓûì | 2548/3000 [31:02<04:33,  1.65it/s]
 85%|ΓûêΓûêΓûêΓûêΓûêΓûêΓûêΓûêΓûì | 2549/3000 [31:02<04:08,  1.81it/s]
 85%|ΓûêΓûêΓûêΓûêΓûêΓûêΓûêΓûêΓûî | 2550/3000 [31:03<03:51,  1.94it/s]
 85%|ΓûêΓûêΓûêΓûêΓûêΓûêΓûêΓûêΓûî | 2551/3000 [31:03<04:14,  1.76it/s]
 85%|ΓûêΓûêΓûêΓûêΓûêΓûêΓûêΓûêΓûî | 2552/3000 [31:04<04:55,  1.51it/s]
 85%|ΓûêΓûêΓûêΓûêΓûêΓûêΓûêΓûêΓûî | 2553/3000 [31:05<04:37,  1.61it/s]
 85%|ΓûêΓûêΓûêΓûêΓûêΓûêΓûêΓûêΓûî | 2554/3000 [31:05<04:29,  1.65it/s]
 85%|ΓûêΓûêΓûêΓûêΓûêΓûêΓûêΓûêΓûî | 2555/3000 [31:06<04:22,  1.69it/s]
 85%|ΓûêΓûêΓûêΓûêΓûêΓûêΓûêΓûêΓûî | 2556/3000 [31:07<04:39,  1.59it/s]
 85%|ΓûêΓûêΓûêΓûêΓûêΓûêΓûêΓûêΓûî | 2557/3000 [31:07<04:36,  1.60it/s]
 85%|ΓûêΓûêΓûêΓûêΓûêΓûêΓûêΓûêΓûî | 2558/3000 [31:08<04:32,  1.62it/s]
 85%|ΓûêΓûêΓûêΓûêΓûêΓûêΓûêΓûêΓûî | 2559/3000 [31:08<04:22,  1.68it/s]
 85%|ΓûêΓûêΓûêΓûêΓûêΓûêΓûêΓûêΓûî | 2560/3000 [31:09<04:09,  1.76it/s]
 85%|ΓûêΓûêΓûêΓûêΓûêΓûêΓûêΓûêΓûî | 2561/3000 [31:10<04:57,  1.47it/s]
 85%|ΓûêΓûêΓûêΓûêΓûêΓûêΓûêΓûêΓûî | 2562/3000 [31:10<04:36,  1.59it/s]
 85%|ΓûêΓûêΓûêΓûêΓûêΓûêΓûêΓûêΓûî | 2563/3000 [31:11<04:11,  1.74it/s]
 85%|ΓûêΓûêΓûêΓûêΓûêΓûêΓûêΓûêΓûî | 2564/3000 [31:12<04:27,  1.63it/s]
 86%|ΓûêΓûêΓûêΓûêΓûêΓûêΓûêΓûêΓûî | 2565/3000 [31:12<04:28,  1.62it/s]
 86%|ΓûêΓûêΓûêΓûêΓûêΓûêΓûêΓûêΓûî | 2566/3000 [31:12<03:51,  1.87it/s]
 86%|ΓûêΓûêΓûêΓûêΓûêΓûêΓûêΓûêΓûî | 2567/3000 [31:15<08:59,  1.25s/it]
 86%|ΓûêΓûêΓûêΓûêΓûêΓûêΓûêΓûêΓûî | 2568/3000 [31:16<07:46,  1.08s/it]
 86%|ΓûêΓûêΓûêΓûêΓûêΓûêΓûêΓûêΓûî | 2569/3000 [31:16<06:20,  1.13it/s]
 86%|ΓûêΓûêΓûêΓûêΓûêΓûêΓûêΓûêΓûî | 2570/3000 [31:17<06:31,  1.10it/s]
 86%|ΓûêΓûêΓûêΓûêΓûêΓûêΓûêΓûêΓûî | 2571/3000 [31:19<07:18,  1.02s/it]
 86%|ΓûêΓûêΓûêΓûêΓûêΓûêΓûêΓûêΓûî | 2572/3000 [31:19<05:56,  1.20it/s]
 86%|ΓûêΓûêΓûêΓûêΓûêΓûêΓûêΓûêΓûî | 2573/3000 [31:20<06:34,  1.08it/s]
 86%|ΓûêΓûêΓûêΓûêΓûêΓûêΓûêΓûêΓûî | 2574/3000 [31:21<05:48,  1.22it/s]
 86%|ΓûêΓûêΓûêΓûêΓûêΓûêΓûêΓûêΓûî | 2575/3000 [31:21<05:21,  1.32it/s]
 86%|ΓûêΓûêΓûêΓûêΓûêΓûêΓûêΓûêΓûî | 2576/3000 [31:23<06:05,  1.16it/s]
 86%|ΓûêΓûêΓûêΓûêΓûêΓûêΓûêΓûêΓûî | 2577/3000 [31:23<05:23,  1.31it/s]
 86%|ΓûêΓûêΓûêΓûêΓûêΓûêΓûêΓûêΓûî | 2578/3000 [31:25<07:23,  1.05s/it]
 86%|ΓûêΓûêΓûêΓûêΓûêΓûêΓûêΓûêΓûî | 2579/3000 [31:25<05:52,  1.20it/s]
 86%|ΓûêΓûêΓûêΓûêΓûêΓûêΓûêΓûêΓûî | 2580/3000 [31:26<05:30,  1.27it/s]
 86%|ΓûêΓûêΓûêΓûêΓûêΓûêΓûêΓûêΓûî | 2581/3000 [31:27<05:44,  1.22it/s]
 86%|ΓûêΓûêΓûêΓûêΓûêΓûêΓûêΓûêΓûî | 2582/3000 [31:27<05:26,  1.28it/s]
 86%|ΓûêΓûêΓûêΓûêΓûêΓûêΓûêΓûêΓûî | 2583/3000 [31:28<04:41,  1.48it/s]
 86%|ΓûêΓûêΓûêΓûêΓûêΓûêΓûêΓûêΓûî | 2584/3000 [31:28<04:21,  1.59it/s]
 86%|ΓûêΓûêΓûêΓûêΓûêΓûêΓûêΓûêΓûî | 2585/3000 [31:29<04:56,  1.40it/s]
 86%|ΓûêΓûêΓûêΓûêΓûêΓûêΓûêΓûêΓûî | 2586/3000 [31:30<04:08,  1.66it/s]
 86%|ΓûêΓûêΓûêΓûêΓûêΓûêΓûêΓûêΓûî | 2587/3000 [31:30<04:25,  1.55it/s]
 86%|ΓûêΓûêΓûêΓûêΓûêΓûêΓûêΓûêΓûï | 2588/3000 [31:31<04:22,  1.57it/s]
 86%|ΓûêΓûêΓûêΓûêΓûêΓûêΓûêΓûêΓûï | 2589/3000 [31:32<04:45,  1.44it/s]
 86%|ΓûêΓûêΓûêΓûêΓûêΓûêΓûêΓûêΓûï | 2590/3000 [31:32<04:26,  1.54it/s]
 86%|ΓûêΓûêΓûêΓûêΓûêΓûêΓûêΓûêΓûï | 2591/3000 [31:33<04:21,  1.57it/s]
 86%|ΓûêΓûêΓûêΓûêΓûêΓûêΓûêΓûêΓûï | 2592/3000 [31:34<04:18,  1.58it/s]
 86%|ΓûêΓûêΓûêΓûêΓûêΓûêΓûêΓûêΓûï | 2593/3000 [31:34<03:57,  1.71it/s]
 86%|ΓûêΓûêΓûêΓûêΓûêΓûêΓûêΓûêΓûï | 2594/3000 [31:34<03:27,  1.96it/s]
 86%|ΓûêΓûêΓûêΓûêΓûêΓûêΓûêΓûêΓûï | 2595/3000 [31:35<03:06,  2.17it/s]
 87%|ΓûêΓûêΓûêΓûêΓûêΓûêΓûêΓûêΓûï | 2596/3000 [31:36<04:00,  1.68it/s]
 87%|ΓûêΓûêΓûêΓûêΓûêΓûêΓûêΓûêΓûï | 2597/3000 [31:37<05:07,  1.31it/s]
 87%|ΓûêΓûêΓûêΓûêΓûêΓûêΓûêΓûêΓûï | 2598/3000 [31:37<04:26,  1.51it/s]
 87%|ΓûêΓûêΓûêΓûêΓûêΓûêΓûêΓûêΓûï | 2599/3000 [31:38<04:23,  1.52it/s]
 87%|ΓûêΓûêΓûêΓûêΓûêΓûêΓûêΓûêΓûï | 2600/3000 [31:38<03:57,  1.68it/s]
 87%|ΓûêΓûêΓûêΓûêΓûêΓûêΓûêΓûêΓûï | 2601/3000 [31:39<03:47,  1.75it/s]
 87%|ΓûêΓûêΓûêΓûêΓûêΓûêΓûêΓûêΓûï | 2602/3000 [31:39<03:54,  1.70it/s]
 87%|ΓûêΓûêΓûêΓûêΓûêΓûêΓûêΓûêΓûï | 2603/3000 [31:40<04:09,  1.59it/s]
 87%|ΓûêΓûêΓûêΓûêΓûêΓûêΓûêΓûêΓûï | 2604/3000 [31:41<03:57,  1.66it/s]
 87%|ΓûêΓûêΓûêΓûêΓûêΓûêΓûêΓûêΓûï | 2605/3000 [31:41<03:25,  1.92it/s]
 87%|ΓûêΓûêΓûêΓûêΓûêΓûêΓûêΓûêΓûï | 2606/3000 [31:42<04:03,  1.62it/s]
 87%|ΓûêΓûêΓûêΓûêΓûêΓûêΓûêΓûêΓûï | 2607/3000 [31:42<03:39,  1.79it/s]
 87%|ΓûêΓûêΓûêΓûêΓûêΓûêΓûêΓûêΓûï | 2608/3000 [31:43<04:01,  1.62it/s]
 87%|ΓûêΓûêΓûêΓûêΓûêΓûêΓûêΓûêΓûï | 2609/3000 [31:44<04:59,  1.31it/s]
 87%|ΓûêΓûêΓûêΓûêΓûêΓûêΓûêΓûêΓûï | 2610/3000 [31:45<04:30,  1.44it/s]
 87%|ΓûêΓûêΓûêΓûêΓûêΓûêΓûêΓûêΓûï | 2611/3000 [31:45<04:12,  1.54it/s]
 87%|ΓûêΓûêΓûêΓûêΓûêΓûêΓûêΓûêΓûï | 2612/3000 [31:46<03:57,  1.64it/s]
 87%|ΓûêΓûêΓûêΓûêΓûêΓûêΓûêΓûêΓûï | 2613/3000 [31:46<03:45,  1.72it/s]
 87%|ΓûêΓûêΓûêΓûêΓûêΓûêΓûêΓûêΓûï | 2614/3000 [31:47<03:45,  1.71it/s]
 87%|ΓûêΓûêΓûêΓûêΓûêΓûêΓûêΓûêΓûï | 2615/3000 [31:48<04:29,  1.43it/s]
 87%|ΓûêΓûêΓûêΓûêΓûêΓûêΓûêΓûêΓûï | 2616/3000 [31:49<05:12,  1.23it/s]
 87%|ΓûêΓûêΓûêΓûêΓûêΓûêΓûêΓûêΓûï | 2617/3000 [31:49<04:36,  1.38it/s]
 87%|ΓûêΓûêΓûêΓûêΓûêΓûêΓûêΓûêΓûï | 2618/3000 [31:50<04:46,  1.34it/s]
 87%|ΓûêΓûêΓûêΓûêΓûêΓûêΓûêΓûêΓûï | 2619/3000 [31:51<05:04,  1.25it/s]
 87%|ΓûêΓûêΓûêΓûêΓûêΓûêΓûêΓûêΓûï | 2620/3000 [31:52<04:31,  1.40it/s]
 87%|ΓûêΓûêΓûêΓûêΓûêΓûêΓûêΓûêΓûï | 2621/3000 [31:52<04:36,  1.37it/s]
 87%|ΓûêΓûêΓûêΓûêΓûêΓûêΓûêΓûêΓûï | 2622/3000 [31:53<04:48,  1.31it/s]
 87%|ΓûêΓûêΓûêΓûêΓûêΓûêΓûêΓûêΓûï | 2623/3000 [31:54<04:10,  1.50it/s]
 87%|ΓûêΓûêΓûêΓûêΓûêΓûêΓûêΓûêΓûï | 2624/3000 [31:54<03:53,  1.61it/s]
 88%|ΓûêΓûêΓûêΓûêΓûêΓûêΓûêΓûêΓûè | 2625/3000 [31:55<04:05,  1.53it/s]
 88%|ΓûêΓûêΓûêΓûêΓûêΓûêΓûêΓûêΓûè | 2626/3000 [31:56<04:04,  1.53it/s]
 88%|ΓûêΓûêΓûêΓûêΓûêΓûêΓûêΓûêΓûè | 2627/3000 [31:56<04:20,  1.43it/s]
 88%|ΓûêΓûêΓûêΓûêΓûêΓûêΓûêΓûêΓûè | 2628/3000 [31:57<03:49,  1.62it/s]
 88%|ΓûêΓûêΓûêΓûêΓûêΓûêΓûêΓûêΓûè | 2629/3000 [31:58<03:55,  1.58it/s]
 88%|ΓûêΓûêΓûêΓûêΓûêΓûêΓûêΓûêΓûè | 2630/3000 [31:58<03:21,  1.83it/s]
 88%|ΓûêΓûêΓûêΓûêΓûêΓûêΓûêΓûêΓûè | 2631/3000 [31:59<03:38,  1.69it/s]
 88%|ΓûêΓûêΓûêΓûêΓûêΓûêΓûêΓûêΓûè | 2632/3000 [31:59<03:57,  1.55it/s]
 88%|ΓûêΓûêΓûêΓûêΓûêΓûêΓûêΓûêΓûè | 2633/3000 [32:00<03:44,  1.64it/s]
 88%|ΓûêΓûêΓûêΓûêΓûêΓûêΓûêΓûêΓûè | 2634/3000 [32:00<03:31,  1.73it/s]
 88%|ΓûêΓûêΓûêΓûêΓûêΓûêΓûêΓûêΓûè | 2635/3000 [32:01<03:04,  1.98it/s]
 88%|ΓûêΓûêΓûêΓûêΓûêΓûêΓûêΓûêΓûè | 2636/3000 [32:01<03:04,  1.97it/s]
 88%|ΓûêΓûêΓûêΓûêΓûêΓûêΓûêΓûêΓûè | 2637/3000 [32:02<03:05,  1.96it/s]
 88%|ΓûêΓûêΓûêΓûêΓûêΓûêΓûêΓûêΓûè | 2638/3000 [32:02<02:55,  2.06it/s]
 88%|ΓûêΓûêΓûêΓûêΓûêΓûêΓûêΓûêΓûè | 2639/3000 [32:03<03:48,  1.58it/s]
 88%|ΓûêΓûêΓûêΓûêΓûêΓûêΓûêΓûêΓûè | 2640/3000 [32:04<03:43,  1.61it/s]
 88%|ΓûêΓûêΓûêΓûêΓûêΓûêΓûêΓûêΓûè | 2641/3000 [32:04<03:12,  1.86it/s]
 88%|ΓûêΓûêΓûêΓûêΓûêΓûêΓûêΓûêΓûè | 2642/3000 [32:05<03:09,  1.89it/s]
 88%|ΓûêΓûêΓûêΓûêΓûêΓûêΓûêΓûêΓûè | 2643/3000 [32:05<03:08,  1.90it/s]
 88%|ΓûêΓûêΓûêΓûêΓûêΓûêΓûêΓûêΓûè | 2644/3000 [32:06<03:06,  1.91it/s]
 88%|ΓûêΓûêΓûêΓûêΓûêΓûêΓûêΓûêΓûè | 2645/3000 [32:06<03:03,  1.93it/s]
 88%|ΓûêΓûêΓûêΓûêΓûêΓûêΓûêΓûêΓûè | 2646/3000 [32:07<03:11,  1.85it/s]
 88%|ΓûêΓûêΓûêΓûêΓûêΓûêΓûêΓûêΓûè | 2647/3000 [32:07<03:22,  1.75it/s]
 88%|ΓûêΓûêΓûêΓûêΓûêΓûêΓûêΓûêΓûè | 2648/3000 [32:08<03:18,  1.77it/s]
 88%|ΓûêΓûêΓûêΓûêΓûêΓûêΓûêΓûêΓûè | 2649/3000 [32:09<03:56,  1.48it/s]
 88%|ΓûêΓûêΓûêΓûêΓûêΓûêΓûêΓûêΓûè | 2650/3000 [32:10<04:15,  1.37it/s]
 88%|ΓûêΓûêΓûêΓûêΓûêΓûêΓûêΓûêΓûè | 2651/3000 [32:10<03:53,  1.50it/s]
 88%|ΓûêΓûêΓûêΓûêΓûêΓûêΓûêΓûêΓûè | 2652/3000 [32:11<03:54,  1.48it/s]
 88%|ΓûêΓûêΓûêΓûêΓûêΓûêΓûêΓûêΓûè | 2653/3000 [32:11<03:34,  1.62it/s]
 88%|ΓûêΓûêΓûêΓûêΓûêΓûêΓûêΓûêΓûè | 2654/3000 [32:12<03:23,  1.70it/s]
 88%|ΓûêΓûêΓûêΓûêΓûêΓûêΓûêΓûêΓûè | 2655/3000 [32:12<03:07,  1.84it/s]
 89%|ΓûêΓûêΓûêΓûêΓûêΓûêΓûêΓûêΓûè | 2656/3000 [32:13<03:52,  1.48it/s]
 89%|ΓûêΓûêΓûêΓûêΓûêΓûêΓûêΓûêΓûè | 2657/3000 [32:14<04:15,  1.34it/s]
 89%|ΓûêΓûêΓûêΓûêΓûêΓûêΓûêΓûêΓûè | 2658/3000 [32:15<04:31,  1.26it/s]
 89%|ΓûêΓûêΓûêΓûêΓûêΓûêΓûêΓûêΓûè | 2659/3000 [32:16<04:05,  1.39it/s]
 89%|ΓûêΓûêΓûêΓûêΓûêΓûêΓûêΓûêΓûè | 2660/3000 [32:16<03:45,  1.51it/s]
 89%|ΓûêΓûêΓûêΓûêΓûêΓûêΓûêΓûêΓûè | 2661/3000 [32:17<03:33,  1.59it/s]
 89%|ΓûêΓûêΓûêΓûêΓûêΓûêΓûêΓûêΓûè | 2662/3000 [32:18<03:44,  1.51it/s]
 89%|ΓûêΓûêΓûêΓûêΓûêΓûêΓûêΓûêΓûë | 2663/3000 [32:18<03:51,  1.45it/s]
 89%|ΓûêΓûêΓûêΓûêΓûêΓûêΓûêΓûêΓûë | 2664/3000 [32:19<03:52,  1.44it/s]
 89%|ΓûêΓûêΓûêΓûêΓûêΓûêΓûêΓûêΓûë | 2665/3000 [32:22<07:41,  1.38s/it]
 89%|ΓûêΓûêΓûêΓûêΓûêΓûêΓûêΓûêΓûë | 2666/3000 [32:23<06:16,  1.13s/it]
 89%|ΓûêΓûêΓûêΓûêΓûêΓûêΓûêΓûêΓûë | 2667/3000 [32:23<05:56,  1.07s/it]
 89%|ΓûêΓûêΓûêΓûêΓûêΓûêΓûêΓûêΓûë | 2668/3000 [32:24<04:52,  1.14it/s]
 89%|ΓûêΓûêΓûêΓûêΓûêΓûêΓûêΓûêΓûë | 2669/3000 [32:24<04:15,  1.29it/s]
 89%|ΓûêΓûêΓûêΓûêΓûêΓûêΓûêΓûêΓûë | 2670/3000 [32:25<03:50,  1.43it/s]
 89%|ΓûêΓûêΓûêΓûêΓûêΓûêΓûêΓûêΓûë | 2671/3000 [32:25<03:33,  1.54it/s]
 89%|ΓûêΓûêΓûêΓûêΓûêΓûêΓûêΓûêΓûë | 2672/3000 [32:27<04:11,  1.31it/s]
 89%|ΓûêΓûêΓûêΓûêΓûêΓûêΓûêΓûêΓûë | 2673/3000 [32:29<07:47,  1.43s/it]
 89%|ΓûêΓûêΓûêΓûêΓûêΓûêΓûêΓûêΓûë | 2674/3000 [32:30<06:17,  1.16s/it]
 89%|ΓûêΓûêΓûêΓûêΓûêΓûêΓûêΓûêΓûë | 2675/3000 [32:31<05:42,  1.05s/it]
 89%|ΓûêΓûêΓûêΓûêΓûêΓûêΓûêΓûêΓûë | 2676/3000 [32:32<06:40,  1.24s/it]
 89%|ΓûêΓûêΓûêΓûêΓûêΓûêΓûêΓûêΓûë | 2677/3000 [32:33<05:22,  1.00it/s]
 89%|ΓûêΓûêΓûêΓûêΓûêΓûêΓûêΓûêΓûë | 2678/3000 [32:34<05:38,  1.05s/it]
 89%|ΓûêΓûêΓûêΓûêΓûêΓûêΓûêΓûêΓûë | 2679/3000 [32:35<04:46,  1.12it/s]
 89%|ΓûêΓûêΓûêΓûêΓûêΓûêΓûêΓûêΓûë | 2680/3000 [32:35<04:18,  1.24it/s]
 89%|ΓûêΓûêΓûêΓûêΓûêΓûêΓûêΓûêΓûë | 2681/3000 [32:36<03:33,  1.49it/s]
 89%|ΓûêΓûêΓûêΓûêΓûêΓûêΓûêΓûêΓûë | 2682/3000 [32:39<07:12,  1.36s/it]
 89%|ΓûêΓûêΓûêΓûêΓûêΓûêΓûêΓûêΓûë | 2683/3000 [32:39<05:47,  1.10s/it]
 89%|ΓûêΓûêΓûêΓûêΓûêΓûêΓûêΓûêΓûë | 2684/3000 [32:42<08:47,  1.67s/it]
 90%|ΓûêΓûêΓûêΓûêΓûêΓûêΓûêΓûêΓûë | 2685/3000 [32:42<06:48,  1.30s/it]
 90%|ΓûêΓûêΓûêΓûêΓûêΓûêΓûêΓûêΓûë | 2686/3000 [32:43<05:26,  1.04s/it]
 90%|ΓûêΓûêΓûêΓûêΓûêΓûêΓûêΓûêΓûë | 2687/3000 [32:44<05:10,  1.01it/s]
 90%|ΓûêΓûêΓûêΓûêΓûêΓûêΓûêΓûêΓûë | 2688/3000 [32:44<04:29,  1.16it/s]
 90%|ΓûêΓûêΓûêΓûêΓûêΓûêΓûêΓûêΓûë | 2689/3000 [32:45<04:04,  1.27it/s]
 90%|ΓûêΓûêΓûêΓûêΓûêΓûêΓûêΓûêΓûë | 2690/3000 [32:46<03:45,  1.37it/s]
 90%|ΓûêΓûêΓûêΓûêΓûêΓûêΓûêΓûêΓûë | 2691/3000 [32:46<03:10,  1.62it/s]
 90%|ΓûêΓûêΓûêΓûêΓûêΓûêΓûêΓûêΓûë | 2692/3000 [32:46<02:52,  1.78it/s]
 90%|ΓûêΓûêΓûêΓûêΓûêΓûêΓûêΓûêΓûë | 2693/3000 [32:47<02:39,  1.92it/s]
 90%|ΓûêΓûêΓûêΓûêΓûêΓûêΓûêΓûêΓûë | 2694/3000 [32:47<02:46,  1.84it/s]
 90%|ΓûêΓûêΓûêΓûêΓûêΓûêΓûêΓûêΓûë | 2695/3000 [32:48<02:44,  1.86it/s]
 90%|ΓûêΓûêΓûêΓûêΓûêΓûêΓûêΓûêΓûë | 2696/3000 [32:48<02:33,  1.98it/s]
 90%|ΓûêΓûêΓûêΓûêΓûêΓûêΓûêΓûêΓûë | 2697/3000 [32:49<02:34,  1.96it/s]
 90%|ΓûêΓûêΓûêΓûêΓûêΓûêΓûêΓûêΓûë | 2698/3000 [32:49<02:39,  1.89it/s]
 90%|ΓûêΓûêΓûêΓûêΓûêΓûêΓûêΓûêΓûë | 2699/3000 [32:50<03:19,  1.51it/s]
 90%|ΓûêΓûêΓûêΓûêΓûêΓûêΓûêΓûêΓûê | 2700/3000 [32:51<03:12,  1.56it/s]
 90%|ΓûêΓûêΓûêΓûêΓûêΓûêΓûêΓûêΓûê | 2701/3000 [32:52<03:08,  1.59it/s]
 90%|ΓûêΓûêΓûêΓûêΓûêΓûêΓûêΓûêΓûê | 2702/3000 [32:53<03:44,  1.32it/s]
 90%|ΓûêΓûêΓûêΓûêΓûêΓûêΓûêΓûêΓûê | 2703/3000 [32:53<03:07,  1.59it/s]
 90%|ΓûêΓûêΓûêΓûêΓûêΓûêΓûêΓûêΓûê | 2704/3000 [32:53<02:32,  1.94it/s]
 90%|ΓûêΓûêΓûêΓûêΓûêΓûêΓûêΓûêΓûê | 2705/3000 [32:54<02:59,  1.65it/s]
 90%|ΓûêΓûêΓûêΓûêΓûêΓûêΓûêΓûêΓûê | 2706/3000 [32:55<03:06,  1.58it/s]
 90%|ΓûêΓûêΓûêΓûêΓûêΓûêΓûêΓûêΓûê | 2707/3000 [32:55<02:48,  1.74it/s]
 90%|ΓûêΓûêΓûêΓûêΓûêΓûêΓûêΓûêΓûê | 2708/3000 [32:58<06:16,  1.29s/it]
 90%|ΓûêΓûêΓûêΓûêΓûêΓûêΓûêΓûêΓûê | 2709/3000 [32:59<05:38,  1.16s/it]
 90%|ΓûêΓûêΓûêΓûêΓûêΓûêΓûêΓûêΓûê | 2710/3000 [33:00<04:53,  1.01s/it]
 90%|ΓûêΓûêΓûêΓûêΓûêΓûêΓûêΓûêΓûê | 2711/3000 [33:00<04:19,  1.11it/s]
 90%|ΓûêΓûêΓûêΓûêΓûêΓûêΓûêΓûêΓûê | 2712/3000 [33:02<04:55,  1.03s/it]
 90%|ΓûêΓûêΓûêΓûêΓûêΓûêΓûêΓûêΓûê | 2713/3000 [33:02<04:39,  1.03it/s]
 90%|ΓûêΓûêΓûêΓûêΓûêΓûêΓûêΓûêΓûê | 2714/3000 [33:04<05:42,  1.20s/it]
 90%|ΓûêΓûêΓûêΓûêΓûêΓûêΓûêΓûêΓûê | 2715/3000 [33:05<04:55,  1.04s/it]
 91%|ΓûêΓûêΓûêΓûêΓûêΓûêΓûêΓûêΓûê | 2716/3000 [33:05<04:00,  1.18it/s]
 91%|ΓûêΓûêΓûêΓûêΓûêΓûêΓûêΓûêΓûê | 2717/3000 [33:06<03:30,  1.34it/s]
 91%|ΓûêΓûêΓûêΓûêΓûêΓûêΓûêΓûêΓûê | 2718/3000 [33:06<03:10,  1.48it/s]
 91%|ΓûêΓûêΓûêΓûêΓûêΓûêΓûêΓûêΓûê | 2719/3000 [33:07<02:49,  1.66it/s]
 91%|ΓûêΓûêΓûêΓûêΓûêΓûêΓûêΓûêΓûê | 2720/3000 [33:07<02:26,  1.92it/s]
 91%|ΓûêΓûêΓûêΓûêΓûêΓûêΓûêΓûêΓûê | 2721/3000 [33:07<02:17,  2.03it/s]
 91%|ΓûêΓûêΓûêΓûêΓûêΓûêΓûêΓûêΓûê | 2722/3000 [33:08<02:12,  2.10it/s]
 91%|ΓûêΓûêΓûêΓûêΓûêΓûêΓûêΓûêΓûê | 2723/3000 [33:08<02:14,  2.07it/s]
 91%|ΓûêΓûêΓûêΓûêΓûêΓûêΓûêΓûêΓûê | 2724/3000 [33:09<02:27,  1.87it/s]
 91%|ΓûêΓûêΓûêΓûêΓûêΓûêΓûêΓûêΓûê | 2725/3000 [33:10<03:20,  1.37it/s]
 91%|ΓûêΓûêΓûêΓûêΓûêΓûêΓûêΓûêΓûê | 2726/3000 [33:11<02:56,  1.56it/s]
 91%|ΓûêΓûêΓûêΓûêΓûêΓûêΓûêΓûêΓûê | 2727/3000 [33:11<02:23,  1.90it/s]
 91%|ΓûêΓûêΓûêΓûêΓûêΓûêΓûêΓûêΓûê | 2728/3000 [33:12<02:28,  1.83it/s]
 91%|ΓûêΓûêΓûêΓûêΓûêΓûêΓûêΓûêΓûê | 2729/3000 [33:12<02:32,  1.78it/s]
 91%|ΓûêΓûêΓûêΓûêΓûêΓûêΓûêΓûêΓûê | 2730/3000 [33:13<02:35,  1.73it/s]
 91%|ΓûêΓûêΓûêΓûêΓûêΓûêΓûêΓûêΓûê | 2731/3000 [33:14<03:17,  1.36it/s]
 91%|ΓûêΓûêΓûêΓûêΓûêΓûêΓûêΓûêΓûê | 2732/3000 [33:15<03:28,  1.28it/s]
 91%|ΓûêΓûêΓûêΓûêΓûêΓûêΓûêΓûêΓûê | 2733/3000 [33:16<03:45,  1.19it/s]
 91%|ΓûêΓûêΓûêΓûêΓûêΓûêΓûêΓûêΓûê | 2734/3000 [33:16<03:11,  1.39it/s]
 91%|ΓûêΓûêΓûêΓûêΓûêΓûêΓûêΓûêΓûê | 2735/3000 [33:17<03:11,  1.38it/s]
 91%|ΓûêΓûêΓûêΓûêΓûêΓûêΓûêΓûêΓûê | 2736/3000 [33:17<02:56,  1.49it/s]
 91%|ΓûêΓûêΓûêΓûêΓûêΓûêΓûêΓûêΓûê | 2737/3000 [33:18<03:13,  1.36it/s]
 91%|ΓûêΓûêΓûêΓûêΓûêΓûêΓûêΓûêΓûêΓûÅ| 2738/3000 [33:20<03:54,  1.12it/s]
 91%|ΓûêΓûêΓûêΓûêΓûêΓûêΓûêΓûêΓûêΓûÅ| 2739/3000 [33:20<03:29,  1.24it/s]
 91%|ΓûêΓûêΓûêΓûêΓûêΓûêΓûêΓûêΓûêΓûÅ| 2740/3000 [33:21<03:09,  1.37it/s]
 91%|ΓûêΓûêΓûêΓûêΓûêΓûêΓûêΓûêΓûêΓûÅ| 2741/3000 [33:21<02:45,  1.57it/s]
 91%|ΓûêΓûêΓûêΓûêΓûêΓûêΓûêΓûêΓûêΓûÅ| 2742/3000 [33:22<02:42,  1.58it/s]
 91%|ΓûêΓûêΓûêΓûêΓûêΓûêΓûêΓûêΓûêΓûÅ| 2743/3000 [33:22<02:45,  1.55it/s]
 91%|ΓûêΓûêΓûêΓûêΓûêΓûêΓûêΓûêΓûêΓûÅ| 2744/3000 [33:23<02:35,  1.64it/s]
 92%|ΓûêΓûêΓûêΓûêΓûêΓûêΓûêΓûêΓûêΓûÅ| 2745/3000 [33:23<02:21,  1.80it/s]
 92%|ΓûêΓûêΓûêΓûêΓûêΓûêΓûêΓûêΓûêΓûÅ| 2746/3000 [33:24<02:49,  1.50it/s]
 92%|ΓûêΓûêΓûêΓûêΓûêΓûêΓûêΓûêΓûêΓûÅ| 2747/3000 [33:25<02:30,  1.68it/s]
 92%|ΓûêΓûêΓûêΓûêΓûêΓûêΓûêΓûêΓûêΓûÅ| 2748/3000 [33:26<03:10,  1.32it/s]
 92%|ΓûêΓûêΓûêΓûêΓûêΓûêΓûêΓûêΓûêΓûÅ| 2749/3000 [33:27<03:47,  1.10it/s]
 92%|ΓûêΓûêΓûêΓûêΓûêΓûêΓûêΓûêΓûêΓûÅ| 2750/3000 [33:28<03:21,  1.24it/s]
 92%|ΓûêΓûêΓûêΓûêΓûêΓûêΓûêΓûêΓûêΓûÅ| 2751/3000 [33:28<02:45,  1.50it/s]
 92%|ΓûêΓûêΓûêΓûêΓûêΓûêΓûêΓûêΓûêΓûÅ| 2752/3000 [33:29<03:15,  1.27it/s]
 92%|ΓûêΓûêΓûêΓûêΓûêΓûêΓûêΓûêΓûêΓûÅ| 2753/3000 [33:30<02:55,  1.40it/s]
 92%|ΓûêΓûêΓûêΓûêΓûêΓûêΓûêΓûêΓûêΓûÅ| 2754/3000 [33:30<02:33,  1.60it/s]
 92%|ΓûêΓûêΓûêΓûêΓûêΓûêΓûêΓûêΓûêΓûÅ| 2755/3000 [33:31<02:18,  1.76it/s]
 92%|ΓûêΓûêΓûêΓûêΓûêΓûêΓûêΓûêΓûêΓûÅ| 2756/3000 [33:31<02:18,  1.77it/s]
 92%|ΓûêΓûêΓûêΓûêΓûêΓûêΓûêΓûêΓûêΓûÅ| 2757/3000 [33:32<02:16,  1.78it/s]
 92%|ΓûêΓûêΓûêΓûêΓûêΓûêΓûêΓûêΓûêΓûÅ| 2758/3000 [33:32<02:25,  1.66it/s]
 92%|ΓûêΓûêΓûêΓûêΓûêΓûêΓûêΓûêΓûêΓûÅ| 2759/3000 [33:33<02:23,  1.68it/s]
 92%|ΓûêΓûêΓûêΓûêΓûêΓûêΓûêΓûêΓûêΓûÅ| 2760/3000 [33:33<02:15,  1.77it/s]
 92%|ΓûêΓûêΓûêΓûêΓûêΓûêΓûêΓûêΓûêΓûÅ| 2761/3000 [33:34<02:30,  1.58it/s]
 92%|ΓûêΓûêΓûêΓûêΓûêΓûêΓûêΓûêΓûêΓûÅ| 2762/3000 [33:35<02:28,  1.60it/s]
 92%|ΓûêΓûêΓûêΓûêΓûêΓûêΓûêΓûêΓûêΓûÅ| 2763/3000 [33:35<02:16,  1.74it/s]
 92%|ΓûêΓûêΓûêΓûêΓûêΓûêΓûêΓûêΓûêΓûÅ| 2764/3000 [33:36<02:21,  1.67it/s]
 92%|ΓûêΓûêΓûêΓûêΓûêΓûêΓûêΓûêΓûêΓûÅ| 2765/3000 [33:36<02:14,  1.74it/s]
 92%|ΓûêΓûêΓûêΓûêΓûêΓûêΓûêΓûêΓûêΓûÅ| 2766/3000 [33:37<02:03,  1.90it/s]
 92%|ΓûêΓûêΓûêΓûêΓûêΓûêΓûêΓûêΓûêΓûÅ| 2767/3000 [33:38<02:32,  1.53it/s]
 92%|ΓûêΓûêΓûêΓûêΓûêΓûêΓûêΓûêΓûêΓûÅ| 2768/3000 [33:39<02:52,  1.35it/s]
 92%|ΓûêΓûêΓûêΓûêΓûêΓûêΓûêΓûêΓûêΓûÅ| 2769/3000 [33:39<02:41,  1.43it/s]
 92%|ΓûêΓûêΓûêΓûêΓûêΓûêΓûêΓûêΓûêΓûÅ| 2770/3000 [33:40<02:17,  1.67it/s]
 92%|ΓûêΓûêΓûêΓûêΓûêΓûêΓûêΓûêΓûêΓûÅ| 2771/3000 [33:40<02:06,  1.81it/s]
 92%|ΓûêΓûêΓûêΓûêΓûêΓûêΓûêΓûêΓûêΓûÅ| 2772/3000 [33:41<01:57,  1.94it/s]
 92%|ΓûêΓûêΓûêΓûêΓûêΓûêΓûêΓûêΓûêΓûÅ| 2773/3000 [33:41<02:23,  1.58it/s]
 92%|ΓûêΓûêΓûêΓûêΓûêΓûêΓûêΓûêΓûêΓûÅ| 2774/3000 [33:42<02:03,  1.83it/s]
 92%|ΓûêΓûêΓûêΓûêΓûêΓûêΓûêΓûêΓûêΓûÄ| 2775/3000 [33:42<01:48,  2.07it/s]
 93%|ΓûêΓûêΓûêΓûêΓûêΓûêΓûêΓûêΓûêΓûÄ| 2776/3000 [33:42<01:38,  2.28it/s]
 93%|ΓûêΓûêΓûêΓûêΓûêΓûêΓûêΓûêΓûêΓûÄ| 2777/3000 [33:43<01:55,  1.94it/s]
 93%|ΓûêΓûêΓûêΓûêΓûêΓûêΓûêΓûêΓûêΓûÄ| 2778/3000 [33:44<02:07,  1.75it/s]
 93%|ΓûêΓûêΓûêΓûêΓûêΓûêΓûêΓûêΓûêΓûÄ| 2779/3000 [33:45<02:19,  1.58it/s]
 93%|ΓûêΓûêΓûêΓûêΓûêΓûêΓûêΓûêΓûêΓûÄ| 2780/3000 [33:46<02:40,  1.37it/s]
 93%|ΓûêΓûêΓûêΓûêΓûêΓûêΓûêΓûêΓûêΓûÄ| 2781/3000 [33:46<02:47,  1.31it/s]
 93%|ΓûêΓûêΓûêΓûêΓûêΓûêΓûêΓûêΓûêΓûÄ| 2782/3000 [33:47<02:47,  1.30it/s]
 93%|ΓûêΓûêΓûêΓûêΓûêΓûêΓûêΓûêΓûêΓûÄ| 2783/3000 [33:48<02:24,  1.50it/s]
 93%|ΓûêΓûêΓûêΓûêΓûêΓûêΓûêΓûêΓûêΓûÄ| 2784/3000 [33:48<02:20,  1.54it/s]
 93%|ΓûêΓûêΓûêΓûêΓûêΓûêΓûêΓûêΓûêΓûÄ| 2785/3000 [33:51<04:24,  1.23s/it]
 93%|ΓûêΓûêΓûêΓûêΓûêΓûêΓûêΓûêΓûêΓûÄ| 2786/3000 [33:52<04:32,  1.27s/it]
 93%|ΓûêΓûêΓûêΓûêΓûêΓûêΓûêΓûêΓûêΓûÄ| 2787/3000 [33:53<03:53,  1.09s/it]
 93%|ΓûêΓûêΓûêΓûêΓûêΓûêΓûêΓûêΓûêΓûÄ| 2788/3000 [33:54<03:31,  1.00it/s]
 93%|ΓûêΓûêΓûêΓûêΓûêΓûêΓûêΓûêΓûêΓûÄ| 2789/3000 [33:54<03:11,  1.10it/s]
 93%|ΓûêΓûêΓûêΓûêΓûêΓûêΓûêΓûêΓûêΓûÄ| 2790/3000 [33:55<02:47,  1.25it/s]
 93%|ΓûêΓûêΓûêΓûêΓûêΓûêΓûêΓûêΓûêΓûÄ| 2791/3000 [33:55<02:21,  1.48it/s]
 93%|ΓûêΓûêΓûêΓûêΓûêΓûêΓûêΓûêΓûêΓûÄ| 2792/3000 [33:56<02:26,  1.42it/s]
 93%|ΓûêΓûêΓûêΓûêΓûêΓûêΓûêΓûêΓûêΓûÄ| 2793/3000 [33:57<02:52,  1.20it/s]
 93%|ΓûêΓûêΓûêΓûêΓûêΓûêΓûêΓûêΓûêΓûÄ| 2794/3000 [33:58<02:47,  1.23it/s]
 93%|ΓûêΓûêΓûêΓûêΓûêΓûêΓûêΓûêΓûêΓûÄ| 2795/3000 [33:59<03:13,  1.06it/s]
 93%|ΓûêΓûêΓûêΓûêΓûêΓûêΓûêΓûêΓûêΓûÄ| 2796/3000 [34:00<02:35,  1.31it/s]
 93%|ΓûêΓûêΓûêΓûêΓûêΓûêΓûêΓûêΓûêΓûÄ| 2797/3000 [34:00<02:31,  1.34it/s]
 93%|ΓûêΓûêΓûêΓûêΓûêΓûêΓûêΓûêΓûêΓûÄ| 2798/3000 [34:01<02:16,  1.48it/s]
 93%|ΓûêΓûêΓûêΓûêΓûêΓûêΓûêΓûêΓûêΓûÄ| 2799/3000 [34:01<01:55,  1.75it/s]
 93%|ΓûêΓûêΓûêΓûêΓûêΓûêΓûêΓûêΓûêΓûÄ| 2800/3000 [34:02<01:59,  1.67it/s]
 93%|ΓûêΓûêΓûêΓûêΓûêΓûêΓûêΓûêΓûêΓûÄ| 2801/3000 [34:02<01:48,  1.83it/s]
 93%|ΓûêΓûêΓûêΓûêΓûêΓûêΓûêΓûêΓûêΓûÄ| 2802/3000 [34:03<02:06,  1.56it/s]
 93%|ΓûêΓûêΓûêΓûêΓûêΓûêΓûêΓûêΓûêΓûÄ| 2803/3000 [34:04<02:24,  1.37it/s]
 93%|ΓûêΓûêΓûêΓûêΓûêΓûêΓûêΓûêΓûêΓûÄ| 2804/3000 [34:05<02:13,  1.47it/s]
 94%|ΓûêΓûêΓûêΓûêΓûêΓûêΓûêΓûêΓûêΓûÄ| 2805/3000 [34:05<01:57,  1.67it/s]
 94%|ΓûêΓûêΓûêΓûêΓûêΓûêΓûêΓûêΓûêΓûÄ| 2806/3000 [34:06<01:59,  1.62it/s]
 94%|ΓûêΓûêΓûêΓûêΓûêΓûêΓûêΓûêΓûêΓûÄ| 2807/3000 [34:06<01:53,  1.71it/s]
 94%|ΓûêΓûêΓûêΓûêΓûêΓûêΓûêΓûêΓûêΓûÄ| 2808/3000 [34:07<01:57,  1.63it/s]
 94%|ΓûêΓûêΓûêΓûêΓûêΓûêΓûêΓûêΓûêΓûÄ| 2809/3000 [34:08<02:16,  1.40it/s]
 94%|ΓûêΓûêΓûêΓûêΓûêΓûêΓûêΓûêΓûêΓûÄ| 2810/3000 [34:09<02:49,  1.12it/s]
 94%|ΓûêΓûêΓûêΓûêΓûêΓûêΓûêΓûêΓûêΓûÄ| 2811/3000 [34:09<02:16,  1.39it/s]
 94%|ΓûêΓûêΓûêΓûêΓûêΓûêΓûêΓûêΓûêΓûÄ| 2812/3000 [34:10<02:04,  1.52it/s]
 94%|ΓûêΓûêΓûêΓûêΓûêΓûêΓûêΓûêΓûêΓûì| 2813/3000 [34:10<01:45,  1.78it/s]
 94%|ΓûêΓûêΓûêΓûêΓûêΓûêΓûêΓûêΓûêΓûì| 2814/3000 [34:12<02:23,  1.30it/s]
 94%|ΓûêΓûêΓûêΓûêΓûêΓûêΓûêΓûêΓûêΓûì| 2815/3000 [34:12<01:59,  1.55it/s]
 94%|ΓûêΓûêΓûêΓûêΓûêΓûêΓûêΓûêΓûêΓûì| 2816/3000 [34:14<03:06,  1.01s/it]
 94%|ΓûêΓûêΓûêΓûêΓûêΓûêΓûêΓûêΓûêΓûì| 2817/3000 [34:14<02:37,  1.16it/s]
 94%|ΓûêΓûêΓûêΓûêΓûêΓûêΓûêΓûêΓûêΓûì| 2818/3000 [34:15<02:17,  1.32it/s]
 94%|ΓûêΓûêΓûêΓûêΓûêΓûêΓûêΓûêΓûêΓûì| 2819/3000 [34:15<02:04,  1.46it/s]
 94%|ΓûêΓûêΓûêΓûêΓûêΓûêΓûêΓûêΓûêΓûì| 2820/3000 [34:17<02:35,  1.16it/s]
 94%|ΓûêΓûêΓûêΓûêΓûêΓûêΓûêΓûêΓûêΓûì| 2821/3000 [34:17<02:15,  1.32it/s]
 94%|ΓûêΓûêΓûêΓûêΓûêΓûêΓûêΓûêΓûêΓûì| 2822/3000 [34:17<01:51,  1.60it/s]
 94%|ΓûêΓûêΓûêΓûêΓûêΓûêΓûêΓûêΓûêΓûì| 2823/3000 [34:18<01:36,  1.84it/s]
 94%|ΓûêΓûêΓûêΓûêΓûêΓûêΓûêΓûêΓûêΓûì| 2824/3000 [34:19<01:58,  1.48it/s]
 94%|ΓûêΓûêΓûêΓûêΓûêΓûêΓûêΓûêΓûêΓûì| 2825/3000 [34:19<02:01,  1.44it/s]
 94%|ΓûêΓûêΓûêΓûêΓûêΓûêΓûêΓûêΓûêΓûì| 2826/3000 [34:20<01:52,  1.54it/s]
 94%|ΓûêΓûêΓûêΓûêΓûêΓûêΓûêΓûêΓûêΓûì| 2827/3000 [34:21<01:44,  1.65it/s]
 94%|ΓûêΓûêΓûêΓûêΓûêΓûêΓûêΓûêΓûêΓûì| 2828/3000 [34:21<01:41,  1.69it/s]
 94%|ΓûêΓûêΓûêΓûêΓûêΓûêΓûêΓûêΓûêΓûì| 2829/3000 [34:22<01:32,  1.84it/s]
 94%|ΓûêΓûêΓûêΓûêΓûêΓûêΓûêΓûêΓûêΓûì| 2830/3000 [34:23<02:30,  1.13it/s]
 94%|ΓûêΓûêΓûêΓûêΓûêΓûêΓûêΓûêΓûêΓûì| 2831/3000 [34:24<02:30,  1.12it/s]
 94%|ΓûêΓûêΓûêΓûêΓûêΓûêΓûêΓûêΓûêΓûì| 2832/3000 [34:25<02:15,  1.24it/s]
 94%|ΓûêΓûêΓûêΓûêΓûêΓûêΓûêΓûêΓûêΓûì| 2833/3000 [34:26<02:14,  1.24it/s]
 94%|ΓûêΓûêΓûêΓûêΓûêΓûêΓûêΓûêΓûêΓûì| 2834/3000 [34:26<01:55,  1.44it/s]
 94%|ΓûêΓûêΓûêΓûêΓûêΓûêΓûêΓûêΓûêΓûì| 2835/3000 [34:27<01:51,  1.48it/s]
 95%|ΓûêΓûêΓûêΓûêΓûêΓûêΓûêΓûêΓûêΓûì| 2836/3000 [34:27<01:39,  1.65it/s]
 95%|ΓûêΓûêΓûêΓûêΓûêΓûêΓûêΓûêΓûêΓûì| 2837/3000 [34:28<01:38,  1.65it/s]
 95%|ΓûêΓûêΓûêΓûêΓûêΓûêΓûêΓûêΓûêΓûì| 2838/3000 [34:28<01:32,  1.76it/s]
 95%|ΓûêΓûêΓûêΓûêΓûêΓûêΓûêΓûêΓûêΓûì| 2839/3000 [34:28<01:20,  2.00it/s]
 95%|ΓûêΓûêΓûêΓûêΓûêΓûêΓûêΓûêΓûêΓûì| 2840/3000 [34:29<01:20,  1.98it/s]
 95%|ΓûêΓûêΓûêΓûêΓûêΓûêΓûêΓûêΓûêΓûì| 2841/3000 [34:30<01:26,  1.83it/s]
 95%|ΓûêΓûêΓûêΓûêΓûêΓûêΓûêΓûêΓûêΓûì| 2842/3000 [34:30<01:40,  1.57it/s]
 95%|ΓûêΓûêΓûêΓûêΓûêΓûêΓûêΓûêΓûêΓûì| 2843/3000 [34:31<01:49,  1.44it/s]
 95%|ΓûêΓûêΓûêΓûêΓûêΓûêΓûêΓûêΓûêΓûì| 2844/3000 [34:33<02:57,  1.13s/it]
 95%|ΓûêΓûêΓûêΓûêΓûêΓûêΓûêΓûêΓûêΓûì| 2845/3000 [34:34<02:37,  1.01s/it]
 95%|ΓûêΓûêΓûêΓûêΓûêΓûêΓûêΓûêΓûêΓûì| 2846/3000 [34:35<02:30,  1.02it/s]
 95%|ΓûêΓûêΓûêΓûêΓûêΓûêΓûêΓûêΓûêΓûì| 2847/3000 [34:35<02:00,  1.27it/s]
 95%|ΓûêΓûêΓûêΓûêΓûêΓûêΓûêΓûêΓûêΓûì| 2848/3000 [34:36<01:51,  1.37it/s]
 95%|ΓûêΓûêΓûêΓûêΓûêΓûêΓûêΓûêΓûêΓûì| 2849/3000 [34:36<01:37,  1.55it/s]
 95%|ΓûêΓûêΓûêΓûêΓûêΓûêΓûêΓûêΓûêΓûî| 2850/3000 [34:37<01:31,  1.65it/s]
 95%|ΓûêΓûêΓûêΓûêΓûêΓûêΓûêΓûêΓûêΓûî| 2851/3000 [34:38<01:26,  1.72it/s]
 95%|ΓûêΓûêΓûêΓûêΓûêΓûêΓûêΓûêΓûêΓûî| 2852/3000 [34:38<01:19,  1.87it/s]
 95%|ΓûêΓûêΓûêΓûêΓûêΓûêΓûêΓûêΓûêΓûî| 2853/3000 [34:38<01:15,  1.96it/s]
 95%|ΓûêΓûêΓûêΓûêΓûêΓûêΓûêΓûêΓûêΓûî| 2854/3000 [34:39<01:14,  1.96it/s]
 95%|ΓûêΓûêΓûêΓûêΓûêΓûêΓûêΓûêΓûêΓûî| 2855/3000 [34:40<01:18,  1.85it/s]
 95%|ΓûêΓûêΓûêΓûêΓûêΓûêΓûêΓûêΓûêΓûî| 2856/3000 [34:41<01:39,  1.45it/s]
 95%|ΓûêΓûêΓûêΓûêΓûêΓûêΓûêΓûêΓûêΓûî| 2857/3000 [34:41<01:28,  1.62it/s]
 95%|ΓûêΓûêΓûêΓûêΓûêΓûêΓûêΓûêΓûêΓûî| 2858/3000 [34:41<01:20,  1.77it/s]
 95%|ΓûêΓûêΓûêΓûêΓûêΓûêΓûêΓûêΓûêΓûî| 2859/3000 [34:42<01:27,  1.60it/s]
 95%|ΓûêΓûêΓûêΓûêΓûêΓûêΓûêΓûêΓûêΓûî| 2860/3000 [34:45<03:05,  1.33s/it]
 95%|ΓûêΓûêΓûêΓûêΓûêΓûêΓûêΓûêΓûêΓûî| 2861/3000 [34:46<02:30,  1.09s/it]
 95%|ΓûêΓûêΓûêΓûêΓûêΓûêΓûêΓûêΓûêΓûî| 2862/3000 [34:47<02:18,  1.01s/it]
 95%|ΓûêΓûêΓûêΓûêΓûêΓûêΓûêΓûêΓûêΓûî| 2863/3000 [34:47<02:00,  1.14it/s]
 95%|ΓûêΓûêΓûêΓûêΓûêΓûêΓûêΓûêΓûêΓûî| 2864/3000 [34:48<01:48,  1.25it/s]
 96%|ΓûêΓûêΓûêΓûêΓûêΓûêΓûêΓûêΓûêΓûî| 2865/3000 [34:48<01:37,  1.38it/s]
 96%|ΓûêΓûêΓûêΓûêΓûêΓûêΓûêΓûêΓûêΓûî| 2866/3000 [34:49<01:28,  1.51it/s]
 96%|ΓûêΓûêΓûêΓûêΓûêΓûêΓûêΓûêΓûêΓûî| 2867/3000 [34:50<01:49,  1.21it/s]
 96%|ΓûêΓûêΓûêΓûêΓûêΓûêΓûêΓûêΓûêΓûî| 2868/3000 [34:51<01:45,  1.25it/s]
 96%|ΓûêΓûêΓûêΓûêΓûêΓûêΓûêΓûêΓûêΓûî| 2869/3000 [34:51<01:27,  1.49it/s]
 96%|ΓûêΓûêΓûêΓûêΓûêΓûêΓûêΓûêΓûêΓûî| 2870/3000 [34:52<01:52,  1.16it/s]
 96%|ΓûêΓûêΓûêΓûêΓûêΓûêΓûêΓûêΓûêΓûî| 2871/3000 [34:53<01:34,  1.37it/s]
 96%|ΓûêΓûêΓûêΓûêΓûêΓûêΓûêΓûêΓûêΓûî| 2872/3000 [34:53<01:18,  1.63it/s]
 96%|ΓûêΓûêΓûêΓûêΓûêΓûêΓûêΓûêΓûêΓûî| 2873/3000 [34:54<01:14,  1.71it/s]
 96%|ΓûêΓûêΓûêΓûêΓûêΓûêΓûêΓûêΓûêΓûî| 2874/3000 [34:54<01:09,  1.82it/s]
 96%|ΓûêΓûêΓûêΓûêΓûêΓûêΓûêΓûêΓûêΓûî| 2875/3000 [34:55<01:19,  1.56it/s]
 96%|ΓûêΓûêΓûêΓûêΓûêΓûêΓûêΓûêΓûêΓûî| 2876/3000 [34:56<01:28,  1.40it/s]
 96%|ΓûêΓûêΓûêΓûêΓûêΓûêΓûêΓûêΓûêΓûî| 2877/3000 [34:58<02:31,  1.23s/it]
 96%|ΓûêΓûêΓûêΓûêΓûêΓûêΓûêΓûêΓûêΓûî| 2878/3000 [34:59<02:01,  1.00it/s]
 96%|ΓûêΓûêΓûêΓûêΓûêΓûêΓûêΓûêΓûêΓûî| 2879/3000 [35:00<01:56,  1.03it/s]
 96%|ΓûêΓûêΓûêΓûêΓûêΓûêΓûêΓûêΓûêΓûî| 2880/3000 [35:00<01:50,  1.09it/s]
 96%|ΓûêΓûêΓûêΓûêΓûêΓûêΓûêΓûêΓûêΓûî| 2881/3000 [35:01<01:29,  1.33it/s]
 96%|ΓûêΓûêΓûêΓûêΓûêΓûêΓûêΓûêΓûêΓûî| 2882/3000 [35:02<01:31,  1.28it/s]
 96%|ΓûêΓûêΓûêΓûêΓûêΓûêΓûêΓûêΓûêΓûî| 2883/3000 [35:02<01:22,  1.42it/s]
 96%|ΓûêΓûêΓûêΓûêΓûêΓûêΓûêΓûêΓûêΓûî| 2884/3000 [35:03<01:25,  1.36it/s]
 96%|ΓûêΓûêΓûêΓûêΓûêΓûêΓûêΓûêΓûêΓûî| 2885/3000 [35:03<01:14,  1.55it/s]
 96%|ΓûêΓûêΓûêΓûêΓûêΓûêΓûêΓûêΓûêΓûî| 2886/3000 [35:04<01:06,  1.72it/s]
 96%|ΓûêΓûêΓûêΓûêΓûêΓûêΓûêΓûêΓûêΓûî| 2887/3000 [35:04<01:02,  1.80it/s]
 96%|ΓûêΓûêΓûêΓûêΓûêΓûêΓûêΓûêΓûêΓûï| 2888/3000 [35:06<01:23,  1.34it/s]
 96%|ΓûêΓûêΓûêΓûêΓûêΓûêΓûêΓûêΓûêΓûï| 2889/3000 [35:06<01:15,  1.48it/s]
 96%|ΓûêΓûêΓûêΓûêΓûêΓûêΓûêΓûêΓûêΓûï| 2890/3000 [35:07<01:20,  1.37it/s]
 96%|ΓûêΓûêΓûêΓûêΓûêΓûêΓûêΓûêΓûêΓûï| 2891/3000 [35:07<01:11,  1.53it/s]
 96%|ΓûêΓûêΓûêΓûêΓûêΓûêΓûêΓûêΓûêΓûï| 2892/3000 [35:08<01:11,  1.51it/s]
 96%|ΓûêΓûêΓûêΓûêΓûêΓûêΓûêΓûêΓûêΓûï| 2893/3000 [35:09<01:06,  1.62it/s]
 96%|ΓûêΓûêΓûêΓûêΓûêΓûêΓûêΓûêΓûêΓûï| 2894/3000 [35:09<01:02,  1.69it/s]
 96%|ΓûêΓûêΓûêΓûêΓûêΓûêΓûêΓûêΓûêΓûï| 2895/3000 [35:10<01:23,  1.26it/s]
 97%|ΓûêΓûêΓûêΓûêΓûêΓûêΓûêΓûêΓûêΓûï| 2896/3000 [35:11<01:17,  1.35it/s]
 97%|ΓûêΓûêΓûêΓûêΓûêΓûêΓûêΓûêΓûêΓûï| 2897/3000 [35:12<01:28,  1.17it/s]
 97%|ΓûêΓûêΓûêΓûêΓûêΓûêΓûêΓûêΓûêΓûï| 2898/3000 [35:13<01:28,  1.15it/s]
 97%|ΓûêΓûêΓûêΓûêΓûêΓûêΓûêΓûêΓûêΓûï| 2899/3000 [35:13<01:13,  1.38it/s]
 97%|ΓûêΓûêΓûêΓûêΓûêΓûêΓûêΓûêΓûêΓûï| 2900/3000 [35:14<01:11,  1.41it/s]
 97%|ΓûêΓûêΓûêΓûêΓûêΓûêΓûêΓûêΓûêΓûï| 2901/3000 [35:14<01:00,  1.65it/s]
 97%|ΓûêΓûêΓûêΓûêΓûêΓûêΓûêΓûêΓûêΓûï| 2902/3000 [35:18<02:11,  1.34s/it]
 97%|ΓûêΓûêΓûêΓûêΓûêΓûêΓûêΓûêΓûêΓûï| 2903/3000 [35:18<01:48,  1.12s/it]
 97%|ΓûêΓûêΓûêΓûêΓûêΓûêΓûêΓûêΓûêΓûï| 2904/3000 [35:18<01:24,  1.14it/s]
 97%|ΓûêΓûêΓûêΓûêΓûêΓûêΓûêΓûêΓûêΓûï| 2905/3000 [35:21<02:21,  1.49s/it]
 97%|ΓûêΓûêΓûêΓûêΓûêΓûêΓûêΓûêΓûêΓûï| 2906/3000 [35:22<01:52,  1.19s/it]
 97%|ΓûêΓûêΓûêΓûêΓûêΓûêΓûêΓûêΓûêΓûï| 2907/3000 [35:23<01:41,  1.09s/it]
 97%|ΓûêΓûêΓûêΓûêΓûêΓûêΓûêΓûêΓûêΓûï| 2908/3000 [35:24<01:32,  1.00s/it]
 97%|ΓûêΓûêΓûêΓûêΓûêΓûêΓûêΓûêΓûêΓûï| 2909/3000 [35:24<01:15,  1.21it/s]
 97%|ΓûêΓûêΓûêΓûêΓûêΓûêΓûêΓûêΓûêΓûï| 2910/3000 [35:24<01:01,  1.46it/s]
 97%|ΓûêΓûêΓûêΓûêΓûêΓûêΓûêΓûêΓûêΓûï| 2911/3000 [35:25<00:54,  1.63it/s]
 97%|ΓûêΓûêΓûêΓûêΓûêΓûêΓûêΓûêΓûêΓûï| 2912/3000 [35:25<00:53,  1.63it/s]
 97%|ΓûêΓûêΓûêΓûêΓûêΓûêΓûêΓûêΓûêΓûï| 2913/3000 [35:26<00:51,  1.70it/s]
 97%|ΓûêΓûêΓûêΓûêΓûêΓûêΓûêΓûêΓûêΓûï| 2914/3000 [35:26<00:49,  1.73it/s]
 97%|ΓûêΓûêΓûêΓûêΓûêΓûêΓûêΓûêΓûêΓûï| 2915/3000 [35:27<00:47,  1.77it/s]
 97%|ΓûêΓûêΓûêΓûêΓûêΓûêΓûêΓûêΓûêΓûï| 2916/3000 [35:28<01:08,  1.22it/s]
 97%|ΓûêΓûêΓûêΓûêΓûêΓûêΓûêΓûêΓûêΓûï| 2917/3000 [35:31<02:03,  1.49s/it]
 97%|ΓûêΓûêΓûêΓûêΓûêΓûêΓûêΓûêΓûêΓûï| 2918/3000 [35:33<01:53,  1.38s/it]
 97%|ΓûêΓûêΓûêΓûêΓûêΓûêΓûêΓûêΓûêΓûï| 2919/3000 [35:33<01:30,  1.12s/it]
 97%|ΓûêΓûêΓûêΓûêΓûêΓûêΓûêΓûêΓûêΓûï| 2920/3000 [35:34<01:15,  1.06it/s]
 97%|ΓûêΓûêΓûêΓûêΓûêΓûêΓûêΓûêΓûêΓûï| 2921/3000 [35:34<01:05,  1.21it/s]
 97%|ΓûêΓûêΓûêΓûêΓûêΓûêΓûêΓûêΓûêΓûï| 2922/3000 [35:35<00:56,  1.38it/s]
 97%|ΓûêΓûêΓûêΓûêΓûêΓûêΓûêΓûêΓûêΓûï| 2923/3000 [35:36<01:01,  1.24it/s]
 97%|ΓûêΓûêΓûêΓûêΓûêΓûêΓûêΓûêΓûêΓûï| 2924/3000 [35:36<01:00,  1.25it/s]
 98%|ΓûêΓûêΓûêΓûêΓûêΓûêΓûêΓûêΓûêΓûè| 2925/3000 [35:38<01:14,  1.01it/s]
 98%|ΓûêΓûêΓûêΓûêΓûêΓûêΓûêΓûêΓûêΓûè| 2926/3000 [35:41<02:04,  1.68s/it]
 98%|ΓûêΓûêΓûêΓûêΓûêΓûêΓûêΓûêΓûêΓûè| 2927/3000 [35:44<02:33,  2.11s/it]
 98%|ΓûêΓûêΓûêΓûêΓûêΓûêΓûêΓûêΓûêΓûè| 2928/3000 [35:45<01:53,  1.58s/it]
 98%|ΓûêΓûêΓûêΓûêΓûêΓûêΓûêΓûêΓûêΓûè| 2929/3000 [35:45<01:30,  1.28s/it]
 98%|ΓûêΓûêΓûêΓûêΓûêΓûêΓûêΓûêΓûêΓûè| 2930/3000 [35:46<01:12,  1.03s/it]
 98%|ΓûêΓûêΓûêΓûêΓûêΓûêΓûêΓûêΓûêΓûè| 2931/3000 [35:47<01:16,  1.11s/it]
 98%|ΓûêΓûêΓûêΓûêΓûêΓûêΓûêΓûêΓûêΓûè| 2932/3000 [35:48<01:16,  1.12s/it]
 98%|ΓûêΓûêΓûêΓûêΓûêΓûêΓûêΓûêΓûêΓûè| 2933/3000 [35:50<01:22,  1.23s/it]
 98%|ΓûêΓûêΓûêΓûêΓûêΓûêΓûêΓûêΓûêΓûè| 2934/3000 [35:50<01:13,  1.11s/it]
 98%|ΓûêΓûêΓûêΓûêΓûêΓûêΓûêΓûêΓûêΓûè| 2935/3000 [35:51<00:58,  1.12it/s]
 98%|ΓûêΓûêΓûêΓûêΓûêΓûêΓûêΓûêΓûêΓûè| 2936/3000 [35:52<00:53,  1.20it/s]
 98%|ΓûêΓûêΓûêΓûêΓûêΓûêΓûêΓûêΓûêΓûè| 2937/3000 [35:52<00:48,  1.29it/s]
 98%|ΓûêΓûêΓûêΓûêΓûêΓûêΓûêΓûêΓûêΓûè| 2938/3000 [35:53<00:46,  1.32it/s]
 98%|ΓûêΓûêΓûêΓûêΓûêΓûêΓûêΓûêΓûêΓûè| 2939/3000 [35:53<00:39,  1.56it/s]
 98%|ΓûêΓûêΓûêΓûêΓûêΓûêΓûêΓûêΓûêΓûè| 2940/3000 [35:54<00:32,  1.86it/s]
 98%|ΓûêΓûêΓûêΓûêΓûêΓûêΓûêΓûêΓûêΓûè| 2941/3000 [35:54<00:28,  2.04it/s]
 98%|ΓûêΓûêΓûêΓûêΓûêΓûêΓûêΓûêΓûêΓûè| 2942/3000 [35:54<00:30,  1.92it/s]
 98%|ΓûêΓûêΓûêΓûêΓûêΓûêΓûêΓûêΓûêΓûè| 2943/3000 [35:55<00:33,  1.71it/s]
 98%|ΓûêΓûêΓûêΓûêΓûêΓûêΓûêΓûêΓûêΓûè| 2944/3000 [35:56<00:39,  1.41it/s]
 98%|ΓûêΓûêΓûêΓûêΓûêΓûêΓûêΓûêΓûêΓûè| 2945/3000 [35:57<00:45,  1.22it/s]
 98%|ΓûêΓûêΓûêΓûêΓûêΓûêΓûêΓûêΓûêΓûè| 2946/3000 [35:58<00:42,  1.26it/s]
 98%|ΓûêΓûêΓûêΓûêΓûêΓûêΓûêΓûêΓûêΓûè| 2947/3000 [35:59<00:44,  1.19it/s]
 98%|ΓûêΓûêΓûêΓûêΓûêΓûêΓûêΓûêΓûêΓûè| 2948/3000 [35:59<00:35,  1.45it/s]
 98%|ΓûêΓûêΓûêΓûêΓûêΓûêΓûêΓûêΓûêΓûè| 2949/3000 [36:00<00:36,  1.42it/s]
 98%|ΓûêΓûêΓûêΓûêΓûêΓûêΓûêΓûêΓûêΓûè| 2950/3000 [36:01<00:34,  1.43it/s]
 98%|ΓûêΓûêΓûêΓûêΓûêΓûêΓûêΓûêΓûêΓûè| 2951/3000 [36:01<00:32,  1.52it/s]
 98%|ΓûêΓûêΓûêΓûêΓûêΓûêΓûêΓûêΓûêΓûè| 2952/3000 [36:02<00:30,  1.57it/s]
 98%|ΓûêΓûêΓûêΓûêΓûêΓûêΓûêΓûêΓûêΓûè| 2953/3000 [36:02<00:26,  1.75it/s]
 98%|ΓûêΓûêΓûêΓûêΓûêΓûêΓûêΓûêΓûêΓûè| 2954/3000 [36:03<00:26,  1.72it/s]
 98%|ΓûêΓûêΓûêΓûêΓûêΓûêΓûêΓûêΓûêΓûè| 2955/3000 [36:04<00:26,  1.70it/s]
 99%|ΓûêΓûêΓûêΓûêΓûêΓûêΓûêΓûêΓûêΓûè| 2956/3000 [36:04<00:27,  1.58it/s]
 99%|ΓûêΓûêΓûêΓûêΓûêΓûêΓûêΓûêΓûêΓûè| 2957/3000 [36:05<00:33,  1.29it/s]
 99%|ΓûêΓûêΓûêΓûêΓûêΓûêΓûêΓûêΓûêΓûè| 2958/3000 [36:06<00:32,  1.28it/s]
 99%|ΓûêΓûêΓûêΓûêΓûêΓûêΓûêΓûêΓûêΓûè| 2959/3000 [36:07<00:27,  1.47it/s]
 99%|ΓûêΓûêΓûêΓûêΓûêΓûêΓûêΓûêΓûêΓûè| 2960/3000 [36:07<00:28,  1.42it/s]
 99%|ΓûêΓûêΓûêΓûêΓûêΓûêΓûêΓûêΓûêΓûè| 2961/3000 [36:08<00:23,  1.65it/s]
 99%|ΓûêΓûêΓûêΓûêΓûêΓûêΓûêΓûêΓûêΓûè| 2962/3000 [36:09<00:27,  1.39it/s]
 99%|ΓûêΓûêΓûêΓûêΓûêΓûêΓûêΓûêΓûêΓûë| 2963/3000 [36:10<00:30,  1.21it/s]
 99%|ΓûêΓûêΓûêΓûêΓûêΓûêΓûêΓûêΓûêΓûë| 2964/3000 [36:11<00:30,  1.20it/s]
 99%|ΓûêΓûêΓûêΓûêΓûêΓûêΓûêΓûêΓûêΓûë| 2965/3000 [36:11<00:28,  1.25it/s]
 99%|ΓûêΓûêΓûêΓûêΓûêΓûêΓûêΓûêΓûêΓûë| 2966/3000 [36:12<00:25,  1.35it/s]
 99%|ΓûêΓûêΓûêΓûêΓûêΓûêΓûêΓûêΓûêΓûë| 2967/3000 [36:12<00:21,  1.53it/s]
 99%|ΓûêΓûêΓûêΓûêΓûêΓûêΓûêΓûêΓûêΓûë| 2968/3000 [36:13<00:23,  1.34it/s]
 99%|ΓûêΓûêΓûêΓûêΓûêΓûêΓûêΓûêΓûêΓûë| 2969/3000 [36:14<00:22,  1.38it/s]
 99%|ΓûêΓûêΓûêΓûêΓûêΓûêΓûêΓûêΓûêΓûë| 2970/3000 [36:15<00:19,  1.50it/s]
 99%|ΓûêΓûêΓûêΓûêΓûêΓûêΓûêΓûêΓûêΓûë| 2971/3000 [36:15<00:18,  1.60it/s]
 99%|ΓûêΓûêΓûêΓûêΓûêΓûêΓûêΓûêΓûêΓûë| 2972/3000 [36:16<00:17,  1.64it/s]
 99%|ΓûêΓûêΓûêΓûêΓûêΓûêΓûêΓûêΓûêΓûë| 2973/3000 [36:17<00:25,  1.04it/s]
 99%|ΓûêΓûêΓûêΓûêΓûêΓûêΓûêΓûêΓûêΓûë| 2974/3000 [36:18<00:22,  1.16it/s]
 99%|ΓûêΓûêΓûêΓûêΓûêΓûêΓûêΓûêΓûêΓûë| 2975/3000 [36:19<00:22,  1.13it/s]
 99%|ΓûêΓûêΓûêΓûêΓûêΓûêΓûêΓûêΓûêΓûë| 2976/3000 [36:20<00:25,  1.04s/it]
 99%|ΓûêΓûêΓûêΓûêΓûêΓûêΓûêΓûêΓûêΓûë| 2977/3000 [36:22<00:24,  1.07s/it]
 99%|ΓûêΓûêΓûêΓûêΓûêΓûêΓûêΓûêΓûêΓûë| 2978/3000 [36:22<00:19,  1.14it/s]
 99%|ΓûêΓûêΓûêΓûêΓûêΓûêΓûêΓûêΓûêΓûë| 2979/3000 [36:22<00:15,  1.38it/s]
 99%|ΓûêΓûêΓûêΓûêΓûêΓûêΓûêΓûêΓûêΓûë| 2980/3000 [36:23<00:13,  1.45it/s]
 99%|ΓûêΓûêΓûêΓûêΓûêΓûêΓûêΓûêΓûêΓûë| 2981/3000 [36:25<00:21,  1.16s/it]
 99%|ΓûêΓûêΓûêΓûêΓûêΓûêΓûêΓûêΓûêΓûë| 2982/3000 [36:26<00:18,  1.01s/it]
 99%|ΓûêΓûêΓûêΓûêΓûêΓûêΓûêΓûêΓûêΓûë| 2983/3000 [36:26<00:14,  1.16it/s]
 99%|ΓûêΓûêΓûêΓûêΓûêΓûêΓûêΓûêΓûêΓûë| 2984/3000 [36:27<00:11,  1.42it/s]
100%|ΓûêΓûêΓûêΓûêΓûêΓûêΓûêΓûêΓûêΓûë| 2985/3000 [36:28<00:12,  1.21it/s]
100%|ΓûêΓûêΓûêΓûêΓûêΓûêΓûêΓûêΓûêΓûë| 2986/3000 [36:29<00:11,  1.25it/s]
100%|ΓûêΓûêΓûêΓûêΓûêΓûêΓûêΓûêΓûêΓûë| 2987/3000 [36:29<00:09,  1.40it/s]
100%|ΓûêΓûêΓûêΓûêΓûêΓûêΓûêΓûêΓûêΓûë| 2988/3000 [36:30<00:08,  1.41it/s]
100%|ΓûêΓûêΓûêΓûêΓûêΓûêΓûêΓûêΓûêΓûë| 2989/3000 [36:31<00:07,  1.44it/s]
100%|ΓûêΓûêΓûêΓûêΓûêΓûêΓûêΓûêΓûêΓûë| 2990/3000 [36:31<00:05,  1.69it/s]
100%|ΓûêΓûêΓûêΓûêΓûêΓûêΓûêΓûêΓûêΓûë| 2991/3000 [36:32<00:05,  1.55it/s]
100%|ΓûêΓûêΓûêΓûêΓûêΓûêΓûêΓûêΓûêΓûë| 2992/3000 [36:32<00:04,  1.64it/s]
100%|ΓûêΓûêΓûêΓûêΓûêΓûêΓûêΓûêΓûêΓûë| 2993/3000 [36:33<00:04,  1.61it/s]
100%|ΓûêΓûêΓûêΓûêΓûêΓûêΓûêΓûêΓûêΓûë| 2994/3000 [36:33<00:03,  1.86it/s]
100%|ΓûêΓûêΓûêΓûêΓûêΓûêΓûêΓûêΓûêΓûë| 2995/3000 [36:34<00:02,  1.72it/s]
100%|ΓûêΓûêΓûêΓûêΓûêΓûêΓûêΓûêΓûêΓûë| 2996/3000 [36:35<00:02,  1.58it/s]
100%|ΓûêΓûêΓûêΓûêΓûêΓûêΓûêΓûêΓûêΓûë| 2997/3000 [36:35<00:01,  1.75it/s]
100%|ΓûêΓûêΓûêΓûêΓûêΓûêΓûêΓûêΓûêΓûë| 2998/3000 [36:35<00:01,  1.99it/s]
100%|ΓûêΓûêΓûêΓûêΓûêΓûêΓûêΓûêΓûêΓûë| 2999/3000 [36:36<00:00,  1.48it/s]
100%|ΓûêΓûêΓûêΓûêΓûêΓûêΓûêΓûêΓûêΓûê| 3000/3000 [36:37<00:00,  1.64it/s]
100%|ΓûêΓûêΓûêΓûêΓûêΓûêΓûêΓûêΓûêΓûê| 3000/3000 [36:37<00:00,  1.37it/s]
Done. Run dir: C:\Users\jv624\Desktop\fsm_reliability\outputs\fsm_inference\20261002_074624_smollm2-17b-instruct_cert2_3000
