python.exe : 
At C:\Users\jv624\Desktop\fsm_reliability\outputs\pipeline_detached.ps1:18 char:5
+     & $py @pyArgs 2>&1 | Out-File -Encoding utf8 "outputs\queue_$name ...
+     ~~~~~~~~~~~~~~~~~~
    + CategoryInfo          : NotSpecified: (:String) [], RemoteException
    + FullyQualifiedErrorId : NativeCommandError
 
Loading weights:   0%|          | 0/338 [00:00<?, ?it/s]
Loading weights:   0%|          | 1/338 [00:00<00:57,  5.87it/s]
Loading weights:  12%|ΓûêΓûÅ        | 40/338 [00:00<00:01, 179.89it/s]
Loading weights:  23%|ΓûêΓûêΓûÄ       | 77/338 [00:00<00:01, 252.87it/s]
Loading weights:  35%|ΓûêΓûêΓûêΓûî      | 119/338 [00:00<00:00, 311.26it/s]
Loading weights:  47%|ΓûêΓûêΓûêΓûêΓûï     | 160/338 [00:00<00:00, 334.78it/s]
Loading weights:  58%|ΓûêΓûêΓûêΓûêΓûêΓûè    | 197/338 [00:00<00:00, 344.96it/s]
Loading weights:  72%|ΓûêΓûêΓûêΓûêΓûêΓûêΓûêΓûÅ  | 243/338 [00:00<00:00, 365.54it/s]
Loading weights:  83%|ΓûêΓûêΓûêΓûêΓûêΓûêΓûêΓûêΓûÄ | 281/338 [00:00<00:00, 364.55it/s]
Loading weights:  97%|ΓûêΓûêΓûêΓûêΓûêΓûêΓûêΓûêΓûêΓûï| 327/338 [00:01<00:00, 383.38it/s]
Loading weights: 100%|ΓûêΓûêΓûêΓûêΓûêΓûêΓûêΓûêΓûêΓûê| 338/338 [00:01<00:00, 326.90it/s]

  0%|          | 0/4500 [00:00<?, ?it/s]
  0%|          | 1/4500 [00:00<17:37,  4.26it/s]
  0%|          | 2/4500 [00:00<16:25,  4.57it/s]
  0%|          | 3/4500 [00:00<16:56,  4.43it/s]
  0%|          | 4/4500 [00:01<21:15,  3.52it/s]
  0%|          | 5/4500 [00:01<19:16,  3.89it/s]
  0%|          | 6/4500 [00:01<19:09,  3.91it/s]
  0%|          | 7/4500 [00:01<18:27,  4.06it/s]
  0%|          | 8/4500 [00:01<17:50,  4.20it/s]
  0%|          | 9/4500 [00:02<17:13,  4.35it/s]
  0%|          | 10/4500 [00:02<17:01,  4.40it/s]
  0%|          | 11/4500 [00:02<17:15,  4.33it/s]
  0%|          | 12/4500 [00:02<16:37,  4.50it/s]
  0%|          | 13/4500 [00:03<16:33,  4.52it/s]
  0%|          | 14/4500 [00:03<16:26,  4.55it/s]
  0%|          | 15/4500 [00:03<16:47,  4.45it/s]
  0%|          | 16/4500 [00:03<16:39,  4.49it/s]
  0%|          | 17/4500 [00:03<16:13,  4.61it/s]
  0%|          | 18/4500 [00:04<16:18,  4.58it/s]
  0%|          | 19/4500 [00:04<16:41,  4.47it/s]
  0%|          | 20/4500 [00:04<16:44,  4.46it/s]
  0%|          | 21/4500 [00:04<16:51,  4.43it/s]
  0%|          | 22/4500 [00:05<16:13,  4.60it/s]
  1%|          | 23/4500 [00:05<15:58,  4.67it/s]
  1%|          | 24/4500 [00:05<16:01,  4.66it/s]
  1%|          | 25/4500 [00:05<16:00,  4.66it/s]
  1%|          | 26/4500 [00:05<15:37,  4.77it/s]
  1%|          | 27/4500 [00:06<15:48,  4.72it/s]
  1%|          | 28/4500 [00:06<15:36,  4.77it/s]
  1%|          | 29/4500 [00:06<15:12,  4.90it/s]
  1%|          | 30/4500 [00:06<15:04,  4.94it/s]
  1%|          | 31/4500 [00:06<15:14,  4.88it/s]
  1%|          | 32/4500 [00:07<15:24,  4.83it/s]
  1%|          | 33/4500 [00:07<15:41,  4.74it/s]
  1%|          | 34/4500 [00:07<15:32,  4.79it/s]
  1%|          | 35/4500 [00:07<15:44,  4.73it/s]
  1%|          | 36/4500 [00:07<15:45,  4.72it/s]
  1%|          | 37/4500 [00:08<16:08,  4.61it/s]
  1%|          | 38/4500 [00:08<16:03,  4.63it/s]
  1%|          | 39/4500 [00:08<15:44,  4.72it/s]
  1%|          | 40/4500 [00:08<15:46,  4.71it/s]
  1%|          | 41/4500 [00:09<16:13,  4.58it/s]
  1%|          | 42/4500 [00:09<16:14,  4.58it/s]
  1%|          | 43/4500 [00:09<16:12,  4.58it/s]
  1%|          | 44/4500 [00:09<16:02,  4.63it/s]
  1%|          | 45/4500 [00:09<16:57,  4.38it/s]
  1%|          | 46/4500 [00:10<16:18,  4.55it/s]
  1%|          | 47/4500 [00:10<16:23,  4.53it/s]
  1%|          | 48/4500 [00:10<16:00,  4.63it/s]
  1%|          | 49/4500 [00:10<15:58,  4.65it/s]
  1%|          | 50/4500 [00:10<15:40,  4.73it/s]
  1%|          | 51/4500 [00:11<15:39,  4.74it/s]
  1%|          | 52/4500 [00:11<14:56,  4.96it/s]
  1%|          | 53/4500 [00:11<15:25,  4.80it/s]
  1%|          | 54/4500 [00:11<15:31,  4.77it/s]
  1%|          | 55/4500 [00:12<15:41,  4.72it/s]
  1%|          | 56/4500 [00:12<16:00,  4.63it/s]
  1%|ΓûÅ         | 57/4500 [00:12<16:00,  4.63it/s]
  1%|ΓûÅ         | 58/4500 [00:12<15:54,  4.65it/s]
  1%|ΓûÅ         | 59/4500 [00:12<16:06,  4.60it/s]
  1%|ΓûÅ         | 60/4500 [00:13<16:03,  4.61it/s]
  1%|ΓûÅ         | 61/4500 [00:13<16:05,  4.60it/s]
  1%|ΓûÅ         | 62/4500 [00:13<15:58,  4.63it/s]
  1%|ΓûÅ         | 63/4500 [00:13<15:47,  4.68it/s]
  1%|ΓûÅ         | 64/4500 [00:13<16:00,  4.62it/s]
  1%|ΓûÅ         | 65/4500 [00:14<15:43,  4.70it/s]
  1%|ΓûÅ         | 66/4500 [00:14<15:27,  4.78it/s]
  1%|ΓûÅ         | 67/4500 [00:14<15:46,  4.68it/s]
  2%|ΓûÅ         | 68/4500 [00:14<15:56,  4.63it/s]
  2%|ΓûÅ         | 69/4500 [00:15<15:51,  4.66it/s]
  2%|ΓûÅ         | 70/4500 [00:15<16:09,  4.57it/s]
  2%|ΓûÅ         | 71/4500 [00:15<16:18,  4.53it/s]
  2%|ΓûÅ         | 72/4500 [00:15<15:48,  4.67it/s]
  2%|ΓûÅ         | 73/4500 [00:15<15:29,  4.76it/s]
  2%|ΓûÅ         | 74/4500 [00:16<14:52,  4.96it/s]
  2%|ΓûÅ         | 75/4500 [00:16<14:42,  5.02it/s]
  2%|ΓûÅ         | 76/4500 [00:16<14:53,  4.95it/s]
  2%|ΓûÅ         | 77/4500 [00:16<15:01,  4.91it/s]
  2%|ΓûÅ         | 78/4500 [00:16<15:26,  4.77it/s]
  2%|ΓûÅ         | 79/4500 [00:17<16:05,  4.58it/s]
  2%|ΓûÅ         | 80/4500 [00:17<16:13,  4.54it/s]
  2%|ΓûÅ         | 81/4500 [00:17<15:51,  4.64it/s]
  2%|ΓûÅ         | 82/4500 [00:17<15:33,  4.73it/s]
  2%|ΓûÅ         | 84/4500 [00:18<12:08,  6.06it/s]
  2%|ΓûÅ         | 85/4500 [00:18<12:49,  5.74it/s]
  2%|ΓûÅ         | 86/4500 [00:18<13:51,  5.31it/s]
  2%|ΓûÅ         | 87/4500 [00:18<14:20,  5.13it/s]
  2%|ΓûÅ         | 88/4500 [00:18<14:26,  5.09it/s]
  2%|ΓûÅ         | 89/4500 [00:19<15:10,  4.84it/s]
  2%|ΓûÅ         | 90/4500 [00:19<15:19,  4.79it/s]
  2%|ΓûÅ         | 91/4500 [00:19<15:26,  4.76it/s]
  2%|ΓûÅ         | 92/4500 [00:19<15:13,  4.83it/s]
  2%|ΓûÅ         | 93/4500 [00:19<15:42,  4.67it/s]
  2%|ΓûÅ         | 94/4500 [00:20<16:14,  4.52it/s]
  2%|ΓûÅ         | 95/4500 [00:20<16:05,  4.56it/s]
  2%|ΓûÅ         | 96/4500 [00:20<16:14,  4.52it/s]
  2%|ΓûÅ         | 97/4500 [00:20<16:35,  4.42it/s]
  2%|ΓûÅ         | 98/4500 [00:21<16:11,  4.53it/s]
  2%|ΓûÅ         | 99/4500 [00:21<16:03,  4.57it/s]
  2%|ΓûÅ         | 100/4500 [00:21<17:53,  4.10it/s]
  2%|ΓûÅ         | 101/4500 [00:21<17:00,  4.31it/s]
  2%|ΓûÅ         | 102/4500 [00:22<16:36,  4.42it/s]
  2%|ΓûÅ         | 103/4500 [00:22<16:13,  4.52it/s]
  2%|ΓûÅ         | 104/4500 [00:22<15:55,  4.60it/s]
  2%|ΓûÅ         | 105/4500 [00:22<16:00,  4.58it/s]
  2%|ΓûÅ         | 106/4500 [00:22<15:32,  4.71it/s]
  2%|ΓûÅ         | 107/4500 [00:23<16:09,  4.53it/s]
  2%|ΓûÅ         | 108/4500 [00:23<16:30,  4.43it/s]
  2%|ΓûÅ         | 109/4500 [00:23<16:07,  4.54it/s]
  2%|ΓûÅ         | 110/4500 [00:23<15:48,  4.63it/s]
  2%|ΓûÅ         | 111/4500 [00:23<15:55,  4.59it/s]
  2%|ΓûÅ         | 112/4500 [00:24<16:03,  4.55it/s]
  3%|ΓûÄ         | 113/4500 [00:24<16:10,  4.52it/s]
  3%|ΓûÄ         | 114/4500 [00:24<15:36,  4.68it/s]
  3%|ΓûÄ         | 115/4500 [00:24<16:11,  4.52it/s]
  3%|ΓûÄ         | 116/4500 [00:25<15:51,  4.61it/s]
  3%|ΓûÄ         | 117/4500 [00:25<15:55,  4.59it/s]
  3%|ΓûÄ         | 118/4500 [00:25<15:41,  4.66it/s]
  3%|ΓûÄ         | 119/4500 [00:25<16:06,  4.53it/s]
  3%|ΓûÄ         | 120/4500 [00:25<15:42,  4.65it/s]
  3%|ΓûÄ         | 121/4500 [00:26<15:49,  4.61it/s]
  3%|ΓûÄ         | 122/4500 [00:26<16:06,  4.53it/s]
  3%|ΓûÄ         | 123/4500 [00:26<16:00,  4.56it/s]
  3%|ΓûÄ         | 124/4500 [00:26<16:21,  4.46it/s]
  3%|ΓûÄ         | 125/4500 [00:27<16:16,  4.48it/s]
  3%|ΓûÄ         | 126/4500 [00:27<16:18,  4.47it/s]
  3%|ΓûÄ         | 127/4500 [00:27<15:59,  4.56it/s]
  3%|ΓûÄ         | 128/4500 [00:27<15:43,  4.63it/s]
  3%|ΓûÄ         | 129/4500 [00:27<15:46,  4.62it/s]
  3%|ΓûÄ         | 130/4500 [00:28<15:07,  4.82it/s]
  3%|ΓûÄ         | 131/4500 [00:28<15:21,  4.74it/s]
  3%|ΓûÄ         | 132/4500 [00:28<15:03,  4.83it/s]
  3%|ΓûÄ         | 133/4500 [00:28<15:04,  4.83it/s]
  3%|ΓûÄ         | 134/4500 [00:28<15:26,  4.71it/s]
  3%|ΓûÄ         | 135/4500 [00:29<15:15,  4.77it/s]
  3%|ΓûÄ         | 136/4500 [00:29<15:20,  4.74it/s]
  3%|ΓûÄ         | 137/4500 [00:29<15:48,  4.60it/s]
  3%|ΓûÄ         | 138/4500 [00:29<15:24,  4.72it/s]
  3%|ΓûÄ         | 139/4500 [00:29<15:27,  4.70it/s]
  3%|ΓûÄ         | 140/4500 [00:30<15:32,  4.67it/s]
  3%|ΓûÄ         | 141/4500 [00:30<15:27,  4.70it/s]
  3%|ΓûÄ         | 142/4500 [00:30<16:22,  4.44it/s]
  3%|ΓûÄ         | 143/4500 [00:30<15:54,  4.57it/s]
  3%|ΓûÄ         | 144/4500 [00:31<15:35,  4.65it/s]
  3%|ΓûÄ         | 145/4500 [00:31<15:35,  4.66it/s]
  3%|ΓûÄ         | 146/4500 [00:31<17:00,  4.27it/s]
  3%|ΓûÄ         | 147/4500 [00:31<16:56,  4.28it/s]
  3%|ΓûÄ         | 148/4500 [00:32<16:36,  4.37it/s]
  3%|ΓûÄ         | 149/4500 [00:32<16:41,  4.35it/s]
  3%|ΓûÄ         | 150/4500 [00:32<16:08,  4.49it/s]
  3%|ΓûÄ         | 151/4500 [00:32<16:05,  4.50it/s]
  3%|ΓûÄ         | 152/4500 [00:32<15:37,  4.64it/s]
  3%|ΓûÄ         | 153/4500 [00:33<15:48,  4.58it/s]
  3%|ΓûÄ         | 154/4500 [00:33<15:30,  4.67it/s]
  3%|ΓûÄ         | 155/4500 [00:33<15:43,  4.61it/s]
  3%|ΓûÄ         | 156/4500 [00:33<15:28,  4.68it/s]
  3%|ΓûÄ         | 157/4500 [00:33<15:23,  4.70it/s]
  4%|ΓûÄ         | 158/4500 [00:34<15:38,  4.63it/s]
  4%|ΓûÄ         | 159/4500 [00:34<15:54,  4.55it/s]
  4%|ΓûÄ         | 160/4500 [00:34<16:00,  4.52it/s]
  4%|ΓûÄ         | 161/4500 [00:34<15:51,  4.56it/s]
  4%|ΓûÄ         | 162/4500 [00:35<15:46,  4.59it/s]
  4%|ΓûÄ         | 163/4500 [00:35<15:47,  4.58it/s]
  4%|ΓûÄ         | 164/4500 [00:35<16:16,  4.44it/s]
  4%|ΓûÄ         | 165/4500 [00:35<16:03,  4.50it/s]
  4%|ΓûÄ         | 166/4500 [00:35<16:01,  4.51it/s]
  4%|ΓûÄ         | 167/4500 [00:36<15:46,  4.58it/s]
  4%|ΓûÄ         | 168/4500 [00:36<16:09,  4.47it/s]
  4%|Γûì         | 169/4500 [00:36<16:12,  4.45it/s]
  4%|Γûì         | 170/4500 [00:36<15:24,  4.68it/s]
  4%|Γûì         | 171/4500 [00:37<15:48,  4.56it/s]
  4%|Γûì         | 172/4500 [00:37<16:11,  4.45it/s]
  4%|Γûì         | 173/4500 [00:37<15:52,  4.54it/s]
  4%|Γûì         | 174/4500 [00:37<15:28,  4.66it/s]
  4%|Γûì         | 175/4500 [00:37<15:38,  4.61it/s]
  4%|Γûì         | 176/4500 [00:38<15:43,  4.58it/s]
  4%|Γûì         | 177/4500 [00:38<15:44,  4.58it/s]
  4%|Γûì         | 178/4500 [00:38<15:41,  4.59it/s]
  4%|Γûì         | 179/4500 [00:38<15:34,  4.62it/s]
  4%|Γûì         | 180/4500 [00:39<15:22,  4.69it/s]
  4%|Γûì         | 181/4500 [00:39<15:35,  4.62it/s]
  4%|Γûì         | 182/4500 [00:39<15:19,  4.69it/s]
  4%|Γûì         | 183/4500 [00:39<15:25,  4.66it/s]
  4%|Γûì         | 184/4500 [00:39<15:38,  4.60it/s]
  4%|Γûì         | 185/4500 [00:40<16:06,  4.47it/s]
  4%|Γûì         | 186/4500 [00:40<16:05,  4.47it/s]
  4%|Γûì         | 187/4500 [00:40<16:00,  4.49it/s]
  4%|Γûì         | 188/4500 [00:40<16:09,  4.45it/s]
  4%|Γûì         | 189/4500 [00:41<16:03,  4.48it/s]
  4%|Γûì         | 190/4500 [00:41<16:03,  4.47it/s]
  4%|Γûì         | 191/4500 [00:41<15:39,  4.59it/s]
  4%|Γûì         | 192/4500 [00:41<15:25,  4.65it/s]
  4%|Γûì         | 193/4500 [00:41<15:21,  4.67it/s]
  4%|Γûì         | 194/4500 [00:42<15:28,  4.64it/s]
  4%|Γûì         | 195/4500 [00:42<15:34,  4.60it/s]
  4%|Γûì         | 196/4500 [00:42<15:09,  4.73it/s]
  4%|Γûì         | 197/4500 [00:42<15:16,  4.70it/s]
  4%|Γûì         | 198/4500 [00:42<15:12,  4.72it/s]
  4%|Γûì         | 199/4500 [00:43<15:04,  4.75it/s]
  4%|Γûì         | 200/4500 [00:43<15:17,  4.69it/s]
  4%|Γûì         | 201/4500 [00:43<15:28,  4.63it/s]
  4%|Γûì         | 202/4500 [00:43<15:22,  4.66it/s]
  5%|Γûì         | 203/4500 [00:43<15:14,  4.70it/s]
  5%|Γûì         | 204/4500 [00:44<14:46,  4.84it/s]
  5%|Γûì         | 205/4500 [00:44<14:49,  4.83it/s]
  5%|Γûì         | 206/4500 [00:44<14:44,  4.86it/s]
  5%|Γûì         | 207/4500 [00:44<14:25,  4.96it/s]
  5%|Γûì         | 208/4500 [00:44<14:36,  4.90it/s]
  5%|Γûì         | 209/4500 [00:45<14:34,  4.91it/s]
  5%|Γûì         | 210/4500 [00:45<14:36,  4.90it/s]
  5%|Γûì         | 211/4500 [00:45<14:57,  4.78it/s]
  5%|Γûì         | 212/4500 [00:45<15:03,  4.75it/s]
  5%|Γûì         | 213/4500 [00:46<14:37,  4.89it/s]
  5%|Γûì         | 214/4500 [00:46<14:50,  4.81it/s]
  5%|Γûì         | 215/4500 [00:46<14:57,  4.77it/s]
  5%|Γûì         | 216/4500 [00:46<15:12,  4.69it/s]
  5%|Γûì         | 217/4500 [00:46<15:13,  4.69it/s]
  5%|Γûì         | 218/4500 [00:47<15:29,  4.61it/s]
  5%|Γûì         | 219/4500 [00:47<15:13,  4.68it/s]
  5%|Γûì         | 220/4500 [00:47<14:32,  4.91it/s]
  5%|Γûì         | 221/4500 [00:47<14:09,  5.03it/s]
  5%|Γûì         | 222/4500 [00:47<14:37,  4.88it/s]
  5%|Γûì         | 223/4500 [00:48<14:58,  4.76it/s]
  5%|Γûì         | 224/4500 [00:48<14:53,  4.78it/s]
  5%|Γûî         | 225/4500 [00:48<15:28,  4.60it/s]
  5%|Γûî         | 226/4500 [00:48<16:36,  4.29it/s]
  5%|Γûî         | 227/4500 [00:49<18:05,  3.94it/s]
  5%|Γûî         | 228/4500 [00:49<17:52,  3.98it/s]
  5%|Γûî         | 229/4500 [00:49<16:31,  4.31it/s]
  5%|Γûî         | 230/4500 [00:49<16:34,  4.29it/s]
  5%|Γûî         | 231/4500 [00:50<15:36,  4.56it/s]
  5%|Γûî         | 232/4500 [00:50<15:30,  4.58it/s]
  5%|Γûî         | 233/4500 [00:50<15:07,  4.70it/s]
  5%|Γûî         | 234/4500 [00:50<15:07,  4.70it/s]
  5%|Γûî         | 235/4500 [00:50<15:15,  4.66it/s]
  5%|Γûî         | 236/4500 [00:51<14:56,  4.75it/s]
  5%|Γûî         | 237/4500 [00:51<14:56,  4.76it/s]
  5%|Γûî         | 238/4500 [00:51<14:50,  4.79it/s]
  5%|Γûî         | 239/4500 [00:51<14:41,  4.83it/s]
  5%|Γûî         | 240/4500 [00:51<15:04,  4.71it/s]
  5%|Γûî         | 241/4500 [00:52<15:03,  4.72it/s]
  5%|Γûî         | 242/4500 [00:52<14:51,  4.78it/s]
  5%|Γûî         | 243/4500 [00:52<14:57,  4.74it/s]
  5%|Γûî         | 244/4500 [00:52<15:23,  4.61it/s]
  5%|Γûî         | 245/4500 [00:52<15:01,  4.72it/s]
  5%|Γûî         | 246/4500 [00:53<14:38,  4.84it/s]
  5%|Γûî         | 247/4500 [00:53<14:45,  4.80it/s]
  6%|Γûî         | 248/4500 [00:53<14:33,  4.87it/s]
  6%|Γûî         | 249/4500 [00:53<14:29,  4.89it/s]
  6%|Γûî         | 250/4500 [00:53<14:41,  4.82it/s]
  6%|Γûî         | 251/4500 [00:54<14:39,  4.83it/s]
  6%|Γûî         | 252/4500 [00:54<14:28,  4.89it/s]
  6%|Γûî         | 253/4500 [00:54<14:21,  4.93it/s]
  6%|Γûî         | 254/4500 [00:54<14:17,  4.95it/s]
  6%|Γûî         | 255/4500 [00:54<14:30,  4.87it/s]
  6%|Γûî         | 256/4500 [00:55<16:39,  4.24it/s]
  6%|Γûî         | 257/4500 [00:55<18:51,  3.75it/s]
  6%|Γûî         | 258/4500 [00:55<20:16,  3.49it/s]
  6%|Γûî         | 259/4500 [00:56<19:33,  3.61it/s]
  6%|Γûî         | 260/4500 [00:56<18:16,  3.87it/s]
  6%|Γûî         | 261/4500 [00:56<17:04,  4.14it/s]
  6%|Γûî         | 262/4500 [00:56<16:59,  4.16it/s]
  6%|Γûî         | 263/4500 [00:57<16:22,  4.31it/s]
  6%|Γûî         | 264/4500 [00:57<15:48,  4.47it/s]
  6%|Γûî         | 265/4500 [00:57<15:53,  4.44it/s]
  6%|Γûî         | 266/4500 [00:57<15:37,  4.52it/s]
  6%|Γûî         | 267/4500 [00:58<16:56,  4.17it/s]
  6%|Γûî         | 268/4500 [00:58<16:15,  4.34it/s]
  6%|Γûî         | 269/4500 [00:58<15:44,  4.48it/s]
  6%|Γûî         | 270/4500 [00:58<15:34,  4.53it/s]
  6%|Γûî         | 271/4500 [00:58<15:49,  4.45it/s]
  6%|Γûî         | 272/4500 [00:59<15:20,  4.59it/s]
  6%|Γûî         | 273/4500 [00:59<15:04,  4.67it/s]
  6%|Γûî         | 274/4500 [00:59<14:42,  4.79it/s]
  6%|Γûî         | 275/4500 [00:59<14:44,  4.78it/s]
  6%|Γûî         | 276/4500 [00:59<14:48,  4.75it/s]
  6%|Γûî         | 277/4500 [01:00<14:54,  4.72it/s]
  6%|Γûî         | 278/4500 [01:00<14:36,  4.82it/s]
  6%|Γûî         | 279/4500 [01:00<14:41,  4.79it/s]
  6%|Γûî         | 280/4500 [01:00<15:22,  4.57it/s]
  6%|Γûî         | 281/4500 [01:00<15:04,  4.66it/s]
  6%|Γûï         | 282/4500 [01:01<15:24,  4.56it/s]
  6%|Γûï         | 283/4500 [01:01<15:42,  4.47it/s]
  6%|Γûï         | 284/4500 [01:01<15:56,  4.41it/s]
  6%|Γûï         | 285/4500 [01:02<17:52,  3.93it/s]
  6%|Γûï         | 286/4500 [01:02<18:38,  3.77it/s]
  6%|Γûï         | 287/4500 [01:02<18:53,  3.72it/s]
  6%|Γûï         | 288/4500 [01:02<18:53,  3.72it/s]
  6%|Γûï         | 289/4500 [01:03<17:44,  3.96it/s]
  6%|Γûï         | 290/4500 [01:03<16:53,  4.15it/s]
  6%|Γûï         | 291/4500 [01:03<16:15,  4.31it/s]
  6%|Γûï         | 292/4500 [01:03<15:52,  4.42it/s]
  7%|Γûï         | 293/4500 [01:03<15:21,  4.57it/s]
  7%|Γûï         | 294/4500 [01:04<15:47,  4.44it/s]
  7%|Γûï         | 295/4500 [01:04<17:19,  4.05it/s]
  7%|Γûï         | 296/4500 [01:04<17:31,  4.00it/s]
  7%|Γûï         | 297/4500 [01:04<17:03,  4.11it/s]
  7%|Γûï         | 299/4500 [01:05<12:39,  5.53it/s]
  7%|Γûï         | 300/4500 [01:05<13:03,  5.36it/s]
  7%|Γûï         | 301/4500 [01:05<13:24,  5.22it/s]
  7%|Γûï         | 302/4500 [01:05<13:52,  5.04it/s]
  7%|Γûï         | 303/4500 [01:05<14:14,  4.91it/s]
  7%|Γûï         | 304/4500 [01:06<14:16,  4.90it/s]
  7%|Γûï         | 305/4500 [01:06<14:19,  4.88it/s]
  7%|Γûï         | 306/4500 [01:06<14:25,  4.84it/s]
  7%|Γûï         | 307/4500 [01:06<14:44,  4.74it/s]
  7%|Γûï         | 308/4500 [01:07<14:48,  4.72it/s]
  7%|Γûï         | 309/4500 [01:07<15:03,  4.64it/s]
  7%|Γûï         | 310/4500 [01:07<15:02,  4.64it/s]
  7%|Γûï         | 311/4500 [01:07<15:24,  4.53it/s]
  7%|Γûï         | 312/4500 [01:07<15:29,  4.50it/s]
  7%|Γûï         | 313/4500 [01:08<15:17,  4.56it/s]
  7%|Γûï         | 314/4500 [01:08<15:05,  4.62it/s]
  7%|Γûï         | 315/4500 [01:08<15:01,  4.64it/s]
  7%|Γûï         | 316/4500 [01:08<16:04,  4.34it/s]
  7%|Γûï         | 317/4500 [01:09<16:50,  4.14it/s]
  7%|Γûï         | 318/4500 [01:09<17:27,  3.99it/s]
  7%|Γûï         | 319/4500 [01:09<17:15,  4.04it/s]
  7%|Γûï         | 320/4500 [01:10<21:06,  3.30it/s]
  7%|Γûï         | 321/4500 [01:10<23:24,  2.97it/s]
  7%|Γûï         | 322/4500 [01:10<22:56,  3.03it/s]
  7%|Γûï         | 323/4500 [01:11<21:45,  3.20it/s]
  7%|Γûï         | 324/4500 [01:11<20:59,  3.32it/s]
  7%|Γûï         | 325/4500 [01:11<19:53,  3.50it/s]
  7%|Γûï         | 326/4500 [01:11<19:02,  3.65it/s]
  7%|Γûï         | 327/4500 [01:12<18:53,  3.68it/s]
  7%|Γûï         | 328/4500 [01:12<18:27,  3.77it/s]
  7%|Γûï         | 329/4500 [01:12<18:39,  3.72it/s]
  7%|Γûï         | 330/4500 [01:12<17:46,  3.91it/s]
  7%|Γûï         | 331/4500 [01:13<17:24,  3.99it/s]
  7%|Γûï         | 332/4500 [01:13<16:58,  4.09it/s]
  7%|Γûï         | 333/4500 [01:13<16:48,  4.13it/s]
  7%|Γûï         | 335/4500 [01:13<12:39,  5.48it/s]
  7%|Γûï         | 336/4500 [01:14<13:35,  5.11it/s]
  7%|Γûï         | 337/4500 [01:14<14:20,  4.84it/s]
  8%|Γûè         | 338/4500 [01:14<14:57,  4.64it/s]
  8%|Γûè         | 339/4500 [01:14<15:21,  4.52it/s]
  8%|Γûè         | 340/4500 [01:14<15:39,  4.43it/s]
  8%|Γûè         | 341/4500 [01:15<15:49,  4.38it/s]
  8%|Γûè         | 342/4500 [01:15<15:46,  4.39it/s]
  8%|Γûè         | 343/4500 [01:15<15:49,  4.38it/s]
  8%|Γûè         | 344/4500 [01:15<16:41,  4.15it/s]
  8%|Γûè         | 345/4500 [01:16<15:55,  4.35it/s]
  8%|Γûè         | 346/4500 [01:16<15:51,  4.36it/s]
  8%|Γûè         | 347/4500 [01:16<16:08,  4.29it/s]
  8%|Γûè         | 348/4500 [01:16<15:46,  4.39it/s]
  8%|Γûè         | 349/4500 [01:17<15:46,  4.39it/s]
  8%|Γûè         | 350/4500 [01:17<15:40,  4.41it/s]
  8%|Γûè         | 351/4500 [01:17<16:02,  4.31it/s]
  8%|Γûè         | 352/4500 [01:17<16:20,  4.23it/s]
  8%|Γûè         | 353/4500 [01:17<16:19,  4.23it/s]
  8%|Γûè         | 354/4500 [01:18<16:18,  4.24it/s]
  8%|Γûè         | 355/4500 [01:18<16:09,  4.27it/s]
  8%|Γûè         | 356/4500 [01:18<15:54,  4.34it/s]
  8%|Γûè         | 357/4500 [01:18<15:26,  4.47it/s]
  8%|Γûè         | 358/4500 [01:19<15:28,  4.46it/s]
  8%|Γûè         | 359/4500 [01:19<15:44,  4.38it/s]
  8%|Γûè         | 360/4500 [01:19<16:06,  4.28it/s]
  8%|Γûè         | 361/4500 [01:19<15:49,  4.36it/s]
  8%|Γûè         | 362/4500 [01:20<16:03,  4.29it/s]
  8%|Γûè         | 363/4500 [01:20<15:54,  4.34it/s]
  8%|Γûè         | 364/4500 [01:20<15:29,  4.45it/s]
  8%|Γûè         | 365/4500 [01:20<15:27,  4.46it/s]
  8%|Γûè         | 366/4500 [01:20<15:36,  4.41it/s]
  8%|Γûè         | 367/4500 [01:21<15:02,  4.58it/s]
  8%|Γûè         | 368/4500 [01:21<15:17,  4.51it/s]
  8%|Γûè         | 369/4500 [01:21<15:08,  4.55it/s]
  8%|Γûè         | 370/4500 [01:21<15:02,  4.57it/s]
  8%|Γûè         | 371/4500 [01:22<14:45,  4.66it/s]
  8%|Γûè         | 372/4500 [01:22<15:03,  4.57it/s]
  8%|Γûè         | 373/4500 [01:22<14:50,  4.63it/s]
  8%|Γûè         | 374/4500 [01:22<14:53,  4.62it/s]
  8%|Γûè         | 375/4500 [01:22<15:03,  4.56it/s]
  8%|Γûè         | 376/4500 [01:23<15:24,  4.46it/s]
  8%|Γûè         | 377/4500 [01:23<15:36,  4.40it/s]
  8%|Γûè         | 378/4500 [01:23<15:30,  4.43it/s]
  8%|Γûè         | 379/4500 [01:23<15:38,  4.39it/s]
  8%|Γûè         | 380/4500 [01:24<15:43,  4.37it/s]
  8%|Γûè         | 381/4500 [01:24<16:09,  4.25it/s]
  8%|Γûè         | 382/4500 [01:24<15:41,  4.37it/s]
  9%|Γûè         | 383/4500 [01:24<15:42,  4.37it/s]
  9%|Γûè         | 384/4500 [01:24<15:27,  4.44it/s]
  9%|Γûè         | 385/4500 [01:25<15:22,  4.46it/s]
  9%|Γûè         | 386/4500 [01:25<16:02,  4.27it/s]
  9%|Γûè         | 387/4500 [01:25<15:56,  4.30it/s]
  9%|Γûè         | 388/4500 [01:25<16:52,  4.06it/s]
  9%|Γûè         | 389/4500 [01:26<17:11,  3.99it/s]
  9%|Γûè         | 390/4500 [01:26<16:39,  4.11it/s]
  9%|Γûè         | 391/4500 [01:26<16:08,  4.24it/s]
  9%|Γûè         | 392/4500 [01:26<16:01,  4.27it/s]
  9%|Γûè         | 393/4500 [01:27<16:45,  4.08it/s]
  9%|Γûë         | 394/4500 [01:27<16:36,  4.12it/s]
  9%|Γûë         | 395/4500 [01:27<16:22,  4.18it/s]
  9%|Γûë         | 396/4500 [01:27<16:59,  4.03it/s]
  9%|Γûë         | 397/4500 [01:28<16:21,  4.18it/s]
  9%|Γûë         | 398/4500 [01:28<15:45,  4.34it/s]
  9%|Γûë         | 399/4500 [01:28<15:21,  4.45it/s]
  9%|Γûë         | 400/4500 [01:28<15:15,  4.48it/s]
  9%|Γûë         | 401/4500 [01:28<15:05,  4.53it/s]
  9%|Γûë         | 402/4500 [01:29<15:03,  4.54it/s]
  9%|Γûë         | 403/4500 [01:29<15:17,  4.47it/s]
  9%|Γûë         | 404/4500 [01:29<15:09,  4.51it/s]
  9%|Γûë         | 405/4500 [01:29<15:31,  4.40it/s]
  9%|Γûë         | 406/4500 [01:30<15:18,  4.46it/s]
  9%|Γûë         | 407/4500 [01:30<14:57,  4.56it/s]
  9%|Γûë         | 408/4500 [01:30<14:57,  4.56it/s]
  9%|Γûë         | 409/4500 [01:30<15:09,  4.50it/s]
  9%|Γûë         | 410/4500 [01:30<15:19,  4.45it/s]
  9%|Γûë         | 411/4500 [01:31<15:37,  4.36it/s]
  9%|Γûë         | 412/4500 [01:31<15:37,  4.36it/s]
  9%|Γûë         | 413/4500 [01:31<15:19,  4.45it/s]
  9%|Γûë         | 414/4500 [01:31<14:59,  4.54it/s]
  9%|Γûë         | 415/4500 [01:32<14:57,  4.55it/s]
  9%|Γûë         | 416/4500 [01:32<15:06,  4.51it/s]
  9%|Γûë         | 417/4500 [01:32<15:14,  4.47it/s]
  9%|Γûë         | 418/4500 [01:32<15:29,  4.39it/s]
  9%|Γûë         | 419/4500 [01:32<15:06,  4.50it/s]
  9%|Γûë         | 420/4500 [01:33<14:59,  4.54it/s]
  9%|Γûë         | 421/4500 [01:33<14:59,  4.53it/s]
  9%|Γûë         | 422/4500 [01:33<15:50,  4.29it/s]
  9%|Γûë         | 423/4500 [01:33<15:46,  4.31it/s]
  9%|Γûë         | 424/4500 [01:34<15:47,  4.30it/s]
  9%|Γûë         | 425/4500 [01:34<16:34,  4.10it/s]
  9%|Γûë         | 426/4500 [01:34<15:53,  4.27it/s]
  9%|Γûë         | 427/4500 [01:34<15:31,  4.37it/s]
 10%|Γûë         | 428/4500 [01:35<15:33,  4.36it/s]
 10%|Γûë         | 429/4500 [01:35<16:08,  4.20it/s]
 10%|Γûë         | 430/4500 [01:35<15:51,  4.28it/s]
 10%|Γûë         | 431/4500 [01:35<15:20,  4.42it/s]
 10%|Γûë         | 432/4500 [01:35<15:08,  4.48it/s]
 10%|Γûë         | 433/4500 [01:36<16:25,  4.13it/s]
 10%|Γûë         | 434/4500 [01:36<16:00,  4.23it/s]
 10%|Γûë         | 435/4500 [01:36<15:36,  4.34it/s]
 10%|Γûë         | 436/4500 [01:36<15:36,  4.34it/s]
 10%|Γûë         | 437/4500 [01:37<15:44,  4.30it/s]
 10%|Γûë         | 438/4500 [01:37<15:41,  4.31it/s]
 10%|Γûë         | 439/4500 [01:37<15:13,  4.44it/s]
 10%|Γûë         | 440/4500 [01:37<15:28,  4.37it/s]
 10%|Γûë         | 441/4500 [01:38<15:25,  4.38it/s]
 10%|Γûë         | 442/4500 [01:38<15:39,  4.32it/s]
 10%|Γûë         | 443/4500 [01:38<15:09,  4.46it/s]
 10%|Γûë         | 445/4500 [01:38<11:30,  5.87it/s]
 10%|Γûë         | 446/4500 [01:38<12:06,  5.58it/s]
 10%|Γûë         | 447/4500 [01:39<12:32,  5.39it/s]
 10%|Γûë         | 448/4500 [01:39<12:49,  5.27it/s]
 10%|Γûë         | 449/4500 [01:39<13:10,  5.13it/s]
 10%|Γûê         | 450/4500 [01:39<13:31,  4.99it/s]
 10%|Γûê         | 451/4500 [01:39<13:45,  4.90it/s]
 10%|Γûê         | 452/4500 [01:40<14:29,  4.66it/s]
 10%|Γûê         | 453/4500 [01:40<14:32,  4.64it/s]
 10%|Γûê         | 454/4500 [01:40<14:44,  4.57it/s]
 10%|Γûê         | 455/4500 [01:40<14:43,  4.58it/s]
 10%|Γûê         | 456/4500 [01:41<14:54,  4.52it/s]
 10%|Γûê         | 457/4500 [01:41<14:51,  4.54it/s]
 10%|Γûê         | 458/4500 [01:41<15:10,  4.44it/s]
 10%|Γûê         | 459/4500 [01:41<14:54,  4.52it/s]
 10%|Γûê         | 460/4500 [01:42<15:00,  4.49it/s]
 10%|Γûê         | 461/4500 [01:42<14:49,  4.54it/s]
 10%|Γûê         | 462/4500 [01:42<14:42,  4.58it/s]
 10%|Γûê         | 463/4500 [01:42<16:44,  4.02it/s]
 10%|Γûê         | 464/4500 [01:43<18:55,  3.55it/s]
 10%|Γûê         | 465/4500 [01:43<19:44,  3.41it/s]
 10%|Γûê         | 466/4500 [01:43<18:03,  3.72it/s]
 10%|Γûê         | 467/4500 [01:43<17:22,  3.87it/s]
 10%|Γûê         | 468/4500 [01:44<16:24,  4.10it/s]
 10%|Γûê         | 469/4500 [01:44<16:16,  4.13it/s]
 10%|Γûê         | 470/4500 [01:44<15:39,  4.29it/s]
 10%|Γûê         | 471/4500 [01:44<15:00,  4.47it/s]
 10%|Γûê         | 472/4500 [01:44<14:59,  4.48it/s]
 11%|Γûê         | 473/4500 [01:45<14:59,  4.48it/s]
 11%|Γûê         | 474/4500 [01:45<14:36,  4.59it/s]
 11%|Γûê         | 475/4500 [01:45<14:41,  4.57it/s]
 11%|Γûê         | 476/4500 [01:45<14:50,  4.52it/s]
 11%|Γûê         | 477/4500 [01:46<15:52,  4.23it/s]
 11%|Γûê         | 478/4500 [01:46<15:16,  4.39it/s]
 11%|Γûê         | 479/4500 [01:46<15:27,  4.34it/s]
 11%|Γûê         | 480/4500 [01:46<15:00,  4.46it/s]
 11%|Γûê         | 481/4500 [01:47<15:12,  4.40it/s]
 11%|Γûê         | 482/4500 [01:47<15:07,  4.43it/s]
 11%|Γûê         | 483/4500 [01:47<14:58,  4.47it/s]
 11%|Γûê         | 484/4500 [01:47<14:55,  4.48it/s]
 11%|Γûê         | 485/4500 [01:47<14:48,  4.52it/s]
 11%|Γûê         | 487/4500 [01:48<11:12,  5.97it/s]
 11%|Γûê         | 488/4500 [01:48<12:05,  5.53it/s]
 11%|Γûê         | 489/4500 [01:48<12:38,  5.29it/s]
 11%|Γûê         | 490/4500 [01:48<13:16,  5.03it/s]
 11%|Γûê         | 491/4500 [01:48<13:56,  4.79it/s]
 11%|Γûê         | 492/4500 [01:49<16:14,  4.11it/s]
 11%|Γûê         | 493/4500 [01:49<17:45,  3.76it/s]
 11%|Γûê         | 494/4500 [01:49<18:38,  3.58it/s]
 11%|Γûê         | 495/4500 [01:50<18:01,  3.70it/s]
 11%|Γûê         | 496/4500 [01:50<16:53,  3.95it/s]
 11%|Γûê         | 497/4500 [01:50<16:01,  4.16it/s]
 11%|Γûê         | 498/4500 [01:50<15:25,  4.33it/s]
 11%|Γûê         | 499/4500 [01:51<14:51,  4.49it/s]
 11%|Γûê         | 500/4500 [01:51<15:03,  4.43it/s]
 11%|Γûê         | 501/4500 [01:51<15:03,  4.42it/s]
 11%|Γûê         | 502/4500 [01:51<15:22,  4.33it/s]
 11%|Γûê         | 503/4500 [01:51<15:13,  4.38it/s]
 11%|Γûê         | 504/4500 [01:52<14:48,  4.50it/s]
 11%|Γûê         | 505/4500 [01:52<14:43,  4.52it/s]
 11%|Γûê         | 506/4500 [01:52<15:15,  4.36it/s]
 11%|ΓûêΓûÅ        | 507/4500 [01:52<15:23,  4.33it/s]
 11%|ΓûêΓûÅ        | 508/4500 [01:53<14:54,  4.46it/s]
 11%|ΓûêΓûÅ        | 509/4500 [01:53<14:58,  4.44it/s]
 11%|ΓûêΓûÅ        | 510/4500 [01:53<15:39,  4.25it/s]
 11%|ΓûêΓûÅ        | 511/4500 [01:53<15:16,  4.35it/s]
 11%|ΓûêΓûÅ        | 512/4500 [01:53<15:03,  4.41it/s]
 11%|ΓûêΓûÅ        | 513/4500 [01:54<14:44,  4.51it/s]
 11%|ΓûêΓûÅ        | 514/4500 [01:54<15:11,  4.37it/s]
 11%|ΓûêΓûÅ        | 515/4500 [01:54<15:08,  4.39it/s]
 11%|ΓûêΓûÅ        | 516/4500 [01:54<14:51,  4.47it/s]
 11%|ΓûêΓûÅ        | 517/4500 [01:55<14:43,  4.51it/s]
 12%|ΓûêΓûÅ        | 518/4500 [01:55<14:50,  4.47it/s]
 12%|ΓûêΓûÅ        | 519/4500 [01:55<15:47,  4.20it/s]
 12%|ΓûêΓûÅ        | 520/4500 [01:55<17:46,  3.73it/s]
 12%|ΓûêΓûÅ        | 521/4500 [01:56<20:18,  3.27it/s]
 12%|ΓûêΓûÅ        | 522/4500 [01:56<19:29,  3.40it/s]
 12%|ΓûêΓûÅ        | 523/4500 [01:56<17:44,  3.74it/s]
 12%|ΓûêΓûÅ        | 524/4500 [01:57<16:25,  4.03it/s]
 12%|ΓûêΓûÅ        | 525/4500 [01:57<16:08,  4.10it/s]
 12%|ΓûêΓûÅ        | 526/4500 [01:57<15:37,  4.24it/s]
 12%|ΓûêΓûÅ        | 527/4500 [01:57<15:55,  4.16it/s]
 12%|ΓûêΓûÅ        | 528/4500 [01:57<15:59,  4.14it/s]
 12%|ΓûêΓûÅ        | 529/4500 [01:58<15:51,  4.17it/s]
 12%|ΓûêΓûÅ        | 530/4500 [01:58<15:32,  4.26it/s]
 12%|ΓûêΓûÅ        | 531/4500 [01:58<15:17,  4.32it/s]
 12%|ΓûêΓûÅ        | 532/4500 [01:58<15:16,  4.33it/s]
 12%|ΓûêΓûÅ        | 533/4500 [01:59<14:53,  4.44it/s]
 12%|ΓûêΓûÅ        | 534/4500 [01:59<14:48,  4.46it/s]
 12%|ΓûêΓûÅ        | 535/4500 [01:59<14:55,  4.43it/s]
 12%|ΓûêΓûÅ        | 536/4500 [01:59<14:36,  4.52it/s]
 12%|ΓûêΓûÅ        | 537/4500 [01:59<14:41,  4.50it/s]
 12%|ΓûêΓûÅ        | 538/4500 [02:00<14:36,  4.52it/s]
 12%|ΓûêΓûÅ        | 539/4500 [02:00<14:35,  4.53it/s]
 12%|ΓûêΓûÅ        | 540/4500 [02:00<14:40,  4.50it/s]
 12%|ΓûêΓûÅ        | 541/4500 [02:00<14:28,  4.56it/s]
 12%|ΓûêΓûÅ        | 542/4500 [02:01<14:49,  4.45it/s]
 12%|ΓûêΓûÅ        | 543/4500 [02:01<14:19,  4.60it/s]
 12%|ΓûêΓûÅ        | 544/4500 [02:01<14:32,  4.53it/s]
 12%|ΓûêΓûÅ        | 545/4500 [02:01<14:15,  4.63it/s]
 12%|ΓûêΓûÅ        | 546/4500 [02:01<14:18,  4.61it/s]
 12%|ΓûêΓûÅ        | 547/4500 [02:02<14:13,  4.63it/s]
 12%|ΓûêΓûÅ        | 548/4500 [02:02<14:11,  4.64it/s]
 12%|ΓûêΓûÅ        | 549/4500 [02:02<14:31,  4.54it/s]
 12%|ΓûêΓûÅ        | 550/4500 [02:02<16:11,  4.07it/s]
 12%|ΓûêΓûÅ        | 551/4500 [02:03<17:20,  3.79it/s]
 12%|ΓûêΓûÅ        | 552/4500 [02:03<17:56,  3.67it/s]
 12%|ΓûêΓûÅ        | 553/4500 [02:03<20:24,  3.22it/s]
 12%|ΓûêΓûÅ        | 554/4500 [02:04<23:29,  2.80it/s]
 12%|ΓûêΓûÅ        | 555/4500 [02:04<24:40,  2.66it/s]
 12%|ΓûêΓûÅ        | 556/4500 [02:05<25:39,  2.56it/s]
 12%|ΓûêΓûÅ        | 557/4500 [02:05<25:56,  2.53it/s]
 12%|ΓûêΓûÅ        | 558/4500 [02:05<23:56,  2.74it/s]
 12%|ΓûêΓûÅ        | 559/4500 [02:06<23:08,  2.84it/s]
 12%|ΓûêΓûÅ        | 560/4500 [02:06<21:46,  3.02it/s]
 12%|ΓûêΓûÅ        | 561/4500 [02:06<20:38,  3.18it/s]
 12%|ΓûêΓûÅ        | 562/4500 [02:07<20:01,  3.28it/s]
 13%|ΓûêΓûÄ        | 563/4500 [02:07<19:20,  3.39it/s]
 13%|ΓûêΓûÄ        | 564/4500 [02:07<18:49,  3.48it/s]
 13%|ΓûêΓûÄ        | 565/4500 [02:07<18:00,  3.64it/s]
 13%|ΓûêΓûÄ        | 566/4500 [02:08<17:47,  3.69it/s]
 13%|ΓûêΓûÄ        | 567/4500 [02:08<17:36,  3.72it/s]
 13%|ΓûêΓûÄ        | 568/4500 [02:08<17:45,  3.69it/s]
 13%|ΓûêΓûÄ        | 569/4500 [02:08<17:53,  3.66it/s]
 13%|ΓûêΓûÄ        | 570/4500 [02:09<17:12,  3.81it/s]
 13%|ΓûêΓûÄ        | 571/4500 [02:09<16:25,  3.99it/s]
 13%|ΓûêΓûÄ        | 572/4500 [02:09<16:27,  3.98it/s]
 13%|ΓûêΓûÄ        | 573/4500 [02:09<15:59,  4.09it/s]
 13%|ΓûêΓûÄ        | 574/4500 [02:10<16:08,  4.05it/s]
 13%|ΓûêΓûÄ        | 575/4500 [02:10<15:16,  4.28it/s]
 13%|ΓûêΓûÄ        | 576/4500 [02:10<15:42,  4.16it/s]
 13%|ΓûêΓûÄ        | 577/4500 [02:10<15:24,  4.24it/s]
 13%|ΓûêΓûÄ        | 578/4500 [02:11<15:11,  4.30it/s]
 13%|ΓûêΓûÄ        | 579/4500 [02:11<14:51,  4.40it/s]
 13%|ΓûêΓûÄ        | 580/4500 [02:11<14:21,  4.55it/s]
 13%|ΓûêΓûÄ        | 581/4500 [02:11<14:28,  4.51it/s]
 13%|ΓûêΓûÄ        | 582/4500 [02:11<14:15,  4.58it/s]
 13%|ΓûêΓûÄ        | 583/4500 [02:12<14:15,  4.58it/s]
 13%|ΓûêΓûÄ        | 584/4500 [02:12<14:27,  4.51it/s]
 13%|ΓûêΓûÄ        | 585/4500 [02:12<14:20,  4.55it/s]
 13%|ΓûêΓûÄ        | 586/4500 [02:12<14:32,  4.48it/s]
 13%|ΓûêΓûÄ        | 587/4500 [02:13<14:40,  4.45it/s]
 13%|ΓûêΓûÄ        | 588/4500 [02:13<14:43,  4.43it/s]
 13%|ΓûêΓûÄ        | 589/4500 [02:13<15:06,  4.32it/s]
 13%|ΓûêΓûÄ        | 590/4500 [02:13<15:12,  4.28it/s]
 13%|ΓûêΓûÄ        | 591/4500 [02:13<15:21,  4.24it/s]
 13%|ΓûêΓûÄ        | 592/4500 [02:14<15:18,  4.25it/s]
 13%|ΓûêΓûÄ        | 593/4500 [02:14<15:10,  4.29it/s]
 13%|ΓûêΓûÄ        | 594/4500 [02:14<14:59,  4.34it/s]
 13%|ΓûêΓûÄ        | 595/4500 [02:14<15:14,  4.27it/s]
 13%|ΓûêΓûÄ        | 596/4500 [02:15<15:30,  4.19it/s]
 13%|ΓûêΓûÄ        | 597/4500 [02:15<15:19,  4.25it/s]
 13%|ΓûêΓûÄ        | 598/4500 [02:15<15:11,  4.28it/s]
 13%|ΓûêΓûÄ        | 599/4500 [02:15<14:35,  4.45it/s]
 13%|ΓûêΓûÄ        | 600/4500 [02:16<14:27,  4.49it/s]
 13%|ΓûêΓûÄ        | 601/4500 [02:16<14:47,  4.39it/s]
 13%|ΓûêΓûÄ        | 602/4500 [02:16<14:50,  4.38it/s]
 13%|ΓûêΓûÄ        | 603/4500 [02:16<15:04,  4.31it/s]
 13%|ΓûêΓûÄ        | 604/4500 [02:16<14:56,  4.35it/s]
 13%|ΓûêΓûÄ        | 605/4500 [02:17<14:51,  4.37it/s]
 13%|ΓûêΓûÄ        | 606/4500 [02:17<14:54,  4.35it/s]
 13%|ΓûêΓûÄ        | 607/4500 [02:17<14:45,  4.39it/s]
 14%|ΓûêΓûÄ        | 608/4500 [02:17<14:41,  4.41it/s]
 14%|ΓûêΓûÄ        | 609/4500 [02:18<15:18,  4.24it/s]
 14%|ΓûêΓûÄ        | 610/4500 [02:18<15:02,  4.31it/s]
 14%|ΓûêΓûÄ        | 611/4500 [02:18<15:09,  4.28it/s]
 14%|ΓûêΓûÄ        | 612/4500 [02:18<14:47,  4.38it/s]
 14%|ΓûêΓûÄ        | 613/4500 [02:19<14:50,  4.37it/s]
 14%|ΓûêΓûÄ        | 614/4500 [02:19<14:33,  4.45it/s]
 14%|ΓûêΓûÄ        | 615/4500 [02:19<14:26,  4.48it/s]
 14%|ΓûêΓûÄ        | 616/4500 [02:19<14:59,  4.32it/s]
 14%|ΓûêΓûÄ        | 617/4500 [02:19<14:46,  4.38it/s]
 14%|ΓûêΓûÄ        | 618/4500 [02:20<15:07,  4.28it/s]
 14%|ΓûêΓûì        | 619/4500 [02:20<15:22,  4.21it/s]
 14%|ΓûêΓûì        | 620/4500 [02:20<15:10,  4.26it/s]
 14%|ΓûêΓûì        | 621/4500 [02:20<15:08,  4.27it/s]
 14%|ΓûêΓûì        | 622/4500 [02:21<14:58,  4.32it/s]
 14%|ΓûêΓûì        | 623/4500 [02:21<15:05,  4.28it/s]
 14%|ΓûêΓûì        | 624/4500 [02:21<15:12,  4.25it/s]
 14%|ΓûêΓûì        | 625/4500 [02:21<15:15,  4.23it/s]
 14%|ΓûêΓûì        | 626/4500 [02:22<14:55,  4.33it/s]
 14%|ΓûêΓûì        | 627/4500 [02:22<14:59,  4.31it/s]
 14%|ΓûêΓûì        | 628/4500 [02:22<15:07,  4.27it/s]
 14%|ΓûêΓûì        | 629/4500 [02:22<14:39,  4.40it/s]
 14%|ΓûêΓûì        | 630/4500 [02:22<14:29,  4.45it/s]
 14%|ΓûêΓûì        | 631/4500 [02:23<14:41,  4.39it/s]
 14%|ΓûêΓûì        | 632/4500 [02:23<15:11,  4.24it/s]
 14%|ΓûêΓûì        | 633/4500 [02:23<15:05,  4.27it/s]
 14%|ΓûêΓûì        | 634/4500 [02:23<15:12,  4.24it/s]
 14%|ΓûêΓûì        | 635/4500 [02:24<15:15,  4.22it/s]
 14%|ΓûêΓûì        | 636/4500 [02:24<15:14,  4.22it/s]
 14%|ΓûêΓûì        | 637/4500 [02:24<14:45,  4.36it/s]
 14%|ΓûêΓûì        | 638/4500 [02:24<16:29,  3.90it/s]
 14%|ΓûêΓûì        | 639/4500 [02:25<15:40,  4.11it/s]
 14%|ΓûêΓûì        | 640/4500 [02:25<15:13,  4.22it/s]
 14%|ΓûêΓûì        | 641/4500 [02:25<14:58,  4.30it/s]
 14%|ΓûêΓûì        | 642/4500 [02:25<15:04,  4.27it/s]
 14%|ΓûêΓûì        | 643/4500 [02:26<14:52,  4.32it/s]
 14%|ΓûêΓûì        | 644/4500 [02:26<14:52,  4.32it/s]
 14%|ΓûêΓûì        | 645/4500 [02:26<14:44,  4.36it/s]
 14%|ΓûêΓûì        | 646/4500 [02:26<14:40,  4.37it/s]
 14%|ΓûêΓûì        | 647/4500 [02:26<14:22,  4.47it/s]
 14%|ΓûêΓûì        | 648/4500 [02:27<13:55,  4.61it/s]
 14%|ΓûêΓûì        | 649/4500 [02:27<13:42,  4.68it/s]
 14%|ΓûêΓûì        | 650/4500 [02:27<13:34,  4.73it/s]
 14%|ΓûêΓûì        | 651/4500 [02:27<13:50,  4.64it/s]
 14%|ΓûêΓûì        | 652/4500 [02:28<14:08,  4.53it/s]
 15%|ΓûêΓûì        | 653/4500 [02:28<14:00,  4.58it/s]
 15%|ΓûêΓûì        | 654/4500 [02:28<14:02,  4.56it/s]
 15%|ΓûêΓûì        | 655/4500 [02:28<14:21,  4.46it/s]
 15%|ΓûêΓûì        | 656/4500 [02:28<15:02,  4.26it/s]
 15%|ΓûêΓûì        | 657/4500 [02:29<14:26,  4.43it/s]
 15%|ΓûêΓûì        | 658/4500 [02:29<14:18,  4.48it/s]
 15%|ΓûêΓûì        | 659/4500 [02:29<13:59,  4.57it/s]
 15%|ΓûêΓûì        | 660/4500 [02:29<14:03,  4.55it/s]
 15%|ΓûêΓûì        | 661/4500 [02:30<13:50,  4.62it/s]
 15%|ΓûêΓûì        | 662/4500 [02:30<13:51,  4.62it/s]
 15%|ΓûêΓûì        | 664/4500 [02:30<10:55,  5.85it/s]
 15%|ΓûêΓûì        | 665/4500 [02:30<11:28,  5.57it/s]
 15%|ΓûêΓûì        | 666/4500 [02:31<15:10,  4.21it/s]
 15%|ΓûêΓûì        | 667/4500 [02:31<17:36,  3.63it/s]
 15%|ΓûêΓûì        | 668/4500 [02:31<18:25,  3.47it/s]
 15%|ΓûêΓûì        | 669/4500 [02:31<17:26,  3.66it/s]
 15%|ΓûêΓûì        | 670/4500 [02:32<16:38,  3.84it/s]
 15%|ΓûêΓûì        | 671/4500 [02:32<15:43,  4.06it/s]
 15%|ΓûêΓûì        | 672/4500 [02:32<15:11,  4.20it/s]
 15%|ΓûêΓûì        | 673/4500 [02:32<14:58,  4.26it/s]
 15%|ΓûêΓûì        | 674/4500 [02:33<14:30,  4.40it/s]
 15%|ΓûêΓûî        | 675/4500 [02:33<14:32,  4.38it/s]
 15%|ΓûêΓûî        | 676/4500 [02:33<14:09,  4.50it/s]
 15%|ΓûêΓûî        | 677/4500 [02:33<14:19,  4.45it/s]
 15%|ΓûêΓûî        | 678/4500 [02:33<14:36,  4.36it/s]
 15%|ΓûêΓûî        | 679/4500 [02:34<14:48,  4.30it/s]
 15%|ΓûêΓûî        | 680/4500 [02:34<14:42,  4.33it/s]
 15%|ΓûêΓûî        | 681/4500 [02:34<14:44,  4.32it/s]
 15%|ΓûêΓûî        | 682/4500 [02:34<14:39,  4.34it/s]
 15%|ΓûêΓûî        | 683/4500 [02:35<14:15,  4.46it/s]
 15%|ΓûêΓûî        | 684/4500 [02:35<14:09,  4.49it/s]
 15%|ΓûêΓûî        | 685/4500 [02:35<13:59,  4.54it/s]
 15%|ΓûêΓûî        | 686/4500 [02:35<13:51,  4.59it/s]
 15%|ΓûêΓûî        | 687/4500 [02:36<14:18,  4.44it/s]
 15%|ΓûêΓûî        | 688/4500 [02:36<14:15,  4.46it/s]
 15%|ΓûêΓûî        | 689/4500 [02:36<13:52,  4.58it/s]
 15%|ΓûêΓûî        | 690/4500 [02:36<13:38,  4.65it/s]
 15%|ΓûêΓûî        | 691/4500 [02:36<14:00,  4.53it/s]
 15%|ΓûêΓûî        | 692/4500 [02:37<15:52,  4.00it/s]
 15%|ΓûêΓûî        | 693/4500 [02:37<18:57,  3.35it/s]
 15%|ΓûêΓûî        | 694/4500 [02:37<18:52,  3.36it/s]
 15%|ΓûêΓûî        | 695/4500 [02:38<17:11,  3.69it/s]
 15%|ΓûêΓûî        | 696/4500 [02:38<16:25,  3.86it/s]
 15%|ΓûêΓûî        | 697/4500 [02:38<16:03,  3.95it/s]
 16%|ΓûêΓûî        | 698/4500 [02:38<15:26,  4.10it/s]
 16%|ΓûêΓûî        | 699/4500 [02:39<14:43,  4.30it/s]
 16%|ΓûêΓûî        | 700/4500 [02:39<14:41,  4.31it/s]
 16%|ΓûêΓûî        | 701/4500 [02:39<14:26,  4.39it/s]
 16%|ΓûêΓûî        | 702/4500 [02:39<14:14,  4.45it/s]
 16%|ΓûêΓûî        | 703/4500 [02:39<14:09,  4.47it/s]
 16%|ΓûêΓûî        | 704/4500 [02:40<14:09,  4.47it/s]
 16%|ΓûêΓûî        | 705/4500 [02:40<14:08,  4.47it/s]
 16%|ΓûêΓûî        | 706/4500 [02:40<14:06,  4.48it/s]
 16%|ΓûêΓûî        | 707/4500 [02:40<13:52,  4.55it/s]
 16%|ΓûêΓûî        | 708/4500 [02:40<13:30,  4.68it/s]
 16%|ΓûêΓûî        | 709/4500 [02:41<13:37,  4.64it/s]
 16%|ΓûêΓûî        | 710/4500 [02:41<13:47,  4.58it/s]
 16%|ΓûêΓûî        | 711/4500 [02:41<13:45,  4.59it/s]
 16%|ΓûêΓûî        | 712/4500 [02:41<13:54,  4.54it/s]
 16%|ΓûêΓûî        | 713/4500 [02:42<14:28,  4.36it/s]
 16%|ΓûêΓûî        | 714/4500 [02:42<14:10,  4.45it/s]
 16%|ΓûêΓûî        | 715/4500 [02:42<13:53,  4.54it/s]
 16%|ΓûêΓûî        | 716/4500 [02:42<13:38,  4.62it/s]
 16%|ΓûêΓûî        | 717/4500 [02:42<13:51,  4.55it/s]
 16%|ΓûêΓûî        | 718/4500 [02:43<13:56,  4.52it/s]
 16%|ΓûêΓûî        | 719/4500 [02:43<14:02,  4.49it/s]
 16%|ΓûêΓûî        | 720/4500 [02:43<14:17,  4.41it/s]
 16%|ΓûêΓûî        | 721/4500 [02:43<14:28,  4.35it/s]
 16%|ΓûêΓûî        | 722/4500 [02:44<14:18,  4.40it/s]
 16%|ΓûêΓûî        | 723/4500 [02:44<14:03,  4.48it/s]
 16%|ΓûêΓûî        | 724/4500 [02:44<14:48,  4.25it/s]
 16%|ΓûêΓûî        | 725/4500 [02:44<15:57,  3.94it/s]
 16%|ΓûêΓûî        | 726/4500 [02:45<16:04,  3.91it/s]
 16%|ΓûêΓûî        | 727/4500 [02:45<15:41,  4.01it/s]
 16%|ΓûêΓûî        | 728/4500 [02:45<16:10,  3.89it/s]
 16%|ΓûêΓûî        | 729/4500 [02:45<16:03,  3.91it/s]
 16%|ΓûêΓûî        | 730/4500 [02:46<15:53,  3.95it/s]
 16%|ΓûêΓûî        | 731/4500 [02:46<15:56,  3.94it/s]
 16%|ΓûêΓûï        | 732/4500 [02:46<15:48,  3.97it/s]
 16%|ΓûêΓûï        | 733/4500 [02:46<15:29,  4.05it/s]
 16%|ΓûêΓûï        | 734/4500 [02:47<15:19,  4.09it/s]
 16%|ΓûêΓûï        | 735/4500 [02:47<15:09,  4.14it/s]
 16%|ΓûêΓûï        | 736/4500 [02:47<15:05,  4.16it/s]
 16%|ΓûêΓûï        | 737/4500 [02:47<14:58,  4.19it/s]
 16%|ΓûêΓûï        | 738/4500 [02:48<15:51,  3.96it/s]
 16%|ΓûêΓûï        | 739/4500 [02:48<15:38,  4.01it/s]
 16%|ΓûêΓûï        | 740/4500 [02:48<15:21,  4.08it/s]
 16%|ΓûêΓûï        | 741/4500 [02:48<15:02,  4.17it/s]
 16%|ΓûêΓûï        | 742/4500 [02:49<14:45,  4.25it/s]
 17%|ΓûêΓûï        | 743/4500 [02:49<14:27,  4.33it/s]
 17%|ΓûêΓûï        | 744/4500 [02:49<14:44,  4.25it/s]
 17%|ΓûêΓûï        | 745/4500 [02:49<14:58,  4.18it/s]
 17%|ΓûêΓûï        | 746/4500 [02:50<14:32,  4.30it/s]
 17%|ΓûêΓûï        | 747/4500 [02:50<14:28,  4.32it/s]
 17%|ΓûêΓûï        | 748/4500 [02:50<14:20,  4.36it/s]
 17%|ΓûêΓûï        | 750/4500 [02:50<10:57,  5.71it/s]
 17%|ΓûêΓûï        | 751/4500 [02:50<11:45,  5.31it/s]
 17%|ΓûêΓûï        | 752/4500 [02:51<12:07,  5.15it/s]
 17%|ΓûêΓûï        | 753/4500 [02:51<13:11,  4.73it/s]
 17%|ΓûêΓûï        | 754/4500 [02:51<14:01,  4.45it/s]
 17%|ΓûêΓûï        | 755/4500 [02:51<14:46,  4.22it/s]
 17%|ΓûêΓûï        | 756/4500 [02:52<14:53,  4.19it/s]
 17%|ΓûêΓûï        | 757/4500 [02:52<14:47,  4.22it/s]
 17%|ΓûêΓûï        | 758/4500 [02:52<14:32,  4.29it/s]
 17%|ΓûêΓûï        | 759/4500 [02:52<14:31,  4.29it/s]
 17%|ΓûêΓûï        | 760/4500 [02:53<14:24,  4.33it/s]
 17%|ΓûêΓûï        | 761/4500 [02:53<15:07,  4.12it/s]
 17%|ΓûêΓûï        | 762/4500 [02:53<14:49,  4.20it/s]
 17%|ΓûêΓûï        | 763/4500 [02:53<14:34,  4.27it/s]
 17%|ΓûêΓûï        | 764/4500 [02:54<14:58,  4.16it/s]
 17%|ΓûêΓûï        | 765/4500 [02:54<14:28,  4.30it/s]
 17%|ΓûêΓûï        | 766/4500 [02:54<14:13,  4.37it/s]
 17%|ΓûêΓûï        | 767/4500 [02:54<14:03,  4.43it/s]
 17%|ΓûêΓûï        | 768/4500 [02:54<13:48,  4.51it/s]
 17%|ΓûêΓûï        | 769/4500 [02:55<13:31,  4.60it/s]
 17%|ΓûêΓûï        | 770/4500 [02:55<13:55,  4.47it/s]
 17%|ΓûêΓûï        | 771/4500 [02:55<13:52,  4.48it/s]
 17%|ΓûêΓûï        | 772/4500 [02:55<13:32,  4.59it/s]
 17%|ΓûêΓûï        | 773/4500 [02:56<13:58,  4.45it/s]
 17%|ΓûêΓûï        | 774/4500 [02:56<14:42,  4.22it/s]
 17%|ΓûêΓûï        | 775/4500 [02:56<15:03,  4.12it/s]
 17%|ΓûêΓûï        | 776/4500 [02:56<14:38,  4.24it/s]
 17%|ΓûêΓûï        | 777/4500 [02:57<14:56,  4.16it/s]
 17%|ΓûêΓûï        | 778/4500 [02:57<14:45,  4.20it/s]
 17%|ΓûêΓûï        | 779/4500 [02:57<14:36,  4.25it/s]
 17%|ΓûêΓûï        | 780/4500 [02:57<14:40,  4.23it/s]
 17%|ΓûêΓûï        | 781/4500 [02:57<14:34,  4.25it/s]
 17%|ΓûêΓûï        | 782/4500 [02:58<14:27,  4.29it/s]
 17%|ΓûêΓûï        | 783/4500 [02:58<14:19,  4.32it/s]
 17%|ΓûêΓûï        | 784/4500 [02:58<14:35,  4.24it/s]
 17%|ΓûêΓûï        | 785/4500 [02:58<14:59,  4.13it/s]
 17%|ΓûêΓûï        | 786/4500 [02:59<14:53,  4.16it/s]
 17%|ΓûêΓûï        | 787/4500 [02:59<14:51,  4.17it/s]
 18%|ΓûêΓûè        | 788/4500 [02:59<15:00,  4.12it/s]
 18%|ΓûêΓûè        | 789/4500 [02:59<14:40,  4.21it/s]
 18%|ΓûêΓûè        | 790/4500 [03:00<15:02,  4.11it/s]
 18%|ΓûêΓûè        | 791/4500 [03:00<14:49,  4.17it/s]
 18%|ΓûêΓûè        | 792/4500 [03:00<14:27,  4.27it/s]
 18%|ΓûêΓûè        | 793/4500 [03:00<14:30,  4.26it/s]
 18%|ΓûêΓûè        | 794/4500 [03:01<14:46,  4.18it/s]
 18%|ΓûêΓûè        | 795/4500 [03:01<14:47,  4.18it/s]
 18%|ΓûêΓûè        | 796/4500 [03:01<14:44,  4.19it/s]
 18%|ΓûêΓûè        | 797/4500 [03:01<14:35,  4.23it/s]
 18%|ΓûêΓûè        | 798/4500 [03:02<14:53,  4.14it/s]
 18%|ΓûêΓûè        | 799/4500 [03:02<14:35,  4.23it/s]
 18%|ΓûêΓûè        | 800/4500 [03:02<14:35,  4.23it/s]
 18%|ΓûêΓûè        | 801/4500 [03:02<14:27,  4.27it/s]
 18%|ΓûêΓûè        | 802/4500 [03:02<14:24,  4.28it/s]
 18%|ΓûêΓûè        | 803/4500 [03:03<14:23,  4.28it/s]
 18%|ΓûêΓûè        | 804/4500 [03:03<14:24,  4.28it/s]
 18%|ΓûêΓûè        | 805/4500 [03:03<15:52,  3.88it/s]
 18%|ΓûêΓûè        | 806/4500 [03:03<14:45,  4.17it/s]
 18%|ΓûêΓûè        | 807/4500 [03:04<14:38,  4.20it/s]
 18%|ΓûêΓûè        | 808/4500 [03:04<14:19,  4.29it/s]
 18%|ΓûêΓûè        | 809/4500 [03:04<13:39,  4.50it/s]
 18%|ΓûêΓûè        | 810/4500 [03:04<13:30,  4.55it/s]
 18%|ΓûêΓûè        | 811/4500 [03:05<13:31,  4.55it/s]
 18%|ΓûêΓûè        | 812/4500 [03:05<13:51,  4.44it/s]
 18%|ΓûêΓûè        | 813/4500 [03:05<13:44,  4.47it/s]
 18%|ΓûêΓûè        | 814/4500 [03:05<13:48,  4.45it/s]
 18%|ΓûêΓûè        | 815/4500 [03:05<14:29,  4.24it/s]
 18%|ΓûêΓûè        | 816/4500 [03:06<13:54,  4.41it/s]
 18%|ΓûêΓûè        | 817/4500 [03:06<14:02,  4.37it/s]
 18%|ΓûêΓûè        | 818/4500 [03:06<14:35,  4.21it/s]
 18%|ΓûêΓûè        | 819/4500 [03:06<14:44,  4.16it/s]
 18%|ΓûêΓûè        | 820/4500 [03:07<14:21,  4.27it/s]
 18%|ΓûêΓûè        | 821/4500 [03:07<14:11,  4.32it/s]
 18%|ΓûêΓûè        | 822/4500 [03:07<14:14,  4.31it/s]
 18%|ΓûêΓûè        | 823/4500 [03:07<14:08,  4.34it/s]
 18%|ΓûêΓûè        | 824/4500 [03:08<14:00,  4.38it/s]
 18%|ΓûêΓûè        | 825/4500 [03:08<14:00,  4.37it/s]
 18%|ΓûêΓûè        | 826/4500 [03:08<14:19,  4.27it/s]
 18%|ΓûêΓûè        | 827/4500 [03:08<14:22,  4.26it/s]
 18%|ΓûêΓûè        | 828/4500 [03:08<14:19,  4.27it/s]
 18%|ΓûêΓûè        | 829/4500 [03:09<14:06,  4.34it/s]
 18%|ΓûêΓûè        | 830/4500 [03:09<14:15,  4.29it/s]
 18%|ΓûêΓûè        | 831/4500 [03:09<14:11,  4.31it/s]
 18%|ΓûêΓûè        | 832/4500 [03:09<14:10,  4.32it/s]
 19%|ΓûêΓûè        | 833/4500 [03:10<14:08,  4.32it/s]
 19%|ΓûêΓûè        | 834/4500 [03:10<14:06,  4.33it/s]
 19%|ΓûêΓûè        | 835/4500 [03:10<14:07,  4.32it/s]
 19%|ΓûêΓûè        | 836/4500 [03:10<14:10,  4.31it/s]
 19%|ΓûêΓûè        | 837/4500 [03:11<14:05,  4.33it/s]
 19%|ΓûêΓûè        | 838/4500 [03:11<13:51,  4.40it/s]
 19%|ΓûêΓûè        | 839/4500 [03:11<14:21,  4.25it/s]
 19%|ΓûêΓûè        | 840/4500 [03:11<14:12,  4.29it/s]
 19%|ΓûêΓûè        | 841/4500 [03:11<14:05,  4.33it/s]
 19%|ΓûêΓûè        | 842/4500 [03:12<13:53,  4.39it/s]
 19%|ΓûêΓûè        | 843/4500 [03:12<13:20,  4.57it/s]
 19%|ΓûêΓûë        | 844/4500 [03:12<13:37,  4.47it/s]
 19%|ΓûêΓûë        | 845/4500 [03:12<13:46,  4.42it/s]
 19%|ΓûêΓûë        | 846/4500 [03:13<13:45,  4.43it/s]
 19%|ΓûêΓûë        | 847/4500 [03:13<13:51,  4.39it/s]
 19%|ΓûêΓûë        | 848/4500 [03:13<14:12,  4.28it/s]
 19%|ΓûêΓûë        | 849/4500 [03:13<14:30,  4.19it/s]
 19%|ΓûêΓûë        | 850/4500 [03:14<14:44,  4.13it/s]
 19%|ΓûêΓûë        | 851/4500 [03:14<14:35,  4.17it/s]
 19%|ΓûêΓûë        | 852/4500 [03:14<14:26,  4.21it/s]
 19%|ΓûêΓûë        | 853/4500 [03:14<14:18,  4.25it/s]
 19%|ΓûêΓûë        | 854/4500 [03:14<13:50,  4.39it/s]
 19%|ΓûêΓûë        | 855/4500 [03:15<13:43,  4.42it/s]
 19%|ΓûêΓûë        | 856/4500 [03:15<13:36,  4.46it/s]
 19%|ΓûêΓûë        | 857/4500 [03:15<13:33,  4.48it/s]
 19%|ΓûêΓûë        | 858/4500 [03:15<13:30,  4.49it/s]
 19%|ΓûêΓûë        | 859/4500 [03:16<13:20,  4.55it/s]
 19%|ΓûêΓûë        | 860/4500 [03:16<13:53,  4.37it/s]
 19%|ΓûêΓûë        | 861/4500 [03:16<13:45,  4.41it/s]
 19%|ΓûêΓûë        | 862/4500 [03:16<13:47,  4.40it/s]
 19%|ΓûêΓûë        | 863/4500 [03:17<14:01,  4.32it/s]
 19%|ΓûêΓûë        | 864/4500 [03:17<13:47,  4.40it/s]
 19%|ΓûêΓûë        | 865/4500 [03:17<14:40,  4.13it/s]
 19%|ΓûêΓûë        | 866/4500 [03:17<14:24,  4.21it/s]
 19%|ΓûêΓûë        | 867/4500 [03:17<14:10,  4.27it/s]
 19%|ΓûêΓûë        | 868/4500 [03:18<14:07,  4.29it/s]
 19%|ΓûêΓûë        | 869/4500 [03:18<14:08,  4.28it/s]
 19%|ΓûêΓûë        | 870/4500 [03:18<13:45,  4.40it/s]
 19%|ΓûêΓûë        | 871/4500 [03:18<14:00,  4.32it/s]
 19%|ΓûêΓûë        | 872/4500 [03:19<14:02,  4.30it/s]
 19%|ΓûêΓûë        | 873/4500 [03:19<14:00,  4.31it/s]
 19%|ΓûêΓûë        | 874/4500 [03:19<13:29,  4.48it/s]
 19%|ΓûêΓûë        | 875/4500 [03:19<13:38,  4.43it/s]
 19%|ΓûêΓûë        | 876/4500 [03:20<13:45,  4.39it/s]
 19%|ΓûêΓûë        | 877/4500 [03:20<14:00,  4.31it/s]
 20%|ΓûêΓûë        | 878/4500 [03:20<14:15,  4.23it/s]
 20%|ΓûêΓûë        | 879/4500 [03:20<14:27,  4.17it/s]
 20%|ΓûêΓûë        | 880/4500 [03:20<13:55,  4.33it/s]
 20%|ΓûêΓûë        | 881/4500 [03:21<13:45,  4.39it/s]
 20%|ΓûêΓûë        | 882/4500 [03:21<13:49,  4.36it/s]
 20%|ΓûêΓûë        | 883/4500 [03:21<13:38,  4.42it/s]
 20%|ΓûêΓûë        | 884/4500 [03:21<14:03,  4.29it/s]
 20%|ΓûêΓûë        | 885/4500 [03:22<14:05,  4.28it/s]
 20%|ΓûêΓûë        | 886/4500 [03:22<14:18,  4.21it/s]
 20%|ΓûêΓûë        | 887/4500 [03:22<13:59,  4.30it/s]
 20%|ΓûêΓûë        | 888/4500 [03:22<13:43,  4.38it/s]
 20%|ΓûêΓûë        | 889/4500 [03:23<13:57,  4.31it/s]
 20%|ΓûêΓûë        | 890/4500 [03:23<15:22,  3.91it/s]
 20%|ΓûêΓûë        | 891/4500 [03:23<14:51,  4.05it/s]
 20%|ΓûêΓûë        | 892/4500 [03:23<14:28,  4.15it/s]
 20%|ΓûêΓûë        | 893/4500 [03:24<13:58,  4.30it/s]
 20%|ΓûêΓûë        | 894/4500 [03:24<13:40,  4.40it/s]
 20%|ΓûêΓûë        | 895/4500 [03:24<13:57,  4.31it/s]
 20%|ΓûêΓûë        | 896/4500 [03:24<13:29,  4.45it/s]
 20%|ΓûêΓûë        | 897/4500 [03:24<13:18,  4.51it/s]
 20%|ΓûêΓûë        | 898/4500 [03:25<13:26,  4.46it/s]
 20%|ΓûêΓûë        | 899/4500 [03:25<13:23,  4.48it/s]
 20%|ΓûêΓûê        | 900/4500 [03:25<13:38,  4.40it/s]
 20%|ΓûêΓûê        | 901/4500 [03:25<13:40,  4.39it/s]
 20%|ΓûêΓûê        | 902/4500 [03:26<14:05,  4.26it/s]
 20%|ΓûêΓûê        | 903/4500 [03:26<13:57,  4.29it/s]
 20%|ΓûêΓûê        | 904/4500 [03:26<13:41,  4.38it/s]
 20%|ΓûêΓûê        | 905/4500 [03:26<13:21,  4.49it/s]
 20%|ΓûêΓûê        | 906/4500 [03:26<13:37,  4.40it/s]
 20%|ΓûêΓûê        | 907/4500 [03:27<13:41,  4.37it/s]
 20%|ΓûêΓûê        | 908/4500 [03:27<13:48,  4.34it/s]
 20%|ΓûêΓûê        | 909/4500 [03:27<14:10,  4.22it/s]
 20%|ΓûêΓûê        | 910/4500 [03:27<14:14,  4.20it/s]
 20%|ΓûêΓûê        | 911/4500 [03:28<14:12,  4.21it/s]
 20%|ΓûêΓûê        | 912/4500 [03:28<14:14,  4.20it/s]
 20%|ΓûêΓûê        | 913/4500 [03:28<14:04,  4.25it/s]
 20%|ΓûêΓûê        | 914/4500 [03:28<13:44,  4.35it/s]
 20%|ΓûêΓûê        | 915/4500 [03:29<13:29,  4.43it/s]
 20%|ΓûêΓûê        | 916/4500 [03:29<13:36,  4.39it/s]
 20%|ΓûêΓûê        | 917/4500 [03:29<13:31,  4.42it/s]
 20%|ΓûêΓûê        | 918/4500 [03:29<13:33,  4.40it/s]
 20%|ΓûêΓûê        | 919/4500 [03:29<13:52,  4.30it/s]
 20%|ΓûêΓûê        | 920/4500 [03:30<13:55,  4.28it/s]
 20%|ΓûêΓûê        | 921/4500 [03:30<13:39,  4.37it/s]
 20%|ΓûêΓûê        | 922/4500 [03:30<13:31,  4.41it/s]
 21%|ΓûêΓûê        | 923/4500 [03:30<13:50,  4.31it/s]
 21%|ΓûêΓûê        | 924/4500 [03:31<14:14,  4.18it/s]
 21%|ΓûêΓûê        | 925/4500 [03:31<14:08,  4.21it/s]
 21%|ΓûêΓûê        | 926/4500 [03:31<13:57,  4.27it/s]
 21%|ΓûêΓûê        | 927/4500 [03:31<14:14,  4.18it/s]
 21%|ΓûêΓûê        | 928/4500 [03:32<14:10,  4.20it/s]
 21%|ΓûêΓûê        | 929/4500 [03:32<14:22,  4.14it/s]
 21%|ΓûêΓûê        | 930/4500 [03:32<14:21,  4.14it/s]
 21%|ΓûêΓûê        | 931/4500 [03:32<14:08,  4.21it/s]
 21%|ΓûêΓûê        | 932/4500 [03:33<14:04,  4.23it/s]
 21%|ΓûêΓûê        | 933/4500 [03:33<13:56,  4.26it/s]
 21%|ΓûêΓûê        | 934/4500 [03:33<13:47,  4.31it/s]
 21%|ΓûêΓûê        | 935/4500 [03:33<13:36,  4.37it/s]
 21%|ΓûêΓûê        | 936/4500 [03:33<13:44,  4.33it/s]
 21%|ΓûêΓûê        | 937/4500 [03:34<13:57,  4.25it/s]
 21%|ΓûêΓûê        | 938/4500 [03:34<14:03,  4.22it/s]
 21%|ΓûêΓûê        | 939/4500 [03:34<13:57,  4.25it/s]
 21%|ΓûêΓûê        | 940/4500 [03:34<13:37,  4.36it/s]
 21%|ΓûêΓûê        | 941/4500 [03:35<13:41,  4.33it/s]
 21%|ΓûêΓûê        | 942/4500 [03:35<14:47,  4.01it/s]
 21%|ΓûêΓûê        | 943/4500 [03:35<14:26,  4.10it/s]
 21%|ΓûêΓûê        | 944/4500 [03:35<14:04,  4.21it/s]
 21%|ΓûêΓûê        | 945/4500 [03:36<14:00,  4.23it/s]
 21%|ΓûêΓûê        | 946/4500 [03:36<13:54,  4.26it/s]
 21%|ΓûêΓûê        | 947/4500 [03:36<13:43,  4.31it/s]
 21%|ΓûêΓûê        | 948/4500 [03:36<13:26,  4.40it/s]
 21%|ΓûêΓûê        | 949/4500 [03:37<13:36,  4.35it/s]
 21%|ΓûêΓûê        | 950/4500 [03:37<13:21,  4.43it/s]
 21%|ΓûêΓûê        | 951/4500 [03:37<13:24,  4.41it/s]
 21%|ΓûêΓûê        | 952/4500 [03:37<13:26,  4.40it/s]
 21%|ΓûêΓûê        | 953/4500 [03:37<13:14,  4.47it/s]
 21%|ΓûêΓûê        | 954/4500 [03:38<13:07,  4.50it/s]
 21%|ΓûêΓûê        | 955/4500 [03:38<13:17,  4.45it/s]
 21%|ΓûêΓûê        | 956/4500 [03:38<13:28,  4.39it/s]
 21%|ΓûêΓûêΓûÅ       | 957/4500 [03:38<13:29,  4.38it/s]
 21%|ΓûêΓûêΓûÅ       | 958/4500 [03:39<13:38,  4.33it/s]
 21%|ΓûêΓûêΓûÅ       | 959/4500 [03:39<13:31,  4.37it/s]
 21%|ΓûêΓûêΓûÅ       | 960/4500 [03:39<13:42,  4.30it/s]
 21%|ΓûêΓûêΓûÅ       | 961/4500 [03:39<13:56,  4.23it/s]
 21%|ΓûêΓûêΓûÅ       | 962/4500 [03:40<13:55,  4.24it/s]
 21%|ΓûêΓûêΓûÅ       | 963/4500 [03:40<13:42,  4.30it/s]
 21%|ΓûêΓûêΓûÅ       | 964/4500 [03:40<13:45,  4.28it/s]
 21%|ΓûêΓûêΓûÅ       | 965/4500 [03:40<13:32,  4.35it/s]
 21%|ΓûêΓûêΓûÅ       | 966/4500 [03:40<13:19,  4.42it/s]
 21%|ΓûêΓûêΓûÅ       | 967/4500 [03:41<13:26,  4.38it/s]
 22%|ΓûêΓûêΓûÅ       | 968/4500 [03:41<13:17,  4.43it/s]
 22%|ΓûêΓûêΓûÅ       | 969/4500 [03:41<13:14,  4.44it/s]
 22%|ΓûêΓûêΓûÅ       | 970/4500 [03:41<13:31,  4.35it/s]
 22%|ΓûêΓûêΓûÅ       | 971/4500 [03:42<13:36,  4.32it/s]
 22%|ΓûêΓûêΓûÅ       | 972/4500 [03:42<13:56,  4.22it/s]
 22%|ΓûêΓûêΓûÅ       | 973/4500 [03:42<14:06,  4.17it/s]
 22%|ΓûêΓûêΓûÅ       | 974/4500 [03:42<13:52,  4.24it/s]
 22%|ΓûêΓûêΓûÅ       | 975/4500 [03:43<14:10,  4.14it/s]
 22%|ΓûêΓûêΓûÅ       | 976/4500 [03:43<14:06,  4.16it/s]
 22%|ΓûêΓûêΓûÅ       | 977/4500 [03:43<14:34,  4.03it/s]
 22%|ΓûêΓûêΓûÅ       | 978/4500 [03:43<14:45,  3.98it/s]
 22%|ΓûêΓûêΓûÅ       | 979/4500 [03:44<14:33,  4.03it/s]
 22%|ΓûêΓûêΓûÅ       | 980/4500 [03:44<14:05,  4.16it/s]
 22%|ΓûêΓûêΓûÅ       | 981/4500 [03:44<14:15,  4.11it/s]
 22%|ΓûêΓûêΓûÅ       | 982/4500 [03:44<14:36,  4.01it/s]
 22%|ΓûêΓûêΓûÅ       | 983/4500 [03:45<14:43,  3.98it/s]
 22%|ΓûêΓûêΓûÅ       | 984/4500 [03:45<14:31,  4.04it/s]
 22%|ΓûêΓûêΓûÅ       | 985/4500 [03:45<14:23,  4.07it/s]
 22%|ΓûêΓûêΓûÅ       | 986/4500 [03:45<14:10,  4.13it/s]
 22%|ΓûêΓûêΓûÅ       | 987/4500 [03:46<14:17,  4.10it/s]
 22%|ΓûêΓûêΓûÅ       | 988/4500 [03:46<14:15,  4.11it/s]
 22%|ΓûêΓûêΓûÅ       | 989/4500 [03:46<14:31,  4.03it/s]
 22%|ΓûêΓûêΓûÅ       | 990/4500 [03:46<14:07,  4.14it/s]
 22%|ΓûêΓûêΓûÅ       | 991/4500 [03:46<14:01,  4.17it/s]
 22%|ΓûêΓûêΓûÅ       | 992/4500 [03:47<13:43,  4.26it/s]
 22%|ΓûêΓûêΓûÅ       | 993/4500 [03:47<13:41,  4.27it/s]
 22%|ΓûêΓûêΓûÅ       | 994/4500 [03:47<13:53,  4.21it/s]
 22%|ΓûêΓûêΓûÅ       | 995/4500 [03:47<13:54,  4.20it/s]
 22%|ΓûêΓûêΓûÅ       | 996/4500 [03:48<13:52,  4.21it/s]
 22%|ΓûêΓûêΓûÅ       | 997/4500 [03:48<14:32,  4.01it/s]
 22%|ΓûêΓûêΓûÅ       | 998/4500 [03:48<14:08,  4.13it/s]
 22%|ΓûêΓûêΓûÅ       | 999/4500 [03:48<13:49,  4.22it/s]
 22%|ΓûêΓûêΓûÅ       | 1000/4500 [03:49<14:41,  3.97it/s]
 22%|ΓûêΓûêΓûÅ       | 1001/4500 [03:49<14:35,  3.99it/s]
 22%|ΓûêΓûêΓûÅ       | 1002/4500 [03:49<14:16,  4.09it/s]
 22%|ΓûêΓûêΓûÅ       | 1003/4500 [03:49<13:50,  4.21it/s]
 22%|ΓûêΓûêΓûÅ       | 1004/4500 [03:50<13:31,  4.31it/s]
 22%|ΓûêΓûêΓûÅ       | 1005/4500 [03:50<13:28,  4.32it/s]
 22%|ΓûêΓûêΓûÅ       | 1006/4500 [03:50<13:13,  4.40it/s]
 22%|ΓûêΓûêΓûÅ       | 1007/4500 [03:50<13:46,  4.23it/s]
 22%|ΓûêΓûêΓûÅ       | 1008/4500 [03:51<13:47,  4.22it/s]
 22%|ΓûêΓûêΓûÅ       | 1009/4500 [03:51<13:36,  4.27it/s]
 22%|ΓûêΓûêΓûÅ       | 1010/4500 [03:51<13:54,  4.18it/s]
 22%|ΓûêΓûêΓûÅ       | 1011/4500 [03:51<14:38,  3.97it/s]
 22%|ΓûêΓûêΓûÅ       | 1012/4500 [03:52<14:21,  4.05it/s]
 23%|ΓûêΓûêΓûÄ       | 1013/4500 [03:52<14:09,  4.10it/s]
 23%|ΓûêΓûêΓûÄ       | 1014/4500 [03:52<14:17,  4.07it/s]
 23%|ΓûêΓûêΓûÄ       | 1015/4500 [03:52<14:06,  4.12it/s]
 23%|ΓûêΓûêΓûÄ       | 1016/4500 [03:52<13:42,  4.24it/s]
 23%|ΓûêΓûêΓûÄ       | 1017/4500 [03:53<13:45,  4.22it/s]
 23%|ΓûêΓûêΓûÄ       | 1018/4500 [03:53<14:02,  4.13it/s]
 23%|ΓûêΓûêΓûÄ       | 1019/4500 [03:53<14:30,  4.00it/s]
 23%|ΓûêΓûêΓûÄ       | 1020/4500 [03:53<14:27,  4.01it/s]
 23%|ΓûêΓûêΓûÄ       | 1021/4500 [03:54<14:08,  4.10it/s]
 23%|ΓûêΓûêΓûÄ       | 1022/4500 [03:54<13:24,  4.33it/s]
 23%|ΓûêΓûêΓûÄ       | 1023/4500 [03:54<13:10,  4.40it/s]
 23%|ΓûêΓûêΓûÄ       | 1024/4500 [03:54<13:26,  4.31it/s]
 23%|ΓûêΓûêΓûÄ       | 1025/4500 [03:55<13:30,  4.29it/s]
 23%|ΓûêΓûêΓûÄ       | 1026/4500 [03:55<13:40,  4.23it/s]
 23%|ΓûêΓûêΓûÄ       | 1027/4500 [03:55<13:37,  4.25it/s]
 23%|ΓûêΓûêΓûÄ       | 1028/4500 [03:55<13:11,  4.39it/s]
 23%|ΓûêΓûêΓûÄ       | 1029/4500 [03:56<13:18,  4.34it/s]
 23%|ΓûêΓûêΓûÄ       | 1030/4500 [03:56<13:07,  4.41it/s]
 23%|ΓûêΓûêΓûÄ       | 1031/4500 [03:56<13:59,  4.13it/s]
 23%|ΓûêΓûêΓûÄ       | 1032/4500 [03:56<13:59,  4.13it/s]
 23%|ΓûêΓûêΓûÄ       | 1033/4500 [03:56<13:38,  4.24it/s]
 23%|ΓûêΓûêΓûÄ       | 1034/4500 [03:57<13:24,  4.31it/s]
 23%|ΓûêΓûêΓûÄ       | 1035/4500 [03:57<13:03,  4.42it/s]
 23%|ΓûêΓûêΓûÄ       | 1036/4500 [03:57<13:00,  4.44it/s]
 23%|ΓûêΓûêΓûÄ       | 1037/4500 [03:57<12:50,  4.49it/s]
 23%|ΓûêΓûêΓûÄ       | 1038/4500 [03:58<13:05,  4.41it/s]
 23%|ΓûêΓûêΓûÄ       | 1039/4500 [03:58<13:15,  4.35it/s]
 23%|ΓûêΓûêΓûÄ       | 1040/4500 [03:58<13:23,  4.31it/s]
 23%|ΓûêΓûêΓûÄ       | 1041/4500 [03:58<13:33,  4.25it/s]
 23%|ΓûêΓûêΓûÄ       | 1042/4500 [03:59<13:38,  4.22it/s]
 23%|ΓûêΓûêΓûÄ       | 1043/4500 [03:59<13:26,  4.29it/s]
 23%|ΓûêΓûêΓûÄ       | 1044/4500 [03:59<13:50,  4.16it/s]
 23%|ΓûêΓûêΓûÄ       | 1045/4500 [03:59<13:25,  4.29it/s]
 23%|ΓûêΓûêΓûÄ       | 1046/4500 [03:59<13:12,  4.36it/s]
 23%|ΓûêΓûêΓûÄ       | 1047/4500 [04:00<12:56,  4.45it/s]
 23%|ΓûêΓûêΓûÄ       | 1048/4500 [04:00<13:30,  4.26it/s]
 23%|ΓûêΓûêΓûÄ       | 1049/4500 [04:00<13:38,  4.21it/s]
 23%|ΓûêΓûêΓûÄ       | 1050/4500 [04:00<13:31,  4.25it/s]
 23%|ΓûêΓûêΓûÄ       | 1051/4500 [04:01<13:52,  4.14it/s]
 23%|ΓûêΓûêΓûÄ       | 1052/4500 [04:01<14:00,  4.10it/s]
 23%|ΓûêΓûêΓûÄ       | 1053/4500 [04:01<13:51,  4.14it/s]
 23%|ΓûêΓûêΓûÄ       | 1054/4500 [04:01<13:30,  4.25it/s]
 23%|ΓûêΓûêΓûÄ       | 1055/4500 [04:02<13:38,  4.21it/s]
 23%|ΓûêΓûêΓûÄ       | 1056/4500 [04:02<14:11,  4.05it/s]
 23%|ΓûêΓûêΓûÄ       | 1057/4500 [04:02<13:43,  4.18it/s]
 24%|ΓûêΓûêΓûÄ       | 1058/4500 [04:02<13:34,  4.22it/s]
 24%|ΓûêΓûêΓûÄ       | 1059/4500 [04:03<13:42,  4.19it/s]
 24%|ΓûêΓûêΓûÄ       | 1060/4500 [04:03<13:30,  4.24it/s]
 24%|ΓûêΓûêΓûÄ       | 1061/4500 [04:03<13:19,  4.30it/s]
 24%|ΓûêΓûêΓûÄ       | 1062/4500 [04:03<13:13,  4.33it/s]
 24%|ΓûêΓûêΓûÄ       | 1063/4500 [04:03<13:01,  4.40it/s]
 24%|ΓûêΓûêΓûÄ       | 1064/4500 [04:04<13:13,  4.33it/s]
 24%|ΓûêΓûêΓûÄ       | 1065/4500 [04:04<13:06,  4.37it/s]
 24%|ΓûêΓûêΓûÄ       | 1066/4500 [04:04<13:05,  4.37it/s]
 24%|ΓûêΓûêΓûÄ       | 1067/4500 [04:04<12:48,  4.47it/s]
 24%|ΓûêΓûêΓûÄ       | 1068/4500 [04:05<12:54,  4.43it/s]
 24%|ΓûêΓûêΓûì       | 1069/4500 [04:05<12:44,  4.49it/s]
 24%|ΓûêΓûêΓûì       | 1070/4500 [04:05<12:31,  4.57it/s]
 24%|ΓûêΓûêΓûì       | 1071/4500 [04:05<12:33,  4.55it/s]
 24%|ΓûêΓûêΓûì       | 1072/4500 [04:05<12:31,  4.56it/s]
 24%|ΓûêΓûêΓûì       | 1073/4500 [04:06<13:01,  4.39it/s]
 24%|ΓûêΓûêΓûì       | 1074/4500 [04:06<13:33,  4.21it/s]
 24%|ΓûêΓûêΓûì       | 1075/4500 [04:06<13:34,  4.20it/s]
 24%|ΓûêΓûêΓûì       | 1076/4500 [04:06<13:48,  4.13it/s]
 24%|ΓûêΓûêΓûì       | 1077/4500 [04:07<13:15,  4.30it/s]
 24%|ΓûêΓûêΓûì       | 1078/4500 [04:07<12:58,  4.40it/s]
 24%|ΓûêΓûêΓûì       | 1079/4500 [04:07<12:59,  4.39it/s]
 24%|ΓûêΓûêΓûì       | 1080/4500 [04:07<12:53,  4.42it/s]
 24%|ΓûêΓûêΓûì       | 1081/4500 [04:08<12:53,  4.42it/s]
 24%|ΓûêΓûêΓûì       | 1082/4500 [04:08<12:49,  4.44it/s]
 24%|ΓûêΓûêΓûì       | 1084/4500 [04:08<09:54,  5.75it/s]
 24%|ΓûêΓûêΓûì       | 1085/4500 [04:08<10:41,  5.33it/s]
 24%|ΓûêΓûêΓûì       | 1086/4500 [04:09<11:30,  4.94it/s]
 24%|ΓûêΓûêΓûì       | 1087/4500 [04:09<12:49,  4.43it/s]
 24%|ΓûêΓûêΓûì       | 1088/4500 [04:09<12:47,  4.45it/s]
 24%|ΓûêΓûêΓûì       | 1089/4500 [04:09<12:53,  4.41it/s]
 24%|ΓûêΓûêΓûì       | 1090/4500 [04:09<13:02,  4.36it/s]
 24%|ΓûêΓûêΓûì       | 1091/4500 [04:10<13:04,  4.34it/s]
 24%|ΓûêΓûêΓûì       | 1092/4500 [04:10<13:04,  4.34it/s]
 24%|ΓûêΓûêΓûì       | 1093/4500 [04:10<12:59,  4.37it/s]
 24%|ΓûêΓûêΓûì       | 1094/4500 [04:10<13:02,  4.35it/s]
 24%|ΓûêΓûêΓûì       | 1095/4500 [04:11<13:08,  4.32it/s]
 24%|ΓûêΓûêΓûì       | 1096/4500 [04:11<13:03,  4.35it/s]
 24%|ΓûêΓûêΓûì       | 1097/4500 [04:11<13:03,  4.34it/s]
 24%|ΓûêΓûêΓûì       | 1098/4500 [04:11<13:01,  4.35it/s]
 24%|ΓûêΓûêΓûì       | 1099/4500 [04:12<13:20,  4.25it/s]
 24%|ΓûêΓûêΓûì       | 1101/4500 [04:12<10:13,  5.54it/s]
 24%|ΓûêΓûêΓûì       | 1102/4500 [04:12<10:45,  5.26it/s]
 25%|ΓûêΓûêΓûì       | 1103/4500 [04:12<11:10,  5.07it/s]
 25%|ΓûêΓûêΓûì       | 1104/4500 [04:12<11:30,  4.92it/s]
 25%|ΓûêΓûêΓûì       | 1105/4500 [04:13<12:07,  4.67it/s]
 25%|ΓûêΓûêΓûì       | 1106/4500 [04:13<12:27,  4.54it/s]
 25%|ΓûêΓûêΓûì       | 1107/4500 [04:13<12:34,  4.50it/s]
 25%|ΓûêΓûêΓûì       | 1108/4500 [04:13<12:45,  4.43it/s]
 25%|ΓûêΓûêΓûì       | 1109/4500 [04:14<13:04,  4.32it/s]
 25%|ΓûêΓûêΓûì       | 1110/4500 [04:14<13:03,  4.33it/s]
 25%|ΓûêΓûêΓûì       | 1111/4500 [04:14<13:11,  4.28it/s]
 25%|ΓûêΓûêΓûì       | 1112/4500 [04:14<12:59,  4.34it/s]
 25%|ΓûêΓûêΓûì       | 1113/4500 [04:15<12:58,  4.35it/s]
 25%|ΓûêΓûêΓûì       | 1114/4500 [04:15<13:06,  4.30it/s]
 25%|ΓûêΓûêΓûì       | 1115/4500 [04:15<12:56,  4.36it/s]
 25%|ΓûêΓûêΓûì       | 1116/4500 [04:15<13:03,  4.32it/s]
 25%|ΓûêΓûêΓûì       | 1117/4500 [04:16<13:00,  4.34it/s]
 25%|ΓûêΓûêΓûì       | 1118/4500 [04:16<13:00,  4.33it/s]
 25%|ΓûêΓûêΓûì       | 1119/4500 [04:16<13:19,  4.23it/s]
 25%|ΓûêΓûêΓûì       | 1120/4500 [04:16<13:11,  4.27it/s]
 25%|ΓûêΓûêΓûì       | 1121/4500 [04:16<13:11,  4.27it/s]
 25%|ΓûêΓûêΓûì       | 1122/4500 [04:17<13:00,  4.33it/s]
 25%|ΓûêΓûêΓûì       | 1123/4500 [04:17<13:20,  4.22it/s]
 25%|ΓûêΓûêΓûì       | 1124/4500 [04:17<12:58,  4.34it/s]
 25%|ΓûêΓûêΓûî       | 1125/4500 [04:17<12:41,  4.43it/s]
 25%|ΓûêΓûêΓûî       | 1126/4500 [04:18<12:59,  4.33it/s]
 25%|ΓûêΓûêΓûî       | 1127/4500 [04:18<12:51,  4.37it/s]
 25%|ΓûêΓûêΓûî       | 1128/4500 [04:18<12:53,  4.36it/s]
 25%|ΓûêΓûêΓûî       | 1129/4500 [04:18<12:49,  4.38it/s]
 25%|ΓûêΓûêΓûî       | 1130/4500 [04:18<12:45,  4.40it/s]
 25%|ΓûêΓûêΓûî       | 1131/4500 [04:19<12:59,  4.32it/s]
 25%|ΓûêΓûêΓûî       | 1132/4500 [04:19<13:16,  4.23it/s]
 25%|ΓûêΓûêΓûî       | 1133/4500 [04:19<13:10,  4.26it/s]
 25%|ΓûêΓûêΓûî       | 1134/4500 [04:19<13:07,  4.27it/s]
 25%|ΓûêΓûêΓûî       | 1135/4500 [04:20<13:29,  4.16it/s]
 25%|ΓûêΓûêΓûî       | 1136/4500 [04:20<13:11,  4.25it/s]
 25%|ΓûêΓûêΓûî       | 1137/4500 [04:20<13:08,  4.27it/s]
 25%|ΓûêΓûêΓûî       | 1138/4500 [04:20<12:54,  4.34it/s]
 25%|ΓûêΓûêΓûî       | 1139/4500 [04:21<13:30,  4.15it/s]
 25%|ΓûêΓûêΓûî       | 1140/4500 [04:21<13:49,  4.05it/s]
 25%|ΓûêΓûêΓûî       | 1141/4500 [04:21<13:37,  4.11it/s]
 25%|ΓûêΓûêΓûî       | 1142/4500 [04:21<13:16,  4.21it/s]
 25%|ΓûêΓûêΓûî       | 1143/4500 [04:22<13:17,  4.21it/s]
 25%|ΓûêΓûêΓûî       | 1144/4500 [04:22<13:41,  4.09it/s]
 25%|ΓûêΓûêΓûî       | 1145/4500 [04:22<13:37,  4.10it/s]
 25%|ΓûêΓûêΓûî       | 1146/4500 [04:22<13:26,  4.16it/s]
 25%|ΓûêΓûêΓûî       | 1147/4500 [04:23<13:22,  4.18it/s]
 26%|ΓûêΓûêΓûî       | 1148/4500 [04:23<13:27,  4.15it/s]
 26%|ΓûêΓûêΓûî       | 1149/4500 [04:23<13:27,  4.15it/s]
 26%|ΓûêΓûêΓûî       | 1150/4500 [04:23<13:07,  4.25it/s]
 26%|ΓûêΓûêΓûî       | 1151/4500 [04:24<13:11,  4.23it/s]
 26%|ΓûêΓûêΓûî       | 1152/4500 [04:24<13:16,  4.20it/s]
 26%|ΓûêΓûêΓûî       | 1153/4500 [04:24<13:21,  4.18it/s]
 26%|ΓûêΓûêΓûî       | 1154/4500 [04:24<13:07,  4.25it/s]
 26%|ΓûêΓûêΓûî       | 1155/4500 [04:24<13:11,  4.23it/s]
 26%|ΓûêΓûêΓûî       | 1156/4500 [04:25<12:59,  4.29it/s]
 26%|ΓûêΓûêΓûî       | 1157/4500 [04:25<13:05,  4.25it/s]
 26%|ΓûêΓûêΓûî       | 1158/4500 [04:25<13:11,  4.22it/s]
 26%|ΓûêΓûêΓûî       | 1159/4500 [04:25<13:25,  4.15it/s]
 26%|ΓûêΓûêΓûî       | 1160/4500 [04:26<13:18,  4.18it/s]
 26%|ΓûêΓûêΓûî       | 1161/4500 [04:26<13:41,  4.07it/s]
 26%|ΓûêΓûêΓûî       | 1162/4500 [04:26<13:45,  4.05it/s]
 26%|ΓûêΓûêΓûî       | 1163/4500 [04:26<13:40,  4.07it/s]
 26%|ΓûêΓûêΓûî       | 1164/4500 [04:27<13:31,  4.11it/s]
 26%|ΓûêΓûêΓûî       | 1165/4500 [04:27<13:17,  4.18it/s]
 26%|ΓûêΓûêΓûî       | 1166/4500 [04:27<13:26,  4.14it/s]
 26%|ΓûêΓûêΓûî       | 1167/4500 [04:27<13:32,  4.10it/s]
 26%|ΓûêΓûêΓûî       | 1168/4500 [04:28<13:02,  4.26it/s]
 26%|ΓûêΓûêΓûî       | 1169/4500 [04:28<12:40,  4.38it/s]
 26%|ΓûêΓûêΓûî       | 1170/4500 [04:28<12:55,  4.29it/s]
 26%|ΓûêΓûêΓûî       | 1171/4500 [04:28<13:02,  4.25it/s]
 26%|ΓûêΓûêΓûî       | 1172/4500 [04:29<13:00,  4.26it/s]
 26%|ΓûêΓûêΓûî       | 1173/4500 [04:29<12:55,  4.29it/s]
 26%|ΓûêΓûêΓûî       | 1174/4500 [04:29<12:38,  4.39it/s]
 26%|ΓûêΓûêΓûî       | 1175/4500 [04:29<12:51,  4.31it/s]
 26%|ΓûêΓûêΓûî       | 1176/4500 [04:29<13:05,  4.23it/s]
 26%|ΓûêΓûêΓûî       | 1177/4500 [04:30<12:50,  4.31it/s]
 26%|ΓûêΓûêΓûî       | 1178/4500 [04:30<12:54,  4.29it/s]
 26%|ΓûêΓûêΓûî       | 1179/4500 [04:30<12:58,  4.27it/s]
 26%|ΓûêΓûêΓûî       | 1180/4500 [04:30<12:50,  4.31it/s]
 26%|ΓûêΓûêΓûî       | 1181/4500 [04:31<12:54,  4.29it/s]
 26%|ΓûêΓûêΓûï       | 1182/4500 [04:31<12:48,  4.32it/s]
 26%|ΓûêΓûêΓûï       | 1183/4500 [04:31<12:53,  4.29it/s]
 26%|ΓûêΓûêΓûï       | 1184/4500 [04:31<12:55,  4.27it/s]
 26%|ΓûêΓûêΓûï       | 1185/4500 [04:32<12:52,  4.29it/s]
 26%|ΓûêΓûêΓûï       | 1186/4500 [04:32<13:10,  4.19it/s]
 26%|ΓûêΓûêΓûï       | 1187/4500 [04:32<13:55,  3.97it/s]
 26%|ΓûêΓûêΓûï       | 1188/4500 [04:32<13:34,  4.07it/s]
 26%|ΓûêΓûêΓûï       | 1189/4500 [04:33<13:30,  4.09it/s]
 26%|ΓûêΓûêΓûï       | 1190/4500 [04:33<13:18,  4.15it/s]
 26%|ΓûêΓûêΓûï       | 1191/4500 [04:33<13:52,  3.98it/s]
 26%|ΓûêΓûêΓûï       | 1192/4500 [04:33<13:11,  4.18it/s]
 27%|ΓûêΓûêΓûï       | 1193/4500 [04:34<13:02,  4.22it/s]
 27%|ΓûêΓûêΓûï       | 1194/4500 [04:34<13:08,  4.19it/s]
 27%|ΓûêΓûêΓûï       | 1195/4500 [04:34<13:08,  4.19it/s]
 27%|ΓûêΓûêΓûï       | 1196/4500 [04:34<12:58,  4.24it/s]
 27%|ΓûêΓûêΓûï       | 1197/4500 [04:35<13:49,  3.98it/s]
 27%|ΓûêΓûêΓûï       | 1198/4500 [04:35<13:17,  4.14it/s]
 27%|ΓûêΓûêΓûï       | 1199/4500 [04:35<13:00,  4.23it/s]
 27%|ΓûêΓûêΓûï       | 1200/4500 [04:35<12:53,  4.27it/s]
 27%|ΓûêΓûêΓûï       | 1201/4500 [04:35<12:39,  4.34it/s]
 27%|ΓûêΓûêΓûï       | 1202/4500 [04:36<13:43,  4.00it/s]
 27%|ΓûêΓûêΓûï       | 1203/4500 [04:36<14:33,  3.77it/s]
 27%|ΓûêΓûêΓûï       | 1204/4500 [04:36<15:00,  3.66it/s]
 27%|ΓûêΓûêΓûï       | 1205/4500 [04:37<15:14,  3.60it/s]
 27%|ΓûêΓûêΓûï       | 1206/4500 [04:37<14:06,  3.89it/s]
 27%|ΓûêΓûêΓûï       | 1207/4500 [04:37<13:36,  4.03it/s]
 27%|ΓûêΓûêΓûï       | 1208/4500 [04:37<12:58,  4.23it/s]
 27%|ΓûêΓûêΓûï       | 1209/4500 [04:37<12:35,  4.35it/s]
 27%|ΓûêΓûêΓûï       | 1210/4500 [04:38<12:16,  4.47it/s]
 27%|ΓûêΓûêΓûï       | 1211/4500 [04:38<12:21,  4.44it/s]
 27%|ΓûêΓûêΓûï       | 1212/4500 [04:38<12:17,  4.46it/s]
 27%|ΓûêΓûêΓûï       | 1213/4500 [04:38<12:25,  4.41it/s]
 27%|ΓûêΓûêΓûï       | 1214/4500 [04:39<12:07,  4.52it/s]
 27%|ΓûêΓûêΓûï       | 1215/4500 [04:39<12:06,  4.52it/s]
 27%|ΓûêΓûêΓûï       | 1216/4500 [04:39<12:13,  4.48it/s]
 27%|ΓûêΓûêΓûï       | 1217/4500 [04:39<12:09,  4.50it/s]
 27%|ΓûêΓûêΓûï       | 1218/4500 [04:39<12:31,  4.36it/s]
 27%|ΓûêΓûêΓûï       | 1219/4500 [04:40<12:32,  4.36it/s]
 27%|ΓûêΓûêΓûï       | 1220/4500 [04:40<12:22,  4.42it/s]
 27%|ΓûêΓûêΓûï       | 1221/4500 [04:40<12:12,  4.48it/s]
 27%|ΓûêΓûêΓûï       | 1222/4500 [04:40<12:04,  4.52it/s]
 27%|ΓûêΓûêΓûï       | 1223/4500 [04:41<12:03,  4.53it/s]
 27%|ΓûêΓûêΓûï       | 1224/4500 [04:41<12:23,  4.41it/s]
 27%|ΓûêΓûêΓûï       | 1225/4500 [04:41<12:18,  4.43it/s]
 27%|ΓûêΓûêΓûï       | 1226/4500 [04:41<12:19,  4.43it/s]
 27%|ΓûêΓûêΓûï       | 1227/4500 [04:41<12:07,  4.50it/s]
 27%|ΓûêΓûêΓûï       | 1228/4500 [04:42<12:13,  4.46it/s]
 27%|ΓûêΓûêΓûï       | 1229/4500 [04:42<11:58,  4.55it/s]
 27%|ΓûêΓûêΓûï       | 1230/4500 [04:42<12:18,  4.43it/s]
 27%|ΓûêΓûêΓûï       | 1231/4500 [04:42<13:03,  4.17it/s]
 27%|ΓûêΓûêΓûï       | 1232/4500 [04:43<12:47,  4.26it/s]
 27%|ΓûêΓûêΓûï       | 1233/4500 [04:43<12:29,  4.36it/s]
 27%|ΓûêΓûêΓûï       | 1234/4500 [04:43<12:57,  4.20it/s]
 27%|ΓûêΓûêΓûï       | 1235/4500 [04:43<15:21,  3.54it/s]
 27%|ΓûêΓûêΓûï       | 1236/4500 [04:44<17:32,  3.10it/s]
 27%|ΓûêΓûêΓûï       | 1237/4500 [04:44<17:49,  3.05it/s]
 28%|ΓûêΓûêΓûè       | 1238/4500 [04:45<18:11,  2.99it/s]
 28%|ΓûêΓûêΓûè       | 1239/4500 [04:45<18:37,  2.92it/s]
 28%|ΓûêΓûêΓûè       | 1240/4500 [04:45<17:58,  3.02it/s]
 28%|ΓûêΓûêΓûè       | 1241/4500 [04:46<16:51,  3.22it/s]
 28%|ΓûêΓûêΓûè       | 1242/4500 [04:46<15:54,  3.41it/s]
 28%|ΓûêΓûêΓûè       | 1243/4500 [04:46<15:11,  3.57it/s]
 28%|ΓûêΓûêΓûè       | 1244/4500 [04:46<14:40,  3.70it/s]
 28%|ΓûêΓûêΓûè       | 1245/4500 [04:47<14:19,  3.79it/s]
 28%|ΓûêΓûêΓûè       | 1246/4500 [04:47<14:27,  3.75it/s]
 28%|ΓûêΓûêΓûè       | 1247/4500 [04:47<13:52,  3.91it/s]
 28%|ΓûêΓûêΓûè       | 1248/4500 [04:47<13:32,  4.00it/s]
 28%|ΓûêΓûêΓûè       | 1249/4500 [04:48<13:27,  4.03it/s]
 28%|ΓûêΓûêΓûè       | 1250/4500 [04:48<13:24,  4.04it/s]
 28%|ΓûêΓûêΓûè       | 1251/4500 [04:48<13:02,  4.15it/s]
 28%|ΓûêΓûêΓûè       | 1252/4500 [04:48<12:48,  4.23it/s]
 28%|ΓûêΓûêΓûè       | 1253/4500 [04:48<12:37,  4.29it/s]
 28%|ΓûêΓûêΓûè       | 1254/4500 [04:49<12:26,  4.35it/s]
 28%|ΓûêΓûêΓûè       | 1255/4500 [04:49<12:51,  4.21it/s]
 28%|ΓûêΓûêΓûè       | 1256/4500 [04:49<13:07,  4.12it/s]
 28%|ΓûêΓûêΓûè       | 1257/4500 [04:49<13:24,  4.03it/s]
 28%|ΓûêΓûêΓûè       | 1258/4500 [04:50<13:11,  4.09it/s]
 28%|ΓûêΓûêΓûè       | 1259/4500 [04:50<12:45,  4.23it/s]
 28%|ΓûêΓûêΓûè       | 1260/4500 [04:50<12:51,  4.20it/s]
 28%|ΓûêΓûêΓûè       | 1261/4500 [04:50<12:53,  4.19it/s]
 28%|ΓûêΓûêΓûè       | 1262/4500 [04:51<12:43,  4.24it/s]
 28%|ΓûêΓûêΓûè       | 1263/4500 [04:51<12:30,  4.31it/s]
 28%|ΓûêΓûêΓûè       | 1264/4500 [04:51<12:20,  4.37it/s]
 28%|ΓûêΓûêΓûè       | 1265/4500 [04:51<12:25,  4.34it/s]
 28%|ΓûêΓûêΓûè       | 1266/4500 [04:52<12:30,  4.31it/s]
 28%|ΓûêΓûêΓûè       | 1267/4500 [04:52<12:42,  4.24it/s]
 28%|ΓûêΓûêΓûè       | 1268/4500 [04:52<12:31,  4.30it/s]
 28%|ΓûêΓûêΓûè       | 1269/4500 [04:52<12:19,  4.37it/s]
 28%|ΓûêΓûêΓûè       | 1270/4500 [04:52<12:37,  4.26it/s]
 28%|ΓûêΓûêΓûè       | 1271/4500 [04:53<12:40,  4.25it/s]
 28%|ΓûêΓûêΓûè       | 1272/4500 [04:53<12:58,  4.15it/s]
 28%|ΓûêΓûêΓûè       | 1273/4500 [04:53<13:32,  3.97it/s]
 28%|ΓûêΓûêΓûè       | 1274/4500 [04:53<13:52,  3.88it/s]
 28%|ΓûêΓûêΓûè       | 1275/4500 [04:54<13:17,  4.05it/s]
 28%|ΓûêΓûêΓûè       | 1276/4500 [04:54<13:14,  4.06it/s]
 28%|ΓûêΓûêΓûè       | 1277/4500 [04:54<13:20,  4.03it/s]
 28%|ΓûêΓûêΓûè       | 1278/4500 [04:54<13:00,  4.13it/s]
 28%|ΓûêΓûêΓûè       | 1279/4500 [04:55<12:40,  4.24it/s]
 28%|ΓûêΓûêΓûè       | 1280/4500 [04:55<12:47,  4.19it/s]
 28%|ΓûêΓûêΓûè       | 1281/4500 [04:55<13:12,  4.06it/s]
 28%|ΓûêΓûêΓûè       | 1282/4500 [04:55<13:04,  4.10it/s]
 29%|ΓûêΓûêΓûè       | 1283/4500 [04:56<13:04,  4.10it/s]
 29%|ΓûêΓûêΓûè       | 1284/4500 [04:56<12:38,  4.24it/s]
 29%|ΓûêΓûêΓûè       | 1285/4500 [04:56<12:23,  4.32it/s]
 29%|ΓûêΓûêΓûè       | 1286/4500 [04:56<12:19,  4.35it/s]
 29%|ΓûêΓûêΓûè       | 1287/4500 [04:57<12:20,  4.34it/s]
 29%|ΓûêΓûêΓûè       | 1288/4500 [04:57<12:41,  4.22it/s]
 29%|ΓûêΓûêΓûè       | 1289/4500 [04:57<12:30,  4.28it/s]
 29%|ΓûêΓûêΓûè       | 1290/4500 [04:57<12:16,  4.36it/s]
 29%|ΓûêΓûêΓûè       | 1291/4500 [04:57<12:14,  4.37it/s]
 29%|ΓûêΓûêΓûè       | 1292/4500 [04:58<11:55,  4.49it/s]
 29%|ΓûêΓûêΓûè       | 1293/4500 [04:58<14:24,  3.71it/s]
 29%|ΓûêΓûêΓûë       | 1294/4500 [04:59<17:31,  3.05it/s]
 29%|ΓûêΓûêΓûë       | 1295/4500 [04:59<20:06,  2.66it/s]
 29%|ΓûêΓûêΓûë       | 1296/4500 [04:59<21:24,  2.49it/s]
 29%|ΓûêΓûêΓûë       | 1297/4500 [05:00<19:16,  2.77it/s]
 29%|ΓûêΓûêΓûë       | 1298/4500 [05:00<18:35,  2.87it/s]
 29%|ΓûêΓûêΓûë       | 1299/4500 [05:00<17:53,  2.98it/s]
 29%|ΓûêΓûêΓûë       | 1300/4500 [05:01<17:26,  3.06it/s]
 29%|ΓûêΓûêΓûë       | 1301/4500 [05:01<16:42,  3.19it/s]
 29%|ΓûêΓûêΓûë       | 1302/4500 [05:01<16:01,  3.32it/s]
 29%|ΓûêΓûêΓûë       | 1303/4500 [05:01<15:29,  3.44it/s]
 29%|ΓûêΓûêΓûë       | 1304/4500 [05:02<14:47,  3.60it/s]
 29%|ΓûêΓûêΓûë       | 1305/4500 [05:02<14:19,  3.72it/s]
 29%|ΓûêΓûêΓûë       | 1306/4500 [05:02<14:03,  3.79it/s]
 29%|ΓûêΓûêΓûë       | 1307/4500 [05:02<13:40,  3.89it/s]
 29%|ΓûêΓûêΓûë       | 1308/4500 [05:03<13:56,  3.82it/s]
 29%|ΓûêΓûêΓûë       | 1309/4500 [05:03<14:27,  3.68it/s]
 29%|ΓûêΓûêΓûë       | 1310/4500 [05:03<14:13,  3.74it/s]
 29%|ΓûêΓûêΓûë       | 1311/4500 [05:04<13:34,  3.91it/s]
 29%|ΓûêΓûêΓûë       | 1312/4500 [05:04<13:20,  3.98it/s]
 29%|ΓûêΓûêΓûë       | 1313/4500 [05:04<12:55,  4.11it/s]
 29%|ΓûêΓûêΓûë       | 1314/4500 [05:04<13:51,  3.83it/s]
 29%|ΓûêΓûêΓûë       | 1315/4500 [05:04<12:46,  4.15it/s]
 29%|ΓûêΓûêΓûë       | 1316/4500 [05:05<12:18,  4.31it/s]
 29%|ΓûêΓûêΓûë       | 1317/4500 [05:05<12:22,  4.29it/s]
 29%|ΓûêΓûêΓûë       | 1318/4500 [05:05<12:41,  4.18it/s]
 29%|ΓûêΓûêΓûë       | 1319/4500 [05:05<12:52,  4.12it/s]
 29%|ΓûêΓûêΓûë       | 1320/4500 [05:06<12:43,  4.17it/s]
 29%|ΓûêΓûêΓûë       | 1321/4500 [05:06<12:21,  4.29it/s]
 29%|ΓûêΓûêΓûë       | 1322/4500 [05:06<12:35,  4.21it/s]
 29%|ΓûêΓûêΓûë       | 1323/4500 [05:06<12:33,  4.22it/s]
 29%|ΓûêΓûêΓûë       | 1324/4500 [05:07<12:23,  4.27it/s]
 29%|ΓûêΓûêΓûë       | 1325/4500 [05:07<12:39,  4.18it/s]
 29%|ΓûêΓûêΓûë       | 1326/4500 [05:07<12:43,  4.16it/s]
 29%|ΓûêΓûêΓûë       | 1327/4500 [05:07<12:49,  4.12it/s]
 30%|ΓûêΓûêΓûë       | 1328/4500 [05:08<12:47,  4.14it/s]
 30%|ΓûêΓûêΓûë       | 1329/4500 [05:08<12:31,  4.22it/s]
 30%|ΓûêΓûêΓûë       | 1330/4500 [05:08<12:32,  4.21it/s]
 30%|ΓûêΓûêΓûë       | 1331/4500 [05:08<12:48,  4.12it/s]
 30%|ΓûêΓûêΓûë       | 1332/4500 [05:09<12:52,  4.10it/s]
 30%|ΓûêΓûêΓûë       | 1333/4500 [05:09<12:53,  4.09it/s]
 30%|ΓûêΓûêΓûë       | 1334/4500 [05:09<12:44,  4.14it/s]
 30%|ΓûêΓûêΓûë       | 1335/4500 [05:09<12:32,  4.20it/s]
 30%|ΓûêΓûêΓûë       | 1336/4500 [05:09<12:14,  4.30it/s]
 30%|ΓûêΓûêΓûë       | 1337/4500 [05:10<12:29,  4.22it/s]
 30%|ΓûêΓûêΓûë       | 1339/4500 [05:10<09:16,  5.68it/s]
 30%|ΓûêΓûêΓûë       | 1340/4500 [05:10<09:57,  5.29it/s]
 30%|ΓûêΓûêΓûë       | 1341/4500 [05:10<10:30,  5.01it/s]
 30%|ΓûêΓûêΓûë       | 1342/4500 [05:11<11:11,  4.70it/s]
 30%|ΓûêΓûêΓûë       | 1343/4500 [05:11<11:36,  4.53it/s]
 30%|ΓûêΓûêΓûë       | 1344/4500 [05:11<11:50,  4.44it/s]
 30%|ΓûêΓûêΓûë       | 1345/4500 [05:11<11:51,  4.43it/s]
 30%|ΓûêΓûêΓûë       | 1346/4500 [05:12<11:54,  4.41it/s]
 30%|ΓûêΓûêΓûë       | 1347/4500 [05:12<11:48,  4.45it/s]
 30%|ΓûêΓûêΓûë       | 1348/4500 [05:12<11:40,  4.50it/s]
 30%|ΓûêΓûêΓûë       | 1349/4500 [05:12<11:52,  4.42it/s]
 30%|ΓûêΓûêΓûê       | 1350/4500 [05:12<11:48,  4.45it/s]
 30%|ΓûêΓûêΓûê       | 1351/4500 [05:13<12:31,  4.19it/s]
 30%|ΓûêΓûêΓûê       | 1352/4500 [05:13<12:18,  4.26it/s]
 30%|ΓûêΓûêΓûê       | 1353/4500 [05:13<11:58,  4.38it/s]
 30%|ΓûêΓûêΓûê       | 1354/4500 [05:13<11:48,  4.44it/s]
 30%|ΓûêΓûêΓûê       | 1355/4500 [05:14<11:57,  4.39it/s]
 30%|ΓûêΓûêΓûê       | 1356/4500 [05:14<11:43,  4.47it/s]
 30%|ΓûêΓûêΓûê       | 1357/4500 [05:14<11:39,  4.49it/s]
 30%|ΓûêΓûêΓûê       | 1358/4500 [05:14<11:40,  4.49it/s]
 30%|ΓûêΓûêΓûê       | 1359/4500 [05:14<11:19,  4.62it/s]
 30%|ΓûêΓûêΓûê       | 1360/4500 [05:15<11:30,  4.55it/s]
 30%|ΓûêΓûêΓûê       | 1361/4500 [05:15<11:30,  4.55it/s]
 30%|ΓûêΓûêΓûê       | 1362/4500 [05:15<11:20,  4.61it/s]
 30%|ΓûêΓûêΓûê       | 1363/4500 [05:15<11:16,  4.64it/s]
 30%|ΓûêΓûêΓûê       | 1364/4500 [05:16<11:17,  4.63it/s]
 30%|ΓûêΓûêΓûê       | 1365/4500 [05:16<11:19,  4.61it/s]
 30%|ΓûêΓûêΓûê       | 1366/4500 [05:16<12:08,  4.30it/s]
 30%|ΓûêΓûêΓûê       | 1367/4500 [05:16<12:38,  4.13it/s]
 30%|ΓûêΓûêΓûê       | 1368/4500 [05:17<12:29,  4.18it/s]
 30%|ΓûêΓûêΓûê       | 1369/4500 [05:17<12:08,  4.30it/s]
 30%|ΓûêΓûêΓûê       | 1370/4500 [05:17<11:37,  4.49it/s]
 30%|ΓûêΓûêΓûê       | 1371/4500 [05:17<11:39,  4.47it/s]
 30%|ΓûêΓûêΓûê       | 1372/4500 [05:17<12:44,  4.09it/s]
 31%|ΓûêΓûêΓûê       | 1373/4500 [05:18<13:29,  3.86it/s]
 31%|ΓûêΓûêΓûê       | 1374/4500 [05:18<14:25,  3.61it/s]
 31%|ΓûêΓûêΓûê       | 1375/4500 [05:18<14:06,  3.69it/s]
 31%|ΓûêΓûêΓûê       | 1376/4500 [05:19<13:13,  3.94it/s]
 31%|ΓûêΓûêΓûê       | 1377/4500 [05:19<12:32,  4.15it/s]
 31%|ΓûêΓûêΓûê       | 1378/4500 [05:19<12:16,  4.24it/s]
 31%|ΓûêΓûêΓûê       | 1379/4500 [05:19<12:01,  4.33it/s]
 31%|ΓûêΓûêΓûê       | 1380/4500 [05:19<11:56,  4.36it/s]
 31%|ΓûêΓûêΓûê       | 1381/4500 [05:20<11:35,  4.49it/s]
 31%|ΓûêΓûêΓûê       | 1382/4500 [05:20<11:38,  4.47it/s]
 31%|ΓûêΓûêΓûê       | 1383/4500 [05:20<11:45,  4.42it/s]
 31%|ΓûêΓûêΓûê       | 1384/4500 [05:20<11:36,  4.47it/s]
 31%|ΓûêΓûêΓûê       | 1385/4500 [05:21<11:30,  4.51it/s]
 31%|ΓûêΓûêΓûê       | 1386/4500 [05:21<11:34,  4.48it/s]
 31%|ΓûêΓûêΓûê       | 1387/4500 [05:21<11:17,  4.60it/s]
 31%|ΓûêΓûêΓûê       | 1388/4500 [05:21<11:28,  4.52it/s]
 31%|ΓûêΓûêΓûê       | 1389/4500 [05:21<11:34,  4.48it/s]
 31%|ΓûêΓûêΓûê       | 1390/4500 [05:22<11:23,  4.55it/s]
 31%|ΓûêΓûêΓûê       | 1391/4500 [05:22<11:34,  4.48it/s]
 31%|ΓûêΓûêΓûê       | 1392/4500 [05:22<11:38,  4.45it/s]
 31%|ΓûêΓûêΓûê       | 1393/4500 [05:22<11:47,  4.39it/s]
 31%|ΓûêΓûêΓûê       | 1394/4500 [05:23<11:36,  4.46it/s]
 31%|ΓûêΓûêΓûê       | 1395/4500 [05:23<11:39,  4.44it/s]
 31%|ΓûêΓûêΓûê       | 1396/4500 [05:23<11:50,  4.37it/s]
 31%|ΓûêΓûêΓûê       | 1397/4500 [05:23<12:07,  4.27it/s]
 31%|ΓûêΓûêΓûê       | 1398/4500 [05:24<12:16,  4.21it/s]
 31%|ΓûêΓûêΓûê       | 1399/4500 [05:24<12:00,  4.31it/s]
 31%|ΓûêΓûêΓûê       | 1400/4500 [05:24<11:55,  4.33it/s]
 31%|ΓûêΓûêΓûê       | 1401/4500 [05:24<12:54,  4.00it/s]
 31%|ΓûêΓûêΓûê       | 1402/4500 [05:25<14:13,  3.63it/s]
 31%|ΓûêΓûêΓûê       | 1403/4500 [05:25<14:35,  3.54it/s]
 31%|ΓûêΓûêΓûê       | 1404/4500 [05:25<14:18,  3.61it/s]
 31%|ΓûêΓûêΓûê       | 1405/4500 [05:25<13:15,  3.89it/s]
 31%|ΓûêΓûêΓûê       | 1406/4500 [05:26<12:52,  4.00it/s]
 31%|ΓûêΓûêΓûêΓûÅ      | 1407/4500 [05:26<12:43,  4.05it/s]
 31%|ΓûêΓûêΓûêΓûÅ      | 1408/4500 [05:26<12:24,  4.15it/s]
 31%|ΓûêΓûêΓûêΓûÅ      | 1409/4500 [05:26<12:19,  4.18it/s]
 31%|ΓûêΓûêΓûêΓûÅ      | 1410/4500 [05:27<11:48,  4.36it/s]
 31%|ΓûêΓûêΓûêΓûÅ      | 1411/4500 [05:27<11:33,  4.45it/s]
 31%|ΓûêΓûêΓûêΓûÅ      | 1412/4500 [05:27<11:02,  4.66it/s]
 31%|ΓûêΓûêΓûêΓûÅ      | 1413/4500 [05:27<11:07,  4.63it/s]
 31%|ΓûêΓûêΓûêΓûÅ      | 1414/4500 [05:27<11:18,  4.55it/s]
 31%|ΓûêΓûêΓûêΓûÅ      | 1415/4500 [05:28<11:21,  4.52it/s]
 31%|ΓûêΓûêΓûêΓûÅ      | 1416/4500 [05:28<11:04,  4.64it/s]
 31%|ΓûêΓûêΓûêΓûÅ      | 1417/4500 [05:28<11:06,  4.63it/s]
 32%|ΓûêΓûêΓûêΓûÅ      | 1418/4500 [05:28<11:09,  4.60it/s]
 32%|ΓûêΓûêΓûêΓûÅ      | 1419/4500 [05:28<11:13,  4.57it/s]
 32%|ΓûêΓûêΓûêΓûÅ      | 1420/4500 [05:29<11:23,  4.51it/s]
 32%|ΓûêΓûêΓûêΓûÅ      | 1421/4500 [05:29<11:41,  4.39it/s]
 32%|ΓûêΓûêΓûêΓûÅ      | 1422/4500 [05:29<11:26,  4.48it/s]
 32%|ΓûêΓûêΓûêΓûÅ      | 1423/4500 [05:29<11:16,  4.55it/s]
 32%|ΓûêΓûêΓûêΓûÅ      | 1424/4500 [05:30<11:18,  4.53it/s]
 32%|ΓûêΓûêΓûêΓûÅ      | 1425/4500 [05:30<11:28,  4.47it/s]
 32%|ΓûêΓûêΓûêΓûÅ      | 1426/4500 [05:30<11:13,  4.57it/s]
 32%|ΓûêΓûêΓûêΓûÅ      | 1427/4500 [05:30<11:29,  4.46it/s]
 32%|ΓûêΓûêΓûêΓûÅ      | 1428/4500 [05:31<12:27,  4.11it/s]
 32%|ΓûêΓûêΓûêΓûÅ      | 1429/4500 [05:31<13:31,  3.78it/s]
 32%|ΓûêΓûêΓûêΓûÅ      | 1430/4500 [05:31<14:08,  3.62it/s]
 32%|ΓûêΓûêΓûêΓûÅ      | 1431/4500 [05:31<13:58,  3.66it/s]
 32%|ΓûêΓûêΓûêΓûÅ      | 1432/4500 [05:32<13:14,  3.86it/s]
 32%|ΓûêΓûêΓûêΓûÅ      | 1433/4500 [05:32<12:46,  4.00it/s]
 32%|ΓûêΓûêΓûêΓûÅ      | 1434/4500 [05:32<12:26,  4.11it/s]
 32%|ΓûêΓûêΓûêΓûÅ      | 1435/4500 [05:32<12:01,  4.25it/s]
 32%|ΓûêΓûêΓûêΓûÅ      | 1436/4500 [05:33<11:40,  4.37it/s]
 32%|ΓûêΓûêΓûêΓûÅ      | 1437/4500 [05:33<12:22,  4.13it/s]
 32%|ΓûêΓûêΓûêΓûÅ      | 1438/4500 [05:33<12:08,  4.20it/s]
 32%|ΓûêΓûêΓûêΓûÅ      | 1439/4500 [05:33<11:50,  4.31it/s]
 32%|ΓûêΓûêΓûêΓûÅ      | 1440/4500 [05:33<11:42,  4.35it/s]
 32%|ΓûêΓûêΓûêΓûÅ      | 1441/4500 [05:34<11:54,  4.28it/s]
 32%|ΓûêΓûêΓûêΓûÅ      | 1442/4500 [05:34<11:30,  4.43it/s]
 32%|ΓûêΓûêΓûêΓûÅ      | 1443/4500 [05:34<11:27,  4.44it/s]
 32%|ΓûêΓûêΓûêΓûÅ      | 1444/4500 [05:34<11:34,  4.40it/s]
 32%|ΓûêΓûêΓûêΓûÅ      | 1445/4500 [05:35<11:50,  4.30it/s]
 32%|ΓûêΓûêΓûêΓûÅ      | 1446/4500 [05:35<11:47,  4.32it/s]
 32%|ΓûêΓûêΓûêΓûÅ      | 1447/4500 [05:35<12:25,  4.10it/s]
 32%|ΓûêΓûêΓûêΓûÅ      | 1448/4500 [05:35<12:50,  3.96it/s]
 32%|ΓûêΓûêΓûêΓûÅ      | 1449/4500 [05:36<12:18,  4.13it/s]
 32%|ΓûêΓûêΓûêΓûÅ      | 1450/4500 [05:36<12:12,  4.16it/s]
 32%|ΓûêΓûêΓûêΓûÅ      | 1451/4500 [05:36<12:10,  4.17it/s]
 32%|ΓûêΓûêΓûêΓûÅ      | 1452/4500 [05:36<12:29,  4.07it/s]
 32%|ΓûêΓûêΓûêΓûÅ      | 1453/4500 [05:37<12:36,  4.03it/s]
 32%|ΓûêΓûêΓûêΓûÅ      | 1454/4500 [05:37<12:31,  4.05it/s]
 32%|ΓûêΓûêΓûêΓûÅ      | 1455/4500 [05:37<12:28,  4.07it/s]
 32%|ΓûêΓûêΓûêΓûÅ      | 1456/4500 [05:37<12:53,  3.94it/s]
 32%|ΓûêΓûêΓûêΓûÅ      | 1457/4500 [05:38<13:01,  3.89it/s]
 32%|ΓûêΓûêΓûêΓûÅ      | 1458/4500 [05:38<13:13,  3.84it/s]
 32%|ΓûêΓûêΓûêΓûÅ      | 1459/4500 [05:38<13:44,  3.69it/s]
 32%|ΓûêΓûêΓûêΓûÅ      | 1460/4500 [05:38<13:34,  3.73it/s]
 32%|ΓûêΓûêΓûêΓûÅ      | 1461/4500 [05:39<13:04,  3.87it/s]
 32%|ΓûêΓûêΓûêΓûÅ      | 1462/4500 [05:39<12:39,  4.00it/s]
 33%|ΓûêΓûêΓûêΓûÄ      | 1463/4500 [05:39<12:35,  4.02it/s]
 33%|ΓûêΓûêΓûêΓûÄ      | 1464/4500 [05:39<12:17,  4.11it/s]
 33%|ΓûêΓûêΓûêΓûÄ      | 1465/4500 [05:40<12:05,  4.18it/s]
 33%|ΓûêΓûêΓûêΓûÄ      | 1466/4500 [05:40<11:54,  4.25it/s]
 33%|ΓûêΓûêΓûêΓûÄ      | 1467/4500 [05:40<12:14,  4.13it/s]
 33%|ΓûêΓûêΓûêΓûÄ      | 1468/4500 [05:40<12:22,  4.08it/s]
 33%|ΓûêΓûêΓûêΓûÄ      | 1469/4500 [05:41<12:22,  4.08it/s]
 33%|ΓûêΓûêΓûêΓûÄ      | 1470/4500 [05:41<12:20,  4.09it/s]
 33%|ΓûêΓûêΓûêΓûÄ      | 1471/4500 [05:41<12:12,  4.13it/s]
 33%|ΓûêΓûêΓûêΓûÄ      | 1472/4500 [05:41<12:28,  4.04it/s]
 33%|ΓûêΓûêΓûêΓûÄ      | 1473/4500 [05:42<12:16,  4.11it/s]
 33%|ΓûêΓûêΓûêΓûÄ      | 1474/4500 [05:42<12:15,  4.11it/s]
 33%|ΓûêΓûêΓûêΓûÄ      | 1475/4500 [05:42<12:12,  4.13it/s]
 33%|ΓûêΓûêΓûêΓûÄ      | 1476/4500 [05:42<13:09,  3.83it/s]
 33%|ΓûêΓûêΓûêΓûÄ      | 1477/4500 [05:43<12:33,  4.01it/s]
 33%|ΓûêΓûêΓûêΓûÄ      | 1478/4500 [05:43<12:43,  3.96it/s]
 33%|ΓûêΓûêΓûêΓûÄ      | 1479/4500 [05:43<12:43,  3.96it/s]
 33%|ΓûêΓûêΓûêΓûÄ      | 1480/4500 [05:43<12:19,  4.09it/s]
 33%|ΓûêΓûêΓûêΓûÄ      | 1481/4500 [05:44<12:02,  4.18it/s]
 33%|ΓûêΓûêΓûêΓûÄ      | 1482/4500 [05:44<11:45,  4.28it/s]
 33%|ΓûêΓûêΓûêΓûÄ      | 1483/4500 [05:44<11:28,  4.38it/s]
 33%|ΓûêΓûêΓûêΓûÄ      | 1484/4500 [05:44<11:24,  4.40it/s]
 33%|ΓûêΓûêΓûêΓûÄ      | 1485/4500 [05:44<11:32,  4.35it/s]
 33%|ΓûêΓûêΓûêΓûÄ      | 1486/4500 [05:45<11:23,  4.41it/s]
 33%|ΓûêΓûêΓûêΓûÄ      | 1487/4500 [05:45<11:22,  4.41it/s]
 33%|ΓûêΓûêΓûêΓûÄ      | 1488/4500 [05:45<11:31,  4.35it/s]
 33%|ΓûêΓûêΓûêΓûÄ      | 1489/4500 [05:45<11:37,  4.32it/s]
 33%|ΓûêΓûêΓûêΓûÄ      | 1490/4500 [05:46<11:29,  4.36it/s]
 33%|ΓûêΓûêΓûêΓûÄ      | 1491/4500 [05:46<11:20,  4.42it/s]
 33%|ΓûêΓûêΓûêΓûÄ      | 1492/4500 [05:46<11:44,  4.27it/s]
 33%|ΓûêΓûêΓûêΓûÄ      | 1493/4500 [05:46<11:33,  4.33it/s]
 33%|ΓûêΓûêΓûêΓûÄ      | 1494/4500 [05:47<11:41,  4.29it/s]
 33%|ΓûêΓûêΓûêΓûÄ      | 1495/4500 [05:47<11:53,  4.21it/s]
 33%|ΓûêΓûêΓûêΓûÄ      | 1496/4500 [05:47<12:04,  4.14it/s]
 33%|ΓûêΓûêΓûêΓûÄ      | 1497/4500 [05:47<12:04,  4.15it/s]
 33%|ΓûêΓûêΓûêΓûÄ      | 1498/4500 [05:47<11:44,  4.26it/s]
 33%|ΓûêΓûêΓûêΓûÄ      | 1499/4500 [05:48<12:08,  4.12it/s]
 33%|ΓûêΓûêΓûêΓûÄ      | 1500/4500 [05:48<12:02,  4.15it/s]
 33%|ΓûêΓûêΓûêΓûÄ      | 1501/4500 [05:48<11:48,  4.23it/s]
 33%|ΓûêΓûêΓûêΓûÄ      | 1502/4500 [05:48<11:41,  4.27it/s]
 33%|ΓûêΓûêΓûêΓûÄ      | 1503/4500 [05:49<11:43,  4.26it/s]
 33%|ΓûêΓûêΓûêΓûÄ      | 1504/4500 [05:49<11:43,  4.26it/s]
 33%|ΓûêΓûêΓûêΓûÄ      | 1505/4500 [05:49<12:02,  4.15it/s]
 33%|ΓûêΓûêΓûêΓûÄ      | 1506/4500 [05:49<12:35,  3.96it/s]
 33%|ΓûêΓûêΓûêΓûÄ      | 1507/4500 [05:50<12:18,  4.05it/s]
 34%|ΓûêΓûêΓûêΓûÄ      | 1508/4500 [05:50<12:20,  4.04it/s]
 34%|ΓûêΓûêΓûêΓûÄ      | 1509/4500 [05:50<11:56,  4.18it/s]
 34%|ΓûêΓûêΓûêΓûÄ      | 1510/4500 [05:50<11:47,  4.23it/s]
 34%|ΓûêΓûêΓûêΓûÄ      | 1511/4500 [05:51<11:43,  4.25it/s]
 34%|ΓûêΓûêΓûêΓûÄ      | 1512/4500 [05:51<11:34,  4.30it/s]
 34%|ΓûêΓûêΓûêΓûÄ      | 1513/4500 [05:51<11:34,  4.30it/s]
 34%|ΓûêΓûêΓûêΓûÄ      | 1514/4500 [05:51<11:41,  4.26it/s]
 34%|ΓûêΓûêΓûêΓûÄ      | 1515/4500 [05:52<11:48,  4.22it/s]
 34%|ΓûêΓûêΓûêΓûÄ      | 1516/4500 [05:52<11:52,  4.19it/s]
 34%|ΓûêΓûêΓûêΓûÄ      | 1517/4500 [05:52<11:29,  4.33it/s]
 34%|ΓûêΓûêΓûêΓûÄ      | 1518/4500 [05:52<11:45,  4.23it/s]
 34%|ΓûêΓûêΓûêΓûì      | 1519/4500 [05:53<11:59,  4.14it/s]
 34%|ΓûêΓûêΓûêΓûì      | 1520/4500 [05:53<12:21,  4.02it/s]
 34%|ΓûêΓûêΓûêΓûì      | 1521/4500 [05:53<12:19,  4.03it/s]
 34%|ΓûêΓûêΓûêΓûì      | 1522/4500 [05:53<12:07,  4.09it/s]
 34%|ΓûêΓûêΓûêΓûì      | 1523/4500 [05:54<11:58,  4.14it/s]
 34%|ΓûêΓûêΓûêΓûì      | 1524/4500 [05:54<11:48,  4.20it/s]
 34%|ΓûêΓûêΓûêΓûì      | 1525/4500 [05:54<11:45,  4.22it/s]
 34%|ΓûêΓûêΓûêΓûì      | 1526/4500 [05:54<11:42,  4.23it/s]
 34%|ΓûêΓûêΓûêΓûì      | 1527/4500 [05:54<11:38,  4.26it/s]
 34%|ΓûêΓûêΓûêΓûì      | 1528/4500 [05:55<11:23,  4.35it/s]
 34%|ΓûêΓûêΓûêΓûì      | 1529/4500 [05:55<11:46,  4.21it/s]
 34%|ΓûêΓûêΓûêΓûì      | 1530/4500 [05:55<11:25,  4.33it/s]
 34%|ΓûêΓûêΓûêΓûì      | 1531/4500 [05:55<11:12,  4.41it/s]
 34%|ΓûêΓûêΓûêΓûì      | 1532/4500 [05:56<11:15,  4.40it/s]
 34%|ΓûêΓûêΓûêΓûì      | 1533/4500 [05:56<11:46,  4.20it/s]
 34%|ΓûêΓûêΓûêΓûì      | 1534/4500 [05:56<11:38,  4.25it/s]
 34%|ΓûêΓûêΓûêΓûì      | 1535/4500 [05:56<11:43,  4.21it/s]
 34%|ΓûêΓûêΓûêΓûì      | 1536/4500 [05:57<11:35,  4.26it/s]
 34%|ΓûêΓûêΓûêΓûì      | 1537/4500 [05:57<11:33,  4.27it/s]
 34%|ΓûêΓûêΓûêΓûì      | 1538/4500 [05:57<11:58,  4.12it/s]
 34%|ΓûêΓûêΓûêΓûì      | 1539/4500 [05:57<11:42,  4.22it/s]
 34%|ΓûêΓûêΓûêΓûì      | 1540/4500 [05:58<12:01,  4.10it/s]
 34%|ΓûêΓûêΓûêΓûì      | 1541/4500 [05:58<11:50,  4.16it/s]
 34%|ΓûêΓûêΓûêΓûì      | 1542/4500 [05:58<11:31,  4.28it/s]
 34%|ΓûêΓûêΓûêΓûì      | 1543/4500 [05:58<11:25,  4.31it/s]
 34%|ΓûêΓûêΓûêΓûì      | 1544/4500 [05:58<11:47,  4.18it/s]
 34%|ΓûêΓûêΓûêΓûì      | 1545/4500 [05:59<11:42,  4.20it/s]
 34%|ΓûêΓûêΓûêΓûì      | 1546/4500 [05:59<11:40,  4.22it/s]
 34%|ΓûêΓûêΓûêΓûì      | 1547/4500 [05:59<11:42,  4.20it/s]
 34%|ΓûêΓûêΓûêΓûì      | 1548/4500 [05:59<11:34,  4.25it/s]
 34%|ΓûêΓûêΓûêΓûì      | 1549/4500 [06:00<11:22,  4.33it/s]
 34%|ΓûêΓûêΓûêΓûì      | 1550/4500 [06:00<11:08,  4.41it/s]
 34%|ΓûêΓûêΓûêΓûì      | 1551/4500 [06:00<11:07,  4.42it/s]
 34%|ΓûêΓûêΓûêΓûì      | 1552/4500 [06:00<11:20,  4.33it/s]
 35%|ΓûêΓûêΓûêΓûì      | 1553/4500 [06:01<11:27,  4.28it/s]
 35%|ΓûêΓûêΓûêΓûì      | 1554/4500 [06:01<11:24,  4.30it/s]
 35%|ΓûêΓûêΓûêΓûì      | 1555/4500 [06:01<11:17,  4.35it/s]
 35%|ΓûêΓûêΓûêΓûì      | 1556/4500 [06:01<11:19,  4.33it/s]
 35%|ΓûêΓûêΓûêΓûì      | 1557/4500 [06:01<11:34,  4.24it/s]
 35%|ΓûêΓûêΓûêΓûì      | 1558/4500 [06:02<11:21,  4.32it/s]
 35%|ΓûêΓûêΓûêΓûì      | 1559/4500 [06:02<11:20,  4.32it/s]
 35%|ΓûêΓûêΓûêΓûì      | 1560/4500 [06:02<12:39,  3.87it/s]
 35%|ΓûêΓûêΓûêΓûì      | 1561/4500 [06:02<12:12,  4.01it/s]
 35%|ΓûêΓûêΓûêΓûì      | 1562/4500 [06:03<12:27,  3.93it/s]
 35%|ΓûêΓûêΓûêΓûì      | 1563/4500 [06:03<13:37,  3.59it/s]
 35%|ΓûêΓûêΓûêΓûì      | 1564/4500 [06:03<12:47,  3.82it/s]
 35%|ΓûêΓûêΓûêΓûì      | 1565/4500 [06:04<12:09,  4.02it/s]
 35%|ΓûêΓûêΓûêΓûì      | 1566/4500 [06:04<12:00,  4.07it/s]
 35%|ΓûêΓûêΓûêΓûì      | 1567/4500 [06:04<11:56,  4.09it/s]
 35%|ΓûêΓûêΓûêΓûì      | 1568/4500 [06:04<11:41,  4.18it/s]
 35%|ΓûêΓûêΓûêΓûì      | 1569/4500 [06:04<11:49,  4.13it/s]
 35%|ΓûêΓûêΓûêΓûì      | 1570/4500 [06:05<11:42,  4.17it/s]
 35%|ΓûêΓûêΓûêΓûì      | 1571/4500 [06:05<11:51,  4.12it/s]
 35%|ΓûêΓûêΓûêΓûì      | 1572/4500 [06:05<11:46,  4.14it/s]
 35%|ΓûêΓûêΓûêΓûì      | 1573/4500 [06:05<11:43,  4.16it/s]
 35%|ΓûêΓûêΓûêΓûì      | 1574/4500 [06:06<11:38,  4.19it/s]
 35%|ΓûêΓûêΓûêΓûî      | 1575/4500 [06:06<11:40,  4.18it/s]
 35%|ΓûêΓûêΓûêΓûî      | 1576/4500 [06:06<11:33,  4.22it/s]
 35%|ΓûêΓûêΓûêΓûî      | 1577/4500 [06:06<11:42,  4.16it/s]
 35%|ΓûêΓûêΓûêΓûî      | 1578/4500 [06:07<11:50,  4.11it/s]
 35%|ΓûêΓûêΓûêΓûî      | 1579/4500 [06:07<11:50,  4.11it/s]
 35%|ΓûêΓûêΓûêΓûî      | 1580/4500 [06:07<12:49,  3.80it/s]
 35%|ΓûêΓûêΓûêΓûî      | 1581/4500 [06:07<12:48,  3.80it/s]
 35%|ΓûêΓûêΓûêΓûî      | 1582/4500 [06:08<12:26,  3.91it/s]
 35%|ΓûêΓûêΓûêΓûî      | 1583/4500 [06:08<12:13,  3.98it/s]
 35%|ΓûêΓûêΓûêΓûî      | 1584/4500 [06:08<12:08,  4.00it/s]
 35%|ΓûêΓûêΓûêΓûî      | 1585/4500 [06:08<11:53,  4.09it/s]
 35%|ΓûêΓûêΓûêΓûî      | 1586/4500 [06:09<11:52,  4.09it/s]
 35%|ΓûêΓûêΓûêΓûî      | 1587/4500 [06:09<12:43,  3.82it/s]
 35%|ΓûêΓûêΓûêΓûî      | 1588/4500 [06:09<12:17,  3.95it/s]
 35%|ΓûêΓûêΓûêΓûî      | 1589/4500 [06:09<11:51,  4.09it/s]
 35%|ΓûêΓûêΓûêΓûî      | 1590/4500 [06:10<11:50,  4.09it/s]
 35%|ΓûêΓûêΓûêΓûî      | 1591/4500 [06:10<11:23,  4.25it/s]
 35%|ΓûêΓûêΓûêΓûî      | 1592/4500 [06:10<11:21,  4.27it/s]
 35%|ΓûêΓûêΓûêΓûî      | 1593/4500 [06:10<11:19,  4.28it/s]
 35%|ΓûêΓûêΓûêΓûî      | 1594/4500 [06:11<11:29,  4.21it/s]
 35%|ΓûêΓûêΓûêΓûî      | 1595/4500 [06:11<11:13,  4.31it/s]
 35%|ΓûêΓûêΓûêΓûî      | 1596/4500 [06:11<11:14,  4.31it/s]
 35%|ΓûêΓûêΓûêΓûî      | 1597/4500 [06:11<10:58,  4.41it/s]
 36%|ΓûêΓûêΓûêΓûî      | 1598/4500 [06:11<10:56,  4.42it/s]
 36%|ΓûêΓûêΓûêΓûî      | 1599/4500 [06:12<10:59,  4.40it/s]
 36%|ΓûêΓûêΓûêΓûî      | 1600/4500 [06:12<11:03,  4.37it/s]
 36%|ΓûêΓûêΓûêΓûî      | 1601/4500 [06:12<10:58,  4.40it/s]
 36%|ΓûêΓûêΓûêΓûî      | 1602/4500 [06:12<11:10,  4.32it/s]
 36%|ΓûêΓûêΓûêΓûî      | 1603/4500 [06:13<11:07,  4.34it/s]
 36%|ΓûêΓûêΓûêΓûî      | 1604/4500 [06:13<11:18,  4.27it/s]
 36%|ΓûêΓûêΓûêΓûî      | 1605/4500 [06:13<11:18,  4.26it/s]
 36%|ΓûêΓûêΓûêΓûî      | 1606/4500 [06:13<11:39,  4.14it/s]
 36%|ΓûêΓûêΓûêΓûî      | 1607/4500 [06:14<11:32,  4.18it/s]
 36%|ΓûêΓûêΓûêΓûî      | 1608/4500 [06:14<11:34,  4.16it/s]
 36%|ΓûêΓûêΓûêΓûî      | 1609/4500 [06:14<11:28,  4.20it/s]
 36%|ΓûêΓûêΓûêΓûî      | 1610/4500 [06:14<11:23,  4.23it/s]
 36%|ΓûêΓûêΓûêΓûî      | 1611/4500 [06:15<11:02,  4.36it/s]
 36%|ΓûêΓûêΓûêΓûî      | 1613/4500 [06:15<08:24,  5.72it/s]
 36%|ΓûêΓûêΓûêΓûî      | 1614/4500 [06:15<08:57,  5.37it/s]
 36%|ΓûêΓûêΓûêΓûî      | 1615/4500 [06:15<09:39,  4.98it/s]
 36%|ΓûêΓûêΓûêΓûî      | 1616/4500 [06:15<10:02,  4.79it/s]
 36%|ΓûêΓûêΓûêΓûî      | 1617/4500 [06:16<10:24,  4.62it/s]
 36%|ΓûêΓûêΓûêΓûî      | 1618/4500 [06:16<10:41,  4.49it/s]
 36%|ΓûêΓûêΓûêΓûî      | 1619/4500 [06:16<10:48,  4.44it/s]
 36%|ΓûêΓûêΓûêΓûî      | 1620/4500 [06:16<11:03,  4.34it/s]
 36%|ΓûêΓûêΓûêΓûî      | 1621/4500 [06:17<10:55,  4.39it/s]
 36%|ΓûêΓûêΓûêΓûî      | 1622/4500 [06:17<11:00,  4.36it/s]
 36%|ΓûêΓûêΓûêΓûî      | 1623/4500 [06:17<11:13,  4.27it/s]
 36%|ΓûêΓûêΓûêΓûî      | 1624/4500 [06:17<11:31,  4.16it/s]
 36%|ΓûêΓûêΓûêΓûî      | 1625/4500 [06:18<11:26,  4.19it/s]
 36%|ΓûêΓûêΓûêΓûî      | 1626/4500 [06:18<11:31,  4.15it/s]
 36%|ΓûêΓûêΓûêΓûî      | 1627/4500 [06:18<11:43,  4.08it/s]
 36%|ΓûêΓûêΓûêΓûî      | 1628/4500 [06:18<11:18,  4.23it/s]
 36%|ΓûêΓûêΓûêΓûî      | 1629/4500 [06:19<11:20,  4.22it/s]
 36%|ΓûêΓûêΓûêΓûî      | 1630/4500 [06:19<11:35,  4.13it/s]
 36%|ΓûêΓûêΓûêΓûî      | 1631/4500 [06:19<12:02,  3.97it/s]
 36%|ΓûêΓûêΓûêΓûï      | 1632/4500 [06:19<11:50,  4.03it/s]
 36%|ΓûêΓûêΓûêΓûï      | 1633/4500 [06:20<11:57,  4.00it/s]
 36%|ΓûêΓûêΓûêΓûï      | 1634/4500 [06:20<11:23,  4.19it/s]
 36%|ΓûêΓûêΓûêΓûï      | 1635/4500 [06:20<11:18,  4.22it/s]
 36%|ΓûêΓûêΓûêΓûï      | 1636/4500 [06:20<11:24,  4.18it/s]
 36%|ΓûêΓûêΓûêΓûï      | 1637/4500 [06:20<11:39,  4.09it/s]
 36%|ΓûêΓûêΓûêΓûï      | 1638/4500 [06:21<11:23,  4.19it/s]
 36%|ΓûêΓûêΓûêΓûï      | 1639/4500 [06:21<11:13,  4.25it/s]
 36%|ΓûêΓûêΓûêΓûï      | 1640/4500 [06:21<11:08,  4.28it/s]
 36%|ΓûêΓûêΓûêΓûï      | 1641/4500 [06:21<11:14,  4.24it/s]
 36%|ΓûêΓûêΓûêΓûï      | 1642/4500 [06:22<11:22,  4.19it/s]
 37%|ΓûêΓûêΓûêΓûï      | 1643/4500 [06:22<11:12,  4.25it/s]
 37%|ΓûêΓûêΓûêΓûï      | 1644/4500 [06:22<11:02,  4.31it/s]
 37%|ΓûêΓûêΓûêΓûï      | 1645/4500 [06:22<10:49,  4.39it/s]
 37%|ΓûêΓûêΓûêΓûï      | 1646/4500 [06:23<10:26,  4.56it/s]
 37%|ΓûêΓûêΓûêΓûï      | 1647/4500 [06:23<10:39,  4.46it/s]
 37%|ΓûêΓûêΓûêΓûï      | 1648/4500 [06:23<10:49,  4.39it/s]
 37%|ΓûêΓûêΓûêΓûï      | 1649/4500 [06:23<11:09,  4.26it/s]
 37%|ΓûêΓûêΓûêΓûï      | 1650/4500 [06:23<11:13,  4.23it/s]
 37%|ΓûêΓûêΓûêΓûï      | 1651/4500 [06:24<11:12,  4.24it/s]
 37%|ΓûêΓûêΓûêΓûï      | 1652/4500 [06:24<11:07,  4.27it/s]
 37%|ΓûêΓûêΓûêΓûï      | 1653/4500 [06:24<11:19,  4.19it/s]
 37%|ΓûêΓûêΓûêΓûï      | 1654/4500 [06:24<11:08,  4.26it/s]
 37%|ΓûêΓûêΓûêΓûï      | 1655/4500 [06:25<11:26,  4.15it/s]
 37%|ΓûêΓûêΓûêΓûï      | 1656/4500 [06:25<11:38,  4.07it/s]
 37%|ΓûêΓûêΓûêΓûï      | 1657/4500 [06:25<11:19,  4.19it/s]
 37%|ΓûêΓûêΓûêΓûï      | 1658/4500 [06:25<11:01,  4.29it/s]
 37%|ΓûêΓûêΓûêΓûï      | 1659/4500 [06:26<10:53,  4.35it/s]
 37%|ΓûêΓûêΓûêΓûï      | 1660/4500 [06:26<10:46,  4.39it/s]
 37%|ΓûêΓûêΓûêΓûï      | 1661/4500 [06:26<11:05,  4.26it/s]
 37%|ΓûêΓûêΓûêΓûï      | 1662/4500 [06:26<11:00,  4.29it/s]
 37%|ΓûêΓûêΓûêΓûï      | 1663/4500 [06:27<10:47,  4.38it/s]
 37%|ΓûêΓûêΓûêΓûï      | 1664/4500 [06:27<10:58,  4.31it/s]
 37%|ΓûêΓûêΓûêΓûï      | 1665/4500 [06:27<10:46,  4.39it/s]
 37%|ΓûêΓûêΓûêΓûï      | 1666/4500 [06:27<10:36,  4.45it/s]
 37%|ΓûêΓûêΓûêΓûï      | 1667/4500 [06:27<11:00,  4.29it/s]
 37%|ΓûêΓûêΓûêΓûï      | 1668/4500 [06:28<11:07,  4.24it/s]
 37%|ΓûêΓûêΓûêΓûï      | 1669/4500 [06:28<11:11,  4.22it/s]
 37%|ΓûêΓûêΓûêΓûï      | 1670/4500 [06:28<11:03,  4.27it/s]
 37%|ΓûêΓûêΓûêΓûï      | 1671/4500 [06:28<11:05,  4.25it/s]
 37%|ΓûêΓûêΓûêΓûï      | 1672/4500 [06:29<10:59,  4.29it/s]
 37%|ΓûêΓûêΓûêΓûï      | 1673/4500 [06:29<11:09,  4.23it/s]
 37%|ΓûêΓûêΓûêΓûï      | 1674/4500 [06:29<11:17,  4.17it/s]
 37%|ΓûêΓûêΓûêΓûï      | 1675/4500 [06:29<11:18,  4.16it/s]
 37%|ΓûêΓûêΓûêΓûï      | 1676/4500 [06:30<11:38,  4.05it/s]
 37%|ΓûêΓûêΓûêΓûï      | 1677/4500 [06:30<11:20,  4.15it/s]
 37%|ΓûêΓûêΓûêΓûï      | 1678/4500 [06:30<11:07,  4.23it/s]
 37%|ΓûêΓûêΓûêΓûï      | 1679/4500 [06:30<11:09,  4.21it/s]
 37%|ΓûêΓûêΓûêΓûï      | 1680/4500 [06:31<10:55,  4.31it/s]
 37%|ΓûêΓûêΓûêΓûï      | 1681/4500 [06:31<10:58,  4.28it/s]
 37%|ΓûêΓûêΓûêΓûï      | 1682/4500 [06:31<10:54,  4.31it/s]
 37%|ΓûêΓûêΓûêΓûï      | 1683/4500 [06:31<10:55,  4.30it/s]
 37%|ΓûêΓûêΓûêΓûï      | 1684/4500 [06:31<11:11,  4.19it/s]
 37%|ΓûêΓûêΓûêΓûï      | 1685/4500 [06:32<10:59,  4.27it/s]
 37%|ΓûêΓûêΓûêΓûï      | 1686/4500 [06:32<10:56,  4.29it/s]
 37%|ΓûêΓûêΓûêΓûï      | 1687/4500 [06:32<11:14,  4.17it/s]
 38%|ΓûêΓûêΓûêΓûè      | 1688/4500 [06:32<11:12,  4.18it/s]
 38%|ΓûêΓûêΓûêΓûè      | 1689/4500 [06:33<11:17,  4.15it/s]
 38%|ΓûêΓûêΓûêΓûè      | 1690/4500 [06:33<11:59,  3.90it/s]
 38%|ΓûêΓûêΓûêΓûè      | 1691/4500 [06:33<11:55,  3.92it/s]
 38%|ΓûêΓûêΓûêΓûè      | 1692/4500 [06:33<11:39,  4.01it/s]
 38%|ΓûêΓûêΓûêΓûè      | 1693/4500 [06:34<11:24,  4.10it/s]
 38%|ΓûêΓûêΓûêΓûè      | 1694/4500 [06:34<11:19,  4.13it/s]
 38%|ΓûêΓûêΓûêΓûè      | 1695/4500 [06:34<11:06,  4.21it/s]
 38%|ΓûêΓûêΓûêΓûè      | 1696/4500 [06:34<11:25,  4.09it/s]
 38%|ΓûêΓûêΓûêΓûè      | 1697/4500 [06:35<11:38,  4.01it/s]
 38%|ΓûêΓûêΓûêΓûè      | 1698/4500 [06:35<11:44,  3.98it/s]
 38%|ΓûêΓûêΓûêΓûè      | 1699/4500 [06:35<11:39,  4.00it/s]
 38%|ΓûêΓûêΓûêΓûè      | 1700/4500 [06:35<11:06,  4.20it/s]
 38%|ΓûêΓûêΓûêΓûè      | 1701/4500 [06:36<11:02,  4.23it/s]
 38%|ΓûêΓûêΓûêΓûè      | 1702/4500 [06:36<11:01,  4.23it/s]
 38%|ΓûêΓûêΓûêΓûè      | 1703/4500 [06:36<11:54,  3.92it/s]
 38%|ΓûêΓûêΓûêΓûè      | 1704/4500 [06:36<11:25,  4.08it/s]
 38%|ΓûêΓûêΓûêΓûè      | 1705/4500 [06:37<11:58,  3.89it/s]
 38%|ΓûêΓûêΓûêΓûè      | 1706/4500 [06:37<11:54,  3.91it/s]
 38%|ΓûêΓûêΓûêΓûè      | 1707/4500 [06:37<11:30,  4.04it/s]
 38%|ΓûêΓûêΓûêΓûè      | 1708/4500 [06:37<11:36,  4.01it/s]
 38%|ΓûêΓûêΓûêΓûè      | 1709/4500 [06:38<11:18,  4.11it/s]
 38%|ΓûêΓûêΓûêΓûè      | 1710/4500 [06:38<10:56,  4.25it/s]
 38%|ΓûêΓûêΓûêΓûè      | 1711/4500 [06:38<10:54,  4.26it/s]
 38%|ΓûêΓûêΓûêΓûè      | 1712/4500 [06:38<11:07,  4.18it/s]
 38%|ΓûêΓûêΓûêΓûè      | 1713/4500 [06:39<11:14,  4.13it/s]
 38%|ΓûêΓûêΓûêΓûè      | 1714/4500 [06:39<10:59,  4.23it/s]
 38%|ΓûêΓûêΓûêΓûè      | 1715/4500 [06:39<10:44,  4.32it/s]
 38%|ΓûêΓûêΓûêΓûè      | 1716/4500 [06:39<10:48,  4.29it/s]
 38%|ΓûêΓûêΓûêΓûè      | 1717/4500 [06:39<10:42,  4.33it/s]
 38%|ΓûêΓûêΓûêΓûè      | 1718/4500 [06:40<10:39,  4.35it/s]
 38%|ΓûêΓûêΓûêΓûè      | 1719/4500 [06:40<10:57,  4.23it/s]
 38%|ΓûêΓûêΓûêΓûè      | 1720/4500 [06:40<10:43,  4.32it/s]
 38%|ΓûêΓûêΓûêΓûè      | 1721/4500 [06:40<10:37,  4.36it/s]
 38%|ΓûêΓûêΓûêΓûè      | 1722/4500 [06:41<10:31,  4.40it/s]
 38%|ΓûêΓûêΓûêΓûè      | 1723/4500 [06:41<10:28,  4.42it/s]
 38%|ΓûêΓûêΓûêΓûè      | 1724/4500 [06:41<10:27,  4.42it/s]
 38%|ΓûêΓûêΓûêΓûè      | 1725/4500 [06:41<10:18,  4.48it/s]
 38%|ΓûêΓûêΓûêΓûè      | 1726/4500 [06:42<10:33,  4.38it/s]
 38%|ΓûêΓûêΓûêΓûè      | 1727/4500 [06:42<10:21,  4.47it/s]
 38%|ΓûêΓûêΓûêΓûè      | 1728/4500 [06:42<10:37,  4.35it/s]
 38%|ΓûêΓûêΓûêΓûè      | 1729/4500 [06:42<10:34,  4.36it/s]
 38%|ΓûêΓûêΓûêΓûè      | 1730/4500 [06:42<10:31,  4.39it/s]
 38%|ΓûêΓûêΓûêΓûè      | 1731/4500 [06:43<10:46,  4.28it/s]
 38%|ΓûêΓûêΓûêΓûè      | 1732/4500 [06:43<11:03,  4.17it/s]
 39%|ΓûêΓûêΓûêΓûè      | 1733/4500 [06:43<11:19,  4.07it/s]
 39%|ΓûêΓûêΓûêΓûè      | 1734/4500 [06:43<11:14,  4.10it/s]
 39%|ΓûêΓûêΓûêΓûè      | 1735/4500 [06:44<11:12,  4.11it/s]
 39%|ΓûêΓûêΓûêΓûè      | 1736/4500 [06:44<11:00,  4.19it/s]
 39%|ΓûêΓûêΓûêΓûè      | 1737/4500 [06:44<10:58,  4.19it/s]
 39%|ΓûêΓûêΓûêΓûè      | 1738/4500 [06:44<10:58,  4.20it/s]
 39%|ΓûêΓûêΓûêΓûè      | 1739/4500 [06:45<10:59,  4.19it/s]
 39%|ΓûêΓûêΓûêΓûè      | 1740/4500 [06:45<11:06,  4.14it/s]
 39%|ΓûêΓûêΓûêΓûè      | 1741/4500 [06:45<10:51,  4.24it/s]
 39%|ΓûêΓûêΓûêΓûè      | 1742/4500 [06:45<11:00,  4.18it/s]
 39%|ΓûêΓûêΓûêΓûè      | 1743/4500 [06:46<11:02,  4.16it/s]
 39%|ΓûêΓûêΓûêΓûë      | 1744/4500 [06:46<10:59,  4.18it/s]
 39%|ΓûêΓûêΓûêΓûë      | 1745/4500 [06:46<11:12,  4.10it/s]
 39%|ΓûêΓûêΓûêΓûë      | 1746/4500 [06:46<11:31,  3.98it/s]
 39%|ΓûêΓûêΓûêΓûë      | 1747/4500 [06:47<11:07,  4.13it/s]
 39%|ΓûêΓûêΓûêΓûë      | 1748/4500 [06:47<11:18,  4.06it/s]
 39%|ΓûêΓûêΓûêΓûë      | 1749/4500 [06:47<11:09,  4.11it/s]
 39%|ΓûêΓûêΓûêΓûë      | 1750/4500 [06:47<11:06,  4.12it/s]
 39%|ΓûêΓûêΓûêΓûë      | 1751/4500 [06:48<10:52,  4.21it/s]
 39%|ΓûêΓûêΓûêΓûë      | 1752/4500 [06:48<10:42,  4.28it/s]
 39%|ΓûêΓûêΓûêΓûë      | 1753/4500 [06:48<10:56,  4.18it/s]
 39%|ΓûêΓûêΓûêΓûë      | 1754/4500 [06:48<10:35,  4.32it/s]
 39%|ΓûêΓûêΓûêΓûë      | 1755/4500 [06:48<10:40,  4.29it/s]
 39%|ΓûêΓûêΓûêΓûë      | 1756/4500 [06:49<10:33,  4.33it/s]
 39%|ΓûêΓûêΓûêΓûë      | 1757/4500 [06:49<10:22,  4.41it/s]
 39%|ΓûêΓûêΓûêΓûë      | 1758/4500 [06:49<10:40,  4.28it/s]
 39%|ΓûêΓûêΓûêΓûë      | 1759/4500 [06:49<10:45,  4.25it/s]
 39%|ΓûêΓûêΓûêΓûë      | 1760/4500 [06:50<10:46,  4.24it/s]
 39%|ΓûêΓûêΓûêΓûë      | 1761/4500 [06:50<11:14,  4.06it/s]
 39%|ΓûêΓûêΓûêΓûë      | 1762/4500 [06:50<11:17,  4.04it/s]
 39%|ΓûêΓûêΓûêΓûë      | 1763/4500 [06:50<11:21,  4.02it/s]
 39%|ΓûêΓûêΓûêΓûë      | 1764/4500 [06:51<10:58,  4.15it/s]
 39%|ΓûêΓûêΓûêΓûë      | 1765/4500 [06:51<11:00,  4.14it/s]
 39%|ΓûêΓûêΓûêΓûë      | 1766/4500 [06:51<10:58,  4.15it/s]
 39%|ΓûêΓûêΓûêΓûë      | 1767/4500 [06:51<11:17,  4.03it/s]
 39%|ΓûêΓûêΓûêΓûë      | 1768/4500 [06:52<10:56,  4.16it/s]
 39%|ΓûêΓûêΓûêΓûë      | 1769/4500 [06:52<11:01,  4.13it/s]
 39%|ΓûêΓûêΓûêΓûë      | 1770/4500 [06:52<10:45,  4.23it/s]
 39%|ΓûêΓûêΓûêΓûë      | 1771/4500 [06:52<10:33,  4.31it/s]
 39%|ΓûêΓûêΓûêΓûë      | 1772/4500 [06:53<10:47,  4.22it/s]
 39%|ΓûêΓûêΓûêΓûë      | 1773/4500 [06:53<11:07,  4.09it/s]
 39%|ΓûêΓûêΓûêΓûë      | 1774/4500 [06:53<10:55,  4.16it/s]
 39%|ΓûêΓûêΓûêΓûë      | 1775/4500 [06:53<10:56,  4.15it/s]
 39%|ΓûêΓûêΓûêΓûë      | 1776/4500 [06:54<11:00,  4.12it/s]
 39%|ΓûêΓûêΓûêΓûë      | 1777/4500 [06:54<10:51,  4.18it/s]
 40%|ΓûêΓûêΓûêΓûë      | 1778/4500 [06:54<10:47,  4.20it/s]
 40%|ΓûêΓûêΓûêΓûë      | 1779/4500 [06:54<10:44,  4.22it/s]
 40%|ΓûêΓûêΓûêΓûë      | 1780/4500 [06:54<10:30,  4.31it/s]
 40%|ΓûêΓûêΓûêΓûë      | 1781/4500 [06:55<10:15,  4.41it/s]
 40%|ΓûêΓûêΓûêΓûë      | 1782/4500 [06:55<10:25,  4.35it/s]
 40%|ΓûêΓûêΓûêΓûë      | 1783/4500 [06:55<10:51,  4.17it/s]
 40%|ΓûêΓûêΓûêΓûë      | 1784/4500 [06:55<11:10,  4.05it/s]
 40%|ΓûêΓûêΓûêΓûë      | 1785/4500 [06:56<10:40,  4.24it/s]
 40%|ΓûêΓûêΓûêΓûë      | 1786/4500 [06:56<10:35,  4.27it/s]
 40%|ΓûêΓûêΓûêΓûë      | 1787/4500 [06:56<10:26,  4.33it/s]
 40%|ΓûêΓûêΓûêΓûë      | 1788/4500 [06:56<10:25,  4.34it/s]
 40%|ΓûêΓûêΓûêΓûë      | 1789/4500 [06:57<10:36,  4.26it/s]
 40%|ΓûêΓûêΓûêΓûë      | 1790/4500 [06:57<10:48,  4.18it/s]
 40%|ΓûêΓûêΓûêΓûë      | 1791/4500 [06:57<11:03,  4.08it/s]
 40%|ΓûêΓûêΓûêΓûë      | 1792/4500 [06:57<11:19,  3.99it/s]
 40%|ΓûêΓûêΓûêΓûë      | 1793/4500 [06:58<11:19,  3.99it/s]
 40%|ΓûêΓûêΓûêΓûë      | 1794/4500 [06:58<11:11,  4.03it/s]
 40%|ΓûêΓûêΓûêΓûë      | 1795/4500 [06:58<11:10,  4.03it/s]
 40%|ΓûêΓûêΓûêΓûë      | 1796/4500 [06:58<11:06,  4.06it/s]
 40%|ΓûêΓûêΓûêΓûë      | 1797/4500 [06:59<10:52,  4.14it/s]
 40%|ΓûêΓûêΓûêΓûë      | 1798/4500 [06:59<11:07,  4.05it/s]
 40%|ΓûêΓûêΓûêΓûë      | 1799/4500 [06:59<11:17,  3.99it/s]
 40%|ΓûêΓûêΓûêΓûê      | 1800/4500 [06:59<11:00,  4.09it/s]
 40%|ΓûêΓûêΓûêΓûê      | 1801/4500 [07:00<10:51,  4.14it/s]
 40%|ΓûêΓûêΓûêΓûê      | 1802/4500 [07:00<10:43,  4.19it/s]
 40%|ΓûêΓûêΓûêΓûê      | 1803/4500 [07:00<10:22,  4.33it/s]
 40%|ΓûêΓûêΓûêΓûê      | 1804/4500 [07:00<10:24,  4.32it/s]
 40%|ΓûêΓûêΓûêΓûê      | 1805/4500 [07:00<10:13,  4.39it/s]
 40%|ΓûêΓûêΓûêΓûê      | 1806/4500 [07:01<10:32,  4.26it/s]
 40%|ΓûêΓûêΓûêΓûê      | 1807/4500 [07:01<10:21,  4.33it/s]
 40%|ΓûêΓûêΓûêΓûê      | 1808/4500 [07:01<10:18,  4.35it/s]
 40%|ΓûêΓûêΓûêΓûê      | 1809/4500 [07:01<10:15,  4.37it/s]
 40%|ΓûêΓûêΓûêΓûê      | 1810/4500 [07:02<10:29,  4.27it/s]
 40%|ΓûêΓûêΓûêΓûê      | 1811/4500 [07:02<10:17,  4.36it/s]
 40%|ΓûêΓûêΓûêΓûê      | 1812/4500 [07:02<10:51,  4.12it/s]
 40%|ΓûêΓûêΓûêΓûê      | 1813/4500 [07:02<11:09,  4.02it/s]
 40%|ΓûêΓûêΓûêΓûê      | 1814/4500 [07:03<10:42,  4.18it/s]
 40%|ΓûêΓûêΓûêΓûê      | 1815/4500 [07:03<10:20,  4.32it/s]
 40%|ΓûêΓûêΓûêΓûê      | 1816/4500 [07:03<10:08,  4.41it/s]
 40%|ΓûêΓûêΓûêΓûê      | 1817/4500 [07:03<10:16,  4.35it/s]
 40%|ΓûêΓûêΓûêΓûê      | 1818/4500 [07:03<10:19,  4.33it/s]
 40%|ΓûêΓûêΓûêΓûê      | 1819/4500 [07:04<10:12,  4.38it/s]
 40%|ΓûêΓûêΓûêΓûê      | 1820/4500 [07:04<10:15,  4.36it/s]
 40%|ΓûêΓûêΓûêΓûê      | 1821/4500 [07:04<10:23,  4.30it/s]
 40%|ΓûêΓûêΓûêΓûê      | 1822/4500 [07:04<10:14,  4.36it/s]
 41%|ΓûêΓûêΓûêΓûê      | 1823/4500 [07:05<10:07,  4.41it/s]
 41%|ΓûêΓûêΓûêΓûê      | 1824/4500 [07:05<11:07,  4.01it/s]
 41%|ΓûêΓûêΓûêΓûê      | 1825/4500 [07:05<11:05,  4.02it/s]
 41%|ΓûêΓûêΓûêΓûê      | 1826/4500 [07:05<11:01,  4.04it/s]
 41%|ΓûêΓûêΓûêΓûê      | 1827/4500 [07:06<10:57,  4.06it/s]
 41%|ΓûêΓûêΓûêΓûê      | 1828/4500 [07:06<10:54,  4.08it/s]
 41%|ΓûêΓûêΓûêΓûê      | 1829/4500 [07:06<10:43,  4.15it/s]
 41%|ΓûêΓûêΓûêΓûê      | 1830/4500 [07:06<10:48,  4.12it/s]
 41%|ΓûêΓûêΓûêΓûê      | 1831/4500 [07:07<10:31,  4.23it/s]
 41%|ΓûêΓûêΓûêΓûê      | 1832/4500 [07:07<10:28,  4.24it/s]
 41%|ΓûêΓûêΓûêΓûê      | 1833/4500 [07:07<10:27,  4.25it/s]
 41%|ΓûêΓûêΓûêΓûê      | 1834/4500 [07:07<10:19,  4.30it/s]
 41%|ΓûêΓûêΓûêΓûê      | 1835/4500 [07:08<10:27,  4.25it/s]
 41%|ΓûêΓûêΓûêΓûê      | 1836/4500 [07:08<10:51,  4.09it/s]
 41%|ΓûêΓûêΓûêΓûê      | 1837/4500 [07:08<10:29,  4.23it/s]
 41%|ΓûêΓûêΓûêΓûê      | 1838/4500 [07:08<10:40,  4.15it/s]
 41%|ΓûêΓûêΓûêΓûê      | 1839/4500 [07:09<10:45,  4.12it/s]
 41%|ΓûêΓûêΓûêΓûê      | 1840/4500 [07:09<10:32,  4.21it/s]
 41%|ΓûêΓûêΓûêΓûê      | 1841/4500 [07:09<10:25,  4.25it/s]
 41%|ΓûêΓûêΓûêΓûê      | 1842/4500 [07:09<10:14,  4.33it/s]
 41%|ΓûêΓûêΓûêΓûê      | 1843/4500 [07:09<10:10,  4.35it/s]
 41%|ΓûêΓûêΓûêΓûê      | 1844/4500 [07:10<10:15,  4.32it/s]
 41%|ΓûêΓûêΓûêΓûê      | 1845/4500 [07:10<11:19,  3.91it/s]
 41%|ΓûêΓûêΓûêΓûê      | 1846/4500 [07:10<11:26,  3.87it/s]
 41%|ΓûêΓûêΓûêΓûê      | 1847/4500 [07:10<11:21,  3.89it/s]
 41%|ΓûêΓûêΓûêΓûê      | 1848/4500 [07:11<11:15,  3.92it/s]
 41%|ΓûêΓûêΓûêΓûê      | 1849/4500 [07:11<11:18,  3.91it/s]
 41%|ΓûêΓûêΓûêΓûê      | 1850/4500 [07:11<11:19,  3.90it/s]
 41%|ΓûêΓûêΓûêΓûê      | 1851/4500 [07:11<10:50,  4.07it/s]
 41%|ΓûêΓûêΓûêΓûê      | 1852/4500 [07:12<12:01,  3.67it/s]
 41%|ΓûêΓûêΓûêΓûê      | 1853/4500 [07:12<11:49,  3.73it/s]
 41%|ΓûêΓûêΓûêΓûê      | 1854/4500 [07:12<11:21,  3.89it/s]
 41%|ΓûêΓûêΓûêΓûê      | 1855/4500 [07:13<11:04,  3.98it/s]
 41%|ΓûêΓûêΓûêΓûê      | 1856/4500 [07:13<11:08,  3.95it/s]
 41%|ΓûêΓûêΓûêΓûêΓûÅ     | 1857/4500 [07:13<10:45,  4.09it/s]
 41%|ΓûêΓûêΓûêΓûêΓûÅ     | 1858/4500 [07:13<10:45,  4.09it/s]
 41%|ΓûêΓûêΓûêΓûêΓûÅ     | 1859/4500 [07:13<10:46,  4.09it/s]
 41%|ΓûêΓûêΓûêΓûêΓûÅ     | 1860/4500 [07:14<10:30,  4.19it/s]
 41%|ΓûêΓûêΓûêΓûêΓûÅ     | 1861/4500 [07:14<10:30,  4.18it/s]
 41%|ΓûêΓûêΓûêΓûêΓûÅ     | 1862/4500 [07:14<10:19,  4.26it/s]
 41%|ΓûêΓûêΓûêΓûêΓûÅ     | 1863/4500 [07:14<10:17,  4.27it/s]
 41%|ΓûêΓûêΓûêΓûêΓûÅ     | 1864/4500 [07:15<10:29,  4.19it/s]
 41%|ΓûêΓûêΓûêΓûêΓûÅ     | 1865/4500 [07:15<10:14,  4.29it/s]
 41%|ΓûêΓûêΓûêΓûêΓûÅ     | 1866/4500 [07:15<10:21,  4.24it/s]
 41%|ΓûêΓûêΓûêΓûêΓûÅ     | 1867/4500 [07:15<10:06,  4.34it/s]
 42%|ΓûêΓûêΓûêΓûêΓûÅ     | 1868/4500 [07:16<09:52,  4.44it/s]
 42%|ΓûêΓûêΓûêΓûêΓûÅ     | 1869/4500 [07:16<10:03,  4.36it/s]
 42%|ΓûêΓûêΓûêΓûêΓûÅ     | 1870/4500 [07:16<10:22,  4.23it/s]
 42%|ΓûêΓûêΓûêΓûêΓûÅ     | 1871/4500 [07:16<10:11,  4.30it/s]
 42%|ΓûêΓûêΓûêΓûêΓûÅ     | 1872/4500 [07:17<10:11,  4.30it/s]
 42%|ΓûêΓûêΓûêΓûêΓûÅ     | 1873/4500 [07:17<09:58,  4.39it/s]
 42%|ΓûêΓûêΓûêΓûêΓûÅ     | 1874/4500 [07:17<10:15,  4.27it/s]
 42%|ΓûêΓûêΓûêΓûêΓûÅ     | 1875/4500 [07:17<10:07,  4.32it/s]
 42%|ΓûêΓûêΓûêΓûêΓûÅ     | 1876/4500 [07:17<10:10,  4.30it/s]
 42%|ΓûêΓûêΓûêΓûêΓûÅ     | 1877/4500 [07:18<10:02,  4.35it/s]
 42%|ΓûêΓûêΓûêΓûêΓûÅ     | 1878/4500 [07:18<10:22,  4.21it/s]
 42%|ΓûêΓûêΓûêΓûêΓûÅ     | 1879/4500 [07:18<10:39,  4.10it/s]
 42%|ΓûêΓûêΓûêΓûêΓûÅ     | 1880/4500 [07:18<10:28,  4.17it/s]
 42%|ΓûêΓûêΓûêΓûêΓûÅ     | 1881/4500 [07:19<10:22,  4.21it/s]
 42%|ΓûêΓûêΓûêΓûêΓûÅ     | 1882/4500 [07:19<10:16,  4.25it/s]
 42%|ΓûêΓûêΓûêΓûêΓûÅ     | 1883/4500 [07:19<10:11,  4.28it/s]
 42%|ΓûêΓûêΓûêΓûêΓûÅ     | 1884/4500 [07:19<10:18,  4.23it/s]
 42%|ΓûêΓûêΓûêΓûêΓûÅ     | 1885/4500 [07:20<10:18,  4.23it/s]
 42%|ΓûêΓûêΓûêΓûêΓûÅ     | 1886/4500 [07:20<10:14,  4.25it/s]
 42%|ΓûêΓûêΓûêΓûêΓûÅ     | 1887/4500 [07:20<10:18,  4.23it/s]
 42%|ΓûêΓûêΓûêΓûêΓûÅ     | 1888/4500 [07:20<09:59,  4.36it/s]
 42%|ΓûêΓûêΓûêΓûêΓûÅ     | 1889/4500 [07:20<09:51,  4.41it/s]
 42%|ΓûêΓûêΓûêΓûêΓûÅ     | 1890/4500 [07:21<09:57,  4.37it/s]
 42%|ΓûêΓûêΓûêΓûêΓûÅ     | 1891/4500 [07:21<09:59,  4.35it/s]
 42%|ΓûêΓûêΓûêΓûêΓûÅ     | 1892/4500 [07:21<10:06,  4.30it/s]
 42%|ΓûêΓûêΓûêΓûêΓûÅ     | 1893/4500 [07:21<10:19,  4.21it/s]
 42%|ΓûêΓûêΓûêΓûêΓûÅ     | 1894/4500 [07:22<10:14,  4.24it/s]
 42%|ΓûêΓûêΓûêΓûêΓûÅ     | 1895/4500 [07:22<10:17,  4.22it/s]
 42%|ΓûêΓûêΓûêΓûêΓûÅ     | 1896/4500 [07:22<10:06,  4.30it/s]
 42%|ΓûêΓûêΓûêΓûêΓûÅ     | 1897/4500 [07:22<09:49,  4.41it/s]
 42%|ΓûêΓûêΓûêΓûêΓûÅ     | 1898/4500 [07:23<09:53,  4.38it/s]
 42%|ΓûêΓûêΓûêΓûêΓûÅ     | 1899/4500 [07:23<09:49,  4.42it/s]
 42%|ΓûêΓûêΓûêΓûêΓûÅ     | 1900/4500 [07:23<09:53,  4.38it/s]
 42%|ΓûêΓûêΓûêΓûêΓûÅ     | 1901/4500 [07:23<09:53,  4.38it/s]
 42%|ΓûêΓûêΓûêΓûêΓûÅ     | 1902/4500 [07:23<09:47,  4.43it/s]
 42%|ΓûêΓûêΓûêΓûêΓûÅ     | 1903/4500 [07:24<10:16,  4.21it/s]
 42%|ΓûêΓûêΓûêΓûêΓûÅ     | 1904/4500 [07:24<10:11,  4.24it/s]
 42%|ΓûêΓûêΓûêΓûêΓûÅ     | 1905/4500 [07:24<10:08,  4.26it/s]
 42%|ΓûêΓûêΓûêΓûêΓûÅ     | 1906/4500 [07:24<10:28,  4.13it/s]
 42%|ΓûêΓûêΓûêΓûêΓûÅ     | 1907/4500 [07:25<10:34,  4.09it/s]
 42%|ΓûêΓûêΓûêΓûêΓûÅ     | 1908/4500 [07:25<10:15,  4.21it/s]
 42%|ΓûêΓûêΓûêΓûêΓûÅ     | 1909/4500 [07:25<09:58,  4.33it/s]
 42%|ΓûêΓûêΓûêΓûêΓûÅ     | 1910/4500 [07:25<10:08,  4.26it/s]
 42%|ΓûêΓûêΓûêΓûêΓûÅ     | 1911/4500 [07:26<10:11,  4.24it/s]
 42%|ΓûêΓûêΓûêΓûêΓûÅ     | 1912/4500 [07:26<10:14,  4.21it/s]
 43%|ΓûêΓûêΓûêΓûêΓûÄ     | 1913/4500 [07:26<10:13,  4.22it/s]
 43%|ΓûêΓûêΓûêΓûêΓûÄ     | 1914/4500 [07:26<10:08,  4.25it/s]
 43%|ΓûêΓûêΓûêΓûêΓûÄ     | 1915/4500 [07:27<10:06,  4.26it/s]
 43%|ΓûêΓûêΓûêΓûêΓûÄ     | 1916/4500 [07:27<10:04,  4.28it/s]
 43%|ΓûêΓûêΓûêΓûêΓûÄ     | 1917/4500 [07:27<09:55,  4.33it/s]
 43%|ΓûêΓûêΓûêΓûêΓûÄ     | 1918/4500 [07:27<09:54,  4.34it/s]
 43%|ΓûêΓûêΓûêΓûêΓûÄ     | 1919/4500 [07:27<10:00,  4.30it/s]
 43%|ΓûêΓûêΓûêΓûêΓûÄ     | 1920/4500 [07:28<09:55,  4.33it/s]
 43%|ΓûêΓûêΓûêΓûêΓûÄ     | 1921/4500 [07:28<09:55,  4.33it/s]
 43%|ΓûêΓûêΓûêΓûêΓûÄ     | 1922/4500 [07:28<09:42,  4.42it/s]
 43%|ΓûêΓûêΓûêΓûêΓûÄ     | 1923/4500 [07:28<10:02,  4.27it/s]
 43%|ΓûêΓûêΓûêΓûêΓûÄ     | 1924/4500 [07:29<09:54,  4.33it/s]
 43%|ΓûêΓûêΓûêΓûêΓûÄ     | 1925/4500 [07:29<09:49,  4.37it/s]
 43%|ΓûêΓûêΓûêΓûêΓûÄ     | 1926/4500 [07:29<09:47,  4.38it/s]
 43%|ΓûêΓûêΓûêΓûêΓûÄ     | 1927/4500 [07:29<09:51,  4.35it/s]
 43%|ΓûêΓûêΓûêΓûêΓûÄ     | 1928/4500 [07:30<10:05,  4.25it/s]
 43%|ΓûêΓûêΓûêΓûêΓûÄ     | 1929/4500 [07:30<10:09,  4.22it/s]
 43%|ΓûêΓûêΓûêΓûêΓûÄ     | 1930/4500 [07:30<10:04,  4.25it/s]
 43%|ΓûêΓûêΓûêΓûêΓûÄ     | 1931/4500 [07:30<10:19,  4.15it/s]
 43%|ΓûêΓûêΓûêΓûêΓûÄ     | 1932/4500 [07:31<10:00,  4.27it/s]
 43%|ΓûêΓûêΓûêΓûêΓûÄ     | 1933/4500 [07:31<10:02,  4.26it/s]
 43%|ΓûêΓûêΓûêΓûêΓûÄ     | 1934/4500 [07:31<09:44,  4.39it/s]
 43%|ΓûêΓûêΓûêΓûêΓûÄ     | 1935/4500 [07:31<09:37,  4.44it/s]
 43%|ΓûêΓûêΓûêΓûêΓûÄ     | 1936/4500 [07:31<09:33,  4.47it/s]
 43%|ΓûêΓûêΓûêΓûêΓûÄ     | 1937/4500 [07:32<09:43,  4.40it/s]
 43%|ΓûêΓûêΓûêΓûêΓûÄ     | 1938/4500 [07:32<09:32,  4.47it/s]
 43%|ΓûêΓûêΓûêΓûêΓûÄ     | 1939/4500 [07:32<09:57,  4.28it/s]
 43%|ΓûêΓûêΓûêΓûêΓûÄ     | 1940/4500 [07:32<10:27,  4.08it/s]
 43%|ΓûêΓûêΓûêΓûêΓûÄ     | 1941/4500 [07:33<10:32,  4.05it/s]
 43%|ΓûêΓûêΓûêΓûêΓûÄ     | 1942/4500 [07:33<10:26,  4.09it/s]
 43%|ΓûêΓûêΓûêΓûêΓûÄ     | 1943/4500 [07:33<10:18,  4.14it/s]
 43%|ΓûêΓûêΓûêΓûêΓûÄ     | 1944/4500 [07:33<10:21,  4.11it/s]
 43%|ΓûêΓûêΓûêΓûêΓûÄ     | 1945/4500 [07:34<10:25,  4.08it/s]
 43%|ΓûêΓûêΓûêΓûêΓûÄ     | 1946/4500 [07:34<10:31,  4.04it/s]
 43%|ΓûêΓûêΓûêΓûêΓûÄ     | 1947/4500 [07:34<10:35,  4.02it/s]
 43%|ΓûêΓûêΓûêΓûêΓûÄ     | 1948/4500 [07:34<11:01,  3.86it/s]
 43%|ΓûêΓûêΓûêΓûêΓûÄ     | 1949/4500 [07:35<10:59,  3.87it/s]
 43%|ΓûêΓûêΓûêΓûêΓûÄ     | 1950/4500 [07:35<10:57,  3.88it/s]
 43%|ΓûêΓûêΓûêΓûêΓûÄ     | 1951/4500 [07:35<10:56,  3.88it/s]
 43%|ΓûêΓûêΓûêΓûêΓûÄ     | 1952/4500 [07:35<10:48,  3.93it/s]
 43%|ΓûêΓûêΓûêΓûêΓûÄ     | 1953/4500 [07:36<10:49,  3.92it/s]
 43%|ΓûêΓûêΓûêΓûêΓûÄ     | 1954/4500 [07:36<10:30,  4.04it/s]
 43%|ΓûêΓûêΓûêΓûêΓûÄ     | 1955/4500 [07:36<11:18,  3.75it/s]
 43%|ΓûêΓûêΓûêΓûêΓûÄ     | 1956/4500 [07:36<11:12,  3.78it/s]
 43%|ΓûêΓûêΓûêΓûêΓûÄ     | 1957/4500 [07:37<10:57,  3.87it/s]
 44%|ΓûêΓûêΓûêΓûêΓûÄ     | 1958/4500 [07:37<10:48,  3.92it/s]
 44%|ΓûêΓûêΓûêΓûêΓûÄ     | 1959/4500 [07:37<10:38,  3.98it/s]
 44%|ΓûêΓûêΓûêΓûêΓûÄ     | 1960/4500 [07:37<10:31,  4.02it/s]
 44%|ΓûêΓûêΓûêΓûêΓûÄ     | 1961/4500 [07:38<11:00,  3.84it/s]
 44%|ΓûêΓûêΓûêΓûêΓûÄ     | 1962/4500 [07:38<10:38,  3.98it/s]
 44%|ΓûêΓûêΓûêΓûêΓûÄ     | 1963/4500 [07:38<10:30,  4.03it/s]
 44%|ΓûêΓûêΓûêΓûêΓûÄ     | 1964/4500 [07:38<10:23,  4.07it/s]
 44%|ΓûêΓûêΓûêΓûêΓûÄ     | 1965/4500 [07:39<10:38,  3.97it/s]
 44%|ΓûêΓûêΓûêΓûêΓûÄ     | 1966/4500 [07:39<10:27,  4.04it/s]
 44%|ΓûêΓûêΓûêΓûêΓûÄ     | 1967/4500 [07:39<10:09,  4.16it/s]
 44%|ΓûêΓûêΓûêΓûêΓûÄ     | 1968/4500 [07:39<09:56,  4.25it/s]
 44%|ΓûêΓûêΓûêΓûêΓûì     | 1969/4500 [07:40<09:51,  4.28it/s]
 44%|ΓûêΓûêΓûêΓûêΓûì     | 1970/4500 [07:40<09:39,  4.36it/s]
 44%|ΓûêΓûêΓûêΓûêΓûì     | 1971/4500 [07:40<09:32,  4.42it/s]
 44%|ΓûêΓûêΓûêΓûêΓûì     | 1972/4500 [07:40<09:25,  4.47it/s]
 44%|ΓûêΓûêΓûêΓûêΓûì     | 1973/4500 [07:41<09:35,  4.39it/s]
 44%|ΓûêΓûêΓûêΓûêΓûì     | 1974/4500 [07:41<09:38,  4.37it/s]
 44%|ΓûêΓûêΓûêΓûêΓûì     | 1975/4500 [07:41<09:31,  4.42it/s]
 44%|ΓûêΓûêΓûêΓûêΓûì     | 1976/4500 [07:41<09:26,  4.46it/s]
 44%|ΓûêΓûêΓûêΓûêΓûì     | 1977/4500 [07:41<09:31,  4.41it/s]
 44%|ΓûêΓûêΓûêΓûêΓûì     | 1978/4500 [07:42<09:51,  4.26it/s]
 44%|ΓûêΓûêΓûêΓûêΓûì     | 1979/4500 [07:42<09:44,  4.31it/s]
 44%|ΓûêΓûêΓûêΓûêΓûì     | 1980/4500 [07:42<09:39,  4.35it/s]
 44%|ΓûêΓûêΓûêΓûêΓûì     | 1981/4500 [07:42<09:42,  4.32it/s]
 44%|ΓûêΓûêΓûêΓûêΓûì     | 1982/4500 [07:43<10:12,  4.11it/s]
 44%|ΓûêΓûêΓûêΓûêΓûì     | 1983/4500 [07:43<10:20,  4.06it/s]
 44%|ΓûêΓûêΓûêΓûêΓûì     | 1984/4500 [07:43<10:11,  4.12it/s]
 44%|ΓûêΓûêΓûêΓûêΓûì     | 1985/4500 [07:43<10:05,  4.16it/s]
 44%|ΓûêΓûêΓûêΓûêΓûì     | 1986/4500 [07:44<09:56,  4.21it/s]
 44%|ΓûêΓûêΓûêΓûêΓûì     | 1987/4500 [07:44<09:56,  4.22it/s]
 44%|ΓûêΓûêΓûêΓûêΓûì     | 1988/4500 [07:44<09:51,  4.25it/s]
 44%|ΓûêΓûêΓûêΓûêΓûì     | 1989/4500 [07:44<09:49,  4.26it/s]
 44%|ΓûêΓûêΓûêΓûêΓûì     | 1990/4500 [07:45<09:52,  4.23it/s]
 44%|ΓûêΓûêΓûêΓûêΓûì     | 1991/4500 [07:45<09:44,  4.29it/s]
 44%|ΓûêΓûêΓûêΓûêΓûì     | 1992/4500 [07:45<09:36,  4.35it/s]
 44%|ΓûêΓûêΓûêΓûêΓûì     | 1993/4500 [07:45<09:41,  4.31it/s]
 44%|ΓûêΓûêΓûêΓûêΓûì     | 1994/4500 [07:45<10:12,  4.09it/s]
 44%|ΓûêΓûêΓûêΓûêΓûì     | 1995/4500 [07:46<10:16,  4.06it/s]
 44%|ΓûêΓûêΓûêΓûêΓûì     | 1996/4500 [07:46<10:34,  3.95it/s]
 44%|ΓûêΓûêΓûêΓûêΓûì     | 1997/4500 [07:46<10:39,  3.91it/s]
 44%|ΓûêΓûêΓûêΓûêΓûì     | 1998/4500 [07:47<10:58,  3.80it/s]
 44%|ΓûêΓûêΓûêΓûêΓûì     | 1999/4500 [07:47<10:56,  3.81it/s]
 44%|ΓûêΓûêΓûêΓûêΓûì     | 2000/4500 [07:47<11:14,  3.71it/s]
 44%|ΓûêΓûêΓûêΓûêΓûì     | 2001/4500 [07:47<11:14,  3.70it/s]
 44%|ΓûêΓûêΓûêΓûêΓûì     | 2002/4500 [07:48<11:14,  3.70it/s]
 45%|ΓûêΓûêΓûêΓûêΓûì     | 2003/4500 [07:48<11:07,  3.74it/s]
 45%|ΓûêΓûêΓûêΓûêΓûì     | 2004/4500 [07:48<11:06,  3.74it/s]
 45%|ΓûêΓûêΓûêΓûêΓûì     | 2005/4500 [07:48<10:47,  3.85it/s]
 45%|ΓûêΓûêΓûêΓûêΓûì     | 2006/4500 [07:49<10:34,  3.93it/s]
 45%|ΓûêΓûêΓûêΓûêΓûì     | 2007/4500 [07:49<10:50,  3.83it/s]
 45%|ΓûêΓûêΓûêΓûêΓûì     | 2008/4500 [07:49<10:59,  3.78it/s]
 45%|ΓûêΓûêΓûêΓûêΓûì     | 2009/4500 [07:49<11:18,  3.67it/s]
 45%|ΓûêΓûêΓûêΓûêΓûì     | 2010/4500 [07:50<11:27,  3.62it/s]
 45%|ΓûêΓûêΓûêΓûêΓûì     | 2011/4500 [07:50<11:36,  3.58it/s]
 45%|ΓûêΓûêΓûêΓûêΓûì     | 2012/4500 [07:50<11:12,  3.70it/s]
 45%|ΓûêΓûêΓûêΓûêΓûì     | 2013/4500 [07:51<11:12,  3.70it/s]
 45%|ΓûêΓûêΓûêΓûêΓûì     | 2014/4500 [07:51<11:17,  3.67it/s]
 45%|ΓûêΓûêΓûêΓûêΓûì     | 2015/4500 [07:51<11:23,  3.64it/s]
 45%|ΓûêΓûêΓûêΓûêΓûì     | 2016/4500 [07:51<11:32,  3.59it/s]
 45%|ΓûêΓûêΓûêΓûêΓûì     | 2017/4500 [07:52<11:30,  3.60it/s]
 45%|ΓûêΓûêΓûêΓûêΓûì     | 2018/4500 [07:52<11:45,  3.52it/s]
 45%|ΓûêΓûêΓûêΓûêΓûì     | 2019/4500 [07:52<11:53,  3.48it/s]
 45%|ΓûêΓûêΓûêΓûêΓûì     | 2020/4500 [07:53<11:27,  3.61it/s]
 45%|ΓûêΓûêΓûêΓûêΓûì     | 2021/4500 [07:53<11:10,  3.70it/s]
 45%|ΓûêΓûêΓûêΓûêΓûì     | 2022/4500 [07:53<11:07,  3.71it/s]
 45%|ΓûêΓûêΓûêΓûêΓûì     | 2023/4500 [07:53<10:55,  3.78it/s]
 45%|ΓûêΓûêΓûêΓûêΓûì     | 2024/4500 [07:54<11:10,  3.69it/s]
 45%|ΓûêΓûêΓûêΓûêΓûî     | 2025/4500 [07:54<11:09,  3.70it/s]
 45%|ΓûêΓûêΓûêΓûêΓûî     | 2026/4500 [07:54<11:15,  3.66it/s]
 45%|ΓûêΓûêΓûêΓûêΓûî     | 2027/4500 [07:54<10:57,  3.76it/s]
 45%|ΓûêΓûêΓûêΓûêΓûî     | 2028/4500 [07:55<10:38,  3.87it/s]
 45%|ΓûêΓûêΓûêΓûêΓûî     | 2029/4500 [07:55<11:00,  3.74it/s]
 45%|ΓûêΓûêΓûêΓûêΓûî     | 2030/4500 [07:55<10:42,  3.84it/s]
 45%|ΓûêΓûêΓûêΓûêΓûî     | 2031/4500 [07:55<10:43,  3.84it/s]
 45%|ΓûêΓûêΓûêΓûêΓûî     | 2032/4500 [07:56<10:51,  3.79it/s]
 45%|ΓûêΓûêΓûêΓûêΓûî     | 2033/4500 [07:56<10:47,  3.81it/s]
 45%|ΓûêΓûêΓûêΓûêΓûî     | 2034/4500 [07:56<10:25,  3.94it/s]
 45%|ΓûêΓûêΓûêΓûêΓûî     | 2035/4500 [07:56<10:29,  3.92it/s]
 45%|ΓûêΓûêΓûêΓûêΓûî     | 2036/4500 [07:57<10:19,  3.98it/s]
 45%|ΓûêΓûêΓûêΓûêΓûî     | 2037/4500 [07:57<10:26,  3.93it/s]
 45%|ΓûêΓûêΓûêΓûêΓûî     | 2038/4500 [07:57<10:32,  3.89it/s]
 45%|ΓûêΓûêΓûêΓûêΓûî     | 2039/4500 [07:57<10:37,  3.86it/s]
 45%|ΓûêΓûêΓûêΓûêΓûî     | 2040/4500 [07:58<10:33,  3.88it/s]
 45%|ΓûêΓûêΓûêΓûêΓûî     | 2041/4500 [07:58<10:14,  4.00it/s]
 45%|ΓûêΓûêΓûêΓûêΓûî     | 2042/4500 [07:58<10:03,  4.07it/s]
 45%|ΓûêΓûêΓûêΓûêΓûî     | 2043/4500 [07:58<10:28,  3.91it/s]
 45%|ΓûêΓûêΓûêΓûêΓûî     | 2044/4500 [07:59<10:13,  4.01it/s]
 45%|ΓûêΓûêΓûêΓûêΓûî     | 2045/4500 [07:59<10:06,  4.05it/s]
 45%|ΓûêΓûêΓûêΓûêΓûî     | 2046/4500 [07:59<10:08,  4.04it/s]
 45%|ΓûêΓûêΓûêΓûêΓûî     | 2047/4500 [07:59<10:05,  4.05it/s]
 46%|ΓûêΓûêΓûêΓûêΓûî     | 2048/4500 [08:00<10:04,  4.06it/s]
 46%|ΓûêΓûêΓûêΓûêΓûî     | 2049/4500 [08:00<11:53,  3.43it/s]
 46%|ΓûêΓûêΓûêΓûêΓûî     | 2050/4500 [08:01<13:42,  2.98it/s]
 46%|ΓûêΓûêΓûêΓûêΓûî     | 2051/4500 [08:01<14:07,  2.89it/s]
 46%|ΓûêΓûêΓûêΓûêΓûî     | 2052/4500 [08:01<14:02,  2.91it/s]
 46%|ΓûêΓûêΓûêΓûêΓûî     | 2053/4500 [08:02<13:50,  2.95it/s]
 46%|ΓûêΓûêΓûêΓûêΓûî     | 2054/4500 [08:02<13:19,  3.06it/s]
 46%|ΓûêΓûêΓûêΓûêΓûî     | 2055/4500 [08:02<12:44,  3.20it/s]
 46%|ΓûêΓûêΓûêΓûêΓûî     | 2056/4500 [08:02<12:23,  3.29it/s]
 46%|ΓûêΓûêΓûêΓûêΓûî     | 2057/4500 [08:03<11:55,  3.41it/s]
 46%|ΓûêΓûêΓûêΓûêΓûî     | 2058/4500 [08:03<11:33,  3.52it/s]
 46%|ΓûêΓûêΓûêΓûêΓûî     | 2059/4500 [08:03<11:04,  3.68it/s]
 46%|ΓûêΓûêΓûêΓûêΓûî     | 2060/4500 [08:03<11:00,  3.70it/s]
 46%|ΓûêΓûêΓûêΓûêΓûî     | 2061/4500 [08:04<10:24,  3.91it/s]
 46%|ΓûêΓûêΓûêΓûêΓûî     | 2062/4500 [08:04<10:00,  4.06it/s]
 46%|ΓûêΓûêΓûêΓûêΓûî     | 2063/4500 [08:04<09:57,  4.08it/s]
 46%|ΓûêΓûêΓûêΓûêΓûî     | 2064/4500 [08:04<09:40,  4.19it/s]
 46%|ΓûêΓûêΓûêΓûêΓûî     | 2065/4500 [08:05<09:25,  4.30it/s]
 46%|ΓûêΓûêΓûêΓûêΓûî     | 2066/4500 [08:05<09:16,  4.37it/s]
 46%|ΓûêΓûêΓûêΓûêΓûî     | 2067/4500 [08:05<10:14,  3.96it/s]
 46%|ΓûêΓûêΓûêΓûêΓûî     | 2068/4500 [08:05<09:46,  4.14it/s]
 46%|ΓûêΓûêΓûêΓûêΓûî     | 2069/4500 [08:06<09:36,  4.22it/s]
 46%|ΓûêΓûêΓûêΓûêΓûî     | 2070/4500 [08:06<09:43,  4.16it/s]
 46%|ΓûêΓûêΓûêΓûêΓûî     | 2071/4500 [08:06<09:31,  4.25it/s]
 46%|ΓûêΓûêΓûêΓûêΓûî     | 2072/4500 [08:06<09:22,  4.31it/s]
 46%|ΓûêΓûêΓûêΓûêΓûî     | 2073/4500 [08:07<09:39,  4.19it/s]
 46%|ΓûêΓûêΓûêΓûêΓûî     | 2074/4500 [08:07<09:41,  4.17it/s]
 46%|ΓûêΓûêΓûêΓûêΓûî     | 2075/4500 [08:07<09:41,  4.17it/s]
 46%|ΓûêΓûêΓûêΓûêΓûî     | 2076/4500 [08:07<09:28,  4.26it/s]
 46%|ΓûêΓûêΓûêΓûêΓûî     | 2077/4500 [08:07<09:15,  4.36it/s]
 46%|ΓûêΓûêΓûêΓûêΓûî     | 2078/4500 [08:08<09:09,  4.40it/s]
 46%|ΓûêΓûêΓûêΓûêΓûî     | 2079/4500 [08:08<08:48,  4.58it/s]
 46%|ΓûêΓûêΓûêΓûêΓûî     | 2080/4500 [08:08<08:54,  4.53it/s]
 46%|ΓûêΓûêΓûêΓûêΓûî     | 2081/4500 [08:08<08:55,  4.51it/s]
 46%|ΓûêΓûêΓûêΓûêΓûï     | 2082/4500 [08:09<08:51,  4.55it/s]
 46%|ΓûêΓûêΓûêΓûêΓûï     | 2083/4500 [08:09<09:08,  4.41it/s]
 46%|ΓûêΓûêΓûêΓûêΓûï     | 2084/4500 [08:09<09:10,  4.39it/s]
 46%|ΓûêΓûêΓûêΓûêΓûï     | 2085/4500 [08:09<09:39,  4.17it/s]
 46%|ΓûêΓûêΓûêΓûêΓûï     | 2086/4500 [08:10<09:36,  4.19it/s]
 46%|ΓûêΓûêΓûêΓûêΓûï     | 2087/4500 [08:10<09:24,  4.28it/s]
 46%|ΓûêΓûêΓûêΓûêΓûï     | 2088/4500 [08:10<09:34,  4.20it/s]
 46%|ΓûêΓûêΓûêΓûêΓûï     | 2089/4500 [08:10<10:25,  3.85it/s]
 46%|ΓûêΓûêΓûêΓûêΓûï     | 2090/4500 [08:11<09:58,  4.03it/s]
 46%|ΓûêΓûêΓûêΓûêΓûï     | 2091/4500 [08:11<09:40,  4.15it/s]
 46%|ΓûêΓûêΓûêΓûêΓûï     | 2092/4500 [08:11<09:45,  4.11it/s]
 47%|ΓûêΓûêΓûêΓûêΓûï     | 2093/4500 [08:11<09:39,  4.15it/s]
 47%|ΓûêΓûêΓûêΓûêΓûï     | 2094/4500 [08:11<09:26,  4.25it/s]
 47%|ΓûêΓûêΓûêΓûêΓûï     | 2095/4500 [08:12<09:16,  4.32it/s]
 47%|ΓûêΓûêΓûêΓûêΓûï     | 2096/4500 [08:12<09:02,  4.43it/s]
 47%|ΓûêΓûêΓûêΓûêΓûï     | 2097/4500 [08:12<09:17,  4.31it/s]
 47%|ΓûêΓûêΓûêΓûêΓûï     | 2098/4500 [08:12<09:08,  4.38it/s]
 47%|ΓûêΓûêΓûêΓûêΓûï     | 2099/4500 [08:13<09:07,  4.38it/s]
 47%|ΓûêΓûêΓûêΓûêΓûï     | 2100/4500 [08:13<09:00,  4.44it/s]
 47%|ΓûêΓûêΓûêΓûêΓûï     | 2101/4500 [08:13<09:11,  4.35it/s]
 47%|ΓûêΓûêΓûêΓûêΓûï     | 2102/4500 [08:13<09:16,  4.31it/s]
 47%|ΓûêΓûêΓûêΓûêΓûï     | 2103/4500 [08:14<09:19,  4.28it/s]
 47%|ΓûêΓûêΓûêΓûêΓûï     | 2104/4500 [08:14<09:15,  4.31it/s]
 47%|ΓûêΓûêΓûêΓûêΓûï     | 2105/4500 [08:14<09:16,  4.31it/s]
 47%|ΓûêΓûêΓûêΓûêΓûï     | 2106/4500 [08:14<09:26,  4.22it/s]
 47%|ΓûêΓûêΓûêΓûêΓûï     | 2107/4500 [08:14<09:17,  4.30it/s]
 47%|ΓûêΓûêΓûêΓûêΓûï     | 2108/4500 [08:15<09:22,  4.25it/s]
 47%|ΓûêΓûêΓûêΓûêΓûï     | 2109/4500 [08:15<09:25,  4.23it/s]
 47%|ΓûêΓûêΓûêΓûêΓûï     | 2110/4500 [08:15<09:12,  4.33it/s]
 47%|ΓûêΓûêΓûêΓûêΓûï     | 2111/4500 [08:15<09:17,  4.29it/s]
 47%|ΓûêΓûêΓûêΓûêΓûï     | 2112/4500 [08:16<09:16,  4.29it/s]
 47%|ΓûêΓûêΓûêΓûêΓûï     | 2113/4500 [08:16<08:59,  4.42it/s]
 47%|ΓûêΓûêΓûêΓûêΓûï     | 2114/4500 [08:16<09:24,  4.23it/s]
 47%|ΓûêΓûêΓûêΓûêΓûï     | 2115/4500 [08:16<09:10,  4.33it/s]
 47%|ΓûêΓûêΓûêΓûêΓûï     | 2116/4500 [08:17<09:19,  4.26it/s]
 47%|ΓûêΓûêΓûêΓûêΓûï     | 2117/4500 [08:17<09:26,  4.20it/s]
 47%|ΓûêΓûêΓûêΓûêΓûï     | 2118/4500 [08:17<09:16,  4.28it/s]
 47%|ΓûêΓûêΓûêΓûêΓûï     | 2119/4500 [08:17<09:10,  4.33it/s]
 47%|ΓûêΓûêΓûêΓûêΓûï     | 2120/4500 [08:17<09:05,  4.36it/s]
 47%|ΓûêΓûêΓûêΓûêΓûï     | 2121/4500 [08:18<08:58,  4.42it/s]
 47%|ΓûêΓûêΓûêΓûêΓûï     | 2122/4500 [08:18<09:08,  4.34it/s]
 47%|ΓûêΓûêΓûêΓûêΓûï     | 2123/4500 [08:18<10:09,  3.90it/s]
 47%|ΓûêΓûêΓûêΓûêΓûï     | 2124/4500 [08:18<09:43,  4.07it/s]
 47%|ΓûêΓûêΓûêΓûêΓûï     | 2125/4500 [08:19<09:35,  4.12it/s]
 47%|ΓûêΓûêΓûêΓûêΓûï     | 2126/4500 [08:19<09:17,  4.26it/s]
 47%|ΓûêΓûêΓûêΓûêΓûï     | 2127/4500 [08:19<09:21,  4.23it/s]
 47%|ΓûêΓûêΓûêΓûêΓûï     | 2128/4500 [08:19<09:06,  4.34it/s]
 47%|ΓûêΓûêΓûêΓûêΓûï     | 2129/4500 [08:20<09:08,  4.32it/s]
 47%|ΓûêΓûêΓûêΓûêΓûï     | 2130/4500 [08:20<09:07,  4.33it/s]
 47%|ΓûêΓûêΓûêΓûêΓûï     | 2131/4500 [08:20<09:06,  4.33it/s]
 47%|ΓûêΓûêΓûêΓûêΓûï     | 2132/4500 [08:20<09:20,  4.22it/s]
 47%|ΓûêΓûêΓûêΓûêΓûï     | 2133/4500 [08:21<09:20,  4.22it/s]
 47%|ΓûêΓûêΓûêΓûêΓûï     | 2134/4500 [08:21<09:14,  4.26it/s]
 47%|ΓûêΓûêΓûêΓûêΓûï     | 2135/4500 [08:21<09:42,  4.06it/s]
 47%|ΓûêΓûêΓûêΓûêΓûï     | 2136/4500 [08:21<09:27,  4.16it/s]
 47%|ΓûêΓûêΓûêΓûêΓûï     | 2137/4500 [08:22<09:19,  4.22it/s]
 48%|ΓûêΓûêΓûêΓûêΓûè     | 2138/4500 [08:22<09:37,  4.09it/s]
 48%|ΓûêΓûêΓûêΓûêΓûè     | 2139/4500 [08:22<09:35,  4.10it/s]
 48%|ΓûêΓûêΓûêΓûêΓûè     | 2140/4500 [08:22<09:14,  4.26it/s]
 48%|ΓûêΓûêΓûêΓûêΓûè     | 2141/4500 [08:22<09:16,  4.24it/s]
 48%|ΓûêΓûêΓûêΓûêΓûè     | 2142/4500 [08:23<09:17,  4.23it/s]
 48%|ΓûêΓûêΓûêΓûêΓûè     | 2143/4500 [08:23<08:59,  4.37it/s]
 48%|ΓûêΓûêΓûêΓûêΓûè     | 2144/4500 [08:23<09:15,  4.24it/s]
 48%|ΓûêΓûêΓûêΓûêΓûè     | 2145/4500 [08:23<09:05,  4.32it/s]
 48%|ΓûêΓûêΓûêΓûêΓûè     | 2146/4500 [08:24<08:56,  4.39it/s]
 48%|ΓûêΓûêΓûêΓûêΓûè     | 2147/4500 [08:24<08:45,  4.47it/s]
 48%|ΓûêΓûêΓûêΓûêΓûè     | 2148/4500 [08:24<08:41,  4.51it/s]
 48%|ΓûêΓûêΓûêΓûêΓûè     | 2149/4500 [08:24<08:45,  4.47it/s]
 48%|ΓûêΓûêΓûêΓûêΓûè     | 2150/4500 [08:25<08:59,  4.36it/s]
 48%|ΓûêΓûêΓûêΓûêΓûè     | 2151/4500 [08:25<08:55,  4.39it/s]
 48%|ΓûêΓûêΓûêΓûêΓûè     | 2152/4500 [08:25<09:00,  4.34it/s]
 48%|ΓûêΓûêΓûêΓûêΓûè     | 2153/4500 [08:25<08:50,  4.42it/s]
 48%|ΓûêΓûêΓûêΓûêΓûè     | 2154/4500 [08:25<08:46,  4.45it/s]
 48%|ΓûêΓûêΓûêΓûêΓûè     | 2155/4500 [08:26<08:37,  4.54it/s]
 48%|ΓûêΓûêΓûêΓûêΓûè     | 2156/4500 [08:26<08:41,  4.49it/s]
 48%|ΓûêΓûêΓûêΓûêΓûè     | 2157/4500 [08:26<08:40,  4.50it/s]
 48%|ΓûêΓûêΓûêΓûêΓûè     | 2158/4500 [08:26<08:42,  4.48it/s]
 48%|ΓûêΓûêΓûêΓûêΓûè     | 2159/4500 [08:27<08:52,  4.40it/s]
 48%|ΓûêΓûêΓûêΓûêΓûè     | 2160/4500 [08:27<08:57,  4.35it/s]
 48%|ΓûêΓûêΓûêΓûêΓûè     | 2161/4500 [08:27<09:18,  4.19it/s]
 48%|ΓûêΓûêΓûêΓûêΓûè     | 2162/4500 [08:27<08:59,  4.34it/s]
 48%|ΓûêΓûêΓûêΓûêΓûè     | 2163/4500 [08:27<08:52,  4.39it/s]
 48%|ΓûêΓûêΓûêΓûêΓûè     | 2164/4500 [08:28<08:42,  4.47it/s]
 48%|ΓûêΓûêΓûêΓûêΓûè     | 2165/4500 [08:28<08:54,  4.37it/s]
 48%|ΓûêΓûêΓûêΓûêΓûè     | 2166/4500 [08:28<08:43,  4.46it/s]
 48%|ΓûêΓûêΓûêΓûêΓûè     | 2167/4500 [08:28<09:04,  4.28it/s]
 48%|ΓûêΓûêΓûêΓûêΓûè     | 2168/4500 [08:29<09:10,  4.24it/s]
 48%|ΓûêΓûêΓûêΓûêΓûè     | 2169/4500 [08:29<08:49,  4.40it/s]
 48%|ΓûêΓûêΓûêΓûêΓûè     | 2170/4500 [08:29<08:56,  4.35it/s]
 48%|ΓûêΓûêΓûêΓûêΓûè     | 2171/4500 [08:29<08:46,  4.42it/s]
 48%|ΓûêΓûêΓûêΓûêΓûè     | 2172/4500 [08:30<08:47,  4.41it/s]
 48%|ΓûêΓûêΓûêΓûêΓûè     | 2173/4500 [08:30<08:59,  4.31it/s]
 48%|ΓûêΓûêΓûêΓûêΓûè     | 2174/4500 [08:30<09:03,  4.28it/s]
 48%|ΓûêΓûêΓûêΓûêΓûè     | 2175/4500 [08:30<09:06,  4.26it/s]
 48%|ΓûêΓûêΓûêΓûêΓûè     | 2176/4500 [08:30<08:55,  4.34it/s]
 48%|ΓûêΓûêΓûêΓûêΓûè     | 2177/4500 [08:31<08:53,  4.35it/s]
 48%|ΓûêΓûêΓûêΓûêΓûè     | 2178/4500 [08:31<08:58,  4.32it/s]
 48%|ΓûêΓûêΓûêΓûêΓûè     | 2179/4500 [08:31<09:05,  4.25it/s]
 48%|ΓûêΓûêΓûêΓûêΓûè     | 2180/4500 [08:31<09:02,  4.28it/s]
 48%|ΓûêΓûêΓûêΓûêΓûè     | 2181/4500 [08:32<09:06,  4.24it/s]
 48%|ΓûêΓûêΓûêΓûêΓûè     | 2182/4500 [08:32<09:18,  4.15it/s]
 49%|ΓûêΓûêΓûêΓûêΓûè     | 2183/4500 [08:32<09:14,  4.18it/s]
 49%|ΓûêΓûêΓûêΓûêΓûè     | 2184/4500 [08:32<09:10,  4.21it/s]
 49%|ΓûêΓûêΓûêΓûêΓûè     | 2185/4500 [08:33<08:44,  4.42it/s]
 49%|ΓûêΓûêΓûêΓûêΓûè     | 2186/4500 [08:33<08:44,  4.41it/s]
 49%|ΓûêΓûêΓûêΓûêΓûè     | 2187/4500 [08:33<08:40,  4.45it/s]
 49%|ΓûêΓûêΓûêΓûêΓûè     | 2188/4500 [08:33<08:34,  4.49it/s]
 49%|ΓûêΓûêΓûêΓûêΓûè     | 2189/4500 [08:33<08:45,  4.40it/s]
 49%|ΓûêΓûêΓûêΓûêΓûè     | 2190/4500 [08:34<09:09,  4.20it/s]
 49%|ΓûêΓûêΓûêΓûêΓûè     | 2191/4500 [08:34<08:56,  4.31it/s]
 49%|ΓûêΓûêΓûêΓûêΓûè     | 2192/4500 [08:34<08:36,  4.47it/s]
 49%|ΓûêΓûêΓûêΓûêΓûè     | 2193/4500 [08:34<08:53,  4.32it/s]
 49%|ΓûêΓûêΓûêΓûêΓûë     | 2194/4500 [08:35<08:54,  4.31it/s]
 49%|ΓûêΓûêΓûêΓûêΓûë     | 2195/4500 [08:35<08:48,  4.37it/s]
 49%|ΓûêΓûêΓûêΓûêΓûë     | 2196/4500 [08:35<08:52,  4.33it/s]
 49%|ΓûêΓûêΓûêΓûêΓûë     | 2197/4500 [08:35<09:01,  4.25it/s]
 49%|ΓûêΓûêΓûêΓûêΓûë     | 2198/4500 [08:36<09:12,  4.16it/s]
 49%|ΓûêΓûêΓûêΓûêΓûë     | 2199/4500 [08:36<09:06,  4.21it/s]
 49%|ΓûêΓûêΓûêΓûêΓûë     | 2200/4500 [08:36<09:02,  4.24it/s]
 49%|ΓûêΓûêΓûêΓûêΓûë     | 2201/4500 [08:36<08:52,  4.32it/s]
 49%|ΓûêΓûêΓûêΓûêΓûë     | 2202/4500 [08:37<08:57,  4.27it/s]
 49%|ΓûêΓûêΓûêΓûêΓûë     | 2203/4500 [08:37<08:59,  4.26it/s]
 49%|ΓûêΓûêΓûêΓûêΓûë     | 2204/4500 [08:37<08:44,  4.37it/s]
 49%|ΓûêΓûêΓûêΓûêΓûë     | 2205/4500 [08:37<08:52,  4.31it/s]
 49%|ΓûêΓûêΓûêΓûêΓûë     | 2206/4500 [08:37<08:46,  4.35it/s]
 49%|ΓûêΓûêΓûêΓûêΓûë     | 2207/4500 [08:38<08:38,  4.42it/s]
 49%|ΓûêΓûêΓûêΓûêΓûë     | 2208/4500 [08:38<08:28,  4.51it/s]
 49%|ΓûêΓûêΓûêΓûêΓûë     | 2209/4500 [08:38<08:22,  4.56it/s]
 49%|ΓûêΓûêΓûêΓûêΓûë     | 2210/4500 [08:38<08:33,  4.46it/s]
 49%|ΓûêΓûêΓûêΓûêΓûë     | 2211/4500 [08:39<08:35,  4.44it/s]
 49%|ΓûêΓûêΓûêΓûêΓûë     | 2212/4500 [08:39<08:30,  4.48it/s]
 49%|ΓûêΓûêΓûêΓûêΓûë     | 2213/4500 [08:39<08:38,  4.41it/s]
 49%|ΓûêΓûêΓûêΓûêΓûë     | 2214/4500 [08:39<08:30,  4.48it/s]
 49%|ΓûêΓûêΓûêΓûêΓûë     | 2215/4500 [08:39<08:21,  4.56it/s]
 49%|ΓûêΓûêΓûêΓûêΓûë     | 2216/4500 [08:40<08:25,  4.52it/s]
 49%|ΓûêΓûêΓûêΓûêΓûë     | 2217/4500 [08:40<08:19,  4.57it/s]
 49%|ΓûêΓûêΓûêΓûêΓûë     | 2218/4500 [08:40<08:32,  4.45it/s]
 49%|ΓûêΓûêΓûêΓûêΓûë     | 2219/4500 [08:40<08:23,  4.53it/s]
 49%|ΓûêΓûêΓûêΓûêΓûë     | 2220/4500 [08:41<08:27,  4.49it/s]
 49%|ΓûêΓûêΓûêΓûêΓûë     | 2221/4500 [08:41<08:39,  4.38it/s]
 49%|ΓûêΓûêΓûêΓûêΓûë     | 2222/4500 [08:41<08:49,  4.30it/s]
 49%|ΓûêΓûêΓûêΓûêΓûë     | 2223/4500 [08:41<08:57,  4.23it/s]
 49%|ΓûêΓûêΓûêΓûêΓûë     | 2224/4500 [08:41<08:52,  4.28it/s]
 49%|ΓûêΓûêΓûêΓûêΓûë     | 2225/4500 [08:42<08:51,  4.28it/s]
 49%|ΓûêΓûêΓûêΓûêΓûë     | 2226/4500 [08:42<08:42,  4.35it/s]
 49%|ΓûêΓûêΓûêΓûêΓûë     | 2227/4500 [08:42<08:43,  4.35it/s]
 50%|ΓûêΓûêΓûêΓûêΓûë     | 2228/4500 [08:42<08:51,  4.27it/s]
 50%|ΓûêΓûêΓûêΓûêΓûë     | 2229/4500 [08:43<08:55,  4.24it/s]
 50%|ΓûêΓûêΓûêΓûêΓûë     | 2230/4500 [08:43<08:59,  4.21it/s]
 50%|ΓûêΓûêΓûêΓûêΓûë     | 2231/4500 [08:43<09:04,  4.16it/s]
 50%|ΓûêΓûêΓûêΓûêΓûë     | 2232/4500 [08:43<09:00,  4.20it/s]
 50%|ΓûêΓûêΓûêΓûêΓûë     | 2233/4500 [08:44<08:55,  4.24it/s]
 50%|ΓûêΓûêΓûêΓûêΓûë     | 2234/4500 [08:44<08:39,  4.36it/s]
 50%|ΓûêΓûêΓûêΓûêΓûë     | 2235/4500 [08:44<08:36,  4.39it/s]
 50%|ΓûêΓûêΓûêΓûêΓûë     | 2236/4500 [08:44<08:37,  4.37it/s]
 50%|ΓûêΓûêΓûêΓûêΓûë     | 2237/4500 [08:44<08:34,  4.40it/s]
 50%|ΓûêΓûêΓûêΓûêΓûë     | 2238/4500 [08:45<08:24,  4.48it/s]
 50%|ΓûêΓûêΓûêΓûêΓûë     | 2239/4500 [08:45<08:32,  4.41it/s]
 50%|ΓûêΓûêΓûêΓûêΓûë     | 2240/4500 [08:45<08:29,  4.44it/s]
 50%|ΓûêΓûêΓûêΓûêΓûë     | 2241/4500 [08:45<08:41,  4.34it/s]
 50%|ΓûêΓûêΓûêΓûêΓûë     | 2242/4500 [08:46<08:43,  4.31it/s]
 50%|ΓûêΓûêΓûêΓûêΓûë     | 2243/4500 [08:46<08:28,  4.44it/s]
 50%|ΓûêΓûêΓûêΓûêΓûë     | 2244/4500 [08:46<08:35,  4.38it/s]
 50%|ΓûêΓûêΓûêΓûêΓûë     | 2245/4500 [08:46<08:26,  4.45it/s]
 50%|ΓûêΓûêΓûêΓûêΓûë     | 2246/4500 [08:47<08:22,  4.48it/s]
 50%|ΓûêΓûêΓûêΓûêΓûë     | 2247/4500 [08:47<08:21,  4.49it/s]
 50%|ΓûêΓûêΓûêΓûêΓûë     | 2248/4500 [08:47<08:36,  4.36it/s]
 50%|ΓûêΓûêΓûêΓûêΓûë     | 2249/4500 [08:47<08:28,  4.43it/s]
 50%|ΓûêΓûêΓûêΓûêΓûê     | 2250/4500 [08:47<08:34,  4.37it/s]
 50%|ΓûêΓûêΓûêΓûêΓûê     | 2251/4500 [08:48<08:27,  4.43it/s]
 50%|ΓûêΓûêΓûêΓûêΓûê     | 2252/4500 [08:48<08:20,  4.49it/s]
 50%|ΓûêΓûêΓûêΓûêΓûê     | 2253/4500 [08:48<08:24,  4.45it/s]
 50%|ΓûêΓûêΓûêΓûêΓûê     | 2254/4500 [08:48<08:20,  4.48it/s]
 50%|ΓûêΓûêΓûêΓûêΓûê     | 2255/4500 [08:49<08:13,  4.55it/s]
 50%|ΓûêΓûêΓûêΓûêΓûê     | 2256/4500 [08:49<08:46,  4.26it/s]
 50%|ΓûêΓûêΓûêΓûêΓûê     | 2257/4500 [08:49<09:36,  3.89it/s]
 50%|ΓûêΓûêΓûêΓûêΓûê     | 2258/4500 [08:49<09:37,  3.89it/s]
 50%|ΓûêΓûêΓûêΓûêΓûê     | 2259/4500 [08:50<09:33,  3.91it/s]
 50%|ΓûêΓûêΓûêΓûêΓûê     | 2260/4500 [08:50<09:08,  4.09it/s]
 50%|ΓûêΓûêΓûêΓûêΓûê     | 2261/4500 [08:50<08:47,  4.24it/s]
 50%|ΓûêΓûêΓûêΓûêΓûê     | 2262/4500 [08:50<08:43,  4.27it/s]
 50%|ΓûêΓûêΓûêΓûêΓûê     | 2263/4500 [08:51<09:10,  4.06it/s]
 50%|ΓûêΓûêΓûêΓûêΓûê     | 2264/4500 [08:51<08:58,  4.15it/s]
 50%|ΓûêΓûêΓûêΓûêΓûê     | 2265/4500 [08:51<08:42,  4.28it/s]
 50%|ΓûêΓûêΓûêΓûêΓûê     | 2266/4500 [08:51<08:26,  4.41it/s]
 50%|ΓûêΓûêΓûêΓûêΓûê     | 2267/4500 [08:51<08:12,  4.54it/s]
 50%|ΓûêΓûêΓûêΓûêΓûê     | 2268/4500 [08:52<08:19,  4.47it/s]
 50%|ΓûêΓûêΓûêΓûêΓûê     | 2269/4500 [08:52<08:15,  4.51it/s]
 50%|ΓûêΓûêΓûêΓûêΓûê     | 2270/4500 [08:52<08:18,  4.47it/s]
 50%|ΓûêΓûêΓûêΓûêΓûê     | 2271/4500 [08:52<08:17,  4.48it/s]
 50%|ΓûêΓûêΓûêΓûêΓûê     | 2272/4500 [08:53<08:20,  4.46it/s]
 51%|ΓûêΓûêΓûêΓûêΓûê     | 2273/4500 [08:53<08:16,  4.48it/s]
 51%|ΓûêΓûêΓûêΓûêΓûê     | 2274/4500 [08:53<08:18,  4.47it/s]
 51%|ΓûêΓûêΓûêΓûêΓûê     | 2275/4500 [08:53<08:25,  4.40it/s]
 51%|ΓûêΓûêΓûêΓûêΓûê     | 2276/4500 [08:53<08:10,  4.54it/s]
 51%|ΓûêΓûêΓûêΓûêΓûê     | 2277/4500 [08:54<08:12,  4.52it/s]
 51%|ΓûêΓûêΓûêΓûêΓûê     | 2278/4500 [08:54<08:19,  4.45it/s]
 51%|ΓûêΓûêΓûêΓûêΓûê     | 2279/4500 [08:54<08:15,  4.48it/s]
 51%|ΓûêΓûêΓûêΓûêΓûê     | 2280/4500 [08:54<08:11,  4.52it/s]
 51%|ΓûêΓûêΓûêΓûêΓûê     | 2281/4500 [08:55<08:09,  4.53it/s]
 51%|ΓûêΓûêΓûêΓûêΓûê     | 2282/4500 [08:55<08:15,  4.48it/s]
 51%|ΓûêΓûêΓûêΓûêΓûê     | 2283/4500 [08:55<08:13,  4.49it/s]
 51%|ΓûêΓûêΓûêΓûêΓûê     | 2284/4500 [08:55<09:00,  4.10it/s]
 51%|ΓûêΓûêΓûêΓûêΓûê     | 2285/4500 [08:56<10:22,  3.56it/s]
 51%|ΓûêΓûêΓûêΓûêΓûê     | 2286/4500 [08:56<11:37,  3.18it/s]
 51%|ΓûêΓûêΓûêΓûêΓûê     | 2287/4500 [08:56<10:57,  3.37it/s]
 51%|ΓûêΓûêΓûêΓûêΓûê     | 2288/4500 [08:57<09:59,  3.69it/s]
 51%|ΓûêΓûêΓûêΓûêΓûê     | 2289/4500 [08:57<09:21,  3.94it/s]
 51%|ΓûêΓûêΓûêΓûêΓûê     | 2290/4500 [08:57<08:58,  4.10it/s]
 51%|ΓûêΓûêΓûêΓûêΓûê     | 2291/4500 [08:57<08:59,  4.09it/s]
 51%|ΓûêΓûêΓûêΓûêΓûê     | 2292/4500 [08:57<08:56,  4.12it/s]
 51%|ΓûêΓûêΓûêΓûêΓûê     | 2293/4500 [08:58<08:37,  4.27it/s]
 51%|ΓûêΓûêΓûêΓûêΓûê     | 2294/4500 [08:58<08:43,  4.21it/s]
 51%|ΓûêΓûêΓûêΓûêΓûê     | 2295/4500 [08:58<08:28,  4.33it/s]
 51%|ΓûêΓûêΓûêΓûêΓûê     | 2296/4500 [08:58<08:28,  4.33it/s]
 51%|ΓûêΓûêΓûêΓûêΓûê     | 2297/4500 [08:59<08:27,  4.34it/s]
 51%|ΓûêΓûêΓûêΓûêΓûê     | 2298/4500 [08:59<08:15,  4.45it/s]
 51%|ΓûêΓûêΓûêΓûêΓûê     | 2299/4500 [08:59<08:23,  4.37it/s]
 51%|ΓûêΓûêΓûêΓûêΓûê     | 2300/4500 [08:59<08:28,  4.33it/s]
 51%|ΓûêΓûêΓûêΓûêΓûê     | 2301/4500 [08:59<08:23,  4.37it/s]
 51%|ΓûêΓûêΓûêΓûêΓûê     | 2302/4500 [09:00<08:19,  4.40it/s]
 51%|ΓûêΓûêΓûêΓûêΓûê     | 2303/4500 [09:00<08:11,  4.47it/s]
 51%|ΓûêΓûêΓûêΓûêΓûê     | 2304/4500 [09:00<08:10,  4.48it/s]
 51%|ΓûêΓûêΓûêΓûêΓûê     | 2305/4500 [09:00<08:08,  4.49it/s]
 51%|ΓûêΓûêΓûêΓûêΓûê     | 2306/4500 [09:01<08:16,  4.42it/s]
 51%|ΓûêΓûêΓûêΓûêΓûêΓûÅ    | 2307/4500 [09:01<08:33,  4.27it/s]
 51%|ΓûêΓûêΓûêΓûêΓûêΓûÅ    | 2308/4500 [09:01<08:57,  4.08it/s]
 51%|ΓûêΓûêΓûêΓûêΓûêΓûÅ    | 2309/4500 [09:02<10:25,  3.50it/s]
 51%|ΓûêΓûêΓûêΓûêΓûêΓûÅ    | 2310/4500 [09:02<11:56,  3.06it/s]
 51%|ΓûêΓûêΓûêΓûêΓûêΓûÅ    | 2312/4500 [09:02<08:48,  4.14it/s]
 51%|ΓûêΓûêΓûêΓûêΓûêΓûÅ    | 2313/4500 [09:02<08:38,  4.22it/s]
 51%|ΓûêΓûêΓûêΓûêΓûêΓûÅ    | 2314/4500 [09:03<08:29,  4.29it/s]
 51%|ΓûêΓûêΓûêΓûêΓûêΓûÅ    | 2315/4500 [09:03<08:21,  4.36it/s]
 51%|ΓûêΓûêΓûêΓûêΓûêΓûÅ    | 2316/4500 [09:03<08:23,  4.34it/s]
 51%|ΓûêΓûêΓûêΓûêΓûêΓûÅ    | 2317/4500 [09:03<08:10,  4.45it/s]
 52%|ΓûêΓûêΓûêΓûêΓûêΓûÅ    | 2318/4500 [09:04<08:07,  4.48it/s]
 52%|ΓûêΓûêΓûêΓûêΓûêΓûÅ    | 2319/4500 [09:04<08:17,  4.39it/s]
 52%|ΓûêΓûêΓûêΓûêΓûêΓûÅ    | 2320/4500 [09:04<08:17,  4.38it/s]
 52%|ΓûêΓûêΓûêΓûêΓûêΓûÅ    | 2321/4500 [09:04<08:29,  4.28it/s]
 52%|ΓûêΓûêΓûêΓûêΓûêΓûÅ    | 2322/4500 [09:04<08:16,  4.39it/s]
 52%|ΓûêΓûêΓûêΓûêΓûêΓûÅ    | 2323/4500 [09:05<08:12,  4.42it/s]
 52%|ΓûêΓûêΓûêΓûêΓûêΓûÅ    | 2324/4500 [09:05<08:27,  4.29it/s]
 52%|ΓûêΓûêΓûêΓûêΓûêΓûÅ    | 2325/4500 [09:05<08:51,  4.09it/s]
 52%|ΓûêΓûêΓûêΓûêΓûêΓûÅ    | 2326/4500 [09:05<08:45,  4.13it/s]
 52%|ΓûêΓûêΓûêΓûêΓûêΓûÅ    | 2327/4500 [09:06<08:25,  4.30it/s]
 52%|ΓûêΓûêΓûêΓûêΓûêΓûÅ    | 2328/4500 [09:06<08:30,  4.26it/s]
 52%|ΓûêΓûêΓûêΓûêΓûêΓûÅ    | 2329/4500 [09:06<08:23,  4.31it/s]
 52%|ΓûêΓûêΓûêΓûêΓûêΓûÅ    | 2330/4500 [09:06<08:34,  4.22it/s]
 52%|ΓûêΓûêΓûêΓûêΓûêΓûÅ    | 2331/4500 [09:07<08:20,  4.33it/s]
 52%|ΓûêΓûêΓûêΓûêΓûêΓûÅ    | 2332/4500 [09:07<08:11,  4.41it/s]
 52%|ΓûêΓûêΓûêΓûêΓûêΓûÅ    | 2333/4500 [09:07<08:16,  4.36it/s]
 52%|ΓûêΓûêΓûêΓûêΓûêΓûÅ    | 2334/4500 [09:07<08:31,  4.24it/s]
 52%|ΓûêΓûêΓûêΓûêΓûêΓûÅ    | 2335/4500 [09:08<09:01,  4.00it/s]
 52%|ΓûêΓûêΓûêΓûêΓûêΓûÅ    | 2336/4500 [09:08<09:56,  3.63it/s]
 52%|ΓûêΓûêΓûêΓûêΓûêΓûÅ    | 2337/4500 [09:08<10:12,  3.53it/s]
 52%|ΓûêΓûêΓûêΓûêΓûêΓûÅ    | 2338/4500 [09:09<11:37,  3.10it/s]
 52%|ΓûêΓûêΓûêΓûêΓûêΓûÅ    | 2339/4500 [09:09<12:52,  2.80it/s]
 52%|ΓûêΓûêΓûêΓûêΓûêΓûÅ    | 2340/4500 [09:10<13:48,  2.61it/s]
 52%|ΓûêΓûêΓûêΓûêΓûêΓûÅ    | 2341/4500 [09:10<14:49,  2.43it/s]
 52%|ΓûêΓûêΓûêΓûêΓûêΓûÅ    | 2342/4500 [09:10<13:55,  2.58it/s]
 52%|ΓûêΓûêΓûêΓûêΓûêΓûÅ    | 2343/4500 [09:11<14:36,  2.46it/s]
 52%|ΓûêΓûêΓûêΓûêΓûêΓûÅ    | 2344/4500 [09:11<13:05,  2.75it/s]
 52%|ΓûêΓûêΓûêΓûêΓûêΓûÅ    | 2345/4500 [09:11<11:55,  3.01it/s]
 52%|ΓûêΓûêΓûêΓûêΓûêΓûÅ    | 2346/4500 [09:12<10:56,  3.28it/s]
 52%|ΓûêΓûêΓûêΓûêΓûêΓûÅ    | 2347/4500 [09:12<10:25,  3.44it/s]
 52%|ΓûêΓûêΓûêΓûêΓûêΓûÅ    | 2348/4500 [09:12<10:20,  3.47it/s]
 52%|ΓûêΓûêΓûêΓûêΓûêΓûÅ    | 2349/4500 [09:12<10:12,  3.51it/s]
 52%|ΓûêΓûêΓûêΓûêΓûêΓûÅ    | 2350/4500 [09:13<09:51,  3.63it/s]
 52%|ΓûêΓûêΓûêΓûêΓûêΓûÅ    | 2351/4500 [09:13<09:18,  3.85it/s]
 52%|ΓûêΓûêΓûêΓûêΓûêΓûÅ    | 2352/4500 [09:13<08:58,  3.99it/s]
 52%|ΓûêΓûêΓûêΓûêΓûêΓûÅ    | 2353/4500 [09:13<08:50,  4.05it/s]
 52%|ΓûêΓûêΓûêΓûêΓûêΓûÅ    | 2354/4500 [09:14<09:05,  3.93it/s]
 52%|ΓûêΓûêΓûêΓûêΓûêΓûÅ    | 2355/4500 [09:14<09:12,  3.88it/s]
 52%|ΓûêΓûêΓûêΓûêΓûêΓûÅ    | 2356/4500 [09:14<08:54,  4.01it/s]
 52%|ΓûêΓûêΓûêΓûêΓûêΓûÅ    | 2357/4500 [09:14<08:39,  4.13it/s]
 52%|ΓûêΓûêΓûêΓûêΓûêΓûÅ    | 2358/4500 [09:15<08:41,  4.11it/s]
 52%|ΓûêΓûêΓûêΓûêΓûêΓûÅ    | 2359/4500 [09:15<08:31,  4.19it/s]
 52%|ΓûêΓûêΓûêΓûêΓûêΓûÅ    | 2360/4500 [09:15<08:20,  4.28it/s]
 52%|ΓûêΓûêΓûêΓûêΓûêΓûÅ    | 2361/4500 [09:15<08:28,  4.21it/s]
 52%|ΓûêΓûêΓûêΓûêΓûêΓûÅ    | 2362/4500 [09:15<08:42,  4.09it/s]
 53%|ΓûêΓûêΓûêΓûêΓûêΓûÄ    | 2363/4500 [09:16<08:53,  4.00it/s]
 53%|ΓûêΓûêΓûêΓûêΓûêΓûÄ    | 2364/4500 [09:16<09:02,  3.94it/s]
 53%|ΓûêΓûêΓûêΓûêΓûêΓûÄ    | 2365/4500 [09:16<08:47,  4.04it/s]
 53%|ΓûêΓûêΓûêΓûêΓûêΓûÄ    | 2366/4500 [09:17<08:55,  3.98it/s]
 53%|ΓûêΓûêΓûêΓûêΓûêΓûÄ    | 2367/4500 [09:17<08:58,  3.96it/s]
 53%|ΓûêΓûêΓûêΓûêΓûêΓûÄ    | 2368/4500 [09:17<08:52,  4.00it/s]
 53%|ΓûêΓûêΓûêΓûêΓûêΓûÄ    | 2369/4500 [09:17<08:47,  4.04it/s]
 53%|ΓûêΓûêΓûêΓûêΓûêΓûÄ    | 2370/4500 [09:17<08:39,  4.10it/s]
 53%|ΓûêΓûêΓûêΓûêΓûêΓûÄ    | 2371/4500 [09:18<08:39,  4.10it/s]
 53%|ΓûêΓûêΓûêΓûêΓûêΓûÄ    | 2372/4500 [09:18<08:51,  4.01it/s]
 53%|ΓûêΓûêΓûêΓûêΓûêΓûÄ    | 2373/4500 [09:18<08:46,  4.04it/s]
 53%|ΓûêΓûêΓûêΓûêΓûêΓûÄ    | 2374/4500 [09:19<08:57,  3.96it/s]
 53%|ΓûêΓûêΓûêΓûêΓûêΓûÄ    | 2375/4500 [09:19<09:17,  3.81it/s]
 53%|ΓûêΓûêΓûêΓûêΓûêΓûÄ    | 2376/4500 [09:19<09:10,  3.86it/s]
 53%|ΓûêΓûêΓûêΓûêΓûêΓûÄ    | 2377/4500 [09:19<08:54,  3.97it/s]
 53%|ΓûêΓûêΓûêΓûêΓûêΓûÄ    | 2378/4500 [09:20<08:57,  3.94it/s]
 53%|ΓûêΓûêΓûêΓûêΓûêΓûÄ    | 2379/4500 [09:20<08:59,  3.93it/s]
 53%|ΓûêΓûêΓûêΓûêΓûêΓûÄ    | 2380/4500 [09:20<08:37,  4.10it/s]
 53%|ΓûêΓûêΓûêΓûêΓûêΓûÄ    | 2381/4500 [09:20<08:26,  4.19it/s]
 53%|ΓûêΓûêΓûêΓûêΓûêΓûÄ    | 2382/4500 [09:20<08:29,  4.16it/s]
 53%|ΓûêΓûêΓûêΓûêΓûêΓûÄ    | 2383/4500 [09:21<08:27,  4.17it/s]
 53%|ΓûêΓûêΓûêΓûêΓûêΓûÄ    | 2384/4500 [09:21<08:32,  4.13it/s]
 53%|ΓûêΓûêΓûêΓûêΓûêΓûÄ    | 2385/4500 [09:21<08:44,  4.03it/s]
 53%|ΓûêΓûêΓûêΓûêΓûêΓûÄ    | 2386/4500 [09:21<08:59,  3.92it/s]
 53%|ΓûêΓûêΓûêΓûêΓûêΓûÄ    | 2387/4500 [09:22<08:42,  4.04it/s]
 53%|ΓûêΓûêΓûêΓûêΓûêΓûÄ    | 2388/4500 [09:22<08:19,  4.23it/s]
 53%|ΓûêΓûêΓûêΓûêΓûêΓûÄ    | 2389/4500 [09:22<08:06,  4.34it/s]
 53%|ΓûêΓûêΓûêΓûêΓûêΓûÄ    | 2390/4500 [09:22<08:17,  4.24it/s]
 53%|ΓûêΓûêΓûêΓûêΓûêΓûÄ    | 2391/4500 [09:23<08:19,  4.22it/s]
 53%|ΓûêΓûêΓûêΓûêΓûêΓûÄ    | 2392/4500 [09:23<08:39,  4.06it/s]
 53%|ΓûêΓûêΓûêΓûêΓûêΓûÄ    | 2393/4500 [09:23<08:26,  4.16it/s]
 53%|ΓûêΓûêΓûêΓûêΓûêΓûÄ    | 2394/4500 [09:23<08:38,  4.06it/s]
 53%|ΓûêΓûêΓûêΓûêΓûêΓûÄ    | 2395/4500 [09:24<08:35,  4.09it/s]
 53%|ΓûêΓûêΓûêΓûêΓûêΓûÄ    | 2396/4500 [09:24<08:39,  4.05it/s]
 53%|ΓûêΓûêΓûêΓûêΓûêΓûÄ    | 2397/4500 [09:24<08:20,  4.20it/s]
 53%|ΓûêΓûêΓûêΓûêΓûêΓûÄ    | 2398/4500 [09:24<08:13,  4.26it/s]
 53%|ΓûêΓûêΓûêΓûêΓûêΓûÄ    | 2399/4500 [09:25<08:01,  4.37it/s]
 53%|ΓûêΓûêΓûêΓûêΓûêΓûÄ    | 2400/4500 [09:25<08:00,  4.37it/s]
 53%|ΓûêΓûêΓûêΓûêΓûêΓûÄ    | 2401/4500 [09:25<07:55,  4.42it/s]
 53%|ΓûêΓûêΓûêΓûêΓûêΓûÄ    | 2402/4500 [09:25<08:04,  4.33it/s]
 53%|ΓûêΓûêΓûêΓûêΓûêΓûÄ    | 2403/4500 [09:25<08:03,  4.34it/s]
 53%|ΓûêΓûêΓûêΓûêΓûêΓûÄ    | 2404/4500 [09:26<07:54,  4.42it/s]
 53%|ΓûêΓûêΓûêΓûêΓûêΓûÄ    | 2405/4500 [09:26<07:50,  4.45it/s]
 53%|ΓûêΓûêΓûêΓûêΓûêΓûÄ    | 2406/4500 [09:26<08:08,  4.29it/s]
 53%|ΓûêΓûêΓûêΓûêΓûêΓûÄ    | 2407/4500 [09:26<08:10,  4.27it/s]
 54%|ΓûêΓûêΓûêΓûêΓûêΓûÄ    | 2408/4500 [09:27<08:09,  4.28it/s]
 54%|ΓûêΓûêΓûêΓûêΓûêΓûÄ    | 2409/4500 [09:27<08:19,  4.18it/s]
 54%|ΓûêΓûêΓûêΓûêΓûêΓûÄ    | 2410/4500 [09:27<08:13,  4.23it/s]
 54%|ΓûêΓûêΓûêΓûêΓûêΓûÄ    | 2411/4500 [09:27<08:08,  4.27it/s]
 54%|ΓûêΓûêΓûêΓûêΓûêΓûÄ    | 2412/4500 [09:28<08:15,  4.22it/s]
 54%|ΓûêΓûêΓûêΓûêΓûêΓûÄ    | 2413/4500 [09:28<08:09,  4.27it/s]
 54%|ΓûêΓûêΓûêΓûêΓûêΓûÄ    | 2414/4500 [09:28<08:39,  4.02it/s]
 54%|ΓûêΓûêΓûêΓûêΓûêΓûÄ    | 2415/4500 [09:28<08:27,  4.11it/s]
 54%|ΓûêΓûêΓûêΓûêΓûêΓûÄ    | 2416/4500 [09:29<08:22,  4.15it/s]
 54%|ΓûêΓûêΓûêΓûêΓûêΓûÄ    | 2417/4500 [09:29<08:17,  4.19it/s]
 54%|ΓûêΓûêΓûêΓûêΓûêΓûÄ    | 2418/4500 [09:29<08:16,  4.19it/s]
 54%|ΓûêΓûêΓûêΓûêΓûêΓûì    | 2419/4500 [09:29<09:34,  3.62it/s]
 54%|ΓûêΓûêΓûêΓûêΓûêΓûì    | 2420/4500 [09:30<09:57,  3.48it/s]
 54%|ΓûêΓûêΓûêΓûêΓûêΓûì    | 2421/4500 [09:30<10:08,  3.42it/s]
 54%|ΓûêΓûêΓûêΓûêΓûêΓûì    | 2422/4500 [09:30<10:04,  3.44it/s]
 54%|ΓûêΓûêΓûêΓûêΓûêΓûì    | 2423/4500 [09:31<09:56,  3.48it/s]
 54%|ΓûêΓûêΓûêΓûêΓûêΓûì    | 2424/4500 [09:31<09:33,  3.62it/s]
 54%|ΓûêΓûêΓûêΓûêΓûêΓûì    | 2425/4500 [09:31<09:17,  3.72it/s]
 54%|ΓûêΓûêΓûêΓûêΓûêΓûì    | 2426/4500 [09:31<09:02,  3.82it/s]
 54%|ΓûêΓûêΓûêΓûêΓûêΓûì    | 2427/4500 [09:32<08:54,  3.88it/s]
 54%|ΓûêΓûêΓûêΓûêΓûêΓûì    | 2428/4500 [09:32<09:06,  3.79it/s]
 54%|ΓûêΓûêΓûêΓûêΓûêΓûì    | 2429/4500 [09:32<09:12,  3.75it/s]
 54%|ΓûêΓûêΓûêΓûêΓûêΓûì    | 2430/4500 [09:32<08:54,  3.87it/s]
 54%|ΓûêΓûêΓûêΓûêΓûêΓûì    | 2431/4500 [09:33<08:42,  3.96it/s]
 54%|ΓûêΓûêΓûêΓûêΓûêΓûì    | 2432/4500 [09:33<08:30,  4.05it/s]
 54%|ΓûêΓûêΓûêΓûêΓûêΓûì    | 2433/4500 [09:33<08:51,  3.89it/s]
 54%|ΓûêΓûêΓûêΓûêΓûêΓûì    | 2434/4500 [09:33<08:51,  3.88it/s]
 54%|ΓûêΓûêΓûêΓûêΓûêΓûì    | 2435/4500 [09:34<08:46,  3.92it/s]
 54%|ΓûêΓûêΓûêΓûêΓûêΓûì    | 2436/4500 [09:34<08:24,  4.09it/s]
 54%|ΓûêΓûêΓûêΓûêΓûêΓûì    | 2437/4500 [09:34<08:22,  4.11it/s]
 54%|ΓûêΓûêΓûêΓûêΓûêΓûì    | 2438/4500 [09:34<08:15,  4.16it/s]
 54%|ΓûêΓûêΓûêΓûêΓûêΓûì    | 2439/4500 [09:35<08:17,  4.15it/s]
 54%|ΓûêΓûêΓûêΓûêΓûêΓûì    | 2440/4500 [09:35<08:20,  4.12it/s]
 54%|ΓûêΓûêΓûêΓûêΓûêΓûì    | 2441/4500 [09:35<08:10,  4.20it/s]
 54%|ΓûêΓûêΓûêΓûêΓûêΓûì    | 2442/4500 [09:35<07:47,  4.40it/s]
 54%|ΓûêΓûêΓûêΓûêΓûêΓûì    | 2443/4500 [09:35<07:41,  4.45it/s]
 54%|ΓûêΓûêΓûêΓûêΓûêΓûì    | 2444/4500 [09:36<07:46,  4.40it/s]
 54%|ΓûêΓûêΓûêΓûêΓûêΓûì    | 2445/4500 [09:36<07:45,  4.42it/s]
 54%|ΓûêΓûêΓûêΓûêΓûêΓûì    | 2446/4500 [09:36<07:52,  4.35it/s]
 54%|ΓûêΓûêΓûêΓûêΓûêΓûì    | 2447/4500 [09:36<07:48,  4.39it/s]
 54%|ΓûêΓûêΓûêΓûêΓûêΓûì    | 2448/4500 [09:37<08:34,  3.99it/s]
 54%|ΓûêΓûêΓûêΓûêΓûêΓûì    | 2449/4500 [09:37<08:24,  4.07it/s]
 54%|ΓûêΓûêΓûêΓûêΓûêΓûì    | 2450/4500 [09:37<08:09,  4.19it/s]
 54%|ΓûêΓûêΓûêΓûêΓûêΓûì    | 2451/4500 [09:37<08:10,  4.18it/s]
 54%|ΓûêΓûêΓûêΓûêΓûêΓûì    | 2452/4500 [09:38<07:51,  4.34it/s]
 55%|ΓûêΓûêΓûêΓûêΓûêΓûì    | 2453/4500 [09:38<08:01,  4.25it/s]
 55%|ΓûêΓûêΓûêΓûêΓûêΓûì    | 2455/4500 [09:38<06:07,  5.56it/s]
 55%|ΓûêΓûêΓûêΓûêΓûêΓûì    | 2456/4500 [09:38<06:29,  5.25it/s]
 55%|ΓûêΓûêΓûêΓûêΓûêΓûì    | 2457/4500 [09:39<06:47,  5.01it/s]
 55%|ΓûêΓûêΓûêΓûêΓûêΓûì    | 2458/4500 [09:39<07:07,  4.78it/s]
 55%|ΓûêΓûêΓûêΓûêΓûêΓûì    | 2459/4500 [09:39<07:20,  4.64it/s]
 55%|ΓûêΓûêΓûêΓûêΓûêΓûì    | 2460/4500 [09:39<07:25,  4.58it/s]
 55%|ΓûêΓûêΓûêΓûêΓûêΓûì    | 2462/4500 [09:39<05:57,  5.71it/s]
 55%|ΓûêΓûêΓûêΓûêΓûêΓûì    | 2463/4500 [09:40<06:15,  5.42it/s]
 55%|ΓûêΓûêΓûêΓûêΓûêΓûì    | 2464/4500 [09:40<06:40,  5.08it/s]
 55%|ΓûêΓûêΓûêΓûêΓûêΓûì    | 2465/4500 [09:40<06:47,  4.99it/s]
 55%|ΓûêΓûêΓûêΓûêΓûêΓûì    | 2466/4500 [09:40<07:17,  4.65it/s]
 55%|ΓûêΓûêΓûêΓûêΓûêΓûì    | 2467/4500 [09:41<07:24,  4.57it/s]
 55%|ΓûêΓûêΓûêΓûêΓûêΓûì    | 2468/4500 [09:41<07:22,  4.60it/s]
 55%|ΓûêΓûêΓûêΓûêΓûêΓûì    | 2469/4500 [09:41<07:34,  4.47it/s]
 55%|ΓûêΓûêΓûêΓûêΓûêΓûì    | 2470/4500 [09:41<09:40,  3.49it/s]
 55%|ΓûêΓûêΓûêΓûêΓûêΓûì    | 2471/4500 [09:42<09:46,  3.46it/s]
 55%|ΓûêΓûêΓûêΓûêΓûêΓûì    | 2472/4500 [09:42<09:35,  3.52it/s]
 55%|ΓûêΓûêΓûêΓûêΓûêΓûì    | 2473/4500 [09:42<09:13,  3.66it/s]
 55%|ΓûêΓûêΓûêΓûêΓûêΓûì    | 2474/4500 [09:42<08:32,  3.95it/s]
 55%|ΓûêΓûêΓûêΓûêΓûêΓûî    | 2476/4500 [09:43<06:30,  5.19it/s]
 55%|ΓûêΓûêΓûêΓûêΓûêΓûî    | 2477/4500 [09:43<06:50,  4.93it/s]
 55%|ΓûêΓûêΓûêΓûêΓûêΓûî    | 2478/4500 [09:43<06:59,  4.82it/s]
 55%|ΓûêΓûêΓûêΓûêΓûêΓûî    | 2479/4500 [09:43<07:05,  4.74it/s]
 55%|ΓûêΓûêΓûêΓûêΓûêΓûî    | 2480/4500 [09:44<07:24,  4.54it/s]
 55%|ΓûêΓûêΓûêΓûêΓûêΓûî    | 2481/4500 [09:44<07:37,  4.41it/s]
 55%|ΓûêΓûêΓûêΓûêΓûêΓûî    | 2482/4500 [09:44<07:42,  4.37it/s]
 55%|ΓûêΓûêΓûêΓûêΓûêΓûî    | 2483/4500 [09:44<07:39,  4.39it/s]
 55%|ΓûêΓûêΓûêΓûêΓûêΓûî    | 2484/4500 [09:45<07:29,  4.49it/s]
 55%|ΓûêΓûêΓûêΓûêΓûêΓûî    | 2485/4500 [09:45<07:31,  4.46it/s]
 55%|ΓûêΓûêΓûêΓûêΓûêΓûî    | 2486/4500 [09:45<07:43,  4.35it/s]
 55%|ΓûêΓûêΓûêΓûêΓûêΓûî    | 2487/4500 [09:45<07:28,  4.48it/s]
 55%|ΓûêΓûêΓûêΓûêΓûêΓûî    | 2488/4500 [09:45<07:27,  4.50it/s]
 55%|ΓûêΓûêΓûêΓûêΓûêΓûî    | 2489/4500 [09:46<07:22,  4.54it/s]
 55%|ΓûêΓûêΓûêΓûêΓûêΓûî    | 2490/4500 [09:46<07:14,  4.62it/s]
 55%|ΓûêΓûêΓûêΓûêΓûêΓûî    | 2491/4500 [09:46<07:35,  4.41it/s]
 55%|ΓûêΓûêΓûêΓûêΓûêΓûî    | 2492/4500 [09:46<07:38,  4.38it/s]
 55%|ΓûêΓûêΓûêΓûêΓûêΓûî    | 2493/4500 [09:47<07:41,  4.35it/s]
 55%|ΓûêΓûêΓûêΓûêΓûêΓûî    | 2494/4500 [09:47<07:45,  4.31it/s]
 55%|ΓûêΓûêΓûêΓûêΓûêΓûî    | 2495/4500 [09:47<07:35,  4.40it/s]
 55%|ΓûêΓûêΓûêΓûêΓûêΓûî    | 2496/4500 [09:47<07:36,  4.39it/s]
 55%|ΓûêΓûêΓûêΓûêΓûêΓûî    | 2497/4500 [09:48<07:37,  4.38it/s]
 56%|ΓûêΓûêΓûêΓûêΓûêΓûî    | 2498/4500 [09:48<07:31,  4.43it/s]
 56%|ΓûêΓûêΓûêΓûêΓûêΓûî    | 2499/4500 [09:48<07:33,  4.41it/s]
 56%|ΓûêΓûêΓûêΓûêΓûêΓûî    | 2500/4500 [09:48<07:27,  4.47it/s]
 56%|ΓûêΓûêΓûêΓûêΓûêΓûî    | 2501/4500 [09:49<09:20,  3.57it/s]
 56%|ΓûêΓûêΓûêΓûêΓûêΓûî    | 2502/4500 [09:49<09:51,  3.38it/s]
 56%|ΓûêΓûêΓûêΓûêΓûêΓûî    | 2503/4500 [09:49<09:27,  3.52it/s]
 56%|ΓûêΓûêΓûêΓûêΓûêΓûî    | 2504/4500 [09:49<08:49,  3.77it/s]
 56%|ΓûêΓûêΓûêΓûêΓûêΓûî    | 2505/4500 [09:50<08:50,  3.76it/s]
 56%|ΓûêΓûêΓûêΓûêΓûêΓûî    | 2506/4500 [09:50<08:19,  3.99it/s]
 56%|ΓûêΓûêΓûêΓûêΓûêΓûî    | 2507/4500 [09:50<07:57,  4.18it/s]
 56%|ΓûêΓûêΓûêΓûêΓûêΓûî    | 2508/4500 [09:50<07:39,  4.34it/s]
 56%|ΓûêΓûêΓûêΓûêΓûêΓûî    | 2509/4500 [09:51<07:36,  4.36it/s]
 56%|ΓûêΓûêΓûêΓûêΓûêΓûî    | 2510/4500 [09:51<07:18,  4.54it/s]
 56%|ΓûêΓûêΓûêΓûêΓûêΓûî    | 2511/4500 [09:51<07:23,  4.49it/s]
 56%|ΓûêΓûêΓûêΓûêΓûêΓûî    | 2512/4500 [09:51<07:28,  4.43it/s]
 56%|ΓûêΓûêΓûêΓûêΓûêΓûî    | 2513/4500 [09:51<07:25,  4.46it/s]
 56%|ΓûêΓûêΓûêΓûêΓûêΓûî    | 2514/4500 [09:52<07:20,  4.51it/s]
 56%|ΓûêΓûêΓûêΓûêΓûêΓûî    | 2515/4500 [09:52<07:23,  4.48it/s]
 56%|ΓûêΓûêΓûêΓûêΓûêΓûî    | 2516/4500 [09:52<07:32,  4.39it/s]
 56%|ΓûêΓûêΓûêΓûêΓûêΓûî    | 2517/4500 [09:52<07:27,  4.43it/s]
 56%|ΓûêΓûêΓûêΓûêΓûêΓûî    | 2518/4500 [09:53<07:29,  4.41it/s]
 56%|ΓûêΓûêΓûêΓûêΓûêΓûî    | 2519/4500 [09:53<07:27,  4.42it/s]
 56%|ΓûêΓûêΓûêΓûêΓûêΓûî    | 2520/4500 [09:53<07:30,  4.40it/s]
 56%|ΓûêΓûêΓûêΓûêΓûêΓûî    | 2521/4500 [09:53<07:29,  4.41it/s]
 56%|ΓûêΓûêΓûêΓûêΓûêΓûî    | 2522/4500 [09:53<07:30,  4.39it/s]
 56%|ΓûêΓûêΓûêΓûêΓûêΓûî    | 2523/4500 [09:54<07:28,  4.41it/s]
 56%|ΓûêΓûêΓûêΓûêΓûêΓûî    | 2524/4500 [09:54<07:21,  4.48it/s]
 56%|ΓûêΓûêΓûêΓûêΓûêΓûî    | 2525/4500 [09:54<07:10,  4.58it/s]
 56%|ΓûêΓûêΓûêΓûêΓûêΓûî    | 2526/4500 [09:54<07:18,  4.50it/s]
 56%|ΓûêΓûêΓûêΓûêΓûêΓûî    | 2527/4500 [09:55<07:55,  4.15it/s]
 56%|ΓûêΓûêΓûêΓûêΓûêΓûî    | 2528/4500 [09:55<09:27,  3.48it/s]
 56%|ΓûêΓûêΓûêΓûêΓûêΓûî    | 2529/4500 [09:55<10:19,  3.18it/s]
 56%|ΓûêΓûêΓûêΓûêΓûêΓûî    | 2530/4500 [09:56<09:58,  3.29it/s]
 56%|ΓûêΓûêΓûêΓûêΓûêΓûî    | 2531/4500 [09:56<09:03,  3.62it/s]
 56%|ΓûêΓûêΓûêΓûêΓûêΓûï    | 2532/4500 [09:56<08:42,  3.77it/s]
 56%|ΓûêΓûêΓûêΓûêΓûêΓûï    | 2533/4500 [09:56<08:18,  3.95it/s]
 56%|ΓûêΓûêΓûêΓûêΓûêΓûï    | 2534/4500 [09:57<08:04,  4.06it/s]
 56%|ΓûêΓûêΓûêΓûêΓûêΓûï    | 2535/4500 [09:57<07:56,  4.12it/s]
 56%|ΓûêΓûêΓûêΓûêΓûêΓûï    | 2536/4500 [09:57<07:49,  4.18it/s]
 56%|ΓûêΓûêΓûêΓûêΓûêΓûï    | 2537/4500 [09:57<07:51,  4.16it/s]
 56%|ΓûêΓûêΓûêΓûêΓûêΓûï    | 2538/4500 [09:58<07:40,  4.26it/s]
 56%|ΓûêΓûêΓûêΓûêΓûêΓûï    | 2540/4500 [09:58<05:45,  5.68it/s]
 56%|ΓûêΓûêΓûêΓûêΓûêΓûï    | 2541/4500 [09:58<06:07,  5.33it/s]
 56%|ΓûêΓûêΓûêΓûêΓûêΓûï    | 2542/4500 [09:58<06:29,  5.03it/s]
 57%|ΓûêΓûêΓûêΓûêΓûêΓûï    | 2543/4500 [09:58<06:43,  4.86it/s]
 57%|ΓûêΓûêΓûêΓûêΓûêΓûï    | 2544/4500 [09:59<06:57,  4.69it/s]
 57%|ΓûêΓûêΓûêΓûêΓûêΓûï    | 2545/4500 [09:59<07:07,  4.58it/s]
 57%|ΓûêΓûêΓûêΓûêΓûêΓûï    | 2546/4500 [09:59<07:24,  4.39it/s]
 57%|ΓûêΓûêΓûêΓûêΓûêΓûï    | 2547/4500 [09:59<07:20,  4.43it/s]
 57%|ΓûêΓûêΓûêΓûêΓûêΓûï    | 2549/4500 [10:00<05:39,  5.75it/s]
 57%|ΓûêΓûêΓûêΓûêΓûêΓûï    | 2550/4500 [10:00<06:10,  5.27it/s]
 57%|ΓûêΓûêΓûêΓûêΓûêΓûï    | 2551/4500 [10:00<06:24,  5.07it/s]
 57%|ΓûêΓûêΓûêΓûêΓûêΓûï    | 2552/4500 [10:00<06:50,  4.74it/s]
 57%|ΓûêΓûêΓûêΓûêΓûêΓûï    | 2553/4500 [10:01<07:01,  4.62it/s]
 57%|ΓûêΓûêΓûêΓûêΓûêΓûï    | 2554/4500 [10:01<07:30,  4.32it/s]
 57%|ΓûêΓûêΓûêΓûêΓûêΓûï    | 2555/4500 [10:01<09:08,  3.54it/s]
 57%|ΓûêΓûêΓûêΓûêΓûêΓûï    | 2556/4500 [10:02<10:58,  2.95it/s]
 57%|ΓûêΓûêΓûêΓûêΓûêΓûï    | 2557/4500 [10:02<09:44,  3.33it/s]
 57%|ΓûêΓûêΓûêΓûêΓûêΓûï    | 2558/4500 [10:02<08:56,  3.62it/s]
 57%|ΓûêΓûêΓûêΓûêΓûêΓûï    | 2559/4500 [10:02<08:29,  3.81it/s]
 57%|ΓûêΓûêΓûêΓûêΓûêΓûï    | 2560/4500 [10:03<08:18,  3.89it/s]
 57%|ΓûêΓûêΓûêΓûêΓûêΓûï    | 2561/4500 [10:03<08:10,  3.96it/s]
 57%|ΓûêΓûêΓûêΓûêΓûêΓûï    | 2562/4500 [10:03<07:56,  4.07it/s]
 57%|ΓûêΓûêΓûêΓûêΓûêΓûï    | 2563/4500 [10:03<07:34,  4.26it/s]
 57%|ΓûêΓûêΓûêΓûêΓûêΓûï    | 2564/4500 [10:03<07:32,  4.28it/s]
 57%|ΓûêΓûêΓûêΓûêΓûêΓûï    | 2565/4500 [10:04<07:39,  4.21it/s]
 57%|ΓûêΓûêΓûêΓûêΓûêΓûï    | 2566/4500 [10:04<07:34,  4.26it/s]
 57%|ΓûêΓûêΓûêΓûêΓûêΓûï    | 2567/4500 [10:04<07:29,  4.30it/s]
 57%|ΓûêΓûêΓûêΓûêΓûêΓûï    | 2568/4500 [10:04<07:21,  4.38it/s]
 57%|ΓûêΓûêΓûêΓûêΓûêΓûï    | 2569/4500 [10:05<07:33,  4.26it/s]
 57%|ΓûêΓûêΓûêΓûêΓûêΓûï    | 2570/4500 [10:05<07:38,  4.21it/s]
 57%|ΓûêΓûêΓûêΓûêΓûêΓûï    | 2571/4500 [10:05<07:30,  4.28it/s]
 57%|ΓûêΓûêΓûêΓûêΓûêΓûï    | 2572/4500 [10:05<07:17,  4.41it/s]
 57%|ΓûêΓûêΓûêΓûêΓûêΓûï    | 2573/4500 [10:06<07:14,  4.43it/s]
 57%|ΓûêΓûêΓûêΓûêΓûêΓûï    | 2574/4500 [10:06<07:11,  4.46it/s]
 57%|ΓûêΓûêΓûêΓûêΓûêΓûï    | 2575/4500 [10:06<07:19,  4.38it/s]
 57%|ΓûêΓûêΓûêΓûêΓûêΓûï    | 2576/4500 [10:06<07:18,  4.38it/s]
 57%|ΓûêΓûêΓûêΓûêΓûêΓûï    | 2577/4500 [10:06<07:31,  4.26it/s]
 57%|ΓûêΓûêΓûêΓûêΓûêΓûï    | 2578/4500 [10:07<07:15,  4.42it/s]
 57%|ΓûêΓûêΓûêΓûêΓûêΓûï    | 2579/4500 [10:07<07:40,  4.18it/s]
 57%|ΓûêΓûêΓûêΓûêΓûêΓûï    | 2580/4500 [10:07<09:33,  3.35it/s]
 57%|ΓûêΓûêΓûêΓûêΓûêΓûï    | 2581/4500 [10:08<11:41,  2.74it/s]
 57%|ΓûêΓûêΓûêΓûêΓûêΓûï    | 2582/4500 [10:08<10:32,  3.03it/s]
 57%|ΓûêΓûêΓûêΓûêΓûêΓûï    | 2583/4500 [10:08<09:23,  3.40it/s]
 57%|ΓûêΓûêΓûêΓûêΓûêΓûï    | 2584/4500 [10:09<08:49,  3.62it/s]
 57%|ΓûêΓûêΓûêΓûêΓûêΓûï    | 2585/4500 [10:09<08:19,  3.84it/s]
 57%|ΓûêΓûêΓûêΓûêΓûêΓûï    | 2586/4500 [10:09<08:02,  3.97it/s]
 57%|ΓûêΓûêΓûêΓûêΓûêΓûï    | 2587/4500 [10:09<07:36,  4.19it/s]
 58%|ΓûêΓûêΓûêΓûêΓûêΓûè    | 2588/4500 [10:09<07:23,  4.31it/s]
 58%|ΓûêΓûêΓûêΓûêΓûêΓûè    | 2589/4500 [10:10<07:16,  4.38it/s]
 58%|ΓûêΓûêΓûêΓûêΓûêΓûè    | 2590/4500 [10:10<07:29,  4.25it/s]
 58%|ΓûêΓûêΓûêΓûêΓûêΓûè    | 2591/4500 [10:10<07:32,  4.22it/s]
 58%|ΓûêΓûêΓûêΓûêΓûêΓûè    | 2592/4500 [10:10<07:25,  4.28it/s]
 58%|ΓûêΓûêΓûêΓûêΓûêΓûè    | 2593/4500 [10:11<07:23,  4.30it/s]
 58%|ΓûêΓûêΓûêΓûêΓûêΓûè    | 2594/4500 [10:11<07:29,  4.24it/s]
 58%|ΓûêΓûêΓûêΓûêΓûêΓûè    | 2595/4500 [10:11<07:16,  4.36it/s]
 58%|ΓûêΓûêΓûêΓûêΓûêΓûè    | 2596/4500 [10:11<07:19,  4.34it/s]
 58%|ΓûêΓûêΓûêΓûêΓûêΓûè    | 2597/4500 [10:12<07:26,  4.27it/s]
 58%|ΓûêΓûêΓûêΓûêΓûêΓûè    | 2598/4500 [10:12<07:15,  4.37it/s]
 58%|ΓûêΓûêΓûêΓûêΓûêΓûè    | 2599/4500 [10:12<07:42,  4.11it/s]
 58%|ΓûêΓûêΓûêΓûêΓûêΓûè    | 2600/4500 [10:12<07:17,  4.34it/s]
 58%|ΓûêΓûêΓûêΓûêΓûêΓûè    | 2601/4500 [10:12<07:09,  4.42it/s]
 58%|ΓûêΓûêΓûêΓûêΓûêΓûè    | 2602/4500 [10:13<06:53,  4.59it/s]
 58%|ΓûêΓûêΓûêΓûêΓûêΓûè    | 2603/4500 [10:13<07:05,  4.45it/s]
 58%|ΓûêΓûêΓûêΓûêΓûêΓûè    | 2604/4500 [10:13<07:01,  4.50it/s]
 58%|ΓûêΓûêΓûêΓûêΓûêΓûè    | 2605/4500 [10:13<06:58,  4.53it/s]
 58%|ΓûêΓûêΓûêΓûêΓûêΓûè    | 2606/4500 [10:14<07:01,  4.49it/s]
 58%|ΓûêΓûêΓûêΓûêΓûêΓûè    | 2607/4500 [10:14<08:01,  3.93it/s]
 58%|ΓûêΓûêΓûêΓûêΓûêΓûè    | 2608/4500 [10:14<09:00,  3.50it/s]
 58%|ΓûêΓûêΓûêΓûêΓûêΓûè    | 2609/4500 [10:15<09:35,  3.29it/s]
 58%|ΓûêΓûêΓûêΓûêΓûêΓûè    | 2610/4500 [10:15<09:01,  3.49it/s]
 58%|ΓûêΓûêΓûêΓûêΓûêΓûè    | 2611/4500 [10:15<08:36,  3.66it/s]
 58%|ΓûêΓûêΓûêΓûêΓûêΓûè    | 2612/4500 [10:15<08:29,  3.71it/s]
 58%|ΓûêΓûêΓûêΓûêΓûêΓûè    | 2613/4500 [10:16<08:05,  3.89it/s]
 58%|ΓûêΓûêΓûêΓûêΓûêΓûè    | 2614/4500 [10:16<08:00,  3.93it/s]
 58%|ΓûêΓûêΓûêΓûêΓûêΓûè    | 2615/4500 [10:16<07:55,  3.96it/s]
 58%|ΓûêΓûêΓûêΓûêΓûêΓûè    | 2616/4500 [10:16<07:42,  4.08it/s]
 58%|ΓûêΓûêΓûêΓûêΓûêΓûè    | 2617/4500 [10:17<07:31,  4.17it/s]
 58%|ΓûêΓûêΓûêΓûêΓûêΓûè    | 2618/4500 [10:17<07:21,  4.26it/s]
 58%|ΓûêΓûêΓûêΓûêΓûêΓûè    | 2619/4500 [10:17<07:36,  4.12it/s]
 58%|ΓûêΓûêΓûêΓûêΓûêΓûè    | 2620/4500 [10:17<07:38,  4.10it/s]
 58%|ΓûêΓûêΓûêΓûêΓûêΓûè    | 2621/4500 [10:18<07:23,  4.23it/s]
 58%|ΓûêΓûêΓûêΓûêΓûêΓûè    | 2622/4500 [10:18<07:04,  4.42it/s]
 58%|ΓûêΓûêΓûêΓûêΓûêΓûè    | 2623/4500 [10:18<07:02,  4.44it/s]
 58%|ΓûêΓûêΓûêΓûêΓûêΓûè    | 2624/4500 [10:18<07:03,  4.43it/s]
 58%|ΓûêΓûêΓûêΓûêΓûêΓûè    | 2625/4500 [10:18<07:27,  4.19it/s]
 58%|ΓûêΓûêΓûêΓûêΓûêΓûè    | 2626/4500 [10:19<07:27,  4.18it/s]
 58%|ΓûêΓûêΓûêΓûêΓûêΓûè    | 2627/4500 [10:19<07:11,  4.34it/s]
 58%|ΓûêΓûêΓûêΓûêΓûêΓûè    | 2628/4500 [10:19<07:11,  4.34it/s]
 58%|ΓûêΓûêΓûêΓûêΓûêΓûè    | 2629/4500 [10:19<06:59,  4.46it/s]
 58%|ΓûêΓûêΓûêΓûêΓûêΓûè    | 2630/4500 [10:20<06:59,  4.46it/s]
 58%|ΓûêΓûêΓûêΓûêΓûêΓûè    | 2631/4500 [10:20<07:01,  4.44it/s]
 58%|ΓûêΓûêΓûêΓûêΓûêΓûè    | 2632/4500 [10:20<07:07,  4.37it/s]
 59%|ΓûêΓûêΓûêΓûêΓûêΓûè    | 2633/4500 [10:20<07:06,  4.38it/s]
 59%|ΓûêΓûêΓûêΓûêΓûêΓûè    | 2634/4500 [10:20<06:55,  4.49it/s]
 59%|ΓûêΓûêΓûêΓûêΓûêΓûè    | 2635/4500 [10:21<06:46,  4.59it/s]
 59%|ΓûêΓûêΓûêΓûêΓûêΓûè    | 2636/4500 [10:21<07:06,  4.37it/s]
 59%|ΓûêΓûêΓûêΓûêΓûêΓûè    | 2637/4500 [10:21<08:48,  3.53it/s]
 59%|ΓûêΓûêΓûêΓûêΓûêΓûè    | 2638/4500 [10:22<09:36,  3.23it/s]
 59%|ΓûêΓûêΓûêΓûêΓûêΓûè    | 2639/4500 [10:22<09:44,  3.19it/s]
 59%|ΓûêΓûêΓûêΓûêΓûêΓûè    | 2640/4500 [10:22<08:51,  3.50it/s]
 59%|ΓûêΓûêΓûêΓûêΓûêΓûè    | 2641/4500 [10:22<08:22,  3.70it/s]
 59%|ΓûêΓûêΓûêΓûêΓûêΓûè    | 2642/4500 [10:23<08:03,  3.84it/s]
 59%|ΓûêΓûêΓûêΓûêΓûêΓûè    | 2643/4500 [10:23<07:35,  4.08it/s]
 59%|ΓûêΓûêΓûêΓûêΓûêΓûë    | 2644/4500 [10:23<07:25,  4.17it/s]
 59%|ΓûêΓûêΓûêΓûêΓûêΓûë    | 2645/4500 [10:23<07:27,  4.15it/s]
 59%|ΓûêΓûêΓûêΓûêΓûêΓûë    | 2646/4500 [10:24<07:15,  4.25it/s]
 59%|ΓûêΓûêΓûêΓûêΓûêΓûë    | 2647/4500 [10:24<07:12,  4.28it/s]
 59%|ΓûêΓûêΓûêΓûêΓûêΓûë    | 2649/4500 [10:24<05:24,  5.70it/s]
 59%|ΓûêΓûêΓûêΓûêΓûêΓûë    | 2650/4500 [10:24<05:50,  5.27it/s]
 59%|ΓûêΓûêΓûêΓûêΓûêΓûë    | 2651/4500 [10:24<05:56,  5.19it/s]
 59%|ΓûêΓûêΓûêΓûêΓûêΓûë    | 2652/4500 [10:25<06:20,  4.85it/s]
 59%|ΓûêΓûêΓûêΓûêΓûêΓûë    | 2653/4500 [10:25<07:00,  4.40it/s]
 59%|ΓûêΓûêΓûêΓûêΓûêΓûë    | 2654/4500 [10:25<06:58,  4.41it/s]
 59%|ΓûêΓûêΓûêΓûêΓûêΓûë    | 2655/4500 [10:25<06:54,  4.45it/s]
 59%|ΓûêΓûêΓûêΓûêΓûêΓûë    | 2656/4500 [10:26<06:59,  4.39it/s]
 59%|ΓûêΓûêΓûêΓûêΓûêΓûë    | 2657/4500 [10:26<07:09,  4.29it/s]
 59%|ΓûêΓûêΓûêΓûêΓûêΓûë    | 2658/4500 [10:26<07:10,  4.28it/s]
 59%|ΓûêΓûêΓûêΓûêΓûêΓûë    | 2659/4500 [10:26<07:13,  4.25it/s]
 59%|ΓûêΓûêΓûêΓûêΓûêΓûë    | 2660/4500 [10:27<07:22,  4.16it/s]
 59%|ΓûêΓûêΓûêΓûêΓûêΓûë    | 2661/4500 [10:27<07:15,  4.22it/s]
 59%|ΓûêΓûêΓûêΓûêΓûêΓûë    | 2662/4500 [10:27<07:10,  4.27it/s]
 59%|ΓûêΓûêΓûêΓûêΓûêΓûë    | 2663/4500 [10:27<07:12,  4.24it/s]
 59%|ΓûêΓûêΓûêΓûêΓûêΓûë    | 2665/4500 [10:28<05:26,  5.62it/s]
 59%|ΓûêΓûêΓûêΓûêΓûêΓûë    | 2666/4500 [10:28<05:33,  5.50it/s]
 59%|ΓûêΓûêΓûêΓûêΓûêΓûë    | 2667/4500 [10:28<05:59,  5.10it/s]
 59%|ΓûêΓûêΓûêΓûêΓûêΓûë    | 2668/4500 [10:28<06:17,  4.86it/s]
 59%|ΓûêΓûêΓûêΓûêΓûêΓûë    | 2669/4500 [10:29<06:43,  4.53it/s]
 59%|ΓûêΓûêΓûêΓûêΓûêΓûë    | 2670/4500 [10:29<08:53,  3.43it/s]
 59%|ΓûêΓûêΓûêΓûêΓûêΓûë    | 2671/4500 [10:29<09:39,  3.16it/s]
 59%|ΓûêΓûêΓûêΓûêΓûêΓûë    | 2672/4500 [10:30<09:43,  3.13it/s]
 59%|ΓûêΓûêΓûêΓûêΓûêΓûë    | 2673/4500 [10:30<09:25,  3.23it/s]
 59%|ΓûêΓûêΓûêΓûêΓûêΓûë    | 2674/4500 [10:30<08:54,  3.41it/s]
 59%|ΓûêΓûêΓûêΓûêΓûêΓûë    | 2675/4500 [10:30<08:49,  3.45it/s]
 59%|ΓûêΓûêΓûêΓûêΓûêΓûë    | 2676/4500 [10:31<08:35,  3.54it/s]
 59%|ΓûêΓûêΓûêΓûêΓûêΓûë    | 2677/4500 [10:31<08:22,  3.63it/s]
 60%|ΓûêΓûêΓûêΓûêΓûêΓûë    | 2678/4500 [10:31<08:10,  3.72it/s]
 60%|ΓûêΓûêΓûêΓûêΓûêΓûë    | 2679/4500 [10:32<07:48,  3.89it/s]
 60%|ΓûêΓûêΓûêΓûêΓûêΓûë    | 2680/4500 [10:32<07:30,  4.04it/s]
 60%|ΓûêΓûêΓûêΓûêΓûêΓûë    | 2681/4500 [10:32<07:25,  4.08it/s]
 60%|ΓûêΓûêΓûêΓûêΓûêΓûë    | 2682/4500 [10:32<07:26,  4.07it/s]
 60%|ΓûêΓûêΓûêΓûêΓûêΓûë    | 2683/4500 [10:32<07:21,  4.12it/s]
 60%|ΓûêΓûêΓûêΓûêΓûêΓûë    | 2684/4500 [10:33<07:17,  4.15it/s]
 60%|ΓûêΓûêΓûêΓûêΓûêΓûë    | 2685/4500 [10:33<07:19,  4.13it/s]
 60%|ΓûêΓûêΓûêΓûêΓûêΓûë    | 2686/4500 [10:33<07:14,  4.17it/s]
 60%|ΓûêΓûêΓûêΓûêΓûêΓûë    | 2687/4500 [10:33<07:12,  4.19it/s]
 60%|ΓûêΓûêΓûêΓûêΓûêΓûë    | 2688/4500 [10:34<07:19,  4.12it/s]
 60%|ΓûêΓûêΓûêΓûêΓûêΓûë    | 2689/4500 [10:34<07:30,  4.02it/s]
 60%|ΓûêΓûêΓûêΓûêΓûêΓûë    | 2690/4500 [10:34<07:32,  4.00it/s]
 60%|ΓûêΓûêΓûêΓûêΓûêΓûë    | 2691/4500 [10:34<08:00,  3.76it/s]
 60%|ΓûêΓûêΓûêΓûêΓûêΓûë    | 2692/4500 [10:35<07:58,  3.78it/s]
 60%|ΓûêΓûêΓûêΓûêΓûêΓûë    | 2693/4500 [10:35<07:42,  3.91it/s]
 60%|ΓûêΓûêΓûêΓûêΓûêΓûë    | 2694/4500 [10:35<07:32,  4.00it/s]
 60%|ΓûêΓûêΓûêΓûêΓûêΓûë    | 2695/4500 [10:35<07:11,  4.19it/s]
 60%|ΓûêΓûêΓûêΓûêΓûêΓûë    | 2696/4500 [10:36<07:09,  4.20it/s]
 60%|ΓûêΓûêΓûêΓûêΓûêΓûë    | 2697/4500 [10:36<07:08,  4.20it/s]
 60%|ΓûêΓûêΓûêΓûêΓûêΓûë    | 2698/4500 [10:36<07:05,  4.24it/s]
 60%|ΓûêΓûêΓûêΓûêΓûêΓûë    | 2699/4500 [10:36<06:57,  4.32it/s]
 60%|ΓûêΓûêΓûêΓûêΓûêΓûê    | 2700/4500 [10:37<06:52,  4.36it/s]
 60%|ΓûêΓûêΓûêΓûêΓûêΓûê    | 2701/4500 [10:37<07:08,  4.20it/s]
 60%|ΓûêΓûêΓûêΓûêΓûêΓûê    | 2702/4500 [10:37<07:00,  4.28it/s]
 60%|ΓûêΓûêΓûêΓûêΓûêΓûê    | 2703/4500 [10:37<07:08,  4.19it/s]
 60%|ΓûêΓûêΓûêΓûêΓûêΓûê    | 2704/4500 [10:38<06:56,  4.31it/s]
 60%|ΓûêΓûêΓûêΓûêΓûêΓûê    | 2705/4500 [10:38<06:53,  4.34it/s]
 60%|ΓûêΓûêΓûêΓûêΓûêΓûê    | 2706/4500 [10:38<06:53,  4.33it/s]
 60%|ΓûêΓûêΓûêΓûêΓûêΓûê    | 2707/4500 [10:38<06:45,  4.42it/s]
 60%|ΓûêΓûêΓûêΓûêΓûêΓûê    | 2708/4500 [10:38<06:40,  4.48it/s]
 60%|ΓûêΓûêΓûêΓûêΓûêΓûê    | 2709/4500 [10:39<06:27,  4.62it/s]
 60%|ΓûêΓûêΓûêΓûêΓûêΓûê    | 2710/4500 [10:39<06:46,  4.40it/s]
 60%|ΓûêΓûêΓûêΓûêΓûêΓûê    | 2711/4500 [10:39<06:54,  4.31it/s]
 60%|ΓûêΓûêΓûêΓûêΓûêΓûê    | 2712/4500 [10:39<07:39,  3.89it/s]
 60%|ΓûêΓûêΓûêΓûêΓûêΓûê    | 2713/4500 [10:40<07:10,  4.15it/s]
 60%|ΓûêΓûêΓûêΓûêΓûêΓûê    | 2714/4500 [10:40<07:11,  4.14it/s]
 60%|ΓûêΓûêΓûêΓûêΓûêΓûê    | 2715/4500 [10:40<07:12,  4.13it/s]
 60%|ΓûêΓûêΓûêΓûêΓûêΓûê    | 2716/4500 [10:40<07:16,  4.08it/s]
 60%|ΓûêΓûêΓûêΓûêΓûêΓûê    | 2717/4500 [10:41<07:23,  4.02it/s]
 60%|ΓûêΓûêΓûêΓûêΓûêΓûê    | 2718/4500 [10:41<07:04,  4.19it/s]
 60%|ΓûêΓûêΓûêΓûêΓûêΓûê    | 2719/4500 [10:41<07:04,  4.19it/s]
 60%|ΓûêΓûêΓûêΓûêΓûêΓûê    | 2720/4500 [10:41<07:13,  4.11it/s]
 60%|ΓûêΓûêΓûêΓûêΓûêΓûê    | 2721/4500 [10:42<07:04,  4.19it/s]
 60%|ΓûêΓûêΓûêΓûêΓûêΓûê    | 2722/4500 [10:42<06:59,  4.24it/s]
 61%|ΓûêΓûêΓûêΓûêΓûêΓûê    | 2723/4500 [10:42<07:04,  4.18it/s]
 61%|ΓûêΓûêΓûêΓûêΓûêΓûê    | 2724/4500 [10:42<06:56,  4.26it/s]
 61%|ΓûêΓûêΓûêΓûêΓûêΓûê    | 2725/4500 [10:42<06:58,  4.24it/s]
 61%|ΓûêΓûêΓûêΓûêΓûêΓûê    | 2726/4500 [10:43<06:52,  4.30it/s]
 61%|ΓûêΓûêΓûêΓûêΓûêΓûê    | 2727/4500 [10:43<06:54,  4.28it/s]
 61%|ΓûêΓûêΓûêΓûêΓûêΓûê    | 2728/4500 [10:43<06:51,  4.31it/s]
 61%|ΓûêΓûêΓûêΓûêΓûêΓûê    | 2729/4500 [10:43<06:51,  4.31it/s]
 61%|ΓûêΓûêΓûêΓûêΓûêΓûê    | 2730/4500 [10:44<06:47,  4.34it/s]
 61%|ΓûêΓûêΓûêΓûêΓûêΓûê    | 2731/4500 [10:44<06:41,  4.40it/s]
 61%|ΓûêΓûêΓûêΓûêΓûêΓûê    | 2732/4500 [10:44<06:39,  4.43it/s]
 61%|ΓûêΓûêΓûêΓûêΓûêΓûê    | 2733/4500 [10:44<06:43,  4.38it/s]
 61%|ΓûêΓûêΓûêΓûêΓûêΓûê    | 2734/4500 [10:45<06:41,  4.40it/s]
 61%|ΓûêΓûêΓûêΓûêΓûêΓûê    | 2735/4500 [10:45<06:41,  4.39it/s]
 61%|ΓûêΓûêΓûêΓûêΓûêΓûê    | 2736/4500 [10:45<06:57,  4.23it/s]
 61%|ΓûêΓûêΓûêΓûêΓûêΓûê    | 2737/4500 [10:45<07:17,  4.03it/s]
 61%|ΓûêΓûêΓûêΓûêΓûêΓûê    | 2738/4500 [10:46<07:18,  4.01it/s]
 61%|ΓûêΓûêΓûêΓûêΓûêΓûê    | 2739/4500 [10:46<07:16,  4.04it/s]
 61%|ΓûêΓûêΓûêΓûêΓûêΓûê    | 2740/4500 [10:46<07:07,  4.11it/s]
 61%|ΓûêΓûêΓûêΓûêΓûêΓûê    | 2741/4500 [10:46<07:07,  4.12it/s]
 61%|ΓûêΓûêΓûêΓûêΓûêΓûê    | 2742/4500 [10:47<07:22,  3.97it/s]
 61%|ΓûêΓûêΓûêΓûêΓûêΓûê    | 2743/4500 [10:47<07:16,  4.02it/s]
 61%|ΓûêΓûêΓûêΓûêΓûêΓûê    | 2744/4500 [10:47<07:22,  3.97it/s]
 61%|ΓûêΓûêΓûêΓûêΓûêΓûê    | 2745/4500 [10:47<07:30,  3.90it/s]
 61%|ΓûêΓûêΓûêΓûêΓûêΓûê    | 2746/4500 [10:48<07:35,  3.85it/s]
 61%|ΓûêΓûêΓûêΓûêΓûêΓûê    | 2747/4500 [10:48<07:43,  3.78it/s]
 61%|ΓûêΓûêΓûêΓûêΓûêΓûê    | 2748/4500 [10:48<08:14,  3.54it/s]
 61%|ΓûêΓûêΓûêΓûêΓûêΓûê    | 2749/4500 [10:48<08:03,  3.62it/s]
 61%|ΓûêΓûêΓûêΓûêΓûêΓûê    | 2750/4500 [10:49<07:57,  3.67it/s]
 61%|ΓûêΓûêΓûêΓûêΓûêΓûê    | 2751/4500 [10:49<07:56,  3.67it/s]
 61%|ΓûêΓûêΓûêΓûêΓûêΓûê    | 2752/4500 [10:49<07:55,  3.68it/s]
 61%|ΓûêΓûêΓûêΓûêΓûêΓûê    | 2753/4500 [10:50<07:45,  3.75it/s]
 61%|ΓûêΓûêΓûêΓûêΓûêΓûê    | 2754/4500 [10:50<07:49,  3.72it/s]
 61%|ΓûêΓûêΓûêΓûêΓûêΓûê    | 2755/4500 [10:50<07:36,  3.82it/s]
 61%|ΓûêΓûêΓûêΓûêΓûêΓûê    | 2756/4500 [10:50<07:31,  3.86it/s]
 61%|ΓûêΓûêΓûêΓûêΓûêΓûêΓûÅ   | 2757/4500 [10:51<07:23,  3.93it/s]
 61%|ΓûêΓûêΓûêΓûêΓûêΓûêΓûÅ   | 2758/4500 [10:51<07:21,  3.94it/s]
 61%|ΓûêΓûêΓûêΓûêΓûêΓûêΓûÅ   | 2759/4500 [10:51<07:21,  3.94it/s]
 61%|ΓûêΓûêΓûêΓûêΓûêΓûêΓûÅ   | 2760/4500 [10:51<07:28,  3.88it/s]
 61%|ΓûêΓûêΓûêΓûêΓûêΓûêΓûÅ   | 2761/4500 [10:52<07:24,  3.91it/s]
 61%|ΓûêΓûêΓûêΓûêΓûêΓûêΓûÅ   | 2762/4500 [10:52<07:17,  3.98it/s]
 61%|ΓûêΓûêΓûêΓûêΓûêΓûêΓûÅ   | 2763/4500 [10:52<07:14,  4.00it/s]
 61%|ΓûêΓûêΓûêΓûêΓûêΓûêΓûÅ   | 2764/4500 [10:52<07:15,  3.99it/s]
 61%|ΓûêΓûêΓûêΓûêΓûêΓûêΓûÅ   | 2765/4500 [10:53<07:22,  3.92it/s]
 61%|ΓûêΓûêΓûêΓûêΓûêΓûêΓûÅ   | 2766/4500 [10:53<07:44,  3.73it/s]
 61%|ΓûêΓûêΓûêΓûêΓûêΓûêΓûÅ   | 2767/4500 [10:53<07:46,  3.71it/s]
 62%|ΓûêΓûêΓûêΓûêΓûêΓûêΓûÅ   | 2768/4500 [10:53<07:38,  3.78it/s]
 62%|ΓûêΓûêΓûêΓûêΓûêΓûêΓûÅ   | 2769/4500 [10:54<07:32,  3.83it/s]
 62%|ΓûêΓûêΓûêΓûêΓûêΓûêΓûÅ   | 2770/4500 [10:54<07:19,  3.93it/s]
 62%|ΓûêΓûêΓûêΓûêΓûêΓûêΓûÅ   | 2771/4500 [10:54<07:28,  3.86it/s]
 62%|ΓûêΓûêΓûêΓûêΓûêΓûêΓûÅ   | 2773/4500 [10:54<05:50,  4.93it/s]
 62%|ΓûêΓûêΓûêΓûêΓûêΓûêΓûÅ   | 2774/4500 [10:55<06:12,  4.64it/s]
 62%|ΓûêΓûêΓûêΓûêΓûêΓûêΓûÅ   | 2775/4500 [10:55<06:48,  4.22it/s]
 62%|ΓûêΓûêΓûêΓûêΓûêΓûêΓûÅ   | 2776/4500 [10:55<07:06,  4.04it/s]
 62%|ΓûêΓûêΓûêΓûêΓûêΓûêΓûÅ   | 2777/4500 [10:56<07:26,  3.86it/s]
 62%|ΓûêΓûêΓûêΓûêΓûêΓûêΓûÅ   | 2778/4500 [10:56<07:28,  3.84it/s]
 62%|ΓûêΓûêΓûêΓûêΓûêΓûêΓûÅ   | 2779/4500 [10:56<07:23,  3.88it/s]
 62%|ΓûêΓûêΓûêΓûêΓûêΓûêΓûÅ   | 2780/4500 [10:56<07:24,  3.87it/s]
 62%|ΓûêΓûêΓûêΓûêΓûêΓûêΓûÅ   | 2781/4500 [10:57<07:22,  3.89it/s]
 62%|ΓûêΓûêΓûêΓûêΓûêΓûêΓûÅ   | 2782/4500 [10:57<07:35,  3.78it/s]
 62%|ΓûêΓûêΓûêΓûêΓûêΓûêΓûÅ   | 2783/4500 [10:57<07:21,  3.89it/s]
 62%|ΓûêΓûêΓûêΓûêΓûêΓûêΓûÅ   | 2784/4500 [10:57<07:13,  3.95it/s]
 62%|ΓûêΓûêΓûêΓûêΓûêΓûêΓûÅ   | 2785/4500 [10:58<07:09,  3.99it/s]
 62%|ΓûêΓûêΓûêΓûêΓûêΓûêΓûÅ   | 2786/4500 [10:58<07:15,  3.94it/s]
 62%|ΓûêΓûêΓûêΓûêΓûêΓûêΓûÅ   | 2787/4500 [10:58<07:25,  3.85it/s]
 62%|ΓûêΓûêΓûêΓûêΓûêΓûêΓûÅ   | 2788/4500 [10:58<07:17,  3.92it/s]
 62%|ΓûêΓûêΓûêΓûêΓûêΓûêΓûÅ   | 2789/4500 [10:59<07:13,  3.95it/s]
 62%|ΓûêΓûêΓûêΓûêΓûêΓûêΓûÅ   | 2790/4500 [10:59<06:56,  4.11it/s]
 62%|ΓûêΓûêΓûêΓûêΓûêΓûêΓûÅ   | 2791/4500 [10:59<07:06,  4.01it/s]
 62%|ΓûêΓûêΓûêΓûêΓûêΓûêΓûÅ   | 2792/4500 [10:59<07:03,  4.04it/s]
 62%|ΓûêΓûêΓûêΓûêΓûêΓûêΓûÅ   | 2793/4500 [11:00<07:06,  4.00it/s]
 62%|ΓûêΓûêΓûêΓûêΓûêΓûêΓûÅ   | 2794/4500 [11:00<07:35,  3.75it/s]
 62%|ΓûêΓûêΓûêΓûêΓûêΓûêΓûÅ   | 2795/4500 [11:00<07:19,  3.88it/s]
 62%|ΓûêΓûêΓûêΓûêΓûêΓûêΓûÅ   | 2796/4500 [11:00<07:15,  3.91it/s]
 62%|ΓûêΓûêΓûêΓûêΓûêΓûêΓûÅ   | 2797/4500 [11:01<07:24,  3.83it/s]
 62%|ΓûêΓûêΓûêΓûêΓûêΓûêΓûÅ   | 2798/4500 [11:01<07:42,  3.68it/s]
 62%|ΓûêΓûêΓûêΓûêΓûêΓûêΓûÅ   | 2799/4500 [11:01<07:39,  3.70it/s]
 62%|ΓûêΓûêΓûêΓûêΓûêΓûêΓûÅ   | 2800/4500 [11:01<07:44,  3.66it/s]
 62%|ΓûêΓûêΓûêΓûêΓûêΓûêΓûÅ   | 2801/4500 [11:02<07:32,  3.76it/s]
 62%|ΓûêΓûêΓûêΓûêΓûêΓûêΓûÅ   | 2802/4500 [11:02<07:08,  3.96it/s]
 62%|ΓûêΓûêΓûêΓûêΓûêΓûêΓûÅ   | 2803/4500 [11:02<07:04,  4.00it/s]
 62%|ΓûêΓûêΓûêΓûêΓûêΓûêΓûÅ   | 2804/4500 [11:02<07:08,  3.96it/s]
 62%|ΓûêΓûêΓûêΓûêΓûêΓûêΓûÅ   | 2805/4500 [11:03<07:05,  3.99it/s]
 62%|ΓûêΓûêΓûêΓûêΓûêΓûêΓûÅ   | 2806/4500 [11:03<07:11,  3.93it/s]
 62%|ΓûêΓûêΓûêΓûêΓûêΓûêΓûÅ   | 2807/4500 [11:03<07:10,  3.93it/s]
 62%|ΓûêΓûêΓûêΓûêΓûêΓûêΓûÅ   | 2808/4500 [11:04<07:32,  3.74it/s]
 62%|ΓûêΓûêΓûêΓûêΓûêΓûêΓûÅ   | 2809/4500 [11:04<07:27,  3.78it/s]
 62%|ΓûêΓûêΓûêΓûêΓûêΓûêΓûÅ   | 2810/4500 [11:04<07:15,  3.88it/s]
 62%|ΓûêΓûêΓûêΓûêΓûêΓûêΓûÅ   | 2811/4500 [11:04<07:35,  3.71it/s]
 62%|ΓûêΓûêΓûêΓûêΓûêΓûêΓûÅ   | 2812/4500 [11:05<07:26,  3.78it/s]
 63%|ΓûêΓûêΓûêΓûêΓûêΓûêΓûÄ   | 2813/4500 [11:05<07:26,  3.78it/s]
 63%|ΓûêΓûêΓûêΓûêΓûêΓûêΓûÄ   | 2814/4500 [11:05<07:24,  3.79it/s]
 63%|ΓûêΓûêΓûêΓûêΓûêΓûêΓûÄ   | 2815/4500 [11:05<07:15,  3.87it/s]
 63%|ΓûêΓûêΓûêΓûêΓûêΓûêΓûÄ   | 2816/4500 [11:06<07:16,  3.86it/s]
 63%|ΓûêΓûêΓûêΓûêΓûêΓûêΓûÄ   | 2817/4500 [11:06<07:14,  3.87it/s]
 63%|ΓûêΓûêΓûêΓûêΓûêΓûêΓûÄ   | 2818/4500 [11:06<07:06,  3.95it/s]
 63%|ΓûêΓûêΓûêΓûêΓûêΓûêΓûÄ   | 2819/4500 [11:06<07:17,  3.84it/s]
 63%|ΓûêΓûêΓûêΓûêΓûêΓûêΓûÄ   | 2820/4500 [11:07<07:57,  3.52it/s]
 63%|ΓûêΓûêΓûêΓûêΓûêΓûêΓûÄ   | 2821/4500 [11:07<07:53,  3.55it/s]
 63%|ΓûêΓûêΓûêΓûêΓûêΓûêΓûÄ   | 2822/4500 [11:07<07:42,  3.63it/s]
 63%|ΓûêΓûêΓûêΓûêΓûêΓûêΓûÄ   | 2823/4500 [11:08<07:32,  3.70it/s]
 63%|ΓûêΓûêΓûêΓûêΓûêΓûêΓûÄ   | 2824/4500 [11:08<07:19,  3.81it/s]
 63%|ΓûêΓûêΓûêΓûêΓûêΓûêΓûÄ   | 2825/4500 [11:08<07:20,  3.81it/s]
 63%|ΓûêΓûêΓûêΓûêΓûêΓûêΓûÄ   | 2826/4500 [11:08<07:20,  3.80it/s]
 63%|ΓûêΓûêΓûêΓûêΓûêΓûêΓûÄ   | 2827/4500 [11:09<07:05,  3.93it/s]
 63%|ΓûêΓûêΓûêΓûêΓûêΓûêΓûÄ   | 2828/4500 [11:09<07:08,  3.90it/s]
 63%|ΓûêΓûêΓûêΓûêΓûêΓûêΓûÄ   | 2829/4500 [11:09<07:01,  3.97it/s]
 63%|ΓûêΓûêΓûêΓûêΓûêΓûêΓûÄ   | 2830/4500 [11:09<07:09,  3.89it/s]
 63%|ΓûêΓûêΓûêΓûêΓûêΓûêΓûÄ   | 2831/4500 [11:10<06:56,  4.01it/s]
 63%|ΓûêΓûêΓûêΓûêΓûêΓûêΓûÄ   | 2832/4500 [11:10<06:59,  3.98it/s]
 63%|ΓûêΓûêΓûêΓûêΓûêΓûêΓûÄ   | 2833/4500 [11:10<06:55,  4.01it/s]
 63%|ΓûêΓûêΓûêΓûêΓûêΓûêΓûÄ   | 2834/4500 [11:10<06:50,  4.06it/s]
 63%|ΓûêΓûêΓûêΓûêΓûêΓûêΓûÄ   | 2835/4500 [11:11<06:47,  4.09it/s]
 63%|ΓûêΓûêΓûêΓûêΓûêΓûêΓûÄ   | 2836/4500 [11:11<06:44,  4.11it/s]
 63%|ΓûêΓûêΓûêΓûêΓûêΓûêΓûÄ   | 2837/4500 [11:11<06:57,  3.98it/s]
 63%|ΓûêΓûêΓûêΓûêΓûêΓûêΓûÄ   | 2838/4500 [11:11<06:49,  4.05it/s]
 63%|ΓûêΓûêΓûêΓûêΓûêΓûêΓûÄ   | 2839/4500 [11:12<06:49,  4.06it/s]
 63%|ΓûêΓûêΓûêΓûêΓûêΓûêΓûÄ   | 2840/4500 [11:12<06:48,  4.06it/s]
 63%|ΓûêΓûêΓûêΓûêΓûêΓûêΓûÄ   | 2841/4500 [11:12<06:41,  4.14it/s]
 63%|ΓûêΓûêΓûêΓûêΓûêΓûêΓûÄ   | 2842/4500 [11:12<06:33,  4.21it/s]
 63%|ΓûêΓûêΓûêΓûêΓûêΓûêΓûÄ   | 2843/4500 [11:12<06:46,  4.08it/s]
 63%|ΓûêΓûêΓûêΓûêΓûêΓûêΓûÄ   | 2844/4500 [11:13<07:01,  3.93it/s]
 63%|ΓûêΓûêΓûêΓûêΓûêΓûêΓûÄ   | 2845/4500 [11:13<06:53,  4.01it/s]
 63%|ΓûêΓûêΓûêΓûêΓûêΓûêΓûÄ   | 2846/4500 [11:13<06:54,  3.99it/s]
 63%|ΓûêΓûêΓûêΓûêΓûêΓûêΓûÄ   | 2847/4500 [11:13<06:50,  4.03it/s]
 63%|ΓûêΓûêΓûêΓûêΓûêΓûêΓûÄ   | 2848/4500 [11:14<06:57,  3.96it/s]
 63%|ΓûêΓûêΓûêΓûêΓûêΓûêΓûÄ   | 2849/4500 [11:14<08:12,  3.35it/s]
 63%|ΓûêΓûêΓûêΓûêΓûêΓûêΓûÄ   | 2850/4500 [11:14<08:35,  3.20it/s]
 63%|ΓûêΓûêΓûêΓûêΓûêΓûêΓûÄ   | 2851/4500 [11:15<08:15,  3.33it/s]
 63%|ΓûêΓûêΓûêΓûêΓûêΓûêΓûÄ   | 2852/4500 [11:15<07:40,  3.58it/s]
 63%|ΓûêΓûêΓûêΓûêΓûêΓûêΓûÄ   | 2853/4500 [11:15<07:08,  3.84it/s]
 63%|ΓûêΓûêΓûêΓûêΓûêΓûêΓûÄ   | 2854/4500 [11:15<06:49,  4.02it/s]
 63%|ΓûêΓûêΓûêΓûêΓûêΓûêΓûÄ   | 2855/4500 [11:16<06:29,  4.23it/s]
 63%|ΓûêΓûêΓûêΓûêΓûêΓûêΓûÄ   | 2856/4500 [11:16<06:18,  4.35it/s]
 63%|ΓûêΓûêΓûêΓûêΓûêΓûêΓûÄ   | 2857/4500 [11:16<06:08,  4.45it/s]
 64%|ΓûêΓûêΓûêΓûêΓûêΓûêΓûÄ   | 2858/4500 [11:16<06:11,  4.42it/s]
 64%|ΓûêΓûêΓûêΓûêΓûêΓûêΓûÄ   | 2859/4500 [11:17<06:12,  4.41it/s]
 64%|ΓûêΓûêΓûêΓûêΓûêΓûêΓûÄ   | 2860/4500 [11:17<06:07,  4.47it/s]
 64%|ΓûêΓûêΓûêΓûêΓûêΓûêΓûÄ   | 2861/4500 [11:17<06:10,  4.42it/s]
 64%|ΓûêΓûêΓûêΓûêΓûêΓûêΓûÄ   | 2862/4500 [11:17<06:04,  4.50it/s]
 64%|ΓûêΓûêΓûêΓûêΓûêΓûêΓûÄ   | 2863/4500 [11:17<06:05,  4.47it/s]
 64%|ΓûêΓûêΓûêΓûêΓûêΓûêΓûÄ   | 2864/4500 [11:18<05:54,  4.61it/s]
 64%|ΓûêΓûêΓûêΓûêΓûêΓûêΓûÄ   | 2865/4500 [11:18<05:53,  4.63it/s]
 64%|ΓûêΓûêΓûêΓûêΓûêΓûêΓûÄ   | 2866/4500 [11:18<05:45,  4.72it/s]
 64%|ΓûêΓûêΓûêΓûêΓûêΓûêΓûÄ   | 2867/4500 [11:18<05:46,  4.71it/s]
 64%|ΓûêΓûêΓûêΓûêΓûêΓûêΓûÄ   | 2868/4500 [11:18<05:56,  4.58it/s]
 64%|ΓûêΓûêΓûêΓûêΓûêΓûêΓûì   | 2869/4500 [11:19<06:09,  4.41it/s]
 64%|ΓûêΓûêΓûêΓûêΓûêΓûêΓûì   | 2870/4500 [11:19<06:15,  4.34it/s]
 64%|ΓûêΓûêΓûêΓûêΓûêΓûêΓûì   | 2871/4500 [11:19<06:04,  4.47it/s]
 64%|ΓûêΓûêΓûêΓûêΓûêΓûêΓûì   | 2872/4500 [11:19<05:58,  4.54it/s]
 64%|ΓûêΓûêΓûêΓûêΓûêΓûêΓûì   | 2873/4500 [11:20<06:04,  4.46it/s]
 64%|ΓûêΓûêΓûêΓûêΓûêΓûêΓûì   | 2874/4500 [11:20<06:38,  4.08it/s]
 64%|ΓûêΓûêΓûêΓûêΓûêΓûêΓûì   | 2875/4500 [11:20<07:05,  3.82it/s]
 64%|ΓûêΓûêΓûêΓûêΓûêΓûêΓûì   | 2876/4500 [11:20<06:45,  4.00it/s]
 64%|ΓûêΓûêΓûêΓûêΓûêΓûêΓûì   | 2877/4500 [11:21<06:23,  4.24it/s]
 64%|ΓûêΓûêΓûêΓûêΓûêΓûêΓûì   | 2878/4500 [11:21<06:09,  4.38it/s]
 64%|ΓûêΓûêΓûêΓûêΓûêΓûêΓûì   | 2879/4500 [11:21<06:04,  4.45it/s]
 64%|ΓûêΓûêΓûêΓûêΓûêΓûêΓûì   | 2880/4500 [11:21<06:15,  4.32it/s]
 64%|ΓûêΓûêΓûêΓûêΓûêΓûêΓûì   | 2881/4500 [11:22<06:10,  4.37it/s]
 64%|ΓûêΓûêΓûêΓûêΓûêΓûêΓûì   | 2882/4500 [11:22<06:09,  4.38it/s]
 64%|ΓûêΓûêΓûêΓûêΓûêΓûêΓûì   | 2883/4500 [11:22<06:00,  4.48it/s]
 64%|ΓûêΓûêΓûêΓûêΓûêΓûêΓûì   | 2884/4500 [11:22<06:03,  4.45it/s]
 64%|ΓûêΓûêΓûêΓûêΓûêΓûêΓûì   | 2885/4500 [11:22<06:09,  4.38it/s]
 64%|ΓûêΓûêΓûêΓûêΓûêΓûêΓûì   | 2886/4500 [11:23<06:03,  4.44it/s]
 64%|ΓûêΓûêΓûêΓûêΓûêΓûêΓûì   | 2887/4500 [11:23<05:58,  4.50it/s]
 64%|ΓûêΓûêΓûêΓûêΓûêΓûêΓûì   | 2888/4500 [11:23<06:05,  4.41it/s]
 64%|ΓûêΓûêΓûêΓûêΓûêΓûêΓûì   | 2889/4500 [11:23<06:05,  4.40it/s]
 64%|ΓûêΓûêΓûêΓûêΓûêΓûêΓûì   | 2890/4500 [11:24<06:03,  4.43it/s]
 64%|ΓûêΓûêΓûêΓûêΓûêΓûêΓûì   | 2891/4500 [11:24<05:58,  4.48it/s]
 64%|ΓûêΓûêΓûêΓûêΓûêΓûêΓûì   | 2892/4500 [11:24<06:08,  4.36it/s]
 64%|ΓûêΓûêΓûêΓûêΓûêΓûêΓûì   | 2893/4500 [11:24<06:24,  4.18it/s]
 64%|ΓûêΓûêΓûêΓûêΓûêΓûêΓûì   | 2894/4500 [11:25<06:22,  4.20it/s]
 64%|ΓûêΓûêΓûêΓûêΓûêΓûêΓûì   | 2895/4500 [11:25<06:15,  4.27it/s]
 64%|ΓûêΓûêΓûêΓûêΓûêΓûêΓûì   | 2896/4500 [11:25<06:01,  4.44it/s]
 64%|ΓûêΓûêΓûêΓûêΓûêΓûêΓûì   | 2897/4500 [11:25<06:03,  4.41it/s]
 64%|ΓûêΓûêΓûêΓûêΓûêΓûêΓûì   | 2898/4500 [11:25<06:09,  4.33it/s]
 64%|ΓûêΓûêΓûêΓûêΓûêΓûêΓûì   | 2899/4500 [11:26<06:10,  4.33it/s]
 64%|ΓûêΓûêΓûêΓûêΓûêΓûêΓûì   | 2900/4500 [11:26<06:06,  4.36it/s]
 64%|ΓûêΓûêΓûêΓûêΓûêΓûêΓûì   | 2901/4500 [11:26<06:12,  4.29it/s]
 64%|ΓûêΓûêΓûêΓûêΓûêΓûêΓûì   | 2902/4500 [11:26<06:07,  4.35it/s]
 65%|ΓûêΓûêΓûêΓûêΓûêΓûêΓûì   | 2903/4500 [11:27<06:22,  4.18it/s]
 65%|ΓûêΓûêΓûêΓûêΓûêΓûêΓûì   | 2904/4500 [11:27<06:44,  3.94it/s]
 65%|ΓûêΓûêΓûêΓûêΓûêΓûêΓûì   | 2905/4500 [11:27<06:58,  3.81it/s]
 65%|ΓûêΓûêΓûêΓûêΓûêΓûêΓûì   | 2906/4500 [11:27<06:53,  3.86it/s]
 65%|ΓûêΓûêΓûêΓûêΓûêΓûêΓûì   | 2907/4500 [11:28<06:32,  4.06it/s]
 65%|ΓûêΓûêΓûêΓûêΓûêΓûêΓûì   | 2908/4500 [11:28<06:20,  4.19it/s]
 65%|ΓûêΓûêΓûêΓûêΓûêΓûêΓûì   | 2909/4500 [11:28<06:17,  4.21it/s]
 65%|ΓûêΓûêΓûêΓûêΓûêΓûêΓûì   | 2910/4500 [11:28<06:19,  4.19it/s]
 65%|ΓûêΓûêΓûêΓûêΓûêΓûêΓûì   | 2911/4500 [11:29<06:10,  4.29it/s]
 65%|ΓûêΓûêΓûêΓûêΓûêΓûêΓûì   | 2912/4500 [11:29<05:59,  4.42it/s]
 65%|ΓûêΓûêΓûêΓûêΓûêΓûêΓûì   | 2913/4500 [11:29<06:00,  4.40it/s]
 65%|ΓûêΓûêΓûêΓûêΓûêΓûêΓûì   | 2914/4500 [11:29<06:10,  4.29it/s]
 65%|ΓûêΓûêΓûêΓûêΓûêΓûêΓûì   | 2915/4500 [11:29<05:57,  4.43it/s]
 65%|ΓûêΓûêΓûêΓûêΓûêΓûêΓûì   | 2916/4500 [11:30<05:51,  4.51it/s]
 65%|ΓûêΓûêΓûêΓûêΓûêΓûêΓûì   | 2917/4500 [11:30<05:50,  4.51it/s]
 65%|ΓûêΓûêΓûêΓûêΓûêΓûêΓûì   | 2918/4500 [11:30<05:45,  4.58it/s]
 65%|ΓûêΓûêΓûêΓûêΓûêΓûêΓûì   | 2919/4500 [11:30<06:08,  4.29it/s]
 65%|ΓûêΓûêΓûêΓûêΓûêΓûêΓûì   | 2920/4500 [11:31<06:01,  4.37it/s]
 65%|ΓûêΓûêΓûêΓûêΓûêΓûêΓûì   | 2921/4500 [11:31<05:51,  4.49it/s]
 65%|ΓûêΓûêΓûêΓûêΓûêΓûêΓûì   | 2922/4500 [11:31<05:52,  4.47it/s]
 65%|ΓûêΓûêΓûêΓûêΓûêΓûêΓûì   | 2923/4500 [11:31<05:58,  4.39it/s]
 65%|ΓûêΓûêΓûêΓûêΓûêΓûêΓûì   | 2924/4500 [11:31<05:59,  4.39it/s]
 65%|ΓûêΓûêΓûêΓûêΓûêΓûêΓûî   | 2925/4500 [11:32<05:56,  4.42it/s]
 65%|ΓûêΓûêΓûêΓûêΓûêΓûêΓûî   | 2926/4500 [11:32<05:52,  4.46it/s]
 65%|ΓûêΓûêΓûêΓûêΓûêΓûêΓûî   | 2927/4500 [11:32<05:47,  4.53it/s]
 65%|ΓûêΓûêΓûêΓûêΓûêΓûêΓûî   | 2928/4500 [11:32<05:44,  4.56it/s]
 65%|ΓûêΓûêΓûêΓûêΓûêΓûêΓûî   | 2929/4500 [11:33<05:55,  4.42it/s]
 65%|ΓûêΓûêΓûêΓûêΓûêΓûêΓûî   | 2930/4500 [11:33<06:49,  3.83it/s]
 65%|ΓûêΓûêΓûêΓûêΓûêΓûêΓûî   | 2931/4500 [11:33<07:28,  3.50it/s]
 65%|ΓûêΓûêΓûêΓûêΓûêΓûêΓûî   | 2932/4500 [11:34<08:12,  3.18it/s]
 65%|ΓûêΓûêΓûêΓûêΓûêΓûêΓûî   | 2933/4500 [11:34<07:35,  3.44it/s]
 65%|ΓûêΓûêΓûêΓûêΓûêΓûêΓûî   | 2934/4500 [11:34<07:00,  3.73it/s]
 65%|ΓûêΓûêΓûêΓûêΓûêΓûêΓûî   | 2935/4500 [11:34<06:37,  3.93it/s]
 65%|ΓûêΓûêΓûêΓûêΓûêΓûêΓûî   | 2936/4500 [11:35<06:16,  4.16it/s]
 65%|ΓûêΓûêΓûêΓûêΓûêΓûêΓûî   | 2937/4500 [11:35<06:04,  4.29it/s]
 65%|ΓûêΓûêΓûêΓûêΓûêΓûêΓûî   | 2938/4500 [11:35<05:59,  4.34it/s]
 65%|ΓûêΓûêΓûêΓûêΓûêΓûêΓûî   | 2939/4500 [11:35<06:04,  4.28it/s]
 65%|ΓûêΓûêΓûêΓûêΓûêΓûêΓûî   | 2940/4500 [11:35<06:03,  4.29it/s]
 65%|ΓûêΓûêΓûêΓûêΓûêΓûêΓûî   | 2941/4500 [11:36<05:56,  4.38it/s]
 65%|ΓûêΓûêΓûêΓûêΓûêΓûêΓûî   | 2942/4500 [11:36<06:00,  4.32it/s]
 65%|ΓûêΓûêΓûêΓûêΓûêΓûêΓûî   | 2943/4500 [11:36<05:52,  4.42it/s]
 65%|ΓûêΓûêΓûêΓûêΓûêΓûêΓûî   | 2944/4500 [11:36<05:47,  4.48it/s]
 65%|ΓûêΓûêΓûêΓûêΓûêΓûêΓûî   | 2945/4500 [11:37<05:54,  4.38it/s]
 65%|ΓûêΓûêΓûêΓûêΓûêΓûêΓûî   | 2946/4500 [11:37<05:46,  4.49it/s]
 65%|ΓûêΓûêΓûêΓûêΓûêΓûêΓûî   | 2947/4500 [11:37<05:38,  4.58it/s]
 66%|ΓûêΓûêΓûêΓûêΓûêΓûêΓûî   | 2948/4500 [11:37<05:38,  4.59it/s]
 66%|ΓûêΓûêΓûêΓûêΓûêΓûêΓûî   | 2949/4500 [11:37<05:47,  4.47it/s]
 66%|ΓûêΓûêΓûêΓûêΓûêΓûêΓûî   | 2950/4500 [11:38<05:36,  4.61it/s]
 66%|ΓûêΓûêΓûêΓûêΓûêΓûêΓûî   | 2951/4500 [11:38<05:36,  4.60it/s]
 66%|ΓûêΓûêΓûêΓûêΓûêΓûêΓûî   | 2952/4500 [11:38<05:45,  4.49it/s]
 66%|ΓûêΓûêΓûêΓûêΓûêΓûêΓûî   | 2953/4500 [11:38<05:48,  4.44it/s]
 66%|ΓûêΓûêΓûêΓûêΓûêΓûêΓûî   | 2954/4500 [11:39<05:42,  4.51it/s]
 66%|ΓûêΓûêΓûêΓûêΓûêΓûêΓûî   | 2955/4500 [11:39<05:34,  4.62it/s]
 66%|ΓûêΓûêΓûêΓûêΓûêΓûêΓûî   | 2956/4500 [11:39<06:16,  4.10it/s]
 66%|ΓûêΓûêΓûêΓûêΓûêΓûêΓûî   | 2957/4500 [11:39<07:28,  3.44it/s]
 66%|ΓûêΓûêΓûêΓûêΓûêΓûêΓûî   | 2958/4500 [11:40<08:25,  3.05it/s]
 66%|ΓûêΓûêΓûêΓûêΓûêΓûêΓûî   | 2959/4500 [11:40<07:52,  3.26it/s]
 66%|ΓûêΓûêΓûêΓûêΓûêΓûêΓûî   | 2960/4500 [11:40<07:29,  3.43it/s]
 66%|ΓûêΓûêΓûêΓûêΓûêΓûêΓûî   | 2961/4500 [11:41<07:11,  3.56it/s]
 66%|ΓûêΓûêΓûêΓûêΓûêΓûêΓûî   | 2962/4500 [11:41<06:55,  3.70it/s]
 66%|ΓûêΓûêΓûêΓûêΓûêΓûêΓûî   | 2963/4500 [11:41<06:38,  3.85it/s]
 66%|ΓûêΓûêΓûêΓûêΓûêΓûêΓûî   | 2964/4500 [11:41<06:22,  4.01it/s]
 66%|ΓûêΓûêΓûêΓûêΓûêΓûêΓûî   | 2965/4500 [11:42<06:11,  4.13it/s]
 66%|ΓûêΓûêΓûêΓûêΓûêΓûêΓûî   | 2966/4500 [11:42<06:08,  4.17it/s]
 66%|ΓûêΓûêΓûêΓûêΓûêΓûêΓûî   | 2967/4500 [11:42<05:59,  4.26it/s]
 66%|ΓûêΓûêΓûêΓûêΓûêΓûêΓûî   | 2968/4500 [11:42<05:52,  4.35it/s]
 66%|ΓûêΓûêΓûêΓûêΓûêΓûêΓûî   | 2969/4500 [11:43<06:10,  4.13it/s]
 66%|ΓûêΓûêΓûêΓûêΓûêΓûêΓûî   | 2970/4500 [11:43<06:08,  4.16it/s]
 66%|ΓûêΓûêΓûêΓûêΓûêΓûêΓûî   | 2971/4500 [11:43<06:12,  4.10it/s]
 66%|ΓûêΓûêΓûêΓûêΓûêΓûêΓûî   | 2972/4500 [11:43<06:28,  3.94it/s]
 66%|ΓûêΓûêΓûêΓûêΓûêΓûêΓûî   | 2973/4500 [11:44<06:10,  4.12it/s]
 66%|ΓûêΓûêΓûêΓûêΓûêΓûêΓûî   | 2974/4500 [11:44<06:08,  4.14it/s]
 66%|ΓûêΓûêΓûêΓûêΓûêΓûêΓûî   | 2975/4500 [11:44<05:53,  4.32it/s]
 66%|ΓûêΓûêΓûêΓûêΓûêΓûêΓûî   | 2976/4500 [11:44<05:54,  4.30it/s]
 66%|ΓûêΓûêΓûêΓûêΓûêΓûêΓûî   | 2977/4500 [11:44<05:53,  4.31it/s]
 66%|ΓûêΓûêΓûêΓûêΓûêΓûêΓûî   | 2978/4500 [11:45<05:46,  4.40it/s]
 66%|ΓûêΓûêΓûêΓûêΓûêΓûêΓûî   | 2979/4500 [11:45<05:55,  4.28it/s]
 66%|ΓûêΓûêΓûêΓûêΓûêΓûêΓûî   | 2980/4500 [11:45<05:53,  4.30it/s]
 66%|ΓûêΓûêΓûêΓûêΓûêΓûêΓûî   | 2981/4500 [11:45<05:56,  4.26it/s]
 66%|ΓûêΓûêΓûêΓûêΓûêΓûêΓûï   | 2982/4500 [11:46<05:59,  4.22it/s]
 66%|ΓûêΓûêΓûêΓûêΓûêΓûêΓûï   | 2983/4500 [11:46<06:05,  4.16it/s]
 66%|ΓûêΓûêΓûêΓûêΓûêΓûêΓûï   | 2984/4500 [11:46<06:01,  4.19it/s]
 66%|ΓûêΓûêΓûêΓûêΓûêΓûêΓûï   | 2985/4500 [11:46<06:01,  4.19it/s]
 66%|ΓûêΓûêΓûêΓûêΓûêΓûêΓûï   | 2986/4500 [11:47<05:55,  4.25it/s]
 66%|ΓûêΓûêΓûêΓûêΓûêΓûêΓûï   | 2987/4500 [11:47<05:50,  4.32it/s]
 66%|ΓûêΓûêΓûêΓûêΓûêΓûêΓûï   | 2988/4500 [11:47<05:44,  4.39it/s]
 66%|ΓûêΓûêΓûêΓûêΓûêΓûêΓûï   | 2989/4500 [11:47<05:50,  4.32it/s]
 66%|ΓûêΓûêΓûêΓûêΓûêΓûêΓûï   | 2990/4500 [11:47<05:52,  4.28it/s]
 66%|ΓûêΓûêΓûêΓûêΓûêΓûêΓûï   | 2991/4500 [11:48<05:53,  4.26it/s]
 66%|ΓûêΓûêΓûêΓûêΓûêΓûêΓûï   | 2992/4500 [11:48<05:57,  4.22it/s]
 67%|ΓûêΓûêΓûêΓûêΓûêΓûêΓûï   | 2993/4500 [11:48<05:50,  4.30it/s]
 67%|ΓûêΓûêΓûêΓûêΓûêΓûêΓûï   | 2994/4500 [11:48<06:00,  4.17it/s]
 67%|ΓûêΓûêΓûêΓûêΓûêΓûêΓûï   | 2995/4500 [11:49<06:05,  4.12it/s]
 67%|ΓûêΓûêΓûêΓûêΓûêΓûêΓûï   | 2996/4500 [11:49<06:11,  4.04it/s]
 67%|ΓûêΓûêΓûêΓûêΓûêΓûêΓûï   | 2997/4500 [11:49<06:32,  3.83it/s]
 67%|ΓûêΓûêΓûêΓûêΓûêΓûêΓûï   | 2998/4500 [11:49<06:19,  3.96it/s]
 67%|ΓûêΓûêΓûêΓûêΓûêΓûêΓûï   | 2999/4500 [11:50<06:15,  4.00it/s]
 67%|ΓûêΓûêΓûêΓûêΓûêΓûêΓûï   | 3000/4500 [11:50<06:02,  4.14it/s]
 67%|ΓûêΓûêΓûêΓûêΓûêΓûêΓûï   | 3001/4500 [11:50<05:51,  4.26it/s]
 67%|ΓûêΓûêΓûêΓûêΓûêΓûêΓûï   | 3002/4500 [11:50<05:43,  4.36it/s]
 67%|ΓûêΓûêΓûêΓûêΓûêΓûêΓûï   | 3003/4500 [11:51<05:40,  4.39it/s]
 67%|ΓûêΓûêΓûêΓûêΓûêΓûêΓûï   | 3004/4500 [11:51<05:47,  4.31it/s]
 67%|ΓûêΓûêΓûêΓûêΓûêΓûêΓûï   | 3005/4500 [11:51<05:45,  4.33it/s]
 67%|ΓûêΓûêΓûêΓûêΓûêΓûêΓûï   | 3006/4500 [11:51<05:38,  4.41it/s]
 67%|ΓûêΓûêΓûêΓûêΓûêΓûêΓûï   | 3007/4500 [11:52<05:47,  4.29it/s]
 67%|ΓûêΓûêΓûêΓûêΓûêΓûêΓûï   | 3008/4500 [11:52<05:44,  4.33it/s]
 67%|ΓûêΓûêΓûêΓûêΓûêΓûêΓûï   | 3009/4500 [11:52<05:48,  4.28it/s]
 67%|ΓûêΓûêΓûêΓûêΓûêΓûêΓûï   | 3010/4500 [11:52<05:46,  4.30it/s]
 67%|ΓûêΓûêΓûêΓûêΓûêΓûêΓûï   | 3011/4500 [11:52<06:01,  4.11it/s]
 67%|ΓûêΓûêΓûêΓûêΓûêΓûêΓûï   | 3012/4500 [11:53<05:54,  4.20it/s]
 67%|ΓûêΓûêΓûêΓûêΓûêΓûêΓûï   | 3013/4500 [11:53<05:48,  4.27it/s]
 67%|ΓûêΓûêΓûêΓûêΓûêΓûêΓûï   | 3014/4500 [11:53<05:44,  4.32it/s]
 67%|ΓûêΓûêΓûêΓûêΓûêΓûêΓûï   | 3015/4500 [11:53<05:43,  4.32it/s]
 67%|ΓûêΓûêΓûêΓûêΓûêΓûêΓûï   | 3016/4500 [11:54<05:39,  4.37it/s]
 67%|ΓûêΓûêΓûêΓûêΓûêΓûêΓûï   | 3017/4500 [11:54<05:43,  4.32it/s]
 67%|ΓûêΓûêΓûêΓûêΓûêΓûêΓûï   | 3018/4500 [11:54<05:42,  4.32it/s]
 67%|ΓûêΓûêΓûêΓûêΓûêΓûêΓûï   | 3019/4500 [11:54<05:45,  4.29it/s]
 67%|ΓûêΓûêΓûêΓûêΓûêΓûêΓûï   | 3020/4500 [11:55<05:44,  4.30it/s]
 67%|ΓûêΓûêΓûêΓûêΓûêΓûêΓûï   | 3021/4500 [11:55<05:50,  4.23it/s]
 67%|ΓûêΓûêΓûêΓûêΓûêΓûêΓûï   | 3022/4500 [11:55<05:49,  4.22it/s]
 67%|ΓûêΓûêΓûêΓûêΓûêΓûêΓûï   | 3023/4500 [11:55<05:48,  4.23it/s]
 67%|ΓûêΓûêΓûêΓûêΓûêΓûêΓûï   | 3024/4500 [11:55<05:43,  4.30it/s]
 67%|ΓûêΓûêΓûêΓûêΓûêΓûêΓûï   | 3025/4500 [11:56<05:39,  4.35it/s]
 67%|ΓûêΓûêΓûêΓûêΓûêΓûêΓûï   | 3026/4500 [11:56<05:37,  4.36it/s]
 67%|ΓûêΓûêΓûêΓûêΓûêΓûêΓûï   | 3027/4500 [11:56<05:39,  4.33it/s]
 67%|ΓûêΓûêΓûêΓûêΓûêΓûêΓûï   | 3028/4500 [11:56<05:35,  4.38it/s]
 67%|ΓûêΓûêΓûêΓûêΓûêΓûêΓûï   | 3029/4500 [11:57<05:34,  4.40it/s]
 67%|ΓûêΓûêΓûêΓûêΓûêΓûêΓûï   | 3030/4500 [11:57<05:33,  4.41it/s]
 67%|ΓûêΓûêΓûêΓûêΓûêΓûêΓûï   | 3031/4500 [11:57<05:27,  4.49it/s]
 67%|ΓûêΓûêΓûêΓûêΓûêΓûêΓûï   | 3032/4500 [11:57<05:36,  4.36it/s]
 67%|ΓûêΓûêΓûêΓûêΓûêΓûêΓûï   | 3033/4500 [11:58<05:34,  4.38it/s]
 67%|ΓûêΓûêΓûêΓûêΓûêΓûêΓûï   | 3034/4500 [11:58<05:42,  4.28it/s]
 67%|ΓûêΓûêΓûêΓûêΓûêΓûêΓûï   | 3035/4500 [11:58<05:36,  4.35it/s]
 67%|ΓûêΓûêΓûêΓûêΓûêΓûêΓûï   | 3036/4500 [11:58<05:41,  4.28it/s]
 67%|ΓûêΓûêΓûêΓûêΓûêΓûêΓûï   | 3037/4500 [11:58<05:39,  4.30it/s]
 68%|ΓûêΓûêΓûêΓûêΓûêΓûêΓûè   | 3038/4500 [11:59<05:40,  4.29it/s]
 68%|ΓûêΓûêΓûêΓûêΓûêΓûêΓûè   | 3039/4500 [11:59<05:49,  4.18it/s]
 68%|ΓûêΓûêΓûêΓûêΓûêΓûêΓûè   | 3040/4500 [11:59<05:57,  4.09it/s]
 68%|ΓûêΓûêΓûêΓûêΓûêΓûêΓûè   | 3041/4500 [11:59<05:55,  4.11it/s]
 68%|ΓûêΓûêΓûêΓûêΓûêΓûêΓûè   | 3042/4500 [12:00<05:51,  4.15it/s]
 68%|ΓûêΓûêΓûêΓûêΓûêΓûêΓûè   | 3043/4500 [12:00<05:46,  4.20it/s]
 68%|ΓûêΓûêΓûêΓûêΓûêΓûêΓûè   | 3044/4500 [12:00<05:39,  4.29it/s]
 68%|ΓûêΓûêΓûêΓûêΓûêΓûêΓûè   | 3045/4500 [12:00<05:33,  4.36it/s]
 68%|ΓûêΓûêΓûêΓûêΓûêΓûêΓûè   | 3046/4500 [12:01<05:26,  4.45it/s]
 68%|ΓûêΓûêΓûêΓûêΓûêΓûêΓûè   | 3047/4500 [12:01<05:31,  4.38it/s]
 68%|ΓûêΓûêΓûêΓûêΓûêΓûêΓûè   | 3048/4500 [12:01<05:44,  4.22it/s]
 68%|ΓûêΓûêΓûêΓûêΓûêΓûêΓûè   | 3049/4500 [12:01<05:40,  4.26it/s]
 68%|ΓûêΓûêΓûêΓûêΓûêΓûêΓûè   | 3050/4500 [12:02<05:35,  4.32it/s]
 68%|ΓûêΓûêΓûêΓûêΓûêΓûêΓûè   | 3051/4500 [12:02<05:23,  4.48it/s]
 68%|ΓûêΓûêΓûêΓûêΓûêΓûêΓûè   | 3052/4500 [12:02<05:30,  4.38it/s]
 68%|ΓûêΓûêΓûêΓûêΓûêΓûêΓûè   | 3053/4500 [12:02<05:35,  4.32it/s]
 68%|ΓûêΓûêΓûêΓûêΓûêΓûêΓûè   | 3054/4500 [12:02<05:29,  4.38it/s]
 68%|ΓûêΓûêΓûêΓûêΓûêΓûêΓûè   | 3055/4500 [12:03<05:43,  4.21it/s]
 68%|ΓûêΓûêΓûêΓûêΓûêΓûêΓûè   | 3056/4500 [12:03<05:47,  4.15it/s]
 68%|ΓûêΓûêΓûêΓûêΓûêΓûêΓûè   | 3057/4500 [12:03<05:55,  4.06it/s]
 68%|ΓûêΓûêΓûêΓûêΓûêΓûêΓûè   | 3058/4500 [12:03<05:52,  4.09it/s]
 68%|ΓûêΓûêΓûêΓûêΓûêΓûêΓûè   | 3059/4500 [12:04<05:47,  4.14it/s]
 68%|ΓûêΓûêΓûêΓûêΓûêΓûêΓûè   | 3060/4500 [12:04<05:38,  4.25it/s]
 68%|ΓûêΓûêΓûêΓûêΓûêΓûêΓûè   | 3061/4500 [12:04<05:51,  4.09it/s]
 68%|ΓûêΓûêΓûêΓûêΓûêΓûêΓûè   | 3062/4500 [12:04<05:57,  4.02it/s]
 68%|ΓûêΓûêΓûêΓûêΓûêΓûêΓûè   | 3063/4500 [12:05<05:57,  4.02it/s]
 68%|ΓûêΓûêΓûêΓûêΓûêΓûêΓûè   | 3064/4500 [12:05<05:57,  4.02it/s]
 68%|ΓûêΓûêΓûêΓûêΓûêΓûêΓûè   | 3066/4500 [12:05<04:36,  5.19it/s]
 68%|ΓûêΓûêΓûêΓûêΓûêΓûêΓûè   | 3067/4500 [12:05<04:43,  5.05it/s]
 68%|ΓûêΓûêΓûêΓûêΓûêΓûêΓûè   | 3068/4500 [12:06<05:02,  4.74it/s]
 68%|ΓûêΓûêΓûêΓûêΓûêΓûêΓûè   | 3069/4500 [12:06<05:16,  4.52it/s]
 68%|ΓûêΓûêΓûêΓûêΓûêΓûêΓûè   | 3070/4500 [12:06<05:26,  4.38it/s]
 68%|ΓûêΓûêΓûêΓûêΓûêΓûêΓûè   | 3071/4500 [12:06<05:36,  4.25it/s]
 68%|ΓûêΓûêΓûêΓûêΓûêΓûêΓûè   | 3072/4500 [12:07<05:34,  4.27it/s]
 68%|ΓûêΓûêΓûêΓûêΓûêΓûêΓûè   | 3073/4500 [12:07<05:26,  4.37it/s]
 68%|ΓûêΓûêΓûêΓûêΓûêΓûêΓûè   | 3074/4500 [12:07<05:32,  4.28it/s]
 68%|ΓûêΓûêΓûêΓûêΓûêΓûêΓûè   | 3075/4500 [12:07<05:25,  4.38it/s]
 68%|ΓûêΓûêΓûêΓûêΓûêΓûêΓûè   | 3076/4500 [12:08<05:23,  4.41it/s]
 68%|ΓûêΓûêΓûêΓûêΓûêΓûêΓûè   | 3077/4500 [12:08<05:22,  4.41it/s]
 68%|ΓûêΓûêΓûêΓûêΓûêΓûêΓûè   | 3078/4500 [12:08<05:20,  4.44it/s]
 68%|ΓûêΓûêΓûêΓûêΓûêΓûêΓûè   | 3079/4500 [12:08<05:16,  4.49it/s]
 68%|ΓûêΓûêΓûêΓûêΓûêΓûêΓûè   | 3080/4500 [12:08<05:24,  4.37it/s]
 68%|ΓûêΓûêΓûêΓûêΓûêΓûêΓûè   | 3081/4500 [12:09<05:24,  4.37it/s]
 68%|ΓûêΓûêΓûêΓûêΓûêΓûêΓûè   | 3082/4500 [12:09<05:24,  4.37it/s]
 69%|ΓûêΓûêΓûêΓûêΓûêΓûêΓûè   | 3083/4500 [12:09<05:26,  4.34it/s]
 69%|ΓûêΓûêΓûêΓûêΓûêΓûêΓûè   | 3084/4500 [12:09<05:27,  4.32it/s]
 69%|ΓûêΓûêΓûêΓûêΓûêΓûêΓûè   | 3085/4500 [12:10<05:28,  4.31it/s]
 69%|ΓûêΓûêΓûêΓûêΓûêΓûêΓûè   | 3086/4500 [12:10<05:35,  4.22it/s]
 69%|ΓûêΓûêΓûêΓûêΓûêΓûêΓûè   | 3087/4500 [12:10<05:34,  4.22it/s]
 69%|ΓûêΓûêΓûêΓûêΓûêΓûêΓûè   | 3088/4500 [12:10<05:33,  4.24it/s]
 69%|ΓûêΓûêΓûêΓûêΓûêΓûêΓûè   | 3089/4500 [12:11<05:35,  4.21it/s]
 69%|ΓûêΓûêΓûêΓûêΓûêΓûêΓûè   | 3090/4500 [12:11<05:36,  4.19it/s]
 69%|ΓûêΓûêΓûêΓûêΓûêΓûêΓûè   | 3091/4500 [12:11<05:58,  3.93it/s]
 69%|ΓûêΓûêΓûêΓûêΓûêΓûêΓûè   | 3092/4500 [12:11<05:53,  3.98it/s]
 69%|ΓûêΓûêΓûêΓûêΓûêΓûêΓûè   | 3093/4500 [12:12<05:55,  3.96it/s]
 69%|ΓûêΓûêΓûêΓûêΓûêΓûêΓûë   | 3094/4500 [12:12<05:51,  3.99it/s]
 69%|ΓûêΓûêΓûêΓûêΓûêΓûêΓûë   | 3095/4500 [12:12<05:52,  3.99it/s]
 69%|ΓûêΓûêΓûêΓûêΓûêΓûêΓûë   | 3096/4500 [12:12<05:45,  4.06it/s]
 69%|ΓûêΓûêΓûêΓûêΓûêΓûêΓûë   | 3097/4500 [12:13<05:49,  4.01it/s]
 69%|ΓûêΓûêΓûêΓûêΓûêΓûêΓûë   | 3098/4500 [12:13<06:18,  3.70it/s]
 69%|ΓûêΓûêΓûêΓûêΓûêΓûêΓûë   | 3099/4500 [12:13<05:58,  3.91it/s]
 69%|ΓûêΓûêΓûêΓûêΓûêΓûêΓûë   | 3100/4500 [12:13<05:56,  3.93it/s]
 69%|ΓûêΓûêΓûêΓûêΓûêΓûêΓûë   | 3101/4500 [12:14<05:46,  4.04it/s]
 69%|ΓûêΓûêΓûêΓûêΓûêΓûêΓûë   | 3102/4500 [12:14<05:40,  4.11it/s]
 69%|ΓûêΓûêΓûêΓûêΓûêΓûêΓûë   | 3103/4500 [12:14<05:42,  4.08it/s]
 69%|ΓûêΓûêΓûêΓûêΓûêΓûêΓûë   | 3104/4500 [12:14<05:42,  4.07it/s]
 69%|ΓûêΓûêΓûêΓûêΓûêΓûêΓûë   | 3105/4500 [12:15<05:35,  4.16it/s]
 69%|ΓûêΓûêΓûêΓûêΓûêΓûêΓûë   | 3106/4500 [12:15<05:28,  4.25it/s]
 69%|ΓûêΓûêΓûêΓûêΓûêΓûêΓûë   | 3107/4500 [12:15<05:22,  4.32it/s]
 69%|ΓûêΓûêΓûêΓûêΓûêΓûêΓûë   | 3108/4500 [12:15<05:27,  4.25it/s]
 69%|ΓûêΓûêΓûêΓûêΓûêΓûêΓûë   | 3109/4500 [12:15<05:21,  4.33it/s]
 69%|ΓûêΓûêΓûêΓûêΓûêΓûêΓûë   | 3110/4500 [12:16<05:28,  4.23it/s]
 69%|ΓûêΓûêΓûêΓûêΓûêΓûêΓûë   | 3111/4500 [12:16<05:26,  4.26it/s]
 69%|ΓûêΓûêΓûêΓûêΓûêΓûêΓûë   | 3112/4500 [12:16<05:26,  4.25it/s]
 69%|ΓûêΓûêΓûêΓûêΓûêΓûêΓûë   | 3113/4500 [12:16<05:40,  4.07it/s]
 69%|ΓûêΓûêΓûêΓûêΓûêΓûêΓûë   | 3114/4500 [12:17<05:38,  4.09it/s]
 69%|ΓûêΓûêΓûêΓûêΓûêΓûêΓûë   | 3115/4500 [12:17<05:33,  4.16it/s]
 69%|ΓûêΓûêΓûêΓûêΓûêΓûêΓûë   | 3116/4500 [12:17<05:38,  4.09it/s]
 69%|ΓûêΓûêΓûêΓûêΓûêΓûêΓûë   | 3117/4500 [12:17<06:04,  3.79it/s]
 69%|ΓûêΓûêΓûêΓûêΓûêΓûêΓûë   | 3118/4500 [12:18<06:05,  3.78it/s]
 69%|ΓûêΓûêΓûêΓûêΓûêΓûêΓûë   | 3119/4500 [12:18<05:55,  3.88it/s]
 69%|ΓûêΓûêΓûêΓûêΓûêΓûêΓûë   | 3120/4500 [12:18<05:46,  3.98it/s]
 69%|ΓûêΓûêΓûêΓûêΓûêΓûêΓûë   | 3121/4500 [12:18<05:47,  3.97it/s]
 69%|ΓûêΓûêΓûêΓûêΓûêΓûêΓûë   | 3122/4500 [12:19<05:39,  4.06it/s]
 69%|ΓûêΓûêΓûêΓûêΓûêΓûêΓûë   | 3123/4500 [12:19<05:31,  4.15it/s]
 69%|ΓûêΓûêΓûêΓûêΓûêΓûêΓûë   | 3124/4500 [12:19<05:27,  4.20it/s]
 69%|ΓûêΓûêΓûêΓûêΓûêΓûêΓûë   | 3125/4500 [12:19<05:17,  4.33it/s]
 69%|ΓûêΓûêΓûêΓûêΓûêΓûêΓûë   | 3126/4500 [12:20<05:09,  4.44it/s]
 69%|ΓûêΓûêΓûêΓûêΓûêΓûêΓûë   | 3127/4500 [12:20<05:15,  4.35it/s]
 70%|ΓûêΓûêΓûêΓûêΓûêΓûêΓûë   | 3128/4500 [12:20<05:18,  4.30it/s]
 70%|ΓûêΓûêΓûêΓûêΓûêΓûêΓûë   | 3129/4500 [12:20<05:17,  4.32it/s]
 70%|ΓûêΓûêΓûêΓûêΓûêΓûêΓûë   | 3130/4500 [12:21<05:23,  4.24it/s]
 70%|ΓûêΓûêΓûêΓûêΓûêΓûêΓûë   | 3131/4500 [12:21<05:20,  4.27it/s]
 70%|ΓûêΓûêΓûêΓûêΓûêΓûêΓûë   | 3132/4500 [12:21<05:13,  4.36it/s]
 70%|ΓûêΓûêΓûêΓûêΓûêΓûêΓûë   | 3133/4500 [12:21<05:19,  4.27it/s]
 70%|ΓûêΓûêΓûêΓûêΓûêΓûêΓûë   | 3134/4500 [12:21<05:16,  4.32it/s]
 70%|ΓûêΓûêΓûêΓûêΓûêΓûêΓûë   | 3135/4500 [12:22<05:11,  4.38it/s]
 70%|ΓûêΓûêΓûêΓûêΓûêΓûêΓûë   | 3136/4500 [12:22<05:11,  4.38it/s]
 70%|ΓûêΓûêΓûêΓûêΓûêΓûêΓûë   | 3137/4500 [12:22<05:12,  4.37it/s]
 70%|ΓûêΓûêΓûêΓûêΓûêΓûêΓûë   | 3138/4500 [12:22<05:09,  4.40it/s]
 70%|ΓûêΓûêΓûêΓûêΓûêΓûêΓûë   | 3140/4500 [12:23<04:04,  5.56it/s]
 70%|ΓûêΓûêΓûêΓûêΓûêΓûêΓûë   | 3141/4500 [12:23<04:54,  4.61it/s]
 70%|ΓûêΓûêΓûêΓûêΓûêΓûêΓûë   | 3142/4500 [12:23<05:53,  3.84it/s]
 70%|ΓûêΓûêΓûêΓûêΓûêΓûêΓûë   | 3144/4500 [12:24<04:55,  4.59it/s]
 70%|ΓûêΓûêΓûêΓûêΓûêΓûêΓûë   | 3145/4500 [12:24<05:25,  4.16it/s]
 70%|ΓûêΓûêΓûêΓûêΓûêΓûêΓûë   | 3146/4500 [12:24<05:38,  4.00it/s]
 70%|ΓûêΓûêΓûêΓûêΓûêΓûêΓûë   | 3147/4500 [12:24<05:34,  4.04it/s]
 70%|ΓûêΓûêΓûêΓûêΓûêΓûêΓûë   | 3148/4500 [12:25<05:36,  4.02it/s]
 70%|ΓûêΓûêΓûêΓûêΓûêΓûêΓûë   | 3149/4500 [12:25<05:30,  4.09it/s]
 70%|ΓûêΓûêΓûêΓûêΓûêΓûêΓûê   | 3150/4500 [12:25<05:34,  4.03it/s]
 70%|ΓûêΓûêΓûêΓûêΓûêΓûêΓûê   | 3151/4500 [12:25<05:37,  4.00it/s]
 70%|ΓûêΓûêΓûêΓûêΓûêΓûêΓûê   | 3152/4500 [12:26<05:22,  4.18it/s]
 70%|ΓûêΓûêΓûêΓûêΓûêΓûêΓûê   | 3153/4500 [12:26<05:30,  4.08it/s]
 70%|ΓûêΓûêΓûêΓûêΓûêΓûêΓûê   | 3154/4500 [12:26<05:24,  4.15it/s]
 70%|ΓûêΓûêΓûêΓûêΓûêΓûêΓûê   | 3155/4500 [12:26<05:19,  4.22it/s]
 70%|ΓûêΓûêΓûêΓûêΓûêΓûêΓûê   | 3156/4500 [12:27<05:14,  4.28it/s]
 70%|ΓûêΓûêΓûêΓûêΓûêΓûêΓûê   | 3157/4500 [12:27<05:13,  4.28it/s]
 70%|ΓûêΓûêΓûêΓûêΓûêΓûêΓûê   | 3158/4500 [12:27<05:20,  4.19it/s]
 70%|ΓûêΓûêΓûêΓûêΓûêΓûêΓûê   | 3159/4500 [12:27<05:19,  4.20it/s]
 70%|ΓûêΓûêΓûêΓûêΓûêΓûêΓûê   | 3160/4500 [12:28<05:14,  4.26it/s]
 70%|ΓûêΓûêΓûêΓûêΓûêΓûêΓûê   | 3161/4500 [12:28<05:09,  4.32it/s]
 70%|ΓûêΓûêΓûêΓûêΓûêΓûêΓûê   | 3162/4500 [12:28<05:10,  4.31it/s]
 70%|ΓûêΓûêΓûêΓûêΓûêΓûêΓûê   | 3163/4500 [12:28<05:05,  4.38it/s]
 70%|ΓûêΓûêΓûêΓûêΓûêΓûêΓûê   | 3164/4500 [12:28<05:00,  4.44it/s]
 70%|ΓûêΓûêΓûêΓûêΓûêΓûêΓûê   | 3165/4500 [12:29<04:57,  4.49it/s]
 70%|ΓûêΓûêΓûêΓûêΓûêΓûêΓûê   | 3166/4500 [12:29<05:35,  3.98it/s]
 70%|ΓûêΓûêΓûêΓûêΓûêΓûêΓûê   | 3167/4500 [12:29<05:20,  4.16it/s]
 70%|ΓûêΓûêΓûêΓûêΓûêΓûêΓûê   | 3168/4500 [12:29<05:13,  4.25it/s]
 70%|ΓûêΓûêΓûêΓûêΓûêΓûêΓûê   | 3169/4500 [12:30<05:10,  4.29it/s]
 70%|ΓûêΓûêΓûêΓûêΓûêΓûêΓûê   | 3170/4500 [12:30<05:24,  4.09it/s]
 70%|ΓûêΓûêΓûêΓûêΓûêΓûêΓûê   | 3171/4500 [12:30<06:05,  3.63it/s]
 70%|ΓûêΓûêΓûêΓûêΓûêΓûêΓûê   | 3172/4500 [12:31<06:20,  3.49it/s]
 71%|ΓûêΓûêΓûêΓûêΓûêΓûêΓûê   | 3173/4500 [12:31<06:10,  3.58it/s]
 71%|ΓûêΓûêΓûêΓûêΓûêΓûêΓûê   | 3174/4500 [12:31<06:07,  3.61it/s]
 71%|ΓûêΓûêΓûêΓûêΓûêΓûêΓûê   | 3175/4500 [12:31<06:02,  3.66it/s]
 71%|ΓûêΓûêΓûêΓûêΓûêΓûêΓûê   | 3176/4500 [12:32<05:59,  3.68it/s]
 71%|ΓûêΓûêΓûêΓûêΓûêΓûêΓûê   | 3177/4500 [12:32<05:46,  3.82it/s]
 71%|ΓûêΓûêΓûêΓûêΓûêΓûêΓûê   | 3178/4500 [12:32<05:42,  3.85it/s]
 71%|ΓûêΓûêΓûêΓûêΓûêΓûêΓûê   | 3179/4500 [12:32<05:34,  3.94it/s]
 71%|ΓûêΓûêΓûêΓûêΓûêΓûêΓûê   | 3180/4500 [12:33<05:35,  3.93it/s]
 71%|ΓûêΓûêΓûêΓûêΓûêΓûêΓûê   | 3181/4500 [12:33<05:37,  3.91it/s]
 71%|ΓûêΓûêΓûêΓûêΓûêΓûêΓûê   | 3182/4500 [12:33<05:27,  4.03it/s]
 71%|ΓûêΓûêΓûêΓûêΓûêΓûêΓûê   | 3183/4500 [12:33<05:24,  4.06it/s]
 71%|ΓûêΓûêΓûêΓûêΓûêΓûêΓûê   | 3184/4500 [12:34<05:17,  4.14it/s]
 71%|ΓûêΓûêΓûêΓûêΓûêΓûêΓûê   | 3185/4500 [12:34<05:06,  4.30it/s]
 71%|ΓûêΓûêΓûêΓûêΓûêΓûêΓûê   | 3186/4500 [12:34<05:11,  4.22it/s]
 71%|ΓûêΓûêΓûêΓûêΓûêΓûêΓûê   | 3187/4500 [12:34<05:17,  4.14it/s]
 71%|ΓûêΓûêΓûêΓûêΓûêΓûêΓûê   | 3188/4500 [12:35<05:14,  4.17it/s]
 71%|ΓûêΓûêΓûêΓûêΓûêΓûêΓûê   | 3189/4500 [12:35<05:05,  4.29it/s]
 71%|ΓûêΓûêΓûêΓûêΓûêΓûêΓûê   | 3190/4500 [12:35<05:04,  4.30it/s]
 71%|ΓûêΓûêΓûêΓûêΓûêΓûêΓûê   | 3191/4500 [12:35<05:01,  4.34it/s]
 71%|ΓûêΓûêΓûêΓûêΓûêΓûêΓûê   | 3192/4500 [12:35<04:57,  4.40it/s]
 71%|ΓûêΓûêΓûêΓûêΓûêΓûêΓûê   | 3193/4500 [12:36<04:56,  4.41it/s]
 71%|ΓûêΓûêΓûêΓûêΓûêΓûêΓûê   | 3194/4500 [12:36<05:02,  4.32it/s]
 71%|ΓûêΓûêΓûêΓûêΓûêΓûêΓûê   | 3195/4500 [12:36<05:09,  4.22it/s]
 71%|ΓûêΓûêΓûêΓûêΓûêΓûêΓûê   | 3196/4500 [12:36<05:06,  4.25it/s]
 71%|ΓûêΓûêΓûêΓûêΓûêΓûêΓûê   | 3197/4500 [12:37<05:12,  4.17it/s]
 71%|ΓûêΓûêΓûêΓûêΓûêΓûêΓûê   | 3198/4500 [12:37<05:23,  4.02it/s]
 71%|ΓûêΓûêΓûêΓûêΓûêΓûêΓûê   | 3199/4500 [12:37<05:32,  3.92it/s]
 71%|ΓûêΓûêΓûêΓûêΓûêΓûêΓûê   | 3200/4500 [12:37<05:21,  4.04it/s]
 71%|ΓûêΓûêΓûêΓûêΓûêΓûêΓûê   | 3201/4500 [12:38<05:20,  4.05it/s]
 71%|ΓûêΓûêΓûêΓûêΓûêΓûêΓûê   | 3202/4500 [12:38<05:29,  3.94it/s]
 71%|ΓûêΓûêΓûêΓûêΓûêΓûêΓûê   | 3203/4500 [12:38<05:36,  3.86it/s]
 71%|ΓûêΓûêΓûêΓûêΓûêΓûêΓûê   | 3204/4500 [12:38<05:24,  4.00it/s]
 71%|ΓûêΓûêΓûêΓûêΓûêΓûêΓûê   | 3205/4500 [12:39<05:25,  3.98it/s]
 71%|ΓûêΓûêΓûêΓûêΓûêΓûêΓûê   | 3206/4500 [12:39<05:26,  3.96it/s]
 71%|ΓûêΓûêΓûêΓûêΓûêΓûêΓûêΓûÅ  | 3207/4500 [12:39<05:18,  4.06it/s]
 71%|ΓûêΓûêΓûêΓûêΓûêΓûêΓûêΓûÅ  | 3208/4500 [12:39<05:09,  4.18it/s]
 71%|ΓûêΓûêΓûêΓûêΓûêΓûêΓûêΓûÅ  | 3209/4500 [12:40<05:05,  4.23it/s]
 71%|ΓûêΓûêΓûêΓûêΓûêΓûêΓûêΓûÅ  | 3210/4500 [12:40<05:05,  4.23it/s]
 71%|ΓûêΓûêΓûêΓûêΓûêΓûêΓûêΓûÅ  | 3211/4500 [12:40<04:58,  4.31it/s]
 71%|ΓûêΓûêΓûêΓûêΓûêΓûêΓûêΓûÅ  | 3212/4500 [12:40<04:57,  4.34it/s]
 71%|ΓûêΓûêΓûêΓûêΓûêΓûêΓûêΓûÅ  | 3213/4500 [12:41<04:58,  4.31it/s]
 71%|ΓûêΓûêΓûêΓûêΓûêΓûêΓûêΓûÅ  | 3214/4500 [12:41<04:57,  4.32it/s]
 71%|ΓûêΓûêΓûêΓûêΓûêΓûêΓûêΓûÅ  | 3215/4500 [12:41<05:05,  4.21it/s]
 71%|ΓûêΓûêΓûêΓûêΓûêΓûêΓûêΓûÅ  | 3216/4500 [12:41<05:07,  4.17it/s]
 71%|ΓûêΓûêΓûêΓûêΓûêΓûêΓûêΓûÅ  | 3217/4500 [12:42<04:51,  4.40it/s]
 72%|ΓûêΓûêΓûêΓûêΓûêΓûêΓûêΓûÅ  | 3218/4500 [12:42<05:08,  4.16it/s]
 72%|ΓûêΓûêΓûêΓûêΓûêΓûêΓûêΓûÅ  | 3219/4500 [12:42<05:03,  4.23it/s]
 72%|ΓûêΓûêΓûêΓûêΓûêΓûêΓûêΓûÅ  | 3220/4500 [12:42<05:02,  4.23it/s]
 72%|ΓûêΓûêΓûêΓûêΓûêΓûêΓûêΓûÅ  | 3221/4500 [12:42<05:04,  4.20it/s]
 72%|ΓûêΓûêΓûêΓûêΓûêΓûêΓûêΓûÅ  | 3222/4500 [12:43<05:09,  4.13it/s]
 72%|ΓûêΓûêΓûêΓûêΓûêΓûêΓûêΓûÅ  | 3223/4500 [12:43<05:12,  4.09it/s]
 72%|ΓûêΓûêΓûêΓûêΓûêΓûêΓûêΓûÅ  | 3224/4500 [12:43<05:16,  4.03it/s]
 72%|ΓûêΓûêΓûêΓûêΓûêΓûêΓûêΓûÅ  | 3225/4500 [12:43<05:13,  4.06it/s]
 72%|ΓûêΓûêΓûêΓûêΓûêΓûêΓûêΓûÅ  | 3226/4500 [12:44<04:59,  4.25it/s]
 72%|ΓûêΓûêΓûêΓûêΓûêΓûêΓûêΓûÅ  | 3227/4500 [12:44<04:55,  4.31it/s]
 72%|ΓûêΓûêΓûêΓûêΓûêΓûêΓûêΓûÅ  | 3228/4500 [12:44<05:00,  4.23it/s]
 72%|ΓûêΓûêΓûêΓûêΓûêΓûêΓûêΓûÅ  | 3229/4500 [12:44<04:57,  4.28it/s]
 72%|ΓûêΓûêΓûêΓûêΓûêΓûêΓûêΓûÅ  | 3230/4500 [12:45<04:52,  4.34it/s]
 72%|ΓûêΓûêΓûêΓûêΓûêΓûêΓûêΓûÅ  | 3231/4500 [12:45<04:51,  4.35it/s]
 72%|ΓûêΓûêΓûêΓûêΓûêΓûêΓûêΓûÅ  | 3232/4500 [12:45<04:46,  4.42it/s]
 72%|ΓûêΓûêΓûêΓûêΓûêΓûêΓûêΓûÅ  | 3233/4500 [12:45<04:46,  4.41it/s]
 72%|ΓûêΓûêΓûêΓûêΓûêΓûêΓûêΓûÅ  | 3234/4500 [12:46<04:52,  4.33it/s]
 72%|ΓûêΓûêΓûêΓûêΓûêΓûêΓûêΓûÅ  | 3235/4500 [12:46<04:50,  4.35it/s]
 72%|ΓûêΓûêΓûêΓûêΓûêΓûêΓûêΓûÅ  | 3236/4500 [12:46<04:53,  4.31it/s]
 72%|ΓûêΓûêΓûêΓûêΓûêΓûêΓûêΓûÅ  | 3237/4500 [12:46<04:51,  4.34it/s]
 72%|ΓûêΓûêΓûêΓûêΓûêΓûêΓûêΓûÅ  | 3238/4500 [12:46<04:46,  4.41it/s]
 72%|ΓûêΓûêΓûêΓûêΓûêΓûêΓûêΓûÅ  | 3239/4500 [12:47<04:39,  4.50it/s]
 72%|ΓûêΓûêΓûêΓûêΓûêΓûêΓûêΓûÅ  | 3240/4500 [12:47<04:44,  4.43it/s]
 72%|ΓûêΓûêΓûêΓûêΓûêΓûêΓûêΓûÅ  | 3241/4500 [12:47<04:43,  4.44it/s]
 72%|ΓûêΓûêΓûêΓûêΓûêΓûêΓûêΓûÅ  | 3242/4500 [12:47<04:42,  4.45it/s]
 72%|ΓûêΓûêΓûêΓûêΓûêΓûêΓûêΓûÅ  | 3243/4500 [12:48<04:45,  4.40it/s]
 72%|ΓûêΓûêΓûêΓûêΓûêΓûêΓûêΓûÅ  | 3245/4500 [12:48<03:41,  5.67it/s]
 72%|ΓûêΓûêΓûêΓûêΓûêΓûêΓûêΓûÅ  | 3246/4500 [12:48<03:54,  5.34it/s]
 72%|ΓûêΓûêΓûêΓûêΓûêΓûêΓûêΓûÅ  | 3247/4500 [12:48<04:05,  5.10it/s]
 72%|ΓûêΓûêΓûêΓûêΓûêΓûêΓûêΓûÅ  | 3248/4500 [12:48<04:09,  5.02it/s]
 72%|ΓûêΓûêΓûêΓûêΓûêΓûêΓûêΓûÅ  | 3249/4500 [12:49<04:15,  4.90it/s]
 72%|ΓûêΓûêΓûêΓûêΓûêΓûêΓûêΓûÅ  | 3250/4500 [12:49<04:30,  4.63it/s]
 72%|ΓûêΓûêΓûêΓûêΓûêΓûêΓûêΓûÅ  | 3251/4500 [12:49<04:38,  4.48it/s]
 72%|ΓûêΓûêΓûêΓûêΓûêΓûêΓûêΓûÅ  | 3252/4500 [12:49<04:42,  4.42it/s]
 72%|ΓûêΓûêΓûêΓûêΓûêΓûêΓûêΓûÅ  | 3253/4500 [12:50<04:49,  4.31it/s]
 72%|ΓûêΓûêΓûêΓûêΓûêΓûêΓûêΓûÅ  | 3254/4500 [12:50<04:53,  4.24it/s]
 72%|ΓûêΓûêΓûêΓûêΓûêΓûêΓûêΓûÅ  | 3255/4500 [12:50<04:45,  4.37it/s]
 72%|ΓûêΓûêΓûêΓûêΓûêΓûêΓûêΓûÅ  | 3256/4500 [12:50<04:38,  4.47it/s]
 72%|ΓûêΓûêΓûêΓûêΓûêΓûêΓûêΓûÅ  | 3257/4500 [12:51<04:40,  4.43it/s]
 72%|ΓûêΓûêΓûêΓûêΓûêΓûêΓûêΓûÅ  | 3258/4500 [12:51<04:38,  4.46it/s]
 72%|ΓûêΓûêΓûêΓûêΓûêΓûêΓûêΓûÅ  | 3259/4500 [12:51<04:37,  4.47it/s]
 72%|ΓûêΓûêΓûêΓûêΓûêΓûêΓûêΓûÅ  | 3260/4500 [12:51<04:40,  4.42it/s]
 72%|ΓûêΓûêΓûêΓûêΓûêΓûêΓûêΓûÅ  | 3261/4500 [12:51<04:40,  4.41it/s]
 72%|ΓûêΓûêΓûêΓûêΓûêΓûêΓûêΓûÅ  | 3262/4500 [12:52<04:45,  4.34it/s]
 73%|ΓûêΓûêΓûêΓûêΓûêΓûêΓûêΓûÄ  | 3263/4500 [12:52<04:49,  4.27it/s]
 73%|ΓûêΓûêΓûêΓûêΓûêΓûêΓûêΓûÄ  | 3264/4500 [12:52<04:52,  4.22it/s]
 73%|ΓûêΓûêΓûêΓûêΓûêΓûêΓûêΓûÄ  | 3265/4500 [12:52<05:01,  4.10it/s]
 73%|ΓûêΓûêΓûêΓûêΓûêΓûêΓûêΓûÄ  | 3266/4500 [12:53<04:50,  4.25it/s]
 73%|ΓûêΓûêΓûêΓûêΓûêΓûêΓûêΓûÄ  | 3267/4500 [12:53<04:48,  4.27it/s]
 73%|ΓûêΓûêΓûêΓûêΓûêΓûêΓûêΓûÄ  | 3268/4500 [12:53<04:51,  4.22it/s]
 73%|ΓûêΓûêΓûêΓûêΓûêΓûêΓûêΓûÄ  | 3269/4500 [12:53<04:47,  4.28it/s]
 73%|ΓûêΓûêΓûêΓûêΓûêΓûêΓûêΓûÄ  | 3270/4500 [12:54<04:42,  4.35it/s]
 73%|ΓûêΓûêΓûêΓûêΓûêΓûêΓûêΓûÄ  | 3271/4500 [12:54<04:42,  4.35it/s]
 73%|ΓûêΓûêΓûêΓûêΓûêΓûêΓûêΓûÄ  | 3272/4500 [12:54<04:38,  4.41it/s]
 73%|ΓûêΓûêΓûêΓûêΓûêΓûêΓûêΓûÄ  | 3273/4500 [12:54<04:46,  4.29it/s]
 73%|ΓûêΓûêΓûêΓûêΓûêΓûêΓûêΓûÄ  | 3274/4500 [12:54<04:47,  4.26it/s]
 73%|ΓûêΓûêΓûêΓûêΓûêΓûêΓûêΓûÄ  | 3275/4500 [12:55<04:42,  4.33it/s]
 73%|ΓûêΓûêΓûêΓûêΓûêΓûêΓûêΓûÄ  | 3276/4500 [12:55<04:44,  4.31it/s]
 73%|ΓûêΓûêΓûêΓûêΓûêΓûêΓûêΓûÄ  | 3277/4500 [12:55<04:42,  4.33it/s]
 73%|ΓûêΓûêΓûêΓûêΓûêΓûêΓûêΓûÄ  | 3278/4500 [12:55<04:40,  4.36it/s]
 73%|ΓûêΓûêΓûêΓûêΓûêΓûêΓûêΓûÄ  | 3279/4500 [12:56<04:37,  4.40it/s]
 73%|ΓûêΓûêΓûêΓûêΓûêΓûêΓûêΓûÄ  | 3280/4500 [12:56<04:33,  4.46it/s]
 73%|ΓûêΓûêΓûêΓûêΓûêΓûêΓûêΓûÄ  | 3281/4500 [12:56<04:33,  4.45it/s]
 73%|ΓûêΓûêΓûêΓûêΓûêΓûêΓûêΓûÄ  | 3282/4500 [12:56<04:31,  4.49it/s]
 73%|ΓûêΓûêΓûêΓûêΓûêΓûêΓûêΓûÄ  | 3283/4500 [12:57<04:34,  4.44it/s]
 73%|ΓûêΓûêΓûêΓûêΓûêΓûêΓûêΓûÄ  | 3284/4500 [12:57<04:36,  4.39it/s]
 73%|ΓûêΓûêΓûêΓûêΓûêΓûêΓûêΓûÄ  | 3285/4500 [12:57<04:29,  4.51it/s]
 73%|ΓûêΓûêΓûêΓûêΓûêΓûêΓûêΓûÄ  | 3286/4500 [12:57<04:32,  4.46it/s]
 73%|ΓûêΓûêΓûêΓûêΓûêΓûêΓûêΓûÄ  | 3287/4500 [12:57<04:38,  4.35it/s]
 73%|ΓûêΓûêΓûêΓûêΓûêΓûêΓûêΓûÄ  | 3288/4500 [12:58<04:44,  4.25it/s]
 73%|ΓûêΓûêΓûêΓûêΓûêΓûêΓûêΓûÄ  | 3289/4500 [12:58<04:46,  4.23it/s]
 73%|ΓûêΓûêΓûêΓûêΓûêΓûêΓûêΓûÄ  | 3290/4500 [12:58<04:35,  4.39it/s]
 73%|ΓûêΓûêΓûêΓûêΓûêΓûêΓûêΓûÄ  | 3291/4500 [12:58<04:31,  4.46it/s]
 73%|ΓûêΓûêΓûêΓûêΓûêΓûêΓûêΓûÄ  | 3292/4500 [12:59<04:37,  4.35it/s]
 73%|ΓûêΓûêΓûêΓûêΓûêΓûêΓûêΓûÄ  | 3293/4500 [12:59<04:47,  4.20it/s]
 73%|ΓûêΓûêΓûêΓûêΓûêΓûêΓûêΓûÄ  | 3294/4500 [12:59<04:45,  4.23it/s]
 73%|ΓûêΓûêΓûêΓûêΓûêΓûêΓûêΓûÄ  | 3295/4500 [12:59<04:45,  4.22it/s]
 73%|ΓûêΓûêΓûêΓûêΓûêΓûêΓûêΓûÄ  | 3296/4500 [13:00<04:35,  4.36it/s]
 73%|ΓûêΓûêΓûêΓûêΓûêΓûêΓûêΓûÄ  | 3297/4500 [13:00<04:34,  4.39it/s]
 73%|ΓûêΓûêΓûêΓûêΓûêΓûêΓûêΓûÄ  | 3298/4500 [13:00<04:36,  4.35it/s]
 73%|ΓûêΓûêΓûêΓûêΓûêΓûêΓûêΓûÄ  | 3299/4500 [13:00<04:39,  4.30it/s]
 73%|ΓûêΓûêΓûêΓûêΓûêΓûêΓûêΓûÄ  | 3300/4500 [13:00<04:47,  4.18it/s]
 73%|ΓûêΓûêΓûêΓûêΓûêΓûêΓûêΓûÄ  | 3301/4500 [13:01<04:51,  4.12it/s]
 73%|ΓûêΓûêΓûêΓûêΓûêΓûêΓûêΓûÄ  | 3302/4500 [13:01<04:49,  4.14it/s]
 73%|ΓûêΓûêΓûêΓûêΓûêΓûêΓûêΓûÄ  | 3303/4500 [13:01<04:43,  4.23it/s]
 73%|ΓûêΓûêΓûêΓûêΓûêΓûêΓûêΓûÄ  | 3304/4500 [13:01<04:42,  4.23it/s]
 73%|ΓûêΓûêΓûêΓûêΓûêΓûêΓûêΓûÄ  | 3305/4500 [13:02<04:39,  4.28it/s]
 73%|ΓûêΓûêΓûêΓûêΓûêΓûêΓûêΓûÄ  | 3306/4500 [13:02<04:43,  4.22it/s]
 73%|ΓûêΓûêΓûêΓûêΓûêΓûêΓûêΓûÄ  | 3307/4500 [13:02<04:43,  4.20it/s]
 74%|ΓûêΓûêΓûêΓûêΓûêΓûêΓûêΓûÄ  | 3308/4500 [13:02<04:49,  4.12it/s]
 74%|ΓûêΓûêΓûêΓûêΓûêΓûêΓûêΓûÄ  | 3309/4500 [13:03<04:40,  4.24it/s]
 74%|ΓûêΓûêΓûêΓûêΓûêΓûêΓûêΓûÄ  | 3310/4500 [13:03<04:32,  4.37it/s]
 74%|ΓûêΓûêΓûêΓûêΓûêΓûêΓûêΓûÄ  | 3311/4500 [13:03<04:32,  4.36it/s]
 74%|ΓûêΓûêΓûêΓûêΓûêΓûêΓûêΓûÄ  | 3312/4500 [13:03<04:29,  4.41it/s]
 74%|ΓûêΓûêΓûêΓûêΓûêΓûêΓûêΓûÄ  | 3313/4500 [13:04<04:28,  4.42it/s]
 74%|ΓûêΓûêΓûêΓûêΓûêΓûêΓûêΓûÄ  | 3314/4500 [13:04<04:35,  4.30it/s]
 74%|ΓûêΓûêΓûêΓûêΓûêΓûêΓûêΓûÄ  | 3315/4500 [13:04<04:27,  4.42it/s]
 74%|ΓûêΓûêΓûêΓûêΓûêΓûêΓûêΓûÄ  | 3316/4500 [13:04<04:38,  4.26it/s]
 74%|ΓûêΓûêΓûêΓûêΓûêΓûêΓûêΓûÄ  | 3317/4500 [13:04<04:42,  4.18it/s]
 74%|ΓûêΓûêΓûêΓûêΓûêΓûêΓûêΓûÄ  | 3318/4500 [13:05<04:40,  4.22it/s]
 74%|ΓûêΓûêΓûêΓûêΓûêΓûêΓûêΓûì  | 3319/4500 [13:05<04:32,  4.33it/s]
 74%|ΓûêΓûêΓûêΓûêΓûêΓûêΓûêΓûì  | 3320/4500 [13:05<04:31,  4.35it/s]
 74%|ΓûêΓûêΓûêΓûêΓûêΓûêΓûêΓûì  | 3321/4500 [13:05<04:27,  4.40it/s]
 74%|ΓûêΓûêΓûêΓûêΓûêΓûêΓûêΓûì  | 3322/4500 [13:06<04:26,  4.42it/s]
 74%|ΓûêΓûêΓûêΓûêΓûêΓûêΓûêΓûì  | 3323/4500 [13:06<04:27,  4.40it/s]
 74%|ΓûêΓûêΓûêΓûêΓûêΓûêΓûêΓûì  | 3324/4500 [13:06<04:30,  4.34it/s]
 74%|ΓûêΓûêΓûêΓûêΓûêΓûêΓûêΓûì  | 3325/4500 [13:06<04:38,  4.22it/s]
 74%|ΓûêΓûêΓûêΓûêΓûêΓûêΓûêΓûì  | 3326/4500 [13:07<04:33,  4.29it/s]
 74%|ΓûêΓûêΓûêΓûêΓûêΓûêΓûêΓûì  | 3327/4500 [13:07<04:32,  4.30it/s]
 74%|ΓûêΓûêΓûêΓûêΓûêΓûêΓûêΓûì  | 3328/4500 [13:07<04:30,  4.33it/s]
 74%|ΓûêΓûêΓûêΓûêΓûêΓûêΓûêΓûì  | 3329/4500 [13:07<04:42,  4.15it/s]
 74%|ΓûêΓûêΓûêΓûêΓûêΓûêΓûêΓûì  | 3330/4500 [13:07<04:44,  4.12it/s]
 74%|ΓûêΓûêΓûêΓûêΓûêΓûêΓûêΓûì  | 3331/4500 [13:08<04:34,  4.25it/s]
 74%|ΓûêΓûêΓûêΓûêΓûêΓûêΓûêΓûì  | 3332/4500 [13:08<04:28,  4.35it/s]
 74%|ΓûêΓûêΓûêΓûêΓûêΓûêΓûêΓûì  | 3333/4500 [13:08<04:31,  4.29it/s]
 74%|ΓûêΓûêΓûêΓûêΓûêΓûêΓûêΓûì  | 3334/4500 [13:08<04:30,  4.32it/s]
 74%|ΓûêΓûêΓûêΓûêΓûêΓûêΓûêΓûì  | 3335/4500 [13:09<04:31,  4.29it/s]
 74%|ΓûêΓûêΓûêΓûêΓûêΓûêΓûêΓûì  | 3336/4500 [13:09<04:25,  4.38it/s]
 74%|ΓûêΓûêΓûêΓûêΓûêΓûêΓûêΓûì  | 3337/4500 [13:09<04:19,  4.48it/s]
 74%|ΓûêΓûêΓûêΓûêΓûêΓûêΓûêΓûì  | 3338/4500 [13:09<04:24,  4.40it/s]
 74%|ΓûêΓûêΓûêΓûêΓûêΓûêΓûêΓûì  | 3339/4500 [13:10<04:52,  3.97it/s]
 74%|ΓûêΓûêΓûêΓûêΓûêΓûêΓûêΓûì  | 3340/4500 [13:10<04:37,  4.18it/s]
 74%|ΓûêΓûêΓûêΓûêΓûêΓûêΓûêΓûì  | 3341/4500 [13:10<04:28,  4.31it/s]
 74%|ΓûêΓûêΓûêΓûêΓûêΓûêΓûêΓûì  | 3342/4500 [13:10<04:31,  4.26it/s]
 74%|ΓûêΓûêΓûêΓûêΓûêΓûêΓûêΓûì  | 3343/4500 [13:11<04:35,  4.21it/s]
 74%|ΓûêΓûêΓûêΓûêΓûêΓûêΓûêΓûì  | 3344/4500 [13:11<04:29,  4.30it/s]
 74%|ΓûêΓûêΓûêΓûêΓûêΓûêΓûêΓûì  | 3345/4500 [13:11<04:35,  4.19it/s]
 74%|ΓûêΓûêΓûêΓûêΓûêΓûêΓûêΓûì  | 3346/4500 [13:11<04:25,  4.34it/s]
 74%|ΓûêΓûêΓûêΓûêΓûêΓûêΓûêΓûì  | 3347/4500 [13:11<04:44,  4.06it/s]
 74%|ΓûêΓûêΓûêΓûêΓûêΓûêΓûêΓûì  | 3348/4500 [13:12<04:39,  4.12it/s]
 74%|ΓûêΓûêΓûêΓûêΓûêΓûêΓûêΓûì  | 3349/4500 [13:12<04:40,  4.10it/s]
 74%|ΓûêΓûêΓûêΓûêΓûêΓûêΓûêΓûì  | 3350/4500 [13:12<04:40,  4.11it/s]
 74%|ΓûêΓûêΓûêΓûêΓûêΓûêΓûêΓûì  | 3351/4500 [13:12<04:39,  4.11it/s]
 74%|ΓûêΓûêΓûêΓûêΓûêΓûêΓûêΓûì  | 3352/4500 [13:13<04:36,  4.15it/s]
 75%|ΓûêΓûêΓûêΓûêΓûêΓûêΓûêΓûì  | 3353/4500 [13:13<04:27,  4.28it/s]
 75%|ΓûêΓûêΓûêΓûêΓûêΓûêΓûêΓûì  | 3354/4500 [13:13<04:25,  4.32it/s]
 75%|ΓûêΓûêΓûêΓûêΓûêΓûêΓûêΓûì  | 3355/4500 [13:13<04:26,  4.30it/s]
 75%|ΓûêΓûêΓûêΓûêΓûêΓûêΓûêΓûì  | 3356/4500 [13:14<04:34,  4.16it/s]
 75%|ΓûêΓûêΓûêΓûêΓûêΓûêΓûêΓûì  | 3357/4500 [13:14<04:34,  4.16it/s]
 75%|ΓûêΓûêΓûêΓûêΓûêΓûêΓûêΓûì  | 3358/4500 [13:14<04:26,  4.28it/s]
 75%|ΓûêΓûêΓûêΓûêΓûêΓûêΓûêΓûì  | 3359/4500 [13:14<04:29,  4.23it/s]
 75%|ΓûêΓûêΓûêΓûêΓûêΓûêΓûêΓûì  | 3360/4500 [13:15<04:31,  4.20it/s]
 75%|ΓûêΓûêΓûêΓûêΓûêΓûêΓûêΓûì  | 3361/4500 [13:15<04:40,  4.06it/s]
 75%|ΓûêΓûêΓûêΓûêΓûêΓûêΓûêΓûì  | 3362/4500 [13:15<04:31,  4.19it/s]
 75%|ΓûêΓûêΓûêΓûêΓûêΓûêΓûêΓûì  | 3363/4500 [13:15<04:31,  4.19it/s]
 75%|ΓûêΓûêΓûêΓûêΓûêΓûêΓûêΓûì  | 3364/4500 [13:16<04:22,  4.33it/s]
 75%|ΓûêΓûêΓûêΓûêΓûêΓûêΓûêΓûì  | 3365/4500 [13:16<04:18,  4.39it/s]
 75%|ΓûêΓûêΓûêΓûêΓûêΓûêΓûêΓûì  | 3366/4500 [13:16<04:19,  4.37it/s]
 75%|ΓûêΓûêΓûêΓûêΓûêΓûêΓûêΓûì  | 3367/4500 [13:16<04:19,  4.36it/s]
 75%|ΓûêΓûêΓûêΓûêΓûêΓûêΓûêΓûì  | 3368/4500 [13:16<04:19,  4.37it/s]
 75%|ΓûêΓûêΓûêΓûêΓûêΓûêΓûêΓûì  | 3369/4500 [13:17<04:19,  4.36it/s]
 75%|ΓûêΓûêΓûêΓûêΓûêΓûêΓûêΓûì  | 3370/4500 [13:17<04:12,  4.47it/s]
 75%|ΓûêΓûêΓûêΓûêΓûêΓûêΓûêΓûì  | 3371/4500 [13:17<04:17,  4.38it/s]
 75%|ΓûêΓûêΓûêΓûêΓûêΓûêΓûêΓûì  | 3372/4500 [13:17<04:22,  4.29it/s]
 75%|ΓûêΓûêΓûêΓûêΓûêΓûêΓûêΓûì  | 3373/4500 [13:18<04:20,  4.32it/s]
 75%|ΓûêΓûêΓûêΓûêΓûêΓûêΓûêΓûì  | 3374/4500 [13:18<04:19,  4.34it/s]
 75%|ΓûêΓûêΓûêΓûêΓûêΓûêΓûêΓûî  | 3375/4500 [13:18<04:13,  4.44it/s]
 75%|ΓûêΓûêΓûêΓûêΓûêΓûêΓûêΓûî  | 3376/4500 [13:18<04:13,  4.44it/s]
 75%|ΓûêΓûêΓûêΓûêΓûêΓûêΓûêΓûî  | 3377/4500 [13:18<04:12,  4.44it/s]
 75%|ΓûêΓûêΓûêΓûêΓûêΓûêΓûêΓûî  | 3378/4500 [13:19<04:18,  4.34it/s]
 75%|ΓûêΓûêΓûêΓûêΓûêΓûêΓûêΓûî  | 3379/4500 [13:19<04:12,  4.45it/s]
 75%|ΓûêΓûêΓûêΓûêΓûêΓûêΓûêΓûî  | 3380/4500 [13:19<04:12,  4.44it/s]
 75%|ΓûêΓûêΓûêΓûêΓûêΓûêΓûêΓûî  | 3381/4500 [13:19<04:15,  4.38it/s]
 75%|ΓûêΓûêΓûêΓûêΓûêΓûêΓûêΓûî  | 3382/4500 [13:20<04:18,  4.32it/s]
 75%|ΓûêΓûêΓûêΓûêΓûêΓûêΓûêΓûî  | 3383/4500 [13:20<04:28,  4.16it/s]
 75%|ΓûêΓûêΓûêΓûêΓûêΓûêΓûêΓûî  | 3384/4500 [13:20<04:24,  4.22it/s]
 75%|ΓûêΓûêΓûêΓûêΓûêΓûêΓûêΓûî  | 3385/4500 [13:20<04:24,  4.21it/s]
 75%|ΓûêΓûêΓûêΓûêΓûêΓûêΓûêΓûî  | 3386/4500 [13:21<04:17,  4.33it/s]
 75%|ΓûêΓûêΓûêΓûêΓûêΓûêΓûêΓûî  | 3387/4500 [13:21<04:15,  4.35it/s]
 75%|ΓûêΓûêΓûêΓûêΓûêΓûêΓûêΓûî  | 3388/4500 [13:21<04:17,  4.31it/s]
 75%|ΓûêΓûêΓûêΓûêΓûêΓûêΓûêΓûî  | 3389/4500 [13:21<04:14,  4.37it/s]
 75%|ΓûêΓûêΓûêΓûêΓûêΓûêΓûêΓûî  | 3390/4500 [13:21<04:17,  4.31it/s]
 75%|ΓûêΓûêΓûêΓûêΓûêΓûêΓûêΓûî  | 3391/4500 [13:22<04:13,  4.37it/s]
 75%|ΓûêΓûêΓûêΓûêΓûêΓûêΓûêΓûî  | 3392/4500 [13:22<04:17,  4.30it/s]
 75%|ΓûêΓûêΓûêΓûêΓûêΓûêΓûêΓûî  | 3393/4500 [13:22<04:15,  4.34it/s]
 75%|ΓûêΓûêΓûêΓûêΓûêΓûêΓûêΓûî  | 3394/4500 [13:22<04:18,  4.28it/s]
 75%|ΓûêΓûêΓûêΓûêΓûêΓûêΓûêΓûî  | 3395/4500 [13:23<04:19,  4.26it/s]
 75%|ΓûêΓûêΓûêΓûêΓûêΓûêΓûêΓûî  | 3396/4500 [13:23<04:19,  4.25it/s]
 75%|ΓûêΓûêΓûêΓûêΓûêΓûêΓûêΓûî  | 3397/4500 [13:23<04:17,  4.29it/s]
 76%|ΓûêΓûêΓûêΓûêΓûêΓûêΓûêΓûî  | 3398/4500 [13:23<04:13,  4.35it/s]
 76%|ΓûêΓûêΓûêΓûêΓûêΓûêΓûêΓûî  | 3399/4500 [13:24<04:22,  4.19it/s]
 76%|ΓûêΓûêΓûêΓûêΓûêΓûêΓûêΓûî  | 3400/4500 [13:24<04:24,  4.17it/s]
 76%|ΓûêΓûêΓûêΓûêΓûêΓûêΓûêΓûî  | 3401/4500 [13:24<04:25,  4.13it/s]
 76%|ΓûêΓûêΓûêΓûêΓûêΓûêΓûêΓûî  | 3402/4500 [13:24<04:25,  4.14it/s]
 76%|ΓûêΓûêΓûêΓûêΓûêΓûêΓûêΓûî  | 3403/4500 [13:25<04:22,  4.18it/s]
 76%|ΓûêΓûêΓûêΓûêΓûêΓûêΓûêΓûî  | 3404/4500 [13:25<04:18,  4.24it/s]
 76%|ΓûêΓûêΓûêΓûêΓûêΓûêΓûêΓûî  | 3405/4500 [13:25<04:24,  4.14it/s]
 76%|ΓûêΓûêΓûêΓûêΓûêΓûêΓûêΓûî  | 3406/4500 [13:25<04:19,  4.21it/s]
 76%|ΓûêΓûêΓûêΓûêΓûêΓûêΓûêΓûî  | 3407/4500 [13:26<04:21,  4.18it/s]
 76%|ΓûêΓûêΓûêΓûêΓûêΓûêΓûêΓûî  | 3408/4500 [13:26<04:23,  4.15it/s]
 76%|ΓûêΓûêΓûêΓûêΓûêΓûêΓûêΓûî  | 3409/4500 [13:26<04:19,  4.21it/s]
 76%|ΓûêΓûêΓûêΓûêΓûêΓûêΓûêΓûî  | 3411/4500 [13:26<03:17,  5.51it/s]
 76%|ΓûêΓûêΓûêΓûêΓûêΓûêΓûêΓûî  | 3412/4500 [13:26<03:32,  5.11it/s]
 76%|ΓûêΓûêΓûêΓûêΓûêΓûêΓûêΓûî  | 3413/4500 [13:27<03:46,  4.81it/s]
 76%|ΓûêΓûêΓûêΓûêΓûêΓûêΓûêΓûî  | 3414/4500 [13:27<03:56,  4.59it/s]
 76%|ΓûêΓûêΓûêΓûêΓûêΓûêΓûêΓûî  | 3415/4500 [13:27<04:08,  4.36it/s]
 76%|ΓûêΓûêΓûêΓûêΓûêΓûêΓûêΓûî  | 3416/4500 [13:27<04:11,  4.31it/s]
 76%|ΓûêΓûêΓûêΓûêΓûêΓûêΓûêΓûî  | 3417/4500 [13:28<04:22,  4.12it/s]
 76%|ΓûêΓûêΓûêΓûêΓûêΓûêΓûêΓûî  | 3418/4500 [13:28<04:18,  4.18it/s]
 76%|ΓûêΓûêΓûêΓûêΓûêΓûêΓûêΓûî  | 3419/4500 [13:28<04:16,  4.21it/s]
 76%|ΓûêΓûêΓûêΓûêΓûêΓûêΓûêΓûî  | 3420/4500 [13:28<04:10,  4.31it/s]
 76%|ΓûêΓûêΓûêΓûêΓûêΓûêΓûêΓûî  | 3421/4500 [13:29<04:10,  4.31it/s]
 76%|ΓûêΓûêΓûêΓûêΓûêΓûêΓûêΓûî  | 3422/4500 [13:29<04:06,  4.37it/s]
 76%|ΓûêΓûêΓûêΓûêΓûêΓûêΓûêΓûî  | 3423/4500 [13:29<04:20,  4.13it/s]
 76%|ΓûêΓûêΓûêΓûêΓûêΓûêΓûêΓûî  | 3424/4500 [13:29<04:16,  4.20it/s]
 76%|ΓûêΓûêΓûêΓûêΓûêΓûêΓûêΓûî  | 3425/4500 [13:30<04:29,  3.99it/s]
 76%|ΓûêΓûêΓûêΓûêΓûêΓûêΓûêΓûî  | 3426/4500 [13:30<04:28,  4.00it/s]
 76%|ΓûêΓûêΓûêΓûêΓûêΓûêΓûêΓûî  | 3427/4500 [13:30<04:25,  4.04it/s]
 76%|ΓûêΓûêΓûêΓûêΓûêΓûêΓûêΓûî  | 3428/4500 [13:30<04:17,  4.17it/s]
 76%|ΓûêΓûêΓûêΓûêΓûêΓûêΓûêΓûî  | 3429/4500 [13:31<04:13,  4.23it/s]
 76%|ΓûêΓûêΓûêΓûêΓûêΓûêΓûêΓûî  | 3430/4500 [13:31<04:14,  4.21it/s]
 76%|ΓûêΓûêΓûêΓûêΓûêΓûêΓûêΓûî  | 3431/4500 [13:31<04:15,  4.19it/s]
 76%|ΓûêΓûêΓûêΓûêΓûêΓûêΓûêΓûï  | 3432/4500 [13:31<04:19,  4.12it/s]
 76%|ΓûêΓûêΓûêΓûêΓûêΓûêΓûêΓûï  | 3433/4500 [13:32<04:15,  4.18it/s]
 76%|ΓûêΓûêΓûêΓûêΓûêΓûêΓûêΓûï  | 3434/4500 [13:32<04:39,  3.81it/s]
 76%|ΓûêΓûêΓûêΓûêΓûêΓûêΓûêΓûï  | 3435/4500 [13:32<04:35,  3.86it/s]
 76%|ΓûêΓûêΓûêΓûêΓûêΓûêΓûêΓûï  | 3436/4500 [13:32<04:31,  3.92it/s]
 76%|ΓûêΓûêΓûêΓûêΓûêΓûêΓûêΓûï  | 3437/4500 [13:33<04:27,  3.97it/s]
 76%|ΓûêΓûêΓûêΓûêΓûêΓûêΓûêΓûï  | 3438/4500 [13:33<04:30,  3.93it/s]
 76%|ΓûêΓûêΓûêΓûêΓûêΓûêΓûêΓûï  | 3439/4500 [13:33<04:19,  4.09it/s]
 76%|ΓûêΓûêΓûêΓûêΓûêΓûêΓûêΓûï  | 3440/4500 [13:33<04:23,  4.03it/s]
 76%|ΓûêΓûêΓûêΓûêΓûêΓûêΓûêΓûï  | 3441/4500 [13:34<04:09,  4.24it/s]
 76%|ΓûêΓûêΓûêΓûêΓûêΓûêΓûêΓûï  | 3442/4500 [13:34<04:10,  4.22it/s]
 77%|ΓûêΓûêΓûêΓûêΓûêΓûêΓûêΓûï  | 3443/4500 [13:34<04:04,  4.33it/s]
 77%|ΓûêΓûêΓûêΓûêΓûêΓûêΓûêΓûï  | 3444/4500 [13:34<04:03,  4.34it/s]
 77%|ΓûêΓûêΓûêΓûêΓûêΓûêΓûêΓûï  | 3445/4500 [13:34<04:08,  4.25it/s]
 77%|ΓûêΓûêΓûêΓûêΓûêΓûêΓûêΓûï  | 3446/4500 [13:35<04:11,  4.19it/s]
 77%|ΓûêΓûêΓûêΓûêΓûêΓûêΓûêΓûï  | 3447/4500 [13:35<04:16,  4.11it/s]
 77%|ΓûêΓûêΓûêΓûêΓûêΓûêΓûêΓûï  | 3448/4500 [13:35<04:18,  4.07it/s]
 77%|ΓûêΓûêΓûêΓûêΓûêΓûêΓûêΓûï  | 3449/4500 [13:35<04:16,  4.09it/s]
 77%|ΓûêΓûêΓûêΓûêΓûêΓûêΓûêΓûï  | 3450/4500 [13:36<04:15,  4.10it/s]
 77%|ΓûêΓûêΓûêΓûêΓûêΓûêΓûêΓûï  | 3451/4500 [13:36<04:23,  3.98it/s]
 77%|ΓûêΓûêΓûêΓûêΓûêΓûêΓûêΓûï  | 3452/4500 [13:36<04:14,  4.12it/s]
 77%|ΓûêΓûêΓûêΓûêΓûêΓûêΓûêΓûï  | 3453/4500 [13:36<04:09,  4.19it/s]
 77%|ΓûêΓûêΓûêΓûêΓûêΓûêΓûêΓûï  | 3454/4500 [13:37<04:14,  4.11it/s]
 77%|ΓûêΓûêΓûêΓûêΓûêΓûêΓûêΓûï  | 3455/4500 [13:37<04:14,  4.11it/s]
 77%|ΓûêΓûêΓûêΓûêΓûêΓûêΓûêΓûï  | 3456/4500 [13:37<04:14,  4.11it/s]
 77%|ΓûêΓûêΓûêΓûêΓûêΓûêΓûêΓûï  | 3457/4500 [13:37<04:15,  4.08it/s]
 77%|ΓûêΓûêΓûêΓûêΓûêΓûêΓûêΓûï  | 3458/4500 [13:38<04:08,  4.19it/s]
 77%|ΓûêΓûêΓûêΓûêΓûêΓûêΓûêΓûï  | 3459/4500 [13:38<04:07,  4.20it/s]
 77%|ΓûêΓûêΓûêΓûêΓûêΓûêΓûêΓûï  | 3460/4500 [13:38<04:10,  4.15it/s]
 77%|ΓûêΓûêΓûêΓûêΓûêΓûêΓûêΓûï  | 3461/4500 [13:38<04:16,  4.05it/s]
 77%|ΓûêΓûêΓûêΓûêΓûêΓûêΓûêΓûï  | 3462/4500 [13:39<04:07,  4.20it/s]
 77%|ΓûêΓûêΓûêΓûêΓûêΓûêΓûêΓûï  | 3463/4500 [13:39<04:08,  4.18it/s]
 77%|ΓûêΓûêΓûêΓûêΓûêΓûêΓûêΓûï  | 3464/4500 [13:39<04:06,  4.20it/s]
 77%|ΓûêΓûêΓûêΓûêΓûêΓûêΓûêΓûï  | 3465/4500 [13:39<04:06,  4.20it/s]
 77%|ΓûêΓûêΓûêΓûêΓûêΓûêΓûêΓûï  | 3466/4500 [13:40<04:12,  4.09it/s]
 77%|ΓûêΓûêΓûêΓûêΓûêΓûêΓûêΓûï  | 3467/4500 [13:40<04:10,  4.13it/s]
 77%|ΓûêΓûêΓûêΓûêΓûêΓûêΓûêΓûï  | 3468/4500 [13:40<04:05,  4.20it/s]
 77%|ΓûêΓûêΓûêΓûêΓûêΓûêΓûêΓûï  | 3469/4500 [13:40<04:05,  4.20it/s]
 77%|ΓûêΓûêΓûêΓûêΓûêΓûêΓûêΓûï  | 3470/4500 [13:41<03:58,  4.32it/s]
 77%|ΓûêΓûêΓûêΓûêΓûêΓûêΓûêΓûï  | 3471/4500 [13:41<04:01,  4.27it/s]
 77%|ΓûêΓûêΓûêΓûêΓûêΓûêΓûêΓûï  | 3472/4500 [13:41<04:02,  4.23it/s]
 77%|ΓûêΓûêΓûêΓûêΓûêΓûêΓûêΓûï  | 3473/4500 [13:41<04:02,  4.24it/s]
 77%|ΓûêΓûêΓûêΓûêΓûêΓûêΓûêΓûï  | 3474/4500 [13:41<04:00,  4.26it/s]
 77%|ΓûêΓûêΓûêΓûêΓûêΓûêΓûêΓûï  | 3475/4500 [13:42<04:05,  4.18it/s]
 77%|ΓûêΓûêΓûêΓûêΓûêΓûêΓûêΓûï  | 3476/4500 [13:42<04:01,  4.25it/s]
 77%|ΓûêΓûêΓûêΓûêΓûêΓûêΓûêΓûï  | 3477/4500 [13:42<04:07,  4.13it/s]
 77%|ΓûêΓûêΓûêΓûêΓûêΓûêΓûêΓûï  | 3478/4500 [13:42<04:08,  4.12it/s]
 77%|ΓûêΓûêΓûêΓûêΓûêΓûêΓûêΓûï  | 3479/4500 [13:43<04:02,  4.21it/s]
 77%|ΓûêΓûêΓûêΓûêΓûêΓûêΓûêΓûï  | 3481/4500 [13:43<03:02,  5.60it/s]
 77%|ΓûêΓûêΓûêΓûêΓûêΓûêΓûêΓûï  | 3482/4500 [13:43<03:18,  5.12it/s]
 77%|ΓûêΓûêΓûêΓûêΓûêΓûêΓûêΓûï  | 3483/4500 [13:43<03:32,  4.78it/s]
 77%|ΓûêΓûêΓûêΓûêΓûêΓûêΓûêΓûï  | 3484/4500 [13:44<03:44,  4.52it/s]
 77%|ΓûêΓûêΓûêΓûêΓûêΓûêΓûêΓûï  | 3485/4500 [13:44<03:45,  4.51it/s]
 77%|ΓûêΓûêΓûêΓûêΓûêΓûêΓûêΓûï  | 3486/4500 [13:44<03:50,  4.41it/s]
 77%|ΓûêΓûêΓûêΓûêΓûêΓûêΓûêΓûï  | 3487/4500 [13:44<03:50,  4.40it/s]
 78%|ΓûêΓûêΓûêΓûêΓûêΓûêΓûêΓûè  | 3488/4500 [13:45<03:51,  4.37it/s]
 78%|ΓûêΓûêΓûêΓûêΓûêΓûêΓûêΓûè  | 3489/4500 [13:45<03:55,  4.29it/s]
 78%|ΓûêΓûêΓûêΓûêΓûêΓûêΓûêΓûè  | 3490/4500 [13:45<03:56,  4.28it/s]
 78%|ΓûêΓûêΓûêΓûêΓûêΓûêΓûêΓûè  | 3491/4500 [13:45<03:55,  4.29it/s]
 78%|ΓûêΓûêΓûêΓûêΓûêΓûêΓûêΓûè  | 3492/4500 [13:46<03:58,  4.22it/s]
 78%|ΓûêΓûêΓûêΓûêΓûêΓûêΓûêΓûè  | 3493/4500 [13:46<04:04,  4.11it/s]
 78%|ΓûêΓûêΓûêΓûêΓûêΓûêΓûêΓûè  | 3494/4500 [13:46<04:11,  3.99it/s]
 78%|ΓûêΓûêΓûêΓûêΓûêΓûêΓûêΓûè  | 3495/4500 [13:46<04:06,  4.08it/s]
 78%|ΓûêΓûêΓûêΓûêΓûêΓûêΓûêΓûè  | 3496/4500 [13:47<04:07,  4.06it/s]
 78%|ΓûêΓûêΓûêΓûêΓûêΓûêΓûêΓûè  | 3497/4500 [13:47<04:03,  4.12it/s]
 78%|ΓûêΓûêΓûêΓûêΓûêΓûêΓûêΓûè  | 3498/4500 [13:47<04:04,  4.10it/s]
 78%|ΓûêΓûêΓûêΓûêΓûêΓûêΓûêΓûè  | 3499/4500 [13:47<04:04,  4.09it/s]
 78%|ΓûêΓûêΓûêΓûêΓûêΓûêΓûêΓûè  | 3500/4500 [13:47<04:06,  4.06it/s]
 78%|ΓûêΓûêΓûêΓûêΓûêΓûêΓûêΓûè  | 3501/4500 [13:48<04:04,  4.08it/s]
 78%|ΓûêΓûêΓûêΓûêΓûêΓûêΓûêΓûè  | 3502/4500 [13:48<04:00,  4.14it/s]
 78%|ΓûêΓûêΓûêΓûêΓûêΓûêΓûêΓûè  | 3503/4500 [13:48<03:57,  4.20it/s]
 78%|ΓûêΓûêΓûêΓûêΓûêΓûêΓûêΓûè  | 3504/4500 [13:48<04:01,  4.13it/s]
 78%|ΓûêΓûêΓûêΓûêΓûêΓûêΓûêΓûè  | 3505/4500 [13:49<03:59,  4.16it/s]
 78%|ΓûêΓûêΓûêΓûêΓûêΓûêΓûêΓûè  | 3506/4500 [13:49<04:10,  3.96it/s]
 78%|ΓûêΓûêΓûêΓûêΓûêΓûêΓûêΓûè  | 3507/4500 [13:49<04:28,  3.69it/s]
 78%|ΓûêΓûêΓûêΓûêΓûêΓûêΓûêΓûè  | 3508/4500 [13:50<04:32,  3.64it/s]
 78%|ΓûêΓûêΓûêΓûêΓûêΓûêΓûêΓûè  | 3509/4500 [13:50<04:33,  3.62it/s]
 78%|ΓûêΓûêΓûêΓûêΓûêΓûêΓûêΓûè  | 3510/4500 [13:50<04:25,  3.73it/s]
 78%|ΓûêΓûêΓûêΓûêΓûêΓûêΓûêΓûè  | 3511/4500 [13:50<04:22,  3.77it/s]
 78%|ΓûêΓûêΓûêΓûêΓûêΓûêΓûêΓûè  | 3512/4500 [13:51<04:23,  3.75it/s]
 78%|ΓûêΓûêΓûêΓûêΓûêΓûêΓûêΓûè  | 3513/4500 [13:51<04:46,  3.44it/s]
 78%|ΓûêΓûêΓûêΓûêΓûêΓûêΓûêΓûè  | 3514/4500 [13:51<04:43,  3.48it/s]
 78%|ΓûêΓûêΓûêΓûêΓûêΓûêΓûêΓûè  | 3515/4500 [13:51<04:29,  3.66it/s]
 78%|ΓûêΓûêΓûêΓûêΓûêΓûêΓûêΓûè  | 3516/4500 [13:52<04:16,  3.83it/s]
 78%|ΓûêΓûêΓûêΓûêΓûêΓûêΓûêΓûè  | 3517/4500 [13:52<04:07,  3.98it/s]
 78%|ΓûêΓûêΓûêΓûêΓûêΓûêΓûêΓûè  | 3518/4500 [13:52<04:15,  3.84it/s]
 78%|ΓûêΓûêΓûêΓûêΓûêΓûêΓûêΓûè  | 3519/4500 [13:52<04:15,  3.84it/s]
 78%|ΓûêΓûêΓûêΓûêΓûêΓûêΓûêΓûè  | 3520/4500 [13:53<04:12,  3.88it/s]
 78%|ΓûêΓûêΓûêΓûêΓûêΓûêΓûêΓûè  | 3521/4500 [13:53<04:13,  3.86it/s]
 78%|ΓûêΓûêΓûêΓûêΓûêΓûêΓûêΓûè  | 3522/4500 [13:53<04:04,  4.00it/s]
 78%|ΓûêΓûêΓûêΓûêΓûêΓûêΓûêΓûè  | 3523/4500 [13:53<04:05,  3.98it/s]
 78%|ΓûêΓûêΓûêΓûêΓûêΓûêΓûêΓûè  | 3524/4500 [13:54<03:59,  4.08it/s]
 78%|ΓûêΓûêΓûêΓûêΓûêΓûêΓûêΓûè  | 3525/4500 [13:54<03:59,  4.06it/s]
 78%|ΓûêΓûêΓûêΓûêΓûêΓûêΓûêΓûè  | 3526/4500 [13:54<04:02,  4.01it/s]
 78%|ΓûêΓûêΓûêΓûêΓûêΓûêΓûêΓûè  | 3527/4500 [13:54<04:01,  4.03it/s]
 78%|ΓûêΓûêΓûêΓûêΓûêΓûêΓûêΓûè  | 3528/4500 [13:55<04:02,  4.01it/s]
 78%|ΓûêΓûêΓûêΓûêΓûêΓûêΓûêΓûè  | 3529/4500 [13:55<03:54,  4.14it/s]
 78%|ΓûêΓûêΓûêΓûêΓûêΓûêΓûêΓûè  | 3530/4500 [13:55<03:49,  4.22it/s]
 78%|ΓûêΓûêΓûêΓûêΓûêΓûêΓûêΓûè  | 3531/4500 [13:55<03:49,  4.22it/s]
 78%|ΓûêΓûêΓûêΓûêΓûêΓûêΓûêΓûè  | 3532/4500 [13:56<03:44,  4.31it/s]
 79%|ΓûêΓûêΓûêΓûêΓûêΓûêΓûêΓûè  | 3533/4500 [13:56<03:44,  4.31it/s]
 79%|ΓûêΓûêΓûêΓûêΓûêΓûêΓûêΓûè  | 3534/4500 [13:56<03:49,  4.22it/s]
 79%|ΓûêΓûêΓûêΓûêΓûêΓûêΓûêΓûè  | 3535/4500 [13:56<04:24,  3.64it/s]
 79%|ΓûêΓûêΓûêΓûêΓûêΓûêΓûêΓûè  | 3536/4500 [13:57<04:26,  3.62it/s]
 79%|ΓûêΓûêΓûêΓûêΓûêΓûêΓûêΓûè  | 3537/4500 [13:57<04:26,  3.62it/s]
 79%|ΓûêΓûêΓûêΓûêΓûêΓûêΓûêΓûè  | 3538/4500 [13:57<04:26,  3.61it/s]
 79%|ΓûêΓûêΓûêΓûêΓûêΓûêΓûêΓûè  | 3539/4500 [13:58<04:23,  3.65it/s]
 79%|ΓûêΓûêΓûêΓûêΓûêΓûêΓûêΓûè  | 3540/4500 [13:58<04:25,  3.61it/s]
 79%|ΓûêΓûêΓûêΓûêΓûêΓûêΓûêΓûè  | 3541/4500 [13:58<04:21,  3.67it/s]
 79%|ΓûêΓûêΓûêΓûêΓûêΓûêΓûêΓûè  | 3542/4500 [13:58<04:13,  3.77it/s]
 79%|ΓûêΓûêΓûêΓûêΓûêΓûêΓûêΓûè  | 3543/4500 [13:59<04:09,  3.83it/s]
 79%|ΓûêΓûêΓûêΓûêΓûêΓûêΓûêΓûë  | 3544/4500 [13:59<04:05,  3.89it/s]
 79%|ΓûêΓûêΓûêΓûêΓûêΓûêΓûêΓûë  | 3545/4500 [13:59<04:09,  3.83it/s]
 79%|ΓûêΓûêΓûêΓûêΓûêΓûêΓûêΓûë  | 3546/4500 [13:59<04:09,  3.83it/s]
 79%|ΓûêΓûêΓûêΓûêΓûêΓûêΓûêΓûë  | 3547/4500 [14:00<04:01,  3.95it/s]
 79%|ΓûêΓûêΓûêΓûêΓûêΓûêΓûêΓûë  | 3548/4500 [14:00<03:55,  4.05it/s]
 79%|ΓûêΓûêΓûêΓûêΓûêΓûêΓûêΓûë  | 3549/4500 [14:00<03:54,  4.06it/s]
 79%|ΓûêΓûêΓûêΓûêΓûêΓûêΓûêΓûë  | 3550/4500 [14:00<03:53,  4.07it/s]
 79%|ΓûêΓûêΓûêΓûêΓûêΓûêΓûêΓûë  | 3551/4500 [14:01<03:54,  4.04it/s]
 79%|ΓûêΓûêΓûêΓûêΓûêΓûêΓûêΓûë  | 3552/4500 [14:01<03:52,  4.07it/s]
 79%|ΓûêΓûêΓûêΓûêΓûêΓûêΓûêΓûë  | 3553/4500 [14:01<03:57,  3.99it/s]
 79%|ΓûêΓûêΓûêΓûêΓûêΓûêΓûêΓûë  | 3554/4500 [14:01<03:52,  4.06it/s]
 79%|ΓûêΓûêΓûêΓûêΓûêΓûêΓûêΓûë  | 3555/4500 [14:02<03:52,  4.06it/s]
 79%|ΓûêΓûêΓûêΓûêΓûêΓûêΓûêΓûë  | 3556/4500 [14:02<03:46,  4.16it/s]
 79%|ΓûêΓûêΓûêΓûêΓûêΓûêΓûêΓûë  | 3557/4500 [14:02<03:42,  4.24it/s]
 79%|ΓûêΓûêΓûêΓûêΓûêΓûêΓûêΓûë  | 3558/4500 [14:02<03:51,  4.08it/s]
 79%|ΓûêΓûêΓûêΓûêΓûêΓûêΓûêΓûë  | 3559/4500 [14:03<03:43,  4.22it/s]
 79%|ΓûêΓûêΓûêΓûêΓûêΓûêΓûêΓûë  | 3560/4500 [14:03<03:45,  4.17it/s]
 79%|ΓûêΓûêΓûêΓûêΓûêΓûêΓûêΓûë  | 3561/4500 [14:03<03:51,  4.05it/s]
 79%|ΓûêΓûêΓûêΓûêΓûêΓûêΓûêΓûë  | 3562/4500 [14:03<03:48,  4.10it/s]
 79%|ΓûêΓûêΓûêΓûêΓûêΓûêΓûêΓûë  | 3563/4500 [14:04<03:47,  4.12it/s]
 79%|ΓûêΓûêΓûêΓûêΓûêΓûêΓûêΓûë  | 3564/4500 [14:04<03:36,  4.32it/s]
 79%|ΓûêΓûêΓûêΓûêΓûêΓûêΓûêΓûë  | 3565/4500 [14:04<03:39,  4.25it/s]
 79%|ΓûêΓûêΓûêΓûêΓûêΓûêΓûêΓûë  | 3566/4500 [14:04<03:45,  4.14it/s]
 79%|ΓûêΓûêΓûêΓûêΓûêΓûêΓûêΓûë  | 3567/4500 [14:04<03:42,  4.20it/s]
 79%|ΓûêΓûêΓûêΓûêΓûêΓûêΓûêΓûë  | 3568/4500 [14:05<03:40,  4.22it/s]
 79%|ΓûêΓûêΓûêΓûêΓûêΓûêΓûêΓûë  | 3569/4500 [14:05<03:38,  4.26it/s]
 79%|ΓûêΓûêΓûêΓûêΓûêΓûêΓûêΓûë  | 3570/4500 [14:05<03:34,  4.33it/s]
 79%|ΓûêΓûêΓûêΓûêΓûêΓûêΓûêΓûë  | 3571/4500 [14:05<03:31,  4.38it/s]
 79%|ΓûêΓûêΓûêΓûêΓûêΓûêΓûêΓûë  | 3572/4500 [14:06<03:34,  4.33it/s]
 79%|ΓûêΓûêΓûêΓûêΓûêΓûêΓûêΓûë  | 3573/4500 [14:06<03:40,  4.21it/s]
 79%|ΓûêΓûêΓûêΓûêΓûêΓûêΓûêΓûë  | 3574/4500 [14:06<03:37,  4.27it/s]
 79%|ΓûêΓûêΓûêΓûêΓûêΓûêΓûêΓûë  | 3575/4500 [14:06<03:36,  4.28it/s]
 79%|ΓûêΓûêΓûêΓûêΓûêΓûêΓûêΓûë  | 3576/4500 [14:07<03:35,  4.28it/s]
 79%|ΓûêΓûêΓûêΓûêΓûêΓûêΓûêΓûë  | 3577/4500 [14:07<03:35,  4.29it/s]
 80%|ΓûêΓûêΓûêΓûêΓûêΓûêΓûêΓûë  | 3578/4500 [14:07<03:39,  4.21it/s]
 80%|ΓûêΓûêΓûêΓûêΓûêΓûêΓûêΓûë  | 3579/4500 [14:07<03:32,  4.32it/s]
 80%|ΓûêΓûêΓûêΓûêΓûêΓûêΓûêΓûë  | 3580/4500 [14:07<03:31,  4.35it/s]
 80%|ΓûêΓûêΓûêΓûêΓûêΓûêΓûêΓûë  | 3581/4500 [14:08<03:39,  4.19it/s]
 80%|ΓûêΓûêΓûêΓûêΓûêΓûêΓûêΓûë  | 3582/4500 [14:08<03:35,  4.27it/s]
 80%|ΓûêΓûêΓûêΓûêΓûêΓûêΓûêΓûë  | 3583/4500 [14:08<03:30,  4.35it/s]
 80%|ΓûêΓûêΓûêΓûêΓûêΓûêΓûêΓûë  | 3584/4500 [14:08<03:39,  4.18it/s]
 80%|ΓûêΓûêΓûêΓûêΓûêΓûêΓûêΓûë  | 3585/4500 [14:09<03:38,  4.19it/s]
 80%|ΓûêΓûêΓûêΓûêΓûêΓûêΓûêΓûë  | 3586/4500 [14:09<03:34,  4.25it/s]
 80%|ΓûêΓûêΓûêΓûêΓûêΓûêΓûêΓûë  | 3587/4500 [14:09<03:39,  4.16it/s]
 80%|ΓûêΓûêΓûêΓûêΓûêΓûêΓûêΓûë  | 3588/4500 [14:09<03:38,  4.18it/s]
 80%|ΓûêΓûêΓûêΓûêΓûêΓûêΓûêΓûë  | 3589/4500 [14:10<03:32,  4.28it/s]
 80%|ΓûêΓûêΓûêΓûêΓûêΓûêΓûêΓûë  | 3590/4500 [14:10<03:33,  4.26it/s]
 80%|ΓûêΓûêΓûêΓûêΓûêΓûêΓûêΓûë  | 3591/4500 [14:10<03:31,  4.30it/s]
 80%|ΓûêΓûêΓûêΓûêΓûêΓûêΓûêΓûë  | 3592/4500 [14:10<03:38,  4.15it/s]
 80%|ΓûêΓûêΓûêΓûêΓûêΓûêΓûêΓûë  | 3593/4500 [14:11<03:43,  4.06it/s]
 80%|ΓûêΓûêΓûêΓûêΓûêΓûêΓûêΓûë  | 3594/4500 [14:11<03:35,  4.20it/s]
 80%|ΓûêΓûêΓûêΓûêΓûêΓûêΓûêΓûë  | 3595/4500 [14:11<03:34,  4.22it/s]
 80%|ΓûêΓûêΓûêΓûêΓûêΓûêΓûêΓûë  | 3596/4500 [14:11<03:32,  4.26it/s]
 80%|ΓûêΓûêΓûêΓûêΓûêΓûêΓûêΓûë  | 3597/4500 [14:12<03:35,  4.19it/s]
 80%|ΓûêΓûêΓûêΓûêΓûêΓûêΓûêΓûë  | 3598/4500 [14:12<03:39,  4.11it/s]
 80%|ΓûêΓûêΓûêΓûêΓûêΓûêΓûêΓûë  | 3599/4500 [14:12<03:37,  4.14it/s]
 80%|ΓûêΓûêΓûêΓûêΓûêΓûêΓûêΓûê  | 3600/4500 [14:12<03:36,  4.17it/s]
 80%|ΓûêΓûêΓûêΓûêΓûêΓûêΓûêΓûê  | 3601/4500 [14:13<03:49,  3.92it/s]
 80%|ΓûêΓûêΓûêΓûêΓûêΓûêΓûêΓûê  | 3602/4500 [14:13<03:46,  3.96it/s]
 80%|ΓûêΓûêΓûêΓûêΓûêΓûêΓûêΓûê  | 3603/4500 [14:13<03:45,  3.98it/s]
 80%|ΓûêΓûêΓûêΓûêΓûêΓûêΓûêΓûê  | 3604/4500 [14:13<03:49,  3.90it/s]
 80%|ΓûêΓûêΓûêΓûêΓûêΓûêΓûêΓûê  | 3605/4500 [14:14<03:46,  3.95it/s]
 80%|ΓûêΓûêΓûêΓûêΓûêΓûêΓûêΓûê  | 3606/4500 [14:14<03:39,  4.08it/s]
 80%|ΓûêΓûêΓûêΓûêΓûêΓûêΓûêΓûê  | 3607/4500 [14:14<03:33,  4.18it/s]
 80%|ΓûêΓûêΓûêΓûêΓûêΓûêΓûêΓûê  | 3609/4500 [14:14<02:46,  5.34it/s]
 80%|ΓûêΓûêΓûêΓûêΓûêΓûêΓûêΓûê  | 3610/4500 [14:14<02:55,  5.08it/s]
 80%|ΓûêΓûêΓûêΓûêΓûêΓûêΓûêΓûê  | 3611/4500 [14:15<03:01,  4.91it/s]
 80%|ΓûêΓûêΓûêΓûêΓûêΓûêΓûêΓûê  | 3612/4500 [14:15<03:05,  4.79it/s]
 80%|ΓûêΓûêΓûêΓûêΓûêΓûêΓûêΓûê  | 3613/4500 [14:15<03:18,  4.47it/s]
 80%|ΓûêΓûêΓûêΓûêΓûêΓûêΓûêΓûê  | 3614/4500 [14:15<03:22,  4.38it/s]
 80%|ΓûêΓûêΓûêΓûêΓûêΓûêΓûêΓûê  | 3615/4500 [14:16<03:24,  4.34it/s]
 80%|ΓûêΓûêΓûêΓûêΓûêΓûêΓûêΓûê  | 3616/4500 [14:16<03:24,  4.33it/s]
 80%|ΓûêΓûêΓûêΓûêΓûêΓûêΓûêΓûê  | 3617/4500 [14:16<03:24,  4.32it/s]
 80%|ΓûêΓûêΓûêΓûêΓûêΓûêΓûêΓûê  | 3618/4500 [14:16<03:27,  4.25it/s]
 80%|ΓûêΓûêΓûêΓûêΓûêΓûêΓûêΓûê  | 3619/4500 [14:17<03:26,  4.26it/s]
 80%|ΓûêΓûêΓûêΓûêΓûêΓûêΓûêΓûê  | 3620/4500 [14:17<03:24,  4.30it/s]
 80%|ΓûêΓûêΓûêΓûêΓûêΓûêΓûêΓûê  | 3621/4500 [14:17<03:31,  4.15it/s]
 80%|ΓûêΓûêΓûêΓûêΓûêΓûêΓûêΓûê  | 3622/4500 [14:17<03:27,  4.23it/s]
 81%|ΓûêΓûêΓûêΓûêΓûêΓûêΓûêΓûê  | 3623/4500 [14:18<03:27,  4.22it/s]
 81%|ΓûêΓûêΓûêΓûêΓûêΓûêΓûêΓûê  | 3624/4500 [14:18<03:27,  4.22it/s]
 81%|ΓûêΓûêΓûêΓûêΓûêΓûêΓûêΓûê  | 3625/4500 [14:18<03:22,  4.32it/s]
 81%|ΓûêΓûêΓûêΓûêΓûêΓûêΓûêΓûê  | 3626/4500 [14:18<03:20,  4.36it/s]
 81%|ΓûêΓûêΓûêΓûêΓûêΓûêΓûêΓûê  | 3627/4500 [14:18<03:18,  4.39it/s]
 81%|ΓûêΓûêΓûêΓûêΓûêΓûêΓûêΓûê  | 3628/4500 [14:19<03:25,  4.24it/s]
 81%|ΓûêΓûêΓûêΓûêΓûêΓûêΓûêΓûê  | 3629/4500 [14:19<03:25,  4.23it/s]
 81%|ΓûêΓûêΓûêΓûêΓûêΓûêΓûêΓûê  | 3630/4500 [14:19<03:21,  4.32it/s]
 81%|ΓûêΓûêΓûêΓûêΓûêΓûêΓûêΓûê  | 3631/4500 [14:19<03:22,  4.29it/s]
 81%|ΓûêΓûêΓûêΓûêΓûêΓûêΓûêΓûê  | 3632/4500 [14:20<03:20,  4.33it/s]
 81%|ΓûêΓûêΓûêΓûêΓûêΓûêΓûêΓûê  | 3633/4500 [14:20<03:23,  4.25it/s]
 81%|ΓûêΓûêΓûêΓûêΓûêΓûêΓûêΓûê  | 3634/4500 [14:20<03:24,  4.23it/s]
 81%|ΓûêΓûêΓûêΓûêΓûêΓûêΓûêΓûê  | 3635/4500 [14:20<03:21,  4.28it/s]
 81%|ΓûêΓûêΓûêΓûêΓûêΓûêΓûêΓûê  | 3636/4500 [14:21<03:22,  4.26it/s]
 81%|ΓûêΓûêΓûêΓûêΓûêΓûêΓûêΓûê  | 3637/4500 [14:21<03:27,  4.16it/s]
 81%|ΓûêΓûêΓûêΓûêΓûêΓûêΓûêΓûê  | 3638/4500 [14:21<03:22,  4.25it/s]
 81%|ΓûêΓûêΓûêΓûêΓûêΓûêΓûêΓûê  | 3639/4500 [14:21<03:25,  4.20it/s]
 81%|ΓûêΓûêΓûêΓûêΓûêΓûêΓûêΓûê  | 3640/4500 [14:22<03:26,  4.16it/s]
 81%|ΓûêΓûêΓûêΓûêΓûêΓûêΓûêΓûê  | 3641/4500 [14:22<03:25,  4.18it/s]
 81%|ΓûêΓûêΓûêΓûêΓûêΓûêΓûêΓûê  | 3642/4500 [14:22<03:30,  4.07it/s]
 81%|ΓûêΓûêΓûêΓûêΓûêΓûêΓûêΓûê  | 3643/4500 [14:22<03:28,  4.11it/s]
 81%|ΓûêΓûêΓûêΓûêΓûêΓûêΓûêΓûê  | 3644/4500 [14:23<03:24,  4.18it/s]
 81%|ΓûêΓûêΓûêΓûêΓûêΓûêΓûêΓûê  | 3645/4500 [14:23<03:24,  4.17it/s]
 81%|ΓûêΓûêΓûêΓûêΓûêΓûêΓûêΓûê  | 3646/4500 [14:23<03:29,  4.08it/s]
 81%|ΓûêΓûêΓûêΓûêΓûêΓûêΓûêΓûê  | 3647/4500 [14:23<03:28,  4.08it/s]
 81%|ΓûêΓûêΓûêΓûêΓûêΓûêΓûêΓûê  | 3648/4500 [14:24<03:30,  4.05it/s]
 81%|ΓûêΓûêΓûêΓûêΓûêΓûêΓûêΓûê  | 3650/4500 [14:24<02:56,  4.82it/s]
 81%|ΓûêΓûêΓûêΓûêΓûêΓûêΓûêΓûê  | 3651/4500 [14:24<03:01,  4.68it/s]
 81%|ΓûêΓûêΓûêΓûêΓûêΓûêΓûêΓûê  | 3652/4500 [14:24<03:04,  4.59it/s]
 81%|ΓûêΓûêΓûêΓûêΓûêΓûêΓûêΓûê  | 3653/4500 [14:25<03:13,  4.39it/s]
 81%|ΓûêΓûêΓûêΓûêΓûêΓûêΓûêΓûê  | 3654/4500 [14:25<03:13,  4.38it/s]
 81%|ΓûêΓûêΓûêΓûêΓûêΓûêΓûêΓûê  | 3655/4500 [14:25<03:16,  4.30it/s]
 81%|ΓûêΓûêΓûêΓûêΓûêΓûêΓûêΓûê  | 3656/4500 [14:25<03:12,  4.38it/s]
 81%|ΓûêΓûêΓûêΓûêΓûêΓûêΓûêΓûêΓûÅ | 3657/4500 [14:25<03:18,  4.25it/s]
 81%|ΓûêΓûêΓûêΓûêΓûêΓûêΓûêΓûêΓûÅ | 3658/4500 [14:26<03:17,  4.27it/s]
 81%|ΓûêΓûêΓûêΓûêΓûêΓûêΓûêΓûêΓûÅ | 3659/4500 [14:26<03:21,  4.16it/s]
 81%|ΓûêΓûêΓûêΓûêΓûêΓûêΓûêΓûêΓûÅ | 3660/4500 [14:26<03:18,  4.23it/s]
 81%|ΓûêΓûêΓûêΓûêΓûêΓûêΓûêΓûêΓûÅ | 3661/4500 [14:26<03:18,  4.23it/s]
 81%|ΓûêΓûêΓûêΓûêΓûêΓûêΓûêΓûêΓûÅ | 3662/4500 [14:27<03:24,  4.11it/s]
 81%|ΓûêΓûêΓûêΓûêΓûêΓûêΓûêΓûêΓûÅ | 3663/4500 [14:27<03:21,  4.16it/s]
 81%|ΓûêΓûêΓûêΓûêΓûêΓûêΓûêΓûêΓûÅ | 3664/4500 [14:27<03:20,  4.17it/s]
 81%|ΓûêΓûêΓûêΓûêΓûêΓûêΓûêΓûêΓûÅ | 3665/4500 [14:27<03:18,  4.21it/s]
 81%|ΓûêΓûêΓûêΓûêΓûêΓûêΓûêΓûêΓûÅ | 3666/4500 [14:28<03:20,  4.16it/s]
 81%|ΓûêΓûêΓûêΓûêΓûêΓûêΓûêΓûêΓûÅ | 3667/4500 [14:28<03:20,  4.16it/s]
 82%|ΓûêΓûêΓûêΓûêΓûêΓûêΓûêΓûêΓûÅ | 3668/4500 [14:28<03:17,  4.22it/s]
 82%|ΓûêΓûêΓûêΓûêΓûêΓûêΓûêΓûêΓûÅ | 3669/4500 [14:28<03:18,  4.18it/s]
 82%|ΓûêΓûêΓûêΓûêΓûêΓûêΓûêΓûêΓûÅ | 3670/4500 [14:29<03:16,  4.23it/s]
 82%|ΓûêΓûêΓûêΓûêΓûêΓûêΓûêΓûêΓûÅ | 3671/4500 [14:29<03:21,  4.11it/s]
 82%|ΓûêΓûêΓûêΓûêΓûêΓûêΓûêΓûêΓûÅ | 3672/4500 [14:29<03:27,  3.99it/s]
 82%|ΓûêΓûêΓûêΓûêΓûêΓûêΓûêΓûêΓûÅ | 3673/4500 [14:29<03:47,  3.63it/s]
 82%|ΓûêΓûêΓûêΓûêΓûêΓûêΓûêΓûêΓûÅ | 3674/4500 [14:30<03:34,  3.85it/s]
 82%|ΓûêΓûêΓûêΓûêΓûêΓûêΓûêΓûêΓûÅ | 3675/4500 [14:30<03:40,  3.74it/s]
 82%|ΓûêΓûêΓûêΓûêΓûêΓûêΓûêΓûêΓûÅ | 3676/4500 [14:30<03:40,  3.75it/s]
 82%|ΓûêΓûêΓûêΓûêΓûêΓûêΓûêΓûêΓûÅ | 3677/4500 [14:30<03:28,  3.94it/s]
 82%|ΓûêΓûêΓûêΓûêΓûêΓûêΓûêΓûêΓûÅ | 3678/4500 [14:31<03:20,  4.09it/s]
 82%|ΓûêΓûêΓûêΓûêΓûêΓûêΓûêΓûêΓûÅ | 3679/4500 [14:31<03:25,  4.00it/s]
 82%|ΓûêΓûêΓûêΓûêΓûêΓûêΓûêΓûêΓûÅ | 3680/4500 [14:31<03:28,  3.93it/s]
 82%|ΓûêΓûêΓûêΓûêΓûêΓûêΓûêΓûêΓûÅ | 3681/4500 [14:31<03:25,  3.98it/s]
 82%|ΓûêΓûêΓûêΓûêΓûêΓûêΓûêΓûêΓûÅ | 3682/4500 [14:32<03:24,  4.00it/s]
 82%|ΓûêΓûêΓûêΓûêΓûêΓûêΓûêΓûêΓûÅ | 3683/4500 [14:32<03:17,  4.15it/s]
 82%|ΓûêΓûêΓûêΓûêΓûêΓûêΓûêΓûêΓûÅ | 3684/4500 [14:32<03:15,  4.18it/s]
 82%|ΓûêΓûêΓûêΓûêΓûêΓûêΓûêΓûêΓûÅ | 3685/4500 [14:32<03:15,  4.18it/s]
 82%|ΓûêΓûêΓûêΓûêΓûêΓûêΓûêΓûêΓûÅ | 3686/4500 [14:33<03:21,  4.03it/s]
 82%|ΓûêΓûêΓûêΓûêΓûêΓûêΓûêΓûêΓûÅ | 3688/4500 [14:33<02:32,  5.32it/s]
 82%|ΓûêΓûêΓûêΓûêΓûêΓûêΓûêΓûêΓûÅ | 3689/4500 [14:33<02:42,  5.00it/s]
 82%|ΓûêΓûêΓûêΓûêΓûêΓûêΓûêΓûêΓûÅ | 3690/4500 [14:33<02:48,  4.82it/s]
 82%|ΓûêΓûêΓûêΓûêΓûêΓûêΓûêΓûêΓûÅ | 3691/4500 [14:34<02:53,  4.67it/s]
 82%|ΓûêΓûêΓûêΓûêΓûêΓûêΓûêΓûêΓûÅ | 3692/4500 [14:34<02:55,  4.61it/s]
 82%|ΓûêΓûêΓûêΓûêΓûêΓûêΓûêΓûêΓûÅ | 3693/4500 [14:34<02:57,  4.56it/s]
 82%|ΓûêΓûêΓûêΓûêΓûêΓûêΓûêΓûêΓûÅ | 3694/4500 [14:34<03:00,  4.48it/s]
 82%|ΓûêΓûêΓûêΓûêΓûêΓûêΓûêΓûêΓûÅ | 3695/4500 [14:35<03:03,  4.40it/s]
 82%|ΓûêΓûêΓûêΓûêΓûêΓûêΓûêΓûêΓûÅ | 3696/4500 [14:35<03:03,  4.38it/s]
 82%|ΓûêΓûêΓûêΓûêΓûêΓûêΓûêΓûêΓûÅ | 3697/4500 [14:35<03:01,  4.44it/s]
 82%|ΓûêΓûêΓûêΓûêΓûêΓûêΓûêΓûêΓûÅ | 3698/4500 [14:35<03:04,  4.34it/s]
 82%|ΓûêΓûêΓûêΓûêΓûêΓûêΓûêΓûêΓûÅ | 3699/4500 [14:35<03:05,  4.32it/s]
 82%|ΓûêΓûêΓûêΓûêΓûêΓûêΓûêΓûêΓûÅ | 3700/4500 [14:36<03:06,  4.30it/s]
 82%|ΓûêΓûêΓûêΓûêΓûêΓûêΓûêΓûêΓûÅ | 3701/4500 [14:36<03:08,  4.23it/s]
 82%|ΓûêΓûêΓûêΓûêΓûêΓûêΓûêΓûêΓûÅ | 3702/4500 [14:36<03:17,  4.04it/s]
 82%|ΓûêΓûêΓûêΓûêΓûêΓûêΓûêΓûêΓûÅ | 3703/4500 [14:36<03:20,  3.97it/s]
 82%|ΓûêΓûêΓûêΓûêΓûêΓûêΓûêΓûêΓûÅ | 3704/4500 [14:37<03:12,  4.13it/s]
 82%|ΓûêΓûêΓûêΓûêΓûêΓûêΓûêΓûêΓûÅ | 3705/4500 [14:37<03:10,  4.16it/s]
 82%|ΓûêΓûêΓûêΓûêΓûêΓûêΓûêΓûêΓûÅ | 3706/4500 [14:37<03:14,  4.07it/s]
 82%|ΓûêΓûêΓûêΓûêΓûêΓûêΓûêΓûêΓûÅ | 3707/4500 [14:37<03:15,  4.05it/s]
 82%|ΓûêΓûêΓûêΓûêΓûêΓûêΓûêΓûêΓûÅ | 3708/4500 [14:38<03:16,  4.04it/s]
 82%|ΓûêΓûêΓûêΓûêΓûêΓûêΓûêΓûêΓûÅ | 3709/4500 [14:38<03:12,  4.10it/s]
 82%|ΓûêΓûêΓûêΓûêΓûêΓûêΓûêΓûêΓûÅ | 3710/4500 [14:38<03:15,  4.04it/s]
 82%|ΓûêΓûêΓûêΓûêΓûêΓûêΓûêΓûêΓûÅ | 3711/4500 [14:38<03:10,  4.14it/s]
 82%|ΓûêΓûêΓûêΓûêΓûêΓûêΓûêΓûêΓûÅ | 3712/4500 [14:39<03:11,  4.11it/s]
 83%|ΓûêΓûêΓûêΓûêΓûêΓûêΓûêΓûêΓûÄ | 3713/4500 [14:39<03:07,  4.20it/s]
 83%|ΓûêΓûêΓûêΓûêΓûêΓûêΓûêΓûêΓûÄ | 3714/4500 [14:39<03:07,  4.20it/s]
 83%|ΓûêΓûêΓûêΓûêΓûêΓûêΓûêΓûêΓûÄ | 3715/4500 [14:39<03:06,  4.22it/s]
 83%|ΓûêΓûêΓûêΓûêΓûêΓûêΓûêΓûêΓûÄ | 3716/4500 [14:40<03:03,  4.27it/s]
 83%|ΓûêΓûêΓûêΓûêΓûêΓûêΓûêΓûêΓûÄ | 3717/4500 [14:40<03:05,  4.23it/s]
 83%|ΓûêΓûêΓûêΓûêΓûêΓûêΓûêΓûêΓûÄ | 3718/4500 [14:40<03:01,  4.30it/s]
 83%|ΓûêΓûêΓûêΓûêΓûêΓûêΓûêΓûêΓûÄ | 3719/4500 [14:40<03:03,  4.26it/s]
 83%|ΓûêΓûêΓûêΓûêΓûêΓûêΓûêΓûêΓûÄ | 3720/4500 [14:40<03:03,  4.25it/s]
 83%|ΓûêΓûêΓûêΓûêΓûêΓûêΓûêΓûêΓûÄ | 3721/4500 [14:41<03:03,  4.24it/s]
 83%|ΓûêΓûêΓûêΓûêΓûêΓûêΓûêΓûêΓûÄ | 3722/4500 [14:41<03:07,  4.14it/s]
 83%|ΓûêΓûêΓûêΓûêΓûêΓûêΓûêΓûêΓûÄ | 3723/4500 [14:41<03:03,  4.24it/s]
 83%|ΓûêΓûêΓûêΓûêΓûêΓûêΓûêΓûêΓûÄ | 3724/4500 [14:41<03:10,  4.07it/s]
 83%|ΓûêΓûêΓûêΓûêΓûêΓûêΓûêΓûêΓûÄ | 3725/4500 [14:42<03:05,  4.19it/s]
 83%|ΓûêΓûêΓûêΓûêΓûêΓûêΓûêΓûêΓûÄ | 3726/4500 [14:42<03:01,  4.26it/s]
 83%|ΓûêΓûêΓûêΓûêΓûêΓûêΓûêΓûêΓûÄ | 3727/4500 [14:42<03:04,  4.20it/s]
 83%|ΓûêΓûêΓûêΓûêΓûêΓûêΓûêΓûêΓûÄ | 3728/4500 [14:42<02:58,  4.31it/s]
 83%|ΓûêΓûêΓûêΓûêΓûêΓûêΓûêΓûêΓûÄ | 3729/4500 [14:43<02:59,  4.29it/s]
 83%|ΓûêΓûêΓûêΓûêΓûêΓûêΓûêΓûêΓûÄ | 3730/4500 [14:43<03:03,  4.20it/s]
 83%|ΓûêΓûêΓûêΓûêΓûêΓûêΓûêΓûêΓûÄ | 3731/4500 [14:43<03:03,  4.18it/s]
 83%|ΓûêΓûêΓûêΓûêΓûêΓûêΓûêΓûêΓûÄ | 3732/4500 [14:43<03:09,  4.05it/s]
 83%|ΓûêΓûêΓûêΓûêΓûêΓûêΓûêΓûêΓûÄ | 3733/4500 [14:44<03:04,  4.15it/s]
 83%|ΓûêΓûêΓûêΓûêΓûêΓûêΓûêΓûêΓûÄ | 3734/4500 [14:44<03:01,  4.21it/s]
 83%|ΓûêΓûêΓûêΓûêΓûêΓûêΓûêΓûêΓûÄ | 3735/4500 [14:44<03:00,  4.24it/s]
 83%|ΓûêΓûêΓûêΓûêΓûêΓûêΓûêΓûêΓûÄ | 3736/4500 [14:44<03:03,  4.15it/s]
 83%|ΓûêΓûêΓûêΓûêΓûêΓûêΓûêΓûêΓûÄ | 3737/4500 [14:45<03:04,  4.15it/s]
 83%|ΓûêΓûêΓûêΓûêΓûêΓûêΓûêΓûêΓûÄ | 3738/4500 [14:45<03:02,  4.17it/s]
 83%|ΓûêΓûêΓûêΓûêΓûêΓûêΓûêΓûêΓûÄ | 3739/4500 [14:45<02:58,  4.25it/s]
 83%|ΓûêΓûêΓûêΓûêΓûêΓûêΓûêΓûêΓûÄ | 3740/4500 [14:45<02:59,  4.24it/s]
 83%|ΓûêΓûêΓûêΓûêΓûêΓûêΓûêΓûêΓûÄ | 3741/4500 [14:46<03:01,  4.18it/s]
 83%|ΓûêΓûêΓûêΓûêΓûêΓûêΓûêΓûêΓûÄ | 3742/4500 [14:46<03:02,  4.14it/s]
 83%|ΓûêΓûêΓûêΓûêΓûêΓûêΓûêΓûêΓûÄ | 3743/4500 [14:46<03:02,  4.16it/s]
 83%|ΓûêΓûêΓûêΓûêΓûêΓûêΓûêΓûêΓûÄ | 3744/4500 [14:46<02:58,  4.23it/s]
 83%|ΓûêΓûêΓûêΓûêΓûêΓûêΓûêΓûêΓûÄ | 3745/4500 [14:46<02:57,  4.26it/s]
 83%|ΓûêΓûêΓûêΓûêΓûêΓûêΓûêΓûêΓûÄ | 3746/4500 [14:47<02:57,  4.25it/s]
 83%|ΓûêΓûêΓûêΓûêΓûêΓûêΓûêΓûêΓûÄ | 3747/4500 [14:47<02:55,  4.29it/s]
 83%|ΓûêΓûêΓûêΓûêΓûêΓûêΓûêΓûêΓûÄ | 3749/4500 [14:47<02:12,  5.69it/s]
 83%|ΓûêΓûêΓûêΓûêΓûêΓûêΓûêΓûêΓûÄ | 3750/4500 [14:47<02:17,  5.45it/s]
 83%|ΓûêΓûêΓûêΓûêΓûêΓûêΓûêΓûêΓûÄ | 3751/4500 [14:48<02:30,  4.97it/s]
 83%|ΓûêΓûêΓûêΓûêΓûêΓûêΓûêΓûêΓûÄ | 3752/4500 [14:48<02:39,  4.69it/s]
 83%|ΓûêΓûêΓûêΓûêΓûêΓûêΓûêΓûêΓûÄ | 3753/4500 [14:48<02:40,  4.65it/s]
 83%|ΓûêΓûêΓûêΓûêΓûêΓûêΓûêΓûêΓûÄ | 3754/4500 [14:48<02:45,  4.50it/s]
 83%|ΓûêΓûêΓûêΓûêΓûêΓûêΓûêΓûêΓûÄ | 3755/4500 [14:49<02:47,  4.45it/s]
 83%|ΓûêΓûêΓûêΓûêΓûêΓûêΓûêΓûêΓûÄ | 3756/4500 [14:49<02:52,  4.32it/s]
 83%|ΓûêΓûêΓûêΓûêΓûêΓûêΓûêΓûêΓûÄ | 3757/4500 [14:49<02:49,  4.38it/s]
 84%|ΓûêΓûêΓûêΓûêΓûêΓûêΓûêΓûêΓûÄ | 3758/4500 [14:49<02:48,  4.41it/s]
 84%|ΓûêΓûêΓûêΓûêΓûêΓûêΓûêΓûêΓûÄ | 3759/4500 [14:49<02:46,  4.45it/s]
 84%|ΓûêΓûêΓûêΓûêΓûêΓûêΓûêΓûêΓûÄ | 3760/4500 [14:50<02:49,  4.35it/s]
 84%|ΓûêΓûêΓûêΓûêΓûêΓûêΓûêΓûêΓûÄ | 3761/4500 [14:50<02:50,  4.34it/s]
 84%|ΓûêΓûêΓûêΓûêΓûêΓûêΓûêΓûêΓûÄ | 3762/4500 [14:50<03:02,  4.05it/s]
 84%|ΓûêΓûêΓûêΓûêΓûêΓûêΓûêΓûêΓûÄ | 3763/4500 [14:50<03:00,  4.08it/s]
 84%|ΓûêΓûêΓûêΓûêΓûêΓûêΓûêΓûêΓûÄ | 3764/4500 [14:51<02:54,  4.21it/s]
 84%|ΓûêΓûêΓûêΓûêΓûêΓûêΓûêΓûêΓûÄ | 3765/4500 [14:51<02:53,  4.25it/s]
 84%|ΓûêΓûêΓûêΓûêΓûêΓûêΓûêΓûêΓûÄ | 3766/4500 [14:51<02:50,  4.31it/s]
 84%|ΓûêΓûêΓûêΓûêΓûêΓûêΓûêΓûêΓûÄ | 3767/4500 [14:51<02:50,  4.30it/s]
 84%|ΓûêΓûêΓûêΓûêΓûêΓûêΓûêΓûêΓûÄ | 3768/4500 [14:52<02:49,  4.33it/s]
 84%|ΓûêΓûêΓûêΓûêΓûêΓûêΓûêΓûêΓûì | 3769/4500 [14:52<02:45,  4.40it/s]
 84%|ΓûêΓûêΓûêΓûêΓûêΓûêΓûêΓûêΓûì | 3770/4500 [14:52<02:46,  4.39it/s]
 84%|ΓûêΓûêΓûêΓûêΓûêΓûêΓûêΓûêΓûì | 3771/4500 [14:52<02:45,  4.41it/s]
 84%|ΓûêΓûêΓûêΓûêΓûêΓûêΓûêΓûêΓûì | 3772/4500 [14:52<02:47,  4.36it/s]
 84%|ΓûêΓûêΓûêΓûêΓûêΓûêΓûêΓûêΓûì | 3773/4500 [14:53<02:43,  4.44it/s]
 84%|ΓûêΓûêΓûêΓûêΓûêΓûêΓûêΓûêΓûì | 3774/4500 [14:53<02:43,  4.43it/s]
 84%|ΓûêΓûêΓûêΓûêΓûêΓûêΓûêΓûêΓûì | 3775/4500 [14:53<02:40,  4.52it/s]
 84%|ΓûêΓûêΓûêΓûêΓûêΓûêΓûêΓûêΓûì | 3776/4500 [14:53<02:44,  4.41it/s]
 84%|ΓûêΓûêΓûêΓûêΓûêΓûêΓûêΓûêΓûì | 3777/4500 [14:54<02:40,  4.51it/s]
 84%|ΓûêΓûêΓûêΓûêΓûêΓûêΓûêΓûêΓûì | 3778/4500 [14:54<02:39,  4.53it/s]
 84%|ΓûêΓûêΓûêΓûêΓûêΓûêΓûêΓûêΓûì | 3779/4500 [14:54<02:45,  4.36it/s]
 84%|ΓûêΓûêΓûêΓûêΓûêΓûêΓûêΓûêΓûì | 3780/4500 [14:54<02:44,  4.39it/s]
 84%|ΓûêΓûêΓûêΓûêΓûêΓûêΓûêΓûêΓûì | 3781/4500 [14:55<02:47,  4.29it/s]
 84%|ΓûêΓûêΓûêΓûêΓûêΓûêΓûêΓûêΓûì | 3782/4500 [14:55<02:49,  4.23it/s]
 84%|ΓûêΓûêΓûêΓûêΓûêΓûêΓûêΓûêΓûì | 3783/4500 [14:55<02:45,  4.32it/s]
 84%|ΓûêΓûêΓûêΓûêΓûêΓûêΓûêΓûêΓûì | 3784/4500 [14:55<02:48,  4.26it/s]
 84%|ΓûêΓûêΓûêΓûêΓûêΓûêΓûêΓûêΓûì | 3785/4500 [14:55<02:46,  4.30it/s]
 84%|ΓûêΓûêΓûêΓûêΓûêΓûêΓûêΓûêΓûì | 3786/4500 [14:56<02:42,  4.38it/s]
 84%|ΓûêΓûêΓûêΓûêΓûêΓûêΓûêΓûêΓûì | 3787/4500 [14:56<02:42,  4.38it/s]
 84%|ΓûêΓûêΓûêΓûêΓûêΓûêΓûêΓûêΓûì | 3788/4500 [14:56<02:44,  4.34it/s]
 84%|ΓûêΓûêΓûêΓûêΓûêΓûêΓûêΓûêΓûì | 3789/4500 [14:56<02:42,  4.38it/s]
 84%|ΓûêΓûêΓûêΓûêΓûêΓûêΓûêΓûêΓûì | 3790/4500 [14:57<02:42,  4.36it/s]
 84%|ΓûêΓûêΓûêΓûêΓûêΓûêΓûêΓûêΓûì | 3791/4500 [14:57<02:42,  4.37it/s]
 84%|ΓûêΓûêΓûêΓûêΓûêΓûêΓûêΓûêΓûì | 3792/4500 [14:57<02:44,  4.30it/s]
 84%|ΓûêΓûêΓûêΓûêΓûêΓûêΓûêΓûêΓûì | 3793/4500 [14:57<02:50,  4.16it/s]
 84%|ΓûêΓûêΓûêΓûêΓûêΓûêΓûêΓûêΓûì | 3794/4500 [14:58<02:49,  4.17it/s]
 84%|ΓûêΓûêΓûêΓûêΓûêΓûêΓûêΓûêΓûì | 3795/4500 [14:58<02:45,  4.25it/s]
 84%|ΓûêΓûêΓûêΓûêΓûêΓûêΓûêΓûêΓûì | 3796/4500 [14:58<02:45,  4.25it/s]
 84%|ΓûêΓûêΓûêΓûêΓûêΓûêΓûêΓûêΓûì | 3797/4500 [14:58<02:41,  4.35it/s]
 84%|ΓûêΓûêΓûêΓûêΓûêΓûêΓûêΓûêΓûì | 3798/4500 [14:58<02:40,  4.36it/s]
 84%|ΓûêΓûêΓûêΓûêΓûêΓûêΓûêΓûêΓûì | 3799/4500 [14:59<02:45,  4.23it/s]
 84%|ΓûêΓûêΓûêΓûêΓûêΓûêΓûêΓûêΓûì | 3800/4500 [14:59<02:44,  4.25it/s]
 84%|ΓûêΓûêΓûêΓûêΓûêΓûêΓûêΓûêΓûì | 3801/4500 [14:59<02:43,  4.28it/s]
 84%|ΓûêΓûêΓûêΓûêΓûêΓûêΓûêΓûêΓûì | 3802/4500 [14:59<02:41,  4.31it/s]
 85%|ΓûêΓûêΓûêΓûêΓûêΓûêΓûêΓûêΓûì | 3803/4500 [15:00<02:36,  4.45it/s]
 85%|ΓûêΓûêΓûêΓûêΓûêΓûêΓûêΓûêΓûì | 3804/4500 [15:00<02:39,  4.35it/s]
 85%|ΓûêΓûêΓûêΓûêΓûêΓûêΓûêΓûêΓûì | 3805/4500 [15:00<02:37,  4.42it/s]
 85%|ΓûêΓûêΓûêΓûêΓûêΓûêΓûêΓûêΓûì | 3806/4500 [15:00<02:40,  4.33it/s]
 85%|ΓûêΓûêΓûêΓûêΓûêΓûêΓûêΓûêΓûì | 3807/4500 [15:01<02:42,  4.26it/s]
 85%|ΓûêΓûêΓûêΓûêΓûêΓûêΓûêΓûêΓûì | 3808/4500 [15:01<02:39,  4.35it/s]
 85%|ΓûêΓûêΓûêΓûêΓûêΓûêΓûêΓûêΓûì | 3809/4500 [15:01<02:36,  4.42it/s]
 85%|ΓûêΓûêΓûêΓûêΓûêΓûêΓûêΓûêΓûì | 3810/4500 [15:01<02:33,  4.48it/s]
 85%|ΓûêΓûêΓûêΓûêΓûêΓûêΓûêΓûêΓûì | 3811/4500 [15:01<02:30,  4.59it/s]
 85%|ΓûêΓûêΓûêΓûêΓûêΓûêΓûêΓûêΓûì | 3812/4500 [15:02<02:32,  4.50it/s]
 85%|ΓûêΓûêΓûêΓûêΓûêΓûêΓûêΓûêΓûì | 3813/4500 [15:02<02:33,  4.48it/s]
 85%|ΓûêΓûêΓûêΓûêΓûêΓûêΓûêΓûêΓûì | 3814/4500 [15:02<02:31,  4.54it/s]
 85%|ΓûêΓûêΓûêΓûêΓûêΓûêΓûêΓûêΓûì | 3815/4500 [15:02<02:30,  4.54it/s]
 85%|ΓûêΓûêΓûêΓûêΓûêΓûêΓûêΓûêΓûì | 3816/4500 [15:03<02:30,  4.53it/s]
 85%|ΓûêΓûêΓûêΓûêΓûêΓûêΓûêΓûêΓûì | 3817/4500 [15:03<02:31,  4.51it/s]
 85%|ΓûêΓûêΓûêΓûêΓûêΓûêΓûêΓûêΓûì | 3818/4500 [15:03<02:34,  4.42it/s]
 85%|ΓûêΓûêΓûêΓûêΓûêΓûêΓûêΓûêΓûì | 3819/4500 [15:03<02:35,  4.37it/s]
 85%|ΓûêΓûêΓûêΓûêΓûêΓûêΓûêΓûêΓûì | 3820/4500 [15:03<02:35,  4.37it/s]
 85%|ΓûêΓûêΓûêΓûêΓûêΓûêΓûêΓûêΓûì | 3821/4500 [15:04<02:44,  4.13it/s]
 85%|ΓûêΓûêΓûêΓûêΓûêΓûêΓûêΓûêΓûì | 3822/4500 [15:04<02:46,  4.08it/s]
 85%|ΓûêΓûêΓûêΓûêΓûêΓûêΓûêΓûêΓûì | 3823/4500 [15:04<02:41,  4.18it/s]
 85%|ΓûêΓûêΓûêΓûêΓûêΓûêΓûêΓûêΓûì | 3824/4500 [15:04<02:34,  4.38it/s]
 85%|ΓûêΓûêΓûêΓûêΓûêΓûêΓûêΓûêΓûî | 3825/4500 [15:05<02:30,  4.50it/s]
 85%|ΓûêΓûêΓûêΓûêΓûêΓûêΓûêΓûêΓûî | 3826/4500 [15:05<02:29,  4.52it/s]
 85%|ΓûêΓûêΓûêΓûêΓûêΓûêΓûêΓûêΓûî | 3827/4500 [15:05<02:30,  4.47it/s]
 85%|ΓûêΓûêΓûêΓûêΓûêΓûêΓûêΓûêΓûî | 3828/4500 [15:05<02:31,  4.45it/s]
 85%|ΓûêΓûêΓûêΓûêΓûêΓûêΓûêΓûêΓûî | 3829/4500 [15:06<02:33,  4.37it/s]
 85%|ΓûêΓûêΓûêΓûêΓûêΓûêΓûêΓûêΓûî | 3830/4500 [15:06<02:25,  4.60it/s]
 85%|ΓûêΓûêΓûêΓûêΓûêΓûêΓûêΓûêΓûî | 3831/4500 [15:06<02:28,  4.51it/s]
 85%|ΓûêΓûêΓûêΓûêΓûêΓûêΓûêΓûêΓûî | 3832/4500 [15:06<02:27,  4.51it/s]
 85%|ΓûêΓûêΓûêΓûêΓûêΓûêΓûêΓûêΓûî | 3833/4500 [15:06<02:30,  4.44it/s]
 85%|ΓûêΓûêΓûêΓûêΓûêΓûêΓûêΓûêΓûî | 3834/4500 [15:07<02:27,  4.50it/s]
 85%|ΓûêΓûêΓûêΓûêΓûêΓûêΓûêΓûêΓûî | 3835/4500 [15:07<02:26,  4.53it/s]
 85%|ΓûêΓûêΓûêΓûêΓûêΓûêΓûêΓûêΓûî | 3836/4500 [15:07<02:25,  4.58it/s]
 85%|ΓûêΓûêΓûêΓûêΓûêΓûêΓûêΓûêΓûî | 3837/4500 [15:07<02:26,  4.51it/s]
 85%|ΓûêΓûêΓûêΓûêΓûêΓûêΓûêΓûêΓûî | 3838/4500 [15:08<02:29,  4.43it/s]
 85%|ΓûêΓûêΓûêΓûêΓûêΓûêΓûêΓûêΓûî | 3839/4500 [15:08<02:29,  4.42it/s]
 85%|ΓûêΓûêΓûêΓûêΓûêΓûêΓûêΓûêΓûî | 3840/4500 [15:08<02:36,  4.22it/s]
 85%|ΓûêΓûêΓûêΓûêΓûêΓûêΓûêΓûêΓûî | 3841/4500 [15:08<02:32,  4.31it/s]
 85%|ΓûêΓûêΓûêΓûêΓûêΓûêΓûêΓûêΓûî | 3842/4500 [15:08<02:33,  4.30it/s]
 85%|ΓûêΓûêΓûêΓûêΓûêΓûêΓûêΓûêΓûî | 3843/4500 [15:09<02:31,  4.34it/s]
 85%|ΓûêΓûêΓûêΓûêΓûêΓûêΓûêΓûêΓûî | 3844/4500 [15:09<02:33,  4.27it/s]
 85%|ΓûêΓûêΓûêΓûêΓûêΓûêΓûêΓûêΓûî | 3845/4500 [15:09<02:26,  4.48it/s]
 85%|ΓûêΓûêΓûêΓûêΓûêΓûêΓûêΓûêΓûî | 3846/4500 [15:09<02:26,  4.47it/s]
 85%|ΓûêΓûêΓûêΓûêΓûêΓûêΓûêΓûêΓûî | 3847/4500 [15:10<02:25,  4.50it/s]
 86%|ΓûêΓûêΓûêΓûêΓûêΓûêΓûêΓûêΓûî | 3848/4500 [15:10<02:28,  4.39it/s]
 86%|ΓûêΓûêΓûêΓûêΓûêΓûêΓûêΓûêΓûî | 3849/4500 [15:10<02:25,  4.46it/s]
 86%|ΓûêΓûêΓûêΓûêΓûêΓûêΓûêΓûêΓûî | 3850/4500 [15:10<02:22,  4.56it/s]
 86%|ΓûêΓûêΓûêΓûêΓûêΓûêΓûêΓûêΓûî | 3851/4500 [15:10<02:24,  4.50it/s]
 86%|ΓûêΓûêΓûêΓûêΓûêΓûêΓûêΓûêΓûî | 3852/4500 [15:11<02:23,  4.50it/s]
 86%|ΓûêΓûêΓûêΓûêΓûêΓûêΓûêΓûêΓûî | 3853/4500 [15:11<02:24,  4.48it/s]
 86%|ΓûêΓûêΓûêΓûêΓûêΓûêΓûêΓûêΓûî | 3854/4500 [15:11<02:28,  4.36it/s]
 86%|ΓûêΓûêΓûêΓûêΓûêΓûêΓûêΓûêΓûî | 3855/4500 [15:11<02:26,  4.40it/s]
 86%|ΓûêΓûêΓûêΓûêΓûêΓûêΓûêΓûêΓûî | 3856/4500 [15:12<02:33,  4.20it/s]
 86%|ΓûêΓûêΓûêΓûêΓûêΓûêΓûêΓûêΓûî | 3857/4500 [15:12<02:33,  4.20it/s]
 86%|ΓûêΓûêΓûêΓûêΓûêΓûêΓûêΓûêΓûî | 3858/4500 [15:12<02:41,  3.99it/s]
 86%|ΓûêΓûêΓûêΓûêΓûêΓûêΓûêΓûêΓûî | 3859/4500 [15:12<02:49,  3.79it/s]
 86%|ΓûêΓûêΓûêΓûêΓûêΓûêΓûêΓûêΓûî | 3860/4500 [15:13<02:43,  3.92it/s]
 86%|ΓûêΓûêΓûêΓûêΓûêΓûêΓûêΓûêΓûî | 3861/4500 [15:13<02:41,  3.96it/s]
 86%|ΓûêΓûêΓûêΓûêΓûêΓûêΓûêΓûêΓûî | 3862/4500 [15:13<02:35,  4.10it/s]
 86%|ΓûêΓûêΓûêΓûêΓûêΓûêΓûêΓûêΓûî | 3863/4500 [15:13<02:33,  4.14it/s]
 86%|ΓûêΓûêΓûêΓûêΓûêΓûêΓûêΓûêΓûî | 3864/4500 [15:14<02:32,  4.16it/s]
 86%|ΓûêΓûêΓûêΓûêΓûêΓûêΓûêΓûêΓûî | 3865/4500 [15:14<02:30,  4.23it/s]
 86%|ΓûêΓûêΓûêΓûêΓûêΓûêΓûêΓûêΓûî | 3866/4500 [15:14<02:32,  4.16it/s]
 86%|ΓûêΓûêΓûêΓûêΓûêΓûêΓûêΓûêΓûî | 3867/4500 [15:14<02:34,  4.11it/s]
 86%|ΓûêΓûêΓûêΓûêΓûêΓûêΓûêΓûêΓûî | 3868/4500 [15:15<02:26,  4.31it/s]
 86%|ΓûêΓûêΓûêΓûêΓûêΓûêΓûêΓûêΓûî | 3869/4500 [15:15<02:26,  4.30it/s]
 86%|ΓûêΓûêΓûêΓûêΓûêΓûêΓûêΓûêΓûî | 3870/4500 [15:15<02:26,  4.31it/s]
 86%|ΓûêΓûêΓûêΓûêΓûêΓûêΓûêΓûêΓûî | 3871/4500 [15:15<02:27,  4.26it/s]
 86%|ΓûêΓûêΓûêΓûêΓûêΓûêΓûêΓûêΓûî | 3872/4500 [15:16<02:29,  4.21it/s]
 86%|ΓûêΓûêΓûêΓûêΓûêΓûêΓûêΓûêΓûî | 3873/4500 [15:16<02:30,  4.15it/s]
 86%|ΓûêΓûêΓûêΓûêΓûêΓûêΓûêΓûêΓûî | 3874/4500 [15:16<02:26,  4.28it/s]
 86%|ΓûêΓûêΓûêΓûêΓûêΓûêΓûêΓûêΓûî | 3875/4500 [15:16<02:24,  4.32it/s]
 86%|ΓûêΓûêΓûêΓûêΓûêΓûêΓûêΓûêΓûî | 3876/4500 [15:16<02:25,  4.29it/s]
 86%|ΓûêΓûêΓûêΓûêΓûêΓûêΓûêΓûêΓûî | 3877/4500 [15:17<02:28,  4.19it/s]
 86%|ΓûêΓûêΓûêΓûêΓûêΓûêΓûêΓûêΓûî | 3878/4500 [15:17<02:28,  4.17it/s]
 86%|ΓûêΓûêΓûêΓûêΓûêΓûêΓûêΓûêΓûî | 3879/4500 [15:17<02:21,  4.40it/s]
 86%|ΓûêΓûêΓûêΓûêΓûêΓûêΓûêΓûêΓûî | 3880/4500 [15:17<02:18,  4.47it/s]
 86%|ΓûêΓûêΓûêΓûêΓûêΓûêΓûêΓûêΓûî | 3881/4500 [15:18<02:22,  4.34it/s]
 86%|ΓûêΓûêΓûêΓûêΓûêΓûêΓûêΓûêΓûï | 3882/4500 [15:18<02:19,  4.43it/s]
 86%|ΓûêΓûêΓûêΓûêΓûêΓûêΓûêΓûêΓûï | 3883/4500 [15:18<02:17,  4.50it/s]
 86%|ΓûêΓûêΓûêΓûêΓûêΓûêΓûêΓûêΓûï | 3884/4500 [15:18<02:17,  4.49it/s]
 86%|ΓûêΓûêΓûêΓûêΓûêΓûêΓûêΓûêΓûï | 3885/4500 [15:18<02:15,  4.55it/s]
 86%|ΓûêΓûêΓûêΓûêΓûêΓûêΓûêΓûêΓûï | 3886/4500 [15:19<02:19,  4.40it/s]
 86%|ΓûêΓûêΓûêΓûêΓûêΓûêΓûêΓûêΓûï | 3887/4500 [15:19<02:21,  4.33it/s]
 86%|ΓûêΓûêΓûêΓûêΓûêΓûêΓûêΓûêΓûï | 3888/4500 [15:19<02:21,  4.33it/s]
 86%|ΓûêΓûêΓûêΓûêΓûêΓûêΓûêΓûêΓûï | 3889/4500 [15:19<02:23,  4.25it/s]
 86%|ΓûêΓûêΓûêΓûêΓûêΓûêΓûêΓûêΓûï | 3890/4500 [15:20<02:18,  4.41it/s]
 86%|ΓûêΓûêΓûêΓûêΓûêΓûêΓûêΓûêΓûï | 3891/4500 [15:20<02:24,  4.21it/s]
 86%|ΓûêΓûêΓûêΓûêΓûêΓûêΓûêΓûêΓûï | 3892/4500 [15:20<02:22,  4.26it/s]
 87%|ΓûêΓûêΓûêΓûêΓûêΓûêΓûêΓûêΓûï | 3893/4500 [15:20<02:25,  4.18it/s]
 87%|ΓûêΓûêΓûêΓûêΓûêΓûêΓûêΓûêΓûï | 3894/4500 [15:21<02:24,  4.21it/s]
 87%|ΓûêΓûêΓûêΓûêΓûêΓûêΓûêΓûêΓûï | 3895/4500 [15:21<02:21,  4.28it/s]
 87%|ΓûêΓûêΓûêΓûêΓûêΓûêΓûêΓûêΓûï | 3896/4500 [15:21<02:24,  4.17it/s]
 87%|ΓûêΓûêΓûêΓûêΓûêΓûêΓûêΓûêΓûï | 3897/4500 [15:21<02:21,  4.26it/s]
 87%|ΓûêΓûêΓûêΓûêΓûêΓûêΓûêΓûêΓûï | 3898/4500 [15:22<02:16,  4.42it/s]
 87%|ΓûêΓûêΓûêΓûêΓûêΓûêΓûêΓûêΓûï | 3900/4500 [15:22<01:43,  5.78it/s]
 87%|ΓûêΓûêΓûêΓûêΓûêΓûêΓûêΓûêΓûï | 3901/4500 [15:22<01:55,  5.17it/s]
 87%|ΓûêΓûêΓûêΓûêΓûêΓûêΓûêΓûêΓûï | 3902/4500 [15:22<02:00,  4.98it/s]
 87%|ΓûêΓûêΓûêΓûêΓûêΓûêΓûêΓûêΓûï | 3903/4500 [15:22<02:07,  4.67it/s]
 87%|ΓûêΓûêΓûêΓûêΓûêΓûêΓûêΓûêΓûï | 3904/4500 [15:23<02:13,  4.48it/s]
 87%|ΓûêΓûêΓûêΓûêΓûêΓûêΓûêΓûêΓûï | 3905/4500 [15:23<02:09,  4.61it/s]
 87%|ΓûêΓûêΓûêΓûêΓûêΓûêΓûêΓûêΓûï | 3906/4500 [15:23<02:13,  4.44it/s]
 87%|ΓûêΓûêΓûêΓûêΓûêΓûêΓûêΓûêΓûï | 3907/4500 [15:23<02:14,  4.40it/s]
 87%|ΓûêΓûêΓûêΓûêΓûêΓûêΓûêΓûêΓûï | 3908/4500 [15:24<02:14,  4.41it/s]
 87%|ΓûêΓûêΓûêΓûêΓûêΓûêΓûêΓûêΓûï | 3909/4500 [15:24<02:09,  4.55it/s]
 87%|ΓûêΓûêΓûêΓûêΓûêΓûêΓûêΓûêΓûï | 3910/4500 [15:24<02:10,  4.51it/s]
 87%|ΓûêΓûêΓûêΓûêΓûêΓûêΓûêΓûêΓûï | 3911/4500 [15:24<02:12,  4.46it/s]
 87%|ΓûêΓûêΓûêΓûêΓûêΓûêΓûêΓûêΓûï | 3912/4500 [15:25<02:18,  4.24it/s]
 87%|ΓûêΓûêΓûêΓûêΓûêΓûêΓûêΓûêΓûï | 3913/4500 [15:25<02:16,  4.29it/s]
 87%|ΓûêΓûêΓûêΓûêΓûêΓûêΓûêΓûêΓûï | 3914/4500 [15:25<02:17,  4.26it/s]
 87%|ΓûêΓûêΓûêΓûêΓûêΓûêΓûêΓûêΓûï | 3915/4500 [15:25<02:16,  4.27it/s]
 87%|ΓûêΓûêΓûêΓûêΓûêΓûêΓûêΓûêΓûï | 3916/4500 [15:25<02:12,  4.39it/s]
 87%|ΓûêΓûêΓûêΓûêΓûêΓûêΓûêΓûêΓûï | 3917/4500 [15:26<02:10,  4.47it/s]
 87%|ΓûêΓûêΓûêΓûêΓûêΓûêΓûêΓûêΓûï | 3918/4500 [15:26<02:10,  4.47it/s]
 87%|ΓûêΓûêΓûêΓûêΓûêΓûêΓûêΓûêΓûï | 3919/4500 [15:26<02:11,  4.42it/s]
 87%|ΓûêΓûêΓûêΓûêΓûêΓûêΓûêΓûêΓûï | 3920/4500 [15:26<02:12,  4.36it/s]
 87%|ΓûêΓûêΓûêΓûêΓûêΓûêΓûêΓûêΓûï | 3921/4500 [15:27<02:16,  4.23it/s]
 87%|ΓûêΓûêΓûêΓûêΓûêΓûêΓûêΓûêΓûï | 3922/4500 [15:27<02:16,  4.22it/s]
 87%|ΓûêΓûêΓûêΓûêΓûêΓûêΓûêΓûêΓûï | 3923/4500 [15:27<02:14,  4.28it/s]
 87%|ΓûêΓûêΓûêΓûêΓûêΓûêΓûêΓûêΓûï | 3924/4500 [15:27<02:13,  4.31it/s]
 87%|ΓûêΓûêΓûêΓûêΓûêΓûêΓûêΓûêΓûï | 3925/4500 [15:28<02:16,  4.21it/s]
 87%|ΓûêΓûêΓûêΓûêΓûêΓûêΓûêΓûêΓûï | 3926/4500 [15:28<02:15,  4.23it/s]
 87%|ΓûêΓûêΓûêΓûêΓûêΓûêΓûêΓûêΓûï | 3928/4500 [15:28<01:45,  5.42it/s]
 87%|ΓûêΓûêΓûêΓûêΓûêΓûêΓûêΓûêΓûï | 3929/4500 [15:28<01:52,  5.07it/s]
 87%|ΓûêΓûêΓûêΓûêΓûêΓûêΓûêΓûêΓûï | 3930/4500 [15:29<01:57,  4.84it/s]
 87%|ΓûêΓûêΓûêΓûêΓûêΓûêΓûêΓûêΓûï | 3931/4500 [15:29<02:02,  4.66it/s]
 87%|ΓûêΓûêΓûêΓûêΓûêΓûêΓûêΓûêΓûï | 3932/4500 [15:29<02:03,  4.59it/s]
 87%|ΓûêΓûêΓûêΓûêΓûêΓûêΓûêΓûêΓûï | 3933/4500 [15:29<02:04,  4.54it/s]
 87%|ΓûêΓûêΓûêΓûêΓûêΓûêΓûêΓûêΓûï | 3934/4500 [15:29<02:12,  4.28it/s]
 87%|ΓûêΓûêΓûêΓûêΓûêΓûêΓûêΓûêΓûï | 3935/4500 [15:30<02:11,  4.29it/s]
 87%|ΓûêΓûêΓûêΓûêΓûêΓûêΓûêΓûêΓûï | 3936/4500 [15:30<02:14,  4.20it/s]
 87%|ΓûêΓûêΓûêΓûêΓûêΓûêΓûêΓûêΓûï | 3937/4500 [15:30<02:15,  4.15it/s]
 88%|ΓûêΓûêΓûêΓûêΓûêΓûêΓûêΓûêΓûè | 3938/4500 [15:30<02:16,  4.13it/s]
 88%|ΓûêΓûêΓûêΓûêΓûêΓûêΓûêΓûêΓûè | 3939/4500 [15:31<02:14,  4.16it/s]
 88%|ΓûêΓûêΓûêΓûêΓûêΓûêΓûêΓûêΓûè | 3940/4500 [15:31<02:10,  4.31it/s]
 88%|ΓûêΓûêΓûêΓûêΓûêΓûêΓûêΓûêΓûè | 3941/4500 [15:31<02:04,  4.49it/s]
 88%|ΓûêΓûêΓûêΓûêΓûêΓûêΓûêΓûêΓûè | 3942/4500 [15:31<02:04,  4.48it/s]
 88%|ΓûêΓûêΓûêΓûêΓûêΓûêΓûêΓûêΓûè | 3943/4500 [15:32<02:05,  4.44it/s]
 88%|ΓûêΓûêΓûêΓûêΓûêΓûêΓûêΓûêΓûè | 3944/4500 [15:32<02:06,  4.38it/s]
 88%|ΓûêΓûêΓûêΓûêΓûêΓûêΓûêΓûêΓûè | 3945/4500 [15:32<02:05,  4.43it/s]
 88%|ΓûêΓûêΓûêΓûêΓûêΓûêΓûêΓûêΓûè | 3946/4500 [15:32<02:03,  4.49it/s]
 88%|ΓûêΓûêΓûêΓûêΓûêΓûêΓûêΓûêΓûè | 3947/4500 [15:32<02:02,  4.52it/s]
 88%|ΓûêΓûêΓûêΓûêΓûêΓûêΓûêΓûêΓûè | 3948/4500 [15:33<02:05,  4.41it/s]
 88%|ΓûêΓûêΓûêΓûêΓûêΓûêΓûêΓûêΓûè | 3949/4500 [15:33<02:05,  4.41it/s]
 88%|ΓûêΓûêΓûêΓûêΓûêΓûêΓûêΓûêΓûè | 3950/4500 [15:33<02:03,  4.45it/s]
 88%|ΓûêΓûêΓûêΓûêΓûêΓûêΓûêΓûêΓûè | 3951/4500 [15:33<02:06,  4.33it/s]
 88%|ΓûêΓûêΓûêΓûêΓûêΓûêΓûêΓûêΓûè | 3952/4500 [15:34<02:06,  4.35it/s]
 88%|ΓûêΓûêΓûêΓûêΓûêΓûêΓûêΓûêΓûè | 3953/4500 [15:34<02:03,  4.43it/s]
 88%|ΓûêΓûêΓûêΓûêΓûêΓûêΓûêΓûêΓûè | 3954/4500 [15:34<02:08,  4.23it/s]
 88%|ΓûêΓûêΓûêΓûêΓûêΓûêΓûêΓûêΓûè | 3955/4500 [15:34<02:05,  4.35it/s]
 88%|ΓûêΓûêΓûêΓûêΓûêΓûêΓûêΓûêΓûè | 3956/4500 [15:35<02:06,  4.30it/s]
 88%|ΓûêΓûêΓûêΓûêΓûêΓûêΓûêΓûêΓûè | 3957/4500 [15:35<02:06,  4.28it/s]
 88%|ΓûêΓûêΓûêΓûêΓûêΓûêΓûêΓûêΓûè | 3958/4500 [15:35<02:08,  4.22it/s]
 88%|ΓûêΓûêΓûêΓûêΓûêΓûêΓûêΓûêΓûè | 3959/4500 [15:35<02:12,  4.08it/s]
 88%|ΓûêΓûêΓûêΓûêΓûêΓûêΓûêΓûêΓûè | 3960/4500 [15:36<02:17,  3.94it/s]
 88%|ΓûêΓûêΓûêΓûêΓûêΓûêΓûêΓûêΓûè | 3961/4500 [15:36<02:14,  4.00it/s]
 88%|ΓûêΓûêΓûêΓûêΓûêΓûêΓûêΓûêΓûè | 3962/4500 [15:36<02:11,  4.10it/s]
 88%|ΓûêΓûêΓûêΓûêΓûêΓûêΓûêΓûêΓûè | 3963/4500 [15:36<02:04,  4.30it/s]
 88%|ΓûêΓûêΓûêΓûêΓûêΓûêΓûêΓûêΓûè | 3964/4500 [15:36<02:03,  4.33it/s]
 88%|ΓûêΓûêΓûêΓûêΓûêΓûêΓûêΓûêΓûè | 3965/4500 [15:37<02:02,  4.36it/s]
 88%|ΓûêΓûêΓûêΓûêΓûêΓûêΓûêΓûêΓûè | 3966/4500 [15:37<01:59,  4.47it/s]
 88%|ΓûêΓûêΓûêΓûêΓûêΓûêΓûêΓûêΓûè | 3967/4500 [15:37<02:02,  4.34it/s]
 88%|ΓûêΓûêΓûêΓûêΓûêΓûêΓûêΓûêΓûè | 3968/4500 [15:37<02:02,  4.33it/s]
 88%|ΓûêΓûêΓûêΓûêΓûêΓûêΓûêΓûêΓûè | 3969/4500 [15:38<02:00,  4.41it/s]
 88%|ΓûêΓûêΓûêΓûêΓûêΓûêΓûêΓûêΓûè | 3970/4500 [15:38<02:00,  4.39it/s]
 88%|ΓûêΓûêΓûêΓûêΓûêΓûêΓûêΓûêΓûè | 3971/4500 [15:38<02:00,  4.39it/s]
 88%|ΓûêΓûêΓûêΓûêΓûêΓûêΓûêΓûêΓûè | 3972/4500 [15:38<01:59,  4.40it/s]
 88%|ΓûêΓûêΓûêΓûêΓûêΓûêΓûêΓûêΓûè | 3973/4500 [15:38<02:01,  4.35it/s]
 88%|ΓûêΓûêΓûêΓûêΓûêΓûêΓûêΓûêΓûè | 3974/4500 [15:39<01:59,  4.39it/s]
 88%|ΓûêΓûêΓûêΓûêΓûêΓûêΓûêΓûêΓûè | 3975/4500 [15:39<02:00,  4.34it/s]
 88%|ΓûêΓûêΓûêΓûêΓûêΓûêΓûêΓûêΓûè | 3976/4500 [15:39<01:59,  4.39it/s]
 88%|ΓûêΓûêΓûêΓûêΓûêΓûêΓûêΓûêΓûè | 3977/4500 [15:39<01:59,  4.38it/s]
 88%|ΓûêΓûêΓûêΓûêΓûêΓûêΓûêΓûêΓûè | 3978/4500 [15:40<01:59,  4.37it/s]
 88%|ΓûêΓûêΓûêΓûêΓûêΓûêΓûêΓûêΓûè | 3979/4500 [15:40<02:01,  4.30it/s]
 88%|ΓûêΓûêΓûêΓûêΓûêΓûêΓûêΓûêΓûè | 3980/4500 [15:40<02:04,  4.19it/s]
 88%|ΓûêΓûêΓûêΓûêΓûêΓûêΓûêΓûêΓûè | 3981/4500 [15:40<02:00,  4.31it/s]
 88%|ΓûêΓûêΓûêΓûêΓûêΓûêΓûêΓûêΓûè | 3982/4500 [15:41<02:03,  4.20it/s]
 89%|ΓûêΓûêΓûêΓûêΓûêΓûêΓûêΓûêΓûè | 3983/4500 [15:41<02:09,  3.98it/s]
 89%|ΓûêΓûêΓûêΓûêΓûêΓûêΓûêΓûêΓûè | 3984/4500 [15:41<02:05,  4.12it/s]
 89%|ΓûêΓûêΓûêΓûêΓûêΓûêΓûêΓûêΓûè | 3985/4500 [15:41<01:58,  4.36it/s]
 89%|ΓûêΓûêΓûêΓûêΓûêΓûêΓûêΓûêΓûè | 3986/4500 [15:42<01:56,  4.41it/s]
 89%|ΓûêΓûêΓûêΓûêΓûêΓûêΓûêΓûêΓûè | 3987/4500 [15:42<01:58,  4.35it/s]
 89%|ΓûêΓûêΓûêΓûêΓûêΓûêΓûêΓûêΓûè | 3988/4500 [15:42<01:55,  4.45it/s]
 89%|ΓûêΓûêΓûêΓûêΓûêΓûêΓûêΓûêΓûè | 3989/4500 [15:42<01:56,  4.39it/s]
 89%|ΓûêΓûêΓûêΓûêΓûêΓûêΓûêΓûêΓûè | 3990/4500 [15:42<01:55,  4.43it/s]
 89%|ΓûêΓûêΓûêΓûêΓûêΓûêΓûêΓûêΓûè | 3991/4500 [15:43<01:53,  4.48it/s]
 89%|ΓûêΓûêΓûêΓûêΓûêΓûêΓûêΓûêΓûè | 3992/4500 [15:43<01:54,  4.44it/s]
 89%|ΓûêΓûêΓûêΓûêΓûêΓûêΓûêΓûêΓûè | 3993/4500 [15:43<01:55,  4.40it/s]
 89%|ΓûêΓûêΓûêΓûêΓûêΓûêΓûêΓûêΓûë | 3994/4500 [15:43<01:56,  4.33it/s]
 89%|ΓûêΓûêΓûêΓûêΓûêΓûêΓûêΓûêΓûë | 3995/4500 [15:44<01:53,  4.44it/s]
 89%|ΓûêΓûêΓûêΓûêΓûêΓûêΓûêΓûêΓûë | 3996/4500 [15:44<01:50,  4.57it/s]
 89%|ΓûêΓûêΓûêΓûêΓûêΓûêΓûêΓûêΓûë | 3997/4500 [15:44<01:54,  4.41it/s]
 89%|ΓûêΓûêΓûêΓûêΓûêΓûêΓûêΓûêΓûë | 3998/4500 [15:44<01:53,  4.42it/s]
 89%|ΓûêΓûêΓûêΓûêΓûêΓûêΓûêΓûêΓûë | 3999/4500 [15:44<01:52,  4.45it/s]
 89%|ΓûêΓûêΓûêΓûêΓûêΓûêΓûêΓûêΓûë | 4000/4500 [15:45<01:53,  4.40it/s]
 89%|ΓûêΓûêΓûêΓûêΓûêΓûêΓûêΓûêΓûë | 4001/4500 [15:45<01:54,  4.35it/s]
 89%|ΓûêΓûêΓûêΓûêΓûêΓûêΓûêΓûêΓûë | 4002/4500 [15:45<01:55,  4.32it/s]
 89%|ΓûêΓûêΓûêΓûêΓûêΓûêΓûêΓûêΓûë | 4003/4500 [15:45<01:54,  4.35it/s]
 89%|ΓûêΓûêΓûêΓûêΓûêΓûêΓûêΓûêΓûë | 4004/4500 [15:46<01:55,  4.30it/s]
 89%|ΓûêΓûêΓûêΓûêΓûêΓûêΓûêΓûêΓûë | 4005/4500 [15:46<01:55,  4.28it/s]
 89%|ΓûêΓûêΓûêΓûêΓûêΓûêΓûêΓûêΓûë | 4006/4500 [15:46<01:53,  4.35it/s]
 89%|ΓûêΓûêΓûêΓûêΓûêΓûêΓûêΓûêΓûë | 4007/4500 [15:46<01:55,  4.25it/s]
 89%|ΓûêΓûêΓûêΓûêΓûêΓûêΓûêΓûêΓûë | 4008/4500 [15:47<01:58,  4.15it/s]
 89%|ΓûêΓûêΓûêΓûêΓûêΓûêΓûêΓûêΓûë | 4009/4500 [15:47<01:56,  4.20it/s]
 89%|ΓûêΓûêΓûêΓûêΓûêΓûêΓûêΓûêΓûë | 4010/4500 [15:47<01:55,  4.26it/s]
 89%|ΓûêΓûêΓûêΓûêΓûêΓûêΓûêΓûêΓûë | 4011/4500 [15:47<01:53,  4.31it/s]
 89%|ΓûêΓûêΓûêΓûêΓûêΓûêΓûêΓûêΓûë | 4012/4500 [15:48<01:57,  4.16it/s]
 89%|ΓûêΓûêΓûêΓûêΓûêΓûêΓûêΓûêΓûë | 4013/4500 [15:48<01:57,  4.15it/s]
 89%|ΓûêΓûêΓûêΓûêΓûêΓûêΓûêΓûêΓûë | 4014/4500 [15:48<01:52,  4.31it/s]
 89%|ΓûêΓûêΓûêΓûêΓûêΓûêΓûêΓûêΓûë | 4015/4500 [15:48<01:50,  4.37it/s]
 89%|ΓûêΓûêΓûêΓûêΓûêΓûêΓûêΓûêΓûë | 4016/4500 [15:48<01:50,  4.37it/s]
 89%|ΓûêΓûêΓûêΓûêΓûêΓûêΓûêΓûêΓûë | 4017/4500 [15:49<01:50,  4.36it/s]
 89%|ΓûêΓûêΓûêΓûêΓûêΓûêΓûêΓûêΓûë | 4018/4500 [15:49<01:50,  4.36it/s]
 89%|ΓûêΓûêΓûêΓûêΓûêΓûêΓûêΓûêΓûë | 4019/4500 [15:49<01:52,  4.29it/s]
 89%|ΓûêΓûêΓûêΓûêΓûêΓûêΓûêΓûêΓûë | 4020/4500 [15:49<01:53,  4.22it/s]
 89%|ΓûêΓûêΓûêΓûêΓûêΓûêΓûêΓûêΓûë | 4021/4500 [15:50<01:51,  4.30it/s]
 89%|ΓûêΓûêΓûêΓûêΓûêΓûêΓûêΓûêΓûë | 4022/4500 [15:50<01:49,  4.38it/s]
 89%|ΓûêΓûêΓûêΓûêΓûêΓûêΓûêΓûêΓûë | 4023/4500 [15:50<01:48,  4.38it/s]
 89%|ΓûêΓûêΓûêΓûêΓûêΓûêΓûêΓûêΓûë | 4024/4500 [15:50<01:47,  4.42it/s]
 89%|ΓûêΓûêΓûêΓûêΓûêΓûêΓûêΓûêΓûë | 4025/4500 [15:50<01:48,  4.38it/s]
 89%|ΓûêΓûêΓûêΓûêΓûêΓûêΓûêΓûêΓûë | 4027/4500 [15:51<01:22,  5.71it/s]
 90%|ΓûêΓûêΓûêΓûêΓûêΓûêΓûêΓûêΓûë | 4028/4500 [15:51<01:27,  5.38it/s]
 90%|ΓûêΓûêΓûêΓûêΓûêΓûêΓûêΓûêΓûë | 4029/4500 [15:51<01:32,  5.09it/s]
 90%|ΓûêΓûêΓûêΓûêΓûêΓûêΓûêΓûêΓûë | 4031/4500 [15:51<01:15,  6.25it/s]
 90%|ΓûêΓûêΓûêΓûêΓûêΓûêΓûêΓûêΓûë | 4032/4500 [15:52<01:21,  5.72it/s]
 90%|ΓûêΓûêΓûêΓûêΓûêΓûêΓûêΓûêΓûë | 4033/4500 [15:52<01:29,  5.24it/s]
 90%|ΓûêΓûêΓûêΓûêΓûêΓûêΓûêΓûêΓûë | 4035/4500 [15:52<01:12,  6.39it/s]
 90%|ΓûêΓûêΓûêΓûêΓûêΓûêΓûêΓûêΓûë | 4036/4500 [15:52<01:18,  5.88it/s]
 90%|ΓûêΓûêΓûêΓûêΓûêΓûêΓûêΓûêΓûë | 4037/4500 [15:53<01:30,  5.14it/s]
 90%|ΓûêΓûêΓûêΓûêΓûêΓûêΓûêΓûêΓûë | 4038/4500 [15:53<01:32,  4.97it/s]
 90%|ΓûêΓûêΓûêΓûêΓûêΓûêΓûêΓûêΓûë | 4039/4500 [15:53<01:34,  4.87it/s]
 90%|ΓûêΓûêΓûêΓûêΓûêΓûêΓûêΓûêΓûë | 4040/4500 [15:53<01:35,  4.82it/s]
 90%|ΓûêΓûêΓûêΓûêΓûêΓûêΓûêΓûêΓûë | 4041/4500 [15:53<01:36,  4.73it/s]
 90%|ΓûêΓûêΓûêΓûêΓûêΓûêΓûêΓûêΓûë | 4042/4500 [15:54<01:39,  4.63it/s]
 90%|ΓûêΓûêΓûêΓûêΓûêΓûêΓûêΓûêΓûë | 4043/4500 [15:54<01:39,  4.59it/s]
 90%|ΓûêΓûêΓûêΓûêΓûêΓûêΓûêΓûêΓûë | 4044/4500 [15:54<01:39,  4.58it/s]
 90%|ΓûêΓûêΓûêΓûêΓûêΓûêΓûêΓûêΓûë | 4045/4500 [15:54<01:42,  4.42it/s]
 90%|ΓûêΓûêΓûêΓûêΓûêΓûêΓûêΓûêΓûë | 4046/4500 [15:55<01:42,  4.43it/s]
 90%|ΓûêΓûêΓûêΓûêΓûêΓûêΓûêΓûêΓûë | 4047/4500 [15:55<01:52,  4.04it/s]
 90%|ΓûêΓûêΓûêΓûêΓûêΓûêΓûêΓûêΓûë | 4048/4500 [15:55<01:50,  4.10it/s]
 90%|ΓûêΓûêΓûêΓûêΓûêΓûêΓûêΓûêΓûë | 4049/4500 [15:55<01:53,  3.98it/s]
 90%|ΓûêΓûêΓûêΓûêΓûêΓûêΓûêΓûêΓûê | 4050/4500 [15:56<01:52,  3.99it/s]
 90%|ΓûêΓûêΓûêΓûêΓûêΓûêΓûêΓûêΓûê | 4051/4500 [15:56<01:55,  3.90it/s]
 90%|ΓûêΓûêΓûêΓûêΓûêΓûêΓûêΓûêΓûê | 4052/4500 [15:56<01:52,  3.99it/s]
 90%|ΓûêΓûêΓûêΓûêΓûêΓûêΓûêΓûêΓûê | 4053/4500 [15:56<01:51,  4.01it/s]
 90%|ΓûêΓûêΓûêΓûêΓûêΓûêΓûêΓûêΓûê | 4054/4500 [15:57<01:50,  4.04it/s]
 90%|ΓûêΓûêΓûêΓûêΓûêΓûêΓûêΓûêΓûê | 4055/4500 [15:57<01:50,  4.03it/s]
 90%|ΓûêΓûêΓûêΓûêΓûêΓûêΓûêΓûêΓûê | 4056/4500 [15:57<01:48,  4.08it/s]
 90%|ΓûêΓûêΓûêΓûêΓûêΓûêΓûêΓûêΓûê | 4057/4500 [15:57<01:44,  4.22it/s]
 90%|ΓûêΓûêΓûêΓûêΓûêΓûêΓûêΓûêΓûê | 4058/4500 [15:58<01:45,  4.21it/s]
 90%|ΓûêΓûêΓûêΓûêΓûêΓûêΓûêΓûêΓûê | 4059/4500 [15:58<01:47,  4.11it/s]
 90%|ΓûêΓûêΓûêΓûêΓûêΓûêΓûêΓûêΓûê | 4060/4500 [15:58<01:48,  4.04it/s]
 90%|ΓûêΓûêΓûêΓûêΓûêΓûêΓûêΓûêΓûê | 4061/4500 [15:58<01:48,  4.06it/s]
 90%|ΓûêΓûêΓûêΓûêΓûêΓûêΓûêΓûêΓûê | 4062/4500 [15:59<01:51,  3.93it/s]
 90%|ΓûêΓûêΓûêΓûêΓûêΓûêΓûêΓûêΓûê | 4063/4500 [15:59<01:48,  4.02it/s]
 90%|ΓûêΓûêΓûêΓûêΓûêΓûêΓûêΓûêΓûê | 4064/4500 [15:59<01:45,  4.15it/s]
 90%|ΓûêΓûêΓûêΓûêΓûêΓûêΓûêΓûêΓûê | 4065/4500 [15:59<01:43,  4.20it/s]
 90%|ΓûêΓûêΓûêΓûêΓûêΓûêΓûêΓûêΓûê | 4066/4500 [16:00<01:46,  4.08it/s]
 90%|ΓûêΓûêΓûêΓûêΓûêΓûêΓûêΓûêΓûê | 4067/4500 [16:00<01:46,  4.07it/s]
 90%|ΓûêΓûêΓûêΓûêΓûêΓûêΓûêΓûêΓûê | 4068/4500 [16:00<01:46,  4.05it/s]
 90%|ΓûêΓûêΓûêΓûêΓûêΓûêΓûêΓûêΓûê | 4069/4500 [16:00<01:45,  4.09it/s]
 90%|ΓûêΓûêΓûêΓûêΓûêΓûêΓûêΓûêΓûê | 4070/4500 [16:01<01:44,  4.12it/s]
 90%|ΓûêΓûêΓûêΓûêΓûêΓûêΓûêΓûêΓûê | 4071/4500 [16:01<01:43,  4.16it/s]
 90%|ΓûêΓûêΓûêΓûêΓûêΓûêΓûêΓûêΓûê | 4072/4500 [16:01<01:42,  4.19it/s]
 91%|ΓûêΓûêΓûêΓûêΓûêΓûêΓûêΓûêΓûê | 4073/4500 [16:01<01:41,  4.21it/s]
 91%|ΓûêΓûêΓûêΓûêΓûêΓûêΓûêΓûêΓûê | 4074/4500 [16:02<01:51,  3.82it/s]
 91%|ΓûêΓûêΓûêΓûêΓûêΓûêΓûêΓûêΓûê | 4075/4500 [16:02<01:46,  4.00it/s]
 91%|ΓûêΓûêΓûêΓûêΓûêΓûêΓûêΓûêΓûê | 4076/4500 [16:02<01:45,  4.00it/s]
 91%|ΓûêΓûêΓûêΓûêΓûêΓûêΓûêΓûêΓûê | 4077/4500 [16:02<01:42,  4.11it/s]
 91%|ΓûêΓûêΓûêΓûêΓûêΓûêΓûêΓûêΓûê | 4078/4500 [16:02<01:42,  4.14it/s]
 91%|ΓûêΓûêΓûêΓûêΓûêΓûêΓûêΓûêΓûê | 4079/4500 [16:03<01:38,  4.26it/s]
 91%|ΓûêΓûêΓûêΓûêΓûêΓûêΓûêΓûêΓûê | 4080/4500 [16:03<01:37,  4.30it/s]
 91%|ΓûêΓûêΓûêΓûêΓûêΓûêΓûêΓûêΓûê | 4081/4500 [16:03<01:39,  4.21it/s]
 91%|ΓûêΓûêΓûêΓûêΓûêΓûêΓûêΓûêΓûê | 4082/4500 [16:03<01:36,  4.32it/s]
 91%|ΓûêΓûêΓûêΓûêΓûêΓûêΓûêΓûêΓûê | 4083/4500 [16:04<01:34,  4.42it/s]
 91%|ΓûêΓûêΓûêΓûêΓûêΓûêΓûêΓûêΓûê | 4084/4500 [16:04<01:36,  4.29it/s]
 91%|ΓûêΓûêΓûêΓûêΓûêΓûêΓûêΓûêΓûê | 4085/4500 [16:04<01:36,  4.31it/s]
 91%|ΓûêΓûêΓûêΓûêΓûêΓûêΓûêΓûêΓûê | 4086/4500 [16:04<01:35,  4.34it/s]
 91%|ΓûêΓûêΓûêΓûêΓûêΓûêΓûêΓûêΓûê | 4087/4500 [16:05<01:36,  4.28it/s]
 91%|ΓûêΓûêΓûêΓûêΓûêΓûêΓûêΓûêΓûê | 4088/4500 [16:05<01:34,  4.35it/s]
 91%|ΓûêΓûêΓûêΓûêΓûêΓûêΓûêΓûêΓûê | 4089/4500 [16:05<01:41,  4.07it/s]
 91%|ΓûêΓûêΓûêΓûêΓûêΓûêΓûêΓûêΓûê | 4090/4500 [16:05<01:38,  4.18it/s]
 91%|ΓûêΓûêΓûêΓûêΓûêΓûêΓûêΓûêΓûê | 4091/4500 [16:06<01:36,  4.23it/s]
 91%|ΓûêΓûêΓûêΓûêΓûêΓûêΓûêΓûêΓûê | 4092/4500 [16:06<01:34,  4.33it/s]
 91%|ΓûêΓûêΓûêΓûêΓûêΓûêΓûêΓûêΓûê | 4093/4500 [16:06<01:33,  4.35it/s]
 91%|ΓûêΓûêΓûêΓûêΓûêΓûêΓûêΓûêΓûê | 4094/4500 [16:06<01:30,  4.47it/s]
 91%|ΓûêΓûêΓûêΓûêΓûêΓûêΓûêΓûêΓûê | 4095/4500 [16:06<01:29,  4.54it/s]
 91%|ΓûêΓûêΓûêΓûêΓûêΓûêΓûêΓûêΓûê | 4096/4500 [16:07<01:29,  4.50it/s]
 91%|ΓûêΓûêΓûêΓûêΓûêΓûêΓûêΓûêΓûê | 4097/4500 [16:07<01:30,  4.46it/s]
 91%|ΓûêΓûêΓûêΓûêΓûêΓûêΓûêΓûêΓûê | 4098/4500 [16:07<01:29,  4.50it/s]
 91%|ΓûêΓûêΓûêΓûêΓûêΓûêΓûêΓûêΓûê | 4099/4500 [16:07<01:39,  4.01it/s]
 91%|ΓûêΓûêΓûêΓûêΓûêΓûêΓûêΓûêΓûê | 4100/4500 [16:08<01:35,  4.18it/s]
 91%|ΓûêΓûêΓûêΓûêΓûêΓûêΓûêΓûêΓûê | 4101/4500 [16:08<01:36,  4.13it/s]
 91%|ΓûêΓûêΓûêΓûêΓûêΓûêΓûêΓûêΓûê | 4102/4500 [16:08<01:33,  4.23it/s]
 91%|ΓûêΓûêΓûêΓûêΓûêΓûêΓûêΓûêΓûê | 4103/4500 [16:08<01:29,  4.42it/s]
 91%|ΓûêΓûêΓûêΓûêΓûêΓûêΓûêΓûêΓûê | 4104/4500 [16:08<01:31,  4.35it/s]
 91%|ΓûêΓûêΓûêΓûêΓûêΓûêΓûêΓûêΓûê | 4105/4500 [16:09<01:30,  4.36it/s]
 91%|ΓûêΓûêΓûêΓûêΓûêΓûêΓûêΓûêΓûê | 4106/4500 [16:09<01:29,  4.38it/s]
 91%|ΓûêΓûêΓûêΓûêΓûêΓûêΓûêΓûêΓûêΓûÅ| 4107/4500 [16:09<01:32,  4.23it/s]
 91%|ΓûêΓûêΓûêΓûêΓûêΓûêΓûêΓûêΓûêΓûÅ| 4108/4500 [16:09<01:31,  4.29it/s]
 91%|ΓûêΓûêΓûêΓûêΓûêΓûêΓûêΓûêΓûêΓûÅ| 4109/4500 [16:10<01:30,  4.32it/s]
 91%|ΓûêΓûêΓûêΓûêΓûêΓûêΓûêΓûêΓûêΓûÅ| 4110/4500 [16:10<01:30,  4.31it/s]
 91%|ΓûêΓûêΓûêΓûêΓûêΓûêΓûêΓûêΓûêΓûÅ| 4111/4500 [16:10<01:29,  4.34it/s]
 91%|ΓûêΓûêΓûêΓûêΓûêΓûêΓûêΓûêΓûêΓûÅ| 4112/4500 [16:10<01:28,  4.37it/s]
 91%|ΓûêΓûêΓûêΓûêΓûêΓûêΓûêΓûêΓûêΓûÅ| 4113/4500 [16:11<01:29,  4.34it/s]
 91%|ΓûêΓûêΓûêΓûêΓûêΓûêΓûêΓûêΓûêΓûÅ| 4115/4500 [16:11<01:12,  5.33it/s]
 91%|ΓûêΓûêΓûêΓûêΓûêΓûêΓûêΓûêΓûêΓûÅ| 4116/4500 [16:11<01:19,  4.83it/s]
 91%|ΓûêΓûêΓûêΓûêΓûêΓûêΓûêΓûêΓûêΓûÅ| 4117/4500 [16:11<01:34,  4.07it/s]
 92%|ΓûêΓûêΓûêΓûêΓûêΓûêΓûêΓûêΓûêΓûÅ| 4118/4500 [16:12<01:32,  4.14it/s]
 92%|ΓûêΓûêΓûêΓûêΓûêΓûêΓûêΓûêΓûêΓûÅ| 4119/4500 [16:12<01:29,  4.24it/s]
 92%|ΓûêΓûêΓûêΓûêΓûêΓûêΓûêΓûêΓûêΓûÅ| 4120/4500 [16:12<01:29,  4.23it/s]
 92%|ΓûêΓûêΓûêΓûêΓûêΓûêΓûêΓûêΓûêΓûÅ| 4121/4500 [16:12<01:26,  4.37it/s]
 92%|ΓûêΓûêΓûêΓûêΓûêΓûêΓûêΓûêΓûêΓûÅ| 4122/4500 [16:13<01:25,  4.40it/s]
 92%|ΓûêΓûêΓûêΓûêΓûêΓûêΓûêΓûêΓûêΓûÅ| 4123/4500 [16:13<01:24,  4.47it/s]
 92%|ΓûêΓûêΓûêΓûêΓûêΓûêΓûêΓûêΓûêΓûÅ| 4124/4500 [16:13<01:25,  4.40it/s]
 92%|ΓûêΓûêΓûêΓûêΓûêΓûêΓûêΓûêΓûêΓûÅ| 4125/4500 [16:13<01:23,  4.52it/s]
 92%|ΓûêΓûêΓûêΓûêΓûêΓûêΓûêΓûêΓûêΓûÅ| 4126/4500 [16:13<01:23,  4.47it/s]
 92%|ΓûêΓûêΓûêΓûêΓûêΓûêΓûêΓûêΓûêΓûÅ| 4127/4500 [16:14<01:24,  4.43it/s]
 92%|ΓûêΓûêΓûêΓûêΓûêΓûêΓûêΓûêΓûêΓûÅ| 4128/4500 [16:14<01:24,  4.42it/s]
 92%|ΓûêΓûêΓûêΓûêΓûêΓûêΓûêΓûêΓûêΓûÅ| 4129/4500 [16:14<01:21,  4.55it/s]
 92%|ΓûêΓûêΓûêΓûêΓûêΓûêΓûêΓûêΓûêΓûÅ| 4130/4500 [16:14<01:22,  4.49it/s]
 92%|ΓûêΓûêΓûêΓûêΓûêΓûêΓûêΓûêΓûêΓûÅ| 4131/4500 [16:15<01:20,  4.58it/s]
 92%|ΓûêΓûêΓûêΓûêΓûêΓûêΓûêΓûêΓûêΓûÅ| 4132/4500 [16:15<01:20,  4.55it/s]
 92%|ΓûêΓûêΓûêΓûêΓûêΓûêΓûêΓûêΓûêΓûÅ| 4133/4500 [16:15<01:21,  4.48it/s]
 92%|ΓûêΓûêΓûêΓûêΓûêΓûêΓûêΓûêΓûêΓûÅ| 4134/4500 [16:15<01:22,  4.43it/s]
 92%|ΓûêΓûêΓûêΓûêΓûêΓûêΓûêΓûêΓûêΓûÅ| 4135/4500 [16:15<01:23,  4.38it/s]
 92%|ΓûêΓûêΓûêΓûêΓûêΓûêΓûêΓûêΓûêΓûÅ| 4136/4500 [16:16<01:22,  4.43it/s]
 92%|ΓûêΓûêΓûêΓûêΓûêΓûêΓûêΓûêΓûêΓûÅ| 4137/4500 [16:16<01:20,  4.50it/s]
 92%|ΓûêΓûêΓûêΓûêΓûêΓûêΓûêΓûêΓûêΓûÅ| 4138/4500 [16:16<01:28,  4.09it/s]
 92%|ΓûêΓûêΓûêΓûêΓûêΓûêΓûêΓûêΓûêΓûÅ| 4139/4500 [16:16<01:29,  4.04it/s]
 92%|ΓûêΓûêΓûêΓûêΓûêΓûêΓûêΓûêΓûêΓûÅ| 4140/4500 [16:17<01:27,  4.11it/s]
 92%|ΓûêΓûêΓûêΓûêΓûêΓûêΓûêΓûêΓûêΓûÅ| 4141/4500 [16:17<01:29,  4.01it/s]
 92%|ΓûêΓûêΓûêΓûêΓûêΓûêΓûêΓûêΓûêΓûÅ| 4143/4500 [16:17<01:06,  5.36it/s]
 92%|ΓûêΓûêΓûêΓûêΓûêΓûêΓûêΓûêΓûêΓûÅ| 4144/4500 [16:18<01:22,  4.29it/s]
 92%|ΓûêΓûêΓûêΓûêΓûêΓûêΓûêΓûêΓûêΓûÅ| 4145/4500 [16:18<01:36,  3.67it/s]
 92%|ΓûêΓûêΓûêΓûêΓûêΓûêΓûêΓûêΓûêΓûÅ| 4146/4500 [16:18<01:36,  3.67it/s]
 92%|ΓûêΓûêΓûêΓûêΓûêΓûêΓûêΓûêΓûêΓûÅ| 4147/4500 [16:18<01:30,  3.90it/s]
 92%|ΓûêΓûêΓûêΓûêΓûêΓûêΓûêΓûêΓûêΓûÅ| 4148/4500 [16:19<01:23,  4.20it/s]
 92%|ΓûêΓûêΓûêΓûêΓûêΓûêΓûêΓûêΓûêΓûÅ| 4149/4500 [16:19<01:22,  4.25it/s]
 92%|ΓûêΓûêΓûêΓûêΓûêΓûêΓûêΓûêΓûêΓûÅ| 4150/4500 [16:19<01:22,  4.26it/s]
 92%|ΓûêΓûêΓûêΓûêΓûêΓûêΓûêΓûêΓûêΓûÅ| 4151/4500 [16:19<01:21,  4.29it/s]
 92%|ΓûêΓûêΓûêΓûêΓûêΓûêΓûêΓûêΓûêΓûÅ| 4152/4500 [16:20<01:23,  4.15it/s]
 92%|ΓûêΓûêΓûêΓûêΓûêΓûêΓûêΓûêΓûêΓûÅ| 4153/4500 [16:20<01:24,  4.11it/s]
 92%|ΓûêΓûêΓûêΓûêΓûêΓûêΓûêΓûêΓûêΓûÅ| 4154/4500 [16:20<01:22,  4.18it/s]
 92%|ΓûêΓûêΓûêΓûêΓûêΓûêΓûêΓûêΓûêΓûÅ| 4155/4500 [16:20<01:24,  4.08it/s]
 92%|ΓûêΓûêΓûêΓûêΓûêΓûêΓûêΓûêΓûêΓûÅ| 4156/4500 [16:21<01:21,  4.23it/s]
 92%|ΓûêΓûêΓûêΓûêΓûêΓûêΓûêΓûêΓûêΓûÅ| 4157/4500 [16:21<01:19,  4.33it/s]
 92%|ΓûêΓûêΓûêΓûêΓûêΓûêΓûêΓûêΓûêΓûÅ| 4158/4500 [16:21<01:15,  4.51it/s]
 92%|ΓûêΓûêΓûêΓûêΓûêΓûêΓûêΓûêΓûêΓûÅ| 4159/4500 [16:21<01:14,  4.56it/s]
 92%|ΓûêΓûêΓûêΓûêΓûêΓûêΓûêΓûêΓûêΓûÅ| 4160/4500 [16:21<01:17,  4.40it/s]
 92%|ΓûêΓûêΓûêΓûêΓûêΓûêΓûêΓûêΓûêΓûÅ| 4161/4500 [16:22<01:17,  4.40it/s]
 92%|ΓûêΓûêΓûêΓûêΓûêΓûêΓûêΓûêΓûêΓûÅ| 4162/4500 [16:22<01:18,  4.33it/s]
 93%|ΓûêΓûêΓûêΓûêΓûêΓûêΓûêΓûêΓûêΓûÄ| 4163/4500 [16:22<01:17,  4.38it/s]
 93%|ΓûêΓûêΓûêΓûêΓûêΓûêΓûêΓûêΓûêΓûÄ| 4164/4500 [16:22<01:17,  4.35it/s]
 93%|ΓûêΓûêΓûêΓûêΓûêΓûêΓûêΓûêΓûêΓûÄ| 4165/4500 [16:23<01:16,  4.38it/s]
 93%|ΓûêΓûêΓûêΓûêΓûêΓûêΓûêΓûêΓûêΓûÄ| 4166/4500 [16:23<01:17,  4.33it/s]
 93%|ΓûêΓûêΓûêΓûêΓûêΓûêΓûêΓûêΓûêΓûÄ| 4167/4500 [16:23<01:19,  4.17it/s]
 93%|ΓûêΓûêΓûêΓûêΓûêΓûêΓûêΓûêΓûêΓûÄ| 4168/4500 [16:23<01:17,  4.27it/s]
 93%|ΓûêΓûêΓûêΓûêΓûêΓûêΓûêΓûêΓûêΓûÄ| 4169/4500 [16:24<01:18,  4.23it/s]
 93%|ΓûêΓûêΓûêΓûêΓûêΓûêΓûêΓûêΓûêΓûÄ| 4170/4500 [16:24<01:14,  4.43it/s]
 93%|ΓûêΓûêΓûêΓûêΓûêΓûêΓûêΓûêΓûêΓûÄ| 4171/4500 [16:24<01:14,  4.40it/s]
 93%|ΓûêΓûêΓûêΓûêΓûêΓûêΓûêΓûêΓûêΓûÄ| 4172/4500 [16:24<01:14,  4.41it/s]
 93%|ΓûêΓûêΓûêΓûêΓûêΓûêΓûêΓûêΓûêΓûÄ| 4173/4500 [16:24<01:15,  4.33it/s]
 93%|ΓûêΓûêΓûêΓûêΓûêΓûêΓûêΓûêΓûêΓûÄ| 4174/4500 [16:25<01:14,  4.40it/s]
 93%|ΓûêΓûêΓûêΓûêΓûêΓûêΓûêΓûêΓûêΓûÄ| 4175/4500 [16:25<01:13,  4.43it/s]
 93%|ΓûêΓûêΓûêΓûêΓûêΓûêΓûêΓûêΓûêΓûÄ| 4176/4500 [16:25<01:13,  4.43it/s]
 93%|ΓûêΓûêΓûêΓûêΓûêΓûêΓûêΓûêΓûêΓûÄ| 4177/4500 [16:25<01:13,  4.39it/s]
 93%|ΓûêΓûêΓûêΓûêΓûêΓûêΓûêΓûêΓûêΓûÄ| 4178/4500 [16:26<01:20,  3.99it/s]
 93%|ΓûêΓûêΓûêΓûêΓûêΓûêΓûêΓûêΓûêΓûÄ| 4179/4500 [16:26<01:36,  3.31it/s]
 93%|ΓûêΓûêΓûêΓûêΓûêΓûêΓûêΓûêΓûêΓûÄ| 4180/4500 [16:26<01:39,  3.23it/s]
 93%|ΓûêΓûêΓûêΓûêΓûêΓûêΓûêΓûêΓûêΓûÄ| 4181/4500 [16:27<01:29,  3.55it/s]
 93%|ΓûêΓûêΓûêΓûêΓûêΓûêΓûêΓûêΓûêΓûÄ| 4182/4500 [16:27<01:27,  3.62it/s]
 93%|ΓûêΓûêΓûêΓûêΓûêΓûêΓûêΓûêΓûêΓûÄ| 4183/4500 [16:27<01:23,  3.79it/s]
 93%|ΓûêΓûêΓûêΓûêΓûêΓûêΓûêΓûêΓûêΓûÄ| 4185/4500 [16:27<01:04,  4.90it/s]
 93%|ΓûêΓûêΓûêΓûêΓûêΓûêΓûêΓûêΓûêΓûÄ| 4186/4500 [16:28<01:06,  4.75it/s]
 93%|ΓûêΓûêΓûêΓûêΓûêΓûêΓûêΓûêΓûêΓûÄ| 4187/4500 [16:28<01:07,  4.66it/s]
 93%|ΓûêΓûêΓûêΓûêΓûêΓûêΓûêΓûêΓûêΓûÄ| 4188/4500 [16:28<01:08,  4.54it/s]
 93%|ΓûêΓûêΓûêΓûêΓûêΓûêΓûêΓûêΓûêΓûÄ| 4189/4500 [16:28<01:10,  4.44it/s]
 93%|ΓûêΓûêΓûêΓûêΓûêΓûêΓûêΓûêΓûêΓûÄ| 4190/4500 [16:29<01:10,  4.42it/s]
 93%|ΓûêΓûêΓûêΓûêΓûêΓûêΓûêΓûêΓûêΓûÄ| 4191/4500 [16:29<01:10,  4.41it/s]
 93%|ΓûêΓûêΓûêΓûêΓûêΓûêΓûêΓûêΓûêΓûÄ| 4192/4500 [16:29<01:09,  4.41it/s]
 93%|ΓûêΓûêΓûêΓûêΓûêΓûêΓûêΓûêΓûêΓûÄ| 4193/4500 [16:29<01:09,  4.44it/s]
 93%|ΓûêΓûêΓûêΓûêΓûêΓûêΓûêΓûêΓûêΓûÄ| 4194/4500 [16:29<01:07,  4.51it/s]
 93%|ΓûêΓûêΓûêΓûêΓûêΓûêΓûêΓûêΓûêΓûÄ| 4195/4500 [16:30<01:07,  4.50it/s]
 93%|ΓûêΓûêΓûêΓûêΓûêΓûêΓûêΓûêΓûêΓûÄ| 4196/4500 [16:30<01:08,  4.42it/s]
 93%|ΓûêΓûêΓûêΓûêΓûêΓûêΓûêΓûêΓûêΓûÄ| 4197/4500 [16:30<01:08,  4.44it/s]
 93%|ΓûêΓûêΓûêΓûêΓûêΓûêΓûêΓûêΓûêΓûÄ| 4198/4500 [16:30<01:06,  4.57it/s]
 93%|ΓûêΓûêΓûêΓûêΓûêΓûêΓûêΓûêΓûêΓûÄ| 4199/4500 [16:31<01:07,  4.47it/s]
 93%|ΓûêΓûêΓûêΓûêΓûêΓûêΓûêΓûêΓûêΓûÄ| 4200/4500 [16:31<01:05,  4.57it/s]
 93%|ΓûêΓûêΓûêΓûêΓûêΓûêΓûêΓûêΓûêΓûÄ| 4201/4500 [16:31<01:08,  4.37it/s]
 93%|ΓûêΓûêΓûêΓûêΓûêΓûêΓûêΓûêΓûêΓûÄ| 4202/4500 [16:31<01:05,  4.56it/s]
 93%|ΓûêΓûêΓûêΓûêΓûêΓûêΓûêΓûêΓûêΓûÄ| 4203/4500 [16:31<01:05,  4.55it/s]
 93%|ΓûêΓûêΓûêΓûêΓûêΓûêΓûêΓûêΓûêΓûÄ| 4204/4500 [16:32<01:16,  3.89it/s]
 93%|ΓûêΓûêΓûêΓûêΓûêΓûêΓûêΓûêΓûêΓûÄ| 4205/4500 [16:32<01:38,  3.01it/s]
 93%|ΓûêΓûêΓûêΓûêΓûêΓûêΓûêΓûêΓûêΓûÄ| 4206/4500 [16:33<01:37,  3.03it/s]
 93%|ΓûêΓûêΓûêΓûêΓûêΓûêΓûêΓûêΓûêΓûÄ| 4207/4500 [16:33<01:25,  3.44it/s]
 94%|ΓûêΓûêΓûêΓûêΓûêΓûêΓûêΓûêΓûêΓûÄ| 4208/4500 [16:33<01:18,  3.71it/s]
 94%|ΓûêΓûêΓûêΓûêΓûêΓûêΓûêΓûêΓûêΓûÄ| 4209/4500 [16:33<01:14,  3.90it/s]
 94%|ΓûêΓûêΓûêΓûêΓûêΓûêΓûêΓûêΓûêΓûÄ| 4210/4500 [16:33<01:12,  4.02it/s]
 94%|ΓûêΓûêΓûêΓûêΓûêΓûêΓûêΓûêΓûêΓûÄ| 4211/4500 [16:34<01:08,  4.19it/s]
 94%|ΓûêΓûêΓûêΓûêΓûêΓûêΓûêΓûêΓûêΓûÄ| 4212/4500 [16:34<01:06,  4.32it/s]
 94%|ΓûêΓûêΓûêΓûêΓûêΓûêΓûêΓûêΓûêΓûÄ| 4213/4500 [16:34<01:06,  4.32it/s]
 94%|ΓûêΓûêΓûêΓûêΓûêΓûêΓûêΓûêΓûêΓûÄ| 4214/4500 [16:34<01:05,  4.36it/s]
 94%|ΓûêΓûêΓûêΓûêΓûêΓûêΓûêΓûêΓûêΓûÄ| 4215/4500 [16:35<01:03,  4.45it/s]
 94%|ΓûêΓûêΓûêΓûêΓûêΓûêΓûêΓûêΓûêΓûÄ| 4216/4500 [16:35<01:04,  4.38it/s]
 94%|ΓûêΓûêΓûêΓûêΓûêΓûêΓûêΓûêΓûêΓûÄ| 4217/4500 [16:35<01:04,  4.42it/s]
 94%|ΓûêΓûêΓûêΓûêΓûêΓûêΓûêΓûêΓûêΓûÄ| 4218/4500 [16:35<01:02,  4.53it/s]
 94%|ΓûêΓûêΓûêΓûêΓûêΓûêΓûêΓûêΓûêΓûì| 4219/4500 [16:35<00:59,  4.70it/s]
 94%|ΓûêΓûêΓûêΓûêΓûêΓûêΓûêΓûêΓûêΓûì| 4220/4500 [16:36<01:00,  4.62it/s]
 94%|ΓûêΓûêΓûêΓûêΓûêΓûêΓûêΓûêΓûêΓûì| 4221/4500 [16:36<01:01,  4.55it/s]
 94%|ΓûêΓûêΓûêΓûêΓûêΓûêΓûêΓûêΓûêΓûì| 4222/4500 [16:36<01:01,  4.49it/s]
 94%|ΓûêΓûêΓûêΓûêΓûêΓûêΓûêΓûêΓûêΓûì| 4223/4500 [16:36<01:01,  4.50it/s]
 94%|ΓûêΓûêΓûêΓûêΓûêΓûêΓûêΓûêΓûêΓûì| 4224/4500 [16:37<01:02,  4.41it/s]
 94%|ΓûêΓûêΓûêΓûêΓûêΓûêΓûêΓûêΓûêΓûì| 4225/4500 [16:37<01:01,  4.51it/s]
 94%|ΓûêΓûêΓûêΓûêΓûêΓûêΓûêΓûêΓûêΓûì| 4226/4500 [16:37<01:00,  4.53it/s]
 94%|ΓûêΓûêΓûêΓûêΓûêΓûêΓûêΓûêΓûêΓûì| 4227/4500 [16:37<01:01,  4.43it/s]
 94%|ΓûêΓûêΓûêΓûêΓûêΓûêΓûêΓûêΓûêΓûì| 4228/4500 [16:37<01:04,  4.22it/s]
 94%|ΓûêΓûêΓûêΓûêΓûêΓûêΓûêΓûêΓûêΓûì| 4229/4500 [16:38<01:03,  4.29it/s]
 94%|ΓûêΓûêΓûêΓûêΓûêΓûêΓûêΓûêΓûêΓûì| 4230/4500 [16:38<01:04,  4.19it/s]
 94%|ΓûêΓûêΓûêΓûêΓûêΓûêΓûêΓûêΓûêΓûì| 4231/4500 [16:38<01:03,  4.24it/s]
 94%|ΓûêΓûêΓûêΓûêΓûêΓûêΓûêΓûêΓûêΓûì| 4232/4500 [16:38<01:02,  4.32it/s]
 94%|ΓûêΓûêΓûêΓûêΓûêΓûêΓûêΓûêΓûêΓûì| 4233/4500 [16:39<01:02,  4.26it/s]
 94%|ΓûêΓûêΓûêΓûêΓûêΓûêΓûêΓûêΓûêΓûì| 4234/4500 [16:39<01:01,  4.33it/s]
 94%|ΓûêΓûêΓûêΓûêΓûêΓûêΓûêΓûêΓûêΓûì| 4235/4500 [16:39<01:02,  4.27it/s]
 94%|ΓûêΓûêΓûêΓûêΓûêΓûêΓûêΓûêΓûêΓûì| 4236/4500 [16:39<01:01,  4.28it/s]
 94%|ΓûêΓûêΓûêΓûêΓûêΓûêΓûêΓûêΓûêΓûì| 4237/4500 [16:40<01:00,  4.34it/s]
 94%|ΓûêΓûêΓûêΓûêΓûêΓûêΓûêΓûêΓûêΓûì| 4238/4500 [16:40<01:00,  4.34it/s]
 94%|ΓûêΓûêΓûêΓûêΓûêΓûêΓûêΓûêΓûêΓûì| 4239/4500 [16:40<01:00,  4.34it/s]
 94%|ΓûêΓûêΓûêΓûêΓûêΓûêΓûêΓûêΓûêΓûì| 4240/4500 [16:40<00:59,  4.39it/s]
 94%|ΓûêΓûêΓûêΓûêΓûêΓûêΓûêΓûêΓûêΓûì| 4241/4500 [16:40<00:58,  4.40it/s]
 94%|ΓûêΓûêΓûêΓûêΓûêΓûêΓûêΓûêΓûêΓûì| 4242/4500 [16:41<01:00,  4.28it/s]
 94%|ΓûêΓûêΓûêΓûêΓûêΓûêΓûêΓûêΓûêΓûì| 4243/4500 [16:41<00:58,  4.36it/s]
 94%|ΓûêΓûêΓûêΓûêΓûêΓûêΓûêΓûêΓûêΓûì| 4244/4500 [16:41<01:00,  4.26it/s]
 94%|ΓûêΓûêΓûêΓûêΓûêΓûêΓûêΓûêΓûêΓûì| 4245/4500 [16:41<00:59,  4.25it/s]
 94%|ΓûêΓûêΓûêΓûêΓûêΓûêΓûêΓûêΓûêΓûì| 4246/4500 [16:42<01:02,  4.09it/s]
 94%|ΓûêΓûêΓûêΓûêΓûêΓûêΓûêΓûêΓûêΓûì| 4247/4500 [16:42<00:59,  4.22it/s]
 94%|ΓûêΓûêΓûêΓûêΓûêΓûêΓûêΓûêΓûêΓûì| 4248/4500 [16:42<00:59,  4.23it/s]
 94%|ΓûêΓûêΓûêΓûêΓûêΓûêΓûêΓûêΓûêΓûì| 4249/4500 [16:42<00:57,  4.37it/s]
 94%|ΓûêΓûêΓûêΓûêΓûêΓûêΓûêΓûêΓûêΓûì| 4250/4500 [16:43<00:58,  4.31it/s]
 94%|ΓûêΓûêΓûêΓûêΓûêΓûêΓûêΓûêΓûêΓûì| 4251/4500 [16:43<00:55,  4.50it/s]
 94%|ΓûêΓûêΓûêΓûêΓûêΓûêΓûêΓûêΓûêΓûì| 4252/4500 [16:43<00:54,  4.51it/s]
 95%|ΓûêΓûêΓûêΓûêΓûêΓûêΓûêΓûêΓûêΓûì| 4253/4500 [16:43<00:54,  4.56it/s]
 95%|ΓûêΓûêΓûêΓûêΓûêΓûêΓûêΓûêΓûêΓûì| 4254/4500 [16:43<00:53,  4.63it/s]
 95%|ΓûêΓûêΓûêΓûêΓûêΓûêΓûêΓûêΓûêΓûì| 4255/4500 [16:44<00:59,  4.13it/s]
 95%|ΓûêΓûêΓûêΓûêΓûêΓûêΓûêΓûêΓûêΓûì| 4256/4500 [16:44<00:57,  4.23it/s]
 95%|ΓûêΓûêΓûêΓûêΓûêΓûêΓûêΓûêΓûêΓûì| 4257/4500 [16:44<00:59,  4.12it/s]
 95%|ΓûêΓûêΓûêΓûêΓûêΓûêΓûêΓûêΓûêΓûì| 4258/4500 [16:45<01:01,  3.94it/s]
 95%|ΓûêΓûêΓûêΓûêΓûêΓûêΓûêΓûêΓûêΓûì| 4259/4500 [16:45<00:59,  4.05it/s]
 95%|ΓûêΓûêΓûêΓûêΓûêΓûêΓûêΓûêΓûêΓûì| 4260/4500 [16:45<01:00,  3.97it/s]
 95%|ΓûêΓûêΓûêΓûêΓûêΓûêΓûêΓûêΓûêΓûì| 4261/4500 [16:45<01:00,  3.94it/s]
 95%|ΓûêΓûêΓûêΓûêΓûêΓûêΓûêΓûêΓûêΓûì| 4262/4500 [16:46<00:59,  4.02it/s]
 95%|ΓûêΓûêΓûêΓûêΓûêΓûêΓûêΓûêΓûêΓûì| 4263/4500 [16:46<00:56,  4.22it/s]
 95%|ΓûêΓûêΓûêΓûêΓûêΓûêΓûêΓûêΓûêΓûì| 4264/4500 [16:46<00:58,  4.05it/s]
 95%|ΓûêΓûêΓûêΓûêΓûêΓûêΓûêΓûêΓûêΓûì| 4265/4500 [16:46<01:07,  3.49it/s]
 95%|ΓûêΓûêΓûêΓûêΓûêΓûêΓûêΓûêΓûêΓûì| 4266/4500 [16:47<01:10,  3.31it/s]
 95%|ΓûêΓûêΓûêΓûêΓûêΓûêΓûêΓûêΓûêΓûì| 4267/4500 [16:47<01:10,  3.31it/s]
 95%|ΓûêΓûêΓûêΓûêΓûêΓûêΓûêΓûêΓûêΓûì| 4268/4500 [16:47<01:05,  3.52it/s]
 95%|ΓûêΓûêΓûêΓûêΓûêΓûêΓûêΓûêΓûêΓûì| 4269/4500 [16:47<01:01,  3.76it/s]
 95%|ΓûêΓûêΓûêΓûêΓûêΓûêΓûêΓûêΓûêΓûì| 4270/4500 [16:48<00:57,  3.97it/s]
 95%|ΓûêΓûêΓûêΓûêΓûêΓûêΓûêΓûêΓûêΓûì| 4271/4500 [16:48<00:55,  4.15it/s]
 95%|ΓûêΓûêΓûêΓûêΓûêΓûêΓûêΓûêΓûêΓûì| 4272/4500 [16:48<00:52,  4.35it/s]
 95%|ΓûêΓûêΓûêΓûêΓûêΓûêΓûêΓûêΓûêΓûì| 4273/4500 [16:48<00:51,  4.44it/s]
 95%|ΓûêΓûêΓûêΓûêΓûêΓûêΓûêΓûêΓûêΓûì| 4274/4500 [16:49<00:51,  4.36it/s]
 95%|ΓûêΓûêΓûêΓûêΓûêΓûêΓûêΓûêΓûêΓûî| 4275/4500 [16:49<00:51,  4.37it/s]
 95%|ΓûêΓûêΓûêΓûêΓûêΓûêΓûêΓûêΓûêΓûî| 4276/4500 [16:49<00:50,  4.47it/s]
 95%|ΓûêΓûêΓûêΓûêΓûêΓûêΓûêΓûêΓûêΓûî| 4277/4500 [16:49<00:51,  4.37it/s]
 95%|ΓûêΓûêΓûêΓûêΓûêΓûêΓûêΓûêΓûêΓûî| 4278/4500 [16:49<00:50,  4.37it/s]
 95%|ΓûêΓûêΓûêΓûêΓûêΓûêΓûêΓûêΓûêΓûî| 4279/4500 [16:50<00:50,  4.39it/s]
 95%|ΓûêΓûêΓûêΓûêΓûêΓûêΓûêΓûêΓûêΓûî| 4280/4500 [16:50<00:49,  4.42it/s]
 95%|ΓûêΓûêΓûêΓûêΓûêΓûêΓûêΓûêΓûêΓûî| 4281/4500 [16:50<00:48,  4.54it/s]
 95%|ΓûêΓûêΓûêΓûêΓûêΓûêΓûêΓûêΓûêΓûî| 4282/4500 [16:50<00:49,  4.42it/s]
 95%|ΓûêΓûêΓûêΓûêΓûêΓûêΓûêΓûêΓûêΓûî| 4283/4500 [16:51<00:47,  4.60it/s]
 95%|ΓûêΓûêΓûêΓûêΓûêΓûêΓûêΓûêΓûêΓûî| 4284/4500 [16:51<00:47,  4.58it/s]
 95%|ΓûêΓûêΓûêΓûêΓûêΓûêΓûêΓûêΓûêΓûî| 4285/4500 [16:51<00:46,  4.62it/s]
 95%|ΓûêΓûêΓûêΓûêΓûêΓûêΓûêΓûêΓûêΓûî| 4286/4500 [16:51<00:46,  4.65it/s]
 95%|ΓûêΓûêΓûêΓûêΓûêΓûêΓûêΓûêΓûêΓûî| 4287/4500 [16:51<00:47,  4.52it/s]
 95%|ΓûêΓûêΓûêΓûêΓûêΓûêΓûêΓûêΓûêΓûî| 4288/4500 [16:52<00:45,  4.61it/s]
 95%|ΓûêΓûêΓûêΓûêΓûêΓûêΓûêΓûêΓûêΓûî| 4289/4500 [16:52<00:47,  4.45it/s]
 95%|ΓûêΓûêΓûêΓûêΓûêΓûêΓûêΓûêΓûêΓûî| 4290/4500 [16:52<00:47,  4.43it/s]
 95%|ΓûêΓûêΓûêΓûêΓûêΓûêΓûêΓûêΓûêΓûî| 4291/4500 [16:53<01:01,  3.38it/s]
 95%|ΓûêΓûêΓûêΓûêΓûêΓûêΓûêΓûêΓûêΓûî| 4292/4500 [16:53<01:14,  2.81it/s]
 95%|ΓûêΓûêΓûêΓûêΓûêΓûêΓûêΓûêΓûêΓûî| 4293/4500 [16:53<01:11,  2.88it/s]
 95%|ΓûêΓûêΓûêΓûêΓûêΓûêΓûêΓûêΓûêΓûî| 4294/4500 [16:54<01:03,  3.24it/s]
 95%|ΓûêΓûêΓûêΓûêΓûêΓûêΓûêΓûêΓûêΓûî| 4295/4500 [16:54<01:01,  3.35it/s]
 95%|ΓûêΓûêΓûêΓûêΓûêΓûêΓûêΓûêΓûêΓûî| 4296/4500 [16:54<00:56,  3.62it/s]
 95%|ΓûêΓûêΓûêΓûêΓûêΓûêΓûêΓûêΓûêΓûî| 4297/4500 [16:54<00:54,  3.72it/s]
 96%|ΓûêΓûêΓûêΓûêΓûêΓûêΓûêΓûêΓûêΓûî| 4298/4500 [16:55<00:51,  3.92it/s]
 96%|ΓûêΓûêΓûêΓûêΓûêΓûêΓûêΓûêΓûêΓûî| 4299/4500 [16:55<00:50,  3.98it/s]
 96%|ΓûêΓûêΓûêΓûêΓûêΓûêΓûêΓûêΓûêΓûî| 4300/4500 [16:55<00:47,  4.17it/s]
 96%|ΓûêΓûêΓûêΓûêΓûêΓûêΓûêΓûêΓûêΓûî| 4301/4500 [16:55<00:47,  4.20it/s]
 96%|ΓûêΓûêΓûêΓûêΓûêΓûêΓûêΓûêΓûêΓûî| 4302/4500 [16:56<00:46,  4.29it/s]
 96%|ΓûêΓûêΓûêΓûêΓûêΓûêΓûêΓûêΓûêΓûî| 4303/4500 [16:56<00:45,  4.31it/s]
 96%|ΓûêΓûêΓûêΓûêΓûêΓûêΓûêΓûêΓûêΓûî| 4304/4500 [16:56<00:45,  4.28it/s]
 96%|ΓûêΓûêΓûêΓûêΓûêΓûêΓûêΓûêΓûêΓûî| 4305/4500 [16:56<00:46,  4.18it/s]
 96%|ΓûêΓûêΓûêΓûêΓûêΓûêΓûêΓûêΓûêΓûî| 4306/4500 [16:56<00:48,  4.01it/s]
 96%|ΓûêΓûêΓûêΓûêΓûêΓûêΓûêΓûêΓûêΓûî| 4307/4500 [16:57<00:47,  4.04it/s]
 96%|ΓûêΓûêΓûêΓûêΓûêΓûêΓûêΓûêΓûêΓûî| 4308/4500 [16:57<00:46,  4.13it/s]
 96%|ΓûêΓûêΓûêΓûêΓûêΓûêΓûêΓûêΓûêΓûî| 4309/4500 [16:57<00:47,  4.05it/s]
 96%|ΓûêΓûêΓûêΓûêΓûêΓûêΓûêΓûêΓûêΓûî| 4310/4500 [16:57<00:47,  4.00it/s]
 96%|ΓûêΓûêΓûêΓûêΓûêΓûêΓûêΓûêΓûêΓûî| 4311/4500 [16:58<00:45,  4.12it/s]
 96%|ΓûêΓûêΓûêΓûêΓûêΓûêΓûêΓûêΓûêΓûî| 4312/4500 [16:58<00:45,  4.14it/s]
 96%|ΓûêΓûêΓûêΓûêΓûêΓûêΓûêΓûêΓûêΓûî| 4313/4500 [16:58<00:46,  4.06it/s]
 96%|ΓûêΓûêΓûêΓûêΓûêΓûêΓûêΓûêΓûêΓûî| 4314/4500 [16:58<00:46,  4.03it/s]
 96%|ΓûêΓûêΓûêΓûêΓûêΓûêΓûêΓûêΓûêΓûî| 4315/4500 [16:59<00:45,  4.08it/s]
 96%|ΓûêΓûêΓûêΓûêΓûêΓûêΓûêΓûêΓûêΓûî| 4316/4500 [16:59<00:45,  4.01it/s]
 96%|ΓûêΓûêΓûêΓûêΓûêΓûêΓûêΓûêΓûêΓûî| 4317/4500 [16:59<00:45,  4.04it/s]
 96%|ΓûêΓûêΓûêΓûêΓûêΓûêΓûêΓûêΓûêΓûî| 4318/4500 [16:59<00:44,  4.07it/s]
 96%|ΓûêΓûêΓûêΓûêΓûêΓûêΓûêΓûêΓûêΓûî| 4319/4500 [17:00<00:44,  4.11it/s]
 96%|ΓûêΓûêΓûêΓûêΓûêΓûêΓûêΓûêΓûêΓûî| 4320/4500 [17:00<00:44,  4.02it/s]
 96%|ΓûêΓûêΓûêΓûêΓûêΓûêΓûêΓûêΓûêΓûî| 4321/4500 [17:00<00:44,  3.99it/s]
 96%|ΓûêΓûêΓûêΓûêΓûêΓûêΓûêΓûêΓûêΓûî| 4322/4500 [17:00<00:45,  3.92it/s]
 96%|ΓûêΓûêΓûêΓûêΓûêΓûêΓûêΓûêΓûêΓûî| 4323/4500 [17:01<00:46,  3.83it/s]
 96%|ΓûêΓûêΓûêΓûêΓûêΓûêΓûêΓûêΓûêΓûî| 4324/4500 [17:01<00:46,  3.83it/s]
 96%|ΓûêΓûêΓûêΓûêΓûêΓûêΓûêΓûêΓûêΓûî| 4325/4500 [17:01<00:44,  3.90it/s]
 96%|ΓûêΓûêΓûêΓûêΓûêΓûêΓûêΓûêΓûêΓûî| 4326/4500 [17:01<00:43,  3.97it/s]
 96%|ΓûêΓûêΓûêΓûêΓûêΓûêΓûêΓûêΓûêΓûî| 4327/4500 [17:02<00:43,  3.99it/s]
 96%|ΓûêΓûêΓûêΓûêΓûêΓûêΓûêΓûêΓûêΓûî| 4328/4500 [17:02<00:41,  4.18it/s]
 96%|ΓûêΓûêΓûêΓûêΓûêΓûêΓûêΓûêΓûêΓûî| 4329/4500 [17:02<00:39,  4.32it/s]
 96%|ΓûêΓûêΓûêΓûêΓûêΓûêΓûêΓûêΓûêΓûî| 4330/4500 [17:02<00:38,  4.41it/s]
 96%|ΓûêΓûêΓûêΓûêΓûêΓûêΓûêΓûêΓûêΓûî| 4331/4500 [17:03<00:38,  4.36it/s]
 96%|ΓûêΓûêΓûêΓûêΓûêΓûêΓûêΓûêΓûêΓûï| 4332/4500 [17:03<00:38,  4.37it/s]
 96%|ΓûêΓûêΓûêΓûêΓûêΓûêΓûêΓûêΓûêΓûï| 4333/4500 [17:03<00:38,  4.33it/s]
 96%|ΓûêΓûêΓûêΓûêΓûêΓûêΓûêΓûêΓûêΓûï| 4334/4500 [17:03<00:39,  4.22it/s]
 96%|ΓûêΓûêΓûêΓûêΓûêΓûêΓûêΓûêΓûêΓûï| 4335/4500 [17:04<00:42,  3.92it/s]
 96%|ΓûêΓûêΓûêΓûêΓûêΓûêΓûêΓûêΓûêΓûï| 4336/4500 [17:04<00:40,  4.01it/s]
 96%|ΓûêΓûêΓûêΓûêΓûêΓûêΓûêΓûêΓûêΓûï| 4337/4500 [17:04<00:38,  4.19it/s]
 96%|ΓûêΓûêΓûêΓûêΓûêΓûêΓûêΓûêΓûêΓûï| 4338/4500 [17:04<00:40,  4.04it/s]
 96%|ΓûêΓûêΓûêΓûêΓûêΓûêΓûêΓûêΓûêΓûï| 4339/4500 [17:05<00:39,  4.04it/s]
 96%|ΓûêΓûêΓûêΓûêΓûêΓûêΓûêΓûêΓûêΓûï| 4340/4500 [17:05<00:39,  4.03it/s]
 96%|ΓûêΓûêΓûêΓûêΓûêΓûêΓûêΓûêΓûêΓûï| 4341/4500 [17:05<00:39,  4.05it/s]
 96%|ΓûêΓûêΓûêΓûêΓûêΓûêΓûêΓûêΓûêΓûï| 4342/4500 [17:05<00:39,  3.96it/s]
 97%|ΓûêΓûêΓûêΓûêΓûêΓûêΓûêΓûêΓûêΓûï| 4343/4500 [17:06<00:40,  3.92it/s]
 97%|ΓûêΓûêΓûêΓûêΓûêΓûêΓûêΓûêΓûêΓûï| 4344/4500 [17:06<00:39,  3.91it/s]
 97%|ΓûêΓûêΓûêΓûêΓûêΓûêΓûêΓûêΓûêΓûï| 4345/4500 [17:06<00:41,  3.75it/s]
 97%|ΓûêΓûêΓûêΓûêΓûêΓûêΓûêΓûêΓûêΓûï| 4346/4500 [17:07<00:46,  3.33it/s]
 97%|ΓûêΓûêΓûêΓûêΓûêΓûêΓûêΓûêΓûêΓûï| 4347/4500 [17:07<00:51,  2.98it/s]
 97%|ΓûêΓûêΓûêΓûêΓûêΓûêΓûêΓûêΓûêΓûï| 4348/4500 [17:07<00:50,  3.03it/s]
 97%|ΓûêΓûêΓûêΓûêΓûêΓûêΓûêΓûêΓûêΓûï| 4349/4500 [17:08<00:46,  3.22it/s]
 97%|ΓûêΓûêΓûêΓûêΓûêΓûêΓûêΓûêΓûêΓûï| 4350/4500 [17:08<00:44,  3.40it/s]
 97%|ΓûêΓûêΓûêΓûêΓûêΓûêΓûêΓûêΓûêΓûï| 4351/4500 [17:08<00:41,  3.60it/s]
 97%|ΓûêΓûêΓûêΓûêΓûêΓûêΓûêΓûêΓûêΓûï| 4352/4500 [17:08<00:39,  3.75it/s]
 97%|ΓûêΓûêΓûêΓûêΓûêΓûêΓûêΓûêΓûêΓûï| 4353/4500 [17:09<00:39,  3.76it/s]
 97%|ΓûêΓûêΓûêΓûêΓûêΓûêΓûêΓûêΓûêΓûï| 4354/4500 [17:09<00:38,  3.82it/s]
 97%|ΓûêΓûêΓûêΓûêΓûêΓûêΓûêΓûêΓûêΓûï| 4355/4500 [17:09<00:36,  3.92it/s]
 97%|ΓûêΓûêΓûêΓûêΓûêΓûêΓûêΓûêΓûêΓûï| 4356/4500 [17:09<00:35,  4.03it/s]
 97%|ΓûêΓûêΓûêΓûêΓûêΓûêΓûêΓûêΓûêΓûï| 4357/4500 [17:10<00:35,  3.99it/s]
 97%|ΓûêΓûêΓûêΓûêΓûêΓûêΓûêΓûêΓûêΓûï| 4358/4500 [17:10<00:35,  4.02it/s]
 97%|ΓûêΓûêΓûêΓûêΓûêΓûêΓûêΓûêΓûêΓûï| 4359/4500 [17:10<00:35,  3.93it/s]
 97%|ΓûêΓûêΓûêΓûêΓûêΓûêΓûêΓûêΓûêΓûï| 4360/4500 [17:10<00:35,  3.92it/s]
 97%|ΓûêΓûêΓûêΓûêΓûêΓûêΓûêΓûêΓûêΓûï| 4361/4500 [17:11<00:35,  3.95it/s]
 97%|ΓûêΓûêΓûêΓûêΓûêΓûêΓûêΓûêΓûêΓûï| 4362/4500 [17:11<00:35,  3.88it/s]
 97%|ΓûêΓûêΓûêΓûêΓûêΓûêΓûêΓûêΓûêΓûï| 4363/4500 [17:11<00:34,  3.97it/s]
 97%|ΓûêΓûêΓûêΓûêΓûêΓûêΓûêΓûêΓûêΓûï| 4364/4500 [17:11<00:33,  4.03it/s]
 97%|ΓûêΓûêΓûêΓûêΓûêΓûêΓûêΓûêΓûêΓûï| 4365/4500 [17:12<00:33,  4.07it/s]
 97%|ΓûêΓûêΓûêΓûêΓûêΓûêΓûêΓûêΓûêΓûï| 4366/4500 [17:12<00:33,  4.01it/s]
 97%|ΓûêΓûêΓûêΓûêΓûêΓûêΓûêΓûêΓûêΓûï| 4367/4500 [17:12<00:38,  3.46it/s]
 97%|ΓûêΓûêΓûêΓûêΓûêΓûêΓûêΓûêΓûêΓûï| 4368/4500 [17:13<00:41,  3.17it/s]
 97%|ΓûêΓûêΓûêΓûêΓûêΓûêΓûêΓûêΓûêΓûï| 4369/4500 [17:13<00:43,  3.01it/s]
 97%|ΓûêΓûêΓûêΓûêΓûêΓûêΓûêΓûêΓûêΓûï| 4370/4500 [17:13<00:39,  3.31it/s]
 97%|ΓûêΓûêΓûêΓûêΓûêΓûêΓûêΓûêΓûêΓûï| 4371/4500 [17:13<00:37,  3.45it/s]
 97%|ΓûêΓûêΓûêΓûêΓûêΓûêΓûêΓûêΓûêΓûï| 4372/4500 [17:14<00:36,  3.55it/s]
 97%|ΓûêΓûêΓûêΓûêΓûêΓûêΓûêΓûêΓûêΓûï| 4373/4500 [17:14<00:34,  3.71it/s]
 97%|ΓûêΓûêΓûêΓûêΓûêΓûêΓûêΓûêΓûêΓûï| 4374/4500 [17:14<00:33,  3.77it/s]
 97%|ΓûêΓûêΓûêΓûêΓûêΓûêΓûêΓûêΓûêΓûï| 4375/4500 [17:14<00:32,  3.79it/s]
 97%|ΓûêΓûêΓûêΓûêΓûêΓûêΓûêΓûêΓûêΓûï| 4376/4500 [17:15<00:31,  3.91it/s]
 97%|ΓûêΓûêΓûêΓûêΓûêΓûêΓûêΓûêΓûêΓûï| 4377/4500 [17:15<00:32,  3.83it/s]
 97%|ΓûêΓûêΓûêΓûêΓûêΓûêΓûêΓûêΓûêΓûï| 4378/4500 [17:15<00:31,  3.93it/s]
 97%|ΓûêΓûêΓûêΓûêΓûêΓûêΓûêΓûêΓûêΓûï| 4379/4500 [17:15<00:29,  4.04it/s]
 97%|ΓûêΓûêΓûêΓûêΓûêΓûêΓûêΓûêΓûêΓûï| 4380/4500 [17:16<00:29,  4.08it/s]
 97%|ΓûêΓûêΓûêΓûêΓûêΓûêΓûêΓûêΓûêΓûï| 4381/4500 [17:16<00:27,  4.25it/s]
 97%|ΓûêΓûêΓûêΓûêΓûêΓûêΓûêΓûêΓûêΓûï| 4382/4500 [17:16<00:27,  4.27it/s]
 97%|ΓûêΓûêΓûêΓûêΓûêΓûêΓûêΓûêΓûêΓûï| 4383/4500 [17:16<00:28,  4.13it/s]
 97%|ΓûêΓûêΓûêΓûêΓûêΓûêΓûêΓûêΓûêΓûï| 4384/4500 [17:17<00:28,  4.14it/s]
 97%|ΓûêΓûêΓûêΓûêΓûêΓûêΓûêΓûêΓûêΓûï| 4385/4500 [17:17<00:29,  3.95it/s]
 97%|ΓûêΓûêΓûêΓûêΓûêΓûêΓûêΓûêΓûêΓûï| 4386/4500 [17:17<00:28,  3.94it/s]
 97%|ΓûêΓûêΓûêΓûêΓûêΓûêΓûêΓûêΓûêΓûï| 4387/4500 [17:17<00:27,  4.12it/s]
 98%|ΓûêΓûêΓûêΓûêΓûêΓûêΓûêΓûêΓûêΓûè| 4388/4500 [17:18<00:27,  4.13it/s]
 98%|ΓûêΓûêΓûêΓûêΓûêΓûêΓûêΓûêΓûêΓûè| 4389/4500 [17:18<00:27,  4.09it/s]
 98%|ΓûêΓûêΓûêΓûêΓûêΓûêΓûêΓûêΓûêΓûè| 4390/4500 [17:18<00:29,  3.70it/s]
 98%|ΓûêΓûêΓûêΓûêΓûêΓûêΓûêΓûêΓûêΓûè| 4391/4500 [17:19<00:34,  3.16it/s]
 98%|ΓûêΓûêΓûêΓûêΓûêΓûêΓûêΓûêΓûêΓûè| 4392/4500 [17:19<00:37,  2.84it/s]
 98%|ΓûêΓûêΓûêΓûêΓûêΓûêΓûêΓûêΓûêΓûè| 4393/4500 [17:19<00:35,  2.99it/s]
 98%|ΓûêΓûêΓûêΓûêΓûêΓûêΓûêΓûêΓûêΓûè| 4394/4500 [17:20<00:32,  3.28it/s]
 98%|ΓûêΓûêΓûêΓûêΓûêΓûêΓûêΓûêΓûêΓûè| 4395/4500 [17:20<00:30,  3.43it/s]
 98%|ΓûêΓûêΓûêΓûêΓûêΓûêΓûêΓûêΓûêΓûè| 4396/4500 [17:20<00:29,  3.56it/s]
 98%|ΓûêΓûêΓûêΓûêΓûêΓûêΓûêΓûêΓûêΓûè| 4397/4500 [17:20<00:28,  3.63it/s]
 98%|ΓûêΓûêΓûêΓûêΓûêΓûêΓûêΓûêΓûêΓûè| 4398/4500 [17:21<00:27,  3.70it/s]
 98%|ΓûêΓûêΓûêΓûêΓûêΓûêΓûêΓûêΓûêΓûè| 4399/4500 [17:21<00:26,  3.80it/s]
 98%|ΓûêΓûêΓûêΓûêΓûêΓûêΓûêΓûêΓûêΓûè| 4400/4500 [17:21<00:25,  3.89it/s]
 98%|ΓûêΓûêΓûêΓûêΓûêΓûêΓûêΓûêΓûêΓûè| 4401/4500 [17:21<00:25,  3.87it/s]
 98%|ΓûêΓûêΓûêΓûêΓûêΓûêΓûêΓûêΓûêΓûè| 4402/4500 [17:22<00:25,  3.87it/s]
 98%|ΓûêΓûêΓûêΓûêΓûêΓûêΓûêΓûêΓûêΓûè| 4403/4500 [17:22<00:25,  3.87it/s]
 98%|ΓûêΓûêΓûêΓûêΓûêΓûêΓûêΓûêΓûêΓûè| 4404/4500 [17:22<00:24,  3.94it/s]
 98%|ΓûêΓûêΓûêΓûêΓûêΓûêΓûêΓûêΓûêΓûè| 4405/4500 [17:22<00:24,  3.90it/s]
 98%|ΓûêΓûêΓûêΓûêΓûêΓûêΓûêΓûêΓûêΓûè| 4406/4500 [17:23<00:24,  3.84it/s]
 98%|ΓûêΓûêΓûêΓûêΓûêΓûêΓûêΓûêΓûêΓûè| 4407/4500 [17:23<00:23,  3.95it/s]
 98%|ΓûêΓûêΓûêΓûêΓûêΓûêΓûêΓûêΓûêΓûè| 4408/4500 [17:23<00:23,  3.91it/s]
 98%|ΓûêΓûêΓûêΓûêΓûêΓûêΓûêΓûêΓûêΓûè| 4409/4500 [17:23<00:22,  3.98it/s]
 98%|ΓûêΓûêΓûêΓûêΓûêΓûêΓûêΓûêΓûêΓûè| 4410/4500 [17:24<00:22,  4.03it/s]
 98%|ΓûêΓûêΓûêΓûêΓûêΓûêΓûêΓûêΓûêΓûè| 4411/4500 [17:24<00:22,  4.00it/s]
 98%|ΓûêΓûêΓûêΓûêΓûêΓûêΓûêΓûêΓûêΓûè| 4412/4500 [17:24<00:22,  3.92it/s]
 98%|ΓûêΓûêΓûêΓûêΓûêΓûêΓûêΓûêΓûêΓûè| 4413/4500 [17:24<00:21,  4.05it/s]
 98%|ΓûêΓûêΓûêΓûêΓûêΓûêΓûêΓûêΓûêΓûè| 4414/4500 [17:25<00:23,  3.64it/s]
 98%|ΓûêΓûêΓûêΓûêΓûêΓûêΓûêΓûêΓûêΓûè| 4415/4500 [17:25<00:24,  3.42it/s]
 98%|ΓûêΓûêΓûêΓûêΓûêΓûêΓûêΓûêΓûêΓûè| 4416/4500 [17:25<00:24,  3.41it/s]
 98%|ΓûêΓûêΓûêΓûêΓûêΓûêΓûêΓûêΓûêΓûè| 4417/4500 [17:26<00:25,  3.31it/s]
 98%|ΓûêΓûêΓûêΓûêΓûêΓûêΓûêΓûêΓûêΓûè| 4418/4500 [17:26<00:26,  3.05it/s]
 98%|ΓûêΓûêΓûêΓûêΓûêΓûêΓûêΓûêΓûêΓûè| 4419/4500 [17:26<00:26,  3.06it/s]
 98%|ΓûêΓûêΓûêΓûêΓûêΓûêΓûêΓûêΓûêΓûè| 4420/4500 [17:27<00:26,  2.98it/s]
 98%|ΓûêΓûêΓûêΓûêΓûêΓûêΓûêΓûêΓûêΓûè| 4421/4500 [17:27<00:24,  3.18it/s]
 98%|ΓûêΓûêΓûêΓûêΓûêΓûêΓûêΓûêΓûêΓûè| 4422/4500 [17:27<00:24,  3.24it/s]
 98%|ΓûêΓûêΓûêΓûêΓûêΓûêΓûêΓûêΓûêΓûè| 4423/4500 [17:28<00:22,  3.41it/s]
 98%|ΓûêΓûêΓûêΓûêΓûêΓûêΓûêΓûêΓûêΓûè| 4424/4500 [17:28<00:21,  3.46it/s]
 98%|ΓûêΓûêΓûêΓûêΓûêΓûêΓûêΓûêΓûêΓûè| 4425/4500 [17:28<00:22,  3.27it/s]
 98%|ΓûêΓûêΓûêΓûêΓûêΓûêΓûêΓûêΓûêΓûè| 4426/4500 [17:28<00:21,  3.51it/s]
 98%|ΓûêΓûêΓûêΓûêΓûêΓûêΓûêΓûêΓûêΓûè| 4427/4500 [17:29<00:20,  3.62it/s]
 98%|ΓûêΓûêΓûêΓûêΓûêΓûêΓûêΓûêΓûêΓûè| 4428/4500 [17:29<00:19,  3.64it/s]
 98%|ΓûêΓûêΓûêΓûêΓûêΓûêΓûêΓûêΓûêΓûè| 4429/4500 [17:29<00:19,  3.73it/s]
 98%|ΓûêΓûêΓûêΓûêΓûêΓûêΓûêΓûêΓûêΓûè| 4430/4500 [17:29<00:19,  3.51it/s]
 98%|ΓûêΓûêΓûêΓûêΓûêΓûêΓûêΓûêΓûêΓûè| 4431/4500 [17:30<00:19,  3.50it/s]
 98%|ΓûêΓûêΓûêΓûêΓûêΓûêΓûêΓûêΓûêΓûè| 4432/4500 [17:30<00:18,  3.66it/s]
 99%|ΓûêΓûêΓûêΓûêΓûêΓûêΓûêΓûêΓûêΓûè| 4433/4500 [17:30<00:17,  3.77it/s]
 99%|ΓûêΓûêΓûêΓûêΓûêΓûêΓûêΓûêΓûêΓûè| 4434/4500 [17:31<00:17,  3.82it/s]
 99%|ΓûêΓûêΓûêΓûêΓûêΓûêΓûêΓûêΓûêΓûè| 4435/4500 [17:31<00:16,  3.90it/s]
 99%|ΓûêΓûêΓûêΓûêΓûêΓûêΓûêΓûêΓûêΓûè| 4436/4500 [17:31<00:16,  3.78it/s]
 99%|ΓûêΓûêΓûêΓûêΓûêΓûêΓûêΓûêΓûêΓûè| 4437/4500 [17:31<00:16,  3.84it/s]
 99%|ΓûêΓûêΓûêΓûêΓûêΓûêΓûêΓûêΓûêΓûè| 4438/4500 [17:32<00:15,  3.94it/s]
 99%|ΓûêΓûêΓûêΓûêΓûêΓûêΓûêΓûêΓûêΓûè| 4439/4500 [17:32<00:15,  4.06it/s]
 99%|ΓûêΓûêΓûêΓûêΓûêΓûêΓûêΓûêΓûêΓûè| 4440/4500 [17:32<00:14,  4.27it/s]
 99%|ΓûêΓûêΓûêΓûêΓûêΓûêΓûêΓûêΓûêΓûè| 4441/4500 [17:32<00:13,  4.26it/s]
 99%|ΓûêΓûêΓûêΓûêΓûêΓûêΓûêΓûêΓûêΓûè| 4442/4500 [17:32<00:13,  4.23it/s]
 99%|ΓûêΓûêΓûêΓûêΓûêΓûêΓûêΓûêΓûêΓûè| 4443/4500 [17:33<00:13,  4.15it/s]
 99%|ΓûêΓûêΓûêΓûêΓûêΓûêΓûêΓûêΓûêΓûë| 4444/4500 [17:33<00:13,  4.26it/s]
 99%|ΓûêΓûêΓûêΓûêΓûêΓûêΓûêΓûêΓûêΓûë| 4445/4500 [17:33<00:12,  4.45it/s]
 99%|ΓûêΓûêΓûêΓûêΓûêΓûêΓûêΓûêΓûêΓûë| 4446/4500 [17:33<00:12,  4.46it/s]
 99%|ΓûêΓûêΓûêΓûêΓûêΓûêΓûêΓûêΓûêΓûë| 4447/4500 [17:34<00:11,  4.53it/s]
 99%|ΓûêΓûêΓûêΓûêΓûêΓûêΓûêΓûêΓûêΓûë| 4448/4500 [17:34<00:11,  4.40it/s]
 99%|ΓûêΓûêΓûêΓûêΓûêΓûêΓûêΓûêΓûêΓûë| 4449/4500 [17:34<00:11,  4.35it/s]
 99%|ΓûêΓûêΓûêΓûêΓûêΓûêΓûêΓûêΓûêΓûë| 4450/4500 [17:34<00:11,  4.35it/s]
 99%|ΓûêΓûêΓûêΓûêΓûêΓûêΓûêΓûêΓûêΓûë| 4451/4500 [17:34<00:11,  4.40it/s]
 99%|ΓûêΓûêΓûêΓûêΓûêΓûêΓûêΓûêΓûêΓûë| 4452/4500 [17:35<00:10,  4.37it/s]
 99%|ΓûêΓûêΓûêΓûêΓûêΓûêΓûêΓûêΓûêΓûë| 4453/4500 [17:35<00:10,  4.35it/s]
 99%|ΓûêΓûêΓûêΓûêΓûêΓûêΓûêΓûêΓûêΓûë| 4454/4500 [17:35<00:10,  4.23it/s]
 99%|ΓûêΓûêΓûêΓûêΓûêΓûêΓûêΓûêΓûêΓûë| 4455/4500 [17:35<00:10,  4.30it/s]
 99%|ΓûêΓûêΓûêΓûêΓûêΓûêΓûêΓûêΓûêΓûë| 4456/4500 [17:36<00:10,  4.32it/s]
 99%|ΓûêΓûêΓûêΓûêΓûêΓûêΓûêΓûêΓûêΓûë| 4457/4500 [17:36<00:09,  4.40it/s]
 99%|ΓûêΓûêΓûêΓûêΓûêΓûêΓûêΓûêΓûêΓûë| 4458/4500 [17:36<00:09,  4.35it/s]
 99%|ΓûêΓûêΓûêΓûêΓûêΓûêΓûêΓûêΓûêΓûë| 4459/4500 [17:36<00:09,  4.33it/s]
 99%|ΓûêΓûêΓûêΓûêΓûêΓûêΓûêΓûêΓûêΓûë| 4460/4500 [17:37<00:09,  4.41it/s]
 99%|ΓûêΓûêΓûêΓûêΓûêΓûêΓûêΓûêΓûêΓûë| 4461/4500 [17:37<00:08,  4.37it/s]
 99%|ΓûêΓûêΓûêΓûêΓûêΓûêΓûêΓûêΓûêΓûë| 4462/4500 [17:37<00:08,  4.33it/s]
 99%|ΓûêΓûêΓûêΓûêΓûêΓûêΓûêΓûêΓûêΓûë| 4463/4500 [17:37<00:08,  4.28it/s]
 99%|ΓûêΓûêΓûêΓûêΓûêΓûêΓûêΓûêΓûêΓûë| 4464/4500 [17:37<00:08,  4.40it/s]
 99%|ΓûêΓûêΓûêΓûêΓûêΓûêΓûêΓûêΓûêΓûë| 4465/4500 [17:38<00:07,  4.49it/s]
 99%|ΓûêΓûêΓûêΓûêΓûêΓûêΓûêΓûêΓûêΓûë| 4466/4500 [17:38<00:07,  4.44it/s]
 99%|ΓûêΓûêΓûêΓûêΓûêΓûêΓûêΓûêΓûêΓûë| 4467/4500 [17:38<00:07,  4.39it/s]
 99%|ΓûêΓûêΓûêΓûêΓûêΓûêΓûêΓûêΓûêΓûë| 4468/4500 [17:38<00:07,  4.33it/s]
 99%|ΓûêΓûêΓûêΓûêΓûêΓûêΓûêΓûêΓûêΓûë| 4469/4500 [17:39<00:07,  4.30it/s]
 99%|ΓûêΓûêΓûêΓûêΓûêΓûêΓûêΓûêΓûêΓûë| 4470/4500 [17:39<00:06,  4.39it/s]
 99%|ΓûêΓûêΓûêΓûêΓûêΓûêΓûêΓûêΓûêΓûë| 4471/4500 [17:39<00:06,  4.48it/s]
 99%|ΓûêΓûêΓûêΓûêΓûêΓûêΓûêΓûêΓûêΓûë| 4472/4500 [17:39<00:06,  4.53it/s]
 99%|ΓûêΓûêΓûêΓûêΓûêΓûêΓûêΓûêΓûêΓûë| 4473/4500 [17:40<00:06,  4.44it/s]
 99%|ΓûêΓûêΓûêΓûêΓûêΓûêΓûêΓûêΓûêΓûë| 4474/4500 [17:40<00:05,  4.35it/s]
 99%|ΓûêΓûêΓûêΓûêΓûêΓûêΓûêΓûêΓûêΓûë| 4475/4500 [17:40<00:05,  4.22it/s]
 99%|ΓûêΓûêΓûêΓûêΓûêΓûêΓûêΓûêΓûêΓûë| 4476/4500 [17:40<00:05,  4.23it/s]
 99%|ΓûêΓûêΓûêΓûêΓûêΓûêΓûêΓûêΓûêΓûë| 4477/4500 [17:40<00:05,  4.27it/s]
100%|ΓûêΓûêΓûêΓûêΓûêΓûêΓûêΓûêΓûêΓûë| 4478/4500 [17:41<00:05,  4.27it/s]
100%|ΓûêΓûêΓûêΓûêΓûêΓûêΓûêΓûêΓûêΓûë| 4479/4500 [17:41<00:04,  4.24it/s]
100%|ΓûêΓûêΓûêΓûêΓûêΓûêΓûêΓûêΓûêΓûë| 4480/4500 [17:41<00:04,  4.30it/s]
100%|ΓûêΓûêΓûêΓûêΓûêΓûêΓûêΓûêΓûêΓûë| 4481/4500 [17:41<00:04,  4.29it/s]
100%|ΓûêΓûêΓûêΓûêΓûêΓûêΓûêΓûêΓûêΓûë| 4482/4500 [17:42<00:04,  4.31it/s]
100%|ΓûêΓûêΓûêΓûêΓûêΓûêΓûêΓûêΓûêΓûë| 4483/4500 [17:42<00:03,  4.25it/s]
100%|ΓûêΓûêΓûêΓûêΓûêΓûêΓûêΓûêΓûêΓûë| 4484/4500 [17:42<00:03,  4.24it/s]
100%|ΓûêΓûêΓûêΓûêΓûêΓûêΓûêΓûêΓûêΓûë| 4485/4500 [17:42<00:03,  4.32it/s]
100%|ΓûêΓûêΓûêΓûêΓûêΓûêΓûêΓûêΓûêΓûë| 4486/4500 [17:43<00:03,  4.31it/s]
100%|ΓûêΓûêΓûêΓûêΓûêΓûêΓûêΓûêΓûêΓûë| 4487/4500 [17:43<00:03,  4.28it/s]
100%|ΓûêΓûêΓûêΓûêΓûêΓûêΓûêΓûêΓûêΓûë| 4488/4500 [17:43<00:02,  4.19it/s]
100%|ΓûêΓûêΓûêΓûêΓûêΓûêΓûêΓûêΓûêΓûë| 4489/4500 [17:43<00:02,  4.06it/s]
100%|ΓûêΓûêΓûêΓûêΓûêΓûêΓûêΓûêΓûêΓûë| 4490/4500 [17:44<00:02,  4.12it/s]
100%|ΓûêΓûêΓûêΓûêΓûêΓûêΓûêΓûêΓûêΓûë| 4491/4500 [17:44<00:02,  4.05it/s]
100%|ΓûêΓûêΓûêΓûêΓûêΓûêΓûêΓûêΓûêΓûë| 4492/4500 [17:44<00:01,  4.09it/s]
100%|ΓûêΓûêΓûêΓûêΓûêΓûêΓûêΓûêΓûêΓûë| 4493/4500 [17:44<00:01,  4.18it/s]
100%|ΓûêΓûêΓûêΓûêΓûêΓûêΓûêΓûêΓûêΓûë| 4494/4500 [17:45<00:01,  4.21it/s]
100%|ΓûêΓûêΓûêΓûêΓûêΓûêΓûêΓûêΓûêΓûë| 4495/4500 [17:45<00:01,  4.43it/s]
100%|ΓûêΓûêΓûêΓûêΓûêΓûêΓûêΓûêΓûêΓûë| 4496/4500 [17:45<00:00,  4.38it/s]
100%|ΓûêΓûêΓûêΓûêΓûêΓûêΓûêΓûêΓûêΓûë| 4497/4500 [17:45<00:00,  4.21it/s]
100%|ΓûêΓûêΓûêΓûêΓûêΓûêΓûêΓûêΓûêΓûë| 4498/4500 [17:45<00:00,  4.27it/s]
100%|ΓûêΓûêΓûêΓûêΓûêΓûêΓûêΓûêΓûêΓûë| 4499/4500 [17:46<00:00,  4.31it/s]
100%|ΓûêΓûêΓûêΓûêΓûêΓûêΓûêΓûêΓûêΓûê| 4500/4500 [17:46<00:00,  4.32it/s]
100%|ΓûêΓûêΓûêΓûêΓûêΓûêΓûêΓûêΓûêΓûê| 4500/4500 [17:46<00:00,  4.22it/s]
{"run_dir": "C:\\Users\\jv624\\Desktop\\fsm_reliability\\outputs\\cstr_grounding\\20261002_040625_20261001_115207_qwen25-15b-instruct_v4_v31_r0", "status": {"ok": 4462, "not_eligible": 38}, "tf_agreement": 0.9649}
