python.exe : 
At C:\Users\jv624\Desktop\fsm_reliability\outputs\pipeline_detached.ps1:18 char:5
+     & $py @pyArgs 2>&1 | Out-File -Encoding utf8 "outputs\queue_$name ...
+     ~~~~~~~~~~~~~~~~~~
    + CategoryInfo          : NotSpecified: (:String) [], RemoteException
    + FullyQualifiedErrorId : NativeCommandError
 
Loading weights:   0%|          | 0/254 [00:00<?, ?it/s]
Loading weights:   0%|          | 1/254 [00:00<01:31,  2.76it/s]
Loading weights:   8%|Γûè         | 21/254 [00:00<00:04, 57.67it/s]
Loading weights:  14%|ΓûêΓûì        | 36/254 [00:00<00:02, 83.59it/s]
Loading weights:  20%|ΓûêΓûë        | 50/254 [00:00<00:02, 98.30it/s]
Loading weights:  26%|ΓûêΓûêΓûï       | 67/254 [00:00<00:01, 117.35it/s]
Loading weights:  32%|ΓûêΓûêΓûêΓûÅ      | 82/254 [00:00<00:01, 105.69it/s]
Loading weights:  37%|ΓûêΓûêΓûêΓûï      | 95/254 [00:01<00:01, 92.32it/s] 
Loading weights:  42%|ΓûêΓûêΓûêΓûêΓûÅ     | 106/254 [00:01<00:01, 89.33it/s]
Loading weights:  46%|ΓûêΓûêΓûêΓûêΓûî     | 117/254 [00:01<00:01, 92.38it/s]
Loading weights:  50%|ΓûêΓûêΓûêΓûêΓûê     | 127/254 [00:01<00:01, 87.45it/s]
Loading weights:  54%|ΓûêΓûêΓûêΓûêΓûêΓûì    | 137/254 [00:01<00:01, 89.72it/s]
Loading weights:  58%|ΓûêΓûêΓûêΓûêΓûêΓûè    | 147/254 [00:01<00:01, 87.35it/s]
Loading weights:  62%|ΓûêΓûêΓûêΓûêΓûêΓûêΓûÅ   | 157/254 [00:01<00:01, 84.75it/s]
Loading weights:  65%|ΓûêΓûêΓûêΓûêΓûêΓûêΓûî   | 166/254 [00:01<00:01, 84.92it/s]
Loading weights:  69%|ΓûêΓûêΓûêΓûêΓûêΓûêΓûë   | 176/254 [00:02<00:00, 84.59it/s]
Loading weights:  74%|ΓûêΓûêΓûêΓûêΓûêΓûêΓûêΓûì  | 188/254 [00:02<00:00, 93.34it/s]
Loading weights:  79%|ΓûêΓûêΓûêΓûêΓûêΓûêΓûêΓûë  | 201/254 [00:02<00:00, 98.42it/s]
Loading weights:  83%|ΓûêΓûêΓûêΓûêΓûêΓûêΓûêΓûêΓûÄ | 211/254 [00:02<00:00, 97.65it/s]
Loading weights:  87%|ΓûêΓûêΓûêΓûêΓûêΓûêΓûêΓûêΓûï | 221/254 [00:02<00:00, 98.08it/s]
Loading weights:  92%|ΓûêΓûêΓûêΓûêΓûêΓûêΓûêΓûêΓûêΓûÅ| 234/254 [00:02<00:00, 106.13it/s]
Loading weights:  97%|ΓûêΓûêΓûêΓûêΓûêΓûêΓûêΓûêΓûêΓûï| 246/254 [00:02<00:00, 109.21it/s]
Loading weights: 100%|ΓûêΓûêΓûêΓûêΓûêΓûêΓûêΓûêΓûêΓûê| 254/254 [00:02<00:00, 91.42it/s] 

  0%|          | 0/3000 [00:00<?, ?it/s][transformers] Ignoring clean_up_tokenization_spaces=True for BPE tokenizer 
TokenizersBackend. The clean_up_tokenization post-processing step is designed for WordPiece tokenizers and is 
destructive for BPE (it strips spaces before punctuation). Set clean_up_tokenization_spaces=False to suppress this 
warning, or set clean_up_tokenization_spaces_for_bpe_even_though_it_will_corrupt_output=True to force cleanup anyway.

  0%|          | 1/3000 [00:02<2:18:10,  2.76s/it]
  0%|          | 2/3000 [00:04<1:36:42,  1.94s/it]
  0%|          | 3/3000 [00:06<1:38:28,  1.97s/it]
  0%|          | 4/3000 [00:07<1:29:52,  1.80s/it]
  0%|          | 5/3000 [00:08<1:13:53,  1.48s/it]
  0%|          | 6/3000 [00:09<1:01:27,  1.23s/it]
  0%|          | 7/3000 [00:11<1:12:19,  1.45s/it]
  0%|          | 8/3000 [00:11<59:45,  1.20s/it]  
  0%|          | 9/3000 [00:13<1:01:40,  1.24s/it]
  0%|          | 10/3000 [00:13<53:53,  1.08s/it] 
  0%|          | 11/3000 [00:14<50:33,  1.01s/it]
  0%|          | 12/3000 [00:16<56:16,  1.13s/it]
  0%|          | 13/3000 [00:17<51:18,  1.03s/it]
  0%|          | 14/3000 [00:17<50:39,  1.02s/it]
  0%|          | 15/3000 [00:19<55:09,  1.11s/it]
  1%|          | 16/3000 [00:20<55:23,  1.11s/it]
  1%|          | 17/3000 [00:21<55:26,  1.12s/it]
  1%|          | 18/3000 [00:23<1:02:18,  1.25s/it]
  1%|          | 19/3000 [00:24<1:06:36,  1.34s/it]
  1%|          | 20/3000 [00:25<57:15,  1.15s/it]  
  1%|          | 21/3000 [00:26<50:55,  1.03s/it]
  1%|          | 22/3000 [00:27<50:22,  1.01s/it]
  1%|          | 23/3000 [00:28<48:30,  1.02it/s]
  1%|          | 24/3000 [00:28<43:58,  1.13it/s]
  1%|          | 25/3000 [00:29<43:44,  1.13it/s]
  1%|          | 26/3000 [00:30<41:07,  1.21it/s]
  1%|          | 27/3000 [00:31<48:10,  1.03it/s]
  1%|          | 28/3000 [00:32<46:50,  1.06it/s]
  1%|          | 29/3000 [00:33<54:51,  1.11s/it]
  1%|          | 30/3000 [00:34<51:26,  1.04s/it]
  1%|          | 31/3000 [00:35<50:38,  1.02s/it]
  1%|          | 32/3000 [00:36<43:25,  1.14it/s]
  1%|          | 33/3000 [00:37<45:47,  1.08it/s]
  1%|          | 34/3000 [00:38<49:31,  1.00s/it]
  1%|          | 35/3000 [00:40<1:00:30,  1.22s/it]
  1%|          | 36/3000 [00:41<59:05,  1.20s/it]  
  1%|          | 37/3000 [00:42<51:25,  1.04s/it]
  1%|ΓûÅ         | 38/3000 [00:43<57:42,  1.17s/it]
  1%|ΓûÅ         | 39/3000 [00:44<50:36,  1.03s/it]
  1%|ΓûÅ         | 40/3000 [00:45<55:23,  1.12s/it]
  1%|ΓûÅ         | 41/3000 [00:46<58:46,  1.19s/it]
  1%|ΓûÅ         | 42/3000 [00:47<53:35,  1.09s/it]
  1%|ΓûÅ         | 43/3000 [00:49<56:52,  1.15s/it]
  1%|ΓûÅ         | 44/3000 [00:50<1:01:44,  1.25s/it]
  2%|ΓûÅ         | 45/3000 [00:51<1:02:12,  1.26s/it]
  2%|ΓûÅ         | 46/3000 [00:52<56:12,  1.14s/it]  
  2%|ΓûÅ         | 47/3000 [00:53<51:16,  1.04s/it]
  2%|ΓûÅ         | 48/3000 [00:54<52:17,  1.06s/it]
  2%|ΓûÅ         | 49/3000 [00:55<47:35,  1.03it/s]
  2%|ΓûÅ         | 50/3000 [00:56<47:11,  1.04it/s]
  2%|ΓûÅ         | 51/3000 [00:57<46:33,  1.06it/s]
  2%|ΓûÅ         | 52/3000 [00:58<50:34,  1.03s/it]
  2%|ΓûÅ         | 53/3000 [00:59<52:25,  1.07s/it]
  2%|ΓûÅ         | 54/3000 [01:00<53:32,  1.09s/it]
  2%|ΓûÅ         | 55/3000 [01:01<49:01,  1.00it/s]
  2%|ΓûÅ         | 56/3000 [01:02<44:32,  1.10it/s]
  2%|ΓûÅ         | 57/3000 [01:02<39:28,  1.24it/s]
  2%|ΓûÅ         | 58/3000 [01:03<40:52,  1.20it/s]
  2%|ΓûÅ         | 59/3000 [01:04<39:47,  1.23it/s]
  2%|ΓûÅ         | 60/3000 [01:05<36:03,  1.36it/s]
  2%|ΓûÅ         | 61/3000 [01:05<36:24,  1.35it/s]
  2%|ΓûÅ         | 62/3000 [01:07<45:41,  1.07it/s]
  2%|ΓûÅ         | 63/3000 [01:08<48:31,  1.01it/s]
  2%|ΓûÅ         | 64/3000 [01:09<49:39,  1.01s/it]
  2%|ΓûÅ         | 65/3000 [01:10<55:12,  1.13s/it]
  2%|ΓûÅ         | 66/3000 [01:11<54:52,  1.12s/it]
  2%|ΓûÅ         | 67/3000 [01:13<1:00:30,  1.24s/it]
  2%|ΓûÅ         | 68/3000 [01:14<55:11,  1.13s/it]  
  2%|ΓûÅ         | 69/3000 [01:14<48:38,  1.00it/s]
  2%|ΓûÅ         | 70/3000 [01:16<51:37,  1.06s/it]
  2%|ΓûÅ         | 71/3000 [01:17<49:03,  1.01s/it]
  2%|ΓûÅ         | 72/3000 [01:17<42:06,  1.16it/s]
  2%|ΓûÅ         | 73/3000 [01:18<49:23,  1.01s/it]
  2%|ΓûÅ         | 74/3000 [01:21<1:07:48,  1.39s/it]
  2%|ΓûÄ         | 75/3000 [01:22<1:00:49,  1.25s/it]
  3%|ΓûÄ         | 76/3000 [01:22<52:59,  1.09s/it]  
  3%|ΓûÄ         | 77/3000 [01:24<54:07,  1.11s/it]
  3%|ΓûÄ         | 78/3000 [01:24<47:57,  1.02it/s]
  3%|ΓûÄ         | 79/3000 [01:25<48:26,  1.01it/s]
  3%|ΓûÄ         | 80/3000 [01:27<57:49,  1.19s/it]
  3%|ΓûÄ         | 81/3000 [01:28<1:01:47,  1.27s/it]
  3%|ΓûÄ         | 82/3000 [01:29<56:22,  1.16s/it]  
  3%|ΓûÄ         | 83/3000 [01:30<50:43,  1.04s/it]
  3%|ΓûÄ         | 84/3000 [01:31<53:41,  1.10s/it]
  3%|ΓûÄ         | 85/3000 [01:32<47:47,  1.02it/s]
  3%|ΓûÄ         | 86/3000 [01:33<51:11,  1.05s/it]
  3%|ΓûÄ         | 87/3000 [01:34<42:46,  1.14it/s]
  3%|ΓûÄ         | 88/3000 [01:34<41:24,  1.17it/s]
  3%|ΓûÄ         | 89/3000 [01:36<45:24,  1.07it/s]
  3%|ΓûÄ         | 90/3000 [01:36<45:35,  1.06it/s]
  3%|ΓûÄ         | 91/3000 [01:37<43:31,  1.11it/s]
  3%|ΓûÄ         | 92/3000 [01:38<43:52,  1.10it/s]
  3%|ΓûÄ         | 93/3000 [01:39<44:50,  1.08it/s]
  3%|ΓûÄ         | 94/3000 [01:40<40:53,  1.18it/s]
  3%|ΓûÄ         | 95/3000 [01:42<52:38,  1.09s/it]
  3%|ΓûÄ         | 96/3000 [01:42<47:05,  1.03it/s]
  3%|ΓûÄ         | 97/3000 [01:43<48:43,  1.01s/it]
  3%|ΓûÄ         | 98/3000 [01:44<40:57,  1.18it/s]
  3%|ΓûÄ         | 99/3000 [01:45<42:08,  1.15it/s]
  3%|ΓûÄ         | 100/3000 [01:46<43:10,  1.12it/s]
  3%|ΓûÄ         | 101/3000 [01:46<40:17,  1.20it/s]
  3%|ΓûÄ         | 102/3000 [01:48<47:46,  1.01it/s]
  3%|ΓûÄ         | 103/3000 [01:49<59:03,  1.22s/it]
  3%|ΓûÄ         | 104/3000 [01:50<54:37,  1.13s/it]
  4%|ΓûÄ         | 105/3000 [01:51<53:11,  1.10s/it]
  4%|ΓûÄ         | 106/3000 [01:52<49:34,  1.03s/it]
  4%|ΓûÄ         | 107/3000 [01:53<47:02,  1.03it/s]
  4%|ΓûÄ         | 108/3000 [01:54<42:49,  1.13it/s]
  4%|ΓûÄ         | 109/3000 [01:55<53:56,  1.12s/it]
  4%|ΓûÄ         | 110/3000 [01:56<50:05,  1.04s/it]
  4%|ΓûÄ         | 111/3000 [01:57<50:29,  1.05s/it]
  4%|ΓûÄ         | 112/3000 [01:58<47:22,  1.02it/s]
  4%|Γûì         | 113/3000 [02:00<51:45,  1.08s/it]
  4%|Γûì         | 114/3000 [02:00<46:18,  1.04it/s]
  4%|Γûì         | 115/3000 [02:02<1:04:27,  1.34s/it]
  4%|Γûì         | 116/3000 [02:04<1:06:59,  1.39s/it]
  4%|Γûì         | 117/3000 [02:06<1:10:15,  1.46s/it]
  4%|Γûì         | 118/3000 [02:07<1:12:16,  1.50s/it]
  4%|Γûì         | 119/3000 [02:08<1:00:26,  1.26s/it]
  4%|Γûì         | 120/3000 [02:09<54:27,  1.13s/it]  
  4%|Γûì         | 121/3000 [02:09<48:42,  1.02s/it]
  4%|Γûì         | 122/3000 [02:10<46:39,  1.03it/s]
  4%|Γûì         | 123/3000 [02:11<44:31,  1.08it/s]
  4%|Γûì         | 124/3000 [02:12<39:52,  1.20it/s]
  4%|Γûì         | 125/3000 [02:13<51:07,  1.07s/it]
  4%|Γûì         | 126/3000 [02:14<45:45,  1.05it/s]
  4%|Γûì         | 127/3000 [02:15<50:14,  1.05s/it]
  4%|Γûì         | 128/3000 [02:16<49:37,  1.04s/it]
  4%|Γûì         | 129/3000 [02:17<48:17,  1.01s/it]
  4%|Γûì         | 130/3000 [02:18<41:35,  1.15it/s]
  4%|Γûì         | 131/3000 [02:19<43:40,  1.09it/s]
  4%|Γûì         | 132/3000 [02:20<42:30,  1.12it/s]
  4%|Γûì         | 133/3000 [02:20<41:34,  1.15it/s]
  4%|Γûì         | 134/3000 [02:21<42:48,  1.12it/s]
  4%|Γûì         | 135/3000 [02:23<46:25,  1.03it/s]
  5%|Γûì         | 136/3000 [02:24<49:05,  1.03s/it]
  5%|Γûì         | 137/3000 [02:25<48:44,  1.02s/it]
  5%|Γûì         | 138/3000 [02:26<50:37,  1.06s/it]
  5%|Γûì         | 139/3000 [02:27<45:02,  1.06it/s]
  5%|Γûì         | 140/3000 [02:27<40:43,  1.17it/s]
  5%|Γûì         | 141/3000 [02:28<37:29,  1.27it/s]
  5%|Γûì         | 142/3000 [02:29<45:30,  1.05it/s]
  5%|Γûì         | 143/3000 [02:31<50:26,  1.06s/it]
  5%|Γûì         | 144/3000 [02:32<53:51,  1.13s/it]
  5%|Γûì         | 145/3000 [02:33<50:07,  1.05s/it]
  5%|Γûì         | 146/3000 [02:34<49:37,  1.04s/it]
  5%|Γûì         | 147/3000 [02:35<51:21,  1.08s/it]
  5%|Γûì         | 148/3000 [02:36<49:25,  1.04s/it]
  5%|Γûì         | 149/3000 [02:37<50:13,  1.06s/it]
  5%|Γûî         | 150/3000 [02:38<47:31,  1.00s/it]
  5%|Γûî         | 151/3000 [02:38<42:45,  1.11it/s]
  5%|Γûî         | 152/3000 [02:39<39:08,  1.21it/s]
  5%|Γûî         | 153/3000 [02:40<39:37,  1.20it/s]
  5%|Γûî         | 154/3000 [02:41<38:19,  1.24it/s]
  5%|Γûî         | 155/3000 [02:42<43:04,  1.10it/s]
  5%|Γûî         | 156/3000 [02:43<41:42,  1.14it/s]
  5%|Γûî         | 157/3000 [02:44<49:41,  1.05s/it]
  5%|Γûî         | 158/3000 [02:45<50:54,  1.07s/it]
  5%|Γûî         | 159/3000 [02:47<57:34,  1.22s/it]
  5%|Γûî         | 160/3000 [02:48<57:07,  1.21s/it]
  5%|Γûî         | 161/3000 [02:49<51:22,  1.09s/it]
  5%|Γûî         | 162/3000 [02:50<50:42,  1.07s/it]
  5%|Γûî         | 163/3000 [02:51<53:05,  1.12s/it]
  5%|Γûî         | 164/3000 [02:53<1:06:52,  1.41s/it]
  6%|Γûî         | 165/3000 [02:55<1:12:00,  1.52s/it]
  6%|Γûî         | 166/3000 [02:57<1:13:19,  1.55s/it]
  6%|Γûî         | 167/3000 [02:58<1:14:46,  1.58s/it]
  6%|Γûî         | 168/3000 [02:59<1:02:34,  1.33s/it]
  6%|Γûî         | 169/3000 [03:00<53:51,  1.14s/it]  
  6%|Γûî         | 170/3000 [03:01<56:16,  1.19s/it]
  6%|Γûî         | 171/3000 [03:02<53:24,  1.13s/it]
  6%|Γûî         | 172/3000 [03:04<1:05:13,  1.38s/it]
  6%|Γûî         | 173/3000 [03:05<1:01:08,  1.30s/it]
  6%|Γûî         | 174/3000 [03:06<50:32,  1.07s/it]  
  6%|Γûî         | 175/3000 [03:06<48:30,  1.03s/it]
  6%|Γûî         | 176/3000 [03:07<43:28,  1.08it/s]
  6%|Γûî         | 177/3000 [03:08<43:35,  1.08it/s]
  6%|Γûî         | 178/3000 [03:09<45:14,  1.04it/s]
  6%|Γûî         | 179/3000 [03:14<1:40:20,  2.13s/it]
  6%|Γûî         | 180/3000 [03:15<1:20:08,  1.71s/it]
  6%|Γûî         | 181/3000 [03:15<1:05:52,  1.40s/it]
  6%|Γûî         | 182/3000 [03:16<53:56,  1.15s/it]  
  6%|Γûî         | 183/3000 [03:17<57:47,  1.23s/it]
  6%|Γûî         | 184/3000 [03:18<50:52,  1.08s/it]
  6%|Γûî         | 185/3000 [03:19<46:24,  1.01it/s]
  6%|Γûî         | 186/3000 [03:20<44:29,  1.05it/s]
  6%|Γûî         | 187/3000 [03:21<44:11,  1.06it/s]
  6%|Γûï         | 188/3000 [03:22<54:08,  1.16s/it]
  6%|Γûï         | 189/3000 [03:23<53:33,  1.14s/it]
  6%|Γûï         | 190/3000 [03:24<49:40,  1.06s/it]
  6%|Γûï         | 191/3000 [03:25<45:32,  1.03it/s]
  6%|Γûï         | 192/3000 [03:27<53:31,  1.14s/it]
  6%|Γûï         | 193/3000 [03:28<52:05,  1.11s/it]
  6%|Γûï         | 194/3000 [03:29<50:16,  1.08s/it]
  6%|Γûï         | 195/3000 [03:29<43:43,  1.07it/s]
  7%|Γûï         | 196/3000 [03:30<41:39,  1.12it/s]
  7%|Γûï         | 197/3000 [03:31<38:23,  1.22it/s]
  7%|Γûï         | 198/3000 [03:32<38:34,  1.21it/s]
  7%|Γûï         | 199/3000 [03:33<40:36,  1.15it/s]
  7%|Γûï         | 200/3000 [03:35<57:00,  1.22s/it]
  7%|Γûï         | 201/3000 [03:35<51:38,  1.11s/it]
  7%|Γûï         | 202/3000 [03:36<51:09,  1.10s/it]
  7%|Γûï         | 203/3000 [03:37<50:04,  1.07s/it]
  7%|Γûï         | 204/3000 [03:39<50:40,  1.09s/it]
  7%|Γûï         | 205/3000 [03:40<1:00:19,  1.29s/it]
  7%|Γûï         | 206/3000 [03:41<56:35,  1.22s/it]  
  7%|Γûï         | 207/3000 [03:43<55:50,  1.20s/it]
  7%|Γûï         | 208/3000 [03:44<1:04:08,  1.38s/it]
  7%|Γûï         | 209/3000 [03:46<1:01:41,  1.33s/it]
  7%|Γûï         | 210/3000 [03:46<52:54,  1.14s/it]  
  7%|Γûï         | 211/3000 [03:47<49:36,  1.07s/it]
  7%|Γûï         | 212/3000 [03:48<49:37,  1.07s/it]
  7%|Γûï         | 213/3000 [03:49<48:10,  1.04s/it]
  7%|Γûï         | 214/3000 [03:50<48:55,  1.05s/it]
  7%|Γûï         | 215/3000 [03:51<49:17,  1.06s/it]
  7%|Γûï         | 216/3000 [03:52<41:58,  1.11it/s]
  7%|Γûï         | 217/3000 [03:53<41:06,  1.13it/s]
  7%|Γûï         | 218/3000 [03:54<45:46,  1.01it/s]
  7%|Γûï         | 219/3000 [03:55<42:39,  1.09it/s]
  7%|Γûï         | 220/3000 [03:55<37:48,  1.23it/s]
  7%|Γûï         | 221/3000 [03:57<44:08,  1.05it/s]
  7%|Γûï         | 222/3000 [03:57<40:52,  1.13it/s]
  7%|Γûï         | 223/3000 [03:59<46:54,  1.01s/it]
  7%|Γûï         | 224/3000 [04:00<54:53,  1.19s/it]
  8%|Γûè         | 225/3000 [04:01<48:06,  1.04s/it]
  8%|Γûè         | 226/3000 [04:02<43:20,  1.07it/s]
  8%|Γûè         | 227/3000 [04:02<41:55,  1.10it/s]
  8%|Γûè         | 228/3000 [04:03<38:58,  1.19it/s]
  8%|Γûè         | 229/3000 [04:04<34:49,  1.33it/s]
  8%|Γûè         | 230/3000 [04:05<45:01,  1.03it/s]
  8%|Γûè         | 231/3000 [04:07<51:11,  1.11s/it]
  8%|Γûè         | 232/3000 [04:08<50:03,  1.09s/it]
  8%|Γûè         | 233/3000 [04:09<47:55,  1.04s/it]
  8%|Γûè         | 234/3000 [04:10<57:17,  1.24s/it]
  8%|Γûè         | 235/3000 [04:11<54:03,  1.17s/it]
  8%|Γûè         | 236/3000 [04:12<50:13,  1.09s/it]
  8%|Γûè         | 237/3000 [04:13<43:32,  1.06it/s]
  8%|Γûè         | 238/3000 [04:14<42:29,  1.08it/s]
  8%|Γûè         | 239/3000 [04:15<44:19,  1.04it/s]
  8%|Γûè         | 240/3000 [04:16<49:12,  1.07s/it]
  8%|Γûè         | 241/3000 [04:17<43:35,  1.05it/s]
  8%|Γûè         | 242/3000 [04:18<52:53,  1.15s/it]
  8%|Γûè         | 243/3000 [04:19<51:23,  1.12s/it]
  8%|Γûè         | 244/3000 [04:20<47:46,  1.04s/it]
  8%|Γûè         | 245/3000 [04:21<46:18,  1.01s/it]
  8%|Γûè         | 246/3000 [04:22<40:44,  1.13it/s]
  8%|Γûè         | 247/3000 [04:23<38:56,  1.18it/s]
  8%|Γûè         | 248/3000 [04:24<45:19,  1.01it/s]
  8%|Γûè         | 249/3000 [04:25<46:05,  1.01s/it]
  8%|Γûè         | 250/3000 [04:26<42:30,  1.08it/s]
  8%|Γûè         | 251/3000 [04:27<48:33,  1.06s/it]
  8%|Γûè         | 252/3000 [04:28<46:49,  1.02s/it]
  8%|Γûè         | 253/3000 [04:29<44:48,  1.02it/s]
  8%|Γûè         | 254/3000 [04:30<48:56,  1.07s/it]
  8%|Γûè         | 255/3000 [04:31<46:37,  1.02s/it]
  9%|Γûè         | 256/3000 [04:32<43:04,  1.06it/s]
  9%|Γûè         | 257/3000 [04:32<39:48,  1.15it/s]
  9%|Γûè         | 258/3000 [04:33<36:43,  1.24it/s]
  9%|Γûè         | 259/3000 [04:34<34:00,  1.34it/s]
  9%|Γûè         | 260/3000 [04:35<35:00,  1.30it/s]
  9%|Γûè         | 261/3000 [04:36<37:54,  1.20it/s]
  9%|Γûè         | 262/3000 [04:36<39:07,  1.17it/s]
  9%|Γûë         | 263/3000 [04:37<40:59,  1.11it/s]
  9%|Γûë         | 264/3000 [04:38<41:48,  1.09it/s]
  9%|Γûë         | 265/3000 [04:40<55:34,  1.22s/it]
  9%|Γûë         | 266/3000 [04:41<53:42,  1.18s/it]
  9%|Γûë         | 267/3000 [04:42<45:59,  1.01s/it]
  9%|Γûë         | 268/3000 [04:43<42:29,  1.07it/s]
  9%|Γûë         | 269/3000 [04:44<39:47,  1.14it/s]
  9%|Γûë         | 270/3000 [04:44<35:34,  1.28it/s]
  9%|Γûë         | 271/3000 [04:45<36:32,  1.24it/s]
  9%|Γûë         | 272/3000 [04:46<36:49,  1.23it/s]
  9%|Γûë         | 273/3000 [04:47<35:47,  1.27it/s]
  9%|Γûë         | 274/3000 [04:47<34:16,  1.33it/s]
  9%|Γûë         | 275/3000 [04:49<42:58,  1.06it/s]
  9%|Γûë         | 276/3000 [04:50<46:47,  1.03s/it]
  9%|Γûë         | 277/3000 [04:51<44:50,  1.01it/s]
  9%|Γûë         | 278/3000 [04:52<43:15,  1.05it/s]
  9%|Γûë         | 279/3000 [04:53<46:03,  1.02s/it]
  9%|Γûë         | 280/3000 [04:54<52:28,  1.16s/it]
  9%|Γûë         | 281/3000 [04:55<46:29,  1.03s/it]
  9%|Γûë         | 282/3000 [04:55<39:46,  1.14it/s]
  9%|Γûë         | 283/3000 [04:56<36:51,  1.23it/s]
  9%|Γûë         | 284/3000 [04:57<35:56,  1.26it/s]
 10%|Γûë         | 285/3000 [04:57<33:05,  1.37it/s]
 10%|Γûë         | 286/3000 [04:59<38:03,  1.19it/s]
 10%|Γûë         | 287/3000 [05:00<41:06,  1.10it/s]
 10%|Γûë         | 288/3000 [05:00<37:05,  1.22it/s]
 10%|Γûë         | 289/3000 [05:01<36:47,  1.23it/s]
 10%|Γûë         | 290/3000 [05:02<41:30,  1.09it/s]
 10%|Γûë         | 291/3000 [05:03<38:27,  1.17it/s]
 10%|Γûë         | 292/3000 [05:04<37:46,  1.19it/s]
 10%|Γûë         | 293/3000 [05:05<43:57,  1.03it/s]
 10%|Γûë         | 294/3000 [05:06<44:56,  1.00it/s]
 10%|Γûë         | 295/3000 [05:07<42:46,  1.05it/s]
 10%|Γûë         | 296/3000 [05:08<41:03,  1.10it/s]
 10%|Γûë         | 297/3000 [05:09<42:11,  1.07it/s]
 10%|Γûë         | 298/3000 [05:10<46:26,  1.03s/it]
 10%|Γûë         | 299/3000 [05:11<45:19,  1.01s/it]
 10%|Γûê         | 300/3000 [05:12<48:39,  1.08s/it]
 10%|Γûê         | 301/3000 [05:13<43:35,  1.03it/s]
 10%|Γûê         | 302/3000 [05:15<58:16,  1.30s/it]
 10%|Γûê         | 303/3000 [05:17<1:07:29,  1.50s/it]
 10%|Γûê         | 304/3000 [05:18<56:16,  1.25s/it]  
 10%|Γûê         | 305/3000 [05:20<1:06:46,  1.49s/it]
 10%|Γûê         | 306/3000 [05:20<53:55,  1.20s/it]  
 10%|Γûê         | 307/3000 [05:21<50:32,  1.13s/it]
 10%|Γûê         | 308/3000 [05:22<44:29,  1.01it/s]
 10%|Γûê         | 309/3000 [05:23<43:05,  1.04it/s]
 10%|Γûê         | 310/3000 [05:23<39:34,  1.13it/s]
 10%|Γûê         | 311/3000 [05:24<38:33,  1.16it/s]
 10%|Γûê         | 312/3000 [05:25<37:13,  1.20it/s]
 10%|Γûê         | 313/3000 [05:26<42:31,  1.05it/s]
 10%|Γûê         | 314/3000 [05:27<38:48,  1.15it/s]
 10%|Γûê         | 315/3000 [05:28<38:32,  1.16it/s]
 11%|Γûê         | 316/3000 [05:28<37:27,  1.19it/s]
 11%|Γûê         | 317/3000 [05:29<33:59,  1.32it/s]
 11%|Γûê         | 318/3000 [05:30<42:11,  1.06it/s]
 11%|Γûê         | 319/3000 [05:31<41:08,  1.09it/s]
 11%|Γûê         | 320/3000 [05:32<36:06,  1.24it/s]
 11%|Γûê         | 321/3000 [05:33<42:12,  1.06it/s]
 11%|Γûê         | 322/3000 [05:34<40:29,  1.10it/s]
 11%|Γûê         | 323/3000 [05:35<42:02,  1.06it/s]
 11%|Γûê         | 324/3000 [05:36<44:58,  1.01s/it]
 11%|Γûê         | 325/3000 [05:37<38:44,  1.15it/s]
 11%|Γûê         | 326/3000 [05:38<39:50,  1.12it/s]
 11%|Γûê         | 327/3000 [05:38<38:55,  1.14it/s]
 11%|Γûê         | 328/3000 [05:39<39:06,  1.14it/s]
 11%|Γûê         | 329/3000 [05:40<40:39,  1.09it/s]
 11%|Γûê         | 330/3000 [05:41<39:57,  1.11it/s]
 11%|Γûê         | 331/3000 [05:42<43:29,  1.02it/s]
 11%|Γûê         | 332/3000 [05:43<39:48,  1.12it/s]
 11%|Γûê         | 333/3000 [05:44<35:09,  1.26it/s]
 11%|Γûê         | 334/3000 [05:45<42:42,  1.04it/s]
 11%|Γûê         | 335/3000 [05:46<42:41,  1.04it/s]
 11%|Γûê         | 336/3000 [05:46<36:55,  1.20it/s]
 11%|Γûê         | 337/3000 [05:47<38:01,  1.17it/s]
 11%|ΓûêΓûÅ        | 338/3000 [05:49<43:18,  1.02it/s]
 11%|ΓûêΓûÅ        | 339/3000 [05:50<45:21,  1.02s/it]
 11%|ΓûêΓûÅ        | 340/3000 [05:51<47:49,  1.08s/it]
 11%|ΓûêΓûÅ        | 341/3000 [05:52<42:42,  1.04it/s]
 11%|ΓûêΓûÅ        | 342/3000 [05:53<43:20,  1.02it/s]
 11%|ΓûêΓûÅ        | 343/3000 [05:53<40:51,  1.08it/s]
 11%|ΓûêΓûÅ        | 344/3000 [05:54<41:40,  1.06it/s]
 12%|ΓûêΓûÅ        | 345/3000 [05:55<41:24,  1.07it/s]
 12%|ΓûêΓûÅ        | 346/3000 [05:56<43:39,  1.01it/s]
 12%|ΓûêΓûÅ        | 347/3000 [05:57<37:17,  1.19it/s]
 12%|ΓûêΓûÅ        | 348/3000 [05:59<51:45,  1.17s/it]
 12%|ΓûêΓûÅ        | 349/3000 [06:00<45:47,  1.04s/it]
 12%|ΓûêΓûÅ        | 350/3000 [06:00<42:25,  1.04it/s]
 12%|ΓûêΓûÅ        | 351/3000 [06:01<35:50,  1.23it/s]
 12%|ΓûêΓûÅ        | 352/3000 [06:02<39:08,  1.13it/s]
 12%|ΓûêΓûÅ        | 353/3000 [06:03<34:56,  1.26it/s]
 12%|ΓûêΓûÅ        | 354/3000 [06:03<36:15,  1.22it/s]
 12%|ΓûêΓûÅ        | 355/3000 [06:04<31:32,  1.40it/s]
 12%|ΓûêΓûÅ        | 356/3000 [06:04<28:20,  1.56it/s]
 12%|ΓûêΓûÅ        | 357/3000 [06:06<43:26,  1.01it/s]
 12%|ΓûêΓûÅ        | 358/3000 [06:07<38:26,  1.15it/s]
 12%|ΓûêΓûÅ        | 359/3000 [06:08<37:44,  1.17it/s]
 12%|ΓûêΓûÅ        | 360/3000 [06:08<35:50,  1.23it/s]
 12%|ΓûêΓûÅ        | 361/3000 [06:09<32:47,  1.34it/s]
 12%|ΓûêΓûÅ        | 362/3000 [06:10<32:31,  1.35it/s]
 12%|ΓûêΓûÅ        | 363/3000 [06:10<32:18,  1.36it/s]
 12%|ΓûêΓûÅ        | 364/3000 [06:12<39:59,  1.10it/s]
 12%|ΓûêΓûÅ        | 365/3000 [06:12<34:18,  1.28it/s]
 12%|ΓûêΓûÅ        | 366/3000 [06:13<40:00,  1.10it/s]
 12%|ΓûêΓûÅ        | 367/3000 [06:14<39:54,  1.10it/s]
 12%|ΓûêΓûÅ        | 368/3000 [06:15<35:36,  1.23it/s]
 12%|ΓûêΓûÅ        | 369/3000 [06:16<35:07,  1.25it/s]
 12%|ΓûêΓûÅ        | 370/3000 [06:16<30:57,  1.42it/s]
 12%|ΓûêΓûÅ        | 371/3000 [06:17<34:04,  1.29it/s]
 12%|ΓûêΓûÅ        | 372/3000 [06:18<31:47,  1.38it/s]
 12%|ΓûêΓûÅ        | 373/3000 [06:18<30:01,  1.46it/s]
 12%|ΓûêΓûÅ        | 374/3000 [06:19<27:24,  1.60it/s]
 12%|ΓûêΓûÄ        | 375/3000 [06:20<30:28,  1.44it/s]
 13%|ΓûêΓûÄ        | 376/3000 [06:21<40:03,  1.09it/s]
 13%|ΓûêΓûÄ        | 377/3000 [06:22<44:13,  1.01s/it]
 13%|ΓûêΓûÄ        | 378/3000 [06:23<39:54,  1.10it/s]
 13%|ΓûêΓûÄ        | 379/3000 [06:24<40:33,  1.08it/s]
 13%|ΓûêΓûÄ        | 380/3000 [06:25<38:29,  1.13it/s]
 13%|ΓûêΓûÄ        | 381/3000 [06:25<33:49,  1.29it/s]
 13%|ΓûêΓûÄ        | 382/3000 [06:26<36:13,  1.20it/s]
 13%|ΓûêΓûÄ        | 383/3000 [06:27<36:56,  1.18it/s]
 13%|ΓûêΓûÄ        | 384/3000 [06:28<39:54,  1.09it/s]
 13%|ΓûêΓûÄ        | 385/3000 [06:29<40:01,  1.09it/s]
 13%|ΓûêΓûÄ        | 386/3000 [06:30<36:01,  1.21it/s]
 13%|ΓûêΓûÄ        | 387/3000 [06:30<31:08,  1.40it/s]
 13%|ΓûêΓûÄ        | 388/3000 [06:31<36:01,  1.21it/s]
 13%|ΓûêΓûÄ        | 389/3000 [06:32<35:22,  1.23it/s]
 13%|ΓûêΓûÄ        | 390/3000 [06:33<35:22,  1.23it/s]
 13%|ΓûêΓûÄ        | 391/3000 [06:34<36:23,  1.19it/s]
 13%|ΓûêΓûÄ        | 392/3000 [06:34<33:12,  1.31it/s]
 13%|ΓûêΓûÄ        | 393/3000 [06:36<45:14,  1.04s/it]
 13%|ΓûêΓûÄ        | 394/3000 [06:37<44:24,  1.02s/it]
 13%|ΓûêΓûÄ        | 395/3000 [06:38<39:53,  1.09it/s]
 13%|ΓûêΓûÄ        | 396/3000 [06:39<49:21,  1.14s/it]
 13%|ΓûêΓûÄ        | 397/3000 [06:40<41:26,  1.05it/s]
 13%|ΓûêΓûÄ        | 398/3000 [06:41<38:46,  1.12it/s]
 13%|ΓûêΓûÄ        | 399/3000 [06:42<43:48,  1.01s/it]
 13%|ΓûêΓûÄ        | 400/3000 [06:43<46:43,  1.08s/it]
 13%|ΓûêΓûÄ        | 401/3000 [06:44<47:14,  1.09s/it]
 13%|ΓûêΓûÄ        | 402/3000 [06:45<49:22,  1.14s/it]
 13%|ΓûêΓûÄ        | 403/3000 [06:47<48:57,  1.13s/it]
 13%|ΓûêΓûÄ        | 404/3000 [06:47<43:47,  1.01s/it]
 14%|ΓûêΓûÄ        | 405/3000 [06:48<40:58,  1.06it/s]
 14%|ΓûêΓûÄ        | 406/3000 [06:49<37:57,  1.14it/s]
 14%|ΓûêΓûÄ        | 407/3000 [06:50<43:42,  1.01s/it]
 14%|ΓûêΓûÄ        | 408/3000 [06:51<44:31,  1.03s/it]
 14%|ΓûêΓûÄ        | 409/3000 [06:52<45:55,  1.06s/it]
 14%|ΓûêΓûÄ        | 410/3000 [06:53<45:46,  1.06s/it]
 14%|ΓûêΓûÄ        | 411/3000 [06:54<43:16,  1.00s/it]
 14%|ΓûêΓûÄ        | 412/3000 [06:55<45:59,  1.07s/it]
 14%|ΓûêΓûì        | 413/3000 [06:56<43:32,  1.01s/it]
 14%|ΓûêΓûì        | 414/3000 [06:57<36:38,  1.18it/s]
 14%|ΓûêΓûì        | 415/3000 [06:58<37:33,  1.15it/s]
 14%|ΓûêΓûì        | 416/3000 [06:59<40:59,  1.05it/s]
 14%|ΓûêΓûì        | 417/3000 [07:00<43:30,  1.01s/it]
 14%|ΓûêΓûì        | 418/3000 [07:02<57:25,  1.33s/it]
 14%|ΓûêΓûì        | 419/3000 [07:03<53:24,  1.24s/it]
 14%|ΓûêΓûì        | 420/3000 [07:04<54:35,  1.27s/it]
 14%|ΓûêΓûì        | 421/3000 [07:05<49:34,  1.15s/it]
 14%|ΓûêΓûì        | 422/3000 [07:06<41:00,  1.05it/s]
 14%|ΓûêΓûì        | 423/3000 [07:07<38:08,  1.13it/s]
 14%|ΓûêΓûì        | 424/3000 [07:07<33:59,  1.26it/s]
 14%|ΓûêΓûì        | 425/3000 [07:08<35:44,  1.20it/s]
 14%|ΓûêΓûì        | 426/3000 [07:09<36:12,  1.18it/s]
 14%|ΓûêΓûì        | 427/3000 [07:10<36:38,  1.17it/s]
 14%|ΓûêΓûì        | 428/3000 [07:10<34:06,  1.26it/s]
 14%|ΓûêΓûì        | 429/3000 [07:11<33:46,  1.27it/s]
 14%|ΓûêΓûì        | 430/3000 [07:12<36:35,  1.17it/s]
 14%|ΓûêΓûì        | 431/3000 [07:13<38:06,  1.12it/s]
 14%|ΓûêΓûì        | 432/3000 [07:14<37:35,  1.14it/s]
 14%|ΓûêΓûì        | 433/3000 [07:15<36:41,  1.17it/s]
 14%|ΓûêΓûì        | 434/3000 [07:16<41:07,  1.04it/s]
 14%|ΓûêΓûì        | 435/3000 [07:17<43:41,  1.02s/it]
 15%|ΓûêΓûì        | 436/3000 [07:18<39:54,  1.07it/s]
 15%|ΓûêΓûì        | 437/3000 [07:19<37:07,  1.15it/s]
 15%|ΓûêΓûì        | 438/3000 [07:19<35:03,  1.22it/s]
 15%|ΓûêΓûì        | 439/3000 [07:20<36:21,  1.17it/s]
 15%|ΓûêΓûì        | 440/3000 [07:21<39:23,  1.08it/s]
 15%|ΓûêΓûì        | 441/3000 [07:22<38:23,  1.11it/s]
 15%|ΓûêΓûì        | 442/3000 [07:24<44:30,  1.04s/it]
 15%|ΓûêΓûì        | 443/3000 [07:24<41:39,  1.02it/s]
 15%|ΓûêΓûì        | 444/3000 [07:25<38:13,  1.11it/s]
 15%|ΓûêΓûì        | 445/3000 [07:26<38:33,  1.10it/s]
 15%|ΓûêΓûì        | 446/3000 [07:27<44:25,  1.04s/it]
 15%|ΓûêΓûì        | 447/3000 [07:28<41:26,  1.03it/s]
 15%|ΓûêΓûì        | 448/3000 [07:29<40:01,  1.06it/s]
 15%|ΓûêΓûì        | 449/3000 [07:30<34:14,  1.24it/s]
 15%|ΓûêΓûî        | 450/3000 [07:30<34:12,  1.24it/s]
 15%|ΓûêΓûî        | 451/3000 [07:32<40:55,  1.04it/s]
 15%|ΓûêΓûî        | 452/3000 [07:32<37:30,  1.13it/s]
 15%|ΓûêΓûî        | 453/3000 [07:33<37:51,  1.12it/s]
 15%|ΓûêΓûî        | 454/3000 [07:34<39:17,  1.08it/s]
 15%|ΓûêΓûî        | 455/3000 [07:35<39:19,  1.08it/s]
 15%|ΓûêΓûî        | 456/3000 [07:36<38:06,  1.11it/s]
 15%|ΓûêΓûî        | 457/3000 [07:38<44:58,  1.06s/it]
 15%|ΓûêΓûî        | 458/3000 [07:39<46:17,  1.09s/it]
 15%|ΓûêΓûî        | 459/3000 [07:40<47:33,  1.12s/it]
 15%|ΓûêΓûî        | 460/3000 [07:41<42:47,  1.01s/it]
 15%|ΓûêΓûî        | 461/3000 [07:41<37:31,  1.13it/s]
 15%|ΓûêΓûî        | 462/3000 [07:43<45:44,  1.08s/it]
 15%|ΓûêΓûî        | 463/3000 [07:43<39:35,  1.07it/s]
 15%|ΓûêΓûî        | 464/3000 [07:44<35:49,  1.18it/s]
 16%|ΓûêΓûî        | 465/3000 [07:45<31:46,  1.33it/s]
 16%|ΓûêΓûî        | 466/3000 [07:45<28:23,  1.49it/s]
 16%|ΓûêΓûî        | 467/3000 [07:47<40:10,  1.05it/s]
 16%|ΓûêΓûî        | 468/3000 [07:47<36:24,  1.16it/s]
 16%|ΓûêΓûî        | 469/3000 [07:48<33:38,  1.25it/s]
 16%|ΓûêΓûî        | 470/3000 [07:49<33:58,  1.24it/s]
 16%|ΓûêΓûî        | 471/3000 [07:50<37:24,  1.13it/s]
 16%|ΓûêΓûî        | 472/3000 [07:51<36:21,  1.16it/s]
 16%|ΓûêΓûî        | 473/3000 [07:52<36:36,  1.15it/s]
 16%|ΓûêΓûî        | 474/3000 [07:52<31:47,  1.32it/s]
 16%|ΓûêΓûî        | 475/3000 [07:54<42:35,  1.01s/it]
 16%|ΓûêΓûî        | 476/3000 [07:55<43:35,  1.04s/it]
 16%|ΓûêΓûî        | 477/3000 [07:56<40:44,  1.03it/s]
 16%|ΓûêΓûî        | 478/3000 [07:57<41:34,  1.01it/s]
 16%|ΓûêΓûî        | 479/3000 [07:57<34:49,  1.21it/s]
 16%|ΓûêΓûî        | 480/3000 [07:58<32:00,  1.31it/s]
 16%|ΓûêΓûî        | 481/3000 [07:58<29:20,  1.43it/s]
 16%|ΓûêΓûî        | 482/3000 [07:59<27:28,  1.53it/s]
 16%|ΓûêΓûî        | 483/3000 [08:00<37:16,  1.13it/s]
 16%|ΓûêΓûî        | 484/3000 [08:01<35:22,  1.19it/s]
 16%|ΓûêΓûî        | 485/3000 [08:02<35:11,  1.19it/s]
 16%|ΓûêΓûî        | 486/3000 [08:03<42:57,  1.03s/it]
 16%|ΓûêΓûî        | 487/3000 [08:05<47:45,  1.14s/it]
 16%|ΓûêΓûï        | 488/3000 [08:06<48:14,  1.15s/it]
 16%|ΓûêΓûï        | 489/3000 [08:07<51:02,  1.22s/it]
 16%|ΓûêΓûï        | 490/3000 [08:09<1:03:00,  1.51s/it]
 16%|ΓûêΓûï        | 491/3000 [08:11<1:02:46,  1.50s/it]
 16%|ΓûêΓûï        | 492/3000 [08:12<54:32,  1.30s/it]  
 16%|ΓûêΓûï        | 493/3000 [08:13<50:14,  1.20s/it]
 16%|ΓûêΓûï        | 494/3000 [08:14<47:50,  1.15s/it]
 16%|ΓûêΓûï        | 495/3000 [08:16<58:17,  1.40s/it]
 17%|ΓûêΓûï        | 496/3000 [08:17<52:32,  1.26s/it]
 17%|ΓûêΓûï        | 497/3000 [08:18<55:23,  1.33s/it]
 17%|ΓûêΓûï        | 498/3000 [08:19<52:00,  1.25s/it]
 17%|ΓûêΓûï        | 499/3000 [08:20<44:58,  1.08s/it]
 17%|ΓûêΓûï        | 500/3000 [08:21<44:19,  1.06s/it]
 17%|ΓûêΓûï        | 501/3000 [08:21<38:29,  1.08it/s]
 17%|ΓûêΓûï        | 502/3000 [08:22<37:58,  1.10it/s]
 17%|ΓûêΓûï        | 503/3000 [08:23<39:05,  1.06it/s]
 17%|ΓûêΓûï        | 504/3000 [08:24<35:58,  1.16it/s]
 17%|ΓûêΓûï        | 505/3000 [08:25<39:18,  1.06it/s]
 17%|ΓûêΓûï        | 506/3000 [08:26<36:44,  1.13it/s]
 17%|ΓûêΓûï        | 507/3000 [08:27<38:20,  1.08it/s]
 17%|ΓûêΓûï        | 508/3000 [08:27<33:33,  1.24it/s]
 17%|ΓûêΓûï        | 509/3000 [08:29<37:46,  1.10it/s]
 17%|ΓûêΓûï        | 510/3000 [08:30<39:07,  1.06it/s]
 17%|ΓûêΓûï        | 511/3000 [08:31<40:07,  1.03it/s]
 17%|ΓûêΓûï        | 512/3000 [08:32<39:31,  1.05it/s]
 17%|ΓûêΓûï        | 513/3000 [08:32<36:07,  1.15it/s]
 17%|ΓûêΓûï        | 514/3000 [08:33<31:29,  1.32it/s]
 17%|ΓûêΓûï        | 515/3000 [08:34<31:58,  1.30it/s]
 17%|ΓûêΓûï        | 516/3000 [08:35<34:44,  1.19it/s]
 17%|ΓûêΓûï        | 517/3000 [08:35<32:40,  1.27it/s]
 17%|ΓûêΓûï        | 518/3000 [08:36<29:59,  1.38it/s]
 17%|ΓûêΓûï        | 519/3000 [08:36<28:49,  1.43it/s]
 17%|ΓûêΓûï        | 520/3000 [08:38<36:43,  1.13it/s]
 17%|ΓûêΓûï        | 521/3000 [08:39<38:54,  1.06it/s]
 17%|ΓûêΓûï        | 522/3000 [08:40<35:22,  1.17it/s]
 17%|ΓûêΓûï        | 523/3000 [08:41<39:20,  1.05it/s]
 17%|ΓûêΓûï        | 524/3000 [08:42<38:23,  1.07it/s]
 18%|ΓûêΓûè        | 525/3000 [08:43<43:09,  1.05s/it]
 18%|ΓûêΓûè        | 526/3000 [08:44<44:46,  1.09s/it]
 18%|ΓûêΓûè        | 527/3000 [08:45<43:55,  1.07s/it]
 18%|ΓûêΓûè        | 528/3000 [08:47<49:50,  1.21s/it]
 18%|ΓûêΓûè        | 529/3000 [08:47<44:04,  1.07s/it]
 18%|ΓûêΓûè        | 530/3000 [08:48<42:10,  1.02s/it]
 18%|ΓûêΓûè        | 531/3000 [08:49<42:14,  1.03s/it]
 18%|ΓûêΓûè        | 532/3000 [08:50<36:59,  1.11it/s]
 18%|ΓûêΓûè        | 533/3000 [08:51<38:55,  1.06it/s]
 18%|ΓûêΓûè        | 534/3000 [08:52<38:32,  1.07it/s]
 18%|ΓûêΓûè        | 535/3000 [08:52<33:01,  1.24it/s]
 18%|ΓûêΓûè        | 536/3000 [08:53<28:56,  1.42it/s]
 18%|ΓûêΓûè        | 537/3000 [08:54<31:43,  1.29it/s]
 18%|ΓûêΓûè        | 538/3000 [08:54<29:54,  1.37it/s]
 18%|ΓûêΓûè        | 539/3000 [08:55<27:03,  1.52it/s]
 18%|ΓûêΓûè        | 540/3000 [08:55<25:27,  1.61it/s]
 18%|ΓûêΓûè        | 541/3000 [08:57<30:50,  1.33it/s]
 18%|ΓûêΓûè        | 542/3000 [08:57<28:31,  1.44it/s]
 18%|ΓûêΓûè        | 543/3000 [08:58<37:21,  1.10it/s]
 18%|ΓûêΓûè        | 544/3000 [08:59<37:46,  1.08it/s]
 18%|ΓûêΓûè        | 545/3000 [09:00<38:19,  1.07it/s]
 18%|ΓûêΓûè        | 546/3000 [09:01<36:36,  1.12it/s]
 18%|ΓûêΓûè        | 547/3000 [09:02<39:34,  1.03it/s]
 18%|ΓûêΓûè        | 548/3000 [09:04<46:52,  1.15s/it]
 18%|ΓûêΓûè        | 549/3000 [09:05<43:01,  1.05s/it]
 18%|ΓûêΓûè        | 550/3000 [09:06<46:43,  1.14s/it]
 18%|ΓûêΓûè        | 551/3000 [09:07<41:35,  1.02s/it]
 18%|ΓûêΓûè        | 552/3000 [09:08<38:22,  1.06it/s]
 18%|ΓûêΓûè        | 553/3000 [09:09<42:36,  1.04s/it]
 18%|ΓûêΓûè        | 554/3000 [09:10<42:54,  1.05s/it]
 18%|ΓûêΓûè        | 555/3000 [09:11<40:11,  1.01it/s]
 19%|ΓûêΓûè        | 556/3000 [09:12<40:21,  1.01it/s]
 19%|ΓûêΓûè        | 557/3000 [09:13<38:12,  1.07it/s]
 19%|ΓûêΓûè        | 558/3000 [09:13<37:18,  1.09it/s]
 19%|ΓûêΓûè        | 559/3000 [09:15<43:25,  1.07s/it]
 19%|ΓûêΓûè        | 560/3000 [09:16<43:16,  1.06s/it]
 19%|ΓûêΓûè        | 561/3000 [09:17<41:02,  1.01s/it]
 19%|ΓûêΓûè        | 562/3000 [09:18<42:10,  1.04s/it]
 19%|ΓûêΓûë        | 563/3000 [09:19<41:28,  1.02s/it]
 19%|ΓûêΓûë        | 564/3000 [09:20<37:57,  1.07it/s]
 19%|ΓûêΓûë        | 565/3000 [09:20<32:52,  1.23it/s]
 19%|ΓûêΓûë        | 566/3000 [09:21<30:04,  1.35it/s]
 19%|ΓûêΓûë        | 567/3000 [09:21<29:35,  1.37it/s]
 19%|ΓûêΓûë        | 568/3000 [09:22<26:46,  1.51it/s]
 19%|ΓûêΓûë        | 569/3000 [09:22<25:26,  1.59it/s]
 19%|ΓûêΓûë        | 570/3000 [09:24<32:39,  1.24it/s]
 19%|ΓûêΓûë        | 571/3000 [09:24<30:02,  1.35it/s]
 19%|ΓûêΓûë        | 572/3000 [09:26<38:24,  1.05it/s]
 19%|ΓûêΓûë        | 573/3000 [09:26<35:33,  1.14it/s]
 19%|ΓûêΓûë        | 574/3000 [09:28<42:16,  1.05s/it]
 19%|ΓûêΓûë        | 575/3000 [09:28<36:15,  1.11it/s]
 19%|ΓûêΓûë        | 576/3000 [09:29<38:09,  1.06it/s]
 19%|ΓûêΓûë        | 577/3000 [09:30<36:15,  1.11it/s]
 19%|ΓûêΓûë        | 578/3000 [09:31<35:55,  1.12it/s]
 19%|ΓûêΓûë        | 579/3000 [09:32<36:49,  1.10it/s]
 19%|ΓûêΓûë        | 580/3000 [09:33<35:46,  1.13it/s]
 19%|ΓûêΓûë        | 581/3000 [09:34<32:40,  1.23it/s]
 19%|ΓûêΓûë        | 582/3000 [09:34<29:57,  1.35it/s]
 19%|ΓûêΓûë        | 583/3000 [09:36<42:55,  1.07s/it]
 19%|ΓûêΓûë        | 584/3000 [09:37<37:04,  1.09it/s]
 20%|ΓûêΓûë        | 585/3000 [09:37<37:02,  1.09it/s]
 20%|ΓûêΓûë        | 586/3000 [09:39<39:24,  1.02it/s]
 20%|ΓûêΓûë        | 587/3000 [09:39<36:36,  1.10it/s]
 20%|ΓûêΓûë        | 588/3000 [09:40<32:48,  1.23it/s]
 20%|ΓûêΓûë        | 589/3000 [09:41<30:38,  1.31it/s]
 20%|ΓûêΓûë        | 590/3000 [09:41<31:39,  1.27it/s]
 20%|ΓûêΓûë        | 591/3000 [09:44<48:46,  1.22s/it]
 20%|ΓûêΓûë        | 592/3000 [09:45<51:10,  1.28s/it]
 20%|ΓûêΓûë        | 593/3000 [09:47<54:32,  1.36s/it]
 20%|ΓûêΓûë        | 594/3000 [09:47<48:31,  1.21s/it]
 20%|ΓûêΓûë        | 595/3000 [09:49<58:15,  1.45s/it]
 20%|ΓûêΓûë        | 596/3000 [09:51<52:55,  1.32s/it]
 20%|ΓûêΓûë        | 597/3000 [09:51<46:42,  1.17s/it]
 20%|ΓûêΓûë        | 598/3000 [09:53<49:15,  1.23s/it]
 20%|ΓûêΓûë        | 599/3000 [09:54<45:47,  1.14s/it]
 20%|ΓûêΓûê        | 600/3000 [09:55<43:11,  1.08s/it]
 20%|ΓûêΓûê        | 601/3000 [09:56<44:19,  1.11s/it]
 20%|ΓûêΓûê        | 602/3000 [09:57<44:25,  1.11s/it]
 20%|ΓûêΓûê        | 603/3000 [09:58<39:26,  1.01it/s]
 20%|ΓûêΓûê        | 604/3000 [09:59<39:50,  1.00it/s]
 20%|ΓûêΓûê        | 605/3000 [09:59<38:35,  1.03it/s]
 20%|ΓûêΓûê        | 606/3000 [10:01<42:08,  1.06s/it]
 20%|ΓûêΓûê        | 607/3000 [10:01<38:25,  1.04it/s]
 20%|ΓûêΓûê        | 608/3000 [10:02<38:56,  1.02it/s]
 20%|ΓûêΓûê        | 609/3000 [10:04<41:30,  1.04s/it]
 20%|ΓûêΓûê        | 610/3000 [10:04<36:20,  1.10it/s]
 20%|ΓûêΓûê        | 611/3000 [10:05<38:45,  1.03it/s]
 20%|ΓûêΓûê        | 612/3000 [10:07<42:13,  1.06s/it]
 20%|ΓûêΓûê        | 613/3000 [10:08<41:04,  1.03s/it]
 20%|ΓûêΓûê        | 614/3000 [10:08<37:32,  1.06it/s]
 20%|ΓûêΓûê        | 615/3000 [10:09<36:46,  1.08it/s]
 21%|ΓûêΓûê        | 616/3000 [10:10<38:45,  1.03it/s]
 21%|ΓûêΓûê        | 617/3000 [10:11<36:32,  1.09it/s]
 21%|ΓûêΓûê        | 618/3000 [10:12<37:53,  1.05it/s]
 21%|ΓûêΓûê        | 619/3000 [10:13<34:26,  1.15it/s]
 21%|ΓûêΓûê        | 620/3000 [10:13<30:22,  1.31it/s]
 21%|ΓûêΓûê        | 621/3000 [10:14<30:07,  1.32it/s]
 21%|ΓûêΓûê        | 622/3000 [10:15<29:58,  1.32it/s]
 21%|ΓûêΓûê        | 623/3000 [10:15<27:22,  1.45it/s]
 21%|ΓûêΓûê        | 624/3000 [10:16<26:42,  1.48it/s]
 21%|ΓûêΓûê        | 625/3000 [10:17<30:28,  1.30it/s]
 21%|ΓûêΓûê        | 626/3000 [10:19<43:22,  1.10s/it]
 21%|ΓûêΓûê        | 627/3000 [10:20<46:35,  1.18s/it]
 21%|ΓûêΓûê        | 628/3000 [10:22<47:30,  1.20s/it]
 21%|ΓûêΓûê        | 629/3000 [10:23<48:20,  1.22s/it]
 21%|ΓûêΓûê        | 630/3000 [10:24<45:29,  1.15s/it]
 21%|ΓûêΓûê        | 631/3000 [10:24<38:18,  1.03it/s]
 21%|ΓûêΓûê        | 632/3000 [10:25<36:30,  1.08it/s]
 21%|ΓûêΓûê        | 633/3000 [10:26<34:07,  1.16it/s]
 21%|ΓûêΓûê        | 634/3000 [10:27<32:40,  1.21it/s]
 21%|ΓûêΓûê        | 635/3000 [10:28<34:46,  1.13it/s]
 21%|ΓûêΓûê        | 636/3000 [10:28<34:31,  1.14it/s]
 21%|ΓûêΓûê        | 637/3000 [10:29<32:28,  1.21it/s]
 21%|ΓûêΓûêΓûÅ       | 638/3000 [10:30<32:13,  1.22it/s]
 21%|ΓûêΓûêΓûÅ       | 639/3000 [10:31<34:34,  1.14it/s]
 21%|ΓûêΓûêΓûÅ       | 640/3000 [10:32<39:07,  1.01it/s]
 21%|ΓûêΓûêΓûÅ       | 641/3000 [10:33<36:04,  1.09it/s]
 21%|ΓûêΓûêΓûÅ       | 642/3000 [10:34<39:25,  1.00s/it]
 21%|ΓûêΓûêΓûÅ       | 643/3000 [10:35<39:49,  1.01s/it]
 21%|ΓûêΓûêΓûÅ       | 644/3000 [10:36<36:41,  1.07it/s]
 22%|ΓûêΓûêΓûÅ       | 645/3000 [10:37<38:13,  1.03it/s]
 22%|ΓûêΓûêΓûÅ       | 646/3000 [10:38<36:59,  1.06it/s]
 22%|ΓûêΓûêΓûÅ       | 647/3000 [10:39<39:53,  1.02s/it]
 22%|ΓûêΓûêΓûÅ       | 648/3000 [10:40<39:18,  1.00s/it]
 22%|ΓûêΓûêΓûÅ       | 649/3000 [10:41<39:52,  1.02s/it]
 22%|ΓûêΓûêΓûÅ       | 650/3000 [10:42<36:21,  1.08it/s]
 22%|ΓûêΓûêΓûÅ       | 651/3000 [10:42<31:42,  1.23it/s]
 22%|ΓûêΓûêΓûÅ       | 652/3000 [10:43<32:56,  1.19it/s]
 22%|ΓûêΓûêΓûÅ       | 653/3000 [10:44<31:07,  1.26it/s]
 22%|ΓûêΓûêΓûÅ       | 654/3000 [10:45<28:06,  1.39it/s]
 22%|ΓûêΓûêΓûÅ       | 655/3000 [10:46<35:29,  1.10it/s]
 22%|ΓûêΓûêΓûÅ       | 656/3000 [10:47<40:58,  1.05s/it]
 22%|ΓûêΓûêΓûÅ       | 657/3000 [10:48<36:50,  1.06it/s]
 22%|ΓûêΓûêΓûÅ       | 658/3000 [10:49<36:03,  1.08it/s]
 22%|ΓûêΓûêΓûÅ       | 659/3000 [10:49<31:42,  1.23it/s]
 22%|ΓûêΓûêΓûÅ       | 660/3000 [10:50<31:58,  1.22it/s]
 22%|ΓûêΓûêΓûÅ       | 661/3000 [10:51<28:41,  1.36it/s]
 22%|ΓûêΓûêΓûÅ       | 662/3000 [10:52<31:39,  1.23it/s]
 22%|ΓûêΓûêΓûÅ       | 663/3000 [10:53<31:44,  1.23it/s]
 22%|ΓûêΓûêΓûÅ       | 664/3000 [10:54<33:28,  1.16it/s]
 22%|ΓûêΓûêΓûÅ       | 665/3000 [10:55<34:47,  1.12it/s]
 22%|ΓûêΓûêΓûÅ       | 666/3000 [10:55<32:17,  1.20it/s]
 22%|ΓûêΓûêΓûÅ       | 667/3000 [10:56<33:31,  1.16it/s]
 22%|ΓûêΓûêΓûÅ       | 668/3000 [10:58<40:14,  1.04s/it]
 22%|ΓûêΓûêΓûÅ       | 669/3000 [10:59<47:41,  1.23s/it]
 22%|ΓûêΓûêΓûÅ       | 670/3000 [11:00<43:15,  1.11s/it]
 22%|ΓûêΓûêΓûÅ       | 671/3000 [11:01<40:35,  1.05s/it]
 22%|ΓûêΓûêΓûÅ       | 672/3000 [11:02<34:51,  1.11it/s]
 22%|ΓûêΓûêΓûÅ       | 673/3000 [11:02<33:11,  1.17it/s]
 22%|ΓûêΓûêΓûÅ       | 674/3000 [11:04<42:08,  1.09s/it]
 22%|ΓûêΓûêΓûÄ       | 675/3000 [11:05<39:40,  1.02s/it]
 23%|ΓûêΓûêΓûÄ       | 676/3000 [11:05<34:47,  1.11it/s]
 23%|ΓûêΓûêΓûÄ       | 677/3000 [11:07<37:28,  1.03it/s]
 23%|ΓûêΓûêΓûÄ       | 678/3000 [11:07<37:07,  1.04it/s]
 23%|ΓûêΓûêΓûÄ       | 679/3000 [11:09<43:10,  1.12s/it]
 23%|ΓûêΓûêΓûÄ       | 680/3000 [11:11<59:12,  1.53s/it]
 23%|ΓûêΓûêΓûÄ       | 681/3000 [11:12<50:02,  1.29s/it]
 23%|ΓûêΓûêΓûÄ       | 682/3000 [11:13<44:35,  1.15s/it]
 23%|ΓûêΓûêΓûÄ       | 683/3000 [11:14<40:54,  1.06s/it]
 23%|ΓûêΓûêΓûÄ       | 684/3000 [11:15<38:33,  1.00it/s]
 23%|ΓûêΓûêΓûÄ       | 685/3000 [11:15<35:36,  1.08it/s]
 23%|ΓûêΓûêΓûÄ       | 686/3000 [11:16<35:48,  1.08it/s]
 23%|ΓûêΓûêΓûÄ       | 687/3000 [11:17<35:20,  1.09it/s]
 23%|ΓûêΓûêΓûÄ       | 688/3000 [11:18<33:26,  1.15it/s]
 23%|ΓûêΓûêΓûÄ       | 689/3000 [11:19<32:57,  1.17it/s]
 23%|ΓûêΓûêΓûÄ       | 690/3000 [11:20<30:56,  1.24it/s]
 23%|ΓûêΓûêΓûÄ       | 691/3000 [11:20<28:01,  1.37it/s]
 23%|ΓûêΓûêΓûÄ       | 692/3000 [11:21<29:14,  1.32it/s]
 23%|ΓûêΓûêΓûÄ       | 693/3000 [11:22<35:43,  1.08it/s]
 23%|ΓûêΓûêΓûÄ       | 694/3000 [11:23<33:31,  1.15it/s]
 23%|ΓûêΓûêΓûÄ       | 695/3000 [11:24<29:49,  1.29it/s]
 23%|ΓûêΓûêΓûÄ       | 696/3000 [11:25<32:25,  1.18it/s]
 23%|ΓûêΓûêΓûÄ       | 697/3000 [11:26<33:24,  1.15it/s]
 23%|ΓûêΓûêΓûÄ       | 698/3000 [11:27<34:58,  1.10it/s]
 23%|ΓûêΓûêΓûÄ       | 699/3000 [11:28<37:44,  1.02it/s]
 23%|ΓûêΓûêΓûÄ       | 700/3000 [11:29<37:18,  1.03it/s]
 23%|ΓûêΓûêΓûÄ       | 701/3000 [11:30<39:39,  1.04s/it]
 23%|ΓûêΓûêΓûÄ       | 702/3000 [11:31<36:02,  1.06it/s]
 23%|ΓûêΓûêΓûÄ       | 703/3000 [11:31<35:44,  1.07it/s]
 23%|ΓûêΓûêΓûÄ       | 704/3000 [11:32<32:52,  1.16it/s]
 24%|ΓûêΓûêΓûÄ       | 705/3000 [11:33<34:56,  1.09it/s]
 24%|ΓûêΓûêΓûÄ       | 706/3000 [11:34<33:12,  1.15it/s]
 24%|ΓûêΓûêΓûÄ       | 707/3000 [11:35<31:15,  1.22it/s]
 24%|ΓûêΓûêΓûÄ       | 708/3000 [11:35<28:05,  1.36it/s]
 24%|ΓûêΓûêΓûÄ       | 709/3000 [11:36<32:44,  1.17it/s]
 24%|ΓûêΓûêΓûÄ       | 710/3000 [11:37<35:47,  1.07it/s]
 24%|ΓûêΓûêΓûÄ       | 711/3000 [11:38<34:57,  1.09it/s]
 24%|ΓûêΓûêΓûÄ       | 712/3000 [11:39<30:41,  1.24it/s]
 24%|ΓûêΓûêΓûì       | 713/3000 [11:40<31:11,  1.22it/s]
 24%|ΓûêΓûêΓûì       | 714/3000 [11:41<31:17,  1.22it/s]
 24%|ΓûêΓûêΓûì       | 715/3000 [11:42<33:05,  1.15it/s]
 24%|ΓûêΓûêΓûì       | 716/3000 [11:42<29:29,  1.29it/s]
 24%|ΓûêΓûêΓûì       | 717/3000 [11:43<30:09,  1.26it/s]
 24%|ΓûêΓûêΓûì       | 718/3000 [11:44<32:59,  1.15it/s]
 24%|ΓûêΓûêΓûì       | 719/3000 [11:45<30:56,  1.23it/s]
 24%|ΓûêΓûêΓûì       | 720/3000 [11:46<38:18,  1.01s/it]
 24%|ΓûêΓûêΓûì       | 721/3000 [11:47<35:17,  1.08it/s]
 24%|ΓûêΓûêΓûì       | 722/3000 [11:48<33:06,  1.15it/s]
 24%|ΓûêΓûêΓûì       | 723/3000 [11:50<50:01,  1.32s/it]
 24%|ΓûêΓûêΓûì       | 724/3000 [11:51<52:36,  1.39s/it]
 24%|ΓûêΓûêΓûì       | 725/3000 [11:52<47:31,  1.25s/it]
 24%|ΓûêΓûêΓûì       | 726/3000 [11:53<43:11,  1.14s/it]
 24%|ΓûêΓûêΓûì       | 727/3000 [11:54<43:13,  1.14s/it]
 24%|ΓûêΓûêΓûì       | 728/3000 [11:55<39:35,  1.05s/it]
 24%|ΓûêΓûêΓûì       | 729/3000 [11:56<40:34,  1.07s/it]
 24%|ΓûêΓûêΓûì       | 730/3000 [11:57<40:45,  1.08s/it]
 24%|ΓûêΓûêΓûì       | 731/3000 [11:58<37:40,  1.00it/s]
 24%|ΓûêΓûêΓûì       | 732/3000 [11:59<39:30,  1.05s/it]
 24%|ΓûêΓûêΓûì       | 733/3000 [12:01<49:32,  1.31s/it]
 24%|ΓûêΓûêΓûì       | 734/3000 [12:02<42:40,  1.13s/it]
 24%|ΓûêΓûêΓûì       | 735/3000 [12:03<44:14,  1.17s/it]
 25%|ΓûêΓûêΓûì       | 736/3000 [12:05<47:15,  1.25s/it]
 25%|ΓûêΓûêΓûì       | 737/3000 [12:07<52:21,  1.39s/it]
 25%|ΓûêΓûêΓûì       | 738/3000 [12:07<43:00,  1.14s/it]
 25%|ΓûêΓûêΓûì       | 739/3000 [12:08<36:16,  1.04it/s]
 25%|ΓûêΓûêΓûì       | 740/3000 [12:09<35:46,  1.05it/s]
 25%|ΓûêΓûêΓûì       | 741/3000 [12:09<35:46,  1.05it/s]
 25%|ΓûêΓûêΓûì       | 742/3000 [12:10<35:56,  1.05it/s]
 25%|ΓûêΓûêΓûì       | 743/3000 [12:12<41:38,  1.11s/it]
 25%|ΓûêΓûêΓûì       | 744/3000 [12:13<39:16,  1.04s/it]
 25%|ΓûêΓûêΓûì       | 745/3000 [12:13<34:59,  1.07it/s]
 25%|ΓûêΓûêΓûì       | 746/3000 [12:14<34:05,  1.10it/s]
 25%|ΓûêΓûêΓûì       | 747/3000 [12:15<31:42,  1.18it/s]
 25%|ΓûêΓûêΓûì       | 748/3000 [12:16<28:34,  1.31it/s]
 25%|ΓûêΓûêΓûì       | 749/3000 [12:16<29:06,  1.29it/s]
 25%|ΓûêΓûêΓûî       | 750/3000 [12:17<29:11,  1.28it/s]
 25%|ΓûêΓûêΓûî       | 751/3000 [12:18<34:09,  1.10it/s]
 25%|ΓûêΓûêΓûî       | 752/3000 [12:19<31:21,  1.20it/s]
 25%|ΓûêΓûêΓûî       | 753/3000 [12:20<33:56,  1.10it/s]
 25%|ΓûêΓûêΓûî       | 754/3000 [12:22<40:11,  1.07s/it]
 25%|ΓûêΓûêΓûî       | 755/3000 [12:23<47:03,  1.26s/it]
 25%|ΓûêΓûêΓûî       | 756/3000 [12:24<40:54,  1.09s/it]
 25%|ΓûêΓûêΓûî       | 757/3000 [12:25<41:54,  1.12s/it]
 25%|ΓûêΓûêΓûî       | 758/3000 [12:27<51:37,  1.38s/it]
 25%|ΓûêΓûêΓûî       | 759/3000 [12:29<51:21,  1.38s/it]
 25%|ΓûêΓûêΓûî       | 760/3000 [12:30<55:20,  1.48s/it]
 25%|ΓûêΓûêΓûî       | 761/3000 [12:32<55:01,  1.47s/it]
 25%|ΓûêΓûêΓûî       | 762/3000 [12:33<55:35,  1.49s/it]
 25%|ΓûêΓûêΓûî       | 763/3000 [12:34<50:21,  1.35s/it]
 25%|ΓûêΓûêΓûî       | 764/3000 [12:35<42:58,  1.15s/it]
 26%|ΓûêΓûêΓûî       | 765/3000 [12:36<46:13,  1.24s/it]
 26%|ΓûêΓûêΓûî       | 766/3000 [12:38<50:16,  1.35s/it]
 26%|ΓûêΓûêΓûî       | 767/3000 [12:39<49:42,  1.34s/it]
 26%|ΓûêΓûêΓûî       | 768/3000 [12:41<48:06,  1.29s/it]
 26%|ΓûêΓûêΓûî       | 769/3000 [12:42<48:38,  1.31s/it]
 26%|ΓûêΓûêΓûî       | 770/3000 [12:43<43:41,  1.18s/it]
 26%|ΓûêΓûêΓûî       | 771/3000 [12:43<38:10,  1.03s/it]
 26%|ΓûêΓûêΓûî       | 772/3000 [12:44<35:16,  1.05it/s]
 26%|ΓûêΓûêΓûî       | 773/3000 [12:45<32:13,  1.15it/s]
 26%|ΓûêΓûêΓûî       | 774/3000 [12:46<33:55,  1.09it/s]
 26%|ΓûêΓûêΓûî       | 775/3000 [12:47<34:25,  1.08it/s]
 26%|ΓûêΓûêΓûî       | 776/3000 [12:48<33:27,  1.11it/s]
 26%|ΓûêΓûêΓûî       | 777/3000 [12:49<33:11,  1.12it/s]
 26%|ΓûêΓûêΓûî       | 778/3000 [12:50<38:49,  1.05s/it]
 26%|ΓûêΓûêΓûî       | 779/3000 [12:52<46:11,  1.25s/it]
 26%|ΓûêΓûêΓûî       | 780/3000 [12:53<42:58,  1.16s/it]
 26%|ΓûêΓûêΓûî       | 781/3000 [12:54<40:41,  1.10s/it]
 26%|ΓûêΓûêΓûî       | 782/3000 [12:55<48:49,  1.32s/it]
 26%|ΓûêΓûêΓûî       | 783/3000 [12:56<39:59,  1.08s/it]
 26%|ΓûêΓûêΓûî       | 784/3000 [12:58<46:05,  1.25s/it]
 26%|ΓûêΓûêΓûî       | 785/3000 [12:59<51:23,  1.39s/it]
 26%|ΓûêΓûêΓûî       | 786/3000 [13:00<48:19,  1.31s/it]
 26%|ΓûêΓûêΓûî       | 787/3000 [13:02<52:37,  1.43s/it]
 26%|ΓûêΓûêΓûï       | 788/3000 [13:04<56:22,  1.53s/it]
 26%|ΓûêΓûêΓûï       | 789/3000 [13:05<50:39,  1.37s/it]
 26%|ΓûêΓûêΓûï       | 790/3000 [13:06<43:00,  1.17s/it]
 26%|ΓûêΓûêΓûï       | 791/3000 [13:07<40:14,  1.09s/it]
 26%|ΓûêΓûêΓûï       | 792/3000 [13:08<43:14,  1.17s/it]
 26%|ΓûêΓûêΓûï       | 793/3000 [13:09<40:33,  1.10s/it]
 26%|ΓûêΓûêΓûï       | 794/3000 [13:10<38:01,  1.03s/it]
 26%|ΓûêΓûêΓûï       | 795/3000 [13:11<38:41,  1.05s/it]
 27%|ΓûêΓûêΓûï       | 796/3000 [13:11<33:22,  1.10it/s]
 27%|ΓûêΓûêΓûï       | 797/3000 [13:12<30:11,  1.22it/s]
 27%|ΓûêΓûêΓûï       | 798/3000 [13:14<39:24,  1.07s/it]
 27%|ΓûêΓûêΓûï       | 799/3000 [13:15<37:21,  1.02s/it]
 27%|ΓûêΓûêΓûï       | 800/3000 [13:15<32:27,  1.13it/s]
 27%|ΓûêΓûêΓûï       | 801/3000 [13:16<30:25,  1.20it/s]
 27%|ΓûêΓûêΓûï       | 802/3000 [13:17<37:04,  1.01s/it]
 27%|ΓûêΓûêΓûï       | 803/3000 [13:20<51:04,  1.39s/it]
 27%|ΓûêΓûêΓûï       | 804/3000 [13:21<46:24,  1.27s/it]
 27%|ΓûêΓûêΓûï       | 805/3000 [13:22<44:47,  1.22s/it]
 27%|ΓûêΓûêΓûï       | 806/3000 [13:23<48:28,  1.33s/it]
 27%|ΓûêΓûêΓûï       | 807/3000 [13:24<39:51,  1.09s/it]
 27%|ΓûêΓûêΓûï       | 808/3000 [13:24<35:24,  1.03it/s]
 27%|ΓûêΓûêΓûï       | 809/3000 [13:25<36:20,  1.00it/s]
 27%|ΓûêΓûêΓûï       | 810/3000 [13:26<34:37,  1.05it/s]
 27%|ΓûêΓûêΓûï       | 811/3000 [13:27<31:57,  1.14it/s]
 27%|ΓûêΓûêΓûï       | 812/3000 [13:28<28:58,  1.26it/s]
 27%|ΓûêΓûêΓûï       | 813/3000 [13:29<30:10,  1.21it/s]
 27%|ΓûêΓûêΓûï       | 814/3000 [13:29<27:37,  1.32it/s]
 27%|ΓûêΓûêΓûï       | 815/3000 [13:30<31:14,  1.17it/s]
 27%|ΓûêΓûêΓûï       | 816/3000 [13:31<27:52,  1.31it/s]
 27%|ΓûêΓûêΓûï       | 817/3000 [13:32<30:09,  1.21it/s]
 27%|ΓûêΓûêΓûï       | 818/3000 [13:32<29:07,  1.25it/s]
 27%|ΓûêΓûêΓûï       | 819/3000 [13:34<41:44,  1.15s/it]
 27%|ΓûêΓûêΓûï       | 820/3000 [13:35<40:04,  1.10s/it]
 27%|ΓûêΓûêΓûï       | 821/3000 [13:36<39:12,  1.08s/it]
 27%|ΓûêΓûêΓûï       | 822/3000 [13:37<33:21,  1.09it/s]
 27%|ΓûêΓûêΓûï       | 823/3000 [13:38<37:35,  1.04s/it]
 27%|ΓûêΓûêΓûï       | 824/3000 [13:39<33:47,  1.07it/s]
 28%|ΓûêΓûêΓûè       | 825/3000 [13:40<36:19,  1.00s/it]
 28%|ΓûêΓûêΓûè       | 826/3000 [13:41<35:56,  1.01it/s]
 28%|ΓûêΓûêΓûè       | 827/3000 [13:42<39:43,  1.10s/it]
 28%|ΓûêΓûêΓûè       | 828/3000 [13:43<36:10,  1.00it/s]
 28%|ΓûêΓûêΓûè       | 829/3000 [13:44<35:42,  1.01it/s]
 28%|ΓûêΓûêΓûè       | 830/3000 [13:45<32:00,  1.13it/s]
 28%|ΓûêΓûêΓûè       | 831/3000 [13:47<42:31,  1.18s/it]
 28%|ΓûêΓûêΓûè       | 832/3000 [13:47<37:16,  1.03s/it]
 28%|ΓûêΓûêΓûè       | 833/3000 [13:48<34:05,  1.06it/s]
 28%|ΓûêΓûêΓûè       | 834/3000 [13:49<34:53,  1.03it/s]
 28%|ΓûêΓûêΓûè       | 835/3000 [13:50<36:54,  1.02s/it]
 28%|ΓûêΓûêΓûè       | 836/3000 [13:51<37:58,  1.05s/it]
 28%|ΓûêΓûêΓûè       | 837/3000 [13:52<37:05,  1.03s/it]
 28%|ΓûêΓûêΓûè       | 838/3000 [13:54<41:29,  1.15s/it]
 28%|ΓûêΓûêΓûè       | 839/3000 [13:54<35:07,  1.03it/s]
 28%|ΓûêΓûêΓûè       | 840/3000 [13:55<35:09,  1.02it/s]
 28%|ΓûêΓûêΓûè       | 841/3000 [13:56<32:50,  1.10it/s]
 28%|ΓûêΓûêΓûè       | 842/3000 [13:57<31:06,  1.16it/s]
 28%|ΓûêΓûêΓûè       | 843/3000 [13:58<29:23,  1.22it/s]
 28%|ΓûêΓûêΓûè       | 844/3000 [14:00<41:41,  1.16s/it]
 28%|ΓûêΓûêΓûè       | 845/3000 [14:00<36:49,  1.03s/it]
 28%|ΓûêΓûêΓûè       | 846/3000 [14:01<33:40,  1.07it/s]
 28%|ΓûêΓûêΓûè       | 847/3000 [14:02<35:07,  1.02it/s]
 28%|ΓûêΓûêΓûè       | 848/3000 [14:03<35:36,  1.01it/s]
 28%|ΓûêΓûêΓûè       | 849/3000 [14:04<31:07,  1.15it/s]
 28%|ΓûêΓûêΓûè       | 850/3000 [14:05<30:41,  1.17it/s]
 28%|ΓûêΓûêΓûè       | 851/3000 [14:06<36:47,  1.03s/it]
 28%|ΓûêΓûêΓûè       | 852/3000 [14:07<34:49,  1.03it/s]
 28%|ΓûêΓûêΓûè       | 853/3000 [14:08<32:39,  1.10it/s]
 28%|ΓûêΓûêΓûè       | 854/3000 [14:09<39:40,  1.11s/it]
 28%|ΓûêΓûêΓûè       | 855/3000 [14:10<42:06,  1.18s/it]
 29%|ΓûêΓûêΓûè       | 856/3000 [14:12<40:59,  1.15s/it]
 29%|ΓûêΓûêΓûè       | 857/3000 [14:13<44:03,  1.23s/it]
 29%|ΓûêΓûêΓûè       | 858/3000 [14:14<38:17,  1.07s/it]
 29%|ΓûêΓûêΓûè       | 859/3000 [14:14<33:07,  1.08it/s]
 29%|ΓûêΓûêΓûè       | 860/3000 [14:15<30:44,  1.16it/s]
 29%|ΓûêΓûêΓûè       | 861/3000 [14:17<41:36,  1.17s/it]
 29%|ΓûêΓûêΓûè       | 862/3000 [14:18<42:57,  1.21s/it]
 29%|ΓûêΓûêΓûë       | 863/3000 [14:19<41:31,  1.17s/it]
 29%|ΓûêΓûêΓûë       | 864/3000 [14:20<37:33,  1.05s/it]
 29%|ΓûêΓûêΓûë       | 865/3000 [14:21<41:08,  1.16s/it]
 29%|ΓûêΓûêΓûë       | 866/3000 [14:22<37:17,  1.05s/it]
 29%|ΓûêΓûêΓûë       | 867/3000 [14:24<41:47,  1.18s/it]
 29%|ΓûêΓûêΓûë       | 868/3000 [14:25<46:35,  1.31s/it]
 29%|ΓûêΓûêΓûë       | 869/3000 [14:27<47:19,  1.33s/it]
 29%|ΓûêΓûêΓûë       | 870/3000 [14:29<53:05,  1.50s/it]
 29%|ΓûêΓûêΓûë       | 871/3000 [14:30<47:25,  1.34s/it]
 29%|ΓûêΓûêΓûë       | 872/3000 [14:30<43:14,  1.22s/it]
 29%|ΓûêΓûêΓûë       | 873/3000 [14:31<38:46,  1.09s/it]
 29%|ΓûêΓûêΓûë       | 874/3000 [14:32<35:03,  1.01it/s]
 29%|ΓûêΓûêΓûë       | 875/3000 [14:33<30:25,  1.16it/s]
 29%|ΓûêΓûêΓûë       | 876/3000 [14:33<27:39,  1.28it/s]
 29%|ΓûêΓûêΓûë       | 877/3000 [14:34<31:16,  1.13it/s]
 29%|ΓûêΓûêΓûë       | 878/3000 [14:35<27:42,  1.28it/s]
 29%|ΓûêΓûêΓûë       | 879/3000 [14:36<27:42,  1.28it/s]
 29%|ΓûêΓûêΓûë       | 880/3000 [14:37<28:31,  1.24it/s]
 29%|ΓûêΓûêΓûë       | 881/3000 [14:39<42:29,  1.20s/it]
 29%|ΓûêΓûêΓûë       | 882/3000 [14:40<41:17,  1.17s/it]
 29%|ΓûêΓûêΓûë       | 883/3000 [14:41<37:41,  1.07s/it]
 29%|ΓûêΓûêΓûë       | 884/3000 [14:42<36:20,  1.03s/it]
 30%|ΓûêΓûêΓûë       | 885/3000 [14:43<37:09,  1.05s/it]
 30%|ΓûêΓûêΓûë       | 886/3000 [14:44<38:07,  1.08s/it]
 30%|ΓûêΓûêΓûë       | 887/3000 [14:45<35:55,  1.02s/it]
 30%|ΓûêΓûêΓûë       | 888/3000 [14:46<38:40,  1.10s/it]
 30%|ΓûêΓûêΓûë       | 889/3000 [14:47<39:30,  1.12s/it]
 30%|ΓûêΓûêΓûë       | 890/3000 [14:48<35:18,  1.00s/it]
 30%|ΓûêΓûêΓûë       | 891/3000 [14:48<31:25,  1.12it/s]
 30%|ΓûêΓûêΓûë       | 892/3000 [14:49<30:08,  1.17it/s]
 30%|ΓûêΓûêΓûë       | 893/3000 [14:50<30:29,  1.15it/s]
 30%|ΓûêΓûêΓûë       | 894/3000 [14:51<29:22,  1.19it/s]
 30%|ΓûêΓûêΓûë       | 895/3000 [14:53<44:49,  1.28s/it]
 30%|ΓûêΓûêΓûë       | 896/3000 [14:56<56:25,  1.61s/it]
 30%|ΓûêΓûêΓûë       | 897/3000 [14:57<53:38,  1.53s/it]
 30%|ΓûêΓûêΓûë       | 898/3000 [14:58<46:06,  1.32s/it]
 30%|ΓûêΓûêΓûë       | 899/3000 [14:59<44:56,  1.28s/it]
 30%|ΓûêΓûêΓûê       | 900/3000 [15:00<43:46,  1.25s/it]
 30%|ΓûêΓûêΓûê       | 901/3000 [15:01<44:10,  1.26s/it]
 30%|ΓûêΓûêΓûê       | 902/3000 [15:02<41:55,  1.20s/it]
 30%|ΓûêΓûêΓûê       | 903/3000 [15:03<38:26,  1.10s/it]
 30%|ΓûêΓûêΓûê       | 904/3000 [15:04<34:14,  1.02it/s]
 30%|ΓûêΓûêΓûê       | 905/3000 [15:05<32:52,  1.06it/s]
 30%|ΓûêΓûêΓûê       | 906/3000 [15:06<31:35,  1.10it/s]
 30%|ΓûêΓûêΓûê       | 907/3000 [15:07<32:15,  1.08it/s]
 30%|ΓûêΓûêΓûê       | 908/3000 [15:08<32:49,  1.06it/s]
 30%|ΓûêΓûêΓûê       | 909/3000 [15:09<34:36,  1.01it/s]
 30%|ΓûêΓûêΓûê       | 910/3000 [15:10<36:00,  1.03s/it]
 30%|ΓûêΓûêΓûê       | 911/3000 [15:11<34:08,  1.02it/s]
 30%|ΓûêΓûêΓûê       | 912/3000 [15:12<36:02,  1.04s/it]
 30%|ΓûêΓûêΓûê       | 913/3000 [15:13<31:51,  1.09it/s]
 30%|ΓûêΓûêΓûê       | 914/3000 [15:13<29:23,  1.18it/s]
 30%|ΓûêΓûêΓûê       | 915/3000 [15:14<26:08,  1.33it/s]
 31%|ΓûêΓûêΓûê       | 916/3000 [15:15<26:15,  1.32it/s]
 31%|ΓûêΓûêΓûê       | 917/3000 [15:16<31:38,  1.10it/s]
 31%|ΓûêΓûêΓûê       | 918/3000 [15:16<28:42,  1.21it/s]
 31%|ΓûêΓûêΓûê       | 919/3000 [15:17<26:14,  1.32it/s]
 31%|ΓûêΓûêΓûê       | 920/3000 [15:18<29:55,  1.16it/s]
 31%|ΓûêΓûêΓûê       | 921/3000 [15:21<52:17,  1.51s/it]
 31%|ΓûêΓûêΓûê       | 922/3000 [15:23<51:31,  1.49s/it]
 31%|ΓûêΓûêΓûê       | 923/3000 [15:23<41:44,  1.21s/it]
 31%|ΓûêΓûêΓûê       | 924/3000 [15:24<36:12,  1.05s/it]
 31%|ΓûêΓûêΓûê       | 925/3000 [15:24<31:32,  1.10it/s]
 31%|ΓûêΓûêΓûê       | 926/3000 [15:25<28:56,  1.19it/s]
 31%|ΓûêΓûêΓûê       | 927/3000 [15:26<27:06,  1.27it/s]
 31%|ΓûêΓûêΓûê       | 928/3000 [15:27<28:32,  1.21it/s]
 31%|ΓûêΓûêΓûê       | 929/3000 [15:28<34:12,  1.01it/s]
 31%|ΓûêΓûêΓûê       | 930/3000 [15:29<33:12,  1.04it/s]
 31%|ΓûêΓûêΓûê       | 931/3000 [15:30<36:43,  1.07s/it]
 31%|ΓûêΓûêΓûê       | 932/3000 [15:31<33:33,  1.03it/s]
 31%|ΓûêΓûêΓûê       | 933/3000 [15:32<31:05,  1.11it/s]
 31%|ΓûêΓûêΓûê       | 934/3000 [15:33<34:40,  1.01s/it]
 31%|ΓûêΓûêΓûê       | 935/3000 [15:34<31:49,  1.08it/s]
 31%|ΓûêΓûêΓûê       | 936/3000 [15:34<27:41,  1.24it/s]
 31%|ΓûêΓûêΓûê       | 937/3000 [15:35<29:19,  1.17it/s]
 31%|ΓûêΓûêΓûêΓûÅ      | 938/3000 [15:36<30:06,  1.14it/s]
 31%|ΓûêΓûêΓûêΓûÅ      | 939/3000 [15:37<27:27,  1.25it/s]
 31%|ΓûêΓûêΓûêΓûÅ      | 940/3000 [15:38<35:30,  1.03s/it]
 31%|ΓûêΓûêΓûêΓûÅ      | 941/3000 [15:39<30:34,  1.12it/s]
 31%|ΓûêΓûêΓûêΓûÅ      | 942/3000 [15:40<34:30,  1.01s/it]
 31%|ΓûêΓûêΓûêΓûÅ      | 943/3000 [15:41<32:20,  1.06it/s]
 31%|ΓûêΓûêΓûêΓûÅ      | 944/3000 [15:42<29:28,  1.16it/s]
 32%|ΓûêΓûêΓûêΓûÅ      | 945/3000 [15:43<30:35,  1.12it/s]
 32%|ΓûêΓûêΓûêΓûÅ      | 946/3000 [15:45<40:46,  1.19s/it]
 32%|ΓûêΓûêΓûêΓûÅ      | 947/3000 [15:45<37:12,  1.09s/it]
 32%|ΓûêΓûêΓûêΓûÅ      | 948/3000 [15:46<35:13,  1.03s/it]
 32%|ΓûêΓûêΓûêΓûÅ      | 949/3000 [15:47<32:00,  1.07it/s]
 32%|ΓûêΓûêΓûêΓûÅ      | 950/3000 [15:48<37:18,  1.09s/it]
 32%|ΓûêΓûêΓûêΓûÅ      | 951/3000 [15:49<33:06,  1.03it/s]
 32%|ΓûêΓûêΓûêΓûÅ      | 952/3000 [15:50<29:46,  1.15it/s]
 32%|ΓûêΓûêΓûêΓûÅ      | 953/3000 [15:50<27:41,  1.23it/s]
 32%|ΓûêΓûêΓûêΓûÅ      | 954/3000 [15:51<25:05,  1.36it/s]
 32%|ΓûêΓûêΓûêΓûÅ      | 955/3000 [15:52<32:23,  1.05it/s]
 32%|ΓûêΓûêΓûêΓûÅ      | 956/3000 [15:53<30:18,  1.12it/s]
 32%|ΓûêΓûêΓûêΓûÅ      | 957/3000 [15:54<25:53,  1.32it/s]
 32%|ΓûêΓûêΓûêΓûÅ      | 958/3000 [15:54<24:33,  1.39it/s]
 32%|ΓûêΓûêΓûêΓûÅ      | 959/3000 [15:55<23:01,  1.48it/s]
 32%|ΓûêΓûêΓûêΓûÅ      | 960/3000 [15:56<24:18,  1.40it/s]
 32%|ΓûêΓûêΓûêΓûÅ      | 961/3000 [16:00<56:48,  1.67s/it]
 32%|ΓûêΓûêΓûêΓûÅ      | 962/3000 [16:01<51:46,  1.52s/it]
 32%|ΓûêΓûêΓûêΓûÅ      | 963/3000 [16:03<54:20,  1.60s/it]
 32%|ΓûêΓûêΓûêΓûÅ      | 964/3000 [16:03<47:04,  1.39s/it]
 32%|ΓûêΓûêΓûêΓûÅ      | 965/3000 [16:04<40:08,  1.18s/it]
 32%|ΓûêΓûêΓûêΓûÅ      | 966/3000 [16:05<34:00,  1.00s/it]
 32%|ΓûêΓûêΓûêΓûÅ      | 967/3000 [16:06<36:41,  1.08s/it]
 32%|ΓûêΓûêΓûêΓûÅ      | 968/3000 [16:07<32:46,  1.03it/s]
 32%|ΓûêΓûêΓûêΓûÅ      | 969/3000 [16:07<27:49,  1.22it/s]
 32%|ΓûêΓûêΓûêΓûÅ      | 970/3000 [16:08<25:30,  1.33it/s]
 32%|ΓûêΓûêΓûêΓûÅ      | 971/3000 [16:09<26:16,  1.29it/s]
 32%|ΓûêΓûêΓûêΓûÅ      | 972/3000 [16:10<34:33,  1.02s/it]
 32%|ΓûêΓûêΓûêΓûÅ      | 973/3000 [16:11<29:34,  1.14it/s]
 32%|ΓûêΓûêΓûêΓûÅ      | 974/3000 [16:13<39:14,  1.16s/it]
 32%|ΓûêΓûêΓûêΓûÄ      | 975/3000 [16:13<33:55,  1.01s/it]
 33%|ΓûêΓûêΓûêΓûÄ      | 976/3000 [16:14<32:24,  1.04it/s]
 33%|ΓûêΓûêΓûêΓûÄ      | 977/3000 [16:15<29:53,  1.13it/s]
 33%|ΓûêΓûêΓûêΓûÄ      | 978/3000 [16:15<28:07,  1.20it/s]
 33%|ΓûêΓûêΓûêΓûÄ      | 979/3000 [16:16<29:26,  1.14it/s]
 33%|ΓûêΓûêΓûêΓûÄ      | 980/3000 [16:18<41:38,  1.24s/it]
 33%|ΓûêΓûêΓûêΓûÄ      | 981/3000 [16:20<40:24,  1.20s/it]
 33%|ΓûêΓûêΓûêΓûÄ      | 982/3000 [16:22<48:26,  1.44s/it]
 33%|ΓûêΓûêΓûêΓûÄ      | 983/3000 [16:22<41:24,  1.23s/it]
 33%|ΓûêΓûêΓûêΓûÄ      | 984/3000 [16:23<39:46,  1.18s/it]
 33%|ΓûêΓûêΓûêΓûÄ      | 985/3000 [16:24<35:08,  1.05s/it]
 33%|ΓûêΓûêΓûêΓûÄ      | 986/3000 [16:25<32:36,  1.03it/s]
 33%|ΓûêΓûêΓûêΓûÄ      | 987/3000 [16:26<37:22,  1.11s/it]
 33%|ΓûêΓûêΓûêΓûÄ      | 988/3000 [16:28<38:57,  1.16s/it]
 33%|ΓûêΓûêΓûêΓûÄ      | 989/3000 [16:29<35:54,  1.07s/it]
 33%|ΓûêΓûêΓûêΓûÄ      | 990/3000 [16:29<31:10,  1.07it/s]
 33%|ΓûêΓûêΓûêΓûÄ      | 991/3000 [16:31<41:29,  1.24s/it]
 33%|ΓûêΓûêΓûêΓûÄ      | 992/3000 [16:32<35:59,  1.08s/it]
 33%|ΓûêΓûêΓûêΓûÄ      | 993/3000 [16:33<33:30,  1.00s/it]
 33%|ΓûêΓûêΓûêΓûÄ      | 994/3000 [16:33<30:40,  1.09it/s]
 33%|ΓûêΓûêΓûêΓûÄ      | 995/3000 [16:34<32:51,  1.02it/s]
 33%|ΓûêΓûêΓûêΓûÄ      | 996/3000 [16:35<29:48,  1.12it/s]
 33%|ΓûêΓûêΓûêΓûÄ      | 997/3000 [16:36<27:42,  1.20it/s]
 33%|ΓûêΓûêΓûêΓûÄ      | 998/3000 [16:37<30:57,  1.08it/s]
 33%|ΓûêΓûêΓûêΓûÄ      | 999/3000 [16:38<34:44,  1.04s/it]
 33%|ΓûêΓûêΓûêΓûÄ      | 1000/3000 [16:39<31:22,  1.06it/s]
 33%|ΓûêΓûêΓûêΓûÄ      | 1001/3000 [16:40<30:44,  1.08it/s]
 33%|ΓûêΓûêΓûêΓûÄ      | 1002/3000 [16:41<29:40,  1.12it/s]
 33%|ΓûêΓûêΓûêΓûÄ      | 1003/3000 [16:41<26:01,  1.28it/s]
 33%|ΓûêΓûêΓûêΓûÄ      | 1004/3000 [16:42<23:36,  1.41it/s]
 34%|ΓûêΓûêΓûêΓûÄ      | 1005/3000 [16:42<23:16,  1.43it/s]
 34%|ΓûêΓûêΓûêΓûÄ      | 1006/3000 [16:43<25:20,  1.31it/s]
 34%|ΓûêΓûêΓûêΓûÄ      | 1007/3000 [16:44<24:48,  1.34it/s]
 34%|ΓûêΓûêΓûêΓûÄ      | 1008/3000 [16:45<29:28,  1.13it/s]
 34%|ΓûêΓûêΓûêΓûÄ      | 1009/3000 [16:46<29:12,  1.14it/s]
 34%|ΓûêΓûêΓûêΓûÄ      | 1010/3000 [16:47<30:33,  1.09it/s]
 34%|ΓûêΓûêΓûêΓûÄ      | 1011/3000 [16:48<26:56,  1.23it/s]
 34%|ΓûêΓûêΓûêΓûÄ      | 1012/3000 [16:48<26:01,  1.27it/s]
 34%|ΓûêΓûêΓûêΓûì      | 1013/3000 [16:49<27:04,  1.22it/s]
 34%|ΓûêΓûêΓûêΓûì      | 1014/3000 [16:51<38:49,  1.17s/it]
 34%|ΓûêΓûêΓûêΓûì      | 1015/3000 [16:52<35:49,  1.08s/it]
 34%|ΓûêΓûêΓûêΓûì      | 1016/3000 [16:54<40:24,  1.22s/it]
 34%|ΓûêΓûêΓûêΓûì      | 1017/3000 [16:54<35:35,  1.08s/it]
 34%|ΓûêΓûêΓûêΓûì      | 1018/3000 [16:56<36:45,  1.11s/it]
 34%|ΓûêΓûêΓûêΓûì      | 1019/3000 [16:57<35:49,  1.08s/it]
 34%|ΓûêΓûêΓûêΓûì      | 1020/3000 [16:58<38:17,  1.16s/it]
 34%|ΓûêΓûêΓûêΓûì      | 1021/3000 [17:00<41:18,  1.25s/it]
 34%|ΓûêΓûêΓûêΓûì      | 1022/3000 [17:01<39:55,  1.21s/it]
 34%|ΓûêΓûêΓûêΓûì      | 1023/3000 [17:01<36:14,  1.10s/it]
 34%|ΓûêΓûêΓûêΓûì      | 1024/3000 [17:02<32:36,  1.01it/s]
 34%|ΓûêΓûêΓûêΓûì      | 1025/3000 [17:03<29:59,  1.10it/s]
 34%|ΓûêΓûêΓûêΓûì      | 1026/3000 [17:04<31:05,  1.06it/s]
 34%|ΓûêΓûêΓûêΓûì      | 1027/3000 [17:05<33:14,  1.01s/it]
 34%|ΓûêΓûêΓûêΓûì      | 1028/3000 [17:06<35:51,  1.09s/it]
 34%|ΓûêΓûêΓûêΓûì      | 1029/3000 [17:07<30:55,  1.06it/s]
 34%|ΓûêΓûêΓûêΓûì      | 1030/3000 [17:08<28:19,  1.16it/s]
 34%|ΓûêΓûêΓûêΓûì      | 1031/3000 [17:09<36:45,  1.12s/it]
 34%|ΓûêΓûêΓûêΓûì      | 1032/3000 [17:10<33:01,  1.01s/it]
 34%|ΓûêΓûêΓûêΓûì      | 1033/3000 [17:11<30:45,  1.07it/s]
 34%|ΓûêΓûêΓûêΓûì      | 1034/3000 [17:12<28:31,  1.15it/s]
 34%|ΓûêΓûêΓûêΓûì      | 1035/3000 [17:12<28:29,  1.15it/s]
 35%|ΓûêΓûêΓûêΓûì      | 1036/3000 [17:14<31:58,  1.02it/s]
 35%|ΓûêΓûêΓûêΓûì      | 1037/3000 [17:15<33:31,  1.02s/it]
 35%|ΓûêΓûêΓûêΓûì      | 1038/3000 [17:16<38:48,  1.19s/it]
 35%|ΓûêΓûêΓûêΓûì      | 1039/3000 [17:18<38:28,  1.18s/it]
 35%|ΓûêΓûêΓûêΓûì      | 1040/3000 [17:19<38:55,  1.19s/it]
 35%|ΓûêΓûêΓûêΓûì      | 1041/3000 [17:20<36:48,  1.13s/it]
 35%|ΓûêΓûêΓûêΓûì      | 1042/3000 [17:21<33:27,  1.03s/it]
 35%|ΓûêΓûêΓûêΓûì      | 1043/3000 [17:21<29:40,  1.10it/s]
 35%|ΓûêΓûêΓûêΓûì      | 1044/3000 [17:22<29:38,  1.10it/s]
 35%|ΓûêΓûêΓûêΓûì      | 1045/3000 [17:23<32:23,  1.01it/s]
 35%|ΓûêΓûêΓûêΓûì      | 1046/3000 [17:24<31:01,  1.05it/s]
 35%|ΓûêΓûêΓûêΓûì      | 1047/3000 [17:25<30:44,  1.06it/s]
 35%|ΓûêΓûêΓûêΓûì      | 1048/3000 [17:26<29:34,  1.10it/s]
 35%|ΓûêΓûêΓûêΓûì      | 1049/3000 [17:27<28:20,  1.15it/s]
 35%|ΓûêΓûêΓûêΓûî      | 1050/3000 [17:28<29:43,  1.09it/s]
 35%|ΓûêΓûêΓûêΓûî      | 1051/3000 [17:29<31:02,  1.05it/s]
 35%|ΓûêΓûêΓûêΓûî      | 1052/3000 [17:30<33:16,  1.03s/it]
 35%|ΓûêΓûêΓûêΓûî      | 1053/3000 [17:31<32:50,  1.01s/it]
 35%|ΓûêΓûêΓûêΓûî      | 1054/3000 [17:32<30:11,  1.07it/s]
 35%|ΓûêΓûêΓûêΓûî      | 1055/3000 [17:33<36:10,  1.12s/it]
 35%|ΓûêΓûêΓûêΓûî      | 1056/3000 [17:34<32:18,  1.00it/s]
 35%|ΓûêΓûêΓûêΓûî      | 1057/3000 [17:35<34:07,  1.05s/it]
 35%|ΓûêΓûêΓûêΓûî      | 1058/3000 [17:36<31:55,  1.01it/s]
 35%|ΓûêΓûêΓûêΓûî      | 1059/3000 [17:37<32:24,  1.00s/it]
 35%|ΓûêΓûêΓûêΓûî      | 1060/3000 [17:38<32:38,  1.01s/it]
 35%|ΓûêΓûêΓûêΓûî      | 1061/3000 [17:39<35:34,  1.10s/it]
 35%|ΓûêΓûêΓûêΓûî      | 1062/3000 [17:40<32:34,  1.01s/it]
 35%|ΓûêΓûêΓûêΓûî      | 1063/3000 [17:41<29:22,  1.10it/s]
 35%|ΓûêΓûêΓûêΓûî      | 1064/3000 [17:42<27:44,  1.16it/s]
 36%|ΓûêΓûêΓûêΓûî      | 1065/3000 [17:42<26:26,  1.22it/s]
 36%|ΓûêΓûêΓûêΓûî      | 1066/3000 [17:43<27:21,  1.18it/s]
 36%|ΓûêΓûêΓûêΓûî      | 1067/3000 [17:44<27:31,  1.17it/s]
 36%|ΓûêΓûêΓûêΓûî      | 1068/3000 [17:45<27:36,  1.17it/s]
 36%|ΓûêΓûêΓûêΓûî      | 1069/3000 [17:46<30:58,  1.04it/s]
 36%|ΓûêΓûêΓûêΓûî      | 1070/3000 [17:47<26:49,  1.20it/s]
 36%|ΓûêΓûêΓûêΓûî      | 1071/3000 [17:48<31:12,  1.03it/s]
 36%|ΓûêΓûêΓûêΓûî      | 1072/3000 [17:49<28:09,  1.14it/s]
 36%|ΓûêΓûêΓûêΓûî      | 1073/3000 [17:50<32:02,  1.00it/s]
 36%|ΓûêΓûêΓûêΓûî      | 1074/3000 [17:51<29:42,  1.08it/s]
 36%|ΓûêΓûêΓûêΓûî      | 1075/3000 [17:52<34:12,  1.07s/it]
 36%|ΓûêΓûêΓûêΓûî      | 1076/3000 [17:53<33:45,  1.05s/it]
 36%|ΓûêΓûêΓûêΓûî      | 1077/3000 [17:54<28:59,  1.11it/s]
 36%|ΓûêΓûêΓûêΓûî      | 1078/3000 [17:54<28:12,  1.14it/s]
 36%|ΓûêΓûêΓûêΓûî      | 1079/3000 [17:55<25:00,  1.28it/s]
 36%|ΓûêΓûêΓûêΓûî      | 1080/3000 [17:56<29:28,  1.09it/s]
 36%|ΓûêΓûêΓûêΓûî      | 1081/3000 [17:58<34:49,  1.09s/it]
 36%|ΓûêΓûêΓûêΓûî      | 1082/3000 [17:59<35:42,  1.12s/it]
 36%|ΓûêΓûêΓûêΓûî      | 1083/3000 [18:00<37:32,  1.18s/it]
 36%|ΓûêΓûêΓûêΓûî      | 1084/3000 [18:01<31:16,  1.02it/s]
 36%|ΓûêΓûêΓûêΓûî      | 1085/3000 [18:02<31:40,  1.01it/s]
 36%|ΓûêΓûêΓûêΓûî      | 1086/3000 [18:02<28:48,  1.11it/s]
 36%|ΓûêΓûêΓûêΓûî      | 1087/3000 [18:03<27:14,  1.17it/s]
 36%|ΓûêΓûêΓûêΓûï      | 1088/3000 [18:04<27:10,  1.17it/s]
 36%|ΓûêΓûêΓûêΓûï      | 1089/3000 [18:05<29:58,  1.06it/s]
 36%|ΓûêΓûêΓûêΓûï      | 1090/3000 [18:06<32:32,  1.02s/it]
 36%|ΓûêΓûêΓûêΓûï      | 1091/3000 [18:07<29:20,  1.08it/s]
 36%|ΓûêΓûêΓûêΓûï      | 1092/3000 [18:08<30:05,  1.06it/s]
 36%|ΓûêΓûêΓûêΓûï      | 1093/3000 [18:09<32:55,  1.04s/it]
 36%|ΓûêΓûêΓûêΓûï      | 1094/3000 [18:10<33:37,  1.06s/it]
 36%|ΓûêΓûêΓûêΓûï      | 1095/3000 [18:12<34:34,  1.09s/it]
 37%|ΓûêΓûêΓûêΓûï      | 1096/3000 [18:12<29:32,  1.07it/s]
 37%|ΓûêΓûêΓûêΓûï      | 1097/3000 [18:13<28:26,  1.12it/s]
 37%|ΓûêΓûêΓûêΓûï      | 1098/3000 [18:14<27:49,  1.14it/s]
 37%|ΓûêΓûêΓûêΓûï      | 1099/3000 [18:15<27:52,  1.14it/s]
 37%|ΓûêΓûêΓûêΓûï      | 1100/3000 [18:15<24:47,  1.28it/s]
 37%|ΓûêΓûêΓûêΓûï      | 1101/3000 [18:16<27:12,  1.16it/s]
 37%|ΓûêΓûêΓûêΓûï      | 1102/3000 [18:17<29:00,  1.09it/s]
 37%|ΓûêΓûêΓûêΓûï      | 1103/3000 [18:19<33:55,  1.07s/it]
 37%|ΓûêΓûêΓûêΓûï      | 1104/3000 [18:20<34:52,  1.10s/it]
 37%|ΓûêΓûêΓûêΓûï      | 1105/3000 [18:21<34:10,  1.08s/it]
 37%|ΓûêΓûêΓûêΓûï      | 1106/3000 [18:22<34:51,  1.10s/it]
 37%|ΓûêΓûêΓûêΓûï      | 1107/3000 [18:23<35:37,  1.13s/it]
 37%|ΓûêΓûêΓûêΓûï      | 1108/3000 [18:24<32:53,  1.04s/it]
 37%|ΓûêΓûêΓûêΓûï      | 1109/3000 [18:25<29:29,  1.07it/s]
 37%|ΓûêΓûêΓûêΓûï      | 1110/3000 [18:26<28:27,  1.11it/s]
 37%|ΓûêΓûêΓûêΓûï      | 1111/3000 [18:28<37:51,  1.20s/it]
 37%|ΓûêΓûêΓûêΓûï      | 1112/3000 [18:28<34:18,  1.09s/it]
 37%|ΓûêΓûêΓûêΓûï      | 1113/3000 [18:29<31:03,  1.01it/s]
 37%|ΓûêΓûêΓûêΓûï      | 1114/3000 [18:30<33:14,  1.06s/it]
 37%|ΓûêΓûêΓûêΓûï      | 1115/3000 [18:32<42:13,  1.34s/it]
 37%|ΓûêΓûêΓûêΓûï      | 1116/3000 [18:33<38:41,  1.23s/it]
 37%|ΓûêΓûêΓûêΓûï      | 1117/3000 [18:34<33:48,  1.08s/it]
 37%|ΓûêΓûêΓûêΓûï      | 1118/3000 [18:35<34:27,  1.10s/it]
 37%|ΓûêΓûêΓûêΓûï      | 1119/3000 [18:36<31:01,  1.01it/s]
 37%|ΓûêΓûêΓûêΓûï      | 1120/3000 [18:37<31:10,  1.00it/s]
 37%|ΓûêΓûêΓûêΓûï      | 1121/3000 [18:38<29:11,  1.07it/s]
 37%|ΓûêΓûêΓûêΓûï      | 1122/3000 [18:39<29:43,  1.05it/s]
 37%|ΓûêΓûêΓûêΓûï      | 1123/3000 [18:40<35:57,  1.15s/it]
 37%|ΓûêΓûêΓûêΓûï      | 1124/3000 [18:41<34:17,  1.10s/it]
 38%|ΓûêΓûêΓûêΓûè      | 1125/3000 [18:42<32:11,  1.03s/it]
 38%|ΓûêΓûêΓûêΓûè      | 1126/3000 [18:43<30:59,  1.01it/s]
 38%|ΓûêΓûêΓûêΓûè      | 1127/3000 [18:44<33:06,  1.06s/it]
 38%|ΓûêΓûêΓûêΓûè      | 1128/3000 [18:45<33:31,  1.07s/it]
 38%|ΓûêΓûêΓûêΓûè      | 1129/3000 [18:47<35:11,  1.13s/it]
 38%|ΓûêΓûêΓûêΓûè      | 1130/3000 [18:48<34:49,  1.12s/it]
 38%|ΓûêΓûêΓûêΓûè      | 1131/3000 [18:50<41:24,  1.33s/it]
 38%|ΓûêΓûêΓûêΓûè      | 1132/3000 [18:51<41:33,  1.33s/it]
 38%|ΓûêΓûêΓûêΓûè      | 1133/3000 [18:52<38:04,  1.22s/it]
 38%|ΓûêΓûêΓûêΓûè      | 1134/3000 [18:53<32:58,  1.06s/it]
 38%|ΓûêΓûêΓûêΓûè      | 1135/3000 [18:54<32:02,  1.03s/it]
 38%|ΓûêΓûêΓûêΓûè      | 1136/3000 [18:54<30:48,  1.01it/s]
 38%|ΓûêΓûêΓûêΓûè      | 1137/3000 [18:56<33:27,  1.08s/it]
 38%|ΓûêΓûêΓûêΓûè      | 1138/3000 [18:57<36:21,  1.17s/it]
 38%|ΓûêΓûêΓûêΓûè      | 1139/3000 [18:58<35:16,  1.14s/it]
 38%|ΓûêΓûêΓûêΓûè      | 1140/3000 [18:59<30:03,  1.03it/s]
 38%|ΓûêΓûêΓûêΓûè      | 1141/3000 [19:01<40:22,  1.30s/it]
 38%|ΓûêΓûêΓûêΓûè      | 1142/3000 [19:03<47:50,  1.54s/it]
 38%|ΓûêΓûêΓûêΓûè      | 1143/3000 [19:04<38:44,  1.25s/it]
 38%|ΓûêΓûêΓûêΓûè      | 1144/3000 [19:04<34:47,  1.12s/it]
 38%|ΓûêΓûêΓûêΓûè      | 1145/3000 [19:05<31:09,  1.01s/it]
 38%|ΓûêΓûêΓûêΓûè      | 1146/3000 [19:07<35:05,  1.14s/it]
 38%|ΓûêΓûêΓûêΓûè      | 1147/3000 [19:08<35:10,  1.14s/it]
 38%|ΓûêΓûêΓûêΓûè      | 1148/3000 [19:09<33:47,  1.09s/it]
 38%|ΓûêΓûêΓûêΓûè      | 1149/3000 [19:10<32:26,  1.05s/it]
 38%|ΓûêΓûêΓûêΓûè      | 1150/3000 [19:11<32:28,  1.05s/it]
 38%|ΓûêΓûêΓûêΓûè      | 1151/3000 [19:12<31:57,  1.04s/it]
 38%|ΓûêΓûêΓûêΓûè      | 1152/3000 [19:12<29:08,  1.06it/s]
 38%|ΓûêΓûêΓûêΓûè      | 1153/3000 [19:14<32:18,  1.05s/it]
 38%|ΓûêΓûêΓûêΓûè      | 1154/3000 [19:14<28:46,  1.07it/s]
 38%|ΓûêΓûêΓûêΓûè      | 1155/3000 [19:15<26:29,  1.16it/s]
 39%|ΓûêΓûêΓûêΓûè      | 1156/3000 [19:16<29:21,  1.05it/s]
 39%|ΓûêΓûêΓûêΓûè      | 1157/3000 [19:17<27:13,  1.13it/s]
 39%|ΓûêΓûêΓûêΓûè      | 1158/3000 [19:18<26:14,  1.17it/s]
 39%|ΓûêΓûêΓûêΓûè      | 1159/3000 [19:18<24:45,  1.24it/s]
 39%|ΓûêΓûêΓûêΓûè      | 1160/3000 [19:20<27:47,  1.10it/s]
 39%|ΓûêΓûêΓûêΓûè      | 1161/3000 [19:21<35:35,  1.16s/it]
 39%|ΓûêΓûêΓûêΓûè      | 1162/3000 [19:22<34:08,  1.11s/it]
 39%|ΓûêΓûêΓûêΓûë      | 1163/3000 [19:23<31:17,  1.02s/it]
 39%|ΓûêΓûêΓûêΓûë      | 1164/3000 [19:24<27:58,  1.09it/s]
 39%|ΓûêΓûêΓûêΓûë      | 1165/3000 [19:25<31:12,  1.02s/it]
 39%|ΓûêΓûêΓûêΓûë      | 1166/3000 [19:26<26:42,  1.14it/s]
 39%|ΓûêΓûêΓûêΓûë      | 1167/3000 [19:26<25:15,  1.21it/s]
 39%|ΓûêΓûêΓûêΓûë      | 1168/3000 [19:27<22:48,  1.34it/s]
 39%|ΓûêΓûêΓûêΓûë      | 1169/3000 [19:28<22:11,  1.38it/s]
 39%|ΓûêΓûêΓûêΓûë      | 1170/3000 [19:28<23:28,  1.30it/s]
 39%|ΓûêΓûêΓûêΓûë      | 1171/3000 [19:31<37:20,  1.22s/it]
 39%|ΓûêΓûêΓûêΓûë      | 1172/3000 [19:32<33:05,  1.09s/it]
 39%|ΓûêΓûêΓûêΓûë      | 1173/3000 [19:32<29:28,  1.03it/s]
 39%|ΓûêΓûêΓûêΓûë      | 1174/3000 [19:33<28:16,  1.08it/s]
 39%|ΓûêΓûêΓûêΓûë      | 1175/3000 [19:34<28:59,  1.05it/s]
 39%|ΓûêΓûêΓûêΓûë      | 1176/3000 [19:35<28:28,  1.07it/s]
 39%|ΓûêΓûêΓûêΓûë      | 1177/3000 [19:36<26:03,  1.17it/s]
 39%|ΓûêΓûêΓûêΓûë      | 1178/3000 [19:37<31:19,  1.03s/it]
 39%|ΓûêΓûêΓûêΓûë      | 1179/3000 [19:38<33:33,  1.11s/it]
 39%|ΓûêΓûêΓûêΓûë      | 1180/3000 [19:39<29:39,  1.02it/s]
 39%|ΓûêΓûêΓûêΓûë      | 1181/3000 [19:40<26:23,  1.15it/s]
 39%|ΓûêΓûêΓûêΓûë      | 1182/3000 [19:40<25:16,  1.20it/s]
 39%|ΓûêΓûêΓûêΓûë      | 1183/3000 [19:41<26:25,  1.15it/s]
 39%|ΓûêΓûêΓûêΓûë      | 1184/3000 [19:42<26:31,  1.14it/s]
 40%|ΓûêΓûêΓûêΓûë      | 1185/3000 [19:43<25:14,  1.20it/s]
 40%|ΓûêΓûêΓûêΓûë      | 1186/3000 [19:44<26:02,  1.16it/s]
 40%|ΓûêΓûêΓûêΓûë      | 1187/3000 [19:45<24:35,  1.23it/s]
 40%|ΓûêΓûêΓûêΓûë      | 1188/3000 [19:45<25:12,  1.20it/s]
 40%|ΓûêΓûêΓûêΓûë      | 1189/3000 [19:46<25:35,  1.18it/s]
 40%|ΓûêΓûêΓûêΓûë      | 1190/3000 [19:47<23:00,  1.31it/s]
 40%|ΓûêΓûêΓûêΓûë      | 1191/3000 [19:48<23:26,  1.29it/s]
 40%|ΓûêΓûêΓûêΓûë      | 1192/3000 [19:49<24:02,  1.25it/s]
 40%|ΓûêΓûêΓûêΓûë      | 1193/3000 [19:50<25:24,  1.18it/s]
 40%|ΓûêΓûêΓûêΓûë      | 1194/3000 [19:50<24:31,  1.23it/s]
 40%|ΓûêΓûêΓûêΓûë      | 1195/3000 [19:51<23:58,  1.25it/s]
 40%|ΓûêΓûêΓûêΓûë      | 1196/3000 [19:52<25:47,  1.17it/s]
 40%|ΓûêΓûêΓûêΓûë      | 1197/3000 [19:53<26:48,  1.12it/s]
 40%|ΓûêΓûêΓûêΓûë      | 1198/3000 [19:54<26:35,  1.13it/s]
 40%|ΓûêΓûêΓûêΓûë      | 1199/3000 [19:55<26:51,  1.12it/s]
 40%|ΓûêΓûêΓûêΓûê      | 1200/3000 [19:55<24:59,  1.20it/s]
 40%|ΓûêΓûêΓûêΓûê      | 1201/3000 [19:56<25:18,  1.18it/s]
 40%|ΓûêΓûêΓûêΓûê      | 1202/3000 [19:58<35:00,  1.17s/it]
 40%|ΓûêΓûêΓûêΓûê      | 1203/3000 [20:00<36:45,  1.23s/it]
 40%|ΓûêΓûêΓûêΓûê      | 1204/3000 [20:00<32:20,  1.08s/it]
 40%|ΓûêΓûêΓûêΓûê      | 1205/3000 [20:02<36:49,  1.23s/it]
 40%|ΓûêΓûêΓûêΓûê      | 1206/3000 [20:03<35:14,  1.18s/it]
 40%|ΓûêΓûêΓûêΓûê      | 1207/3000 [20:04<34:38,  1.16s/it]
 40%|ΓûêΓûêΓûêΓûê      | 1208/3000 [20:05<32:08,  1.08s/it]
 40%|ΓûêΓûêΓûêΓûê      | 1209/3000 [20:06<31:10,  1.04s/it]
 40%|ΓûêΓûêΓûêΓûê      | 1210/3000 [20:07<27:07,  1.10it/s]
 40%|ΓûêΓûêΓûêΓûê      | 1211/3000 [20:07<23:11,  1.29it/s]
 40%|ΓûêΓûêΓûêΓûê      | 1212/3000 [20:08<28:17,  1.05it/s]
 40%|ΓûêΓûêΓûêΓûê      | 1213/3000 [20:10<38:35,  1.30s/it]
 40%|ΓûêΓûêΓûêΓûê      | 1214/3000 [20:11<31:48,  1.07s/it]
 40%|ΓûêΓûêΓûêΓûê      | 1215/3000 [20:12<29:35,  1.01it/s]
 41%|ΓûêΓûêΓûêΓûê      | 1216/3000 [20:13<35:02,  1.18s/it]
 41%|ΓûêΓûêΓûêΓûê      | 1217/3000 [20:16<45:47,  1.54s/it]
 41%|ΓûêΓûêΓûêΓûê      | 1218/3000 [20:17<40:10,  1.35s/it]
 41%|ΓûêΓûêΓûêΓûê      | 1219/3000 [20:17<33:20,  1.12s/it]
 41%|ΓûêΓûêΓûêΓûê      | 1220/3000 [20:18<28:41,  1.03it/s]
 41%|ΓûêΓûêΓûêΓûê      | 1221/3000 [20:19<26:14,  1.13it/s]
 41%|ΓûêΓûêΓûêΓûê      | 1222/3000 [20:19<23:36,  1.26it/s]
 41%|ΓûêΓûêΓûêΓûê      | 1223/3000 [20:21<30:56,  1.04s/it]
 41%|ΓûêΓûêΓûêΓûê      | 1224/3000 [20:23<36:28,  1.23s/it]
 41%|ΓûêΓûêΓûêΓûê      | 1225/3000 [20:23<32:12,  1.09s/it]
 41%|ΓûêΓûêΓûêΓûê      | 1226/3000 [20:24<28:03,  1.05it/s]
 41%|ΓûêΓûêΓûêΓûê      | 1227/3000 [20:24<24:50,  1.19it/s]
 41%|ΓûêΓûêΓûêΓûê      | 1228/3000 [20:26<27:51,  1.06it/s]
 41%|ΓûêΓûêΓûêΓûê      | 1229/3000 [20:26<23:46,  1.24it/s]
 41%|ΓûêΓûêΓûêΓûê      | 1230/3000 [20:27<23:15,  1.27it/s]
 41%|ΓûêΓûêΓûêΓûê      | 1231/3000 [20:28<28:26,  1.04it/s]
 41%|ΓûêΓûêΓûêΓûê      | 1232/3000 [20:29<28:42,  1.03it/s]
 41%|ΓûêΓûêΓûêΓûê      | 1233/3000 [20:30<27:03,  1.09it/s]
 41%|ΓûêΓûêΓûêΓûê      | 1234/3000 [20:31<24:11,  1.22it/s]
 41%|ΓûêΓûêΓûêΓûê      | 1235/3000 [20:31<23:13,  1.27it/s]
 41%|ΓûêΓûêΓûêΓûê      | 1236/3000 [20:32<24:48,  1.18it/s]
 41%|ΓûêΓûêΓûêΓûê      | 1237/3000 [20:33<24:34,  1.20it/s]
 41%|ΓûêΓûêΓûêΓûêΓûÅ     | 1238/3000 [20:34<27:35,  1.06it/s]
 41%|ΓûêΓûêΓûêΓûêΓûÅ     | 1239/3000 [20:35<28:50,  1.02it/s]
 41%|ΓûêΓûêΓûêΓûêΓûÅ     | 1240/3000 [20:36<28:44,  1.02it/s]
 41%|ΓûêΓûêΓûêΓûêΓûÅ     | 1241/3000 [20:37<26:14,  1.12it/s]
 41%|ΓûêΓûêΓûêΓûêΓûÅ     | 1242/3000 [20:39<32:52,  1.12s/it]
 41%|ΓûêΓûêΓûêΓûêΓûÅ     | 1243/3000 [20:40<29:37,  1.01s/it]
 41%|ΓûêΓûêΓûêΓûêΓûÅ     | 1244/3000 [20:40<26:19,  1.11it/s]
 42%|ΓûêΓûêΓûêΓûêΓûÅ     | 1245/3000 [20:42<32:01,  1.10s/it]
 42%|ΓûêΓûêΓûêΓûêΓûÅ     | 1246/3000 [20:43<34:14,  1.17s/it]
 42%|ΓûêΓûêΓûêΓûêΓûÅ     | 1247/3000 [20:44<31:41,  1.08s/it]
 42%|ΓûêΓûêΓûêΓûêΓûÅ     | 1248/3000 [20:45<30:45,  1.05s/it]
 42%|ΓûêΓûêΓûêΓûêΓûÅ     | 1249/3000 [20:46<28:04,  1.04it/s]
 42%|ΓûêΓûêΓûêΓûêΓûÅ     | 1250/3000 [20:47<29:38,  1.02s/it]
 42%|ΓûêΓûêΓûêΓûêΓûÅ     | 1251/3000 [20:48<30:18,  1.04s/it]
 42%|ΓûêΓûêΓûêΓûêΓûÅ     | 1252/3000 [20:49<27:26,  1.06it/s]
 42%|ΓûêΓûêΓûêΓûêΓûÅ     | 1253/3000 [20:50<33:35,  1.15s/it]
 42%|ΓûêΓûêΓûêΓûêΓûÅ     | 1254/3000 [20:51<30:40,  1.05s/it]
 42%|ΓûêΓûêΓûêΓûêΓûÅ     | 1255/3000 [20:52<25:41,  1.13it/s]
 42%|ΓûêΓûêΓûêΓûêΓûÅ     | 1256/3000 [20:52<24:28,  1.19it/s]
 42%|ΓûêΓûêΓûêΓûêΓûÅ     | 1257/3000 [20:53<24:48,  1.17it/s]
 42%|ΓûêΓûêΓûêΓûêΓûÅ     | 1258/3000 [20:54<23:53,  1.22it/s]
 42%|ΓûêΓûêΓûêΓûêΓûÅ     | 1259/3000 [20:55<24:43,  1.17it/s]
 42%|ΓûêΓûêΓûêΓûêΓûÅ     | 1260/3000 [20:55<22:20,  1.30it/s]
 42%|ΓûêΓûêΓûêΓûêΓûÅ     | 1261/3000 [20:57<25:21,  1.14it/s]
 42%|ΓûêΓûêΓûêΓûêΓûÅ     | 1262/3000 [20:57<24:41,  1.17it/s]
 42%|ΓûêΓûêΓûêΓûêΓûÅ     | 1263/3000 [20:58<25:42,  1.13it/s]
 42%|ΓûêΓûêΓûêΓûêΓûÅ     | 1264/3000 [20:59<23:34,  1.23it/s]
 42%|ΓûêΓûêΓûêΓûêΓûÅ     | 1265/3000 [21:00<23:53,  1.21it/s]
 42%|ΓûêΓûêΓûêΓûêΓûÅ     | 1266/3000 [21:01<24:45,  1.17it/s]
 42%|ΓûêΓûêΓûêΓûêΓûÅ     | 1267/3000 [21:01<23:32,  1.23it/s]
 42%|ΓûêΓûêΓûêΓûêΓûÅ     | 1268/3000 [21:02<24:41,  1.17it/s]
 42%|ΓûêΓûêΓûêΓûêΓûÅ     | 1269/3000 [21:03<23:21,  1.23it/s]
 42%|ΓûêΓûêΓûêΓûêΓûÅ     | 1270/3000 [21:04<20:29,  1.41it/s]
 42%|ΓûêΓûêΓûêΓûêΓûÅ     | 1271/3000 [21:04<19:56,  1.45it/s]
 42%|ΓûêΓûêΓûêΓûêΓûÅ     | 1272/3000 [21:06<28:05,  1.03it/s]
 42%|ΓûêΓûêΓûêΓûêΓûÅ     | 1273/3000 [21:07<25:53,  1.11it/s]
 42%|ΓûêΓûêΓûêΓûêΓûÅ     | 1274/3000 [21:08<27:14,  1.06it/s]
 42%|ΓûêΓûêΓûêΓûêΓûÄ     | 1275/3000 [21:08<25:08,  1.14it/s]
 43%|ΓûêΓûêΓûêΓûêΓûÄ     | 1276/3000 [21:09<22:29,  1.28it/s]
 43%|ΓûêΓûêΓûêΓûêΓûÄ     | 1277/3000 [21:10<21:51,  1.31it/s]
 43%|ΓûêΓûêΓûêΓûêΓûÄ     | 1278/3000 [21:11<22:35,  1.27it/s]
 43%|ΓûêΓûêΓûêΓûêΓûÄ     | 1279/3000 [21:11<20:54,  1.37it/s]
 43%|ΓûêΓûêΓûêΓûêΓûÄ     | 1280/3000 [21:13<28:25,  1.01it/s]
 43%|ΓûêΓûêΓûêΓûêΓûÄ     | 1281/3000 [21:14<31:24,  1.10s/it]
 43%|ΓûêΓûêΓûêΓûêΓûÄ     | 1282/3000 [21:15<27:40,  1.03it/s]
 43%|ΓûêΓûêΓûêΓûêΓûÄ     | 1283/3000 [21:16<32:45,  1.14s/it]
 43%|ΓûêΓûêΓûêΓûêΓûÄ     | 1284/3000 [21:18<33:33,  1.17s/it]
 43%|ΓûêΓûêΓûêΓûêΓûÄ     | 1285/3000 [21:18<28:53,  1.01s/it]
 43%|ΓûêΓûêΓûêΓûêΓûÄ     | 1286/3000 [21:19<30:29,  1.07s/it]
 43%|ΓûêΓûêΓûêΓûêΓûÄ     | 1287/3000 [21:20<26:39,  1.07it/s]
 43%|ΓûêΓûêΓûêΓûêΓûÄ     | 1288/3000 [21:22<34:09,  1.20s/it]
 43%|ΓûêΓûêΓûêΓûêΓûÄ     | 1289/3000 [21:22<28:48,  1.01s/it]
 43%|ΓûêΓûêΓûêΓûêΓûÄ     | 1290/3000 [21:23<26:23,  1.08it/s]
 43%|ΓûêΓûêΓûêΓûêΓûÄ     | 1291/3000 [21:24<27:16,  1.04it/s]
 43%|ΓûêΓûêΓûêΓûêΓûÄ     | 1292/3000 [21:25<27:55,  1.02it/s]
 43%|ΓûêΓûêΓûêΓûêΓûÄ     | 1293/3000 [21:26<23:45,  1.20it/s]
 43%|ΓûêΓûêΓûêΓûêΓûÄ     | 1294/3000 [21:27<24:17,  1.17it/s]
 43%|ΓûêΓûêΓûêΓûêΓûÄ     | 1295/3000 [21:28<25:13,  1.13it/s]
 43%|ΓûêΓûêΓûêΓûêΓûÄ     | 1296/3000 [21:29<30:55,  1.09s/it]
 43%|ΓûêΓûêΓûêΓûêΓûÄ     | 1297/3000 [21:30<29:14,  1.03s/it]
 43%|ΓûêΓûêΓûêΓûêΓûÄ     | 1298/3000 [21:31<25:15,  1.12it/s]
 43%|ΓûêΓûêΓûêΓûêΓûÄ     | 1299/3000 [21:31<25:47,  1.10it/s]
 43%|ΓûêΓûêΓûêΓûêΓûÄ     | 1300/3000 [21:32<26:32,  1.07it/s]
 43%|ΓûêΓûêΓûêΓûêΓûÄ     | 1301/3000 [21:33<25:21,  1.12it/s]
 43%|ΓûêΓûêΓûêΓûêΓûÄ     | 1302/3000 [21:34<26:25,  1.07it/s]
 43%|ΓûêΓûêΓûêΓûêΓûÄ     | 1303/3000 [21:35<23:41,  1.19it/s]
 43%|ΓûêΓûêΓûêΓûêΓûÄ     | 1304/3000 [21:36<27:56,  1.01it/s]
 44%|ΓûêΓûêΓûêΓûêΓûÄ     | 1305/3000 [21:37<26:10,  1.08it/s]
 44%|ΓûêΓûêΓûêΓûêΓûÄ     | 1306/3000 [21:38<30:26,  1.08s/it]
 44%|ΓûêΓûêΓûêΓûêΓûÄ     | 1307/3000 [21:39<29:54,  1.06s/it]
 44%|ΓûêΓûêΓûêΓûêΓûÄ     | 1308/3000 [21:41<31:17,  1.11s/it]
 44%|ΓûêΓûêΓûêΓûêΓûÄ     | 1309/3000 [21:42<32:08,  1.14s/it]
 44%|ΓûêΓûêΓûêΓûêΓûÄ     | 1310/3000 [21:43<32:18,  1.15s/it]
 44%|ΓûêΓûêΓûêΓûêΓûÄ     | 1311/3000 [21:44<31:05,  1.10s/it]
 44%|ΓûêΓûêΓûêΓûêΓûÄ     | 1312/3000 [21:46<35:43,  1.27s/it]
 44%|ΓûêΓûêΓûêΓûêΓûì     | 1313/3000 [21:46<30:42,  1.09s/it]
 44%|ΓûêΓûêΓûêΓûêΓûì     | 1314/3000 [21:47<28:17,  1.01s/it]
 44%|ΓûêΓûêΓûêΓûêΓûì     | 1315/3000 [21:49<32:47,  1.17s/it]
 44%|ΓûêΓûêΓûêΓûêΓûì     | 1316/3000 [21:51<41:44,  1.49s/it]
 44%|ΓûêΓûêΓûêΓûêΓûì     | 1317/3000 [21:52<38:17,  1.37s/it]
 44%|ΓûêΓûêΓûêΓûêΓûì     | 1318/3000 [21:53<32:31,  1.16s/it]
 44%|ΓûêΓûêΓûêΓûêΓûì     | 1319/3000 [21:54<31:18,  1.12s/it]
 44%|ΓûêΓûêΓûêΓûêΓûì     | 1320/3000 [21:55<30:37,  1.09s/it]
 44%|ΓûêΓûêΓûêΓûêΓûì     | 1321/3000 [21:56<29:56,  1.07s/it]
 44%|ΓûêΓûêΓûêΓûêΓûì     | 1322/3000 [21:57<28:24,  1.02s/it]
 44%|ΓûêΓûêΓûêΓûêΓûì     | 1323/3000 [21:58<28:43,  1.03s/it]
 44%|ΓûêΓûêΓûêΓûêΓûì     | 1324/3000 [21:59<27:04,  1.03it/s]
 44%|ΓûêΓûêΓûêΓûêΓûì     | 1325/3000 [21:59<24:50,  1.12it/s]
 44%|ΓûêΓûêΓûêΓûêΓûì     | 1326/3000 [22:00<24:27,  1.14it/s]
 44%|ΓûêΓûêΓûêΓûêΓûì     | 1327/3000 [22:01<25:27,  1.09it/s]
 44%|ΓûêΓûêΓûêΓûêΓûì     | 1328/3000 [22:02<26:23,  1.06it/s]
 44%|ΓûêΓûêΓûêΓûêΓûì     | 1329/3000 [22:03<25:29,  1.09it/s]
 44%|ΓûêΓûêΓûêΓûêΓûì     | 1330/3000 [22:04<23:35,  1.18it/s]
 44%|ΓûêΓûêΓûêΓûêΓûì     | 1331/3000 [22:05<23:31,  1.18it/s]
 44%|ΓûêΓûêΓûêΓûêΓûì     | 1332/3000 [22:06<25:16,  1.10it/s]
 44%|ΓûêΓûêΓûêΓûêΓûì     | 1333/3000 [22:06<23:30,  1.18it/s]
 44%|ΓûêΓûêΓûêΓûêΓûì     | 1334/3000 [22:07<26:11,  1.06it/s]
 44%|ΓûêΓûêΓûêΓûêΓûì     | 1335/3000 [22:09<26:43,  1.04it/s]
 45%|ΓûêΓûêΓûêΓûêΓûì     | 1336/3000 [22:10<28:27,  1.03s/it]
 45%|ΓûêΓûêΓûêΓûêΓûì     | 1337/3000 [22:11<28:15,  1.02s/it]
 45%|ΓûêΓûêΓûêΓûêΓûì     | 1338/3000 [22:12<30:15,  1.09s/it]
 45%|ΓûêΓûêΓûêΓûêΓûì     | 1339/3000 [22:14<38:14,  1.38s/it]
 45%|ΓûêΓûêΓûêΓûêΓûì     | 1340/3000 [22:15<32:42,  1.18s/it]
 45%|ΓûêΓûêΓûêΓûêΓûì     | 1341/3000 [22:17<37:57,  1.37s/it]
 45%|ΓûêΓûêΓûêΓûêΓûì     | 1342/3000 [22:17<31:33,  1.14s/it]
 45%|ΓûêΓûêΓûêΓûêΓûì     | 1343/3000 [22:18<32:22,  1.17s/it]
 45%|ΓûêΓûêΓûêΓûêΓûì     | 1344/3000 [22:19<31:25,  1.14s/it]
 45%|ΓûêΓûêΓûêΓûêΓûì     | 1345/3000 [22:20<29:03,  1.05s/it]
 45%|ΓûêΓûêΓûêΓûêΓûì     | 1346/3000 [22:22<30:31,  1.11s/it]
 45%|ΓûêΓûêΓûêΓûêΓûì     | 1347/3000 [22:22<27:43,  1.01s/it]
 45%|ΓûêΓûêΓûêΓûêΓûì     | 1348/3000 [22:23<23:25,  1.18it/s]
 45%|ΓûêΓûêΓûêΓûêΓûì     | 1349/3000 [22:24<24:53,  1.11it/s]
 45%|ΓûêΓûêΓûêΓûêΓûî     | 1350/3000 [22:25<27:25,  1.00it/s]
 45%|ΓûêΓûêΓûêΓûêΓûî     | 1351/3000 [22:26<23:30,  1.17it/s]
 45%|ΓûêΓûêΓûêΓûêΓûî     | 1352/3000 [22:26<24:07,  1.14it/s]
 45%|ΓûêΓûêΓûêΓûêΓûî     | 1353/3000 [22:28<26:27,  1.04it/s]
 45%|ΓûêΓûêΓûêΓûêΓûî     | 1354/3000 [22:28<25:11,  1.09it/s]
 45%|ΓûêΓûêΓûêΓûêΓûî     | 1355/3000 [22:29<23:16,  1.18it/s]
 45%|ΓûêΓûêΓûêΓûêΓûî     | 1356/3000 [22:30<23:28,  1.17it/s]
 45%|ΓûêΓûêΓûêΓûêΓûî     | 1357/3000 [22:31<20:51,  1.31it/s]
 45%|ΓûêΓûêΓûêΓûêΓûî     | 1358/3000 [22:32<22:40,  1.21it/s]
 45%|ΓûêΓûêΓûêΓûêΓûî     | 1359/3000 [22:32<22:03,  1.24it/s]
 45%|ΓûêΓûêΓûêΓûêΓûî     | 1360/3000 [22:33<23:33,  1.16it/s]
 45%|ΓûêΓûêΓûêΓûêΓûî     | 1361/3000 [22:34<22:11,  1.23it/s]
 45%|ΓûêΓûêΓûêΓûêΓûî     | 1362/3000 [22:35<20:17,  1.35it/s]
 45%|ΓûêΓûêΓûêΓûêΓûî     | 1363/3000 [22:35<18:02,  1.51it/s]
 45%|ΓûêΓûêΓûêΓûêΓûî     | 1364/3000 [22:37<26:51,  1.02it/s]
 46%|ΓûêΓûêΓûêΓûêΓûî     | 1365/3000 [22:37<23:39,  1.15it/s]
 46%|ΓûêΓûêΓûêΓûêΓûî     | 1366/3000 [22:38<24:32,  1.11it/s]
 46%|ΓûêΓûêΓûêΓûêΓûî     | 1367/3000 [22:39<23:53,  1.14it/s]
 46%|ΓûêΓûêΓûêΓûêΓûî     | 1368/3000 [22:40<24:10,  1.13it/s]
 46%|ΓûêΓûêΓûêΓûêΓûî     | 1369/3000 [22:41<20:51,  1.30it/s]
 46%|ΓûêΓûêΓûêΓûêΓûî     | 1370/3000 [22:41<20:46,  1.31it/s]
 46%|ΓûêΓûêΓûêΓûêΓûî     | 1371/3000 [22:42<21:03,  1.29it/s]
 46%|ΓûêΓûêΓûêΓûêΓûî     | 1372/3000 [22:43<23:52,  1.14it/s]
 46%|ΓûêΓûêΓûêΓûêΓûî     | 1373/3000 [22:44<22:00,  1.23it/s]
 46%|ΓûêΓûêΓûêΓûêΓûî     | 1374/3000 [22:45<20:11,  1.34it/s]
 46%|ΓûêΓûêΓûêΓûêΓûî     | 1375/3000 [22:46<25:40,  1.06it/s]
 46%|ΓûêΓûêΓûêΓûêΓûî     | 1376/3000 [22:47<23:43,  1.14it/s]
 46%|ΓûêΓûêΓûêΓûêΓûî     | 1377/3000 [22:47<20:31,  1.32it/s]
 46%|ΓûêΓûêΓûêΓûêΓûî     | 1378/3000 [22:48<22:06,  1.22it/s]
 46%|ΓûêΓûêΓûêΓûêΓûî     | 1379/3000 [22:49<24:03,  1.12it/s]
 46%|ΓûêΓûêΓûêΓûêΓûî     | 1380/3000 [22:50<21:51,  1.24it/s]
 46%|ΓûêΓûêΓûêΓûêΓûî     | 1381/3000 [22:51<26:32,  1.02it/s]
 46%|ΓûêΓûêΓûêΓûêΓûî     | 1382/3000 [22:52<22:28,  1.20it/s]
 46%|ΓûêΓûêΓûêΓûêΓûî     | 1383/3000 [22:53<24:20,  1.11it/s]
 46%|ΓûêΓûêΓûêΓûêΓûî     | 1384/3000 [22:53<22:52,  1.18it/s]
 46%|ΓûêΓûêΓûêΓûêΓûî     | 1385/3000 [22:55<25:05,  1.07it/s]
 46%|ΓûêΓûêΓûêΓûêΓûî     | 1386/3000 [22:55<23:22,  1.15it/s]
 46%|ΓûêΓûêΓûêΓûêΓûî     | 1387/3000 [22:56<24:59,  1.08it/s]
 46%|ΓûêΓûêΓûêΓûêΓûï     | 1388/3000 [22:57<23:09,  1.16it/s]
 46%|ΓûêΓûêΓûêΓûêΓûï     | 1389/3000 [22:58<21:01,  1.28it/s]
 46%|ΓûêΓûêΓûêΓûêΓûï     | 1390/3000 [22:58<19:20,  1.39it/s]
 46%|ΓûêΓûêΓûêΓûêΓûï     | 1391/3000 [23:01<36:20,  1.36s/it]
 46%|ΓûêΓûêΓûêΓûêΓûï     | 1392/3000 [23:02<34:18,  1.28s/it]
 46%|ΓûêΓûêΓûêΓûêΓûï     | 1393/3000 [23:04<35:36,  1.33s/it]
 46%|ΓûêΓûêΓûêΓûêΓûï     | 1394/3000 [23:05<32:51,  1.23s/it]
 46%|ΓûêΓûêΓûêΓûêΓûï     | 1395/3000 [23:05<29:42,  1.11s/it]
 47%|ΓûêΓûêΓûêΓûêΓûï     | 1396/3000 [23:06<25:52,  1.03it/s]
 47%|ΓûêΓûêΓûêΓûêΓûï     | 1397/3000 [23:07<25:00,  1.07it/s]
 47%|ΓûêΓûêΓûêΓûêΓûï     | 1398/3000 [23:08<27:09,  1.02s/it]
 47%|ΓûêΓûêΓûêΓûêΓûï     | 1399/3000 [23:09<29:54,  1.12s/it]
 47%|ΓûêΓûêΓûêΓûêΓûï     | 1400/3000 [23:11<31:52,  1.20s/it]
 47%|ΓûêΓûêΓûêΓûêΓûï     | 1401/3000 [23:12<30:04,  1.13s/it]
 47%|ΓûêΓûêΓûêΓûêΓûï     | 1402/3000 [23:13<27:14,  1.02s/it]
 47%|ΓûêΓûêΓûêΓûêΓûï     | 1403/3000 [23:13<23:24,  1.14it/s]
 47%|ΓûêΓûêΓûêΓûêΓûï     | 1404/3000 [23:14<26:18,  1.01it/s]
 47%|ΓûêΓûêΓûêΓûêΓûï     | 1405/3000 [23:15<26:36,  1.00s/it]
 47%|ΓûêΓûêΓûêΓûêΓûï     | 1406/3000 [23:16<23:24,  1.14it/s]
 47%|ΓûêΓûêΓûêΓûêΓûï     | 1407/3000 [23:17<24:00,  1.11it/s]
 47%|ΓûêΓûêΓûêΓûêΓûï     | 1408/3000 [23:18<21:57,  1.21it/s]
 47%|ΓûêΓûêΓûêΓûêΓûï     | 1409/3000 [23:18<21:24,  1.24it/s]
 47%|ΓûêΓûêΓûêΓûêΓûï     | 1410/3000 [23:20<24:03,  1.10it/s]
 47%|ΓûêΓûêΓûêΓûêΓûï     | 1411/3000 [23:20<22:35,  1.17it/s]
 47%|ΓûêΓûêΓûêΓûêΓûï     | 1412/3000 [23:21<20:18,  1.30it/s]
 47%|ΓûêΓûêΓûêΓûêΓûï     | 1413/3000 [23:23<28:48,  1.09s/it]
 47%|ΓûêΓûêΓûêΓûêΓûï     | 1414/3000 [23:23<23:42,  1.12it/s]
 47%|ΓûêΓûêΓûêΓûêΓûï     | 1415/3000 [23:24<21:27,  1.23it/s]
 47%|ΓûêΓûêΓûêΓûêΓûï     | 1416/3000 [23:24<18:28,  1.43it/s]
 47%|ΓûêΓûêΓûêΓûêΓûï     | 1417/3000 [23:25<22:18,  1.18it/s]
 47%|ΓûêΓûêΓûêΓûêΓûï     | 1418/3000 [23:26<23:38,  1.12it/s]
 47%|ΓûêΓûêΓûêΓûêΓûï     | 1419/3000 [23:28<28:40,  1.09s/it]
 47%|ΓûêΓûêΓûêΓûêΓûï     | 1420/3000 [23:30<38:06,  1.45s/it]
 47%|ΓûêΓûêΓûêΓûêΓûï     | 1421/3000 [23:31<33:27,  1.27s/it]
 47%|ΓûêΓûêΓûêΓûêΓûï     | 1422/3000 [23:32<29:24,  1.12s/it]
 47%|ΓûêΓûêΓûêΓûêΓûï     | 1423/3000 [23:33<26:28,  1.01s/it]
 47%|ΓûêΓûêΓûêΓûêΓûï     | 1424/3000 [23:34<28:53,  1.10s/it]
 48%|ΓûêΓûêΓûêΓûêΓûè     | 1425/3000 [23:35<30:40,  1.17s/it]
 48%|ΓûêΓûêΓûêΓûêΓûè     | 1426/3000 [23:37<32:23,  1.23s/it]
 48%|ΓûêΓûêΓûêΓûêΓûè     | 1427/3000 [23:38<33:07,  1.26s/it]
 48%|ΓûêΓûêΓûêΓûêΓûè     | 1428/3000 [23:39<29:59,  1.14s/it]
 48%|ΓûêΓûêΓûêΓûêΓûè     | 1429/3000 [23:40<28:45,  1.10s/it]
 48%|ΓûêΓûêΓûêΓûêΓûè     | 1430/3000 [23:41<28:20,  1.08s/it]
 48%|ΓûêΓûêΓûêΓûêΓûè     | 1431/3000 [23:42<26:29,  1.01s/it]
 48%|ΓûêΓûêΓûêΓûêΓûè     | 1432/3000 [23:42<24:26,  1.07it/s]
 48%|ΓûêΓûêΓûêΓûêΓûè     | 1433/3000 [23:45<35:54,  1.37s/it]
 48%|ΓûêΓûêΓûêΓûêΓûè     | 1434/3000 [23:46<36:21,  1.39s/it]
 48%|ΓûêΓûêΓûêΓûêΓûè     | 1435/3000 [23:48<36:29,  1.40s/it]
 48%|ΓûêΓûêΓûêΓûêΓûè     | 1436/3000 [23:49<33:10,  1.27s/it]
 48%|ΓûêΓûêΓûêΓûêΓûè     | 1437/3000 [23:50<36:50,  1.41s/it]
 48%|ΓûêΓûêΓûêΓûêΓûè     | 1438/3000 [23:51<32:30,  1.25s/it]
 48%|ΓûêΓûêΓûêΓûêΓûè     | 1439/3000 [23:52<31:27,  1.21s/it]
 48%|ΓûêΓûêΓûêΓûêΓûè     | 1440/3000 [23:53<28:45,  1.11s/it]
 48%|ΓûêΓûêΓûêΓûêΓûè     | 1441/3000 [23:54<25:44,  1.01it/s]
 48%|ΓûêΓûêΓûêΓûêΓûè     | 1442/3000 [23:55<23:44,  1.09it/s]
 48%|ΓûêΓûêΓûêΓûêΓûè     | 1443/3000 [23:56<24:10,  1.07it/s]
 48%|ΓûêΓûêΓûêΓûêΓûè     | 1444/3000 [23:57<27:10,  1.05s/it]
 48%|ΓûêΓûêΓûêΓûêΓûè     | 1445/3000 [23:58<23:50,  1.09it/s]
 48%|ΓûêΓûêΓûêΓûêΓûè     | 1446/3000 [23:58<20:57,  1.24it/s]
 48%|ΓûêΓûêΓûêΓûêΓûè     | 1447/3000 [23:59<19:58,  1.30it/s]
 48%|ΓûêΓûêΓûêΓûêΓûè     | 1448/3000 [24:00<21:43,  1.19it/s]
 48%|ΓûêΓûêΓûêΓûêΓûè     | 1449/3000 [24:01<21:58,  1.18it/s]
 48%|ΓûêΓûêΓûêΓûêΓûè     | 1450/3000 [24:02<24:45,  1.04it/s]
 48%|ΓûêΓûêΓûêΓûêΓûè     | 1451/3000 [24:03<23:41,  1.09it/s]
 48%|ΓûêΓûêΓûêΓûêΓûè     | 1452/3000 [24:04<26:06,  1.01s/it]
 48%|ΓûêΓûêΓûêΓûêΓûè     | 1453/3000 [24:06<31:04,  1.21s/it]
 48%|ΓûêΓûêΓûêΓûêΓûè     | 1454/3000 [24:07<30:26,  1.18s/it]
 48%|ΓûêΓûêΓûêΓûêΓûè     | 1455/3000 [24:08<31:23,  1.22s/it]
 49%|ΓûêΓûêΓûêΓûêΓûè     | 1456/3000 [24:09<26:51,  1.04s/it]
 49%|ΓûêΓûêΓûêΓûêΓûè     | 1457/3000 [24:10<27:42,  1.08s/it]
 49%|ΓûêΓûêΓûêΓûêΓûè     | 1458/3000 [24:11<25:13,  1.02it/s]
 49%|ΓûêΓûêΓûêΓûêΓûè     | 1459/3000 [24:11<22:52,  1.12it/s]
 49%|ΓûêΓûêΓûêΓûêΓûè     | 1460/3000 [24:12<24:14,  1.06it/s]
 49%|ΓûêΓûêΓûêΓûêΓûè     | 1461/3000 [24:14<26:41,  1.04s/it]
 49%|ΓûêΓûêΓûêΓûêΓûè     | 1462/3000 [24:14<23:53,  1.07it/s]
 49%|ΓûêΓûêΓûêΓûêΓûë     | 1463/3000 [24:15<22:14,  1.15it/s]
 49%|ΓûêΓûêΓûêΓûêΓûë     | 1464/3000 [24:16<21:48,  1.17it/s]
 49%|ΓûêΓûêΓûêΓûêΓûë     | 1465/3000 [24:17<20:25,  1.25it/s]
 49%|ΓûêΓûêΓûêΓûêΓûë     | 1466/3000 [24:18<22:55,  1.12it/s]
 49%|ΓûêΓûêΓûêΓûêΓûë     | 1467/3000 [24:19<30:08,  1.18s/it]
 49%|ΓûêΓûêΓûêΓûêΓûë     | 1468/3000 [24:20<25:50,  1.01s/it]
 49%|ΓûêΓûêΓûêΓûêΓûë     | 1469/3000 [24:21<24:39,  1.03it/s]
 49%|ΓûêΓûêΓûêΓûêΓûë     | 1470/3000 [24:22<26:19,  1.03s/it]
 49%|ΓûêΓûêΓûêΓûêΓûë     | 1471/3000 [24:23<24:34,  1.04it/s]
 49%|ΓûêΓûêΓûêΓûêΓûë     | 1472/3000 [24:24<22:22,  1.14it/s]
 49%|ΓûêΓûêΓûêΓûêΓûë     | 1473/3000 [24:25<25:56,  1.02s/it]
 49%|ΓûêΓûêΓûêΓûêΓûë     | 1474/3000 [24:26<23:19,  1.09it/s]
 49%|ΓûêΓûêΓûêΓûêΓûë     | 1475/3000 [24:27<24:12,  1.05it/s]
 49%|ΓûêΓûêΓûêΓûêΓûë     | 1476/3000 [24:27<21:35,  1.18it/s]
 49%|ΓûêΓûêΓûêΓûêΓûë     | 1477/3000 [24:28<24:04,  1.05it/s]
 49%|ΓûêΓûêΓûêΓûêΓûë     | 1478/3000 [24:30<24:40,  1.03it/s]
 49%|ΓûêΓûêΓûêΓûêΓûë     | 1479/3000 [24:31<26:05,  1.03s/it]
 49%|ΓûêΓûêΓûêΓûêΓûë     | 1480/3000 [24:31<22:22,  1.13it/s]
 49%|ΓûêΓûêΓûêΓûêΓûë     | 1481/3000 [24:33<26:29,  1.05s/it]
 49%|ΓûêΓûêΓûêΓûêΓûë     | 1482/3000 [24:33<24:50,  1.02it/s]
 49%|ΓûêΓûêΓûêΓûêΓûë     | 1483/3000 [24:34<24:59,  1.01it/s]
 49%|ΓûêΓûêΓûêΓûêΓûë     | 1484/3000 [24:35<22:43,  1.11it/s]
 50%|ΓûêΓûêΓûêΓûêΓûë     | 1485/3000 [24:36<22:05,  1.14it/s]
 50%|ΓûêΓûêΓûêΓûêΓûë     | 1486/3000 [24:37<21:56,  1.15it/s]
 50%|ΓûêΓûêΓûêΓûêΓûë     | 1487/3000 [24:38<26:50,  1.06s/it]
 50%|ΓûêΓûêΓûêΓûêΓûë     | 1488/3000 [24:40<29:32,  1.17s/it]
 50%|ΓûêΓûêΓûêΓûêΓûë     | 1489/3000 [24:41<30:33,  1.21s/it]
 50%|ΓûêΓûêΓûêΓûêΓûë     | 1490/3000 [24:43<32:18,  1.28s/it]
 50%|ΓûêΓûêΓûêΓûêΓûë     | 1491/3000 [24:43<29:15,  1.16s/it]
 50%|ΓûêΓûêΓûêΓûêΓûë     | 1492/3000 [24:44<27:37,  1.10s/it]
 50%|ΓûêΓûêΓûêΓûêΓûë     | 1493/3000 [24:45<24:30,  1.03it/s]
 50%|ΓûêΓûêΓûêΓûêΓûë     | 1494/3000 [24:46<21:32,  1.17it/s]
 50%|ΓûêΓûêΓûêΓûêΓûë     | 1495/3000 [24:47<21:39,  1.16it/s]
 50%|ΓûêΓûêΓûêΓûêΓûë     | 1496/3000 [24:47<21:45,  1.15it/s]
 50%|ΓûêΓûêΓûêΓûêΓûë     | 1497/3000 [24:48<22:11,  1.13it/s]
 50%|ΓûêΓûêΓûêΓûêΓûë     | 1498/3000 [24:50<25:20,  1.01s/it]
 50%|ΓûêΓûêΓûêΓûêΓûë     | 1499/3000 [24:51<24:30,  1.02it/s]
 50%|ΓûêΓûêΓûêΓûêΓûê     | 1500/3000 [24:51<23:52,  1.05it/s]
 50%|ΓûêΓûêΓûêΓûêΓûê     | 1501/3000 [24:53<27:32,  1.10s/it]
 50%|ΓûêΓûêΓûêΓûêΓûê     | 1502/3000 [24:54<28:14,  1.13s/it]
 50%|ΓûêΓûêΓûêΓûêΓûê     | 1503/3000 [24:55<30:06,  1.21s/it]
 50%|ΓûêΓûêΓûêΓûêΓûê     | 1504/3000 [24:56<26:55,  1.08s/it]
 50%|ΓûêΓûêΓûêΓûêΓûê     | 1505/3000 [24:57<27:31,  1.10s/it]
 50%|ΓûêΓûêΓûêΓûêΓûê     | 1506/3000 [24:58<26:24,  1.06s/it]
 50%|ΓûêΓûêΓûêΓûêΓûê     | 1507/3000 [24:59<26:00,  1.05s/it]
 50%|ΓûêΓûêΓûêΓûêΓûê     | 1508/3000 [25:01<27:59,  1.13s/it]
 50%|ΓûêΓûêΓûêΓûêΓûê     | 1509/3000 [25:02<25:41,  1.03s/it]
 50%|ΓûêΓûêΓûêΓûêΓûê     | 1510/3000 [25:02<23:16,  1.07it/s]
 50%|ΓûêΓûêΓûêΓûêΓûê     | 1511/3000 [25:03<25:07,  1.01s/it]
 50%|ΓûêΓûêΓûêΓûêΓûê     | 1512/3000 [25:05<27:14,  1.10s/it]
 50%|ΓûêΓûêΓûêΓûêΓûê     | 1513/3000 [25:05<23:05,  1.07it/s]
 50%|ΓûêΓûêΓûêΓûêΓûê     | 1514/3000 [25:06<22:25,  1.10it/s]
 50%|ΓûêΓûêΓûêΓûêΓûê     | 1515/3000 [25:07<20:07,  1.23it/s]
 51%|ΓûêΓûêΓûêΓûêΓûê     | 1516/3000 [25:07<19:13,  1.29it/s]
 51%|ΓûêΓûêΓûêΓûêΓûê     | 1517/3000 [25:08<21:17,  1.16it/s]
 51%|ΓûêΓûêΓûêΓûêΓûê     | 1518/3000 [25:10<23:23,  1.06it/s]
 51%|ΓûêΓûêΓûêΓûêΓûê     | 1519/3000 [25:10<21:04,  1.17it/s]
 51%|ΓûêΓûêΓûêΓûêΓûê     | 1520/3000 [25:12<24:32,  1.00it/s]
 51%|ΓûêΓûêΓûêΓûêΓûê     | 1521/3000 [25:12<23:34,  1.05it/s]
 51%|ΓûêΓûêΓûêΓûêΓûê     | 1522/3000 [25:13<21:40,  1.14it/s]
 51%|ΓûêΓûêΓûêΓûêΓûê     | 1523/3000 [25:15<25:53,  1.05s/it]
 51%|ΓûêΓûêΓûêΓûêΓûê     | 1524/3000 [25:15<22:59,  1.07it/s]
 51%|ΓûêΓûêΓûêΓûêΓûê     | 1525/3000 [25:17<29:47,  1.21s/it]
 51%|ΓûêΓûêΓûêΓûêΓûê     | 1526/3000 [25:18<28:23,  1.16s/it]
 51%|ΓûêΓûêΓûêΓûêΓûê     | 1527/3000 [25:19<23:07,  1.06it/s]
 51%|ΓûêΓûêΓûêΓûêΓûê     | 1528/3000 [25:19<20:58,  1.17it/s]
 51%|ΓûêΓûêΓûêΓûêΓûê     | 1529/3000 [25:20<18:50,  1.30it/s]
 51%|ΓûêΓûêΓûêΓûêΓûê     | 1530/3000 [25:20<17:15,  1.42it/s]
 51%|ΓûêΓûêΓûêΓûêΓûê     | 1531/3000 [25:22<22:29,  1.09it/s]
 51%|ΓûêΓûêΓûêΓûêΓûê     | 1532/3000 [25:23<23:07,  1.06it/s]
 51%|ΓûêΓûêΓûêΓûêΓûê     | 1533/3000 [25:25<35:57,  1.47s/it]
 51%|ΓûêΓûêΓûêΓûêΓûê     | 1534/3000 [25:26<32:01,  1.31s/it]
 51%|ΓûêΓûêΓûêΓûêΓûê     | 1535/3000 [25:27<28:28,  1.17s/it]
 51%|ΓûêΓûêΓûêΓûêΓûê     | 1536/3000 [25:28<28:44,  1.18s/it]
 51%|ΓûêΓûêΓûêΓûêΓûê     | 1537/3000 [25:29<24:22,  1.00it/s]
 51%|ΓûêΓûêΓûêΓûêΓûêΓûÅ    | 1538/3000 [25:30<23:22,  1.04it/s]
 51%|ΓûêΓûêΓûêΓûêΓûêΓûÅ    | 1539/3000 [25:31<21:07,  1.15it/s]
 51%|ΓûêΓûêΓûêΓûêΓûêΓûÅ    | 1540/3000 [25:31<21:12,  1.15it/s]
 51%|ΓûêΓûêΓûêΓûêΓûêΓûÅ    | 1541/3000 [25:33<24:58,  1.03s/it]
 51%|ΓûêΓûêΓûêΓûêΓûêΓûÅ    | 1542/3000 [25:34<29:02,  1.20s/it]
 51%|ΓûêΓûêΓûêΓûêΓûêΓûÅ    | 1543/3000 [25:35<25:32,  1.05s/it]
 51%|ΓûêΓûêΓûêΓûêΓûêΓûÅ    | 1544/3000 [25:36<23:17,  1.04it/s]
 52%|ΓûêΓûêΓûêΓûêΓûêΓûÅ    | 1545/3000 [25:37<22:09,  1.09it/s]
 52%|ΓûêΓûêΓûêΓûêΓûêΓûÅ    | 1546/3000 [25:37<19:45,  1.23it/s]
 52%|ΓûêΓûêΓûêΓûêΓûêΓûÅ    | 1547/3000 [25:38<18:53,  1.28it/s]
 52%|ΓûêΓûêΓûêΓûêΓûêΓûÅ    | 1548/3000 [25:38<16:43,  1.45it/s]
 52%|ΓûêΓûêΓûêΓûêΓûêΓûÅ    | 1549/3000 [25:40<23:02,  1.05it/s]
 52%|ΓûêΓûêΓûêΓûêΓûêΓûÅ    | 1550/3000 [25:41<26:21,  1.09s/it]
 52%|ΓûêΓûêΓûêΓûêΓûêΓûÅ    | 1551/3000 [25:43<26:24,  1.09s/it]
 52%|ΓûêΓûêΓûêΓûêΓûêΓûÅ    | 1552/3000 [25:43<24:22,  1.01s/it]
 52%|ΓûêΓûêΓûêΓûêΓûêΓûÅ    | 1553/3000 [25:44<23:45,  1.01it/s]
 52%|ΓûêΓûêΓûêΓûêΓûêΓûÅ    | 1554/3000 [25:45<23:32,  1.02it/s]
 52%|ΓûêΓûêΓûêΓûêΓûêΓûÅ    | 1555/3000 [25:47<32:48,  1.36s/it]
 52%|ΓûêΓûêΓûêΓûêΓûêΓûÅ    | 1556/3000 [25:48<27:56,  1.16s/it]
 52%|ΓûêΓûêΓûêΓûêΓûêΓûÅ    | 1557/3000 [25:49<23:47,  1.01it/s]
 52%|ΓûêΓûêΓûêΓûêΓûêΓûÅ    | 1558/3000 [25:50<24:09,  1.01s/it]
 52%|ΓûêΓûêΓûêΓûêΓûêΓûÅ    | 1559/3000 [25:50<21:29,  1.12it/s]
 52%|ΓûêΓûêΓûêΓûêΓûêΓûÅ    | 1560/3000 [25:51<18:24,  1.30it/s]
 52%|ΓûêΓûêΓûêΓûêΓûêΓûÅ    | 1561/3000 [25:52<19:54,  1.20it/s]
 52%|ΓûêΓûêΓûêΓûêΓûêΓûÅ    | 1562/3000 [25:53<18:29,  1.30it/s]
 52%|ΓûêΓûêΓûêΓûêΓûêΓûÅ    | 1563/3000 [25:53<18:17,  1.31it/s]
 52%|ΓûêΓûêΓûêΓûêΓûêΓûÅ    | 1564/3000 [25:54<18:59,  1.26it/s]
 52%|ΓûêΓûêΓûêΓûêΓûêΓûÅ    | 1565/3000 [25:56<26:59,  1.13s/it]
 52%|ΓûêΓûêΓûêΓûêΓûêΓûÅ    | 1566/3000 [25:57<25:47,  1.08s/it]
 52%|ΓûêΓûêΓûêΓûêΓûêΓûÅ    | 1567/3000 [25:58<23:37,  1.01it/s]
 52%|ΓûêΓûêΓûêΓûêΓûêΓûÅ    | 1568/3000 [25:59<22:57,  1.04it/s]
 52%|ΓûêΓûêΓûêΓûêΓûêΓûÅ    | 1569/3000 [26:00<24:09,  1.01s/it]
 52%|ΓûêΓûêΓûêΓûêΓûêΓûÅ    | 1570/3000 [26:01<23:19,  1.02it/s]
 52%|ΓûêΓûêΓûêΓûêΓûêΓûÅ    | 1571/3000 [26:02<22:24,  1.06it/s]
 52%|ΓûêΓûêΓûêΓûêΓûêΓûÅ    | 1572/3000 [26:03<22:47,  1.04it/s]
 52%|ΓûêΓûêΓûêΓûêΓûêΓûÅ    | 1573/3000 [26:04<23:59,  1.01s/it]
 52%|ΓûêΓûêΓûêΓûêΓûêΓûÅ    | 1574/3000 [26:05<24:55,  1.05s/it]
 52%|ΓûêΓûêΓûêΓûêΓûêΓûÄ    | 1575/3000 [26:06<23:42,  1.00it/s]
 53%|ΓûêΓûêΓûêΓûêΓûêΓûÄ    | 1576/3000 [26:07<25:37,  1.08s/it]
 53%|ΓûêΓûêΓûêΓûêΓûêΓûÄ    | 1577/3000 [26:08<22:56,  1.03it/s]
 53%|ΓûêΓûêΓûêΓûêΓûêΓûÄ    | 1578/3000 [26:09<21:56,  1.08it/s]
 53%|ΓûêΓûêΓûêΓûêΓûêΓûÄ    | 1579/3000 [26:10<26:47,  1.13s/it]
 53%|ΓûêΓûêΓûêΓûêΓûêΓûÄ    | 1580/3000 [26:11<25:35,  1.08s/it]
 53%|ΓûêΓûêΓûêΓûêΓûêΓûÄ    | 1581/3000 [26:13<28:46,  1.22s/it]
 53%|ΓûêΓûêΓûêΓûêΓûêΓûÄ    | 1582/3000 [26:14<27:15,  1.15s/it]
 53%|ΓûêΓûêΓûêΓûêΓûêΓûÄ    | 1583/3000 [26:15<25:17,  1.07s/it]
 53%|ΓûêΓûêΓûêΓûêΓûêΓûÄ    | 1584/3000 [26:15<23:49,  1.01s/it]
 53%|ΓûêΓûêΓûêΓûêΓûêΓûÄ    | 1585/3000 [26:16<22:51,  1.03it/s]
 53%|ΓûêΓûêΓûêΓûêΓûêΓûÄ    | 1586/3000 [26:17<24:09,  1.02s/it]
 53%|ΓûêΓûêΓûêΓûêΓûêΓûÄ    | 1587/3000 [26:18<21:12,  1.11it/s]
 53%|ΓûêΓûêΓûêΓûêΓûêΓûÄ    | 1588/3000 [26:19<22:44,  1.03it/s]
 53%|ΓûêΓûêΓûêΓûêΓûêΓûÄ    | 1589/3000 [26:20<20:46,  1.13it/s]
 53%|ΓûêΓûêΓûêΓûêΓûêΓûÄ    | 1590/3000 [26:20<18:49,  1.25it/s]
 53%|ΓûêΓûêΓûêΓûêΓûêΓûÄ    | 1591/3000 [26:21<18:58,  1.24it/s]
 53%|ΓûêΓûêΓûêΓûêΓûêΓûÄ    | 1592/3000 [26:22<20:12,  1.16it/s]
 53%|ΓûêΓûêΓûêΓûêΓûêΓûÄ    | 1593/3000 [26:24<23:32,  1.00s/it]
 53%|ΓûêΓûêΓûêΓûêΓûêΓûÄ    | 1594/3000 [26:25<26:01,  1.11s/it]
 53%|ΓûêΓûêΓûêΓûêΓûêΓûÄ    | 1595/3000 [26:26<28:49,  1.23s/it]
 53%|ΓûêΓûêΓûêΓûêΓûêΓûÄ    | 1596/3000 [26:27<24:01,  1.03s/it]
 53%|ΓûêΓûêΓûêΓûêΓûêΓûÄ    | 1597/3000 [26:28<20:39,  1.13it/s]
 53%|ΓûêΓûêΓûêΓûêΓûêΓûÄ    | 1598/3000 [26:29<23:31,  1.01s/it]
 53%|ΓûêΓûêΓûêΓûêΓûêΓûÄ    | 1599/3000 [26:30<21:44,  1.07it/s]
 53%|ΓûêΓûêΓûêΓûêΓûêΓûÄ    | 1600/3000 [26:30<20:32,  1.14it/s]
 53%|ΓûêΓûêΓûêΓûêΓûêΓûÄ    | 1601/3000 [26:31<22:12,  1.05it/s]
 53%|ΓûêΓûêΓûêΓûêΓûêΓûÄ    | 1602/3000 [26:33<24:52,  1.07s/it]
 53%|ΓûêΓûêΓûêΓûêΓûêΓûÄ    | 1603/3000 [26:34<24:56,  1.07s/it]
 53%|ΓûêΓûêΓûêΓûêΓûêΓûÄ    | 1604/3000 [26:35<22:17,  1.04it/s]
 54%|ΓûêΓûêΓûêΓûêΓûêΓûÄ    | 1605/3000 [26:35<20:47,  1.12it/s]
 54%|ΓûêΓûêΓûêΓûêΓûêΓûÄ    | 1606/3000 [26:37<28:48,  1.24s/it]
 54%|ΓûêΓûêΓûêΓûêΓûêΓûÄ    | 1607/3000 [26:38<23:58,  1.03s/it]
 54%|ΓûêΓûêΓûêΓûêΓûêΓûÄ    | 1608/3000 [26:39<21:41,  1.07it/s]
 54%|ΓûêΓûêΓûêΓûêΓûêΓûÄ    | 1609/3000 [26:39<19:54,  1.16it/s]
 54%|ΓûêΓûêΓûêΓûêΓûêΓûÄ    | 1610/3000 [26:40<19:00,  1.22it/s]
 54%|ΓûêΓûêΓûêΓûêΓûêΓûÄ    | 1611/3000 [26:42<23:29,  1.01s/it]
 54%|ΓûêΓûêΓûêΓûêΓûêΓûÄ    | 1612/3000 [26:43<25:13,  1.09s/it]
 54%|ΓûêΓûêΓûêΓûêΓûêΓûì    | 1613/3000 [26:44<24:19,  1.05s/it]
 54%|ΓûêΓûêΓûêΓûêΓûêΓûì    | 1614/3000 [26:46<30:03,  1.30s/it]
 54%|ΓûêΓûêΓûêΓûêΓûêΓûì    | 1615/3000 [26:46<25:50,  1.12s/it]
 54%|ΓûêΓûêΓûêΓûêΓûêΓûì    | 1616/3000 [26:48<30:46,  1.33s/it]
 54%|ΓûêΓûêΓûêΓûêΓûêΓûì    | 1617/3000 [26:49<27:38,  1.20s/it]
 54%|ΓûêΓûêΓûêΓûêΓûêΓûì    | 1618/3000 [26:51<29:53,  1.30s/it]
 54%|ΓûêΓûêΓûêΓûêΓûêΓûì    | 1619/3000 [26:51<26:45,  1.16s/it]
 54%|ΓûêΓûêΓûêΓûêΓûêΓûì    | 1620/3000 [26:52<23:49,  1.04s/it]
 54%|ΓûêΓûêΓûêΓûêΓûêΓûì    | 1621/3000 [26:53<23:14,  1.01s/it]
 54%|ΓûêΓûêΓûêΓûêΓûêΓûì    | 1622/3000 [26:54<25:20,  1.10s/it]
 54%|ΓûêΓûêΓûêΓûêΓûêΓûì    | 1623/3000 [26:55<22:58,  1.00s/it]
 54%|ΓûêΓûêΓûêΓûêΓûêΓûì    | 1624/3000 [26:56<23:29,  1.02s/it]
 54%|ΓûêΓûêΓûêΓûêΓûêΓûì    | 1625/3000 [26:58<30:17,  1.32s/it]
 54%|ΓûêΓûêΓûêΓûêΓûêΓûì    | 1626/3000 [27:00<29:42,  1.30s/it]
 54%|ΓûêΓûêΓûêΓûêΓûêΓûì    | 1627/3000 [27:01<29:20,  1.28s/it]
 54%|ΓûêΓûêΓûêΓûêΓûêΓûì    | 1628/3000 [27:01<24:53,  1.09s/it]
 54%|ΓûêΓûêΓûêΓûêΓûêΓûì    | 1629/3000 [27:02<22:33,  1.01it/s]
 54%|ΓûêΓûêΓûêΓûêΓûêΓûì    | 1630/3000 [27:03<21:44,  1.05it/s]
 54%|ΓûêΓûêΓûêΓûêΓûêΓûì    | 1631/3000 [27:04<23:20,  1.02s/it]
 54%|ΓûêΓûêΓûêΓûêΓûêΓûì    | 1632/3000 [27:05<22:10,  1.03it/s]
 54%|ΓûêΓûêΓûêΓûêΓûêΓûì    | 1633/3000 [27:07<28:25,  1.25s/it]
 54%|ΓûêΓûêΓûêΓûêΓûêΓûì    | 1634/3000 [27:08<26:09,  1.15s/it]
 55%|ΓûêΓûêΓûêΓûêΓûêΓûì    | 1635/3000 [27:09<22:40,  1.00it/s]
 55%|ΓûêΓûêΓûêΓûêΓûêΓûì    | 1636/3000 [27:09<19:25,  1.17it/s]
 55%|ΓûêΓûêΓûêΓûêΓûêΓûì    | 1637/3000 [27:10<21:52,  1.04it/s]
 55%|ΓûêΓûêΓûêΓûêΓûêΓûì    | 1638/3000 [27:12<24:13,  1.07s/it]
 55%|ΓûêΓûêΓûêΓûêΓûêΓûì    | 1639/3000 [27:13<23:21,  1.03s/it]
 55%|ΓûêΓûêΓûêΓûêΓûêΓûì    | 1640/3000 [27:14<26:43,  1.18s/it]
 55%|ΓûêΓûêΓûêΓûêΓûêΓûì    | 1641/3000 [27:15<25:03,  1.11s/it]
 55%|ΓûêΓûêΓûêΓûêΓûêΓûì    | 1642/3000 [27:16<23:24,  1.03s/it]
 55%|ΓûêΓûêΓûêΓûêΓûêΓûì    | 1643/3000 [27:16<19:41,  1.15it/s]
 55%|ΓûêΓûêΓûêΓûêΓûêΓûì    | 1644/3000 [27:17<19:15,  1.17it/s]
 55%|ΓûêΓûêΓûêΓûêΓûêΓûì    | 1645/3000 [27:18<17:40,  1.28it/s]
 55%|ΓûêΓûêΓûêΓûêΓûêΓûì    | 1646/3000 [27:18<17:10,  1.31it/s]
 55%|ΓûêΓûêΓûêΓûêΓûêΓûì    | 1647/3000 [27:20<19:23,  1.16it/s]
 55%|ΓûêΓûêΓûêΓûêΓûêΓûì    | 1648/3000 [27:20<17:43,  1.27it/s]
 55%|ΓûêΓûêΓûêΓûêΓûêΓûì    | 1649/3000 [27:22<22:47,  1.01s/it]
 55%|ΓûêΓûêΓûêΓûêΓûêΓûî    | 1650/3000 [27:22<20:30,  1.10it/s]
 55%|ΓûêΓûêΓûêΓûêΓûêΓûî    | 1651/3000 [27:23<18:18,  1.23it/s]
 55%|ΓûêΓûêΓûêΓûêΓûêΓûî    | 1652/3000 [27:24<19:04,  1.18it/s]
 55%|ΓûêΓûêΓûêΓûêΓûêΓûî    | 1653/3000 [27:25<17:24,  1.29it/s]
 55%|ΓûêΓûêΓûêΓûêΓûêΓûî    | 1654/3000 [27:25<17:02,  1.32it/s]
 55%|ΓûêΓûêΓûêΓûêΓûêΓûî    | 1655/3000 [27:26<16:25,  1.36it/s]
 55%|ΓûêΓûêΓûêΓûêΓûêΓûî    | 1656/3000 [27:27<16:12,  1.38it/s]
 55%|ΓûêΓûêΓûêΓûêΓûêΓûî    | 1657/3000 [27:27<17:11,  1.30it/s]
 55%|ΓûêΓûêΓûêΓûêΓûêΓûî    | 1658/3000 [27:29<23:08,  1.03s/it]
 55%|ΓûêΓûêΓûêΓûêΓûêΓûî    | 1659/3000 [27:30<21:27,  1.04it/s]
 55%|ΓûêΓûêΓûêΓûêΓûêΓûî    | 1660/3000 [27:31<19:01,  1.17it/s]
 55%|ΓûêΓûêΓûêΓûêΓûêΓûî    | 1661/3000 [27:31<18:18,  1.22it/s]
 55%|ΓûêΓûêΓûêΓûêΓûêΓûî    | 1662/3000 [27:32<17:35,  1.27it/s]
 55%|ΓûêΓûêΓûêΓûêΓûêΓûî    | 1663/3000 [27:33<20:00,  1.11it/s]
 55%|ΓûêΓûêΓûêΓûêΓûêΓûî    | 1664/3000 [27:34<17:57,  1.24it/s]
 56%|ΓûêΓûêΓûêΓûêΓûêΓûî    | 1665/3000 [27:35<23:47,  1.07s/it]
 56%|ΓûêΓûêΓûêΓûêΓûêΓûî    | 1666/3000 [27:37<23:54,  1.08s/it]
 56%|ΓûêΓûêΓûêΓûêΓûêΓûî    | 1667/3000 [27:37<21:49,  1.02it/s]
 56%|ΓûêΓûêΓûêΓûêΓûêΓûî    | 1668/3000 [27:38<19:52,  1.12it/s]
 56%|ΓûêΓûêΓûêΓûêΓûêΓûî    | 1669/3000 [27:39<18:39,  1.19it/s]
 56%|ΓûêΓûêΓûêΓûêΓûêΓûî    | 1670/3000 [27:40<19:20,  1.15it/s]
 56%|ΓûêΓûêΓûêΓûêΓûêΓûî    | 1671/3000 [27:40<17:45,  1.25it/s]
 56%|ΓûêΓûêΓûêΓûêΓûêΓûî    | 1672/3000 [27:41<18:34,  1.19it/s]
 56%|ΓûêΓûêΓûêΓûêΓûêΓûî    | 1673/3000 [27:42<16:12,  1.36it/s]
 56%|ΓûêΓûêΓûêΓûêΓûêΓûî    | 1674/3000 [27:42<15:55,  1.39it/s]
 56%|ΓûêΓûêΓûêΓûêΓûêΓûî    | 1675/3000 [27:44<20:50,  1.06it/s]
 56%|ΓûêΓûêΓûêΓûêΓûêΓûî    | 1676/3000 [27:44<18:44,  1.18it/s]
 56%|ΓûêΓûêΓûêΓûêΓûêΓûî    | 1677/3000 [27:45<18:05,  1.22it/s]
 56%|ΓûêΓûêΓûêΓûêΓûêΓûî    | 1678/3000 [27:46<17:15,  1.28it/s]
 56%|ΓûêΓûêΓûêΓûêΓûêΓûî    | 1679/3000 [27:46<15:53,  1.39it/s]
 56%|ΓûêΓûêΓûêΓûêΓûêΓûî    | 1680/3000 [27:47<15:17,  1.44it/s]
 56%|ΓûêΓûêΓûêΓûêΓûêΓûî    | 1681/3000 [27:48<14:07,  1.56it/s]
 56%|ΓûêΓûêΓûêΓûêΓûêΓûî    | 1682/3000 [27:48<12:58,  1.69it/s]
 56%|ΓûêΓûêΓûêΓûêΓûêΓûî    | 1683/3000 [27:49<13:49,  1.59it/s]
 56%|ΓûêΓûêΓûêΓûêΓûêΓûî    | 1684/3000 [27:49<12:46,  1.72it/s]
 56%|ΓûêΓûêΓûêΓûêΓûêΓûî    | 1685/3000 [27:50<12:48,  1.71it/s]
 56%|ΓûêΓûêΓûêΓûêΓûêΓûî    | 1686/3000 [27:51<19:30,  1.12it/s]
 56%|ΓûêΓûêΓûêΓûêΓûêΓûî    | 1687/3000 [27:52<17:20,  1.26it/s]
 56%|ΓûêΓûêΓûêΓûêΓûêΓûï    | 1688/3000 [27:53<15:43,  1.39it/s]
 56%|ΓûêΓûêΓûêΓûêΓûêΓûï    | 1689/3000 [27:54<21:15,  1.03it/s]
 56%|ΓûêΓûêΓûêΓûêΓûêΓûï    | 1690/3000 [27:55<17:58,  1.21it/s]
 56%|ΓûêΓûêΓûêΓûêΓûêΓûï    | 1691/3000 [27:56<18:17,  1.19it/s]
 56%|ΓûêΓûêΓûêΓûêΓûêΓûï    | 1692/3000 [27:56<16:13,  1.34it/s]
 56%|ΓûêΓûêΓûêΓûêΓûêΓûï    | 1693/3000 [27:57<14:44,  1.48it/s]
 56%|ΓûêΓûêΓûêΓûêΓûêΓûï    | 1694/3000 [27:57<15:19,  1.42it/s]
 56%|ΓûêΓûêΓûêΓûêΓûêΓûï    | 1695/3000 [27:58<13:40,  1.59it/s]
 57%|ΓûêΓûêΓûêΓûêΓûêΓûï    | 1696/3000 [28:00<21:11,  1.03it/s]
 57%|ΓûêΓûêΓûêΓûêΓûêΓûï    | 1697/3000 [28:01<21:30,  1.01it/s]
 57%|ΓûêΓûêΓûêΓûêΓûêΓûï    | 1698/3000 [28:02<21:06,  1.03it/s]
 57%|ΓûêΓûêΓûêΓûêΓûêΓûï    | 1699/3000 [28:03<22:36,  1.04s/it]
 57%|ΓûêΓûêΓûêΓûêΓûêΓûï    | 1700/3000 [28:04<21:46,  1.01s/it]
 57%|ΓûêΓûêΓûêΓûêΓûêΓûï    | 1701/3000 [28:04<19:43,  1.10it/s]
 57%|ΓûêΓûêΓûêΓûêΓûêΓûï    | 1702/3000 [28:05<16:45,  1.29it/s]
 57%|ΓûêΓûêΓûêΓûêΓûêΓûï    | 1703/3000 [28:05<15:41,  1.38it/s]
 57%|ΓûêΓûêΓûêΓûêΓûêΓûï    | 1704/3000 [28:06<16:07,  1.34it/s]
 57%|ΓûêΓûêΓûêΓûêΓûêΓûï    | 1705/3000 [28:08<19:51,  1.09it/s]
 57%|ΓûêΓûêΓûêΓûêΓûêΓûï    | 1706/3000 [28:09<21:04,  1.02it/s]
 57%|ΓûêΓûêΓûêΓûêΓûêΓûï    | 1707/3000 [28:10<22:50,  1.06s/it]
 57%|ΓûêΓûêΓûêΓûêΓûêΓûï    | 1708/3000 [28:11<24:09,  1.12s/it]
 57%|ΓûêΓûêΓûêΓûêΓûêΓûï    | 1709/3000 [28:13<29:39,  1.38s/it]
 57%|ΓûêΓûêΓûêΓûêΓûêΓûï    | 1710/3000 [28:14<24:45,  1.15s/it]
 57%|ΓûêΓûêΓûêΓûêΓûêΓûï    | 1711/3000 [28:14<22:01,  1.03s/it]
 57%|ΓûêΓûêΓûêΓûêΓûêΓûï    | 1712/3000 [28:15<21:28,  1.00s/it]
 57%|ΓûêΓûêΓûêΓûêΓûêΓûï    | 1713/3000 [28:16<20:30,  1.05it/s]
 57%|ΓûêΓûêΓûêΓûêΓûêΓûï    | 1714/3000 [28:18<25:47,  1.20s/it]
 57%|ΓûêΓûêΓûêΓûêΓûêΓûï    | 1715/3000 [28:19<22:30,  1.05s/it]
 57%|ΓûêΓûêΓûêΓûêΓûêΓûï    | 1716/3000 [28:20<20:32,  1.04it/s]
 57%|ΓûêΓûêΓûêΓûêΓûêΓûï    | 1717/3000 [28:20<20:13,  1.06it/s]
 57%|ΓûêΓûêΓûêΓûêΓûêΓûï    | 1718/3000 [28:21<19:45,  1.08it/s]
 57%|ΓûêΓûêΓûêΓûêΓûêΓûï    | 1719/3000 [28:22<18:19,  1.16it/s]
 57%|ΓûêΓûêΓûêΓûêΓûêΓûï    | 1720/3000 [28:23<16:34,  1.29it/s]
 57%|ΓûêΓûêΓûêΓûêΓûêΓûï    | 1721/3000 [28:24<17:54,  1.19it/s]
 57%|ΓûêΓûêΓûêΓûêΓûêΓûï    | 1722/3000 [28:24<17:53,  1.19it/s]
 57%|ΓûêΓûêΓûêΓûêΓûêΓûï    | 1723/3000 [28:27<31:19,  1.47s/it]
 57%|ΓûêΓûêΓûêΓûêΓûêΓûï    | 1724/3000 [28:28<25:01,  1.18s/it]
 57%|ΓûêΓûêΓûêΓûêΓûêΓûè    | 1725/3000 [28:29<23:04,  1.09s/it]
 58%|ΓûêΓûêΓûêΓûêΓûêΓûè    | 1726/3000 [28:30<21:09,  1.00it/s]
 58%|ΓûêΓûêΓûêΓûêΓûêΓûè    | 1727/3000 [28:30<18:48,  1.13it/s]
 58%|ΓûêΓûêΓûêΓûêΓûêΓûè    | 1728/3000 [28:31<16:15,  1.30it/s]
 58%|ΓûêΓûêΓûêΓûêΓûêΓûè    | 1729/3000 [28:31<15:31,  1.36it/s]
 58%|ΓûêΓûêΓûêΓûêΓûêΓûè    | 1730/3000 [28:32<14:14,  1.49it/s]
 58%|ΓûêΓûêΓûêΓûêΓûêΓûè    | 1731/3000 [28:33<14:31,  1.46it/s]
 58%|ΓûêΓûêΓûêΓûêΓûêΓûè    | 1732/3000 [28:34<20:44,  1.02it/s]
 58%|ΓûêΓûêΓûêΓûêΓûêΓûè    | 1733/3000 [28:35<17:56,  1.18it/s]
 58%|ΓûêΓûêΓûêΓûêΓûêΓûè    | 1734/3000 [28:35<15:36,  1.35it/s]
 58%|ΓûêΓûêΓûêΓûêΓûêΓûè    | 1735/3000 [28:36<16:47,  1.25it/s]
 58%|ΓûêΓûêΓûêΓûêΓûêΓûè    | 1736/3000 [28:37<16:56,  1.24it/s]
 58%|ΓûêΓûêΓûêΓûêΓûêΓûè    | 1737/3000 [28:37<14:52,  1.42it/s]
 58%|ΓûêΓûêΓûêΓûêΓûêΓûè    | 1738/3000 [28:38<16:43,  1.26it/s]
 58%|ΓûêΓûêΓûêΓûêΓûêΓûè    | 1739/3000 [28:40<18:39,  1.13it/s]
 58%|ΓûêΓûêΓûêΓûêΓûêΓûè    | 1740/3000 [28:40<17:05,  1.23it/s]
 58%|ΓûêΓûêΓûêΓûêΓûêΓûè    | 1741/3000 [28:42<21:01,  1.00s/it]
 58%|ΓûêΓûêΓûêΓûêΓûêΓûè    | 1742/3000 [28:43<22:35,  1.08s/it]
 58%|ΓûêΓûêΓûêΓûêΓûêΓûè    | 1743/3000 [28:44<22:10,  1.06s/it]
 58%|ΓûêΓûêΓûêΓûêΓûêΓûè    | 1744/3000 [28:45<20:19,  1.03it/s]
 58%|ΓûêΓûêΓûêΓûêΓûêΓûè    | 1745/3000 [28:45<18:37,  1.12it/s]
 58%|ΓûêΓûêΓûêΓûêΓûêΓûè    | 1746/3000 [28:46<17:47,  1.17it/s]
 58%|ΓûêΓûêΓûêΓûêΓûêΓûè    | 1747/3000 [28:47<19:02,  1.10it/s]
 58%|ΓûêΓûêΓûêΓûêΓûêΓûè    | 1748/3000 [28:48<17:50,  1.17it/s]
 58%|ΓûêΓûêΓûêΓûêΓûêΓûè    | 1749/3000 [28:49<17:13,  1.21it/s]
 58%|ΓûêΓûêΓûêΓûêΓûêΓûè    | 1750/3000 [28:50<23:22,  1.12s/it]
 58%|ΓûêΓûêΓûêΓûêΓûêΓûè    | 1751/3000 [28:51<21:50,  1.05s/it]
 58%|ΓûêΓûêΓûêΓûêΓûêΓûè    | 1752/3000 [28:52<19:50,  1.05it/s]
 58%|ΓûêΓûêΓûêΓûêΓûêΓûè    | 1753/3000 [28:53<17:35,  1.18it/s]
 58%|ΓûêΓûêΓûêΓûêΓûêΓûè    | 1754/3000 [28:54<19:10,  1.08it/s]
 58%|ΓûêΓûêΓûêΓûêΓûêΓûè    | 1755/3000 [28:55<19:30,  1.06it/s]
 59%|ΓûêΓûêΓûêΓûêΓûêΓûè    | 1756/3000 [28:56<22:26,  1.08s/it]
 59%|ΓûêΓûêΓûêΓûêΓûêΓûè    | 1757/3000 [28:58<27:51,  1.35s/it]
 59%|ΓûêΓûêΓûêΓûêΓûêΓûè    | 1758/3000 [28:59<26:53,  1.30s/it]
 59%|ΓûêΓûêΓûêΓûêΓûêΓûè    | 1759/3000 [29:00<24:00,  1.16s/it]
 59%|ΓûêΓûêΓûêΓûêΓûêΓûè    | 1760/3000 [29:01<21:10,  1.02s/it]
 59%|ΓûêΓûêΓûêΓûêΓûêΓûè    | 1761/3000 [29:01<18:25,  1.12it/s]
 59%|ΓûêΓûêΓûêΓûêΓûêΓûè    | 1762/3000 [29:02<16:08,  1.28it/s]
 59%|ΓûêΓûêΓûêΓûêΓûêΓûë    | 1763/3000 [29:03<15:36,  1.32it/s]
 59%|ΓûêΓûêΓûêΓûêΓûêΓûë    | 1764/3000 [29:05<22:29,  1.09s/it]
 59%|ΓûêΓûêΓûêΓûêΓûêΓûë    | 1765/3000 [29:06<21:56,  1.07s/it]
 59%|ΓûêΓûêΓûêΓûêΓûêΓûë    | 1766/3000 [29:07<23:08,  1.12s/it]
 59%|ΓûêΓûêΓûêΓûêΓûêΓûë    | 1767/3000 [29:08<20:46,  1.01s/it]
 59%|ΓûêΓûêΓûêΓûêΓûêΓûë    | 1768/3000 [29:08<18:07,  1.13it/s]
 59%|ΓûêΓûêΓûêΓûêΓûêΓûë    | 1769/3000 [29:09<16:13,  1.26it/s]
 59%|ΓûêΓûêΓûêΓûêΓûêΓûë    | 1770/3000 [29:10<18:35,  1.10it/s]
 59%|ΓûêΓûêΓûêΓûêΓûêΓûë    | 1771/3000 [29:11<17:33,  1.17it/s]
 59%|ΓûêΓûêΓûêΓûêΓûêΓûë    | 1772/3000 [29:11<16:04,  1.27it/s]
 59%|ΓûêΓûêΓûêΓûêΓûêΓûë    | 1773/3000 [29:12<15:37,  1.31it/s]
 59%|ΓûêΓûêΓûêΓûêΓûêΓûë    | 1774/3000 [29:13<14:29,  1.41it/s]
 59%|ΓûêΓûêΓûêΓûêΓûêΓûë    | 1775/3000 [29:14<18:52,  1.08it/s]
 59%|ΓûêΓûêΓûêΓûêΓûêΓûë    | 1776/3000 [29:15<19:11,  1.06it/s]
 59%|ΓûêΓûêΓûêΓûêΓûêΓûë    | 1777/3000 [29:16<19:07,  1.07it/s]
 59%|ΓûêΓûêΓûêΓûêΓûêΓûë    | 1778/3000 [29:17<20:56,  1.03s/it]
 59%|ΓûêΓûêΓûêΓûêΓûêΓûë    | 1779/3000 [29:18<17:28,  1.16it/s]
 59%|ΓûêΓûêΓûêΓûêΓûêΓûë    | 1780/3000 [29:18<15:22,  1.32it/s]
 59%|ΓûêΓûêΓûêΓûêΓûêΓûë    | 1781/3000 [29:19<14:09,  1.43it/s]
 59%|ΓûêΓûêΓûêΓûêΓûêΓûë    | 1782/3000 [29:20<16:07,  1.26it/s]
 59%|ΓûêΓûêΓûêΓûêΓûêΓûë    | 1783/3000 [29:21<16:12,  1.25it/s]
 59%|ΓûêΓûêΓûêΓûêΓûêΓûë    | 1784/3000 [29:22<17:34,  1.15it/s]
 60%|ΓûêΓûêΓûêΓûêΓûêΓûë    | 1785/3000 [29:22<16:59,  1.19it/s]
 60%|ΓûêΓûêΓûêΓûêΓûêΓûë    | 1786/3000 [29:23<16:23,  1.23it/s]
 60%|ΓûêΓûêΓûêΓûêΓûêΓûë    | 1787/3000 [29:24<17:42,  1.14it/s]
 60%|ΓûêΓûêΓûêΓûêΓûêΓûë    | 1788/3000 [29:25<15:15,  1.32it/s]
 60%|ΓûêΓûêΓûêΓûêΓûêΓûë    | 1789/3000 [29:25<14:16,  1.41it/s]
 60%|ΓûêΓûêΓûêΓûêΓûêΓûë    | 1790/3000 [29:26<13:26,  1.50it/s]
 60%|ΓûêΓûêΓûêΓûêΓûêΓûë    | 1791/3000 [29:26<12:50,  1.57it/s]
 60%|ΓûêΓûêΓûêΓûêΓûêΓûë    | 1792/3000 [29:27<14:25,  1.40it/s]
 60%|ΓûêΓûêΓûêΓûêΓûêΓûë    | 1793/3000 [29:28<13:51,  1.45it/s]
 60%|ΓûêΓûêΓûêΓûêΓûêΓûë    | 1794/3000 [29:29<16:13,  1.24it/s]
 60%|ΓûêΓûêΓûêΓûêΓûêΓûë    | 1795/3000 [29:33<34:57,  1.74s/it]
 60%|ΓûêΓûêΓûêΓûêΓûêΓûë    | 1796/3000 [29:34<30:55,  1.54s/it]
 60%|ΓûêΓûêΓûêΓûêΓûêΓûë    | 1797/3000 [29:35<26:20,  1.31s/it]
 60%|ΓûêΓûêΓûêΓûêΓûêΓûë    | 1798/3000 [29:37<29:43,  1.48s/it]
 60%|ΓûêΓûêΓûêΓûêΓûêΓûë    | 1799/3000 [29:37<25:32,  1.28s/it]
 60%|ΓûêΓûêΓûêΓûêΓûêΓûê    | 1800/3000 [29:38<20:55,  1.05s/it]
 60%|ΓûêΓûêΓûêΓûêΓûêΓûê    | 1801/3000 [29:39<20:19,  1.02s/it]
 60%|ΓûêΓûêΓûêΓûêΓûêΓûê    | 1802/3000 [29:40<20:10,  1.01s/it]
 60%|ΓûêΓûêΓûêΓûêΓûêΓûê    | 1803/3000 [29:41<22:44,  1.14s/it]
 60%|ΓûêΓûêΓûêΓûêΓûêΓûê    | 1804/3000 [29:42<20:33,  1.03s/it]
 60%|ΓûêΓûêΓûêΓûêΓûêΓûê    | 1805/3000 [29:43<17:48,  1.12it/s]
 60%|ΓûêΓûêΓûêΓûêΓûêΓûê    | 1806/3000 [29:43<16:20,  1.22it/s]
 60%|ΓûêΓûêΓûêΓûêΓûêΓûê    | 1807/3000 [29:44<17:03,  1.17it/s]
 60%|ΓûêΓûêΓûêΓûêΓûêΓûê    | 1808/3000 [29:45<16:38,  1.19it/s]
 60%|ΓûêΓûêΓûêΓûêΓûêΓûê    | 1809/3000 [29:46<19:09,  1.04it/s]
 60%|ΓûêΓûêΓûêΓûêΓûêΓûê    | 1810/3000 [29:48<25:01,  1.26s/it]
 60%|ΓûêΓûêΓûêΓûêΓûêΓûê    | 1811/3000 [29:50<25:44,  1.30s/it]
 60%|ΓûêΓûêΓûêΓûêΓûêΓûê    | 1812/3000 [29:51<25:04,  1.27s/it]
 60%|ΓûêΓûêΓûêΓûêΓûêΓûê    | 1813/3000 [29:52<27:32,  1.39s/it]
 60%|ΓûêΓûêΓûêΓûêΓûêΓûê    | 1814/3000 [29:54<27:03,  1.37s/it]
 60%|ΓûêΓûêΓûêΓûêΓûêΓûê    | 1815/3000 [29:54<22:23,  1.13s/it]
 61%|ΓûêΓûêΓûêΓûêΓûêΓûê    | 1816/3000 [29:56<25:34,  1.30s/it]
 61%|ΓûêΓûêΓûêΓûêΓûêΓûê    | 1817/3000 [29:57<22:16,  1.13s/it]
 61%|ΓûêΓûêΓûêΓûêΓûêΓûê    | 1818/3000 [29:58<22:16,  1.13s/it]
 61%|ΓûêΓûêΓûêΓûêΓûêΓûê    | 1819/3000 [29:58<18:52,  1.04it/s]
 61%|ΓûêΓûêΓûêΓûêΓûêΓûê    | 1820/3000 [30:00<23:21,  1.19s/it]
 61%|ΓûêΓûêΓûêΓûêΓûêΓûê    | 1821/3000 [30:01<19:50,  1.01s/it]
 61%|ΓûêΓûêΓûêΓûêΓûêΓûê    | 1822/3000 [30:02<18:19,  1.07it/s]
 61%|ΓûêΓûêΓûêΓûêΓûêΓûê    | 1823/3000 [30:02<16:21,  1.20it/s]
 61%|ΓûêΓûêΓûêΓûêΓûêΓûê    | 1824/3000 [30:03<17:27,  1.12it/s]
 61%|ΓûêΓûêΓûêΓûêΓûêΓûê    | 1825/3000 [30:04<17:23,  1.13it/s]
 61%|ΓûêΓûêΓûêΓûêΓûêΓûê    | 1826/3000 [30:05<20:31,  1.05s/it]
 61%|ΓûêΓûêΓûêΓûêΓûêΓûê    | 1827/3000 [30:06<17:34,  1.11it/s]
 61%|ΓûêΓûêΓûêΓûêΓûêΓûê    | 1828/3000 [30:07<16:22,  1.19it/s]
 61%|ΓûêΓûêΓûêΓûêΓûêΓûê    | 1829/3000 [30:07<15:33,  1.26it/s]
 61%|ΓûêΓûêΓûêΓûêΓûêΓûê    | 1830/3000 [30:08<16:51,  1.16it/s]
 61%|ΓûêΓûêΓûêΓûêΓûêΓûê    | 1831/3000 [30:09<17:47,  1.09it/s]
 61%|ΓûêΓûêΓûêΓûêΓûêΓûê    | 1832/3000 [30:11<19:47,  1.02s/it]
 61%|ΓûêΓûêΓûêΓûêΓûêΓûê    | 1833/3000 [30:12<20:25,  1.05s/it]
 61%|ΓûêΓûêΓûêΓûêΓûêΓûê    | 1834/3000 [30:13<19:51,  1.02s/it]
 61%|ΓûêΓûêΓûêΓûêΓûêΓûê    | 1835/3000 [30:15<25:35,  1.32s/it]
 61%|ΓûêΓûêΓûêΓûêΓûêΓûê    | 1836/3000 [30:15<21:25,  1.10s/it]
 61%|ΓûêΓûêΓûêΓûêΓûêΓûê    | 1837/3000 [30:17<22:13,  1.15s/it]
 61%|ΓûêΓûêΓûêΓûêΓûêΓûêΓûÅ   | 1838/3000 [30:18<20:39,  1.07s/it]
 61%|ΓûêΓûêΓûêΓûêΓûêΓûêΓûÅ   | 1839/3000 [30:18<17:35,  1.10it/s]
 61%|ΓûêΓûêΓûêΓûêΓûêΓûêΓûÅ   | 1840/3000 [30:20<21:19,  1.10s/it]
 61%|ΓûêΓûêΓûêΓûêΓûêΓûêΓûÅ   | 1841/3000 [30:21<20:42,  1.07s/it]
 61%|ΓûêΓûêΓûêΓûêΓûêΓûêΓûÅ   | 1842/3000 [30:21<18:26,  1.05it/s]
 61%|ΓûêΓûêΓûêΓûêΓûêΓûêΓûÅ   | 1843/3000 [30:22<16:56,  1.14it/s]
 61%|ΓûêΓûêΓûêΓûêΓûêΓûêΓûÅ   | 1844/3000 [30:23<15:50,  1.22it/s]
 62%|ΓûêΓûêΓûêΓûêΓûêΓûêΓûÅ   | 1845/3000 [30:23<14:53,  1.29it/s]
 62%|ΓûêΓûêΓûêΓûêΓûêΓûêΓûÅ   | 1846/3000 [30:24<14:25,  1.33it/s]
 62%|ΓûêΓûêΓûêΓûêΓûêΓûêΓûÅ   | 1847/3000 [30:25<14:25,  1.33it/s]
 62%|ΓûêΓûêΓûêΓûêΓûêΓûêΓûÅ   | 1848/3000 [30:26<15:25,  1.24it/s]
 62%|ΓûêΓûêΓûêΓûêΓûêΓûêΓûÅ   | 1849/3000 [30:27<20:28,  1.07s/it]
 62%|ΓûêΓûêΓûêΓûêΓûêΓûêΓûÅ   | 1850/3000 [30:28<18:23,  1.04it/s]
 62%|ΓûêΓûêΓûêΓûêΓûêΓûêΓûÅ   | 1851/3000 [30:29<18:14,  1.05it/s]
 62%|ΓûêΓûêΓûêΓûêΓûêΓûêΓûÅ   | 1852/3000 [30:30<17:13,  1.11it/s]
 62%|ΓûêΓûêΓûêΓûêΓûêΓûêΓûÅ   | 1853/3000 [30:31<20:15,  1.06s/it]
 62%|ΓûêΓûêΓûêΓûêΓûêΓûêΓûÅ   | 1854/3000 [30:32<17:24,  1.10it/s]
 62%|ΓûêΓûêΓûêΓûêΓûêΓûêΓûÅ   | 1855/3000 [30:33<16:26,  1.16it/s]
 62%|ΓûêΓûêΓûêΓûêΓûêΓûêΓûÅ   | 1856/3000 [30:33<15:34,  1.22it/s]
 62%|ΓûêΓûêΓûêΓûêΓûêΓûêΓûÅ   | 1857/3000 [30:34<16:48,  1.13it/s]
 62%|ΓûêΓûêΓûêΓûêΓûêΓûêΓûÅ   | 1858/3000 [30:37<25:56,  1.36s/it]
 62%|ΓûêΓûêΓûêΓûêΓûêΓûêΓûÅ   | 1859/3000 [30:38<23:07,  1.22s/it]
 62%|ΓûêΓûêΓûêΓûêΓûêΓûêΓûÅ   | 1860/3000 [30:40<27:15,  1.43s/it]
 62%|ΓûêΓûêΓûêΓûêΓûêΓûêΓûÅ   | 1861/3000 [30:41<25:45,  1.36s/it]
 62%|ΓûêΓûêΓûêΓûêΓûêΓûêΓûÅ   | 1862/3000 [30:42<21:50,  1.15s/it]
 62%|ΓûêΓûêΓûêΓûêΓûêΓûêΓûÅ   | 1863/3000 [30:43<21:02,  1.11s/it]
 62%|ΓûêΓûêΓûêΓûêΓûêΓûêΓûÅ   | 1864/3000 [30:43<18:04,  1.05it/s]
 62%|ΓûêΓûêΓûêΓûêΓûêΓûêΓûÅ   | 1865/3000 [30:44<18:21,  1.03it/s]
 62%|ΓûêΓûêΓûêΓûêΓûêΓûêΓûÅ   | 1866/3000 [30:45<15:54,  1.19it/s]
 62%|ΓûêΓûêΓûêΓûêΓûêΓûêΓûÅ   | 1867/3000 [30:46<16:30,  1.14it/s]
 62%|ΓûêΓûêΓûêΓûêΓûêΓûêΓûÅ   | 1868/3000 [30:47<18:51,  1.00it/s]
 62%|ΓûêΓûêΓûêΓûêΓûêΓûêΓûÅ   | 1869/3000 [30:48<18:52,  1.00s/it]
 62%|ΓûêΓûêΓûêΓûêΓûêΓûêΓûÅ   | 1870/3000 [30:48<16:20,  1.15it/s]
 62%|ΓûêΓûêΓûêΓûêΓûêΓûêΓûÅ   | 1871/3000 [30:49<14:40,  1.28it/s]
 62%|ΓûêΓûêΓûêΓûêΓûêΓûêΓûÅ   | 1872/3000 [30:50<16:00,  1.17it/s]
 62%|ΓûêΓûêΓûêΓûêΓûêΓûêΓûÅ   | 1873/3000 [30:51<17:27,  1.08it/s]
 62%|ΓûêΓûêΓûêΓûêΓûêΓûêΓûÅ   | 1874/3000 [30:52<15:01,  1.25it/s]
 62%|ΓûêΓûêΓûêΓûêΓûêΓûêΓûÄ   | 1875/3000 [30:53<15:25,  1.22it/s]
 63%|ΓûêΓûêΓûêΓûêΓûêΓûêΓûÄ   | 1876/3000 [30:54<17:18,  1.08it/s]
 63%|ΓûêΓûêΓûêΓûêΓûêΓûêΓûÄ   | 1877/3000 [30:55<16:44,  1.12it/s]
 63%|ΓûêΓûêΓûêΓûêΓûêΓûêΓûÄ   | 1878/3000 [30:56<20:50,  1.11s/it]
 63%|ΓûêΓûêΓûêΓûêΓûêΓûêΓûÄ   | 1879/3000 [30:57<17:22,  1.07it/s]
 63%|ΓûêΓûêΓûêΓûêΓûêΓûêΓûÄ   | 1880/3000 [30:58<17:42,  1.05it/s]
 63%|ΓûêΓûêΓûêΓûêΓûêΓûêΓûÄ   | 1881/3000 [30:58<16:21,  1.14it/s]
 63%|ΓûêΓûêΓûêΓûêΓûêΓûêΓûÄ   | 1882/3000 [30:59<15:04,  1.24it/s]
 63%|ΓûêΓûêΓûêΓûêΓûêΓûêΓûÄ   | 1883/3000 [31:00<17:46,  1.05it/s]
 63%|ΓûêΓûêΓûêΓûêΓûêΓûêΓûÄ   | 1884/3000 [31:01<15:48,  1.18it/s]
 63%|ΓûêΓûêΓûêΓûêΓûêΓûêΓûÄ   | 1885/3000 [31:02<18:21,  1.01it/s]
 63%|ΓûêΓûêΓûêΓûêΓûêΓûêΓûÄ   | 1886/3000 [31:03<17:21,  1.07it/s]
 63%|ΓûêΓûêΓûêΓûêΓûêΓûêΓûÄ   | 1887/3000 [31:04<15:40,  1.18it/s]
 63%|ΓûêΓûêΓûêΓûêΓûêΓûêΓûÄ   | 1888/3000 [31:06<26:25,  1.43s/it]
 63%|ΓûêΓûêΓûêΓûêΓûêΓûêΓûÄ   | 1889/3000 [31:08<24:59,  1.35s/it]
 63%|ΓûêΓûêΓûêΓûêΓûêΓûêΓûÄ   | 1890/3000 [31:09<23:02,  1.25s/it]
 63%|ΓûêΓûêΓûêΓûêΓûêΓûêΓûÄ   | 1891/3000 [31:11<27:52,  1.51s/it]
 63%|ΓûêΓûêΓûêΓûêΓûêΓûêΓûÄ   | 1892/3000 [31:11<23:12,  1.26s/it]
 63%|ΓûêΓûêΓûêΓûêΓûêΓûêΓûÄ   | 1893/3000 [31:12<21:32,  1.17s/it]
 63%|ΓûêΓûêΓûêΓûêΓûêΓûêΓûÄ   | 1894/3000 [31:13<20:47,  1.13s/it]
 63%|ΓûêΓûêΓûêΓûêΓûêΓûêΓûÄ   | 1895/3000 [31:14<18:04,  1.02it/s]
 63%|ΓûêΓûêΓûêΓûêΓûêΓûêΓûÄ   | 1896/3000 [31:16<20:57,  1.14s/it]
 63%|ΓûêΓûêΓûêΓûêΓûêΓûêΓûÄ   | 1897/3000 [31:16<18:27,  1.00s/it]
 63%|ΓûêΓûêΓûêΓûêΓûêΓûêΓûÄ   | 1898/3000 [31:18<20:26,  1.11s/it]
 63%|ΓûêΓûêΓûêΓûêΓûêΓûêΓûÄ   | 1899/3000 [31:18<18:08,  1.01it/s]
 63%|ΓûêΓûêΓûêΓûêΓûêΓûêΓûÄ   | 1900/3000 [31:19<17:54,  1.02it/s]
 63%|ΓûêΓûêΓûêΓûêΓûêΓûêΓûÄ   | 1901/3000 [31:20<15:39,  1.17it/s]
 63%|ΓûêΓûêΓûêΓûêΓûêΓûêΓûÄ   | 1902/3000 [31:21<18:55,  1.03s/it]
 63%|ΓûêΓûêΓûêΓûêΓûêΓûêΓûÄ   | 1903/3000 [31:22<19:16,  1.05s/it]
 63%|ΓûêΓûêΓûêΓûêΓûêΓûêΓûÄ   | 1904/3000 [31:23<17:22,  1.05it/s]
 64%|ΓûêΓûêΓûêΓûêΓûêΓûêΓûÄ   | 1905/3000 [31:24<16:41,  1.09it/s]
 64%|ΓûêΓûêΓûêΓûêΓûêΓûêΓûÄ   | 1906/3000 [31:25<17:57,  1.02it/s]
 64%|ΓûêΓûêΓûêΓûêΓûêΓûêΓûÄ   | 1907/3000 [31:26<18:04,  1.01it/s]
 64%|ΓûêΓûêΓûêΓûêΓûêΓûêΓûÄ   | 1908/3000 [31:27<16:44,  1.09it/s]
 64%|ΓûêΓûêΓûêΓûêΓûêΓûêΓûÄ   | 1909/3000 [31:28<16:49,  1.08it/s]
 64%|ΓûêΓûêΓûêΓûêΓûêΓûêΓûÄ   | 1910/3000 [31:29<17:01,  1.07it/s]
 64%|ΓûêΓûêΓûêΓûêΓûêΓûêΓûÄ   | 1911/3000 [31:30<19:53,  1.10s/it]
 64%|ΓûêΓûêΓûêΓûêΓûêΓûêΓûÄ   | 1912/3000 [31:31<19:24,  1.07s/it]
 64%|ΓûêΓûêΓûêΓûêΓûêΓûêΓûì   | 1913/3000 [31:32<18:27,  1.02s/it]
 64%|ΓûêΓûêΓûêΓûêΓûêΓûêΓûì   | 1914/3000 [31:34<21:03,  1.16s/it]
 64%|ΓûêΓûêΓûêΓûêΓûêΓûêΓûì   | 1915/3000 [31:35<20:49,  1.15s/it]
 64%|ΓûêΓûêΓûêΓûêΓûêΓûêΓûì   | 1916/3000 [31:36<20:51,  1.15s/it]
 64%|ΓûêΓûêΓûêΓûêΓûêΓûêΓûì   | 1917/3000 [31:37<18:49,  1.04s/it]
 64%|ΓûêΓûêΓûêΓûêΓûêΓûêΓûì   | 1918/3000 [31:37<16:53,  1.07it/s]
 64%|ΓûêΓûêΓûêΓûêΓûêΓûêΓûì   | 1919/3000 [31:38<17:17,  1.04it/s]
 64%|ΓûêΓûêΓûêΓûêΓûêΓûêΓûì   | 1920/3000 [31:39<16:51,  1.07it/s]
 64%|ΓûêΓûêΓûêΓûêΓûêΓûêΓûì   | 1921/3000 [31:41<21:27,  1.19s/it]
 64%|ΓûêΓûêΓûêΓûêΓûêΓûêΓûì   | 1922/3000 [31:42<21:31,  1.20s/it]
 64%|ΓûêΓûêΓûêΓûêΓûêΓûêΓûì   | 1923/3000 [31:44<22:21,  1.25s/it]
 64%|ΓûêΓûêΓûêΓûêΓûêΓûêΓûì   | 1924/3000 [31:44<20:10,  1.13s/it]
 64%|ΓûêΓûêΓûêΓûêΓûêΓûêΓûì   | 1925/3000 [31:45<18:01,  1.01s/it]
 64%|ΓûêΓûêΓûêΓûêΓûêΓûêΓûì   | 1926/3000 [31:46<17:04,  1.05it/s]
 64%|ΓûêΓûêΓûêΓûêΓûêΓûêΓûì   | 1927/3000 [31:47<15:22,  1.16it/s]
 64%|ΓûêΓûêΓûêΓûêΓûêΓûêΓûì   | 1928/3000 [31:48<18:13,  1.02s/it]
 64%|ΓûêΓûêΓûêΓûêΓûêΓûêΓûì   | 1929/3000 [31:49<17:06,  1.04it/s]
 64%|ΓûêΓûêΓûêΓûêΓûêΓûêΓûì   | 1930/3000 [31:50<17:24,  1.02it/s]
 64%|ΓûêΓûêΓûêΓûêΓûêΓûêΓûì   | 1931/3000 [31:52<22:20,  1.25s/it]
 64%|ΓûêΓûêΓûêΓûêΓûêΓûêΓûì   | 1932/3000 [31:53<20:51,  1.17s/it]
 64%|ΓûêΓûêΓûêΓûêΓûêΓûêΓûì   | 1933/3000 [31:54<20:18,  1.14s/it]
 64%|ΓûêΓûêΓûêΓûêΓûêΓûêΓûì   | 1934/3000 [31:55<20:19,  1.14s/it]
 64%|ΓûêΓûêΓûêΓûêΓûêΓûêΓûì   | 1935/3000 [31:56<18:42,  1.05s/it]
 65%|ΓûêΓûêΓûêΓûêΓûêΓûêΓûì   | 1936/3000 [31:57<18:24,  1.04s/it]
 65%|ΓûêΓûêΓûêΓûêΓûêΓûêΓûì   | 1937/3000 [31:58<18:05,  1.02s/it]
 65%|ΓûêΓûêΓûêΓûêΓûêΓûêΓûì   | 1938/3000 [31:58<15:38,  1.13it/s]
 65%|ΓûêΓûêΓûêΓûêΓûêΓûêΓûì   | 1939/3000 [32:00<18:03,  1.02s/it]
 65%|ΓûêΓûêΓûêΓûêΓûêΓûêΓûì   | 1940/3000 [32:00<15:46,  1.12it/s]
 65%|ΓûêΓûêΓûêΓûêΓûêΓûêΓûì   | 1941/3000 [32:02<18:20,  1.04s/it]
 65%|ΓûêΓûêΓûêΓûêΓûêΓûêΓûì   | 1942/3000 [32:03<18:04,  1.02s/it]
 65%|ΓûêΓûêΓûêΓûêΓûêΓûêΓûì   | 1943/3000 [32:05<24:22,  1.38s/it]
 65%|ΓûêΓûêΓûêΓûêΓûêΓûêΓûì   | 1944/3000 [32:06<21:34,  1.23s/it]
 65%|ΓûêΓûêΓûêΓûêΓûêΓûêΓûì   | 1945/3000 [32:07<18:58,  1.08s/it]
 65%|ΓûêΓûêΓûêΓûêΓûêΓûêΓûì   | 1946/3000 [32:07<16:35,  1.06it/s]
 65%|ΓûêΓûêΓûêΓûêΓûêΓûêΓûì   | 1947/3000 [32:08<18:25,  1.05s/it]
 65%|ΓûêΓûêΓûêΓûêΓûêΓûêΓûì   | 1948/3000 [32:10<23:15,  1.33s/it]
 65%|ΓûêΓûêΓûêΓûêΓûêΓûêΓûì   | 1949/3000 [32:12<25:05,  1.43s/it]
 65%|ΓûêΓûêΓûêΓûêΓûêΓûêΓûî   | 1950/3000 [32:14<28:11,  1.61s/it]
 65%|ΓûêΓûêΓûêΓûêΓûêΓûêΓûî   | 1951/3000 [32:16<32:01,  1.83s/it]
 65%|ΓûêΓûêΓûêΓûêΓûêΓûêΓûî   | 1952/3000 [32:18<30:12,  1.73s/it]
 65%|ΓûêΓûêΓûêΓûêΓûêΓûêΓûî   | 1953/3000 [32:19<25:42,  1.47s/it]
 65%|ΓûêΓûêΓûêΓûêΓûêΓûêΓûî   | 1954/3000 [32:20<22:18,  1.28s/it]
 65%|ΓûêΓûêΓûêΓûêΓûêΓûêΓûî   | 1955/3000 [32:21<20:01,  1.15s/it]
 65%|ΓûêΓûêΓûêΓûêΓûêΓûêΓûî   | 1956/3000 [32:22<19:32,  1.12s/it]
 65%|ΓûêΓûêΓûêΓûêΓûêΓûêΓûî   | 1957/3000 [32:22<17:48,  1.02s/it]
 65%|ΓûêΓûêΓûêΓûêΓûêΓûêΓûî   | 1958/3000 [32:23<16:28,  1.05it/s]
 65%|ΓûêΓûêΓûêΓûêΓûêΓûêΓûî   | 1959/3000 [32:24<15:46,  1.10it/s]
 65%|ΓûêΓûêΓûêΓûêΓûêΓûêΓûî   | 1960/3000 [32:25<14:41,  1.18it/s]
 65%|ΓûêΓûêΓûêΓûêΓûêΓûêΓûî   | 1961/3000 [32:25<14:16,  1.21it/s]
 65%|ΓûêΓûêΓûêΓûêΓûêΓûêΓûî   | 1962/3000 [32:27<15:44,  1.10it/s]
 65%|ΓûêΓûêΓûêΓûêΓûêΓûêΓûî   | 1963/3000 [32:30<27:39,  1.60s/it]
 65%|ΓûêΓûêΓûêΓûêΓûêΓûêΓûî   | 1964/3000 [32:30<22:41,  1.31s/it]
 66%|ΓûêΓûêΓûêΓûêΓûêΓûêΓûî   | 1965/3000 [32:31<20:59,  1.22s/it]
 66%|ΓûêΓûêΓûêΓûêΓûêΓûêΓûî   | 1966/3000 [32:32<19:31,  1.13s/it]
 66%|ΓûêΓûêΓûêΓûêΓûêΓûêΓûî   | 1967/3000 [32:33<16:58,  1.01it/s]
 66%|ΓûêΓûêΓûêΓûêΓûêΓûêΓûî   | 1968/3000 [32:34<18:43,  1.09s/it]
 66%|ΓûêΓûêΓûêΓûêΓûêΓûêΓûî   | 1969/3000 [32:36<21:40,  1.26s/it]
 66%|ΓûêΓûêΓûêΓûêΓûêΓûêΓûî   | 1970/3000 [32:37<18:14,  1.06s/it]
 66%|ΓûêΓûêΓûêΓûêΓûêΓûêΓûî   | 1971/3000 [32:38<17:41,  1.03s/it]
 66%|ΓûêΓûêΓûêΓûêΓûêΓûêΓûî   | 1972/3000 [32:38<15:12,  1.13it/s]
 66%|ΓûêΓûêΓûêΓûêΓûêΓûêΓûî   | 1973/3000 [32:39<14:37,  1.17it/s]
 66%|ΓûêΓûêΓûêΓûêΓûêΓûêΓûî   | 1974/3000 [32:40<17:15,  1.01s/it]
 66%|ΓûêΓûêΓûêΓûêΓûêΓûêΓûî   | 1975/3000 [32:41<15:17,  1.12it/s]
 66%|ΓûêΓûêΓûêΓûêΓûêΓûêΓûî   | 1976/3000 [32:42<15:31,  1.10it/s]
 66%|ΓûêΓûêΓûêΓûêΓûêΓûêΓûî   | 1977/3000 [32:43<16:04,  1.06it/s]
 66%|ΓûêΓûêΓûêΓûêΓûêΓûêΓûî   | 1978/3000 [32:43<14:10,  1.20it/s]
 66%|ΓûêΓûêΓûêΓûêΓûêΓûêΓûî   | 1979/3000 [32:45<15:51,  1.07it/s]
 66%|ΓûêΓûêΓûêΓûêΓûêΓûêΓûî   | 1980/3000 [32:45<15:09,  1.12it/s]
 66%|ΓûêΓûêΓûêΓûêΓûêΓûêΓûî   | 1981/3000 [32:46<14:24,  1.18it/s]
 66%|ΓûêΓûêΓûêΓûêΓûêΓûêΓûî   | 1982/3000 [32:47<12:45,  1.33it/s]
 66%|ΓûêΓûêΓûêΓûêΓûêΓûêΓûî   | 1983/3000 [32:50<27:35,  1.63s/it]
 66%|ΓûêΓûêΓûêΓûêΓûêΓûêΓûî   | 1984/3000 [32:51<21:38,  1.28s/it]
 66%|ΓûêΓûêΓûêΓûêΓûêΓûêΓûî   | 1985/3000 [32:51<18:03,  1.07s/it]
 66%|ΓûêΓûêΓûêΓûêΓûêΓûêΓûî   | 1986/3000 [32:52<16:24,  1.03it/s]
 66%|ΓûêΓûêΓûêΓûêΓûêΓûêΓûî   | 1987/3000 [32:53<13:46,  1.23it/s]
 66%|ΓûêΓûêΓûêΓûêΓûêΓûêΓûï   | 1988/3000 [32:53<13:44,  1.23it/s]
 66%|ΓûêΓûêΓûêΓûêΓûêΓûêΓûï   | 1989/3000 [32:54<13:23,  1.26it/s]
 66%|ΓûêΓûêΓûêΓûêΓûêΓûêΓûï   | 1990/3000 [32:55<11:40,  1.44it/s]
 66%|ΓûêΓûêΓûêΓûêΓûêΓûêΓûï   | 1991/3000 [32:55<10:32,  1.60it/s]
 66%|ΓûêΓûêΓûêΓûêΓûêΓûêΓûï   | 1992/3000 [32:56<11:36,  1.45it/s]
 66%|ΓûêΓûêΓûêΓûêΓûêΓûêΓûï   | 1993/3000 [32:57<12:25,  1.35it/s]
 66%|ΓûêΓûêΓûêΓûêΓûêΓûêΓûï   | 1994/3000 [32:58<16:22,  1.02it/s]
 66%|ΓûêΓûêΓûêΓûêΓûêΓûêΓûï   | 1995/3000 [32:59<14:21,  1.17it/s]
 67%|ΓûêΓûêΓûêΓûêΓûêΓûêΓûï   | 1996/3000 [32:59<12:51,  1.30it/s]
 67%|ΓûêΓûêΓûêΓûêΓûêΓûêΓûï   | 1997/3000 [33:00<12:36,  1.33it/s]
 67%|ΓûêΓûêΓûêΓûêΓûêΓûêΓûï   | 1998/3000 [33:01<12:44,  1.31it/s]
 67%|ΓûêΓûêΓûêΓûêΓûêΓûêΓûï   | 1999/3000 [33:02<12:53,  1.29it/s]
 67%|ΓûêΓûêΓûêΓûêΓûêΓûêΓûï   | 2000/3000 [33:03<15:26,  1.08it/s]
 67%|ΓûêΓûêΓûêΓûêΓûêΓûêΓûï   | 2001/3000 [33:04<15:21,  1.08it/s]
 67%|ΓûêΓûêΓûêΓûêΓûêΓûêΓûï   | 2002/3000 [33:05<14:08,  1.18it/s]
 67%|ΓûêΓûêΓûêΓûêΓûêΓûêΓûï   | 2003/3000 [33:06<16:49,  1.01s/it]
 67%|ΓûêΓûêΓûêΓûêΓûêΓûêΓûï   | 2004/3000 [33:08<22:51,  1.38s/it]
 67%|ΓûêΓûêΓûêΓûêΓûêΓûêΓûï   | 2005/3000 [33:09<21:00,  1.27s/it]
 67%|ΓûêΓûêΓûêΓûêΓûêΓûêΓûï   | 2006/3000 [33:10<20:21,  1.23s/it]
 67%|ΓûêΓûêΓûêΓûêΓûêΓûêΓûï   | 2007/3000 [33:11<18:08,  1.10s/it]
 67%|ΓûêΓûêΓûêΓûêΓûêΓûêΓûï   | 2008/3000 [33:12<19:19,  1.17s/it]
 67%|ΓûêΓûêΓûêΓûêΓûêΓûêΓûï   | 2009/3000 [33:13<18:13,  1.10s/it]
 67%|ΓûêΓûêΓûêΓûêΓûêΓûêΓûï   | 2010/3000 [33:15<22:41,  1.37s/it]
 67%|ΓûêΓûêΓûêΓûêΓûêΓûêΓûï   | 2011/3000 [33:16<20:16,  1.23s/it]
 67%|ΓûêΓûêΓûêΓûêΓûêΓûêΓûï   | 2012/3000 [33:17<17:02,  1.04s/it]
 67%|ΓûêΓûêΓûêΓûêΓûêΓûêΓûï   | 2013/3000 [33:18<15:22,  1.07it/s]
 67%|ΓûêΓûêΓûêΓûêΓûêΓûêΓûï   | 2014/3000 [33:18<13:37,  1.21it/s]
 67%|ΓûêΓûêΓûêΓûêΓûêΓûêΓûï   | 2015/3000 [33:19<12:12,  1.34it/s]
 67%|ΓûêΓûêΓûêΓûêΓûêΓûêΓûï   | 2016/3000 [33:20<13:33,  1.21it/s]
 67%|ΓûêΓûêΓûêΓûêΓûêΓûêΓûï   | 2017/3000 [33:20<12:56,  1.27it/s]
 67%|ΓûêΓûêΓûêΓûêΓûêΓûêΓûï   | 2018/3000 [33:21<12:14,  1.34it/s]
 67%|ΓûêΓûêΓûêΓûêΓûêΓûêΓûï   | 2019/3000 [33:22<14:44,  1.11it/s]
 67%|ΓûêΓûêΓûêΓûêΓûêΓûêΓûï   | 2020/3000 [33:23<12:58,  1.26it/s]
 67%|ΓûêΓûêΓûêΓûêΓûêΓûêΓûï   | 2021/3000 [33:25<20:40,  1.27s/it]
 67%|ΓûêΓûêΓûêΓûêΓûêΓûêΓûï   | 2022/3000 [33:26<19:12,  1.18s/it]
 67%|ΓûêΓûêΓûêΓûêΓûêΓûêΓûï   | 2023/3000 [33:27<17:30,  1.07s/it]
 67%|ΓûêΓûêΓûêΓûêΓûêΓûêΓûï   | 2024/3000 [33:28<18:03,  1.11s/it]
 68%|ΓûêΓûêΓûêΓûêΓûêΓûêΓûè   | 2025/3000 [33:30<19:33,  1.20s/it]
 68%|ΓûêΓûêΓûêΓûêΓûêΓûêΓûè   | 2026/3000 [33:30<17:21,  1.07s/it]
 68%|ΓûêΓûêΓûêΓûêΓûêΓûêΓûè   | 2027/3000 [33:31<15:53,  1.02it/s]
 68%|ΓûêΓûêΓûêΓûêΓûêΓûêΓûè   | 2028/3000 [33:33<17:46,  1.10s/it]
 68%|ΓûêΓûêΓûêΓûêΓûêΓûêΓûè   | 2029/3000 [33:33<15:48,  1.02it/s]
 68%|ΓûêΓûêΓûêΓûêΓûêΓûêΓûè   | 2030/3000 [33:34<13:48,  1.17it/s]
 68%|ΓûêΓûêΓûêΓûêΓûêΓûêΓûè   | 2031/3000 [33:35<13:16,  1.22it/s]
 68%|ΓûêΓûêΓûêΓûêΓûêΓûêΓûè   | 2032/3000 [33:35<12:53,  1.25it/s]
 68%|ΓûêΓûêΓûêΓûêΓûêΓûêΓûè   | 2033/3000 [33:36<13:08,  1.23it/s]
 68%|ΓûêΓûêΓûêΓûêΓûêΓûêΓûè   | 2034/3000 [33:37<12:48,  1.26it/s]
 68%|ΓûêΓûêΓûêΓûêΓûêΓûêΓûè   | 2035/3000 [33:38<15:03,  1.07it/s]
 68%|ΓûêΓûêΓûêΓûêΓûêΓûêΓûè   | 2036/3000 [33:39<13:23,  1.20it/s]
 68%|ΓûêΓûêΓûêΓûêΓûêΓûêΓûè   | 2037/3000 [33:40<12:59,  1.24it/s]
 68%|ΓûêΓûêΓûêΓûêΓûêΓûêΓûè   | 2038/3000 [33:40<12:45,  1.26it/s]
 68%|ΓûêΓûêΓûêΓûêΓûêΓûêΓûè   | 2039/3000 [33:41<12:22,  1.29it/s]
 68%|ΓûêΓûêΓûêΓûêΓûêΓûêΓûè   | 2040/3000 [33:42<12:04,  1.33it/s]
 68%|ΓûêΓûêΓûêΓûêΓûêΓûêΓûè   | 2041/3000 [33:43<12:30,  1.28it/s]
 68%|ΓûêΓûêΓûêΓûêΓûêΓûêΓûè   | 2042/3000 [33:44<13:57,  1.14it/s]
 68%|ΓûêΓûêΓûêΓûêΓûêΓûêΓûè   | 2043/3000 [33:44<12:06,  1.32it/s]
 68%|ΓûêΓûêΓûêΓûêΓûêΓûêΓûè   | 2044/3000 [33:45<13:49,  1.15it/s]
 68%|ΓûêΓûêΓûêΓûêΓûêΓûêΓûè   | 2045/3000 [33:46<13:13,  1.20it/s]
 68%|ΓûêΓûêΓûêΓûêΓûêΓûêΓûè   | 2046/3000 [33:47<14:13,  1.12it/s]
 68%|ΓûêΓûêΓûêΓûêΓûêΓûêΓûè   | 2047/3000 [33:48<14:33,  1.09it/s]
 68%|ΓûêΓûêΓûêΓûêΓûêΓûêΓûè   | 2048/3000 [33:49<14:09,  1.12it/s]
 68%|ΓûêΓûêΓûêΓûêΓûêΓûêΓûè   | 2049/3000 [33:50<13:15,  1.20it/s]
 68%|ΓûêΓûêΓûêΓûêΓûêΓûêΓûè   | 2050/3000 [33:51<16:42,  1.06s/it]
 68%|ΓûêΓûêΓûêΓûêΓûêΓûêΓûè   | 2051/3000 [33:52<17:02,  1.08s/it]
 68%|ΓûêΓûêΓûêΓûêΓûêΓûêΓûè   | 2052/3000 [33:54<20:32,  1.30s/it]
 68%|ΓûêΓûêΓûêΓûêΓûêΓûêΓûè   | 2053/3000 [33:55<18:23,  1.17s/it]
 68%|ΓûêΓûêΓûêΓûêΓûêΓûêΓûè   | 2054/3000 [33:56<17:04,  1.08s/it]
 68%|ΓûêΓûêΓûêΓûêΓûêΓûêΓûè   | 2055/3000 [33:56<14:55,  1.06it/s]
 69%|ΓûêΓûêΓûêΓûêΓûêΓûêΓûè   | 2056/3000 [33:57<15:05,  1.04it/s]
 69%|ΓûêΓûêΓûêΓûêΓûêΓûêΓûè   | 2057/3000 [33:59<15:33,  1.01it/s]
 69%|ΓûêΓûêΓûêΓûêΓûêΓûêΓûè   | 2058/3000 [33:59<14:41,  1.07it/s]
 69%|ΓûêΓûêΓûêΓûêΓûêΓûêΓûè   | 2059/3000 [34:00<14:24,  1.09it/s]
 69%|ΓûêΓûêΓûêΓûêΓûêΓûêΓûè   | 2060/3000 [34:01<12:33,  1.25it/s]
 69%|ΓûêΓûêΓûêΓûêΓûêΓûêΓûè   | 2061/3000 [34:02<13:15,  1.18it/s]
 69%|ΓûêΓûêΓûêΓûêΓûêΓûêΓûè   | 2062/3000 [34:04<19:09,  1.23s/it]
 69%|ΓûêΓûêΓûêΓûêΓûêΓûêΓûë   | 2063/3000 [34:04<16:12,  1.04s/it]
 69%|ΓûêΓûêΓûêΓûêΓûêΓûêΓûë   | 2064/3000 [34:05<14:04,  1.11it/s]
 69%|ΓûêΓûêΓûêΓûêΓûêΓûêΓûë   | 2065/3000 [34:06<14:20,  1.09it/s]
 69%|ΓûêΓûêΓûêΓûêΓûêΓûêΓûë   | 2066/3000 [34:07<15:23,  1.01it/s]
 69%|ΓûêΓûêΓûêΓûêΓûêΓûêΓûë   | 2067/3000 [34:08<12:58,  1.20it/s]
 69%|ΓûêΓûêΓûêΓûêΓûêΓûêΓûë   | 2068/3000 [34:08<12:52,  1.21it/s]
 69%|ΓûêΓûêΓûêΓûêΓûêΓûêΓûë   | 2069/3000 [34:09<13:06,  1.18it/s]
 69%|ΓûêΓûêΓûêΓûêΓûêΓûêΓûë   | 2070/3000 [34:11<14:56,  1.04it/s]
 69%|ΓûêΓûêΓûêΓûêΓûêΓûêΓûë   | 2071/3000 [34:11<13:08,  1.18it/s]
 69%|ΓûêΓûêΓûêΓûêΓûêΓûêΓûë   | 2072/3000 [34:12<12:57,  1.19it/s]
 69%|ΓûêΓûêΓûêΓûêΓûêΓûêΓûë   | 2073/3000 [34:12<11:45,  1.31it/s]
 69%|ΓûêΓûêΓûêΓûêΓûêΓûêΓûë   | 2074/3000 [34:13<11:22,  1.36it/s]
 69%|ΓûêΓûêΓûêΓûêΓûêΓûêΓûë   | 2075/3000 [34:14<11:25,  1.35it/s]
 69%|ΓûêΓûêΓûêΓûêΓûêΓûêΓûë   | 2076/3000 [34:15<11:12,  1.37it/s]
 69%|ΓûêΓûêΓûêΓûêΓûêΓûêΓûë   | 2077/3000 [34:15<11:47,  1.30it/s]
 69%|ΓûêΓûêΓûêΓûêΓûêΓûêΓûë   | 2078/3000 [34:16<12:34,  1.22it/s]
 69%|ΓûêΓûêΓûêΓûêΓûêΓûêΓûë   | 2079/3000 [34:17<11:40,  1.31it/s]
 69%|ΓûêΓûêΓûêΓûêΓûêΓûêΓûë   | 2080/3000 [34:18<12:06,  1.27it/s]
 69%|ΓûêΓûêΓûêΓûêΓûêΓûêΓûë   | 2081/3000 [34:20<16:42,  1.09s/it]
 69%|ΓûêΓûêΓûêΓûêΓûêΓûêΓûë   | 2082/3000 [34:21<15:31,  1.01s/it]
 69%|ΓûêΓûêΓûêΓûêΓûêΓûêΓûë   | 2083/3000 [34:21<13:25,  1.14it/s]
 69%|ΓûêΓûêΓûêΓûêΓûêΓûêΓûë   | 2084/3000 [34:22<11:28,  1.33it/s]
 70%|ΓûêΓûêΓûêΓûêΓûêΓûêΓûë   | 2085/3000 [34:22<12:05,  1.26it/s]
 70%|ΓûêΓûêΓûêΓûêΓûêΓûêΓûë   | 2086/3000 [34:23<11:30,  1.32it/s]
 70%|ΓûêΓûêΓûêΓûêΓûêΓûêΓûë   | 2087/3000 [34:24<11:19,  1.34it/s]
 70%|ΓûêΓûêΓûêΓûêΓûêΓûêΓûë   | 2088/3000 [34:24<10:48,  1.41it/s]
 70%|ΓûêΓûêΓûêΓûêΓûêΓûêΓûë   | 2089/3000 [34:26<16:10,  1.07s/it]
 70%|ΓûêΓûêΓûêΓûêΓûêΓûêΓûë   | 2090/3000 [34:27<14:35,  1.04it/s]
 70%|ΓûêΓûêΓûêΓûêΓûêΓûêΓûë   | 2091/3000 [34:28<13:00,  1.16it/s]
 70%|ΓûêΓûêΓûêΓûêΓûêΓûêΓûë   | 2092/3000 [34:29<12:51,  1.18it/s]
 70%|ΓûêΓûêΓûêΓûêΓûêΓûêΓûë   | 2093/3000 [34:30<15:54,  1.05s/it]
 70%|ΓûêΓûêΓûêΓûêΓûêΓûêΓûë   | 2094/3000 [34:31<15:40,  1.04s/it]
 70%|ΓûêΓûêΓûêΓûêΓûêΓûêΓûë   | 2095/3000 [34:32<13:37,  1.11it/s]
 70%|ΓûêΓûêΓûêΓûêΓûêΓûêΓûë   | 2096/3000 [34:33<13:52,  1.09it/s]
 70%|ΓûêΓûêΓûêΓûêΓûêΓûêΓûë   | 2097/3000 [34:34<15:33,  1.03s/it]
 70%|ΓûêΓûêΓûêΓûêΓûêΓûêΓûë   | 2098/3000 [34:34<13:37,  1.10it/s]
 70%|ΓûêΓûêΓûêΓûêΓûêΓûêΓûë   | 2099/3000 [34:35<12:58,  1.16it/s]
 70%|ΓûêΓûêΓûêΓûêΓûêΓûêΓûê   | 2100/3000 [34:36<12:46,  1.17it/s]
 70%|ΓûêΓûêΓûêΓûêΓûêΓûêΓûê   | 2101/3000 [34:38<16:26,  1.10s/it]
 70%|ΓûêΓûêΓûêΓûêΓûêΓûêΓûê   | 2102/3000 [34:39<15:44,  1.05s/it]
 70%|ΓûêΓûêΓûêΓûêΓûêΓûêΓûê   | 2103/3000 [34:39<13:07,  1.14it/s]
 70%|ΓûêΓûêΓûêΓûêΓûêΓûêΓûê   | 2104/3000 [34:40<12:58,  1.15it/s]
 70%|ΓûêΓûêΓûêΓûêΓûêΓûêΓûê   | 2105/3000 [34:42<19:43,  1.32s/it]
 70%|ΓûêΓûêΓûêΓûêΓûêΓûêΓûê   | 2106/3000 [34:43<18:07,  1.22s/it]
 70%|ΓûêΓûêΓûêΓûêΓûêΓûêΓûê   | 2107/3000 [34:44<15:44,  1.06s/it]
 70%|ΓûêΓûêΓûêΓûêΓûêΓûêΓûê   | 2108/3000 [34:45<14:37,  1.02it/s]
 70%|ΓûêΓûêΓûêΓûêΓûêΓûêΓûê   | 2109/3000 [34:46<14:53,  1.00s/it]
 70%|ΓûêΓûêΓûêΓûêΓûêΓûêΓûê   | 2110/3000 [34:47<13:37,  1.09it/s]
 70%|ΓûêΓûêΓûêΓûêΓûêΓûêΓûê   | 2111/3000 [34:47<12:22,  1.20it/s]
 70%|ΓûêΓûêΓûêΓûêΓûêΓûêΓûê   | 2112/3000 [34:48<12:49,  1.15it/s]
 70%|ΓûêΓûêΓûêΓûêΓûêΓûêΓûê   | 2113/3000 [34:50<14:44,  1.00it/s]
 70%|ΓûêΓûêΓûêΓûêΓûêΓûêΓûê   | 2114/3000 [34:53<27:50,  1.89s/it]
 70%|ΓûêΓûêΓûêΓûêΓûêΓûêΓûê   | 2115/3000 [34:54<22:32,  1.53s/it]
 71%|ΓûêΓûêΓûêΓûêΓûêΓûêΓûê   | 2116/3000 [34:55<18:55,  1.28s/it]
 71%|ΓûêΓûêΓûêΓûêΓûêΓûêΓûê   | 2117/3000 [34:56<19:04,  1.30s/it]
 71%|ΓûêΓûêΓûêΓûêΓûêΓûêΓûê   | 2118/3000 [34:58<19:40,  1.34s/it]
 71%|ΓûêΓûêΓûêΓûêΓûêΓûêΓûê   | 2119/3000 [34:58<17:23,  1.18s/it]
 71%|ΓûêΓûêΓûêΓûêΓûêΓûêΓûê   | 2120/3000 [34:59<16:28,  1.12s/it]
 71%|ΓûêΓûêΓûêΓûêΓûêΓûêΓûê   | 2121/3000 [35:00<14:19,  1.02it/s]
 71%|ΓûêΓûêΓûêΓûêΓûêΓûêΓûê   | 2122/3000 [35:01<14:22,  1.02it/s]
 71%|ΓûêΓûêΓûêΓûêΓûêΓûêΓûê   | 2123/3000 [35:02<13:22,  1.09it/s]
 71%|ΓûêΓûêΓûêΓûêΓûêΓûêΓûê   | 2124/3000 [35:03<13:00,  1.12it/s]
 71%|ΓûêΓûêΓûêΓûêΓûêΓûêΓûê   | 2125/3000 [35:03<12:20,  1.18it/s]
 71%|ΓûêΓûêΓûêΓûêΓûêΓûêΓûê   | 2126/3000 [35:04<11:16,  1.29it/s]
 71%|ΓûêΓûêΓûêΓûêΓûêΓûêΓûê   | 2127/3000 [35:06<16:12,  1.11s/it]
 71%|ΓûêΓûêΓûêΓûêΓûêΓûêΓûê   | 2128/3000 [35:07<15:11,  1.05s/it]
 71%|ΓûêΓûêΓûêΓûêΓûêΓûêΓûê   | 2129/3000 [35:07<13:28,  1.08it/s]
 71%|ΓûêΓûêΓûêΓûêΓûêΓûêΓûê   | 2130/3000 [35:09<14:01,  1.03it/s]
 71%|ΓûêΓûêΓûêΓûêΓûêΓûêΓûê   | 2131/3000 [35:10<14:16,  1.01it/s]
 71%|ΓûêΓûêΓûêΓûêΓûêΓûêΓûê   | 2132/3000 [35:11<16:36,  1.15s/it]
 71%|ΓûêΓûêΓûêΓûêΓûêΓûêΓûê   | 2133/3000 [35:12<15:26,  1.07s/it]
 71%|ΓûêΓûêΓûêΓûêΓûêΓûêΓûê   | 2134/3000 [35:13<16:27,  1.14s/it]
 71%|ΓûêΓûêΓûêΓûêΓûêΓûêΓûê   | 2135/3000 [35:14<15:24,  1.07s/it]
 71%|ΓûêΓûêΓûêΓûêΓûêΓûêΓûê   | 2136/3000 [35:16<18:07,  1.26s/it]
 71%|ΓûêΓûêΓûêΓûêΓûêΓûêΓûê   | 2137/3000 [35:17<18:17,  1.27s/it]
 71%|ΓûêΓûêΓûêΓûêΓûêΓûêΓûêΓûÅ  | 2138/3000 [35:18<16:00,  1.11s/it]
 71%|ΓûêΓûêΓûêΓûêΓûêΓûêΓûêΓûÅ  | 2139/3000 [35:19<14:09,  1.01it/s]
 71%|ΓûêΓûêΓûêΓûêΓûêΓûêΓûêΓûÅ  | 2140/3000 [35:19<12:48,  1.12it/s]
 71%|ΓûêΓûêΓûêΓûêΓûêΓûêΓûêΓûÅ  | 2141/3000 [35:20<11:55,  1.20it/s]
 71%|ΓûêΓûêΓûêΓûêΓûêΓûêΓûêΓûÅ  | 2142/3000 [35:21<11:29,  1.24it/s]
 71%|ΓûêΓûêΓûêΓûêΓûêΓûêΓûêΓûÅ  | 2143/3000 [35:21<10:30,  1.36it/s]
 71%|ΓûêΓûêΓûêΓûêΓûêΓûêΓûêΓûÅ  | 2144/3000 [35:22<11:48,  1.21it/s]
 72%|ΓûêΓûêΓûêΓûêΓûêΓûêΓûêΓûÅ  | 2145/3000 [35:24<13:44,  1.04it/s]
 72%|ΓûêΓûêΓûêΓûêΓûêΓûêΓûêΓûÅ  | 2146/3000 [35:25<16:47,  1.18s/it]
 72%|ΓûêΓûêΓûêΓûêΓûêΓûêΓûêΓûÅ  | 2147/3000 [35:26<14:04,  1.01it/s]
 72%|ΓûêΓûêΓûêΓûêΓûêΓûêΓûêΓûÅ  | 2148/3000 [35:27<14:19,  1.01s/it]
 72%|ΓûêΓûêΓûêΓûêΓûêΓûêΓûêΓûÅ  | 2149/3000 [35:28<13:52,  1.02it/s]
 72%|ΓûêΓûêΓûêΓûêΓûêΓûêΓûêΓûÅ  | 2150/3000 [35:29<14:10,  1.00s/it]
 72%|ΓûêΓûêΓûêΓûêΓûêΓûêΓûêΓûÅ  | 2151/3000 [35:30<14:37,  1.03s/it]
 72%|ΓûêΓûêΓûêΓûêΓûêΓûêΓûêΓûÅ  | 2152/3000 [35:31<13:56,  1.01it/s]
 72%|ΓûêΓûêΓûêΓûêΓûêΓûêΓûêΓûÅ  | 2153/3000 [35:32<14:36,  1.03s/it]
 72%|ΓûêΓûêΓûêΓûêΓûêΓûêΓûêΓûÅ  | 2154/3000 [35:33<14:33,  1.03s/it]
 72%|ΓûêΓûêΓûêΓûêΓûêΓûêΓûêΓûÅ  | 2155/3000 [35:34<14:24,  1.02s/it]
 72%|ΓûêΓûêΓûêΓûêΓûêΓûêΓûêΓûÅ  | 2156/3000 [35:35<14:43,  1.05s/it]
 72%|ΓûêΓûêΓûêΓûêΓûêΓûêΓûêΓûÅ  | 2157/3000 [35:36<14:57,  1.06s/it]
 72%|ΓûêΓûêΓûêΓûêΓûêΓûêΓûêΓûÅ  | 2158/3000 [35:37<14:53,  1.06s/it]
 72%|ΓûêΓûêΓûêΓûêΓûêΓûêΓûêΓûÅ  | 2159/3000 [35:39<15:47,  1.13s/it]
 72%|ΓûêΓûêΓûêΓûêΓûêΓûêΓûêΓûÅ  | 2160/3000 [35:40<15:43,  1.12s/it]
 72%|ΓûêΓûêΓûêΓûêΓûêΓûêΓûêΓûÅ  | 2161/3000 [35:40<13:48,  1.01it/s]
 72%|ΓûêΓûêΓûêΓûêΓûêΓûêΓûêΓûÅ  | 2162/3000 [35:42<14:36,  1.05s/it]
 72%|ΓûêΓûêΓûêΓûêΓûêΓûêΓûêΓûÅ  | 2163/3000 [35:42<13:30,  1.03it/s]
 72%|ΓûêΓûêΓûêΓûêΓûêΓûêΓûêΓûÅ  | 2164/3000 [35:44<18:11,  1.31s/it]
 72%|ΓûêΓûêΓûêΓûêΓûêΓûêΓûêΓûÅ  | 2165/3000 [35:45<16:20,  1.17s/it]
 72%|ΓûêΓûêΓûêΓûêΓûêΓûêΓûêΓûÅ  | 2166/3000 [35:46<15:23,  1.11s/it]
 72%|ΓûêΓûêΓûêΓûêΓûêΓûêΓûêΓûÅ  | 2167/3000 [35:47<15:29,  1.12s/it]
 72%|ΓûêΓûêΓûêΓûêΓûêΓûêΓûêΓûÅ  | 2168/3000 [35:48<14:24,  1.04s/it]
 72%|ΓûêΓûêΓûêΓûêΓûêΓûêΓûêΓûÅ  | 2169/3000 [35:49<13:30,  1.03it/s]
 72%|ΓûêΓûêΓûêΓûêΓûêΓûêΓûêΓûÅ  | 2170/3000 [35:50<13:06,  1.06it/s]
 72%|ΓûêΓûêΓûêΓûêΓûêΓûêΓûêΓûÅ  | 2171/3000 [35:51<12:19,  1.12it/s]
 72%|ΓûêΓûêΓûêΓûêΓûêΓûêΓûêΓûÅ  | 2172/3000 [35:52<12:02,  1.15it/s]
 72%|ΓûêΓûêΓûêΓûêΓûêΓûêΓûêΓûÅ  | 2173/3000 [35:54<16:45,  1.22s/it]
 72%|ΓûêΓûêΓûêΓûêΓûêΓûêΓûêΓûÅ  | 2174/3000 [35:55<17:34,  1.28s/it]
 72%|ΓûêΓûêΓûêΓûêΓûêΓûêΓûêΓûÄ  | 2175/3000 [35:56<16:12,  1.18s/it]
 73%|ΓûêΓûêΓûêΓûêΓûêΓûêΓûêΓûÄ  | 2176/3000 [35:57<15:51,  1.15s/it]
 73%|ΓûêΓûêΓûêΓûêΓûêΓûêΓûêΓûÄ  | 2177/3000 [35:58<16:11,  1.18s/it]
 73%|ΓûêΓûêΓûêΓûêΓûêΓûêΓûêΓûÄ  | 2178/3000 [35:59<13:35,  1.01it/s]
 73%|ΓûêΓûêΓûêΓûêΓûêΓûêΓûêΓûÄ  | 2179/3000 [36:00<13:57,  1.02s/it]
 73%|ΓûêΓûêΓûêΓûêΓûêΓûêΓûêΓûÄ  | 2180/3000 [36:01<13:51,  1.01s/it]
 73%|ΓûêΓûêΓûêΓûêΓûêΓûêΓûêΓûÄ  | 2181/3000 [36:02<12:41,  1.07it/s]
 73%|ΓûêΓûêΓûêΓûêΓûêΓûêΓûêΓûÄ  | 2182/3000 [36:03<12:57,  1.05it/s]
 73%|ΓûêΓûêΓûêΓûêΓûêΓûêΓûêΓûÄ  | 2183/3000 [36:03<11:26,  1.19it/s]
 73%|ΓûêΓûêΓûêΓûêΓûêΓûêΓûêΓûÄ  | 2184/3000 [36:04<11:55,  1.14it/s]
 73%|ΓûêΓûêΓûêΓûêΓûêΓûêΓûêΓûÄ  | 2185/3000 [36:05<12:15,  1.11it/s]
 73%|ΓûêΓûêΓûêΓûêΓûêΓûêΓûêΓûÄ  | 2186/3000 [36:06<13:22,  1.01it/s]
 73%|ΓûêΓûêΓûêΓûêΓûêΓûêΓûêΓûÄ  | 2187/3000 [36:07<12:47,  1.06it/s]
 73%|ΓûêΓûêΓûêΓûêΓûêΓûêΓûêΓûÄ  | 2188/3000 [36:08<11:44,  1.15it/s]
 73%|ΓûêΓûêΓûêΓûêΓûêΓûêΓûêΓûÄ  | 2189/3000 [36:08<10:27,  1.29it/s]
 73%|ΓûêΓûêΓûêΓûêΓûêΓûêΓûêΓûÄ  | 2190/3000 [36:09<10:39,  1.27it/s]
 73%|ΓûêΓûêΓûêΓûêΓûêΓûêΓûêΓûÄ  | 2191/3000 [36:10<10:35,  1.27it/s]
 73%|ΓûêΓûêΓûêΓûêΓûêΓûêΓûêΓûÄ  | 2192/3000 [36:11<09:54,  1.36it/s]
 73%|ΓûêΓûêΓûêΓûêΓûêΓûêΓûêΓûÄ  | 2193/3000 [36:12<11:55,  1.13it/s]
 73%|ΓûêΓûêΓûêΓûêΓûêΓûêΓûêΓûÄ  | 2194/3000 [36:13<11:38,  1.15it/s]
 73%|ΓûêΓûêΓûêΓûêΓûêΓûêΓûêΓûÄ  | 2195/3000 [36:14<13:00,  1.03it/s]
 73%|ΓûêΓûêΓûêΓûêΓûêΓûêΓûêΓûÄ  | 2196/3000 [36:15<12:10,  1.10it/s]
 73%|ΓûêΓûêΓûêΓûêΓûêΓûêΓûêΓûÄ  | 2197/3000 [36:16<13:19,  1.00it/s]
 73%|ΓûêΓûêΓûêΓûêΓûêΓûêΓûêΓûÄ  | 2198/3000 [36:17<13:09,  1.02it/s]
 73%|ΓûêΓûêΓûêΓûêΓûêΓûêΓûêΓûÄ  | 2199/3000 [36:18<15:43,  1.18s/it]
 73%|ΓûêΓûêΓûêΓûêΓûêΓûêΓûêΓûÄ  | 2200/3000 [36:19<13:26,  1.01s/it]
 73%|ΓûêΓûêΓûêΓûêΓûêΓûêΓûêΓûÄ  | 2201/3000 [36:20<12:40,  1.05it/s]
 73%|ΓûêΓûêΓûêΓûêΓûêΓûêΓûêΓûÄ  | 2202/3000 [36:21<12:07,  1.10it/s]
 73%|ΓûêΓûêΓûêΓûêΓûêΓûêΓûêΓûÄ  | 2203/3000 [36:21<11:11,  1.19it/s]
 73%|ΓûêΓûêΓûêΓûêΓûêΓûêΓûêΓûÄ  | 2204/3000 [36:22<10:32,  1.26it/s]
 74%|ΓûêΓûêΓûêΓûêΓûêΓûêΓûêΓûÄ  | 2205/3000 [36:23<11:00,  1.20it/s]
 74%|ΓûêΓûêΓûêΓûêΓûêΓûêΓûêΓûÄ  | 2206/3000 [36:24<11:04,  1.19it/s]
 74%|ΓûêΓûêΓûêΓûêΓûêΓûêΓûêΓûÄ  | 2207/3000 [36:25<11:07,  1.19it/s]
 74%|ΓûêΓûêΓûêΓûêΓûêΓûêΓûêΓûÄ  | 2208/3000 [36:26<12:53,  1.02it/s]
 74%|ΓûêΓûêΓûêΓûêΓûêΓûêΓûêΓûÄ  | 2209/3000 [36:27<12:47,  1.03it/s]
 74%|ΓûêΓûêΓûêΓûêΓûêΓûêΓûêΓûÄ  | 2210/3000 [36:28<12:51,  1.02it/s]
 74%|ΓûêΓûêΓûêΓûêΓûêΓûêΓûêΓûÄ  | 2211/3000 [36:29<12:35,  1.04it/s]
 74%|ΓûêΓûêΓûêΓûêΓûêΓûêΓûêΓûÄ  | 2212/3000 [36:30<11:40,  1.13it/s]
 74%|ΓûêΓûêΓûêΓûêΓûêΓûêΓûêΓûì  | 2213/3000 [36:30<11:49,  1.11it/s]
 74%|ΓûêΓûêΓûêΓûêΓûêΓûêΓûêΓûì  | 2214/3000 [36:32<12:40,  1.03it/s]
 74%|ΓûêΓûêΓûêΓûêΓûêΓûêΓûêΓûì  | 2215/3000 [36:33<12:43,  1.03it/s]
 74%|ΓûêΓûêΓûêΓûêΓûêΓûêΓûêΓûì  | 2216/3000 [36:34<12:52,  1.01it/s]
 74%|ΓûêΓûêΓûêΓûêΓûêΓûêΓûêΓûì  | 2217/3000 [36:35<12:29,  1.04it/s]
 74%|ΓûêΓûêΓûêΓûêΓûêΓûêΓûêΓûì  | 2218/3000 [36:36<12:41,  1.03it/s]
 74%|ΓûêΓûêΓûêΓûêΓûêΓûêΓûêΓûì  | 2219/3000 [36:36<11:34,  1.12it/s]
 74%|ΓûêΓûêΓûêΓûêΓûêΓûêΓûêΓûì  | 2220/3000 [36:37<12:37,  1.03it/s]
 74%|ΓûêΓûêΓûêΓûêΓûêΓûêΓûêΓûì  | 2221/3000 [36:39<14:07,  1.09s/it]
 74%|ΓûêΓûêΓûêΓûêΓûêΓûêΓûêΓûì  | 2222/3000 [36:40<13:07,  1.01s/it]
 74%|ΓûêΓûêΓûêΓûêΓûêΓûêΓûêΓûì  | 2223/3000 [36:41<14:50,  1.15s/it]
 74%|ΓûêΓûêΓûêΓûêΓûêΓûêΓûêΓûì  | 2224/3000 [36:42<13:17,  1.03s/it]
 74%|ΓûêΓûêΓûêΓûêΓûêΓûêΓûêΓûì  | 2225/3000 [36:43<12:31,  1.03it/s]
 74%|ΓûêΓûêΓûêΓûêΓûêΓûêΓûêΓûì  | 2226/3000 [36:44<13:27,  1.04s/it]
 74%|ΓûêΓûêΓûêΓûêΓûêΓûêΓûêΓûì  | 2227/3000 [36:45<12:50,  1.00it/s]
 74%|ΓûêΓûêΓûêΓûêΓûêΓûêΓûêΓûì  | 2228/3000 [36:45<11:51,  1.08it/s]
 74%|ΓûêΓûêΓûêΓûêΓûêΓûêΓûêΓûì  | 2229/3000 [36:47<12:21,  1.04it/s]
 74%|ΓûêΓûêΓûêΓûêΓûêΓûêΓûêΓûì  | 2230/3000 [36:48<13:15,  1.03s/it]
 74%|ΓûêΓûêΓûêΓûêΓûêΓûêΓûêΓûì  | 2231/3000 [36:49<13:38,  1.06s/it]
 74%|ΓûêΓûêΓûêΓûêΓûêΓûêΓûêΓûì  | 2232/3000 [36:50<12:13,  1.05it/s]
 74%|ΓûêΓûêΓûêΓûêΓûêΓûêΓûêΓûì  | 2233/3000 [36:50<10:28,  1.22it/s]
 74%|ΓûêΓûêΓûêΓûêΓûêΓûêΓûêΓûì  | 2234/3000 [36:51<09:45,  1.31it/s]
 74%|ΓûêΓûêΓûêΓûêΓûêΓûêΓûêΓûì  | 2235/3000 [36:51<09:46,  1.31it/s]
 75%|ΓûêΓûêΓûêΓûêΓûêΓûêΓûêΓûì  | 2236/3000 [36:52<09:36,  1.33it/s]
 75%|ΓûêΓûêΓûêΓûêΓûêΓûêΓûêΓûì  | 2237/3000 [36:53<08:36,  1.48it/s]
 75%|ΓûêΓûêΓûêΓûêΓûêΓûêΓûêΓûì  | 2238/3000 [36:53<08:23,  1.51it/s]
 75%|ΓûêΓûêΓûêΓûêΓûêΓûêΓûêΓûì  | 2239/3000 [36:55<11:51,  1.07it/s]
 75%|ΓûêΓûêΓûêΓûêΓûêΓûêΓûêΓûì  | 2240/3000 [36:56<12:13,  1.04it/s]
 75%|ΓûêΓûêΓûêΓûêΓûêΓûêΓûêΓûì  | 2241/3000 [36:57<12:03,  1.05it/s]
 75%|ΓûêΓûêΓûêΓûêΓûêΓûêΓûêΓûì  | 2242/3000 [36:59<17:10,  1.36s/it]
 75%|ΓûêΓûêΓûêΓûêΓûêΓûêΓûêΓûì  | 2243/3000 [37:00<16:20,  1.29s/it]
 75%|ΓûêΓûêΓûêΓûêΓûêΓûêΓûêΓûì  | 2244/3000 [37:01<14:55,  1.18s/it]
 75%|ΓûêΓûêΓûêΓûêΓûêΓûêΓûêΓûì  | 2245/3000 [37:02<14:30,  1.15s/it]
 75%|ΓûêΓûêΓûêΓûêΓûêΓûêΓûêΓûì  | 2246/3000 [37:03<12:48,  1.02s/it]
 75%|ΓûêΓûêΓûêΓûêΓûêΓûêΓûêΓûì  | 2247/3000 [37:04<12:38,  1.01s/it]
 75%|ΓûêΓûêΓûêΓûêΓûêΓûêΓûêΓûì  | 2248/3000 [37:05<10:59,  1.14it/s]
 75%|ΓûêΓûêΓûêΓûêΓûêΓûêΓûêΓûì  | 2249/3000 [37:05<10:57,  1.14it/s]
 75%|ΓûêΓûêΓûêΓûêΓûêΓûêΓûêΓûî  | 2250/3000 [37:07<11:53,  1.05it/s]
 75%|ΓûêΓûêΓûêΓûêΓûêΓûêΓûêΓûî  | 2251/3000 [37:08<12:00,  1.04it/s]
 75%|ΓûêΓûêΓûêΓûêΓûêΓûêΓûêΓûî  | 2252/3000 [37:09<12:50,  1.03s/it]
 75%|ΓûêΓûêΓûêΓûêΓûêΓûêΓûêΓûî  | 2253/3000 [37:10<12:13,  1.02it/s]
 75%|ΓûêΓûêΓûêΓûêΓûêΓûêΓûêΓûî  | 2254/3000 [37:11<12:00,  1.04it/s]
 75%|ΓûêΓûêΓûêΓûêΓûêΓûêΓûêΓûî  | 2255/3000 [37:11<10:27,  1.19it/s]
 75%|ΓûêΓûêΓûêΓûêΓûêΓûêΓûêΓûî  | 2256/3000 [37:12<10:55,  1.13it/s]
 75%|ΓûêΓûêΓûêΓûêΓûêΓûêΓûêΓûî  | 2257/3000 [37:13<11:21,  1.09it/s]
 75%|ΓûêΓûêΓûêΓûêΓûêΓûêΓûêΓûî  | 2258/3000 [37:14<11:50,  1.05it/s]
 75%|ΓûêΓûêΓûêΓûêΓûêΓûêΓûêΓûî  | 2259/3000 [37:15<13:14,  1.07s/it]
 75%|ΓûêΓûêΓûêΓûêΓûêΓûêΓûêΓûî  | 2260/3000 [37:19<21:36,  1.75s/it]
 75%|ΓûêΓûêΓûêΓûêΓûêΓûêΓûêΓûî  | 2261/3000 [37:20<19:48,  1.61s/it]
 75%|ΓûêΓûêΓûêΓûêΓûêΓûêΓûêΓûî  | 2262/3000 [37:21<17:31,  1.43s/it]
 75%|ΓûêΓûêΓûêΓûêΓûêΓûêΓûêΓûî  | 2263/3000 [37:22<16:23,  1.33s/it]
 75%|ΓûêΓûêΓûêΓûêΓûêΓûêΓûêΓûî  | 2264/3000 [37:23<14:32,  1.18s/it]
 76%|ΓûêΓûêΓûêΓûêΓûêΓûêΓûêΓûî  | 2265/3000 [37:24<14:19,  1.17s/it]
 76%|ΓûêΓûêΓûêΓûêΓûêΓûêΓûêΓûî  | 2266/3000 [37:25<13:43,  1.12s/it]
 76%|ΓûêΓûêΓûêΓûêΓûêΓûêΓûêΓûî  | 2267/3000 [37:26<13:51,  1.13s/it]
 76%|ΓûêΓûêΓûêΓûêΓûêΓûêΓûêΓûî  | 2268/3000 [37:27<12:20,  1.01s/it]
 76%|ΓûêΓûêΓûêΓûêΓûêΓûêΓûêΓûî  | 2269/3000 [37:29<15:32,  1.28s/it]
 76%|ΓûêΓûêΓûêΓûêΓûêΓûêΓûêΓûî  | 2270/3000 [37:30<15:55,  1.31s/it]
 76%|ΓûêΓûêΓûêΓûêΓûêΓûêΓûêΓûî  | 2271/3000 [37:31<15:00,  1.24s/it]
 76%|ΓûêΓûêΓûêΓûêΓûêΓûêΓûêΓûî  | 2272/3000 [37:32<13:44,  1.13s/it]
 76%|ΓûêΓûêΓûêΓûêΓûêΓûêΓûêΓûî  | 2273/3000 [37:33<11:36,  1.04it/s]
 76%|ΓûêΓûêΓûêΓûêΓûêΓûêΓûêΓûî  | 2274/3000 [37:33<10:04,  1.20it/s]
 76%|ΓûêΓûêΓûêΓûêΓûêΓûêΓûêΓûî  | 2275/3000 [37:34<08:59,  1.34it/s]
 76%|ΓûêΓûêΓûêΓûêΓûêΓûêΓûêΓûî  | 2276/3000 [37:34<08:13,  1.47it/s]
 76%|ΓûêΓûêΓûêΓûêΓûêΓûêΓûêΓûî  | 2277/3000 [37:35<08:22,  1.44it/s]
 76%|ΓûêΓûêΓûêΓûêΓûêΓûêΓûêΓûî  | 2278/3000 [37:36<08:47,  1.37it/s]
 76%|ΓûêΓûêΓûêΓûêΓûêΓûêΓûêΓûî  | 2279/3000 [37:37<09:06,  1.32it/s]
 76%|ΓûêΓûêΓûêΓûêΓûêΓûêΓûêΓûî  | 2280/3000 [37:38<10:24,  1.15it/s]
 76%|ΓûêΓûêΓûêΓûêΓûêΓûêΓûêΓûî  | 2281/3000 [37:39<10:11,  1.18it/s]
 76%|ΓûêΓûêΓûêΓûêΓûêΓûêΓûêΓûî  | 2282/3000 [37:40<12:03,  1.01s/it]
 76%|ΓûêΓûêΓûêΓûêΓûêΓûêΓûêΓûî  | 2283/3000 [37:41<12:03,  1.01s/it]
 76%|ΓûêΓûêΓûêΓûêΓûêΓûêΓûêΓûî  | 2284/3000 [37:42<10:57,  1.09it/s]
 76%|ΓûêΓûêΓûêΓûêΓûêΓûêΓûêΓûî  | 2285/3000 [37:43<12:52,  1.08s/it]
 76%|ΓûêΓûêΓûêΓûêΓûêΓûêΓûêΓûî  | 2286/3000 [37:44<11:24,  1.04it/s]
 76%|ΓûêΓûêΓûêΓûêΓûêΓûêΓûêΓûî  | 2287/3000 [37:45<10:33,  1.13it/s]
 76%|ΓûêΓûêΓûêΓûêΓûêΓûêΓûêΓûï  | 2288/3000 [37:46<12:09,  1.02s/it]
 76%|ΓûêΓûêΓûêΓûêΓûêΓûêΓûêΓûï  | 2289/3000 [37:48<15:44,  1.33s/it]
 76%|ΓûêΓûêΓûêΓûêΓûêΓûêΓûêΓûï  | 2290/3000 [37:50<18:55,  1.60s/it]
 76%|ΓûêΓûêΓûêΓûêΓûêΓûêΓûêΓûï  | 2291/3000 [37:51<15:08,  1.28s/it]
 76%|ΓûêΓûêΓûêΓûêΓûêΓûêΓûêΓûï  | 2292/3000 [37:52<13:32,  1.15s/it]
 76%|ΓûêΓûêΓûêΓûêΓûêΓûêΓûêΓûï  | 2293/3000 [37:52<11:55,  1.01s/it]
 76%|ΓûêΓûêΓûêΓûêΓûêΓûêΓûêΓûï  | 2294/3000 [37:53<11:24,  1.03it/s]
 76%|ΓûêΓûêΓûêΓûêΓûêΓûêΓûêΓûï  | 2295/3000 [37:54<10:31,  1.12it/s]
 77%|ΓûêΓûêΓûêΓûêΓûêΓûêΓûêΓûï  | 2296/3000 [37:55<10:23,  1.13it/s]
 77%|ΓûêΓûêΓûêΓûêΓûêΓûêΓûêΓûï  | 2297/3000 [37:56<09:49,  1.19it/s]
 77%|ΓûêΓûêΓûêΓûêΓûêΓûêΓûêΓûï  | 2298/3000 [37:56<09:45,  1.20it/s]
 77%|ΓûêΓûêΓûêΓûêΓûêΓûêΓûêΓûï  | 2299/3000 [37:57<09:24,  1.24it/s]
 77%|ΓûêΓûêΓûêΓûêΓûêΓûêΓûêΓûï  | 2300/3000 [37:59<11:48,  1.01s/it]
 77%|ΓûêΓûêΓûêΓûêΓûêΓûêΓûêΓûï  | 2301/3000 [37:59<11:02,  1.05it/s]
 77%|ΓûêΓûêΓûêΓûêΓûêΓûêΓûêΓûï  | 2302/3000 [38:00<09:35,  1.21it/s]
 77%|ΓûêΓûêΓûêΓûêΓûêΓûêΓûêΓûï  | 2303/3000 [38:01<09:12,  1.26it/s]
 77%|ΓûêΓûêΓûêΓûêΓûêΓûêΓûêΓûï  | 2304/3000 [38:02<10:24,  1.12it/s]
 77%|ΓûêΓûêΓûêΓûêΓûêΓûêΓûêΓûï  | 2305/3000 [38:03<10:24,  1.11it/s]
 77%|ΓûêΓûêΓûêΓûêΓûêΓûêΓûêΓûï  | 2306/3000 [38:04<10:12,  1.13it/s]
 77%|ΓûêΓûêΓûêΓûêΓûêΓûêΓûêΓûï  | 2307/3000 [38:05<11:44,  1.02s/it]
 77%|ΓûêΓûêΓûêΓûêΓûêΓûêΓûêΓûï  | 2308/3000 [38:06<10:34,  1.09it/s]
 77%|ΓûêΓûêΓûêΓûêΓûêΓûêΓûêΓûï  | 2309/3000 [38:06<09:16,  1.24it/s]
 77%|ΓûêΓûêΓûêΓûêΓûêΓûêΓûêΓûï  | 2310/3000 [38:07<08:59,  1.28it/s]
 77%|ΓûêΓûêΓûêΓûêΓûêΓûêΓûêΓûï  | 2311/3000 [38:09<15:11,  1.32s/it]
 77%|ΓûêΓûêΓûêΓûêΓûêΓûêΓûêΓûï  | 2312/3000 [38:10<13:05,  1.14s/it]
 77%|ΓûêΓûêΓûêΓûêΓûêΓûêΓûêΓûï  | 2313/3000 [38:11<11:32,  1.01s/it]
 77%|ΓûêΓûêΓûêΓûêΓûêΓûêΓûêΓûï  | 2314/3000 [38:12<10:35,  1.08it/s]
 77%|ΓûêΓûêΓûêΓûêΓûêΓûêΓûêΓûï  | 2315/3000 [38:12<10:27,  1.09it/s]
 77%|ΓûêΓûêΓûêΓûêΓûêΓûêΓûêΓûï  | 2316/3000 [38:14<11:08,  1.02it/s]
 77%|ΓûêΓûêΓûêΓûêΓûêΓûêΓûêΓûï  | 2317/3000 [38:15<12:29,  1.10s/it]
 77%|ΓûêΓûêΓûêΓûêΓûêΓûêΓûêΓûï  | 2318/3000 [38:17<14:06,  1.24s/it]
 77%|ΓûêΓûêΓûêΓûêΓûêΓûêΓûêΓûï  | 2319/3000 [38:17<12:58,  1.14s/it]
 77%|ΓûêΓûêΓûêΓûêΓûêΓûêΓûêΓûï  | 2320/3000 [38:19<13:24,  1.18s/it]
 77%|ΓûêΓûêΓûêΓûêΓûêΓûêΓûêΓûï  | 2321/3000 [38:19<11:50,  1.05s/it]
 77%|ΓûêΓûêΓûêΓûêΓûêΓûêΓûêΓûï  | 2322/3000 [38:21<12:44,  1.13s/it]
 77%|ΓûêΓûêΓûêΓûêΓûêΓûêΓûêΓûï  | 2323/3000 [38:22<11:38,  1.03s/it]
 77%|ΓûêΓûêΓûêΓûêΓûêΓûêΓûêΓûï  | 2324/3000 [38:22<11:06,  1.01it/s]
 78%|ΓûêΓûêΓûêΓûêΓûêΓûêΓûêΓûè  | 2325/3000 [38:23<10:27,  1.08it/s]
 78%|ΓûêΓûêΓûêΓûêΓûêΓûêΓûêΓûè  | 2326/3000 [38:24<09:15,  1.21it/s]
 78%|ΓûêΓûêΓûêΓûêΓûêΓûêΓûêΓûè  | 2327/3000 [38:24<08:12,  1.37it/s]
 78%|ΓûêΓûêΓûêΓûêΓûêΓûêΓûêΓûè  | 2328/3000 [38:25<08:14,  1.36it/s]
 78%|ΓûêΓûêΓûêΓûêΓûêΓûêΓûêΓûè  | 2329/3000 [38:26<08:30,  1.32it/s]
 78%|ΓûêΓûêΓûêΓûêΓûêΓûêΓûêΓûè  | 2330/3000 [38:27<08:06,  1.38it/s]
 78%|ΓûêΓûêΓûêΓûêΓûêΓûêΓûêΓûè  | 2331/3000 [38:27<08:12,  1.36it/s]
 78%|ΓûêΓûêΓûêΓûêΓûêΓûêΓûêΓûè  | 2332/3000 [38:28<07:41,  1.45it/s]
 78%|ΓûêΓûêΓûêΓûêΓûêΓûêΓûêΓûè  | 2333/3000 [38:29<08:57,  1.24it/s]
 78%|ΓûêΓûêΓûêΓûêΓûêΓûêΓûêΓûè  | 2334/3000 [38:30<10:25,  1.06it/s]
 78%|ΓûêΓûêΓûêΓûêΓûêΓûêΓûêΓûè  | 2335/3000 [38:32<11:39,  1.05s/it]
 78%|ΓûêΓûêΓûêΓûêΓûêΓûêΓûêΓûè  | 2336/3000 [38:33<11:35,  1.05s/it]
 78%|ΓûêΓûêΓûêΓûêΓûêΓûêΓûêΓûè  | 2337/3000 [38:34<11:22,  1.03s/it]
 78%|ΓûêΓûêΓûêΓûêΓûêΓûêΓûêΓûè  | 2338/3000 [38:35<11:10,  1.01s/it]
 78%|ΓûêΓûêΓûêΓûêΓûêΓûêΓûêΓûè  | 2339/3000 [38:35<10:21,  1.06it/s]
 78%|ΓûêΓûêΓûêΓûêΓûêΓûêΓûêΓûè  | 2340/3000 [38:36<10:13,  1.08it/s]
 78%|ΓûêΓûêΓûêΓûêΓûêΓûêΓûêΓûè  | 2341/3000 [38:37<09:27,  1.16it/s]
 78%|ΓûêΓûêΓûêΓûêΓûêΓûêΓûêΓûè  | 2342/3000 [38:37<08:28,  1.30it/s]
 78%|ΓûêΓûêΓûêΓûêΓûêΓûêΓûêΓûè  | 2343/3000 [38:38<07:46,  1.41it/s]
 78%|ΓûêΓûêΓûêΓûêΓûêΓûêΓûêΓûè  | 2344/3000 [38:40<10:12,  1.07it/s]
 78%|ΓûêΓûêΓûêΓûêΓûêΓûêΓûêΓûè  | 2345/3000 [38:41<10:28,  1.04it/s]
 78%|ΓûêΓûêΓûêΓûêΓûêΓûêΓûêΓûè  | 2346/3000 [38:42<12:05,  1.11s/it]
 78%|ΓûêΓûêΓûêΓûêΓûêΓûêΓûêΓûè  | 2347/3000 [38:43<12:36,  1.16s/it]
 78%|ΓûêΓûêΓûêΓûêΓûêΓûêΓûêΓûè  | 2348/3000 [38:44<11:40,  1.07s/it]
 78%|ΓûêΓûêΓûêΓûêΓûêΓûêΓûêΓûè  | 2349/3000 [38:45<11:18,  1.04s/it]
 78%|ΓûêΓûêΓûêΓûêΓûêΓûêΓûêΓûè  | 2350/3000 [38:46<09:49,  1.10it/s]
 78%|ΓûêΓûêΓûêΓûêΓûêΓûêΓûêΓûè  | 2351/3000 [38:46<08:38,  1.25it/s]
 78%|ΓûêΓûêΓûêΓûêΓûêΓûêΓûêΓûè  | 2352/3000 [38:48<10:18,  1.05it/s]
 78%|ΓûêΓûêΓûêΓûêΓûêΓûêΓûêΓûè  | 2353/3000 [38:48<09:53,  1.09it/s]
 78%|ΓûêΓûêΓûêΓûêΓûêΓûêΓûêΓûè  | 2354/3000 [38:50<11:12,  1.04s/it]
 78%|ΓûêΓûêΓûêΓûêΓûêΓûêΓûêΓûè  | 2355/3000 [38:51<13:04,  1.22s/it]
 79%|ΓûêΓûêΓûêΓûêΓûêΓûêΓûêΓûè  | 2356/3000 [38:52<12:49,  1.20s/it]
 79%|ΓûêΓûêΓûêΓûêΓûêΓûêΓûêΓûè  | 2357/3000 [38:54<12:43,  1.19s/it]
 79%|ΓûêΓûêΓûêΓûêΓûêΓûêΓûêΓûè  | 2358/3000 [38:55<11:57,  1.12s/it]
 79%|ΓûêΓûêΓûêΓûêΓûêΓûêΓûêΓûè  | 2359/3000 [38:55<10:43,  1.00s/it]
 79%|ΓûêΓûêΓûêΓûêΓûêΓûêΓûêΓûè  | 2360/3000 [38:57<11:45,  1.10s/it]
 79%|ΓûêΓûêΓûêΓûêΓûêΓûêΓûêΓûè  | 2361/3000 [38:57<10:23,  1.03it/s]
 79%|ΓûêΓûêΓûêΓûêΓûêΓûêΓûêΓûè  | 2362/3000 [38:58<10:10,  1.05it/s]
 79%|ΓûêΓûêΓûêΓûêΓûêΓûêΓûêΓûë  | 2363/3000 [38:59<09:18,  1.14it/s]
 79%|ΓûêΓûêΓûêΓûêΓûêΓûêΓûêΓûë  | 2364/3000 [39:00<08:22,  1.27it/s]
 79%|ΓûêΓûêΓûêΓûêΓûêΓûêΓûêΓûë  | 2365/3000 [39:01<09:21,  1.13it/s]
 79%|ΓûêΓûêΓûêΓûêΓûêΓûêΓûêΓûë  | 2366/3000 [39:01<08:45,  1.21it/s]
 79%|ΓûêΓûêΓûêΓûêΓûêΓûêΓûêΓûë  | 2367/3000 [39:03<09:46,  1.08it/s]
 79%|ΓûêΓûêΓûêΓûêΓûêΓûêΓûêΓûë  | 2368/3000 [39:04<10:37,  1.01s/it]
 79%|ΓûêΓûêΓûêΓûêΓûêΓûêΓûêΓûë  | 2369/3000 [39:05<11:07,  1.06s/it]
 79%|ΓûêΓûêΓûêΓûêΓûêΓûêΓûêΓûë  | 2370/3000 [39:07<14:26,  1.38s/it]
 79%|ΓûêΓûêΓûêΓûêΓûêΓûêΓûêΓûë  | 2371/3000 [39:08<12:14,  1.17s/it]
 79%|ΓûêΓûêΓûêΓûêΓûêΓûêΓûêΓûë  | 2372/3000 [39:08<10:16,  1.02it/s]
 79%|ΓûêΓûêΓûêΓûêΓûêΓûêΓûêΓûë  | 2373/3000 [39:09<10:28,  1.00s/it]
 79%|ΓûêΓûêΓûêΓûêΓûêΓûêΓûêΓûë  | 2374/3000 [39:10<10:38,  1.02s/it]
 79%|ΓûêΓûêΓûêΓûêΓûêΓûêΓûêΓûë  | 2375/3000 [39:11<09:43,  1.07it/s]
 79%|ΓûêΓûêΓûêΓûêΓûêΓûêΓûêΓûë  | 2376/3000 [39:12<10:39,  1.02s/it]
 79%|ΓûêΓûêΓûêΓûêΓûêΓûêΓûêΓûë  | 2377/3000 [39:13<09:34,  1.08it/s]
 79%|ΓûêΓûêΓûêΓûêΓûêΓûêΓûêΓûë  | 2378/3000 [39:14<10:41,  1.03s/it]
 79%|ΓûêΓûêΓûêΓûêΓûêΓûêΓûêΓûë  | 2379/3000 [39:15<10:20,  1.00it/s]
 79%|ΓûêΓûêΓûêΓûêΓûêΓûêΓûêΓûë  | 2380/3000 [39:16<10:25,  1.01s/it]
 79%|ΓûêΓûêΓûêΓûêΓûêΓûêΓûêΓûë  | 2381/3000 [39:18<12:02,  1.17s/it]
 79%|ΓûêΓûêΓûêΓûêΓûêΓûêΓûêΓûë  | 2382/3000 [39:19<11:02,  1.07s/it]
 79%|ΓûêΓûêΓûêΓûêΓûêΓûêΓûêΓûë  | 2383/3000 [39:20<12:51,  1.25s/it]
 79%|ΓûêΓûêΓûêΓûêΓûêΓûêΓûêΓûë  | 2384/3000 [39:21<11:07,  1.08s/it]
 80%|ΓûêΓûêΓûêΓûêΓûêΓûêΓûêΓûë  | 2385/3000 [39:22<10:52,  1.06s/it]
 80%|ΓûêΓûêΓûêΓûêΓûêΓûêΓûêΓûë  | 2386/3000 [39:23<12:04,  1.18s/it]
 80%|ΓûêΓûêΓûêΓûêΓûêΓûêΓûêΓûë  | 2387/3000 [39:24<10:05,  1.01it/s]
 80%|ΓûêΓûêΓûêΓûêΓûêΓûêΓûêΓûë  | 2388/3000 [39:25<08:46,  1.16it/s]
 80%|ΓûêΓûêΓûêΓûêΓûêΓûêΓûêΓûë  | 2389/3000 [39:26<09:54,  1.03it/s]
 80%|ΓûêΓûêΓûêΓûêΓûêΓûêΓûêΓûë  | 2390/3000 [39:27<09:11,  1.11it/s]
 80%|ΓûêΓûêΓûêΓûêΓûêΓûêΓûêΓûë  | 2391/3000 [39:28<12:08,  1.20s/it]
 80%|ΓûêΓûêΓûêΓûêΓûêΓûêΓûêΓûë  | 2392/3000 [39:29<11:15,  1.11s/it]
 80%|ΓûêΓûêΓûêΓûêΓûêΓûêΓûêΓûë  | 2393/3000 [39:30<10:55,  1.08s/it]
 80%|ΓûêΓûêΓûêΓûêΓûêΓûêΓûêΓûë  | 2394/3000 [39:31<10:20,  1.02s/it]
 80%|ΓûêΓûêΓûêΓûêΓûêΓûêΓûêΓûë  | 2395/3000 [39:32<09:46,  1.03it/s]
 80%|ΓûêΓûêΓûêΓûêΓûêΓûêΓûêΓûë  | 2396/3000 [39:33<09:04,  1.11it/s]
 80%|ΓûêΓûêΓûêΓûêΓûêΓûêΓûêΓûë  | 2397/3000 [39:34<08:59,  1.12it/s]
 80%|ΓûêΓûêΓûêΓûêΓûêΓûêΓûêΓûë  | 2398/3000 [39:35<09:27,  1.06it/s]
 80%|ΓûêΓûêΓûêΓûêΓûêΓûêΓûêΓûë  | 2399/3000 [39:36<09:06,  1.10it/s]
 80%|ΓûêΓûêΓûêΓûêΓûêΓûêΓûêΓûê  | 2400/3000 [39:37<09:08,  1.09it/s]
 80%|ΓûêΓûêΓûêΓûêΓûêΓûêΓûêΓûê  | 2401/3000 [39:37<08:29,  1.18it/s]
 80%|ΓûêΓûêΓûêΓûêΓûêΓûêΓûêΓûê  | 2402/3000 [39:38<08:04,  1.23it/s]
 80%|ΓûêΓûêΓûêΓûêΓûêΓûêΓûêΓûê  | 2403/3000 [39:39<07:51,  1.27it/s]
 80%|ΓûêΓûêΓûêΓûêΓûêΓûêΓûêΓûê  | 2404/3000 [39:40<10:03,  1.01s/it]
 80%|ΓûêΓûêΓûêΓûêΓûêΓûêΓûêΓûê  | 2405/3000 [39:41<09:12,  1.08it/s]
 80%|ΓûêΓûêΓûêΓûêΓûêΓûêΓûêΓûê  | 2406/3000 [39:41<08:04,  1.23it/s]
 80%|ΓûêΓûêΓûêΓûêΓûêΓûêΓûêΓûê  | 2407/3000 [39:43<08:51,  1.12it/s]
 80%|ΓûêΓûêΓûêΓûêΓûêΓûêΓûêΓûê  | 2408/3000 [39:43<08:12,  1.20it/s]
 80%|ΓûêΓûêΓûêΓûêΓûêΓûêΓûêΓûê  | 2409/3000 [39:44<08:09,  1.21it/s]
 80%|ΓûêΓûêΓûêΓûêΓûêΓûêΓûêΓûê  | 2410/3000 [39:45<07:43,  1.27it/s]
 80%|ΓûêΓûêΓûêΓûêΓûêΓûêΓûêΓûê  | 2411/3000 [39:45<07:23,  1.33it/s]
 80%|ΓûêΓûêΓûêΓûêΓûêΓûêΓûêΓûê  | 2412/3000 [39:46<07:04,  1.39it/s]
 80%|ΓûêΓûêΓûêΓûêΓûêΓûêΓûêΓûê  | 2413/3000 [39:47<07:30,  1.30it/s]
 80%|ΓûêΓûêΓûêΓûêΓûêΓûêΓûêΓûê  | 2414/3000 [39:48<07:17,  1.34it/s]
 80%|ΓûêΓûêΓûêΓûêΓûêΓûêΓûêΓûê  | 2415/3000 [39:48<07:32,  1.29it/s]
 81%|ΓûêΓûêΓûêΓûêΓûêΓûêΓûêΓûê  | 2416/3000 [39:49<07:54,  1.23it/s]
 81%|ΓûêΓûêΓûêΓûêΓûêΓûêΓûêΓûê  | 2417/3000 [39:50<08:15,  1.18it/s]
 81%|ΓûêΓûêΓûêΓûêΓûêΓûêΓûêΓûê  | 2418/3000 [39:51<07:57,  1.22it/s]
 81%|ΓûêΓûêΓûêΓûêΓûêΓûêΓûêΓûê  | 2419/3000 [39:52<09:04,  1.07it/s]
 81%|ΓûêΓûêΓûêΓûêΓûêΓûêΓûêΓûê  | 2420/3000 [39:53<09:45,  1.01s/it]
 81%|ΓûêΓûêΓûêΓûêΓûêΓûêΓûêΓûê  | 2421/3000 [39:55<11:15,  1.17s/it]
 81%|ΓûêΓûêΓûêΓûêΓûêΓûêΓûêΓûê  | 2422/3000 [39:56<10:34,  1.10s/it]
 81%|ΓûêΓûêΓûêΓûêΓûêΓûêΓûêΓûê  | 2423/3000 [39:57<09:14,  1.04it/s]
 81%|ΓûêΓûêΓûêΓûêΓûêΓûêΓûêΓûê  | 2424/3000 [39:59<12:10,  1.27s/it]
 81%|ΓûêΓûêΓûêΓûêΓûêΓûêΓûêΓûê  | 2425/3000 [40:01<14:28,  1.51s/it]
 81%|ΓûêΓûêΓûêΓûêΓûêΓûêΓûêΓûê  | 2426/3000 [40:02<13:04,  1.37s/it]
 81%|ΓûêΓûêΓûêΓûêΓûêΓûêΓûêΓûê  | 2427/3000 [40:03<11:50,  1.24s/it]
 81%|ΓûêΓûêΓûêΓûêΓûêΓûêΓûêΓûê  | 2428/3000 [40:03<10:17,  1.08s/it]
 81%|ΓûêΓûêΓûêΓûêΓûêΓûêΓûêΓûê  | 2429/3000 [40:04<09:14,  1.03it/s]
 81%|ΓûêΓûêΓûêΓûêΓûêΓûêΓûêΓûê  | 2430/3000 [40:05<08:30,  1.12it/s]
 81%|ΓûêΓûêΓûêΓûêΓûêΓûêΓûêΓûê  | 2431/3000 [40:06<09:26,  1.00it/s]
 81%|ΓûêΓûêΓûêΓûêΓûêΓûêΓûêΓûê  | 2432/3000 [40:07<09:42,  1.03s/it]
 81%|ΓûêΓûêΓûêΓûêΓûêΓûêΓûêΓûê  | 2433/3000 [40:08<10:27,  1.11s/it]
 81%|ΓûêΓûêΓûêΓûêΓûêΓûêΓûêΓûê  | 2434/3000 [40:11<14:31,  1.54s/it]
 81%|ΓûêΓûêΓûêΓûêΓûêΓûêΓûêΓûê  | 2435/3000 [40:12<13:51,  1.47s/it]
 81%|ΓûêΓûêΓûêΓûêΓûêΓûêΓûêΓûê  | 2436/3000 [40:13<12:54,  1.37s/it]
 81%|ΓûêΓûêΓûêΓûêΓûêΓûêΓûêΓûê  | 2437/3000 [40:15<12:12,  1.30s/it]
 81%|ΓûêΓûêΓûêΓûêΓûêΓûêΓûêΓûêΓûÅ | 2438/3000 [40:16<11:59,  1.28s/it]
 81%|ΓûêΓûêΓûêΓûêΓûêΓûêΓûêΓûêΓûÅ | 2439/3000 [40:16<10:18,  1.10s/it]
 81%|ΓûêΓûêΓûêΓûêΓûêΓûêΓûêΓûêΓûÅ | 2440/3000 [40:18<11:12,  1.20s/it]
 81%|ΓûêΓûêΓûêΓûêΓûêΓûêΓûêΓûêΓûÅ | 2441/3000 [40:19<09:37,  1.03s/it]
 81%|ΓûêΓûêΓûêΓûêΓûêΓûêΓûêΓûêΓûÅ | 2442/3000 [40:19<09:14,  1.01it/s]
 81%|ΓûêΓûêΓûêΓûêΓûêΓûêΓûêΓûêΓûÅ | 2443/3000 [40:20<08:36,  1.08it/s]
 81%|ΓûêΓûêΓûêΓûêΓûêΓûêΓûêΓûêΓûÅ | 2444/3000 [40:21<09:22,  1.01s/it]
 82%|ΓûêΓûêΓûêΓûêΓûêΓûêΓûêΓûêΓûÅ | 2445/3000 [40:23<12:13,  1.32s/it]
 82%|ΓûêΓûêΓûêΓûêΓûêΓûêΓûêΓûêΓûÅ | 2446/3000 [40:24<10:29,  1.14s/it]
 82%|ΓûêΓûêΓûêΓûêΓûêΓûêΓûêΓûêΓûÅ | 2447/3000 [40:25<09:35,  1.04s/it]
 82%|ΓûêΓûêΓûêΓûêΓûêΓûêΓûêΓûêΓûÅ | 2448/3000 [40:30<20:14,  2.20s/it]
 82%|ΓûêΓûêΓûêΓûêΓûêΓûêΓûêΓûêΓûÅ | 2449/3000 [40:31<18:15,  1.99s/it]
 82%|ΓûêΓûêΓûêΓûêΓûêΓûêΓûêΓûêΓûÅ | 2450/3000 [40:32<14:50,  1.62s/it]
 82%|ΓûêΓûêΓûêΓûêΓûêΓûêΓûêΓûêΓûÅ | 2451/3000 [40:33<12:27,  1.36s/it]
 82%|ΓûêΓûêΓûêΓûêΓûêΓûêΓûêΓûêΓûÅ | 2452/3000 [40:34<11:57,  1.31s/it]
 82%|ΓûêΓûêΓûêΓûêΓûêΓûêΓûêΓûêΓûÅ | 2453/3000 [40:35<11:05,  1.22s/it]
 82%|ΓûêΓûêΓûêΓûêΓûêΓûêΓûêΓûêΓûÅ | 2454/3000 [40:36<10:31,  1.16s/it]
 82%|ΓûêΓûêΓûêΓûêΓûêΓûêΓûêΓûêΓûÅ | 2455/3000 [40:37<08:52,  1.02it/s]
 82%|ΓûêΓûêΓûêΓûêΓûêΓûêΓûêΓûêΓûÅ | 2456/3000 [40:37<08:15,  1.10it/s]
 82%|ΓûêΓûêΓûêΓûêΓûêΓûêΓûêΓûêΓûÅ | 2457/3000 [40:39<09:12,  1.02s/it]
 82%|ΓûêΓûêΓûêΓûêΓûêΓûêΓûêΓûêΓûÅ | 2458/3000 [40:40<09:55,  1.10s/it]
 82%|ΓûêΓûêΓûêΓûêΓûêΓûêΓûêΓûêΓûÅ | 2459/3000 [40:41<10:00,  1.11s/it]
 82%|ΓûêΓûêΓûêΓûêΓûêΓûêΓûêΓûêΓûÅ | 2460/3000 [40:42<10:18,  1.15s/it]
 82%|ΓûêΓûêΓûêΓûêΓûêΓûêΓûêΓûêΓûÅ | 2461/3000 [40:44<10:41,  1.19s/it]
 82%|ΓûêΓûêΓûêΓûêΓûêΓûêΓûêΓûêΓûÅ | 2462/3000 [40:44<08:54,  1.01it/s]
 82%|ΓûêΓûêΓûêΓûêΓûêΓûêΓûêΓûêΓûÅ | 2463/3000 [40:45<07:40,  1.17it/s]
 82%|ΓûêΓûêΓûêΓûêΓûêΓûêΓûêΓûêΓûÅ | 2464/3000 [40:45<07:19,  1.22it/s]
 82%|ΓûêΓûêΓûêΓûêΓûêΓûêΓûêΓûêΓûÅ | 2465/3000 [40:47<08:36,  1.04it/s]
 82%|ΓûêΓûêΓûêΓûêΓûêΓûêΓûêΓûêΓûÅ | 2466/3000 [40:47<07:37,  1.17it/s]
 82%|ΓûêΓûêΓûêΓûêΓûêΓûêΓûêΓûêΓûÅ | 2467/3000 [40:49<08:46,  1.01it/s]
 82%|ΓûêΓûêΓûêΓûêΓûêΓûêΓûêΓûêΓûÅ | 2468/3000 [40:51<12:29,  1.41s/it]
 82%|ΓûêΓûêΓûêΓûêΓûêΓûêΓûêΓûêΓûÅ | 2469/3000 [40:52<10:24,  1.18s/it]
 82%|ΓûêΓûêΓûêΓûêΓûêΓûêΓûêΓûêΓûÅ | 2470/3000 [40:52<08:55,  1.01s/it]
 82%|ΓûêΓûêΓûêΓûêΓûêΓûêΓûêΓûêΓûÅ | 2471/3000 [40:53<08:05,  1.09it/s]
 82%|ΓûêΓûêΓûêΓûêΓûêΓûêΓûêΓûêΓûÅ | 2472/3000 [40:54<07:29,  1.17it/s]
 82%|ΓûêΓûêΓûêΓûêΓûêΓûêΓûêΓûêΓûÅ | 2473/3000 [40:56<11:33,  1.32s/it]
 82%|ΓûêΓûêΓûêΓûêΓûêΓûêΓûêΓûêΓûÅ | 2474/3000 [40:57<10:00,  1.14s/it]
 82%|ΓûêΓûêΓûêΓûêΓûêΓûêΓûêΓûêΓûÄ | 2475/3000 [40:58<09:47,  1.12s/it]
 83%|ΓûêΓûêΓûêΓûêΓûêΓûêΓûêΓûêΓûÄ | 2476/3000 [40:59<08:38,  1.01it/s]
 83%|ΓûêΓûêΓûêΓûêΓûêΓûêΓûêΓûêΓûÄ | 2477/3000 [41:01<13:12,  1.51s/it]
 83%|ΓûêΓûêΓûêΓûêΓûêΓûêΓûêΓûêΓûÄ | 2478/3000 [41:02<12:04,  1.39s/it]
 83%|ΓûêΓûêΓûêΓûêΓûêΓûêΓûêΓûêΓûÄ | 2479/3000 [41:04<11:59,  1.38s/it]
 83%|ΓûêΓûêΓûêΓûêΓûêΓûêΓûêΓûêΓûÄ | 2480/3000 [41:05<10:51,  1.25s/it]
 83%|ΓûêΓûêΓûêΓûêΓûêΓûêΓûêΓûêΓûÄ | 2481/3000 [41:06<10:38,  1.23s/it]
 83%|ΓûêΓûêΓûêΓûêΓûêΓûêΓûêΓûêΓûÄ | 2482/3000 [41:06<08:52,  1.03s/it]
 83%|ΓûêΓûêΓûêΓûêΓûêΓûêΓûêΓûêΓûÄ | 2483/3000 [41:08<10:13,  1.19s/it]
 83%|ΓûêΓûêΓûêΓûêΓûêΓûêΓûêΓûêΓûÄ | 2484/3000 [41:09<09:52,  1.15s/it]
 83%|ΓûêΓûêΓûêΓûêΓûêΓûêΓûêΓûêΓûÄ | 2485/3000 [41:11<11:09,  1.30s/it]
 83%|ΓûêΓûêΓûêΓûêΓûêΓûêΓûêΓûêΓûÄ | 2486/3000 [41:11<09:42,  1.13s/it]
 83%|ΓûêΓûêΓûêΓûêΓûêΓûêΓûêΓûêΓûÄ | 2487/3000 [41:13<09:28,  1.11s/it]
 83%|ΓûêΓûêΓûêΓûêΓûêΓûêΓûêΓûêΓûÄ | 2488/3000 [41:14<09:27,  1.11s/it]
 83%|ΓûêΓûêΓûêΓûêΓûêΓûêΓûêΓûêΓûÄ | 2489/3000 [41:14<08:03,  1.06it/s]
 83%|ΓûêΓûêΓûêΓûêΓûêΓûêΓûêΓûêΓûÄ | 2490/3000 [41:15<07:11,  1.18it/s]
 83%|ΓûêΓûêΓûêΓûêΓûêΓûêΓûêΓûêΓûÄ | 2491/3000 [41:16<08:51,  1.04s/it]
 83%|ΓûêΓûêΓûêΓûêΓûêΓûêΓûêΓûêΓûÄ | 2492/3000 [41:17<07:41,  1.10it/s]
 83%|ΓûêΓûêΓûêΓûêΓûêΓûêΓûêΓûêΓûÄ | 2493/3000 [41:18<07:03,  1.20it/s]
 83%|ΓûêΓûêΓûêΓûêΓûêΓûêΓûêΓûêΓûÄ | 2494/3000 [41:19<08:26,  1.00s/it]
 83%|ΓûêΓûêΓûêΓûêΓûêΓûêΓûêΓûêΓûÄ | 2495/3000 [41:20<08:22,  1.00it/s]
 83%|ΓûêΓûêΓûêΓûêΓûêΓûêΓûêΓûêΓûÄ | 2496/3000 [41:21<08:31,  1.01s/it]
 83%|ΓûêΓûêΓûêΓûêΓûêΓûêΓûêΓûêΓûÄ | 2497/3000 [41:22<08:29,  1.01s/it]
 83%|ΓûêΓûêΓûêΓûêΓûêΓûêΓûêΓûêΓûÄ | 2498/3000 [41:23<07:47,  1.07it/s]
 83%|ΓûêΓûêΓûêΓûêΓûêΓûêΓûêΓûêΓûÄ | 2499/3000 [41:24<07:31,  1.11it/s]
 83%|ΓûêΓûêΓûêΓûêΓûêΓûêΓûêΓûêΓûÄ | 2500/3000 [41:24<07:04,  1.18it/s]
 83%|ΓûêΓûêΓûêΓûêΓûêΓûêΓûêΓûêΓûÄ | 2501/3000 [41:25<07:28,  1.11it/s]
 83%|ΓûêΓûêΓûêΓûêΓûêΓûêΓûêΓûêΓûÄ | 2502/3000 [41:26<07:40,  1.08it/s]
 83%|ΓûêΓûêΓûêΓûêΓûêΓûêΓûêΓûêΓûÄ | 2503/3000 [41:27<07:42,  1.07it/s]
 83%|ΓûêΓûêΓûêΓûêΓûêΓûêΓûêΓûêΓûÄ | 2504/3000 [41:29<10:34,  1.28s/it]
 84%|ΓûêΓûêΓûêΓûêΓûêΓûêΓûêΓûêΓûÄ | 2505/3000 [41:30<09:55,  1.20s/it]
 84%|ΓûêΓûêΓûêΓûêΓûêΓûêΓûêΓûêΓûÄ | 2506/3000 [41:31<08:41,  1.06s/it]
 84%|ΓûêΓûêΓûêΓûêΓûêΓûêΓûêΓûêΓûÄ | 2507/3000 [41:32<08:09,  1.01it/s]
 84%|ΓûêΓûêΓûêΓûêΓûêΓûêΓûêΓûêΓûÄ | 2508/3000 [41:34<11:16,  1.38s/it]
 84%|ΓûêΓûêΓûêΓûêΓûêΓûêΓûêΓûêΓûÄ | 2509/3000 [41:35<09:42,  1.19s/it]
 84%|ΓûêΓûêΓûêΓûêΓûêΓûêΓûêΓûêΓûÄ | 2510/3000 [41:36<10:32,  1.29s/it]
 84%|ΓûêΓûêΓûêΓûêΓûêΓûêΓûêΓûêΓûÄ | 2511/3000 [41:38<10:32,  1.29s/it]
 84%|ΓûêΓûêΓûêΓûêΓûêΓûêΓûêΓûêΓûÄ | 2512/3000 [41:40<11:56,  1.47s/it]
 84%|ΓûêΓûêΓûêΓûêΓûêΓûêΓûêΓûêΓûì | 2513/3000 [41:41<11:34,  1.43s/it]
 84%|ΓûêΓûêΓûêΓûêΓûêΓûêΓûêΓûêΓûì | 2514/3000 [41:43<11:57,  1.48s/it]
 84%|ΓûêΓûêΓûêΓûêΓûêΓûêΓûêΓûêΓûì | 2515/3000 [41:43<10:10,  1.26s/it]
 84%|ΓûêΓûêΓûêΓûêΓûêΓûêΓûêΓûêΓûì | 2516/3000 [41:45<10:32,  1.31s/it]
 84%|ΓûêΓûêΓûêΓûêΓûêΓûêΓûêΓûêΓûì | 2517/3000 [41:46<10:19,  1.28s/it]
 84%|ΓûêΓûêΓûêΓûêΓûêΓûêΓûêΓûêΓûì | 2518/3000 [41:47<10:14,  1.27s/it]
 84%|ΓûêΓûêΓûêΓûêΓûêΓûêΓûêΓûêΓûì | 2519/3000 [41:48<09:11,  1.15s/it]
 84%|ΓûêΓûêΓûêΓûêΓûêΓûêΓûêΓûêΓûì | 2520/3000 [41:49<09:11,  1.15s/it]
 84%|ΓûêΓûêΓûêΓûêΓûêΓûêΓûêΓûêΓûì | 2521/3000 [41:50<07:45,  1.03it/s]
 84%|ΓûêΓûêΓûêΓûêΓûêΓûêΓûêΓûêΓûì | 2522/3000 [41:51<07:13,  1.10it/s]
 84%|ΓûêΓûêΓûêΓûêΓûêΓûêΓûêΓûêΓûì | 2523/3000 [41:52<09:14,  1.16s/it]
 84%|ΓûêΓûêΓûêΓûêΓûêΓûêΓûêΓûêΓûì | 2524/3000 [41:53<08:25,  1.06s/it]
 84%|ΓûêΓûêΓûêΓûêΓûêΓûêΓûêΓûêΓûì | 2525/3000 [41:54<08:21,  1.06s/it]
 84%|ΓûêΓûêΓûêΓûêΓûêΓûêΓûêΓûêΓûì | 2526/3000 [41:55<08:40,  1.10s/it]
 84%|ΓûêΓûêΓûêΓûêΓûêΓûêΓûêΓûêΓûì | 2527/3000 [41:56<07:31,  1.05it/s]
 84%|ΓûêΓûêΓûêΓûêΓûêΓûêΓûêΓûêΓûì | 2528/3000 [41:57<06:35,  1.19it/s]
 84%|ΓûêΓûêΓûêΓûêΓûêΓûêΓûêΓûêΓûì | 2529/3000 [41:58<07:18,  1.07it/s]
 84%|ΓûêΓûêΓûêΓûêΓûêΓûêΓûêΓûêΓûì | 2530/3000 [41:58<06:55,  1.13it/s]
 84%|ΓûêΓûêΓûêΓûêΓûêΓûêΓûêΓûêΓûì | 2531/3000 [41:59<06:24,  1.22it/s]
 84%|ΓûêΓûêΓûêΓûêΓûêΓûêΓûêΓûêΓûì | 2532/3000 [42:00<07:00,  1.11it/s]
 84%|ΓûêΓûêΓûêΓûêΓûêΓûêΓûêΓûêΓûì | 2533/3000 [42:02<08:11,  1.05s/it]
 84%|ΓûêΓûêΓûêΓûêΓûêΓûêΓûêΓûêΓûì | 2534/3000 [42:02<07:00,  1.11it/s]
 84%|ΓûêΓûêΓûêΓûêΓûêΓûêΓûêΓûêΓûì | 2535/3000 [42:03<07:19,  1.06it/s]
 85%|ΓûêΓûêΓûêΓûêΓûêΓûêΓûêΓûêΓûì | 2536/3000 [42:04<07:15,  1.07it/s]
 85%|ΓûêΓûêΓûêΓûêΓûêΓûêΓûêΓûêΓûì | 2537/3000 [42:06<09:38,  1.25s/it]
 85%|ΓûêΓûêΓûêΓûêΓûêΓûêΓûêΓûêΓûì | 2538/3000 [42:07<09:32,  1.24s/it]
 85%|ΓûêΓûêΓûêΓûêΓûêΓûêΓûêΓûêΓûì | 2539/3000 [42:09<09:30,  1.24s/it]
 85%|ΓûêΓûêΓûêΓûêΓûêΓûêΓûêΓûêΓûì | 2540/3000 [42:10<08:52,  1.16s/it]
 85%|ΓûêΓûêΓûêΓûêΓûêΓûêΓûêΓûêΓûì | 2541/3000 [42:10<08:22,  1.10s/it]
 85%|ΓûêΓûêΓûêΓûêΓûêΓûêΓûêΓûêΓûì | 2542/3000 [42:12<08:10,  1.07s/it]
 85%|ΓûêΓûêΓûêΓûêΓûêΓûêΓûêΓûêΓûì | 2543/3000 [42:12<07:04,  1.08it/s]
 85%|ΓûêΓûêΓûêΓûêΓûêΓûêΓûêΓûêΓûì | 2544/3000 [42:13<06:37,  1.15it/s]
 85%|ΓûêΓûêΓûêΓûêΓûêΓûêΓûêΓûêΓûì | 2545/3000 [42:14<07:15,  1.04it/s]
 85%|ΓûêΓûêΓûêΓûêΓûêΓûêΓûêΓûêΓûì | 2546/3000 [42:15<07:04,  1.07it/s]
 85%|ΓûêΓûêΓûêΓûêΓûêΓûêΓûêΓûêΓûì | 2547/3000 [42:16<06:32,  1.15it/s]
 85%|ΓûêΓûêΓûêΓûêΓûêΓûêΓûêΓûêΓûì | 2548/3000 [42:16<06:22,  1.18it/s]
 85%|ΓûêΓûêΓûêΓûêΓûêΓûêΓûêΓûêΓûì | 2549/3000 [42:17<06:14,  1.20it/s]
 85%|ΓûêΓûêΓûêΓûêΓûêΓûêΓûêΓûêΓûî | 2550/3000 [42:18<06:04,  1.23it/s]
 85%|ΓûêΓûêΓûêΓûêΓûêΓûêΓûêΓûêΓûî | 2551/3000 [42:19<06:27,  1.16it/s]
 85%|ΓûêΓûêΓûêΓûêΓûêΓûêΓûêΓûêΓûî | 2552/3000 [42:20<07:30,  1.01s/it]
 85%|ΓûêΓûêΓûêΓûêΓûêΓûêΓûêΓûêΓûî | 2553/3000 [42:21<07:25,  1.00it/s]
 85%|ΓûêΓûêΓûêΓûêΓûêΓûêΓûêΓûêΓûî | 2554/3000 [42:22<06:44,  1.10it/s]
 85%|ΓûêΓûêΓûêΓûêΓûêΓûêΓûêΓûêΓûî | 2555/3000 [42:23<06:14,  1.19it/s]
 85%|ΓûêΓûêΓûêΓûêΓûêΓûêΓûêΓûêΓûî | 2556/3000 [42:24<07:35,  1.03s/it]
 85%|ΓûêΓûêΓûêΓûêΓûêΓûêΓûêΓûêΓûî | 2557/3000 [42:25<07:46,  1.05s/it]
 85%|ΓûêΓûêΓûêΓûêΓûêΓûêΓûêΓûêΓûî | 2558/3000 [42:26<07:16,  1.01it/s]
 85%|ΓûêΓûêΓûêΓûêΓûêΓûêΓûêΓûêΓûî | 2559/3000 [42:27<07:02,  1.04it/s]
 85%|ΓûêΓûêΓûêΓûêΓûêΓûêΓûêΓûêΓûî | 2560/3000 [42:28<07:13,  1.02it/s]
 85%|ΓûêΓûêΓûêΓûêΓûêΓûêΓûêΓûêΓûî | 2561/3000 [42:29<08:13,  1.12s/it]
 85%|ΓûêΓûêΓûêΓûêΓûêΓûêΓûêΓûêΓûî | 2562/3000 [42:30<07:43,  1.06s/it]
 85%|ΓûêΓûêΓûêΓûêΓûêΓûêΓûêΓûêΓûî | 2563/3000 [42:31<06:58,  1.05it/s]
 85%|ΓûêΓûêΓûêΓûêΓûêΓûêΓûêΓûêΓûî | 2564/3000 [42:32<06:31,  1.11it/s]
 86%|ΓûêΓûêΓûêΓûêΓûêΓûêΓûêΓûêΓûî | 2565/3000 [42:33<06:23,  1.13it/s]
 86%|ΓûêΓûêΓûêΓûêΓûêΓûêΓûêΓûêΓûî | 2566/3000 [42:33<05:40,  1.27it/s]
 86%|ΓûêΓûêΓûêΓûêΓûêΓûêΓûêΓûêΓûî | 2567/3000 [42:34<06:12,  1.16it/s]
 86%|ΓûêΓûêΓûêΓûêΓûêΓûêΓûêΓûêΓûî | 2568/3000 [42:36<08:21,  1.16s/it]
 86%|ΓûêΓûêΓûêΓûêΓûêΓûêΓûêΓûêΓûî | 2569/3000 [42:37<07:49,  1.09s/it]
 86%|ΓûêΓûêΓûêΓûêΓûêΓûêΓûêΓûêΓûî | 2570/3000 [42:38<07:32,  1.05s/it]
 86%|ΓûêΓûêΓûêΓûêΓûêΓûêΓûêΓûêΓûî | 2571/3000 [42:39<07:11,  1.01s/it]
 86%|ΓûêΓûêΓûêΓûêΓûêΓûêΓûêΓûêΓûî | 2572/3000 [42:40<06:38,  1.07it/s]
 86%|ΓûêΓûêΓûêΓûêΓûêΓûêΓûêΓûêΓûî | 2573/3000 [42:40<06:15,  1.14it/s]
 86%|ΓûêΓûêΓûêΓûêΓûêΓûêΓûêΓûêΓûî | 2574/3000 [42:41<06:26,  1.10it/s]
 86%|ΓûêΓûêΓûêΓûêΓûêΓûêΓûêΓûêΓûî | 2575/3000 [42:42<06:19,  1.12it/s]
 86%|ΓûêΓûêΓûêΓûêΓûêΓûêΓûêΓûêΓûî | 2576/3000 [42:44<07:14,  1.03s/it]
 86%|ΓûêΓûêΓûêΓûêΓûêΓûêΓûêΓûêΓûî | 2577/3000 [42:45<08:11,  1.16s/it]
 86%|ΓûêΓûêΓûêΓûêΓûêΓûêΓûêΓûêΓûî | 2578/3000 [42:46<07:46,  1.11s/it]
 86%|ΓûêΓûêΓûêΓûêΓûêΓûêΓûêΓûêΓûî | 2579/3000 [42:47<06:25,  1.09it/s]
 86%|ΓûêΓûêΓûêΓûêΓûêΓûêΓûêΓûêΓûî | 2580/3000 [42:48<06:49,  1.03it/s]
 86%|ΓûêΓûêΓûêΓûêΓûêΓûêΓûêΓûêΓûî | 2581/3000 [42:49<07:17,  1.05s/it]
 86%|ΓûêΓûêΓûêΓûêΓûêΓûêΓûêΓûêΓûî | 2582/3000 [42:50<06:53,  1.01it/s]
 86%|ΓûêΓûêΓûêΓûêΓûêΓûêΓûêΓûêΓûî | 2583/3000 [42:51<08:07,  1.17s/it]
 86%|ΓûêΓûêΓûêΓûêΓûêΓûêΓûêΓûêΓûî | 2584/3000 [42:52<07:31,  1.08s/it]
 86%|ΓûêΓûêΓûêΓûêΓûêΓûêΓûêΓûêΓûî | 2585/3000 [42:54<08:24,  1.22s/it]
 86%|ΓûêΓûêΓûêΓûêΓûêΓûêΓûêΓûêΓûî | 2586/3000 [42:54<06:54,  1.00s/it]
 86%|ΓûêΓûêΓûêΓûêΓûêΓûêΓûêΓûêΓûî | 2587/3000 [42:55<06:53,  1.00s/it]
 86%|ΓûêΓûêΓûêΓûêΓûêΓûêΓûêΓûêΓûï | 2588/3000 [42:56<06:13,  1.10it/s]
 86%|ΓûêΓûêΓûêΓûêΓûêΓûêΓûêΓûêΓûï | 2589/3000 [42:57<05:57,  1.15it/s]
 86%|ΓûêΓûêΓûêΓûêΓûêΓûêΓûêΓûêΓûï | 2590/3000 [42:57<05:11,  1.32it/s]
 86%|ΓûêΓûêΓûêΓûêΓûêΓûêΓûêΓûêΓûï | 2591/3000 [42:59<07:03,  1.04s/it]
 86%|ΓûêΓûêΓûêΓûêΓûêΓûêΓûêΓûêΓûï | 2592/3000 [43:00<06:52,  1.01s/it]
 86%|ΓûêΓûêΓûêΓûêΓûêΓûêΓûêΓûêΓûï | 2593/3000 [43:01<06:30,  1.04it/s]
 86%|ΓûêΓûêΓûêΓûêΓûêΓûêΓûêΓûêΓûï | 2594/3000 [43:01<05:28,  1.23it/s]
 86%|ΓûêΓûêΓûêΓûêΓûêΓûêΓûêΓûêΓûï | 2595/3000 [43:02<05:12,  1.29it/s]
 87%|ΓûêΓûêΓûêΓûêΓûêΓûêΓûêΓûêΓûï | 2596/3000 [43:03<05:20,  1.26it/s]
 87%|ΓûêΓûêΓûêΓûêΓûêΓûêΓûêΓûêΓûï | 2597/3000 [43:04<05:31,  1.21it/s]
 87%|ΓûêΓûêΓûêΓûêΓûêΓûêΓûêΓûêΓûï | 2598/3000 [43:04<05:19,  1.26it/s]
 87%|ΓûêΓûêΓûêΓûêΓûêΓûêΓûêΓûêΓûï | 2599/3000 [43:05<04:35,  1.45it/s]
 87%|ΓûêΓûêΓûêΓûêΓûêΓûêΓûêΓûêΓûï | 2600/3000 [43:05<04:07,  1.62it/s]
 87%|ΓûêΓûêΓûêΓûêΓûêΓûêΓûêΓûêΓûï | 2601/3000 [43:06<04:40,  1.42it/s]
 87%|ΓûêΓûêΓûêΓûêΓûêΓûêΓûêΓûêΓûï | 2602/3000 [43:09<09:16,  1.40s/it]
 87%|ΓûêΓûêΓûêΓûêΓûêΓûêΓûêΓûêΓûï | 2603/3000 [43:15<18:43,  2.83s/it]
 87%|ΓûêΓûêΓûêΓûêΓûêΓûêΓûêΓûêΓûï | 2604/3000 [43:17<15:44,  2.38s/it]
 87%|ΓûêΓûêΓûêΓûêΓûêΓûêΓûêΓûêΓûï | 2605/3000 [43:17<12:17,  1.87s/it]
 87%|ΓûêΓûêΓûêΓûêΓûêΓûêΓûêΓûêΓûï | 2606/3000 [43:18<10:39,  1.62s/it]
 87%|ΓûêΓûêΓûêΓûêΓûêΓûêΓûêΓûêΓûï | 2607/3000 [43:20<10:40,  1.63s/it]
 87%|ΓûêΓûêΓûêΓûêΓûêΓûêΓûêΓûêΓûï | 2608/3000 [43:21<09:50,  1.51s/it]
 87%|ΓûêΓûêΓûêΓûêΓûêΓûêΓûêΓûêΓûï | 2609/3000 [43:22<09:09,  1.40s/it]
 87%|ΓûêΓûêΓûêΓûêΓûêΓûêΓûêΓûêΓûï | 2610/3000 [43:23<07:26,  1.15s/it]
 87%|ΓûêΓûêΓûêΓûêΓûêΓûêΓûêΓûêΓûï | 2611/3000 [43:24<06:55,  1.07s/it]
 87%|ΓûêΓûêΓûêΓûêΓûêΓûêΓûêΓûêΓûï | 2612/3000 [43:25<06:47,  1.05s/it]
 87%|ΓûêΓûêΓûêΓûêΓûêΓûêΓûêΓûêΓûï | 2613/3000 [43:26<06:56,  1.08s/it]
 87%|ΓûêΓûêΓûêΓûêΓûêΓûêΓûêΓûêΓûï | 2614/3000 [43:27<06:21,  1.01it/s]
 87%|ΓûêΓûêΓûêΓûêΓûêΓûêΓûêΓûêΓûï | 2615/3000 [43:27<05:53,  1.09it/s]
 87%|ΓûêΓûêΓûêΓûêΓûêΓûêΓûêΓûêΓûï | 2616/3000 [43:28<05:35,  1.14it/s]
 87%|ΓûêΓûêΓûêΓûêΓûêΓûêΓûêΓûêΓûï | 2617/3000 [43:29<05:13,  1.22it/s]
 87%|ΓûêΓûêΓûêΓûêΓûêΓûêΓûêΓûêΓûï | 2618/3000 [43:31<07:50,  1.23s/it]
 87%|ΓûêΓûêΓûêΓûêΓûêΓûêΓûêΓûêΓûï | 2619/3000 [43:32<07:13,  1.14s/it]
 87%|ΓûêΓûêΓûêΓûêΓûêΓûêΓûêΓûêΓûï | 2620/3000 [43:33<06:21,  1.00s/it]
 87%|ΓûêΓûêΓûêΓûêΓûêΓûêΓûêΓûêΓûï | 2621/3000 [43:35<08:49,  1.40s/it]
 87%|ΓûêΓûêΓûêΓûêΓûêΓûêΓûêΓûêΓûï | 2622/3000 [43:36<08:28,  1.35s/it]
 87%|ΓûêΓûêΓûêΓûêΓûêΓûêΓûêΓûêΓûï | 2623/3000 [43:37<07:17,  1.16s/it]
 87%|ΓûêΓûêΓûêΓûêΓûêΓûêΓûêΓûêΓûï | 2624/3000 [43:38<06:27,  1.03s/it]
 88%|ΓûêΓûêΓûêΓûêΓûêΓûêΓûêΓûêΓûè | 2625/3000 [43:39<07:52,  1.26s/it]
 88%|ΓûêΓûêΓûêΓûêΓûêΓûêΓûêΓûêΓûè | 2626/3000 [43:40<07:15,  1.16s/it]
 88%|ΓûêΓûêΓûêΓûêΓûêΓûêΓûêΓûêΓûè | 2627/3000 [43:41<06:21,  1.02s/it]
 88%|ΓûêΓûêΓûêΓûêΓûêΓûêΓûêΓûêΓûè | 2628/3000 [43:42<06:13,  1.00s/it]
 88%|ΓûêΓûêΓûêΓûêΓûêΓûêΓûêΓûêΓûè | 2629/3000 [43:44<08:05,  1.31s/it]
 88%|ΓûêΓûêΓûêΓûêΓûêΓûêΓûêΓûêΓûè | 2630/3000 [43:45<06:40,  1.08s/it]
 88%|ΓûêΓûêΓûêΓûêΓûêΓûêΓûêΓûêΓûè | 2631/3000 [43:46<06:36,  1.07s/it]
 88%|ΓûêΓûêΓûêΓûêΓûêΓûêΓûêΓûêΓûè | 2632/3000 [43:47<06:51,  1.12s/it]
 88%|ΓûêΓûêΓûêΓûêΓûêΓûêΓûêΓûêΓûè | 2633/3000 [43:48<06:02,  1.01it/s]
 88%|ΓûêΓûêΓûêΓûêΓûêΓûêΓûêΓûêΓûè | 2634/3000 [43:49<06:05,  1.00it/s]
 88%|ΓûêΓûêΓûêΓûêΓûêΓûêΓûêΓûêΓûè | 2635/3000 [43:49<05:32,  1.10it/s]
 88%|ΓûêΓûêΓûêΓûêΓûêΓûêΓûêΓûêΓûè | 2636/3000 [43:50<05:06,  1.19it/s]
 88%|ΓûêΓûêΓûêΓûêΓûêΓûêΓûêΓûêΓûè | 2637/3000 [43:51<05:50,  1.03it/s]
 88%|ΓûêΓûêΓûêΓûêΓûêΓûêΓûêΓûêΓûè | 2638/3000 [43:52<05:36,  1.08it/s]
 88%|ΓûêΓûêΓûêΓûêΓûêΓûêΓûêΓûêΓûè | 2639/3000 [43:54<06:36,  1.10s/it]
 88%|ΓûêΓûêΓûêΓûêΓûêΓûêΓûêΓûêΓûè | 2640/3000 [43:54<05:45,  1.04it/s]
 88%|ΓûêΓûêΓûêΓûêΓûêΓûêΓûêΓûêΓûè | 2641/3000 [43:55<05:26,  1.10it/s]
 88%|ΓûêΓûêΓûêΓûêΓûêΓûêΓûêΓûêΓûè | 2642/3000 [43:55<04:36,  1.30it/s]
 88%|ΓûêΓûêΓûêΓûêΓûêΓûêΓûêΓûêΓûè | 2643/3000 [43:56<04:26,  1.34it/s]
 88%|ΓûêΓûêΓûêΓûêΓûêΓûêΓûêΓûêΓûè | 2644/3000 [43:57<04:20,  1.36it/s]
 88%|ΓûêΓûêΓûêΓûêΓûêΓûêΓûêΓûêΓûè | 2645/3000 [43:58<05:13,  1.13it/s]
 88%|ΓûêΓûêΓûêΓûêΓûêΓûêΓûêΓûêΓûè | 2646/3000 [43:59<05:24,  1.09it/s]
 88%|ΓûêΓûêΓûêΓûêΓûêΓûêΓûêΓûêΓûè | 2647/3000 [44:00<05:31,  1.06it/s]
 88%|ΓûêΓûêΓûêΓûêΓûêΓûêΓûêΓûêΓûè | 2648/3000 [44:01<05:08,  1.14it/s]
 88%|ΓûêΓûêΓûêΓûêΓûêΓûêΓûêΓûêΓûè | 2649/3000 [44:02<05:28,  1.07it/s]
 88%|ΓûêΓûêΓûêΓûêΓûêΓûêΓûêΓûêΓûè | 2650/3000 [44:03<05:20,  1.09it/s]
 88%|ΓûêΓûêΓûêΓûêΓûêΓûêΓûêΓûêΓûè | 2651/3000 [44:04<05:13,  1.11it/s]
 88%|ΓûêΓûêΓûêΓûêΓûêΓûêΓûêΓûêΓûè | 2652/3000 [44:04<05:09,  1.13it/s]
 88%|ΓûêΓûêΓûêΓûêΓûêΓûêΓûêΓûêΓûè | 2653/3000 [44:05<05:01,  1.15it/s]
 88%|ΓûêΓûêΓûêΓûêΓûêΓûêΓûêΓûêΓûè | 2654/3000 [44:06<04:54,  1.18it/s]
 88%|ΓûêΓûêΓûêΓûêΓûêΓûêΓûêΓûêΓûè | 2655/3000 [44:07<04:48,  1.19it/s]
 89%|ΓûêΓûêΓûêΓûêΓûêΓûêΓûêΓûêΓûè | 2656/3000 [44:08<05:10,  1.11it/s]
 89%|ΓûêΓûêΓûêΓûêΓûêΓûêΓûêΓûêΓûè | 2657/3000 [44:09<05:06,  1.12it/s]
 89%|ΓûêΓûêΓûêΓûêΓûêΓûêΓûêΓûêΓûè | 2658/3000 [44:10<04:52,  1.17it/s]
 89%|ΓûêΓûêΓûêΓûêΓûêΓûêΓûêΓûêΓûè | 2659/3000 [44:10<04:26,  1.28it/s]
 89%|ΓûêΓûêΓûêΓûêΓûêΓûêΓûêΓûêΓûè | 2660/3000 [44:11<04:18,  1.32it/s]
 89%|ΓûêΓûêΓûêΓûêΓûêΓûêΓûêΓûêΓûè | 2661/3000 [44:12<05:13,  1.08it/s]
 89%|ΓûêΓûêΓûêΓûêΓûêΓûêΓûêΓûêΓûè | 2662/3000 [44:14<05:46,  1.02s/it]
 89%|ΓûêΓûêΓûêΓûêΓûêΓûêΓûêΓûêΓûë | 2663/3000 [44:14<05:12,  1.08it/s]
 89%|ΓûêΓûêΓûêΓûêΓûêΓûêΓûêΓûêΓûë | 2664/3000 [44:15<04:42,  1.19it/s]
 89%|ΓûêΓûêΓûêΓûêΓûêΓûêΓûêΓûêΓûë | 2665/3000 [44:16<04:40,  1.20it/s]
 89%|ΓûêΓûêΓûêΓûêΓûêΓûêΓûêΓûêΓûë | 2666/3000 [44:17<05:02,  1.10it/s]
 89%|ΓûêΓûêΓûêΓûêΓûêΓûêΓûêΓûêΓûë | 2667/3000 [44:18<05:59,  1.08s/it]
 89%|ΓûêΓûêΓûêΓûêΓûêΓûêΓûêΓûêΓûë | 2668/3000 [44:20<06:58,  1.26s/it]
 89%|ΓûêΓûêΓûêΓûêΓûêΓûêΓûêΓûêΓûë | 2669/3000 [44:21<06:43,  1.22s/it]
 89%|ΓûêΓûêΓûêΓûêΓûêΓûêΓûêΓûêΓûë | 2670/3000 [44:22<06:34,  1.20s/it]
 89%|ΓûêΓûêΓûêΓûêΓûêΓûêΓûêΓûêΓûë | 2671/3000 [44:23<06:25,  1.17s/it]
 89%|ΓûêΓûêΓûêΓûêΓûêΓûêΓûêΓûêΓûë | 2672/3000 [44:24<06:11,  1.13s/it]
 89%|ΓûêΓûêΓûêΓûêΓûêΓûêΓûêΓûêΓûë | 2673/3000 [44:26<07:04,  1.30s/it]
 89%|ΓûêΓûêΓûêΓûêΓûêΓûêΓûêΓûêΓûë | 2674/3000 [44:27<06:19,  1.16s/it]
 89%|ΓûêΓûêΓûêΓûêΓûêΓûêΓûêΓûêΓûë | 2675/3000 [44:29<07:30,  1.39s/it]
 89%|ΓûêΓûêΓûêΓûêΓûêΓûêΓûêΓûêΓûë | 2676/3000 [44:31<08:48,  1.63s/it]
 89%|ΓûêΓûêΓûêΓûêΓûêΓûêΓûêΓûêΓûë | 2677/3000 [44:32<07:31,  1.40s/it]
 89%|ΓûêΓûêΓûêΓûêΓûêΓûêΓûêΓûêΓûë | 2678/3000 [44:33<06:34,  1.22s/it]
 89%|ΓûêΓûêΓûêΓûêΓûêΓûêΓûêΓûêΓûë | 2679/3000 [44:34<05:57,  1.11s/it]
 89%|ΓûêΓûêΓûêΓûêΓûêΓûêΓûêΓûêΓûë | 2680/3000 [44:35<06:30,  1.22s/it]
 89%|ΓûêΓûêΓûêΓûêΓûêΓûêΓûêΓûêΓûë | 2681/3000 [44:35<05:16,  1.01it/s]
 89%|ΓûêΓûêΓûêΓûêΓûêΓûêΓûêΓûêΓûë | 2682/3000 [44:36<05:15,  1.01it/s]
 89%|ΓûêΓûêΓûêΓûêΓûêΓûêΓûêΓûêΓûë | 2683/3000 [44:37<04:33,  1.16it/s]
 89%|ΓûêΓûêΓûêΓûêΓûêΓûêΓûêΓûêΓûë | 2684/3000 [44:38<04:22,  1.20it/s]
 90%|ΓûêΓûêΓûêΓûêΓûêΓûêΓûêΓûêΓûë | 2685/3000 [44:38<03:44,  1.40it/s]
 90%|ΓûêΓûêΓûêΓûêΓûêΓûêΓûêΓûêΓûë | 2686/3000 [44:39<03:18,  1.58it/s]
 90%|ΓûêΓûêΓûêΓûêΓûêΓûêΓûêΓûêΓûë | 2687/3000 [44:39<03:23,  1.54it/s]
 90%|ΓûêΓûêΓûêΓûêΓûêΓûêΓûêΓûêΓûë | 2688/3000 [44:40<03:23,  1.53it/s]
 90%|ΓûêΓûêΓûêΓûêΓûêΓûêΓûêΓûêΓûë | 2689/3000 [44:41<03:47,  1.36it/s]
 90%|ΓûêΓûêΓûêΓûêΓûêΓûêΓûêΓûêΓûë | 2690/3000 [44:42<03:48,  1.35it/s]
 90%|ΓûêΓûêΓûêΓûêΓûêΓûêΓûêΓûêΓûë | 2691/3000 [44:43<04:42,  1.09it/s]
 90%|ΓûêΓûêΓûêΓûêΓûêΓûêΓûêΓûêΓûë | 2692/3000 [44:43<04:02,  1.27it/s]
 90%|ΓûêΓûêΓûêΓûêΓûêΓûêΓûêΓûêΓûë | 2693/3000 [44:44<03:42,  1.38it/s]
 90%|ΓûêΓûêΓûêΓûêΓûêΓûêΓûêΓûêΓûë | 2694/3000 [44:46<04:56,  1.03it/s]
 90%|ΓûêΓûêΓûêΓûêΓûêΓûêΓûêΓûêΓûë | 2695/3000 [44:46<04:29,  1.13it/s]
 90%|ΓûêΓûêΓûêΓûêΓûêΓûêΓûêΓûêΓûë | 2696/3000 [44:47<04:21,  1.16it/s]
 90%|ΓûêΓûêΓûêΓûêΓûêΓûêΓûêΓûêΓûë | 2697/3000 [44:48<04:09,  1.21it/s]
 90%|ΓûêΓûêΓûêΓûêΓûêΓûêΓûêΓûêΓûë | 2698/3000 [44:48<03:39,  1.37it/s]
 90%|ΓûêΓûêΓûêΓûêΓûêΓûêΓûêΓûêΓûë | 2699/3000 [44:49<03:40,  1.36it/s]
 90%|ΓûêΓûêΓûêΓûêΓûêΓûêΓûêΓûêΓûê | 2700/3000 [44:50<03:45,  1.33it/s]
 90%|ΓûêΓûêΓûêΓûêΓûêΓûêΓûêΓûêΓûê | 2701/3000 [44:50<03:23,  1.47it/s]
 90%|ΓûêΓûêΓûêΓûêΓûêΓûêΓûêΓûêΓûê | 2702/3000 [44:52<04:38,  1.07it/s]
 90%|ΓûêΓûêΓûêΓûêΓûêΓûêΓûêΓûêΓûê | 2703/3000 [44:53<04:35,  1.08it/s]
 90%|ΓûêΓûêΓûêΓûêΓûêΓûêΓûêΓûêΓûê | 2704/3000 [44:53<04:04,  1.21it/s]
 90%|ΓûêΓûêΓûêΓûêΓûêΓûêΓûêΓûêΓûê | 2705/3000 [44:54<03:56,  1.25it/s]
 90%|ΓûêΓûêΓûêΓûêΓûêΓûêΓûêΓûêΓûê | 2706/3000 [44:55<04:23,  1.12it/s]
 90%|ΓûêΓûêΓûêΓûêΓûêΓûêΓûêΓûêΓûê | 2707/3000 [44:56<04:18,  1.13it/s]
 90%|ΓûêΓûêΓûêΓûêΓûêΓûêΓûêΓûêΓûê | 2708/3000 [44:58<05:13,  1.08s/it]
 90%|ΓûêΓûêΓûêΓûêΓûêΓûêΓûêΓûêΓûê | 2709/3000 [44:59<05:10,  1.07s/it]
 90%|ΓûêΓûêΓûêΓûêΓûêΓûêΓûêΓûêΓûê | 2710/3000 [45:00<05:18,  1.10s/it]
 90%|ΓûêΓûêΓûêΓûêΓûêΓûêΓûêΓûêΓûê | 2711/3000 [45:01<05:09,  1.07s/it]
 90%|ΓûêΓûêΓûêΓûêΓûêΓûêΓûêΓûêΓûê | 2712/3000 [45:02<04:42,  1.02it/s]
 90%|ΓûêΓûêΓûêΓûêΓûêΓûêΓûêΓûêΓûê | 2713/3000 [45:03<04:43,  1.01it/s]
 90%|ΓûêΓûêΓûêΓûêΓûêΓûêΓûêΓûêΓûê | 2714/3000 [45:03<04:03,  1.18it/s]
 90%|ΓûêΓûêΓûêΓûêΓûêΓûêΓûêΓûêΓûê | 2715/3000 [45:04<04:11,  1.13it/s]
 91%|ΓûêΓûêΓûêΓûêΓûêΓûêΓûêΓûêΓûê | 2716/3000 [45:05<04:38,  1.02it/s]
 91%|ΓûêΓûêΓûêΓûêΓûêΓûêΓûêΓûêΓûê | 2717/3000 [45:06<04:24,  1.07it/s]
 91%|ΓûêΓûêΓûêΓûêΓûêΓûêΓûêΓûêΓûê | 2718/3000 [45:07<04:49,  1.03s/it]
 91%|ΓûêΓûêΓûêΓûêΓûêΓûêΓûêΓûêΓûê | 2719/3000 [45:09<05:08,  1.10s/it]
 91%|ΓûêΓûêΓûêΓûêΓûêΓûêΓûêΓûêΓûê | 2720/3000 [45:09<04:43,  1.01s/it]
 91%|ΓûêΓûêΓûêΓûêΓûêΓûêΓûêΓûêΓûê | 2721/3000 [45:10<04:21,  1.07it/s]
 91%|ΓûêΓûêΓûêΓûêΓûêΓûêΓûêΓûêΓûê | 2722/3000 [45:11<04:36,  1.01it/s]
 91%|ΓûêΓûêΓûêΓûêΓûêΓûêΓûêΓûêΓûê | 2723/3000 [45:12<04:01,  1.15it/s]
 91%|ΓûêΓûêΓûêΓûêΓûêΓûêΓûêΓûêΓûê | 2724/3000 [45:13<04:38,  1.01s/it]
 91%|ΓûêΓûêΓûêΓûêΓûêΓûêΓûêΓûêΓûê | 2725/3000 [45:14<04:34,  1.00it/s]
 91%|ΓûêΓûêΓûêΓûêΓûêΓûêΓûêΓûêΓûê | 2726/3000 [45:15<04:22,  1.04it/s]
 91%|ΓûêΓûêΓûêΓûêΓûêΓûêΓûêΓûêΓûê | 2727/3000 [45:16<04:00,  1.13it/s]
 91%|ΓûêΓûêΓûêΓûêΓûêΓûêΓûêΓûêΓûê | 2728/3000 [45:17<03:45,  1.21it/s]
 91%|ΓûêΓûêΓûêΓûêΓûêΓûêΓûêΓûêΓûê | 2729/3000 [45:18<05:11,  1.15s/it]
 91%|ΓûêΓûêΓûêΓûêΓûêΓûêΓûêΓûêΓûê | 2730/3000 [45:19<04:51,  1.08s/it]
 91%|ΓûêΓûêΓûêΓûêΓûêΓûêΓûêΓûêΓûê | 2731/3000 [45:20<04:12,  1.07it/s]
 91%|ΓûêΓûêΓûêΓûêΓûêΓûêΓûêΓûêΓûê | 2732/3000 [45:21<04:19,  1.03it/s]
 91%|ΓûêΓûêΓûêΓûêΓûêΓûêΓûêΓûêΓûê | 2733/3000 [45:22<03:57,  1.13it/s]
 91%|ΓûêΓûêΓûêΓûêΓûêΓûêΓûêΓûêΓûê | 2734/3000 [45:23<03:51,  1.15it/s]
 91%|ΓûêΓûêΓûêΓûêΓûêΓûêΓûêΓûêΓûê | 2735/3000 [45:24<04:05,  1.08it/s]
 91%|ΓûêΓûêΓûêΓûêΓûêΓûêΓûêΓûêΓûê | 2736/3000 [45:24<03:49,  1.15it/s]
 91%|ΓûêΓûêΓûêΓûêΓûêΓûêΓûêΓûêΓûê | 2737/3000 [45:26<04:22,  1.00it/s]
 91%|ΓûêΓûêΓûêΓûêΓûêΓûêΓûêΓûêΓûêΓûÅ| 2738/3000 [45:27<04:19,  1.01it/s]
 91%|ΓûêΓûêΓûêΓûêΓûêΓûêΓûêΓûêΓûêΓûÅ| 2739/3000 [45:27<04:09,  1.05it/s]
 91%|ΓûêΓûêΓûêΓûêΓûêΓûêΓûêΓûêΓûêΓûÅ| 2740/3000 [45:28<03:47,  1.14it/s]
 91%|ΓûêΓûêΓûêΓûêΓûêΓûêΓûêΓûêΓûêΓûÅ| 2741/3000 [45:29<03:32,  1.22it/s]
 91%|ΓûêΓûêΓûêΓûêΓûêΓûêΓûêΓûêΓûêΓûÅ| 2742/3000 [45:30<03:51,  1.12it/s]
 91%|ΓûêΓûêΓûêΓûêΓûêΓûêΓûêΓûêΓûêΓûÅ| 2743/3000 [45:31<04:22,  1.02s/it]
 91%|ΓûêΓûêΓûêΓûêΓûêΓûêΓûêΓûêΓûêΓûÅ| 2744/3000 [45:32<03:48,  1.12it/s]
 92%|ΓûêΓûêΓûêΓûêΓûêΓûêΓûêΓûêΓûêΓûÅ| 2745/3000 [45:32<03:21,  1.26it/s]
 92%|ΓûêΓûêΓûêΓûêΓûêΓûêΓûêΓûêΓûêΓûÅ| 2746/3000 [45:33<03:18,  1.28it/s]
 92%|ΓûêΓûêΓûêΓûêΓûêΓûêΓûêΓûêΓûêΓûÅ| 2747/3000 [45:34<03:31,  1.19it/s]
 92%|ΓûêΓûêΓûêΓûêΓûêΓûêΓûêΓûêΓûêΓûÅ| 2748/3000 [45:35<04:02,  1.04it/s]
 92%|ΓûêΓûêΓûêΓûêΓûêΓûêΓûêΓûêΓûêΓûÅ| 2749/3000 [45:36<03:41,  1.13it/s]
 92%|ΓûêΓûêΓûêΓûêΓûêΓûêΓûêΓûêΓûêΓûÅ| 2750/3000 [45:37<04:01,  1.04it/s]
 92%|ΓûêΓûêΓûêΓûêΓûêΓûêΓûêΓûêΓûêΓûÅ| 2751/3000 [45:38<03:51,  1.08it/s]
 92%|ΓûêΓûêΓûêΓûêΓûêΓûêΓûêΓûêΓûêΓûÅ| 2752/3000 [45:39<03:46,  1.09it/s]
 92%|ΓûêΓûêΓûêΓûêΓûêΓûêΓûêΓûêΓûêΓûÅ| 2753/3000 [45:40<03:29,  1.18it/s]
 92%|ΓûêΓûêΓûêΓûêΓûêΓûêΓûêΓûêΓûêΓûÅ| 2754/3000 [45:40<03:20,  1.23it/s]
 92%|ΓûêΓûêΓûêΓûêΓûêΓûêΓûêΓûêΓûêΓûÅ| 2755/3000 [45:41<03:17,  1.24it/s]
 92%|ΓûêΓûêΓûêΓûêΓûêΓûêΓûêΓûêΓûêΓûÅ| 2756/3000 [45:42<03:44,  1.08it/s]
 92%|ΓûêΓûêΓûêΓûêΓûêΓûêΓûêΓûêΓûêΓûÅ| 2757/3000 [45:43<03:27,  1.17it/s]
 92%|ΓûêΓûêΓûêΓûêΓûêΓûêΓûêΓûêΓûêΓûÅ| 2758/3000 [45:44<03:39,  1.10it/s]
 92%|ΓûêΓûêΓûêΓûêΓûêΓûêΓûêΓûêΓûêΓûÅ| 2759/3000 [45:45<03:22,  1.19it/s]
 92%|ΓûêΓûêΓûêΓûêΓûêΓûêΓûêΓûêΓûêΓûÅ| 2760/3000 [45:45<03:04,  1.30it/s]
 92%|ΓûêΓûêΓûêΓûêΓûêΓûêΓûêΓûêΓûêΓûÅ| 2761/3000 [45:46<03:04,  1.29it/s]
 92%|ΓûêΓûêΓûêΓûêΓûêΓûêΓûêΓûêΓûêΓûÅ| 2762/3000 [45:47<03:16,  1.21it/s]
 92%|ΓûêΓûêΓûêΓûêΓûêΓûêΓûêΓûêΓûêΓûÅ| 2763/3000 [45:48<03:25,  1.15it/s]
 92%|ΓûêΓûêΓûêΓûêΓûêΓûêΓûêΓûêΓûêΓûÅ| 2764/3000 [45:49<03:01,  1.30it/s]
 92%|ΓûêΓûêΓûêΓûêΓûêΓûêΓûêΓûêΓûêΓûÅ| 2765/3000 [45:49<03:05,  1.27it/s]
 92%|ΓûêΓûêΓûêΓûêΓûêΓûêΓûêΓûêΓûêΓûÅ| 2766/3000 [45:51<03:49,  1.02it/s]
 92%|ΓûêΓûêΓûêΓûêΓûêΓûêΓûêΓûêΓûêΓûÅ| 2767/3000 [45:52<03:44,  1.04it/s]
 92%|ΓûêΓûêΓûêΓûêΓûêΓûêΓûêΓûêΓûêΓûÅ| 2768/3000 [45:52<03:25,  1.13it/s]
 92%|ΓûêΓûêΓûêΓûêΓûêΓûêΓûêΓûêΓûêΓûÅ| 2769/3000 [45:53<03:21,  1.15it/s]
 92%|ΓûêΓûêΓûêΓûêΓûêΓûêΓûêΓûêΓûêΓûÅ| 2770/3000 [45:54<02:57,  1.29it/s]
 92%|ΓûêΓûêΓûêΓûêΓûêΓûêΓûêΓûêΓûêΓûÅ| 2771/3000 [45:55<02:50,  1.34it/s]
 92%|ΓûêΓûêΓûêΓûêΓûêΓûêΓûêΓûêΓûêΓûÅ| 2772/3000 [45:56<03:06,  1.22it/s]
 92%|ΓûêΓûêΓûêΓûêΓûêΓûêΓûêΓûêΓûêΓûÅ| 2773/3000 [45:57<03:22,  1.12it/s]
 92%|ΓûêΓûêΓûêΓûêΓûêΓûêΓûêΓûêΓûêΓûÅ| 2774/3000 [45:57<03:04,  1.23it/s]
 92%|ΓûêΓûêΓûêΓûêΓûêΓûêΓûêΓûêΓûêΓûÄ| 2775/3000 [45:58<02:58,  1.26it/s]
 93%|ΓûêΓûêΓûêΓûêΓûêΓûêΓûêΓûêΓûêΓûÄ| 2776/3000 [45:59<02:52,  1.30it/s]
 93%|ΓûêΓûêΓûêΓûêΓûêΓûêΓûêΓûêΓûêΓûÄ| 2777/3000 [46:00<03:09,  1.17it/s]
 93%|ΓûêΓûêΓûêΓûêΓûêΓûêΓûêΓûêΓûêΓûÄ| 2778/3000 [46:01<03:41,  1.00it/s]
 93%|ΓûêΓûêΓûêΓûêΓûêΓûêΓûêΓûêΓûêΓûÄ| 2779/3000 [46:02<03:24,  1.08it/s]
 93%|ΓûêΓûêΓûêΓûêΓûêΓûêΓûêΓûêΓûêΓûÄ| 2780/3000 [46:03<03:25,  1.07it/s]
 93%|ΓûêΓûêΓûêΓûêΓûêΓûêΓûêΓûêΓûêΓûÄ| 2781/3000 [46:04<03:39,  1.00s/it]
 93%|ΓûêΓûêΓûêΓûêΓûêΓûêΓûêΓûêΓûêΓûÄ| 2782/3000 [46:05<03:48,  1.05s/it]
 93%|ΓûêΓûêΓûêΓûêΓûêΓûêΓûêΓûêΓûêΓûÄ| 2783/3000 [46:06<03:34,  1.01it/s]
 93%|ΓûêΓûêΓûêΓûêΓûêΓûêΓûêΓûêΓûêΓûÄ| 2784/3000 [46:07<03:23,  1.06it/s]
 93%|ΓûêΓûêΓûêΓûêΓûêΓûêΓûêΓûêΓûêΓûÄ| 2785/3000 [46:08<03:27,  1.04it/s]
 93%|ΓûêΓûêΓûêΓûêΓûêΓûêΓûêΓûêΓûêΓûÄ| 2786/3000 [46:09<03:16,  1.09it/s]
 93%|ΓûêΓûêΓûêΓûêΓûêΓûêΓûêΓûêΓûêΓûÄ| 2787/3000 [46:09<03:05,  1.15it/s]
 93%|ΓûêΓûêΓûêΓûêΓûêΓûêΓûêΓûêΓûêΓûÄ| 2788/3000 [46:11<03:41,  1.04s/it]
 93%|ΓûêΓûêΓûêΓûêΓûêΓûêΓûêΓûêΓûêΓûÄ| 2789/3000 [46:12<04:17,  1.22s/it]
 93%|ΓûêΓûêΓûêΓûêΓûêΓûêΓûêΓûêΓûêΓûÄ| 2790/3000 [46:13<03:55,  1.12s/it]
 93%|ΓûêΓûêΓûêΓûêΓûêΓûêΓûêΓûêΓûêΓûÄ| 2791/3000 [46:14<03:46,  1.08s/it]
 93%|ΓûêΓûêΓûêΓûêΓûêΓûêΓûêΓûêΓûêΓûÄ| 2792/3000 [46:15<03:13,  1.07it/s]
 93%|ΓûêΓûêΓûêΓûêΓûêΓûêΓûêΓûêΓûêΓûÄ| 2793/3000 [46:16<03:28,  1.01s/it]
 93%|ΓûêΓûêΓûêΓûêΓûêΓûêΓûêΓûêΓûêΓûÄ| 2794/3000 [46:17<03:10,  1.08it/s]
 93%|ΓûêΓûêΓûêΓûêΓûêΓûêΓûêΓûêΓûêΓûÄ| 2795/3000 [46:18<03:47,  1.11s/it]
 93%|ΓûêΓûêΓûêΓûêΓûêΓûêΓûêΓûêΓûêΓûÄ| 2796/3000 [46:19<03:05,  1.10it/s]
 93%|ΓûêΓûêΓûêΓûêΓûêΓûêΓûêΓûêΓûêΓûÄ| 2797/3000 [46:20<03:09,  1.07it/s]
 93%|ΓûêΓûêΓûêΓûêΓûêΓûêΓûêΓûêΓûêΓûÄ| 2798/3000 [46:20<02:46,  1.22it/s]
 93%|ΓûêΓûêΓûêΓûêΓûêΓûêΓûêΓûêΓûêΓûÄ| 2799/3000 [46:21<02:22,  1.41it/s]
 93%|ΓûêΓûêΓûêΓûêΓûêΓûêΓûêΓûêΓûêΓûÄ| 2800/3000 [46:22<02:49,  1.18it/s]
 93%|ΓûêΓûêΓûêΓûêΓûêΓûêΓûêΓûêΓûêΓûÄ| 2801/3000 [46:23<02:40,  1.24it/s]
 93%|ΓûêΓûêΓûêΓûêΓûêΓûêΓûêΓûêΓûêΓûÄ| 2802/3000 [46:23<02:36,  1.26it/s]
 93%|ΓûêΓûêΓûêΓûêΓûêΓûêΓûêΓûêΓûêΓûÄ| 2803/3000 [46:24<02:27,  1.34it/s]
 93%|ΓûêΓûêΓûêΓûêΓûêΓûêΓûêΓûêΓûêΓûÄ| 2804/3000 [46:25<02:22,  1.38it/s]
 94%|ΓûêΓûêΓûêΓûêΓûêΓûêΓûêΓûêΓûêΓûÄ| 2805/3000 [46:26<02:57,  1.10it/s]
 94%|ΓûêΓûêΓûêΓûêΓûêΓûêΓûêΓûêΓûêΓûÄ| 2806/3000 [46:28<03:28,  1.08s/it]
 94%|ΓûêΓûêΓûêΓûêΓûêΓûêΓûêΓûêΓûêΓûÄ| 2807/3000 [46:28<03:12,  1.00it/s]
 94%|ΓûêΓûêΓûêΓûêΓûêΓûêΓûêΓûêΓûêΓûÄ| 2808/3000 [46:29<02:48,  1.14it/s]
 94%|ΓûêΓûêΓûêΓûêΓûêΓûêΓûêΓûêΓûêΓûÄ| 2809/3000 [46:30<02:38,  1.21it/s]
 94%|ΓûêΓûêΓûêΓûêΓûêΓûêΓûêΓûêΓûêΓûÄ| 2810/3000 [46:31<02:43,  1.16it/s]
 94%|ΓûêΓûêΓûêΓûêΓûêΓûêΓûêΓûêΓûêΓûÄ| 2811/3000 [46:32<03:01,  1.04it/s]
 94%|ΓûêΓûêΓûêΓûêΓûêΓûêΓûêΓûêΓûêΓûÄ| 2812/3000 [46:32<02:33,  1.23it/s]
 94%|ΓûêΓûêΓûêΓûêΓûêΓûêΓûêΓûêΓûêΓûì| 2813/3000 [46:33<02:12,  1.41it/s]
 94%|ΓûêΓûêΓûêΓûêΓûêΓûêΓûêΓûêΓûêΓûì| 2814/3000 [46:34<03:05,  1.00it/s]
 94%|ΓûêΓûêΓûêΓûêΓûêΓûêΓûêΓûêΓûêΓûì| 2815/3000 [46:35<02:41,  1.14it/s]
 94%|ΓûêΓûêΓûêΓûêΓûêΓûêΓûêΓûêΓûêΓûì| 2816/3000 [46:36<02:41,  1.14it/s]
 94%|ΓûêΓûêΓûêΓûêΓûêΓûêΓûêΓûêΓûêΓûì| 2817/3000 [46:37<02:29,  1.22it/s]
 94%|ΓûêΓûêΓûêΓûêΓûêΓûêΓûêΓûêΓûêΓûì| 2818/3000 [46:38<02:43,  1.11it/s]
 94%|ΓûêΓûêΓûêΓûêΓûêΓûêΓûêΓûêΓûêΓûì| 2819/3000 [46:38<02:31,  1.19it/s]
 94%|ΓûêΓûêΓûêΓûêΓûêΓûêΓûêΓûêΓûêΓûì| 2820/3000 [46:40<03:02,  1.01s/it]
 94%|ΓûêΓûêΓûêΓûêΓûêΓûêΓûêΓûêΓûêΓûì| 2821/3000 [46:41<02:57,  1.01it/s]
 94%|ΓûêΓûêΓûêΓûêΓûêΓûêΓûêΓûêΓûêΓûì| 2822/3000 [46:42<02:50,  1.05it/s]
 94%|ΓûêΓûêΓûêΓûêΓûêΓûêΓûêΓûêΓûêΓûì| 2823/3000 [46:42<02:36,  1.13it/s]
 94%|ΓûêΓûêΓûêΓûêΓûêΓûêΓûêΓûêΓûêΓûì| 2824/3000 [46:43<02:28,  1.19it/s]
 94%|ΓûêΓûêΓûêΓûêΓûêΓûêΓûêΓûêΓûêΓûì| 2825/3000 [46:44<02:40,  1.09it/s]
 94%|ΓûêΓûêΓûêΓûêΓûêΓûêΓûêΓûêΓûêΓûì| 2826/3000 [46:45<02:22,  1.22it/s]
 94%|ΓûêΓûêΓûêΓûêΓûêΓûêΓûêΓûêΓûêΓûì| 2827/3000 [46:45<02:15,  1.28it/s]
 94%|ΓûêΓûêΓûêΓûêΓûêΓûêΓûêΓûêΓûêΓûì| 2828/3000 [46:46<02:16,  1.26it/s]
 94%|ΓûêΓûêΓûêΓûêΓûêΓûêΓûêΓûêΓûêΓûì| 2829/3000 [46:47<02:10,  1.31it/s]
 94%|ΓûêΓûêΓûêΓûêΓûêΓûêΓûêΓûêΓûêΓûì| 2830/3000 [46:48<02:37,  1.08it/s]
 94%|ΓûêΓûêΓûêΓûêΓûêΓûêΓûêΓûêΓûêΓûì| 2831/3000 [46:49<02:40,  1.05it/s]
 94%|ΓûêΓûêΓûêΓûêΓûêΓûêΓûêΓûêΓûêΓûì| 2832/3000 [46:50<02:29,  1.13it/s]
 94%|ΓûêΓûêΓûêΓûêΓûêΓûêΓûêΓûêΓûêΓûì| 2833/3000 [46:51<02:36,  1.07it/s]
 94%|ΓûêΓûêΓûêΓûêΓûêΓûêΓûêΓûêΓûêΓûì| 2834/3000 [46:52<02:18,  1.20it/s]
 94%|ΓûêΓûêΓûêΓûêΓûêΓûêΓûêΓûêΓûêΓûì| 2835/3000 [46:53<02:39,  1.03it/s]
 95%|ΓûêΓûêΓûêΓûêΓûêΓûêΓûêΓûêΓûêΓûì| 2836/3000 [46:54<02:31,  1.08it/s]
 95%|ΓûêΓûêΓûêΓûêΓûêΓûêΓûêΓûêΓûêΓûì| 2837/3000 [46:55<02:35,  1.05it/s]
 95%|ΓûêΓûêΓûêΓûêΓûêΓûêΓûêΓûêΓûêΓûì| 2838/3000 [46:55<02:19,  1.16it/s]
 95%|ΓûêΓûêΓûêΓûêΓûêΓûêΓûêΓûêΓûêΓûì| 2839/3000 [46:56<02:21,  1.14it/s]
 95%|ΓûêΓûêΓûêΓûêΓûêΓûêΓûêΓûêΓûêΓûì| 2840/3000 [46:57<02:06,  1.27it/s]
 95%|ΓûêΓûêΓûêΓûêΓûêΓûêΓûêΓûêΓûêΓûì| 2841/3000 [46:59<02:56,  1.11s/it]
 95%|ΓûêΓûêΓûêΓûêΓûêΓûêΓûêΓûêΓûêΓûì| 2842/3000 [47:00<02:49,  1.07s/it]
 95%|ΓûêΓûêΓûêΓûêΓûêΓûêΓûêΓûêΓûêΓûì| 2843/3000 [47:01<02:44,  1.04s/it]
 95%|ΓûêΓûêΓûêΓûêΓûêΓûêΓûêΓûêΓûêΓûì| 2844/3000 [47:02<02:39,  1.02s/it]
 95%|ΓûêΓûêΓûêΓûêΓûêΓûêΓûêΓûêΓûêΓûì| 2845/3000 [47:03<02:32,  1.02it/s]
 95%|ΓûêΓûêΓûêΓûêΓûêΓûêΓûêΓûêΓûêΓûì| 2846/3000 [47:04<02:33,  1.00it/s]
 95%|ΓûêΓûêΓûêΓûêΓûêΓûêΓûêΓûêΓûêΓûì| 2847/3000 [47:05<02:30,  1.01it/s]
 95%|ΓûêΓûêΓûêΓûêΓûêΓûêΓûêΓûêΓûêΓûì| 2848/3000 [47:07<03:34,  1.41s/it]
 95%|ΓûêΓûêΓûêΓûêΓûêΓûêΓûêΓûêΓûêΓûì| 2849/3000 [47:08<03:21,  1.33s/it]
 95%|ΓûêΓûêΓûêΓûêΓûêΓûêΓûêΓûêΓûêΓûî| 2850/3000 [47:09<02:52,  1.15s/it]
 95%|ΓûêΓûêΓûêΓûêΓûêΓûêΓûêΓûêΓûêΓûî| 2851/3000 [47:10<02:31,  1.01s/it]
 95%|ΓûêΓûêΓûêΓûêΓûêΓûêΓûêΓûêΓûêΓûî| 2852/3000 [47:11<02:31,  1.02s/it]
 95%|ΓûêΓûêΓûêΓûêΓûêΓûêΓûêΓûêΓûêΓûî| 2853/3000 [47:12<02:37,  1.07s/it]
 95%|ΓûêΓûêΓûêΓûêΓûêΓûêΓûêΓûêΓûêΓûî| 2854/3000 [47:13<02:26,  1.00s/it]
 95%|ΓûêΓûêΓûêΓûêΓûêΓûêΓûêΓûêΓûêΓûî| 2855/3000 [47:13<02:18,  1.05it/s]
 95%|ΓûêΓûêΓûêΓûêΓûêΓûêΓûêΓûêΓûêΓûî| 2856/3000 [47:14<02:15,  1.06it/s]
 95%|ΓûêΓûêΓûêΓûêΓûêΓûêΓûêΓûêΓûêΓûî| 2857/3000 [47:15<02:17,  1.04it/s]
 95%|ΓûêΓûêΓûêΓûêΓûêΓûêΓûêΓûêΓûêΓûî| 2858/3000 [47:16<02:05,  1.13it/s]
 95%|ΓûêΓûêΓûêΓûêΓûêΓûêΓûêΓûêΓûêΓûî| 2859/3000 [47:17<02:26,  1.04s/it]
 95%|ΓûêΓûêΓûêΓûêΓûêΓûêΓûêΓûêΓûêΓûî| 2860/3000 [47:18<02:19,  1.01it/s]
 95%|ΓûêΓûêΓûêΓûêΓûêΓûêΓûêΓûêΓûêΓûî| 2861/3000 [47:19<02:21,  1.02s/it]
 95%|ΓûêΓûêΓûêΓûêΓûêΓûêΓûêΓûêΓûêΓûî| 2862/3000 [47:20<02:14,  1.03it/s]
 95%|ΓûêΓûêΓûêΓûêΓûêΓûêΓûêΓûêΓûêΓûî| 2863/3000 [47:22<02:39,  1.16s/it]
 95%|ΓûêΓûêΓûêΓûêΓûêΓûêΓûêΓûêΓûêΓûî| 2864/3000 [47:23<02:44,  1.21s/it]
 96%|ΓûêΓûêΓûêΓûêΓûêΓûêΓûêΓûêΓûêΓûî| 2865/3000 [47:24<02:40,  1.19s/it]
 96%|ΓûêΓûêΓûêΓûêΓûêΓûêΓûêΓûêΓûêΓûî| 2866/3000 [47:25<02:21,  1.06s/it]
 96%|ΓûêΓûêΓûêΓûêΓûêΓûêΓûêΓûêΓûêΓûî| 2867/3000 [47:26<02:23,  1.08s/it]
 96%|ΓûêΓûêΓûêΓûêΓûêΓûêΓûêΓûêΓûêΓûî| 2868/3000 [47:28<02:39,  1.21s/it]
 96%|ΓûêΓûêΓûêΓûêΓûêΓûêΓûêΓûêΓûêΓûî| 2869/3000 [47:28<02:17,  1.05s/it]
 96%|ΓûêΓûêΓûêΓûêΓûêΓûêΓûêΓûêΓûêΓûî| 2870/3000 [47:29<02:12,  1.02s/it]
 96%|ΓûêΓûêΓûêΓûêΓûêΓûêΓûêΓûêΓûêΓûî| 2871/3000 [47:30<01:58,  1.09it/s]
 96%|ΓûêΓûêΓûêΓûêΓûêΓûêΓûêΓûêΓûêΓûî| 2872/3000 [47:31<01:43,  1.23it/s]
 96%|ΓûêΓûêΓûêΓûêΓûêΓûêΓûêΓûêΓûêΓûî| 2873/3000 [47:31<01:37,  1.30it/s]
 96%|ΓûêΓûêΓûêΓûêΓûêΓûêΓûêΓûêΓûêΓûî| 2874/3000 [47:32<01:34,  1.33it/s]
 96%|ΓûêΓûêΓûêΓûêΓûêΓûêΓûêΓûêΓûêΓûî| 2875/3000 [47:33<01:48,  1.15it/s]
 96%|ΓûêΓûêΓûêΓûêΓûêΓûêΓûêΓûêΓûêΓûî| 2876/3000 [47:34<01:51,  1.11it/s]
 96%|ΓûêΓûêΓûêΓûêΓûêΓûêΓûêΓûêΓûêΓûî| 2877/3000 [47:36<02:11,  1.07s/it]
 96%|ΓûêΓûêΓûêΓûêΓûêΓûêΓûêΓûêΓûêΓûî| 2878/3000 [47:37<02:06,  1.04s/it]
 96%|ΓûêΓûêΓûêΓûêΓûêΓûêΓûêΓûêΓûêΓûî| 2879/3000 [47:38<02:07,  1.05s/it]
 96%|ΓûêΓûêΓûêΓûêΓûêΓûêΓûêΓûêΓûêΓûî| 2880/3000 [47:40<02:52,  1.44s/it]
 96%|ΓûêΓûêΓûêΓûêΓûêΓûêΓûêΓûêΓûêΓûî| 2881/3000 [47:41<02:18,  1.16s/it]
 96%|ΓûêΓûêΓûêΓûêΓûêΓûêΓûêΓûêΓûêΓûî| 2882/3000 [47:41<02:08,  1.09s/it]
 96%|ΓûêΓûêΓûêΓûêΓûêΓûêΓûêΓûêΓûêΓûî| 2883/3000 [47:43<02:08,  1.10s/it]
 96%|ΓûêΓûêΓûêΓûêΓûêΓûêΓûêΓûêΓûêΓûî| 2884/3000 [47:43<01:59,  1.03s/it]
 96%|ΓûêΓûêΓûêΓûêΓûêΓûêΓûêΓûêΓûêΓûî| 2885/3000 [47:45<02:10,  1.13s/it]
 96%|ΓûêΓûêΓûêΓûêΓûêΓûêΓûêΓûêΓûêΓûî| 2886/3000 [47:45<01:49,  1.04it/s]
 96%|ΓûêΓûêΓûêΓûêΓûêΓûêΓûêΓûêΓûêΓûî| 2887/3000 [47:46<01:38,  1.14it/s]
 96%|ΓûêΓûêΓûêΓûêΓûêΓûêΓûêΓûêΓûêΓûï| 2888/3000 [47:47<01:33,  1.20it/s]
 96%|ΓûêΓûêΓûêΓûêΓûêΓûêΓûêΓûêΓûêΓûï| 2889/3000 [47:48<01:32,  1.21it/s]
 96%|ΓûêΓûêΓûêΓûêΓûêΓûêΓûêΓûêΓûêΓûï| 2890/3000 [47:48<01:31,  1.21it/s]
 96%|ΓûêΓûêΓûêΓûêΓûêΓûêΓûêΓûêΓûêΓûï| 2891/3000 [47:49<01:26,  1.26it/s]
 96%|ΓûêΓûêΓûêΓûêΓûêΓûêΓûêΓûêΓûêΓûï| 2892/3000 [47:50<01:22,  1.30it/s]
 96%|ΓûêΓûêΓûêΓûêΓûêΓûêΓûêΓûêΓûêΓûï| 2893/3000 [47:51<01:27,  1.22it/s]
 96%|ΓûêΓûêΓûêΓûêΓûêΓûêΓûêΓûêΓûêΓûï| 2894/3000 [47:51<01:17,  1.36it/s]
 96%|ΓûêΓûêΓûêΓûêΓûêΓûêΓûêΓûêΓûêΓûï| 2895/3000 [47:53<01:30,  1.15it/s]
 97%|ΓûêΓûêΓûêΓûêΓûêΓûêΓûêΓûêΓûêΓûï| 2896/3000 [47:54<01:43,  1.01it/s]
 97%|ΓûêΓûêΓûêΓûêΓûêΓûêΓûêΓûêΓûêΓûï| 2897/3000 [47:54<01:28,  1.17it/s]
 97%|ΓûêΓûêΓûêΓûêΓûêΓûêΓûêΓûêΓûêΓûï| 2898/3000 [47:56<01:42,  1.01s/it]
 97%|ΓûêΓûêΓûêΓûêΓûêΓûêΓûêΓûêΓûêΓûï| 2899/3000 [47:57<01:55,  1.14s/it]
 97%|ΓûêΓûêΓûêΓûêΓûêΓûêΓûêΓûêΓûêΓûï| 2900/3000 [47:58<01:38,  1.02it/s]
 97%|ΓûêΓûêΓûêΓûêΓûêΓûêΓûêΓûêΓûêΓûï| 2901/3000 [47:59<01:34,  1.04it/s]
 97%|ΓûêΓûêΓûêΓûêΓûêΓûêΓûêΓûêΓûêΓûï| 2902/3000 [48:01<02:16,  1.39s/it]
 97%|ΓûêΓûêΓûêΓûêΓûêΓûêΓûêΓûêΓûêΓûï| 2903/3000 [48:02<02:15,  1.40s/it]
 97%|ΓûêΓûêΓûêΓûêΓûêΓûêΓûêΓûêΓûêΓûï| 2904/3000 [48:03<01:55,  1.21s/it]
 97%|ΓûêΓûêΓûêΓûêΓûêΓûêΓûêΓûêΓûêΓûï| 2905/3000 [48:04<01:45,  1.11s/it]
 97%|ΓûêΓûêΓûêΓûêΓûêΓûêΓûêΓûêΓûêΓûï| 2906/3000 [48:05<01:40,  1.07s/it]
 97%|ΓûêΓûêΓûêΓûêΓûêΓûêΓûêΓûêΓûêΓûï| 2907/3000 [48:07<01:50,  1.18s/it]
 97%|ΓûêΓûêΓûêΓûêΓûêΓûêΓûêΓûêΓûêΓûï| 2908/3000 [48:07<01:36,  1.05s/it]
 97%|ΓûêΓûêΓûêΓûêΓûêΓûêΓûêΓûêΓûêΓûï| 2909/3000 [48:08<01:29,  1.01it/s]
 97%|ΓûêΓûêΓûêΓûêΓûêΓûêΓûêΓûêΓûêΓûï| 2910/3000 [48:09<01:17,  1.15it/s]
 97%|ΓûêΓûêΓûêΓûêΓûêΓûêΓûêΓûêΓûêΓûï| 2911/3000 [48:10<01:28,  1.01it/s]
 97%|ΓûêΓûêΓûêΓûêΓûêΓûêΓûêΓûêΓûêΓûï| 2912/3000 [48:11<01:17,  1.14it/s]
 97%|ΓûêΓûêΓûêΓûêΓûêΓûêΓûêΓûêΓûêΓûï| 2913/3000 [48:11<01:16,  1.14it/s]
 97%|ΓûêΓûêΓûêΓûêΓûêΓûêΓûêΓûêΓûêΓûï| 2914/3000 [48:13<01:25,  1.01it/s]
 97%|ΓûêΓûêΓûêΓûêΓûêΓûêΓûêΓûêΓûêΓûï| 2915/3000 [48:13<01:16,  1.11it/s]
 97%|ΓûêΓûêΓûêΓûêΓûêΓûêΓûêΓûêΓûêΓûï| 2916/3000 [48:14<01:06,  1.26it/s]
 97%|ΓûêΓûêΓûêΓûêΓûêΓûêΓûêΓûêΓûêΓûï| 2917/3000 [48:15<01:15,  1.09it/s]
 97%|ΓûêΓûêΓûêΓûêΓûêΓûêΓûêΓûêΓûêΓûï| 2918/3000 [48:16<01:21,  1.01it/s]
 97%|ΓûêΓûêΓûêΓûêΓûêΓûêΓûêΓûêΓûêΓûï| 2919/3000 [48:17<01:12,  1.11it/s]
 97%|ΓûêΓûêΓûêΓûêΓûêΓûêΓûêΓûêΓûêΓûï| 2920/3000 [48:18<01:15,  1.06it/s]
 97%|ΓûêΓûêΓûêΓûêΓûêΓûêΓûêΓûêΓûêΓûï| 2921/3000 [48:19<01:19,  1.01s/it]
 97%|ΓûêΓûêΓûêΓûêΓûêΓûêΓûêΓûêΓûêΓûï| 2922/3000 [48:20<01:18,  1.00s/it]
 97%|ΓûêΓûêΓûêΓûêΓûêΓûêΓûêΓûêΓûêΓûï| 2923/3000 [48:21<01:15,  1.02it/s]
 97%|ΓûêΓûêΓûêΓûêΓûêΓûêΓûêΓûêΓûêΓûï| 2924/3000 [48:22<01:21,  1.07s/it]
 98%|ΓûêΓûêΓûêΓûêΓûêΓûêΓûêΓûêΓûêΓûè| 2925/3000 [48:24<01:23,  1.11s/it]
 98%|ΓûêΓûêΓûêΓûêΓûêΓûêΓûêΓûêΓûêΓûè| 2926/3000 [48:25<01:30,  1.22s/it]
 98%|ΓûêΓûêΓûêΓûêΓûêΓûêΓûêΓûêΓûêΓûè| 2927/3000 [48:27<01:37,  1.34s/it]
 98%|ΓûêΓûêΓûêΓûêΓûêΓûêΓûêΓûêΓûêΓûè| 2928/3000 [48:27<01:22,  1.14s/it]
 98%|ΓûêΓûêΓûêΓûêΓûêΓûêΓûêΓûêΓûêΓûè| 2929/3000 [48:29<01:26,  1.22s/it]
 98%|ΓûêΓûêΓûêΓûêΓûêΓûêΓûêΓûêΓûêΓûè| 2930/3000 [48:29<01:13,  1.06s/it]
 98%|ΓûêΓûêΓûêΓûêΓûêΓûêΓûêΓûêΓûêΓûè| 2931/3000 [48:31<01:14,  1.08s/it]
 98%|ΓûêΓûêΓûêΓûêΓûêΓûêΓûêΓûêΓûêΓûè| 2932/3000 [48:32<01:12,  1.06s/it]
 98%|ΓûêΓûêΓûêΓûêΓûêΓûêΓûêΓûêΓûêΓûè| 2933/3000 [48:32<01:05,  1.02it/s]
 98%|ΓûêΓûêΓûêΓûêΓûêΓûêΓûêΓûêΓûêΓûè| 2934/3000 [48:34<01:09,  1.05s/it]
 98%|ΓûêΓûêΓûêΓûêΓûêΓûêΓûêΓûêΓûêΓûè| 2935/3000 [48:35<01:10,  1.08s/it]
 98%|ΓûêΓûêΓûêΓûêΓûêΓûêΓûêΓûêΓûêΓûè| 2936/3000 [48:36<01:05,  1.02s/it]
 98%|ΓûêΓûêΓûêΓûêΓûêΓûêΓûêΓûêΓûêΓûè| 2937/3000 [48:37<01:11,  1.14s/it]
 98%|ΓûêΓûêΓûêΓûêΓûêΓûêΓûêΓûêΓûêΓûè| 2938/3000 [48:38<01:06,  1.07s/it]
 98%|ΓûêΓûêΓûêΓûêΓûêΓûêΓûêΓûêΓûêΓûè| 2939/3000 [48:39<01:08,  1.13s/it]
 98%|ΓûêΓûêΓûêΓûêΓûêΓûêΓûêΓûêΓûêΓûè| 2940/3000 [48:41<01:11,  1.20s/it]
 98%|ΓûêΓûêΓûêΓûêΓûêΓûêΓûêΓûêΓûêΓûè| 2941/3000 [48:42<01:05,  1.10s/it]
 98%|ΓûêΓûêΓûêΓûêΓûêΓûêΓûêΓûêΓûêΓûè| 2942/3000 [48:43<01:02,  1.08s/it]
 98%|ΓûêΓûêΓûêΓûêΓûêΓûêΓûêΓûêΓûêΓûè| 2943/3000 [48:43<00:57,  1.00s/it]
 98%|ΓûêΓûêΓûêΓûêΓûêΓûêΓûêΓûêΓûêΓûè| 2944/3000 [48:44<00:50,  1.10it/s]
 98%|ΓûêΓûêΓûêΓûêΓûêΓûêΓûêΓûêΓûêΓûè| 2945/3000 [48:45<00:51,  1.06it/s]
 98%|ΓûêΓûêΓûêΓûêΓûêΓûêΓûêΓûêΓûêΓûè| 2946/3000 [48:46<00:57,  1.07s/it]
 98%|ΓûêΓûêΓûêΓûêΓûêΓûêΓûêΓûêΓûêΓûè| 2947/3000 [48:48<01:03,  1.19s/it]
 98%|ΓûêΓûêΓûêΓûêΓûêΓûêΓûêΓûêΓûêΓûè| 2948/3000 [48:49<00:53,  1.03s/it]
 98%|ΓûêΓûêΓûêΓûêΓûêΓûêΓûêΓûêΓûêΓûè| 2949/3000 [48:50<00:53,  1.05s/it]
 98%|ΓûêΓûêΓûêΓûêΓûêΓûêΓûêΓûêΓûêΓûè| 2950/3000 [48:51<01:00,  1.22s/it]
 98%|ΓûêΓûêΓûêΓûêΓûêΓûêΓûêΓûêΓûêΓûè| 2951/3000 [48:53<01:03,  1.30s/it]
 98%|ΓûêΓûêΓûêΓûêΓûêΓûêΓûêΓûêΓûêΓûè| 2952/3000 [48:53<00:53,  1.12s/it]
 98%|ΓûêΓûêΓûêΓûêΓûêΓûêΓûêΓûêΓûêΓûè| 2953/3000 [48:54<00:48,  1.03s/it]
 98%|ΓûêΓûêΓûêΓûêΓûêΓûêΓûêΓûêΓûêΓûè| 2954/3000 [48:56<00:51,  1.12s/it]
 98%|ΓûêΓûêΓûêΓûêΓûêΓûêΓûêΓûêΓûêΓûè| 2955/3000 [48:57<00:53,  1.18s/it]
 99%|ΓûêΓûêΓûêΓûêΓûêΓûêΓûêΓûêΓûêΓûè| 2956/3000 [48:58<00:50,  1.16s/it]
 99%|ΓûêΓûêΓûêΓûêΓûêΓûêΓûêΓûêΓûêΓûè| 2957/3000 [48:59<00:50,  1.17s/it]
 99%|ΓûêΓûêΓûêΓûêΓûêΓûêΓûêΓûêΓûêΓûè| 2958/3000 [49:00<00:45,  1.07s/it]
 99%|ΓûêΓûêΓûêΓûêΓûêΓûêΓûêΓûêΓûêΓûè| 2959/3000 [49:01<00:41,  1.00s/it]
 99%|ΓûêΓûêΓûêΓûêΓûêΓûêΓûêΓûêΓûêΓûè| 2960/3000 [49:02<00:46,  1.16s/it]
 99%|ΓûêΓûêΓûêΓûêΓûêΓûêΓûêΓûêΓûêΓûè| 2961/3000 [49:03<00:38,  1.00it/s]
 99%|ΓûêΓûêΓûêΓûêΓûêΓûêΓûêΓûêΓûêΓûè| 2962/3000 [49:04<00:38,  1.00s/it]
 99%|ΓûêΓûêΓûêΓûêΓûêΓûêΓûêΓûêΓûêΓûë| 2963/3000 [49:05<00:34,  1.07it/s]
 99%|ΓûêΓûêΓûêΓûêΓûêΓûêΓûêΓûêΓûêΓûë| 2964/3000 [49:06<00:33,  1.06it/s]
 99%|ΓûêΓûêΓûêΓûêΓûêΓûêΓûêΓûêΓûêΓûë| 2965/3000 [49:07<00:37,  1.06s/it]
 99%|ΓûêΓûêΓûêΓûêΓûêΓûêΓûêΓûêΓûêΓûë| 2966/3000 [49:08<00:32,  1.06it/s]
 99%|ΓûêΓûêΓûêΓûêΓûêΓûêΓûêΓûêΓûêΓûë| 2967/3000 [49:09<00:32,  1.02it/s]
 99%|ΓûêΓûêΓûêΓûêΓûêΓûêΓûêΓûêΓûêΓûë| 2968/3000 [49:10<00:28,  1.11it/s]
 99%|ΓûêΓûêΓûêΓûêΓûêΓûêΓûêΓûêΓûêΓûë| 2969/3000 [49:11<00:34,  1.12s/it]
 99%|ΓûêΓûêΓûêΓûêΓûêΓûêΓûêΓûêΓûêΓûë| 2970/3000 [49:12<00:31,  1.04s/it]
 99%|ΓûêΓûêΓûêΓûêΓûêΓûêΓûêΓûêΓûêΓûë| 2971/3000 [49:13<00:31,  1.09s/it]
 99%|ΓûêΓûêΓûêΓûêΓûêΓûêΓûêΓûêΓûêΓûë| 2972/3000 [49:15<00:33,  1.20s/it]
 99%|ΓûêΓûêΓûêΓûêΓûêΓûêΓûêΓûêΓûêΓûë| 2973/3000 [49:16<00:28,  1.07s/it]
 99%|ΓûêΓûêΓûêΓûêΓûêΓûêΓûêΓûêΓûêΓûë| 2974/3000 [49:16<00:25,  1.03it/s]
 99%|ΓûêΓûêΓûêΓûêΓûêΓûêΓûêΓûêΓûêΓûë| 2975/3000 [49:17<00:23,  1.06it/s]
 99%|ΓûêΓûêΓûêΓûêΓûêΓûêΓûêΓûêΓûêΓûë| 2976/3000 [49:18<00:25,  1.05s/it]
 99%|ΓûêΓûêΓûêΓûêΓûêΓûêΓûêΓûêΓûêΓûë| 2977/3000 [49:19<00:24,  1.06s/it]
 99%|ΓûêΓûêΓûêΓûêΓûêΓûêΓûêΓûêΓûêΓûë| 2978/3000 [49:21<00:23,  1.09s/it]
 99%|ΓûêΓûêΓûêΓûêΓûêΓûêΓûêΓûêΓûêΓûë| 2979/3000 [49:21<00:18,  1.11it/s]
 99%|ΓûêΓûêΓûêΓûêΓûêΓûêΓûêΓûêΓûêΓûë| 2980/3000 [49:22<00:18,  1.08it/s]
 99%|ΓûêΓûêΓûêΓûêΓûêΓûêΓûêΓûêΓûêΓûë| 2981/3000 [49:23<00:16,  1.12it/s]
 99%|ΓûêΓûêΓûêΓûêΓûêΓûêΓûêΓûêΓûêΓûë| 2982/3000 [49:24<00:17,  1.04it/s]
 99%|ΓûêΓûêΓûêΓûêΓûêΓûêΓûêΓûêΓûêΓûë| 2983/3000 [49:25<00:14,  1.17it/s]
 99%|ΓûêΓûêΓûêΓûêΓûêΓûêΓûêΓûêΓûêΓûë| 2984/3000 [49:26<00:13,  1.14it/s]
100%|ΓûêΓûêΓûêΓûêΓûêΓûêΓûêΓûêΓûêΓûë| 2985/3000 [49:26<00:12,  1.22it/s]
100%|ΓûêΓûêΓûêΓûêΓûêΓûêΓûêΓûêΓûêΓûë| 2986/3000 [49:28<00:13,  1.03it/s]
100%|ΓûêΓûêΓûêΓûêΓûêΓûêΓûêΓûêΓûêΓûë| 2987/3000 [49:29<00:12,  1.01it/s]
100%|ΓûêΓûêΓûêΓûêΓûêΓûêΓûêΓûêΓûêΓûë| 2988/3000 [49:29<00:11,  1.08it/s]
100%|ΓûêΓûêΓûêΓûêΓûêΓûêΓûêΓûêΓûêΓûë| 2989/3000 [49:30<00:09,  1.21it/s]
100%|ΓûêΓûêΓûêΓûêΓûêΓûêΓûêΓûêΓûêΓûë| 2990/3000 [49:31<00:07,  1.27it/s]
100%|ΓûêΓûêΓûêΓûêΓûêΓûêΓûêΓûêΓûêΓûë| 2991/3000 [49:32<00:07,  1.14it/s]
100%|ΓûêΓûêΓûêΓûêΓûêΓûêΓûêΓûêΓûêΓûë| 2992/3000 [49:32<00:06,  1.23it/s]
100%|ΓûêΓûêΓûêΓûêΓûêΓûêΓûêΓûêΓûêΓûë| 2993/3000 [49:34<00:07,  1.03s/it]
100%|ΓûêΓûêΓûêΓûêΓûêΓûêΓûêΓûêΓûêΓûë| 2994/3000 [49:35<00:05,  1.14it/s]
100%|ΓûêΓûêΓûêΓûêΓûêΓûêΓûêΓûêΓûêΓûë| 2995/3000 [49:35<00:04,  1.11it/s]
100%|ΓûêΓûêΓûêΓûêΓûêΓûêΓûêΓûêΓûêΓûë| 2996/3000 [49:38<00:05,  1.44s/it]
100%|ΓûêΓûêΓûêΓûêΓûêΓûêΓûêΓûêΓûêΓûë| 2997/3000 [49:39<00:03,  1.33s/it]
100%|ΓûêΓûêΓûêΓûêΓûêΓûêΓûêΓûêΓûêΓûë| 2998/3000 [49:40<00:02,  1.27s/it]
100%|ΓûêΓûêΓûêΓûêΓûêΓûêΓûêΓûêΓûêΓûë| 2999/3000 [49:42<00:01,  1.42s/it]
100%|ΓûêΓûêΓûêΓûêΓûêΓûêΓûêΓûêΓûêΓûê| 3000/3000 [49:43<00:00,  1.35s/it]
100%|ΓûêΓûêΓûêΓûêΓûêΓûêΓûêΓûêΓûêΓûê| 3000/3000 [49:43<00:00,  1.01it/s]
Done. Run dir: C:\Users\jv624\Desktop\fsm_reliability\outputs\fsm_inference\20261002_054401_llama-32-3b-instruct_cert2_3000
