python.exe : 
At C:\Users\jv624\Desktop\fsm_reliability\outputs\model_set_queue.ps1:11 char:5
+     & $py @pyArgs 2>&1 | Out-File -Encoding utf8 "outputs\queue_$name ...
+     ~~~~~~~~~~~~~~~~~~
    + CategoryInfo          : NotSpecified: (:String) [], RemoteException
    + FullyQualifiedErrorId : NativeCommandError
 
Loading weights:   0%|          | 0/218 [00:00<?, ?it/s]
Loading weights:   0%|          | 1/218 [00:00<00:27,  7.76it/s]
Loading weights:  11%|Γûê         | 23/218 [00:00<00:01, 116.21it/s]
Loading weights:  20%|ΓûêΓûë        | 43/218 [00:00<00:01, 150.00it/s]
Loading weights:  28%|ΓûêΓûêΓûè       | 61/218 [00:00<00:00, 159.76it/s]
Loading weights:  37%|ΓûêΓûêΓûêΓûï      | 81/218 [00:00<00:00, 172.58it/s]
Loading weights:  46%|ΓûêΓûêΓûêΓûêΓûî     | 100/218 [00:00<00:00, 176.45it/s]
Loading weights:  54%|ΓûêΓûêΓûêΓûêΓûêΓûì    | 118/218 [00:00<00:00, 177.43it/s]
Loading weights:  62%|ΓûêΓûêΓûêΓûêΓûêΓûêΓûÅ   | 136/218 [00:00<00:00, 170.52it/s]
Loading weights:  71%|ΓûêΓûêΓûêΓûêΓûêΓûêΓûê   | 154/218 [00:00<00:00, 169.06it/s]
Loading weights:  79%|ΓûêΓûêΓûêΓûêΓûêΓûêΓûêΓûë  | 172/218 [00:01<00:00, 167.85it/s]
Loading weights:  87%|ΓûêΓûêΓûêΓûêΓûêΓûêΓûêΓûêΓûï | 189/218 [00:01<00:00, 164.75it/s]
Loading weights:  95%|ΓûêΓûêΓûêΓûêΓûêΓûêΓûêΓûêΓûêΓûì| 207/218 [00:01<00:00, 166.31it/s]
Loading weights: 100%|ΓûêΓûêΓûêΓûêΓûêΓûêΓûêΓûêΓûêΓûê| 218/218 [00:01<00:00, 162.79it/s]

first proposals:   0%|          | 0/5000 [00:00<?, ?ep/s]
first proposals:   0%|          | 1/5000 [00:58<80:37:14, 58.06s/ep]
first proposals:   0%|          | 3/5000 [01:17<30:45:57, 22.16s/ep, cand 2 | r0 pass 0/2 | episodes solved 0 | queue 
r0 4997 reprompt 0 | verifying 1 | 19.3 s/proposal]
first proposals:   0%|          | 4/5000 [01:36<29:19:20, 21.13s/ep, cand 3 | r0 pass 1/3 | episodes solved 1 | queue 
r0 4996 reprompt 0 | verifying 1 | 19.3 s/proposal]
first proposals:   0%|          | 5/5000 [02:30<44:29:09, 32.06s/ep, cand 4 | r0 pass 2/4 | episodes solved 2 | queue 
r0 4995 reprompt 0 | verifying 1 | 19.3 s/proposal]
first proposals:   0%|          | 6/5000 [02:49<38:44:13, 27.92s/ep, cand 5 | r0 pass 2/5 | episodes solved 2 | queue 
r0 4994 reprompt 0 | verifying 1 | 25.1 s/proposal]
first proposals:   0%|          | 7/5000 [03:27<43:12:49, 31.16s/ep, cand 6 | r0 pass 2/6 | episodes solved 2 | queue 
r0 4993 reprompt 0 | verifying 1 | 24.2 s/proposal]
first proposals:   0%|          | 9/5000 [03:46<28:57:37, 20.89s/ep, cand 8 | r0 pass 3/8 | episodes solved 3 | queue 
r0 4991 reprompt 0 | verifying 1 | 23.1 s/proposal]
first proposals:   0%|          | 10/5000 [04:37<39:21:06, 28.39s/ep, cand 9 | r0 pass 3/9 | episodes solved 3 | queue 
r0 4990 reprompt 0 | verifying 1 | 22.7 s/proposal]
first proposals:   0%|          | 11/5000 [04:56<35:48:22, 25.84s/ep, cand 10 | r0 pass 3/10 | episodes solved 3 | 
queue r0 4989 reprompt 0 | verifying 1 | 25.2 s/proposal]
first proposals:   0%|          | 12/5000 [05:34<40:32:38, 29.26s/ep, cand 11 | r0 pass 3/11 | episodes solved 3 | 
queue r0 4988 reprompt 0 | verifying 1 | 24.7 s/proposal]
first proposals:   0%|          | 14/5000 [05:53<28:34:27, 20.63s/ep, cand 13 | r0 pass 3/13 | episodes solved 3 | 
queue r0 4986 reprompt 0 | verifying 1 | 23.9 s/proposal]
first proposals:   0%|          | 15/5000 [06:12<28:01:49, 20.24s/ep, cand 14 | r0 pass 4/14 | episodes solved 4 | 
queue r0 4985 reprompt 0 | verifying 1 | 23.6 s/proposal]
first proposals:   0%|          | 16/5000 [06:31<27:36:46, 19.95s/ep, cand 15 | r0 pass 5/15 | episodes solved 5 | 
queue r0 4984 reprompt 0 | verifying 1 | 23.3 s/proposal]
first proposals:   0%|          | 17/5000 [07:10<34:26:05, 24.88s/ep, cand 16 | r0 pass 5/16 | episodes solved 5 | 
queue r0 4983 reprompt 0 | verifying 1 | 23.0 s/proposal]
first proposals:   0%|          | 19/5000 [07:29<25:12:19, 18.22s/ep, cand 18 | r0 pass 6/18 | episodes solved 6 | 
queue r0 4981 reprompt 0 | verifying 1 | 22.6 s/proposal]
first proposals:   0%|          | 20/5000 [07:48<25:31:20, 18.45s/ep, cand 19 | r0 pass 6/19 | episodes solved 6 | 
queue r0 4980 reprompt 0 | verifying 1 | 22.4 s/proposal]
first proposals:   0%|          | 21/5000 [08:45<38:59:02, 28.19s/ep, cand 20 | r0 pass 6/20 | episodes solved 6 | 
queue r0 4979 reprompt 0 | verifying 1 | 22.3 s/proposal]
first proposals:   0%|          | 22/5000 [09:04<35:36:20, 25.75s/ep, cand 21 | r0 pass 6/21 | episodes solved 6 | 
queue r0 4978 reprompt 0 | verifying 1 | 23.9 s/proposal]
first proposals:   0%|          | 23/5000 [09:23<33:08:03, 23.97s/ep, cand 22 | r0 pass 7/22 | episodes solved 7 | 
queue r0 4977 reprompt 0 | verifying 1 | 23.6 s/proposal]
first proposals:   0%|          | 24/5000 [10:02<38:56:33, 28.17s/ep, cand 23 | r0 pass 7/23 | episodes solved 7 | 
queue r0 4976 reprompt 0 | verifying 1 | 23.5 s/proposal]
first proposals:   1%|          | 26/5000 [10:21<27:24:44, 19.84s/ep, cand 25 | r0 pass 8/25 | episodes solved 8 | 
queue r0 4974 reprompt 0 | verifying 1 | 23.1 s/proposal]
first proposals:   1%|          | 27/5000 [10:40<27:12:05, 19.69s/ep, cand 26 | r0 pass 9/26 | episodes solved 9 | 
queue r0 4973 reprompt 0 | verifying 1 | 23.0 s/proposal]
first proposals:   1%|          | 28/5000 [10:59<26:52:06, 19.45s/ep, cand 27 | r0 pass 10/27 | episodes solved 10 | 
queue r0 4972 reprompt 0 | verifying 1 | 22.9 s/proposal]
first proposals:   1%|          | 29/5000 [11:18<26:35:57, 19.26s/ep, cand 28 | r0 pass 10/28 | episodes solved 10 | 
queue r0 4971 reprompt 0 | verifying 1 | 22.7 s/proposal]
first proposals:   1%|          | 30/5000 [11:37<26:29:08, 19.18s/ep, cand 29 | r0 pass 10/29 | episodes solved 10 | 
queue r0 4970 reprompt 0 | verifying 1 | 22.6 s/proposal]
first proposals:   1%|          | 31/5000 [11:56<26:25:40, 19.15s/ep, cand 30 | r0 pass 10/30 | episodes solved 10 | 
queue r0 4969 reprompt 0 | verifying 1 | 22.5 s/proposal]
first proposals:   1%|          | 32/5000 [13:17<51:00:19, 36.96s/ep, cand 31 | r0 pass 11/31 | episodes solved 11 | 
queue r0 4968 reprompt 0 | verifying 1 | 22.4 s/proposal]
first proposals:   1%|          | 33/5000 [13:36<43:41:40, 31.67s/ep, cand 32 | r0 pass 12/32 | episodes solved 12 | 
queue r0 4967 reprompt 0 | verifying 1 | 24.1 s/proposal]
first proposals:   1%|          | 34/5000 [13:55<38:32:45, 27.94s/ep, cand 33 | r0 pass 12/33 | episodes solved 12 | 
queue r0 4966 reprompt 0 | verifying 1 | 24.0 s/proposal]
first proposals:   1%|          | 35/5000 [14:14<34:55:24, 25.32s/ep, cand 34 | r0 pass 12/34 | episodes solved 12 | 
queue r0 4965 reprompt 0 | verifying 1 | 23.8 s/proposal]
first proposals:   1%|          | 36/5000 [14:52<40:12:13, 29.16s/ep, cand 35 | r0 pass 12/35 | episodes solved 12 | 
queue r0 4964 reprompt 0 | verifying 1 | 23.7 s/proposal]
first proposals:   1%|          | 38/5000 [15:11<27:45:11, 20.14s/ep, cand 37 | r0 pass 13/37 | episodes solved 13 | 
queue r0 4962 reprompt 0 | verifying 1 | 23.4 s/proposal]
first proposals:   1%|          | 39/5000 [15:30<27:26:37, 19.91s/ep, cand 38 | r0 pass 13/38 | episodes solved 13 | 
queue r0 4961 reprompt 0 | verifying 1 | 23.3 s/proposal]
first proposals:   1%|          | 40/5000 [15:49<27:10:51, 19.73s/ep, cand 39 | r0 pass 14/39 | episodes solved 14 | 
queue r0 4960 reprompt 0 | verifying 1 | 23.2 s/proposal]
first proposals:   1%|          | 41/5000 [16:09<26:58:13, 19.58s/ep, cand 40 | r0 pass 15/40 | episodes solved 15 | 
queue r0 4959 reprompt 0 | verifying 1 | 23.1 s/proposal]
first proposals:   1%|          | 42/5000 [16:28<26:42:40, 19.39s/ep, cand 41 | r0 pass 15/41 | episodes solved 15 | 
queue r0 4958 reprompt 0 | verifying 1 | 23.0 s/proposal]
first proposals:   1%|          | 43/5000 [17:45<49:27:26, 35.92s/ep, cand 42 | r0 pass 15/42 | episodes solved 15 | 
queue r0 4957 reprompt 0 | verifying 1 | 22.9 s/proposal]
first proposals:   1%|          | 44/5000 [19:00<65:14:26, 47.39s/ep, cand 43 | r0 pass 15/43 | episodes solved 15 | 
queue r0 4956 reprompt 0 | verifying 1 | 24.2 s/proposal]
first proposals:   1%|          | 45/5000 [19:19<53:48:37, 39.10s/ep, cand 44 | r0 pass 15/44 | episodes solved 15 | 
queue r0 4955 reprompt 0 | verifying 1 | 25.3 s/proposal]
first proposals:   1%|          | 46/5000 [19:39<45:43:54, 33.23s/ep, cand 45 | r0 pass 15/45 | episodes solved 15 | 
queue r0 4954 reprompt 0 | verifying 1 | 25.2 s/proposal]
first proposals:   1%|          | 47/5000 [19:58<39:52:17, 28.98s/ep, cand 46 | r0 pass 15/46 | episodes solved 15 | 
queue r0 4953 reprompt 0 | verifying 1 | 25.0 s/proposal]
first proposals:   1%|          | 48/5000 [20:17<35:49:01, 26.04s/ep, cand 47 | r0 pass 15/47 | episodes solved 15 | 
queue r0 4952 reprompt 0 | verifying 1 | 24.9 s/proposal]
first proposals:   1%|          | 49/5000 [20:36<32:57:06, 23.96s/ep, cand 48 | r0 pass 15/48 | episodes solved 15 | 
queue r0 4951 reprompt 0 | verifying 1 | 24.8 s/proposal]
first proposals:   1%|          | 50/5000 [21:13<38:26:11, 27.95s/ep, cand 49 | r0 pass 16/49 | episodes solved 16 | 
queue r0 4950 reprompt 0 | verifying 1 | 24.7 s/proposal]
first proposals:   1%|          | 52/5000 [21:32<26:49:15, 19.51s/ep, cand 51 | r0 pass 17/51 | episodes solved 17 | 
queue r0 4948 reprompt 0 | verifying 1 | 24.7 s/proposal]
first proposals:   1%|          | 53/5000 [21:51<26:41:03, 19.42s/ep, cand 52 | r0 pass 17/52 | episodes solved 17 | 
queue r0 4947 reprompt 0 | verifying 1 | 24.7 s/proposal]
first proposals:   1%|          | 54/5000 [22:10<26:28:24, 19.27s/ep, cand 53 | r0 pass 17/53 | episodes solved 17 | 
queue r0 4946 reprompt 0 | verifying 1 | 24.7 s/proposal]
first proposals:   1%|          | 55/5000 [22:29<26:15:19, 19.11s/ep, cand 54 | r0 pass 17/54 | episodes solved 17 | 
queue r0 4945 reprompt 0 | verifying 1 | 24.6 s/proposal]
first proposals:   1%|          | 56/5000 [22:48<26:16:50, 19.14s/ep, cand 55 | r0 pass 18/55 | episodes solved 18 | 
queue r0 4944 reprompt 0 | verifying 1 | 23.9 s/proposal]
first proposals:   1%|          | 57/5000 [23:40<39:08:36, 28.51s/ep, cand 56 | r0 pass 18/56 | episodes solved 18 | 
queue r0 4943 reprompt 0 | verifying 1 | 23.9 s/proposal]
first proposals:   1%|          | 58/5000 [23:59<35:19:00, 25.73s/ep, cand 57 | r0 pass 18/57 | episodes solved 18 | 
queue r0 4942 reprompt 0 | verifying 1 | 24.6 s/proposal]
first proposals:   1%|          | 59/5000 [24:18<32:41:13, 23.82s/ep, cand 58 | r0 pass 18/58 | episodes solved 18 | 
queue r0 4941 reprompt 0 | verifying 1 | 24.6 s/proposal]
first proposals:   1%|          | 60/5000 [24:37<30:46:17, 22.42s/ep, cand 59 | r0 pass 19/59 | episodes solved 19 | 
queue r0 4940 reprompt 0 | verifying 1 | 24.6 s/proposal]
first proposals:   1%|          | 61/5000 [24:56<29:24:10, 21.43s/ep, cand 60 | r0 pass 19/60 | episodes solved 19 | 
queue r0 4939 reprompt 0 | verifying 1 | 24.0 s/proposal]
first proposals:   1%|          | 62/5000 [25:16<28:27:29, 20.75s/ep, cand 61 | r0 pass 20/61 | episodes solved 20 | 
queue r0 4938 reprompt 0 | verifying 1 | 24.0 s/proposal]
first proposals:   1%|ΓûÅ         | 63/5000 [25:35<27:51:42, 20.32s/ep, cand 62 | r0 pass 20/62 | episodes solved 20 | 
queue r0 4937 reprompt 0 | verifying 1 | 24.0 s/proposal]
first proposals:   1%|ΓûÅ         | 64/5000 [25:53<27:05:20, 19.76s/ep, cand 63 | r0 pass 20/63 | episodes solved 20 | 
queue r0 4936 reprompt 0 | verifying 1 | 24.0 s/proposal]
first proposals:   1%|ΓûÅ         | 65/5000 [26:12<26:49:52, 19.57s/ep, cand 64 | r0 pass 20/64 | episodes solved 20 | 
queue r0 4935 reprompt 0 | verifying 1 | 24.0 s/proposal]
first proposals:   1%|ΓûÅ         | 66/5000 [26:31<26:34:11, 19.39s/ep, cand 65 | r0 pass 21/65 | episodes solved 21 | 
queue r0 4934 reprompt 0 | verifying 1 | 24.0 s/proposal]
first proposals:   1%|ΓûÅ         | 67/5000 [26:49<25:50:32, 18.86s/ep, cand 66 | r0 pass 22/66 | episodes solved 22 | 
queue r0 4933 reprompt 0 | verifying 1 | 24.0 s/proposal]
first proposals:   1%|ΓûÅ         | 68/5000 [27:08<25:51:42, 18.88s/ep, cand 67 | r0 pass 22/67 | episodes solved 22 | 
queue r0 4932 reprompt 0 | verifying 1 | 23.9 s/proposal]
first proposals:   1%|ΓûÅ         | 69/5000 [27:27<25:54:44, 18.92s/ep, cand 68 | r0 pass 23/68 | episodes solved 23 | 
queue r0 4931 reprompt 0 | verifying 1 | 23.9 s/proposal]
first proposals:   1%|ΓûÅ         | 70/5000 [28:24<41:33:14, 30.34s/ep, cand 69 | r0 pass 23/69 | episodes solved 23 | 
queue r0 4930 reprompt 0 | verifying 1 | 23.9 s/proposal]
first proposals:   1%|ΓûÅ         | 71/5000 [28:43<36:46:53, 26.86s/ep, cand 70 | r0 pass 23/70 | episodes solved 23 | 
queue r0 4929 reprompt 0 | verifying 1 | 24.7 s/proposal]
first proposals:   1%|ΓûÅ         | 72/5000 [29:38<48:37:38, 35.52s/ep, cand 71 | r0 pass 23/71 | episodes solved 23 | 
queue r0 4928 reprompt 0 | verifying 1 | 23.9 s/proposal]
first proposals:   1%|ΓûÅ         | 73/5000 [29:58<41:54:27, 30.62s/ep, cand 72 | r0 pass 23/72 | episodes solved 23 | 
queue r0 4927 reprompt 0 | verifying 1 | 24.6 s/proposal]
first proposals:   1%|ΓûÅ         | 74/5000 [30:17<37:09:16, 27.15s/ep, cand 73 | r0 pass 23/73 | episodes solved 23 | 
queue r0 4926 reprompt 0 | verifying 1 | 24.6 s/proposal]
first proposals:   2%|ΓûÅ         | 75/5000 [30:55<41:35:45, 30.41s/ep, cand 74 | r0 pass 23/74 | episodes solved 23 | 
queue r0 4925 reprompt 0 | verifying 1 | 24.6 s/proposal]
first proposals:   2%|ΓûÅ         | 77/5000 [31:52<40:20:14, 29.50s/ep, cand 76 | r0 pass 24/76 | episodes solved 24 | 
queue r0 4923 reprompt 0 | verifying 1 | 24.6 s/proposal]
first proposals:   2%|ΓûÅ         | 78/5000 [32:46<48:53:24, 35.76s/ep, cand 77 | r0 pass 25/77 | episodes solved 25 | 
queue r0 4922 reprompt 0 | verifying 1 | 25.4 s/proposal]
first proposals:   2%|ΓûÅ         | 79/5000 [33:05<42:52:06, 31.36s/ep, cand 78 | r0 pass 25/78 | episodes solved 25 | 
queue r0 4921 reprompt 0 | verifying 1 | 26.1 s/proposal]
first proposals:   2%|ΓûÅ         | 80/5000 [33:24<38:17:58, 28.02s/ep, cand 79 | r0 pass 25/79 | episodes solved 25 | 
queue r0 4920 reprompt 0 | verifying 1 | 26.1 s/proposal]
first proposals:   2%|ΓûÅ         | 81/5000 [34:03<42:10:38, 30.87s/ep, cand 80 | r0 pass 25/80 | episodes solved 25 | 
queue r0 4919 reprompt 0 | verifying 1 | 26.1 s/proposal]
first proposals:   2%|ΓûÅ         | 83/5000 [34:21<29:10:24, 21.36s/ep, cand 82 | r0 pass 26/82 | episodes solved 26 | 
queue r0 4917 reprompt 0 | verifying 1 | 24.9 s/proposal]
first proposals:   2%|ΓûÅ         | 84/5000 [35:17<40:15:30, 29.48s/ep, cand 83 | r0 pass 27/83 | episodes solved 27 | 
queue r0 4916 reprompt 0 | verifying 1 | 24.9 s/proposal]
first proposals:   2%|ΓûÅ         | 85/5000 [35:36<36:42:44, 26.89s/ep, cand 84 | r0 pass 27/84 | episodes solved 27 | 
queue r0 4915 reprompt 0 | verifying 1 | 25.6 s/proposal]
first proposals:   2%|ΓûÅ         | 86/5000 [35:55<33:45:47, 24.74s/ep, cand 85 | r0 pass 27/85 | episodes solved 27 | 
queue r0 4914 reprompt 0 | verifying 1 | 25.6 s/proposal]
first proposals:   2%|ΓûÅ         | 87/5000 [36:14<31:38:42, 23.19s/ep, cand 86 | r0 pass 27/86 | episodes solved 27 | 
queue r0 4913 reprompt 0 | verifying 1 | 25.6 s/proposal]
first proposals:   2%|ΓûÅ         | 88/5000 [36:33<30:05:44, 22.06s/ep, cand 87 | r0 pass 27/87 | episodes solved 27 | 
queue r0 4912 reprompt 0 | verifying 1 | 25.6 s/proposal]
first proposals:   2%|ΓûÅ         | 89/5000 [36:52<28:51:03, 21.15s/ep, cand 88 | r0 pass 28/88 | episodes solved 28 | 
queue r0 4911 reprompt 0 | verifying 1 | 25.6 s/proposal]
first proposals:   2%|ΓûÅ         | 90/5000 [37:11<28:00:36, 20.54s/ep, cand 89 | r0 pass 29/89 | episodes solved 29 | 
queue r0 4910 reprompt 0 | verifying 1 | 25.6 s/proposal]
first proposals:   2%|ΓûÅ         | 91/5000 [37:30<27:25:15, 20.11s/ep, cand 90 | r0 pass 29/90 | episodes solved 29 | 
queue r0 4909 reprompt 0 | verifying 1 | 25.6 s/proposal]
first proposals:   2%|ΓûÅ         | 92/5000 [37:49<26:51:00, 19.69s/ep, cand 91 | r0 pass 30/91 | episodes solved 30 | 
queue r0 4908 reprompt 0 | verifying 1 | 25.6 s/proposal]
first proposals:   2%|ΓûÅ         | 93/5000 [38:08<26:30:56, 19.45s/ep, cand 92 | r0 pass 30/92 | episodes solved 30 | 
queue r0 4907 reprompt 0 | verifying 1 | 25.6 s/proposal]
first proposals:   2%|ΓûÅ         | 94/5000 [38:27<26:24:06, 19.37s/ep, cand 93 | r0 pass 31/93 | episodes solved 31 | 
queue r0 4906 reprompt 0 | verifying 1 | 24.4 s/proposal]
first proposals:   2%|ΓûÅ         | 95/5000 [38:46<26:24:17, 19.38s/ep, cand 94 | r0 pass 31/94 | episodes solved 31 | 
queue r0 4905 reprompt 0 | verifying 1 | 23.3 s/proposal]
first proposals:   2%|ΓûÅ         | 96/5000 [39:06<26:22:59, 19.37s/ep, cand 95 | r0 pass 31/95 | episodes solved 31 | 
queue r0 4904 reprompt 0 | verifying 1 | 23.3 s/proposal]
first proposals:   2%|ΓûÅ         | 97/5000 [39:24<26:05:41, 19.16s/ep, cand 96 | r0 pass 31/96 | episodes solved 31 | 
queue r0 4903 reprompt 0 | verifying 1 | 23.3 s/proposal]
first proposals:   2%|ΓûÅ         | 98/5000 [39:44<26:07:07, 19.18s/ep, cand 97 | r0 pass 31/97 | episodes solved 31 | 
queue r0 4902 reprompt 0 | verifying 1 | 23.3 s/proposal]
first proposals:   2%|ΓûÅ         | 99/5000 [40:03<26:09:15, 19.21s/ep, cand 98 | r0 pass 31/98 | episodes solved 31 | 
queue r0 4901 reprompt 0 | verifying 1 | 23.3 s/proposal]
first proposals:   2%|ΓûÅ         | 100/5000 [40:21<25:51:32, 19.00s/ep, cand 99 | r0 pass 32/99 | episodes solved 32 
| queue r0 4900 reprompt 0 | verifying 1 | 23.3 s/proposal]
first proposals:   2%|ΓûÅ         | 101/5000 [40:40<25:48:36, 18.97s/ep, cand 100 | r0 pass 32/100 | episodes solved 
32 | queue r0 4899 reprompt 0 | verifying 1 | 23.3 s/proposal]
first proposals:   2%|ΓûÅ         | 102/5000 [40:59<25:47:49, 18.96s/ep, cand 101 | r0 pass 32/101 | episodes solved 
32 | queue r0 4898 reprompt 0 | verifying 1 | 23.3 s/proposal]
first proposals:   2%|ΓûÅ         | 103/5000 [41:18<25:40:35, 18.88s/ep, cand 102 | r0 pass 33/102 | episodes solved 
33 | queue r0 4897 reprompt 0 | verifying 1 | 23.3 s/proposal]
first proposals:   2%|ΓûÅ         | 104/5000 [41:37<25:43:28, 18.92s/ep, cand 103 | r0 pass 33/103 | episodes solved 
33 | queue r0 4896 reprompt 0 | verifying 1 | 23.3 s/proposal]
first proposals:   2%|ΓûÅ         | 105/5000 [41:56<25:50:12, 19.00s/ep, cand 104 | r0 pass 34/104 | episodes solved 
34 | queue r0 4895 reprompt 0 | verifying 1 | 23.3 s/proposal]
first proposals:   2%|ΓûÅ         | 106/5000 [42:52<40:59:34, 30.15s/ep, cand 105 | r0 pass 34/105 | episodes solved 
34 | queue r0 4894 reprompt 0 | verifying 1 | 23.3 s/proposal]
first proposals:   2%|ΓûÅ         | 107/5000 [43:11<36:23:11, 26.77s/ep, cand 106 | r0 pass 35/106 | episodes solved 
35 | queue r0 4893 reprompt 0 | verifying 1 | 24.0 s/proposal]
first proposals:   2%|ΓûÅ         | 108/5000 [43:30<33:21:40, 24.55s/ep, cand 107 | r0 pass 35/107 | episodes solved 
35 | queue r0 4892 reprompt 0 | verifying 1 | 23.4 s/proposal]
first proposals:   2%|ΓûÅ         | 109/5000 [43:50<31:09:20, 22.93s/ep, cand 108 | r0 pass 35/108 | episodes solved 
35 | queue r0 4891 reprompt 0 | verifying 1 | 23.4 s/proposal]
first proposals:   2%|ΓûÅ         | 110/5000 [44:09<29:35:23, 21.78s/ep, cand 109 | r0 pass 35/109 | episodes solved 
35 | queue r0 4890 reprompt 0 | verifying 1 | 23.4 s/proposal]
first proposals:   2%|ΓûÅ         | 111/5000 [45:05<43:34:38, 32.09s/ep, cand 110 | r0 pass 35/110 | episodes solved 
35 | queue r0 4889 reprompt 0 | verifying 1 | 23.4 s/proposal]
first proposals:   2%|ΓûÅ         | 112/5000 [45:24<38:22:26, 28.26s/ep, cand 111 | r0 pass 35/111 | episodes solved 
35 | queue r0 4888 reprompt 0 | verifying 1 | 24.1 s/proposal]
first proposals:   2%|ΓûÅ         | 113/5000 [46:02<42:22:54, 31.22s/ep, cand 112 | r0 pass 35/112 | episodes solved 
35 | queue r0 4887 reprompt 0 | verifying 1 | 24.1 s/proposal]
first proposals:   2%|ΓûÅ         | 115/5000 [46:22<28:50:18, 21.25s/ep, cand 114 | r0 pass 37/114 | episodes solved 
37 | queue r0 4885 reprompt 0 | verifying 1 | 24.1 s/proposal]
first proposals:   2%|ΓûÅ         | 116/5000 [47:17<40:29:43, 29.85s/ep, cand 115 | r0 pass 37/115 | episodes solved 
37 | queue r0 4884 reprompt 0 | verifying 1 | 24.1 s/proposal]
first proposals:   2%|ΓûÅ         | 117/5000 [47:37<36:42:51, 27.07s/ep, cand 116 | r0 pass 37/116 | episodes solved 
37 | queue r0 4883 reprompt 0 | verifying 1 | 24.9 s/proposal]
first proposals:   2%|ΓûÅ         | 118/5000 [47:56<33:49:06, 24.94s/ep, cand 117 | r0 pass 37/117 | episodes solved 
37 | queue r0 4882 reprompt 0 | verifying 1 | 24.9 s/proposal]
first proposals:   2%|ΓûÅ         | 119/5000 [48:15<31:38:46, 23.34s/ep, cand 118 | r0 pass 37/118 | episodes solved 
37 | queue r0 4881 reprompt 0 | verifying 1 | 24.9 s/proposal]
first proposals:   2%|ΓûÅ         | 120/5000 [48:34<30:01:21, 22.15s/ep, cand 119 | r0 pass 38/119 | episodes solved 
38 | queue r0 4880 reprompt 0 | verifying 1 | 24.9 s/proposal]
first proposals:   2%|ΓûÅ         | 121/5000 [48:53<28:45:50, 21.22s/ep, cand 120 | r0 pass 38/120 | episodes solved 
38 | queue r0 4879 reprompt 0 | verifying 1 | 24.2 s/proposal]
first proposals:   2%|ΓûÅ         | 122/5000 [49:32<35:36:08, 26.27s/ep, cand 121 | r0 pass 38/121 | episodes solved 
38 | queue r0 4878 reprompt 0 | verifying 1 | 24.2 s/proposal]
first proposals:   2%|ΓûÅ         | 124/5000 [50:21<34:38:52, 25.58s/ep, cand 123 | r0 pass 38/123 | episodes solved 
38 | queue r0 4876 reprompt 0 | verifying 1 | 23.4 s/proposal]
first proposals:   2%|ΓûÄ         | 125/5000 [50:40<32:30:13, 24.00s/ep, cand 124 | r0 pass 38/124 | episodes solved 
38 | queue r0 4875 reprompt 0 | verifying 1 | 24.0 s/proposal]
first proposals:   3%|ΓûÄ         | 126/5000 [50:59<30:45:35, 22.72s/ep, cand 125 | r0 pass 38/125 | episodes solved 
38 | queue r0 4874 reprompt 0 | verifying 1 | 24.1 s/proposal]
first proposals:   3%|ΓûÄ         | 127/5000 [51:19<29:28:38, 21.78s/ep, cand 126 | r0 pass 39/126 | episodes solved 
39 | queue r0 4873 reprompt 0 | verifying 1 | 24.1 s/proposal]
first proposals:   3%|ΓûÄ         | 128/5000 [52:10<40:31:51, 29.95s/ep, cand 127 | r0 pass 39/127 | episodes solved 
39 | queue r0 4872 reprompt 0 | verifying 1 | 23.3 s/proposal]
first proposals:   3%|ΓûÄ         | 129/5000 [52:29<36:13:48, 26.78s/ep, cand 128 | r0 pass 39/128 | episodes solved 
39 | queue r0 4871 reprompt 0 | verifying 1 | 23.2 s/proposal]
first proposals:   3%|ΓûÄ         | 130/5000 [52:48<33:16:45, 24.60s/ep, cand 129 | r0 pass 39/129 | episodes solved 
39 | queue r0 4870 reprompt 0 | verifying 1 | 23.2 s/proposal]
first proposals:   3%|ΓûÄ         | 131/5000 [53:07<31:06:46, 23.00s/ep, cand 130 | r0 pass 39/130 | episodes solved 
39 | queue r0 4869 reprompt 0 | verifying 1 | 23.2 s/proposal]
first proposals:   3%|ΓûÄ         | 132/5000 [53:45<37:07:11, 27.45s/ep, cand 131 | r0 pass 40/131 | episodes solved 
40 | queue r0 4868 reprompt 0 | verifying 1 | 23.2 s/proposal]
first proposals:   3%|ΓûÄ         | 134/5000 [54:04<26:00:01, 19.24s/ep, cand 133 | r0 pass 40/133 | episodes solved 
40 | queue r0 4866 reprompt 0 | verifying 1 | 23.2 s/proposal]
first proposals:   3%|ΓûÄ         | 135/5000 [54:23<25:53:00, 19.15s/ep, cand 134 | r0 pass 40/134 | episodes solved 
40 | queue r0 4865 reprompt 0 | verifying 1 | 22.5 s/proposal]
first proposals:   3%|ΓûÄ         | 136/5000 [54:42<25:51:33, 19.14s/ep, cand 135 | r0 pass 40/135 | episodes solved 
40 | queue r0 4864 reprompt 0 | verifying 1 | 22.5 s/proposal]
first proposals:   3%|ΓûÄ         | 137/5000 [55:01<25:44:49, 19.06s/ep, cand 136 | r0 pass 40/136 | episodes solved 
40 | queue r0 4863 reprompt 0 | verifying 1 | 22.5 s/proposal]
first proposals:   3%|ΓûÄ         | 138/5000 [55:20<25:41:45, 19.03s/ep, cand 137 | r0 pass 41/137 | episodes solved 
41 | queue r0 4862 reprompt 0 | verifying 1 | 22.5 s/proposal]
first proposals:   3%|ΓûÄ         | 139/5000 [55:39<25:37:32, 18.98s/ep, cand 138 | r0 pass 41/138 | episodes solved 
41 | queue r0 4861 reprompt 0 | verifying 1 | 22.5 s/proposal]
first proposals:   3%|ΓûÄ         | 140/5000 [55:58<25:43:33, 19.06s/ep, cand 139 | r0 pass 42/139 | episodes solved 
42 | queue r0 4860 reprompt 0 | verifying 1 | 22.5 s/proposal]
first proposals:   3%|ΓûÄ         | 141/5000 [56:36<33:20:41, 24.70s/ep, cand 140 | r0 pass 43/140 | episodes solved 
43 | queue r0 4859 reprompt 0 | verifying 1 | 22.5 s/proposal]
first proposals:   3%|ΓûÄ         | 143/5000 [56:55<23:58:34, 17.77s/ep, cand 142 | r0 pass 43/142 | episodes solved 
43 | queue r0 4857 reprompt 0 | verifying 1 | 22.5 s/proposal]
first proposals:   3%|ΓûÄ         | 144/5000 [57:15<24:27:25, 18.13s/ep, cand 143 | r0 pass 43/143 | episodes solved 
43 | queue r0 4856 reprompt 0 | verifying 1 | 22.5 s/proposal]
first proposals:   3%|ΓûÄ         | 145/5000 [57:34<24:45:47, 18.36s/ep, cand 144 | r0 pass 43/144 | episodes solved 
43 | queue r0 4855 reprompt 0 | verifying 1 | 22.5 s/proposal]
first proposals:   3%|ΓûÄ         | 146/5000 [57:53<25:01:50, 18.56s/ep, cand 145 | r0 pass 43/145 | episodes solved 
43 | queue r0 4854 reprompt 0 | verifying 1 | 22.5 s/proposal]
first proposals:   3%|ΓûÄ         | 147/5000 [58:12<25:13:35, 18.71s/ep, cand 146 | r0 pass 43/146 | episodes solved 
43 | queue r0 4853 reprompt 0 | verifying 1 | 22.5 s/proposal]
first proposals:   3%|ΓûÄ         | 148/5000 [58:31<25:25:18, 18.86s/ep, cand 147 | r0 pass 43/147 | episodes solved 
43 | queue r0 4852 reprompt 0 | verifying 1 | 22.5 s/proposal]
first proposals:   3%|ΓûÄ         | 149/5000 [58:50<25:26:39, 18.88s/ep, cand 148 | r0 pass 43/148 | episodes solved 
43 | queue r0 4851 reprompt 0 | verifying 1 | 22.5 s/proposal]
first proposals:   3%|ΓûÄ         | 150/5000 [59:09<25:33:31, 18.97s/ep, cand 149 | r0 pass 44/149 | episodes solved 
44 | queue r0 4850 reprompt 0 | verifying 1 | 22.5 s/proposal]
first proposals:   3%|ΓûÄ         | 151/5000 [59:28<25:38:36, 19.04s/ep, cand 150 | r0 pass 44/150 | episodes solved 
44 | queue r0 4849 reprompt 0 | verifying 1 | 22.5 s/proposal]
first proposals:   3%|ΓûÄ         | 152/5000 [59:47<25:40:31, 19.07s/ep, cand 151 | r0 pass 44/151 | episodes solved 
44 | queue r0 4848 reprompt 0 | verifying 1 | 22.5 s/proposal]
first proposals:   3%|ΓûÄ         | 153/5000 [1:00:06<25:30:13, 18.94s/ep, cand 152 | r0 pass 44/152 | episodes solved 
44 | queue r0 4847 reprompt 0 | verifying 1 | 22.5 s/proposal]
first proposals:   3%|ΓûÄ         | 154/5000 [1:00:25<25:40:25, 19.07s/ep, cand 153 | r0 pass 45/153 | episodes solved 
45 | queue r0 4846 reprompt 0 | verifying 1 | 22.5 s/proposal]
first proposals:   3%|ΓûÄ         | 155/5000 [1:01:07<34:42:31, 25.79s/ep, cand 154 | r0 pass 46/154 | episodes solved 
46 | queue r0 4845 reprompt 0 | verifying 1 | 22.5 s/proposal]
first proposals:   3%|ΓûÄ         | 156/5000 [1:01:26<31:53:35, 23.70s/ep, cand 155 | r0 pass 46/155 | episodes solved 
46 | queue r0 4844 reprompt 0 | verifying 1 | 23.0 s/proposal]
first proposals:   3%|ΓûÄ         | 157/5000 [1:02:04<37:48:59, 28.11s/ep, cand 156 | r0 pass 46/156 | episodes solved 
46 | queue r0 4843 reprompt 0 | verifying 1 | 22.2 s/proposal]
first proposals:   3%|ΓûÄ         | 159/5000 [1:02:23<26:09:02, 19.45s/ep, cand 158 | r0 pass 47/158 | episodes solved 
47 | queue r0 4841 reprompt 0 | verifying 1 | 22.2 s/proposal]
first proposals:   3%|ΓûÄ         | 160/5000 [1:02:42<26:04:24, 19.39s/ep, cand 159 | r0 pass 47/159 | episodes solved 
47 | queue r0 4840 reprompt 0 | verifying 1 | 22.2 s/proposal]
first proposals:   3%|ΓûÄ         | 161/5000 [1:03:01<25:54:42, 19.28s/ep, cand 160 | r0 pass 47/160 | episodes solved 
47 | queue r0 4839 reprompt 0 | verifying 1 | 22.2 s/proposal]
first proposals:   3%|ΓûÄ         | 162/5000 [1:03:57<39:13:46, 29.19s/ep, cand 161 | r0 pass 48/161 | episodes solved 
48 | queue r0 4838 reprompt 0 | verifying 1 | 21.5 s/proposal]
first proposals:   3%|ΓûÄ         | 163/5000 [1:04:16<35:28:02, 26.40s/ep, cand 162 | r0 pass 48/162 | episodes solved 
48 | queue r0 4837 reprompt 0 | verifying 1 | 22.2 s/proposal]
first proposals:   3%|ΓûÄ         | 164/5000 [1:04:35<32:32:23, 24.22s/ep, cand 163 | r0 pass 48/163 | episodes solved 
48 | queue r0 4836 reprompt 0 | verifying 1 | 22.2 s/proposal]
first proposals:   3%|ΓûÄ         | 165/5000 [1:05:13<37:50:05, 28.17s/ep, cand 164 | r0 pass 49/164 | episodes solved 
49 | queue r0 4835 reprompt 0 | verifying 1 | 22.2 s/proposal]
first proposals:   3%|ΓûÄ         | 167/5000 [1:05:32<26:31:41, 19.76s/ep, cand 166 | r0 pass 50/166 | episodes solved 
50 | queue r0 4833 reprompt 0 | verifying 1 | 21.5 s/proposal]
first proposals:   3%|ΓûÄ         | 168/5000 [1:05:51<26:16:06, 19.57s/ep, cand 167 | r0 pass 51/167 | episodes solved 
51 | queue r0 4832 reprompt 0 | verifying 1 | 21.5 s/proposal]
first proposals:   3%|ΓûÄ         | 169/5000 [1:06:10<26:04:55, 19.44s/ep, cand 168 | r0 pass 51/168 | episodes solved 
51 | queue r0 4831 reprompt 0 | verifying 1 | 21.5 s/proposal]
first proposals:   3%|ΓûÄ         | 170/5000 [1:06:48<32:53:03, 24.51s/ep, cand 169 | r0 pass 51/169 | episodes solved 
51 | queue r0 4830 reprompt 0 | verifying 1 | 21.5 s/proposal]
first proposals:   3%|ΓûÄ         | 172/5000 [1:07:07<24:10:28, 18.03s/ep, cand 171 | r0 pass 51/171 | episodes solved 
51 | queue r0 4828 reprompt 0 | verifying 1 | 21.5 s/proposal]
first proposals:   3%|ΓûÄ         | 173/5000 [1:07:26<24:24:42, 18.21s/ep, cand 172 | r0 pass 52/172 | episodes solved 
52 | queue r0 4827 reprompt 0 | verifying 1 | 21.5 s/proposal]
first proposals:   3%|ΓûÄ         | 174/5000 [1:08:59<49:47:31, 37.14s/ep, cand 173 | r0 pass 52/173 | episodes solved 
52 | queue r0 4826 reprompt 0 | verifying 1 | 21.5 s/proposal]
first proposals:   4%|ΓûÄ         | 175/5000 [1:09:18<43:20:03, 32.33s/ep, cand 174 | r0 pass 52/174 | episodes solved 
52 | queue r0 4825 reprompt 0 | verifying 1 | 22.3 s/proposal]
first proposals:   4%|ΓûÄ         | 176/5000 [1:10:17<53:13:51, 39.72s/ep, cand 175 | r0 pass 52/175 | episodes solved 
52 | queue r0 4824 reprompt 0 | verifying 1 | 22.3 s/proposal]
first proposals:   4%|ΓûÄ         | 177/5000 [1:10:33<44:11:48, 32.99s/ep, cand 176 | r0 pass 52/176 | episodes solved 
52 | queue r0 4823 reprompt 0 | verifying 1 | 23.1 s/proposal]
first proposals:   4%|ΓûÄ         | 178/5000 [1:10:52<38:49:40, 28.99s/ep, cand 177 | r0 pass 52/177 | episodes solved 
52 | queue r0 4822 reprompt 0 | verifying 1 | 23.1 s/proposal]
first proposals:   4%|ΓûÄ         | 179/5000 [1:11:11<34:51:29, 26.03s/ep, cand 178 | r0 pass 53/178 | episodes solved 
53 | queue r0 4821 reprompt 0 | verifying 1 | 22.4 s/proposal]
first proposals:   4%|ΓûÄ         | 180/5000 [1:12:06<46:02:46, 34.39s/ep, cand 179 | r0 pass 53/179 | episodes solved 
53 | queue r0 4820 reprompt 0 | verifying 1 | 22.4 s/proposal]
first proposals:   4%|ΓûÄ         | 181/5000 [1:12:24<39:53:37, 29.80s/ep, cand 180 | r0 pass 53/180 | episodes solved 
53 | queue r0 4819 reprompt 0 | verifying 1 | 23.1 s/proposal]
first proposals:   4%|ΓûÄ         | 182/5000 [1:13:18<49:06:58, 36.70s/ep, cand 181 | r0 pass 53/181 | episodes solved 
53 | queue r0 4818 reprompt 0 | verifying 1 | 23.1 s/proposal]
first proposals:   4%|ΓûÄ         | 183/5000 [1:13:37<42:11:49, 31.54s/ep, cand 182 | r0 pass 53/182 | episodes solved 
53 | queue r0 4817 reprompt 0 | verifying 1 | 23.8 s/proposal]
first proposals:   4%|ΓûÄ         | 184/5000 [1:13:56<37:19:57, 27.91s/ep, cand 183 | r0 pass 53/183 | episodes solved 
53 | queue r0 4816 reprompt 0 | verifying 1 | 23.8 s/proposal]
first proposals:   4%|ΓûÄ         | 185/5000 [1:14:15<33:41:33, 25.19s/ep, cand 184 | r0 pass 53/184 | episodes solved 
53 | queue r0 4815 reprompt 0 | verifying 1 | 23.8 s/proposal]
first proposals:   4%|ΓûÄ         | 186/5000 [1:14:34<31:14:20, 23.36s/ep, cand 185 | r0 pass 53/185 | episodes solved 
53 | queue r0 4814 reprompt 0 | verifying 1 | 23.8 s/proposal]
first proposals:   4%|ΓûÄ         | 187/5000 [1:14:53<29:30:38, 22.07s/ep, cand 186 | r0 pass 53/186 | episodes solved 
53 | queue r0 4813 reprompt 0 | verifying 1 | 23.8 s/proposal]
first proposals:   4%|Γûì         | 188/5000 [1:15:12<28:22:06, 21.22s/ep, cand 187 | r0 pass 54/187 | episodes solved 
54 | queue r0 4812 reprompt 0 | verifying 1 | 23.8 s/proposal]
first proposals:   4%|Γûì         | 189/5000 [1:15:32<27:35:19, 20.64s/ep, cand 188 | r0 pass 55/188 | episodes solved 
55 | queue r0 4811 reprompt 0 | verifying 1 | 23.8 s/proposal]
first proposals:   4%|Γûì         | 190/5000 [1:15:51<26:54:51, 20.14s/ep, cand 189 | r0 pass 55/189 | episodes solved 
55 | queue r0 4810 reprompt 0 | verifying 1 | 23.8 s/proposal]
first proposals:   4%|Γûì         | 191/5000 [1:16:29<34:05:22, 25.52s/ep, cand 190 | r0 pass 55/190 | episodes solved 
55 | queue r0 4809 reprompt 0 | verifying 1 | 23.8 s/proposal]
first proposals:   4%|Γûì         | 193/5000 [1:16:48<24:19:43, 18.22s/ep, cand 192 | r0 pass 55/192 | episodes solved 
55 | queue r0 4807 reprompt 0 | verifying 1 | 23.8 s/proposal]
first proposals:   4%|Γûì         | 194/5000 [1:17:07<24:39:35, 18.47s/ep, cand 193 | r0 pass 55/193 | episodes solved 
55 | queue r0 4806 reprompt 0 | verifying 1 | 23.8 s/proposal]
first proposals:   4%|Γûì         | 195/5000 [1:17:26<24:39:16, 18.47s/ep, cand 194 | r0 pass 55/194 | episodes solved 
55 | queue r0 4805 reprompt 0 | verifying 1 | 23.8 s/proposal]
first proposals:   4%|Γûì         | 196/5000 [1:18:44<46:11:45, 34.62s/ep, cand 195 | r0 pass 56/195 | episodes solved 
56 | queue r0 4804 reprompt 0 | verifying 1 | 23.8 s/proposal]
first proposals:   4%|Γûì         | 197/5000 [1:19:03<40:28:19, 30.34s/ep, cand 196 | r0 pass 57/196 | episodes solved 
57 | queue r0 4803 reprompt 0 | verifying 1 | 25.0 s/proposal]
first proposals:   4%|Γûì         | 198/5000 [1:19:22<36:08:30, 27.10s/ep, cand 197 | r0 pass 57/197 | episodes solved 
57 | queue r0 4802 reprompt 0 | verifying 1 | 25.0 s/proposal]
first proposals:   4%|Γûì         | 199/5000 [1:19:41<33:01:00, 24.76s/ep, cand 198 | r0 pass 57/198 | episodes solved 
57 | queue r0 4801 reprompt 0 | verifying 1 | 25.0 s/proposal]
first proposals:   4%|Γûì         | 200/5000 [1:20:00<30:37:44, 22.97s/ep, cand 199 | r0 pass 58/199 | episodes solved 
58 | queue r0 4800 reprompt 0 | verifying 1 | 25.0 s/proposal]
first proposals:   4%|Γûì         | 201/5000 [1:20:19<29:13:18, 21.92s/ep, cand 200 | r0 pass 58/200 | episodes solved 
58 | queue r0 4799 reprompt 0 | verifying 1 | 25.0 s/proposal]
first proposals:   4%|Γûì         | 202/5000 [1:20:38<28:03:22, 21.05s/ep, cand 201 | r0 pass 58/201 | episodes solved 
58 | queue r0 4798 reprompt 0 | verifying 1 | 25.0 s/proposal]
first proposals:   4%|Γûì         | 203/5000 [1:20:57<27:19:42, 20.51s/ep, cand 202 | r0 pass 58/202 | episodes solved 
58 | queue r0 4797 reprompt 0 | verifying 1 | 25.0 s/proposal]
first proposals:   4%|Γûì         | 204/5000 [1:21:16<26:38:16, 20.00s/ep, cand 203 | r0 pass 58/203 | episodes solved 
58 | queue r0 4796 reprompt 0 | verifying 1 | 25.0 s/proposal]
first proposals:   4%|Γûì         | 205/5000 [1:21:35<26:15:02, 19.71s/ep, cand 204 | r0 pass 59/204 | episodes solved 
59 | queue r0 4795 reprompt 0 | verifying 1 | 25.0 s/proposal]
first proposals:   4%|Γûì         | 206/5000 [1:21:54<25:59:06, 19.51s/ep, cand 205 | r0 pass 60/205 | episodes solved 
60 | queue r0 4794 reprompt 0 | verifying 1 | 24.5 s/proposal]
first proposals:   4%|Γûì         | 207/5000 [1:22:13<25:44:12, 19.33s/ep, cand 206 | r0 pass 61/206 | episodes solved 
61 | queue r0 4793 reprompt 0 | verifying 1 | 24.5 s/proposal]
first proposals:   4%|Γûì         | 208/5000 [1:22:32<25:31:47, 19.18s/ep, cand 207 | r0 pass 62/207 | episodes solved 
62 | queue r0 4792 reprompt 0 | verifying 1 | 24.5 s/proposal]
first proposals:   4%|Γûì         | 209/5000 [1:22:51<25:26:12, 19.11s/ep, cand 208 | r0 pass 62/208 | episodes solved 
62 | queue r0 4791 reprompt 0 | verifying 1 | 24.5 s/proposal]
first proposals:   4%|Γûì         | 210/5000 [1:23:50<41:10:56, 30.95s/ep, cand 209 | r0 pass 63/209 | episodes solved 
63 | queue r0 4790 reprompt 0 | verifying 1 | 24.5 s/proposal]
first proposals:   4%|Γûì         | 211/5000 [1:24:08<36:19:25, 27.31s/ep, cand 210 | r0 pass 64/210 | episodes solved 
64 | queue r0 4789 reprompt 0 | verifying 1 | 25.3 s/proposal]
first proposals:   4%|Γûì         | 212/5000 [1:24:27<32:56:05, 24.76s/ep, cand 211 | r0 pass 64/211 | episodes solved 
64 | queue r0 4788 reprompt 0 | verifying 1 | 25.3 s/proposal]
first proposals:   4%|Γûì         | 213/5000 [1:24:46<30:43:06, 23.10s/ep, cand 212 | r0 pass 64/212 | episodes solved 
64 | queue r0 4787 reprompt 0 | verifying 1 | 24.6 s/proposal]
first proposals:   4%|Γûì         | 214/5000 [1:25:05<29:04:01, 21.86s/ep, cand 213 | r0 pass 64/213 | episodes solved 
64 | queue r0 4786 reprompt 0 | verifying 1 | 24.6 s/proposal]
first proposals:   4%|Γûì         | 215/5000 [1:25:25<28:00:35, 21.07s/ep, cand 214 | r0 pass 64/214 | episodes solved 
64 | queue r0 4785 reprompt 0 | verifying 1 | 24.6 s/proposal]
first proposals:   4%|Γûì         | 216/5000 [1:25:44<27:15:41, 20.51s/ep, cand 215 | r0 pass 64/215 | episodes solved 
64 | queue r0 4784 reprompt 0 | verifying 1 | 24.6 s/proposal]
first proposals:   4%|Γûì         | 217/5000 [1:26:03<26:40:47, 20.08s/ep, cand 216 | r0 pass 65/216 | episodes solved 
65 | queue r0 4783 reprompt 0 | verifying 1 | 24.6 s/proposal]
first proposals:   4%|Γûì         | 218/5000 [1:26:22<26:16:53, 19.79s/ep, cand 217 | r0 pass 66/217 | episodes solved 
66 | queue r0 4782 reprompt 0 | verifying 1 | 24.6 s/proposal]
first proposals:   4%|Γûì         | 219/5000 [1:26:41<26:00:04, 19.58s/ep, cand 218 | r0 pass 67/218 | episodes solved 
67 | queue r0 4781 reprompt 0 | verifying 1 | 24.6 s/proposal]
first proposals:   4%|Γûì         | 220/5000 [1:27:00<25:51:00, 19.47s/ep, cand 219 | r0 pass 67/219 | episodes solved 
67 | queue r0 4780 reprompt 0 | verifying 1 | 24.6 s/proposal]
first proposals:   4%|Γûì         | 221/5000 [1:27:39<33:20:13, 25.11s/ep, cand 220 | r0 pass 67/220 | episodes solved 
67 | queue r0 4779 reprompt 0 | verifying 1 | 24.6 s/proposal]
first proposals:   4%|Γûì         | 223/5000 [1:27:57<23:41:35, 17.86s/ep, cand 222 | r0 pass 67/222 | episodes solved 
67 | queue r0 4777 reprompt 0 | verifying 1 | 24.6 s/proposal]
first proposals:   4%|Γûì         | 224/5000 [1:28:16<23:59:55, 18.09s/ep, cand 223 | r0 pass 67/223 | episodes solved 
67 | queue r0 4776 reprompt 0 | verifying 1 | 24.6 s/proposal]
first proposals:   4%|Γûì         | 225/5000 [1:29:45<48:26:07, 36.52s/ep, cand 224 | r0 pass 67/224 | episodes solved 
67 | queue r0 4775 reprompt 0 | verifying 1 | 23.1 s/proposal]
first proposals:   5%|Γûì         | 226/5000 [1:30:03<41:55:04, 31.61s/ep, cand 225 | r0 pass 68/225 | episodes solved 
68 | queue r0 4774 reprompt 0 | verifying 1 | 24.5 s/proposal]
first proposals:   5%|Γûì         | 227/5000 [1:30:23<37:26:00, 28.23s/ep, cand 226 | r0 pass 68/226 | episodes solved 
68 | queue r0 4773 reprompt 0 | verifying 1 | 23.7 s/proposal]
first proposals:   5%|Γûì         | 228/5000 [1:30:42<33:59:09, 25.64s/ep, cand 227 | r0 pass 68/227 | episodes solved 
68 | queue r0 4772 reprompt 0 | verifying 1 | 23.8 s/proposal]
first proposals:   5%|Γûì         | 229/5000 [1:31:00<31:06:31, 23.47s/ep, cand 228 | r0 pass 68/228 | episodes solved 
68 | queue r0 4771 reprompt 0 | verifying 1 | 23.8 s/proposal]
first proposals:   5%|Γûì         | 230/5000 [1:31:19<29:25:56, 22.21s/ep, cand 229 | r0 pass 69/229 | episodes solved 
69 | queue r0 4770 reprompt 0 | verifying 1 | 23.7 s/proposal]
first proposals:   5%|Γûì         | 231/5000 [1:31:38<28:13:25, 21.31s/ep, cand 230 | r0 pass 69/230 | episodes solved 
69 | queue r0 4769 reprompt 0 | verifying 1 | 23.0 s/proposal]
first proposals:   5%|Γûì         | 232/5000 [1:32:16<34:46:22, 26.25s/ep, cand 231 | r0 pass 70/231 | episodes solved 
70 | queue r0 4768 reprompt 0 | verifying 1 | 23.0 s/proposal]
first proposals:   5%|Γûì         | 234/5000 [1:32:36<24:43:07, 18.67s/ep, cand 233 | r0 pass 71/233 | episodes solved 
71 | queue r0 4766 reprompt 0 | verifying 1 | 22.4 s/proposal]
first proposals:   5%|Γûì         | 235/5000 [1:32:55<24:47:33, 18.73s/ep, cand 234 | r0 pass 71/234 | episodes solved 
71 | queue r0 4765 reprompt 0 | verifying 1 | 22.4 s/proposal]
first proposals:   5%|Γûì         | 236/5000 [1:33:14<24:57:01, 18.85s/ep, cand 235 | r0 pass 71/235 | episodes solved 
71 | queue r0 4764 reprompt 0 | verifying 1 | 22.4 s/proposal]
first proposals:   5%|Γûì         | 237/5000 [1:33:33<25:00:32, 18.90s/ep, cand 236 | r0 pass 72/236 | episodes solved 
72 | queue r0 4763 reprompt 0 | verifying 1 | 22.4 s/proposal]
first proposals:   5%|Γûì         | 238/5000 [1:33:52<24:59:18, 18.89s/ep, cand 237 | r0 pass 72/237 | episodes solved 
72 | queue r0 4762 reprompt 0 | verifying 1 | 22.4 s/proposal]
first proposals:   5%|Γûì         | 239/5000 [1:34:11<25:05:12, 18.97s/ep, cand 238 | r0 pass 73/238 | episodes solved 
73 | queue r0 4761 reprompt 0 | verifying 1 | 22.3 s/proposal]
first proposals:   5%|Γûì         | 240/5000 [1:34:30<25:11:48, 19.06s/ep, cand 239 | r0 pass 73/239 | episodes solved 
73 | queue r0 4760 reprompt 0 | verifying 1 | 22.3 s/proposal]
first proposals:   5%|Γûì         | 241/5000 [1:35:22<37:58:55, 28.73s/ep, cand 240 | r0 pass 73/240 | episodes solved 
73 | queue r0 4759 reprompt 0 | verifying 1 | 22.4 s/proposal]
first proposals:   5%|Γûì         | 242/5000 [1:35:41<34:15:26, 25.92s/ep, cand 241 | r0 pass 74/241 | episodes solved 
74 | queue r0 4758 reprompt 0 | verifying 1 | 23.0 s/proposal]
first proposals:   5%|Γûì         | 243/5000 [1:36:20<39:00:51, 29.53s/ep, cand 242 | r0 pass 74/242 | episodes solved 
74 | queue r0 4757 reprompt 0 | verifying 1 | 23.0 s/proposal]
first proposals:   5%|Γûì         | 245/5000 [1:36:58<32:43:53, 24.78s/ep, cand 244 | r0 pass 75/244 | episodes solved 
75 | queue r0 4755 reprompt 0 | verifying 1 | 23.0 s/proposal]
first proposals:   5%|Γûì         | 246/5000 [1:37:17<30:53:48, 23.40s/ep, cand 245 | r0 pass 75/245 | episodes solved 
75 | queue r0 4753 reprompt 0 | verifying 2 | 21.8 s/proposal]
first proposals:   5%|Γûì         | 248/5000 [1:37:36<23:19:06, 17.67s/ep, cand 247 | r0 pass 76/247 | episodes solved 
76 | queue r0 4752 reprompt 0 | verifying 1 | 21.8 s/proposal]
first proposals:   5%|Γûì         | 249/5000 [1:37:55<23:45:23, 18.00s/ep, cand 248 | r0 pass 77/248 | episodes solved 
77 | queue r0 4751 reprompt 0 | verifying 1 | 21.8 s/proposal]
first proposals:   5%|Γûî         | 250/5000 [1:38:15<24:11:22, 18.33s/ep, cand 249 | r0 pass 77/249 | episodes solved 
77 | queue r0 4750 reprompt 0 | verifying 1 | 21.8 s/proposal]
first proposals:   5%|Γûî         | 251/5000 [1:38:34<24:22:24, 18.48s/ep, cand 250 | r0 pass 77/250 | episodes solved 
77 | queue r0 4749 reprompt 0 | verifying 1 | 21.9 s/proposal]
first proposals:   5%|Γûî         | 252/5000 [1:38:53<24:38:02, 18.68s/ep, cand 251 | r0 pass 77/251 | episodes solved 
77 | queue r0 4748 reprompt 0 | verifying 1 | 21.9 s/proposal]
first proposals:   5%|Γûî         | 253/5000 [1:39:12<24:47:48, 18.81s/ep, cand 252 | r0 pass 77/252 | episodes solved 
77 | queue r0 4747 reprompt 0 | verifying 1 | 21.9 s/proposal]
first proposals:   5%|Γûî         | 254/5000 [1:40:44<52:27:56, 39.80s/ep, cand 253 | r0 pass 77/253 | episodes solved 
77 | queue r0 4746 reprompt 0 | verifying 1 | 21.9 s/proposal]
first proposals:   5%|Γûî         | 255/5000 [1:41:04<44:35:45, 33.83s/ep, cand 254 | r0 pass 77/254 | episodes solved 
77 | queue r0 4745 reprompt 0 | verifying 1 | 23.3 s/proposal]
first proposals:   5%|Γûî         | 256/5000 [1:41:23<38:58:30, 29.58s/ep, cand 255 | r0 pass 77/255 | episodes solved 
77 | queue r0 4744 reprompt 0 | verifying 1 | 23.3 s/proposal]
first proposals:   5%|Γûî         | 257/5000 [1:41:42<34:52:46, 26.47s/ep, cand 256 | r0 pass 78/256 | episodes solved 
78 | queue r0 4743 reprompt 0 | verifying 1 | 23.3 s/proposal]
first proposals:   5%|Γûî         | 258/5000 [1:42:01<31:59:35, 24.29s/ep, cand 257 | r0 pass 79/257 | episodes solved 
79 | queue r0 4742 reprompt 0 | verifying 1 | 23.3 s/proposal]
first proposals:   5%|Γûî         | 259/5000 [1:42:20<30:02:50, 22.82s/ep, cand 258 | r0 pass 80/258 | episodes solved 
80 | queue r0 4741 reprompt 0 | verifying 1 | 23.3 s/proposal]
first proposals:   5%|Γûî         | 260/5000 [1:42:40<28:39:41, 21.77s/ep, cand 259 | r0 pass 80/259 | episodes solved 
80 | queue r0 4740 reprompt 0 | verifying 1 | 23.3 s/proposal]
first proposals:   5%|Γûî         | 261/5000 [1:43:39<43:25:54, 32.99s/ep, cand 260 | r0 pass 80/260 | episodes solved 
80 | queue r0 4739 reprompt 0 | verifying 1 | 22.6 s/proposal]
first proposals:   5%|Γûî         | 262/5000 [1:43:58<37:58:04, 28.85s/ep, cand 261 | r0 pass 80/261 | episodes solved 
80 | queue r0 4738 reprompt 0 | verifying 1 | 23.4 s/proposal]
first proposals:   5%|Γûî         | 263/5000 [1:44:17<34:12:27, 26.00s/ep, cand 262 | r0 pass 80/262 | episodes solved 
80 | queue r0 4737 reprompt 0 | verifying 1 | 23.4 s/proposal]
first proposals:   5%|Γûî         | 264/5000 [1:44:55<38:57:08, 29.61s/ep, cand 263 | r0 pass 81/263 | episodes solved 
81 | queue r0 4736 reprompt 0 | verifying 1 | 23.4 s/proposal]
first proposals:   5%|Γûî         | 266/5000 [1:45:34<32:34:52, 24.78s/ep, cand 265 | r0 pass 82/265 | episodes solved 
82 | queue r0 4734 reprompt 0 | verifying 1 | 23.4 s/proposal]
first proposals:   5%|Γûî         | 268/5000 [1:46:12<29:39:56, 22.57s/ep, cand 267 | r0 pass 82/267 | episodes solved 
82 | queue r0 4732 reprompt 0 | verifying 1 | 23.4 s/proposal]
first proposals:   5%|Γûî         | 270/5000 [1:46:31<23:26:55, 17.85s/ep, cand 269 | r0 pass 82/269 | episodes solved 
82 | queue r0 4730 reprompt 0 | verifying 1 | 23.4 s/proposal]
first proposals:   5%|Γûî         | 271/5000 [1:47:09<28:51:07, 21.96s/ep, cand 270 | r0 pass 82/270 | episodes solved 
82 | queue r0 4729 reprompt 0 | verifying 1 | 23.4 s/proposal]
first proposals:   5%|Γûî         | 273/5000 [1:47:28<22:47:13, 17.35s/ep, cand 272 | r0 pass 82/272 | episodes solved 
82 | queue r0 4727 reprompt 0 | verifying 1 | 23.4 s/proposal]
first proposals:   5%|Γûî         | 274/5000 [1:49:07<45:04:57, 34.34s/ep, cand 273 | r0 pass 83/273 | episodes solved 
83 | queue r0 4726 reprompt 0 | verifying 1 | 23.4 s/proposal]
first proposals:   6%|Γûî         | 276/5000 [1:49:26<32:57:12, 25.11s/ep, cand 275 | r0 pass 84/275 | episodes solved 
84 | queue r0 4724 reprompt 0 | verifying 1 | 23.2 s/proposal]
first proposals:   6%|Γûî         | 277/5000 [1:50:04<36:34:16, 27.88s/ep, cand 276 | r0 pass 84/276 | episodes solved 
84 | queue r0 4723 reprompt 0 | verifying 1 | 23.2 s/proposal]
first proposals:   6%|Γûî         | 279/5000 [1:50:43<32:14:37, 24.59s/ep, cand 278 | r0 pass 85/278 | episodes solved 
85 | queue r0 4721 reprompt 0 | verifying 1 | 23.2 s/proposal]
first proposals:   6%|Γûî         | 281/5000 [1:51:02<25:24:50, 19.39s/ep, cand 280 | r0 pass 86/280 | episodes solved 
86 | queue r0 4719 reprompt 0 | verifying 1 | 23.2 s/proposal]
first proposals:   6%|Γûî         | 282/5000 [1:51:21<25:23:26, 19.37s/ep, cand 281 | r0 pass 87/281 | episodes solved 
87 | queue r0 4718 reprompt 0 | verifying 1 | 23.2 s/proposal]
first proposals:   6%|Γûî         | 283/5000 [1:51:40<25:16:12, 19.29s/ep, cand 282 | r0 pass 87/282 | episodes solved 
87 | queue r0 4717 reprompt 0 | verifying 1 | 23.2 s/proposal]
first proposals:   6%|Γûî         | 284/5000 [1:52:00<25:15:40, 19.28s/ep, cand 283 | r0 pass 87/283 | episodes solved 
87 | queue r0 4716 reprompt 0 | verifying 1 | 23.2 s/proposal]
first proposals:   6%|Γûî         | 285/5000 [1:52:19<25:13:12, 19.26s/ep, cand 284 | r0 pass 88/284 | episodes solved 
88 | queue r0 4715 reprompt 0 | verifying 1 | 23.2 s/proposal]
first proposals:   6%|Γûî         | 286/5000 [1:52:38<25:08:51, 19.20s/ep, cand 285 | r0 pass 88/285 | episodes solved 
88 | queue r0 4714 reprompt 0 | verifying 1 | 23.2 s/proposal]
first proposals:   6%|Γûî         | 287/5000 [1:52:57<25:03:09, 19.14s/ep, cand 286 | r0 pass 89/286 | episodes solved 
89 | queue r0 4713 reprompt 0 | verifying 1 | 23.2 s/proposal]
first proposals:   6%|Γûî         | 288/5000 [1:53:16<24:58:36, 19.08s/ep, cand 287 | r0 pass 90/287 | episodes solved 
90 | queue r0 4712 reprompt 0 | verifying 1 | 23.2 s/proposal]
first proposals:   6%|Γûî         | 289/5000 [1:53:35<24:55:33, 19.05s/ep, cand 288 | r0 pass 91/288 | episodes solved 
91 | queue r0 4711 reprompt 0 | verifying 1 | 23.2 s/proposal]
first proposals:   6%|Γûî         | 290/5000 [1:54:12<32:04:57, 24.52s/ep, cand 289 | r0 pass 91/289 | episodes solved 
91 | queue r0 4710 reprompt 0 | verifying 1 | 23.2 s/proposal]
first proposals:   6%|Γûî         | 292/5000 [1:54:32<23:10:07, 17.72s/ep, cand 291 | r0 pass 91/291 | episodes solved 
91 | queue r0 4708 reprompt 0 | verifying 1 | 22.6 s/proposal]
first proposals:   6%|Γûî         | 293/5000 [1:55:10<29:39:04, 22.68s/ep, cand 292 | r0 pass 92/292 | episodes solved 
92 | queue r0 4707 reprompt 0 | verifying 1 | 22.6 s/proposal]
first proposals:   6%|Γûî         | 295/5000 [1:55:29<22:38:20, 17.32s/ep, cand 294 | r0 pass 93/294 | episodes solved 
93 | queue r0 4705 reprompt 0 | verifying 1 | 22.6 s/proposal]
first proposals:   6%|Γûî         | 296/5000 [1:55:48<23:13:15, 17.77s/ep, cand 295 | r0 pass 93/295 | episodes solved 
93 | queue r0 4704 reprompt 0 | verifying 1 | 22.6 s/proposal]
first proposals:   6%|Γûî         | 297/5000 [1:56:07<23:39:33, 18.11s/ep, cand 296 | r0 pass 93/296 | episodes solved 
93 | queue r0 4703 reprompt 0 | verifying 1 | 22.6 s/proposal]
first proposals:   6%|Γûî         | 298/5000 [1:56:59<35:10:20, 26.93s/ep, cand 297 | r0 pass 93/297 | episodes solved 
93 | queue r0 4702 reprompt 0 | verifying 1 | 22.6 s/proposal]
first proposals:   6%|Γûî         | 299/5000 [1:57:18<32:10:00, 24.63s/ep, cand 298 | r0 pass 94/298 | episodes solved 
94 | queue r0 4701 reprompt 0 | verifying 1 | 23.2 s/proposal]
first proposals:   6%|Γûî         | 300/5000 [1:57:37<30:07:07, 23.07s/ep, cand 299 | r0 pass 94/299 | episodes solved 
94 | queue r0 4700 reprompt 0 | verifying 1 | 23.2 s/proposal]
first proposals:   6%|Γûî         | 301/5000 [1:57:56<28:40:51, 21.97s/ep, cand 300 | r0 pass 94/300 | episodes solved 
94 | queue r0 4699 reprompt 0 | verifying 1 | 23.2 s/proposal]
first proposals:   6%|Γûî         | 302/5000 [1:58:47<39:41:18, 30.41s/ep, cand 301 | r0 pass 94/301 | episodes solved 
94 | queue r0 4698 reprompt 0 | verifying 1 | 23.2 s/proposal]
first proposals:   6%|Γûî         | 303/5000 [1:59:06<35:23:19, 27.12s/ep, cand 302 | r0 pass 94/302 | episodes solved 
94 | queue r0 4697 reprompt 0 | verifying 1 | 23.9 s/proposal]
first proposals:   6%|Γûî         | 304/5000 [1:59:25<32:13:20, 24.70s/ep, cand 303 | r0 pass 94/303 | episodes solved 
94 | queue r0 4696 reprompt 0 | verifying 1 | 23.9 s/proposal]
first proposals:   6%|Γûî         | 305/5000 [1:59:44<30:02:33, 23.04s/ep, cand 304 | r0 pass 94/304 | episodes solved 
94 | queue r0 4695 reprompt 0 | verifying 1 | 22.4 s/proposal]
first proposals:   6%|Γûî         | 306/5000 [2:00:03<28:29:35, 21.85s/ep, cand 305 | r0 pass 94/305 | episodes solved 
94 | queue r0 4694 reprompt 0 | verifying 1 | 22.4 s/proposal]
first proposals:   6%|Γûî         | 307/5000 [2:00:56<40:24:47, 31.00s/ep, cand 306 | r0 pass 94/306 | episodes solved 
94 | queue r0 4693 reprompt 0 | verifying 1 | 22.4 s/proposal]
first proposals:   6%|Γûî         | 308/5000 [2:01:15<35:43:54, 27.42s/ep, cand 307 | r0 pass 94/307 | episodes solved 
94 | queue r0 4692 reprompt 0 | verifying 1 | 23.0 s/proposal]
first proposals:   6%|Γûî         | 309/5000 [2:01:54<40:05:39, 30.77s/ep, cand 308 | r0 pass 94/308 | episodes solved 
94 | queue r0 4691 reprompt 0 | verifying 1 | 23.0 s/proposal]
first proposals:   6%|Γûî         | 311/5000 [2:02:13<27:19:20, 20.98s/ep, cand 310 | r0 pass 94/310 | episodes solved 
94 | queue r0 4689 reprompt 0 | verifying 1 | 23.0 s/proposal]
first proposals:   6%|Γûî         | 312/5000 [2:02:32<26:41:18, 20.49s/ep, cand 311 | r0 pass 94/311 | episodes solved 
94 | queue r0 4688 reprompt 0 | verifying 1 | 22.2 s/proposal]
first proposals:   6%|Γûï         | 313/5000 [2:02:51<26:15:08, 20.16s/ep, cand 312 | r0 pass 94/312 | episodes solved 
94 | queue r0 4687 reprompt 0 | verifying 1 | 22.2 s/proposal]
first proposals:   6%|Γûï         | 314/5000 [2:03:10<25:51:34, 19.87s/ep, cand 313 | r0 pass 94/313 | episodes solved 
94 | queue r0 4686 reprompt 0 | verifying 1 | 22.2 s/proposal]
first proposals:   6%|Γûï         | 315/5000 [2:03:29<25:31:08, 19.61s/ep, cand 314 | r0 pass 95/314 | episodes solved 
95 | queue r0 4685 reprompt 0 | verifying 1 | 22.2 s/proposal]
first proposals:   6%|Γûï         | 316/5000 [2:04:07<32:22:10, 24.88s/ep, cand 315 | r0 pass 95/315 | episodes solved 
95 | queue r0 4684 reprompt 0 | verifying 1 | 22.2 s/proposal]
first proposals:   6%|Γûï         | 318/5000 [2:04:26<23:18:02, 17.92s/ep, cand 317 | r0 pass 96/317 | episodes solved 
96 | queue r0 4682 reprompt 0 | verifying 1 | 22.2 s/proposal]
first proposals:   6%|Γûï         | 319/5000 [2:04:45<23:43:25, 18.25s/ep, cand 318 | r0 pass 96/318 | episodes solved 
96 | queue r0 4681 reprompt 0 | verifying 1 | 22.2 s/proposal]
first proposals:   6%|Γûï         | 320/5000 [2:05:04<23:55:09, 18.40s/ep, cand 319 | r0 pass 96/319 | episodes solved 
96 | queue r0 4680 reprompt 0 | verifying 1 | 22.2 s/proposal]
first proposals:   6%|Γûï         | 321/5000 [2:05:42<30:44:28, 23.65s/ep, cand 320 | r0 pass 96/320 | episodes solved 
96 | queue r0 4679 reprompt 0 | verifying 1 | 22.2 s/proposal]
first proposals:   6%|Γûï         | 322/5000 [2:06:01<29:03:43, 22.37s/ep, cand 321 | r0 pass 97/321 | episodes solved 
97 | queue r0 4677 reprompt 0 | verifying 2 | 22.2 s/proposal]
first proposals:   6%|Γûï         | 324/5000 [2:06:20<21:39:37, 16.68s/ep, cand 323 | r0 pass 98/323 | episodes solved 
98 | queue r0 4676 reprompt 0 | verifying 1 | 22.2 s/proposal]
first proposals:   6%|Γûï         | 325/5000 [2:06:38<22:10:27, 17.08s/ep, cand 324 | r0 pass 98/324 | episodes solved 
98 | queue r0 4675 reprompt 0 | verifying 1 | 22.2 s/proposal]
first proposals:   7%|Γûï         | 326/5000 [2:06:57<22:50:24, 17.59s/ep, cand 325 | r0 pass 98/325 | episodes solved 
98 | queue r0 4674 reprompt 0 | verifying 1 | 21.0 s/proposal]
first proposals:   7%|Γûï         | 327/5000 [2:07:16<23:19:30, 17.97s/ep, cand 326 | r0 pass 98/326 | episodes solved 
98 | queue r0 4673 reprompt 0 | verifying 1 | 21.0 s/proposal]
first proposals:   7%|Γûï         | 328/5000 [2:07:36<23:50:05, 18.37s/ep, cand 327 | r0 pass 99/327 | episodes solved 
99 | queue r0 4672 reprompt 0 | verifying 1 | 21.0 s/proposal]
first proposals:   7%|Γûï         | 329/5000 [2:07:55<24:05:31, 18.57s/ep, cand 328 | r0 pass 100/328 | episodes 
solved 100 | queue r0 4671 reprompt 0 | verifying 1 | 21.0 s/proposal]
first proposals:   7%|Γûï         | 330/5000 [2:08:14<24:17:05, 18.72s/ep, cand 329 | r0 pass 100/329 | episodes 
solved 100 | queue r0 4670 reprompt 0 | verifying 1 | 21.0 s/proposal]
first proposals:   7%|Γûï         | 331/5000 [2:11:27<90:10:35, 69.53s/ep, cand 330 | r0 pass 101/330 | episodes 
solved 101 | queue r0 4669 reprompt 0 | verifying 1 | 21.0 s/proposal]
first proposals:   7%|Γûï         | 334/5000 [2:12:05<49:09:15, 37.92s/ep, cand 333 | r0 pass 101/332 | episodes 
solved 101 | queue r0 4667 reprompt 0 | verifying 0 | 24.1 s/proposal]
first proposals:   7%|Γûï         | 335/5000 [2:12:24<44:00:40, 33.96s/ep, cand 334 | r0 pass 102/333 | episodes 
solved 102 | queue r0 4665 reprompt 0 | verifying 1 | 24.1 s/proposal]
first proposals:   7%|Γûï         | 336/5000 [2:12:43<39:36:28, 30.57s/ep, cand 335 | r0 pass 102/334 | episodes 
solved 102 | queue r0 4664 reprompt 0 | verifying 1 | 24.1 s/proposal]
first proposals:   7%|Γûï         | 337/5000 [2:13:02<35:49:37, 27.66s/ep, cand 336 | r0 pass 102/335 | episodes 
solved 102 | queue r0 4663 reprompt 0 | verifying 1 | 24.1 s/proposal]
first proposals:   7%|Γûï         | 338/5000 [2:13:21<32:52:27, 25.39s/ep, cand 337 | r0 pass 102/336 | episodes 
solved 102 | queue r0 4662 reprompt 0 | verifying 1 | 24.1 s/proposal]
first proposals:   7%|Γûï         | 339/5000 [2:13:40<30:35:08, 23.62s/ep, cand 338 | r0 pass 103/337 | episodes 
solved 103 | queue r0 4661 reprompt 0 | verifying 1 | 24.1 s/proposal]
first proposals:   7%|Γûï         | 340/5000 [2:13:59<28:52:04, 22.30s/ep, cand 339 | r0 pass 104/338 | episodes 
solved 104 | queue r0 4660 reprompt 0 | verifying 1 | 24.1 s/proposal]
first proposals:   7%|Γûï         | 341/5000 [2:14:18<27:42:56, 21.42s/ep, cand 340 | r0 pass 104/339 | episodes 
solved 104 | queue r0 4659 reprompt 0 | verifying 1 | 24.1 s/proposal]
first proposals:   7%|Γûï         | 342/5000 [2:14:56<33:55:37, 26.22s/ep, cand 341 | r0 pass 104/340 | episodes 
solved 104 | queue r0 4658 reprompt 0 | verifying 1 | 24.1 s/proposal]
first proposals:   7%|Γûï         | 343/5000 [2:15:15<31:21:58, 24.25s/ep, cand 342 | r0 pass 105/341 | episodes 
solved 105 | queue r0 4656 reprompt 0 | verifying 2 | 24.1 s/proposal]
first proposals:   7%|Γûï         | 344/5000 [2:15:34<29:15:35, 22.62s/ep, cand 343 | r0 pass 105/342 | episodes 
solved 105 | queue r0 4655 reprompt 0 | verifying 2 | 24.1 s/proposal]
first proposals:   7%|Γûï         | 346/5000 [2:15:53<21:33:37, 16.68s/ep, cand 345 | r0 pass 105/344 | episodes 
solved 105 | queue r0 4654 reprompt 0 | verifying 1 | 24.1 s/proposal]
first proposals:   7%|Γûï         | 347/5000 [2:16:12<22:21:39, 17.30s/ep, cand 346 | r0 pass 105/345 | episodes 
solved 105 | queue r0 4653 reprompt 0 | verifying 1 | 24.1 s/proposal]
first proposals:   7%|Γûï         | 348/5000 [2:16:32<23:00:06, 17.80s/ep, cand 347 | r0 pass 106/346 | episodes 
solved 106 | queue r0 4652 reprompt 0 | verifying 1 | 24.1 s/proposal]
first proposals:   7%|Γûï         | 349/5000 [2:16:51<23:24:29, 18.12s/ep, cand 348 | r0 pass 107/347 | episodes 
solved 107 | queue r0 4651 reprompt 0 | verifying 1 | 23.4 s/proposal]
first proposals:   7%|Γûï         | 350/5000 [2:17:10<23:43:49, 18.37s/ep, cand 349 | r0 pass 107/348 | episodes 
solved 107 | queue r0 4650 reprompt 0 | verifying 1 | 23.4 s/proposal]
first proposals:   7%|Γûï         | 351/5000 [2:17:58<34:50:25, 26.98s/ep, cand 350 | r0 pass 107/349 | episodes 
solved 107 | queue r0 4649 reprompt 0 | verifying 1 | 23.4 s/proposal]
first proposals:   7%|Γûï         | 352/5000 [2:18:18<32:00:06, 24.79s/ep, cand 351 | r0 pass 107/350 | episodes 
solved 107 | queue r0 4648 reprompt 0 | verifying 1 | 24.0 s/proposal]
first proposals:   7%|Γûï         | 353/5000 [2:18:37<29:47:24, 23.08s/ep, cand 352 | r0 pass 108/351 | episodes 
solved 108 | queue r0 4647 reprompt 0 | verifying 1 | 23.4 s/proposal]
first proposals:   7%|Γûï         | 354/5000 [2:18:56<28:18:22, 21.93s/ep, cand 353 | r0 pass 108/352 | episodes 
solved 108 | queue r0 4646 reprompt 0 | verifying 1 | 23.4 s/proposal]
first proposals:   7%|Γûï         | 355/5000 [2:19:15<27:12:36, 21.09s/ep, cand 354 | r0 pass 109/353 | episodes 
solved 109 | queue r0 4645 reprompt 0 | verifying 1 | 23.4 s/proposal]
first proposals:   7%|Γûï         | 356/5000 [2:19:34<26:30:06, 20.54s/ep, cand 355 | r0 pass 110/354 | episodes 
solved 110 | queue r0 4644 reprompt 0 | verifying 1 | 23.4 s/proposal]
first proposals:   7%|Γûï         | 357/5000 [2:19:53<25:52:13, 20.06s/ep, cand 356 | r0 pass 110/355 | episodes 
solved 110 | queue r0 4643 reprompt 0 | verifying 1 | 23.4 s/proposal]
first proposals:   7%|Γûï         | 358/5000 [2:20:50<39:54:55, 30.96s/ep, cand 357 | r0 pass 111/356 | episodes 
solved 111 | queue r0 4642 reprompt 0 | verifying 1 | 22.7 s/proposal]
first proposals:   7%|Γûï         | 359/5000 [2:21:48<50:26:24, 39.13s/ep, cand 358 | r0 pass 111/357 | episodes 
solved 111 | queue r0 4641 reprompt 0 | verifying 1 | 23.5 s/proposal]
first proposals:   7%|Γûï         | 360/5000 [2:22:07<42:36:26, 33.06s/ep, cand 359 | r0 pass 111/358 | episodes 
solved 111 | queue r0 4640 reprompt 0 | verifying 1 | 24.2 s/proposal]
first proposals:   7%|Γûï         | 361/5000 [2:22:26<37:16:21, 28.92s/ep, cand 360 | r0 pass 111/359 | episodes 
solved 111 | queue r0 4639 reprompt 0 | verifying 1 | 24.2 s/proposal]
first proposals:   7%|Γûï         | 362/5000 [2:22:45<33:25:21, 25.94s/ep, cand 361 | r0 pass 112/360 | episodes 
solved 112 | queue r0 4638 reprompt 0 | verifying 1 | 24.2 s/proposal]
first proposals:   7%|Γûï         | 363/5000 [2:23:04<30:44:46, 23.87s/ep, cand 362 | r0 pass 113/361 | episodes 
solved 113 | queue r0 4637 reprompt 0 | verifying 1 | 24.2 s/proposal]
first proposals:   7%|Γûï         | 364/5000 [2:23:23<29:00:15, 22.52s/ep, cand 363 | r0 pass 113/362 | episodes 
solved 113 | queue r0 4636 reprompt 0 | verifying 1 | 24.2 s/proposal]
first proposals:   7%|Γûï         | 365/5000 [2:23:42<27:37:22, 21.45s/ep, cand 364 | r0 pass 113/363 | episodes 
solved 113 | queue r0 4635 reprompt 0 | verifying 1 | 24.2 s/proposal]
first proposals:   7%|Γûï         | 366/5000 [2:24:01<26:36:03, 20.67s/ep, cand 365 | r0 pass 113/364 | episodes 
solved 113 | queue r0 4634 reprompt 0 | verifying 1 | 24.2 s/proposal]
first proposals:   7%|Γûï         | 367/5000 [2:24:40<33:29:16, 26.02s/ep, cand 366 | r0 pass 113/365 | episodes 
solved 113 | queue r0 4633 reprompt 0 | verifying 1 | 24.2 s/proposal]
first proposals:   7%|Γûï         | 369/5000 [2:24:59<23:44:56, 18.46s/ep, cand 368 | r0 pass 114/367 | episodes 
solved 114 | queue r0 4631 reprompt 0 | verifying 1 | 24.2 s/proposal]
first proposals:   7%|Γûï         | 370/5000 [2:25:18<24:01:33, 18.68s/ep, cand 369 | r0 pass 115/368 | episodes 
solved 115 | queue r0 4630 reprompt 0 | verifying 1 | 24.2 s/proposal]
first proposals:   7%|Γûï         | 371/5000 [2:25:37<24:12:20, 18.82s/ep, cand 370 | r0 pass 115/369 | episodes 
solved 115 | queue r0 4629 reprompt 0 | verifying 1 | 24.2 s/proposal]
first proposals:   7%|Γûï         | 372/5000 [2:25:56<24:10:23, 18.80s/ep, cand 371 | r0 pass 116/370 | episodes 
solved 116 | queue r0 4628 reprompt 0 | verifying 1 | 24.3 s/proposal]
first proposals:   7%|Γûï         | 373/5000 [2:26:15<24:15:23, 18.87s/ep, cand 372 | r0 pass 116/371 | episodes 
solved 116 | queue r0 4627 reprompt 0 | verifying 1 | 24.3 s/proposal]
first proposals:   7%|Γûï         | 374/5000 [2:26:34<24:20:24, 18.94s/ep, cand 373 | r0 pass 117/372 | episodes 
solved 117 | queue r0 4626 reprompt 0 | verifying 1 | 24.3 s/proposal]
first proposals:   8%|Γûè         | 375/5000 [2:26:54<24:30:23, 19.08s/ep, cand 374 | r0 pass 118/373 | episodes 
solved 118 | queue r0 4625 reprompt 0 | verifying 1 | 24.3 s/proposal]
first proposals:   8%|Γûè         | 376/5000 [2:27:13<24:35:33, 19.15s/ep, cand 375 | r0 pass 118/374 | episodes 
solved 118 | queue r0 4624 reprompt 0 | verifying 1 | 24.3 s/proposal]
first proposals:   8%|Γûè         | 377/5000 [2:27:35<25:32:17, 19.89s/ep, cand 376 | r0 pass 118/375 | episodes 
solved 118 | queue r0 4623 reprompt 0 | verifying 1 | 24.3 s/proposal]
first proposals:   8%|Γûè         | 378/5000 [2:27:59<27:19:28, 21.28s/ep, cand 377 | r0 pass 118/376 | episodes 
solved 118 | queue r0 4622 reprompt 0 | verifying 1 | 24.3 s/proposal]
first proposals:   8%|Γûè         | 379/5000 [2:28:22<27:58:35, 21.80s/ep, cand 378 | r0 pass 118/377 | episodes 
solved 118 | queue r0 4621 reprompt 0 | verifying 1 | 24.4 s/proposal]
first proposals:   8%|Γûè         | 380/5000 [2:28:45<28:20:35, 22.09s/ep, cand 379 | r0 pass 118/378 | episodes 
solved 118 | queue r0 4620 reprompt 0 | verifying 1 | 24.5 s/proposal]
first proposals:   8%|Γûè         | 381/5000 [2:29:55<46:29:51, 36.24s/ep, cand 380 | r0 pass 119/379 | episodes 
solved 119 | queue r0 4619 reprompt 0 | verifying 1 | 24.6 s/proposal]
first proposals:   8%|Γûè         | 382/5000 [2:30:19<42:07:32, 32.84s/ep, cand 381 | r0 pass 119/380 | episodes 
solved 119 | queue r0 4618 reprompt 0 | verifying 1 | 25.6 s/proposal]
first proposals:   8%|Γûè         | 383/5000 [2:30:42<38:13:35, 29.81s/ep, cand 382 | r0 pass 119/381 | episodes 
solved 119 | queue r0 4617 reprompt 0 | verifying 1 | 22.6 s/proposal]
first proposals:   8%|Γûè         | 384/5000 [2:31:05<35:35:37, 27.76s/ep, cand 383 | r0 pass 119/382 | episodes 
solved 119 | queue r0 4616 reprompt 0 | verifying 1 | 22.7 s/proposal]
first proposals:   8%|Γûè         | 385/5000 [2:32:10<49:58:40, 38.99s/ep, cand 384 | r0 pass 119/383 | episodes 
solved 119 | queue r0 4615 reprompt 0 | verifying 1 | 22.8 s/proposal]
first proposals:   8%|Γûè         | 386/5000 [2:32:35<44:18:51, 34.58s/ep, cand 385 | r0 pass 120/384 | episodes 
solved 120 | queue r0 4614 reprompt 0 | verifying 1 | 23.7 s/proposal]
first proposals:   8%|Γûè         | 387/5000 [2:33:18<47:40:34, 37.21s/ep, cand 386 | r0 pass 120/385 | episodes 
solved 120 | queue r0 4613 reprompt 0 | verifying 1 | 23.8 s/proposal]
first proposals:   8%|Γûè         | 389/5000 [2:33:38<31:39:58, 24.72s/ep, cand 388 | r0 pass 121/387 | episodes 
solved 121 | queue r0 4611 reprompt 0 | verifying 1 | 23.9 s/proposal]
first proposals:   8%|Γûè         | 390/5000 [2:34:19<36:39:11, 28.62s/ep, cand 389 | r0 pass 121/388 | episodes 
solved 121 | queue r0 4610 reprompt 0 | verifying 1 | 23.9 s/proposal]
first proposals:   8%|Γûè         | 392/5000 [2:34:39<26:48:42, 20.95s/ep, cand 391 | r0 pass 121/390 | episodes 
solved 121 | queue r0 4608 reprompt 0 | verifying 1 | 24.0 s/proposal]
first proposals:   8%|Γûè         | 393/5000 [2:35:45<39:53:02, 31.17s/ep, cand 392 | r0 pass 121/391 | episodes 
solved 121 | queue r0 4607 reprompt 0 | verifying 1 | 24.0 s/proposal]
first proposals:   8%|Γûè         | 394/5000 [2:36:47<49:35:47, 38.76s/ep, cand 393 | r0 pass 121/392 | episodes 
solved 121 | queue r0 4606 reprompt 0 | verifying 1 | 24.9 s/proposal]
first proposals:   8%|Γûè         | 395/5000 [2:37:08<43:56:59, 34.36s/ep, cand 394 | r0 pass 121/393 | episodes 
solved 121 | queue r0 4605 reprompt 0 | verifying 1 | 25.8 s/proposal]
first proposals:   8%|Γûè         | 396/5000 [2:37:31<39:51:20, 31.16s/ep, cand 395 | r0 pass 121/394 | episodes 
solved 121 | queue r0 4604 reprompt 0 | verifying 1 | 25.9 s/proposal]
first proposals:   8%|Γûè         | 397/5000 [2:38:15<44:24:15, 34.73s/ep, cand 396 | r0 pass 122/395 | episodes 
solved 122 | queue r0 4603 reprompt 0 | verifying 1 | 25.9 s/proposal]
first proposals:   8%|Γûè         | 399/5000 [2:38:42<32:22:46, 25.33s/ep, cand 398 | r0 pass 123/397 | episodes 
solved 123 | queue r0 4601 reprompt 0 | verifying 1 | 26.0 s/proposal]
first proposals:   8%|Γûè         | 400/5000 [2:39:04<31:26:52, 24.61s/ep, cand 399 | r0 pass 124/398 | episodes 
solved 124 | queue r0 4600 reprompt 0 | verifying 1 | 26.2 s/proposal]
first proposals:   8%|Γûè         | 401/5000 [2:39:28<31:09:39, 24.39s/ep, cand 400 | r0 pass 125/399 | episodes 
solved 125 | queue r0 4599 reprompt 0 | verifying 1 | 26.3 s/proposal]
first proposals:   8%|Γûè         | 402/5000 [2:40:15<38:55:43, 30.48s/ep, cand 401 | r0 pass 125/400 | episodes 
solved 125 | queue r0 4598 reprompt 0 | verifying 1 | 25.8 s/proposal]
first proposals:   8%|Γûè         | 404/5000 [2:40:37<28:06:04, 22.01s/ep, cand 403 | r0 pass 125/402 | episodes 
solved 125 | queue r0 4596 reprompt 0 | verifying 1 | 25.9 s/proposal]
first proposals:   8%|Γûè         | 405/5000 [2:41:00<28:17:38, 22.17s/ep, cand 404 | r0 pass 125/403 | episodes 
solved 125 | queue r0 4595 reprompt 0 | verifying 1 | 26.0 s/proposal]
first proposals:   8%|Γûè         | 406/5000 [2:41:48<36:43:35, 28.78s/ep, cand 405 | r0 pass 126/404 | episodes 
solved 126 | queue r0 4594 reprompt 0 | verifying 1 | 26.1 s/proposal]
first proposals:   8%|Γûè         | 408/5000 [2:42:11<27:17:26, 21.40s/ep, cand 407 | r0 pass 126/406 | episodes 
solved 126 | queue r0 4592 reprompt 0 | verifying 1 | 26.3 s/proposal]
first proposals:   8%|Γûè         | 409/5000 [2:42:34<27:50:41, 21.83s/ep, cand 408 | r0 pass 127/407 | episodes 
solved 127 | queue r0 4591 reprompt 0 | verifying 1 | 25.6 s/proposal]
first proposals:   8%|Γûè         | 410/5000 [2:42:56<28:02:50, 22.00s/ep, cand 409 | r0 pass 128/408 | episodes 
solved 128 | queue r0 4590 reprompt 0 | verifying 1 | 24.9 s/proposal]
first proposals:   8%|Γûè         | 411/5000 [2:43:16<27:25:46, 21.52s/ep, cand 410 | r0 pass 128/409 | episodes 
solved 128 | queue r0 4589 reprompt 0 | verifying 1 | 25.0 s/proposal]
first proposals:   8%|Γûè         | 412/5000 [2:43:37<26:57:17, 21.15s/ep, cand 411 | r0 pass 128/410 | episodes 
solved 128 | queue r0 4588 reprompt 0 | verifying 1 | 25.0 s/proposal]
first proposals:   8%|Γûè         | 413/5000 [2:43:58<26:58:45, 21.17s/ep, cand 412 | r0 pass 128/411 | episodes 
solved 128 | queue r0 4587 reprompt 0 | verifying 1 | 25.0 s/proposal]
first proposals:   8%|Γûè         | 414/5000 [2:44:18<26:34:57, 20.87s/ep, cand 413 | r0 pass 129/412 | episodes 
solved 129 | queue r0 4586 reprompt 0 | verifying 1 | 25.0 s/proposal]
first proposals:   8%|Γûè         | 415/5000 [2:44:40<27:01:09, 21.21s/ep, cand 414 | r0 pass 129/413 | episodes 
solved 129 | queue r0 4585 reprompt 0 | verifying 1 | 25.1 s/proposal]
first proposals:   8%|Γûè         | 416/5000 [2:45:01<27:01:16, 21.22s/ep, cand 415 | r0 pass 130/414 | episodes 
solved 130 | queue r0 4584 reprompt 0 | verifying 1 | 25.1 s/proposal]
first proposals:   8%|Γûè         | 417/5000 [2:45:22<26:54:05, 21.13s/ep, cand 416 | r0 pass 130/415 | episodes 
solved 130 | queue r0 4583 reprompt 0 | verifying 1 | 25.2 s/proposal]
first proposals:   8%|Γûè         | 418/5000 [2:45:43<26:43:02, 20.99s/ep, cand 417 | r0 pass 131/416 | episodes 
solved 131 | queue r0 4582 reprompt 0 | verifying 1 | 25.2 s/proposal]
first proposals:   8%|Γûè         | 419/5000 [2:46:03<26:22:55, 20.73s/ep, cand 418 | r0 pass 131/417 | episodes 
solved 131 | queue r0 4581 reprompt 0 | verifying 1 | 25.2 s/proposal]
first proposals:   8%|Γûè         | 420/5000 [2:46:24<26:26:57, 20.79s/ep, cand 419 | r0 pass 131/418 | episodes 
solved 131 | queue r0 4580 reprompt 0 | verifying 1 | 25.2 s/proposal]
first proposals:   8%|Γûè         | 421/5000 [2:46:47<27:17:48, 21.46s/ep, cand 420 | r0 pass 131/419 | episodes 
solved 131 | queue r0 4579 reprompt 0 | verifying 1 | 25.3 s/proposal]
first proposals:   8%|Γûè         | 422/5000 [2:47:30<35:37:06, 28.01s/ep, cand 421 | r0 pass 132/420 | episodes 
solved 132 | queue r0 4578 reprompt 0 | verifying 1 | 25.4 s/proposal]
first proposals:   8%|Γûè         | 424/5000 [2:47:53<25:44:58, 20.26s/ep, cand 423 | r0 pass 133/422 | episodes 
solved 133 | queue r0 4576 reprompt 0 | verifying 1 | 25.5 s/proposal]
first proposals:   8%|Γûè         | 425/5000 [2:48:16<26:47:46, 21.09s/ep, cand 424 | r0 pass 133/423 | episodes 
solved 133 | queue r0 4575 reprompt 0 | verifying 1 | 25.5 s/proposal]
first proposals:   9%|Γûè         | 426/5000 [2:48:58<33:40:27, 26.50s/ep, cand 425 | r0 pass 133/424 | episodes 
solved 133 | queue r0 4574 reprompt 0 | verifying 1 | 25.6 s/proposal]
first proposals:   9%|Γûè         | 427/5000 [2:50:14<50:49:16, 40.01s/ep, cand 426 | r0 pass 134/425 | episodes 
solved 134 | queue r0 4572 reprompt 0 | verifying 2 | 25.6 s/proposal]
first proposals:   9%|Γûè         | 429/5000 [2:50:37<34:47:21, 27.40s/ep, cand 428 | r0 pass 134/427 | episodes 
solved 134 | queue r0 4571 reprompt 0 | verifying 1 | 26.7 s/proposal]
first proposals:   9%|Γûè         | 430/5000 [2:50:58<32:57:17, 25.96s/ep, cand 429 | r0 pass 134/428 | episodes 
solved 134 | queue r0 4570 reprompt 0 | verifying 1 | 26.6 s/proposal]
first proposals:   9%|Γûè         | 431/5000 [2:51:19<31:15:59, 24.64s/ep, cand 430 | r0 pass 134/429 | episodes 
solved 134 | queue r0 4569 reprompt 0 | verifying 1 | 26.6 s/proposal]
first proposals:   9%|Γûè         | 432/5000 [2:52:30<47:01:35, 37.06s/ep, cand 431 | r0 pass 135/430 | episodes 
solved 135 | queue r0 4568 reprompt 0 | verifying 1 | 25.6 s/proposal]
first proposals:   9%|Γûè         | 433/5000 [2:52:52<41:39:02, 32.83s/ep, cand 432 | r0 pass 135/431 | episodes 
solved 135 | queue r0 4567 reprompt 0 | verifying 1 | 26.6 s/proposal]
first proposals:   9%|Γûè         | 434/5000 [2:53:37<46:03:50, 36.32s/ep, cand 433 | r0 pass 136/432 | episodes 
solved 136 | queue r0 4566 reprompt 0 | verifying 1 | 26.6 s/proposal]
first proposals:   9%|Γûè         | 436/5000 [2:53:59<31:40:36, 24.99s/ep, cand 435 | r0 pass 137/434 | episodes 
solved 137 | queue r0 4564 reprompt 0 | verifying 1 | 25.7 s/proposal]
first proposals:   9%|Γûè         | 437/5000 [2:57:24<86:55:20, 68.58s/ep, cand 436 | r0 pass 137/435 | episodes 
solved 137 | queue r0 4563 reprompt 0 | verifying 1 | 25.6 s/proposal]
first proposals:   9%|Γûë         | 439/5000 [2:58:08<62:43:58, 49.52s/ep, cand 438 | r0 pass 138/436 | episodes 
solved 138 | queue r0 4562 reprompt 0 | verifying 0 | 29.3 s/proposal]
first proposals:   9%|Γûë         | 440/5000 [2:58:29<54:33:02, 43.07s/ep, cand 439 | r0 pass 138/437 | episodes 
solved 138 | queue r0 4560 reprompt 0 | verifying 1 | 29.4 s/proposal]
first proposals:   9%|Γûë         | 441/5000 [2:58:50<47:46:41, 37.73s/ep, cand 440 | r0 pass 138/438 | episodes 
solved 138 | queue r0 4559 reprompt 0 | verifying 1 | 29.4 s/proposal]
first proposals:   9%|Γûë         | 442/5000 [2:59:13<42:46:48, 33.79s/ep, cand 441 | r0 pass 138/439 | episodes 
solved 138 | queue r0 4558 reprompt 0 | verifying 1 | 29.4 s/proposal]
first proposals:   9%|Γûë         | 443/5000 [2:59:36<39:06:49, 30.90s/ep, cand 442 | r0 pass 138/440 | episodes 
solved 138 | queue r0 4557 reprompt 0 | verifying 1 | 29.4 s/proposal]
first proposals:   9%|Γûë         | 444/5000 [2:59:59<36:33:36, 28.89s/ep, cand 443 | r0 pass 138/441 | episodes 
solved 138 | queue r0 4556 reprompt 0 | verifying 1 | 28.6 s/proposal]
first proposals:   9%|Γûë         | 445/5000 [3:00:22<34:28:38, 27.25s/ep, cand 444 | r0 pass 138/442 | episodes 
solved 138 | queue r0 4555 reprompt 0 | verifying 1 | 27.8 s/proposal]
first proposals:   9%|Γûë         | 446/5000 [3:00:46<33:16:52, 26.31s/ep, cand 445 | r0 pass 138/443 | episodes 
solved 138 | queue r0 4554 reprompt 0 | verifying 1 | 27.8 s/proposal]
first proposals:   9%|Γûë         | 447/5000 [3:01:09<31:44:49, 25.10s/ep, cand 446 | r0 pass 139/444 | episodes 
solved 139 | queue r0 4553 reprompt 0 | verifying 1 | 27.9 s/proposal]
first proposals:   9%|Γûë         | 448/5000 [3:01:30<30:24:17, 24.05s/ep, cand 447 | r0 pass 139/445 | episodes 
solved 139 | queue r0 4552 reprompt 0 | verifying 1 | 27.9 s/proposal]
first proposals:   9%|Γûë         | 449/5000 [3:01:54<30:12:29, 23.90s/ep, cand 448 | r0 pass 140/446 | episodes 
solved 140 | queue r0 4551 reprompt 0 | verifying 1 | 27.9 s/proposal]
first proposals:   9%|Γûë         | 450/5000 [3:02:18<30:17:59, 23.97s/ep, cand 449 | r0 pass 141/447 | episodes 
solved 141 | queue r0 4550 reprompt 0 | verifying 1 | 27.8 s/proposal]
first proposals:   9%|Γûë         | 451/5000 [3:02:43<30:46:59, 24.36s/ep, cand 450 | r0 pass 141/448 | episodes 
solved 141 | queue r0 4549 reprompt 0 | verifying 1 | 27.8 s/proposal]
first proposals:   9%|Γûë         | 452/5000 [3:03:09<31:23:30, 24.85s/ep, cand 451 | r0 pass 141/449 | episodes 
solved 141 | queue r0 4548 reprompt 0 | verifying 1 | 27.9 s/proposal]
first proposals:   9%|Γûë         | 453/5000 [3:03:33<31:11:25, 24.69s/ep, cand 452 | r0 pass 142/450 | episodes 
solved 142 | queue r0 4547 reprompt 0 | verifying 1 | 27.9 s/proposal]
first proposals:   9%|Γûë         | 454/5000 [3:03:59<31:29:21, 24.94s/ep, cand 453 | r0 pass 143/451 | episodes 
solved 143 | queue r0 4546 reprompt 0 | verifying 1 | 27.9 s/proposal]
first proposals:   9%|Γûë         | 455/5000 [3:04:22<30:44:36, 24.35s/ep, cand 454 | r0 pass 144/452 | episodes 
solved 144 | queue r0 4545 reprompt 0 | verifying 1 | 28.0 s/proposal]
first proposals:   9%|Γûë         | 456/5000 [3:04:45<30:05:29, 23.84s/ep, cand 455 | r0 pass 144/453 | episodes 
solved 144 | queue r0 4544 reprompt 0 | verifying 1 | 28.0 s/proposal]
first proposals:   9%|Γûë         | 457/5000 [3:05:06<29:14:57, 23.18s/ep, cand 456 | r0 pass 145/454 | episodes 
solved 145 | queue r0 4543 reprompt 0 | verifying 1 | 28.0 s/proposal]
first proposals:   9%|Γûë         | 458/5000 [3:05:29<28:58:06, 22.96s/ep, cand 457 | r0 pass 145/455 | episodes 
solved 145 | queue r0 4542 reprompt 0 | verifying 1 | 27.9 s/proposal]
first proposals:   9%|Γûë         | 459/5000 [3:05:50<28:20:13, 22.46s/ep, cand 458 | r0 pass 145/456 | episodes 
solved 145 | queue r0 4541 reprompt 0 | verifying 1 | 27.9 s/proposal]
first proposals:   9%|Γûë         | 460/5000 [3:06:11<27:51:12, 22.09s/ep, cand 459 | r0 pass 146/457 | episodes 
solved 146 | queue r0 4540 reprompt 0 | verifying 1 | 27.9 s/proposal]
first proposals:   9%|Γûë         | 461/5000 [3:06:32<27:32:26, 21.84s/ep, cand 460 | r0 pass 146/458 | episodes 
solved 146 | queue r0 4539 reprompt 0 | verifying 1 | 27.9 s/proposal]
first proposals:   9%|Γûë         | 462/5000 [3:06:54<27:19:33, 21.68s/ep, cand 461 | r0 pass 147/459 | episodes 
solved 147 | queue r0 4538 reprompt 0 | verifying 1 | 27.9 s/proposal]
first proposals:   9%|Γûë         | 463/5000 [3:07:15<27:18:55, 21.67s/ep, cand 462 | r0 pass 147/460 | episodes 
solved 147 | queue r0 4537 reprompt 0 | verifying 1 | 27.9 s/proposal]
first proposals:   9%|Γûë         | 464/5000 [3:07:37<27:16:22, 21.65s/ep, cand 463 | r0 pass 148/461 | episodes 
solved 148 | queue r0 4536 reprompt 0 | verifying 1 | 27.9 s/proposal]
first proposals:   9%|Γûë         | 465/5000 [3:07:58<27:08:06, 21.54s/ep, cand 464 | r0 pass 148/462 | episodes 
solved 148 | queue r0 4535 reprompt 0 | verifying 1 | 27.9 s/proposal]
first proposals:   9%|Γûë         | 466/5000 [3:08:20<27:07:29, 21.54s/ep, cand 465 | r0 pass 148/463 | episodes 
solved 148 | queue r0 4534 reprompt 0 | verifying 1 | 27.9 s/proposal]
first proposals:   9%|Γûë         | 467/5000 [3:08:41<26:57:38, 21.41s/ep, cand 466 | r0 pass 148/464 | episodes 
solved 148 | queue r0 4533 reprompt 0 | verifying 1 | 27.9 s/proposal]
first proposals:   9%|Γûë         | 468/5000 [3:09:02<26:42:48, 21.22s/ep, cand 467 | r0 pass 149/465 | episodes 
solved 149 | queue r0 4532 reprompt 0 | verifying 1 | 27.9 s/proposal]
first proposals:   9%|Γûë         | 469/5000 [3:09:23<26:54:48, 21.38s/ep, cand 468 | r0 pass 150/466 | episodes 
solved 150 | queue r0 4531 reprompt 0 | verifying 1 | 27.9 s/proposal]
first proposals:   9%|Γûë         | 470/5000 [3:09:45<26:54:55, 21.39s/ep, cand 469 | r0 pass 150/467 | episodes 
solved 150 | queue r0 4530 reprompt 0 | verifying 1 | 28.0 s/proposal]
first proposals:   9%|Γûë         | 471/5000 [3:10:06<26:51:25, 21.35s/ep, cand 470 | r0 pass 150/468 | episodes 
solved 150 | queue r0 4529 reprompt 0 | verifying 1 | 28.0 s/proposal]
first proposals:   9%|Γûë         | 472/5000 [3:10:28<27:13:07, 21.64s/ep, cand 471 | r0 pass 151/469 | episodes 
solved 151 | queue r0 4528 reprompt 0 | verifying 1 | 27.9 s/proposal]
first proposals:   9%|Γûë         | 473/5000 [3:10:50<27:15:21, 21.67s/ep, cand 472 | r0 pass 151/470 | episodes 
solved 151 | queue r0 4527 reprompt 0 | verifying 1 | 28.0 s/proposal]
first proposals:   9%|Γûë         | 474/5000 [3:11:11<27:06:33, 21.56s/ep, cand 473 | r0 pass 151/471 | episodes 
solved 151 | queue r0 4526 reprompt 0 | verifying 1 | 28.0 s/proposal]
first proposals:  10%|Γûë         | 475/5000 [3:11:33<27:07:08, 21.58s/ep, cand 474 | r0 pass 151/472 | episodes 
solved 151 | queue r0 4525 reprompt 0 | verifying 1 | 27.9 s/proposal]
first proposals:  10%|Γûë         | 476/5000 [3:11:55<27:04:45, 21.55s/ep, cand 475 | r0 pass 151/473 | episodes 
solved 151 | queue r0 4524 reprompt 0 | verifying 1 | 27.9 s/proposal]
first proposals:  10%|Γûë         | 477/5000 [3:12:16<26:52:01, 21.38s/ep, cand 476 | r0 pass 151/474 | episodes 
solved 151 | queue r0 4523 reprompt 0 | verifying 1 | 27.9 s/proposal]
first proposals:  10%|Γûë         | 478/5000 [3:12:37<26:56:30, 21.45s/ep, cand 477 | r0 pass 151/475 | episodes 
solved 151 | queue r0 4522 reprompt 0 | verifying 1 | 27.9 s/proposal]
first proposals:  10%|Γûë         | 479/5000 [3:12:58<26:52:50, 21.40s/ep, cand 478 | r0 pass 152/476 | episodes 
solved 152 | queue r0 4521 reprompt 0 | verifying 1 | 26.8 s/proposal]
first proposals:  10%|Γûë         | 480/5000 [3:13:20<26:52:31, 21.41s/ep, cand 479 | r0 pass 152/477 | episodes 
solved 152 | queue r0 4520 reprompt 0 | verifying 1 | 26.8 s/proposal]
first proposals:  10%|Γûë         | 481/5000 [3:13:41<26:50:56, 21.39s/ep, cand 480 | r0 pass 152/478 | episodes 
solved 152 | queue r0 4519 reprompt 0 | verifying 1 | 26.8 s/proposal]
first proposals:  10%|Γûë         | 482/5000 [3:14:03<26:48:33, 21.36s/ep, cand 481 | r0 pass 152/479 | episodes 
solved 152 | queue r0 4518 reprompt 0 | verifying 1 | 26.8 s/proposal]
first proposals:  10%|Γûë         | 483/5000 [3:14:24<26:40:06, 21.25s/ep, cand 482 | r0 pass 152/480 | episodes 
solved 152 | queue r0 4517 reprompt 0 | verifying 1 | 25.8 s/proposal]
first proposals:  10%|Γûë         | 484/5000 [3:14:45<26:40:17, 21.26s/ep, cand 483 | r0 pass 152/481 | episodes 
solved 152 | queue r0 4516 reprompt 0 | verifying 1 | 25.8 s/proposal]
first proposals:  10%|Γûë         | 485/5000 [3:15:06<26:35:10, 21.20s/ep, cand 484 | r0 pass 153/482 | episodes 
solved 153 | queue r0 4515 reprompt 0 | verifying 1 | 25.8 s/proposal]
first proposals:  10%|Γûë         | 486/5000 [3:15:27<26:42:56, 21.31s/ep, cand 485 | r0 pass 153/483 | episodes 
solved 153 | queue r0 4514 reprompt 0 | verifying 1 | 25.7 s/proposal]
first proposals:  10%|Γûë         | 487/5000 [3:15:49<26:43:33, 21.32s/ep, cand 486 | r0 pass 153/484 | episodes 
solved 153 | queue r0 4513 reprompt 0 | verifying 1 | 25.7 s/proposal]
first proposals:  10%|Γûë         | 488/5000 [3:16:10<26:35:54, 21.22s/ep, cand 487 | r0 pass 154/485 | episodes 
solved 154 | queue r0 4512 reprompt 0 | verifying 1 | 22.1 s/proposal]
first proposals:  10%|Γûë         | 489/5000 [3:16:31<26:47:26, 21.38s/ep, cand 488 | r0 pass 154/486 | episodes 
solved 154 | queue r0 4511 reprompt 0 | verifying 1 | 22.0 s/proposal]
first proposals:  10%|Γûë         | 490/5000 [3:16:53<26:39:45, 21.28s/ep, cand 489 | r0 pass 154/487 | episodes 
solved 154 | queue r0 4510 reprompt 0 | verifying 1 | 22.0 s/proposal]
first proposals:  10%|Γûë         | 491/5000 [3:17:14<26:38:08, 21.27s/ep, cand 490 | r0 pass 154/488 | episodes 
solved 154 | queue r0 4509 reprompt 0 | verifying 1 | 22.0 s/proposal]
first proposals:  10%|Γûë         | 492/5000 [3:17:35<26:36:44, 21.25s/ep, cand 491 | r0 pass 155/489 | episodes 
solved 155 | queue r0 4508 reprompt 0 | verifying 1 | 22.0 s/proposal]
first proposals:  10%|Γûë         | 493/5000 [3:17:56<26:33:40, 21.22s/ep, cand 492 | r0 pass 156/490 | episodes 
solved 156 | queue r0 4507 reprompt 0 | verifying 1 | 22.0 s/proposal]
first proposals:  10%|Γûë         | 494/5000 [3:18:18<26:37:02, 21.27s/ep, cand 493 | r0 pass 156/491 | episodes 
solved 156 | queue r0 4506 reprompt 0 | verifying 1 | 22.0 s/proposal]
first proposals:  10%|Γûë         | 495/5000 [3:18:39<26:36:29, 21.26s/ep, cand 494 | r0 pass 156/492 | episodes 
solved 156 | queue r0 4505 reprompt 0 | verifying 1 | 21.9 s/proposal]
first proposals:  10%|Γûë         | 496/5000 [3:19:00<26:30:59, 21.19s/ep, cand 495 | r0 pass 157/493 | episodes 
solved 157 | queue r0 4504 reprompt 0 | verifying 1 | 21.9 s/proposal]
first proposals:  10%|Γûë         | 497/5000 [3:19:21<26:25:09, 21.12s/ep, cand 496 | r0 pass 158/494 | episodes 
solved 158 | queue r0 4503 reprompt 0 | verifying 1 | 21.8 s/proposal]
first proposals:  10%|Γûë         | 498/5000 [3:19:42<26:23:41, 21.11s/ep, cand 497 | r0 pass 158/495 | episodes 
solved 158 | queue r0 4502 reprompt 0 | verifying 1 | 21.8 s/proposal]
first proposals:  10%|Γûë         | 499/5000 [3:20:03<26:27:52, 21.17s/ep, cand 498 | r0 pass 158/496 | episodes 
solved 158 | queue r0 4501 reprompt 0 | verifying 1 | 21.8 s/proposal]
first proposals:  10%|Γûê         | 500/5000 [3:20:25<26:36:46, 21.29s/ep, cand 499 | r0 pass 159/497 | episodes 
solved 159 | queue r0 4500 reprompt 0 | verifying 1 | 21.8 s/proposal]
first proposals:  10%|Γûê         | 501/5000 [3:20:46<26:35:59, 21.28s/ep, cand 500 | r0 pass 160/498 | episodes 
solved 160 | queue r0 4499 reprompt 0 | verifying 1 | 21.7 s/proposal]
first proposals:  10%|Γûê         | 502/5000 [3:21:07<26:33:07, 21.25s/ep, cand 501 | r0 pass 160/499 | episodes 
solved 160 | queue r0 4498 reprompt 0 | verifying 1 | 21.6 s/proposal]
first proposals:  10%|Γûê         | 503/5000 [3:21:28<26:31:20, 21.23s/ep, cand 502 | r0 pass 160/500 | episodes 
solved 160 | queue r0 4497 reprompt 0 | verifying 1 | 21.5 s/proposal]
first proposals:  10%|Γûê         | 504/5000 [3:21:50<26:31:05, 21.23s/ep, cand 503 | r0 pass 161/501 | episodes 
solved 161 | queue r0 4496 reprompt 0 | verifying 1 | 21.5 s/proposal]
first proposals:  10%|Γûê         | 505/5000 [3:24:51<86:34:36, 69.34s/ep, cand 504 | r0 pass 162/502 | episodes 
solved 162 | queue r0 4495 reprompt 0 | verifying 1 | 21.4 s/proposal]
first proposals:  10%|Γûê         | 507/5000 [3:25:33<58:39:48, 47.00s/ep, cand 506 | r0 pass 162/503 | episodes 
solved 162 | queue r0 4494 reprompt 0 | verifying 0 | 24.6 s/proposal]
first proposals:  10%|Γûê         | 508/5000 [3:26:44<65:54:09, 52.82s/ep, cand 507 | r0 pass 162/504 | episodes 
solved 162 | queue r0 4492 reprompt 0 | verifying 1 | 24.5 s/proposal]
first proposals:  10%|Γûê         | 509/5000 [3:27:05<55:44:42, 44.69s/ep, cand 508 | r0 pass 162/505 | episodes 
solved 162 | queue r0 4491 reprompt 0 | verifying 1 | 25.5 s/proposal]
first proposals:  10%|Γûê         | 510/5000 [3:27:26<47:42:27, 38.25s/ep, cand 509 | r0 pass 162/506 | episodes 
solved 162 | queue r0 4490 reprompt 0 | verifying 1 | 25.5 s/proposal]
first proposals:  10%|Γûê         | 511/5000 [3:27:47<41:41:48, 33.44s/ep, cand 510 | r0 pass 162/507 | episodes 
solved 162 | queue r0 4489 reprompt 0 | verifying 1 | 25.5 s/proposal]
first proposals:  10%|Γûê         | 512/5000 [3:28:08<37:13:46, 29.86s/ep, cand 511 | r0 pass 163/508 | episodes 
solved 163 | queue r0 4488 reprompt 0 | verifying 1 | 25.5 s/proposal]
first proposals:  10%|Γûê         | 513/5000 [3:28:30<34:08:56, 27.40s/ep, cand 512 | r0 pass 163/509 | episodes 
solved 163 | queue r0 4487 reprompt 0 | verifying 1 | 25.5 s/proposal]
first proposals:  10%|Γûê         | 514/5000 [3:28:51<31:47:54, 25.52s/ep, cand 513 | r0 pass 164/510 | episodes 
solved 164 | queue r0 4486 reprompt 0 | verifying 1 | 25.5 s/proposal]
first proposals:  10%|Γûê         | 515/5000 [3:29:11<30:01:52, 24.11s/ep, cand 514 | r0 pass 164/511 | episodes 
solved 164 | queue r0 4485 reprompt 0 | verifying 1 | 25.4 s/proposal]
first proposals:  10%|Γûê         | 516/5000 [3:29:32<28:56:36, 23.24s/ep, cand 515 | r0 pass 164/512 | episodes 
solved 164 | queue r0 4484 reprompt 0 | verifying 1 | 25.4 s/proposal]
first proposals:  10%|Γûê         | 517/5000 [3:29:54<28:07:58, 22.59s/ep, cand 516 | r0 pass 164/513 | episodes 
solved 164 | queue r0 4483 reprompt 0 | verifying 1 | 25.4 s/proposal]
first proposals:  10%|Γûê         | 518/5000 [3:30:14<27:24:56, 22.02s/ep, cand 517 | r0 pass 165/514 | episodes 
solved 165 | queue r0 4482 reprompt 0 | verifying 1 | 25.4 s/proposal]
first proposals:  10%|Γûê         | 519/5000 [3:30:35<26:59:30, 21.68s/ep, cand 518 | r0 pass 166/515 | episodes 
solved 166 | queue r0 4481 reprompt 0 | verifying 1 | 25.4 s/proposal]
first proposals:  10%|Γûê         | 520/5000 [3:30:56<26:35:46, 21.37s/ep, cand 519 | r0 pass 167/516 | episodes 
solved 167 | queue r0 4480 reprompt 0 | verifying 1 | 25.4 s/proposal]
first proposals:  10%|Γûê         | 521/5000 [3:31:17<26:33:54, 21.35s/ep, cand 520 | r0 pass 167/517 | episodes 
solved 167 | queue r0 4479 reprompt 0 | verifying 1 | 25.4 s/proposal]
first proposals:  10%|Γûê         | 522/5000 [3:31:38<26:25:28, 21.24s/ep, cand 521 | r0 pass 167/518 | episodes 
solved 167 | queue r0 4478 reprompt 0 | verifying 1 | 25.4 s/proposal]
first proposals:  10%|Γûê         | 523/5000 [3:31:59<26:19:46, 21.17s/ep, cand 522 | r0 pass 167/519 | episodes 
solved 167 | queue r0 4477 reprompt 0 | verifying 1 | 25.4 s/proposal]
first proposals:  10%|Γûê         | 524/5000 [3:32:20<26:14:17, 21.10s/ep, cand 523 | r0 pass 167/520 | episodes 
solved 167 | queue r0 4476 reprompt 0 | verifying 1 | 25.3 s/proposal]
first proposals:  10%|Γûê         | 525/5000 [3:32:41<26:18:19, 21.16s/ep, cand 524 | r0 pass 168/521 | episodes 
solved 168 | queue r0 4475 reprompt 0 | verifying 1 | 25.3 s/proposal]
first proposals:  11%|Γûê         | 526/5000 [3:33:03<26:22:54, 21.23s/ep, cand 525 | r0 pass 168/522 | episodes 
solved 168 | queue r0 4474 reprompt 0 | verifying 1 | 25.3 s/proposal]
first proposals:  11%|Γûê         | 527/5000 [3:33:24<26:21:48, 21.22s/ep, cand 526 | r0 pass 168/523 | episodes 
solved 168 | queue r0 4473 reprompt 0 | verifying 1 | 25.3 s/proposal]
first proposals:  11%|Γûê         | 528/5000 [3:34:19<38:52:52, 31.30s/ep, cand 527 | r0 pass 168/524 | episodes 
solved 168 | queue r0 4472 reprompt 0 | verifying 1 | 25.3 s/proposal]
first proposals:  11%|Γûê         | 529/5000 [3:34:40<34:59:29, 28.17s/ep, cand 528 | r0 pass 168/525 | episodes 
solved 168 | queue r0 4471 reprompt 0 | verifying 1 | 26.0 s/proposal]
first proposals:  11%|Γûê         | 530/5000 [3:35:01<32:19:31, 26.03s/ep, cand 529 | r0 pass 168/526 | episodes 
solved 168 | queue r0 4470 reprompt 0 | verifying 1 | 26.0 s/proposal]
first proposals:  11%|Γûê         | 531/5000 [3:35:21<30:22:12, 24.46s/ep, cand 530 | r0 pass 168/527 | episodes 
solved 168 | queue r0 4469 reprompt 0 | verifying 1 | 26.0 s/proposal]
first proposals:  11%|Γûê         | 532/5000 [3:35:42<29:00:16, 23.37s/ep, cand 531 | r0 pass 169/528 | episodes 
solved 169 | queue r0 4468 reprompt 0 | verifying 1 | 26.0 s/proposal]
first proposals:  11%|Γûê         | 533/5000 [3:36:03<28:11:28, 22.72s/ep, cand 532 | r0 pass 170/529 | episodes 
solved 170 | queue r0 4467 reprompt 0 | verifying 1 | 26.0 s/proposal]
first proposals:  11%|Γûê         | 534/5000 [3:36:24<27:30:22, 22.17s/ep, cand 533 | r0 pass 171/530 | episodes 
solved 171 | queue r0 4466 reprompt 0 | verifying 1 | 26.0 s/proposal]
first proposals:  11%|Γûê         | 535/5000 [3:36:45<27:04:45, 21.83s/ep, cand 534 | r0 pass 172/531 | episodes 
solved 172 | queue r0 4465 reprompt 0 | verifying 1 | 26.0 s/proposal]
first proposals:  11%|Γûê         | 536/5000 [3:37:06<26:46:12, 21.59s/ep, cand 535 | r0 pass 173/532 | episodes 
solved 173 | queue r0 4464 reprompt 0 | verifying 1 | 26.0 s/proposal]
first proposals:  11%|Γûê         | 537/5000 [3:37:28<26:37:15, 21.47s/ep, cand 536 | r0 pass 173/533 | episodes 
solved 173 | queue r0 4463 reprompt 0 | verifying 1 | 25.9 s/proposal]
first proposals:  11%|Γûê         | 538/5000 [3:37:49<26:27:57, 21.35s/ep, cand 537 | r0 pass 173/534 | episodes 
solved 173 | queue r0 4462 reprompt 0 | verifying 1 | 25.9 s/proposal]
first proposals:  11%|Γûê         | 539/5000 [3:38:10<26:23:07, 21.29s/ep, cand 538 | r0 pass 173/535 | episodes 
solved 173 | queue r0 4461 reprompt 0 | verifying 1 | 25.9 s/proposal]
first proposals:  11%|Γûê         | 540/5000 [3:38:31<26:16:39, 21.21s/ep, cand 539 | r0 pass 174/536 | episodes 
solved 174 | queue r0 4460 reprompt 0 | verifying 1 | 25.9 s/proposal]
first proposals:  11%|Γûê         | 541/5000 [3:38:51<25:43:28, 20.77s/ep, cand 540 | r0 pass 174/537 | episodes 
solved 174 | queue r0 4459 reprompt 0 | verifying 1 | 25.9 s/proposal]
first proposals:  11%|Γûê         | 542/5000 [3:39:11<25:45:56, 20.81s/ep, cand 541 | r0 pass 174/538 | episodes 
solved 174 | queue r0 4458 reprompt 0 | verifying 1 | 25.9 s/proposal]
first proposals:  11%|Γûê         | 543/5000 [3:39:32<25:48:24, 20.84s/ep, cand 542 | r0 pass 174/539 | episodes 
solved 174 | queue r0 4457 reprompt 0 | verifying 1 | 25.9 s/proposal]
first proposals:  11%|Γûê         | 544/5000 [3:39:53<25:51:52, 20.90s/ep, cand 543 | r0 pass 175/540 | episodes 
solved 175 | queue r0 4456 reprompt 0 | verifying 1 | 25.9 s/proposal]
first proposals:  11%|Γûê         | 545/5000 [3:40:14<25:47:59, 20.85s/ep, cand 544 | r0 pass 176/541 | episodes 
solved 176 | queue r0 4455 reprompt 0 | verifying 1 | 25.9 s/proposal]
first proposals:  11%|Γûê         | 546/5000 [3:40:35<25:54:17, 20.94s/ep, cand 545 | r0 pass 177/542 | episodes 
solved 177 | queue r0 4454 reprompt 0 | verifying 1 | 25.9 s/proposal]
first proposals:  11%|Γûê         | 547/5000 [3:40:56<25:55:51, 20.96s/ep, cand 546 | r0 pass 178/543 | episodes 
solved 178 | queue r0 4453 reprompt 0 | verifying 1 | 25.9 s/proposal]
first proposals:  11%|Γûê         | 548/5000 [3:41:17<25:59:08, 21.01s/ep, cand 547 | r0 pass 178/544 | episodes 
solved 178 | queue r0 4452 reprompt 0 | verifying 1 | 25.9 s/proposal]
first proposals:  11%|Γûê         | 549/5000 [3:41:38<25:58:49, 21.01s/ep, cand 548 | r0 pass 178/545 | episodes 
solved 178 | queue r0 4451 reprompt 0 | verifying 1 | 25.9 s/proposal]
first proposals:  11%|Γûê         | 550/5000 [3:43:03<49:22:24, 39.94s/ep, cand 549 | r0 pass 178/546 | episodes 
solved 178 | queue r0 4450 reprompt 0 | verifying 1 | 25.9 s/proposal]
first proposals:  11%|Γûê         | 551/5000 [3:43:24<42:20:40, 34.26s/ep, cand 550 | r0 pass 178/547 | episodes 
solved 178 | queue r0 4449 reprompt 0 | verifying 1 | 27.1 s/proposal]
first proposals:  11%|Γûê         | 552/5000 [3:43:44<37:17:44, 30.19s/ep, cand 551 | r0 pass 178/548 | episodes 
solved 178 | queue r0 4448 reprompt 0 | verifying 1 | 27.1 s/proposal]
first proposals:  11%|Γûê         | 553/5000 [3:44:05<33:57:06, 27.49s/ep, cand 552 | r0 pass 179/549 | episodes 
solved 179 | queue r0 4447 reprompt 0 | verifying 1 | 27.1 s/proposal]
first proposals:  11%|Γûê         | 554/5000 [3:44:27<31:35:43, 25.58s/ep, cand 553 | r0 pass 179/550 | episodes 
solved 179 | queue r0 4446 reprompt 0 | verifying 1 | 27.1 s/proposal]
first proposals:  11%|Γûê         | 555/5000 [3:44:47<29:49:56, 24.16s/ep, cand 554 | r0 pass 180/551 | episodes 
solved 180 | queue r0 4445 reprompt 0 | verifying 1 | 27.1 s/proposal]
first proposals:  11%|Γûê         | 556/5000 [3:45:08<28:40:22, 23.23s/ep, cand 555 | r0 pass 181/552 | episodes 
solved 181 | queue r0 4444 reprompt 0 | verifying 1 | 23.9 s/proposal]
first proposals:  11%|Γûê         | 557/5000 [3:45:30<27:58:22, 22.67s/ep, cand 556 | r0 pass 181/553 | episodes 
solved 181 | queue r0 4443 reprompt 0 | verifying 1 | 23.9 s/proposal]
first proposals:  11%|Γûê         | 558/5000 [3:45:51<27:23:45, 22.20s/ep, cand 557 | r0 pass 181/554 | episodes 
solved 181 | queue r0 4442 reprompt 0 | verifying 1 | 23.9 s/proposal]
first proposals:  11%|Γûê         | 559/5000 [3:46:12<27:04:51, 21.95s/ep, cand 558 | r0 pass 181/555 | episodes 
solved 181 | queue r0 4441 reprompt 0 | verifying 1 | 22.9 s/proposal]
first proposals:  11%|Γûê         | 560/5000 [3:46:33<26:35:12, 21.56s/ep, cand 559 | r0 pass 182/556 | episodes 
solved 182 | queue r0 4440 reprompt 0 | verifying 1 | 22.9 s/proposal]
first proposals:  11%|Γûê         | 561/5000 [3:46:54<26:20:56, 21.37s/ep, cand 560 | r0 pass 182/557 | episodes 
solved 182 | queue r0 4439 reprompt 0 | verifying 1 | 22.9 s/proposal]
first proposals:  11%|Γûê         | 562/5000 [3:47:15<26:11:03, 21.24s/ep, cand 561 | r0 pass 182/558 | episodes 
solved 182 | queue r0 4438 reprompt 0 | verifying 1 | 22.9 s/proposal]
first proposals:  11%|ΓûêΓûÅ        | 563/5000 [3:47:36<26:10:14, 21.23s/ep, cand 562 | r0 pass 183/559 | episodes 
solved 183 | queue r0 4437 reprompt 0 | verifying 1 | 22.9 s/proposal]
first proposals:  11%|ΓûêΓûÅ        | 564/5000 [3:47:57<26:07:36, 21.20s/ep, cand 563 | r0 pass 183/560 | episodes 
solved 183 | queue r0 4436 reprompt 0 | verifying 1 | 22.9 s/proposal]
first proposals:  11%|ΓûêΓûÅ        | 565/5000 [3:49:00<41:20:36, 33.56s/ep, cand 564 | r0 pass 183/561 | episodes 
solved 183 | queue r0 4435 reprompt 0 | verifying 1 | 22.9 s/proposal]
first proposals:  11%|ΓûêΓûÅ        | 566/5000 [3:49:21<36:48:00, 29.88s/ep, cand 565 | r0 pass 184/562 | episodes 
solved 184 | queue r0 4434 reprompt 0 | verifying 1 | 23.7 s/proposal]
first proposals:  11%|ΓûêΓûÅ        | 567/5000 [3:49:42<33:26:58, 27.16s/ep, cand 566 | r0 pass 184/563 | episodes 
solved 184 | queue r0 4433 reprompt 0 | verifying 1 | 23.7 s/proposal]
first proposals:  11%|ΓûêΓûÅ        | 568/5000 [3:50:03<31:14:13, 25.37s/ep, cand 567 | r0 pass 184/564 | episodes 
solved 184 | queue r0 4432 reprompt 0 | verifying 1 | 23.7 s/proposal]
first proposals:  11%|ΓûêΓûÅ        | 569/5000 [3:50:23<29:24:29, 23.89s/ep, cand 568 | r0 pass 185/565 | episodes 
solved 185 | queue r0 4431 reprompt 0 | verifying 1 | 23.7 s/proposal]
first proposals:  11%|ΓûêΓûÅ        | 570/5000 [3:50:44<28:20:47, 23.04s/ep, cand 569 | r0 pass 186/566 | episodes 
solved 186 | queue r0 4430 reprompt 0 | verifying 1 | 23.7 s/proposal]
first proposals:  11%|ΓûêΓûÅ        | 571/5000 [3:52:03<48:49:05, 39.68s/ep, cand 570 | r0 pass 187/567 | episodes 
solved 187 | queue r0 4429 reprompt 0 | verifying 1 | 23.7 s/proposal]
first proposals:  11%|ΓûêΓûÅ        | 572/5000 [3:52:24<41:55:09, 34.08s/ep, cand 571 | r0 pass 188/568 | episodes 
solved 188 | queue r0 4428 reprompt 0 | verifying 1 | 24.9 s/proposal]
first proposals:  11%|ΓûêΓûÅ        | 573/5000 [3:52:45<37:02:29, 30.12s/ep, cand 572 | r0 pass 188/569 | episodes 
solved 188 | queue r0 4427 reprompt 0 | verifying 1 | 24.9 s/proposal]
first proposals:  11%|ΓûêΓûÅ        | 574/5000 [3:53:05<33:29:16, 27.24s/ep, cand 573 | r0 pass 188/570 | episodes 
solved 188 | queue r0 4426 reprompt 0 | verifying 1 | 24.9 s/proposal]
first proposals:  12%|ΓûêΓûÅ        | 575/5000 [3:53:26<31:09:51, 25.35s/ep, cand 574 | r0 pass 188/571 | episodes 
solved 188 | queue r0 4425 reprompt 0 | verifying 1 | 24.9 s/proposal]
first proposals:  12%|ΓûêΓûÅ        | 576/5000 [3:53:47<29:33:45, 24.06s/ep, cand 575 | r0 pass 188/572 | episodes 
solved 188 | queue r0 4424 reprompt 0 | verifying 1 | 24.9 s/proposal]
first proposals:  12%|ΓûêΓûÅ        | 577/5000 [3:54:08<28:29:47, 23.19s/ep, cand 576 | r0 pass 188/573 | episodes 
solved 188 | queue r0 4423 reprompt 0 | verifying 1 | 24.9 s/proposal]
first proposals:  12%|ΓûêΓûÅ        | 578/5000 [3:54:30<27:45:10, 22.59s/ep, cand 577 | r0 pass 188/574 | episodes 
solved 188 | queue r0 4422 reprompt 0 | verifying 1 | 24.9 s/proposal]
first proposals:  12%|ΓûêΓûÅ        | 579/5000 [3:54:51<27:13:08, 22.16s/ep, cand 578 | r0 pass 189/575 | episodes 
solved 189 | queue r0 4421 reprompt 0 | verifying 1 | 24.2 s/proposal]
first proposals:  12%|ΓûêΓûÅ        | 580/5000 [3:55:33<34:25:26, 28.04s/ep, cand 579 | r0 pass 189/576 | episodes 
solved 189 | queue r0 4420 reprompt 0 | verifying 1 | 24.2 s/proposal]
first proposals:  12%|ΓûêΓûÅ        | 582/5000 [3:56:15<30:26:30, 24.81s/ep, cand 581 | r0 pass 190/578 | episodes 
solved 190 | queue r0 4418 reprompt 0 | verifying 1 | 24.2 s/proposal]
first proposals:  12%|ΓûêΓûÅ        | 584/5000 [3:56:36<23:31:04, 19.17s/ep, cand 583 | r0 pass 190/580 | episodes 
solved 190 | queue r0 4416 reprompt 0 | verifying 1 | 24.2 s/proposal]
first proposals:  12%|ΓûêΓûÅ        | 585/5000 [3:56:57<24:01:01, 19.58s/ep, cand 584 | r0 pass 191/581 | episodes 
solved 191 | queue r0 4415 reprompt 0 | verifying 1 | 24.2 s/proposal]
first proposals:  12%|ΓûêΓûÅ        | 586/5000 [3:57:18<24:23:19, 19.89s/ep, cand 585 | r0 pass 192/582 | episodes 
solved 192 | queue r0 4414 reprompt 0 | verifying 1 | 24.2 s/proposal]
first proposals:  12%|ΓûêΓûÅ        | 587/5000 [3:57:39<24:40:42, 20.13s/ep, cand 586 | r0 pass 193/583 | episodes 
solved 193 | queue r0 4413 reprompt 0 | verifying 1 | 24.2 s/proposal]
first proposals:  12%|ΓûêΓûÅ        | 588/5000 [3:58:00<24:58:20, 20.38s/ep, cand 587 | r0 pass 193/584 | episodes 
solved 193 | queue r0 4412 reprompt 0 | verifying 1 | 24.2 s/proposal]
first proposals:  12%|ΓûêΓûÅ        | 589/5000 [3:58:21<25:11:41, 20.56s/ep, cand 588 | r0 pass 194/585 | episodes 
solved 194 | queue r0 4411 reprompt 0 | verifying 1 | 24.2 s/proposal]
first proposals:  12%|ΓûêΓûÅ        | 590/5000 [3:58:42<25:24:26, 20.74s/ep, cand 589 | r0 pass 194/586 | episodes 
solved 194 | queue r0 4410 reprompt 0 | verifying 1 | 24.2 s/proposal]
first proposals:  12%|ΓûêΓûÅ        | 591/5000 [3:59:03<25:30:32, 20.83s/ep, cand 590 | r0 pass 194/587 | episodes 
solved 194 | queue r0 4409 reprompt 0 | verifying 1 | 24.2 s/proposal]
first proposals:  12%|ΓûêΓûÅ        | 592/5000 [3:59:45<33:05:03, 27.02s/ep, cand 591 | r0 pass 194/588 | episodes 
solved 194 | queue r0 4408 reprompt 0 | verifying 1 | 24.2 s/proposal]
first proposals:  12%|ΓûêΓûÅ        | 594/5000 [4:00:06<23:52:37, 19.51s/ep, cand 593 | r0 pass 195/590 | episodes 
solved 195 | queue r0 4406 reprompt 0 | verifying 1 | 24.2 s/proposal]
first proposals:  12%|ΓûêΓûÅ        | 595/5000 [4:00:27<24:25:17, 19.96s/ep, cand 594 | r0 pass 195/591 | episodes 
solved 195 | queue r0 4405 reprompt 0 | verifying 1 | 24.2 s/proposal]
first proposals:  12%|ΓûêΓûÅ        | 596/5000 [4:00:48<24:47:28, 20.27s/ep, cand 595 | r0 pass 196/592 | episodes 
solved 196 | queue r0 4404 reprompt 0 | verifying 1 | 24.2 s/proposal]
first proposals:  12%|ΓûêΓûÅ        | 597/5000 [4:01:09<24:58:27, 20.42s/ep, cand 596 | r0 pass 196/593 | episodes 
solved 196 | queue r0 4403 reprompt 0 | verifying 1 | 24.2 s/proposal]
first proposals:  12%|ΓûêΓûÅ        | 598/5000 [4:01:30<25:03:10, 20.49s/ep, cand 597 | r0 pass 196/594 | episodes 
solved 196 | queue r0 4402 reprompt 0 | verifying 1 | 24.2 s/proposal]
first proposals:  12%|ΓûêΓûÅ        | 599/5000 [4:01:51<25:17:13, 20.68s/ep, cand 598 | r0 pass 197/595 | episodes 
solved 197 | queue r0 4401 reprompt 0 | verifying 1 | 24.2 s/proposal]
first proposals:  12%|ΓûêΓûÅ        | 600/5000 [4:02:13<25:31:12, 20.88s/ep, cand 599 | r0 pass 198/596 | episodes 
solved 198 | queue r0 4400 reprompt 0 | verifying 1 | 24.2 s/proposal]
first proposals:  12%|ΓûêΓûÅ        | 601/5000 [4:02:34<25:36:27, 20.96s/ep, cand 600 | r0 pass 198/597 | episodes 
solved 198 | queue r0 4399 reprompt 0 | verifying 1 | 23.0 s/proposal]
first proposals:  12%|ΓûêΓûÅ        | 602/5000 [4:02:55<25:37:19, 20.97s/ep, cand 601 | r0 pass 198/598 | episodes 
solved 198 | queue r0 4398 reprompt 0 | verifying 1 | 23.0 s/proposal]
first proposals:  12%|ΓûêΓûÅ        | 603/5000 [4:03:54<39:20:08, 32.21s/ep, cand 602 | r0 pass 198/599 | episodes 
solved 198 | queue r0 4397 reprompt 0 | verifying 1 | 23.0 s/proposal]
first proposals:  12%|ΓûêΓûÅ        | 604/5000 [4:04:14<35:13:08, 28.84s/ep, cand 603 | r0 pass 198/600 | episodes 
solved 198 | queue r0 4396 reprompt 0 | verifying 1 | 23.7 s/proposal]
first proposals:  12%|ΓûêΓûÅ        | 605/5000 [4:04:36<32:22:13, 26.52s/ep, cand 604 | r0 pass 198/601 | episodes 
solved 198 | queue r0 4395 reprompt 0 | verifying 1 | 23.7 s/proposal]
first proposals:  12%|ΓûêΓûÅ        | 606/5000 [4:04:57<30:22:12, 24.88s/ep, cand 605 | r0 pass 199/602 | episodes 
solved 199 | queue r0 4394 reprompt 0 | verifying 1 | 23.7 s/proposal]
first proposals:  12%|ΓûêΓûÅ        | 607/5000 [4:05:21<30:21:13, 24.87s/ep, cand 606 | r0 pass 199/603 | episodes 
solved 199 | queue r0 4393 reprompt 0 | verifying 1 | 23.7 s/proposal]
first proposals:  12%|ΓûêΓûÅ        | 608/5000 [4:06:33<47:26:14, 38.88s/ep, cand 607 | r0 pass 199/604 | episodes 
solved 199 | queue r0 4392 reprompt 0 | verifying 1 | 23.8 s/proposal]
first proposals:  12%|ΓûêΓûÅ        | 609/5000 [4:06:54<40:51:57, 33.50s/ep, cand 608 | r0 pass 200/605 | episodes 
solved 200 | queue r0 4391 reprompt 0 | verifying 1 | 24.8 s/proposal]
first proposals:  12%|ΓûêΓûÅ        | 610/5000 [4:07:17<37:08:23, 30.46s/ep, cand 609 | r0 pass 200/606 | episodes 
solved 200 | queue r0 4390 reprompt 0 | verifying 1 | 24.8 s/proposal]
first proposals:  12%|ΓûêΓûÅ        | 611/5000 [4:07:43<35:30:28, 29.12s/ep, cand 610 | r0 pass 200/607 | episodes 
solved 200 | queue r0 4389 reprompt 0 | verifying 1 | 24.9 s/proposal]
first proposals:  12%|ΓûêΓûÅ        | 612/5000 [4:08:09<34:11:59, 28.06s/ep, cand 611 | r0 pass 201/608 | episodes 
solved 201 | queue r0 4388 reprompt 0 | verifying 1 | 25.0 s/proposal]
first proposals:  12%|ΓûêΓûÅ        | 613/5000 [4:08:33<32:38:48, 26.79s/ep, cand 612 | r0 pass 201/609 | episodes 
solved 201 | queue r0 4387 reprompt 0 | verifying 1 | 25.0 s/proposal]
first proposals:  12%|ΓûêΓûÅ        | 614/5000 [4:08:57<31:46:14, 26.08s/ep, cand 613 | r0 pass 202/610 | episodes 
solved 202 | queue r0 4386 reprompt 0 | verifying 1 | 25.1 s/proposal]
first proposals:  12%|ΓûêΓûÅ        | 615/5000 [4:09:22<31:26:33, 25.81s/ep, cand 614 | r0 pass 203/611 | episodes 
solved 203 | queue r0 4385 reprompt 0 | verifying 1 | 25.2 s/proposal]
first proposals:  12%|ΓûêΓûÅ        | 616/5000 [4:09:46<30:37:56, 25.15s/ep, cand 615 | r0 pass 203/612 | episodes 
solved 203 | queue r0 4384 reprompt 0 | verifying 1 | 24.4 s/proposal]
first proposals:  12%|ΓûêΓûÅ        | 617/5000 [4:10:09<29:47:36, 24.47s/ep, cand 616 | r0 pass 203/613 | episodes 
solved 203 | queue r0 4383 reprompt 0 | verifying 1 | 24.5 s/proposal]
first proposals:  12%|ΓûêΓûÅ        | 618/5000 [4:10:30<28:31:52, 23.44s/ep, cand 617 | r0 pass 203/614 | episodes 
solved 203 | queue r0 4382 reprompt 0 | verifying 1 | 24.5 s/proposal]
first proposals:  12%|ΓûêΓûÅ        | 619/5000 [4:10:52<28:06:18, 23.09s/ep, cand 618 | r0 pass 203/615 | episodes 
solved 203 | queue r0 4381 reprompt 0 | verifying 1 | 24.5 s/proposal]
first proposals:  12%|ΓûêΓûÅ        | 620/5000 [4:11:17<28:40:30, 23.57s/ep, cand 619 | r0 pass 203/616 | episodes 
solved 203 | queue r0 4380 reprompt 0 | verifying 1 | 24.5 s/proposal]
first proposals:  12%|ΓûêΓûÅ        | 621/5000 [4:11:41<28:59:50, 23.84s/ep, cand 620 | r0 pass 204/617 | episodes 
solved 204 | queue r0 4379 reprompt 0 | verifying 1 | 24.6 s/proposal]
first proposals:  12%|ΓûêΓûÅ        | 622/5000 [4:12:10<30:46:59, 25.31s/ep, cand 621 | r0 pass 204/618 | episodes 
solved 204 | queue r0 4378 reprompt 0 | verifying 1 | 23.5 s/proposal]
first proposals:  12%|ΓûêΓûÅ        | 623/5000 [4:14:07<64:13:57, 52.83s/ep, cand 622 | r0 pass 205/619 | episodes 
solved 205 | queue r0 4377 reprompt 0 | verifying 1 | 23.7 s/proposal]
first proposals:  12%|ΓûêΓûÅ        | 624/5000 [4:14:35<55:05:37, 45.32s/ep, cand 623 | r0 pass 206/620 | episodes 
solved 206 | queue r0 4376 reprompt 0 | verifying 1 | 25.6 s/proposal]
first proposals:  12%|ΓûêΓûÄ        | 625/5000 [4:15:07<50:17:31, 41.38s/ep, cand 624 | r0 pass 206/621 | episodes 
solved 206 | queue r0 4375 reprompt 0 | verifying 1 | 25.8 s/proposal]
first proposals:  13%|ΓûêΓûÄ        | 626/5000 [4:15:36<45:32:40, 37.49s/ep, cand 625 | r0 pass 206/622 | episodes 
solved 206 | queue r0 4374 reprompt 0 | verifying 1 | 26.0 s/proposal]
first proposals:  13%|ΓûêΓûÄ        | 627/5000 [4:16:03<41:48:01, 34.41s/ep, cand 626 | r0 pass 207/623 | episodes 
solved 207 | queue r0 4373 reprompt 0 | verifying 1 | 26.1 s/proposal]
first proposals:  13%|ΓûêΓûÄ        | 628/5000 [4:16:30<39:01:46, 32.14s/ep, cand 627 | r0 pass 208/624 | episodes 
solved 208 | queue r0 4372 reprompt 0 | verifying 1 | 26.2 s/proposal]
first proposals:  13%|ΓûêΓûÄ        | 629/5000 [4:16:56<36:56:31, 30.43s/ep, cand 628 | r0 pass 208/625 | episodes 
solved 208 | queue r0 4371 reprompt 0 | verifying 1 | 26.4 s/proposal]
first proposals:  13%|ΓûêΓûÄ        | 630/5000 [4:17:20<34:30:04, 28.42s/ep, cand 629 | r0 pass 208/626 | episodes 
solved 208 | queue r0 4370 reprompt 0 | verifying 1 | 26.5 s/proposal]
first proposals:  13%|ΓûêΓûÄ        | 631/5000 [4:18:28<49:04:18, 40.43s/ep, cand 630 | r0 pass 208/627 | episodes 
solved 208 | queue r0 4369 reprompt 0 | verifying 1 | 26.5 s/proposal]
first proposals:  13%|ΓûêΓûÄ        | 632/5000 [4:18:53<43:19:30, 35.71s/ep, cand 631 | r0 pass 208/628 | episodes 
solved 208 | queue r0 4368 reprompt 0 | verifying 1 | 27.5 s/proposal]
first proposals:  13%|ΓûêΓûÄ        | 633/5000 [4:19:20<40:05:57, 33.06s/ep, cand 632 | r0 pass 208/629 | episodes 
solved 208 | queue r0 4367 reprompt 0 | verifying 1 | 27.5 s/proposal]
first proposals:  13%|ΓûêΓûÄ        | 634/5000 [4:20:14<47:44:39, 39.37s/ep, cand 633 | r0 pass 208/630 | episodes 
solved 208 | queue r0 4366 reprompt 0 | verifying 1 | 27.7 s/proposal]
first proposals:  13%|ΓûêΓûÄ        | 635/5000 [4:20:44<44:25:57, 36.65s/ep, cand 634 | r0 pass 208/631 | episodes 
solved 208 | queue r0 4365 reprompt 0 | verifying 1 | 28.3 s/proposal]
first proposals:  13%|ΓûêΓûÄ        | 636/5000 [4:21:24<45:36:45, 37.63s/ep, cand 635 | r0 pass 208/632 | episodes 
solved 208 | queue r0 4364 reprompt 0 | verifying 1 | 28.5 s/proposal]
first proposals:  13%|ΓûêΓûÄ        | 637/5000 [4:21:53<42:21:34, 34.95s/ep, cand 636 | r0 pass 208/633 | episodes 
solved 208 | queue r0 4363 reprompt 0 | verifying 1 | 28.9 s/proposal]
first proposals:  13%|ΓûêΓûÄ        | 638/5000 [4:22:26<41:34:40, 34.31s/ep, cand 637 | r0 pass 208/634 | episodes 
solved 208 | queue r0 4362 reprompt 0 | verifying 1 | 29.0 s/proposal]
first proposals:  13%|ΓûêΓûÄ        | 639/5000 [4:22:56<40:19:06, 33.28s/ep, cand 638 | r0 pass 208/635 | episodes 
solved 208 | queue r0 4361 reprompt 0 | verifying 1 | 29.3 s/proposal]
first proposals:  13%|ΓûêΓûÄ        | 640/5000 [4:23:26<38:56:21, 32.15s/ep, cand 639 | r0 pass 209/636 | episodes 
solved 209 | queue r0 4360 reprompt 0 | verifying 1 | 29.5 s/proposal]
first proposals:  13%|ΓûêΓûÄ        | 641/5000 [4:24:06<41:44:42, 34.48s/ep, cand 640 | r0 pass 210/637 | episodes 
solved 210 | queue r0 4359 reprompt 0 | verifying 1 | 29.6 s/proposal]
first proposals:  13%|ΓûêΓûÄ        | 642/5000 [4:24:40<41:45:22, 34.49s/ep, cand 641 | r0 pass 210/638 | episodes 
solved 210 | queue r0 4358 reprompt 0 | verifying 1 | 30.0 s/proposal]
first proposals:  13%|ΓûêΓûÄ        | 643/5000 [4:25:17<42:21:25, 35.00s/ep, cand 642 | r0 pass 210/639 | episodes 
solved 210 | queue r0 4357 reprompt 0 | verifying 1 | 30.3 s/proposal]
first proposals:  13%|ΓûêΓûÄ        | 644/5000 [4:25:44<39:42:47, 32.82s/ep, cand 643 | r0 pass 211/640 | episodes 
solved 211 | queue r0 4356 reprompt 0 | verifying 1 | 30.6 s/proposal]
first proposals:  13%|ΓûêΓûÄ        | 645/5000 [4:26:17<39:30:53, 32.66s/ep, cand 644 | r0 pass 212/641 | episodes 
solved 212 | queue r0 4355 reprompt 0 | verifying 1 | 30.7 s/proposal]
first proposals:  13%|ΓûêΓûÄ        | 646/5000 [4:26:44<37:29:34, 31.00s/ep, cand 645 | r0 pass 212/642 | episodes 
solved 212 | queue r0 4354 reprompt 0 | verifying 1 | 30.9 s/proposal]
first proposals:  13%|ΓûêΓûÄ        | 647/5000 [4:27:11<36:11:51, 29.94s/ep, cand 646 | r0 pass 212/643 | episodes 
solved 212 | queue r0 4353 reprompt 0 | verifying 1 | 31.1 s/proposal]
first proposals:  13%|ΓûêΓûÄ        | 648/5000 [4:27:37<34:46:06, 28.76s/ep, cand 647 | r0 pass 213/644 | episodes 
solved 213 | queue r0 4352 reprompt 0 | verifying 1 | 31.2 s/proposal]
first proposals:  13%|ΓûêΓûÄ        | 649/5000 [4:28:06<34:37:00, 28.64s/ep, cand 648 | r0 pass 213/645 | episodes 
solved 213 | queue r0 4351 reprompt 0 | verifying 1 | 31.3 s/proposal]
first proposals:  13%|ΓûêΓûÄ        | 650/5000 [4:28:33<34:19:59, 28.41s/ep, cand 649 | r0 pass 213/646 | episodes 
solved 213 | queue r0 4350 reprompt 0 | verifying 1 | 31.5 s/proposal]
first proposals:  13%|ΓûêΓûÄ        | 651/5000 [4:28:59<33:22:49, 27.63s/ep, cand 650 | r0 pass 214/647 | episodes 
solved 214 | queue r0 4349 reprompt 0 | verifying 1 | 31.6 s/proposal]
first proposals:  13%|ΓûêΓûÄ        | 652/5000 [4:29:24<32:08:28, 26.61s/ep, cand 651 | r0 pass 214/648 | episodes 
solved 214 | queue r0 4348 reprompt 0 | verifying 1 | 31.7 s/proposal]
first proposals:  13%|ΓûêΓûÄ        | 653/5000 [4:29:46<30:38:24, 25.37s/ep, cand 652 | r0 pass 215/649 | episodes 
solved 215 | queue r0 4347 reprompt 0 | verifying 1 | 31.7 s/proposal]
first proposals:  13%|ΓûêΓûÄ        | 654/5000 [4:30:09<29:54:44, 24.78s/ep, cand 653 | r0 pass 216/650 | episodes 
solved 216 | queue r0 4346 reprompt 0 | verifying 1 | 31.0 s/proposal]
first proposals:  13%|ΓûêΓûÄ        | 655/5000 [4:30:40<32:03:44, 26.57s/ep, cand 654 | r0 pass 217/651 | episodes 
solved 217 | queue r0 4345 reprompt 0 | verifying 1 | 31.1 s/proposal]
first proposals:  13%|ΓûêΓûÄ        | 656/5000 [4:31:07<32:07:20, 26.62s/ep, cand 655 | r0 pass 218/652 | episodes 
solved 218 | queue r0 4344 reprompt 0 | verifying 1 | 31.3 s/proposal]
first proposals:  13%|ΓûêΓûÄ        | 657/5000 [4:31:35<32:40:52, 27.09s/ep, cand 656 | r0 pass 218/653 | episodes 
solved 218 | queue r0 4343 reprompt 0 | verifying 1 | 31.4 s/proposal]
first proposals:  13%|ΓûêΓûÄ        | 658/5000 [4:32:02<32:34:39, 27.01s/ep, cand 657 | r0 pass 218/654 | episodes 
solved 218 | queue r0 4342 reprompt 0 | verifying 1 | 31.4 s/proposal]
first proposals:  13%|ΓûêΓûÄ        | 659/5000 [4:32:31<33:19:19, 27.63s/ep, cand 658 | r0 pass 218/655 | episodes 
solved 218 | queue r0 4341 reprompt 0 | verifying 1 | 30.5 s/proposal]
first proposals:  13%|ΓûêΓûÄ        | 660/5000 [4:33:02<34:26:59, 28.58s/ep, cand 659 | r0 pass 218/656 | episodes 
solved 218 | queue r0 4340 reprompt 0 | verifying 1 | 30.7 s/proposal]
first proposals:  13%|ΓûêΓûÄ        | 661/5000 [4:33:28<33:35:59, 27.88s/ep, cand 660 | r0 pass 218/657 | episodes 
solved 218 | queue r0 4339 reprompt 0 | verifying 1 | 30.9 s/proposal]
first proposals:  13%|ΓûêΓûÄ        | 662/5000 [4:33:57<33:58:38, 28.20s/ep, cand 661 | r0 pass 218/658 | episodes 
solved 218 | queue r0 4338 reprompt 0 | verifying 1 | 30.9 s/proposal]
first proposals:  13%|ΓûêΓûÄ        | 663/5000 [4:34:20<32:05:17, 26.64s/ep, cand 662 | r0 pass 218/659 | episodes 
solved 218 | queue r0 4337 reprompt 0 | verifying 1 | 30.9 s/proposal]
first proposals:  13%|ΓûêΓûÄ        | 664/5000 [4:34:44<31:19:22, 26.01s/ep, cand 663 | r0 pass 219/660 | episodes 
solved 219 | queue r0 4336 reprompt 0 | verifying 1 | 30.9 s/proposal]
first proposals:  13%|ΓûêΓûÄ        | 665/5000 [4:35:12<31:47:39, 26.40s/ep, cand 664 | r0 pass 219/661 | episodes 
solved 219 | queue r0 4335 reprompt 0 | verifying 1 | 30.9 s/proposal]
first proposals:  13%|ΓûêΓûÄ        | 666/5000 [4:35:36<31:02:34, 25.79s/ep, cand 665 | r0 pass 219/662 | episodes 
solved 219 | queue r0 4334 reprompt 0 | verifying 1 | 31.0 s/proposal]
first proposals:  13%|ΓûêΓûÄ        | 667/5000 [4:35:59<29:48:29, 24.77s/ep, cand 666 | r0 pass 219/663 | episodes 
solved 219 | queue r0 4333 reprompt 0 | verifying 1 | 31.0 s/proposal]
first proposals:  13%|ΓûêΓûÄ        | 668/5000 [4:36:21<28:48:21, 23.94s/ep, cand 667 | r0 pass 219/664 | episodes 
solved 219 | queue r0 4332 reprompt 0 | verifying 1 | 31.0 s/proposal]
first proposals:  13%|ΓûêΓûÄ        | 669/5000 [4:36:45<28:52:55, 24.01s/ep, cand 668 | r0 pass 220/665 | episodes 
solved 220 | queue r0 4331 reprompt 0 | verifying 1 | 31.0 s/proposal]
first proposals:  13%|ΓûêΓûÄ        | 670/5000 [4:37:11<29:37:50, 24.64s/ep, cand 669 | r0 pass 221/666 | episodes 
solved 221 | queue r0 4330 reprompt 0 | verifying 1 | 31.0 s/proposal]
first proposals:  13%|ΓûêΓûÄ        | 671/5000 [4:37:35<29:37:58, 24.64s/ep, cand 670 | r0 pass 221/667 | episodes 
solved 221 | queue r0 4329 reprompt 0 | verifying 1 | 31.0 s/proposal]
first proposals:  13%|ΓûêΓûÄ        | 672/5000 [4:37:57<28:28:15, 23.68s/ep, cand 671 | r0 pass 221/668 | episodes 
solved 221 | queue r0 4328 reprompt 0 | verifying 1 | 31.0 s/proposal]
first proposals:  13%|ΓûêΓûÄ        | 673/5000 [4:38:19<28:01:23, 23.31s/ep, cand 672 | r0 pass 222/669 | episodes 
solved 222 | queue r0 4327 reprompt 0 | verifying 1 | 30.9 s/proposal]
first proposals:  13%|ΓûêΓûÄ        | 674/5000 [4:38:42<27:56:13, 23.25s/ep, cand 673 | r0 pass 222/670 | episodes 
solved 222 | queue r0 4326 reprompt 0 | verifying 1 | 29.0 s/proposal]
first proposals:  14%|ΓûêΓûÄ        | 675/5000 [4:39:05<27:40:14, 23.03s/ep, cand 674 | r0 pass 223/671 | episodes 
solved 223 | queue r0 4325 reprompt 0 | verifying 1 | 28.9 s/proposal]
first proposals:  14%|ΓûêΓûÄ        | 676/5000 [4:39:29<28:01:07, 23.33s/ep, cand 675 | r0 pass 223/672 | episodes 
solved 223 | queue r0 4324 reprompt 0 | verifying 1 | 28.7 s/proposal]
first proposals:  14%|ΓûêΓûÄ        | 677/5000 [4:39:53<28:11:49, 23.48s/ep, cand 676 | r0 pass 224/673 | episodes 
solved 224 | queue r0 4323 reprompt 0 | verifying 1 | 28.6 s/proposal]
first proposals:  14%|ΓûêΓûÄ        | 678/5000 [4:40:16<27:57:32, 23.29s/ep, cand 677 | r0 pass 225/674 | episodes 
solved 225 | queue r0 4322 reprompt 0 | verifying 1 | 28.6 s/proposal]
first proposals:  14%|ΓûêΓûÄ        | 679/5000 [4:40:40<28:10:29, 23.47s/ep, cand 678 | r0 pass 226/675 | episodes 
solved 226 | queue r0 4321 reprompt 0 | verifying 1 | 28.5 s/proposal]
first proposals:  14%|ΓûêΓûÄ        | 680/5000 [4:40:58<26:16:32, 21.90s/ep, cand 679 | r0 pass 227/676 | episodes 
solved 227 | queue r0 4320 reprompt 0 | verifying 1 | 28.4 s/proposal]
first proposals:  14%|ΓûêΓûÄ        | 681/5000 [4:41:18<25:45:29, 21.47s/ep, cand 680 | r0 pass 228/677 | episodes 
solved 228 | queue r0 4319 reprompt 0 | verifying 1 | 28.3 s/proposal]
first proposals:  14%|ΓûêΓûÄ        | 682/5000 [4:41:43<26:45:15, 22.31s/ep, cand 681 | r0 pass 229/678 | episodes 
solved 229 | queue r0 4318 reprompt 0 | verifying 1 | 27.4 s/proposal]
first proposals:  14%|ΓûêΓûÄ        | 683/5000 [4:42:05<26:42:02, 22.27s/ep, cand 682 | r0 pass 230/679 | episodes 
solved 230 | queue r0 4317 reprompt 0 | verifying 1 | 27.4 s/proposal]
first proposals:  14%|ΓûêΓûÄ        | 684/5000 [4:42:28<27:03:37, 22.57s/ep, cand 683 | r0 pass 230/680 | episodes 
solved 230 | queue r0 4316 reprompt 0 | verifying 1 | 27.3 s/proposal]
first proposals:  14%|ΓûêΓûÄ        | 685/5000 [4:42:54<28:26:20, 23.73s/ep, cand 684 | r0 pass 230/681 | episodes 
solved 230 | queue r0 4315 reprompt 0 | verifying 1 | 26.7 s/proposal]
first proposals:  14%|ΓûêΓûÄ        | 686/5000 [4:43:16<27:44:13, 23.15s/ep, cand 685 | r0 pass 231/682 | episodes 
solved 231 | queue r0 4314 reprompt 0 | verifying 1 | 26.6 s/proposal]
first proposals:  14%|ΓûêΓûÄ        | 687/5000 [4:43:41<28:09:37, 23.51s/ep, cand 686 | r0 pass 231/683 | episodes 
solved 231 | queue r0 4313 reprompt 0 | verifying 1 | 26.2 s/proposal]
first proposals:  14%|ΓûêΓûì        | 688/5000 [4:44:05<28:36:05, 23.88s/ep, cand 687 | r0 pass 231/684 | episodes 
solved 231 | queue r0 4312 reprompt 0 | verifying 1 | 26.1 s/proposal]
first proposals:  14%|ΓûêΓûì        | 689/5000 [4:44:31<29:21:22, 24.51s/ep, cand 688 | r0 pass 231/685 | episodes 
solved 231 | queue r0 4311 reprompt 0 | verifying 1 | 26.0 s/proposal]
first proposals:  14%|ΓûêΓûì        | 690/5000 [4:45:01<31:18:49, 26.16s/ep, cand 689 | r0 pass 231/686 | episodes 
solved 231 | queue r0 4310 reprompt 0 | verifying 1 | 25.9 s/proposal]
first proposals:  14%|ΓûêΓûì        | 691/5000 [4:45:31<32:37:19, 27.25s/ep, cand 690 | r0 pass 231/687 | episodes 
solved 231 | queue r0 4309 reprompt 0 | verifying 1 | 25.9 s/proposal]
first proposals:  14%|ΓûêΓûì        | 692/5000 [4:45:57<32:10:34, 26.89s/ep, cand 691 | r0 pass 232/688 | episodes 
solved 232 | queue r0 4308 reprompt 0 | verifying 1 | 25.7 s/proposal]
first proposals:  14%|ΓûêΓûì        | 693/5000 [4:46:25<32:38:26, 27.28s/ep, cand 692 | r0 pass 232/689 | episodes 
solved 232 | queue r0 4307 reprompt 0 | verifying 1 | 25.5 s/proposal]
first proposals:  14%|ΓûêΓûì        | 694/5000 [4:46:58<34:34:09, 28.90s/ep, cand 693 | r0 pass 233/690 | episodes 
solved 233 | queue r0 4306 reprompt 0 | verifying 1 | 25.3 s/proposal]
first proposals:  14%|ΓûêΓûì        | 695/5000 [4:47:25<33:50:25, 28.30s/ep, cand 694 | r0 pass 233/691 | episodes 
solved 233 | queue r0 4305 reprompt 0 | verifying 1 | 25.4 s/proposal]
first proposals:  14%|ΓûêΓûì        | 696/5000 [4:47:52<33:34:22, 28.08s/ep, cand 695 | r0 pass 234/692 | episodes 
solved 234 | queue r0 4304 reprompt 0 | verifying 1 | 25.3 s/proposal]
first proposals:  14%|ΓûêΓûì        | 697/5000 [4:48:18<32:39:30, 27.32s/ep, cand 696 | r0 pass 234/693 | episodes 
solved 234 | queue r0 4303 reprompt 0 | verifying 1 | 25.3 s/proposal]
first proposals:  14%|ΓûêΓûì        | 698/5000 [4:48:43<31:38:46, 26.48s/ep, cand 697 | r0 pass 234/694 | episodes 
solved 234 | queue r0 4302 reprompt 0 | verifying 1 | 25.3 s/proposal]
first proposals:  14%|ΓûêΓûì        | 699/5000 [4:49:08<31:10:29, 26.09s/ep, cand 698 | r0 pass 234/695 | episodes 
solved 234 | queue r0 4301 reprompt 0 | verifying 1 | 25.3 s/proposal]
first proposals:  14%|ΓûêΓûì        | 700/5000 [4:49:35<31:41:00, 26.53s/ep, cand 699 | r0 pass 234/696 | episodes 
solved 234 | queue r0 4300 reprompt 0 | verifying 1 | 25.2 s/proposal]
first proposals:  14%|ΓûêΓûì        | 701/5000 [4:50:08<34:04:13, 28.53s/ep, cand 700 | r0 pass 234/697 | episodes 
solved 234 | queue r0 4299 reprompt 0 | verifying 1 | 25.2 s/proposal]
first proposals:  14%|ΓûêΓûì        | 702/5000 [4:50:40<35:05:49, 29.40s/ep, cand 701 | r0 pass 234/698 | episodes 
solved 234 | queue r0 4298 reprompt 0 | verifying 1 | 25.4 s/proposal]
first proposals:  14%|ΓûêΓûì        | 703/5000 [4:51:11<35:34:14, 29.80s/ep, cand 702 | r0 pass 234/699 | episodes 
solved 234 | queue r0 4297 reprompt 0 | verifying 1 | 25.5 s/proposal]
first proposals:  14%|ΓûêΓûì        | 704/5000 [4:51:44<36:44:57, 30.80s/ep, cand 703 | r0 pass 234/700 | episodes 
solved 234 | queue r0 4296 reprompt 0 | verifying 1 | 25.7 s/proposal]
first proposals:  14%|ΓûêΓûì        | 705/5000 [4:52:17<37:26:44, 31.39s/ep, cand 704 | r0 pass 235/701 | episodes 
solved 235 | queue r0 4295 reprompt 0 | verifying 1 | 25.9 s/proposal]
first proposals:  14%|ΓûêΓûì        | 706/5000 [4:52:48<37:37:25, 31.54s/ep, cand 705 | r0 pass 236/702 | episodes 
solved 236 | queue r0 4294 reprompt 0 | verifying 1 | 25.9 s/proposal]
first proposals:  14%|ΓûêΓûì        | 707/5000 [4:53:19<37:12:56, 31.21s/ep, cand 706 | r0 pass 236/703 | episodes 
solved 236 | queue r0 4293 reprompt 0 | verifying 1 | 26.0 s/proposal]
first proposals:  14%|ΓûêΓûì        | 708/5000 [4:53:51<37:30:16, 31.46s/ep, cand 707 | r0 pass 236/704 | episodes 
solved 236 | queue r0 4292 reprompt 0 | verifying 1 | 26.0 s/proposal]
first proposals:  14%|ΓûêΓûì        | 709/5000 [4:54:23<37:51:44, 31.77s/ep, cand 708 | r0 pass 236/705 | episodes 
solved 236 | queue r0 4291 reprompt 0 | verifying 1 | 26.1 s/proposal]
first proposals:  14%|ΓûêΓûì        | 710/5000 [4:54:58<38:43:17, 32.49s/ep, cand 709 | r0 pass 236/706 | episodes 
solved 236 | queue r0 4290 reprompt 0 | verifying 1 | 26.2 s/proposal]
first proposals:  14%|ΓûêΓûì        | 711/5000 [4:55:28<38:07:19, 32.00s/ep, cand 710 | r0 pass 236/707 | episodes 
solved 236 | queue r0 4289 reprompt 0 | verifying 1 | 26.3 s/proposal]
first proposals:  14%|ΓûêΓûì        | 712/5000 [4:56:03<39:02:07, 32.77s/ep, cand 711 | r0 pass 237/708 | episodes 
solved 237 | queue r0 4288 reprompt 0 | verifying 1 | 26.4 s/proposal]
first proposals:  14%|ΓûêΓûì        | 713/5000 [4:56:34<38:31:29, 32.35s/ep, cand 712 | r0 pass 237/709 | episodes 
solved 237 | queue r0 4287 reprompt 0 | verifying 1 | 26.5 s/proposal]
first proposals:  14%|ΓûêΓûì        | 714/5000 [4:57:03<37:13:18, 31.26s/ep, cand 713 | r0 pass 238/710 | episodes 
solved 238 | queue r0 4286 reprompt 0 | verifying 1 | 26.7 s/proposal]
first proposals:  14%|ΓûêΓûì        | 715/5000 [4:57:32<36:23:07, 30.57s/ep, cand 714 | r0 pass 238/711 | episodes 
solved 238 | queue r0 4285 reprompt 0 | verifying 1 | 26.7 s/proposal]
first proposals:  14%|ΓûêΓûì        | 716/5000 [4:57:59<35:05:43, 29.49s/ep, cand 715 | r0 pass 238/712 | episodes 
solved 238 | queue r0 4284 reprompt 0 | verifying 1 | 26.8 s/proposal]
first proposals:  14%|ΓûêΓûì        | 717/5000 [4:59:52<64:45:10, 54.43s/ep, cand 716 | r0 pass 238/713 | episodes 
solved 238 | queue r0 4283 reprompt 0 | verifying 1 | 26.8 s/proposal]
first proposals:  14%|ΓûêΓûì        | 718/5000 [5:00:25<57:23:31, 48.25s/ep, cand 717 | r0 pass 239/714 | episodes 
solved 239 | queue r0 4282 reprompt 0 | verifying 1 | 28.6 s/proposal]
first proposals:  14%|ΓûêΓûì        | 719/5000 [5:00:56<51:13:24, 43.08s/ep, cand 718 | r0 pass 239/715 | episodes 
solved 239 | queue r0 4281 reprompt 0 | verifying 1 | 28.9 s/proposal]
first proposals:  14%|ΓûêΓûì        | 720/5000 [5:01:29<47:25:41, 39.89s/ep, cand 719 | r0 pass 239/716 | episodes 
solved 239 | queue r0 4280 reprompt 0 | verifying 1 | 29.0 s/proposal]
first proposals:  14%|ΓûêΓûì        | 721/5000 [5:02:02<44:56:37, 37.81s/ep, cand 720 | r0 pass 240/717 | episodes 
solved 240 | queue r0 4279 reprompt 0 | verifying 1 | 29.1 s/proposal]
first proposals:  14%|ΓûêΓûì        | 722/5000 [5:02:34<42:44:51, 35.97s/ep, cand 721 | r0 pass 241/718 | episodes 
solved 241 | queue r0 4278 reprompt 0 | verifying 1 | 29.3 s/proposal]
first proposals:  14%|ΓûêΓûì        | 723/5000 [5:03:04<40:44:36, 34.29s/ep, cand 722 | r0 pass 241/719 | episodes 
solved 241 | queue r0 4277 reprompt 0 | verifying 1 | 29.5 s/proposal]
first proposals:  14%|ΓûêΓûì        | 724/5000 [5:03:37<40:09:27, 33.81s/ep, cand 723 | r0 pass 241/720 | episodes 
solved 241 | queue r0 4276 reprompt 0 | verifying 1 | 29.7 s/proposal]
first proposals:  14%|ΓûêΓûì        | 725/5000 [5:04:11<40:16:56, 33.92s/ep, cand 724 | r0 pass 241/721 | episodes 
solved 241 | queue r0 4275 reprompt 0 | verifying 1 | 29.8 s/proposal]
first proposals:  15%|ΓûêΓûì        | 726/5000 [5:04:44<40:01:00, 33.71s/ep, cand 725 | r0 pass 241/722 | episodes 
solved 241 | queue r0 4274 reprompt 0 | verifying 1 | 30.1 s/proposal]
first proposals:  15%|ΓûêΓûì        | 727/5000 [5:05:13<38:22:20, 32.33s/ep, cand 726 | r0 pass 242/723 | episodes 
solved 242 | queue r0 4273 reprompt 0 | verifying 1 | 30.3 s/proposal]
first proposals:  15%|ΓûêΓûì        | 728/5000 [5:05:47<38:43:44, 32.64s/ep, cand 727 | r0 pass 242/724 | episodes 
solved 242 | queue r0 4272 reprompt 0 | verifying 1 | 30.4 s/proposal]
first proposals:  15%|ΓûêΓûì        | 729/5000 [5:07:16<58:55:04, 49.66s/ep, cand 728 | r0 pass 242/725 | episodes 
solved 242 | queue r0 4271 reprompt 0 | verifying 1 | 30.6 s/proposal]
first proposals:  15%|ΓûêΓûì        | 730/5000 [5:09:03<79:31:23, 67.05s/ep, cand 729 | r0 pass 243/726 | episodes 
solved 243 | queue r0 4270 reprompt 0 | verifying 1 | 31.9 s/proposal]
first proposals:  15%|ΓûêΓûì        | 731/5000 [5:09:39<68:11:50, 57.51s/ep, cand 730 | r0 pass 243/727 | episodes 
solved 243 | queue r0 4269 reprompt 0 | verifying 1 | 33.7 s/proposal]
first proposals:  15%|ΓûêΓûì        | 732/5000 [5:10:14<60:18:06, 50.86s/ep, cand 731 | r0 pass 243/728 | episodes 
solved 243 | queue r0 4268 reprompt 0 | verifying 1 | 34.0 s/proposal]
first proposals:  15%|ΓûêΓûì        | 733/5000 [5:10:47<53:44:17, 45.34s/ep, cand 732 | r0 pass 243/729 | episodes 
solved 243 | queue r0 4267 reprompt 0 | verifying 1 | 34.2 s/proposal]
first proposals:  15%|ΓûêΓûì        | 734/5000 [5:11:17<48:34:19, 40.99s/ep, cand 733 | r0 pass 243/730 | episodes 
solved 243 | queue r0 4266 reprompt 0 | verifying 1 | 34.4 s/proposal]
first proposals:  15%|ΓûêΓûì        | 735/5000 [5:11:49<45:09:45, 38.12s/ep, cand 734 | r0 pass 244/731 | episodes 
solved 244 | queue r0 4265 reprompt 0 | verifying 1 | 34.5 s/proposal]
first proposals:  15%|ΓûêΓûì        | 736/5000 [5:12:15<40:50:00, 34.47s/ep, cand 735 | r0 pass 245/732 | episodes 
solved 245 | queue r0 4264 reprompt 0 | verifying 1 | 34.6 s/proposal]
first proposals:  15%|ΓûêΓûì        | 737/5000 [5:12:44<38:53:59, 32.85s/ep, cand 736 | r0 pass 246/733 | episodes 
solved 246 | queue r0 4263 reprompt 0 | verifying 1 | 34.7 s/proposal]
first proposals:  15%|ΓûêΓûì        | 738/5000 [5:13:15<38:23:00, 32.42s/ep, cand 737 | r0 pass 247/734 | episodes 
solved 247 | queue r0 4262 reprompt 0 | verifying 1 | 34.8 s/proposal]
first proposals:  15%|ΓûêΓûì        | 739/5000 [5:13:49<38:42:12, 32.70s/ep, cand 738 | r0 pass 247/735 | episodes 
solved 247 | queue r0 4261 reprompt 0 | verifying 1 | 35.0 s/proposal]
first proposals:  15%|ΓûêΓûì        | 740/5000 [5:14:21<38:42:44, 32.71s/ep, cand 739 | r0 pass 248/736 | episodes 
solved 248 | queue r0 4260 reprompt 0 | verifying 1 | 35.1 s/proposal]
first proposals:  15%|ΓûêΓûì        | 741/5000 [5:14:47<36:13:50, 30.62s/ep, cand 740 | r0 pass 248/737 | episodes 
solved 248 | queue r0 4259 reprompt 0 | verifying 1 | 35.2 s/proposal]
first proposals:  15%|ΓûêΓûì        | 742/5000 [5:15:14<34:55:36, 29.53s/ep, cand 741 | r0 pass 249/738 | episodes 
solved 249 | queue r0 4258 reprompt 0 | verifying 1 | 35.1 s/proposal]
first proposals:  15%|ΓûêΓûì        | 743/5000 [5:15:42<34:26:45, 29.13s/ep, cand 742 | r0 pass 250/739 | episodes 
solved 250 | queue r0 4257 reprompt 0 | verifying 1 | 35.1 s/proposal]
first proposals:  15%|ΓûêΓûì        | 744/5000 [5:16:07<33:01:21, 27.93s/ep, cand 743 | r0 pass 250/740 | episodes 
solved 250 | queue r0 4256 reprompt 0 | verifying 1 | 35.1 s/proposal]
first proposals:  15%|ΓûêΓûì        | 745/5000 [5:16:31<31:22:42, 26.55s/ep, cand 744 | r0 pass 250/741 | episodes 
solved 250 | queue r0 4255 reprompt 0 | verifying 1 | 34.9 s/proposal]
first proposals:  15%|ΓûêΓûì        | 746/5000 [5:16:57<31:12:47, 26.41s/ep, cand 745 | r0 pass 250/742 | episodes 
solved 250 | queue r0 4254 reprompt 0 | verifying 1 | 34.9 s/proposal]
first proposals:  15%|ΓûêΓûì        | 747/5000 [5:17:30<33:25:31, 28.29s/ep, cand 746 | r0 pass 251/743 | episodes 
solved 251 | queue r0 4253 reprompt 0 | verifying 1 | 34.8 s/proposal]
first proposals:  15%|ΓûêΓûì        | 748/5000 [5:18:06<36:09:35, 30.62s/ep, cand 747 | r0 pass 251/744 | episodes 
solved 251 | queue r0 4252 reprompt 0 | verifying 1 | 35.0 s/proposal]
first proposals:  15%|ΓûêΓûì        | 749/5000 [5:18:35<35:43:27, 30.25s/ep, cand 748 | r0 pass 252/745 | episodes 
solved 252 | queue r0 4251 reprompt 0 | verifying 1 | 35.2 s/proposal]
first proposals:  15%|ΓûêΓûî        | 750/5000 [5:19:15<39:21:12, 33.33s/ep, cand 749 | r0 pass 253/746 | episodes 
solved 253 | queue r0 4250 reprompt 0 | verifying 1 | 35.3 s/proposal]
first proposals:  15%|ΓûêΓûî        | 751/5000 [5:19:43<37:08:38, 31.47s/ep, cand 750 | r0 pass 253/747 | episodes 
solved 253 | queue r0 4249 reprompt 0 | verifying 1 | 35.6 s/proposal]
first proposals:  15%|ΓûêΓûî        | 752/5000 [5:20:09<35:20:58, 29.96s/ep, cand 751 | r0 pass 253/748 | episodes 
solved 253 | queue r0 4248 reprompt 0 | verifying 1 | 35.4 s/proposal]
first proposals:  15%|ΓûêΓûî        | 753/5000 [5:25:14<132:47:45, 112.57s/ep, cand 752 | r0 pass 253/749 | episodes 
solved 253 | queue r0 4247 reprompt 0 | verifying 1 | 35.3 s/proposal]
first proposals:  15%|ΓûêΓûî        | 756/5000 [5:26:09<70:05:57, 59.46s/ep, cand 755 | r0 pass 255/751 | episodes 
solved 255 | queue r0 4245 reprompt 0 | verifying 0 | 40.2 s/proposal]  
first proposals:  15%|ΓûêΓûî        | 757/5000 [5:26:38<62:25:03, 52.96s/ep, cand 756 | r0 pass 255/752 | episodes 
solved 255 | queue r0 4243 reprompt 0 | verifying 1 | 40.0 s/proposal]
first proposals:  15%|ΓûêΓûî        | 758/5000 [5:27:38<64:22:30, 54.63s/ep, cand 757 | r0 pass 255/753 | episodes 
solved 255 | queue r0 4242 reprompt 0 | verifying 1 | 39.9 s/proposal]
first proposals:  15%|ΓûêΓûî        | 759/5000 [5:28:08<57:13:46, 48.58s/ep, cand 758 | r0 pass 255/754 | episodes 
solved 255 | queue r0 4240 reprompt 0 | verifying 2 | 39.8 s/proposal]
first proposals:  15%|ΓûêΓûî        | 760/5000 [5:28:40<51:56:32, 44.10s/ep, cand 759 | r0 pass 256/755 | episodes 
solved 256 | queue r0 4239 reprompt 0 | verifying 2 | 39.8 s/proposal]
first proposals:  15%|ΓûêΓûî        | 762/5000 [5:29:15<38:38:25, 32.82s/ep, cand 761 | r0 pass 257/757 | episodes 
solved 257 | queue r0 4238 reprompt 0 | verifying 1 | 39.8 s/proposal]
first proposals:  15%|ΓûêΓûî        | 763/5000 [5:29:54<40:11:19, 34.15s/ep, cand 762 | r0 pass 257/758 | episodes 
solved 257 | queue r0 4237 reprompt 0 | verifying 1 | 39.8 s/proposal]
first proposals:  15%|ΓûêΓûî        | 764/5000 [5:30:26<39:33:22, 33.62s/ep, cand 763 | r0 pass 257/759 | episodes 
solved 257 | queue r0 4236 reprompt 0 | verifying 1 | 39.9 s/proposal]
first proposals:  15%|ΓûêΓûî        | 765/5000 [5:31:23<46:57:07, 39.91s/ep, cand 764 | r0 pass 258/760 | episodes 
solved 258 | queue r0 4235 reprompt 0 | verifying 1 | 40.0 s/proposal]
first proposals:  15%|ΓûêΓûî        | 766/5000 [5:32:12<49:56:19, 42.46s/ep, cand 765 | r0 pass 258/761 | episodes 
solved 258 | queue r0 4234 reprompt 0 | verifying 1 | 40.6 s/proposal]
first proposals:  15%|ΓûêΓûî        | 767/5000 [5:32:43<46:11:56, 39.29s/ep, cand 766 | r0 pass 259/762 | episodes 
solved 259 | queue r0 4233 reprompt 0 | verifying 1 | 41.0 s/proposal]
first proposals:  15%|ΓûêΓûî        | 768/5000 [5:33:11<42:13:01, 35.91s/ep, cand 767 | r0 pass 260/763 | episodes 
solved 260 | queue r0 4232 reprompt 0 | verifying 1 | 39.4 s/proposal]
first proposals:  15%|ΓûêΓûî        | 769/5000 [5:33:42<40:38:03, 34.57s/ep, cand 768 | r0 pass 261/764 | episodes 
solved 261 | queue r0 4231 reprompt 0 | verifying 1 | 39.3 s/proposal]
first proposals:  15%|ΓûêΓûî        | 770/5000 [5:34:11<38:45:26, 32.98s/ep, cand 769 | r0 pass 261/765 | episodes 
solved 261 | queue r0 4230 reprompt 0 | verifying 1 | 39.3 s/proposal]
first proposals:  15%|ΓûêΓûî        | 771/5000 [5:34:44<38:39:34, 32.91s/ep, cand 770 | r0 pass 262/766 | episodes 
solved 262 | queue r0 4229 reprompt 0 | verifying 1 | 39.2 s/proposal]
first proposals:  15%|ΓûêΓûî        | 772/5000 [5:35:15<38:05:37, 32.44s/ep, cand 771 | r0 pass 262/767 | episodes 
solved 262 | queue r0 4228 reprompt 0 | verifying 1 | 39.2 s/proposal]
first proposals:  15%|ΓûêΓûî        | 773/5000 [5:36:45<58:11:14, 49.56s/ep, cand 772 | r0 pass 262/768 | episodes 
solved 262 | queue r0 4227 reprompt 0 | verifying 1 | 39.2 s/proposal]
first proposals:  15%|ΓûêΓûî        | 774/5000 [5:38:18<73:24:01, 62.53s/ep, cand 773 | r0 pass 262/769 | episodes 
solved 262 | queue r0 4226 reprompt 0 | verifying 1 | 40.4 s/proposal]
first proposals:  16%|ΓûêΓûî        | 775/5000 [5:38:46<61:00:43, 51.99s/ep, cand 774 | r0 pass 262/770 | episodes 
solved 262 | queue r0 4225 reprompt 0 | verifying 1 | 41.6 s/proposal]
first proposals:  16%|ΓûêΓûî        | 776/5000 [5:40:56<88:37:04, 75.53s/ep, cand 775 | r0 pass 262/771 | episodes 
solved 262 | queue r0 4224 reprompt 0 | verifying 1 | 41.5 s/proposal]
first proposals:  16%|ΓûêΓûî        | 777/5000 [5:41:28<73:02:20, 62.26s/ep, cand 776 | r0 pass 262/772 | episodes 
solved 262 | queue r0 4223 reprompt 0 | verifying 1 | 43.4 s/proposal]
first proposals:  16%|ΓûêΓûî        | 778/5000 [5:41:57<61:19:14, 52.29s/ep, cand 777 | r0 pass 262/773 | episodes 
solved 262 | queue r0 4222 reprompt 0 | verifying 1 | 43.4 s/proposal]
first proposals:  16%|ΓûêΓûî        | 779/5000 [5:42:26<53:16:52, 45.44s/ep, cand 778 | r0 pass 263/774 | episodes 
solved 263 | queue r0 4221 reprompt 0 | verifying 1 | 43.4 s/proposal]
first proposals:  16%|ΓûêΓûî        | 780/5000 [5:43:09<52:28:49, 44.77s/ep, cand 779 | r0 pass 264/775 | episodes 
solved 264 | queue r0 4220 reprompt 0 | verifying 1 | 42.2 s/proposal]
first proposals:  16%|ΓûêΓûî        | 781/5000 [5:43:39<47:02:09, 40.13s/ep, cand 780 | r0 pass 264/776 | episodes 
solved 264 | queue r0 4219 reprompt 0 | verifying 1 | 40.9 s/proposal]
first proposals:  16%|ΓûêΓûî        | 782/5000 [5:44:07<42:50:25, 36.56s/ep, cand 781 | r0 pass 264/777 | episodes 
solved 264 | queue r0 4218 reprompt 0 | verifying 1 | 40.8 s/proposal]
first proposals:  16%|ΓûêΓûî        | 783/5000 [5:44:39<41:10:31, 35.15s/ep, cand 782 | r0 pass 264/778 | episodes 
solved 264 | queue r0 4217 reprompt 0 | verifying 1 | 40.6 s/proposal]
first proposals:  16%|ΓûêΓûî        | 784/5000 [5:45:06<38:30:57, 32.89s/ep, cand 783 | r0 pass 264/779 | episodes 
solved 264 | queue r0 4216 reprompt 0 | verifying 1 | 40.6 s/proposal]
first proposals:  16%|ΓûêΓûî        | 785/5000 [5:45:44<40:07:07, 34.27s/ep, cand 784 | r0 pass 264/780 | episodes 
solved 264 | queue r0 4215 reprompt 0 | verifying 1 | 40.5 s/proposal]
first proposals:  16%|ΓûêΓûî        | 786/5000 [5:46:32<45:10:05, 38.59s/ep, cand 785 | r0 pass 264/781 | episodes 
solved 264 | queue r0 4214 reprompt 0 | verifying 1 | 40.7 s/proposal]
first proposals:  16%|ΓûêΓûî        | 787/5000 [5:47:01<41:49:12, 35.74s/ep, cand 786 | r0 pass 265/782 | episodes 
solved 265 | queue r0 4213 reprompt 0 | verifying 1 | 41.1 s/proposal]
first proposals:  16%|ΓûêΓûî        | 788/5000 [5:47:37<41:42:25, 35.65s/ep, cand 787 | r0 pass 265/783 | episodes 
solved 265 | queue r0 4212 reprompt 0 | verifying 1 | 41.1 s/proposal]
first proposals:  16%|ΓûêΓûî        | 789/5000 [5:48:08<40:03:30, 34.25s/ep, cand 788 | r0 pass 265/784 | episodes 
solved 265 | queue r0 4211 reprompt 0 | verifying 1 | 41.2 s/proposal]
first proposals:  16%|ΓûêΓûî        | 790/5000 [5:48:37<38:24:20, 32.84s/ep, cand 789 | r0 pass 265/785 | episodes 
solved 265 | queue r0 4210 reprompt 0 | verifying 1 | 41.1 s/proposal]
first proposals:  16%|ΓûêΓûî        | 791/5000 [5:49:06<36:56:31, 31.60s/ep, cand 790 | r0 pass 265/786 | episodes 
solved 265 | queue r0 4209 reprompt 0 | verifying 1 | 41.1 s/proposal]
first proposals:  16%|ΓûêΓûî        | 792/5000 [5:49:40<37:46:41, 32.32s/ep, cand 791 | r0 pass 265/787 | episodes 
solved 265 | queue r0 4208 reprompt 0 | verifying 1 | 41.1 s/proposal]
first proposals:  16%|ΓûêΓûî        | 793/5000 [5:50:09<36:38:39, 31.36s/ep, cand 792 | r0 pass 265/788 | episodes 
solved 265 | queue r0 4207 reprompt 0 | verifying 1 | 41.3 s/proposal]
first proposals:  16%|ΓûêΓûî        | 794/5000 [5:50:39<35:54:37, 30.74s/ep, cand 793 | r0 pass 266/789 | episodes 
solved 266 | queue r0 4206 reprompt 0 | verifying 1 | 41.3 s/proposal]
first proposals:  16%|ΓûêΓûî        | 795/5000 [5:51:08<35:21:39, 30.27s/ep, cand 794 | r0 pass 266/790 | episodes 
solved 266 | queue r0 4205 reprompt 0 | verifying 1 | 41.4 s/proposal]
first proposals:  16%|ΓûêΓûî        | 796/5000 [5:51:38<35:31:01, 30.41s/ep, cand 795 | r0 pass 266/791 | episodes 
solved 266 | queue r0 4204 reprompt 0 | verifying 1 | 41.5 s/proposal]
first proposals:  16%|ΓûêΓûî        | 797/5000 [5:52:05<34:18:48, 29.39s/ep, cand 796 | r0 pass 267/792 | episodes 
solved 267 | queue r0 4203 reprompt 0 | verifying 1 | 41.6 s/proposal]
first proposals:  16%|ΓûêΓûî        | 798/5000 [5:52:34<34:05:13, 29.20s/ep, cand 797 | r0 pass 268/793 | episodes 
solved 268 | queue r0 4202 reprompt 0 | verifying 1 | 41.5 s/proposal]
first proposals:  16%|ΓûêΓûî        | 799/5000 [5:52:56<31:32:17, 27.03s/ep, cand 798 | r0 pass 268/794 | episodes 
solved 268 | queue r0 4201 reprompt 0 | verifying 1 | 41.3 s/proposal]
first proposals:  16%|ΓûêΓûî        | 800/5000 [5:53:18<29:33:13, 25.33s/ep, cand 799 | r0 pass 268/795 | episodes 
solved 268 | queue r0 4200 reprompt 0 | verifying 1 | 41.2 s/proposal]
first proposals:  16%|ΓûêΓûî        | 801/5000 [5:53:39<28:12:18, 24.18s/ep, cand 800 | r0 pass 269/796 | episodes 
solved 269 | queue r0 4199 reprompt 0 | verifying 1 | 40.8 s/proposal]
first proposals:  16%|ΓûêΓûî        | 802/5000 [5:54:06<29:04:34, 24.93s/ep, cand 801 | r0 pass 270/797 | episodes 
solved 270 | queue r0 4198 reprompt 0 | verifying 1 | 40.7 s/proposal]
first proposals:  16%|ΓûêΓûî        | 803/5000 [5:54:46<34:26:57, 29.55s/ep, cand 802 | r0 pass 271/798 | episodes 
solved 271 | queue r0 4197 reprompt 0 | verifying 1 | 40.7 s/proposal]
first proposals:  16%|ΓûêΓûî        | 804/5000 [5:55:22<36:39:01, 31.44s/ep, cand 803 | r0 pass 272/799 | episodes 
solved 272 | queue r0 4196 reprompt 0 | verifying 1 | 40.8 s/proposal]
first proposals:  16%|ΓûêΓûî        | 805/5000 [5:55:54<36:46:08, 31.55s/ep, cand 804 | r0 pass 273/800 | episodes 
solved 273 | queue r0 4195 reprompt 0 | verifying 1 | 36.1 s/proposal]
first proposals:  16%|ΓûêΓûî        | 806/5000 [5:56:27<37:12:14, 31.93s/ep, cand 805 | r0 pass 273/801 | episodes 
solved 273 | queue r0 4194 reprompt 0 | verifying 1 | 36.2 s/proposal]
first proposals:  16%|ΓûêΓûî        | 807/5000 [5:57:01<38:11:03, 32.78s/ep, cand 806 | r0 pass 273/802 | episodes 
solved 273 | queue r0 4193 reprompt 0 | verifying 1 | 36.3 s/proposal]
first proposals:  16%|ΓûêΓûî        | 808/5000 [5:57:33<37:56:02, 32.58s/ep, cand 807 | r0 pass 273/803 | episodes 
solved 273 | queue r0 4192 reprompt 0 | verifying 1 | 36.4 s/proposal]
first proposals:  16%|ΓûêΓûî        | 809/5000 [5:58:07<38:26:48, 33.03s/ep, cand 808 | r0 pass 273/804 | episodes 
solved 273 | queue r0 4191 reprompt 0 | verifying 1 | 36.4 s/proposal]
first proposals:  16%|ΓûêΓûî        | 810/5000 [5:58:37<37:20:48, 32.09s/ep, cand 809 | r0 pass 274/805 | episodes 
solved 274 | queue r0 4190 reprompt 0 | verifying 1 | 36.6 s/proposal]
first proposals:  16%|ΓûêΓûî        | 811/5000 [5:59:05<35:47:21, 30.76s/ep, cand 810 | r0 pass 274/806 | episodes 
solved 274 | queue r0 4189 reprompt 0 | verifying 1 | 36.5 s/proposal]
first proposals:  16%|ΓûêΓûî        | 812/5000 [5:59:41<37:34:19, 32.30s/ep, cand 811 | r0 pass 275/807 | episodes 
solved 275 | queue r0 4188 reprompt 0 | verifying 1 | 36.5 s/proposal]
first proposals:  16%|ΓûêΓûï        | 813/5000 [6:00:15<38:06:57, 32.77s/ep, cand 812 | r0 pass 276/808 | episodes 
solved 276 | queue r0 4187 reprompt 0 | verifying 1 | 36.5 s/proposal]
first proposals:  16%|ΓûêΓûï        | 814/5000 [6:01:03<43:38:26, 37.53s/ep, cand 813 | r0 pass 277/809 | episodes 
solved 277 | queue r0 4186 reprompt 0 | verifying 1 | 36.4 s/proposal]
first proposals:  16%|ΓûêΓûï        | 815/5000 [6:01:35<41:36:26, 35.79s/ep, cand 814 | r0 pass 278/810 | episodes 
solved 278 | queue r0 4185 reprompt 0 | verifying 1 | 36.7 s/proposal]
first proposals:  16%|ΓûêΓûï        | 816/5000 [6:02:20<44:54:58, 38.65s/ep, cand 815 | r0 pass 278/811 | episodes 
solved 278 | queue r0 4184 reprompt 0 | verifying 1 | 36.2 s/proposal]
first proposals:  16%|ΓûêΓûï        | 817/5000 [6:02:51<41:54:50, 36.07s/ep, cand 816 | r0 pass 278/812 | episodes 
solved 278 | queue r0 4183 reprompt 0 | verifying 1 | 36.1 s/proposal]
first proposals:  16%|ΓûêΓûï        | 818/5000 [6:03:18<38:59:34, 33.57s/ep, cand 817 | r0 pass 278/813 | episodes 
solved 278 | queue r0 4182 reprompt 0 | verifying 1 | 36.1 s/proposal]
first proposals:  16%|ΓûêΓûï        | 819/5000 [6:03:45<36:38:38, 31.55s/ep, cand 818 | r0 pass 278/814 | episodes 
solved 278 | queue r0 4181 reprompt 0 | verifying 1 | 36.1 s/proposal]
first proposals:  16%|ΓûêΓûï        | 820/5000 [6:04:16<36:29:53, 31.43s/ep, cand 819 | r0 pass 279/815 | episodes 
solved 279 | queue r0 4180 reprompt 0 | verifying 1 | 36.0 s/proposal]
first proposals:  16%|ΓûêΓûï        | 821/5000 [6:04:45<35:30:17, 30.59s/ep, cand 820 | r0 pass 280/816 | episodes 
solved 280 | queue r0 4179 reprompt 0 | verifying 1 | 36.1 s/proposal]
first proposals:  16%|ΓûêΓûï        | 822/5000 [6:05:15<35:15:20, 30.38s/ep, cand 821 | r0 pass 281/817 | episodes 
solved 281 | queue r0 4178 reprompt 0 | verifying 1 | 36.0 s/proposal]
first proposals:  16%|ΓûêΓûï        | 823/5000 [6:05:46<35:31:25, 30.62s/ep, cand 822 | r0 pass 281/818 | episodes 
solved 281 | queue r0 4177 reprompt 0 | verifying 1 | 35.9 s/proposal]
first proposals:  16%|ΓûêΓûï        | 824/5000 [6:06:14<34:42:18, 29.92s/ep, cand 823 | r0 pass 282/819 | episodes 
solved 282 | queue r0 4176 reprompt 0 | verifying 1 | 34.8 s/proposal]
first proposals:  16%|ΓûêΓûï        | 825/5000 [6:06:42<33:56:23, 29.27s/ep, cand 824 | r0 pass 282/820 | episodes 
solved 282 | queue r0 4175 reprompt 0 | verifying 1 | 33.5 s/proposal]
first proposals:  17%|ΓûêΓûï        | 826/5000 [6:07:11<33:52:14, 29.21s/ep, cand 825 | r0 pass 282/821 | episodes 
solved 282 | queue r0 4174 reprompt 0 | verifying 1 | 33.5 s/proposal]
first proposals:  17%|ΓûêΓûï        | 827/5000 [6:07:42<34:28:26, 29.74s/ep, cand 826 | r0 pass 283/822 | episodes 
solved 283 | queue r0 4173 reprompt 0 | verifying 1 | 31.5 s/proposal]
first proposals:  17%|ΓûêΓûï        | 828/5000 [6:08:11<34:16:50, 29.58s/ep, cand 827 | r0 pass 283/823 | episodes 
solved 283 | queue r0 4172 reprompt 0 | verifying 1 | 31.5 s/proposal]
first proposals:  17%|ΓûêΓûï        | 829/5000 [6:08:42<34:44:46, 29.99s/ep, cand 828 | r0 pass 284/824 | episodes 
solved 284 | queue r0 4171 reprompt 0 | verifying 1 | 31.5 s/proposal]
first proposals:  17%|ΓûêΓûï        | 830/5000 [6:10:02<52:04:06, 44.95s/ep, cand 829 | r0 pass 285/825 | episodes 
solved 285 | queue r0 4170 reprompt 0 | verifying 1 | 31.5 s/proposal]
first proposals:  17%|ΓûêΓûï        | 831/5000 [6:10:31<46:35:24, 40.23s/ep, cand 830 | r0 pass 285/826 | episodes 
solved 285 | queue r0 4169 reprompt 0 | verifying 1 | 32.2 s/proposal]
first proposals:  17%|ΓûêΓûï        | 832/5000 [6:11:02<43:14:04, 37.34s/ep, cand 831 | r0 pass 285/827 | episodes 
solved 285 | queue r0 4168 reprompt 0 | verifying 1 | 32.2 s/proposal]
first proposals:  17%|ΓûêΓûï        | 833/5000 [6:11:47<45:50:43, 39.61s/ep, cand 832 | r0 pass 286/828 | episodes 
solved 286 | queue r0 4167 reprompt 0 | verifying 1 | 32.3 s/proposal]
first proposals:  17%|ΓûêΓûï        | 834/5000 [6:12:08<39:37:16, 34.24s/ep, cand 833 | r0 pass 287/829 | episodes 
solved 287 | queue r0 4165 reprompt 0 | verifying 2 | 32.0 s/proposal]
first proposals:  17%|ΓûêΓûï        | 836/5000 [6:12:30<26:58:40, 23.32s/ep, cand 835 | r0 pass 289/831 | episodes 
solved 289 | queue r0 4164 reprompt 0 | verifying 1 | 31.7 s/proposal]
first proposals:  17%|ΓûêΓûï        | 837/5000 [6:12:51<26:30:13, 22.92s/ep, cand 836 | r0 pass 290/832 | episodes 
solved 290 | queue r0 4163 reprompt 0 | verifying 1 | 31.1 s/proposal]
first proposals:  17%|ΓûêΓûï        | 838/5000 [6:13:13<26:03:00, 22.53s/ep, cand 837 | r0 pass 290/833 | episodes 
solved 290 | queue r0 4162 reprompt 0 | verifying 1 | 31.0 s/proposal]
first proposals:  17%|ΓûêΓûï        | 839/5000 [6:13:34<25:28:25, 22.04s/ep, cand 838 | r0 pass 290/834 | episodes 
solved 290 | queue r0 4161 reprompt 0 | verifying 1 | 30.7 s/proposal]
first proposals:  17%|ΓûêΓûï        | 840/5000 [6:14:20<33:22:04, 28.88s/ep, cand 839 | r0 pass 290/835 | episodes 
solved 290 | queue r0 4160 reprompt 0 | verifying 1 | 30.5 s/proposal]
first proposals:  17%|ΓûêΓûï        | 841/5000 [6:14:44<31:40:54, 27.42s/ep, cand 840 | r0 pass 290/836 | episodes 
solved 290 | queue r0 4158 reprompt 0 | verifying 2 | 30.2 s/proposal]
first proposals:  17%|ΓûêΓûï        | 843/5000 [6:15:31<29:48:23, 25.81s/ep, cand 842 | r0 pass 291/838 | episodes 
solved 291 | queue r0 4157 reprompt 0 | verifying 1 | 30.0 s/proposal]
first proposals:  17%|ΓûêΓûï        | 844/5000 [6:15:55<29:05:09, 25.19s/ep, cand 843 | r0 pass 291/839 | episodes 
solved 291 | queue r0 4155 reprompt 0 | verifying 2 | 29.8 s/proposal]
first proposals:  17%|ΓûêΓûï        | 845/5000 [6:16:18<28:32:08, 24.72s/ep, cand 844 | r0 pass 292/840 | episodes 
solved 292 | queue r0 4154 reprompt 0 | verifying 2 | 29.7 s/proposal]
first proposals:  17%|ΓûêΓûï        | 846/5000 [6:16:41<27:58:28, 24.24s/ep, cand 845 | r0 pass 292/841 | episodes 
solved 292 | queue r0 4153 reprompt 0 | verifying 2 | 29.6 s/proposal]
first proposals:  17%|ΓûêΓûï        | 847/5000 [6:17:04<27:34:26, 23.90s/ep, cand 846 | r0 pass 292/842 | episodes 
solved 292 | queue r0 4152 reprompt 0 | verifying 2 | 29.5 s/proposal]
first proposals:  17%|ΓûêΓûï        | 849/5000 [6:18:12<32:37:32, 28.29s/ep, cand 848 | r0 pass 293/844 | episodes 
solved 293 | queue r0 4151 reprompt 0 | verifying 1 | 29.4 s/proposal]
first proposals:  17%|ΓûêΓûï        | 851/5000 [6:18:34<24:53:52, 21.60s/ep, cand 850 | r0 pass 294/846 | episodes 
solved 294 | queue r0 4148 reprompt 0 | verifying 2 | 29.4 s/proposal]
first proposals:  17%|ΓûêΓûï        | 852/5000 [6:18:56<24:57:14, 21.66s/ep, cand 851 | r0 pass 294/847 | episodes 
solved 294 | queue r0 4147 reprompt 0 | verifying 2 | 29.3 s/proposal]
first proposals:  17%|ΓûêΓûï        | 854/5000 [6:19:39<24:58:21, 21.68s/ep, cand 853 | r0 pass 295/849 | episodes 
solved 295 | queue r0 4146 reprompt 0 | verifying 1 | 28.9 s/proposal]
first proposals:  17%|ΓûêΓûï        | 856/5000 [6:20:23<25:04:35, 21.78s/ep, cand 855 | r0 pass 296/851 | episodes 
solved 296 | queue r0 4144 reprompt 0 | verifying 1 | 28.5 s/proposal]
first proposals:  17%|ΓûêΓûï        | 857/5000 [6:20:45<25:08:27, 21.85s/ep, cand 856 | r0 pass 296/852 | episodes 
solved 296 | queue r0 4142 reprompt 0 | verifying 2 | 28.0 s/proposal]
first proposals:  17%|ΓûêΓûï        | 859/5000 [6:22:07<33:08:56, 28.82s/ep, cand 858 | r0 pass 296/854 | episodes 
solved 296 | queue r0 4141 reprompt 0 | verifying 1 | 27.8 s/proposal]
first proposals:  17%|ΓûêΓûï        | 861/5000 [6:22:29<26:05:36, 22.70s/ep, cand 860 | r0 pass 296/856 | episodes 
solved 296 | queue r0 4139 reprompt 0 | verifying 1 | 28.1 s/proposal]
first proposals:  17%|ΓûêΓûï        | 862/5000 [6:23:16<31:43:44, 27.60s/ep, cand 861 | r0 pass 296/857 | episodes 
solved 296 | queue r0 4138 reprompt 0 | verifying 1 | 28.0 s/proposal]
first proposals:  17%|ΓûêΓûï        | 864/5000 [6:23:38<24:44:45, 21.54s/ep, cand 863 | r0 pass 298/859 | episodes 
solved 298 | queue r0 4136 reprompt 0 | verifying 1 | 27.6 s/proposal]
first proposals:  17%|ΓûêΓûï        | 865/5000 [6:23:59<24:41:41, 21.50s/ep, cand 864 | r0 pass 298/860 | episodes 
solved 298 | queue r0 4135 reprompt 0 | verifying 1 | 27.0 s/proposal]
first proposals:  17%|ΓûêΓûï        | 866/5000 [6:24:21<24:42:47, 21.52s/ep, cand 865 | r0 pass 298/861 | episodes 
solved 298 | queue r0 4134 reprompt 0 | verifying 1 | 26.8 s/proposal]
first proposals:  17%|ΓûêΓûï        | 867/5000 [6:24:43<24:46:27, 21.58s/ep, cand 866 | r0 pass 298/862 | episodes 
solved 298 | queue r0 4133 reprompt 0 | verifying 1 | 26.4 s/proposal]
first proposals:  17%|ΓûêΓûï        | 868/5000 [6:25:04<24:39:12, 21.48s/ep, cand 867 | r0 pass 298/863 | episodes 
solved 298 | queue r0 4132 reprompt 0 | verifying 1 | 26.2 s/proposal]
first proposals:  17%|ΓûêΓûï        | 869/5000 [6:25:25<24:38:32, 21.47s/ep, cand 868 | r0 pass 299/864 | episodes 
solved 299 | queue r0 4131 reprompt 0 | verifying 1 | 26.1 s/proposal]
first proposals:  17%|ΓûêΓûï        | 870/5000 [6:25:47<24:38:47, 21.48s/ep, cand 869 | r0 pass 299/865 | episodes 
solved 299 | queue r0 4130 reprompt 0 | verifying 1 | 26.0 s/proposal]
first proposals:  17%|ΓûêΓûï        | 871/5000 [6:26:09<24:42:53, 21.55s/ep, cand 870 | r0 pass 300/866 | episodes 
solved 300 | queue r0 4129 reprompt 0 | verifying 1 | 25.8 s/proposal]
first proposals:  17%|ΓûêΓûï        | 872/5000 [6:26:30<24:42:08, 21.54s/ep, cand 871 | r0 pass 301/867 | episodes 
solved 301 | queue r0 4128 reprompt 0 | verifying 1 | 25.6 s/proposal]
first proposals:  17%|ΓûêΓûï        | 873/5000 [6:26:52<24:47:02, 21.62s/ep, cand 872 | r0 pass 301/868 | episodes 
solved 301 | queue r0 4127 reprompt 0 | verifying 1 | 25.5 s/proposal]
first proposals:  17%|ΓûêΓûï        | 874/5000 [6:27:13<24:42:11, 21.55s/ep, cand 873 | r0 pass 302/869 | episodes 
solved 302 | queue r0 4126 reprompt 0 | verifying 1 | 25.3 s/proposal]
first proposals:  18%|ΓûêΓûè        | 875/5000 [6:27:35<24:41:12, 21.54s/ep, cand 874 | r0 pass 302/870 | episodes 
solved 302 | queue r0 4125 reprompt 0 | verifying 1 | 25.1 s/proposal]
first proposals:  18%|ΓûêΓûè        | 876/5000 [6:27:56<24:39:05, 21.52s/ep, cand 875 | r0 pass 302/871 | episodes 
solved 302 | queue r0 4124 reprompt 0 | verifying 1 | 25.0 s/proposal]
first proposals:  18%|ΓûêΓûè        | 877/5000 [6:28:18<24:37:54, 21.51s/ep, cand 876 | r0 pass 303/872 | episodes 
solved 303 | queue r0 4123 reprompt 0 | verifying 1 | 24.9 s/proposal]
first proposals:  18%|ΓûêΓûè        | 878/5000 [6:28:39<24:39:26, 21.53s/ep, cand 877 | r0 pass 304/873 | episodes 
solved 304 | queue r0 4122 reprompt 0 | verifying 1 | 24.7 s/proposal]
first proposals:  18%|ΓûêΓûè        | 879/5000 [6:29:01<24:42:38, 21.59s/ep, cand 878 | r0 pass 305/874 | episodes 
solved 305 | queue r0 4121 reprompt 0 | verifying 1 | 24.5 s/proposal]
first proposals:  18%|ΓûêΓûè        | 880/5000 [6:29:23<24:42:22, 21.59s/ep, cand 879 | r0 pass 306/875 | episodes 
solved 306 | queue r0 4120 reprompt 0 | verifying 1 | 24.3 s/proposal]
first proposals:  18%|ΓûêΓûè        | 881/5000 [6:30:06<32:06:07, 28.06s/ep, cand 880 | r0 pass 306/876 | episodes 
solved 306 | queue r0 4119 reprompt 0 | verifying 1 | 23.2 s/proposal]
first proposals:  18%|ΓûêΓûè        | 883/5000 [6:30:27<22:57:48, 20.08s/ep, cand 882 | r0 pass 306/878 | episodes 
solved 306 | queue r0 4117 reprompt 0 | verifying 1 | 22.8 s/proposal]
first proposals:  18%|ΓûêΓûè        | 884/5000 [6:30:49<23:18:17, 20.38s/ep, cand 883 | r0 pass 306/879 | episodes 
solved 306 | queue r0 4116 reprompt 0 | verifying 1 | 22.8 s/proposal]
first proposals:  18%|ΓûêΓûè        | 885/5000 [6:31:11<23:45:06, 20.78s/ep, cand 884 | r0 pass 307/880 | episodes 
solved 307 | queue r0 4115 reprompt 0 | verifying 1 | 22.8 s/proposal]
first proposals:  18%|ΓûêΓûè        | 886/5000 [6:31:32<23:59:59, 21.00s/ep, cand 885 | r0 pass 307/881 | episodes 
solved 307 | queue r0 4114 reprompt 0 | verifying 1 | 22.8 s/proposal]
first proposals:  18%|ΓûêΓûè        | 887/5000 [6:31:54<24:08:09, 21.13s/ep, cand 886 | r0 pass 307/882 | episodes 
solved 307 | queue r0 4113 reprompt 0 | verifying 1 | 22.8 s/proposal]
first proposals:  18%|ΓûêΓûè        | 888/5000 [6:32:53<36:35:44, 32.04s/ep, cand 887 | r0 pass 307/883 | episodes 
solved 307 | queue r0 4112 reprompt 0 | verifying 1 | 22.8 s/proposal]
first proposals:  18%|ΓûêΓûè        | 889/5000 [6:33:50<44:59:03, 39.39s/ep, cand 888 | r0 pass 308/884 | episodes 
solved 308 | queue r0 4111 reprompt 0 | verifying 1 | 23.6 s/proposal]
first proposals:  18%|ΓûêΓûè        | 890/5000 [6:34:12<38:56:57, 34.12s/ep, cand 889 | r0 pass 308/885 | episodes 
solved 308 | queue r0 4110 reprompt 0 | verifying 1 | 24.3 s/proposal]
first proposals:  18%|ΓûêΓûè        | 891/5000 [6:34:33<34:40:38, 30.38s/ep, cand 890 | r0 pass 308/886 | episodes 
solved 308 | queue r0 4109 reprompt 0 | verifying 1 | 24.3 s/proposal]
first proposals:  18%|ΓûêΓûè        | 892/5000 [6:34:55<31:44:37, 27.82s/ep, cand 891 | r0 pass 308/887 | episodes 
solved 308 | queue r0 4108 reprompt 0 | verifying 1 | 24.2 s/proposal]
first proposals:  18%|ΓûêΓûè        | 893/5000 [6:35:38<36:57:18, 32.39s/ep, cand 892 | r0 pass 308/888 | episodes 
solved 308 | queue r0 4107 reprompt 0 | verifying 1 | 24.2 s/proposal]
first proposals:  18%|ΓûêΓûè        | 895/5000 [6:36:00<25:39:02, 22.50s/ep, cand 894 | r0 pass 310/890 | episodes 
solved 310 | queue r0 4105 reprompt 0 | verifying 1 | 24.1 s/proposal]
first proposals:  18%|ΓûêΓûè        | 896/5000 [6:36:22<25:30:32, 22.38s/ep, cand 895 | r0 pass 311/891 | episodes 
solved 311 | queue r0 4104 reprompt 0 | verifying 1 | 24.1 s/proposal]
first proposals:  18%|ΓûêΓûè        | 897/5000 [6:36:44<25:23:20, 22.28s/ep, cand 896 | r0 pass 312/892 | episodes 
solved 312 | queue r0 4103 reprompt 0 | verifying 1 | 24.0 s/proposal]
first proposals:  18%|ΓûêΓûè        | 898/5000 [6:37:06<25:14:49, 22.16s/ep, cand 897 | r0 pass 312/893 | episodes 
solved 312 | queue r0 4102 reprompt 0 | verifying 1 | 24.0 s/proposal]
first proposals:  18%|ΓûêΓûè        | 899/5000 [6:37:28<25:21:04, 22.25s/ep, cand 898 | r0 pass 313/894 | episodes 
solved 313 | queue r0 4101 reprompt 0 | verifying 1 | 24.0 s/proposal]
first proposals:  18%|ΓûêΓûè        | 900/5000 [6:37:50<25:19:12, 22.23s/ep, cand 899 | r0 pass 313/895 | episodes 
solved 313 | queue r0 4100 reprompt 0 | verifying 1 | 24.0 s/proposal]
first proposals:  18%|ΓûêΓûè        | 901/5000 [6:38:13<25:17:54, 22.22s/ep, cand 900 | r0 pass 313/896 | episodes 
solved 313 | queue r0 4099 reprompt 0 | verifying 1 | 24.0 s/proposal]
first proposals:  18%|ΓûêΓûè        | 902/5000 [6:38:35<25:22:32, 22.29s/ep, cand 901 | r0 pass 313/897 | episodes 
solved 313 | queue r0 4098 reprompt 0 | verifying 1 | 24.0 s/proposal]
first proposals:  18%|ΓûêΓûè        | 903/5000 [6:38:57<25:20:47, 22.27s/ep, cand 902 | r0 pass 313/898 | episodes 
solved 313 | queue r0 4097 reprompt 0 | verifying 1 | 24.0 s/proposal]
first proposals:  18%|ΓûêΓûè        | 904/5000 [6:39:19<25:16:10, 22.21s/ep, cand 903 | r0 pass 313/899 | episodes 
solved 313 | queue r0 4096 reprompt 0 | verifying 1 | 24.0 s/proposal]
first proposals:  18%|ΓûêΓûè        | 905/5000 [6:40:04<33:00:16, 29.02s/ep, cand 904 | r0 pass 314/900 | episodes 
solved 314 | queue r0 4095 reprompt 0 | verifying 1 | 24.0 s/proposal]
first proposals:  18%|ΓûêΓûè        | 907/5000 [6:40:27<23:37:32, 20.78s/ep, cand 906 | r0 pass 315/902 | episodes 
solved 315 | queue r0 4093 reprompt 0 | verifying 1 | 24.0 s/proposal]
first proposals:  18%|ΓûêΓûè        | 908/5000 [6:41:57<43:16:55, 38.08s/ep, cand 907 | r0 pass 316/903 | episodes 
solved 316 | queue r0 4092 reprompt 0 | verifying 1 | 24.0 s/proposal]
first proposals:  18%|ΓûêΓûè        | 910/5000 [6:42:20<30:45:26, 27.07s/ep, cand 909 | r0 pass 318/905 | episodes 
solved 318 | queue r0 4090 reprompt 0 | verifying 1 | 25.0 s/proposal]
first proposals:  18%|ΓûêΓûè        | 911/5000 [6:42:44<29:48:54, 26.25s/ep, cand 910 | r0 pass 318/906 | episodes 
solved 318 | queue r0 4089 reprompt 0 | verifying 1 | 24.2 s/proposal]
first proposals:  18%|ΓûêΓûè        | 912/5000 [6:43:07<28:59:00, 25.52s/ep, cand 911 | r0 pass 318/907 | episodes 
solved 318 | queue r0 4088 reprompt 0 | verifying 1 | 24.3 s/proposal]
first proposals:  18%|ΓûêΓûè        | 913/5000 [6:43:30<28:06:04, 24.75s/ep, cand 912 | r0 pass 318/908 | episodes 
solved 318 | queue r0 4087 reprompt 0 | verifying 1 | 24.2 s/proposal]
first proposals:  18%|ΓûêΓûè        | 914/5000 [6:44:40<42:06:41, 37.10s/ep, cand 913 | r0 pass 318/909 | episodes 
solved 318 | queue r0 4086 reprompt 0 | verifying 1 | 24.2 s/proposal]
first proposals:  18%|ΓûêΓûè        | 916/5000 [6:45:03<29:24:59, 25.93s/ep, cand 915 | r0 pass 318/911 | episodes 
solved 318 | queue r0 4083 reprompt 0 | verifying 2 | 24.3 s/proposal]
first proposals:  18%|ΓûêΓûè        | 917/5000 [6:45:25<28:25:31, 25.06s/ep, cand 916 | r0 pass 319/912 | episodes 
solved 319 | queue r0 4082 reprompt 0 | verifying 2 | 24.4 s/proposal]
first proposals:  18%|ΓûêΓûè        | 918/5000 [6:45:48<27:46:44, 24.50s/ep, cand 917 | r0 pass 320/913 | episodes 
solved 320 | queue r0 4081 reprompt 0 | verifying 2 | 24.4 s/proposal]
first proposals:  18%|ΓûêΓûè        | 920/5000 [6:46:32<26:40:20, 23.53s/ep, cand 919 | r0 pass 321/915 | episodes 
solved 321 | queue r0 4080 reprompt 0 | verifying 1 | 24.4 s/proposal]
first proposals:  18%|ΓûêΓûè        | 922/5000 [6:46:56<21:43:21, 19.18s/ep, cand 921 | r0 pass 323/917 | episodes 
solved 323 | queue r0 4078 reprompt 0 | verifying 1 | 24.4 s/proposal]
first proposals:  18%|ΓûêΓûè        | 923/5000 [6:47:20<22:43:29, 20.07s/ep, cand 922 | r0 pass 323/918 | episodes 
solved 323 | queue r0 4077 reprompt 0 | verifying 1 | 24.5 s/proposal]
first proposals:  18%|ΓûêΓûè        | 924/5000 [6:47:43<23:28:24, 20.73s/ep, cand 923 | r0 pass 323/919 | episodes 
solved 323 | queue r0 4076 reprompt 0 | verifying 1 | 24.5 s/proposal]
first proposals:  18%|ΓûêΓûè        | 925/5000 [6:48:05<23:50:04, 21.06s/ep, cand 924 | r0 pass 323/920 | episodes 
solved 323 | queue r0 4075 reprompt 0 | verifying 1 | 24.5 s/proposal]
first proposals:  19%|ΓûêΓûè        | 926/5000 [6:48:27<24:05:06, 21.28s/ep, cand 925 | r0 pass 324/921 | episodes 
solved 324 | queue r0 4074 reprompt 0 | verifying 1 | 24.6 s/proposal]
first proposals:  19%|ΓûêΓûè        | 927/5000 [6:48:48<24:08:09, 21.33s/ep, cand 926 | r0 pass 325/922 | episodes 
solved 325 | queue r0 4073 reprompt 0 | verifying 1 | 24.6 s/proposal]
first proposals:  19%|ΓûêΓûè        | 928/5000 [6:49:10<24:11:19, 21.38s/ep, cand 927 | r0 pass 325/923 | episodes 
solved 325 | queue r0 4072 reprompt 0 | verifying 1 | 24.6 s/proposal]
first proposals:  19%|ΓûêΓûè        | 929/5000 [6:49:31<24:18:24, 21.49s/ep, cand 928 | r0 pass 325/924 | episodes 
solved 325 | queue r0 4071 reprompt 0 | verifying 1 | 24.6 s/proposal]
first proposals:  19%|ΓûêΓûè        | 930/5000 [6:49:53<24:18:58, 21.51s/ep, cand 929 | r0 pass 326/925 | episodes 
solved 326 | queue r0 4070 reprompt 0 | verifying 1 | 24.6 s/proposal]
first proposals:  19%|ΓûêΓûè        | 931/5000 [6:50:14<24:14:14, 21.44s/ep, cand 930 | r0 pass 326/926 | episodes 
solved 326 | queue r0 4069 reprompt 0 | verifying 1 | 24.6 s/proposal]
first proposals:  19%|ΓûêΓûè        | 932/5000 [6:51:48<48:20:10, 42.78s/ep, cand 931 | r0 pass 326/927 | episodes 
solved 326 | queue r0 4068 reprompt 0 | verifying 1 | 24.6 s/proposal]
first proposals:  19%|ΓûêΓûè        | 933/5000 [6:52:51<54:59:56, 48.68s/ep, cand 932 | r0 pass 326/928 | episodes 
solved 326 | queue r0 4067 reprompt 0 | verifying 1 | 26.0 s/proposal]
first proposals:  19%|ΓûêΓûè        | 934/5000 [6:53:12<45:48:27, 40.56s/ep, cand 933 | r0 pass 326/929 | episodes 
solved 326 | queue r0 4066 reprompt 0 | verifying 1 | 26.8 s/proposal]
first proposals:  19%|ΓûêΓûè        | 935/5000 [6:53:34<39:24:16, 34.90s/ep, cand 934 | r0 pass 326/930 | episodes 
solved 326 | queue r0 4065 reprompt 0 | verifying 1 | 26.8 s/proposal]
first proposals:  19%|ΓûêΓûè        | 936/5000 [6:53:55<34:59:40, 31.00s/ep, cand 935 | r0 pass 326/931 | episodes 
solved 326 | queue r0 4064 reprompt 0 | verifying 1 | 26.8 s/proposal]
first proposals:  19%|ΓûêΓûè        | 937/5000 [6:54:17<31:45:50, 28.14s/ep, cand 936 | r0 pass 327/932 | episodes 
solved 327 | queue r0 4063 reprompt 0 | verifying 1 | 26.8 s/proposal]
first proposals:  19%|ΓûêΓûë        | 938/5000 [6:54:39<29:38:19, 26.27s/ep, cand 937 | r0 pass 327/933 | episodes 
solved 327 | queue r0 4062 reprompt 0 | verifying 1 | 26.8 s/proposal]
first proposals:  19%|ΓûêΓûë        | 939/5000 [6:55:01<28:07:52, 24.94s/ep, cand 938 | r0 pass 327/934 | episodes 
solved 327 | queue r0 4061 reprompt 0 | verifying 1 | 26.1 s/proposal]
first proposals:  19%|ΓûêΓûë        | 940/5000 [6:55:22<26:57:31, 23.90s/ep, cand 939 | r0 pass 327/935 | episodes 
solved 327 | queue r0 4060 reprompt 0 | verifying 1 | 25.4 s/proposal]
first proposals:  19%|ΓûêΓûë        | 941/5000 [6:56:24<39:46:52, 35.28s/ep, cand 940 | r0 pass 328/936 | episodes 
solved 328 | queue r0 4059 reprompt 0 | verifying 1 | 25.4 s/proposal]
first proposals:  19%|ΓûêΓûë        | 942/5000 [6:56:46<35:10:56, 31.21s/ep, cand 941 | r0 pass 328/937 | episodes 
solved 328 | queue r0 4058 reprompt 0 | verifying 1 | 26.2 s/proposal]
first proposals:  19%|ΓûêΓûë        | 943/5000 [6:57:07<31:53:47, 28.30s/ep, cand 942 | r0 pass 328/938 | episodes 
solved 328 | queue r0 4057 reprompt 0 | verifying 1 | 26.2 s/proposal]
first proposals:  19%|ΓûêΓûë        | 944/5000 [6:57:29<29:37:03, 26.29s/ep, cand 943 | r0 pass 329/939 | episodes 
solved 329 | queue r0 4056 reprompt 0 | verifying 1 | 26.2 s/proposal]
first proposals:  19%|ΓûêΓûë        | 945/5000 [6:57:50<27:58:28, 24.84s/ep, cand 944 | r0 pass 330/940 | episodes 
solved 330 | queue r0 4055 reprompt 0 | verifying 1 | 26.2 s/proposal]
first proposals:  19%|ΓûêΓûë        | 946/5000 [6:58:12<26:50:55, 23.84s/ep, cand 945 | r0 pass 331/941 | episodes 
solved 331 | queue r0 4054 reprompt 0 | verifying 1 | 26.2 s/proposal]
first proposals:  19%|ΓûêΓûë        | 947/5000 [6:58:55<33:25:36, 29.69s/ep, cand 946 | r0 pass 331/942 | episodes 
solved 331 | queue r0 4053 reprompt 0 | verifying 1 | 26.2 s/proposal]
first proposals:  19%|ΓûêΓûë        | 949/5000 [6:59:17<23:38:14, 21.01s/ep, cand 948 | r0 pass 331/944 | episodes 
solved 331 | queue r0 4051 reprompt 0 | verifying 1 | 26.1 s/proposal]
first proposals:  19%|ΓûêΓûë        | 950/5000 [6:59:38<23:44:51, 21.11s/ep, cand 949 | r0 pass 331/945 | episodes 
solved 331 | queue r0 4050 reprompt 0 | verifying 1 | 26.1 s/proposal]
first proposals:  19%|ΓûêΓûë        | 951/5000 [7:00:00<23:53:11, 21.24s/ep, cand 950 | r0 pass 332/946 | episodes 
solved 332 | queue r0 4049 reprompt 0 | verifying 1 | 26.1 s/proposal]
first proposals:  19%|ΓûêΓûë        | 952/5000 [7:00:22<24:02:15, 21.38s/ep, cand 951 | r0 pass 333/947 | episodes 
solved 333 | queue r0 4048 reprompt 0 | verifying 1 | 26.1 s/proposal]
first proposals:  19%|ΓûêΓûë        | 953/5000 [7:00:43<23:59:28, 21.34s/ep, cand 952 | r0 pass 333/948 | episodes 
solved 333 | queue r0 4047 reprompt 0 | verifying 1 | 26.1 s/proposal]
first proposals:  19%|ΓûêΓûë        | 954/5000 [7:01:04<24:04:19, 21.42s/ep, cand 953 | r0 pass 334/949 | episodes 
solved 334 | queue r0 4046 reprompt 0 | verifying 1 | 26.1 s/proposal]
first proposals:  19%|ΓûêΓûë        | 955/5000 [7:01:26<24:04:35, 21.43s/ep, cand 954 | r0 pass 334/950 | episodes 
solved 334 | queue r0 4045 reprompt 0 | verifying 1 | 26.1 s/proposal]
first proposals:  19%|ΓûêΓûë        | 956/5000 [7:01:48<24:10:26, 21.52s/ep, cand 955 | r0 pass 334/951 | episodes 
solved 334 | queue r0 4044 reprompt 0 | verifying 1 | 26.0 s/proposal]
first proposals:  19%|ΓûêΓûë        | 957/5000 [7:02:09<24:15:31, 21.60s/ep, cand 956 | r0 pass 335/952 | episodes 
solved 335 | queue r0 4043 reprompt 0 | verifying 1 | 26.0 s/proposal]
first proposals:  19%|ΓûêΓûë        | 958/5000 [7:02:31<24:09:03, 21.51s/ep, cand 957 | r0 pass 336/953 | episodes 
solved 336 | queue r0 4042 reprompt 0 | verifying 1 | 26.0 s/proposal]
first proposals:  19%|ΓûêΓûë        | 959/5000 [7:02:52<24:08:52, 21.51s/ep, cand 958 | r0 pass 336/954 | episodes 
solved 336 | queue r0 4041 reprompt 0 | verifying 1 | 26.0 s/proposal]
first proposals:  19%|ΓûêΓûë        | 960/5000 [7:05:57<78:41:32, 70.12s/ep, cand 959 | r0 pass 336/955 | episodes 
solved 336 | queue r0 4040 reprompt 0 | verifying 1 | 25.1 s/proposal]
first proposals:  19%|ΓûêΓûë        | 962/5000 [7:07:02<59:12:25, 52.79s/ep, cand 961 | r0 pass 336/956 | episodes 
solved 336 | queue r0 4039 reprompt 0 | verifying 0 | 28.3 s/proposal]
first proposals:  19%|ΓûêΓûë        | 964/5000 [7:07:23<40:30:37, 36.13s/ep, cand 963 | r0 pass 336/958 | episodes 
solved 336 | queue r0 4036 reprompt 0 | verifying 1 | 28.2 s/proposal]
first proposals:  19%|ΓûêΓûë        | 965/5000 [7:07:45<36:53:20, 32.91s/ep, cand 964 | r0 pass 336/959 | episodes 
solved 336 | queue r0 4035 reprompt 0 | verifying 1 | 28.2 s/proposal]
first proposals:  19%|ΓûêΓûë        | 966/5000 [7:08:27<39:24:41, 35.17s/ep, cand 965 | r0 pass 336/960 | episodes 
solved 336 | queue r0 4034 reprompt 0 | verifying 1 | 28.1 s/proposal]
first proposals:  19%|ΓûêΓûë        | 968/5000 [7:08:48<28:12:58, 25.19s/ep, cand 967 | r0 pass 336/962 | episodes 
solved 336 | queue r0 4032 reprompt 0 | verifying 1 | 28.0 s/proposal]
first proposals:  19%|ΓûêΓûë        | 969/5000 [7:09:10<27:26:23, 24.51s/ep, cand 968 | r0 pass 336/963 | episodes 
solved 336 | queue r0 4031 reprompt 0 | verifying 1 | 28.0 s/proposal]
first proposals:  19%|ΓûêΓûë        | 970/5000 [7:10:57<49:52:16, 44.55s/ep, cand 969 | r0 pass 336/964 | episodes 
solved 336 | queue r0 4030 reprompt 0 | verifying 1 | 28.0 s/proposal]
first proposals:  19%|ΓûêΓûë        | 972/5000 [7:11:19<34:27:27, 30.80s/ep, cand 971 | r0 pass 338/966 | episodes 
solved 338 | queue r0 4028 reprompt 0 | verifying 1 | 29.3 s/proposal]
first proposals:  19%|ΓûêΓûë        | 973/5000 [7:11:41<32:06:46, 28.71s/ep, cand 972 | r0 pass 338/967 | episodes 
solved 338 | queue r0 4027 reprompt 0 | verifying 1 | 29.2 s/proposal]
first proposals:  19%|ΓûêΓûë        | 974/5000 [7:12:04<30:29:09, 27.26s/ep, cand 973 | r0 pass 338/968 | episodes 
solved 338 | queue r0 4026 reprompt 0 | verifying 1 | 29.2 s/proposal]
first proposals:  20%|ΓûêΓûë        | 975/5000 [7:12:26<29:09:32, 26.08s/ep, cand 974 | r0 pass 339/969 | episodes 
solved 339 | queue r0 4025 reprompt 0 | verifying 1 | 29.2 s/proposal]
first proposals:  20%|ΓûêΓûë        | 976/5000 [7:13:11<34:50:41, 31.17s/ep, cand 975 | r0 pass 340/970 | episodes 
solved 340 | queue r0 4024 reprompt 0 | verifying 1 | 29.2 s/proposal]
first proposals:  20%|ΓûêΓûë        | 978/5000 [7:13:34<25:08:04, 22.50s/ep, cand 977 | r0 pass 340/972 | episodes 
solved 340 | queue r0 4022 reprompt 0 | verifying 1 | 29.2 s/proposal]
first proposals:  20%|ΓûêΓûë        | 979/5000 [7:13:55<24:48:57, 22.22s/ep, cand 978 | r0 pass 340/973 | episodes 
solved 340 | queue r0 4021 reprompt 0 | verifying 1 | 29.3 s/proposal]
first proposals:  20%|ΓûêΓûë        | 980/5000 [7:14:17<24:41:46, 22.12s/ep, cand 979 | r0 pass 341/974 | episodes 
solved 341 | queue r0 4020 reprompt 0 | verifying 1 | 29.2 s/proposal]
first proposals:  20%|ΓûêΓûë        | 981/5000 [7:15:02<31:25:16, 28.15s/ep, cand 980 | r0 pass 342/975 | episodes 
solved 342 | queue r0 4019 reprompt 0 | verifying 1 | 29.2 s/proposal]
first proposals:  20%|ΓûêΓûë        | 982/5000 [7:15:24<29:28:03, 26.40s/ep, cand 981 | r0 pass 343/976 | episodes 
solved 343 | queue r0 4017 reprompt 0 | verifying 2 | 27.8 s/proposal]
first proposals:  20%|ΓûêΓûë        | 984/5000 [7:15:46<21:57:18, 19.68s/ep, cand 983 | r0 pass 345/978 | episodes 
solved 345 | queue r0 4016 reprompt 0 | verifying 1 | 27.0 s/proposal]
first proposals:  20%|ΓûêΓûë        | 985/5000 [7:16:08<22:34:43, 20.24s/ep, cand 984 | r0 pass 345/979 | episodes 
solved 345 | queue r0 4015 reprompt 0 | verifying 1 | 27.0 s/proposal]
first proposals:  20%|ΓûêΓûë        | 986/5000 [7:16:31<23:14:49, 20.85s/ep, cand 985 | r0 pass 345/980 | episodes 
solved 345 | queue r0 4014 reprompt 0 | verifying 1 | 27.1 s/proposal]
first proposals:  20%|ΓûêΓûë        | 987/5000 [7:16:53<23:46:20, 21.33s/ep, cand 986 | r0 pass 345/981 | episodes 
solved 345 | queue r0 4013 reprompt 0 | verifying 1 | 27.1 s/proposal]
first proposals:  20%|ΓûêΓûë        | 988/5000 [7:17:15<23:56:09, 21.48s/ep, cand 987 | r0 pass 345/982 | episodes 
solved 345 | queue r0 4012 reprompt 0 | verifying 1 | 27.1 s/proposal]
first proposals:  20%|ΓûêΓûë        | 989/5000 [7:18:00<31:14:22, 28.04s/ep, cand 988 | r0 pass 345/983 | episodes 
solved 345 | queue r0 4011 reprompt 0 | verifying 1 | 27.1 s/proposal]
first proposals:  20%|ΓûêΓûë        | 991/5000 [7:18:22<22:52:20, 20.54s/ep, cand 990 | r0 pass 347/985 | episodes 
solved 347 | queue r0 4009 reprompt 0 | verifying 1 | 27.1 s/proposal]
first proposals:  20%|ΓûêΓûë        | 992/5000 [7:18:44<23:17:17, 20.92s/ep, cand 991 | r0 pass 348/986 | episodes 
solved 348 | queue r0 4008 reprompt 0 | verifying 1 | 26.3 s/proposal]
first proposals:  20%|ΓûêΓûë        | 993/5000 [7:19:29<29:56:29, 26.90s/ep, cand 992 | r0 pass 349/987 | episodes 
solved 349 | queue r0 4007 reprompt 0 | verifying 1 | 26.3 s/proposal]
first proposals:  20%|ΓûêΓûë        | 994/5000 [7:19:51<28:35:32, 25.69s/ep, cand 993 | r0 pass 349/988 | episodes 
solved 349 | queue r0 4005 reprompt 0 | verifying 2 | 26.4 s/proposal]
first proposals:  20%|ΓûêΓûë        | 996/5000 [7:22:58<61:22:42, 55.19s/ep, cand 995 | r0 pass 349/990 | episodes 
solved 349 | queue r0 4004 reprompt 0 | verifying 1 | 26.4 s/proposal]
first proposals:  20%|ΓûêΓûë        | 998/5000 [7:23:41<47:00:27, 42.29s/ep, cand 997 | r0 pass 349/991 | episodes 
solved 349 | queue r0 4003 reprompt 0 | verifying 0 | 29.7 s/proposal]
first proposals:  20%|ΓûêΓûë        | 999/5000 [7:25:03<56:27:58, 50.81s/ep, cand 998 | r0 pass 349/992 | episodes 
solved 349 | queue r0 4001 reprompt 0 | verifying 1 | 29.7 s/proposal]
first proposals:  20%|ΓûêΓûê        | 1001/5000 [7:25:26<39:43:05, 35.76s/ep, cand 1000 | r0 pass 349/994 | episodes 
solved 349 | queue r0 3999 reprompt 0 | verifying 1 | 30.5 s/proposal]
first proposals:  20%|ΓûêΓûê        | 1002/5000 [7:25:48<36:30:51, 32.88s/ep, cand 1001 | r0 pass 349/995 | episodes 
solved 349 | queue r0 3998 reprompt 0 | verifying 1 | 30.5 s/proposal]
first proposals:  20%|ΓûêΓûê        | 1003/5000 [7:26:10<33:46:54, 30.43s/ep, cand 1002 | r0 pass 349/996 | episodes 
solved 349 | queue r0 3997 reprompt 0 | verifying 1 | 30.5 s/proposal]
first proposals:  20%|ΓûêΓûê        | 1004/5000 [7:26:57<38:12:15, 34.42s/ep, cand 1003 | r0 pass 350/997 | episodes 
solved 350 | queue r0 3996 reprompt 0 | verifying 1 | 30.5 s/proposal]
first proposals:  20%|ΓûêΓûê        | 1005/5000 [7:27:19<34:41:15, 31.26s/ep, cand 1004 | r0 pass 350/998 | episodes 
solved 350 | queue r0 3994 reprompt 0 | verifying 2 | 30.6 s/proposal]
first proposals:  20%|ΓûêΓûê        | 1007/5000 [7:27:41<25:05:52, 22.63s/ep, cand 1006 | r0 pass 350/1000 | episodes 
solved 350 | queue r0 3993 reprompt 0 | verifying 1 | 30.6 s/proposal]
first proposals:  20%|ΓûêΓûê        | 1008/5000 [7:28:03<24:53:36, 22.45s/ep, cand 1007 | r0 pass 350/1001 | episodes 
solved 350 | queue r0 3992 reprompt 0 | verifying 1 | 30.6 s/proposal]
first proposals:  20%|ΓûêΓûê        | 1009/5000 [7:29:07<36:23:23, 32.82s/ep, cand 1008 | r0 pass 350/1002 | episodes 
solved 350 | queue r0 3991 reprompt 0 | verifying 1 | 30.6 s/proposal]
first proposals:  20%|ΓûêΓûê        | 1010/5000 [7:30:35<52:31:04, 47.38s/ep, cand 1009 | r0 pass 350/1003 | episodes 
solved 350 | queue r0 3990 reprompt 0 | verifying 1 | 31.5 s/proposal]
first proposals:  20%|ΓûêΓûê        | 1011/5000 [7:30:57<44:42:34, 40.35s/ep, cand 1010 | r0 pass 350/1004 | episodes 
solved 350 | queue r0 3989 reprompt 0 | verifying 1 | 29.5 s/proposal]
first proposals:  20%|ΓûêΓûê        | 1012/5000 [7:31:18<38:52:28, 35.09s/ep, cand 1011 | r0 pass 350/1005 | episodes 
solved 350 | queue r0 3988 reprompt 0 | verifying 1 | 29.5 s/proposal]
first proposals:  20%|ΓûêΓûê        | 1013/5000 [7:31:40<34:36:15, 31.25s/ep, cand 1012 | r0 pass 350/1006 | episodes 
solved 350 | queue r0 3987 reprompt 0 | verifying 1 | 29.5 s/proposal]
first proposals:  20%|ΓûêΓûê        | 1014/5000 [7:32:02<31:34:31, 28.52s/ep, cand 1013 | r0 pass 350/1007 | episodes 
solved 350 | queue r0 3986 reprompt 0 | verifying 1 | 29.5 s/proposal]
first proposals:  20%|ΓûêΓûê        | 1015/5000 [7:32:23<29:18:04, 26.47s/ep, cand 1014 | r0 pass 351/1008 | episodes 
solved 351 | queue r0 3985 reprompt 0 | verifying 1 | 29.5 s/proposal]
first proposals:  20%|ΓûêΓûê        | 1016/5000 [7:32:45<27:42:02, 25.03s/ep, cand 1015 | r0 pass 351/1009 | episodes 
solved 351 | queue r0 3984 reprompt 0 | verifying 1 | 29.5 s/proposal]
first proposals:  20%|ΓûêΓûê        | 1017/5000 [7:35:48<79:26:57, 71.81s/ep, cand 1016 | r0 pass 352/1010 | episodes 
solved 352 | queue r0 3983 reprompt 0 | verifying 1 | 29.5 s/proposal]
first proposals:  20%|ΓûêΓûê        | 1019/5000 [7:36:33<54:19:49, 49.13s/ep, cand 1018 | r0 pass 352/1011 | episodes 
solved 352 | queue r0 3982 reprompt 0 | verifying 0 | 32.8 s/proposal]
first proposals:  20%|ΓûêΓûê        | 1020/5000 [7:36:54<46:53:06, 42.41s/ep, cand 1019 | r0 pass 352/1012 | episodes 
solved 352 | queue r0 3980 reprompt 0 | verifying 1 | 32.8 s/proposal]
first proposals:  20%|ΓûêΓûê        | 1021/5000 [7:37:40<47:43:06, 43.17s/ep, cand 1020 | r0 pass 353/1013 | episodes 
solved 353 | queue r0 3979 reprompt 0 | verifying 1 | 32.8 s/proposal]
first proposals:  20%|ΓûêΓûê        | 1022/5000 [7:38:25<48:20:27, 43.75s/ep, cand 1021 | r0 pass 353/1014 | episodes 
solved 353 | queue r0 3977 reprompt 0 | verifying 2 | 31.6 s/proposal]
first proposals:  20%|ΓûêΓûê        | 1023/5000 [7:38:47<41:42:10, 37.75s/ep, cand 1022 | r0 pass 353/1015 | episodes 
solved 353 | queue r0 3975 reprompt 0 | verifying 3 | 31.6 s/proposal]
first proposals:  20%|ΓûêΓûê        | 1024/5000 [7:39:08<36:25:49, 32.99s/ep, cand 1023 | r0 pass 353/1016 | episodes 
solved 353 | queue r0 3974 reprompt 0 | verifying 3 | 31.6 s/proposal]
first proposals:  20%|ΓûêΓûê        | 1025/5000 [7:39:31<32:58:57, 29.87s/ep, cand 1024 | r0 pass 354/1017 | episodes 
solved 354 | queue r0 3973 reprompt 0 | verifying 3 | 31.5 s/proposal]
first proposals:  21%|ΓûêΓûê        | 1026/5000 [7:40:32<42:59:50, 38.95s/ep, cand 1025 | r0 pass 355/1018 | episodes 
solved 355 | queue r0 3972 reprompt 0 | verifying 3 | 31.5 s/proposal]
first proposals:  21%|ΓûêΓûê        | 1029/5000 [7:40:53<23:33:05, 21.35s/ep, cand 1028 | r0 pass 356/1021 | episodes 
solved 356 | queue r0 3971 reprompt 0 | verifying 1 | 32.3 s/proposal]
first proposals:  21%|ΓûêΓûê        | 1030/5000 [7:41:51<32:00:08, 29.02s/ep, cand 1029 | r0 pass 356/1022 | episodes 
solved 356 | queue r0 3970 reprompt 0 | verifying 1 | 32.3 s/proposal]
first proposals:  21%|ΓûêΓûê        | 1031/5000 [7:42:12<29:45:51, 27.00s/ep, cand 1030 | r0 pass 356/1023 | episodes 
solved 356 | queue r0 3969 reprompt 0 | verifying 1 | 33.0 s/proposal]
first proposals:  21%|ΓûêΓûê        | 1032/5000 [7:42:55<34:15:13, 31.08s/ep, cand 1031 | r0 pass 356/1024 | episodes 
solved 356 | queue r0 3968 reprompt 0 | verifying 1 | 33.0 s/proposal]
first proposals:  21%|ΓûêΓûê        | 1034/5000 [7:43:39<30:04:49, 27.30s/ep, cand 1033 | r0 pass 358/1026 | episodes 
solved 358 | queue r0 3966 reprompt 0 | verifying 1 | 33.0 s/proposal]
first proposals:  21%|ΓûêΓûê        | 1035/5000 [7:44:01<28:43:56, 26.09s/ep, cand 1034 | r0 pass 359/1027 | episodes 
solved 359 | queue r0 3964 reprompt 0 | verifying 2 | 33.0 s/proposal]
first proposals:  21%|ΓûêΓûê        | 1037/5000 [7:44:45<26:55:51, 24.46s/ep, cand 1036 | r0 pass 360/1029 | episodes 
solved 360 | queue r0 3963 reprompt 0 | verifying 1 | 33.0 s/proposal]
first proposals:  21%|ΓûêΓûê        | 1038/5000 [7:45:07<26:16:13, 23.87s/ep, cand 1037 | r0 pass 360/1030 | episodes 
solved 360 | queue r0 3961 reprompt 0 | verifying 2 | 32.9 s/proposal]
first proposals:  21%|ΓûêΓûê        | 1039/5000 [7:45:29<25:42:22, 23.36s/ep, cand 1038 | r0 pass 360/1031 | episodes 
solved 360 | queue r0 3960 reprompt 0 | verifying 2 | 32.9 s/proposal]
first proposals:  21%|ΓûêΓûê        | 1040/5000 [7:45:50<25:17:09, 22.99s/ep, cand 1039 | r0 pass 360/1032 | episodes 
solved 360 | queue r0 3959 reprompt 0 | verifying 2 | 32.9 s/proposal]
first proposals:  21%|ΓûêΓûê        | 1041/5000 [7:46:13<25:02:50, 22.78s/ep, cand 1040 | r0 pass 360/1033 | episodes 
solved 360 | queue r0 3958 reprompt 0 | verifying 2 | 32.9 s/proposal]
first proposals:  21%|ΓûêΓûê        | 1042/5000 [7:46:35<24:58:24, 22.71s/ep, cand 1041 | r0 pass 361/1034 | episodes 
solved 361 | queue r0 3957 reprompt 0 | verifying 2 | 32.9 s/proposal]
first proposals:  21%|ΓûêΓûê        | 1044/5000 [7:47:48<31:40:00, 28.82s/ep, cand 1043 | r0 pass 362/1036 | episodes 
solved 362 | queue r0 3956 reprompt 0 | verifying 1 | 32.9 s/proposal]
first proposals:  21%|ΓûêΓûê        | 1046/5000 [7:48:11<24:14:25, 22.07s/ep, cand 1045 | r0 pass 363/1038 | episodes 
solved 363 | queue r0 3953 reprompt 0 | verifying 2 | 29.7 s/proposal]
first proposals:  21%|ΓûêΓûê        | 1047/5000 [7:48:56<29:40:04, 27.02s/ep, cand 1046 | r0 pass 364/1039 | episodes 
solved 364 | queue r0 3952 reprompt 0 | verifying 2 | 29.8 s/proposal]
first proposals:  21%|ΓûêΓûê        | 1049/5000 [7:52:10<58:57:50, 53.73s/ep, cand 1048 | r0 pass 364/1041 | episodes 
solved 364 | queue r0 3950 reprompt 0 | verifying 2 | 29.8 s/proposal]
first proposals:  21%|ΓûêΓûê        | 1052/5000 [7:54:04<51:13:25, 46.71s/ep, cand 1051 | r0 pass 366/1043 | episodes 
solved 366 | queue r0 3949 reprompt 0 | verifying 0 | 32.5 s/proposal]
first proposals:  21%|ΓûêΓûê        | 1053/5000 [7:54:28<46:43:16, 42.61s/ep, cand 1052 | r0 pass 366/1044 | episodes 
solved 366 | queue r0 3946 reprompt 0 | verifying 2 | 33.4 s/proposal]
first proposals:  21%|ΓûêΓûê        | 1054/5000 [7:54:50<42:19:05, 38.61s/ep, cand 1053 | r0 pass 366/1045 | episodes 
solved 366 | queue r0 3945 reprompt 0 | verifying 2 | 33.4 s/proposal]
first proposals:  21%|ΓûêΓûê        | 1055/5000 [7:55:13<38:19:36, 34.98s/ep, cand 1054 | r0 pass 367/1046 | episodes 
solved 367 | queue r0 3944 reprompt 0 | verifying 2 | 33.4 s/proposal]
first proposals:  21%|ΓûêΓûê        | 1057/5000 [7:55:58<32:59:09, 30.12s/ep, cand 1056 | r0 pass 368/1048 | episodes 
solved 368 | queue r0 3943 reprompt 0 | verifying 1 | 33.4 s/proposal]
first proposals:  21%|ΓûêΓûê        | 1058/5000 [7:56:21<31:12:59, 28.51s/ep, cand 1057 | r0 pass 369/1049 | episodes 
solved 369 | queue r0 3941 reprompt 0 | verifying 2 | 33.4 s/proposal]
first proposals:  21%|ΓûêΓûê        | 1059/5000 [7:56:43<29:40:57, 27.11s/ep, cand 1058 | r0 pass 370/1050 | episodes 
solved 370 | queue r0 3940 reprompt 0 | verifying 2 | 32.6 s/proposal]
first proposals:  21%|ΓûêΓûê        | 1060/5000 [7:57:05<28:18:34, 25.87s/ep, cand 1059 | r0 pass 371/1051 | episodes 
solved 371 | queue r0 3939 reprompt 0 | verifying 2 | 31.3 s/proposal]
first proposals:  21%|ΓûêΓûê        | 1061/5000 [7:57:27<27:05:01, 24.75s/ep, cand 1060 | r0 pass 371/1052 | episodes 
solved 371 | queue r0 3938 reprompt 0 | verifying 2 | 31.3 s/proposal]
first proposals:  21%|ΓûêΓûê        | 1062/5000 [7:59:22<54:11:51, 49.55s/ep, cand 1061 | r0 pass 372/1053 | episodes 
solved 372 | queue r0 3937 reprompt 0 | verifying 2 | 31.3 s/proposal]
first proposals:  21%|ΓûêΓûêΓûÅ       | 1063/5000 [7:59:47<46:41:38, 42.70s/ep, cand 1062 | r0 pass 372/1054 | 
episodes solved 372 | queue r0 3933 reprompt 0 | verifying 5 | 31.9 s/proposal]
first proposals:  21%|ΓûêΓûêΓûÅ       | 1064/5000 [8:00:14<41:45:43, 38.20s/ep, cand 1063 | r0 pass 372/1055 | 
episodes solved 372 | queue r0 3932 reprompt 0 | verifying 5 | 28.7 s/proposal]
first proposals:  21%|ΓûêΓûêΓûÅ       | 1065/5000 [8:01:21<50:46:19, 46.45s/ep, cand 1064 | r0 pass 372/1056 | 
episodes solved 372 | queue r0 3931 reprompt 0 | verifying 5 | 28.8 s/proposal]
first proposals:  21%|ΓûêΓûêΓûÅ       | 1067/5000 [8:01:43<33:20:17, 30.52s/ep, cand 1066 | r0 pass 373/1058 | 
episodes solved 373 | queue r0 3930 reprompt 0 | verifying 4 | 29.7 s/proposal]
first proposals:  21%|ΓûêΓûêΓûÅ       | 1070/5000 [8:02:06<20:56:00, 19.18s/ep, cand 1069 | r0 pass 374/1061 | 
episodes solved 374 | queue r0 3929 reprompt 0 | verifying 2 | 29.7 s/proposal]
first proposals:  21%|ΓûêΓûêΓûÅ       | 1071/5000 [8:05:17<56:32:49, 51.81s/ep, cand 1070 | r0 pass 374/1062 | 
episodes solved 374 | queue r0 3928 reprompt 0 | verifying 2 | 29.7 s/proposal]Traceback (most recent call last):
  File "<frozen runpy>", line 198, in _run_module_as_main
  File "<frozen runpy>", line 88, in _run_code
  File "C:\Users\jv624\Desktop\fsm_reliability\scripts\25_cstr_collect.py", line 322, in <module>
    main()
    ~~~~^^
  File "C:\Users\jv624\Desktop\fsm_reliability\scripts\25_cstr_collect.py", line 293, in main
    fut = pool.submit(verify_job, s, parsed["action"], rnd == 0)
  File "C:\Users\jv624\AppData\Local\Programs\Python\Python313\Lib\concurrent\futures\process.py", line 786, in submit
    raise BrokenProcessPool(self._broken)
concurrent.futures.process.BrokenProcessPool: A child process terminated abruptly, the process pool is not usable 
anymore

first proposals:  21%|ΓûêΓûêΓûÅ       | 1073/5000 [8:05:40<29:37:28, 27.16s/ep, cand 1073 | r0 pass 374/1064 | 
episodes solved 374 | queue r0 3927 reprompt 0 | verifying 0 | 33.1 s/proposal]
