python.exe : W1007 05:25:47.034000 48612 site-packages\torch\utils\flop_counter.py:29] triton not found; flop counting 
will not work for triton kernels
At C:\Users\jv624\Desktop\fsm_reliability\outputs\model_set_queue.ps1:11 char:5
+     & $py @pyArgs 2>&1 | Out-File -Encoding utf8 "outputs\queue_$name ...
+     ~~~~~~~~~~~~~~~~~~
    + CategoryInfo          : NotSpecified: (W1007 05:25:47.... triton kernels:String) [], RemoteException
    + FullyQualifiedErrorId : NativeCommandError
 

Loading weights:   0%|          | 0/339 [00:00<?, ?it/s]
Loading weights:   0%|          | 1/339 [00:00<03:50,  1.47it/s]
Loading weights:   1%|          | 2/339 [00:01<05:31,  1.02it/s]
Loading weights:   1%|          | 4/339 [00:02<02:29,  2.24it/s]
Loading weights:   1%|ΓûÅ         | 5/339 [00:02<01:59,  2.79it/s]
Loading weights:   2%|ΓûÅ         | 6/339 [00:02<01:38,  3.38it/s]
Loading weights:   5%|Γûì         | 16/339 [00:02<00:23, 13.79it/s]
Loading weights:   5%|Γûî         | 18/339 [00:02<00:27, 11.70it/s]
Loading weights:   8%|Γûè         | 28/339 [00:03<00:15, 20.71it/s]
Loading weights:   9%|Γûë         | 31/339 [00:03<00:16, 18.78it/s]
Loading weights:  12%|ΓûêΓûÅ        | 40/339 [00:03<00:10, 27.42it/s]
Loading weights:  13%|ΓûêΓûÄ        | 44/339 [00:03<00:12, 24.47it/s]
Loading weights:  15%|ΓûêΓûî        | 52/339 [00:03<00:09, 31.29it/s]
Loading weights:  17%|ΓûêΓûï        | 56/339 [00:04<00:10, 27.61it/s]
Loading weights:  19%|ΓûêΓûë        | 64/339 [00:04<00:08, 33.70it/s]
Loading weights:  20%|ΓûêΓûê        | 68/339 [00:04<00:09, 29.52it/s]
Loading weights:  22%|ΓûêΓûêΓûÅ       | 76/339 [00:04<00:07, 37.10it/s]
Loading weights:  24%|ΓûêΓûêΓûì       | 81/339 [00:04<00:07, 33.92it/s]
Loading weights:  26%|ΓûêΓûêΓûî       | 88/339 [00:04<00:06, 38.80it/s]
Loading weights:  27%|ΓûêΓûêΓûï       | 93/339 [00:05<00:06, 35.64it/s]
Loading weights:  29%|ΓûêΓûêΓûë       | 100/339 [00:05<00:05, 41.13it/s]
Loading weights:  31%|ΓûêΓûêΓûê       | 105/339 [00:05<00:06, 37.73it/s]
Loading weights:  33%|ΓûêΓûêΓûêΓûÄ      | 112/339 [00:05<00:05, 42.91it/s]
Loading weights:  35%|ΓûêΓûêΓûêΓûì      | 117/339 [00:05<00:05, 38.84it/s]
Loading weights:  37%|ΓûêΓûêΓûêΓûï      | 124/339 [00:05<00:04, 43.54it/s]
Loading weights:  38%|ΓûêΓûêΓûêΓûè      | 129/339 [00:05<00:05, 38.41it/s]
Loading weights:  40%|ΓûêΓûêΓûêΓûê      | 136/339 [00:06<00:04, 43.85it/s]
Loading weights:  42%|ΓûêΓûêΓûêΓûêΓûÅ     | 141/339 [00:06<00:05, 39.20it/s]
Loading weights:  44%|ΓûêΓûêΓûêΓûêΓûÄ     | 148/339 [00:06<00:04, 44.38it/s]
Loading weights:  45%|ΓûêΓûêΓûêΓûêΓûî     | 153/339 [00:06<00:04, 39.09it/s]
Loading weights:  47%|ΓûêΓûêΓûêΓûêΓûï     | 160/339 [00:06<00:04, 44.31it/s]
Loading weights:  49%|ΓûêΓûêΓûêΓûêΓûè     | 165/339 [00:06<00:04, 39.04it/s]
Loading weights:  51%|ΓûêΓûêΓûêΓûêΓûê     | 172/339 [00:06<00:03, 42.44it/s]
Loading weights:  52%|ΓûêΓûêΓûêΓûêΓûêΓûÅ    | 177/339 [00:07<00:04, 36.16it/s]
Loading weights:  54%|ΓûêΓûêΓûêΓûêΓûêΓûì    | 184/339 [00:07<00:03, 39.57it/s]
Loading weights:  56%|ΓûêΓûêΓûêΓûêΓûêΓûî    | 189/339 [00:07<00:04, 34.26it/s]
Loading weights:  58%|ΓûêΓûêΓûêΓûêΓûêΓûè    | 196/339 [00:07<00:03, 38.03it/s]
Loading weights:  59%|ΓûêΓûêΓûêΓûêΓûêΓûë    | 201/339 [00:07<00:04, 33.70it/s]
Loading weights:  61%|ΓûêΓûêΓûêΓûêΓûêΓûêΓûÅ   | 208/339 [00:07<00:03, 38.04it/s]
Loading weights:  63%|ΓûêΓûêΓûêΓûêΓûêΓûêΓûÄ   | 213/339 [00:08<00:03, 33.97it/s]
Loading weights:  65%|ΓûêΓûêΓûêΓûêΓûêΓûêΓûì   | 220/339 [00:08<00:03, 38.42it/s]
Loading weights:  66%|ΓûêΓûêΓûêΓûêΓûêΓûêΓûï   | 225/339 [00:08<00:03, 34.01it/s]
Loading weights:  68%|ΓûêΓûêΓûêΓûêΓûêΓûêΓûè   | 232/339 [00:08<00:02, 39.11it/s]
Loading weights:  70%|ΓûêΓûêΓûêΓûêΓûêΓûêΓûë   | 237/339 [00:08<00:02, 35.02it/s]
Loading weights:  72%|ΓûêΓûêΓûêΓûêΓûêΓûêΓûêΓûÅ  | 244/339 [00:08<00:02, 34.24it/s]
Loading weights:  73%|ΓûêΓûêΓûêΓûêΓûêΓûêΓûêΓûÄ  | 248/339 [00:09<00:03, 27.79it/s]
Loading weights:  76%|ΓûêΓûêΓûêΓûêΓûêΓûêΓûêΓûî  | 256/339 [00:09<00:02, 32.52it/s]
Loading weights:  77%|ΓûêΓûêΓûêΓûêΓûêΓûêΓûêΓûï  | 260/339 [00:09<00:02, 26.45it/s]
Loading weights:  79%|ΓûêΓûêΓûêΓûêΓûêΓûêΓûêΓûë  | 268/339 [00:09<00:02, 30.86it/s]
Loading weights:  80%|ΓûêΓûêΓûêΓûêΓûêΓûêΓûêΓûê  | 272/339 [00:10<00:02, 25.52it/s]
Loading weights:  83%|ΓûêΓûêΓûêΓûêΓûêΓûêΓûêΓûêΓûÄ | 280/339 [00:10<00:02, 29.47it/s]
Loading weights:  84%|ΓûêΓûêΓûêΓûêΓûêΓûêΓûêΓûêΓûì | 284/339 [00:10<00:02, 24.30it/s]
Loading weights:  86%|ΓûêΓûêΓûêΓûêΓûêΓûêΓûêΓûêΓûî | 292/339 [00:10<00:01, 30.78it/s]
Loading weights:  87%|ΓûêΓûêΓûêΓûêΓûêΓûêΓûêΓûêΓûï | 296/339 [00:10<00:01, 26.18it/s]
Loading weights:  90%|ΓûêΓûêΓûêΓûêΓûêΓûêΓûêΓûêΓûë | 304/339 [00:11<00:01, 32.52it/s]
Loading weights:  91%|ΓûêΓûêΓûêΓûêΓûêΓûêΓûêΓûêΓûê | 308/339 [00:11<00:01, 29.22it/s]
Loading weights:  93%|ΓûêΓûêΓûêΓûêΓûêΓûêΓûêΓûêΓûêΓûÄ| 316/339 [00:11<00:00, 34.27it/s]
Loading weights:  94%|ΓûêΓûêΓûêΓûêΓûêΓûêΓûêΓûêΓûêΓûì| 320/339 [00:11<00:00, 27.48it/s]
Loading weights:  97%|ΓûêΓûêΓûêΓûêΓûêΓûêΓûêΓûêΓûêΓûï| 328/339 [00:11<00:00, 31.05it/s]
Loading weights:  98%|ΓûêΓûêΓûêΓûêΓûêΓûêΓûêΓûêΓûêΓûè| 332/339 [00:12<00:00, 26.63it/s]
Loading weights: 100%|ΓûêΓûêΓûêΓûêΓûêΓûêΓûêΓûêΓûêΓûê| 339/339 [00:12<00:00, 27.76it/s]

  0%|          | 0/3000 [00:00<?, ?it/s]
  0%|          | 1/3000 [00:01<1:38:37,  1.97s/it]
  0%|          | 2/3000 [00:06<2:39:18,  3.19s/it]
  0%|          | 3/3000 [00:07<1:51:56,  2.24s/it]
  0%|          | 4/3000 [00:08<1:30:03,  1.80s/it]
  0%|          | 5/3000 [00:09<1:14:24,  1.49s/it]
  0%|          | 6/3000 [00:11<1:20:45,  1.62s/it]
  0%|          | 7/3000 [00:12<1:14:13,  1.49s/it]
  0%|          | 8/3000 [00:14<1:29:48,  1.80s/it]
  0%|          | 9/3000 [00:15<1:14:28,  1.49s/it]
  0%|          | 10/3000 [00:16<1:09:14,  1.39s/it]
  0%|          | 11/3000 [00:18<1:08:33,  1.38s/it]
  0%|          | 12/3000 [00:19<1:09:13,  1.39s/it]
  0%|          | 13/3000 [00:21<1:13:15,  1.47s/it]
  0%|          | 14/3000 [00:22<1:06:29,  1.34s/it]
  0%|          | 15/3000 [00:24<1:16:14,  1.53s/it]
  1%|          | 16/3000 [00:25<1:10:27,  1.42s/it]
  1%|          | 17/3000 [00:26<1:00:30,  1.22s/it]
  1%|          | 18/3000 [00:28<1:22:17,  1.66s/it]
  1%|          | 19/3000 [00:30<1:16:31,  1.54s/it]
  1%|          | 20/3000 [00:31<1:09:45,  1.40s/it]
  1%|          | 21/3000 [00:32<1:05:17,  1.31s/it]
  1%|          | 22/3000 [00:33<1:00:46,  1.22s/it]
  1%|          | 23/3000 [00:34<1:03:02,  1.27s/it]
  1%|          | 24/3000 [00:36<1:07:38,  1.36s/it]
  1%|          | 25/3000 [00:37<1:09:44,  1.41s/it]
  1%|          | 26/3000 [00:38<1:07:24,  1.36s/it]
  1%|          | 27/3000 [00:39<59:19,  1.20s/it]  
  1%|          | 28/3000 [00:41<1:07:23,  1.36s/it]
  1%|          | 29/3000 [00:42<1:05:40,  1.33s/it]
  1%|          | 30/3000 [00:43<58:21,  1.18s/it]  
  1%|          | 31/3000 [00:44<57:36,  1.16s/it]
  1%|          | 32/3000 [00:45<57:08,  1.16s/it]
  1%|          | 33/3000 [00:46<54:21,  1.10s/it]
  1%|          | 34/3000 [00:49<1:13:19,  1.48s/it]
  1%|          | 35/3000 [00:51<1:23:21,  1.69s/it]
  1%|          | 36/3000 [00:52<1:15:36,  1.53s/it]
  1%|          | 37/3000 [00:53<1:06:57,  1.36s/it]
  1%|ΓûÅ         | 38/3000 [00:54<1:07:01,  1.36s/it]
  1%|ΓûÅ         | 39/3000 [00:56<1:09:10,  1.40s/it]
  1%|ΓûÅ         | 40/3000 [00:57<1:09:41,  1.41s/it]
  1%|ΓûÅ         | 41/3000 [00:58<1:06:48,  1.35s/it]
  1%|ΓûÅ         | 42/3000 [01:00<1:11:50,  1.46s/it]
  1%|ΓûÅ         | 43/3000 [01:02<1:18:30,  1.59s/it]
  1%|ΓûÅ         | 44/3000 [01:04<1:18:02,  1.58s/it]
  2%|ΓûÅ         | 45/3000 [01:05<1:12:44,  1.48s/it]
  2%|ΓûÅ         | 46/3000 [01:06<1:12:58,  1.48s/it]
  2%|ΓûÅ         | 47/3000 [01:08<1:14:57,  1.52s/it]
  2%|ΓûÅ         | 48/3000 [01:10<1:15:03,  1.53s/it]
  2%|ΓûÅ         | 49/3000 [01:11<1:09:47,  1.42s/it]
  2%|ΓûÅ         | 50/3000 [01:12<1:13:11,  1.49s/it]
  2%|ΓûÅ         | 51/3000 [01:14<1:20:24,  1.64s/it]
  2%|ΓûÅ         | 52/3000 [01:17<1:29:15,  1.82s/it]
  2%|ΓûÅ         | 53/3000 [01:18<1:18:11,  1.59s/it]
  2%|ΓûÅ         | 54/3000 [01:19<1:16:50,  1.57s/it]
  2%|ΓûÅ         | 55/3000 [01:20<1:12:10,  1.47s/it]
  2%|ΓûÅ         | 56/3000 [01:22<1:18:13,  1.59s/it]
  2%|ΓûÅ         | 57/3000 [01:24<1:16:40,  1.56s/it]
  2%|ΓûÅ         | 58/3000 [01:25<1:10:52,  1.45s/it]
  2%|ΓûÅ         | 59/3000 [01:26<1:07:14,  1.37s/it]
  2%|ΓûÅ         | 60/3000 [01:27<1:00:44,  1.24s/it]
  2%|ΓûÅ         | 61/3000 [01:29<1:07:37,  1.38s/it]
  2%|ΓûÅ         | 62/3000 [01:30<1:11:40,  1.46s/it]
  2%|ΓûÅ         | 63/3000 [01:33<1:24:47,  1.73s/it]
  2%|ΓûÅ         | 64/3000 [01:35<1:27:35,  1.79s/it]
  2%|ΓûÅ         | 65/3000 [01:36<1:27:16,  1.78s/it]
  2%|ΓûÅ         | 66/3000 [01:38<1:25:11,  1.74s/it]
  2%|ΓûÅ         | 67/3000 [01:40<1:23:24,  1.71s/it]
  2%|ΓûÅ         | 68/3000 [01:41<1:17:15,  1.58s/it]
  2%|ΓûÅ         | 69/3000 [01:43<1:21:23,  1.67s/it]
  2%|ΓûÅ         | 70/3000 [01:45<1:26:35,  1.77s/it]
  2%|ΓûÅ         | 71/3000 [01:46<1:14:17,  1.52s/it]
  2%|ΓûÅ         | 72/3000 [01:47<1:11:03,  1.46s/it]
  2%|ΓûÅ         | 73/3000 [01:49<1:16:33,  1.57s/it]
  2%|ΓûÅ         | 74/3000 [01:50<1:07:20,  1.38s/it]
  2%|ΓûÄ         | 75/3000 [01:51<1:06:11,  1.36s/it]
  3%|ΓûÄ         | 76/3000 [01:53<1:17:12,  1.58s/it]
  3%|ΓûÄ         | 77/3000 [01:56<1:29:18,  1.83s/it]
  3%|ΓûÄ         | 78/3000 [01:57<1:20:10,  1.65s/it]
  3%|ΓûÄ         | 79/3000 [02:00<1:36:21,  1.98s/it]
  3%|ΓûÄ         | 80/3000 [02:01<1:30:10,  1.85s/it]
  3%|ΓûÄ         | 81/3000 [02:02<1:19:58,  1.64s/it]
  3%|ΓûÄ         | 82/3000 [02:04<1:16:37,  1.58s/it]
  3%|ΓûÄ         | 83/3000 [02:05<1:09:46,  1.44s/it]
  3%|ΓûÄ         | 84/3000 [02:07<1:20:48,  1.66s/it]
  3%|ΓûÄ         | 85/3000 [02:08<1:07:43,  1.39s/it]
  3%|ΓûÄ         | 86/3000 [02:09<1:08:23,  1.41s/it]
  3%|ΓûÄ         | 87/3000 [02:11<1:12:55,  1.50s/it]
  3%|ΓûÄ         | 88/3000 [02:12<1:10:15,  1.45s/it]
  3%|ΓûÄ         | 89/3000 [02:14<1:17:54,  1.61s/it]
  3%|ΓûÄ         | 90/3000 [02:16<1:15:53,  1.56s/it]
  3%|ΓûÄ         | 91/3000 [02:17<1:10:27,  1.45s/it]
  3%|ΓûÄ         | 92/3000 [02:18<1:08:48,  1.42s/it]
  3%|ΓûÄ         | 93/3000 [02:20<1:07:52,  1.40s/it]
  3%|ΓûÄ         | 94/3000 [02:21<1:07:29,  1.39s/it]
  3%|ΓûÄ         | 95/3000 [02:23<1:08:03,  1.41s/it]
  3%|ΓûÄ         | 96/3000 [02:25<1:20:56,  1.67s/it]
  3%|ΓûÄ         | 97/3000 [02:27<1:31:32,  1.89s/it]
  3%|ΓûÄ         | 98/3000 [02:29<1:22:44,  1.71s/it]
  3%|ΓûÄ         | 99/3000 [02:31<1:34:59,  1.96s/it]
  3%|ΓûÄ         | 100/3000 [02:34<1:42:20,  2.12s/it]
  3%|ΓûÄ         | 101/3000 [02:35<1:35:20,  1.97s/it]
  3%|ΓûÄ         | 102/3000 [02:36<1:21:30,  1.69s/it]
  3%|ΓûÄ         | 103/3000 [02:38<1:17:30,  1.61s/it]
  3%|ΓûÄ         | 104/3000 [02:40<1:27:13,  1.81s/it]
  4%|ΓûÄ         | 105/3000 [02:41<1:23:11,  1.72s/it]
  4%|ΓûÄ         | 106/3000 [02:43<1:13:49,  1.53s/it]
  4%|ΓûÄ         | 107/3000 [02:45<1:21:33,  1.69s/it]
  4%|ΓûÄ         | 108/3000 [02:46<1:21:09,  1.68s/it]
  4%|ΓûÄ         | 109/3000 [02:47<1:12:49,  1.51s/it]
  4%|ΓûÄ         | 110/3000 [02:48<1:06:33,  1.38s/it]
  4%|ΓûÄ         | 111/3000 [02:53<1:47:36,  2.23s/it]
  4%|ΓûÄ         | 112/3000 [02:54<1:27:00,  1.81s/it]
  4%|Γûì         | 113/3000 [02:55<1:28:48,  1.85s/it]
  4%|Γûì         | 114/3000 [02:57<1:20:12,  1.67s/it]
  4%|Γûì         | 115/3000 [02:58<1:17:52,  1.62s/it]
  4%|Γûì         | 116/3000 [03:00<1:18:51,  1.64s/it]
  4%|Γûì         | 117/3000 [03:02<1:27:02,  1.81s/it]
  4%|Γûì         | 118/3000 [03:03<1:15:30,  1.57s/it]
  4%|Γûì         | 119/3000 [03:06<1:37:20,  2.03s/it]
  4%|Γûì         | 120/3000 [03:07<1:23:55,  1.75s/it]
  4%|Γûì         | 121/3000 [03:10<1:32:43,  1.93s/it]
  4%|Γûì         | 122/3000 [03:12<1:34:10,  1.96s/it]
  4%|Γûì         | 123/3000 [03:13<1:24:40,  1.77s/it]
  4%|Γûì         | 124/3000 [03:14<1:13:40,  1.54s/it]
  4%|Γûì         | 125/3000 [03:16<1:15:21,  1.57s/it]
  4%|Γûì         | 126/3000 [03:17<1:05:50,  1.37s/it]
  4%|Γûì         | 127/3000 [03:18<1:00:09,  1.26s/it]
  4%|Γûì         | 128/3000 [03:19<56:14,  1.17s/it]  
  4%|Γûì         | 129/3000 [03:20<1:02:12,  1.30s/it]
  4%|Γûì         | 130/3000 [03:21<1:02:22,  1.30s/it]
  4%|Γûì         | 131/3000 [03:22<56:50,  1.19s/it]  
  4%|Γûì         | 132/3000 [03:23<52:50,  1.11s/it]
  4%|Γûì         | 133/3000 [03:25<56:51,  1.19s/it]
  4%|Γûì         | 134/3000 [03:27<1:09:06,  1.45s/it]
  4%|Γûì         | 135/3000 [03:28<1:09:55,  1.46s/it]
  5%|Γûì         | 136/3000 [03:29<1:00:13,  1.26s/it]
  5%|Γûì         | 137/3000 [03:30<55:40,  1.17s/it]  
  5%|Γûì         | 138/3000 [03:31<54:58,  1.15s/it]
  5%|Γûì         | 139/3000 [03:33<1:05:03,  1.36s/it]
  5%|Γûì         | 140/3000 [03:35<1:13:13,  1.54s/it]
  5%|Γûì         | 141/3000 [03:36<1:09:12,  1.45s/it]
  5%|Γûì         | 142/3000 [03:38<1:12:10,  1.52s/it]
  5%|Γûì         | 143/3000 [03:39<1:02:33,  1.31s/it]
  5%|Γûì         | 144/3000 [03:41<1:11:08,  1.49s/it]
  5%|Γûì         | 145/3000 [03:41<1:02:34,  1.32s/it]
  5%|Γûì         | 146/3000 [03:43<1:01:19,  1.29s/it]
  5%|Γûì         | 147/3000 [03:44<1:06:54,  1.41s/it]
  5%|Γûì         | 148/3000 [03:45<1:02:04,  1.31s/it]
  5%|Γûì         | 149/3000 [03:47<1:05:32,  1.38s/it]
  5%|Γûî         | 150/3000 [03:48<1:00:23,  1.27s/it]
  5%|Γûî         | 151/3000 [03:49<1:00:59,  1.28s/it]
  5%|Γûî         | 152/3000 [03:50<56:22,  1.19s/it]  
  5%|Γûî         | 153/3000 [03:52<1:07:13,  1.42s/it]
  5%|Γûî         | 154/3000 [03:53<1:02:13,  1.31s/it]
  5%|Γûî         | 155/3000 [03:54<56:08,  1.18s/it]  
  5%|Γûî         | 156/3000 [03:58<1:33:43,  1.98s/it]
  5%|Γûî         | 157/3000 [03:59<1:23:37,  1.76s/it]
  5%|Γûî         | 158/3000 [04:00<1:14:33,  1.57s/it]
  5%|Γûî         | 159/3000 [04:01<1:06:55,  1.41s/it]
  5%|Γûî         | 160/3000 [04:03<1:12:26,  1.53s/it]
  5%|Γûî         | 161/3000 [04:05<1:13:45,  1.56s/it]
  5%|Γûî         | 162/3000 [04:06<1:12:43,  1.54s/it]
  5%|Γûî         | 163/3000 [04:08<1:10:00,  1.48s/it]
  5%|Γûî         | 164/3000 [04:08<59:48,  1.27s/it]  
  6%|Γûî         | 165/3000 [04:10<59:17,  1.25s/it]
  6%|Γûî         | 166/3000 [04:11<54:08,  1.15s/it]
  6%|Γûî         | 167/3000 [04:12<52:57,  1.12s/it]
  6%|Γûî         | 168/3000 [04:14<1:15:08,  1.59s/it]
  6%|Γûî         | 169/3000 [04:17<1:24:19,  1.79s/it]
  6%|Γûî         | 170/3000 [04:18<1:15:14,  1.60s/it]
  6%|Γûî         | 171/3000 [04:19<1:16:26,  1.62s/it]
  6%|Γûî         | 172/3000 [04:21<1:17:11,  1.64s/it]
  6%|Γûî         | 173/3000 [04:22<1:07:45,  1.44s/it]
  6%|Γûî         | 174/3000 [04:24<1:21:54,  1.74s/it]
  6%|Γûî         | 175/3000 [04:26<1:15:57,  1.61s/it]
  6%|Γûî         | 176/3000 [04:27<1:04:12,  1.36s/it]
  6%|Γûî         | 177/3000 [04:28<1:10:48,  1.51s/it]
  6%|Γûî         | 178/3000 [04:30<1:10:26,  1.50s/it]
  6%|Γûî         | 179/3000 [04:31<1:10:38,  1.50s/it]
  6%|Γûî         | 180/3000 [04:33<1:10:54,  1.51s/it]
  6%|Γûî         | 181/3000 [04:35<1:18:08,  1.66s/it]
  6%|Γûî         | 182/3000 [04:37<1:19:41,  1.70s/it]
  6%|Γûî         | 183/3000 [04:39<1:22:22,  1.75s/it]
  6%|Γûî         | 184/3000 [04:40<1:20:51,  1.72s/it]
  6%|Γûî         | 185/3000 [04:42<1:18:19,  1.67s/it]
  6%|Γûî         | 186/3000 [04:43<1:11:53,  1.53s/it]
  6%|Γûî         | 187/3000 [04:45<1:17:58,  1.66s/it]
  6%|Γûï         | 188/3000 [04:47<1:17:26,  1.65s/it]
  6%|Γûï         | 189/3000 [04:49<1:30:16,  1.93s/it]
  6%|Γûï         | 190/3000 [04:50<1:16:37,  1.64s/it]
  6%|Γûï         | 191/3000 [04:53<1:30:01,  1.92s/it]
  6%|Γûï         | 192/3000 [04:54<1:16:19,  1.63s/it]
  6%|Γûï         | 193/3000 [04:56<1:28:27,  1.89s/it]
  6%|Γûï         | 194/3000 [04:58<1:25:41,  1.83s/it]
  6%|Γûï         | 195/3000 [05:01<1:37:54,  2.09s/it]
  7%|Γûï         | 196/3000 [05:02<1:27:22,  1.87s/it]
  7%|Γûï         | 197/3000 [05:05<1:44:11,  2.23s/it]
  7%|Γûï         | 198/3000 [05:07<1:40:12,  2.15s/it]
  7%|Γûï         | 199/3000 [05:10<1:59:16,  2.55s/it]
  7%|Γûï         | 200/3000 [05:12<1:43:21,  2.21s/it]
  7%|Γûï         | 201/3000 [05:14<1:38:12,  2.11s/it]
  7%|Γûï         | 202/3000 [05:15<1:28:43,  1.90s/it]
  7%|Γûï         | 203/3000 [05:16<1:19:32,  1.71s/it]
  7%|Γûï         | 204/3000 [05:18<1:22:25,  1.77s/it]
  7%|Γûï         | 205/3000 [05:20<1:27:19,  1.87s/it]
  7%|Γûï         | 206/3000 [05:21<1:13:32,  1.58s/it]
  7%|Γûï         | 207/3000 [05:22<1:03:50,  1.37s/it]
  7%|Γûï         | 208/3000 [05:24<1:10:15,  1.51s/it]
  7%|Γûï         | 209/3000 [05:26<1:17:17,  1.66s/it]
  7%|Γûï         | 210/3000 [05:27<1:07:07,  1.44s/it]
  7%|Γûï         | 211/3000 [05:28<1:05:25,  1.41s/it]
  7%|Γûï         | 212/3000 [05:30<1:13:26,  1.58s/it]
  7%|Γûï         | 213/3000 [05:32<1:11:34,  1.54s/it]
  7%|Γûï         | 214/3000 [05:33<1:06:22,  1.43s/it]
  7%|Γûï         | 215/3000 [05:34<1:06:31,  1.43s/it]
  7%|Γûï         | 216/3000 [05:37<1:17:50,  1.68s/it]
  7%|Γûï         | 217/3000 [05:38<1:14:30,  1.61s/it]
  7%|Γûï         | 218/3000 [05:39<1:10:05,  1.51s/it]
  7%|Γûï         | 219/3000 [05:42<1:23:01,  1.79s/it]
  7%|Γûï         | 220/3000 [05:43<1:10:03,  1.51s/it]
  7%|Γûï         | 221/3000 [05:44<1:03:06,  1.36s/it]
  7%|Γûï         | 222/3000 [05:45<1:05:46,  1.42s/it]
  7%|Γûï         | 223/3000 [05:47<1:14:51,  1.62s/it]
  7%|Γûï         | 224/3000 [05:50<1:26:12,  1.86s/it]
  8%|Γûè         | 225/3000 [05:51<1:13:13,  1.58s/it]
  8%|Γûè         | 226/3000 [05:53<1:23:51,  1.81s/it]
  8%|Γûè         | 227/3000 [05:55<1:19:12,  1.71s/it]
  8%|Γûè         | 228/3000 [05:56<1:22:09,  1.78s/it]
  8%|Γûè         | 229/3000 [05:58<1:23:43,  1.81s/it]
  8%|Γûè         | 230/3000 [06:00<1:15:56,  1.64s/it]
  8%|Γûè         | 231/3000 [06:02<1:19:44,  1.73s/it]
  8%|Γûè         | 232/3000 [06:03<1:11:35,  1.55s/it]
  8%|Γûè         | 233/3000 [06:04<1:04:40,  1.40s/it]
  8%|Γûè         | 234/3000 [06:05<1:06:12,  1.44s/it]
  8%|Γûè         | 235/3000 [06:07<1:07:12,  1.46s/it]
  8%|Γûè         | 236/3000 [06:08<58:56,  1.28s/it]  
  8%|Γûè         | 237/3000 [06:10<1:07:35,  1.47s/it]
  8%|Γûè         | 238/3000 [06:11<1:01:41,  1.34s/it]
  8%|Γûè         | 239/3000 [06:12<1:03:08,  1.37s/it]
  8%|Γûè         | 240/3000 [06:19<2:15:16,  2.94s/it]
  8%|Γûè         | 241/3000 [06:20<1:59:16,  2.59s/it]
  8%|Γûè         | 242/3000 [06:22<1:46:25,  2.32s/it]
  8%|Γûè         | 243/3000 [06:24<1:45:59,  2.31s/it]
  8%|Γûè         | 244/3000 [06:26<1:35:27,  2.08s/it]
  8%|Γûè         | 245/3000 [06:27<1:19:06,  1.72s/it]
  8%|Γûè         | 246/3000 [06:29<1:23:50,  1.83s/it]
  8%|Γûè         | 247/3000 [06:30<1:13:19,  1.60s/it]
  8%|Γûè         | 248/3000 [06:32<1:16:16,  1.66s/it]
  8%|Γûè         | 249/3000 [06:34<1:17:52,  1.70s/it]
  8%|Γûè         | 250/3000 [06:35<1:11:06,  1.55s/it]
  8%|Γûè         | 251/3000 [06:36<1:04:04,  1.40s/it]
  8%|Γûè         | 252/3000 [06:38<1:10:07,  1.53s/it]
  8%|Γûè         | 253/3000 [06:40<1:17:51,  1.70s/it]
  8%|Γûè         | 254/3000 [06:41<1:12:00,  1.57s/it]
  8%|Γûè         | 255/3000 [06:42<1:02:29,  1.37s/it]
  9%|Γûè         | 256/3000 [06:43<57:08,  1.25s/it]  
  9%|Γûè         | 257/3000 [06:45<1:12:23,  1.58s/it]
  9%|Γûè         | 258/3000 [06:48<1:35:59,  2.10s/it]
  9%|Γûè         | 259/3000 [06:50<1:29:37,  1.96s/it]
  9%|Γûè         | 260/3000 [06:52<1:21:27,  1.78s/it]
  9%|Γûè         | 261/3000 [06:53<1:20:08,  1.76s/it]
  9%|Γûè         | 262/3000 [06:55<1:25:29,  1.87s/it]
  9%|Γûë         | 263/3000 [06:56<1:14:33,  1.63s/it]
  9%|Γûë         | 264/3000 [06:57<1:04:52,  1.42s/it]
  9%|Γûë         | 265/3000 [06:58<59:42,  1.31s/it]  
  9%|Γûë         | 266/3000 [06:59<56:53,  1.25s/it]
  9%|Γûë         | 267/3000 [07:01<1:01:26,  1.35s/it]
  9%|Γûë         | 268/3000 [07:02<1:00:44,  1.33s/it]
  9%|Γûë         | 269/3000 [07:05<1:13:58,  1.63s/it]
  9%|Γûë         | 270/3000 [07:06<1:06:51,  1.47s/it]
  9%|Γûë         | 271/3000 [07:07<1:08:18,  1.50s/it]
  9%|Γûë         | 272/3000 [07:09<1:09:16,  1.52s/it]
  9%|Γûë         | 273/3000 [07:11<1:15:39,  1.66s/it]
  9%|Γûë         | 274/3000 [07:12<1:07:08,  1.48s/it]
  9%|Γûë         | 275/3000 [07:14<1:11:38,  1.58s/it]
  9%|Γûë         | 276/3000 [07:15<1:05:53,  1.45s/it]
  9%|Γûë         | 277/3000 [07:16<1:01:03,  1.35s/it]
  9%|Γûë         | 278/3000 [07:18<1:10:44,  1.56s/it]
  9%|Γûë         | 279/3000 [07:19<1:00:50,  1.34s/it]
  9%|Γûë         | 280/3000 [07:21<1:05:37,  1.45s/it]
  9%|Γûë         | 281/3000 [07:22<1:06:13,  1.46s/it]
  9%|Γûë         | 282/3000 [07:23<1:01:04,  1.35s/it]
  9%|Γûë         | 283/3000 [07:25<1:03:06,  1.39s/it]
  9%|Γûë         | 284/3000 [07:26<58:38,  1.30s/it]  
 10%|Γûë         | 285/3000 [07:27<1:02:51,  1.39s/it]
 10%|Γûë         | 286/3000 [07:29<1:06:32,  1.47s/it]
 10%|Γûë         | 287/3000 [07:30<1:00:37,  1.34s/it]
 10%|Γûë         | 288/3000 [07:32<1:10:35,  1.56s/it]
 10%|Γûë         | 289/3000 [07:34<1:17:54,  1.72s/it]
 10%|Γûë         | 290/3000 [07:36<1:11:47,  1.59s/it]
 10%|Γûë         | 291/3000 [07:38<1:25:36,  1.90s/it]
 10%|Γûë         | 292/3000 [07:40<1:18:47,  1.75s/it]
 10%|Γûë         | 293/3000 [07:41<1:10:40,  1.57s/it]
 10%|Γûë         | 294/3000 [07:44<1:31:38,  2.03s/it]
 10%|Γûë         | 295/3000 [07:46<1:38:42,  2.19s/it]
 10%|Γûë         | 296/3000 [07:48<1:31:59,  2.04s/it]
 10%|Γûë         | 297/3000 [07:49<1:18:40,  1.75s/it]
 10%|Γûë         | 298/3000 [07:50<1:13:39,  1.64s/it]
 10%|Γûë         | 299/3000 [07:53<1:19:13,  1.76s/it]
 10%|Γûê         | 300/3000 [07:54<1:17:55,  1.73s/it]
 10%|Γûê         | 301/3000 [07:55<1:08:35,  1.52s/it]
 10%|Γûê         | 302/3000 [07:57<1:07:55,  1.51s/it]
 10%|Γûê         | 303/3000 [07:58<1:01:20,  1.36s/it]
 10%|Γûê         | 304/3000 [08:01<1:33:08,  2.07s/it]
 10%|Γûê         | 305/3000 [08:02<1:16:07,  1.69s/it]
 10%|Γûê         | 306/3000 [08:04<1:11:05,  1.58s/it]
 10%|Γûê         | 307/3000 [08:05<1:09:20,  1.55s/it]
 10%|Γûê         | 308/3000 [08:07<1:17:10,  1.72s/it]
 10%|Γûê         | 309/3000 [08:08<1:05:13,  1.45s/it]
 10%|Γûê         | 310/3000 [08:09<1:05:02,  1.45s/it]
 10%|Γûê         | 311/3000 [08:10<57:02,  1.27s/it]  
 10%|Γûê         | 312/3000 [08:12<1:02:00,  1.38s/it]
 10%|Γûê         | 313/3000 [08:13<1:02:42,  1.40s/it]
 10%|Γûê         | 314/3000 [08:14<54:44,  1.22s/it]  
 10%|Γûê         | 315/3000 [08:15<52:21,  1.17s/it]
 11%|Γûê         | 316/3000 [08:17<55:29,  1.24s/it]
 11%|Γûê         | 317/3000 [08:19<1:07:36,  1.51s/it]
 11%|Γûê         | 318/3000 [08:21<1:10:31,  1.58s/it]
 11%|Γûê         | 319/3000 [08:22<1:07:22,  1.51s/it]
 11%|Γûê         | 320/3000 [08:25<1:28:27,  1.98s/it]
 11%|Γûê         | 321/3000 [08:28<1:40:49,  2.26s/it]
 11%|Γûê         | 322/3000 [08:30<1:35:44,  2.15s/it]
 11%|Γûê         | 323/3000 [08:32<1:31:21,  2.05s/it]
 11%|Γûê         | 324/3000 [08:33<1:22:49,  1.86s/it]
 11%|Γûê         | 325/3000 [08:36<1:42:55,  2.31s/it]
 11%|Γûê         | 326/3000 [08:38<1:38:23,  2.21s/it]
 11%|Γûê         | 327/3000 [08:40<1:35:50,  2.15s/it]
 11%|Γûê         | 328/3000 [08:42<1:31:13,  2.05s/it]
 11%|Γûê         | 329/3000 [08:43<1:18:09,  1.76s/it]
 11%|Γûê         | 330/3000 [08:44<1:11:06,  1.60s/it]
 11%|Γûê         | 331/3000 [08:46<1:03:46,  1.43s/it]
 11%|Γûê         | 332/3000 [08:47<1:10:19,  1.58s/it]
 11%|Γûê         | 333/3000 [08:49<1:10:51,  1.59s/it]
 11%|Γûê         | 334/3000 [08:50<1:04:11,  1.44s/it]
 11%|Γûê         | 335/3000 [08:52<1:05:57,  1.48s/it]
 11%|Γûê         | 336/3000 [08:53<1:03:57,  1.44s/it]
 11%|Γûê         | 337/3000 [08:54<1:00:11,  1.36s/it]
 11%|ΓûêΓûÅ        | 338/3000 [08:56<1:12:11,  1.63s/it]
 11%|ΓûêΓûÅ        | 339/3000 [08:59<1:19:17,  1.79s/it]
 11%|ΓûêΓûÅ        | 340/3000 [09:01<1:22:05,  1.85s/it]
 11%|ΓûêΓûÅ        | 341/3000 [09:02<1:16:32,  1.73s/it]
 11%|ΓûêΓûÅ        | 342/3000 [09:03<1:09:17,  1.56s/it]
 11%|ΓûêΓûÅ        | 343/3000 [09:06<1:20:05,  1.81s/it]
 11%|ΓûêΓûÅ        | 344/3000 [09:08<1:22:46,  1.87s/it]
 12%|ΓûêΓûÅ        | 345/3000 [09:10<1:27:52,  1.99s/it]
 12%|ΓûêΓûÅ        | 346/3000 [09:11<1:16:53,  1.74s/it]
 12%|ΓûêΓûÅ        | 347/3000 [09:12<1:11:21,  1.61s/it]
 12%|ΓûêΓûÅ        | 348/3000 [09:14<1:07:47,  1.53s/it]
 12%|ΓûêΓûÅ        | 349/3000 [09:15<1:08:36,  1.55s/it]
 12%|ΓûêΓûÅ        | 350/3000 [09:17<1:09:52,  1.58s/it]
 12%|ΓûêΓûÅ        | 351/3000 [09:19<1:16:47,  1.74s/it]
 12%|ΓûêΓûÅ        | 352/3000 [09:20<1:04:43,  1.47s/it]
 12%|ΓûêΓûÅ        | 353/3000 [09:22<1:08:19,  1.55s/it]
 12%|ΓûêΓûÅ        | 354/3000 [09:23<1:06:49,  1.52s/it]
 12%|ΓûêΓûÅ        | 355/3000 [09:24<1:02:56,  1.43s/it]
 12%|ΓûêΓûÅ        | 356/3000 [09:26<1:02:49,  1.43s/it]
 12%|ΓûêΓûÅ        | 357/3000 [09:28<1:12:48,  1.65s/it]
 12%|ΓûêΓûÅ        | 358/3000 [09:30<1:17:58,  1.77s/it]
 12%|ΓûêΓûÅ        | 359/3000 [09:31<1:04:39,  1.47s/it]
 12%|ΓûêΓûÅ        | 360/3000 [09:32<1:01:18,  1.39s/it]
 12%|ΓûêΓûÅ        | 361/3000 [09:34<1:07:09,  1.53s/it]
 12%|ΓûêΓûÅ        | 362/3000 [09:38<1:41:18,  2.30s/it]
 12%|ΓûêΓûÅ        | 363/3000 [09:40<1:33:11,  2.12s/it]
 12%|ΓûêΓûÅ        | 364/3000 [09:40<1:16:26,  1.74s/it]
 12%|ΓûêΓûÅ        | 365/3000 [09:42<1:12:14,  1.65s/it]
 12%|ΓûêΓûÅ        | 366/3000 [09:43<1:03:39,  1.45s/it]
 12%|ΓûêΓûÅ        | 367/3000 [09:44<1:00:39,  1.38s/it]
 12%|ΓûêΓûÅ        | 368/3000 [09:46<1:12:42,  1.66s/it]
 12%|ΓûêΓûÅ        | 369/3000 [09:48<1:06:29,  1.52s/it]
 12%|ΓûêΓûÅ        | 370/3000 [09:49<1:06:40,  1.52s/it]
 12%|ΓûêΓûÅ        | 371/3000 [09:51<1:07:17,  1.54s/it]
 12%|ΓûêΓûÅ        | 372/3000 [09:52<1:06:38,  1.52s/it]
 12%|ΓûêΓûÅ        | 373/3000 [09:53<56:46,  1.30s/it]  
 12%|ΓûêΓûÅ        | 374/3000 [09:55<1:02:53,  1.44s/it]
 12%|ΓûêΓûÄ        | 375/3000 [09:56<1:01:42,  1.41s/it]
 13%|ΓûêΓûÄ        | 376/3000 [09:57<1:00:09,  1.38s/it]
 13%|ΓûêΓûÄ        | 377/3000 [10:00<1:15:26,  1.73s/it]
 13%|ΓûêΓûÄ        | 378/3000 [10:01<1:08:03,  1.56s/it]
 13%|ΓûêΓûÄ        | 379/3000 [10:03<1:17:36,  1.78s/it]
 13%|ΓûêΓûÄ        | 380/3000 [10:04<1:05:07,  1.49s/it]
 13%|ΓûêΓûÄ        | 381/3000 [10:05<56:36,  1.30s/it]  
 13%|ΓûêΓûÄ        | 382/3000 [10:06<57:51,  1.33s/it]
 13%|ΓûêΓûÄ        | 383/3000 [10:07<53:44,  1.23s/it]
 13%|ΓûêΓûÄ        | 384/3000 [10:08<50:32,  1.16s/it]
 13%|ΓûêΓûÄ        | 385/3000 [10:09<46:06,  1.06s/it]
 13%|ΓûêΓûÄ        | 386/3000 [10:11<57:14,  1.31s/it]
 13%|ΓûêΓûÄ        | 387/3000 [10:13<1:09:54,  1.61s/it]
 13%|ΓûêΓûÄ        | 388/3000 [10:16<1:17:22,  1.78s/it]
 13%|ΓûêΓûÄ        | 389/3000 [10:17<1:13:31,  1.69s/it]
 13%|ΓûêΓûÄ        | 390/3000 [10:18<1:08:02,  1.56s/it]
 13%|ΓûêΓûÄ        | 391/3000 [10:21<1:17:48,  1.79s/it]
 13%|ΓûêΓûÄ        | 392/3000 [10:22<1:16:06,  1.75s/it]
 13%|ΓûêΓûÄ        | 393/3000 [10:24<1:15:15,  1.73s/it]
 13%|ΓûêΓûÄ        | 394/3000 [10:27<1:28:44,  2.04s/it]
 13%|ΓûêΓûÄ        | 395/3000 [10:28<1:17:46,  1.79s/it]
 13%|ΓûêΓûÄ        | 396/3000 [10:30<1:15:55,  1.75s/it]
 13%|ΓûêΓûÄ        | 397/3000 [10:31<1:14:13,  1.71s/it]
 13%|ΓûêΓûÄ        | 398/3000 [10:32<1:02:42,  1.45s/it]
 13%|ΓûêΓûÄ        | 399/3000 [10:33<59:00,  1.36s/it]  
 13%|ΓûêΓûÄ        | 400/3000 [10:36<1:10:49,  1.63s/it]
 13%|ΓûêΓûÄ        | 401/3000 [10:38<1:19:12,  1.83s/it]
 13%|ΓûêΓûÄ        | 402/3000 [10:39<1:09:26,  1.60s/it]
 13%|ΓûêΓûÄ        | 403/3000 [10:40<1:05:41,  1.52s/it]
 13%|ΓûêΓûÄ        | 404/3000 [10:43<1:15:40,  1.75s/it]
 14%|ΓûêΓûÄ        | 405/3000 [10:44<1:08:25,  1.58s/it]
 14%|ΓûêΓûÄ        | 406/3000 [10:46<1:22:02,  1.90s/it]
 14%|ΓûêΓûÄ        | 407/3000 [10:47<1:08:00,  1.57s/it]
 14%|ΓûêΓûÄ        | 408/3000 [10:49<1:13:06,  1.69s/it]
 14%|ΓûêΓûÄ        | 409/3000 [10:53<1:35:26,  2.21s/it]
 14%|ΓûêΓûÄ        | 410/3000 [10:54<1:22:03,  1.90s/it]
 14%|ΓûêΓûÄ        | 411/3000 [10:55<1:17:12,  1.79s/it]
 14%|ΓûêΓûÄ        | 412/3000 [10:56<1:07:14,  1.56s/it]
 14%|ΓûêΓûì        | 413/3000 [10:58<1:08:09,  1.58s/it]
 14%|ΓûêΓûì        | 414/3000 [11:00<1:14:32,  1.73s/it]
 14%|ΓûêΓûì        | 415/3000 [11:01<1:09:23,  1.61s/it]
 14%|ΓûêΓûì        | 416/3000 [11:02<59:54,  1.39s/it]  
 14%|ΓûêΓûì        | 417/3000 [11:04<59:04,  1.37s/it]
 14%|ΓûêΓûì        | 418/3000 [11:05<54:40,  1.27s/it]
 14%|ΓûêΓûì        | 419/3000 [11:07<1:11:01,  1.65s/it]
 14%|ΓûêΓûì        | 420/3000 [11:09<1:07:43,  1.58s/it]
 14%|ΓûêΓûì        | 421/3000 [11:10<1:09:43,  1.62s/it]
 14%|ΓûêΓûì        | 422/3000 [11:11<59:14,  1.38s/it]  
 14%|ΓûêΓûì        | 423/3000 [11:13<1:02:48,  1.46s/it]
 14%|ΓûêΓûì        | 424/3000 [11:14<57:10,  1.33s/it]  
 14%|ΓûêΓûì        | 425/3000 [11:15<59:55,  1.40s/it]
 14%|ΓûêΓûì        | 426/3000 [11:17<1:08:48,  1.60s/it]
 14%|ΓûêΓûì        | 427/3000 [11:19<1:05:41,  1.53s/it]
 14%|ΓûêΓûì        | 428/3000 [11:20<56:49,  1.33s/it]  
 14%|ΓûêΓûì        | 429/3000 [11:21<52:30,  1.23s/it]
 14%|ΓûêΓûì        | 430/3000 [11:22<48:45,  1.14s/it]
 14%|ΓûêΓûì        | 431/3000 [11:23<55:52,  1.31s/it]
 14%|ΓûêΓûì        | 432/3000 [11:25<55:48,  1.30s/it]
 14%|ΓûêΓûì        | 433/3000 [11:27<1:07:45,  1.58s/it]
 14%|ΓûêΓûì        | 434/3000 [11:28<1:05:55,  1.54s/it]
 14%|ΓûêΓûì        | 435/3000 [11:29<1:00:10,  1.41s/it]
 15%|ΓûêΓûì        | 436/3000 [11:32<1:14:08,  1.73s/it]
 15%|ΓûêΓûì        | 437/3000 [11:35<1:30:39,  2.12s/it]
 15%|ΓûêΓûì        | 438/3000 [11:36<1:16:52,  1.80s/it]
 15%|ΓûêΓûì        | 439/3000 [11:37<1:06:41,  1.56s/it]
 15%|ΓûêΓûì        | 440/3000 [11:38<1:00:08,  1.41s/it]
 15%|ΓûêΓûì        | 441/3000 [11:39<59:22,  1.39s/it]  
 15%|ΓûêΓûì        | 442/3000 [11:42<1:12:58,  1.71s/it]
 15%|ΓûêΓûì        | 443/3000 [11:43<1:05:03,  1.53s/it]
 15%|ΓûêΓûì        | 444/3000 [11:45<1:14:53,  1.76s/it]
 15%|ΓûêΓûì        | 445/3000 [11:46<1:07:33,  1.59s/it]
 15%|ΓûêΓûì        | 446/3000 [11:48<1:13:47,  1.73s/it]
 15%|ΓûêΓûì        | 447/3000 [11:51<1:30:48,  2.13s/it]
 15%|ΓûêΓûì        | 448/3000 [11:53<1:26:02,  2.02s/it]
 15%|ΓûêΓûì        | 449/3000 [11:55<1:18:07,  1.84s/it]
 15%|ΓûêΓûî        | 450/3000 [11:55<1:05:27,  1.54s/it]
 15%|ΓûêΓûî        | 451/3000 [11:57<1:02:55,  1.48s/it]
 15%|ΓûêΓûî        | 452/3000 [11:58<56:57,  1.34s/it]  
 15%|ΓûêΓûî        | 453/3000 [11:59<54:20,  1.28s/it]
 15%|ΓûêΓûî        | 454/3000 [12:01<58:02,  1.37s/it]
 15%|ΓûêΓûî        | 455/3000 [12:02<1:00:37,  1.43s/it]
 15%|ΓûêΓûî        | 456/3000 [12:03<56:19,  1.33s/it]  
 15%|ΓûêΓûî        | 457/3000 [12:05<1:03:45,  1.50s/it]
 15%|ΓûêΓûî        | 458/3000 [12:07<1:09:01,  1.63s/it]
 15%|ΓûêΓûî        | 459/3000 [12:08<1:01:19,  1.45s/it]
 15%|ΓûêΓûî        | 460/3000 [12:09<56:54,  1.34s/it]  
 15%|ΓûêΓûî        | 461/3000 [12:11<1:06:49,  1.58s/it]
 15%|ΓûêΓûî        | 462/3000 [12:12<1:01:40,  1.46s/it]
 15%|ΓûêΓûî        | 463/3000 [12:14<58:23,  1.38s/it]  
 15%|ΓûêΓûî        | 464/3000 [12:15<1:03:21,  1.50s/it]
 16%|ΓûêΓûî        | 465/3000 [12:17<1:04:10,  1.52s/it]
 16%|ΓûêΓûî        | 466/3000 [12:19<1:11:45,  1.70s/it]
 16%|ΓûêΓûî        | 467/3000 [12:21<1:10:40,  1.67s/it]
 16%|ΓûêΓûî        | 468/3000 [12:24<1:27:54,  2.08s/it]
 16%|ΓûêΓûî        | 469/3000 [12:26<1:23:26,  1.98s/it]
 16%|ΓûêΓûî        | 470/3000 [12:27<1:13:31,  1.74s/it]
 16%|ΓûêΓûî        | 471/3000 [12:28<1:07:42,  1.61s/it]
 16%|ΓûêΓûî        | 472/3000 [12:35<2:10:22,  3.09s/it]
 16%|ΓûêΓûî        | 473/3000 [12:36<1:47:57,  2.56s/it]
 16%|ΓûêΓûî        | 474/3000 [12:37<1:36:00,  2.28s/it]
 16%|ΓûêΓûî        | 475/3000 [12:39<1:23:57,  2.00s/it]
 16%|ΓûêΓûî        | 476/3000 [12:40<1:14:45,  1.78s/it]
 16%|ΓûêΓûî        | 477/3000 [12:41<1:08:07,  1.62s/it]
 16%|ΓûêΓûî        | 478/3000 [12:43<1:06:36,  1.58s/it]
 16%|ΓûêΓûî        | 479/3000 [12:44<1:00:59,  1.45s/it]
 16%|ΓûêΓûî        | 480/3000 [12:46<1:10:08,  1.67s/it]
 16%|ΓûêΓûî        | 481/3000 [12:48<1:08:49,  1.64s/it]
 16%|ΓûêΓûî        | 482/3000 [12:50<1:16:08,  1.81s/it]
 16%|ΓûêΓûî        | 483/3000 [12:51<1:09:32,  1.66s/it]
 16%|ΓûêΓûî        | 484/3000 [12:53<1:14:27,  1.78s/it]
 16%|ΓûêΓûî        | 485/3000 [12:55<1:07:31,  1.61s/it]
 16%|ΓûêΓûî        | 486/3000 [12:56<1:08:47,  1.64s/it]
 16%|ΓûêΓûî        | 487/3000 [12:58<1:11:18,  1.70s/it]
 16%|ΓûêΓûï        | 488/3000 [13:00<1:10:38,  1.69s/it]
 16%|ΓûêΓûï        | 489/3000 [13:02<1:17:49,  1.86s/it]
 16%|ΓûêΓûï        | 490/3000 [13:04<1:16:19,  1.82s/it]
 16%|ΓûêΓûï        | 491/3000 [13:05<1:13:44,  1.76s/it]
 16%|ΓûêΓûï        | 492/3000 [13:07<1:06:49,  1.60s/it]
 16%|ΓûêΓûï        | 493/3000 [13:08<1:07:55,  1.63s/it]
 16%|ΓûêΓûï        | 494/3000 [13:11<1:16:32,  1.83s/it]
 16%|ΓûêΓûï        | 495/3000 [13:12<1:07:03,  1.61s/it]
 17%|ΓûêΓûï        | 496/3000 [13:14<1:11:50,  1.72s/it]
 17%|ΓûêΓûï        | 497/3000 [13:15<1:08:37,  1.65s/it]
 17%|ΓûêΓûï        | 498/3000 [13:16<57:40,  1.38s/it]  
 17%|ΓûêΓûï        | 499/3000 [13:19<1:20:36,  1.93s/it]
 17%|ΓûêΓûï        | 500/3000 [13:20<1:09:36,  1.67s/it]
 17%|ΓûêΓûï        | 501/3000 [13:22<1:11:02,  1.71s/it]
 17%|ΓûêΓûï        | 502/3000 [13:23<1:05:58,  1.58s/it]
 17%|ΓûêΓûï        | 503/3000 [13:24<1:01:28,  1.48s/it]
 17%|ΓûêΓûï        | 504/3000 [13:25<55:23,  1.33s/it]  
 17%|ΓûêΓûï        | 505/3000 [13:27<59:12,  1.42s/it]
 17%|ΓûêΓûï        | 506/3000 [13:29<1:05:40,  1.58s/it]
 17%|ΓûêΓûï        | 507/3000 [13:30<1:00:46,  1.46s/it]
 17%|ΓûêΓûï        | 508/3000 [13:32<1:04:37,  1.56s/it]
 17%|ΓûêΓûï        | 509/3000 [13:34<1:08:55,  1.66s/it]
 17%|ΓûêΓûï        | 510/3000 [13:35<1:06:58,  1.61s/it]
 17%|ΓûêΓûï        | 511/3000 [13:37<1:05:06,  1.57s/it]
 17%|ΓûêΓûï        | 512/3000 [13:38<58:25,  1.41s/it]  
 17%|ΓûêΓûï        | 513/3000 [13:40<1:04:48,  1.56s/it]
 17%|ΓûêΓûï        | 514/3000 [13:41<55:32,  1.34s/it]  
 17%|ΓûêΓûï        | 515/3000 [13:44<1:20:49,  1.95s/it]
 17%|ΓûêΓûï        | 516/3000 [13:46<1:17:18,  1.87s/it]
 17%|ΓûêΓûï        | 517/3000 [13:47<1:12:17,  1.75s/it]
 17%|ΓûêΓûï        | 518/3000 [13:49<1:11:34,  1.73s/it]
 17%|ΓûêΓûï        | 519/3000 [13:50<1:04:58,  1.57s/it]
 17%|ΓûêΓûï        | 520/3000 [13:51<1:01:01,  1.48s/it]
 17%|ΓûêΓûï        | 521/3000 [13:52<53:23,  1.29s/it]  
 17%|ΓûêΓûï        | 522/3000 [13:54<56:18,  1.36s/it]
 17%|ΓûêΓûï        | 523/3000 [13:55<57:09,  1.38s/it]
 17%|ΓûêΓûï        | 524/3000 [13:57<1:01:24,  1.49s/it]
 18%|ΓûêΓûè        | 525/3000 [13:58<59:50,  1.45s/it]  
 18%|ΓûêΓûè        | 526/3000 [14:01<1:11:29,  1.73s/it]
 18%|ΓûêΓûè        | 527/3000 [14:02<1:10:21,  1.71s/it]
 18%|ΓûêΓûè        | 528/3000 [14:04<1:14:53,  1.82s/it]
 18%|ΓûêΓûè        | 529/3000 [14:06<1:14:25,  1.81s/it]
 18%|ΓûêΓûè        | 530/3000 [14:08<1:13:00,  1.77s/it]
 18%|ΓûêΓûè        | 531/3000 [14:10<1:14:02,  1.80s/it]
 18%|ΓûêΓûè        | 532/3000 [14:11<1:07:14,  1.63s/it]
 18%|ΓûêΓûè        | 533/3000 [14:12<1:04:18,  1.56s/it]
 18%|ΓûêΓûè        | 534/3000 [14:14<1:11:00,  1.73s/it]
 18%|ΓûêΓûè        | 535/3000 [14:16<1:10:40,  1.72s/it]
 18%|ΓûêΓûè        | 536/3000 [14:18<1:15:58,  1.85s/it]
 18%|ΓûêΓûè        | 537/3000 [14:19<1:05:04,  1.59s/it]
 18%|ΓûêΓûè        | 538/3000 [14:21<1:04:43,  1.58s/it]
 18%|ΓûêΓûè        | 539/3000 [14:22<1:02:00,  1.51s/it]
 18%|ΓûêΓûè        | 540/3000 [14:25<1:20:44,  1.97s/it]
 18%|ΓûêΓûè        | 541/3000 [14:26<1:09:09,  1.69s/it]
 18%|ΓûêΓûè        | 542/3000 [14:27<58:52,  1.44s/it]  
 18%|ΓûêΓûè        | 543/3000 [14:29<59:43,  1.46s/it]
 18%|ΓûêΓûè        | 544/3000 [14:31<1:06:00,  1.61s/it]
 18%|ΓûêΓûè        | 545/3000 [14:32<1:00:27,  1.48s/it]
 18%|ΓûêΓûè        | 546/3000 [14:33<54:28,  1.33s/it]  
 18%|ΓûêΓûè        | 547/3000 [14:34<53:03,  1.30s/it]
 18%|ΓûêΓûè        | 548/3000 [14:35<55:17,  1.35s/it]
 18%|ΓûêΓûè        | 549/3000 [14:36<51:10,  1.25s/it]
 18%|ΓûêΓûè        | 550/3000 [14:38<50:50,  1.25s/it]
 18%|ΓûêΓûè        | 551/3000 [14:39<45:31,  1.12s/it]
 18%|ΓûêΓûè        | 552/3000 [14:40<49:20,  1.21s/it]
 18%|ΓûêΓûè        | 553/3000 [14:42<55:26,  1.36s/it]
 18%|ΓûêΓûè        | 554/3000 [14:43<53:14,  1.31s/it]
 18%|ΓûêΓûè        | 555/3000 [14:44<51:00,  1.25s/it]
 19%|ΓûêΓûè        | 556/3000 [14:46<55:07,  1.35s/it]
 19%|ΓûêΓûè        | 557/3000 [14:47<50:57,  1.25s/it]
 19%|ΓûêΓûè        | 558/3000 [14:48<50:02,  1.23s/it]
 19%|ΓûêΓûè        | 559/3000 [14:50<57:24,  1.41s/it]
 19%|ΓûêΓûè        | 560/3000 [14:53<1:25:43,  2.11s/it]
 19%|ΓûêΓûè        | 561/3000 [14:55<1:17:40,  1.91s/it]
 19%|ΓûêΓûè        | 562/3000 [14:56<1:07:55,  1.67s/it]
 19%|ΓûêΓûë        | 563/3000 [14:58<1:16:01,  1.87s/it]
 19%|ΓûêΓûë        | 564/3000 [15:00<1:10:54,  1.75s/it]
 19%|ΓûêΓûë        | 565/3000 [15:01<1:02:31,  1.54s/it]
 19%|ΓûêΓûë        | 566/3000 [15:02<58:15,  1.44s/it]  
 19%|ΓûêΓûë        | 567/3000 [15:03<52:41,  1.30s/it]
 19%|ΓûêΓûë        | 568/3000 [15:04<51:36,  1.27s/it]
 19%|ΓûêΓûë        | 569/3000 [15:06<1:04:57,  1.60s/it]
 19%|ΓûêΓûë        | 570/3000 [15:08<1:08:14,  1.68s/it]
 19%|ΓûêΓûë        | 571/3000 [15:10<1:13:14,  1.81s/it]
 19%|ΓûêΓûë        | 572/3000 [15:12<1:05:38,  1.62s/it]
 19%|ΓûêΓûë        | 573/3000 [15:13<1:02:12,  1.54s/it]
 19%|ΓûêΓûë        | 574/3000 [15:14<56:00,  1.39s/it]  
 19%|ΓûêΓûë        | 575/3000 [15:15<56:55,  1.41s/it]
 19%|ΓûêΓûë        | 576/3000 [15:17<55:25,  1.37s/it]
 19%|ΓûêΓûë        | 577/3000 [15:18<51:48,  1.28s/it]
 19%|ΓûêΓûë        | 578/3000 [15:19<52:25,  1.30s/it]
 19%|ΓûêΓûë        | 579/3000 [15:21<55:56,  1.39s/it]
 19%|ΓûêΓûë        | 580/3000 [15:22<52:05,  1.29s/it]
 19%|ΓûêΓûë        | 581/3000 [15:23<46:32,  1.15s/it]
 19%|ΓûêΓûë        | 582/3000 [15:24<46:40,  1.16s/it]
 19%|ΓûêΓûë        | 583/3000 [15:26<52:58,  1.31s/it]
 19%|ΓûêΓûë        | 584/3000 [15:27<49:14,  1.22s/it]
 20%|ΓûêΓûë        | 585/3000 [15:28<51:01,  1.27s/it]
 20%|ΓûêΓûë        | 586/3000 [15:29<49:07,  1.22s/it]
 20%|ΓûêΓûë        | 587/3000 [15:32<1:08:34,  1.71s/it]
 20%|ΓûêΓûë        | 588/3000 [15:34<1:11:11,  1.77s/it]
 20%|ΓûêΓûë        | 589/3000 [15:35<1:03:55,  1.59s/it]
 20%|ΓûêΓûë        | 590/3000 [15:37<1:06:26,  1.65s/it]
 20%|ΓûêΓûë        | 591/3000 [15:38<59:14,  1.48s/it]  
 20%|ΓûêΓûë        | 592/3000 [15:39<52:50,  1.32s/it]
 20%|ΓûêΓûë        | 593/3000 [15:40<51:00,  1.27s/it]
 20%|ΓûêΓûë        | 594/3000 [15:41<50:21,  1.26s/it]
 20%|ΓûêΓûë        | 595/3000 [15:42<47:14,  1.18s/it]
 20%|ΓûêΓûë        | 596/3000 [15:44<56:01,  1.40s/it]
 20%|ΓûêΓûë        | 597/3000 [15:45<55:39,  1.39s/it]
 20%|ΓûêΓûë        | 598/3000 [15:47<58:25,  1.46s/it]
 20%|ΓûêΓûë        | 599/3000 [15:49<1:01:51,  1.55s/it]
 20%|ΓûêΓûê        | 600/3000 [15:50<1:01:10,  1.53s/it]
 20%|ΓûêΓûê        | 601/3000 [15:52<57:36,  1.44s/it]  
 20%|ΓûêΓûê        | 602/3000 [15:54<1:08:47,  1.72s/it]
 20%|ΓûêΓûê        | 603/3000 [15:55<1:03:23,  1.59s/it]
 20%|ΓûêΓûê        | 604/3000 [15:58<1:12:58,  1.83s/it]
 20%|ΓûêΓûê        | 605/3000 [16:00<1:16:23,  1.91s/it]
 20%|ΓûêΓûê        | 606/3000 [16:02<1:19:37,  2.00s/it]
 20%|ΓûêΓûê        | 607/3000 [16:03<1:14:26,  1.87s/it]
 20%|ΓûêΓûê        | 608/3000 [16:05<1:06:46,  1.67s/it]
 20%|ΓûêΓûê        | 609/3000 [16:06<59:14,  1.49s/it]  
 20%|ΓûêΓûê        | 610/3000 [16:07<1:01:50,  1.55s/it]
 20%|ΓûêΓûê        | 611/3000 [16:08<55:05,  1.38s/it]  
 20%|ΓûêΓûê        | 612/3000 [16:10<59:39,  1.50s/it]
 20%|ΓûêΓûê        | 613/3000 [16:12<58:40,  1.47s/it]
 20%|ΓûêΓûê        | 614/3000 [16:13<59:48,  1.50s/it]
 20%|ΓûêΓûê        | 615/3000 [16:15<59:14,  1.49s/it]
 21%|ΓûêΓûê        | 616/3000 [16:16<59:28,  1.50s/it]
 21%|ΓûêΓûê        | 617/3000 [16:19<1:17:27,  1.95s/it]
 21%|ΓûêΓûê        | 618/3000 [16:20<1:10:11,  1.77s/it]
 21%|ΓûêΓûê        | 619/3000 [16:22<1:07:25,  1.70s/it]
 21%|ΓûêΓûê        | 620/3000 [16:24<1:12:40,  1.83s/it]
 21%|ΓûêΓûê        | 621/3000 [16:25<1:05:53,  1.66s/it]
 21%|ΓûêΓûê        | 622/3000 [16:26<56:21,  1.42s/it]  
 21%|ΓûêΓûê        | 623/3000 [16:28<54:21,  1.37s/it]
 21%|ΓûêΓûê        | 624/3000 [16:29<53:48,  1.36s/it]
 21%|ΓûêΓûê        | 625/3000 [16:31<59:39,  1.51s/it]
 21%|ΓûêΓûê        | 626/3000 [16:32<52:58,  1.34s/it]
 21%|ΓûêΓûê        | 627/3000 [16:33<57:32,  1.46s/it]
 21%|ΓûêΓûê        | 628/3000 [16:34<49:27,  1.25s/it]
 21%|ΓûêΓûê        | 629/3000 [16:37<1:06:08,  1.67s/it]
 21%|ΓûêΓûê        | 630/3000 [16:38<58:53,  1.49s/it]  
 21%|ΓûêΓûê        | 631/3000 [16:39<58:21,  1.48s/it]
 21%|ΓûêΓûê        | 632/3000 [16:41<55:21,  1.40s/it]
 21%|ΓûêΓûê        | 633/3000 [16:43<1:03:24,  1.61s/it]
 21%|ΓûêΓûê        | 634/3000 [16:44<1:02:16,  1.58s/it]
 21%|ΓûêΓûê        | 635/3000 [16:46<1:06:28,  1.69s/it]
 21%|ΓûêΓûê        | 636/3000 [16:47<1:00:12,  1.53s/it]
 21%|ΓûêΓûê        | 637/3000 [16:49<57:59,  1.47s/it]  
 21%|ΓûêΓûêΓûÅ       | 638/3000 [16:50<54:29,  1.38s/it]
 21%|ΓûêΓûêΓûÅ       | 639/3000 [16:51<47:49,  1.22s/it]
 21%|ΓûêΓûêΓûÅ       | 640/3000 [16:53<1:04:03,  1.63s/it]
 21%|ΓûêΓûêΓûÅ       | 641/3000 [16:54<58:34,  1.49s/it]  
 21%|ΓûêΓûêΓûÅ       | 642/3000 [16:55<50:55,  1.30s/it]
 21%|ΓûêΓûêΓûÅ       | 643/3000 [16:56<49:20,  1.26s/it]
 21%|ΓûêΓûêΓûÅ       | 644/3000 [16:57<47:11,  1.20s/it]
 22%|ΓûêΓûêΓûÅ       | 645/3000 [17:00<1:07:39,  1.72s/it]
 22%|ΓûêΓûêΓûÅ       | 646/3000 [17:02<1:05:40,  1.67s/it]
 22%|ΓûêΓûêΓûÅ       | 647/3000 [17:03<1:04:04,  1.63s/it]
 22%|ΓûêΓûêΓûÅ       | 648/3000 [17:05<1:03:26,  1.62s/it]
 22%|ΓûêΓûêΓûÅ       | 649/3000 [17:06<1:00:40,  1.55s/it]
 22%|ΓûêΓûêΓûÅ       | 650/3000 [17:08<57:37,  1.47s/it]  
 22%|ΓûêΓûêΓûÅ       | 651/3000 [17:09<53:51,  1.38s/it]
 22%|ΓûêΓûêΓûÅ       | 652/3000 [17:10<51:46,  1.32s/it]
 22%|ΓûêΓûêΓûÅ       | 653/3000 [17:12<58:37,  1.50s/it]
 22%|ΓûêΓûêΓûÅ       | 654/3000 [17:13<53:17,  1.36s/it]
 22%|ΓûêΓûêΓûÅ       | 655/3000 [17:14<47:58,  1.23s/it]
 22%|ΓûêΓûêΓûÅ       | 656/3000 [17:15<45:26,  1.16s/it]
 22%|ΓûêΓûêΓûÅ       | 657/3000 [17:17<54:33,  1.40s/it]
 22%|ΓûêΓûêΓûÅ       | 658/3000 [17:19<57:08,  1.46s/it]
 22%|ΓûêΓûêΓûÅ       | 659/3000 [17:20<52:13,  1.34s/it]
 22%|ΓûêΓûêΓûÅ       | 660/3000 [17:20<46:11,  1.18s/it]
 22%|ΓûêΓûêΓûÅ       | 661/3000 [17:22<46:13,  1.19s/it]
 22%|ΓûêΓûêΓûÅ       | 662/3000 [17:23<45:24,  1.17s/it]
 22%|ΓûêΓûêΓûÅ       | 663/3000 [17:25<53:04,  1.36s/it]
 22%|ΓûêΓûêΓûÅ       | 664/3000 [17:27<1:04:14,  1.65s/it]
 22%|ΓûêΓûêΓûÅ       | 665/3000 [17:29<1:07:54,  1.74s/it]
 22%|ΓûêΓûêΓûÅ       | 666/3000 [17:31<1:07:17,  1.73s/it]
 22%|ΓûêΓûêΓûÅ       | 667/3000 [17:31<56:44,  1.46s/it]  
 22%|ΓûêΓûêΓûÅ       | 668/3000 [17:33<53:23,  1.37s/it]
 22%|ΓûêΓûêΓûÅ       | 669/3000 [17:34<58:33,  1.51s/it]
 22%|ΓûêΓûêΓûÅ       | 670/3000 [17:36<1:00:24,  1.56s/it]
 22%|ΓûêΓûêΓûÅ       | 671/3000 [17:38<1:02:03,  1.60s/it]
 22%|ΓûêΓûêΓûÅ       | 672/3000 [17:40<1:07:59,  1.75s/it]
 22%|ΓûêΓûêΓûÅ       | 673/3000 [17:42<1:11:52,  1.85s/it]
 22%|ΓûêΓûêΓûÅ       | 674/3000 [17:44<1:15:32,  1.95s/it]
 22%|ΓûêΓûêΓûÄ       | 675/3000 [17:45<1:05:28,  1.69s/it]
 23%|ΓûêΓûêΓûÄ       | 676/3000 [17:47<1:11:09,  1.84s/it]
 23%|ΓûêΓûêΓûÄ       | 677/3000 [17:49<1:06:33,  1.72s/it]
 23%|ΓûêΓûêΓûÄ       | 678/3000 [17:50<56:09,  1.45s/it]  
 23%|ΓûêΓûêΓûÄ       | 679/3000 [17:51<50:21,  1.30s/it]
 23%|ΓûêΓûêΓûÄ       | 680/3000 [17:52<48:55,  1.27s/it]
 23%|ΓûêΓûêΓûÄ       | 681/3000 [17:53<43:44,  1.13s/it]
 23%|ΓûêΓûêΓûÄ       | 682/3000 [17:54<47:13,  1.22s/it]
 23%|ΓûêΓûêΓûÄ       | 683/3000 [17:56<50:55,  1.32s/it]
 23%|ΓûêΓûêΓûÄ       | 684/3000 [17:58<1:00:27,  1.57s/it]
 23%|ΓûêΓûêΓûÄ       | 685/3000 [18:00<1:06:19,  1.72s/it]
 23%|ΓûêΓûêΓûÄ       | 686/3000 [18:01<1:01:14,  1.59s/it]
 23%|ΓûêΓûêΓûÄ       | 687/3000 [18:02<57:19,  1.49s/it]  
 23%|ΓûêΓûêΓûÄ       | 688/3000 [18:03<52:49,  1.37s/it]
 23%|ΓûêΓûêΓûÄ       | 689/3000 [18:05<51:47,  1.34s/it]
 23%|ΓûêΓûêΓûÄ       | 690/3000 [18:07<1:05:11,  1.69s/it]
 23%|ΓûêΓûêΓûÄ       | 691/3000 [18:09<1:03:11,  1.64s/it]
 23%|ΓûêΓûêΓûÄ       | 692/3000 [18:10<58:05,  1.51s/it]  
 23%|ΓûêΓûêΓûÄ       | 693/3000 [18:11<54:01,  1.41s/it]
 23%|ΓûêΓûêΓûÄ       | 694/3000 [18:12<51:40,  1.34s/it]
 23%|ΓûêΓûêΓûÄ       | 695/3000 [18:14<53:18,  1.39s/it]
 23%|ΓûêΓûêΓûÄ       | 696/3000 [18:16<1:05:18,  1.70s/it]
 23%|ΓûêΓûêΓûÄ       | 697/3000 [18:18<1:04:45,  1.69s/it]
 23%|ΓûêΓûêΓûÄ       | 698/3000 [18:19<59:21,  1.55s/it]  
 23%|ΓûêΓûêΓûÄ       | 699/3000 [18:20<54:23,  1.42s/it]
 23%|ΓûêΓûêΓûÄ       | 700/3000 [18:21<52:40,  1.37s/it]
 23%|ΓûêΓûêΓûÄ       | 701/3000 [18:23<59:21,  1.55s/it]
 23%|ΓûêΓûêΓûÄ       | 702/3000 [18:25<57:20,  1.50s/it]
 23%|ΓûêΓûêΓûÄ       | 703/3000 [18:26<53:37,  1.40s/it]
 23%|ΓûêΓûêΓûÄ       | 704/3000 [18:28<55:33,  1.45s/it]
 24%|ΓûêΓûêΓûÄ       | 705/3000 [18:31<1:17:41,  2.03s/it]
 24%|ΓûêΓûêΓûÄ       | 706/3000 [18:32<1:04:16,  1.68s/it]
 24%|ΓûêΓûêΓûÄ       | 707/3000 [18:33<54:54,  1.44s/it]  
 24%|ΓûêΓûêΓûÄ       | 708/3000 [18:34<55:17,  1.45s/it]
 24%|ΓûêΓûêΓûÄ       | 709/3000 [18:35<48:16,  1.26s/it]
 24%|ΓûêΓûêΓûÄ       | 710/3000 [18:36<49:38,  1.30s/it]
 24%|ΓûêΓûêΓûÄ       | 711/3000 [18:38<53:26,  1.40s/it]
 24%|ΓûêΓûêΓûÄ       | 712/3000 [18:39<51:03,  1.34s/it]
 24%|ΓûêΓûêΓûì       | 713/3000 [18:40<49:11,  1.29s/it]
 24%|ΓûêΓûêΓûì       | 714/3000 [18:42<52:19,  1.37s/it]
 24%|ΓûêΓûêΓûì       | 715/3000 [18:45<1:08:53,  1.81s/it]
 24%|ΓûêΓûêΓûì       | 716/3000 [18:46<1:05:53,  1.73s/it]
 24%|ΓûêΓûêΓûì       | 717/3000 [18:49<1:12:54,  1.92s/it]
 24%|ΓûêΓûêΓûì       | 718/3000 [18:50<1:01:51,  1.63s/it]
 24%|ΓûêΓûêΓûì       | 719/3000 [18:51<54:45,  1.44s/it]  
 24%|ΓûêΓûêΓûì       | 720/3000 [18:51<47:40,  1.25s/it]
 24%|ΓûêΓûêΓûì       | 721/3000 [18:53<47:15,  1.24s/it]
 24%|ΓûêΓûêΓûì       | 722/3000 [18:55<56:00,  1.48s/it]
 24%|ΓûêΓûêΓûì       | 723/3000 [18:56<50:36,  1.33s/it]
 24%|ΓûêΓûêΓûì       | 724/3000 [18:58<56:28,  1.49s/it]
 24%|ΓûêΓûêΓûì       | 725/3000 [18:59<1:01:14,  1.61s/it]
 24%|ΓûêΓûêΓûì       | 726/3000 [19:01<59:04,  1.56s/it]  
 24%|ΓûêΓûêΓûì       | 727/3000 [19:03<1:03:25,  1.67s/it]
 24%|ΓûêΓûêΓûì       | 728/3000 [19:04<58:12,  1.54s/it]  
 24%|ΓûêΓûêΓûì       | 729/3000 [19:06<1:04:21,  1.70s/it]
 24%|ΓûêΓûêΓûì       | 730/3000 [19:07<58:33,  1.55s/it]  
 24%|ΓûêΓûêΓûì       | 731/3000 [19:09<1:03:57,  1.69s/it]
 24%|ΓûêΓûêΓûì       | 732/3000 [19:10<56:13,  1.49s/it]  
 24%|ΓûêΓûêΓûì       | 733/3000 [19:11<50:39,  1.34s/it]
 24%|ΓûêΓûêΓûì       | 734/3000 [19:13<57:48,  1.53s/it]
 24%|ΓûêΓûêΓûì       | 735/3000 [19:15<1:02:46,  1.66s/it]
 25%|ΓûêΓûêΓûì       | 736/3000 [19:17<1:05:56,  1.75s/it]
 25%|ΓûêΓûêΓûì       | 737/3000 [19:19<1:03:40,  1.69s/it]
 25%|ΓûêΓûêΓûì       | 738/3000 [19:20<1:03:59,  1.70s/it]
 25%|ΓûêΓûêΓûì       | 739/3000 [19:22<1:00:10,  1.60s/it]
 25%|ΓûêΓûêΓûì       | 740/3000 [19:23<57:42,  1.53s/it]  
 25%|ΓûêΓûêΓûì       | 741/3000 [19:24<54:31,  1.45s/it]
 25%|ΓûêΓûêΓûì       | 742/3000 [19:26<51:35,  1.37s/it]
 25%|ΓûêΓûêΓûì       | 743/3000 [19:27<55:27,  1.47s/it]
 25%|ΓûêΓûêΓûì       | 744/3000 [19:29<53:14,  1.42s/it]
 25%|ΓûêΓûêΓûì       | 745/3000 [19:29<46:21,  1.23s/it]
 25%|ΓûêΓûêΓûì       | 746/3000 [19:32<56:05,  1.49s/it]
 25%|ΓûêΓûêΓûì       | 747/3000 [19:33<51:00,  1.36s/it]
 25%|ΓûêΓûêΓûì       | 748/3000 [19:35<57:51,  1.54s/it]
 25%|ΓûêΓûêΓûì       | 749/3000 [19:36<1:01:44,  1.65s/it]
 25%|ΓûêΓûêΓûî       | 750/3000 [19:38<1:00:34,  1.62s/it]
 25%|ΓûêΓûêΓûî       | 751/3000 [19:39<57:38,  1.54s/it]  
 25%|ΓûêΓûêΓûî       | 752/3000 [19:40<52:31,  1.40s/it]
 25%|ΓûêΓûêΓûî       | 753/3000 [19:42<52:05,  1.39s/it]
 25%|ΓûêΓûêΓûî       | 754/3000 [19:43<50:37,  1.35s/it]
 25%|ΓûêΓûêΓûî       | 755/3000 [19:45<52:20,  1.40s/it]
 25%|ΓûêΓûêΓûî       | 756/3000 [19:46<52:47,  1.41s/it]
 25%|ΓûêΓûêΓûî       | 757/3000 [19:47<50:01,  1.34s/it]
 25%|ΓûêΓûêΓûî       | 758/3000 [19:48<48:13,  1.29s/it]
 25%|ΓûêΓûêΓûî       | 759/3000 [19:50<46:52,  1.26s/it]
 25%|ΓûêΓûêΓûî       | 760/3000 [19:51<44:13,  1.18s/it]
 25%|ΓûêΓûêΓûî       | 761/3000 [19:52<44:06,  1.18s/it]
 25%|ΓûêΓûêΓûî       | 762/3000 [19:54<52:39,  1.41s/it]
 25%|ΓûêΓûêΓûî       | 763/3000 [19:55<50:11,  1.35s/it]
 25%|ΓûêΓûêΓûî       | 764/3000 [19:56<52:02,  1.40s/it]
 26%|ΓûêΓûêΓûî       | 765/3000 [19:58<55:27,  1.49s/it]
 26%|ΓûêΓûêΓûî       | 766/3000 [19:59<54:13,  1.46s/it]
 26%|ΓûêΓûêΓûî       | 767/3000 [20:02<1:01:47,  1.66s/it]
 26%|ΓûêΓûêΓûî       | 768/3000 [20:04<1:04:51,  1.74s/it]
 26%|ΓûêΓûêΓûî       | 769/3000 [20:05<1:01:34,  1.66s/it]
 26%|ΓûêΓûêΓûî       | 770/3000 [20:07<1:04:25,  1.73s/it]
 26%|ΓûêΓûêΓûî       | 771/3000 [20:09<1:05:53,  1.77s/it]
 26%|ΓûêΓûêΓûî       | 772/3000 [20:10<55:30,  1.49s/it]  
 26%|ΓûêΓûêΓûî       | 773/3000 [20:13<1:10:50,  1.91s/it]
 26%|ΓûêΓûêΓûî       | 774/3000 [20:14<1:05:39,  1.77s/it]
 26%|ΓûêΓûêΓûî       | 775/3000 [20:15<1:01:09,  1.65s/it]
 26%|ΓûêΓûêΓûî       | 776/3000 [20:17<57:20,  1.55s/it]  
 26%|ΓûêΓûêΓûî       | 777/3000 [20:18<54:00,  1.46s/it]
 26%|ΓûêΓûêΓûî       | 778/3000 [20:19<51:14,  1.38s/it]
 26%|ΓûêΓûêΓûî       | 779/3000 [20:21<1:02:11,  1.68s/it]
 26%|ΓûêΓûêΓûî       | 780/3000 [20:23<57:15,  1.55s/it]  
 26%|ΓûêΓûêΓûî       | 781/3000 [20:25<1:02:44,  1.70s/it]
 26%|ΓûêΓûêΓûî       | 782/3000 [20:26<56:14,  1.52s/it]  
 26%|ΓûêΓûêΓûî       | 783/3000 [20:27<53:26,  1.45s/it]
 26%|ΓûêΓûêΓûî       | 784/3000 [20:28<52:01,  1.41s/it]
 26%|ΓûêΓûêΓûî       | 785/3000 [20:30<53:09,  1.44s/it]
 26%|ΓûêΓûêΓûî       | 786/3000 [20:31<46:21,  1.26s/it]
 26%|ΓûêΓûêΓûî       | 787/3000 [20:33<57:43,  1.57s/it]
 26%|ΓûêΓûêΓûï       | 788/3000 [20:35<57:42,  1.57s/it]
 26%|ΓûêΓûêΓûï       | 789/3000 [20:36<51:36,  1.40s/it]
 26%|ΓûêΓûêΓûï       | 790/3000 [20:38<1:00:50,  1.65s/it]
 26%|ΓûêΓûêΓûï       | 791/3000 [20:39<58:03,  1.58s/it]  
 26%|ΓûêΓûêΓûï       | 792/3000 [20:41<54:51,  1.49s/it]
 26%|ΓûêΓûêΓûï       | 793/3000 [20:42<49:27,  1.34s/it]
 26%|ΓûêΓûêΓûï       | 794/3000 [20:43<51:22,  1.40s/it]
 26%|ΓûêΓûêΓûï       | 795/3000 [20:49<1:45:06,  2.86s/it]
 27%|ΓûêΓûêΓûï       | 796/3000 [20:51<1:26:16,  2.35s/it]
 27%|ΓûêΓûêΓûï       | 797/3000 [20:52<1:12:58,  1.99s/it]
 27%|ΓûêΓûêΓûï       | 798/3000 [20:53<1:00:10,  1.64s/it]
 27%|ΓûêΓûêΓûï       | 799/3000 [20:54<1:03:04,  1.72s/it]
 27%|ΓûêΓûêΓûï       | 800/3000 [20:55<55:32,  1.51s/it]  
 27%|ΓûêΓûêΓûï       | 801/3000 [20:57<55:29,  1.51s/it]
 27%|ΓûêΓûêΓûï       | 802/3000 [20:59<1:03:24,  1.73s/it]
 27%|ΓûêΓûêΓûï       | 803/3000 [21:02<1:14:20,  2.03s/it]
 27%|ΓûêΓûêΓûï       | 804/3000 [21:04<1:17:55,  2.13s/it]
 27%|ΓûêΓûêΓûï       | 805/3000 [21:06<1:10:01,  1.91s/it]
 27%|ΓûêΓûêΓûï       | 806/3000 [21:07<1:00:16,  1.65s/it]
 27%|ΓûêΓûêΓûï       | 807/3000 [21:08<57:17,  1.57s/it]  
 27%|ΓûêΓûêΓûï       | 808/3000 [21:10<56:32,  1.55s/it]
 27%|ΓûêΓûêΓûï       | 809/3000 [21:11<59:11,  1.62s/it]
 27%|ΓûêΓûêΓûï       | 810/3000 [21:12<52:26,  1.44s/it]
 27%|ΓûêΓûêΓûï       | 811/3000 [21:15<1:01:02,  1.67s/it]
 27%|ΓûêΓûêΓûï       | 812/3000 [21:16<1:02:50,  1.72s/it]
 27%|ΓûêΓûêΓûï       | 813/3000 [21:18<1:01:52,  1.70s/it]
 27%|ΓûêΓûêΓûï       | 814/3000 [21:20<1:01:11,  1.68s/it]
 27%|ΓûêΓûêΓûï       | 815/3000 [21:22<1:09:02,  1.90s/it]
 27%|ΓûêΓûêΓûï       | 816/3000 [21:24<1:11:07,  1.95s/it]
 27%|ΓûêΓûêΓûï       | 817/3000 [21:26<1:05:16,  1.79s/it]
 27%|ΓûêΓûêΓûï       | 818/3000 [21:27<1:05:00,  1.79s/it]
 27%|ΓûêΓûêΓûï       | 819/3000 [21:29<1:01:24,  1.69s/it]
 27%|ΓûêΓûêΓûï       | 820/3000 [21:30<57:26,  1.58s/it]  
 27%|ΓûêΓûêΓûï       | 821/3000 [21:31<52:17,  1.44s/it]
 27%|ΓûêΓûêΓûï       | 822/3000 [21:33<54:08,  1.49s/it]
 27%|ΓûêΓûêΓûï       | 823/3000 [21:34<51:26,  1.42s/it]
 27%|ΓûêΓûêΓûï       | 824/3000 [21:35<49:13,  1.36s/it]
 28%|ΓûêΓûêΓûè       | 825/3000 [21:37<48:11,  1.33s/it]
 28%|ΓûêΓûêΓûè       | 826/3000 [21:38<49:46,  1.37s/it]
 28%|ΓûêΓûêΓûè       | 827/3000 [21:39<47:50,  1.32s/it]
 28%|ΓûêΓûêΓûè       | 828/3000 [21:43<1:09:58,  1.93s/it]
 28%|ΓûêΓûêΓûè       | 829/3000 [21:45<1:10:54,  1.96s/it]
 28%|ΓûêΓûêΓûè       | 830/3000 [21:46<1:07:07,  1.86s/it]
 28%|ΓûêΓûêΓûè       | 831/3000 [21:48<1:06:22,  1.84s/it]
 28%|ΓûêΓûêΓûè       | 832/3000 [21:50<1:02:55,  1.74s/it]
 28%|ΓûêΓûêΓûè       | 833/3000 [21:52<1:08:47,  1.90s/it]
 28%|ΓûêΓûêΓûè       | 834/3000 [21:54<1:06:43,  1.85s/it]
 28%|ΓûêΓûêΓûè       | 835/3000 [21:56<1:07:01,  1.86s/it]
 28%|ΓûêΓûêΓûè       | 836/3000 [21:58<1:09:51,  1.94s/it]
 28%|ΓûêΓûêΓûè       | 837/3000 [21:59<1:04:17,  1.78s/it]
 28%|ΓûêΓûêΓûè       | 838/3000 [22:00<57:35,  1.60s/it]  
 28%|ΓûêΓûêΓûè       | 839/3000 [22:02<55:30,  1.54s/it]
 28%|ΓûêΓûêΓûè       | 840/3000 [22:03<54:29,  1.51s/it]
 28%|ΓûêΓûêΓûè       | 841/3000 [22:05<1:00:16,  1.67s/it]
 28%|ΓûêΓûêΓûè       | 842/3000 [22:06<52:45,  1.47s/it]  
 28%|ΓûêΓûêΓûè       | 843/3000 [22:09<1:03:50,  1.78s/it]
 28%|ΓûêΓûêΓûè       | 844/3000 [22:10<1:01:55,  1.72s/it]
 28%|ΓûêΓûêΓûè       | 845/3000 [22:12<59:00,  1.64s/it]  
 28%|ΓûêΓûêΓûè       | 846/3000 [22:13<54:26,  1.52s/it]
 28%|ΓûêΓûêΓûè       | 847/3000 [22:15<1:02:32,  1.74s/it]
 28%|ΓûêΓûêΓûè       | 848/3000 [22:16<54:12,  1.51s/it]  
 28%|ΓûêΓûêΓûè       | 849/3000 [22:17<48:29,  1.35s/it]
 28%|ΓûêΓûêΓûè       | 850/3000 [22:18<46:51,  1.31s/it]
 28%|ΓûêΓûêΓûè       | 851/3000 [22:20<53:02,  1.48s/it]
 28%|ΓûêΓûêΓûè       | 852/3000 [22:22<1:00:56,  1.70s/it]
 28%|ΓûêΓûêΓûè       | 853/3000 [22:23<53:02,  1.48s/it]  
 28%|ΓûêΓûêΓûè       | 854/3000 [22:25<55:22,  1.55s/it]
 28%|ΓûêΓûêΓûè       | 855/3000 [22:27<54:26,  1.52s/it]
 29%|ΓûêΓûêΓûè       | 856/3000 [22:28<52:11,  1.46s/it]
 29%|ΓûêΓûêΓûè       | 857/3000 [22:30<1:03:23,  1.77s/it]
 29%|ΓûêΓûêΓûè       | 858/3000 [22:33<1:08:57,  1.93s/it]
 29%|ΓûêΓûêΓûè       | 859/3000 [22:34<1:06:31,  1.86s/it]
 29%|ΓûêΓûêΓûè       | 860/3000 [22:37<1:09:52,  1.96s/it]
 29%|ΓûêΓûêΓûè       | 861/3000 [22:38<59:25,  1.67s/it]  
 29%|ΓûêΓûêΓûè       | 862/3000 [22:38<50:54,  1.43s/it]
 29%|ΓûêΓûêΓûë       | 863/3000 [22:39<45:01,  1.26s/it]
 29%|ΓûêΓûêΓûë       | 864/3000 [22:41<44:28,  1.25s/it]
 29%|ΓûêΓûêΓûë       | 865/3000 [22:43<52:19,  1.47s/it]
 29%|ΓûêΓûêΓûë       | 866/3000 [22:46<1:08:40,  1.93s/it]
 29%|ΓûêΓûêΓûë       | 867/3000 [22:47<1:08:12,  1.92s/it]
 29%|ΓûêΓûêΓûë       | 868/3000 [22:49<1:01:05,  1.72s/it]
 29%|ΓûêΓûêΓûë       | 869/3000 [22:51<1:06:31,  1.87s/it]
 29%|ΓûêΓûêΓûë       | 870/3000 [22:52<57:09,  1.61s/it]  
 29%|ΓûêΓûêΓûë       | 871/3000 [22:53<54:45,  1.54s/it]
 29%|ΓûêΓûêΓûë       | 872/3000 [22:55<51:37,  1.46s/it]
 29%|ΓûêΓûêΓûë       | 873/3000 [22:57<1:03:28,  1.79s/it]
 29%|ΓûêΓûêΓûë       | 874/3000 [22:58<56:12,  1.59s/it]  
 29%|ΓûêΓûêΓûë       | 875/3000 [22:59<52:23,  1.48s/it]
 29%|ΓûêΓûêΓûë       | 876/3000 [23:01<47:46,  1.35s/it]
 29%|ΓûêΓûêΓûë       | 877/3000 [23:01<42:00,  1.19s/it]
 29%|ΓûêΓûêΓûë       | 878/3000 [23:03<43:27,  1.23s/it]
 29%|ΓûêΓûêΓûë       | 879/3000 [23:04<45:50,  1.30s/it]
 29%|ΓûêΓûêΓûë       | 880/3000 [23:05<45:38,  1.29s/it]
 29%|ΓûêΓûêΓûë       | 881/3000 [23:08<57:36,  1.63s/it]
 29%|ΓûêΓûêΓûë       | 882/3000 [23:09<57:45,  1.64s/it]
 29%|ΓûêΓûêΓûë       | 883/3000 [23:11<1:01:49,  1.75s/it]
 29%|ΓûêΓûêΓûë       | 884/3000 [23:12<52:15,  1.48s/it]  
 30%|ΓûêΓûêΓûë       | 885/3000 [23:13<45:33,  1.29s/it]
 30%|ΓûêΓûêΓûë       | 886/3000 [23:15<48:12,  1.37s/it]
 30%|ΓûêΓûêΓûë       | 887/3000 [23:16<43:01,  1.22s/it]
 30%|ΓûêΓûêΓûë       | 888/3000 [23:17<43:10,  1.23s/it]
 30%|ΓûêΓûêΓûë       | 889/3000 [23:18<43:37,  1.24s/it]
 30%|ΓûêΓûêΓûë       | 890/3000 [23:21<1:00:23,  1.72s/it]
 30%|ΓûêΓûêΓûë       | 891/3000 [23:22<56:57,  1.62s/it]  
 30%|ΓûêΓûêΓûë       | 892/3000 [23:29<1:50:46,  3.15s/it]
 30%|ΓûêΓûêΓûë       | 893/3000 [23:31<1:38:50,  2.81s/it]
 30%|ΓûêΓûêΓûë       | 894/3000 [23:32<1:18:23,  2.23s/it]
 30%|ΓûêΓûêΓûë       | 895/3000 [23:35<1:24:17,  2.40s/it]
 30%|ΓûêΓûêΓûë       | 896/3000 [23:36<1:13:47,  2.10s/it]
 30%|ΓûêΓûêΓûë       | 897/3000 [23:37<1:05:12,  1.86s/it]
 30%|ΓûêΓûêΓûë       | 898/3000 [23:40<1:08:45,  1.96s/it]
 30%|ΓûêΓûêΓûë       | 899/3000 [23:41<1:03:04,  1.80s/it]
 30%|ΓûêΓûêΓûê       | 900/3000 [23:43<1:01:34,  1.76s/it]
 30%|ΓûêΓûêΓûê       | 901/3000 [23:45<1:11:02,  2.03s/it]
 30%|ΓûêΓûêΓûê       | 902/3000 [23:46<1:00:06,  1.72s/it]
 30%|ΓûêΓûêΓûê       | 903/3000 [23:49<1:04:52,  1.86s/it]
 30%|ΓûêΓûêΓûê       | 904/3000 [23:50<59:19,  1.70s/it]  
 30%|ΓûêΓûêΓûê       | 905/3000 [23:51<56:44,  1.63s/it]
 30%|ΓûêΓûêΓûê       | 906/3000 [23:52<48:09,  1.38s/it]
 30%|ΓûêΓûêΓûê       | 907/3000 [23:54<51:00,  1.46s/it]
 30%|ΓûêΓûêΓûê       | 908/3000 [23:55<44:12,  1.27s/it]
 30%|ΓûêΓûêΓûê       | 909/3000 [23:56<46:56,  1.35s/it]
 30%|ΓûêΓûêΓûê       | 910/3000 [23:58<48:26,  1.39s/it]
 30%|ΓûêΓûêΓûê       | 911/3000 [23:59<47:25,  1.36s/it]
 30%|ΓûêΓûêΓûê       | 912/3000 [24:01<53:53,  1.55s/it]
 30%|ΓûêΓûêΓûê       | 913/3000 [24:02<49:49,  1.43s/it]
 30%|ΓûêΓûêΓûê       | 914/3000 [24:04<55:15,  1.59s/it]
 30%|ΓûêΓûêΓûê       | 915/3000 [24:05<52:06,  1.50s/it]
 31%|ΓûêΓûêΓûê       | 916/3000 [24:07<51:07,  1.47s/it]
 31%|ΓûêΓûêΓûê       | 917/3000 [24:08<51:14,  1.48s/it]
 31%|ΓûêΓûêΓûê       | 918/3000 [24:09<47:37,  1.37s/it]
 31%|ΓûêΓûêΓûê       | 919/3000 [24:11<48:41,  1.40s/it]
 31%|ΓûêΓûêΓûê       | 920/3000 [24:13<51:17,  1.48s/it]
 31%|ΓûêΓûêΓûê       | 921/3000 [24:14<52:51,  1.53s/it]
 31%|ΓûêΓûêΓûê       | 922/3000 [24:16<51:20,  1.48s/it]
 31%|ΓûêΓûêΓûê       | 923/3000 [24:17<55:17,  1.60s/it]
 31%|ΓûêΓûêΓûê       | 924/3000 [24:18<50:00,  1.45s/it]
 31%|ΓûêΓûêΓûê       | 925/3000 [24:21<57:34,  1.66s/it]
 31%|ΓûêΓûêΓûê       | 926/3000 [24:22<57:50,  1.67s/it]
 31%|ΓûêΓûêΓûê       | 927/3000 [24:24<1:00:32,  1.75s/it]
 31%|ΓûêΓûêΓûê       | 928/3000 [24:26<56:59,  1.65s/it]  
 31%|ΓûêΓûêΓûê       | 929/3000 [24:27<58:06,  1.68s/it]
 31%|ΓûêΓûêΓûê       | 930/3000 [24:29<1:00:28,  1.75s/it]
 31%|ΓûêΓûêΓûê       | 931/3000 [24:31<59:40,  1.73s/it]  
 31%|ΓûêΓûêΓûê       | 932/3000 [24:33<57:27,  1.67s/it]
 31%|ΓûêΓûêΓûê       | 933/3000 [24:34<58:22,  1.69s/it]
 31%|ΓûêΓûêΓûê       | 934/3000 [24:36<1:02:52,  1.83s/it]
 31%|ΓûêΓûêΓûê       | 935/3000 [24:39<1:13:47,  2.14s/it]
 31%|ΓûêΓûêΓûê       | 936/3000 [24:41<1:12:05,  2.10s/it]
 31%|ΓûêΓûêΓûê       | 937/3000 [24:42<1:00:40,  1.76s/it]
 31%|ΓûêΓûêΓûêΓûÅ      | 938/3000 [24:44<57:02,  1.66s/it]  
 31%|ΓûêΓûêΓûêΓûÅ      | 939/3000 [24:45<49:28,  1.44s/it]
 31%|ΓûêΓûêΓûêΓûÅ      | 940/3000 [24:46<45:04,  1.31s/it]
 31%|ΓûêΓûêΓûêΓûÅ      | 941/3000 [24:47<47:14,  1.38s/it]
 31%|ΓûêΓûêΓûêΓûÅ      | 942/3000 [24:50<59:53,  1.75s/it]
 31%|ΓûêΓûêΓûêΓûÅ      | 943/3000 [24:51<53:40,  1.57s/it]
 31%|ΓûêΓûêΓûêΓûÅ      | 944/3000 [24:52<50:26,  1.47s/it]
 32%|ΓûêΓûêΓûêΓûÅ      | 945/3000 [24:54<52:51,  1.54s/it]
 32%|ΓûêΓûêΓûêΓûÅ      | 946/3000 [24:55<44:52,  1.31s/it]
 32%|ΓûêΓûêΓûêΓûÅ      | 947/3000 [24:56<45:37,  1.33s/it]
 32%|ΓûêΓûêΓûêΓûÅ      | 948/3000 [24:57<40:21,  1.18s/it]
 32%|ΓûêΓûêΓûêΓûÅ      | 949/3000 [24:58<43:54,  1.28s/it]
 32%|ΓûêΓûêΓûêΓûÅ      | 950/3000 [24:59<39:05,  1.14s/it]
 32%|ΓûêΓûêΓûêΓûÅ      | 951/3000 [25:01<46:10,  1.35s/it]
 32%|ΓûêΓûêΓûêΓûÅ      | 952/3000 [25:02<42:24,  1.24s/it]
 32%|ΓûêΓûêΓûêΓûÅ      | 953/3000 [25:04<45:02,  1.32s/it]
 32%|ΓûêΓûêΓûêΓûÅ      | 954/3000 [25:05<41:59,  1.23s/it]
 32%|ΓûêΓûêΓûêΓûÅ      | 955/3000 [25:05<37:21,  1.10s/it]
 32%|ΓûêΓûêΓûêΓûÅ      | 956/3000 [25:06<36:05,  1.06s/it]
 32%|ΓûêΓûêΓûêΓûÅ      | 957/3000 [25:08<37:32,  1.10s/it]
 32%|ΓûêΓûêΓûêΓûÅ      | 958/3000 [25:09<38:22,  1.13s/it]
 32%|ΓûêΓûêΓûêΓûÅ      | 959/3000 [25:10<43:14,  1.27s/it]
 32%|ΓûêΓûêΓûêΓûÅ      | 960/3000 [25:12<43:45,  1.29s/it]
 32%|ΓûêΓûêΓûêΓûÅ      | 961/3000 [25:13<46:25,  1.37s/it]
 32%|ΓûêΓûêΓûêΓûÅ      | 962/3000 [25:16<58:32,  1.72s/it]
 32%|ΓûêΓûêΓûêΓûÅ      | 963/3000 [25:18<1:00:32,  1.78s/it]
 32%|ΓûêΓûêΓûêΓûÅ      | 964/3000 [25:19<54:31,  1.61s/it]  
 32%|ΓûêΓûêΓûêΓûÅ      | 965/3000 [25:20<54:24,  1.60s/it]
 32%|ΓûêΓûêΓûêΓûÅ      | 966/3000 [25:21<47:44,  1.41s/it]
 32%|ΓûêΓûêΓûêΓûÅ      | 967/3000 [25:22<40:59,  1.21s/it]
 32%|ΓûêΓûêΓûêΓûÅ      | 968/3000 [25:23<36:44,  1.08s/it]
 32%|ΓûêΓûêΓûêΓûÅ      | 969/3000 [25:24<38:36,  1.14s/it]
 32%|ΓûêΓûêΓûêΓûÅ      | 970/3000 [25:25<39:01,  1.15s/it]
 32%|ΓûêΓûêΓûêΓûÅ      | 971/3000 [25:26<37:55,  1.12s/it]
 32%|ΓûêΓûêΓûêΓûÅ      | 972/3000 [25:28<37:11,  1.10s/it]
 32%|ΓûêΓûêΓûêΓûÅ      | 973/3000 [25:29<40:41,  1.20s/it]
 32%|ΓûêΓûêΓûêΓûÅ      | 974/3000 [25:30<38:03,  1.13s/it]
 32%|ΓûêΓûêΓûêΓûÄ      | 975/3000 [25:31<40:05,  1.19s/it]
 33%|ΓûêΓûêΓûêΓûÄ      | 976/3000 [25:33<44:32,  1.32s/it]
 33%|ΓûêΓûêΓûêΓûÄ      | 977/3000 [25:34<46:31,  1.38s/it]
 33%|ΓûêΓûêΓûêΓûÄ      | 978/3000 [25:36<45:35,  1.35s/it]
 33%|ΓûêΓûêΓûêΓûÄ      | 979/3000 [25:37<41:34,  1.23s/it]
 33%|ΓûêΓûêΓûêΓûÄ      | 980/3000 [25:38<45:20,  1.35s/it]
 33%|ΓûêΓûêΓûêΓûÄ      | 981/3000 [25:40<45:15,  1.35s/it]
 33%|ΓûêΓûêΓûêΓûÄ      | 982/3000 [25:41<44:59,  1.34s/it]
 33%|ΓûêΓûêΓûêΓûÄ      | 983/3000 [25:42<41:50,  1.24s/it]
 33%|ΓûêΓûêΓûêΓûÄ      | 984/3000 [25:45<59:15,  1.76s/it]
 33%|ΓûêΓûêΓûêΓûÄ      | 985/3000 [25:47<1:03:47,  1.90s/it]
 33%|ΓûêΓûêΓûêΓûÄ      | 986/3000 [25:48<54:28,  1.62s/it]  
 33%|ΓûêΓûêΓûêΓûÄ      | 987/3000 [25:49<50:53,  1.52s/it]
 33%|ΓûêΓûêΓûêΓûÄ      | 988/3000 [25:51<53:10,  1.59s/it]
 33%|ΓûêΓûêΓûêΓûÄ      | 989/3000 [25:53<51:11,  1.53s/it]
 33%|ΓûêΓûêΓûêΓûÄ      | 990/3000 [25:54<46:55,  1.40s/it]
 33%|ΓûêΓûêΓûêΓûÄ      | 991/3000 [25:55<49:25,  1.48s/it]
 33%|ΓûêΓûêΓûêΓûÄ      | 992/3000 [25:57<48:39,  1.45s/it]
 33%|ΓûêΓûêΓûêΓûÄ      | 993/3000 [25:58<50:28,  1.51s/it]
 33%|ΓûêΓûêΓûêΓûÄ      | 994/3000 [26:00<50:21,  1.51s/it]
 33%|ΓûêΓûêΓûêΓûÄ      | 995/3000 [26:02<55:37,  1.66s/it]
 33%|ΓûêΓûêΓûêΓûÄ      | 996/3000 [26:03<55:05,  1.65s/it]
 33%|ΓûêΓûêΓûêΓûÄ      | 997/3000 [26:04<46:19,  1.39s/it]
 33%|ΓûêΓûêΓûêΓûÄ      | 998/3000 [26:05<43:48,  1.31s/it]
 33%|ΓûêΓûêΓûêΓûÄ      | 999/3000 [26:07<48:08,  1.44s/it]
 33%|ΓûêΓûêΓûêΓûÄ      | 1000/3000 [26:09<53:34,  1.61s/it]
 33%|ΓûêΓûêΓûêΓûÄ      | 1001/3000 [26:10<46:29,  1.40s/it]
 33%|ΓûêΓûêΓûêΓûÄ      | 1002/3000 [26:11<40:41,  1.22s/it]
 33%|ΓûêΓûêΓûêΓûÄ      | 1003/3000 [26:12<39:29,  1.19s/it]
 33%|ΓûêΓûêΓûêΓûÄ      | 1004/3000 [26:15<55:57,  1.68s/it]
 34%|ΓûêΓûêΓûêΓûÄ      | 1005/3000 [26:17<57:43,  1.74s/it]
 34%|ΓûêΓûêΓûêΓûÄ      | 1006/3000 [26:19<1:02:31,  1.88s/it]
 34%|ΓûêΓûêΓûêΓûÄ      | 1007/3000 [26:21<1:01:41,  1.86s/it]
 34%|ΓûêΓûêΓûêΓûÄ      | 1008/3000 [26:22<52:55,  1.59s/it]  
 34%|ΓûêΓûêΓûêΓûÄ      | 1009/3000 [26:23<52:10,  1.57s/it]
 34%|ΓûêΓûêΓûêΓûÄ      | 1010/3000 [26:24<46:31,  1.40s/it]
 34%|ΓûêΓûêΓûêΓûÄ      | 1011/3000 [26:25<41:48,  1.26s/it]
 34%|ΓûêΓûêΓûêΓûÄ      | 1012/3000 [26:26<42:22,  1.28s/it]
 34%|ΓûêΓûêΓûêΓûì      | 1013/3000 [26:27<38:37,  1.17s/it]
 34%|ΓûêΓûêΓûêΓûì      | 1014/3000 [26:28<35:53,  1.08s/it]
 34%|ΓûêΓûêΓûêΓûì      | 1015/3000 [26:29<35:33,  1.07s/it]
 34%|ΓûêΓûêΓûêΓûì      | 1016/3000 [26:30<36:03,  1.09s/it]
 34%|ΓûêΓûêΓûêΓûì      | 1017/3000 [26:32<45:57,  1.39s/it]
 34%|ΓûêΓûêΓûêΓûì      | 1018/3000 [26:34<48:31,  1.47s/it]
 34%|ΓûêΓûêΓûêΓûì      | 1019/3000 [26:36<50:31,  1.53s/it]
 34%|ΓûêΓûêΓûêΓûì      | 1020/3000 [26:38<55:51,  1.69s/it]
 34%|ΓûêΓûêΓûêΓûì      | 1021/3000 [26:39<54:17,  1.65s/it]
 34%|ΓûêΓûêΓûêΓûì      | 1022/3000 [26:41<52:02,  1.58s/it]
 34%|ΓûêΓûêΓûêΓûì      | 1023/3000 [26:45<1:15:54,  2.30s/it]
 34%|ΓûêΓûêΓûêΓûì      | 1024/3000 [26:46<1:05:01,  1.97s/it]
 34%|ΓûêΓûêΓûêΓûì      | 1025/3000 [26:48<1:00:24,  1.84s/it]
 34%|ΓûêΓûêΓûêΓûì      | 1026/3000 [26:49<56:36,  1.72s/it]  
 34%|ΓûêΓûêΓûêΓûì      | 1027/3000 [26:51<57:47,  1.76s/it]
 34%|ΓûêΓûêΓûêΓûì      | 1028/3000 [26:52<55:52,  1.70s/it]
 34%|ΓûêΓûêΓûêΓûì      | 1029/3000 [26:53<48:16,  1.47s/it]
 34%|ΓûêΓûêΓûêΓûì      | 1030/3000 [26:55<47:02,  1.43s/it]
 34%|ΓûêΓûêΓûêΓûì      | 1031/3000 [26:57<53:01,  1.62s/it]
 34%|ΓûêΓûêΓûêΓûì      | 1032/3000 [26:58<53:51,  1.64s/it]
 34%|ΓûêΓûêΓûêΓûì      | 1033/3000 [26:59<45:25,  1.39s/it]
 34%|ΓûêΓûêΓûêΓûì      | 1034/3000 [27:01<51:26,  1.57s/it]
 34%|ΓûêΓûêΓûêΓûì      | 1035/3000 [27:02<43:22,  1.32s/it]
 35%|ΓûêΓûêΓûêΓûì      | 1036/3000 [27:03<44:40,  1.36s/it]
 35%|ΓûêΓûêΓûêΓûì      | 1037/3000 [27:04<40:00,  1.22s/it]
 35%|ΓûêΓûêΓûêΓûì      | 1038/3000 [27:06<47:56,  1.47s/it]
 35%|ΓûêΓûêΓûêΓûì      | 1039/3000 [27:08<49:41,  1.52s/it]
 35%|ΓûêΓûêΓûêΓûì      | 1040/3000 [27:09<43:56,  1.35s/it]
 35%|ΓûêΓûêΓûêΓûì      | 1041/3000 [27:10<39:44,  1.22s/it]
 35%|ΓûêΓûêΓûêΓûì      | 1042/3000 [27:12<43:53,  1.35s/it]
 35%|ΓûêΓûêΓûêΓûì      | 1043/3000 [27:13<44:45,  1.37s/it]
 35%|ΓûêΓûêΓûêΓûì      | 1044/3000 [27:14<42:41,  1.31s/it]
 35%|ΓûêΓûêΓûêΓûì      | 1045/3000 [27:16<44:00,  1.35s/it]
 35%|ΓûêΓûêΓûêΓûì      | 1046/3000 [27:17<46:05,  1.42s/it]
 35%|ΓûêΓûêΓûêΓûì      | 1047/3000 [27:19<52:24,  1.61s/it]
 35%|ΓûêΓûêΓûêΓûì      | 1048/3000 [27:20<44:05,  1.36s/it]
 35%|ΓûêΓûêΓûêΓûì      | 1049/3000 [27:23<1:02:08,  1.91s/it]
 35%|ΓûêΓûêΓûêΓûî      | 1050/3000 [27:24<52:39,  1.62s/it]  
 35%|ΓûêΓûêΓûêΓûî      | 1051/3000 [27:26<57:24,  1.77s/it]
 35%|ΓûêΓûêΓûêΓûî      | 1052/3000 [27:27<49:52,  1.54s/it]
 35%|ΓûêΓûêΓûêΓûî      | 1053/3000 [27:29<56:11,  1.73s/it]
 35%|ΓûêΓûêΓûêΓûî      | 1054/3000 [27:31<54:57,  1.69s/it]
 35%|ΓûêΓûêΓûêΓûî      | 1055/3000 [27:32<51:43,  1.60s/it]
 35%|ΓûêΓûêΓûêΓûî      | 1056/3000 [27:34<56:28,  1.74s/it]
 35%|ΓûêΓûêΓûêΓûî      | 1057/3000 [27:35<49:05,  1.52s/it]
 35%|ΓûêΓûêΓûêΓûî      | 1058/3000 [27:37<46:49,  1.45s/it]
 35%|ΓûêΓûêΓûêΓûî      | 1059/3000 [27:38<41:50,  1.29s/it]
 35%|ΓûêΓûêΓûêΓûî      | 1060/3000 [27:38<37:01,  1.15s/it]
 35%|ΓûêΓûêΓûêΓûî      | 1061/3000 [27:40<39:17,  1.22s/it]
 35%|ΓûêΓûêΓûêΓûî      | 1062/3000 [27:41<37:38,  1.17s/it]
 35%|ΓûêΓûêΓûêΓûî      | 1063/3000 [27:42<39:43,  1.23s/it]
 35%|ΓûêΓûêΓûêΓûî      | 1064/3000 [27:43<39:27,  1.22s/it]
 36%|ΓûêΓûêΓûêΓûî      | 1065/3000 [27:44<35:24,  1.10s/it]
 36%|ΓûêΓûêΓûêΓûî      | 1066/3000 [27:46<44:58,  1.40s/it]
 36%|ΓûêΓûêΓûêΓûî      | 1067/3000 [27:48<44:16,  1.37s/it]
 36%|ΓûêΓûêΓûêΓûî      | 1068/3000 [27:49<39:45,  1.23s/it]
 36%|ΓûêΓûêΓûêΓûî      | 1069/3000 [27:50<39:53,  1.24s/it]
 36%|ΓûêΓûêΓûêΓûî      | 1070/3000 [27:51<37:24,  1.16s/it]
 36%|ΓûêΓûêΓûêΓûî      | 1071/3000 [27:52<37:50,  1.18s/it]
 36%|ΓûêΓûêΓûêΓûî      | 1072/3000 [27:54<44:35,  1.39s/it]
 36%|ΓûêΓûêΓûêΓûî      | 1073/3000 [27:55<43:10,  1.34s/it]
 36%|ΓûêΓûêΓûêΓûî      | 1074/3000 [27:57<51:02,  1.59s/it]
 36%|ΓûêΓûêΓûêΓûî      | 1075/3000 [27:59<47:38,  1.48s/it]
 36%|ΓûêΓûêΓûêΓûî      | 1076/3000 [28:00<45:02,  1.40s/it]
 36%|ΓûêΓûêΓûêΓûî      | 1077/3000 [28:05<1:20:29,  2.51s/it]
 36%|ΓûêΓûêΓûêΓûî      | 1078/3000 [28:06<1:05:54,  2.06s/it]
 36%|ΓûêΓûêΓûêΓûî      | 1079/3000 [28:07<55:53,  1.75s/it]  
 36%|ΓûêΓûêΓûêΓûî      | 1080/3000 [28:08<52:27,  1.64s/it]
 36%|ΓûêΓûêΓûêΓûî      | 1081/3000 [28:09<46:47,  1.46s/it]
 36%|ΓûêΓûêΓûêΓûî      | 1082/3000 [28:13<1:06:11,  2.07s/it]
 36%|ΓûêΓûêΓûêΓûî      | 1083/3000 [28:14<59:52,  1.87s/it]  
 36%|ΓûêΓûêΓûêΓûî      | 1084/3000 [28:15<51:39,  1.62s/it]
 36%|ΓûêΓûêΓûêΓûî      | 1085/3000 [28:16<47:22,  1.48s/it]
 36%|ΓûêΓûêΓûêΓûî      | 1086/3000 [28:18<47:14,  1.48s/it]
 36%|ΓûêΓûêΓûêΓûî      | 1087/3000 [28:19<42:05,  1.32s/it]
 36%|ΓûêΓûêΓûêΓûï      | 1088/3000 [28:20<39:09,  1.23s/it]
 36%|ΓûêΓûêΓûêΓûï      | 1089/3000 [28:21<42:28,  1.33s/it]
 36%|ΓûêΓûêΓûêΓûï      | 1090/3000 [28:23<40:22,  1.27s/it]
 36%|ΓûêΓûêΓûêΓûï      | 1091/3000 [28:24<40:22,  1.27s/it]
 36%|ΓûêΓûêΓûêΓûï      | 1092/3000 [28:27<58:06,  1.83s/it]
 36%|ΓûêΓûêΓûêΓûï      | 1093/3000 [28:28<50:44,  1.60s/it]
 36%|ΓûêΓûêΓûêΓûï      | 1094/3000 [28:29<43:20,  1.36s/it]
 36%|ΓûêΓûêΓûêΓûï      | 1095/3000 [28:30<43:40,  1.38s/it]
 37%|ΓûêΓûêΓûêΓûï      | 1096/3000 [28:32<47:24,  1.49s/it]
 37%|ΓûêΓûêΓûêΓûï      | 1097/3000 [28:38<1:33:31,  2.95s/it]
 37%|ΓûêΓûêΓûêΓûï      | 1098/3000 [28:40<1:21:49,  2.58s/it]
 37%|ΓûêΓûêΓûêΓûï      | 1099/3000 [28:41<1:06:50,  2.11s/it]
 37%|ΓûêΓûêΓûêΓûï      | 1100/3000 [28:42<55:13,  1.74s/it]  
 37%|ΓûêΓûêΓûêΓûï      | 1101/3000 [28:44<54:26,  1.72s/it]
 37%|ΓûêΓûêΓûêΓûï      | 1102/3000 [28:46<1:00:03,  1.90s/it]
 37%|ΓûêΓûêΓûêΓûï      | 1103/3000 [28:48<56:51,  1.80s/it]  
 37%|ΓûêΓûêΓûêΓûï      | 1104/3000 [28:50<1:05:09,  2.06s/it]
 37%|ΓûêΓûêΓûêΓûï      | 1105/3000 [28:52<1:01:58,  1.96s/it]
 37%|ΓûêΓûêΓûêΓûï      | 1106/3000 [28:54<1:00:06,  1.90s/it]
 37%|ΓûêΓûêΓûêΓûï      | 1107/3000 [28:55<50:03,  1.59s/it]  
 37%|ΓûêΓûêΓûêΓûï      | 1108/3000 [28:56<47:54,  1.52s/it]
 37%|ΓûêΓûêΓûêΓûï      | 1109/3000 [28:58<57:15,  1.82s/it]
 37%|ΓûêΓûêΓûêΓûï      | 1110/3000 [29:00<53:24,  1.70s/it]
 37%|ΓûêΓûêΓûêΓûï      | 1111/3000 [29:02<57:25,  1.82s/it]
 37%|ΓûêΓûêΓûêΓûï      | 1112/3000 [29:03<51:40,  1.64s/it]
 37%|ΓûêΓûêΓûêΓûï      | 1113/3000 [29:05<53:45,  1.71s/it]
 37%|ΓûêΓûêΓûêΓûï      | 1114/3000 [29:06<45:33,  1.45s/it]
 37%|ΓûêΓûêΓûêΓûï      | 1115/3000 [29:08<47:09,  1.50s/it]
 37%|ΓûêΓûêΓûêΓûï      | 1116/3000 [29:09<50:42,  1.61s/it]
 37%|ΓûêΓûêΓûêΓûï      | 1117/3000 [29:12<1:00:27,  1.93s/it]
 37%|ΓûêΓûêΓûêΓûï      | 1118/3000 [29:13<55:46,  1.78s/it]  
 37%|ΓûêΓûêΓûêΓûï      | 1119/3000 [29:15<50:32,  1.61s/it]
 37%|ΓûêΓûêΓûêΓûï      | 1120/3000 [29:16<43:27,  1.39s/it]
 37%|ΓûêΓûêΓûêΓûï      | 1121/3000 [29:17<41:26,  1.32s/it]
 37%|ΓûêΓûêΓûêΓûï      | 1122/3000 [29:18<38:01,  1.21s/it]
 37%|ΓûêΓûêΓûêΓûï      | 1123/3000 [29:20<43:32,  1.39s/it]
 37%|ΓûêΓûêΓûêΓûï      | 1124/3000 [29:20<38:32,  1.23s/it]
 38%|ΓûêΓûêΓûêΓûè      | 1125/3000 [29:23<48:18,  1.55s/it]
 38%|ΓûêΓûêΓûêΓûè      | 1126/3000 [29:24<43:41,  1.40s/it]
 38%|ΓûêΓûêΓûêΓûè      | 1127/3000 [29:25<43:01,  1.38s/it]
 38%|ΓûêΓûêΓûêΓûè      | 1128/3000 [29:26<39:30,  1.27s/it]
 38%|ΓûêΓûêΓûêΓûè      | 1129/3000 [29:27<38:47,  1.24s/it]
 38%|ΓûêΓûêΓûêΓûè      | 1130/3000 [29:28<34:56,  1.12s/it]
 38%|ΓûêΓûêΓûêΓûè      | 1131/3000 [29:29<32:45,  1.05s/it]
 38%|ΓûêΓûêΓûêΓûè      | 1132/3000 [29:30<31:46,  1.02s/it]
 38%|ΓûêΓûêΓûêΓûè      | 1133/3000 [29:31<35:38,  1.15s/it]
 38%|ΓûêΓûêΓûêΓûè      | 1134/3000 [29:32<34:20,  1.10s/it]
 38%|ΓûêΓûêΓûêΓûè      | 1135/3000 [29:35<45:10,  1.45s/it]
 38%|ΓûêΓûêΓûêΓûè      | 1136/3000 [29:35<39:15,  1.26s/it]
 38%|ΓûêΓûêΓûêΓûè      | 1137/3000 [29:37<38:49,  1.25s/it]
 38%|ΓûêΓûêΓûêΓûè      | 1138/3000 [29:38<41:02,  1.32s/it]
 38%|ΓûêΓûêΓûêΓûè      | 1139/3000 [29:39<41:08,  1.33s/it]
 38%|ΓûêΓûêΓûêΓûè      | 1140/3000 [29:42<47:36,  1.54s/it]
 38%|ΓûêΓûêΓûêΓûè      | 1141/3000 [29:42<41:27,  1.34s/it]
 38%|ΓûêΓûêΓûêΓûè      | 1142/3000 [29:44<48:16,  1.56s/it]
 38%|ΓûêΓûêΓûêΓûè      | 1143/3000 [29:46<48:10,  1.56s/it]
 38%|ΓûêΓûêΓûêΓûè      | 1144/3000 [29:47<44:37,  1.44s/it]
 38%|ΓûêΓûêΓûêΓûè      | 1145/3000 [29:49<52:07,  1.69s/it]
 38%|ΓûêΓûêΓûêΓûè      | 1146/3000 [29:51<49:57,  1.62s/it]
 38%|ΓûêΓûêΓûêΓûè      | 1147/3000 [29:53<52:38,  1.70s/it]
 38%|ΓûêΓûêΓûêΓûè      | 1148/3000 [29:54<51:49,  1.68s/it]
 38%|ΓûêΓûêΓûêΓûè      | 1149/3000 [29:57<58:52,  1.91s/it]
 38%|ΓûêΓûêΓûêΓûè      | 1150/3000 [29:58<51:23,  1.67s/it]
 38%|ΓûêΓûêΓûêΓûè      | 1151/3000 [30:00<55:45,  1.81s/it]
 38%|ΓûêΓûêΓûêΓûè      | 1152/3000 [30:01<49:44,  1.62s/it]
 38%|ΓûêΓûêΓûêΓûè      | 1153/3000 [30:02<45:21,  1.47s/it]
 38%|ΓûêΓûêΓûêΓûè      | 1154/3000 [30:03<38:55,  1.26s/it]
 38%|ΓûêΓûêΓûêΓûè      | 1155/3000 [30:04<36:46,  1.20s/it]
 39%|ΓûêΓûêΓûêΓûè      | 1156/3000 [30:10<1:16:59,  2.51s/it]
 39%|ΓûêΓûêΓûêΓûè      | 1157/3000 [30:11<1:04:21,  2.10s/it]
 39%|ΓûêΓûêΓûêΓûè      | 1158/3000 [30:12<58:35,  1.91s/it]  
 39%|ΓûêΓûêΓûêΓûè      | 1159/3000 [30:14<58:36,  1.91s/it]
 39%|ΓûêΓûêΓûêΓûè      | 1160/3000 [30:16<56:04,  1.83s/it]
 39%|ΓûêΓûêΓûêΓûè      | 1161/3000 [30:18<55:08,  1.80s/it]
 39%|ΓûêΓûêΓûêΓûè      | 1162/3000 [30:19<49:13,  1.61s/it]
 39%|ΓûêΓûêΓûêΓûë      | 1163/3000 [30:20<45:52,  1.50s/it]
 39%|ΓûêΓûêΓûêΓûë      | 1164/3000 [30:22<50:22,  1.65s/it]
 39%|ΓûêΓûêΓûêΓûë      | 1165/3000 [30:24<48:55,  1.60s/it]
 39%|ΓûêΓûêΓûêΓûë      | 1166/3000 [30:25<50:39,  1.66s/it]
 39%|ΓûêΓûêΓûêΓûë      | 1167/3000 [30:27<50:10,  1.64s/it]
 39%|ΓûêΓûêΓûêΓûë      | 1168/3000 [30:28<42:20,  1.39s/it]
 39%|ΓûêΓûêΓûêΓûë      | 1169/3000 [30:29<43:12,  1.42s/it]
 39%|ΓûêΓûêΓûêΓûë      | 1170/3000 [30:31<46:14,  1.52s/it]
 39%|ΓûêΓûêΓûêΓûë      | 1171/3000 [30:32<44:33,  1.46s/it]
 39%|ΓûêΓûêΓûêΓûë      | 1172/3000 [30:34<47:49,  1.57s/it]
 39%|ΓûêΓûêΓûêΓûë      | 1173/3000 [30:36<54:37,  1.79s/it]
 39%|ΓûêΓûêΓûêΓûë      | 1174/3000 [30:38<49:57,  1.64s/it]
 39%|ΓûêΓûêΓûêΓûë      | 1175/3000 [30:39<42:25,  1.40s/it]
 39%|ΓûêΓûêΓûêΓûë      | 1176/3000 [30:42<57:31,  1.89s/it]
 39%|ΓûêΓûêΓûêΓûë      | 1177/3000 [30:43<55:00,  1.81s/it]
 39%|ΓûêΓûêΓûêΓûë      | 1178/3000 [30:44<47:00,  1.55s/it]
 39%|ΓûêΓûêΓûêΓûë      | 1179/3000 [30:45<43:13,  1.42s/it]
 39%|ΓûêΓûêΓûêΓûë      | 1180/3000 [30:46<40:18,  1.33s/it]
 39%|ΓûêΓûêΓûêΓûë      | 1181/3000 [30:48<43:45,  1.44s/it]
 39%|ΓûêΓûêΓûêΓûë      | 1182/3000 [30:49<40:49,  1.35s/it]
 39%|ΓûêΓûêΓûêΓûë      | 1183/3000 [30:51<47:44,  1.58s/it]
 39%|ΓûêΓûêΓûêΓûë      | 1184/3000 [30:53<44:20,  1.47s/it]
 40%|ΓûêΓûêΓûêΓûë      | 1185/3000 [30:54<39:33,  1.31s/it]
 40%|ΓûêΓûêΓûêΓûë      | 1186/3000 [30:56<45:52,  1.52s/it]
 40%|ΓûêΓûêΓûêΓûë      | 1187/3000 [30:58<51:06,  1.69s/it]
 40%|ΓûêΓûêΓûêΓûë      | 1188/3000 [30:59<46:51,  1.55s/it]
 40%|ΓûêΓûêΓûêΓûë      | 1189/3000 [31:00<45:47,  1.52s/it]
 40%|ΓûêΓûêΓûêΓûë      | 1190/3000 [31:01<41:27,  1.37s/it]
 40%|ΓûêΓûêΓûêΓûë      | 1191/3000 [31:02<39:00,  1.29s/it]
 40%|ΓûêΓûêΓûêΓûë      | 1192/3000 [31:03<33:45,  1.12s/it]
 40%|ΓûêΓûêΓûêΓûë      | 1193/3000 [31:04<32:30,  1.08s/it]
 40%|ΓûêΓûêΓûêΓûë      | 1194/3000 [31:06<37:25,  1.24s/it]
 40%|ΓûêΓûêΓûêΓûë      | 1195/3000 [31:08<42:21,  1.41s/it]
 40%|ΓûêΓûêΓûêΓûë      | 1196/3000 [31:09<39:54,  1.33s/it]
 40%|ΓûêΓûêΓûêΓûë      | 1197/3000 [31:10<40:41,  1.35s/it]
 40%|ΓûêΓûêΓûêΓûë      | 1198/3000 [31:11<35:53,  1.19s/it]
 40%|ΓûêΓûêΓûêΓûë      | 1199/3000 [31:12<33:36,  1.12s/it]
 40%|ΓûêΓûêΓûêΓûê      | 1200/3000 [31:13<36:28,  1.22s/it]
 40%|ΓûêΓûêΓûêΓûê      | 1201/3000 [31:15<40:16,  1.34s/it]
 40%|ΓûêΓûêΓûêΓûê      | 1202/3000 [31:16<42:02,  1.40s/it]
 40%|ΓûêΓûêΓûêΓûê      | 1203/3000 [31:17<37:23,  1.25s/it]
 40%|ΓûêΓûêΓûêΓûê      | 1204/3000 [31:19<37:19,  1.25s/it]
 40%|ΓûêΓûêΓûêΓûê      | 1205/3000 [31:20<42:31,  1.42s/it]
 40%|ΓûêΓûêΓûêΓûê      | 1206/3000 [31:24<57:41,  1.93s/it]
 40%|ΓûêΓûêΓûêΓûê      | 1207/3000 [31:25<55:03,  1.84s/it]
 40%|ΓûêΓûêΓûêΓûê      | 1208/3000 [31:27<54:15,  1.82s/it]
 40%|ΓûêΓûêΓûêΓûê      | 1209/3000 [31:28<49:05,  1.64s/it]
 40%|ΓûêΓûêΓûêΓûê      | 1210/3000 [31:30<47:28,  1.59s/it]
 40%|ΓûêΓûêΓûêΓûê      | 1211/3000 [31:31<43:35,  1.46s/it]
 40%|ΓûêΓûêΓûêΓûê      | 1212/3000 [31:32<40:33,  1.36s/it]
 40%|ΓûêΓûêΓûêΓûê      | 1213/3000 [31:34<46:32,  1.56s/it]
 40%|ΓûêΓûêΓûêΓûê      | 1214/3000 [31:35<42:39,  1.43s/it]
 40%|ΓûêΓûêΓûêΓûê      | 1215/3000 [31:36<40:13,  1.35s/it]
 41%|ΓûêΓûêΓûêΓûê      | 1216/3000 [31:37<35:17,  1.19s/it]
 41%|ΓûêΓûêΓûêΓûê      | 1217/3000 [31:38<36:56,  1.24s/it]
 41%|ΓûêΓûêΓûêΓûê      | 1218/3000 [31:40<42:40,  1.44s/it]
 41%|ΓûêΓûêΓûêΓûê      | 1219/3000 [31:42<43:10,  1.45s/it]
 41%|ΓûêΓûêΓûêΓûê      | 1220/3000 [31:43<38:42,  1.30s/it]
 41%|ΓûêΓûêΓûêΓûê      | 1221/3000 [31:44<36:27,  1.23s/it]
 41%|ΓûêΓûêΓûêΓûê      | 1222/3000 [31:45<37:22,  1.26s/it]
 41%|ΓûêΓûêΓûêΓûê      | 1223/3000 [31:47<40:30,  1.37s/it]
 41%|ΓûêΓûêΓûêΓûê      | 1224/3000 [31:48<43:08,  1.46s/it]
 41%|ΓûêΓûêΓûêΓûê      | 1225/3000 [31:50<44:26,  1.50s/it]
 41%|ΓûêΓûêΓûêΓûê      | 1226/3000 [31:52<45:57,  1.55s/it]
 41%|ΓûêΓûêΓûêΓûê      | 1227/3000 [31:53<44:50,  1.52s/it]
 41%|ΓûêΓûêΓûêΓûê      | 1228/3000 [31:55<45:49,  1.55s/it]
 41%|ΓûêΓûêΓûêΓûê      | 1229/3000 [31:57<49:10,  1.67s/it]
 41%|ΓûêΓûêΓûêΓûê      | 1230/3000 [31:59<57:51,  1.96s/it]
 41%|ΓûêΓûêΓûêΓûê      | 1231/3000 [32:01<52:11,  1.77s/it]
 41%|ΓûêΓûêΓûêΓûê      | 1232/3000 [32:03<54:14,  1.84s/it]
 41%|ΓûêΓûêΓûêΓûê      | 1233/3000 [32:04<49:56,  1.70s/it]
 41%|ΓûêΓûêΓûêΓûê      | 1234/3000 [32:05<42:10,  1.43s/it]
 41%|ΓûêΓûêΓûêΓûê      | 1235/3000 [32:06<38:57,  1.32s/it]
 41%|ΓûêΓûêΓûêΓûê      | 1236/3000 [32:07<38:45,  1.32s/it]
 41%|ΓûêΓûêΓûêΓûê      | 1237/3000 [32:09<43:38,  1.49s/it]
 41%|ΓûêΓûêΓûêΓûêΓûÅ     | 1238/3000 [32:10<40:08,  1.37s/it]
 41%|ΓûêΓûêΓûêΓûêΓûÅ     | 1239/3000 [32:12<40:28,  1.38s/it]
 41%|ΓûêΓûêΓûêΓûêΓûÅ     | 1240/3000 [32:14<52:09,  1.78s/it]
 41%|ΓûêΓûêΓûêΓûêΓûÅ     | 1241/3000 [32:20<1:21:57,  2.80s/it]
 41%|ΓûêΓûêΓûêΓûêΓûÅ     | 1242/3000 [32:22<1:20:37,  2.75s/it]
 41%|ΓûêΓûêΓûêΓûêΓûÅ     | 1243/3000 [32:23<1:05:48,  2.25s/it]
 41%|ΓûêΓûêΓûêΓûêΓûÅ     | 1244/3000 [32:26<1:06:09,  2.26s/it]
 42%|ΓûêΓûêΓûêΓûêΓûÅ     | 1245/3000 [32:27<55:09,  1.89s/it]  
 42%|ΓûêΓûêΓûêΓûêΓûÅ     | 1246/3000 [32:30<1:07:11,  2.30s/it]
 42%|ΓûêΓûêΓûêΓûêΓûÅ     | 1247/3000 [32:33<1:10:34,  2.42s/it]
 42%|ΓûêΓûêΓûêΓûêΓûÅ     | 1248/3000 [32:34<1:03:40,  2.18s/it]
 42%|ΓûêΓûêΓûêΓûêΓûÅ     | 1249/3000 [32:35<56:07,  1.92s/it]  
 42%|ΓûêΓûêΓûêΓûêΓûÅ     | 1250/3000 [32:37<52:08,  1.79s/it]
 42%|ΓûêΓûêΓûêΓûêΓûÅ     | 1251/3000 [32:39<55:00,  1.89s/it]
 42%|ΓûêΓûêΓûêΓûêΓûÅ     | 1252/3000 [32:40<47:45,  1.64s/it]
 42%|ΓûêΓûêΓûêΓûêΓûÅ     | 1253/3000 [32:41<42:36,  1.46s/it]
 42%|ΓûêΓûêΓûêΓûêΓûÅ     | 1254/3000 [32:43<42:50,  1.47s/it]
 42%|ΓûêΓûêΓûêΓûêΓûÅ     | 1255/3000 [32:44<41:09,  1.42s/it]
 42%|ΓûêΓûêΓûêΓûêΓûÅ     | 1256/3000 [32:45<39:05,  1.35s/it]
 42%|ΓûêΓûêΓûêΓûêΓûÅ     | 1257/3000 [32:46<37:26,  1.29s/it]
 42%|ΓûêΓûêΓûêΓûêΓûÅ     | 1258/3000 [32:48<37:03,  1.28s/it]
 42%|ΓûêΓûêΓûêΓûêΓûÅ     | 1259/3000 [32:49<38:52,  1.34s/it]
 42%|ΓûêΓûêΓûêΓûêΓûÅ     | 1260/3000 [32:50<38:04,  1.31s/it]
 42%|ΓûêΓûêΓûêΓûêΓûÅ     | 1261/3000 [32:52<45:22,  1.57s/it]
 42%|ΓûêΓûêΓûêΓûêΓûÅ     | 1262/3000 [32:53<39:33,  1.37s/it]
 42%|ΓûêΓûêΓûêΓûêΓûÅ     | 1263/3000 [32:56<47:28,  1.64s/it]
 42%|ΓûêΓûêΓûêΓûêΓûÅ     | 1264/3000 [32:58<52:29,  1.81s/it]
 42%|ΓûêΓûêΓûêΓûêΓûÅ     | 1265/3000 [33:00<52:16,  1.81s/it]
 42%|ΓûêΓûêΓûêΓûêΓûÅ     | 1266/3000 [33:01<48:48,  1.69s/it]
 42%|ΓûêΓûêΓûêΓûêΓûÅ     | 1267/3000 [33:02<42:00,  1.45s/it]
 42%|ΓûêΓûêΓûêΓûêΓûÅ     | 1268/3000 [33:03<41:24,  1.43s/it]
 42%|ΓûêΓûêΓûêΓûêΓûÅ     | 1269/3000 [33:05<41:14,  1.43s/it]
 42%|ΓûêΓûêΓûêΓûêΓûÅ     | 1270/3000 [33:06<37:39,  1.31s/it]
 42%|ΓûêΓûêΓûêΓûêΓûÅ     | 1271/3000 [33:08<43:01,  1.49s/it]
 42%|ΓûêΓûêΓûêΓûêΓûÅ     | 1272/3000 [33:09<44:18,  1.54s/it]
 42%|ΓûêΓûêΓûêΓûêΓûÅ     | 1273/3000 [33:11<45:37,  1.59s/it]
 42%|ΓûêΓûêΓûêΓûêΓûÅ     | 1274/3000 [33:12<41:12,  1.43s/it]
 42%|ΓûêΓûêΓûêΓûêΓûÄ     | 1275/3000 [33:13<39:34,  1.38s/it]
 43%|ΓûêΓûêΓûêΓûêΓûÄ     | 1276/3000 [33:15<40:26,  1.41s/it]
 43%|ΓûêΓûêΓûêΓûêΓûÄ     | 1277/3000 [33:16<38:55,  1.36s/it]
 43%|ΓûêΓûêΓûêΓûêΓûÄ     | 1278/3000 [33:18<43:03,  1.50s/it]
 43%|ΓûêΓûêΓûêΓûêΓûÄ     | 1279/3000 [33:19<38:37,  1.35s/it]
 43%|ΓûêΓûêΓûêΓûêΓûÄ     | 1280/3000 [33:20<40:07,  1.40s/it]
 43%|ΓûêΓûêΓûêΓûêΓûÄ     | 1281/3000 [33:22<41:26,  1.45s/it]
 43%|ΓûêΓûêΓûêΓûêΓûÄ     | 1282/3000 [33:25<51:04,  1.78s/it]
 43%|ΓûêΓûêΓûêΓûêΓûÄ     | 1283/3000 [33:26<47:59,  1.68s/it]
 43%|ΓûêΓûêΓûêΓûêΓûÄ     | 1284/3000 [33:27<46:08,  1.61s/it]
 43%|ΓûêΓûêΓûêΓûêΓûÄ     | 1285/3000 [33:28<40:29,  1.42s/it]
 43%|ΓûêΓûêΓûêΓûêΓûÄ     | 1286/3000 [33:30<45:11,  1.58s/it]
 43%|ΓûêΓûêΓûêΓûêΓûÄ     | 1287/3000 [33:32<43:15,  1.51s/it]
 43%|ΓûêΓûêΓûêΓûêΓûÄ     | 1288/3000 [33:33<40:45,  1.43s/it]
 43%|ΓûêΓûêΓûêΓûêΓûÄ     | 1289/3000 [33:35<43:07,  1.51s/it]
 43%|ΓûêΓûêΓûêΓûêΓûÄ     | 1290/3000 [33:37<49:32,  1.74s/it]
 43%|ΓûêΓûêΓûêΓûêΓûÄ     | 1291/3000 [33:38<43:01,  1.51s/it]
 43%|ΓûêΓûêΓûêΓûêΓûÄ     | 1292/3000 [33:39<39:32,  1.39s/it]
 43%|ΓûêΓûêΓûêΓûêΓûÄ     | 1293/3000 [33:40<39:45,  1.40s/it]
 43%|ΓûêΓûêΓûêΓûêΓûÄ     | 1294/3000 [33:42<44:07,  1.55s/it]
 43%|ΓûêΓûêΓûêΓûêΓûÄ     | 1295/3000 [33:43<39:50,  1.40s/it]
 43%|ΓûêΓûêΓûêΓûêΓûÄ     | 1296/3000 [33:45<43:54,  1.55s/it]
 43%|ΓûêΓûêΓûêΓûêΓûÄ     | 1297/3000 [33:47<42:01,  1.48s/it]
 43%|ΓûêΓûêΓûêΓûêΓûÄ     | 1298/3000 [33:49<50:30,  1.78s/it]
 43%|ΓûêΓûêΓûêΓûêΓûÄ     | 1299/3000 [33:51<53:03,  1.87s/it]
 43%|ΓûêΓûêΓûêΓûêΓûÄ     | 1300/3000 [33:53<50:02,  1.77s/it]
 43%|ΓûêΓûêΓûêΓûêΓûÄ     | 1301/3000 [33:54<45:11,  1.60s/it]
 43%|ΓûêΓûêΓûêΓûêΓûÄ     | 1302/3000 [33:55<43:57,  1.55s/it]
 43%|ΓûêΓûêΓûêΓûêΓûÄ     | 1303/3000 [33:57<47:15,  1.67s/it]
 43%|ΓûêΓûêΓûêΓûêΓûÄ     | 1304/3000 [34:00<54:46,  1.94s/it]
 44%|ΓûêΓûêΓûêΓûêΓûÄ     | 1305/3000 [34:05<1:18:48,  2.79s/it]
 44%|ΓûêΓûêΓûêΓûêΓûÄ     | 1306/3000 [34:07<1:11:56,  2.55s/it]
 44%|ΓûêΓûêΓûêΓûêΓûÄ     | 1307/3000 [34:08<1:05:31,  2.32s/it]
 44%|ΓûêΓûêΓûêΓûêΓûÄ     | 1308/3000 [34:11<1:06:10,  2.35s/it]
 44%|ΓûêΓûêΓûêΓûêΓûÄ     | 1309/3000 [34:12<56:34,  2.01s/it]  
 44%|ΓûêΓûêΓûêΓûêΓûÄ     | 1310/3000 [34:13<46:27,  1.65s/it]
 44%|ΓûêΓûêΓûêΓûêΓûÄ     | 1311/3000 [34:14<41:27,  1.47s/it]
 44%|ΓûêΓûêΓûêΓûêΓûÄ     | 1312/3000 [34:17<52:15,  1.86s/it]
 44%|ΓûêΓûêΓûêΓûêΓûì     | 1313/3000 [34:18<50:54,  1.81s/it]
 44%|ΓûêΓûêΓûêΓûêΓûì     | 1314/3000 [34:20<52:44,  1.88s/it]
 44%|ΓûêΓûêΓûêΓûêΓûì     | 1315/3000 [34:22<51:16,  1.83s/it]
 44%|ΓûêΓûêΓûêΓûêΓûì     | 1316/3000 [34:23<43:05,  1.54s/it]
 44%|ΓûêΓûêΓûêΓûêΓûì     | 1317/3000 [34:25<48:13,  1.72s/it]
 44%|ΓûêΓûêΓûêΓûêΓûì     | 1318/3000 [34:26<40:54,  1.46s/it]
 44%|ΓûêΓûêΓûêΓûêΓûì     | 1319/3000 [34:27<38:19,  1.37s/it]
 44%|ΓûêΓûêΓûêΓûêΓûì     | 1320/3000 [34:28<33:38,  1.20s/it]
 44%|ΓûêΓûêΓûêΓûêΓûì     | 1321/3000 [34:30<40:20,  1.44s/it]
 44%|ΓûêΓûêΓûêΓûêΓûì     | 1322/3000 [34:31<38:41,  1.38s/it]
 44%|ΓûêΓûêΓûêΓûêΓûì     | 1323/3000 [34:33<42:38,  1.53s/it]
 44%|ΓûêΓûêΓûêΓûêΓûì     | 1324/3000 [34:35<43:39,  1.56s/it]
 44%|ΓûêΓûêΓûêΓûêΓûì     | 1325/3000 [34:36<45:33,  1.63s/it]
 44%|ΓûêΓûêΓûêΓûêΓûì     | 1326/3000 [34:39<52:30,  1.88s/it]
 44%|ΓûêΓûêΓûêΓûêΓûì     | 1327/3000 [34:41<51:29,  1.85s/it]
 44%|ΓûêΓûêΓûêΓûêΓûì     | 1328/3000 [34:45<1:10:09,  2.52s/it]
 44%|ΓûêΓûêΓûêΓûêΓûì     | 1329/3000 [34:47<1:06:45,  2.40s/it]
 44%|ΓûêΓûêΓûêΓûêΓûì     | 1330/3000 [34:48<56:08,  2.02s/it]  
 44%|ΓûêΓûêΓûêΓûêΓûì     | 1331/3000 [34:49<47:50,  1.72s/it]
 44%|ΓûêΓûêΓûêΓûêΓûì     | 1332/3000 [34:50<42:17,  1.52s/it]
 44%|ΓûêΓûêΓûêΓûêΓûì     | 1333/3000 [34:52<41:33,  1.50s/it]
 44%|ΓûêΓûêΓûêΓûêΓûì     | 1334/3000 [34:54<45:50,  1.65s/it]
 44%|ΓûêΓûêΓûêΓûêΓûì     | 1335/3000 [34:55<40:17,  1.45s/it]
 45%|ΓûêΓûêΓûêΓûêΓûì     | 1336/3000 [34:56<37:08,  1.34s/it]
 45%|ΓûêΓûêΓûêΓûêΓûì     | 1337/3000 [34:58<42:32,  1.53s/it]
 45%|ΓûêΓûêΓûêΓûêΓûì     | 1338/3000 [35:00<50:17,  1.82s/it]
 45%|ΓûêΓûêΓûêΓûêΓûì     | 1339/3000 [35:01<43:44,  1.58s/it]
 45%|ΓûêΓûêΓûêΓûêΓûì     | 1340/3000 [35:03<43:04,  1.56s/it]
 45%|ΓûêΓûêΓûêΓûêΓûì     | 1341/3000 [35:04<39:35,  1.43s/it]
 45%|ΓûêΓûêΓûêΓûêΓûì     | 1342/3000 [35:06<44:35,  1.61s/it]
 45%|ΓûêΓûêΓûêΓûêΓûì     | 1343/3000 [35:08<51:03,  1.85s/it]
 45%|ΓûêΓûêΓûêΓûêΓûì     | 1344/3000 [35:10<46:50,  1.70s/it]
 45%|ΓûêΓûêΓûêΓûêΓûì     | 1345/3000 [35:11<46:41,  1.69s/it]
 45%|ΓûêΓûêΓûêΓûêΓûì     | 1346/3000 [35:13<45:29,  1.65s/it]
 45%|ΓûêΓûêΓûêΓûêΓûì     | 1347/3000 [35:15<46:36,  1.69s/it]
 45%|ΓûêΓûêΓûêΓûêΓûì     | 1348/3000 [35:16<42:50,  1.56s/it]
 45%|ΓûêΓûêΓûêΓûêΓûì     | 1349/3000 [35:18<46:17,  1.68s/it]
 45%|ΓûêΓûêΓûêΓûêΓûî     | 1350/3000 [35:19<43:39,  1.59s/it]
 45%|ΓûêΓûêΓûêΓûêΓûî     | 1351/3000 [35:21<45:24,  1.65s/it]
 45%|ΓûêΓûêΓûêΓûêΓûî     | 1352/3000 [35:22<41:41,  1.52s/it]
 45%|ΓûêΓûêΓûêΓûêΓûî     | 1353/3000 [35:23<37:35,  1.37s/it]
 45%|ΓûêΓûêΓûêΓûêΓûî     | 1354/3000 [35:24<33:09,  1.21s/it]
 45%|ΓûêΓûêΓûêΓûêΓûî     | 1355/3000 [35:26<38:49,  1.42s/it]
 45%|ΓûêΓûêΓûêΓûêΓûî     | 1356/3000 [35:28<41:13,  1.50s/it]
 45%|ΓûêΓûêΓûêΓûêΓûî     | 1357/3000 [35:30<47:18,  1.73s/it]
 45%|ΓûêΓûêΓûêΓûêΓûî     | 1358/3000 [35:31<42:10,  1.54s/it]
 45%|ΓûêΓûêΓûêΓûêΓûî     | 1359/3000 [35:32<36:38,  1.34s/it]
 45%|ΓûêΓûêΓûêΓûêΓûî     | 1360/3000 [35:33<33:51,  1.24s/it]
 45%|ΓûêΓûêΓûêΓûêΓûî     | 1361/3000 [35:35<39:31,  1.45s/it]
 45%|ΓûêΓûêΓûêΓûêΓûî     | 1362/3000 [35:36<39:41,  1.45s/it]
 45%|ΓûêΓûêΓûêΓûêΓûî     | 1363/3000 [35:38<42:54,  1.57s/it]
 45%|ΓûêΓûêΓûêΓûêΓûî     | 1364/3000 [35:40<46:53,  1.72s/it]
 46%|ΓûêΓûêΓûêΓûêΓûî     | 1365/3000 [35:42<46:32,  1.71s/it]
 46%|ΓûêΓûêΓûêΓûêΓûî     | 1366/3000 [35:44<50:17,  1.85s/it]
 46%|ΓûêΓûêΓûêΓûêΓûî     | 1367/3000 [35:45<42:22,  1.56s/it]
 46%|ΓûêΓûêΓûêΓûêΓûî     | 1368/3000 [35:46<36:08,  1.33s/it]
 46%|ΓûêΓûêΓûêΓûêΓûî     | 1369/3000 [35:48<47:19,  1.74s/it]
 46%|ΓûêΓûêΓûêΓûêΓûî     | 1370/3000 [35:49<41:22,  1.52s/it]
 46%|ΓûêΓûêΓûêΓûêΓûî     | 1371/3000 [35:50<37:16,  1.37s/it]
 46%|ΓûêΓûêΓûêΓûêΓûî     | 1372/3000 [35:52<40:16,  1.48s/it]
 46%|ΓûêΓûêΓûêΓûêΓûî     | 1373/3000 [35:53<38:42,  1.43s/it]
 46%|ΓûêΓûêΓûêΓûêΓûî     | 1374/3000 [35:54<35:27,  1.31s/it]
 46%|ΓûêΓûêΓûêΓûêΓûî     | 1375/3000 [35:56<39:42,  1.47s/it]
 46%|ΓûêΓûêΓûêΓûêΓûî     | 1376/3000 [35:58<44:43,  1.65s/it]
 46%|ΓûêΓûêΓûêΓûêΓûî     | 1377/3000 [36:00<41:00,  1.52s/it]
 46%|ΓûêΓûêΓûêΓûêΓûî     | 1378/3000 [36:01<41:42,  1.54s/it]
 46%|ΓûêΓûêΓûêΓûêΓûî     | 1379/3000 [36:03<40:33,  1.50s/it]
 46%|ΓûêΓûêΓûêΓûêΓûî     | 1380/3000 [36:04<37:48,  1.40s/it]
 46%|ΓûêΓûêΓûêΓûêΓûî     | 1381/3000 [36:05<36:18,  1.35s/it]
 46%|ΓûêΓûêΓûêΓûêΓûî     | 1382/3000 [36:06<35:15,  1.31s/it]
 46%|ΓûêΓûêΓûêΓûêΓûî     | 1383/3000 [36:09<44:51,  1.66s/it]
 46%|ΓûêΓûêΓûêΓûêΓûî     | 1384/3000 [36:10<40:35,  1.51s/it]
 46%|ΓûêΓûêΓûêΓûêΓûî     | 1385/3000 [36:11<40:35,  1.51s/it]
 46%|ΓûêΓûêΓûêΓûêΓûî     | 1386/3000 [36:14<51:43,  1.92s/it]
 46%|ΓûêΓûêΓûêΓûêΓûî     | 1387/3000 [36:16<47:41,  1.77s/it]
 46%|ΓûêΓûêΓûêΓûêΓûï     | 1388/3000 [36:17<40:37,  1.51s/it]
 46%|ΓûêΓûêΓûêΓûêΓûï     | 1389/3000 [36:18<40:03,  1.49s/it]
 46%|ΓûêΓûêΓûêΓûêΓûï     | 1390/3000 [36:20<42:04,  1.57s/it]
 46%|ΓûêΓûêΓûêΓûêΓûï     | 1391/3000 [36:21<40:06,  1.50s/it]
 46%|ΓûêΓûêΓûêΓûêΓûï     | 1392/3000 [36:23<41:54,  1.56s/it]
 46%|ΓûêΓûêΓûêΓûêΓûï     | 1393/3000 [36:24<41:07,  1.54s/it]
 46%|ΓûêΓûêΓûêΓûêΓûï     | 1394/3000 [36:26<45:44,  1.71s/it]
 46%|ΓûêΓûêΓûêΓûêΓûï     | 1395/3000 [36:28<42:18,  1.58s/it]
 47%|ΓûêΓûêΓûêΓûêΓûï     | 1396/3000 [36:30<47:50,  1.79s/it]
 47%|ΓûêΓûêΓûêΓûêΓûï     | 1397/3000 [36:31<41:00,  1.54s/it]
 47%|ΓûêΓûêΓûêΓûêΓûï     | 1398/3000 [36:32<38:36,  1.45s/it]
 47%|ΓûêΓûêΓûêΓûêΓûï     | 1399/3000 [36:34<38:12,  1.43s/it]
 47%|ΓûêΓûêΓûêΓûêΓûï     | 1400/3000 [36:35<39:24,  1.48s/it]
 47%|ΓûêΓûêΓûêΓûêΓûï     | 1401/3000 [36:36<36:25,  1.37s/it]
 47%|ΓûêΓûêΓûêΓûêΓûï     | 1402/3000 [36:38<38:11,  1.43s/it]
 47%|ΓûêΓûêΓûêΓûêΓûï     | 1403/3000 [36:39<38:41,  1.45s/it]
 47%|ΓûêΓûêΓûêΓûêΓûï     | 1404/3000 [36:41<37:24,  1.41s/it]
 47%|ΓûêΓûêΓûêΓûêΓûï     | 1405/3000 [36:42<37:56,  1.43s/it]
 47%|ΓûêΓûêΓûêΓûêΓûï     | 1406/3000 [36:43<33:59,  1.28s/it]
 47%|ΓûêΓûêΓûêΓûêΓûï     | 1407/3000 [36:44<33:57,  1.28s/it]
 47%|ΓûêΓûêΓûêΓûêΓûï     | 1408/3000 [36:45<31:19,  1.18s/it]
 47%|ΓûêΓûêΓûêΓûêΓûï     | 1409/3000 [36:47<33:49,  1.28s/it]
 47%|ΓûêΓûêΓûêΓûêΓûï     | 1410/3000 [36:49<43:15,  1.63s/it]
 47%|ΓûêΓûêΓûêΓûêΓûï     | 1411/3000 [36:51<43:00,  1.62s/it]
 47%|ΓûêΓûêΓûêΓûêΓûï     | 1412/3000 [36:52<37:38,  1.42s/it]
 47%|ΓûêΓûêΓûêΓûêΓûï     | 1413/3000 [36:53<33:44,  1.28s/it]
 47%|ΓûêΓûêΓûêΓûêΓûï     | 1414/3000 [36:54<34:16,  1.30s/it]
 47%|ΓûêΓûêΓûêΓûêΓûï     | 1415/3000 [36:56<39:10,  1.48s/it]
 47%|ΓûêΓûêΓûêΓûêΓûï     | 1416/3000 [36:57<39:12,  1.48s/it]
 47%|ΓûêΓûêΓûêΓûêΓûï     | 1417/3000 [36:59<36:26,  1.38s/it]
 47%|ΓûêΓûêΓûêΓûêΓûï     | 1418/3000 [37:02<55:57,  2.12s/it]
 47%|ΓûêΓûêΓûêΓûêΓûï     | 1419/3000 [37:04<50:39,  1.92s/it]
 47%|ΓûêΓûêΓûêΓûêΓûï     | 1420/3000 [37:05<42:57,  1.63s/it]
 47%|ΓûêΓûêΓûêΓûêΓûï     | 1421/3000 [37:07<43:29,  1.65s/it]
 47%|ΓûêΓûêΓûêΓûêΓûï     | 1422/3000 [37:08<40:40,  1.55s/it]
 47%|ΓûêΓûêΓûêΓûêΓûï     | 1423/3000 [37:09<38:15,  1.46s/it]
 47%|ΓûêΓûêΓûêΓûêΓûï     | 1424/3000 [37:11<38:20,  1.46s/it]
 48%|ΓûêΓûêΓûêΓûêΓûè     | 1425/3000 [37:12<38:36,  1.47s/it]
 48%|ΓûêΓûêΓûêΓûêΓûè     | 1426/3000 [37:14<38:14,  1.46s/it]
 48%|ΓûêΓûêΓûêΓûêΓûè     | 1427/3000 [37:16<45:02,  1.72s/it]
 48%|ΓûêΓûêΓûêΓûêΓûè     | 1428/3000 [37:17<43:46,  1.67s/it]
 48%|ΓûêΓûêΓûêΓûêΓûè     | 1429/3000 [37:19<42:41,  1.63s/it]
 48%|ΓûêΓûêΓûêΓûêΓûè     | 1430/3000 [37:21<43:48,  1.67s/it]
 48%|ΓûêΓûêΓûêΓûêΓûè     | 1431/3000 [37:23<46:07,  1.76s/it]
 48%|ΓûêΓûêΓûêΓûêΓûè     | 1432/3000 [37:24<45:20,  1.74s/it]
 48%|ΓûêΓûêΓûêΓûêΓûè     | 1433/3000 [37:25<39:28,  1.51s/it]
 48%|ΓûêΓûêΓûêΓûêΓûè     | 1434/3000 [37:27<37:39,  1.44s/it]
 48%|ΓûêΓûêΓûêΓûêΓûè     | 1435/3000 [37:28<40:07,  1.54s/it]
 48%|ΓûêΓûêΓûêΓûêΓûè     | 1436/3000 [37:30<39:45,  1.53s/it]
 48%|ΓûêΓûêΓûêΓûêΓûè     | 1437/3000 [37:32<46:40,  1.79s/it]
 48%|ΓûêΓûêΓûêΓûêΓûè     | 1438/3000 [37:33<39:13,  1.51s/it]
 48%|ΓûêΓûêΓûêΓûêΓûè     | 1439/3000 [37:35<41:03,  1.58s/it]
 48%|ΓûêΓûêΓûêΓûêΓûè     | 1440/3000 [37:37<44:24,  1.71s/it]
 48%|ΓûêΓûêΓûêΓûêΓûè     | 1441/3000 [37:39<46:17,  1.78s/it]
 48%|ΓûêΓûêΓûêΓûêΓûè     | 1442/3000 [37:40<41:53,  1.61s/it]
 48%|ΓûêΓûêΓûêΓûêΓûè     | 1443/3000 [37:42<42:40,  1.64s/it]
 48%|ΓûêΓûêΓûêΓûêΓûè     | 1444/3000 [37:43<39:23,  1.52s/it]
 48%|ΓûêΓûêΓûêΓûêΓûè     | 1445/3000 [37:45<39:22,  1.52s/it]
 48%|ΓûêΓûêΓûêΓûêΓûè     | 1446/3000 [37:46<39:46,  1.54s/it]
 48%|ΓûêΓûêΓûêΓûêΓûè     | 1447/3000 [37:49<48:31,  1.87s/it]
 48%|ΓûêΓûêΓûêΓûêΓûè     | 1448/3000 [37:50<44:25,  1.72s/it]
 48%|ΓûêΓûêΓûêΓûêΓûè     | 1449/3000 [37:52<41:49,  1.62s/it]
 48%|ΓûêΓûêΓûêΓûêΓûè     | 1450/3000 [37:53<43:12,  1.67s/it]
 48%|ΓûêΓûêΓûêΓûêΓûè     | 1451/3000 [37:55<40:22,  1.56s/it]
 48%|ΓûêΓûêΓûêΓûêΓûè     | 1452/3000 [37:56<37:30,  1.45s/it]
 48%|ΓûêΓûêΓûêΓûêΓûè     | 1453/3000 [37:57<38:33,  1.50s/it]
 48%|ΓûêΓûêΓûêΓûêΓûè     | 1454/3000 [37:59<36:17,  1.41s/it]
 48%|ΓûêΓûêΓûêΓûêΓûè     | 1455/3000 [38:00<35:38,  1.38s/it]
 49%|ΓûêΓûêΓûêΓûêΓûè     | 1456/3000 [38:01<33:57,  1.32s/it]
 49%|ΓûêΓûêΓûêΓûêΓûè     | 1457/3000 [38:02<31:21,  1.22s/it]
 49%|ΓûêΓûêΓûêΓûêΓûè     | 1458/3000 [38:04<33:44,  1.31s/it]
 49%|ΓûêΓûêΓûêΓûêΓûè     | 1459/3000 [38:05<33:56,  1.32s/it]
 49%|ΓûêΓûêΓûêΓûêΓûè     | 1460/3000 [38:06<32:48,  1.28s/it]
 49%|ΓûêΓûêΓûêΓûêΓûè     | 1461/3000 [38:08<39:27,  1.54s/it]
 49%|ΓûêΓûêΓûêΓûêΓûè     | 1462/3000 [38:10<43:12,  1.69s/it]
 49%|ΓûêΓûêΓûêΓûêΓûë     | 1463/3000 [38:12<45:11,  1.76s/it]
 49%|ΓûêΓûêΓûêΓûêΓûë     | 1464/3000 [38:14<42:25,  1.66s/it]
 49%|ΓûêΓûêΓûêΓûêΓûë     | 1465/3000 [38:15<36:13,  1.42s/it]
 49%|ΓûêΓûêΓûêΓûêΓûë     | 1466/3000 [38:16<35:01,  1.37s/it]
 49%|ΓûêΓûêΓûêΓûêΓûë     | 1467/3000 [38:18<41:46,  1.63s/it]
 49%|ΓûêΓûêΓûêΓûêΓûë     | 1468/3000 [38:20<42:04,  1.65s/it]
 49%|ΓûêΓûêΓûêΓûêΓûë     | 1469/3000 [38:21<37:18,  1.46s/it]
 49%|ΓûêΓûêΓûêΓûêΓûë     | 1470/3000 [38:22<38:17,  1.50s/it]
 49%|ΓûêΓûêΓûêΓûêΓûë     | 1471/3000 [38:25<47:21,  1.86s/it]
 49%|ΓûêΓûêΓûêΓûêΓûë     | 1472/3000 [38:26<42:29,  1.67s/it]
 49%|ΓûêΓûêΓûêΓûêΓûë     | 1473/3000 [38:28<43:01,  1.69s/it]
 49%|ΓûêΓûêΓûêΓûêΓûë     | 1474/3000 [38:29<38:16,  1.50s/it]
 49%|ΓûêΓûêΓûêΓûêΓûë     | 1475/3000 [38:31<39:23,  1.55s/it]
 49%|ΓûêΓûêΓûêΓûêΓûë     | 1476/3000 [38:33<44:28,  1.75s/it]
 49%|ΓûêΓûêΓûêΓûêΓûë     | 1477/3000 [38:34<41:52,  1.65s/it]
 49%|ΓûêΓûêΓûêΓûêΓûë     | 1478/3000 [38:35<36:12,  1.43s/it]
 49%|ΓûêΓûêΓûêΓûêΓûë     | 1479/3000 [38:39<56:41,  2.24s/it]
 49%|ΓûêΓûêΓûêΓûêΓûë     | 1480/3000 [38:41<50:00,  1.97s/it]
 49%|ΓûêΓûêΓûêΓûêΓûë     | 1481/3000 [38:43<49:21,  1.95s/it]
 49%|ΓûêΓûêΓûêΓûêΓûë     | 1482/3000 [38:44<46:20,  1.83s/it]
 49%|ΓûêΓûêΓûêΓûêΓûë     | 1483/3000 [38:46<45:03,  1.78s/it]
 49%|ΓûêΓûêΓûêΓûêΓûë     | 1484/3000 [38:48<44:00,  1.74s/it]
 50%|ΓûêΓûêΓûêΓûêΓûë     | 1485/3000 [38:49<42:41,  1.69s/it]
 50%|ΓûêΓûêΓûêΓûêΓûë     | 1486/3000 [38:50<39:58,  1.58s/it]
 50%|ΓûêΓûêΓûêΓûêΓûë     | 1487/3000 [38:51<34:53,  1.38s/it]
 50%|ΓûêΓûêΓûêΓûêΓûë     | 1488/3000 [38:53<40:09,  1.59s/it]
 50%|ΓûêΓûêΓûêΓûêΓûë     | 1489/3000 [38:56<44:23,  1.76s/it]
 50%|ΓûêΓûêΓûêΓûêΓûë     | 1490/3000 [38:58<49:58,  1.99s/it]
 50%|ΓûêΓûêΓûêΓûêΓûë     | 1491/3000 [38:59<43:24,  1.73s/it]
 50%|ΓûêΓûêΓûêΓûêΓûë     | 1492/3000 [39:01<42:56,  1.71s/it]
 50%|ΓûêΓûêΓûêΓûêΓûë     | 1493/3000 [39:02<39:53,  1.59s/it]
 50%|ΓûêΓûêΓûêΓûêΓûë     | 1494/3000 [39:03<35:13,  1.40s/it]
 50%|ΓûêΓûêΓûêΓûêΓûë     | 1495/3000 [39:06<42:20,  1.69s/it]
 50%|ΓûêΓûêΓûêΓûêΓûë     | 1496/3000 [39:06<35:59,  1.44s/it]
 50%|ΓûêΓûêΓûêΓûêΓûë     | 1497/3000 [39:08<37:49,  1.51s/it]
 50%|ΓûêΓûêΓûêΓûêΓûë     | 1498/3000 [39:09<34:14,  1.37s/it]
 50%|ΓûêΓûêΓûêΓûêΓûë     | 1499/3000 [39:11<40:13,  1.61s/it]
 50%|ΓûêΓûêΓûêΓûêΓûê     | 1500/3000 [39:12<34:18,  1.37s/it]
 50%|ΓûêΓûêΓûêΓûêΓûê     | 1501/3000 [39:14<41:37,  1.67s/it]
 50%|ΓûêΓûêΓûêΓûêΓûê     | 1502/3000 [39:17<45:25,  1.82s/it]
 50%|ΓûêΓûêΓûêΓûêΓûê     | 1503/3000 [39:19<46:31,  1.86s/it]
 50%|ΓûêΓûêΓûêΓûêΓûê     | 1504/3000 [39:19<38:50,  1.56s/it]
 50%|ΓûêΓûêΓûêΓûêΓûê     | 1505/3000 [39:20<35:04,  1.41s/it]
 50%|ΓûêΓûêΓûêΓûêΓûê     | 1506/3000 [39:22<38:06,  1.53s/it]
 50%|ΓûêΓûêΓûêΓûêΓûê     | 1507/3000 [39:24<39:34,  1.59s/it]
 50%|ΓûêΓûêΓûêΓûêΓûê     | 1508/3000 [39:26<40:58,  1.65s/it]
 50%|ΓûêΓûêΓûêΓûêΓûê     | 1509/3000 [39:29<54:39,  2.20s/it]
 50%|ΓûêΓûêΓûêΓûêΓûê     | 1510/3000 [39:31<51:12,  2.06s/it]
 50%|ΓûêΓûêΓûêΓûêΓûê     | 1511/3000 [39:32<44:42,  1.80s/it]
 50%|ΓûêΓûêΓûêΓûêΓûê     | 1512/3000 [39:33<38:37,  1.56s/it]
 50%|ΓûêΓûêΓûêΓûêΓûê     | 1513/3000 [39:36<44:09,  1.78s/it]
 50%|ΓûêΓûêΓûêΓûêΓûê     | 1514/3000 [39:38<53:08,  2.15s/it]
 50%|ΓûêΓûêΓûêΓûêΓûê     | 1515/3000 [39:40<50:01,  2.02s/it]
 51%|ΓûêΓûêΓûêΓûêΓûê     | 1516/3000 [39:41<41:09,  1.66s/it]
 51%|ΓûêΓûêΓûêΓûêΓûê     | 1517/3000 [39:43<40:21,  1.63s/it]
 51%|ΓûêΓûêΓûêΓûêΓûê     | 1518/3000 [39:45<43:02,  1.74s/it]
 51%|ΓûêΓûêΓûêΓûêΓûê     | 1519/3000 [39:47<47:12,  1.91s/it]
 51%|ΓûêΓûêΓûêΓûêΓûê     | 1520/3000 [39:49<45:01,  1.83s/it]
 51%|ΓûêΓûêΓûêΓûêΓûê     | 1521/3000 [39:51<47:04,  1.91s/it]
 51%|ΓûêΓûêΓûêΓûêΓûê     | 1522/3000 [39:52<41:54,  1.70s/it]
 51%|ΓûêΓûêΓûêΓûêΓûê     | 1523/3000 [39:53<35:23,  1.44s/it]
 51%|ΓûêΓûêΓûêΓûêΓûê     | 1524/3000 [39:53<30:28,  1.24s/it]
 51%|ΓûêΓûêΓûêΓûêΓûê     | 1525/3000 [39:54<28:41,  1.17s/it]
 51%|ΓûêΓûêΓûêΓûêΓûê     | 1526/3000 [39:56<35:00,  1.43s/it]
 51%|ΓûêΓûêΓûêΓûêΓûê     | 1527/3000 [39:58<39:09,  1.60s/it]
 51%|ΓûêΓûêΓûêΓûêΓûê     | 1528/3000 [40:00<38:07,  1.55s/it]
 51%|ΓûêΓûêΓûêΓûêΓûê     | 1529/3000 [40:01<34:56,  1.43s/it]
 51%|ΓûêΓûêΓûêΓûêΓûê     | 1530/3000 [40:02<34:44,  1.42s/it]
 51%|ΓûêΓûêΓûêΓûêΓûê     | 1531/3000 [40:03<31:44,  1.30s/it]
 51%|ΓûêΓûêΓûêΓûêΓûê     | 1532/3000 [40:05<30:13,  1.24s/it]
 51%|ΓûêΓûêΓûêΓûêΓûê     | 1533/3000 [40:06<29:48,  1.22s/it]
 51%|ΓûêΓûêΓûêΓûêΓûê     | 1534/3000 [40:08<34:40,  1.42s/it]
 51%|ΓûêΓûêΓûêΓûêΓûê     | 1535/3000 [40:08<30:31,  1.25s/it]
 51%|ΓûêΓûêΓûêΓûêΓûê     | 1536/3000 [40:10<33:38,  1.38s/it]
 51%|ΓûêΓûêΓûêΓûêΓûê     | 1537/3000 [40:11<32:38,  1.34s/it]
 51%|ΓûêΓûêΓûêΓûêΓûêΓûÅ    | 1538/3000 [40:15<46:35,  1.91s/it]
 51%|ΓûêΓûêΓûêΓûêΓûêΓûÅ    | 1539/3000 [40:17<48:49,  2.01s/it]
 51%|ΓûêΓûêΓûêΓûêΓûêΓûÅ    | 1540/3000 [40:18<44:40,  1.84s/it]
 51%|ΓûêΓûêΓûêΓûêΓûêΓûÅ    | 1541/3000 [40:21<47:05,  1.94s/it]
 51%|ΓûêΓûêΓûêΓûêΓûêΓûÅ    | 1542/3000 [40:22<45:07,  1.86s/it]
 51%|ΓûêΓûêΓûêΓûêΓûêΓûÅ    | 1543/3000 [40:24<45:21,  1.87s/it]
 51%|ΓûêΓûêΓûêΓûêΓûêΓûÅ    | 1544/3000 [40:26<42:07,  1.74s/it]
 52%|ΓûêΓûêΓûêΓûêΓûêΓûÅ    | 1545/3000 [40:28<47:20,  1.95s/it]
 52%|ΓûêΓûêΓûêΓûêΓûêΓûÅ    | 1546/3000 [40:29<40:10,  1.66s/it]
 52%|ΓûêΓûêΓûêΓûêΓûêΓûÅ    | 1547/3000 [40:30<34:15,  1.41s/it]
 52%|ΓûêΓûêΓûêΓûêΓûêΓûÅ    | 1548/3000 [40:31<34:56,  1.44s/it]
 52%|ΓûêΓûêΓûêΓûêΓûêΓûÅ    | 1549/3000 [40:33<34:58,  1.45s/it]
 52%|ΓûêΓûêΓûêΓûêΓûêΓûÅ    | 1550/3000 [40:34<34:16,  1.42s/it]
 52%|ΓûêΓûêΓûêΓûêΓûêΓûÅ    | 1551/3000 [40:35<32:44,  1.36s/it]
 52%|ΓûêΓûêΓûêΓûêΓûêΓûÅ    | 1552/3000 [40:38<44:13,  1.83s/it]
 52%|ΓûêΓûêΓûêΓûêΓûêΓûÅ    | 1553/3000 [40:39<39:39,  1.64s/it]
 52%|ΓûêΓûêΓûêΓûêΓûêΓûÅ    | 1554/3000 [40:40<33:41,  1.40s/it]
 52%|ΓûêΓûêΓûêΓûêΓûêΓûÅ    | 1555/3000 [40:41<30:55,  1.28s/it]
 52%|ΓûêΓûêΓûêΓûêΓûêΓûÅ    | 1556/3000 [40:43<32:57,  1.37s/it]
 52%|ΓûêΓûêΓûêΓûêΓûêΓûÅ    | 1557/3000 [40:44<34:46,  1.45s/it]
 52%|ΓûêΓûêΓûêΓûêΓûêΓûÅ    | 1558/3000 [40:46<34:12,  1.42s/it]
 52%|ΓûêΓûêΓûêΓûêΓûêΓûÅ    | 1559/3000 [40:47<31:01,  1.29s/it]
 52%|ΓûêΓûêΓûêΓûêΓûêΓûÅ    | 1560/3000 [40:49<35:56,  1.50s/it]
 52%|ΓûêΓûêΓûêΓûêΓûêΓûÅ    | 1561/3000 [40:50<31:04,  1.30s/it]
 52%|ΓûêΓûêΓûêΓûêΓûêΓûÅ    | 1562/3000 [40:52<37:24,  1.56s/it]
 52%|ΓûêΓûêΓûêΓûêΓûêΓûÅ    | 1563/3000 [40:53<35:55,  1.50s/it]
 52%|ΓûêΓûêΓûêΓûêΓûêΓûÅ    | 1564/3000 [40:55<35:00,  1.46s/it]
 52%|ΓûêΓûêΓûêΓûêΓûêΓûÅ    | 1565/3000 [40:56<35:28,  1.48s/it]
 52%|ΓûêΓûêΓûêΓûêΓûêΓûÅ    | 1566/3000 [40:58<36:13,  1.52s/it]
 52%|ΓûêΓûêΓûêΓûêΓûêΓûÅ    | 1567/3000 [40:59<31:17,  1.31s/it]
 52%|ΓûêΓûêΓûêΓûêΓûêΓûÅ    | 1568/3000 [41:00<34:58,  1.47s/it]
 52%|ΓûêΓûêΓûêΓûêΓûêΓûÅ    | 1569/3000 [41:02<38:24,  1.61s/it]
 52%|ΓûêΓûêΓûêΓûêΓûêΓûÅ    | 1570/3000 [41:04<37:30,  1.57s/it]
 52%|ΓûêΓûêΓûêΓûêΓûêΓûÅ    | 1571/3000 [41:06<41:34,  1.75s/it]
 52%|ΓûêΓûêΓûêΓûêΓûêΓûÅ    | 1572/3000 [41:07<34:52,  1.47s/it]
 52%|ΓûêΓûêΓûêΓûêΓûêΓûÅ    | 1573/3000 [41:08<33:23,  1.40s/it]
 52%|ΓûêΓûêΓûêΓûêΓûêΓûÅ    | 1574/3000 [41:10<34:23,  1.45s/it]
 52%|ΓûêΓûêΓûêΓûêΓûêΓûÄ    | 1575/3000 [41:11<34:10,  1.44s/it]
 53%|ΓûêΓûêΓûêΓûêΓûêΓûÄ    | 1576/3000 [41:17<1:07:20,  2.84s/it]
 53%|ΓûêΓûêΓûêΓûêΓûêΓûÄ    | 1577/3000 [41:19<58:35,  2.47s/it]  
 53%|ΓûêΓûêΓûêΓûêΓûêΓûÄ    | 1578/3000 [41:21<55:24,  2.34s/it]
 53%|ΓûêΓûêΓûêΓûêΓûêΓûÄ    | 1579/3000 [41:27<1:21:04,  3.42s/it]
 53%|ΓûêΓûêΓûêΓûêΓûêΓûÄ    | 1580/3000 [41:27<1:02:27,  2.64s/it]
 53%|ΓûêΓûêΓûêΓûêΓûêΓûÄ    | 1581/3000 [41:30<59:52,  2.53s/it]  
 53%|ΓûêΓûêΓûêΓûêΓûêΓûÄ    | 1582/3000 [41:32<56:54,  2.41s/it]
 53%|ΓûêΓûêΓûêΓûêΓûêΓûÄ    | 1583/3000 [41:33<48:12,  2.04s/it]
 53%|ΓûêΓûêΓûêΓûêΓûêΓûÄ    | 1584/3000 [41:34<42:10,  1.79s/it]
 53%|ΓûêΓûêΓûêΓûêΓûêΓûÄ    | 1585/3000 [41:36<44:13,  1.88s/it]
 53%|ΓûêΓûêΓûêΓûêΓûêΓûÄ    | 1586/3000 [41:38<39:31,  1.68s/it]
 53%|ΓûêΓûêΓûêΓûêΓûêΓûÄ    | 1587/3000 [41:39<38:29,  1.63s/it]
 53%|ΓûêΓûêΓûêΓûêΓûêΓûÄ    | 1588/3000 [41:40<35:28,  1.51s/it]
 53%|ΓûêΓûêΓûêΓûêΓûêΓûÄ    | 1589/3000 [41:41<32:26,  1.38s/it]
 53%|ΓûêΓûêΓûêΓûêΓûêΓûÄ    | 1590/3000 [41:43<31:55,  1.36s/it]
 53%|ΓûêΓûêΓûêΓûêΓûêΓûÄ    | 1591/3000 [41:44<30:40,  1.31s/it]
 53%|ΓûêΓûêΓûêΓûêΓûêΓûÄ    | 1592/3000 [41:45<28:25,  1.21s/it]
 53%|ΓûêΓûêΓûêΓûêΓûêΓûÄ    | 1593/3000 [41:47<31:47,  1.36s/it]
 53%|ΓûêΓûêΓûêΓûêΓûêΓûÄ    | 1594/3000 [41:48<30:32,  1.30s/it]
 53%|ΓûêΓûêΓûêΓûêΓûêΓûÄ    | 1595/3000 [41:49<32:11,  1.37s/it]
 53%|ΓûêΓûêΓûêΓûêΓûêΓûÄ    | 1596/3000 [41:51<35:07,  1.50s/it]
 53%|ΓûêΓûêΓûêΓûêΓûêΓûÄ    | 1597/3000 [41:52<30:37,  1.31s/it]
 53%|ΓûêΓûêΓûêΓûêΓûêΓûÄ    | 1598/3000 [41:53<31:32,  1.35s/it]
 53%|ΓûêΓûêΓûêΓûêΓûêΓûÄ    | 1599/3000 [41:55<32:26,  1.39s/it]
 53%|ΓûêΓûêΓûêΓûêΓûêΓûÄ    | 1600/3000 [41:56<32:04,  1.37s/it]
 53%|ΓûêΓûêΓûêΓûêΓûêΓûÄ    | 1601/3000 [42:00<51:20,  2.20s/it]
 53%|ΓûêΓûêΓûêΓûêΓûêΓûÄ    | 1602/3000 [42:03<52:36,  2.26s/it]
 53%|ΓûêΓûêΓûêΓûêΓûêΓûÄ    | 1603/3000 [42:05<51:48,  2.23s/it]
 53%|ΓûêΓûêΓûêΓûêΓûêΓûÄ    | 1604/3000 [42:06<42:14,  1.82s/it]
 54%|ΓûêΓûêΓûêΓûêΓûêΓûÄ    | 1605/3000 [42:08<47:59,  2.06s/it]
 54%|ΓûêΓûêΓûêΓûêΓûêΓûÄ    | 1606/3000 [42:10<42:22,  1.82s/it]
 54%|ΓûêΓûêΓûêΓûêΓûêΓûÄ    | 1607/3000 [42:12<43:20,  1.87s/it]
 54%|ΓûêΓûêΓûêΓûêΓûêΓûÄ    | 1608/3000 [42:13<37:16,  1.61s/it]
 54%|ΓûêΓûêΓûêΓûêΓûêΓûÄ    | 1609/3000 [42:15<43:54,  1.89s/it]
 54%|ΓûêΓûêΓûêΓûêΓûêΓûÄ    | 1610/3000 [42:21<1:08:03,  2.94s/it]
 54%|ΓûêΓûêΓûêΓûêΓûêΓûÄ    | 1611/3000 [42:22<55:34,  2.40s/it]  
 54%|ΓûêΓûêΓûêΓûêΓûêΓûÄ    | 1612/3000 [42:23<46:20,  2.00s/it]
 54%|ΓûêΓûêΓûêΓûêΓûêΓûì    | 1613/3000 [42:24<43:38,  1.89s/it]
 54%|ΓûêΓûêΓûêΓûêΓûêΓûì    | 1614/3000 [42:26<44:19,  1.92s/it]
 54%|ΓûêΓûêΓûêΓûêΓûêΓûì    | 1615/3000 [42:28<42:00,  1.82s/it]
 54%|ΓûêΓûêΓûêΓûêΓûêΓûì    | 1616/3000 [42:29<39:38,  1.72s/it]
 54%|ΓûêΓûêΓûêΓûêΓûêΓûì    | 1617/3000 [42:32<44:32,  1.93s/it]
 54%|ΓûêΓûêΓûêΓûêΓûêΓûì    | 1618/3000 [42:34<46:20,  2.01s/it]
 54%|ΓûêΓûêΓûêΓûêΓûêΓûì    | 1619/3000 [42:37<54:02,  2.35s/it]
 54%|ΓûêΓûêΓûêΓûêΓûêΓûì    | 1620/3000 [42:40<54:04,  2.35s/it]
 54%|ΓûêΓûêΓûêΓûêΓûêΓûì    | 1621/3000 [42:41<47:49,  2.08s/it]
 54%|ΓûêΓûêΓûêΓûêΓûêΓûì    | 1622/3000 [42:42<40:28,  1.76s/it]
 54%|ΓûêΓûêΓûêΓûêΓûêΓûì    | 1623/3000 [42:43<34:40,  1.51s/it]
 54%|ΓûêΓûêΓûêΓûêΓûêΓûì    | 1624/3000 [42:44<29:53,  1.30s/it]
 54%|ΓûêΓûêΓûêΓûêΓûêΓûì    | 1625/3000 [42:46<36:33,  1.59s/it]
 54%|ΓûêΓûêΓûêΓûêΓûêΓûì    | 1626/3000 [42:48<35:51,  1.57s/it]
 54%|ΓûêΓûêΓûêΓûêΓûêΓûì    | 1627/3000 [42:49<36:54,  1.61s/it]
 54%|ΓûêΓûêΓûêΓûêΓûêΓûì    | 1628/3000 [42:51<39:06,  1.71s/it]
 54%|ΓûêΓûêΓûêΓûêΓûêΓûì    | 1629/3000 [42:53<41:13,  1.80s/it]
 54%|ΓûêΓûêΓûêΓûêΓûêΓûì    | 1630/3000 [42:55<40:15,  1.76s/it]
 54%|ΓûêΓûêΓûêΓûêΓûêΓûì    | 1631/3000 [42:57<42:06,  1.85s/it]
 54%|ΓûêΓûêΓûêΓûêΓûêΓûì    | 1632/3000 [43:00<48:23,  2.12s/it]
 54%|ΓûêΓûêΓûêΓûêΓûêΓûì    | 1633/3000 [43:01<45:07,  1.98s/it]
 54%|ΓûêΓûêΓûêΓûêΓûêΓûì    | 1634/3000 [43:03<40:57,  1.80s/it]
 55%|ΓûêΓûêΓûêΓûêΓûêΓûì    | 1635/3000 [43:04<36:32,  1.61s/it]
 55%|ΓûêΓûêΓûêΓûêΓûêΓûì    | 1636/3000 [43:05<32:47,  1.44s/it]
 55%|ΓûêΓûêΓûêΓûêΓûêΓûì    | 1637/3000 [43:06<28:50,  1.27s/it]
 55%|ΓûêΓûêΓûêΓûêΓûêΓûì    | 1638/3000 [43:07<30:51,  1.36s/it]
 55%|ΓûêΓûêΓûêΓûêΓûêΓûì    | 1639/3000 [43:09<30:00,  1.32s/it]
 55%|ΓûêΓûêΓûêΓûêΓûêΓûì    | 1640/3000 [43:10<28:32,  1.26s/it]
 55%|ΓûêΓûêΓûêΓûêΓûêΓûì    | 1641/3000 [43:12<33:16,  1.47s/it]
 55%|ΓûêΓûêΓûêΓûêΓûêΓûì    | 1642/3000 [43:14<37:00,  1.64s/it]
 55%|ΓûêΓûêΓûêΓûêΓûêΓûì    | 1643/3000 [43:15<31:24,  1.39s/it]
 55%|ΓûêΓûêΓûêΓûêΓûêΓûì    | 1644/3000 [43:16<31:53,  1.41s/it]
 55%|ΓûêΓûêΓûêΓûêΓûêΓûì    | 1645/3000 [43:19<41:22,  1.83s/it]
 55%|ΓûêΓûêΓûêΓûêΓûêΓûì    | 1646/3000 [43:20<37:08,  1.65s/it]
 55%|ΓûêΓûêΓûêΓûêΓûêΓûì    | 1647/3000 [43:21<32:49,  1.46s/it]
 55%|ΓûêΓûêΓûêΓûêΓûêΓûì    | 1648/3000 [43:23<32:56,  1.46s/it]
 55%|ΓûêΓûêΓûêΓûêΓûêΓûì    | 1649/3000 [43:24<32:33,  1.45s/it]
 55%|ΓûêΓûêΓûêΓûêΓûêΓûî    | 1650/3000 [43:25<32:34,  1.45s/it]
 55%|ΓûêΓûêΓûêΓûêΓûêΓûî    | 1651/3000 [43:27<34:46,  1.55s/it]
 55%|ΓûêΓûêΓûêΓûêΓûêΓûî    | 1652/3000 [43:29<34:25,  1.53s/it]
 55%|ΓûêΓûêΓûêΓûêΓûêΓûî    | 1653/3000 [43:30<35:08,  1.57s/it]
 55%|ΓûêΓûêΓûêΓûêΓûêΓûî    | 1654/3000 [43:32<37:19,  1.66s/it]
 55%|ΓûêΓûêΓûêΓûêΓûêΓûî    | 1655/3000 [43:34<36:27,  1.63s/it]
 55%|ΓûêΓûêΓûêΓûêΓûêΓûî    | 1656/3000 [43:36<41:05,  1.83s/it]
 55%|ΓûêΓûêΓûêΓûêΓûêΓûî    | 1657/3000 [43:38<42:37,  1.90s/it]
 55%|ΓûêΓûêΓûêΓûêΓûêΓûî    | 1658/3000 [43:40<39:59,  1.79s/it]
 55%|ΓûêΓûêΓûêΓûêΓûêΓûî    | 1659/3000 [43:41<38:47,  1.74s/it]
 55%|ΓûêΓûêΓûêΓûêΓûêΓûî    | 1660/3000 [43:43<36:24,  1.63s/it]
 55%|ΓûêΓûêΓûêΓûêΓûêΓûî    | 1661/3000 [43:47<53:31,  2.40s/it]
 55%|ΓûêΓûêΓûêΓûêΓûêΓûî    | 1662/3000 [43:49<50:34,  2.27s/it]
 55%|ΓûêΓûêΓûêΓûêΓûêΓûî    | 1663/3000 [43:51<47:00,  2.11s/it]
 55%|ΓûêΓûêΓûêΓûêΓûêΓûî    | 1664/3000 [43:52<40:17,  1.81s/it]
 56%|ΓûêΓûêΓûêΓûêΓûêΓûî    | 1665/3000 [43:54<43:01,  1.93s/it]
 56%|ΓûêΓûêΓûêΓûêΓûêΓûî    | 1666/3000 [43:55<38:28,  1.73s/it]
 56%|ΓûêΓûêΓûêΓûêΓûêΓûî    | 1667/3000 [43:56<34:09,  1.54s/it]
 56%|ΓûêΓûêΓûêΓûêΓûêΓûî    | 1668/3000 [43:57<32:31,  1.47s/it]
 56%|ΓûêΓûêΓûêΓûêΓûêΓûî    | 1669/3000 [43:59<30:52,  1.39s/it]
 56%|ΓûêΓûêΓûêΓûêΓûêΓûî    | 1670/3000 [44:01<37:33,  1.69s/it]
 56%|ΓûêΓûêΓûêΓûêΓûêΓûî    | 1671/3000 [44:02<35:06,  1.59s/it]
 56%|ΓûêΓûêΓûêΓûêΓûêΓûî    | 1672/3000 [44:04<35:49,  1.62s/it]
 56%|ΓûêΓûêΓûêΓûêΓûêΓûî    | 1673/3000 [44:05<33:04,  1.50s/it]
 56%|ΓûêΓûêΓûêΓûêΓûêΓûî    | 1674/3000 [44:07<32:47,  1.48s/it]
 56%|ΓûêΓûêΓûêΓûêΓûêΓûî    | 1675/3000 [44:10<40:58,  1.86s/it]
 56%|ΓûêΓûêΓûêΓûêΓûêΓûî    | 1676/3000 [44:12<44:42,  2.03s/it]
 56%|ΓûêΓûêΓûêΓûêΓûêΓûî    | 1677/3000 [44:14<46:24,  2.10s/it]
 56%|ΓûêΓûêΓûêΓûêΓûêΓûî    | 1678/3000 [44:16<45:47,  2.08s/it]
 56%|ΓûêΓûêΓûêΓûêΓûêΓûî    | 1679/3000 [44:18<44:33,  2.02s/it]
 56%|ΓûêΓûêΓûêΓûêΓûêΓûî    | 1680/3000 [44:19<36:21,  1.65s/it]
 56%|ΓûêΓûêΓûêΓûêΓûêΓûî    | 1681/3000 [44:21<36:25,  1.66s/it]
 56%|ΓûêΓûêΓûêΓûêΓûêΓûî    | 1682/3000 [44:22<35:25,  1.61s/it]
 56%|ΓûêΓûêΓûêΓûêΓûêΓûî    | 1683/3000 [44:24<35:19,  1.61s/it]
 56%|ΓûêΓûêΓûêΓûêΓûêΓûî    | 1684/3000 [44:25<35:27,  1.62s/it]
 56%|ΓûêΓûêΓûêΓûêΓûêΓûî    | 1685/3000 [44:27<36:21,  1.66s/it]
 56%|ΓûêΓûêΓûêΓûêΓûêΓûî    | 1686/3000 [44:28<33:33,  1.53s/it]
 56%|ΓûêΓûêΓûêΓûêΓûêΓûî    | 1687/3000 [44:30<34:46,  1.59s/it]
 56%|ΓûêΓûêΓûêΓûêΓûêΓûï    | 1688/3000 [44:32<39:42,  1.82s/it]
 56%|ΓûêΓûêΓûêΓûêΓûêΓûï    | 1689/3000 [44:33<34:27,  1.58s/it]
 56%|ΓûêΓûêΓûêΓûêΓûêΓûï    | 1690/3000 [44:35<32:02,  1.47s/it]
 56%|ΓûêΓûêΓûêΓûêΓûêΓûï    | 1691/3000 [44:36<29:16,  1.34s/it]
 56%|ΓûêΓûêΓûêΓûêΓûêΓûï    | 1692/3000 [44:38<33:54,  1.56s/it]
 56%|ΓûêΓûêΓûêΓûêΓûêΓûï    | 1693/3000 [44:39<32:24,  1.49s/it]
 56%|ΓûêΓûêΓûêΓûêΓûêΓûï    | 1694/3000 [44:40<30:46,  1.41s/it]
 56%|ΓûêΓûêΓûêΓûêΓûêΓûï    | 1695/3000 [44:42<29:33,  1.36s/it]
 57%|ΓûêΓûêΓûêΓûêΓûêΓûï    | 1696/3000 [44:44<33:55,  1.56s/it]
 57%|ΓûêΓûêΓûêΓûêΓûêΓûï    | 1697/3000 [44:44<29:10,  1.34s/it]
 57%|ΓûêΓûêΓûêΓûêΓûêΓûï    | 1698/3000 [44:46<30:31,  1.41s/it]
 57%|ΓûêΓûêΓûêΓûêΓûêΓûï    | 1699/3000 [44:47<30:08,  1.39s/it]
 57%|ΓûêΓûêΓûêΓûêΓûêΓûï    | 1700/3000 [44:49<33:30,  1.55s/it]
 57%|ΓûêΓûêΓûêΓûêΓûêΓûï    | 1701/3000 [44:51<35:31,  1.64s/it]
 57%|ΓûêΓûêΓûêΓûêΓûêΓûï    | 1702/3000 [44:53<36:54,  1.71s/it]
 57%|ΓûêΓûêΓûêΓûêΓûêΓûï    | 1703/3000 [44:56<48:43,  2.25s/it]
 57%|ΓûêΓûêΓûêΓûêΓûêΓûï    | 1704/3000 [44:58<45:11,  2.09s/it]
 57%|ΓûêΓûêΓûêΓûêΓûêΓûï    | 1705/3000 [45:00<43:55,  2.04s/it]
 57%|ΓûêΓûêΓûêΓûêΓûêΓûï    | 1706/3000 [45:01<38:54,  1.80s/it]
 57%|ΓûêΓûêΓûêΓûêΓûêΓûï    | 1707/3000 [45:03<40:49,  1.89s/it]
 57%|ΓûêΓûêΓûêΓûêΓûêΓûï    | 1708/3000 [45:06<43:02,  2.00s/it]
 57%|ΓûêΓûêΓûêΓûêΓûêΓûï    | 1709/3000 [45:08<43:12,  2.01s/it]
 57%|ΓûêΓûêΓûêΓûêΓûêΓûï    | 1710/3000 [45:09<40:55,  1.90s/it]
 57%|ΓûêΓûêΓûêΓûêΓûêΓûï    | 1711/3000 [45:15<1:05:04,  3.03s/it]
 57%|ΓûêΓûêΓûêΓûêΓûêΓûï    | 1712/3000 [45:17<56:21,  2.63s/it]  
 57%|ΓûêΓûêΓûêΓûêΓûêΓûï    | 1713/3000 [45:18<46:04,  2.15s/it]
 57%|ΓûêΓûêΓûêΓûêΓûêΓûï    | 1714/3000 [45:19<39:25,  1.84s/it]
 57%|ΓûêΓûêΓûêΓûêΓûêΓûï    | 1715/3000 [45:20<36:18,  1.70s/it]
 57%|ΓûêΓûêΓûêΓûêΓûêΓûï    | 1716/3000 [45:22<36:51,  1.72s/it]
 57%|ΓûêΓûêΓûêΓûêΓûêΓûï    | 1717/3000 [45:23<31:30,  1.47s/it]
 57%|ΓûêΓûêΓûêΓûêΓûêΓûï    | 1718/3000 [45:24<31:28,  1.47s/it]
 57%|ΓûêΓûêΓûêΓûêΓûêΓûï    | 1719/3000 [45:25<27:30,  1.29s/it]
 57%|ΓûêΓûêΓûêΓûêΓûêΓûï    | 1720/3000 [45:27<29:20,  1.38s/it]
 57%|ΓûêΓûêΓûêΓûêΓûêΓûï    | 1721/3000 [45:28<27:12,  1.28s/it]
 57%|ΓûêΓûêΓûêΓûêΓûêΓûï    | 1722/3000 [45:29<27:06,  1.27s/it]
 57%|ΓûêΓûêΓûêΓûêΓûêΓûï    | 1723/3000 [45:30<26:39,  1.25s/it]
 57%|ΓûêΓûêΓûêΓûêΓûêΓûï    | 1724/3000 [45:32<29:26,  1.38s/it]
 57%|ΓûêΓûêΓûêΓûêΓûêΓûè    | 1725/3000 [45:34<34:23,  1.62s/it]
 58%|ΓûêΓûêΓûêΓûêΓûêΓûè    | 1726/3000 [45:35<29:48,  1.40s/it]
 58%|ΓûêΓûêΓûêΓûêΓûêΓûè    | 1727/3000 [45:37<31:57,  1.51s/it]
 58%|ΓûêΓûêΓûêΓûêΓûêΓûè    | 1728/3000 [45:38<31:53,  1.50s/it]
 58%|ΓûêΓûêΓûêΓûêΓûêΓûè    | 1729/3000 [45:41<36:51,  1.74s/it]
 58%|ΓûêΓûêΓûêΓûêΓûêΓûè    | 1730/3000 [45:42<32:27,  1.53s/it]
 58%|ΓûêΓûêΓûêΓûêΓûêΓûè    | 1731/3000 [45:43<29:57,  1.42s/it]
 58%|ΓûêΓûêΓûêΓûêΓûêΓûè    | 1732/3000 [45:44<27:22,  1.30s/it]
 58%|ΓûêΓûêΓûêΓûêΓûêΓûè    | 1733/3000 [45:45<27:29,  1.30s/it]
 58%|ΓûêΓûêΓûêΓûêΓûêΓûè    | 1734/3000 [45:47<28:32,  1.35s/it]
 58%|ΓûêΓûêΓûêΓûêΓûêΓûè    | 1735/3000 [45:49<32:02,  1.52s/it]
 58%|ΓûêΓûêΓûêΓûêΓûêΓûè    | 1736/3000 [45:50<29:43,  1.41s/it]
 58%|ΓûêΓûêΓûêΓûêΓûêΓûè    | 1737/3000 [45:51<31:05,  1.48s/it]
 58%|ΓûêΓûêΓûêΓûêΓûêΓûè    | 1738/3000 [45:52<27:09,  1.29s/it]
 58%|ΓûêΓûêΓûêΓûêΓûêΓûè    | 1739/3000 [45:54<30:36,  1.46s/it]
 58%|ΓûêΓûêΓûêΓûêΓûêΓûè    | 1740/3000 [45:55<27:50,  1.33s/it]
 58%|ΓûêΓûêΓûêΓûêΓûêΓûè    | 1741/3000 [45:56<27:35,  1.31s/it]
 58%|ΓûêΓûêΓûêΓûêΓûêΓûè    | 1742/3000 [45:58<29:34,  1.41s/it]
 58%|ΓûêΓûêΓûêΓûêΓûêΓûè    | 1743/3000 [46:00<35:35,  1.70s/it]
 58%|ΓûêΓûêΓûêΓûêΓûêΓûè    | 1744/3000 [46:01<29:57,  1.43s/it]
 58%|ΓûêΓûêΓûêΓûêΓûêΓûè    | 1745/3000 [46:04<38:17,  1.83s/it]
 58%|ΓûêΓûêΓûêΓûêΓûêΓûè    | 1746/3000 [46:06<37:11,  1.78s/it]
 58%|ΓûêΓûêΓûêΓûêΓûêΓûè    | 1747/3000 [46:07<32:47,  1.57s/it]
 58%|ΓûêΓûêΓûêΓûêΓûêΓûè    | 1748/3000 [46:08<30:21,  1.45s/it]
 58%|ΓûêΓûêΓûêΓûêΓûêΓûè    | 1749/3000 [46:09<30:01,  1.44s/it]
 58%|ΓûêΓûêΓûêΓûêΓûêΓûè    | 1750/3000 [46:10<27:17,  1.31s/it]
 58%|ΓûêΓûêΓûêΓûêΓûêΓûè    | 1751/3000 [46:12<29:09,  1.40s/it]
 58%|ΓûêΓûêΓûêΓûêΓûêΓûè    | 1752/3000 [46:15<40:46,  1.96s/it]
 58%|ΓûêΓûêΓûêΓûêΓûêΓûè    | 1753/3000 [46:17<40:58,  1.97s/it]
 58%|ΓûêΓûêΓûêΓûêΓûêΓûè    | 1754/3000 [46:18<36:00,  1.73s/it]
 58%|ΓûêΓûêΓûêΓûêΓûêΓûè    | 1755/3000 [46:20<34:59,  1.69s/it]
 59%|ΓûêΓûêΓûêΓûêΓûêΓûè    | 1756/3000 [46:22<39:49,  1.92s/it]
 59%|ΓûêΓûêΓûêΓûêΓûêΓûè    | 1757/3000 [46:23<34:20,  1.66s/it]
 59%|ΓûêΓûêΓûêΓûêΓûêΓûè    | 1758/3000 [46:25<32:44,  1.58s/it]
 59%|ΓûêΓûêΓûêΓûêΓûêΓûè    | 1759/3000 [46:26<28:59,  1.40s/it]
 59%|ΓûêΓûêΓûêΓûêΓûêΓûè    | 1760/3000 [46:27<29:20,  1.42s/it]
 59%|ΓûêΓûêΓûêΓûêΓûêΓûè    | 1761/3000 [46:29<28:43,  1.39s/it]
 59%|ΓûêΓûêΓûêΓûêΓûêΓûè    | 1762/3000 [46:31<33:18,  1.61s/it]
 59%|ΓûêΓûêΓûêΓûêΓûêΓûë    | 1763/3000 [46:32<32:25,  1.57s/it]
 59%|ΓûêΓûêΓûêΓûêΓûêΓûë    | 1764/3000 [46:33<29:22,  1.43s/it]
 59%|ΓûêΓûêΓûêΓûêΓûêΓûë    | 1765/3000 [46:34<27:54,  1.36s/it]
 59%|ΓûêΓûêΓûêΓûêΓûêΓûë    | 1766/3000 [46:36<26:46,  1.30s/it]
 59%|ΓûêΓûêΓûêΓûêΓûêΓûë    | 1767/3000 [46:37<26:16,  1.28s/it]
 59%|ΓûêΓûêΓûêΓûêΓûêΓûë    | 1768/3000 [46:38<27:15,  1.33s/it]
 59%|ΓûêΓûêΓûêΓûêΓûêΓûë    | 1769/3000 [46:40<28:15,  1.38s/it]
 59%|ΓûêΓûêΓûêΓûêΓûêΓûë    | 1770/3000 [46:41<25:48,  1.26s/it]
 59%|ΓûêΓûêΓûêΓûêΓûêΓûë    | 1771/3000 [46:42<26:38,  1.30s/it]
 59%|ΓûêΓûêΓûêΓûêΓûêΓûë    | 1772/3000 [46:45<34:59,  1.71s/it]
 59%|ΓûêΓûêΓûêΓûêΓûêΓûë    | 1773/3000 [46:46<29:52,  1.46s/it]
 59%|ΓûêΓûêΓûêΓûêΓûêΓûë    | 1774/3000 [46:47<30:50,  1.51s/it]
 59%|ΓûêΓûêΓûêΓûêΓûêΓûë    | 1775/3000 [46:49<28:41,  1.41s/it]
 59%|ΓûêΓûêΓûêΓûêΓûêΓûë    | 1776/3000 [46:50<31:17,  1.53s/it]
 59%|ΓûêΓûêΓûêΓûêΓûêΓûë    | 1777/3000 [46:51<28:22,  1.39s/it]
 59%|ΓûêΓûêΓûêΓûêΓûêΓûë    | 1778/3000 [46:54<35:36,  1.75s/it]
 59%|ΓûêΓûêΓûêΓûêΓûêΓûë    | 1779/3000 [46:56<35:21,  1.74s/it]
 59%|ΓûêΓûêΓûêΓûêΓûêΓûë    | 1780/3000 [46:57<33:30,  1.65s/it]
 59%|ΓûêΓûêΓûêΓûêΓûêΓûë    | 1781/3000 [46:58<30:26,  1.50s/it]
 59%|ΓûêΓûêΓûêΓûêΓûêΓûë    | 1782/3000 [47:02<43:57,  2.17s/it]
 59%|ΓûêΓûêΓûêΓûêΓûêΓûë    | 1783/3000 [47:04<42:50,  2.11s/it]
 59%|ΓûêΓûêΓûêΓûêΓûêΓûë    | 1784/3000 [47:07<46:12,  2.28s/it]
 60%|ΓûêΓûêΓûêΓûêΓûêΓûë    | 1785/3000 [47:08<38:40,  1.91s/it]
 60%|ΓûêΓûêΓûêΓûêΓûêΓûë    | 1786/3000 [47:09<34:49,  1.72s/it]
 60%|ΓûêΓûêΓûêΓûêΓûêΓûë    | 1787/3000 [47:10<30:57,  1.53s/it]
 60%|ΓûêΓûêΓûêΓûêΓûêΓûë    | 1788/3000 [47:12<33:14,  1.65s/it]
 60%|ΓûêΓûêΓûêΓûêΓûêΓûë    | 1789/3000 [47:14<32:36,  1.62s/it]
 60%|ΓûêΓûêΓûêΓûêΓûêΓûë    | 1790/3000 [47:15<29:21,  1.46s/it]
 60%|ΓûêΓûêΓûêΓûêΓûêΓûë    | 1791/3000 [47:17<33:28,  1.66s/it]
 60%|ΓûêΓûêΓûêΓûêΓûêΓûë    | 1792/3000 [47:20<41:15,  2.05s/it]
 60%|ΓûêΓûêΓûêΓûêΓûêΓûë    | 1793/3000 [47:21<35:31,  1.77s/it]
 60%|ΓûêΓûêΓûêΓûêΓûêΓûë    | 1794/3000 [47:23<35:44,  1.78s/it]
 60%|ΓûêΓûêΓûêΓûêΓûêΓûë    | 1795/3000 [47:24<32:33,  1.62s/it]
 60%|ΓûêΓûêΓûêΓûêΓûêΓûë    | 1796/3000 [47:25<30:17,  1.51s/it]
 60%|ΓûêΓûêΓûêΓûêΓûêΓûë    | 1797/3000 [47:27<34:30,  1.72s/it]
 60%|ΓûêΓûêΓûêΓûêΓûêΓûë    | 1798/3000 [47:29<33:49,  1.69s/it]
 60%|ΓûêΓûêΓûêΓûêΓûêΓûë    | 1799/3000 [47:31<35:53,  1.79s/it]
 60%|ΓûêΓûêΓûêΓûêΓûêΓûê    | 1800/3000 [47:33<36:16,  1.81s/it]
 60%|ΓûêΓûêΓûêΓûêΓûêΓûê    | 1801/3000 [47:34<31:48,  1.59s/it]
 60%|ΓûêΓûêΓûêΓûêΓûêΓûê    | 1802/3000 [47:36<35:01,  1.75s/it]
 60%|ΓûêΓûêΓûêΓûêΓûêΓûê    | 1803/3000 [47:38<38:41,  1.94s/it]
 60%|ΓûêΓûêΓûêΓûêΓûêΓûê    | 1804/3000 [47:40<34:40,  1.74s/it]
 60%|ΓûêΓûêΓûêΓûêΓûêΓûê    | 1805/3000 [47:41<32:29,  1.63s/it]
 60%|ΓûêΓûêΓûêΓûêΓûêΓûê    | 1806/3000 [47:43<33:00,  1.66s/it]
 60%|ΓûêΓûêΓûêΓûêΓûêΓûê    | 1807/3000 [47:45<34:29,  1.73s/it]
 60%|ΓûêΓûêΓûêΓûêΓûêΓûê    | 1808/3000 [47:47<40:32,  2.04s/it]
 60%|ΓûêΓûêΓûêΓûêΓûêΓûê    | 1809/3000 [47:48<34:25,  1.73s/it]
 60%|ΓûêΓûêΓûêΓûêΓûêΓûê    | 1810/3000 [47:51<39:44,  2.00s/it]
 60%|ΓûêΓûêΓûêΓûêΓûêΓûê    | 1811/3000 [47:53<37:43,  1.90s/it]
 60%|ΓûêΓûêΓûêΓûêΓûêΓûê    | 1812/3000 [47:55<39:23,  1.99s/it]
 60%|ΓûêΓûêΓûêΓûêΓûêΓûê    | 1813/3000 [47:57<41:18,  2.09s/it]
 60%|ΓûêΓûêΓûêΓûêΓûêΓûê    | 1814/3000 [48:00<46:49,  2.37s/it]
 60%|ΓûêΓûêΓûêΓûêΓûêΓûê    | 1815/3000 [48:03<48:40,  2.46s/it]
 61%|ΓûêΓûêΓûêΓûêΓûêΓûê    | 1816/3000 [48:07<55:03,  2.79s/it]
 61%|ΓûêΓûêΓûêΓûêΓûêΓûê    | 1817/3000 [48:13<1:17:01,  3.91s/it]
 61%|ΓûêΓûêΓûêΓûêΓûêΓûê    | 1818/3000 [48:15<1:03:01,  3.20s/it]
 61%|ΓûêΓûêΓûêΓûêΓûêΓûê    | 1819/3000 [48:16<53:27,  2.72s/it]  
 61%|ΓûêΓûêΓûêΓûêΓûêΓûê    | 1820/3000 [48:17<44:54,  2.28s/it]
 61%|ΓûêΓûêΓûêΓûêΓûêΓûê    | 1821/3000 [48:18<37:06,  1.89s/it]
 61%|ΓûêΓûêΓûêΓûêΓûêΓûê    | 1822/3000 [48:20<34:03,  1.73s/it]
 61%|ΓûêΓûêΓûêΓûêΓûêΓûê    | 1823/3000 [48:22<34:25,  1.76s/it]
 61%|ΓûêΓûêΓûêΓûêΓûêΓûê    | 1824/3000 [48:23<32:51,  1.68s/it]
 61%|ΓûêΓûêΓûêΓûêΓûêΓûê    | 1825/3000 [48:25<33:23,  1.71s/it]
 61%|ΓûêΓûêΓûêΓûêΓûêΓûê    | 1826/3000 [48:26<31:25,  1.61s/it]
 61%|ΓûêΓûêΓûêΓûêΓûêΓûê    | 1827/3000 [48:29<37:05,  1.90s/it]
 61%|ΓûêΓûêΓûêΓûêΓûêΓûê    | 1828/3000 [48:30<33:56,  1.74s/it]
 61%|ΓûêΓûêΓûêΓûêΓûêΓûê    | 1829/3000 [48:32<34:08,  1.75s/it]
 61%|ΓûêΓûêΓûêΓûêΓûêΓûê    | 1830/3000 [48:33<29:46,  1.53s/it]
 61%|ΓûêΓûêΓûêΓûêΓûêΓûê    | 1831/3000 [48:34<25:18,  1.30s/it]
 61%|ΓûêΓûêΓûêΓûêΓûêΓûê    | 1832/3000 [48:35<25:48,  1.33s/it]
 61%|ΓûêΓûêΓûêΓûêΓûêΓûê    | 1833/3000 [48:36<24:55,  1.28s/it]
 61%|ΓûêΓûêΓûêΓûêΓûêΓûê    | 1834/3000 [48:38<26:11,  1.35s/it]
 61%|ΓûêΓûêΓûêΓûêΓûêΓûê    | 1835/3000 [48:39<27:28,  1.41s/it]
 61%|ΓûêΓûêΓûêΓûêΓûêΓûê    | 1836/3000 [48:41<26:55,  1.39s/it]
 61%|ΓûêΓûêΓûêΓûêΓûêΓûê    | 1837/3000 [48:42<25:08,  1.30s/it]
 61%|ΓûêΓûêΓûêΓûêΓûêΓûêΓûÅ   | 1838/3000 [48:43<25:04,  1.29s/it]
 61%|ΓûêΓûêΓûêΓûêΓûêΓûêΓûÅ   | 1839/3000 [48:44<22:00,  1.14s/it]
 61%|ΓûêΓûêΓûêΓûêΓûêΓûêΓûÅ   | 1840/3000 [48:45<24:32,  1.27s/it]
 61%|ΓûêΓûêΓûêΓûêΓûêΓûêΓûÅ   | 1841/3000 [48:48<32:14,  1.67s/it]
 61%|ΓûêΓûêΓûêΓûêΓûêΓûêΓûÅ   | 1842/3000 [48:50<34:10,  1.77s/it]
 61%|ΓûêΓûêΓûêΓûêΓûêΓûêΓûÅ   | 1843/3000 [48:51<31:57,  1.66s/it]
 61%|ΓûêΓûêΓûêΓûêΓûêΓûêΓûÅ   | 1844/3000 [48:53<32:26,  1.68s/it]
 62%|ΓûêΓûêΓûêΓûêΓûêΓûêΓûÅ   | 1845/3000 [48:55<33:40,  1.75s/it]
 62%|ΓûêΓûêΓûêΓûêΓûêΓûêΓûÅ   | 1846/3000 [48:57<34:51,  1.81s/it]
 62%|ΓûêΓûêΓûêΓûêΓûêΓûêΓûÅ   | 1847/3000 [48:58<31:24,  1.63s/it]
 62%|ΓûêΓûêΓûêΓûêΓûêΓûêΓûÅ   | 1848/3000 [49:00<32:48,  1.71s/it]
 62%|ΓûêΓûêΓûêΓûêΓûêΓûêΓûÅ   | 1849/3000 [49:02<34:35,  1.80s/it]
 62%|ΓûêΓûêΓûêΓûêΓûêΓûêΓûÅ   | 1850/3000 [49:03<31:09,  1.63s/it]
 62%|ΓûêΓûêΓûêΓûêΓûêΓûêΓûÅ   | 1851/3000 [49:05<33:34,  1.75s/it]
 62%|ΓûêΓûêΓûêΓûêΓûêΓûêΓûÅ   | 1852/3000 [49:09<43:30,  2.27s/it]
 62%|ΓûêΓûêΓûêΓûêΓûêΓûêΓûÅ   | 1853/3000 [49:11<42:16,  2.21s/it]
 62%|ΓûêΓûêΓûêΓûêΓûêΓûêΓûÅ   | 1854/3000 [49:13<41:34,  2.18s/it]
 62%|ΓûêΓûêΓûêΓûêΓûêΓûêΓûÅ   | 1855/3000 [49:16<44:00,  2.31s/it]
 62%|ΓûêΓûêΓûêΓûêΓûêΓûêΓûÅ   | 1856/3000 [49:18<43:13,  2.27s/it]
 62%|ΓûêΓûêΓûêΓûêΓûêΓûêΓûÅ   | 1857/3000 [49:19<39:06,  2.05s/it]
 62%|ΓûêΓûêΓûêΓûêΓûêΓûêΓûÅ   | 1858/3000 [49:20<32:20,  1.70s/it]
 62%|ΓûêΓûêΓûêΓûêΓûêΓûêΓûÅ   | 1859/3000 [49:23<39:11,  2.06s/it]
 62%|ΓûêΓûêΓûêΓûêΓûêΓûêΓûÅ   | 1860/3000 [49:25<34:41,  1.83s/it]
 62%|ΓûêΓûêΓûêΓûêΓûêΓûêΓûÅ   | 1861/3000 [49:27<39:55,  2.10s/it]
 62%|ΓûêΓûêΓûêΓûêΓûêΓûêΓûÅ   | 1862/3000 [49:28<33:27,  1.76s/it]
 62%|ΓûêΓûêΓûêΓûêΓûêΓûêΓûÅ   | 1863/3000 [49:30<32:53,  1.74s/it]
 62%|ΓûêΓûêΓûêΓûêΓûêΓûêΓûÅ   | 1864/3000 [49:32<36:11,  1.91s/it]
 62%|ΓûêΓûêΓûêΓûêΓûêΓûêΓûÅ   | 1865/3000 [49:34<33:13,  1.76s/it]
 62%|ΓûêΓûêΓûêΓûêΓûêΓûêΓûÅ   | 1866/3000 [49:35<32:30,  1.72s/it]
 62%|ΓûêΓûêΓûêΓûêΓûêΓûêΓûÅ   | 1867/3000 [49:40<47:25,  2.51s/it]
 62%|ΓûêΓûêΓûêΓûêΓûêΓûêΓûÅ   | 1868/3000 [49:41<38:27,  2.04s/it]
 62%|ΓûêΓûêΓûêΓûêΓûêΓûêΓûÅ   | 1869/3000 [49:42<34:48,  1.85s/it]
 62%|ΓûêΓûêΓûêΓûêΓûêΓûêΓûÅ   | 1870/3000 [49:44<34:12,  1.82s/it]
 62%|ΓûêΓûêΓûêΓûêΓûêΓûêΓûÅ   | 1871/3000 [49:45<30:46,  1.64s/it]
 62%|ΓûêΓûêΓûêΓûêΓûêΓûêΓûÅ   | 1872/3000 [49:49<41:57,  2.23s/it]
 62%|ΓûêΓûêΓûêΓûêΓûêΓûêΓûÅ   | 1873/3000 [49:50<37:49,  2.01s/it]
 62%|ΓûêΓûêΓûêΓûêΓûêΓûêΓûÅ   | 1874/3000 [49:51<33:27,  1.78s/it]
 62%|ΓûêΓûêΓûêΓûêΓûêΓûêΓûÄ   | 1875/3000 [49:52<30:16,  1.61s/it]
 63%|ΓûêΓûêΓûêΓûêΓûêΓûêΓûÄ   | 1876/3000 [49:54<32:14,  1.72s/it]
 63%|ΓûêΓûêΓûêΓûêΓûêΓûêΓûÄ   | 1877/3000 [49:57<37:55,  2.03s/it]
 63%|ΓûêΓûêΓûêΓûêΓûêΓûêΓûÄ   | 1878/3000 [50:01<45:26,  2.43s/it]
 63%|ΓûêΓûêΓûêΓûêΓûêΓûêΓûÄ   | 1879/3000 [50:02<41:25,  2.22s/it]
 63%|ΓûêΓûêΓûêΓûêΓûêΓûêΓûÄ   | 1880/3000 [50:04<37:32,  2.01s/it]
 63%|ΓûêΓûêΓûêΓûêΓûêΓûêΓûÄ   | 1881/3000 [50:06<36:43,  1.97s/it]
 63%|ΓûêΓûêΓûêΓûêΓûêΓûêΓûÄ   | 1882/3000 [50:07<31:21,  1.68s/it]
 63%|ΓûêΓûêΓûêΓûêΓûêΓûêΓûÄ   | 1883/3000 [50:08<28:33,  1.53s/it]
 63%|ΓûêΓûêΓûêΓûêΓûêΓûêΓûÄ   | 1884/3000 [50:09<28:38,  1.54s/it]
 63%|ΓûêΓûêΓûêΓûêΓûêΓûêΓûÄ   | 1885/3000 [50:11<27:56,  1.50s/it]
 63%|ΓûêΓûêΓûêΓûêΓûêΓûêΓûÄ   | 1886/3000 [50:14<37:46,  2.03s/it]
 63%|ΓûêΓûêΓûêΓûêΓûêΓûêΓûÄ   | 1887/3000 [50:15<31:51,  1.72s/it]
 63%|ΓûêΓûêΓûêΓûêΓûêΓûêΓûÄ   | 1888/3000 [50:17<33:38,  1.82s/it]
 63%|ΓûêΓûêΓûêΓûêΓûêΓûêΓûÄ   | 1889/3000 [50:19<31:57,  1.73s/it]
 63%|ΓûêΓûêΓûêΓûêΓûêΓûêΓûÄ   | 1890/3000 [50:19<26:47,  1.45s/it]
 63%|ΓûêΓûêΓûêΓûêΓûêΓûêΓûÄ   | 1891/3000 [50:21<26:34,  1.44s/it]
 63%|ΓûêΓûêΓûêΓûêΓûêΓûêΓûÄ   | 1892/3000 [50:22<23:18,  1.26s/it]
 63%|ΓûêΓûêΓûêΓûêΓûêΓûêΓûÄ   | 1893/3000 [50:23<22:30,  1.22s/it]
 63%|ΓûêΓûêΓûêΓûêΓûêΓûêΓûÄ   | 1894/3000 [50:24<24:29,  1.33s/it]
 63%|ΓûêΓûêΓûêΓûêΓûêΓûêΓûÄ   | 1895/3000 [50:26<22:57,  1.25s/it]
 63%|ΓûêΓûêΓûêΓûêΓûêΓûêΓûÄ   | 1896/3000 [50:27<26:04,  1.42s/it]
 63%|ΓûêΓûêΓûêΓûêΓûêΓûêΓûÄ   | 1897/3000 [50:29<25:09,  1.37s/it]
 63%|ΓûêΓûêΓûêΓûêΓûêΓûêΓûÄ   | 1898/3000 [50:30<23:44,  1.29s/it]
 63%|ΓûêΓûêΓûêΓûêΓûêΓûêΓûÄ   | 1899/3000 [50:31<21:51,  1.19s/it]
 63%|ΓûêΓûêΓûêΓûêΓûêΓûêΓûÄ   | 1900/3000 [50:32<22:16,  1.21s/it]
 63%|ΓûêΓûêΓûêΓûêΓûêΓûêΓûÄ   | 1901/3000 [50:33<21:16,  1.16s/it]
 63%|ΓûêΓûêΓûêΓûêΓûêΓûêΓûÄ   | 1902/3000 [50:34<22:47,  1.25s/it]
 63%|ΓûêΓûêΓûêΓûêΓûêΓûêΓûÄ   | 1903/3000 [50:36<26:24,  1.44s/it]
 63%|ΓûêΓûêΓûêΓûêΓûêΓûêΓûÄ   | 1904/3000 [50:37<23:23,  1.28s/it]
 64%|ΓûêΓûêΓûêΓûêΓûêΓûêΓûÄ   | 1905/3000 [50:38<22:02,  1.21s/it]
 64%|ΓûêΓûêΓûêΓûêΓûêΓûêΓûÄ   | 1906/3000 [50:40<25:52,  1.42s/it]
 64%|ΓûêΓûêΓûêΓûêΓûêΓûêΓûÄ   | 1907/3000 [50:41<24:04,  1.32s/it]
 64%|ΓûêΓûêΓûêΓûêΓûêΓûêΓûÄ   | 1908/3000 [50:43<23:44,  1.30s/it]
 64%|ΓûêΓûêΓûêΓûêΓûêΓûêΓûÄ   | 1909/3000 [50:45<27:34,  1.52s/it]
 64%|ΓûêΓûêΓûêΓûêΓûêΓûêΓûÄ   | 1910/3000 [50:46<27:52,  1.53s/it]
 64%|ΓûêΓûêΓûêΓûêΓûêΓûêΓûÄ   | 1911/3000 [50:47<27:01,  1.49s/it]
 64%|ΓûêΓûêΓûêΓûêΓûêΓûêΓûÄ   | 1912/3000 [50:48<24:12,  1.34s/it]
 64%|ΓûêΓûêΓûêΓûêΓûêΓûêΓûì   | 1913/3000 [50:50<23:34,  1.30s/it]
 64%|ΓûêΓûêΓûêΓûêΓûêΓûêΓûì   | 1914/3000 [50:50<20:44,  1.15s/it]
 64%|ΓûêΓûêΓûêΓûêΓûêΓûêΓûì   | 1915/3000 [50:52<24:58,  1.38s/it]
 64%|ΓûêΓûêΓûêΓûêΓûêΓûêΓûì   | 1916/3000 [50:54<23:55,  1.32s/it]
 64%|ΓûêΓûêΓûêΓûêΓûêΓûêΓûì   | 1917/3000 [50:55<26:30,  1.47s/it]
 64%|ΓûêΓûêΓûêΓûêΓûêΓûêΓûì   | 1918/3000 [50:57<28:33,  1.58s/it]
 64%|ΓûêΓûêΓûêΓûêΓûêΓûêΓûì   | 1919/3000 [50:59<29:44,  1.65s/it]
 64%|ΓûêΓûêΓûêΓûêΓûêΓûêΓûì   | 1920/3000 [51:00<27:08,  1.51s/it]
 64%|ΓûêΓûêΓûêΓûêΓûêΓûêΓûì   | 1921/3000 [51:01<25:22,  1.41s/it]
 64%|ΓûêΓûêΓûêΓûêΓûêΓûêΓûì   | 1922/3000 [51:03<24:16,  1.35s/it]
 64%|ΓûêΓûêΓûêΓûêΓûêΓûêΓûì   | 1923/3000 [51:05<30:04,  1.68s/it]
 64%|ΓûêΓûêΓûêΓûêΓûêΓûêΓûì   | 1924/3000 [51:06<27:11,  1.52s/it]
 64%|ΓûêΓûêΓûêΓûêΓûêΓûêΓûì   | 1925/3000 [51:07<24:51,  1.39s/it]
 64%|ΓûêΓûêΓûêΓûêΓûêΓûêΓûì   | 1926/3000 [51:09<25:14,  1.41s/it]
 64%|ΓûêΓûêΓûêΓûêΓûêΓûêΓûì   | 1927/3000 [51:11<30:22,  1.70s/it]
 64%|ΓûêΓûêΓûêΓûêΓûêΓûêΓûì   | 1928/3000 [51:12<28:21,  1.59s/it]
 64%|ΓûêΓûêΓûêΓûêΓûêΓûêΓûì   | 1929/3000 [51:15<31:41,  1.78s/it]
 64%|ΓûêΓûêΓûêΓûêΓûêΓûêΓûì   | 1930/3000 [51:17<33:12,  1.86s/it]
 64%|ΓûêΓûêΓûêΓûêΓûêΓûêΓûì   | 1931/3000 [51:19<35:25,  1.99s/it]
 64%|ΓûêΓûêΓûêΓûêΓûêΓûêΓûì   | 1932/3000 [51:21<37:11,  2.09s/it]
 64%|ΓûêΓûêΓûêΓûêΓûêΓûêΓûì   | 1933/3000 [51:24<42:14,  2.38s/it]
 64%|ΓûêΓûêΓûêΓûêΓûêΓûêΓûì   | 1934/3000 [51:25<35:27,  2.00s/it]
 64%|ΓûêΓûêΓûêΓûêΓûêΓûêΓûì   | 1935/3000 [51:27<34:17,  1.93s/it]
 65%|ΓûêΓûêΓûêΓûêΓûêΓûêΓûì   | 1936/3000 [51:28<29:09,  1.64s/it]
 65%|ΓûêΓûêΓûêΓûêΓûêΓûêΓûì   | 1937/3000 [51:29<26:48,  1.51s/it]
 65%|ΓûêΓûêΓûêΓûêΓûêΓûêΓûì   | 1938/3000 [51:31<29:29,  1.67s/it]
 65%|ΓûêΓûêΓûêΓûêΓûêΓûêΓûì   | 1939/3000 [51:33<31:12,  1.76s/it]
 65%|ΓûêΓûêΓûêΓûêΓûêΓûêΓûì   | 1940/3000 [51:34<26:40,  1.51s/it]
 65%|ΓûêΓûêΓûêΓûêΓûêΓûêΓûì   | 1941/3000 [51:37<31:37,  1.79s/it]
 65%|ΓûêΓûêΓûêΓûêΓûêΓûêΓûì   | 1942/3000 [51:38<30:30,  1.73s/it]
 65%|ΓûêΓûêΓûêΓûêΓûêΓûêΓûì   | 1943/3000 [51:39<25:49,  1.47s/it]
 65%|ΓûêΓûêΓûêΓûêΓûêΓûêΓûì   | 1944/3000 [51:41<25:37,  1.46s/it]
 65%|ΓûêΓûêΓûêΓûêΓûêΓûêΓûì   | 1945/3000 [51:42<24:03,  1.37s/it]
 65%|ΓûêΓûêΓûêΓûêΓûêΓûêΓûì   | 1946/3000 [51:43<21:45,  1.24s/it]
 65%|ΓûêΓûêΓûêΓûêΓûêΓûêΓûì   | 1947/3000 [51:44<21:44,  1.24s/it]
 65%|ΓûêΓûêΓûêΓûêΓûêΓûêΓûì   | 1948/3000 [51:46<26:16,  1.50s/it]
 65%|ΓûêΓûêΓûêΓûêΓûêΓûêΓûì   | 1949/3000 [51:47<23:28,  1.34s/it]
 65%|ΓûêΓûêΓûêΓûêΓûêΓûêΓûî   | 1950/3000 [51:48<21:57,  1.25s/it]
 65%|ΓûêΓûêΓûêΓûêΓûêΓûêΓûî   | 1951/3000 [51:49<19:02,  1.09s/it]
 65%|ΓûêΓûêΓûêΓûêΓûêΓûêΓûî   | 1952/3000 [51:50<19:30,  1.12s/it]
 65%|ΓûêΓûêΓûêΓûêΓûêΓûêΓûî   | 1953/3000 [51:51<19:21,  1.11s/it]
 65%|ΓûêΓûêΓûêΓûêΓûêΓûêΓûî   | 1954/3000 [51:52<19:25,  1.11s/it]
 65%|ΓûêΓûêΓûêΓûêΓûêΓûêΓûî   | 1955/3000 [51:53<18:24,  1.06s/it]
 65%|ΓûêΓûêΓûêΓûêΓûêΓûêΓûî   | 1956/3000 [51:54<17:17,  1.01it/s]
 65%|ΓûêΓûêΓûêΓûêΓûêΓûêΓûî   | 1957/3000 [51:56<22:36,  1.30s/it]
 65%|ΓûêΓûêΓûêΓûêΓûêΓûêΓûî   | 1958/3000 [51:57<21:47,  1.25s/it]
 65%|ΓûêΓûêΓûêΓûêΓûêΓûêΓûî   | 1959/3000 [51:59<23:10,  1.34s/it]
 65%|ΓûêΓûêΓûêΓûêΓûêΓûêΓûî   | 1960/3000 [52:01<30:29,  1.76s/it]
 65%|ΓûêΓûêΓûêΓûêΓûêΓûêΓûî   | 1961/3000 [52:03<27:52,  1.61s/it]
 65%|ΓûêΓûêΓûêΓûêΓûêΓûêΓûî   | 1962/3000 [52:04<25:47,  1.49s/it]
 65%|ΓûêΓûêΓûêΓûêΓûêΓûêΓûî   | 1963/3000 [52:05<24:16,  1.40s/it]
 65%|ΓûêΓûêΓûêΓûêΓûêΓûêΓûî   | 1964/3000 [52:06<20:51,  1.21s/it]
 66%|ΓûêΓûêΓûêΓûêΓûêΓûêΓûî   | 1965/3000 [52:08<27:58,  1.62s/it]
 66%|ΓûêΓûêΓûêΓûêΓûêΓûêΓûî   | 1966/3000 [52:10<25:11,  1.46s/it]
 66%|ΓûêΓûêΓûêΓûêΓûêΓûêΓûî   | 1967/3000 [52:12<29:32,  1.72s/it]
 66%|ΓûêΓûêΓûêΓûêΓûêΓûêΓûî   | 1968/3000 [52:13<28:19,  1.65s/it]
 66%|ΓûêΓûêΓûêΓûêΓûêΓûêΓûî   | 1969/3000 [52:15<26:06,  1.52s/it]
 66%|ΓûêΓûêΓûêΓûêΓûêΓûêΓûî   | 1970/3000 [52:16<26:52,  1.57s/it]
 66%|ΓûêΓûêΓûêΓûêΓûêΓûêΓûî   | 1971/3000 [52:18<25:34,  1.49s/it]
 66%|ΓûêΓûêΓûêΓûêΓûêΓûêΓûî   | 1972/3000 [52:19<27:26,  1.60s/it]
 66%|ΓûêΓûêΓûêΓûêΓûêΓûêΓûî   | 1973/3000 [52:22<33:15,  1.94s/it]
 66%|ΓûêΓûêΓûêΓûêΓûêΓûêΓûî   | 1974/3000 [52:23<29:54,  1.75s/it]
 66%|ΓûêΓûêΓûêΓûêΓûêΓûêΓûî   | 1975/3000 [52:25<28:59,  1.70s/it]
 66%|ΓûêΓûêΓûêΓûêΓûêΓûêΓûî   | 1976/3000 [52:27<29:58,  1.76s/it]
 66%|ΓûêΓûêΓûêΓûêΓûêΓûêΓûî   | 1977/3000 [52:29<29:30,  1.73s/it]
 66%|ΓûêΓûêΓûêΓûêΓûêΓûêΓûî   | 1978/3000 [52:30<30:12,  1.77s/it]
 66%|ΓûêΓûêΓûêΓûêΓûêΓûêΓûî   | 1979/3000 [52:32<29:33,  1.74s/it]
 66%|ΓûêΓûêΓûêΓûêΓûêΓûêΓûî   | 1980/3000 [52:34<30:59,  1.82s/it]
 66%|ΓûêΓûêΓûêΓûêΓûêΓûêΓûî   | 1981/3000 [52:35<28:18,  1.67s/it]
 66%|ΓûêΓûêΓûêΓûêΓûêΓûêΓûî   | 1982/3000 [52:38<33:41,  1.99s/it]
 66%|ΓûêΓûêΓûêΓûêΓûêΓûêΓûî   | 1983/3000 [52:39<29:01,  1.71s/it]
 66%|ΓûêΓûêΓûêΓûêΓûêΓûêΓûî   | 1984/3000 [52:41<26:37,  1.57s/it]
 66%|ΓûêΓûêΓûêΓûêΓûêΓûêΓûî   | 1985/3000 [52:42<27:03,  1.60s/it]
 66%|ΓûêΓûêΓûêΓûêΓûêΓûêΓûî   | 1986/3000 [52:44<30:07,  1.78s/it]
 66%|ΓûêΓûêΓûêΓûêΓûêΓûêΓûî   | 1987/3000 [52:47<33:29,  1.98s/it]
 66%|ΓûêΓûêΓûêΓûêΓûêΓûêΓûï   | 1988/3000 [52:48<31:19,  1.86s/it]
 66%|ΓûêΓûêΓûêΓûêΓûêΓûêΓûï   | 1989/3000 [52:49<26:09,  1.55s/it]
 66%|ΓûêΓûêΓûêΓûêΓûêΓûêΓûï   | 1990/3000 [52:50<23:29,  1.40s/it]
 66%|ΓûêΓûêΓûêΓûêΓûêΓûêΓûï   | 1991/3000 [52:51<21:00,  1.25s/it]
 66%|ΓûêΓûêΓûêΓûêΓûêΓûêΓûï   | 1992/3000 [52:52<20:10,  1.20s/it]
 66%|ΓûêΓûêΓûêΓûêΓûêΓûêΓûï   | 1993/3000 [52:54<22:23,  1.33s/it]
 66%|ΓûêΓûêΓûêΓûêΓûêΓûêΓûï   | 1994/3000 [52:55<21:21,  1.27s/it]
 66%|ΓûêΓûêΓûêΓûêΓûêΓûêΓûï   | 1995/3000 [52:57<24:16,  1.45s/it]
 67%|ΓûêΓûêΓûêΓûêΓûêΓûêΓûï   | 1996/3000 [52:59<29:32,  1.77s/it]
 67%|ΓûêΓûêΓûêΓûêΓûêΓûêΓûï   | 1997/3000 [53:01<30:45,  1.84s/it]
 67%|ΓûêΓûêΓûêΓûêΓûêΓûêΓûï   | 1998/3000 [53:04<32:09,  1.93s/it]
 67%|ΓûêΓûêΓûêΓûêΓûêΓûêΓûï   | 1999/3000 [53:05<29:45,  1.78s/it]
 67%|ΓûêΓûêΓûêΓûêΓûêΓûêΓûï   | 2000/3000 [53:06<26:18,  1.58s/it]
 67%|ΓûêΓûêΓûêΓûêΓûêΓûêΓûï   | 2001/3000 [53:09<31:16,  1.88s/it]
 67%|ΓûêΓûêΓûêΓûêΓûêΓûêΓûï   | 2002/3000 [53:11<32:43,  1.97s/it]
 67%|ΓûêΓûêΓûêΓûêΓûêΓûêΓûï   | 2003/3000 [53:13<33:24,  2.01s/it]
 67%|ΓûêΓûêΓûêΓûêΓûêΓûêΓûï   | 2004/3000 [53:14<29:10,  1.76s/it]
 67%|ΓûêΓûêΓûêΓûêΓûêΓûêΓûï   | 2005/3000 [53:17<35:50,  2.16s/it]
 67%|ΓûêΓûêΓûêΓûêΓûêΓûêΓûï   | 2006/3000 [53:19<35:19,  2.13s/it]
 67%|ΓûêΓûêΓûêΓûêΓûêΓûêΓûï   | 2007/3000 [53:20<29:47,  1.80s/it]
 67%|ΓûêΓûêΓûêΓûêΓûêΓûêΓûï   | 2008/3000 [53:22<31:22,  1.90s/it]
 67%|ΓûêΓûêΓûêΓûêΓûêΓûêΓûï   | 2009/3000 [53:24<27:21,  1.66s/it]
 67%|ΓûêΓûêΓûêΓûêΓûêΓûêΓûï   | 2010/3000 [53:25<23:53,  1.45s/it]
 67%|ΓûêΓûêΓûêΓûêΓûêΓûêΓûï   | 2011/3000 [53:26<24:33,  1.49s/it]
 67%|ΓûêΓûêΓûêΓûêΓûêΓûêΓûï   | 2012/3000 [53:28<26:11,  1.59s/it]
 67%|ΓûêΓûêΓûêΓûêΓûêΓûêΓûï   | 2013/3000 [53:29<22:29,  1.37s/it]
 67%|ΓûêΓûêΓûêΓûêΓûêΓûêΓûï   | 2014/3000 [53:30<19:44,  1.20s/it]
 67%|ΓûêΓûêΓûêΓûêΓûêΓûêΓûï   | 2015/3000 [53:31<18:28,  1.13s/it]
 67%|ΓûêΓûêΓûêΓûêΓûêΓûêΓûï   | 2016/3000 [53:32<21:10,  1.29s/it]
 67%|ΓûêΓûêΓûêΓûêΓûêΓûêΓûï   | 2017/3000 [53:34<24:35,  1.50s/it]
 67%|ΓûêΓûêΓûêΓûêΓûêΓûêΓûï   | 2018/3000 [53:35<23:30,  1.44s/it]
 67%|ΓûêΓûêΓûêΓûêΓûêΓûêΓûï   | 2019/3000 [53:37<22:48,  1.39s/it]
 67%|ΓûêΓûêΓûêΓûêΓûêΓûêΓûï   | 2020/3000 [53:38<19:51,  1.22s/it]
 67%|ΓûêΓûêΓûêΓûêΓûêΓûêΓûï   | 2021/3000 [53:40<24:37,  1.51s/it]
 67%|ΓûêΓûêΓûêΓûêΓûêΓûêΓûï   | 2022/3000 [53:41<21:56,  1.35s/it]
 67%|ΓûêΓûêΓûêΓûêΓûêΓûêΓûï   | 2023/3000 [53:42<19:25,  1.19s/it]
 67%|ΓûêΓûêΓûêΓûêΓûêΓûêΓûï   | 2024/3000 [53:43<20:17,  1.25s/it]
 68%|ΓûêΓûêΓûêΓûêΓûêΓûêΓûè   | 2025/3000 [53:44<21:27,  1.32s/it]
 68%|ΓûêΓûêΓûêΓûêΓûêΓûêΓûè   | 2026/3000 [53:45<19:54,  1.23s/it]
 68%|ΓûêΓûêΓûêΓûêΓûêΓûêΓûè   | 2027/3000 [53:47<23:28,  1.45s/it]
 68%|ΓûêΓûêΓûêΓûêΓûêΓûêΓûè   | 2028/3000 [53:49<22:29,  1.39s/it]
 68%|ΓûêΓûêΓûêΓûêΓûêΓûêΓûè   | 2029/3000 [53:50<21:35,  1.33s/it]
 68%|ΓûêΓûêΓûêΓûêΓûêΓûêΓûè   | 2030/3000 [53:51<19:56,  1.23s/it]
 68%|ΓûêΓûêΓûêΓûêΓûêΓûêΓûè   | 2031/3000 [53:54<30:29,  1.89s/it]
 68%|ΓûêΓûêΓûêΓûêΓûêΓûêΓûè   | 2032/3000 [53:55<25:27,  1.58s/it]
 68%|ΓûêΓûêΓûêΓûêΓûêΓûêΓûè   | 2033/3000 [53:57<27:26,  1.70s/it]
 68%|ΓûêΓûêΓûêΓûêΓûêΓûêΓûè   | 2034/3000 [53:59<28:28,  1.77s/it]
 68%|ΓûêΓûêΓûêΓûêΓûêΓûêΓûè   | 2035/3000 [54:01<27:47,  1.73s/it]
 68%|ΓûêΓûêΓûêΓûêΓûêΓûêΓûè   | 2036/3000 [54:02<25:38,  1.60s/it]
 68%|ΓûêΓûêΓûêΓûêΓûêΓûêΓûè   | 2037/3000 [54:03<22:34,  1.41s/it]
 68%|ΓûêΓûêΓûêΓûêΓûêΓûêΓûè   | 2038/3000 [54:06<28:58,  1.81s/it]
 68%|ΓûêΓûêΓûêΓûêΓûêΓûêΓûè   | 2039/3000 [54:08<30:11,  1.88s/it]
 68%|ΓûêΓûêΓûêΓûêΓûêΓûêΓûè   | 2040/3000 [54:09<25:16,  1.58s/it]
 68%|ΓûêΓûêΓûêΓûêΓûêΓûêΓûè   | 2041/3000 [54:10<25:21,  1.59s/it]
 68%|ΓûêΓûêΓûêΓûêΓûêΓûêΓûè   | 2042/3000 [54:11<21:44,  1.36s/it]
 68%|ΓûêΓûêΓûêΓûêΓûêΓûêΓûè   | 2043/3000 [54:13<25:12,  1.58s/it]
 68%|ΓûêΓûêΓûêΓûêΓûêΓûêΓûè   | 2044/3000 [54:15<26:39,  1.67s/it]
 68%|ΓûêΓûêΓûêΓûêΓûêΓûêΓûè   | 2045/3000 [54:17<26:19,  1.65s/it]
 68%|ΓûêΓûêΓûêΓûêΓûêΓûêΓûè   | 2046/3000 [54:18<27:04,  1.70s/it]
 68%|ΓûêΓûêΓûêΓûêΓûêΓûêΓûè   | 2047/3000 [54:21<32:22,  2.04s/it]
 68%|ΓûêΓûêΓûêΓûêΓûêΓûêΓûè   | 2048/3000 [54:22<27:21,  1.72s/it]
 68%|ΓûêΓûêΓûêΓûêΓûêΓûêΓûè   | 2049/3000 [54:24<25:56,  1.64s/it]
 68%|ΓûêΓûêΓûêΓûêΓûêΓûêΓûè   | 2050/3000 [54:26<27:31,  1.74s/it]
 68%|ΓûêΓûêΓûêΓûêΓûêΓûêΓûè   | 2051/3000 [54:27<24:04,  1.52s/it]
 68%|ΓûêΓûêΓûêΓûêΓûêΓûêΓûè   | 2052/3000 [54:28<22:31,  1.43s/it]
 68%|ΓûêΓûêΓûêΓûêΓûêΓûêΓûè   | 2053/3000 [54:29<21:32,  1.36s/it]
 68%|ΓûêΓûêΓûêΓûêΓûêΓûêΓûè   | 2054/3000 [54:30<18:59,  1.20s/it]
 68%|ΓûêΓûêΓûêΓûêΓûêΓûêΓûè   | 2055/3000 [54:31<17:21,  1.10s/it]
 69%|ΓûêΓûêΓûêΓûêΓûêΓûêΓûè   | 2056/3000 [54:32<18:44,  1.19s/it]
 69%|ΓûêΓûêΓûêΓûêΓûêΓûêΓûè   | 2057/3000 [54:35<27:15,  1.73s/it]
 69%|ΓûêΓûêΓûêΓûêΓûêΓûêΓûè   | 2058/3000 [54:37<25:49,  1.64s/it]
 69%|ΓûêΓûêΓûêΓûêΓûêΓûêΓûè   | 2059/3000 [54:40<35:45,  2.28s/it]
 69%|ΓûêΓûêΓûêΓûêΓûêΓûêΓûè   | 2060/3000 [54:42<32:20,  2.06s/it]
 69%|ΓûêΓûêΓûêΓûêΓûêΓûêΓûè   | 2061/3000 [54:44<30:53,  1.97s/it]
 69%|ΓûêΓûêΓûêΓûêΓûêΓûêΓûè   | 2062/3000 [54:45<25:27,  1.63s/it]
 69%|ΓûêΓûêΓûêΓûêΓûêΓûêΓûë   | 2063/3000 [54:45<21:55,  1.40s/it]
 69%|ΓûêΓûêΓûêΓûêΓûêΓûêΓûë   | 2064/3000 [54:47<21:18,  1.37s/it]
 69%|ΓûêΓûêΓûêΓûêΓûêΓûêΓûë   | 2065/3000 [54:49<27:08,  1.74s/it]
 69%|ΓûêΓûêΓûêΓûêΓûêΓûêΓûë   | 2066/3000 [54:51<27:48,  1.79s/it]
 69%|ΓûêΓûêΓûêΓûêΓûêΓûêΓûë   | 2067/3000 [54:52<24:20,  1.57s/it]
 69%|ΓûêΓûêΓûêΓûêΓûêΓûêΓûë   | 2068/3000 [54:53<21:54,  1.41s/it]
 69%|ΓûêΓûêΓûêΓûêΓûêΓûêΓûë   | 2069/3000 [54:55<23:01,  1.48s/it]
 69%|ΓûêΓûêΓûêΓûêΓûêΓûêΓûë   | 2070/3000 [54:57<25:27,  1.64s/it]
 69%|ΓûêΓûêΓûêΓûêΓûêΓûêΓûë   | 2071/3000 [54:58<24:27,  1.58s/it]
 69%|ΓûêΓûêΓûêΓûêΓûêΓûêΓûë   | 2072/3000 [55:01<27:05,  1.75s/it]
 69%|ΓûêΓûêΓûêΓûêΓûêΓûêΓûë   | 2073/3000 [55:02<27:36,  1.79s/it]
 69%|ΓûêΓûêΓûêΓûêΓûêΓûêΓûë   | 2074/3000 [55:04<24:37,  1.60s/it]
 69%|ΓûêΓûêΓûêΓûêΓûêΓûêΓûë   | 2075/3000 [55:05<21:49,  1.42s/it]
 69%|ΓûêΓûêΓûêΓûêΓûêΓûêΓûë   | 2076/3000 [55:06<20:15,  1.32s/it]
 69%|ΓûêΓûêΓûêΓûêΓûêΓûêΓûë   | 2077/3000 [55:07<18:49,  1.22s/it]
 69%|ΓûêΓûêΓûêΓûêΓûêΓûêΓûë   | 2078/3000 [55:08<18:58,  1.23s/it]
 69%|ΓûêΓûêΓûêΓûêΓûêΓûêΓûë   | 2079/3000 [55:09<19:36,  1.28s/it]
 69%|ΓûêΓûêΓûêΓûêΓûêΓûêΓûë   | 2080/3000 [55:10<17:40,  1.15s/it]
 69%|ΓûêΓûêΓûêΓûêΓûêΓûêΓûë   | 2081/3000 [55:12<19:26,  1.27s/it]
 69%|ΓûêΓûêΓûêΓûêΓûêΓûêΓûë   | 2082/3000 [55:13<18:07,  1.19s/it]
 69%|ΓûêΓûêΓûêΓûêΓûêΓûêΓûë   | 2083/3000 [55:15<22:25,  1.47s/it]
 69%|ΓûêΓûêΓûêΓûêΓûêΓûêΓûë   | 2084/3000 [55:16<20:11,  1.32s/it]
 70%|ΓûêΓûêΓûêΓûêΓûêΓûêΓûë   | 2085/3000 [55:17<21:43,  1.42s/it]
 70%|ΓûêΓûêΓûêΓûêΓûêΓûêΓûë   | 2086/3000 [55:19<23:51,  1.57s/it]
 70%|ΓûêΓûêΓûêΓûêΓûêΓûêΓûë   | 2087/3000 [55:21<23:33,  1.55s/it]
 70%|ΓûêΓûêΓûêΓûêΓûêΓûêΓûë   | 2088/3000 [55:22<20:15,  1.33s/it]
 70%|ΓûêΓûêΓûêΓûêΓûêΓûêΓûë   | 2089/3000 [55:23<18:04,  1.19s/it]
 70%|ΓûêΓûêΓûêΓûêΓûêΓûêΓûë   | 2090/3000 [55:25<21:58,  1.45s/it]
 70%|ΓûêΓûêΓûêΓûêΓûêΓûêΓûë   | 2091/3000 [55:27<23:53,  1.58s/it]
 70%|ΓûêΓûêΓûêΓûêΓûêΓûêΓûë   | 2092/3000 [55:28<21:22,  1.41s/it]
 70%|ΓûêΓûêΓûêΓûêΓûêΓûêΓûë   | 2093/3000 [55:29<22:24,  1.48s/it]
 70%|ΓûêΓûêΓûêΓûêΓûêΓûêΓûë   | 2094/3000 [55:31<24:41,  1.63s/it]
 70%|ΓûêΓûêΓûêΓûêΓûêΓûêΓûë   | 2095/3000 [55:33<24:22,  1.62s/it]
 70%|ΓûêΓûêΓûêΓûêΓûêΓûêΓûë   | 2096/3000 [55:34<21:26,  1.42s/it]
 70%|ΓûêΓûêΓûêΓûêΓûêΓûêΓûë   | 2097/3000 [55:40<42:42,  2.84s/it]
 70%|ΓûêΓûêΓûêΓûêΓûêΓûêΓûë   | 2098/3000 [55:42<37:47,  2.51s/it]
 70%|ΓûêΓûêΓûêΓûêΓûêΓûêΓûë   | 2099/3000 [55:43<33:51,  2.26s/it]
 70%|ΓûêΓûêΓûêΓûêΓûêΓûêΓûê   | 2100/3000 [55:45<30:16,  2.02s/it]
 70%|ΓûêΓûêΓûêΓûêΓûêΓûêΓûê   | 2101/3000 [55:47<29:19,  1.96s/it]
 70%|ΓûêΓûêΓûêΓûêΓûêΓûêΓûê   | 2102/3000 [55:48<27:46,  1.86s/it]
 70%|ΓûêΓûêΓûêΓûêΓûêΓûêΓûê   | 2103/3000 [55:50<28:22,  1.90s/it]
 70%|ΓûêΓûêΓûêΓûêΓûêΓûêΓûê   | 2104/3000 [55:52<25:57,  1.74s/it]
 70%|ΓûêΓûêΓûêΓûêΓûêΓûêΓûê   | 2105/3000 [55:52<22:17,  1.49s/it]
 70%|ΓûêΓûêΓûêΓûêΓûêΓûêΓûê   | 2106/3000 [55:54<23:45,  1.59s/it]
 70%|ΓûêΓûêΓûêΓûêΓûêΓûêΓûê   | 2107/3000 [55:56<23:32,  1.58s/it]
 70%|ΓûêΓûêΓûêΓûêΓûêΓûêΓûê   | 2108/3000 [55:57<21:50,  1.47s/it]
 70%|ΓûêΓûêΓûêΓûêΓûêΓûêΓûê   | 2109/3000 [55:59<22:48,  1.54s/it]
 70%|ΓûêΓûêΓûêΓûêΓûêΓûêΓûê   | 2110/3000 [56:00<21:17,  1.43s/it]
 70%|ΓûêΓûêΓûêΓûêΓûêΓûêΓûê   | 2111/3000 [56:01<19:20,  1.31s/it]
 70%|ΓûêΓûêΓûêΓûêΓûêΓûêΓûê   | 2112/3000 [56:02<18:10,  1.23s/it]
 70%|ΓûêΓûêΓûêΓûêΓûêΓûêΓûê   | 2113/3000 [56:03<16:21,  1.11s/it]
 70%|ΓûêΓûêΓûêΓûêΓûêΓûêΓûê   | 2114/3000 [56:04<18:01,  1.22s/it]
 70%|ΓûêΓûêΓûêΓûêΓûêΓûêΓûê   | 2115/3000 [56:06<18:08,  1.23s/it]
 71%|ΓûêΓûêΓûêΓûêΓûêΓûêΓûê   | 2116/3000 [56:08<22:50,  1.55s/it]
 71%|ΓûêΓûêΓûêΓûêΓûêΓûêΓûê   | 2117/3000 [56:09<23:09,  1.57s/it]
 71%|ΓûêΓûêΓûêΓûêΓûêΓûêΓûê   | 2118/3000 [56:11<21:56,  1.49s/it]
 71%|ΓûêΓûêΓûêΓûêΓûêΓûêΓûê   | 2119/3000 [56:12<21:30,  1.46s/it]
 71%|ΓûêΓûêΓûêΓûêΓûêΓûêΓûê   | 2120/3000 [56:14<21:00,  1.43s/it]
 71%|ΓûêΓûêΓûêΓûêΓûêΓûêΓûê   | 2121/3000 [56:15<20:19,  1.39s/it]
 71%|ΓûêΓûêΓûêΓûêΓûêΓûêΓûê   | 2122/3000 [56:16<18:59,  1.30s/it]
 71%|ΓûêΓûêΓûêΓûêΓûêΓûêΓûê   | 2123/3000 [56:18<20:55,  1.43s/it]
 71%|ΓûêΓûêΓûêΓûêΓûêΓûêΓûê   | 2124/3000 [56:19<22:03,  1.51s/it]
 71%|ΓûêΓûêΓûêΓûêΓûêΓûêΓûê   | 2125/3000 [56:22<25:26,  1.74s/it]
 71%|ΓûêΓûêΓûêΓûêΓûêΓûêΓûê   | 2126/3000 [56:24<29:23,  2.02s/it]
 71%|ΓûêΓûêΓûêΓûêΓûêΓûêΓûê   | 2127/3000 [56:26<27:42,  1.90s/it]
 71%|ΓûêΓûêΓûêΓûêΓûêΓûêΓûê   | 2128/3000 [56:28<28:16,  1.95s/it]
 71%|ΓûêΓûêΓûêΓûêΓûêΓûêΓûê   | 2129/3000 [56:29<24:36,  1.69s/it]
 71%|ΓûêΓûêΓûêΓûêΓûêΓûêΓûê   | 2130/3000 [56:32<29:26,  2.03s/it]
 71%|ΓûêΓûêΓûêΓûêΓûêΓûêΓûê   | 2131/3000 [56:34<30:54,  2.13s/it]
 71%|ΓûêΓûêΓûêΓûêΓûêΓûêΓûê   | 2132/3000 [56:36<30:32,  2.11s/it]
 71%|ΓûêΓûêΓûêΓûêΓûêΓûêΓûê   | 2133/3000 [56:37<26:17,  1.82s/it]
 71%|ΓûêΓûêΓûêΓûêΓûêΓûêΓûê   | 2134/3000 [56:41<34:06,  2.36s/it]
 71%|ΓûêΓûêΓûêΓûêΓûêΓûêΓûê   | 2135/3000 [56:43<33:00,  2.29s/it]
 71%|ΓûêΓûêΓûêΓûêΓûêΓûêΓûê   | 2136/3000 [56:45<32:17,  2.24s/it]
 71%|ΓûêΓûêΓûêΓûêΓûêΓûêΓûê   | 2137/3000 [56:47<29:54,  2.08s/it]
 71%|ΓûêΓûêΓûêΓûêΓûêΓûêΓûêΓûÅ  | 2138/3000 [56:50<34:50,  2.42s/it]
 71%|ΓûêΓûêΓûêΓûêΓûêΓûêΓûêΓûÅ  | 2139/3000 [56:52<29:44,  2.07s/it]
 71%|ΓûêΓûêΓûêΓûêΓûêΓûêΓûêΓûÅ  | 2140/3000 [56:53<25:22,  1.77s/it]
 71%|ΓûêΓûêΓûêΓûêΓûêΓûêΓûêΓûÅ  | 2141/3000 [56:54<25:27,  1.78s/it]
 71%|ΓûêΓûêΓûêΓûêΓûêΓûêΓûêΓûÅ  | 2142/3000 [56:56<23:48,  1.67s/it]
 71%|ΓûêΓûêΓûêΓûêΓûêΓûêΓûêΓûÅ  | 2143/3000 [56:58<25:36,  1.79s/it]
 71%|ΓûêΓûêΓûêΓûêΓûêΓûêΓûêΓûÅ  | 2144/3000 [56:59<23:30,  1.65s/it]
 72%|ΓûêΓûêΓûêΓûêΓûêΓûêΓûêΓûÅ  | 2145/3000 [57:00<19:33,  1.37s/it]
 72%|ΓûêΓûêΓûêΓûêΓûêΓûêΓûêΓûÅ  | 2146/3000 [57:01<20:19,  1.43s/it]
 72%|ΓûêΓûêΓûêΓûêΓûêΓûêΓûêΓûÅ  | 2147/3000 [57:02<17:46,  1.25s/it]
 72%|ΓûêΓûêΓûêΓûêΓûêΓûêΓûêΓûÅ  | 2148/3000 [57:04<20:12,  1.42s/it]
 72%|ΓûêΓûêΓûêΓûêΓûêΓûêΓûêΓûÅ  | 2149/3000 [57:06<20:41,  1.46s/it]
 72%|ΓûêΓûêΓûêΓûêΓûêΓûêΓûêΓûÅ  | 2150/3000 [57:07<19:17,  1.36s/it]
 72%|ΓûêΓûêΓûêΓûêΓûêΓûêΓûêΓûÅ  | 2151/3000 [57:08<19:02,  1.35s/it]
 72%|ΓûêΓûêΓûêΓûêΓûêΓûêΓûêΓûÅ  | 2152/3000 [57:10<21:49,  1.54s/it]
 72%|ΓûêΓûêΓûêΓûêΓûêΓûêΓûêΓûÅ  | 2153/3000 [57:12<21:45,  1.54s/it]
 72%|ΓûêΓûêΓûêΓûêΓûêΓûêΓûêΓûÅ  | 2154/3000 [57:13<21:48,  1.55s/it]
 72%|ΓûêΓûêΓûêΓûêΓûêΓûêΓûêΓûÅ  | 2155/3000 [57:14<20:23,  1.45s/it]
 72%|ΓûêΓûêΓûêΓûêΓûêΓûêΓûêΓûÅ  | 2156/3000 [57:15<17:47,  1.26s/it]
 72%|ΓûêΓûêΓûêΓûêΓûêΓûêΓûêΓûÅ  | 2157/3000 [57:17<21:43,  1.55s/it]
 72%|ΓûêΓûêΓûêΓûêΓûêΓûêΓûêΓûÅ  | 2158/3000 [57:18<18:51,  1.34s/it]
 72%|ΓûêΓûêΓûêΓûêΓûêΓûêΓûêΓûÅ  | 2159/3000 [57:21<22:40,  1.62s/it]
 72%|ΓûêΓûêΓûêΓûêΓûêΓûêΓûêΓûÅ  | 2160/3000 [57:22<21:16,  1.52s/it]
 72%|ΓûêΓûêΓûêΓûêΓûêΓûêΓûêΓûÅ  | 2161/3000 [57:24<22:25,  1.60s/it]
 72%|ΓûêΓûêΓûêΓûêΓûêΓûêΓûêΓûÅ  | 2162/3000 [57:25<22:15,  1.59s/it]
 72%|ΓûêΓûêΓûêΓûêΓûêΓûêΓûêΓûÅ  | 2163/3000 [57:26<20:05,  1.44s/it]
 72%|ΓûêΓûêΓûêΓûêΓûêΓûêΓûêΓûÅ  | 2164/3000 [57:28<21:09,  1.52s/it]
 72%|ΓûêΓûêΓûêΓûêΓûêΓûêΓûêΓûÅ  | 2165/3000 [57:29<18:31,  1.33s/it]
 72%|ΓûêΓûêΓûêΓûêΓûêΓûêΓûêΓûÅ  | 2166/3000 [57:30<19:14,  1.38s/it]
 72%|ΓûêΓûêΓûêΓûêΓûêΓûêΓûêΓûÅ  | 2167/3000 [57:31<16:43,  1.20s/it]
 72%|ΓûêΓûêΓûêΓûêΓûêΓûêΓûêΓûÅ  | 2168/3000 [57:39<43:23,  3.13s/it]
 72%|ΓûêΓûêΓûêΓûêΓûêΓûêΓûêΓûÅ  | 2169/3000 [57:41<37:41,  2.72s/it]
 72%|ΓûêΓûêΓûêΓûêΓûêΓûêΓûêΓûÅ  | 2170/3000 [57:43<34:32,  2.50s/it]
 72%|ΓûêΓûêΓûêΓûêΓûêΓûêΓûêΓûÅ  | 2171/3000 [57:44<29:53,  2.16s/it]
 72%|ΓûêΓûêΓûêΓûêΓûêΓûêΓûêΓûÅ  | 2172/3000 [57:45<27:00,  1.96s/it]
 72%|ΓûêΓûêΓûêΓûêΓûêΓûêΓûêΓûÅ  | 2173/3000 [57:46<22:53,  1.66s/it]
 72%|ΓûêΓûêΓûêΓûêΓûêΓûêΓûêΓûÅ  | 2174/3000 [57:50<31:56,  2.32s/it]
 72%|ΓûêΓûêΓûêΓûêΓûêΓûêΓûêΓûÄ  | 2175/3000 [57:52<29:49,  2.17s/it]
 73%|ΓûêΓûêΓûêΓûêΓûêΓûêΓûêΓûÄ  | 2176/3000 [57:54<29:02,  2.12s/it]
 73%|ΓûêΓûêΓûêΓûêΓûêΓûêΓûêΓûÄ  | 2177/3000 [57:56<26:11,  1.91s/it]
 73%|ΓûêΓûêΓûêΓûêΓûêΓûêΓûêΓûÄ  | 2178/3000 [57:57<26:08,  1.91s/it]
 73%|ΓûêΓûêΓûêΓûêΓûêΓûêΓûêΓûÄ  | 2179/3000 [57:59<22:38,  1.65s/it]
 73%|ΓûêΓûêΓûêΓûêΓûêΓûêΓûêΓûÄ  | 2180/3000 [58:00<23:46,  1.74s/it]
 73%|ΓûêΓûêΓûêΓûêΓûêΓûêΓûêΓûÄ  | 2181/3000 [58:02<24:11,  1.77s/it]
 73%|ΓûêΓûêΓûêΓûêΓûêΓûêΓûêΓûÄ  | 2182/3000 [58:03<21:51,  1.60s/it]
 73%|ΓûêΓûêΓûêΓûêΓûêΓûêΓûêΓûÄ  | 2183/3000 [58:06<24:58,  1.83s/it]
 73%|ΓûêΓûêΓûêΓûêΓûêΓûêΓûêΓûÄ  | 2184/3000 [58:07<23:43,  1.74s/it]
 73%|ΓûêΓûêΓûêΓûêΓûêΓûêΓûêΓûÄ  | 2185/3000 [58:10<25:34,  1.88s/it]
 73%|ΓûêΓûêΓûêΓûêΓûêΓûêΓûêΓûÄ  | 2186/3000 [58:11<25:08,  1.85s/it]
 73%|ΓûêΓûêΓûêΓûêΓûêΓûêΓûêΓûÄ  | 2187/3000 [58:13<22:35,  1.67s/it]
 73%|ΓûêΓûêΓûêΓûêΓûêΓûêΓûêΓûÄ  | 2188/3000 [58:15<25:28,  1.88s/it]
 73%|ΓûêΓûêΓûêΓûêΓûêΓûêΓûêΓûÄ  | 2189/3000 [58:18<28:48,  2.13s/it]
 73%|ΓûêΓûêΓûêΓûêΓûêΓûêΓûêΓûÄ  | 2190/3000 [58:20<30:06,  2.23s/it]
 73%|ΓûêΓûêΓûêΓûêΓûêΓûêΓûêΓûÄ  | 2191/3000 [58:22<29:03,  2.16s/it]
 73%|ΓûêΓûêΓûêΓûêΓûêΓûêΓûêΓûÄ  | 2192/3000 [58:25<31:13,  2.32s/it]
 73%|ΓûêΓûêΓûêΓûêΓûêΓûêΓûêΓûÄ  | 2193/3000 [58:27<28:47,  2.14s/it]
 73%|ΓûêΓûêΓûêΓûêΓûêΓûêΓûêΓûÄ  | 2194/3000 [58:30<35:17,  2.63s/it]
 73%|ΓûêΓûêΓûêΓûêΓûêΓûêΓûêΓûÄ  | 2195/3000 [58:33<34:25,  2.57s/it]
 73%|ΓûêΓûêΓûêΓûêΓûêΓûêΓûêΓûÄ  | 2196/3000 [58:34<27:44,  2.07s/it]
 73%|ΓûêΓûêΓûêΓûêΓûêΓûêΓûêΓûÄ  | 2197/3000 [58:35<25:29,  1.91s/it]
 73%|ΓûêΓûêΓûêΓûêΓûêΓûêΓûêΓûÄ  | 2198/3000 [58:38<29:14,  2.19s/it]
 73%|ΓûêΓûêΓûêΓûêΓûêΓûêΓûêΓûÄ  | 2199/3000 [58:39<26:04,  1.95s/it]
 73%|ΓûêΓûêΓûêΓûêΓûêΓûêΓûêΓûÄ  | 2200/3000 [58:41<26:07,  1.96s/it]
 73%|ΓûêΓûêΓûêΓûêΓûêΓûêΓûêΓûÄ  | 2201/3000 [58:44<27:06,  2.04s/it]
 73%|ΓûêΓûêΓûêΓûêΓûêΓûêΓûêΓûÄ  | 2202/3000 [58:45<23:30,  1.77s/it]
 73%|ΓûêΓûêΓûêΓûêΓûêΓûêΓûêΓûÄ  | 2203/3000 [58:46<21:07,  1.59s/it]
 73%|ΓûêΓûêΓûêΓûêΓûêΓûêΓûêΓûÄ  | 2204/3000 [58:47<19:04,  1.44s/it]
 74%|ΓûêΓûêΓûêΓûêΓûêΓûêΓûêΓûÄ  | 2205/3000 [58:48<18:21,  1.39s/it]
 74%|ΓûêΓûêΓûêΓûêΓûêΓûêΓûêΓûÄ  | 2206/3000 [58:50<19:54,  1.50s/it]
 74%|ΓûêΓûêΓûêΓûêΓûêΓûêΓûêΓûÄ  | 2207/3000 [58:52<22:10,  1.68s/it]
 74%|ΓûêΓûêΓûêΓûêΓûêΓûêΓûêΓûÄ  | 2208/3000 [58:54<21:05,  1.60s/it]
 74%|ΓûêΓûêΓûêΓûêΓûêΓûêΓûêΓûÄ  | 2209/3000 [58:56<24:39,  1.87s/it]
 74%|ΓûêΓûêΓûêΓûêΓûêΓûêΓûêΓûÄ  | 2210/3000 [58:57<20:55,  1.59s/it]
 74%|ΓûêΓûêΓûêΓûêΓûêΓûêΓûêΓûÄ  | 2211/3000 [58:59<22:17,  1.70s/it]
 74%|ΓûêΓûêΓûêΓûêΓûêΓûêΓûêΓûÄ  | 2212/3000 [59:00<19:01,  1.45s/it]
 74%|ΓûêΓûêΓûêΓûêΓûêΓûêΓûêΓûì  | 2213/3000 [59:02<21:20,  1.63s/it]
 74%|ΓûêΓûêΓûêΓûêΓûêΓûêΓûêΓûì  | 2214/3000 [59:03<20:17,  1.55s/it]
 74%|ΓûêΓûêΓûêΓûêΓûêΓûêΓûêΓûì  | 2215/3000 [59:04<17:57,  1.37s/it]
 74%|ΓûêΓûêΓûêΓûêΓûêΓûêΓûêΓûì  | 2216/3000 [59:05<16:56,  1.30s/it]
 74%|ΓûêΓûêΓûêΓûêΓûêΓûêΓûêΓûì  | 2217/3000 [59:07<18:42,  1.43s/it]
 74%|ΓûêΓûêΓûêΓûêΓûêΓûêΓûêΓûì  | 2218/3000 [59:09<22:03,  1.69s/it]
 74%|ΓûêΓûêΓûêΓûêΓûêΓûêΓûêΓûì  | 2219/3000 [59:11<21:55,  1.68s/it]
 74%|ΓûêΓûêΓûêΓûêΓûêΓûêΓûêΓûì  | 2220/3000 [59:12<20:15,  1.56s/it]
 74%|ΓûêΓûêΓûêΓûêΓûêΓûêΓûêΓûì  | 2221/3000 [59:14<22:37,  1.74s/it]
 74%|ΓûêΓûêΓûêΓûêΓûêΓûêΓûêΓûì  | 2222/3000 [59:16<22:24,  1.73s/it]
 74%|ΓûêΓûêΓûêΓûêΓûêΓûêΓûêΓûì  | 2223/3000 [59:18<21:45,  1.68s/it]
 74%|ΓûêΓûêΓûêΓûêΓûêΓûêΓûêΓûì  | 2224/3000 [59:20<22:07,  1.71s/it]
 74%|ΓûêΓûêΓûêΓûêΓûêΓûêΓûêΓûì  | 2225/3000 [59:21<22:08,  1.71s/it]
 74%|ΓûêΓûêΓûêΓûêΓûêΓûêΓûêΓûì  | 2226/3000 [59:22<19:56,  1.55s/it]
 74%|ΓûêΓûêΓûêΓûêΓûêΓûêΓûêΓûì  | 2227/3000 [59:24<20:38,  1.60s/it]
 74%|ΓûêΓûêΓûêΓûêΓûêΓûêΓûêΓûì  | 2228/3000 [59:27<25:59,  2.02s/it]
 74%|ΓûêΓûêΓûêΓûêΓûêΓûêΓûêΓûì  | 2229/3000 [59:28<22:53,  1.78s/it]
 74%|ΓûêΓûêΓûêΓûêΓûêΓûêΓûêΓûì  | 2230/3000 [59:30<22:34,  1.76s/it]
 74%|ΓûêΓûêΓûêΓûêΓûêΓûêΓûêΓûì  | 2231/3000 [59:32<22:32,  1.76s/it]
 74%|ΓûêΓûêΓûêΓûêΓûêΓûêΓûêΓûì  | 2232/3000 [59:33<20:08,  1.57s/it]
 74%|ΓûêΓûêΓûêΓûêΓûêΓûêΓûêΓûì  | 2233/3000 [59:34<18:04,  1.41s/it]
 74%|ΓûêΓûêΓûêΓûêΓûêΓûêΓûêΓûì  | 2234/3000 [59:35<16:57,  1.33s/it]
 74%|ΓûêΓûêΓûêΓûêΓûêΓûêΓûêΓûì  | 2235/3000 [59:37<17:41,  1.39s/it]
 75%|ΓûêΓûêΓûêΓûêΓûêΓûêΓûêΓûì  | 2236/3000 [59:38<18:16,  1.43s/it]
 75%|ΓûêΓûêΓûêΓûêΓûêΓûêΓûêΓûì  | 2237/3000 [59:40<18:16,  1.44s/it]
 75%|ΓûêΓûêΓûêΓûêΓûêΓûêΓûêΓûì  | 2238/3000 [59:41<17:21,  1.37s/it]
 75%|ΓûêΓûêΓûêΓûêΓûêΓûêΓûêΓûì  | 2239/3000 [59:43<20:12,  1.59s/it]
 75%|ΓûêΓûêΓûêΓûêΓûêΓûêΓûêΓûì  | 2240/3000 [59:44<17:23,  1.37s/it]
 75%|ΓûêΓûêΓûêΓûêΓûêΓûêΓûêΓûì  | 2241/3000 [59:45<16:51,  1.33s/it]
 75%|ΓûêΓûêΓûêΓûêΓûêΓûêΓûêΓûì  | 2242/3000 [59:47<17:32,  1.39s/it]
 75%|ΓûêΓûêΓûêΓûêΓûêΓûêΓûêΓûì  | 2243/3000 [59:48<16:57,  1.34s/it]
 75%|ΓûêΓûêΓûêΓûêΓûêΓûêΓûêΓûì  | 2244/3000 [59:50<20:58,  1.67s/it]
 75%|ΓûêΓûêΓûêΓûêΓûêΓûêΓûêΓûì  | 2245/3000 [59:51<18:07,  1.44s/it]
 75%|ΓûêΓûêΓûêΓûêΓûêΓûêΓûêΓûì  | 2246/3000 [59:53<19:18,  1.54s/it]
 75%|ΓûêΓûêΓûêΓûêΓûêΓûêΓûêΓûì  | 2247/3000 [59:54<17:15,  1.37s/it]
 75%|ΓûêΓûêΓûêΓûêΓûêΓûêΓûêΓûì  | 2248/3000 [59:56<18:35,  1.48s/it]
 75%|ΓûêΓûêΓûêΓûêΓûêΓûêΓûêΓûì  | 2249/3000 [59:58<20:32,  1.64s/it]
 75%|ΓûêΓûêΓûêΓûêΓûêΓûêΓûêΓûî  | 2250/3000 [59:59<19:09,  1.53s/it]
 75%|ΓûêΓûêΓûêΓûêΓûêΓûêΓûêΓûî  | 2251/3000 [1:00:01<19:56,  1.60s/it]
 75%|ΓûêΓûêΓûêΓûêΓûêΓûêΓûêΓûî  | 2252/3000 [1:00:03<20:45,  1.67s/it]
 75%|ΓûêΓûêΓûêΓûêΓûêΓûêΓûêΓûî  | 2253/3000 [1:00:04<18:56,  1.52s/it]
 75%|ΓûêΓûêΓûêΓûêΓûêΓûêΓûêΓûî  | 2254/3000 [1:00:06<21:09,  1.70s/it]
 75%|ΓûêΓûêΓûêΓûêΓûêΓûêΓûêΓûî  | 2255/3000 [1:00:08<23:21,  1.88s/it]
 75%|ΓûêΓûêΓûêΓûêΓûêΓûêΓûêΓûî  | 2256/3000 [1:00:09<20:47,  1.68s/it]
 75%|ΓûêΓûêΓûêΓûêΓûêΓûêΓûêΓûî  | 2257/3000 [1:00:11<19:04,  1.54s/it]
 75%|ΓûêΓûêΓûêΓûêΓûêΓûêΓûêΓûî  | 2258/3000 [1:00:12<17:53,  1.45s/it]
 75%|ΓûêΓûêΓûêΓûêΓûêΓûêΓûêΓûî  | 2259/3000 [1:00:13<16:56,  1.37s/it]
 75%|ΓûêΓûêΓûêΓûêΓûêΓûêΓûêΓûî  | 2260/3000 [1:00:14<16:04,  1.30s/it]
 75%|ΓûêΓûêΓûêΓûêΓûêΓûêΓûêΓûî  | 2261/3000 [1:00:15<15:09,  1.23s/it]
 75%|ΓûêΓûêΓûêΓûêΓûêΓûêΓûêΓûî  | 2262/3000 [1:00:18<20:35,  1.67s/it]
 75%|ΓûêΓûêΓûêΓûêΓûêΓûêΓûêΓûî  | 2263/3000 [1:00:21<24:09,  1.97s/it]
 75%|ΓûêΓûêΓûêΓûêΓûêΓûêΓûêΓûî  | 2264/3000 [1:00:22<20:33,  1.68s/it]
 76%|ΓûêΓûêΓûêΓûêΓûêΓûêΓûêΓûî  | 2265/3000 [1:00:23<18:00,  1.47s/it]
 76%|ΓûêΓûêΓûêΓûêΓûêΓûêΓûêΓûî  | 2266/3000 [1:00:24<18:35,  1.52s/it]
 76%|ΓûêΓûêΓûêΓûêΓûêΓûêΓûêΓûî  | 2267/3000 [1:00:26<18:03,  1.48s/it]
 76%|ΓûêΓûêΓûêΓûêΓûêΓûêΓûêΓûî  | 2268/3000 [1:00:28<20:55,  1.72s/it]
 76%|ΓûêΓûêΓûêΓûêΓûêΓûêΓûêΓûî  | 2269/3000 [1:00:29<18:08,  1.49s/it]
 76%|ΓûêΓûêΓûêΓûêΓûêΓûêΓûêΓûî  | 2270/3000 [1:00:30<16:15,  1.34s/it]
 76%|ΓûêΓûêΓûêΓûêΓûêΓûêΓûêΓûî  | 2271/3000 [1:00:32<19:20,  1.59s/it]
 76%|ΓûêΓûêΓûêΓûêΓûêΓûêΓûêΓûî  | 2272/3000 [1:00:33<18:26,  1.52s/it]
 76%|ΓûêΓûêΓûêΓûêΓûêΓûêΓûêΓûî  | 2273/3000 [1:00:35<17:51,  1.47s/it]
 76%|ΓûêΓûêΓûêΓûêΓûêΓûêΓûêΓûî  | 2274/3000 [1:00:36<17:45,  1.47s/it]
 76%|ΓûêΓûêΓûêΓûêΓûêΓûêΓûêΓûî  | 2275/3000 [1:00:37<16:13,  1.34s/it]
 76%|ΓûêΓûêΓûêΓûêΓûêΓûêΓûêΓûî  | 2276/3000 [1:00:39<17:05,  1.42s/it]
 76%|ΓûêΓûêΓûêΓûêΓûêΓûêΓûêΓûî  | 2277/3000 [1:00:40<15:55,  1.32s/it]
 76%|ΓûêΓûêΓûêΓûêΓûêΓûêΓûêΓûî  | 2278/3000 [1:00:41<14:44,  1.22s/it]
 76%|ΓûêΓûêΓûêΓûêΓûêΓûêΓûêΓûî  | 2279/3000 [1:00:43<17:24,  1.45s/it]
 76%|ΓûêΓûêΓûêΓûêΓûêΓûêΓûêΓûî  | 2280/3000 [1:00:44<17:20,  1.45s/it]
 76%|ΓûêΓûêΓûêΓûêΓûêΓûêΓûêΓûî  | 2281/3000 [1:00:47<21:48,  1.82s/it]
 76%|ΓûêΓûêΓûêΓûêΓûêΓûêΓûêΓûî  | 2282/3000 [1:00:49<21:51,  1.83s/it]
 76%|ΓûêΓûêΓûêΓûêΓûêΓûêΓûêΓûî  | 2283/3000 [1:00:50<20:52,  1.75s/it]
 76%|ΓûêΓûêΓûêΓûêΓûêΓûêΓûêΓûî  | 2284/3000 [1:00:52<22:12,  1.86s/it]
 76%|ΓûêΓûêΓûêΓûêΓûêΓûêΓûêΓûî  | 2285/3000 [1:00:54<19:09,  1.61s/it]
 76%|ΓûêΓûêΓûêΓûêΓûêΓûêΓûêΓûî  | 2286/3000 [1:00:56<21:28,  1.80s/it]
 76%|ΓûêΓûêΓûêΓûêΓûêΓûêΓûêΓûî  | 2287/3000 [1:00:57<20:24,  1.72s/it]
 76%|ΓûêΓûêΓûêΓûêΓûêΓûêΓûêΓûï  | 2288/3000 [1:00:59<20:08,  1.70s/it]
 76%|ΓûêΓûêΓûêΓûêΓûêΓûêΓûêΓûï  | 2289/3000 [1:01:00<19:39,  1.66s/it]
 76%|ΓûêΓûêΓûêΓûêΓûêΓûêΓûêΓûï  | 2290/3000 [1:01:03<21:08,  1.79s/it]
 76%|ΓûêΓûêΓûêΓûêΓûêΓûêΓûêΓûï  | 2291/3000 [1:01:04<19:52,  1.68s/it]
 76%|ΓûêΓûêΓûêΓûêΓûêΓûêΓûêΓûï  | 2292/3000 [1:01:07<22:57,  1.95s/it]
 76%|ΓûêΓûêΓûêΓûêΓûêΓûêΓûêΓûï  | 2293/3000 [1:01:08<22:41,  1.93s/it]
 76%|ΓûêΓûêΓûêΓûêΓûêΓûêΓûêΓûï  | 2294/3000 [1:01:10<22:03,  1.87s/it]
 76%|ΓûêΓûêΓûêΓûêΓûêΓûêΓûêΓûï  | 2295/3000 [1:01:14<30:21,  2.58s/it]
 77%|ΓûêΓûêΓûêΓûêΓûêΓûêΓûêΓûï  | 2296/3000 [1:01:16<27:46,  2.37s/it]
 77%|ΓûêΓûêΓûêΓûêΓûêΓûêΓûêΓûï  | 2297/3000 [1:01:19<27:45,  2.37s/it]
 77%|ΓûêΓûêΓûêΓûêΓûêΓûêΓûêΓûï  | 2298/3000 [1:01:21<29:12,  2.50s/it]
 77%|ΓûêΓûêΓûêΓûêΓûêΓûêΓûêΓûï  | 2299/3000 [1:01:23<25:40,  2.20s/it]
 77%|ΓûêΓûêΓûêΓûêΓûêΓûêΓûêΓûï  | 2300/3000 [1:01:24<22:09,  1.90s/it]
 77%|ΓûêΓûêΓûêΓûêΓûêΓûêΓûêΓûï  | 2301/3000 [1:01:29<34:01,  2.92s/it]
 77%|ΓûêΓûêΓûêΓûêΓûêΓûêΓûêΓûï  | 2302/3000 [1:01:31<28:20,  2.44s/it]
 77%|ΓûêΓûêΓûêΓûêΓûêΓûêΓûêΓûï  | 2303/3000 [1:01:32<24:42,  2.13s/it]
 77%|ΓûêΓûêΓûêΓûêΓûêΓûêΓûêΓûï  | 2304/3000 [1:01:34<23:45,  2.05s/it]
 77%|ΓûêΓûêΓûêΓûêΓûêΓûêΓûêΓûï  | 2305/3000 [1:01:36<23:03,  1.99s/it]
 77%|ΓûêΓûêΓûêΓûêΓûêΓûêΓûêΓûï  | 2306/3000 [1:01:38<22:21,  1.93s/it]
 77%|ΓûêΓûêΓûêΓûêΓûêΓûêΓûêΓûï  | 2307/3000 [1:01:40<22:22,  1.94s/it]
 77%|ΓûêΓûêΓûêΓûêΓûêΓûêΓûêΓûï  | 2308/3000 [1:01:42<23:21,  2.03s/it]
 77%|ΓûêΓûêΓûêΓûêΓûêΓûêΓûêΓûï  | 2309/3000 [1:01:44<22:46,  1.98s/it]
 77%|ΓûêΓûêΓûêΓûêΓûêΓûêΓûêΓûï  | 2310/3000 [1:01:45<20:42,  1.80s/it]
 77%|ΓûêΓûêΓûêΓûêΓûêΓûêΓûêΓûï  | 2311/3000 [1:01:47<20:05,  1.75s/it]
 77%|ΓûêΓûêΓûêΓûêΓûêΓûêΓûêΓûï  | 2312/3000 [1:01:49<21:21,  1.86s/it]
 77%|ΓûêΓûêΓûêΓûêΓûêΓûêΓûêΓûï  | 2313/3000 [1:01:50<18:23,  1.61s/it]
 77%|ΓûêΓûêΓûêΓûêΓûêΓûêΓûêΓûï  | 2314/3000 [1:01:52<19:52,  1.74s/it]
 77%|ΓûêΓûêΓûêΓûêΓûêΓûêΓûêΓûï  | 2315/3000 [1:01:54<20:51,  1.83s/it]
 77%|ΓûêΓûêΓûêΓûêΓûêΓûêΓûêΓûï  | 2316/3000 [1:01:56<19:43,  1.73s/it]
 77%|ΓûêΓûêΓûêΓûêΓûêΓûêΓûêΓûï  | 2317/3000 [1:01:57<18:20,  1.61s/it]
 77%|ΓûêΓûêΓûêΓûêΓûêΓûêΓûêΓûï  | 2318/3000 [1:01:58<16:10,  1.42s/it]
 77%|ΓûêΓûêΓûêΓûêΓûêΓûêΓûêΓûï  | 2319/3000 [1:01:59<14:52,  1.31s/it]
 77%|ΓûêΓûêΓûêΓûêΓûêΓûêΓûêΓûï  | 2320/3000 [1:02:00<15:44,  1.39s/it]
 77%|ΓûêΓûêΓûêΓûêΓûêΓûêΓûêΓûï  | 2321/3000 [1:02:03<18:48,  1.66s/it]
 77%|ΓûêΓûêΓûêΓûêΓûêΓûêΓûêΓûï  | 2322/3000 [1:02:06<22:30,  1.99s/it]
 77%|ΓûêΓûêΓûêΓûêΓûêΓûêΓûêΓûï  | 2323/3000 [1:02:07<19:33,  1.73s/it]
 77%|ΓûêΓûêΓûêΓûêΓûêΓûêΓûêΓûï  | 2324/3000 [1:02:08<18:11,  1.61s/it]
 78%|ΓûêΓûêΓûêΓûêΓûêΓûêΓûêΓûè  | 2325/3000 [1:02:10<18:17,  1.63s/it]
 78%|ΓûêΓûêΓûêΓûêΓûêΓûêΓûêΓûè  | 2326/3000 [1:02:12<19:54,  1.77s/it]
 78%|ΓûêΓûêΓûêΓûêΓûêΓûêΓûêΓûè  | 2327/3000 [1:02:13<18:48,  1.68s/it]
 78%|ΓûêΓûêΓûêΓûêΓûêΓûêΓûêΓûè  | 2328/3000 [1:02:15<18:22,  1.64s/it]
 78%|ΓûêΓûêΓûêΓûêΓûêΓûêΓûêΓûè  | 2329/3000 [1:02:17<19:18,  1.73s/it]
 78%|ΓûêΓûêΓûêΓûêΓûêΓûêΓûêΓûè  | 2330/3000 [1:02:18<16:18,  1.46s/it]
 78%|ΓûêΓûêΓûêΓûêΓûêΓûêΓûêΓûè  | 2331/3000 [1:02:21<22:30,  2.02s/it]
 78%|ΓûêΓûêΓûêΓûêΓûêΓûêΓûêΓûè  | 2332/3000 [1:02:24<27:04,  2.43s/it]
 78%|ΓûêΓûêΓûêΓûêΓûêΓûêΓûêΓûè  | 2333/3000 [1:02:27<27:09,  2.44s/it]
 78%|ΓûêΓûêΓûêΓûêΓûêΓûêΓûêΓûè  | 2334/3000 [1:02:29<27:01,  2.43s/it]
 78%|ΓûêΓûêΓûêΓûêΓûêΓûêΓûêΓûè  | 2335/3000 [1:02:31<25:17,  2.28s/it]
 78%|ΓûêΓûêΓûêΓûêΓûêΓûêΓûêΓûè  | 2336/3000 [1:02:35<31:00,  2.80s/it]
 78%|ΓûêΓûêΓûêΓûêΓûêΓûêΓûêΓûè  | 2337/3000 [1:02:37<27:20,  2.47s/it]
 78%|ΓûêΓûêΓûêΓûêΓûêΓûêΓûêΓûè  | 2338/3000 [1:02:38<22:41,  2.06s/it]
 78%|ΓûêΓûêΓûêΓûêΓûêΓûêΓûêΓûè  | 2339/3000 [1:02:39<20:50,  1.89s/it]
 78%|ΓûêΓûêΓûêΓûêΓûêΓûêΓûêΓûè  | 2340/3000 [1:02:41<19:38,  1.79s/it]
 78%|ΓûêΓûêΓûêΓûêΓûêΓûêΓûêΓûè  | 2341/3000 [1:02:42<17:53,  1.63s/it]
 78%|ΓûêΓûêΓûêΓûêΓûêΓûêΓûêΓûè  | 2342/3000 [1:02:44<18:40,  1.70s/it]
 78%|ΓûêΓûêΓûêΓûêΓûêΓûêΓûêΓûè  | 2343/3000 [1:02:45<16:02,  1.47s/it]
 78%|ΓûêΓûêΓûêΓûêΓûêΓûêΓûêΓûè  | 2344/3000 [1:02:47<16:30,  1.51s/it]
 78%|ΓûêΓûêΓûêΓûêΓûêΓûêΓûêΓûè  | 2345/3000 [1:02:49<19:35,  1.79s/it]
 78%|ΓûêΓûêΓûêΓûêΓûêΓûêΓûêΓûè  | 2346/3000 [1:02:50<17:53,  1.64s/it]
 78%|ΓûêΓûêΓûêΓûêΓûêΓûêΓûêΓûè  | 2347/3000 [1:02:51<14:56,  1.37s/it]
 78%|ΓûêΓûêΓûêΓûêΓûêΓûêΓûêΓûè  | 2348/3000 [1:02:53<15:23,  1.42s/it]
 78%|ΓûêΓûêΓûêΓûêΓûêΓûêΓûêΓûè  | 2349/3000 [1:02:54<14:18,  1.32s/it]
 78%|ΓûêΓûêΓûêΓûêΓûêΓûêΓûêΓûè  | 2350/3000 [1:02:54<12:26,  1.15s/it]
 78%|ΓûêΓûêΓûêΓûêΓûêΓûêΓûêΓûè  | 2351/3000 [1:02:55<11:37,  1.07s/it]
 78%|ΓûêΓûêΓûêΓûêΓûêΓûêΓûêΓûè  | 2352/3000 [1:02:57<12:10,  1.13s/it]
 78%|ΓûêΓûêΓûêΓûêΓûêΓûêΓûêΓûè  | 2353/3000 [1:02:57<11:04,  1.03s/it]
 78%|ΓûêΓûêΓûêΓûêΓûêΓûêΓûêΓûè  | 2354/3000 [1:02:59<11:49,  1.10s/it]
 78%|ΓûêΓûêΓûêΓûêΓûêΓûêΓûêΓûè  | 2355/3000 [1:03:00<12:15,  1.14s/it]
 79%|ΓûêΓûêΓûêΓûêΓûêΓûêΓûêΓûè  | 2356/3000 [1:03:02<15:37,  1.46s/it]
 79%|ΓûêΓûêΓûêΓûêΓûêΓûêΓûêΓûè  | 2357/3000 [1:03:03<13:31,  1.26s/it]
 79%|ΓûêΓûêΓûêΓûêΓûêΓûêΓûêΓûè  | 2358/3000 [1:03:04<14:01,  1.31s/it]
 79%|ΓûêΓûêΓûêΓûêΓûêΓûêΓûêΓûè  | 2359/3000 [1:03:06<15:07,  1.42s/it]
 79%|ΓûêΓûêΓûêΓûêΓûêΓûêΓûêΓûè  | 2360/3000 [1:03:09<18:53,  1.77s/it]
 79%|ΓûêΓûêΓûêΓûêΓûêΓûêΓûêΓûè  | 2361/3000 [1:03:10<17:41,  1.66s/it]
 79%|ΓûêΓûêΓûêΓûêΓûêΓûêΓûêΓûè  | 2362/3000 [1:03:11<16:23,  1.54s/it]
 79%|ΓûêΓûêΓûêΓûêΓûêΓûêΓûêΓûë  | 2363/3000 [1:03:13<16:52,  1.59s/it]
 79%|ΓûêΓûêΓûêΓûêΓûêΓûêΓûêΓûë  | 2364/3000 [1:03:14<15:19,  1.45s/it]
 79%|ΓûêΓûêΓûêΓûêΓûêΓûêΓûêΓûë  | 2365/3000 [1:03:16<16:28,  1.56s/it]
 79%|ΓûêΓûêΓûêΓûêΓûêΓûêΓûêΓûë  | 2366/3000 [1:03:17<14:05,  1.33s/it]
 79%|ΓûêΓûêΓûêΓûêΓûêΓûêΓûêΓûë  | 2367/3000 [1:03:19<16:55,  1.60s/it]
 79%|ΓûêΓûêΓûêΓûêΓûêΓûêΓûêΓûë  | 2368/3000 [1:03:20<14:46,  1.40s/it]
 79%|ΓûêΓûêΓûêΓûêΓûêΓûêΓûêΓûë  | 2369/3000 [1:03:21<13:14,  1.26s/it]
 79%|ΓûêΓûêΓûêΓûêΓûêΓûêΓûêΓûë  | 2370/3000 [1:03:22<12:58,  1.24s/it]
 79%|ΓûêΓûêΓûêΓûêΓûêΓûêΓûêΓûë  | 2371/3000 [1:03:23<13:16,  1.27s/it]
 79%|ΓûêΓûêΓûêΓûêΓûêΓûêΓûêΓûë  | 2372/3000 [1:03:25<13:47,  1.32s/it]
 79%|ΓûêΓûêΓûêΓûêΓûêΓûêΓûêΓûë  | 2373/3000 [1:03:26<13:15,  1.27s/it]
 79%|ΓûêΓûêΓûêΓûêΓûêΓûêΓûêΓûë  | 2374/3000 [1:03:27<14:21,  1.38s/it]
 79%|ΓûêΓûêΓûêΓûêΓûêΓûêΓûêΓûë  | 2375/3000 [1:03:29<14:02,  1.35s/it]
 79%|ΓûêΓûêΓûêΓûêΓûêΓûêΓûêΓûë  | 2376/3000 [1:03:30<15:05,  1.45s/it]
 79%|ΓûêΓûêΓûêΓûêΓûêΓûêΓûêΓûë  | 2377/3000 [1:03:32<14:05,  1.36s/it]
 79%|ΓûêΓûêΓûêΓûêΓûêΓûêΓûêΓûë  | 2378/3000 [1:03:32<12:16,  1.18s/it]
 79%|ΓûêΓûêΓûêΓûêΓûêΓûêΓûêΓûë  | 2379/3000 [1:03:34<12:31,  1.21s/it]
 79%|ΓûêΓûêΓûêΓûêΓûêΓûêΓûêΓûë  | 2380/3000 [1:03:35<14:03,  1.36s/it]
 79%|ΓûêΓûêΓûêΓûêΓûêΓûêΓûêΓûë  | 2381/3000 [1:03:38<16:30,  1.60s/it]
 79%|ΓûêΓûêΓûêΓûêΓûêΓûêΓûêΓûë  | 2382/3000 [1:03:39<15:39,  1.52s/it]
 79%|ΓûêΓûêΓûêΓûêΓûêΓûêΓûêΓûë  | 2383/3000 [1:03:40<15:00,  1.46s/it]
 79%|ΓûêΓûêΓûêΓûêΓûêΓûêΓûêΓûë  | 2384/3000 [1:03:43<18:41,  1.82s/it]
 80%|ΓûêΓûêΓûêΓûêΓûêΓûêΓûêΓûë  | 2385/3000 [1:03:45<18:16,  1.78s/it]
 80%|ΓûêΓûêΓûêΓûêΓûêΓûêΓûêΓûë  | 2386/3000 [1:03:47<20:07,  1.97s/it]
 80%|ΓûêΓûêΓûêΓûêΓûêΓûêΓûêΓûë  | 2387/3000 [1:03:49<19:25,  1.90s/it]
 80%|ΓûêΓûêΓûêΓûêΓûêΓûêΓûêΓûë  | 2388/3000 [1:03:51<19:52,  1.95s/it]
 80%|ΓûêΓûêΓûêΓûêΓûêΓûêΓûêΓûë  | 2389/3000 [1:03:52<18:48,  1.85s/it]
 80%|ΓûêΓûêΓûêΓûêΓûêΓûêΓûêΓûë  | 2390/3000 [1:03:54<17:15,  1.70s/it]
 80%|ΓûêΓûêΓûêΓûêΓûêΓûêΓûêΓûë  | 2391/3000 [1:03:55<14:58,  1.48s/it]
 80%|ΓûêΓûêΓûêΓûêΓûêΓûêΓûêΓûë  | 2392/3000 [1:03:56<13:15,  1.31s/it]
 80%|ΓûêΓûêΓûêΓûêΓûêΓûêΓûêΓûë  | 2393/3000 [1:03:57<14:24,  1.42s/it]
 80%|ΓûêΓûêΓûêΓûêΓûêΓûêΓûêΓûë  | 2394/3000 [1:03:58<12:42,  1.26s/it]
 80%|ΓûêΓûêΓûêΓûêΓûêΓûêΓûêΓûë  | 2395/3000 [1:04:00<14:27,  1.43s/it]
 80%|ΓûêΓûêΓûêΓûêΓûêΓûêΓûêΓûë  | 2396/3000 [1:04:01<13:02,  1.30s/it]
 80%|ΓûêΓûêΓûêΓûêΓûêΓûêΓûêΓûë  | 2397/3000 [1:04:03<14:39,  1.46s/it]
 80%|ΓûêΓûêΓûêΓûêΓûêΓûêΓûêΓûë  | 2398/3000 [1:04:05<17:02,  1.70s/it]
 80%|ΓûêΓûêΓûêΓûêΓûêΓûêΓûêΓûë  | 2399/3000 [1:04:06<15:17,  1.53s/it]
 80%|ΓûêΓûêΓûêΓûêΓûêΓûêΓûêΓûê  | 2400/3000 [1:04:08<15:12,  1.52s/it]
 80%|ΓûêΓûêΓûêΓûêΓûêΓûêΓûêΓûê  | 2401/3000 [1:04:09<15:29,  1.55s/it]
 80%|ΓûêΓûêΓûêΓûêΓûêΓûêΓûêΓûê  | 2402/3000 [1:04:10<14:25,  1.45s/it]
 80%|ΓûêΓûêΓûêΓûêΓûêΓûêΓûêΓûê  | 2403/3000 [1:04:13<16:13,  1.63s/it]
 80%|ΓûêΓûêΓûêΓûêΓûêΓûêΓûêΓûê  | 2404/3000 [1:04:14<15:40,  1.58s/it]
 80%|ΓûêΓûêΓûêΓûêΓûêΓûêΓûêΓûê  | 2405/3000 [1:04:17<19:56,  2.01s/it]
 80%|ΓûêΓûêΓûêΓûêΓûêΓûêΓûêΓûê  | 2406/3000 [1:04:19<19:19,  1.95s/it]
 80%|ΓûêΓûêΓûêΓûêΓûêΓûêΓûêΓûê  | 2407/3000 [1:04:22<22:05,  2.24s/it]
 80%|ΓûêΓûêΓûêΓûêΓûêΓûêΓûêΓûê  | 2408/3000 [1:04:24<21:09,  2.14s/it]
 80%|ΓûêΓûêΓûêΓûêΓûêΓûêΓûêΓûê  | 2409/3000 [1:04:25<19:03,  1.93s/it]
 80%|ΓûêΓûêΓûêΓûêΓûêΓûêΓûêΓûê  | 2410/3000 [1:04:27<18:11,  1.85s/it]
 80%|ΓûêΓûêΓûêΓûêΓûêΓûêΓûêΓûê  | 2411/3000 [1:04:30<21:33,  2.20s/it]
 80%|ΓûêΓûêΓûêΓûêΓûêΓûêΓûêΓûê  | 2412/3000 [1:04:33<23:05,  2.36s/it]
 80%|ΓûêΓûêΓûêΓûêΓûêΓûêΓûêΓûê  | 2413/3000 [1:04:35<24:28,  2.50s/it]
 80%|ΓûêΓûêΓûêΓûêΓûêΓûêΓûêΓûê  | 2414/3000 [1:04:37<21:19,  2.18s/it]
 80%|ΓûêΓûêΓûêΓûêΓûêΓûêΓûêΓûê  | 2415/3000 [1:04:38<18:41,  1.92s/it]
 81%|ΓûêΓûêΓûêΓûêΓûêΓûêΓûêΓûê  | 2416/3000 [1:04:40<19:26,  2.00s/it]
 81%|ΓûêΓûêΓûêΓûêΓûêΓûêΓûêΓûê  | 2417/3000 [1:04:42<19:39,  2.02s/it]
 81%|ΓûêΓûêΓûêΓûêΓûêΓûêΓûêΓûê  | 2418/3000 [1:04:44<17:48,  1.84s/it]
 81%|ΓûêΓûêΓûêΓûêΓûêΓûêΓûêΓûê  | 2419/3000 [1:04:46<18:09,  1.88s/it]
 81%|ΓûêΓûêΓûêΓûêΓûêΓûêΓûêΓûê  | 2420/3000 [1:04:48<18:02,  1.87s/it]
 81%|ΓûêΓûêΓûêΓûêΓûêΓûêΓûêΓûê  | 2421/3000 [1:04:49<15:42,  1.63s/it]
 81%|ΓûêΓûêΓûêΓûêΓûêΓûêΓûêΓûê  | 2422/3000 [1:04:51<16:52,  1.75s/it]
 81%|ΓûêΓûêΓûêΓûêΓûêΓûêΓûêΓûê  | 2423/3000 [1:04:54<21:13,  2.21s/it]
 81%|ΓûêΓûêΓûêΓûêΓûêΓûêΓûêΓûê  | 2424/3000 [1:04:55<19:11,  2.00s/it]
 81%|ΓûêΓûêΓûêΓûêΓûêΓûêΓûêΓûê  | 2425/3000 [1:04:57<17:37,  1.84s/it]
 81%|ΓûêΓûêΓûêΓûêΓûêΓûêΓûêΓûê  | 2426/3000 [1:04:58<16:15,  1.70s/it]
 81%|ΓûêΓûêΓûêΓûêΓûêΓûêΓûêΓûê  | 2427/3000 [1:04:59<14:26,  1.51s/it]
 81%|ΓûêΓûêΓûêΓûêΓûêΓûêΓûêΓûê  | 2428/3000 [1:05:01<13:25,  1.41s/it]
 81%|ΓûêΓûêΓûêΓûêΓûêΓûêΓûêΓûê  | 2429/3000 [1:05:03<15:47,  1.66s/it]
 81%|ΓûêΓûêΓûêΓûêΓûêΓûêΓûêΓûê  | 2430/3000 [1:05:07<22:13,  2.34s/it]
 81%|ΓûêΓûêΓûêΓûêΓûêΓûêΓûêΓûê  | 2431/3000 [1:05:08<18:23,  1.94s/it]
 81%|ΓûêΓûêΓûêΓûêΓûêΓûêΓûêΓûê  | 2432/3000 [1:05:09<16:26,  1.74s/it]
 81%|ΓûêΓûêΓûêΓûêΓûêΓûêΓûêΓûê  | 2433/3000 [1:05:11<16:22,  1.73s/it]
 81%|ΓûêΓûêΓûêΓûêΓûêΓûêΓûêΓûê  | 2434/3000 [1:05:13<16:47,  1.78s/it]
 81%|ΓûêΓûêΓûêΓûêΓûêΓûêΓûêΓûê  | 2435/3000 [1:05:14<16:51,  1.79s/it]
 81%|ΓûêΓûêΓûêΓûêΓûêΓûêΓûêΓûê  | 2436/3000 [1:05:16<16:29,  1.76s/it]
 81%|ΓûêΓûêΓûêΓûêΓûêΓûêΓûêΓûê  | 2437/3000 [1:05:20<22:10,  2.36s/it]
 81%|ΓûêΓûêΓûêΓûêΓûêΓûêΓûêΓûêΓûÅ | 2438/3000 [1:05:21<20:05,  2.14s/it]
 81%|ΓûêΓûêΓûêΓûêΓûêΓûêΓûêΓûêΓûÅ | 2439/3000 [1:05:23<17:03,  1.82s/it]
 81%|ΓûêΓûêΓûêΓûêΓûêΓûêΓûêΓûêΓûÅ | 2440/3000 [1:05:24<15:54,  1.70s/it]
 81%|ΓûêΓûêΓûêΓûêΓûêΓûêΓûêΓûêΓûÅ | 2441/3000 [1:05:26<15:47,  1.70s/it]
 81%|ΓûêΓûêΓûêΓûêΓûêΓûêΓûêΓûêΓûÅ | 2442/3000 [1:05:27<15:47,  1.70s/it]
 81%|ΓûêΓûêΓûêΓûêΓûêΓûêΓûêΓûêΓûÅ | 2443/3000 [1:05:30<18:30,  1.99s/it]
 81%|ΓûêΓûêΓûêΓûêΓûêΓûêΓûêΓûêΓûÅ | 2444/3000 [1:05:34<23:18,  2.52s/it]
 82%|ΓûêΓûêΓûêΓûêΓûêΓûêΓûêΓûêΓûÅ | 2445/3000 [1:05:36<22:23,  2.42s/it]
 82%|ΓûêΓûêΓûêΓûêΓûêΓûêΓûêΓûêΓûÅ | 2446/3000 [1:05:37<18:51,  2.04s/it]
 82%|ΓûêΓûêΓûêΓûêΓûêΓûêΓûêΓûêΓûÅ | 2447/3000 [1:05:38<16:06,  1.75s/it]
 82%|ΓûêΓûêΓûêΓûêΓûêΓûêΓûêΓûêΓûÅ | 2448/3000 [1:05:41<17:40,  1.92s/it]
 82%|ΓûêΓûêΓûêΓûêΓûêΓûêΓûêΓûêΓûÅ | 2449/3000 [1:05:42<17:16,  1.88s/it]
 82%|ΓûêΓûêΓûêΓûêΓûêΓûêΓûêΓûêΓûÅ | 2450/3000 [1:05:43<15:01,  1.64s/it]
 82%|ΓûêΓûêΓûêΓûêΓûêΓûêΓûêΓûêΓûÅ | 2451/3000 [1:05:45<13:48,  1.51s/it]
 82%|ΓûêΓûêΓûêΓûêΓûêΓûêΓûêΓûêΓûÅ | 2452/3000 [1:05:46<13:42,  1.50s/it]
 82%|ΓûêΓûêΓûêΓûêΓûêΓûêΓûêΓûêΓûÅ | 2453/3000 [1:05:47<13:20,  1.46s/it]
 82%|ΓûêΓûêΓûêΓûêΓûêΓûêΓûêΓûêΓûÅ | 2454/3000 [1:05:50<15:58,  1.76s/it]
 82%|ΓûêΓûêΓûêΓûêΓûêΓûêΓûêΓûêΓûÅ | 2455/3000 [1:05:51<14:34,  1.60s/it]
 82%|ΓûêΓûêΓûêΓûêΓûêΓûêΓûêΓûêΓûÅ | 2456/3000 [1:05:52<13:04,  1.44s/it]
 82%|ΓûêΓûêΓûêΓûêΓûêΓûêΓûêΓûêΓûÅ | 2457/3000 [1:05:54<13:12,  1.46s/it]
 82%|ΓûêΓûêΓûêΓûêΓûêΓûêΓûêΓûêΓûÅ | 2458/3000 [1:05:56<15:44,  1.74s/it]
 82%|ΓûêΓûêΓûêΓûêΓûêΓûêΓûêΓûêΓûÅ | 2459/3000 [1:05:58<15:41,  1.74s/it]
 82%|ΓûêΓûêΓûêΓûêΓûêΓûêΓûêΓûêΓûÅ | 2460/3000 [1:06:00<16:45,  1.86s/it]
 82%|ΓûêΓûêΓûêΓûêΓûêΓûêΓûêΓûêΓûÅ | 2461/3000 [1:06:03<19:33,  2.18s/it]
 82%|ΓûêΓûêΓûêΓûêΓûêΓûêΓûêΓûêΓûÅ | 2462/3000 [1:06:04<17:02,  1.90s/it]
 82%|ΓûêΓûêΓûêΓûêΓûêΓûêΓûêΓûêΓûÅ | 2463/3000 [1:06:07<18:31,  2.07s/it]
 82%|ΓûêΓûêΓûêΓûêΓûêΓûêΓûêΓûêΓûÅ | 2464/3000 [1:06:08<16:27,  1.84s/it]
 82%|ΓûêΓûêΓûêΓûêΓûêΓûêΓûêΓûêΓûÅ | 2465/3000 [1:06:10<16:31,  1.85s/it]
 82%|ΓûêΓûêΓûêΓûêΓûêΓûêΓûêΓûêΓûÅ | 2466/3000 [1:06:12<17:08,  1.93s/it]
 82%|ΓûêΓûêΓûêΓûêΓûêΓûêΓûêΓûêΓûÅ | 2467/3000 [1:06:13<15:41,  1.77s/it]
 82%|ΓûêΓûêΓûêΓûêΓûêΓûêΓûêΓûêΓûÅ | 2468/3000 [1:06:15<14:39,  1.65s/it]
 82%|ΓûêΓûêΓûêΓûêΓûêΓûêΓûêΓûêΓûÅ | 2469/3000 [1:06:16<14:39,  1.66s/it]
 82%|ΓûêΓûêΓûêΓûêΓûêΓûêΓûêΓûêΓûÅ | 2470/3000 [1:06:19<17:21,  1.97s/it]
 82%|ΓûêΓûêΓûêΓûêΓûêΓûêΓûêΓûêΓûÅ | 2471/3000 [1:06:20<14:54,  1.69s/it]
 82%|ΓûêΓûêΓûêΓûêΓûêΓûêΓûêΓûêΓûÅ | 2472/3000 [1:06:22<15:24,  1.75s/it]
 82%|ΓûêΓûêΓûêΓûêΓûêΓûêΓûêΓûêΓûÅ | 2473/3000 [1:06:24<17:02,  1.94s/it]
 82%|ΓûêΓûêΓûêΓûêΓûêΓûêΓûêΓûêΓûÅ | 2474/3000 [1:06:25<14:42,  1.68s/it]
 82%|ΓûêΓûêΓûêΓûêΓûêΓûêΓûêΓûêΓûÄ | 2475/3000 [1:06:27<15:09,  1.73s/it]
 83%|ΓûêΓûêΓûêΓûêΓûêΓûêΓûêΓûêΓûÄ | 2476/3000 [1:06:30<16:25,  1.88s/it]
 83%|ΓûêΓûêΓûêΓûêΓûêΓûêΓûêΓûêΓûÄ | 2477/3000 [1:06:31<15:40,  1.80s/it]
 83%|ΓûêΓûêΓûêΓûêΓûêΓûêΓûêΓûêΓûÄ | 2478/3000 [1:06:33<16:33,  1.90s/it]
 83%|ΓûêΓûêΓûêΓûêΓûêΓûêΓûêΓûêΓûÄ | 2479/3000 [1:06:35<16:23,  1.89s/it]
 83%|ΓûêΓûêΓûêΓûêΓûêΓûêΓûêΓûêΓûÄ | 2480/3000 [1:06:36<14:03,  1.62s/it]
 83%|ΓûêΓûêΓûêΓûêΓûêΓûêΓûêΓûêΓûÄ | 2481/3000 [1:06:38<15:30,  1.79s/it]
 83%|ΓûêΓûêΓûêΓûêΓûêΓûêΓûêΓûêΓûÄ | 2482/3000 [1:06:39<13:33,  1.57s/it]
 83%|ΓûêΓûêΓûêΓûêΓûêΓûêΓûêΓûêΓûÄ | 2483/3000 [1:06:42<15:32,  1.80s/it]
 83%|ΓûêΓûêΓûêΓûêΓûêΓûêΓûêΓûêΓûÄ | 2484/3000 [1:06:43<14:05,  1.64s/it]
 83%|ΓûêΓûêΓûêΓûêΓûêΓûêΓûêΓûêΓûÄ | 2485/3000 [1:06:45<14:29,  1.69s/it]
 83%|ΓûêΓûêΓûêΓûêΓûêΓûêΓûêΓûêΓûÄ | 2486/3000 [1:06:46<13:20,  1.56s/it]
 83%|ΓûêΓûêΓûêΓûêΓûêΓûêΓûêΓûêΓûÄ | 2487/3000 [1:06:47<12:53,  1.51s/it]
 83%|ΓûêΓûêΓûêΓûêΓûêΓûêΓûêΓûêΓûÄ | 2488/3000 [1:06:48<11:43,  1.37s/it]
 83%|ΓûêΓûêΓûêΓûêΓûêΓûêΓûêΓûêΓûÄ | 2489/3000 [1:06:50<11:53,  1.40s/it]
 83%|ΓûêΓûêΓûêΓûêΓûêΓûêΓûêΓûêΓûÄ | 2490/3000 [1:06:51<12:12,  1.44s/it]
 83%|ΓûêΓûêΓûêΓûêΓûêΓûêΓûêΓûêΓûÄ | 2491/3000 [1:06:53<12:47,  1.51s/it]
 83%|ΓûêΓûêΓûêΓûêΓûêΓûêΓûêΓûêΓûÄ | 2492/3000 [1:06:55<12:23,  1.46s/it]
 83%|ΓûêΓûêΓûêΓûêΓûêΓûêΓûêΓûêΓûÄ | 2493/3000 [1:06:56<13:23,  1.59s/it]
 83%|ΓûêΓûêΓûêΓûêΓûêΓûêΓûêΓûêΓûÄ | 2494/3000 [1:06:59<15:18,  1.82s/it]
 83%|ΓûêΓûêΓûêΓûêΓûêΓûêΓûêΓûêΓûÄ | 2495/3000 [1:07:00<13:30,  1.61s/it]
 83%|ΓûêΓûêΓûêΓûêΓûêΓûêΓûêΓûêΓûÄ | 2496/3000 [1:07:01<12:15,  1.46s/it]
 83%|ΓûêΓûêΓûêΓûêΓûêΓûêΓûêΓûêΓûÄ | 2497/3000 [1:07:03<13:17,  1.59s/it]
 83%|ΓûêΓûêΓûêΓûêΓûêΓûêΓûêΓûêΓûÄ | 2498/3000 [1:07:04<13:12,  1.58s/it]
 83%|ΓûêΓûêΓûêΓûêΓûêΓûêΓûêΓûêΓûÄ | 2499/3000 [1:07:05<11:55,  1.43s/it]
 83%|ΓûêΓûêΓûêΓûêΓûêΓûêΓûêΓûêΓûÄ | 2500/3000 [1:07:07<10:57,  1.32s/it]
 83%|ΓûêΓûêΓûêΓûêΓûêΓûêΓûêΓûêΓûÄ | 2501/3000 [1:07:08<11:39,  1.40s/it]
 83%|ΓûêΓûêΓûêΓûêΓûêΓûêΓûêΓûêΓûÄ | 2502/3000 [1:07:09<10:35,  1.28s/it]
 83%|ΓûêΓûêΓûêΓûêΓûêΓûêΓûêΓûêΓûÄ | 2503/3000 [1:07:10<10:32,  1.27s/it]
 83%|ΓûêΓûêΓûêΓûêΓûêΓûêΓûêΓûêΓûÄ | 2504/3000 [1:07:12<12:10,  1.47s/it]
 84%|ΓûêΓûêΓûêΓûêΓûêΓûêΓûêΓûêΓûÄ | 2505/3000 [1:07:14<12:04,  1.46s/it]
 84%|ΓûêΓûêΓûêΓûêΓûêΓûêΓûêΓûêΓûÄ | 2506/3000 [1:07:15<12:03,  1.47s/it]
 84%|ΓûêΓûêΓûêΓûêΓûêΓûêΓûêΓûêΓûÄ | 2507/3000 [1:07:17<12:12,  1.49s/it]
 84%|ΓûêΓûêΓûêΓûêΓûêΓûêΓûêΓûêΓûÄ | 2508/3000 [1:07:18<11:05,  1.35s/it]
 84%|ΓûêΓûêΓûêΓûêΓûêΓûêΓûêΓûêΓûÄ | 2509/3000 [1:07:19<10:14,  1.25s/it]
 84%|ΓûêΓûêΓûêΓûêΓûêΓûêΓûêΓûêΓûÄ | 2510/3000 [1:07:20<10:11,  1.25s/it]
 84%|ΓûêΓûêΓûêΓûêΓûêΓûêΓûêΓûêΓûÄ | 2511/3000 [1:07:22<12:50,  1.58s/it]
 84%|ΓûêΓûêΓûêΓûêΓûêΓûêΓûêΓûêΓûÄ | 2512/3000 [1:07:23<11:01,  1.35s/it]
 84%|ΓûêΓûêΓûêΓûêΓûêΓûêΓûêΓûêΓûì | 2513/3000 [1:07:25<12:08,  1.50s/it]
 84%|ΓûêΓûêΓûêΓûêΓûêΓûêΓûêΓûêΓûì | 2514/3000 [1:07:26<11:16,  1.39s/it]
 84%|ΓûêΓûêΓûêΓûêΓûêΓûêΓûêΓûêΓûì | 2515/3000 [1:07:28<12:10,  1.51s/it]
 84%|ΓûêΓûêΓûêΓûêΓûêΓûêΓûêΓûêΓûì | 2516/3000 [1:07:30<13:04,  1.62s/it]
 84%|ΓûêΓûêΓûêΓûêΓûêΓûêΓûêΓûêΓûì | 2517/3000 [1:07:32<13:14,  1.64s/it]
 84%|ΓûêΓûêΓûêΓûêΓûêΓûêΓûêΓûêΓûì | 2518/3000 [1:07:33<11:49,  1.47s/it]
 84%|ΓûêΓûêΓûêΓûêΓûêΓûêΓûêΓûêΓûì | 2519/3000 [1:07:35<14:23,  1.80s/it]
 84%|ΓûêΓûêΓûêΓûêΓûêΓûêΓûêΓûêΓûì | 2520/3000 [1:07:37<14:17,  1.79s/it]
 84%|ΓûêΓûêΓûêΓûêΓûêΓûêΓûêΓûêΓûì | 2521/3000 [1:07:38<13:29,  1.69s/it]
 84%|ΓûêΓûêΓûêΓûêΓûêΓûêΓûêΓûêΓûì | 2522/3000 [1:07:40<13:45,  1.73s/it]
 84%|ΓûêΓûêΓûêΓûêΓûêΓûêΓûêΓûêΓûì | 2523/3000 [1:07:42<12:41,  1.60s/it]
 84%|ΓûêΓûêΓûêΓûêΓûêΓûêΓûêΓûêΓûì | 2524/3000 [1:07:44<14:59,  1.89s/it]
 84%|ΓûêΓûêΓûêΓûêΓûêΓûêΓûêΓûêΓûì | 2525/3000 [1:07:45<12:21,  1.56s/it]
 84%|ΓûêΓûêΓûêΓûêΓûêΓûêΓûêΓûêΓûì | 2526/3000 [1:07:47<13:37,  1.72s/it]
 84%|ΓûêΓûêΓûêΓûêΓûêΓûêΓûêΓûêΓûì | 2527/3000 [1:07:48<12:31,  1.59s/it]
 84%|ΓûêΓûêΓûêΓûêΓûêΓûêΓûêΓûêΓûì | 2528/3000 [1:07:50<11:57,  1.52s/it]
 84%|ΓûêΓûêΓûêΓûêΓûêΓûêΓûêΓûêΓûì | 2529/3000 [1:07:51<11:52,  1.51s/it]
 84%|ΓûêΓûêΓûêΓûêΓûêΓûêΓûêΓûêΓûì | 2530/3000 [1:07:52<10:50,  1.38s/it]
 84%|ΓûêΓûêΓûêΓûêΓûêΓûêΓûêΓûêΓûì | 2531/3000 [1:07:54<11:01,  1.41s/it]
 84%|ΓûêΓûêΓûêΓûêΓûêΓûêΓûêΓûêΓûì | 2532/3000 [1:07:56<13:50,  1.77s/it]
 84%|ΓûêΓûêΓûêΓûêΓûêΓûêΓûêΓûêΓûì | 2533/3000 [1:07:58<13:52,  1.78s/it]
 84%|ΓûêΓûêΓûêΓûêΓûêΓûêΓûêΓûêΓûì | 2534/3000 [1:07:59<12:41,  1.64s/it]
 84%|ΓûêΓûêΓûêΓûêΓûêΓûêΓûêΓûêΓûì | 2535/3000 [1:08:02<13:55,  1.80s/it]
 85%|ΓûêΓûêΓûêΓûêΓûêΓûêΓûêΓûêΓûì | 2536/3000 [1:08:03<13:04,  1.69s/it]
 85%|ΓûêΓûêΓûêΓûêΓûêΓûêΓûêΓûêΓûì | 2537/3000 [1:08:04<11:27,  1.48s/it]
 85%|ΓûêΓûêΓûêΓûêΓûêΓûêΓûêΓûêΓûì | 2538/3000 [1:08:05<10:09,  1.32s/it]
 85%|ΓûêΓûêΓûêΓûêΓûêΓûêΓûêΓûêΓûì | 2539/3000 [1:08:06<09:27,  1.23s/it]
 85%|ΓûêΓûêΓûêΓûêΓûêΓûêΓûêΓûêΓûì | 2540/3000 [1:08:08<11:49,  1.54s/it]
 85%|ΓûêΓûêΓûêΓûêΓûêΓûêΓûêΓûêΓûì | 2541/3000 [1:08:10<12:08,  1.59s/it]
 85%|ΓûêΓûêΓûêΓûêΓûêΓûêΓûêΓûêΓûì | 2542/3000 [1:08:12<12:24,  1.63s/it]
 85%|ΓûêΓûêΓûêΓûêΓûêΓûêΓûêΓûêΓûì | 2543/3000 [1:08:13<11:50,  1.56s/it]
 85%|ΓûêΓûêΓûêΓûêΓûêΓûêΓûêΓûêΓûì | 2544/3000 [1:08:14<11:03,  1.46s/it]
 85%|ΓûêΓûêΓûêΓûêΓûêΓûêΓûêΓûêΓûì | 2545/3000 [1:08:15<10:19,  1.36s/it]
 85%|ΓûêΓûêΓûêΓûêΓûêΓûêΓûêΓûêΓûì | 2546/3000 [1:08:17<10:36,  1.40s/it]
 85%|ΓûêΓûêΓûêΓûêΓûêΓûêΓûêΓûêΓûì | 2547/3000 [1:08:19<11:05,  1.47s/it]
 85%|ΓûêΓûêΓûêΓûêΓûêΓûêΓûêΓûêΓûì | 2548/3000 [1:08:20<11:05,  1.47s/it]
 85%|ΓûêΓûêΓûêΓûêΓûêΓûêΓûêΓûêΓûì | 2549/3000 [1:08:22<12:34,  1.67s/it]
 85%|ΓûêΓûêΓûêΓûêΓûêΓûêΓûêΓûêΓûî | 2550/3000 [1:08:24<12:34,  1.68s/it]
 85%|ΓûêΓûêΓûêΓûêΓûêΓûêΓûêΓûêΓûî | 2551/3000 [1:08:26<14:13,  1.90s/it]
 85%|ΓûêΓûêΓûêΓûêΓûêΓûêΓûêΓûêΓûî | 2552/3000 [1:08:30<17:32,  2.35s/it]
 85%|ΓûêΓûêΓûêΓûêΓûêΓûêΓûêΓûêΓûî | 2553/3000 [1:08:31<15:39,  2.10s/it]
 85%|ΓûêΓûêΓûêΓûêΓûêΓûêΓûêΓûêΓûî | 2554/3000 [1:08:33<15:38,  2.10s/it]
 85%|ΓûêΓûêΓûêΓûêΓûêΓûêΓûêΓûêΓûî | 2555/3000 [1:08:35<14:23,  1.94s/it]
 85%|ΓûêΓûêΓûêΓûêΓûêΓûêΓûêΓûêΓûî | 2556/3000 [1:08:37<14:20,  1.94s/it]
 85%|ΓûêΓûêΓûêΓûêΓûêΓûêΓûêΓûêΓûî | 2557/3000 [1:08:38<12:01,  1.63s/it]
 85%|ΓûêΓûêΓûêΓûêΓûêΓûêΓûêΓûêΓûî | 2558/3000 [1:08:39<10:18,  1.40s/it]
 85%|ΓûêΓûêΓûêΓûêΓûêΓûêΓûêΓûêΓûî | 2559/3000 [1:08:40<10:03,  1.37s/it]
 85%|ΓûêΓûêΓûêΓûêΓûêΓûêΓûêΓûêΓûî | 2560/3000 [1:08:41<08:49,  1.20s/it]
 85%|ΓûêΓûêΓûêΓûêΓûêΓûêΓûêΓûêΓûî | 2561/3000 [1:08:42<09:03,  1.24s/it]
 85%|ΓûêΓûêΓûêΓûêΓûêΓûêΓûêΓûêΓûî | 2562/3000 [1:08:43<08:31,  1.17s/it]
 85%|ΓûêΓûêΓûêΓûêΓûêΓûêΓûêΓûêΓûî | 2563/3000 [1:08:44<08:36,  1.18s/it]
 85%|ΓûêΓûêΓûêΓûêΓûêΓûêΓûêΓûêΓûî | 2564/3000 [1:08:46<10:07,  1.39s/it]
 86%|ΓûêΓûêΓûêΓûêΓûêΓûêΓûêΓûêΓûî | 2565/3000 [1:08:48<10:33,  1.46s/it]
 86%|ΓûêΓûêΓûêΓûêΓûêΓûêΓûêΓûêΓûî | 2566/3000 [1:08:50<11:44,  1.62s/it]
 86%|ΓûêΓûêΓûêΓûêΓûêΓûêΓûêΓûêΓûî | 2567/3000 [1:08:52<12:39,  1.75s/it]
 86%|ΓûêΓûêΓûêΓûêΓûêΓûêΓûêΓûêΓûî | 2568/3000 [1:08:53<11:32,  1.60s/it]
 86%|ΓûêΓûêΓûêΓûêΓûêΓûêΓûêΓûêΓûî | 2569/3000 [1:08:54<10:11,  1.42s/it]
 86%|ΓûêΓûêΓûêΓûêΓûêΓûêΓûêΓûêΓûî | 2570/3000 [1:08:55<10:14,  1.43s/it]
 86%|ΓûêΓûêΓûêΓûêΓûêΓûêΓûêΓûêΓûî | 2571/3000 [1:08:57<10:27,  1.46s/it]
 86%|ΓûêΓûêΓûêΓûêΓûêΓûêΓûêΓûêΓûî | 2572/3000 [1:09:02<17:52,  2.51s/it]
 86%|ΓûêΓûêΓûêΓûêΓûêΓûêΓûêΓûêΓûî | 2573/3000 [1:09:04<17:17,  2.43s/it]
 86%|ΓûêΓûêΓûêΓûêΓûêΓûêΓûêΓûêΓûî | 2574/3000 [1:09:05<14:14,  2.01s/it]
 86%|ΓûêΓûêΓûêΓûêΓûêΓûêΓûêΓûêΓûî | 2575/3000 [1:09:07<14:14,  2.01s/it]
 86%|ΓûêΓûêΓûêΓûêΓûêΓûêΓûêΓûêΓûî | 2576/3000 [1:09:09<13:03,  1.85s/it]
 86%|ΓûêΓûêΓûêΓûêΓûêΓûêΓûêΓûêΓûî | 2577/3000 [1:09:10<12:30,  1.77s/it]
 86%|ΓûêΓûêΓûêΓûêΓûêΓûêΓûêΓûêΓûî | 2578/3000 [1:09:12<12:31,  1.78s/it]
 86%|ΓûêΓûêΓûêΓûêΓûêΓûêΓûêΓûêΓûî | 2579/3000 [1:09:14<13:43,  1.96s/it]
 86%|ΓûêΓûêΓûêΓûêΓûêΓûêΓûêΓûêΓûî | 2580/3000 [1:09:16<12:15,  1.75s/it]
 86%|ΓûêΓûêΓûêΓûêΓûêΓûêΓûêΓûêΓûî | 2581/3000 [1:09:17<11:05,  1.59s/it]
 86%|ΓûêΓûêΓûêΓûêΓûêΓûêΓûêΓûêΓûî | 2582/3000 [1:09:19<12:28,  1.79s/it]
 86%|ΓûêΓûêΓûêΓûêΓûêΓûêΓûêΓûêΓûî | 2583/3000 [1:09:20<11:19,  1.63s/it]
 86%|ΓûêΓûêΓûêΓûêΓûêΓûêΓûêΓûêΓûî | 2584/3000 [1:09:23<14:09,  2.04s/it]
 86%|ΓûêΓûêΓûêΓûêΓûêΓûêΓûêΓûêΓûî | 2585/3000 [1:09:26<14:39,  2.12s/it]
 86%|ΓûêΓûêΓûêΓûêΓûêΓûêΓûêΓûêΓûî | 2586/3000 [1:09:27<11:57,  1.73s/it]
 86%|ΓûêΓûêΓûêΓûêΓûêΓûêΓûêΓûêΓûî | 2587/3000 [1:09:28<11:40,  1.70s/it]
 86%|ΓûêΓûêΓûêΓûêΓûêΓûêΓûêΓûêΓûï | 2588/3000 [1:09:30<10:58,  1.60s/it]
 86%|ΓûêΓûêΓûêΓûêΓûêΓûêΓûêΓûêΓûï | 2589/3000 [1:09:31<10:20,  1.51s/it]
 86%|ΓûêΓûêΓûêΓûêΓûêΓûêΓûêΓûêΓûï | 2590/3000 [1:09:33<11:39,  1.71s/it]
 86%|ΓûêΓûêΓûêΓûêΓûêΓûêΓûêΓûêΓûï | 2591/3000 [1:09:35<11:15,  1.65s/it]
 86%|ΓûêΓûêΓûêΓûêΓûêΓûêΓûêΓûêΓûï | 2592/3000 [1:09:36<11:44,  1.73s/it]
 86%|ΓûêΓûêΓûêΓûêΓûêΓûêΓûêΓûêΓûï | 2593/3000 [1:09:38<11:38,  1.72s/it]
 86%|ΓûêΓûêΓûêΓûêΓûêΓûêΓûêΓûêΓûï | 2594/3000 [1:09:39<10:11,  1.51s/it]
 86%|ΓûêΓûêΓûêΓûêΓûêΓûêΓûêΓûêΓûï | 2595/3000 [1:09:41<11:08,  1.65s/it]
 87%|ΓûêΓûêΓûêΓûêΓûêΓûêΓûêΓûêΓûï | 2596/3000 [1:09:43<10:54,  1.62s/it]
 87%|ΓûêΓûêΓûêΓûêΓûêΓûêΓûêΓûêΓûï | 2597/3000 [1:09:43<09:09,  1.36s/it]
 87%|ΓûêΓûêΓûêΓûêΓûêΓûêΓûêΓûêΓûï | 2598/3000 [1:09:45<09:11,  1.37s/it]
 87%|ΓûêΓûêΓûêΓûêΓûêΓûêΓûêΓûêΓûï | 2599/3000 [1:09:46<08:42,  1.30s/it]
 87%|ΓûêΓûêΓûêΓûêΓûêΓûêΓûêΓûêΓûï | 2600/3000 [1:09:47<08:25,  1.26s/it]
 87%|ΓûêΓûêΓûêΓûêΓûêΓûêΓûêΓûêΓûï | 2601/3000 [1:09:49<09:05,  1.37s/it]
 87%|ΓûêΓûêΓûêΓûêΓûêΓûêΓûêΓûêΓûï | 2602/3000 [1:09:51<09:47,  1.48s/it]
 87%|ΓûêΓûêΓûêΓûêΓûêΓûêΓûêΓûêΓûï | 2603/3000 [1:09:52<09:47,  1.48s/it]
 87%|ΓûêΓûêΓûêΓûêΓûêΓûêΓûêΓûêΓûï | 2604/3000 [1:09:55<12:27,  1.89s/it]
 87%|ΓûêΓûêΓûêΓûêΓûêΓûêΓûêΓûêΓûï | 2605/3000 [1:09:57<12:17,  1.87s/it]
 87%|ΓûêΓûêΓûêΓûêΓûêΓûêΓûêΓûêΓûï | 2606/3000 [1:09:59<13:02,  1.99s/it]
 87%|ΓûêΓûêΓûêΓûêΓûêΓûêΓûêΓûêΓûï | 2607/3000 [1:10:01<13:32,  2.07s/it]
 87%|ΓûêΓûêΓûêΓûêΓûêΓûêΓûêΓûêΓûï | 2608/3000 [1:10:02<11:14,  1.72s/it]
 87%|ΓûêΓûêΓûêΓûêΓûêΓûêΓûêΓûêΓûï | 2609/3000 [1:10:04<10:48,  1.66s/it]
 87%|ΓûêΓûêΓûêΓûêΓûêΓûêΓûêΓûêΓûï | 2610/3000 [1:10:05<10:38,  1.64s/it]
 87%|ΓûêΓûêΓûêΓûêΓûêΓûêΓûêΓûêΓûï | 2611/3000 [1:10:06<09:24,  1.45s/it]
 87%|ΓûêΓûêΓûêΓûêΓûêΓûêΓûêΓûêΓûï | 2612/3000 [1:10:08<10:08,  1.57s/it]
 87%|ΓûêΓûêΓûêΓûêΓûêΓûêΓûêΓûêΓûï | 2613/3000 [1:10:10<10:56,  1.70s/it]
 87%|ΓûêΓûêΓûêΓûêΓûêΓûêΓûêΓûêΓûï | 2614/3000 [1:10:12<12:04,  1.88s/it]
 87%|ΓûêΓûêΓûêΓûêΓûêΓûêΓûêΓûêΓûï | 2615/3000 [1:10:14<11:33,  1.80s/it]
 87%|ΓûêΓûêΓûêΓûêΓûêΓûêΓûêΓûêΓûï | 2616/3000 [1:10:15<10:39,  1.67s/it]
 87%|ΓûêΓûêΓûêΓûêΓûêΓûêΓûêΓûêΓûï | 2617/3000 [1:10:17<10:23,  1.63s/it]
 87%|ΓûêΓûêΓûêΓûêΓûêΓûêΓûêΓûêΓûï | 2618/3000 [1:10:18<09:28,  1.49s/it]
 87%|ΓûêΓûêΓûêΓûêΓûêΓûêΓûêΓûêΓûï | 2619/3000 [1:10:19<08:43,  1.37s/it]
 87%|ΓûêΓûêΓûêΓûêΓûêΓûêΓûêΓûêΓûï | 2620/3000 [1:10:22<10:59,  1.74s/it]
 87%|ΓûêΓûêΓûêΓûêΓûêΓûêΓûêΓûêΓûï | 2621/3000 [1:10:23<10:31,  1.67s/it]
 87%|ΓûêΓûêΓûêΓûêΓûêΓûêΓûêΓûêΓûï | 2622/3000 [1:10:25<09:54,  1.57s/it]
 87%|ΓûêΓûêΓûêΓûêΓûêΓûêΓûêΓûêΓûï | 2623/3000 [1:10:27<11:13,  1.79s/it]
 87%|ΓûêΓûêΓûêΓûêΓûêΓûêΓûêΓûêΓûï | 2624/3000 [1:10:29<12:02,  1.92s/it]
 88%|ΓûêΓûêΓûêΓûêΓûêΓûêΓûêΓûêΓûè | 2625/3000 [1:10:31<11:13,  1.80s/it]
 88%|ΓûêΓûêΓûêΓûêΓûêΓûêΓûêΓûêΓûè | 2626/3000 [1:10:34<14:01,  2.25s/it]
 88%|ΓûêΓûêΓûêΓûêΓûêΓûêΓûêΓûêΓûè | 2627/3000 [1:10:36<13:06,  2.11s/it]
 88%|ΓûêΓûêΓûêΓûêΓûêΓûêΓûêΓûêΓûè | 2628/3000 [1:10:37<11:34,  1.87s/it]
 88%|ΓûêΓûêΓûêΓûêΓûêΓûêΓûêΓûêΓûè | 2629/3000 [1:10:39<12:24,  2.01s/it]
 88%|ΓûêΓûêΓûêΓûêΓûêΓûêΓûêΓûêΓûè | 2630/3000 [1:10:40<10:38,  1.72s/it]
 88%|ΓûêΓûêΓûêΓûêΓûêΓûêΓûêΓûêΓûè | 2631/3000 [1:10:42<10:41,  1.74s/it]
 88%|ΓûêΓûêΓûêΓûêΓûêΓûêΓûêΓûêΓûè | 2632/3000 [1:10:43<09:08,  1.49s/it]
 88%|ΓûêΓûêΓûêΓûêΓûêΓûêΓûêΓûêΓûè | 2633/3000 [1:10:44<08:16,  1.35s/it]
 88%|ΓûêΓûêΓûêΓûêΓûêΓûêΓûêΓûêΓûè | 2634/3000 [1:10:45<08:01,  1.31s/it]
 88%|ΓûêΓûêΓûêΓûêΓûêΓûêΓûêΓûêΓûè | 2635/3000 [1:10:46<07:38,  1.25s/it]
 88%|ΓûêΓûêΓûêΓûêΓûêΓûêΓûêΓûêΓûè | 2636/3000 [1:10:48<07:39,  1.26s/it]
 88%|ΓûêΓûêΓûêΓûêΓûêΓûêΓûêΓûêΓûè | 2637/3000 [1:10:49<08:21,  1.38s/it]
 88%|ΓûêΓûêΓûêΓûêΓûêΓûêΓûêΓûêΓûè | 2638/3000 [1:10:50<07:46,  1.29s/it]
 88%|ΓûêΓûêΓûêΓûêΓûêΓûêΓûêΓûêΓûè | 2639/3000 [1:10:53<09:27,  1.57s/it]
 88%|ΓûêΓûêΓûêΓûêΓûêΓûêΓûêΓûêΓûè | 2640/3000 [1:10:54<08:39,  1.44s/it]
 88%|ΓûêΓûêΓûêΓûêΓûêΓûêΓûêΓûêΓûè | 2641/3000 [1:10:55<08:38,  1.44s/it]
 88%|ΓûêΓûêΓûêΓûêΓûêΓûêΓûêΓûêΓûè | 2642/3000 [1:10:57<08:22,  1.40s/it]
 88%|ΓûêΓûêΓûêΓûêΓûêΓûêΓûêΓûêΓûè | 2643/3000 [1:10:58<08:03,  1.35s/it]
 88%|ΓûêΓûêΓûêΓûêΓûêΓûêΓûêΓûêΓûè | 2644/3000 [1:11:00<08:42,  1.47s/it]
 88%|ΓûêΓûêΓûêΓûêΓûêΓûêΓûêΓûêΓûè | 2645/3000 [1:11:01<08:55,  1.51s/it]
 88%|ΓûêΓûêΓûêΓûêΓûêΓûêΓûêΓûêΓûè | 2646/3000 [1:11:03<09:05,  1.54s/it]
 88%|ΓûêΓûêΓûêΓûêΓûêΓûêΓûêΓûêΓûè | 2647/3000 [1:11:05<09:48,  1.67s/it]
 88%|ΓûêΓûêΓûêΓûêΓûêΓûêΓûêΓûêΓûè | 2648/3000 [1:11:07<09:58,  1.70s/it]
 88%|ΓûêΓûêΓûêΓûêΓûêΓûêΓûêΓûêΓûè | 2649/3000 [1:11:09<10:45,  1.84s/it]
 88%|ΓûêΓûêΓûêΓûêΓûêΓûêΓûêΓûêΓûè | 2650/3000 [1:11:10<10:35,  1.81s/it]
 88%|ΓûêΓûêΓûêΓûêΓûêΓûêΓûêΓûêΓûè | 2651/3000 [1:11:12<09:52,  1.70s/it]
 88%|ΓûêΓûêΓûêΓûêΓûêΓûêΓûêΓûêΓûè | 2652/3000 [1:11:13<09:28,  1.63s/it]
 88%|ΓûêΓûêΓûêΓûêΓûêΓûêΓûêΓûêΓûè | 2653/3000 [1:11:15<08:42,  1.50s/it]
 88%|ΓûêΓûêΓûêΓûêΓûêΓûêΓûêΓûêΓûè | 2654/3000 [1:11:16<09:05,  1.58s/it]
 88%|ΓûêΓûêΓûêΓûêΓûêΓûêΓûêΓûêΓûè | 2655/3000 [1:11:17<08:12,  1.43s/it]
 89%|ΓûêΓûêΓûêΓûêΓûêΓûêΓûêΓûêΓûè | 2656/3000 [1:11:18<07:16,  1.27s/it]
 89%|ΓûêΓûêΓûêΓûêΓûêΓûêΓûêΓûêΓûè | 2657/3000 [1:11:20<08:28,  1.48s/it]
 89%|ΓûêΓûêΓûêΓûêΓûêΓûêΓûêΓûêΓûè | 2658/3000 [1:11:22<08:08,  1.43s/it]
 89%|ΓûêΓûêΓûêΓûêΓûêΓûêΓûêΓûêΓûè | 2659/3000 [1:11:23<07:57,  1.40s/it]
 89%|ΓûêΓûêΓûêΓûêΓûêΓûêΓûêΓûêΓûè | 2660/3000 [1:11:25<09:11,  1.62s/it]
 89%|ΓûêΓûêΓûêΓûêΓûêΓûêΓûêΓûêΓûè | 2661/3000 [1:11:26<08:40,  1.54s/it]
 89%|ΓûêΓûêΓûêΓûêΓûêΓûêΓûêΓûêΓûè | 2662/3000 [1:11:28<08:09,  1.45s/it]
 89%|ΓûêΓûêΓûêΓûêΓûêΓûêΓûêΓûêΓûë | 2663/3000 [1:11:29<08:20,  1.48s/it]
 89%|ΓûêΓûêΓûêΓûêΓûêΓûêΓûêΓûêΓûë | 2664/3000 [1:11:31<08:19,  1.49s/it]
 89%|ΓûêΓûêΓûêΓûêΓûêΓûêΓûêΓûêΓûë | 2665/3000 [1:11:33<08:55,  1.60s/it]
 89%|ΓûêΓûêΓûêΓûêΓûêΓûêΓûêΓûêΓûë | 2666/3000 [1:11:34<09:26,  1.69s/it]
 89%|ΓûêΓûêΓûêΓûêΓûêΓûêΓûêΓûêΓûë | 2667/3000 [1:11:36<09:20,  1.68s/it]
 89%|ΓûêΓûêΓûêΓûêΓûêΓûêΓûêΓûêΓûë | 2668/3000 [1:11:38<09:29,  1.71s/it]
 89%|ΓûêΓûêΓûêΓûêΓûêΓûêΓûêΓûêΓûë | 2669/3000 [1:11:40<09:25,  1.71s/it]
 89%|ΓûêΓûêΓûêΓûêΓûêΓûêΓûêΓûêΓûë | 2670/3000 [1:11:41<08:05,  1.47s/it]
 89%|ΓûêΓûêΓûêΓûêΓûêΓûêΓûêΓûêΓûë | 2671/3000 [1:11:47<15:58,  2.91s/it]
 89%|ΓûêΓûêΓûêΓûêΓûêΓûêΓûêΓûêΓûë | 2672/3000 [1:11:48<13:19,  2.44s/it]
 89%|ΓûêΓûêΓûêΓûêΓûêΓûêΓûêΓûêΓûë | 2673/3000 [1:11:49<11:26,  2.10s/it]
 89%|ΓûêΓûêΓûêΓûêΓûêΓûêΓûêΓûêΓûë | 2674/3000 [1:11:51<10:32,  1.94s/it]
 89%|ΓûêΓûêΓûêΓûêΓûêΓûêΓûêΓûêΓûë | 2675/3000 [1:11:53<11:03,  2.04s/it]
 89%|ΓûêΓûêΓûêΓûêΓûêΓûêΓûêΓûêΓûë | 2676/3000 [1:11:55<10:57,  2.03s/it]
 89%|ΓûêΓûêΓûêΓûêΓûêΓûêΓûêΓûêΓûë | 2677/3000 [1:11:57<10:02,  1.87s/it]
 89%|ΓûêΓûêΓûêΓûêΓûêΓûêΓûêΓûêΓûë | 2678/3000 [1:11:58<08:57,  1.67s/it]
 89%|ΓûêΓûêΓûêΓûêΓûêΓûêΓûêΓûêΓûë | 2679/3000 [1:11:59<08:27,  1.58s/it]
 89%|ΓûêΓûêΓûêΓûêΓûêΓûêΓûêΓûêΓûë | 2680/3000 [1:12:00<07:28,  1.40s/it]
 89%|ΓûêΓûêΓûêΓûêΓûêΓûêΓûêΓûêΓûë | 2681/3000 [1:12:02<07:24,  1.39s/it]
 89%|ΓûêΓûêΓûêΓûêΓûêΓûêΓûêΓûêΓûë | 2682/3000 [1:12:03<06:50,  1.29s/it]
 89%|ΓûêΓûêΓûêΓûêΓûêΓûêΓûêΓûêΓûë | 2683/3000 [1:12:04<06:57,  1.32s/it]
 89%|ΓûêΓûêΓûêΓûêΓûêΓûêΓûêΓûêΓûë | 2684/3000 [1:12:05<06:58,  1.33s/it]
 90%|ΓûêΓûêΓûêΓûêΓûêΓûêΓûêΓûêΓûë | 2685/3000 [1:12:08<08:06,  1.54s/it]
 90%|ΓûêΓûêΓûêΓûêΓûêΓûêΓûêΓûêΓûë | 2686/3000 [1:12:09<07:49,  1.49s/it]
 90%|ΓûêΓûêΓûêΓûêΓûêΓûêΓûêΓûêΓûë | 2687/3000 [1:12:11<08:45,  1.68s/it]
 90%|ΓûêΓûêΓûêΓûêΓûêΓûêΓûêΓûêΓûë | 2688/3000 [1:12:12<07:46,  1.50s/it]
 90%|ΓûêΓûêΓûêΓûêΓûêΓûêΓûêΓûêΓûë | 2689/3000 [1:12:13<07:04,  1.36s/it]
 90%|ΓûêΓûêΓûêΓûêΓûêΓûêΓûêΓûêΓûë | 2690/3000 [1:12:14<06:38,  1.28s/it]
 90%|ΓûêΓûêΓûêΓûêΓûêΓûêΓûêΓûêΓûë | 2691/3000 [1:12:18<10:50,  2.11s/it]
 90%|ΓûêΓûêΓûêΓûêΓûêΓûêΓûêΓûêΓûë | 2692/3000 [1:12:20<09:34,  1.86s/it]
 90%|ΓûêΓûêΓûêΓûêΓûêΓûêΓûêΓûêΓûë | 2693/3000 [1:12:21<08:42,  1.70s/it]
 90%|ΓûêΓûêΓûêΓûêΓûêΓûêΓûêΓûêΓûë | 2694/3000 [1:12:22<08:05,  1.59s/it]
 90%|ΓûêΓûêΓûêΓûêΓûêΓûêΓûêΓûêΓûë | 2695/3000 [1:12:25<09:49,  1.93s/it]
 90%|ΓûêΓûêΓûêΓûêΓûêΓûêΓûêΓûêΓûë | 2696/3000 [1:12:28<11:02,  2.18s/it]
 90%|ΓûêΓûêΓûêΓûêΓûêΓûêΓûêΓûêΓûë | 2697/3000 [1:12:29<10:13,  2.03s/it]
 90%|ΓûêΓûêΓûêΓûêΓûêΓûêΓûêΓûêΓûë | 2698/3000 [1:12:30<08:37,  1.72s/it]
 90%|ΓûêΓûêΓûêΓûêΓûêΓûêΓûêΓûêΓûë | 2699/3000 [1:12:32<07:47,  1.55s/it]
 90%|ΓûêΓûêΓûêΓûêΓûêΓûêΓûêΓûêΓûê | 2700/3000 [1:12:34<08:52,  1.78s/it]
 90%|ΓûêΓûêΓûêΓûêΓûêΓûêΓûêΓûêΓûê | 2701/3000 [1:12:35<07:43,  1.55s/it]
 90%|ΓûêΓûêΓûêΓûêΓûêΓûêΓûêΓûêΓûê | 2702/3000 [1:12:38<09:23,  1.89s/it]
 90%|ΓûêΓûêΓûêΓûêΓûêΓûêΓûêΓûêΓûê | 2703/3000 [1:12:39<08:59,  1.82s/it]
 90%|ΓûêΓûêΓûêΓûêΓûêΓûêΓûêΓûêΓûê | 2704/3000 [1:12:40<07:46,  1.58s/it]
 90%|ΓûêΓûêΓûêΓûêΓûêΓûêΓûêΓûêΓûê | 2705/3000 [1:12:41<06:48,  1.39s/it]
 90%|ΓûêΓûêΓûêΓûêΓûêΓûêΓûêΓûêΓûê | 2706/3000 [1:12:43<07:34,  1.54s/it]
 90%|ΓûêΓûêΓûêΓûêΓûêΓûêΓûêΓûêΓûê | 2707/3000 [1:12:45<07:30,  1.54s/it]
 90%|ΓûêΓûêΓûêΓûêΓûêΓûêΓûêΓûêΓûê | 2708/3000 [1:12:47<08:33,  1.76s/it]
 90%|ΓûêΓûêΓûêΓûêΓûêΓûêΓûêΓûêΓûê | 2709/3000 [1:12:49<08:29,  1.75s/it]
 90%|ΓûêΓûêΓûêΓûêΓûêΓûêΓûêΓûêΓûê | 2710/3000 [1:12:50<07:58,  1.65s/it]
 90%|ΓûêΓûêΓûêΓûêΓûêΓûêΓûêΓûêΓûê | 2711/3000 [1:12:51<07:31,  1.56s/it]
 90%|ΓûêΓûêΓûêΓûêΓûêΓûêΓûêΓûêΓûê | 2712/3000 [1:12:54<08:55,  1.86s/it]
 90%|ΓûêΓûêΓûêΓûêΓûêΓûêΓûêΓûêΓûê | 2713/3000 [1:12:55<07:43,  1.61s/it]
 90%|ΓûêΓûêΓûêΓûêΓûêΓûêΓûêΓûêΓûê | 2714/3000 [1:12:56<06:50,  1.44s/it]
 90%|ΓûêΓûêΓûêΓûêΓûêΓûêΓûêΓûêΓûê | 2715/3000 [1:12:57<06:41,  1.41s/it]
 91%|ΓûêΓûêΓûêΓûêΓûêΓûêΓûêΓûêΓûê | 2716/3000 [1:12:58<06:06,  1.29s/it]
 91%|ΓûêΓûêΓûêΓûêΓûêΓûêΓûêΓûêΓûê | 2717/3000 [1:13:00<05:55,  1.26s/it]
 91%|ΓûêΓûêΓûêΓûêΓûêΓûêΓûêΓûêΓûê | 2718/3000 [1:13:00<05:28,  1.17s/it]
 91%|ΓûêΓûêΓûêΓûêΓûêΓûêΓûêΓûêΓûê | 2719/3000 [1:13:02<06:06,  1.30s/it]
 91%|ΓûêΓûêΓûêΓûêΓûêΓûêΓûêΓûêΓûê | 2720/3000 [1:13:03<05:55,  1.27s/it]
 91%|ΓûêΓûêΓûêΓûêΓûêΓûêΓûêΓûêΓûê | 2721/3000 [1:13:04<05:33,  1.20s/it]
 91%|ΓûêΓûêΓûêΓûêΓûêΓûêΓûêΓûêΓûê | 2722/3000 [1:13:06<06:39,  1.44s/it]
 91%|ΓûêΓûêΓûêΓûêΓûêΓûêΓûêΓûêΓûê | 2723/3000 [1:13:07<05:46,  1.25s/it]
 91%|ΓûêΓûêΓûêΓûêΓûêΓûêΓûêΓûêΓûê | 2724/3000 [1:13:09<06:01,  1.31s/it]
 91%|ΓûêΓûêΓûêΓûêΓûêΓûêΓûêΓûêΓûê | 2725/3000 [1:13:10<06:04,  1.32s/it]
 91%|ΓûêΓûêΓûêΓûêΓûêΓûêΓûêΓûêΓûê | 2726/3000 [1:13:11<06:06,  1.34s/it]
 91%|ΓûêΓûêΓûêΓûêΓûêΓûêΓûêΓûêΓûê | 2727/3000 [1:13:13<06:21,  1.40s/it]
 91%|ΓûêΓûêΓûêΓûêΓûêΓûêΓûêΓûêΓûê | 2728/3000 [1:13:16<09:02,  2.00s/it]
 91%|ΓûêΓûêΓûêΓûêΓûêΓûêΓûêΓûêΓûê | 2729/3000 [1:13:17<07:59,  1.77s/it]
 91%|ΓûêΓûêΓûêΓûêΓûêΓûêΓûêΓûêΓûê | 2730/3000 [1:13:19<07:19,  1.63s/it]
 91%|ΓûêΓûêΓûêΓûêΓûêΓûêΓûêΓûêΓûê | 2731/3000 [1:13:22<09:15,  2.06s/it]
 91%|ΓûêΓûêΓûêΓûêΓûêΓûêΓûêΓûêΓûê | 2732/3000 [1:13:25<10:19,  2.31s/it]
 91%|ΓûêΓûêΓûêΓûêΓûêΓûêΓûêΓûêΓûê | 2733/3000 [1:13:26<09:22,  2.11s/it]
 91%|ΓûêΓûêΓûêΓûêΓûêΓûêΓûêΓûêΓûê | 2734/3000 [1:13:28<08:33,  1.93s/it]
 91%|ΓûêΓûêΓûêΓûêΓûêΓûêΓûêΓûêΓûê | 2735/3000 [1:13:30<08:08,  1.84s/it]
 91%|ΓûêΓûêΓûêΓûêΓûêΓûêΓûêΓûêΓûê | 2736/3000 [1:13:31<07:30,  1.70s/it]
 91%|ΓûêΓûêΓûêΓûêΓûêΓûêΓûêΓûêΓûê | 2737/3000 [1:13:33<07:21,  1.68s/it]
 91%|ΓûêΓûêΓûêΓûêΓûêΓûêΓûêΓûêΓûêΓûÅ| 2738/3000 [1:13:35<07:57,  1.82s/it]
 91%|ΓûêΓûêΓûêΓûêΓûêΓûêΓûêΓûêΓûêΓûÅ| 2739/3000 [1:13:36<06:56,  1.59s/it]
 91%|ΓûêΓûêΓûêΓûêΓûêΓûêΓûêΓûêΓûêΓûÅ| 2740/3000 [1:13:37<06:55,  1.60s/it]
 91%|ΓûêΓûêΓûêΓûêΓûêΓûêΓûêΓûêΓûêΓûÅ| 2741/3000 [1:13:39<07:33,  1.75s/it]
 91%|ΓûêΓûêΓûêΓûêΓûêΓûêΓûêΓûêΓûêΓûÅ| 2742/3000 [1:13:41<06:37,  1.54s/it]
 91%|ΓûêΓûêΓûêΓûêΓûêΓûêΓûêΓûêΓûêΓûÅ| 2743/3000 [1:13:43<07:47,  1.82s/it]
 91%|ΓûêΓûêΓûêΓûêΓûêΓûêΓûêΓûêΓûêΓûÅ| 2744/3000 [1:13:45<07:58,  1.87s/it]
 92%|ΓûêΓûêΓûêΓûêΓûêΓûêΓûêΓûêΓûêΓûÅ| 2745/3000 [1:13:46<06:47,  1.60s/it]
 92%|ΓûêΓûêΓûêΓûêΓûêΓûêΓûêΓûêΓûêΓûÅ| 2746/3000 [1:13:47<06:04,  1.43s/it]
 92%|ΓûêΓûêΓûêΓûêΓûêΓûêΓûêΓûêΓûêΓûÅ| 2747/3000 [1:13:48<05:18,  1.26s/it]
 92%|ΓûêΓûêΓûêΓûêΓûêΓûêΓûêΓûêΓûêΓûÅ| 2748/3000 [1:13:49<05:07,  1.22s/it]
 92%|ΓûêΓûêΓûêΓûêΓûêΓûêΓûêΓûêΓûêΓûÅ| 2749/3000 [1:13:51<06:20,  1.51s/it]
 92%|ΓûêΓûêΓûêΓûêΓûêΓûêΓûêΓûêΓûêΓûÅ| 2750/3000 [1:13:53<06:17,  1.51s/it]
 92%|ΓûêΓûêΓûêΓûêΓûêΓûêΓûêΓûêΓûêΓûÅ| 2751/3000 [1:13:54<06:14,  1.50s/it]
 92%|ΓûêΓûêΓûêΓûêΓûêΓûêΓûêΓûêΓûêΓûÅ| 2752/3000 [1:13:56<06:49,  1.65s/it]
 92%|ΓûêΓûêΓûêΓûêΓûêΓûêΓûêΓûêΓûêΓûÅ| 2753/3000 [1:13:57<05:51,  1.42s/it]
 92%|ΓûêΓûêΓûêΓûêΓûêΓûêΓûêΓûêΓûêΓûÅ| 2754/3000 [1:13:59<06:17,  1.53s/it]
 92%|ΓûêΓûêΓûêΓûêΓûêΓûêΓûêΓûêΓûêΓûÅ| 2755/3000 [1:14:00<06:23,  1.57s/it]
 92%|ΓûêΓûêΓûêΓûêΓûêΓûêΓûêΓûêΓûêΓûÅ| 2756/3000 [1:14:02<06:34,  1.62s/it]
 92%|ΓûêΓûêΓûêΓûêΓûêΓûêΓûêΓûêΓûêΓûÅ| 2757/3000 [1:14:03<05:53,  1.46s/it]
 92%|ΓûêΓûêΓûêΓûêΓûêΓûêΓûêΓûêΓûêΓûÅ| 2758/3000 [1:14:05<06:07,  1.52s/it]
 92%|ΓûêΓûêΓûêΓûêΓûêΓûêΓûêΓûêΓûêΓûÅ| 2759/3000 [1:14:07<06:12,  1.55s/it]
 92%|ΓûêΓûêΓûêΓûêΓûêΓûêΓûêΓûêΓûêΓûÅ| 2760/3000 [1:14:08<05:55,  1.48s/it]
 92%|ΓûêΓûêΓûêΓûêΓûêΓûêΓûêΓûêΓûêΓûÅ| 2761/3000 [1:14:09<05:07,  1.29s/it]
 92%|ΓûêΓûêΓûêΓûêΓûêΓûêΓûêΓûêΓûêΓûÅ| 2762/3000 [1:14:11<06:08,  1.55s/it]
 92%|ΓûêΓûêΓûêΓûêΓûêΓûêΓûêΓûêΓûêΓûÅ| 2763/3000 [1:14:12<05:45,  1.46s/it]
 92%|ΓûêΓûêΓûêΓûêΓûêΓûêΓûêΓûêΓûêΓûÅ| 2764/3000 [1:14:13<05:37,  1.43s/it]
 92%|ΓûêΓûêΓûêΓûêΓûêΓûêΓûêΓûêΓûêΓûÅ| 2765/3000 [1:14:15<05:47,  1.48s/it]
 92%|ΓûêΓûêΓûêΓûêΓûêΓûêΓûêΓûêΓûêΓûÅ| 2766/3000 [1:14:17<05:54,  1.51s/it]
 92%|ΓûêΓûêΓûêΓûêΓûêΓûêΓûêΓûêΓûêΓûÅ| 2767/3000 [1:14:18<05:54,  1.52s/it]
 92%|ΓûêΓûêΓûêΓûêΓûêΓûêΓûêΓûêΓûêΓûÅ| 2768/3000 [1:14:20<05:38,  1.46s/it]
 92%|ΓûêΓûêΓûêΓûêΓûêΓûêΓûêΓûêΓûêΓûÅ| 2769/3000 [1:14:22<06:53,  1.79s/it]
 92%|ΓûêΓûêΓûêΓûêΓûêΓûêΓûêΓûêΓûêΓûÅ| 2770/3000 [1:14:24<07:20,  1.92s/it]
 92%|ΓûêΓûêΓûêΓûêΓûêΓûêΓûêΓûêΓûêΓûÅ| 2771/3000 [1:14:25<06:22,  1.67s/it]
 92%|ΓûêΓûêΓûêΓûêΓûêΓûêΓûêΓûêΓûêΓûÅ| 2772/3000 [1:14:27<05:46,  1.52s/it]
 92%|ΓûêΓûêΓûêΓûêΓûêΓûêΓûêΓûêΓûêΓûÅ| 2773/3000 [1:14:29<06:40,  1.76s/it]
 92%|ΓûêΓûêΓûêΓûêΓûêΓûêΓûêΓûêΓûêΓûÅ| 2774/3000 [1:14:30<06:15,  1.66s/it]
 92%|ΓûêΓûêΓûêΓûêΓûêΓûêΓûêΓûêΓûêΓûÄ| 2775/3000 [1:14:34<08:51,  2.36s/it]
 93%|ΓûêΓûêΓûêΓûêΓûêΓûêΓûêΓûêΓûêΓûÄ| 2776/3000 [1:14:36<08:03,  2.16s/it]
 93%|ΓûêΓûêΓûêΓûêΓûêΓûêΓûêΓûêΓûêΓûÄ| 2777/3000 [1:14:38<07:25,  2.00s/it]
 93%|ΓûêΓûêΓûêΓûêΓûêΓûêΓûêΓûêΓûêΓûÄ| 2778/3000 [1:14:39<06:22,  1.72s/it]
 93%|ΓûêΓûêΓûêΓûêΓûêΓûêΓûêΓûêΓûêΓûÄ| 2779/3000 [1:14:40<05:57,  1.62s/it]
 93%|ΓûêΓûêΓûêΓûêΓûêΓûêΓûêΓûêΓûêΓûÄ| 2780/3000 [1:14:42<06:22,  1.74s/it]
 93%|ΓûêΓûêΓûêΓûêΓûêΓûêΓûêΓûêΓûêΓûÄ| 2781/3000 [1:14:43<05:19,  1.46s/it]
 93%|ΓûêΓûêΓûêΓûêΓûêΓûêΓûêΓûêΓûêΓûÄ| 2782/3000 [1:14:45<06:08,  1.69s/it]
 93%|ΓûêΓûêΓûêΓûêΓûêΓûêΓûêΓûêΓûêΓûÄ| 2783/3000 [1:14:47<06:41,  1.85s/it]
 93%|ΓûêΓûêΓûêΓûêΓûêΓûêΓûêΓûêΓûêΓûÄ| 2784/3000 [1:14:49<06:06,  1.70s/it]
 93%|ΓûêΓûêΓûêΓûêΓûêΓûêΓûêΓûêΓûêΓûÄ| 2785/3000 [1:14:51<06:29,  1.81s/it]
 93%|ΓûêΓûêΓûêΓûêΓûêΓûêΓûêΓûêΓûêΓûÄ| 2786/3000 [1:14:52<06:03,  1.70s/it]
 93%|ΓûêΓûêΓûêΓûêΓûêΓûêΓûêΓûêΓûêΓûÄ| 2787/3000 [1:14:55<06:49,  1.92s/it]
 93%|ΓûêΓûêΓûêΓûêΓûêΓûêΓûêΓûêΓûêΓûÄ| 2788/3000 [1:14:57<06:41,  1.89s/it]
 93%|ΓûêΓûêΓûêΓûêΓûêΓûêΓûêΓûêΓûêΓûÄ| 2789/3000 [1:14:58<06:36,  1.88s/it]
 93%|ΓûêΓûêΓûêΓûêΓûêΓûêΓûêΓûêΓûêΓûÄ| 2790/3000 [1:15:00<06:36,  1.89s/it]
 93%|ΓûêΓûêΓûêΓûêΓûêΓûêΓûêΓûêΓûêΓûÄ| 2791/3000 [1:15:02<06:01,  1.73s/it]
 93%|ΓûêΓûêΓûêΓûêΓûêΓûêΓûêΓûêΓûêΓûÄ| 2792/3000 [1:15:04<06:38,  1.92s/it]
 93%|ΓûêΓûêΓûêΓûêΓûêΓûêΓûêΓûêΓûêΓûÄ| 2793/3000 [1:15:05<06:03,  1.76s/it]
 93%|ΓûêΓûêΓûêΓûêΓûêΓûêΓûêΓûêΓûêΓûÄ| 2794/3000 [1:15:07<05:31,  1.61s/it]
 93%|ΓûêΓûêΓûêΓûêΓûêΓûêΓûêΓûêΓûêΓûÄ| 2795/3000 [1:15:08<04:55,  1.44s/it]
 93%|ΓûêΓûêΓûêΓûêΓûêΓûêΓûêΓûêΓûêΓûÄ| 2796/3000 [1:15:09<05:08,  1.51s/it]
 93%|ΓûêΓûêΓûêΓûêΓûêΓûêΓûêΓûêΓûêΓûÄ| 2797/3000 [1:15:11<05:12,  1.54s/it]
 93%|ΓûêΓûêΓûêΓûêΓûêΓûêΓûêΓûêΓûêΓûÄ| 2798/3000 [1:15:13<05:50,  1.74s/it]
 93%|ΓûêΓûêΓûêΓûêΓûêΓûêΓûêΓûêΓûêΓûÄ| 2799/3000 [1:15:14<05:13,  1.56s/it]
 93%|ΓûêΓûêΓûêΓûêΓûêΓûêΓûêΓûêΓûêΓûÄ| 2800/3000 [1:15:17<06:26,  1.93s/it]
 93%|ΓûêΓûêΓûêΓûêΓûêΓûêΓûêΓûêΓûêΓûÄ| 2801/3000 [1:15:18<05:32,  1.67s/it]
 93%|ΓûêΓûêΓûêΓûêΓûêΓûêΓûêΓûêΓûêΓûÄ| 2802/3000 [1:15:19<04:43,  1.43s/it]
 93%|ΓûêΓûêΓûêΓûêΓûêΓûêΓûêΓûêΓûêΓûÄ| 2803/3000 [1:15:21<05:04,  1.55s/it]
 93%|ΓûêΓûêΓûêΓûêΓûêΓûêΓûêΓûêΓûêΓûÄ| 2804/3000 [1:15:23<05:36,  1.72s/it]
 94%|ΓûêΓûêΓûêΓûêΓûêΓûêΓûêΓûêΓûêΓûÄ| 2805/3000 [1:15:24<05:13,  1.61s/it]
 94%|ΓûêΓûêΓûêΓûêΓûêΓûêΓûêΓûêΓûêΓûÄ| 2806/3000 [1:15:25<04:46,  1.48s/it]
 94%|ΓûêΓûêΓûêΓûêΓûêΓûêΓûêΓûêΓûêΓûÄ| 2807/3000 [1:15:27<04:24,  1.37s/it]
 94%|ΓûêΓûêΓûêΓûêΓûêΓûêΓûêΓûêΓûêΓûÄ| 2808/3000 [1:15:29<04:54,  1.53s/it]
 94%|ΓûêΓûêΓûêΓûêΓûêΓûêΓûêΓûêΓûêΓûÄ| 2809/3000 [1:15:30<05:14,  1.64s/it]
 94%|ΓûêΓûêΓûêΓûêΓûêΓûêΓûêΓûêΓûêΓûÄ| 2810/3000 [1:15:32<05:02,  1.59s/it]
 94%|ΓûêΓûêΓûêΓûêΓûêΓûêΓûêΓûêΓûêΓûÄ| 2811/3000 [1:15:34<05:32,  1.76s/it]
 94%|ΓûêΓûêΓûêΓûêΓûêΓûêΓûêΓûêΓûêΓûÄ| 2812/3000 [1:15:35<04:56,  1.58s/it]
 94%|ΓûêΓûêΓûêΓûêΓûêΓûêΓûêΓûêΓûêΓûì| 2813/3000 [1:15:38<06:03,  1.94s/it]
 94%|ΓûêΓûêΓûêΓûêΓûêΓûêΓûêΓûêΓûêΓûì| 2814/3000 [1:15:39<05:23,  1.74s/it]
 94%|ΓûêΓûêΓûêΓûêΓûêΓûêΓûêΓûêΓûêΓûì| 2815/3000 [1:15:41<04:58,  1.61s/it]
 94%|ΓûêΓûêΓûêΓûêΓûêΓûêΓûêΓûêΓûêΓûì| 2816/3000 [1:15:42<04:40,  1.52s/it]
 94%|ΓûêΓûêΓûêΓûêΓûêΓûêΓûêΓûêΓûêΓûì| 2817/3000 [1:15:43<04:27,  1.46s/it]
 94%|ΓûêΓûêΓûêΓûêΓûêΓûêΓûêΓûêΓûêΓûì| 2818/3000 [1:15:44<03:52,  1.28s/it]
 94%|ΓûêΓûêΓûêΓûêΓûêΓûêΓûêΓûêΓûêΓûì| 2819/3000 [1:15:45<03:40,  1.22s/it]
 94%|ΓûêΓûêΓûêΓûêΓûêΓûêΓûêΓûêΓûêΓûì| 2820/3000 [1:15:47<04:23,  1.46s/it]
 94%|ΓûêΓûêΓûêΓûêΓûêΓûêΓûêΓûêΓûêΓûì| 2821/3000 [1:15:50<05:10,  1.73s/it]
 94%|ΓûêΓûêΓûêΓûêΓûêΓûêΓûêΓûêΓûêΓûì| 2822/3000 [1:15:51<05:07,  1.73s/it]
 94%|ΓûêΓûêΓûêΓûêΓûêΓûêΓûêΓûêΓûêΓûì| 2823/3000 [1:15:52<04:38,  1.58s/it]
 94%|ΓûêΓûêΓûêΓûêΓûêΓûêΓûêΓûêΓûêΓûì| 2824/3000 [1:15:54<04:31,  1.54s/it]
 94%|ΓûêΓûêΓûêΓûêΓûêΓûêΓûêΓûêΓûêΓûì| 2825/3000 [1:15:57<05:38,  1.93s/it]
 94%|ΓûêΓûêΓûêΓûêΓûêΓûêΓûêΓûêΓûêΓûì| 2826/3000 [1:15:58<04:38,  1.60s/it]
 94%|ΓûêΓûêΓûêΓûêΓûêΓûêΓûêΓûêΓûêΓûì| 2827/3000 [1:15:59<04:07,  1.43s/it]
 94%|ΓûêΓûêΓûêΓûêΓûêΓûêΓûêΓûêΓûêΓûì| 2828/3000 [1:16:01<04:29,  1.57s/it]
 94%|ΓûêΓûêΓûêΓûêΓûêΓûêΓûêΓûêΓûêΓûì| 2829/3000 [1:16:02<04:21,  1.53s/it]
 94%|ΓûêΓûêΓûêΓûêΓûêΓûêΓûêΓûêΓûêΓûì| 2830/3000 [1:16:03<03:59,  1.41s/it]
 94%|ΓûêΓûêΓûêΓûêΓûêΓûêΓûêΓûêΓûêΓûì| 2831/3000 [1:16:04<03:44,  1.33s/it]
 94%|ΓûêΓûêΓûêΓûêΓûêΓûêΓûêΓûêΓûêΓûì| 2832/3000 [1:16:06<04:05,  1.46s/it]
 94%|ΓûêΓûêΓûêΓûêΓûêΓûêΓûêΓûêΓûêΓûì| 2833/3000 [1:16:07<03:36,  1.30s/it]
 94%|ΓûêΓûêΓûêΓûêΓûêΓûêΓûêΓûêΓûêΓûì| 2834/3000 [1:16:08<03:37,  1.31s/it]
 94%|ΓûêΓûêΓûêΓûêΓûêΓûêΓûêΓûêΓûêΓûì| 2835/3000 [1:16:11<04:33,  1.66s/it]
 95%|ΓûêΓûêΓûêΓûêΓûêΓûêΓûêΓûêΓûêΓûì| 2836/3000 [1:16:12<03:58,  1.46s/it]
 95%|ΓûêΓûêΓûêΓûêΓûêΓûêΓûêΓûêΓûêΓûì| 2837/3000 [1:16:13<03:41,  1.36s/it]
 95%|ΓûêΓûêΓûêΓûêΓûêΓûêΓûêΓûêΓûêΓûì| 2838/3000 [1:16:15<04:42,  1.74s/it]
 95%|ΓûêΓûêΓûêΓûêΓûêΓûêΓûêΓûêΓûêΓûì| 2839/3000 [1:16:17<04:19,  1.61s/it]
 95%|ΓûêΓûêΓûêΓûêΓûêΓûêΓûêΓûêΓûêΓûì| 2840/3000 [1:16:19<04:58,  1.87s/it]
 95%|ΓûêΓûêΓûêΓûêΓûêΓûêΓûêΓûêΓûêΓûì| 2841/3000 [1:16:21<04:53,  1.85s/it]
 95%|ΓûêΓûêΓûêΓûêΓûêΓûêΓûêΓûêΓûêΓûì| 2842/3000 [1:16:23<05:16,  2.00s/it]
 95%|ΓûêΓûêΓûêΓûêΓûêΓûêΓûêΓûêΓûêΓûì| 2843/3000 [1:16:25<04:50,  1.85s/it]
 95%|ΓûêΓûêΓûêΓûêΓûêΓûêΓûêΓûêΓûêΓûì| 2844/3000 [1:16:28<05:44,  2.21s/it]
 95%|ΓûêΓûêΓûêΓûêΓûêΓûêΓûêΓûêΓûêΓûì| 2845/3000 [1:16:31<06:03,  2.35s/it]
 95%|ΓûêΓûêΓûêΓûêΓûêΓûêΓûêΓûêΓûêΓûì| 2846/3000 [1:16:33<06:04,  2.36s/it]
 95%|ΓûêΓûêΓûêΓûêΓûêΓûêΓûêΓûêΓûêΓûì| 2847/3000 [1:16:35<05:50,  2.29s/it]
 95%|ΓûêΓûêΓûêΓûêΓûêΓûêΓûêΓûêΓûêΓûì| 2848/3000 [1:16:37<05:31,  2.18s/it]
 95%|ΓûêΓûêΓûêΓûêΓûêΓûêΓûêΓûêΓûêΓûì| 2849/3000 [1:16:38<04:35,  1.82s/it]
 95%|ΓûêΓûêΓûêΓûêΓûêΓûêΓûêΓûêΓûêΓûî| 2850/3000 [1:16:41<05:12,  2.09s/it]
 95%|ΓûêΓûêΓûêΓûêΓûêΓûêΓûêΓûêΓûêΓûî| 2851/3000 [1:16:42<04:43,  1.90s/it]
 95%|ΓûêΓûêΓûêΓûêΓûêΓûêΓûêΓûêΓûêΓûî| 2852/3000 [1:16:44<04:32,  1.84s/it]
 95%|ΓûêΓûêΓûêΓûêΓûêΓûêΓûêΓûêΓûêΓûî| 2853/3000 [1:16:45<03:54,  1.60s/it]
 95%|ΓûêΓûêΓûêΓûêΓûêΓûêΓûêΓûêΓûêΓûî| 2854/3000 [1:16:47<04:06,  1.69s/it]
 95%|ΓûêΓûêΓûêΓûêΓûêΓûêΓûêΓûêΓûêΓûî| 2855/3000 [1:16:48<03:55,  1.62s/it]
 95%|ΓûêΓûêΓûêΓûêΓûêΓûêΓûêΓûêΓûêΓûî| 2856/3000 [1:16:49<03:28,  1.45s/it]
 95%|ΓûêΓûêΓûêΓûêΓûêΓûêΓûêΓûêΓûêΓûî| 2857/3000 [1:16:51<03:37,  1.52s/it]
 95%|ΓûêΓûêΓûêΓûêΓûêΓûêΓûêΓûêΓûêΓûî| 2858/3000 [1:16:52<03:03,  1.29s/it]
 95%|ΓûêΓûêΓûêΓûêΓûêΓûêΓûêΓûêΓûêΓûî| 2859/3000 [1:16:53<02:39,  1.13s/it]
 95%|ΓûêΓûêΓûêΓûêΓûêΓûêΓûêΓûêΓûêΓûî| 2860/3000 [1:16:54<02:41,  1.15s/it]
 95%|ΓûêΓûêΓûêΓûêΓûêΓûêΓûêΓûêΓûêΓûî| 2861/3000 [1:16:56<03:10,  1.37s/it]
 95%|ΓûêΓûêΓûêΓûêΓûêΓûêΓûêΓûêΓûêΓûî| 2862/3000 [1:16:57<03:00,  1.31s/it]
 95%|ΓûêΓûêΓûêΓûêΓûêΓûêΓûêΓûêΓûêΓûî| 2863/3000 [1:16:59<03:38,  1.59s/it]
 95%|ΓûêΓûêΓûêΓûêΓûêΓûêΓûêΓûêΓûêΓûî| 2864/3000 [1:17:00<03:23,  1.49s/it]
 96%|ΓûêΓûêΓûêΓûêΓûêΓûêΓûêΓûêΓûêΓûî| 2865/3000 [1:17:01<03:03,  1.36s/it]
 96%|ΓûêΓûêΓûêΓûêΓûêΓûêΓûêΓûêΓûêΓûî| 2866/3000 [1:17:02<02:47,  1.25s/it]
 96%|ΓûêΓûêΓûêΓûêΓûêΓûêΓûêΓûêΓûêΓûî| 2867/3000 [1:17:04<03:11,  1.44s/it]
 96%|ΓûêΓûêΓûêΓûêΓûêΓûêΓûêΓûêΓûêΓûî| 2868/3000 [1:17:06<03:41,  1.67s/it]
 96%|ΓûêΓûêΓûêΓûêΓûêΓûêΓûêΓûêΓûêΓûî| 2869/3000 [1:17:07<03:03,  1.40s/it]
 96%|ΓûêΓûêΓûêΓûêΓûêΓûêΓûêΓûêΓûêΓûî| 2870/3000 [1:17:08<02:45,  1.27s/it]
 96%|ΓûêΓûêΓûêΓûêΓûêΓûêΓûêΓûêΓûêΓûî| 2871/3000 [1:17:10<03:00,  1.40s/it]
 96%|ΓûêΓûêΓûêΓûêΓûêΓûêΓûêΓûêΓûêΓûî| 2872/3000 [1:17:11<02:51,  1.34s/it]
 96%|ΓûêΓûêΓûêΓûêΓûêΓûêΓûêΓûêΓûêΓûî| 2873/3000 [1:17:13<03:24,  1.61s/it]
 96%|ΓûêΓûêΓûêΓûêΓûêΓûêΓûêΓûêΓûêΓûî| 2874/3000 [1:17:14<02:53,  1.38s/it]
 96%|ΓûêΓûêΓûêΓûêΓûêΓûêΓûêΓûêΓûêΓûî| 2875/3000 [1:17:15<02:45,  1.32s/it]
 96%|ΓûêΓûêΓûêΓûêΓûêΓûêΓûêΓûêΓûêΓûî| 2876/3000 [1:17:17<02:43,  1.32s/it]
 96%|ΓûêΓûêΓûêΓûêΓûêΓûêΓûêΓûêΓûêΓûî| 2877/3000 [1:17:20<03:46,  1.84s/it]
 96%|ΓûêΓûêΓûêΓûêΓûêΓûêΓûêΓûêΓûêΓûî| 2878/3000 [1:17:22<03:42,  1.83s/it]
 96%|ΓûêΓûêΓûêΓûêΓûêΓûêΓûêΓûêΓûêΓûî| 2879/3000 [1:17:23<03:11,  1.58s/it]
 96%|ΓûêΓûêΓûêΓûêΓûêΓûêΓûêΓûêΓûêΓûî| 2880/3000 [1:17:24<03:01,  1.52s/it]
 96%|ΓûêΓûêΓûêΓûêΓûêΓûêΓûêΓûêΓûêΓûî| 2881/3000 [1:17:25<02:42,  1.37s/it]
 96%|ΓûêΓûêΓûêΓûêΓûêΓûêΓûêΓûêΓûêΓûî| 2882/3000 [1:17:27<02:58,  1.51s/it]
 96%|ΓûêΓûêΓûêΓûêΓûêΓûêΓûêΓûêΓûêΓûî| 2883/3000 [1:17:29<03:11,  1.64s/it]
 96%|ΓûêΓûêΓûêΓûêΓûêΓûêΓûêΓûêΓûêΓûî| 2884/3000 [1:17:31<03:25,  1.77s/it]
 96%|ΓûêΓûêΓûêΓûêΓûêΓûêΓûêΓûêΓûêΓûî| 2885/3000 [1:17:34<03:58,  2.07s/it]
 96%|ΓûêΓûêΓûêΓûêΓûêΓûêΓûêΓûêΓûêΓûî| 2886/3000 [1:17:35<03:25,  1.80s/it]
 96%|ΓûêΓûêΓûêΓûêΓûêΓûêΓûêΓûêΓûêΓûî| 2887/3000 [1:17:37<03:24,  1.81s/it]
 96%|ΓûêΓûêΓûêΓûêΓûêΓûêΓûêΓûêΓûêΓûï| 2888/3000 [1:17:38<03:18,  1.78s/it]
 96%|ΓûêΓûêΓûêΓûêΓûêΓûêΓûêΓûêΓûêΓûï| 2889/3000 [1:17:39<02:48,  1.52s/it]
 96%|ΓûêΓûêΓûêΓûêΓûêΓûêΓûêΓûêΓûêΓûï| 2890/3000 [1:17:40<02:39,  1.45s/it]
 96%|ΓûêΓûêΓûêΓûêΓûêΓûêΓûêΓûêΓûêΓûï| 2891/3000 [1:17:42<02:25,  1.33s/it]
 96%|ΓûêΓûêΓûêΓûêΓûêΓûêΓûêΓûêΓûêΓûï| 2892/3000 [1:17:43<02:30,  1.39s/it]
 96%|ΓûêΓûêΓûêΓûêΓûêΓûêΓûêΓûêΓûêΓûï| 2893/3000 [1:17:45<02:50,  1.59s/it]
 96%|ΓûêΓûêΓûêΓûêΓûêΓûêΓûêΓûêΓûêΓûï| 2894/3000 [1:17:47<02:53,  1.64s/it]
 96%|ΓûêΓûêΓûêΓûêΓûêΓûêΓûêΓûêΓûêΓûï| 2895/3000 [1:17:49<03:17,  1.88s/it]
 97%|ΓûêΓûêΓûêΓûêΓûêΓûêΓûêΓûêΓûêΓûï| 2896/3000 [1:17:50<02:53,  1.67s/it]
 97%|ΓûêΓûêΓûêΓûêΓûêΓûêΓûêΓûêΓûêΓûï| 2897/3000 [1:17:52<02:36,  1.52s/it]
 97%|ΓûêΓûêΓûêΓûêΓûêΓûêΓûêΓûêΓûêΓûï| 2898/3000 [1:17:54<03:08,  1.84s/it]
 97%|ΓûêΓûêΓûêΓûêΓûêΓûêΓûêΓûêΓûêΓûï| 2899/3000 [1:17:55<02:45,  1.64s/it]
 97%|ΓûêΓûêΓûêΓûêΓûêΓûêΓûêΓûêΓûêΓûï| 2900/3000 [1:17:57<02:36,  1.56s/it]
 97%|ΓûêΓûêΓûêΓûêΓûêΓûêΓûêΓûêΓûêΓûï| 2901/3000 [1:17:58<02:19,  1.41s/it]
 97%|ΓûêΓûêΓûêΓûêΓûêΓûêΓûêΓûêΓûêΓûï| 2902/3000 [1:18:00<02:44,  1.68s/it]
 97%|ΓûêΓûêΓûêΓûêΓûêΓûêΓûêΓûêΓûêΓûï| 2903/3000 [1:18:01<02:32,  1.57s/it]
 97%|ΓûêΓûêΓûêΓûêΓûêΓûêΓûêΓûêΓûêΓûï| 2904/3000 [1:18:03<02:34,  1.61s/it]
 97%|ΓûêΓûêΓûêΓûêΓûêΓûêΓûêΓûêΓûêΓûï| 2905/3000 [1:18:06<03:06,  1.96s/it]
 97%|ΓûêΓûêΓûêΓûêΓûêΓûêΓûêΓûêΓûêΓûï| 2906/3000 [1:18:07<02:46,  1.77s/it]
 97%|ΓûêΓûêΓûêΓûêΓûêΓûêΓûêΓûêΓûêΓûï| 2907/3000 [1:18:09<02:38,  1.70s/it]
 97%|ΓûêΓûêΓûêΓûêΓûêΓûêΓûêΓûêΓûêΓûï| 2908/3000 [1:18:10<02:16,  1.49s/it]
 97%|ΓûêΓûêΓûêΓûêΓûêΓûêΓûêΓûêΓûêΓûï| 2909/3000 [1:18:12<02:38,  1.74s/it]
 97%|ΓûêΓûêΓûêΓûêΓûêΓûêΓûêΓûêΓûêΓûï| 2910/3000 [1:18:13<02:14,  1.49s/it]
 97%|ΓûêΓûêΓûêΓûêΓûêΓûêΓûêΓûêΓûêΓûï| 2911/3000 [1:18:14<02:02,  1.38s/it]
 97%|ΓûêΓûêΓûêΓûêΓûêΓûêΓûêΓûêΓûêΓûï| 2912/3000 [1:18:15<01:59,  1.35s/it]
 97%|ΓûêΓûêΓûêΓûêΓûêΓûêΓûêΓûêΓûêΓûï| 2913/3000 [1:18:16<01:48,  1.25s/it]
 97%|ΓûêΓûêΓûêΓûêΓûêΓûêΓûêΓûêΓûêΓûï| 2914/3000 [1:18:19<02:11,  1.53s/it]
 97%|ΓûêΓûêΓûêΓûêΓûêΓûêΓûêΓûêΓûêΓûï| 2915/3000 [1:18:20<02:06,  1.48s/it]
 97%|ΓûêΓûêΓûêΓûêΓûêΓûêΓûêΓûêΓûêΓûï| 2916/3000 [1:18:21<01:53,  1.36s/it]
 97%|ΓûêΓûêΓûêΓûêΓûêΓûêΓûêΓûêΓûêΓûï| 2917/3000 [1:18:23<02:15,  1.63s/it]
 97%|ΓûêΓûêΓûêΓûêΓûêΓûêΓûêΓûêΓûêΓûï| 2918/3000 [1:18:25<02:07,  1.56s/it]
 97%|ΓûêΓûêΓûêΓûêΓûêΓûêΓûêΓûêΓûêΓûï| 2919/3000 [1:18:26<01:50,  1.37s/it]
 97%|ΓûêΓûêΓûêΓûêΓûêΓûêΓûêΓûêΓûêΓûï| 2920/3000 [1:18:27<01:44,  1.30s/it]
 97%|ΓûêΓûêΓûêΓûêΓûêΓûêΓûêΓûêΓûêΓûï| 2921/3000 [1:18:28<01:42,  1.29s/it]
 97%|ΓûêΓûêΓûêΓûêΓûêΓûêΓûêΓûêΓûêΓûï| 2922/3000 [1:18:30<01:44,  1.34s/it]
 97%|ΓûêΓûêΓûêΓûêΓûêΓûêΓûêΓûêΓûêΓûï| 2923/3000 [1:18:31<01:35,  1.24s/it]
 97%|ΓûêΓûêΓûêΓûêΓûêΓûêΓûêΓûêΓûêΓûï| 2924/3000 [1:18:32<01:39,  1.30s/it]
 98%|ΓûêΓûêΓûêΓûêΓûêΓûêΓûêΓûêΓûêΓûè| 2925/3000 [1:18:34<01:49,  1.46s/it]
 98%|ΓûêΓûêΓûêΓûêΓûêΓûêΓûêΓûêΓûêΓûè| 2926/3000 [1:18:35<01:36,  1.30s/it]
 98%|ΓûêΓûêΓûêΓûêΓûêΓûêΓûêΓûêΓûêΓûè| 2927/3000 [1:18:36<01:36,  1.33s/it]
 98%|ΓûêΓûêΓûêΓûêΓûêΓûêΓûêΓûêΓûêΓûè| 2928/3000 [1:18:38<01:36,  1.34s/it]
 98%|ΓûêΓûêΓûêΓûêΓûêΓûêΓûêΓûêΓûêΓûè| 2929/3000 [1:18:40<01:51,  1.57s/it]
 98%|ΓûêΓûêΓûêΓûêΓûêΓûêΓûêΓûêΓûêΓûè| 2930/3000 [1:18:41<01:52,  1.61s/it]
 98%|ΓûêΓûêΓûêΓûêΓûêΓûêΓûêΓûêΓûêΓûè| 2931/3000 [1:18:42<01:39,  1.44s/it]
 98%|ΓûêΓûêΓûêΓûêΓûêΓûêΓûêΓûêΓûêΓûè| 2932/3000 [1:18:45<02:06,  1.85s/it]
 98%|ΓûêΓûêΓûêΓûêΓûêΓûêΓûêΓûêΓûêΓûè| 2933/3000 [1:18:46<01:51,  1.66s/it]
 98%|ΓûêΓûêΓûêΓûêΓûêΓûêΓûêΓûêΓûêΓûè| 2934/3000 [1:18:50<02:24,  2.19s/it]
 98%|ΓûêΓûêΓûêΓûêΓûêΓûêΓûêΓûêΓûêΓûè| 2935/3000 [1:18:51<02:01,  1.87s/it]
 98%|ΓûêΓûêΓûêΓûêΓûêΓûêΓûêΓûêΓûêΓûè| 2936/3000 [1:18:53<01:54,  1.78s/it]
 98%|ΓûêΓûêΓûêΓûêΓûêΓûêΓûêΓûêΓûêΓûè| 2937/3000 [1:18:54<01:44,  1.65s/it]
 98%|ΓûêΓûêΓûêΓûêΓûêΓûêΓûêΓûêΓûêΓûè| 2938/3000 [1:18:55<01:37,  1.57s/it]
 98%|ΓûêΓûêΓûêΓûêΓûêΓûêΓûêΓûêΓûêΓûè| 2939/3000 [1:18:57<01:37,  1.60s/it]
 98%|ΓûêΓûêΓûêΓûêΓûêΓûêΓûêΓûêΓûêΓûè| 2940/3000 [1:18:59<01:39,  1.66s/it]
 98%|ΓûêΓûêΓûêΓûêΓûêΓûêΓûêΓûêΓûêΓûè| 2941/3000 [1:19:00<01:37,  1.65s/it]
 98%|ΓûêΓûêΓûêΓûêΓûêΓûêΓûêΓûêΓûêΓûè| 2942/3000 [1:19:02<01:27,  1.51s/it]
 98%|ΓûêΓûêΓûêΓûêΓûêΓûêΓûêΓûêΓûêΓûè| 2943/3000 [1:19:03<01:25,  1.49s/it]
 98%|ΓûêΓûêΓûêΓûêΓûêΓûêΓûêΓûêΓûêΓûè| 2944/3000 [1:19:04<01:16,  1.37s/it]
 98%|ΓûêΓûêΓûêΓûêΓûêΓûêΓûêΓûêΓûêΓûè| 2945/3000 [1:19:05<01:16,  1.38s/it]
 98%|ΓûêΓûêΓûêΓûêΓûêΓûêΓûêΓûêΓûêΓûè| 2946/3000 [1:19:06<01:05,  1.21s/it]
 98%|ΓûêΓûêΓûêΓûêΓûêΓûêΓûêΓûêΓûêΓûè| 2947/3000 [1:19:08<01:05,  1.23s/it]
 98%|ΓûêΓûêΓûêΓûêΓûêΓûêΓûêΓûêΓûêΓûè| 2948/3000 [1:19:09<01:08,  1.31s/it]
 98%|ΓûêΓûêΓûêΓûêΓûêΓûêΓûêΓûêΓûêΓûè| 2949/3000 [1:19:11<01:09,  1.36s/it]
 98%|ΓûêΓûêΓûêΓûêΓûêΓûêΓûêΓûêΓûêΓûè| 2950/3000 [1:19:12<01:15,  1.50s/it]
 98%|ΓûêΓûêΓûêΓûêΓûêΓûêΓûêΓûêΓûêΓûè| 2951/3000 [1:19:14<01:08,  1.39s/it]
 98%|ΓûêΓûêΓûêΓûêΓûêΓûêΓûêΓûêΓûêΓûè| 2952/3000 [1:19:15<01:09,  1.45s/it]
 98%|ΓûêΓûêΓûêΓûêΓûêΓûêΓûêΓûêΓûêΓûè| 2953/3000 [1:19:17<01:15,  1.60s/it]
 98%|ΓûêΓûêΓûêΓûêΓûêΓûêΓûêΓûêΓûêΓûè| 2954/3000 [1:19:18<01:02,  1.36s/it]
 98%|ΓûêΓûêΓûêΓûêΓûêΓûêΓûêΓûêΓûêΓûè| 2955/3000 [1:19:19<00:55,  1.24s/it]
 99%|ΓûêΓûêΓûêΓûêΓûêΓûêΓûêΓûêΓûêΓûè| 2956/3000 [1:19:20<00:56,  1.29s/it]
 99%|ΓûêΓûêΓûêΓûêΓûêΓûêΓûêΓûêΓûêΓûè| 2957/3000 [1:19:21<00:52,  1.22s/it]
 99%|ΓûêΓûêΓûêΓûêΓûêΓûêΓûêΓûêΓûêΓûè| 2958/3000 [1:19:23<01:02,  1.48s/it]
 99%|ΓûêΓûêΓûêΓûêΓûêΓûêΓûêΓûêΓûêΓûè| 2959/3000 [1:19:28<01:36,  2.36s/it]
 99%|ΓûêΓûêΓûêΓûêΓûêΓûêΓûêΓûêΓûêΓûè| 2960/3000 [1:19:29<01:19,  1.98s/it]
 99%|ΓûêΓûêΓûêΓûêΓûêΓûêΓûêΓûêΓûêΓûè| 2961/3000 [1:19:30<01:09,  1.78s/it]
 99%|ΓûêΓûêΓûêΓûêΓûêΓûêΓûêΓûêΓûêΓûè| 2962/3000 [1:19:31<00:59,  1.57s/it]
 99%|ΓûêΓûêΓûêΓûêΓûêΓûêΓûêΓûêΓûêΓûë| 2963/3000 [1:19:32<00:50,  1.37s/it]
 99%|ΓûêΓûêΓûêΓûêΓûêΓûêΓûêΓûêΓûêΓûë| 2964/3000 [1:19:34<00:54,  1.52s/it]
 99%|ΓûêΓûêΓûêΓûêΓûêΓûêΓûêΓûêΓûêΓûë| 2965/3000 [1:19:35<00:49,  1.40s/it]
 99%|ΓûêΓûêΓûêΓûêΓûêΓûêΓûêΓûêΓûêΓûë| 2966/3000 [1:19:37<00:47,  1.40s/it]
 99%|ΓûêΓûêΓûêΓûêΓûêΓûêΓûêΓûêΓûêΓûë| 2967/3000 [1:19:38<00:41,  1.27s/it]
 99%|ΓûêΓûêΓûêΓûêΓûêΓûêΓûêΓûêΓûêΓûë| 2968/3000 [1:19:38<00:36,  1.13s/it]
 99%|ΓûêΓûêΓûêΓûêΓûêΓûêΓûêΓûêΓûêΓûë| 2969/3000 [1:19:40<00:38,  1.24s/it]
 99%|ΓûêΓûêΓûêΓûêΓûêΓûêΓûêΓûêΓûêΓûë| 2970/3000 [1:19:41<00:33,  1.12s/it]
 99%|ΓûêΓûêΓûêΓûêΓûêΓûêΓûêΓûêΓûêΓûë| 2971/3000 [1:19:43<00:45,  1.56s/it]
 99%|ΓûêΓûêΓûêΓûêΓûêΓûêΓûêΓûêΓûêΓûë| 2972/3000 [1:19:45<00:41,  1.50s/it]
 99%|ΓûêΓûêΓûêΓûêΓûêΓûêΓûêΓûêΓûêΓûë| 2973/3000 [1:19:46<00:41,  1.53s/it]
 99%|ΓûêΓûêΓûêΓûêΓûêΓûêΓûêΓûêΓûêΓûë| 2974/3000 [1:19:47<00:34,  1.34s/it]
 99%|ΓûêΓûêΓûêΓûêΓûêΓûêΓûêΓûêΓûêΓûë| 2975/3000 [1:19:48<00:29,  1.19s/it]
 99%|ΓûêΓûêΓûêΓûêΓûêΓûêΓûêΓûêΓûêΓûë| 2976/3000 [1:19:50<00:37,  1.55s/it]
 99%|ΓûêΓûêΓûêΓûêΓûêΓûêΓûêΓûêΓûêΓûë| 2977/3000 [1:19:51<00:30,  1.33s/it]
 99%|ΓûêΓûêΓûêΓûêΓûêΓûêΓûêΓûêΓûêΓûë| 2978/3000 [1:19:54<00:36,  1.65s/it]
 99%|ΓûêΓûêΓûêΓûêΓûêΓûêΓûêΓûêΓûêΓûë| 2979/3000 [1:19:55<00:30,  1.46s/it]
 99%|ΓûêΓûêΓûêΓûêΓûêΓûêΓûêΓûêΓûêΓûë| 2980/3000 [1:19:56<00:28,  1.41s/it]
 99%|ΓûêΓûêΓûêΓûêΓûêΓûêΓûêΓûêΓûêΓûë| 2981/3000 [1:19:57<00:25,  1.34s/it]
 99%|ΓûêΓûêΓûêΓûêΓûêΓûêΓûêΓûêΓûêΓûë| 2982/3000 [1:19:59<00:25,  1.41s/it]
 99%|ΓûêΓûêΓûêΓûêΓûêΓûêΓûêΓûêΓûêΓûë| 2983/3000 [1:20:00<00:26,  1.56s/it]
 99%|ΓûêΓûêΓûêΓûêΓûêΓûêΓûêΓûêΓûêΓûë| 2984/3000 [1:20:02<00:25,  1.58s/it]
100%|ΓûêΓûêΓûêΓûêΓûêΓûêΓûêΓûêΓûêΓûë| 2985/3000 [1:20:04<00:24,  1.63s/it]
100%|ΓûêΓûêΓûêΓûêΓûêΓûêΓûêΓûêΓûêΓûë| 2986/3000 [1:20:05<00:19,  1.41s/it]
100%|ΓûêΓûêΓûêΓûêΓûêΓûêΓûêΓûêΓûêΓûë| 2987/3000 [1:20:06<00:16,  1.30s/it]
100%|ΓûêΓûêΓûêΓûêΓûêΓûêΓûêΓûêΓûêΓûë| 2988/3000 [1:20:08<00:17,  1.43s/it]
100%|ΓûêΓûêΓûêΓûêΓûêΓûêΓûêΓûêΓûêΓûë| 2989/3000 [1:20:09<00:16,  1.54s/it]
100%|ΓûêΓûêΓûêΓûêΓûêΓûêΓûêΓûêΓûêΓûë| 2990/3000 [1:20:11<00:16,  1.64s/it]
100%|ΓûêΓûêΓûêΓûêΓûêΓûêΓûêΓûêΓûêΓûë| 2991/3000 [1:20:12<00:12,  1.38s/it]
100%|ΓûêΓûêΓûêΓûêΓûêΓûêΓûêΓûêΓûêΓûë| 2992/3000 [1:20:14<00:12,  1.55s/it]
100%|ΓûêΓûêΓûêΓûêΓûêΓûêΓûêΓûêΓûêΓûë| 2993/3000 [1:20:15<00:09,  1.41s/it]
100%|ΓûêΓûêΓûêΓûêΓûêΓûêΓûêΓûêΓûêΓûë| 2994/3000 [1:20:17<00:09,  1.64s/it]
100%|ΓûêΓûêΓûêΓûêΓûêΓûêΓûêΓûêΓûêΓûë| 2995/3000 [1:20:18<00:07,  1.45s/it]
100%|ΓûêΓûêΓûêΓûêΓûêΓûêΓûêΓûêΓûêΓûë| 2996/3000 [1:20:19<00:05,  1.32s/it]
100%|ΓûêΓûêΓûêΓûêΓûêΓûêΓûêΓûêΓûêΓûë| 2997/3000 [1:20:21<00:04,  1.47s/it]
100%|ΓûêΓûêΓûêΓûêΓûêΓûêΓûêΓûêΓûêΓûë| 2998/3000 [1:20:23<00:03,  1.60s/it]
100%|ΓûêΓûêΓûêΓûêΓûêΓûêΓûêΓûêΓûêΓûë| 2999/3000 [1:20:25<00:01,  1.63s/it]
100%|ΓûêΓûêΓûêΓûêΓûêΓûêΓûêΓûêΓûêΓûê| 3000/3000 [1:20:26<00:00,  1.64s/it]
100%|ΓûêΓûêΓûêΓûêΓûêΓûêΓûêΓûêΓûêΓûê| 3000/3000 [1:20:26<00:00,  1.61s/it]
Done. Run dir: C:\Users\jv624\Desktop\fsm_reliability\outputs\fsm_inference\20261007_052546_qwen25-7b-instruct_pilot3000
