python.exe : 
At C:\Users\jv624\Desktop\fsm_reliability\outputs\data_queue.ps1:15 char:5
+     & $py @pyArgs 2>&1 | Out-File -Encoding utf8 "outputs\queue_$name ...
+     ~~~~~~~~~~~~~~~~~~
    + CategoryInfo          : NotSpecified: (:String) [], RemoteException
    + FullyQualifiedErrorId : NativeCommandError
 
Loading weights:   0%|          | 0/254 [00:00<?, ?it/s]
Loading weights:   0%|          | 1/254 [00:00<02:29,  1.69it/s]
Loading weights:   5%|▍         | 12/254 [00:00<00:10, 22.01it/s]
Loading weights:   8%|▊         | 21/254 [00:00<00:06, 34.39it/s]
Loading weights:  12%|█▏        | 30/254 [00:00<00:05, 44.50it/s]
Loading weights:  15%|█▌        | 39/254 [00:01<00:04, 52.38it/s]
Loading weights:  18%|█▊        | 46/254 [00:01<00:03, 56.38it/s]
Loading weights:  21%|██        | 53/254 [00:01<00:03, 55.26it/s]
Loading weights:  24%|██▎       | 60/254 [00:01<00:03, 57.41it/s]
Loading weights:  26%|██▋       | 67/254 [00:01<00:03, 52.33it/s]
Loading weights:  29%|██▊       | 73/254 [00:01<00:03, 53.62it/s]
Loading weights:  31%|███       | 79/254 [00:01<00:03, 48.51it/s]
Loading weights:  33%|███▎      | 85/254 [00:01<00:03, 45.99it/s]
Loading weights:  36%|███▌      | 91/254 [00:02<00:03, 49.04it/s]
Loading weights:  38%|███▊      | 97/254 [00:02<00:03, 44.65it/s]
Loading weights:  41%|████      | 103/254 [00:02<00:03, 43.47it/s]
Loading weights:  43%|████▎     | 109/254 [00:02<00:03, 46.57it/s]
Loading weights:  45%|████▍     | 114/254 [00:02<00:03, 41.80it/s]
Loading weights:  47%|████▋     | 120/254 [00:02<00:02, 45.73it/s]
Loading weights:  49%|████▉     | 125/254 [00:02<00:02, 44.23it/s]
Loading weights:  51%|█████     | 130/254 [00:03<00:02, 43.60it/s]
Loading weights:  53%|█████▎    | 135/254 [00:03<00:02, 44.86it/s]
Loading weights:  55%|█████▌    | 140/254 [00:03<00:02, 40.12it/s]
Loading weights:  58%|█████▊    | 147/254 [00:03<00:02, 45.91it/s]
Loading weights:  60%|█████▉    | 152/254 [00:03<00:02, 40.68it/s]
Loading weights:  62%|██████▏   | 157/254 [00:03<00:02, 41.12it/s]
Loading weights:  64%|██████▍   | 163/254 [00:03<00:01, 45.51it/s]
Loading weights:  66%|██████▌   | 168/254 [00:03<00:02, 41.43it/s]
Loading weights:  69%|██████▊   | 174/254 [00:04<00:01, 43.97it/s]
Loading weights:  70%|███████   | 179/254 [00:04<00:01, 41.48it/s]
Loading weights:  72%|███████▏  | 184/254 [00:04<00:01, 40.07it/s]
Loading weights:  74%|███████▍  | 189/254 [00:04<00:01, 42.47it/s]
Loading weights:  76%|███████▋  | 194/254 [00:04<00:01, 37.86it/s]
Loading weights:  79%|███████▉  | 201/254 [00:04<00:01, 45.28it/s]
Loading weights:  81%|████████  | 206/254 [00:04<00:01, 43.85it/s]
Loading weights:  83%|████████▎ | 212/254 [00:04<00:00, 45.50it/s]
Loading weights:  87%|████████▋ | 220/254 [00:05<00:00, 54.31it/s]
Loading weights:  90%|████████▉ | 228/254 [00:05<00:00, 60.35it/s]
Loading weights:  93%|█████████▎| 237/254 [00:05<00:00, 62.70it/s]
Loading weights:  96%|█████████▌| 244/254 [00:05<00:00, 64.33it/s]
Loading weights:  99%|█████████▉| 251/254 [00:05<00:00, 62.39it/s]
Loading weights: 100%|██████████| 254/254 [00:05<00:00, 46.10it/s]

  0%|          | 0/4500 [00:00<?, ?it/s][transformers] Ignoring clean_up_tokenization_spaces=True for BPE tokenizer 
TokenizersBackend. The clean_up_tokenization post-processing step is designed for WordPiece tokenizers and is 
destructive for BPE (it strips spaces before punctuation). Set clean_up_tokenization_spaces=False to suppress this 
warning, or set clean_up_tokenization_spaces_for_bpe_even_though_it_will_corrupt_output=True to force cleanup anyway.

  0%|          | 1/4500 [00:00<27:55,  2.69it/s]
  0%|          | 2/4500 [00:06<4:30:12,  3.60s/it]
  0%|          | 3/4500 [00:07<3:22:23,  2.70s/it]
  0%|          | 4/4500 [00:10<3:18:43,  2.65s/it]
  0%|          | 5/4500 [00:14<4:01:52,  3.23s/it]
  0%|          | 6/4500 [00:17<3:57:29,  3.17s/it]
  0%|          | 7/4500 [00:19<3:12:01,  2.56s/it]
  0%|          | 8/4500 [00:22<3:34:19,  2.86s/it]
  0%|          | 9/4500 [00:25<3:29:05,  2.79s/it]
  0%|          | 10/4500 [00:28<3:45:41,  3.02s/it]
  0%|          | 11/4500 [00:32<4:00:43,  3.22s/it]
  0%|          | 12/4500 [00:36<4:14:38,  3.40s/it]
  0%|          | 13/4500 [00:39<4:02:31,  3.24s/it]
  0%|          | 14/4500 [00:42<4:14:39,  3.41s/it]
  0%|          | 15/4500 [00:46<4:18:58,  3.46s/it]
  0%|          | 16/4500 [00:50<4:41:26,  3.77s/it]
  0%|          | 17/4500 [00:52<3:52:17,  3.11s/it]
  0%|          | 18/4500 [01:01<6:04:42,  4.88s/it]
  0%|          | 19/4500 [01:02<4:32:02,  3.64s/it]
  0%|          | 20/4500 [01:04<4:00:22,  3.22s/it]
  0%|          | 21/4500 [01:07<3:47:36,  3.05s/it]
  0%|          | 22/4500 [01:09<3:29:46,  2.81s/it]
  1%|          | 24/4500 [01:10<2:10:14,  1.75s/it]
  1%|          | 25/4500 [01:15<3:12:02,  2.57s/it]
  1%|          | 26/4500 [01:18<3:20:36,  2.69s/it]
  1%|          | 27/4500 [01:20<3:15:19,  2.62s/it]
  1%|          | 28/4500 [01:23<3:23:31,  2.73s/it]
  1%|          | 29/4500 [01:29<4:21:34,  3.51s/it]
  1%|          | 30/4500 [01:31<3:53:56,  3.14s/it]
  1%|          | 31/4500 [01:34<3:39:03,  2.94s/it]
  1%|          | 32/4500 [01:40<4:43:07,  3.80s/it]
  1%|          | 33/4500 [01:44<4:51:21,  3.91s/it]
  1%|          | 34/4500 [01:46<4:17:12,  3.46s/it]
  1%|          | 35/4500 [01:49<4:14:07,  3.41s/it]
  1%|          | 36/4500 [01:54<4:30:48,  3.64s/it]
  1%|          | 37/4500 [01:59<5:20:24,  4.31s/it]
  1%|          | 38/4500 [02:00<4:02:40,  3.26s/it]
  1%|          | 39/4500 [02:06<4:54:14,  3.96s/it]
  1%|          | 40/4500 [02:08<4:09:11,  3.35s/it]
  1%|          | 41/4500 [02:11<4:13:14,  3.41s/it]
  1%|          | 42/4500 [02:13<3:42:56,  3.00s/it]
  1%|          | 43/4500 [02:16<3:31:52,  2.85s/it]
  1%|          | 44/4500 [02:21<4:24:17,  3.56s/it]
  1%|          | 45/4500 [02:24<4:16:22,  3.45s/it]
  1%|          | 46/4500 [02:27<3:50:50,  3.11s/it]
  1%|          | 48/4500 [02:29<2:53:00,  2.33s/it]
  1%|          | 49/4500 [02:34<3:25:34,  2.77s/it]
  1%|          | 50/4500 [02:36<3:21:34,  2.72s/it]
  1%|          | 51/4500 [02:39<3:20:12,  2.70s/it]
  1%|          | 52/4500 [02:44<4:11:33,  3.39s/it]
  1%|          | 53/4500 [02:46<3:53:36,  3.15s/it]
  1%|          | 54/4500 [02:48<3:19:18,  2.69s/it]
  1%|          | 55/4500 [02:54<4:38:49,  3.76s/it]
  1%|          | 56/4500 [02:58<4:29:13,  3.63s/it]
  1%|▏         | 57/4500 [03:01<4:15:01,  3.44s/it]
  1%|▏         | 58/4500 [03:04<4:16:25,  3.46s/it]
  1%|▏         | 59/4500 [03:09<4:45:46,  3.86s/it]
  1%|▏         | 60/4500 [03:11<4:11:41,  3.40s/it]
  1%|▏         | 61/4500 [03:15<4:23:27,  3.56s/it]
  1%|▏         | 62/4500 [03:18<4:15:31,  3.45s/it]
  1%|▏         | 63/4500 [03:20<3:39:29,  2.97s/it]
  1%|▏         | 64/4500 [03:23<3:31:28,  2.86s/it]
  1%|▏         | 65/4500 [03:27<3:59:20,  3.24s/it]
  1%|▏         | 66/4500 [03:32<4:32:17,  3.68s/it]
  1%|▏         | 67/4500 [03:35<4:28:03,  3.63s/it]
  2%|▏         | 68/4500 [03:39<4:36:09,  3.74s/it]
  2%|▏         | 69/4500 [03:41<3:59:06,  3.24s/it]
  2%|▏         | 70/4500 [03:45<4:00:16,  3.25s/it]
  2%|▏         | 71/4500 [03:50<4:38:04,  3.77s/it]
  2%|▏         | 72/4500 [03:58<6:21:43,  5.17s/it]
  2%|▏         | 73/4500 [04:02<5:58:05,  4.85s/it]
  2%|▏         | 74/4500 [04:06<5:28:27,  4.45s/it]
  2%|▏         | 75/4500 [04:08<4:38:02,  3.77s/it]
  2%|▏         | 76/4500 [04:13<5:03:37,  4.12s/it]
  2%|▏         | 77/4500 [04:14<4:10:33,  3.40s/it]
  2%|▏         | 78/4500 [04:18<4:17:16,  3.49s/it]
  2%|▏         | 79/4500 [04:22<4:34:12,  3.72s/it]
  2%|▏         | 80/4500 [04:26<4:37:06,  3.76s/it]
  2%|▏         | 81/4500 [04:33<5:30:47,  4.49s/it]
  2%|▏         | 82/4500 [04:38<5:56:17,  4.84s/it]
  2%|▏         | 83/4500 [04:40<4:57:57,  4.05s/it]
  2%|▏         | 84/4500 [04:42<4:04:49,  3.33s/it]
  2%|▏         | 85/4500 [04:47<4:32:53,  3.71s/it]
  2%|▏         | 86/4500 [04:48<3:36:50,  2.95s/it]
  2%|▏         | 87/4500 [04:51<3:33:54,  2.91s/it]
  2%|▏         | 88/4500 [04:54<3:43:07,  3.03s/it]
  2%|▏         | 89/4500 [04:57<3:51:54,  3.15s/it]
  2%|▏         | 90/4500 [04:59<3:29:09,  2.85s/it]
  2%|▏         | 91/4500 [05:03<3:45:12,  3.06s/it]
  2%|▏         | 92/4500 [05:06<3:35:50,  2.94s/it]
  2%|▏         | 93/4500 [05:09<3:44:40,  3.06s/it]
  2%|▏         | 94/4500 [05:11<3:22:42,  2.76s/it]
  2%|▏         | 96/4500 [05:17<3:34:47,  2.93s/it]
  2%|▏         | 97/4500 [05:21<3:44:25,  3.06s/it]
  2%|▏         | 98/4500 [05:24<3:41:51,  3.02s/it]
  2%|▏         | 99/4500 [05:26<3:27:10,  2.82s/it]
  2%|▏         | 100/4500 [05:30<3:44:19,  3.06s/it]
  2%|▏         | 101/4500 [05:32<3:32:36,  2.90s/it]
  2%|▏         | 102/4500 [05:36<4:00:50,  3.29s/it]
  2%|▏         | 103/4500 [05:40<4:17:52,  3.52s/it]
  2%|▏         | 104/4500 [05:43<3:57:01,  3.24s/it]
  2%|▏         | 105/4500 [05:45<3:34:16,  2.93s/it]
  2%|▏         | 106/4500 [05:48<3:27:16,  2.83s/it]
  2%|▏         | 107/4500 [05:51<3:32:06,  2.90s/it]
  2%|▏         | 108/4500 [05:53<3:18:23,  2.71s/it]
  2%|▏         | 109/4500 [05:56<3:28:47,  2.85s/it]
  2%|▏         | 110/4500 [06:02<4:35:29,  3.77s/it]
  2%|▏         | 111/4500 [06:05<4:11:24,  3.44s/it]
  2%|▏         | 112/4500 [06:08<4:12:04,  3.45s/it]
  3%|▎         | 114/4500 [06:14<3:41:53,  3.04s/it]
  3%|▎         | 115/4500 [06:17<3:43:29,  3.06s/it]
  3%|▎         | 116/4500 [06:19<3:36:46,  2.97s/it]
  3%|▎         | 117/4500 [06:23<3:42:39,  3.05s/it]
  3%|▎         | 118/4500 [06:27<4:02:47,  3.32s/it]
  3%|▎         | 119/4500 [06:32<4:45:32,  3.91s/it]
  3%|▎         | 120/4500 [06:33<3:52:53,  3.19s/it]
  3%|▎         | 121/4500 [06:36<3:30:25,  2.88s/it]
  3%|▎         | 122/4500 [06:40<4:07:29,  3.39s/it]
  3%|▎         | 123/4500 [06:43<3:50:17,  3.16s/it]
  3%|▎         | 124/4500 [06:47<4:07:12,  3.39s/it]
  3%|▎         | 125/4500 [06:50<4:09:01,  3.42s/it]
  3%|▎         | 126/4500 [06:54<4:15:21,  3.50s/it]
  3%|▎         | 127/4500 [06:57<3:55:38,  3.23s/it]
  3%|▎         | 128/4500 [06:58<3:11:57,  2.63s/it]
  3%|▎         | 129/4500 [07:00<3:04:31,  2.53s/it]
  3%|▎         | 130/4500 [07:04<3:26:52,  2.84s/it]
  3%|▎         | 131/4500 [07:07<3:36:38,  2.98s/it]
  3%|▎         | 132/4500 [07:11<4:11:09,  3.45s/it]
  3%|▎         | 133/4500 [07:14<3:47:15,  3.12s/it]
  3%|▎         | 134/4500 [07:18<4:12:16,  3.47s/it]
  3%|▎         | 135/4500 [07:23<4:36:12,  3.80s/it]
  3%|▎         | 136/4500 [07:27<4:47:58,  3.96s/it]
  3%|▎         | 137/4500 [07:31<4:58:59,  4.11s/it]
  3%|▎         | 138/4500 [07:40<6:40:22,  5.51s/it]
  3%|▎         | 139/4500 [07:45<6:13:52,  5.14s/it]
  3%|▎         | 140/4500 [07:48<5:35:24,  4.62s/it]
  3%|▎         | 141/4500 [07:50<4:49:27,  3.98s/it]
  3%|▎         | 143/4500 [07:56<4:06:56,  3.40s/it]
  3%|▎         | 144/4500 [07:59<3:57:29,  3.27s/it]
  3%|▎         | 145/4500 [08:02<3:59:41,  3.30s/it]
  3%|▎         | 146/4500 [08:08<4:54:27,  4.06s/it]
  3%|▎         | 147/4500 [08:10<4:06:22,  3.40s/it]
  3%|▎         | 148/4500 [08:13<4:00:40,  3.32s/it]
  3%|▎         | 149/4500 [08:17<4:12:51,  3.49s/it]
  3%|▎         | 150/4500 [08:18<3:26:30,  2.85s/it]
  3%|▎         | 151/4500 [08:24<4:22:54,  3.63s/it]
  3%|▎         | 152/4500 [08:25<3:41:27,  3.06s/it]
  3%|▎         | 153/4500 [08:28<3:20:46,  2.77s/it]
  3%|▎         | 154/4500 [08:30<3:17:42,  2.73s/it]
  3%|▎         | 155/4500 [08:33<3:19:02,  2.75s/it]
  3%|▎         | 157/4500 [08:36<2:39:25,  2.20s/it]
  4%|▎         | 158/4500 [08:39<2:50:11,  2.35s/it]
  4%|▎         | 159/4500 [08:43<3:15:35,  2.70s/it]
  4%|▎         | 160/4500 [08:45<3:10:56,  2.64s/it]
  4%|▎         | 161/4500 [08:47<3:02:53,  2.53s/it]
  4%|▎         | 162/4500 [08:49<2:41:24,  2.23s/it]
  4%|▎         | 163/4500 [08:51<2:40:20,  2.22s/it]
  4%|▎         | 164/4500 [08:54<3:07:01,  2.59s/it]
  4%|▎         | 165/4500 [09:01<4:22:34,  3.63s/it]
  4%|▎         | 166/4500 [09:02<3:44:26,  3.11s/it]
  4%|▎         | 167/4500 [09:04<3:05:34,  2.57s/it]
  4%|▎         | 168/4500 [09:08<3:41:06,  3.06s/it]
  4%|▍         | 170/4500 [09:11<2:57:46,  2.46s/it]
  4%|▍         | 171/4500 [09:15<3:16:47,  2.73s/it]
  4%|▍         | 172/4500 [09:18<3:27:53,  2.88s/it]
  4%|▍         | 173/4500 [09:25<4:37:21,  3.85s/it]
  4%|▍         | 174/4500 [09:27<4:13:56,  3.52s/it]
  4%|▍         | 175/4500 [09:30<3:50:16,  3.19s/it]
  4%|▍         | 176/4500 [09:33<3:51:08,  3.21s/it]
  4%|▍         | 177/4500 [09:36<3:50:32,  3.20s/it]
  4%|▍         | 178/4500 [09:39<3:50:04,  3.19s/it]
  4%|▍         | 179/4500 [09:45<4:42:19,  3.92s/it]
  4%|▍         | 180/4500 [09:47<3:58:50,  3.32s/it]
  4%|▍         | 181/4500 [09:51<4:21:06,  3.63s/it]
  4%|▍         | 182/4500 [09:53<3:44:02,  3.11s/it]
  4%|▍         | 183/4500 [09:56<3:30:33,  2.93s/it]
  4%|▍         | 184/4500 [09:59<3:38:41,  3.04s/it]
  4%|▍         | 185/4500 [10:03<4:08:49,  3.46s/it]
  4%|▍         | 186/4500 [10:07<4:19:02,  3.60s/it]
  4%|▍         | 187/4500 [10:10<3:52:45,  3.24s/it]
  4%|▍         | 188/4500 [10:13<3:57:27,  3.30s/it]
  4%|▍         | 189/4500 [10:16<3:48:12,  3.18s/it]
  4%|▍         | 190/4500 [10:19<3:43:55,  3.12s/it]
  4%|▍         | 191/4500 [10:22<3:34:04,  2.98s/it]
  4%|▍         | 192/4500 [10:25<3:39:10,  3.05s/it]
  4%|▍         | 193/4500 [10:28<3:40:36,  3.07s/it]
  4%|▍         | 194/4500 [10:31<3:40:23,  3.07s/it]
  4%|▍         | 195/4500 [10:33<3:24:21,  2.85s/it]
  4%|▍         | 196/4500 [10:36<3:24:36,  2.85s/it]
  4%|▍         | 197/4500 [10:40<3:41:35,  3.09s/it]
  4%|▍         | 198/4500 [10:42<3:15:38,  2.73s/it]
  4%|▍         | 199/4500 [10:45<3:32:10,  2.96s/it]
  4%|▍         | 200/4500 [10:47<3:11:17,  2.67s/it]
  4%|▍         | 201/4500 [10:49<2:47:12,  2.33s/it]
  4%|▍         | 202/4500 [10:52<2:57:36,  2.48s/it]
  5%|▍         | 203/4500 [10:54<2:43:42,  2.29s/it]
  5%|▍         | 204/4500 [10:56<2:55:11,  2.45s/it]
  5%|▍         | 205/4500 [10:58<2:38:53,  2.22s/it]
  5%|▍         | 206/4500 [11:03<3:41:41,  3.10s/it]
  5%|▍         | 207/4500 [11:05<3:21:34,  2.82s/it]
  5%|▍         | 208/4500 [11:07<2:58:41,  2.50s/it]
  5%|▍         | 209/4500 [11:10<3:01:22,  2.54s/it]
  5%|▍         | 210/4500 [11:17<4:44:08,  3.97s/it]
  5%|▍         | 211/4500 [11:19<4:02:01,  3.39s/it]
  5%|▍         | 213/4500 [11:25<3:39:47,  3.08s/it]
  5%|▍         | 214/4500 [11:28<3:48:08,  3.19s/it]
  5%|▍         | 215/4500 [11:32<4:00:53,  3.37s/it]
  5%|▍         | 216/4500 [11:35<3:59:14,  3.35s/it]
  5%|▍         | 217/4500 [11:40<4:34:36,  3.85s/it]
  5%|▍         | 218/4500 [11:46<5:09:20,  4.33s/it]
  5%|▍         | 219/4500 [11:48<4:22:27,  3.68s/it]
  5%|▍         | 220/4500 [11:51<4:05:00,  3.43s/it]
  5%|▍         | 221/4500 [11:54<4:08:03,  3.48s/it]
  5%|▍         | 222/4500 [11:57<3:47:35,  3.19s/it]
  5%|▍         | 223/4500 [11:59<3:30:44,  2.96s/it]
  5%|▍         | 224/4500 [12:03<3:45:16,  3.16s/it]
  5%|▌         | 225/4500 [12:05<3:10:16,  2.67s/it]
  5%|▌         | 226/4500 [12:08<3:31:03,  2.96s/it]
  5%|▌         | 227/4500 [12:11<3:26:37,  2.90s/it]
  5%|▌         | 228/4500 [12:14<3:25:44,  2.89s/it]
  5%|▌         | 229/4500 [12:16<3:18:52,  2.79s/it]
  5%|▌         | 230/4500 [12:20<3:29:51,  2.95s/it]
  5%|▌         | 232/4500 [12:26<3:33:48,  3.01s/it]
  5%|▌         | 233/4500 [12:32<4:27:56,  3.77s/it]
  5%|▌         | 234/4500 [12:34<4:06:28,  3.47s/it]
  5%|▌         | 235/4500 [12:39<4:17:22,  3.62s/it]
  5%|▌         | 236/4500 [12:46<5:36:53,  4.74s/it]
  5%|▌         | 237/4500 [12:49<4:58:36,  4.20s/it]
  5%|▌         | 238/4500 [12:52<4:34:01,  3.86s/it]
  5%|▌         | 239/4500 [12:55<4:23:34,  3.71s/it]
  5%|▌         | 240/4500 [12:58<4:02:00,  3.41s/it]
  5%|▌         | 242/4500 [13:04<3:49:55,  3.24s/it]
  5%|▌         | 243/4500 [13:08<3:54:09,  3.30s/it]
  5%|▌         | 244/4500 [13:10<3:45:40,  3.18s/it]
  5%|▌         | 245/4500 [13:14<3:43:08,  3.15s/it]
  5%|▌         | 246/4500 [13:18<4:12:52,  3.57s/it]
  5%|▌         | 247/4500 [13:22<4:12:41,  3.57s/it]
  6%|▌         | 248/4500 [13:28<5:07:25,  4.34s/it]
  6%|▌         | 249/4500 [13:30<4:21:03,  3.68s/it]
  6%|▌         | 251/4500 [13:37<4:10:15,  3.53s/it]
  6%|▌         | 252/4500 [13:39<3:54:41,  3.31s/it]
  6%|▌         | 253/4500 [13:45<4:33:08,  3.86s/it]
  6%|▌         | 254/4500 [13:49<4:39:01,  3.94s/it]
  6%|▌         | 255/4500 [13:53<4:45:04,  4.03s/it]
  6%|▌         | 256/4500 [13:57<4:31:18,  3.84s/it]
  6%|▌         | 257/4500 [14:00<4:27:39,  3.78s/it]
  6%|▌         | 258/4500 [14:03<3:58:58,  3.38s/it]
  6%|▌         | 259/4500 [14:05<3:41:36,  3.14s/it]
  6%|▌         | 260/4500 [14:09<3:45:38,  3.19s/it]
  6%|▌         | 261/4500 [14:12<3:43:46,  3.17s/it]
  6%|▌         | 262/4500 [14:15<3:45:37,  3.19s/it]
  6%|▌         | 263/4500 [14:17<3:25:52,  2.92s/it]
  6%|▌         | 265/4500 [14:23<3:21:22,  2.85s/it]
  6%|▌         | 266/4500 [14:26<3:25:25,  2.91s/it]
  6%|▌         | 267/4500 [14:29<3:23:23,  2.88s/it]
  6%|▌         | 268/4500 [14:33<3:48:17,  3.24s/it]
  6%|▌         | 269/4500 [14:36<3:54:13,  3.32s/it]
  6%|▌         | 270/4500 [14:39<3:47:40,  3.23s/it]
  6%|▌         | 271/4500 [14:46<4:56:32,  4.21s/it]
  6%|▌         | 272/4500 [14:50<4:49:28,  4.11s/it]
  6%|▌         | 273/4500 [14:54<4:44:26,  4.04s/it]
  6%|▌         | 274/4500 [15:04<7:02:36,  6.00s/it]
  6%|▌         | 275/4500 [15:07<5:42:41,  4.87s/it]
  6%|▌         | 276/4500 [15:09<4:45:41,  4.06s/it]
  6%|▌         | 277/4500 [15:15<5:38:16,  4.81s/it]
  6%|▌         | 278/4500 [15:20<5:34:11,  4.75s/it]
  6%|▌         | 279/4500 [15:25<5:37:03,  4.79s/it]
  6%|▌         | 280/4500 [15:28<5:09:25,  4.40s/it]
  6%|▌         | 281/4500 [15:32<4:53:54,  4.18s/it]
  6%|▋         | 282/4500 [15:36<4:49:15,  4.11s/it]
  6%|▋         | 284/4500 [15:39<3:19:57,  2.85s/it]
  6%|▋         | 285/4500 [15:42<3:23:58,  2.90s/it]
  6%|▋         | 286/4500 [15:49<4:40:49,  4.00s/it]
  6%|▋         | 287/4500 [15:53<4:40:28,  3.99s/it]
  6%|▋         | 288/4500 [15:57<4:41:34,  4.01s/it]
  6%|▋         | 289/4500 [16:01<4:44:09,  4.05s/it]
  6%|▋         | 290/4500 [16:08<5:36:01,  4.79s/it]
  6%|▋         | 291/4500 [16:10<4:39:51,  3.99s/it]
  6%|▋         | 292/4500 [16:12<4:04:17,  3.48s/it]
  7%|▋         | 293/4500 [16:15<4:03:39,  3.47s/it]
  7%|▋         | 294/4500 [16:18<3:36:04,  3.08s/it]
  7%|▋         | 295/4500 [16:21<3:40:04,  3.14s/it]
  7%|▋         | 296/4500 [16:25<3:55:05,  3.36s/it]
  7%|▋         | 297/4500 [16:28<3:47:09,  3.24s/it]
  7%|▋         | 298/4500 [16:34<4:48:44,  4.12s/it]
  7%|▋         | 299/4500 [16:37<4:28:27,  3.83s/it]
  7%|▋         | 300/4500 [16:41<4:27:51,  3.83s/it]
  7%|▋         | 301/4500 [16:44<4:05:43,  3.51s/it]
  7%|▋         | 302/4500 [16:46<3:36:33,  3.10s/it]
  7%|▋         | 303/4500 [16:49<3:36:50,  3.10s/it]
  7%|▋         | 304/4500 [16:52<3:44:08,  3.21s/it]
  7%|▋         | 305/4500 [16:54<3:21:39,  2.88s/it]
  7%|▋         | 306/4500 [16:56<2:52:17,  2.46s/it]
  7%|▋         | 307/4500 [17:00<3:18:44,  2.84s/it]
  7%|▋         | 308/4500 [17:03<3:26:05,  2.95s/it]
  7%|▋         | 309/4500 [17:07<3:56:04,  3.38s/it]
  7%|▋         | 310/4500 [17:10<3:38:06,  3.12s/it]
  7%|▋         | 311/4500 [17:15<4:17:14,  3.68s/it]
  7%|▋         | 312/4500 [17:17<3:46:08,  3.24s/it]
  7%|▋         | 313/4500 [17:23<4:45:43,  4.09s/it]
  7%|▋         | 315/4500 [17:27<3:45:30,  3.23s/it]
  7%|▋         | 316/4500 [17:32<4:09:01,  3.57s/it]
  7%|▋         | 317/4500 [17:35<3:57:34,  3.41s/it]
  7%|▋         | 318/4500 [17:38<3:56:05,  3.39s/it]
  7%|▋         | 319/4500 [17:45<5:03:06,  4.35s/it]
  7%|▋         | 320/4500 [17:48<4:27:32,  3.84s/it]
  7%|▋         | 321/4500 [17:50<4:00:59,  3.46s/it]
  7%|▋         | 322/4500 [17:55<4:20:20,  3.74s/it]
  7%|▋         | 323/4500 [17:57<3:59:35,  3.44s/it]
  7%|▋         | 324/4500 [18:03<4:41:05,  4.04s/it]
  7%|▋         | 325/4500 [18:05<3:52:44,  3.34s/it]
  7%|▋         | 326/4500 [18:09<4:10:44,  3.60s/it]
  7%|▋         | 327/4500 [18:13<4:23:09,  3.78s/it]
  7%|▋         | 328/4500 [18:16<4:11:41,  3.62s/it]
  7%|▋         | 329/4500 [18:19<3:56:06,  3.40s/it]
  7%|▋         | 330/4500 [18:22<3:48:45,  3.29s/it]
  7%|▋         | 331/4500 [18:26<3:52:34,  3.35s/it]
  7%|▋         | 332/4500 [18:31<4:38:04,  4.00s/it]
  7%|▋         | 334/4500 [18:35<3:36:40,  3.12s/it]
  7%|▋         | 335/4500 [18:37<3:13:16,  2.78s/it]
  7%|▋         | 336/4500 [18:40<3:19:29,  2.87s/it]
  7%|▋         | 337/4500 [18:43<3:20:48,  2.89s/it]
  8%|▊         | 338/4500 [18:46<3:21:33,  2.91s/it]
  8%|▊         | 339/4500 [18:49<3:28:38,  3.01s/it]
  8%|▊         | 340/4500 [18:53<3:39:30,  3.17s/it]
  8%|▊         | 341/4500 [18:55<3:19:12,  2.87s/it]
  8%|▊         | 342/4500 [18:59<3:49:15,  3.31s/it]
  8%|▊         | 343/4500 [19:02<3:30:18,  3.04s/it]
  8%|▊         | 344/4500 [19:06<4:00:30,  3.47s/it]
  8%|▊         | 345/4500 [19:10<4:03:42,  3.52s/it]
  8%|▊         | 346/4500 [19:16<4:54:00,  4.25s/it]
  8%|▊         | 347/4500 [19:20<4:50:17,  4.19s/it]
  8%|▊         | 348/4500 [19:24<4:46:41,  4.14s/it]
  8%|▊         | 349/4500 [19:28<4:44:09,  4.11s/it]
  8%|▊         | 350/4500 [19:31<4:19:53,  3.76s/it]
  8%|▊         | 351/4500 [19:34<4:04:18,  3.53s/it]
  8%|▊         | 352/4500 [19:38<4:07:20,  3.58s/it]
  8%|▊         | 353/4500 [19:41<4:10:28,  3.62s/it]
  8%|▊         | 354/4500 [19:44<3:55:07,  3.40s/it]
  8%|▊         | 355/4500 [19:49<4:19:15,  3.75s/it]
  8%|▊         | 357/4500 [19:53<3:21:47,  2.92s/it]
  8%|▊         | 358/4500 [19:58<4:03:43,  3.53s/it]
  8%|▊         | 359/4500 [20:03<4:28:08,  3.89s/it]
  8%|▊         | 360/4500 [20:04<3:42:11,  3.22s/it]
  8%|▊         | 361/4500 [20:07<3:37:51,  3.16s/it]
  8%|▊         | 362/4500 [20:11<3:52:53,  3.38s/it]
  8%|▊         | 363/4500 [20:16<4:22:49,  3.81s/it]
  8%|▊         | 364/4500 [20:19<4:01:07,  3.50s/it]
  8%|▊         | 365/4500 [20:24<4:23:41,  3.83s/it]
  8%|▊         | 366/4500 [20:28<4:28:18,  3.89s/it]
  8%|▊         | 367/4500 [20:33<4:59:23,  4.35s/it]
  8%|▊         | 368/4500 [20:38<5:20:47,  4.66s/it]
  8%|▊         | 369/4500 [20:41<4:36:33,  4.02s/it]
  8%|▊         | 370/4500 [20:45<4:28:10,  3.90s/it]
  8%|▊         | 371/4500 [20:49<4:47:35,  4.18s/it]
  8%|▊         | 372/4500 [20:53<4:42:18,  4.10s/it]
  8%|▊         | 373/4500 [20:56<4:08:04,  3.61s/it]
  8%|▊         | 374/4500 [20:59<4:00:11,  3.49s/it]
  8%|▊         | 375/4500 [21:01<3:36:48,  3.15s/it]
  8%|▊         | 376/4500 [21:09<5:13:02,  4.55s/it]
  8%|▊         | 377/4500 [21:12<4:46:35,  4.17s/it]
  8%|▊         | 378/4500 [21:18<5:17:31,  4.62s/it]
  8%|▊         | 379/4500 [21:21<4:48:29,  4.20s/it]
  8%|▊         | 380/4500 [21:25<4:37:49,  4.05s/it]
  8%|▊         | 381/4500 [21:30<4:49:13,  4.21s/it]
  8%|▊         | 382/4500 [21:32<4:15:01,  3.72s/it]
  9%|▊         | 383/4500 [21:35<3:46:56,  3.31s/it]
  9%|▊         | 384/4500 [21:42<5:08:46,  4.50s/it]
  9%|▊         | 385/4500 [21:47<5:31:32,  4.83s/it]
  9%|▊         | 386/4500 [21:51<4:56:43,  4.33s/it]
  9%|▊         | 387/4500 [21:53<4:16:09,  3.74s/it]
  9%|▊         | 388/4500 [21:55<3:38:28,  3.19s/it]
  9%|▊         | 389/4500 [21:58<3:31:36,  3.09s/it]
  9%|▊         | 390/4500 [22:02<4:04:01,  3.56s/it]
  9%|▊         | 391/4500 [22:07<4:29:10,  3.93s/it]
  9%|▊         | 393/4500 [22:13<3:57:38,  3.47s/it]
  9%|▉         | 394/4500 [22:16<3:52:11,  3.39s/it]
  9%|▉         | 395/4500 [22:19<3:45:36,  3.30s/it]
  9%|▉         | 396/4500 [22:26<4:43:44,  4.15s/it]
  9%|▉         | 397/4500 [22:29<4:26:29,  3.90s/it]
  9%|▉         | 398/4500 [22:32<4:14:01,  3.72s/it]
  9%|▉         | 399/4500 [22:38<5:00:12,  4.39s/it]
  9%|▉         | 400/4500 [22:43<5:09:02,  4.52s/it]
  9%|▉         | 401/4500 [22:47<4:57:07,  4.35s/it]
  9%|▉         | 402/4500 [22:54<5:58:41,  5.25s/it]
  9%|▉         | 403/4500 [23:01<6:17:07,  5.52s/it]
  9%|▉         | 404/4500 [23:04<5:29:45,  4.83s/it]
  9%|▉         | 405/4500 [23:07<4:56:28,  4.34s/it]
  9%|▉         | 406/4500 [23:10<4:34:54,  4.03s/it]
  9%|▉         | 407/4500 [23:14<4:35:12,  4.03s/it]
  9%|▉         | 408/4500 [23:18<4:28:44,  3.94s/it]
  9%|▉         | 409/4500 [23:21<4:11:51,  3.69s/it]
  9%|▉         | 410/4500 [23:24<3:45:27,  3.31s/it]
  9%|▉         | 411/4500 [23:29<4:21:27,  3.84s/it]
  9%|▉         | 412/4500 [23:35<5:22:24,  4.73s/it]
  9%|▉         | 413/4500 [23:38<4:44:40,  4.18s/it]
  9%|▉         | 414/4500 [23:42<4:37:56,  4.08s/it]
  9%|▉         | 415/4500 [23:44<3:55:11,  3.45s/it]
  9%|▉         | 416/4500 [23:51<5:10:28,  4.56s/it]
  9%|▉         | 417/4500 [23:53<4:13:37,  3.73s/it]
  9%|▉         | 418/4500 [23:57<4:20:07,  3.82s/it]
  9%|▉         | 419/4500 [24:00<3:51:47,  3.41s/it]
  9%|▉         | 420/4500 [24:05<4:32:36,  4.01s/it]
  9%|▉         | 421/4500 [24:08<4:12:18,  3.71s/it]
  9%|▉         | 422/4500 [24:11<4:00:51,  3.54s/it]
  9%|▉         | 423/4500 [24:14<3:52:32,  3.42s/it]
  9%|▉         | 424/4500 [24:17<3:33:42,  3.15s/it]
  9%|▉         | 425/4500 [24:19<3:09:08,  2.78s/it]
  9%|▉         | 426/4500 [24:21<2:59:53,  2.65s/it]
  9%|▉         | 427/4500 [24:23<2:46:35,  2.45s/it]
 10%|▉         | 428/4500 [24:28<3:36:10,  3.19s/it]
 10%|▉         | 429/4500 [24:31<3:33:44,  3.15s/it]
 10%|▉         | 430/4500 [24:34<3:27:32,  3.06s/it]
 10%|▉         | 431/4500 [24:37<3:35:06,  3.17s/it]
 10%|▉         | 432/4500 [24:41<3:52:01,  3.42s/it]
 10%|▉         | 433/4500 [24:46<4:16:50,  3.79s/it]
 10%|▉         | 434/4500 [24:51<4:38:29,  4.11s/it]
 10%|▉         | 435/4500 [24:52<3:45:48,  3.33s/it]
 10%|▉         | 436/4500 [24:56<3:53:16,  3.44s/it]
 10%|▉         | 437/4500 [25:05<5:51:40,  5.19s/it]
 10%|▉         | 438/4500 [25:08<4:58:39,  4.41s/it]
 10%|▉         | 439/4500 [25:11<4:26:31,  3.94s/it]
 10%|▉         | 440/4500 [25:18<5:35:21,  4.96s/it]
 10%|▉         | 441/4500 [25:21<4:56:10,  4.38s/it]
 10%|▉         | 442/4500 [25:23<4:15:07,  3.77s/it]
 10%|▉         | 443/4500 [25:26<3:47:43,  3.37s/it]
 10%|▉         | 444/4500 [25:29<3:39:42,  3.25s/it]
 10%|▉         | 445/4500 [25:32<3:28:10,  3.08s/it]
 10%|▉         | 446/4500 [25:35<3:43:29,  3.31s/it]
 10%|▉         | 447/4500 [25:39<3:40:54,  3.27s/it]
 10%|▉         | 448/4500 [25:42<3:43:30,  3.31s/it]
 10%|▉         | 449/4500 [25:44<3:17:38,  2.93s/it]
 10%|█         | 450/4500 [25:47<3:10:14,  2.82s/it]
 10%|█         | 451/4500 [25:49<3:09:41,  2.81s/it]
 10%|█         | 452/4500 [25:54<3:55:25,  3.49s/it]
 10%|█         | 453/4500 [25:58<4:03:40,  3.61s/it]
 10%|█         | 454/4500 [26:03<4:25:36,  3.94s/it]
 10%|█         | 455/4500 [26:08<4:41:47,  4.18s/it]
 10%|█         | 456/4500 [26:16<5:55:46,  5.28s/it]
 10%|█         | 457/4500 [26:19<5:17:48,  4.72s/it]
 10%|█         | 458/4500 [26:23<4:54:13,  4.37s/it]
 10%|█         | 459/4500 [26:31<6:14:49,  5.57s/it]
 10%|█         | 460/4500 [26:36<6:00:52,  5.36s/it]
 10%|█         | 461/4500 [26:39<5:21:52,  4.78s/it]
 10%|█         | 462/4500 [26:42<4:46:35,  4.26s/it]
 10%|█         | 463/4500 [26:50<6:00:59,  5.37s/it]
 10%|█         | 464/4500 [26:52<4:51:47,  4.34s/it]
 10%|█         | 465/4500 [26:55<4:15:41,  3.80s/it]
 10%|█         | 466/4500 [27:01<4:57:44,  4.43s/it]
 10%|█         | 467/4500 [27:04<4:36:24,  4.11s/it]
 10%|█         | 468/4500 [27:07<4:19:55,  3.87s/it]
 10%|█         | 469/4500 [27:10<4:04:40,  3.64s/it]
 10%|█         | 470/4500 [27:14<3:57:05,  3.53s/it]
 10%|█         | 471/4500 [27:16<3:40:10,  3.28s/it]
 10%|█         | 472/4500 [27:23<4:57:32,  4.43s/it]
 11%|█         | 473/4500 [27:28<4:59:26,  4.46s/it]
 11%|█         | 475/4500 [27:33<3:57:04,  3.53s/it]
 11%|█         | 476/4500 [27:37<3:59:14,  3.57s/it]
 11%|█         | 477/4500 [27:39<3:45:03,  3.36s/it]
 11%|█         | 478/4500 [27:45<4:23:31,  3.93s/it]
 11%|█         | 479/4500 [27:47<3:49:06,  3.42s/it]
 11%|█         | 480/4500 [27:53<4:40:45,  4.19s/it]
 11%|█         | 481/4500 [27:57<4:38:12,  4.15s/it]
 11%|█         | 482/4500 [28:01<4:42:56,  4.23s/it]
 11%|█         | 483/4500 [28:04<4:11:18,  3.75s/it]
 11%|█         | 484/4500 [28:08<4:19:38,  3.88s/it]
 11%|█         | 485/4500 [28:17<6:02:24,  5.42s/it]
 11%|█         | 486/4500 [28:22<5:40:59,  5.10s/it]
 11%|█         | 487/4500 [28:25<4:56:33,  4.43s/it]
 11%|█         | 488/4500 [28:33<6:15:20,  5.61s/it]
 11%|█         | 489/4500 [28:37<5:36:49,  5.04s/it]
 11%|█         | 490/4500 [28:39<4:38:25,  4.17s/it]
 11%|█         | 491/4500 [28:42<4:18:02,  3.86s/it]
 11%|█         | 492/4500 [28:46<4:21:39,  3.92s/it]
 11%|█         | 493/4500 [28:57<6:50:22,  6.14s/it]
 11%|█         | 494/4500 [29:01<6:01:19,  5.41s/it]
 11%|█         | 495/4500 [29:03<4:58:19,  4.47s/it]
 11%|█         | 496/4500 [29:05<4:08:34,  3.72s/it]
 11%|█         | 499/4500 [29:09<2:37:06,  2.36s/it]
 11%|█         | 500/4500 [29:12<2:38:27,  2.38s/it]
 11%|█         | 501/4500 [29:15<3:00:51,  2.71s/it]
 11%|█         | 502/4500 [29:18<2:56:59,  2.66s/it]
 11%|█         | 503/4500 [29:21<3:07:19,  2.81s/it]
 11%|█         | 504/4500 [29:25<3:24:32,  3.07s/it]
 11%|█         | 505/4500 [29:28<3:23:25,  3.06s/it]
 11%|█         | 506/4500 [29:31<3:28:35,  3.13s/it]
 11%|█▏        | 507/4500 [29:35<3:41:18,  3.33s/it]
 11%|█▏        | 508/4500 [29:40<4:16:56,  3.86s/it]
 11%|█▏        | 509/4500 [29:45<4:25:20,  3.99s/it]
 11%|█▏        | 510/4500 [29:49<4:27:16,  4.02s/it]
 11%|█▏        | 511/4500 [29:52<4:06:06,  3.70s/it]
 11%|█▏        | 512/4500 [29:54<3:42:46,  3.35s/it]
 11%|█▏        | 513/4500 [29:58<3:59:24,  3.60s/it]
 11%|█▏        | 514/4500 [30:01<3:45:53,  3.40s/it]
 11%|█▏        | 515/4500 [30:03<3:19:53,  3.01s/it]
 11%|█▏        | 517/4500 [30:09<3:07:28,  2.82s/it]
 12%|█▏        | 518/4500 [30:11<3:06:46,  2.81s/it]
 12%|█▏        | 519/4500 [30:15<3:30:24,  3.17s/it]
 12%|█▏        | 520/4500 [30:23<4:43:25,  4.27s/it]
 12%|█▏        | 521/4500 [30:25<4:02:43,  3.66s/it]
 12%|█▏        | 522/4500 [30:27<3:34:41,  3.24s/it]
 12%|█▏        | 523/4500 [30:31<3:58:16,  3.59s/it]
 12%|█▏        | 524/4500 [30:35<3:54:19,  3.54s/it]
 12%|█▏        | 525/4500 [30:38<3:45:33,  3.40s/it]
 12%|█▏        | 526/4500 [30:41<3:46:45,  3.42s/it]
 12%|█▏        | 527/4500 [30:44<3:37:38,  3.29s/it]
 12%|█▏        | 528/4500 [30:47<3:26:35,  3.12s/it]
 12%|█▏        | 529/4500 [30:50<3:26:23,  3.12s/it]
 12%|█▏        | 530/4500 [30:55<4:06:52,  3.73s/it]
 12%|█▏        | 531/4500 [30:58<3:45:48,  3.41s/it]
 12%|█▏        | 532/4500 [31:02<3:58:49,  3.61s/it]
 12%|█▏        | 533/4500 [31:05<3:34:57,  3.25s/it]
 12%|█▏        | 534/4500 [31:10<4:14:11,  3.85s/it]
 12%|█▏        | 535/4500 [31:13<3:58:13,  3.61s/it]
 12%|█▏        | 536/4500 [31:15<3:34:07,  3.24s/it]
 12%|█▏        | 537/4500 [31:18<3:22:25,  3.06s/it]
 12%|█▏        | 538/4500 [31:21<3:28:24,  3.16s/it]
 12%|█▏        | 539/4500 [31:24<3:15:34,  2.96s/it]
 12%|█▏        | 540/4500 [31:30<4:29:18,  4.08s/it]
 12%|█▏        | 541/4500 [31:34<4:13:21,  3.84s/it]
 12%|█▏        | 542/4500 [31:38<4:16:51,  3.89s/it]
 12%|█▏        | 544/4500 [31:43<3:38:43,  3.32s/it]
 12%|█▏        | 545/4500 [31:47<3:54:56,  3.56s/it]
 12%|█▏        | 546/4500 [31:50<3:47:14,  3.45s/it]
 12%|█▏        | 547/4500 [31:57<4:43:05,  4.30s/it]
 12%|█▏        | 548/4500 [31:59<3:51:45,  3.52s/it]
 12%|█▏        | 549/4500 [32:01<3:35:28,  3.27s/it]
 12%|█▏        | 550/4500 [32:04<3:26:49,  3.14s/it]
 12%|█▏        | 551/4500 [32:09<3:58:14,  3.62s/it]
 12%|█▏        | 552/4500 [32:13<4:09:05,  3.79s/it]
 12%|█▏        | 554/4500 [32:17<3:11:36,  2.91s/it]
 12%|█▏        | 555/4500 [32:22<3:48:18,  3.47s/it]
 12%|█▏        | 556/4500 [32:24<3:31:35,  3.22s/it]
 12%|█▏        | 558/4500 [32:30<3:26:24,  3.14s/it]
 12%|█▏        | 559/4500 [32:32<3:08:53,  2.88s/it]
 12%|█▏        | 561/4500 [32:34<2:14:03,  2.04s/it]
 12%|█▏        | 562/4500 [32:37<2:26:19,  2.23s/it]
 13%|█▎        | 563/4500 [32:39<2:26:34,  2.23s/it]
 13%|█▎        | 564/4500 [32:41<2:17:53,  2.10s/it]
 13%|█▎        | 565/4500 [32:44<2:42:55,  2.48s/it]
 13%|█▎        | 566/4500 [32:47<2:48:16,  2.57s/it]
 13%|█▎        | 567/4500 [32:50<2:59:17,  2.74s/it]
 13%|█▎        | 568/4500 [32:55<3:37:07,  3.31s/it]
 13%|█▎        | 569/4500 [33:00<3:59:04,  3.65s/it]
 13%|█▎        | 570/4500 [33:03<3:48:26,  3.49s/it]
 13%|█▎        | 571/4500 [33:05<3:35:16,  3.29s/it]
 13%|█▎        | 572/4500 [33:08<3:26:29,  3.15s/it]
 13%|█▎        | 573/4500 [33:10<3:04:28,  2.82s/it]
 13%|█▎        | 574/4500 [33:13<3:02:15,  2.79s/it]
 13%|█▎        | 575/4500 [33:17<3:24:50,  3.13s/it]
 13%|█▎        | 576/4500 [33:20<3:28:34,  3.19s/it]
 13%|█▎        | 577/4500 [33:24<3:35:55,  3.30s/it]
 13%|█▎        | 578/4500 [33:26<3:07:34,  2.87s/it]
 13%|█▎        | 579/4500 [33:28<2:54:29,  2.67s/it]
 13%|█▎        | 580/4500 [33:32<3:11:54,  2.94s/it]
 13%|█▎        | 581/4500 [33:36<3:47:43,  3.49s/it]
 13%|█▎        | 582/4500 [33:40<3:50:41,  3.53s/it]
 13%|█▎        | 583/4500 [33:44<4:06:59,  3.78s/it]
 13%|█▎        | 584/4500 [33:49<4:23:37,  4.04s/it]
 13%|█▎        | 585/4500 [33:53<4:23:31,  4.04s/it]
 13%|█▎        | 586/4500 [33:55<3:51:42,  3.55s/it]
 13%|█▎        | 587/4500 [33:59<3:53:34,  3.58s/it]
 13%|█▎        | 588/4500 [34:01<3:24:39,  3.14s/it]
 13%|█▎        | 589/4500 [34:05<3:39:36,  3.37s/it]
 13%|█▎        | 590/4500 [34:09<3:57:39,  3.65s/it]
 13%|█▎        | 591/4500 [34:13<3:53:35,  3.59s/it]
 13%|█▎        | 592/4500 [34:15<3:25:27,  3.15s/it]
 13%|█▎        | 593/4500 [34:21<4:24:21,  4.06s/it]
 13%|█▎        | 594/4500 [34:24<4:11:10,  3.86s/it]
 13%|█▎        | 595/4500 [34:28<4:03:21,  3.74s/it]
 13%|█▎        | 596/4500 [34:32<4:08:45,  3.82s/it]
 13%|█▎        | 597/4500 [34:36<4:05:38,  3.78s/it]
 13%|█▎        | 598/4500 [34:39<3:55:25,  3.62s/it]
 13%|█▎        | 599/4500 [34:42<3:53:37,  3.59s/it]
 13%|█▎        | 600/4500 [34:45<3:27:42,  3.20s/it]
 13%|█▎        | 601/4500 [34:48<3:34:00,  3.29s/it]
 13%|█▎        | 602/4500 [34:51<3:32:28,  3.27s/it]
 13%|█▎        | 603/4500 [34:54<3:16:54,  3.03s/it]
 13%|█▎        | 604/4500 [34:58<3:46:41,  3.49s/it]
 13%|█▎        | 605/4500 [35:02<3:39:05,  3.37s/it]
 13%|█▎        | 606/4500 [35:06<4:02:33,  3.74s/it]
 13%|█▎        | 607/4500 [35:12<4:43:32,  4.37s/it]
 14%|█▎        | 608/4500 [35:18<5:14:26,  4.85s/it]
 14%|█▎        | 609/4500 [35:21<4:38:43,  4.30s/it]
 14%|█▎        | 610/4500 [35:28<5:34:56,  5.17s/it]
 14%|█▎        | 611/4500 [35:30<4:37:58,  4.29s/it]
 14%|█▎        | 612/4500 [35:33<4:05:10,  3.78s/it]
 14%|█▎        | 613/4500 [35:35<3:31:27,  3.26s/it]
 14%|█▎        | 614/4500 [35:39<3:35:59,  3.33s/it]
 14%|█▎        | 615/4500 [35:41<3:21:01,  3.10s/it]
 14%|█▎        | 616/4500 [35:43<2:50:13,  2.63s/it]
 14%|█▎        | 617/4500 [35:47<3:30:33,  3.25s/it]
 14%|█▎        | 618/4500 [35:49<3:06:51,  2.89s/it]
 14%|█▍        | 619/4500 [35:52<3:04:43,  2.86s/it]
 14%|█▍        | 620/4500 [35:55<2:55:49,  2.72s/it]
 14%|█▍        | 621/4500 [35:58<3:15:57,  3.03s/it]
 14%|█▍        | 622/4500 [36:00<2:58:53,  2.77s/it]
 14%|█▍        | 623/4500 [36:04<3:07:50,  2.91s/it]
 14%|█▍        | 624/4500 [36:06<2:52:35,  2.67s/it]
 14%|█▍        | 625/4500 [36:08<2:46:16,  2.57s/it]
 14%|█▍        | 626/4500 [36:12<3:03:06,  2.84s/it]
 14%|█▍        | 627/4500 [36:14<2:53:30,  2.69s/it]
 14%|█▍        | 628/4500 [36:16<2:45:48,  2.57s/it]
 14%|█▍        | 629/4500 [36:19<2:44:41,  2.55s/it]
 14%|█▍        | 630/4500 [36:22<3:01:44,  2.82s/it]
 14%|█▍        | 631/4500 [36:24<2:49:26,  2.63s/it]
 14%|█▍        | 632/4500 [36:28<3:00:59,  2.81s/it]
 14%|█▍        | 633/4500 [36:31<3:02:37,  2.83s/it]
 14%|█▍        | 634/4500 [36:33<2:53:20,  2.69s/it]
 14%|█▍        | 635/4500 [36:37<3:11:49,  2.98s/it]
 14%|█▍        | 636/4500 [36:40<3:12:52,  3.00s/it]
 14%|█▍        | 637/4500 [36:41<2:46:55,  2.59s/it]
 14%|█▍        | 638/4500 [36:45<3:10:21,  2.96s/it]
 14%|█▍        | 639/4500 [36:47<2:57:12,  2.75s/it]
 14%|█▍        | 640/4500 [36:54<4:14:36,  3.96s/it]
 14%|█▍        | 641/4500 [36:57<3:55:24,  3.66s/it]
 14%|█▍        | 642/4500 [37:00<3:33:18,  3.32s/it]
 14%|█▍        | 643/4500 [37:02<3:20:55,  3.13s/it]
 14%|█▍        | 644/4500 [37:05<3:22:01,  3.14s/it]
 14%|█▍        | 645/4500 [37:08<3:05:19,  2.88s/it]
 14%|█▍        | 646/4500 [37:10<3:02:34,  2.84s/it]
 14%|█▍        | 648/4500 [37:15<2:48:52,  2.63s/it]
 14%|█▍        | 649/4500 [37:18<2:50:29,  2.66s/it]
 14%|█▍        | 650/4500 [37:22<3:05:40,  2.89s/it]
 14%|█▍        | 651/4500 [37:26<3:33:44,  3.33s/it]
 14%|█▍        | 652/4500 [37:31<4:10:42,  3.91s/it]
 15%|█▍        | 653/4500 [37:36<4:25:34,  4.14s/it]
 15%|█▍        | 654/4500 [37:42<4:56:11,  4.62s/it]
 15%|█▍        | 655/4500 [37:49<5:35:00,  5.23s/it]
 15%|█▍        | 656/4500 [37:53<5:13:56,  4.90s/it]
 15%|█▍        | 657/4500 [37:55<4:29:41,  4.21s/it]
 15%|█▍        | 658/4500 [38:00<4:38:34,  4.35s/it]
 15%|█▍        | 659/4500 [38:02<3:53:58,  3.65s/it]
 15%|█▍        | 660/4500 [38:09<4:50:18,  4.54s/it]
 15%|█▍        | 662/4500 [38:13<3:40:45,  3.45s/it]
 15%|█▍        | 663/4500 [38:16<3:31:23,  3.31s/it]
 15%|█▍        | 664/4500 [38:26<5:21:49,  5.03s/it]
 15%|█▍        | 665/4500 [38:28<4:31:19,  4.25s/it]
 15%|█▍        | 666/4500 [38:30<3:58:13,  3.73s/it]
 15%|█▍        | 667/4500 [38:33<3:47:31,  3.56s/it]
 15%|█▍        | 668/4500 [38:37<3:56:01,  3.70s/it]
 15%|█▍        | 669/4500 [38:41<3:45:48,  3.54s/it]
 15%|█▍        | 670/4500 [38:48<5:05:35,  4.79s/it]
 15%|█▍        | 671/4500 [38:51<4:23:04,  4.12s/it]
 15%|█▍        | 672/4500 [38:55<4:23:48,  4.14s/it]
 15%|█▍        | 673/4500 [38:58<3:54:37,  3.68s/it]
 15%|█▍        | 674/4500 [39:06<5:17:28,  4.98s/it]
 15%|█▌        | 675/4500 [39:08<4:22:06,  4.11s/it]
 15%|█▌        | 676/4500 [39:10<3:45:05,  3.53s/it]
 15%|█▌        | 677/4500 [39:14<3:52:58,  3.66s/it]
 15%|█▌        | 678/4500 [39:19<4:17:47,  4.05s/it]
 15%|█▌        | 680/4500 [39:25<3:50:28,  3.62s/it]
 15%|█▌        | 681/4500 [39:28<3:42:11,  3.49s/it]
 15%|█▌        | 682/4500 [39:32<3:53:09,  3.66s/it]
 15%|█▌        | 683/4500 [39:35<3:35:43,  3.39s/it]
 15%|█▌        | 684/4500 [39:38<3:29:47,  3.30s/it]
 15%|█▌        | 685/4500 [39:41<3:16:48,  3.10s/it]
 15%|█▌        | 686/4500 [39:44<3:17:47,  3.11s/it]
 15%|█▌        | 687/4500 [39:51<4:29:16,  4.24s/it]
 15%|█▌        | 688/4500 [39:54<4:17:41,  4.06s/it]
 15%|█▌        | 689/4500 [40:01<4:58:53,  4.71s/it]
 15%|█▌        | 690/4500 [40:03<4:10:49,  3.95s/it]
 15%|█▌        | 691/4500 [40:06<3:49:21,  3.61s/it]
 15%|█▌        | 693/4500 [40:13<3:47:37,  3.59s/it]
 15%|█▌        | 694/4500 [40:16<3:46:04,  3.56s/it]
 15%|█▌        | 696/4500 [40:18<2:39:46,  2.52s/it]
 15%|█▌        | 697/4500 [40:21<2:41:55,  2.55s/it]
 16%|█▌        | 698/4500 [40:24<2:50:09,  2.69s/it]
 16%|█▌        | 699/4500 [40:26<2:42:52,  2.57s/it]
 16%|█▌        | 700/4500 [40:29<2:51:42,  2.71s/it]
 16%|█▌        | 701/4500 [40:32<2:41:07,  2.54s/it]
 16%|█▌        | 702/4500 [40:35<3:04:50,  2.92s/it]
 16%|█▌        | 703/4500 [40:42<4:13:26,  4.00s/it]
 16%|█▌        | 705/4500 [40:45<2:58:37,  2.82s/it]
 16%|█▌        | 706/4500 [40:47<2:47:45,  2.65s/it]
 16%|█▌        | 707/4500 [40:50<2:53:13,  2.74s/it]
 16%|█▌        | 708/4500 [40:53<2:56:24,  2.79s/it]
 16%|█▌        | 709/4500 [41:00<4:15:47,  4.05s/it]
 16%|█▌        | 710/4500 [41:04<4:05:37,  3.89s/it]
 16%|█▌        | 711/4500 [41:06<3:43:49,  3.54s/it]
 16%|█▌        | 712/4500 [41:09<3:28:26,  3.30s/it]
 16%|█▌        | 714/4500 [41:13<2:51:45,  2.72s/it]
 16%|█▌        | 715/4500 [41:15<2:34:25,  2.45s/it]
 16%|█▌        | 716/4500 [41:17<2:35:44,  2.47s/it]
 16%|█▌        | 717/4500 [41:20<2:45:50,  2.63s/it]
 16%|█▌        | 718/4500 [41:23<2:40:31,  2.55s/it]
 16%|█▌        | 719/4500 [41:25<2:38:57,  2.52s/it]
 16%|█▌        | 720/4500 [41:27<2:31:49,  2.41s/it]
 16%|█▌        | 721/4500 [41:31<2:56:35,  2.80s/it]
 16%|█▌        | 722/4500 [41:34<2:49:38,  2.69s/it]
 16%|█▌        | 723/4500 [41:35<2:30:07,  2.38s/it]
 16%|█▌        | 724/4500 [41:39<2:53:37,  2.76s/it]
 16%|█▌        | 725/4500 [41:41<2:35:44,  2.48s/it]
 16%|█▌        | 726/4500 [41:44<2:46:05,  2.64s/it]
 16%|█▌        | 727/4500 [41:47<2:57:43,  2.83s/it]
 16%|█▌        | 728/4500 [41:51<3:21:46,  3.21s/it]
 16%|█▌        | 729/4500 [41:53<3:01:05,  2.88s/it]
 16%|█▌        | 730/4500 [41:57<3:25:43,  3.27s/it]
 16%|█▌        | 731/4500 [42:00<3:16:05,  3.12s/it]
 16%|█▋        | 733/4500 [42:04<2:49:34,  2.70s/it]
 16%|█▋        | 734/4500 [42:08<3:00:22,  2.87s/it]
 16%|█▋        | 735/4500 [42:11<3:05:38,  2.96s/it]
 16%|█▋        | 736/4500 [42:15<3:29:57,  3.35s/it]
 16%|█▋        | 737/4500 [42:18<3:17:30,  3.15s/it]
 16%|█▋        | 738/4500 [42:23<3:41:25,  3.53s/it]
 16%|█▋        | 739/4500 [42:26<3:30:16,  3.35s/it]
 16%|█▋        | 740/4500 [42:29<3:29:02,  3.34s/it]
 16%|█▋        | 741/4500 [42:35<4:21:57,  4.18s/it]
 16%|█▋        | 742/4500 [42:37<3:47:43,  3.64s/it]
 17%|█▋        | 743/4500 [42:41<3:41:53,  3.54s/it]
 17%|█▋        | 745/4500 [42:44<2:53:13,  2.77s/it]
 17%|█▋        | 746/4500 [42:49<3:20:46,  3.21s/it]
 17%|█▋        | 747/4500 [42:54<3:55:15,  3.76s/it]
 17%|█▋        | 748/4500 [42:59<4:12:21,  4.04s/it]
 17%|█▋        | 749/4500 [43:04<4:23:51,  4.22s/it]
 17%|█▋        | 750/4500 [43:07<4:03:35,  3.90s/it]
 17%|█▋        | 751/4500 [43:10<3:46:05,  3.62s/it]
 17%|█▋        | 752/4500 [43:13<3:42:59,  3.57s/it]
 17%|█▋        | 753/4500 [43:19<4:25:50,  4.26s/it]
 17%|█▋        | 754/4500 [43:23<4:13:55,  4.07s/it]
 17%|█▋        | 755/4500 [43:26<3:55:36,  3.77s/it]
 17%|█▋        | 756/4500 [43:29<3:46:13,  3.63s/it]
 17%|█▋        | 757/4500 [43:31<3:19:22,  3.20s/it]
 17%|█▋        | 758/4500 [43:36<3:44:39,  3.60s/it]
 17%|█▋        | 759/4500 [43:40<3:51:02,  3.71s/it]
 17%|█▋        | 760/4500 [43:46<4:31:23,  4.35s/it]
 17%|█▋        | 761/4500 [43:48<4:02:04,  3.88s/it]
 17%|█▋        | 762/4500 [43:52<3:55:30,  3.78s/it]
 17%|█▋        | 763/4500 [43:54<3:26:36,  3.32s/it]
 17%|█▋        | 764/4500 [43:58<3:31:24,  3.40s/it]
 17%|█▋        | 765/4500 [44:03<4:03:37,  3.91s/it]
 17%|█▋        | 766/4500 [44:05<3:34:40,  3.45s/it]
 17%|█▋        | 767/4500 [44:08<3:24:54,  3.29s/it]
 17%|█▋        | 768/4500 [44:11<3:09:01,  3.04s/it]
 17%|█▋        | 769/4500 [44:13<3:02:01,  2.93s/it]
 17%|█▋        | 770/4500 [44:18<3:28:50,  3.36s/it]
 17%|█▋        | 771/4500 [44:19<2:58:09,  2.87s/it]
 17%|█▋        | 772/4500 [44:28<4:44:56,  4.59s/it]
 17%|█▋        | 773/4500 [44:31<4:22:00,  4.22s/it]
 17%|█▋        | 774/4500 [44:33<3:43:00,  3.59s/it]
 17%|█▋        | 775/4500 [44:37<3:34:22,  3.45s/it]
 17%|█▋        | 776/4500 [44:40<3:32:34,  3.42s/it]
 17%|█▋        | 777/4500 [44:43<3:21:34,  3.25s/it]
 17%|█▋        | 778/4500 [44:46<3:22:10,  3.26s/it]
 17%|█▋        | 779/4500 [44:50<3:43:10,  3.60s/it]
 17%|█▋        | 780/4500 [44:58<4:49:36,  4.67s/it]
 17%|█▋        | 781/4500 [45:00<4:13:08,  4.08s/it]
 17%|█▋        | 782/4500 [45:03<3:54:49,  3.79s/it]
 17%|█▋        | 783/4500 [45:09<4:21:55,  4.23s/it]
 17%|█▋        | 784/4500 [45:14<4:36:04,  4.46s/it]
 17%|█▋        | 785/4500 [45:19<4:48:49,  4.66s/it]
 17%|█▋        | 786/4500 [45:24<4:52:24,  4.72s/it]
 17%|█▋        | 787/4500 [45:26<4:10:12,  4.04s/it]
 18%|█▊        | 788/4500 [45:31<4:15:01,  4.12s/it]
 18%|█▊        | 789/4500 [45:35<4:16:11,  4.14s/it]
 18%|█▊        | 790/4500 [45:37<3:51:18,  3.74s/it]
 18%|█▊        | 791/4500 [45:42<4:09:48,  4.04s/it]
 18%|█▊        | 792/4500 [45:45<3:43:11,  3.61s/it]
 18%|█▊        | 793/4500 [45:57<6:17:48,  6.11s/it]
 18%|█▊        | 794/4500 [46:00<5:30:24,  5.35s/it]
 18%|█▊        | 795/4500 [46:03<4:45:34,  4.62s/it]
 18%|█▊        | 796/4500 [46:06<4:06:13,  3.99s/it]
 18%|█▊        | 797/4500 [46:08<3:36:53,  3.51s/it]
 18%|█▊        | 798/4500 [46:11<3:17:15,  3.20s/it]
 18%|█▊        | 799/4500 [46:12<2:44:36,  2.67s/it]
 18%|█▊        | 800/4500 [46:17<3:22:48,  3.29s/it]
 18%|█▊        | 801/4500 [46:22<3:57:51,  3.86s/it]
 18%|█▊        | 802/4500 [46:27<4:18:06,  4.19s/it]
 18%|█▊        | 803/4500 [46:33<4:52:36,  4.75s/it]
 18%|█▊        | 804/4500 [46:36<4:22:48,  4.27s/it]
 18%|█▊        | 805/4500 [46:38<3:36:32,  3.52s/it]
 18%|█▊        | 806/4500 [46:43<4:01:59,  3.93s/it]
 18%|█▊        | 807/4500 [46:47<4:04:46,  3.98s/it]
 18%|█▊        | 808/4500 [46:50<3:50:14,  3.74s/it]
 18%|█▊        | 809/4500 [46:54<3:56:19,  3.84s/it]
 18%|█▊        | 810/4500 [46:57<3:36:16,  3.52s/it]
 18%|█▊        | 811/4500 [47:01<3:41:46,  3.61s/it]
 18%|█▊        | 812/4500 [47:03<3:10:41,  3.10s/it]
 18%|█▊        | 813/4500 [47:05<2:59:28,  2.92s/it]
 18%|█▊        | 814/4500 [47:09<3:10:58,  3.11s/it]
 18%|█▊        | 815/4500 [47:11<2:57:11,  2.89s/it]
 18%|█▊        | 816/4500 [47:14<2:56:33,  2.88s/it]
 18%|█▊        | 817/4500 [47:16<2:48:28,  2.74s/it]
 18%|█▊        | 818/4500 [47:20<3:06:49,  3.04s/it]
 18%|█▊        | 819/4500 [47:23<3:09:09,  3.08s/it]
 18%|█▊        | 820/4500 [47:26<2:58:24,  2.91s/it]
 18%|█▊        | 821/4500 [47:29<3:08:02,  3.07s/it]
 18%|█▊        | 822/4500 [47:32<2:56:44,  2.88s/it]
 18%|█▊        | 823/4500 [47:40<4:31:34,  4.43s/it]
 18%|█▊        | 824/4500 [47:44<4:24:24,  4.32s/it]
 18%|█▊        | 825/4500 [47:48<4:14:48,  4.16s/it]
 18%|█▊        | 826/4500 [47:50<3:50:44,  3.77s/it]
 18%|█▊        | 827/4500 [47:54<3:50:43,  3.77s/it]
 18%|█▊        | 828/4500 [47:56<3:20:17,  3.27s/it]
 18%|█▊        | 829/4500 [48:02<4:12:00,  4.12s/it]
 18%|█▊        | 830/4500 [48:06<4:06:34,  4.03s/it]
 18%|█▊        | 831/4500 [48:08<3:20:06,  3.27s/it]
 18%|█▊        | 832/4500 [48:13<4:01:50,  3.96s/it]
 19%|█▊        | 833/4500 [48:17<4:00:54,  3.94s/it]
 19%|█▊        | 834/4500 [48:25<5:08:44,  5.05s/it]
 19%|█▊        | 835/4500 [48:28<4:26:21,  4.36s/it]
 19%|█▊        | 836/4500 [48:32<4:19:56,  4.26s/it]
 19%|█▊        | 837/4500 [48:34<3:41:30,  3.63s/it]
 19%|█▊        | 838/4500 [48:37<3:42:40,  3.65s/it]
 19%|█▊        | 839/4500 [48:41<3:32:58,  3.49s/it]
 19%|█▊        | 840/4500 [48:43<3:17:08,  3.23s/it]
 19%|█▊        | 841/4500 [48:45<2:53:39,  2.85s/it]
 19%|█▊        | 842/4500 [48:49<3:10:06,  3.12s/it]
 19%|█▊        | 843/4500 [48:51<2:50:59,  2.81s/it]
 19%|█▉        | 844/4500 [48:53<2:40:00,  2.63s/it]
 19%|█▉        | 845/4500 [48:55<2:30:01,  2.46s/it]
 19%|█▉        | 846/4500 [48:59<2:44:53,  2.71s/it]
 19%|█▉        | 847/4500 [49:04<3:36:53,  3.56s/it]
 19%|█▉        | 848/4500 [49:08<3:35:01,  3.53s/it]
 19%|█▉        | 849/4500 [49:12<3:58:34,  3.92s/it]
 19%|█▉        | 850/4500 [49:20<5:05:18,  5.02s/it]
 19%|█▉        | 851/4500 [49:23<4:28:28,  4.41s/it]
 19%|█▉        | 852/4500 [49:26<4:07:03,  4.06s/it]
 19%|█▉        | 853/4500 [49:30<4:00:52,  3.96s/it]
 19%|█▉        | 854/4500 [49:35<4:23:00,  4.33s/it]
 19%|█▉        | 855/4500 [49:40<4:27:31,  4.40s/it]
 19%|█▉        | 856/4500 [49:42<3:54:14,  3.86s/it]
 19%|█▉        | 857/4500 [49:46<3:47:08,  3.74s/it]
 19%|█▉        | 858/4500 [49:48<3:20:35,  3.30s/it]
 19%|█▉        | 860/4500 [49:51<2:34:46,  2.55s/it]
 19%|█▉        | 861/4500 [49:55<2:49:15,  2.79s/it]
 19%|█▉        | 862/4500 [49:59<3:16:21,  3.24s/it]
 19%|█▉        | 864/4500 [50:08<3:39:17,  3.62s/it]
 19%|█▉        | 865/4500 [50:11<3:37:47,  3.59s/it]
 19%|█▉        | 866/4500 [50:14<3:20:28,  3.31s/it]
 19%|█▉        | 867/4500 [50:16<3:07:59,  3.10s/it]
 19%|█▉        | 869/4500 [50:18<2:08:55,  2.13s/it]
 19%|█▉        | 870/4500 [50:21<2:24:14,  2.38s/it]
 19%|█▉        | 871/4500 [50:29<3:42:06,  3.67s/it]
 19%|█▉        | 872/4500 [50:31<3:18:15,  3.28s/it]
 19%|█▉        | 873/4500 [50:35<3:29:14,  3.46s/it]
 19%|█▉        | 874/4500 [50:40<3:59:34,  3.96s/it]
 19%|█▉        | 875/4500 [50:42<3:32:30,  3.52s/it]
 19%|█▉        | 876/4500 [50:45<3:13:58,  3.21s/it]
 19%|█▉        | 877/4500 [50:49<3:24:11,  3.38s/it]
 20%|█▉        | 878/4500 [50:55<4:19:03,  4.29s/it]
 20%|█▉        | 879/4500 [51:00<4:31:45,  4.50s/it]
 20%|█▉        | 880/4500 [51:07<5:05:47,  5.07s/it]
 20%|█▉        | 881/4500 [51:09<4:25:17,  4.40s/it]
 20%|█▉        | 882/4500 [51:12<3:58:57,  3.96s/it]
 20%|█▉        | 883/4500 [51:17<4:18:01,  4.28s/it]
 20%|█▉        | 884/4500 [51:22<4:23:21,  4.37s/it]
 20%|█▉        | 885/4500 [51:26<4:12:11,  4.19s/it]
 20%|█▉        | 886/4500 [51:29<3:54:20,  3.89s/it]
 20%|█▉        | 887/4500 [51:31<3:15:01,  3.24s/it]
 20%|█▉        | 888/4500 [51:33<3:02:54,  3.04s/it]
 20%|█▉        | 890/4500 [51:36<2:22:19,  2.37s/it]
 20%|█▉        | 891/4500 [51:41<2:56:03,  2.93s/it]
 20%|█▉        | 894/4500 [51:48<2:34:51,  2.58s/it]
 20%|█▉        | 895/4500 [51:52<2:58:48,  2.98s/it]
 20%|█▉        | 896/4500 [51:54<2:43:49,  2.73s/it]
 20%|█▉        | 897/4500 [51:59<3:20:48,  3.34s/it]
 20%|█▉        | 898/4500 [52:01<3:01:35,  3.02s/it]
 20%|█▉        | 899/4500 [52:03<2:34:39,  2.58s/it]
 20%|██        | 900/4500 [52:05<2:22:58,  2.38s/it]
 20%|██        | 901/4500 [52:08<2:33:40,  2.56s/it]
 20%|██        | 902/4500 [52:10<2:33:45,  2.56s/it]
 20%|██        | 903/4500 [52:13<2:39:44,  2.66s/it]
 20%|██        | 904/4500 [52:16<2:40:37,  2.68s/it]
 20%|██        | 905/4500 [52:22<3:36:56,  3.62s/it]
 20%|██        | 906/4500 [52:24<3:17:23,  3.30s/it]
 20%|██        | 907/4500 [52:27<3:01:14,  3.03s/it]
 20%|██        | 908/4500 [52:29<2:45:10,  2.76s/it]
 20%|██        | 909/4500 [52:32<2:50:44,  2.85s/it]
 20%|██        | 910/4500 [52:34<2:36:46,  2.62s/it]
 20%|██        | 911/4500 [52:36<2:21:41,  2.37s/it]
 20%|██        | 912/4500 [52:38<2:24:28,  2.42s/it]
 20%|██        | 913/4500 [52:41<2:23:53,  2.41s/it]
 20%|██        | 914/4500 [52:44<2:45:22,  2.77s/it]
 20%|██        | 915/4500 [52:48<2:56:28,  2.95s/it]
 20%|██        | 916/4500 [52:51<3:02:32,  3.06s/it]
 20%|██        | 917/4500 [52:54<3:00:54,  3.03s/it]
 20%|██        | 918/4500 [52:58<3:16:21,  3.29s/it]
 20%|██        | 919/4500 [53:03<3:44:21,  3.76s/it]
 20%|██        | 920/4500 [53:05<3:25:52,  3.45s/it]
 20%|██        | 922/4500 [53:09<2:42:24,  2.72s/it]
 21%|██        | 923/4500 [53:13<3:03:16,  3.07s/it]
 21%|██        | 924/4500 [53:18<3:32:20,  3.56s/it]
 21%|██        | 925/4500 [53:22<3:30:28,  3.53s/it]
 21%|██        | 926/4500 [53:25<3:27:06,  3.48s/it]
 21%|██        | 927/4500 [53:27<2:56:22,  2.96s/it]
 21%|██        | 928/4500 [53:29<2:51:01,  2.87s/it]
 21%|██        | 929/4500 [53:32<2:55:11,  2.94s/it]
 21%|██        | 930/4500 [53:37<3:17:31,  3.32s/it]
 21%|██        | 931/4500 [53:40<3:18:39,  3.34s/it]
 21%|██        | 932/4500 [53:42<2:45:04,  2.78s/it]
 21%|██        | 933/4500 [53:46<3:23:27,  3.42s/it]
 21%|██        | 934/4500 [53:49<3:15:01,  3.28s/it]
 21%|██        | 935/4500 [53:54<3:30:21,  3.54s/it]
 21%|██        | 936/4500 [53:58<3:44:29,  3.78s/it]
 21%|██        | 937/4500 [54:02<3:48:49,  3.85s/it]
 21%|██        | 938/4500 [54:06<3:59:51,  4.04s/it]
 21%|██        | 939/4500 [54:11<4:06:39,  4.16s/it]
 21%|██        | 940/4500 [54:16<4:22:15,  4.42s/it]
 21%|██        | 941/4500 [54:20<4:10:30,  4.22s/it]
 21%|██        | 942/4500 [54:23<3:50:03,  3.88s/it]
 21%|██        | 943/4500 [54:27<3:55:22,  3.97s/it]
 21%|██        | 945/4500 [54:31<3:03:07,  3.09s/it]
 21%|██        | 947/4500 [54:34<2:22:57,  2.41s/it]
 21%|██        | 948/4500 [54:37<2:34:37,  2.61s/it]
 21%|██        | 950/4500 [54:40<2:08:39,  2.17s/it]
 21%|██        | 951/4500 [54:43<2:13:52,  2.26s/it]
 21%|██        | 952/4500 [54:47<2:40:40,  2.72s/it]
 21%|██        | 953/4500 [54:51<3:06:53,  3.16s/it]
 21%|██        | 954/4500 [54:54<3:05:48,  3.14s/it]
 21%|██        | 956/4500 [55:00<2:52:51,  2.93s/it]
 21%|██▏       | 957/4500 [55:03<3:00:24,  3.06s/it]
 21%|██▏       | 958/4500 [55:07<3:10:40,  3.23s/it]
 21%|██▏       | 959/4500 [55:13<4:00:37,  4.08s/it]
 21%|██▏       | 960/4500 [55:18<4:03:17,  4.12s/it]
 21%|██▏       | 961/4500 [55:19<3:24:18,  3.46s/it]
 21%|██▏       | 963/4500 [55:27<3:37:19,  3.69s/it]
 21%|██▏       | 964/4500 [55:30<3:20:34,  3.40s/it]
 21%|██▏       | 965/4500 [55:32<3:01:03,  3.07s/it]
 21%|██▏       | 966/4500 [55:33<2:34:58,  2.63s/it]
 21%|██▏       | 967/4500 [55:40<3:41:09,  3.76s/it]
 22%|██▏       | 968/4500 [55:42<3:11:14,  3.25s/it]
 22%|██▏       | 969/4500 [55:48<3:54:50,  3.99s/it]
 22%|██▏       | 970/4500 [55:50<3:21:48,  3.43s/it]
 22%|██▏       | 971/4500 [55:53<3:14:33,  3.31s/it]
 22%|██▏       | 972/4500 [55:56<3:04:53,  3.14s/it]
 22%|██▏       | 973/4500 [55:57<2:40:43,  2.73s/it]
 22%|██▏       | 974/4500 [56:01<3:01:09,  3.08s/it]
 22%|██▏       | 975/4500 [56:04<3:02:11,  3.10s/it]
 22%|██▏       | 976/4500 [56:08<3:05:42,  3.16s/it]
 22%|██▏       | 977/4500 [56:10<2:55:08,  2.98s/it]
 22%|██▏       | 978/4500 [56:13<2:54:34,  2.97s/it]
 22%|██▏       | 979/4500 [56:19<3:48:36,  3.90s/it]
 22%|██▏       | 980/4500 [56:21<3:02:46,  3.12s/it]
 22%|██▏       | 982/4500 [56:24<2:20:23,  2.39s/it]
 22%|██▏       | 983/4500 [56:26<2:21:17,  2.41s/it]
 22%|██▏       | 984/4500 [56:29<2:27:30,  2.52s/it]
 22%|██▏       | 985/4500 [56:32<2:26:51,  2.51s/it]
 22%|██▏       | 986/4500 [56:33<2:11:12,  2.24s/it]
 22%|██▏       | 987/4500 [56:37<2:37:22,  2.69s/it]
 22%|██▏       | 988/4500 [56:40<2:39:08,  2.72s/it]
 22%|██▏       | 989/4500 [56:43<2:52:11,  2.94s/it]
 22%|██▏       | 990/4500 [56:49<3:37:52,  3.72s/it]
 22%|██▏       | 991/4500 [56:55<4:27:12,  4.57s/it]
 22%|██▏       | 992/4500 [57:00<4:23:03,  4.50s/it]
 22%|██▏       | 993/4500 [57:05<4:40:15,  4.79s/it]
 22%|██▏       | 994/4500 [57:08<4:11:55,  4.31s/it]
 22%|██▏       | 995/4500 [57:12<3:57:33,  4.07s/it]
 22%|██▏       | 996/4500 [57:15<3:45:23,  3.86s/it]
 22%|██▏       | 997/4500 [57:18<3:32:31,  3.64s/it]
 22%|██▏       | 998/4500 [57:25<4:34:15,  4.70s/it]
 22%|██▏       | 999/4500 [57:28<4:03:04,  4.17s/it]
 22%|██▏       | 1000/4500 [57:31<3:34:23,  3.68s/it]
 22%|██▏       | 1001/4500 [57:36<3:57:59,  4.08s/it]
 22%|██▏       | 1002/4500 [57:39<3:38:46,  3.75s/it]
 22%|██▏       | 1003/4500 [57:43<3:39:11,  3.76s/it]
 22%|██▏       | 1005/4500 [57:46<2:47:09,  2.87s/it]
 22%|██▏       | 1006/4500 [57:49<2:40:18,  2.75s/it]
 22%|██▏       | 1008/4500 [57:54<2:38:08,  2.72s/it]
 22%|██▏       | 1009/4500 [57:58<2:49:04,  2.91s/it]
 22%|██▏       | 1011/4500 [58:01<2:15:35,  2.33s/it]
 22%|██▏       | 1012/4500 [58:05<2:37:48,  2.71s/it]
 23%|██▎       | 1013/4500 [58:08<2:52:16,  2.96s/it]
 23%|██▎       | 1014/4500 [58:11<2:51:01,  2.94s/it]
 23%|██▎       | 1015/4500 [58:16<3:16:10,  3.38s/it]
 23%|██▎       | 1016/4500 [58:21<3:38:17,  3.76s/it]
 23%|██▎       | 1017/4500 [58:23<3:09:13,  3.26s/it]
 23%|██▎       | 1018/4500 [58:28<3:37:40,  3.75s/it]
 23%|██▎       | 1019/4500 [58:31<3:34:21,  3.69s/it]
 23%|██▎       | 1020/4500 [58:34<3:25:42,  3.55s/it]
 23%|██▎       | 1021/4500 [58:36<2:53:59,  3.00s/it]
 23%|██▎       | 1022/4500 [58:39<2:51:57,  2.97s/it]
 23%|██▎       | 1023/4500 [58:42<2:56:00,  3.04s/it]
 23%|██▎       | 1025/4500 [58:48<2:59:37,  3.10s/it]
 23%|██▎       | 1026/4500 [58:51<2:48:31,  2.91s/it]
 23%|██▎       | 1027/4500 [58:53<2:36:32,  2.70s/it]
 23%|██▎       | 1029/4500 [58:57<2:17:18,  2.37s/it]
 23%|██▎       | 1030/4500 [58:59<2:11:14,  2.27s/it]
 23%|██▎       | 1031/4500 [59:02<2:30:54,  2.61s/it]
 23%|██▎       | 1032/4500 [59:06<2:42:51,  2.82s/it]
 23%|██▎       | 1033/4500 [59:08<2:32:51,  2.65s/it]
 23%|██▎       | 1035/4500 [59:11<2:04:51,  2.16s/it]
 23%|██▎       | 1036/4500 [59:14<2:11:14,  2.27s/it]
 23%|██▎       | 1037/4500 [59:16<2:13:53,  2.32s/it]
 23%|██▎       | 1038/4500 [59:19<2:18:02,  2.39s/it]
 23%|██▎       | 1039/4500 [59:21<2:09:12,  2.24s/it]
 23%|██▎       | 1040/4500 [59:23<2:11:53,  2.29s/it]
 23%|██▎       | 1041/4500 [59:25<2:07:55,  2.22s/it]
 23%|██▎       | 1042/4500 [59:33<3:45:09,  3.91s/it]
 23%|██▎       | 1043/4500 [59:35<3:16:20,  3.41s/it]
 23%|██▎       | 1044/4500 [59:43<4:27:48,  4.65s/it]
 23%|██▎       | 1045/4500 [59:47<4:13:57,  4.41s/it]
 23%|██▎       | 1046/4500 [59:49<3:38:40,  3.80s/it]
 23%|██▎       | 1047/4500 [59:52<3:25:10,  3.57s/it]
 23%|██▎       | 1048/4500 [59:56<3:36:02,  3.75s/it]
 23%|██▎       | 1049/4500 [1:00:00<3:34:37,  3.73s/it]
 23%|██▎       | 1050/4500 [1:00:03<3:24:54,  3.56s/it]
 23%|██▎       | 1051/4500 [1:00:06<3:09:13,  3.29s/it]
 23%|██▎       | 1052/4500 [1:00:08<2:50:13,  2.96s/it]
 23%|██▎       | 1053/4500 [1:00:10<2:36:24,  2.72s/it]
 23%|██▎       | 1054/4500 [1:00:17<3:52:52,  4.05s/it]
 23%|██▎       | 1055/4500 [1:00:21<3:47:39,  3.96s/it]
 23%|██▎       | 1056/4500 [1:00:23<3:06:20,  3.25s/it]
 23%|██▎       | 1057/4500 [1:00:26<3:14:22,  3.39s/it]
 24%|██▎       | 1058/4500 [1:00:30<3:15:49,  3.41s/it]
 24%|██▎       | 1060/4500 [1:00:37<3:19:47,  3.48s/it]
 24%|██▎       | 1061/4500 [1:00:41<3:30:30,  3.67s/it]
 24%|██▎       | 1062/4500 [1:00:44<3:24:44,  3.57s/it]
 24%|██▎       | 1063/4500 [1:00:54<4:57:01,  5.19s/it]
 24%|██▎       | 1064/4500 [1:00:57<4:25:53,  4.64s/it]
 24%|██▎       | 1065/4500 [1:01:00<3:56:03,  4.12s/it]
 24%|██▎       | 1066/4500 [1:01:02<3:26:08,  3.60s/it]
 24%|██▎       | 1067/4500 [1:01:05<3:10:51,  3.34s/it]
 24%|██▎       | 1068/4500 [1:01:08<3:08:53,  3.30s/it]
 24%|██▍       | 1069/4500 [1:01:13<3:29:57,  3.67s/it]
 24%|██▍       | 1070/4500 [1:01:16<3:16:18,  3.43s/it]
 24%|██▍       | 1071/4500 [1:01:18<3:00:53,  3.17s/it]
 24%|██▍       | 1072/4500 [1:01:21<2:48:13,  2.94s/it]
 24%|██▍       | 1073/4500 [1:01:23<2:33:48,  2.69s/it]
 24%|██▍       | 1074/4500 [1:01:25<2:22:57,  2.50s/it]
 24%|██▍       | 1075/4500 [1:01:28<2:38:47,  2.78s/it]
 24%|██▍       | 1077/4500 [1:01:34<2:39:36,  2.80s/it]
 24%|██▍       | 1078/4500 [1:01:37<2:38:59,  2.79s/it]
 24%|██▍       | 1079/4500 [1:01:39<2:35:43,  2.73s/it]
 24%|██▍       | 1080/4500 [1:01:43<2:54:18,  3.06s/it]
 24%|██▍       | 1081/4500 [1:01:47<3:02:20,  3.20s/it]
 24%|██▍       | 1082/4500 [1:01:54<4:06:38,  4.33s/it]
 24%|██▍       | 1083/4500 [1:01:56<3:26:06,  3.62s/it]
 24%|██▍       | 1084/4500 [1:01:59<3:27:47,  3.65s/it]
 24%|██▍       | 1085/4500 [1:02:04<3:40:34,  3.88s/it]
 24%|██▍       | 1086/4500 [1:02:07<3:30:56,  3.71s/it]
 24%|██▍       | 1087/4500 [1:02:10<3:19:51,  3.51s/it]
 24%|██▍       | 1088/4500 [1:02:15<3:33:42,  3.76s/it]
 24%|██▍       | 1089/4500 [1:02:18<3:31:43,  3.72s/it]
 24%|██▍       | 1090/4500 [1:02:21<3:16:31,  3.46s/it]
 24%|██▍       | 1091/4500 [1:02:24<3:01:56,  3.20s/it]
 24%|██▍       | 1092/4500 [1:02:26<2:49:41,  2.99s/it]
 24%|██▍       | 1093/4500 [1:02:29<2:41:58,  2.85s/it]
 24%|██▍       | 1094/4500 [1:02:32<2:44:49,  2.90s/it]
 24%|██▍       | 1095/4500 [1:02:36<3:07:27,  3.30s/it]
 24%|██▍       | 1096/4500 [1:02:40<3:13:21,  3.41s/it]
 24%|██▍       | 1097/4500 [1:02:43<3:09:07,  3.33s/it]
 24%|██▍       | 1098/4500 [1:02:52<4:53:34,  5.18s/it]
 24%|██▍       | 1099/4500 [1:02:54<3:51:32,  4.08s/it]
 24%|██▍       | 1100/4500 [1:02:58<4:01:17,  4.26s/it]
 24%|██▍       | 1101/4500 [1:03:01<3:31:51,  3.74s/it]
 24%|██▍       | 1102/4500 [1:03:04<3:23:56,  3.60s/it]
 25%|██▍       | 1103/4500 [1:03:07<3:03:58,  3.25s/it]
 25%|██▍       | 1104/4500 [1:03:11<3:22:24,  3.58s/it]
 25%|██▍       | 1105/4500 [1:03:14<3:06:14,  3.29s/it]
 25%|██▍       | 1106/4500 [1:03:16<2:53:37,  3.07s/it]
 25%|██▍       | 1107/4500 [1:03:20<3:04:23,  3.26s/it]
 25%|██▍       | 1108/4500 [1:03:23<2:55:55,  3.11s/it]
 25%|██▍       | 1109/4500 [1:03:25<2:39:03,  2.81s/it]
 25%|██▍       | 1111/4500 [1:03:26<1:45:04,  1.86s/it]
 25%|██▍       | 1112/4500 [1:03:28<1:49:05,  1.93s/it]
 25%|██▍       | 1113/4500 [1:03:31<1:52:36,  1.99s/it]
 25%|██▍       | 1114/4500 [1:03:34<2:19:30,  2.47s/it]
 25%|██▍       | 1115/4500 [1:03:37<2:25:32,  2.58s/it]
 25%|██▍       | 1116/4500 [1:03:39<2:20:31,  2.49s/it]
 25%|██▍       | 1117/4500 [1:03:43<2:33:07,  2.72s/it]
 25%|██▍       | 1118/4500 [1:03:45<2:31:56,  2.70s/it]
 25%|██▍       | 1119/4500 [1:03:50<3:03:17,  3.25s/it]
 25%|██▍       | 1120/4500 [1:03:57<4:09:02,  4.42s/it]
 25%|██▍       | 1121/4500 [1:04:02<4:20:15,  4.62s/it]
 25%|██▍       | 1122/4500 [1:04:06<4:01:46,  4.29s/it]
 25%|██▍       | 1123/4500 [1:04:10<4:03:55,  4.33s/it]
 25%|██▍       | 1124/4500 [1:04:17<4:38:04,  4.94s/it]
 25%|██▌       | 1125/4500 [1:04:19<3:47:50,  4.05s/it]
 25%|██▌       | 1126/4500 [1:04:21<3:20:35,  3.57s/it]
 25%|██▌       | 1127/4500 [1:04:24<3:13:30,  3.44s/it]
 25%|██▌       | 1128/4500 [1:04:27<3:09:18,  3.37s/it]
 25%|██▌       | 1129/4500 [1:04:31<3:10:11,  3.39s/it]
 25%|██▌       | 1130/4500 [1:04:32<2:39:16,  2.84s/it]
 25%|██▌       | 1131/4500 [1:04:36<2:53:04,  3.08s/it]
 25%|██▌       | 1132/4500 [1:04:40<3:10:13,  3.39s/it]
 25%|██▌       | 1133/4500 [1:04:43<2:57:35,  3.16s/it]
 25%|██▌       | 1134/4500 [1:04:46<3:07:56,  3.35s/it]
 25%|██▌       | 1135/4500 [1:04:50<3:05:44,  3.31s/it]
 25%|██▌       | 1136/4500 [1:04:53<3:06:50,  3.33s/it]
 25%|██▌       | 1137/4500 [1:04:55<2:46:08,  2.96s/it]
 25%|██▌       | 1138/4500 [1:04:57<2:33:06,  2.73s/it]
 25%|██▌       | 1139/4500 [1:05:00<2:36:07,  2.79s/it]
 25%|██▌       | 1140/4500 [1:05:04<2:51:25,  3.06s/it]
 25%|██▌       | 1141/4500 [1:05:07<2:43:10,  2.91s/it]
 25%|██▌       | 1142/4500 [1:05:10<2:49:44,  3.03s/it]
 25%|██▌       | 1143/4500 [1:05:14<3:09:35,  3.39s/it]
 25%|██▌       | 1144/4500 [1:05:17<2:59:21,  3.21s/it]
 25%|██▌       | 1145/4500 [1:05:19<2:40:46,  2.88s/it]
 25%|██▌       | 1146/4500 [1:05:23<3:02:01,  3.26s/it]
 25%|██▌       | 1147/4500 [1:05:27<3:15:09,  3.49s/it]
 26%|██▌       | 1148/4500 [1:05:30<3:02:14,  3.26s/it]
 26%|██▌       | 1149/4500 [1:05:34<3:16:29,  3.52s/it]
 26%|██▌       | 1150/4500 [1:05:36<2:59:08,  3.21s/it]
 26%|██▌       | 1151/4500 [1:05:39<2:43:43,  2.93s/it]
 26%|██▌       | 1152/4500 [1:05:42<2:55:59,  3.15s/it]
 26%|██▌       | 1153/4500 [1:05:46<3:00:48,  3.24s/it]
 26%|██▌       | 1154/4500 [1:05:49<3:05:53,  3.33s/it]
 26%|██▌       | 1155/4500 [1:05:57<4:13:30,  4.55s/it]
 26%|██▌       | 1156/4500 [1:05:59<3:25:46,  3.69s/it]
 26%|██▌       | 1157/4500 [1:06:01<3:03:51,  3.30s/it]
 26%|██▌       | 1158/4500 [1:06:03<2:41:35,  2.90s/it]
 26%|██▌       | 1159/4500 [1:06:05<2:35:30,  2.79s/it]
 26%|██▌       | 1161/4500 [1:06:08<1:54:32,  2.06s/it]
 26%|██▌       | 1162/4500 [1:06:10<2:00:26,  2.17s/it]
 26%|██▌       | 1163/4500 [1:06:12<1:56:01,  2.09s/it]
 26%|██▌       | 1164/4500 [1:06:17<2:43:38,  2.94s/it]
 26%|██▌       | 1165/4500 [1:06:20<2:37:38,  2.84s/it]
 26%|██▌       | 1166/4500 [1:06:22<2:21:56,  2.55s/it]
 26%|██▌       | 1167/4500 [1:06:26<2:47:11,  3.01s/it]
 26%|██▌       | 1168/4500 [1:06:28<2:33:50,  2.77s/it]
 26%|██▌       | 1169/4500 [1:06:31<2:40:54,  2.90s/it]
 26%|██▌       | 1170/4500 [1:06:36<3:13:18,  3.48s/it]
 26%|██▌       | 1171/4500 [1:06:41<3:39:58,  3.96s/it]
 26%|██▌       | 1172/4500 [1:06:50<4:55:18,  5.32s/it]
 26%|██▌       | 1173/4500 [1:06:53<4:13:21,  4.57s/it]
 26%|██▌       | 1174/4500 [1:06:55<3:37:43,  3.93s/it]
 26%|██▌       | 1175/4500 [1:06:58<3:14:30,  3.51s/it]
 26%|██▌       | 1176/4500 [1:07:01<3:07:21,  3.38s/it]
 26%|██▌       | 1177/4500 [1:07:02<2:39:34,  2.88s/it]
 26%|██▌       | 1178/4500 [1:07:07<3:07:13,  3.38s/it]
 26%|██▌       | 1180/4500 [1:07:15<3:28:45,  3.77s/it]
 26%|██▌       | 1181/4500 [1:07:19<3:28:02,  3.76s/it]
 26%|██▋       | 1182/4500 [1:07:22<3:19:52,  3.61s/it]
 26%|██▋       | 1183/4500 [1:07:26<3:24:14,  3.69s/it]
 26%|██▋       | 1184/4500 [1:07:30<3:30:17,  3.81s/it]
 26%|██▋       | 1185/4500 [1:07:32<2:57:11,  3.21s/it]
 26%|██▋       | 1186/4500 [1:07:35<2:58:27,  3.23s/it]
 26%|██▋       | 1187/4500 [1:07:39<3:05:51,  3.37s/it]
 26%|██▋       | 1188/4500 [1:07:42<3:02:04,  3.30s/it]
 26%|██▋       | 1189/4500 [1:07:45<3:02:20,  3.30s/it]
 26%|██▋       | 1190/4500 [1:07:49<2:58:55,  3.24s/it]
 26%|██▋       | 1191/4500 [1:07:51<2:53:10,  3.14s/it]
 26%|██▋       | 1192/4500 [1:07:55<2:57:59,  3.23s/it]
 27%|██▋       | 1193/4500 [1:07:59<3:08:06,  3.41s/it]
 27%|██▋       | 1194/4500 [1:08:02<3:08:42,  3.42s/it]
 27%|██▋       | 1195/4500 [1:08:05<2:52:00,  3.12s/it]
 27%|██▋       | 1196/4500 [1:08:08<3:02:13,  3.31s/it]
 27%|██▋       | 1197/4500 [1:08:10<2:30:48,  2.74s/it]
 27%|██▋       | 1198/4500 [1:08:13<2:33:15,  2.78s/it]
 27%|██▋       | 1199/4500 [1:08:16<2:45:50,  3.01s/it]
 27%|██▋       | 1200/4500 [1:08:18<2:26:23,  2.66s/it]
 27%|██▋       | 1201/4500 [1:08:20<2:15:54,  2.47s/it]
 27%|██▋       | 1203/4500 [1:08:22<1:41:42,  1.85s/it]
 27%|██▋       | 1204/4500 [1:08:25<1:47:42,  1.96s/it]
 27%|██▋       | 1205/4500 [1:08:27<2:00:10,  2.19s/it]
 27%|██▋       | 1206/4500 [1:08:30<2:02:14,  2.23s/it]
 27%|██▋       | 1207/4500 [1:08:32<2:07:53,  2.33s/it]
 27%|██▋       | 1209/4500 [1:08:36<1:56:49,  2.13s/it]
 27%|██▋       | 1210/4500 [1:08:39<2:07:20,  2.32s/it]
 27%|██▋       | 1211/4500 [1:08:43<2:36:36,  2.86s/it]
 27%|██▋       | 1212/4500 [1:08:46<2:36:44,  2.86s/it]
 27%|██▋       | 1213/4500 [1:08:54<3:44:23,  4.10s/it]
 27%|██▋       | 1214/4500 [1:08:56<3:17:38,  3.61s/it]
 27%|██▋       | 1216/4500 [1:09:00<2:39:47,  2.92s/it]
 27%|██▋       | 1217/4500 [1:09:03<2:38:58,  2.91s/it]
 27%|██▋       | 1218/4500 [1:09:06<2:36:35,  2.86s/it]
 27%|██▋       | 1219/4500 [1:09:10<2:57:27,  3.25s/it]
 27%|██▋       | 1220/4500 [1:09:13<2:46:26,  3.04s/it]
 27%|██▋       | 1221/4500 [1:09:16<2:46:37,  3.05s/it]
 27%|██▋       | 1222/4500 [1:09:21<3:23:35,  3.73s/it]
 27%|██▋       | 1223/4500 [1:09:23<2:56:21,  3.23s/it]
 27%|██▋       | 1224/4500 [1:09:26<2:51:37,  3.14s/it]
 27%|██▋       | 1225/4500 [1:09:30<3:03:52,  3.37s/it]
 27%|██▋       | 1226/4500 [1:09:33<3:03:49,  3.37s/it]
 27%|██▋       | 1227/4500 [1:09:38<3:24:25,  3.75s/it]
 27%|██▋       | 1228/4500 [1:09:40<3:05:07,  3.39s/it]
 27%|██▋       | 1229/4500 [1:09:43<2:43:11,  2.99s/it]
 27%|██▋       | 1230/4500 [1:09:46<2:49:04,  3.10s/it]
 27%|██▋       | 1231/4500 [1:09:49<2:48:33,  3.09s/it]
 27%|██▋       | 1232/4500 [1:09:53<3:04:29,  3.39s/it]
 27%|██▋       | 1234/4500 [1:10:00<3:12:08,  3.53s/it]
 27%|██▋       | 1235/4500 [1:10:04<3:08:33,  3.47s/it]
 27%|██▋       | 1236/4500 [1:10:07<3:03:01,  3.36s/it]
 28%|██▊       | 1238/4500 [1:10:10<2:26:23,  2.69s/it]
 28%|██▊       | 1239/4500 [1:10:13<2:31:40,  2.79s/it]
 28%|██▊       | 1240/4500 [1:10:17<2:38:12,  2.91s/it]
 28%|██▊       | 1241/4500 [1:10:19<2:21:46,  2.61s/it]
 28%|██▊       | 1242/4500 [1:10:23<2:43:43,  3.02s/it]
 28%|██▊       | 1243/4500 [1:10:25<2:32:25,  2.81s/it]
 28%|██▊       | 1244/4500 [1:10:30<3:00:50,  3.33s/it]
 28%|██▊       | 1245/4500 [1:10:36<3:57:55,  4.39s/it]
 28%|██▊       | 1246/4500 [1:10:40<3:50:05,  4.24s/it]
 28%|██▊       | 1247/4500 [1:10:44<3:42:17,  4.10s/it]
 28%|██▊       | 1248/4500 [1:10:49<3:58:24,  4.40s/it]
 28%|██▊       | 1249/4500 [1:10:52<3:35:06,  3.97s/it]
 28%|██▊       | 1250/4500 [1:10:54<3:03:57,  3.40s/it]
 28%|██▊       | 1251/4500 [1:10:58<3:06:29,  3.44s/it]
 28%|██▊       | 1252/4500 [1:11:01<3:02:21,  3.37s/it]
 28%|██▊       | 1253/4500 [1:11:05<3:13:04,  3.57s/it]
 28%|██▊       | 1254/4500 [1:11:09<3:14:05,  3.59s/it]
 28%|██▊       | 1255/4500 [1:11:13<3:22:03,  3.74s/it]
 28%|██▊       | 1256/4500 [1:11:15<3:01:19,  3.35s/it]
 28%|██▊       | 1257/4500 [1:11:17<2:32:57,  2.83s/it]
 28%|██▊       | 1258/4500 [1:11:18<2:05:56,  2.33s/it]
 28%|██▊       | 1259/4500 [1:11:24<2:58:27,  3.30s/it]
 28%|██▊       | 1260/4500 [1:11:27<3:08:29,  3.49s/it]
 28%|██▊       | 1261/4500 [1:11:31<3:09:51,  3.52s/it]
 28%|██▊       | 1262/4500 [1:11:34<2:57:48,  3.29s/it]
 28%|██▊       | 1263/4500 [1:11:37<2:49:40,  3.15s/it]
 28%|██▊       | 1264/4500 [1:11:40<2:57:09,  3.28s/it]
 28%|██▊       | 1265/4500 [1:11:44<3:09:21,  3.51s/it]
 28%|██▊       | 1266/4500 [1:11:48<3:06:53,  3.47s/it]
 28%|██▊       | 1267/4500 [1:11:51<3:11:57,  3.56s/it]
 28%|██▊       | 1268/4500 [1:11:55<3:06:07,  3.46s/it]
 28%|██▊       | 1269/4500 [1:11:57<2:55:17,  3.26s/it]
 28%|██▊       | 1270/4500 [1:12:00<2:40:46,  2.99s/it]
 28%|██▊       | 1271/4500 [1:12:03<2:37:18,  2.92s/it]
 28%|██▊       | 1272/4500 [1:12:05<2:29:13,  2.77s/it]
 28%|██▊       | 1273/4500 [1:12:08<2:33:26,  2.85s/it]
 28%|██▊       | 1274/4500 [1:12:11<2:29:26,  2.78s/it]
 28%|██▊       | 1275/4500 [1:12:20<4:08:46,  4.63s/it]
 28%|██▊       | 1276/4500 [1:12:25<4:13:29,  4.72s/it]
 28%|██▊       | 1277/4500 [1:12:32<4:50:44,  5.41s/it]
 28%|██▊       | 1278/4500 [1:12:35<4:25:21,  4.94s/it]
 28%|██▊       | 1279/4500 [1:12:39<4:06:08,  4.58s/it]
 28%|██▊       | 1280/4500 [1:12:45<4:22:03,  4.88s/it]
 28%|██▊       | 1281/4500 [1:12:49<4:07:23,  4.61s/it]
 28%|██▊       | 1282/4500 [1:12:53<4:05:03,  4.57s/it]
 29%|██▊       | 1283/4500 [1:12:58<4:12:14,  4.70s/it]
 29%|██▊       | 1284/4500 [1:13:03<4:11:32,  4.69s/it]
 29%|██▊       | 1285/4500 [1:13:06<3:45:19,  4.21s/it]
 29%|██▊       | 1286/4500 [1:13:10<3:39:02,  4.09s/it]
 29%|██▊       | 1287/4500 [1:13:12<3:08:08,  3.51s/it]
 29%|██▊       | 1288/4500 [1:13:17<3:34:28,  4.01s/it]
 29%|██▊       | 1289/4500 [1:13:19<3:06:56,  3.49s/it]
 29%|██▊       | 1290/4500 [1:13:21<2:42:32,  3.04s/it]
 29%|██▊       | 1291/4500 [1:13:24<2:31:18,  2.83s/it]
 29%|██▊       | 1292/4500 [1:13:28<2:47:41,  3.14s/it]
 29%|██▊       | 1293/4500 [1:13:30<2:42:07,  3.03s/it]
 29%|██▉       | 1294/4500 [1:13:36<3:31:20,  3.96s/it]
 29%|██▉       | 1295/4500 [1:13:39<3:13:43,  3.63s/it]
 29%|██▉       | 1296/4500 [1:13:43<3:20:30,  3.75s/it]
 29%|██▉       | 1298/4500 [1:13:50<3:15:44,  3.67s/it]
 29%|██▉       | 1299/4500 [1:13:54<3:09:31,  3.55s/it]
 29%|██▉       | 1300/4500 [1:13:56<2:59:01,  3.36s/it]
 29%|██▉       | 1301/4500 [1:13:59<2:46:08,  3.12s/it]
 29%|██▉       | 1302/4500 [1:14:01<2:35:18,  2.91s/it]
 29%|██▉       | 1303/4500 [1:14:05<2:49:10,  3.17s/it]
 29%|██▉       | 1304/4500 [1:14:08<2:39:02,  2.99s/it]
 29%|██▉       | 1305/4500 [1:14:10<2:21:47,  2.66s/it]
 29%|██▉       | 1306/4500 [1:14:13<2:33:49,  2.89s/it]
 29%|██▉       | 1307/4500 [1:14:17<2:51:30,  3.22s/it]
 29%|██▉       | 1308/4500 [1:14:22<3:24:20,  3.84s/it]
 29%|██▉       | 1309/4500 [1:14:28<3:47:36,  4.28s/it]
 29%|██▉       | 1310/4500 [1:14:30<3:17:18,  3.71s/it]
 29%|██▉       | 1311/4500 [1:14:32<2:47:30,  3.15s/it]
 29%|██▉       | 1312/4500 [1:14:34<2:33:18,  2.89s/it]
 29%|██▉       | 1313/4500 [1:14:37<2:26:19,  2.75s/it]
 29%|██▉       | 1314/4500 [1:14:40<2:37:24,  2.96s/it]
 29%|██▉       | 1315/4500 [1:14:44<2:56:55,  3.33s/it]
 29%|██▉       | 1316/4500 [1:14:49<3:22:44,  3.82s/it]
 29%|██▉       | 1317/4500 [1:14:53<3:28:59,  3.94s/it]
 29%|██▉       | 1318/4500 [1:14:56<3:15:21,  3.68s/it]
 29%|██▉       | 1319/4500 [1:15:00<3:06:33,  3.52s/it]
 29%|██▉       | 1320/4500 [1:15:01<2:40:11,  3.02s/it]
 29%|██▉       | 1321/4500 [1:15:04<2:25:32,  2.75s/it]
 29%|██▉       | 1322/4500 [1:15:08<2:49:51,  3.21s/it]
 29%|██▉       | 1323/4500 [1:15:11<2:45:47,  3.13s/it]
 29%|██▉       | 1324/4500 [1:15:15<3:03:24,  3.47s/it]
 29%|██▉       | 1325/4500 [1:15:19<3:17:05,  3.72s/it]
 29%|██▉       | 1326/4500 [1:15:23<3:07:25,  3.54s/it]
 29%|██▉       | 1327/4500 [1:15:28<3:37:35,  4.11s/it]
 30%|██▉       | 1328/4500 [1:15:33<3:45:23,  4.26s/it]
 30%|██▉       | 1329/4500 [1:15:36<3:31:03,  3.99s/it]
 30%|██▉       | 1330/4500 [1:15:39<3:22:46,  3.84s/it]
 30%|██▉       | 1331/4500 [1:15:47<4:25:27,  5.03s/it]
 30%|██▉       | 1332/4500 [1:15:53<4:33:54,  5.19s/it]
 30%|██▉       | 1333/4500 [1:15:55<3:47:17,  4.31s/it]
 30%|██▉       | 1334/4500 [1:15:57<3:10:56,  3.62s/it]
 30%|██▉       | 1335/4500 [1:16:01<3:23:46,  3.86s/it]
 30%|██▉       | 1336/4500 [1:16:07<3:49:11,  4.35s/it]
 30%|██▉       | 1337/4500 [1:16:13<4:14:36,  4.83s/it]
 30%|██▉       | 1338/4500 [1:16:17<4:04:51,  4.65s/it]
 30%|██▉       | 1339/4500 [1:16:21<3:49:49,  4.36s/it]
 30%|██▉       | 1340/4500 [1:16:24<3:29:09,  3.97s/it]
 30%|██▉       | 1341/4500 [1:16:32<4:27:06,  5.07s/it]
 30%|██▉       | 1342/4500 [1:16:40<5:28:27,  6.24s/it]
 30%|██▉       | 1343/4500 [1:16:44<4:52:46,  5.56s/it]
 30%|██▉       | 1344/4500 [1:16:47<4:06:24,  4.68s/it]
 30%|██▉       | 1345/4500 [1:16:49<3:23:02,  3.86s/it]
 30%|██▉       | 1346/4500 [1:16:57<4:26:49,  5.08s/it]
 30%|██▉       | 1347/4500 [1:17:01<4:10:38,  4.77s/it]
 30%|██▉       | 1348/4500 [1:17:06<4:16:26,  4.88s/it]
 30%|██▉       | 1349/4500 [1:17:09<3:47:11,  4.33s/it]
 30%|███       | 1350/4500 [1:17:13<3:39:56,  4.19s/it]
 30%|███       | 1351/4500 [1:17:18<3:54:41,  4.47s/it]
 30%|███       | 1352/4500 [1:17:22<3:41:33,  4.22s/it]
 30%|███       | 1353/4500 [1:17:26<3:47:17,  4.33s/it]
 30%|███       | 1354/4500 [1:17:30<3:36:14,  4.12s/it]
 30%|███       | 1355/4500 [1:17:34<3:26:10,  3.93s/it]
 30%|███       | 1356/4500 [1:17:37<3:11:22,  3.65s/it]
 30%|███       | 1357/4500 [1:17:42<3:38:41,  4.17s/it]
 30%|███       | 1358/4500 [1:17:46<3:37:48,  4.16s/it]
 30%|███       | 1359/4500 [1:17:50<3:34:08,  4.09s/it]
 30%|███       | 1360/4500 [1:17:54<3:38:55,  4.18s/it]
 30%|███       | 1361/4500 [1:18:03<4:43:48,  5.42s/it]
 30%|███       | 1362/4500 [1:18:06<4:13:04,  4.84s/it]
 30%|███       | 1364/4500 [1:18:11<3:19:33,  3.82s/it]
 30%|███       | 1365/4500 [1:18:14<3:08:23,  3.61s/it]
 30%|███       | 1366/4500 [1:18:17<2:55:49,  3.37s/it]
 30%|███       | 1367/4500 [1:18:19<2:39:46,  3.06s/it]
 30%|███       | 1368/4500 [1:18:21<2:25:29,  2.79s/it]
 30%|███       | 1369/4500 [1:18:34<4:49:43,  5.55s/it]
 30%|███       | 1370/4500 [1:18:37<4:14:41,  4.88s/it]
 30%|███       | 1372/4500 [1:18:40<2:49:41,  3.25s/it]
 31%|███       | 1373/4500 [1:18:42<2:38:05,  3.03s/it]
 31%|███       | 1374/4500 [1:18:46<2:54:24,  3.35s/it]
 31%|███       | 1375/4500 [1:18:48<2:37:57,  3.03s/it]
 31%|███       | 1376/4500 [1:18:51<2:29:49,  2.88s/it]
 31%|███       | 1377/4500 [1:18:54<2:31:28,  2.91s/it]
 31%|███       | 1379/4500 [1:18:59<2:22:46,  2.74s/it]
 31%|███       | 1380/4500 [1:19:07<3:32:10,  4.08s/it]
 31%|███       | 1381/4500 [1:19:10<3:18:00,  3.81s/it]
 31%|███       | 1382/4500 [1:19:14<3:15:23,  3.76s/it]
 31%|███       | 1383/4500 [1:19:16<2:51:42,  3.31s/it]
 31%|███       | 1384/4500 [1:19:19<2:50:40,  3.29s/it]
 31%|███       | 1385/4500 [1:19:24<3:19:05,  3.83s/it]
 31%|███       | 1386/4500 [1:19:28<3:19:51,  3.85s/it]
 31%|███       | 1387/4500 [1:19:32<3:15:10,  3.76s/it]
 31%|███       | 1388/4500 [1:19:34<2:51:51,  3.31s/it]
 31%|███       | 1389/4500 [1:19:38<3:03:48,  3.55s/it]
 31%|███       | 1390/4500 [1:19:41<2:53:20,  3.34s/it]
 31%|███       | 1391/4500 [1:19:44<2:42:01,  3.13s/it]
 31%|███       | 1392/4500 [1:19:48<2:53:40,  3.35s/it]
 31%|███       | 1393/4500 [1:19:50<2:45:49,  3.20s/it]
 31%|███       | 1394/4500 [1:19:53<2:35:59,  3.01s/it]
 31%|███       | 1395/4500 [1:19:55<2:19:19,  2.69s/it]
 31%|███       | 1396/4500 [1:19:57<2:15:24,  2.62s/it]
 31%|███       | 1397/4500 [1:20:03<2:55:15,  3.39s/it]
 31%|███       | 1398/4500 [1:20:04<2:29:43,  2.90s/it]
 31%|███       | 1399/4500 [1:20:08<2:35:19,  3.01s/it]
 31%|███       | 1401/4500 [1:20:13<2:22:57,  2.77s/it]
 31%|███       | 1402/4500 [1:20:17<2:43:57,  3.18s/it]
 31%|███       | 1403/4500 [1:20:20<2:46:45,  3.23s/it]
 31%|███       | 1404/4500 [1:20:25<3:02:19,  3.53s/it]
 31%|███       | 1405/4500 [1:20:30<3:25:21,  3.98s/it]
 31%|███       | 1406/4500 [1:20:33<3:18:02,  3.84s/it]
 31%|███▏      | 1407/4500 [1:20:38<3:32:23,  4.12s/it]
 31%|███▏      | 1408/4500 [1:20:41<3:14:35,  3.78s/it]
 31%|███▏      | 1409/4500 [1:20:44<2:59:05,  3.48s/it]
 31%|███▏      | 1410/4500 [1:20:47<2:55:28,  3.41s/it]
 31%|███▏      | 1411/4500 [1:20:50<2:43:49,  3.18s/it]
 31%|███▏      | 1412/4500 [1:20:53<2:42:17,  3.15s/it]
 31%|███▏      | 1413/4500 [1:20:56<2:41:50,  3.15s/it]
 31%|███▏      | 1414/4500 [1:21:05<4:12:17,  4.91s/it]
 31%|███▏      | 1415/4500 [1:21:10<4:07:58,  4.82s/it]
 31%|███▏      | 1416/4500 [1:21:12<3:35:37,  4.20s/it]
 32%|███▏      | 1418/4500 [1:21:17<2:45:32,  3.22s/it]
 32%|███▏      | 1419/4500 [1:21:18<2:28:14,  2.89s/it]
 32%|███▏      | 1420/4500 [1:21:26<3:26:34,  4.02s/it]
 32%|███▏      | 1421/4500 [1:21:27<2:53:40,  3.38s/it]
 32%|███▏      | 1422/4500 [1:21:33<3:24:23,  3.98s/it]
 32%|███▏      | 1423/4500 [1:21:40<4:06:47,  4.81s/it]
 32%|███▏      | 1424/4500 [1:21:44<4:05:17,  4.78s/it]
 32%|███▏      | 1425/4500 [1:21:50<4:09:47,  4.87s/it]
 32%|███▏      | 1426/4500 [1:21:53<3:47:17,  4.44s/it]
 32%|███▏      | 1427/4500 [1:21:55<3:12:26,  3.76s/it]
 32%|███▏      | 1428/4500 [1:21:57<2:47:11,  3.27s/it]
 32%|███▏      | 1429/4500 [1:22:00<2:46:15,  3.25s/it]
 32%|███▏      | 1430/4500 [1:22:05<3:03:51,  3.59s/it]
 32%|███▏      | 1431/4500 [1:22:06<2:33:01,  2.99s/it]
 32%|███▏      | 1432/4500 [1:22:10<2:50:08,  3.33s/it]
 32%|███▏      | 1433/4500 [1:22:14<2:47:15,  3.27s/it]
 32%|███▏      | 1434/4500 [1:22:19<3:16:40,  3.85s/it]
 32%|███▏      | 1435/4500 [1:22:21<2:54:54,  3.42s/it]
 32%|███▏      | 1436/4500 [1:22:25<3:01:12,  3.55s/it]
 32%|███▏      | 1437/4500 [1:22:28<2:43:38,  3.21s/it]
 32%|███▏      | 1438/4500 [1:22:31<2:46:12,  3.26s/it]
 32%|███▏      | 1439/4500 [1:22:34<2:45:55,  3.25s/it]
 32%|███▏      | 1440/4500 [1:22:38<2:49:52,  3.33s/it]
 32%|███▏      | 1441/4500 [1:22:39<2:25:09,  2.85s/it]
 32%|███▏      | 1442/4500 [1:22:42<2:21:48,  2.78s/it]
 32%|███▏      | 1443/4500 [1:22:45<2:24:04,  2.83s/it]
 32%|███▏      | 1444/4500 [1:22:47<2:20:13,  2.75s/it]
 32%|███▏      | 1445/4500 [1:22:55<3:30:18,  4.13s/it]
 32%|███▏      | 1447/4500 [1:22:57<2:24:13,  2.83s/it]
 32%|███▏      | 1448/4500 [1:23:02<2:41:14,  3.17s/it]
 32%|███▏      | 1449/4500 [1:23:06<3:02:02,  3.58s/it]
 32%|███▏      | 1450/4500 [1:23:11<3:09:34,  3.73s/it]
 32%|███▏      | 1451/4500 [1:23:14<3:04:16,  3.63s/it]
 32%|███▏      | 1452/4500 [1:23:16<2:46:33,  3.28s/it]
 32%|███▏      | 1453/4500 [1:23:21<3:00:10,  3.55s/it]
 32%|███▏      | 1454/4500 [1:23:23<2:39:25,  3.14s/it]
 32%|███▏      | 1455/4500 [1:23:25<2:33:50,  3.03s/it]
 32%|███▏      | 1456/4500 [1:23:29<2:48:50,  3.33s/it]
 32%|███▏      | 1457/4500 [1:23:33<2:46:22,  3.28s/it]
 32%|███▏      | 1459/4500 [1:23:35<1:57:39,  2.32s/it]
 32%|███▏      | 1460/4500 [1:23:37<1:59:01,  2.35s/it]
 32%|███▏      | 1461/4500 [1:23:42<2:29:06,  2.94s/it]
 32%|███▏      | 1462/4500 [1:23:47<2:49:51,  3.35s/it]
 33%|███▎      | 1463/4500 [1:23:50<2:48:14,  3.32s/it]
 33%|███▎      | 1464/4500 [1:23:53<2:49:11,  3.34s/it]
 33%|███▎      | 1465/4500 [1:23:56<2:36:15,  3.09s/it]
 33%|███▎      | 1466/4500 [1:24:01<3:14:29,  3.85s/it]
 33%|███▎      | 1467/4500 [1:24:04<2:56:22,  3.49s/it]
 33%|███▎      | 1468/4500 [1:24:05<2:26:14,  2.89s/it]
 33%|███▎      | 1469/4500 [1:24:08<2:21:55,  2.81s/it]
 33%|███▎      | 1470/4500 [1:24:11<2:19:54,  2.77s/it]
 33%|███▎      | 1471/4500 [1:24:16<2:54:47,  3.46s/it]
 33%|███▎      | 1473/4500 [1:24:20<2:23:31,  2.84s/it]
 33%|███▎      | 1474/4500 [1:24:24<2:41:25,  3.20s/it]
 33%|███▎      | 1475/4500 [1:24:28<2:48:07,  3.33s/it]
 33%|███▎      | 1476/4500 [1:24:33<3:04:57,  3.67s/it]
 33%|███▎      | 1477/4500 [1:24:37<3:20:41,  3.98s/it]
 33%|███▎      | 1478/4500 [1:24:43<3:41:33,  4.40s/it]
 33%|███▎      | 1479/4500 [1:24:46<3:28:33,  4.14s/it]
 33%|███▎      | 1480/4500 [1:24:50<3:24:42,  4.07s/it]
 33%|███▎      | 1481/4500 [1:24:53<3:06:38,  3.71s/it]
 33%|███▎      | 1482/4500 [1:24:56<2:49:01,  3.36s/it]
 33%|███▎      | 1483/4500 [1:24:58<2:32:10,  3.03s/it]
 33%|███▎      | 1485/4500 [1:25:02<2:08:26,  2.56s/it]
 33%|███▎      | 1486/4500 [1:25:06<2:21:43,  2.82s/it]
 33%|███▎      | 1487/4500 [1:25:11<3:00:23,  3.59s/it]
 33%|███▎      | 1488/4500 [1:25:15<2:57:57,  3.55s/it]
 33%|███▎      | 1489/4500 [1:25:20<3:15:59,  3.91s/it]
 33%|███▎      | 1490/4500 [1:25:23<3:04:26,  3.68s/it]
 33%|███▎      | 1491/4500 [1:25:25<2:40:15,  3.20s/it]
 33%|███▎      | 1492/4500 [1:25:28<2:48:52,  3.37s/it]
 33%|███▎      | 1493/4500 [1:25:32<2:57:02,  3.53s/it]
 33%|███▎      | 1494/4500 [1:25:36<2:51:03,  3.41s/it]
 33%|███▎      | 1495/4500 [1:25:38<2:43:04,  3.26s/it]
 33%|███▎      | 1496/4500 [1:25:40<2:22:08,  2.84s/it]
 33%|███▎      | 1497/4500 [1:25:42<2:07:43,  2.55s/it]
 33%|███▎      | 1498/4500 [1:25:45<2:19:47,  2.79s/it]
 33%|███▎      | 1499/4500 [1:25:47<1:56:54,  2.34s/it]
 33%|███▎      | 1500/4500 [1:25:49<1:57:02,  2.34s/it]
 33%|███▎      | 1501/4500 [1:25:53<2:27:16,  2.95s/it]
 33%|███▎      | 1502/4500 [1:25:56<2:19:34,  2.79s/it]
 33%|███▎      | 1503/4500 [1:26:04<3:44:37,  4.50s/it]
 33%|███▎      | 1504/4500 [1:26:07<3:16:57,  3.94s/it]
 33%|███▎      | 1505/4500 [1:26:11<3:13:59,  3.89s/it]
 33%|███▎      | 1506/4500 [1:26:14<3:04:26,  3.70s/it]
 33%|███▎      | 1507/4500 [1:26:17<2:49:21,  3.40s/it]
 34%|███▎      | 1508/4500 [1:26:21<3:02:08,  3.65s/it]
 34%|███▎      | 1509/4500 [1:26:24<2:56:30,  3.54s/it]
 34%|███▎      | 1510/4500 [1:26:26<2:31:55,  3.05s/it]
 34%|███▎      | 1511/4500 [1:26:30<2:42:49,  3.27s/it]
 34%|███▎      | 1512/4500 [1:26:34<2:56:51,  3.55s/it]
 34%|███▎      | 1513/4500 [1:26:37<2:41:19,  3.24s/it]
 34%|███▎      | 1514/4500 [1:26:39<2:34:43,  3.11s/it]
 34%|███▎      | 1515/4500 [1:26:45<3:06:47,  3.75s/it]
 34%|███▎      | 1516/4500 [1:26:52<3:55:52,  4.74s/it]
 34%|███▎      | 1517/4500 [1:26:54<3:22:18,  4.07s/it]
 34%|███▎      | 1518/4500 [1:26:58<3:12:24,  3.87s/it]
 34%|███▍      | 1519/4500 [1:27:02<3:18:02,  3.99s/it]
 34%|███▍      | 1520/4500 [1:27:04<2:50:16,  3.43s/it]
 34%|███▍      | 1521/4500 [1:27:07<2:41:53,  3.26s/it]
 34%|███▍      | 1522/4500 [1:27:10<2:44:01,  3.30s/it]
 34%|███▍      | 1523/4500 [1:27:13<2:38:11,  3.19s/it]
 34%|███▍      | 1524/4500 [1:27:16<2:36:09,  3.15s/it]
 34%|███▍      | 1525/4500 [1:27:19<2:32:17,  3.07s/it]
 34%|███▍      | 1526/4500 [1:27:26<3:20:14,  4.04s/it]
 34%|███▍      | 1527/4500 [1:27:31<3:45:03,  4.54s/it]
 34%|███▍      | 1528/4500 [1:27:34<3:22:03,  4.08s/it]
 34%|███▍      | 1529/4500 [1:27:40<3:46:58,  4.58s/it]
 34%|███▍      | 1530/4500 [1:27:43<3:24:06,  4.12s/it]
 34%|███▍      | 1531/4500 [1:27:45<2:55:07,  3.54s/it]
 34%|███▍      | 1532/4500 [1:27:48<2:45:35,  3.35s/it]
 34%|███▍      | 1533/4500 [1:27:51<2:38:57,  3.21s/it]
 34%|███▍      | 1534/4500 [1:27:54<2:35:09,  3.14s/it]
 34%|███▍      | 1535/4500 [1:27:56<2:25:17,  2.94s/it]
 34%|███▍      | 1536/4500 [1:27:59<2:26:01,  2.96s/it]
 34%|███▍      | 1537/4500 [1:28:02<2:25:29,  2.95s/it]
 34%|███▍      | 1538/4500 [1:28:04<1:59:29,  2.42s/it]
 34%|███▍      | 1539/4500 [1:28:06<1:53:44,  2.30s/it]
 34%|███▍      | 1540/4500 [1:28:09<2:06:31,  2.56s/it]
 34%|███▍      | 1541/4500 [1:28:11<2:07:20,  2.58s/it]
 34%|███▍      | 1542/4500 [1:28:15<2:17:50,  2.80s/it]
 34%|███▍      | 1543/4500 [1:28:17<2:12:00,  2.68s/it]
 34%|███▍      | 1544/4500 [1:28:20<2:10:08,  2.64s/it]
 34%|███▍      | 1545/4500 [1:28:22<2:03:11,  2.50s/it]
 34%|███▍      | 1546/4500 [1:28:24<1:57:28,  2.39s/it]
 34%|███▍      | 1547/4500 [1:28:28<2:17:37,  2.80s/it]
 34%|███▍      | 1548/4500 [1:28:30<2:09:57,  2.64s/it]
 34%|███▍      | 1549/4500 [1:28:34<2:29:35,  3.04s/it]
 34%|███▍      | 1550/4500 [1:28:36<2:20:39,  2.86s/it]
 34%|███▍      | 1551/4500 [1:28:38<2:04:51,  2.54s/it]
 34%|███▍      | 1552/4500 [1:28:46<3:16:28,  4.00s/it]
 35%|███▍      | 1553/4500 [1:28:49<3:06:06,  3.79s/it]
 35%|███▍      | 1554/4500 [1:28:52<2:49:03,  3.44s/it]
 35%|███▍      | 1555/4500 [1:28:55<2:44:48,  3.36s/it]
 35%|███▍      | 1556/4500 [1:28:57<2:35:42,  3.17s/it]
 35%|███▍      | 1557/4500 [1:29:02<2:49:28,  3.46s/it]
 35%|███▍      | 1558/4500 [1:29:04<2:33:13,  3.12s/it]
 35%|███▍      | 1559/4500 [1:29:08<2:43:56,  3.34s/it]
 35%|███▍      | 1560/4500 [1:29:12<2:52:13,  3.51s/it]
 35%|███▍      | 1561/4500 [1:29:13<2:25:12,  2.96s/it]
 35%|███▍      | 1562/4500 [1:29:20<3:19:17,  4.07s/it]
 35%|███▍      | 1563/4500 [1:29:22<2:53:47,  3.55s/it]
 35%|███▍      | 1565/4500 [1:29:27<2:21:34,  2.89s/it]
 35%|███▍      | 1566/4500 [1:29:30<2:23:12,  2.93s/it]
 35%|███▍      | 1567/4500 [1:29:32<2:21:53,  2.90s/it]
 35%|███▍      | 1568/4500 [1:29:35<2:15:13,  2.77s/it]
 35%|███▍      | 1569/4500 [1:29:38<2:17:21,  2.81s/it]
 35%|███▍      | 1570/4500 [1:29:41<2:26:56,  3.01s/it]
 35%|███▍      | 1571/4500 [1:29:44<2:17:05,  2.81s/it]
 35%|███▍      | 1572/4500 [1:29:47<2:19:17,  2.85s/it]
 35%|███▍      | 1573/4500 [1:29:50<2:23:07,  2.93s/it]
 35%|███▍      | 1574/4500 [1:29:54<2:46:45,  3.42s/it]
 35%|███▌      | 1575/4500 [1:29:56<2:29:15,  3.06s/it]
 35%|███▌      | 1576/4500 [1:29:59<2:19:51,  2.87s/it]
 35%|███▌      | 1577/4500 [1:30:04<2:48:13,  3.45s/it]
 35%|███▌      | 1578/4500 [1:30:10<3:23:06,  4.17s/it]
 35%|███▌      | 1579/4500 [1:30:13<3:09:52,  3.90s/it]
 35%|███▌      | 1580/4500 [1:30:14<2:32:52,  3.14s/it]
 35%|███▌      | 1581/4500 [1:30:19<2:57:31,  3.65s/it]
 35%|███▌      | 1582/4500 [1:30:21<2:25:47,  3.00s/it]
 35%|███▌      | 1583/4500 [1:30:25<2:43:58,  3.37s/it]
 35%|███▌      | 1584/4500 [1:30:31<3:30:12,  4.33s/it]
 35%|███▌      | 1585/4500 [1:30:37<3:52:08,  4.78s/it]
 35%|███▌      | 1586/4500 [1:30:42<3:58:14,  4.91s/it]
 35%|███▌      | 1587/4500 [1:30:44<3:12:39,  3.97s/it]
 35%|███▌      | 1588/4500 [1:30:47<2:58:40,  3.68s/it]
 35%|███▌      | 1589/4500 [1:30:50<2:40:27,  3.31s/it]
 35%|███▌      | 1590/4500 [1:30:53<2:45:43,  3.42s/it]
 35%|███▌      | 1591/4500 [1:30:57<2:45:43,  3.42s/it]
 35%|███▌      | 1592/4500 [1:31:00<2:43:02,  3.36s/it]
 35%|███▌      | 1593/4500 [1:31:06<3:17:24,  4.07s/it]
 35%|███▌      | 1594/4500 [1:31:08<2:52:30,  3.56s/it]
 35%|███▌      | 1595/4500 [1:31:11<2:46:36,  3.44s/it]
 35%|███▌      | 1596/4500 [1:31:14<2:41:45,  3.34s/it]
 35%|███▌      | 1597/4500 [1:31:24<4:20:07,  5.38s/it]
 36%|███▌      | 1598/4500 [1:31:27<3:42:00,  4.59s/it]
 36%|███▌      | 1599/4500 [1:31:29<3:09:20,  3.92s/it]
 36%|███▌      | 1600/4500 [1:31:33<3:01:57,  3.76s/it]
 36%|███▌      | 1601/4500 [1:31:35<2:39:24,  3.30s/it]
 36%|███▌      | 1602/4500 [1:31:39<2:41:36,  3.35s/it]
 36%|███▌      | 1603/4500 [1:31:42<2:38:30,  3.28s/it]
 36%|███▌      | 1604/4500 [1:31:43<2:04:19,  2.58s/it]
 36%|███▌      | 1606/4500 [1:31:48<2:07:28,  2.64s/it]
 36%|███▌      | 1607/4500 [1:31:49<1:51:49,  2.32s/it]
 36%|███▌      | 1608/4500 [1:31:52<1:50:50,  2.30s/it]
 36%|███▌      | 1609/4500 [1:31:56<2:16:45,  2.84s/it]
 36%|███▌      | 1610/4500 [1:31:59<2:18:05,  2.87s/it]
 36%|███▌      | 1611/4500 [1:32:02<2:24:44,  3.01s/it]
 36%|███▌      | 1612/4500 [1:32:06<2:35:27,  3.23s/it]
 36%|███▌      | 1613/4500 [1:32:10<2:45:43,  3.44s/it]
 36%|███▌      | 1614/4500 [1:32:12<2:27:56,  3.08s/it]
 36%|███▌      | 1615/4500 [1:32:15<2:17:30,  2.86s/it]
 36%|███▌      | 1616/4500 [1:32:17<2:10:28,  2.71s/it]
 36%|███▌      | 1617/4500 [1:32:20<2:14:01,  2.79s/it]
 36%|███▌      | 1618/4500 [1:32:21<1:56:00,  2.42s/it]
 36%|███▌      | 1619/4500 [1:32:23<1:50:18,  2.30s/it]
 36%|███▌      | 1620/4500 [1:32:26<1:58:33,  2.47s/it]
 36%|███▌      | 1621/4500 [1:32:32<2:52:05,  3.59s/it]
 36%|███▌      | 1622/4500 [1:32:38<3:24:22,  4.26s/it]
 36%|███▌      | 1623/4500 [1:32:40<2:53:30,  3.62s/it]
 36%|███▌      | 1624/4500 [1:32:43<2:34:14,  3.22s/it]
 36%|███▌      | 1625/4500 [1:32:46<2:31:00,  3.15s/it]
 36%|███▌      | 1626/4500 [1:32:50<2:42:18,  3.39s/it]
 36%|███▌      | 1627/4500 [1:32:52<2:29:55,  3.13s/it]
 36%|███▌      | 1628/4500 [1:32:55<2:21:30,  2.96s/it]
 36%|███▌      | 1629/4500 [1:32:57<2:06:42,  2.65s/it]
 36%|███▌      | 1630/4500 [1:33:01<2:37:02,  3.28s/it]
 36%|███▌      | 1631/4500 [1:33:04<2:26:38,  3.07s/it]
 36%|███▋      | 1632/4500 [1:33:07<2:25:41,  3.05s/it]
 36%|███▋      | 1633/4500 [1:33:11<2:36:44,  3.28s/it]
 36%|███▋      | 1634/4500 [1:33:15<2:45:24,  3.46s/it]
 36%|███▋      | 1635/4500 [1:33:17<2:28:05,  3.10s/it]
 36%|███▋      | 1636/4500 [1:33:20<2:33:47,  3.22s/it]
 36%|███▋      | 1637/4500 [1:33:26<3:07:23,  3.93s/it]
 36%|███▋      | 1638/4500 [1:33:31<3:16:03,  4.11s/it]
 36%|███▋      | 1639/4500 [1:33:34<3:07:23,  3.93s/it]
 36%|███▋      | 1640/4500 [1:33:36<2:36:39,  3.29s/it]
 36%|███▋      | 1641/4500 [1:33:39<2:28:00,  3.11s/it]
 36%|███▋      | 1642/4500 [1:33:41<2:14:06,  2.82s/it]
 37%|███▋      | 1643/4500 [1:33:42<1:57:38,  2.47s/it]
 37%|███▋      | 1644/4500 [1:33:45<1:53:24,  2.38s/it]
 37%|███▋      | 1645/4500 [1:33:47<1:50:19,  2.32s/it]
 37%|███▋      | 1646/4500 [1:33:53<2:47:13,  3.52s/it]
 37%|███▋      | 1647/4500 [1:33:55<2:31:35,  3.19s/it]
 37%|███▋      | 1648/4500 [1:34:02<3:18:57,  4.19s/it]
 37%|███▋      | 1649/4500 [1:34:04<2:47:28,  3.52s/it]
 37%|███▋      | 1650/4500 [1:34:07<2:38:50,  3.34s/it]
 37%|███▋      | 1652/4500 [1:34:11<2:08:37,  2.71s/it]
 37%|███▋      | 1653/4500 [1:34:14<2:10:44,  2.76s/it]
 37%|███▋      | 1654/4500 [1:34:16<2:04:12,  2.62s/it]
 37%|███▋      | 1655/4500 [1:34:19<2:03:57,  2.61s/it]
 37%|███▋      | 1656/4500 [1:34:22<2:15:52,  2.87s/it]
 37%|███▋      | 1657/4500 [1:34:28<2:53:07,  3.65s/it]
 37%|███▋      | 1658/4500 [1:34:31<2:53:36,  3.67s/it]
 37%|███▋      | 1659/4500 [1:34:34<2:39:15,  3.36s/it]
 37%|███▋      | 1660/4500 [1:34:40<3:10:12,  4.02s/it]
 37%|███▋      | 1661/4500 [1:34:41<2:36:18,  3.30s/it]
 37%|███▋      | 1662/4500 [1:34:49<3:42:13,  4.70s/it]
 37%|███▋      | 1663/4500 [1:34:55<4:04:54,  5.18s/it]
 37%|███▋      | 1664/4500 [1:35:00<4:01:00,  5.10s/it]
 37%|███▋      | 1665/4500 [1:35:03<3:29:52,  4.44s/it]
 37%|███▋      | 1666/4500 [1:35:08<3:37:19,  4.60s/it]
 37%|███▋      | 1667/4500 [1:35:11<3:14:54,  4.13s/it]
 37%|███▋      | 1668/4500 [1:35:15<3:13:33,  4.10s/it]
 37%|███▋      | 1669/4500 [1:35:19<3:01:07,  3.84s/it]
 37%|███▋      | 1670/4500 [1:35:23<3:03:44,  3.90s/it]
 37%|███▋      | 1671/4500 [1:35:28<3:21:02,  4.26s/it]
 37%|███▋      | 1672/4500 [1:35:30<2:47:07,  3.55s/it]
 37%|███▋      | 1673/4500 [1:35:33<2:42:51,  3.46s/it]
 37%|███▋      | 1674/4500 [1:35:37<2:48:42,  3.58s/it]
 37%|███▋      | 1675/4500 [1:35:40<2:43:15,  3.47s/it]
 37%|███▋      | 1676/4500 [1:35:44<2:52:00,  3.65s/it]
 37%|███▋      | 1677/4500 [1:35:48<2:51:06,  3.64s/it]
 37%|███▋      | 1678/4500 [1:35:52<3:00:11,  3.83s/it]
 37%|███▋      | 1679/4500 [1:35:54<2:33:36,  3.27s/it]
 37%|███▋      | 1680/4500 [1:35:58<2:50:08,  3.62s/it]
 37%|███▋      | 1681/4500 [1:36:01<2:41:33,  3.44s/it]
 37%|███▋      | 1682/4500 [1:36:03<2:10:29,  2.78s/it]
 37%|███▋      | 1683/4500 [1:36:05<2:09:44,  2.76s/it]
 37%|███▋      | 1684/4500 [1:36:13<3:17:48,  4.21s/it]
 37%|███▋      | 1685/4500 [1:36:17<3:21:43,  4.30s/it]
 37%|███▋      | 1686/4500 [1:36:20<2:59:49,  3.83s/it]
 37%|███▋      | 1687/4500 [1:36:22<2:29:08,  3.18s/it]
 38%|███▊      | 1688/4500 [1:36:26<2:38:59,  3.39s/it]
 38%|███▊      | 1689/4500 [1:36:29<2:36:19,  3.34s/it]
 38%|███▊      | 1690/4500 [1:36:32<2:27:07,  3.14s/it]
 38%|███▊      | 1691/4500 [1:36:35<2:37:17,  3.36s/it]
 38%|███▊      | 1692/4500 [1:36:37<2:12:15,  2.83s/it]
 38%|███▊      | 1693/4500 [1:36:40<2:16:49,  2.92s/it]
 38%|███▊      | 1694/4500 [1:36:44<2:26:28,  3.13s/it]
 38%|███▊      | 1695/4500 [1:36:50<3:05:25,  3.97s/it]
 38%|███▊      | 1696/4500 [1:36:53<2:52:02,  3.68s/it]
 38%|███▊      | 1697/4500 [1:36:57<3:02:16,  3.90s/it]
 38%|███▊      | 1698/4500 [1:37:01<2:59:13,  3.84s/it]
 38%|███▊      | 1699/4500 [1:37:07<3:34:35,  4.60s/it]
 38%|███▊      | 1700/4500 [1:37:11<3:25:07,  4.40s/it]
 38%|███▊      | 1701/4500 [1:37:13<2:52:59,  3.71s/it]
 38%|███▊      | 1702/4500 [1:37:19<3:22:22,  4.34s/it]
 38%|███▊      | 1703/4500 [1:37:24<3:25:16,  4.40s/it]
 38%|███▊      | 1704/4500 [1:37:27<3:06:06,  3.99s/it]
 38%|███▊      | 1705/4500 [1:37:31<3:16:53,  4.23s/it]
 38%|███▊      | 1706/4500 [1:37:34<2:48:02,  3.61s/it]
 38%|███▊      | 1707/4500 [1:37:35<2:22:10,  3.05s/it]
 38%|███▊      | 1708/4500 [1:37:41<2:53:58,  3.74s/it]
 38%|███▊      | 1709/4500 [1:37:43<2:38:54,  3.42s/it]
 38%|███▊      | 1710/4500 [1:37:46<2:22:21,  3.06s/it]
 38%|███▊      | 1711/4500 [1:37:48<2:18:16,  2.97s/it]
 38%|███▊      | 1712/4500 [1:37:52<2:31:46,  3.27s/it]
 38%|███▊      | 1713/4500 [1:37:56<2:32:05,  3.27s/it]
 38%|███▊      | 1714/4500 [1:37:58<2:21:57,  3.06s/it]
 38%|███▊      | 1715/4500 [1:38:01<2:17:32,  2.96s/it]
 38%|███▊      | 1716/4500 [1:38:04<2:14:29,  2.90s/it]
 38%|███▊      | 1717/4500 [1:38:08<2:32:37,  3.29s/it]
 38%|███▊      | 1718/4500 [1:38:17<3:56:58,  5.11s/it]
 38%|███▊      | 1719/4500 [1:38:22<3:59:08,  5.16s/it]
 38%|███▊      | 1720/4500 [1:38:32<5:02:28,  6.53s/it]
 38%|███▊      | 1721/4500 [1:38:35<4:14:59,  5.51s/it]
 38%|███▊      | 1722/4500 [1:38:39<3:46:18,  4.89s/it]
 38%|███▊      | 1723/4500 [1:38:42<3:19:44,  4.32s/it]
 38%|███▊      | 1724/4500 [1:38:48<3:49:09,  4.95s/it]
 38%|███▊      | 1725/4500 [1:38:50<3:11:01,  4.13s/it]
 38%|███▊      | 1726/4500 [1:38:54<3:09:55,  4.11s/it]
 38%|███▊      | 1727/4500 [1:38:58<3:06:04,  4.03s/it]
 38%|███▊      | 1728/4500 [1:39:01<2:50:26,  3.69s/it]
 38%|███▊      | 1729/4500 [1:39:05<2:49:40,  3.67s/it]
 38%|███▊      | 1730/4500 [1:39:07<2:32:00,  3.29s/it]
 38%|███▊      | 1731/4500 [1:39:09<2:15:38,  2.94s/it]
 38%|███▊      | 1732/4500 [1:39:11<2:04:05,  2.69s/it]
 39%|███▊      | 1733/4500 [1:39:14<2:08:57,  2.80s/it]
 39%|███▊      | 1734/4500 [1:39:17<2:08:37,  2.79s/it]
 39%|███▊      | 1735/4500 [1:39:22<2:33:06,  3.32s/it]
 39%|███▊      | 1736/4500 [1:39:28<3:10:09,  4.13s/it]
 39%|███▊      | 1737/4500 [1:39:31<2:57:50,  3.86s/it]
 39%|███▊      | 1738/4500 [1:39:34<2:43:50,  3.56s/it]
 39%|███▊      | 1739/4500 [1:39:37<2:41:34,  3.51s/it]
 39%|███▊      | 1740/4500 [1:39:41<2:47:43,  3.65s/it]
 39%|███▊      | 1741/4500 [1:39:45<2:42:29,  3.53s/it]
 39%|███▊      | 1742/4500 [1:39:48<2:47:35,  3.65s/it]
 39%|███▊      | 1743/4500 [1:39:51<2:29:10,  3.25s/it]
 39%|███▉      | 1744/4500 [1:39:54<2:23:29,  3.12s/it]
 39%|███▉      | 1745/4500 [1:39:56<2:18:50,  3.02s/it]
 39%|███▉      | 1746/4500 [1:39:59<2:17:51,  3.00s/it]
 39%|███▉      | 1747/4500 [1:40:05<2:48:44,  3.68s/it]
 39%|███▉      | 1748/4500 [1:40:07<2:37:50,  3.44s/it]
 39%|███▉      | 1749/4500 [1:40:12<2:49:53,  3.71s/it]
 39%|███▉      | 1750/4500 [1:40:16<2:51:36,  3.74s/it]
 39%|███▉      | 1751/4500 [1:40:18<2:36:20,  3.41s/it]
 39%|███▉      | 1752/4500 [1:40:22<2:41:16,  3.52s/it]
 39%|███▉      | 1753/4500 [1:40:25<2:33:17,  3.35s/it]
 39%|███▉      | 1754/4500 [1:40:27<2:09:52,  2.84s/it]
 39%|███▉      | 1755/4500 [1:40:30<2:17:02,  3.00s/it]
 39%|███▉      | 1756/4500 [1:40:35<2:48:56,  3.69s/it]
 39%|███▉      | 1757/4500 [1:40:38<2:33:26,  3.36s/it]
 39%|███▉      | 1759/4500 [1:40:41<1:54:21,  2.50s/it]
 39%|███▉      | 1760/4500 [1:40:44<1:57:56,  2.58s/it]
 39%|███▉      | 1761/4500 [1:40:51<2:54:47,  3.83s/it]
 39%|███▉      | 1762/4500 [1:40:57<3:15:24,  4.28s/it]
 39%|███▉      | 1763/4500 [1:41:03<3:42:15,  4.87s/it]
 39%|███▉      | 1764/4500 [1:41:06<3:17:31,  4.33s/it]
 39%|███▉      | 1765/4500 [1:41:10<3:11:50,  4.21s/it]
 39%|███▉      | 1766/4500 [1:41:16<3:38:09,  4.79s/it]
 39%|███▉      | 1767/4500 [1:41:18<3:02:48,  4.01s/it]
 39%|███▉      | 1768/4500 [1:41:24<3:25:12,  4.51s/it]
 39%|███▉      | 1769/4500 [1:41:26<2:58:04,  3.91s/it]
 39%|███▉      | 1770/4500 [1:41:29<2:38:37,  3.49s/it]
 39%|███▉      | 1771/4500 [1:41:34<3:03:13,  4.03s/it]
 39%|███▉      | 1773/4500 [1:41:38<2:19:24,  3.07s/it]
 39%|███▉      | 1774/4500 [1:41:42<2:25:16,  3.20s/it]
 39%|███▉      | 1775/4500 [1:41:45<2:27:00,  3.24s/it]
 39%|███▉      | 1776/4500 [1:41:49<2:30:58,  3.33s/it]
 39%|███▉      | 1777/4500 [1:41:50<2:10:06,  2.87s/it]
 40%|███▉      | 1778/4500 [1:41:52<1:57:22,  2.59s/it]
 40%|███▉      | 1779/4500 [1:41:56<2:13:12,  2.94s/it]
 40%|███▉      | 1780/4500 [1:41:59<2:15:13,  2.98s/it]
 40%|███▉      | 1781/4500 [1:42:01<2:06:13,  2.79s/it]
 40%|███▉      | 1782/4500 [1:42:05<2:18:56,  3.07s/it]
 40%|███▉      | 1783/4500 [1:42:09<2:24:47,  3.20s/it]
 40%|███▉      | 1784/4500 [1:42:11<2:16:18,  3.01s/it]
 40%|███▉      | 1785/4500 [1:42:14<2:18:24,  3.06s/it]
 40%|███▉      | 1786/4500 [1:42:18<2:28:59,  3.29s/it]
 40%|███▉      | 1787/4500 [1:42:22<2:29:53,  3.31s/it]
 40%|███▉      | 1788/4500 [1:42:25<2:32:04,  3.36s/it]
 40%|███▉      | 1789/4500 [1:42:28<2:33:04,  3.39s/it]
 40%|███▉      | 1790/4500 [1:42:32<2:33:12,  3.39s/it]
 40%|███▉      | 1791/4500 [1:42:41<3:46:31,  5.02s/it]
 40%|███▉      | 1792/4500 [1:42:43<3:04:39,  4.09s/it]
 40%|███▉      | 1793/4500 [1:42:50<3:54:09,  5.19s/it]
 40%|███▉      | 1794/4500 [1:42:54<3:30:32,  4.67s/it]
 40%|███▉      | 1795/4500 [1:42:58<3:18:26,  4.40s/it]
 40%|███▉      | 1796/4500 [1:43:00<2:53:12,  3.84s/it]
 40%|███▉      | 1797/4500 [1:43:04<2:53:19,  3.85s/it]
 40%|███▉      | 1798/4500 [1:43:07<2:40:16,  3.56s/it]
 40%|███▉      | 1799/4500 [1:43:11<2:43:45,  3.64s/it]
 40%|████      | 1800/4500 [1:43:16<3:09:50,  4.22s/it]
 40%|████      | 1801/4500 [1:43:19<2:55:32,  3.90s/it]
 40%|████      | 1802/4500 [1:43:27<3:50:28,  5.13s/it]
 40%|████      | 1803/4500 [1:43:35<4:24:04,  5.87s/it]
 40%|████      | 1804/4500 [1:43:39<3:53:14,  5.19s/it]
 40%|████      | 1805/4500 [1:43:43<3:45:53,  5.03s/it]
 40%|████      | 1806/4500 [1:43:46<3:13:50,  4.32s/it]
 40%|████      | 1807/4500 [1:43:49<2:55:49,  3.92s/it]
 40%|████      | 1808/4500 [1:43:53<2:54:12,  3.88s/it]
 40%|████      | 1809/4500 [1:43:58<3:17:53,  4.41s/it]
 40%|████      | 1810/4500 [1:44:02<3:07:30,  4.18s/it]
 40%|████      | 1811/4500 [1:44:06<2:59:38,  4.01s/it]
 40%|████      | 1812/4500 [1:44:10<3:10:27,  4.25s/it]
 40%|████      | 1814/4500 [1:44:14<2:22:39,  3.19s/it]
 40%|████      | 1815/4500 [1:44:16<2:08:16,  2.87s/it]
 40%|████      | 1816/4500 [1:44:20<2:19:13,  3.11s/it]
 40%|████      | 1817/4500 [1:44:24<2:32:56,  3.42s/it]
 40%|████      | 1818/4500 [1:44:27<2:21:39,  3.17s/it]
 40%|████      | 1819/4500 [1:44:32<2:48:16,  3.77s/it]
 40%|████      | 1820/4500 [1:44:36<2:47:09,  3.74s/it]
 40%|████      | 1821/4500 [1:44:41<3:05:30,  4.15s/it]
 40%|████      | 1822/4500 [1:44:48<3:41:32,  4.96s/it]
 41%|████      | 1823/4500 [1:44:50<3:05:50,  4.17s/it]
 41%|████      | 1824/4500 [1:44:54<2:57:49,  3.99s/it]
 41%|████      | 1825/4500 [1:44:56<2:34:30,  3.47s/it]
 41%|████      | 1827/4500 [1:44:58<1:47:37,  2.42s/it]
 41%|████      | 1828/4500 [1:45:00<1:43:31,  2.32s/it]
 41%|████      | 1829/4500 [1:45:07<2:34:04,  3.46s/it]
 41%|████      | 1830/4500 [1:45:10<2:27:33,  3.32s/it]
 41%|████      | 1831/4500 [1:45:13<2:26:19,  3.29s/it]
 41%|████      | 1832/4500 [1:45:17<2:31:46,  3.41s/it]
 41%|████      | 1833/4500 [1:45:25<3:31:06,  4.75s/it]
 41%|████      | 1834/4500 [1:45:28<3:12:18,  4.33s/it]
 41%|████      | 1835/4500 [1:45:31<2:49:46,  3.82s/it]
 41%|████      | 1836/4500 [1:45:35<2:55:45,  3.96s/it]
 41%|████      | 1837/4500 [1:45:39<2:51:17,  3.86s/it]
 41%|████      | 1838/4500 [1:45:44<3:10:47,  4.30s/it]
 41%|████      | 1839/4500 [1:45:50<3:27:54,  4.69s/it]
 41%|████      | 1841/4500 [1:45:57<3:02:52,  4.13s/it]
 41%|████      | 1843/4500 [1:45:58<2:04:49,  2.82s/it]
 41%|████      | 1844/4500 [1:46:00<1:59:36,  2.70s/it]
 41%|████      | 1845/4500 [1:46:03<1:53:39,  2.57s/it]
 41%|████      | 1846/4500 [1:46:04<1:41:11,  2.29s/it]
 41%|████      | 1847/4500 [1:46:06<1:39:02,  2.24s/it]
 41%|████      | 1848/4500 [1:46:09<1:41:18,  2.29s/it]
 41%|████      | 1849/4500 [1:46:16<2:46:39,  3.77s/it]
 41%|████      | 1850/4500 [1:46:18<2:24:03,  3.26s/it]
 41%|████      | 1851/4500 [1:46:21<2:17:52,  3.12s/it]
 41%|████      | 1852/4500 [1:46:23<2:00:39,  2.73s/it]
 41%|████      | 1853/4500 [1:46:24<1:39:28,  2.25s/it]
 41%|████      | 1854/4500 [1:46:26<1:41:05,  2.29s/it]
 41%|████      | 1855/4500 [1:46:28<1:39:21,  2.25s/it]
 41%|████      | 1856/4500 [1:46:31<1:47:26,  2.44s/it]
 41%|████▏     | 1858/4500 [1:46:37<1:53:22,  2.57s/it]
 41%|████▏     | 1859/4500 [1:46:40<1:59:00,  2.70s/it]
 41%|████▏     | 1860/4500 [1:46:42<1:53:19,  2.58s/it]
 41%|████▏     | 1861/4500 [1:46:44<1:44:10,  2.37s/it]
 41%|████▏     | 1862/4500 [1:46:46<1:36:00,  2.18s/it]
 41%|████▏     | 1863/4500 [1:46:49<1:50:43,  2.52s/it]
 41%|████▏     | 1864/4500 [1:46:51<1:44:54,  2.39s/it]
 41%|████▏     | 1865/4500 [1:46:53<1:45:35,  2.40s/it]
 41%|████▏     | 1866/4500 [1:46:57<2:05:10,  2.85s/it]
 41%|████▏     | 1867/4500 [1:46:59<1:46:16,  2.42s/it]
 42%|████▏     | 1868/4500 [1:47:03<2:14:22,  3.06s/it]
 42%|████▏     | 1869/4500 [1:47:10<3:01:10,  4.13s/it]
 42%|████▏     | 1870/4500 [1:47:13<2:43:11,  3.72s/it]
 42%|████▏     | 1871/4500 [1:47:16<2:30:45,  3.44s/it]
 42%|████▏     | 1872/4500 [1:47:18<2:11:59,  3.01s/it]
 42%|████▏     | 1873/4500 [1:47:22<2:32:15,  3.48s/it]
 42%|████▏     | 1874/4500 [1:47:23<2:04:25,  2.84s/it]
 42%|████▏     | 1875/4500 [1:47:27<2:13:21,  3.05s/it]
 42%|████▏     | 1876/4500 [1:47:29<1:59:45,  2.74s/it]
 42%|████▏     | 1877/4500 [1:47:32<2:07:28,  2.92s/it]
 42%|████▏     | 1878/4500 [1:47:37<2:26:27,  3.35s/it]
 42%|████▏     | 1879/4500 [1:47:39<2:12:50,  3.04s/it]
 42%|████▏     | 1880/4500 [1:47:42<2:12:32,  3.04s/it]
 42%|████▏     | 1881/4500 [1:47:44<2:03:20,  2.83s/it]
 42%|████▏     | 1882/4500 [1:47:49<2:29:32,  3.43s/it]
 42%|████▏     | 1883/4500 [1:47:51<2:13:17,  3.06s/it]
 42%|████▏     | 1884/4500 [1:47:55<2:23:36,  3.29s/it]
 42%|████▏     | 1885/4500 [1:47:58<2:19:36,  3.20s/it]
 42%|████▏     | 1886/4500 [1:48:08<3:45:18,  5.17s/it]
 42%|████▏     | 1887/4500 [1:48:11<3:15:40,  4.49s/it]
 42%|████▏     | 1888/4500 [1:48:16<3:22:24,  4.65s/it]
 42%|████▏     | 1889/4500 [1:48:18<2:51:28,  3.94s/it]
 42%|████▏     | 1890/4500 [1:48:22<2:44:14,  3.78s/it]
 42%|████▏     | 1891/4500 [1:48:24<2:27:30,  3.39s/it]
 42%|████▏     | 1892/4500 [1:48:30<2:56:28,  4.06s/it]
 42%|████▏     | 1893/4500 [1:48:33<2:52:08,  3.96s/it]
 42%|████▏     | 1894/4500 [1:48:41<3:39:51,  5.06s/it]
 42%|████▏     | 1895/4500 [1:48:46<3:32:10,  4.89s/it]
 42%|████▏     | 1896/4500 [1:48:48<3:03:28,  4.23s/it]
 42%|████▏     | 1897/4500 [1:48:50<2:33:38,  3.54s/it]
 42%|████▏     | 1898/4500 [1:48:54<2:31:53,  3.50s/it]
 42%|████▏     | 1899/4500 [1:48:57<2:27:33,  3.40s/it]
 42%|████▏     | 1900/4500 [1:49:02<2:55:47,  4.06s/it]
 42%|████▏     | 1901/4500 [1:49:06<2:47:34,  3.87s/it]
 42%|████▏     | 1902/4500 [1:49:10<2:46:49,  3.85s/it]
 42%|████▏     | 1903/4500 [1:49:13<2:39:50,  3.69s/it]
 42%|████▏     | 1904/4500 [1:49:18<2:57:24,  4.10s/it]
 42%|████▏     | 1905/4500 [1:49:20<2:32:43,  3.53s/it]
 42%|████▏     | 1906/4500 [1:49:25<2:43:59,  3.79s/it]
 42%|████▏     | 1907/4500 [1:49:28<2:43:38,  3.79s/it]
 42%|████▏     | 1908/4500 [1:49:32<2:42:59,  3.77s/it]
 42%|████▏     | 1909/4500 [1:49:35<2:31:20,  3.50s/it]
 42%|████▏     | 1910/4500 [1:49:38<2:28:09,  3.43s/it]
 42%|████▏     | 1911/4500 [1:49:44<2:59:40,  4.16s/it]
 42%|████▏     | 1912/4500 [1:49:49<3:06:59,  4.34s/it]
 43%|████▎     | 1913/4500 [1:49:50<2:29:40,  3.47s/it]
 43%|████▎     | 1914/4500 [1:49:53<2:26:08,  3.39s/it]
 43%|████▎     | 1915/4500 [1:49:56<2:11:13,  3.05s/it]
 43%|████▎     | 1916/4500 [1:49:59<2:11:59,  3.06s/it]
 43%|████▎     | 1917/4500 [1:50:03<2:29:19,  3.47s/it]
 43%|████▎     | 1918/4500 [1:50:08<2:49:59,  3.95s/it]
 43%|████▎     | 1919/4500 [1:50:13<3:01:06,  4.21s/it]
 43%|████▎     | 1920/4500 [1:50:16<2:46:12,  3.87s/it]
 43%|████▎     | 1921/4500 [1:50:21<3:03:30,  4.27s/it]
 43%|████▎     | 1922/4500 [1:50:24<2:40:27,  3.73s/it]
 43%|████▎     | 1923/4500 [1:50:31<3:21:05,  4.68s/it]
 43%|████▎     | 1924/4500 [1:50:37<3:37:09,  5.06s/it]
 43%|████▎     | 1926/4500 [1:50:43<2:58:58,  4.17s/it]
 43%|████▎     | 1927/4500 [1:50:48<3:09:17,  4.41s/it]
 43%|████▎     | 1928/4500 [1:50:54<3:24:27,  4.77s/it]
 43%|████▎     | 1929/4500 [1:50:58<3:19:54,  4.67s/it]
 43%|████▎     | 1930/4500 [1:51:02<3:04:57,  4.32s/it]
 43%|████▎     | 1931/4500 [1:51:06<3:01:47,  4.25s/it]
 43%|████▎     | 1932/4500 [1:51:11<3:12:38,  4.50s/it]
 43%|████▎     | 1933/4500 [1:51:12<2:34:41,  3.62s/it]
 43%|████▎     | 1934/4500 [1:51:15<2:23:10,  3.35s/it]
 43%|████▎     | 1935/4500 [1:51:19<2:26:33,  3.43s/it]
 43%|████▎     | 1936/4500 [1:51:25<2:59:49,  4.21s/it]
 43%|████▎     | 1937/4500 [1:51:28<2:45:40,  3.88s/it]
 43%|████▎     | 1938/4500 [1:51:34<3:15:50,  4.59s/it]
 43%|████▎     | 1939/4500 [1:51:38<3:00:32,  4.23s/it]
 43%|████▎     | 1940/4500 [1:51:41<2:48:19,  3.95s/it]
 43%|████▎     | 1941/4500 [1:51:46<3:09:28,  4.44s/it]
 43%|████▎     | 1942/4500 [1:51:50<3:00:51,  4.24s/it]
 43%|████▎     | 1943/4500 [1:51:53<2:45:43,  3.89s/it]
 43%|████▎     | 1944/4500 [1:52:03<3:59:00,  5.61s/it]
 43%|████▎     | 1945/4500 [1:52:05<3:08:18,  4.42s/it]
 43%|████▎     | 1946/4500 [1:52:09<3:08:33,  4.43s/it]
 43%|████▎     | 1947/4500 [1:52:12<2:45:13,  3.88s/it]
 43%|████▎     | 1948/4500 [1:52:14<2:27:12,  3.46s/it]
 43%|████▎     | 1949/4500 [1:52:17<2:18:56,  3.27s/it]
 43%|████▎     | 1950/4500 [1:52:26<3:29:06,  4.92s/it]
 43%|████▎     | 1951/4500 [1:52:28<2:58:29,  4.20s/it]
 43%|████▎     | 1953/4500 [1:52:32<2:09:37,  3.05s/it]
 43%|████▎     | 1954/4500 [1:52:35<2:11:57,  3.11s/it]
 43%|████▎     | 1955/4500 [1:52:37<2:05:15,  2.95s/it]
 43%|████▎     | 1956/4500 [1:52:41<2:07:38,  3.01s/it]
 43%|████▎     | 1957/4500 [1:52:50<3:20:50,  4.74s/it]
 44%|████▎     | 1958/4500 [1:52:57<3:51:33,  5.47s/it]
 44%|████▎     | 1959/4500 [1:53:02<3:40:11,  5.20s/it]
 44%|████▎     | 1960/4500 [1:53:06<3:25:54,  4.86s/it]
 44%|████▎     | 1961/4500 [1:53:08<2:52:09,  4.07s/it]
 44%|████▎     | 1962/4500 [1:53:12<2:57:28,  4.20s/it]
 44%|████▎     | 1963/4500 [1:53:17<3:03:22,  4.34s/it]
 44%|████▎     | 1964/4500 [1:53:21<3:01:10,  4.29s/it]
 44%|████▎     | 1965/4500 [1:53:26<3:08:52,  4.47s/it]
 44%|████▎     | 1966/4500 [1:53:30<3:06:52,  4.42s/it]
 44%|████▎     | 1967/4500 [1:53:36<3:16:54,  4.66s/it]
 44%|████▎     | 1968/4500 [1:53:39<3:04:07,  4.36s/it]
 44%|████▍     | 1971/4500 [1:53:47<2:25:30,  3.45s/it]
 44%|████▍     | 1972/4500 [1:53:51<2:26:55,  3.49s/it]
 44%|████▍     | 1973/4500 [1:53:57<2:53:21,  4.12s/it]
 44%|████▍     | 1974/4500 [1:54:01<2:44:12,  3.90s/it]
 44%|████▍     | 1976/4500 [1:54:04<2:09:22,  3.08s/it]
 44%|████▍     | 1977/4500 [1:54:07<2:08:10,  3.05s/it]
 44%|████▍     | 1978/4500 [1:54:11<2:11:05,  3.12s/it]
 44%|████▍     | 1979/4500 [1:54:14<2:13:58,  3.19s/it]
 44%|████▍     | 1980/4500 [1:54:17<2:15:08,  3.22s/it]
 44%|████▍     | 1981/4500 [1:54:21<2:17:28,  3.27s/it]
 44%|████▍     | 1982/4500 [1:54:24<2:17:14,  3.27s/it]
 44%|████▍     | 1983/4500 [1:54:27<2:19:07,  3.32s/it]
 44%|████▍     | 1984/4500 [1:54:30<2:13:11,  3.18s/it]
 44%|████▍     | 1985/4500 [1:54:39<3:24:43,  4.88s/it]
 44%|████▍     | 1986/4500 [1:54:46<3:43:31,  5.33s/it]
 44%|████▍     | 1987/4500 [1:54:53<4:05:41,  5.87s/it]
 44%|████▍     | 1988/4500 [1:54:56<3:31:52,  5.06s/it]
 44%|████▍     | 1989/4500 [1:54:58<2:59:10,  4.28s/it]
 44%|████▍     | 1990/4500 [1:55:01<2:33:56,  3.68s/it]
 44%|████▍     | 1991/4500 [1:55:04<2:32:25,  3.64s/it]
 44%|████▍     | 1992/4500 [1:55:09<2:52:16,  4.12s/it]
 44%|████▍     | 1993/4500 [1:55:12<2:28:30,  3.55s/it]
 44%|████▍     | 1995/4500 [1:55:20<2:39:05,  3.81s/it]
 44%|████▍     | 1996/4500 [1:55:23<2:29:39,  3.59s/it]
 44%|████▍     | 1997/4500 [1:55:26<2:26:39,  3.52s/it]
 44%|████▍     | 1998/4500 [1:55:30<2:32:10,  3.65s/it]
 44%|████▍     | 1999/4500 [1:55:39<3:27:23,  4.98s/it]
 44%|████▍     | 2000/4500 [1:55:43<3:22:06,  4.85s/it]
 44%|████▍     | 2001/4500 [1:55:47<3:10:19,  4.57s/it]
 44%|████▍     | 2002/4500 [1:55:50<2:53:16,  4.16s/it]
 45%|████▍     | 2003/4500 [1:55:54<2:46:12,  3.99s/it]
 45%|████▍     | 2004/4500 [1:55:58<2:45:53,  3.99s/it]
 45%|████▍     | 2005/4500 [1:56:01<2:35:23,  3.74s/it]
 45%|████▍     | 2006/4500 [1:56:08<3:18:22,  4.77s/it]
 45%|████▍     | 2008/4500 [1:56:13<2:29:33,  3.60s/it]
 45%|████▍     | 2009/4500 [1:56:16<2:24:21,  3.48s/it]
 45%|████▍     | 2011/4500 [1:56:19<1:52:30,  2.71s/it]
 45%|████▍     | 2012/4500 [1:56:23<2:05:30,  3.03s/it]
 45%|████▍     | 2013/4500 [1:56:26<2:08:03,  3.09s/it]
 45%|████▍     | 2014/4500 [1:56:32<2:37:26,  3.80s/it]
 45%|████▍     | 2015/4500 [1:56:36<2:37:28,  3.80s/it]
 45%|████▍     | 2016/4500 [1:56:40<2:43:37,  3.95s/it]
 45%|████▍     | 2017/4500 [1:56:44<2:36:48,  3.79s/it]
 45%|████▍     | 2018/4500 [1:56:52<3:35:24,  5.21s/it]
 45%|████▍     | 2019/4500 [1:56:55<3:06:01,  4.50s/it]
 45%|████▍     | 2020/4500 [1:56:58<2:52:55,  4.18s/it]
 45%|████▍     | 2021/4500 [1:57:01<2:35:01,  3.75s/it]
 45%|████▍     | 2022/4500 [1:57:05<2:35:25,  3.76s/it]
 45%|████▍     | 2023/4500 [1:57:10<2:49:51,  4.11s/it]
 45%|████▍     | 2024/4500 [1:57:13<2:36:00,  3.78s/it]
 45%|████▌     | 2025/4500 [1:57:16<2:21:04,  3.42s/it]
 45%|████▌     | 2026/4500 [1:57:23<3:06:51,  4.53s/it]
 45%|████▌     | 2027/4500 [1:57:26<2:49:36,  4.12s/it]
 45%|████▌     | 2028/4500 [1:57:29<2:34:28,  3.75s/it]
 45%|████▌     | 2029/4500 [1:57:31<2:16:16,  3.31s/it]
 45%|████▌     | 2030/4500 [1:57:34<2:08:39,  3.13s/it]
 45%|████▌     | 2031/4500 [1:57:35<1:48:26,  2.64s/it]
 45%|████▌     | 2032/4500 [1:57:40<2:10:08,  3.16s/it]
 45%|████▌     | 2033/4500 [1:57:43<2:15:13,  3.29s/it]
 45%|████▌     | 2034/4500 [1:57:45<2:03:27,  3.00s/it]
 45%|████▌     | 2035/4500 [1:57:49<2:11:44,  3.21s/it]
 45%|████▌     | 2036/4500 [1:57:53<2:15:44,  3.31s/it]
 45%|████▌     | 2037/4500 [1:57:58<2:42:43,  3.96s/it]
 45%|████▌     | 2038/4500 [1:58:00<2:20:39,  3.43s/it]
 45%|████▌     | 2039/4500 [1:58:03<2:11:36,  3.21s/it]
 45%|████▌     | 2041/4500 [1:58:06<1:38:07,  2.39s/it]
 45%|████▌     | 2042/4500 [1:58:11<1:59:57,  2.93s/it]
 45%|████▌     | 2043/4500 [1:58:17<2:33:58,  3.76s/it]
 45%|████▌     | 2044/4500 [1:58:19<2:23:27,  3.50s/it]
 45%|████▌     | 2045/4500 [1:58:25<2:42:19,  3.97s/it]
 45%|████▌     | 2046/4500 [1:58:28<2:32:20,  3.72s/it]
 45%|████▌     | 2047/4500 [1:58:30<2:14:51,  3.30s/it]
 46%|████▌     | 2048/4500 [1:58:34<2:26:09,  3.58s/it]
 46%|████▌     | 2049/4500 [1:58:38<2:25:11,  3.55s/it]
 46%|████▌     | 2050/4500 [1:58:39<1:57:06,  2.87s/it]
 46%|████▌     | 2052/4500 [1:58:45<2:01:10,  2.97s/it]
 46%|████▌     | 2053/4500 [1:58:50<2:22:21,  3.49s/it]
 46%|████▌     | 2054/4500 [1:58:53<2:16:44,  3.35s/it]
 46%|████▌     | 2055/4500 [1:58:58<2:32:44,  3.75s/it]
 46%|████▌     | 2056/4500 [1:59:00<2:14:00,  3.29s/it]
 46%|████▌     | 2057/4500 [1:59:06<2:39:19,  3.91s/it]
 46%|████▌     | 2058/4500 [1:59:07<2:14:19,  3.30s/it]
 46%|████▌     | 2060/4500 [1:59:11<1:44:12,  2.56s/it]
 46%|████▌     | 2061/4500 [1:59:13<1:46:28,  2.62s/it]
 46%|████▌     | 2062/4500 [1:59:19<2:13:10,  3.28s/it]
 46%|████▌     | 2063/4500 [1:59:26<2:54:13,  4.29s/it]
 46%|████▌     | 2065/4500 [1:59:33<2:44:15,  4.05s/it]
 46%|████▌     | 2066/4500 [1:59:36<2:34:31,  3.81s/it]
 46%|████▌     | 2067/4500 [1:59:40<2:36:15,  3.85s/it]
 46%|████▌     | 2068/4500 [1:59:45<2:47:57,  4.14s/it]
 46%|████▌     | 2069/4500 [1:59:48<2:32:17,  3.76s/it]
 46%|████▌     | 2070/4500 [1:59:52<2:31:41,  3.75s/it]
 46%|████▌     | 2071/4500 [1:59:56<2:37:37,  3.89s/it]
 46%|████▌     | 2072/4500 [2:00:01<2:47:58,  4.15s/it]
 46%|████▌     | 2073/4500 [2:00:06<3:01:59,  4.50s/it]
 46%|████▌     | 2074/4500 [2:00:11<3:10:24,  4.71s/it]
 46%|████▌     | 2075/4500 [2:00:14<2:47:13,  4.14s/it]
 46%|████▌     | 2076/4500 [2:00:17<2:29:36,  3.70s/it]
 46%|████▌     | 2077/4500 [2:00:22<2:55:06,  4.34s/it]
 46%|████▌     | 2078/4500 [2:00:28<3:06:17,  4.62s/it]
 46%|████▌     | 2080/4500 [2:00:35<2:51:09,  4.24s/it]
 46%|████▌     | 2081/4500 [2:00:39<2:43:13,  4.05s/it]
 46%|████▋     | 2082/4500 [2:00:44<2:56:13,  4.37s/it]
 46%|████▋     | 2083/4500 [2:00:47<2:41:20,  4.01s/it]
 46%|████▋     | 2084/4500 [2:00:54<3:10:10,  4.72s/it]
 46%|████▋     | 2085/4500 [2:00:57<2:54:47,  4.34s/it]
 46%|████▋     | 2086/4500 [2:01:00<2:36:34,  3.89s/it]
 46%|████▋     | 2087/4500 [2:01:04<2:37:54,  3.93s/it]
 46%|████▋     | 2088/4500 [2:01:08<2:37:45,  3.92s/it]
 46%|████▋     | 2089/4500 [2:01:11<2:26:34,  3.65s/it]
 46%|████▋     | 2090/4500 [2:01:13<2:11:47,  3.28s/it]
 46%|████▋     | 2091/4500 [2:01:17<2:21:23,  3.52s/it]
 46%|████▋     | 2092/4500 [2:01:21<2:18:04,  3.44s/it]
 47%|████▋     | 2093/4500 [2:01:23<2:07:18,  3.17s/it]
 47%|████▋     | 2094/4500 [2:01:28<2:22:35,  3.56s/it]
 47%|████▋     | 2095/4500 [2:01:31<2:21:32,  3.53s/it]
 47%|████▋     | 2096/4500 [2:01:33<2:08:05,  3.20s/it]
 47%|████▋     | 2097/4500 [2:01:36<2:01:11,  3.03s/it]
 47%|████▋     | 2099/4500 [2:01:43<2:13:12,  3.33s/it]
 47%|████▋     | 2100/4500 [2:01:46<2:07:30,  3.19s/it]
 47%|████▋     | 2101/4500 [2:01:50<2:14:12,  3.36s/it]
 47%|████▋     | 2103/4500 [2:01:54<1:50:10,  2.76s/it]
 47%|████▋     | 2104/4500 [2:01:56<1:46:48,  2.67s/it]
 47%|████▋     | 2105/4500 [2:01:59<1:48:37,  2.72s/it]
 47%|████▋     | 2106/4500 [2:02:00<1:33:48,  2.35s/it]
 47%|████▋     | 2107/4500 [2:02:05<2:00:55,  3.03s/it]
 47%|████▋     | 2108/4500 [2:02:10<2:14:39,  3.38s/it]
 47%|████▋     | 2109/4500 [2:02:13<2:14:55,  3.39s/it]
 47%|████▋     | 2110/4500 [2:02:22<3:24:22,  5.13s/it]
 47%|████▋     | 2111/4500 [2:02:27<3:20:32,  5.04s/it]
 47%|████▋     | 2112/4500 [2:02:30<2:56:59,  4.45s/it]
 47%|████▋     | 2113/4500 [2:02:34<2:51:50,  4.32s/it]
 47%|████▋     | 2114/4500 [2:02:41<3:21:05,  5.06s/it]
 47%|████▋     | 2115/4500 [2:02:42<2:36:37,  3.94s/it]
 47%|████▋     | 2116/4500 [2:02:46<2:34:07,  3.88s/it]
 47%|████▋     | 2117/4500 [2:02:50<2:34:19,  3.89s/it]
 47%|████▋     | 2118/4500 [2:02:54<2:40:15,  4.04s/it]
 47%|████▋     | 2119/4500 [2:03:03<3:30:01,  5.29s/it]
 47%|████▋     | 2120/4500 [2:03:05<2:59:31,  4.53s/it]
 47%|████▋     | 2121/4500 [2:03:10<2:58:02,  4.49s/it]
 47%|████▋     | 2122/4500 [2:03:14<2:49:32,  4.28s/it]
 47%|████▋     | 2123/4500 [2:03:19<3:06:04,  4.70s/it]
 47%|████▋     | 2124/4500 [2:03:26<3:25:21,  5.19s/it]
 47%|████▋     | 2125/4500 [2:03:31<3:24:18,  5.16s/it]
 47%|████▋     | 2126/4500 [2:03:33<2:56:21,  4.46s/it]
 47%|████▋     | 2127/4500 [2:03:37<2:50:18,  4.31s/it]
 47%|████▋     | 2128/4500 [2:03:41<2:46:35,  4.21s/it]
 47%|████▋     | 2129/4500 [2:03:44<2:31:23,  3.83s/it]
 47%|████▋     | 2130/4500 [2:03:48<2:25:26,  3.68s/it]
 47%|████▋     | 2132/4500 [2:03:53<2:03:57,  3.14s/it]
 47%|████▋     | 2133/4500 [2:03:56<2:08:29,  3.26s/it]
 47%|████▋     | 2134/4500 [2:04:01<2:19:25,  3.54s/it]
 47%|████▋     | 2135/4500 [2:04:08<3:00:38,  4.58s/it]
 47%|████▋     | 2136/4500 [2:04:11<2:41:35,  4.10s/it]
 47%|████▋     | 2137/4500 [2:04:16<2:51:36,  4.36s/it]
 48%|████▊     | 2138/4500 [2:04:19<2:36:31,  3.98s/it]
 48%|████▊     | 2139/4500 [2:04:24<2:49:14,  4.30s/it]
 48%|████▊     | 2140/4500 [2:04:27<2:36:59,  3.99s/it]
 48%|████▊     | 2141/4500 [2:04:31<2:37:28,  4.01s/it]
 48%|████▊     | 2142/4500 [2:04:36<2:44:07,  4.18s/it]
 48%|████▊     | 2143/4500 [2:04:39<2:30:55,  3.84s/it]
 48%|████▊     | 2144/4500 [2:04:47<3:15:47,  4.99s/it]
 48%|████▊     | 2145/4500 [2:04:49<2:40:32,  4.09s/it]
 48%|████▊     | 2146/4500 [2:04:50<2:08:48,  3.28s/it]
 48%|████▊     | 2147/4500 [2:04:58<2:58:39,  4.56s/it]
 48%|████▊     | 2148/4500 [2:05:01<2:46:19,  4.24s/it]
 48%|████▊     | 2149/4500 [2:05:04<2:30:01,  3.83s/it]
 48%|████▊     | 2150/4500 [2:05:06<2:12:34,  3.38s/it]
 48%|████▊     | 2151/4500 [2:05:10<2:18:01,  3.53s/it]
 48%|████▊     | 2152/4500 [2:05:12<2:01:45,  3.11s/it]
 48%|████▊     | 2153/4500 [2:05:14<1:50:08,  2.82s/it]
 48%|████▊     | 2154/4500 [2:05:16<1:40:59,  2.58s/it]
 48%|████▊     | 2155/4500 [2:05:22<2:18:35,  3.55s/it]
 48%|████▊     | 2156/4500 [2:05:28<2:47:02,  4.28s/it]
 48%|████▊     | 2157/4500 [2:05:31<2:29:52,  3.84s/it]
 48%|████▊     | 2158/4500 [2:05:33<2:10:47,  3.35s/it]
 48%|████▊     | 2159/4500 [2:05:36<1:59:57,  3.07s/it]
 48%|████▊     | 2160/4500 [2:05:38<1:48:05,  2.77s/it]
 48%|████▊     | 2162/4500 [2:05:40<1:17:52,  2.00s/it]
 48%|████▊     | 2163/4500 [2:05:44<1:33:37,  2.40s/it]
 48%|████▊     | 2164/4500 [2:05:46<1:32:15,  2.37s/it]
 48%|████▊     | 2165/4500 [2:05:53<2:19:50,  3.59s/it]
 48%|████▊     | 2166/4500 [2:05:55<2:03:48,  3.18s/it]
 48%|████▊     | 2167/4500 [2:05:58<2:04:32,  3.20s/it]
 48%|████▊     | 2168/4500 [2:06:01<2:03:19,  3.17s/it]
 48%|████▊     | 2169/4500 [2:06:05<2:15:17,  3.48s/it]
 48%|████▊     | 2170/4500 [2:06:09<2:14:53,  3.47s/it]
 48%|████▊     | 2171/4500 [2:06:11<2:03:27,  3.18s/it]
 48%|████▊     | 2172/4500 [2:06:14<1:56:47,  3.01s/it]
 48%|████▊     | 2173/4500 [2:06:21<2:43:33,  4.22s/it]
 48%|████▊     | 2174/4500 [2:06:24<2:24:53,  3.74s/it]
 48%|████▊     | 2175/4500 [2:06:27<2:25:59,  3.77s/it]
 48%|████▊     | 2176/4500 [2:06:30<2:08:55,  3.33s/it]
 48%|████▊     | 2177/4500 [2:06:34<2:24:15,  3.73s/it]
 48%|████▊     | 2178/4500 [2:06:42<3:06:09,  4.81s/it]
 48%|████▊     | 2179/4500 [2:06:44<2:37:26,  4.07s/it]
 48%|████▊     | 2180/4500 [2:06:50<3:02:49,  4.73s/it]
 48%|████▊     | 2181/4500 [2:06:59<3:48:26,  5.91s/it]
 48%|████▊     | 2182/4500 [2:07:02<3:17:17,  5.11s/it]
 49%|████▊     | 2184/4500 [2:07:07<2:31:14,  3.92s/it]
 49%|████▊     | 2185/4500 [2:07:10<2:21:38,  3.67s/it]
 49%|████▊     | 2186/4500 [2:07:14<2:22:10,  3.69s/it]
 49%|████▊     | 2187/4500 [2:07:18<2:29:53,  3.89s/it]
 49%|████▊     | 2188/4500 [2:07:26<3:07:14,  4.86s/it]
 49%|████▊     | 2189/4500 [2:07:28<2:43:38,  4.25s/it]
 49%|████▊     | 2190/4500 [2:07:30<2:08:26,  3.34s/it]
 49%|████▊     | 2191/4500 [2:07:33<2:04:12,  3.23s/it]
 49%|████▊     | 2192/4500 [2:07:35<1:57:36,  3.06s/it]
 49%|████▊     | 2193/4500 [2:07:40<2:12:29,  3.45s/it]
 49%|████▉     | 2194/4500 [2:07:42<2:04:35,  3.24s/it]
 49%|████▉     | 2195/4500 [2:07:45<1:55:29,  3.01s/it]
 49%|████▉     | 2196/4500 [2:07:48<1:55:37,  3.01s/it]
 49%|████▉     | 2197/4500 [2:07:54<2:32:05,  3.96s/it]
 49%|████▉     | 2198/4500 [2:07:58<2:38:08,  4.12s/it]
 49%|████▉     | 2199/4500 [2:08:02<2:34:36,  4.03s/it]
 49%|████▉     | 2200/4500 [2:08:05<2:22:11,  3.71s/it]
 49%|████▉     | 2201/4500 [2:08:08<2:11:46,  3.44s/it]
 49%|████▉     | 2202/4500 [2:08:13<2:25:43,  3.80s/it]
 49%|████▉     | 2204/4500 [2:08:16<1:44:44,  2.74s/it]
 49%|████▉     | 2205/4500 [2:08:19<1:47:08,  2.80s/it]
 49%|████▉     | 2206/4500 [2:08:21<1:43:09,  2.70s/it]
 49%|████▉     | 2207/4500 [2:08:24<1:43:51,  2.72s/it]
 49%|████▉     | 2208/4500 [2:08:28<1:58:32,  3.10s/it]
 49%|████▉     | 2209/4500 [2:08:31<2:01:53,  3.19s/it]
 49%|████▉     | 2210/4500 [2:08:34<1:53:43,  2.98s/it]
 49%|████▉     | 2211/4500 [2:08:37<1:52:48,  2.96s/it]
 49%|████▉     | 2212/4500 [2:08:39<1:45:31,  2.77s/it]
 49%|████▉     | 2213/4500 [2:08:45<2:19:58,  3.67s/it]
 49%|████▉     | 2214/4500 [2:08:48<2:18:45,  3.64s/it]
 49%|████▉     | 2216/4500 [2:08:52<1:49:18,  2.87s/it]
 49%|████▉     | 2217/4500 [2:08:56<1:55:18,  3.03s/it]
 49%|████▉     | 2218/4500 [2:08:59<1:51:32,  2.93s/it]
 49%|████▉     | 2219/4500 [2:09:02<1:53:31,  2.99s/it]
 49%|████▉     | 2220/4500 [2:09:06<2:02:21,  3.22s/it]
 49%|████▉     | 2221/4500 [2:09:10<2:13:05,  3.50s/it]
 49%|████▉     | 2222/4500 [2:09:14<2:17:33,  3.62s/it]
 49%|████▉     | 2223/4500 [2:09:17<2:13:08,  3.51s/it]
 49%|████▉     | 2224/4500 [2:09:21<2:24:19,  3.80s/it]
 49%|████▉     | 2225/4500 [2:09:25<2:22:07,  3.75s/it]
 49%|████▉     | 2226/4500 [2:09:28<2:17:06,  3.62s/it]
 49%|████▉     | 2227/4500 [2:09:31<2:06:08,  3.33s/it]
 50%|████▉     | 2228/4500 [2:09:34<2:08:26,  3.39s/it]
 50%|████▉     | 2229/4500 [2:09:37<1:57:50,  3.11s/it]
 50%|████▉     | 2230/4500 [2:09:40<2:00:42,  3.19s/it]
 50%|████▉     | 2231/4500 [2:09:45<2:13:03,  3.52s/it]
 50%|████▉     | 2232/4500 [2:09:49<2:20:06,  3.71s/it]
 50%|████▉     | 2233/4500 [2:09:53<2:24:19,  3.82s/it]
 50%|████▉     | 2234/4500 [2:09:56<2:19:01,  3.68s/it]
 50%|████▉     | 2235/4500 [2:10:03<2:51:27,  4.54s/it]
 50%|████▉     | 2236/4500 [2:10:05<2:23:15,  3.80s/it]
 50%|████▉     | 2237/4500 [2:10:08<2:13:56,  3.55s/it]
 50%|████▉     | 2238/4500 [2:10:11<2:11:42,  3.49s/it]
 50%|████▉     | 2239/4500 [2:10:14<2:02:08,  3.24s/it]
 50%|████▉     | 2240/4500 [2:10:17<1:56:58,  3.11s/it]
 50%|████▉     | 2241/4500 [2:10:21<2:13:05,  3.54s/it]
 50%|████▉     | 2242/4500 [2:10:23<1:58:56,  3.16s/it]
 50%|████▉     | 2243/4500 [2:10:28<2:16:04,  3.62s/it]
 50%|████▉     | 2245/4500 [2:10:32<1:49:42,  2.92s/it]
 50%|████▉     | 2247/4500 [2:10:36<1:35:56,  2.55s/it]
 50%|████▉     | 2248/4500 [2:10:39<1:40:07,  2.67s/it]
 50%|████▉     | 2249/4500 [2:10:42<1:36:17,  2.57s/it]
 50%|█████     | 2250/4500 [2:10:46<1:55:29,  3.08s/it]
 50%|█████     | 2251/4500 [2:10:57<3:15:46,  5.22s/it]
 50%|█████     | 2252/4500 [2:11:01<2:55:40,  4.69s/it]
 50%|█████     | 2253/4500 [2:11:04<2:42:16,  4.33s/it]
 50%|█████     | 2254/4500 [2:11:08<2:35:58,  4.17s/it]
 50%|█████     | 2255/4500 [2:11:11<2:26:23,  3.91s/it]
 50%|█████     | 2256/4500 [2:11:21<3:34:59,  5.75s/it]
 50%|█████     | 2257/4500 [2:11:25<3:17:58,  5.30s/it]
 50%|█████     | 2258/4500 [2:11:31<3:26:03,  5.51s/it]
 50%|█████     | 2259/4500 [2:11:34<2:56:14,  4.72s/it]
 50%|█████     | 2261/4500 [2:11:37<1:54:18,  3.06s/it]
 50%|█████     | 2262/4500 [2:11:40<2:00:07,  3.22s/it]
 50%|█████     | 2263/4500 [2:11:43<1:51:08,  2.98s/it]
 50%|█████     | 2264/4500 [2:11:46<1:56:20,  3.12s/it]
 50%|█████     | 2265/4500 [2:11:48<1:47:57,  2.90s/it]
 50%|█████     | 2266/4500 [2:11:50<1:38:31,  2.65s/it]
 50%|█████     | 2267/4500 [2:11:56<2:12:59,  3.57s/it]
 50%|█████     | 2268/4500 [2:12:00<2:11:34,  3.54s/it]
 50%|█████     | 2269/4500 [2:12:03<2:03:32,  3.32s/it]
 50%|█████     | 2270/4500 [2:12:05<1:53:44,  3.06s/it]
 50%|█████     | 2271/4500 [2:12:07<1:43:07,  2.78s/it]
 51%|█████     | 2273/4500 [2:12:10<1:22:59,  2.24s/it]
 51%|█████     | 2274/4500 [2:12:12<1:15:13,  2.03s/it]
 51%|█████     | 2275/4500 [2:12:14<1:14:03,  2.00s/it]
 51%|█████     | 2276/4500 [2:12:17<1:31:29,  2.47s/it]
 51%|█████     | 2277/4500 [2:12:20<1:32:09,  2.49s/it]
 51%|█████     | 2278/4500 [2:12:24<1:47:39,  2.91s/it]
 51%|█████     | 2279/4500 [2:12:29<2:08:19,  3.47s/it]
 51%|█████     | 2280/4500 [2:12:31<2:00:04,  3.25s/it]
 51%|█████     | 2281/4500 [2:12:35<2:01:00,  3.27s/it]
 51%|█████     | 2282/4500 [2:12:40<2:24:15,  3.90s/it]
 51%|█████     | 2283/4500 [2:12:43<2:12:49,  3.59s/it]
 51%|█████     | 2284/4500 [2:12:51<2:57:19,  4.80s/it]
 51%|█████     | 2285/4500 [2:12:54<2:43:06,  4.42s/it]
 51%|█████     | 2286/4500 [2:12:58<2:40:30,  4.35s/it]
 51%|█████     | 2287/4500 [2:13:00<2:14:17,  3.64s/it]
 51%|█████     | 2288/4500 [2:13:03<2:08:14,  3.48s/it]
 51%|█████     | 2289/4500 [2:13:10<2:46:49,  4.53s/it]
 51%|█████     | 2290/4500 [2:13:12<2:16:11,  3.70s/it]
 51%|█████     | 2291/4500 [2:13:16<2:14:33,  3.65s/it]
 51%|█████     | 2292/4500 [2:13:21<2:31:54,  4.13s/it]
 51%|█████     | 2293/4500 [2:13:25<2:30:42,  4.10s/it]
 51%|█████     | 2294/4500 [2:13:31<2:52:13,  4.68s/it]
 51%|█████     | 2295/4500 [2:13:33<2:27:37,  4.02s/it]
 51%|█████     | 2296/4500 [2:13:37<2:26:40,  3.99s/it]
 51%|█████     | 2297/4500 [2:13:41<2:21:17,  3.85s/it]
 51%|█████     | 2298/4500 [2:13:43<2:07:38,  3.48s/it]
 51%|█████     | 2299/4500 [2:13:46<1:53:24,  3.09s/it]
 51%|█████     | 2300/4500 [2:13:50<2:05:55,  3.43s/it]
 51%|█████     | 2301/4500 [2:13:52<1:50:15,  3.01s/it]
 51%|█████     | 2302/4500 [2:13:59<2:37:13,  4.29s/it]
 51%|█████     | 2303/4500 [2:14:03<2:33:32,  4.19s/it]
 51%|█████     | 2304/4500 [2:14:08<2:38:26,  4.33s/it]
 51%|█████     | 2305/4500 [2:14:11<2:27:30,  4.03s/it]
 51%|█████     | 2306/4500 [2:14:15<2:21:52,  3.88s/it]
 51%|█████▏    | 2307/4500 [2:14:23<3:07:58,  5.14s/it]
 51%|█████▏    | 2308/4500 [2:14:25<2:33:41,  4.21s/it]
 51%|█████▏    | 2309/4500 [2:14:27<2:15:27,  3.71s/it]
 51%|█████▏    | 2311/4500 [2:14:31<1:42:30,  2.81s/it]
 51%|█████▏    | 2312/4500 [2:14:35<1:50:53,  3.04s/it]
 51%|█████▏    | 2313/4500 [2:14:38<1:55:01,  3.16s/it]
 51%|█████▏    | 2314/4500 [2:14:42<2:02:17,  3.36s/it]
 51%|█████▏    | 2315/4500 [2:14:45<2:01:57,  3.35s/it]
 51%|█████▏    | 2316/4500 [2:14:50<2:17:03,  3.77s/it]
 51%|█████▏    | 2317/4500 [2:14:57<2:48:15,  4.62s/it]
 52%|█████▏    | 2318/4500 [2:15:00<2:30:59,  4.15s/it]
 52%|█████▏    | 2319/4500 [2:15:03<2:24:14,  3.97s/it]
 52%|█████▏    | 2320/4500 [2:15:07<2:22:38,  3.93s/it]
 52%|█████▏    | 2321/4500 [2:15:11<2:23:32,  3.95s/it]
 52%|█████▏    | 2322/4500 [2:15:15<2:26:33,  4.04s/it]
 52%|█████▏    | 2323/4500 [2:15:21<2:38:41,  4.37s/it]
 52%|█████▏    | 2324/4500 [2:15:23<2:19:14,  3.84s/it]
 52%|█████▏    | 2325/4500 [2:15:28<2:24:57,  4.00s/it]
 52%|█████▏    | 2326/4500 [2:15:32<2:26:45,  4.05s/it]
 52%|█████▏    | 2327/4500 [2:15:36<2:28:40,  4.11s/it]
 52%|█████▏    | 2328/4500 [2:15:40<2:24:07,  3.98s/it]
 52%|█████▏    | 2329/4500 [2:15:45<2:42:03,  4.48s/it]
 52%|█████▏    | 2330/4500 [2:15:50<2:49:15,  4.68s/it]
 52%|█████▏    | 2331/4500 [2:15:53<2:31:01,  4.18s/it]
 52%|█████▏    | 2332/4500 [2:15:57<2:26:44,  4.06s/it]
 52%|█████▏    | 2333/4500 [2:16:04<2:57:34,  4.92s/it]
 52%|█████▏    | 2334/4500 [2:16:06<2:24:28,  4.00s/it]
 52%|█████▏    | 2335/4500 [2:16:11<2:33:41,  4.26s/it]
 52%|█████▏    | 2336/4500 [2:16:14<2:17:35,  3.81s/it]
 52%|█████▏    | 2337/4500 [2:16:18<2:24:00,  3.99s/it]
 52%|█████▏    | 2338/4500 [2:16:21<2:08:23,  3.56s/it]
 52%|█████▏    | 2339/4500 [2:16:23<1:59:12,  3.31s/it]
 52%|█████▏    | 2340/4500 [2:16:26<1:50:10,  3.06s/it]
 52%|█████▏    | 2341/4500 [2:16:28<1:44:33,  2.91s/it]
 52%|█████▏    | 2342/4500 [2:16:30<1:35:46,  2.66s/it]
 52%|█████▏    | 2343/4500 [2:16:36<2:06:10,  3.51s/it]
 52%|█████▏    | 2344/4500 [2:16:38<1:49:39,  3.05s/it]
 52%|█████▏    | 2345/4500 [2:16:41<1:51:09,  3.10s/it]
 52%|█████▏    | 2346/4500 [2:16:46<2:08:38,  3.58s/it]
 52%|█████▏    | 2348/4500 [2:16:48<1:29:19,  2.49s/it]
 52%|█████▏    | 2349/4500 [2:16:53<1:46:20,  2.97s/it]
 52%|█████▏    | 2351/4500 [2:16:55<1:22:30,  2.30s/it]
 52%|█████▏    | 2352/4500 [2:16:57<1:19:23,  2.22s/it]
 52%|█████▏    | 2353/4500 [2:16:59<1:14:51,  2.09s/it]
 52%|█████▏    | 2354/4500 [2:17:01<1:13:24,  2.05s/it]
 52%|█████▏    | 2355/4500 [2:17:05<1:31:43,  2.57s/it]
 52%|█████▏    | 2356/4500 [2:17:07<1:27:20,  2.44s/it]
 52%|█████▏    | 2357/4500 [2:17:10<1:35:10,  2.66s/it]
 52%|█████▏    | 2358/4500 [2:17:14<1:41:34,  2.85s/it]
 52%|█████▏    | 2359/4500 [2:17:17<1:47:27,  3.01s/it]
 52%|█████▏    | 2360/4500 [2:17:20<1:44:50,  2.94s/it]
 52%|█████▏    | 2361/4500 [2:17:25<2:09:53,  3.64s/it]
 52%|█████▏    | 2362/4500 [2:17:27<1:53:40,  3.19s/it]
 53%|█████▎    | 2363/4500 [2:17:30<1:48:23,  3.04s/it]
 53%|█████▎    | 2364/4500 [2:17:31<1:31:07,  2.56s/it]
 53%|█████▎    | 2365/4500 [2:17:39<2:25:30,  4.09s/it]
 53%|█████▎    | 2366/4500 [2:17:43<2:20:48,  3.96s/it]
 53%|█████▎    | 2367/4500 [2:17:46<2:12:28,  3.73s/it]
 53%|█████▎    | 2368/4500 [2:17:49<2:04:56,  3.52s/it]
 53%|█████▎    | 2369/4500 [2:17:52<2:00:52,  3.40s/it]
 53%|█████▎    | 2370/4500 [2:17:56<2:04:02,  3.49s/it]
 53%|█████▎    | 2371/4500 [2:18:01<2:20:07,  3.95s/it]
 53%|█████▎    | 2372/4500 [2:18:03<2:04:30,  3.51s/it]
 53%|█████▎    | 2373/4500 [2:18:06<1:59:48,  3.38s/it]
 53%|█████▎    | 2374/4500 [2:18:14<2:47:11,  4.72s/it]
 53%|█████▎    | 2375/4500 [2:18:18<2:32:58,  4.32s/it]
 53%|█████▎    | 2376/4500 [2:18:19<2:05:07,  3.53s/it]
 53%|█████▎    | 2377/4500 [2:18:23<2:11:08,  3.71s/it]
 53%|█████▎    | 2378/4500 [2:18:27<2:05:21,  3.54s/it]
 53%|█████▎    | 2379/4500 [2:18:30<2:05:07,  3.54s/it]
 53%|█████▎    | 2380/4500 [2:18:33<1:57:06,  3.31s/it]
 53%|█████▎    | 2381/4500 [2:18:36<1:59:34,  3.39s/it]
 53%|█████▎    | 2382/4500 [2:18:38<1:45:55,  3.00s/it]
 53%|█████▎    | 2383/4500 [2:18:43<2:04:29,  3.53s/it]
 53%|█████▎    | 2384/4500 [2:18:46<1:57:12,  3.32s/it]
 53%|█████▎    | 2385/4500 [2:18:48<1:44:15,  2.96s/it]
 53%|█████▎    | 2386/4500 [2:18:52<1:53:34,  3.22s/it]
 53%|█████▎    | 2387/4500 [2:18:56<1:58:55,  3.38s/it]
 53%|█████▎    | 2388/4500 [2:18:58<1:47:53,  3.07s/it]
 53%|█████▎    | 2389/4500 [2:19:00<1:38:16,  2.79s/it]
 53%|█████▎    | 2390/4500 [2:19:05<1:53:51,  3.24s/it]
 53%|█████▎    | 2391/4500 [2:19:10<2:13:04,  3.79s/it]
 53%|█████▎    | 2392/4500 [2:19:13<2:06:28,  3.60s/it]
 53%|█████▎    | 2393/4500 [2:19:16<2:01:22,  3.46s/it]
 53%|█████▎    | 2394/4500 [2:19:17<1:39:58,  2.85s/it]
 53%|█████▎    | 2395/4500 [2:19:22<1:57:07,  3.34s/it]
 53%|█████▎    | 2397/4500 [2:19:24<1:17:46,  2.22s/it]
 53%|█████▎    | 2398/4500 [2:19:26<1:17:08,  2.20s/it]
 53%|█████▎    | 2399/4500 [2:19:29<1:26:38,  2.47s/it]
 53%|█████▎    | 2400/4500 [2:19:32<1:29:49,  2.57s/it]
 53%|█████▎    | 2401/4500 [2:19:36<1:45:36,  3.02s/it]
 53%|█████▎    | 2402/4500 [2:19:38<1:32:08,  2.64s/it]
 53%|█████▎    | 2403/4500 [2:19:41<1:41:06,  2.89s/it]
 53%|█████▎    | 2404/4500 [2:19:44<1:37:21,  2.79s/it]
 53%|█████▎    | 2405/4500 [2:19:50<2:13:02,  3.81s/it]
 53%|█████▎    | 2406/4500 [2:19:51<1:46:51,  3.06s/it]
 53%|█████▎    | 2407/4500 [2:19:55<1:58:08,  3.39s/it]
 54%|█████▎    | 2409/4500 [2:20:01<1:48:30,  3.11s/it]
 54%|█████▎    | 2410/4500 [2:20:05<1:55:46,  3.32s/it]
 54%|█████▎    | 2411/4500 [2:20:10<2:14:07,  3.85s/it]
 54%|█████▎    | 2412/4500 [2:20:13<2:01:20,  3.49s/it]
 54%|█████▎    | 2413/4500 [2:20:17<2:09:47,  3.73s/it]
 54%|█████▎    | 2414/4500 [2:20:20<2:00:01,  3.45s/it]
 54%|█████▎    | 2415/4500 [2:20:29<2:55:22,  5.05s/it]
 54%|█████▎    | 2416/4500 [2:20:33<2:45:28,  4.76s/it]
 54%|█████▎    | 2417/4500 [2:20:40<3:04:27,  5.31s/it]
 54%|█████▎    | 2418/4500 [2:20:42<2:29:16,  4.30s/it]
 54%|█████▍    | 2419/4500 [2:20:44<2:13:56,  3.86s/it]
 54%|█████▍    | 2420/4500 [2:20:50<2:32:26,  4.40s/it]
 54%|█████▍    | 2421/4500 [2:20:54<2:31:19,  4.37s/it]
 54%|█████▍    | 2422/4500 [2:20:58<2:23:54,  4.16s/it]
 54%|█████▍    | 2423/4500 [2:21:06<3:06:17,  5.38s/it]
 54%|█████▍    | 2424/4500 [2:21:11<3:04:30,  5.33s/it]
 54%|█████▍    | 2425/4500 [2:21:15<2:40:53,  4.65s/it]
 54%|█████▍    | 2426/4500 [2:21:18<2:27:41,  4.27s/it]
 54%|█████▍    | 2427/4500 [2:21:21<2:19:14,  4.03s/it]
 54%|█████▍    | 2428/4500 [2:21:27<2:31:50,  4.40s/it]
 54%|█████▍    | 2429/4500 [2:21:30<2:23:13,  4.15s/it]
 54%|█████▍    | 2430/4500 [2:21:34<2:18:31,  4.02s/it]
 54%|█████▍    | 2431/4500 [2:21:36<2:02:01,  3.54s/it]
 54%|█████▍    | 2432/4500 [2:21:43<2:39:42,  4.63s/it]
 54%|█████▍    | 2433/4500 [2:21:47<2:23:24,  4.16s/it]
 54%|█████▍    | 2435/4500 [2:21:50<1:43:13,  3.00s/it]
 54%|█████▍    | 2436/4500 [2:21:53<1:45:14,  3.06s/it]
 54%|█████▍    | 2437/4500 [2:22:00<2:18:43,  4.03s/it]
 54%|█████▍    | 2438/4500 [2:22:04<2:19:57,  4.07s/it]
 54%|█████▍    | 2439/4500 [2:22:08<2:16:15,  3.97s/it]
 54%|█████▍    | 2440/4500 [2:22:12<2:20:26,  4.09s/it]
 54%|█████▍    | 2441/4500 [2:22:15<2:12:32,  3.86s/it]
 54%|█████▍    | 2443/4500 [2:22:20<1:44:49,  3.06s/it]
 54%|█████▍    | 2444/4500 [2:22:22<1:42:37,  3.00s/it]
 54%|█████▍    | 2445/4500 [2:22:26<1:49:00,  3.18s/it]
 54%|█████▍    | 2446/4500 [2:22:30<1:52:26,  3.28s/it]
 54%|█████▍    | 2447/4500 [2:22:33<1:49:00,  3.19s/it]
 54%|█████▍    | 2448/4500 [2:22:38<2:08:31,  3.76s/it]
 54%|█████▍    | 2449/4500 [2:22:40<1:56:42,  3.41s/it]
 54%|█████▍    | 2450/4500 [2:22:44<1:58:25,  3.47s/it]
 54%|█████▍    | 2451/4500 [2:22:47<1:57:11,  3.43s/it]
 54%|█████▍    | 2452/4500 [2:22:50<1:49:48,  3.22s/it]
 55%|█████▍    | 2453/4500 [2:22:56<2:12:50,  3.89s/it]
 55%|█████▍    | 2454/4500 [2:22:59<2:12:36,  3.89s/it]
 55%|█████▍    | 2455/4500 [2:23:04<2:18:27,  4.06s/it]
 55%|█████▍    | 2456/4500 [2:23:07<2:10:53,  3.84s/it]
 55%|█████▍    | 2457/4500 [2:23:11<2:11:21,  3.86s/it]
 55%|█████▍    | 2458/4500 [2:23:15<2:06:54,  3.73s/it]
 55%|█████▍    | 2459/4500 [2:23:17<1:51:37,  3.28s/it]
 55%|█████▍    | 2460/4500 [2:23:20<1:54:41,  3.37s/it]
 55%|█████▍    | 2461/4500 [2:23:23<1:51:42,  3.29s/it]
 55%|█████▍    | 2463/4500 [2:23:26<1:18:55,  2.32s/it]
 55%|█████▍    | 2464/4500 [2:23:30<1:34:47,  2.79s/it]
 55%|█████▍    | 2465/4500 [2:23:33<1:38:32,  2.91s/it]
 55%|█████▍    | 2466/4500 [2:23:36<1:35:16,  2.81s/it]
 55%|█████▍    | 2467/4500 [2:23:40<1:45:31,  3.11s/it]
 55%|█████▍    | 2468/4500 [2:23:49<2:42:57,  4.81s/it]
 55%|█████▍    | 2469/4500 [2:23:52<2:23:43,  4.25s/it]
 55%|█████▍    | 2470/4500 [2:23:55<2:15:31,  4.01s/it]
 55%|█████▍    | 2471/4500 [2:24:03<2:55:23,  5.19s/it]
 55%|█████▍    | 2472/4500 [2:24:05<2:21:00,  4.17s/it]
 55%|█████▍    | 2473/4500 [2:24:06<1:53:17,  3.35s/it]
 55%|█████▍    | 2474/4500 [2:24:10<1:59:35,  3.54s/it]
 55%|█████▌    | 2475/4500 [2:24:13<1:56:24,  3.45s/it]
 55%|█████▌    | 2476/4500 [2:24:17<1:52:33,  3.34s/it]
 55%|█████▌    | 2477/4500 [2:24:20<1:54:13,  3.39s/it]
 55%|█████▌    | 2478/4500 [2:24:25<2:06:55,  3.77s/it]
 55%|█████▌    | 2479/4500 [2:24:29<2:07:41,  3.79s/it]
 55%|█████▌    | 2480/4500 [2:24:35<2:30:01,  4.46s/it]
 55%|█████▌    | 2481/4500 [2:24:37<2:14:20,  3.99s/it]
 55%|█████▌    | 2482/4500 [2:24:41<2:08:22,  3.82s/it]
 55%|█████▌    | 2483/4500 [2:24:45<2:10:11,  3.87s/it]
 55%|█████▌    | 2484/4500 [2:24:49<2:08:58,  3.84s/it]
 55%|█████▌    | 2485/4500 [2:24:53<2:13:01,  3.96s/it]
 55%|█████▌    | 2486/4500 [2:24:56<2:02:19,  3.64s/it]
 55%|█████▌    | 2487/4500 [2:25:03<2:34:41,  4.61s/it]
 55%|█████▌    | 2488/4500 [2:25:07<2:34:11,  4.60s/it]
 55%|█████▌    | 2489/4500 [2:25:13<2:42:09,  4.84s/it]
 55%|█████▌    | 2490/4500 [2:25:16<2:29:10,  4.45s/it]
 55%|█████▌    | 2491/4500 [2:25:20<2:21:24,  4.22s/it]
 55%|█████▌    | 2492/4500 [2:25:25<2:29:24,  4.46s/it]
 55%|█████▌    | 2493/4500 [2:25:32<2:57:22,  5.30s/it]
 55%|█████▌    | 2494/4500 [2:25:35<2:31:13,  4.52s/it]
 55%|█████▌    | 2495/4500 [2:25:39<2:28:21,  4.44s/it]
 55%|█████▌    | 2496/4500 [2:25:45<2:47:30,  5.02s/it]
 55%|█████▌    | 2497/4500 [2:25:48<2:20:29,  4.21s/it]
 56%|█████▌    | 2498/4500 [2:25:50<1:57:41,  3.53s/it]
 56%|█████▌    | 2499/4500 [2:25:52<1:43:06,  3.09s/it]
 56%|█████▌    | 2500/4500 [2:25:55<1:39:51,  3.00s/it]
 56%|█████▌    | 2501/4500 [2:25:58<1:45:16,  3.16s/it]
 56%|█████▌    | 2502/4500 [2:26:01<1:40:59,  3.03s/it]
 56%|█████▌    | 2503/4500 [2:26:06<1:58:56,  3.57s/it]
 56%|█████▌    | 2504/4500 [2:26:09<1:56:25,  3.50s/it]
 56%|█████▌    | 2505/4500 [2:26:13<2:03:22,  3.71s/it]
 56%|█████▌    | 2506/4500 [2:26:15<1:44:28,  3.14s/it]
 56%|█████▌    | 2507/4500 [2:26:22<2:25:33,  4.38s/it]
 56%|█████▌    | 2508/4500 [2:26:26<2:14:41,  4.06s/it]
 56%|█████▌    | 2509/4500 [2:26:31<2:23:33,  4.33s/it]
 56%|█████▌    | 2510/4500 [2:26:36<2:35:10,  4.68s/it]
 56%|█████▌    | 2511/4500 [2:26:39<2:18:02,  4.16s/it]
 56%|█████▌    | 2512/4500 [2:26:43<2:11:19,  3.96s/it]
 56%|█████▌    | 2513/4500 [2:26:47<2:11:51,  3.98s/it]
 56%|█████▌    | 2514/4500 [2:26:50<2:07:52,  3.86s/it]
 56%|█████▌    | 2515/4500 [2:26:53<1:59:52,  3.62s/it]
 56%|█████▌    | 2516/4500 [2:27:00<2:26:47,  4.44s/it]
 56%|█████▌    | 2517/4500 [2:27:03<2:13:49,  4.05s/it]
 56%|█████▌    | 2518/4500 [2:27:06<2:04:38,  3.77s/it]
 56%|█████▌    | 2519/4500 [2:27:10<2:04:14,  3.76s/it]
 56%|█████▌    | 2520/4500 [2:27:14<2:06:07,  3.82s/it]
 56%|█████▌    | 2521/4500 [2:27:18<2:11:14,  3.98s/it]
 56%|█████▌    | 2522/4500 [2:27:25<2:38:22,  4.80s/it]
 56%|█████▌    | 2523/4500 [2:27:28<2:20:55,  4.28s/it]
 56%|█████▌    | 2524/4500 [2:27:30<1:57:18,  3.56s/it]
 56%|█████▌    | 2525/4500 [2:27:37<2:33:16,  4.66s/it]
 56%|█████▌    | 2526/4500 [2:27:41<2:32:17,  4.63s/it]
 56%|█████▌    | 2527/4500 [2:27:44<2:17:39,  4.19s/it]
 56%|█████▌    | 2528/4500 [2:27:49<2:18:09,  4.20s/it]
 56%|█████▌    | 2529/4500 [2:27:52<2:05:36,  3.82s/it]
 56%|█████▌    | 2530/4500 [2:27:56<2:10:16,  3.97s/it]
 56%|█████▌    | 2531/4500 [2:28:00<2:09:14,  3.94s/it]
 56%|█████▋    | 2532/4500 [2:28:02<1:50:02,  3.35s/it]
 56%|█████▋    | 2533/4500 [2:28:05<1:48:04,  3.30s/it]
 56%|█████▋    | 2534/4500 [2:28:09<1:57:32,  3.59s/it]
 56%|█████▋    | 2535/4500 [2:28:14<2:09:56,  3.97s/it]
 56%|█████▋    | 2536/4500 [2:28:18<2:07:55,  3.91s/it]
 56%|█████▋    | 2537/4500 [2:28:22<2:08:39,  3.93s/it]
 56%|█████▋    | 2538/4500 [2:28:27<2:16:02,  4.16s/it]
 56%|█████▋    | 2539/4500 [2:28:29<2:02:59,  3.76s/it]
 56%|█████▋    | 2540/4500 [2:28:34<2:12:21,  4.05s/it]
 56%|█████▋    | 2541/4500 [2:28:38<2:08:50,  3.95s/it]
 56%|█████▋    | 2542/4500 [2:28:42<2:07:10,  3.90s/it]
 57%|█████▋    | 2543/4500 [2:28:44<1:49:44,  3.36s/it]
 57%|█████▋    | 2544/4500 [2:28:50<2:14:48,  4.14s/it]
 57%|█████▋    | 2545/4500 [2:28:52<1:53:08,  3.47s/it]
 57%|█████▋    | 2546/4500 [2:28:56<1:57:40,  3.61s/it]
 57%|█████▋    | 2547/4500 [2:28:59<1:51:32,  3.43s/it]
 57%|█████▋    | 2548/4500 [2:29:02<1:51:06,  3.42s/it]
 57%|█████▋    | 2549/4500 [2:29:05<1:48:21,  3.33s/it]
 57%|█████▋    | 2550/4500 [2:29:08<1:46:57,  3.29s/it]
 57%|█████▋    | 2551/4500 [2:29:11<1:40:30,  3.09s/it]
 57%|█████▋    | 2552/4500 [2:29:14<1:41:17,  3.12s/it]
 57%|█████▋    | 2553/4500 [2:29:16<1:34:35,  2.91s/it]
 57%|█████▋    | 2554/4500 [2:29:19<1:34:56,  2.93s/it]
 57%|█████▋    | 2555/4500 [2:29:23<1:38:50,  3.05s/it]
 57%|█████▋    | 2556/4500 [2:29:26<1:43:27,  3.19s/it]
 57%|█████▋    | 2557/4500 [2:29:30<1:45:38,  3.26s/it]
 57%|█████▋    | 2558/4500 [2:29:33<1:41:55,  3.15s/it]
 57%|█████▋    | 2559/4500 [2:29:37<1:55:57,  3.58s/it]
 57%|█████▋    | 2560/4500 [2:29:40<1:48:57,  3.37s/it]
 57%|█████▋    | 2561/4500 [2:29:43<1:46:35,  3.30s/it]
 57%|█████▋    | 2562/4500 [2:29:46<1:41:39,  3.15s/it]
 57%|█████▋    | 2563/4500 [2:29:49<1:37:57,  3.03s/it]
 57%|█████▋    | 2564/4500 [2:29:51<1:31:23,  2.83s/it]
 57%|█████▋    | 2565/4500 [2:29:55<1:38:07,  3.04s/it]
 57%|█████▋    | 2566/4500 [2:29:56<1:21:55,  2.54s/it]
 57%|█████▋    | 2567/4500 [2:30:02<1:57:10,  3.64s/it]
 57%|█████▋    | 2568/4500 [2:30:05<1:48:18,  3.36s/it]
 57%|█████▋    | 2569/4500 [2:30:11<2:10:20,  4.05s/it]
 57%|█████▋    | 2571/4500 [2:30:14<1:35:54,  2.98s/it]
 57%|█████▋    | 2572/4500 [2:30:16<1:29:25,  2.78s/it]
 57%|█████▋    | 2573/4500 [2:30:20<1:35:53,  2.99s/it]
 57%|█████▋    | 2574/4500 [2:30:23<1:37:27,  3.04s/it]
 57%|█████▋    | 2575/4500 [2:30:26<1:34:48,  2.96s/it]
 57%|█████▋    | 2576/4500 [2:30:29<1:36:21,  3.00s/it]
 57%|█████▋    | 2577/4500 [2:30:32<1:36:52,  3.02s/it]
 57%|█████▋    | 2578/4500 [2:30:40<2:22:04,  4.44s/it]
 57%|█████▋    | 2579/4500 [2:30:43<2:14:45,  4.21s/it]
 57%|█████▋    | 2580/4500 [2:30:47<2:04:19,  3.89s/it]
 57%|█████▋    | 2581/4500 [2:30:51<2:06:36,  3.96s/it]
 57%|█████▋    | 2582/4500 [2:30:55<2:12:28,  4.14s/it]
 57%|█████▋    | 2583/4500 [2:30:58<2:02:35,  3.84s/it]
 57%|█████▋    | 2584/4500 [2:31:03<2:09:54,  4.07s/it]
 57%|█████▋    | 2585/4500 [2:31:08<2:18:59,  4.35s/it]
 57%|█████▋    | 2586/4500 [2:31:12<2:14:17,  4.21s/it]
 57%|█████▋    | 2587/4500 [2:31:16<2:09:32,  4.06s/it]
 58%|█████▊    | 2588/4500 [2:31:19<2:06:17,  3.96s/it]
 58%|█████▊    | 2589/4500 [2:31:25<2:20:02,  4.40s/it]
 58%|█████▊    | 2590/4500 [2:31:27<2:01:01,  3.80s/it]
 58%|█████▊    | 2591/4500 [2:31:31<2:03:32,  3.88s/it]
 58%|█████▊    | 2592/4500 [2:31:35<2:05:07,  3.94s/it]
 58%|█████▊    | 2593/4500 [2:31:41<2:25:30,  4.58s/it]
 58%|█████▊    | 2594/4500 [2:31:45<2:13:35,  4.21s/it]
 58%|█████▊    | 2595/4500 [2:31:50<2:24:03,  4.54s/it]
 58%|█████▊    | 2596/4500 [2:31:53<2:12:12,  4.17s/it]
 58%|█████▊    | 2598/4500 [2:31:57<1:40:15,  3.16s/it]
 58%|█████▊    | 2599/4500 [2:32:00<1:35:47,  3.02s/it]
 58%|█████▊    | 2600/4500 [2:32:04<1:48:10,  3.42s/it]
 58%|█████▊    | 2601/4500 [2:32:07<1:41:03,  3.19s/it]
 58%|█████▊    | 2602/4500 [2:32:10<1:43:11,  3.26s/it]
 58%|█████▊    | 2603/4500 [2:32:13<1:32:50,  2.94s/it]
 58%|█████▊    | 2604/4500 [2:32:20<2:10:18,  4.12s/it]
 58%|█████▊    | 2605/4500 [2:32:23<2:07:09,  4.03s/it]
 58%|█████▊    | 2606/4500 [2:32:26<1:57:36,  3.73s/it]
 58%|█████▊    | 2607/4500 [2:32:31<2:06:38,  4.01s/it]
 58%|█████▊    | 2608/4500 [2:32:36<2:14:57,  4.28s/it]
 58%|█████▊    | 2609/4500 [2:32:39<2:03:07,  3.91s/it]
 58%|█████▊    | 2610/4500 [2:32:44<2:11:49,  4.18s/it]
 58%|█████▊    | 2611/4500 [2:32:50<2:27:28,  4.68s/it]
 58%|█████▊    | 2612/4500 [2:32:54<2:19:59,  4.45s/it]
 58%|█████▊    | 2613/4500 [2:32:57<2:12:00,  4.20s/it]
 58%|█████▊    | 2614/4500 [2:33:01<2:09:03,  4.11s/it]
 58%|█████▊    | 2615/4500 [2:33:07<2:21:28,  4.50s/it]
 58%|█████▊    | 2616/4500 [2:33:09<1:59:02,  3.79s/it]
 58%|█████▊    | 2617/4500 [2:33:13<2:02:32,  3.90s/it]
 58%|█████▊    | 2618/4500 [2:33:14<1:39:22,  3.17s/it]
 58%|█████▊    | 2619/4500 [2:33:17<1:34:13,  3.01s/it]
 58%|█████▊    | 2620/4500 [2:33:21<1:43:28,  3.30s/it]
 58%|█████▊    | 2621/4500 [2:33:25<1:45:45,  3.38s/it]
 58%|█████▊    | 2622/4500 [2:33:30<2:08:05,  4.09s/it]
 58%|█████▊    | 2623/4500 [2:33:33<1:52:22,  3.59s/it]
 58%|█████▊    | 2624/4500 [2:33:36<1:45:19,  3.37s/it]
 58%|█████▊    | 2625/4500 [2:33:38<1:32:12,  2.95s/it]
 58%|█████▊    | 2626/4500 [2:33:41<1:33:05,  2.98s/it]
 58%|█████▊    | 2627/4500 [2:33:43<1:24:59,  2.72s/it]
 58%|█████▊    | 2628/4500 [2:33:47<1:35:36,  3.06s/it]
 58%|█████▊    | 2629/4500 [2:33:49<1:26:25,  2.77s/it]
 58%|█████▊    | 2630/4500 [2:33:52<1:28:36,  2.84s/it]
 58%|█████▊    | 2631/4500 [2:33:55<1:31:36,  2.94s/it]
 58%|█████▊    | 2632/4500 [2:33:56<1:19:32,  2.55s/it]
 59%|█████▊    | 2633/4500 [2:33:59<1:23:23,  2.68s/it]
 59%|█████▊    | 2634/4500 [2:34:05<1:53:18,  3.64s/it]
 59%|█████▊    | 2635/4500 [2:34:12<2:19:13,  4.48s/it]
 59%|█████▊    | 2636/4500 [2:34:14<2:02:45,  3.95s/it]
 59%|█████▊    | 2637/4500 [2:34:19<2:05:22,  4.04s/it]
 59%|█████▊    | 2638/4500 [2:34:26<2:38:31,  5.11s/it]
 59%|█████▊    | 2639/4500 [2:34:30<2:22:21,  4.59s/it]
 59%|█████▊    | 2640/4500 [2:34:36<2:34:03,  4.97s/it]
 59%|█████▊    | 2641/4500 [2:34:39<2:20:22,  4.53s/it]
 59%|█████▊    | 2642/4500 [2:34:41<1:55:14,  3.72s/it]
 59%|█████▊    | 2643/4500 [2:34:45<1:59:45,  3.87s/it]
 59%|█████▉    | 2644/4500 [2:34:49<1:57:13,  3.79s/it]
 59%|█████▉    | 2645/4500 [2:34:53<2:02:12,  3.95s/it]
 59%|█████▉    | 2646/4500 [2:34:56<1:57:29,  3.80s/it]
 59%|█████▉    | 2647/4500 [2:35:00<1:56:45,  3.78s/it]
 59%|█████▉    | 2648/4500 [2:35:03<1:49:29,  3.55s/it]
 59%|█████▉    | 2650/4500 [2:35:11<1:52:06,  3.64s/it]
 59%|█████▉    | 2652/4500 [2:35:14<1:28:10,  2.86s/it]
 59%|█████▉    | 2653/4500 [2:35:15<1:17:52,  2.53s/it]
 59%|█████▉    | 2654/4500 [2:35:21<1:39:41,  3.24s/it]
 59%|█████▉    | 2655/4500 [2:35:24<1:36:38,  3.14s/it]
 59%|█████▉    | 2656/4500 [2:35:27<1:35:51,  3.12s/it]
 59%|█████▉    | 2657/4500 [2:35:30<1:35:18,  3.10s/it]
 59%|█████▉    | 2658/4500 [2:35:32<1:28:28,  2.88s/it]
 59%|█████▉    | 2659/4500 [2:35:36<1:39:09,  3.23s/it]
 59%|█████▉    | 2660/4500 [2:35:40<1:46:28,  3.47s/it]
 59%|█████▉    | 2661/4500 [2:35:44<1:47:40,  3.51s/it]
 59%|█████▉    | 2663/4500 [2:35:48<1:26:39,  2.83s/it]
 59%|█████▉    | 2664/4500 [2:35:51<1:26:08,  2.81s/it]
 59%|█████▉    | 2665/4500 [2:35:56<1:48:47,  3.56s/it]
 59%|█████▉    | 2666/4500 [2:36:00<1:44:56,  3.43s/it]
 59%|█████▉    | 2667/4500 [2:36:03<1:44:22,  3.42s/it]
 59%|█████▉    | 2668/4500 [2:36:07<1:48:10,  3.54s/it]
 59%|█████▉    | 2669/4500 [2:36:11<1:55:58,  3.80s/it]
 59%|█████▉    | 2670/4500 [2:36:13<1:37:57,  3.21s/it]
 59%|█████▉    | 2671/4500 [2:36:16<1:38:10,  3.22s/it]
 59%|█████▉    | 2672/4500 [2:36:18<1:23:21,  2.74s/it]
 59%|█████▉    | 2673/4500 [2:36:23<1:44:34,  3.43s/it]
 59%|█████▉    | 2674/4500 [2:36:25<1:29:01,  2.93s/it]
 59%|█████▉    | 2676/4500 [2:36:27<1:02:49,  2.07s/it]
 59%|█████▉    | 2677/4500 [2:36:29<1:01:01,  2.01s/it]
 60%|█████▉    | 2678/4500 [2:36:36<1:41:02,  3.33s/it]
 60%|█████▉    | 2679/4500 [2:36:40<1:45:22,  3.47s/it]
 60%|█████▉    | 2680/4500 [2:36:47<2:16:31,  4.50s/it]
 60%|█████▉    | 2682/4500 [2:36:50<1:37:58,  3.23s/it]
 60%|█████▉    | 2684/4500 [2:36:54<1:23:00,  2.74s/it]
 60%|█████▉    | 2685/4500 [2:36:56<1:20:20,  2.66s/it]
 60%|█████▉    | 2686/4500 [2:36:59<1:22:59,  2.75s/it]
 60%|█████▉    | 2687/4500 [2:37:02<1:22:12,  2.72s/it]
 60%|█████▉    | 2688/4500 [2:37:12<2:17:25,  4.55s/it]
 60%|█████▉    | 2689/4500 [2:37:13<1:49:42,  3.63s/it]
 60%|█████▉    | 2690/4500 [2:37:15<1:39:56,  3.31s/it]
 60%|█████▉    | 2691/4500 [2:37:18<1:33:45,  3.11s/it]
 60%|█████▉    | 2692/4500 [2:37:21<1:33:59,  3.12s/it]
 60%|█████▉    | 2693/4500 [2:37:26<1:46:40,  3.54s/it]
 60%|█████▉    | 2694/4500 [2:37:27<1:30:12,  3.00s/it]
 60%|█████▉    | 2695/4500 [2:37:31<1:40:06,  3.33s/it]
 60%|█████▉    | 2696/4500 [2:37:34<1:31:00,  3.03s/it]
 60%|█████▉    | 2697/4500 [2:37:36<1:28:02,  2.93s/it]
 60%|█████▉    | 2698/4500 [2:37:39<1:24:56,  2.83s/it]
 60%|█████▉    | 2699/4500 [2:37:41<1:13:56,  2.46s/it]
 60%|██████    | 2700/4500 [2:37:43<1:13:19,  2.44s/it]
 60%|██████    | 2701/4500 [2:37:47<1:28:00,  2.94s/it]
 60%|██████    | 2702/4500 [2:37:52<1:44:57,  3.50s/it]
 60%|██████    | 2703/4500 [2:37:55<1:42:36,  3.43s/it]
 60%|██████    | 2704/4500 [2:37:58<1:39:38,  3.33s/it]
 60%|██████    | 2705/4500 [2:38:01<1:35:29,  3.19s/it]
 60%|██████    | 2706/4500 [2:38:03<1:23:03,  2.78s/it]
 60%|██████    | 2707/4500 [2:38:09<1:53:03,  3.78s/it]
 60%|██████    | 2708/4500 [2:38:11<1:39:39,  3.34s/it]
 60%|██████    | 2709/4500 [2:38:15<1:41:10,  3.39s/it]
 60%|██████    | 2710/4500 [2:38:19<1:48:26,  3.64s/it]
 60%|██████    | 2711/4500 [2:38:23<1:47:57,  3.62s/it]
 60%|██████    | 2712/4500 [2:38:27<1:56:12,  3.90s/it]
 60%|██████    | 2713/4500 [2:38:31<1:58:31,  3.98s/it]
 60%|██████    | 2714/4500 [2:38:34<1:45:02,  3.53s/it]
 60%|██████    | 2715/4500 [2:38:38<1:52:37,  3.79s/it]
 60%|██████    | 2716/4500 [2:38:47<2:36:49,  5.27s/it]
 60%|██████    | 2717/4500 [2:38:51<2:21:17,  4.75s/it]
 60%|██████    | 2719/4500 [2:38:54<1:36:37,  3.26s/it]
 60%|██████    | 2720/4500 [2:38:57<1:34:17,  3.18s/it]
 60%|██████    | 2722/4500 [2:38:59<1:13:12,  2.47s/it]
 61%|██████    | 2723/4500 [2:39:02<1:12:25,  2.45s/it]
 61%|██████    | 2724/4500 [2:39:08<1:36:27,  3.26s/it]
 61%|██████    | 2725/4500 [2:39:10<1:27:45,  2.97s/it]
 61%|██████    | 2726/4500 [2:39:12<1:21:15,  2.75s/it]
 61%|██████    | 2727/4500 [2:39:15<1:20:47,  2.73s/it]
 61%|██████    | 2728/4500 [2:39:17<1:20:54,  2.74s/it]
 61%|██████    | 2729/4500 [2:39:20<1:18:46,  2.67s/it]
 61%|██████    | 2730/4500 [2:39:23<1:25:36,  2.90s/it]
 61%|██████    | 2731/4500 [2:39:31<2:08:45,  4.37s/it]
 61%|██████    | 2732/4500 [2:39:33<1:48:46,  3.69s/it]
 61%|██████    | 2733/4500 [2:39:35<1:29:06,  3.03s/it]
 61%|██████    | 2734/4500 [2:39:38<1:31:40,  3.11s/it]
 61%|██████    | 2735/4500 [2:39:39<1:13:35,  2.50s/it]
 61%|██████    | 2736/4500 [2:39:44<1:35:42,  3.26s/it]
 61%|██████    | 2737/4500 [2:39:46<1:25:33,  2.91s/it]
 61%|██████    | 2738/4500 [2:39:49<1:24:41,  2.88s/it]
 61%|██████    | 2739/4500 [2:39:51<1:18:48,  2.69s/it]
 61%|██████    | 2741/4500 [2:39:53<52:38,  1.80s/it]  
 61%|██████    | 2742/4500 [2:39:55<52:26,  1.79s/it]
 61%|██████    | 2743/4500 [2:39:56<52:14,  1.78s/it]
 61%|██████    | 2744/4500 [2:39:58<51:58,  1.78s/it]
 61%|██████    | 2745/4500 [2:40:00<56:54,  1.95s/it]
 61%|██████    | 2747/4500 [2:40:05<59:56,  2.05s/it]
 61%|██████    | 2748/4500 [2:40:09<1:12:54,  2.50s/it]
 61%|██████    | 2749/4500 [2:40:11<1:08:07,  2.33s/it]
 61%|██████    | 2750/4500 [2:40:14<1:13:38,  2.53s/it]
 61%|██████    | 2751/4500 [2:40:15<1:07:07,  2.30s/it]
 61%|██████    | 2752/4500 [2:40:18<1:12:42,  2.50s/it]
 61%|██████    | 2753/4500 [2:40:21<1:12:24,  2.49s/it]
 61%|██████    | 2754/4500 [2:40:24<1:17:57,  2.68s/it]
 61%|██████    | 2755/4500 [2:40:27<1:22:41,  2.84s/it]
 61%|██████    | 2756/4500 [2:40:30<1:23:27,  2.87s/it]
 61%|██████▏   | 2757/4500 [2:40:34<1:30:46,  3.12s/it]
 61%|██████▏   | 2758/4500 [2:40:36<1:19:14,  2.73s/it]
 61%|██████▏   | 2759/4500 [2:40:38<1:15:55,  2.62s/it]
 61%|██████▏   | 2761/4500 [2:40:44<1:21:46,  2.82s/it]
 61%|██████▏   | 2762/4500 [2:40:47<1:22:21,  2.84s/it]
 61%|██████▏   | 2763/4500 [2:40:53<1:48:55,  3.76s/it]
 61%|██████▏   | 2764/4500 [2:41:02<2:25:49,  5.04s/it]
 61%|██████▏   | 2765/4500 [2:41:06<2:17:00,  4.74s/it]
 61%|██████▏   | 2766/4500 [2:41:09<2:02:57,  4.25s/it]
 61%|██████▏   | 2767/4500 [2:41:12<1:49:59,  3.81s/it]
 62%|██████▏   | 2768/4500 [2:41:15<1:43:59,  3.60s/it]
 62%|██████▏   | 2769/4500 [2:41:19<1:46:09,  3.68s/it]
 62%|██████▏   | 2770/4500 [2:41:20<1:30:13,  3.13s/it]
 62%|██████▏   | 2771/4500 [2:41:23<1:29:05,  3.09s/it]
 62%|██████▏   | 2772/4500 [2:41:27<1:31:50,  3.19s/it]
 62%|██████▏   | 2773/4500 [2:41:31<1:37:54,  3.40s/it]
 62%|██████▏   | 2774/4500 [2:41:33<1:31:13,  3.17s/it]
 62%|██████▏   | 2775/4500 [2:41:36<1:29:12,  3.10s/it]
 62%|██████▏   | 2776/4500 [2:41:39<1:28:15,  3.07s/it]
 62%|██████▏   | 2778/4500 [2:41:44<1:18:52,  2.75s/it]
 62%|██████▏   | 2779/4500 [2:41:48<1:25:52,  2.99s/it]
 62%|██████▏   | 2780/4500 [2:41:52<1:33:19,  3.26s/it]
 62%|██████▏   | 2781/4500 [2:41:56<1:40:32,  3.51s/it]
 62%|██████▏   | 2782/4500 [2:41:59<1:35:37,  3.34s/it]
 62%|██████▏   | 2783/4500 [2:42:01<1:28:10,  3.08s/it]
 62%|██████▏   | 2784/4500 [2:42:07<1:48:38,  3.80s/it]
 62%|██████▏   | 2785/4500 [2:42:11<1:54:10,  3.99s/it]
 62%|██████▏   | 2786/4500 [2:42:14<1:47:19,  3.76s/it]
 62%|██████▏   | 2787/4500 [2:42:18<1:42:54,  3.60s/it]
 62%|██████▏   | 2788/4500 [2:42:24<2:02:32,  4.29s/it]
 62%|██████▏   | 2789/4500 [2:42:26<1:44:05,  3.65s/it]
 62%|██████▏   | 2790/4500 [2:42:31<1:55:35,  4.06s/it]
 62%|██████▏   | 2791/4500 [2:42:32<1:33:26,  3.28s/it]
 62%|██████▏   | 2792/4500 [2:42:38<1:52:53,  3.97s/it]
 62%|██████▏   | 2793/4500 [2:42:43<1:59:32,  4.20s/it]
 62%|██████▏   | 2794/4500 [2:42:46<1:52:48,  3.97s/it]
 62%|██████▏   | 2795/4500 [2:42:50<1:52:21,  3.95s/it]
 62%|██████▏   | 2796/4500 [2:42:53<1:45:01,  3.70s/it]
 62%|██████▏   | 2797/4500 [2:42:57<1:51:10,  3.92s/it]
 62%|██████▏   | 2798/4500 [2:43:00<1:42:41,  3.62s/it]
 62%|██████▏   | 2800/4500 [2:43:04<1:21:14,  2.87s/it]
 62%|██████▏   | 2801/4500 [2:43:08<1:24:59,  3.00s/it]
 62%|██████▏   | 2802/4500 [2:43:11<1:26:23,  3.05s/it]
 62%|██████▏   | 2803/4500 [2:43:18<1:53:41,  4.02s/it]
 62%|██████▏   | 2804/4500 [2:43:20<1:42:49,  3.64s/it]
 62%|██████▏   | 2805/4500 [2:43:26<1:57:27,  4.16s/it]
 62%|██████▏   | 2806/4500 [2:43:29<1:53:38,  4.02s/it]
 62%|██████▏   | 2807/4500 [2:43:36<2:18:37,  4.91s/it]
 62%|██████▏   | 2808/4500 [2:43:40<2:11:03,  4.65s/it]
 62%|██████▏   | 2809/4500 [2:43:44<2:05:35,  4.46s/it]
 62%|██████▏   | 2810/4500 [2:43:47<1:49:10,  3.88s/it]
 62%|██████▏   | 2811/4500 [2:43:49<1:37:31,  3.46s/it]
 62%|██████▏   | 2812/4500 [2:43:52<1:26:11,  3.06s/it]
 63%|██████▎   | 2813/4500 [2:43:59<2:02:16,  4.35s/it]
 63%|██████▎   | 2814/4500 [2:44:03<1:59:08,  4.24s/it]
 63%|██████▎   | 2815/4500 [2:44:06<1:49:06,  3.89s/it]
 63%|██████▎   | 2816/4500 [2:44:08<1:36:45,  3.45s/it]
 63%|██████▎   | 2817/4500 [2:44:11<1:30:33,  3.23s/it]
 63%|██████▎   | 2818/4500 [2:44:13<1:22:06,  2.93s/it]
 63%|██████▎   | 2819/4500 [2:44:17<1:30:27,  3.23s/it]
 63%|██████▎   | 2821/4500 [2:44:22<1:17:42,  2.78s/it]
 63%|██████▎   | 2822/4500 [2:44:26<1:29:13,  3.19s/it]
 63%|██████▎   | 2823/4500 [2:44:29<1:28:53,  3.18s/it]
 63%|██████▎   | 2825/4500 [2:44:31<1:02:37,  2.24s/it]
 63%|██████▎   | 2826/4500 [2:44:35<1:14:12,  2.66s/it]
 63%|██████▎   | 2827/4500 [2:44:40<1:27:24,  3.13s/it]
 63%|██████▎   | 2828/4500 [2:44:48<2:01:02,  4.34s/it]
 63%|██████▎   | 2829/4500 [2:44:50<1:46:26,  3.82s/it]
 63%|██████▎   | 2830/4500 [2:44:52<1:29:46,  3.23s/it]
 63%|██████▎   | 2831/4500 [2:44:55<1:31:55,  3.30s/it]
 63%|██████▎   | 2832/4500 [2:44:59<1:31:55,  3.31s/it]
 63%|██████▎   | 2833/4500 [2:45:03<1:39:01,  3.56s/it]
 63%|██████▎   | 2834/4500 [2:45:05<1:30:21,  3.25s/it]
 63%|██████▎   | 2835/4500 [2:45:10<1:41:13,  3.65s/it]
 63%|██████▎   | 2836/4500 [2:45:18<2:14:18,  4.84s/it]
 63%|██████▎   | 2838/4500 [2:45:20<1:29:34,  3.23s/it]
 63%|██████▎   | 2839/4500 [2:45:26<1:47:56,  3.90s/it]
 63%|██████▎   | 2840/4500 [2:45:27<1:29:41,  3.24s/it]
 63%|██████▎   | 2841/4500 [2:45:29<1:19:08,  2.86s/it]
 63%|██████▎   | 2843/4500 [2:45:35<1:16:33,  2.77s/it]
 63%|██████▎   | 2844/4500 [2:45:39<1:24:48,  3.07s/it]
 63%|██████▎   | 2845/4500 [2:45:41<1:22:41,  3.00s/it]
 63%|██████▎   | 2846/4500 [2:45:45<1:28:01,  3.19s/it]
 63%|██████▎   | 2847/4500 [2:45:49<1:31:18,  3.31s/it]
 63%|██████▎   | 2848/4500 [2:45:52<1:32:33,  3.36s/it]
 63%|██████▎   | 2849/4500 [2:45:55<1:29:11,  3.24s/it]
 63%|██████▎   | 2850/4500 [2:45:59<1:32:24,  3.36s/it]
 63%|██████▎   | 2851/4500 [2:46:01<1:20:39,  2.94s/it]
 63%|██████▎   | 2852/4500 [2:46:04<1:19:25,  2.89s/it]
 63%|██████▎   | 2853/4500 [2:46:09<1:40:33,  3.66s/it]
 63%|██████▎   | 2854/4500 [2:46:12<1:38:18,  3.58s/it]
 63%|██████▎   | 2855/4500 [2:46:16<1:38:29,  3.59s/it]
 63%|██████▎   | 2856/4500 [2:46:20<1:44:37,  3.82s/it]
 63%|██████▎   | 2857/4500 [2:46:23<1:37:19,  3.55s/it]
 64%|██████▎   | 2858/4500 [2:46:25<1:20:31,  2.94s/it]
 64%|██████▎   | 2859/4500 [2:46:28<1:19:47,  2.92s/it]
 64%|██████▎   | 2860/4500 [2:46:30<1:14:57,  2.74s/it]
 64%|██████▎   | 2862/4500 [2:46:32<54:30,  2.00s/it]  
 64%|██████▎   | 2863/4500 [2:46:35<58:34,  2.15s/it]
 64%|██████▎   | 2864/4500 [2:46:37<1:00:32,  2.22s/it]
 64%|██████▎   | 2865/4500 [2:46:41<1:13:59,  2.72s/it]
 64%|██████▎   | 2866/4500 [2:46:45<1:17:35,  2.85s/it]
 64%|██████▎   | 2867/4500 [2:46:48<1:22:05,  3.02s/it]
 64%|██████▎   | 2868/4500 [2:46:50<1:14:14,  2.73s/it]
 64%|██████▍   | 2869/4500 [2:46:54<1:25:07,  3.13s/it]
 64%|██████▍   | 2870/4500 [2:46:58<1:29:43,  3.30s/it]
 64%|██████▍   | 2871/4500 [2:47:02<1:38:14,  3.62s/it]
 64%|██████▍   | 2872/4500 [2:47:07<1:45:26,  3.89s/it]
 64%|██████▍   | 2873/4500 [2:47:12<1:55:09,  4.25s/it]
 64%|██████▍   | 2874/4500 [2:47:15<1:44:00,  3.84s/it]
 64%|██████▍   | 2875/4500 [2:47:19<1:48:50,  4.02s/it]
 64%|██████▍   | 2876/4500 [2:47:24<1:57:48,  4.35s/it]
 64%|██████▍   | 2877/4500 [2:47:27<1:46:24,  3.93s/it]
 64%|██████▍   | 2878/4500 [2:47:32<1:52:19,  4.16s/it]
 64%|██████▍   | 2879/4500 [2:47:36<1:50:53,  4.10s/it]
 64%|██████▍   | 2880/4500 [2:47:38<1:33:56,  3.48s/it]
 64%|██████▍   | 2881/4500 [2:47:40<1:24:23,  3.13s/it]
 64%|██████▍   | 2882/4500 [2:47:47<1:53:33,  4.21s/it]
 64%|██████▍   | 2883/4500 [2:47:56<2:29:53,  5.56s/it]
 64%|██████▍   | 2884/4500 [2:47:59<2:12:57,  4.94s/it]
 64%|██████▍   | 2885/4500 [2:48:02<1:53:41,  4.22s/it]
 64%|██████▍   | 2886/4500 [2:48:08<2:13:48,  4.97s/it]
 64%|██████▍   | 2887/4500 [2:48:11<1:55:31,  4.30s/it]
 64%|██████▍   | 2888/4500 [2:48:15<1:50:48,  4.12s/it]
 64%|██████▍   | 2889/4500 [2:48:18<1:45:24,  3.93s/it]
 64%|██████▍   | 2890/4500 [2:48:22<1:46:39,  3.97s/it]
 64%|██████▍   | 2891/4500 [2:48:27<1:47:31,  4.01s/it]
 64%|██████▍   | 2892/4500 [2:48:30<1:42:07,  3.81s/it]
 64%|██████▍   | 2893/4500 [2:48:36<1:58:10,  4.41s/it]
 64%|██████▍   | 2895/4500 [2:48:41<1:34:32,  3.53s/it]
 64%|██████▍   | 2896/4500 [2:48:46<1:46:03,  3.97s/it]
 64%|██████▍   | 2897/4500 [2:48:51<1:49:44,  4.11s/it]
 64%|██████▍   | 2898/4500 [2:48:54<1:42:59,  3.86s/it]
 64%|██████▍   | 2899/4500 [2:48:58<1:47:47,  4.04s/it]
 64%|██████▍   | 2900/4500 [2:49:01<1:37:32,  3.66s/it]
 64%|██████▍   | 2901/4500 [2:49:06<1:46:07,  3.98s/it]
 64%|██████▍   | 2902/4500 [2:49:12<2:05:17,  4.70s/it]
 65%|██████▍   | 2903/4500 [2:49:16<1:56:40,  4.38s/it]
 65%|██████▍   | 2904/4500 [2:49:20<1:53:05,  4.25s/it]
 65%|██████▍   | 2905/4500 [2:49:23<1:44:22,  3.93s/it]
 65%|██████▍   | 2906/4500 [2:49:30<2:06:33,  4.76s/it]
 65%|██████▍   | 2907/4500 [2:49:32<1:45:51,  3.99s/it]
 65%|██████▍   | 2908/4500 [2:49:33<1:26:38,  3.27s/it]
 65%|██████▍   | 2910/4500 [2:49:36<1:04:11,  2.42s/it]
 65%|██████▍   | 2911/4500 [2:49:38<57:38,  2.18s/it]  
 65%|██████▍   | 2912/4500 [2:49:45<1:31:26,  3.45s/it]
 65%|██████▍   | 2913/4500 [2:49:48<1:28:02,  3.33s/it]
 65%|██████▍   | 2914/4500 [2:49:51<1:26:56,  3.29s/it]
 65%|██████▍   | 2915/4500 [2:49:56<1:42:48,  3.89s/it]
 65%|██████▍   | 2916/4500 [2:50:00<1:38:15,  3.72s/it]
 65%|██████▍   | 2917/4500 [2:50:02<1:26:24,  3.28s/it]
 65%|██████▍   | 2918/4500 [2:50:05<1:25:00,  3.22s/it]
 65%|██████▍   | 2919/4500 [2:50:08<1:21:44,  3.10s/it]
 65%|██████▍   | 2920/4500 [2:50:16<2:02:18,  4.64s/it]
 65%|██████▍   | 2921/4500 [2:50:20<1:54:59,  4.37s/it]
 65%|██████▍   | 2922/4500 [2:50:23<1:43:19,  3.93s/it]
 65%|██████▍   | 2923/4500 [2:50:26<1:39:10,  3.77s/it]
 65%|██████▍   | 2924/4500 [2:50:29<1:31:32,  3.49s/it]
 65%|██████▌   | 2925/4500 [2:50:34<1:41:23,  3.86s/it]
 65%|██████▌   | 2926/4500 [2:50:36<1:31:29,  3.49s/it]
 65%|██████▌   | 2927/4500 [2:50:42<1:49:43,  4.19s/it]
 65%|██████▌   | 2928/4500 [2:50:45<1:43:09,  3.94s/it]
 65%|██████▌   | 2929/4500 [2:50:49<1:38:09,  3.75s/it]
 65%|██████▌   | 2930/4500 [2:50:52<1:33:03,  3.56s/it]
 65%|██████▌   | 2931/4500 [2:50:54<1:23:12,  3.18s/it]
 65%|██████▌   | 2932/4500 [2:50:58<1:31:26,  3.50s/it]
 65%|██████▌   | 2933/4500 [2:51:01<1:27:26,  3.35s/it]
 65%|██████▌   | 2934/4500 [2:51:05<1:28:44,  3.40s/it]
 65%|██████▌   | 2935/4500 [2:51:10<1:40:21,  3.85s/it]
 65%|██████▌   | 2936/4500 [2:51:13<1:36:47,  3.71s/it]
 65%|██████▌   | 2937/4500 [2:51:16<1:33:17,  3.58s/it]
 65%|██████▌   | 2938/4500 [2:51:20<1:30:34,  3.48s/it]
 65%|██████▌   | 2939/4500 [2:51:23<1:25:56,  3.30s/it]
 65%|██████▌   | 2940/4500 [2:51:26<1:24:25,  3.25s/it]
 65%|██████▌   | 2941/4500 [2:51:33<1:59:44,  4.61s/it]
 65%|██████▌   | 2942/4500 [2:51:35<1:39:42,  3.84s/it]
 65%|██████▌   | 2943/4500 [2:51:43<2:09:48,  5.00s/it]
 65%|██████▌   | 2944/4500 [2:51:47<2:00:19,  4.64s/it]
 65%|██████▌   | 2945/4500 [2:51:50<1:46:17,  4.10s/it]
 65%|██████▌   | 2946/4500 [2:51:53<1:36:17,  3.72s/it]
 65%|██████▌   | 2947/4500 [2:51:57<1:44:30,  4.04s/it]
 66%|██████▌   | 2948/4500 [2:52:00<1:30:12,  3.49s/it]
 66%|██████▌   | 2949/4500 [2:52:04<1:33:11,  3.61s/it]
 66%|██████▌   | 2950/4500 [2:52:06<1:22:44,  3.20s/it]
 66%|██████▌   | 2951/4500 [2:52:10<1:33:10,  3.61s/it]
 66%|██████▌   | 2952/4500 [2:52:13<1:25:34,  3.32s/it]
 66%|██████▌   | 2953/4500 [2:52:17<1:30:40,  3.52s/it]
 66%|██████▌   | 2955/4500 [2:52:19<1:01:04,  2.37s/it]
 66%|██████▌   | 2956/4500 [2:52:22<1:07:11,  2.61s/it]
 66%|██████▌   | 2957/4500 [2:52:26<1:12:56,  2.84s/it]
 66%|██████▌   | 2958/4500 [2:52:31<1:30:09,  3.51s/it]
 66%|██████▌   | 2959/4500 [2:52:35<1:31:03,  3.55s/it]
 66%|██████▌   | 2960/4500 [2:52:38<1:27:00,  3.39s/it]
 66%|██████▌   | 2961/4500 [2:52:41<1:28:44,  3.46s/it]
 66%|██████▌   | 2962/4500 [2:52:45<1:27:56,  3.43s/it]
 66%|██████▌   | 2963/4500 [2:52:49<1:34:26,  3.69s/it]
 66%|██████▌   | 2964/4500 [2:52:54<1:39:59,  3.91s/it]
 66%|██████▌   | 2965/4500 [2:52:56<1:32:33,  3.62s/it]
 66%|██████▌   | 2967/4500 [2:53:00<1:10:32,  2.76s/it]
 66%|██████▌   | 2968/4500 [2:53:03<1:10:05,  2.75s/it]
 66%|██████▌   | 2969/4500 [2:53:06<1:16:24,  2.99s/it]
 66%|██████▌   | 2970/4500 [2:53:10<1:23:28,  3.27s/it]
 66%|██████▌   | 2971/4500 [2:53:13<1:16:30,  3.00s/it]
 66%|██████▌   | 2972/4500 [2:53:16<1:16:55,  3.02s/it]
 66%|██████▌   | 2973/4500 [2:53:20<1:23:18,  3.27s/it]
 66%|██████▌   | 2974/4500 [2:53:26<1:45:37,  4.15s/it]
 66%|██████▌   | 2975/4500 [2:53:31<1:48:50,  4.28s/it]
 66%|██████▌   | 2976/4500 [2:53:33<1:38:05,  3.86s/it]
 66%|██████▌   | 2977/4500 [2:53:38<1:40:13,  3.95s/it]
 66%|██████▌   | 2978/4500 [2:53:43<1:50:34,  4.36s/it]
 66%|██████▌   | 2979/4500 [2:53:47<1:49:08,  4.31s/it]
 66%|██████▌   | 2980/4500 [2:53:50<1:40:24,  3.96s/it]
 66%|██████▌   | 2981/4500 [2:53:56<1:54:42,  4.53s/it]
 66%|██████▋   | 2982/4500 [2:53:59<1:40:41,  3.98s/it]
 66%|██████▋   | 2983/4500 [2:54:01<1:28:29,  3.50s/it]
 66%|██████▋   | 2984/4500 [2:54:03<1:18:05,  3.09s/it]
 66%|██████▋   | 2985/4500 [2:54:11<1:55:05,  4.56s/it]
 66%|██████▋   | 2986/4500 [2:54:15<1:47:31,  4.26s/it]
 66%|██████▋   | 2987/4500 [2:54:18<1:39:32,  3.95s/it]
 66%|██████▋   | 2988/4500 [2:54:29<2:29:18,  5.93s/it]
 66%|██████▋   | 2989/4500 [2:54:31<2:02:43,  4.87s/it]
 66%|██████▋   | 2990/4500 [2:54:33<1:40:55,  4.01s/it]
 66%|██████▋   | 2991/4500 [2:54:41<2:09:48,  5.16s/it]
 66%|██████▋   | 2992/4500 [2:54:44<1:52:58,  4.50s/it]
 67%|██████▋   | 2993/4500 [2:54:46<1:37:29,  3.88s/it]
 67%|██████▋   | 2994/4500 [2:54:48<1:24:06,  3.35s/it]
 67%|██████▋   | 2995/4500 [2:54:52<1:23:17,  3.32s/it]
 67%|██████▋   | 2996/4500 [2:54:56<1:32:34,  3.69s/it]
 67%|██████▋   | 2997/4500 [2:55:00<1:37:04,  3.88s/it]
 67%|██████▋   | 2998/4500 [2:55:01<1:14:04,  2.96s/it]
 67%|██████▋   | 2999/4500 [2:55:03<1:06:45,  2.67s/it]
 67%|██████▋   | 3000/4500 [2:55:05<1:01:35,  2.46s/it]
 67%|██████▋   | 3001/4500 [2:55:11<1:27:36,  3.51s/it]
 67%|██████▋   | 3002/4500 [2:55:15<1:27:48,  3.52s/it]
 67%|██████▋   | 3003/4500 [2:55:21<1:49:35,  4.39s/it]
 67%|██████▋   | 3004/4500 [2:55:23<1:31:42,  3.68s/it]
 67%|██████▋   | 3006/4500 [2:55:27<1:13:28,  2.95s/it]
 67%|██████▋   | 3007/4500 [2:55:30<1:11:08,  2.86s/it]
 67%|██████▋   | 3008/4500 [2:55:35<1:28:05,  3.54s/it]
 67%|██████▋   | 3009/4500 [2:55:39<1:27:54,  3.54s/it]
 67%|██████▋   | 3010/4500 [2:55:42<1:27:39,  3.53s/it]
 67%|██████▋   | 3011/4500 [2:55:46<1:28:03,  3.55s/it]
 67%|██████▋   | 3012/4500 [2:55:50<1:33:11,  3.76s/it]
 67%|██████▋   | 3013/4500 [2:55:53<1:25:36,  3.45s/it]
 67%|██████▋   | 3014/4500 [2:55:57<1:30:51,  3.67s/it]
 67%|██████▋   | 3015/4500 [2:56:02<1:39:53,  4.04s/it]
 67%|██████▋   | 3017/4500 [2:56:05<1:11:58,  2.91s/it]
 67%|██████▋   | 3018/4500 [2:56:10<1:20:34,  3.26s/it]
 67%|██████▋   | 3019/4500 [2:56:13<1:23:21,  3.38s/it]
 67%|██████▋   | 3020/4500 [2:56:20<1:47:27,  4.36s/it]
 67%|██████▋   | 3021/4500 [2:56:23<1:34:58,  3.85s/it]
 67%|██████▋   | 3022/4500 [2:56:25<1:20:17,  3.26s/it]
 67%|██████▋   | 3023/4500 [2:56:28<1:22:34,  3.35s/it]
 67%|██████▋   | 3024/4500 [2:56:34<1:38:30,  4.00s/it]
 67%|██████▋   | 3025/4500 [2:56:43<2:17:42,  5.60s/it]
 67%|██████▋   | 3026/4500 [2:56:46<1:58:57,  4.84s/it]
 67%|██████▋   | 3027/4500 [2:56:50<1:52:59,  4.60s/it]
 67%|██████▋   | 3028/4500 [2:56:56<2:03:44,  5.04s/it]
 67%|██████▋   | 3029/4500 [2:57:01<2:00:15,  4.91s/it]
 67%|██████▋   | 3030/4500 [2:57:04<1:45:58,  4.33s/it]
 67%|██████▋   | 3031/4500 [2:57:07<1:38:49,  4.04s/it]
 67%|██████▋   | 3033/4500 [2:57:10<1:09:36,  2.85s/it]
 67%|██████▋   | 3034/4500 [2:57:13<1:12:11,  2.95s/it]
 67%|██████▋   | 3035/4500 [2:57:17<1:17:31,  3.18s/it]
 67%|██████▋   | 3036/4500 [2:57:19<1:07:51,  2.78s/it]
 68%|██████▊   | 3038/4500 [2:57:22<52:03,  2.14s/it]  
 68%|██████▊   | 3039/4500 [2:57:25<57:48,  2.37s/it]
 68%|██████▊   | 3040/4500 [2:57:27<59:56,  2.46s/it]
 68%|██████▊   | 3042/4500 [2:57:30<48:58,  2.02s/it]
 68%|██████▊   | 3043/4500 [2:57:34<58:00,  2.39s/it]
 68%|██████▊   | 3044/4500 [2:57:38<1:05:09,  2.68s/it]
 68%|██████▊   | 3045/4500 [2:57:40<1:06:04,  2.72s/it]
 68%|██████▊   | 3046/4500 [2:57:46<1:23:44,  3.46s/it]
 68%|██████▊   | 3047/4500 [2:57:50<1:27:16,  3.60s/it]
 68%|██████▊   | 3048/4500 [2:57:53<1:26:57,  3.59s/it]
 68%|██████▊   | 3049/4500 [2:57:56<1:22:19,  3.40s/it]
 68%|██████▊   | 3050/4500 [2:58:04<1:54:08,  4.72s/it]
 68%|██████▊   | 3051/4500 [2:58:07<1:42:05,  4.23s/it]
 68%|██████▊   | 3052/4500 [2:58:09<1:25:56,  3.56s/it]
 68%|██████▊   | 3054/4500 [2:58:14<1:12:17,  3.00s/it]
 68%|██████▊   | 3055/4500 [2:58:15<1:04:09,  2.66s/it]
 68%|██████▊   | 3056/4500 [2:58:18<1:02:57,  2.62s/it]
 68%|██████▊   | 3057/4500 [2:58:20<58:01,  2.41s/it]  
 68%|██████▊   | 3058/4500 [2:58:22<56:14,  2.34s/it]
 68%|██████▊   | 3059/4500 [2:58:25<1:02:29,  2.60s/it]
 68%|██████▊   | 3060/4500 [2:58:27<59:22,  2.47s/it]  
 68%|██████▊   | 3061/4500 [2:58:29<53:35,  2.23s/it]
 68%|██████▊   | 3062/4500 [2:58:34<1:09:31,  2.90s/it]
 68%|██████▊   | 3063/4500 [2:58:37<1:12:02,  3.01s/it]
 68%|██████▊   | 3064/4500 [2:58:40<1:12:00,  3.01s/it]
 68%|██████▊   | 3065/4500 [2:58:43<1:13:03,  3.05s/it]
 68%|██████▊   | 3066/4500 [2:58:47<1:20:24,  3.36s/it]
 68%|██████▊   | 3067/4500 [2:58:50<1:17:45,  3.26s/it]
 68%|██████▊   | 3068/4500 [2:58:53<1:13:31,  3.08s/it]
 68%|██████▊   | 3069/4500 [2:59:02<1:59:32,  5.01s/it]
 68%|██████▊   | 3070/4500 [2:59:11<2:28:52,  6.25s/it]
 68%|██████▊   | 3071/4500 [2:59:15<2:12:07,  5.55s/it]
 68%|██████▊   | 3072/4500 [2:59:18<1:53:10,  4.75s/it]
 68%|██████▊   | 3073/4500 [2:59:23<1:51:13,  4.68s/it]
 68%|██████▊   | 3074/4500 [2:59:24<1:30:25,  3.80s/it]
 68%|██████▊   | 3075/4500 [2:59:29<1:36:11,  4.05s/it]
 68%|██████▊   | 3076/4500 [2:59:33<1:37:56,  4.13s/it]
 68%|██████▊   | 3077/4500 [2:59:36<1:25:58,  3.63s/it]
 68%|██████▊   | 3078/4500 [2:59:38<1:14:43,  3.15s/it]
 68%|██████▊   | 3079/4500 [2:59:42<1:21:48,  3.45s/it]
 68%|██████▊   | 3080/4500 [2:59:44<1:13:38,  3.11s/it]
 68%|██████▊   | 3081/4500 [2:59:48<1:14:04,  3.13s/it]
 68%|██████▊   | 3082/4500 [2:59:50<1:05:49,  2.79s/it]
 69%|██████▊   | 3083/4500 [2:59:56<1:28:54,  3.76s/it]
 69%|██████▊   | 3084/4500 [3:00:02<1:49:25,  4.64s/it]
 69%|██████▊   | 3085/4500 [3:00:07<1:49:39,  4.65s/it]
 69%|██████▊   | 3086/4500 [3:00:10<1:38:23,  4.18s/it]
 69%|██████▊   | 3087/4500 [3:00:12<1:22:21,  3.50s/it]
 69%|██████▊   | 3088/4500 [3:00:16<1:23:00,  3.53s/it]
 69%|██████▊   | 3089/4500 [3:00:19<1:19:55,  3.40s/it]
 69%|██████▊   | 3090/4500 [3:00:22<1:21:56,  3.49s/it]
 69%|██████▊   | 3091/4500 [3:00:28<1:38:00,  4.17s/it]
 69%|██████▊   | 3092/4500 [3:00:33<1:41:08,  4.31s/it]
 69%|██████▊   | 3093/4500 [3:00:35<1:27:03,  3.71s/it]
 69%|██████▉   | 3094/4500 [3:00:39<1:27:22,  3.73s/it]
 69%|██████▉   | 3095/4500 [3:00:42<1:22:10,  3.51s/it]
 69%|██████▉   | 3096/4500 [3:00:54<2:21:47,  6.06s/it]
 69%|██████▉   | 3098/4500 [3:00:58<1:38:04,  4.20s/it]
 69%|██████▉   | 3099/4500 [3:01:01<1:30:24,  3.87s/it]
 69%|██████▉   | 3100/4500 [3:01:03<1:22:25,  3.53s/it]
 69%|██████▉   | 3101/4500 [3:01:07<1:22:28,  3.54s/it]
 69%|██████▉   | 3102/4500 [3:01:12<1:31:00,  3.91s/it]
 69%|██████▉   | 3103/4500 [3:01:14<1:21:16,  3.49s/it]
 69%|██████▉   | 3104/4500 [3:01:17<1:14:53,  3.22s/it]
 69%|██████▉   | 3105/4500 [3:01:21<1:19:35,  3.42s/it]
 69%|██████▉   | 3106/4500 [3:01:24<1:16:11,  3.28s/it]
 69%|██████▉   | 3107/4500 [3:01:27<1:15:21,  3.25s/it]
 69%|██████▉   | 3108/4500 [3:01:30<1:12:37,  3.13s/it]
 69%|██████▉   | 3109/4500 [3:01:33<1:15:21,  3.25s/it]
 69%|██████▉   | 3110/4500 [3:01:37<1:21:16,  3.51s/it]
 69%|██████▉   | 3111/4500 [3:01:42<1:30:07,  3.89s/it]
 69%|██████▉   | 3113/4500 [3:01:45<1:06:21,  2.87s/it]
 69%|██████▉   | 3114/4500 [3:01:49<1:12:35,  3.14s/it]
 69%|██████▉   | 3115/4500 [3:01:57<1:42:18,  4.43s/it]
 69%|██████▉   | 3116/4500 [3:02:01<1:34:23,  4.09s/it]
 69%|██████▉   | 3117/4500 [3:02:06<1:44:14,  4.52s/it]
 69%|██████▉   | 3118/4500 [3:02:09<1:30:09,  3.91s/it]
 69%|██████▉   | 3119/4500 [3:02:16<1:53:20,  4.92s/it]
 69%|██████▉   | 3120/4500 [3:02:18<1:35:17,  4.14s/it]
 69%|██████▉   | 3121/4500 [3:02:21<1:27:22,  3.80s/it]
 69%|██████▉   | 3122/4500 [3:02:27<1:39:28,  4.33s/it]
 69%|██████▉   | 3123/4500 [3:02:31<1:36:02,  4.19s/it]
 69%|██████▉   | 3124/4500 [3:02:36<1:45:05,  4.58s/it]
 69%|██████▉   | 3125/4500 [3:02:38<1:26:15,  3.76s/it]
 69%|██████▉   | 3126/4500 [3:02:40<1:10:42,  3.09s/it]
 69%|██████▉   | 3127/4500 [3:02:43<1:11:12,  3.11s/it]
 70%|██████▉   | 3128/4500 [3:02:47<1:18:53,  3.45s/it]
 70%|██████▉   | 3129/4500 [3:02:50<1:15:56,  3.32s/it]
 70%|██████▉   | 3130/4500 [3:02:54<1:17:56,  3.41s/it]
 70%|██████▉   | 3131/4500 [3:03:00<1:34:49,  4.16s/it]
 70%|██████▉   | 3132/4500 [3:03:02<1:23:06,  3.64s/it]
 70%|██████▉   | 3133/4500 [3:03:05<1:16:14,  3.35s/it]
 70%|██████▉   | 3134/4500 [3:03:07<1:11:03,  3.12s/it]
 70%|██████▉   | 3135/4500 [3:03:11<1:12:55,  3.21s/it]
 70%|██████▉   | 3136/4500 [3:03:15<1:18:43,  3.46s/it]
 70%|██████▉   | 3137/4500 [3:03:16<1:05:33,  2.89s/it]
 70%|██████▉   | 3138/4500 [3:03:19<1:04:31,  2.84s/it]
 70%|██████▉   | 3139/4500 [3:03:23<1:09:08,  3.05s/it]
 70%|██████▉   | 3140/4500 [3:03:24<59:18,  2.62s/it]  
 70%|██████▉   | 3141/4500 [3:03:29<1:13:11,  3.23s/it]
 70%|██████▉   | 3142/4500 [3:03:32<1:12:44,  3.21s/it]
 70%|██████▉   | 3143/4500 [3:03:34<1:07:45,  3.00s/it]
 70%|██████▉   | 3144/4500 [3:03:38<1:13:58,  3.27s/it]
 70%|██████▉   | 3145/4500 [3:03:43<1:19:47,  3.53s/it]
 70%|██████▉   | 3146/4500 [3:03:45<1:14:36,  3.31s/it]
 70%|██████▉   | 3147/4500 [3:03:49<1:14:23,  3.30s/it]
 70%|██████▉   | 3148/4500 [3:03:53<1:20:07,  3.56s/it]
 70%|██████▉   | 3149/4500 [3:03:55<1:08:17,  3.03s/it]
 70%|███████   | 3150/4500 [3:03:59<1:14:55,  3.33s/it]
 70%|███████   | 3151/4500 [3:04:01<1:08:05,  3.03s/it]
 70%|███████   | 3153/4500 [3:04:04<54:03,  2.41s/it]  
 70%|███████   | 3154/4500 [3:04:09<1:07:55,  3.03s/it]
 70%|███████   | 3155/4500 [3:04:13<1:13:26,  3.28s/it]
 70%|███████   | 3156/4500 [3:04:16<1:12:17,  3.23s/it]
 70%|███████   | 3157/4500 [3:04:18<1:05:17,  2.92s/it]
 70%|███████   | 3158/4500 [3:04:21<1:00:33,  2.71s/it]
 70%|███████   | 3159/4500 [3:04:24<1:06:38,  2.98s/it]
 70%|███████   | 3160/4500 [3:04:26<1:01:17,  2.74s/it]
 70%|███████   | 3161/4500 [3:04:30<1:06:56,  3.00s/it]
 70%|███████   | 3162/4500 [3:04:34<1:12:34,  3.25s/it]
 70%|███████   | 3163/4500 [3:04:36<1:05:23,  2.93s/it]
 70%|███████   | 3164/4500 [3:04:39<1:06:38,  2.99s/it]
 70%|███████   | 3165/4500 [3:04:42<1:03:13,  2.84s/it]
 70%|███████   | 3166/4500 [3:04:45<1:05:36,  2.95s/it]
 70%|███████   | 3167/4500 [3:04:50<1:18:51,  3.55s/it]
 70%|███████   | 3168/4500 [3:04:51<1:06:23,  2.99s/it]
 70%|███████   | 3169/4500 [3:04:55<1:10:13,  3.17s/it]
 70%|███████   | 3170/4500 [3:04:58<1:09:03,  3.12s/it]
 70%|███████   | 3171/4500 [3:05:01<1:07:26,  3.04s/it]
 70%|███████   | 3172/4500 [3:05:04<1:08:23,  3.09s/it]
 71%|███████   | 3173/4500 [3:05:06<1:02:16,  2.82s/it]
 71%|███████   | 3174/4500 [3:05:09<1:00:02,  2.72s/it]
 71%|███████   | 3175/4500 [3:05:11<57:42,  2.61s/it]  
 71%|███████   | 3177/4500 [3:05:15<50:08,  2.27s/it]
 71%|███████   | 3178/4500 [3:05:18<53:27,  2.43s/it]
 71%|███████   | 3179/4500 [3:05:20<52:44,  2.40s/it]
 71%|███████   | 3180/4500 [3:05:25<1:08:16,  3.10s/it]
 71%|███████   | 3181/4500 [3:05:28<1:07:49,  3.08s/it]
 71%|███████   | 3182/4500 [3:05:32<1:09:46,  3.18s/it]
 71%|███████   | 3183/4500 [3:05:39<1:37:40,  4.45s/it]
 71%|███████   | 3184/4500 [3:05:41<1:18:59,  3.60s/it]
 71%|███████   | 3185/4500 [3:05:43<1:13:47,  3.37s/it]
 71%|███████   | 3186/4500 [3:05:48<1:19:38,  3.64s/it]
 71%|███████   | 3187/4500 [3:05:49<1:05:46,  3.01s/it]
 71%|███████   | 3188/4500 [3:05:52<1:03:32,  2.91s/it]
 71%|███████   | 3189/4500 [3:05:55<1:04:08,  2.94s/it]
 71%|███████   | 3190/4500 [3:05:59<1:13:20,  3.36s/it]
 71%|███████   | 3191/4500 [3:06:02<1:09:16,  3.18s/it]
 71%|███████   | 3192/4500 [3:06:07<1:22:20,  3.78s/it]
 71%|███████   | 3193/4500 [3:06:11<1:24:09,  3.86s/it]
 71%|███████   | 3194/4500 [3:06:14<1:19:34,  3.66s/it]
 71%|███████   | 3195/4500 [3:06:18<1:16:57,  3.54s/it]
 71%|███████   | 3196/4500 [3:06:20<1:08:06,  3.13s/it]
 71%|███████   | 3197/4500 [3:06:23<1:05:56,  3.04s/it]
 71%|███████   | 3198/4500 [3:06:25<1:03:53,  2.94s/it]
 71%|███████   | 3199/4500 [3:06:28<58:07,  2.68s/it]  
 71%|███████   | 3200/4500 [3:06:31<1:01:00,  2.82s/it]
 71%|███████   | 3201/4500 [3:06:33<56:23,  2.60s/it]  
 71%|███████   | 3202/4500 [3:06:38<1:14:25,  3.44s/it]
 71%|███████   | 3203/4500 [3:06:41<1:08:59,  3.19s/it]
 71%|███████   | 3204/4500 [3:06:43<1:01:33,  2.85s/it]
 71%|███████   | 3205/4500 [3:06:45<54:46,  2.54s/it]  
 71%|███████   | 3206/4500 [3:06:50<1:11:33,  3.32s/it]
 71%|███████▏  | 3207/4500 [3:06:53<1:09:52,  3.24s/it]
 71%|███████▏  | 3208/4500 [3:06:56<1:10:44,  3.29s/it]
 71%|███████▏  | 3209/4500 [3:06:59<1:06:14,  3.08s/it]
 71%|███████▏  | 3210/4500 [3:07:03<1:10:55,  3.30s/it]
 71%|███████▏  | 3211/4500 [3:07:09<1:29:49,  4.18s/it]
 71%|███████▏  | 3212/4500 [3:07:12<1:22:48,  3.86s/it]
 71%|███████▏  | 3213/4500 [3:07:15<1:14:42,  3.48s/it]
 71%|███████▏  | 3214/4500 [3:07:18<1:13:54,  3.45s/it]
 71%|███████▏  | 3215/4500 [3:07:21<1:08:10,  3.18s/it]
 71%|███████▏  | 3216/4500 [3:07:23<1:01:14,  2.86s/it]
 71%|███████▏  | 3217/4500 [3:07:30<1:30:03,  4.21s/it]
 72%|███████▏  | 3218/4500 [3:07:33<1:22:17,  3.85s/it]
 72%|███████▏  | 3219/4500 [3:07:37<1:20:40,  3.78s/it]
 72%|███████▏  | 3220/4500 [3:07:40<1:16:03,  3.57s/it]
 72%|███████▏  | 3221/4500 [3:07:42<1:06:49,  3.13s/it]
 72%|███████▏  | 3222/4500 [3:07:47<1:22:44,  3.88s/it]
 72%|███████▏  | 3223/4500 [3:07:50<1:13:02,  3.43s/it]
 72%|███████▏  | 3224/4500 [3:07:52<1:06:33,  3.13s/it]
 72%|███████▏  | 3225/4500 [3:07:56<1:09:04,  3.25s/it]
 72%|███████▏  | 3226/4500 [3:07:58<1:05:34,  3.09s/it]
 72%|███████▏  | 3227/4500 [3:08:00<56:17,  2.65s/it]  
 72%|███████▏  | 3228/4500 [3:08:02<53:28,  2.52s/it]
 72%|███████▏  | 3229/4500 [3:08:06<1:02:48,  2.97s/it]
 72%|███████▏  | 3230/4500 [3:08:09<1:03:41,  3.01s/it]
 72%|███████▏  | 3231/4500 [3:08:13<1:09:30,  3.29s/it]
 72%|███████▏  | 3232/4500 [3:08:17<1:09:19,  3.28s/it]
 72%|███████▏  | 3233/4500 [3:08:21<1:13:29,  3.48s/it]
 72%|███████▏  | 3234/4500 [3:08:25<1:16:21,  3.62s/it]
 72%|███████▏  | 3235/4500 [3:08:31<1:36:54,  4.60s/it]
 72%|███████▏  | 3236/4500 [3:08:39<1:56:47,  5.54s/it]
 72%|███████▏  | 3237/4500 [3:08:41<1:32:05,  4.37s/it]
 72%|███████▏  | 3238/4500 [3:08:43<1:17:12,  3.67s/it]
 72%|███████▏  | 3239/4500 [3:08:48<1:28:10,  4.20s/it]
 72%|███████▏  | 3240/4500 [3:08:50<1:15:34,  3.60s/it]
 72%|███████▏  | 3241/4500 [3:08:53<1:06:10,  3.15s/it]
 72%|███████▏  | 3242/4500 [3:08:57<1:12:57,  3.48s/it]
 72%|███████▏  | 3243/4500 [3:09:00<1:13:03,  3.49s/it]
 72%|███████▏  | 3244/4500 [3:09:06<1:25:37,  4.09s/it]
 72%|███████▏  | 3245/4500 [3:09:07<1:10:20,  3.36s/it]
 72%|███████▏  | 3246/4500 [3:09:09<58:24,  2.79s/it]  
 72%|███████▏  | 3247/4500 [3:09:13<1:04:37,  3.09s/it]
 72%|███████▏  | 3248/4500 [3:09:18<1:15:47,  3.63s/it]
 72%|███████▏  | 3249/4500 [3:09:19<1:02:53,  3.02s/it]
 72%|███████▏  | 3250/4500 [3:09:22<1:04:02,  3.07s/it]
 72%|███████▏  | 3251/4500 [3:09:24<54:14,  2.61s/it]  
 72%|███████▏  | 3252/4500 [3:09:28<1:03:07,  3.03s/it]
 72%|███████▏  | 3253/4500 [3:09:35<1:27:03,  4.19s/it]
 72%|███████▏  | 3254/4500 [3:09:38<1:20:45,  3.89s/it]
 72%|███████▏  | 3255/4500 [3:09:42<1:18:06,  3.76s/it]
 72%|███████▏  | 3256/4500 [3:09:44<1:11:58,  3.47s/it]
 72%|███████▏  | 3257/4500 [3:09:48<1:13:47,  3.56s/it]
 72%|███████▏  | 3258/4500 [3:09:52<1:14:24,  3.59s/it]
 72%|███████▏  | 3259/4500 [3:09:55<1:13:03,  3.53s/it]
 72%|███████▏  | 3260/4500 [3:09:59<1:13:56,  3.58s/it]
 72%|███████▏  | 3262/4500 [3:10:02<53:07,  2.57s/it]  
 73%|███████▎  | 3263/4500 [3:10:05<55:36,  2.70s/it]
 73%|███████▎  | 3264/4500 [3:10:07<54:44,  2.66s/it]
 73%|███████▎  | 3265/4500 [3:10:11<59:40,  2.90s/it]
 73%|███████▎  | 3266/4500 [3:10:13<57:21,  2.79s/it]
 73%|███████▎  | 3267/4500 [3:10:17<1:04:16,  3.13s/it]
 73%|███████▎  | 3268/4500 [3:10:21<1:06:34,  3.24s/it]
 73%|███████▎  | 3269/4500 [3:10:25<1:14:00,  3.61s/it]
 73%|███████▎  | 3270/4500 [3:10:27<1:05:25,  3.19s/it]
 73%|███████▎  | 3271/4500 [3:10:32<1:13:00,  3.56s/it]
 73%|███████▎  | 3272/4500 [3:10:36<1:17:37,  3.79s/it]
 73%|███████▎  | 3273/4500 [3:10:40<1:15:08,  3.67s/it]
 73%|███████▎  | 3274/4500 [3:10:46<1:28:30,  4.33s/it]
 73%|███████▎  | 3275/4500 [3:10:48<1:17:00,  3.77s/it]
 73%|███████▎  | 3276/4500 [3:10:51<1:11:19,  3.50s/it]
 73%|███████▎  | 3277/4500 [3:11:00<1:47:06,  5.25s/it]
 73%|███████▎  | 3278/4500 [3:11:04<1:36:32,  4.74s/it]
 73%|███████▎  | 3279/4500 [3:11:07<1:25:30,  4.20s/it]
 73%|███████▎  | 3280/4500 [3:11:09<1:14:42,  3.67s/it]
 73%|███████▎  | 3281/4500 [3:11:14<1:20:23,  3.96s/it]
 73%|███████▎  | 3282/4500 [3:11:16<1:09:09,  3.41s/it]
 73%|███████▎  | 3283/4500 [3:11:20<1:15:08,  3.70s/it]
 73%|███████▎  | 3284/4500 [3:11:25<1:23:45,  4.13s/it]
 73%|███████▎  | 3285/4500 [3:11:28<1:14:18,  3.67s/it]
 73%|███████▎  | 3286/4500 [3:11:32<1:15:53,  3.75s/it]
 73%|███████▎  | 3287/4500 [3:11:37<1:22:44,  4.09s/it]
 73%|███████▎  | 3288/4500 [3:11:45<1:48:09,  5.35s/it]
 73%|███████▎  | 3289/4500 [3:11:49<1:41:36,  5.03s/it]
 73%|███████▎  | 3290/4500 [3:11:53<1:32:29,  4.59s/it]
 73%|███████▎  | 3291/4500 [3:12:00<1:48:32,  5.39s/it]
 73%|███████▎  | 3292/4500 [3:12:02<1:26:09,  4.28s/it]
 73%|███████▎  | 3293/4500 [3:12:08<1:36:49,  4.81s/it]
 73%|███████▎  | 3294/4500 [3:12:11<1:26:41,  4.31s/it]
 73%|███████▎  | 3295/4500 [3:12:19<1:48:43,  5.41s/it]
 73%|███████▎  | 3296/4500 [3:12:22<1:35:46,  4.77s/it]
 73%|███████▎  | 3297/4500 [3:12:25<1:24:12,  4.20s/it]
 73%|███████▎  | 3298/4500 [3:12:28<1:16:02,  3.80s/it]
 73%|███████▎  | 3299/4500 [3:12:31<1:10:03,  3.50s/it]
 73%|███████▎  | 3300/4500 [3:12:33<1:02:34,  3.13s/it]
 73%|███████▎  | 3301/4500 [3:12:37<1:07:54,  3.40s/it]
 73%|███████▎  | 3303/4500 [3:12:45<1:11:56,  3.61s/it]
 73%|███████▎  | 3304/4500 [3:12:47<1:04:12,  3.22s/it]
 73%|███████▎  | 3306/4500 [3:12:49<45:08,  2.27s/it]  
 73%|███████▎  | 3307/4500 [3:12:51<45:24,  2.28s/it]
 74%|███████▎  | 3308/4500 [3:12:54<49:04,  2.47s/it]
 74%|███████▎  | 3309/4500 [3:12:57<50:10,  2.53s/it]
 74%|███████▎  | 3310/4500 [3:13:00<50:55,  2.57s/it]
 74%|███████▎  | 3311/4500 [3:13:02<49:21,  2.49s/it]
 74%|███████▎  | 3312/4500 [3:13:04<48:32,  2.45s/it]
 74%|███████▎  | 3313/4500 [3:13:07<49:15,  2.49s/it]
 74%|███████▎  | 3314/4500 [3:13:10<52:19,  2.65s/it]
 74%|███████▎  | 3315/4500 [3:13:12<51:21,  2.60s/it]
 74%|███████▎  | 3316/4500 [3:13:15<51:08,  2.59s/it]
 74%|███████▎  | 3317/4500 [3:13:23<1:24:59,  4.31s/it]
 74%|███████▎  | 3318/4500 [3:13:27<1:24:43,  4.30s/it]
 74%|███████▍  | 3319/4500 [3:13:31<1:17:57,  3.96s/it]
 74%|███████▍  | 3320/4500 [3:13:39<1:44:38,  5.32s/it]
 74%|███████▍  | 3321/4500 [3:13:43<1:33:46,  4.77s/it]
 74%|███████▍  | 3322/4500 [3:13:47<1:30:33,  4.61s/it]
 74%|███████▍  | 3324/4500 [3:13:53<1:18:31,  4.01s/it]
 74%|███████▍  | 3325/4500 [3:13:55<1:03:58,  3.27s/it]
 74%|███████▍  | 3326/4500 [3:13:57<1:01:02,  3.12s/it]
 74%|███████▍  | 3327/4500 [3:14:00<59:53,  3.06s/it]  
 74%|███████▍  | 3328/4500 [3:14:04<1:04:50,  3.32s/it]
 74%|███████▍  | 3329/4500 [3:14:06<55:28,  2.84s/it]  
 74%|███████▍  | 3330/4500 [3:14:09<59:37,  3.06s/it]
 74%|███████▍  | 3331/4500 [3:14:15<1:16:32,  3.93s/it]
 74%|███████▍  | 3332/4500 [3:14:18<1:09:05,  3.55s/it]
 74%|███████▍  | 3333/4500 [3:14:20<58:10,  2.99s/it]  
 74%|███████▍  | 3334/4500 [3:14:24<1:04:01,  3.29s/it]
 74%|███████▍  | 3335/4500 [3:14:26<57:27,  2.96s/it]  
 74%|███████▍  | 3336/4500 [3:14:30<1:01:37,  3.18s/it]
 74%|███████▍  | 3337/4500 [3:14:33<1:04:08,  3.31s/it]
 74%|███████▍  | 3338/4500 [3:14:35<56:15,  2.91s/it]  
 74%|███████▍  | 3339/4500 [3:14:37<52:42,  2.72s/it]
 74%|███████▍  | 3340/4500 [3:14:46<1:28:03,  4.56s/it]
 74%|███████▍  | 3341/4500 [3:14:49<1:16:59,  3.99s/it]
 74%|███████▍  | 3342/4500 [3:14:53<1:15:51,  3.93s/it]
 74%|███████▍  | 3343/4500 [3:14:57<1:16:44,  3.98s/it]
 74%|███████▍  | 3344/4500 [3:15:01<1:15:17,  3.91s/it]
 74%|███████▍  | 3345/4500 [3:15:04<1:13:37,  3.82s/it]
 74%|███████▍  | 3346/4500 [3:15:10<1:26:31,  4.50s/it]
 74%|███████▍  | 3347/4500 [3:15:13<1:15:08,  3.91s/it]
 74%|███████▍  | 3348/4500 [3:15:16<1:10:27,  3.67s/it]
 74%|███████▍  | 3349/4500 [3:15:19<1:07:19,  3.51s/it]
 74%|███████▍  | 3350/4500 [3:15:23<1:07:22,  3.52s/it]
 74%|███████▍  | 3351/4500 [3:15:26<1:08:00,  3.55s/it]
 74%|███████▍  | 3352/4500 [3:15:29<1:06:17,  3.46s/it]
 75%|███████▍  | 3353/4500 [3:15:32<1:01:54,  3.24s/it]
 75%|███████▍  | 3354/4500 [3:15:38<1:17:21,  4.05s/it]
 75%|███████▍  | 3355/4500 [3:15:40<1:06:10,  3.47s/it]
 75%|███████▍  | 3356/4500 [3:15:43<1:03:01,  3.31s/it]
 75%|███████▍  | 3357/4500 [3:15:48<1:09:02,  3.62s/it]
 75%|███████▍  | 3358/4500 [3:15:50<1:04:42,  3.40s/it]
 75%|███████▍  | 3359/4500 [3:15:54<1:04:55,  3.41s/it]
 75%|███████▍  | 3360/4500 [3:15:57<1:00:59,  3.21s/it]
 75%|███████▍  | 3361/4500 [3:15:59<59:19,  3.12s/it]  
 75%|███████▍  | 3362/4500 [3:16:01<52:05,  2.75s/it]
 75%|███████▍  | 3363/4500 [3:16:04<51:16,  2.71s/it]
 75%|███████▍  | 3364/4500 [3:16:08<57:42,  3.05s/it]
 75%|███████▍  | 3365/4500 [3:16:12<1:05:48,  3.48s/it]
 75%|███████▍  | 3366/4500 [3:16:16<1:07:09,  3.55s/it]
 75%|███████▍  | 3367/4500 [3:16:19<1:03:36,  3.37s/it]
 75%|███████▍  | 3368/4500 [3:16:22<1:04:10,  3.40s/it]
 75%|███████▍  | 3369/4500 [3:16:28<1:17:56,  4.13s/it]
 75%|███████▍  | 3370/4500 [3:16:32<1:14:35,  3.96s/it]
 75%|███████▍  | 3371/4500 [3:16:35<1:10:29,  3.75s/it]
 75%|███████▍  | 3372/4500 [3:16:38<1:03:55,  3.40s/it]
 75%|███████▍  | 3373/4500 [3:16:40<55:05,  2.93s/it]  
 75%|███████▍  | 3374/4500 [3:16:43<58:36,  3.12s/it]
 75%|███████▌  | 3375/4500 [3:16:48<1:07:51,  3.62s/it]
 75%|███████▌  | 3376/4500 [3:16:51<1:03:06,  3.37s/it]
 75%|███████▌  | 3377/4500 [3:16:54<1:03:08,  3.37s/it]
 75%|███████▌  | 3378/4500 [3:16:57<1:01:07,  3.27s/it]
 75%|███████▌  | 3379/4500 [3:16:59<54:54,  2.94s/it]  
 75%|███████▌  | 3380/4500 [3:17:02<56:11,  3.01s/it]
 75%|███████▌  | 3381/4500 [3:17:06<58:11,  3.12s/it]
 75%|███████▌  | 3383/4500 [3:17:08<40:06,  2.15s/it]
 75%|███████▌  | 3384/4500 [3:17:16<1:07:09,  3.61s/it]
 75%|███████▌  | 3385/4500 [3:17:20<1:09:04,  3.72s/it]
 75%|███████▌  | 3386/4500 [3:17:23<1:06:05,  3.56s/it]
 75%|███████▌  | 3387/4500 [3:17:27<1:07:16,  3.63s/it]
 75%|███████▌  | 3388/4500 [3:17:29<58:58,  3.18s/it]  
 75%|███████▌  | 3389/4500 [3:17:32<1:00:39,  3.28s/it]
 75%|███████▌  | 3390/4500 [3:17:34<53:52,  2.91s/it]  
 75%|███████▌  | 3391/4500 [3:17:36<47:59,  2.60s/it]
 75%|███████▌  | 3392/4500 [3:17:40<53:22,  2.89s/it]
 75%|███████▌  | 3393/4500 [3:17:42<49:02,  2.66s/it]
 75%|███████▌  | 3394/4500 [3:17:44<44:25,  2.41s/it]
 75%|███████▌  | 3395/4500 [3:17:46<43:50,  2.38s/it]
 75%|███████▌  | 3396/4500 [3:17:50<51:00,  2.77s/it]
 75%|███████▌  | 3397/4500 [3:17:52<48:11,  2.62s/it]
 76%|███████▌  | 3398/4500 [3:17:54<46:52,  2.55s/it]
 76%|███████▌  | 3399/4500 [3:17:56<41:13,  2.25s/it]
 76%|███████▌  | 3400/4500 [3:18:00<48:40,  2.66s/it]
 76%|███████▌  | 3401/4500 [3:18:03<53:53,  2.94s/it]
 76%|███████▌  | 3402/4500 [3:18:06<54:33,  2.98s/it]
 76%|███████▌  | 3403/4500 [3:18:15<1:25:06,  4.65s/it]
 76%|███████▌  | 3404/4500 [3:18:19<1:21:30,  4.46s/it]
 76%|███████▌  | 3405/4500 [3:18:23<1:19:33,  4.36s/it]
 76%|███████▌  | 3406/4500 [3:18:26<1:09:28,  3.81s/it]
 76%|███████▌  | 3407/4500 [3:18:27<56:51,  3.12s/it]  
 76%|███████▌  | 3408/4500 [3:18:30<57:25,  3.16s/it]
 76%|███████▌  | 3409/4500 [3:18:36<1:12:59,  4.01s/it]
 76%|███████▌  | 3410/4500 [3:18:38<59:57,  3.30s/it]  
 76%|███████▌  | 3411/4500 [3:18:42<1:06:48,  3.68s/it]
 76%|███████▌  | 3412/4500 [3:18:45<1:01:48,  3.41s/it]
 76%|███████▌  | 3413/4500 [3:18:48<58:04,  3.21s/it]  
 76%|███████▌  | 3414/4500 [3:18:55<1:20:56,  4.47s/it]
 76%|███████▌  | 3415/4500 [3:19:00<1:21:36,  4.51s/it]
 76%|███████▌  | 3416/4500 [3:19:03<1:13:45,  4.08s/it]
 76%|███████▌  | 3417/4500 [3:19:06<1:04:46,  3.59s/it]
 76%|███████▌  | 3418/4500 [3:19:08<58:46,  3.26s/it]  
 76%|███████▌  | 3419/4500 [3:19:11<56:24,  3.13s/it]
 76%|███████▌  | 3420/4500 [3:19:14<57:58,  3.22s/it]
 76%|███████▌  | 3421/4500 [3:19:20<1:10:07,  3.90s/it]
 76%|███████▌  | 3422/4500 [3:19:27<1:28:50,  4.94s/it]
 76%|███████▌  | 3423/4500 [3:19:29<1:11:22,  3.98s/it]
 76%|███████▌  | 3424/4500 [3:19:30<57:56,  3.23s/it]  
 76%|███████▌  | 3425/4500 [3:19:33<56:37,  3.16s/it]
 76%|███████▌  | 3426/4500 [3:19:38<1:05:26,  3.66s/it]
 76%|███████▌  | 3427/4500 [3:19:42<1:05:00,  3.64s/it]
 76%|███████▌  | 3428/4500 [3:19:44<59:16,  3.32s/it]  
 76%|███████▌  | 3429/4500 [3:19:49<1:05:59,  3.70s/it]
 76%|███████▌  | 3431/4500 [3:19:53<51:08,  2.87s/it]  
 76%|███████▋  | 3432/4500 [3:19:56<52:51,  2.97s/it]
 76%|███████▋  | 3433/4500 [3:19:59<52:33,  2.96s/it]
 76%|███████▋  | 3434/4500 [3:20:02<50:51,  2.86s/it]
 76%|███████▋  | 3435/4500 [3:20:05<52:26,  2.95s/it]
 76%|███████▋  | 3436/4500 [3:20:08<55:48,  3.15s/it]
 76%|███████▋  | 3437/4500 [3:20:12<57:28,  3.24s/it]
 76%|███████▋  | 3438/4500 [3:20:14<54:22,  3.07s/it]
 76%|███████▋  | 3439/4500 [3:20:17<50:56,  2.88s/it]
 76%|███████▋  | 3440/4500 [3:20:22<1:00:29,  3.42s/it]
 76%|███████▋  | 3441/4500 [3:20:24<53:36,  3.04s/it]  
 76%|███████▋  | 3442/4500 [3:20:29<1:07:47,  3.84s/it]
 77%|███████▋  | 3443/4500 [3:20:35<1:18:03,  4.43s/it]
 77%|███████▋  | 3444/4500 [3:20:38<1:06:28,  3.78s/it]
 77%|███████▋  | 3445/4500 [3:20:41<1:06:16,  3.77s/it]
 77%|███████▋  | 3447/4500 [3:20:43<41:09,  2.35s/it]  
 77%|███████▋  | 3448/4500 [3:20:46<43:37,  2.49s/it]
 77%|███████▋  | 3449/4500 [3:20:48<42:54,  2.45s/it]
 77%|███████▋  | 3450/4500 [3:20:52<48:20,  2.76s/it]
 77%|███████▋  | 3452/4500 [3:20:54<35:04,  2.01s/it]
 77%|███████▋  | 3453/4500 [3:20:56<38:46,  2.22s/it]
 77%|███████▋  | 3454/4500 [3:21:00<43:45,  2.51s/it]
 77%|███████▋  | 3455/4500 [3:21:02<41:50,  2.40s/it]
 77%|███████▋  | 3456/4500 [3:21:05<42:44,  2.46s/it]
 77%|███████▋  | 3457/4500 [3:21:08<46:41,  2.69s/it]
 77%|███████▋  | 3458/4500 [3:21:10<43:02,  2.48s/it]
 77%|███████▋  | 3459/4500 [3:21:12<43:00,  2.48s/it]
 77%|███████▋  | 3460/4500 [3:21:18<57:34,  3.32s/it]
 77%|███████▋  | 3461/4500 [3:21:20<50:39,  2.93s/it]
 77%|███████▋  | 3462/4500 [3:21:24<1:00:32,  3.50s/it]
 77%|███████▋  | 3463/4500 [3:21:26<52:11,  3.02s/it]  
 77%|███████▋  | 3464/4500 [3:21:30<53:33,  3.10s/it]
 77%|███████▋  | 3465/4500 [3:21:32<47:22,  2.75s/it]
 77%|███████▋  | 3466/4500 [3:21:35<51:36,  2.99s/it]
 77%|███████▋  | 3467/4500 [3:21:40<1:02:30,  3.63s/it]
 77%|███████▋  | 3468/4500 [3:21:43<57:22,  3.34s/it]  
 77%|███████▋  | 3469/4500 [3:21:45<51:41,  3.01s/it]
 77%|███████▋  | 3470/4500 [3:21:49<57:18,  3.34s/it]
 77%|███████▋  | 3471/4500 [3:21:51<47:48,  2.79s/it]
 77%|███████▋  | 3472/4500 [3:21:53<43:56,  2.56s/it]
 77%|███████▋  | 3473/4500 [3:21:55<43:55,  2.57s/it]
 77%|███████▋  | 3474/4500 [3:21:58<46:23,  2.71s/it]
 77%|███████▋  | 3475/4500 [3:22:01<47:29,  2.78s/it]
 77%|███████▋  | 3476/4500 [3:22:04<47:39,  2.79s/it]
 77%|███████▋  | 3477/4500 [3:22:10<1:02:54,  3.69s/it]
 77%|███████▋  | 3478/4500 [3:22:13<58:33,  3.44s/it]  
 77%|███████▋  | 3480/4500 [3:22:15<41:28,  2.44s/it]
 77%|███████▋  | 3481/4500 [3:22:19<46:12,  2.72s/it]
 77%|███████▋  | 3482/4500 [3:22:21<45:08,  2.66s/it]
 77%|███████▋  | 3483/4500 [3:22:27<57:35,  3.40s/it]
 77%|███████▋  | 3484/4500 [3:22:30<58:01,  3.43s/it]
 77%|███████▋  | 3485/4500 [3:22:34<58:37,  3.47s/it]
 77%|███████▋  | 3486/4500 [3:22:36<51:58,  3.08s/it]
 77%|███████▋  | 3487/4500 [3:22:38<48:31,  2.87s/it]
 78%|███████▊  | 3488/4500 [3:22:48<1:23:17,  4.94s/it]
 78%|███████▊  | 3489/4500 [3:22:50<1:07:27,  4.00s/it]
 78%|███████▊  | 3490/4500 [3:22:52<59:05,  3.51s/it]  
 78%|███████▊  | 3491/4500 [3:22:55<56:09,  3.34s/it]
 78%|███████▊  | 3492/4500 [3:22:59<56:01,  3.33s/it]
 78%|███████▊  | 3493/4500 [3:23:06<1:14:58,  4.47s/it]
 78%|███████▊  | 3494/4500 [3:23:09<1:09:51,  4.17s/it]
 78%|███████▊  | 3495/4500 [3:23:12<1:05:08,  3.89s/it]
 78%|███████▊  | 3496/4500 [3:23:16<1:02:51,  3.76s/it]
 78%|███████▊  | 3497/4500 [3:23:20<1:05:40,  3.93s/it]
 78%|███████▊  | 3498/4500 [3:23:24<1:07:06,  4.02s/it]
 78%|███████▊  | 3499/4500 [3:23:27<58:26,  3.50s/it]  
 78%|███████▊  | 3501/4500 [3:23:29<39:39,  2.38s/it]
 78%|███████▊  | 3502/4500 [3:23:31<36:47,  2.21s/it]
 78%|███████▊  | 3504/4500 [3:23:34<32:05,  1.93s/it]
 78%|███████▊  | 3505/4500 [3:23:37<37:18,  2.25s/it]
 78%|███████▊  | 3508/4500 [3:23:41<29:32,  1.79s/it]
 78%|███████▊  | 3509/4500 [3:23:45<36:06,  2.19s/it]
 78%|███████▊  | 3510/4500 [3:23:50<45:41,  2.77s/it]
 78%|███████▊  | 3511/4500 [3:23:52<42:40,  2.59s/it]
 78%|███████▊  | 3512/4500 [3:23:54<42:00,  2.55s/it]
 78%|███████▊  | 3513/4500 [3:23:58<46:59,  2.86s/it]
 78%|███████▊  | 3514/4500 [3:24:02<53:39,  3.27s/it]
 78%|███████▊  | 3515/4500 [3:24:05<50:41,  3.09s/it]
 78%|███████▊  | 3516/4500 [3:24:08<49:33,  3.02s/it]
 78%|███████▊  | 3517/4500 [3:24:12<57:13,  3.49s/it]
 78%|███████▊  | 3518/4500 [3:24:18<1:07:07,  4.10s/it]
 78%|███████▊  | 3519/4500 [3:24:21<59:37,  3.65s/it]  
 78%|███████▊  | 3520/4500 [3:24:23<55:24,  3.39s/it]
 78%|███████▊  | 3521/4500 [3:24:28<1:01:46,  3.79s/it]
 78%|███████▊  | 3522/4500 [3:24:31<56:51,  3.49s/it]  
 78%|███████▊  | 3523/4500 [3:24:33<52:29,  3.22s/it]
 78%|███████▊  | 3524/4500 [3:24:36<49:55,  3.07s/it]
 78%|███████▊  | 3525/4500 [3:24:44<1:12:10,  4.44s/it]
 78%|███████▊  | 3526/4500 [3:24:47<1:07:55,  4.18s/it]
 78%|███████▊  | 3527/4500 [3:24:51<1:04:06,  3.95s/it]
 78%|███████▊  | 3528/4500 [3:24:54<59:35,  3.68s/it]  
 78%|███████▊  | 3529/4500 [3:24:57<55:38,  3.44s/it]
 78%|███████▊  | 3530/4500 [3:25:00<57:21,  3.55s/it]
 78%|███████▊  | 3531/4500 [3:25:09<1:23:23,  5.16s/it]
 78%|███████▊  | 3532/4500 [3:25:13<1:15:23,  4.67s/it]
 79%|███████▊  | 3533/4500 [3:25:16<1:09:32,  4.31s/it]
 79%|███████▊  | 3534/4500 [3:25:22<1:13:11,  4.55s/it]
 79%|███████▊  | 3535/4500 [3:25:24<1:03:11,  3.93s/it]
 79%|███████▊  | 3536/4500 [3:25:30<1:11:41,  4.46s/it]
 79%|███████▊  | 3537/4500 [3:25:33<1:04:59,  4.05s/it]
 79%|███████▊  | 3538/4500 [3:25:35<57:25,  3.58s/it]  
 79%|███████▊  | 3539/4500 [3:25:40<1:01:52,  3.86s/it]
 79%|███████▊  | 3540/4500 [3:25:44<1:01:13,  3.83s/it]
 79%|███████▊  | 3542/4500 [3:25:50<56:05,  3.51s/it]  
 79%|███████▊  | 3543/4500 [3:25:53<55:11,  3.46s/it]
 79%|███████▉  | 3544/4500 [3:25:57<55:04,  3.46s/it]
 79%|███████▉  | 3545/4500 [3:26:00<56:00,  3.52s/it]
 79%|███████▉  | 3546/4500 [3:26:05<59:15,  3.73s/it]
 79%|███████▉  | 3547/4500 [3:26:07<52:00,  3.27s/it]
 79%|███████▉  | 3548/4500 [3:26:10<52:22,  3.30s/it]
 79%|███████▉  | 3549/4500 [3:26:12<45:35,  2.88s/it]
 79%|███████▉  | 3550/4500 [3:26:16<50:47,  3.21s/it]
 79%|███████▉  | 3551/4500 [3:26:19<50:42,  3.21s/it]
 79%|███████▉  | 3552/4500 [3:26:23<52:28,  3.32s/it]
 79%|███████▉  | 3553/4500 [3:26:25<49:44,  3.15s/it]
 79%|███████▉  | 3554/4500 [3:26:28<48:58,  3.11s/it]
 79%|███████▉  | 3555/4500 [3:26:32<48:51,  3.10s/it]
 79%|███████▉  | 3556/4500 [3:26:36<55:25,  3.52s/it]
 79%|███████▉  | 3557/4500 [3:26:39<51:38,  3.29s/it]
 79%|███████▉  | 3558/4500 [3:26:43<56:14,  3.58s/it]
 79%|███████▉  | 3559/4500 [3:26:45<50:17,  3.21s/it]
 79%|███████▉  | 3560/4500 [3:26:49<50:30,  3.22s/it]
 79%|███████▉  | 3561/4500 [3:26:51<48:23,  3.09s/it]
 79%|███████▉  | 3562/4500 [3:26:54<47:30,  3.04s/it]
 79%|███████▉  | 3563/4500 [3:26:57<46:07,  2.95s/it]
 79%|███████▉  | 3564/4500 [3:27:02<55:06,  3.53s/it]
 79%|███████▉  | 3565/4500 [3:27:06<57:49,  3.71s/it]
 79%|███████▉  | 3566/4500 [3:27:10<58:49,  3.78s/it]
 79%|███████▉  | 3567/4500 [3:27:13<54:09,  3.48s/it]
 79%|███████▉  | 3568/4500 [3:27:18<59:50,  3.85s/it]
 79%|███████▉  | 3569/4500 [3:27:21<56:07,  3.62s/it]
 79%|███████▉  | 3570/4500 [3:27:25<58:48,  3.79s/it]
 79%|███████▉  | 3571/4500 [3:27:31<1:07:45,  4.38s/it]
 79%|███████▉  | 3572/4500 [3:27:34<1:01:16,  3.96s/it]
 79%|███████▉  | 3573/4500 [3:27:38<1:02:48,  4.06s/it]
 79%|███████▉  | 3574/4500 [3:27:41<1:00:46,  3.94s/it]
 79%|███████▉  | 3576/4500 [3:27:47<51:19,  3.33s/it]  
 79%|███████▉  | 3577/4500 [3:27:51<54:20,  3.53s/it]
 80%|███████▉  | 3578/4500 [3:27:54<52:31,  3.42s/it]
 80%|███████▉  | 3579/4500 [3:27:59<58:47,  3.83s/it]
 80%|███████▉  | 3580/4500 [3:28:02<55:33,  3.62s/it]
 80%|███████▉  | 3581/4500 [3:28:06<56:27,  3.69s/it]
 80%|███████▉  | 3583/4500 [3:28:10<43:50,  2.87s/it]
 80%|███████▉  | 3584/4500 [3:28:13<44:04,  2.89s/it]
 80%|███████▉  | 3585/4500 [3:28:16<47:12,  3.10s/it]
 80%|███████▉  | 3586/4500 [3:28:19<47:46,  3.14s/it]
 80%|███████▉  | 3587/4500 [3:28:23<48:46,  3.21s/it]
 80%|███████▉  | 3589/4500 [3:28:28<43:32,  2.87s/it]
 80%|███████▉  | 3590/4500 [3:28:31<43:33,  2.87s/it]
 80%|███████▉  | 3591/4500 [3:28:35<49:11,  3.25s/it]
 80%|███████▉  | 3592/4500 [3:28:39<53:29,  3.54s/it]
 80%|███████▉  | 3593/4500 [3:28:44<1:00:05,  3.98s/it]
 80%|███████▉  | 3594/4500 [3:28:48<1:00:25,  4.00s/it]
 80%|███████▉  | 3595/4500 [3:28:53<1:02:06,  4.12s/it]
 80%|███████▉  | 3596/4500 [3:29:00<1:15:05,  4.98s/it]
 80%|███████▉  | 3597/4500 [3:29:04<1:09:08,  4.59s/it]
 80%|███████▉  | 3599/4500 [3:29:08<50:53,  3.39s/it]  
 80%|████████  | 3600/4500 [3:29:10<46:15,  3.08s/it]
 80%|████████  | 3601/4500 [3:29:12<43:00,  2.87s/it]
 80%|████████  | 3602/4500 [3:29:14<39:55,  2.67s/it]
 80%|████████  | 3603/4500 [3:29:19<48:12,  3.22s/it]
 80%|████████  | 3604/4500 [3:29:24<57:33,  3.85s/it]
 80%|████████  | 3605/4500 [3:29:28<57:59,  3.89s/it]
 80%|████████  | 3606/4500 [3:29:32<57:06,  3.83s/it]
 80%|████████  | 3607/4500 [3:29:35<54:58,  3.69s/it]
 80%|████████  | 3608/4500 [3:29:39<57:24,  3.86s/it]
 80%|████████  | 3609/4500 [3:29:47<1:12:44,  4.90s/it]
 80%|████████  | 3610/4500 [3:29:49<59:40,  4.02s/it]  
 80%|████████  | 3611/4500 [3:29:54<1:02:56,  4.25s/it]
 80%|████████  | 3612/4500 [3:29:57<58:46,  3.97s/it]  
 80%|████████  | 3613/4500 [3:29:59<52:12,  3.53s/it]
 80%|████████  | 3614/4500 [3:30:03<51:54,  3.52s/it]
 80%|████████  | 3615/4500 [3:30:08<1:00:55,  4.13s/it]
 80%|████████  | 3616/4500 [3:30:10<51:46,  3.51s/it]  
 80%|████████  | 3617/4500 [3:30:16<59:44,  4.06s/it]
 80%|████████  | 3618/4500 [3:30:24<1:17:38,  5.28s/it]
 80%|████████  | 3619/4500 [3:30:27<1:09:31,  4.73s/it]
 80%|████████  | 3620/4500 [3:30:30<58:13,  3.97s/it]  
 80%|████████  | 3621/4500 [3:30:32<50:19,  3.44s/it]
 80%|████████  | 3622/4500 [3:30:34<44:28,  3.04s/it]
 81%|████████  | 3623/4500 [3:30:37<45:12,  3.09s/it]
 81%|████████  | 3624/4500 [3:30:41<48:01,  3.29s/it]
 81%|████████  | 3625/4500 [3:30:46<55:48,  3.83s/it]
 81%|████████  | 3626/4500 [3:30:50<55:52,  3.84s/it]
 81%|████████  | 3627/4500 [3:30:54<55:30,  3.81s/it]
 81%|████████  | 3628/4500 [3:30:58<57:13,  3.94s/it]
 81%|████████  | 3629/4500 [3:31:00<50:50,  3.50s/it]
 81%|████████  | 3630/4500 [3:31:08<1:07:58,  4.69s/it]
 81%|████████  | 3631/4500 [3:31:14<1:14:26,  5.14s/it]
 81%|████████  | 3633/4500 [3:31:18<52:47,  3.65s/it]  
 81%|████████  | 3634/4500 [3:31:22<54:23,  3.77s/it]
 81%|████████  | 3635/4500 [3:31:25<50:47,  3.52s/it]
 81%|████████  | 3636/4500 [3:31:28<51:16,  3.56s/it]
 81%|████████  | 3637/4500 [3:31:32<52:25,  3.65s/it]
 81%|████████  | 3638/4500 [3:31:36<51:45,  3.60s/it]
 81%|████████  | 3639/4500 [3:31:38<47:41,  3.32s/it]
 81%|████████  | 3640/4500 [3:31:41<46:23,  3.24s/it]
 81%|████████  | 3641/4500 [3:31:44<44:10,  3.09s/it]
 81%|████████  | 3642/4500 [3:31:48<47:26,  3.32s/it]
 81%|████████  | 3643/4500 [3:31:51<44:32,  3.12s/it]
 81%|████████  | 3644/4500 [3:32:00<1:08:58,  4.83s/it]
 81%|████████  | 3645/4500 [3:32:02<58:28,  4.10s/it]  
 81%|████████  | 3646/4500 [3:32:04<49:33,  3.48s/it]
 81%|████████  | 3647/4500 [3:32:07<47:18,  3.33s/it]
 81%|████████  | 3648/4500 [3:32:09<41:16,  2.91s/it]
 81%|████████  | 3649/4500 [3:32:11<37:53,  2.67s/it]
 81%|████████  | 3650/4500 [3:32:14<40:22,  2.85s/it]
 81%|████████  | 3651/4500 [3:32:17<42:04,  2.97s/it]
 81%|████████  | 3652/4500 [3:32:23<52:37,  3.72s/it]
 81%|████████  | 3653/4500 [3:32:26<49:55,  3.54s/it]
 81%|████████  | 3654/4500 [3:32:28<44:41,  3.17s/it]
 81%|████████  | 3655/4500 [3:32:35<58:03,  4.12s/it]
 81%|████████  | 3656/4500 [3:32:37<48:19,  3.44s/it]
 81%|████████▏ | 3657/4500 [3:32:40<49:58,  3.56s/it]
 81%|████████▏ | 3658/4500 [3:32:45<54:35,  3.89s/it]
 81%|████████▏ | 3659/4500 [3:32:49<56:30,  4.03s/it]
 81%|████████▏ | 3660/4500 [3:32:52<48:56,  3.50s/it]
 81%|████████▏ | 3661/4500 [3:32:55<46:27,  3.32s/it]
 81%|████████▏ | 3662/4500 [3:32:58<46:37,  3.34s/it]
 81%|████████▏ | 3663/4500 [3:33:04<58:05,  4.16s/it]
 81%|████████▏ | 3664/4500 [3:33:07<54:26,  3.91s/it]
 81%|████████▏ | 3665/4500 [3:33:11<53:04,  3.81s/it]
 81%|████████▏ | 3666/4500 [3:33:14<50:08,  3.61s/it]
 81%|████████▏ | 3667/4500 [3:33:18<50:37,  3.65s/it]
 82%|████████▏ | 3669/4500 [3:33:26<52:38,  3.80s/it]
 82%|████████▏ | 3670/4500 [3:33:30<55:43,  4.03s/it]
 82%|████████▏ | 3671/4500 [3:33:33<49:32,  3.59s/it]
 82%|████████▏ | 3672/4500 [3:33:37<53:15,  3.86s/it]
 82%|████████▏ | 3673/4500 [3:33:43<58:28,  4.24s/it]
 82%|████████▏ | 3674/4500 [3:33:47<58:30,  4.25s/it]
 82%|████████▏ | 3675/4500 [3:33:51<57:08,  4.16s/it]
 82%|████████▏ | 3676/4500 [3:33:53<50:56,  3.71s/it]
 82%|████████▏ | 3677/4500 [3:33:55<43:01,  3.14s/it]
 82%|████████▏ | 3678/4500 [3:33:59<43:44,  3.19s/it]
 82%|████████▏ | 3679/4500 [3:34:04<54:46,  4.00s/it]
 82%|████████▏ | 3681/4500 [3:34:09<43:05,  3.16s/it]
 82%|████████▏ | 3682/4500 [3:34:11<41:05,  3.01s/it]
 82%|████████▏ | 3683/4500 [3:34:15<41:29,  3.05s/it]
 82%|████████▏ | 3684/4500 [3:34:17<38:17,  2.82s/it]
 82%|████████▏ | 3685/4500 [3:34:20<38:47,  2.86s/it]
 82%|████████▏ | 3686/4500 [3:34:22<35:13,  2.60s/it]
 82%|████████▏ | 3687/4500 [3:34:27<47:27,  3.50s/it]
 82%|████████▏ | 3688/4500 [3:34:30<45:51,  3.39s/it]
 82%|████████▏ | 3689/4500 [3:34:34<47:16,  3.50s/it]
 82%|████████▏ | 3690/4500 [3:34:36<39:58,  2.96s/it]
 82%|████████▏ | 3691/4500 [3:34:40<44:33,  3.30s/it]
 82%|████████▏ | 3692/4500 [3:34:42<39:01,  2.90s/it]
 82%|████████▏ | 3693/4500 [3:34:48<49:39,  3.69s/it]
 82%|████████▏ | 3694/4500 [3:34:54<1:00:03,  4.47s/it]
 82%|████████▏ | 3695/4500 [3:34:58<57:05,  4.25s/it]  
 82%|████████▏ | 3696/4500 [3:35:01<55:01,  4.11s/it]
 82%|████████▏ | 3697/4500 [3:35:10<1:12:09,  5.39s/it]
 82%|████████▏ | 3698/4500 [3:35:13<1:04:47,  4.85s/it]
 82%|████████▏ | 3699/4500 [3:35:15<53:21,  4.00s/it]  
 82%|████████▏ | 3700/4500 [3:35:17<43:48,  3.29s/it]
 82%|████████▏ | 3701/4500 [3:35:22<50:13,  3.77s/it]
 82%|████████▏ | 3702/4500 [3:35:24<42:17,  3.18s/it]
 82%|████████▏ | 3703/4500 [3:35:28<45:50,  3.45s/it]
 82%|████████▏ | 3704/4500 [3:35:30<41:59,  3.17s/it]
 82%|████████▏ | 3705/4500 [3:35:33<40:02,  3.02s/it]
 82%|████████▏ | 3706/4500 [3:35:37<45:11,  3.42s/it]
 82%|████████▏ | 3707/4500 [3:35:40<40:36,  3.07s/it]
 82%|████████▏ | 3708/4500 [3:35:42<38:20,  2.90s/it]
 82%|████████▏ | 3709/4500 [3:35:44<35:20,  2.68s/it]
 82%|████████▏ | 3710/4500 [3:35:50<45:46,  3.48s/it]
 82%|████████▏ | 3711/4500 [3:35:53<45:48,  3.48s/it]
 82%|████████▏ | 3712/4500 [3:35:56<44:20,  3.38s/it]
 83%|████████▎ | 3713/4500 [3:35:59<43:55,  3.35s/it]
 83%|████████▎ | 3714/4500 [3:36:03<45:24,  3.47s/it]
 83%|████████▎ | 3715/4500 [3:36:07<47:18,  3.62s/it]
 83%|████████▎ | 3716/4500 [3:36:10<44:43,  3.42s/it]
 83%|████████▎ | 3717/4500 [3:36:14<48:25,  3.71s/it]
 83%|████████▎ | 3718/4500 [3:36:18<45:57,  3.53s/it]
 83%|████████▎ | 3719/4500 [3:36:22<50:29,  3.88s/it]
 83%|████████▎ | 3720/4500 [3:36:26<48:19,  3.72s/it]
 83%|████████▎ | 3721/4500 [3:36:30<51:18,  3.95s/it]
 83%|████████▎ | 3722/4500 [3:36:33<48:11,  3.72s/it]
 83%|████████▎ | 3723/4500 [3:36:37<46:33,  3.60s/it]
 83%|████████▎ | 3724/4500 [3:36:40<47:22,  3.66s/it]
 83%|████████▎ | 3725/4500 [3:36:42<39:50,  3.09s/it]
 83%|████████▎ | 3726/4500 [3:36:47<44:49,  3.47s/it]
 83%|████████▎ | 3727/4500 [3:36:50<45:39,  3.54s/it]
 83%|████████▎ | 3728/4500 [3:36:53<44:20,  3.45s/it]
 83%|████████▎ | 3729/4500 [3:36:58<47:22,  3.69s/it]
 83%|████████▎ | 3730/4500 [3:37:03<52:58,  4.13s/it]
 83%|████████▎ | 3731/4500 [3:37:07<53:25,  4.17s/it]
 83%|████████▎ | 3732/4500 [3:37:10<47:13,  3.69s/it]
 83%|████████▎ | 3733/4500 [3:37:13<46:14,  3.62s/it]
 83%|████████▎ | 3734/4500 [3:37:17<45:19,  3.55s/it]
 83%|████████▎ | 3735/4500 [3:37:19<40:38,  3.19s/it]
 83%|████████▎ | 3736/4500 [3:37:22<40:50,  3.21s/it]
 83%|████████▎ | 3737/4500 [3:37:26<41:44,  3.28s/it]
 83%|████████▎ | 3738/4500 [3:37:30<45:18,  3.57s/it]
 83%|████████▎ | 3739/4500 [3:37:31<37:38,  2.97s/it]
 83%|████████▎ | 3740/4500 [3:37:35<38:13,  3.02s/it]
 83%|████████▎ | 3741/4500 [3:37:39<45:25,  3.59s/it]
 83%|████████▎ | 3742/4500 [3:37:43<46:56,  3.72s/it]
 83%|████████▎ | 3743/4500 [3:37:46<41:31,  3.29s/it]
 83%|████████▎ | 3744/4500 [3:37:49<40:35,  3.22s/it]
 83%|████████▎ | 3745/4500 [3:37:56<54:26,  4.33s/it]
 83%|████████▎ | 3746/4500 [3:38:00<54:16,  4.32s/it]
 83%|████████▎ | 3747/4500 [3:38:04<51:08,  4.08s/it]
 83%|████████▎ | 3748/4500 [3:38:06<44:03,  3.51s/it]
 83%|████████▎ | 3749/4500 [3:38:11<52:12,  4.17s/it]
 83%|████████▎ | 3750/4500 [3:38:15<47:59,  3.84s/it]
 83%|████████▎ | 3751/4500 [3:38:17<41:00,  3.29s/it]
 83%|████████▎ | 3752/4500 [3:38:19<39:32,  3.17s/it]
 83%|████████▎ | 3753/4500 [3:38:22<38:40,  3.11s/it]
 83%|████████▎ | 3754/4500 [3:38:27<42:37,  3.43s/it]
 83%|████████▎ | 3755/4500 [3:38:30<44:00,  3.54s/it]
 83%|████████▎ | 3756/4500 [3:38:33<39:42,  3.20s/it]
 83%|████████▎ | 3757/4500 [3:38:37<43:53,  3.54s/it]
 84%|████████▎ | 3759/4500 [3:38:40<32:14,  2.61s/it]
 84%|████████▎ | 3760/4500 [3:38:43<32:53,  2.67s/it]
 84%|████████▎ | 3761/4500 [3:38:45<30:24,  2.47s/it]
 84%|████████▎ | 3762/4500 [3:38:48<33:18,  2.71s/it]
 84%|████████▎ | 3763/4500 [3:38:52<35:30,  2.89s/it]
 84%|████████▎ | 3764/4500 [3:38:55<38:37,  3.15s/it]
 84%|████████▎ | 3765/4500 [3:38:58<38:06,  3.11s/it]
 84%|████████▎ | 3766/4500 [3:39:06<52:38,  4.30s/it]
 84%|████████▎ | 3767/4500 [3:39:09<50:04,  4.10s/it]
 84%|████████▎ | 3768/4500 [3:39:12<46:10,  3.79s/it]
 84%|████████▍ | 3769/4500 [3:39:16<46:33,  3.82s/it]
 84%|████████▍ | 3770/4500 [3:39:20<47:11,  3.88s/it]
 84%|████████▍ | 3771/4500 [3:39:24<46:48,  3.85s/it]
 84%|████████▍ | 3772/4500 [3:39:27<43:33,  3.59s/it]
 84%|████████▍ | 3773/4500 [3:39:29<37:41,  3.11s/it]
 84%|████████▍ | 3774/4500 [3:39:36<50:09,  4.15s/it]
 84%|████████▍ | 3775/4500 [3:39:44<1:04:31,  5.34s/it]
 84%|████████▍ | 3776/4500 [3:39:47<57:10,  4.74s/it]  
 84%|████████▍ | 3777/4500 [3:39:50<49:39,  4.12s/it]
 84%|████████▍ | 3778/4500 [3:39:53<48:19,  4.02s/it]
 84%|████████▍ | 3779/4500 [3:39:59<53:54,  4.49s/it]
 84%|████████▍ | 3780/4500 [3:40:04<54:07,  4.51s/it]
 84%|████████▍ | 3781/4500 [3:40:08<52:40,  4.40s/it]
 84%|████████▍ | 3782/4500 [3:40:13<54:23,  4.55s/it]
 84%|████████▍ | 3783/4500 [3:40:16<48:43,  4.08s/it]
 84%|████████▍ | 3784/4500 [3:40:19<46:12,  3.87s/it]
 84%|████████▍ | 3785/4500 [3:40:23<45:58,  3.86s/it]
 84%|████████▍ | 3786/4500 [3:40:25<40:46,  3.43s/it]
 84%|████████▍ | 3787/4500 [3:40:27<35:26,  2.98s/it]
 84%|████████▍ | 3788/4500 [3:40:32<42:09,  3.55s/it]
 84%|████████▍ | 3789/4500 [3:40:35<40:28,  3.42s/it]
 84%|████████▍ | 3790/4500 [3:40:38<38:54,  3.29s/it]
 84%|████████▍ | 3791/4500 [3:40:41<38:36,  3.27s/it]
 84%|████████▍ | 3792/4500 [3:40:44<37:52,  3.21s/it]
 84%|████████▍ | 3793/4500 [3:40:48<38:10,  3.24s/it]
 84%|████████▍ | 3794/4500 [3:40:50<36:11,  3.08s/it]
 84%|████████▍ | 3795/4500 [3:40:54<37:02,  3.15s/it]
 84%|████████▍ | 3796/4500 [3:40:59<43:14,  3.69s/it]
 84%|████████▍ | 3797/4500 [3:41:01<37:18,  3.18s/it]
 84%|████████▍ | 3798/4500 [3:41:03<33:22,  2.85s/it]
 84%|████████▍ | 3799/4500 [3:41:06<35:48,  3.06s/it]
 84%|████████▍ | 3801/4500 [3:41:10<29:43,  2.55s/it]
 84%|████████▍ | 3802/4500 [3:41:14<32:24,  2.79s/it]
 85%|████████▍ | 3803/4500 [3:41:17<34:06,  2.94s/it]
 85%|████████▍ | 3804/4500 [3:41:22<40:58,  3.53s/it]
 85%|████████▍ | 3805/4500 [3:41:24<36:41,  3.17s/it]
 85%|████████▍ | 3806/4500 [3:41:28<37:34,  3.25s/it]
 85%|████████▍ | 3807/4500 [3:41:31<37:37,  3.26s/it]
 85%|████████▍ | 3808/4500 [3:41:37<44:38,  3.87s/it]
 85%|████████▍ | 3809/4500 [3:41:42<49:13,  4.27s/it]
 85%|████████▍ | 3810/4500 [3:41:49<58:27,  5.08s/it]
 85%|████████▍ | 3811/4500 [3:41:53<55:53,  4.87s/it]
 85%|████████▍ | 3812/4500 [3:41:57<53:55,  4.70s/it]
 85%|████████▍ | 3813/4500 [3:42:01<48:39,  4.25s/it]
 85%|████████▍ | 3814/4500 [3:42:04<47:02,  4.11s/it]
 85%|████████▍ | 3815/4500 [3:42:08<46:25,  4.07s/it]
 85%|████████▍ | 3816/4500 [3:42:12<44:44,  3.92s/it]
 85%|████████▍ | 3817/4500 [3:42:16<45:56,  4.04s/it]
 85%|████████▍ | 3818/4500 [3:42:20<46:00,  4.05s/it]
 85%|████████▍ | 3819/4500 [3:42:24<43:58,  3.87s/it]
 85%|████████▍ | 3820/4500 [3:42:28<44:43,  3.95s/it]
 85%|████████▍ | 3821/4500 [3:42:32<43:29,  3.84s/it]
 85%|████████▍ | 3822/4500 [3:42:34<39:47,  3.52s/it]
 85%|████████▍ | 3823/4500 [3:42:37<37:29,  3.32s/it]
 85%|████████▍ | 3824/4500 [3:42:40<36:22,  3.23s/it]
 85%|████████▌ | 3825/4500 [3:42:48<52:46,  4.69s/it]
 85%|████████▌ | 3826/4500 [3:42:59<1:11:41,  6.38s/it]
 85%|████████▌ | 3827/4500 [3:43:02<1:00:57,  5.44s/it]
 85%|████████▌ | 3828/4500 [3:43:06<56:20,  5.03s/it]  
 85%|████████▌ | 3829/4500 [3:43:09<50:40,  4.53s/it]
 85%|████████▌ | 3830/4500 [3:43:17<1:00:24,  5.41s/it]
 85%|████████▌ | 3831/4500 [3:43:21<55:46,  5.00s/it]  
 85%|████████▌ | 3832/4500 [3:43:24<49:47,  4.47s/it]
 85%|████████▌ | 3834/4500 [3:43:26<32:05,  2.89s/it]
 85%|████████▌ | 3835/4500 [3:43:32<40:09,  3.62s/it]
 85%|████████▌ | 3836/4500 [3:43:37<43:38,  3.94s/it]
 85%|████████▌ | 3837/4500 [3:43:43<51:00,  4.62s/it]
 85%|████████▌ | 3838/4500 [3:43:46<46:27,  4.21s/it]
 85%|████████▌ | 3839/4500 [3:43:51<48:36,  4.41s/it]
 85%|████████▌ | 3840/4500 [3:43:56<48:48,  4.44s/it]
 85%|████████▌ | 3841/4500 [3:43:59<43:26,  3.96s/it]
 85%|████████▌ | 3842/4500 [3:44:04<47:48,  4.36s/it]
 85%|████████▌ | 3843/4500 [3:44:08<46:05,  4.21s/it]
 85%|████████▌ | 3845/4500 [3:44:12<34:19,  3.14s/it]
 85%|████████▌ | 3846/4500 [3:44:16<36:51,  3.38s/it]
 85%|████████▌ | 3847/4500 [3:44:19<36:39,  3.37s/it]
 86%|████████▌ | 3848/4500 [3:44:24<40:51,  3.76s/it]
 86%|████████▌ | 3850/4500 [3:44:27<30:25,  2.81s/it]
 86%|████████▌ | 3851/4500 [3:44:33<38:54,  3.60s/it]
 86%|████████▌ | 3852/4500 [3:44:36<35:52,  3.32s/it]
 86%|████████▌ | 3853/4500 [3:44:41<42:09,  3.91s/it]
 86%|████████▌ | 3854/4500 [3:44:44<37:56,  3.52s/it]
 86%|████████▌ | 3855/4500 [3:44:47<36:26,  3.39s/it]
 86%|████████▌ | 3856/4500 [3:44:50<36:34,  3.41s/it]
 86%|████████▌ | 3857/4500 [3:44:53<34:27,  3.22s/it]
 86%|████████▌ | 3858/4500 [3:44:56<35:31,  3.32s/it]
 86%|████████▌ | 3859/4500 [3:45:00<35:14,  3.30s/it]
 86%|████████▌ | 3860/4500 [3:45:02<30:37,  2.87s/it]
 86%|████████▌ | 3861/4500 [3:45:06<35:38,  3.35s/it]
 86%|████████▌ | 3862/4500 [3:45:10<38:30,  3.62s/it]
 86%|████████▌ | 3863/4500 [3:45:15<40:38,  3.83s/it]
 86%|████████▌ | 3864/4500 [3:45:19<42:25,  4.00s/it]
 86%|████████▌ | 3865/4500 [3:45:21<37:15,  3.52s/it]
 86%|████████▌ | 3866/4500 [3:45:25<37:12,  3.52s/it]
 86%|████████▌ | 3867/4500 [3:45:28<37:10,  3.52s/it]
 86%|████████▌ | 3868/4500 [3:45:32<38:19,  3.64s/it]
 86%|████████▌ | 3869/4500 [3:45:35<35:39,  3.39s/it]
 86%|████████▌ | 3870/4500 [3:45:38<35:10,  3.35s/it]
 86%|████████▌ | 3871/4500 [3:45:41<33:20,  3.18s/it]
 86%|████████▌ | 3872/4500 [3:45:46<37:06,  3.54s/it]
 86%|████████▌ | 3874/4500 [3:45:49<27:43,  2.66s/it]
 86%|████████▌ | 3875/4500 [3:45:53<30:19,  2.91s/it]
 86%|████████▌ | 3876/4500 [3:45:56<31:24,  3.02s/it]
 86%|████████▌ | 3877/4500 [3:45:59<30:22,  2.93s/it]
 86%|████████▌ | 3878/4500 [3:46:02<30:47,  2.97s/it]
 86%|████████▌ | 3879/4500 [3:46:10<47:16,  4.57s/it]
 86%|████████▌ | 3880/4500 [3:46:12<40:02,  3.87s/it]
 86%|████████▌ | 3881/4500 [3:46:17<40:59,  3.97s/it]
 86%|████████▋ | 3882/4500 [3:46:19<36:53,  3.58s/it]
 86%|████████▋ | 3883/4500 [3:46:22<35:08,  3.42s/it]
 86%|████████▋ | 3884/4500 [3:46:26<36:42,  3.58s/it]
 86%|████████▋ | 3885/4500 [3:46:31<41:32,  4.05s/it]
 86%|████████▋ | 3886/4500 [3:46:36<43:30,  4.25s/it]
 86%|████████▋ | 3887/4500 [3:46:39<39:28,  3.86s/it]
 86%|████████▋ | 3888/4500 [3:46:42<35:57,  3.52s/it]
 86%|████████▋ | 3889/4500 [3:46:46<38:58,  3.83s/it]
 86%|████████▋ | 3890/4500 [3:46:49<34:52,  3.43s/it]
 86%|████████▋ | 3891/4500 [3:46:52<32:42,  3.22s/it]
 86%|████████▋ | 3892/4500 [3:47:00<47:04,  4.64s/it]
 87%|████████▋ | 3893/4500 [3:47:02<39:25,  3.90s/it]
 87%|████████▋ | 3894/4500 [3:47:03<31:08,  3.08s/it]
 87%|████████▋ | 3895/4500 [3:47:06<30:02,  2.98s/it]
 87%|████████▋ | 3896/4500 [3:47:10<33:08,  3.29s/it]
 87%|████████▋ | 3897/4500 [3:47:12<31:25,  3.13s/it]
 87%|████████▋ | 3898/4500 [3:47:14<28:14,  2.82s/it]
 87%|████████▋ | 3899/4500 [3:47:19<32:22,  3.23s/it]
 87%|████████▋ | 3900/4500 [3:47:22<33:28,  3.35s/it]
 87%|████████▋ | 3901/4500 [3:47:30<46:19,  4.64s/it]
 87%|████████▋ | 3902/4500 [3:47:34<45:09,  4.53s/it]
 87%|████████▋ | 3903/4500 [3:47:39<46:57,  4.72s/it]
 87%|████████▋ | 3904/4500 [3:47:47<55:25,  5.58s/it]
 87%|████████▋ | 3905/4500 [3:47:54<1:00:39,  6.12s/it]
 87%|████████▋ | 3906/4500 [3:47:57<50:01,  5.05s/it]  
 87%|████████▋ | 3907/4500 [3:48:03<52:22,  5.30s/it]
 87%|████████▋ | 3908/4500 [3:48:06<45:49,  4.65s/it]
 87%|████████▋ | 3909/4500 [3:48:11<46:25,  4.71s/it]
 87%|████████▋ | 3910/4500 [3:48:15<43:56,  4.47s/it]
 87%|████████▋ | 3911/4500 [3:48:19<42:02,  4.28s/it]
 87%|████████▋ | 3912/4500 [3:48:21<36:20,  3.71s/it]
 87%|████████▋ | 3913/4500 [3:48:24<34:18,  3.51s/it]
 87%|████████▋ | 3914/4500 [3:48:26<30:30,  3.12s/it]
 87%|████████▋ | 3915/4500 [3:48:28<27:29,  2.82s/it]
 87%|████████▋ | 3916/4500 [3:48:33<32:49,  3.37s/it]
 87%|████████▋ | 3917/4500 [3:48:37<34:06,  3.51s/it]
 87%|████████▋ | 3918/4500 [3:48:40<34:36,  3.57s/it]
 87%|████████▋ | 3919/4500 [3:48:43<31:32,  3.26s/it]
 87%|████████▋ | 3920/4500 [3:48:46<30:41,  3.18s/it]
 87%|████████▋ | 3921/4500 [3:48:48<26:51,  2.78s/it]
 87%|████████▋ | 3922/4500 [3:48:53<34:58,  3.63s/it]
 87%|████████▋ | 3923/4500 [3:48:56<31:14,  3.25s/it]
 87%|████████▋ | 3924/4500 [3:49:02<40:10,  4.18s/it]
 87%|████████▋ | 3925/4500 [3:49:04<32:23,  3.38s/it]
 87%|████████▋ | 3926/4500 [3:49:05<27:02,  2.83s/it]
 87%|████████▋ | 3927/4500 [3:49:13<40:57,  4.29s/it]
 87%|████████▋ | 3928/4500 [3:49:16<36:51,  3.87s/it]
 87%|████████▋ | 3929/4500 [3:49:19<35:15,  3.70s/it]
 87%|████████▋ | 3930/4500 [3:49:22<32:34,  3.43s/it]
 87%|████████▋ | 3931/4500 [3:49:24<29:34,  3.12s/it]
 87%|████████▋ | 3932/4500 [3:49:28<30:49,  3.26s/it]
 87%|████████▋ | 3933/4500 [3:49:31<30:49,  3.26s/it]
 87%|████████▋ | 3934/4500 [3:49:34<30:47,  3.26s/it]
 87%|████████▋ | 3936/4500 [3:49:38<24:22,  2.59s/it]
 87%|████████▋ | 3937/4500 [3:49:42<27:52,  2.97s/it]
 88%|████████▊ | 3938/4500 [3:49:46<29:12,  3.12s/it]
 88%|████████▊ | 3939/4500 [3:49:51<34:31,  3.69s/it]
 88%|████████▊ | 3940/4500 [3:49:54<33:41,  3.61s/it]
 88%|████████▊ | 3941/4500 [3:49:59<36:28,  3.91s/it]
 88%|████████▊ | 3942/4500 [3:50:04<38:28,  4.14s/it]
 88%|████████▊ | 3943/4500 [3:50:08<37:44,  4.07s/it]
 88%|████████▊ | 3944/4500 [3:50:14<43:38,  4.71s/it]
 88%|████████▊ | 3946/4500 [3:50:18<33:11,  3.59s/it]
 88%|████████▊ | 3947/4500 [3:50:22<32:22,  3.51s/it]
 88%|████████▊ | 3948/4500 [3:50:26<33:14,  3.61s/it]
 88%|████████▊ | 3949/4500 [3:50:30<34:41,  3.78s/it]
 88%|████████▊ | 3950/4500 [3:50:33<33:07,  3.61s/it]
 88%|████████▊ | 3951/4500 [3:50:36<31:43,  3.47s/it]
 88%|████████▊ | 3952/4500 [3:50:39<31:11,  3.42s/it]
 88%|████████▊ | 3953/4500 [3:50:48<45:09,  4.95s/it]
 88%|████████▊ | 3954/4500 [3:50:57<55:36,  6.11s/it]
 88%|████████▊ | 3955/4500 [3:51:00<47:10,  5.19s/it]
 88%|████████▊ | 3956/4500 [3:51:06<48:34,  5.36s/it]
 88%|████████▊ | 3957/4500 [3:51:08<40:34,  4.48s/it]
 88%|████████▊ | 3958/4500 [3:51:12<38:53,  4.30s/it]
 88%|████████▊ | 3959/4500 [3:51:15<35:34,  3.95s/it]
 88%|████████▊ | 3960/4500 [3:51:20<38:54,  4.32s/it]
 88%|████████▊ | 3961/4500 [3:51:23<35:15,  3.92s/it]
 88%|████████▊ | 3962/4500 [3:51:27<34:16,  3.82s/it]
 88%|████████▊ | 3963/4500 [3:51:30<33:04,  3.70s/it]
 88%|████████▊ | 3964/4500 [3:51:34<32:36,  3.65s/it]
 88%|████████▊ | 3965/4500 [3:51:38<33:45,  3.79s/it]
 88%|████████▊ | 3966/4500 [3:51:44<38:54,  4.37s/it]
 88%|████████▊ | 3967/4500 [3:51:52<48:51,  5.50s/it]
 88%|████████▊ | 3968/4500 [3:51:55<42:42,  4.82s/it]
 88%|████████▊ | 3969/4500 [3:51:57<35:40,  4.03s/it]
 88%|████████▊ | 3970/4500 [3:52:00<33:15,  3.77s/it]
 88%|████████▊ | 3971/4500 [3:52:05<35:23,  4.01s/it]
 88%|████████▊ | 3972/4500 [3:52:07<31:29,  3.58s/it]
 88%|████████▊ | 3973/4500 [3:52:11<31:05,  3.54s/it]
 88%|████████▊ | 3974/4500 [3:52:14<29:11,  3.33s/it]
 88%|████████▊ | 3975/4500 [3:52:17<27:58,  3.20s/it]
 88%|████████▊ | 3976/4500 [3:52:19<26:02,  2.98s/it]
 88%|████████▊ | 3977/4500 [3:52:23<27:48,  3.19s/it]
 88%|████████▊ | 3978/4500 [3:52:30<38:23,  4.41s/it]
 88%|████████▊ | 3979/4500 [3:52:36<41:38,  4.80s/it]
 88%|████████▊ | 3980/4500 [3:52:40<40:29,  4.67s/it]
 88%|████████▊ | 3981/4500 [3:52:44<37:08,  4.29s/it]
 88%|████████▊ | 3982/4500 [3:52:48<37:27,  4.34s/it]
 89%|████████▊ | 3983/4500 [3:52:51<34:04,  3.96s/it]
 89%|████████▊ | 3984/4500 [3:52:53<29:56,  3.48s/it]
 89%|████████▊ | 3986/4500 [3:52:59<26:38,  3.11s/it]
 89%|████████▊ | 3987/4500 [3:53:02<27:17,  3.19s/it]
 89%|████████▊ | 3988/4500 [3:53:05<26:50,  3.15s/it]
 89%|████████▊ | 3990/4500 [3:53:08<21:02,  2.47s/it]
 89%|████████▊ | 3992/4500 [3:53:12<18:25,  2.18s/it]
 89%|████████▉ | 3994/4500 [3:53:17<19:46,  2.34s/it]
 89%|████████▉ | 3995/4500 [3:53:23<25:50,  3.07s/it]
 89%|████████▉ | 3996/4500 [3:53:30<33:01,  3.93s/it]
 89%|████████▉ | 3997/4500 [3:53:37<39:16,  4.69s/it]
 89%|████████▉ | 3998/4500 [3:53:41<38:16,  4.58s/it]
 89%|████████▉ | 4000/4500 [3:53:47<32:03,  3.85s/it]
 89%|████████▉ | 4002/4500 [3:53:48<21:44,  2.62s/it]
 89%|████████▉ | 4003/4500 [3:53:52<23:53,  2.89s/it]
 89%|████████▉ | 4004/4500 [3:53:55<24:35,  2.98s/it]
 89%|████████▉ | 4005/4500 [3:54:00<27:50,  3.38s/it]
 89%|████████▉ | 4006/4500 [3:54:03<26:57,  3.27s/it]
 89%|████████▉ | 4007/4500 [3:54:06<25:40,  3.12s/it]
 89%|████████▉ | 4008/4500 [3:54:09<25:11,  3.07s/it]
 89%|████████▉ | 4009/4500 [3:54:13<28:58,  3.54s/it]
 89%|████████▉ | 4010/4500 [3:54:21<38:08,  4.67s/it]
 89%|████████▉ | 4011/4500 [3:54:23<32:34,  4.00s/it]
 89%|████████▉ | 4012/4500 [3:54:27<33:12,  4.08s/it]
 89%|████████▉ | 4013/4500 [3:54:30<29:51,  3.68s/it]
 89%|████████▉ | 4014/4500 [3:54:34<29:48,  3.68s/it]
 89%|████████▉ | 4015/4500 [3:54:36<25:48,  3.19s/it]
 89%|████████▉ | 4017/4500 [3:54:40<21:45,  2.70s/it]
 89%|████████▉ | 4018/4500 [3:54:44<24:45,  3.08s/it]
 89%|████████▉ | 4019/4500 [3:54:47<24:20,  3.04s/it]
 89%|████████▉ | 4020/4500 [3:54:52<28:06,  3.51s/it]
 89%|████████▉ | 4021/4500 [3:54:56<28:30,  3.57s/it]
 89%|████████▉ | 4022/4500 [3:54:59<28:00,  3.51s/it]
 89%|████████▉ | 4023/4500 [3:55:06<35:18,  4.44s/it]
 89%|████████▉ | 4024/4500 [3:55:09<32:15,  4.07s/it]
 89%|████████▉ | 4025/4500 [3:55:12<29:55,  3.78s/it]
 89%|████████▉ | 4026/4500 [3:55:15<28:20,  3.59s/it]
 89%|████████▉ | 4027/4500 [3:55:19<28:45,  3.65s/it]
 90%|████████▉ | 4028/4500 [3:55:21<25:16,  3.21s/it]
 90%|████████▉ | 4029/4500 [3:55:24<24:40,  3.14s/it]
 90%|████████▉ | 4030/4500 [3:55:29<28:43,  3.67s/it]
 90%|████████▉ | 4032/4500 [3:55:38<30:56,  3.97s/it]
 90%|████████▉ | 4033/4500 [3:55:43<32:51,  4.22s/it]
 90%|████████▉ | 4034/4500 [3:55:47<32:06,  4.13s/it]
 90%|████████▉ | 4035/4500 [3:55:50<31:27,  4.06s/it]
 90%|████████▉ | 4037/4500 [3:55:54<24:24,  3.16s/it]
 90%|████████▉ | 4038/4500 [3:55:56<21:18,  2.77s/it]
 90%|████████▉ | 4039/4500 [3:55:59<21:24,  2.79s/it]
 90%|████████▉ | 4040/4500 [3:56:03<23:28,  3.06s/it]
 90%|████████▉ | 4041/4500 [3:56:05<22:50,  2.99s/it]
 90%|████████▉ | 4042/4500 [3:56:08<21:04,  2.76s/it]
 90%|████████▉ | 4043/4500 [3:56:12<24:06,  3.16s/it]
 90%|████████▉ | 4044/4500 [3:56:14<21:29,  2.83s/it]
 90%|████████▉ | 4045/4500 [3:56:18<24:14,  3.20s/it]
 90%|████████▉ | 4046/4500 [3:56:21<25:06,  3.32s/it]
 90%|████████▉ | 4047/4500 [3:56:24<22:58,  3.04s/it]
 90%|████████▉ | 4048/4500 [3:56:26<21:17,  2.83s/it]
 90%|████████▉ | 4049/4500 [3:56:30<23:29,  3.13s/it]
 90%|█████████ | 4050/4500 [3:56:37<32:02,  4.27s/it]
 90%|█████████ | 4051/4500 [3:56:42<33:59,  4.54s/it]
 90%|█████████ | 4052/4500 [3:56:46<33:24,  4.47s/it]
 90%|█████████ | 4053/4500 [3:56:49<28:55,  3.88s/it]
 90%|█████████ | 4054/4500 [3:56:51<24:32,  3.30s/it]
 90%|█████████ | 4056/4500 [3:56:55<20:46,  2.81s/it]
 90%|█████████ | 4057/4500 [3:56:59<22:46,  3.08s/it]
 90%|█████████ | 4058/4500 [3:57:02<22:43,  3.09s/it]
 90%|█████████ | 4059/4500 [3:57:07<25:48,  3.51s/it]
 90%|█████████ | 4060/4500 [3:57:16<36:52,  5.03s/it]
 90%|█████████ | 4061/4500 [3:57:19<33:01,  4.51s/it]
 90%|█████████ | 4062/4500 [3:57:23<31:31,  4.32s/it]
 90%|█████████ | 4063/4500 [3:57:29<34:18,  4.71s/it]
 90%|█████████ | 4064/4500 [3:57:32<31:12,  4.30s/it]
 90%|█████████ | 4065/4500 [3:57:37<32:30,  4.48s/it]
 90%|█████████ | 4066/4500 [3:57:40<30:04,  4.16s/it]
 90%|█████████ | 4067/4500 [3:57:49<39:18,  5.45s/it]
 90%|█████████ | 4068/4500 [3:57:53<36:42,  5.10s/it]
 90%|█████████ | 4069/4500 [3:57:55<29:47,  4.15s/it]
 90%|█████████ | 4070/4500 [3:58:01<33:07,  4.62s/it]
 90%|█████████ | 4071/4500 [3:58:05<32:16,  4.51s/it]
 90%|█████████ | 4072/4500 [3:58:08<29:24,  4.12s/it]
 91%|█████████ | 4073/4500 [3:58:10<25:12,  3.54s/it]
 91%|█████████ | 4074/4500 [3:58:12<21:41,  3.06s/it]
 91%|█████████ | 4075/4500 [3:58:16<22:54,  3.23s/it]
 91%|█████████ | 4076/4500 [3:58:19<22:24,  3.17s/it]
 91%|█████████ | 4077/4500 [3:58:26<29:28,  4.18s/it]
 91%|█████████ | 4078/4500 [3:58:33<36:01,  5.12s/it]
 91%|█████████ | 4079/4500 [3:58:36<31:31,  4.49s/it]
 91%|█████████ | 4080/4500 [3:58:41<32:35,  4.65s/it]
 91%|█████████ | 4081/4500 [3:58:43<26:13,  3.75s/it]
 91%|█████████ | 4082/4500 [3:58:46<26:22,  3.79s/it]
 91%|█████████ | 4083/4500 [3:58:54<34:18,  4.94s/it]
 91%|█████████ | 4085/4500 [3:59:03<32:06,  4.64s/it]
 91%|█████████ | 4086/4500 [3:59:05<28:27,  4.12s/it]
 91%|█████████ | 4087/4500 [3:59:10<28:57,  4.21s/it]
 91%|█████████ | 4088/4500 [3:59:12<26:01,  3.79s/it]
 91%|█████████ | 4089/4500 [3:59:15<23:28,  3.43s/it]
 91%|█████████ | 4090/4500 [3:59:18<22:43,  3.32s/it]
 91%|█████████ | 4091/4500 [3:59:20<20:31,  3.01s/it]
 91%|█████████ | 4092/4500 [3:59:22<17:42,  2.60s/it]
 91%|█████████ | 4093/4500 [3:59:24<17:19,  2.55s/it]
 91%|█████████ | 4094/4500 [3:59:27<18:22,  2.72s/it]
 91%|█████████ | 4095/4500 [3:59:37<32:03,  4.75s/it]
 91%|█████████ | 4096/4500 [3:59:41<30:10,  4.48s/it]
 91%|█████████ | 4097/4500 [3:59:43<25:44,  3.83s/it]
 91%|█████████ | 4098/4500 [3:59:47<25:26,  3.80s/it]
 91%|█████████ | 4100/4500 [3:59:50<19:07,  2.87s/it]
 91%|█████████ | 4101/4500 [3:59:53<19:03,  2.87s/it]
 91%|█████████ | 4102/4500 [4:00:04<33:46,  5.09s/it]
 91%|█████████ | 4103/4500 [4:00:09<33:29,  5.06s/it]
 91%|█████████ | 4104/4500 [4:00:13<30:00,  4.55s/it]
 91%|█████████ | 4105/4500 [4:00:15<25:07,  3.82s/it]
 91%|█████████ | 4106/4500 [4:00:18<23:48,  3.63s/it]
 91%|█████████▏| 4107/4500 [4:00:25<30:18,  4.63s/it]
 91%|█████████▏| 4108/4500 [4:00:28<27:04,  4.15s/it]
 91%|█████████▏| 4109/4500 [4:00:31<25:29,  3.91s/it]
 91%|█████████▏| 4110/4500 [4:00:33<22:14,  3.42s/it]
 91%|█████████▏| 4111/4500 [4:00:36<21:24,  3.30s/it]
 91%|█████████▏| 4112/4500 [4:00:39<20:44,  3.21s/it]
 91%|█████████▏| 4113/4500 [4:00:42<19:52,  3.08s/it]
 91%|█████████▏| 4114/4500 [4:00:45<19:16,  3.00s/it]
 91%|█████████▏| 4115/4500 [4:00:48<19:18,  3.01s/it]
 91%|█████████▏| 4116/4500 [4:00:51<18:54,  2.95s/it]
 91%|█████████▏| 4117/4500 [4:00:54<19:18,  3.02s/it]
 92%|█████████▏| 4118/4500 [4:00:58<21:49,  3.43s/it]
 92%|█████████▏| 4119/4500 [4:01:04<26:18,  4.14s/it]
 92%|█████████▏| 4120/4500 [4:01:08<25:11,  3.98s/it]
 92%|█████████▏| 4121/4500 [4:01:11<23:26,  3.71s/it]
 92%|█████████▏| 4122/4500 [4:01:20<32:58,  5.23s/it]
 92%|█████████▏| 4123/4500 [4:01:23<29:55,  4.76s/it]
 92%|█████████▏| 4124/4500 [4:01:29<31:44,  5.07s/it]
 92%|█████████▏| 4125/4500 [4:01:32<27:48,  4.45s/it]
 92%|█████████▏| 4127/4500 [4:01:41<27:46,  4.47s/it]
 92%|█████████▏| 4128/4500 [4:01:44<25:35,  4.13s/it]
 92%|█████████▏| 4129/4500 [4:01:48<24:42,  4.00s/it]
 92%|█████████▏| 4130/4500 [4:01:51<22:48,  3.70s/it]
 92%|█████████▏| 4131/4500 [4:01:56<25:53,  4.21s/it]
 92%|█████████▏| 4132/4500 [4:02:00<24:55,  4.06s/it]
 92%|█████████▏| 4133/4500 [4:02:03<23:29,  3.84s/it]
 92%|█████████▏| 4134/4500 [4:02:06<21:27,  3.52s/it]
 92%|█████████▏| 4135/4500 [4:02:10<22:14,  3.66s/it]
 92%|█████████▏| 4136/4500 [4:02:13<21:34,  3.56s/it]
 92%|█████████▏| 4137/4500 [4:02:16<19:10,  3.17s/it]
 92%|█████████▏| 4138/4500 [4:02:21<23:12,  3.85s/it]
 92%|█████████▏| 4139/4500 [4:02:26<25:12,  4.19s/it]
 92%|█████████▏| 4140/4500 [4:02:30<25:29,  4.25s/it]
 92%|█████████▏| 4141/4500 [4:02:33<21:41,  3.63s/it]
 92%|█████████▏| 4142/4500 [4:02:35<20:01,  3.36s/it]
 92%|█████████▏| 4143/4500 [4:02:38<19:04,  3.21s/it]
 92%|█████████▏| 4144/4500 [4:02:48<31:10,  5.26s/it]
 92%|█████████▏| 4145/4500 [4:02:54<31:59,  5.41s/it]
 92%|█████████▏| 4146/4500 [4:02:57<27:15,  4.62s/it]
 92%|█████████▏| 4147/4500 [4:03:02<28:22,  4.82s/it]
 92%|█████████▏| 4148/4500 [4:03:05<25:16,  4.31s/it]
 92%|█████████▏| 4149/4500 [4:03:09<24:14,  4.14s/it]
 92%|█████████▏| 4150/4500 [4:03:14<25:10,  4.32s/it]
 92%|█████████▏| 4151/4500 [4:03:17<22:40,  3.90s/it]
 92%|█████████▏| 4152/4500 [4:03:20<21:11,  3.65s/it]
 92%|█████████▏| 4153/4500 [4:03:23<19:53,  3.44s/it]
 92%|█████████▏| 4154/4500 [4:03:32<29:54,  5.19s/it]
 92%|█████████▏| 4155/4500 [4:03:34<25:19,  4.40s/it]
 92%|█████████▏| 4156/4500 [4:03:36<20:41,  3.61s/it]
 92%|█████████▏| 4157/4500 [4:03:39<18:34,  3.25s/it]
 92%|█████████▏| 4158/4500 [4:03:43<20:20,  3.57s/it]
 92%|█████████▏| 4159/4500 [4:03:48<23:22,  4.11s/it]
 92%|█████████▏| 4160/4500 [4:03:52<23:09,  4.09s/it]
 92%|█████████▏| 4161/4500 [4:03:55<19:49,  3.51s/it]
 92%|█████████▏| 4162/4500 [4:03:58<19:42,  3.50s/it]
 93%|█████████▎| 4163/4500 [4:04:02<19:58,  3.56s/it]
 93%|█████████▎| 4164/4500 [4:04:04<18:33,  3.31s/it]
 93%|█████████▎| 4165/4500 [4:04:07<17:09,  3.07s/it]
 93%|█████████▎| 4166/4500 [4:04:10<17:32,  3.15s/it]
 93%|█████████▎| 4167/4500 [4:04:14<18:19,  3.30s/it]
 93%|█████████▎| 4168/4500 [4:04:16<16:02,  2.90s/it]
 93%|█████████▎| 4169/4500 [4:04:18<14:16,  2.59s/it]
 93%|█████████▎| 4170/4500 [4:04:20<14:00,  2.55s/it]
 93%|█████████▎| 4171/4500 [4:04:24<15:22,  2.80s/it]
 93%|█████████▎| 4172/4500 [4:04:27<17:03,  3.12s/it]
 93%|█████████▎| 4173/4500 [4:04:32<18:31,  3.40s/it]
 93%|█████████▎| 4174/4500 [4:04:36<19:36,  3.61s/it]
 93%|█████████▎| 4175/4500 [4:04:37<16:38,  3.07s/it]
 93%|█████████▎| 4176/4500 [4:04:41<17:43,  3.28s/it]
 93%|█████████▎| 4177/4500 [4:04:44<17:00,  3.16s/it]
 93%|█████████▎| 4178/4500 [4:04:47<16:53,  3.15s/it]
 93%|█████████▎| 4179/4500 [4:04:49<14:27,  2.70s/it]
 93%|█████████▎| 4180/4500 [4:04:52<15:51,  2.97s/it]
 93%|█████████▎| 4181/4500 [4:04:56<16:17,  3.07s/it]
 93%|█████████▎| 4182/4500 [4:04:59<16:23,  3.09s/it]
 93%|█████████▎| 4183/4500 [4:05:03<17:44,  3.36s/it]
 93%|█████████▎| 4184/4500 [4:05:07<18:12,  3.46s/it]
 93%|█████████▎| 4186/4500 [4:05:11<14:47,  2.83s/it]
 93%|█████████▎| 4187/4500 [4:05:15<16:32,  3.17s/it]
 93%|█████████▎| 4189/4500 [4:05:18<12:26,  2.40s/it]
 93%|█████████▎| 4190/4500 [4:05:21<13:33,  2.63s/it]
 93%|█████████▎| 4191/4500 [4:05:24<13:36,  2.64s/it]
 93%|█████████▎| 4193/4500 [4:05:27<11:34,  2.26s/it]
 93%|█████████▎| 4194/4500 [4:05:31<12:55,  2.54s/it]
 93%|█████████▎| 4195/4500 [4:05:33<12:45,  2.51s/it]
 93%|█████████▎| 4196/4500 [4:05:39<17:42,  3.49s/it]
 93%|█████████▎| 4197/4500 [4:05:42<16:42,  3.31s/it]
 93%|█████████▎| 4198/4500 [4:05:45<15:46,  3.14s/it]
 93%|█████████▎| 4199/4500 [4:05:48<15:49,  3.16s/it]
 93%|█████████▎| 4200/4500 [4:05:51<15:48,  3.16s/it]
 93%|█████████▎| 4201/4500 [4:05:54<15:24,  3.09s/it]
 93%|█████████▎| 4202/4500 [4:05:58<16:45,  3.37s/it]
 93%|█████████▎| 4203/4500 [4:06:02<17:06,  3.46s/it]
 93%|█████████▎| 4204/4500 [4:06:04<15:33,  3.15s/it]
 93%|█████████▎| 4205/4500 [4:06:07<15:38,  3.18s/it]
 93%|█████████▎| 4207/4500 [4:06:13<14:52,  3.05s/it]
 94%|█████████▎| 4208/4500 [4:06:16<14:29,  2.98s/it]
 94%|█████████▎| 4209/4500 [4:06:19<14:03,  2.90s/it]
 94%|█████████▎| 4210/4500 [4:06:22<14:04,  2.91s/it]
 94%|█████████▎| 4211/4500 [4:06:28<19:03,  3.96s/it]
 94%|█████████▎| 4212/4500 [4:06:36<24:24,  5.09s/it]
 94%|█████████▎| 4213/4500 [4:06:39<21:26,  4.48s/it]
 94%|█████████▎| 4214/4500 [4:06:42<18:24,  3.86s/it]
 94%|█████████▎| 4215/4500 [4:06:44<16:40,  3.51s/it]
 94%|█████████▎| 4216/4500 [4:06:47<14:54,  3.15s/it]
 94%|█████████▎| 4217/4500 [4:06:50<15:06,  3.20s/it]
 94%|█████████▎| 4218/4500 [4:06:53<14:42,  3.13s/it]
 94%|█████████▍| 4219/4500 [4:06:56<14:47,  3.16s/it]
 94%|█████████▍| 4220/4500 [4:07:00<16:26,  3.52s/it]
 94%|█████████▍| 4222/4500 [4:07:02<10:43,  2.31s/it]
 94%|█████████▍| 4223/4500 [4:07:09<15:58,  3.46s/it]
 94%|█████████▍| 4224/4500 [4:07:11<14:20,  3.12s/it]
 94%|█████████▍| 4225/4500 [4:07:16<15:37,  3.41s/it]
 94%|█████████▍| 4226/4500 [4:07:17<13:08,  2.88s/it]
 94%|█████████▍| 4227/4500 [4:07:20<13:40,  3.00s/it]
 94%|█████████▍| 4228/4500 [4:07:23<13:30,  2.98s/it]
 94%|█████████▍| 4229/4500 [4:07:28<16:11,  3.59s/it]
 94%|█████████▍| 4230/4500 [4:07:33<17:58,  4.00s/it]
 94%|█████████▍| 4231/4500 [4:07:36<15:57,  3.56s/it]
 94%|█████████▍| 4232/4500 [4:07:41<18:23,  4.12s/it]
 94%|█████████▍| 4233/4500 [4:07:43<14:36,  3.28s/it]
 94%|█████████▍| 4234/4500 [4:07:45<13:51,  3.12s/it]
 94%|█████████▍| 4235/4500 [4:07:47<12:26,  2.82s/it]
 94%|█████████▍| 4236/4500 [4:07:52<14:58,  3.40s/it]
 94%|█████████▍| 4237/4500 [4:07:54<13:12,  3.01s/it]
 94%|█████████▍| 4238/4500 [4:07:59<15:23,  3.53s/it]
 94%|█████████▍| 4239/4500 [4:08:04<16:41,  3.84s/it]
 94%|█████████▍| 4240/4500 [4:08:05<13:40,  3.15s/it]
 94%|█████████▍| 4241/4500 [4:08:08<12:58,  3.01s/it]
 94%|█████████▍| 4243/4500 [4:08:09<08:28,  1.98s/it]
 94%|█████████▍| 4244/4500 [4:08:12<09:32,  2.24s/it]
 94%|█████████▍| 4245/4500 [4:08:17<12:32,  2.95s/it]
 94%|█████████▍| 4246/4500 [4:08:20<11:46,  2.78s/it]
 94%|█████████▍| 4248/4500 [4:08:21<08:13,  1.96s/it]
 94%|█████████▍| 4249/4500 [4:08:26<10:20,  2.47s/it]
 94%|█████████▍| 4250/4500 [4:08:28<10:45,  2.58s/it]
 94%|█████████▍| 4251/4500 [4:08:32<11:36,  2.80s/it]
 94%|█████████▍| 4252/4500 [4:08:36<12:35,  3.04s/it]
 95%|█████████▍| 4253/4500 [4:08:39<13:29,  3.28s/it]
 95%|█████████▍| 4254/4500 [4:08:43<13:14,  3.23s/it]
 95%|█████████▍| 4255/4500 [4:08:45<12:00,  2.94s/it]
 95%|█████████▍| 4257/4500 [4:08:49<10:19,  2.55s/it]
 95%|█████████▍| 4258/4500 [4:08:52<11:04,  2.75s/it]
 95%|█████████▍| 4260/4500 [4:08:56<09:21,  2.34s/it]
 95%|█████████▍| 4262/4500 [4:08:59<08:07,  2.05s/it]
 95%|█████████▍| 4263/4500 [4:09:01<08:15,  2.09s/it]
 95%|█████████▍| 4264/4500 [4:09:04<08:42,  2.21s/it]
 95%|█████████▍| 4265/4500 [4:09:06<09:00,  2.30s/it]
 95%|█████████▍| 4266/4500 [4:09:09<08:53,  2.28s/it]
 95%|█████████▍| 4267/4500 [4:09:15<13:24,  3.45s/it]
 95%|█████████▍| 4268/4500 [4:09:20<14:30,  3.75s/it]
 95%|█████████▍| 4269/4500 [4:09:26<17:19,  4.50s/it]
 95%|█████████▍| 4270/4500 [4:09:29<15:37,  4.07s/it]
 95%|█████████▍| 4271/4500 [4:09:32<14:01,  3.67s/it]
 95%|█████████▍| 4272/4500 [4:09:36<14:17,  3.76s/it]
 95%|█████████▍| 4273/4500 [4:09:39<13:14,  3.50s/it]
 95%|█████████▍| 4274/4500 [4:09:43<13:52,  3.69s/it]
 95%|█████████▌| 4275/4500 [4:09:46<13:03,  3.48s/it]
 95%|█████████▌| 4276/4500 [4:09:49<13:05,  3.51s/it]
 95%|█████████▌| 4277/4500 [4:09:53<13:19,  3.59s/it]
 95%|█████████▌| 4278/4500 [4:09:56<12:49,  3.47s/it]
 95%|█████████▌| 4279/4500 [4:10:01<13:36,  3.69s/it]
 95%|█████████▌| 4280/4500 [4:10:02<11:31,  3.14s/it]
 95%|█████████▌| 4281/4500 [4:10:05<10:51,  2.97s/it]
 95%|█████████▌| 4282/4500 [4:10:09<12:16,  3.38s/it]
 95%|█████████▌| 4283/4500 [4:10:12<11:23,  3.15s/it]
 95%|█████████▌| 4284/4500 [4:10:16<12:06,  3.36s/it]
 95%|█████████▌| 4285/4500 [4:10:19<11:46,  3.29s/it]
 95%|█████████▌| 4286/4500 [4:10:24<14:02,  3.94s/it]
 95%|█████████▌| 4287/4500 [4:10:27<12:56,  3.65s/it]
 95%|█████████▌| 4288/4500 [4:10:32<13:31,  3.83s/it]
 95%|█████████▌| 4289/4500 [4:10:37<14:56,  4.25s/it]
 95%|█████████▌| 4290/4500 [4:10:40<13:17,  3.80s/it]
 95%|█████████▌| 4291/4500 [4:10:43<12:45,  3.66s/it]
 95%|█████████▌| 4292/4500 [4:10:45<10:58,  3.17s/it]
 95%|█████████▌| 4293/4500 [4:10:50<12:59,  3.76s/it]
 95%|█████████▌| 4294/4500 [4:10:53<11:32,  3.36s/it]
 95%|█████████▌| 4295/4500 [4:10:56<11:09,  3.26s/it]
 95%|█████████▌| 4296/4500 [4:10:58<10:17,  3.03s/it]
 95%|█████████▌| 4297/4500 [4:11:02<11:12,  3.31s/it]
 96%|█████████▌| 4299/4500 [4:11:09<11:30,  3.43s/it]
 96%|█████████▌| 4300/4500 [4:11:13<11:33,  3.47s/it]
 96%|█████████▌| 4301/4500 [4:11:22<16:10,  4.88s/it]
 96%|█████████▌| 4302/4500 [4:11:28<17:14,  5.23s/it]
 96%|█████████▌| 4303/4500 [4:11:32<16:33,  5.04s/it]
 96%|█████████▌| 4304/4500 [4:11:35<14:18,  4.38s/it]
 96%|█████████▌| 4305/4500 [4:11:40<14:36,  4.49s/it]
 96%|█████████▌| 4306/4500 [4:11:46<16:10,  5.00s/it]
 96%|█████████▌| 4307/4500 [4:11:49<14:27,  4.49s/it]
 96%|█████████▌| 4308/4500 [4:12:00<20:00,  6.25s/it]
 96%|█████████▌| 4309/4500 [4:12:03<16:51,  5.30s/it]
 96%|█████████▌| 4310/4500 [4:12:06<14:52,  4.70s/it]
 96%|█████████▌| 4311/4500 [4:12:10<14:25,  4.58s/it]
 96%|█████████▌| 4312/4500 [4:12:16<15:46,  5.03s/it]
 96%|█████████▌| 4313/4500 [4:12:19<13:09,  4.22s/it]
 96%|█████████▌| 4314/4500 [4:12:22<11:45,  3.79s/it]
 96%|█████████▌| 4315/4500 [4:12:26<12:29,  4.05s/it]
 96%|█████████▌| 4316/4500 [4:12:29<11:06,  3.62s/it]
 96%|█████████▌| 4317/4500 [4:12:32<10:51,  3.56s/it]
 96%|█████████▌| 4318/4500 [4:12:35<09:37,  3.18s/it]
 96%|█████████▌| 4319/4500 [4:12:38<10:11,  3.38s/it]
 96%|█████████▌| 4320/4500 [4:12:41<09:15,  3.09s/it]
 96%|█████████▌| 4321/4500 [4:12:43<08:41,  2.91s/it]
 96%|█████████▌| 4322/4500 [4:12:47<09:14,  3.11s/it]
 96%|█████████▌| 4323/4500 [4:12:50<09:11,  3.12s/it]
 96%|█████████▌| 4324/4500 [4:12:53<08:37,  2.94s/it]
 96%|█████████▌| 4325/4500 [4:12:57<10:13,  3.51s/it]
 96%|█████████▌| 4326/4500 [4:13:01<10:20,  3.57s/it]
 96%|█████████▌| 4327/4500 [4:13:03<09:07,  3.17s/it]
 96%|█████████▌| 4328/4500 [4:13:08<09:59,  3.49s/it]
 96%|█████████▌| 4329/4500 [4:13:11<09:34,  3.36s/it]
 96%|█████████▌| 4330/4500 [4:13:15<10:25,  3.68s/it]
 96%|█████████▌| 4331/4500 [4:13:19<10:37,  3.77s/it]
 96%|█████████▋| 4332/4500 [4:13:23<11:01,  3.94s/it]
 96%|█████████▋| 4333/4500 [4:13:29<12:48,  4.60s/it]
 96%|█████████▋| 4334/4500 [4:13:33<11:39,  4.22s/it]
 96%|█████████▋| 4335/4500 [4:13:35<10:16,  3.74s/it]
 96%|█████████▋| 4336/4500 [4:13:40<10:51,  3.97s/it]
 96%|█████████▋| 4337/4500 [4:13:44<10:46,  3.97s/it]
 96%|█████████▋| 4338/4500 [4:13:47<09:43,  3.60s/it]
 96%|█████████▋| 4339/4500 [4:13:50<09:46,  3.64s/it]
 96%|█████████▋| 4340/4500 [4:13:56<11:30,  4.32s/it]
 96%|█████████▋| 4341/4500 [4:13:58<09:30,  3.59s/it]
 96%|█████████▋| 4342/4500 [4:14:01<08:51,  3.37s/it]
 97%|█████████▋| 4343/4500 [4:14:03<08:05,  3.09s/it]
 97%|█████████▋| 4344/4500 [4:14:07<08:22,  3.22s/it]
 97%|█████████▋| 4345/4500 [4:14:10<07:57,  3.08s/it]
 97%|█████████▋| 4346/4500 [4:14:13<07:46,  3.03s/it]
 97%|█████████▋| 4347/4500 [4:14:15<07:22,  2.89s/it]
 97%|█████████▋| 4348/4500 [4:14:20<08:50,  3.49s/it]
 97%|█████████▋| 4349/4500 [4:14:23<08:02,  3.20s/it]
 97%|█████████▋| 4350/4500 [4:14:27<08:52,  3.55s/it]
 97%|█████████▋| 4351/4500 [4:14:30<08:12,  3.31s/it]
 97%|█████████▋| 4352/4500 [4:14:34<08:44,  3.55s/it]
 97%|█████████▋| 4353/4500 [4:14:36<07:37,  3.11s/it]
 97%|█████████▋| 4354/4500 [4:14:42<09:35,  3.94s/it]
 97%|█████████▋| 4355/4500 [4:14:48<10:58,  4.54s/it]
 97%|█████████▋| 4357/4500 [4:14:50<07:07,  2.99s/it]
 97%|█████████▋| 4358/4500 [4:14:52<06:11,  2.61s/it]
 97%|█████████▋| 4359/4500 [4:14:57<07:58,  3.40s/it]
 97%|█████████▋| 4360/4500 [4:15:02<08:43,  3.74s/it]
 97%|█████████▋| 4361/4500 [4:15:06<09:01,  3.90s/it]
 97%|█████████▋| 4362/4500 [4:15:11<09:16,  4.03s/it]
 97%|█████████▋| 4363/4500 [4:15:15<09:10,  4.02s/it]
 97%|█████████▋| 4364/4500 [4:15:18<08:43,  3.85s/it]
 97%|█████████▋| 4365/4500 [4:15:22<08:45,  3.89s/it]
 97%|█████████▋| 4366/4500 [4:15:25<08:10,  3.66s/it]
 97%|█████████▋| 4367/4500 [4:15:28<07:32,  3.40s/it]
 97%|█████████▋| 4369/4500 [4:15:36<08:16,  3.79s/it]
 97%|█████████▋| 4370/4500 [4:15:39<07:29,  3.46s/it]
 97%|█████████▋| 4372/4500 [4:15:42<05:37,  2.64s/it]
 97%|█████████▋| 4373/4500 [4:15:44<05:31,  2.61s/it]
 97%|█████████▋| 4374/4500 [4:15:48<06:06,  2.91s/it]
 97%|█████████▋| 4375/4500 [4:15:50<05:23,  2.59s/it]
 97%|█████████▋| 4376/4500 [4:15:53<05:43,  2.77s/it]
 97%|█████████▋| 4377/4500 [4:15:57<06:12,  3.03s/it]
 97%|█████████▋| 4378/4500 [4:15:59<05:51,  2.88s/it]
 97%|█████████▋| 4379/4500 [4:16:04<06:58,  3.46s/it]
 97%|█████████▋| 4380/4500 [4:16:08<06:53,  3.45s/it]
 97%|█████████▋| 4381/4500 [4:16:11<06:39,  3.36s/it]
 97%|█████████▋| 4382/4500 [4:16:14<06:44,  3.43s/it]
 97%|█████████▋| 4383/4500 [4:16:19<07:33,  3.88s/it]
 97%|█████████▋| 4384/4500 [4:16:22<07:02,  3.64s/it]
 97%|█████████▋| 4385/4500 [4:16:25<06:34,  3.43s/it]
 97%|█████████▋| 4386/4500 [4:16:30<07:09,  3.77s/it]
 97%|█████████▋| 4387/4500 [4:16:33<06:49,  3.63s/it]
 98%|█████████▊| 4388/4500 [4:16:36<06:20,  3.40s/it]
 98%|█████████▊| 4389/4500 [4:16:41<06:59,  3.78s/it]
 98%|█████████▊| 4390/4500 [4:16:43<06:02,  3.29s/it]
 98%|█████████▊| 4391/4500 [4:16:47<06:18,  3.47s/it]
 98%|█████████▊| 4392/4500 [4:16:50<06:03,  3.36s/it]
 98%|█████████▊| 4393/4500 [4:16:53<06:00,  3.37s/it]
 98%|█████████▊| 4394/4500 [4:16:57<06:12,  3.51s/it]
 98%|█████████▊| 4395/4500 [4:17:01<06:27,  3.69s/it]
 98%|█████████▊| 4396/4500 [4:17:04<05:45,  3.32s/it]
 98%|█████████▊| 4397/4500 [4:17:07<05:54,  3.44s/it]
 98%|█████████▊| 4398/4500 [4:17:09<05:12,  3.06s/it]
 98%|█████████▊| 4399/4500 [4:17:14<06:00,  3.57s/it]
 98%|█████████▊| 4400/4500 [4:17:16<05:03,  3.03s/it]
 98%|█████████▊| 4401/4500 [4:17:17<04:09,  2.52s/it]
 98%|█████████▊| 4402/4500 [4:17:20<04:13,  2.59s/it]
 98%|█████████▊| 4403/4500 [4:17:23<04:27,  2.76s/it]
 98%|█████████▊| 4404/4500 [4:17:28<05:16,  3.30s/it]
 98%|█████████▊| 4405/4500 [4:17:30<04:43,  2.99s/it]
 98%|█████████▊| 4406/4500 [4:17:32<04:23,  2.80s/it]
 98%|█████████▊| 4407/4500 [4:17:34<03:58,  2.57s/it]
 98%|█████████▊| 4408/4500 [4:17:36<03:31,  2.30s/it]
 98%|█████████▊| 4409/4500 [4:17:40<04:02,  2.67s/it]
 98%|█████████▊| 4411/4500 [4:17:44<03:47,  2.56s/it]
 98%|█████████▊| 4412/4500 [4:17:48<04:01,  2.75s/it]
 98%|█████████▊| 4413/4500 [4:17:51<04:09,  2.87s/it]
 98%|█████████▊| 4414/4500 [4:17:56<04:50,  3.37s/it]
 98%|█████████▊| 4416/4500 [4:17:58<03:26,  2.46s/it]
 98%|█████████▊| 4417/4500 [4:18:01<03:37,  2.62s/it]
 98%|█████████▊| 4418/4500 [4:18:05<03:46,  2.77s/it]
 98%|█████████▊| 4419/4500 [4:18:07<03:39,  2.71s/it]
 98%|█████████▊| 4420/4500 [4:18:12<04:17,  3.22s/it]
 98%|█████████▊| 4422/4500 [4:18:15<03:10,  2.44s/it]
 98%|█████████▊| 4423/4500 [4:18:18<03:22,  2.63s/it]
 98%|█████████▊| 4424/4500 [4:18:21<03:28,  2.74s/it]
 98%|█████████▊| 4425/4500 [4:18:23<03:16,  2.63s/it]
 98%|█████████▊| 4426/4500 [4:18:28<03:54,  3.16s/it]
 98%|█████████▊| 4427/4500 [4:18:35<05:17,  4.36s/it]
 98%|█████████▊| 4428/4500 [4:18:40<05:17,  4.41s/it]
 98%|█████████▊| 4429/4500 [4:18:43<04:41,  3.97s/it]
 98%|█████████▊| 4430/4500 [4:18:47<04:40,  4.01s/it]
 98%|█████████▊| 4431/4500 [4:18:51<04:31,  3.94s/it]
 98%|█████████▊| 4432/4500 [4:18:53<04:03,  3.58s/it]
 99%|█████████▊| 4433/4500 [4:18:57<04:03,  3.64s/it]
 99%|█████████▊| 4434/4500 [4:19:01<04:07,  3.76s/it]
 99%|█████████▊| 4435/4500 [4:19:06<04:20,  4.02s/it]
 99%|█████████▊| 4436/4500 [4:19:09<04:01,  3.77s/it]
 99%|█████████▊| 4437/4500 [4:19:14<04:17,  4.09s/it]
 99%|█████████▊| 4438/4500 [4:19:18<04:18,  4.18s/it]
 99%|█████████▊| 4439/4500 [4:19:24<04:51,  4.78s/it]
 99%|█████████▊| 4440/4500 [4:19:29<04:44,  4.75s/it]
 99%|█████████▊| 4441/4500 [4:19:31<03:57,  4.03s/it]
 99%|█████████▊| 4442/4500 [4:19:35<03:48,  3.94s/it]
 99%|█████████▊| 4443/4500 [4:19:38<03:19,  3.51s/it]
 99%|█████████▉| 4444/4500 [4:19:41<03:19,  3.56s/it]
 99%|█████████▉| 4445/4500 [4:19:43<02:50,  3.10s/it]
 99%|█████████▉| 4446/4500 [4:19:48<03:10,  3.53s/it]
 99%|█████████▉| 4447/4500 [4:19:51<03:00,  3.40s/it]
 99%|█████████▉| 4448/4500 [4:19:55<03:12,  3.70s/it]
 99%|█████████▉| 4449/4500 [4:20:00<03:30,  4.12s/it]
 99%|█████████▉| 4450/4500 [4:20:05<03:36,  4.32s/it]
 99%|█████████▉| 4451/4500 [4:20:08<03:15,  3.98s/it]
 99%|█████████▉| 4452/4500 [4:20:16<04:04,  5.10s/it]
 99%|█████████▉| 4453/4500 [4:20:19<03:25,  4.37s/it]
 99%|█████████▉| 4454/4500 [4:20:23<03:17,  4.28s/it]
 99%|█████████▉| 4455/4500 [4:20:25<02:42,  3.61s/it]
 99%|█████████▉| 4456/4500 [4:20:28<02:34,  3.50s/it]
 99%|█████████▉| 4457/4500 [4:20:31<02:26,  3.40s/it]
 99%|█████████▉| 4458/4500 [4:20:34<02:14,  3.19s/it]
 99%|█████████▉| 4460/4500 [4:20:38<01:41,  2.53s/it]
 99%|█████████▉| 4461/4500 [4:20:40<01:36,  2.47s/it]
 99%|█████████▉| 4462/4500 [4:20:45<01:56,  3.06s/it]
 99%|█████████▉| 4463/4500 [4:20:47<01:48,  2.94s/it]
 99%|█████████▉| 4464/4500 [4:20:52<02:00,  3.34s/it]
 99%|█████████▉| 4465/4500 [4:20:56<02:07,  3.66s/it]
 99%|█████████▉| 4466/4500 [4:21:00<02:12,  3.90s/it]
 99%|█████████▉| 4467/4500 [4:21:04<02:09,  3.93s/it]
 99%|█████████▉| 4468/4500 [4:21:07<01:55,  3.62s/it]
 99%|█████████▉| 4469/4500 [4:21:11<01:48,  3.52s/it]
 99%|█████████▉| 4470/4500 [4:21:12<01:31,  3.03s/it]
 99%|█████████▉| 4471/4500 [4:21:19<01:55,  3.99s/it]
 99%|█████████▉| 4472/4500 [4:21:23<01:58,  4.22s/it]
 99%|█████████▉| 4473/4500 [4:21:27<01:45,  3.91s/it]
 99%|█████████▉| 4474/4500 [4:21:31<01:42,  3.95s/it]
 99%|█████████▉| 4475/4500 [4:21:34<01:34,  3.77s/it]
 99%|█████████▉| 4477/4500 [4:21:41<01:23,  3.63s/it]
100%|█████████▉| 4478/4500 [4:21:43<01:09,  3.15s/it]
100%|█████████▉| 4479/4500 [4:21:50<01:26,  4.11s/it]
100%|█████████▉| 4480/4500 [4:21:51<01:09,  3.47s/it]
100%|█████████▉| 4481/4500 [4:21:54<00:59,  3.13s/it]
100%|█████████▉| 4482/4500 [4:21:58<01:02,  3.47s/it]
100%|█████████▉| 4483/4500 [4:22:01<00:55,  3.26s/it]
100%|█████████▉| 4484/4500 [4:22:05<00:59,  3.69s/it]
100%|█████████▉| 4485/4500 [4:22:08<00:52,  3.49s/it]
100%|█████████▉| 4486/4500 [4:22:11<00:44,  3.17s/it]
100%|█████████▉| 4487/4500 [4:22:14<00:41,  3.16s/it]
100%|█████████▉| 4488/4500 [4:22:18<00:42,  3.52s/it]
100%|█████████▉| 4489/4500 [4:22:20<00:32,  2.97s/it]
100%|█████████▉| 4490/4500 [4:22:24<00:33,  3.34s/it]
100%|█████████▉| 4491/4500 [4:22:27<00:28,  3.21s/it]
100%|█████████▉| 4492/4500 [4:22:32<00:29,  3.66s/it]
100%|█████████▉| 4493/4500 [4:22:41<00:38,  5.46s/it]
100%|█████████▉| 4494/4500 [4:22:44<00:27,  4.61s/it]
100%|█████████▉| 4495/4500 [4:22:46<00:19,  3.90s/it]
100%|█████████▉| 4496/4500 [4:22:48<00:13,  3.31s/it]
100%|█████████▉| 4497/4500 [4:22:52<00:10,  3.35s/it]
100%|█████████▉| 4498/4500 [4:22:54<00:05,  2.91s/it]
100%|█████████▉| 4499/4500 [4:22:56<00:02,  2.78s/it]
100%|██████████| 4500/4500 [4:22:58<00:00,  2.44s/it]
100%|██████████| 4500/4500 [4:22:58<00:00,  3.51s/it]
{"run_dir": "C:\\Users\\jv624\\Desktop\\fsm_reliability\\outputs\\cstr_grounding\\20261001_065645_20260929_214136_llama-32-3b-instruct_v4_v31_r0", "status": {"ok": 4290, "not_eligible": 210}, "tf_agreement": 0.9906}
