python.exe : 
At C:\Users\jv624\Desktop\fsm_reliability\outputs\pipeline_detached.ps1:18 char:5
+     & $py @pyArgs 2>&1 | Out-File -Encoding utf8 "outputs\queue_$name ...
+     ~~~~~~~~~~~~~~~~~~
    + CategoryInfo          : NotSpecified: (:String) [], RemoteException
    + FullyQualifiedErrorId : NativeCommandError
 
Loading weights:   0%|          | 0/338 [00:00<?, ?it/s]
Loading weights:   0%|          | 1/338 [00:00<01:01,  5.50it/s]
Loading weights:  12%|ΓûêΓûÅ        | 41/338 [00:00<00:01, 172.39it/s]
Loading weights:  26%|ΓûêΓûêΓûî       | 87/338 [00:00<00:00, 266.42it/s]
Loading weights:  37%|ΓûêΓûêΓûêΓûï      | 125/338 [00:00<00:00, 303.85it/s]
Loading weights:  51%|ΓûêΓûêΓûêΓûêΓûê     | 171/338 [00:00<00:00, 341.00it/s]
Loading weights:  62%|ΓûêΓûêΓûêΓûêΓûêΓûêΓûÅ   | 209/338 [00:00<00:00, 352.79it/s]
Loading weights:  73%|ΓûêΓûêΓûêΓûêΓûêΓûêΓûêΓûÄ  | 246/338 [00:00<00:00, 352.90it/s]
Loading weights:  84%|ΓûêΓûêΓûêΓûêΓûêΓûêΓûêΓûêΓûì | 285/338 [00:00<00:00, 362.46it/s]
Loading weights:  97%|ΓûêΓûêΓûêΓûêΓûêΓûêΓûêΓûêΓûêΓûï| 327/338 [00:01<00:00, 364.18it/s]
Loading weights: 100%|ΓûêΓûêΓûêΓûêΓûêΓûêΓûêΓûêΓûêΓûê| 338/338 [00:01<00:00, 321.20it/s]

  0%|          | 0/3000 [00:00<?, ?it/s]
  0%|          | 1/3000 [00:00<24:29,  2.04it/s]
  0%|          | 2/3000 [00:00<15:31,  3.22it/s]
  0%|          | 3/3000 [00:00<14:22,  3.48it/s]
  0%|          | 4/3000 [00:01<13:42,  3.64it/s]
  0%|          | 5/3000 [00:01<13:18,  3.75it/s]
  0%|          | 6/3000 [00:01<11:33,  4.32it/s]
  0%|          | 7/3000 [00:01<10:17,  4.85it/s]
  0%|          | 8/3000 [00:01<09:30,  5.25it/s]
  0%|          | 9/3000 [00:02<08:26,  5.90it/s]
  0%|          | 10/3000 [00:02<08:23,  5.94it/s]
  0%|          | 11/3000 [00:02<08:51,  5.62it/s]
  0%|          | 12/3000 [00:02<08:31,  5.84it/s]
  0%|          | 13/3000 [00:02<08:58,  5.55it/s]
  0%|          | 14/3000 [00:02<08:15,  6.02it/s]
  0%|          | 15/3000 [00:03<09:06,  5.46it/s]
  1%|          | 16/3000 [00:03<09:41,  5.13it/s]
  1%|          | 17/3000 [00:03<10:03,  4.95it/s]
  1%|          | 18/3000 [00:03<10:02,  4.95it/s]
  1%|          | 19/3000 [00:03<08:54,  5.58it/s]
  1%|          | 20/3000 [00:04<08:06,  6.12it/s]
  1%|          | 21/3000 [00:04<08:38,  5.75it/s]
  1%|          | 22/3000 [00:04<08:27,  5.87it/s]
  1%|          | 23/3000 [00:04<08:02,  6.17it/s]
  1%|          | 24/3000 [00:04<07:15,  6.83it/s]
  1%|          | 25/3000 [00:04<07:24,  6.69it/s]
  1%|          | 26/3000 [00:04<06:54,  7.17it/s]
  1%|          | 27/3000 [00:05<07:22,  6.72it/s]
  1%|          | 28/3000 [00:05<07:55,  6.25it/s]
  1%|          | 29/3000 [00:05<09:35,  5.16it/s]
  1%|          | 30/3000 [00:05<09:52,  5.02it/s]
  1%|          | 31/3000 [00:05<09:28,  5.22it/s]
  1%|          | 32/3000 [00:06<08:12,  6.03it/s]
  1%|          | 33/3000 [00:06<08:00,  6.18it/s]
  1%|          | 34/3000 [00:06<07:29,  6.60it/s]
  1%|          | 35/3000 [00:06<08:10,  6.04it/s]
  1%|          | 36/3000 [00:06<08:20,  5.93it/s]
  1%|          | 37/3000 [00:06<07:33,  6.53it/s]
  1%|ΓûÅ         | 38/3000 [00:07<09:01,  5.47it/s]
  1%|ΓûÅ         | 40/3000 [00:07<08:22,  5.89it/s]
  1%|ΓûÅ         | 41/3000 [00:07<08:16,  5.96it/s]
  1%|ΓûÅ         | 42/3000 [00:07<07:36,  6.49it/s]
  1%|ΓûÅ         | 43/3000 [00:07<07:04,  6.96it/s]
  1%|ΓûÅ         | 44/3000 [00:07<06:59,  7.04it/s]
  2%|ΓûÅ         | 45/3000 [00:08<07:43,  6.37it/s]
  2%|ΓûÅ         | 46/3000 [00:08<06:57,  7.08it/s]
  2%|ΓûÅ         | 47/3000 [00:08<07:47,  6.31it/s]
  2%|ΓûÅ         | 48/3000 [00:08<09:29,  5.18it/s]
  2%|ΓûÅ         | 49/3000 [00:08<09:01,  5.45it/s]
  2%|ΓûÅ         | 50/3000 [00:08<08:15,  5.95it/s]
  2%|ΓûÅ         | 51/3000 [00:09<07:20,  6.69it/s]
  2%|ΓûÅ         | 52/3000 [00:09<07:36,  6.46it/s]
  2%|ΓûÅ         | 53/3000 [00:09<08:38,  5.68it/s]
  2%|ΓûÅ         | 54/3000 [00:09<07:40,  6.39it/s]
  2%|ΓûÅ         | 55/3000 [00:09<07:55,  6.19it/s]
  2%|ΓûÅ         | 56/3000 [00:09<07:10,  6.84it/s]
  2%|ΓûÅ         | 57/3000 [00:09<06:46,  7.23it/s]
  2%|ΓûÅ         | 58/3000 [00:10<06:17,  7.79it/s]
  2%|ΓûÅ         | 59/3000 [00:10<05:57,  8.23it/s]
  2%|ΓûÅ         | 60/3000 [00:10<05:41,  8.61it/s]
  2%|ΓûÅ         | 61/3000 [00:10<06:17,  7.78it/s]
  2%|ΓûÅ         | 62/3000 [00:10<07:00,  6.99it/s]
  2%|ΓûÅ         | 63/3000 [00:10<06:59,  6.99it/s]
  2%|ΓûÅ         | 64/3000 [00:10<07:48,  6.26it/s]
  2%|ΓûÅ         | 65/3000 [00:11<09:39,  5.06it/s]
  2%|ΓûÅ         | 66/3000 [00:11<08:25,  5.80it/s]
  2%|ΓûÅ         | 67/3000 [00:11<08:55,  5.48it/s]
  2%|ΓûÅ         | 68/3000 [00:11<09:07,  5.35it/s]
  2%|ΓûÅ         | 69/3000 [00:11<09:03,  5.40it/s]
  2%|ΓûÅ         | 70/3000 [00:12<08:55,  5.47it/s]
  2%|ΓûÅ         | 71/3000 [00:12<08:52,  5.50it/s]
  2%|ΓûÅ         | 73/3000 [00:12<08:27,  5.77it/s]
  2%|ΓûÅ         | 74/3000 [00:12<08:39,  5.64it/s]
  2%|ΓûÄ         | 75/3000 [00:13<09:11,  5.30it/s]
  3%|ΓûÄ         | 76/3000 [00:13<09:33,  5.09it/s]
  3%|ΓûÄ         | 77/3000 [00:13<10:03,  4.84it/s]
  3%|ΓûÄ         | 78/3000 [00:13<08:41,  5.60it/s]
  3%|ΓûÄ         | 79/3000 [00:13<07:37,  6.39it/s]
  3%|ΓûÄ         | 80/3000 [00:13<08:13,  5.92it/s]
  3%|ΓûÄ         | 81/3000 [00:14<08:47,  5.53it/s]
  3%|ΓûÄ         | 82/3000 [00:14<08:07,  5.98it/s]
  3%|ΓûÄ         | 83/3000 [00:14<07:17,  6.67it/s]
  3%|ΓûÄ         | 84/3000 [00:14<07:44,  6.28it/s]
  3%|ΓûÄ         | 85/3000 [00:14<08:03,  6.02it/s]
  3%|ΓûÄ         | 86/3000 [00:14<08:13,  5.90it/s]
  3%|ΓûÄ         | 87/3000 [00:15<07:34,  6.41it/s]
  3%|ΓûÄ         | 88/3000 [00:15<08:47,  5.52it/s]
  3%|ΓûÄ         | 89/3000 [00:15<07:58,  6.08it/s]
  3%|ΓûÄ         | 90/3000 [00:15<07:55,  6.12it/s]
  3%|ΓûÄ         | 91/3000 [00:15<07:23,  6.55it/s]
  3%|ΓûÄ         | 92/3000 [00:15<06:59,  6.93it/s]
  3%|ΓûÄ         | 93/3000 [00:15<07:14,  6.68it/s]
  3%|ΓûÄ         | 94/3000 [00:16<07:19,  6.62it/s]
  3%|ΓûÄ         | 95/3000 [00:16<09:46,  4.96it/s]
  3%|ΓûÄ         | 96/3000 [00:16<08:59,  5.38it/s]
  3%|ΓûÄ         | 97/3000 [00:16<08:49,  5.48it/s]
  3%|ΓûÄ         | 98/3000 [00:16<07:47,  6.21it/s]
  3%|ΓûÄ         | 99/3000 [00:17<10:00,  4.83it/s]
  3%|ΓûÄ         | 100/3000 [00:17<09:14,  5.23it/s]
  3%|ΓûÄ         | 101/3000 [00:17<09:13,  5.24it/s]
  3%|ΓûÄ         | 102/3000 [00:17<08:02,  6.01it/s]
  3%|ΓûÄ         | 103/3000 [00:17<07:51,  6.14it/s]
  3%|ΓûÄ         | 104/3000 [00:17<07:24,  6.51it/s]
  4%|ΓûÄ         | 105/3000 [00:18<06:51,  7.04it/s]
  4%|ΓûÄ         | 106/3000 [00:18<06:15,  7.70it/s]
  4%|ΓûÄ         | 107/3000 [00:18<06:06,  7.90it/s]
  4%|ΓûÄ         | 108/3000 [00:18<05:43,  8.42it/s]
  4%|ΓûÄ         | 109/3000 [00:18<07:22,  6.54it/s]
  4%|ΓûÄ         | 110/3000 [00:18<06:46,  7.11it/s]
  4%|ΓûÄ         | 111/3000 [00:18<07:21,  6.54it/s]
  4%|ΓûÄ         | 112/3000 [00:19<07:19,  6.57it/s]
  4%|Γûì         | 113/3000 [00:19<07:26,  6.46it/s]
  4%|Γûì         | 114/3000 [00:19<06:41,  7.19it/s]
  4%|Γûì         | 115/3000 [00:19<07:19,  6.56it/s]
  4%|Γûì         | 116/3000 [00:19<07:37,  6.31it/s]
  4%|Γûì         | 118/3000 [00:19<06:26,  7.46it/s]
  4%|Γûì         | 119/3000 [00:19<06:06,  7.86it/s]
  4%|Γûì         | 120/3000 [00:20<06:04,  7.91it/s]
  4%|Γûì         | 121/3000 [00:20<06:36,  7.26it/s]
  4%|Γûì         | 122/3000 [00:20<06:58,  6.87it/s]
  4%|Γûì         | 123/3000 [00:20<06:38,  7.22it/s]
  4%|Γûì         | 124/3000 [00:20<06:30,  7.36it/s]
  4%|Γûì         | 125/3000 [00:20<07:15,  6.60it/s]
  4%|Γûì         | 127/3000 [00:21<06:50,  7.00it/s]
  4%|Γûì         | 128/3000 [00:21<07:01,  6.81it/s]
  4%|Γûì         | 129/3000 [00:21<08:00,  5.98it/s]
  4%|Γûì         | 130/3000 [00:21<07:14,  6.60it/s]
  4%|Γûì         | 131/3000 [00:21<07:19,  6.53it/s]
  4%|Γûì         | 132/3000 [00:21<06:56,  6.88it/s]
  4%|Γûì         | 133/3000 [00:22<06:48,  7.01it/s]
  4%|Γûì         | 134/3000 [00:22<06:46,  7.04it/s]
  4%|Γûì         | 135/3000 [00:22<06:37,  7.20it/s]
  5%|Γûì         | 136/3000 [00:22<06:32,  7.30it/s]
  5%|Γûì         | 137/3000 [00:22<06:16,  7.61it/s]
  5%|Γûì         | 138/3000 [00:22<07:26,  6.41it/s]
  5%|Γûì         | 139/3000 [00:22<06:47,  7.02it/s]
  5%|Γûì         | 140/3000 [00:23<06:41,  7.12it/s]
  5%|Γûì         | 141/3000 [00:23<08:51,  5.37it/s]
  5%|Γûì         | 142/3000 [00:23<08:23,  5.67it/s]
  5%|Γûì         | 143/3000 [00:23<09:08,  5.21it/s]
  5%|Γûì         | 144/3000 [00:23<08:55,  5.33it/s]
  5%|Γûì         | 145/3000 [00:23<07:46,  6.12it/s]
  5%|Γûì         | 146/3000 [00:24<07:04,  6.73it/s]
  5%|Γûì         | 147/3000 [00:24<07:41,  6.18it/s]
  5%|Γûì         | 148/3000 [00:24<07:43,  6.15it/s]
  5%|Γûì         | 149/3000 [00:24<09:41,  4.90it/s]
  5%|Γûî         | 150/3000 [00:24<08:33,  5.55it/s]
  5%|Γûî         | 151/3000 [00:24<07:44,  6.13it/s]
  5%|Γûî         | 152/3000 [00:25<07:45,  6.12it/s]
  5%|Γûî         | 153/3000 [00:25<07:14,  6.55it/s]
  5%|Γûî         | 154/3000 [00:25<09:06,  5.21it/s]
  5%|Γûî         | 155/3000 [00:25<09:12,  5.15it/s]
  5%|Γûî         | 156/3000 [00:26<11:00,  4.30it/s]
  5%|Γûî         | 157/3000 [00:26<11:40,  4.06it/s]
  5%|Γûî         | 158/3000 [00:26<13:04,  3.62it/s]
  5%|Γûî         | 159/3000 [00:27<13:11,  3.59it/s]
  5%|Γûî         | 160/3000 [00:27<11:38,  4.07it/s]
  5%|Γûî         | 161/3000 [00:27<11:02,  4.29it/s]
  5%|Γûî         | 162/3000 [00:27<10:20,  4.57it/s]
  5%|Γûî         | 163/3000 [00:27<08:57,  5.28it/s]
  5%|Γûî         | 164/3000 [00:27<08:26,  5.60it/s]
  6%|Γûî         | 165/3000 [00:28<08:16,  5.71it/s]
  6%|Γûî         | 166/3000 [00:28<10:25,  4.53it/s]
  6%|Γûî         | 167/3000 [00:28<09:53,  4.77it/s]
  6%|Γûî         | 168/3000 [00:28<08:37,  5.47it/s]
  6%|Γûî         | 169/3000 [00:28<07:40,  6.15it/s]
  6%|Γûî         | 170/3000 [00:28<07:56,  5.94it/s]
  6%|Γûî         | 171/3000 [00:29<07:29,  6.30it/s]
  6%|Γûî         | 172/3000 [00:29<08:53,  5.30it/s]
  6%|Γûî         | 173/3000 [00:29<07:54,  5.96it/s]
  6%|Γûî         | 174/3000 [00:29<07:00,  6.72it/s]
  6%|Γûî         | 175/3000 [00:29<07:30,  6.27it/s]
  6%|Γûî         | 176/3000 [00:29<07:02,  6.69it/s]
  6%|Γûî         | 177/3000 [00:30<07:20,  6.41it/s]
  6%|Γûî         | 178/3000 [00:30<06:48,  6.91it/s]
  6%|Γûî         | 179/3000 [00:30<07:50,  6.00it/s]
  6%|Γûî         | 180/3000 [00:30<06:58,  6.73it/s]
  6%|Γûî         | 181/3000 [00:30<06:47,  6.92it/s]
  6%|Γûî         | 182/3000 [00:30<06:10,  7.60it/s]
  6%|Γûî         | 183/3000 [00:30<06:42,  7.01it/s]
  6%|Γûî         | 184/3000 [00:30<06:17,  7.45it/s]
  6%|Γûî         | 185/3000 [00:31<07:14,  6.48it/s]
  6%|Γûî         | 186/3000 [00:31<06:35,  7.12it/s]
  6%|Γûî         | 187/3000 [00:31<07:05,  6.61it/s]
  6%|Γûï         | 188/3000 [00:31<09:43,  4.82it/s]
  6%|Γûï         | 189/3000 [00:31<08:44,  5.36it/s]
  6%|Γûï         | 190/3000 [00:32<07:44,  6.05it/s]
  6%|Γûï         | 191/3000 [00:32<09:15,  5.06it/s]
  6%|Γûï         | 192/3000 [00:32<09:15,  5.05it/s]
  6%|Γûï         | 193/3000 [00:32<09:41,  4.83it/s]
  6%|Γûï         | 194/3000 [00:32<08:46,  5.33it/s]
  6%|Γûï         | 195/3000 [00:33<07:46,  6.01it/s]
  7%|Γûï         | 196/3000 [00:33<07:01,  6.65it/s]
  7%|Γûï         | 197/3000 [00:33<07:41,  6.07it/s]
  7%|Γûï         | 198/3000 [00:33<07:23,  6.32it/s]
  7%|Γûï         | 199/3000 [00:33<06:58,  6.69it/s]
  7%|Γûï         | 200/3000 [00:33<07:22,  6.33it/s]
  7%|Γûï         | 201/3000 [00:33<06:58,  6.68it/s]
  7%|Γûï         | 202/3000 [00:34<07:39,  6.09it/s]
  7%|Γûï         | 203/3000 [00:34<10:29,  4.44it/s]
  7%|Γûï         | 204/3000 [00:34<09:24,  4.95it/s]
  7%|Γûï         | 205/3000 [00:34<10:19,  4.51it/s]
  7%|Γûï         | 206/3000 [00:35<09:31,  4.88it/s]
  7%|Γûï         | 207/3000 [00:35<10:24,  4.47it/s]
  7%|Γûï         | 208/3000 [00:35<10:39,  4.37it/s]
  7%|Γûï         | 209/3000 [00:35<09:40,  4.81it/s]
  7%|Γûï         | 210/3000 [00:35<08:16,  5.62it/s]
  7%|Γûï         | 211/3000 [00:35<07:32,  6.16it/s]
  7%|Γûï         | 212/3000 [00:36<07:53,  5.89it/s]
  7%|Γûï         | 213/3000 [00:36<08:00,  5.80it/s]
  7%|Γûï         | 214/3000 [00:36<07:41,  6.04it/s]
  7%|Γûï         | 215/3000 [00:36<08:32,  5.43it/s]
  7%|Γûï         | 216/3000 [00:36<07:31,  6.17it/s]
  7%|Γûï         | 217/3000 [00:36<07:25,  6.24it/s]
  7%|Γûï         | 218/3000 [00:37<07:41,  6.03it/s]
  7%|Γûï         | 219/3000 [00:37<07:42,  6.02it/s]
  7%|Γûï         | 220/3000 [00:37<06:48,  6.81it/s]
  7%|Γûï         | 221/3000 [00:37<06:39,  6.96it/s]
  7%|Γûï         | 222/3000 [00:37<06:23,  7.25it/s]
  7%|Γûï         | 223/3000 [00:37<06:33,  7.06it/s]
  7%|Γûï         | 224/3000 [00:38<09:02,  5.12it/s]
  8%|Γûè         | 225/3000 [00:38<10:46,  4.29it/s]
  8%|Γûè         | 226/3000 [00:38<09:07,  5.07it/s]
  8%|Γûè         | 227/3000 [00:38<07:52,  5.86it/s]
  8%|Γûè         | 228/3000 [00:38<07:02,  6.57it/s]
  8%|Γûè         | 229/3000 [00:38<06:23,  7.23it/s]
  8%|Γûè         | 230/3000 [00:39<06:49,  6.77it/s]
  8%|Γûè         | 231/3000 [00:39<07:54,  5.84it/s]
  8%|Γûè         | 232/3000 [00:39<09:29,  4.86it/s]
  8%|Γûè         | 233/3000 [00:39<09:23,  4.91it/s]
  8%|Γûè         | 234/3000 [00:40<10:07,  4.56it/s]
  8%|Γûè         | 235/3000 [00:40<08:54,  5.17it/s]
  8%|Γûè         | 236/3000 [00:40<11:20,  4.06it/s]
  8%|Γûè         | 237/3000 [00:40<09:41,  4.75it/s]
  8%|Γûè         | 238/3000 [00:40<09:08,  5.04it/s]
  8%|Γûè         | 239/3000 [00:41<08:58,  5.13it/s]
  8%|Γûè         | 240/3000 [00:41<07:56,  5.79it/s]
  8%|Γûè         | 241/3000 [00:41<08:32,  5.38it/s]
  8%|Γûè         | 242/3000 [00:41<07:44,  5.94it/s]
  8%|Γûè         | 243/3000 [00:41<07:54,  5.81it/s]
  8%|Γûè         | 244/3000 [00:41<07:16,  6.31it/s]
  8%|Γûè         | 246/3000 [00:41<04:59,  9.21it/s]
  8%|Γûè         | 248/3000 [00:42<06:12,  7.39it/s]
  8%|Γûè         | 250/3000 [00:42<05:07,  8.95it/s]
  8%|Γûè         | 252/3000 [00:42<06:12,  7.37it/s]
  8%|Γûè         | 253/3000 [00:42<06:03,  7.56it/s]
  8%|Γûè         | 254/3000 [00:43<06:25,  7.11it/s]
  8%|Γûè         | 255/3000 [00:43<06:14,  7.32it/s]
  9%|Γûè         | 256/3000 [00:43<05:59,  7.63it/s]
  9%|Γûè         | 257/3000 [00:43<06:15,  7.31it/s]
  9%|Γûè         | 258/3000 [00:43<06:45,  6.77it/s]
  9%|Γûè         | 259/3000 [00:43<06:19,  7.22it/s]
  9%|Γûè         | 260/3000 [00:43<07:05,  6.44it/s]
  9%|Γûè         | 262/3000 [00:44<06:10,  7.39it/s]
  9%|Γûë         | 263/3000 [00:44<06:06,  7.47it/s]
  9%|Γûë         | 264/3000 [00:44<05:52,  7.76it/s]
  9%|Γûë         | 265/3000 [00:44<05:49,  7.82it/s]
  9%|Γûë         | 266/3000 [00:44<05:36,  8.13it/s]
  9%|Γûë         | 267/3000 [00:44<05:23,  8.44it/s]
  9%|Γûë         | 268/3000 [00:44<05:29,  8.28it/s]
  9%|Γûë         | 269/3000 [00:44<05:26,  8.37it/s]
  9%|Γûë         | 270/3000 [00:45<05:11,  8.77it/s]
  9%|Γûë         | 271/3000 [00:45<05:26,  8.37it/s]
  9%|Γûë         | 272/3000 [00:45<05:17,  8.58it/s]
  9%|Γûë         | 274/3000 [00:45<04:16, 10.64it/s]
  9%|Γûë         | 276/3000 [00:45<05:52,  7.73it/s]
  9%|Γûë         | 277/3000 [00:46<08:12,  5.53it/s]
  9%|Γûë         | 278/3000 [00:46<08:02,  5.64it/s]
  9%|Γûë         | 279/3000 [00:46<07:39,  5.92it/s]
  9%|Γûë         | 280/3000 [00:46<07:06,  6.37it/s]
  9%|Γûë         | 281/3000 [00:46<06:50,  6.62it/s]
  9%|Γûë         | 282/3000 [00:46<06:12,  7.31it/s]
  9%|Γûë         | 283/3000 [00:47<06:57,  6.51it/s]
  9%|Γûë         | 284/3000 [00:47<06:26,  7.02it/s]
 10%|Γûë         | 285/3000 [00:47<05:56,  7.61it/s]
 10%|Γûë         | 286/3000 [00:47<06:50,  6.61it/s]
 10%|Γûë         | 287/3000 [00:47<06:45,  6.69it/s]
 10%|Γûë         | 288/3000 [00:47<07:23,  6.11it/s]
 10%|Γûë         | 289/3000 [00:47<06:42,  6.74it/s]
 10%|Γûë         | 290/3000 [00:48<07:26,  6.08it/s]
 10%|Γûë         | 291/3000 [00:48<06:40,  6.76it/s]
 10%|Γûë         | 292/3000 [00:48<06:01,  7.49it/s]
 10%|Γûë         | 293/3000 [00:48<07:31,  6.00it/s]
 10%|Γûë         | 294/3000 [00:48<08:53,  5.07it/s]
 10%|Γûë         | 295/3000 [00:49<08:28,  5.32it/s]
 10%|Γûë         | 296/3000 [00:49<07:32,  5.98it/s]
 10%|Γûë         | 297/3000 [00:49<08:27,  5.33it/s]
 10%|Γûë         | 298/3000 [00:49<07:52,  5.72it/s]
 10%|Γûë         | 299/3000 [00:49<07:13,  6.23it/s]
 10%|Γûê         | 300/3000 [00:49<07:05,  6.35it/s]
 10%|Γûê         | 301/3000 [00:49<06:33,  6.86it/s]
 10%|Γûê         | 302/3000 [00:50<06:10,  7.27it/s]
 10%|Γûê         | 303/3000 [00:50<06:47,  6.62it/s]
 10%|Γûê         | 304/3000 [00:50<06:12,  7.23it/s]
 10%|Γûê         | 305/3000 [00:50<08:47,  5.11it/s]
 10%|Γûê         | 306/3000 [00:50<07:31,  5.97it/s]
 10%|Γûê         | 307/3000 [00:50<07:05,  6.32it/s]
 10%|Γûê         | 308/3000 [00:51<06:29,  6.92it/s]
 10%|Γûê         | 309/3000 [00:51<07:19,  6.12it/s]
 10%|Γûê         | 310/3000 [00:51<06:39,  6.74it/s]
 10%|Γûê         | 311/3000 [00:51<07:23,  6.07it/s]
 10%|Γûê         | 312/3000 [00:51<07:15,  6.17it/s]
 10%|Γûê         | 313/3000 [00:51<07:35,  5.90it/s]
 10%|Γûê         | 314/3000 [00:52<06:59,  6.40it/s]
 10%|Γûê         | 315/3000 [00:52<06:36,  6.76it/s]
 11%|Γûê         | 316/3000 [00:52<07:15,  6.16it/s]
 11%|Γûê         | 317/3000 [00:52<06:46,  6.59it/s]
 11%|Γûê         | 318/3000 [00:52<06:57,  6.42it/s]
 11%|Γûê         | 319/3000 [00:52<07:14,  6.17it/s]
 11%|Γûê         | 320/3000 [00:52<06:40,  6.69it/s]
 11%|Γûê         | 321/3000 [00:53<06:48,  6.55it/s]
 11%|Γûê         | 322/3000 [00:53<06:24,  6.96it/s]
 11%|Γûê         | 323/3000 [00:53<06:05,  7.32it/s]
 11%|Γûê         | 324/3000 [00:53<06:00,  7.42it/s]
 11%|Γûê         | 325/3000 [00:53<05:36,  7.95it/s]
 11%|Γûê         | 326/3000 [00:53<05:38,  7.91it/s]
 11%|Γûê         | 327/3000 [00:53<05:55,  7.52it/s]
 11%|Γûê         | 328/3000 [00:54<07:18,  6.09it/s]
 11%|Γûê         | 329/3000 [00:54<07:08,  6.23it/s]
 11%|Γûê         | 330/3000 [00:54<06:30,  6.85it/s]
 11%|Γûê         | 331/3000 [00:54<07:18,  6.09it/s]
 11%|Γûê         | 332/3000 [00:54<06:33,  6.77it/s]
 11%|Γûê         | 333/3000 [00:54<06:02,  7.36it/s]
 11%|Γûê         | 334/3000 [00:54<06:16,  7.08it/s]
 11%|Γûê         | 335/3000 [00:55<05:50,  7.60it/s]
 11%|Γûê         | 336/3000 [00:55<05:29,  8.08it/s]
 11%|Γûê         | 337/3000 [00:55<06:18,  7.04it/s]
 11%|ΓûêΓûÅ        | 338/3000 [00:55<06:20,  7.00it/s]
 11%|ΓûêΓûÅ        | 339/3000 [00:55<06:54,  6.42it/s]
 11%|ΓûêΓûÅ        | 340/3000 [00:55<06:25,  6.91it/s]
 11%|ΓûêΓûÅ        | 341/3000 [00:55<06:16,  7.07it/s]
 11%|ΓûêΓûÅ        | 342/3000 [00:56<06:55,  6.40it/s]
 11%|ΓûêΓûÅ        | 343/3000 [00:56<06:34,  6.74it/s]
 11%|ΓûêΓûÅ        | 344/3000 [00:56<10:14,  4.32it/s]
 12%|ΓûêΓûÅ        | 345/3000 [00:56<10:20,  4.28it/s]
 12%|ΓûêΓûÅ        | 346/3000 [00:57<09:26,  4.68it/s]
 12%|ΓûêΓûÅ        | 347/3000 [00:57<08:31,  5.19it/s]
 12%|ΓûêΓûÅ        | 348/3000 [00:57<08:53,  4.97it/s]
 12%|ΓûêΓûÅ        | 349/3000 [00:57<08:33,  5.16it/s]
 12%|ΓûêΓûÅ        | 350/3000 [00:57<07:53,  5.60it/s]
 12%|ΓûêΓûÅ        | 351/3000 [00:57<07:11,  6.14it/s]
 12%|ΓûêΓûÅ        | 352/3000 [00:58<08:26,  5.23it/s]
 12%|ΓûêΓûÅ        | 353/3000 [00:58<07:24,  5.95it/s]
 12%|ΓûêΓûÅ        | 354/3000 [00:58<06:32,  6.74it/s]
 12%|ΓûêΓûÅ        | 355/3000 [00:58<06:07,  7.19it/s]
 12%|ΓûêΓûÅ        | 356/3000 [00:58<05:52,  7.50it/s]
 12%|ΓûêΓûÅ        | 357/3000 [00:58<07:02,  6.26it/s]
 12%|ΓûêΓûÅ        | 358/3000 [00:58<06:25,  6.86it/s]
 12%|ΓûêΓûÅ        | 359/3000 [00:59<10:13,  4.31it/s]
 12%|ΓûêΓûÅ        | 360/3000 [00:59<08:50,  4.98it/s]
 12%|ΓûêΓûÅ        | 361/3000 [00:59<07:40,  5.74it/s]
 12%|ΓûêΓûÅ        | 362/3000 [00:59<08:34,  5.12it/s]
 12%|ΓûêΓûÅ        | 363/3000 [00:59<07:45,  5.67it/s]
 12%|ΓûêΓûÅ        | 364/3000 [01:00<08:11,  5.37it/s]
 12%|ΓûêΓûÅ        | 365/3000 [01:00<07:13,  6.08it/s]
 12%|ΓûêΓûÅ        | 366/3000 [01:00<07:34,  5.79it/s]
 12%|ΓûêΓûÅ        | 367/3000 [01:00<07:10,  6.11it/s]
 12%|ΓûêΓûÅ        | 368/3000 [01:00<07:39,  5.72it/s]
 12%|ΓûêΓûÅ        | 369/3000 [01:00<07:38,  5.73it/s]
 12%|ΓûêΓûÅ        | 370/3000 [01:01<06:50,  6.41it/s]
 12%|ΓûêΓûÅ        | 371/3000 [01:01<06:29,  6.75it/s]
 12%|ΓûêΓûÅ        | 372/3000 [01:01<06:06,  7.17it/s]
 12%|ΓûêΓûÅ        | 373/3000 [01:01<05:58,  7.32it/s]
 12%|ΓûêΓûÅ        | 374/3000 [01:01<05:32,  7.89it/s]
 12%|ΓûêΓûÄ        | 375/3000 [01:01<07:16,  6.02it/s]
 13%|ΓûêΓûÄ        | 376/3000 [01:02<08:58,  4.87it/s]
 13%|ΓûêΓûÄ        | 377/3000 [01:02<11:59,  3.65it/s]
 13%|ΓûêΓûÄ        | 378/3000 [01:02<10:26,  4.19it/s]
 13%|ΓûêΓûÄ        | 379/3000 [01:02<09:40,  4.52it/s]
 13%|ΓûêΓûÄ        | 380/3000 [01:03<09:04,  4.81it/s]
 13%|ΓûêΓûÄ        | 381/3000 [01:03<07:46,  5.62it/s]
 13%|ΓûêΓûÄ        | 382/3000 [01:03<09:04,  4.81it/s]
 13%|ΓûêΓûÄ        | 383/3000 [01:03<08:25,  5.18it/s]
 13%|ΓûêΓûÄ        | 384/3000 [01:03<08:30,  5.12it/s]
 13%|ΓûêΓûÄ        | 385/3000 [01:03<07:31,  5.79it/s]
 13%|ΓûêΓûÄ        | 386/3000 [01:04<06:40,  6.53it/s]
 13%|ΓûêΓûÄ        | 387/3000 [01:04<06:01,  7.24it/s]
 13%|ΓûêΓûÄ        | 388/3000 [01:04<06:29,  6.70it/s]
 13%|ΓûêΓûÄ        | 389/3000 [01:04<06:37,  6.57it/s]
 13%|ΓûêΓûÄ        | 390/3000 [01:04<06:11,  7.02it/s]
 13%|ΓûêΓûÄ        | 391/3000 [01:04<07:10,  6.06it/s]
 13%|ΓûêΓûÄ        | 392/3000 [01:04<06:35,  6.60it/s]
 13%|ΓûêΓûÄ        | 393/3000 [01:05<07:35,  5.72it/s]
 13%|ΓûêΓûÄ        | 394/3000 [01:05<06:49,  6.36it/s]
 13%|ΓûêΓûÄ        | 395/3000 [01:05<06:25,  6.76it/s]
 13%|ΓûêΓûÄ        | 396/3000 [01:05<07:58,  5.44it/s]
 13%|ΓûêΓûÄ        | 397/3000 [01:05<07:22,  5.88it/s]
 13%|ΓûêΓûÄ        | 398/3000 [01:06<07:48,  5.56it/s]
 13%|ΓûêΓûÄ        | 399/3000 [01:06<08:18,  5.22it/s]
 13%|ΓûêΓûÄ        | 400/3000 [01:06<08:18,  5.22it/s]
 13%|ΓûêΓûÄ        | 401/3000 [01:06<07:58,  5.43it/s]
 13%|ΓûêΓûÄ        | 402/3000 [01:06<07:16,  5.96it/s]
 13%|ΓûêΓûÄ        | 403/3000 [01:06<07:27,  5.80it/s]
 13%|ΓûêΓûÄ        | 404/3000 [01:07<06:36,  6.54it/s]
 14%|ΓûêΓûÄ        | 406/3000 [01:07<04:38,  9.32it/s]
 14%|ΓûêΓûÄ        | 408/3000 [01:07<05:38,  7.66it/s]
 14%|ΓûêΓûÄ        | 409/3000 [01:07<06:11,  6.98it/s]
 14%|ΓûêΓûÄ        | 410/3000 [01:07<06:54,  6.25it/s]
 14%|ΓûêΓûÄ        | 411/3000 [01:08<09:32,  4.52it/s]
 14%|ΓûêΓûÄ        | 412/3000 [01:08<10:02,  4.29it/s]
 14%|ΓûêΓûì        | 413/3000 [01:08<09:09,  4.71it/s]
 14%|ΓûêΓûì        | 414/3000 [01:08<07:56,  5.42it/s]
 14%|ΓûêΓûì        | 415/3000 [01:09<09:26,  4.57it/s]
 14%|ΓûêΓûì        | 416/3000 [01:09<08:31,  5.05it/s]
 14%|ΓûêΓûì        | 417/3000 [01:09<08:17,  5.19it/s]
 14%|ΓûêΓûì        | 418/3000 [01:09<07:46,  5.54it/s]
 14%|ΓûêΓûì        | 419/3000 [01:09<08:24,  5.11it/s]
 14%|ΓûêΓûì        | 420/3000 [01:09<07:52,  5.46it/s]
 14%|ΓûêΓûì        | 421/3000 [01:10<08:05,  5.31it/s]
 14%|ΓûêΓûì        | 422/3000 [01:10<07:03,  6.09it/s]
 14%|ΓûêΓûì        | 423/3000 [01:10<06:28,  6.64it/s]
 14%|ΓûêΓûì        | 424/3000 [01:10<05:53,  7.28it/s]
 14%|ΓûêΓûì        | 425/3000 [01:10<05:55,  7.23it/s]
 14%|ΓûêΓûì        | 426/3000 [01:10<06:36,  6.49it/s]
 14%|ΓûêΓûì        | 427/3000 [01:11<07:24,  5.79it/s]
 14%|ΓûêΓûì        | 428/3000 [01:11<06:29,  6.60it/s]
 14%|ΓûêΓûì        | 429/3000 [01:11<06:04,  7.06it/s]
 14%|ΓûêΓûì        | 430/3000 [01:11<07:35,  5.64it/s]
 14%|ΓûêΓûì        | 431/3000 [01:11<07:14,  5.92it/s]
 14%|ΓûêΓûì        | 432/3000 [01:11<07:56,  5.39it/s]
 14%|ΓûêΓûì        | 433/3000 [01:12<07:13,  5.92it/s]
 14%|ΓûêΓûì        | 434/3000 [01:12<08:06,  5.28it/s]
 14%|ΓûêΓûì        | 435/3000 [01:12<07:56,  5.38it/s]
 15%|ΓûêΓûì        | 436/3000 [01:12<06:55,  6.18it/s]
 15%|ΓûêΓûì        | 437/3000 [01:12<06:21,  6.72it/s]
 15%|ΓûêΓûì        | 438/3000 [01:12<05:46,  7.39it/s]
 15%|ΓûêΓûì        | 439/3000 [01:12<06:13,  6.85it/s]
 15%|ΓûêΓûì        | 440/3000 [01:13<06:22,  6.69it/s]
 15%|ΓûêΓûì        | 441/3000 [01:13<05:52,  7.27it/s]
 15%|ΓûêΓûì        | 442/3000 [01:13<07:47,  5.47it/s]
 15%|ΓûêΓûì        | 443/3000 [01:13<07:16,  5.86it/s]
 15%|ΓûêΓûì        | 444/3000 [01:13<06:42,  6.35it/s]
 15%|ΓûêΓûì        | 445/3000 [01:14<07:36,  5.60it/s]
 15%|ΓûêΓûì        | 446/3000 [01:14<08:19,  5.11it/s]
 15%|ΓûêΓûì        | 447/3000 [01:14<07:52,  5.41it/s]
 15%|ΓûêΓûì        | 449/3000 [01:14<06:37,  6.42it/s]
 15%|ΓûêΓûî        | 450/3000 [01:15<09:19,  4.56it/s]
 15%|ΓûêΓûî        | 451/3000 [01:15<10:07,  4.20it/s]
 15%|ΓûêΓûî        | 452/3000 [01:15<11:03,  3.84it/s]
 15%|ΓûêΓûî        | 453/3000 [01:15<11:30,  3.69it/s]
 15%|ΓûêΓûî        | 454/3000 [01:16<11:30,  3.69it/s]
 15%|ΓûêΓûî        | 455/3000 [01:16<10:09,  4.18it/s]
 15%|ΓûêΓûî        | 456/3000 [01:16<10:12,  4.16it/s]
 15%|ΓûêΓûî        | 457/3000 [01:16<10:34,  4.00it/s]
 15%|ΓûêΓûî        | 458/3000 [01:17<10:33,  4.01it/s]
 15%|ΓûêΓûî        | 459/3000 [01:17<09:30,  4.45it/s]
 15%|ΓûêΓûî        | 460/3000 [01:17<08:47,  4.81it/s]
 15%|ΓûêΓûî        | 461/3000 [01:17<07:40,  5.51it/s]
 15%|ΓûêΓûî        | 462/3000 [01:17<07:34,  5.59it/s]
 15%|ΓûêΓûî        | 463/3000 [01:17<07:03,  6.00it/s]
 15%|ΓûêΓûî        | 464/3000 [01:18<06:25,  6.58it/s]
 16%|ΓûêΓûî        | 465/3000 [01:18<07:34,  5.58it/s]
 16%|ΓûêΓûî        | 466/3000 [01:18<06:51,  6.15it/s]
 16%|ΓûêΓûî        | 467/3000 [01:18<07:49,  5.40it/s]
 16%|ΓûêΓûî        | 468/3000 [01:18<08:14,  5.12it/s]
 16%|ΓûêΓûî        | 470/3000 [01:18<05:37,  7.50it/s]
 16%|ΓûêΓûî        | 471/3000 [01:19<06:23,  6.60it/s]
 16%|ΓûêΓûî        | 472/3000 [01:19<06:59,  6.03it/s]
 16%|ΓûêΓûî        | 473/3000 [01:19<08:00,  5.25it/s]
 16%|ΓûêΓûî        | 474/3000 [01:19<07:02,  5.98it/s]
 16%|ΓûêΓûî        | 475/3000 [01:19<07:33,  5.57it/s]
 16%|ΓûêΓûî        | 476/3000 [01:20<07:04,  5.95it/s]
 16%|ΓûêΓûî        | 477/3000 [01:20<06:36,  6.36it/s]
 16%|ΓûêΓûî        | 478/3000 [01:20<06:09,  6.83it/s]
 16%|ΓûêΓûî        | 479/3000 [01:20<05:36,  7.49it/s]
 16%|ΓûêΓûî        | 480/3000 [01:20<05:17,  7.94it/s]
 16%|ΓûêΓûî        | 481/3000 [01:20<04:59,  8.41it/s]
 16%|ΓûêΓûî        | 482/3000 [01:20<04:51,  8.62it/s]
 16%|ΓûêΓûî        | 483/3000 [01:20<05:43,  7.32it/s]
 16%|ΓûêΓûî        | 484/3000 [01:21<05:27,  7.68it/s]
 16%|ΓûêΓûî        | 485/3000 [01:21<05:27,  7.69it/s]
 16%|ΓûêΓûî        | 486/3000 [01:21<05:56,  7.05it/s]
 16%|ΓûêΓûî        | 487/3000 [01:21<06:29,  6.45it/s]
 16%|ΓûêΓûï        | 488/3000 [01:21<06:03,  6.92it/s]
 16%|ΓûêΓûï        | 489/3000 [01:21<06:19,  6.62it/s]
 16%|ΓûêΓûï        | 490/3000 [01:22<06:46,  6.18it/s]
 16%|ΓûêΓûï        | 491/3000 [01:22<06:22,  6.57it/s]
 16%|ΓûêΓûï        | 492/3000 [01:22<06:04,  6.88it/s]
 16%|ΓûêΓûï        | 493/3000 [01:22<05:57,  7.00it/s]
 16%|ΓûêΓûï        | 494/3000 [01:22<06:26,  6.49it/s]
 16%|ΓûêΓûï        | 495/3000 [01:22<06:38,  6.29it/s]
 17%|ΓûêΓûï        | 496/3000 [01:22<06:20,  6.58it/s]
 17%|ΓûêΓûï        | 497/3000 [01:23<09:48,  4.25it/s]
 17%|ΓûêΓûï        | 499/3000 [01:23<06:24,  6.50it/s]
 17%|ΓûêΓûï        | 500/3000 [01:23<06:07,  6.80it/s]
 17%|ΓûêΓûï        | 501/3000 [01:23<06:14,  6.68it/s]
 17%|ΓûêΓûï        | 502/3000 [01:23<06:57,  5.98it/s]
 17%|ΓûêΓûï        | 503/3000 [01:24<06:35,  6.31it/s]
 17%|ΓûêΓûï        | 504/3000 [01:24<06:14,  6.66it/s]
 17%|ΓûêΓûï        | 505/3000 [01:24<05:53,  7.05it/s]
 17%|ΓûêΓûï        | 506/3000 [01:24<05:50,  7.12it/s]
 17%|ΓûêΓûï        | 507/3000 [01:24<06:07,  6.78it/s]
 17%|ΓûêΓûï        | 508/3000 [01:24<05:33,  7.48it/s]
 17%|ΓûêΓûï        | 509/3000 [01:24<05:17,  7.84it/s]
 17%|ΓûêΓûï        | 510/3000 [01:25<05:48,  7.14it/s]
 17%|ΓûêΓûï        | 511/3000 [01:25<05:44,  7.23it/s]
 17%|ΓûêΓûï        | 512/3000 [01:25<06:30,  6.37it/s]
 17%|ΓûêΓûï        | 513/3000 [01:25<06:06,  6.78it/s]
 17%|ΓûêΓûï        | 514/3000 [01:25<06:12,  6.67it/s]
 17%|ΓûêΓûï        | 515/3000 [01:25<05:50,  7.10it/s]
 17%|ΓûêΓûï        | 516/3000 [01:25<06:20,  6.52it/s]
 17%|ΓûêΓûï        | 517/3000 [01:26<05:54,  7.00it/s]
 17%|ΓûêΓûï        | 518/3000 [01:26<06:16,  6.59it/s]
 17%|ΓûêΓûï        | 519/3000 [01:26<05:43,  7.21it/s]
 17%|ΓûêΓûï        | 520/3000 [01:26<07:15,  5.70it/s]
 17%|ΓûêΓûï        | 522/3000 [01:26<04:53,  8.45it/s]
 17%|ΓûêΓûï        | 524/3000 [01:27<05:23,  7.65it/s]
 18%|ΓûêΓûè        | 525/3000 [01:27<05:38,  7.32it/s]
 18%|ΓûêΓûè        | 526/3000 [01:27<05:51,  7.05it/s]
 18%|ΓûêΓûè        | 527/3000 [01:27<06:04,  6.78it/s]
 18%|ΓûêΓûè        | 528/3000 [01:27<06:44,  6.11it/s]
 18%|ΓûêΓûè        | 529/3000 [01:27<07:24,  5.56it/s]
 18%|ΓûêΓûè        | 530/3000 [01:28<07:00,  5.88it/s]
 18%|ΓûêΓûè        | 531/3000 [01:28<06:55,  5.94it/s]
 18%|ΓûêΓûè        | 532/3000 [01:28<06:13,  6.62it/s]
 18%|ΓûêΓûè        | 533/3000 [01:28<06:15,  6.57it/s]
 18%|ΓûêΓûè        | 534/3000 [01:28<05:49,  7.05it/s]
 18%|ΓûêΓûè        | 535/3000 [01:28<05:32,  7.42it/s]
 18%|ΓûêΓûè        | 536/3000 [01:28<05:09,  7.95it/s]
 18%|ΓûêΓûè        | 537/3000 [01:29<06:21,  6.46it/s]
 18%|ΓûêΓûè        | 538/3000 [01:29<05:47,  7.09it/s]
 18%|ΓûêΓûè        | 539/3000 [01:29<05:18,  7.72it/s]
 18%|ΓûêΓûè        | 540/3000 [01:29<04:59,  8.22it/s]
 18%|ΓûêΓûè        | 541/3000 [01:29<06:41,  6.12it/s]
 18%|ΓûêΓûè        | 542/3000 [01:29<06:04,  6.74it/s]
 18%|ΓûêΓûè        | 544/3000 [01:29<04:19,  9.46it/s]
 18%|ΓûêΓûè        | 546/3000 [01:30<05:10,  7.91it/s]
 18%|ΓûêΓûè        | 547/3000 [01:30<05:09,  7.92it/s]
 18%|ΓûêΓûè        | 548/3000 [01:30<06:21,  6.43it/s]
 18%|ΓûêΓûè        | 549/3000 [01:30<06:03,  6.74it/s]
 18%|ΓûêΓûè        | 550/3000 [01:30<06:11,  6.60it/s]
 18%|ΓûêΓûè        | 551/3000 [01:30<05:45,  7.09it/s]
 18%|ΓûêΓûè        | 553/3000 [01:31<04:52,  8.36it/s]
 18%|ΓûêΓûè        | 554/3000 [01:31<05:01,  8.11it/s]
 18%|ΓûêΓûè        | 555/3000 [01:31<04:53,  8.33it/s]
 19%|ΓûêΓûè        | 556/3000 [01:31<05:41,  7.16it/s]
 19%|ΓûêΓûè        | 558/3000 [01:31<04:22,  9.30it/s]
 19%|ΓûêΓûè        | 559/3000 [01:31<04:36,  8.83it/s]
 19%|ΓûêΓûè        | 560/3000 [01:32<05:06,  7.97it/s]
 19%|ΓûêΓûè        | 561/3000 [01:32<05:33,  7.32it/s]
 19%|ΓûêΓûè        | 562/3000 [01:32<06:37,  6.14it/s]
 19%|ΓûêΓûë        | 563/3000 [01:32<05:59,  6.78it/s]
 19%|ΓûêΓûë        | 564/3000 [01:32<05:31,  7.34it/s]
 19%|ΓûêΓûë        | 565/3000 [01:32<05:10,  7.85it/s]
 19%|ΓûêΓûë        | 566/3000 [01:32<05:09,  7.86it/s]
 19%|ΓûêΓûë        | 567/3000 [01:32<04:56,  8.22it/s]
 19%|ΓûêΓûë        | 568/3000 [01:33<04:47,  8.46it/s]
 19%|ΓûêΓûë        | 569/3000 [01:33<04:42,  8.59it/s]
 19%|ΓûêΓûë        | 570/3000 [01:33<05:54,  6.85it/s]
 19%|ΓûêΓûë        | 571/3000 [01:33<05:44,  7.05it/s]
 19%|ΓûêΓûë        | 572/3000 [01:33<06:37,  6.11it/s]
 19%|ΓûêΓûë        | 573/3000 [01:33<06:15,  6.47it/s]
 19%|ΓûêΓûë        | 574/3000 [01:34<06:23,  6.32it/s]
 19%|ΓûêΓûë        | 575/3000 [01:34<07:59,  5.06it/s]
 19%|ΓûêΓûë        | 576/3000 [01:34<07:19,  5.51it/s]
 19%|ΓûêΓûë        | 577/3000 [01:34<06:46,  5.96it/s]
 19%|ΓûêΓûë        | 578/3000 [01:34<06:57,  5.81it/s]
 19%|ΓûêΓûë        | 579/3000 [01:34<06:25,  6.28it/s]
 19%|ΓûêΓûë        | 580/3000 [01:35<05:56,  6.79it/s]
 19%|ΓûêΓûë        | 581/3000 [01:35<05:49,  6.92it/s]
 19%|ΓûêΓûë        | 582/3000 [01:35<05:27,  7.39it/s]
 19%|ΓûêΓûë        | 583/3000 [01:35<06:47,  5.93it/s]
 19%|ΓûêΓûë        | 584/3000 [01:35<06:04,  6.63it/s]
 20%|ΓûêΓûë        | 585/3000 [01:35<06:46,  5.94it/s]
 20%|ΓûêΓûë        | 586/3000 [01:36<07:23,  5.45it/s]
 20%|ΓûêΓûë        | 587/3000 [01:36<06:36,  6.09it/s]
 20%|ΓûêΓûë        | 588/3000 [01:36<06:05,  6.60it/s]
 20%|ΓûêΓûë        | 589/3000 [01:36<06:48,  5.90it/s]
 20%|ΓûêΓûë        | 590/3000 [01:36<06:58,  5.77it/s]
 20%|ΓûêΓûë        | 591/3000 [01:36<06:12,  6.46it/s]
 20%|ΓûêΓûë        | 592/3000 [01:37<07:23,  5.42it/s]
 20%|ΓûêΓûë        | 593/3000 [01:37<06:28,  6.19it/s]
 20%|ΓûêΓûë        | 594/3000 [01:37<05:50,  6.86it/s]
 20%|ΓûêΓûë        | 595/3000 [01:37<06:00,  6.67it/s]
 20%|ΓûêΓûë        | 596/3000 [01:37<05:55,  6.77it/s]
 20%|ΓûêΓûë        | 597/3000 [01:37<06:48,  5.88it/s]
 20%|ΓûêΓûë        | 598/3000 [01:38<06:48,  5.88it/s]
 20%|ΓûêΓûë        | 599/3000 [01:38<06:37,  6.04it/s]
 20%|ΓûêΓûê        | 600/3000 [01:38<07:16,  5.50it/s]
 20%|ΓûêΓûê        | 602/3000 [01:38<05:07,  7.79it/s]
 20%|ΓûêΓûê        | 603/3000 [01:38<05:13,  7.66it/s]
 20%|ΓûêΓûê        | 604/3000 [01:38<05:10,  7.71it/s]
 20%|ΓûêΓûê        | 605/3000 [01:38<05:00,  7.97it/s]
 20%|ΓûêΓûê        | 606/3000 [01:39<05:08,  7.76it/s]
 20%|ΓûêΓûê        | 607/3000 [01:39<04:55,  8.09it/s]
 20%|ΓûêΓûê        | 608/3000 [01:39<04:54,  8.12it/s]
 20%|ΓûêΓûê        | 609/3000 [01:39<05:55,  6.72it/s]
 20%|ΓûêΓûê        | 610/3000 [01:39<07:09,  5.57it/s]
 20%|ΓûêΓûê        | 611/3000 [01:39<06:33,  6.08it/s]
 20%|ΓûêΓûê        | 612/3000 [01:40<06:27,  6.16it/s]
 20%|ΓûêΓûê        | 613/3000 [01:40<07:31,  5.29it/s]
 20%|ΓûêΓûê        | 614/3000 [01:40<07:30,  5.29it/s]
 20%|ΓûêΓûê        | 615/3000 [01:40<06:48,  5.84it/s]
 21%|ΓûêΓûê        | 616/3000 [01:40<06:34,  6.04it/s]
 21%|ΓûêΓûê        | 617/3000 [01:40<06:44,  5.88it/s]
 21%|ΓûêΓûê        | 618/3000 [01:41<06:10,  6.43it/s]
 21%|ΓûêΓûê        | 619/3000 [01:41<05:46,  6.87it/s]
 21%|ΓûêΓûê        | 620/3000 [01:41<06:36,  6.00it/s]
 21%|ΓûêΓûê        | 621/3000 [01:41<06:44,  5.89it/s]
 21%|ΓûêΓûê        | 622/3000 [01:41<06:09,  6.43it/s]
 21%|ΓûêΓûê        | 623/3000 [01:41<06:31,  6.07it/s]
 21%|ΓûêΓûê        | 624/3000 [01:42<06:22,  6.21it/s]
 21%|ΓûêΓûê        | 625/3000 [01:42<05:50,  6.78it/s]
 21%|ΓûêΓûê        | 626/3000 [01:42<06:04,  6.52it/s]
 21%|ΓûêΓûê        | 627/3000 [01:42<05:51,  6.75it/s]
 21%|ΓûêΓûê        | 628/3000 [01:42<06:31,  6.06it/s]
 21%|ΓûêΓûê        | 629/3000 [01:42<06:51,  5.76it/s]
 21%|ΓûêΓûê        | 630/3000 [01:43<07:00,  5.63it/s]
 21%|ΓûêΓûê        | 631/3000 [01:43<06:38,  5.94it/s]
 21%|ΓûêΓûê        | 632/3000 [01:43<06:09,  6.42it/s]
 21%|ΓûêΓûê        | 633/3000 [01:43<08:40,  4.55it/s]
 21%|ΓûêΓûê        | 634/3000 [01:43<08:23,  4.70it/s]
 21%|ΓûêΓûê        | 635/3000 [01:44<07:41,  5.12it/s]
 21%|ΓûêΓûê        | 636/3000 [01:44<06:55,  5.69it/s]
 21%|ΓûêΓûê        | 637/3000 [01:44<06:50,  5.76it/s]
 21%|ΓûêΓûêΓûÅ       | 638/3000 [01:44<06:30,  6.05it/s]
 21%|ΓûêΓûêΓûÅ       | 639/3000 [01:44<06:51,  5.74it/s]
 21%|ΓûêΓûêΓûÅ       | 640/3000 [01:44<06:58,  5.64it/s]
 21%|ΓûêΓûêΓûÅ       | 641/3000 [01:45<06:59,  5.62it/s]
 21%|ΓûêΓûêΓûÅ       | 642/3000 [01:45<06:52,  5.71it/s]
 21%|ΓûêΓûêΓûÅ       | 643/3000 [01:45<06:50,  5.74it/s]
 21%|ΓûêΓûêΓûÅ       | 644/3000 [01:45<06:08,  6.40it/s]
 22%|ΓûêΓûêΓûÅ       | 645/3000 [01:45<07:00,  5.60it/s]
 22%|ΓûêΓûêΓûÅ       | 646/3000 [01:45<07:12,  5.44it/s]
 22%|ΓûêΓûêΓûÅ       | 647/3000 [01:46<07:48,  5.03it/s]
 22%|ΓûêΓûêΓûÅ       | 648/3000 [01:46<07:04,  5.54it/s]
 22%|ΓûêΓûêΓûÅ       | 649/3000 [01:46<07:11,  5.44it/s]
 22%|ΓûêΓûêΓûÅ       | 650/3000 [01:46<07:18,  5.35it/s]
 22%|ΓûêΓûêΓûÅ       | 651/3000 [01:46<06:24,  6.11it/s]
 22%|ΓûêΓûêΓûÅ       | 652/3000 [01:46<06:44,  5.81it/s]
 22%|ΓûêΓûêΓûÅ       | 653/3000 [01:47<06:06,  6.40it/s]
 22%|ΓûêΓûêΓûÅ       | 654/3000 [01:47<05:31,  7.07it/s]
 22%|ΓûêΓûêΓûÅ       | 655/3000 [01:47<06:03,  6.46it/s]
 22%|ΓûêΓûêΓûÅ       | 656/3000 [01:47<05:51,  6.67it/s]
 22%|ΓûêΓûêΓûÅ       | 657/3000 [01:47<05:50,  6.69it/s]
 22%|ΓûêΓûêΓûÅ       | 658/3000 [01:47<05:53,  6.63it/s]
 22%|ΓûêΓûêΓûÅ       | 659/3000 [01:47<05:26,  7.18it/s]
 22%|ΓûêΓûêΓûÅ       | 660/3000 [01:48<05:07,  7.60it/s]
 22%|ΓûêΓûêΓûÅ       | 661/3000 [01:48<04:48,  8.11it/s]
 22%|ΓûêΓûêΓûÅ       | 662/3000 [01:48<04:41,  8.31it/s]
 22%|ΓûêΓûêΓûÅ       | 663/3000 [01:48<04:40,  8.32it/s]
 22%|ΓûêΓûêΓûÅ       | 664/3000 [01:48<05:16,  7.38it/s]
 22%|ΓûêΓûêΓûÅ       | 665/3000 [01:48<05:12,  7.46it/s]
 22%|ΓûêΓûêΓûÅ       | 666/3000 [01:49<08:11,  4.75it/s]
 22%|ΓûêΓûêΓûÅ       | 667/3000 [01:49<07:12,  5.39it/s]
 22%|ΓûêΓûêΓûÅ       | 668/3000 [01:49<07:58,  4.88it/s]
 22%|ΓûêΓûêΓûÅ       | 669/3000 [01:49<07:43,  5.03it/s]
 22%|ΓûêΓûêΓûÅ       | 670/3000 [01:49<07:09,  5.43it/s]
 22%|ΓûêΓûêΓûÅ       | 671/3000 [01:50<07:43,  5.02it/s]
 22%|ΓûêΓûêΓûÅ       | 672/3000 [01:50<06:50,  5.67it/s]
 22%|ΓûêΓûêΓûÅ       | 673/3000 [01:50<06:11,  6.26it/s]
 22%|ΓûêΓûêΓûÅ       | 674/3000 [01:50<07:37,  5.09it/s]
 22%|ΓûêΓûêΓûÄ       | 675/3000 [01:50<07:19,  5.29it/s]
 23%|ΓûêΓûêΓûÄ       | 676/3000 [01:51<09:43,  3.99it/s]
 23%|ΓûêΓûêΓûÄ       | 677/3000 [01:51<08:59,  4.31it/s]
 23%|ΓûêΓûêΓûÄ       | 678/3000 [01:51<08:06,  4.77it/s]
 23%|ΓûêΓûêΓûÄ       | 679/3000 [01:51<07:55,  4.88it/s]
 23%|ΓûêΓûêΓûÄ       | 680/3000 [01:51<08:27,  4.57it/s]
 23%|ΓûêΓûêΓûÄ       | 681/3000 [01:51<07:11,  5.38it/s]
 23%|ΓûêΓûêΓûÄ       | 682/3000 [01:52<06:20,  6.09it/s]
 23%|ΓûêΓûêΓûÄ       | 683/3000 [01:52<05:42,  6.76it/s]
 23%|ΓûêΓûêΓûÄ       | 684/3000 [01:52<05:26,  7.10it/s]
 23%|ΓûêΓûêΓûÄ       | 685/3000 [01:52<08:41,  4.44it/s]
 23%|ΓûêΓûêΓûÄ       | 686/3000 [01:52<08:14,  4.68it/s]
 23%|ΓûêΓûêΓûÄ       | 687/3000 [01:53<07:26,  5.18it/s]
 23%|ΓûêΓûêΓûÄ       | 688/3000 [01:53<07:08,  5.39it/s]
 23%|ΓûêΓûêΓûÄ       | 689/3000 [01:53<06:19,  6.09it/s]
 23%|ΓûêΓûêΓûÄ       | 690/3000 [01:53<05:43,  6.72it/s]
 23%|ΓûêΓûêΓûÄ       | 691/3000 [01:53<05:18,  7.25it/s]
 23%|ΓûêΓûêΓûÄ       | 692/3000 [01:53<05:06,  7.53it/s]
 23%|ΓûêΓûêΓûÄ       | 693/3000 [01:53<05:54,  6.51it/s]
 23%|ΓûêΓûêΓûÄ       | 694/3000 [01:54<06:08,  6.25it/s]
 23%|ΓûêΓûêΓûÄ       | 695/3000 [01:54<05:31,  6.95it/s]
 23%|ΓûêΓûêΓûÄ       | 696/3000 [01:54<05:07,  7.50it/s]
 23%|ΓûêΓûêΓûÄ       | 697/3000 [01:54<06:13,  6.16it/s]
 23%|ΓûêΓûêΓûÄ       | 699/3000 [01:54<04:33,  8.41it/s]
 23%|ΓûêΓûêΓûÄ       | 700/3000 [01:54<05:26,  7.04it/s]
 23%|ΓûêΓûêΓûÄ       | 701/3000 [01:55<05:37,  6.82it/s]
 23%|ΓûêΓûêΓûÄ       | 702/3000 [01:55<05:18,  7.21it/s]
 23%|ΓûêΓûêΓûÄ       | 703/3000 [01:55<05:49,  6.58it/s]
 23%|ΓûêΓûêΓûÄ       | 704/3000 [01:55<05:20,  7.15it/s]
 24%|ΓûêΓûêΓûÄ       | 705/3000 [01:55<05:29,  6.96it/s]
 24%|ΓûêΓûêΓûÄ       | 706/3000 [01:55<06:37,  5.78it/s]
 24%|ΓûêΓûêΓûÄ       | 707/3000 [01:56<06:14,  6.12it/s]
 24%|ΓûêΓûêΓûÄ       | 708/3000 [01:56<05:33,  6.88it/s]
 24%|ΓûêΓûêΓûÄ       | 709/3000 [01:56<05:46,  6.61it/s]
 24%|ΓûêΓûêΓûÄ       | 710/3000 [01:56<06:20,  6.02it/s]
 24%|ΓûêΓûêΓûÄ       | 711/3000 [01:56<05:56,  6.42it/s]
 24%|ΓûêΓûêΓûÄ       | 712/3000 [01:56<05:59,  6.36it/s]
 24%|ΓûêΓûêΓûì       | 713/3000 [01:56<05:28,  6.95it/s]
 24%|ΓûêΓûêΓûì       | 714/3000 [01:57<05:18,  7.18it/s]
 24%|ΓûêΓûêΓûì       | 715/3000 [01:57<05:10,  7.36it/s]
 24%|ΓûêΓûêΓûì       | 716/3000 [01:57<04:47,  7.94it/s]
 24%|ΓûêΓûêΓûì       | 717/3000 [01:57<04:44,  8.01it/s]
 24%|ΓûêΓûêΓûì       | 718/3000 [01:57<05:14,  7.25it/s]
 24%|ΓûêΓûêΓûì       | 719/3000 [01:57<04:53,  7.77it/s]
 24%|ΓûêΓûêΓûì       | 720/3000 [01:57<06:03,  6.26it/s]
 24%|ΓûêΓûêΓûì       | 721/3000 [01:58<06:20,  5.98it/s]
 24%|ΓûêΓûêΓûì       | 722/3000 [01:58<06:08,  6.18it/s]
 24%|ΓûêΓûêΓûì       | 723/3000 [01:58<06:34,  5.77it/s]
 24%|ΓûêΓûêΓûì       | 724/3000 [01:58<06:48,  5.57it/s]
 24%|ΓûêΓûêΓûì       | 725/3000 [01:58<06:03,  6.25it/s]
 24%|ΓûêΓûêΓûì       | 726/3000 [01:58<06:24,  5.91it/s]
 24%|ΓûêΓûêΓûì       | 727/3000 [01:59<05:55,  6.39it/s]
 24%|ΓûêΓûêΓûì       | 728/3000 [01:59<06:03,  6.26it/s]
 24%|ΓûêΓûêΓûì       | 729/3000 [01:59<05:37,  6.74it/s]
 24%|ΓûêΓûêΓûì       | 730/3000 [01:59<06:28,  5.85it/s]
 24%|ΓûêΓûêΓûì       | 731/3000 [01:59<07:37,  4.96it/s]
 24%|ΓûêΓûêΓûì       | 732/3000 [01:59<07:05,  5.33it/s]
 24%|ΓûêΓûêΓûì       | 733/3000 [02:00<07:08,  5.29it/s]
 24%|ΓûêΓûêΓûì       | 734/3000 [02:00<06:38,  5.69it/s]
 24%|ΓûêΓûêΓûì       | 735/3000 [02:00<06:33,  5.75it/s]
 25%|ΓûêΓûêΓûì       | 736/3000 [02:00<06:56,  5.44it/s]
 25%|ΓûêΓûêΓûì       | 737/3000 [02:00<07:43,  4.88it/s]
 25%|ΓûêΓûêΓûì       | 738/3000 [02:01<06:40,  5.64it/s]
 25%|ΓûêΓûêΓûì       | 739/3000 [02:01<06:12,  6.06it/s]
 25%|ΓûêΓûêΓûì       | 740/3000 [02:01<07:12,  5.23it/s]
 25%|ΓûêΓûêΓûì       | 741/3000 [02:01<06:17,  5.98it/s]
 25%|ΓûêΓûêΓûì       | 742/3000 [02:01<05:49,  6.45it/s]
 25%|ΓûêΓûêΓûì       | 743/3000 [02:01<06:35,  5.71it/s]
 25%|ΓûêΓûêΓûì       | 744/3000 [02:02<05:51,  6.42it/s]
 25%|ΓûêΓûêΓûì       | 745/3000 [02:02<05:18,  7.07it/s]
 25%|ΓûêΓûêΓûì       | 746/3000 [02:02<06:10,  6.08it/s]
 25%|ΓûêΓûêΓûì       | 747/3000 [02:02<05:41,  6.59it/s]
 25%|ΓûêΓûêΓûì       | 748/3000 [02:02<05:16,  7.12it/s]
 25%|ΓûêΓûêΓûì       | 749/3000 [02:02<05:01,  7.45it/s]
 25%|ΓûêΓûêΓûî       | 750/3000 [02:02<05:03,  7.41it/s]
 25%|ΓûêΓûêΓûî       | 751/3000 [02:03<09:00,  4.16it/s]
 25%|ΓûêΓûêΓûî       | 752/3000 [02:03<07:34,  4.94it/s]
 25%|ΓûêΓûêΓûî       | 753/3000 [02:03<06:31,  5.74it/s]
 25%|ΓûêΓûêΓûî       | 754/3000 [02:03<06:53,  5.44it/s]
 25%|ΓûêΓûêΓûî       | 755/3000 [02:03<06:36,  5.67it/s]
 25%|ΓûêΓûêΓûî       | 756/3000 [02:04<06:15,  5.97it/s]
 25%|ΓûêΓûêΓûî       | 757/3000 [02:04<06:02,  6.19it/s]
 25%|ΓûêΓûêΓûî       | 758/3000 [02:04<06:39,  5.61it/s]
 25%|ΓûêΓûêΓûî       | 759/3000 [02:04<06:12,  6.02it/s]
 25%|ΓûêΓûêΓûî       | 760/3000 [02:04<05:56,  6.29it/s]
 25%|ΓûêΓûêΓûî       | 761/3000 [02:04<05:29,  6.79it/s]
 25%|ΓûêΓûêΓûî       | 762/3000 [02:05<08:33,  4.36it/s]
 25%|ΓûêΓûêΓûî       | 763/3000 [02:05<07:45,  4.81it/s]
 25%|ΓûêΓûêΓûî       | 764/3000 [02:05<07:08,  5.22it/s]
 26%|ΓûêΓûêΓûî       | 765/3000 [02:05<06:25,  5.80it/s]
 26%|ΓûêΓûêΓûî       | 766/3000 [02:05<06:04,  6.13it/s]
 26%|ΓûêΓûêΓûî       | 767/3000 [02:06<06:31,  5.70it/s]
 26%|ΓûêΓûêΓûî       | 768/3000 [02:06<06:25,  5.79it/s]
 26%|ΓûêΓûêΓûî       | 770/3000 [02:06<05:43,  6.50it/s]
 26%|ΓûêΓûêΓûî       | 771/3000 [02:06<05:21,  6.93it/s]
 26%|ΓûêΓûêΓûî       | 772/3000 [02:06<06:09,  6.02it/s]
 26%|ΓûêΓûêΓûî       | 773/3000 [02:06<05:36,  6.62it/s]
 26%|ΓûêΓûêΓûî       | 774/3000 [02:07<05:09,  7.19it/s]
 26%|ΓûêΓûêΓûî       | 775/3000 [02:07<05:15,  7.05it/s]
 26%|ΓûêΓûêΓûî       | 776/3000 [02:07<05:00,  7.41it/s]
 26%|ΓûêΓûêΓûî       | 777/3000 [02:07<04:39,  7.95it/s]
 26%|ΓûêΓûêΓûî       | 778/3000 [02:07<04:46,  7.75it/s]
 26%|ΓûêΓûêΓûî       | 779/3000 [02:07<05:12,  7.11it/s]
 26%|ΓûêΓûêΓûî       | 780/3000 [02:07<05:04,  7.28it/s]
 26%|ΓûêΓûêΓûî       | 781/3000 [02:07<04:46,  7.76it/s]
 26%|ΓûêΓûêΓûî       | 782/3000 [02:08<04:41,  7.87it/s]
 26%|ΓûêΓûêΓûî       | 783/3000 [02:08<04:26,  8.31it/s]
 26%|ΓûêΓûêΓûî       | 784/3000 [02:08<06:02,  6.12it/s]
 26%|ΓûêΓûêΓûî       | 785/3000 [02:08<05:40,  6.51it/s]
 26%|ΓûêΓûêΓûî       | 786/3000 [02:08<05:33,  6.65it/s]
 26%|ΓûêΓûêΓûî       | 787/3000 [02:09<08:21,  4.41it/s]
 26%|ΓûêΓûêΓûï       | 788/3000 [02:09<08:27,  4.36it/s]
 26%|ΓûêΓûêΓûï       | 789/3000 [02:09<08:01,  4.59it/s]
 26%|ΓûêΓûêΓûï       | 790/3000 [02:09<06:49,  5.40it/s]
 26%|ΓûêΓûêΓûï       | 791/3000 [02:09<05:58,  6.15it/s]
 26%|ΓûêΓûêΓûï       | 792/3000 [02:09<05:59,  6.14it/s]
 26%|ΓûêΓûêΓûï       | 793/3000 [02:10<05:51,  6.27it/s]
 26%|ΓûêΓûêΓûï       | 794/3000 [02:10<06:32,  5.62it/s]
 26%|ΓûêΓûêΓûï       | 795/3000 [02:10<06:35,  5.57it/s]
 27%|ΓûêΓûêΓûï       | 796/3000 [02:10<06:44,  5.45it/s]
 27%|ΓûêΓûêΓûï       | 797/3000 [02:10<06:26,  5.70it/s]
 27%|ΓûêΓûêΓûï       | 798/3000 [02:10<06:02,  6.07it/s]
 27%|ΓûêΓûêΓûï       | 799/3000 [02:11<05:26,  6.74it/s]
 27%|ΓûêΓûêΓûï       | 800/3000 [02:11<04:56,  7.41it/s]
 27%|ΓûêΓûêΓûï       | 801/3000 [02:11<04:39,  7.88it/s]
 27%|ΓûêΓûêΓûï       | 802/3000 [02:11<05:17,  6.91it/s]
 27%|ΓûêΓûêΓûï       | 803/3000 [02:11<05:07,  7.15it/s]
 27%|ΓûêΓûêΓûï       | 804/3000 [02:11<05:00,  7.31it/s]
 27%|ΓûêΓûêΓûï       | 805/3000 [02:11<05:09,  7.08it/s]
 27%|ΓûêΓûêΓûï       | 806/3000 [02:12<05:39,  6.46it/s]
 27%|ΓûêΓûêΓûï       | 807/3000 [02:12<05:05,  7.17it/s]
 27%|ΓûêΓûêΓûï       | 808/3000 [02:12<04:52,  7.49it/s]
 27%|ΓûêΓûêΓûï       | 809/3000 [02:12<05:39,  6.45it/s]
 27%|ΓûêΓûêΓûï       | 810/3000 [02:12<05:24,  6.75it/s]
 27%|ΓûêΓûêΓûï       | 811/3000 [02:12<05:11,  7.03it/s]
 27%|ΓûêΓûêΓûï       | 812/3000 [02:12<05:13,  6.99it/s]
 27%|ΓûêΓûêΓûï       | 813/3000 [02:13<05:34,  6.53it/s]
 27%|ΓûêΓûêΓûï       | 814/3000 [02:13<05:28,  6.65it/s]
 27%|ΓûêΓûêΓûï       | 815/3000 [02:13<05:33,  6.56it/s]
 27%|ΓûêΓûêΓûï       | 816/3000 [02:13<05:03,  7.18it/s]
 27%|ΓûêΓûêΓûï       | 817/3000 [02:13<04:46,  7.63it/s]
 27%|ΓûêΓûêΓûï       | 818/3000 [02:13<04:31,  8.04it/s]
 27%|ΓûêΓûêΓûï       | 819/3000 [02:13<05:14,  6.94it/s]
 27%|ΓûêΓûêΓûï       | 820/3000 [02:14<05:19,  6.83it/s]
 27%|ΓûêΓûêΓûï       | 821/3000 [02:14<06:05,  5.97it/s]
 27%|ΓûêΓûêΓûï       | 822/3000 [02:14<05:26,  6.67it/s]
 27%|ΓûêΓûêΓûï       | 823/3000 [02:14<05:18,  6.84it/s]
 27%|ΓûêΓûêΓûï       | 824/3000 [02:14<04:54,  7.39it/s]
 28%|ΓûêΓûêΓûè       | 825/3000 [02:14<06:02,  5.99it/s]
 28%|ΓûêΓûêΓûè       | 826/3000 [02:14<05:33,  6.51it/s]
 28%|ΓûêΓûêΓûè       | 827/3000 [02:15<06:05,  5.95it/s]
 28%|ΓûêΓûêΓûè       | 828/3000 [02:15<05:58,  6.07it/s]
 28%|ΓûêΓûêΓûè       | 829/3000 [02:15<06:25,  5.63it/s]
 28%|ΓûêΓûêΓûè       | 830/3000 [02:15<08:22,  4.32it/s]
 28%|ΓûêΓûêΓûè       | 831/3000 [02:16<08:17,  4.36it/s]
 28%|ΓûêΓûêΓûè       | 832/3000 [02:16<07:20,  4.93it/s]
 28%|ΓûêΓûêΓûè       | 833/3000 [02:16<06:33,  5.51it/s]
 28%|ΓûêΓûêΓûè       | 834/3000 [02:16<06:51,  5.26it/s]
 28%|ΓûêΓûêΓûè       | 835/3000 [02:16<07:16,  4.96it/s]
 28%|ΓûêΓûêΓûè       | 836/3000 [02:16<06:47,  5.31it/s]
 28%|ΓûêΓûêΓûè       | 837/3000 [02:17<06:03,  5.94it/s]
 28%|ΓûêΓûêΓûè       | 838/3000 [02:17<07:32,  4.78it/s]
 28%|ΓûêΓûêΓûè       | 839/3000 [02:17<06:24,  5.63it/s]
 28%|ΓûêΓûêΓûè       | 840/3000 [02:17<05:59,  6.01it/s]
 28%|ΓûêΓûêΓûè       | 841/3000 [02:17<05:45,  6.25it/s]
 28%|ΓûêΓûêΓûè       | 842/3000 [02:17<06:03,  5.94it/s]
 28%|ΓûêΓûêΓûè       | 843/3000 [02:18<05:38,  6.37it/s]
 28%|ΓûêΓûêΓûè       | 844/3000 [02:18<06:13,  5.78it/s]
 28%|ΓûêΓûêΓûè       | 845/3000 [02:18<05:31,  6.49it/s]
 28%|ΓûêΓûêΓûè       | 846/3000 [02:18<05:21,  6.69it/s]
 28%|ΓûêΓûêΓûè       | 847/3000 [02:18<05:04,  7.08it/s]
 28%|ΓûêΓûêΓûè       | 848/3000 [02:18<04:47,  7.50it/s]
 28%|ΓûêΓûêΓûè       | 849/3000 [02:18<04:28,  8.01it/s]
 28%|ΓûêΓûêΓûè       | 850/3000 [02:19<04:49,  7.42it/s]
 28%|ΓûêΓûêΓûè       | 851/3000 [02:19<05:10,  6.93it/s]
 28%|ΓûêΓûêΓûè       | 852/3000 [02:19<05:07,  6.99it/s]
 28%|ΓûêΓûêΓûè       | 853/3000 [02:19<04:47,  7.46it/s]
 28%|ΓûêΓûêΓûè       | 854/3000 [02:19<05:16,  6.78it/s]
 28%|ΓûêΓûêΓûè       | 855/3000 [02:19<05:10,  6.90it/s]
 29%|ΓûêΓûêΓûè       | 856/3000 [02:19<05:27,  6.55it/s]
 29%|ΓûêΓûêΓûè       | 858/3000 [02:20<04:31,  7.88it/s]
 29%|ΓûêΓûêΓûè       | 859/3000 [02:20<04:23,  8.13it/s]
 29%|ΓûêΓûêΓûè       | 860/3000 [02:20<04:17,  8.31it/s]
 29%|ΓûêΓûêΓûè       | 861/3000 [02:20<05:00,  7.12it/s]
 29%|ΓûêΓûêΓûè       | 862/3000 [02:20<04:48,  7.41it/s]
 29%|ΓûêΓûêΓûë       | 863/3000 [02:20<05:55,  6.01it/s]
 29%|ΓûêΓûêΓûë       | 864/3000 [02:21<05:35,  6.37it/s]
 29%|ΓûêΓûêΓûë       | 865/3000 [02:21<05:18,  6.71it/s]
 29%|ΓûêΓûêΓûë       | 866/3000 [02:21<05:23,  6.60it/s]
 29%|ΓûêΓûêΓûë       | 867/3000 [02:21<05:26,  6.53it/s]
 29%|ΓûêΓûêΓûë       | 868/3000 [02:21<05:01,  7.07it/s]
 29%|ΓûêΓûêΓûë       | 869/3000 [02:21<05:10,  6.86it/s]
 29%|ΓûêΓûêΓûë       | 870/3000 [02:22<05:51,  6.06it/s]
 29%|ΓûêΓûêΓûë       | 871/3000 [02:22<06:15,  5.66it/s]
 29%|ΓûêΓûêΓûë       | 872/3000 [02:22<07:51,  4.51it/s]
 29%|ΓûêΓûêΓûë       | 873/3000 [02:22<07:28,  4.74it/s]
 29%|ΓûêΓûêΓûë       | 874/3000 [02:22<07:03,  5.01it/s]
 29%|ΓûêΓûêΓûë       | 875/3000 [02:23<06:08,  5.76it/s]
 29%|ΓûêΓûêΓûë       | 876/3000 [02:23<05:39,  6.26it/s]
 29%|ΓûêΓûêΓûë       | 877/3000 [02:23<05:19,  6.65it/s]
 29%|ΓûêΓûêΓûë       | 878/3000 [02:23<04:49,  7.34it/s]
 29%|ΓûêΓûêΓûë       | 879/3000 [02:23<05:10,  6.82it/s]
 29%|ΓûêΓûêΓûë       | 880/3000 [02:23<05:22,  6.57it/s]
 29%|ΓûêΓûêΓûë       | 881/3000 [02:23<05:18,  6.66it/s]
 29%|ΓûêΓûêΓûë       | 882/3000 [02:24<05:49,  6.05it/s]
 29%|ΓûêΓûêΓûë       | 883/3000 [02:24<05:17,  6.66it/s]
 29%|ΓûêΓûêΓûë       | 884/3000 [02:24<04:54,  7.18it/s]
 30%|ΓûêΓûêΓûë       | 885/3000 [02:24<04:47,  7.34it/s]
 30%|ΓûêΓûêΓûë       | 886/3000 [02:24<05:50,  6.02it/s]
 30%|ΓûêΓûêΓûë       | 887/3000 [02:24<05:19,  6.60it/s]
 30%|ΓûêΓûêΓûë       | 888/3000 [02:25<07:18,  4.81it/s]
 30%|ΓûêΓûêΓûë       | 889/3000 [02:25<07:48,  4.51it/s]
 30%|ΓûêΓûêΓûë       | 890/3000 [02:25<07:33,  4.66it/s]
 30%|ΓûêΓûêΓûë       | 891/3000 [02:25<06:40,  5.27it/s]
 30%|ΓûêΓûêΓûë       | 892/3000 [02:25<06:34,  5.35it/s]
 30%|ΓûêΓûêΓûë       | 893/3000 [02:26<06:15,  5.62it/s]
 30%|ΓûêΓûêΓûë       | 894/3000 [02:26<06:33,  5.36it/s]
 30%|ΓûêΓûêΓûë       | 895/3000 [02:26<06:24,  5.47it/s]
 30%|ΓûêΓûêΓûë       | 896/3000 [02:26<06:32,  5.36it/s]
 30%|ΓûêΓûêΓûë       | 897/3000 [02:26<06:36,  5.30it/s]
 30%|ΓûêΓûêΓûë       | 898/3000 [02:26<06:00,  5.84it/s]
 30%|ΓûêΓûêΓûê       | 900/3000 [02:27<04:27,  7.85it/s]
 30%|ΓûêΓûêΓûê       | 901/3000 [02:27<05:50,  5.99it/s]
 30%|ΓûêΓûêΓûê       | 902/3000 [02:27<07:04,  4.94it/s]
 30%|ΓûêΓûêΓûê       | 903/3000 [02:27<06:39,  5.25it/s]
 30%|ΓûêΓûêΓûê       | 904/3000 [02:27<06:13,  5.61it/s]
 30%|ΓûêΓûêΓûê       | 905/3000 [02:28<05:34,  6.27it/s]
 30%|ΓûêΓûêΓûê       | 906/3000 [02:28<05:04,  6.87it/s]
 30%|ΓûêΓûêΓûê       | 907/3000 [02:28<05:49,  5.99it/s]
 30%|ΓûêΓûêΓûê       | 908/3000 [02:28<06:41,  5.22it/s]
 30%|ΓûêΓûêΓûê       | 909/3000 [02:28<06:59,  4.99it/s]
 30%|ΓûêΓûêΓûê       | 910/3000 [02:29<07:30,  4.64it/s]
 30%|ΓûêΓûêΓûê       | 911/3000 [02:29<07:13,  4.82it/s]
 30%|ΓûêΓûêΓûê       | 912/3000 [02:29<07:09,  4.86it/s]
 30%|ΓûêΓûêΓûê       | 913/3000 [02:29<06:38,  5.23it/s]
 30%|ΓûêΓûêΓûê       | 914/3000 [02:29<05:49,  5.97it/s]
 30%|ΓûêΓûêΓûê       | 915/3000 [02:29<05:16,  6.60it/s]
 31%|ΓûêΓûêΓûê       | 916/3000 [02:30<05:29,  6.33it/s]
 31%|ΓûêΓûêΓûê       | 917/3000 [02:30<05:27,  6.37it/s]
 31%|ΓûêΓûêΓûê       | 918/3000 [02:30<05:25,  6.40it/s]
 31%|ΓûêΓûêΓûê       | 919/3000 [02:30<05:29,  6.32it/s]
 31%|ΓûêΓûêΓûê       | 920/3000 [02:30<05:07,  6.77it/s]
 31%|ΓûêΓûêΓûê       | 921/3000 [02:30<05:16,  6.57it/s]
 31%|ΓûêΓûêΓûê       | 922/3000 [02:31<05:49,  5.95it/s]
 31%|ΓûêΓûêΓûê       | 923/3000 [02:31<05:08,  6.73it/s]
 31%|ΓûêΓûêΓûê       | 924/3000 [02:31<05:12,  6.64it/s]
 31%|ΓûêΓûêΓûê       | 925/3000 [02:31<05:08,  6.73it/s]
 31%|ΓûêΓûêΓûê       | 926/3000 [02:31<04:40,  7.38it/s]
 31%|ΓûêΓûêΓûê       | 927/3000 [02:31<04:24,  7.83it/s]
 31%|ΓûêΓûêΓûê       | 928/3000 [02:31<05:04,  6.81it/s]
 31%|ΓûêΓûêΓûê       | 929/3000 [02:31<04:40,  7.37it/s]
 31%|ΓûêΓûêΓûê       | 930/3000 [02:32<04:22,  7.88it/s]
 31%|ΓûêΓûêΓûê       | 931/3000 [02:32<04:40,  7.37it/s]
 31%|ΓûêΓûêΓûê       | 932/3000 [02:32<05:53,  5.85it/s]
 31%|ΓûêΓûêΓûê       | 933/3000 [02:32<05:21,  6.42it/s]
 31%|ΓûêΓûêΓûê       | 934/3000 [02:32<05:09,  6.68it/s]
 31%|ΓûêΓûêΓûê       | 935/3000 [02:32<05:40,  6.06it/s]
 31%|ΓûêΓûêΓûê       | 936/3000 [02:33<05:02,  6.82it/s]
 31%|ΓûêΓûêΓûê       | 937/3000 [02:33<04:44,  7.24it/s]
 31%|ΓûêΓûêΓûêΓûÅ      | 938/3000 [02:33<04:37,  7.42it/s]
 31%|ΓûêΓûêΓûêΓûÅ      | 939/3000 [02:33<04:23,  7.81it/s]
 31%|ΓûêΓûêΓûêΓûÅ      | 940/3000 [02:33<05:10,  6.64it/s]
 31%|ΓûêΓûêΓûêΓûÅ      | 941/3000 [02:33<04:48,  7.13it/s]
 31%|ΓûêΓûêΓûêΓûÅ      | 942/3000 [02:33<05:34,  6.15it/s]
 31%|ΓûêΓûêΓûêΓûÅ      | 943/3000 [02:34<05:03,  6.78it/s]
 31%|ΓûêΓûêΓûêΓûÅ      | 944/3000 [02:34<04:40,  7.33it/s]
 32%|ΓûêΓûêΓûêΓûÅ      | 945/3000 [02:34<04:48,  7.11it/s]
 32%|ΓûêΓûêΓûêΓûÅ      | 946/3000 [02:34<04:47,  7.15it/s]
 32%|ΓûêΓûêΓûêΓûÅ      | 947/3000 [02:34<05:26,  6.29it/s]
 32%|ΓûêΓûêΓûêΓûÅ      | 948/3000 [02:34<04:53,  6.99it/s]
 32%|ΓûêΓûêΓûêΓûÅ      | 949/3000 [02:34<04:59,  6.85it/s]
 32%|ΓûêΓûêΓûêΓûÅ      | 950/3000 [02:35<05:51,  5.83it/s]
 32%|ΓûêΓûêΓûêΓûÅ      | 951/3000 [02:35<05:18,  6.43it/s]
 32%|ΓûêΓûêΓûêΓûÅ      | 952/3000 [02:35<04:53,  6.98it/s]
 32%|ΓûêΓûêΓûêΓûÅ      | 953/3000 [02:35<04:34,  7.46it/s]
 32%|ΓûêΓûêΓûêΓûÅ      | 954/3000 [02:35<05:51,  5.82it/s]
 32%|ΓûêΓûêΓûêΓûÅ      | 955/3000 [02:35<05:19,  6.39it/s]
 32%|ΓûêΓûêΓûêΓûÅ      | 956/3000 [02:35<04:51,  7.01it/s]
 32%|ΓûêΓûêΓûêΓûÅ      | 957/3000 [02:36<04:47,  7.09it/s]
 32%|ΓûêΓûêΓûêΓûÅ      | 958/3000 [02:36<05:05,  6.69it/s]
 32%|ΓûêΓûêΓûêΓûÅ      | 959/3000 [02:36<04:48,  7.09it/s]
 32%|ΓûêΓûêΓûêΓûÅ      | 960/3000 [02:36<05:03,  6.73it/s]
 32%|ΓûêΓûêΓûêΓûÅ      | 961/3000 [02:36<05:35,  6.08it/s]
 32%|ΓûêΓûêΓûêΓûÅ      | 962/3000 [02:36<05:13,  6.50it/s]
 32%|ΓûêΓûêΓûêΓûÅ      | 963/3000 [02:37<05:04,  6.70it/s]
 32%|ΓûêΓûêΓûêΓûÅ      | 964/3000 [02:37<05:13,  6.49it/s]
 32%|ΓûêΓûêΓûêΓûÅ      | 965/3000 [02:37<04:45,  7.12it/s]
 32%|ΓûêΓûêΓûêΓûÅ      | 966/3000 [02:37<04:27,  7.61it/s]
 32%|ΓûêΓûêΓûêΓûÅ      | 967/3000 [02:37<04:28,  7.56it/s]
 32%|ΓûêΓûêΓûêΓûÅ      | 968/3000 [02:37<04:24,  7.67it/s]
 32%|ΓûêΓûêΓûêΓûÅ      | 969/3000 [02:37<04:08,  8.18it/s]
 32%|ΓûêΓûêΓûêΓûÅ      | 970/3000 [02:37<04:07,  8.20it/s]
 32%|ΓûêΓûêΓûêΓûÅ      | 971/3000 [02:38<05:14,  6.45it/s]
 32%|ΓûêΓûêΓûêΓûÅ      | 972/3000 [02:38<06:18,  5.36it/s]
 32%|ΓûêΓûêΓûêΓûÅ      | 973/3000 [02:38<06:00,  5.63it/s]
 32%|ΓûêΓûêΓûêΓûÅ      | 974/3000 [02:38<06:01,  5.61it/s]
 32%|ΓûêΓûêΓûêΓûÄ      | 975/3000 [02:38<05:57,  5.66it/s]
 33%|ΓûêΓûêΓûêΓûÄ      | 976/3000 [02:39<05:17,  6.37it/s]
 33%|ΓûêΓûêΓûêΓûÄ      | 977/3000 [02:39<04:58,  6.77it/s]
 33%|ΓûêΓûêΓûêΓûÄ      | 978/3000 [02:39<04:47,  7.04it/s]
 33%|ΓûêΓûêΓûêΓûÄ      | 979/3000 [02:39<05:16,  6.38it/s]
 33%|ΓûêΓûêΓûêΓûÄ      | 980/3000 [02:39<05:03,  6.66it/s]
 33%|ΓûêΓûêΓûêΓûÄ      | 981/3000 [02:39<04:37,  7.28it/s]
 33%|ΓûêΓûêΓûêΓûÄ      | 982/3000 [02:40<06:43,  5.00it/s]
 33%|ΓûêΓûêΓûêΓûÄ      | 983/3000 [02:40<05:48,  5.79it/s]
 33%|ΓûêΓûêΓûêΓûÄ      | 984/3000 [02:40<05:43,  5.88it/s]
 33%|ΓûêΓûêΓûêΓûÄ      | 985/3000 [02:40<05:10,  6.50it/s]
 33%|ΓûêΓûêΓûêΓûÄ      | 986/3000 [02:40<05:43,  5.87it/s]
 33%|ΓûêΓûêΓûêΓûÄ      | 987/3000 [02:40<05:18,  6.31it/s]
 33%|ΓûêΓûêΓûêΓûÄ      | 988/3000 [02:40<05:22,  6.24it/s]
 33%|ΓûêΓûêΓûêΓûÄ      | 989/3000 [02:41<04:52,  6.88it/s]
 33%|ΓûêΓûêΓûêΓûÄ      | 990/3000 [02:41<04:45,  7.04it/s]
 33%|ΓûêΓûêΓûêΓûÄ      | 991/3000 [02:41<05:16,  6.34it/s]
 33%|ΓûêΓûêΓûêΓûÄ      | 992/3000 [02:41<05:04,  6.58it/s]
 33%|ΓûêΓûêΓûêΓûÄ      | 993/3000 [02:41<04:54,  6.81it/s]
 33%|ΓûêΓûêΓûêΓûÄ      | 994/3000 [02:41<05:27,  6.12it/s]
 33%|ΓûêΓûêΓûêΓûÄ      | 995/3000 [02:42<05:05,  6.56it/s]
 33%|ΓûêΓûêΓûêΓûÄ      | 996/3000 [02:42<04:41,  7.13it/s]
 33%|ΓûêΓûêΓûêΓûÄ      | 997/3000 [02:42<04:19,  7.72it/s]
 33%|ΓûêΓûêΓûêΓûÄ      | 998/3000 [02:42<05:13,  6.40it/s]
 33%|ΓûêΓûêΓûêΓûÄ      | 999/3000 [02:42<05:40,  5.87it/s]
 33%|ΓûêΓûêΓûêΓûÄ      | 1000/3000 [02:42<05:08,  6.49it/s]
 33%|ΓûêΓûêΓûêΓûÄ      | 1001/3000 [02:42<04:53,  6.80it/s]
 33%|ΓûêΓûêΓûêΓûÄ      | 1002/3000 [02:43<06:10,  5.39it/s]
 33%|ΓûêΓûêΓûêΓûÄ      | 1003/3000 [02:43<05:48,  5.73it/s]
 33%|ΓûêΓûêΓûêΓûÄ      | 1004/3000 [02:43<05:06,  6.51it/s]
 34%|ΓûêΓûêΓûêΓûÄ      | 1005/3000 [02:43<04:41,  7.09it/s]
 34%|ΓûêΓûêΓûêΓûÄ      | 1006/3000 [02:43<05:32,  5.99it/s]
 34%|ΓûêΓûêΓûêΓûÄ      | 1007/3000 [02:43<05:29,  6.04it/s]
 34%|ΓûêΓûêΓûêΓûÄ      | 1009/3000 [02:44<04:14,  7.82it/s]
 34%|ΓûêΓûêΓûêΓûÄ      | 1010/3000 [02:44<05:21,  6.19it/s]
 34%|ΓûêΓûêΓûêΓûÄ      | 1011/3000 [02:44<05:05,  6.51it/s]
 34%|ΓûêΓûêΓûêΓûÄ      | 1012/3000 [02:44<05:06,  6.49it/s]
 34%|ΓûêΓûêΓûêΓûì      | 1013/3000 [02:44<05:49,  5.69it/s]
 34%|ΓûêΓûêΓûêΓûì      | 1014/3000 [02:45<06:05,  5.43it/s]
 34%|ΓûêΓûêΓûêΓûì      | 1015/3000 [02:45<06:06,  5.41it/s]
 34%|ΓûêΓûêΓûêΓûì      | 1016/3000 [02:45<06:04,  5.44it/s]
 34%|ΓûêΓûêΓûêΓûì      | 1017/3000 [02:45<05:55,  5.58it/s]
 34%|ΓûêΓûêΓûêΓûì      | 1018/3000 [02:45<05:21,  6.17it/s]
 34%|ΓûêΓûêΓûêΓûì      | 1019/3000 [02:45<05:18,  6.22it/s]
 34%|ΓûêΓûêΓûêΓûì      | 1020/3000 [02:46<06:01,  5.48it/s]
 34%|ΓûêΓûêΓûêΓûì      | 1021/3000 [02:46<05:38,  5.84it/s]
 34%|ΓûêΓûêΓûêΓûì      | 1022/3000 [02:46<05:41,  5.78it/s]
 34%|ΓûêΓûêΓûêΓûì      | 1023/3000 [02:46<05:07,  6.42it/s]
 34%|ΓûêΓûêΓûêΓûì      | 1024/3000 [02:46<05:50,  5.64it/s]
 34%|ΓûêΓûêΓûêΓûì      | 1025/3000 [02:46<05:53,  5.59it/s]
 34%|ΓûêΓûêΓûêΓûì      | 1026/3000 [02:47<05:55,  5.55it/s]
 34%|ΓûêΓûêΓûêΓûì      | 1027/3000 [02:47<06:23,  5.14it/s]
 34%|ΓûêΓûêΓûêΓûì      | 1028/3000 [02:47<05:50,  5.63it/s]
 34%|ΓûêΓûêΓûêΓûì      | 1029/3000 [02:47<05:47,  5.66it/s]
 34%|ΓûêΓûêΓûêΓûì      | 1030/3000 [02:47<05:19,  6.16it/s]
 34%|ΓûêΓûêΓûêΓûì      | 1031/3000 [02:48<06:01,  5.45it/s]
 34%|ΓûêΓûêΓûêΓûì      | 1032/3000 [02:48<05:17,  6.20it/s]
 34%|ΓûêΓûêΓûêΓûì      | 1033/3000 [02:48<04:46,  6.86it/s]
 34%|ΓûêΓûêΓûêΓûì      | 1034/3000 [02:48<04:31,  7.24it/s]
 34%|ΓûêΓûêΓûêΓûì      | 1035/3000 [02:48<04:35,  7.14it/s]
 35%|ΓûêΓûêΓûêΓûì      | 1036/3000 [02:48<04:24,  7.43it/s]
 35%|ΓûêΓûêΓûêΓûì      | 1037/3000 [02:48<04:35,  7.12it/s]
 35%|ΓûêΓûêΓûêΓûì      | 1038/3000 [02:48<04:56,  6.63it/s]
 35%|ΓûêΓûêΓûêΓûì      | 1039/3000 [02:49<05:00,  6.53it/s]
 35%|ΓûêΓûêΓûêΓûì      | 1040/3000 [02:49<04:39,  7.00it/s]
 35%|ΓûêΓûêΓûêΓûì      | 1041/3000 [02:49<04:53,  6.68it/s]
 35%|ΓûêΓûêΓûêΓûì      | 1042/3000 [02:49<04:35,  7.11it/s]
 35%|ΓûêΓûêΓûêΓûì      | 1043/3000 [02:49<04:33,  7.16it/s]
 35%|ΓûêΓûêΓûêΓûì      | 1044/3000 [02:49<05:14,  6.22it/s]
 35%|ΓûêΓûêΓûêΓûì      | 1045/3000 [02:50<05:39,  5.75it/s]
 35%|ΓûêΓûêΓûêΓûì      | 1046/3000 [02:50<05:29,  5.93it/s]
 35%|ΓûêΓûêΓûêΓûì      | 1047/3000 [02:50<06:48,  4.79it/s]
 35%|ΓûêΓûêΓûêΓûì      | 1048/3000 [02:50<05:50,  5.56it/s]
 35%|ΓûêΓûêΓûêΓûì      | 1049/3000 [02:50<06:04,  5.36it/s]
 35%|ΓûêΓûêΓûêΓûî      | 1051/3000 [02:51<04:32,  7.15it/s]
 35%|ΓûêΓûêΓûêΓûî      | 1052/3000 [02:51<04:36,  7.04it/s]
 35%|ΓûêΓûêΓûêΓûî      | 1053/3000 [02:51<04:28,  7.26it/s]
 35%|ΓûêΓûêΓûêΓûî      | 1054/3000 [02:51<05:08,  6.30it/s]
 35%|ΓûêΓûêΓûêΓûî      | 1055/3000 [02:51<05:46,  5.61it/s]
 35%|ΓûêΓûêΓûêΓûî      | 1056/3000 [02:51<05:08,  6.30it/s]
 35%|ΓûêΓûêΓûêΓûî      | 1057/3000 [02:52<05:41,  5.69it/s]
 35%|ΓûêΓûêΓûêΓûî      | 1058/3000 [02:52<05:21,  6.05it/s]
 35%|ΓûêΓûêΓûêΓûî      | 1059/3000 [02:52<05:34,  5.81it/s]
 35%|ΓûêΓûêΓûêΓûî      | 1060/3000 [02:52<06:35,  4.91it/s]
 35%|ΓûêΓûêΓûêΓûî      | 1061/3000 [02:52<06:25,  5.02it/s]
 35%|ΓûêΓûêΓûêΓûî      | 1062/3000 [02:53<06:21,  5.08it/s]
 35%|ΓûêΓûêΓûêΓûî      | 1063/3000 [02:53<05:34,  5.79it/s]
 35%|ΓûêΓûêΓûêΓûî      | 1064/3000 [02:53<05:24,  5.97it/s]
 36%|ΓûêΓûêΓûêΓûî      | 1065/3000 [02:53<04:58,  6.49it/s]
 36%|ΓûêΓûêΓûêΓûî      | 1066/3000 [02:53<06:09,  5.24it/s]
 36%|ΓûêΓûêΓûêΓûî      | 1067/3000 [02:53<06:03,  5.32it/s]
 36%|ΓûêΓûêΓûêΓûî      | 1068/3000 [02:54<05:51,  5.50it/s]
 36%|ΓûêΓûêΓûêΓûî      | 1069/3000 [02:54<06:06,  5.27it/s]
 36%|ΓûêΓûêΓûêΓûî      | 1070/3000 [02:54<05:16,  6.09it/s]
 36%|ΓûêΓûêΓûêΓûî      | 1071/3000 [02:54<04:50,  6.64it/s]
 36%|ΓûêΓûêΓûêΓûî      | 1072/3000 [02:54<04:57,  6.47it/s]
 36%|ΓûêΓûêΓûêΓûî      | 1073/3000 [02:54<05:19,  6.04it/s]
 36%|ΓûêΓûêΓûêΓûî      | 1074/3000 [02:55<05:23,  5.95it/s]
 36%|ΓûêΓûêΓûêΓûî      | 1075/3000 [02:55<05:16,  6.09it/s]
 36%|ΓûêΓûêΓûêΓûî      | 1076/3000 [02:55<04:51,  6.60it/s]
 36%|ΓûêΓûêΓûêΓûî      | 1077/3000 [02:55<04:25,  7.24it/s]
 36%|ΓûêΓûêΓûêΓûî      | 1078/3000 [02:55<04:21,  7.36it/s]
 36%|ΓûêΓûêΓûêΓûî      | 1079/3000 [02:55<04:02,  7.91it/s]
 36%|ΓûêΓûêΓûêΓûî      | 1080/3000 [02:55<03:57,  8.07it/s]
 36%|ΓûêΓûêΓûêΓûî      | 1081/3000 [02:55<04:24,  7.24it/s]
 36%|ΓûêΓûêΓûêΓûî      | 1082/3000 [02:56<04:48,  6.65it/s]
 36%|ΓûêΓûêΓûêΓûî      | 1083/3000 [02:56<04:38,  6.89it/s]
 36%|ΓûêΓûêΓûêΓûî      | 1084/3000 [02:56<04:21,  7.32it/s]
 36%|ΓûêΓûêΓûêΓûî      | 1085/3000 [02:56<04:18,  7.41it/s]
 36%|ΓûêΓûêΓûêΓûî      | 1086/3000 [02:56<04:29,  7.10it/s]
 36%|ΓûêΓûêΓûêΓûî      | 1087/3000 [02:56<04:20,  7.33it/s]
 36%|ΓûêΓûêΓûêΓûï      | 1088/3000 [02:56<04:16,  7.46it/s]
 36%|ΓûêΓûêΓûêΓûï      | 1089/3000 [02:57<04:26,  7.17it/s]
 36%|ΓûêΓûêΓûêΓûï      | 1090/3000 [02:57<06:04,  5.24it/s]
 36%|ΓûêΓûêΓûêΓûï      | 1091/3000 [02:57<05:28,  5.81it/s]
 36%|ΓûêΓûêΓûêΓûï      | 1092/3000 [02:57<06:09,  5.16it/s]
 36%|ΓûêΓûêΓûêΓûï      | 1093/3000 [02:57<05:58,  5.31it/s]
 36%|ΓûêΓûêΓûêΓûï      | 1094/3000 [02:58<05:19,  5.97it/s]
 36%|ΓûêΓûêΓûêΓûï      | 1095/3000 [02:58<05:46,  5.49it/s]
 37%|ΓûêΓûêΓûêΓûï      | 1096/3000 [02:58<05:03,  6.27it/s]
 37%|ΓûêΓûêΓûêΓûï      | 1097/3000 [02:58<05:13,  6.08it/s]
 37%|ΓûêΓûêΓûêΓûï      | 1098/3000 [02:58<04:43,  6.71it/s]
 37%|ΓûêΓûêΓûêΓûï      | 1099/3000 [02:58<05:07,  6.17it/s]
 37%|ΓûêΓûêΓûêΓûï      | 1100/3000 [02:58<04:36,  6.87it/s]
 37%|ΓûêΓûêΓûêΓûï      | 1101/3000 [02:59<05:21,  5.91it/s]
 37%|ΓûêΓûêΓûêΓûï      | 1102/3000 [02:59<06:06,  5.18it/s]
 37%|ΓûêΓûêΓûêΓûï      | 1103/3000 [02:59<05:27,  5.79it/s]
 37%|ΓûêΓûêΓûêΓûï      | 1104/3000 [02:59<06:43,  4.70it/s]
 37%|ΓûêΓûêΓûêΓûï      | 1105/3000 [03:00<06:10,  5.12it/s]
 37%|ΓûêΓûêΓûêΓûï      | 1106/3000 [03:00<06:33,  4.82it/s]
 37%|ΓûêΓûêΓûêΓûï      | 1108/3000 [03:00<04:19,  7.29it/s]
 37%|ΓûêΓûêΓûêΓûï      | 1109/3000 [03:00<04:06,  7.67it/s]
 37%|ΓûêΓûêΓûêΓûï      | 1110/3000 [03:00<03:56,  8.01it/s]
 37%|ΓûêΓûêΓûêΓûï      | 1111/3000 [03:00<04:29,  7.02it/s]
 37%|ΓûêΓûêΓûêΓûï      | 1112/3000 [03:00<04:27,  7.05it/s]
 37%|ΓûêΓûêΓûêΓûï      | 1113/3000 [03:01<04:27,  7.06it/s]
 37%|ΓûêΓûêΓûêΓûï      | 1114/3000 [03:01<04:26,  7.07it/s]
 37%|ΓûêΓûêΓûêΓûï      | 1115/3000 [03:01<04:40,  6.72it/s]
 37%|ΓûêΓûêΓûêΓûï      | 1116/3000 [03:01<04:32,  6.92it/s]
 37%|ΓûêΓûêΓûêΓûï      | 1117/3000 [03:01<04:30,  6.95it/s]
 37%|ΓûêΓûêΓûêΓûï      | 1118/3000 [03:01<04:23,  7.13it/s]
 37%|ΓûêΓûêΓûêΓûï      | 1119/3000 [03:01<04:52,  6.44it/s]
 37%|ΓûêΓûêΓûêΓûï      | 1120/3000 [03:02<04:54,  6.38it/s]
 37%|ΓûêΓûêΓûêΓûï      | 1121/3000 [03:02<05:21,  5.84it/s]
 37%|ΓûêΓûêΓûêΓûï      | 1122/3000 [03:02<05:18,  5.90it/s]
 37%|ΓûêΓûêΓûêΓûï      | 1123/3000 [03:02<05:09,  6.07it/s]
 37%|ΓûêΓûêΓûêΓûï      | 1124/3000 [03:02<04:42,  6.65it/s]
 38%|ΓûêΓûêΓûêΓûè      | 1125/3000 [03:02<04:46,  6.54it/s]
 38%|ΓûêΓûêΓûêΓûè      | 1126/3000 [03:03<04:56,  6.32it/s]
 38%|ΓûêΓûêΓûêΓûè      | 1128/3000 [03:03<03:36,  8.63it/s]
 38%|ΓûêΓûêΓûêΓûè      | 1129/3000 [03:03<03:49,  8.16it/s]
 38%|ΓûêΓûêΓûêΓûè      | 1130/3000 [03:03<04:32,  6.86it/s]
 38%|ΓûêΓûêΓûêΓûè      | 1131/3000 [03:03<05:11,  5.99it/s]
 38%|ΓûêΓûêΓûêΓûè      | 1132/3000 [03:03<05:10,  6.02it/s]
 38%|ΓûêΓûêΓûêΓûè      | 1133/3000 [03:04<05:23,  5.78it/s]
 38%|ΓûêΓûêΓûêΓûè      | 1134/3000 [03:04<04:56,  6.29it/s]
 38%|ΓûêΓûêΓûêΓûè      | 1135/3000 [03:04<04:40,  6.66it/s]
 38%|ΓûêΓûêΓûêΓûè      | 1136/3000 [03:04<04:35,  6.76it/s]
 38%|ΓûêΓûêΓûêΓûè      | 1138/3000 [03:04<03:16,  9.46it/s]
 38%|ΓûêΓûêΓûêΓûè      | 1140/3000 [03:04<03:43,  8.31it/s]
 38%|ΓûêΓûêΓûêΓûè      | 1141/3000 [03:05<04:08,  7.49it/s]
 38%|ΓûêΓûêΓûêΓûè      | 1142/3000 [03:05<04:50,  6.39it/s]
 38%|ΓûêΓûêΓûêΓûè      | 1143/3000 [03:05<04:40,  6.63it/s]
 38%|ΓûêΓûêΓûêΓûè      | 1144/3000 [03:05<04:26,  6.98it/s]
 38%|ΓûêΓûêΓûêΓûè      | 1145/3000 [03:05<04:14,  7.28it/s]
 38%|ΓûêΓûêΓûêΓûè      | 1146/3000 [03:06<05:11,  5.95it/s]
 38%|ΓûêΓûêΓûêΓûè      | 1147/3000 [03:06<05:14,  5.90it/s]
 38%|ΓûêΓûêΓûêΓûè      | 1148/3000 [03:06<04:54,  6.30it/s]
 38%|ΓûêΓûêΓûêΓûè      | 1149/3000 [03:06<05:08,  5.99it/s]
 38%|ΓûêΓûêΓûêΓûè      | 1150/3000 [03:06<04:50,  6.38it/s]
 38%|ΓûêΓûêΓûêΓûè      | 1151/3000 [03:06<04:57,  6.21it/s]
 38%|ΓûêΓûêΓûêΓûè      | 1152/3000 [03:06<04:42,  6.54it/s]
 38%|ΓûêΓûêΓûêΓûè      | 1153/3000 [03:07<05:17,  5.82it/s]
 38%|ΓûêΓûêΓûêΓûè      | 1154/3000 [03:07<04:48,  6.40it/s]
 38%|ΓûêΓûêΓûêΓûè      | 1155/3000 [03:07<04:24,  6.98it/s]
 39%|ΓûêΓûêΓûêΓûè      | 1156/3000 [03:07<04:39,  6.61it/s]
 39%|ΓûêΓûêΓûêΓûè      | 1157/3000 [03:07<04:57,  6.19it/s]
 39%|ΓûêΓûêΓûêΓûè      | 1158/3000 [03:08<06:19,  4.85it/s]
 39%|ΓûêΓûêΓûêΓûè      | 1159/3000 [03:08<05:25,  5.66it/s]
 39%|ΓûêΓûêΓûêΓûè      | 1160/3000 [03:08<05:22,  5.70it/s]
 39%|ΓûêΓûêΓûêΓûè      | 1161/3000 [03:08<06:13,  4.93it/s]
 39%|ΓûêΓûêΓûêΓûè      | 1162/3000 [03:08<06:14,  4.90it/s]
 39%|ΓûêΓûêΓûêΓûë      | 1163/3000 [03:08<05:25,  5.64it/s]
 39%|ΓûêΓûêΓûêΓûë      | 1164/3000 [03:09<05:02,  6.08it/s]
 39%|ΓûêΓûêΓûêΓûë      | 1165/3000 [03:09<04:52,  6.27it/s]
 39%|ΓûêΓûêΓûêΓûë      | 1166/3000 [03:09<04:26,  6.88it/s]
 39%|ΓûêΓûêΓûêΓûë      | 1167/3000 [03:09<04:08,  7.39it/s]
 39%|ΓûêΓûêΓûêΓûë      | 1168/3000 [03:09<03:56,  7.75it/s]
 39%|ΓûêΓûêΓûêΓûë      | 1169/3000 [03:09<03:49,  7.98it/s]
 39%|ΓûêΓûêΓûêΓûë      | 1170/3000 [03:09<04:14,  7.18it/s]
 39%|ΓûêΓûêΓûêΓûë      | 1171/3000 [03:10<04:51,  6.27it/s]
 39%|ΓûêΓûêΓûêΓûë      | 1172/3000 [03:10<04:31,  6.73it/s]
 39%|ΓûêΓûêΓûêΓûë      | 1173/3000 [03:10<04:58,  6.13it/s]
 39%|ΓûêΓûêΓûêΓûë      | 1174/3000 [03:10<04:50,  6.29it/s]
 39%|ΓûêΓûêΓûêΓûë      | 1175/3000 [03:10<05:56,  5.12it/s]
 39%|ΓûêΓûêΓûêΓûë      | 1176/3000 [03:10<05:49,  5.23it/s]
 39%|ΓûêΓûêΓûêΓûë      | 1177/3000 [03:11<05:07,  5.94it/s]
 39%|ΓûêΓûêΓûêΓûë      | 1178/3000 [03:11<04:50,  6.27it/s]
 39%|ΓûêΓûêΓûêΓûë      | 1179/3000 [03:11<05:32,  5.48it/s]
 39%|ΓûêΓûêΓûêΓûë      | 1180/3000 [03:11<04:52,  6.22it/s]
 39%|ΓûêΓûêΓûêΓûë      | 1183/3000 [03:11<03:11,  9.47it/s]
 39%|ΓûêΓûêΓûêΓûë      | 1184/3000 [03:11<03:14,  9.34it/s]
 40%|ΓûêΓûêΓûêΓûë      | 1185/3000 [03:11<03:17,  9.18it/s]
 40%|ΓûêΓûêΓûêΓûë      | 1186/3000 [03:12<04:03,  7.44it/s]
 40%|ΓûêΓûêΓûêΓûë      | 1187/3000 [03:12<03:52,  7.78it/s]
 40%|ΓûêΓûêΓûêΓûë      | 1188/3000 [03:12<03:59,  7.56it/s]
 40%|ΓûêΓûêΓûêΓûë      | 1189/3000 [03:12<04:44,  6.36it/s]
 40%|ΓûêΓûêΓûêΓûë      | 1190/3000 [03:12<04:25,  6.81it/s]
 40%|ΓûêΓûêΓûêΓûë      | 1191/3000 [03:12<04:18,  6.98it/s]
 40%|ΓûêΓûêΓûêΓûë      | 1192/3000 [03:13<04:23,  6.85it/s]
 40%|ΓûêΓûêΓûêΓûë      | 1193/3000 [03:13<04:10,  7.22it/s]
 40%|ΓûêΓûêΓûêΓûë      | 1194/3000 [03:13<04:15,  7.07it/s]
 40%|ΓûêΓûêΓûêΓûë      | 1195/3000 [03:13<04:37,  6.50it/s]
 40%|ΓûêΓûêΓûêΓûë      | 1196/3000 [03:13<04:41,  6.40it/s]
 40%|ΓûêΓûêΓûêΓûë      | 1197/3000 [03:13<04:14,  7.09it/s]
 40%|ΓûêΓûêΓûêΓûë      | 1198/3000 [03:13<04:24,  6.81it/s]
 40%|ΓûêΓûêΓûêΓûë      | 1199/3000 [03:14<05:05,  5.89it/s]
 40%|ΓûêΓûêΓûêΓûê      | 1200/3000 [03:14<04:38,  6.46it/s]
 40%|ΓûêΓûêΓûêΓûê      | 1202/3000 [03:14<03:44,  8.01it/s]
 40%|ΓûêΓûêΓûêΓûê      | 1203/3000 [03:14<04:51,  6.17it/s]
 40%|ΓûêΓûêΓûêΓûê      | 1204/3000 [03:14<05:04,  5.90it/s]
 40%|ΓûêΓûêΓûêΓûê      | 1205/3000 [03:15<05:13,  5.72it/s]
 40%|ΓûêΓûêΓûêΓûê      | 1206/3000 [03:15<05:11,  5.77it/s]
 40%|ΓûêΓûêΓûêΓûê      | 1207/3000 [03:15<04:50,  6.17it/s]
 40%|ΓûêΓûêΓûêΓûê      | 1208/3000 [03:15<04:56,  6.04it/s]
 40%|ΓûêΓûêΓûêΓûê      | 1209/3000 [03:15<04:58,  6.00it/s]
 40%|ΓûêΓûêΓûêΓûê      | 1210/3000 [03:15<04:33,  6.55it/s]
 40%|ΓûêΓûêΓûêΓûê      | 1211/3000 [03:16<04:12,  7.09it/s]
 40%|ΓûêΓûêΓûêΓûê      | 1212/3000 [03:16<04:48,  6.20it/s]
 40%|ΓûêΓûêΓûêΓûê      | 1213/3000 [03:16<05:38,  5.29it/s]
 40%|ΓûêΓûêΓûêΓûê      | 1214/3000 [03:16<05:31,  5.39it/s]
 41%|ΓûêΓûêΓûêΓûê      | 1216/3000 [03:16<04:04,  7.29it/s]
 41%|ΓûêΓûêΓûêΓûê      | 1217/3000 [03:17<04:28,  6.64it/s]
 41%|ΓûêΓûêΓûêΓûê      | 1218/3000 [03:17<04:26,  6.69it/s]
 41%|ΓûêΓûêΓûêΓûê      | 1219/3000 [03:17<04:07,  7.19it/s]
 41%|ΓûêΓûêΓûêΓûê      | 1220/3000 [03:17<03:51,  7.68it/s]
 41%|ΓûêΓûêΓûêΓûê      | 1221/3000 [03:17<03:45,  7.90it/s]
 41%|ΓûêΓûêΓûêΓûê      | 1222/3000 [03:17<03:36,  8.22it/s]
 41%|ΓûêΓûêΓûêΓûê      | 1223/3000 [03:17<05:08,  5.75it/s]
 41%|ΓûêΓûêΓûêΓûê      | 1224/3000 [03:18<05:51,  5.05it/s]
 41%|ΓûêΓûêΓûêΓûê      | 1225/3000 [03:18<05:15,  5.62it/s]
 41%|ΓûêΓûêΓûêΓûê      | 1226/3000 [03:18<04:51,  6.08it/s]
 41%|ΓûêΓûêΓûêΓûê      | 1227/3000 [03:18<04:28,  6.61it/s]
 41%|ΓûêΓûêΓûêΓûê      | 1228/3000 [03:18<04:30,  6.54it/s]
 41%|ΓûêΓûêΓûêΓûê      | 1229/3000 [03:18<04:11,  7.04it/s]
 41%|ΓûêΓûêΓûêΓûê      | 1230/3000 [03:18<03:53,  7.57it/s]
 41%|ΓûêΓûêΓûêΓûê      | 1231/3000 [03:19<04:08,  7.13it/s]
 41%|ΓûêΓûêΓûêΓûê      | 1232/3000 [03:19<04:59,  5.90it/s]
 41%|ΓûêΓûêΓûêΓûê      | 1233/3000 [03:19<04:39,  6.32it/s]
 41%|ΓûêΓûêΓûêΓûê      | 1234/3000 [03:19<04:14,  6.94it/s]
 41%|ΓûêΓûêΓûêΓûê      | 1235/3000 [03:19<04:07,  7.12it/s]
 41%|ΓûêΓûêΓûêΓûê      | 1236/3000 [03:19<04:17,  6.85it/s]
 41%|ΓûêΓûêΓûêΓûê      | 1237/3000 [03:20<04:19,  6.80it/s]
 41%|ΓûêΓûêΓûêΓûêΓûÅ     | 1238/3000 [03:20<04:59,  5.87it/s]
 41%|ΓûêΓûêΓûêΓûêΓûÅ     | 1239/3000 [03:20<04:25,  6.63it/s]
 41%|ΓûêΓûêΓûêΓûêΓûÅ     | 1240/3000 [03:20<04:53,  6.00it/s]
 41%|ΓûêΓûêΓûêΓûêΓûÅ     | 1241/3000 [03:20<04:25,  6.63it/s]
 41%|ΓûêΓûêΓûêΓûêΓûÅ     | 1242/3000 [03:20<05:07,  5.71it/s]
 41%|ΓûêΓûêΓûêΓûêΓûÅ     | 1243/3000 [03:21<05:37,  5.20it/s]
 41%|ΓûêΓûêΓûêΓûêΓûÅ     | 1244/3000 [03:21<05:23,  5.42it/s]
 42%|ΓûêΓûêΓûêΓûêΓûÅ     | 1245/3000 [03:21<05:47,  5.04it/s]
 42%|ΓûêΓûêΓûêΓûêΓûÅ     | 1246/3000 [03:21<05:12,  5.61it/s]
 42%|ΓûêΓûêΓûêΓûêΓûÅ     | 1247/3000 [03:21<05:34,  5.25it/s]
 42%|ΓûêΓûêΓûêΓûêΓûÅ     | 1248/3000 [03:22<05:41,  5.13it/s]
 42%|ΓûêΓûêΓûêΓûêΓûÅ     | 1249/3000 [03:22<05:18,  5.50it/s]
 42%|ΓûêΓûêΓûêΓûêΓûÅ     | 1250/3000 [03:22<05:57,  4.90it/s]
 42%|ΓûêΓûêΓûêΓûêΓûÅ     | 1251/3000 [03:22<05:33,  5.25it/s]
 42%|ΓûêΓûêΓûêΓûêΓûÅ     | 1252/3000 [03:22<04:51,  5.99it/s]
 42%|ΓûêΓûêΓûêΓûêΓûÅ     | 1253/3000 [03:22<04:45,  6.12it/s]
 42%|ΓûêΓûêΓûêΓûêΓûÅ     | 1254/3000 [03:23<04:32,  6.41it/s]
 42%|ΓûêΓûêΓûêΓûêΓûÅ     | 1255/3000 [03:23<04:10,  6.98it/s]
 42%|ΓûêΓûêΓûêΓûêΓûÅ     | 1256/3000 [03:23<04:37,  6.29it/s]
 42%|ΓûêΓûêΓûêΓûêΓûÅ     | 1257/3000 [03:23<05:05,  5.71it/s]
 42%|ΓûêΓûêΓûêΓûêΓûÅ     | 1258/3000 [03:23<04:54,  5.92it/s]
 42%|ΓûêΓûêΓûêΓûêΓûÅ     | 1259/3000 [03:23<05:16,  5.50it/s]
 42%|ΓûêΓûêΓûêΓûêΓûÅ     | 1260/3000 [03:24<04:53,  5.92it/s]
 42%|ΓûêΓûêΓûêΓûêΓûÅ     | 1261/3000 [03:24<06:12,  4.67it/s]
 42%|ΓûêΓûêΓûêΓûêΓûÅ     | 1262/3000 [03:24<06:07,  4.74it/s]
 42%|ΓûêΓûêΓûêΓûêΓûÅ     | 1263/3000 [03:24<05:15,  5.51it/s]
 42%|ΓûêΓûêΓûêΓûêΓûÅ     | 1264/3000 [03:24<05:14,  5.51it/s]
 42%|ΓûêΓûêΓûêΓûêΓûÅ     | 1265/3000 [03:25<05:20,  5.41it/s]
 42%|ΓûêΓûêΓûêΓûêΓûÅ     | 1266/3000 [03:25<05:01,  5.75it/s]
 42%|ΓûêΓûêΓûêΓûêΓûÅ     | 1267/3000 [03:25<04:39,  6.21it/s]
 42%|ΓûêΓûêΓûêΓûêΓûÅ     | 1268/3000 [03:25<04:15,  6.78it/s]
 42%|ΓûêΓûêΓûêΓûêΓûÅ     | 1269/3000 [03:25<04:04,  7.08it/s]
 42%|ΓûêΓûêΓûêΓûêΓûÅ     | 1270/3000 [03:25<03:55,  7.36it/s]
 42%|ΓûêΓûêΓûêΓûêΓûÅ     | 1271/3000 [03:25<04:07,  6.99it/s]
 42%|ΓûêΓûêΓûêΓûêΓûÅ     | 1272/3000 [03:26<04:31,  6.36it/s]
 42%|ΓûêΓûêΓûêΓûêΓûÅ     | 1273/3000 [03:26<04:56,  5.83it/s]
 42%|ΓûêΓûêΓûêΓûêΓûÅ     | 1274/3000 [03:26<04:44,  6.06it/s]
 42%|ΓûêΓûêΓûêΓûêΓûÄ     | 1275/3000 [03:26<04:34,  6.29it/s]
 43%|ΓûêΓûêΓûêΓûêΓûÄ     | 1276/3000 [03:26<04:11,  6.86it/s]
 43%|ΓûêΓûêΓûêΓûêΓûÄ     | 1277/3000 [03:26<03:52,  7.42it/s]
 43%|ΓûêΓûêΓûêΓûêΓûÄ     | 1278/3000 [03:26<03:58,  7.21it/s]
 43%|ΓûêΓûêΓûêΓûêΓûÄ     | 1279/3000 [03:27<03:53,  7.37it/s]
 43%|ΓûêΓûêΓûêΓûêΓûÄ     | 1280/3000 [03:27<04:20,  6.61it/s]
 43%|ΓûêΓûêΓûêΓûêΓûÄ     | 1281/3000 [03:27<06:32,  4.37it/s]
 43%|ΓûêΓûêΓûêΓûêΓûÄ     | 1282/3000 [03:27<06:40,  4.29it/s]
 43%|ΓûêΓûêΓûêΓûêΓûÄ     | 1283/3000 [03:28<06:43,  4.25it/s]
 43%|ΓûêΓûêΓûêΓûêΓûÄ     | 1284/3000 [03:28<07:00,  4.08it/s]
 43%|ΓûêΓûêΓûêΓûêΓûÄ     | 1285/3000 [03:28<06:15,  4.57it/s]
 43%|ΓûêΓûêΓûêΓûêΓûÄ     | 1286/3000 [03:28<05:44,  4.97it/s]
 43%|ΓûêΓûêΓûêΓûêΓûÄ     | 1287/3000 [03:28<05:39,  5.05it/s]
 43%|ΓûêΓûêΓûêΓûêΓûÄ     | 1288/3000 [03:29<06:46,  4.22it/s]
 43%|ΓûêΓûêΓûêΓûêΓûÄ     | 1289/3000 [03:29<05:44,  4.97it/s]
 43%|ΓûêΓûêΓûêΓûêΓûÄ     | 1290/3000 [03:29<05:38,  5.05it/s]
 43%|ΓûêΓûêΓûêΓûêΓûÄ     | 1291/3000 [03:29<05:07,  5.56it/s]
 43%|ΓûêΓûêΓûêΓûêΓûÄ     | 1292/3000 [03:29<05:04,  5.61it/s]
 43%|ΓûêΓûêΓûêΓûêΓûÄ     | 1293/3000 [03:29<04:26,  6.39it/s]
 43%|ΓûêΓûêΓûêΓûêΓûÄ     | 1294/3000 [03:30<04:13,  6.74it/s]
 43%|ΓûêΓûêΓûêΓûêΓûÄ     | 1295/3000 [03:30<04:41,  6.05it/s]
 43%|ΓûêΓûêΓûêΓûêΓûÄ     | 1296/3000 [03:30<04:39,  6.10it/s]
 43%|ΓûêΓûêΓûêΓûêΓûÄ     | 1297/3000 [03:30<04:26,  6.39it/s]
 43%|ΓûêΓûêΓûêΓûêΓûÄ     | 1298/3000 [03:30<04:02,  7.01it/s]
 43%|ΓûêΓûêΓûêΓûêΓûÄ     | 1299/3000 [03:30<03:48,  7.44it/s]
 43%|ΓûêΓûêΓûêΓûêΓûÄ     | 1300/3000 [03:30<03:32,  7.98it/s]
 43%|ΓûêΓûêΓûêΓûêΓûÄ     | 1301/3000 [03:31<03:40,  7.72it/s]
 43%|ΓûêΓûêΓûêΓûêΓûÄ     | 1302/3000 [03:31<04:49,  5.87it/s]
 43%|ΓûêΓûêΓûêΓûêΓûÄ     | 1303/3000 [03:31<04:18,  6.57it/s]
 43%|ΓûêΓûêΓûêΓûêΓûÄ     | 1304/3000 [03:31<04:11,  6.74it/s]
 44%|ΓûêΓûêΓûêΓûêΓûÄ     | 1305/3000 [03:31<04:42,  6.01it/s]
 44%|ΓûêΓûêΓûêΓûêΓûÄ     | 1306/3000 [03:32<05:08,  5.49it/s]
 44%|ΓûêΓûêΓûêΓûêΓûÄ     | 1307/3000 [03:32<05:25,  5.21it/s]
 44%|ΓûêΓûêΓûêΓûêΓûÄ     | 1308/3000 [03:32<05:05,  5.53it/s]
 44%|ΓûêΓûêΓûêΓûêΓûÄ     | 1309/3000 [03:32<04:42,  5.99it/s]
 44%|ΓûêΓûêΓûêΓûêΓûÄ     | 1310/3000 [03:32<04:38,  6.08it/s]
 44%|ΓûêΓûêΓûêΓûêΓûÄ     | 1311/3000 [03:32<04:42,  5.98it/s]
 44%|ΓûêΓûêΓûêΓûêΓûÄ     | 1312/3000 [03:33<04:51,  5.79it/s]
 44%|ΓûêΓûêΓûêΓûêΓûì     | 1313/3000 [03:33<04:15,  6.59it/s]
 44%|ΓûêΓûêΓûêΓûêΓûì     | 1314/3000 [03:33<04:25,  6.35it/s]
 44%|ΓûêΓûêΓûêΓûêΓûì     | 1315/3000 [03:33<04:27,  6.29it/s]
 44%|ΓûêΓûêΓûêΓûêΓûì     | 1316/3000 [03:33<04:43,  5.94it/s]
 44%|ΓûêΓûêΓûêΓûêΓûì     | 1317/3000 [03:33<04:42,  5.95it/s]
 44%|ΓûêΓûêΓûêΓûêΓûì     | 1318/3000 [03:33<04:14,  6.62it/s]
 44%|ΓûêΓûêΓûêΓûêΓûì     | 1319/3000 [03:34<04:32,  6.17it/s]
 44%|ΓûêΓûêΓûêΓûêΓûì     | 1320/3000 [03:34<04:38,  6.04it/s]
 44%|ΓûêΓûêΓûêΓûêΓûì     | 1321/3000 [03:34<04:54,  5.71it/s]
 44%|ΓûêΓûêΓûêΓûêΓûì     | 1322/3000 [03:34<04:22,  6.40it/s]
 44%|ΓûêΓûêΓûêΓûêΓûì     | 1323/3000 [03:34<05:12,  5.36it/s]
 44%|ΓûêΓûêΓûêΓûêΓûì     | 1324/3000 [03:35<04:39,  5.99it/s]
 44%|ΓûêΓûêΓûêΓûêΓûì     | 1325/3000 [03:35<04:12,  6.63it/s]
 44%|ΓûêΓûêΓûêΓûêΓûì     | 1326/3000 [03:35<03:54,  7.15it/s]
 44%|ΓûêΓûêΓûêΓûêΓûì     | 1327/3000 [03:35<03:48,  7.33it/s]
 44%|ΓûêΓûêΓûêΓûêΓûì     | 1328/3000 [03:35<03:48,  7.32it/s]
 44%|ΓûêΓûêΓûêΓûêΓûì     | 1329/3000 [03:35<03:41,  7.54it/s]
 44%|ΓûêΓûêΓûêΓûêΓûì     | 1330/3000 [03:35<03:29,  7.96it/s]
 44%|ΓûêΓûêΓûêΓûêΓûì     | 1331/3000 [03:35<03:28,  8.01it/s]
 44%|ΓûêΓûêΓûêΓûêΓûì     | 1332/3000 [03:36<03:56,  7.06it/s]
 44%|ΓûêΓûêΓûêΓûêΓûì     | 1333/3000 [03:36<03:40,  7.58it/s]
 44%|ΓûêΓûêΓûêΓûêΓûì     | 1334/3000 [03:36<04:04,  6.82it/s]
 44%|ΓûêΓûêΓûêΓûêΓûì     | 1335/3000 [03:36<05:16,  5.26it/s]
 45%|ΓûêΓûêΓûêΓûêΓûì     | 1336/3000 [03:36<05:32,  5.01it/s]
 45%|ΓûêΓûêΓûêΓûêΓûì     | 1337/3000 [03:36<04:48,  5.76it/s]
 45%|ΓûêΓûêΓûêΓûêΓûì     | 1338/3000 [03:37<04:46,  5.80it/s]
 45%|ΓûêΓûêΓûêΓûêΓûì     | 1339/3000 [03:37<05:04,  5.46it/s]
 45%|ΓûêΓûêΓûêΓûêΓûì     | 1340/3000 [03:37<04:27,  6.20it/s]
 45%|ΓûêΓûêΓûêΓûêΓûì     | 1341/3000 [03:37<05:27,  5.07it/s]
 45%|ΓûêΓûêΓûêΓûêΓûì     | 1342/3000 [03:37<04:50,  5.71it/s]
 45%|ΓûêΓûêΓûêΓûêΓûì     | 1343/3000 [03:38<04:59,  5.53it/s]
 45%|ΓûêΓûêΓûêΓûêΓûì     | 1344/3000 [03:38<05:04,  5.44it/s]
 45%|ΓûêΓûêΓûêΓûêΓûì     | 1345/3000 [03:38<04:27,  6.19it/s]
 45%|ΓûêΓûêΓûêΓûêΓûì     | 1346/3000 [03:38<04:01,  6.84it/s]
 45%|ΓûêΓûêΓûêΓûêΓûì     | 1347/3000 [03:38<04:01,  6.84it/s]
 45%|ΓûêΓûêΓûêΓûêΓûì     | 1348/3000 [03:38<03:44,  7.35it/s]
 45%|ΓûêΓûêΓûêΓûêΓûì     | 1349/3000 [03:38<03:44,  7.34it/s]
 45%|ΓûêΓûêΓûêΓûêΓûî     | 1350/3000 [03:39<05:13,  5.26it/s]
 45%|ΓûêΓûêΓûêΓûêΓûî     | 1351/3000 [03:39<05:29,  5.01it/s]
 45%|ΓûêΓûêΓûêΓûêΓûî     | 1352/3000 [03:39<05:05,  5.40it/s]
 45%|ΓûêΓûêΓûêΓûêΓûî     | 1353/3000 [03:39<05:31,  4.96it/s]
 45%|ΓûêΓûêΓûêΓûêΓûî     | 1354/3000 [03:40<05:49,  4.70it/s]
 45%|ΓûêΓûêΓûêΓûêΓûî     | 1355/3000 [03:40<05:32,  4.94it/s]
 45%|ΓûêΓûêΓûêΓûêΓûî     | 1356/3000 [03:40<04:57,  5.52it/s]
 45%|ΓûêΓûêΓûêΓûêΓûî     | 1358/3000 [03:40<04:01,  6.79it/s]
 45%|ΓûêΓûêΓûêΓûêΓûî     | 1359/3000 [03:40<04:03,  6.73it/s]
 45%|ΓûêΓûêΓûêΓûêΓûî     | 1360/3000 [03:40<04:06,  6.66it/s]
 45%|ΓûêΓûêΓûêΓûêΓûî     | 1361/3000 [03:41<04:40,  5.83it/s]
 45%|ΓûêΓûêΓûêΓûêΓûî     | 1362/3000 [03:41<04:14,  6.43it/s]
 45%|ΓûêΓûêΓûêΓûêΓûî     | 1363/3000 [03:41<03:51,  7.08it/s]
 45%|ΓûêΓûêΓûêΓûêΓûî     | 1364/3000 [03:41<04:30,  6.05it/s]
 46%|ΓûêΓûêΓûêΓûêΓûî     | 1365/3000 [03:41<04:26,  6.13it/s]
 46%|ΓûêΓûêΓûêΓûêΓûî     | 1366/3000 [03:41<04:23,  6.20it/s]
 46%|ΓûêΓûêΓûêΓûêΓûî     | 1367/3000 [03:41<04:10,  6.53it/s]
 46%|ΓûêΓûêΓûêΓûêΓûî     | 1368/3000 [03:42<03:49,  7.12it/s]
 46%|ΓûêΓûêΓûêΓûêΓûî     | 1369/3000 [03:42<03:53,  6.98it/s]
 46%|ΓûêΓûêΓûêΓûêΓûî     | 1370/3000 [03:42<04:15,  6.38it/s]
 46%|ΓûêΓûêΓûêΓûêΓûî     | 1371/3000 [03:42<04:40,  5.81it/s]
 46%|ΓûêΓûêΓûêΓûêΓûî     | 1372/3000 [03:42<04:08,  6.54it/s]
 46%|ΓûêΓûêΓûêΓûêΓûî     | 1373/3000 [03:42<04:34,  5.93it/s]
 46%|ΓûêΓûêΓûêΓûêΓûî     | 1374/3000 [03:43<04:18,  6.29it/s]
 46%|ΓûêΓûêΓûêΓûêΓûî     | 1375/3000 [03:43<04:25,  6.13it/s]
 46%|ΓûêΓûêΓûêΓûêΓûî     | 1376/3000 [03:43<04:10,  6.48it/s]
 46%|ΓûêΓûêΓûêΓûêΓûî     | 1377/3000 [03:43<03:50,  7.05it/s]
 46%|ΓûêΓûêΓûêΓûêΓûî     | 1378/3000 [03:43<03:48,  7.11it/s]
 46%|ΓûêΓûêΓûêΓûêΓûî     | 1379/3000 [03:43<05:16,  5.13it/s]
 46%|ΓûêΓûêΓûêΓûêΓûî     | 1380/3000 [03:44<04:45,  5.67it/s]
 46%|ΓûêΓûêΓûêΓûêΓûî     | 1381/3000 [03:44<04:24,  6.13it/s]
 46%|ΓûêΓûêΓûêΓûêΓûî     | 1382/3000 [03:44<03:59,  6.77it/s]
 46%|ΓûêΓûêΓûêΓûêΓûî     | 1383/3000 [03:44<04:18,  6.26it/s]
 46%|ΓûêΓûêΓûêΓûêΓûî     | 1384/3000 [03:44<04:04,  6.62it/s]
 46%|ΓûêΓûêΓûêΓûêΓûî     | 1385/3000 [03:44<04:22,  6.15it/s]
 46%|ΓûêΓûêΓûêΓûêΓûî     | 1386/3000 [03:44<04:10,  6.44it/s]
 46%|ΓûêΓûêΓûêΓûêΓûî     | 1387/3000 [03:45<04:36,  5.84it/s]
 46%|ΓûêΓûêΓûêΓûêΓûï     | 1388/3000 [03:45<04:56,  5.43it/s]
 46%|ΓûêΓûêΓûêΓûêΓûï     | 1389/3000 [03:45<04:28,  6.00it/s]
 46%|ΓûêΓûêΓûêΓûêΓûï     | 1390/3000 [03:45<04:00,  6.68it/s]
 46%|ΓûêΓûêΓûêΓûêΓûï     | 1391/3000 [03:45<04:01,  6.67it/s]
 46%|ΓûêΓûêΓûêΓûêΓûï     | 1392/3000 [03:45<03:41,  7.26it/s]
 46%|ΓûêΓûêΓûêΓûêΓûï     | 1393/3000 [03:46<04:13,  6.33it/s]
 46%|ΓûêΓûêΓûêΓûêΓûï     | 1394/3000 [03:46<04:13,  6.34it/s]
 46%|ΓûêΓûêΓûêΓûêΓûï     | 1395/3000 [03:46<04:13,  6.33it/s]
 47%|ΓûêΓûêΓûêΓûêΓûï     | 1396/3000 [03:46<04:06,  6.52it/s]
 47%|ΓûêΓûêΓûêΓûêΓûï     | 1397/3000 [03:46<03:59,  6.70it/s]
 47%|ΓûêΓûêΓûêΓûêΓûï     | 1398/3000 [03:46<03:55,  6.81it/s]
 47%|ΓûêΓûêΓûêΓûêΓûï     | 1399/3000 [03:47<04:12,  6.35it/s]
 47%|ΓûêΓûêΓûêΓûêΓûï     | 1400/3000 [03:47<04:17,  6.21it/s]
 47%|ΓûêΓûêΓûêΓûêΓûï     | 1401/3000 [03:47<04:36,  5.78it/s]
 47%|ΓûêΓûêΓûêΓûêΓûï     | 1402/3000 [03:47<04:43,  5.63it/s]
 47%|ΓûêΓûêΓûêΓûêΓûï     | 1403/3000 [03:47<04:15,  6.25it/s]
 47%|ΓûêΓûêΓûêΓûêΓûï     | 1404/3000 [03:47<04:59,  5.32it/s]
 47%|ΓûêΓûêΓûêΓûêΓûï     | 1405/3000 [03:48<04:51,  5.47it/s]
 47%|ΓûêΓûêΓûêΓûêΓûï     | 1406/3000 [03:48<04:14,  6.27it/s]
 47%|ΓûêΓûêΓûêΓûêΓûï     | 1407/3000 [03:48<04:05,  6.50it/s]
 47%|ΓûêΓûêΓûêΓûêΓûï     | 1408/3000 [03:48<03:49,  6.95it/s]
 47%|ΓûêΓûêΓûêΓûêΓûï     | 1409/3000 [03:48<03:35,  7.37it/s]
 47%|ΓûêΓûêΓûêΓûêΓûï     | 1410/3000 [03:48<03:45,  7.05it/s]
 47%|ΓûêΓûêΓûêΓûêΓûï     | 1411/3000 [03:48<03:56,  6.72it/s]
 47%|ΓûêΓûêΓûêΓûêΓûï     | 1412/3000 [03:49<03:39,  7.22it/s]
 47%|ΓûêΓûêΓûêΓûêΓûï     | 1413/3000 [03:49<03:44,  7.07it/s]
 47%|ΓûêΓûêΓûêΓûêΓûï     | 1414/3000 [03:49<03:47,  6.96it/s]
 47%|ΓûêΓûêΓûêΓûêΓûï     | 1415/3000 [03:49<03:43,  7.08it/s]
 47%|ΓûêΓûêΓûêΓûêΓûï     | 1416/3000 [03:49<03:26,  7.69it/s]
 47%|ΓûêΓûêΓûêΓûêΓûï     | 1417/3000 [03:49<04:04,  6.47it/s]
 47%|ΓûêΓûêΓûêΓûêΓûï     | 1418/3000 [03:49<04:19,  6.10it/s]
 47%|ΓûêΓûêΓûêΓûêΓûï     | 1419/3000 [03:50<04:08,  6.35it/s]
 47%|ΓûêΓûêΓûêΓûêΓûï     | 1420/3000 [03:50<04:23,  6.00it/s]
 47%|ΓûêΓûêΓûêΓûêΓûï     | 1421/3000 [03:50<05:03,  5.20it/s]
 47%|ΓûêΓûêΓûêΓûêΓûï     | 1422/3000 [03:50<05:09,  5.10it/s]
 47%|ΓûêΓûêΓûêΓûêΓûï     | 1423/3000 [03:50<04:50,  5.43it/s]
 47%|ΓûêΓûêΓûêΓûêΓûï     | 1424/3000 [03:51<04:50,  5.42it/s]
 48%|ΓûêΓûêΓûêΓûêΓûè     | 1425/3000 [03:51<05:02,  5.20it/s]
 48%|ΓûêΓûêΓûêΓûêΓûè     | 1426/3000 [03:51<04:25,  5.92it/s]
 48%|ΓûêΓûêΓûêΓûêΓûè     | 1427/3000 [03:51<04:15,  6.14it/s]
 48%|ΓûêΓûêΓûêΓûêΓûè     | 1428/3000 [03:51<04:05,  6.40it/s]
 48%|ΓûêΓûêΓûêΓûêΓûè     | 1429/3000 [03:51<03:56,  6.63it/s]
 48%|ΓûêΓûêΓûêΓûêΓûè     | 1430/3000 [03:52<04:06,  6.36it/s]
 48%|ΓûêΓûêΓûêΓûêΓûè     | 1431/3000 [03:52<03:47,  6.91it/s]
 48%|ΓûêΓûêΓûêΓûêΓûè     | 1432/3000 [03:52<03:52,  6.74it/s]
 48%|ΓûêΓûêΓûêΓûêΓûè     | 1433/3000 [03:52<04:35,  5.69it/s]
 48%|ΓûêΓûêΓûêΓûêΓûè     | 1434/3000 [03:52<04:16,  6.11it/s]
 48%|ΓûêΓûêΓûêΓûêΓûè     | 1435/3000 [03:52<04:29,  5.80it/s]
 48%|ΓûêΓûêΓûêΓûêΓûè     | 1436/3000 [03:53<04:22,  5.96it/s]
 48%|ΓûêΓûêΓûêΓûêΓûè     | 1437/3000 [03:53<04:17,  6.07it/s]
 48%|ΓûêΓûêΓûêΓûêΓûè     | 1438/3000 [03:53<03:55,  6.64it/s]
 48%|ΓûêΓûêΓûêΓûêΓûè     | 1439/3000 [03:53<03:54,  6.67it/s]
 48%|ΓûêΓûêΓûêΓûêΓûè     | 1440/3000 [03:53<03:35,  7.24it/s]
 48%|ΓûêΓûêΓûêΓûêΓûè     | 1441/3000 [03:53<04:04,  6.39it/s]
 48%|ΓûêΓûêΓûêΓûêΓûè     | 1442/3000 [03:53<04:04,  6.37it/s]
 48%|ΓûêΓûêΓûêΓûêΓûè     | 1443/3000 [03:54<03:53,  6.67it/s]
 48%|ΓûêΓûêΓûêΓûêΓûè     | 1444/3000 [03:54<04:26,  5.83it/s]
 48%|ΓûêΓûêΓûêΓûêΓûè     | 1445/3000 [03:54<04:29,  5.77it/s]
 48%|ΓûêΓûêΓûêΓûêΓûè     | 1446/3000 [03:54<04:20,  5.96it/s]
 48%|ΓûêΓûêΓûêΓûêΓûè     | 1447/3000 [03:54<03:56,  6.57it/s]
 48%|ΓûêΓûêΓûêΓûêΓûè     | 1448/3000 [03:54<03:42,  6.98it/s]
 48%|ΓûêΓûêΓûêΓûêΓûè     | 1449/3000 [03:55<04:33,  5.67it/s]
 48%|ΓûêΓûêΓûêΓûêΓûè     | 1450/3000 [03:55<05:32,  4.67it/s]
 48%|ΓûêΓûêΓûêΓûêΓûè     | 1451/3000 [03:55<04:42,  5.48it/s]
 48%|ΓûêΓûêΓûêΓûêΓûè     | 1452/3000 [03:55<04:08,  6.24it/s]
 48%|ΓûêΓûêΓûêΓûêΓûè     | 1454/3000 [03:55<02:52,  8.99it/s]
 49%|ΓûêΓûêΓûêΓûêΓûè     | 1456/3000 [03:56<04:51,  5.30it/s]
 49%|ΓûêΓûêΓûêΓûêΓûè     | 1457/3000 [03:56<04:47,  5.37it/s]
 49%|ΓûêΓûêΓûêΓûêΓûè     | 1458/3000 [03:56<04:52,  5.26it/s]
 49%|ΓûêΓûêΓûêΓûêΓûè     | 1459/3000 [03:56<04:34,  5.61it/s]
 49%|ΓûêΓûêΓûêΓûêΓûè     | 1460/3000 [03:57<04:24,  5.81it/s]
 49%|ΓûêΓûêΓûêΓûêΓûè     | 1461/3000 [03:57<04:45,  5.39it/s]
 49%|ΓûêΓûêΓûêΓûêΓûè     | 1462/3000 [03:57<04:13,  6.07it/s]
 49%|ΓûêΓûêΓûêΓûêΓûë     | 1463/3000 [03:57<03:55,  6.54it/s]
 49%|ΓûêΓûêΓûêΓûêΓûë     | 1464/3000 [03:57<03:45,  6.83it/s]
 49%|ΓûêΓûêΓûêΓûêΓûë     | 1465/3000 [03:57<03:35,  7.13it/s]
 49%|ΓûêΓûêΓûêΓûêΓûë     | 1466/3000 [03:57<03:44,  6.82it/s]
 49%|ΓûêΓûêΓûêΓûêΓûë     | 1467/3000 [03:58<04:12,  6.07it/s]
 49%|ΓûêΓûêΓûêΓûêΓûë     | 1468/3000 [03:58<03:46,  6.76it/s]
 49%|ΓûêΓûêΓûêΓûêΓûë     | 1469/3000 [03:58<03:49,  6.67it/s]
 49%|ΓûêΓûêΓûêΓûêΓûë     | 1470/3000 [03:58<04:17,  5.95it/s]
 49%|ΓûêΓûêΓûêΓûêΓûë     | 1472/3000 [03:58<02:59,  8.53it/s]
 49%|ΓûêΓûêΓûêΓûêΓûë     | 1473/3000 [03:58<03:06,  8.17it/s]
 49%|ΓûêΓûêΓûêΓûêΓûë     | 1474/3000 [03:58<03:01,  8.41it/s]
 49%|ΓûêΓûêΓûêΓûêΓûë     | 1475/3000 [03:59<03:16,  7.76it/s]
 49%|ΓûêΓûêΓûêΓûêΓûë     | 1476/3000 [03:59<03:21,  7.58it/s]
 49%|ΓûêΓûêΓûêΓûêΓûë     | 1477/3000 [03:59<03:34,  7.10it/s]
 49%|ΓûêΓûêΓûêΓûêΓûë     | 1478/3000 [03:59<03:45,  6.75it/s]
 49%|ΓûêΓûêΓûêΓûêΓûë     | 1479/3000 [03:59<04:23,  5.78it/s]
 49%|ΓûêΓûêΓûêΓûêΓûë     | 1480/3000 [03:59<04:05,  6.18it/s]
 49%|ΓûêΓûêΓûêΓûêΓûë     | 1481/3000 [04:00<03:55,  6.45it/s]
 49%|ΓûêΓûêΓûêΓûêΓûë     | 1482/3000 [04:00<03:40,  6.89it/s]
 49%|ΓûêΓûêΓûêΓûêΓûë     | 1483/3000 [04:00<03:58,  6.35it/s]
 49%|ΓûêΓûêΓûêΓûêΓûë     | 1484/3000 [04:00<03:39,  6.91it/s]
 50%|ΓûêΓûêΓûêΓûêΓûë     | 1485/3000 [04:00<03:26,  7.34it/s]
 50%|ΓûêΓûêΓûêΓûêΓûë     | 1486/3000 [04:00<03:36,  7.00it/s]
 50%|ΓûêΓûêΓûêΓûêΓûë     | 1487/3000 [04:00<03:53,  6.48it/s]
 50%|ΓûêΓûêΓûêΓûêΓûë     | 1488/3000 [04:01<04:12,  5.99it/s]
 50%|ΓûêΓûêΓûêΓûêΓûë     | 1489/3000 [04:01<04:08,  6.07it/s]
 50%|ΓûêΓûêΓûêΓûêΓûë     | 1490/3000 [04:01<04:26,  5.66it/s]
 50%|ΓûêΓûêΓûêΓûêΓûë     | 1491/3000 [04:01<04:15,  5.92it/s]
 50%|ΓûêΓûêΓûêΓûêΓûë     | 1492/3000 [04:01<04:00,  6.26it/s]
 50%|ΓûêΓûêΓûêΓûêΓûë     | 1493/3000 [04:01<03:37,  6.92it/s]
 50%|ΓûêΓûêΓûêΓûêΓûë     | 1494/3000 [04:02<03:50,  6.55it/s]
 50%|ΓûêΓûêΓûêΓûêΓûë     | 1495/3000 [04:02<03:51,  6.50it/s]
 50%|ΓûêΓûêΓûêΓûêΓûë     | 1496/3000 [04:02<04:36,  5.44it/s]
 50%|ΓûêΓûêΓûêΓûêΓûë     | 1497/3000 [04:02<05:01,  4.99it/s]
 50%|ΓûêΓûêΓûêΓûêΓûë     | 1498/3000 [04:02<05:14,  4.78it/s]
 50%|ΓûêΓûêΓûêΓûêΓûë     | 1499/3000 [04:03<05:26,  4.60it/s]
 50%|ΓûêΓûêΓûêΓûêΓûê     | 1500/3000 [04:03<05:24,  4.62it/s]
 50%|ΓûêΓûêΓûêΓûêΓûê     | 1501/3000 [04:03<05:51,  4.27it/s]
 50%|ΓûêΓûêΓûêΓûêΓûê     | 1502/3000 [04:03<05:16,  4.73it/s]
 50%|ΓûêΓûêΓûêΓûêΓûê     | 1503/3000 [04:04<06:00,  4.15it/s]
 50%|ΓûêΓûêΓûêΓûêΓûê     | 1504/3000 [04:04<05:52,  4.25it/s]
 50%|ΓûêΓûêΓûêΓûêΓûê     | 1505/3000 [04:04<05:16,  4.72it/s]
 50%|ΓûêΓûêΓûêΓûêΓûê     | 1506/3000 [04:04<05:12,  4.78it/s]
 50%|ΓûêΓûêΓûêΓûêΓûê     | 1507/3000 [04:04<04:52,  5.11it/s]
 50%|ΓûêΓûêΓûêΓûêΓûê     | 1508/3000 [04:05<04:36,  5.39it/s]
 50%|ΓûêΓûêΓûêΓûêΓûê     | 1509/3000 [04:05<04:11,  5.92it/s]
 50%|ΓûêΓûêΓûêΓûêΓûê     | 1510/3000 [04:05<04:02,  6.16it/s]
 50%|ΓûêΓûêΓûêΓûêΓûê     | 1511/3000 [04:05<04:02,  6.14it/s]
 50%|ΓûêΓûêΓûêΓûêΓûê     | 1512/3000 [04:05<03:48,  6.50it/s]
 50%|ΓûêΓûêΓûêΓûêΓûê     | 1514/3000 [04:05<03:20,  7.41it/s]
 50%|ΓûêΓûêΓûêΓûêΓûê     | 1515/3000 [04:05<03:19,  7.46it/s]
 51%|ΓûêΓûêΓûêΓûêΓûê     | 1517/3000 [04:06<03:12,  7.69it/s]
 51%|ΓûêΓûêΓûêΓûêΓûê     | 1519/3000 [04:06<02:54,  8.47it/s]
 51%|ΓûêΓûêΓûêΓûêΓûê     | 1520/3000 [04:06<03:34,  6.89it/s]
 51%|ΓûêΓûêΓûêΓûêΓûê     | 1522/3000 [04:06<03:15,  7.58it/s]
 51%|ΓûêΓûêΓûêΓûêΓûê     | 1523/3000 [04:07<03:17,  7.49it/s]
 51%|ΓûêΓûêΓûêΓûêΓûê     | 1524/3000 [04:07<04:06,  6.00it/s]
 51%|ΓûêΓûêΓûêΓûêΓûê     | 1525/3000 [04:07<03:52,  6.35it/s]
 51%|ΓûêΓûêΓûêΓûêΓûê     | 1526/3000 [04:07<05:37,  4.37it/s]
 51%|ΓûêΓûêΓûêΓûêΓûê     | 1528/3000 [04:08<04:31,  5.42it/s]
 51%|ΓûêΓûêΓûêΓûêΓûê     | 1529/3000 [04:08<04:05,  5.99it/s]
 51%|ΓûêΓûêΓûêΓûêΓûê     | 1530/3000 [04:08<03:57,  6.18it/s]
 51%|ΓûêΓûêΓûêΓûêΓûê     | 1531/3000 [04:08<04:01,  6.08it/s]
 51%|ΓûêΓûêΓûêΓûêΓûê     | 1532/3000 [04:08<03:59,  6.13it/s]
 51%|ΓûêΓûêΓûêΓûêΓûê     | 1533/3000 [04:08<04:08,  5.89it/s]
 51%|ΓûêΓûêΓûêΓûêΓûê     | 1534/3000 [04:09<03:46,  6.47it/s]
 51%|ΓûêΓûêΓûêΓûêΓûê     | 1535/3000 [04:09<03:35,  6.81it/s]
 51%|ΓûêΓûêΓûêΓûêΓûê     | 1536/3000 [04:09<03:37,  6.74it/s]
 51%|ΓûêΓûêΓûêΓûêΓûêΓûÅ    | 1538/3000 [04:09<03:20,  7.31it/s]
 51%|ΓûêΓûêΓûêΓûêΓûêΓûÅ    | 1539/3000 [04:09<03:26,  7.08it/s]
 51%|ΓûêΓûêΓûêΓûêΓûêΓûÅ    | 1540/3000 [04:09<03:30,  6.92it/s]
 51%|ΓûêΓûêΓûêΓûêΓûêΓûÅ    | 1541/3000 [04:09<03:25,  7.09it/s]
 51%|ΓûêΓûêΓûêΓûêΓûêΓûÅ    | 1542/3000 [04:10<03:28,  6.98it/s]
 51%|ΓûêΓûêΓûêΓûêΓûêΓûÅ    | 1543/3000 [04:10<03:22,  7.21it/s]
 51%|ΓûêΓûêΓûêΓûêΓûêΓûÅ    | 1544/3000 [04:10<03:27,  7.02it/s]
 52%|ΓûêΓûêΓûêΓûêΓûêΓûÅ    | 1545/3000 [04:10<04:38,  5.23it/s]
 52%|ΓûêΓûêΓûêΓûêΓûêΓûÅ    | 1546/3000 [04:10<04:33,  5.32it/s]
 52%|ΓûêΓûêΓûêΓûêΓûêΓûÅ    | 1547/3000 [04:11<06:14,  3.88it/s]
 52%|ΓûêΓûêΓûêΓûêΓûêΓûÅ    | 1548/3000 [04:11<05:50,  4.15it/s]
 52%|ΓûêΓûêΓûêΓûêΓûêΓûÅ    | 1549/3000 [04:11<05:49,  4.15it/s]
 52%|ΓûêΓûêΓûêΓûêΓûêΓûÅ    | 1550/3000 [04:12<06:01,  4.01it/s]
 52%|ΓûêΓûêΓûêΓûêΓûêΓûÅ    | 1551/3000 [04:12<05:45,  4.19it/s]
 52%|ΓûêΓûêΓûêΓûêΓûêΓûÅ    | 1552/3000 [04:12<06:07,  3.94it/s]
 52%|ΓûêΓûêΓûêΓûêΓûêΓûÅ    | 1553/3000 [04:12<07:09,  3.37it/s]
 52%|ΓûêΓûêΓûêΓûêΓûêΓûÅ    | 1554/3000 [04:13<06:48,  3.54it/s]
 52%|ΓûêΓûêΓûêΓûêΓûêΓûÅ    | 1555/3000 [04:13<06:28,  3.72it/s]
 52%|ΓûêΓûêΓûêΓûêΓûêΓûÅ    | 1556/3000 [04:13<05:33,  4.33it/s]
 52%|ΓûêΓûêΓûêΓûêΓûêΓûÅ    | 1557/3000 [04:13<04:58,  4.84it/s]
 52%|ΓûêΓûêΓûêΓûêΓûêΓûÅ    | 1558/3000 [04:13<04:55,  4.87it/s]
 52%|ΓûêΓûêΓûêΓûêΓûêΓûÅ    | 1559/3000 [04:14<04:29,  5.35it/s]
 52%|ΓûêΓûêΓûêΓûêΓûêΓûÅ    | 1560/3000 [04:14<04:04,  5.89it/s]
 52%|ΓûêΓûêΓûêΓûêΓûêΓûÅ    | 1561/3000 [04:14<04:52,  4.92it/s]
 52%|ΓûêΓûêΓûêΓûêΓûêΓûÅ    | 1562/3000 [04:14<04:32,  5.28it/s]
 52%|ΓûêΓûêΓûêΓûêΓûêΓûÅ    | 1563/3000 [04:14<04:30,  5.31it/s]
 52%|ΓûêΓûêΓûêΓûêΓûêΓûÅ    | 1564/3000 [04:14<04:18,  5.55it/s]
 52%|ΓûêΓûêΓûêΓûêΓûêΓûÅ    | 1565/3000 [04:15<03:57,  6.03it/s]
 52%|ΓûêΓûêΓûêΓûêΓûêΓûÅ    | 1566/3000 [04:15<03:56,  6.06it/s]
 52%|ΓûêΓûêΓûêΓûêΓûêΓûÅ    | 1567/3000 [04:15<04:57,  4.81it/s]
 52%|ΓûêΓûêΓûêΓûêΓûêΓûÅ    | 1568/3000 [04:15<04:43,  5.05it/s]
 52%|ΓûêΓûêΓûêΓûêΓûêΓûÅ    | 1569/3000 [04:16<05:12,  4.58it/s]
 52%|ΓûêΓûêΓûêΓûêΓûêΓûÅ    | 1570/3000 [04:16<04:46,  5.00it/s]
 52%|ΓûêΓûêΓûêΓûêΓûêΓûÅ    | 1571/3000 [04:16<05:16,  4.52it/s]
 52%|ΓûêΓûêΓûêΓûêΓûêΓûÅ    | 1572/3000 [04:16<05:05,  4.67it/s]
 52%|ΓûêΓûêΓûêΓûêΓûêΓûÅ    | 1573/3000 [04:16<04:50,  4.91it/s]
 52%|ΓûêΓûêΓûêΓûêΓûêΓûÅ    | 1574/3000 [04:16<04:31,  5.24it/s]
 52%|ΓûêΓûêΓûêΓûêΓûêΓûÄ    | 1575/3000 [04:17<04:14,  5.60it/s]
 53%|ΓûêΓûêΓûêΓûêΓûêΓûÄ    | 1576/3000 [04:17<03:45,  6.33it/s]
 53%|ΓûêΓûêΓûêΓûêΓûêΓûÄ    | 1577/3000 [04:17<03:50,  6.17it/s]
 53%|ΓûêΓûêΓûêΓûêΓûêΓûÄ    | 1578/3000 [04:17<03:31,  6.72it/s]
 53%|ΓûêΓûêΓûêΓûêΓûêΓûÄ    | 1579/3000 [04:17<03:48,  6.23it/s]
 53%|ΓûêΓûêΓûêΓûêΓûêΓûÄ    | 1580/3000 [04:17<03:57,  5.97it/s]
 53%|ΓûêΓûêΓûêΓûêΓûêΓûÄ    | 1581/3000 [04:18<03:57,  5.97it/s]
 53%|ΓûêΓûêΓûêΓûêΓûêΓûÄ    | 1582/3000 [04:18<04:35,  5.15it/s]
 53%|ΓûêΓûêΓûêΓûêΓûêΓûÄ    | 1583/3000 [04:18<04:26,  5.32it/s]
 53%|ΓûêΓûêΓûêΓûêΓûêΓûÄ    | 1584/3000 [04:18<03:58,  5.93it/s]
 53%|ΓûêΓûêΓûêΓûêΓûêΓûÄ    | 1585/3000 [04:18<03:37,  6.51it/s]
 53%|ΓûêΓûêΓûêΓûêΓûêΓûÄ    | 1586/3000 [04:18<03:49,  6.17it/s]
 53%|ΓûêΓûêΓûêΓûêΓûêΓûÄ    | 1587/3000 [04:19<04:02,  5.83it/s]
 53%|ΓûêΓûêΓûêΓûêΓûêΓûÄ    | 1588/3000 [04:19<03:53,  6.04it/s]
 53%|ΓûêΓûêΓûêΓûêΓûêΓûÄ    | 1589/3000 [04:19<03:37,  6.48it/s]
 53%|ΓûêΓûêΓûêΓûêΓûêΓûÄ    | 1590/3000 [04:19<03:23,  6.94it/s]
 53%|ΓûêΓûêΓûêΓûêΓûêΓûÄ    | 1591/3000 [04:19<03:30,  6.69it/s]
 53%|ΓûêΓûêΓûêΓûêΓûêΓûÄ    | 1592/3000 [04:19<03:14,  7.23it/s]
 53%|ΓûêΓûêΓûêΓûêΓûêΓûÄ    | 1593/3000 [04:19<03:38,  6.43it/s]
 53%|ΓûêΓûêΓûêΓûêΓûêΓûÄ    | 1594/3000 [04:20<03:59,  5.88it/s]
 53%|ΓûêΓûêΓûêΓûêΓûêΓûÄ    | 1595/3000 [04:20<03:53,  6.01it/s]
 53%|ΓûêΓûêΓûêΓûêΓûêΓûÄ    | 1596/3000 [04:20<03:33,  6.57it/s]
 53%|ΓûêΓûêΓûêΓûêΓûêΓûÄ    | 1597/3000 [04:20<03:20,  7.00it/s]
 53%|ΓûêΓûêΓûêΓûêΓûêΓûÄ    | 1598/3000 [04:20<03:14,  7.21it/s]
 53%|ΓûêΓûêΓûêΓûêΓûêΓûÄ    | 1599/3000 [04:20<04:08,  5.65it/s]
 53%|ΓûêΓûêΓûêΓûêΓûêΓûÄ    | 1600/3000 [04:21<04:10,  5.59it/s]
 53%|ΓûêΓûêΓûêΓûêΓûêΓûÄ    | 1601/3000 [04:21<04:31,  5.16it/s]
 53%|ΓûêΓûêΓûêΓûêΓûêΓûÄ    | 1602/3000 [04:21<04:34,  5.10it/s]
 53%|ΓûêΓûêΓûêΓûêΓûêΓûÄ    | 1603/3000 [04:21<04:29,  5.19it/s]
 53%|ΓûêΓûêΓûêΓûêΓûêΓûÄ    | 1604/3000 [04:21<04:16,  5.45it/s]
 54%|ΓûêΓûêΓûêΓûêΓûêΓûÄ    | 1605/3000 [04:22<04:12,  5.53it/s]
 54%|ΓûêΓûêΓûêΓûêΓûêΓûÄ    | 1606/3000 [04:22<04:21,  5.33it/s]
 54%|ΓûêΓûêΓûêΓûêΓûêΓûÄ    | 1607/3000 [04:22<04:00,  5.80it/s]
 54%|ΓûêΓûêΓûêΓûêΓûêΓûÄ    | 1608/3000 [04:22<03:37,  6.39it/s]
 54%|ΓûêΓûêΓûêΓûêΓûêΓûÄ    | 1609/3000 [04:22<03:21,  6.92it/s]
 54%|ΓûêΓûêΓûêΓûêΓûêΓûÄ    | 1610/3000 [04:22<03:05,  7.48it/s]
 54%|ΓûêΓûêΓûêΓûêΓûêΓûÄ    | 1611/3000 [04:22<03:25,  6.77it/s]
 54%|ΓûêΓûêΓûêΓûêΓûêΓûÄ    | 1612/3000 [04:23<03:39,  6.32it/s]
 54%|ΓûêΓûêΓûêΓûêΓûêΓûì    | 1613/3000 [04:23<04:01,  5.73it/s]
 54%|ΓûêΓûêΓûêΓûêΓûêΓûì    | 1614/3000 [04:23<04:08,  5.59it/s]
 54%|ΓûêΓûêΓûêΓûêΓûêΓûì    | 1615/3000 [04:23<03:46,  6.13it/s]
 54%|ΓûêΓûêΓûêΓûêΓûêΓûì    | 1616/3000 [04:23<03:37,  6.36it/s]
 54%|ΓûêΓûêΓûêΓûêΓûêΓûì    | 1617/3000 [04:23<03:23,  6.78it/s]
 54%|ΓûêΓûêΓûêΓûêΓûêΓûì    | 1618/3000 [04:24<03:10,  7.26it/s]
 54%|ΓûêΓûêΓûêΓûêΓûêΓûì    | 1619/3000 [04:24<03:01,  7.59it/s]
 54%|ΓûêΓûêΓûêΓûêΓûêΓûì    | 1620/3000 [04:24<03:23,  6.79it/s]
 54%|ΓûêΓûêΓûêΓûêΓûêΓûì    | 1621/3000 [04:24<03:49,  6.01it/s]
 54%|ΓûêΓûêΓûêΓûêΓûêΓûì    | 1622/3000 [04:24<03:45,  6.12it/s]
 54%|ΓûêΓûêΓûêΓûêΓûêΓûì    | 1623/3000 [04:24<03:30,  6.55it/s]
 54%|ΓûêΓûêΓûêΓûêΓûêΓûì    | 1624/3000 [04:25<04:01,  5.70it/s]
 54%|ΓûêΓûêΓûêΓûêΓûêΓûì    | 1625/3000 [04:25<03:58,  5.75it/s]
 54%|ΓûêΓûêΓûêΓûêΓûêΓûì    | 1626/3000 [04:25<04:04,  5.61it/s]
 54%|ΓûêΓûêΓûêΓûêΓûêΓûì    | 1627/3000 [04:25<04:09,  5.50it/s]
 54%|ΓûêΓûêΓûêΓûêΓûêΓûì    | 1628/3000 [04:25<04:41,  4.88it/s]
 54%|ΓûêΓûêΓûêΓûêΓûêΓûì    | 1629/3000 [04:26<04:05,  5.59it/s]
 54%|ΓûêΓûêΓûêΓûêΓûêΓûì    | 1630/3000 [04:26<04:39,  4.91it/s]
 54%|ΓûêΓûêΓûêΓûêΓûêΓûì    | 1631/3000 [04:26<04:13,  5.40it/s]
 54%|ΓûêΓûêΓûêΓûêΓûêΓûì    | 1632/3000 [04:26<04:24,  5.16it/s]
 54%|ΓûêΓûêΓûêΓûêΓûêΓûì    | 1633/3000 [04:26<04:04,  5.60it/s]
 54%|ΓûêΓûêΓûêΓûêΓûêΓûì    | 1634/3000 [04:27<04:15,  5.35it/s]
 55%|ΓûêΓûêΓûêΓûêΓûêΓûì    | 1635/3000 [04:27<03:58,  5.72it/s]
 55%|ΓûêΓûêΓûêΓûêΓûêΓûì    | 1636/3000 [04:27<03:50,  5.90it/s]
 55%|ΓûêΓûêΓûêΓûêΓûêΓûì    | 1637/3000 [04:27<03:34,  6.34it/s]
 55%|ΓûêΓûêΓûêΓûêΓûêΓûì    | 1638/3000 [04:27<03:45,  6.05it/s]
 55%|ΓûêΓûêΓûêΓûêΓûêΓûì    | 1639/3000 [04:27<03:28,  6.52it/s]
 55%|ΓûêΓûêΓûêΓûêΓûêΓûì    | 1640/3000 [04:27<03:43,  6.09it/s]
 55%|ΓûêΓûêΓûêΓûêΓûêΓûì    | 1641/3000 [04:28<03:29,  6.48it/s]
 55%|ΓûêΓûêΓûêΓûêΓûêΓûì    | 1642/3000 [04:28<03:31,  6.42it/s]
 55%|ΓûêΓûêΓûêΓûêΓûêΓûì    | 1643/3000 [04:28<03:16,  6.92it/s]
 55%|ΓûêΓûêΓûêΓûêΓûêΓûì    | 1644/3000 [04:28<04:00,  5.63it/s]
 55%|ΓûêΓûêΓûêΓûêΓûêΓûì    | 1645/3000 [04:28<03:33,  6.34it/s]
 55%|ΓûêΓûêΓûêΓûêΓûêΓûì    | 1646/3000 [04:28<03:16,  6.89it/s]
 55%|ΓûêΓûêΓûêΓûêΓûêΓûì    | 1647/3000 [04:28<03:10,  7.12it/s]
 55%|ΓûêΓûêΓûêΓûêΓûêΓûì    | 1648/3000 [04:29<03:05,  7.30it/s]
 55%|ΓûêΓûêΓûêΓûêΓûêΓûì    | 1649/3000 [04:29<03:04,  7.30it/s]
 55%|ΓûêΓûêΓûêΓûêΓûêΓûî    | 1650/3000 [04:29<03:16,  6.86it/s]
 55%|ΓûêΓûêΓûêΓûêΓûêΓûî    | 1651/3000 [04:29<03:00,  7.48it/s]
 55%|ΓûêΓûêΓûêΓûêΓûêΓûî    | 1652/3000 [04:29<04:13,  5.33it/s]
 55%|ΓûêΓûêΓûêΓûêΓûêΓûî    | 1653/3000 [04:30<04:20,  5.17it/s]
 55%|ΓûêΓûêΓûêΓûêΓûêΓûî    | 1654/3000 [04:30<04:06,  5.47it/s]
 55%|ΓûêΓûêΓûêΓûêΓûêΓûî    | 1655/3000 [04:30<04:02,  5.55it/s]
 55%|ΓûêΓûêΓûêΓûêΓûêΓûî    | 1656/3000 [04:30<03:37,  6.19it/s]
 55%|ΓûêΓûêΓûêΓûêΓûêΓûî    | 1657/3000 [04:30<03:35,  6.24it/s]
 55%|ΓûêΓûêΓûêΓûêΓûêΓûî    | 1658/3000 [04:30<03:25,  6.54it/s]
 55%|ΓûêΓûêΓûêΓûêΓûêΓûî    | 1659/3000 [04:30<03:48,  5.87it/s]
 55%|ΓûêΓûêΓûêΓûêΓûêΓûî    | 1660/3000 [04:31<03:47,  5.89it/s]
 55%|ΓûêΓûêΓûêΓûêΓûêΓûî    | 1661/3000 [04:31<04:15,  5.23it/s]
 55%|ΓûêΓûêΓûêΓûêΓûêΓûî    | 1662/3000 [04:31<04:05,  5.44it/s]
 55%|ΓûêΓûêΓûêΓûêΓûêΓûî    | 1663/3000 [04:31<03:45,  5.93it/s]
 55%|ΓûêΓûêΓûêΓûêΓûêΓûî    | 1664/3000 [04:31<03:27,  6.45it/s]
 56%|ΓûêΓûêΓûêΓûêΓûêΓûî    | 1665/3000 [04:32<03:54,  5.68it/s]
 56%|ΓûêΓûêΓûêΓûêΓûêΓûî    | 1666/3000 [04:32<03:52,  5.75it/s]
 56%|ΓûêΓûêΓûêΓûêΓûêΓûî    | 1667/3000 [04:32<04:20,  5.11it/s]
 56%|ΓûêΓûêΓûêΓûêΓûêΓûî    | 1668/3000 [04:32<04:01,  5.52it/s]
 56%|ΓûêΓûêΓûêΓûêΓûêΓûî    | 1669/3000 [04:32<03:42,  5.97it/s]
 56%|ΓûêΓûêΓûêΓûêΓûêΓûî    | 1670/3000 [04:32<04:19,  5.12it/s]
 56%|ΓûêΓûêΓûêΓûêΓûêΓûî    | 1671/3000 [04:33<04:46,  4.63it/s]
 56%|ΓûêΓûêΓûêΓûêΓûêΓûî    | 1672/3000 [04:33<04:22,  5.05it/s]
 56%|ΓûêΓûêΓûêΓûêΓûêΓûî    | 1673/3000 [04:33<03:51,  5.72it/s]
 56%|ΓûêΓûêΓûêΓûêΓûêΓûî    | 1674/3000 [04:33<03:36,  6.12it/s]
 56%|ΓûêΓûêΓûêΓûêΓûêΓûî    | 1675/3000 [04:33<04:07,  5.36it/s]
 56%|ΓûêΓûêΓûêΓûêΓûêΓûî    | 1676/3000 [04:34<04:04,  5.41it/s]
 56%|ΓûêΓûêΓûêΓûêΓûêΓûî    | 1677/3000 [04:34<04:24,  5.00it/s]
 56%|ΓûêΓûêΓûêΓûêΓûêΓûî    | 1678/3000 [04:34<04:05,  5.39it/s]
 56%|ΓûêΓûêΓûêΓûêΓûêΓûî    | 1679/3000 [04:34<03:42,  5.95it/s]
 56%|ΓûêΓûêΓûêΓûêΓûêΓûî    | 1680/3000 [04:34<04:04,  5.39it/s]
 56%|ΓûêΓûêΓûêΓûêΓûêΓûî    | 1681/3000 [04:35<04:53,  4.49it/s]
 56%|ΓûêΓûêΓûêΓûêΓûêΓûî    | 1682/3000 [04:35<04:12,  5.23it/s]
 56%|ΓûêΓûêΓûêΓûêΓûêΓûî    | 1683/3000 [04:35<03:43,  5.89it/s]
 56%|ΓûêΓûêΓûêΓûêΓûêΓûî    | 1684/3000 [04:35<03:23,  6.46it/s]
 56%|ΓûêΓûêΓûêΓûêΓûêΓûî    | 1686/3000 [04:35<02:41,  8.16it/s]
 56%|ΓûêΓûêΓûêΓûêΓûêΓûî    | 1687/3000 [04:35<02:39,  8.21it/s]
 56%|ΓûêΓûêΓûêΓûêΓûêΓûï    | 1688/3000 [04:36<03:17,  6.66it/s]
 56%|ΓûêΓûêΓûêΓûêΓûêΓûï    | 1689/3000 [04:36<04:57,  4.40it/s]
 56%|ΓûêΓûêΓûêΓûêΓûêΓûï    | 1690/3000 [04:36<04:26,  4.92it/s]
 56%|ΓûêΓûêΓûêΓûêΓûêΓûï    | 1691/3000 [04:36<04:16,  5.11it/s]
 56%|ΓûêΓûêΓûêΓûêΓûêΓûï    | 1692/3000 [04:36<03:49,  5.70it/s]
 56%|ΓûêΓûêΓûêΓûêΓûêΓûï    | 1693/3000 [04:37<03:54,  5.58it/s]
 56%|ΓûêΓûêΓûêΓûêΓûêΓûï    | 1694/3000 [04:37<05:02,  4.31it/s]
 56%|ΓûêΓûêΓûêΓûêΓûêΓûï    | 1695/3000 [04:37<04:26,  4.89it/s]
 57%|ΓûêΓûêΓûêΓûêΓûêΓûï    | 1696/3000 [04:37<04:51,  4.47it/s]
 57%|ΓûêΓûêΓûêΓûêΓûêΓûï    | 1697/3000 [04:37<04:05,  5.31it/s]
 57%|ΓûêΓûêΓûêΓûêΓûêΓûï    | 1698/3000 [04:38<04:06,  5.27it/s]
 57%|ΓûêΓûêΓûêΓûêΓûêΓûï    | 1699/3000 [04:38<04:00,  5.41it/s]
 57%|ΓûêΓûêΓûêΓûêΓûêΓûï    | 1700/3000 [04:38<03:53,  5.57it/s]
 57%|ΓûêΓûêΓûêΓûêΓûêΓûï    | 1701/3000 [04:38<03:38,  5.95it/s]
 57%|ΓûêΓûêΓûêΓûêΓûêΓûï    | 1702/3000 [04:38<03:18,  6.53it/s]
 57%|ΓûêΓûêΓûêΓûêΓûêΓûï    | 1703/3000 [04:38<03:22,  6.42it/s]
 57%|ΓûêΓûêΓûêΓûêΓûêΓûï    | 1704/3000 [04:39<03:40,  5.88it/s]
 57%|ΓûêΓûêΓûêΓûêΓûêΓûï    | 1705/3000 [04:39<04:01,  5.37it/s]
 57%|ΓûêΓûêΓûêΓûêΓûêΓûï    | 1706/3000 [04:39<04:05,  5.27it/s]
 57%|ΓûêΓûêΓûêΓûêΓûêΓûï    | 1707/3000 [04:39<05:28,  3.94it/s]
 57%|ΓûêΓûêΓûêΓûêΓûêΓûï    | 1708/3000 [04:40<05:12,  4.13it/s]
 57%|ΓûêΓûêΓûêΓûêΓûêΓûï    | 1709/3000 [04:40<04:48,  4.48it/s]
 57%|ΓûêΓûêΓûêΓûêΓûêΓûï    | 1710/3000 [04:40<04:27,  4.82it/s]
 57%|ΓûêΓûêΓûêΓûêΓûêΓûï    | 1711/3000 [04:40<04:07,  5.20it/s]
 57%|ΓûêΓûêΓûêΓûêΓûêΓûï    | 1712/3000 [04:40<03:39,  5.88it/s]
 57%|ΓûêΓûêΓûêΓûêΓûêΓûï    | 1713/3000 [04:41<04:04,  5.26it/s]
 57%|ΓûêΓûêΓûêΓûêΓûêΓûï    | 1714/3000 [04:41<04:31,  4.74it/s]
 57%|ΓûêΓûêΓûêΓûêΓûêΓûï    | 1715/3000 [04:41<04:24,  4.86it/s]
 57%|ΓûêΓûêΓûêΓûêΓûêΓûï    | 1716/3000 [04:41<05:26,  3.93it/s]
 57%|ΓûêΓûêΓûêΓûêΓûêΓûï    | 1717/3000 [04:42<05:32,  3.86it/s]
 57%|ΓûêΓûêΓûêΓûêΓûêΓûï    | 1718/3000 [04:42<05:04,  4.21it/s]
 57%|ΓûêΓûêΓûêΓûêΓûêΓûï    | 1719/3000 [04:42<04:29,  4.76it/s]
 57%|ΓûêΓûêΓûêΓûêΓûêΓûï    | 1720/3000 [04:42<03:58,  5.37it/s]
 57%|ΓûêΓûêΓûêΓûêΓûêΓûï    | 1721/3000 [04:42<03:49,  5.57it/s]
 57%|ΓûêΓûêΓûêΓûêΓûêΓûï    | 1722/3000 [04:42<03:41,  5.76it/s]
 57%|ΓûêΓûêΓûêΓûêΓûêΓûï    | 1723/3000 [04:43<03:48,  5.59it/s]
 57%|ΓûêΓûêΓûêΓûêΓûêΓûï    | 1724/3000 [04:43<03:23,  6.28it/s]
 57%|ΓûêΓûêΓûêΓûêΓûêΓûè    | 1725/3000 [04:43<03:15,  6.52it/s]
 58%|ΓûêΓûêΓûêΓûêΓûêΓûè    | 1726/3000 [04:43<03:56,  5.39it/s]
 58%|ΓûêΓûêΓûêΓûêΓûêΓûè    | 1727/3000 [04:43<03:23,  6.25it/s]
 58%|ΓûêΓûêΓûêΓûêΓûêΓûè    | 1728/3000 [04:43<03:17,  6.45it/s]
 58%|ΓûêΓûêΓûêΓûêΓûêΓûè    | 1729/3000 [04:44<03:20,  6.34it/s]
 58%|ΓûêΓûêΓûêΓûêΓûêΓûè    | 1730/3000 [04:44<04:00,  5.29it/s]
 58%|ΓûêΓûêΓûêΓûêΓûêΓûè    | 1731/3000 [04:44<03:36,  5.87it/s]
 58%|ΓûêΓûêΓûêΓûêΓûêΓûè    | 1732/3000 [04:44<04:32,  4.65it/s]
 58%|ΓûêΓûêΓûêΓûêΓûêΓûè    | 1733/3000 [04:44<03:50,  5.51it/s]
 58%|ΓûêΓûêΓûêΓûêΓûêΓûè    | 1734/3000 [04:44<03:21,  6.27it/s]
 58%|ΓûêΓûêΓûêΓûêΓûêΓûè    | 1735/3000 [04:45<04:15,  4.96it/s]
 58%|ΓûêΓûêΓûêΓûêΓûêΓûè    | 1736/3000 [04:45<04:55,  4.28it/s]
 58%|ΓûêΓûêΓûêΓûêΓûêΓûè    | 1738/3000 [04:45<03:57,  5.32it/s]
 58%|ΓûêΓûêΓûêΓûêΓûêΓûè    | 1739/3000 [04:46<04:12,  4.99it/s]
 58%|ΓûêΓûêΓûêΓûêΓûêΓûè    | 1740/3000 [04:46<04:37,  4.54it/s]
 58%|ΓûêΓûêΓûêΓûêΓûêΓûè    | 1742/3000 [04:46<03:16,  6.40it/s]
 58%|ΓûêΓûêΓûêΓûêΓûêΓûè    | 1743/3000 [04:46<03:14,  6.45it/s]
 58%|ΓûêΓûêΓûêΓûêΓûêΓûè    | 1744/3000 [04:46<03:42,  5.64it/s]
 58%|ΓûêΓûêΓûêΓûêΓûêΓûè    | 1745/3000 [04:46<03:25,  6.12it/s]
 58%|ΓûêΓûêΓûêΓûêΓûêΓûè    | 1747/3000 [04:47<02:57,  7.04it/s]
 58%|ΓûêΓûêΓûêΓûêΓûêΓûè    | 1748/3000 [04:47<02:52,  7.26it/s]
 58%|ΓûêΓûêΓûêΓûêΓûêΓûè    | 1749/3000 [04:47<02:57,  7.04it/s]
 58%|ΓûêΓûêΓûêΓûêΓûêΓûè    | 1750/3000 [04:47<03:56,  5.28it/s]
 58%|ΓûêΓûêΓûêΓûêΓûêΓûè    | 1751/3000 [04:47<03:52,  5.37it/s]
 58%|ΓûêΓûêΓûêΓûêΓûêΓûè    | 1752/3000 [04:48<03:35,  5.80it/s]
 58%|ΓûêΓûêΓûêΓûêΓûêΓûè    | 1753/3000 [04:48<03:24,  6.10it/s]
 58%|ΓûêΓûêΓûêΓûêΓûêΓûè    | 1754/3000 [04:48<03:32,  5.88it/s]
 58%|ΓûêΓûêΓûêΓûêΓûêΓûè    | 1755/3000 [04:48<03:59,  5.20it/s]
 59%|ΓûêΓûêΓûêΓûêΓûêΓûè    | 1756/3000 [04:48<03:46,  5.49it/s]
 59%|ΓûêΓûêΓûêΓûêΓûêΓûè    | 1757/3000 [04:49<04:44,  4.37it/s]
 59%|ΓûêΓûêΓûêΓûêΓûêΓûè    | 1758/3000 [04:49<04:17,  4.83it/s]
 59%|ΓûêΓûêΓûêΓûêΓûêΓûè    | 1759/3000 [04:49<03:51,  5.36it/s]
 59%|ΓûêΓûêΓûêΓûêΓûêΓûè    | 1760/3000 [04:49<05:40,  3.64it/s]
 59%|ΓûêΓûêΓûêΓûêΓûêΓûè    | 1761/3000 [04:50<04:36,  4.48it/s]
 59%|ΓûêΓûêΓûêΓûêΓûêΓûè    | 1762/3000 [04:50<04:05,  5.05it/s]
 59%|ΓûêΓûêΓûêΓûêΓûêΓûë    | 1763/3000 [04:50<04:33,  4.52it/s]
 59%|ΓûêΓûêΓûêΓûêΓûêΓûë    | 1764/3000 [04:50<04:44,  4.35it/s]
 59%|ΓûêΓûêΓûêΓûêΓûêΓûë    | 1765/3000 [04:50<03:56,  5.21it/s]
 59%|ΓûêΓûêΓûêΓûêΓûêΓûë    | 1766/3000 [04:51<04:02,  5.09it/s]
 59%|ΓûêΓûêΓûêΓûêΓûêΓûë    | 1767/3000 [04:51<03:34,  5.74it/s]
 59%|ΓûêΓûêΓûêΓûêΓûêΓûë    | 1768/3000 [04:51<03:19,  6.17it/s]
 59%|ΓûêΓûêΓûêΓûêΓûêΓûë    | 1769/3000 [04:51<03:20,  6.13it/s]
 59%|ΓûêΓûêΓûêΓûêΓûêΓûë    | 1770/3000 [04:51<02:59,  6.86it/s]
 59%|ΓûêΓûêΓûêΓûêΓûêΓûë    | 1771/3000 [04:51<02:55,  6.99it/s]
 59%|ΓûêΓûêΓûêΓûêΓûêΓûë    | 1772/3000 [04:52<03:55,  5.22it/s]
 59%|ΓûêΓûêΓûêΓûêΓûêΓûë    | 1773/3000 [04:52<04:17,  4.76it/s]
 59%|ΓûêΓûêΓûêΓûêΓûêΓûë    | 1774/3000 [04:52<03:37,  5.63it/s]
 59%|ΓûêΓûêΓûêΓûêΓûêΓûë    | 1775/3000 [04:52<03:25,  5.96it/s]
 59%|ΓûêΓûêΓûêΓûêΓûêΓûë    | 1776/3000 [04:52<03:19,  6.12it/s]
 59%|ΓûêΓûêΓûêΓûêΓûêΓûë    | 1777/3000 [04:52<03:19,  6.14it/s]
 59%|ΓûêΓûêΓûêΓûêΓûêΓûë    | 1778/3000 [04:52<03:14,  6.29it/s]
 59%|ΓûêΓûêΓûêΓûêΓûêΓûë    | 1779/3000 [04:53<03:05,  6.57it/s]
 59%|ΓûêΓûêΓûêΓûêΓûêΓûë    | 1780/3000 [04:53<03:17,  6.19it/s]
 59%|ΓûêΓûêΓûêΓûêΓûêΓûë    | 1781/3000 [04:53<02:56,  6.91it/s]
 59%|ΓûêΓûêΓûêΓûêΓûêΓûë    | 1782/3000 [04:53<03:33,  5.71it/s]
 59%|ΓûêΓûêΓûêΓûêΓûêΓûë    | 1783/3000 [04:53<03:15,  6.21it/s]
 59%|ΓûêΓûêΓûêΓûêΓûêΓûë    | 1784/3000 [04:53<03:09,  6.42it/s]
 60%|ΓûêΓûêΓûêΓûêΓûêΓûë    | 1785/3000 [04:54<03:20,  6.07it/s]
 60%|ΓûêΓûêΓûêΓûêΓûêΓûë    | 1786/3000 [04:54<03:09,  6.39it/s]
 60%|ΓûêΓûêΓûêΓûêΓûêΓûë    | 1787/3000 [04:54<03:28,  5.81it/s]
 60%|ΓûêΓûêΓûêΓûêΓûêΓûë    | 1788/3000 [04:54<03:02,  6.64it/s]
 60%|ΓûêΓûêΓûêΓûêΓûêΓûë    | 1789/3000 [04:54<03:04,  6.55it/s]
 60%|ΓûêΓûêΓûêΓûêΓûêΓûë    | 1790/3000 [04:54<03:06,  6.50it/s]
 60%|ΓûêΓûêΓûêΓûêΓûêΓûë    | 1791/3000 [04:54<02:46,  7.25it/s]
 60%|ΓûêΓûêΓûêΓûêΓûêΓûë    | 1793/3000 [04:55<02:39,  7.56it/s]
 60%|ΓûêΓûêΓûêΓûêΓûêΓûë    | 1794/3000 [04:55<02:51,  7.04it/s]
 60%|ΓûêΓûêΓûêΓûêΓûêΓûë    | 1795/3000 [04:55<03:27,  5.82it/s]
 60%|ΓûêΓûêΓûêΓûêΓûêΓûë    | 1796/3000 [04:55<03:27,  5.79it/s]
 60%|ΓûêΓûêΓûêΓûêΓûêΓûë    | 1797/3000 [04:55<03:12,  6.23it/s]
 60%|ΓûêΓûêΓûêΓûêΓûêΓûë    | 1798/3000 [04:56<03:26,  5.81it/s]
 60%|ΓûêΓûêΓûêΓûêΓûêΓûë    | 1799/3000 [04:56<03:34,  5.60it/s]
 60%|ΓûêΓûêΓûêΓûêΓûêΓûê    | 1801/3000 [04:56<03:04,  6.49it/s]
 60%|ΓûêΓûêΓûêΓûêΓûêΓûê    | 1802/3000 [04:56<02:54,  6.87it/s]
 60%|ΓûêΓûêΓûêΓûêΓûêΓûê    | 1803/3000 [04:56<02:44,  7.26it/s]
 60%|ΓûêΓûêΓûêΓûêΓûêΓûê    | 1806/3000 [04:57<02:02,  9.74it/s]
 60%|ΓûêΓûêΓûêΓûêΓûêΓûê    | 1807/3000 [04:57<02:08,  9.30it/s]
 60%|ΓûêΓûêΓûêΓûêΓûêΓûê    | 1808/3000 [04:57<02:07,  9.34it/s]
 60%|ΓûêΓûêΓûêΓûêΓûêΓûê    | 1809/3000 [04:57<02:23,  8.28it/s]
 60%|ΓûêΓûêΓûêΓûêΓûêΓûê    | 1810/3000 [04:57<03:01,  6.56it/s]
 60%|ΓûêΓûêΓûêΓûêΓûêΓûê    | 1811/3000 [04:57<02:56,  6.73it/s]
 60%|ΓûêΓûêΓûêΓûêΓûêΓûê    | 1812/3000 [04:58<03:11,  6.22it/s]
 60%|ΓûêΓûêΓûêΓûêΓûêΓûê    | 1813/3000 [04:58<03:07,  6.34it/s]
 60%|ΓûêΓûêΓûêΓûêΓûêΓûê    | 1814/3000 [04:58<03:16,  6.03it/s]
 60%|ΓûêΓûêΓûêΓûêΓûêΓûê    | 1815/3000 [04:58<03:01,  6.55it/s]
 61%|ΓûêΓûêΓûêΓûêΓûêΓûê    | 1816/3000 [04:58<03:41,  5.35it/s]
 61%|ΓûêΓûêΓûêΓûêΓûêΓûê    | 1817/3000 [04:58<03:10,  6.21it/s]
 61%|ΓûêΓûêΓûêΓûêΓûêΓûê    | 1818/3000 [04:58<03:03,  6.43it/s]
 61%|ΓûêΓûêΓûêΓûêΓûêΓûê    | 1820/3000 [04:59<03:08,  6.26it/s]
 61%|ΓûêΓûêΓûêΓûêΓûêΓûê    | 1821/3000 [04:59<02:58,  6.60it/s]
 61%|ΓûêΓûêΓûêΓûêΓûêΓûê    | 1823/3000 [04:59<02:13,  8.79it/s]
 61%|ΓûêΓûêΓûêΓûêΓûêΓûê    | 1824/3000 [04:59<02:28,  7.90it/s]
 61%|ΓûêΓûêΓûêΓûêΓûêΓûê    | 1825/3000 [04:59<02:39,  7.37it/s]
 61%|ΓûêΓûêΓûêΓûêΓûêΓûê    | 1826/3000 [05:00<02:52,  6.80it/s]
 61%|ΓûêΓûêΓûêΓûêΓûêΓûê    | 1828/3000 [05:00<02:29,  7.87it/s]
 61%|ΓûêΓûêΓûêΓûêΓûêΓûê    | 1829/3000 [05:00<02:25,  8.04it/s]
 61%|ΓûêΓûêΓûêΓûêΓûêΓûê    | 1830/3000 [05:00<02:31,  7.71it/s]
 61%|ΓûêΓûêΓûêΓûêΓûêΓûê    | 1831/3000 [05:00<02:45,  7.05it/s]
 61%|ΓûêΓûêΓûêΓûêΓûêΓûê    | 1832/3000 [05:00<03:02,  6.40it/s]
 61%|ΓûêΓûêΓûêΓûêΓûêΓûê    | 1833/3000 [05:01<02:54,  6.70it/s]
 61%|ΓûêΓûêΓûêΓûêΓûêΓûê    | 1834/3000 [05:01<03:02,  6.40it/s]
 61%|ΓûêΓûêΓûêΓûêΓûêΓûê    | 1835/3000 [05:01<03:49,  5.08it/s]
 61%|ΓûêΓûêΓûêΓûêΓûêΓûê    | 1836/3000 [05:01<05:07,  3.79it/s]
 61%|ΓûêΓûêΓûêΓûêΓûêΓûê    | 1837/3000 [05:02<04:28,  4.33it/s]
 61%|ΓûêΓûêΓûêΓûêΓûêΓûêΓûÅ   | 1838/3000 [05:02<04:49,  4.02it/s]
 61%|ΓûêΓûêΓûêΓûêΓûêΓûêΓûÅ   | 1839/3000 [05:02<03:59,  4.85it/s]
 61%|ΓûêΓûêΓûêΓûêΓûêΓûêΓûÅ   | 1840/3000 [05:02<03:34,  5.40it/s]
 61%|ΓûêΓûêΓûêΓûêΓûêΓûêΓûÅ   | 1842/3000 [05:02<02:24,  8.00it/s]
 61%|ΓûêΓûêΓûêΓûêΓûêΓûêΓûÅ   | 1844/3000 [05:02<02:23,  8.03it/s]
 62%|ΓûêΓûêΓûêΓûêΓûêΓûêΓûÅ   | 1845/3000 [05:03<02:37,  7.33it/s]
 62%|ΓûêΓûêΓûêΓûêΓûêΓûêΓûÅ   | 1846/3000 [05:03<02:31,  7.63it/s]
 62%|ΓûêΓûêΓûêΓûêΓûêΓûêΓûÅ   | 1847/3000 [05:03<02:41,  7.13it/s]
 62%|ΓûêΓûêΓûêΓûêΓûêΓûêΓûÅ   | 1848/3000 [05:03<02:47,  6.88it/s]
 62%|ΓûêΓûêΓûêΓûêΓûêΓûêΓûÅ   | 1849/3000 [05:03<03:14,  5.93it/s]
 62%|ΓûêΓûêΓûêΓûêΓûêΓûêΓûÅ   | 1850/3000 [05:03<02:53,  6.62it/s]
 62%|ΓûêΓûêΓûêΓûêΓûêΓûêΓûÅ   | 1851/3000 [05:04<03:00,  6.37it/s]
 62%|ΓûêΓûêΓûêΓûêΓûêΓûêΓûÅ   | 1852/3000 [05:04<03:13,  5.94it/s]
 62%|ΓûêΓûêΓûêΓûêΓûêΓûêΓûÅ   | 1853/3000 [05:04<03:47,  5.04it/s]
 62%|ΓûêΓûêΓûêΓûêΓûêΓûêΓûÅ   | 1855/3000 [05:04<03:03,  6.24it/s]
 62%|ΓûêΓûêΓûêΓûêΓûêΓûêΓûÅ   | 1856/3000 [05:04<02:50,  6.73it/s]
 62%|ΓûêΓûêΓûêΓûêΓûêΓûêΓûÅ   | 1857/3000 [05:05<02:53,  6.57it/s]
 62%|ΓûêΓûêΓûêΓûêΓûêΓûêΓûÅ   | 1858/3000 [05:05<03:19,  5.73it/s]
 62%|ΓûêΓûêΓûêΓûêΓûêΓûêΓûÅ   | 1859/3000 [05:05<03:08,  6.04it/s]
 62%|ΓûêΓûêΓûêΓûêΓûêΓûêΓûÅ   | 1860/3000 [05:05<03:21,  5.65it/s]
 62%|ΓûêΓûêΓûêΓûêΓûêΓûêΓûÅ   | 1861/3000 [05:05<03:00,  6.30it/s]
 62%|ΓûêΓûêΓûêΓûêΓûêΓûêΓûÅ   | 1862/3000 [05:05<02:43,  6.97it/s]
 62%|ΓûêΓûêΓûêΓûêΓûêΓûêΓûÅ   | 1863/3000 [05:06<02:42,  6.99it/s]
 62%|ΓûêΓûêΓûêΓûêΓûêΓûêΓûÅ   | 1864/3000 [05:06<04:09,  4.55it/s]
 62%|ΓûêΓûêΓûêΓûêΓûêΓûêΓûÅ   | 1865/3000 [05:06<03:53,  4.86it/s]
 62%|ΓûêΓûêΓûêΓûêΓûêΓûêΓûÅ   | 1866/3000 [05:06<03:22,  5.61it/s]
 62%|ΓûêΓûêΓûêΓûêΓûêΓûêΓûÅ   | 1867/3000 [05:06<03:05,  6.10it/s]
 62%|ΓûêΓûêΓûêΓûêΓûêΓûêΓûÅ   | 1868/3000 [05:07<03:19,  5.67it/s]
 62%|ΓûêΓûêΓûêΓûêΓûêΓûêΓûÅ   | 1869/3000 [05:07<03:19,  5.67it/s]
 62%|ΓûêΓûêΓûêΓûêΓûêΓûêΓûÅ   | 1870/3000 [05:07<03:03,  6.16it/s]
 62%|ΓûêΓûêΓûêΓûêΓûêΓûêΓûÅ   | 1871/3000 [05:07<02:46,  6.80it/s]
 62%|ΓûêΓûêΓûêΓûêΓûêΓûêΓûÅ   | 1872/3000 [05:07<03:23,  5.55it/s]
 62%|ΓûêΓûêΓûêΓûêΓûêΓûêΓûÅ   | 1873/3000 [05:07<03:08,  5.98it/s]
 62%|ΓûêΓûêΓûêΓûêΓûêΓûêΓûÅ   | 1874/3000 [05:07<02:52,  6.53it/s]
 62%|ΓûêΓûêΓûêΓûêΓûêΓûêΓûÄ   | 1875/3000 [05:08<03:03,  6.13it/s]
 63%|ΓûêΓûêΓûêΓûêΓûêΓûêΓûÄ   | 1876/3000 [05:08<04:26,  4.22it/s]
 63%|ΓûêΓûêΓûêΓûêΓûêΓûêΓûÄ   | 1877/3000 [05:08<04:21,  4.30it/s]
 63%|ΓûêΓûêΓûêΓûêΓûêΓûêΓûÄ   | 1878/3000 [05:08<03:57,  4.72it/s]
 63%|ΓûêΓûêΓûêΓûêΓûêΓûêΓûÄ   | 1879/3000 [05:09<03:23,  5.52it/s]
 63%|ΓûêΓûêΓûêΓûêΓûêΓûêΓûÄ   | 1880/3000 [05:09<03:26,  5.42it/s]
 63%|ΓûêΓûêΓûêΓûêΓûêΓûêΓûÄ   | 1881/3000 [05:09<03:03,  6.11it/s]
 63%|ΓûêΓûêΓûêΓûêΓûêΓûêΓûÄ   | 1882/3000 [05:09<03:47,  4.90it/s]
 63%|ΓûêΓûêΓûêΓûêΓûêΓûêΓûÄ   | 1883/3000 [05:09<03:24,  5.45it/s]
 63%|ΓûêΓûêΓûêΓûêΓûêΓûêΓûÄ   | 1884/3000 [05:09<03:07,  5.94it/s]
 63%|ΓûêΓûêΓûêΓûêΓûêΓûêΓûÄ   | 1885/3000 [05:10<02:57,  6.29it/s]
 63%|ΓûêΓûêΓûêΓûêΓûêΓûêΓûÄ   | 1886/3000 [05:10<02:41,  6.90it/s]
 63%|ΓûêΓûêΓûêΓûêΓûêΓûêΓûÄ   | 1887/3000 [05:10<02:40,  6.92it/s]
 63%|ΓûêΓûêΓûêΓûêΓûêΓûêΓûÄ   | 1888/3000 [05:10<02:36,  7.09it/s]
 63%|ΓûêΓûêΓûêΓûêΓûêΓûêΓûÄ   | 1889/3000 [05:10<02:23,  7.72it/s]
 63%|ΓûêΓûêΓûêΓûêΓûêΓûêΓûÄ   | 1890/3000 [05:10<02:26,  7.60it/s]
 63%|ΓûêΓûêΓûêΓûêΓûêΓûêΓûÄ   | 1891/3000 [05:10<02:36,  7.10it/s]
 63%|ΓûêΓûêΓûêΓûêΓûêΓûêΓûÄ   | 1892/3000 [05:10<02:23,  7.73it/s]
 63%|ΓûêΓûêΓûêΓûêΓûêΓûêΓûÄ   | 1893/3000 [05:11<02:58,  6.19it/s]
 63%|ΓûêΓûêΓûêΓûêΓûêΓûêΓûÄ   | 1894/3000 [05:11<02:45,  6.66it/s]
 63%|ΓûêΓûêΓûêΓûêΓûêΓûêΓûÄ   | 1895/3000 [05:11<02:42,  6.79it/s]
 63%|ΓûêΓûêΓûêΓûêΓûêΓûêΓûÄ   | 1896/3000 [05:11<03:23,  5.42it/s]
 63%|ΓûêΓûêΓûêΓûêΓûêΓûêΓûÄ   | 1897/3000 [05:11<02:58,  6.18it/s]
 63%|ΓûêΓûêΓûêΓûêΓûêΓûêΓûÄ   | 1898/3000 [05:12<03:14,  5.68it/s]
 63%|ΓûêΓûêΓûêΓûêΓûêΓûêΓûÄ   | 1899/3000 [05:12<02:49,  6.48it/s]
 63%|ΓûêΓûêΓûêΓûêΓûêΓûêΓûÄ   | 1900/3000 [05:12<02:53,  6.33it/s]
 63%|ΓûêΓûêΓûêΓûêΓûêΓûêΓûÄ   | 1902/3000 [05:12<02:48,  6.51it/s]
 63%|ΓûêΓûêΓûêΓûêΓûêΓûêΓûÄ   | 1903/3000 [05:12<02:41,  6.81it/s]
 63%|ΓûêΓûêΓûêΓûêΓûêΓûêΓûÄ   | 1904/3000 [05:12<02:38,  6.93it/s]
 64%|ΓûêΓûêΓûêΓûêΓûêΓûêΓûÄ   | 1905/3000 [05:12<02:26,  7.49it/s]
 64%|ΓûêΓûêΓûêΓûêΓûêΓûêΓûÄ   | 1906/3000 [05:13<02:41,  6.78it/s]
 64%|ΓûêΓûêΓûêΓûêΓûêΓûêΓûÄ   | 1907/3000 [05:13<02:42,  6.72it/s]
 64%|ΓûêΓûêΓûêΓûêΓûêΓûêΓûÄ   | 1908/3000 [05:13<03:08,  5.79it/s]
 64%|ΓûêΓûêΓûêΓûêΓûêΓûêΓûÄ   | 1909/3000 [05:13<03:11,  5.69it/s]
 64%|ΓûêΓûêΓûêΓûêΓûêΓûêΓûÄ   | 1910/3000 [05:13<02:55,  6.22it/s]
 64%|ΓûêΓûêΓûêΓûêΓûêΓûêΓûÄ   | 1911/3000 [05:14<03:26,  5.28it/s]
 64%|ΓûêΓûêΓûêΓûêΓûêΓûêΓûì   | 1913/3000 [05:14<02:41,  6.73it/s]
 64%|ΓûêΓûêΓûêΓûêΓûêΓûêΓûì   | 1914/3000 [05:14<02:55,  6.20it/s]
 64%|ΓûêΓûêΓûêΓûêΓûêΓûêΓûì   | 1915/3000 [05:14<02:47,  6.47it/s]
 64%|ΓûêΓûêΓûêΓûêΓûêΓûêΓûì   | 1916/3000 [05:14<03:10,  5.69it/s]
 64%|ΓûêΓûêΓûêΓûêΓûêΓûêΓûì   | 1917/3000 [05:15<03:11,  5.66it/s]
 64%|ΓûêΓûêΓûêΓûêΓûêΓûêΓûì   | 1919/3000 [05:15<02:34,  6.98it/s]
 64%|ΓûêΓûêΓûêΓûêΓûêΓûêΓûì   | 1920/3000 [05:15<02:37,  6.84it/s]
 64%|ΓûêΓûêΓûêΓûêΓûêΓûêΓûì   | 1921/3000 [05:15<02:57,  6.07it/s]
 64%|ΓûêΓûêΓûêΓûêΓûêΓûêΓûì   | 1922/3000 [05:15<03:11,  5.62it/s]
 64%|ΓûêΓûêΓûêΓûêΓûêΓûêΓûì   | 1923/3000 [05:16<03:35,  5.00it/s]
 64%|ΓûêΓûêΓûêΓûêΓûêΓûêΓûì   | 1924/3000 [05:16<03:07,  5.75it/s]
 64%|ΓûêΓûêΓûêΓûêΓûêΓûêΓûì   | 1925/3000 [05:16<02:58,  6.01it/s]
 64%|ΓûêΓûêΓûêΓûêΓûêΓûêΓûì   | 1926/3000 [05:16<02:46,  6.46it/s]
 64%|ΓûêΓûêΓûêΓûêΓûêΓûêΓûì   | 1927/3000 [05:16<03:29,  5.12it/s]
 64%|ΓûêΓûêΓûêΓûêΓûêΓûêΓûì   | 1928/3000 [05:16<03:20,  5.34it/s]
 64%|ΓûêΓûêΓûêΓûêΓûêΓûêΓûì   | 1929/3000 [05:17<02:53,  6.18it/s]
 64%|ΓûêΓûêΓûêΓûêΓûêΓûêΓûì   | 1930/3000 [05:17<02:49,  6.33it/s]
 64%|ΓûêΓûêΓûêΓûêΓûêΓûêΓûì   | 1931/3000 [05:17<02:44,  6.52it/s]
 64%|ΓûêΓûêΓûêΓûêΓûêΓûêΓûì   | 1933/3000 [05:17<02:31,  7.03it/s]
 64%|ΓûêΓûêΓûêΓûêΓûêΓûêΓûì   | 1934/3000 [05:17<02:27,  7.23it/s]
 64%|ΓûêΓûêΓûêΓûêΓûêΓûêΓûì   | 1935/3000 [05:17<02:21,  7.54it/s]
 65%|ΓûêΓûêΓûêΓûêΓûêΓûêΓûì   | 1936/3000 [05:17<02:17,  7.73it/s]
 65%|ΓûêΓûêΓûêΓûêΓûêΓûêΓûì   | 1937/3000 [05:18<02:15,  7.83it/s]
 65%|ΓûêΓûêΓûêΓûêΓûêΓûêΓûì   | 1938/3000 [05:18<02:08,  8.26it/s]
 65%|ΓûêΓûêΓûêΓûêΓûêΓûêΓûì   | 1939/3000 [05:18<02:04,  8.53it/s]
 65%|ΓûêΓûêΓûêΓûêΓûêΓûêΓûì   | 1940/3000 [05:18<02:00,  8.83it/s]
 65%|ΓûêΓûêΓûêΓûêΓûêΓûêΓûì   | 1941/3000 [05:18<02:11,  8.07it/s]
 65%|ΓûêΓûêΓûêΓûêΓûêΓûêΓûì   | 1942/3000 [05:18<02:45,  6.39it/s]
 65%|ΓûêΓûêΓûêΓûêΓûêΓûêΓûì   | 1943/3000 [05:19<03:14,  5.44it/s]
 65%|ΓûêΓûêΓûêΓûêΓûêΓûêΓûì   | 1944/3000 [05:19<03:20,  5.27it/s]
 65%|ΓûêΓûêΓûêΓûêΓûêΓûêΓûì   | 1945/3000 [05:19<04:00,  4.38it/s]
 65%|ΓûêΓûêΓûêΓûêΓûêΓûêΓûì   | 1946/3000 [05:19<03:35,  4.89it/s]
 65%|ΓûêΓûêΓûêΓûêΓûêΓûêΓûì   | 1947/3000 [05:19<03:05,  5.67it/s]
 65%|ΓûêΓûêΓûêΓûêΓûêΓûêΓûì   | 1948/3000 [05:19<02:53,  6.06it/s]
 65%|ΓûêΓûêΓûêΓûêΓûêΓûêΓûì   | 1949/3000 [05:20<02:42,  6.46it/s]
 65%|ΓûêΓûêΓûêΓûêΓûêΓûêΓûî   | 1950/3000 [05:20<02:42,  6.45it/s]
 65%|ΓûêΓûêΓûêΓûêΓûêΓûêΓûî   | 1951/3000 [05:20<02:28,  7.05it/s]
 65%|ΓûêΓûêΓûêΓûêΓûêΓûêΓûî   | 1952/3000 [05:20<02:36,  6.71it/s]
 65%|ΓûêΓûêΓûêΓûêΓûêΓûêΓûî   | 1953/3000 [05:20<02:53,  6.05it/s]
 65%|ΓûêΓûêΓûêΓûêΓûêΓûêΓûî   | 1954/3000 [05:20<03:04,  5.66it/s]
 65%|ΓûêΓûêΓûêΓûêΓûêΓûêΓûî   | 1955/3000 [05:21<03:12,  5.42it/s]
 65%|ΓûêΓûêΓûêΓûêΓûêΓûêΓûî   | 1956/3000 [05:21<03:03,  5.68it/s]
 65%|ΓûêΓûêΓûêΓûêΓûêΓûêΓûî   | 1957/3000 [05:21<02:45,  6.30it/s]
 65%|ΓûêΓûêΓûêΓûêΓûêΓûêΓûî   | 1958/3000 [05:21<03:07,  5.57it/s]
 65%|ΓûêΓûêΓûêΓûêΓûêΓûêΓûî   | 1959/3000 [05:21<02:43,  6.36it/s]
 65%|ΓûêΓûêΓûêΓûêΓûêΓûêΓûî   | 1960/3000 [05:21<02:26,  7.09it/s]
 65%|ΓûêΓûêΓûêΓûêΓûêΓûêΓûî   | 1961/3000 [05:22<02:31,  6.84it/s]
 65%|ΓûêΓûêΓûêΓûêΓûêΓûêΓûî   | 1963/3000 [05:22<01:58,  8.74it/s]
 65%|ΓûêΓûêΓûêΓûêΓûêΓûêΓûî   | 1964/3000 [05:22<01:55,  9.00it/s]
 66%|ΓûêΓûêΓûêΓûêΓûêΓûêΓûî   | 1965/3000 [05:22<02:19,  7.41it/s]
 66%|ΓûêΓûêΓûêΓûêΓûêΓûêΓûî   | 1966/3000 [05:22<02:16,  7.55it/s]
 66%|ΓûêΓûêΓûêΓûêΓûêΓûêΓûî   | 1967/3000 [05:22<02:15,  7.60it/s]
 66%|ΓûêΓûêΓûêΓûêΓûêΓûêΓûî   | 1968/3000 [05:22<02:37,  6.55it/s]
 66%|ΓûêΓûêΓûêΓûêΓûêΓûêΓûî   | 1969/3000 [05:23<03:24,  5.03it/s]
 66%|ΓûêΓûêΓûêΓûêΓûêΓûêΓûî   | 1970/3000 [05:23<02:56,  5.83it/s]
 66%|ΓûêΓûêΓûêΓûêΓûêΓûêΓûî   | 1971/3000 [05:23<03:00,  5.69it/s]
 66%|ΓûêΓûêΓûêΓûêΓûêΓûêΓûî   | 1972/3000 [05:23<02:39,  6.45it/s]
 66%|ΓûêΓûêΓûêΓûêΓûêΓûêΓûî   | 1973/3000 [05:23<02:24,  7.13it/s]
 66%|ΓûêΓûêΓûêΓûêΓûêΓûêΓûî   | 1974/3000 [05:23<02:40,  6.40it/s]
 66%|ΓûêΓûêΓûêΓûêΓûêΓûêΓûî   | 1976/3000 [05:24<02:27,  6.94it/s]
 66%|ΓûêΓûêΓûêΓûêΓûêΓûêΓûî   | 1977/3000 [05:24<02:25,  7.04it/s]
 66%|ΓûêΓûêΓûêΓûêΓûêΓûêΓûî   | 1979/3000 [05:24<02:06,  8.08it/s]
 66%|ΓûêΓûêΓûêΓûêΓûêΓûêΓûî   | 1980/3000 [05:24<02:01,  8.39it/s]
 66%|ΓûêΓûêΓûêΓûêΓûêΓûêΓûî   | 1981/3000 [05:24<02:04,  8.21it/s]
 66%|ΓûêΓûêΓûêΓûêΓûêΓûêΓûî   | 1982/3000 [05:24<02:18,  7.35it/s]
 66%|ΓûêΓûêΓûêΓûêΓûêΓûêΓûî   | 1983/3000 [05:25<03:25,  4.95it/s]
 66%|ΓûêΓûêΓûêΓûêΓûêΓûêΓûî   | 1985/3000 [05:25<02:37,  6.43it/s]
 66%|ΓûêΓûêΓûêΓûêΓûêΓûêΓûî   | 1986/3000 [05:25<02:54,  5.82it/s]
 66%|ΓûêΓûêΓûêΓûêΓûêΓûêΓûï   | 1988/3000 [05:25<02:34,  6.54it/s]
 66%|ΓûêΓûêΓûêΓûêΓûêΓûêΓûï   | 1989/3000 [05:26<02:58,  5.66it/s]
 66%|ΓûêΓûêΓûêΓûêΓûêΓûêΓûï   | 1991/3000 [05:26<02:26,  6.91it/s]
 66%|ΓûêΓûêΓûêΓûêΓûêΓûêΓûï   | 1992/3000 [05:26<02:28,  6.80it/s]
 66%|ΓûêΓûêΓûêΓûêΓûêΓûêΓûï   | 1993/3000 [05:26<02:17,  7.30it/s]
 66%|ΓûêΓûêΓûêΓûêΓûêΓûêΓûï   | 1994/3000 [05:26<02:10,  7.70it/s]
 66%|ΓûêΓûêΓûêΓûêΓûêΓûêΓûï   | 1995/3000 [05:26<02:28,  6.76it/s]
 67%|ΓûêΓûêΓûêΓûêΓûêΓûêΓûï   | 1997/3000 [05:27<02:12,  7.55it/s]
 67%|ΓûêΓûêΓûêΓûêΓûêΓûêΓûï   | 1998/3000 [05:27<02:06,  7.91it/s]
 67%|ΓûêΓûêΓûêΓûêΓûêΓûêΓûï   | 1999/3000 [05:27<02:12,  7.53it/s]
 67%|ΓûêΓûêΓûêΓûêΓûêΓûêΓûï   | 2000/3000 [05:27<02:12,  7.53it/s]
 67%|ΓûêΓûêΓûêΓûêΓûêΓûêΓûï   | 2001/3000 [05:27<02:27,  6.77it/s]
 67%|ΓûêΓûêΓûêΓûêΓûêΓûêΓûï   | 2002/3000 [05:27<02:23,  6.94it/s]
 67%|ΓûêΓûêΓûêΓûêΓûêΓûêΓûï   | 2003/3000 [05:28<02:35,  6.41it/s]
 67%|ΓûêΓûêΓûêΓûêΓûêΓûêΓûï   | 2004/3000 [05:28<02:32,  6.55it/s]
 67%|ΓûêΓûêΓûêΓûêΓûêΓûêΓûï   | 2005/3000 [05:28<02:33,  6.48it/s]
 67%|ΓûêΓûêΓûêΓûêΓûêΓûêΓûï   | 2006/3000 [05:28<02:20,  7.07it/s]
 67%|ΓûêΓûêΓûêΓûêΓûêΓûêΓûï   | 2007/3000 [05:28<02:15,  7.34it/s]
 67%|ΓûêΓûêΓûêΓûêΓûêΓûêΓûï   | 2008/3000 [05:28<02:37,  6.31it/s]
 67%|ΓûêΓûêΓûêΓûêΓûêΓûêΓûï   | 2009/3000 [05:29<02:47,  5.90it/s]
 67%|ΓûêΓûêΓûêΓûêΓûêΓûêΓûï   | 2010/3000 [05:30<07:28,  2.21it/s]
 67%|ΓûêΓûêΓûêΓûêΓûêΓûêΓûï   | 2011/3000 [05:30<06:46,  2.43it/s]
 67%|ΓûêΓûêΓûêΓûêΓûêΓûêΓûï   | 2012/3000 [05:30<05:46,  2.85it/s]
 67%|ΓûêΓûêΓûêΓûêΓûêΓûêΓûï   | 2013/3000 [05:30<04:54,  3.35it/s]
 67%|ΓûêΓûêΓûêΓûêΓûêΓûêΓûï   | 2014/3000 [05:31<04:30,  3.65it/s]
 67%|ΓûêΓûêΓûêΓûêΓûêΓûêΓûï   | 2015/3000 [05:31<03:57,  4.14it/s]
 67%|ΓûêΓûêΓûêΓûêΓûêΓûêΓûï   | 2016/3000 [05:31<03:43,  4.40it/s]
 67%|ΓûêΓûêΓûêΓûêΓûêΓûêΓûï   | 2017/3000 [05:31<03:28,  4.72it/s]
 67%|ΓûêΓûêΓûêΓûêΓûêΓûêΓûï   | 2018/3000 [05:31<03:55,  4.17it/s]
 67%|ΓûêΓûêΓûêΓûêΓûêΓûêΓûï   | 2019/3000 [05:32<03:50,  4.25it/s]
 67%|ΓûêΓûêΓûêΓûêΓûêΓûêΓûï   | 2020/3000 [05:32<03:26,  4.75it/s]
 67%|ΓûêΓûêΓûêΓûêΓûêΓûêΓûï   | 2021/3000 [05:32<04:08,  3.95it/s]
 67%|ΓûêΓûêΓûêΓûêΓûêΓûêΓûï   | 2022/3000 [05:32<03:51,  4.23it/s]
 67%|ΓûêΓûêΓûêΓûêΓûêΓûêΓûï   | 2023/3000 [05:33<03:24,  4.78it/s]
 67%|ΓûêΓûêΓûêΓûêΓûêΓûêΓûï   | 2024/3000 [05:33<03:22,  4.83it/s]
 68%|ΓûêΓûêΓûêΓûêΓûêΓûêΓûè   | 2025/3000 [05:33<03:31,  4.61it/s]
 68%|ΓûêΓûêΓûêΓûêΓûêΓûêΓûè   | 2026/3000 [05:33<03:12,  5.07it/s]
 68%|ΓûêΓûêΓûêΓûêΓûêΓûêΓûè   | 2027/3000 [05:33<02:52,  5.64it/s]
 68%|ΓûêΓûêΓûêΓûêΓûêΓûêΓûè   | 2028/3000 [05:33<02:46,  5.85it/s]
 68%|ΓûêΓûêΓûêΓûêΓûêΓûêΓûè   | 2029/3000 [05:34<02:35,  6.24it/s]
 68%|ΓûêΓûêΓûêΓûêΓûêΓûêΓûè   | 2030/3000 [05:34<03:09,  5.12it/s]
 68%|ΓûêΓûêΓûêΓûêΓûêΓûêΓûè   | 2031/3000 [05:34<02:54,  5.57it/s]
 68%|ΓûêΓûêΓûêΓûêΓûêΓûêΓûè   | 2032/3000 [05:34<02:43,  5.92it/s]
 68%|ΓûêΓûêΓûêΓûêΓûêΓûêΓûè   | 2033/3000 [05:34<02:37,  6.13it/s]
 68%|ΓûêΓûêΓûêΓûêΓûêΓûêΓûè   | 2034/3000 [05:34<02:48,  5.72it/s]
 68%|ΓûêΓûêΓûêΓûêΓûêΓûêΓûè   | 2035/3000 [05:35<02:57,  5.45it/s]
 68%|ΓûêΓûêΓûêΓûêΓûêΓûêΓûè   | 2036/3000 [05:35<02:37,  6.14it/s]
 68%|ΓûêΓûêΓûêΓûêΓûêΓûêΓûè   | 2037/3000 [05:35<02:45,  5.82it/s]
 68%|ΓûêΓûêΓûêΓûêΓûêΓûêΓûè   | 2038/3000 [05:35<02:43,  5.89it/s]
 68%|ΓûêΓûêΓûêΓûêΓûêΓûêΓûè   | 2040/3000 [05:35<02:00,  7.95it/s]
 68%|ΓûêΓûêΓûêΓûêΓûêΓûêΓûè   | 2041/3000 [05:35<02:09,  7.42it/s]
 68%|ΓûêΓûêΓûêΓûêΓûêΓûêΓûè   | 2042/3000 [05:36<02:12,  7.22it/s]
 68%|ΓûêΓûêΓûêΓûêΓûêΓûêΓûè   | 2043/3000 [05:36<02:06,  7.58it/s]
 68%|ΓûêΓûêΓûêΓûêΓûêΓûêΓûè   | 2044/3000 [05:36<02:04,  7.69it/s]
 68%|ΓûêΓûêΓûêΓûêΓûêΓûêΓûè   | 2045/3000 [05:36<02:13,  7.16it/s]
 68%|ΓûêΓûêΓûêΓûêΓûêΓûêΓûè   | 2046/3000 [05:36<02:14,  7.08it/s]
 68%|ΓûêΓûêΓûêΓûêΓûêΓûêΓûè   | 2047/3000 [05:36<02:32,  6.24it/s]
 68%|ΓûêΓûêΓûêΓûêΓûêΓûêΓûè   | 2048/3000 [05:37<02:48,  5.64it/s]
 68%|ΓûêΓûêΓûêΓûêΓûêΓûêΓûè   | 2049/3000 [05:37<02:44,  5.79it/s]
 68%|ΓûêΓûêΓûêΓûêΓûêΓûêΓûè   | 2050/3000 [05:37<03:01,  5.24it/s]
 68%|ΓûêΓûêΓûêΓûêΓûêΓûêΓûè   | 2051/3000 [05:37<02:52,  5.49it/s]
 68%|ΓûêΓûêΓûêΓûêΓûêΓûêΓûè   | 2052/3000 [05:37<02:47,  5.66it/s]
 68%|ΓûêΓûêΓûêΓûêΓûêΓûêΓûè   | 2053/3000 [05:37<02:31,  6.26it/s]
 68%|ΓûêΓûêΓûêΓûêΓûêΓûêΓûè   | 2054/3000 [05:38<02:48,  5.61it/s]
 68%|ΓûêΓûêΓûêΓûêΓûêΓûêΓûè   | 2055/3000 [05:38<02:29,  6.32it/s]
 69%|ΓûêΓûêΓûêΓûêΓûêΓûêΓûè   | 2056/3000 [05:38<02:47,  5.63it/s]
 69%|ΓûêΓûêΓûêΓûêΓûêΓûêΓûè   | 2057/3000 [05:38<02:34,  6.10it/s]
 69%|ΓûêΓûêΓûêΓûêΓûêΓûêΓûè   | 2058/3000 [05:38<03:02,  5.16it/s]
 69%|ΓûêΓûêΓûêΓûêΓûêΓûêΓûè   | 2059/3000 [05:38<02:50,  5.52it/s]
 69%|ΓûêΓûêΓûêΓûêΓûêΓûêΓûè   | 2060/3000 [05:39<02:48,  5.59it/s]
 69%|ΓûêΓûêΓûêΓûêΓûêΓûêΓûè   | 2061/3000 [05:39<02:36,  6.01it/s]
 69%|ΓûêΓûêΓûêΓûêΓûêΓûêΓûè   | 2062/3000 [05:39<02:31,  6.19it/s]
 69%|ΓûêΓûêΓûêΓûêΓûêΓûêΓûë   | 2063/3000 [05:39<02:17,  6.81it/s]
 69%|ΓûêΓûêΓûêΓûêΓûêΓûêΓûë   | 2064/3000 [05:39<02:09,  7.23it/s]
 69%|ΓûêΓûêΓûêΓûêΓûêΓûêΓûë   | 2065/3000 [05:39<02:22,  6.58it/s]
 69%|ΓûêΓûêΓûêΓûêΓûêΓûêΓûë   | 2066/3000 [05:40<02:17,  6.79it/s]
 69%|ΓûêΓûêΓûêΓûêΓûêΓûêΓûë   | 2067/3000 [05:40<02:07,  7.29it/s]
 69%|ΓûêΓûêΓûêΓûêΓûêΓûêΓûë   | 2068/3000 [05:40<02:10,  7.16it/s]
 69%|ΓûêΓûêΓûêΓûêΓûêΓûêΓûë   | 2069/3000 [05:40<02:16,  6.82it/s]
 69%|ΓûêΓûêΓûêΓûêΓûêΓûêΓûë   | 2070/3000 [05:40<02:43,  5.71it/s]
 69%|ΓûêΓûêΓûêΓûêΓûêΓûêΓûë   | 2071/3000 [05:40<02:30,  6.17it/s]
 69%|ΓûêΓûêΓûêΓûêΓûêΓûêΓûë   | 2072/3000 [05:40<02:26,  6.35it/s]
 69%|ΓûêΓûêΓûêΓûêΓûêΓûêΓûë   | 2073/3000 [05:41<02:14,  6.88it/s]
 69%|ΓûêΓûêΓûêΓûêΓûêΓûêΓûë   | 2074/3000 [05:41<02:09,  7.16it/s]
 69%|ΓûêΓûêΓûêΓûêΓûêΓûêΓûë   | 2075/3000 [05:41<02:33,  6.04it/s]
 69%|ΓûêΓûêΓûêΓûêΓûêΓûêΓûë   | 2076/3000 [05:41<02:20,  6.60it/s]
 69%|ΓûêΓûêΓûêΓûêΓûêΓûêΓûë   | 2077/3000 [05:41<02:12,  6.95it/s]
 69%|ΓûêΓûêΓûêΓûêΓûêΓûêΓûë   | 2078/3000 [05:41<02:12,  6.96it/s]
 69%|ΓûêΓûêΓûêΓûêΓûêΓûêΓûë   | 2080/3000 [05:41<01:42,  8.98it/s]
 69%|ΓûêΓûêΓûêΓûêΓûêΓûêΓûë   | 2081/3000 [05:42<01:52,  8.19it/s]
 69%|ΓûêΓûêΓûêΓûêΓûêΓûêΓûë   | 2082/3000 [05:42<02:12,  6.95it/s]
 69%|ΓûêΓûêΓûêΓûêΓûêΓûêΓûë   | 2083/3000 [05:42<02:16,  6.72it/s]
 69%|ΓûêΓûêΓûêΓûêΓûêΓûêΓûë   | 2084/3000 [05:42<02:05,  7.31it/s]
 70%|ΓûêΓûêΓûêΓûêΓûêΓûêΓûë   | 2085/3000 [05:42<02:27,  6.21it/s]
 70%|ΓûêΓûêΓûêΓûêΓûêΓûêΓûë   | 2086/3000 [05:42<02:15,  6.75it/s]
 70%|ΓûêΓûêΓûêΓûêΓûêΓûêΓûë   | 2087/3000 [05:43<02:09,  7.08it/s]
 70%|ΓûêΓûêΓûêΓûêΓûêΓûêΓûë   | 2088/3000 [05:43<02:10,  7.01it/s]
 70%|ΓûêΓûêΓûêΓûêΓûêΓûêΓûë   | 2089/3000 [05:43<02:14,  6.76it/s]
 70%|ΓûêΓûêΓûêΓûêΓûêΓûêΓûë   | 2090/3000 [05:43<02:10,  6.99it/s]
 70%|ΓûêΓûêΓûêΓûêΓûêΓûêΓûë   | 2091/3000 [05:43<02:17,  6.60it/s]
 70%|ΓûêΓûêΓûêΓûêΓûêΓûêΓûë   | 2092/3000 [05:43<02:29,  6.07it/s]
 70%|ΓûêΓûêΓûêΓûêΓûêΓûêΓûë   | 2093/3000 [05:44<03:09,  4.78it/s]
 70%|ΓûêΓûêΓûêΓûêΓûêΓûêΓûë   | 2094/3000 [05:44<03:05,  4.88it/s]
 70%|ΓûêΓûêΓûêΓûêΓûêΓûêΓûë   | 2095/3000 [05:44<02:39,  5.68it/s]
 70%|ΓûêΓûêΓûêΓûêΓûêΓûêΓûë   | 2096/3000 [05:44<02:41,  5.60it/s]
 70%|ΓûêΓûêΓûêΓûêΓûêΓûêΓûë   | 2097/3000 [05:44<02:44,  5.48it/s]
 70%|ΓûêΓûêΓûêΓûêΓûêΓûêΓûë   | 2098/3000 [05:44<02:30,  5.99it/s]
 70%|ΓûêΓûêΓûêΓûêΓûêΓûêΓûë   | 2099/3000 [05:45<02:41,  5.57it/s]
 70%|ΓûêΓûêΓûêΓûêΓûêΓûêΓûê   | 2100/3000 [05:45<02:29,  6.03it/s]
 70%|ΓûêΓûêΓûêΓûêΓûêΓûêΓûê   | 2101/3000 [05:45<02:46,  5.39it/s]
 70%|ΓûêΓûêΓûêΓûêΓûêΓûêΓûê   | 2102/3000 [05:45<02:46,  5.39it/s]
 70%|ΓûêΓûêΓûêΓûêΓûêΓûêΓûê   | 2103/3000 [05:45<02:26,  6.12it/s]
 70%|ΓûêΓûêΓûêΓûêΓûêΓûêΓûê   | 2104/3000 [05:45<02:21,  6.35it/s]
 70%|ΓûêΓûêΓûêΓûêΓûêΓûêΓûê   | 2105/3000 [05:46<02:26,  6.12it/s]
 70%|ΓûêΓûêΓûêΓûêΓûêΓûêΓûê   | 2106/3000 [05:46<02:28,  6.03it/s]
 70%|ΓûêΓûêΓûêΓûêΓûêΓûêΓûê   | 2107/3000 [05:46<02:14,  6.63it/s]
 70%|ΓûêΓûêΓûêΓûêΓûêΓûêΓûê   | 2108/3000 [05:46<02:21,  6.31it/s]
 70%|ΓûêΓûêΓûêΓûêΓûêΓûêΓûê   | 2109/3000 [05:46<02:46,  5.36it/s]
 70%|ΓûêΓûêΓûêΓûêΓûêΓûêΓûê   | 2110/3000 [05:47<02:28,  6.01it/s]
 70%|ΓûêΓûêΓûêΓûêΓûêΓûêΓûê   | 2111/3000 [05:47<02:37,  5.66it/s]
 70%|ΓûêΓûêΓûêΓûêΓûêΓûêΓûê   | 2112/3000 [05:47<02:34,  5.74it/s]
 70%|ΓûêΓûêΓûêΓûêΓûêΓûêΓûê   | 2113/3000 [05:47<02:22,  6.22it/s]
 70%|ΓûêΓûêΓûêΓûêΓûêΓûêΓûê   | 2114/3000 [05:47<02:31,  5.86it/s]
 70%|ΓûêΓûêΓûêΓûêΓûêΓûêΓûê   | 2115/3000 [05:47<02:15,  6.53it/s]
 71%|ΓûêΓûêΓûêΓûêΓûêΓûêΓûê   | 2116/3000 [05:47<02:12,  6.68it/s]
 71%|ΓûêΓûêΓûêΓûêΓûêΓûêΓûê   | 2117/3000 [05:48<02:19,  6.32it/s]
 71%|ΓûêΓûêΓûêΓûêΓûêΓûêΓûê   | 2118/3000 [05:48<02:53,  5.09it/s]
 71%|ΓûêΓûêΓûêΓûêΓûêΓûêΓûê   | 2119/3000 [05:48<02:52,  5.11it/s]
 71%|ΓûêΓûêΓûêΓûêΓûêΓûêΓûê   | 2120/3000 [05:48<02:50,  5.17it/s]
 71%|ΓûêΓûêΓûêΓûêΓûêΓûêΓûê   | 2121/3000 [05:48<02:35,  5.64it/s]
 71%|ΓûêΓûêΓûêΓûêΓûêΓûêΓûê   | 2122/3000 [05:49<03:20,  4.38it/s]
 71%|ΓûêΓûêΓûêΓûêΓûêΓûêΓûê   | 2123/3000 [05:49<03:06,  4.70it/s]
 71%|ΓûêΓûêΓûêΓûêΓûêΓûêΓûê   | 2124/3000 [05:49<02:44,  5.33it/s]
 71%|ΓûêΓûêΓûêΓûêΓûêΓûêΓûê   | 2125/3000 [05:49<02:38,  5.52it/s]
 71%|ΓûêΓûêΓûêΓûêΓûêΓûêΓûê   | 2126/3000 [05:49<02:19,  6.25it/s]
 71%|ΓûêΓûêΓûêΓûêΓûêΓûêΓûê   | 2127/3000 [05:50<02:21,  6.16it/s]
 71%|ΓûêΓûêΓûêΓûêΓûêΓûêΓûê   | 2128/3000 [05:50<02:13,  6.54it/s]
 71%|ΓûêΓûêΓûêΓûêΓûêΓûêΓûê   | 2129/3000 [05:50<02:16,  6.39it/s]
 71%|ΓûêΓûêΓûêΓûêΓûêΓûêΓûê   | 2130/3000 [05:50<02:14,  6.49it/s]
 71%|ΓûêΓûêΓûêΓûêΓûêΓûêΓûê   | 2131/3000 [05:50<02:14,  6.45it/s]
 71%|ΓûêΓûêΓûêΓûêΓûêΓûêΓûê   | 2132/3000 [05:50<02:34,  5.63it/s]
 71%|ΓûêΓûêΓûêΓûêΓûêΓûêΓûê   | 2133/3000 [05:51<02:33,  5.67it/s]
 71%|ΓûêΓûêΓûêΓûêΓûêΓûêΓûê   | 2134/3000 [05:51<03:11,  4.53it/s]
 71%|ΓûêΓûêΓûêΓûêΓûêΓûêΓûê   | 2135/3000 [05:51<02:43,  5.29it/s]
 71%|ΓûêΓûêΓûêΓûêΓûêΓûêΓûê   | 2136/3000 [05:51<02:38,  5.46it/s]
 71%|ΓûêΓûêΓûêΓûêΓûêΓûêΓûê   | 2137/3000 [05:51<02:39,  5.40it/s]
 71%|ΓûêΓûêΓûêΓûêΓûêΓûêΓûêΓûÅ  | 2138/3000 [05:52<02:40,  5.36it/s]
 71%|ΓûêΓûêΓûêΓûêΓûêΓûêΓûêΓûÅ  | 2139/3000 [05:52<02:20,  6.11it/s]
 71%|ΓûêΓûêΓûêΓûêΓûêΓûêΓûêΓûÅ  | 2140/3000 [05:52<02:06,  6.78it/s]
 71%|ΓûêΓûêΓûêΓûêΓûêΓûêΓûêΓûÅ  | 2141/3000 [05:52<02:01,  7.09it/s]
 71%|ΓûêΓûêΓûêΓûêΓûêΓûêΓûêΓûÅ  | 2142/3000 [05:52<02:05,  6.83it/s]
 71%|ΓûêΓûêΓûêΓûêΓûêΓûêΓûêΓûÅ  | 2143/3000 [05:52<01:56,  7.33it/s]
 71%|ΓûêΓûêΓûêΓûêΓûêΓûêΓûêΓûÅ  | 2144/3000 [05:53<02:59,  4.76it/s]
 72%|ΓûêΓûêΓûêΓûêΓûêΓûêΓûêΓûÅ  | 2145/3000 [05:53<02:49,  5.05it/s]
 72%|ΓûêΓûêΓûêΓûêΓûêΓûêΓûêΓûÅ  | 2146/3000 [05:53<02:45,  5.16it/s]
 72%|ΓûêΓûêΓûêΓûêΓûêΓûêΓûêΓûÅ  | 2147/3000 [05:53<02:24,  5.88it/s]
 72%|ΓûêΓûêΓûêΓûêΓûêΓûêΓûêΓûÅ  | 2148/3000 [05:53<02:25,  5.85it/s]
 72%|ΓûêΓûêΓûêΓûêΓûêΓûêΓûêΓûÅ  | 2149/3000 [05:53<02:38,  5.36it/s]
 72%|ΓûêΓûêΓûêΓûêΓûêΓûêΓûêΓûÅ  | 2150/3000 [05:54<02:46,  5.11it/s]
 72%|ΓûêΓûêΓûêΓûêΓûêΓûêΓûêΓûÅ  | 2151/3000 [05:54<02:51,  4.95it/s]
 72%|ΓûêΓûêΓûêΓûêΓûêΓûêΓûêΓûÅ  | 2152/3000 [05:54<02:31,  5.59it/s]
 72%|ΓûêΓûêΓûêΓûêΓûêΓûêΓûêΓûÅ  | 2153/3000 [05:54<02:19,  6.05it/s]
 72%|ΓûêΓûêΓûêΓûêΓûêΓûêΓûêΓûÅ  | 2154/3000 [05:54<02:19,  6.08it/s]
 72%|ΓûêΓûêΓûêΓûêΓûêΓûêΓûêΓûÅ  | 2155/3000 [05:54<02:12,  6.39it/s]
 72%|ΓûêΓûêΓûêΓûêΓûêΓûêΓûêΓûÅ  | 2156/3000 [05:55<02:06,  6.67it/s]
 72%|ΓûêΓûêΓûêΓûêΓûêΓûêΓûêΓûÅ  | 2157/3000 [05:55<01:55,  7.28it/s]
 72%|ΓûêΓûêΓûêΓûêΓûêΓûêΓûêΓûÅ  | 2158/3000 [05:55<02:04,  6.77it/s]
 72%|ΓûêΓûêΓûêΓûêΓûêΓûêΓûêΓûÅ  | 2159/3000 [05:55<02:07,  6.59it/s]
 72%|ΓûêΓûêΓûêΓûêΓûêΓûêΓûêΓûÅ  | 2160/3000 [05:55<02:03,  6.82it/s]
 72%|ΓûêΓûêΓûêΓûêΓûêΓûêΓûêΓûÅ  | 2161/3000 [05:55<01:57,  7.15it/s]
 72%|ΓûêΓûêΓûêΓûêΓûêΓûêΓûêΓûÅ  | 2162/3000 [05:55<02:01,  6.89it/s]
 72%|ΓûêΓûêΓûêΓûêΓûêΓûêΓûêΓûÅ  | 2163/3000 [05:56<02:16,  6.11it/s]
 72%|ΓûêΓûêΓûêΓûêΓûêΓûêΓûêΓûÅ  | 2164/3000 [05:56<02:18,  6.03it/s]
 72%|ΓûêΓûêΓûêΓûêΓûêΓûêΓûêΓûÅ  | 2165/3000 [05:56<02:16,  6.10it/s]
 72%|ΓûêΓûêΓûêΓûêΓûêΓûêΓûêΓûÅ  | 2166/3000 [05:56<02:15,  6.18it/s]
 72%|ΓûêΓûêΓûêΓûêΓûêΓûêΓûêΓûÅ  | 2167/3000 [05:56<02:34,  5.39it/s]
 72%|ΓûêΓûêΓûêΓûêΓûêΓûêΓûêΓûÅ  | 2168/3000 [05:56<02:33,  5.44it/s]
 72%|ΓûêΓûêΓûêΓûêΓûêΓûêΓûêΓûÅ  | 2169/3000 [05:57<02:22,  5.84it/s]
 72%|ΓûêΓûêΓûêΓûêΓûêΓûêΓûêΓûÅ  | 2170/3000 [05:57<02:52,  4.81it/s]
 72%|ΓûêΓûêΓûêΓûêΓûêΓûêΓûêΓûÅ  | 2171/3000 [05:57<02:55,  4.73it/s]
 72%|ΓûêΓûêΓûêΓûêΓûêΓûêΓûêΓûÅ  | 2172/3000 [05:57<02:47,  4.95it/s]
 72%|ΓûêΓûêΓûêΓûêΓûêΓûêΓûêΓûÅ  | 2173/3000 [05:58<02:52,  4.79it/s]
 72%|ΓûêΓûêΓûêΓûêΓûêΓûêΓûêΓûÅ  | 2174/3000 [05:58<02:37,  5.26it/s]
 72%|ΓûêΓûêΓûêΓûêΓûêΓûêΓûêΓûÄ  | 2175/3000 [05:58<02:19,  5.93it/s]
 73%|ΓûêΓûêΓûêΓûêΓûêΓûêΓûêΓûÄ  | 2176/3000 [05:58<02:16,  6.02it/s]
 73%|ΓûêΓûêΓûêΓûêΓûêΓûêΓûêΓûÄ  | 2177/3000 [05:58<02:11,  6.26it/s]
 73%|ΓûêΓûêΓûêΓûêΓûêΓûêΓûêΓûÄ  | 2178/3000 [05:58<02:00,  6.80it/s]
 73%|ΓûêΓûêΓûêΓûêΓûêΓûêΓûêΓûÄ  | 2179/3000 [05:58<01:59,  6.86it/s]
 73%|ΓûêΓûêΓûêΓûêΓûêΓûêΓûêΓûÄ  | 2180/3000 [05:59<02:02,  6.69it/s]
 73%|ΓûêΓûêΓûêΓûêΓûêΓûêΓûêΓûÄ  | 2181/3000 [05:59<02:08,  6.38it/s]
 73%|ΓûêΓûêΓûêΓûêΓûêΓûêΓûêΓûÄ  | 2182/3000 [05:59<02:20,  5.82it/s]
 73%|ΓûêΓûêΓûêΓûêΓûêΓûêΓûêΓûÄ  | 2183/3000 [05:59<02:12,  6.15it/s]
 73%|ΓûêΓûêΓûêΓûêΓûêΓûêΓûêΓûÄ  | 2184/3000 [05:59<02:06,  6.43it/s]
 73%|ΓûêΓûêΓûêΓûêΓûêΓûêΓûêΓûÄ  | 2185/3000 [05:59<01:58,  6.87it/s]
 73%|ΓûêΓûêΓûêΓûêΓûêΓûêΓûêΓûÄ  | 2186/3000 [06:00<02:10,  6.25it/s]
 73%|ΓûêΓûêΓûêΓûêΓûêΓûêΓûêΓûÄ  | 2187/3000 [06:00<02:18,  5.87it/s]
 73%|ΓûêΓûêΓûêΓûêΓûêΓûêΓûêΓûÄ  | 2188/3000 [06:00<02:07,  6.39it/s]
 73%|ΓûêΓûêΓûêΓûêΓûêΓûêΓûêΓûÄ  | 2189/3000 [06:00<02:10,  6.24it/s]
 73%|ΓûêΓûêΓûêΓûêΓûêΓûêΓûêΓûÄ  | 2190/3000 [06:00<02:09,  6.25it/s]
 73%|ΓûêΓûêΓûêΓûêΓûêΓûêΓûêΓûÄ  | 2191/3000 [06:00<02:32,  5.30it/s]
 73%|ΓûêΓûêΓûêΓûêΓûêΓûêΓûêΓûÄ  | 2192/3000 [06:01<02:44,  4.90it/s]
 73%|ΓûêΓûêΓûêΓûêΓûêΓûêΓûêΓûÄ  | 2193/3000 [06:01<02:29,  5.40it/s]
 73%|ΓûêΓûêΓûêΓûêΓûêΓûêΓûêΓûÄ  | 2194/3000 [06:01<02:16,  5.90it/s]
 73%|ΓûêΓûêΓûêΓûêΓûêΓûêΓûêΓûÄ  | 2195/3000 [06:01<02:28,  5.43it/s]
 73%|ΓûêΓûêΓûêΓûêΓûêΓûêΓûêΓûÄ  | 2196/3000 [06:01<02:28,  5.40it/s]
 73%|ΓûêΓûêΓûêΓûêΓûêΓûêΓûêΓûÄ  | 2197/3000 [06:01<02:16,  5.89it/s]
 73%|ΓûêΓûêΓûêΓûêΓûêΓûêΓûêΓûÄ  | 2198/3000 [06:02<02:05,  6.41it/s]
 73%|ΓûêΓûêΓûêΓûêΓûêΓûêΓûêΓûÄ  | 2199/3000 [06:02<02:13,  5.98it/s]
 73%|ΓûêΓûêΓûêΓûêΓûêΓûêΓûêΓûÄ  | 2200/3000 [06:02<02:11,  6.09it/s]
 73%|ΓûêΓûêΓûêΓûêΓûêΓûêΓûêΓûÄ  | 2201/3000 [06:02<02:06,  6.31it/s]
 73%|ΓûêΓûêΓûêΓûêΓûêΓûêΓûêΓûÄ  | 2202/3000 [06:02<01:56,  6.85it/s]
 73%|ΓûêΓûêΓûêΓûêΓûêΓûêΓûêΓûÄ  | 2203/3000 [06:02<01:48,  7.37it/s]
 73%|ΓûêΓûêΓûêΓûêΓûêΓûêΓûêΓûÄ  | 2204/3000 [06:02<01:42,  7.79it/s]
 74%|ΓûêΓûêΓûêΓûêΓûêΓûêΓûêΓûÄ  | 2205/3000 [06:03<02:00,  6.58it/s]
 74%|ΓûêΓûêΓûêΓûêΓûêΓûêΓûêΓûÄ  | 2206/3000 [06:03<01:51,  7.11it/s]
 74%|ΓûêΓûêΓûêΓûêΓûêΓûêΓûêΓûÄ  | 2207/3000 [06:03<01:55,  6.89it/s]
 74%|ΓûêΓûêΓûêΓûêΓûêΓûêΓûêΓûÄ  | 2208/3000 [06:03<01:53,  6.95it/s]
 74%|ΓûêΓûêΓûêΓûêΓûêΓûêΓûêΓûÄ  | 2209/3000 [06:03<01:53,  6.94it/s]
 74%|ΓûêΓûêΓûêΓûêΓûêΓûêΓûêΓûÄ  | 2210/3000 [06:04<02:35,  5.09it/s]
 74%|ΓûêΓûêΓûêΓûêΓûêΓûêΓûêΓûÄ  | 2211/3000 [06:04<02:30,  5.25it/s]
 74%|ΓûêΓûêΓûêΓûêΓûêΓûêΓûêΓûÄ  | 2212/3000 [06:04<02:24,  5.44it/s]
 74%|ΓûêΓûêΓûêΓûêΓûêΓûêΓûêΓûì  | 2213/3000 [06:04<02:11,  5.97it/s]
 74%|ΓûêΓûêΓûêΓûêΓûêΓûêΓûêΓûì  | 2214/3000 [06:04<02:09,  6.08it/s]
 74%|ΓûêΓûêΓûêΓûêΓûêΓûêΓûêΓûì  | 2215/3000 [06:04<02:11,  5.99it/s]
 74%|ΓûêΓûêΓûêΓûêΓûêΓûêΓûêΓûì  | 2216/3000 [06:05<02:21,  5.55it/s]
 74%|ΓûêΓûêΓûêΓûêΓûêΓûêΓûêΓûì  | 2217/3000 [06:05<02:17,  5.71it/s]
 74%|ΓûêΓûêΓûêΓûêΓûêΓûêΓûêΓûì  | 2218/3000 [06:05<02:15,  5.77it/s]
 74%|ΓûêΓûêΓûêΓûêΓûêΓûêΓûêΓûì  | 2219/3000 [06:05<02:03,  6.34it/s]
 74%|ΓûêΓûêΓûêΓûêΓûêΓûêΓûêΓûì  | 2220/3000 [06:05<02:02,  6.39it/s]
 74%|ΓûêΓûêΓûêΓûêΓûêΓûêΓûêΓûì  | 2221/3000 [06:05<02:29,  5.19it/s]
 74%|ΓûêΓûêΓûêΓûêΓûêΓûêΓûêΓûì  | 2222/3000 [06:06<02:16,  5.71it/s]
 74%|ΓûêΓûêΓûêΓûêΓûêΓûêΓûêΓûì  | 2223/3000 [06:06<02:08,  6.05it/s]
 74%|ΓûêΓûêΓûêΓûêΓûêΓûêΓûêΓûì  | 2224/3000 [06:06<02:10,  5.96it/s]
 74%|ΓûêΓûêΓûêΓûêΓûêΓûêΓûêΓûì  | 2225/3000 [06:06<02:04,  6.21it/s]
 74%|ΓûêΓûêΓûêΓûêΓûêΓûêΓûêΓûì  | 2226/3000 [06:06<02:08,  6.03it/s]
 74%|ΓûêΓûêΓûêΓûêΓûêΓûêΓûêΓûì  | 2227/3000 [06:06<02:03,  6.25it/s]
 74%|ΓûêΓûêΓûêΓûêΓûêΓûêΓûêΓûì  | 2228/3000 [06:06<01:51,  6.94it/s]
 74%|ΓûêΓûêΓûêΓûêΓûêΓûêΓûêΓûì  | 2229/3000 [06:07<01:52,  6.88it/s]
 74%|ΓûêΓûêΓûêΓûêΓûêΓûêΓûêΓûì  | 2230/3000 [06:07<02:20,  5.49it/s]
 74%|ΓûêΓûêΓûêΓûêΓûêΓûêΓûêΓûì  | 2231/3000 [06:07<02:08,  5.97it/s]
 74%|ΓûêΓûêΓûêΓûêΓûêΓûêΓûêΓûì  | 2232/3000 [06:07<01:55,  6.62it/s]
 74%|ΓûêΓûêΓûêΓûêΓûêΓûêΓûêΓûì  | 2233/3000 [06:07<01:45,  7.29it/s]
 74%|ΓûêΓûêΓûêΓûêΓûêΓûêΓûêΓûì  | 2234/3000 [06:07<02:05,  6.11it/s]
 74%|ΓûêΓûêΓûêΓûêΓûêΓûêΓûêΓûì  | 2235/3000 [06:08<02:15,  5.63it/s]
 75%|ΓûêΓûêΓûêΓûêΓûêΓûêΓûêΓûì  | 2236/3000 [06:08<02:28,  5.14it/s]
 75%|ΓûêΓûêΓûêΓûêΓûêΓûêΓûêΓûì  | 2237/3000 [06:08<02:43,  4.67it/s]
 75%|ΓûêΓûêΓûêΓûêΓûêΓûêΓûêΓûì  | 2238/3000 [06:08<02:21,  5.39it/s]
 75%|ΓûêΓûêΓûêΓûêΓûêΓûêΓûêΓûì  | 2239/3000 [06:08<02:30,  5.06it/s]
 75%|ΓûêΓûêΓûêΓûêΓûêΓûêΓûêΓûì  | 2240/3000 [06:09<02:11,  5.79it/s]
 75%|ΓûêΓûêΓûêΓûêΓûêΓûêΓûêΓûì  | 2241/3000 [06:09<02:03,  6.13it/s]
 75%|ΓûêΓûêΓûêΓûêΓûêΓûêΓûêΓûì  | 2243/3000 [06:09<01:26,  8.74it/s]
 75%|ΓûêΓûêΓûêΓûêΓûêΓûêΓûêΓûì  | 2244/3000 [06:09<01:30,  8.37it/s]
 75%|ΓûêΓûêΓûêΓûêΓûêΓûêΓûêΓûì  | 2245/3000 [06:09<01:40,  7.51it/s]
 75%|ΓûêΓûêΓûêΓûêΓûêΓûêΓûêΓûì  | 2246/3000 [06:09<01:35,  7.87it/s]
 75%|ΓûêΓûêΓûêΓûêΓûêΓûêΓûêΓûì  | 2247/3000 [06:09<01:40,  7.49it/s]
 75%|ΓûêΓûêΓûêΓûêΓûêΓûêΓûêΓûì  | 2248/3000 [06:10<01:37,  7.74it/s]
 75%|ΓûêΓûêΓûêΓûêΓûêΓûêΓûêΓûì  | 2249/3000 [06:10<01:34,  7.97it/s]
 75%|ΓûêΓûêΓûêΓûêΓûêΓûêΓûêΓûî  | 2250/3000 [06:10<01:41,  7.36it/s]
 75%|ΓûêΓûêΓûêΓûêΓûêΓûêΓûêΓûî  | 2251/3000 [06:10<01:43,  7.27it/s]
 75%|ΓûêΓûêΓûêΓûêΓûêΓûêΓûêΓûî  | 2252/3000 [06:10<02:02,  6.13it/s]
 75%|ΓûêΓûêΓûêΓûêΓûêΓûêΓûêΓûî  | 2253/3000 [06:10<02:13,  5.61it/s]
 75%|ΓûêΓûêΓûêΓûêΓûêΓûêΓûêΓûî  | 2254/3000 [06:11<01:59,  6.22it/s]
 75%|ΓûêΓûêΓûêΓûêΓûêΓûêΓûêΓûî  | 2255/3000 [06:11<01:49,  6.82it/s]
 75%|ΓûêΓûêΓûêΓûêΓûêΓûêΓûêΓûî  | 2256/3000 [06:11<01:50,  6.76it/s]
 75%|ΓûêΓûêΓûêΓûêΓûêΓûêΓûêΓûî  | 2257/3000 [06:11<01:43,  7.19it/s]
 75%|ΓûêΓûêΓûêΓûêΓûêΓûêΓûêΓûî  | 2258/3000 [06:11<02:10,  5.68it/s]
 75%|ΓûêΓûêΓûêΓûêΓûêΓûêΓûêΓûî  | 2259/3000 [06:11<02:29,  4.97it/s]
 75%|ΓûêΓûêΓûêΓûêΓûêΓûêΓûêΓûî  | 2260/3000 [06:12<02:25,  5.07it/s]
 75%|ΓûêΓûêΓûêΓûêΓûêΓûêΓûêΓûî  | 2261/3000 [06:12<02:19,  5.30it/s]
 75%|ΓûêΓûêΓûêΓûêΓûêΓûêΓûêΓûî  | 2262/3000 [06:12<02:03,  6.00it/s]
 75%|ΓûêΓûêΓûêΓûêΓûêΓûêΓûêΓûî  | 2263/3000 [06:12<02:11,  5.61it/s]
 75%|ΓûêΓûêΓûêΓûêΓûêΓûêΓûêΓûî  | 2264/3000 [06:12<01:58,  6.23it/s]
 76%|ΓûêΓûêΓûêΓûêΓûêΓûêΓûêΓûî  | 2265/3000 [06:12<02:02,  5.99it/s]
 76%|ΓûêΓûêΓûêΓûêΓûêΓûêΓûêΓûî  | 2266/3000 [06:13<02:05,  5.83it/s]
 76%|ΓûêΓûêΓûêΓûêΓûêΓûêΓûêΓûî  | 2267/3000 [06:13<01:53,  6.46it/s]
 76%|ΓûêΓûêΓûêΓûêΓûêΓûêΓûêΓûî  | 2268/3000 [06:13<01:48,  6.77it/s]
 76%|ΓûêΓûêΓûêΓûêΓûêΓûêΓûêΓûî  | 2269/3000 [06:13<02:11,  5.55it/s]
 76%|ΓûêΓûêΓûêΓûêΓûêΓûêΓûêΓûî  | 2270/3000 [06:13<02:13,  5.47it/s]
 76%|ΓûêΓûêΓûêΓûêΓûêΓûêΓûêΓûî  | 2271/3000 [06:13<01:59,  6.08it/s]
 76%|ΓûêΓûêΓûêΓûêΓûêΓûêΓûêΓûî  | 2272/3000 [06:14<02:40,  4.53it/s]
 76%|ΓûêΓûêΓûêΓûêΓûêΓûêΓûêΓûî  | 2273/3000 [06:14<02:17,  5.28it/s]
 76%|ΓûêΓûêΓûêΓûêΓûêΓûêΓûêΓûî  | 2274/3000 [06:14<01:59,  6.06it/s]
 76%|ΓûêΓûêΓûêΓûêΓûêΓûêΓûêΓûî  | 2275/3000 [06:14<01:49,  6.63it/s]
 76%|ΓûêΓûêΓûêΓûêΓûêΓûêΓûêΓûî  | 2276/3000 [06:14<01:41,  7.13it/s]
 76%|ΓûêΓûêΓûêΓûêΓûêΓûêΓûêΓûî  | 2278/3000 [06:14<01:16,  9.39it/s]
 76%|ΓûêΓûêΓûêΓûêΓûêΓûêΓûêΓûî  | 2280/3000 [06:15<01:31,  7.86it/s]
 76%|ΓûêΓûêΓûêΓûêΓûêΓûêΓûêΓûî  | 2281/3000 [06:15<01:29,  8.00it/s]
 76%|ΓûêΓûêΓûêΓûêΓûêΓûêΓûêΓûî  | 2282/3000 [06:15<01:32,  7.80it/s]
 76%|ΓûêΓûêΓûêΓûêΓûêΓûêΓûêΓûî  | 2283/3000 [06:15<01:44,  6.84it/s]
 76%|ΓûêΓûêΓûêΓûêΓûêΓûêΓûêΓûî  | 2284/3000 [06:15<01:40,  7.13it/s]
 76%|ΓûêΓûêΓûêΓûêΓûêΓûêΓûêΓûî  | 2285/3000 [06:15<01:50,  6.49it/s]
 76%|ΓûêΓûêΓûêΓûêΓûêΓûêΓûêΓûî  | 2286/3000 [06:16<01:41,  7.02it/s]
 76%|ΓûêΓûêΓûêΓûêΓûêΓûêΓûêΓûî  | 2287/3000 [06:16<02:07,  5.58it/s]
 76%|ΓûêΓûêΓûêΓûêΓûêΓûêΓûêΓûï  | 2288/3000 [06:16<01:57,  6.04it/s]
 76%|ΓûêΓûêΓûêΓûêΓûêΓûêΓûêΓûï  | 2289/3000 [06:16<01:57,  6.07it/s]
 76%|ΓûêΓûêΓûêΓûêΓûêΓûêΓûêΓûï  | 2290/3000 [06:16<02:20,  5.05it/s]
 76%|ΓûêΓûêΓûêΓûêΓûêΓûêΓûêΓûï  | 2291/3000 [06:16<02:02,  5.81it/s]
 76%|ΓûêΓûêΓûêΓûêΓûêΓûêΓûêΓûï  | 2292/3000 [06:17<01:56,  6.09it/s]
 76%|ΓûêΓûêΓûêΓûêΓûêΓûêΓûêΓûï  | 2293/3000 [06:17<01:45,  6.72it/s]
 76%|ΓûêΓûêΓûêΓûêΓûêΓûêΓûêΓûï  | 2294/3000 [06:17<01:50,  6.40it/s]
 76%|ΓûêΓûêΓûêΓûêΓûêΓûêΓûêΓûï  | 2295/3000 [06:17<01:51,  6.34it/s]
 77%|ΓûêΓûêΓûêΓûêΓûêΓûêΓûêΓûï  | 2296/3000 [06:17<01:48,  6.49it/s]
 77%|ΓûêΓûêΓûêΓûêΓûêΓûêΓûêΓûï  | 2297/3000 [06:18<02:45,  4.24it/s]
 77%|ΓûêΓûêΓûêΓûêΓûêΓûêΓûêΓûï  | 2298/3000 [06:18<02:21,  4.97it/s]
 77%|ΓûêΓûêΓûêΓûêΓûêΓûêΓûêΓûï  | 2300/3000 [06:18<01:34,  7.43it/s]
 77%|ΓûêΓûêΓûêΓûêΓûêΓûêΓûêΓûï  | 2301/3000 [06:18<01:32,  7.58it/s]
 77%|ΓûêΓûêΓûêΓûêΓûêΓûêΓûêΓûï  | 2302/3000 [06:18<01:42,  6.81it/s]
 77%|ΓûêΓûêΓûêΓûêΓûêΓûêΓûêΓûï  | 2303/3000 [06:18<01:57,  5.94it/s]
 77%|ΓûêΓûêΓûêΓûêΓûêΓûêΓûêΓûï  | 2304/3000 [06:19<01:49,  6.36it/s]
 77%|ΓûêΓûêΓûêΓûêΓûêΓûêΓûêΓûï  | 2305/3000 [06:19<01:42,  6.77it/s]
 77%|ΓûêΓûêΓûêΓûêΓûêΓûêΓûêΓûï  | 2306/3000 [06:19<01:57,  5.91it/s]
 77%|ΓûêΓûêΓûêΓûêΓûêΓûêΓûêΓûï  | 2307/3000 [06:19<02:24,  4.80it/s]
 77%|ΓûêΓûêΓûêΓûêΓûêΓûêΓûêΓûï  | 2308/3000 [06:19<02:03,  5.61it/s]
 77%|ΓûêΓûêΓûêΓûêΓûêΓûêΓûêΓûï  | 2309/3000 [06:19<01:48,  6.37it/s]
 77%|ΓûêΓûêΓûêΓûêΓûêΓûêΓûêΓûï  | 2311/3000 [06:20<01:21,  8.50it/s]
 77%|ΓûêΓûêΓûêΓûêΓûêΓûêΓûêΓûï  | 2312/3000 [06:20<01:21,  8.46it/s]
 77%|ΓûêΓûêΓûêΓûêΓûêΓûêΓûêΓûï  | 2313/3000 [06:20<01:25,  8.02it/s]
 77%|ΓûêΓûêΓûêΓûêΓûêΓûêΓûêΓûï  | 2314/3000 [06:20<01:31,  7.52it/s]
 77%|ΓûêΓûêΓûêΓûêΓûêΓûêΓûêΓûï  | 2315/3000 [06:20<01:45,  6.50it/s]
 77%|ΓûêΓûêΓûêΓûêΓûêΓûêΓûêΓûï  | 2316/3000 [06:20<01:37,  7.02it/s]
 77%|ΓûêΓûêΓûêΓûêΓûêΓûêΓûêΓûï  | 2317/3000 [06:20<01:40,  6.80it/s]
 77%|ΓûêΓûêΓûêΓûêΓûêΓûêΓûêΓûï  | 2318/3000 [06:21<01:41,  6.70it/s]
 77%|ΓûêΓûêΓûêΓûêΓûêΓûêΓûêΓûï  | 2319/3000 [06:21<02:02,  5.55it/s]
 77%|ΓûêΓûêΓûêΓûêΓûêΓûêΓûêΓûï  | 2320/3000 [06:21<02:32,  4.47it/s]
 77%|ΓûêΓûêΓûêΓûêΓûêΓûêΓûêΓûï  | 2321/3000 [06:21<02:16,  4.97it/s]
 77%|ΓûêΓûêΓûêΓûêΓûêΓûêΓûêΓûï  | 2322/3000 [06:22<02:14,  5.04it/s]
 77%|ΓûêΓûêΓûêΓûêΓûêΓûêΓûêΓûï  | 2323/3000 [06:22<01:56,  5.79it/s]
 77%|ΓûêΓûêΓûêΓûêΓûêΓûêΓûêΓûï  | 2324/3000 [06:22<02:00,  5.61it/s]
 78%|ΓûêΓûêΓûêΓûêΓûêΓûêΓûêΓûè  | 2325/3000 [06:22<01:59,  5.63it/s]
 78%|ΓûêΓûêΓûêΓûêΓûêΓûêΓûêΓûè  | 2326/3000 [06:22<01:45,  6.38it/s]
 78%|ΓûêΓûêΓûêΓûêΓûêΓûêΓûêΓûè  | 2327/3000 [06:22<01:36,  6.95it/s]
 78%|ΓûêΓûêΓûêΓûêΓûêΓûêΓûêΓûè  | 2328/3000 [06:22<01:59,  5.63it/s]
 78%|ΓûêΓûêΓûêΓûêΓûêΓûêΓûêΓûè  | 2329/3000 [06:23<01:48,  6.19it/s]
 78%|ΓûêΓûêΓûêΓûêΓûêΓûêΓûêΓûè  | 2330/3000 [06:23<01:40,  6.66it/s]
 78%|ΓûêΓûêΓûêΓûêΓûêΓûêΓûêΓûè  | 2331/3000 [06:23<01:49,  6.11it/s]
 78%|ΓûêΓûêΓûêΓûêΓûêΓûêΓûêΓûè  | 2332/3000 [06:23<01:58,  5.63it/s]
 78%|ΓûêΓûêΓûêΓûêΓûêΓûêΓûêΓûè  | 2333/3000 [06:23<02:04,  5.36it/s]
 78%|ΓûêΓûêΓûêΓûêΓûêΓûêΓûêΓûè  | 2334/3000 [06:24<02:01,  5.49it/s]
 78%|ΓûêΓûêΓûêΓûêΓûêΓûêΓûêΓûè  | 2335/3000 [06:24<01:50,  6.02it/s]
 78%|ΓûêΓûêΓûêΓûêΓûêΓûêΓûêΓûè  | 2336/3000 [06:24<01:39,  6.66it/s]
 78%|ΓûêΓûêΓûêΓûêΓûêΓûêΓûêΓûè  | 2337/3000 [06:24<01:34,  7.04it/s]
 78%|ΓûêΓûêΓûêΓûêΓûêΓûêΓûêΓûè  | 2338/3000 [06:24<01:28,  7.49it/s]
 78%|ΓûêΓûêΓûêΓûêΓûêΓûêΓûêΓûè  | 2339/3000 [06:24<01:23,  7.89it/s]
 78%|ΓûêΓûêΓûêΓûêΓûêΓûêΓûêΓûè  | 2340/3000 [06:24<01:27,  7.58it/s]
 78%|ΓûêΓûêΓûêΓûêΓûêΓûêΓûêΓûè  | 2341/3000 [06:24<01:22,  7.95it/s]
 78%|ΓûêΓûêΓûêΓûêΓûêΓûêΓûêΓûè  | 2342/3000 [06:24<01:21,  8.12it/s]
 78%|ΓûêΓûêΓûêΓûêΓûêΓûêΓûêΓûè  | 2343/3000 [06:25<01:17,  8.48it/s]
 78%|ΓûêΓûêΓûêΓûêΓûêΓûêΓûêΓûè  | 2344/3000 [06:25<01:34,  6.91it/s]
 78%|ΓûêΓûêΓûêΓûêΓûêΓûêΓûêΓûè  | 2345/3000 [06:25<01:52,  5.83it/s]
 78%|ΓûêΓûêΓûêΓûêΓûêΓûêΓûêΓûè  | 2346/3000 [06:25<02:28,  4.40it/s]
 78%|ΓûêΓûêΓûêΓûêΓûêΓûêΓûêΓûè  | 2347/3000 [06:26<02:05,  5.19it/s]
 78%|ΓûêΓûêΓûêΓûêΓûêΓûêΓûêΓûè  | 2348/3000 [06:26<01:50,  5.91it/s]
 78%|ΓûêΓûêΓûêΓûêΓûêΓûêΓûêΓûè  | 2349/3000 [06:26<01:44,  6.20it/s]
 78%|ΓûêΓûêΓûêΓûêΓûêΓûêΓûêΓûè  | 2350/3000 [06:26<01:51,  5.83it/s]
 78%|ΓûêΓûêΓûêΓûêΓûêΓûêΓûêΓûè  | 2351/3000 [06:26<01:39,  6.55it/s]
 78%|ΓûêΓûêΓûêΓûêΓûêΓûêΓûêΓûè  | 2352/3000 [06:26<01:42,  6.31it/s]
 78%|ΓûêΓûêΓûêΓûêΓûêΓûêΓûêΓûè  | 2353/3000 [06:26<01:33,  6.91it/s]
 78%|ΓûêΓûêΓûêΓûêΓûêΓûêΓûêΓûè  | 2354/3000 [06:27<01:35,  6.78it/s]
 78%|ΓûêΓûêΓûêΓûêΓûêΓûêΓûêΓûè  | 2355/3000 [06:27<01:37,  6.64it/s]
 79%|ΓûêΓûêΓûêΓûêΓûêΓûêΓûêΓûè  | 2356/3000 [06:27<02:36,  4.11it/s]
 79%|ΓûêΓûêΓûêΓûêΓûêΓûêΓûêΓûè  | 2357/3000 [06:27<02:26,  4.40it/s]
 79%|ΓûêΓûêΓûêΓûêΓûêΓûêΓûêΓûè  | 2358/3000 [06:28<02:51,  3.74it/s]
 79%|ΓûêΓûêΓûêΓûêΓûêΓûêΓûêΓûè  | 2360/3000 [06:28<02:08,  4.98it/s]
 79%|ΓûêΓûêΓûêΓûêΓûêΓûêΓûêΓûè  | 2361/3000 [06:28<01:54,  5.56it/s]
 79%|ΓûêΓûêΓûêΓûêΓûêΓûêΓûêΓûè  | 2362/3000 [06:28<01:56,  5.49it/s]
 79%|ΓûêΓûêΓûêΓûêΓûêΓûêΓûêΓûë  | 2363/3000 [06:28<01:43,  6.14it/s]
 79%|ΓûêΓûêΓûêΓûêΓûêΓûêΓûêΓûë  | 2364/3000 [06:28<01:34,  6.76it/s]
 79%|ΓûêΓûêΓûêΓûêΓûêΓûêΓûêΓûë  | 2365/3000 [06:29<01:26,  7.36it/s]
 79%|ΓûêΓûêΓûêΓûêΓûêΓûêΓûêΓûë  | 2366/3000 [06:29<01:22,  7.69it/s]
 79%|ΓûêΓûêΓûêΓûêΓûêΓûêΓûêΓûë  | 2367/3000 [06:29<01:29,  7.10it/s]
 79%|ΓûêΓûêΓûêΓûêΓûêΓûêΓûêΓûë  | 2368/3000 [06:29<01:32,  6.80it/s]
 79%|ΓûêΓûêΓûêΓûêΓûêΓûêΓûêΓûë  | 2369/3000 [06:29<01:34,  6.65it/s]
 79%|ΓûêΓûêΓûêΓûêΓûêΓûêΓûêΓûë  | 2370/3000 [06:29<01:48,  5.81it/s]
 79%|ΓûêΓûêΓûêΓûêΓûêΓûêΓûêΓûë  | 2371/3000 [06:29<01:37,  6.48it/s]
 79%|ΓûêΓûêΓûêΓûêΓûêΓûêΓûêΓûë  | 2372/3000 [06:30<01:31,  6.84it/s]
 79%|ΓûêΓûêΓûêΓûêΓûêΓûêΓûêΓûë  | 2373/3000 [06:30<01:48,  5.78it/s]
 79%|ΓûêΓûêΓûêΓûêΓûêΓûêΓûêΓûë  | 2374/3000 [06:30<01:39,  6.32it/s]
 79%|ΓûêΓûêΓûêΓûêΓûêΓûêΓûêΓûë  | 2375/3000 [06:30<01:52,  5.57it/s]
 79%|ΓûêΓûêΓûêΓûêΓûêΓûêΓûêΓûë  | 2376/3000 [06:30<01:43,  6.03it/s]
 79%|ΓûêΓûêΓûêΓûêΓûêΓûêΓûêΓûë  | 2377/3000 [06:30<01:32,  6.74it/s]
 79%|ΓûêΓûêΓûêΓûêΓûêΓûêΓûêΓûë  | 2378/3000 [06:31<01:36,  6.47it/s]
 79%|ΓûêΓûêΓûêΓûêΓûêΓûêΓûêΓûë  | 2379/3000 [06:31<01:30,  6.84it/s]
 79%|ΓûêΓûêΓûêΓûêΓûêΓûêΓûêΓûë  | 2380/3000 [06:31<01:33,  6.61it/s]
 79%|ΓûêΓûêΓûêΓûêΓûêΓûêΓûêΓûë  | 2381/3000 [06:31<01:48,  5.68it/s]
 79%|ΓûêΓûêΓûêΓûêΓûêΓûêΓûêΓûë  | 2382/3000 [06:31<01:37,  6.35it/s]
 79%|ΓûêΓûêΓûêΓûêΓûêΓûêΓûêΓûë  | 2383/3000 [06:31<01:44,  5.90it/s]
 79%|ΓûêΓûêΓûêΓûêΓûêΓûêΓûêΓûë  | 2384/3000 [06:32<01:34,  6.49it/s]
 80%|ΓûêΓûêΓûêΓûêΓûêΓûêΓûêΓûë  | 2385/3000 [06:32<01:27,  7.03it/s]
 80%|ΓûêΓûêΓûêΓûêΓûêΓûêΓûêΓûë  | 2386/3000 [06:32<01:30,  6.78it/s]
 80%|ΓûêΓûêΓûêΓûêΓûêΓûêΓûêΓûë  | 2387/3000 [06:32<01:24,  7.29it/s]
 80%|ΓûêΓûêΓûêΓûêΓûêΓûêΓûêΓûë  | 2388/3000 [06:32<01:21,  7.51it/s]
 80%|ΓûêΓûêΓûêΓûêΓûêΓûêΓûêΓûë  | 2389/3000 [06:32<01:28,  6.87it/s]
 80%|ΓûêΓûêΓûêΓûêΓûêΓûêΓûêΓûë  | 2390/3000 [06:32<01:46,  5.71it/s]
 80%|ΓûêΓûêΓûêΓûêΓûêΓûêΓûêΓûë  | 2391/3000 [06:33<01:40,  6.07it/s]
 80%|ΓûêΓûêΓûêΓûêΓûêΓûêΓûêΓûë  | 2392/3000 [06:33<01:49,  5.57it/s]
 80%|ΓûêΓûêΓûêΓûêΓûêΓûêΓûêΓûë  | 2393/3000 [06:33<01:49,  5.55it/s]
 80%|ΓûêΓûêΓûêΓûêΓûêΓûêΓûêΓûë  | 2394/3000 [06:33<01:47,  5.63it/s]
 80%|ΓûêΓûêΓûêΓûêΓûêΓûêΓûêΓûë  | 2395/3000 [06:33<01:37,  6.21it/s]
 80%|ΓûêΓûêΓûêΓûêΓûêΓûêΓûêΓûë  | 2396/3000 [06:33<01:28,  6.82it/s]
 80%|ΓûêΓûêΓûêΓûêΓûêΓûêΓûêΓûë  | 2397/3000 [06:34<01:23,  7.21it/s]
 80%|ΓûêΓûêΓûêΓûêΓûêΓûêΓûêΓûë  | 2398/3000 [06:34<01:39,  6.08it/s]
 80%|ΓûêΓûêΓûêΓûêΓûêΓûêΓûêΓûë  | 2399/3000 [06:34<01:33,  6.43it/s]
 80%|ΓûêΓûêΓûêΓûêΓûêΓûêΓûêΓûê  | 2400/3000 [06:34<01:25,  7.02it/s]
 80%|ΓûêΓûêΓûêΓûêΓûêΓûêΓûêΓûê  | 2401/3000 [06:34<01:20,  7.41it/s]
 80%|ΓûêΓûêΓûêΓûêΓûêΓûêΓûêΓûê  | 2402/3000 [06:34<01:17,  7.75it/s]
 80%|ΓûêΓûêΓûêΓûêΓûêΓûêΓûêΓûê  | 2403/3000 [06:34<01:14,  7.98it/s]
 80%|ΓûêΓûêΓûêΓûêΓûêΓûêΓûêΓûê  | 2404/3000 [06:35<01:23,  7.12it/s]
 80%|ΓûêΓûêΓûêΓûêΓûêΓûêΓûêΓûê  | 2405/3000 [06:35<01:19,  7.52it/s]
 80%|ΓûêΓûêΓûêΓûêΓûêΓûêΓûêΓûê  | 2406/3000 [06:35<01:15,  7.91it/s]
 80%|ΓûêΓûêΓûêΓûêΓûêΓûêΓûêΓûê  | 2407/3000 [06:35<01:30,  6.57it/s]
 80%|ΓûêΓûêΓûêΓûêΓûêΓûêΓûêΓûê  | 2408/3000 [06:35<01:22,  7.15it/s]
 80%|ΓûêΓûêΓûêΓûêΓûêΓûêΓûêΓûê  | 2409/3000 [06:35<01:22,  7.17it/s]
 80%|ΓûêΓûêΓûêΓûêΓûêΓûêΓûêΓûê  | 2410/3000 [06:35<01:30,  6.52it/s]
 80%|ΓûêΓûêΓûêΓûêΓûêΓûêΓûêΓûê  | 2411/3000 [06:36<01:24,  6.99it/s]
 80%|ΓûêΓûêΓûêΓûêΓûêΓûêΓûêΓûê  | 2412/3000 [06:36<01:37,  6.04it/s]
 80%|ΓûêΓûêΓûêΓûêΓûêΓûêΓûêΓûê  | 2413/3000 [06:36<01:38,  5.94it/s]
 80%|ΓûêΓûêΓûêΓûêΓûêΓûêΓûêΓûê  | 2414/3000 [06:36<01:29,  6.58it/s]
 80%|ΓûêΓûêΓûêΓûêΓûêΓûêΓûêΓûê  | 2415/3000 [06:36<01:33,  6.28it/s]
 81%|ΓûêΓûêΓûêΓûêΓûêΓûêΓûêΓûê  | 2416/3000 [06:36<01:40,  5.79it/s]
 81%|ΓûêΓûêΓûêΓûêΓûêΓûêΓûêΓûê  | 2417/3000 [06:37<01:38,  5.91it/s]
 81%|ΓûêΓûêΓûêΓûêΓûêΓûêΓûêΓûê  | 2418/3000 [06:37<01:37,  6.00it/s]
 81%|ΓûêΓûêΓûêΓûêΓûêΓûêΓûêΓûê  | 2419/3000 [06:37<01:40,  5.76it/s]
 81%|ΓûêΓûêΓûêΓûêΓûêΓûêΓûêΓûê  | 2420/3000 [06:37<01:38,  5.88it/s]
 81%|ΓûêΓûêΓûêΓûêΓûêΓûêΓûêΓûê  | 2421/3000 [06:37<01:33,  6.19it/s]
 81%|ΓûêΓûêΓûêΓûêΓûêΓûêΓûêΓûê  | 2422/3000 [06:37<01:26,  6.68it/s]
 81%|ΓûêΓûêΓûêΓûêΓûêΓûêΓûêΓûê  | 2423/3000 [06:37<01:21,  7.08it/s]
 81%|ΓûêΓûêΓûêΓûêΓûêΓûêΓûêΓûê  | 2424/3000 [06:38<01:48,  5.30it/s]
 81%|ΓûêΓûêΓûêΓûêΓûêΓûêΓûêΓûê  | 2425/3000 [06:38<01:52,  5.13it/s]
 81%|ΓûêΓûêΓûêΓûêΓûêΓûêΓûêΓûê  | 2426/3000 [06:38<01:37,  5.88it/s]
 81%|ΓûêΓûêΓûêΓûêΓûêΓûêΓûêΓûê  | 2427/3000 [06:38<01:32,  6.21it/s]
 81%|ΓûêΓûêΓûêΓûêΓûêΓûêΓûêΓûê  | 2428/3000 [06:38<01:25,  6.67it/s]
 81%|ΓûêΓûêΓûêΓûêΓûêΓûêΓûêΓûê  | 2429/3000 [06:39<01:38,  5.80it/s]
 81%|ΓûêΓûêΓûêΓûêΓûêΓûêΓûêΓûê  | 2430/3000 [06:39<01:28,  6.45it/s]
 81%|ΓûêΓûêΓûêΓûêΓûêΓûêΓûêΓûê  | 2431/3000 [06:39<01:40,  5.67it/s]
 81%|ΓûêΓûêΓûêΓûêΓûêΓûêΓûêΓûê  | 2432/3000 [06:39<01:34,  6.04it/s]
 81%|ΓûêΓûêΓûêΓûêΓûêΓûêΓûêΓûê  | 2433/3000 [06:39<01:35,  5.96it/s]
 81%|ΓûêΓûêΓûêΓûêΓûêΓûêΓûêΓûê  | 2434/3000 [06:39<01:33,  6.07it/s]
 81%|ΓûêΓûêΓûêΓûêΓûêΓûêΓûêΓûê  | 2435/3000 [06:40<01:42,  5.50it/s]
 81%|ΓûêΓûêΓûêΓûêΓûêΓûêΓûêΓûê  | 2436/3000 [06:40<01:35,  5.90it/s]
 81%|ΓûêΓûêΓûêΓûêΓûêΓûêΓûêΓûê  | 2437/3000 [06:40<01:40,  5.59it/s]
 81%|ΓûêΓûêΓûêΓûêΓûêΓûêΓûêΓûêΓûÅ | 2438/3000 [06:40<01:33,  6.03it/s]
 81%|ΓûêΓûêΓûêΓûêΓûêΓûêΓûêΓûêΓûÅ | 2439/3000 [06:40<01:54,  4.91it/s]
 81%|ΓûêΓûêΓûêΓûêΓûêΓûêΓûêΓûêΓûÅ | 2440/3000 [06:41<02:02,  4.56it/s]
 81%|ΓûêΓûêΓûêΓûêΓûêΓûêΓûêΓûêΓûÅ | 2441/3000 [06:41<02:03,  4.54it/s]
 81%|ΓûêΓûêΓûêΓûêΓûêΓûêΓûêΓûêΓûÅ | 2442/3000 [06:41<01:50,  5.07it/s]
 81%|ΓûêΓûêΓûêΓûêΓûêΓûêΓûêΓûêΓûÅ | 2443/3000 [06:41<01:38,  5.67it/s]
 81%|ΓûêΓûêΓûêΓûêΓûêΓûêΓûêΓûêΓûÅ | 2444/3000 [06:41<01:31,  6.08it/s]
 82%|ΓûêΓûêΓûêΓûêΓûêΓûêΓûêΓûêΓûÅ | 2445/3000 [06:42<01:43,  5.34it/s]
 82%|ΓûêΓûêΓûêΓûêΓûêΓûêΓûêΓûêΓûÅ | 2446/3000 [06:42<01:39,  5.58it/s]
 82%|ΓûêΓûêΓûêΓûêΓûêΓûêΓûêΓûêΓûÅ | 2447/3000 [06:42<01:28,  6.23it/s]
 82%|ΓûêΓûêΓûêΓûêΓûêΓûêΓûêΓûêΓûÅ | 2448/3000 [06:42<01:32,  5.94it/s]
 82%|ΓûêΓûêΓûêΓûêΓûêΓûêΓûêΓûêΓûÅ | 2449/3000 [06:42<01:24,  6.53it/s]
 82%|ΓûêΓûêΓûêΓûêΓûêΓûêΓûêΓûêΓûÅ | 2450/3000 [06:42<01:22,  6.69it/s]
 82%|ΓûêΓûêΓûêΓûêΓûêΓûêΓûêΓûêΓûÅ | 2451/3000 [06:42<01:17,  7.05it/s]
 82%|ΓûêΓûêΓûêΓûêΓûêΓûêΓûêΓûêΓûÅ | 2452/3000 [06:43<01:21,  6.73it/s]
 82%|ΓûêΓûêΓûêΓûêΓûêΓûêΓûêΓûêΓûÅ | 2453/3000 [06:43<01:20,  6.81it/s]
 82%|ΓûêΓûêΓûêΓûêΓûêΓûêΓûêΓûêΓûÅ | 2454/3000 [06:43<01:14,  7.33it/s]
 82%|ΓûêΓûêΓûêΓûêΓûêΓûêΓûêΓûêΓûÅ | 2455/3000 [06:43<01:10,  7.76it/s]
 82%|ΓûêΓûêΓûêΓûêΓûêΓûêΓûêΓûêΓûÅ | 2456/3000 [06:43<01:18,  6.94it/s]
 82%|ΓûêΓûêΓûêΓûêΓûêΓûêΓûêΓûêΓûÅ | 2458/3000 [06:43<01:06,  8.16it/s]
 82%|ΓûêΓûêΓûêΓûêΓûêΓûêΓûêΓûêΓûÅ | 2459/3000 [06:44<01:21,  6.62it/s]
 82%|ΓûêΓûêΓûêΓûêΓûêΓûêΓûêΓûêΓûÅ | 2460/3000 [06:44<01:24,  6.35it/s]
 82%|ΓûêΓûêΓûêΓûêΓûêΓûêΓûêΓûêΓûÅ | 2461/3000 [06:44<01:24,  6.38it/s]
 82%|ΓûêΓûêΓûêΓûêΓûêΓûêΓûêΓûêΓûÅ | 2462/3000 [06:44<01:18,  6.89it/s]
 82%|ΓûêΓûêΓûêΓûêΓûêΓûêΓûêΓûêΓûÅ | 2463/3000 [06:44<01:12,  7.39it/s]
 82%|ΓûêΓûêΓûêΓûêΓûêΓûêΓûêΓûêΓûÅ | 2464/3000 [06:44<01:18,  6.86it/s]
 82%|ΓûêΓûêΓûêΓûêΓûêΓûêΓûêΓûêΓûÅ | 2465/3000 [06:44<01:28,  6.08it/s]
 82%|ΓûêΓûêΓûêΓûêΓûêΓûêΓûêΓûêΓûÅ | 2466/3000 [06:45<01:18,  6.78it/s]
 82%|ΓûêΓûêΓûêΓûêΓûêΓûêΓûêΓûêΓûÅ | 2467/3000 [06:45<01:15,  7.06it/s]
 82%|ΓûêΓûêΓûêΓûêΓûêΓûêΓûêΓûêΓûÅ | 2468/3000 [06:45<01:58,  4.50it/s]
 82%|ΓûêΓûêΓûêΓûêΓûêΓûêΓûêΓûêΓûÅ | 2469/3000 [06:45<01:54,  4.64it/s]
 82%|ΓûêΓûêΓûêΓûêΓûêΓûêΓûêΓûêΓûÅ | 2470/3000 [06:45<01:46,  5.00it/s]
 82%|ΓûêΓûêΓûêΓûêΓûêΓûêΓûêΓûêΓûÅ | 2471/3000 [06:46<01:35,  5.54it/s]
 82%|ΓûêΓûêΓûêΓûêΓûêΓûêΓûêΓûêΓûÅ | 2472/3000 [06:46<01:30,  5.86it/s]
 82%|ΓûêΓûêΓûêΓûêΓûêΓûêΓûêΓûêΓûÅ | 2473/3000 [06:46<01:37,  5.41it/s]
 82%|ΓûêΓûêΓûêΓûêΓûêΓûêΓûêΓûêΓûÅ | 2474/3000 [06:46<01:26,  6.10it/s]
 82%|ΓûêΓûêΓûêΓûêΓûêΓûêΓûêΓûêΓûÄ | 2475/3000 [06:46<01:53,  4.65it/s]
 83%|ΓûêΓûêΓûêΓûêΓûêΓûêΓûêΓûêΓûÄ | 2476/3000 [06:47<01:37,  5.36it/s]
 83%|ΓûêΓûêΓûêΓûêΓûêΓûêΓûêΓûêΓûÄ | 2477/3000 [06:47<01:46,  4.92it/s]
 83%|ΓûêΓûêΓûêΓûêΓûêΓûêΓûêΓûêΓûÄ | 2478/3000 [06:47<01:37,  5.38it/s]
 83%|ΓûêΓûêΓûêΓûêΓûêΓûêΓûêΓûêΓûÄ | 2479/3000 [06:47<01:52,  4.63it/s]
 83%|ΓûêΓûêΓûêΓûêΓûêΓûêΓûêΓûêΓûÄ | 2480/3000 [06:47<02:00,  4.32it/s]
 83%|ΓûêΓûêΓûêΓûêΓûêΓûêΓûêΓûêΓûÄ | 2481/3000 [06:48<01:42,  5.08it/s]
 83%|ΓûêΓûêΓûêΓûêΓûêΓûêΓûêΓûêΓûÄ | 2482/3000 [06:48<01:27,  5.89it/s]
 83%|ΓûêΓûêΓûêΓûêΓûêΓûêΓûêΓûêΓûÄ | 2483/3000 [06:48<01:24,  6.11it/s]
 83%|ΓûêΓûêΓûêΓûêΓûêΓûêΓûêΓûêΓûÄ | 2484/3000 [06:48<01:29,  5.74it/s]
 83%|ΓûêΓûêΓûêΓûêΓûêΓûêΓûêΓûêΓûÄ | 2486/3000 [06:48<01:06,  7.71it/s]
 83%|ΓûêΓûêΓûêΓûêΓûêΓûêΓûêΓûêΓûÄ | 2487/3000 [06:48<01:24,  6.08it/s]
 83%|ΓûêΓûêΓûêΓûêΓûêΓûêΓûêΓûêΓûÄ | 2488/3000 [06:49<01:21,  6.30it/s]
 83%|ΓûêΓûêΓûêΓûêΓûêΓûêΓûêΓûêΓûÄ | 2489/3000 [06:49<01:17,  6.59it/s]
 83%|ΓûêΓûêΓûêΓûêΓûêΓûêΓûêΓûêΓûÄ | 2490/3000 [06:49<01:11,  7.17it/s]
 83%|ΓûêΓûêΓûêΓûêΓûêΓûêΓûêΓûêΓûÄ | 2491/3000 [06:49<01:18,  6.50it/s]
 83%|ΓûêΓûêΓûêΓûêΓûêΓûêΓûêΓûêΓûÄ | 2492/3000 [06:49<01:27,  5.77it/s]
 83%|ΓûêΓûêΓûêΓûêΓûêΓûêΓûêΓûêΓûÄ | 2493/3000 [06:49<01:30,  5.62it/s]
 83%|ΓûêΓûêΓûêΓûêΓûêΓûêΓûêΓûêΓûÄ | 2494/3000 [06:50<01:23,  6.09it/s]
 83%|ΓûêΓûêΓûêΓûêΓûêΓûêΓûêΓûêΓûÄ | 2495/3000 [06:50<01:16,  6.62it/s]
 83%|ΓûêΓûêΓûêΓûêΓûêΓûêΓûêΓûêΓûÄ | 2496/3000 [06:50<01:22,  6.14it/s]
 83%|ΓûêΓûêΓûêΓûêΓûêΓûêΓûêΓûêΓûÄ | 2498/3000 [06:50<01:02,  8.00it/s]
 83%|ΓûêΓûêΓûêΓûêΓûêΓûêΓûêΓûêΓûÄ | 2499/3000 [06:50<01:03,  7.83it/s]
 83%|ΓûêΓûêΓûêΓûêΓûêΓûêΓûêΓûêΓûÄ | 2500/3000 [06:50<01:06,  7.48it/s]
 83%|ΓûêΓûêΓûêΓûêΓûêΓûêΓûêΓûêΓûÄ | 2501/3000 [06:50<01:04,  7.74it/s]
 83%|ΓûêΓûêΓûêΓûêΓûêΓûêΓûêΓûêΓûÄ | 2502/3000 [06:51<01:04,  7.67it/s]
 83%|ΓûêΓûêΓûêΓûêΓûêΓûêΓûêΓûêΓûÄ | 2503/3000 [06:51<01:02,  7.90it/s]
 83%|ΓûêΓûêΓûêΓûêΓûêΓûêΓûêΓûêΓûÄ | 2504/3000 [06:51<01:09,  7.10it/s]
 84%|ΓûêΓûêΓûêΓûêΓûêΓûêΓûêΓûêΓûÄ | 2505/3000 [06:51<01:08,  7.28it/s]
 84%|ΓûêΓûêΓûêΓûêΓûêΓûêΓûêΓûêΓûÄ | 2507/3000 [06:51<00:54,  9.10it/s]
 84%|ΓûêΓûêΓûêΓûêΓûêΓûêΓûêΓûêΓûÄ | 2508/3000 [06:51<01:04,  7.60it/s]
 84%|ΓûêΓûêΓûêΓûêΓûêΓûêΓûêΓûêΓûÄ | 2509/3000 [06:52<01:09,  7.08it/s]
 84%|ΓûêΓûêΓûêΓûêΓûêΓûêΓûêΓûêΓûÄ | 2510/3000 [06:52<01:14,  6.59it/s]
 84%|ΓûêΓûêΓûêΓûêΓûêΓûêΓûêΓûêΓûÄ | 2511/3000 [06:52<01:17,  6.34it/s]
 84%|ΓûêΓûêΓûêΓûêΓûêΓûêΓûêΓûêΓûÄ | 2512/3000 [06:52<01:16,  6.35it/s]
 84%|ΓûêΓûêΓûêΓûêΓûêΓûêΓûêΓûêΓûì | 2513/3000 [06:52<01:14,  6.58it/s]
 84%|ΓûêΓûêΓûêΓûêΓûêΓûêΓûêΓûêΓûì | 2514/3000 [06:53<01:50,  4.38it/s]
 84%|ΓûêΓûêΓûêΓûêΓûêΓûêΓûêΓûêΓûì | 2515/3000 [06:53<01:38,  4.92it/s]
 84%|ΓûêΓûêΓûêΓûêΓûêΓûêΓûêΓûêΓûì | 2516/3000 [06:53<01:29,  5.42it/s]
 84%|ΓûêΓûêΓûêΓûêΓûêΓûêΓûêΓûêΓûì | 2517/3000 [06:53<01:47,  4.50it/s]
 84%|ΓûêΓûêΓûêΓûêΓûêΓûêΓûêΓûêΓûì | 2518/3000 [06:53<01:36,  4.98it/s]
 84%|ΓûêΓûêΓûêΓûêΓûêΓûêΓûêΓûêΓûì | 2519/3000 [06:54<01:29,  5.36it/s]
 84%|ΓûêΓûêΓûêΓûêΓûêΓûêΓûêΓûêΓûì | 2520/3000 [06:54<01:25,  5.62it/s]
 84%|ΓûêΓûêΓûêΓûêΓûêΓûêΓûêΓûêΓûì | 2521/3000 [06:54<01:15,  6.33it/s]
 84%|ΓûêΓûêΓûêΓûêΓûêΓûêΓûêΓûêΓûì | 2522/3000 [06:54<01:10,  6.78it/s]
 84%|ΓûêΓûêΓûêΓûêΓûêΓûêΓûêΓûêΓûì | 2523/3000 [06:54<01:24,  5.62it/s]
 84%|ΓûêΓûêΓûêΓûêΓûêΓûêΓûêΓûêΓûì | 2524/3000 [06:54<01:15,  6.29it/s]
 84%|ΓûêΓûêΓûêΓûêΓûêΓûêΓûêΓûêΓûì | 2525/3000 [06:54<01:15,  6.27it/s]
 84%|ΓûêΓûêΓûêΓûêΓûêΓûêΓûêΓûêΓûì | 2526/3000 [06:55<01:26,  5.48it/s]
 84%|ΓûêΓûêΓûêΓûêΓûêΓûêΓûêΓûêΓûì | 2527/3000 [06:55<01:34,  5.02it/s]
 84%|ΓûêΓûêΓûêΓûêΓûêΓûêΓûêΓûêΓûì | 2528/3000 [06:55<01:21,  5.80it/s]
 84%|ΓûêΓûêΓûêΓûêΓûêΓûêΓûêΓûêΓûì | 2529/3000 [06:55<01:26,  5.45it/s]
 84%|ΓûêΓûêΓûêΓûêΓûêΓûêΓûêΓûêΓûì | 2530/3000 [06:55<01:24,  5.58it/s]
 84%|ΓûêΓûêΓûêΓûêΓûêΓûêΓûêΓûêΓûì | 2531/3000 [06:56<01:19,  5.92it/s]
 84%|ΓûêΓûêΓûêΓûêΓûêΓûêΓûêΓûêΓûì | 2532/3000 [06:56<01:21,  5.73it/s]
 84%|ΓûêΓûêΓûêΓûêΓûêΓûêΓûêΓûêΓûì | 2533/3000 [06:56<02:04,  3.74it/s]
 84%|ΓûêΓûêΓûêΓûêΓûêΓûêΓûêΓûêΓûì | 2534/3000 [06:56<01:48,  4.28it/s]
 84%|ΓûêΓûêΓûêΓûêΓûêΓûêΓûêΓûêΓûì | 2535/3000 [06:57<01:41,  4.60it/s]
 85%|ΓûêΓûêΓûêΓûêΓûêΓûêΓûêΓûêΓûì | 2536/3000 [06:57<01:26,  5.35it/s]
 85%|ΓûêΓûêΓûêΓûêΓûêΓûêΓûêΓûêΓûì | 2537/3000 [06:57<01:22,  5.61it/s]
 85%|ΓûêΓûêΓûêΓûêΓûêΓûêΓûêΓûêΓûì | 2538/3000 [06:57<01:16,  6.05it/s]
 85%|ΓûêΓûêΓûêΓûêΓûêΓûêΓûêΓûêΓûì | 2539/3000 [06:57<01:12,  6.32it/s]
 85%|ΓûêΓûêΓûêΓûêΓûêΓûêΓûêΓûêΓûì | 2540/3000 [06:57<01:10,  6.52it/s]
 85%|ΓûêΓûêΓûêΓûêΓûêΓûêΓûêΓûêΓûì | 2541/3000 [06:57<01:24,  5.45it/s]
 85%|ΓûêΓûêΓûêΓûêΓûêΓûêΓûêΓûêΓûì | 2542/3000 [06:58<01:30,  5.05it/s]
 85%|ΓûêΓûêΓûêΓûêΓûêΓûêΓûêΓûêΓûì | 2543/3000 [06:58<01:24,  5.40it/s]
 85%|ΓûêΓûêΓûêΓûêΓûêΓûêΓûêΓûêΓûì | 2544/3000 [06:58<01:27,  5.22it/s]
 85%|ΓûêΓûêΓûêΓûêΓûêΓûêΓûêΓûêΓûì | 2545/3000 [06:58<01:25,  5.31it/s]
 85%|ΓûêΓûêΓûêΓûêΓûêΓûêΓûêΓûêΓûì | 2546/3000 [06:58<01:24,  5.39it/s]
 85%|ΓûêΓûêΓûêΓûêΓûêΓûêΓûêΓûêΓûì | 2547/3000 [06:59<01:19,  5.73it/s]
 85%|ΓûêΓûêΓûêΓûêΓûêΓûêΓûêΓûêΓûì | 2548/3000 [06:59<01:14,  6.07it/s]
 85%|ΓûêΓûêΓûêΓûêΓûêΓûêΓûêΓûêΓûì | 2549/3000 [06:59<01:07,  6.72it/s]
 85%|ΓûêΓûêΓûêΓûêΓûêΓûêΓûêΓûêΓûî | 2550/3000 [06:59<01:02,  7.25it/s]
 85%|ΓûêΓûêΓûêΓûêΓûêΓûêΓûêΓûêΓûî | 2551/3000 [06:59<01:21,  5.48it/s]
 85%|ΓûêΓûêΓûêΓûêΓûêΓûêΓûêΓûêΓûî | 2552/3000 [06:59<01:23,  5.34it/s]
 85%|ΓûêΓûêΓûêΓûêΓûêΓûêΓûêΓûêΓûî | 2553/3000 [07:00<01:18,  5.69it/s]
 85%|ΓûêΓûêΓûêΓûêΓûêΓûêΓûêΓûêΓûî | 2554/3000 [07:00<01:18,  5.65it/s]
 85%|ΓûêΓûêΓûêΓûêΓûêΓûêΓûêΓûêΓûî | 2555/3000 [07:00<01:25,  5.18it/s]
 85%|ΓûêΓûêΓûêΓûêΓûêΓûêΓûêΓûêΓûî | 2556/3000 [07:00<01:21,  5.43it/s]
 85%|ΓûêΓûêΓûêΓûêΓûêΓûêΓûêΓûêΓûî | 2557/3000 [07:00<01:14,  5.93it/s]
 85%|ΓûêΓûêΓûêΓûêΓûêΓûêΓûêΓûêΓûî | 2558/3000 [07:00<01:07,  6.53it/s]
 85%|ΓûêΓûêΓûêΓûêΓûêΓûêΓûêΓûêΓûî | 2559/3000 [07:01<01:47,  4.09it/s]
 85%|ΓûêΓûêΓûêΓûêΓûêΓûêΓûêΓûêΓûî | 2560/3000 [07:01<01:38,  4.48it/s]
 85%|ΓûêΓûêΓûêΓûêΓûêΓûêΓûêΓûêΓûî | 2561/3000 [07:01<01:34,  4.65it/s]
 85%|ΓûêΓûêΓûêΓûêΓûêΓûêΓûêΓûêΓûî | 2562/3000 [07:01<01:24,  5.20it/s]
 85%|ΓûêΓûêΓûêΓûêΓûêΓûêΓûêΓûêΓûî | 2563/3000 [07:02<01:17,  5.66it/s]
 85%|ΓûêΓûêΓûêΓûêΓûêΓûêΓûêΓûêΓûî | 2564/3000 [07:02<01:17,  5.59it/s]
 86%|ΓûêΓûêΓûêΓûêΓûêΓûêΓûêΓûêΓûî | 2565/3000 [07:02<01:08,  6.36it/s]
 86%|ΓûêΓûêΓûêΓûêΓûêΓûêΓûêΓûêΓûî | 2566/3000 [07:02<01:02,  6.94it/s]
 86%|ΓûêΓûêΓûêΓûêΓûêΓûêΓûêΓûêΓûî | 2567/3000 [07:02<01:06,  6.46it/s]
 86%|ΓûêΓûêΓûêΓûêΓûêΓûêΓûêΓûêΓûî | 2568/3000 [07:02<01:01,  6.98it/s]
 86%|ΓûêΓûêΓûêΓûêΓûêΓûêΓûêΓûêΓûî | 2569/3000 [07:02<00:57,  7.54it/s]
 86%|ΓûêΓûêΓûêΓûêΓûêΓûêΓûêΓûêΓûî | 2570/3000 [07:02<00:56,  7.67it/s]
 86%|ΓûêΓûêΓûêΓûêΓûêΓûêΓûêΓûêΓûî | 2571/3000 [07:03<01:06,  6.43it/s]
 86%|ΓûêΓûêΓûêΓûêΓûêΓûêΓûêΓûêΓûî | 2572/3000 [07:03<01:09,  6.17it/s]
 86%|ΓûêΓûêΓûêΓûêΓûêΓûêΓûêΓûêΓûî | 2573/3000 [07:03<01:17,  5.51it/s]
 86%|ΓûêΓûêΓûêΓûêΓûêΓûêΓûêΓûêΓûî | 2574/3000 [07:03<01:12,  5.86it/s]
 86%|ΓûêΓûêΓûêΓûêΓûêΓûêΓûêΓûêΓûî | 2575/3000 [07:03<01:05,  6.45it/s]
 86%|ΓûêΓûêΓûêΓûêΓûêΓûêΓûêΓûêΓûî | 2577/3000 [07:04<01:01,  6.89it/s]
 86%|ΓûêΓûêΓûêΓûêΓûêΓûêΓûêΓûêΓûî | 2578/3000 [07:04<01:01,  6.84it/s]
 86%|ΓûêΓûêΓûêΓûêΓûêΓûêΓûêΓûêΓûî | 2579/3000 [07:04<00:57,  7.27it/s]
 86%|ΓûêΓûêΓûêΓûêΓûêΓûêΓûêΓûêΓûî | 2580/3000 [07:04<01:04,  6.54it/s]
 86%|ΓûêΓûêΓûêΓûêΓûêΓûêΓûêΓûêΓûî | 2581/3000 [07:04<01:27,  4.78it/s]
 86%|ΓûêΓûêΓûêΓûêΓûêΓûêΓûêΓûêΓûî | 2582/3000 [07:05<01:24,  4.95it/s]
 86%|ΓûêΓûêΓûêΓûêΓûêΓûêΓûêΓûêΓûî | 2583/3000 [07:05<01:24,  4.96it/s]
 86%|ΓûêΓûêΓûêΓûêΓûêΓûêΓûêΓûêΓûî | 2584/3000 [07:05<01:16,  5.45it/s]
 86%|ΓûêΓûêΓûêΓûêΓûêΓûêΓûêΓûêΓûî | 2585/3000 [07:05<01:15,  5.47it/s]
 86%|ΓûêΓûêΓûêΓûêΓûêΓûêΓûêΓûêΓûî | 2586/3000 [07:05<01:06,  6.23it/s]
 86%|ΓûêΓûêΓûêΓûêΓûêΓûêΓûêΓûêΓûî | 2587/3000 [07:06<01:22,  4.98it/s]
 86%|ΓûêΓûêΓûêΓûêΓûêΓûêΓûêΓûêΓûï | 2588/3000 [07:06<01:25,  4.82it/s]
 86%|ΓûêΓûêΓûêΓûêΓûêΓûêΓûêΓûêΓûï | 2589/3000 [07:06<01:16,  5.35it/s]
 86%|ΓûêΓûêΓûêΓûêΓûêΓûêΓûêΓûêΓûï | 2590/3000 [07:06<01:09,  5.93it/s]
 86%|ΓûêΓûêΓûêΓûêΓûêΓûêΓûêΓûêΓûï | 2591/3000 [07:06<01:07,  6.06it/s]
 86%|ΓûêΓûêΓûêΓûêΓûêΓûêΓûêΓûêΓûï | 2592/3000 [07:06<01:12,  5.60it/s]
 86%|ΓûêΓûêΓûêΓûêΓûêΓûêΓûêΓûêΓûï | 2593/3000 [07:07<01:21,  4.98it/s]
 86%|ΓûêΓûêΓûêΓûêΓûêΓûêΓûêΓûêΓûï | 2594/3000 [07:07<01:13,  5.50it/s]
 86%|ΓûêΓûêΓûêΓûêΓûêΓûêΓûêΓûêΓûï | 2595/3000 [07:07<01:07,  5.98it/s]
 87%|ΓûêΓûêΓûêΓûêΓûêΓûêΓûêΓûêΓûï | 2596/3000 [07:07<01:12,  5.54it/s]
 87%|ΓûêΓûêΓûêΓûêΓûêΓûêΓûêΓûêΓûï | 2597/3000 [07:07<01:17,  5.17it/s]
 87%|ΓûêΓûêΓûêΓûêΓûêΓûêΓûêΓûêΓûï | 2598/3000 [07:07<01:14,  5.38it/s]
 87%|ΓûêΓûêΓûêΓûêΓûêΓûêΓûêΓûêΓûï | 2599/3000 [07:08<01:05,  6.09it/s]
 87%|ΓûêΓûêΓûêΓûêΓûêΓûêΓûêΓûêΓûï | 2600/3000 [07:08<00:59,  6.74it/s]
 87%|ΓûêΓûêΓûêΓûêΓûêΓûêΓûêΓûêΓûï | 2601/3000 [07:08<00:55,  7.21it/s]
 87%|ΓûêΓûêΓûêΓûêΓûêΓûêΓûêΓûêΓûï | 2602/3000 [07:08<00:59,  6.64it/s]
 87%|ΓûêΓûêΓûêΓûêΓûêΓûêΓûêΓûêΓûï | 2603/3000 [07:08<01:00,  6.56it/s]
 87%|ΓûêΓûêΓûêΓûêΓûêΓûêΓûêΓûêΓûï | 2604/3000 [07:08<00:57,  6.83it/s]
 87%|ΓûêΓûêΓûêΓûêΓûêΓûêΓûêΓûêΓûï | 2605/3000 [07:08<00:53,  7.34it/s]
 87%|ΓûêΓûêΓûêΓûêΓûêΓûêΓûêΓûêΓûï | 2606/3000 [07:09<00:51,  7.62it/s]
 87%|ΓûêΓûêΓûêΓûêΓûêΓûêΓûêΓûêΓûï | 2607/3000 [07:09<00:56,  6.95it/s]
 87%|ΓûêΓûêΓûêΓûêΓûêΓûêΓûêΓûêΓûï | 2608/3000 [07:09<01:07,  5.82it/s]
 87%|ΓûêΓûêΓûêΓûêΓûêΓûêΓûêΓûêΓûï | 2609/3000 [07:09<01:33,  4.17it/s]
 87%|ΓûêΓûêΓûêΓûêΓûêΓûêΓûêΓûêΓûï | 2610/3000 [07:09<01:17,  5.01it/s]
 87%|ΓûêΓûêΓûêΓûêΓûêΓûêΓûêΓûêΓûï | 2611/3000 [07:10<01:17,  4.99it/s]
 87%|ΓûêΓûêΓûêΓûêΓûêΓûêΓûêΓûêΓûï | 2612/3000 [07:10<01:08,  5.70it/s]
 87%|ΓûêΓûêΓûêΓûêΓûêΓûêΓûêΓûêΓûï | 2613/3000 [07:10<01:05,  5.87it/s]
 87%|ΓûêΓûêΓûêΓûêΓûêΓûêΓûêΓûêΓûï | 2614/3000 [07:10<01:12,  5.36it/s]
 87%|ΓûêΓûêΓûêΓûêΓûêΓûêΓûêΓûêΓûï | 2615/3000 [07:10<01:21,  4.74it/s]
 87%|ΓûêΓûêΓûêΓûêΓûêΓûêΓûêΓûêΓûï | 2616/3000 [07:11<01:24,  4.53it/s]
 87%|ΓûêΓûêΓûêΓûêΓûêΓûêΓûêΓûêΓûï | 2617/3000 [07:11<01:11,  5.37it/s]
 87%|ΓûêΓûêΓûêΓûêΓûêΓûêΓûêΓûêΓûï | 2618/3000 [07:11<01:04,  5.96it/s]
 87%|ΓûêΓûêΓûêΓûêΓûêΓûêΓûêΓûêΓûï | 2619/3000 [07:11<01:00,  6.32it/s]
 87%|ΓûêΓûêΓûêΓûêΓûêΓûêΓûêΓûêΓûï | 2620/3000 [07:11<00:55,  6.81it/s]
 87%|ΓûêΓûêΓûêΓûêΓûêΓûêΓûêΓûêΓûï | 2621/3000 [07:11<01:02,  6.06it/s]
 87%|ΓûêΓûêΓûêΓûêΓûêΓûêΓûêΓûêΓûï | 2622/3000 [07:11<00:57,  6.60it/s]
 87%|ΓûêΓûêΓûêΓûêΓûêΓûêΓûêΓûêΓûï | 2623/3000 [07:12<00:52,  7.19it/s]
 87%|ΓûêΓûêΓûêΓûêΓûêΓûêΓûêΓûêΓûï | 2624/3000 [07:12<00:50,  7.48it/s]
 88%|ΓûêΓûêΓûêΓûêΓûêΓûêΓûêΓûêΓûè | 2625/3000 [07:12<00:57,  6.51it/s]
 88%|ΓûêΓûêΓûêΓûêΓûêΓûêΓûêΓûêΓûè | 2626/3000 [07:12<00:58,  6.42it/s]
 88%|ΓûêΓûêΓûêΓûêΓûêΓûêΓûêΓûêΓûè | 2627/3000 [07:12<00:57,  6.48it/s]
 88%|ΓûêΓûêΓûêΓûêΓûêΓûêΓûêΓûêΓûè | 2628/3000 [07:12<00:53,  7.01it/s]
 88%|ΓûêΓûêΓûêΓûêΓûêΓûêΓûêΓûêΓûè | 2629/3000 [07:13<01:04,  5.74it/s]
 88%|ΓûêΓûêΓûêΓûêΓûêΓûêΓûêΓûêΓûè | 2630/3000 [07:13<00:57,  6.41it/s]
 88%|ΓûêΓûêΓûêΓûêΓûêΓûêΓûêΓûêΓûè | 2631/3000 [07:13<00:59,  6.23it/s]
 88%|ΓûêΓûêΓûêΓûêΓûêΓûêΓûêΓûêΓûè | 2632/3000 [07:13<01:04,  5.68it/s]
 88%|ΓûêΓûêΓûêΓûêΓûêΓûêΓûêΓûêΓûè | 2633/3000 [07:13<01:00,  6.12it/s]
 88%|ΓûêΓûêΓûêΓûêΓûêΓûêΓûêΓûêΓûè | 2634/3000 [07:13<01:00,  6.09it/s]
 88%|ΓûêΓûêΓûêΓûêΓûêΓûêΓûêΓûêΓûè | 2635/3000 [07:14<00:58,  6.28it/s]
 88%|ΓûêΓûêΓûêΓûêΓûêΓûêΓûêΓûêΓûè | 2636/3000 [07:14<00:52,  6.90it/s]
 88%|ΓûêΓûêΓûêΓûêΓûêΓûêΓûêΓûêΓûè | 2637/3000 [07:14<00:54,  6.70it/s]
 88%|ΓûêΓûêΓûêΓûêΓûêΓûêΓûêΓûêΓûè | 2638/3000 [07:14<00:52,  6.91it/s]
 88%|ΓûêΓûêΓûêΓûêΓûêΓûêΓûêΓûêΓûè | 2639/3000 [07:14<01:01,  5.90it/s]
 88%|ΓûêΓûêΓûêΓûêΓûêΓûêΓûêΓûêΓûè | 2640/3000 [07:14<00:54,  6.56it/s]
 88%|ΓûêΓûêΓûêΓûêΓûêΓûêΓûêΓûêΓûè | 2641/3000 [07:14<00:49,  7.23it/s]
 88%|ΓûêΓûêΓûêΓûêΓûêΓûêΓûêΓûêΓûè | 2642/3000 [07:14<00:45,  7.81it/s]
 88%|ΓûêΓûêΓûêΓûêΓûêΓûêΓûêΓûêΓûè | 2643/3000 [07:15<00:44,  8.03it/s]
 88%|ΓûêΓûêΓûêΓûêΓûêΓûêΓûêΓûêΓûè | 2644/3000 [07:15<00:45,  7.87it/s]
 88%|ΓûêΓûêΓûêΓûêΓûêΓûêΓûêΓûêΓûè | 2645/3000 [07:15<00:48,  7.38it/s]
 88%|ΓûêΓûêΓûêΓûêΓûêΓûêΓûêΓûêΓûè | 2646/3000 [07:15<00:48,  7.27it/s]
 88%|ΓûêΓûêΓûêΓûêΓûêΓûêΓûêΓûêΓûè | 2647/3000 [07:15<00:54,  6.46it/s]
 88%|ΓûêΓûêΓûêΓûêΓûêΓûêΓûêΓûêΓûè | 2648/3000 [07:15<00:53,  6.59it/s]
 88%|ΓûêΓûêΓûêΓûêΓûêΓûêΓûêΓûêΓûè | 2649/3000 [07:16<00:55,  6.36it/s]
 88%|ΓûêΓûêΓûêΓûêΓûêΓûêΓûêΓûêΓûè | 2650/3000 [07:16<00:53,  6.56it/s]
 88%|ΓûêΓûêΓûêΓûêΓûêΓûêΓûêΓûêΓûè | 2651/3000 [07:16<00:49,  7.07it/s]
 88%|ΓûêΓûêΓûêΓûêΓûêΓûêΓûêΓûêΓûè | 2652/3000 [07:16<00:46,  7.47it/s]
 88%|ΓûêΓûêΓûêΓûêΓûêΓûêΓûêΓûêΓûè | 2653/3000 [07:16<00:45,  7.69it/s]
 88%|ΓûêΓûêΓûêΓûêΓûêΓûêΓûêΓûêΓûè | 2654/3000 [07:16<00:46,  7.51it/s]
 88%|ΓûêΓûêΓûêΓûêΓûêΓûêΓûêΓûêΓûè | 2655/3000 [07:16<00:50,  6.82it/s]
 89%|ΓûêΓûêΓûêΓûêΓûêΓûêΓûêΓûêΓûè | 2656/3000 [07:16<00:48,  7.03it/s]
 89%|ΓûêΓûêΓûêΓûêΓûêΓûêΓûêΓûêΓûè | 2657/3000 [07:17<00:53,  6.37it/s]
 89%|ΓûêΓûêΓûêΓûêΓûêΓûêΓûêΓûêΓûè | 2658/3000 [07:17<00:56,  6.00it/s]
 89%|ΓûêΓûêΓûêΓûêΓûêΓûêΓûêΓûêΓûè | 2659/3000 [07:17<01:03,  5.41it/s]
 89%|ΓûêΓûêΓûêΓûêΓûêΓûêΓûêΓûêΓûè | 2660/3000 [07:17<00:55,  6.07it/s]
 89%|ΓûêΓûêΓûêΓûêΓûêΓûêΓûêΓûêΓûè | 2661/3000 [07:17<00:49,  6.81it/s]
 89%|ΓûêΓûêΓûêΓûêΓûêΓûêΓûêΓûêΓûè | 2662/3000 [07:18<01:03,  5.29it/s]
 89%|ΓûêΓûêΓûêΓûêΓûêΓûêΓûêΓûêΓûë | 2663/3000 [07:18<00:58,  5.80it/s]
 89%|ΓûêΓûêΓûêΓûêΓûêΓûêΓûêΓûêΓûë | 2664/3000 [07:18<01:04,  5.23it/s]
 89%|ΓûêΓûêΓûêΓûêΓûêΓûêΓûêΓûêΓûë | 2665/3000 [07:18<01:13,  4.55it/s]
 89%|ΓûêΓûêΓûêΓûêΓûêΓûêΓûêΓûêΓûë | 2666/3000 [07:18<01:12,  4.60it/s]
 89%|ΓûêΓûêΓûêΓûêΓûêΓûêΓûêΓûêΓûë | 2667/3000 [07:19<01:16,  4.37it/s]
 89%|ΓûêΓûêΓûêΓûêΓûêΓûêΓûêΓûêΓûë | 2668/3000 [07:19<01:07,  4.93it/s]
 89%|ΓûêΓûêΓûêΓûêΓûêΓûêΓûêΓûêΓûë | 2669/3000 [07:19<00:57,  5.78it/s]
 89%|ΓûêΓûêΓûêΓûêΓûêΓûêΓûêΓûêΓûë | 2670/3000 [07:19<00:50,  6.50it/s]
 89%|ΓûêΓûêΓûêΓûêΓûêΓûêΓûêΓûêΓûë | 2671/3000 [07:19<00:47,  6.96it/s]
 89%|ΓûêΓûêΓûêΓûêΓûêΓûêΓûêΓûêΓûë | 2672/3000 [07:19<00:51,  6.31it/s]
 89%|ΓûêΓûêΓûêΓûêΓûêΓûêΓûêΓûêΓûë | 2673/3000 [07:20<01:00,  5.37it/s]
 89%|ΓûêΓûêΓûêΓûêΓûêΓûêΓûêΓûêΓûë | 2674/3000 [07:20<00:58,  5.57it/s]
 89%|ΓûêΓûêΓûêΓûêΓûêΓûêΓûêΓûêΓûë | 2675/3000 [07:20<00:52,  6.18it/s]
 89%|ΓûêΓûêΓûêΓûêΓûêΓûêΓûêΓûêΓûë | 2676/3000 [07:20<00:56,  5.68it/s]
 89%|ΓûêΓûêΓûêΓûêΓûêΓûêΓûêΓûêΓûë | 2677/3000 [07:20<00:52,  6.18it/s]
 89%|ΓûêΓûêΓûêΓûêΓûêΓûêΓûêΓûêΓûë | 2678/3000 [07:20<00:56,  5.74it/s]
 89%|ΓûêΓûêΓûêΓûêΓûêΓûêΓûêΓûêΓûë | 2679/3000 [07:21<00:53,  6.03it/s]
 89%|ΓûêΓûêΓûêΓûêΓûêΓûêΓûêΓûêΓûë | 2680/3000 [07:21<00:52,  6.14it/s]
 89%|ΓûêΓûêΓûêΓûêΓûêΓûêΓûêΓûêΓûë | 2681/3000 [07:21<00:52,  6.08it/s]
 89%|ΓûêΓûêΓûêΓûêΓûêΓûêΓûêΓûêΓûë | 2683/3000 [07:21<00:36,  8.70it/s]
 89%|ΓûêΓûêΓûêΓûêΓûêΓûêΓûêΓûêΓûë | 2684/3000 [07:21<00:41,  7.58it/s]
 90%|ΓûêΓûêΓûêΓûêΓûêΓûêΓûêΓûêΓûë | 2685/3000 [07:21<00:39,  7.88it/s]
 90%|ΓûêΓûêΓûêΓûêΓûêΓûêΓûêΓûêΓûë | 2686/3000 [07:21<00:37,  8.29it/s]
 90%|ΓûêΓûêΓûêΓûêΓûêΓûêΓûêΓûêΓûë | 2687/3000 [07:22<00:39,  7.92it/s]
 90%|ΓûêΓûêΓûêΓûêΓûêΓûêΓûêΓûêΓûë | 2688/3000 [07:22<00:38,  8.06it/s]
 90%|ΓûêΓûêΓûêΓûêΓûêΓûêΓûêΓûêΓûë | 2689/3000 [07:22<00:43,  7.18it/s]
 90%|ΓûêΓûêΓûêΓûêΓûêΓûêΓûêΓûêΓûë | 2690/3000 [07:22<00:45,  6.77it/s]
 90%|ΓûêΓûêΓûêΓûêΓûêΓûêΓûêΓûêΓûë | 2691/3000 [07:22<00:49,  6.21it/s]
 90%|ΓûêΓûêΓûêΓûêΓûêΓûêΓûêΓûêΓûë | 2692/3000 [07:22<00:45,  6.75it/s]
 90%|ΓûêΓûêΓûêΓûêΓûêΓûêΓûêΓûêΓûë | 2693/3000 [07:22<00:41,  7.33it/s]
 90%|ΓûêΓûêΓûêΓûêΓûêΓûêΓûêΓûêΓûë | 2694/3000 [07:23<00:43,  7.09it/s]
 90%|ΓûêΓûêΓûêΓûêΓûêΓûêΓûêΓûêΓûë | 2695/3000 [07:23<00:42,  7.23it/s]
 90%|ΓûêΓûêΓûêΓûêΓûêΓûêΓûêΓûêΓûë | 2696/3000 [07:23<00:40,  7.45it/s]
 90%|ΓûêΓûêΓûêΓûêΓûêΓûêΓûêΓûêΓûë | 2697/3000 [07:23<00:42,  7.14it/s]
 90%|ΓûêΓûêΓûêΓûêΓûêΓûêΓûêΓûêΓûë | 2698/3000 [07:23<00:41,  7.22it/s]
 90%|ΓûêΓûêΓûêΓûêΓûêΓûêΓûêΓûêΓûë | 2699/3000 [07:23<00:42,  7.08it/s]
 90%|ΓûêΓûêΓûêΓûêΓûêΓûêΓûêΓûêΓûê | 2700/3000 [07:24<00:55,  5.45it/s]
 90%|ΓûêΓûêΓûêΓûêΓûêΓûêΓûêΓûêΓûê | 2701/3000 [07:24<00:47,  6.28it/s]
 90%|ΓûêΓûêΓûêΓûêΓûêΓûêΓûêΓûêΓûê | 2702/3000 [07:24<00:48,  6.13it/s]
 90%|ΓûêΓûêΓûêΓûêΓûêΓûêΓûêΓûêΓûê | 2703/3000 [07:24<00:45,  6.55it/s]
 90%|ΓûêΓûêΓûêΓûêΓûêΓûêΓûêΓûêΓûê | 2704/3000 [07:24<00:41,  7.22it/s]
 90%|ΓûêΓûêΓûêΓûêΓûêΓûêΓûêΓûêΓûê | 2705/3000 [07:24<00:43,  6.77it/s]
 90%|ΓûêΓûêΓûêΓûêΓûêΓûêΓûêΓûêΓûê | 2706/3000 [07:24<00:44,  6.68it/s]
 90%|ΓûêΓûêΓûêΓûêΓûêΓûêΓûêΓûêΓûê | 2707/3000 [07:25<00:40,  7.32it/s]
 90%|ΓûêΓûêΓûêΓûêΓûêΓûêΓûêΓûêΓûê | 2708/3000 [07:25<00:47,  6.09it/s]
 90%|ΓûêΓûêΓûêΓûêΓûêΓûêΓûêΓûêΓûê | 2709/3000 [07:25<00:47,  6.19it/s]
 90%|ΓûêΓûêΓûêΓûêΓûêΓûêΓûêΓûêΓûê | 2710/3000 [07:25<00:49,  5.91it/s]
 90%|ΓûêΓûêΓûêΓûêΓûêΓûêΓûêΓûêΓûê | 2711/3000 [07:25<00:48,  6.01it/s]
 90%|ΓûêΓûêΓûêΓûêΓûêΓûêΓûêΓûêΓûê | 2713/3000 [07:25<00:39,  7.30it/s]
 90%|ΓûêΓûêΓûêΓûêΓûêΓûêΓûêΓûêΓûê | 2714/3000 [07:26<00:41,  6.83it/s]
 90%|ΓûêΓûêΓûêΓûêΓûêΓûêΓûêΓûêΓûê | 2715/3000 [07:26<00:40,  7.01it/s]
 91%|ΓûêΓûêΓûêΓûêΓûêΓûêΓûêΓûêΓûê | 2716/3000 [07:26<00:41,  6.86it/s]
 91%|ΓûêΓûêΓûêΓûêΓûêΓûêΓûêΓûêΓûê | 2717/3000 [07:26<00:43,  6.51it/s]
 91%|ΓûêΓûêΓûêΓûêΓûêΓûêΓûêΓûêΓûê | 2718/3000 [07:26<00:45,  6.15it/s]
 91%|ΓûêΓûêΓûêΓûêΓûêΓûêΓûêΓûêΓûê | 2719/3000 [07:26<00:41,  6.79it/s]
 91%|ΓûêΓûêΓûêΓûêΓûêΓûêΓûêΓûêΓûê | 2720/3000 [07:27<00:37,  7.43it/s]
 91%|ΓûêΓûêΓûêΓûêΓûêΓûêΓûêΓûêΓûê | 2721/3000 [07:27<00:35,  7.90it/s]
 91%|ΓûêΓûêΓûêΓûêΓûêΓûêΓûêΓûêΓûê | 2722/3000 [07:27<00:40,  6.84it/s]
 91%|ΓûêΓûêΓûêΓûêΓûêΓûêΓûêΓûêΓûê | 2723/3000 [07:27<00:38,  7.28it/s]
 91%|ΓûêΓûêΓûêΓûêΓûêΓûêΓûêΓûêΓûê | 2724/3000 [07:27<00:44,  6.17it/s]
 91%|ΓûêΓûêΓûêΓûêΓûêΓûêΓûêΓûêΓûê | 2725/3000 [07:27<00:55,  4.94it/s]
 91%|ΓûêΓûêΓûêΓûêΓûêΓûêΓûêΓûêΓûê | 2726/3000 [07:28<00:48,  5.64it/s]
 91%|ΓûêΓûêΓûêΓûêΓûêΓûêΓûêΓûêΓûê | 2727/3000 [07:28<00:43,  6.26it/s]
 91%|ΓûêΓûêΓûêΓûêΓûêΓûêΓûêΓûêΓûê | 2728/3000 [07:28<00:39,  6.88it/s]
 91%|ΓûêΓûêΓûêΓûêΓûêΓûêΓûêΓûêΓûê | 2729/3000 [07:28<00:38,  6.97it/s]
 91%|ΓûêΓûêΓûêΓûêΓûêΓûêΓûêΓûêΓûê | 2730/3000 [07:28<00:37,  7.29it/s]
 91%|ΓûêΓûêΓûêΓûêΓûêΓûêΓûêΓûêΓûê | 2731/3000 [07:28<00:47,  5.63it/s]
 91%|ΓûêΓûêΓûêΓûêΓûêΓûêΓûêΓûêΓûê | 2732/3000 [07:29<00:47,  5.59it/s]
 91%|ΓûêΓûêΓûêΓûêΓûêΓûêΓûêΓûêΓûê | 2733/3000 [07:29<00:41,  6.39it/s]
 91%|ΓûêΓûêΓûêΓûêΓûêΓûêΓûêΓûêΓûê | 2734/3000 [07:29<00:39,  6.68it/s]
 91%|ΓûêΓûêΓûêΓûêΓûêΓûêΓûêΓûêΓûê | 2735/3000 [07:29<00:43,  6.09it/s]
 91%|ΓûêΓûêΓûêΓûêΓûêΓûêΓûêΓûêΓûê | 2736/3000 [07:29<00:39,  6.75it/s]
 91%|ΓûêΓûêΓûêΓûêΓûêΓûêΓûêΓûêΓûê | 2737/3000 [07:29<00:40,  6.42it/s]
 91%|ΓûêΓûêΓûêΓûêΓûêΓûêΓûêΓûêΓûêΓûÅ| 2738/3000 [07:29<00:40,  6.40it/s]
 91%|ΓûêΓûêΓûêΓûêΓûêΓûêΓûêΓûêΓûêΓûÅ| 2739/3000 [07:30<00:41,  6.28it/s]
 91%|ΓûêΓûêΓûêΓûêΓûêΓûêΓûêΓûêΓûêΓûÅ| 2740/3000 [07:30<00:38,  6.75it/s]
 91%|ΓûêΓûêΓûêΓûêΓûêΓûêΓûêΓûêΓûêΓûÅ| 2741/3000 [07:30<00:36,  7.15it/s]
 91%|ΓûêΓûêΓûêΓûêΓûêΓûêΓûêΓûêΓûêΓûÅ| 2742/3000 [07:30<00:35,  7.27it/s]
 91%|ΓûêΓûêΓûêΓûêΓûêΓûêΓûêΓûêΓûêΓûÅ| 2743/3000 [07:30<00:34,  7.37it/s]
 91%|ΓûêΓûêΓûêΓûêΓûêΓûêΓûêΓûêΓûêΓûÅ| 2744/3000 [07:30<00:33,  7.70it/s]
 92%|ΓûêΓûêΓûêΓûêΓûêΓûêΓûêΓûêΓûêΓûÅ| 2745/3000 [07:30<00:31,  8.17it/s]
 92%|ΓûêΓûêΓûêΓûêΓûêΓûêΓûêΓûêΓûêΓûÅ| 2746/3000 [07:30<00:35,  7.08it/s]
 92%|ΓûêΓûêΓûêΓûêΓûêΓûêΓûêΓûêΓûêΓûÅ| 2747/3000 [07:31<00:33,  7.49it/s]
 92%|ΓûêΓûêΓûêΓûêΓûêΓûêΓûêΓûêΓûêΓûÅ| 2748/3000 [07:31<00:39,  6.41it/s]
 92%|ΓûêΓûêΓûêΓûêΓûêΓûêΓûêΓûêΓûêΓûÅ| 2749/3000 [07:31<00:37,  6.78it/s]
 92%|ΓûêΓûêΓûêΓûêΓûêΓûêΓûêΓûêΓûêΓûÅ| 2750/3000 [07:31<00:38,  6.45it/s]
 92%|ΓûêΓûêΓûêΓûêΓûêΓûêΓûêΓûêΓûêΓûÅ| 2751/3000 [07:31<00:36,  6.79it/s]
 92%|ΓûêΓûêΓûêΓûêΓûêΓûêΓûêΓûêΓûêΓûÅ| 2752/3000 [07:31<00:44,  5.63it/s]
 92%|ΓûêΓûêΓûêΓûêΓûêΓûêΓûêΓûêΓûêΓûÅ| 2753/3000 [07:32<00:39,  6.29it/s]
 92%|ΓûêΓûêΓûêΓûêΓûêΓûêΓûêΓûêΓûêΓûÅ| 2754/3000 [07:32<00:35,  6.89it/s]
 92%|ΓûêΓûêΓûêΓûêΓûêΓûêΓûêΓûêΓûêΓûÅ| 2755/3000 [07:32<00:37,  6.62it/s]
 92%|ΓûêΓûêΓûêΓûêΓûêΓûêΓûêΓûêΓûêΓûÅ| 2756/3000 [07:32<00:44,  5.43it/s]
 92%|ΓûêΓûêΓûêΓûêΓûêΓûêΓûêΓûêΓûêΓûÅ| 2757/3000 [07:32<00:39,  6.16it/s]
 92%|ΓûêΓûêΓûêΓûêΓûêΓûêΓûêΓûêΓûêΓûÅ| 2758/3000 [07:32<00:39,  6.18it/s]
 92%|ΓûêΓûêΓûêΓûêΓûêΓûêΓûêΓûêΓûêΓûÅ| 2759/3000 [07:33<00:36,  6.66it/s]
 92%|ΓûêΓûêΓûêΓûêΓûêΓûêΓûêΓûêΓûêΓûÅ| 2760/3000 [07:33<00:35,  6.74it/s]
 92%|ΓûêΓûêΓûêΓûêΓûêΓûêΓûêΓûêΓûêΓûÅ| 2761/3000 [07:33<00:37,  6.40it/s]
 92%|ΓûêΓûêΓûêΓûêΓûêΓûêΓûêΓûêΓûêΓûÅ| 2762/3000 [07:33<00:35,  6.75it/s]
 92%|ΓûêΓûêΓûêΓûêΓûêΓûêΓûêΓûêΓûêΓûÅ| 2763/3000 [07:33<00:34,  6.89it/s]
 92%|ΓûêΓûêΓûêΓûêΓûêΓûêΓûêΓûêΓûêΓûÅ| 2764/3000 [07:33<00:31,  7.51it/s]
 92%|ΓûêΓûêΓûêΓûêΓûêΓûêΓûêΓûêΓûêΓûÅ| 2765/3000 [07:33<00:30,  7.72it/s]
 92%|ΓûêΓûêΓûêΓûêΓûêΓûêΓûêΓûêΓûêΓûÅ| 2766/3000 [07:33<00:32,  7.24it/s]
 92%|ΓûêΓûêΓûêΓûêΓûêΓûêΓûêΓûêΓûêΓûÅ| 2768/3000 [07:34<00:25,  9.21it/s]
 92%|ΓûêΓûêΓûêΓûêΓûêΓûêΓûêΓûêΓûêΓûÅ| 2769/3000 [07:34<00:25,  9.15it/s]
 92%|ΓûêΓûêΓûêΓûêΓûêΓûêΓûêΓûêΓûêΓûÅ| 2770/3000 [07:34<00:25,  9.04it/s]
 92%|ΓûêΓûêΓûêΓûêΓûêΓûêΓûêΓûêΓûêΓûÅ| 2771/3000 [07:34<00:25,  8.81it/s]
 92%|ΓûêΓûêΓûêΓûêΓûêΓûêΓûêΓûêΓûêΓûÅ| 2772/3000 [07:34<00:25,  8.78it/s]
 92%|ΓûêΓûêΓûêΓûêΓûêΓûêΓûêΓûêΓûêΓûÅ| 2773/3000 [07:34<00:26,  8.61it/s]
 92%|ΓûêΓûêΓûêΓûêΓûêΓûêΓûêΓûêΓûêΓûÅ| 2774/3000 [07:34<00:25,  8.85it/s]
 92%|ΓûêΓûêΓûêΓûêΓûêΓûêΓûêΓûêΓûêΓûÄ| 2775/3000 [07:34<00:26,  8.54it/s]
 93%|ΓûêΓûêΓûêΓûêΓûêΓûêΓûêΓûêΓûêΓûÄ| 2776/3000 [07:35<00:27,  8.02it/s]
 93%|ΓûêΓûêΓûêΓûêΓûêΓûêΓûêΓûêΓûêΓûÄ| 2777/3000 [07:35<00:32,  6.82it/s]
 93%|ΓûêΓûêΓûêΓûêΓûêΓûêΓûêΓûêΓûêΓûÄ| 2778/3000 [07:35<00:36,  6.13it/s]
 93%|ΓûêΓûêΓûêΓûêΓûêΓûêΓûêΓûêΓûêΓûÄ| 2779/3000 [07:35<00:34,  6.48it/s]
 93%|ΓûêΓûêΓûêΓûêΓûêΓûêΓûêΓûêΓûêΓûÄ| 2780/3000 [07:35<00:40,  5.45it/s]
 93%|ΓûêΓûêΓûêΓûêΓûêΓûêΓûêΓûêΓûêΓûÄ| 2781/3000 [07:36<00:36,  6.00it/s]
 93%|ΓûêΓûêΓûêΓûêΓûêΓûêΓûêΓûêΓûêΓûÄ| 2782/3000 [07:36<00:44,  4.88it/s]
 93%|ΓûêΓûêΓûêΓûêΓûêΓûêΓûêΓûêΓûêΓûÄ| 2783/3000 [07:36<00:40,  5.37it/s]
 93%|ΓûêΓûêΓûêΓûêΓûêΓûêΓûêΓûêΓûêΓûÄ| 2784/3000 [07:36<00:36,  5.89it/s]
 93%|ΓûêΓûêΓûêΓûêΓûêΓûêΓûêΓûêΓûêΓûÄ| 2785/3000 [07:36<00:39,  5.41it/s]
 93%|ΓûêΓûêΓûêΓûêΓûêΓûêΓûêΓûêΓûêΓûÄ| 2786/3000 [07:36<00:37,  5.67it/s]
 93%|ΓûêΓûêΓûêΓûêΓûêΓûêΓûêΓûêΓûêΓûÄ| 2787/3000 [07:37<00:39,  5.37it/s]
 93%|ΓûêΓûêΓûêΓûêΓûêΓûêΓûêΓûêΓûêΓûÄ| 2788/3000 [07:37<00:37,  5.71it/s]
 93%|ΓûêΓûêΓûêΓûêΓûêΓûêΓûêΓûêΓûêΓûÄ| 2789/3000 [07:37<00:44,  4.71it/s]
 93%|ΓûêΓûêΓûêΓûêΓûêΓûêΓûêΓûêΓûêΓûÄ| 2790/3000 [07:37<00:45,  4.63it/s]
 93%|ΓûêΓûêΓûêΓûêΓûêΓûêΓûêΓûêΓûêΓûÄ| 2791/3000 [07:37<00:41,  5.03it/s]
 93%|ΓûêΓûêΓûêΓûêΓûêΓûêΓûêΓûêΓûêΓûÄ| 2792/3000 [07:38<00:42,  4.93it/s]
 93%|ΓûêΓûêΓûêΓûêΓûêΓûêΓûêΓûêΓûêΓûÄ| 2793/3000 [07:38<00:43,  4.81it/s]
 93%|ΓûêΓûêΓûêΓûêΓûêΓûêΓûêΓûêΓûêΓûÄ| 2794/3000 [07:38<00:37,  5.46it/s]
 93%|ΓûêΓûêΓûêΓûêΓûêΓûêΓûêΓûêΓûêΓûÄ| 2795/3000 [07:38<00:41,  4.90it/s]
 93%|ΓûêΓûêΓûêΓûêΓûêΓûêΓûêΓûêΓûêΓûÄ| 2796/3000 [07:38<00:35,  5.68it/s]
 93%|ΓûêΓûêΓûêΓûêΓûêΓûêΓûêΓûêΓûêΓûÄ| 2797/3000 [07:39<00:39,  5.15it/s]
 93%|ΓûêΓûêΓûêΓûêΓûêΓûêΓûêΓûêΓûêΓûÄ| 2798/3000 [07:39<00:33,  5.95it/s]
 93%|ΓûêΓûêΓûêΓûêΓûêΓûêΓûêΓûêΓûêΓûÄ| 2799/3000 [07:39<00:29,  6.70it/s]
 93%|ΓûêΓûêΓûêΓûêΓûêΓûêΓûêΓûêΓûêΓûÄ| 2800/3000 [07:39<00:35,  5.63it/s]
 93%|ΓûêΓûêΓûêΓûêΓûêΓûêΓûêΓûêΓûêΓûÄ| 2801/3000 [07:39<00:31,  6.32it/s]
 93%|ΓûêΓûêΓûêΓûêΓûêΓûêΓûêΓûêΓûêΓûÄ| 2802/3000 [07:39<00:32,  6.11it/s]
 93%|ΓûêΓûêΓûêΓûêΓûêΓûêΓûêΓûêΓûêΓûÄ| 2803/3000 [07:40<00:31,  6.34it/s]
 93%|ΓûêΓûêΓûêΓûêΓûêΓûêΓûêΓûêΓûêΓûÄ| 2804/3000 [07:40<00:31,  6.19it/s]
 94%|ΓûêΓûêΓûêΓûêΓûêΓûêΓûêΓûêΓûêΓûÄ| 2805/3000 [07:40<00:28,  6.81it/s]
 94%|ΓûêΓûêΓûêΓûêΓûêΓûêΓûêΓûêΓûêΓûÄ| 2806/3000 [07:40<00:28,  6.71it/s]
 94%|ΓûêΓûêΓûêΓûêΓûêΓûêΓûêΓûêΓûêΓûÄ| 2807/3000 [07:40<00:27,  7.09it/s]
 94%|ΓûêΓûêΓûêΓûêΓûêΓûêΓûêΓûêΓûêΓûÄ| 2808/3000 [07:40<00:26,  7.23it/s]
 94%|ΓûêΓûêΓûêΓûêΓûêΓûêΓûêΓûêΓûêΓûÄ| 2809/3000 [07:40<00:30,  6.35it/s]
 94%|ΓûêΓûêΓûêΓûêΓûêΓûêΓûêΓûêΓûêΓûÄ| 2810/3000 [07:41<00:35,  5.33it/s]
 94%|ΓûêΓûêΓûêΓûêΓûêΓûêΓûêΓûêΓûêΓûÄ| 2811/3000 [07:41<00:31,  5.95it/s]
 94%|ΓûêΓûêΓûêΓûêΓûêΓûêΓûêΓûêΓûêΓûÄ| 2812/3000 [07:41<00:28,  6.67it/s]
 94%|ΓûêΓûêΓûêΓûêΓûêΓûêΓûêΓûêΓûêΓûì| 2813/3000 [07:41<00:25,  7.31it/s]
 94%|ΓûêΓûêΓûêΓûêΓûêΓûêΓûêΓûêΓûêΓûì| 2814/3000 [07:41<00:31,  5.98it/s]
 94%|ΓûêΓûêΓûêΓûêΓûêΓûêΓûêΓûêΓûêΓûì| 2815/3000 [07:41<00:27,  6.66it/s]
 94%|ΓûêΓûêΓûêΓûêΓûêΓûêΓûêΓûêΓûêΓûì| 2816/3000 [07:42<00:33,  5.53it/s]
 94%|ΓûêΓûêΓûêΓûêΓûêΓûêΓûêΓûêΓûêΓûì| 2817/3000 [07:42<00:29,  6.20it/s]
 94%|ΓûêΓûêΓûêΓûêΓûêΓûêΓûêΓûêΓûêΓûì| 2818/3000 [07:42<00:27,  6.57it/s]
 94%|ΓûêΓûêΓûêΓûêΓûêΓûêΓûêΓûêΓûêΓûì| 2819/3000 [07:42<00:25,  7.01it/s]
 94%|ΓûêΓûêΓûêΓûêΓûêΓûêΓûêΓûêΓûêΓûì| 2820/3000 [07:42<00:29,  6.05it/s]
 94%|ΓûêΓûêΓûêΓûêΓûêΓûêΓûêΓûêΓûêΓûì| 2821/3000 [07:42<00:28,  6.31it/s]
 94%|ΓûêΓûêΓûêΓûêΓûêΓûêΓûêΓûêΓûêΓûì| 2822/3000 [07:42<00:25,  6.85it/s]
 94%|ΓûêΓûêΓûêΓûêΓûêΓûêΓûêΓûêΓûêΓûì| 2823/3000 [07:43<00:25,  6.87it/s]
 94%|ΓûêΓûêΓûêΓûêΓûêΓûêΓûêΓûêΓûêΓûì| 2824/3000 [07:43<00:26,  6.62it/s]
 94%|ΓûêΓûêΓûêΓûêΓûêΓûêΓûêΓûêΓûêΓûì| 2825/3000 [07:43<00:35,  4.92it/s]
 94%|ΓûêΓûêΓûêΓûêΓûêΓûêΓûêΓûêΓûêΓûì| 2826/3000 [07:43<00:32,  5.37it/s]
 94%|ΓûêΓûêΓûêΓûêΓûêΓûêΓûêΓûêΓûêΓûì| 2827/3000 [07:43<00:28,  6.01it/s]
 94%|ΓûêΓûêΓûêΓûêΓûêΓûêΓûêΓûêΓûêΓûì| 2828/3000 [07:44<00:27,  6.31it/s]
 94%|ΓûêΓûêΓûêΓûêΓûêΓûêΓûêΓûêΓûêΓûì| 2829/3000 [07:44<00:24,  6.93it/s]
 94%|ΓûêΓûêΓûêΓûêΓûêΓûêΓûêΓûêΓûêΓûì| 2830/3000 [07:44<00:25,  6.57it/s]
 94%|ΓûêΓûêΓûêΓûêΓûêΓûêΓûêΓûêΓûêΓûì| 2831/3000 [07:44<00:26,  6.49it/s]
 94%|ΓûêΓûêΓûêΓûêΓûêΓûêΓûêΓûêΓûêΓûì| 2832/3000 [07:44<00:24,  6.99it/s]
 94%|ΓûêΓûêΓûêΓûêΓûêΓûêΓûêΓûêΓûêΓûì| 2833/3000 [07:44<00:27,  6.03it/s]
 94%|ΓûêΓûêΓûêΓûêΓûêΓûêΓûêΓûêΓûêΓûì| 2834/3000 [07:44<00:25,  6.41it/s]
 94%|ΓûêΓûêΓûêΓûêΓûêΓûêΓûêΓûêΓûêΓûì| 2835/3000 [07:45<00:32,  5.07it/s]
 95%|ΓûêΓûêΓûêΓûêΓûêΓûêΓûêΓûêΓûêΓûì| 2836/3000 [07:45<00:29,  5.61it/s]
 95%|ΓûêΓûêΓûêΓûêΓûêΓûêΓûêΓûêΓûêΓûì| 2837/3000 [07:45<00:28,  5.80it/s]
 95%|ΓûêΓûêΓûêΓûêΓûêΓûêΓûêΓûêΓûêΓûì| 2838/3000 [07:45<00:25,  6.40it/s]
 95%|ΓûêΓûêΓûêΓûêΓûêΓûêΓûêΓûêΓûêΓûì| 2839/3000 [07:45<00:23,  6.88it/s]
 95%|ΓûêΓûêΓûêΓûêΓûêΓûêΓûêΓûêΓûêΓûì| 2840/3000 [07:45<00:21,  7.28it/s]
 95%|ΓûêΓûêΓûêΓûêΓûêΓûêΓûêΓûêΓûêΓûì| 2841/3000 [07:46<00:24,  6.58it/s]
 95%|ΓûêΓûêΓûêΓûêΓûêΓûêΓûêΓûêΓûêΓûì| 2842/3000 [07:46<00:30,  5.13it/s]
 95%|ΓûêΓûêΓûêΓûêΓûêΓûêΓûêΓûêΓûêΓûì| 2843/3000 [07:46<00:29,  5.28it/s]
 95%|ΓûêΓûêΓûêΓûêΓûêΓûêΓûêΓûêΓûêΓûì| 2844/3000 [07:46<00:30,  5.09it/s]
 95%|ΓûêΓûêΓûêΓûêΓûêΓûêΓûêΓûêΓûêΓûì| 2846/3000 [07:46<00:24,  6.34it/s]
 95%|ΓûêΓûêΓûêΓûêΓûêΓûêΓûêΓûêΓûêΓûì| 2847/3000 [07:47<00:22,  6.84it/s]
 95%|ΓûêΓûêΓûêΓûêΓûêΓûêΓûêΓûêΓûêΓûì| 2848/3000 [07:47<00:23,  6.48it/s]
 95%|ΓûêΓûêΓûêΓûêΓûêΓûêΓûêΓûêΓûêΓûì| 2849/3000 [07:47<00:21,  6.87it/s]
 95%|ΓûêΓûêΓûêΓûêΓûêΓûêΓûêΓûêΓûêΓûî| 2850/3000 [07:47<00:20,  7.26it/s]
 95%|ΓûêΓûêΓûêΓûêΓûêΓûêΓûêΓûêΓûêΓûî| 2851/3000 [07:47<00:19,  7.55it/s]
 95%|ΓûêΓûêΓûêΓûêΓûêΓûêΓûêΓûêΓûêΓûî| 2852/3000 [07:47<00:22,  6.67it/s]
 95%|ΓûêΓûêΓûêΓûêΓûêΓûêΓûêΓûêΓûêΓûî| 2853/3000 [07:47<00:21,  6.72it/s]
 95%|ΓûêΓûêΓûêΓûêΓûêΓûêΓûêΓûêΓûêΓûî| 2854/3000 [07:48<00:20,  7.24it/s]
 95%|ΓûêΓûêΓûêΓûêΓûêΓûêΓûêΓûêΓûêΓûî| 2855/3000 [07:48<00:19,  7.46it/s]
 95%|ΓûêΓûêΓûêΓûêΓûêΓûêΓûêΓûêΓûêΓûî| 2856/3000 [07:48<00:21,  6.56it/s]
 95%|ΓûêΓûêΓûêΓûêΓûêΓûêΓûêΓûêΓûêΓûî| 2857/3000 [07:48<00:21,  6.57it/s]
 95%|ΓûêΓûêΓûêΓûêΓûêΓûêΓûêΓûêΓûêΓûî| 2858/3000 [07:48<00:20,  6.89it/s]
 95%|ΓûêΓûêΓûêΓûêΓûêΓûêΓûêΓûêΓûêΓûî| 2859/3000 [07:48<00:27,  5.19it/s]
 95%|ΓûêΓûêΓûêΓûêΓûêΓûêΓûêΓûêΓûêΓûî| 2860/3000 [07:49<00:28,  4.97it/s]
 95%|ΓûêΓûêΓûêΓûêΓûêΓûêΓûêΓûêΓûêΓûî| 2861/3000 [07:49<00:25,  5.35it/s]
 95%|ΓûêΓûêΓûêΓûêΓûêΓûêΓûêΓûêΓûêΓûî| 2862/3000 [07:49<00:28,  4.86it/s]
 95%|ΓûêΓûêΓûêΓûêΓûêΓûêΓûêΓûêΓûêΓûî| 2863/3000 [07:49<00:27,  4.96it/s]
 95%|ΓûêΓûêΓûêΓûêΓûêΓûêΓûêΓûêΓûêΓûî| 2864/3000 [07:49<00:24,  5.46it/s]
 96%|ΓûêΓûêΓûêΓûêΓûêΓûêΓûêΓûêΓûêΓûî| 2865/3000 [07:50<00:23,  5.66it/s]
 96%|ΓûêΓûêΓûêΓûêΓûêΓûêΓûêΓûêΓûêΓûî| 2866/3000 [07:50<00:22,  5.87it/s]
 96%|ΓûêΓûêΓûêΓûêΓûêΓûêΓûêΓûêΓûêΓûî| 2867/3000 [07:50<00:26,  5.07it/s]
 96%|ΓûêΓûêΓûêΓûêΓûêΓûêΓûêΓûêΓûêΓûî| 2868/3000 [07:50<00:24,  5.30it/s]
 96%|ΓûêΓûêΓûêΓûêΓûêΓûêΓûêΓûêΓûêΓûî| 2869/3000 [07:50<00:22,  5.85it/s]
 96%|ΓûêΓûêΓûêΓûêΓûêΓûêΓûêΓûêΓûêΓûî| 2870/3000 [07:51<00:32,  4.04it/s]
 96%|ΓûêΓûêΓûêΓûêΓûêΓûêΓûêΓûêΓûêΓûî| 2871/3000 [07:51<00:27,  4.77it/s]
 96%|ΓûêΓûêΓûêΓûêΓûêΓûêΓûêΓûêΓûêΓûî| 2872/3000 [07:51<00:23,  5.55it/s]
 96%|ΓûêΓûêΓûêΓûêΓûêΓûêΓûêΓûêΓûêΓûî| 2873/3000 [07:51<00:20,  6.33it/s]
 96%|ΓûêΓûêΓûêΓûêΓûêΓûêΓûêΓûêΓûêΓûî| 2874/3000 [07:51<00:18,  6.92it/s]
 96%|ΓûêΓûêΓûêΓûêΓûêΓûêΓûêΓûêΓûêΓûî| 2875/3000 [07:51<00:18,  6.66it/s]
 96%|ΓûêΓûêΓûêΓûêΓûêΓûêΓûêΓûêΓûêΓûî| 2876/3000 [07:51<00:18,  6.79it/s]
 96%|ΓûêΓûêΓûêΓûêΓûêΓûêΓûêΓûêΓûêΓûî| 2877/3000 [07:52<00:19,  6.20it/s]
 96%|ΓûêΓûêΓûêΓûêΓûêΓûêΓûêΓûêΓûêΓûî| 2878/3000 [07:52<00:18,  6.72it/s]
 96%|ΓûêΓûêΓûêΓûêΓûêΓûêΓûêΓûêΓûêΓûî| 2879/3000 [07:52<00:18,  6.50it/s]
 96%|ΓûêΓûêΓûêΓûêΓûêΓûêΓûêΓûêΓûêΓûî| 2880/3000 [07:52<00:20,  5.89it/s]
 96%|ΓûêΓûêΓûêΓûêΓûêΓûêΓûêΓûêΓûêΓûî| 2881/3000 [07:52<00:18,  6.57it/s]
 96%|ΓûêΓûêΓûêΓûêΓûêΓûêΓûêΓûêΓûêΓûî| 2882/3000 [07:53<00:20,  5.70it/s]
 96%|ΓûêΓûêΓûêΓûêΓûêΓûêΓûêΓûêΓûêΓûî| 2883/3000 [07:53<00:19,  6.09it/s]
 96%|ΓûêΓûêΓûêΓûêΓûêΓûêΓûêΓûêΓûêΓûî| 2884/3000 [07:53<00:20,  5.78it/s]
 96%|ΓûêΓûêΓûêΓûêΓûêΓûêΓûêΓûêΓûêΓûî| 2885/3000 [07:53<00:18,  6.09it/s]
 96%|ΓûêΓûêΓûêΓûêΓûêΓûêΓûêΓûêΓûêΓûî| 2886/3000 [07:53<00:16,  6.75it/s]
 96%|ΓûêΓûêΓûêΓûêΓûêΓûêΓûêΓûêΓûêΓûî| 2887/3000 [07:53<00:15,  7.23it/s]
 96%|ΓûêΓûêΓûêΓûêΓûêΓûêΓûêΓûêΓûêΓûï| 2888/3000 [07:53<00:19,  5.77it/s]
 96%|ΓûêΓûêΓûêΓûêΓûêΓûêΓûêΓûêΓûêΓûï| 2889/3000 [07:54<00:18,  5.90it/s]
 96%|ΓûêΓûêΓûêΓûêΓûêΓûêΓûêΓûêΓûêΓûï| 2890/3000 [07:54<00:17,  6.42it/s]
 96%|ΓûêΓûêΓûêΓûêΓûêΓûêΓûêΓûêΓûêΓûï| 2891/3000 [07:54<00:17,  6.11it/s]
 96%|ΓûêΓûêΓûêΓûêΓûêΓûêΓûêΓûêΓûêΓûï| 2892/3000 [07:54<00:16,  6.71it/s]
 96%|ΓûêΓûêΓûêΓûêΓûêΓûêΓûêΓûêΓûêΓûï| 2893/3000 [07:54<00:14,  7.14it/s]
 96%|ΓûêΓûêΓûêΓûêΓûêΓûêΓûêΓûêΓûêΓûï| 2894/3000 [07:54<00:14,  7.52it/s]
 96%|ΓûêΓûêΓûêΓûêΓûêΓûêΓûêΓûêΓûêΓûï| 2895/3000 [07:54<00:15,  6.68it/s]
 97%|ΓûêΓûêΓûêΓûêΓûêΓûêΓûêΓûêΓûêΓûï| 2896/3000 [07:55<00:19,  5.23it/s]
 97%|ΓûêΓûêΓûêΓûêΓûêΓûêΓûêΓûêΓûêΓûï| 2897/3000 [07:55<00:18,  5.65it/s]
 97%|ΓûêΓûêΓûêΓûêΓûêΓûêΓûêΓûêΓûêΓûï| 2898/3000 [07:55<00:19,  5.17it/s]
 97%|ΓûêΓûêΓûêΓûêΓûêΓûêΓûêΓûêΓûêΓûï| 2899/3000 [07:55<00:19,  5.30it/s]
 97%|ΓûêΓûêΓûêΓûêΓûêΓûêΓûêΓûêΓûêΓûï| 2900/3000 [07:55<00:18,  5.42it/s]
 97%|ΓûêΓûêΓûêΓûêΓûêΓûêΓûêΓûêΓûêΓûï| 2901/3000 [07:56<00:16,  6.02it/s]
 97%|ΓûêΓûêΓûêΓûêΓûêΓûêΓûêΓûêΓûêΓûï| 2902/3000 [07:56<00:16,  5.78it/s]
 97%|ΓûêΓûêΓûêΓûêΓûêΓûêΓûêΓûêΓûêΓûï| 2903/3000 [07:56<00:15,  6.32it/s]
 97%|ΓûêΓûêΓûêΓûêΓûêΓûêΓûêΓûêΓûêΓûï| 2904/3000 [07:56<00:14,  6.69it/s]
 97%|ΓûêΓûêΓûêΓûêΓûêΓûêΓûêΓûêΓûêΓûï| 2905/3000 [07:56<00:14,  6.46it/s]
 97%|ΓûêΓûêΓûêΓûêΓûêΓûêΓûêΓûêΓûêΓûï| 2906/3000 [07:56<00:15,  6.07it/s]
 97%|ΓûêΓûêΓûêΓûêΓûêΓûêΓûêΓûêΓûêΓûï| 2907/3000 [07:57<00:15,  5.94it/s]
 97%|ΓûêΓûêΓûêΓûêΓûêΓûêΓûêΓûêΓûêΓûï| 2908/3000 [07:57<00:14,  6.19it/s]
 97%|ΓûêΓûêΓûêΓûêΓûêΓûêΓûêΓûêΓûêΓûï| 2909/3000 [07:57<00:13,  6.82it/s]
 97%|ΓûêΓûêΓûêΓûêΓûêΓûêΓûêΓûêΓûêΓûï| 2910/3000 [07:57<00:12,  7.01it/s]
 97%|ΓûêΓûêΓûêΓûêΓûêΓûêΓûêΓûêΓûêΓûï| 2911/3000 [07:57<00:13,  6.70it/s]
 97%|ΓûêΓûêΓûêΓûêΓûêΓûêΓûêΓûêΓûêΓûï| 2912/3000 [07:57<00:12,  7.08it/s]
 97%|ΓûêΓûêΓûêΓûêΓûêΓûêΓûêΓûêΓûêΓûï| 2913/3000 [07:57<00:11,  7.44it/s]
 97%|ΓûêΓûêΓûêΓûêΓûêΓûêΓûêΓûêΓûêΓûï| 2914/3000 [07:58<00:11,  7.66it/s]
 97%|ΓûêΓûêΓûêΓûêΓûêΓûêΓûêΓûêΓûêΓûï| 2915/3000 [07:58<00:11,  7.63it/s]
 97%|ΓûêΓûêΓûêΓûêΓûêΓûêΓûêΓûêΓûêΓûï| 2916/3000 [07:58<00:10,  8.01it/s]
 97%|ΓûêΓûêΓûêΓûêΓûêΓûêΓûêΓûêΓûêΓûï| 2917/3000 [07:58<00:12,  6.44it/s]
 97%|ΓûêΓûêΓûêΓûêΓûêΓûêΓûêΓûêΓûêΓûï| 2918/3000 [07:58<00:13,  6.29it/s]
 97%|ΓûêΓûêΓûêΓûêΓûêΓûêΓûêΓûêΓûêΓûï| 2919/3000 [07:58<00:11,  6.76it/s]
 97%|ΓûêΓûêΓûêΓûêΓûêΓûêΓûêΓûêΓûêΓûï| 2920/3000 [07:58<00:11,  6.90it/s]
 97%|ΓûêΓûêΓûêΓûêΓûêΓûêΓûêΓûêΓûêΓûï| 2921/3000 [07:59<00:12,  6.39it/s]
 97%|ΓûêΓûêΓûêΓûêΓûêΓûêΓûêΓûêΓûêΓûï| 2922/3000 [07:59<00:12,  6.11it/s]
 97%|ΓûêΓûêΓûêΓûêΓûêΓûêΓûêΓûêΓûêΓûï| 2923/3000 [07:59<00:13,  5.80it/s]
 97%|ΓûêΓûêΓûêΓûêΓûêΓûêΓûêΓûêΓûêΓûï| 2924/3000 [07:59<00:13,  5.48it/s]
 98%|ΓûêΓûêΓûêΓûêΓûêΓûêΓûêΓûêΓûêΓûè| 2925/3000 [07:59<00:14,  5.24it/s]
 98%|ΓûêΓûêΓûêΓûêΓûêΓûêΓûêΓûêΓûêΓûè| 2927/3000 [08:00<00:10,  6.76it/s]
 98%|ΓûêΓûêΓûêΓûêΓûêΓûêΓûêΓûêΓûêΓûè| 2928/3000 [08:00<00:09,  7.21it/s]
 98%|ΓûêΓûêΓûêΓûêΓûêΓûêΓûêΓûêΓûêΓûè| 2929/3000 [08:00<00:09,  7.10it/s]
 98%|ΓûêΓûêΓûêΓûêΓûêΓûêΓûêΓûêΓûêΓûè| 2930/3000 [08:00<00:09,  7.47it/s]
 98%|ΓûêΓûêΓûêΓûêΓûêΓûêΓûêΓûêΓûêΓûè| 2931/3000 [08:00<00:10,  6.31it/s]
 98%|ΓûêΓûêΓûêΓûêΓûêΓûêΓûêΓûêΓûêΓûè| 2932/3000 [08:00<00:11,  6.18it/s]
 98%|ΓûêΓûêΓûêΓûêΓûêΓûêΓûêΓûêΓûêΓûè| 2933/3000 [08:00<00:10,  6.34it/s]
 98%|ΓûêΓûêΓûêΓûêΓûêΓûêΓûêΓûêΓûêΓûè| 2934/3000 [08:01<00:12,  5.37it/s]
 98%|ΓûêΓûêΓûêΓûêΓûêΓûêΓûêΓûêΓûêΓûè| 2935/3000 [08:01<00:10,  6.07it/s]
 98%|ΓûêΓûêΓûêΓûêΓûêΓûêΓûêΓûêΓûêΓûè| 2936/3000 [08:01<00:11,  5.80it/s]
 98%|ΓûêΓûêΓûêΓûêΓûêΓûêΓûêΓûêΓûêΓûè| 2937/3000 [08:01<00:12,  4.96it/s]
 98%|ΓûêΓûêΓûêΓûêΓûêΓûêΓûêΓûêΓûêΓûè| 2938/3000 [08:01<00:11,  5.22it/s]
 98%|ΓûêΓûêΓûêΓûêΓûêΓûêΓûêΓûêΓûêΓûè| 2939/3000 [08:02<00:10,  5.88it/s]
 98%|ΓûêΓûêΓûêΓûêΓûêΓûêΓûêΓûêΓûêΓûè| 2940/3000 [08:02<00:11,  5.32it/s]
 98%|ΓûêΓûêΓûêΓûêΓûêΓûêΓûêΓûêΓûêΓûè| 2941/3000 [08:02<00:09,  6.05it/s]
 98%|ΓûêΓûêΓûêΓûêΓûêΓûêΓûêΓûêΓûêΓûè| 2942/3000 [08:02<00:09,  6.43it/s]
 98%|ΓûêΓûêΓûêΓûêΓûêΓûêΓûêΓûêΓûêΓûè| 2943/3000 [08:02<00:08,  7.04it/s]
 98%|ΓûêΓûêΓûêΓûêΓûêΓûêΓûêΓûêΓûêΓûè| 2944/3000 [08:02<00:07,  7.24it/s]
 98%|ΓûêΓûêΓûêΓûêΓûêΓûêΓûêΓûêΓûêΓûè| 2945/3000 [08:03<00:08,  6.16it/s]
 98%|ΓûêΓûêΓûêΓûêΓûêΓûêΓûêΓûêΓûêΓûè| 2946/3000 [08:03<00:09,  5.56it/s]
 98%|ΓûêΓûêΓûêΓûêΓûêΓûêΓûêΓûêΓûêΓûè| 2947/3000 [08:03<00:08,  6.21it/s]
 98%|ΓûêΓûêΓûêΓûêΓûêΓûêΓûêΓûêΓûêΓûè| 2948/3000 [08:03<00:08,  6.22it/s]
 98%|ΓûêΓûêΓûêΓûêΓûêΓûêΓûêΓûêΓûêΓûè| 2949/3000 [08:03<00:08,  5.84it/s]
 98%|ΓûêΓûêΓûêΓûêΓûêΓûêΓûêΓûêΓûêΓûè| 2950/3000 [08:03<00:08,  5.71it/s]
 98%|ΓûêΓûêΓûêΓûêΓûêΓûêΓûêΓûêΓûêΓûè| 2951/3000 [08:04<00:08,  5.71it/s]
 98%|ΓûêΓûêΓûêΓûêΓûêΓûêΓûêΓûêΓûêΓûè| 2952/3000 [08:04<00:07,  6.28it/s]
 98%|ΓûêΓûêΓûêΓûêΓûêΓûêΓûêΓûêΓûêΓûè| 2953/3000 [08:04<00:07,  6.48it/s]
 98%|ΓûêΓûêΓûêΓûêΓûêΓûêΓûêΓûêΓûêΓûè| 2954/3000 [08:04<00:07,  6.01it/s]
 98%|ΓûêΓûêΓûêΓûêΓûêΓûêΓûêΓûêΓûêΓûè| 2955/3000 [08:04<00:08,  5.46it/s]
 99%|ΓûêΓûêΓûêΓûêΓûêΓûêΓûêΓûêΓûêΓûè| 2956/3000 [08:05<00:08,  4.95it/s]
 99%|ΓûêΓûêΓûêΓûêΓûêΓûêΓûêΓûêΓûêΓûè| 2957/3000 [08:05<00:08,  4.88it/s]
 99%|ΓûêΓûêΓûêΓûêΓûêΓûêΓûêΓûêΓûêΓûè| 2958/3000 [08:05<00:07,  5.39it/s]
 99%|ΓûêΓûêΓûêΓûêΓûêΓûêΓûêΓûêΓûêΓûè| 2959/3000 [08:05<00:07,  5.78it/s]
 99%|ΓûêΓûêΓûêΓûêΓûêΓûêΓûêΓûêΓûêΓûè| 2960/3000 [08:05<00:07,  5.01it/s]
 99%|ΓûêΓûêΓûêΓûêΓûêΓûêΓûêΓûêΓûêΓûè| 2961/3000 [08:05<00:07,  5.12it/s]
 99%|ΓûêΓûêΓûêΓûêΓûêΓûêΓûêΓûêΓûêΓûë| 2963/3000 [08:06<00:05,  6.84it/s]
 99%|ΓûêΓûêΓûêΓûêΓûêΓûêΓûêΓûêΓûêΓûë| 2964/3000 [08:06<00:05,  6.19it/s]
 99%|ΓûêΓûêΓûêΓûêΓûêΓûêΓûêΓûêΓûêΓûë| 2965/3000 [08:06<00:06,  5.35it/s]
 99%|ΓûêΓûêΓûêΓûêΓûêΓûêΓûêΓûêΓûêΓûë| 2966/3000 [08:06<00:05,  5.75it/s]
 99%|ΓûêΓûêΓûêΓûêΓûêΓûêΓûêΓûêΓûêΓûë| 2967/3000 [08:06<00:05,  5.92it/s]
 99%|ΓûêΓûêΓûêΓûêΓûêΓûêΓûêΓûêΓûêΓûë| 2968/3000 [08:07<00:05,  6.37it/s]
 99%|ΓûêΓûêΓûêΓûêΓûêΓûêΓûêΓûêΓûêΓûë| 2969/3000 [08:07<00:05,  5.83it/s]
 99%|ΓûêΓûêΓûêΓûêΓûêΓûêΓûêΓûêΓûêΓûë| 2970/3000 [08:07<00:04,  6.14it/s]
 99%|ΓûêΓûêΓûêΓûêΓûêΓûêΓûêΓûêΓûêΓûë| 2971/3000 [08:07<00:04,  6.02it/s]
 99%|ΓûêΓûêΓûêΓûêΓûêΓûêΓûêΓûêΓûêΓûë| 2972/3000 [08:07<00:04,  6.15it/s]
 99%|ΓûêΓûêΓûêΓûêΓûêΓûêΓûêΓûêΓûêΓûë| 2973/3000 [08:07<00:04,  5.58it/s]
 99%|ΓûêΓûêΓûêΓûêΓûêΓûêΓûêΓûêΓûêΓûë| 2974/3000 [08:08<00:05,  4.52it/s]
 99%|ΓûêΓûêΓûêΓûêΓûêΓûêΓûêΓûêΓûêΓûë| 2975/3000 [08:08<00:05,  4.43it/s]
 99%|ΓûêΓûêΓûêΓûêΓûêΓûêΓûêΓûêΓûêΓûë| 2976/3000 [08:08<00:05,  4.63it/s]
 99%|ΓûêΓûêΓûêΓûêΓûêΓûêΓûêΓûêΓûêΓûë| 2977/3000 [08:08<00:04,  4.82it/s]
 99%|ΓûêΓûêΓûêΓûêΓûêΓûêΓûêΓûêΓûêΓûë| 2978/3000 [08:08<00:03,  5.63it/s]
 99%|ΓûêΓûêΓûêΓûêΓûêΓûêΓûêΓûêΓûêΓûë| 2979/3000 [08:09<00:03,  6.40it/s]
 99%|ΓûêΓûêΓûêΓûêΓûêΓûêΓûêΓûêΓûêΓûë| 2980/3000 [08:09<00:03,  6.26it/s]
 99%|ΓûêΓûêΓûêΓûêΓûêΓûêΓûêΓûêΓûêΓûë| 2981/3000 [08:09<00:03,  5.44it/s]
 99%|ΓûêΓûêΓûêΓûêΓûêΓûêΓûêΓûêΓûêΓûë| 2982/3000 [08:09<00:03,  5.23it/s]
 99%|ΓûêΓûêΓûêΓûêΓûêΓûêΓûêΓûêΓûêΓûë| 2983/3000 [08:09<00:02,  5.98it/s]
 99%|ΓûêΓûêΓûêΓûêΓûêΓûêΓûêΓûêΓûêΓûë| 2984/3000 [08:10<00:03,  4.90it/s]
100%|ΓûêΓûêΓûêΓûêΓûêΓûêΓûêΓûêΓûêΓûë| 2985/3000 [08:10<00:02,  5.14it/s]
100%|ΓûêΓûêΓûêΓûêΓûêΓûêΓûêΓûêΓûêΓûë| 2986/3000 [08:10<00:03,  4.50it/s]
100%|ΓûêΓûêΓûêΓûêΓûêΓûêΓûêΓûêΓûêΓûë| 2987/3000 [08:10<00:02,  5.10it/s]
100%|ΓûêΓûêΓûêΓûêΓûêΓûêΓûêΓûêΓûêΓûë| 2988/3000 [08:10<00:02,  5.77it/s]
100%|ΓûêΓûêΓûêΓûêΓûêΓûêΓûêΓûêΓûêΓûë| 2989/3000 [08:10<00:01,  6.49it/s]
100%|ΓûêΓûêΓûêΓûêΓûêΓûêΓûêΓûêΓûêΓûë| 2990/3000 [08:11<00:01,  7.08it/s]
100%|ΓûêΓûêΓûêΓûêΓûêΓûêΓûêΓûêΓûêΓûë| 2991/3000 [08:11<00:01,  6.45it/s]
100%|ΓûêΓûêΓûêΓûêΓûêΓûêΓûêΓûêΓûêΓûë| 2992/3000 [08:11<00:01,  6.97it/s]
100%|ΓûêΓûêΓûêΓûêΓûêΓûêΓûêΓûêΓûêΓûë| 2993/3000 [08:11<00:01,  6.32it/s]
100%|ΓûêΓûêΓûêΓûêΓûêΓûêΓûêΓûêΓûêΓûë| 2994/3000 [08:11<00:00,  6.87it/s]
100%|ΓûêΓûêΓûêΓûêΓûêΓûêΓûêΓûêΓûêΓûë| 2995/3000 [08:11<00:00,  6.27it/s]
100%|ΓûêΓûêΓûêΓûêΓûêΓûêΓûêΓûêΓûêΓûë| 2996/3000 [08:11<00:00,  6.17it/s]
100%|ΓûêΓûêΓûêΓûêΓûêΓûêΓûêΓûêΓûêΓûë| 2997/3000 [08:12<00:00,  6.76it/s]
100%|ΓûêΓûêΓûêΓûêΓûêΓûêΓûêΓûêΓûêΓûë| 2998/3000 [08:12<00:00,  7.23it/s]
100%|ΓûêΓûêΓûêΓûêΓûêΓûêΓûêΓûêΓûêΓûë| 2999/3000 [08:12<00:00,  7.39it/s]
100%|ΓûêΓûêΓûêΓûêΓûêΓûêΓûêΓûêΓûêΓûê| 3000/3000 [08:12<00:00,  6.61it/s]
100%|ΓûêΓûêΓûêΓûêΓûêΓûêΓûêΓûêΓûêΓûê| 3000/3000 [08:12<00:00,  6.09it/s]
{"run_dir": "C:\\Users\\jv624\\Desktop\\fsm_reliability\\outputs\\fsm_grounding\\20261002_073800_20261002_064636_qwen25-15b-instruct_cert2_3000", "status": {"ok": 2945, "no_step": 55}, "tf_argmax_agreement": 0.9276}
