python.exe : W1007 07:13:14.264000 46296 site-packages\torch\utils\flop_counter.py:29] triton not found; flop counting 
will not work for triton kernels
At C:\Users\jv624\Desktop\fsm_reliability\outputs\model_set_queue.ps1:11 char:5
+     & $py @pyArgs 2>&1 | Out-File -Encoding utf8 "outputs\queue_$name ...
+     ~~~~~~~~~~~~~~~~~~
    + CategoryInfo          : NotSpecified: (W1007 07:13:14.... triton kernels:String) [], RemoteException
    + FullyQualifiedErrorId : NativeCommandError
 

Loading weights:   0%|          | 0/339 [00:00<?, ?it/s]
Loading weights:   0%|          | 1/339 [00:00<02:48,  2.00it/s]
Loading weights:   1%|          | 2/339 [00:00<02:32,  2.22it/s]
Loading weights:   1%|ΓûÅ         | 5/339 [00:01<00:53,  6.22it/s]
Loading weights:   5%|Γûì         | 16/339 [00:01<00:14, 22.63it/s]
Loading weights:   6%|Γûî         | 20/339 [00:01<00:12, 25.61it/s]
Loading weights:   9%|Γûè         | 29/339 [00:01<00:08, 36.67it/s]
Loading weights:  12%|ΓûêΓûÅ        | 40/339 [00:01<00:06, 48.90it/s]
Loading weights:  14%|ΓûêΓûÄ        | 46/339 [00:01<00:05, 49.14it/s]
Loading weights:  16%|ΓûêΓûî        | 53/339 [00:01<00:05, 49.69it/s]
Loading weights:  19%|ΓûêΓûë        | 64/339 [00:01<00:04, 58.83it/s]
Loading weights:  21%|ΓûêΓûê        | 71/339 [00:02<00:04, 57.20it/s]
Loading weights:  23%|ΓûêΓûêΓûÄ       | 77/339 [00:02<00:04, 53.53it/s]
Loading weights:  26%|ΓûêΓûêΓûî       | 88/339 [00:02<00:04, 60.90it/s]
Loading weights:  28%|ΓûêΓûêΓûè       | 95/339 [00:02<00:04, 60.76it/s]
Loading weights:  30%|ΓûêΓûêΓûê       | 102/339 [00:02<00:04, 54.15it/s]
Loading weights:  33%|ΓûêΓûêΓûêΓûÄ      | 113/339 [00:02<00:03, 61.19it/s]
Loading weights:  37%|ΓûêΓûêΓûêΓûï      | 124/339 [00:02<00:03, 64.98it/s]
Loading weights:  39%|ΓûêΓûêΓûêΓûè      | 131/339 [00:03<00:03, 62.17it/s]
Loading weights:  41%|ΓûêΓûêΓûêΓûê      | 138/339 [00:03<00:03, 53.03it/s]
Loading weights:  44%|ΓûêΓûêΓûêΓûêΓûì     | 149/339 [00:03<00:03, 59.62it/s]
Loading weights:  47%|ΓûêΓûêΓûêΓûêΓûï     | 160/339 [00:03<00:02, 63.05it/s]
Loading weights:  49%|ΓûêΓûêΓûêΓûêΓûë     | 167/339 [00:03<00:02, 59.10it/s]
Loading weights:  51%|ΓûêΓûêΓûêΓûêΓûê     | 173/339 [00:03<00:03, 54.70it/s]
Loading weights:  54%|ΓûêΓûêΓûêΓûêΓûêΓûì    | 184/339 [00:03<00:02, 61.76it/s]
Loading weights:  56%|ΓûêΓûêΓûêΓûêΓûêΓûï    | 191/339 [00:04<00:02, 59.73it/s]
Loading weights:  58%|ΓûêΓûêΓûêΓûêΓûêΓûè    | 197/339 [00:04<00:02, 56.34it/s]
Loading weights:  61%|ΓûêΓûêΓûêΓûêΓûêΓûêΓûÅ   | 208/339 [00:04<00:02, 62.53it/s]
Loading weights:  63%|ΓûêΓûêΓûêΓûêΓûêΓûêΓûÄ   | 215/339 [00:04<00:02, 59.50it/s]
Loading weights:  65%|ΓûêΓûêΓûêΓûêΓûêΓûêΓûî   | 221/339 [00:04<00:02, 55.40it/s]
Loading weights:  68%|ΓûêΓûêΓûêΓûêΓûêΓûêΓûè   | 232/339 [00:04<00:01, 61.83it/s]
Loading weights:  71%|ΓûêΓûêΓûêΓûêΓûêΓûêΓûê   | 239/339 [00:04<00:01, 58.76it/s]
Loading weights:  72%|ΓûêΓûêΓûêΓûêΓûêΓûêΓûêΓûÅ  | 245/339 [00:05<00:01, 53.84it/s]
Loading weights:  76%|ΓûêΓûêΓûêΓûêΓûêΓûêΓûêΓûî  | 256/339 [00:05<00:01, 60.62it/s]
Loading weights:  78%|ΓûêΓûêΓûêΓûêΓûêΓûêΓûêΓûè  | 263/339 [00:05<00:01, 60.14it/s]
Loading weights:  79%|ΓûêΓûêΓûêΓûêΓûêΓûêΓûêΓûë  | 269/339 [00:05<00:01, 56.13it/s]
Loading weights:  83%|ΓûêΓûêΓûêΓûêΓûêΓûêΓûêΓûêΓûÄ | 280/339 [00:05<00:00, 63.11it/s]
Loading weights:  85%|ΓûêΓûêΓûêΓûêΓûêΓûêΓûêΓûêΓûì | 287/339 [00:05<00:00, 59.66it/s]
Loading weights:  86%|ΓûêΓûêΓûêΓûêΓûêΓûêΓûêΓûêΓûï | 293/339 [00:05<00:00, 54.65it/s]
Loading weights:  90%|ΓûêΓûêΓûêΓûêΓûêΓûêΓûêΓûêΓûë | 304/339 [00:06<00:00, 59.73it/s]
Loading weights:  91%|ΓûêΓûêΓûêΓûêΓûêΓûêΓûêΓûêΓûêΓûÅ| 310/339 [00:06<00:00, 54.19it/s]
Loading weights:  94%|ΓûêΓûêΓûêΓûêΓûêΓûêΓûêΓûêΓûêΓûÄ| 317/339 [00:06<00:00, 52.58it/s]
Loading weights:  97%|ΓûêΓûêΓûêΓûêΓûêΓûêΓûêΓûêΓûêΓûï| 328/339 [00:06<00:00, 58.93it/s]
Loading weights:  99%|ΓûêΓûêΓûêΓûêΓûêΓûêΓûêΓûêΓûêΓûè| 334/339 [00:06<00:00, 56.52it/s]
Loading weights: 100%|ΓûêΓûêΓûêΓûêΓûêΓûêΓûêΓûêΓûêΓûê| 339/339 [00:06<00:00, 51.30it/s]

  0%|          | 0/3000 [00:00<?, ?it/s]
  0%|          | 1/3000 [00:03<2:51:51,  3.44s/it]
  0%|          | 2/3000 [00:04<1:53:59,  2.28s/it]
  0%|          | 3/3000 [00:06<1:48:08,  2.17s/it]
  0%|          | 4/3000 [00:09<1:59:14,  2.39s/it]
  0%|          | 5/3000 [00:11<1:41:14,  2.03s/it]
  0%|          | 6/3000 [00:12<1:34:59,  1.90s/it]
  0%|          | 7/3000 [00:14<1:25:02,  1.70s/it]
  0%|          | 8/3000 [00:15<1:21:26,  1.63s/it]
  0%|          | 9/3000 [00:16<1:14:07,  1.49s/it]
  0%|          | 10/3000 [00:19<1:29:34,  1.80s/it]
  0%|          | 11/3000 [00:20<1:18:23,  1.57s/it]
  0%|          | 12/3000 [00:21<1:18:26,  1.57s/it]
  0%|          | 13/3000 [00:24<1:34:43,  1.90s/it]
  0%|          | 14/3000 [00:25<1:21:22,  1.64s/it]
  0%|          | 15/3000 [00:26<1:18:18,  1.57s/it]
  1%|          | 16/3000 [00:28<1:19:22,  1.60s/it]
  1%|          | 17/3000 [00:30<1:19:52,  1.61s/it]
  1%|          | 18/3000 [00:31<1:22:33,  1.66s/it]
  1%|          | 19/3000 [00:33<1:17:52,  1.57s/it]
  1%|          | 20/3000 [00:34<1:16:22,  1.54s/it]
  1%|          | 21/3000 [00:37<1:40:53,  2.03s/it]
  1%|          | 22/3000 [00:39<1:31:43,  1.85s/it]
  1%|          | 23/3000 [00:40<1:25:04,  1.71s/it]
  1%|          | 24/3000 [00:41<1:16:25,  1.54s/it]
  1%|          | 25/3000 [00:44<1:31:27,  1.84s/it]
  1%|          | 26/3000 [00:45<1:25:20,  1.72s/it]
  1%|          | 27/3000 [00:47<1:24:59,  1.72s/it]
  1%|          | 28/3000 [00:48<1:16:35,  1.55s/it]
  1%|          | 29/3000 [00:50<1:25:45,  1.73s/it]
  1%|          | 30/3000 [00:52<1:27:44,  1.77s/it]
  1%|          | 31/3000 [00:54<1:33:25,  1.89s/it]
  1%|          | 32/3000 [00:56<1:23:38,  1.69s/it]
  1%|          | 33/3000 [00:58<1:36:07,  1.94s/it]
  1%|          | 34/3000 [01:00<1:31:03,  1.84s/it]
  1%|          | 35/3000 [01:02<1:40:08,  2.03s/it]
  1%|          | 36/3000 [01:03<1:25:25,  1.73s/it]
  1%|          | 37/3000 [01:05<1:21:10,  1.64s/it]
  1%|ΓûÅ         | 38/3000 [01:08<1:38:45,  2.00s/it]
  1%|ΓûÅ         | 39/3000 [01:09<1:36:19,  1.95s/it]
  1%|ΓûÅ         | 40/3000 [01:11<1:35:03,  1.93s/it]
  1%|ΓûÅ         | 41/3000 [01:13<1:31:14,  1.85s/it]
  1%|ΓûÅ         | 42/3000 [01:14<1:24:59,  1.72s/it]
  1%|ΓûÅ         | 43/3000 [01:15<1:15:07,  1.52s/it]
  1%|ΓûÅ         | 44/3000 [01:17<1:10:14,  1.43s/it]
  2%|ΓûÅ         | 45/3000 [01:19<1:17:34,  1.58s/it]
  2%|ΓûÅ         | 46/3000 [01:20<1:17:42,  1.58s/it]
  2%|ΓûÅ         | 47/3000 [01:22<1:20:30,  1.64s/it]
  2%|ΓûÅ         | 48/3000 [01:23<1:16:41,  1.56s/it]
  2%|ΓûÅ         | 49/3000 [01:25<1:25:24,  1.74s/it]
  2%|ΓûÅ         | 50/3000 [01:27<1:25:55,  1.75s/it]
  2%|ΓûÅ         | 51/3000 [01:28<1:17:37,  1.58s/it]
  2%|ΓûÅ         | 52/3000 [01:30<1:14:04,  1.51s/it]
  2%|ΓûÅ         | 53/3000 [01:32<1:28:38,  1.80s/it]
  2%|ΓûÅ         | 54/3000 [01:34<1:21:58,  1.67s/it]
  2%|ΓûÅ         | 55/3000 [01:35<1:14:19,  1.51s/it]
  2%|ΓûÅ         | 56/3000 [01:36<1:06:57,  1.36s/it]
  2%|ΓûÅ         | 57/3000 [01:37<1:09:22,  1.41s/it]
  2%|ΓûÅ         | 58/3000 [01:38<1:04:55,  1.32s/it]
  2%|ΓûÅ         | 59/3000 [01:40<1:02:34,  1.28s/it]
  2%|ΓûÅ         | 60/3000 [01:41<1:02:05,  1.27s/it]
  2%|ΓûÅ         | 61/3000 [01:43<1:17:26,  1.58s/it]
  2%|ΓûÅ         | 62/3000 [01:45<1:16:52,  1.57s/it]
  2%|ΓûÅ         | 63/3000 [01:46<1:19:40,  1.63s/it]
  2%|ΓûÅ         | 64/3000 [01:48<1:21:17,  1.66s/it]
  2%|ΓûÅ         | 65/3000 [01:51<1:32:39,  1.89s/it]
  2%|ΓûÅ         | 66/3000 [01:52<1:24:26,  1.73s/it]
  2%|ΓûÅ         | 67/3000 [01:54<1:28:59,  1.82s/it]
  2%|ΓûÅ         | 68/3000 [01:55<1:23:10,  1.70s/it]
  2%|ΓûÅ         | 69/3000 [01:57<1:26:51,  1.78s/it]
  2%|ΓûÅ         | 70/3000 [01:59<1:29:16,  1.83s/it]
  2%|ΓûÅ         | 71/3000 [02:01<1:25:39,  1.75s/it]
  2%|ΓûÅ         | 72/3000 [02:02<1:14:21,  1.52s/it]
  2%|ΓûÅ         | 73/3000 [02:05<1:30:06,  1.85s/it]
  2%|ΓûÅ         | 74/3000 [02:07<1:36:58,  1.99s/it]
  2%|ΓûÄ         | 75/3000 [02:08<1:28:05,  1.81s/it]
  3%|ΓûÄ         | 76/3000 [02:10<1:29:26,  1.84s/it]
  3%|ΓûÄ         | 77/3000 [02:12<1:28:51,  1.82s/it]
  3%|ΓûÄ         | 78/3000 [02:13<1:18:47,  1.62s/it]
  3%|ΓûÄ         | 79/3000 [02:14<1:07:09,  1.38s/it]
  3%|ΓûÄ         | 80/3000 [02:17<1:30:25,  1.86s/it]
  3%|ΓûÄ         | 81/3000 [02:19<1:39:51,  2.05s/it]
  3%|ΓûÄ         | 82/3000 [02:21<1:40:45,  2.07s/it]
  3%|ΓûÄ         | 83/3000 [02:22<1:23:18,  1.71s/it]
  3%|ΓûÄ         | 84/3000 [02:25<1:30:00,  1.85s/it]
  3%|ΓûÄ         | 85/3000 [02:27<1:33:07,  1.92s/it]
  3%|ΓûÄ         | 86/3000 [02:30<2:00:51,  2.49s/it]
  3%|ΓûÄ         | 87/3000 [02:32<1:44:36,  2.15s/it]
  3%|ΓûÄ         | 88/3000 [02:33<1:34:42,  1.95s/it]
  3%|ΓûÄ         | 89/3000 [02:35<1:28:39,  1.83s/it]
  3%|ΓûÄ         | 90/3000 [02:37<1:33:50,  1.93s/it]
  3%|ΓûÄ         | 91/3000 [02:39<1:30:58,  1.88s/it]
  3%|ΓûÄ         | 92/3000 [02:41<1:30:44,  1.87s/it]
  3%|ΓûÄ         | 93/3000 [02:43<1:44:20,  2.15s/it]
  3%|ΓûÄ         | 94/3000 [02:45<1:35:04,  1.96s/it]
  3%|ΓûÄ         | 95/3000 [02:48<1:50:15,  2.28s/it]
  3%|ΓûÄ         | 96/3000 [02:49<1:32:35,  1.91s/it]
  3%|ΓûÄ         | 97/3000 [02:51<1:27:26,  1.81s/it]
  3%|ΓûÄ         | 98/3000 [02:51<1:13:25,  1.52s/it]
  3%|ΓûÄ         | 99/3000 [02:53<1:16:01,  1.57s/it]
  3%|ΓûÄ         | 100/3000 [02:54<1:13:21,  1.52s/it]
  3%|ΓûÄ         | 101/3000 [02:56<1:16:58,  1.59s/it]
  3%|ΓûÄ         | 102/3000 [02:57<1:07:35,  1.40s/it]
  3%|ΓûÄ         | 103/3000 [02:59<1:07:51,  1.41s/it]
  3%|ΓûÄ         | 104/3000 [03:00<1:13:00,  1.51s/it]
  4%|ΓûÄ         | 105/3000 [03:02<1:08:12,  1.41s/it]
  4%|ΓûÄ         | 106/3000 [03:03<1:12:53,  1.51s/it]
  4%|ΓûÄ         | 107/3000 [03:05<1:13:03,  1.52s/it]
  4%|ΓûÄ         | 108/3000 [03:06<1:05:51,  1.37s/it]
  4%|ΓûÄ         | 109/3000 [03:08<1:22:11,  1.71s/it]
  4%|ΓûÄ         | 110/3000 [03:09<1:12:02,  1.50s/it]
  4%|ΓûÄ         | 111/3000 [03:12<1:28:01,  1.83s/it]
  4%|ΓûÄ         | 112/3000 [03:13<1:18:48,  1.64s/it]
  4%|Γûì         | 113/3000 [03:18<1:58:45,  2.47s/it]
  4%|Γûì         | 114/3000 [03:18<1:34:56,  1.97s/it]
  4%|Γûì         | 115/3000 [03:21<1:37:55,  2.04s/it]
  4%|Γûì         | 116/3000 [03:23<1:45:06,  2.19s/it]
  4%|Γûì         | 117/3000 [03:25<1:39:39,  2.07s/it]
  4%|Γûì         | 118/3000 [03:27<1:40:59,  2.10s/it]
  4%|Γûì         | 119/3000 [03:28<1:24:59,  1.77s/it]
  4%|Γûì         | 120/3000 [03:29<1:14:19,  1.55s/it]
  4%|Γûì         | 121/3000 [03:31<1:17:24,  1.61s/it]
  4%|Γûì         | 122/3000 [03:33<1:25:23,  1.78s/it]
  4%|Γûì         | 123/3000 [03:34<1:11:19,  1.49s/it]
  4%|Γûì         | 124/3000 [03:36<1:17:25,  1.62s/it]
  4%|Γûì         | 125/3000 [03:37<1:15:49,  1.58s/it]
  4%|Γûì         | 126/3000 [03:38<1:04:46,  1.35s/it]
  4%|Γûì         | 127/3000 [03:39<1:02:23,  1.30s/it]
  4%|Γûì         | 128/3000 [03:41<1:05:32,  1.37s/it]
  4%|Γûì         | 129/3000 [03:42<1:08:06,  1.42s/it]
  4%|Γûì         | 130/3000 [03:43<58:46,  1.23s/it]  
  4%|Γûì         | 131/3000 [03:45<1:09:11,  1.45s/it]
  4%|Γûì         | 132/3000 [03:47<1:10:20,  1.47s/it]
  4%|Γûì         | 133/3000 [03:48<1:06:59,  1.40s/it]
  4%|Γûì         | 134/3000 [03:49<1:07:18,  1.41s/it]
  4%|Γûì         | 135/3000 [03:50<1:02:23,  1.31s/it]
  5%|Γûì         | 136/3000 [03:51<55:28,  1.16s/it]  
  5%|Γûì         | 137/3000 [03:52<56:35,  1.19s/it]
  5%|Γûì         | 138/3000 [03:55<1:22:58,  1.74s/it]
  5%|Γûì         | 139/3000 [03:57<1:19:25,  1.67s/it]
  5%|Γûì         | 140/3000 [03:59<1:22:50,  1.74s/it]
  5%|Γûì         | 141/3000 [04:01<1:34:43,  1.99s/it]
  5%|Γûì         | 142/3000 [04:03<1:34:08,  1.98s/it]
  5%|Γûì         | 143/3000 [04:04<1:20:33,  1.69s/it]
  5%|Γûì         | 144/3000 [04:07<1:28:24,  1.86s/it]
  5%|Γûì         | 145/3000 [04:08<1:18:38,  1.65s/it]
  5%|Γûì         | 146/3000 [04:09<1:09:43,  1.47s/it]
  5%|Γûì         | 147/3000 [04:10<1:07:50,  1.43s/it]
  5%|Γûì         | 148/3000 [04:11<1:04:00,  1.35s/it]
  5%|Γûì         | 149/3000 [04:13<1:12:50,  1.53s/it]
  5%|Γûî         | 150/3000 [04:15<1:12:42,  1.53s/it]
  5%|Γûî         | 151/3000 [04:16<1:07:36,  1.42s/it]
  5%|Γûî         | 152/3000 [04:18<1:19:56,  1.68s/it]
  5%|Γûî         | 153/3000 [04:20<1:19:33,  1.68s/it]
  5%|Γûî         | 154/3000 [04:24<1:49:10,  2.30s/it]
  5%|Γûî         | 155/3000 [04:25<1:35:49,  2.02s/it]
  5%|Γûî         | 156/3000 [04:27<1:33:13,  1.97s/it]
  5%|Γûî         | 157/3000 [04:28<1:27:01,  1.84s/it]
  5%|Γûî         | 158/3000 [04:30<1:23:57,  1.77s/it]
  5%|Γûî         | 159/3000 [04:33<1:38:18,  2.08s/it]
  5%|Γûî         | 160/3000 [04:35<1:36:18,  2.03s/it]
  5%|Γûî         | 161/3000 [04:37<1:37:52,  2.07s/it]
  5%|Γûî         | 162/3000 [04:38<1:25:47,  1.81s/it]
  5%|Γûî         | 163/3000 [04:40<1:22:13,  1.74s/it]
  5%|Γûî         | 164/3000 [04:41<1:16:40,  1.62s/it]
  6%|Γûî         | 165/3000 [04:43<1:26:46,  1.84s/it]
  6%|Γûî         | 166/3000 [04:45<1:21:23,  1.72s/it]
  6%|Γûî         | 167/3000 [04:46<1:15:00,  1.59s/it]
  6%|Γûî         | 168/3000 [04:47<1:09:43,  1.48s/it]
  6%|Γûî         | 169/3000 [04:49<1:12:47,  1.54s/it]
  6%|Γûî         | 170/3000 [04:52<1:35:14,  2.02s/it]
  6%|Γûî         | 171/3000 [04:53<1:23:28,  1.77s/it]
  6%|Γûî         | 172/3000 [04:55<1:25:13,  1.81s/it]
  6%|Γûî         | 173/3000 [04:57<1:22:54,  1.76s/it]
  6%|Γûî         | 174/3000 [04:58<1:09:13,  1.47s/it]
  6%|Γûî         | 175/3000 [04:59<1:08:59,  1.47s/it]
  6%|Γûî         | 176/3000 [05:01<1:17:08,  1.64s/it]
  6%|Γûî         | 177/3000 [05:03<1:24:24,  1.79s/it]
  6%|Γûî         | 178/3000 [05:04<1:14:26,  1.58s/it]
  6%|Γûî         | 179/3000 [05:08<1:36:18,  2.05s/it]
  6%|Γûî         | 180/3000 [05:09<1:20:46,  1.72s/it]
  6%|Γûî         | 181/3000 [05:11<1:24:21,  1.80s/it]
  6%|Γûî         | 182/3000 [05:11<1:10:16,  1.50s/it]
  6%|Γûî         | 183/3000 [05:12<1:02:52,  1.34s/it]
  6%|Γûî         | 184/3000 [05:13<56:57,  1.21s/it]  
  6%|Γûî         | 185/3000 [05:14<54:26,  1.16s/it]
  6%|Γûî         | 186/3000 [05:15<53:25,  1.14s/it]
  6%|Γûî         | 187/3000 [05:18<1:09:54,  1.49s/it]
  6%|Γûï         | 188/3000 [05:19<1:10:06,  1.50s/it]
  6%|Γûï         | 189/3000 [05:21<1:10:57,  1.51s/it]
  6%|Γûï         | 190/3000 [05:22<1:05:21,  1.40s/it]
  6%|Γûï         | 191/3000 [05:24<1:11:36,  1.53s/it]
  6%|Γûï         | 192/3000 [05:25<1:11:22,  1.53s/it]
  6%|Γûï         | 193/3000 [05:27<1:13:16,  1.57s/it]
  6%|Γûï         | 194/3000 [05:28<1:07:21,  1.44s/it]
  6%|Γûï         | 195/3000 [05:29<1:00:16,  1.29s/it]
  7%|Γûï         | 196/3000 [05:30<55:08,  1.18s/it]  
  7%|Γûï         | 197/3000 [05:31<53:50,  1.15s/it]
  7%|Γûï         | 198/3000 [05:33<1:02:32,  1.34s/it]
  7%|Γûï         | 199/3000 [05:34<57:38,  1.23s/it]  
  7%|Γûï         | 200/3000 [05:36<1:08:39,  1.47s/it]
  7%|Γûï         | 201/3000 [05:38<1:15:45,  1.62s/it]
  7%|Γûï         | 202/3000 [05:39<1:15:43,  1.62s/it]
  7%|Γûï         | 203/3000 [05:41<1:15:53,  1.63s/it]
  7%|Γûï         | 204/3000 [05:42<1:11:28,  1.53s/it]
  7%|Γûï         | 205/3000 [05:44<1:20:14,  1.72s/it]
  7%|Γûï         | 206/3000 [05:46<1:19:54,  1.72s/it]
  7%|Γûï         | 207/3000 [05:48<1:19:05,  1.70s/it]
  7%|Γûï         | 208/3000 [05:50<1:23:26,  1.79s/it]
  7%|Γûï         | 209/3000 [05:52<1:23:56,  1.80s/it]
  7%|Γûï         | 210/3000 [05:53<1:10:54,  1.52s/it]
  7%|Γûï         | 211/3000 [05:54<1:16:03,  1.64s/it]
  7%|Γûï         | 212/3000 [05:56<1:10:10,  1.51s/it]
  7%|Γûï         | 213/3000 [05:57<1:04:16,  1.38s/it]
  7%|Γûï         | 214/3000 [05:58<58:26,  1.26s/it]  
  7%|Γûï         | 215/3000 [06:00<1:09:49,  1.50s/it]
  7%|Γûï         | 216/3000 [06:01<1:00:36,  1.31s/it]
  7%|Γûï         | 217/3000 [06:02<1:00:06,  1.30s/it]
  7%|Γûï         | 218/3000 [06:04<1:15:15,  1.62s/it]
  7%|Γûï         | 219/3000 [06:07<1:31:24,  1.97s/it]
  7%|Γûï         | 220/3000 [06:08<1:14:10,  1.60s/it]
  7%|Γûï         | 221/3000 [06:10<1:18:14,  1.69s/it]
  7%|Γûï         | 222/3000 [06:11<1:14:48,  1.62s/it]
  7%|Γûï         | 223/3000 [06:12<1:09:51,  1.51s/it]
  7%|Γûï         | 224/3000 [06:14<1:16:09,  1.65s/it]
  8%|Γûè         | 225/3000 [06:16<1:10:44,  1.53s/it]
  8%|Γûè         | 226/3000 [06:17<1:05:35,  1.42s/it]
  8%|Γûè         | 227/3000 [06:18<58:19,  1.26s/it]  
  8%|Γûè         | 228/3000 [06:19<54:08,  1.17s/it]
  8%|Γûè         | 229/3000 [06:20<51:18,  1.11s/it]
  8%|Γûè         | 230/3000 [06:21<53:07,  1.15s/it]
  8%|Γûè         | 231/3000 [06:27<1:56:37,  2.53s/it]
  8%|Γûè         | 232/3000 [06:29<1:49:07,  2.37s/it]
  8%|Γûè         | 233/3000 [06:31<1:53:27,  2.46s/it]
  8%|Γûè         | 234/3000 [06:33<1:48:17,  2.35s/it]
  8%|Γûè         | 235/3000 [06:35<1:33:33,  2.03s/it]
  8%|Γûè         | 236/3000 [06:36<1:23:57,  1.82s/it]
  8%|Γûè         | 237/3000 [06:38<1:30:58,  1.98s/it]
  8%|Γûè         | 238/3000 [06:40<1:22:10,  1.78s/it]
  8%|Γûè         | 239/3000 [06:41<1:15:41,  1.65s/it]
  8%|Γûè         | 240/3000 [06:42<1:11:14,  1.55s/it]
  8%|Γûè         | 241/3000 [06:43<1:03:52,  1.39s/it]
  8%|Γûè         | 242/3000 [06:44<1:00:03,  1.31s/it]
  8%|Γûè         | 243/3000 [06:46<59:18,  1.29s/it]  
  8%|Γûè         | 244/3000 [06:47<1:04:57,  1.41s/it]
  8%|Γûè         | 245/3000 [06:52<1:46:06,  2.31s/it]
  8%|Γûè         | 246/3000 [06:53<1:25:42,  1.87s/it]
  8%|Γûè         | 247/3000 [06:54<1:15:19,  1.64s/it]
  8%|Γûè         | 248/3000 [06:55<1:09:49,  1.52s/it]
  8%|Γûè         | 249/3000 [06:57<1:14:09,  1.62s/it]
  8%|Γûè         | 250/3000 [06:59<1:17:07,  1.68s/it]
  8%|Γûè         | 251/3000 [07:00<1:10:07,  1.53s/it]
  8%|Γûè         | 252/3000 [07:01<1:10:54,  1.55s/it]
  8%|Γûè         | 253/3000 [07:02<1:03:31,  1.39s/it]
  8%|Γûè         | 254/3000 [07:04<1:04:37,  1.41s/it]
  8%|Γûè         | 255/3000 [07:06<1:10:40,  1.54s/it]
  9%|Γûè         | 256/3000 [07:07<1:02:15,  1.36s/it]
  9%|Γûè         | 257/3000 [07:09<1:11:09,  1.56s/it]
  9%|Γûè         | 258/3000 [07:10<1:06:12,  1.45s/it]
  9%|Γûè         | 259/3000 [07:11<58:42,  1.29s/it]  
  9%|Γûè         | 260/3000 [07:13<1:07:18,  1.47s/it]
  9%|Γûè         | 261/3000 [07:14<1:07:23,  1.48s/it]
  9%|Γûè         | 262/3000 [07:16<1:18:19,  1.72s/it]
  9%|Γûë         | 263/3000 [07:18<1:12:00,  1.58s/it]
  9%|Γûë         | 264/3000 [07:19<1:05:51,  1.44s/it]
  9%|Γûë         | 265/3000 [07:20<1:06:22,  1.46s/it]
  9%|Γûë         | 266/3000 [07:21<1:00:52,  1.34s/it]
  9%|Γûë         | 267/3000 [07:23<1:06:52,  1.47s/it]
  9%|Γûë         | 268/3000 [07:24<1:02:12,  1.37s/it]
  9%|Γûë         | 269/3000 [07:26<1:02:49,  1.38s/it]
  9%|Γûë         | 270/3000 [07:27<56:26,  1.24s/it]  
  9%|Γûë         | 271/3000 [07:28<56:27,  1.24s/it]
  9%|Γûë         | 272/3000 [07:29<52:24,  1.15s/it]
  9%|Γûë         | 273/3000 [07:34<1:41:27,  2.23s/it]
  9%|Γûë         | 274/3000 [07:35<1:26:20,  1.90s/it]
  9%|Γûë         | 275/3000 [07:37<1:30:10,  1.99s/it]
  9%|Γûë         | 276/3000 [07:38<1:21:59,  1.81s/it]
  9%|Γûë         | 277/3000 [07:43<1:58:35,  2.61s/it]
  9%|Γûë         | 278/3000 [07:44<1:41:13,  2.23s/it]
  9%|Γûë         | 279/3000 [07:46<1:34:27,  2.08s/it]
  9%|Γûë         | 280/3000 [07:47<1:23:09,  1.83s/it]
  9%|Γûë         | 281/3000 [07:49<1:19:34,  1.76s/it]
  9%|Γûë         | 282/3000 [07:49<1:06:08,  1.46s/it]
  9%|Γûë         | 283/3000 [07:52<1:23:57,  1.85s/it]
  9%|Γûë         | 284/3000 [07:54<1:18:31,  1.73s/it]
 10%|Γûë         | 285/3000 [07:55<1:06:40,  1.47s/it]
 10%|Γûë         | 286/3000 [07:56<1:11:52,  1.59s/it]
 10%|Γûë         | 287/3000 [07:58<1:12:19,  1.60s/it]
 10%|Γûë         | 288/3000 [08:00<1:12:43,  1.61s/it]
 10%|Γûë         | 289/3000 [08:01<1:07:12,  1.49s/it]
 10%|Γûë         | 290/3000 [08:03<1:12:39,  1.61s/it]
 10%|Γûë         | 291/3000 [08:04<1:03:50,  1.41s/it]
 10%|Γûë         | 292/3000 [08:05<1:02:07,  1.38s/it]
 10%|Γûë         | 293/3000 [08:07<1:16:59,  1.71s/it]
 10%|Γûë         | 294/3000 [08:10<1:22:31,  1.83s/it]
 10%|Γûë         | 295/3000 [08:11<1:13:28,  1.63s/it]
 10%|Γûë         | 296/3000 [08:12<1:14:04,  1.64s/it]
 10%|Γûë         | 297/3000 [08:13<1:04:33,  1.43s/it]
 10%|Γûë         | 298/3000 [08:15<1:13:26,  1.63s/it]
 10%|Γûë         | 299/3000 [08:17<1:09:07,  1.54s/it]
 10%|Γûê         | 300/3000 [08:18<1:06:23,  1.48s/it]
 10%|Γûê         | 301/3000 [08:19<1:01:54,  1.38s/it]
 10%|Γûê         | 302/3000 [08:21<1:02:36,  1.39s/it]
 10%|Γûê         | 303/3000 [08:23<1:11:10,  1.58s/it]
 10%|Γûê         | 304/3000 [08:24<1:03:53,  1.42s/it]
 10%|Γûê         | 305/3000 [08:26<1:15:36,  1.68s/it]
 10%|Γûê         | 306/3000 [08:27<1:05:51,  1.47s/it]
 10%|Γûê         | 307/3000 [08:28<1:04:24,  1.43s/it]
 10%|Γûê         | 308/3000 [08:30<1:01:39,  1.37s/it]
 10%|Γûê         | 309/3000 [08:31<1:04:10,  1.43s/it]
 10%|Γûê         | 310/3000 [08:32<55:38,  1.24s/it]  
 10%|Γûê         | 311/3000 [08:33<56:01,  1.25s/it]
 10%|Γûê         | 312/3000 [08:35<1:00:07,  1.34s/it]
 10%|Γûê         | 313/3000 [08:37<1:05:28,  1.46s/it]
 10%|Γûê         | 314/3000 [08:37<58:35,  1.31s/it]  
 10%|Γûê         | 315/3000 [08:38<52:13,  1.17s/it]
 11%|Γûê         | 316/3000 [08:40<53:34,  1.20s/it]
 11%|Γûê         | 317/3000 [08:41<51:39,  1.16s/it]
 11%|Γûê         | 318/3000 [08:42<1:00:35,  1.36s/it]
 11%|Γûê         | 319/3000 [08:43<53:23,  1.19s/it]  
 11%|Γûê         | 320/3000 [08:44<50:54,  1.14s/it]
 11%|Γûê         | 321/3000 [08:46<1:04:28,  1.44s/it]
 11%|Γûê         | 322/3000 [08:47<57:50,  1.30s/it]  
 11%|Γûê         | 323/3000 [08:49<57:36,  1.29s/it]
 11%|Γûê         | 324/3000 [08:50<57:48,  1.30s/it]
 11%|Γûê         | 325/3000 [08:51<51:07,  1.15s/it]
 11%|Γûê         | 326/3000 [08:52<48:48,  1.10s/it]
 11%|Γûê         | 327/3000 [08:53<51:31,  1.16s/it]
 11%|Γûê         | 328/3000 [08:56<1:13:26,  1.65s/it]
 11%|Γûê         | 329/3000 [08:57<1:08:45,  1.54s/it]
 11%|Γûê         | 330/3000 [08:58<1:01:00,  1.37s/it]
 11%|Γûê         | 331/3000 [09:00<1:03:42,  1.43s/it]
 11%|Γûê         | 332/3000 [09:01<1:03:05,  1.42s/it]
 11%|Γûê         | 333/3000 [09:02<57:11,  1.29s/it]  
 11%|Γûê         | 334/3000 [09:03<55:21,  1.25s/it]
 11%|Γûê         | 335/3000 [09:04<51:41,  1.16s/it]
 11%|Γûê         | 336/3000 [09:06<55:10,  1.24s/it]
 11%|Γûê         | 337/3000 [09:07<1:01:34,  1.39s/it]
 11%|ΓûêΓûÅ        | 338/3000 [09:09<1:06:26,  1.50s/it]
 11%|ΓûêΓûÅ        | 339/3000 [09:10<1:05:08,  1.47s/it]
 11%|ΓûêΓûÅ        | 340/3000 [09:12<1:05:56,  1.49s/it]
 11%|ΓûêΓûÅ        | 341/3000 [09:13<1:01:59,  1.40s/it]
 11%|ΓûêΓûÅ        | 342/3000 [09:15<1:07:26,  1.52s/it]
 11%|ΓûêΓûÅ        | 343/3000 [09:16<1:03:22,  1.43s/it]
 11%|ΓûêΓûÅ        | 344/3000 [09:22<2:06:26,  2.86s/it]
 12%|ΓûêΓûÅ        | 345/3000 [09:24<1:46:02,  2.40s/it]
 12%|ΓûêΓûÅ        | 346/3000 [09:25<1:36:03,  2.17s/it]
 12%|ΓûêΓûÅ        | 347/3000 [09:27<1:30:42,  2.05s/it]
 12%|ΓûêΓûÅ        | 348/3000 [09:30<1:36:10,  2.18s/it]
 12%|ΓûêΓûÅ        | 349/3000 [09:31<1:24:28,  1.91s/it]
 12%|ΓûêΓûÅ        | 350/3000 [09:33<1:22:26,  1.87s/it]
 12%|ΓûêΓûÅ        | 351/3000 [09:33<1:07:51,  1.54s/it]
 12%|ΓûêΓûÅ        | 352/3000 [09:35<1:13:53,  1.67s/it]
 12%|ΓûêΓûÅ        | 353/3000 [09:36<1:02:29,  1.42s/it]
 12%|ΓûêΓûÅ        | 354/3000 [09:38<1:01:28,  1.39s/it]
 12%|ΓûêΓûÅ        | 355/3000 [09:39<56:16,  1.28s/it]  
 12%|ΓûêΓûÅ        | 356/3000 [09:39<50:12,  1.14s/it]
 12%|ΓûêΓûÅ        | 357/3000 [09:41<58:34,  1.33s/it]
 12%|ΓûêΓûÅ        | 358/3000 [09:42<52:39,  1.20s/it]
 12%|ΓûêΓûÅ        | 359/3000 [09:45<1:19:48,  1.81s/it]
 12%|ΓûêΓûÅ        | 360/3000 [09:50<1:52:23,  2.55s/it]
 12%|ΓûêΓûÅ        | 361/3000 [09:51<1:33:09,  2.12s/it]
 12%|ΓûêΓûÅ        | 362/3000 [09:55<1:56:51,  2.66s/it]
 12%|ΓûêΓûÅ        | 363/3000 [09:56<1:39:01,  2.25s/it]
 12%|ΓûêΓûÅ        | 364/3000 [10:00<1:58:45,  2.70s/it]
 12%|ΓûêΓûÅ        | 365/3000 [10:01<1:35:49,  2.18s/it]
 12%|ΓûêΓûÅ        | 366/3000 [10:03<1:38:51,  2.25s/it]
 12%|ΓûêΓûÅ        | 367/3000 [10:05<1:28:13,  2.01s/it]
 12%|ΓûêΓûÅ        | 368/3000 [10:07<1:31:19,  2.08s/it]
 12%|ΓûêΓûÅ        | 369/3000 [10:09<1:34:50,  2.16s/it]
 12%|ΓûêΓûÅ        | 370/3000 [10:10<1:20:18,  1.83s/it]
 12%|ΓûêΓûÅ        | 371/3000 [10:12<1:23:20,  1.90s/it]
 12%|ΓûêΓûÅ        | 372/3000 [10:13<1:12:05,  1.65s/it]
 12%|ΓûêΓûÅ        | 373/3000 [10:15<1:06:59,  1.53s/it]
 12%|ΓûêΓûÅ        | 374/3000 [10:15<58:29,  1.34s/it]  
 12%|ΓûêΓûÄ        | 375/3000 [10:17<1:00:01,  1.37s/it]
 13%|ΓûêΓûÄ        | 376/3000 [10:19<1:10:15,  1.61s/it]
 13%|ΓûêΓûÄ        | 377/3000 [10:21<1:13:36,  1.68s/it]
 13%|ΓûêΓûÄ        | 378/3000 [10:22<1:10:47,  1.62s/it]
 13%|ΓûêΓûÄ        | 379/3000 [10:26<1:31:20,  2.09s/it]
 13%|ΓûêΓûÄ        | 380/3000 [10:27<1:25:32,  1.96s/it]
 13%|ΓûêΓûÄ        | 381/3000 [10:28<1:16:10,  1.75s/it]
 13%|ΓûêΓûÄ        | 382/3000 [10:32<1:35:35,  2.19s/it]
 13%|ΓûêΓûÄ        | 383/3000 [10:34<1:31:51,  2.11s/it]
 13%|ΓûêΓûÄ        | 384/3000 [10:35<1:25:54,  1.97s/it]
 13%|ΓûêΓûÄ        | 385/3000 [10:37<1:19:16,  1.82s/it]
 13%|ΓûêΓûÄ        | 386/3000 [10:38<1:09:36,  1.60s/it]
 13%|ΓûêΓûÄ        | 387/3000 [10:39<59:20,  1.36s/it]  
 13%|ΓûêΓûÄ        | 388/3000 [10:41<1:13:30,  1.69s/it]
 13%|ΓûêΓûÄ        | 389/3000 [10:43<1:17:29,  1.78s/it]
 13%|ΓûêΓûÄ        | 390/3000 [10:44<1:10:25,  1.62s/it]
 13%|ΓûêΓûÄ        | 391/3000 [10:47<1:18:37,  1.81s/it]
 13%|ΓûêΓûÄ        | 392/3000 [10:48<1:11:11,  1.64s/it]
 13%|ΓûêΓûÄ        | 393/3000 [10:50<1:23:01,  1.91s/it]
 13%|ΓûêΓûÄ        | 394/3000 [10:52<1:17:28,  1.78s/it]
 13%|ΓûêΓûÄ        | 395/3000 [10:53<1:08:26,  1.58s/it]
 13%|ΓûêΓûÄ        | 396/3000 [10:57<1:43:46,  2.39s/it]
 13%|ΓûêΓûÄ        | 397/3000 [10:59<1:35:13,  2.19s/it]
 13%|ΓûêΓûÄ        | 398/3000 [11:01<1:29:19,  2.06s/it]
 13%|ΓûêΓûÄ        | 399/3000 [11:06<2:14:02,  3.09s/it]
 13%|ΓûêΓûÄ        | 400/3000 [11:09<2:06:10,  2.91s/it]
 13%|ΓûêΓûÄ        | 401/3000 [11:10<1:45:08,  2.43s/it]
 13%|ΓûêΓûÄ        | 402/3000 [11:12<1:33:48,  2.17s/it]
 13%|ΓûêΓûÄ        | 403/3000 [11:13<1:28:20,  2.04s/it]
 13%|ΓûêΓûÄ        | 404/3000 [11:14<1:15:59,  1.76s/it]
 14%|ΓûêΓûÄ        | 405/3000 [11:22<2:33:05,  3.54s/it]
 14%|ΓûêΓûÄ        | 406/3000 [11:24<2:08:21,  2.97s/it]
 14%|ΓûêΓûÄ        | 407/3000 [11:25<1:50:40,  2.56s/it]
 14%|ΓûêΓûÄ        | 408/3000 [11:27<1:44:47,  2.43s/it]
 14%|ΓûêΓûÄ        | 409/3000 [11:30<1:40:53,  2.34s/it]
 14%|ΓûêΓûÄ        | 410/3000 [11:31<1:34:36,  2.19s/it]
 14%|ΓûêΓûÄ        | 411/3000 [11:36<2:03:25,  2.86s/it]
 14%|ΓûêΓûÄ        | 412/3000 [11:39<2:09:36,  3.00s/it]
 14%|ΓûêΓûì        | 413/3000 [11:41<1:53:16,  2.63s/it]
 14%|ΓûêΓûì        | 414/3000 [11:43<1:40:18,  2.33s/it]
 14%|ΓûêΓûì        | 415/3000 [11:45<1:39:42,  2.31s/it]
 14%|ΓûêΓûì        | 416/3000 [11:46<1:28:10,  2.05s/it]
 14%|ΓûêΓûì        | 417/3000 [11:50<1:45:47,  2.46s/it]
 14%|ΓûêΓûì        | 418/3000 [11:52<1:37:58,  2.28s/it]
 14%|ΓûêΓûì        | 419/3000 [11:58<2:28:20,  3.45s/it]
 14%|ΓûêΓûì        | 420/3000 [11:59<1:57:58,  2.74s/it]
 14%|ΓûêΓûì        | 421/3000 [12:01<1:47:16,  2.50s/it]
 14%|ΓûêΓûì        | 422/3000 [12:03<1:44:16,  2.43s/it]
 14%|ΓûêΓûì        | 423/3000 [12:05<1:32:38,  2.16s/it]
 14%|ΓûêΓûì        | 424/3000 [12:06<1:17:17,  1.80s/it]
 14%|ΓûêΓûì        | 425/3000 [12:08<1:19:50,  1.86s/it]
 14%|ΓûêΓûì        | 426/3000 [12:09<1:20:28,  1.88s/it]
 14%|ΓûêΓûì        | 427/3000 [12:11<1:15:13,  1.75s/it]
 14%|ΓûêΓûì        | 428/3000 [12:12<1:03:12,  1.47s/it]
 14%|ΓûêΓûì        | 429/3000 [12:13<59:02,  1.38s/it]  
 14%|ΓûêΓûì        | 430/3000 [12:15<1:10:01,  1.63s/it]
 14%|ΓûêΓûì        | 431/3000 [12:17<1:16:44,  1.79s/it]
 14%|ΓûêΓûì        | 432/3000 [12:21<1:37:08,  2.27s/it]
 14%|ΓûêΓûì        | 433/3000 [12:22<1:23:53,  1.96s/it]
 14%|ΓûêΓûì        | 434/3000 [12:24<1:25:03,  1.99s/it]
 14%|ΓûêΓûì        | 435/3000 [12:25<1:15:11,  1.76s/it]
 15%|ΓûêΓûì        | 436/3000 [12:26<1:06:55,  1.57s/it]
 15%|ΓûêΓûì        | 437/3000 [12:28<1:03:38,  1.49s/it]
 15%|ΓûêΓûì        | 438/3000 [12:28<55:07,  1.29s/it]  
 15%|ΓûêΓûì        | 439/3000 [12:30<56:25,  1.32s/it]
 15%|ΓûêΓûì        | 440/3000 [12:31<54:39,  1.28s/it]
 15%|ΓûêΓûì        | 441/3000 [12:32<48:54,  1.15s/it]
 15%|ΓûêΓûì        | 442/3000 [12:34<1:01:58,  1.45s/it]
 15%|ΓûêΓûì        | 443/3000 [12:35<58:49,  1.38s/it]  
 15%|ΓûêΓûì        | 444/3000 [12:37<58:34,  1.37s/it]
 15%|ΓûêΓûì        | 445/3000 [12:38<54:40,  1.28s/it]
 15%|ΓûêΓûì        | 446/3000 [12:41<1:17:27,  1.82s/it]
 15%|ΓûêΓûì        | 447/3000 [12:42<1:16:22,  1.79s/it]
 15%|ΓûêΓûì        | 448/3000 [12:44<1:09:43,  1.64s/it]
 15%|ΓûêΓûì        | 449/3000 [12:45<59:15,  1.39s/it]  
 15%|ΓûêΓûî        | 450/3000 [12:48<1:21:29,  1.92s/it]
 15%|ΓûêΓûî        | 451/3000 [12:50<1:23:33,  1.97s/it]
 15%|ΓûêΓûî        | 452/3000 [12:51<1:15:56,  1.79s/it]
 15%|ΓûêΓûî        | 453/3000 [12:53<1:11:22,  1.68s/it]
 15%|ΓûêΓûî        | 454/3000 [12:54<1:08:46,  1.62s/it]
 15%|ΓûêΓûî        | 455/3000 [12:55<1:03:26,  1.50s/it]
 15%|ΓûêΓûî        | 456/3000 [12:57<1:04:19,  1.52s/it]
 15%|ΓûêΓûî        | 457/3000 [12:59<1:10:04,  1.65s/it]
 15%|ΓûêΓûî        | 458/3000 [13:01<1:14:36,  1.76s/it]
 15%|ΓûêΓûî        | 459/3000 [13:03<1:15:56,  1.79s/it]
 15%|ΓûêΓûî        | 460/3000 [13:04<1:14:21,  1.76s/it]
 15%|ΓûêΓûî        | 461/3000 [13:06<1:07:11,  1.59s/it]
 15%|ΓûêΓûî        | 462/3000 [13:07<1:04:16,  1.52s/it]
 15%|ΓûêΓûî        | 463/3000 [13:08<1:00:46,  1.44s/it]
 15%|ΓûêΓûî        | 464/3000 [13:09<55:42,  1.32s/it]  
 16%|ΓûêΓûî        | 465/3000 [13:12<1:08:39,  1.63s/it]
 16%|ΓûêΓûî        | 466/3000 [13:13<1:06:27,  1.57s/it]
 16%|ΓûêΓûî        | 467/3000 [13:14<1:03:58,  1.52s/it]
 16%|ΓûêΓûî        | 468/3000 [13:16<1:02:05,  1.47s/it]
 16%|ΓûêΓûî        | 469/3000 [13:17<1:04:47,  1.54s/it]
 16%|ΓûêΓûî        | 470/3000 [13:19<1:02:22,  1.48s/it]
 16%|ΓûêΓûî        | 471/3000 [13:20<1:01:07,  1.45s/it]
 16%|ΓûêΓûî        | 472/3000 [13:22<1:09:47,  1.66s/it]
 16%|ΓûêΓûî        | 473/3000 [13:24<1:10:34,  1.68s/it]
 16%|ΓûêΓûî        | 474/3000 [13:25<58:55,  1.40s/it]  
 16%|ΓûêΓûî        | 475/3000 [13:26<1:02:08,  1.48s/it]
 16%|ΓûêΓûî        | 476/3000 [13:28<1:08:49,  1.64s/it]
 16%|ΓûêΓûî        | 477/3000 [13:29<1:01:06,  1.45s/it]
 16%|ΓûêΓûî        | 478/3000 [13:30<53:41,  1.28s/it]  
 16%|ΓûêΓûî        | 479/3000 [13:31<48:07,  1.15s/it]
 16%|ΓûêΓûî        | 480/3000 [13:32<45:40,  1.09s/it]
 16%|ΓûêΓûî        | 481/3000 [13:33<42:23,  1.01s/it]
 16%|ΓûêΓûî        | 482/3000 [13:34<46:30,  1.11s/it]
 16%|ΓûêΓûî        | 483/3000 [13:36<54:53,  1.31s/it]
 16%|ΓûêΓûî        | 484/3000 [13:37<50:26,  1.20s/it]
 16%|ΓûêΓûî        | 485/3000 [13:38<48:13,  1.15s/it]
 16%|ΓûêΓûî        | 486/3000 [13:40<55:50,  1.33s/it]
 16%|ΓûêΓûî        | 487/3000 [13:42<1:02:42,  1.50s/it]
 16%|ΓûêΓûï        | 488/3000 [13:43<57:13,  1.37s/it]  
 16%|ΓûêΓûï        | 489/3000 [13:44<53:11,  1.27s/it]
 16%|ΓûêΓûï        | 490/3000 [13:46<1:07:35,  1.62s/it]
 16%|ΓûêΓûï        | 491/3000 [13:48<1:04:26,  1.54s/it]
 16%|ΓûêΓûï        | 492/3000 [13:49<57:59,  1.39s/it]  
 16%|ΓûêΓûï        | 493/3000 [13:50<1:00:41,  1.45s/it]
 16%|ΓûêΓûï        | 494/3000 [13:52<59:10,  1.42s/it]  
 16%|ΓûêΓûï        | 495/3000 [13:53<1:00:22,  1.45s/it]
 17%|ΓûêΓûï        | 496/3000 [13:54<57:59,  1.39s/it]  
 17%|ΓûêΓûï        | 497/3000 [13:56<1:06:43,  1.60s/it]
 17%|ΓûêΓûï        | 498/3000 [13:58<1:06:46,  1.60s/it]
 17%|ΓûêΓûï        | 499/3000 [13:59<1:01:37,  1.48s/it]
 17%|ΓûêΓûï        | 500/3000 [14:01<1:01:23,  1.47s/it]
 17%|ΓûêΓûï        | 501/3000 [14:02<1:00:45,  1.46s/it]
 17%|ΓûêΓûï        | 502/3000 [14:04<1:07:07,  1.61s/it]
 17%|ΓûêΓûï        | 503/3000 [14:06<1:10:15,  1.69s/it]
 17%|ΓûêΓûï        | 504/3000 [14:07<1:06:31,  1.60s/it]
 17%|ΓûêΓûï        | 505/3000 [14:10<1:17:05,  1.85s/it]
 17%|ΓûêΓûï        | 506/3000 [14:11<1:07:57,  1.63s/it]
 17%|ΓûêΓûï        | 507/3000 [14:13<1:12:29,  1.74s/it]
 17%|ΓûêΓûï        | 508/3000 [14:14<1:04:20,  1.55s/it]
 17%|ΓûêΓûï        | 509/3000 [14:16<1:04:41,  1.56s/it]
 17%|ΓûêΓûï        | 510/3000 [14:17<1:04:06,  1.54s/it]
 17%|ΓûêΓûï        | 511/3000 [14:19<1:04:14,  1.55s/it]
 17%|ΓûêΓûï        | 512/3000 [14:21<1:12:18,  1.74s/it]
 17%|ΓûêΓûï        | 513/3000 [14:23<1:14:08,  1.79s/it]
 17%|ΓûêΓûï        | 514/3000 [14:25<1:15:28,  1.82s/it]
 17%|ΓûêΓûï        | 515/3000 [14:26<1:09:10,  1.67s/it]
 17%|ΓûêΓûï        | 516/3000 [14:27<1:06:58,  1.62s/it]
 17%|ΓûêΓûï        | 517/3000 [14:29<1:00:15,  1.46s/it]
 17%|ΓûêΓûï        | 518/3000 [14:31<1:12:18,  1.75s/it]
 17%|ΓûêΓûï        | 519/3000 [14:32<1:03:19,  1.53s/it]
 17%|ΓûêΓûï        | 520/3000 [14:35<1:16:58,  1.86s/it]
 17%|ΓûêΓûï        | 521/3000 [14:37<1:24:47,  2.05s/it]
 17%|ΓûêΓûï        | 522/3000 [14:38<1:10:28,  1.71s/it]
 17%|ΓûêΓûï        | 523/3000 [14:41<1:32:22,  2.24s/it]
 17%|ΓûêΓûï        | 524/3000 [14:42<1:17:04,  1.87s/it]
 18%|ΓûêΓûè        | 525/3000 [14:44<1:10:07,  1.70s/it]
 18%|ΓûêΓûè        | 526/3000 [14:46<1:10:40,  1.71s/it]
 18%|ΓûêΓûè        | 527/3000 [14:48<1:15:29,  1.83s/it]
 18%|ΓûêΓûè        | 528/3000 [14:50<1:22:07,  1.99s/it]
 18%|ΓûêΓûè        | 529/3000 [14:53<1:28:29,  2.15s/it]
 18%|ΓûêΓûè        | 530/3000 [14:54<1:24:51,  2.06s/it]
 18%|ΓûêΓûè        | 531/3000 [14:56<1:16:49,  1.87s/it]
 18%|ΓûêΓûè        | 532/3000 [14:57<1:06:44,  1.62s/it]
 18%|ΓûêΓûè        | 533/3000 [15:00<1:24:36,  2.06s/it]
 18%|ΓûêΓûè        | 534/3000 [15:02<1:27:21,  2.13s/it]
 18%|ΓûêΓûè        | 535/3000 [15:03<1:15:08,  1.83s/it]
 18%|ΓûêΓûè        | 536/3000 [15:04<1:06:33,  1.62s/it]
 18%|ΓûêΓûè        | 537/3000 [15:09<1:39:44,  2.43s/it]
 18%|ΓûêΓûè        | 538/3000 [15:10<1:25:09,  2.08s/it]
 18%|ΓûêΓûè        | 539/3000 [15:11<1:16:28,  1.86s/it]
 18%|ΓûêΓûè        | 540/3000 [15:12<1:04:06,  1.56s/it]
 18%|ΓûêΓûè        | 541/3000 [15:14<1:03:05,  1.54s/it]
 18%|ΓûêΓûè        | 542/3000 [15:15<54:25,  1.33s/it]  
 18%|ΓûêΓûè        | 543/3000 [15:16<57:17,  1.40s/it]
 18%|ΓûêΓûè        | 544/3000 [15:17<53:42,  1.31s/it]
 18%|ΓûêΓûè        | 545/3000 [15:18<50:23,  1.23s/it]
 18%|ΓûêΓûè        | 546/3000 [15:20<53:09,  1.30s/it]
 18%|ΓûêΓûè        | 547/3000 [15:21<56:17,  1.38s/it]
 18%|ΓûêΓûè        | 548/3000 [15:23<55:18,  1.35s/it]
 18%|ΓûêΓûè        | 549/3000 [15:24<54:03,  1.32s/it]
 18%|ΓûêΓûè        | 550/3000 [15:25<57:02,  1.40s/it]
 18%|ΓûêΓûè        | 551/3000 [15:27<56:17,  1.38s/it]
 18%|ΓûêΓûè        | 552/3000 [15:28<56:00,  1.37s/it]
 18%|ΓûêΓûè        | 553/3000 [15:30<1:05:19,  1.60s/it]
 18%|ΓûêΓûè        | 554/3000 [15:32<1:01:50,  1.52s/it]
 18%|ΓûêΓûè        | 555/3000 [15:33<1:00:24,  1.48s/it]
 19%|ΓûêΓûè        | 556/3000 [15:35<1:02:57,  1.55s/it]
 19%|ΓûêΓûè        | 557/3000 [15:41<2:06:51,  3.12s/it]
 19%|ΓûêΓûè        | 558/3000 [15:43<1:45:43,  2.60s/it]
 19%|ΓûêΓûè        | 559/3000 [15:44<1:32:41,  2.28s/it]
 19%|ΓûêΓûè        | 560/3000 [15:46<1:24:48,  2.09s/it]
 19%|ΓûêΓûè        | 561/3000 [15:47<1:15:26,  1.86s/it]
 19%|ΓûêΓûè        | 562/3000 [15:49<1:14:48,  1.84s/it]
 19%|ΓûêΓûë        | 563/3000 [15:50<1:07:17,  1.66s/it]
 19%|ΓûêΓûë        | 564/3000 [15:51<59:52,  1.47s/it]  
 19%|ΓûêΓûë        | 565/3000 [15:52<54:14,  1.34s/it]
 19%|ΓûêΓûë        | 566/3000 [15:54<54:21,  1.34s/it]
 19%|ΓûêΓûë        | 567/3000 [15:55<50:44,  1.25s/it]
 19%|ΓûêΓûë        | 568/3000 [15:56<48:01,  1.18s/it]
 19%|ΓûêΓûë        | 569/3000 [15:57<46:06,  1.14s/it]
 19%|ΓûêΓûë        | 570/3000 [15:59<55:09,  1.36s/it]
 19%|ΓûêΓûë        | 571/3000 [16:01<1:01:57,  1.53s/it]
 19%|ΓûêΓûë        | 572/3000 [16:02<1:00:14,  1.49s/it]
 19%|ΓûêΓûë        | 573/3000 [16:06<1:25:18,  2.11s/it]
 19%|ΓûêΓûë        | 574/3000 [16:08<1:23:26,  2.06s/it]
 19%|ΓûêΓûë        | 575/3000 [16:11<1:34:36,  2.34s/it]
 19%|ΓûêΓûë        | 576/3000 [16:12<1:26:24,  2.14s/it]
 19%|ΓûêΓûë        | 577/3000 [16:14<1:17:40,  1.92s/it]
 19%|ΓûêΓûë        | 578/3000 [16:17<1:32:34,  2.29s/it]
 19%|ΓûêΓûë        | 579/3000 [16:19<1:28:08,  2.18s/it]
 19%|ΓûêΓûë        | 580/3000 [16:20<1:19:54,  1.98s/it]
 19%|ΓûêΓûë        | 581/3000 [16:21<1:09:07,  1.71s/it]
 19%|ΓûêΓûë        | 582/3000 [16:22<1:01:12,  1.52s/it]
 19%|ΓûêΓûë        | 583/3000 [16:25<1:09:35,  1.73s/it]
 19%|ΓûêΓûë        | 584/3000 [16:26<1:02:13,  1.55s/it]
 20%|ΓûêΓûë        | 585/3000 [16:27<1:01:27,  1.53s/it]
 20%|ΓûêΓûë        | 586/3000 [16:29<58:12,  1.45s/it]  
 20%|ΓûêΓûë        | 587/3000 [16:30<55:53,  1.39s/it]
 20%|ΓûêΓûë        | 588/3000 [16:31<57:35,  1.43s/it]
 20%|ΓûêΓûë        | 589/3000 [16:33<1:01:30,  1.53s/it]
 20%|ΓûêΓûë        | 590/3000 [16:35<1:03:22,  1.58s/it]
 20%|ΓûêΓûë        | 591/3000 [16:36<57:14,  1.43s/it]  
 20%|ΓûêΓûë        | 592/3000 [16:37<58:36,  1.46s/it]
 20%|ΓûêΓûë        | 593/3000 [16:38<52:46,  1.32s/it]
 20%|ΓûêΓûë        | 594/3000 [16:39<49:39,  1.24s/it]
 20%|ΓûêΓûë        | 595/3000 [16:41<56:03,  1.40s/it]
 20%|ΓûêΓûë        | 596/3000 [16:43<1:01:57,  1.55s/it]
 20%|ΓûêΓûë        | 597/3000 [16:44<59:02,  1.47s/it]  
 20%|ΓûêΓûë        | 598/3000 [16:46<1:03:40,  1.59s/it]
 20%|ΓûêΓûë        | 599/3000 [16:48<59:56,  1.50s/it]  
 20%|ΓûêΓûê        | 600/3000 [16:49<56:19,  1.41s/it]
 20%|ΓûêΓûê        | 601/3000 [16:55<1:50:09,  2.76s/it]
 20%|ΓûêΓûê        | 602/3000 [16:56<1:30:06,  2.25s/it]
 20%|ΓûêΓûê        | 603/3000 [16:57<1:18:00,  1.95s/it]
 20%|ΓûêΓûê        | 604/3000 [16:59<1:19:25,  1.99s/it]
 20%|ΓûêΓûê        | 605/3000 [17:00<1:10:48,  1.77s/it]
 20%|ΓûêΓûê        | 606/3000 [17:03<1:18:43,  1.97s/it]
 20%|ΓûêΓûê        | 607/3000 [17:04<1:09:24,  1.74s/it]
 20%|ΓûêΓûê        | 608/3000 [17:05<1:03:29,  1.59s/it]
 20%|ΓûêΓûê        | 609/3000 [17:08<1:19:19,  1.99s/it]
 20%|ΓûêΓûê        | 610/3000 [17:10<1:17:22,  1.94s/it]
 20%|ΓûêΓûê        | 611/3000 [17:11<1:06:37,  1.67s/it]
 20%|ΓûêΓûê        | 612/3000 [17:12<1:03:13,  1.59s/it]
 20%|ΓûêΓûê        | 613/3000 [17:16<1:30:08,  2.27s/it]
 20%|ΓûêΓûê        | 614/3000 [17:18<1:30:08,  2.27s/it]
 20%|ΓûêΓûê        | 615/3000 [17:20<1:18:03,  1.96s/it]
 21%|ΓûêΓûê        | 616/3000 [17:21<1:14:25,  1.87s/it]
 21%|ΓûêΓûê        | 617/3000 [17:23<1:09:26,  1.75s/it]
 21%|ΓûêΓûê        | 618/3000 [17:25<1:09:45,  1.76s/it]
 21%|ΓûêΓûê        | 619/3000 [17:26<1:05:27,  1.65s/it]
 21%|ΓûêΓûê        | 620/3000 [17:27<1:03:24,  1.60s/it]
 21%|ΓûêΓûê        | 621/3000 [17:29<1:06:24,  1.67s/it]
 21%|ΓûêΓûê        | 622/3000 [17:30<59:05,  1.49s/it]  
 21%|ΓûêΓûê        | 623/3000 [17:32<59:21,  1.50s/it]
 21%|ΓûêΓûê        | 624/3000 [17:33<58:09,  1.47s/it]
 21%|ΓûêΓûê        | 625/3000 [17:34<49:46,  1.26s/it]
 21%|ΓûêΓûê        | 626/3000 [17:35<51:32,  1.30s/it]
 21%|ΓûêΓûê        | 627/3000 [17:37<54:32,  1.38s/it]
 21%|ΓûêΓûê        | 628/3000 [17:38<51:06,  1.29s/it]
 21%|ΓûêΓûê        | 629/3000 [17:39<49:17,  1.25s/it]
 21%|ΓûêΓûê        | 630/3000 [17:42<1:02:27,  1.58s/it]
 21%|ΓûêΓûê        | 631/3000 [17:43<54:55,  1.39s/it]  
 21%|ΓûêΓûê        | 632/3000 [17:44<49:38,  1.26s/it]
 21%|ΓûêΓûê        | 633/3000 [17:47<1:13:29,  1.86s/it]
 21%|ΓûêΓûê        | 634/3000 [17:48<1:08:39,  1.74s/it]
 21%|ΓûêΓûê        | 635/3000 [17:50<1:03:24,  1.61s/it]
 21%|ΓûêΓûê        | 636/3000 [17:50<54:20,  1.38s/it]  
 21%|ΓûêΓûê        | 637/3000 [17:51<48:41,  1.24s/it]
 21%|ΓûêΓûêΓûÅ       | 638/3000 [17:52<45:44,  1.16s/it]
 21%|ΓûêΓûêΓûÅ       | 639/3000 [17:54<56:03,  1.42s/it]
 21%|ΓûêΓûêΓûÅ       | 640/3000 [17:56<1:02:20,  1.58s/it]
 21%|ΓûêΓûêΓûÅ       | 641/3000 [17:58<1:06:14,  1.68s/it]
 21%|ΓûêΓûêΓûÅ       | 642/3000 [18:00<1:06:20,  1.69s/it]
 21%|ΓûêΓûêΓûÅ       | 643/3000 [18:02<1:05:41,  1.67s/it]
 21%|ΓûêΓûêΓûÅ       | 644/3000 [18:03<57:20,  1.46s/it]  
 22%|ΓûêΓûêΓûÅ       | 645/3000 [18:04<1:02:45,  1.60s/it]
 22%|ΓûêΓûêΓûÅ       | 646/3000 [18:06<1:04:06,  1.63s/it]
 22%|ΓûêΓûêΓûÅ       | 647/3000 [18:08<1:08:26,  1.75s/it]
 22%|ΓûêΓûêΓûÅ       | 648/3000 [18:10<1:08:11,  1.74s/it]
 22%|ΓûêΓûêΓûÅ       | 649/3000 [18:12<1:12:23,  1.85s/it]
 22%|ΓûêΓûêΓûÅ       | 650/3000 [18:15<1:25:13,  2.18s/it]
 22%|ΓûêΓûêΓûÅ       | 651/3000 [18:16<1:13:03,  1.87s/it]
 22%|ΓûêΓûêΓûÅ       | 652/3000 [18:18<1:09:34,  1.78s/it]
 22%|ΓûêΓûêΓûÅ       | 653/3000 [18:19<1:02:48,  1.61s/it]
 22%|ΓûêΓûêΓûÅ       | 654/3000 [18:20<55:16,  1.41s/it]  
 22%|ΓûêΓûêΓûÅ       | 655/3000 [18:23<1:13:06,  1.87s/it]
 22%|ΓûêΓûêΓûÅ       | 656/3000 [18:25<1:12:55,  1.87s/it]
 22%|ΓûêΓûêΓûÅ       | 657/3000 [18:28<1:24:54,  2.17s/it]
 22%|ΓûêΓûêΓûÅ       | 658/3000 [18:29<1:18:29,  2.01s/it]
 22%|ΓûêΓûêΓûÅ       | 659/3000 [18:30<1:07:01,  1.72s/it]
 22%|ΓûêΓûêΓûÅ       | 660/3000 [18:32<1:03:02,  1.62s/it]
 22%|ΓûêΓûêΓûÅ       | 661/3000 [18:33<55:33,  1.43s/it]  
 22%|ΓûêΓûêΓûÅ       | 662/3000 [18:34<56:17,  1.44s/it]
 22%|ΓûêΓûêΓûÅ       | 663/3000 [18:35<56:40,  1.45s/it]
 22%|ΓûêΓûêΓûÅ       | 664/3000 [18:37<56:44,  1.46s/it]
 22%|ΓûêΓûêΓûÅ       | 665/3000 [18:39<58:04,  1.49s/it]
 22%|ΓûêΓûêΓûÅ       | 666/3000 [18:44<1:45:20,  2.71s/it]
 22%|ΓûêΓûêΓûÅ       | 667/3000 [18:46<1:33:30,  2.40s/it]
 22%|ΓûêΓûêΓûÅ       | 668/3000 [18:49<1:48:10,  2.78s/it]
 22%|ΓûêΓûêΓûÅ       | 669/3000 [18:53<1:58:41,  3.05s/it]
 22%|ΓûêΓûêΓûÅ       | 670/3000 [18:54<1:37:13,  2.50s/it]
 22%|ΓûêΓûêΓûÅ       | 671/3000 [18:56<1:23:08,  2.14s/it]
 22%|ΓûêΓûêΓûÅ       | 672/3000 [18:57<1:09:45,  1.80s/it]
 22%|ΓûêΓûêΓûÅ       | 673/3000 [18:58<1:03:00,  1.62s/it]
 22%|ΓûêΓûêΓûÅ       | 674/3000 [19:00<1:07:28,  1.74s/it]
 22%|ΓûêΓûêΓûÄ       | 675/3000 [19:01<1:03:04,  1.63s/it]
 23%|ΓûêΓûêΓûÄ       | 676/3000 [19:03<59:38,  1.54s/it]  
 23%|ΓûêΓûêΓûÄ       | 677/3000 [19:04<58:51,  1.52s/it]
 23%|ΓûêΓûêΓûÄ       | 678/3000 [19:05<57:23,  1.48s/it]
 23%|ΓûêΓûêΓûÄ       | 679/3000 [19:07<59:13,  1.53s/it]
 23%|ΓûêΓûêΓûÄ       | 680/3000 [19:09<1:00:24,  1.56s/it]
 23%|ΓûêΓûêΓûÄ       | 681/3000 [19:10<54:41,  1.42s/it]  
 23%|ΓûêΓûêΓûÄ       | 682/3000 [19:11<49:23,  1.28s/it]
 23%|ΓûêΓûêΓûÄ       | 683/3000 [19:12<48:04,  1.24s/it]
 23%|ΓûêΓûêΓûÄ       | 684/3000 [19:13<49:17,  1.28s/it]
 23%|ΓûêΓûêΓûÄ       | 685/3000 [19:16<1:02:00,  1.61s/it]
 23%|ΓûêΓûêΓûÄ       | 686/3000 [19:18<1:07:15,  1.74s/it]
 23%|ΓûêΓûêΓûÄ       | 687/3000 [19:19<59:24,  1.54s/it]  
 23%|ΓûêΓûêΓûÄ       | 688/3000 [19:21<1:01:31,  1.60s/it]
 23%|ΓûêΓûêΓûÄ       | 689/3000 [19:22<56:31,  1.47s/it]  
 23%|ΓûêΓûêΓûÄ       | 690/3000 [19:23<50:55,  1.32s/it]
 23%|ΓûêΓûêΓûÄ       | 691/3000 [19:23<44:33,  1.16s/it]
 23%|ΓûêΓûêΓûÄ       | 692/3000 [19:25<45:04,  1.17s/it]
 23%|ΓûêΓûêΓûÄ       | 693/3000 [19:31<1:41:45,  2.65s/it]
 23%|ΓûêΓûêΓûÄ       | 694/3000 [19:32<1:24:35,  2.20s/it]
 23%|ΓûêΓûêΓûÄ       | 695/3000 [19:33<1:09:51,  1.82s/it]
 23%|ΓûêΓûêΓûÄ       | 696/3000 [19:34<1:00:18,  1.57s/it]
 23%|ΓûêΓûêΓûÄ       | 697/3000 [19:36<1:05:47,  1.71s/it]
 23%|ΓûêΓûêΓûÄ       | 698/3000 [19:38<1:11:06,  1.85s/it]
 23%|ΓûêΓûêΓûÄ       | 699/3000 [19:40<1:07:27,  1.76s/it]
 23%|ΓûêΓûêΓûÄ       | 700/3000 [19:42<1:10:54,  1.85s/it]
 23%|ΓûêΓûêΓûÄ       | 701/3000 [19:44<1:16:01,  1.98s/it]
 23%|ΓûêΓûêΓûÄ       | 702/3000 [19:45<1:05:46,  1.72s/it]
 23%|ΓûêΓûêΓûÄ       | 703/3000 [19:47<1:10:49,  1.85s/it]
 23%|ΓûêΓûêΓûÄ       | 704/3000 [19:48<1:01:49,  1.62s/it]
 24%|ΓûêΓûêΓûÄ       | 705/3000 [19:50<57:53,  1.51s/it]  
 24%|ΓûêΓûêΓûÄ       | 706/3000 [19:51<54:45,  1.43s/it]
 24%|ΓûêΓûêΓûÄ       | 707/3000 [19:52<50:08,  1.31s/it]
 24%|ΓûêΓûêΓûÄ       | 708/3000 [19:53<44:46,  1.17s/it]
 24%|ΓûêΓûêΓûÄ       | 709/3000 [19:54<51:14,  1.34s/it]
 24%|ΓûêΓûêΓûÄ       | 710/3000 [19:56<57:06,  1.50s/it]
 24%|ΓûêΓûêΓûÄ       | 711/3000 [19:57<50:54,  1.33s/it]
 24%|ΓûêΓûêΓûÄ       | 712/3000 [19:58<47:24,  1.24s/it]
 24%|ΓûêΓûêΓûì       | 713/3000 [19:59<42:36,  1.12s/it]
 24%|ΓûêΓûêΓûì       | 714/3000 [20:00<43:12,  1.13s/it]
 24%|ΓûêΓûêΓûì       | 715/3000 [20:02<46:02,  1.21s/it]
 24%|ΓûêΓûêΓûì       | 716/3000 [20:02<40:54,  1.07s/it]
 24%|ΓûêΓûêΓûì       | 717/3000 [20:04<42:14,  1.11s/it]
 24%|ΓûêΓûêΓûì       | 718/3000 [20:05<44:42,  1.18s/it]
 24%|ΓûêΓûêΓûì       | 719/3000 [20:06<40:41,  1.07s/it]
 24%|ΓûêΓûêΓûì       | 720/3000 [20:09<1:09:44,  1.84s/it]
 24%|ΓûêΓûêΓûì       | 721/3000 [20:11<1:07:59,  1.79s/it]
 24%|ΓûêΓûêΓûì       | 722/3000 [20:12<1:02:02,  1.63s/it]
 24%|ΓûêΓûêΓûì       | 723/3000 [20:14<1:07:38,  1.78s/it]
 24%|ΓûêΓûêΓûì       | 724/3000 [20:16<1:05:11,  1.72s/it]
 24%|ΓûêΓûêΓûì       | 725/3000 [20:18<1:02:55,  1.66s/it]
 24%|ΓûêΓûêΓûì       | 726/3000 [20:20<1:07:32,  1.78s/it]
 24%|ΓûêΓûêΓûì       | 727/3000 [20:22<1:09:08,  1.83s/it]
 24%|ΓûêΓûêΓûì       | 728/3000 [20:24<1:17:35,  2.05s/it]
 24%|ΓûêΓûêΓûì       | 729/3000 [20:25<1:09:39,  1.84s/it]
 24%|ΓûêΓûêΓûì       | 730/3000 [20:27<1:11:58,  1.90s/it]
 24%|ΓûêΓûêΓûì       | 731/3000 [20:29<1:05:02,  1.72s/it]
 24%|ΓûêΓûêΓûì       | 732/3000 [20:30<59:31,  1.57s/it]  
 24%|ΓûêΓûêΓûì       | 733/3000 [20:32<1:02:57,  1.67s/it]
 24%|ΓûêΓûêΓûì       | 734/3000 [20:33<55:09,  1.46s/it]  
 24%|ΓûêΓûêΓûì       | 735/3000 [20:35<57:23,  1.52s/it]
 25%|ΓûêΓûêΓûì       | 736/3000 [20:36<59:42,  1.58s/it]
 25%|ΓûêΓûêΓûì       | 737/3000 [20:38<57:13,  1.52s/it]
 25%|ΓûêΓûêΓûì       | 738/3000 [20:39<50:43,  1.35s/it]
 25%|ΓûêΓûêΓûì       | 739/3000 [20:39<44:21,  1.18s/it]
 25%|ΓûêΓûêΓûì       | 740/3000 [20:41<50:38,  1.34s/it]
 25%|ΓûêΓûêΓûì       | 741/3000 [20:42<48:41,  1.29s/it]
 25%|ΓûêΓûêΓûì       | 742/3000 [20:43<45:18,  1.20s/it]
 25%|ΓûêΓûêΓûì       | 743/3000 [20:45<52:51,  1.41s/it]
 25%|ΓûêΓûêΓûì       | 744/3000 [20:46<50:30,  1.34s/it]
 25%|ΓûêΓûêΓûì       | 745/3000 [20:47<46:35,  1.24s/it]
 25%|ΓûêΓûêΓûì       | 746/3000 [20:50<58:16,  1.55s/it]
 25%|ΓûêΓûêΓûì       | 747/3000 [20:51<52:28,  1.40s/it]
 25%|ΓûêΓûêΓûì       | 748/3000 [20:52<47:51,  1.28s/it]
 25%|ΓûêΓûêΓûì       | 749/3000 [20:53<45:00,  1.20s/it]
 25%|ΓûêΓûêΓûî       | 750/3000 [20:54<42:56,  1.15s/it]
 25%|ΓûêΓûêΓûî       | 751/3000 [20:57<1:06:40,  1.78s/it]
 25%|ΓûêΓûêΓûî       | 752/3000 [20:58<57:59,  1.55s/it]  
 25%|ΓûêΓûêΓûî       | 753/3000 [20:59<57:29,  1.54s/it]
 25%|ΓûêΓûêΓûî       | 754/3000 [21:01<59:37,  1.59s/it]
 25%|ΓûêΓûêΓûî       | 755/3000 [21:03<1:01:19,  1.64s/it]
 25%|ΓûêΓûêΓûî       | 756/3000 [21:04<56:11,  1.50s/it]  
 25%|ΓûêΓûêΓûî       | 757/3000 [21:05<54:32,  1.46s/it]
 25%|ΓûêΓûêΓûî       | 758/3000 [21:07<59:56,  1.60s/it]
 25%|ΓûêΓûêΓûî       | 759/3000 [21:09<56:19,  1.51s/it]
 25%|ΓûêΓûêΓûî       | 760/3000 [21:11<1:06:17,  1.78s/it]
 25%|ΓûêΓûêΓûî       | 761/3000 [21:12<59:40,  1.60s/it]  
 25%|ΓûêΓûêΓûî       | 762/3000 [21:14<1:02:20,  1.67s/it]
 25%|ΓûêΓûêΓûî       | 763/3000 [21:16<1:00:34,  1.62s/it]
 25%|ΓûêΓûêΓûî       | 764/3000 [21:17<59:55,  1.61s/it]  
 26%|ΓûêΓûêΓûî       | 765/3000 [21:19<56:43,  1.52s/it]
 26%|ΓûêΓûêΓûî       | 766/3000 [21:21<1:04:18,  1.73s/it]
 26%|ΓûêΓûêΓûî       | 767/3000 [21:23<1:06:12,  1.78s/it]
 26%|ΓûêΓûêΓûî       | 768/3000 [21:24<1:02:23,  1.68s/it]
 26%|ΓûêΓûêΓûî       | 769/3000 [21:27<1:17:56,  2.10s/it]
 26%|ΓûêΓûêΓûî       | 770/3000 [21:31<1:35:18,  2.56s/it]
 26%|ΓûêΓûêΓûî       | 771/3000 [21:32<1:17:35,  2.09s/it]
 26%|ΓûêΓûêΓûî       | 772/3000 [21:36<1:38:40,  2.66s/it]
 26%|ΓûêΓûêΓûî       | 773/3000 [21:37<1:18:35,  2.12s/it]
 26%|ΓûêΓûêΓûî       | 774/3000 [21:38<1:12:14,  1.95s/it]
 26%|ΓûêΓûêΓûî       | 775/3000 [21:40<1:06:15,  1.79s/it]
 26%|ΓûêΓûêΓûî       | 776/3000 [21:41<58:24,  1.58s/it]  
 26%|ΓûêΓûêΓûî       | 777/3000 [21:41<49:24,  1.33s/it]
 26%|ΓûêΓûêΓûî       | 778/3000 [21:43<53:37,  1.45s/it]
 26%|ΓûêΓûêΓûî       | 779/3000 [21:45<55:49,  1.51s/it]
 26%|ΓûêΓûêΓûî       | 780/3000 [21:46<55:57,  1.51s/it]
 26%|ΓûêΓûêΓûî       | 781/3000 [21:47<52:10,  1.41s/it]
 26%|ΓûêΓûêΓûî       | 782/3000 [21:49<50:33,  1.37s/it]
 26%|ΓûêΓûêΓûî       | 783/3000 [21:50<46:03,  1.25s/it]
 26%|ΓûêΓûêΓûî       | 784/3000 [21:52<53:47,  1.46s/it]
 26%|ΓûêΓûêΓûî       | 785/3000 [21:53<50:31,  1.37s/it]
 26%|ΓûêΓûêΓûî       | 786/3000 [21:54<53:17,  1.44s/it]
 26%|ΓûêΓûêΓûî       | 787/3000 [21:57<1:10:43,  1.92s/it]
 26%|ΓûêΓûêΓûï       | 788/3000 [22:00<1:12:40,  1.97s/it]
 26%|ΓûêΓûêΓûï       | 789/3000 [22:01<1:08:12,  1.85s/it]
 26%|ΓûêΓûêΓûï       | 790/3000 [22:02<59:03,  1.60s/it]  
 26%|ΓûêΓûêΓûï       | 791/3000 [22:03<52:54,  1.44s/it]
 26%|ΓûêΓûêΓûï       | 792/3000 [22:05<1:00:31,  1.64s/it]
 26%|ΓûêΓûêΓûï       | 793/3000 [22:07<1:00:30,  1.64s/it]
 26%|ΓûêΓûêΓûï       | 794/3000 [22:09<1:06:09,  1.80s/it]
 26%|ΓûêΓûêΓûï       | 795/3000 [22:11<1:09:18,  1.89s/it]
 27%|ΓûêΓûêΓûï       | 796/3000 [22:12<57:51,  1.58s/it]  
 27%|ΓûêΓûêΓûï       | 797/3000 [22:14<57:15,  1.56s/it]
 27%|ΓûêΓûêΓûï       | 798/3000 [22:15<53:39,  1.46s/it]
 27%|ΓûêΓûêΓûï       | 799/3000 [22:16<48:31,  1.32s/it]
 27%|ΓûêΓûêΓûï       | 800/3000 [22:17<43:06,  1.18s/it]
 27%|ΓûêΓûêΓûï       | 801/3000 [22:18<42:29,  1.16s/it]
 27%|ΓûêΓûêΓûï       | 802/3000 [22:20<50:01,  1.37s/it]
 27%|ΓûêΓûêΓûï       | 803/3000 [22:21<54:55,  1.50s/it]
 27%|ΓûêΓûêΓûï       | 804/3000 [22:23<53:36,  1.46s/it]
 27%|ΓûêΓûêΓûï       | 805/3000 [22:24<52:43,  1.44s/it]
 27%|ΓûêΓûêΓûï       | 806/3000 [22:26<53:16,  1.46s/it]
 27%|ΓûêΓûêΓûï       | 807/3000 [22:27<46:15,  1.27s/it]
 27%|ΓûêΓûêΓûï       | 808/3000 [22:28<53:21,  1.46s/it]
 27%|ΓûêΓûêΓûï       | 809/3000 [22:32<1:15:53,  2.08s/it]
 27%|ΓûêΓûêΓûï       | 810/3000 [22:33<1:06:05,  1.81s/it]
 27%|ΓûêΓûêΓûï       | 811/3000 [22:34<57:18,  1.57s/it]  
 27%|ΓûêΓûêΓûï       | 812/3000 [22:37<1:06:19,  1.82s/it]
 27%|ΓûêΓûêΓûï       | 813/3000 [22:38<1:01:24,  1.68s/it]
 27%|ΓûêΓûêΓûï       | 814/3000 [22:39<53:35,  1.47s/it]  
 27%|ΓûêΓûêΓûï       | 815/3000 [22:40<50:15,  1.38s/it]
 27%|ΓûêΓûêΓûï       | 816/3000 [22:41<47:22,  1.30s/it]
 27%|ΓûêΓûêΓûï       | 817/3000 [22:42<44:07,  1.21s/it]
 27%|ΓûêΓûêΓûï       | 818/3000 [22:44<45:23,  1.25s/it]
 27%|ΓûêΓûêΓûï       | 819/3000 [22:46<57:31,  1.58s/it]
 27%|ΓûêΓûêΓûï       | 820/3000 [22:47<57:13,  1.58s/it]
 27%|ΓûêΓûêΓûï       | 821/3000 [22:50<1:06:25,  1.83s/it]
 27%|ΓûêΓûêΓûï       | 822/3000 [22:51<55:25,  1.53s/it]  
 27%|ΓûêΓûêΓûï       | 823/3000 [22:52<50:36,  1.40s/it]
 27%|ΓûêΓûêΓûï       | 824/3000 [22:53<46:27,  1.28s/it]
 28%|ΓûêΓûêΓûè       | 825/3000 [22:55<55:26,  1.53s/it]
 28%|ΓûêΓûêΓûè       | 826/3000 [22:56<51:43,  1.43s/it]
 28%|ΓûêΓûêΓûè       | 827/3000 [22:58<58:37,  1.62s/it]
 28%|ΓûêΓûêΓûè       | 828/3000 [23:00<1:01:59,  1.71s/it]
 28%|ΓûêΓûêΓûè       | 829/3000 [23:02<1:04:20,  1.78s/it]
 28%|ΓûêΓûêΓûè       | 830/3000 [23:05<1:12:10,  2.00s/it]
 28%|ΓûêΓûêΓûè       | 831/3000 [23:06<1:09:14,  1.92s/it]
 28%|ΓûêΓûêΓûè       | 832/3000 [23:08<1:03:55,  1.77s/it]
 28%|ΓûêΓûêΓûè       | 833/3000 [23:09<57:42,  1.60s/it]  
 28%|ΓûêΓûêΓûè       | 834/3000 [23:11<59:39,  1.65s/it]
 28%|ΓûêΓûêΓûè       | 835/3000 [23:12<56:45,  1.57s/it]
 28%|ΓûêΓûêΓûè       | 836/3000 [23:13<51:10,  1.42s/it]
 28%|ΓûêΓûêΓûè       | 837/3000 [23:15<51:16,  1.42s/it]
 28%|ΓûêΓûêΓûè       | 838/3000 [23:17<58:46,  1.63s/it]
 28%|ΓûêΓûêΓûè       | 839/3000 [23:18<53:07,  1.48s/it]
 28%|ΓûêΓûêΓûè       | 840/3000 [23:20<57:55,  1.61s/it]
 28%|ΓûêΓûêΓûè       | 841/3000 [23:21<54:10,  1.51s/it]
 28%|ΓûêΓûêΓûè       | 842/3000 [23:23<1:04:18,  1.79s/it]
 28%|ΓûêΓûêΓûè       | 843/3000 [23:24<56:12,  1.56s/it]  
 28%|ΓûêΓûêΓûè       | 844/3000 [23:27<1:03:20,  1.76s/it]
 28%|ΓûêΓûêΓûè       | 845/3000 [23:28<54:51,  1.53s/it]  
 28%|ΓûêΓûêΓûè       | 846/3000 [23:29<50:48,  1.42s/it]
 28%|ΓûêΓûêΓûè       | 847/3000 [23:31<54:03,  1.51s/it]
 28%|ΓûêΓûêΓûè       | 848/3000 [23:32<55:23,  1.54s/it]
 28%|ΓûêΓûêΓûè       | 849/3000 [23:33<48:33,  1.35s/it]
 28%|ΓûêΓûêΓûè       | 850/3000 [23:34<49:07,  1.37s/it]
 28%|ΓûêΓûêΓûè       | 851/3000 [23:36<51:17,  1.43s/it]
 28%|ΓûêΓûêΓûè       | 852/3000 [23:37<50:57,  1.42s/it]
 28%|ΓûêΓûêΓûè       | 853/3000 [23:38<45:50,  1.28s/it]
 28%|ΓûêΓûêΓûè       | 854/3000 [23:40<48:32,  1.36s/it]
 28%|ΓûêΓûêΓûè       | 855/3000 [23:41<50:28,  1.41s/it]
 29%|ΓûêΓûêΓûè       | 856/3000 [23:43<48:35,  1.36s/it]
 29%|ΓûêΓûêΓûè       | 857/3000 [23:49<1:38:02,  2.74s/it]
 29%|ΓûêΓûêΓûè       | 858/3000 [23:51<1:28:18,  2.47s/it]
 29%|ΓûêΓûêΓûè       | 859/3000 [23:51<1:10:30,  1.98s/it]
 29%|ΓûêΓûêΓûè       | 860/3000 [23:52<59:12,  1.66s/it]  
 29%|ΓûêΓûêΓûè       | 861/3000 [23:54<59:10,  1.66s/it]
 29%|ΓûêΓûêΓûè       | 862/3000 [23:56<1:01:46,  1.73s/it]
 29%|ΓûêΓûêΓûë       | 863/3000 [23:57<57:19,  1.61s/it]  
 29%|ΓûêΓûêΓûë       | 864/3000 [23:58<54:01,  1.52s/it]
 29%|ΓûêΓûêΓûë       | 865/3000 [24:02<1:12:22,  2.03s/it]
 29%|ΓûêΓûêΓûë       | 866/3000 [24:04<1:15:15,  2.12s/it]
 29%|ΓûêΓûêΓûë       | 867/3000 [24:06<1:11:43,  2.02s/it]
 29%|ΓûêΓûêΓûë       | 868/3000 [24:08<1:15:48,  2.13s/it]
 29%|ΓûêΓûêΓûë       | 869/3000 [24:11<1:18:21,  2.21s/it]
 29%|ΓûêΓûêΓûë       | 870/3000 [24:13<1:16:04,  2.14s/it]
 29%|ΓûêΓûêΓûë       | 871/3000 [24:14<1:12:15,  2.04s/it]
 29%|ΓûêΓûêΓûë       | 872/3000 [24:17<1:16:10,  2.15s/it]
 29%|ΓûêΓûêΓûë       | 873/3000 [24:19<1:17:10,  2.18s/it]
 29%|ΓûêΓûêΓûë       | 874/3000 [24:21<1:10:22,  1.99s/it]
 29%|ΓûêΓûêΓûë       | 875/3000 [24:22<1:03:37,  1.80s/it]
 29%|ΓûêΓûêΓûë       | 876/3000 [24:23<58:59,  1.67s/it]  
 29%|ΓûêΓûêΓûë       | 877/3000 [24:24<53:06,  1.50s/it]
 29%|ΓûêΓûêΓûë       | 878/3000 [24:25<46:24,  1.31s/it]
 29%|ΓûêΓûêΓûë       | 879/3000 [24:27<46:51,  1.33s/it]
 29%|ΓûêΓûêΓûë       | 880/3000 [24:29<53:41,  1.52s/it]
 29%|ΓûêΓûêΓûë       | 881/3000 [24:31<1:00:29,  1.71s/it]
 29%|ΓûêΓûêΓûë       | 882/3000 [24:32<57:09,  1.62s/it]  
 29%|ΓûêΓûêΓûë       | 883/3000 [24:33<51:32,  1.46s/it]
 29%|ΓûêΓûêΓûë       | 884/3000 [24:35<49:41,  1.41s/it]
 30%|ΓûêΓûêΓûë       | 885/3000 [24:36<53:00,  1.50s/it]
 30%|ΓûêΓûêΓûë       | 886/3000 [24:39<1:06:23,  1.88s/it]
 30%|ΓûêΓûêΓûë       | 887/3000 [24:40<56:21,  1.60s/it]  
 30%|ΓûêΓûêΓûë       | 888/3000 [24:42<57:20,  1.63s/it]
 30%|ΓûêΓûêΓûë       | 889/3000 [24:44<1:01:06,  1.74s/it]
 30%|ΓûêΓûêΓûë       | 890/3000 [24:44<51:37,  1.47s/it]  
 30%|ΓûêΓûêΓûë       | 891/3000 [24:46<56:41,  1.61s/it]
 30%|ΓûêΓûêΓûë       | 892/3000 [24:48<57:39,  1.64s/it]
 30%|ΓûêΓûêΓûë       | 893/3000 [24:49<53:35,  1.53s/it]
 30%|ΓûêΓûêΓûë       | 894/3000 [24:50<46:02,  1.31s/it]
 30%|ΓûêΓûêΓûë       | 895/3000 [24:52<50:26,  1.44s/it]
 30%|ΓûêΓûêΓûë       | 896/3000 [24:58<1:40:47,  2.87s/it]
 30%|ΓûêΓûêΓûë       | 897/3000 [25:06<2:27:43,  4.21s/it]
 30%|ΓûêΓûêΓûë       | 898/3000 [25:07<1:57:17,  3.35s/it]
 30%|ΓûêΓûêΓûë       | 899/3000 [25:11<2:03:18,  3.52s/it]
 30%|ΓûêΓûêΓûê       | 900/3000 [25:13<1:45:16,  3.01s/it]
 30%|ΓûêΓûêΓûê       | 901/3000 [25:15<1:34:09,  2.69s/it]
 30%|ΓûêΓûêΓûê       | 902/3000 [25:18<1:47:29,  3.07s/it]
 30%|ΓûêΓûêΓûê       | 903/3000 [25:20<1:30:52,  2.60s/it]
 30%|ΓûêΓûêΓûê       | 904/3000 [25:21<1:14:36,  2.14s/it]
 30%|ΓûêΓûêΓûê       | 905/3000 [25:22<1:04:23,  1.84s/it]
 30%|ΓûêΓûêΓûê       | 906/3000 [25:23<55:22,  1.59s/it]  
 30%|ΓûêΓûêΓûê       | 907/3000 [25:26<1:07:55,  1.95s/it]
 30%|ΓûêΓûêΓûê       | 908/3000 [25:29<1:16:41,  2.20s/it]
 30%|ΓûêΓûêΓûê       | 909/3000 [25:31<1:16:35,  2.20s/it]
 30%|ΓûêΓûêΓûê       | 910/3000 [25:33<1:12:40,  2.09s/it]
 30%|ΓûêΓûêΓûê       | 911/3000 [25:35<1:10:55,  2.04s/it]
 30%|ΓûêΓûêΓûê       | 912/3000 [25:36<1:07:00,  1.93s/it]
 30%|ΓûêΓûêΓûê       | 913/3000 [25:39<1:15:41,  2.18s/it]
 30%|ΓûêΓûêΓûê       | 914/3000 [25:40<1:03:21,  1.82s/it]
 30%|ΓûêΓûêΓûê       | 915/3000 [25:41<57:37,  1.66s/it]  
 31%|ΓûêΓûêΓûê       | 916/3000 [25:43<51:51,  1.49s/it]
 31%|ΓûêΓûêΓûê       | 917/3000 [25:44<54:13,  1.56s/it]
 31%|ΓûêΓûêΓûê       | 918/3000 [25:46<55:20,  1.59s/it]
 31%|ΓûêΓûêΓûê       | 919/3000 [25:48<1:04:22,  1.86s/it]
 31%|ΓûêΓûêΓûê       | 920/3000 [25:50<1:00:21,  1.74s/it]
 31%|ΓûêΓûêΓûê       | 921/3000 [25:52<1:05:10,  1.88s/it]
 31%|ΓûêΓûêΓûê       | 922/3000 [25:53<57:43,  1.67s/it]  
 31%|ΓûêΓûêΓûê       | 923/3000 [25:54<49:01,  1.42s/it]
 31%|ΓûêΓûêΓûê       | 924/3000 [25:55<44:55,  1.30s/it]
 31%|ΓûêΓûêΓûê       | 925/3000 [25:56<41:50,  1.21s/it]
 31%|ΓûêΓûêΓûê       | 926/3000 [25:57<38:31,  1.11s/it]
 31%|ΓûêΓûêΓûê       | 927/3000 [25:58<37:23,  1.08s/it]
 31%|ΓûêΓûêΓûê       | 928/3000 [26:00<46:39,  1.35s/it]
 31%|ΓûêΓûêΓûê       | 929/3000 [26:01<43:57,  1.27s/it]
 31%|ΓûêΓûêΓûê       | 930/3000 [26:02<41:27,  1.20s/it]
 31%|ΓûêΓûêΓûê       | 931/3000 [26:04<44:59,  1.30s/it]
 31%|ΓûêΓûêΓûê       | 932/3000 [26:06<53:18,  1.55s/it]
 31%|ΓûêΓûêΓûê       | 933/3000 [26:07<47:50,  1.39s/it]
 31%|ΓûêΓûêΓûê       | 934/3000 [26:08<46:04,  1.34s/it]
 31%|ΓûêΓûêΓûê       | 935/3000 [26:09<46:17,  1.35s/it]
 31%|ΓûêΓûêΓûê       | 936/3000 [26:10<40:49,  1.19s/it]
 31%|ΓûêΓûêΓûê       | 937/3000 [26:11<40:17,  1.17s/it]
 31%|ΓûêΓûêΓûêΓûÅ      | 938/3000 [26:13<43:37,  1.27s/it]
 31%|ΓûêΓûêΓûêΓûÅ      | 939/3000 [26:14<40:47,  1.19s/it]
 31%|ΓûêΓûêΓûêΓûÅ      | 940/3000 [26:16<55:10,  1.61s/it]
 31%|ΓûêΓûêΓûêΓûÅ      | 941/3000 [26:17<47:47,  1.39s/it]
 31%|ΓûêΓûêΓûêΓûÅ      | 942/3000 [26:19<52:13,  1.52s/it]
 31%|ΓûêΓûêΓûêΓûÅ      | 943/3000 [26:20<48:31,  1.42s/it]
 31%|ΓûêΓûêΓûêΓûÅ      | 944/3000 [26:22<48:14,  1.41s/it]
 32%|ΓûêΓûêΓûêΓûÅ      | 945/3000 [26:23<45:53,  1.34s/it]
 32%|ΓûêΓûêΓûêΓûÅ      | 946/3000 [26:24<43:14,  1.26s/it]
 32%|ΓûêΓûêΓûêΓûÅ      | 947/3000 [26:25<44:19,  1.30s/it]
 32%|ΓûêΓûêΓûêΓûÅ      | 948/3000 [26:27<43:29,  1.27s/it]
 32%|ΓûêΓûêΓûêΓûÅ      | 949/3000 [26:28<45:52,  1.34s/it]
 32%|ΓûêΓûêΓûêΓûÅ      | 950/3000 [26:30<48:40,  1.42s/it]
 32%|ΓûêΓûêΓûêΓûÅ      | 951/3000 [26:31<43:33,  1.28s/it]
 32%|ΓûêΓûêΓûêΓûÅ      | 952/3000 [26:31<39:40,  1.16s/it]
 32%|ΓûêΓûêΓûêΓûÅ      | 953/3000 [26:32<36:57,  1.08s/it]
 32%|ΓûêΓûêΓûêΓûÅ      | 954/3000 [26:34<43:13,  1.27s/it]
 32%|ΓûêΓûêΓûêΓûÅ      | 955/3000 [26:35<38:13,  1.12s/it]
 32%|ΓûêΓûêΓûêΓûÅ      | 956/3000 [26:36<37:45,  1.11s/it]
 32%|ΓûêΓûêΓûêΓûÅ      | 957/3000 [26:37<39:10,  1.15s/it]
 32%|ΓûêΓûêΓûêΓûÅ      | 958/3000 [26:39<43:32,  1.28s/it]
 32%|ΓûêΓûêΓûêΓûÅ      | 959/3000 [26:40<42:54,  1.26s/it]
 32%|ΓûêΓûêΓûêΓûÅ      | 960/3000 [26:42<51:17,  1.51s/it]
 32%|ΓûêΓûêΓûêΓûÅ      | 961/3000 [26:44<53:02,  1.56s/it]
 32%|ΓûêΓûêΓûêΓûÅ      | 962/3000 [26:45<49:10,  1.45s/it]
 32%|ΓûêΓûêΓûêΓûÅ      | 963/3000 [26:46<47:01,  1.39s/it]
 32%|ΓûêΓûêΓûêΓûÅ      | 964/3000 [26:48<48:32,  1.43s/it]
 32%|ΓûêΓûêΓûêΓûÅ      | 965/3000 [26:49<43:38,  1.29s/it]
 32%|ΓûêΓûêΓûêΓûÅ      | 966/3000 [26:49<38:45,  1.14s/it]
 32%|ΓûêΓûêΓûêΓûÅ      | 967/3000 [26:51<45:39,  1.35s/it]
 32%|ΓûêΓûêΓûêΓûÅ      | 968/3000 [26:52<41:14,  1.22s/it]
 32%|ΓûêΓûêΓûêΓûÅ      | 969/3000 [26:53<39:38,  1.17s/it]
 32%|ΓûêΓûêΓûêΓûÅ      | 970/3000 [26:55<50:36,  1.50s/it]
 32%|ΓûêΓûêΓûêΓûÅ      | 971/3000 [26:57<47:58,  1.42s/it]
 32%|ΓûêΓûêΓûêΓûÅ      | 972/3000 [26:59<1:00:28,  1.79s/it]
 32%|ΓûêΓûêΓûêΓûÅ      | 973/3000 [27:01<54:51,  1.62s/it]  
 32%|ΓûêΓûêΓûêΓûÅ      | 974/3000 [27:03<1:04:35,  1.91s/it]
 32%|ΓûêΓûêΓûêΓûÄ      | 975/3000 [27:04<55:55,  1.66s/it]  
 33%|ΓûêΓûêΓûêΓûÄ      | 976/3000 [27:06<52:05,  1.54s/it]
 33%|ΓûêΓûêΓûêΓûÄ      | 977/3000 [27:07<47:09,  1.40s/it]
 33%|ΓûêΓûêΓûêΓûÄ      | 978/3000 [27:09<53:49,  1.60s/it]
 33%|ΓûêΓûêΓûêΓûÄ      | 979/3000 [27:10<52:59,  1.57s/it]
 33%|ΓûêΓûêΓûêΓûÄ      | 980/3000 [27:11<47:23,  1.41s/it]
 33%|ΓûêΓûêΓûêΓûÄ      | 981/3000 [27:12<42:13,  1.26s/it]
 33%|ΓûêΓûêΓûêΓûÄ      | 982/3000 [27:14<49:11,  1.46s/it]
 33%|ΓûêΓûêΓûêΓûÄ      | 983/3000 [27:15<43:45,  1.30s/it]
 33%|ΓûêΓûêΓûêΓûÄ      | 984/3000 [27:17<47:00,  1.40s/it]
 33%|ΓûêΓûêΓûêΓûÄ      | 985/3000 [27:18<43:59,  1.31s/it]
 33%|ΓûêΓûêΓûêΓûÄ      | 986/3000 [27:19<46:28,  1.38s/it]
 33%|ΓûêΓûêΓûêΓûÄ      | 987/3000 [27:21<45:31,  1.36s/it]
 33%|ΓûêΓûêΓûêΓûÄ      | 988/3000 [27:22<45:10,  1.35s/it]
 33%|ΓûêΓûêΓûêΓûÄ      | 989/3000 [27:23<41:04,  1.23s/it]
 33%|ΓûêΓûêΓûêΓûÄ      | 990/3000 [27:24<36:44,  1.10s/it]
 33%|ΓûêΓûêΓûêΓûÄ      | 991/3000 [27:25<38:32,  1.15s/it]
 33%|ΓûêΓûêΓûêΓûÄ      | 992/3000 [27:26<36:42,  1.10s/it]
 33%|ΓûêΓûêΓûêΓûÄ      | 993/3000 [27:28<43:30,  1.30s/it]
 33%|ΓûêΓûêΓûêΓûÄ      | 994/3000 [27:29<47:02,  1.41s/it]
 33%|ΓûêΓûêΓûêΓûÄ      | 995/3000 [27:31<48:25,  1.45s/it]
 33%|ΓûêΓûêΓûêΓûÄ      | 996/3000 [27:32<44:23,  1.33s/it]
 33%|ΓûêΓûêΓûêΓûÄ      | 997/3000 [27:33<42:15,  1.27s/it]
 33%|ΓûêΓûêΓûêΓûÄ      | 998/3000 [27:37<1:04:29,  1.93s/it]
 33%|ΓûêΓûêΓûêΓûÄ      | 999/3000 [27:38<57:35,  1.73s/it]  
 33%|ΓûêΓûêΓûêΓûÄ      | 1000/3000 [27:39<52:51,  1.59s/it]
 33%|ΓûêΓûêΓûêΓûÄ      | 1001/3000 [27:40<46:29,  1.40s/it]
 33%|ΓûêΓûêΓûêΓûÄ      | 1002/3000 [27:41<45:56,  1.38s/it]
 33%|ΓûêΓûêΓûêΓûÄ      | 1003/3000 [27:43<47:22,  1.42s/it]
 33%|ΓûêΓûêΓûêΓûÄ      | 1004/3000 [27:44<41:39,  1.25s/it]
 34%|ΓûêΓûêΓûêΓûÄ      | 1005/3000 [27:45<40:34,  1.22s/it]
 34%|ΓûêΓûêΓûêΓûÄ      | 1006/3000 [27:47<49:22,  1.49s/it]
 34%|ΓûêΓûêΓûêΓûÄ      | 1007/3000 [27:49<50:48,  1.53s/it]
 34%|ΓûêΓûêΓûêΓûÄ      | 1008/3000 [27:50<53:21,  1.61s/it]
 34%|ΓûêΓûêΓûêΓûÄ      | 1009/3000 [27:52<54:43,  1.65s/it]
 34%|ΓûêΓûêΓûêΓûÄ      | 1010/3000 [27:54<1:00:04,  1.81s/it]
 34%|ΓûêΓûêΓûêΓûÄ      | 1011/3000 [27:55<53:06,  1.60s/it]  
 34%|ΓûêΓûêΓûêΓûÄ      | 1012/3000 [27:56<46:57,  1.42s/it]
 34%|ΓûêΓûêΓûêΓûì      | 1013/3000 [27:58<51:53,  1.57s/it]
 34%|ΓûêΓûêΓûêΓûì      | 1014/3000 [28:00<50:27,  1.52s/it]
 34%|ΓûêΓûêΓûêΓûì      | 1015/3000 [28:02<56:25,  1.71s/it]
 34%|ΓûêΓûêΓûêΓûì      | 1016/3000 [28:04<59:19,  1.79s/it]
 34%|ΓûêΓûêΓûêΓûì      | 1017/3000 [28:06<59:19,  1.80s/it]
 34%|ΓûêΓûêΓûêΓûì      | 1018/3000 [28:07<53:55,  1.63s/it]
 34%|ΓûêΓûêΓûêΓûì      | 1019/3000 [28:08<49:14,  1.49s/it]
 34%|ΓûêΓûêΓûêΓûì      | 1020/3000 [28:10<49:39,  1.50s/it]
 34%|ΓûêΓûêΓûêΓûì      | 1021/3000 [28:11<47:29,  1.44s/it]
 34%|ΓûêΓûêΓûêΓûì      | 1022/3000 [28:12<47:46,  1.45s/it]
 34%|ΓûêΓûêΓûêΓûì      | 1023/3000 [28:13<44:05,  1.34s/it]
 34%|ΓûêΓûêΓûêΓûì      | 1024/3000 [28:15<50:46,  1.54s/it]
 34%|ΓûêΓûêΓûêΓûì      | 1025/3000 [28:17<51:19,  1.56s/it]
 34%|ΓûêΓûêΓûêΓûì      | 1026/3000 [28:18<46:47,  1.42s/it]
 34%|ΓûêΓûêΓûêΓûì      | 1027/3000 [28:20<50:18,  1.53s/it]
 34%|ΓûêΓûêΓûêΓûì      | 1028/3000 [28:22<51:14,  1.56s/it]
 34%|ΓûêΓûêΓûêΓûì      | 1029/3000 [28:23<47:24,  1.44s/it]
 34%|ΓûêΓûêΓûêΓûì      | 1030/3000 [28:24<46:55,  1.43s/it]
 34%|ΓûêΓûêΓûêΓûì      | 1031/3000 [28:26<47:05,  1.44s/it]
 34%|ΓûêΓûêΓûêΓûì      | 1032/3000 [28:27<43:29,  1.33s/it]
 34%|ΓûêΓûêΓûêΓûì      | 1033/3000 [28:28<39:26,  1.20s/it]
 34%|ΓûêΓûêΓûêΓûì      | 1034/3000 [28:29<38:44,  1.18s/it]
 34%|ΓûêΓûêΓûêΓûì      | 1035/3000 [28:30<40:32,  1.24s/it]
 35%|ΓûêΓûêΓûêΓûì      | 1036/3000 [28:32<42:51,  1.31s/it]
 35%|ΓûêΓûêΓûêΓûì      | 1037/3000 [28:34<57:06,  1.75s/it]
 35%|ΓûêΓûêΓûêΓûì      | 1038/3000 [28:36<52:12,  1.60s/it]
 35%|ΓûêΓûêΓûêΓûì      | 1039/3000 [28:37<53:16,  1.63s/it]
 35%|ΓûêΓûêΓûêΓûì      | 1040/3000 [28:39<55:55,  1.71s/it]
 35%|ΓûêΓûêΓûêΓûì      | 1041/3000 [28:42<1:07:47,  2.08s/it]
 35%|ΓûêΓûêΓûêΓûì      | 1042/3000 [28:43<58:59,  1.81s/it]  
 35%|ΓûêΓûêΓûêΓûì      | 1043/3000 [28:45<56:35,  1.73s/it]
 35%|ΓûêΓûêΓûêΓûì      | 1044/3000 [28:46<53:18,  1.63s/it]
 35%|ΓûêΓûêΓûêΓûì      | 1045/3000 [28:48<53:14,  1.63s/it]
 35%|ΓûêΓûêΓûêΓûì      | 1046/3000 [28:49<50:30,  1.55s/it]
 35%|ΓûêΓûêΓûêΓûì      | 1047/3000 [28:51<50:41,  1.56s/it]
 35%|ΓûêΓûêΓûêΓûì      | 1048/3000 [28:52<45:40,  1.40s/it]
 35%|ΓûêΓûêΓûêΓûì      | 1049/3000 [28:54<48:48,  1.50s/it]
 35%|ΓûêΓûêΓûêΓûî      | 1050/3000 [29:00<1:35:32,  2.94s/it]
 35%|ΓûêΓûêΓûêΓûî      | 1051/3000 [29:03<1:36:22,  2.97s/it]
 35%|ΓûêΓûêΓûêΓûî      | 1052/3000 [29:04<1:21:02,  2.50s/it]
 35%|ΓûêΓûêΓûêΓûî      | 1053/3000 [29:05<1:06:19,  2.04s/it]
 35%|ΓûêΓûêΓûêΓûî      | 1054/3000 [29:07<1:05:58,  2.03s/it]
 35%|ΓûêΓûêΓûêΓûî      | 1055/3000 [29:09<1:00:09,  1.86s/it]
 35%|ΓûêΓûêΓûêΓûî      | 1056/3000 [29:10<53:22,  1.65s/it]  
 35%|ΓûêΓûêΓûêΓûî      | 1057/3000 [29:11<51:31,  1.59s/it]
 35%|ΓûêΓûêΓûêΓûî      | 1058/3000 [29:13<51:41,  1.60s/it]
 35%|ΓûêΓûêΓûêΓûî      | 1059/3000 [29:15<53:09,  1.64s/it]
 35%|ΓûêΓûêΓûêΓûî      | 1060/3000 [29:16<50:51,  1.57s/it]
 35%|ΓûêΓûêΓûêΓûî      | 1061/3000 [29:18<52:43,  1.63s/it]
 35%|ΓûêΓûêΓûêΓûî      | 1062/3000 [29:20<54:54,  1.70s/it]
 35%|ΓûêΓûêΓûêΓûî      | 1063/3000 [29:21<52:28,  1.63s/it]
 35%|ΓûêΓûêΓûêΓûî      | 1064/3000 [29:24<1:03:57,  1.98s/it]
 36%|ΓûêΓûêΓûêΓûî      | 1065/3000 [29:25<53:47,  1.67s/it]  
 36%|ΓûêΓûêΓûêΓûî      | 1066/3000 [29:27<57:23,  1.78s/it]
 36%|ΓûêΓûêΓûêΓûî      | 1067/3000 [29:29<1:04:01,  1.99s/it]
 36%|ΓûêΓûêΓûêΓûî      | 1068/3000 [29:31<1:03:28,  1.97s/it]
 36%|ΓûêΓûêΓûêΓûî      | 1069/3000 [29:33<1:01:07,  1.90s/it]
 36%|ΓûêΓûêΓûêΓûî      | 1070/3000 [29:34<50:08,  1.56s/it]  
 36%|ΓûêΓûêΓûêΓûî      | 1071/3000 [29:35<44:52,  1.40s/it]
 36%|ΓûêΓûêΓûêΓûî      | 1072/3000 [29:36<41:53,  1.30s/it]
 36%|ΓûêΓûêΓûêΓûî      | 1073/3000 [29:39<58:54,  1.83s/it]
 36%|ΓûêΓûêΓûêΓûî      | 1074/3000 [29:42<1:10:42,  2.20s/it]
 36%|ΓûêΓûêΓûêΓûî      | 1075/3000 [29:44<1:02:47,  1.96s/it]
 36%|ΓûêΓûêΓûêΓûî      | 1076/3000 [29:45<55:59,  1.75s/it]  
 36%|ΓûêΓûêΓûêΓûî      | 1077/3000 [29:46<47:12,  1.47s/it]
 36%|ΓûêΓûêΓûêΓûî      | 1078/3000 [29:47<41:34,  1.30s/it]
 36%|ΓûêΓûêΓûêΓûî      | 1079/3000 [29:48<38:34,  1.20s/it]
 36%|ΓûêΓûêΓûêΓûî      | 1080/3000 [29:49<38:03,  1.19s/it]
 36%|ΓûêΓûêΓûêΓûî      | 1081/3000 [29:51<44:37,  1.40s/it]
 36%|ΓûêΓûêΓûêΓûî      | 1082/3000 [29:52<44:04,  1.38s/it]
 36%|ΓûêΓûêΓûêΓûî      | 1083/3000 [29:54<46:48,  1.47s/it]
 36%|ΓûêΓûêΓûêΓûî      | 1084/3000 [29:55<49:21,  1.55s/it]
 36%|ΓûêΓûêΓûêΓûî      | 1085/3000 [29:57<47:19,  1.48s/it]
 36%|ΓûêΓûêΓûêΓûî      | 1086/3000 [29:58<43:56,  1.38s/it]
 36%|ΓûêΓûêΓûêΓûî      | 1087/3000 [29:59<45:36,  1.43s/it]
 36%|ΓûêΓûêΓûêΓûï      | 1088/3000 [30:01<47:37,  1.49s/it]
 36%|ΓûêΓûêΓûêΓûï      | 1089/3000 [30:02<47:49,  1.50s/it]
 36%|ΓûêΓûêΓûêΓûï      | 1090/3000 [30:04<52:30,  1.65s/it]
 36%|ΓûêΓûêΓûêΓûï      | 1091/3000 [30:06<47:15,  1.49s/it]
 36%|ΓûêΓûêΓûêΓûï      | 1092/3000 [30:07<51:30,  1.62s/it]
 36%|ΓûêΓûêΓûêΓûï      | 1093/3000 [30:10<55:44,  1.75s/it]
 36%|ΓûêΓûêΓûêΓûï      | 1094/3000 [30:11<51:22,  1.62s/it]
 36%|ΓûêΓûêΓûêΓûï      | 1095/3000 [30:13<59:09,  1.86s/it]
 37%|ΓûêΓûêΓûêΓûï      | 1096/3000 [30:14<50:10,  1.58s/it]
 37%|ΓûêΓûêΓûêΓûï      | 1097/3000 [30:16<48:24,  1.53s/it]
 37%|ΓûêΓûêΓûêΓûï      | 1098/3000 [30:17<45:56,  1.45s/it]
 37%|ΓûêΓûêΓûêΓûï      | 1099/3000 [30:18<44:03,  1.39s/it]
 37%|ΓûêΓûêΓûêΓûï      | 1100/3000 [30:19<39:22,  1.24s/it]
 37%|ΓûêΓûêΓûêΓûï      | 1101/3000 [30:21<49:43,  1.57s/it]
 37%|ΓûêΓûêΓûêΓûï      | 1102/3000 [30:24<58:13,  1.84s/it]
 37%|ΓûêΓûêΓûêΓûï      | 1103/3000 [30:25<52:50,  1.67s/it]
 37%|ΓûêΓûêΓûêΓûï      | 1104/3000 [30:27<51:11,  1.62s/it]
 37%|ΓûêΓûêΓûêΓûï      | 1105/3000 [30:29<56:29,  1.79s/it]
 37%|ΓûêΓûêΓûêΓûï      | 1106/3000 [30:30<55:31,  1.76s/it]
 37%|ΓûêΓûêΓûêΓûï      | 1107/3000 [30:33<1:02:15,  1.97s/it]
 37%|ΓûêΓûêΓûêΓûï      | 1108/3000 [30:34<53:29,  1.70s/it]  
 37%|ΓûêΓûêΓûêΓûï      | 1109/3000 [30:35<47:24,  1.50s/it]
 37%|ΓûêΓûêΓûêΓûï      | 1110/3000 [30:36<44:29,  1.41s/it]
 37%|ΓûêΓûêΓûêΓûï      | 1111/3000 [30:38<45:20,  1.44s/it]
 37%|ΓûêΓûêΓûêΓûï      | 1112/3000 [30:40<50:04,  1.59s/it]
 37%|ΓûêΓûêΓûêΓûï      | 1113/3000 [30:41<43:24,  1.38s/it]
 37%|ΓûêΓûêΓûêΓûï      | 1114/3000 [30:43<51:22,  1.63s/it]
 37%|ΓûêΓûêΓûêΓûï      | 1115/3000 [30:45<56:19,  1.79s/it]
 37%|ΓûêΓûêΓûêΓûï      | 1116/3000 [30:46<53:14,  1.70s/it]
 37%|ΓûêΓûêΓûêΓûï      | 1117/3000 [30:48<49:01,  1.56s/it]
 37%|ΓûêΓûêΓûêΓûï      | 1118/3000 [30:49<45:13,  1.44s/it]
 37%|ΓûêΓûêΓûêΓûï      | 1119/3000 [30:51<47:08,  1.50s/it]
 37%|ΓûêΓûêΓûêΓûï      | 1120/3000 [30:53<52:19,  1.67s/it]
 37%|ΓûêΓûêΓûêΓûï      | 1121/3000 [30:55<58:37,  1.87s/it]
 37%|ΓûêΓûêΓûêΓûï      | 1122/3000 [30:56<54:29,  1.74s/it]
 37%|ΓûêΓûêΓûêΓûï      | 1123/3000 [30:58<50:05,  1.60s/it]
 37%|ΓûêΓûêΓûêΓûï      | 1124/3000 [30:59<50:08,  1.60s/it]
 38%|ΓûêΓûêΓûêΓûè      | 1125/3000 [31:01<50:21,  1.61s/it]
 38%|ΓûêΓûêΓûêΓûè      | 1126/3000 [31:05<1:09:11,  2.22s/it]
 38%|ΓûêΓûêΓûêΓûè      | 1127/3000 [31:07<1:08:30,  2.19s/it]
 38%|ΓûêΓûêΓûêΓûè      | 1128/3000 [31:08<1:02:11,  1.99s/it]
 38%|ΓûêΓûêΓûêΓûè      | 1129/3000 [31:15<1:44:44,  3.36s/it]
 38%|ΓûêΓûêΓûêΓûè      | 1130/3000 [31:16<1:28:07,  2.83s/it]
 38%|ΓûêΓûêΓûêΓûè      | 1131/3000 [31:18<1:18:32,  2.52s/it]
 38%|ΓûêΓûêΓûêΓûè      | 1132/3000 [31:20<1:14:45,  2.40s/it]
 38%|ΓûêΓûêΓûêΓûè      | 1133/3000 [31:22<1:08:16,  2.19s/it]
 38%|ΓûêΓûêΓûêΓûè      | 1134/3000 [31:23<57:24,  1.85s/it]  
 38%|ΓûêΓûêΓûêΓûè      | 1135/3000 [31:24<51:51,  1.67s/it]
 38%|ΓûêΓûêΓûêΓûè      | 1136/3000 [31:26<55:54,  1.80s/it]
 38%|ΓûêΓûêΓûêΓûè      | 1137/3000 [31:28<53:38,  1.73s/it]
 38%|ΓûêΓûêΓûêΓûè      | 1138/3000 [31:30<1:01:43,  1.99s/it]
 38%|ΓûêΓûêΓûêΓûè      | 1139/3000 [31:32<59:53,  1.93s/it]  
 38%|ΓûêΓûêΓûêΓûè      | 1140/3000 [31:34<56:00,  1.81s/it]
 38%|ΓûêΓûêΓûêΓûè      | 1141/3000 [31:35<53:41,  1.73s/it]
 38%|ΓûêΓûêΓûêΓûè      | 1142/3000 [31:38<1:00:20,  1.95s/it]
 38%|ΓûêΓûêΓûêΓûè      | 1143/3000 [31:39<55:52,  1.81s/it]  
 38%|ΓûêΓûêΓûêΓûè      | 1144/3000 [31:41<51:28,  1.66s/it]
 38%|ΓûêΓûêΓûêΓûè      | 1145/3000 [31:42<46:02,  1.49s/it]
 38%|ΓûêΓûêΓûêΓûè      | 1146/3000 [31:43<48:45,  1.58s/it]
 38%|ΓûêΓûêΓûêΓûè      | 1147/3000 [31:45<48:26,  1.57s/it]
 38%|ΓûêΓûêΓûêΓûè      | 1148/3000 [31:46<45:52,  1.49s/it]
 38%|ΓûêΓûêΓûêΓûè      | 1149/3000 [31:48<48:37,  1.58s/it]
 38%|ΓûêΓûêΓûêΓûè      | 1150/3000 [31:49<45:56,  1.49s/it]
 38%|ΓûêΓûêΓûêΓûè      | 1151/3000 [31:51<51:21,  1.67s/it]
 38%|ΓûêΓûêΓûêΓûè      | 1152/3000 [31:53<48:19,  1.57s/it]
 38%|ΓûêΓûêΓûêΓûè      | 1153/3000 [31:56<1:03:52,  2.07s/it]
 38%|ΓûêΓûêΓûêΓûè      | 1154/3000 [31:57<57:22,  1.86s/it]  
 38%|ΓûêΓûêΓûêΓûè      | 1155/3000 [31:59<53:58,  1.76s/it]
 39%|ΓûêΓûêΓûêΓûè      | 1156/3000 [32:00<51:55,  1.69s/it]
 39%|ΓûêΓûêΓûêΓûè      | 1157/3000 [32:03<1:00:42,  1.98s/it]
 39%|ΓûêΓûêΓûêΓûè      | 1158/3000 [32:05<1:02:04,  2.02s/it]
 39%|ΓûêΓûêΓûêΓûè      | 1159/3000 [32:07<55:28,  1.81s/it]  
 39%|ΓûêΓûêΓûêΓûè      | 1160/3000 [32:09<56:46,  1.85s/it]
 39%|ΓûêΓûêΓûêΓûè      | 1161/3000 [32:10<52:20,  1.71s/it]
 39%|ΓûêΓûêΓûêΓûè      | 1162/3000 [32:12<58:28,  1.91s/it]
 39%|ΓûêΓûêΓûêΓûë      | 1163/3000 [32:13<50:53,  1.66s/it]
 39%|ΓûêΓûêΓûêΓûë      | 1164/3000 [32:15<46:20,  1.51s/it]
 39%|ΓûêΓûêΓûêΓûë      | 1165/3000 [32:17<56:39,  1.85s/it]
 39%|ΓûêΓûêΓûêΓûë      | 1166/3000 [32:18<49:22,  1.62s/it]
 39%|ΓûêΓûêΓûêΓûë      | 1167/3000 [32:19<45:55,  1.50s/it]
 39%|ΓûêΓûêΓûêΓûë      | 1168/3000 [32:20<40:27,  1.33s/it]
 39%|ΓûêΓûêΓûêΓûë      | 1169/3000 [32:21<36:54,  1.21s/it]
 39%|ΓûêΓûêΓûêΓûë      | 1170/3000 [32:24<47:53,  1.57s/it]
 39%|ΓûêΓûêΓûêΓûë      | 1171/3000 [32:26<53:50,  1.77s/it]
 39%|ΓûêΓûêΓûêΓûë      | 1172/3000 [32:27<45:45,  1.50s/it]
 39%|ΓûêΓûêΓûêΓûë      | 1173/3000 [32:28<43:50,  1.44s/it]
 39%|ΓûêΓûêΓûêΓûë      | 1174/3000 [32:29<40:54,  1.34s/it]
 39%|ΓûêΓûêΓûêΓûë      | 1175/3000 [32:32<49:27,  1.63s/it]
 39%|ΓûêΓûêΓûêΓûë      | 1176/3000 [32:33<47:50,  1.57s/it]
 39%|ΓûêΓûêΓûêΓûë      | 1177/3000 [32:34<45:06,  1.48s/it]
 39%|ΓûêΓûêΓûêΓûë      | 1178/3000 [32:36<47:25,  1.56s/it]
 39%|ΓûêΓûêΓûêΓûë      | 1179/3000 [32:39<56:38,  1.87s/it]
 39%|ΓûêΓûêΓûêΓûë      | 1180/3000 [32:40<51:51,  1.71s/it]
 39%|ΓûêΓûêΓûêΓûë      | 1181/3000 [32:47<1:40:26,  3.31s/it]
 39%|ΓûêΓûêΓûêΓûë      | 1182/3000 [32:51<1:47:01,  3.53s/it]
 39%|ΓûêΓûêΓûêΓûë      | 1183/3000 [32:53<1:29:55,  2.97s/it]
 39%|ΓûêΓûêΓûêΓûë      | 1184/3000 [32:54<1:19:14,  2.62s/it]
 40%|ΓûêΓûêΓûêΓûë      | 1185/3000 [32:56<1:05:15,  2.16s/it]
 40%|ΓûêΓûêΓûêΓûë      | 1186/3000 [32:59<1:12:56,  2.41s/it]
 40%|ΓûêΓûêΓûêΓûë      | 1187/3000 [33:00<1:01:39,  2.04s/it]
 40%|ΓûêΓûêΓûêΓûë      | 1188/3000 [33:02<59:01,  1.95s/it]  
 40%|ΓûêΓûêΓûêΓûë      | 1189/3000 [33:04<59:54,  1.98s/it]
 40%|ΓûêΓûêΓûêΓûë      | 1190/3000 [33:05<53:04,  1.76s/it]
 40%|ΓûêΓûêΓûêΓûë      | 1191/3000 [33:06<50:10,  1.66s/it]
 40%|ΓûêΓûêΓûêΓûë      | 1192/3000 [33:07<46:20,  1.54s/it]
 40%|ΓûêΓûêΓûêΓûë      | 1193/3000 [33:09<43:27,  1.44s/it]
 40%|ΓûêΓûêΓûêΓûë      | 1194/3000 [33:10<41:40,  1.38s/it]
 40%|ΓûêΓûêΓûêΓûë      | 1195/3000 [33:11<39:46,  1.32s/it]
 40%|ΓûêΓûêΓûêΓûë      | 1196/3000 [33:13<47:03,  1.57s/it]
 40%|ΓûêΓûêΓûêΓûë      | 1197/3000 [33:15<45:13,  1.50s/it]
 40%|ΓûêΓûêΓûêΓûë      | 1198/3000 [33:17<51:11,  1.70s/it]
 40%|ΓûêΓûêΓûêΓûë      | 1199/3000 [33:18<46:51,  1.56s/it]
 40%|ΓûêΓûêΓûêΓûê      | 1200/3000 [33:19<41:52,  1.40s/it]
 40%|ΓûêΓûêΓûêΓûê      | 1201/3000 [33:21<46:00,  1.53s/it]
 40%|ΓûêΓûêΓûêΓûê      | 1202/3000 [33:23<50:08,  1.67s/it]
 40%|ΓûêΓûêΓûêΓûê      | 1203/3000 [33:25<56:54,  1.90s/it]
 40%|ΓûêΓûêΓûêΓûê      | 1204/3000 [33:27<54:14,  1.81s/it]
 40%|ΓûêΓûêΓûêΓûê      | 1205/3000 [33:29<52:47,  1.76s/it]
 40%|ΓûêΓûêΓûêΓûê      | 1206/3000 [33:31<54:14,  1.81s/it]
 40%|ΓûêΓûêΓûêΓûê      | 1207/3000 [33:32<54:32,  1.83s/it]
 40%|ΓûêΓûêΓûêΓûê      | 1208/3000 [33:34<54:47,  1.83s/it]
 40%|ΓûêΓûêΓûêΓûê      | 1209/3000 [33:36<55:13,  1.85s/it]
 40%|ΓûêΓûêΓûêΓûê      | 1210/3000 [33:37<46:05,  1.55s/it]
 40%|ΓûêΓûêΓûêΓûê      | 1211/3000 [33:38<41:45,  1.40s/it]
 40%|ΓûêΓûêΓûêΓûê      | 1212/3000 [33:40<43:14,  1.45s/it]
 40%|ΓûêΓûêΓûêΓûê      | 1213/3000 [33:42<52:44,  1.77s/it]
 40%|ΓûêΓûêΓûêΓûê      | 1214/3000 [33:43<44:59,  1.51s/it]
 40%|ΓûêΓûêΓûêΓûê      | 1215/3000 [33:50<1:33:11,  3.13s/it]
 41%|ΓûêΓûêΓûêΓûê      | 1216/3000 [33:53<1:31:59,  3.09s/it]
 41%|ΓûêΓûêΓûêΓûê      | 1217/3000 [33:55<1:25:55,  2.89s/it]
 41%|ΓûêΓûêΓûêΓûê      | 1218/3000 [33:57<1:17:02,  2.59s/it]
 41%|ΓûêΓûêΓûêΓûê      | 1219/3000 [33:58<1:03:59,  2.16s/it]
 41%|ΓûêΓûêΓûêΓûê      | 1220/3000 [34:00<57:49,  1.95s/it]  
 41%|ΓûêΓûêΓûêΓûê      | 1221/3000 [34:01<53:12,  1.79s/it]
 41%|ΓûêΓûêΓûêΓûê      | 1222/3000 [34:02<47:01,  1.59s/it]
 41%|ΓûêΓûêΓûêΓûê      | 1223/3000 [34:04<48:52,  1.65s/it]
 41%|ΓûêΓûêΓûêΓûê      | 1224/3000 [34:06<52:23,  1.77s/it]
 41%|ΓûêΓûêΓûêΓûê      | 1225/3000 [34:07<43:36,  1.47s/it]
 41%|ΓûêΓûêΓûêΓûê      | 1226/3000 [34:08<39:24,  1.33s/it]
 41%|ΓûêΓûêΓûêΓûê      | 1227/3000 [34:09<36:44,  1.24s/it]
 41%|ΓûêΓûêΓûêΓûê      | 1228/3000 [34:11<41:41,  1.41s/it]
 41%|ΓûêΓûêΓûêΓûê      | 1229/3000 [34:12<37:43,  1.28s/it]
 41%|ΓûêΓûêΓûêΓûê      | 1230/3000 [34:13<33:43,  1.14s/it]
 41%|ΓûêΓûêΓûêΓûê      | 1231/3000 [34:15<40:32,  1.37s/it]
 41%|ΓûêΓûêΓûêΓûê      | 1232/3000 [34:15<36:30,  1.24s/it]
 41%|ΓûêΓûêΓûêΓûê      | 1233/3000 [34:17<41:29,  1.41s/it]
 41%|ΓûêΓûêΓûêΓûê      | 1234/3000 [34:18<37:10,  1.26s/it]
 41%|ΓûêΓûêΓûêΓûê      | 1235/3000 [34:19<34:46,  1.18s/it]
 41%|ΓûêΓûêΓûêΓûê      | 1236/3000 [34:21<37:19,  1.27s/it]
 41%|ΓûêΓûêΓûêΓûê      | 1237/3000 [34:22<37:53,  1.29s/it]
 41%|ΓûêΓûêΓûêΓûêΓûÅ     | 1238/3000 [34:24<39:59,  1.36s/it]
 41%|ΓûêΓûêΓûêΓûêΓûÅ     | 1239/3000 [34:25<37:52,  1.29s/it]
 41%|ΓûêΓûêΓûêΓûêΓûÅ     | 1240/3000 [34:26<42:00,  1.43s/it]
 41%|ΓûêΓûêΓûêΓûêΓûÅ     | 1241/3000 [34:28<39:09,  1.34s/it]
 41%|ΓûêΓûêΓûêΓûêΓûÅ     | 1242/3000 [34:30<49:13,  1.68s/it]
 41%|ΓûêΓûêΓûêΓûêΓûÅ     | 1243/3000 [34:33<57:58,  1.98s/it]
 41%|ΓûêΓûêΓûêΓûêΓûÅ     | 1244/3000 [34:34<50:19,  1.72s/it]
 42%|ΓûêΓûêΓûêΓûêΓûÅ     | 1245/3000 [34:36<56:27,  1.93s/it]
 42%|ΓûêΓûêΓûêΓûêΓûÅ     | 1246/3000 [34:37<50:29,  1.73s/it]
 42%|ΓûêΓûêΓûêΓûêΓûÅ     | 1247/3000 [34:39<47:33,  1.63s/it]
 42%|ΓûêΓûêΓûêΓûêΓûÅ     | 1248/3000 [34:41<50:55,  1.74s/it]
 42%|ΓûêΓûêΓûêΓûêΓûÅ     | 1249/3000 [34:42<48:13,  1.65s/it]
 42%|ΓûêΓûêΓûêΓûêΓûÅ     | 1250/3000 [34:45<55:11,  1.89s/it]
 42%|ΓûêΓûêΓûêΓûêΓûÅ     | 1251/3000 [34:47<59:57,  2.06s/it]
 42%|ΓûêΓûêΓûêΓûêΓûÅ     | 1252/3000 [34:48<50:43,  1.74s/it]
 42%|ΓûêΓûêΓûêΓûêΓûÅ     | 1253/3000 [34:50<51:48,  1.78s/it]
 42%|ΓûêΓûêΓûêΓûêΓûÅ     | 1254/3000 [34:51<46:12,  1.59s/it]
 42%|ΓûêΓûêΓûêΓûêΓûÅ     | 1255/3000 [34:52<41:59,  1.44s/it]
 42%|ΓûêΓûêΓûêΓûêΓûÅ     | 1256/3000 [34:54<44:08,  1.52s/it]
 42%|ΓûêΓûêΓûêΓûêΓûÅ     | 1257/3000 [34:55<41:00,  1.41s/it]
 42%|ΓûêΓûêΓûêΓûêΓûÅ     | 1258/3000 [34:57<41:29,  1.43s/it]
 42%|ΓûêΓûêΓûêΓûêΓûÅ     | 1259/3000 [34:58<43:16,  1.49s/it]
 42%|ΓûêΓûêΓûêΓûêΓûÅ     | 1260/3000 [34:59<40:28,  1.40s/it]
 42%|ΓûêΓûêΓûêΓûêΓûÅ     | 1261/3000 [35:02<51:56,  1.79s/it]
 42%|ΓûêΓûêΓûêΓûêΓûÅ     | 1262/3000 [35:05<1:01:08,  2.11s/it]
 42%|ΓûêΓûêΓûêΓûêΓûÅ     | 1263/3000 [35:06<53:08,  1.84s/it]  
 42%|ΓûêΓûêΓûêΓûêΓûÅ     | 1264/3000 [35:07<47:02,  1.63s/it]
 42%|ΓûêΓûêΓûêΓûêΓûÅ     | 1265/3000 [35:09<47:41,  1.65s/it]
 42%|ΓûêΓûêΓûêΓûêΓûÅ     | 1266/3000 [35:11<47:27,  1.64s/it]
 42%|ΓûêΓûêΓûêΓûêΓûÅ     | 1267/3000 [35:12<43:30,  1.51s/it]
 42%|ΓûêΓûêΓûêΓûêΓûÅ     | 1268/3000 [35:13<37:43,  1.31s/it]
 42%|ΓûêΓûêΓûêΓûêΓûÅ     | 1269/3000 [35:15<44:17,  1.54s/it]
 42%|ΓûêΓûêΓûêΓûêΓûÅ     | 1270/3000 [35:16<39:23,  1.37s/it]
 42%|ΓûêΓûêΓûêΓûêΓûÅ     | 1271/3000 [35:17<37:21,  1.30s/it]
 42%|ΓûêΓûêΓûêΓûêΓûÅ     | 1272/3000 [35:19<41:03,  1.43s/it]
 42%|ΓûêΓûêΓûêΓûêΓûÅ     | 1273/3000 [35:20<43:17,  1.50s/it]
 42%|ΓûêΓûêΓûêΓûêΓûÅ     | 1274/3000 [35:22<44:51,  1.56s/it]
 42%|ΓûêΓûêΓûêΓûêΓûÄ     | 1275/3000 [35:24<47:30,  1.65s/it]
 43%|ΓûêΓûêΓûêΓûêΓûÄ     | 1276/3000 [35:25<46:47,  1.63s/it]
 43%|ΓûêΓûêΓûêΓûêΓûÄ     | 1277/3000 [35:26<40:55,  1.43s/it]
 43%|ΓûêΓûêΓûêΓûêΓûÄ     | 1278/3000 [35:28<38:54,  1.36s/it]
 43%|ΓûêΓûêΓûêΓûêΓûÄ     | 1279/3000 [35:29<37:35,  1.31s/it]
 43%|ΓûêΓûêΓûêΓûêΓûÄ     | 1280/3000 [35:31<47:20,  1.65s/it]
 43%|ΓûêΓûêΓûêΓûêΓûÄ     | 1281/3000 [35:35<1:08:12,  2.38s/it]
 43%|ΓûêΓûêΓûêΓûêΓûÄ     | 1282/3000 [35:37<58:40,  2.05s/it]  
 43%|ΓûêΓûêΓûêΓûêΓûÄ     | 1283/3000 [35:38<56:40,  1.98s/it]
 43%|ΓûêΓûêΓûêΓûêΓûÄ     | 1284/3000 [35:41<57:24,  2.01s/it]
 43%|ΓûêΓûêΓûêΓûêΓûÄ     | 1285/3000 [35:42<50:18,  1.76s/it]
 43%|ΓûêΓûêΓûêΓûêΓûÄ     | 1286/3000 [35:43<46:28,  1.63s/it]
 43%|ΓûêΓûêΓûêΓûêΓûÄ     | 1287/3000 [35:44<42:33,  1.49s/it]
 43%|ΓûêΓûêΓûêΓûêΓûÄ     | 1288/3000 [35:47<57:29,  2.02s/it]
 43%|ΓûêΓûêΓûêΓûêΓûÄ     | 1289/3000 [35:48<48:51,  1.71s/it]
 43%|ΓûêΓûêΓûêΓûêΓûÄ     | 1290/3000 [35:50<51:31,  1.81s/it]
 43%|ΓûêΓûêΓûêΓûêΓûÄ     | 1291/3000 [35:52<49:37,  1.74s/it]
 43%|ΓûêΓûêΓûêΓûêΓûÄ     | 1292/3000 [35:54<48:36,  1.71s/it]
 43%|ΓûêΓûêΓûêΓûêΓûÄ     | 1293/3000 [35:55<44:41,  1.57s/it]
 43%|ΓûêΓûêΓûêΓûêΓûÄ     | 1294/3000 [35:56<42:07,  1.48s/it]
 43%|ΓûêΓûêΓûêΓûêΓûÄ     | 1295/3000 [35:59<52:47,  1.86s/it]
 43%|ΓûêΓûêΓûêΓûêΓûÄ     | 1296/3000 [36:00<45:59,  1.62s/it]
 43%|ΓûêΓûêΓûêΓûêΓûÄ     | 1297/3000 [36:02<46:20,  1.63s/it]
 43%|ΓûêΓûêΓûêΓûêΓûÄ     | 1298/3000 [36:03<40:27,  1.43s/it]
 43%|ΓûêΓûêΓûêΓûêΓûÄ     | 1299/3000 [36:04<38:31,  1.36s/it]
 43%|ΓûêΓûêΓûêΓûêΓûÄ     | 1300/3000 [36:05<36:16,  1.28s/it]
 43%|ΓûêΓûêΓûêΓûêΓûÄ     | 1301/3000 [36:06<37:47,  1.33s/it]
 43%|ΓûêΓûêΓûêΓûêΓûÄ     | 1302/3000 [36:08<42:16,  1.49s/it]
 43%|ΓûêΓûêΓûêΓûêΓûÄ     | 1303/3000 [36:09<37:43,  1.33s/it]
 43%|ΓûêΓûêΓûêΓûêΓûÄ     | 1304/3000 [36:11<40:42,  1.44s/it]
 44%|ΓûêΓûêΓûêΓûêΓûÄ     | 1305/3000 [36:13<43:43,  1.55s/it]
 44%|ΓûêΓûêΓûêΓûêΓûÄ     | 1306/3000 [36:16<56:07,  1.99s/it]
 44%|ΓûêΓûêΓûêΓûêΓûÄ     | 1307/3000 [36:19<1:03:28,  2.25s/it]
 44%|ΓûêΓûêΓûêΓûêΓûÄ     | 1308/3000 [36:20<56:50,  2.02s/it]  
 44%|ΓûêΓûêΓûêΓûêΓûÄ     | 1309/3000 [36:21<50:45,  1.80s/it]
 44%|ΓûêΓûêΓûêΓûêΓûÄ     | 1310/3000 [36:23<50:31,  1.79s/it]
 44%|ΓûêΓûêΓûêΓûêΓûÄ     | 1311/3000 [36:25<51:14,  1.82s/it]
 44%|ΓûêΓûêΓûêΓûêΓûÄ     | 1312/3000 [36:28<1:00:33,  2.15s/it]
 44%|ΓûêΓûêΓûêΓûêΓûì     | 1313/3000 [36:29<49:13,  1.75s/it]  
 44%|ΓûêΓûêΓûêΓûêΓûì     | 1314/3000 [36:31<56:27,  2.01s/it]
 44%|ΓûêΓûêΓûêΓûêΓûì     | 1315/3000 [36:33<55:27,  1.97s/it]
 44%|ΓûêΓûêΓûêΓûêΓûì     | 1316/3000 [36:35<50:33,  1.80s/it]
 44%|ΓûêΓûêΓûêΓûêΓûì     | 1317/3000 [36:36<49:20,  1.76s/it]
 44%|ΓûêΓûêΓûêΓûêΓûì     | 1318/3000 [36:37<43:29,  1.55s/it]
 44%|ΓûêΓûêΓûêΓûêΓûì     | 1319/3000 [36:41<1:04:37,  2.31s/it]
 44%|ΓûêΓûêΓûêΓûêΓûì     | 1320/3000 [36:43<59:57,  2.14s/it]  
 44%|ΓûêΓûêΓûêΓûêΓûì     | 1321/3000 [36:45<58:32,  2.09s/it]
 44%|ΓûêΓûêΓûêΓûêΓûì     | 1322/3000 [36:47<53:29,  1.91s/it]
 44%|ΓûêΓûêΓûêΓûêΓûì     | 1323/3000 [36:49<55:25,  1.98s/it]
 44%|ΓûêΓûêΓûêΓûêΓûì     | 1324/3000 [36:50<47:57,  1.72s/it]
 44%|ΓûêΓûêΓûêΓûêΓûì     | 1325/3000 [36:51<43:17,  1.55s/it]
 44%|ΓûêΓûêΓûêΓûêΓûì     | 1326/3000 [36:52<38:33,  1.38s/it]
 44%|ΓûêΓûêΓûêΓûêΓûì     | 1327/3000 [36:53<37:59,  1.36s/it]
 44%|ΓûêΓûêΓûêΓûêΓûì     | 1328/3000 [36:55<38:40,  1.39s/it]
 44%|ΓûêΓûêΓûêΓûêΓûì     | 1329/3000 [36:56<35:19,  1.27s/it]
 44%|ΓûêΓûêΓûêΓûêΓûì     | 1330/3000 [36:57<35:56,  1.29s/it]
 44%|ΓûêΓûêΓûêΓûêΓûì     | 1331/3000 [36:58<34:56,  1.26s/it]
 44%|ΓûêΓûêΓûêΓûêΓûì     | 1332/3000 [37:00<38:34,  1.39s/it]
 44%|ΓûêΓûêΓûêΓûêΓûì     | 1333/3000 [37:01<37:31,  1.35s/it]
 44%|ΓûêΓûêΓûêΓûêΓûì     | 1334/3000 [37:03<40:25,  1.46s/it]
 44%|ΓûêΓûêΓûêΓûêΓûì     | 1335/3000 [37:04<40:46,  1.47s/it]
 45%|ΓûêΓûêΓûêΓûêΓûì     | 1336/3000 [37:06<41:36,  1.50s/it]
 45%|ΓûêΓûêΓûêΓûêΓûì     | 1337/3000 [37:07<37:33,  1.36s/it]
 45%|ΓûêΓûêΓûêΓûêΓûì     | 1338/3000 [37:08<37:00,  1.34s/it]
 45%|ΓûêΓûêΓûêΓûêΓûì     | 1339/3000 [37:11<50:12,  1.81s/it]
 45%|ΓûêΓûêΓûêΓûêΓûì     | 1340/3000 [37:12<43:22,  1.57s/it]
 45%|ΓûêΓûêΓûêΓûêΓûì     | 1341/3000 [37:16<57:43,  2.09s/it]
 45%|ΓûêΓûêΓûêΓûêΓûì     | 1342/3000 [37:16<47:17,  1.71s/it]
 45%|ΓûêΓûêΓûêΓûêΓûì     | 1343/3000 [37:19<57:53,  2.10s/it]
 45%|ΓûêΓûêΓûêΓûêΓûì     | 1344/3000 [37:21<56:52,  2.06s/it]
 45%|ΓûêΓûêΓûêΓûêΓûì     | 1345/3000 [37:22<48:05,  1.74s/it]
 45%|ΓûêΓûêΓûêΓûêΓûì     | 1346/3000 [37:24<43:23,  1.57s/it]
 45%|ΓûêΓûêΓûêΓûêΓûì     | 1347/3000 [37:25<41:22,  1.50s/it]
 45%|ΓûêΓûêΓûêΓûêΓûì     | 1348/3000 [37:26<35:46,  1.30s/it]
 45%|ΓûêΓûêΓûêΓûêΓûì     | 1349/3000 [37:28<40:32,  1.47s/it]
 45%|ΓûêΓûêΓûêΓûêΓûî     | 1350/3000 [37:29<43:05,  1.57s/it]
 45%|ΓûêΓûêΓûêΓûêΓûî     | 1351/3000 [37:31<39:16,  1.43s/it]
 45%|ΓûêΓûêΓûêΓûêΓûî     | 1352/3000 [37:32<39:20,  1.43s/it]
 45%|ΓûêΓûêΓûêΓûêΓûî     | 1353/3000 [37:35<52:54,  1.93s/it]
 45%|ΓûêΓûêΓûêΓûêΓûî     | 1354/3000 [37:37<51:31,  1.88s/it]
 45%|ΓûêΓûêΓûêΓûêΓûî     | 1355/3000 [37:39<56:24,  2.06s/it]
 45%|ΓûêΓûêΓûêΓûêΓûî     | 1356/3000 [37:40<47:52,  1.75s/it]
 45%|ΓûêΓûêΓûêΓûêΓûî     | 1357/3000 [37:42<50:30,  1.84s/it]
 45%|ΓûêΓûêΓûêΓûêΓûî     | 1358/3000 [37:44<47:46,  1.75s/it]
 45%|ΓûêΓûêΓûêΓûêΓûî     | 1359/3000 [37:45<42:38,  1.56s/it]
 45%|ΓûêΓûêΓûêΓûêΓûî     | 1360/3000 [37:46<40:56,  1.50s/it]
 45%|ΓûêΓûêΓûêΓûêΓûî     | 1361/3000 [37:48<42:26,  1.55s/it]
 45%|ΓûêΓûêΓûêΓûêΓûî     | 1362/3000 [37:49<38:00,  1.39s/it]
 45%|ΓûêΓûêΓûêΓûêΓûî     | 1363/3000 [37:50<34:44,  1.27s/it]
 45%|ΓûêΓûêΓûêΓûêΓûî     | 1364/3000 [37:53<44:56,  1.65s/it]
 46%|ΓûêΓûêΓûêΓûêΓûî     | 1365/3000 [37:55<51:29,  1.89s/it]
 46%|ΓûêΓûêΓûêΓûêΓûî     | 1366/3000 [37:57<49:52,  1.83s/it]
 46%|ΓûêΓûêΓûêΓûêΓûî     | 1367/3000 [37:58<47:52,  1.76s/it]
 46%|ΓûêΓûêΓûêΓûêΓûî     | 1368/3000 [37:59<42:57,  1.58s/it]
 46%|ΓûêΓûêΓûêΓûêΓûî     | 1369/3000 [38:01<39:57,  1.47s/it]
 46%|ΓûêΓûêΓûêΓûêΓûî     | 1370/3000 [38:03<48:13,  1.78s/it]
 46%|ΓûêΓûêΓûêΓûêΓûî     | 1371/3000 [38:05<45:25,  1.67s/it]
 46%|ΓûêΓûêΓûêΓûêΓûî     | 1372/3000 [38:05<38:02,  1.40s/it]
 46%|ΓûêΓûêΓûêΓûêΓûî     | 1373/3000 [38:07<37:37,  1.39s/it]
 46%|ΓûêΓûêΓûêΓûêΓûî     | 1374/3000 [38:08<37:39,  1.39s/it]
 46%|ΓûêΓûêΓûêΓûêΓûî     | 1375/3000 [38:10<41:45,  1.54s/it]
 46%|ΓûêΓûêΓûêΓûêΓûî     | 1376/3000 [38:12<41:53,  1.55s/it]
 46%|ΓûêΓûêΓûêΓûêΓûî     | 1377/3000 [38:12<35:29,  1.31s/it]
 46%|ΓûêΓûêΓûêΓûêΓûî     | 1378/3000 [38:14<37:32,  1.39s/it]
 46%|ΓûêΓûêΓûêΓûêΓûî     | 1379/3000 [38:17<50:41,  1.88s/it]
 46%|ΓûêΓûêΓûêΓûêΓûî     | 1380/3000 [38:18<44:58,  1.67s/it]
 46%|ΓûêΓûêΓûêΓûêΓûî     | 1381/3000 [38:19<41:16,  1.53s/it]
 46%|ΓûêΓûêΓûêΓûêΓûî     | 1382/3000 [38:22<48:06,  1.78s/it]
 46%|ΓûêΓûêΓûêΓûêΓûî     | 1383/3000 [38:23<43:18,  1.61s/it]
 46%|ΓûêΓûêΓûêΓûêΓûî     | 1384/3000 [38:24<41:24,  1.54s/it]
 46%|ΓûêΓûêΓûêΓûêΓûî     | 1385/3000 [38:26<45:13,  1.68s/it]
 46%|ΓûêΓûêΓûêΓûêΓûî     | 1386/3000 [38:27<39:39,  1.47s/it]
 46%|ΓûêΓûêΓûêΓûêΓûî     | 1387/3000 [38:29<43:07,  1.60s/it]
 46%|ΓûêΓûêΓûêΓûêΓûï     | 1388/3000 [38:30<40:38,  1.51s/it]
 46%|ΓûêΓûêΓûêΓûêΓûï     | 1389/3000 [38:32<38:15,  1.42s/it]
 46%|ΓûêΓûêΓûêΓûêΓûï     | 1390/3000 [38:33<34:17,  1.28s/it]
 46%|ΓûêΓûêΓûêΓûêΓûï     | 1391/3000 [38:34<37:41,  1.41s/it]
 46%|ΓûêΓûêΓûêΓûêΓûï     | 1392/3000 [38:35<34:46,  1.30s/it]
 46%|ΓûêΓûêΓûêΓûêΓûï     | 1393/3000 [38:37<36:56,  1.38s/it]
 46%|ΓûêΓûêΓûêΓûêΓûï     | 1394/3000 [38:39<41:48,  1.56s/it]
 46%|ΓûêΓûêΓûêΓûêΓûï     | 1395/3000 [38:40<37:39,  1.41s/it]
 47%|ΓûêΓûêΓûêΓûêΓûï     | 1396/3000 [38:42<38:31,  1.44s/it]
 47%|ΓûêΓûêΓûêΓûêΓûï     | 1397/3000 [38:43<35:09,  1.32s/it]
 47%|ΓûêΓûêΓûêΓûêΓûï     | 1398/3000 [38:44<35:33,  1.33s/it]
 47%|ΓûêΓûêΓûêΓûêΓûï     | 1399/3000 [38:45<37:31,  1.41s/it]
 47%|ΓûêΓûêΓûêΓûêΓûï     | 1400/3000 [38:47<38:04,  1.43s/it]
 47%|ΓûêΓûêΓûêΓûêΓûï     | 1401/3000 [38:49<44:22,  1.67s/it]
 47%|ΓûêΓûêΓûêΓûêΓûï     | 1402/3000 [38:51<47:40,  1.79s/it]
 47%|ΓûêΓûêΓûêΓûêΓûï     | 1403/3000 [38:52<41:05,  1.54s/it]
 47%|ΓûêΓûêΓûêΓûêΓûï     | 1404/3000 [38:54<40:47,  1.53s/it]
 47%|ΓûêΓûêΓûêΓûêΓûï     | 1405/3000 [38:55<41:49,  1.57s/it]
 47%|ΓûêΓûêΓûêΓûêΓûï     | 1406/3000 [38:56<37:41,  1.42s/it]
 47%|ΓûêΓûêΓûêΓûêΓûï     | 1407/3000 [38:57<34:24,  1.30s/it]
 47%|ΓûêΓûêΓûêΓûêΓûï     | 1408/3000 [38:58<32:09,  1.21s/it]
 47%|ΓûêΓûêΓûêΓûêΓûï     | 1409/3000 [39:00<32:04,  1.21s/it]
 47%|ΓûêΓûêΓûêΓûêΓûï     | 1410/3000 [39:01<35:25,  1.34s/it]
 47%|ΓûêΓûêΓûêΓûêΓûï     | 1411/3000 [39:04<45:39,  1.72s/it]
 47%|ΓûêΓûêΓûêΓûêΓûï     | 1412/3000 [39:05<39:22,  1.49s/it]
 47%|ΓûêΓûêΓûêΓûêΓûï     | 1413/3000 [39:06<38:28,  1.45s/it]
 47%|ΓûêΓûêΓûêΓûêΓûï     | 1414/3000 [39:07<33:47,  1.28s/it]
 47%|ΓûêΓûêΓûêΓûêΓûï     | 1415/3000 [39:09<38:06,  1.44s/it]
 47%|ΓûêΓûêΓûêΓûêΓûï     | 1416/3000 [39:10<33:14,  1.26s/it]
 47%|ΓûêΓûêΓûêΓûêΓûï     | 1417/3000 [39:12<37:50,  1.43s/it]
 47%|ΓûêΓûêΓûêΓûêΓûï     | 1418/3000 [39:13<40:30,  1.54s/it]
 47%|ΓûêΓûêΓûêΓûêΓûï     | 1419/3000 [39:15<40:07,  1.52s/it]
 47%|ΓûêΓûêΓûêΓûêΓûï     | 1420/3000 [39:17<45:39,  1.73s/it]
 47%|ΓûêΓûêΓûêΓûêΓûï     | 1421/3000 [39:19<46:55,  1.78s/it]
 47%|ΓûêΓûêΓûêΓûêΓûï     | 1422/3000 [39:21<45:45,  1.74s/it]
 47%|ΓûêΓûêΓûêΓûêΓûï     | 1423/3000 [39:22<45:23,  1.73s/it]
 47%|ΓûêΓûêΓûêΓûêΓûï     | 1424/3000 [39:25<50:21,  1.92s/it]
 48%|ΓûêΓûêΓûêΓûêΓûè     | 1425/3000 [39:26<45:53,  1.75s/it]
 48%|ΓûêΓûêΓûêΓûêΓûè     | 1426/3000 [39:28<47:04,  1.79s/it]
 48%|ΓûêΓûêΓûêΓûêΓûè     | 1427/3000 [39:29<40:56,  1.56s/it]
 48%|ΓûêΓûêΓûêΓûêΓûè     | 1428/3000 [39:31<41:06,  1.57s/it]
 48%|ΓûêΓûêΓûêΓûêΓûè     | 1429/3000 [39:32<39:13,  1.50s/it]
 48%|ΓûêΓûêΓûêΓûêΓûè     | 1430/3000 [39:34<45:03,  1.72s/it]
 48%|ΓûêΓûêΓûêΓûêΓûè     | 1431/3000 [39:35<40:42,  1.56s/it]
 48%|ΓûêΓûêΓûêΓûêΓûè     | 1432/3000 [39:37<43:13,  1.65s/it]
 48%|ΓûêΓûêΓûêΓûêΓûè     | 1433/3000 [39:40<55:34,  2.13s/it]
 48%|ΓûêΓûêΓûêΓûêΓûè     | 1434/3000 [39:42<47:24,  1.82s/it]
 48%|ΓûêΓûêΓûêΓûêΓûè     | 1435/3000 [39:44<50:35,  1.94s/it]
 48%|ΓûêΓûêΓûêΓûêΓûè     | 1436/3000 [39:45<47:12,  1.81s/it]
 48%|ΓûêΓûêΓûêΓûêΓûè     | 1437/3000 [39:47<49:03,  1.88s/it]
 48%|ΓûêΓûêΓûêΓûêΓûè     | 1438/3000 [39:49<45:26,  1.75s/it]
 48%|ΓûêΓûêΓûêΓûêΓûè     | 1439/3000 [39:50<42:31,  1.63s/it]
 48%|ΓûêΓûêΓûêΓûêΓûè     | 1440/3000 [39:51<38:45,  1.49s/it]
 48%|ΓûêΓûêΓûêΓûêΓûè     | 1441/3000 [39:53<38:51,  1.50s/it]
 48%|ΓûêΓûêΓûêΓûêΓûè     | 1442/3000 [39:55<41:01,  1.58s/it]
 48%|ΓûêΓûêΓûêΓûêΓûè     | 1443/3000 [39:56<39:11,  1.51s/it]
 48%|ΓûêΓûêΓûêΓûêΓûè     | 1444/3000 [39:58<44:38,  1.72s/it]
 48%|ΓûêΓûêΓûêΓûêΓûè     | 1445/3000 [40:01<51:11,  1.98s/it]
 48%|ΓûêΓûêΓûêΓûêΓûè     | 1446/3000 [40:02<46:31,  1.80s/it]
 48%|ΓûêΓûêΓûêΓûêΓûè     | 1447/3000 [40:03<40:20,  1.56s/it]
 48%|ΓûêΓûêΓûêΓûêΓûè     | 1448/3000 [40:04<36:13,  1.40s/it]
 48%|ΓûêΓûêΓûêΓûêΓûè     | 1449/3000 [40:06<38:21,  1.48s/it]
 48%|ΓûêΓûêΓûêΓûêΓûè     | 1450/3000 [40:08<44:19,  1.72s/it]
 48%|ΓûêΓûêΓûêΓûêΓûè     | 1451/3000 [40:09<37:25,  1.45s/it]
 48%|ΓûêΓûêΓûêΓûêΓûè     | 1452/3000 [40:10<38:40,  1.50s/it]
 48%|ΓûêΓûêΓûêΓûêΓûè     | 1453/3000 [40:17<1:15:39,  2.93s/it]
 48%|ΓûêΓûêΓûêΓûêΓûè     | 1454/3000 [40:18<1:05:03,  2.53s/it]
 48%|ΓûêΓûêΓûêΓûêΓûè     | 1455/3000 [40:20<1:00:13,  2.34s/it]
 49%|ΓûêΓûêΓûêΓûêΓûè     | 1456/3000 [40:23<1:05:30,  2.55s/it]
 49%|ΓûêΓûêΓûêΓûêΓûè     | 1457/3000 [40:25<57:50,  2.25s/it]  
 49%|ΓûêΓûêΓûêΓûêΓûè     | 1458/3000 [40:26<53:13,  2.07s/it]
 49%|ΓûêΓûêΓûêΓûêΓûè     | 1459/3000 [40:27<44:28,  1.73s/it]
 49%|ΓûêΓûêΓûêΓûêΓûè     | 1460/3000 [40:29<39:38,  1.54s/it]
 49%|ΓûêΓûêΓûêΓûêΓûè     | 1461/3000 [40:30<42:31,  1.66s/it]
 49%|ΓûêΓûêΓûêΓûêΓûè     | 1462/3000 [40:31<37:29,  1.46s/it]
 49%|ΓûêΓûêΓûêΓûêΓûë     | 1463/3000 [40:33<34:44,  1.36s/it]
 49%|ΓûêΓûêΓûêΓûêΓûë     | 1464/3000 [40:34<34:20,  1.34s/it]
 49%|ΓûêΓûêΓûêΓûêΓûë     | 1465/3000 [40:35<31:17,  1.22s/it]
 49%|ΓûêΓûêΓûêΓûêΓûë     | 1466/3000 [40:36<32:50,  1.28s/it]
 49%|ΓûêΓûêΓûêΓûêΓûë     | 1467/3000 [40:38<34:30,  1.35s/it]
 49%|ΓûêΓûêΓûêΓûêΓûë     | 1468/3000 [40:39<32:16,  1.26s/it]
 49%|ΓûêΓûêΓûêΓûêΓûë     | 1469/3000 [40:40<30:58,  1.21s/it]
 49%|ΓûêΓûêΓûêΓûêΓûë     | 1470/3000 [40:41<31:22,  1.23s/it]
 49%|ΓûêΓûêΓûêΓûêΓûë     | 1471/3000 [40:43<33:54,  1.33s/it]
 49%|ΓûêΓûêΓûêΓûêΓûë     | 1472/3000 [40:44<31:54,  1.25s/it]
 49%|ΓûêΓûêΓûêΓûêΓûë     | 1473/3000 [40:45<31:58,  1.26s/it]
 49%|ΓûêΓûêΓûêΓûêΓûë     | 1474/3000 [40:46<32:01,  1.26s/it]
 49%|ΓûêΓûêΓûêΓûêΓûë     | 1475/3000 [40:48<38:41,  1.52s/it]
 49%|ΓûêΓûêΓûêΓûêΓûë     | 1476/3000 [40:51<45:25,  1.79s/it]
 49%|ΓûêΓûêΓûêΓûêΓûë     | 1477/3000 [40:52<41:17,  1.63s/it]
 49%|ΓûêΓûêΓûêΓûêΓûë     | 1478/3000 [40:54<41:38,  1.64s/it]
 49%|ΓûêΓûêΓûêΓûêΓûë     | 1479/3000 [40:55<40:57,  1.62s/it]
 49%|ΓûêΓûêΓûêΓûêΓûë     | 1480/3000 [40:56<34:09,  1.35s/it]
 49%|ΓûêΓûêΓûêΓûêΓûë     | 1481/3000 [40:59<49:40,  1.96s/it]
 49%|ΓûêΓûêΓûêΓûêΓûë     | 1482/3000 [41:00<42:05,  1.66s/it]
 49%|ΓûêΓûêΓûêΓûêΓûë     | 1483/3000 [41:03<46:02,  1.82s/it]
 49%|ΓûêΓûêΓûêΓûêΓûë     | 1484/3000 [41:04<42:06,  1.67s/it]
 50%|ΓûêΓûêΓûêΓûêΓûë     | 1485/3000 [41:05<37:39,  1.49s/it]
 50%|ΓûêΓûêΓûêΓûêΓûë     | 1486/3000 [41:07<43:35,  1.73s/it]
 50%|ΓûêΓûêΓûêΓûêΓûë     | 1487/3000 [41:09<46:52,  1.86s/it]
 50%|ΓûêΓûêΓûêΓûêΓûë     | 1488/3000 [41:11<46:49,  1.86s/it]
 50%|ΓûêΓûêΓûêΓûêΓûë     | 1489/3000 [41:13<47:36,  1.89s/it]
 50%|ΓûêΓûêΓûêΓûêΓûë     | 1490/3000 [41:15<43:04,  1.71s/it]
 50%|ΓûêΓûêΓûêΓûêΓûë     | 1491/3000 [41:16<37:02,  1.47s/it]
 50%|ΓûêΓûêΓûêΓûêΓûë     | 1492/3000 [41:17<34:44,  1.38s/it]
 50%|ΓûêΓûêΓûêΓûêΓûë     | 1493/3000 [41:18<37:01,  1.47s/it]
 50%|ΓûêΓûêΓûêΓûêΓûë     | 1494/3000 [41:22<51:16,  2.04s/it]
 50%|ΓûêΓûêΓûêΓûêΓûë     | 1495/3000 [41:23<45:57,  1.83s/it]
 50%|ΓûêΓûêΓûêΓûêΓûë     | 1496/3000 [41:25<45:56,  1.83s/it]
 50%|ΓûêΓûêΓûêΓûêΓûë     | 1497/3000 [41:28<57:48,  2.31s/it]
 50%|ΓûêΓûêΓûêΓûêΓûë     | 1498/3000 [41:30<54:55,  2.19s/it]
 50%|ΓûêΓûêΓûêΓûêΓûë     | 1499/3000 [41:32<54:28,  2.18s/it]
 50%|ΓûêΓûêΓûêΓûêΓûê     | 1500/3000 [41:35<54:19,  2.17s/it]
 50%|ΓûêΓûêΓûêΓûêΓûê     | 1501/3000 [41:36<50:17,  2.01s/it]
 50%|ΓûêΓûêΓûêΓûêΓûê     | 1502/3000 [41:38<48:40,  1.95s/it]
 50%|ΓûêΓûêΓûêΓûêΓûê     | 1503/3000 [41:40<49:57,  2.00s/it]
 50%|ΓûêΓûêΓûêΓûêΓûê     | 1504/3000 [41:43<55:21,  2.22s/it]
 50%|ΓûêΓûêΓûêΓûêΓûê     | 1505/3000 [41:44<49:20,  1.98s/it]
 50%|ΓûêΓûêΓûêΓûêΓûê     | 1506/3000 [41:46<48:57,  1.97s/it]
 50%|ΓûêΓûêΓûêΓûêΓûê     | 1507/3000 [41:48<48:32,  1.95s/it]
 50%|ΓûêΓûêΓûêΓûêΓûê     | 1508/3000 [41:49<41:59,  1.69s/it]
 50%|ΓûêΓûêΓûêΓûêΓûê     | 1509/3000 [41:51<40:40,  1.64s/it]
 50%|ΓûêΓûêΓûêΓûêΓûê     | 1510/3000 [41:52<36:41,  1.48s/it]
 50%|ΓûêΓûêΓûêΓûêΓûê     | 1511/3000 [41:54<43:59,  1.77s/it]
 50%|ΓûêΓûêΓûêΓûêΓûê     | 1512/3000 [41:57<48:57,  1.97s/it]
 50%|ΓûêΓûêΓûêΓûêΓûê     | 1513/3000 [41:58<40:16,  1.63s/it]
 50%|ΓûêΓûêΓûêΓûêΓûê     | 1514/3000 [41:59<39:10,  1.58s/it]
 50%|ΓûêΓûêΓûêΓûêΓûê     | 1515/3000 [42:00<35:03,  1.42s/it]
 51%|ΓûêΓûêΓûêΓûêΓûê     | 1516/3000 [42:01<31:19,  1.27s/it]
 51%|ΓûêΓûêΓûêΓûêΓûê     | 1517/3000 [42:03<35:18,  1.43s/it]
 51%|ΓûêΓûêΓûêΓûêΓûê     | 1518/3000 [42:04<31:05,  1.26s/it]
 51%|ΓûêΓûêΓûêΓûêΓûê     | 1519/3000 [42:05<28:22,  1.15s/it]
 51%|ΓûêΓûêΓûêΓûêΓûê     | 1520/3000 [42:06<32:21,  1.31s/it]
 51%|ΓûêΓûêΓûêΓûêΓûê     | 1521/3000 [42:07<31:07,  1.26s/it]
 51%|ΓûêΓûêΓûêΓûêΓûê     | 1522/3000 [42:09<32:34,  1.32s/it]
 51%|ΓûêΓûêΓûêΓûêΓûê     | 1523/3000 [42:10<32:31,  1.32s/it]
 51%|ΓûêΓûêΓûêΓûêΓûê     | 1524/3000 [42:14<52:31,  2.13s/it]
 51%|ΓûêΓûêΓûêΓûêΓûê     | 1525/3000 [42:16<48:48,  1.99s/it]
 51%|ΓûêΓûêΓûêΓûêΓûê     | 1526/3000 [42:19<53:55,  2.19s/it]
 51%|ΓûêΓûêΓûêΓûêΓûê     | 1527/3000 [42:19<44:20,  1.81s/it]
 51%|ΓûêΓûêΓûêΓûêΓûê     | 1528/3000 [42:21<40:18,  1.64s/it]
 51%|ΓûêΓûêΓûêΓûêΓûê     | 1529/3000 [42:22<37:26,  1.53s/it]
 51%|ΓûêΓûêΓûêΓûêΓûê     | 1530/3000 [42:23<36:43,  1.50s/it]
 51%|ΓûêΓûêΓûêΓûêΓûê     | 1531/3000 [42:25<36:53,  1.51s/it]
 51%|ΓûêΓûêΓûêΓûêΓûê     | 1532/3000 [42:26<36:13,  1.48s/it]
 51%|ΓûêΓûêΓûêΓûêΓûê     | 1533/3000 [42:28<35:47,  1.46s/it]
 51%|ΓûêΓûêΓûêΓûêΓûê     | 1534/3000 [42:29<36:34,  1.50s/it]
 51%|ΓûêΓûêΓûêΓûêΓûê     | 1535/3000 [42:30<33:12,  1.36s/it]
 51%|ΓûêΓûêΓûêΓûêΓûê     | 1536/3000 [42:32<35:52,  1.47s/it]
 51%|ΓûêΓûêΓûêΓûêΓûê     | 1537/3000 [42:33<32:05,  1.32s/it]
 51%|ΓûêΓûêΓûêΓûêΓûêΓûÅ    | 1538/3000 [42:34<32:15,  1.32s/it]
 51%|ΓûêΓûêΓûêΓûêΓûêΓûÅ    | 1539/3000 [42:36<36:07,  1.48s/it]
 51%|ΓûêΓûêΓûêΓûêΓûêΓûÅ    | 1540/3000 [42:38<36:41,  1.51s/it]
 51%|ΓûêΓûêΓûêΓûêΓûêΓûÅ    | 1541/3000 [42:39<37:16,  1.53s/it]
 51%|ΓûêΓûêΓûêΓûêΓûêΓûÅ    | 1542/3000 [42:41<38:20,  1.58s/it]
 51%|ΓûêΓûêΓûêΓûêΓûêΓûÅ    | 1543/3000 [42:42<35:27,  1.46s/it]
 51%|ΓûêΓûêΓûêΓûêΓûêΓûÅ    | 1544/3000 [42:44<40:29,  1.67s/it]
 52%|ΓûêΓûêΓûêΓûêΓûêΓûÅ    | 1545/3000 [42:51<1:13:00,  3.01s/it]
 52%|ΓûêΓûêΓûêΓûêΓûêΓûÅ    | 1546/3000 [42:52<59:22,  2.45s/it]  
 52%|ΓûêΓûêΓûêΓûêΓûêΓûÅ    | 1547/3000 [42:53<50:17,  2.08s/it]
 52%|ΓûêΓûêΓûêΓûêΓûêΓûÅ    | 1548/3000 [42:54<41:22,  1.71s/it]
 52%|ΓûêΓûêΓûêΓûêΓûêΓûÅ    | 1549/3000 [42:55<36:18,  1.50s/it]
 52%|ΓûêΓûêΓûêΓûêΓûêΓûÅ    | 1550/3000 [42:56<36:52,  1.53s/it]
 52%|ΓûêΓûêΓûêΓûêΓûêΓûÅ    | 1551/3000 [42:58<41:01,  1.70s/it]
 52%|ΓûêΓûêΓûêΓûêΓûêΓûÅ    | 1552/3000 [43:00<38:17,  1.59s/it]
 52%|ΓûêΓûêΓûêΓûêΓûêΓûÅ    | 1553/3000 [43:01<36:02,  1.49s/it]
 52%|ΓûêΓûêΓûêΓûêΓûêΓûÅ    | 1554/3000 [43:04<43:15,  1.79s/it]
 52%|ΓûêΓûêΓûêΓûêΓûêΓûÅ    | 1555/3000 [43:05<43:50,  1.82s/it]
 52%|ΓûêΓûêΓûêΓûêΓûêΓûÅ    | 1556/3000 [43:07<38:48,  1.61s/it]
 52%|ΓûêΓûêΓûêΓûêΓûêΓûÅ    | 1557/3000 [43:08<34:15,  1.42s/it]
 52%|ΓûêΓûêΓûêΓûêΓûêΓûÅ    | 1558/3000 [43:10<41:59,  1.75s/it]
 52%|ΓûêΓûêΓûêΓûêΓûêΓûÅ    | 1559/3000 [43:11<36:37,  1.53s/it]
 52%|ΓûêΓûêΓûêΓûêΓûêΓûÅ    | 1560/3000 [43:12<34:53,  1.45s/it]
 52%|ΓûêΓûêΓûêΓûêΓûêΓûÅ    | 1561/3000 [43:14<33:59,  1.42s/it]
 52%|ΓûêΓûêΓûêΓûêΓûêΓûÅ    | 1562/3000 [43:16<36:57,  1.54s/it]
 52%|ΓûêΓûêΓûêΓûêΓûêΓûÅ    | 1563/3000 [43:18<41:15,  1.72s/it]
 52%|ΓûêΓûêΓûêΓûêΓûêΓûÅ    | 1564/3000 [43:19<37:13,  1.56s/it]
 52%|ΓûêΓûêΓûêΓûêΓûêΓûÅ    | 1565/3000 [43:20<35:50,  1.50s/it]
 52%|ΓûêΓûêΓûêΓûêΓûêΓûÅ    | 1566/3000 [43:21<33:57,  1.42s/it]
 52%|ΓûêΓûêΓûêΓûêΓûêΓûÅ    | 1567/3000 [43:23<35:49,  1.50s/it]
 52%|ΓûêΓûêΓûêΓûêΓûêΓûÅ    | 1568/3000 [43:25<39:52,  1.67s/it]
 52%|ΓûêΓûêΓûêΓûêΓûêΓûÅ    | 1569/3000 [43:28<46:27,  1.95s/it]
 52%|ΓûêΓûêΓûêΓûêΓûêΓûÅ    | 1570/3000 [43:29<43:26,  1.82s/it]
 52%|ΓûêΓûêΓûêΓûêΓûêΓûÅ    | 1571/3000 [43:32<51:15,  2.15s/it]
 52%|ΓûêΓûêΓûêΓûêΓûêΓûÅ    | 1572/3000 [43:34<49:49,  2.09s/it]
 52%|ΓûêΓûêΓûêΓûêΓûêΓûÅ    | 1573/3000 [43:36<45:30,  1.91s/it]
 52%|ΓûêΓûêΓûêΓûêΓûêΓûÅ    | 1574/3000 [43:37<42:54,  1.81s/it]
 52%|ΓûêΓûêΓûêΓûêΓûêΓûÄ    | 1575/3000 [43:38<36:01,  1.52s/it]
 53%|ΓûêΓûêΓûêΓûêΓûêΓûÄ    | 1576/3000 [43:39<34:44,  1.46s/it]
 53%|ΓûêΓûêΓûêΓûêΓûêΓûÄ    | 1577/3000 [43:41<33:56,  1.43s/it]
 53%|ΓûêΓûêΓûêΓûêΓûêΓûÄ    | 1578/3000 [43:42<30:07,  1.27s/it]
 53%|ΓûêΓûêΓûêΓûêΓûêΓûÄ    | 1579/3000 [43:43<29:53,  1.26s/it]
 53%|ΓûêΓûêΓûêΓûêΓûêΓûÄ    | 1580/3000 [43:45<39:18,  1.66s/it]
 53%|ΓûêΓûêΓûêΓûêΓûêΓûÄ    | 1581/3000 [43:47<37:17,  1.58s/it]
 53%|ΓûêΓûêΓûêΓûêΓûêΓûÄ    | 1582/3000 [43:49<38:13,  1.62s/it]
 53%|ΓûêΓûêΓûêΓûêΓûêΓûÄ    | 1583/3000 [43:50<36:10,  1.53s/it]
 53%|ΓûêΓûêΓûêΓûêΓûêΓûÄ    | 1584/3000 [43:51<35:16,  1.49s/it]
 53%|ΓûêΓûêΓûêΓûêΓûêΓûÄ    | 1585/3000 [43:52<31:39,  1.34s/it]
 53%|ΓûêΓûêΓûêΓûêΓûêΓûÄ    | 1586/3000 [43:54<36:59,  1.57s/it]
 53%|ΓûêΓûêΓûêΓûêΓûêΓûÄ    | 1587/3000 [43:57<45:09,  1.92s/it]
 53%|ΓûêΓûêΓûêΓûêΓûêΓûÄ    | 1588/3000 [43:59<41:41,  1.77s/it]
 53%|ΓûêΓûêΓûêΓûêΓûêΓûÄ    | 1589/3000 [44:00<37:27,  1.59s/it]
 53%|ΓûêΓûêΓûêΓûêΓûêΓûÄ    | 1590/3000 [44:01<36:14,  1.54s/it]
 53%|ΓûêΓûêΓûêΓûêΓûêΓûÄ    | 1591/3000 [44:04<43:07,  1.84s/it]
 53%|ΓûêΓûêΓûêΓûêΓûêΓûÄ    | 1592/3000 [44:05<38:31,  1.64s/it]
 53%|ΓûêΓûêΓûêΓûêΓûêΓûÄ    | 1593/3000 [44:06<38:18,  1.63s/it]
 53%|ΓûêΓûêΓûêΓûêΓûêΓûÄ    | 1594/3000 [44:09<42:44,  1.82s/it]
 53%|ΓûêΓûêΓûêΓûêΓûêΓûÄ    | 1595/3000 [44:11<45:52,  1.96s/it]
 53%|ΓûêΓûêΓûêΓûêΓûêΓûÄ    | 1596/3000 [44:12<38:51,  1.66s/it]
 53%|ΓûêΓûêΓûêΓûêΓûêΓûÄ    | 1597/3000 [44:13<33:45,  1.44s/it]
 53%|ΓûêΓûêΓûêΓûêΓûêΓûÄ    | 1598/3000 [44:14<31:11,  1.33s/it]
 53%|ΓûêΓûêΓûêΓûêΓûêΓûÄ    | 1599/3000 [44:15<30:05,  1.29s/it]
 53%|ΓûêΓûêΓûêΓûêΓûêΓûÄ    | 1600/3000 [44:16<27:27,  1.18s/it]
 53%|ΓûêΓûêΓûêΓûêΓûêΓûÄ    | 1601/3000 [44:18<33:12,  1.42s/it]
 53%|ΓûêΓûêΓûêΓûêΓûêΓûÄ    | 1602/3000 [44:20<34:49,  1.49s/it]
 53%|ΓûêΓûêΓûêΓûêΓûêΓûÄ    | 1603/3000 [44:22<42:24,  1.82s/it]
 53%|ΓûêΓûêΓûêΓûêΓûêΓûÄ    | 1604/3000 [44:23<36:58,  1.59s/it]
 54%|ΓûêΓûêΓûêΓûêΓûêΓûÄ    | 1605/3000 [44:25<39:53,  1.72s/it]
 54%|ΓûêΓûêΓûêΓûêΓûêΓûÄ    | 1606/3000 [44:27<39:33,  1.70s/it]
 54%|ΓûêΓûêΓûêΓûêΓûêΓûÄ    | 1607/3000 [44:28<35:18,  1.52s/it]
 54%|ΓûêΓûêΓûêΓûêΓûêΓûÄ    | 1608/3000 [44:29<31:13,  1.35s/it]
 54%|ΓûêΓûêΓûêΓûêΓûêΓûÄ    | 1609/3000 [44:30<29:42,  1.28s/it]
 54%|ΓûêΓûêΓûêΓûêΓûêΓûÄ    | 1610/3000 [44:31<27:17,  1.18s/it]
 54%|ΓûêΓûêΓûêΓûêΓûêΓûÄ    | 1611/3000 [44:33<28:59,  1.25s/it]
 54%|ΓûêΓûêΓûêΓûêΓûêΓûÄ    | 1612/3000 [44:34<31:42,  1.37s/it]
 54%|ΓûêΓûêΓûêΓûêΓûêΓûì    | 1613/3000 [44:36<31:58,  1.38s/it]
 54%|ΓûêΓûêΓûêΓûêΓûêΓûì    | 1614/3000 [44:37<31:22,  1.36s/it]
 54%|ΓûêΓûêΓûêΓûêΓûêΓûì    | 1615/3000 [44:39<35:15,  1.53s/it]
 54%|ΓûêΓûêΓûêΓûêΓûêΓûì    | 1616/3000 [44:40<33:12,  1.44s/it]
 54%|ΓûêΓûêΓûêΓûêΓûêΓûì    | 1617/3000 [44:41<31:52,  1.38s/it]
 54%|ΓûêΓûêΓûêΓûêΓûêΓûì    | 1618/3000 [44:43<32:20,  1.40s/it]
 54%|ΓûêΓûêΓûêΓûêΓûêΓûì    | 1619/3000 [44:44<30:11,  1.31s/it]
 54%|ΓûêΓûêΓûêΓûêΓûêΓûì    | 1620/3000 [44:46<32:28,  1.41s/it]
 54%|ΓûêΓûêΓûêΓûêΓûêΓûì    | 1621/3000 [44:48<39:12,  1.71s/it]
 54%|ΓûêΓûêΓûêΓûêΓûêΓûì    | 1622/3000 [44:50<42:29,  1.85s/it]
 54%|ΓûêΓûêΓûêΓûêΓûêΓûì    | 1623/3000 [44:51<36:03,  1.57s/it]
 54%|ΓûêΓûêΓûêΓûêΓûêΓûì    | 1624/3000 [44:53<38:36,  1.68s/it]
 54%|ΓûêΓûêΓûêΓûêΓûêΓûì    | 1625/3000 [44:54<37:02,  1.62s/it]
 54%|ΓûêΓûêΓûêΓûêΓûêΓûì    | 1626/3000 [44:56<37:35,  1.64s/it]
 54%|ΓûêΓûêΓûêΓûêΓûêΓûì    | 1627/3000 [44:58<38:01,  1.66s/it]
 54%|ΓûêΓûêΓûêΓûêΓûêΓûì    | 1628/3000 [44:59<35:30,  1.55s/it]
 54%|ΓûêΓûêΓûêΓûêΓûêΓûì    | 1629/3000 [45:01<34:59,  1.53s/it]
 54%|ΓûêΓûêΓûêΓûêΓûêΓûì    | 1630/3000 [45:04<44:15,  1.94s/it]
 54%|ΓûêΓûêΓûêΓûêΓûêΓûì    | 1631/3000 [45:07<53:18,  2.34s/it]
 54%|ΓûêΓûêΓûêΓûêΓûêΓûì    | 1632/3000 [45:10<57:31,  2.52s/it]
 54%|ΓûêΓûêΓûêΓûêΓûêΓûì    | 1633/3000 [45:13<1:00:18,  2.65s/it]
 54%|ΓûêΓûêΓûêΓûêΓûêΓûì    | 1634/3000 [45:14<53:21,  2.34s/it]  
 55%|ΓûêΓûêΓûêΓûêΓûêΓûì    | 1635/3000 [45:16<46:58,  2.06s/it]
 55%|ΓûêΓûêΓûêΓûêΓûêΓûì    | 1636/3000 [45:17<42:41,  1.88s/it]
 55%|ΓûêΓûêΓûêΓûêΓûêΓûì    | 1637/3000 [45:19<42:10,  1.86s/it]
 55%|ΓûêΓûêΓûêΓûêΓûêΓûì    | 1638/3000 [45:21<40:24,  1.78s/it]
 55%|ΓûêΓûêΓûêΓûêΓûêΓûì    | 1639/3000 [45:22<36:38,  1.62s/it]
 55%|ΓûêΓûêΓûêΓûêΓûêΓûì    | 1640/3000 [45:23<35:59,  1.59s/it]
 55%|ΓûêΓûêΓûêΓûêΓûêΓûì    | 1641/3000 [45:25<35:20,  1.56s/it]
 55%|ΓûêΓûêΓûêΓûêΓûêΓûì    | 1642/3000 [45:26<34:08,  1.51s/it]
 55%|ΓûêΓûêΓûêΓûêΓûêΓûì    | 1643/3000 [45:27<32:07,  1.42s/it]
 55%|ΓûêΓûêΓûêΓûêΓûêΓûì    | 1644/3000 [45:30<36:34,  1.62s/it]
 55%|ΓûêΓûêΓûêΓûêΓûêΓûì    | 1645/3000 [45:31<33:00,  1.46s/it]
 55%|ΓûêΓûêΓûêΓûêΓûêΓûì    | 1646/3000 [45:32<30:19,  1.34s/it]
 55%|ΓûêΓûêΓûêΓûêΓûêΓûì    | 1647/3000 [45:33<32:43,  1.45s/it]
 55%|ΓûêΓûêΓûêΓûêΓûêΓûì    | 1648/3000 [45:35<31:05,  1.38s/it]
 55%|ΓûêΓûêΓûêΓûêΓûêΓûì    | 1649/3000 [45:36<31:48,  1.41s/it]
 55%|ΓûêΓûêΓûêΓûêΓûêΓûî    | 1650/3000 [45:39<38:33,  1.71s/it]
 55%|ΓûêΓûêΓûêΓûêΓûêΓûî    | 1651/3000 [45:40<37:30,  1.67s/it]
 55%|ΓûêΓûêΓûêΓûêΓûêΓûî    | 1652/3000 [45:43<43:42,  1.95s/it]
 55%|ΓûêΓûêΓûêΓûêΓûêΓûî    | 1653/3000 [45:44<38:18,  1.71s/it]
 55%|ΓûêΓûêΓûêΓûêΓûêΓûî    | 1654/3000 [45:47<47:29,  2.12s/it]
 55%|ΓûêΓûêΓûêΓûêΓûêΓûî    | 1655/3000 [45:48<43:24,  1.94s/it]
 55%|ΓûêΓûêΓûêΓûêΓûêΓûî    | 1656/3000 [45:49<37:00,  1.65s/it]
 55%|ΓûêΓûêΓûêΓûêΓûêΓûî    | 1657/3000 [45:51<33:11,  1.48s/it]
 55%|ΓûêΓûêΓûêΓûêΓûêΓûî    | 1658/3000 [45:52<33:44,  1.51s/it]
 55%|ΓûêΓûêΓûêΓûêΓûêΓûî    | 1659/3000 [45:54<34:01,  1.52s/it]
 55%|ΓûêΓûêΓûêΓûêΓûêΓûî    | 1660/3000 [45:55<30:18,  1.36s/it]
 55%|ΓûêΓûêΓûêΓûêΓûêΓûî    | 1661/3000 [45:56<30:16,  1.36s/it]
 55%|ΓûêΓûêΓûêΓûêΓûêΓûî    | 1662/3000 [45:57<29:25,  1.32s/it]
 55%|ΓûêΓûêΓûêΓûêΓûêΓûî    | 1663/3000 [45:59<32:32,  1.46s/it]
 55%|ΓûêΓûêΓûêΓûêΓûêΓûî    | 1664/3000 [46:00<29:40,  1.33s/it]
 56%|ΓûêΓûêΓûêΓûêΓûêΓûî    | 1665/3000 [46:02<32:12,  1.45s/it]
 56%|ΓûêΓûêΓûêΓûêΓûêΓûî    | 1666/3000 [46:03<33:01,  1.49s/it]
 56%|ΓûêΓûêΓûêΓûêΓûêΓûî    | 1667/3000 [46:05<36:40,  1.65s/it]
 56%|ΓûêΓûêΓûêΓûêΓûêΓûî    | 1668/3000 [46:07<35:12,  1.59s/it]
 56%|ΓûêΓûêΓûêΓûêΓûêΓûî    | 1669/3000 [46:08<32:43,  1.48s/it]
 56%|ΓûêΓûêΓûêΓûêΓûêΓûî    | 1670/3000 [46:11<41:39,  1.88s/it]
 56%|ΓûêΓûêΓûêΓûêΓûêΓûî    | 1671/3000 [46:13<41:47,  1.89s/it]
 56%|ΓûêΓûêΓûêΓûêΓûêΓûî    | 1672/3000 [46:14<34:23,  1.55s/it]
 56%|ΓûêΓûêΓûêΓûêΓûêΓûî    | 1673/3000 [46:14<29:02,  1.31s/it]
 56%|ΓûêΓûêΓûêΓûêΓûêΓûî    | 1674/3000 [46:15<26:16,  1.19s/it]
 56%|ΓûêΓûêΓûêΓûêΓûêΓûî    | 1675/3000 [46:18<35:56,  1.63s/it]
 56%|ΓûêΓûêΓûêΓûêΓûêΓûî    | 1676/3000 [46:20<38:41,  1.75s/it]
 56%|ΓûêΓûêΓûêΓûêΓûêΓûî    | 1677/3000 [46:22<42:47,  1.94s/it]
 56%|ΓûêΓûêΓûêΓûêΓûêΓûî    | 1678/3000 [46:23<36:30,  1.66s/it]
 56%|ΓûêΓûêΓûêΓûêΓûêΓûî    | 1679/3000 [46:25<34:13,  1.55s/it]
 56%|ΓûêΓûêΓûêΓûêΓûêΓûî    | 1680/3000 [46:27<37:36,  1.71s/it]
 56%|ΓûêΓûêΓûêΓûêΓûêΓûî    | 1681/3000 [46:29<39:48,  1.81s/it]
 56%|ΓûêΓûêΓûêΓûêΓûêΓûî    | 1682/3000 [46:30<36:05,  1.64s/it]
 56%|ΓûêΓûêΓûêΓûêΓûêΓûî    | 1683/3000 [46:31<31:54,  1.45s/it]
 56%|ΓûêΓûêΓûêΓûêΓûêΓûî    | 1684/3000 [46:32<28:28,  1.30s/it]
 56%|ΓûêΓûêΓûêΓûêΓûêΓûî    | 1685/3000 [46:35<39:31,  1.80s/it]
 56%|ΓûêΓûêΓûêΓûêΓûêΓûî    | 1686/3000 [46:38<50:25,  2.30s/it]
 56%|ΓûêΓûêΓûêΓûêΓûêΓûî    | 1687/3000 [46:39<42:44,  1.95s/it]
 56%|ΓûêΓûêΓûêΓûêΓûêΓûï    | 1688/3000 [46:41<39:39,  1.81s/it]
 56%|ΓûêΓûêΓûêΓûêΓûêΓûï    | 1689/3000 [46:43<41:49,  1.91s/it]
 56%|ΓûêΓûêΓûêΓûêΓûêΓûï    | 1690/3000 [46:44<36:24,  1.67s/it]
 56%|ΓûêΓûêΓûêΓûêΓûêΓûï    | 1691/3000 [46:47<44:16,  2.03s/it]
 56%|ΓûêΓûêΓûêΓûêΓûêΓûï    | 1692/3000 [46:48<37:37,  1.73s/it]
 56%|ΓûêΓûêΓûêΓûêΓûêΓûï    | 1693/3000 [46:50<37:08,  1.71s/it]
 56%|ΓûêΓûêΓûêΓûêΓûêΓûï    | 1694/3000 [46:51<36:54,  1.70s/it]
 56%|ΓûêΓûêΓûêΓûêΓûêΓûï    | 1695/3000 [46:53<35:36,  1.64s/it]
 57%|ΓûêΓûêΓûêΓûêΓûêΓûï    | 1696/3000 [46:58<55:32,  2.56s/it]
 57%|ΓûêΓûêΓûêΓûêΓûêΓûï    | 1697/3000 [46:59<45:38,  2.10s/it]
 57%|ΓûêΓûêΓûêΓûêΓûêΓûï    | 1698/3000 [47:01<47:30,  2.19s/it]
 57%|ΓûêΓûêΓûêΓûêΓûêΓûï    | 1699/3000 [47:03<47:23,  2.19s/it]
 57%|ΓûêΓûêΓûêΓûêΓûêΓûï    | 1700/3000 [47:05<44:52,  2.07s/it]
 57%|ΓûêΓûêΓûêΓûêΓûêΓûï    | 1701/3000 [47:06<38:08,  1.76s/it]
 57%|ΓûêΓûêΓûêΓûêΓûêΓûï    | 1702/3000 [47:07<35:36,  1.65s/it]
 57%|ΓûêΓûêΓûêΓûêΓûêΓûï    | 1703/3000 [47:09<32:50,  1.52s/it]
 57%|ΓûêΓûêΓûêΓûêΓûêΓûï    | 1704/3000 [47:11<35:12,  1.63s/it]
 57%|ΓûêΓûêΓûêΓûêΓûêΓûï    | 1705/3000 [47:12<35:07,  1.63s/it]
 57%|ΓûêΓûêΓûêΓûêΓûêΓûï    | 1706/3000 [47:13<30:14,  1.40s/it]
 57%|ΓûêΓûêΓûêΓûêΓûêΓûï    | 1707/3000 [47:14<29:23,  1.36s/it]
 57%|ΓûêΓûêΓûêΓûêΓûêΓûï    | 1708/3000 [47:16<31:33,  1.47s/it]
 57%|ΓûêΓûêΓûêΓûêΓûêΓûï    | 1709/3000 [47:18<35:28,  1.65s/it]
 57%|ΓûêΓûêΓûêΓûêΓûêΓûï    | 1710/3000 [47:19<31:08,  1.45s/it]
 57%|ΓûêΓûêΓûêΓûêΓûêΓûï    | 1711/3000 [47:20<29:10,  1.36s/it]
 57%|ΓûêΓûêΓûêΓûêΓûêΓûï    | 1712/3000 [47:22<30:59,  1.44s/it]
 57%|ΓûêΓûêΓûêΓûêΓûêΓûï    | 1713/3000 [47:24<34:59,  1.63s/it]
 57%|ΓûêΓûêΓûêΓûêΓûêΓûï    | 1714/3000 [47:27<42:49,  2.00s/it]
 57%|ΓûêΓûêΓûêΓûêΓûêΓûï    | 1715/3000 [47:29<42:32,  1.99s/it]
 57%|ΓûêΓûêΓûêΓûêΓûêΓûï    | 1716/3000 [47:32<47:46,  2.23s/it]
 57%|ΓûêΓûêΓûêΓûêΓûêΓûï    | 1717/3000 [47:33<44:09,  2.07s/it]
 57%|ΓûêΓûêΓûêΓûêΓûêΓûï    | 1718/3000 [47:35<39:34,  1.85s/it]
 57%|ΓûêΓûêΓûêΓûêΓûêΓûï    | 1719/3000 [47:36<35:35,  1.67s/it]
 57%|ΓûêΓûêΓûêΓûêΓûêΓûï    | 1720/3000 [47:37<31:30,  1.48s/it]
 57%|ΓûêΓûêΓûêΓûêΓûêΓûï    | 1721/3000 [47:38<29:25,  1.38s/it]
 57%|ΓûêΓûêΓûêΓûêΓûêΓûï    | 1722/3000 [47:39<28:18,  1.33s/it]
 57%|ΓûêΓûêΓûêΓûêΓûêΓûï    | 1723/3000 [47:41<28:25,  1.34s/it]
 57%|ΓûêΓûêΓûêΓûêΓûêΓûï    | 1724/3000 [47:41<25:28,  1.20s/it]
 57%|ΓûêΓûêΓûêΓûêΓûêΓûè    | 1725/3000 [47:43<27:23,  1.29s/it]
 58%|ΓûêΓûêΓûêΓûêΓûêΓûè    | 1726/3000 [47:45<30:50,  1.45s/it]
 58%|ΓûêΓûêΓûêΓûêΓûêΓûè    | 1727/3000 [47:46<28:30,  1.34s/it]
 58%|ΓûêΓûêΓûêΓûêΓûêΓûè    | 1728/3000 [47:47<25:53,  1.22s/it]
 58%|ΓûêΓûêΓûêΓûêΓûêΓûè    | 1729/3000 [47:48<26:02,  1.23s/it]
 58%|ΓûêΓûêΓûêΓûêΓûêΓûè    | 1730/3000 [47:51<34:38,  1.64s/it]
 58%|ΓûêΓûêΓûêΓûêΓûêΓûè    | 1731/3000 [47:52<31:11,  1.47s/it]
 58%|ΓûêΓûêΓûêΓûêΓûêΓûè    | 1732/3000 [47:54<33:03,  1.56s/it]
 58%|ΓûêΓûêΓûêΓûêΓûêΓûè    | 1733/3000 [47:54<29:02,  1.38s/it]
 58%|ΓûêΓûêΓûêΓûêΓûêΓûè    | 1734/3000 [47:55<24:53,  1.18s/it]
 58%|ΓûêΓûêΓûêΓûêΓûêΓûè    | 1735/3000 [47:57<31:50,  1.51s/it]
 58%|ΓûêΓûêΓûêΓûêΓûêΓûè    | 1736/3000 [47:59<32:17,  1.53s/it]
 58%|ΓûêΓûêΓûêΓûêΓûêΓûè    | 1737/3000 [48:00<27:14,  1.29s/it]
 58%|ΓûêΓûêΓûêΓûêΓûêΓûè    | 1738/3000 [48:01<28:16,  1.34s/it]
 58%|ΓûêΓûêΓûêΓûêΓûêΓûè    | 1739/3000 [48:03<32:26,  1.54s/it]
 58%|ΓûêΓûêΓûêΓûêΓûêΓûè    | 1740/3000 [48:05<32:53,  1.57s/it]
 58%|ΓûêΓûêΓûêΓûêΓûêΓûè    | 1741/3000 [48:07<33:56,  1.62s/it]
 58%|ΓûêΓûêΓûêΓûêΓûêΓûè    | 1742/3000 [48:08<30:01,  1.43s/it]
 58%|ΓûêΓûêΓûêΓûêΓûêΓûè    | 1743/3000 [48:09<30:42,  1.47s/it]
 58%|ΓûêΓûêΓûêΓûêΓûêΓûè    | 1744/3000 [48:11<30:52,  1.48s/it]
 58%|ΓûêΓûêΓûêΓûêΓûêΓûè    | 1745/3000 [48:11<26:16,  1.26s/it]
 58%|ΓûêΓûêΓûêΓûêΓûêΓûè    | 1746/3000 [48:15<42:33,  2.04s/it]
 58%|ΓûêΓûêΓûêΓûêΓûêΓûè    | 1747/3000 [48:17<39:22,  1.89s/it]
 58%|ΓûêΓûêΓûêΓûêΓûêΓûè    | 1748/3000 [48:18<35:21,  1.69s/it]
 58%|ΓûêΓûêΓûêΓûêΓûêΓûè    | 1749/3000 [48:20<34:52,  1.67s/it]
 58%|ΓûêΓûêΓûêΓûêΓûêΓûè    | 1750/3000 [48:22<40:33,  1.95s/it]
 58%|ΓûêΓûêΓûêΓûêΓûêΓûè    | 1751/3000 [48:24<39:19,  1.89s/it]
 58%|ΓûêΓûêΓûêΓûêΓûêΓûè    | 1752/3000 [48:25<33:35,  1.61s/it]
 58%|ΓûêΓûêΓûêΓûêΓûêΓûè    | 1753/3000 [48:26<30:58,  1.49s/it]
 58%|ΓûêΓûêΓûêΓûêΓûêΓûè    | 1754/3000 [48:28<33:47,  1.63s/it]
 58%|ΓûêΓûêΓûêΓûêΓûêΓûè    | 1755/3000 [48:30<35:21,  1.70s/it]
 59%|ΓûêΓûêΓûêΓûêΓûêΓûè    | 1756/3000 [48:32<34:55,  1.68s/it]
 59%|ΓûêΓûêΓûêΓûêΓûêΓûè    | 1757/3000 [48:33<35:07,  1.70s/it]
 59%|ΓûêΓûêΓûêΓûêΓûêΓûè    | 1758/3000 [48:36<38:33,  1.86s/it]
 59%|ΓûêΓûêΓûêΓûêΓûêΓûè    | 1759/3000 [48:37<37:34,  1.82s/it]
 59%|ΓûêΓûêΓûêΓûêΓûêΓûè    | 1760/3000 [48:40<42:57,  2.08s/it]
 59%|ΓûêΓûêΓûêΓûêΓûêΓûè    | 1761/3000 [48:41<36:47,  1.78s/it]
 59%|ΓûêΓûêΓûêΓûêΓûêΓûè    | 1762/3000 [48:43<38:43,  1.88s/it]
 59%|ΓûêΓûêΓûêΓûêΓûêΓûë    | 1763/3000 [48:47<50:53,  2.47s/it]
 59%|ΓûêΓûêΓûêΓûêΓûêΓûë    | 1764/3000 [48:49<48:46,  2.37s/it]
 59%|ΓûêΓûêΓûêΓûêΓûêΓûë    | 1765/3000 [48:50<39:36,  1.92s/it]
 59%|ΓûêΓûêΓûêΓûêΓûêΓûë    | 1766/3000 [48:52<41:30,  2.02s/it]
 59%|ΓûêΓûêΓûêΓûêΓûêΓûë    | 1767/3000 [48:54<36:47,  1.79s/it]
 59%|ΓûêΓûêΓûêΓûêΓûêΓûë    | 1768/3000 [48:55<33:38,  1.64s/it]
 59%|ΓûêΓûêΓûêΓûêΓûêΓûë    | 1769/3000 [48:56<31:06,  1.52s/it]
 59%|ΓûêΓûêΓûêΓûêΓûêΓûë    | 1770/3000 [48:58<33:16,  1.62s/it]
 59%|ΓûêΓûêΓûêΓûêΓûêΓûë    | 1771/3000 [49:00<35:46,  1.75s/it]
 59%|ΓûêΓûêΓûêΓûêΓûêΓûë    | 1772/3000 [49:05<56:17,  2.75s/it]
 59%|ΓûêΓûêΓûêΓûêΓûêΓûë    | 1773/3000 [49:08<55:54,  2.73s/it]
 59%|ΓûêΓûêΓûêΓûêΓûêΓûë    | 1774/3000 [49:09<47:54,  2.34s/it]
 59%|ΓûêΓûêΓûêΓûêΓûêΓûë    | 1775/3000 [49:11<41:53,  2.05s/it]
 59%|ΓûêΓûêΓûêΓûêΓûêΓûë    | 1776/3000 [49:12<38:41,  1.90s/it]
 59%|ΓûêΓûêΓûêΓûêΓûêΓûë    | 1777/3000 [49:14<38:40,  1.90s/it]
 59%|ΓûêΓûêΓûêΓûêΓûêΓûë    | 1778/3000 [49:15<35:52,  1.76s/it]
 59%|ΓûêΓûêΓûêΓûêΓûêΓûë    | 1779/3000 [49:17<31:32,  1.55s/it]
 59%|ΓûêΓûêΓûêΓûêΓûêΓûë    | 1780/3000 [49:18<32:59,  1.62s/it]
 59%|ΓûêΓûêΓûêΓûêΓûêΓûë    | 1781/3000 [49:19<30:15,  1.49s/it]
 59%|ΓûêΓûêΓûêΓûêΓûêΓûë    | 1782/3000 [49:22<38:52,  1.92s/it]
 59%|ΓûêΓûêΓûêΓûêΓûêΓûë    | 1783/3000 [49:23<32:29,  1.60s/it]
 59%|ΓûêΓûêΓûêΓûêΓûêΓûë    | 1784/3000 [49:26<41:38,  2.05s/it]
 60%|ΓûêΓûêΓûêΓûêΓûêΓûë    | 1785/3000 [49:29<42:10,  2.08s/it]
 60%|ΓûêΓûêΓûêΓûêΓûêΓûë    | 1786/3000 [49:30<36:03,  1.78s/it]
 60%|ΓûêΓûêΓûêΓûêΓûêΓûë    | 1787/3000 [49:32<40:38,  2.01s/it]
 60%|ΓûêΓûêΓûêΓûêΓûêΓûë    | 1788/3000 [49:33<34:42,  1.72s/it]
 60%|ΓûêΓûêΓûêΓûêΓûêΓûë    | 1789/3000 [49:35<32:22,  1.60s/it]
 60%|ΓûêΓûêΓûêΓûêΓûêΓûë    | 1790/3000 [49:36<30:24,  1.51s/it]
 60%|ΓûêΓûêΓûêΓûêΓûêΓûë    | 1791/3000 [49:37<27:38,  1.37s/it]
 60%|ΓûêΓûêΓûêΓûêΓûêΓûë    | 1792/3000 [49:38<24:16,  1.21s/it]
 60%|ΓûêΓûêΓûêΓûêΓûêΓûë    | 1793/3000 [49:39<24:08,  1.20s/it]
 60%|ΓûêΓûêΓûêΓûêΓûêΓûë    | 1794/3000 [49:41<29:47,  1.48s/it]
 60%|ΓûêΓûêΓûêΓûêΓûêΓûë    | 1795/3000 [49:44<38:00,  1.89s/it]
 60%|ΓûêΓûêΓûêΓûêΓûêΓûë    | 1796/3000 [49:45<36:31,  1.82s/it]
 60%|ΓûêΓûêΓûêΓûêΓûêΓûë    | 1797/3000 [49:47<33:06,  1.65s/it]
 60%|ΓûêΓûêΓûêΓûêΓûêΓûë    | 1798/3000 [49:49<35:48,  1.79s/it]
 60%|ΓûêΓûêΓûêΓûêΓûêΓûë    | 1799/3000 [49:51<38:28,  1.92s/it]
 60%|ΓûêΓûêΓûêΓûêΓûêΓûê    | 1800/3000 [49:52<35:00,  1.75s/it]
 60%|ΓûêΓûêΓûêΓûêΓûêΓûê    | 1801/3000 [49:54<35:35,  1.78s/it]
 60%|ΓûêΓûêΓûêΓûêΓûêΓûê    | 1802/3000 [49:56<32:41,  1.64s/it]
 60%|ΓûêΓûêΓûêΓûêΓûêΓûê    | 1803/3000 [49:57<30:02,  1.51s/it]
 60%|ΓûêΓûêΓûêΓûêΓûêΓûê    | 1804/3000 [49:59<37:08,  1.86s/it]
 60%|ΓûêΓûêΓûêΓûêΓûêΓûê    | 1805/3000 [50:00<31:14,  1.57s/it]
 60%|ΓûêΓûêΓûêΓûêΓûêΓûê    | 1806/3000 [50:01<27:17,  1.37s/it]
 60%|ΓûêΓûêΓûêΓûêΓûêΓûê    | 1807/3000 [50:03<31:33,  1.59s/it]
 60%|ΓûêΓûêΓûêΓûêΓûêΓûê    | 1808/3000 [50:04<28:31,  1.44s/it]
 60%|ΓûêΓûêΓûêΓûêΓûêΓûê    | 1809/3000 [50:07<32:57,  1.66s/it]
 60%|ΓûêΓûêΓûêΓûêΓûêΓûê    | 1810/3000 [50:08<32:45,  1.65s/it]
 60%|ΓûêΓûêΓûêΓûêΓûêΓûê    | 1811/3000 [50:10<31:05,  1.57s/it]
 60%|ΓûêΓûêΓûêΓûêΓûêΓûê    | 1812/3000 [50:11<30:50,  1.56s/it]
 60%|ΓûêΓûêΓûêΓûêΓûêΓûê    | 1813/3000 [50:13<33:32,  1.70s/it]
 60%|ΓûêΓûêΓûêΓûêΓûêΓûê    | 1814/3000 [50:15<32:09,  1.63s/it]
 60%|ΓûêΓûêΓûêΓûêΓûêΓûê    | 1815/3000 [50:16<31:13,  1.58s/it]
 61%|ΓûêΓûêΓûêΓûêΓûêΓûê    | 1816/3000 [50:19<35:55,  1.82s/it]
 61%|ΓûêΓûêΓûêΓûêΓûêΓûê    | 1817/3000 [50:20<31:55,  1.62s/it]
 61%|ΓûêΓûêΓûêΓûêΓûêΓûê    | 1818/3000 [50:21<30:16,  1.54s/it]
 61%|ΓûêΓûêΓûêΓûêΓûêΓûê    | 1819/3000 [50:22<27:29,  1.40s/it]
 61%|ΓûêΓûêΓûêΓûêΓûêΓûê    | 1820/3000 [50:24<31:09,  1.58s/it]
 61%|ΓûêΓûêΓûêΓûêΓûêΓûê    | 1821/3000 [50:27<36:42,  1.87s/it]
 61%|ΓûêΓûêΓûêΓûêΓûêΓûê    | 1822/3000 [50:33<1:00:55,  3.10s/it]
 61%|ΓûêΓûêΓûêΓûêΓûêΓûê    | 1823/3000 [50:33<47:26,  2.42s/it]  
 61%|ΓûêΓûêΓûêΓûêΓûêΓûê    | 1824/3000 [50:35<41:41,  2.13s/it]
 61%|ΓûêΓûêΓûêΓûêΓûêΓûê    | 1825/3000 [50:37<44:14,  2.26s/it]
 61%|ΓûêΓûêΓûêΓûêΓûêΓûê    | 1826/3000 [50:40<44:15,  2.26s/it]
 61%|ΓûêΓûêΓûêΓûêΓûêΓûê    | 1827/3000 [50:41<36:37,  1.87s/it]
 61%|ΓûêΓûêΓûêΓûêΓûêΓûê    | 1828/3000 [50:42<32:04,  1.64s/it]
 61%|ΓûêΓûêΓûêΓûêΓûêΓûê    | 1829/3000 [50:43<28:25,  1.46s/it]
 61%|ΓûêΓûêΓûêΓûêΓûêΓûê    | 1830/3000 [50:44<28:16,  1.45s/it]
 61%|ΓûêΓûêΓûêΓûêΓûêΓûê    | 1831/3000 [50:46<28:55,  1.48s/it]
 61%|ΓûêΓûêΓûêΓûêΓûêΓûê    | 1832/3000 [50:48<32:51,  1.69s/it]
 61%|ΓûêΓûêΓûêΓûêΓûêΓûê    | 1833/3000 [50:49<30:36,  1.57s/it]
 61%|ΓûêΓûêΓûêΓûêΓûêΓûê    | 1834/3000 [50:51<30:55,  1.59s/it]
 61%|ΓûêΓûêΓûêΓûêΓûêΓûê    | 1835/3000 [50:53<32:18,  1.66s/it]
 61%|ΓûêΓûêΓûêΓûêΓûêΓûê    | 1836/3000 [50:54<32:25,  1.67s/it]
 61%|ΓûêΓûêΓûêΓûêΓûêΓûê    | 1837/3000 [50:56<30:27,  1.57s/it]
 61%|ΓûêΓûêΓûêΓûêΓûêΓûêΓûÅ   | 1838/3000 [50:57<29:58,  1.55s/it]
 61%|ΓûêΓûêΓûêΓûêΓûêΓûêΓûÅ   | 1839/3000 [50:58<25:34,  1.32s/it]
 61%|ΓûêΓûêΓûêΓûêΓûêΓûêΓûÅ   | 1840/3000 [51:01<33:42,  1.74s/it]
 61%|ΓûêΓûêΓûêΓûêΓûêΓûêΓûÅ   | 1841/3000 [51:03<35:17,  1.83s/it]
 61%|ΓûêΓûêΓûêΓûêΓûêΓûêΓûÅ   | 1842/3000 [51:04<30:36,  1.59s/it]
 61%|ΓûêΓûêΓûêΓûêΓûêΓûêΓûÅ   | 1843/3000 [51:05<26:43,  1.39s/it]
 61%|ΓûêΓûêΓûêΓûêΓûêΓûêΓûÅ   | 1844/3000 [51:06<24:45,  1.28s/it]
 62%|ΓûêΓûêΓûêΓûêΓûêΓûêΓûÅ   | 1845/3000 [51:07<26:33,  1.38s/it]
 62%|ΓûêΓûêΓûêΓûêΓûêΓûêΓûÅ   | 1846/3000 [51:08<24:39,  1.28s/it]
 62%|ΓûêΓûêΓûêΓûêΓûêΓûêΓûÅ   | 1847/3000 [51:10<27:12,  1.42s/it]
 62%|ΓûêΓûêΓûêΓûêΓûêΓûêΓûÅ   | 1848/3000 [51:11<25:55,  1.35s/it]
 62%|ΓûêΓûêΓûêΓûêΓûêΓûêΓûÅ   | 1849/3000 [51:13<26:50,  1.40s/it]
 62%|ΓûêΓûêΓûêΓûêΓûêΓûêΓûÅ   | 1850/3000 [51:14<25:53,  1.35s/it]
 62%|ΓûêΓûêΓûêΓûêΓûêΓûêΓûÅ   | 1851/3000 [51:16<26:06,  1.36s/it]
 62%|ΓûêΓûêΓûêΓûêΓûêΓûêΓûÅ   | 1852/3000 [51:17<28:39,  1.50s/it]
 62%|ΓûêΓûêΓûêΓûêΓûêΓûêΓûÅ   | 1853/3000 [51:19<29:43,  1.55s/it]
 62%|ΓûêΓûêΓûêΓûêΓûêΓûêΓûÅ   | 1854/3000 [51:20<27:48,  1.46s/it]
 62%|ΓûêΓûêΓûêΓûêΓûêΓûêΓûÅ   | 1855/3000 [51:22<28:02,  1.47s/it]
 62%|ΓûêΓûêΓûêΓûêΓûêΓûêΓûÅ   | 1856/3000 [51:23<26:18,  1.38s/it]
 62%|ΓûêΓûêΓûêΓûêΓûêΓûêΓûÅ   | 1857/3000 [51:25<30:06,  1.58s/it]
 62%|ΓûêΓûêΓûêΓûêΓûêΓûêΓûÅ   | 1858/3000 [51:27<33:22,  1.75s/it]
 62%|ΓûêΓûêΓûêΓûêΓûêΓûêΓûÅ   | 1859/3000 [51:30<38:12,  2.01s/it]
 62%|ΓûêΓûêΓûêΓûêΓûêΓûêΓûÅ   | 1860/3000 [51:31<36:20,  1.91s/it]
 62%|ΓûêΓûêΓûêΓûêΓûêΓûêΓûÅ   | 1861/3000 [51:33<34:07,  1.80s/it]
 62%|ΓûêΓûêΓûêΓûêΓûêΓûêΓûÅ   | 1862/3000 [51:34<32:33,  1.72s/it]
 62%|ΓûêΓûêΓûêΓûêΓûêΓûêΓûÅ   | 1863/3000 [51:37<34:25,  1.82s/it]
 62%|ΓûêΓûêΓûêΓûêΓûêΓûêΓûÅ   | 1864/3000 [51:39<39:53,  2.11s/it]
 62%|ΓûêΓûêΓûêΓûêΓûêΓûêΓûÅ   | 1865/3000 [51:41<35:26,  1.87s/it]
 62%|ΓûêΓûêΓûêΓûêΓûêΓûêΓûÅ   | 1866/3000 [51:42<30:08,  1.60s/it]
 62%|ΓûêΓûêΓûêΓûêΓûêΓûêΓûÅ   | 1867/3000 [51:43<30:23,  1.61s/it]
 62%|ΓûêΓûêΓûêΓûêΓûêΓûêΓûÅ   | 1868/3000 [51:46<36:52,  1.95s/it]
 62%|ΓûêΓûêΓûêΓûêΓûêΓûêΓûÅ   | 1869/3000 [51:48<36:14,  1.92s/it]
 62%|ΓûêΓûêΓûêΓûêΓûêΓûêΓûÅ   | 1870/3000 [51:49<30:32,  1.62s/it]
 62%|ΓûêΓûêΓûêΓûêΓûêΓûêΓûÅ   | 1871/3000 [51:50<26:53,  1.43s/it]
 62%|ΓûêΓûêΓûêΓûêΓûêΓûêΓûÅ   | 1872/3000 [51:52<33:48,  1.80s/it]
 62%|ΓûêΓûêΓûêΓûêΓûêΓûêΓûÅ   | 1873/3000 [51:54<31:24,  1.67s/it]
 62%|ΓûêΓûêΓûêΓûêΓûêΓûêΓûÅ   | 1874/3000 [51:55<26:43,  1.42s/it]
 62%|ΓûêΓûêΓûêΓûêΓûêΓûêΓûÄ   | 1875/3000 [51:56<25:35,  1.36s/it]
 63%|ΓûêΓûêΓûêΓûêΓûêΓûêΓûÄ   | 1876/3000 [51:58<29:03,  1.55s/it]
 63%|ΓûêΓûêΓûêΓûêΓûêΓûêΓûÄ   | 1877/3000 [51:59<28:00,  1.50s/it]
 63%|ΓûêΓûêΓûêΓûêΓûêΓûêΓûÄ   | 1878/3000 [52:01<28:19,  1.51s/it]
 63%|ΓûêΓûêΓûêΓûêΓûêΓûêΓûÄ   | 1879/3000 [52:02<24:51,  1.33s/it]
 63%|ΓûêΓûêΓûêΓûêΓûêΓûêΓûÄ   | 1880/3000 [52:03<24:39,  1.32s/it]
 63%|ΓûêΓûêΓûêΓûêΓûêΓûêΓûÄ   | 1881/3000 [52:04<23:37,  1.27s/it]
 63%|ΓûêΓûêΓûêΓûêΓûêΓûêΓûÄ   | 1882/3000 [52:06<24:44,  1.33s/it]
 63%|ΓûêΓûêΓûêΓûêΓûêΓûêΓûÄ   | 1883/3000 [52:07<26:12,  1.41s/it]
 63%|ΓûêΓûêΓûêΓûêΓûêΓûêΓûÄ   | 1884/3000 [52:08<23:14,  1.25s/it]
 63%|ΓûêΓûêΓûêΓûêΓûêΓûêΓûÄ   | 1885/3000 [52:10<26:29,  1.43s/it]
 63%|ΓûêΓûêΓûêΓûêΓûêΓûêΓûÄ   | 1886/3000 [52:11<26:16,  1.42s/it]
 63%|ΓûêΓûêΓûêΓûêΓûêΓûêΓûÄ   | 1887/3000 [52:13<26:53,  1.45s/it]
 63%|ΓûêΓûêΓûêΓûêΓûêΓûêΓûÄ   | 1888/3000 [52:15<28:19,  1.53s/it]
 63%|ΓûêΓûêΓûêΓûêΓûêΓûêΓûÄ   | 1889/3000 [52:16<25:17,  1.37s/it]
 63%|ΓûêΓûêΓûêΓûêΓûêΓûêΓûÄ   | 1890/3000 [52:17<28:22,  1.53s/it]
 63%|ΓûêΓûêΓûêΓûêΓûêΓûêΓûÄ   | 1891/3000 [52:19<26:32,  1.44s/it]
 63%|ΓûêΓûêΓûêΓûêΓûêΓûêΓûÄ   | 1892/3000 [52:20<24:09,  1.31s/it]
 63%|ΓûêΓûêΓûêΓûêΓûêΓûêΓûÄ   | 1893/3000 [52:22<28:51,  1.56s/it]
 63%|ΓûêΓûêΓûêΓûêΓûêΓûêΓûÄ   | 1894/3000 [52:23<28:06,  1.52s/it]
 63%|ΓûêΓûêΓûêΓûêΓûêΓûêΓûÄ   | 1895/3000 [52:25<31:08,  1.69s/it]
 63%|ΓûêΓûêΓûêΓûêΓûêΓûêΓûÄ   | 1896/3000 [52:28<34:42,  1.89s/it]
 63%|ΓûêΓûêΓûêΓûêΓûêΓûêΓûÄ   | 1897/3000 [52:29<29:25,  1.60s/it]
 63%|ΓûêΓûêΓûêΓûêΓûêΓûêΓûÄ   | 1898/3000 [52:30<27:34,  1.50s/it]
 63%|ΓûêΓûêΓûêΓûêΓûêΓûêΓûÄ   | 1899/3000 [52:31<24:46,  1.35s/it]
 63%|ΓûêΓûêΓûêΓûêΓûêΓûêΓûÄ   | 1900/3000 [52:34<33:12,  1.81s/it]
 63%|ΓûêΓûêΓûêΓûêΓûêΓûêΓûÄ   | 1901/3000 [52:35<29:35,  1.62s/it]
 63%|ΓûêΓûêΓûêΓûêΓûêΓûêΓûÄ   | 1902/3000 [52:39<40:41,  2.22s/it]
 63%|ΓûêΓûêΓûêΓûêΓûêΓûêΓûÄ   | 1903/3000 [52:40<38:10,  2.09s/it]
 63%|ΓûêΓûêΓûêΓûêΓûêΓûêΓûÄ   | 1904/3000 [52:42<36:51,  2.02s/it]
 64%|ΓûêΓûêΓûêΓûêΓûêΓûêΓûÄ   | 1905/3000 [52:43<32:10,  1.76s/it]
 64%|ΓûêΓûêΓûêΓûêΓûêΓûêΓûÄ   | 1906/3000 [52:45<29:15,  1.60s/it]
 64%|ΓûêΓûêΓûêΓûêΓûêΓûêΓûÄ   | 1907/3000 [52:46<28:48,  1.58s/it]
 64%|ΓûêΓûêΓûêΓûêΓûêΓûêΓûÄ   | 1908/3000 [52:48<30:55,  1.70s/it]
 64%|ΓûêΓûêΓûêΓûêΓûêΓûêΓûÄ   | 1909/3000 [52:49<29:14,  1.61s/it]
 64%|ΓûêΓûêΓûêΓûêΓûêΓûêΓûÄ   | 1910/3000 [52:51<27:45,  1.53s/it]
 64%|ΓûêΓûêΓûêΓûêΓûêΓûêΓûÄ   | 1911/3000 [52:53<33:44,  1.86s/it]
 64%|ΓûêΓûêΓûêΓûêΓûêΓûêΓûÄ   | 1912/3000 [52:55<33:01,  1.82s/it]
 64%|ΓûêΓûêΓûêΓûêΓûêΓûêΓûì   | 1913/3000 [52:56<29:20,  1.62s/it]
 64%|ΓûêΓûêΓûêΓûêΓûêΓûêΓûì   | 1914/3000 [52:58<31:18,  1.73s/it]
 64%|ΓûêΓûêΓûêΓûêΓûêΓûêΓûì   | 1915/3000 [53:00<31:19,  1.73s/it]
 64%|ΓûêΓûêΓûêΓûêΓûêΓûêΓûì   | 1916/3000 [53:01<29:01,  1.61s/it]
 64%|ΓûêΓûêΓûêΓûêΓûêΓûêΓûì   | 1917/3000 [53:04<32:49,  1.82s/it]
 64%|ΓûêΓûêΓûêΓûêΓûêΓûêΓûì   | 1918/3000 [53:05<28:07,  1.56s/it]
 64%|ΓûêΓûêΓûêΓûêΓûêΓûêΓûì   | 1919/3000 [53:06<27:01,  1.50s/it]
 64%|ΓûêΓûêΓûêΓûêΓûêΓûêΓûì   | 1920/3000 [53:07<26:06,  1.45s/it]
 64%|ΓûêΓûêΓûêΓûêΓûêΓûêΓûì   | 1921/3000 [53:09<29:12,  1.62s/it]
 64%|ΓûêΓûêΓûêΓûêΓûêΓûêΓûì   | 1922/3000 [53:12<34:13,  1.90s/it]
 64%|ΓûêΓûêΓûêΓûêΓûêΓûêΓûì   | 1923/3000 [53:14<34:47,  1.94s/it]
 64%|ΓûêΓûêΓûêΓûêΓûêΓûêΓûì   | 1924/3000 [53:15<30:34,  1.70s/it]
 64%|ΓûêΓûêΓûêΓûêΓûêΓûêΓûì   | 1925/3000 [53:17<33:13,  1.85s/it]
 64%|ΓûêΓûêΓûêΓûêΓûêΓûêΓûì   | 1926/3000 [53:19<32:19,  1.81s/it]
 64%|ΓûêΓûêΓûêΓûêΓûêΓûêΓûì   | 1927/3000 [53:20<28:35,  1.60s/it]
 64%|ΓûêΓûêΓûêΓûêΓûêΓûêΓûì   | 1928/3000 [53:23<36:31,  2.04s/it]
 64%|ΓûêΓûêΓûêΓûêΓûêΓûêΓûì   | 1929/3000 [53:24<31:56,  1.79s/it]
 64%|ΓûêΓûêΓûêΓûêΓûêΓûêΓûì   | 1930/3000 [53:26<29:44,  1.67s/it]
 64%|ΓûêΓûêΓûêΓûêΓûêΓûêΓûì   | 1931/3000 [53:28<31:46,  1.78s/it]
 64%|ΓûêΓûêΓûêΓûêΓûêΓûêΓûì   | 1932/3000 [53:29<29:14,  1.64s/it]
 64%|ΓûêΓûêΓûêΓûêΓûêΓûêΓûì   | 1933/3000 [53:31<28:06,  1.58s/it]
 64%|ΓûêΓûêΓûêΓûêΓûêΓûêΓûì   | 1934/3000 [53:32<27:10,  1.53s/it]
 64%|ΓûêΓûêΓûêΓûêΓûêΓûêΓûì   | 1935/3000 [53:33<26:07,  1.47s/it]
 65%|ΓûêΓûêΓûêΓûêΓûêΓûêΓûì   | 1936/3000 [53:36<30:07,  1.70s/it]
 65%|ΓûêΓûêΓûêΓûêΓûêΓûêΓûì   | 1937/3000 [53:37<27:33,  1.56s/it]
 65%|ΓûêΓûêΓûêΓûêΓûêΓûêΓûì   | 1938/3000 [53:38<28:16,  1.60s/it]
 65%|ΓûêΓûêΓûêΓûêΓûêΓûêΓûì   | 1939/3000 [53:40<26:56,  1.52s/it]
 65%|ΓûêΓûêΓûêΓûêΓûêΓûêΓûì   | 1940/3000 [53:41<25:54,  1.47s/it]
 65%|ΓûêΓûêΓûêΓûêΓûêΓûêΓûì   | 1941/3000 [53:42<25:05,  1.42s/it]
 65%|ΓûêΓûêΓûêΓûêΓûêΓûêΓûì   | 1942/3000 [53:44<23:47,  1.35s/it]
 65%|ΓûêΓûêΓûêΓûêΓûêΓûêΓûì   | 1943/3000 [53:48<37:30,  2.13s/it]
 65%|ΓûêΓûêΓûêΓûêΓûêΓûêΓûì   | 1944/3000 [53:49<31:10,  1.77s/it]
 65%|ΓûêΓûêΓûêΓûêΓûêΓûêΓûì   | 1945/3000 [53:50<30:46,  1.75s/it]
 65%|ΓûêΓûêΓûêΓûêΓûêΓûêΓûì   | 1946/3000 [53:51<27:35,  1.57s/it]
 65%|ΓûêΓûêΓûêΓûêΓûêΓûêΓûì   | 1947/3000 [53:53<25:44,  1.47s/it]
 65%|ΓûêΓûêΓûêΓûêΓûêΓûêΓûì   | 1948/3000 [53:55<29:03,  1.66s/it]
 65%|ΓûêΓûêΓûêΓûêΓûêΓûêΓûì   | 1949/3000 [53:56<28:39,  1.64s/it]
 65%|ΓûêΓûêΓûêΓûêΓûêΓûêΓûî   | 1950/3000 [53:58<28:58,  1.66s/it]
 65%|ΓûêΓûêΓûêΓûêΓûêΓûêΓûî   | 1951/3000 [54:00<28:19,  1.62s/it]
 65%|ΓûêΓûêΓûêΓûêΓûêΓûêΓûî   | 1952/3000 [54:01<28:29,  1.63s/it]
 65%|ΓûêΓûêΓûêΓûêΓûêΓûêΓûî   | 1953/3000 [54:03<29:55,  1.71s/it]
 65%|ΓûêΓûêΓûêΓûêΓûêΓûêΓûî   | 1954/3000 [54:05<30:10,  1.73s/it]
 65%|ΓûêΓûêΓûêΓûêΓûêΓûêΓûî   | 1955/3000 [54:08<35:26,  2.03s/it]
 65%|ΓûêΓûêΓûêΓûêΓûêΓûêΓûî   | 1956/3000 [54:09<32:27,  1.87s/it]
 65%|ΓûêΓûêΓûêΓûêΓûêΓûêΓûî   | 1957/3000 [54:10<28:24,  1.63s/it]
 65%|ΓûêΓûêΓûêΓûêΓûêΓûêΓûî   | 1958/3000 [54:12<30:41,  1.77s/it]
 65%|ΓûêΓûêΓûêΓûêΓûêΓûêΓûî   | 1959/3000 [54:14<28:50,  1.66s/it]
 65%|ΓûêΓûêΓûêΓûêΓûêΓûêΓûî   | 1960/3000 [54:15<26:04,  1.50s/it]
 65%|ΓûêΓûêΓûêΓûêΓûêΓûêΓûî   | 1961/3000 [54:17<28:37,  1.65s/it]
 65%|ΓûêΓûêΓûêΓûêΓûêΓûêΓûî   | 1962/3000 [54:23<52:40,  3.04s/it]
 65%|ΓûêΓûêΓûêΓûêΓûêΓûêΓûî   | 1963/3000 [54:26<50:50,  2.94s/it]
 65%|ΓûêΓûêΓûêΓûêΓûêΓûêΓûî   | 1964/3000 [54:27<40:35,  2.35s/it]
 66%|ΓûêΓûêΓûêΓûêΓûêΓûêΓûî   | 1965/3000 [54:29<37:58,  2.20s/it]
 66%|ΓûêΓûêΓûêΓûêΓûêΓûêΓûî   | 1966/3000 [54:30<34:30,  2.00s/it]
 66%|ΓûêΓûêΓûêΓûêΓûêΓûêΓûî   | 1967/3000 [54:33<37:50,  2.20s/it]
 66%|ΓûêΓûêΓûêΓûêΓûêΓûêΓûî   | 1968/3000 [54:34<33:16,  1.93s/it]
 66%|ΓûêΓûêΓûêΓûêΓûêΓûêΓûî   | 1969/3000 [54:36<33:50,  1.97s/it]
 66%|ΓûêΓûêΓûêΓûêΓûêΓûêΓûî   | 1970/3000 [54:37<29:39,  1.73s/it]
 66%|ΓûêΓûêΓûêΓûêΓûêΓûêΓûî   | 1971/3000 [54:40<35:54,  2.09s/it]
 66%|ΓûêΓûêΓûêΓûêΓûêΓûêΓûî   | 1972/3000 [54:41<29:16,  1.71s/it]
 66%|ΓûêΓûêΓûêΓûêΓûêΓûêΓûî   | 1973/3000 [54:42<24:56,  1.46s/it]
 66%|ΓûêΓûêΓûêΓûêΓûêΓûêΓûî   | 1974/3000 [54:45<30:30,  1.78s/it]
 66%|ΓûêΓûêΓûêΓûêΓûêΓûêΓûî   | 1975/3000 [54:46<28:07,  1.65s/it]
 66%|ΓûêΓûêΓûêΓûêΓûêΓûêΓûî   | 1976/3000 [54:47<26:26,  1.55s/it]
 66%|ΓûêΓûêΓûêΓûêΓûêΓûêΓûî   | 1977/3000 [54:49<25:30,  1.50s/it]
 66%|ΓûêΓûêΓûêΓûêΓûêΓûêΓûî   | 1978/3000 [54:49<22:32,  1.32s/it]
 66%|ΓûêΓûêΓûêΓûêΓûêΓûêΓûî   | 1979/3000 [54:50<20:06,  1.18s/it]
 66%|ΓûêΓûêΓûêΓûêΓûêΓûêΓûî   | 1980/3000 [54:52<20:04,  1.18s/it]
 66%|ΓûêΓûêΓûêΓûêΓûêΓûêΓûî   | 1981/3000 [54:53<21:50,  1.29s/it]
 66%|ΓûêΓûêΓûêΓûêΓûêΓûêΓûî   | 1982/3000 [54:55<23:28,  1.38s/it]
 66%|ΓûêΓûêΓûêΓûêΓûêΓûêΓûî   | 1983/3000 [54:57<29:01,  1.71s/it]
 66%|ΓûêΓûêΓûêΓûêΓûêΓûêΓûî   | 1984/3000 [54:58<24:31,  1.45s/it]
 66%|ΓûêΓûêΓûêΓûêΓûêΓûêΓûî   | 1985/3000 [54:59<21:18,  1.26s/it]
 66%|ΓûêΓûêΓûêΓûêΓûêΓûêΓûî   | 1986/3000 [55:00<19:54,  1.18s/it]
 66%|ΓûêΓûêΓûêΓûêΓûêΓûêΓûî   | 1987/3000 [55:01<19:16,  1.14s/it]
 66%|ΓûêΓûêΓûêΓûêΓûêΓûêΓûï   | 1988/3000 [55:03<25:04,  1.49s/it]
 66%|ΓûêΓûêΓûêΓûêΓûêΓûêΓûï   | 1989/3000 [55:05<24:38,  1.46s/it]
 66%|ΓûêΓûêΓûêΓûêΓûêΓûêΓûï   | 1990/3000 [55:06<25:05,  1.49s/it]
 66%|ΓûêΓûêΓûêΓûêΓûêΓûêΓûï   | 1991/3000 [55:07<23:38,  1.41s/it]
 66%|ΓûêΓûêΓûêΓûêΓûêΓûêΓûï   | 1992/3000 [55:08<22:31,  1.34s/it]
 66%|ΓûêΓûêΓûêΓûêΓûêΓûêΓûï   | 1993/3000 [55:10<25:12,  1.50s/it]
 66%|ΓûêΓûêΓûêΓûêΓûêΓûêΓûï   | 1994/3000 [55:12<25:01,  1.49s/it]
 66%|ΓûêΓûêΓûêΓûêΓûêΓûêΓûï   | 1995/3000 [55:14<30:35,  1.83s/it]
 67%|ΓûêΓûêΓûêΓûêΓûêΓûêΓûï   | 1996/3000 [55:15<26:16,  1.57s/it]
 67%|ΓûêΓûêΓûêΓûêΓûêΓûêΓûï   | 1997/3000 [55:17<25:47,  1.54s/it]
 67%|ΓûêΓûêΓûêΓûêΓûêΓûêΓûï   | 1998/3000 [55:19<28:40,  1.72s/it]
 67%|ΓûêΓûêΓûêΓûêΓûêΓûêΓûï   | 1999/3000 [55:21<30:16,  1.81s/it]
 67%|ΓûêΓûêΓûêΓûêΓûêΓûêΓûï   | 2000/3000 [55:22<27:45,  1.67s/it]
 67%|ΓûêΓûêΓûêΓûêΓûêΓûêΓûï   | 2001/3000 [55:24<28:00,  1.68s/it]
 67%|ΓûêΓûêΓûêΓûêΓûêΓûêΓûï   | 2002/3000 [55:26<28:46,  1.73s/it]
 67%|ΓûêΓûêΓûêΓûêΓûêΓûêΓûï   | 2003/3000 [55:28<31:26,  1.89s/it]
 67%|ΓûêΓûêΓûêΓûêΓûêΓûêΓûï   | 2004/3000 [55:30<28:58,  1.75s/it]
 67%|ΓûêΓûêΓûêΓûêΓûêΓûêΓûï   | 2005/3000 [55:32<33:18,  2.01s/it]
 67%|ΓûêΓûêΓûêΓûêΓûêΓûêΓûï   | 2006/3000 [55:34<30:56,  1.87s/it]
 67%|ΓûêΓûêΓûêΓûêΓûêΓûêΓûï   | 2007/3000 [55:35<27:00,  1.63s/it]
 67%|ΓûêΓûêΓûêΓûêΓûêΓûêΓûï   | 2008/3000 [55:38<34:46,  2.10s/it]
 67%|ΓûêΓûêΓûêΓûêΓûêΓûêΓûï   | 2009/3000 [55:40<34:02,  2.06s/it]
 67%|ΓûêΓûêΓûêΓûêΓûêΓûêΓûï   | 2010/3000 [55:42<32:02,  1.94s/it]
 67%|ΓûêΓûêΓûêΓûêΓûêΓûêΓûï   | 2011/3000 [55:44<35:03,  2.13s/it]
 67%|ΓûêΓûêΓûêΓûêΓûêΓûêΓûï   | 2012/3000 [55:45<30:07,  1.83s/it]
 67%|ΓûêΓûêΓûêΓûêΓûêΓûêΓûï   | 2013/3000 [55:46<26:18,  1.60s/it]
 67%|ΓûêΓûêΓûêΓûêΓûêΓûêΓûï   | 2014/3000 [55:48<25:38,  1.56s/it]
 67%|ΓûêΓûêΓûêΓûêΓûêΓûêΓûï   | 2015/3000 [55:49<24:19,  1.48s/it]
 67%|ΓûêΓûêΓûêΓûêΓûêΓûêΓûï   | 2016/3000 [55:51<23:50,  1.45s/it]
 67%|ΓûêΓûêΓûêΓûêΓûêΓûêΓûï   | 2017/3000 [55:52<22:04,  1.35s/it]
 67%|ΓûêΓûêΓûêΓûêΓûêΓûêΓûï   | 2018/3000 [55:54<29:15,  1.79s/it]
 67%|ΓûêΓûêΓûêΓûêΓûêΓûêΓûï   | 2019/3000 [55:56<28:48,  1.76s/it]
 67%|ΓûêΓûêΓûêΓûêΓûêΓûêΓûï   | 2020/3000 [55:57<25:34,  1.57s/it]
 67%|ΓûêΓûêΓûêΓûêΓûêΓûêΓûï   | 2021/3000 [55:59<28:10,  1.73s/it]
 67%|ΓûêΓûêΓûêΓûêΓûêΓûêΓûï   | 2022/3000 [56:01<25:02,  1.54s/it]
 67%|ΓûêΓûêΓûêΓûêΓûêΓûêΓûï   | 2023/3000 [56:01<21:51,  1.34s/it]
 67%|ΓûêΓûêΓûêΓûêΓûêΓûêΓûï   | 2024/3000 [56:03<23:05,  1.42s/it]
 68%|ΓûêΓûêΓûêΓûêΓûêΓûêΓûè   | 2025/3000 [56:05<26:35,  1.64s/it]
 68%|ΓûêΓûêΓûêΓûêΓûêΓûêΓûè   | 2026/3000 [56:06<24:49,  1.53s/it]
 68%|ΓûêΓûêΓûêΓûêΓûêΓûêΓûè   | 2027/3000 [56:08<22:39,  1.40s/it]
 68%|ΓûêΓûêΓûêΓûêΓûêΓûêΓûè   | 2028/3000 [56:10<26:46,  1.65s/it]
 68%|ΓûêΓûêΓûêΓûêΓûêΓûêΓûè   | 2029/3000 [56:11<24:10,  1.49s/it]
 68%|ΓûêΓûêΓûêΓûêΓûêΓûêΓûè   | 2030/3000 [56:13<25:52,  1.60s/it]
 68%|ΓûêΓûêΓûêΓûêΓûêΓûêΓûè   | 2031/3000 [56:14<23:36,  1.46s/it]
 68%|ΓûêΓûêΓûêΓûêΓûêΓûêΓûè   | 2032/3000 [56:16<27:31,  1.71s/it]
 68%|ΓûêΓûêΓûêΓûêΓûêΓûêΓûè   | 2033/3000 [56:17<25:39,  1.59s/it]
 68%|ΓûêΓûêΓûêΓûêΓûêΓûêΓûè   | 2034/3000 [56:19<27:05,  1.68s/it]
 68%|ΓûêΓûêΓûêΓûêΓûêΓûêΓûè   | 2035/3000 [56:22<30:57,  1.92s/it]
 68%|ΓûêΓûêΓûêΓûêΓûêΓûêΓûè   | 2036/3000 [56:23<25:42,  1.60s/it]
 68%|ΓûêΓûêΓûêΓûêΓûêΓûêΓûè   | 2037/3000 [56:24<24:49,  1.55s/it]
 68%|ΓûêΓûêΓûêΓûêΓûêΓûêΓûè   | 2038/3000 [56:25<23:47,  1.48s/it]
 68%|ΓûêΓûêΓûêΓûêΓûêΓûêΓûè   | 2039/3000 [56:27<24:27,  1.53s/it]
 68%|ΓûêΓûêΓûêΓûêΓûêΓûêΓûè   | 2040/3000 [56:28<23:07,  1.44s/it]
 68%|ΓûêΓûêΓûêΓûêΓûêΓûêΓûè   | 2041/3000 [56:30<25:19,  1.58s/it]
 68%|ΓûêΓûêΓûêΓûêΓûêΓûêΓûè   | 2042/3000 [56:32<25:52,  1.62s/it]
 68%|ΓûêΓûêΓûêΓûêΓûêΓûêΓûè   | 2043/3000 [56:33<21:50,  1.37s/it]
 68%|ΓûêΓûêΓûêΓûêΓûêΓûêΓûè   | 2044/3000 [56:34<19:16,  1.21s/it]
 68%|ΓûêΓûêΓûêΓûêΓûêΓûêΓûè   | 2045/3000 [56:35<22:21,  1.40s/it]
 68%|ΓûêΓûêΓûêΓûêΓûêΓûêΓûè   | 2046/3000 [56:37<21:37,  1.36s/it]
 68%|ΓûêΓûêΓûêΓûêΓûêΓûêΓûè   | 2047/3000 [56:39<23:55,  1.51s/it]
 68%|ΓûêΓûêΓûêΓûêΓûêΓûêΓûè   | 2048/3000 [56:41<26:18,  1.66s/it]
 68%|ΓûêΓûêΓûêΓûêΓûêΓûêΓûè   | 2049/3000 [56:42<26:29,  1.67s/it]
 68%|ΓûêΓûêΓûêΓûêΓûêΓûêΓûè   | 2050/3000 [56:44<27:31,  1.74s/it]
 68%|ΓûêΓûêΓûêΓûêΓûêΓûêΓûè   | 2051/3000 [56:46<27:30,  1.74s/it]
 68%|ΓûêΓûêΓûêΓûêΓûêΓûêΓûè   | 2052/3000 [56:47<25:56,  1.64s/it]
 68%|ΓûêΓûêΓûêΓûêΓûêΓûêΓûè   | 2053/3000 [56:48<22:12,  1.41s/it]
 68%|ΓûêΓûêΓûêΓûêΓûêΓûêΓûè   | 2054/3000 [56:50<23:13,  1.47s/it]
 68%|ΓûêΓûêΓûêΓûêΓûêΓûêΓûè   | 2055/3000 [56:51<20:57,  1.33s/it]
 69%|ΓûêΓûêΓûêΓûêΓûêΓûêΓûè   | 2056/3000 [56:52<21:53,  1.39s/it]
 69%|ΓûêΓûêΓûêΓûêΓûêΓûêΓûè   | 2057/3000 [56:53<18:56,  1.21s/it]
 69%|ΓûêΓûêΓûêΓûêΓûêΓûêΓûè   | 2058/3000 [56:55<20:32,  1.31s/it]
 69%|ΓûêΓûêΓûêΓûêΓûêΓûêΓûè   | 2059/3000 [56:56<21:28,  1.37s/it]
 69%|ΓûêΓûêΓûêΓûêΓûêΓûêΓûè   | 2060/3000 [56:58<24:08,  1.54s/it]
 69%|ΓûêΓûêΓûêΓûêΓûêΓûêΓûè   | 2061/3000 [56:59<22:25,  1.43s/it]
 69%|ΓûêΓûêΓûêΓûêΓûêΓûêΓûè   | 2062/3000 [57:01<25:50,  1.65s/it]
 69%|ΓûêΓûêΓûêΓûêΓûêΓûêΓûë   | 2063/3000 [57:03<24:40,  1.58s/it]
 69%|ΓûêΓûêΓûêΓûêΓûêΓûêΓûë   | 2064/3000 [57:04<21:50,  1.40s/it]
 69%|ΓûêΓûêΓûêΓûêΓûêΓûêΓûë   | 2065/3000 [57:06<23:50,  1.53s/it]
 69%|ΓûêΓûêΓûêΓûêΓûêΓûêΓûë   | 2066/3000 [57:07<24:31,  1.58s/it]
 69%|ΓûêΓûêΓûêΓûêΓûêΓûêΓûë   | 2067/3000 [57:09<22:54,  1.47s/it]
 69%|ΓûêΓûêΓûêΓûêΓûêΓûêΓûë   | 2068/3000 [57:10<21:34,  1.39s/it]
 69%|ΓûêΓûêΓûêΓûêΓûêΓûêΓûë   | 2069/3000 [57:12<25:02,  1.61s/it]
 69%|ΓûêΓûêΓûêΓûêΓûêΓûêΓûë   | 2070/3000 [57:13<24:37,  1.59s/it]
 69%|ΓûêΓûêΓûêΓûêΓûêΓûêΓûë   | 2071/3000 [57:14<21:08,  1.37s/it]
 69%|ΓûêΓûêΓûêΓûêΓûêΓûêΓûë   | 2072/3000 [57:16<21:43,  1.40s/it]
 69%|ΓûêΓûêΓûêΓûêΓûêΓûêΓûë   | 2073/3000 [57:17<19:58,  1.29s/it]
 69%|ΓûêΓûêΓûêΓûêΓûêΓûêΓûë   | 2074/3000 [57:18<19:08,  1.24s/it]
 69%|ΓûêΓûêΓûêΓûêΓûêΓûêΓûë   | 2075/3000 [57:20<22:03,  1.43s/it]
 69%|ΓûêΓûêΓûêΓûêΓûêΓûêΓûë   | 2076/3000 [57:21<20:47,  1.35s/it]
 69%|ΓûêΓûêΓûêΓûêΓûêΓûêΓûë   | 2077/3000 [57:22<18:44,  1.22s/it]
 69%|ΓûêΓûêΓûêΓûêΓûêΓûêΓûë   | 2078/3000 [57:23<19:19,  1.26s/it]
 69%|ΓûêΓûêΓûêΓûêΓûêΓûêΓûë   | 2079/3000 [57:25<20:05,  1.31s/it]
 69%|ΓûêΓûêΓûêΓûêΓûêΓûêΓûë   | 2080/3000 [57:26<21:37,  1.41s/it]
 69%|ΓûêΓûêΓûêΓûêΓûêΓûêΓûë   | 2081/3000 [57:27<20:34,  1.34s/it]
 69%|ΓûêΓûêΓûêΓûêΓûêΓûêΓûë   | 2082/3000 [57:29<23:35,  1.54s/it]
 69%|ΓûêΓûêΓûêΓûêΓûêΓûêΓûë   | 2083/3000 [57:31<21:36,  1.41s/it]
 69%|ΓûêΓûêΓûêΓûêΓûêΓûêΓûë   | 2084/3000 [57:33<24:36,  1.61s/it]
 70%|ΓûêΓûêΓûêΓûêΓûêΓûêΓûë   | 2085/3000 [57:35<26:29,  1.74s/it]
 70%|ΓûêΓûêΓûêΓûêΓûêΓûêΓûë   | 2086/3000 [57:36<23:55,  1.57s/it]
 70%|ΓûêΓûêΓûêΓûêΓûêΓûêΓûë   | 2087/3000 [57:37<23:04,  1.52s/it]
 70%|ΓûêΓûêΓûêΓûêΓûêΓûêΓûë   | 2088/3000 [57:39<23:00,  1.51s/it]
 70%|ΓûêΓûêΓûêΓûêΓûêΓûêΓûë   | 2089/3000 [57:41<27:34,  1.82s/it]
 70%|ΓûêΓûêΓûêΓûêΓûêΓûêΓûë   | 2090/3000 [57:43<27:09,  1.79s/it]
 70%|ΓûêΓûêΓûêΓûêΓûêΓûêΓûë   | 2091/3000 [57:44<24:24,  1.61s/it]
 70%|ΓûêΓûêΓûêΓûêΓûêΓûêΓûë   | 2092/3000 [57:45<22:31,  1.49s/it]
 70%|ΓûêΓûêΓûêΓûêΓûêΓûêΓûë   | 2093/3000 [57:48<25:21,  1.68s/it]
 70%|ΓûêΓûêΓûêΓûêΓûêΓûêΓûë   | 2094/3000 [57:49<25:56,  1.72s/it]
 70%|ΓûêΓûêΓûêΓûêΓûêΓûêΓûë   | 2095/3000 [57:50<21:48,  1.45s/it]
 70%|ΓûêΓûêΓûêΓûêΓûêΓûêΓûë   | 2096/3000 [57:52<22:08,  1.47s/it]
 70%|ΓûêΓûêΓûêΓûêΓûêΓûêΓûë   | 2097/3000 [57:53<21:56,  1.46s/it]
 70%|ΓûêΓûêΓûêΓûêΓûêΓûêΓûë   | 2098/3000 [57:54<20:43,  1.38s/it]
 70%|ΓûêΓûêΓûêΓûêΓûêΓûêΓûë   | 2099/3000 [57:56<22:55,  1.53s/it]
 70%|ΓûêΓûêΓûêΓûêΓûêΓûêΓûê   | 2100/3000 [57:57<20:39,  1.38s/it]
 70%|ΓûêΓûêΓûêΓûêΓûêΓûêΓûê   | 2101/3000 [58:04<43:54,  2.93s/it]
 70%|ΓûêΓûêΓûêΓûêΓûêΓûêΓûê   | 2102/3000 [58:05<36:44,  2.46s/it]
 70%|ΓûêΓûêΓûêΓûêΓûêΓûêΓûê   | 2103/3000 [58:06<29:05,  1.95s/it]
 70%|ΓûêΓûêΓûêΓûêΓûêΓûêΓûê   | 2104/3000 [58:07<26:30,  1.78s/it]
 70%|ΓûêΓûêΓûêΓûêΓûêΓûêΓûê   | 2105/3000 [58:09<26:16,  1.76s/it]
 70%|ΓûêΓûêΓûêΓûêΓûêΓûêΓûê   | 2106/3000 [58:10<24:51,  1.67s/it]
 70%|ΓûêΓûêΓûêΓûêΓûêΓûêΓûê   | 2107/3000 [58:12<22:35,  1.52s/it]
 70%|ΓûêΓûêΓûêΓûêΓûêΓûêΓûê   | 2108/3000 [58:13<21:55,  1.47s/it]
 70%|ΓûêΓûêΓûêΓûêΓûêΓûêΓûê   | 2109/3000 [58:15<22:34,  1.52s/it]
 70%|ΓûêΓûêΓûêΓûêΓûêΓûêΓûê   | 2110/3000 [58:16<20:57,  1.41s/it]
 70%|ΓûêΓûêΓûêΓûêΓûêΓûêΓûê   | 2111/3000 [58:17<20:29,  1.38s/it]
 70%|ΓûêΓûêΓûêΓûêΓûêΓûêΓûê   | 2112/3000 [58:18<19:41,  1.33s/it]
 70%|ΓûêΓûêΓûêΓûêΓûêΓûêΓûê   | 2113/3000 [58:20<19:19,  1.31s/it]
 70%|ΓûêΓûêΓûêΓûêΓûêΓûêΓûê   | 2114/3000 [58:21<21:27,  1.45s/it]
 70%|ΓûêΓûêΓûêΓûêΓûêΓûêΓûê   | 2115/3000 [58:23<20:50,  1.41s/it]
 71%|ΓûêΓûêΓûêΓûêΓûêΓûêΓûê   | 2116/3000 [58:24<19:51,  1.35s/it]
 71%|ΓûêΓûêΓûêΓûêΓûêΓûêΓûê   | 2117/3000 [58:26<22:39,  1.54s/it]
 71%|ΓûêΓûêΓûêΓûêΓûêΓûêΓûê   | 2118/3000 [58:29<31:01,  2.11s/it]
 71%|ΓûêΓûêΓûêΓûêΓûêΓûêΓûê   | 2119/3000 [58:31<27:38,  1.88s/it]
 71%|ΓûêΓûêΓûêΓûêΓûêΓûêΓûê   | 2120/3000 [58:33<29:24,  2.01s/it]
 71%|ΓûêΓûêΓûêΓûêΓûêΓûêΓûê   | 2121/3000 [58:35<31:24,  2.14s/it]
 71%|ΓûêΓûêΓûêΓûêΓûêΓûêΓûê   | 2122/3000 [58:38<31:42,  2.17s/it]
 71%|ΓûêΓûêΓûêΓûêΓûêΓûêΓûê   | 2123/3000 [58:40<31:23,  2.15s/it]
 71%|ΓûêΓûêΓûêΓûêΓûêΓûêΓûê   | 2124/3000 [58:41<27:43,  1.90s/it]
 71%|ΓûêΓûêΓûêΓûêΓûêΓûêΓûê   | 2125/3000 [58:42<25:36,  1.76s/it]
 71%|ΓûêΓûêΓûêΓûêΓûêΓûêΓûê   | 2126/3000 [58:44<23:05,  1.58s/it]
 71%|ΓûêΓûêΓûêΓûêΓûêΓûêΓûê   | 2127/3000 [58:45<22:20,  1.54s/it]
 71%|ΓûêΓûêΓûêΓûêΓûêΓûêΓûê   | 2128/3000 [58:46<20:43,  1.43s/it]
 71%|ΓûêΓûêΓûêΓûêΓûêΓûêΓûê   | 2129/3000 [58:47<19:45,  1.36s/it]
 71%|ΓûêΓûêΓûêΓûêΓûêΓûêΓûê   | 2130/3000 [58:49<21:11,  1.46s/it]
 71%|ΓûêΓûêΓûêΓûêΓûêΓûêΓûê   | 2131/3000 [58:51<24:14,  1.67s/it]
 71%|ΓûêΓûêΓûêΓûêΓûêΓûêΓûê   | 2132/3000 [58:53<25:57,  1.79s/it]
 71%|ΓûêΓûêΓûêΓûêΓûêΓûêΓûê   | 2133/3000 [58:55<24:06,  1.67s/it]
 71%|ΓûêΓûêΓûêΓûêΓûêΓûêΓûê   | 2134/3000 [58:56<24:07,  1.67s/it]
 71%|ΓûêΓûêΓûêΓûêΓûêΓûêΓûê   | 2135/3000 [58:58<21:58,  1.52s/it]
 71%|ΓûêΓûêΓûêΓûêΓûêΓûêΓûê   | 2136/3000 [58:59<20:20,  1.41s/it]
 71%|ΓûêΓûêΓûêΓûêΓûêΓûêΓûê   | 2137/3000 [59:01<21:47,  1.51s/it]
 71%|ΓûêΓûêΓûêΓûêΓûêΓûêΓûêΓûÅ  | 2138/3000 [59:03<25:08,  1.75s/it]
 71%|ΓûêΓûêΓûêΓûêΓûêΓûêΓûêΓûÅ  | 2139/3000 [59:04<21:50,  1.52s/it]
 71%|ΓûêΓûêΓûêΓûêΓûêΓûêΓûêΓûÅ  | 2140/3000 [59:05<21:24,  1.49s/it]
 71%|ΓûêΓûêΓûêΓûêΓûêΓûêΓûêΓûÅ  | 2141/3000 [59:06<20:10,  1.41s/it]
 71%|ΓûêΓûêΓûêΓûêΓûêΓûêΓûêΓûÅ  | 2142/3000 [59:08<18:51,  1.32s/it]
 71%|ΓûêΓûêΓûêΓûêΓûêΓûêΓûêΓûÅ  | 2143/3000 [59:09<17:18,  1.21s/it]
 71%|ΓûêΓûêΓûêΓûêΓûêΓûêΓûêΓûÅ  | 2144/3000 [59:12<26:15,  1.84s/it]
 72%|ΓûêΓûêΓûêΓûêΓûêΓûêΓûêΓûÅ  | 2145/3000 [59:13<24:13,  1.70s/it]
 72%|ΓûêΓûêΓûêΓûêΓûêΓûêΓûêΓûÅ  | 2146/3000 [59:16<27:59,  1.97s/it]
 72%|ΓûêΓûêΓûêΓûêΓûêΓûêΓûêΓûÅ  | 2147/3000 [59:17<23:03,  1.62s/it]
 72%|ΓûêΓûêΓûêΓûêΓûêΓûêΓûêΓûÅ  | 2148/3000 [59:18<23:01,  1.62s/it]
 72%|ΓûêΓûêΓûêΓûêΓûêΓûêΓûêΓûÅ  | 2149/3000 [59:19<21:29,  1.52s/it]
 72%|ΓûêΓûêΓûêΓûêΓûêΓûêΓûêΓûÅ  | 2150/3000 [59:21<21:14,  1.50s/it]
 72%|ΓûêΓûêΓûêΓûêΓûêΓûêΓûêΓûÅ  | 2151/3000 [59:23<23:21,  1.65s/it]
 72%|ΓûêΓûêΓûêΓûêΓûêΓûêΓûêΓûÅ  | 2152/3000 [59:24<21:13,  1.50s/it]
 72%|ΓûêΓûêΓûêΓûêΓûêΓûêΓûêΓûÅ  | 2153/3000 [59:25<20:35,  1.46s/it]
 72%|ΓûêΓûêΓûêΓûêΓûêΓûêΓûêΓûÅ  | 2154/3000 [59:27<20:43,  1.47s/it]
 72%|ΓûêΓûêΓûêΓûêΓûêΓûêΓûêΓûÅ  | 2155/3000 [59:28<20:54,  1.48s/it]
 72%|ΓûêΓûêΓûêΓûêΓûêΓûêΓûêΓûÅ  | 2156/3000 [59:30<19:38,  1.40s/it]
 72%|ΓûêΓûêΓûêΓûêΓûêΓûêΓûêΓûÅ  | 2157/3000 [59:30<17:10,  1.22s/it]
 72%|ΓûêΓûêΓûêΓûêΓûêΓûêΓûêΓûÅ  | 2158/3000 [59:32<18:42,  1.33s/it]
 72%|ΓûêΓûêΓûêΓûêΓûêΓûêΓûêΓûÅ  | 2159/3000 [59:33<18:44,  1.34s/it]
 72%|ΓûêΓûêΓûêΓûêΓûêΓûêΓûêΓûÅ  | 2160/3000 [59:34<17:22,  1.24s/it]
 72%|ΓûêΓûêΓûêΓûêΓûêΓûêΓûêΓûÅ  | 2161/3000 [59:35<15:47,  1.13s/it]
 72%|ΓûêΓûêΓûêΓûêΓûêΓûêΓûêΓûÅ  | 2162/3000 [59:38<21:30,  1.54s/it]
 72%|ΓûêΓûêΓûêΓûêΓûêΓûêΓûêΓûÅ  | 2163/3000 [59:40<23:36,  1.69s/it]
 72%|ΓûêΓûêΓûêΓûêΓûêΓûêΓûêΓûÅ  | 2164/3000 [59:42<24:00,  1.72s/it]
 72%|ΓûêΓûêΓûêΓûêΓûêΓûêΓûêΓûÅ  | 2165/3000 [59:43<23:01,  1.65s/it]
 72%|ΓûêΓûêΓûêΓûêΓûêΓûêΓûêΓûÅ  | 2166/3000 [59:45<22:35,  1.63s/it]
 72%|ΓûêΓûêΓûêΓûêΓûêΓûêΓûêΓûÅ  | 2167/3000 [59:46<22:47,  1.64s/it]
 72%|ΓûêΓûêΓûêΓûêΓûêΓûêΓûêΓûÅ  | 2168/3000 [59:48<23:03,  1.66s/it]
 72%|ΓûêΓûêΓûêΓûêΓûêΓûêΓûêΓûÅ  | 2169/3000 [59:49<21:27,  1.55s/it]
 72%|ΓûêΓûêΓûêΓûêΓûêΓûêΓûêΓûÅ  | 2170/3000 [59:51<20:39,  1.49s/it]
 72%|ΓûêΓûêΓûêΓûêΓûêΓûêΓûêΓûÅ  | 2171/3000 [59:53<22:13,  1.61s/it]
 72%|ΓûêΓûêΓûêΓûêΓûêΓûêΓûêΓûÅ  | 2172/3000 [59:54<21:43,  1.57s/it]
 72%|ΓûêΓûêΓûêΓûêΓûêΓûêΓûêΓûÅ  | 2173/3000 [59:56<22:47,  1.65s/it]
 72%|ΓûêΓûêΓûêΓûêΓûêΓûêΓûêΓûÅ  | 2174/3000 [59:58<25:08,  1.83s/it]
 72%|ΓûêΓûêΓûêΓûêΓûêΓûêΓûêΓûÄ  | 2175/3000 [1:00:00<23:04,  1.68s/it]
 73%|ΓûêΓûêΓûêΓûêΓûêΓûêΓûêΓûÄ  | 2176/3000 [1:00:01<23:29,  1.71s/it]
 73%|ΓûêΓûêΓûêΓûêΓûêΓûêΓûêΓûÄ  | 2177/3000 [1:00:03<23:11,  1.69s/it]
 73%|ΓûêΓûêΓûêΓûêΓûêΓûêΓûêΓûÄ  | 2178/3000 [1:00:04<22:08,  1.62s/it]
 73%|ΓûêΓûêΓûêΓûêΓûêΓûêΓûêΓûÄ  | 2179/3000 [1:00:05<19:53,  1.45s/it]
 73%|ΓûêΓûêΓûêΓûêΓûêΓûêΓûêΓûÄ  | 2180/3000 [1:00:07<19:48,  1.45s/it]
 73%|ΓûêΓûêΓûêΓûêΓûêΓûêΓûêΓûÄ  | 2181/3000 [1:00:08<19:03,  1.40s/it]
 73%|ΓûêΓûêΓûêΓûêΓûêΓûêΓûêΓûÄ  | 2182/3000 [1:00:10<19:42,  1.45s/it]
 73%|ΓûêΓûêΓûêΓûêΓûêΓûêΓûêΓûÄ  | 2183/3000 [1:00:11<17:55,  1.32s/it]
 73%|ΓûêΓûêΓûêΓûêΓûêΓûêΓûêΓûÄ  | 2184/3000 [1:00:12<18:23,  1.35s/it]
 73%|ΓûêΓûêΓûêΓûêΓûêΓûêΓûêΓûÄ  | 2185/3000 [1:00:14<19:04,  1.40s/it]
 73%|ΓûêΓûêΓûêΓûêΓûêΓûêΓûêΓûÄ  | 2186/3000 [1:00:16<21:07,  1.56s/it]
 73%|ΓûêΓûêΓûêΓûêΓûêΓûêΓûêΓûÄ  | 2187/3000 [1:00:17<20:02,  1.48s/it]
 73%|ΓûêΓûêΓûêΓûêΓûêΓûêΓûêΓûÄ  | 2188/3000 [1:00:18<19:54,  1.47s/it]
 73%|ΓûêΓûêΓûêΓûêΓûêΓûêΓûêΓûÄ  | 2189/3000 [1:00:19<17:51,  1.32s/it]
 73%|ΓûêΓûêΓûêΓûêΓûêΓûêΓûêΓûÄ  | 2190/3000 [1:00:21<18:56,  1.40s/it]
 73%|ΓûêΓûêΓûêΓûêΓûêΓûêΓûêΓûÄ  | 2191/3000 [1:00:22<18:50,  1.40s/it]
 73%|ΓûêΓûêΓûêΓûêΓûêΓûêΓûêΓûÄ  | 2192/3000 [1:00:24<21:21,  1.59s/it]
 73%|ΓûêΓûêΓûêΓûêΓûêΓûêΓûêΓûÄ  | 2193/3000 [1:00:25<19:15,  1.43s/it]
 73%|ΓûêΓûêΓûêΓûêΓûêΓûêΓûêΓûÄ  | 2194/3000 [1:00:27<19:09,  1.43s/it]
 73%|ΓûêΓûêΓûêΓûêΓûêΓûêΓûêΓûÄ  | 2195/3000 [1:00:29<22:20,  1.67s/it]
 73%|ΓûêΓûêΓûêΓûêΓûêΓûêΓûêΓûÄ  | 2196/3000 [1:00:31<23:43,  1.77s/it]
 73%|ΓûêΓûêΓûêΓûêΓûêΓûêΓûêΓûÄ  | 2197/3000 [1:00:33<23:06,  1.73s/it]
 73%|ΓûêΓûêΓûêΓûêΓûêΓûêΓûêΓûÄ  | 2198/3000 [1:00:34<22:03,  1.65s/it]
 73%|ΓûêΓûêΓûêΓûêΓûêΓûêΓûêΓûÄ  | 2199/3000 [1:00:36<22:45,  1.70s/it]
 73%|ΓûêΓûêΓûêΓûêΓûêΓûêΓûêΓûÄ  | 2200/3000 [1:00:38<22:46,  1.71s/it]
 73%|ΓûêΓûêΓûêΓûêΓûêΓûêΓûêΓûÄ  | 2201/3000 [1:00:39<21:19,  1.60s/it]
 73%|ΓûêΓûêΓûêΓûêΓûêΓûêΓûêΓûÄ  | 2202/3000 [1:00:41<22:45,  1.71s/it]
 73%|ΓûêΓûêΓûêΓûêΓûêΓûêΓûêΓûÄ  | 2203/3000 [1:00:43<22:01,  1.66s/it]
 73%|ΓûêΓûêΓûêΓûêΓûêΓûêΓûêΓûÄ  | 2204/3000 [1:00:44<19:33,  1.47s/it]
 74%|ΓûêΓûêΓûêΓûêΓûêΓûêΓûêΓûÄ  | 2205/3000 [1:00:48<30:42,  2.32s/it]
 74%|ΓûêΓûêΓûêΓûêΓûêΓûêΓûêΓûÄ  | 2206/3000 [1:00:49<26:30,  2.00s/it]
 74%|ΓûêΓûêΓûêΓûêΓûêΓûêΓûêΓûÄ  | 2207/3000 [1:00:51<25:14,  1.91s/it]
 74%|ΓûêΓûêΓûêΓûêΓûêΓûêΓûêΓûÄ  | 2208/3000 [1:00:52<23:50,  1.81s/it]
 74%|ΓûêΓûêΓûêΓûêΓûêΓûêΓûêΓûÄ  | 2209/3000 [1:00:55<26:08,  1.98s/it]
 74%|ΓûêΓûêΓûêΓûêΓûêΓûêΓûêΓûÄ  | 2210/3000 [1:00:57<28:34,  2.17s/it]
 74%|ΓûêΓûêΓûêΓûêΓûêΓûêΓûêΓûÄ  | 2211/3000 [1:01:03<40:34,  3.09s/it]
 74%|ΓûêΓûêΓûêΓûêΓûêΓûêΓûêΓûÄ  | 2212/3000 [1:01:05<36:01,  2.74s/it]
 74%|ΓûêΓûêΓûêΓûêΓûêΓûêΓûêΓûì  | 2213/3000 [1:01:06<30:52,  2.35s/it]
 74%|ΓûêΓûêΓûêΓûêΓûêΓûêΓûêΓûì  | 2214/3000 [1:01:07<25:52,  1.98s/it]
 74%|ΓûêΓûêΓûêΓûêΓûêΓûêΓûêΓûì  | 2215/3000 [1:01:08<22:36,  1.73s/it]
 74%|ΓûêΓûêΓûêΓûêΓûêΓûêΓûêΓûì  | 2216/3000 [1:01:11<25:27,  1.95s/it]
 74%|ΓûêΓûêΓûêΓûêΓûêΓûêΓûêΓûì  | 2217/3000 [1:01:13<25:28,  1.95s/it]
 74%|ΓûêΓûêΓûêΓûêΓûêΓûêΓûêΓûì  | 2218/3000 [1:01:14<23:22,  1.79s/it]
 74%|ΓûêΓûêΓûêΓûêΓûêΓûêΓûêΓûì  | 2219/3000 [1:01:15<20:12,  1.55s/it]
 74%|ΓûêΓûêΓûêΓûêΓûêΓûêΓûêΓûì  | 2220/3000 [1:01:17<22:51,  1.76s/it]
 74%|ΓûêΓûêΓûêΓûêΓûêΓûêΓûêΓûì  | 2221/3000 [1:01:20<24:54,  1.92s/it]
 74%|ΓûêΓûêΓûêΓûêΓûêΓûêΓûêΓûì  | 2222/3000 [1:01:21<21:59,  1.70s/it]
 74%|ΓûêΓûêΓûêΓûêΓûêΓûêΓûêΓûì  | 2223/3000 [1:01:22<21:02,  1.62s/it]
 74%|ΓûêΓûêΓûêΓûêΓûêΓûêΓûêΓûì  | 2224/3000 [1:01:24<20:33,  1.59s/it]
 74%|ΓûêΓûêΓûêΓûêΓûêΓûêΓûêΓûì  | 2225/3000 [1:01:25<20:15,  1.57s/it]
 74%|ΓûêΓûêΓûêΓûêΓûêΓûêΓûêΓûì  | 2226/3000 [1:01:27<21:06,  1.64s/it]
 74%|ΓûêΓûêΓûêΓûêΓûêΓûêΓûêΓûì  | 2227/3000 [1:01:28<19:09,  1.49s/it]
 74%|ΓûêΓûêΓûêΓûêΓûêΓûêΓûêΓûì  | 2228/3000 [1:01:29<17:49,  1.39s/it]
 74%|ΓûêΓûêΓûêΓûêΓûêΓûêΓûêΓûì  | 2229/3000 [1:01:31<18:24,  1.43s/it]
 74%|ΓûêΓûêΓûêΓûêΓûêΓûêΓûêΓûì  | 2230/3000 [1:01:33<20:43,  1.62s/it]
 74%|ΓûêΓûêΓûêΓûêΓûêΓûêΓûêΓûì  | 2231/3000 [1:01:34<18:24,  1.44s/it]
 74%|ΓûêΓûêΓûêΓûêΓûêΓûêΓûêΓûì  | 2232/3000 [1:01:35<16:40,  1.30s/it]
 74%|ΓûêΓûêΓûêΓûêΓûêΓûêΓûêΓûì  | 2233/3000 [1:01:36<14:47,  1.16s/it]
 74%|ΓûêΓûêΓûêΓûêΓûêΓûêΓûêΓûì  | 2234/3000 [1:01:37<14:33,  1.14s/it]
 74%|ΓûêΓûêΓûêΓûêΓûêΓûêΓûêΓûì  | 2235/3000 [1:01:39<16:44,  1.31s/it]
 75%|ΓûêΓûêΓûêΓûêΓûêΓûêΓûêΓûì  | 2236/3000 [1:01:40<17:47,  1.40s/it]
 75%|ΓûêΓûêΓûêΓûêΓûêΓûêΓûêΓûì  | 2237/3000 [1:01:42<19:10,  1.51s/it]
 75%|ΓûêΓûêΓûêΓûêΓûêΓûêΓûêΓûì  | 2238/3000 [1:01:44<19:18,  1.52s/it]
 75%|ΓûêΓûêΓûêΓûêΓûêΓûêΓûêΓûì  | 2239/3000 [1:01:47<25:16,  1.99s/it]
 75%|ΓûêΓûêΓûêΓûêΓûêΓûêΓûêΓûì  | 2240/3000 [1:01:49<26:24,  2.08s/it]
 75%|ΓûêΓûêΓûêΓûêΓûêΓûêΓûêΓûì  | 2241/3000 [1:01:51<26:12,  2.07s/it]
 75%|ΓûêΓûêΓûêΓûêΓûêΓûêΓûêΓûì  | 2242/3000 [1:01:53<26:43,  2.12s/it]
 75%|ΓûêΓûêΓûêΓûêΓûêΓûêΓûêΓûì  | 2243/3000 [1:01:55<23:53,  1.89s/it]
 75%|ΓûêΓûêΓûêΓûêΓûêΓûêΓûêΓûì  | 2244/3000 [1:01:56<21:32,  1.71s/it]
 75%|ΓûêΓûêΓûêΓûêΓûêΓûêΓûêΓûì  | 2245/3000 [1:01:57<20:50,  1.66s/it]
 75%|ΓûêΓûêΓûêΓûêΓûêΓûêΓûêΓûì  | 2246/3000 [1:01:59<19:18,  1.54s/it]
 75%|ΓûêΓûêΓûêΓûêΓûêΓûêΓûêΓûì  | 2247/3000 [1:02:00<19:57,  1.59s/it]
 75%|ΓûêΓûêΓûêΓûêΓûêΓûêΓûêΓûì  | 2248/3000 [1:02:01<17:22,  1.39s/it]
 75%|ΓûêΓûêΓûêΓûêΓûêΓûêΓûêΓûì  | 2249/3000 [1:02:02<15:51,  1.27s/it]
 75%|ΓûêΓûêΓûêΓûêΓûêΓûêΓûêΓûî  | 2250/3000 [1:02:04<16:00,  1.28s/it]
 75%|ΓûêΓûêΓûêΓûêΓûêΓûêΓûêΓûî  | 2251/3000 [1:02:05<15:22,  1.23s/it]
 75%|ΓûêΓûêΓûêΓûêΓûêΓûêΓûêΓûî  | 2252/3000 [1:02:09<25:28,  2.04s/it]
 75%|ΓûêΓûêΓûêΓûêΓûêΓûêΓûêΓûî  | 2253/3000 [1:02:10<24:37,  1.98s/it]
 75%|ΓûêΓûêΓûêΓûêΓûêΓûêΓûêΓûî  | 2254/3000 [1:02:12<22:10,  1.78s/it]
 75%|ΓûêΓûêΓûêΓûêΓûêΓûêΓûêΓûî  | 2255/3000 [1:02:13<19:32,  1.57s/it]
 75%|ΓûêΓûêΓûêΓûêΓûêΓûêΓûêΓûî  | 2256/3000 [1:02:14<18:10,  1.47s/it]
 75%|ΓûêΓûêΓûêΓûêΓûêΓûêΓûêΓûî  | 2257/3000 [1:02:16<18:32,  1.50s/it]
 75%|ΓûêΓûêΓûêΓûêΓûêΓûêΓûêΓûî  | 2258/3000 [1:02:18<20:26,  1.65s/it]
 75%|ΓûêΓûêΓûêΓûêΓûêΓûêΓûêΓûî  | 2259/3000 [1:02:20<21:35,  1.75s/it]
 75%|ΓûêΓûêΓûêΓûêΓûêΓûêΓûêΓûî  | 2260/3000 [1:02:22<23:28,  1.90s/it]
 75%|ΓûêΓûêΓûêΓûêΓûêΓûêΓûêΓûî  | 2261/3000 [1:02:24<23:29,  1.91s/it]
 75%|ΓûêΓûêΓûêΓûêΓûêΓûêΓûêΓûî  | 2262/3000 [1:02:25<20:27,  1.66s/it]
 75%|ΓûêΓûêΓûêΓûêΓûêΓûêΓûêΓûî  | 2263/3000 [1:02:27<20:37,  1.68s/it]
 75%|ΓûêΓûêΓûêΓûêΓûêΓûêΓûêΓûî  | 2264/3000 [1:02:28<19:05,  1.56s/it]
 76%|ΓûêΓûêΓûêΓûêΓûêΓûêΓûêΓûî  | 2265/3000 [1:02:30<21:53,  1.79s/it]
 76%|ΓûêΓûêΓûêΓûêΓûêΓûêΓûêΓûî  | 2266/3000 [1:02:32<20:05,  1.64s/it]
 76%|ΓûêΓûêΓûêΓûêΓûêΓûêΓûêΓûî  | 2267/3000 [1:02:33<18:09,  1.49s/it]
 76%|ΓûêΓûêΓûêΓûêΓûêΓûêΓûêΓûî  | 2268/3000 [1:02:34<16:39,  1.37s/it]
 76%|ΓûêΓûêΓûêΓûêΓûêΓûêΓûêΓûî  | 2269/3000 [1:02:36<18:21,  1.51s/it]
 76%|ΓûêΓûêΓûêΓûêΓûêΓûêΓûêΓûî  | 2270/3000 [1:02:37<17:48,  1.46s/it]
 76%|ΓûêΓûêΓûêΓûêΓûêΓûêΓûêΓûî  | 2271/3000 [1:02:38<16:25,  1.35s/it]
 76%|ΓûêΓûêΓûêΓûêΓûêΓûêΓûêΓûî  | 2272/3000 [1:02:45<36:02,  2.97s/it]
 76%|ΓûêΓûêΓûêΓûêΓûêΓûêΓûêΓûî  | 2273/3000 [1:02:46<28:17,  2.33s/it]
 76%|ΓûêΓûêΓûêΓûêΓûêΓûêΓûêΓûî  | 2274/3000 [1:02:46<22:55,  1.90s/it]
 76%|ΓûêΓûêΓûêΓûêΓûêΓûêΓûêΓûî  | 2275/3000 [1:02:48<21:19,  1.77s/it]
 76%|ΓûêΓûêΓûêΓûêΓûêΓûêΓûêΓûî  | 2276/3000 [1:02:49<18:56,  1.57s/it]
 76%|ΓûêΓûêΓûêΓûêΓûêΓûêΓûêΓûî  | 2277/3000 [1:02:51<19:14,  1.60s/it]
 76%|ΓûêΓûêΓûêΓûêΓûêΓûêΓûêΓûî  | 2278/3000 [1:02:52<17:20,  1.44s/it]
 76%|ΓûêΓûêΓûêΓûêΓûêΓûêΓûêΓûî  | 2279/3000 [1:02:53<16:50,  1.40s/it]
 76%|ΓûêΓûêΓûêΓûêΓûêΓûêΓûêΓûî  | 2280/3000 [1:02:56<20:40,  1.72s/it]
 76%|ΓûêΓûêΓûêΓûêΓûêΓûêΓûêΓûî  | 2281/3000 [1:02:57<20:08,  1.68s/it]
 76%|ΓûêΓûêΓûêΓûêΓûêΓûêΓûêΓûî  | 2282/3000 [1:02:59<20:01,  1.67s/it]
 76%|ΓûêΓûêΓûêΓûêΓûêΓûêΓûêΓûî  | 2283/3000 [1:03:00<19:32,  1.63s/it]
 76%|ΓûêΓûêΓûêΓûêΓûêΓûêΓûêΓûî  | 2284/3000 [1:03:01<16:41,  1.40s/it]
 76%|ΓûêΓûêΓûêΓûêΓûêΓûêΓûêΓûî  | 2285/3000 [1:03:03<19:16,  1.62s/it]
 76%|ΓûêΓûêΓûêΓûêΓûêΓûêΓûêΓûî  | 2286/3000 [1:03:05<17:59,  1.51s/it]
 76%|ΓûêΓûêΓûêΓûêΓûêΓûêΓûêΓûî  | 2287/3000 [1:03:12<38:01,  3.20s/it]
 76%|ΓûêΓûêΓûêΓûêΓûêΓûêΓûêΓûï  | 2288/3000 [1:03:13<31:50,  2.68s/it]
 76%|ΓûêΓûêΓûêΓûêΓûêΓûêΓûêΓûï  | 2289/3000 [1:03:15<29:44,  2.51s/it]
 76%|ΓûêΓûêΓûêΓûêΓûêΓûêΓûêΓûï  | 2290/3000 [1:03:19<34:26,  2.91s/it]
 76%|ΓûêΓûêΓûêΓûêΓûêΓûêΓûêΓûï  | 2291/3000 [1:03:20<27:08,  2.30s/it]
 76%|ΓûêΓûêΓûêΓûêΓûêΓûêΓûêΓûï  | 2292/3000 [1:03:21<23:16,  1.97s/it]
 76%|ΓûêΓûêΓûêΓûêΓûêΓûêΓûêΓûï  | 2293/3000 [1:03:22<20:12,  1.71s/it]
 76%|ΓûêΓûêΓûêΓûêΓûêΓûêΓûêΓûï  | 2294/3000 [1:03:25<21:38,  1.84s/it]
 76%|ΓûêΓûêΓûêΓûêΓûêΓûêΓûêΓûï  | 2295/3000 [1:03:26<21:18,  1.81s/it]
 77%|ΓûêΓûêΓûêΓûêΓûêΓûêΓûêΓûï  | 2296/3000 [1:03:27<19:05,  1.63s/it]
 77%|ΓûêΓûêΓûêΓûêΓûêΓûêΓûêΓûï  | 2297/3000 [1:03:34<35:42,  3.05s/it]
 77%|ΓûêΓûêΓûêΓûêΓûêΓûêΓûêΓûï  | 2298/3000 [1:03:35<30:19,  2.59s/it]
 77%|ΓûêΓûêΓûêΓûêΓûêΓûêΓûêΓûï  | 2299/3000 [1:03:39<33:29,  2.87s/it]
 77%|ΓûêΓûêΓûêΓûêΓûêΓûêΓûêΓûï  | 2300/3000 [1:03:40<28:14,  2.42s/it]
 77%|ΓûêΓûêΓûêΓûêΓûêΓûêΓûêΓûï  | 2301/3000 [1:03:42<25:25,  2.18s/it]
 77%|ΓûêΓûêΓûêΓûêΓûêΓûêΓûêΓûï  | 2302/3000 [1:03:45<28:01,  2.41s/it]
 77%|ΓûêΓûêΓûêΓûêΓûêΓûêΓûêΓûï  | 2303/3000 [1:03:46<25:22,  2.18s/it]
 77%|ΓûêΓûêΓûêΓûêΓûêΓûêΓûêΓûï  | 2304/3000 [1:03:48<22:13,  1.92s/it]
 77%|ΓûêΓûêΓûêΓûêΓûêΓûêΓûêΓûï  | 2305/3000 [1:03:49<19:10,  1.66s/it]
 77%|ΓûêΓûêΓûêΓûêΓûêΓûêΓûêΓûï  | 2306/3000 [1:03:51<19:28,  1.68s/it]
 77%|ΓûêΓûêΓûêΓûêΓûêΓûêΓûêΓûï  | 2307/3000 [1:03:52<20:17,  1.76s/it]
 77%|ΓûêΓûêΓûêΓûêΓûêΓûêΓûêΓûï  | 2308/3000 [1:03:53<17:07,  1.48s/it]
 77%|ΓûêΓûêΓûêΓûêΓûêΓûêΓûêΓûï  | 2309/3000 [1:03:54<14:58,  1.30s/it]
 77%|ΓûêΓûêΓûêΓûêΓûêΓûêΓûêΓûï  | 2310/3000 [1:03:59<28:10,  2.45s/it]
 77%|ΓûêΓûêΓûêΓûêΓûêΓûêΓûêΓûï  | 2311/3000 [1:04:01<27:04,  2.36s/it]
 77%|ΓûêΓûêΓûêΓûêΓûêΓûêΓûêΓûï  | 2312/3000 [1:04:03<22:48,  1.99s/it]
 77%|ΓûêΓûêΓûêΓûêΓûêΓûêΓûêΓûï  | 2313/3000 [1:04:04<19:25,  1.70s/it]
 77%|ΓûêΓûêΓûêΓûêΓûêΓûêΓûêΓûï  | 2314/3000 [1:04:05<18:03,  1.58s/it]
 77%|ΓûêΓûêΓûêΓûêΓûêΓûêΓûêΓûï  | 2315/3000 [1:04:07<18:35,  1.63s/it]
 77%|ΓûêΓûêΓûêΓûêΓûêΓûêΓûêΓûï  | 2316/3000 [1:04:08<18:11,  1.60s/it]
 77%|ΓûêΓûêΓûêΓûêΓûêΓûêΓûêΓûï  | 2317/3000 [1:04:10<18:42,  1.64s/it]
 77%|ΓûêΓûêΓûêΓûêΓûêΓûêΓûêΓûï  | 2318/3000 [1:04:12<20:16,  1.78s/it]
 77%|ΓûêΓûêΓûêΓûêΓûêΓûêΓûêΓûï  | 2319/3000 [1:04:13<18:39,  1.64s/it]
 77%|ΓûêΓûêΓûêΓûêΓûêΓûêΓûêΓûï  | 2320/3000 [1:04:15<19:40,  1.74s/it]
 77%|ΓûêΓûêΓûêΓûêΓûêΓûêΓûêΓûï  | 2321/3000 [1:04:16<17:46,  1.57s/it]
 77%|ΓûêΓûêΓûêΓûêΓûêΓûêΓûêΓûï  | 2322/3000 [1:04:18<16:45,  1.48s/it]
 77%|ΓûêΓûêΓûêΓûêΓûêΓûêΓûêΓûï  | 2323/3000 [1:04:19<14:47,  1.31s/it]
 77%|ΓûêΓûêΓûêΓûêΓûêΓûêΓûêΓûï  | 2324/3000 [1:04:20<14:46,  1.31s/it]
 78%|ΓûêΓûêΓûêΓûêΓûêΓûêΓûêΓûè  | 2325/3000 [1:04:21<14:43,  1.31s/it]
 78%|ΓûêΓûêΓûêΓûêΓûêΓûêΓûêΓûè  | 2326/3000 [1:04:22<13:01,  1.16s/it]
 78%|ΓûêΓûêΓûêΓûêΓûêΓûêΓûêΓûè  | 2327/3000 [1:04:23<13:14,  1.18s/it]
 78%|ΓûêΓûêΓûêΓûêΓûêΓûêΓûêΓûè  | 2328/3000 [1:04:25<13:23,  1.20s/it]
 78%|ΓûêΓûêΓûêΓûêΓûêΓûêΓûêΓûè  | 2329/3000 [1:04:26<14:42,  1.32s/it]
 78%|ΓûêΓûêΓûêΓûêΓûêΓûêΓûêΓûè  | 2330/3000 [1:04:28<15:02,  1.35s/it]
 78%|ΓûêΓûêΓûêΓûêΓûêΓûêΓûêΓûè  | 2331/3000 [1:04:29<15:44,  1.41s/it]
 78%|ΓûêΓûêΓûêΓûêΓûêΓûêΓûêΓûè  | 2332/3000 [1:04:31<17:01,  1.53s/it]
 78%|ΓûêΓûêΓûêΓûêΓûêΓûêΓûêΓûè  | 2333/3000 [1:04:32<16:12,  1.46s/it]
 78%|ΓûêΓûêΓûêΓûêΓûêΓûêΓûêΓûè  | 2334/3000 [1:04:34<16:32,  1.49s/it]
 78%|ΓûêΓûêΓûêΓûêΓûêΓûêΓûêΓûè  | 2335/3000 [1:04:35<17:07,  1.55s/it]
 78%|ΓûêΓûêΓûêΓûêΓûêΓûêΓûêΓûè  | 2336/3000 [1:04:36<14:56,  1.35s/it]
 78%|ΓûêΓûêΓûêΓûêΓûêΓûêΓûêΓûè  | 2337/3000 [1:04:37<13:33,  1.23s/it]
 78%|ΓûêΓûêΓûêΓûêΓûêΓûêΓûêΓûè  | 2338/3000 [1:04:39<13:39,  1.24s/it]
 78%|ΓûêΓûêΓûêΓûêΓûêΓûêΓûêΓûè  | 2339/3000 [1:04:40<12:47,  1.16s/it]
 78%|ΓûêΓûêΓûêΓûêΓûêΓûêΓûêΓûè  | 2340/3000 [1:04:41<12:42,  1.16s/it]
 78%|ΓûêΓûêΓûêΓûêΓûêΓûêΓûêΓûè  | 2341/3000 [1:04:42<12:38,  1.15s/it]
 78%|ΓûêΓûêΓûêΓûêΓûêΓûêΓûêΓûè  | 2342/3000 [1:04:43<13:19,  1.21s/it]
 78%|ΓûêΓûêΓûêΓûêΓûêΓûêΓûêΓûè  | 2343/3000 [1:04:44<11:48,  1.08s/it]
 78%|ΓûêΓûêΓûêΓûêΓûêΓûêΓûêΓûè  | 2344/3000 [1:04:45<12:19,  1.13s/it]
 78%|ΓûêΓûêΓûêΓûêΓûêΓûêΓûêΓûè  | 2345/3000 [1:04:48<17:01,  1.56s/it]
 78%|ΓûêΓûêΓûêΓûêΓûêΓûêΓûêΓûè  | 2346/3000 [1:04:49<15:54,  1.46s/it]
 78%|ΓûêΓûêΓûêΓûêΓûêΓûêΓûêΓûè  | 2347/3000 [1:04:50<14:18,  1.32s/it]
 78%|ΓûêΓûêΓûêΓûêΓûêΓûêΓûêΓûè  | 2348/3000 [1:04:51<12:56,  1.19s/it]
 78%|ΓûêΓûêΓûêΓûêΓûêΓûêΓûêΓûè  | 2349/3000 [1:04:53<14:47,  1.36s/it]
 78%|ΓûêΓûêΓûêΓûêΓûêΓûêΓûêΓûè  | 2350/3000 [1:04:54<15:33,  1.44s/it]
 78%|ΓûêΓûêΓûêΓûêΓûêΓûêΓûêΓûè  | 2351/3000 [1:04:55<13:34,  1.26s/it]
 78%|ΓûêΓûêΓûêΓûêΓûêΓûêΓûêΓûè  | 2352/3000 [1:04:57<16:10,  1.50s/it]
 78%|ΓûêΓûêΓûêΓûêΓûêΓûêΓûêΓûè  | 2353/3000 [1:04:58<15:22,  1.43s/it]
 78%|ΓûêΓûêΓûêΓûêΓûêΓûêΓûêΓûè  | 2354/3000 [1:05:03<25:08,  2.33s/it]
 78%|ΓûêΓûêΓûêΓûêΓûêΓûêΓûêΓûè  | 2355/3000 [1:05:06<28:58,  2.70s/it]
 79%|ΓûêΓûêΓûêΓûêΓûêΓûêΓûêΓûè  | 2356/3000 [1:05:08<25:20,  2.36s/it]
 79%|ΓûêΓûêΓûêΓûêΓûêΓûêΓûêΓûè  | 2357/3000 [1:05:11<27:18,  2.55s/it]
 79%|ΓûêΓûêΓûêΓûêΓûêΓûêΓûêΓûè  | 2358/3000 [1:05:12<22:44,  2.12s/it]
 79%|ΓûêΓûêΓûêΓûêΓûêΓûêΓûêΓûè  | 2359/3000 [1:05:13<20:12,  1.89s/it]
 79%|ΓûêΓûêΓûêΓûêΓûêΓûêΓûêΓûè  | 2360/3000 [1:05:15<20:07,  1.89s/it]
 79%|ΓûêΓûêΓûêΓûêΓûêΓûêΓûêΓûè  | 2361/3000 [1:05:16<17:39,  1.66s/it]
 79%|ΓûêΓûêΓûêΓûêΓûêΓûêΓûêΓûè  | 2362/3000 [1:05:18<16:34,  1.56s/it]
 79%|ΓûêΓûêΓûêΓûêΓûêΓûêΓûêΓûë  | 2363/3000 [1:05:20<18:38,  1.76s/it]
 79%|ΓûêΓûêΓûêΓûêΓûêΓûêΓûêΓûë  | 2364/3000 [1:05:21<15:42,  1.48s/it]
 79%|ΓûêΓûêΓûêΓûêΓûêΓûêΓûêΓûë  | 2365/3000 [1:05:22<14:09,  1.34s/it]
 79%|ΓûêΓûêΓûêΓûêΓûêΓûêΓûêΓûë  | 2366/3000 [1:05:23<12:38,  1.20s/it]
 79%|ΓûêΓûêΓûêΓûêΓûêΓûêΓûêΓûë  | 2367/3000 [1:05:25<16:32,  1.57s/it]
 79%|ΓûêΓûêΓûêΓûêΓûêΓûêΓûêΓûë  | 2368/3000 [1:05:27<16:32,  1.57s/it]
 79%|ΓûêΓûêΓûêΓûêΓûêΓûêΓûêΓûë  | 2369/3000 [1:05:28<15:00,  1.43s/it]
 79%|ΓûêΓûêΓûêΓûêΓûêΓûêΓûêΓûë  | 2370/3000 [1:05:30<17:38,  1.68s/it]
 79%|ΓûêΓûêΓûêΓûêΓûêΓûêΓûêΓûë  | 2371/3000 [1:05:31<15:30,  1.48s/it]
 79%|ΓûêΓûêΓûêΓûêΓûêΓûêΓûêΓûë  | 2372/3000 [1:05:33<15:31,  1.48s/it]
 79%|ΓûêΓûêΓûêΓûêΓûêΓûêΓûêΓûë  | 2373/3000 [1:05:34<15:05,  1.44s/it]
 79%|ΓûêΓûêΓûêΓûêΓûêΓûêΓûêΓûë  | 2374/3000 [1:05:35<14:27,  1.39s/it]
 79%|ΓûêΓûêΓûêΓûêΓûêΓûêΓûêΓûë  | 2375/3000 [1:05:37<17:00,  1.63s/it]
 79%|ΓûêΓûêΓûêΓûêΓûêΓûêΓûêΓûë  | 2376/3000 [1:05:39<17:39,  1.70s/it]
 79%|ΓûêΓûêΓûêΓûêΓûêΓûêΓûêΓûë  | 2377/3000 [1:05:40<14:50,  1.43s/it]
 79%|ΓûêΓûêΓûêΓûêΓûêΓûêΓûêΓûë  | 2378/3000 [1:05:43<21:06,  2.04s/it]
 79%|ΓûêΓûêΓûêΓûêΓûêΓûêΓûêΓûë  | 2379/3000 [1:05:45<18:28,  1.79s/it]
 79%|ΓûêΓûêΓûêΓûêΓûêΓûêΓûêΓûë  | 2380/3000 [1:05:46<17:31,  1.70s/it]
 79%|ΓûêΓûêΓûêΓûêΓûêΓûêΓûêΓûë  | 2381/3000 [1:05:49<19:36,  1.90s/it]
 79%|ΓûêΓûêΓûêΓûêΓûêΓûêΓûêΓûë  | 2382/3000 [1:05:50<16:52,  1.64s/it]
 79%|ΓûêΓûêΓûêΓûêΓûêΓûêΓûêΓûë  | 2383/3000 [1:05:51<17:03,  1.66s/it]
 79%|ΓûêΓûêΓûêΓûêΓûêΓûêΓûêΓûë  | 2384/3000 [1:05:52<15:12,  1.48s/it]
 80%|ΓûêΓûêΓûêΓûêΓûêΓûêΓûêΓûë  | 2385/3000 [1:05:53<13:52,  1.35s/it]
 80%|ΓûêΓûêΓûêΓûêΓûêΓûêΓûêΓûë  | 2386/3000 [1:05:55<15:57,  1.56s/it]
 80%|ΓûêΓûêΓûêΓûêΓûêΓûêΓûêΓûë  | 2387/3000 [1:05:56<14:19,  1.40s/it]
 80%|ΓûêΓûêΓûêΓûêΓûêΓûêΓûêΓûë  | 2388/3000 [1:05:57<12:35,  1.23s/it]
 80%|ΓûêΓûêΓûêΓûêΓûêΓûêΓûêΓûë  | 2389/3000 [1:05:59<14:09,  1.39s/it]
 80%|ΓûêΓûêΓûêΓûêΓûêΓûêΓûêΓûë  | 2390/3000 [1:06:00<13:32,  1.33s/it]
 80%|ΓûêΓûêΓûêΓûêΓûêΓûêΓûêΓûë  | 2391/3000 [1:06:02<13:15,  1.31s/it]
 80%|ΓûêΓûêΓûêΓûêΓûêΓûêΓûêΓûë  | 2392/3000 [1:06:03<13:09,  1.30s/it]
 80%|ΓûêΓûêΓûêΓûêΓûêΓûêΓûêΓûë  | 2393/3000 [1:06:05<15:19,  1.51s/it]
 80%|ΓûêΓûêΓûêΓûêΓûêΓûêΓûêΓûë  | 2394/3000 [1:06:06<15:44,  1.56s/it]
 80%|ΓûêΓûêΓûêΓûêΓûêΓûêΓûêΓûë  | 2395/3000 [1:06:08<14:42,  1.46s/it]
 80%|ΓûêΓûêΓûêΓûêΓûêΓûêΓûêΓûë  | 2396/3000 [1:06:09<13:14,  1.32s/it]
 80%|ΓûêΓûêΓûêΓûêΓûêΓûêΓûêΓûë  | 2397/3000 [1:06:10<13:08,  1.31s/it]
 80%|ΓûêΓûêΓûêΓûêΓûêΓûêΓûêΓûë  | 2398/3000 [1:06:12<14:47,  1.47s/it]
 80%|ΓûêΓûêΓûêΓûêΓûêΓûêΓûêΓûë  | 2399/3000 [1:06:13<14:07,  1.41s/it]
 80%|ΓûêΓûêΓûêΓûêΓûêΓûêΓûêΓûê  | 2400/3000 [1:06:15<14:53,  1.49s/it]
 80%|ΓûêΓûêΓûêΓûêΓûêΓûêΓûêΓûê  | 2401/3000 [1:06:16<13:54,  1.39s/it]
 80%|ΓûêΓûêΓûêΓûêΓûêΓûêΓûêΓûê  | 2402/3000 [1:06:17<13:55,  1.40s/it]
 80%|ΓûêΓûêΓûêΓûêΓûêΓûêΓûêΓûê  | 2403/3000 [1:06:19<14:03,  1.41s/it]
 80%|ΓûêΓûêΓûêΓûêΓûêΓûêΓûêΓûê  | 2404/3000 [1:06:21<16:56,  1.71s/it]
 80%|ΓûêΓûêΓûêΓûêΓûêΓûêΓûêΓûê  | 2405/3000 [1:06:22<14:40,  1.48s/it]
 80%|ΓûêΓûêΓûêΓûêΓûêΓûêΓûêΓûê  | 2406/3000 [1:06:23<12:36,  1.27s/it]
 80%|ΓûêΓûêΓûêΓûêΓûêΓûêΓûêΓûê  | 2407/3000 [1:06:25<14:00,  1.42s/it]
 80%|ΓûêΓûêΓûêΓûêΓûêΓûêΓûêΓûê  | 2408/3000 [1:06:26<13:03,  1.32s/it]
 80%|ΓûêΓûêΓûêΓûêΓûêΓûêΓûêΓûê  | 2409/3000 [1:06:28<14:24,  1.46s/it]
 80%|ΓûêΓûêΓûêΓûêΓûêΓûêΓûêΓûê  | 2410/3000 [1:06:29<13:10,  1.34s/it]
 80%|ΓûêΓûêΓûêΓûêΓûêΓûêΓûêΓûê  | 2411/3000 [1:06:30<12:14,  1.25s/it]
 80%|ΓûêΓûêΓûêΓûêΓûêΓûêΓûêΓûê  | 2412/3000 [1:06:32<14:04,  1.44s/it]
 80%|ΓûêΓûêΓûêΓûêΓûêΓûêΓûêΓûê  | 2413/3000 [1:06:33<14:55,  1.52s/it]
 80%|ΓûêΓûêΓûêΓûêΓûêΓûêΓûêΓûê  | 2414/3000 [1:06:35<14:13,  1.46s/it]
 80%|ΓûêΓûêΓûêΓûêΓûêΓûêΓûêΓûê  | 2415/3000 [1:06:36<13:08,  1.35s/it]
 81%|ΓûêΓûêΓûêΓûêΓûêΓûêΓûêΓûê  | 2416/3000 [1:06:37<13:04,  1.34s/it]
 81%|ΓûêΓûêΓûêΓûêΓûêΓûêΓûêΓûê  | 2417/3000 [1:06:38<13:23,  1.38s/it]
 81%|ΓûêΓûêΓûêΓûêΓûêΓûêΓûêΓûê  | 2418/3000 [1:06:41<15:57,  1.64s/it]
 81%|ΓûêΓûêΓûêΓûêΓûêΓûêΓûêΓûê  | 2419/3000 [1:06:43<16:20,  1.69s/it]
 81%|ΓûêΓûêΓûêΓûêΓûêΓûêΓûêΓûê  | 2420/3000 [1:06:44<14:57,  1.55s/it]
 81%|ΓûêΓûêΓûêΓûêΓûêΓûêΓûêΓûê  | 2421/3000 [1:06:45<14:04,  1.46s/it]
 81%|ΓûêΓûêΓûêΓûêΓûêΓûêΓûêΓûê  | 2422/3000 [1:06:46<13:21,  1.39s/it]
 81%|ΓûêΓûêΓûêΓûêΓûêΓûêΓûêΓûê  | 2423/3000 [1:06:47<11:50,  1.23s/it]
 81%|ΓûêΓûêΓûêΓûêΓûêΓûêΓûêΓûê  | 2424/3000 [1:06:49<13:32,  1.41s/it]
 81%|ΓûêΓûêΓûêΓûêΓûêΓûêΓûêΓûê  | 2425/3000 [1:06:52<17:04,  1.78s/it]
 81%|ΓûêΓûêΓûêΓûêΓûêΓûêΓûêΓûê  | 2426/3000 [1:06:58<29:54,  3.13s/it]
 81%|ΓûêΓûêΓûêΓûêΓûêΓûêΓûêΓûê  | 2427/3000 [1:06:59<25:06,  2.63s/it]
 81%|ΓûêΓûêΓûêΓûêΓûêΓûêΓûêΓûê  | 2428/3000 [1:07:01<21:20,  2.24s/it]
 81%|ΓûêΓûêΓûêΓûêΓûêΓûêΓûêΓûê  | 2429/3000 [1:07:03<21:36,  2.27s/it]
 81%|ΓûêΓûêΓûêΓûêΓûêΓûêΓûêΓûê  | 2430/3000 [1:07:04<18:14,  1.92s/it]
 81%|ΓûêΓûêΓûêΓûêΓûêΓûêΓûêΓûê  | 2431/3000 [1:07:08<23:18,  2.46s/it]
 81%|ΓûêΓûêΓûêΓûêΓûêΓûêΓûêΓûê  | 2432/3000 [1:07:09<19:53,  2.10s/it]
 81%|ΓûêΓûêΓûêΓûêΓûêΓûêΓûêΓûê  | 2433/3000 [1:07:11<19:38,  2.08s/it]
 81%|ΓûêΓûêΓûêΓûêΓûêΓûêΓûêΓûê  | 2434/3000 [1:07:13<18:23,  1.95s/it]
 81%|ΓûêΓûêΓûêΓûêΓûêΓûêΓûêΓûê  | 2435/3000 [1:07:16<21:15,  2.26s/it]
 81%|ΓûêΓûêΓûêΓûêΓûêΓûêΓûêΓûê  | 2436/3000 [1:07:17<18:25,  1.96s/it]
 81%|ΓûêΓûêΓûêΓûêΓûêΓûêΓûêΓûê  | 2437/3000 [1:07:18<16:34,  1.77s/it]
 81%|ΓûêΓûêΓûêΓûêΓûêΓûêΓûêΓûêΓûÅ | 2438/3000 [1:07:20<15:42,  1.68s/it]
 81%|ΓûêΓûêΓûêΓûêΓûêΓûêΓûêΓûêΓûÅ | 2439/3000 [1:07:22<17:01,  1.82s/it]
 81%|ΓûêΓûêΓûêΓûêΓûêΓûêΓûêΓûêΓûÅ | 2440/3000 [1:07:24<17:44,  1.90s/it]
 81%|ΓûêΓûêΓûêΓûêΓûêΓûêΓûêΓûêΓûÅ | 2441/3000 [1:07:26<18:12,  1.95s/it]
 81%|ΓûêΓûêΓûêΓûêΓûêΓûêΓûêΓûêΓûÅ | 2442/3000 [1:07:27<16:38,  1.79s/it]
 81%|ΓûêΓûêΓûêΓûêΓûêΓûêΓûêΓûêΓûÅ | 2443/3000 [1:07:29<14:32,  1.57s/it]
 81%|ΓûêΓûêΓûêΓûêΓûêΓûêΓûêΓûêΓûÅ | 2444/3000 [1:07:30<13:54,  1.50s/it]
 82%|ΓûêΓûêΓûêΓûêΓûêΓûêΓûêΓûêΓûÅ | 2445/3000 [1:07:33<18:26,  1.99s/it]
 82%|ΓûêΓûêΓûêΓûêΓûêΓûêΓûêΓûêΓûÅ | 2446/3000 [1:07:34<15:52,  1.72s/it]
 82%|ΓûêΓûêΓûêΓûêΓûêΓûêΓûêΓûêΓûÅ | 2447/3000 [1:07:35<14:34,  1.58s/it]
 82%|ΓûêΓûêΓûêΓûêΓûêΓûêΓûêΓûêΓûÅ | 2448/3000 [1:07:37<15:36,  1.70s/it]
 82%|ΓûêΓûêΓûêΓûêΓûêΓûêΓûêΓûêΓûÅ | 2449/3000 [1:07:38<13:48,  1.50s/it]
 82%|ΓûêΓûêΓûêΓûêΓûêΓûêΓûêΓûêΓûÅ | 2450/3000 [1:07:40<13:15,  1.45s/it]
 82%|ΓûêΓûêΓûêΓûêΓûêΓûêΓûêΓûêΓûÅ | 2451/3000 [1:07:41<12:19,  1.35s/it]
 82%|ΓûêΓûêΓûêΓûêΓûêΓûêΓûêΓûêΓûÅ | 2452/3000 [1:07:43<15:12,  1.67s/it]
 82%|ΓûêΓûêΓûêΓûêΓûêΓûêΓûêΓûêΓûÅ | 2453/3000 [1:07:45<14:19,  1.57s/it]
 82%|ΓûêΓûêΓûêΓûêΓûêΓûêΓûêΓûêΓûÅ | 2454/3000 [1:07:46<14:06,  1.55s/it]
 82%|ΓûêΓûêΓûêΓûêΓûêΓûêΓûêΓûêΓûÅ | 2455/3000 [1:07:47<12:24,  1.37s/it]
 82%|ΓûêΓûêΓûêΓûêΓûêΓûêΓûêΓûêΓûÅ | 2456/3000 [1:07:49<13:01,  1.44s/it]
 82%|ΓûêΓûêΓûêΓûêΓûêΓûêΓûêΓûêΓûÅ | 2457/3000 [1:07:50<13:04,  1.44s/it]
 82%|ΓûêΓûêΓûêΓûêΓûêΓûêΓûêΓûêΓûÅ | 2458/3000 [1:07:52<13:36,  1.51s/it]
 82%|ΓûêΓûêΓûêΓûêΓûêΓûêΓûêΓûêΓûÅ | 2459/3000 [1:07:53<13:49,  1.53s/it]
 82%|ΓûêΓûêΓûêΓûêΓûêΓûêΓûêΓûêΓûÅ | 2460/3000 [1:07:57<20:27,  2.27s/it]
 82%|ΓûêΓûêΓûêΓûêΓûêΓûêΓûêΓûêΓûÅ | 2461/3000 [1:07:58<17:29,  1.95s/it]
 82%|ΓûêΓûêΓûêΓûêΓûêΓûêΓûêΓûêΓûÅ | 2462/3000 [1:07:59<14:25,  1.61s/it]
 82%|ΓûêΓûêΓûêΓûêΓûêΓûêΓûêΓûêΓûÅ | 2463/3000 [1:08:00<12:12,  1.36s/it]
 82%|ΓûêΓûêΓûêΓûêΓûêΓûêΓûêΓûêΓûÅ | 2464/3000 [1:08:02<12:42,  1.42s/it]
 82%|ΓûêΓûêΓûêΓûêΓûêΓûêΓûêΓûêΓûÅ | 2465/3000 [1:08:04<16:28,  1.85s/it]
 82%|ΓûêΓûêΓûêΓûêΓûêΓûêΓûêΓûêΓûÅ | 2466/3000 [1:08:05<14:06,  1.58s/it]
 82%|ΓûêΓûêΓûêΓûêΓûêΓûêΓûêΓûêΓûÅ | 2467/3000 [1:08:07<13:49,  1.56s/it]
 82%|ΓûêΓûêΓûêΓûêΓûêΓûêΓûêΓûêΓûÅ | 2468/3000 [1:08:09<14:16,  1.61s/it]
 82%|ΓûêΓûêΓûêΓûêΓûêΓûêΓûêΓûêΓûÅ | 2469/3000 [1:08:13<20:42,  2.34s/it]
 82%|ΓûêΓûêΓûêΓûêΓûêΓûêΓûêΓûêΓûÅ | 2470/3000 [1:08:15<20:16,  2.30s/it]
 82%|ΓûêΓûêΓûêΓûêΓûêΓûêΓûêΓûêΓûÅ | 2471/3000 [1:08:16<16:26,  1.87s/it]
 82%|ΓûêΓûêΓûêΓûêΓûêΓûêΓûêΓûêΓûÅ | 2472/3000 [1:08:17<14:54,  1.69s/it]
 82%|ΓûêΓûêΓûêΓûêΓûêΓûêΓûêΓûêΓûÅ | 2473/3000 [1:08:19<15:47,  1.80s/it]
 82%|ΓûêΓûêΓûêΓûêΓûêΓûêΓûêΓûêΓûÅ | 2474/3000 [1:08:20<13:24,  1.53s/it]
 82%|ΓûêΓûêΓûêΓûêΓûêΓûêΓûêΓûêΓûÄ | 2475/3000 [1:08:26<25:16,  2.89s/it]
 83%|ΓûêΓûêΓûêΓûêΓûêΓûêΓûêΓûêΓûÄ | 2476/3000 [1:08:27<20:12,  2.31s/it]
 83%|ΓûêΓûêΓûêΓûêΓûêΓûêΓûêΓûêΓûÄ | 2477/3000 [1:08:28<17:29,  2.01s/it]
 83%|ΓûêΓûêΓûêΓûêΓûêΓûêΓûêΓûêΓûÄ | 2478/3000 [1:08:30<16:27,  1.89s/it]
 83%|ΓûêΓûêΓûêΓûêΓûêΓûêΓûêΓûêΓûÄ | 2479/3000 [1:08:31<14:59,  1.73s/it]
 83%|ΓûêΓûêΓûêΓûêΓûêΓûêΓûêΓûêΓûÄ | 2480/3000 [1:08:33<13:33,  1.56s/it]
 83%|ΓûêΓûêΓûêΓûêΓûêΓûêΓûêΓûêΓûÄ | 2481/3000 [1:08:34<14:19,  1.66s/it]
 83%|ΓûêΓûêΓûêΓûêΓûêΓûêΓûêΓûêΓûÄ | 2482/3000 [1:08:36<13:25,  1.55s/it]
 83%|ΓûêΓûêΓûêΓûêΓûêΓûêΓûêΓûêΓûÄ | 2483/3000 [1:08:37<13:17,  1.54s/it]
 83%|ΓûêΓûêΓûêΓûêΓûêΓûêΓûêΓûêΓûÄ | 2484/3000 [1:08:39<14:34,  1.70s/it]
 83%|ΓûêΓûêΓûêΓûêΓûêΓûêΓûêΓûêΓûÄ | 2485/3000 [1:08:44<22:00,  2.56s/it]
 83%|ΓûêΓûêΓûêΓûêΓûêΓûêΓûêΓûêΓûÄ | 2486/3000 [1:08:46<20:49,  2.43s/it]
 83%|ΓûêΓûêΓûêΓûêΓûêΓûêΓûêΓûêΓûÄ | 2487/3000 [1:08:48<18:53,  2.21s/it]
 83%|ΓûêΓûêΓûêΓûêΓûêΓûêΓûêΓûêΓûÄ | 2488/3000 [1:08:49<17:04,  2.00s/it]
 83%|ΓûêΓûêΓûêΓûêΓûêΓûêΓûêΓûêΓûÄ | 2489/3000 [1:08:51<16:13,  1.91s/it]
 83%|ΓûêΓûêΓûêΓûêΓûêΓûêΓûêΓûêΓûÄ | 2490/3000 [1:08:52<13:39,  1.61s/it]
 83%|ΓûêΓûêΓûêΓûêΓûêΓûêΓûêΓûêΓûÄ | 2491/3000 [1:08:53<13:49,  1.63s/it]
 83%|ΓûêΓûêΓûêΓûêΓûêΓûêΓûêΓûêΓûÄ | 2492/3000 [1:08:55<13:58,  1.65s/it]
 83%|ΓûêΓûêΓûêΓûêΓûêΓûêΓûêΓûêΓûÄ | 2493/3000 [1:08:57<15:41,  1.86s/it]
 83%|ΓûêΓûêΓûêΓûêΓûêΓûêΓûêΓûêΓûÄ | 2494/3000 [1:08:59<13:52,  1.65s/it]
 83%|ΓûêΓûêΓûêΓûêΓûêΓûêΓûêΓûêΓûÄ | 2495/3000 [1:09:00<13:04,  1.55s/it]
 83%|ΓûêΓûêΓûêΓûêΓûêΓûêΓûêΓûêΓûÄ | 2496/3000 [1:09:01<12:09,  1.45s/it]
 83%|ΓûêΓûêΓûêΓûêΓûêΓûêΓûêΓûêΓûÄ | 2497/3000 [1:09:05<17:41,  2.11s/it]
 83%|ΓûêΓûêΓûêΓûêΓûêΓûêΓûêΓûêΓûÄ | 2498/3000 [1:09:07<17:21,  2.07s/it]
 83%|ΓûêΓûêΓûêΓûêΓûêΓûêΓûêΓûêΓûÄ | 2499/3000 [1:09:08<15:04,  1.81s/it]
 83%|ΓûêΓûêΓûêΓûêΓûêΓûêΓûêΓûêΓûÄ | 2500/3000 [1:09:09<13:08,  1.58s/it]
 83%|ΓûêΓûêΓûêΓûêΓûêΓûêΓûêΓûêΓûÄ | 2501/3000 [1:09:10<11:41,  1.41s/it]
 83%|ΓûêΓûêΓûêΓûêΓûêΓûêΓûêΓûêΓûÄ | 2502/3000 [1:09:11<11:34,  1.39s/it]
 83%|ΓûêΓûêΓûêΓûêΓûêΓûêΓûêΓûêΓûÄ | 2503/3000 [1:09:13<11:21,  1.37s/it]
 83%|ΓûêΓûêΓûêΓûêΓûêΓûêΓûêΓûêΓûÄ | 2504/3000 [1:09:15<13:57,  1.69s/it]
 84%|ΓûêΓûêΓûêΓûêΓûêΓûêΓûêΓûêΓûÄ | 2505/3000 [1:09:16<11:47,  1.43s/it]
 84%|ΓûêΓûêΓûêΓûêΓûêΓûêΓûêΓûêΓûÄ | 2506/3000 [1:09:17<11:28,  1.39s/it]
 84%|ΓûêΓûêΓûêΓûêΓûêΓûêΓûêΓûêΓûÄ | 2507/3000 [1:09:18<10:29,  1.28s/it]
 84%|ΓûêΓûêΓûêΓûêΓûêΓûêΓûêΓûêΓûÄ | 2508/3000 [1:09:21<14:25,  1.76s/it]
 84%|ΓûêΓûêΓûêΓûêΓûêΓûêΓûêΓûêΓûÄ | 2509/3000 [1:09:23<13:41,  1.67s/it]
 84%|ΓûêΓûêΓûêΓûêΓûêΓûêΓûêΓûêΓûÄ | 2510/3000 [1:09:24<13:55,  1.70s/it]
 84%|ΓûêΓûêΓûêΓûêΓûêΓûêΓûêΓûêΓûÄ | 2511/3000 [1:09:28<18:37,  2.28s/it]
 84%|ΓûêΓûêΓûêΓûêΓûêΓûêΓûêΓûêΓûÄ | 2512/3000 [1:09:31<20:56,  2.58s/it]
 84%|ΓûêΓûêΓûêΓûêΓûêΓûêΓûêΓûêΓûì | 2513/3000 [1:09:33<18:20,  2.26s/it]
 84%|ΓûêΓûêΓûêΓûêΓûêΓûêΓûêΓûêΓûì | 2514/3000 [1:09:35<18:38,  2.30s/it]
 84%|ΓûêΓûêΓûêΓûêΓûêΓûêΓûêΓûêΓûì | 2515/3000 [1:09:36<15:49,  1.96s/it]
 84%|ΓûêΓûêΓûêΓûêΓûêΓûêΓûêΓûêΓûì | 2516/3000 [1:09:39<16:08,  2.00s/it]
 84%|ΓûêΓûêΓûêΓûêΓûêΓûêΓûêΓûêΓûì | 2517/3000 [1:09:41<17:21,  2.16s/it]
 84%|ΓûêΓûêΓûêΓûêΓûêΓûêΓûêΓûêΓûì | 2518/3000 [1:09:42<15:34,  1.94s/it]
 84%|ΓûêΓûêΓûêΓûêΓûêΓûêΓûêΓûêΓûì | 2519/3000 [1:09:44<13:45,  1.72s/it]
 84%|ΓûêΓûêΓûêΓûêΓûêΓûêΓûêΓûêΓûì | 2520/3000 [1:09:47<17:15,  2.16s/it]
 84%|ΓûêΓûêΓûêΓûêΓûêΓûêΓûêΓûêΓûì | 2521/3000 [1:09:48<14:00,  1.75s/it]
 84%|ΓûêΓûêΓûêΓûêΓûêΓûêΓûêΓûêΓûì | 2522/3000 [1:09:49<12:23,  1.55s/it]
 84%|ΓûêΓûêΓûêΓûêΓûêΓûêΓûêΓûêΓûì | 2523/3000 [1:09:51<14:13,  1.79s/it]
 84%|ΓûêΓûêΓûêΓûêΓûêΓûêΓûêΓûêΓûì | 2524/3000 [1:09:52<12:51,  1.62s/it]
 84%|ΓûêΓûêΓûêΓûêΓûêΓûêΓûêΓûêΓûì | 2525/3000 [1:09:55<14:25,  1.82s/it]
 84%|ΓûêΓûêΓûêΓûêΓûêΓûêΓûêΓûêΓûì | 2526/3000 [1:09:56<14:33,  1.84s/it]
 84%|ΓûêΓûêΓûêΓûêΓûêΓûêΓûêΓûêΓûì | 2527/3000 [1:09:58<13:15,  1.68s/it]
 84%|ΓûêΓûêΓûêΓûêΓûêΓûêΓûêΓûêΓûì | 2528/3000 [1:09:59<13:11,  1.68s/it]
 84%|ΓûêΓûêΓûêΓûêΓûêΓûêΓûêΓûêΓûì | 2529/3000 [1:10:01<13:06,  1.67s/it]
 84%|ΓûêΓûêΓûêΓûêΓûêΓûêΓûêΓûêΓûì | 2530/3000 [1:10:02<12:01,  1.54s/it]
 84%|ΓûêΓûêΓûêΓûêΓûêΓûêΓûêΓûêΓûì | 2531/3000 [1:10:03<10:51,  1.39s/it]
 84%|ΓûêΓûêΓûêΓûêΓûêΓûêΓûêΓûêΓûì | 2532/3000 [1:10:06<13:59,  1.79s/it]
 84%|ΓûêΓûêΓûêΓûêΓûêΓûêΓûêΓûêΓûì | 2533/3000 [1:10:08<13:37,  1.75s/it]
 84%|ΓûêΓûêΓûêΓûêΓûêΓûêΓûêΓûêΓûì | 2534/3000 [1:10:09<12:58,  1.67s/it]
 84%|ΓûêΓûêΓûêΓûêΓûêΓûêΓûêΓûêΓûì | 2535/3000 [1:10:11<13:43,  1.77s/it]
 85%|ΓûêΓûêΓûêΓûêΓûêΓûêΓûêΓûêΓûì | 2536/3000 [1:10:12<12:15,  1.59s/it]
 85%|ΓûêΓûêΓûêΓûêΓûêΓûêΓûêΓûêΓûì | 2537/3000 [1:10:14<11:43,  1.52s/it]
 85%|ΓûêΓûêΓûêΓûêΓûêΓûêΓûêΓûêΓûì | 2538/3000 [1:10:15<10:46,  1.40s/it]
 85%|ΓûêΓûêΓûêΓûêΓûêΓûêΓûêΓûêΓûì | 2539/3000 [1:10:17<11:45,  1.53s/it]
 85%|ΓûêΓûêΓûêΓûêΓûêΓûêΓûêΓûêΓûì | 2540/3000 [1:10:18<12:04,  1.57s/it]
 85%|ΓûêΓûêΓûêΓûêΓûêΓûêΓûêΓûêΓûì | 2541/3000 [1:10:20<12:00,  1.57s/it]
 85%|ΓûêΓûêΓûêΓûêΓûêΓûêΓûêΓûêΓûì | 2542/3000 [1:10:22<13:07,  1.72s/it]
 85%|ΓûêΓûêΓûêΓûêΓûêΓûêΓûêΓûêΓûì | 2543/3000 [1:10:24<13:39,  1.79s/it]
 85%|ΓûêΓûêΓûêΓûêΓûêΓûêΓûêΓûêΓûì | 2544/3000 [1:10:25<12:19,  1.62s/it]
 85%|ΓûêΓûêΓûêΓûêΓûêΓûêΓûêΓûêΓûì | 2545/3000 [1:10:27<12:43,  1.68s/it]
 85%|ΓûêΓûêΓûêΓûêΓûêΓûêΓûêΓûêΓûì | 2546/3000 [1:10:28<12:09,  1.61s/it]
 85%|ΓûêΓûêΓûêΓûêΓûêΓûêΓûêΓûêΓûì | 2547/3000 [1:10:29<10:47,  1.43s/it]
 85%|ΓûêΓûêΓûêΓûêΓûêΓûêΓûêΓûêΓûì | 2548/3000 [1:10:31<10:24,  1.38s/it]
 85%|ΓûêΓûêΓûêΓûêΓûêΓûêΓûêΓûêΓûì | 2549/3000 [1:10:32<09:43,  1.29s/it]
 85%|ΓûêΓûêΓûêΓûêΓûêΓûêΓûêΓûêΓûî | 2550/3000 [1:10:33<09:11,  1.22s/it]
 85%|ΓûêΓûêΓûêΓûêΓûêΓûêΓûêΓûêΓûî | 2551/3000 [1:10:35<10:43,  1.43s/it]
 85%|ΓûêΓûêΓûêΓûêΓûêΓûêΓûêΓûêΓûî | 2552/3000 [1:10:36<11:07,  1.49s/it]
 85%|ΓûêΓûêΓûêΓûêΓûêΓûêΓûêΓûêΓûî | 2553/3000 [1:10:38<11:30,  1.54s/it]
 85%|ΓûêΓûêΓûêΓûêΓûêΓûêΓûêΓûêΓûî | 2554/3000 [1:10:39<10:23,  1.40s/it]
 85%|ΓûêΓûêΓûêΓûêΓûêΓûêΓûêΓûêΓûî | 2555/3000 [1:10:42<12:28,  1.68s/it]
 85%|ΓûêΓûêΓûêΓûêΓûêΓûêΓûêΓûêΓûî | 2556/3000 [1:10:44<14:16,  1.93s/it]
 85%|ΓûêΓûêΓûêΓûêΓûêΓûêΓûêΓûêΓûî | 2557/3000 [1:10:46<13:47,  1.87s/it]
 85%|ΓûêΓûêΓûêΓûêΓûêΓûêΓûêΓûêΓûî | 2558/3000 [1:10:47<12:22,  1.68s/it]
 85%|ΓûêΓûêΓûêΓûêΓûêΓûêΓûêΓûêΓûî | 2559/3000 [1:10:48<11:46,  1.60s/it]
 85%|ΓûêΓûêΓûêΓûêΓûêΓûêΓûêΓûêΓûî | 2560/3000 [1:10:50<12:06,  1.65s/it]
 85%|ΓûêΓûêΓûêΓûêΓûêΓûêΓûêΓûêΓûî | 2561/3000 [1:10:52<12:13,  1.67s/it]
 85%|ΓûêΓûêΓûêΓûêΓûêΓûêΓûêΓûêΓûî | 2562/3000 [1:10:53<11:23,  1.56s/it]
 85%|ΓûêΓûêΓûêΓûêΓûêΓûêΓûêΓûêΓûî | 2563/3000 [1:10:54<09:50,  1.35s/it]
 85%|ΓûêΓûêΓûêΓûêΓûêΓûêΓûêΓûêΓûî | 2564/3000 [1:10:56<11:46,  1.62s/it]
 86%|ΓûêΓûêΓûêΓûêΓûêΓûêΓûêΓûêΓûî | 2565/3000 [1:10:58<11:29,  1.59s/it]
 86%|ΓûêΓûêΓûêΓûêΓûêΓûêΓûêΓûêΓûî | 2566/3000 [1:10:59<09:46,  1.35s/it]
 86%|ΓûêΓûêΓûêΓûêΓûêΓûêΓûêΓûêΓûî | 2567/3000 [1:11:00<10:22,  1.44s/it]
 86%|ΓûêΓûêΓûêΓûêΓûêΓûêΓûêΓûêΓûî | 2568/3000 [1:11:02<10:32,  1.46s/it]
 86%|ΓûêΓûêΓûêΓûêΓûêΓûêΓûêΓûêΓûî | 2569/3000 [1:11:04<11:52,  1.65s/it]
 86%|ΓûêΓûêΓûêΓûêΓûêΓûêΓûêΓûêΓûî | 2570/3000 [1:11:06<11:50,  1.65s/it]
 86%|ΓûêΓûêΓûêΓûêΓûêΓûêΓûêΓûêΓûî | 2571/3000 [1:11:13<23:56,  3.35s/it]
 86%|ΓûêΓûêΓûêΓûêΓûêΓûêΓûêΓûêΓûî | 2572/3000 [1:11:15<20:33,  2.88s/it]
 86%|ΓûêΓûêΓûêΓûêΓûêΓûêΓûêΓûêΓûî | 2573/3000 [1:11:17<19:42,  2.77s/it]
 86%|ΓûêΓûêΓûêΓûêΓûêΓûêΓûêΓûêΓûî | 2574/3000 [1:11:19<17:46,  2.50s/it]
 86%|ΓûêΓûêΓûêΓûêΓûêΓûêΓûêΓûêΓûî | 2575/3000 [1:11:21<16:57,  2.40s/it]
 86%|ΓûêΓûêΓûêΓûêΓûêΓûêΓûêΓûêΓûî | 2576/3000 [1:11:23<15:18,  2.17s/it]
 86%|ΓûêΓûêΓûêΓûêΓûêΓûêΓûêΓûêΓûî | 2577/3000 [1:11:25<15:27,  2.19s/it]
 86%|ΓûêΓûêΓûêΓûêΓûêΓûêΓûêΓûêΓûî | 2578/3000 [1:11:27<14:14,  2.03s/it]
 86%|ΓûêΓûêΓûêΓûêΓûêΓûêΓûêΓûêΓûî | 2579/3000 [1:11:28<11:50,  1.69s/it]
 86%|ΓûêΓûêΓûêΓûêΓûêΓûêΓûêΓûêΓûî | 2580/3000 [1:11:30<12:47,  1.83s/it]
 86%|ΓûêΓûêΓûêΓûêΓûêΓûêΓûêΓûêΓûî | 2581/3000 [1:11:32<13:44,  1.97s/it]
 86%|ΓûêΓûêΓûêΓûêΓûêΓûêΓûêΓûêΓûî | 2582/3000 [1:11:33<12:38,  1.81s/it]
 86%|ΓûêΓûêΓûêΓûêΓûêΓûêΓûêΓûêΓûî | 2583/3000 [1:11:36<13:41,  1.97s/it]
 86%|ΓûêΓûêΓûêΓûêΓûêΓûêΓûêΓûêΓûî | 2584/3000 [1:11:37<12:33,  1.81s/it]
 86%|ΓûêΓûêΓûêΓûêΓûêΓûêΓûêΓûêΓûî | 2585/3000 [1:11:40<14:09,  2.05s/it]
 86%|ΓûêΓûêΓûêΓûêΓûêΓûêΓûêΓûêΓûî | 2586/3000 [1:11:41<12:10,  1.76s/it]
 86%|ΓûêΓûêΓûêΓûêΓûêΓûêΓûêΓûêΓûî | 2587/3000 [1:11:43<12:37,  1.84s/it]
 86%|ΓûêΓûêΓûêΓûêΓûêΓûêΓûêΓûêΓûï | 2588/3000 [1:11:44<11:10,  1.63s/it]
 86%|ΓûêΓûêΓûêΓûêΓûêΓûêΓûêΓûêΓûï | 2589/3000 [1:11:46<11:08,  1.63s/it]
 86%|ΓûêΓûêΓûêΓûêΓûêΓûêΓûêΓûêΓûï | 2590/3000 [1:11:47<10:20,  1.51s/it]
 86%|ΓûêΓûêΓûêΓûêΓûêΓûêΓûêΓûêΓûï | 2591/3000 [1:11:49<10:58,  1.61s/it]
 86%|ΓûêΓûêΓûêΓûêΓûêΓûêΓûêΓûêΓûï | 2592/3000 [1:11:51<11:39,  1.72s/it]
 86%|ΓûêΓûêΓûêΓûêΓûêΓûêΓûêΓûêΓûï | 2593/3000 [1:11:54<15:00,  2.21s/it]
 86%|ΓûêΓûêΓûêΓûêΓûêΓûêΓûêΓûêΓûï | 2594/3000 [1:11:55<11:59,  1.77s/it]
 86%|ΓûêΓûêΓûêΓûêΓûêΓûêΓûêΓûêΓûï | 2595/3000 [1:11:56<11:00,  1.63s/it]
 87%|ΓûêΓûêΓûêΓûêΓûêΓûêΓûêΓûêΓûï | 2596/3000 [1:11:57<09:43,  1.44s/it]
 87%|ΓûêΓûêΓûêΓûêΓûêΓûêΓûêΓûêΓûï | 2597/3000 [1:11:59<10:30,  1.56s/it]
 87%|ΓûêΓûêΓûêΓûêΓûêΓûêΓûêΓûêΓûï | 2598/3000 [1:12:00<09:14,  1.38s/it]
 87%|ΓûêΓûêΓûêΓûêΓûêΓûêΓûêΓûêΓûï | 2599/3000 [1:12:01<08:17,  1.24s/it]
 87%|ΓûêΓûêΓûêΓûêΓûêΓûêΓûêΓûêΓûï | 2600/3000 [1:12:02<07:21,  1.10s/it]
 87%|ΓûêΓûêΓûêΓûêΓûêΓûêΓûêΓûêΓûï | 2601/3000 [1:12:03<07:25,  1.12s/it]
 87%|ΓûêΓûêΓûêΓûêΓûêΓûêΓûêΓûêΓûï | 2602/3000 [1:12:04<07:06,  1.07s/it]
 87%|ΓûêΓûêΓûêΓûêΓûêΓûêΓûêΓûêΓûï | 2603/3000 [1:12:05<07:49,  1.18s/it]
 87%|ΓûêΓûêΓûêΓûêΓûêΓûêΓûêΓûêΓûï | 2604/3000 [1:12:07<07:55,  1.20s/it]
 87%|ΓûêΓûêΓûêΓûêΓûêΓûêΓûêΓûêΓûï | 2605/3000 [1:12:07<06:59,  1.06s/it]
 87%|ΓûêΓûêΓûêΓûêΓûêΓûêΓûêΓûêΓûï | 2606/3000 [1:12:09<07:32,  1.15s/it]
 87%|ΓûêΓûêΓûêΓûêΓûêΓûêΓûêΓûêΓûï | 2607/3000 [1:12:10<07:52,  1.20s/it]
 87%|ΓûêΓûêΓûêΓûêΓûêΓûêΓûêΓûêΓûï | 2608/3000 [1:12:12<08:48,  1.35s/it]
 87%|ΓûêΓûêΓûêΓûêΓûêΓûêΓûêΓûêΓûï | 2609/3000 [1:12:14<10:51,  1.67s/it]
 87%|ΓûêΓûêΓûêΓûêΓûêΓûêΓûêΓûêΓûï | 2610/3000 [1:12:15<09:11,  1.41s/it]
 87%|ΓûêΓûêΓûêΓûêΓûêΓûêΓûêΓûêΓûï | 2611/3000 [1:12:16<09:26,  1.46s/it]
 87%|ΓûêΓûêΓûêΓûêΓûêΓûêΓûêΓûêΓûï | 2612/3000 [1:12:18<08:45,  1.35s/it]
 87%|ΓûêΓûêΓûêΓûêΓûêΓûêΓûêΓûêΓûï | 2613/3000 [1:12:19<08:52,  1.38s/it]
 87%|ΓûêΓûêΓûêΓûêΓûêΓûêΓûêΓûêΓûï | 2614/3000 [1:12:21<09:22,  1.46s/it]
 87%|ΓûêΓûêΓûêΓûêΓûêΓûêΓûêΓûêΓûï | 2615/3000 [1:12:25<15:02,  2.34s/it]
 87%|ΓûêΓûêΓûêΓûêΓûêΓûêΓûêΓûêΓûï | 2616/3000 [1:12:26<13:03,  2.04s/it]
 87%|ΓûêΓûêΓûêΓûêΓûêΓûêΓûêΓûêΓûï | 2617/3000 [1:12:28<12:02,  1.89s/it]
 87%|ΓûêΓûêΓûêΓûêΓûêΓûêΓûêΓûêΓûï | 2618/3000 [1:12:29<10:52,  1.71s/it]
 87%|ΓûêΓûêΓûêΓûêΓûêΓûêΓûêΓûêΓûï | 2619/3000 [1:12:30<09:26,  1.49s/it]
 87%|ΓûêΓûêΓûêΓûêΓûêΓûêΓûêΓûêΓûï | 2620/3000 [1:12:31<08:44,  1.38s/it]
 87%|ΓûêΓûêΓûêΓûêΓûêΓûêΓûêΓûêΓûï | 2621/3000 [1:12:33<09:55,  1.57s/it]
 87%|ΓûêΓûêΓûêΓûêΓûêΓûêΓûêΓûêΓûï | 2622/3000 [1:12:34<08:40,  1.38s/it]
 87%|ΓûêΓûêΓûêΓûêΓûêΓûêΓûêΓûêΓûï | 2623/3000 [1:12:36<08:38,  1.37s/it]
 87%|ΓûêΓûêΓûêΓûêΓûêΓûêΓûêΓûêΓûï | 2624/3000 [1:12:38<09:57,  1.59s/it]
 88%|ΓûêΓûêΓûêΓûêΓûêΓûêΓûêΓûêΓûè | 2625/3000 [1:12:40<11:47,  1.89s/it]
 88%|ΓûêΓûêΓûêΓûêΓûêΓûêΓûêΓûêΓûè | 2626/3000 [1:12:43<12:41,  2.03s/it]
 88%|ΓûêΓûêΓûêΓûêΓûêΓûêΓûêΓûêΓûè | 2627/3000 [1:12:44<10:53,  1.75s/it]
 88%|ΓûêΓûêΓûêΓûêΓûêΓûêΓûêΓûêΓûè | 2628/3000 [1:12:45<10:15,  1.65s/it]
 88%|ΓûêΓûêΓûêΓûêΓûêΓûêΓûêΓûêΓûè | 2629/3000 [1:12:47<10:11,  1.65s/it]
 88%|ΓûêΓûêΓûêΓûêΓûêΓûêΓûêΓûêΓûè | 2630/3000 [1:12:48<08:42,  1.41s/it]
 88%|ΓûêΓûêΓûêΓûêΓûêΓûêΓûêΓûêΓûè | 2631/3000 [1:12:50<10:52,  1.77s/it]
 88%|ΓûêΓûêΓûêΓûêΓûêΓûêΓûêΓûêΓûè | 2632/3000 [1:12:53<12:25,  2.03s/it]
 88%|ΓûêΓûêΓûêΓûêΓûêΓûêΓûêΓûêΓûè | 2633/3000 [1:12:54<10:57,  1.79s/it]
 88%|ΓûêΓûêΓûêΓûêΓûêΓûêΓûêΓûêΓûè | 2634/3000 [1:12:56<10:54,  1.79s/it]
 88%|ΓûêΓûêΓûêΓûêΓûêΓûêΓûêΓûêΓûè | 2635/3000 [1:12:57<09:36,  1.58s/it]
 88%|ΓûêΓûêΓûêΓûêΓûêΓûêΓûêΓûêΓûè | 2636/3000 [1:12:58<08:41,  1.43s/it]
 88%|ΓûêΓûêΓûêΓûêΓûêΓûêΓûêΓûêΓûè | 2637/3000 [1:13:01<10:48,  1.79s/it]
 88%|ΓûêΓûêΓûêΓûêΓûêΓûêΓûêΓûêΓûè | 2638/3000 [1:13:02<10:48,  1.79s/it]
 88%|ΓûêΓûêΓûêΓûêΓûêΓûêΓûêΓûêΓûè | 2639/3000 [1:13:04<10:01,  1.67s/it]
 88%|ΓûêΓûêΓûêΓûêΓûêΓûêΓûêΓûêΓûè | 2640/3000 [1:13:05<08:25,  1.40s/it]
 88%|ΓûêΓûêΓûêΓûêΓûêΓûêΓûêΓûêΓûè | 2641/3000 [1:13:06<08:25,  1.41s/it]
 88%|ΓûêΓûêΓûêΓûêΓûêΓûêΓûêΓûêΓûè | 2642/3000 [1:13:07<07:17,  1.22s/it]
 88%|ΓûêΓûêΓûêΓûêΓûêΓûêΓûêΓûêΓûè | 2643/3000 [1:13:08<06:48,  1.14s/it]
 88%|ΓûêΓûêΓûêΓûêΓûêΓûêΓûêΓûêΓûè | 2644/3000 [1:13:09<06:26,  1.09s/it]
 88%|ΓûêΓûêΓûêΓûêΓûêΓûêΓûêΓûêΓûè | 2645/3000 [1:13:10<06:59,  1.18s/it]
 88%|ΓûêΓûêΓûêΓûêΓûêΓûêΓûêΓûêΓûè | 2646/3000 [1:13:11<07:08,  1.21s/it]
 88%|ΓûêΓûêΓûêΓûêΓûêΓûêΓûêΓûêΓûè | 2647/3000 [1:13:13<07:10,  1.22s/it]
 88%|ΓûêΓûêΓûêΓûêΓûêΓûêΓûêΓûêΓûè | 2648/3000 [1:13:14<07:19,  1.25s/it]
 88%|ΓûêΓûêΓûêΓûêΓûêΓûêΓûêΓûêΓûè | 2649/3000 [1:13:15<07:15,  1.24s/it]
 88%|ΓûêΓûêΓûêΓûêΓûêΓûêΓûêΓûêΓûè | 2650/3000 [1:13:16<07:05,  1.22s/it]
 88%|ΓûêΓûêΓûêΓûêΓûêΓûêΓûêΓûêΓûè | 2651/3000 [1:13:17<06:51,  1.18s/it]
 88%|ΓûêΓûêΓûêΓûêΓûêΓûêΓûêΓûêΓûè | 2652/3000 [1:13:19<06:50,  1.18s/it]
 88%|ΓûêΓûêΓûêΓûêΓûêΓûêΓûêΓûêΓûè | 2653/3000 [1:13:20<06:29,  1.12s/it]
 88%|ΓûêΓûêΓûêΓûêΓûêΓûêΓûêΓûêΓûè | 2654/3000 [1:13:20<05:52,  1.02s/it]
 88%|ΓûêΓûêΓûêΓûêΓûêΓûêΓûêΓûêΓûè | 2655/3000 [1:13:22<06:22,  1.11s/it]
 89%|ΓûêΓûêΓûêΓûêΓûêΓûêΓûêΓûêΓûè | 2656/3000 [1:13:24<07:49,  1.36s/it]
 89%|ΓûêΓûêΓûêΓûêΓûêΓûêΓûêΓûêΓûè | 2657/3000 [1:13:26<09:16,  1.62s/it]
 89%|ΓûêΓûêΓûêΓûêΓûêΓûêΓûêΓûêΓûè | 2658/3000 [1:13:27<08:47,  1.54s/it]
 89%|ΓûêΓûêΓûêΓûêΓûêΓûêΓûêΓûêΓûè | 2659/3000 [1:13:29<09:45,  1.72s/it]
 89%|ΓûêΓûêΓûêΓûêΓûêΓûêΓûêΓûêΓûè | 2660/3000 [1:13:31<08:41,  1.53s/it]
 89%|ΓûêΓûêΓûêΓûêΓûêΓûêΓûêΓûêΓûè | 2661/3000 [1:13:31<07:35,  1.34s/it]
 89%|ΓûêΓûêΓûêΓûêΓûêΓûêΓûêΓûêΓûè | 2662/3000 [1:13:35<10:33,  1.88s/it]
 89%|ΓûêΓûêΓûêΓûêΓûêΓûêΓûêΓûêΓûë | 2663/3000 [1:13:37<10:58,  1.95s/it]
 89%|ΓûêΓûêΓûêΓûêΓûêΓûêΓûêΓûêΓûë | 2664/3000 [1:13:39<11:02,  1.97s/it]
 89%|ΓûêΓûêΓûêΓûêΓûêΓûêΓûêΓûêΓûë | 2665/3000 [1:13:41<11:42,  2.10s/it]
 89%|ΓûêΓûêΓûêΓûêΓûêΓûêΓûêΓûêΓûë | 2666/3000 [1:13:43<12:02,  2.16s/it]
 89%|ΓûêΓûêΓûêΓûêΓûêΓûêΓûêΓûêΓûë | 2667/3000 [1:13:45<10:54,  1.96s/it]
 89%|ΓûêΓûêΓûêΓûêΓûêΓûêΓûêΓûêΓûë | 2668/3000 [1:13:47<10:43,  1.94s/it]
 89%|ΓûêΓûêΓûêΓûêΓûêΓûêΓûêΓûêΓûë | 2669/3000 [1:13:48<10:07,  1.84s/it]
 89%|ΓûêΓûêΓûêΓûêΓûêΓûêΓûêΓûêΓûë | 2670/3000 [1:13:50<09:04,  1.65s/it]
 89%|ΓûêΓûêΓûêΓûêΓûêΓûêΓûêΓûêΓûë | 2671/3000 [1:13:52<09:32,  1.74s/it]
 89%|ΓûêΓûêΓûêΓûêΓûêΓûêΓûêΓûêΓûë | 2672/3000 [1:13:53<09:14,  1.69s/it]
 89%|ΓûêΓûêΓûêΓûêΓûêΓûêΓûêΓûêΓûë | 2673/3000 [1:13:56<10:25,  1.91s/it]
 89%|ΓûêΓûêΓûêΓûêΓûêΓûêΓûêΓûêΓûë | 2674/3000 [1:13:57<10:23,  1.91s/it]
 89%|ΓûêΓûêΓûêΓûêΓûêΓûêΓûêΓûêΓûë | 2675/3000 [1:13:59<09:49,  1.81s/it]
 89%|ΓûêΓûêΓûêΓûêΓûêΓûêΓûêΓûêΓûë | 2676/3000 [1:14:05<15:47,  2.92s/it]
 89%|ΓûêΓûêΓûêΓûêΓûêΓûêΓûêΓûêΓûë | 2677/3000 [1:14:06<13:14,  2.46s/it]
 89%|ΓûêΓûêΓûêΓûêΓûêΓûêΓûêΓûêΓûë | 2678/3000 [1:14:07<11:16,  2.10s/it]
 89%|ΓûêΓûêΓûêΓûêΓûêΓûêΓûêΓûêΓûë | 2679/3000 [1:14:08<09:31,  1.78s/it]
 89%|ΓûêΓûêΓûêΓûêΓûêΓûêΓûêΓûêΓûë | 2680/3000 [1:14:09<08:42,  1.63s/it]
 89%|ΓûêΓûêΓûêΓûêΓûêΓûêΓûêΓûêΓûë | 2681/3000 [1:14:10<07:20,  1.38s/it]
 89%|ΓûêΓûêΓûêΓûêΓûêΓûêΓûêΓûêΓûë | 2682/3000 [1:14:13<09:01,  1.70s/it]
 89%|ΓûêΓûêΓûêΓûêΓûêΓûêΓûêΓûêΓûë | 2683/3000 [1:14:14<07:51,  1.49s/it]
 89%|ΓûêΓûêΓûêΓûêΓûêΓûêΓûêΓûêΓûë | 2684/3000 [1:14:16<08:38,  1.64s/it]
 90%|ΓûêΓûêΓûêΓûêΓûêΓûêΓûêΓûêΓûë | 2685/3000 [1:14:17<07:37,  1.45s/it]
 90%|ΓûêΓûêΓûêΓûêΓûêΓûêΓûêΓûêΓûë | 2686/3000 [1:14:18<07:13,  1.38s/it]
 90%|ΓûêΓûêΓûêΓûêΓûêΓûêΓûêΓûêΓûë | 2687/3000 [1:14:19<06:39,  1.28s/it]
 90%|ΓûêΓûêΓûêΓûêΓûêΓûêΓûêΓûêΓûë | 2688/3000 [1:14:20<06:19,  1.22s/it]
 90%|ΓûêΓûêΓûêΓûêΓûêΓûêΓûêΓûêΓûë | 2689/3000 [1:14:22<06:41,  1.29s/it]
 90%|ΓûêΓûêΓûêΓûêΓûêΓûêΓûêΓûêΓûë | 2690/3000 [1:14:23<07:36,  1.47s/it]
 90%|ΓûêΓûêΓûêΓûêΓûêΓûêΓûêΓûêΓûë | 2691/3000 [1:14:24<06:57,  1.35s/it]
 90%|ΓûêΓûêΓûêΓûêΓûêΓûêΓûêΓûêΓûë | 2692/3000 [1:14:26<06:31,  1.27s/it]
 90%|ΓûêΓûêΓûêΓûêΓûêΓûêΓûêΓûêΓûë | 2693/3000 [1:14:27<06:17,  1.23s/it]
 90%|ΓûêΓûêΓûêΓûêΓûêΓûêΓûêΓûêΓûë | 2694/3000 [1:14:28<06:39,  1.31s/it]
 90%|ΓûêΓûêΓûêΓûêΓûêΓûêΓûêΓûêΓûë | 2695/3000 [1:14:30<07:03,  1.39s/it]
 90%|ΓûêΓûêΓûêΓûêΓûêΓûêΓûêΓûêΓûë | 2696/3000 [1:14:32<08:18,  1.64s/it]
 90%|ΓûêΓûêΓûêΓûêΓûêΓûêΓûêΓûêΓûë | 2697/3000 [1:14:34<08:08,  1.61s/it]
 90%|ΓûêΓûêΓûêΓûêΓûêΓûêΓûêΓûêΓûë | 2698/3000 [1:14:34<06:55,  1.38s/it]
 90%|ΓûêΓûêΓûêΓûêΓûêΓûêΓûêΓûêΓûë | 2699/3000 [1:14:36<06:51,  1.37s/it]
 90%|ΓûêΓûêΓûêΓûêΓûêΓûêΓûêΓûêΓûê | 2700/3000 [1:14:37<07:26,  1.49s/it]
 90%|ΓûêΓûêΓûêΓûêΓûêΓûêΓûêΓûêΓûê | 2701/3000 [1:14:39<07:34,  1.52s/it]
 90%|ΓûêΓûêΓûêΓûêΓûêΓûêΓûêΓûêΓûê | 2702/3000 [1:14:41<08:07,  1.64s/it]
 90%|ΓûêΓûêΓûêΓûêΓûêΓûêΓûêΓûêΓûê | 2703/3000 [1:14:43<08:02,  1.62s/it]
 90%|ΓûêΓûêΓûêΓûêΓûêΓûêΓûêΓûêΓûê | 2704/3000 [1:14:43<06:52,  1.39s/it]
 90%|ΓûêΓûêΓûêΓûêΓûêΓûêΓûêΓûêΓûê | 2705/3000 [1:14:45<06:53,  1.40s/it]
 90%|ΓûêΓûêΓûêΓûêΓûêΓûêΓûêΓûêΓûê | 2706/3000 [1:14:47<07:17,  1.49s/it]
 90%|ΓûêΓûêΓûêΓûêΓûêΓûêΓûêΓûêΓûê | 2707/3000 [1:14:47<06:17,  1.29s/it]
 90%|ΓûêΓûêΓûêΓûêΓûêΓûêΓûêΓûêΓûê | 2708/3000 [1:14:50<07:59,  1.64s/it]
 90%|ΓûêΓûêΓûêΓûêΓûêΓûêΓûêΓûêΓûê | 2709/3000 [1:14:51<07:34,  1.56s/it]
 90%|ΓûêΓûêΓûêΓûêΓûêΓûêΓûêΓûêΓûê | 2710/3000 [1:14:54<09:05,  1.88s/it]
 90%|ΓûêΓûêΓûêΓûêΓûêΓûêΓûêΓûêΓûê | 2711/3000 [1:14:55<08:43,  1.81s/it]
 90%|ΓûêΓûêΓûêΓûêΓûêΓûêΓûêΓûêΓûê | 2712/3000 [1:15:00<12:05,  2.52s/it]
 90%|ΓûêΓûêΓûêΓûêΓûêΓûêΓûêΓûêΓûê | 2713/3000 [1:15:01<11:02,  2.31s/it]
 90%|ΓûêΓûêΓûêΓûêΓûêΓûêΓûêΓûêΓûê | 2714/3000 [1:15:03<09:49,  2.06s/it]
 90%|ΓûêΓûêΓûêΓûêΓûêΓûêΓûêΓûêΓûê | 2715/3000 [1:15:04<08:58,  1.89s/it]
 91%|ΓûêΓûêΓûêΓûêΓûêΓûêΓûêΓûêΓûê | 2716/3000 [1:15:06<08:43,  1.84s/it]
 91%|ΓûêΓûêΓûêΓûêΓûêΓûêΓûêΓûêΓûê | 2717/3000 [1:15:08<08:35,  1.82s/it]
 91%|ΓûêΓûêΓûêΓûêΓûêΓûêΓûêΓûêΓûê | 2718/3000 [1:15:09<07:56,  1.69s/it]
 91%|ΓûêΓûêΓûêΓûêΓûêΓûêΓûêΓûêΓûê | 2719/3000 [1:15:10<07:03,  1.51s/it]
 91%|ΓûêΓûêΓûêΓûêΓûêΓûêΓûêΓûêΓûê | 2720/3000 [1:15:11<05:54,  1.26s/it]
 91%|ΓûêΓûêΓûêΓûêΓûêΓûêΓûêΓûêΓûê | 2721/3000 [1:15:12<05:23,  1.16s/it]
 91%|ΓûêΓûêΓûêΓûêΓûêΓûêΓûêΓûêΓûê | 2722/3000 [1:15:13<05:46,  1.25s/it]
 91%|ΓûêΓûêΓûêΓûêΓûêΓûêΓûêΓûêΓûê | 2723/3000 [1:15:14<05:03,  1.10s/it]
 91%|ΓûêΓûêΓûêΓûêΓûêΓûêΓûêΓûêΓûê | 2724/3000 [1:15:16<05:17,  1.15s/it]
 91%|ΓûêΓûêΓûêΓûêΓûêΓûêΓûêΓûêΓûê | 2725/3000 [1:15:18<06:37,  1.44s/it]
 91%|ΓûêΓûêΓûêΓûêΓûêΓûêΓûêΓûêΓûê | 2726/3000 [1:15:19<05:57,  1.30s/it]
 91%|ΓûêΓûêΓûêΓûêΓûêΓûêΓûêΓûêΓûê | 2727/3000 [1:15:20<05:27,  1.20s/it]
 91%|ΓûêΓûêΓûêΓûêΓûêΓûêΓûêΓûêΓûê | 2728/3000 [1:15:21<05:09,  1.14s/it]
 91%|ΓûêΓûêΓûêΓûêΓûêΓûêΓûêΓûêΓûê | 2729/3000 [1:15:22<05:23,  1.19s/it]
 91%|ΓûêΓûêΓûêΓûêΓûêΓûêΓûêΓûêΓûê | 2730/3000 [1:15:23<04:52,  1.08s/it]
 91%|ΓûêΓûêΓûêΓûêΓûêΓûêΓûêΓûêΓûê | 2731/3000 [1:15:25<05:53,  1.32s/it]
 91%|ΓûêΓûêΓûêΓûêΓûêΓûêΓûêΓûêΓûê | 2732/3000 [1:15:25<05:16,  1.18s/it]
 91%|ΓûêΓûêΓûêΓûêΓûêΓûêΓûêΓûêΓûê | 2733/3000 [1:15:26<04:47,  1.08s/it]
 91%|ΓûêΓûêΓûêΓûêΓûêΓûêΓûêΓûêΓûê | 2734/3000 [1:15:28<05:47,  1.31s/it]
 91%|ΓûêΓûêΓûêΓûêΓûêΓûêΓûêΓûêΓûê | 2735/3000 [1:15:30<06:12,  1.41s/it]
 91%|ΓûêΓûêΓûêΓûêΓûêΓûêΓûêΓûêΓûê | 2736/3000 [1:15:31<05:38,  1.28s/it]
 91%|ΓûêΓûêΓûêΓûêΓûêΓûêΓûêΓûêΓûê | 2737/3000 [1:15:33<06:43,  1.54s/it]
 91%|ΓûêΓûêΓûêΓûêΓûêΓûêΓûêΓûêΓûêΓûÅ| 2738/3000 [1:15:34<06:14,  1.43s/it]
 91%|ΓûêΓûêΓûêΓûêΓûêΓûêΓûêΓûêΓûêΓûÅ| 2739/3000 [1:15:36<06:18,  1.45s/it]
 91%|ΓûêΓûêΓûêΓûêΓûêΓûêΓûêΓûêΓûêΓûÅ| 2740/3000 [1:15:37<06:18,  1.46s/it]
 91%|ΓûêΓûêΓûêΓûêΓûêΓûêΓûêΓûêΓûêΓûÅ| 2741/3000 [1:15:38<05:37,  1.30s/it]
 91%|ΓûêΓûêΓûêΓûêΓûêΓûêΓûêΓûêΓûêΓûÅ| 2742/3000 [1:15:39<05:26,  1.27s/it]
 91%|ΓûêΓûêΓûêΓûêΓûêΓûêΓûêΓûêΓûêΓûÅ| 2743/3000 [1:15:41<05:46,  1.35s/it]
 91%|ΓûêΓûêΓûêΓûêΓûêΓûêΓûêΓûêΓûêΓûÅ| 2744/3000 [1:15:42<05:48,  1.36s/it]
 92%|ΓûêΓûêΓûêΓûêΓûêΓûêΓûêΓûêΓûêΓûÅ| 2745/3000 [1:15:43<05:12,  1.23s/it]
 92%|ΓûêΓûêΓûêΓûêΓûêΓûêΓûêΓûêΓûêΓûÅ| 2746/3000 [1:15:46<06:55,  1.64s/it]
 92%|ΓûêΓûêΓûêΓûêΓûêΓûêΓûêΓûêΓûêΓûÅ| 2747/3000 [1:15:47<06:58,  1.66s/it]
 92%|ΓûêΓûêΓûêΓûêΓûêΓûêΓûêΓûêΓûêΓûÅ| 2748/3000 [1:15:49<06:37,  1.58s/it]
 92%|ΓûêΓûêΓûêΓûêΓûêΓûêΓûêΓûêΓûêΓûÅ| 2749/3000 [1:15:50<06:01,  1.44s/it]
 92%|ΓûêΓûêΓûêΓûêΓûêΓûêΓûêΓûêΓûêΓûÅ| 2750/3000 [1:15:51<05:41,  1.37s/it]
 92%|ΓûêΓûêΓûêΓûêΓûêΓûêΓûêΓûêΓûêΓûÅ| 2751/3000 [1:15:53<06:39,  1.60s/it]
 92%|ΓûêΓûêΓûêΓûêΓûêΓûêΓûêΓûêΓûêΓûÅ| 2752/3000 [1:15:55<07:27,  1.81s/it]
 92%|ΓûêΓûêΓûêΓûêΓûêΓûêΓûêΓûêΓûêΓûÅ| 2753/3000 [1:15:57<06:58,  1.69s/it]
 92%|ΓûêΓûêΓûêΓûêΓûêΓûêΓûêΓûêΓûêΓûÅ| 2754/3000 [1:15:58<06:19,  1.54s/it]
 92%|ΓûêΓûêΓûêΓûêΓûêΓûêΓûêΓûêΓûêΓûÅ| 2755/3000 [1:16:00<06:58,  1.71s/it]
 92%|ΓûêΓûêΓûêΓûêΓûêΓûêΓûêΓûêΓûêΓûÅ| 2756/3000 [1:16:02<07:11,  1.77s/it]
 92%|ΓûêΓûêΓûêΓûêΓûêΓûêΓûêΓûêΓûêΓûÅ| 2757/3000 [1:16:03<06:22,  1.58s/it]
 92%|ΓûêΓûêΓûêΓûêΓûêΓûêΓûêΓûêΓûêΓûÅ| 2758/3000 [1:16:05<06:55,  1.72s/it]
 92%|ΓûêΓûêΓûêΓûêΓûêΓûêΓûêΓûêΓûêΓûÅ| 2759/3000 [1:16:06<06:18,  1.57s/it]
 92%|ΓûêΓûêΓûêΓûêΓûêΓûêΓûêΓûêΓûêΓûÅ| 2760/3000 [1:16:08<06:09,  1.54s/it]
 92%|ΓûêΓûêΓûêΓûêΓûêΓûêΓûêΓûêΓûêΓûÅ| 2761/3000 [1:16:11<07:53,  1.98s/it]
 92%|ΓûêΓûêΓûêΓûêΓûêΓûêΓûêΓûêΓûêΓûÅ| 2762/3000 [1:16:12<06:55,  1.75s/it]
 92%|ΓûêΓûêΓûêΓûêΓûêΓûêΓûêΓûêΓûêΓûÅ| 2763/3000 [1:16:14<06:46,  1.72s/it]
 92%|ΓûêΓûêΓûêΓûêΓûêΓûêΓûêΓûêΓûêΓûÅ| 2764/3000 [1:16:16<06:56,  1.77s/it]
 92%|ΓûêΓûêΓûêΓûêΓûêΓûêΓûêΓûêΓûêΓûÅ| 2765/3000 [1:16:17<05:51,  1.50s/it]
 92%|ΓûêΓûêΓûêΓûêΓûêΓûêΓûêΓûêΓûêΓûÅ| 2766/3000 [1:16:20<08:00,  2.05s/it]
 92%|ΓûêΓûêΓûêΓûêΓûêΓûêΓûêΓûêΓûêΓûÅ| 2767/3000 [1:16:25<11:21,  2.92s/it]
 92%|ΓûêΓûêΓûêΓûêΓûêΓûêΓûêΓûêΓûêΓûÅ| 2768/3000 [1:16:26<09:37,  2.49s/it]
 92%|ΓûêΓûêΓûêΓûêΓûêΓûêΓûêΓûêΓûêΓûÅ| 2769/3000 [1:16:27<08:03,  2.09s/it]
 92%|ΓûêΓûêΓûêΓûêΓûêΓûêΓûêΓûêΓûêΓûÅ| 2770/3000 [1:16:28<06:44,  1.76s/it]
 92%|ΓûêΓûêΓûêΓûêΓûêΓûêΓûêΓûêΓûêΓûÅ| 2771/3000 [1:16:30<05:59,  1.57s/it]
 92%|ΓûêΓûêΓûêΓûêΓûêΓûêΓûêΓûêΓûêΓûÅ| 2772/3000 [1:16:31<05:35,  1.47s/it]
 92%|ΓûêΓûêΓûêΓûêΓûêΓûêΓûêΓûêΓûêΓûÅ| 2773/3000 [1:16:32<05:07,  1.35s/it]
 92%|ΓûêΓûêΓûêΓûêΓûêΓûêΓûêΓûêΓûêΓûÅ| 2774/3000 [1:16:33<04:34,  1.22s/it]
 92%|ΓûêΓûêΓûêΓûêΓûêΓûêΓûêΓûêΓûêΓûÄ| 2775/3000 [1:16:34<04:13,  1.13s/it]
 93%|ΓûêΓûêΓûêΓûêΓûêΓûêΓûêΓûêΓûêΓûÄ| 2776/3000 [1:16:35<03:55,  1.05s/it]
 93%|ΓûêΓûêΓûêΓûêΓûêΓûêΓûêΓûêΓûêΓûÄ| 2777/3000 [1:16:36<04:32,  1.22s/it]
 93%|ΓûêΓûêΓûêΓûêΓûêΓûêΓûêΓûêΓûêΓûÄ| 2778/3000 [1:16:39<06:02,  1.63s/it]
 93%|ΓûêΓûêΓûêΓûêΓûêΓûêΓûêΓûêΓûêΓûÄ| 2779/3000 [1:16:40<05:28,  1.49s/it]
 93%|ΓûêΓûêΓûêΓûêΓûêΓûêΓûêΓûêΓûêΓûÄ| 2780/3000 [1:16:42<06:31,  1.78s/it]
 93%|ΓûêΓûêΓûêΓûêΓûêΓûêΓûêΓûêΓûêΓûÄ| 2781/3000 [1:16:44<05:44,  1.57s/it]
 93%|ΓûêΓûêΓûêΓûêΓûêΓûêΓûêΓûêΓûêΓûÄ| 2782/3000 [1:16:46<06:36,  1.82s/it]
 93%|ΓûêΓûêΓûêΓûêΓûêΓûêΓûêΓûêΓûêΓûÄ| 2783/3000 [1:16:47<05:33,  1.53s/it]
 93%|ΓûêΓûêΓûêΓûêΓûêΓûêΓûêΓûêΓûêΓûÄ| 2784/3000 [1:16:48<05:15,  1.46s/it]
 93%|ΓûêΓûêΓûêΓûêΓûêΓûêΓûêΓûêΓûêΓûÄ| 2785/3000 [1:16:50<05:39,  1.58s/it]
 93%|ΓûêΓûêΓûêΓûêΓûêΓûêΓûêΓûêΓûêΓûÄ| 2786/3000 [1:16:53<06:42,  1.88s/it]
 93%|ΓûêΓûêΓûêΓûêΓûêΓûêΓûêΓûêΓûêΓûÄ| 2787/3000 [1:16:57<09:50,  2.77s/it]
 93%|ΓûêΓûêΓûêΓûêΓûêΓûêΓûêΓûêΓûêΓûÄ| 2788/3000 [1:16:59<08:53,  2.52s/it]
 93%|ΓûêΓûêΓûêΓûêΓûêΓûêΓûêΓûêΓûêΓûÄ| 2789/3000 [1:17:02<08:41,  2.47s/it]
 93%|ΓûêΓûêΓûêΓûêΓûêΓûêΓûêΓûêΓûêΓûÄ| 2790/3000 [1:17:03<07:44,  2.21s/it]
 93%|ΓûêΓûêΓûêΓûêΓûêΓûêΓûêΓûêΓûêΓûÄ| 2791/3000 [1:17:06<07:54,  2.27s/it]
 93%|ΓûêΓûêΓûêΓûêΓûêΓûêΓûêΓûêΓûêΓûÄ| 2792/3000 [1:17:08<07:26,  2.15s/it]
 93%|ΓûêΓûêΓûêΓûêΓûêΓûêΓûêΓûêΓûêΓûÄ| 2793/3000 [1:17:09<07:07,  2.06s/it]
 93%|ΓûêΓûêΓûêΓûêΓûêΓûêΓûêΓûêΓûêΓûÄ| 2794/3000 [1:17:10<06:05,  1.78s/it]
 93%|ΓûêΓûêΓûêΓûêΓûêΓûêΓûêΓûêΓûêΓûÄ| 2795/3000 [1:17:15<08:44,  2.56s/it]
 93%|ΓûêΓûêΓûêΓûêΓûêΓûêΓûêΓûêΓûêΓûÄ| 2796/3000 [1:17:16<07:10,  2.11s/it]
 93%|ΓûêΓûêΓûêΓûêΓûêΓûêΓûêΓûêΓûêΓûÄ| 2797/3000 [1:17:19<07:44,  2.29s/it]
 93%|ΓûêΓûêΓûêΓûêΓûêΓûêΓûêΓûêΓûêΓûÄ| 2798/3000 [1:17:20<06:36,  1.96s/it]
 93%|ΓûêΓûêΓûêΓûêΓûêΓûêΓûêΓûêΓûêΓûÄ| 2799/3000 [1:17:21<05:28,  1.63s/it]
 93%|ΓûêΓûêΓûêΓûêΓûêΓûêΓûêΓûêΓûêΓûÄ| 2800/3000 [1:17:23<06:06,  1.83s/it]
 93%|ΓûêΓûêΓûêΓûêΓûêΓûêΓûêΓûêΓûêΓûÄ| 2801/3000 [1:17:24<05:23,  1.63s/it]
 93%|ΓûêΓûêΓûêΓûêΓûêΓûêΓûêΓûêΓûêΓûÄ| 2802/3000 [1:17:26<05:31,  1.67s/it]
 93%|ΓûêΓûêΓûêΓûêΓûêΓûêΓûêΓûêΓûêΓûÄ| 2803/3000 [1:17:27<05:11,  1.58s/it]
 93%|ΓûêΓûêΓûêΓûêΓûêΓûêΓûêΓûêΓûêΓûÄ| 2804/3000 [1:17:29<05:26,  1.67s/it]
 94%|ΓûêΓûêΓûêΓûêΓûêΓûêΓûêΓûêΓûêΓûÄ| 2805/3000 [1:17:31<05:10,  1.59s/it]
 94%|ΓûêΓûêΓûêΓûêΓûêΓûêΓûêΓûêΓûêΓûÄ| 2806/3000 [1:17:33<05:31,  1.71s/it]
 94%|ΓûêΓûêΓûêΓûêΓûêΓûêΓûêΓûêΓûêΓûÄ| 2807/3000 [1:17:34<05:07,  1.59s/it]
 94%|ΓûêΓûêΓûêΓûêΓûêΓûêΓûêΓûêΓûêΓûÄ| 2808/3000 [1:17:35<04:42,  1.47s/it]
 94%|ΓûêΓûêΓûêΓûêΓûêΓûêΓûêΓûêΓûêΓûÄ| 2809/3000 [1:17:37<04:46,  1.50s/it]
 94%|ΓûêΓûêΓûêΓûêΓûêΓûêΓûêΓûêΓûêΓûÄ| 2810/3000 [1:17:39<05:10,  1.63s/it]
 94%|ΓûêΓûêΓûêΓûêΓûêΓûêΓûêΓûêΓûêΓûÄ| 2811/3000 [1:17:41<05:40,  1.80s/it]
 94%|ΓûêΓûêΓûêΓûêΓûêΓûêΓûêΓûêΓûêΓûÄ| 2812/3000 [1:17:42<05:29,  1.75s/it]
 94%|ΓûêΓûêΓûêΓûêΓûêΓûêΓûêΓûêΓûêΓûì| 2813/3000 [1:17:43<04:40,  1.50s/it]
 94%|ΓûêΓûêΓûêΓûêΓûêΓûêΓûêΓûêΓûêΓûì| 2814/3000 [1:17:45<04:38,  1.50s/it]
 94%|ΓûêΓûêΓûêΓûêΓûêΓûêΓûêΓûêΓûêΓûì| 2815/3000 [1:17:46<03:58,  1.29s/it]
 94%|ΓûêΓûêΓûêΓûêΓûêΓûêΓûêΓûêΓûêΓûì| 2816/3000 [1:17:48<04:32,  1.48s/it]
 94%|ΓûêΓûêΓûêΓûêΓûêΓûêΓûêΓûêΓûêΓûì| 2817/3000 [1:17:49<04:03,  1.33s/it]
 94%|ΓûêΓûêΓûêΓûêΓûêΓûêΓûêΓûêΓûêΓûì| 2818/3000 [1:17:49<03:36,  1.19s/it]
 94%|ΓûêΓûêΓûêΓûêΓûêΓûêΓûêΓûêΓûêΓûì| 2819/3000 [1:17:51<03:36,  1.19s/it]
 94%|ΓûêΓûêΓûêΓûêΓûêΓûêΓûêΓûêΓûêΓûì| 2820/3000 [1:17:52<04:00,  1.33s/it]
 94%|ΓûêΓûêΓûêΓûêΓûêΓûêΓûêΓûêΓûêΓûì| 2821/3000 [1:17:54<04:20,  1.45s/it]
 94%|ΓûêΓûêΓûêΓûêΓûêΓûêΓûêΓûêΓûêΓûì| 2822/3000 [1:17:55<03:52,  1.31s/it]
 94%|ΓûêΓûêΓûêΓûêΓûêΓûêΓûêΓûêΓûêΓûì| 2823/3000 [1:17:56<03:51,  1.31s/it]
 94%|ΓûêΓûêΓûêΓûêΓûêΓûêΓûêΓûêΓûêΓûì| 2824/3000 [1:17:58<03:53,  1.33s/it]
 94%|ΓûêΓûêΓûêΓûêΓûêΓûêΓûêΓûêΓûêΓûì| 2825/3000 [1:17:59<04:11,  1.43s/it]
 94%|ΓûêΓûêΓûêΓûêΓûêΓûêΓûêΓûêΓûêΓûì| 2826/3000 [1:18:01<04:06,  1.42s/it]
 94%|ΓûêΓûêΓûêΓûêΓûêΓûêΓûêΓûêΓûêΓûì| 2827/3000 [1:18:02<04:24,  1.53s/it]
 94%|ΓûêΓûêΓûêΓûêΓûêΓûêΓûêΓûêΓûêΓûì| 2828/3000 [1:18:03<03:54,  1.36s/it]
 94%|ΓûêΓûêΓûêΓûêΓûêΓûêΓûêΓûêΓûêΓûì| 2829/3000 [1:18:04<03:27,  1.22s/it]
 94%|ΓûêΓûêΓûêΓûêΓûêΓûêΓûêΓûêΓûêΓûì| 2830/3000 [1:18:06<04:11,  1.48s/it]
 94%|ΓûêΓûêΓûêΓûêΓûêΓûêΓûêΓûêΓûêΓûì| 2831/3000 [1:18:09<04:42,  1.67s/it]
 94%|ΓûêΓûêΓûêΓûêΓûêΓûêΓûêΓûêΓûêΓûì| 2832/3000 [1:18:10<04:05,  1.46s/it]
 94%|ΓûêΓûêΓûêΓûêΓûêΓûêΓûêΓûêΓûêΓûì| 2833/3000 [1:18:11<04:13,  1.52s/it]
 94%|ΓûêΓûêΓûêΓûêΓûêΓûêΓûêΓûêΓûêΓûì| 2834/3000 [1:18:12<03:52,  1.40s/it]
 94%|ΓûêΓûêΓûêΓûêΓûêΓûêΓûêΓûêΓûêΓûì| 2835/3000 [1:18:14<03:53,  1.41s/it]
 95%|ΓûêΓûêΓûêΓûêΓûêΓûêΓûêΓûêΓûêΓûì| 2836/3000 [1:18:15<03:34,  1.31s/it]
 95%|ΓûêΓûêΓûêΓûêΓûêΓûêΓûêΓûêΓûêΓûì| 2837/3000 [1:18:16<03:20,  1.23s/it]
 95%|ΓûêΓûêΓûêΓûêΓûêΓûêΓûêΓûêΓûêΓûì| 2838/3000 [1:18:17<03:22,  1.25s/it]
 95%|ΓûêΓûêΓûêΓûêΓûêΓûêΓûêΓûêΓûêΓûì| 2839/3000 [1:18:18<03:18,  1.23s/it]
 95%|ΓûêΓûêΓûêΓûêΓûêΓûêΓûêΓûêΓûêΓûì| 2840/3000 [1:18:19<02:57,  1.11s/it]
 95%|ΓûêΓûêΓûêΓûêΓûêΓûêΓûêΓûêΓûêΓûì| 2841/3000 [1:18:21<03:46,  1.42s/it]
 95%|ΓûêΓûêΓûêΓûêΓûêΓûêΓûêΓûêΓûêΓûì| 2842/3000 [1:18:24<04:40,  1.78s/it]
 95%|ΓûêΓûêΓûêΓûêΓûêΓûêΓûêΓûêΓûêΓûì| 2843/3000 [1:18:26<04:45,  1.82s/it]
 95%|ΓûêΓûêΓûêΓûêΓûêΓûêΓûêΓûêΓûêΓûì| 2844/3000 [1:18:28<05:10,  1.99s/it]
 95%|ΓûêΓûêΓûêΓûêΓûêΓûêΓûêΓûêΓûêΓûì| 2845/3000 [1:18:30<04:53,  1.89s/it]
 95%|ΓûêΓûêΓûêΓûêΓûêΓûêΓûêΓûêΓûêΓûì| 2846/3000 [1:18:31<04:25,  1.73s/it]
 95%|ΓûêΓûêΓûêΓûêΓûêΓûêΓûêΓûêΓûêΓûì| 2847/3000 [1:18:32<04:00,  1.57s/it]
 95%|ΓûêΓûêΓûêΓûêΓûêΓûêΓûêΓûêΓûêΓûì| 2848/3000 [1:18:34<03:41,  1.46s/it]
 95%|ΓûêΓûêΓûêΓûêΓûêΓûêΓûêΓûêΓûêΓûì| 2849/3000 [1:18:35<03:21,  1.34s/it]
 95%|ΓûêΓûêΓûêΓûêΓûêΓûêΓûêΓûêΓûêΓûî| 2850/3000 [1:18:35<02:57,  1.18s/it]
 95%|ΓûêΓûêΓûêΓûêΓûêΓûêΓûêΓûêΓûêΓûî| 2851/3000 [1:18:37<02:55,  1.17s/it]
 95%|ΓûêΓûêΓûêΓûêΓûêΓûêΓûêΓûêΓûêΓûî| 2852/3000 [1:18:38<02:52,  1.17s/it]
 95%|ΓûêΓûêΓûêΓûêΓûêΓûêΓûêΓûêΓûêΓûî| 2853/3000 [1:18:39<02:45,  1.13s/it]
 95%|ΓûêΓûêΓûêΓûêΓûêΓûêΓûêΓûêΓûêΓûî| 2854/3000 [1:18:40<02:45,  1.13s/it]
 95%|ΓûêΓûêΓûêΓûêΓûêΓûêΓûêΓûêΓûêΓûî| 2855/3000 [1:18:41<02:47,  1.15s/it]
 95%|ΓûêΓûêΓûêΓûêΓûêΓûêΓûêΓûêΓûêΓûî| 2856/3000 [1:18:43<02:56,  1.23s/it]
 95%|ΓûêΓûêΓûêΓûêΓûêΓûêΓûêΓûêΓûêΓûî| 2857/3000 [1:18:44<02:46,  1.16s/it]
 95%|ΓûêΓûêΓûêΓûêΓûêΓûêΓûêΓûêΓûêΓûî| 2858/3000 [1:18:45<02:37,  1.11s/it]
 95%|ΓûêΓûêΓûêΓûêΓûêΓûêΓûêΓûêΓûêΓûî| 2859/3000 [1:18:47<03:22,  1.43s/it]
 95%|ΓûêΓûêΓûêΓûêΓûêΓûêΓûêΓûêΓûêΓûî| 2860/3000 [1:18:48<03:27,  1.48s/it]
 95%|ΓûêΓûêΓûêΓûêΓûêΓûêΓûêΓûêΓûêΓûî| 2861/3000 [1:18:50<03:20,  1.44s/it]
 95%|ΓûêΓûêΓûêΓûêΓûêΓûêΓûêΓûêΓûêΓûî| 2862/3000 [1:18:51<03:14,  1.41s/it]
 95%|ΓûêΓûêΓûêΓûêΓûêΓûêΓûêΓûêΓûêΓûî| 2863/3000 [1:18:53<03:34,  1.56s/it]
 95%|ΓûêΓûêΓûêΓûêΓûêΓûêΓûêΓûêΓûêΓûî| 2864/3000 [1:18:55<03:48,  1.68s/it]
 96%|ΓûêΓûêΓûêΓûêΓûêΓûêΓûêΓûêΓûêΓûî| 2865/3000 [1:18:56<03:40,  1.63s/it]
 96%|ΓûêΓûêΓûêΓûêΓûêΓûêΓûêΓûêΓûêΓûî| 2866/3000 [1:18:58<03:27,  1.55s/it]
 96%|ΓûêΓûêΓûêΓûêΓûêΓûêΓûêΓûêΓûêΓûî| 2867/3000 [1:18:59<03:15,  1.47s/it]
 96%|ΓûêΓûêΓûêΓûêΓûêΓûêΓûêΓûêΓûêΓûî| 2868/3000 [1:19:01<03:18,  1.51s/it]
 96%|ΓûêΓûêΓûêΓûêΓûêΓûêΓûêΓûêΓûêΓûî| 2869/3000 [1:19:02<02:58,  1.36s/it]
 96%|ΓûêΓûêΓûêΓûêΓûêΓûêΓûêΓûêΓûêΓûî| 2870/3000 [1:19:04<03:23,  1.57s/it]
 96%|ΓûêΓûêΓûêΓûêΓûêΓûêΓûêΓûêΓûêΓûî| 2871/3000 [1:19:05<03:01,  1.40s/it]
 96%|ΓûêΓûêΓûêΓûêΓûêΓûêΓûêΓûêΓûêΓûî| 2872/3000 [1:19:06<02:50,  1.33s/it]
 96%|ΓûêΓûêΓûêΓûêΓûêΓûêΓûêΓûêΓûêΓûî| 2873/3000 [1:19:07<02:37,  1.24s/it]
 96%|ΓûêΓûêΓûêΓûêΓûêΓûêΓûêΓûêΓûêΓûî| 2874/3000 [1:19:08<02:36,  1.24s/it]
 96%|ΓûêΓûêΓûêΓûêΓûêΓûêΓûêΓûêΓûêΓûî| 2875/3000 [1:19:10<02:51,  1.37s/it]
 96%|ΓûêΓûêΓûêΓûêΓûêΓûêΓûêΓûêΓûêΓûî| 2876/3000 [1:19:11<02:49,  1.37s/it]
 96%|ΓûêΓûêΓûêΓûêΓûêΓûêΓûêΓûêΓûêΓûî| 2877/3000 [1:19:14<03:30,  1.71s/it]
 96%|ΓûêΓûêΓûêΓûêΓûêΓûêΓûêΓûêΓûêΓûî| 2878/3000 [1:19:15<03:15,  1.60s/it]
 96%|ΓûêΓûêΓûêΓûêΓûêΓûêΓûêΓûêΓûêΓûî| 2879/3000 [1:19:17<03:10,  1.57s/it]
 96%|ΓûêΓûêΓûêΓûêΓûêΓûêΓûêΓûêΓûêΓûî| 2880/3000 [1:19:18<03:11,  1.60s/it]
 96%|ΓûêΓûêΓûêΓûêΓûêΓûêΓûêΓûêΓûêΓûî| 2881/3000 [1:19:19<02:43,  1.37s/it]
 96%|ΓûêΓûêΓûêΓûêΓûêΓûêΓûêΓûêΓûêΓûî| 2882/3000 [1:19:21<03:04,  1.56s/it]
 96%|ΓûêΓûêΓûêΓûêΓûêΓûêΓûêΓûêΓûêΓûî| 2883/3000 [1:19:23<03:03,  1.57s/it]
 96%|ΓûêΓûêΓûêΓûêΓûêΓûêΓûêΓûêΓûêΓûî| 2884/3000 [1:19:25<03:12,  1.66s/it]
 96%|ΓûêΓûêΓûêΓûêΓûêΓûêΓûêΓûêΓûêΓûî| 2885/3000 [1:19:26<02:54,  1.52s/it]
 96%|ΓûêΓûêΓûêΓûêΓûêΓûêΓûêΓûêΓûêΓûî| 2886/3000 [1:19:27<02:47,  1.47s/it]
 96%|ΓûêΓûêΓûêΓûêΓûêΓûêΓûêΓûêΓûêΓûî| 2887/3000 [1:19:28<02:39,  1.42s/it]
 96%|ΓûêΓûêΓûêΓûêΓûêΓûêΓûêΓûêΓûêΓûï| 2888/3000 [1:19:30<02:54,  1.56s/it]
 96%|ΓûêΓûêΓûêΓûêΓûêΓûêΓûêΓûêΓûêΓûï| 2889/3000 [1:19:31<02:40,  1.44s/it]
 96%|ΓûêΓûêΓûêΓûêΓûêΓûêΓûêΓûêΓûêΓûï| 2890/3000 [1:19:32<02:25,  1.32s/it]
 96%|ΓûêΓûêΓûêΓûêΓûêΓûêΓûêΓûêΓûêΓûï| 2891/3000 [1:19:34<02:43,  1.50s/it]
 96%|ΓûêΓûêΓûêΓûêΓûêΓûêΓûêΓûêΓûêΓûï| 2892/3000 [1:19:35<02:27,  1.36s/it]
 96%|ΓûêΓûêΓûêΓûêΓûêΓûêΓûêΓûêΓûêΓûï| 2893/3000 [1:19:37<02:21,  1.32s/it]
 96%|ΓûêΓûêΓûêΓûêΓûêΓûêΓûêΓûêΓûêΓûï| 2894/3000 [1:19:38<02:05,  1.19s/it]
 96%|ΓûêΓûêΓûêΓûêΓûêΓûêΓûêΓûêΓûêΓûï| 2895/3000 [1:19:40<02:45,  1.58s/it]
 97%|ΓûêΓûêΓûêΓûêΓûêΓûêΓûêΓûêΓûêΓûï| 2896/3000 [1:19:43<03:34,  2.07s/it]
 97%|ΓûêΓûêΓûêΓûêΓûêΓûêΓûêΓûêΓûêΓûï| 2897/3000 [1:19:45<03:13,  1.88s/it]
 97%|ΓûêΓûêΓûêΓûêΓûêΓûêΓûêΓûêΓûêΓûï| 2898/3000 [1:19:47<03:35,  2.11s/it]
 97%|ΓûêΓûêΓûêΓûêΓûêΓûêΓûêΓûêΓûêΓûï| 2899/3000 [1:19:50<03:37,  2.16s/it]
 97%|ΓûêΓûêΓûêΓûêΓûêΓûêΓûêΓûêΓûêΓûï| 2900/3000 [1:19:52<03:38,  2.18s/it]
 97%|ΓûêΓûêΓûêΓûêΓûêΓûêΓûêΓûêΓûêΓûï| 2901/3000 [1:19:53<03:07,  1.89s/it]
 97%|ΓûêΓûêΓûêΓûêΓûêΓûêΓûêΓûêΓûêΓûï| 2902/3000 [1:19:55<02:52,  1.76s/it]
 97%|ΓûêΓûêΓûêΓûêΓûêΓûêΓûêΓûêΓûêΓûï| 2903/3000 [1:19:56<02:56,  1.82s/it]
 97%|ΓûêΓûêΓûêΓûêΓûêΓûêΓûêΓûêΓûêΓûï| 2904/3000 [1:19:58<02:32,  1.59s/it]
 97%|ΓûêΓûêΓûêΓûêΓûêΓûêΓûêΓûêΓûêΓûï| 2905/3000 [1:19:59<02:22,  1.50s/it]
 97%|ΓûêΓûêΓûêΓûêΓûêΓûêΓûêΓûêΓûêΓûï| 2906/3000 [1:20:01<02:31,  1.61s/it]
 97%|ΓûêΓûêΓûêΓûêΓûêΓûêΓûêΓûêΓûêΓûï| 2907/3000 [1:20:02<02:30,  1.62s/it]
 97%|ΓûêΓûêΓûêΓûêΓûêΓûêΓûêΓûêΓûêΓûï| 2908/3000 [1:20:04<02:16,  1.49s/it]
 97%|ΓûêΓûêΓûêΓûêΓûêΓûêΓûêΓûêΓûêΓûï| 2909/3000 [1:20:05<02:10,  1.43s/it]
 97%|ΓûêΓûêΓûêΓûêΓûêΓûêΓûêΓûêΓûêΓûï| 2910/3000 [1:20:06<01:56,  1.29s/it]
 97%|ΓûêΓûêΓûêΓûêΓûêΓûêΓûêΓûêΓûêΓûï| 2911/3000 [1:20:08<02:28,  1.67s/it]
 97%|ΓûêΓûêΓûêΓûêΓûêΓûêΓûêΓûêΓûêΓûï| 2912/3000 [1:20:09<02:06,  1.44s/it]
 97%|ΓûêΓûêΓûêΓûêΓûêΓûêΓûêΓûêΓûêΓûï| 2913/3000 [1:20:10<01:55,  1.32s/it]
 97%|ΓûêΓûêΓûêΓûêΓûêΓûêΓûêΓûêΓûêΓûï| 2914/3000 [1:20:12<01:52,  1.31s/it]
 97%|ΓûêΓûêΓûêΓûêΓûêΓûêΓûêΓûêΓûêΓûï| 2915/3000 [1:20:13<02:03,  1.45s/it]
 97%|ΓûêΓûêΓûêΓûêΓûêΓûêΓûêΓûêΓûêΓûï| 2916/3000 [1:20:14<01:47,  1.27s/it]
 97%|ΓûêΓûêΓûêΓûêΓûêΓûêΓûêΓûêΓûêΓûï| 2917/3000 [1:20:19<03:19,  2.41s/it]
 97%|ΓûêΓûêΓûêΓûêΓûêΓûêΓûêΓûêΓûêΓûï| 2918/3000 [1:20:21<03:00,  2.20s/it]
 97%|ΓûêΓûêΓûêΓûêΓûêΓûêΓûêΓûêΓûêΓûï| 2919/3000 [1:20:23<02:43,  2.02s/it]
 97%|ΓûêΓûêΓûêΓûêΓûêΓûêΓûêΓûêΓûêΓûï| 2920/3000 [1:20:25<02:42,  2.03s/it]
 97%|ΓûêΓûêΓûêΓûêΓûêΓûêΓûêΓûêΓûêΓûï| 2921/3000 [1:20:26<02:32,  1.93s/it]
 97%|ΓûêΓûêΓûêΓûêΓûêΓûêΓûêΓûêΓûêΓûï| 2922/3000 [1:20:28<02:15,  1.74s/it]
 97%|ΓûêΓûêΓûêΓûêΓûêΓûêΓûêΓûêΓûêΓûï| 2923/3000 [1:20:30<02:36,  2.04s/it]
 97%|ΓûêΓûêΓûêΓûêΓûêΓûêΓûêΓûêΓûêΓûï| 2924/3000 [1:20:32<02:35,  2.05s/it]
 98%|ΓûêΓûêΓûêΓûêΓûêΓûêΓûêΓûêΓûêΓûè| 2925/3000 [1:20:35<02:37,  2.09s/it]
 98%|ΓûêΓûêΓûêΓûêΓûêΓûêΓûêΓûêΓûêΓûè| 2926/3000 [1:20:37<02:37,  2.13s/it]
 98%|ΓûêΓûêΓûêΓûêΓûêΓûêΓûêΓûêΓûêΓûè| 2927/3000 [1:20:39<02:29,  2.05s/it]
 98%|ΓûêΓûêΓûêΓûêΓûêΓûêΓûêΓûêΓûêΓûè| 2928/3000 [1:20:40<02:02,  1.70s/it]
 98%|ΓûêΓûêΓûêΓûêΓûêΓûêΓûêΓûêΓûêΓûè| 2929/3000 [1:20:41<01:51,  1.57s/it]
 98%|ΓûêΓûêΓûêΓûêΓûêΓûêΓûêΓûêΓûêΓûè| 2930/3000 [1:20:42<01:38,  1.40s/it]
 98%|ΓûêΓûêΓûêΓûêΓûêΓûêΓûêΓûêΓûêΓûè| 2931/3000 [1:20:43<01:40,  1.46s/it]
 98%|ΓûêΓûêΓûêΓûêΓûêΓûêΓûêΓûêΓûêΓûè| 2932/3000 [1:20:45<01:38,  1.44s/it]
 98%|ΓûêΓûêΓûêΓûêΓûêΓûêΓûêΓûêΓûêΓûè| 2933/3000 [1:20:46<01:35,  1.43s/it]
 98%|ΓûêΓûêΓûêΓûêΓûêΓûêΓûêΓûêΓûêΓûè| 2934/3000 [1:20:48<01:47,  1.63s/it]
 98%|ΓûêΓûêΓûêΓûêΓûêΓûêΓûêΓûêΓûêΓûè| 2935/3000 [1:20:50<01:46,  1.63s/it]
 98%|ΓûêΓûêΓûêΓûêΓûêΓûêΓûêΓûêΓûêΓûè| 2936/3000 [1:20:52<01:56,  1.83s/it]
 98%|ΓûêΓûêΓûêΓûêΓûêΓûêΓûêΓûêΓûêΓûè| 2937/3000 [1:20:54<02:00,  1.92s/it]
 98%|ΓûêΓûêΓûêΓûêΓûêΓûêΓûêΓûêΓûêΓûè| 2938/3000 [1:20:56<01:54,  1.85s/it]
 98%|ΓûêΓûêΓûêΓûêΓûêΓûêΓûêΓûêΓûêΓûè| 2939/3000 [1:20:58<01:48,  1.78s/it]
 98%|ΓûêΓûêΓûêΓûêΓûêΓûêΓûêΓûêΓûêΓûè| 2940/3000 [1:20:59<01:44,  1.74s/it]
 98%|ΓûêΓûêΓûêΓûêΓûêΓûêΓûêΓûêΓûêΓûè| 2941/3000 [1:21:00<01:30,  1.54s/it]
 98%|ΓûêΓûêΓûêΓûêΓûêΓûêΓûêΓûêΓûêΓûè| 2942/3000 [1:21:02<01:27,  1.52s/it]
 98%|ΓûêΓûêΓûêΓûêΓûêΓûêΓûêΓûêΓûêΓûè| 2943/3000 [1:21:03<01:22,  1.45s/it]
 98%|ΓûêΓûêΓûêΓûêΓûêΓûêΓûêΓûêΓûêΓûè| 2944/3000 [1:21:05<01:24,  1.51s/it]
 98%|ΓûêΓûêΓûêΓûêΓûêΓûêΓûêΓûêΓûêΓûè| 2945/3000 [1:21:07<01:33,  1.69s/it]
 98%|ΓûêΓûêΓûêΓûêΓûêΓûêΓûêΓûêΓûêΓûè| 2946/3000 [1:21:09<01:36,  1.78s/it]
 98%|ΓûêΓûêΓûêΓûêΓûêΓûêΓûêΓûêΓûêΓûè| 2947/3000 [1:21:10<01:26,  1.64s/it]
 98%|ΓûêΓûêΓûêΓûêΓûêΓûêΓûêΓûêΓûêΓûè| 2948/3000 [1:21:12<01:29,  1.72s/it]
 98%|ΓûêΓûêΓûêΓûêΓûêΓûêΓûêΓûêΓûêΓûè| 2949/3000 [1:21:14<01:30,  1.76s/it]
 98%|ΓûêΓûêΓûêΓûêΓûêΓûêΓûêΓûêΓûêΓûè| 2950/3000 [1:21:16<01:23,  1.68s/it]
 98%|ΓûêΓûêΓûêΓûêΓûêΓûêΓûêΓûêΓûêΓûè| 2951/3000 [1:21:17<01:15,  1.54s/it]
 98%|ΓûêΓûêΓûêΓûêΓûêΓûêΓûêΓûêΓûêΓûè| 2952/3000 [1:21:18<01:07,  1.42s/it]
 98%|ΓûêΓûêΓûêΓûêΓûêΓûêΓûêΓûêΓûêΓûè| 2953/3000 [1:21:19<01:02,  1.33s/it]
 98%|ΓûêΓûêΓûêΓûêΓûêΓûêΓûêΓûêΓûêΓûè| 2954/3000 [1:21:21<01:12,  1.58s/it]
 98%|ΓûêΓûêΓûêΓûêΓûêΓûêΓûêΓûêΓûêΓûè| 2955/3000 [1:21:23<01:18,  1.75s/it]
 99%|ΓûêΓûêΓûêΓûêΓûêΓûêΓûêΓûêΓûêΓûè| 2956/3000 [1:21:26<01:28,  2.01s/it]
 99%|ΓûêΓûêΓûêΓûêΓûêΓûêΓûêΓûêΓûêΓûè| 2957/3000 [1:21:28<01:24,  1.96s/it]
 99%|ΓûêΓûêΓûêΓûêΓûêΓûêΓûêΓûêΓûêΓûè| 2958/3000 [1:21:29<01:08,  1.63s/it]
 99%|ΓûêΓûêΓûêΓûêΓûêΓûêΓûêΓûêΓûêΓûè| 2959/3000 [1:21:30<00:58,  1.44s/it]
 99%|ΓûêΓûêΓûêΓûêΓûêΓûêΓûêΓûêΓûêΓûè| 2960/3000 [1:21:32<01:10,  1.77s/it]
 99%|ΓûêΓûêΓûêΓûêΓûêΓûêΓûêΓûêΓûêΓûè| 2961/3000 [1:21:33<00:59,  1.52s/it]
 99%|ΓûêΓûêΓûêΓûêΓûêΓûêΓûêΓûêΓûêΓûè| 2962/3000 [1:21:36<01:18,  2.05s/it]
 99%|ΓûêΓûêΓûêΓûêΓûêΓûêΓûêΓûêΓûêΓûë| 2963/3000 [1:21:38<01:08,  1.86s/it]
 99%|ΓûêΓûêΓûêΓûêΓûêΓûêΓûêΓûêΓûêΓûë| 2964/3000 [1:21:39<01:05,  1.81s/it]
 99%|ΓûêΓûêΓûêΓûêΓûêΓûêΓûêΓûêΓûêΓûë| 2965/3000 [1:21:41<01:03,  1.83s/it]
 99%|ΓûêΓûêΓûêΓûêΓûêΓûêΓûêΓûêΓûêΓûë| 2966/3000 [1:21:43<00:57,  1.70s/it]
 99%|ΓûêΓûêΓûêΓûêΓûêΓûêΓûêΓûêΓûêΓûë| 2967/3000 [1:21:44<00:54,  1.66s/it]
 99%|ΓûêΓûêΓûêΓûêΓûêΓûêΓûêΓûêΓûêΓûë| 2968/3000 [1:21:45<00:47,  1.48s/it]
 99%|ΓûêΓûêΓûêΓûêΓûêΓûêΓûêΓûêΓûêΓûë| 2969/3000 [1:21:46<00:41,  1.34s/it]
 99%|ΓûêΓûêΓûêΓûêΓûêΓûêΓûêΓûêΓûêΓûë| 2970/3000 [1:21:48<00:42,  1.40s/it]
 99%|ΓûêΓûêΓûêΓûêΓûêΓûêΓûêΓûêΓûêΓûë| 2971/3000 [1:21:54<01:21,  2.83s/it]
 99%|ΓûêΓûêΓûêΓûêΓûêΓûêΓûêΓûêΓûêΓûë| 2972/3000 [1:21:57<01:16,  2.73s/it]
 99%|ΓûêΓûêΓûêΓûêΓûêΓûêΓûêΓûêΓûêΓûë| 2973/3000 [1:21:58<01:04,  2.39s/it]
 99%|ΓûêΓûêΓûêΓûêΓûêΓûêΓûêΓûêΓûêΓûë| 2974/3000 [1:21:59<00:53,  2.05s/it]
 99%|ΓûêΓûêΓûêΓûêΓûêΓûêΓûêΓûêΓûêΓûë| 2975/3000 [1:22:01<00:45,  1.83s/it]
 99%|ΓûêΓûêΓûêΓûêΓûêΓûêΓûêΓûêΓûêΓûë| 2976/3000 [1:22:03<00:48,  2.04s/it]
 99%|ΓûêΓûêΓûêΓûêΓûêΓûêΓûêΓûêΓûêΓûë| 2977/3000 [1:22:05<00:45,  1.99s/it]
 99%|ΓûêΓûêΓûêΓûêΓûêΓûêΓûêΓûêΓûêΓûë| 2978/3000 [1:22:06<00:38,  1.75s/it]
 99%|ΓûêΓûêΓûêΓûêΓûêΓûêΓûêΓûêΓûêΓûë| 2979/3000 [1:22:08<00:35,  1.67s/it]
 99%|ΓûêΓûêΓûêΓûêΓûêΓûêΓûêΓûêΓûêΓûë| 2980/3000 [1:22:10<00:33,  1.69s/it]
 99%|ΓûêΓûêΓûêΓûêΓûêΓûêΓûêΓûêΓûêΓûë| 2981/3000 [1:22:11<00:32,  1.72s/it]
 99%|ΓûêΓûêΓûêΓûêΓûêΓûêΓûêΓûêΓûêΓûë| 2982/3000 [1:22:13<00:32,  1.79s/it]
 99%|ΓûêΓûêΓûêΓûêΓûêΓûêΓûêΓûêΓûêΓûë| 2983/3000 [1:22:14<00:26,  1.57s/it]
 99%|ΓûêΓûêΓûêΓûêΓûêΓûêΓûêΓûêΓûêΓûë| 2984/3000 [1:22:16<00:27,  1.73s/it]
100%|ΓûêΓûêΓûêΓûêΓûêΓûêΓûêΓûêΓûêΓûë| 2985/3000 [1:22:18<00:25,  1.67s/it]
100%|ΓûêΓûêΓûêΓûêΓûêΓûêΓûêΓûêΓûêΓûë| 2986/3000 [1:22:20<00:24,  1.73s/it]
100%|ΓûêΓûêΓûêΓûêΓûêΓûêΓûêΓûêΓûêΓûë| 2987/3000 [1:22:22<00:22,  1.71s/it]
100%|ΓûêΓûêΓûêΓûêΓûêΓûêΓûêΓûêΓûêΓûë| 2988/3000 [1:22:23<00:19,  1.59s/it]
100%|ΓûêΓûêΓûêΓûêΓûêΓûêΓûêΓûêΓûêΓûë| 2989/3000 [1:22:24<00:16,  1.47s/it]
100%|ΓûêΓûêΓûêΓûêΓûêΓûêΓûêΓûêΓûêΓûë| 2990/3000 [1:22:25<00:13,  1.33s/it]
100%|ΓûêΓûêΓûêΓûêΓûêΓûêΓûêΓûêΓûêΓûë| 2991/3000 [1:22:27<00:12,  1.43s/it]
100%|ΓûêΓûêΓûêΓûêΓûêΓûêΓûêΓûêΓûêΓûë| 2992/3000 [1:22:28<00:10,  1.29s/it]
100%|ΓûêΓûêΓûêΓûêΓûêΓûêΓûêΓûêΓûêΓûë| 2993/3000 [1:22:30<00:11,  1.65s/it]
100%|ΓûêΓûêΓûêΓûêΓûêΓûêΓûêΓûêΓûêΓûë| 2994/3000 [1:22:31<00:08,  1.47s/it]
100%|ΓûêΓûêΓûêΓûêΓûêΓûêΓûêΓûêΓûêΓûë| 2995/3000 [1:22:34<00:09,  1.82s/it]
100%|ΓûêΓûêΓûêΓûêΓûêΓûêΓûêΓûêΓûêΓûë| 2996/3000 [1:22:35<00:06,  1.69s/it]
100%|ΓûêΓûêΓûêΓûêΓûêΓûêΓûêΓûêΓûêΓûë| 2997/3000 [1:22:36<00:04,  1.51s/it]
100%|ΓûêΓûêΓûêΓûêΓûêΓûêΓûêΓûêΓûêΓûë| 2998/3000 [1:22:38<00:03,  1.61s/it]
100%|ΓûêΓûêΓûêΓûêΓûêΓûêΓûêΓûêΓûêΓûë| 2999/3000 [1:22:41<00:01,  1.94s/it]
100%|ΓûêΓûêΓûêΓûêΓûêΓûêΓûêΓûêΓûêΓûê| 3000/3000 [1:22:43<00:00,  2.09s/it]
100%|ΓûêΓûêΓûêΓûêΓûêΓûêΓûêΓûêΓûêΓûê| 3000/3000 [1:22:43<00:00,  1.65s/it]
Done. Run dir: C:\Users\jv624\Desktop\fsm_reliability\outputs\fsm_inference\20261007_071313_qwen25-7b-instruct_cert2_3000
