python.exe : W1007 08:36:33.266000 44972 site-packages\torch\utils\flop_counter.py:29] triton not found; flop counting 
will not work for triton kernels
At C:\Users\jv624\Desktop\fsm_reliability\outputs\model_set_queue.ps1:11 char:5
+     & $py @pyArgs 2>&1 | Out-File -Encoding utf8 "outputs\queue_$name ...
+     ~~~~~~~~~~~~~~~~~~
    + CategoryInfo          : NotSpecified: (W1007 08:36:33.... triton kernels:String) [], RemoteException
    + FullyQualifiedErrorId : NativeCommandError
 

Loading weights:   0%|          | 0/339 [00:00<?, ?it/s]
Loading weights:   0%|          | 1/339 [00:00<02:35,  2.18it/s]
Loading weights:   1%|          | 2/339 [00:00<02:26,  2.29it/s]
Loading weights:   1%|ΓûÅ         | 5/339 [00:01<00:53,  6.25it/s]
Loading weights:   5%|Γûì         | 16/339 [00:01<00:13, 23.42it/s]
Loading weights:   6%|Γûî         | 21/339 [00:01<00:11, 28.34it/s]
Loading weights:   9%|Γûè         | 29/339 [00:01<00:08, 36.46it/s]
Loading weights:  12%|ΓûêΓûÅ        | 40/339 [00:01<00:06, 48.81it/s]
Loading weights:  14%|ΓûêΓûÄ        | 46/339 [00:01<00:05, 48.96it/s]
Loading weights:  16%|ΓûêΓûî        | 53/339 [00:01<00:05, 51.17it/s]
Loading weights:  19%|ΓûêΓûë        | 64/339 [00:01<00:04, 58.68it/s]
Loading weights:  21%|ΓûêΓûê        | 71/339 [00:02<00:04, 57.17it/s]
Loading weights:  23%|ΓûêΓûêΓûÄ       | 77/339 [00:02<00:04, 54.53it/s]
Loading weights:  26%|ΓûêΓûêΓûî       | 88/339 [00:02<00:04, 61.74it/s]
Loading weights:  28%|ΓûêΓûêΓûè       | 95/339 [00:02<00:04, 60.01it/s]
Loading weights:  30%|ΓûêΓûêΓûê       | 102/339 [00:02<00:04, 52.85it/s]
Loading weights:  33%|ΓûêΓûêΓûêΓûÄ      | 113/339 [00:02<00:03, 59.47it/s]
Loading weights:  37%|ΓûêΓûêΓûêΓûï      | 124/339 [00:02<00:03, 64.38it/s]
Loading weights:  39%|ΓûêΓûêΓûêΓûè      | 131/339 [00:03<00:03, 59.97it/s]
Loading weights:  41%|ΓûêΓûêΓûêΓûê      | 138/339 [00:03<00:04, 50.10it/s]
Loading weights:  44%|ΓûêΓûêΓûêΓûêΓûì     | 149/339 [00:03<00:03, 56.21it/s]
Loading weights:  47%|ΓûêΓûêΓûêΓûêΓûï     | 160/339 [00:03<00:02, 61.25it/s]
Loading weights:  49%|ΓûêΓûêΓûêΓûêΓûë     | 167/339 [00:03<00:02, 59.87it/s]
Loading weights:  51%|ΓûêΓûêΓûêΓûêΓûêΓûÅ    | 174/339 [00:03<00:03, 52.24it/s]
Loading weights:  55%|ΓûêΓûêΓûêΓûêΓûêΓûì    | 185/339 [00:04<00:02, 60.18it/s]
Loading weights:  58%|ΓûêΓûêΓûêΓûêΓûêΓûè    | 196/339 [00:04<00:02, 67.12it/s]
Loading weights:  60%|ΓûêΓûêΓûêΓûêΓûêΓûë    | 203/339 [00:04<00:02, 66.27it/s]
Loading weights:  62%|ΓûêΓûêΓûêΓûêΓûêΓûêΓûÅ   | 210/339 [00:04<00:02, 58.37it/s]
Loading weights:  65%|ΓûêΓûêΓûêΓûêΓûêΓûêΓûî   | 221/339 [00:04<00:01, 65.91it/s]
Loading weights:  68%|ΓûêΓûêΓûêΓûêΓûêΓûêΓûè   | 232/339 [00:04<00:01, 71.40it/s]
Loading weights:  71%|ΓûêΓûêΓûêΓûêΓûêΓûêΓûê   | 240/339 [00:04<00:01, 68.67it/s]
Loading weights:  73%|ΓûêΓûêΓûêΓûêΓûêΓûêΓûêΓûÄ  | 247/339 [00:04<00:01, 56.22it/s]
Loading weights:  76%|ΓûêΓûêΓûêΓûêΓûêΓûêΓûêΓûî  | 256/339 [00:05<00:01, 63.45it/s]
Loading weights:  78%|ΓûêΓûêΓûêΓûêΓûêΓûêΓûêΓûè  | 263/339 [00:05<00:01, 57.86it/s]
Loading weights:  80%|ΓûêΓûêΓûêΓûêΓûêΓûêΓûêΓûë  | 270/339 [00:05<00:01, 46.49it/s]
Loading weights:  83%|ΓûêΓûêΓûêΓûêΓûêΓûêΓûêΓûêΓûÄ | 281/339 [00:05<00:01, 56.36it/s]
Loading weights:  86%|ΓûêΓûêΓûêΓûêΓûêΓûêΓûêΓûêΓûî | 292/339 [00:05<00:00, 64.30it/s]
Loading weights:  88%|ΓûêΓûêΓûêΓûêΓûêΓûêΓûêΓûêΓûè | 300/339 [00:05<00:00, 64.68it/s]
Loading weights:  91%|ΓûêΓûêΓûêΓûêΓûêΓûêΓûêΓûêΓûê | 307/339 [00:06<00:00, 58.90it/s]
Loading weights:  94%|ΓûêΓûêΓûêΓûêΓûêΓûêΓûêΓûêΓûêΓûÄ| 317/339 [00:06<00:00, 63.81it/s]
Loading weights:  97%|ΓûêΓûêΓûêΓûêΓûêΓûêΓûêΓûêΓûêΓûï| 328/339 [00:06<00:00, 65.60it/s]
Loading weights:  99%|ΓûêΓûêΓûêΓûêΓûêΓûêΓûêΓûêΓûêΓûë| 335/339 [00:06<00:00, 63.19it/s]
Loading weights: 100%|ΓûêΓûêΓûêΓûêΓûêΓûêΓûêΓûêΓûêΓûê| 339/339 [00:06<00:00, 52.72it/s]

  0%|          | 0/3000 [00:00<?, ?it/s]
  0%|          | 1/3000 [00:01<57:53,  1.16s/it]
  0%|          | 2/3000 [00:01<36:14,  1.38it/s]
  0%|          | 3/3000 [00:02<32:16,  1.55it/s]
  0%|          | 4/3000 [00:02<34:23,  1.45it/s]
  0%|          | 5/3000 [00:03<31:22,  1.59it/s]
  0%|          | 6/3000 [00:03<29:56,  1.67it/s]
  0%|          | 7/3000 [00:04<27:53,  1.79it/s]
  0%|          | 8/3000 [00:05<30:00,  1.66it/s]
  0%|          | 9/3000 [00:05<27:13,  1.83it/s]
  0%|          | 10/3000 [00:06<27:48,  1.79it/s]
  0%|          | 11/3000 [00:06<26:35,  1.87it/s]
  0%|          | 12/3000 [00:07<25:18,  1.97it/s]
  0%|          | 13/3000 [00:07<28:20,  1.76it/s]
  0%|          | 14/3000 [00:08<25:43,  1.93it/s]
  0%|          | 15/3000 [00:08<26:14,  1.90it/s]
  1%|          | 16/3000 [00:09<26:27,  1.88it/s]
  1%|          | 17/3000 [00:09<28:42,  1.73it/s]
  1%|          | 18/3000 [00:10<32:05,  1.55it/s]
  1%|          | 19/3000 [00:11<29:54,  1.66it/s]
  1%|          | 20/3000 [00:11<29:09,  1.70it/s]
  1%|          | 21/3000 [00:12<31:29,  1.58it/s]
  1%|          | 22/3000 [00:13<29:23,  1.69it/s]
  1%|          | 23/3000 [00:13<27:59,  1.77it/s]
  1%|          | 24/3000 [00:13<25:04,  1.98it/s]
  1%|          | 25/3000 [00:14<26:58,  1.84it/s]
  1%|          | 26/3000 [00:14<25:07,  1.97it/s]
  1%|          | 27/3000 [00:15<25:23,  1.95it/s]
  1%|          | 28/3000 [00:15<24:57,  1.98it/s]
  1%|          | 29/3000 [00:16<27:21,  1.81it/s]
  1%|          | 30/3000 [00:17<28:20,  1.75it/s]
  1%|          | 31/3000 [00:17<27:49,  1.78it/s]
  1%|          | 32/3000 [00:18<25:07,  1.97it/s]
  1%|          | 33/3000 [00:18<27:54,  1.77it/s]
  1%|          | 34/3000 [00:19<26:02,  1.90it/s]
  1%|          | 35/3000 [00:20<28:53,  1.71it/s]
  1%|          | 36/3000 [00:20<27:33,  1.79it/s]
  1%|          | 37/3000 [00:20<25:31,  1.93it/s]
  1%|ΓûÅ         | 38/3000 [00:21<30:08,  1.64it/s]
  1%|ΓûÅ         | 39/3000 [00:22<28:26,  1.74it/s]
  1%|ΓûÅ         | 40/3000 [00:23<32:30,  1.52it/s]
  1%|ΓûÅ         | 41/3000 [00:23<30:54,  1.60it/s]
  1%|ΓûÅ         | 42/3000 [00:24<29:05,  1.69it/s]
  1%|ΓûÅ         | 43/3000 [00:24<26:20,  1.87it/s]
  1%|ΓûÅ         | 44/3000 [00:25<24:42,  1.99it/s]
  2%|ΓûÅ         | 45/3000 [00:25<28:24,  1.73it/s]
  2%|ΓûÅ         | 46/3000 [00:26<26:09,  1.88it/s]
  2%|ΓûÅ         | 47/3000 [00:26<28:01,  1.76it/s]
  2%|ΓûÅ         | 48/3000 [00:27<30:08,  1.63it/s]
  2%|ΓûÅ         | 49/3000 [00:28<29:08,  1.69it/s]
  2%|ΓûÅ         | 50/3000 [00:28<27:05,  1.81it/s]
  2%|ΓûÅ         | 51/3000 [00:28<24:31,  2.00it/s]
  2%|ΓûÅ         | 52/3000 [00:29<26:29,  1.85it/s]
  2%|ΓûÅ         | 53/3000 [00:30<26:55,  1.82it/s]
  2%|ΓûÅ         | 54/3000 [00:30<25:03,  1.96it/s]
  2%|ΓûÅ         | 55/3000 [00:31<24:54,  1.97it/s]
  2%|ΓûÅ         | 56/3000 [00:31<23:01,  2.13it/s]
  2%|ΓûÅ         | 57/3000 [00:31<22:59,  2.13it/s]
  2%|ΓûÅ         | 58/3000 [00:32<21:27,  2.29it/s]
  2%|ΓûÅ         | 59/3000 [00:32<20:28,  2.39it/s]
  2%|ΓûÅ         | 60/3000 [00:33<19:40,  2.49it/s]
  2%|ΓûÅ         | 61/3000 [00:33<22:24,  2.19it/s]
  2%|ΓûÅ         | 62/3000 [00:34<23:17,  2.10it/s]
  2%|ΓûÅ         | 63/3000 [00:34<23:17,  2.10it/s]
  2%|ΓûÅ         | 64/3000 [00:35<25:01,  1.95it/s]
  2%|ΓûÅ         | 65/3000 [00:35<26:48,  1.83it/s]
  2%|ΓûÅ         | 66/3000 [00:36<24:14,  2.02it/s]
  2%|ΓûÅ         | 67/3000 [00:36<27:06,  1.80it/s]
  2%|ΓûÅ         | 68/3000 [00:37<28:00,  1.74it/s]
  2%|ΓûÅ         | 69/3000 [00:38<29:19,  1.67it/s]
  2%|ΓûÅ         | 70/3000 [00:38<29:09,  1.67it/s]
  2%|ΓûÅ         | 71/3000 [00:39<28:05,  1.74it/s]
  2%|ΓûÅ         | 72/3000 [00:39<24:17,  2.01it/s]
  2%|ΓûÅ         | 73/3000 [00:40<28:04,  1.74it/s]
  2%|ΓûÅ         | 74/3000 [00:41<31:33,  1.55it/s]
  2%|ΓûÄ         | 75/3000 [00:41<31:17,  1.56it/s]
  3%|ΓûÄ         | 76/3000 [00:42<31:57,  1.52it/s]
  3%|ΓûÄ         | 77/3000 [00:43<30:46,  1.58it/s]
  3%|ΓûÄ         | 78/3000 [00:43<26:54,  1.81it/s]
  3%|ΓûÄ         | 79/3000 [00:43<24:08,  2.02it/s]
  3%|ΓûÄ         | 80/3000 [00:44<29:24,  1.65it/s]
  3%|ΓûÄ         | 81/3000 [00:45<30:45,  1.58it/s]
  3%|ΓûÄ         | 82/3000 [00:45<28:07,  1.73it/s]
  3%|ΓûÄ         | 83/3000 [00:46<25:20,  1.92it/s]
  3%|ΓûÄ         | 84/3000 [00:46<28:34,  1.70it/s]
  3%|ΓûÄ         | 85/3000 [00:47<32:17,  1.50it/s]
  3%|ΓûÄ         | 86/3000 [00:48<35:33,  1.37it/s]
  3%|ΓûÄ         | 87/3000 [00:49<31:10,  1.56it/s]
  3%|ΓûÄ         | 88/3000 [00:49<30:44,  1.58it/s]
  3%|ΓûÄ         | 89/3000 [00:50<28:05,  1.73it/s]
  3%|ΓûÄ         | 90/3000 [00:50<27:27,  1.77it/s]
  3%|ΓûÄ         | 91/3000 [00:51<25:22,  1.91it/s]
  3%|ΓûÄ         | 92/3000 [00:51<24:14,  2.00it/s]
  3%|ΓûÄ         | 93/3000 [00:52<26:08,  1.85it/s]
  3%|ΓûÄ         | 94/3000 [00:52<25:39,  1.89it/s]
  3%|ΓûÄ         | 95/3000 [00:53<29:20,  1.65it/s]
  3%|ΓûÄ         | 96/3000 [00:53<26:04,  1.86it/s]
  3%|ΓûÄ         | 97/3000 [00:54<25:47,  1.88it/s]
  3%|ΓûÄ         | 98/3000 [00:54<23:17,  2.08it/s]
  3%|ΓûÄ         | 99/3000 [00:55<24:10,  2.00it/s]
  3%|ΓûÄ         | 100/3000 [00:55<22:50,  2.12it/s]
  3%|ΓûÄ         | 101/3000 [00:56<25:00,  1.93it/s]
  3%|ΓûÄ         | 102/3000 [00:56<23:10,  2.08it/s]
  3%|ΓûÄ         | 103/3000 [00:57<23:37,  2.04it/s]
  3%|ΓûÄ         | 104/3000 [00:57<22:22,  2.16it/s]
  4%|ΓûÄ         | 105/3000 [00:58<21:24,  2.25it/s]
  4%|ΓûÄ         | 106/3000 [00:58<21:28,  2.25it/s]
  4%|ΓûÄ         | 107/3000 [00:58<21:21,  2.26it/s]
  4%|ΓûÄ         | 108/3000 [00:59<20:17,  2.38it/s]
  4%|ΓûÄ         | 109/3000 [01:00<25:02,  1.92it/s]
  4%|ΓûÄ         | 110/3000 [01:00<22:52,  2.11it/s]
  4%|ΓûÄ         | 111/3000 [01:01<26:56,  1.79it/s]
  4%|ΓûÄ         | 112/3000 [01:01<24:53,  1.93it/s]
  4%|Γûì         | 113/3000 [01:02<29:39,  1.62it/s]
  4%|Γûì         | 114/3000 [01:02<25:59,  1.85it/s]
  4%|Γûì         | 115/3000 [01:03<28:51,  1.67it/s]
  4%|Γûì         | 116/3000 [01:04<29:16,  1.64it/s]
  4%|Γûì         | 117/3000 [01:04<28:29,  1.69it/s]
  4%|Γûì         | 118/3000 [01:05<28:48,  1.67it/s]
  4%|Γûì         | 119/3000 [01:05<25:26,  1.89it/s]
  4%|Γûì         | 120/3000 [01:06<23:40,  2.03it/s]
  4%|Γûì         | 121/3000 [01:06<23:04,  2.08it/s]
  4%|Γûì         | 122/3000 [01:07<24:56,  1.92it/s]
  4%|Γûì         | 123/3000 [01:07<22:40,  2.11it/s]
  4%|Γûì         | 124/3000 [01:08<23:57,  2.00it/s]
  4%|Γûì         | 125/3000 [01:08<25:39,  1.87it/s]
  4%|Γûì         | 126/3000 [01:09<23:10,  2.07it/s]
  4%|Γûì         | 127/3000 [01:09<22:08,  2.16it/s]
  4%|Γûì         | 128/3000 [01:09<22:08,  2.16it/s]
  4%|Γûì         | 129/3000 [01:10<25:09,  1.90it/s]
  4%|Γûì         | 130/3000 [01:10<22:14,  2.15it/s]
  4%|Γûì         | 131/3000 [01:11<24:55,  1.92it/s]
  4%|Γûì         | 132/3000 [01:12<24:05,  1.98it/s]
  4%|Γûì         | 133/3000 [01:12<22:50,  2.09it/s]
  4%|Γûì         | 134/3000 [01:12<21:58,  2.17it/s]
  4%|Γûì         | 135/3000 [01:13<21:13,  2.25it/s]
  5%|Γûì         | 136/3000 [01:13<20:10,  2.37it/s]
  5%|Γûì         | 137/3000 [01:14<20:28,  2.33it/s]
  5%|Γûì         | 138/3000 [01:14<24:41,  1.93it/s]
  5%|Γûì         | 139/3000 [01:15<22:04,  2.16it/s]
  5%|Γûì         | 140/3000 [01:15<23:12,  2.05it/s]
  5%|Γûì         | 141/3000 [01:16<26:48,  1.78it/s]
  5%|Γûì         | 142/3000 [01:17<26:42,  1.78it/s]
  5%|Γûì         | 143/3000 [01:17<25:49,  1.84it/s]
  5%|Γûì         | 144/3000 [01:18<26:39,  1.79it/s]
  5%|Γûì         | 145/3000 [01:18<24:13,  1.96it/s]
  5%|Γûì         | 146/3000 [01:18<22:11,  2.14it/s]
  5%|Γûì         | 147/3000 [01:19<23:15,  2.04it/s]
  5%|Γûì         | 148/3000 [01:19<23:13,  2.05it/s]
  5%|Γûì         | 149/3000 [01:20<24:16,  1.96it/s]
  5%|Γûî         | 150/3000 [01:20<22:54,  2.07it/s]
  5%|Γûî         | 151/3000 [01:21<21:38,  2.19it/s]
  5%|Γûî         | 152/3000 [01:21<24:18,  1.95it/s]
  5%|Γûî         | 153/3000 [01:22<23:21,  2.03it/s]
  5%|Γûî         | 154/3000 [01:23<26:39,  1.78it/s]
  5%|Γûî         | 155/3000 [01:23<25:53,  1.83it/s]
  5%|Γûî         | 156/3000 [01:24<26:39,  1.78it/s]
  5%|Γûî         | 157/3000 [01:24<27:54,  1.70it/s]
  5%|Γûî         | 158/3000 [01:25<28:30,  1.66it/s]
  5%|Γûî         | 159/3000 [01:26<30:02,  1.58it/s]
  5%|Γûî         | 160/3000 [01:26<30:30,  1.55it/s]
  5%|Γûî         | 161/3000 [01:27<31:25,  1.51it/s]
  5%|Γûî         | 162/3000 [01:28<28:59,  1.63it/s]
  5%|Γûî         | 163/3000 [01:28<26:27,  1.79it/s]
  5%|Γûî         | 164/3000 [01:29<25:41,  1.84it/s]
  6%|Γûî         | 165/3000 [01:29<26:42,  1.77it/s]
  6%|Γûî         | 166/3000 [01:30<27:51,  1.70it/s]
  6%|Γûî         | 167/3000 [01:30<27:43,  1.70it/s]
  6%|Γûî         | 168/3000 [01:31<25:20,  1.86it/s]
  6%|Γûî         | 169/3000 [01:31<23:52,  1.98it/s]
  6%|Γûî         | 170/3000 [01:32<27:58,  1.69it/s]
  6%|Γûî         | 171/3000 [01:32<25:26,  1.85it/s]
  6%|Γûî         | 172/3000 [01:33<26:59,  1.75it/s]
  6%|Γûî         | 173/3000 [01:33<24:55,  1.89it/s]
  6%|Γûî         | 174/3000 [01:34<21:49,  2.16it/s]
  6%|Γûî         | 175/3000 [01:34<24:03,  1.96it/s]
  6%|Γûî         | 176/3000 [01:35<22:56,  2.05it/s]
  6%|Γûî         | 177/3000 [01:35<24:45,  1.90it/s]
  6%|Γûî         | 178/3000 [01:36<22:25,  2.10it/s]
  6%|Γûî         | 179/3000 [01:37<27:56,  1.68it/s]
  6%|Γûî         | 180/3000 [01:37<24:45,  1.90it/s]
  6%|Γûî         | 181/3000 [01:38<23:36,  1.99it/s]
  6%|Γûî         | 182/3000 [01:38<21:36,  2.17it/s]
  6%|Γûî         | 183/3000 [01:38<20:50,  2.25it/s]
  6%|Γûî         | 184/3000 [01:39<19:00,  2.47it/s]
  6%|Γûî         | 185/3000 [01:39<20:23,  2.30it/s]
  6%|Γûî         | 186/3000 [01:39<19:32,  2.40it/s]
  6%|Γûî         | 187/3000 [01:40<23:41,  1.98it/s]
  6%|Γûï         | 188/3000 [01:41<25:58,  1.80it/s]
  6%|Γûï         | 189/3000 [01:41<25:37,  1.83it/s]
  6%|Γûï         | 190/3000 [01:42<24:03,  1.95it/s]
  6%|Γûï         | 191/3000 [01:42<25:57,  1.80it/s]
  6%|Γûï         | 192/3000 [01:43<27:30,  1.70it/s]
  6%|Γûï         | 193/3000 [01:44<29:35,  1.58it/s]
  6%|Γûï         | 194/3000 [01:44<26:27,  1.77it/s]
  6%|Γûï         | 195/3000 [01:45<23:32,  1.99it/s]
  7%|Γûï         | 196/3000 [01:45<21:31,  2.17it/s]
  7%|Γûï         | 197/3000 [01:46<23:09,  2.02it/s]
  7%|Γûï         | 198/3000 [01:46<22:22,  2.09it/s]
  7%|Γûï         | 199/3000 [01:46<21:14,  2.20it/s]
  7%|Γûï         | 200/3000 [01:47<22:32,  2.07it/s]
  7%|Γûï         | 201/3000 [01:47<22:05,  2.11it/s]
  7%|Γûï         | 202/3000 [01:48<22:26,  2.08it/s]
  7%|Γûï         | 203/3000 [01:48<23:09,  2.01it/s]
  7%|Γûï         | 204/3000 [01:49<21:46,  2.14it/s]
  7%|Γûï         | 205/3000 [01:50<24:33,  1.90it/s]
  7%|Γûï         | 206/3000 [01:50<24:33,  1.90it/s]
  7%|Γûï         | 207/3000 [01:51<24:29,  1.90it/s]
  7%|Γûï         | 208/3000 [01:51<26:24,  1.76it/s]
  7%|Γûï         | 209/3000 [01:52<24:21,  1.91it/s]
  7%|Γûï         | 210/3000 [01:52<21:25,  2.17it/s]
  7%|Γûï         | 211/3000 [01:53<22:27,  2.07it/s]
  7%|Γûï         | 212/3000 [01:53<22:37,  2.05it/s]
  7%|Γûï         | 213/3000 [01:54<22:45,  2.04it/s]
  7%|Γûï         | 214/3000 [01:54<21:29,  2.16it/s]
  7%|Γûï         | 215/3000 [01:54<22:52,  2.03it/s]
  7%|Γûï         | 216/3000 [01:55<20:59,  2.21it/s]
  7%|Γûï         | 217/3000 [01:55<20:31,  2.26it/s]
  7%|Γûï         | 218/3000 [01:56<23:51,  1.94it/s]
  7%|Γûï         | 219/3000 [01:57<26:44,  1.73it/s]
  7%|Γûï         | 220/3000 [01:57<22:57,  2.02it/s]
  7%|Γûï         | 221/3000 [01:57<22:27,  2.06it/s]
  7%|Γûï         | 222/3000 [01:58<21:41,  2.14it/s]
  7%|Γûï         | 223/3000 [01:58<22:00,  2.10it/s]
  7%|Γûï         | 224/3000 [01:59<24:21,  1.90it/s]
  8%|Γûè         | 225/3000 [02:00<25:05,  1.84it/s]
  8%|Γûè         | 226/3000 [02:00<23:14,  1.99it/s]
  8%|Γûè         | 227/3000 [02:00<20:36,  2.24it/s]
  8%|Γûè         | 228/3000 [02:01<19:41,  2.35it/s]
  8%|Γûè         | 229/3000 [02:01<19:00,  2.43it/s]
  8%|Γûè         | 230/3000 [02:02<20:10,  2.29it/s]
  8%|Γûè         | 232/3000 [02:02<17:07,  2.69it/s]
  8%|Γûè         | 233/3000 [02:03<20:33,  2.24it/s]
  8%|Γûè         | 234/3000 [02:03<23:17,  1.98it/s]
  8%|Γûè         | 235/3000 [02:04<21:56,  2.10it/s]
  8%|Γûè         | 236/3000 [02:04<22:10,  2.08it/s]
  8%|Γûè         | 237/3000 [02:05<23:19,  1.97it/s]
  8%|Γûè         | 238/3000 [02:05<23:11,  1.99it/s]
  8%|Γûè         | 239/3000 [02:06<23:16,  1.98it/s]
  8%|Γûè         | 240/3000 [02:06<21:52,  2.10it/s]
  8%|Γûè         | 241/3000 [02:07<23:30,  1.96it/s]
  8%|Γûè         | 242/3000 [02:07<21:54,  2.10it/s]
  8%|Γûè         | 243/3000 [02:08<23:44,  1.94it/s]
  8%|Γûè         | 244/3000 [02:08<23:05,  1.99it/s]
  8%|Γûè         | 245/3000 [02:09<31:00,  1.48it/s]
  8%|Γûè         | 246/3000 [02:10<26:41,  1.72it/s]
  8%|Γûè         | 247/3000 [02:10<25:33,  1.80it/s]
  8%|Γûè         | 248/3000 [02:11<25:20,  1.81it/s]
  8%|Γûè         | 249/3000 [02:11<25:45,  1.78it/s]
  8%|Γûè         | 250/3000 [02:12<26:07,  1.75it/s]
  8%|Γûè         | 251/3000 [02:13<25:37,  1.79it/s]
  8%|Γûè         | 252/3000 [02:13<26:00,  1.76it/s]
  8%|Γûè         | 253/3000 [02:14<23:44,  1.93it/s]
  8%|Γûè         | 254/3000 [02:14<25:26,  1.80it/s]
  8%|Γûè         | 255/3000 [02:15<23:59,  1.91it/s]
  9%|Γûè         | 256/3000 [02:15<21:49,  2.09it/s]
  9%|Γûè         | 257/3000 [02:16<22:59,  1.99it/s]
  9%|Γûè         | 258/3000 [02:16<23:10,  1.97it/s]
  9%|Γûè         | 259/3000 [02:17<21:37,  2.11it/s]
  9%|Γûè         | 260/3000 [02:17<25:17,  1.81it/s]
  9%|Γûè         | 261/3000 [02:18<25:12,  1.81it/s]
  9%|Γûè         | 262/3000 [02:19<28:14,  1.62it/s]
  9%|Γûë         | 263/3000 [02:19<26:00,  1.75it/s]
  9%|Γûë         | 264/3000 [02:19<23:57,  1.90it/s]
  9%|Γûë         | 265/3000 [02:20<23:16,  1.96it/s]
  9%|Γûë         | 266/3000 [02:20<21:31,  2.12it/s]
  9%|Γûë         | 267/3000 [02:21<21:31,  2.12it/s]
  9%|Γûë         | 268/3000 [02:21<21:03,  2.16it/s]
  9%|Γûë         | 269/3000 [02:22<20:47,  2.19it/s]
  9%|Γûë         | 270/3000 [02:22<18:59,  2.40it/s]
  9%|Γûë         | 271/3000 [02:22<19:19,  2.35it/s]
  9%|Γûë         | 272/3000 [02:23<19:05,  2.38it/s]
  9%|Γûë         | 273/3000 [02:24<28:46,  1.58it/s]
  9%|Γûë         | 274/3000 [02:24<25:18,  1.79it/s]
  9%|Γûë         | 275/3000 [02:25<27:57,  1.62it/s]
  9%|Γûë         | 276/3000 [02:26<25:35,  1.77it/s]
  9%|Γûë         | 277/3000 [02:27<31:29,  1.44it/s]
  9%|Γûë         | 278/3000 [02:27<29:21,  1.55it/s]
  9%|Γûë         | 279/3000 [02:28<26:45,  1.70it/s]
  9%|Γûë         | 280/3000 [02:28<24:28,  1.85it/s]
  9%|Γûë         | 281/3000 [02:28<23:00,  1.97it/s]
  9%|Γûë         | 282/3000 [02:29<20:23,  2.22it/s]
  9%|Γûë         | 283/3000 [02:30<24:44,  1.83it/s]
  9%|Γûë         | 284/3000 [02:30<22:52,  1.98it/s]
 10%|Γûë         | 285/3000 [02:30<20:18,  2.23it/s]
 10%|Γûë         | 286/3000 [02:31<21:43,  2.08it/s]
 10%|Γûë         | 287/3000 [02:31<21:13,  2.13it/s]
 10%|Γûë         | 288/3000 [02:32<23:31,  1.92it/s]
 10%|Γûë         | 289/3000 [02:32<21:31,  2.10it/s]
 10%|Γûë         | 290/3000 [02:33<24:19,  1.86it/s]
 10%|Γûë         | 291/3000 [02:33<22:33,  2.00it/s]
 10%|Γûë         | 292/3000 [02:34<20:57,  2.15it/s]
 10%|Γûë         | 293/3000 [02:35<27:22,  1.65it/s]
 10%|Γûë         | 294/3000 [02:35<26:54,  1.68it/s]
 10%|Γûë         | 295/3000 [02:36<24:23,  1.85it/s]
 10%|Γûë         | 296/3000 [02:36<23:03,  1.95it/s]
 10%|Γûë         | 297/3000 [02:36<21:20,  2.11it/s]
 10%|Γûë         | 298/3000 [02:37<22:48,  1.97it/s]
 10%|Γûë         | 299/3000 [02:37<21:34,  2.09it/s]
 10%|Γûê         | 300/3000 [02:38<20:52,  2.16it/s]
 10%|Γûê         | 301/3000 [02:38<20:17,  2.22it/s]
 10%|Γûê         | 302/3000 [02:39<19:44,  2.28it/s]
 10%|Γûê         | 303/3000 [02:39<22:34,  1.99it/s]
 10%|Γûê         | 304/3000 [02:40<20:46,  2.16it/s]
 10%|Γûê         | 305/3000 [02:40<24:24,  1.84it/s]
 10%|Γûê         | 306/3000 [02:41<21:58,  2.04it/s]
 10%|Γûê         | 307/3000 [02:41<21:18,  2.11it/s]
 10%|Γûê         | 308/3000 [02:42<19:05,  2.35it/s]
 10%|Γûê         | 309/3000 [02:42<21:54,  2.05it/s]
 10%|Γûê         | 310/3000 [02:43<20:16,  2.21it/s]
 10%|Γûê         | 311/3000 [02:43<22:28,  1.99it/s]
 10%|Γûê         | 312/3000 [02:44<21:40,  2.07it/s]
 10%|Γûê         | 313/3000 [02:44<22:23,  2.00it/s]
 10%|Γûê         | 314/3000 [02:45<20:37,  2.17it/s]
 10%|Γûê         | 315/3000 [02:45<19:17,  2.32it/s]
 11%|Γûê         | 316/3000 [02:46<21:37,  2.07it/s]
 11%|Γûê         | 317/3000 [02:46<20:08,  2.22it/s]
 11%|Γûê         | 318/3000 [02:46<21:09,  2.11it/s]
 11%|Γûê         | 319/3000 [02:47<19:46,  2.26it/s]
 11%|Γûê         | 320/3000 [02:47<18:48,  2.37it/s]
 11%|Γûê         | 321/3000 [02:48<20:49,  2.14it/s]
 11%|Γûê         | 322/3000 [02:48<19:31,  2.29it/s]
 11%|Γûê         | 323/3000 [02:49<19:19,  2.31it/s]
 11%|Γûê         | 324/3000 [02:49<19:29,  2.29it/s]
 11%|Γûê         | 325/3000 [02:49<18:34,  2.40it/s]
 11%|Γûê         | 326/3000 [02:50<18:23,  2.42it/s]
 11%|Γûê         | 327/3000 [02:50<18:38,  2.39it/s]
 11%|Γûê         | 328/3000 [02:51<23:15,  1.91it/s]
 11%|Γûê         | 329/3000 [02:51<22:57,  1.94it/s]
 11%|Γûê         | 330/3000 [02:52<21:03,  2.11it/s]
 11%|Γûê         | 331/3000 [02:52<23:26,  1.90it/s]
 11%|Γûê         | 332/3000 [02:53<21:49,  2.04it/s]
 11%|Γûê         | 333/3000 [02:53<20:25,  2.18it/s]
 11%|Γûê         | 334/3000 [02:54<20:54,  2.12it/s]
 11%|Γûê         | 335/3000 [02:54<19:36,  2.26it/s]
 11%|Γûê         | 336/3000 [02:55<18:45,  2.37it/s]
 11%|Γûê         | 337/3000 [02:55<21:37,  2.05it/s]
 11%|ΓûêΓûÅ        | 338/3000 [02:56<21:20,  2.08it/s]
 11%|ΓûêΓûÅ        | 339/3000 [02:56<23:01,  1.93it/s]
 11%|ΓûêΓûÅ        | 340/3000 [02:57<21:59,  2.02it/s]
 11%|ΓûêΓûÅ        | 341/3000 [02:57<20:51,  2.12it/s]
 11%|ΓûêΓûÅ        | 342/3000 [02:58<23:30,  1.89it/s]
 11%|ΓûêΓûÅ        | 343/3000 [02:58<22:18,  1.98it/s]
 12%|ΓûêΓûÅ        | 345/3000 [02:59<18:40,  2.37it/s]
 12%|ΓûêΓûÅ        | 346/3000 [02:59<20:26,  2.16it/s]
 12%|ΓûêΓûÅ        | 347/3000 [03:00<21:05,  2.10it/s]
 12%|ΓûêΓûÅ        | 348/3000 [03:01<24:30,  1.80it/s]
 12%|ΓûêΓûÅ        | 349/3000 [03:01<24:09,  1.83it/s]
 12%|ΓûêΓûÅ        | 350/3000 [03:02<24:18,  1.82it/s]
 12%|ΓûêΓûÅ        | 351/3000 [03:02<21:14,  2.08it/s]
 12%|ΓûêΓûÅ        | 352/3000 [03:03<23:03,  1.91it/s]
 12%|ΓûêΓûÅ        | 353/3000 [03:03<21:06,  2.09it/s]
 12%|ΓûêΓûÅ        | 354/3000 [03:04<20:03,  2.20it/s]
 12%|ΓûêΓûÅ        | 355/3000 [03:04<18:52,  2.34it/s]
 12%|ΓûêΓûÅ        | 356/3000 [03:04<18:04,  2.44it/s]
 12%|ΓûêΓûÅ        | 357/3000 [03:05<20:02,  2.20it/s]
 12%|ΓûêΓûÅ        | 358/3000 [03:05<19:52,  2.22it/s]
 12%|ΓûêΓûÅ        | 359/3000 [03:06<25:03,  1.76it/s]
 12%|ΓûêΓûÅ        | 360/3000 [03:07<26:04,  1.69it/s]
 12%|ΓûêΓûÅ        | 361/3000 [03:07<23:09,  1.90it/s]
 12%|ΓûêΓûÅ        | 362/3000 [03:08<28:06,  1.56it/s]
 12%|ΓûêΓûÅ        | 363/3000 [03:08<25:13,  1.74it/s]
 12%|ΓûêΓûÅ        | 364/3000 [03:09<27:08,  1.62it/s]
 12%|ΓûêΓûÅ        | 365/3000 [03:10<23:50,  1.84it/s]
 12%|ΓûêΓûÅ        | 366/3000 [03:10<24:35,  1.78it/s]
 12%|ΓûêΓûÅ        | 367/3000 [03:11<23:54,  1.84it/s]
 12%|ΓûêΓûÅ        | 368/3000 [03:11<25:45,  1.70it/s]
 12%|ΓûêΓûÅ        | 369/3000 [03:12<25:45,  1.70it/s]
 12%|ΓûêΓûÅ        | 370/3000 [03:12<22:51,  1.92it/s]
 12%|ΓûêΓûÅ        | 371/3000 [03:13<22:10,  1.98it/s]
 12%|ΓûêΓûÅ        | 372/3000 [03:13<20:23,  2.15it/s]
 12%|ΓûêΓûÅ        | 373/3000 [03:13<19:13,  2.28it/s]
 12%|ΓûêΓûÅ        | 374/3000 [03:14<18:13,  2.40it/s]
 12%|ΓûêΓûÄ        | 375/3000 [03:14<19:28,  2.25it/s]
 13%|ΓûêΓûÄ        | 376/3000 [03:15<22:39,  1.93it/s]
 13%|ΓûêΓûÄ        | 377/3000 [03:16<23:43,  1.84it/s]
 13%|ΓûêΓûÄ        | 378/3000 [03:16<23:27,  1.86it/s]
 13%|ΓûêΓûÄ        | 379/3000 [03:17<27:16,  1.60it/s]
 13%|ΓûêΓûÄ        | 380/3000 [03:18<27:48,  1.57it/s]
 13%|ΓûêΓûÄ        | 381/3000 [03:18<24:17,  1.80it/s]
 13%|ΓûêΓûÄ        | 382/3000 [03:19<27:06,  1.61it/s]
 13%|ΓûêΓûÄ        | 383/3000 [03:19<25:56,  1.68it/s]
 13%|ΓûêΓûÄ        | 384/3000 [03:20<24:58,  1.75it/s]
 13%|ΓûêΓûÄ        | 385/3000 [03:20<23:03,  1.89it/s]
 13%|ΓûêΓûÄ        | 386/3000 [03:21<20:59,  2.08it/s]
 13%|ΓûêΓûÄ        | 387/3000 [03:21<18:46,  2.32it/s]
 13%|ΓûêΓûÄ        | 388/3000 [03:22<20:35,  2.11it/s]
 13%|ΓûêΓûÄ        | 389/3000 [03:22<21:28,  2.03it/s]
 13%|ΓûêΓûÄ        | 390/3000 [03:23<20:24,  2.13it/s]
 13%|ΓûêΓûÄ        | 391/3000 [03:23<23:15,  1.87it/s]
 13%|ΓûêΓûÄ        | 392/3000 [03:24<21:37,  2.01it/s]
 13%|ΓûêΓûÄ        | 393/3000 [03:24<24:29,  1.77it/s]
 13%|ΓûêΓûÄ        | 394/3000 [03:25<22:27,  1.93it/s]
 13%|ΓûêΓûÄ        | 395/3000 [03:25<21:00,  2.07it/s]
 13%|ΓûêΓûÄ        | 396/3000 [03:26<26:28,  1.64it/s]
 13%|ΓûêΓûÄ        | 397/3000 [03:27<26:22,  1.64it/s]
 13%|ΓûêΓûÄ        | 398/3000 [03:27<27:09,  1.60it/s]
 13%|ΓûêΓûÄ        | 400/3000 [03:28<20:30,  2.11it/s]
 13%|ΓûêΓûÄ        | 401/3000 [03:28<20:58,  2.07it/s]
 13%|ΓûêΓûÄ        | 402/3000 [03:29<20:29,  2.11it/s]
 13%|ΓûêΓûÄ        | 403/3000 [03:29<20:09,  2.15it/s]
 13%|ΓûêΓûÄ        | 404/3000 [03:30<19:01,  2.27it/s]
 14%|ΓûêΓûÄ        | 406/3000 [03:30<14:10,  3.05it/s]
 14%|ΓûêΓûÄ        | 407/3000 [03:30<15:18,  2.82it/s]
 14%|ΓûêΓûÄ        | 408/3000 [03:31<18:16,  2.36it/s]
 14%|ΓûêΓûÄ        | 409/3000 [03:32<18:36,  2.32it/s]
 14%|ΓûêΓûÄ        | 410/3000 [03:32<22:17,  1.94it/s]
 14%|ΓûêΓûÄ        | 411/3000 [03:33<25:30,  1.69it/s]
 14%|ΓûêΓûÄ        | 412/3000 [03:34<26:47,  1.61it/s]
 14%|ΓûêΓûì        | 413/3000 [03:34<25:23,  1.70it/s]
 14%|ΓûêΓûì        | 414/3000 [03:35<22:46,  1.89it/s]
 14%|ΓûêΓûì        | 415/3000 [03:35<24:16,  1.78it/s]
 14%|ΓûêΓûì        | 416/3000 [03:36<22:12,  1.94it/s]
 14%|ΓûêΓûì        | 417/3000 [03:36<24:01,  1.79it/s]
 14%|ΓûêΓûì        | 418/3000 [03:37<23:33,  1.83it/s]
 14%|ΓûêΓûì        | 420/3000 [03:37<18:30,  2.32it/s]
 14%|ΓûêΓûì        | 421/3000 [03:38<20:42,  2.08it/s]
 14%|ΓûêΓûì        | 422/3000 [03:39<20:26,  2.10it/s]
 14%|ΓûêΓûì        | 423/3000 [03:39<19:52,  2.16it/s]
 14%|ΓûêΓûì        | 424/3000 [03:39<18:04,  2.37it/s]
 14%|ΓûêΓûì        | 425/3000 [03:40<18:02,  2.38it/s]
 14%|ΓûêΓûì        | 426/3000 [03:40<19:34,  2.19it/s]
 14%|ΓûêΓûì        | 427/3000 [03:41<21:22,  2.01it/s]
 14%|ΓûêΓûì        | 428/3000 [03:41<19:00,  2.26it/s]
 14%|ΓûêΓûì        | 429/3000 [03:42<18:08,  2.36it/s]
 14%|ΓûêΓûì        | 430/3000 [03:42<21:33,  1.99it/s]
 14%|ΓûêΓûì        | 431/3000 [03:43<22:02,  1.94it/s]
 14%|ΓûêΓûì        | 432/3000 [03:43<23:53,  1.79it/s]
 14%|ΓûêΓûì        | 433/3000 [03:44<21:52,  1.96it/s]
 14%|ΓûêΓûì        | 434/3000 [03:45<24:43,  1.73it/s]
 14%|ΓûêΓûì        | 435/3000 [03:45<22:31,  1.90it/s]
 15%|ΓûêΓûì        | 436/3000 [03:45<19:55,  2.15it/s]
 15%|ΓûêΓûì        | 437/3000 [03:46<19:17,  2.22it/s]
 15%|ΓûêΓûì        | 438/3000 [03:46<18:06,  2.36it/s]
 15%|ΓûêΓûì        | 439/3000 [03:47<20:34,  2.07it/s]
 15%|ΓûêΓûì        | 440/3000 [03:47<20:47,  2.05it/s]
 15%|ΓûêΓûì        | 441/3000 [03:48<19:10,  2.22it/s]
 15%|ΓûêΓûì        | 442/3000 [03:48<21:48,  1.96it/s]
 15%|ΓûêΓûì        | 443/3000 [03:49<20:26,  2.08it/s]
 15%|ΓûêΓûì        | 444/3000 [03:49<19:23,  2.20it/s]
 15%|ΓûêΓûì        | 445/3000 [03:50<21:01,  2.03it/s]
 15%|ΓûêΓûì        | 446/3000 [03:50<23:54,  1.78it/s]
 15%|ΓûêΓûì        | 447/3000 [03:51<21:34,  1.97it/s]
 15%|ΓûêΓûì        | 448/3000 [03:51<21:30,  1.98it/s]
 15%|ΓûêΓûì        | 449/3000 [03:52<19:39,  2.16it/s]
 15%|ΓûêΓûî        | 450/3000 [03:52<23:37,  1.80it/s]
 15%|ΓûêΓûî        | 451/3000 [03:53<24:59,  1.70it/s]
 15%|ΓûêΓûî        | 452/3000 [03:54<25:04,  1.69it/s]
 15%|ΓûêΓûî        | 453/3000 [03:54<25:19,  1.68it/s]
 15%|ΓûêΓûî        | 454/3000 [03:55<24:32,  1.73it/s]
 15%|ΓûêΓûî        | 455/3000 [03:55<23:12,  1.83it/s]
 15%|ΓûêΓûî        | 456/3000 [03:56<21:26,  1.98it/s]
 15%|ΓûêΓûî        | 457/3000 [03:57<26:20,  1.61it/s]
 15%|ΓûêΓûî        | 458/3000 [03:57<28:11,  1.50it/s]
 15%|ΓûêΓûî        | 459/3000 [03:58<27:23,  1.55it/s]
 15%|ΓûêΓûî        | 460/3000 [03:59<28:51,  1.47it/s]
 15%|ΓûêΓûî        | 461/3000 [03:59<27:05,  1.56it/s]
 15%|ΓûêΓûî        | 462/3000 [04:00<28:23,  1.49it/s]
 15%|ΓûêΓûî        | 463/3000 [04:00<26:21,  1.60it/s]
 15%|ΓûêΓûî        | 464/3000 [04:01<23:26,  1.80it/s]
 16%|ΓûêΓûî        | 465/3000 [04:02<27:25,  1.54it/s]
 16%|ΓûêΓûî        | 466/3000 [04:02<26:32,  1.59it/s]
 16%|ΓûêΓûî        | 467/3000 [04:03<26:33,  1.59it/s]
 16%|ΓûêΓûî        | 468/3000 [04:04<29:34,  1.43it/s]
 16%|ΓûêΓûî        | 469/3000 [04:05<31:50,  1.32it/s]
 16%|ΓûêΓûî        | 470/3000 [04:05<29:31,  1.43it/s]
 16%|ΓûêΓûî        | 471/3000 [04:06<29:58,  1.41it/s]
 16%|ΓûêΓûî        | 472/3000 [04:07<34:15,  1.23it/s]
 16%|ΓûêΓûî        | 474/3000 [04:08<23:14,  1.81it/s]
 16%|ΓûêΓûî        | 475/3000 [04:08<26:06,  1.61it/s]
 16%|ΓûêΓûî        | 476/3000 [04:09<28:32,  1.47it/s]
 16%|ΓûêΓûî        | 477/3000 [04:10<25:39,  1.64it/s]
 16%|ΓûêΓûî        | 478/3000 [04:10<23:17,  1.80it/s]
 16%|ΓûêΓûî        | 479/3000 [04:10<21:02,  2.00it/s]
 16%|ΓûêΓûî        | 480/3000 [04:11<18:52,  2.22it/s]
 16%|ΓûêΓûî        | 481/3000 [04:11<17:57,  2.34it/s]
 16%|ΓûêΓûî        | 482/3000 [04:12<17:38,  2.38it/s]
 16%|ΓûêΓûî        | 483/3000 [04:12<19:24,  2.16it/s]
 16%|ΓûêΓûî        | 484/3000 [04:12<17:33,  2.39it/s]
 16%|ΓûêΓûî        | 485/3000 [04:13<17:24,  2.41it/s]
 16%|ΓûêΓûî        | 486/3000 [04:13<19:11,  2.18it/s]
 16%|ΓûêΓûî        | 487/3000 [04:14<22:08,  1.89it/s]
 16%|ΓûêΓûï        | 488/3000 [04:14<20:36,  2.03it/s]
 16%|ΓûêΓûï        | 489/3000 [04:15<19:29,  2.15it/s]
 16%|ΓûêΓûï        | 490/3000 [04:16<22:40,  1.84it/s]
 16%|ΓûêΓûï        | 491/3000 [04:16<21:21,  1.96it/s]
 16%|ΓûêΓûï        | 492/3000 [04:16<20:01,  2.09it/s]
 16%|ΓûêΓûï        | 493/3000 [04:17<19:32,  2.14it/s]
 16%|ΓûêΓûï        | 494/3000 [04:17<20:03,  2.08it/s]
 16%|ΓûêΓûï        | 495/3000 [04:18<20:51,  2.00it/s]
 17%|ΓûêΓûï        | 496/3000 [04:18<19:39,  2.12it/s]
 17%|ΓûêΓûï        | 497/3000 [04:19<21:02,  1.98it/s]
 17%|ΓûêΓûï        | 498/3000 [04:20<22:47,  1.83it/s]
 17%|ΓûêΓûï        | 499/3000 [04:20<20:51,  2.00it/s]
 17%|ΓûêΓûï        | 500/3000 [04:20<19:43,  2.11it/s]
 17%|ΓûêΓûï        | 501/3000 [04:21<20:06,  2.07it/s]
 17%|ΓûêΓûï        | 502/3000 [04:21<20:38,  2.02it/s]
 17%|ΓûêΓûï        | 503/3000 [04:22<19:53,  2.09it/s]
 17%|ΓûêΓûï        | 504/3000 [04:22<18:59,  2.19it/s]
 17%|ΓûêΓûï        | 505/3000 [04:23<19:44,  2.11it/s]
 17%|ΓûêΓûï        | 506/3000 [04:23<19:01,  2.18it/s]
 17%|ΓûêΓûï        | 507/3000 [04:24<20:53,  1.99it/s]
 17%|ΓûêΓûï        | 508/3000 [04:24<19:42,  2.11it/s]
 17%|ΓûêΓûï        | 509/3000 [04:25<19:33,  2.12it/s]
 17%|ΓûêΓûï        | 510/3000 [04:25<19:21,  2.14it/s]
 17%|ΓûêΓûï        | 511/3000 [04:26<18:46,  2.21it/s]
 17%|ΓûêΓûï        | 512/3000 [04:26<21:35,  1.92it/s]
 17%|ΓûêΓûï        | 513/3000 [04:27<19:50,  2.09it/s]
 17%|ΓûêΓûï        | 514/3000 [04:27<20:46,  1.99it/s]
 17%|ΓûêΓûï        | 515/3000 [04:28<19:14,  2.15it/s]
 17%|ΓûêΓûï        | 516/3000 [04:28<19:50,  2.09it/s]
 17%|ΓûêΓûï        | 517/3000 [04:28<18:28,  2.24it/s]
 17%|ΓûêΓûï        | 518/3000 [04:29<21:51,  1.89it/s]
 17%|ΓûêΓûï        | 519/3000 [04:29<19:13,  2.15it/s]
 17%|ΓûêΓûï        | 520/3000 [04:30<22:42,  1.82it/s]
 17%|ΓûêΓûï        | 521/3000 [04:31<24:50,  1.66it/s]
 17%|ΓûêΓûï        | 522/3000 [04:31<21:51,  1.89it/s]
 17%|ΓûêΓûï        | 523/3000 [04:32<25:26,  1.62it/s]
 17%|ΓûêΓûï        | 524/3000 [04:32<22:21,  1.85it/s]
 18%|ΓûêΓûè        | 525/3000 [04:33<20:48,  1.98it/s]
 18%|ΓûêΓûè        | 526/3000 [04:33<21:05,  1.95it/s]
 18%|ΓûêΓûè        | 527/3000 [04:34<21:11,  1.95it/s]
 18%|ΓûêΓûè        | 528/3000 [04:35<23:20,  1.76it/s]
 18%|ΓûêΓûè        | 529/3000 [04:35<24:30,  1.68it/s]
 18%|ΓûêΓûè        | 530/3000 [04:36<24:03,  1.71it/s]
 18%|ΓûêΓûè        | 531/3000 [04:36<23:27,  1.75it/s]
 18%|ΓûêΓûè        | 532/3000 [04:37<20:57,  1.96it/s]
 18%|ΓûêΓûè        | 533/3000 [04:38<24:45,  1.66it/s]
 18%|ΓûêΓûè        | 534/3000 [04:38<22:41,  1.81it/s]
 18%|ΓûêΓûè        | 535/3000 [04:38<20:49,  1.97it/s]
 18%|ΓûêΓûè        | 536/3000 [04:39<18:26,  2.23it/s]
 18%|ΓûêΓûè        | 537/3000 [04:40<24:29,  1.68it/s]
 18%|ΓûêΓûè        | 538/3000 [04:40<21:38,  1.90it/s]
 18%|ΓûêΓûè        | 539/3000 [04:40<19:50,  2.07it/s]
 18%|ΓûêΓûè        | 540/3000 [04:41<18:19,  2.24it/s]
 18%|ΓûêΓûè        | 541/3000 [04:41<20:25,  2.01it/s]
 18%|ΓûêΓûè        | 542/3000 [04:42<18:07,  2.26it/s]
 18%|ΓûêΓûè        | 543/3000 [04:42<20:26,  2.00it/s]
 18%|ΓûêΓûè        | 544/3000 [04:43<18:49,  2.18it/s]
 18%|ΓûêΓûè        | 545/3000 [04:43<17:41,  2.31it/s]
 18%|ΓûêΓûè        | 546/3000 [04:44<18:46,  2.18it/s]
 18%|ΓûêΓûè        | 547/3000 [04:44<18:19,  2.23it/s]
 18%|ΓûêΓûè        | 548/3000 [04:45<18:49,  2.17it/s]
 18%|ΓûêΓûè        | 549/3000 [04:45<18:16,  2.24it/s]
 18%|ΓûêΓûè        | 550/3000 [04:45<19:15,  2.12it/s]
 18%|ΓûêΓûè        | 551/3000 [04:46<18:16,  2.23it/s]
 18%|ΓûêΓûè        | 552/3000 [04:46<19:03,  2.14it/s]
 18%|ΓûêΓûè        | 553/3000 [04:47<21:12,  1.92it/s]
 18%|ΓûêΓûè        | 554/3000 [04:47<19:52,  2.05it/s]
 18%|ΓûêΓûè        | 555/3000 [04:48<18:36,  2.19it/s]
 19%|ΓûêΓûè        | 556/3000 [04:48<20:05,  2.03it/s]
 19%|ΓûêΓûè        | 558/3000 [04:49<15:57,  2.55it/s]
 19%|ΓûêΓûè        | 559/3000 [04:49<16:17,  2.50it/s]
 19%|ΓûêΓûè        | 560/3000 [04:50<18:59,  2.14it/s]
 19%|ΓûêΓûè        | 561/3000 [04:51<19:30,  2.08it/s]
 19%|ΓûêΓûè        | 562/3000 [04:51<21:33,  1.89it/s]
 19%|ΓûêΓûë        | 563/3000 [04:52<19:45,  2.06it/s]
 19%|ΓûêΓûë        | 564/3000 [04:52<18:23,  2.21it/s]
 19%|ΓûêΓûë        | 565/3000 [04:52<16:43,  2.43it/s]
 19%|ΓûêΓûë        | 566/3000 [04:53<16:47,  2.42it/s]
 19%|ΓûêΓûë        | 567/3000 [04:53<16:22,  2.48it/s]
 19%|ΓûêΓûë        | 568/3000 [04:53<15:59,  2.53it/s]
 19%|ΓûêΓûë        | 569/3000 [04:54<15:39,  2.59it/s]
 19%|ΓûêΓûë        | 570/3000 [04:54<18:46,  2.16it/s]
 19%|ΓûêΓûë        | 571/3000 [04:55<19:48,  2.04it/s]
 19%|ΓûêΓûë        | 572/3000 [04:55<20:00,  2.02it/s]
 19%|ΓûêΓûë        | 573/3000 [04:56<22:57,  1.76it/s]
 19%|ΓûêΓûë        | 574/3000 [04:57<22:55,  1.76it/s]
 19%|ΓûêΓûë        | 575/3000 [04:58<24:52,  1.63it/s]
 19%|ΓûêΓûë        | 576/3000 [04:58<23:44,  1.70it/s]
 19%|ΓûêΓûë        | 577/3000 [04:58<21:49,  1.85it/s]
 19%|ΓûêΓûë        | 578/3000 [04:59<23:28,  1.72it/s]
 19%|ΓûêΓûë        | 579/3000 [05:00<23:09,  1.74it/s]
 19%|ΓûêΓûë        | 580/3000 [05:00<21:19,  1.89it/s]
 19%|ΓûêΓûë        | 581/3000 [05:01<19:49,  2.03it/s]
 19%|ΓûêΓûë        | 582/3000 [05:01<18:20,  2.20it/s]
 19%|ΓûêΓûë        | 583/3000 [05:02<22:04,  1.83it/s]
 19%|ΓûêΓûë        | 584/3000 [05:02<19:54,  2.02it/s]
 20%|ΓûêΓûë        | 585/3000 [05:03<21:22,  1.88it/s]
 20%|ΓûêΓûë        | 586/3000 [05:03<22:12,  1.81it/s]
 20%|ΓûêΓûë        | 587/3000 [05:04<20:30,  1.96it/s]
 20%|ΓûêΓûë        | 588/3000 [05:04<19:35,  2.05it/s]
 20%|ΓûêΓûë        | 589/3000 [05:05<20:21,  1.97it/s]
 20%|ΓûêΓûë        | 590/3000 [05:05<20:59,  1.91it/s]
 20%|ΓûêΓûë        | 591/3000 [05:06<19:09,  2.10it/s]
 20%|ΓûêΓûë        | 592/3000 [05:06<20:59,  1.91it/s]
 20%|ΓûêΓûë        | 593/3000 [05:07<18:59,  2.11it/s]
 20%|ΓûêΓûë        | 594/3000 [05:07<17:18,  2.32it/s]
 20%|ΓûêΓûë        | 595/3000 [05:07<17:01,  2.36it/s]
 20%|ΓûêΓûë        | 596/3000 [05:08<17:07,  2.34it/s]
 20%|ΓûêΓûë        | 597/3000 [05:08<19:14,  2.08it/s]
 20%|ΓûêΓûë        | 598/3000 [05:09<19:46,  2.02it/s]
 20%|ΓûêΓûë        | 599/3000 [05:09<18:20,  2.18it/s]
 20%|ΓûêΓûê        | 600/3000 [05:10<19:58,  2.00it/s]
 20%|ΓûêΓûê        | 601/3000 [05:11<23:52,  1.67it/s]
 20%|ΓûêΓûê        | 602/3000 [05:11<21:29,  1.86it/s]
 20%|ΓûêΓûê        | 603/3000 [05:11<19:57,  2.00it/s]
 20%|ΓûêΓûê        | 604/3000 [05:12<20:34,  1.94it/s]
 20%|ΓûêΓûê        | 605/3000 [05:12<19:10,  2.08it/s]
 20%|ΓûêΓûê        | 606/3000 [05:13<20:05,  1.99it/s]
 20%|ΓûêΓûê        | 607/3000 [05:13<18:38,  2.14it/s]
 20%|ΓûêΓûê        | 608/3000 [05:14<18:01,  2.21it/s]
 20%|ΓûêΓûê        | 609/3000 [05:15<22:16,  1.79it/s]
 20%|ΓûêΓûê        | 610/3000 [05:15<22:03,  1.81it/s]
 20%|ΓûêΓûê        | 611/3000 [05:16<20:13,  1.97it/s]
 20%|ΓûêΓûê        | 612/3000 [05:16<20:16,  1.96it/s]
 20%|ΓûêΓûê        | 613/3000 [05:17<24:54,  1.60it/s]
 20%|ΓûêΓûê        | 614/3000 [05:18<24:46,  1.61it/s]
 20%|ΓûêΓûê        | 615/3000 [05:18<22:15,  1.79it/s]
 21%|ΓûêΓûê        | 616/3000 [05:19<21:45,  1.83it/s]
 21%|ΓûêΓûê        | 617/3000 [05:19<20:19,  1.95it/s]
 21%|ΓûêΓûê        | 618/3000 [05:19<19:26,  2.04it/s]
 21%|ΓûêΓûê        | 619/3000 [05:20<18:11,  2.18it/s]
 21%|ΓûêΓûê        | 620/3000 [05:20<19:58,  1.99it/s]
 21%|ΓûêΓûê        | 621/3000 [05:21<20:35,  1.93it/s]
 21%|ΓûêΓûê        | 622/3000 [05:21<18:48,  2.11it/s]
 21%|ΓûêΓûê        | 623/3000 [05:22<20:26,  1.94it/s]
 21%|ΓûêΓûê        | 624/3000 [05:22<20:25,  1.94it/s]
 21%|ΓûêΓûê        | 625/3000 [05:23<18:36,  2.13it/s]
 21%|ΓûêΓûê        | 626/3000 [05:23<19:23,  2.04it/s]
 21%|ΓûêΓûê        | 627/3000 [05:24<18:42,  2.11it/s]
 21%|ΓûêΓûê        | 628/3000 [05:24<19:13,  2.06it/s]
 21%|ΓûêΓûê        | 629/3000 [05:25<19:23,  2.04it/s]
 21%|ΓûêΓûê        | 630/3000 [05:26<22:22,  1.77it/s]
 21%|ΓûêΓûê        | 631/3000 [05:26<20:25,  1.93it/s]
 21%|ΓûêΓûê        | 632/3000 [05:26<18:01,  2.19it/s]
 21%|ΓûêΓûê        | 633/3000 [05:27<21:37,  1.82it/s]
 21%|ΓûêΓûê        | 634/3000 [05:28<21:24,  1.84it/s]
 21%|ΓûêΓûê        | 635/3000 [05:28<20:00,  1.97it/s]
 21%|ΓûêΓûê        | 636/3000 [05:28<18:24,  2.14it/s]
 21%|ΓûêΓûê        | 637/3000 [05:29<16:50,  2.34it/s]
 21%|ΓûêΓûêΓûÅ       | 638/3000 [05:29<16:57,  2.32it/s]
 21%|ΓûêΓûêΓûÅ       | 639/3000 [05:30<18:39,  2.11it/s]
 21%|ΓûêΓûêΓûÅ       | 640/3000 [05:30<21:06,  1.86it/s]
 21%|ΓûêΓûêΓûÅ       | 641/3000 [05:31<21:17,  1.85it/s]
 21%|ΓûêΓûêΓûÅ       | 642/3000 [05:31<21:44,  1.81it/s]
 21%|ΓûêΓûêΓûÅ       | 643/3000 [05:32<21:35,  1.82it/s]
 21%|ΓûêΓûêΓûÅ       | 644/3000 [05:32<19:30,  2.01it/s]
 22%|ΓûêΓûêΓûÅ       | 645/3000 [05:33<21:33,  1.82it/s]
 22%|ΓûêΓûêΓûÅ       | 646/3000 [05:34<23:00,  1.70it/s]
 22%|ΓûêΓûêΓûÅ       | 647/3000 [05:34<24:48,  1.58it/s]
 22%|ΓûêΓûêΓûÅ       | 648/3000 [05:35<22:06,  1.77it/s]
 22%|ΓûêΓûêΓûÅ       | 649/3000 [05:35<22:05,  1.77it/s]
 22%|ΓûêΓûêΓûÅ       | 650/3000 [05:36<22:51,  1.71it/s]
 22%|ΓûêΓûêΓûÅ       | 651/3000 [05:36<19:41,  1.99it/s]
 22%|ΓûêΓûêΓûÅ       | 652/3000 [05:37<21:08,  1.85it/s]
 22%|ΓûêΓûêΓûÅ       | 653/3000 [05:37<19:31,  2.00it/s]
 22%|ΓûêΓûêΓûÅ       | 654/3000 [05:38<17:16,  2.26it/s]
 22%|ΓûêΓûêΓûÅ       | 655/3000 [05:38<20:32,  1.90it/s]
 22%|ΓûêΓûêΓûÅ       | 656/3000 [05:39<19:56,  1.96it/s]
 22%|ΓûêΓûêΓûÅ       | 657/3000 [05:39<19:51,  1.97it/s]
 22%|ΓûêΓûêΓûÅ       | 658/3000 [05:40<19:45,  1.98it/s]
 22%|ΓûêΓûêΓûÅ       | 659/3000 [05:40<18:45,  2.08it/s]
 22%|ΓûêΓûêΓûÅ       | 660/3000 [05:41<17:36,  2.21it/s]
 22%|ΓûêΓûêΓûÅ       | 661/3000 [05:41<17:32,  2.22it/s]
 22%|ΓûêΓûêΓûÅ       | 662/3000 [05:42<16:47,  2.32it/s]
 22%|ΓûêΓûêΓûÅ       | 663/3000 [05:42<16:46,  2.32it/s]
 22%|ΓûêΓûêΓûÅ       | 664/3000 [05:42<17:09,  2.27it/s]
 22%|ΓûêΓûêΓûÅ       | 665/3000 [05:43<17:07,  2.27it/s]
 22%|ΓûêΓûêΓûÅ       | 666/3000 [05:44<25:43,  1.51it/s]
 22%|ΓûêΓûêΓûÅ       | 667/3000 [05:45<23:06,  1.68it/s]
 22%|ΓûêΓûêΓûÅ       | 668/3000 [05:45<26:15,  1.48it/s]
 22%|ΓûêΓûêΓûÅ       | 669/3000 [05:46<29:01,  1.34it/s]
 22%|ΓûêΓûêΓûÅ       | 670/3000 [05:47<24:06,  1.61it/s]
 22%|ΓûêΓûêΓûÅ       | 671/3000 [05:47<23:42,  1.64it/s]
 22%|ΓûêΓûêΓûÅ       | 672/3000 [05:48<20:51,  1.86it/s]
 22%|ΓûêΓûêΓûÅ       | 673/3000 [05:48<19:23,  2.00it/s]
 22%|ΓûêΓûêΓûÅ       | 674/3000 [05:49<21:33,  1.80it/s]
 22%|ΓûêΓûêΓûÄ       | 675/3000 [05:49<21:07,  1.83it/s]
 23%|ΓûêΓûêΓûÄ       | 676/3000 [05:50<21:08,  1.83it/s]
 23%|ΓûêΓûêΓûÄ       | 677/3000 [05:50<22:33,  1.72it/s]
 23%|ΓûêΓûêΓûÄ       | 678/3000 [05:51<21:38,  1.79it/s]
 23%|ΓûêΓûêΓûÄ       | 679/3000 [05:52<22:58,  1.68it/s]
 23%|ΓûêΓûêΓûÄ       | 680/3000 [05:52<23:43,  1.63it/s]
 23%|ΓûêΓûêΓûÄ       | 681/3000 [05:53<20:15,  1.91it/s]
 23%|ΓûêΓûêΓûÄ       | 682/3000 [05:53<17:51,  2.16it/s]
 23%|ΓûêΓûêΓûÄ       | 683/3000 [05:53<17:10,  2.25it/s]
 23%|ΓûêΓûêΓûÄ       | 684/3000 [05:54<16:46,  2.30it/s]
 23%|ΓûêΓûêΓûÄ       | 685/3000 [05:54<18:37,  2.07it/s]
 23%|ΓûêΓûêΓûÄ       | 686/3000 [05:55<20:39,  1.87it/s]
 23%|ΓûêΓûêΓûÄ       | 687/3000 [05:55<18:44,  2.06it/s]
 23%|ΓûêΓûêΓûÄ       | 688/3000 [05:56<19:24,  1.99it/s]
 23%|ΓûêΓûêΓûÄ       | 689/3000 [05:56<17:17,  2.23it/s]
 23%|ΓûêΓûêΓûÄ       | 690/3000 [05:57<16:17,  2.36it/s]
 23%|ΓûêΓûêΓûÄ       | 691/3000 [05:57<14:57,  2.57it/s]
 23%|ΓûêΓûêΓûÄ       | 692/3000 [05:57<15:16,  2.52it/s]
 23%|ΓûêΓûêΓûÄ       | 694/3000 [05:58<12:33,  3.06it/s]
 23%|ΓûêΓûêΓûÄ       | 695/3000 [05:58<12:25,  3.09it/s]
 23%|ΓûêΓûêΓûÄ       | 696/3000 [05:58<12:52,  2.98it/s]
 23%|ΓûêΓûêΓûÄ       | 697/3000 [05:59<16:43,  2.30it/s]
 23%|ΓûêΓûêΓûÄ       | 698/3000 [06:00<18:21,  2.09it/s]
 23%|ΓûêΓûêΓûÄ       | 699/3000 [06:00<18:09,  2.11it/s]
 23%|ΓûêΓûêΓûÄ       | 700/3000 [06:01<20:26,  1.88it/s]
 23%|ΓûêΓûêΓûÄ       | 701/3000 [06:01<19:57,  1.92it/s]
 23%|ΓûêΓûêΓûÄ       | 702/3000 [06:02<18:23,  2.08it/s]
 23%|ΓûêΓûêΓûÄ       | 703/3000 [06:02<20:26,  1.87it/s]
 23%|ΓûêΓûêΓûÄ       | 704/3000 [06:03<17:56,  2.13it/s]
 24%|ΓûêΓûêΓûÄ       | 705/3000 [06:03<18:39,  2.05it/s]
 24%|ΓûêΓûêΓûÄ       | 706/3000 [06:04<19:45,  1.93it/s]
 24%|ΓûêΓûêΓûÄ       | 707/3000 [06:04<18:12,  2.10it/s]
 24%|ΓûêΓûêΓûÄ       | 708/3000 [06:05<16:52,  2.26it/s]
 24%|ΓûêΓûêΓûÄ       | 709/3000 [06:05<17:45,  2.15it/s]
 24%|ΓûêΓûêΓûÄ       | 710/3000 [06:06<19:51,  1.92it/s]
 24%|ΓûêΓûêΓûÄ       | 711/3000 [06:06<17:30,  2.18it/s]
 24%|ΓûêΓûêΓûÄ       | 712/3000 [06:06<15:47,  2.41it/s]
 24%|ΓûêΓûêΓûì       | 713/3000 [06:07<15:10,  2.51it/s]
 24%|ΓûêΓûêΓûì       | 714/3000 [06:07<15:20,  2.48it/s]
 24%|ΓûêΓûêΓûì       | 715/3000 [06:08<15:33,  2.45it/s]
 24%|ΓûêΓûêΓûì       | 716/3000 [06:08<14:24,  2.64it/s]
 24%|ΓûêΓûêΓûì       | 717/3000 [06:08<14:48,  2.57it/s]
 24%|ΓûêΓûêΓûì       | 718/3000 [06:09<16:23,  2.32it/s]
 24%|ΓûêΓûêΓûì       | 719/3000 [06:09<15:51,  2.40it/s]
 24%|ΓûêΓûêΓûì       | 720/3000 [06:10<20:47,  1.83it/s]
 24%|ΓûêΓûêΓûì       | 721/3000 [06:11<21:43,  1.75it/s]
 24%|ΓûêΓûêΓûì       | 722/3000 [06:11<21:14,  1.79it/s]
 24%|ΓûêΓûêΓûì       | 723/3000 [06:12<22:33,  1.68it/s]
 24%|ΓûêΓûêΓûì       | 724/3000 [06:12<21:40,  1.75it/s]
 24%|ΓûêΓûêΓûì       | 725/3000 [06:13<19:32,  1.94it/s]
 24%|ΓûêΓûêΓûì       | 726/3000 [06:13<19:59,  1.90it/s]
 24%|ΓûêΓûêΓûì       | 727/3000 [06:14<18:54,  2.00it/s]
 24%|ΓûêΓûêΓûì       | 728/3000 [06:14<20:41,  1.83it/s]
 24%|ΓûêΓûêΓûì       | 729/3000 [06:15<19:19,  1.96it/s]
 24%|ΓûêΓûêΓûì       | 730/3000 [06:16<21:13,  1.78it/s]
 24%|ΓûêΓûêΓûì       | 731/3000 [06:16<21:48,  1.73it/s]
 24%|ΓûêΓûêΓûì       | 732/3000 [06:17<20:06,  1.88it/s]
 24%|ΓûêΓûêΓûì       | 733/3000 [06:17<21:31,  1.75it/s]
 24%|ΓûêΓûêΓûì       | 734/3000 [06:18<19:12,  1.97it/s]
 24%|ΓûêΓûêΓûì       | 735/3000 [06:18<19:44,  1.91it/s]
 25%|ΓûêΓûêΓûì       | 736/3000 [06:19<20:46,  1.82it/s]
 25%|ΓûêΓûêΓûì       | 737/3000 [06:19<21:18,  1.77it/s]
 25%|ΓûêΓûêΓûì       | 738/3000 [06:20<18:29,  2.04it/s]
 25%|ΓûêΓûêΓûì       | 739/3000 [06:20<16:25,  2.29it/s]
 25%|ΓûêΓûêΓûì       | 740/3000 [06:21<18:44,  2.01it/s]
 25%|ΓûêΓûêΓûì       | 741/3000 [06:21<16:44,  2.25it/s]
 25%|ΓûêΓûêΓûì       | 742/3000 [06:21<16:09,  2.33it/s]
 25%|ΓûêΓûêΓûì       | 743/3000 [06:22<18:35,  2.02it/s]
 25%|ΓûêΓûêΓûì       | 744/3000 [06:22<17:35,  2.14it/s]
 25%|ΓûêΓûêΓûì       | 745/3000 [06:23<16:27,  2.28it/s]
 25%|ΓûêΓûêΓûì       | 746/3000 [06:24<20:34,  1.83it/s]
 25%|ΓûêΓûêΓûì       | 747/3000 [06:24<18:56,  1.98it/s]
 25%|ΓûêΓûêΓûì       | 748/3000 [06:24<17:23,  2.16it/s]
 25%|ΓûêΓûêΓûì       | 749/3000 [06:25<16:43,  2.24it/s]
 25%|ΓûêΓûêΓûî       | 750/3000 [06:25<16:10,  2.32it/s]
 25%|ΓûêΓûêΓûî       | 751/3000 [06:26<20:30,  1.83it/s]
 25%|ΓûêΓûêΓûî       | 752/3000 [06:26<18:27,  2.03it/s]
 25%|ΓûêΓûêΓûî       | 753/3000 [06:27<17:19,  2.16it/s]
 25%|ΓûêΓûêΓûî       | 754/3000 [06:27<19:18,  1.94it/s]
 25%|ΓûêΓûêΓûî       | 755/3000 [06:28<19:39,  1.90it/s]
 25%|ΓûêΓûêΓûî       | 756/3000 [06:28<18:23,  2.03it/s]
 25%|ΓûêΓûêΓûî       | 757/3000 [06:29<17:40,  2.11it/s]
 25%|ΓûêΓûêΓûî       | 758/3000 [06:29<19:50,  1.88it/s]
 25%|ΓûêΓûêΓûî       | 759/3000 [06:30<19:35,  1.91it/s]
 25%|ΓûêΓûêΓûî       | 760/3000 [06:31<20:11,  1.85it/s]
 25%|ΓûêΓûêΓûî       | 761/3000 [06:31<18:44,  1.99it/s]
 25%|ΓûêΓûêΓûî       | 762/3000 [06:32<20:32,  1.82it/s]
 25%|ΓûêΓûêΓûî       | 763/3000 [06:32<19:03,  1.96it/s]
 25%|ΓûêΓûêΓûî       | 764/3000 [06:32<18:28,  2.02it/s]
 26%|ΓûêΓûêΓûî       | 765/3000 [06:33<18:30,  2.01it/s]
 26%|ΓûêΓûêΓûî       | 766/3000 [06:34<20:03,  1.86it/s]
 26%|ΓûêΓûêΓûî       | 767/3000 [06:34<21:35,  1.72it/s]
 26%|ΓûêΓûêΓûî       | 768/3000 [06:35<22:09,  1.68it/s]
 26%|ΓûêΓûêΓûî       | 769/3000 [06:36<24:07,  1.54it/s]
 26%|ΓûêΓûêΓûî       | 770/3000 [06:36<24:39,  1.51it/s]
 26%|ΓûêΓûêΓûî       | 771/3000 [06:37<21:20,  1.74it/s]
 26%|ΓûêΓûêΓûî       | 772/3000 [06:38<24:49,  1.50it/s]
 26%|ΓûêΓûêΓûî       | 773/3000 [06:38<21:23,  1.74it/s]
 26%|ΓûêΓûêΓûî       | 774/3000 [06:38<19:26,  1.91it/s]
 26%|ΓûêΓûêΓûî       | 775/3000 [06:39<18:21,  2.02it/s]
 26%|ΓûêΓûêΓûî       | 776/3000 [06:39<16:55,  2.19it/s]
 26%|ΓûêΓûêΓûî       | 777/3000 [06:40<15:15,  2.43it/s]
 26%|ΓûêΓûêΓûî       | 778/3000 [06:40<15:38,  2.37it/s]
 26%|ΓûêΓûêΓûî       | 779/3000 [06:41<17:47,  2.08it/s]
 26%|ΓûêΓûêΓûî       | 780/3000 [06:41<16:56,  2.18it/s]
 26%|ΓûêΓûêΓûî       | 781/3000 [06:41<15:58,  2.31it/s]
 26%|ΓûêΓûêΓûî       | 782/3000 [06:42<15:44,  2.35it/s]
 26%|ΓûêΓûêΓûî       | 783/3000 [06:42<14:25,  2.56it/s]
 26%|ΓûêΓûêΓûî       | 784/3000 [06:43<17:36,  2.10it/s]
 26%|ΓûêΓûêΓûî       | 785/3000 [06:43<16:52,  2.19it/s]
 26%|ΓûêΓûêΓûî       | 786/3000 [06:44<17:58,  2.05it/s]
 26%|ΓûêΓûêΓûî       | 787/3000 [06:45<22:01,  1.67it/s]
 26%|ΓûêΓûêΓûï       | 788/3000 [06:45<22:45,  1.62it/s]
 26%|ΓûêΓûêΓûï       | 789/3000 [06:46<21:36,  1.71it/s]
 26%|ΓûêΓûêΓûï       | 790/3000 [06:46<19:10,  1.92it/s]
 26%|ΓûêΓûêΓûï       | 791/3000 [06:47<17:28,  2.11it/s]
 26%|ΓûêΓûêΓûï       | 792/3000 [06:47<18:34,  1.98it/s]
 26%|ΓûêΓûêΓûï       | 793/3000 [06:48<19:02,  1.93it/s]
 26%|ΓûêΓûêΓûï       | 794/3000 [06:48<20:58,  1.75it/s]
 26%|ΓûêΓûêΓûï       | 795/3000 [06:49<21:42,  1.69it/s]
 27%|ΓûêΓûêΓûï       | 796/3000 [06:49<19:30,  1.88it/s]
 27%|ΓûêΓûêΓûï       | 797/3000 [06:50<18:24,  1.99it/s]
 27%|ΓûêΓûêΓûï       | 798/3000 [06:50<17:23,  2.11it/s]
 27%|ΓûêΓûêΓûï       | 799/3000 [06:51<16:23,  2.24it/s]
 27%|ΓûêΓûêΓûï       | 800/3000 [06:51<15:26,  2.38it/s]
 27%|ΓûêΓûêΓûï       | 801/3000 [06:51<14:17,  2.57it/s]
 27%|ΓûêΓûêΓûï       | 802/3000 [06:52<17:15,  2.12it/s]
 27%|ΓûêΓûêΓûï       | 803/3000 [06:52<16:46,  2.18it/s]
 27%|ΓûêΓûêΓûï       | 804/3000 [06:53<16:14,  2.25it/s]
 27%|ΓûêΓûêΓûï       | 805/3000 [06:53<16:35,  2.21it/s]
 27%|ΓûêΓûêΓûï       | 806/3000 [06:54<18:15,  2.00it/s]
 27%|ΓûêΓûêΓûï       | 807/3000 [06:54<16:42,  2.19it/s]
 27%|ΓûêΓûêΓûï       | 808/3000 [06:55<16:37,  2.20it/s]
 27%|ΓûêΓûêΓûï       | 809/3000 [06:55<20:38,  1.77it/s]
 27%|ΓûêΓûêΓûï       | 810/3000 [06:56<18:56,  1.93it/s]
 27%|ΓûêΓûêΓûï       | 811/3000 [06:56<17:42,  2.06it/s]
 27%|ΓûêΓûêΓûï       | 812/3000 [06:57<17:22,  2.10it/s]
 27%|ΓûêΓûêΓûï       | 813/3000 [06:57<17:38,  2.07it/s]
 27%|ΓûêΓûêΓûï       | 814/3000 [06:58<15:48,  2.31it/s]
 27%|ΓûêΓûêΓûï       | 815/3000 [06:58<16:38,  2.19it/s]
 27%|ΓûêΓûêΓûï       | 816/3000 [06:58<15:43,  2.31it/s]
 27%|ΓûêΓûêΓûï       | 817/3000 [06:59<15:01,  2.42it/s]
 27%|ΓûêΓûêΓûï       | 818/3000 [06:59<14:41,  2.48it/s]
 27%|ΓûêΓûêΓûï       | 819/3000 [07:00<18:14,  1.99it/s]
 27%|ΓûêΓûêΓûï       | 820/3000 [07:00<17:51,  2.03it/s]
 27%|ΓûêΓûêΓûï       | 821/3000 [07:01<20:47,  1.75it/s]
 27%|ΓûêΓûêΓûï       | 822/3000 [07:02<18:31,  1.96it/s]
 27%|ΓûêΓûêΓûï       | 823/3000 [07:02<17:26,  2.08it/s]
 27%|ΓûêΓûêΓûï       | 824/3000 [07:02<16:15,  2.23it/s]
 28%|ΓûêΓûêΓûè       | 825/3000 [07:03<17:54,  2.02it/s]
 28%|ΓûêΓûêΓûè       | 826/3000 [07:03<17:11,  2.11it/s]
 28%|ΓûêΓûêΓûè       | 827/3000 [07:04<19:29,  1.86it/s]
 28%|ΓûêΓûêΓûè       | 828/3000 [07:05<19:42,  1.84it/s]
 28%|ΓûêΓûêΓûè       | 829/3000 [07:05<20:58,  1.72it/s]
 28%|ΓûêΓûêΓûè       | 830/3000 [07:06<22:31,  1.61it/s]
 28%|ΓûêΓûêΓûè       | 831/3000 [07:07<22:40,  1.59it/s]
 28%|ΓûêΓûêΓûè       | 832/3000 [07:07<20:31,  1.76it/s]
 28%|ΓûêΓûêΓûè       | 833/3000 [07:07<18:57,  1.91it/s]
 28%|ΓûêΓûêΓûè       | 834/3000 [07:08<19:07,  1.89it/s]
 28%|ΓûêΓûêΓûè       | 835/3000 [07:08<18:46,  1.92it/s]
 28%|ΓûêΓûêΓûè       | 836/3000 [07:09<17:30,  2.06it/s]
 28%|ΓûêΓûêΓûè       | 837/3000 [07:09<16:55,  2.13it/s]
 28%|ΓûêΓûêΓûè       | 838/3000 [07:10<19:20,  1.86it/s]
 28%|ΓûêΓûêΓûè       | 839/3000 [07:10<17:28,  2.06it/s]
 28%|ΓûêΓûêΓûè       | 840/3000 [07:11<17:26,  2.06it/s]
 28%|ΓûêΓûêΓûè       | 841/3000 [07:11<17:50,  2.02it/s]
 28%|ΓûêΓûêΓûè       | 842/3000 [07:12<19:54,  1.81it/s]
 28%|ΓûêΓûêΓûè       | 843/3000 [07:13<18:28,  1.95it/s]
 28%|ΓûêΓûêΓûè       | 844/3000 [07:13<19:59,  1.80it/s]
 28%|ΓûêΓûêΓûè       | 845/3000 [07:14<18:02,  1.99it/s]
 28%|ΓûêΓûêΓûè       | 846/3000 [07:14<17:04,  2.10it/s]
 28%|ΓûêΓûêΓûè       | 847/3000 [07:14<16:46,  2.14it/s]
 28%|ΓûêΓûêΓûè       | 848/3000 [07:15<16:02,  2.24it/s]
 28%|ΓûêΓûêΓûè       | 849/3000 [07:15<15:09,  2.37it/s]
 28%|ΓûêΓûêΓûè       | 850/3000 [07:16<15:12,  2.36it/s]
 28%|ΓûêΓûêΓûè       | 851/3000 [07:16<15:29,  2.31it/s]
 28%|ΓûêΓûêΓûè       | 852/3000 [07:16<15:38,  2.29it/s]
 28%|ΓûêΓûêΓûè       | 853/3000 [07:17<14:25,  2.48it/s]
 28%|ΓûêΓûêΓûè       | 854/3000 [07:17<15:56,  2.24it/s]
 28%|ΓûêΓûêΓûè       | 855/3000 [07:18<15:55,  2.24it/s]
 29%|ΓûêΓûêΓûè       | 856/3000 [07:18<16:44,  2.13it/s]
 29%|ΓûêΓûêΓûè       | 858/3000 [07:19<12:40,  2.82it/s]
 29%|ΓûêΓûêΓûè       | 859/3000 [07:19<12:18,  2.90it/s]
 29%|ΓûêΓûêΓûè       | 860/3000 [07:19<12:02,  2.96it/s]
 29%|ΓûêΓûêΓûè       | 861/3000 [07:20<13:56,  2.56it/s]
 29%|ΓûêΓûêΓûè       | 862/3000 [07:20<14:51,  2.40it/s]
 29%|ΓûêΓûêΓûë       | 863/3000 [07:21<16:48,  2.12it/s]
 29%|ΓûêΓûêΓûë       | 864/3000 [07:21<15:14,  2.34it/s]
 29%|ΓûêΓûêΓûë       | 865/3000 [07:22<17:18,  2.06it/s]
 29%|ΓûêΓûêΓûë       | 866/3000 [07:23<18:21,  1.94it/s]
 29%|ΓûêΓûêΓûë       | 867/3000 [07:23<17:32,  2.03it/s]
 29%|ΓûêΓûêΓûë       | 868/3000 [07:23<17:26,  2.04it/s]
 29%|ΓûêΓûêΓûë       | 869/3000 [07:24<20:34,  1.73it/s]
 29%|ΓûêΓûêΓûë       | 870/3000 [07:25<21:56,  1.62it/s]
 29%|ΓûêΓûêΓûë       | 871/3000 [07:25<20:48,  1.71it/s]
 29%|ΓûêΓûêΓûë       | 872/3000 [07:26<21:26,  1.65it/s]
 29%|ΓûêΓûêΓûë       | 873/3000 [07:27<21:44,  1.63it/s]
 29%|ΓûêΓûêΓûë       | 874/3000 [07:27<19:42,  1.80it/s]
 29%|ΓûêΓûêΓûë       | 875/3000 [07:28<17:43,  2.00it/s]
 29%|ΓûêΓûêΓûë       | 876/3000 [07:28<17:25,  2.03it/s]
 29%|ΓûêΓûêΓûë       | 877/3000 [07:28<16:40,  2.12it/s]
 29%|ΓûêΓûêΓûë       | 878/3000 [07:29<15:28,  2.28it/s]
 29%|ΓûêΓûêΓûë       | 879/3000 [07:29<17:13,  2.05it/s]
 29%|ΓûêΓûêΓûë       | 880/3000 [07:30<17:37,  2.00it/s]
 29%|ΓûêΓûêΓûë       | 881/3000 [07:30<16:57,  2.08it/s]
 29%|ΓûêΓûêΓûë       | 882/3000 [07:31<18:41,  1.89it/s]
 29%|ΓûêΓûêΓûë       | 883/3000 [07:31<16:57,  2.08it/s]
 29%|ΓûêΓûêΓûë       | 884/3000 [07:32<15:47,  2.23it/s]
 30%|ΓûêΓûêΓûë       | 885/3000 [07:32<15:35,  2.26it/s]
 30%|ΓûêΓûêΓûë       | 886/3000 [07:33<17:09,  2.05it/s]
 30%|ΓûêΓûêΓûë       | 887/3000 [07:33<15:19,  2.30it/s]
 30%|ΓûêΓûêΓûë       | 888/3000 [07:34<16:19,  2.16it/s]
 30%|ΓûêΓûêΓûë       | 889/3000 [07:34<18:18,  1.92it/s]
 30%|ΓûêΓûêΓûë       | 890/3000 [07:35<16:56,  2.08it/s]
 30%|ΓûêΓûêΓûë       | 891/3000 [07:35<18:07,  1.94it/s]
 30%|ΓûêΓûêΓûë       | 892/3000 [07:36<18:35,  1.89it/s]
 30%|ΓûêΓûêΓûë       | 893/3000 [07:36<18:05,  1.94it/s]
 30%|ΓûêΓûêΓûë       | 894/3000 [07:37<16:36,  2.11it/s]
 30%|ΓûêΓûêΓûë       | 895/3000 [07:37<17:27,  2.01it/s]
 30%|ΓûêΓûêΓûë       | 896/3000 [07:38<23:06,  1.52it/s]
 30%|ΓûêΓûêΓûë       | 898/3000 [07:39<15:44,  2.22it/s]
 30%|ΓûêΓûêΓûë       | 899/3000 [07:40<19:23,  1.81it/s]
 30%|ΓûêΓûêΓûê       | 900/3000 [07:40<18:37,  1.88it/s]
 30%|ΓûêΓûêΓûê       | 901/3000 [07:41<19:57,  1.75it/s]
 30%|ΓûêΓûêΓûê       | 902/3000 [07:42<22:41,  1.54it/s]
 30%|ΓûêΓûêΓûê       | 903/3000 [07:42<21:26,  1.63it/s]
 30%|ΓûêΓûêΓûê       | 904/3000 [07:42<19:05,  1.83it/s]
 30%|ΓûêΓûêΓûê       | 905/3000 [07:43<17:19,  2.02it/s]
 30%|ΓûêΓûêΓûê       | 906/3000 [07:43<15:24,  2.26it/s]
 30%|ΓûêΓûêΓûê       | 907/3000 [07:44<18:34,  1.88it/s]
 30%|ΓûêΓûêΓûê       | 908/3000 [07:45<20:30,  1.70it/s]
 30%|ΓûêΓûêΓûê       | 909/3000 [07:45<22:04,  1.58it/s]
 30%|ΓûêΓûêΓûê       | 910/3000 [07:46<22:15,  1.56it/s]
 30%|ΓûêΓûêΓûê       | 911/3000 [07:47<21:04,  1.65it/s]
 30%|ΓûêΓûêΓûê       | 912/3000 [07:47<20:22,  1.71it/s]
 30%|ΓûêΓûêΓûê       | 913/3000 [07:48<22:03,  1.58it/s]
 30%|ΓûêΓûêΓûê       | 914/3000 [07:48<19:16,  1.80it/s]
 30%|ΓûêΓûêΓûê       | 915/3000 [07:49<17:22,  2.00it/s]
 31%|ΓûêΓûêΓûê       | 916/3000 [07:49<17:24,  2.00it/s]
 31%|ΓûêΓûêΓûê       | 917/3000 [07:50<17:42,  1.96it/s]
 31%|ΓûêΓûêΓûê       | 918/3000 [07:50<19:01,  1.82it/s]
 31%|ΓûêΓûêΓûê       | 919/3000 [07:51<21:10,  1.64it/s]
 31%|ΓûêΓûêΓûê       | 920/3000 [07:51<19:16,  1.80it/s]
 31%|ΓûêΓûêΓûê       | 921/3000 [07:52<19:14,  1.80it/s]
 31%|ΓûêΓûêΓûê       | 922/3000 [07:52<18:37,  1.86it/s]
 31%|ΓûêΓûêΓûê       | 923/3000 [07:53<16:53,  2.05it/s]
 31%|ΓûêΓûêΓûê       | 924/3000 [07:53<16:00,  2.16it/s]
 31%|ΓûêΓûêΓûê       | 925/3000 [07:54<16:19,  2.12it/s]
 31%|ΓûêΓûêΓûê       | 926/3000 [07:54<15:14,  2.27it/s]
 31%|ΓûêΓûêΓûê       | 927/3000 [07:54<14:28,  2.39it/s]
 31%|ΓûêΓûêΓûê       | 928/3000 [07:55<16:52,  2.05it/s]
 31%|ΓûêΓûêΓûê       | 929/3000 [07:56<15:58,  2.16it/s]
 31%|ΓûêΓûêΓûê       | 930/3000 [07:56<14:57,  2.31it/s]
 31%|ΓûêΓûêΓûê       | 931/3000 [07:56<14:58,  2.30it/s]
 31%|ΓûêΓûêΓûê       | 932/3000 [07:57<16:36,  2.07it/s]
 31%|ΓûêΓûêΓûê       | 933/3000 [07:57<15:24,  2.24it/s]
 31%|ΓûêΓûêΓûê       | 934/3000 [07:58<14:49,  2.32it/s]
 31%|ΓûêΓûêΓûê       | 935/3000 [07:58<15:52,  2.17it/s]
 31%|ΓûêΓûêΓûê       | 936/3000 [07:59<14:24,  2.39it/s]
 31%|ΓûêΓûêΓûê       | 937/3000 [07:59<14:05,  2.44it/s]
 31%|ΓûêΓûêΓûêΓûÅ      | 938/3000 [07:59<13:58,  2.46it/s]
 31%|ΓûêΓûêΓûêΓûÅ      | 939/3000 [08:00<13:32,  2.54it/s]
 31%|ΓûêΓûêΓûêΓûÅ      | 940/3000 [08:00<15:54,  2.16it/s]
 31%|ΓûêΓûêΓûêΓûÅ      | 941/3000 [08:01<14:52,  2.31it/s]
 31%|ΓûêΓûêΓûêΓûÅ      | 942/3000 [08:01<17:11,  2.00it/s]
 31%|ΓûêΓûêΓûêΓûÅ      | 943/3000 [08:02<15:54,  2.16it/s]
 31%|ΓûêΓûêΓûêΓûÅ      | 944/3000 [08:02<15:11,  2.25it/s]
 32%|ΓûêΓûêΓûêΓûÅ      | 945/3000 [08:03<15:44,  2.17it/s]
 32%|ΓûêΓûêΓûêΓûÅ      | 946/3000 [08:03<15:17,  2.24it/s]
 32%|ΓûêΓûêΓûêΓûÅ      | 947/3000 [08:04<16:55,  2.02it/s]
 32%|ΓûêΓûêΓûêΓûÅ      | 948/3000 [08:04<15:42,  2.18it/s]
 32%|ΓûêΓûêΓûêΓûÅ      | 949/3000 [08:05<16:11,  2.11it/s]
 32%|ΓûêΓûêΓûêΓûÅ      | 950/3000 [08:05<17:48,  1.92it/s]
 32%|ΓûêΓûêΓûêΓûÅ      | 951/3000 [08:06<16:22,  2.09it/s]
 32%|ΓûêΓûêΓûêΓûÅ      | 952/3000 [08:06<15:14,  2.24it/s]
 32%|ΓûêΓûêΓûêΓûÅ      | 953/3000 [08:06<14:27,  2.36it/s]
 32%|ΓûêΓûêΓûêΓûÅ      | 954/3000 [08:07<16:45,  2.03it/s]
 32%|ΓûêΓûêΓûêΓûÅ      | 955/3000 [08:07<15:34,  2.19it/s]
 32%|ΓûêΓûêΓûêΓûÅ      | 956/3000 [08:08<14:46,  2.31it/s]
 32%|ΓûêΓûêΓûêΓûÅ      | 957/3000 [08:08<14:38,  2.33it/s]
 32%|ΓûêΓûêΓûêΓûÅ      | 958/3000 [08:09<15:39,  2.17it/s]
 32%|ΓûêΓûêΓûêΓûÅ      | 959/3000 [08:09<15:15,  2.23it/s]
 32%|ΓûêΓûêΓûêΓûÅ      | 960/3000 [08:10<15:33,  2.19it/s]
 32%|ΓûêΓûêΓûêΓûÅ      | 961/3000 [08:10<16:21,  2.08it/s]
 32%|ΓûêΓûêΓûêΓûÅ      | 962/3000 [08:10<15:22,  2.21it/s]
 32%|ΓûêΓûêΓûêΓûÅ      | 963/3000 [08:11<15:05,  2.25it/s]
 32%|ΓûêΓûêΓûêΓûÅ      | 964/3000 [08:11<15:58,  2.12it/s]
 32%|ΓûêΓûêΓûêΓûÅ      | 965/3000 [08:12<14:55,  2.27it/s]
 32%|ΓûêΓûêΓûêΓûÅ      | 966/3000 [08:12<13:38,  2.48it/s]
 32%|ΓûêΓûêΓûêΓûÅ      | 967/3000 [08:13<14:07,  2.40it/s]
 32%|ΓûêΓûêΓûêΓûÅ      | 968/3000 [08:13<13:37,  2.49it/s]
 32%|ΓûêΓûêΓûêΓûÅ      | 969/3000 [08:13<12:45,  2.65it/s]
 32%|ΓûêΓûêΓûêΓûÅ      | 970/3000 [08:14<17:05,  1.98it/s]
 32%|ΓûêΓûêΓûêΓûÅ      | 971/3000 [08:15<17:40,  1.91it/s]
 32%|ΓûêΓûêΓûêΓûÅ      | 972/3000 [08:15<20:11,  1.67it/s]
 32%|ΓûêΓûêΓûêΓûÅ      | 973/3000 [08:16<19:34,  1.73it/s]
 32%|ΓûêΓûêΓûêΓûÅ      | 974/3000 [08:17<21:32,  1.57it/s]
 32%|ΓûêΓûêΓûêΓûÄ      | 975/3000 [08:17<20:16,  1.66it/s]
 33%|ΓûêΓûêΓûêΓûÄ      | 976/3000 [08:18<18:48,  1.79it/s]
 33%|ΓûêΓûêΓûêΓûÄ      | 977/3000 [08:18<17:26,  1.93it/s]
 33%|ΓûêΓûêΓûêΓûÄ      | 978/3000 [08:19<17:38,  1.91it/s]
 33%|ΓûêΓûêΓûêΓûÄ      | 979/3000 [08:19<19:18,  1.74it/s]
 33%|ΓûêΓûêΓûêΓûÄ      | 980/3000 [08:20<17:57,  1.87it/s]
 33%|ΓûêΓûêΓûêΓûÄ      | 981/3000 [08:20<16:01,  2.10it/s]
 33%|ΓûêΓûêΓûêΓûÄ      | 982/3000 [08:21<18:21,  1.83it/s]
 33%|ΓûêΓûêΓûêΓûÄ      | 983/3000 [08:21<16:52,  1.99it/s]
 33%|ΓûêΓûêΓûêΓûÄ      | 984/3000 [08:22<17:32,  1.91it/s]
 33%|ΓûêΓûêΓûêΓûÄ      | 985/3000 [08:22<16:17,  2.06it/s]
 33%|ΓûêΓûêΓûêΓûÄ      | 986/3000 [08:23<17:18,  1.94it/s]
 33%|ΓûêΓûêΓûêΓûÄ      | 987/3000 [08:23<17:03,  1.97it/s]
 33%|ΓûêΓûêΓûêΓûÄ      | 988/3000 [08:24<18:37,  1.80it/s]
 33%|ΓûêΓûêΓûêΓûÄ      | 989/3000 [08:24<17:07,  1.96it/s]
 33%|ΓûêΓûêΓûêΓûÄ      | 990/3000 [08:25<16:07,  2.08it/s]
 33%|ΓûêΓûêΓûêΓûÄ      | 991/3000 [08:25<17:07,  1.96it/s]
 33%|ΓûêΓûêΓûêΓûÄ      | 992/3000 [08:26<15:59,  2.09it/s]
 33%|ΓûêΓûêΓûêΓûÄ      | 993/3000 [08:26<16:03,  2.08it/s]
 33%|ΓûêΓûêΓûêΓûÄ      | 994/3000 [08:27<16:56,  1.97it/s]
 33%|ΓûêΓûêΓûêΓûÄ      | 995/3000 [08:27<16:18,  2.05it/s]
 33%|ΓûêΓûêΓûêΓûÄ      | 996/3000 [08:28<15:26,  2.16it/s]
 33%|ΓûêΓûêΓûêΓûÄ      | 997/3000 [08:28<14:53,  2.24it/s]
 33%|ΓûêΓûêΓûêΓûÄ      | 998/3000 [08:29<19:18,  1.73it/s]
 33%|ΓûêΓûêΓûêΓûÄ      | 999/3000 [08:29<18:59,  1.76it/s]
 33%|ΓûêΓûêΓûêΓûÄ      | 1000/3000 [08:30<17:17,  1.93it/s]
 33%|ΓûêΓûêΓûêΓûÄ      | 1001/3000 [08:30<15:30,  2.15it/s]
 33%|ΓûêΓûêΓûêΓûÄ      | 1002/3000 [08:31<17:17,  1.93it/s]
 33%|ΓûêΓûêΓûêΓûÄ      | 1003/3000 [08:31<16:05,  2.07it/s]
 33%|ΓûêΓûêΓûêΓûÄ      | 1004/3000 [08:32<15:05,  2.20it/s]
 34%|ΓûêΓûêΓûêΓûÄ      | 1005/3000 [08:32<14:27,  2.30it/s]
 34%|ΓûêΓûêΓûêΓûÄ      | 1006/3000 [08:33<17:12,  1.93it/s]
 34%|ΓûêΓûêΓûêΓûÄ      | 1007/3000 [08:33<16:36,  2.00it/s]
 34%|ΓûêΓûêΓûêΓûÄ      | 1008/3000 [08:34<18:18,  1.81it/s]
 34%|ΓûêΓûêΓûêΓûÄ      | 1009/3000 [08:34<18:23,  1.80it/s]
 34%|ΓûêΓûêΓûêΓûÄ      | 1010/3000 [08:35<19:46,  1.68it/s]
 34%|ΓûêΓûêΓûêΓûÄ      | 1011/3000 [08:36<17:53,  1.85it/s]
 34%|ΓûêΓûêΓûêΓûÄ      | 1012/3000 [08:36<16:46,  1.98it/s]
 34%|ΓûêΓûêΓûêΓûì      | 1013/3000 [08:37<18:30,  1.79it/s]
 34%|ΓûêΓûêΓûêΓûì      | 1014/3000 [08:37<19:19,  1.71it/s]
 34%|ΓûêΓûêΓûêΓûì      | 1015/3000 [08:38<20:26,  1.62it/s]
 34%|ΓûêΓûêΓûêΓûì      | 1016/3000 [08:38<19:01,  1.74it/s]
 34%|ΓûêΓûêΓûêΓûì      | 1017/3000 [08:39<20:25,  1.62it/s]
 34%|ΓûêΓûêΓûêΓûì      | 1018/3000 [08:40<18:50,  1.75it/s]
 34%|ΓûêΓûêΓûêΓûì      | 1019/3000 [08:40<18:18,  1.80it/s]
 34%|ΓûêΓûêΓûêΓûì      | 1020/3000 [08:41<19:19,  1.71it/s]
 34%|ΓûêΓûêΓûêΓûì      | 1021/3000 [08:41<17:43,  1.86it/s]
 34%|ΓûêΓûêΓûêΓûì      | 1022/3000 [08:42<17:53,  1.84it/s]
 34%|ΓûêΓûêΓûêΓûì      | 1023/3000 [08:42<16:28,  2.00it/s]
 34%|ΓûêΓûêΓûêΓûì      | 1024/3000 [08:43<17:36,  1.87it/s]
 34%|ΓûêΓûêΓûêΓûì      | 1025/3000 [08:43<17:49,  1.85it/s]
 34%|ΓûêΓûêΓûêΓûì      | 1026/3000 [08:44<17:39,  1.86it/s]
 34%|ΓûêΓûêΓûêΓûì      | 1027/3000 [08:44<17:56,  1.83it/s]
 34%|ΓûêΓûêΓûêΓûì      | 1028/3000 [08:45<17:12,  1.91it/s]
 34%|ΓûêΓûêΓûêΓûì      | 1029/3000 [08:46<18:02,  1.82it/s]
 34%|ΓûêΓûêΓûêΓûì      | 1030/3000 [08:46<16:53,  1.94it/s]
 34%|ΓûêΓûêΓûêΓûì      | 1031/3000 [08:47<18:10,  1.81it/s]
 34%|ΓûêΓûêΓûêΓûì      | 1032/3000 [08:47<16:27,  1.99it/s]
 34%|ΓûêΓûêΓûêΓûì      | 1033/3000 [08:47<15:19,  2.14it/s]
 34%|ΓûêΓûêΓûêΓûì      | 1034/3000 [08:48<14:59,  2.19it/s]
 34%|ΓûêΓûêΓûêΓûì      | 1035/3000 [08:48<15:32,  2.11it/s]
 35%|ΓûêΓûêΓûêΓûì      | 1036/3000 [08:49<14:59,  2.18it/s]
 35%|ΓûêΓûêΓûêΓûì      | 1037/3000 [08:50<18:03,  1.81it/s]
 35%|ΓûêΓûêΓûêΓûì      | 1038/3000 [08:50<17:05,  1.91it/s]
 35%|ΓûêΓûêΓûêΓûì      | 1039/3000 [08:51<17:25,  1.88it/s]
 35%|ΓûêΓûêΓûêΓûì      | 1040/3000 [08:51<16:53,  1.93it/s]
 35%|ΓûêΓûêΓûêΓûì      | 1041/3000 [08:52<18:31,  1.76it/s]
 35%|ΓûêΓûêΓûêΓûì      | 1042/3000 [08:52<16:42,  1.95it/s]
 35%|ΓûêΓûêΓûêΓûì      | 1043/3000 [08:53<16:11,  2.01it/s]
 35%|ΓûêΓûêΓûêΓûì      | 1044/3000 [08:53<17:30,  1.86it/s]
 35%|ΓûêΓûêΓûêΓûì      | 1045/3000 [08:54<18:36,  1.75it/s]
 35%|ΓûêΓûêΓûêΓûì      | 1046/3000 [08:54<18:12,  1.79it/s]
 35%|ΓûêΓûêΓûêΓûì      | 1047/3000 [08:55<19:20,  1.68it/s]
 35%|ΓûêΓûêΓûêΓûì      | 1048/3000 [08:55<17:09,  1.90it/s]
 35%|ΓûêΓûêΓûêΓûì      | 1049/3000 [08:56<18:26,  1.76it/s]
 35%|ΓûêΓûêΓûêΓûî      | 1051/3000 [08:57<15:20,  2.12it/s]
 35%|ΓûêΓûêΓûêΓûî      | 1052/3000 [08:57<15:06,  2.15it/s]
 35%|ΓûêΓûêΓûêΓûî      | 1053/3000 [08:58<14:37,  2.22it/s]
 35%|ΓûêΓûêΓûêΓûî      | 1054/3000 [08:58<16:03,  2.02it/s]
 35%|ΓûêΓûêΓûêΓûî      | 1055/3000 [08:59<17:08,  1.89it/s]
 35%|ΓûêΓûêΓûêΓûî      | 1056/3000 [08:59<15:43,  2.06it/s]
 35%|ΓûêΓûêΓûêΓûî      | 1057/3000 [09:00<15:56,  2.03it/s]
 35%|ΓûêΓûêΓûêΓûî      | 1058/3000 [09:00<14:47,  2.19it/s]
 35%|ΓûêΓûêΓûêΓûî      | 1059/3000 [09:01<15:26,  2.10it/s]
 35%|ΓûêΓûêΓûêΓûî      | 1060/3000 [09:01<16:31,  1.96it/s]
 35%|ΓûêΓûêΓûêΓûî      | 1061/3000 [09:02<16:44,  1.93it/s]
 35%|ΓûêΓûêΓûêΓûî      | 1062/3000 [09:03<20:25,  1.58it/s]
 35%|ΓûêΓûêΓûêΓûî      | 1063/3000 [09:03<18:09,  1.78it/s]
 35%|ΓûêΓûêΓûêΓûî      | 1064/3000 [09:04<18:56,  1.70it/s]
 36%|ΓûêΓûêΓûêΓûî      | 1065/3000 [09:04<16:46,  1.92it/s]
 36%|ΓûêΓûêΓûêΓûî      | 1066/3000 [09:05<18:13,  1.77it/s]
 36%|ΓûêΓûêΓûêΓûî      | 1067/3000 [09:05<17:57,  1.79it/s]
 36%|ΓûêΓûêΓûêΓûî      | 1068/3000 [09:06<18:00,  1.79it/s]
 36%|ΓûêΓûêΓûêΓûî      | 1069/3000 [09:07<19:00,  1.69it/s]
 36%|ΓûêΓûêΓûêΓûî      | 1070/3000 [09:07<16:46,  1.92it/s]
 36%|ΓûêΓûêΓûêΓûî      | 1071/3000 [09:07<15:26,  2.08it/s]
 36%|ΓûêΓûêΓûêΓûî      | 1072/3000 [09:08<16:59,  1.89it/s]
 36%|ΓûêΓûêΓûêΓûî      | 1073/3000 [09:09<18:17,  1.76it/s]
 36%|ΓûêΓûêΓûêΓûî      | 1074/3000 [09:09<18:25,  1.74it/s]
 36%|ΓûêΓûêΓûêΓûî      | 1075/3000 [09:10<16:51,  1.90it/s]
 36%|ΓûêΓûêΓûêΓûî      | 1076/3000 [09:10<15:34,  2.06it/s]
 36%|ΓûêΓûêΓûêΓûî      | 1077/3000 [09:10<13:53,  2.31it/s]
 36%|ΓûêΓûêΓûêΓûî      | 1078/3000 [09:11<13:32,  2.36it/s]
 36%|ΓûêΓûêΓûêΓûî      | 1079/3000 [09:11<13:03,  2.45it/s]
 36%|ΓûêΓûêΓûêΓûî      | 1080/3000 [09:11<12:48,  2.50it/s]
 36%|ΓûêΓûêΓûêΓûî      | 1081/3000 [09:12<14:03,  2.27it/s]
 36%|ΓûêΓûêΓûêΓûî      | 1082/3000 [09:12<14:24,  2.22it/s]
 36%|ΓûêΓûêΓûêΓûî      | 1083/3000 [09:13<15:18,  2.09it/s]
 36%|ΓûêΓûêΓûêΓûî      | 1084/3000 [09:13<14:23,  2.22it/s]
 36%|ΓûêΓûêΓûêΓûî      | 1085/3000 [09:14<13:44,  2.32it/s]
 36%|ΓûêΓûêΓûêΓûî      | 1086/3000 [09:14<13:04,  2.44it/s]
 36%|ΓûêΓûêΓûêΓûî      | 1087/3000 [09:14<12:17,  2.59it/s]
 36%|ΓûêΓûêΓûêΓûï      | 1088/3000 [09:15<12:41,  2.51it/s]
 36%|ΓûêΓûêΓûêΓûï      | 1089/3000 [09:15<13:03,  2.44it/s]
 36%|ΓûêΓûêΓûêΓûï      | 1090/3000 [09:16<15:13,  2.09it/s]
 36%|ΓûêΓûêΓûêΓûï      | 1091/3000 [09:16<14:23,  2.21it/s]
 36%|ΓûêΓûêΓûêΓûï      | 1092/3000 [09:17<16:17,  1.95it/s]
 36%|ΓûêΓûêΓûêΓûï      | 1093/3000 [09:18<16:40,  1.91it/s]
 36%|ΓûêΓûêΓûêΓûï      | 1094/3000 [09:18<15:14,  2.09it/s]
 36%|ΓûêΓûêΓûêΓûï      | 1095/3000 [09:18<15:49,  2.01it/s]
 37%|ΓûêΓûêΓûêΓûï      | 1096/3000 [09:19<14:30,  2.19it/s]
 37%|ΓûêΓûêΓûêΓûï      | 1097/3000 [09:19<15:59,  1.98it/s]
 37%|ΓûêΓûêΓûêΓûï      | 1098/3000 [09:20<14:16,  2.22it/s]
 37%|ΓûêΓûêΓûêΓûï      | 1099/3000 [09:20<14:48,  2.14it/s]
 37%|ΓûêΓûêΓûêΓûï      | 1100/3000 [09:21<13:47,  2.30it/s]
 37%|ΓûêΓûêΓûêΓûï      | 1101/3000 [09:21<15:53,  1.99it/s]
 37%|ΓûêΓûêΓûêΓûï      | 1102/3000 [09:22<16:03,  1.97it/s]
 37%|ΓûêΓûêΓûêΓûï      | 1103/3000 [09:22<15:11,  2.08it/s]
 37%|ΓûêΓûêΓûêΓûï      | 1104/3000 [09:23<15:33,  2.03it/s]
 37%|ΓûêΓûêΓûêΓûï      | 1105/3000 [09:23<15:53,  1.99it/s]
 37%|ΓûêΓûêΓûêΓûï      | 1106/3000 [09:24<16:24,  1.92it/s]
 37%|ΓûêΓûêΓûêΓûï      | 1107/3000 [09:24<16:55,  1.86it/s]
 37%|ΓûêΓûêΓûêΓûï      | 1108/3000 [09:25<15:18,  2.06it/s]
 37%|ΓûêΓûêΓûêΓûï      | 1109/3000 [09:25<14:16,  2.21it/s]
 37%|ΓûêΓûêΓûêΓûï      | 1110/3000 [09:26<13:40,  2.30it/s]
 37%|ΓûêΓûêΓûêΓûï      | 1111/3000 [09:26<15:33,  2.02it/s]
 37%|ΓûêΓûêΓûêΓûï      | 1112/3000 [09:27<14:59,  2.10it/s]
 37%|ΓûêΓûêΓûêΓûï      | 1113/3000 [09:27<14:13,  2.21it/s]
 37%|ΓûêΓûêΓûêΓûï      | 1114/3000 [09:28<15:15,  2.06it/s]
 37%|ΓûêΓûêΓûêΓûï      | 1115/3000 [09:28<15:50,  1.98it/s]
 37%|ΓûêΓûêΓûêΓûï      | 1116/3000 [09:29<15:10,  2.07it/s]
 37%|ΓûêΓûêΓûêΓûï      | 1117/3000 [09:29<14:29,  2.16it/s]
 37%|ΓûêΓûêΓûêΓûï      | 1118/3000 [09:29<14:49,  2.12it/s]
 37%|ΓûêΓûêΓûêΓûï      | 1119/3000 [09:30<15:13,  2.06it/s]
 37%|ΓûêΓûêΓûêΓûï      | 1120/3000 [09:31<15:53,  1.97it/s]
 37%|ΓûêΓûêΓûêΓûï      | 1121/3000 [09:31<17:27,  1.79it/s]
 37%|ΓûêΓûêΓûêΓûï      | 1122/3000 [09:32<16:55,  1.85it/s]
 37%|ΓûêΓûêΓûêΓûï      | 1123/3000 [09:32<15:47,  1.98it/s]
 37%|ΓûêΓûêΓûêΓûï      | 1124/3000 [09:33<14:42,  2.13it/s]
 38%|ΓûêΓûêΓûêΓûè      | 1125/3000 [09:33<14:51,  2.10it/s]
 38%|ΓûêΓûêΓûêΓûè      | 1126/3000 [09:34<16:26,  1.90it/s]
 38%|ΓûêΓûêΓûêΓûè      | 1127/3000 [09:34<17:31,  1.78it/s]
 38%|ΓûêΓûêΓûêΓûè      | 1128/3000 [09:35<16:15,  1.92it/s]
 38%|ΓûêΓûêΓûêΓûè      | 1130/3000 [09:35<13:12,  2.36it/s]
 38%|ΓûêΓûêΓûêΓûè      | 1131/3000 [09:36<14:49,  2.10it/s]
 38%|ΓûêΓûêΓûêΓûè      | 1132/3000 [09:37<16:29,  1.89it/s]
 38%|ΓûêΓûêΓûêΓûè      | 1133/3000 [09:37<15:35,  2.00it/s]
 38%|ΓûêΓûêΓûêΓûè      | 1134/3000 [09:37<14:27,  2.15it/s]
 38%|ΓûêΓûêΓûêΓûè      | 1135/3000 [09:38<13:52,  2.24it/s]
 38%|ΓûêΓûêΓûêΓûè      | 1136/3000 [09:38<15:06,  2.06it/s]
 38%|ΓûêΓûêΓûêΓûè      | 1137/3000 [09:39<15:55,  1.95it/s]
 38%|ΓûêΓûêΓûêΓûè      | 1138/3000 [09:39<15:37,  1.99it/s]
 38%|ΓûêΓûêΓûêΓûè      | 1139/3000 [09:40<17:23,  1.78it/s]
 38%|ΓûêΓûêΓûêΓûè      | 1140/3000 [09:41<16:31,  1.88it/s]
 38%|ΓûêΓûêΓûêΓûè      | 1141/3000 [09:41<16:51,  1.84it/s]
 38%|ΓûêΓûêΓûêΓûè      | 1142/3000 [09:42<17:27,  1.77it/s]
 38%|ΓûêΓûêΓûêΓûè      | 1143/3000 [09:42<16:27,  1.88it/s]
 38%|ΓûêΓûêΓûêΓûè      | 1144/3000 [09:43<14:58,  2.07it/s]
 38%|ΓûêΓûêΓûêΓûè      | 1145/3000 [09:43<14:11,  2.18it/s]
 38%|ΓûêΓûêΓûêΓûè      | 1146/3000 [09:44<16:24,  1.88it/s]
 38%|ΓûêΓûêΓûêΓûè      | 1147/3000 [09:44<16:46,  1.84it/s]
 38%|ΓûêΓûêΓûêΓûè      | 1148/3000 [09:45<15:50,  1.95it/s]
 38%|ΓûêΓûêΓûêΓûè      | 1149/3000 [09:45<16:33,  1.86it/s]
 38%|ΓûêΓûêΓûêΓûè      | 1150/3000 [09:46<15:46,  1.96it/s]
 38%|ΓûêΓûêΓûêΓûè      | 1151/3000 [09:46<16:34,  1.86it/s]
 38%|ΓûêΓûêΓûêΓûè      | 1152/3000 [09:47<16:39,  1.85it/s]
 38%|ΓûêΓûêΓûêΓûè      | 1153/3000 [09:48<18:56,  1.63it/s]
 38%|ΓûêΓûêΓûêΓûè      | 1154/3000 [09:48<17:02,  1.81it/s]
 38%|ΓûêΓûêΓûêΓûè      | 1155/3000 [09:49<15:33,  1.98it/s]
 39%|ΓûêΓûêΓûêΓûè      | 1156/3000 [09:49<16:03,  1.91it/s]
 39%|ΓûêΓûêΓûêΓûè      | 1157/3000 [09:50<16:53,  1.82it/s]
 39%|ΓûêΓûêΓûêΓûè      | 1158/3000 [09:51<19:05,  1.61it/s]
 39%|ΓûêΓûêΓûêΓûè      | 1159/3000 [09:51<16:46,  1.83it/s]
 39%|ΓûêΓûêΓûêΓûè      | 1160/3000 [09:52<17:30,  1.75it/s]
 39%|ΓûêΓûêΓûêΓûè      | 1161/3000 [09:52<18:21,  1.67it/s]
 39%|ΓûêΓûêΓûêΓûè      | 1162/3000 [09:53<20:12,  1.52it/s]
 39%|ΓûêΓûêΓûêΓûë      | 1163/3000 [09:53<17:56,  1.71it/s]
 39%|ΓûêΓûêΓûêΓûë      | 1164/3000 [09:54<16:38,  1.84it/s]
 39%|ΓûêΓûêΓûêΓûë      | 1165/3000 [09:55<18:05,  1.69it/s]
 39%|ΓûêΓûêΓûêΓûë      | 1166/3000 [09:55<16:14,  1.88it/s]
 39%|ΓûêΓûêΓûêΓûë      | 1167/3000 [09:55<14:29,  2.11it/s]
 39%|ΓûêΓûêΓûêΓûë      | 1168/3000 [09:56<13:33,  2.25it/s]
 39%|ΓûêΓûêΓûêΓûë      | 1169/3000 [09:56<13:04,  2.33it/s]
 39%|ΓûêΓûêΓûêΓûë      | 1170/3000 [09:57<14:46,  2.06it/s]
 39%|ΓûêΓûêΓûêΓûë      | 1171/3000 [09:57<16:47,  1.81it/s]
 39%|ΓûêΓûêΓûêΓûë      | 1172/3000 [09:58<15:17,  1.99it/s]
 39%|ΓûêΓûêΓûêΓûë      | 1173/3000 [09:58<14:37,  2.08it/s]
 39%|ΓûêΓûêΓûêΓûë      | 1174/3000 [09:59<14:39,  2.08it/s]
 39%|ΓûêΓûêΓûêΓûë      | 1175/3000 [09:59<16:00,  1.90it/s]
 39%|ΓûêΓûêΓûêΓûë      | 1176/3000 [10:00<16:51,  1.80it/s]
 39%|ΓûêΓûêΓûêΓûë      | 1177/3000 [10:00<15:11,  2.00it/s]
 39%|ΓûêΓûêΓûêΓûë      | 1178/3000 [10:01<14:40,  2.07it/s]
 39%|ΓûêΓûêΓûêΓûë      | 1179/3000 [10:01<17:00,  1.78it/s]
 39%|ΓûêΓûêΓûêΓûë      | 1180/3000 [10:02<15:21,  1.98it/s]
 39%|ΓûêΓûêΓûêΓûë      | 1182/3000 [10:03<13:31,  2.24it/s]
 39%|ΓûêΓûêΓûêΓûë      | 1183/3000 [10:03<14:53,  2.03it/s]
 39%|ΓûêΓûêΓûêΓûë      | 1184/3000 [10:04<14:50,  2.04it/s]
 40%|ΓûêΓûêΓûêΓûë      | 1185/3000 [10:04<14:02,  2.15it/s]
 40%|ΓûêΓûêΓûêΓûë      | 1186/3000 [10:05<16:45,  1.80it/s]
 40%|ΓûêΓûêΓûêΓûë      | 1187/3000 [10:05<15:08,  2.00it/s]
 40%|ΓûêΓûêΓûêΓûë      | 1188/3000 [10:06<15:20,  1.97it/s]
 40%|ΓûêΓûêΓûêΓûë      | 1189/3000 [10:06<15:54,  1.90it/s]
 40%|ΓûêΓûêΓûêΓûë      | 1190/3000 [10:07<14:33,  2.07it/s]
 40%|ΓûêΓûêΓûêΓûë      | 1191/3000 [10:07<13:39,  2.21it/s]
 40%|ΓûêΓûêΓûêΓûë      | 1192/3000 [10:07<12:28,  2.42it/s]
 40%|ΓûêΓûêΓûêΓûë      | 1193/3000 [10:08<12:06,  2.49it/s]
 40%|ΓûêΓûêΓûêΓûë      | 1194/3000 [10:08<12:16,  2.45it/s]
 40%|ΓûêΓûêΓûêΓûë      | 1195/3000 [10:09<13:12,  2.28it/s]
 40%|ΓûêΓûêΓûêΓûë      | 1196/3000 [10:09<13:45,  2.19it/s]
 40%|ΓûêΓûêΓûêΓûë      | 1197/3000 [10:10<13:00,  2.31it/s]
 40%|ΓûêΓûêΓûêΓûë      | 1198/3000 [10:10<14:14,  2.11it/s]
 40%|ΓûêΓûêΓûêΓûë      | 1199/3000 [10:11<15:20,  1.96it/s]
 40%|ΓûêΓûêΓûêΓûê      | 1200/3000 [10:11<14:04,  2.13it/s]
 40%|ΓûêΓûêΓûêΓûê      | 1201/3000 [10:12<14:34,  2.06it/s]
 40%|ΓûêΓûêΓûêΓûê      | 1202/3000 [10:12<14:59,  2.00it/s]
 40%|ΓûêΓûêΓûêΓûê      | 1203/3000 [10:13<16:10,  1.85it/s]
 40%|ΓûêΓûêΓûêΓûê      | 1204/3000 [10:13<16:01,  1.87it/s]
 40%|ΓûêΓûêΓûêΓûê      | 1205/3000 [10:14<16:55,  1.77it/s]
 40%|ΓûêΓûêΓûêΓûê      | 1206/3000 [10:15<17:09,  1.74it/s]
 40%|ΓûêΓûêΓûêΓûê      | 1207/3000 [10:15<16:13,  1.84it/s]
 40%|ΓûêΓûêΓûêΓûê      | 1208/3000 [10:16<16:26,  1.82it/s]
 40%|ΓûêΓûêΓûêΓûê      | 1209/3000 [10:16<16:45,  1.78it/s]
 40%|ΓûêΓûêΓûêΓûê      | 1210/3000 [10:17<14:31,  2.05it/s]
 40%|ΓûêΓûêΓûêΓûê      | 1211/3000 [10:17<13:28,  2.21it/s]
 40%|ΓûêΓûêΓûêΓûê      | 1212/3000 [10:18<15:00,  1.99it/s]
 40%|ΓûêΓûêΓûêΓûê      | 1213/3000 [10:18<16:37,  1.79it/s]
 40%|ΓûêΓûêΓûêΓûê      | 1214/3000 [10:19<15:08,  1.97it/s]
 41%|ΓûêΓûêΓûêΓûê      | 1216/3000 [10:19<12:40,  2.34it/s]
 41%|ΓûêΓûêΓûêΓûê      | 1217/3000 [10:20<15:02,  1.98it/s]
 41%|ΓûêΓûêΓûêΓûê      | 1218/3000 [10:21<14:41,  2.02it/s]
 41%|ΓûêΓûêΓûêΓûê      | 1219/3000 [10:21<13:40,  2.17it/s]
 41%|ΓûêΓûêΓûêΓûê      | 1220/3000 [10:21<12:33,  2.36it/s]
 41%|ΓûêΓûêΓûêΓûê      | 1221/3000 [10:22<12:13,  2.43it/s]
 41%|ΓûêΓûêΓûêΓûê      | 1222/3000 [10:22<11:54,  2.49it/s]
 41%|ΓûêΓûêΓûêΓûê      | 1223/3000 [10:23<14:26,  2.05it/s]
 41%|ΓûêΓûêΓûêΓûê      | 1224/3000 [10:23<16:06,  1.84it/s]
 41%|ΓûêΓûêΓûêΓûê      | 1225/3000 [10:24<14:34,  2.03it/s]
 41%|ΓûêΓûêΓûêΓûê      | 1226/3000 [10:24<13:50,  2.14it/s]
 41%|ΓûêΓûêΓûêΓûê      | 1227/3000 [10:24<13:03,  2.26it/s]
 41%|ΓûêΓûêΓûêΓûê      | 1228/3000 [10:25<14:23,  2.05it/s]
 41%|ΓûêΓûêΓûêΓûê      | 1229/3000 [10:25<13:27,  2.19it/s]
 41%|ΓûêΓûêΓûêΓûê      | 1230/3000 [10:26<12:39,  2.33it/s]
 41%|ΓûêΓûêΓûêΓûê      | 1231/3000 [10:26<13:51,  2.13it/s]
 41%|ΓûêΓûêΓûêΓûê      | 1232/3000 [10:27<13:56,  2.11it/s]
 41%|ΓûêΓûêΓûêΓûê      | 1233/3000 [10:27<13:51,  2.13it/s]
 41%|ΓûêΓûêΓûêΓûê      | 1234/3000 [10:28<12:55,  2.28it/s]
 41%|ΓûêΓûêΓûêΓûê      | 1235/3000 [10:28<12:35,  2.34it/s]
 41%|ΓûêΓûêΓûêΓûê      | 1236/3000 [10:29<13:32,  2.17it/s]
 41%|ΓûêΓûêΓûêΓûê      | 1237/3000 [10:29<13:14,  2.22it/s]
 41%|ΓûêΓûêΓûêΓûêΓûÅ     | 1238/3000 [10:30<15:04,  1.95it/s]
 41%|ΓûêΓûêΓûêΓûêΓûÅ     | 1239/3000 [10:30<13:51,  2.12it/s]
 41%|ΓûêΓûêΓûêΓûêΓûÅ     | 1240/3000 [10:31<15:39,  1.87it/s]
 41%|ΓûêΓûêΓûêΓûêΓûÅ     | 1241/3000 [10:31<14:13,  2.06it/s]
 41%|ΓûêΓûêΓûêΓûêΓûÅ     | 1242/3000 [10:32<15:34,  1.88it/s]
 41%|ΓûêΓûêΓûêΓûêΓûÅ     | 1243/3000 [10:32<16:48,  1.74it/s]
 41%|ΓûêΓûêΓûêΓûêΓûÅ     | 1244/3000 [10:33<16:05,  1.82it/s]
 42%|ΓûêΓûêΓûêΓûêΓûÅ     | 1245/3000 [10:34<18:30,  1.58it/s]
 42%|ΓûêΓûêΓûêΓûêΓûÅ     | 1246/3000 [10:34<16:36,  1.76it/s]
 42%|ΓûêΓûêΓûêΓûêΓûÅ     | 1247/3000 [10:35<16:07,  1.81it/s]
 42%|ΓûêΓûêΓûêΓûêΓûÅ     | 1248/3000 [10:35<17:03,  1.71it/s]
 42%|ΓûêΓûêΓûêΓûêΓûÅ     | 1249/3000 [10:36<16:34,  1.76it/s]
 42%|ΓûêΓûêΓûêΓûêΓûÅ     | 1250/3000 [10:37<18:49,  1.55it/s]
 42%|ΓûêΓûêΓûêΓûêΓûÅ     | 1251/3000 [10:37<18:27,  1.58it/s]
 42%|ΓûêΓûêΓûêΓûêΓûÅ     | 1252/3000 [10:38<16:06,  1.81it/s]
 42%|ΓûêΓûêΓûêΓûêΓûÅ     | 1253/3000 [10:38<16:05,  1.81it/s]
 42%|ΓûêΓûêΓûêΓûêΓûÅ     | 1254/3000 [10:39<15:03,  1.93it/s]
 42%|ΓûêΓûêΓûêΓûêΓûÅ     | 1255/3000 [10:39<13:58,  2.08it/s]
 42%|ΓûêΓûêΓûêΓûêΓûÅ     | 1256/3000 [10:40<14:51,  1.96it/s]
 42%|ΓûêΓûêΓûêΓûêΓûÅ     | 1257/3000 [10:40<15:30,  1.87it/s]
 42%|ΓûêΓûêΓûêΓûêΓûÅ     | 1258/3000 [10:41<15:35,  1.86it/s]
 42%|ΓûêΓûêΓûêΓûêΓûÅ     | 1259/3000 [10:41<15:45,  1.84it/s]
 42%|ΓûêΓûêΓûêΓûêΓûÅ     | 1260/3000 [10:42<14:38,  1.98it/s]
 42%|ΓûêΓûêΓûêΓûêΓûÅ     | 1261/3000 [10:42<15:18,  1.89it/s]
 42%|ΓûêΓûêΓûêΓûêΓûÅ     | 1262/3000 [10:43<17:56,  1.61it/s]
 42%|ΓûêΓûêΓûêΓûêΓûÅ     | 1263/3000 [10:44<15:48,  1.83it/s]
 42%|ΓûêΓûêΓûêΓûêΓûÅ     | 1264/3000 [10:44<15:20,  1.89it/s]
 42%|ΓûêΓûêΓûêΓûêΓûÅ     | 1265/3000 [10:45<16:18,  1.77it/s]
 42%|ΓûêΓûêΓûêΓûêΓûÅ     | 1266/3000 [10:45<15:16,  1.89it/s]
 42%|ΓûêΓûêΓûêΓûêΓûÅ     | 1267/3000 [10:46<14:12,  2.03it/s]
 42%|ΓûêΓûêΓûêΓûêΓûÅ     | 1268/3000 [10:46<13:05,  2.21it/s]
 42%|ΓûêΓûêΓûêΓûêΓûÅ     | 1269/3000 [10:46<12:57,  2.23it/s]
 42%|ΓûêΓûêΓûêΓûêΓûÅ     | 1270/3000 [10:47<11:54,  2.42it/s]
 42%|ΓûêΓûêΓûêΓûêΓûÅ     | 1271/3000 [10:47<12:44,  2.26it/s]
 42%|ΓûêΓûêΓûêΓûêΓûÅ     | 1272/3000 [10:48<13:44,  2.10it/s]
 42%|ΓûêΓûêΓûêΓûêΓûÅ     | 1273/3000 [10:48<15:17,  1.88it/s]
 42%|ΓûêΓûêΓûêΓûêΓûÅ     | 1274/3000 [10:49<14:15,  2.02it/s]
 42%|ΓûêΓûêΓûêΓûêΓûÄ     | 1275/3000 [10:49<13:55,  2.07it/s]
 43%|ΓûêΓûêΓûêΓûêΓûÄ     | 1276/3000 [10:50<13:13,  2.17it/s]
 43%|ΓûêΓûêΓûêΓûêΓûÄ     | 1277/3000 [10:50<12:03,  2.38it/s]
 43%|ΓûêΓûêΓûêΓûêΓûÄ     | 1278/3000 [10:50<12:12,  2.35it/s]
 43%|ΓûêΓûêΓûêΓûêΓûÄ     | 1279/3000 [10:51<12:16,  2.34it/s]
 43%|ΓûêΓûêΓûêΓûêΓûÄ     | 1280/3000 [10:51<13:07,  2.19it/s]
 43%|ΓûêΓûêΓûêΓûêΓûÄ     | 1281/3000 [10:52<17:15,  1.66it/s]
 43%|ΓûêΓûêΓûêΓûêΓûÄ     | 1282/3000 [10:53<16:29,  1.74it/s]
 43%|ΓûêΓûêΓûêΓûêΓûÄ     | 1283/3000 [10:54<17:29,  1.64it/s]
 43%|ΓûêΓûêΓûêΓûêΓûÄ     | 1284/3000 [10:54<17:56,  1.59it/s]
 43%|ΓûêΓûêΓûêΓûêΓûÄ     | 1285/3000 [10:55<16:50,  1.70it/s]
 43%|ΓûêΓûêΓûêΓûêΓûÄ     | 1286/3000 [10:55<16:29,  1.73it/s]
 43%|ΓûêΓûêΓûêΓûêΓûÄ     | 1287/3000 [10:56<15:48,  1.81it/s]
 43%|ΓûêΓûêΓûêΓûêΓûÄ     | 1288/3000 [10:57<17:59,  1.59it/s]
 43%|ΓûêΓûêΓûêΓûêΓûÄ     | 1289/3000 [10:57<15:50,  1.80it/s]
 43%|ΓûêΓûêΓûêΓûêΓûÄ     | 1290/3000 [10:58<15:49,  1.80it/s]
 43%|ΓûêΓûêΓûêΓûêΓûÄ     | 1291/3000 [10:58<14:45,  1.93it/s]
 43%|ΓûêΓûêΓûêΓûêΓûÄ     | 1292/3000 [10:58<14:02,  2.03it/s]
 43%|ΓûêΓûêΓûêΓûêΓûÄ     | 1293/3000 [10:59<12:35,  2.26it/s]
 43%|ΓûêΓûêΓûêΓûêΓûÄ     | 1294/3000 [10:59<12:24,  2.29it/s]
 43%|ΓûêΓûêΓûêΓûêΓûÄ     | 1295/3000 [11:00<14:12,  2.00it/s]
 43%|ΓûêΓûêΓûêΓûêΓûÄ     | 1296/3000 [11:00<14:57,  1.90it/s]
 43%|ΓûêΓûêΓûêΓûêΓûÄ     | 1297/3000 [11:01<14:30,  1.96it/s]
 43%|ΓûêΓûêΓûêΓûêΓûÄ     | 1298/3000 [11:01<12:54,  2.20it/s]
 43%|ΓûêΓûêΓûêΓûêΓûÄ     | 1299/3000 [11:02<12:16,  2.31it/s]
 43%|ΓûêΓûêΓûêΓûêΓûÄ     | 1300/3000 [11:02<11:44,  2.41it/s]
 43%|ΓûêΓûêΓûêΓûêΓûÄ     | 1301/3000 [11:02<11:54,  2.38it/s]
 43%|ΓûêΓûêΓûêΓûêΓûÄ     | 1302/3000 [11:03<14:01,  2.02it/s]
 43%|ΓûêΓûêΓûêΓûêΓûÄ     | 1303/3000 [11:03<12:32,  2.25it/s]
 43%|ΓûêΓûêΓûêΓûêΓûÄ     | 1304/3000 [11:04<12:42,  2.22it/s]
 44%|ΓûêΓûêΓûêΓûêΓûÄ     | 1305/3000 [11:04<14:28,  1.95it/s]
 44%|ΓûêΓûêΓûêΓûêΓûÄ     | 1306/3000 [11:05<16:40,  1.69it/s]
 44%|ΓûêΓûêΓûêΓûêΓûÄ     | 1307/3000 [11:06<17:59,  1.57it/s]
 44%|ΓûêΓûêΓûêΓûêΓûÄ     | 1308/3000 [11:07<17:04,  1.65it/s]
 44%|ΓûêΓûêΓûêΓûêΓûÄ     | 1309/3000 [11:07<15:34,  1.81it/s]
 44%|ΓûêΓûêΓûêΓûêΓûÄ     | 1310/3000 [11:08<15:30,  1.82it/s]
 44%|ΓûêΓûêΓûêΓûêΓûÄ     | 1311/3000 [11:08<15:31,  1.81it/s]
 44%|ΓûêΓûêΓûêΓûêΓûÄ     | 1312/3000 [11:09<17:04,  1.65it/s]
 44%|ΓûêΓûêΓûêΓûêΓûì     | 1313/3000 [11:09<15:02,  1.87it/s]
 44%|ΓûêΓûêΓûêΓûêΓûì     | 1314/3000 [11:10<17:14,  1.63it/s]
 44%|ΓûêΓûêΓûêΓûêΓûì     | 1315/3000 [11:11<17:54,  1.57it/s]
 44%|ΓûêΓûêΓûêΓûêΓûì     | 1316/3000 [11:11<16:43,  1.68it/s]
 44%|ΓûêΓûêΓûêΓûêΓûì     | 1317/3000 [11:12<16:22,  1.71it/s]
 44%|ΓûêΓûêΓûêΓûêΓûì     | 1318/3000 [11:12<14:36,  1.92it/s]
 44%|ΓûêΓûêΓûêΓûêΓûì     | 1319/3000 [11:13<17:37,  1.59it/s]
 44%|ΓûêΓûêΓûêΓûêΓûì     | 1320/3000 [11:14<16:58,  1.65it/s]
 44%|ΓûêΓûêΓûêΓûêΓûì     | 1321/3000 [11:14<17:30,  1.60it/s]
 44%|ΓûêΓûêΓûêΓûêΓûì     | 1322/3000 [11:15<15:33,  1.80it/s]
 44%|ΓûêΓûêΓûêΓûêΓûì     | 1323/3000 [11:15<17:10,  1.63it/s]
 44%|ΓûêΓûêΓûêΓûêΓûì     | 1324/3000 [11:16<15:30,  1.80it/s]
 44%|ΓûêΓûêΓûêΓûêΓûì     | 1325/3000 [11:16<14:07,  1.98it/s]
 44%|ΓûêΓûêΓûêΓûêΓûì     | 1326/3000 [11:17<13:00,  2.14it/s]
 44%|ΓûêΓûêΓûêΓûêΓûì     | 1327/3000 [11:17<12:39,  2.20it/s]
 44%|ΓûêΓûêΓûêΓûêΓûì     | 1328/3000 [11:17<12:30,  2.23it/s]
 44%|ΓûêΓûêΓûêΓûêΓûì     | 1329/3000 [11:18<11:54,  2.34it/s]
 44%|ΓûêΓûêΓûêΓûêΓûì     | 1330/3000 [11:18<11:42,  2.38it/s]
 44%|ΓûêΓûêΓûêΓûêΓûì     | 1331/3000 [11:19<11:29,  2.42it/s]
 44%|ΓûêΓûêΓûêΓûêΓûì     | 1332/3000 [11:19<13:35,  2.05it/s]
 44%|ΓûêΓûêΓûêΓûêΓûì     | 1333/3000 [11:20<12:43,  2.18it/s]
 44%|ΓûêΓûêΓûêΓûêΓûì     | 1334/3000 [11:20<13:39,  2.03it/s]
 44%|ΓûêΓûêΓûêΓûêΓûì     | 1335/3000 [11:21<14:47,  1.88it/s]
 45%|ΓûêΓûêΓûêΓûêΓûì     | 1336/3000 [11:21<14:49,  1.87it/s]
 45%|ΓûêΓûêΓûêΓûêΓûì     | 1337/3000 [11:22<13:28,  2.06it/s]
 45%|ΓûêΓûêΓûêΓûêΓûì     | 1338/3000 [11:22<13:50,  2.00it/s]
 45%|ΓûêΓûêΓûêΓûêΓûì     | 1339/3000 [11:23<15:23,  1.80it/s]
 45%|ΓûêΓûêΓûêΓûêΓûì     | 1340/3000 [11:23<13:25,  2.06it/s]
 45%|ΓûêΓûêΓûêΓûêΓûì     | 1341/3000 [11:24<16:23,  1.69it/s]
 45%|ΓûêΓûêΓûêΓûêΓûì     | 1342/3000 [11:24<14:27,  1.91it/s]
 45%|ΓûêΓûêΓûêΓûêΓûì     | 1343/3000 [11:25<17:03,  1.62it/s]
 45%|ΓûêΓûêΓûêΓûêΓûì     | 1344/3000 [11:26<17:38,  1.57it/s]
 45%|ΓûêΓûêΓûêΓûêΓûì     | 1345/3000 [11:26<15:27,  1.78it/s]
 45%|ΓûêΓûêΓûêΓûêΓûì     | 1346/3000 [11:27<14:00,  1.97it/s]
 45%|ΓûêΓûêΓûêΓûêΓûì     | 1347/3000 [11:27<14:03,  1.96it/s]
 45%|ΓûêΓûêΓûêΓûêΓûì     | 1348/3000 [11:28<12:53,  2.14it/s]
 45%|ΓûêΓûêΓûêΓûêΓûì     | 1349/3000 [11:28<12:37,  2.18it/s]
 45%|ΓûêΓûêΓûêΓûêΓûî     | 1350/3000 [11:29<14:34,  1.89it/s]
 45%|ΓûêΓûêΓûêΓûêΓûî     | 1351/3000 [11:29<14:29,  1.90it/s]
 45%|ΓûêΓûêΓûêΓûêΓûî     | 1352/3000 [11:30<13:38,  2.01it/s]
 45%|ΓûêΓûêΓûêΓûêΓûî     | 1353/3000 [11:30<15:51,  1.73it/s]
 45%|ΓûêΓûêΓûêΓûêΓûî     | 1354/3000 [11:31<16:19,  1.68it/s]
 45%|ΓûêΓûêΓûêΓûêΓûî     | 1355/3000 [11:32<17:20,  1.58it/s]
 45%|ΓûêΓûêΓûêΓûêΓûî     | 1356/3000 [11:32<15:31,  1.76it/s]
 45%|ΓûêΓûêΓûêΓûêΓûî     | 1357/3000 [11:33<16:25,  1.67it/s]
 45%|ΓûêΓûêΓûêΓûêΓûî     | 1358/3000 [11:33<15:50,  1.73it/s]
 45%|ΓûêΓûêΓûêΓûêΓûî     | 1359/3000 [11:34<15:18,  1.79it/s]
 45%|ΓûêΓûêΓûêΓûêΓûî     | 1360/3000 [11:34<14:51,  1.84it/s]
 45%|ΓûêΓûêΓûêΓûêΓûî     | 1361/3000 [11:35<15:39,  1.74it/s]
 45%|ΓûêΓûêΓûêΓûêΓûî     | 1362/3000 [11:35<13:35,  2.01it/s]
 45%|ΓûêΓûêΓûêΓûêΓûî     | 1363/3000 [11:36<12:33,  2.17it/s]
 45%|ΓûêΓûêΓûêΓûêΓûî     | 1364/3000 [11:36<14:03,  1.94it/s]
 46%|ΓûêΓûêΓûêΓûêΓûî     | 1365/3000 [11:37<13:50,  1.97it/s]
 46%|ΓûêΓûêΓûêΓûêΓûî     | 1366/3000 [11:38<14:18,  1.90it/s]
 46%|ΓûêΓûêΓûêΓûêΓûî     | 1367/3000 [11:38<13:37,  2.00it/s]
 46%|ΓûêΓûêΓûêΓûêΓûî     | 1368/3000 [11:38<12:41,  2.14it/s]
 46%|ΓûêΓûêΓûêΓûêΓûî     | 1369/3000 [11:39<12:27,  2.18it/s]
 46%|ΓûêΓûêΓûêΓûêΓûî     | 1370/3000 [11:39<14:26,  1.88it/s]
 46%|ΓûêΓûêΓûêΓûêΓûî     | 1371/3000 [11:40<15:15,  1.78it/s]
 46%|ΓûêΓûêΓûêΓûêΓûî     | 1372/3000 [11:40<13:13,  2.05it/s]
 46%|ΓûêΓûêΓûêΓûêΓûî     | 1373/3000 [11:41<13:38,  1.99it/s]
 46%|ΓûêΓûêΓûêΓûêΓûî     | 1374/3000 [11:41<13:27,  2.01it/s]
 46%|ΓûêΓûêΓûêΓûêΓûî     | 1375/3000 [11:42<14:35,  1.86it/s]
 46%|ΓûêΓûêΓûêΓûêΓûî     | 1376/3000 [11:43<14:23,  1.88it/s]
 46%|ΓûêΓûêΓûêΓûêΓûî     | 1377/3000 [11:43<12:39,  2.14it/s]
 46%|ΓûêΓûêΓûêΓûêΓûî     | 1378/3000 [11:43<13:07,  2.06it/s]
 46%|ΓûêΓûêΓûêΓûêΓûî     | 1379/3000 [11:44<16:37,  1.62it/s]
 46%|ΓûêΓûêΓûêΓûêΓûî     | 1380/3000 [11:45<14:49,  1.82it/s]
 46%|ΓûêΓûêΓûêΓûêΓûî     | 1381/3000 [11:45<13:56,  1.94it/s]
 46%|ΓûêΓûêΓûêΓûêΓûî     | 1382/3000 [11:46<14:15,  1.89it/s]
 46%|ΓûêΓûêΓûêΓûêΓûî     | 1383/3000 [11:46<13:37,  1.98it/s]
 46%|ΓûêΓûêΓûêΓûêΓûî     | 1384/3000 [11:47<13:37,  1.98it/s]
 46%|ΓûêΓûêΓûêΓûêΓûî     | 1385/3000 [11:47<15:02,  1.79it/s]
 46%|ΓûêΓûêΓûêΓûêΓûî     | 1386/3000 [11:48<13:38,  1.97it/s]
 46%|ΓûêΓûêΓûêΓûêΓûî     | 1387/3000 [11:48<14:17,  1.88it/s]
 46%|ΓûêΓûêΓûêΓûêΓûï     | 1388/3000 [11:49<15:13,  1.77it/s]
 46%|ΓûêΓûêΓûêΓûêΓûï     | 1389/3000 [11:49<14:10,  1.89it/s]
 46%|ΓûêΓûêΓûêΓûêΓûï     | 1390/3000 [11:50<12:50,  2.09it/s]
 46%|ΓûêΓûêΓûêΓûêΓûï     | 1391/3000 [11:51<14:23,  1.86it/s]
 46%|ΓûêΓûêΓûêΓûêΓûï     | 1392/3000 [11:51<13:09,  2.04it/s]
 46%|ΓûêΓûêΓûêΓûêΓûï     | 1393/3000 [11:51<13:23,  2.00it/s]
 46%|ΓûêΓûêΓûêΓûêΓûï     | 1394/3000 [11:52<13:55,  1.92it/s]
 46%|ΓûêΓûêΓûêΓûêΓûï     | 1395/3000 [11:52<13:05,  2.04it/s]
 47%|ΓûêΓûêΓûêΓûêΓûï     | 1396/3000 [11:53<12:35,  2.12it/s]
 47%|ΓûêΓûêΓûêΓûêΓûï     | 1397/3000 [11:53<12:21,  2.16it/s]
 47%|ΓûêΓûêΓûêΓûêΓûï     | 1398/3000 [11:54<12:39,  2.11it/s]
 47%|ΓûêΓûêΓûêΓûêΓûï     | 1399/3000 [11:54<13:21,  2.00it/s]
 47%|ΓûêΓûêΓûêΓûêΓûï     | 1400/3000 [11:55<14:02,  1.90it/s]
 47%|ΓûêΓûêΓûêΓûêΓûï     | 1401/3000 [11:56<16:07,  1.65it/s]
 47%|ΓûêΓûêΓûêΓûêΓûï     | 1402/3000 [11:56<17:17,  1.54it/s]
 47%|ΓûêΓûêΓûêΓûêΓûï     | 1403/3000 [11:57<15:05,  1.76it/s]
 47%|ΓûêΓûêΓûêΓûêΓûï     | 1404/3000 [11:57<15:49,  1.68it/s]
 47%|ΓûêΓûêΓûêΓûêΓûï     | 1405/3000 [11:58<16:16,  1.63it/s]
 47%|ΓûêΓûêΓûêΓûêΓûï     | 1406/3000 [11:59<14:24,  1.84it/s]
 47%|ΓûêΓûêΓûêΓûêΓûï     | 1407/3000 [11:59<13:37,  1.95it/s]
 47%|ΓûêΓûêΓûêΓûêΓûï     | 1408/3000 [11:59<12:55,  2.05it/s]
 47%|ΓûêΓûêΓûêΓûêΓûï     | 1409/3000 [12:00<12:11,  2.18it/s]
 47%|ΓûêΓûêΓûêΓûêΓûï     | 1410/3000 [12:00<12:23,  2.14it/s]
 47%|ΓûêΓûêΓûêΓûêΓûï     | 1411/3000 [12:01<14:23,  1.84it/s]
 47%|ΓûêΓûêΓûêΓûêΓûï     | 1412/3000 [12:01<12:52,  2.06it/s]
 47%|ΓûêΓûêΓûêΓûêΓûï     | 1413/3000 [12:02<12:43,  2.08it/s]
 47%|ΓûêΓûêΓûêΓûêΓûï     | 1414/3000 [12:02<11:59,  2.20it/s]
 47%|ΓûêΓûêΓûêΓûêΓûï     | 1415/3000 [12:03<13:15,  1.99it/s]
 47%|ΓûêΓûêΓûêΓûêΓûï     | 1416/3000 [12:03<12:24,  2.13it/s]
 47%|ΓûêΓûêΓûêΓûêΓûï     | 1417/3000 [12:04<15:01,  1.76it/s]
 47%|ΓûêΓûêΓûêΓûêΓûï     | 1418/3000 [12:05<14:47,  1.78it/s]
 47%|ΓûêΓûêΓûêΓûêΓûï     | 1419/3000 [12:05<14:22,  1.83it/s]
 47%|ΓûêΓûêΓûêΓûêΓûï     | 1420/3000 [12:06<16:55,  1.56it/s]
 47%|ΓûêΓûêΓûêΓûêΓûï     | 1421/3000 [12:07<17:13,  1.53it/s]
 47%|ΓûêΓûêΓûêΓûêΓûï     | 1422/3000 [12:07<16:23,  1.60it/s]
 47%|ΓûêΓûêΓûêΓûêΓûï     | 1423/3000 [12:08<16:38,  1.58it/s]
 47%|ΓûêΓûêΓûêΓûêΓûï     | 1424/3000 [12:08<16:42,  1.57it/s]
 48%|ΓûêΓûêΓûêΓûêΓûè     | 1425/3000 [12:09<17:00,  1.54it/s]
 48%|ΓûêΓûêΓûêΓûêΓûè     | 1426/3000 [12:10<15:37,  1.68it/s]
 48%|ΓûêΓûêΓûêΓûêΓûè     | 1427/3000 [12:10<14:39,  1.79it/s]
 48%|ΓûêΓûêΓûêΓûêΓûè     | 1428/3000 [12:11<13:30,  1.94it/s]
 48%|ΓûêΓûêΓûêΓûêΓûè     | 1429/3000 [12:11<12:45,  2.05it/s]
 48%|ΓûêΓûêΓûêΓûêΓûè     | 1430/3000 [12:12<14:55,  1.75it/s]
 48%|ΓûêΓûêΓûêΓûêΓûè     | 1431/3000 [12:12<14:17,  1.83it/s]
 48%|ΓûêΓûêΓûêΓûêΓûè     | 1432/3000 [12:13<15:09,  1.72it/s]
 48%|ΓûêΓûêΓûêΓûêΓûè     | 1433/3000 [12:13<15:38,  1.67it/s]
 48%|ΓûêΓûêΓûêΓûêΓûè     | 1434/3000 [12:14<14:07,  1.85it/s]
 48%|ΓûêΓûêΓûêΓûêΓûè     | 1435/3000 [12:15<16:54,  1.54it/s]
 48%|ΓûêΓûêΓûêΓûêΓûè     | 1436/3000 [12:15<15:03,  1.73it/s]
 48%|ΓûêΓûêΓûêΓûêΓûè     | 1437/3000 [12:16<15:00,  1.74it/s]
 48%|ΓûêΓûêΓûêΓûêΓûè     | 1438/3000 [12:16<13:39,  1.91it/s]
 48%|ΓûêΓûêΓûêΓûêΓûè     | 1439/3000 [12:17<12:58,  2.01it/s]
 48%|ΓûêΓûêΓûêΓûêΓûè     | 1440/3000 [12:17<12:07,  2.14it/s]
 48%|ΓûêΓûêΓûêΓûêΓûè     | 1441/3000 [12:18<12:38,  2.06it/s]
 48%|ΓûêΓûêΓûêΓûêΓûè     | 1442/3000 [12:18<13:20,  1.95it/s]
 48%|ΓûêΓûêΓûêΓûêΓûè     | 1443/3000 [12:19<12:42,  2.04it/s]
 48%|ΓûêΓûêΓûêΓûêΓûè     | 1444/3000 [12:19<14:11,  1.83it/s]
 48%|ΓûêΓûêΓûêΓûêΓûè     | 1445/3000 [12:20<15:50,  1.64it/s]
 48%|ΓûêΓûêΓûêΓûêΓûè     | 1446/3000 [12:21<15:38,  1.66it/s]
 48%|ΓûêΓûêΓûêΓûêΓûè     | 1447/3000 [12:21<14:24,  1.80it/s]
 48%|ΓûêΓûêΓûêΓûêΓûè     | 1448/3000 [12:21<13:20,  1.94it/s]
 48%|ΓûêΓûêΓûêΓûêΓûè     | 1449/3000 [12:22<14:38,  1.76it/s]
 48%|ΓûêΓûêΓûêΓûêΓûè     | 1450/3000 [12:23<16:11,  1.60it/s]
 48%|ΓûêΓûêΓûêΓûêΓûè     | 1451/3000 [12:23<14:13,  1.82it/s]
 48%|ΓûêΓûêΓûêΓûêΓûè     | 1452/3000 [12:24<13:34,  1.90it/s]
 48%|ΓûêΓûêΓûêΓûêΓûè     | 1454/3000 [12:24<10:08,  2.54it/s]
 48%|ΓûêΓûêΓûêΓûêΓûè     | 1455/3000 [12:25<12:05,  2.13it/s]
 49%|ΓûêΓûêΓûêΓûêΓûè     | 1456/3000 [12:26<14:22,  1.79it/s]
 49%|ΓûêΓûêΓûêΓûêΓûè     | 1457/3000 [12:26<13:37,  1.89it/s]
 49%|ΓûêΓûêΓûêΓûêΓûè     | 1458/3000 [12:27<13:04,  1.97it/s]
 49%|ΓûêΓûêΓûêΓûêΓûè     | 1459/3000 [12:27<12:02,  2.13it/s]
 49%|ΓûêΓûêΓûêΓûêΓûè     | 1460/3000 [12:27<11:40,  2.20it/s]
 49%|ΓûêΓûêΓûêΓûêΓûè     | 1461/3000 [12:28<13:13,  1.94it/s]
 49%|ΓûêΓûêΓûêΓûêΓûè     | 1462/3000 [12:28<12:07,  2.11it/s]
 49%|ΓûêΓûêΓûêΓûêΓûë     | 1463/3000 [12:29<11:43,  2.18it/s]
 49%|ΓûêΓûêΓûêΓûêΓûë     | 1464/3000 [12:29<11:49,  2.17it/s]
 49%|ΓûêΓûêΓûêΓûêΓûë     | 1465/3000 [12:30<11:35,  2.21it/s]
 49%|ΓûêΓûêΓûêΓûêΓûë     | 1466/3000 [12:30<12:23,  2.06it/s]
 49%|ΓûêΓûêΓûêΓûêΓûë     | 1467/3000 [12:31<12:43,  2.01it/s]
 49%|ΓûêΓûêΓûêΓûêΓûë     | 1468/3000 [12:31<11:23,  2.24it/s]
 49%|ΓûêΓûêΓûêΓûêΓûë     | 1469/3000 [12:32<11:46,  2.17it/s]
 49%|ΓûêΓûêΓûêΓûêΓûë     | 1470/3000 [12:32<12:12,  2.09it/s]
 49%|ΓûêΓûêΓûêΓûêΓûë     | 1471/3000 [12:33<13:28,  1.89it/s]
 49%|ΓûêΓûêΓûêΓûêΓûë     | 1472/3000 [12:33<12:19,  2.07it/s]
 49%|ΓûêΓûêΓûêΓûêΓûë     | 1473/3000 [12:34<11:54,  2.14it/s]
 49%|ΓûêΓûêΓûêΓûêΓûë     | 1474/3000 [12:34<11:26,  2.22it/s]
 49%|ΓûêΓûêΓûêΓûêΓûë     | 1475/3000 [12:35<13:46,  1.84it/s]
 49%|ΓûêΓûêΓûêΓûêΓûë     | 1476/3000 [12:36<15:09,  1.68it/s]
 49%|ΓûêΓûêΓûêΓûêΓûë     | 1477/3000 [12:36<14:31,  1.75it/s]
 49%|ΓûêΓûêΓûêΓûêΓûë     | 1478/3000 [12:37<13:55,  1.82it/s]
 49%|ΓûêΓûêΓûêΓûêΓûë     | 1479/3000 [12:37<14:31,  1.75it/s]
 49%|ΓûêΓûêΓûêΓûêΓûë     | 1480/3000 [12:38<12:31,  2.02it/s]
 49%|ΓûêΓûêΓûêΓûêΓûë     | 1481/3000 [12:38<12:58,  1.95it/s]
 49%|ΓûêΓûêΓûêΓûêΓûë     | 1482/3000 [12:38<11:52,  2.13it/s]
 49%|ΓûêΓûêΓûêΓûêΓûë     | 1483/3000 [12:39<12:50,  1.97it/s]
 49%|ΓûêΓûêΓûêΓûêΓûë     | 1484/3000 [12:39<11:52,  2.13it/s]
 50%|ΓûêΓûêΓûêΓûêΓûë     | 1485/3000 [12:40<11:17,  2.24it/s]
 50%|ΓûêΓûêΓûêΓûêΓûë     | 1486/3000 [12:40<12:37,  2.00it/s]
 50%|ΓûêΓûêΓûêΓûêΓûë     | 1487/3000 [12:41<14:04,  1.79it/s]
 50%|ΓûêΓûêΓûêΓûêΓûë     | 1488/3000 [12:42<14:05,  1.79it/s]
 50%|ΓûêΓûêΓûêΓûêΓûë     | 1489/3000 [12:42<14:08,  1.78it/s]
 50%|ΓûêΓûêΓûêΓûêΓûë     | 1490/3000 [12:43<13:43,  1.83it/s]
 50%|ΓûêΓûêΓûêΓûêΓûë     | 1491/3000 [12:43<13:16,  1.89it/s]
 50%|ΓûêΓûêΓûêΓûêΓûë     | 1492/3000 [12:44<12:17,  2.05it/s]
 50%|ΓûêΓûêΓûêΓûêΓûë     | 1493/3000 [12:44<11:01,  2.28it/s]
 50%|ΓûêΓûêΓûêΓûêΓûë     | 1494/3000 [12:45<12:04,  2.08it/s]
 50%|ΓûêΓûêΓûêΓûêΓûë     | 1495/3000 [12:45<12:11,  2.06it/s]
 50%|ΓûêΓûêΓûêΓûêΓûë     | 1496/3000 [12:46<12:51,  1.95it/s]
 50%|ΓûêΓûêΓûêΓûêΓûë     | 1497/3000 [12:46<14:48,  1.69it/s]
 50%|ΓûêΓûêΓûêΓûêΓûë     | 1498/3000 [12:47<14:21,  1.74it/s]
 50%|ΓûêΓûêΓûêΓûêΓûë     | 1499/3000 [12:48<14:19,  1.75it/s]
 50%|ΓûêΓûêΓûêΓûêΓûê     | 1500/3000 [12:48<15:10,  1.65it/s]
 50%|ΓûêΓûêΓûêΓûêΓûê     | 1501/3000 [12:49<14:49,  1.69it/s]
 50%|ΓûêΓûêΓûêΓûêΓûê     | 1502/3000 [12:49<13:28,  1.85it/s]
 50%|ΓûêΓûêΓûêΓûêΓûê     | 1503/3000 [12:50<14:20,  1.74it/s]
 50%|ΓûêΓûêΓûêΓûêΓûê     | 1504/3000 [12:51<15:39,  1.59it/s]
 50%|ΓûêΓûêΓûêΓûêΓûê     | 1505/3000 [12:51<14:50,  1.68it/s]
 50%|ΓûêΓûêΓûêΓûêΓûê     | 1506/3000 [12:52<15:17,  1.63it/s]
 50%|ΓûêΓûêΓûêΓûêΓûê     | 1507/3000 [12:52<13:53,  1.79it/s]
 50%|ΓûêΓûêΓûêΓûêΓûê     | 1508/3000 [12:53<13:24,  1.85it/s]
 50%|ΓûêΓûêΓûêΓûêΓûê     | 1509/3000 [12:53<12:36,  1.97it/s]
 50%|ΓûêΓûêΓûêΓûêΓûê     | 1510/3000 [12:54<11:52,  2.09it/s]
 50%|ΓûêΓûêΓûêΓûêΓûê     | 1511/3000 [12:54<12:58,  1.91it/s]
 50%|ΓûêΓûêΓûêΓûêΓûê     | 1512/3000 [12:55<13:44,  1.80it/s]
 50%|ΓûêΓûêΓûêΓûêΓûê     | 1513/3000 [12:55<11:54,  2.08it/s]
 50%|ΓûêΓûêΓûêΓûêΓûê     | 1514/3000 [12:56<11:47,  2.10it/s]
 50%|ΓûêΓûêΓûêΓûêΓûê     | 1515/3000 [12:56<12:00,  2.06it/s]
 51%|ΓûêΓûêΓûêΓûêΓûê     | 1516/3000 [12:56<11:05,  2.23it/s]
 51%|ΓûêΓûêΓûêΓûêΓûê     | 1517/3000 [12:57<12:02,  2.05it/s]
 51%|ΓûêΓûêΓûêΓûêΓûê     | 1518/3000 [12:57<11:11,  2.21it/s]
 51%|ΓûêΓûêΓûêΓûêΓûê     | 1519/3000 [12:58<10:31,  2.35it/s]
 51%|ΓûêΓûêΓûêΓûêΓûê     | 1520/3000 [12:58<11:40,  2.11it/s]
 51%|ΓûêΓûêΓûêΓûêΓûê     | 1521/3000 [12:59<10:53,  2.26it/s]
 51%|ΓûêΓûêΓûêΓûêΓûê     | 1522/3000 [12:59<10:38,  2.32it/s]
 51%|ΓûêΓûêΓûêΓûêΓûê     | 1523/3000 [13:00<11:15,  2.19it/s]
 51%|ΓûêΓûêΓûêΓûêΓûê     | 1524/3000 [13:00<13:30,  1.82it/s]
 51%|ΓûêΓûêΓûêΓûêΓûê     | 1525/3000 [13:01<13:22,  1.84it/s]
 51%|ΓûêΓûêΓûêΓûêΓûê     | 1526/3000 [13:02<14:51,  1.65it/s]
 51%|ΓûêΓûêΓûêΓûêΓûê     | 1527/3000 [13:02<13:01,  1.89it/s]
 51%|ΓûêΓûêΓûêΓûêΓûê     | 1528/3000 [13:03<12:46,  1.92it/s]
 51%|ΓûêΓûêΓûêΓûêΓûê     | 1529/3000 [13:03<12:02,  2.04it/s]
 51%|ΓûêΓûêΓûêΓûêΓûê     | 1530/3000 [13:03<11:40,  2.10it/s]
 51%|ΓûêΓûêΓûêΓûêΓûê     | 1531/3000 [13:04<13:00,  1.88it/s]
 51%|ΓûêΓûêΓûêΓûêΓûê     | 1532/3000 [13:05<12:58,  1.89it/s]
 51%|ΓûêΓûêΓûêΓûêΓûê     | 1533/3000 [13:05<13:37,  1.79it/s]
 51%|ΓûêΓûêΓûêΓûêΓûê     | 1534/3000 [13:06<12:50,  1.90it/s]
 51%|ΓûêΓûêΓûêΓûêΓûê     | 1535/3000 [13:06<11:48,  2.07it/s]
 51%|ΓûêΓûêΓûêΓûêΓûê     | 1536/3000 [13:07<12:17,  1.98it/s]
 51%|ΓûêΓûêΓûêΓûêΓûê     | 1537/3000 [13:07<11:04,  2.20it/s]
 51%|ΓûêΓûêΓûêΓûêΓûêΓûÅ    | 1538/3000 [13:07<11:33,  2.11it/s]
 51%|ΓûêΓûêΓûêΓûêΓûêΓûÅ    | 1539/3000 [13:08<12:08,  2.01it/s]
 51%|ΓûêΓûêΓûêΓûêΓûêΓûÅ    | 1540/3000 [13:09<12:24,  1.96it/s]
 51%|ΓûêΓûêΓûêΓûêΓûêΓûÅ    | 1541/3000 [13:09<11:52,  2.05it/s]
 51%|ΓûêΓûêΓûêΓûêΓûêΓûÅ    | 1542/3000 [13:09<11:34,  2.10it/s]
 51%|ΓûêΓûêΓûêΓûêΓûêΓûÅ    | 1543/3000 [13:10<10:49,  2.24it/s]
 51%|ΓûêΓûêΓûêΓûêΓûêΓûÅ    | 1544/3000 [13:10<11:43,  2.07it/s]
 52%|ΓûêΓûêΓûêΓûêΓûêΓûÅ    | 1546/3000 [13:11<08:32,  2.83it/s]
 52%|ΓûêΓûêΓûêΓûêΓûêΓûÅ    | 1547/3000 [13:11<10:04,  2.40it/s]
 52%|ΓûêΓûêΓûêΓûêΓûêΓûÅ    | 1548/3000 [13:12<10:07,  2.39it/s]
 52%|ΓûêΓûêΓûêΓûêΓûêΓûÅ    | 1549/3000 [13:12<10:29,  2.30it/s]
 52%|ΓûêΓûêΓûêΓûêΓûêΓûÅ    | 1550/3000 [13:13<11:26,  2.11it/s]
 52%|ΓûêΓûêΓûêΓûêΓûêΓûÅ    | 1551/3000 [13:13<12:34,  1.92it/s]
 52%|ΓûêΓûêΓûêΓûêΓûêΓûÅ    | 1552/3000 [13:14<12:06,  1.99it/s]
 52%|ΓûêΓûêΓûêΓûêΓûêΓûÅ    | 1553/3000 [13:15<12:52,  1.87it/s]
 52%|ΓûêΓûêΓûêΓûêΓûêΓûÅ    | 1554/3000 [13:15<14:31,  1.66it/s]
 52%|ΓûêΓûêΓûêΓûêΓûêΓûÅ    | 1555/3000 [13:16<14:27,  1.67it/s]
 52%|ΓûêΓûêΓûêΓûêΓûêΓûÅ    | 1556/3000 [13:16<12:28,  1.93it/s]
 52%|ΓûêΓûêΓûêΓûêΓûêΓûÅ    | 1557/3000 [13:17<11:01,  2.18it/s]
 52%|ΓûêΓûêΓûêΓûêΓûêΓûÅ    | 1558/3000 [13:17<13:06,  1.83it/s]
 52%|ΓûêΓûêΓûêΓûêΓûêΓûÅ    | 1559/3000 [13:18<11:27,  2.10it/s]
 52%|ΓûêΓûêΓûêΓûêΓûêΓûÅ    | 1560/3000 [13:18<10:22,  2.31it/s]
 52%|ΓûêΓûêΓûêΓûêΓûêΓûÅ    | 1561/3000 [13:18<11:12,  2.14it/s]
 52%|ΓûêΓûêΓûêΓûêΓûêΓûÅ    | 1562/3000 [13:19<12:12,  1.96it/s]
 52%|ΓûêΓûêΓûêΓûêΓûêΓûÅ    | 1563/3000 [13:20<12:36,  1.90it/s]
 52%|ΓûêΓûêΓûêΓûêΓûêΓûÅ    | 1564/3000 [13:20<12:24,  1.93it/s]
 52%|ΓûêΓûêΓûêΓûêΓûêΓûÅ    | 1565/3000 [13:21<11:45,  2.03it/s]
 52%|ΓûêΓûêΓûêΓûêΓûêΓûÅ    | 1566/3000 [13:21<11:45,  2.03it/s]
 52%|ΓûêΓûêΓûêΓûêΓûêΓûÅ    | 1567/3000 [13:22<12:12,  1.96it/s]
 52%|ΓûêΓûêΓûêΓûêΓûêΓûÅ    | 1568/3000 [13:22<13:01,  1.83it/s]
 52%|ΓûêΓûêΓûêΓûêΓûêΓûÅ    | 1569/3000 [13:23<14:21,  1.66it/s]
 52%|ΓûêΓûêΓûêΓûêΓûêΓûÅ    | 1570/3000 [13:24<14:08,  1.68it/s]
 52%|ΓûêΓûêΓûêΓûêΓûêΓûÅ    | 1571/3000 [13:24<15:01,  1.59it/s]
 52%|ΓûêΓûêΓûêΓûêΓûêΓûÅ    | 1572/3000 [13:25<14:22,  1.66it/s]
 52%|ΓûêΓûêΓûêΓûêΓûêΓûÅ    | 1573/3000 [13:25<13:53,  1.71it/s]
 52%|ΓûêΓûêΓûêΓûêΓûêΓûÅ    | 1574/3000 [13:26<13:31,  1.76it/s]
 52%|ΓûêΓûêΓûêΓûêΓûêΓûÄ    | 1575/3000 [13:26<12:16,  1.93it/s]
 53%|ΓûêΓûêΓûêΓûêΓûêΓûÄ    | 1576/3000 [13:27<11:55,  1.99it/s]
 53%|ΓûêΓûêΓûêΓûêΓûêΓûÄ    | 1577/3000 [13:27<11:25,  2.08it/s]
 53%|ΓûêΓûêΓûêΓûêΓûêΓûÄ    | 1578/3000 [13:28<10:35,  2.24it/s]
 53%|ΓûêΓûêΓûêΓûêΓûêΓûÄ    | 1579/3000 [13:28<10:22,  2.28it/s]
 53%|ΓûêΓûêΓûêΓûêΓûêΓûÄ    | 1580/3000 [13:29<11:41,  2.02it/s]
 53%|ΓûêΓûêΓûêΓûêΓûêΓûÄ    | 1581/3000 [13:29<11:11,  2.11it/s]
 53%|ΓûêΓûêΓûêΓûêΓûêΓûÄ    | 1582/3000 [13:30<12:23,  1.91it/s]
 53%|ΓûêΓûêΓûêΓûêΓûêΓûÄ    | 1583/3000 [13:30<12:15,  1.93it/s]
 53%|ΓûêΓûêΓûêΓûêΓûêΓûÄ    | 1584/3000 [13:31<11:36,  2.03it/s]
 53%|ΓûêΓûêΓûêΓûêΓûêΓûÄ    | 1585/3000 [13:31<10:44,  2.20it/s]
 53%|ΓûêΓûêΓûêΓûêΓûêΓûÄ    | 1586/3000 [13:32<11:28,  2.05it/s]
 53%|ΓûêΓûêΓûêΓûêΓûêΓûÄ    | 1587/3000 [13:32<13:23,  1.76it/s]
 53%|ΓûêΓûêΓûêΓûêΓûêΓûÄ    | 1588/3000 [13:33<12:33,  1.87it/s]
 53%|ΓûêΓûêΓûêΓûêΓûêΓûÄ    | 1589/3000 [13:33<11:28,  2.05it/s]
 53%|ΓûêΓûêΓûêΓûêΓûêΓûÄ    | 1590/3000 [13:34<10:42,  2.19it/s]
 53%|ΓûêΓûêΓûêΓûêΓûêΓûÄ    | 1591/3000 [13:34<12:47,  1.84it/s]
 53%|ΓûêΓûêΓûêΓûêΓûêΓûÄ    | 1592/3000 [13:35<11:35,  2.02it/s]
 53%|ΓûêΓûêΓûêΓûêΓûêΓûÄ    | 1593/3000 [13:35<11:53,  1.97it/s]
 53%|ΓûêΓûêΓûêΓûêΓûêΓûÄ    | 1594/3000 [13:36<13:21,  1.75it/s]
 53%|ΓûêΓûêΓûêΓûêΓûêΓûÄ    | 1595/3000 [13:37<13:39,  1.71it/s]
 53%|ΓûêΓûêΓûêΓûêΓûêΓûÄ    | 1596/3000 [13:37<12:04,  1.94it/s]
 53%|ΓûêΓûêΓûêΓûêΓûêΓûÄ    | 1597/3000 [13:37<10:37,  2.20it/s]
 53%|ΓûêΓûêΓûêΓûêΓûêΓûÄ    | 1598/3000 [13:38<10:17,  2.27it/s]
 53%|ΓûêΓûêΓûêΓûêΓûêΓûÄ    | 1599/3000 [13:38<10:46,  2.17it/s]
 53%|ΓûêΓûêΓûêΓûêΓûêΓûÄ    | 1600/3000 [13:38<10:18,  2.26it/s]
 53%|ΓûêΓûêΓûêΓûêΓûêΓûÄ    | 1601/3000 [13:39<10:59,  2.12it/s]
 53%|ΓûêΓûêΓûêΓûêΓûêΓûÄ    | 1602/3000 [13:39<10:39,  2.19it/s]
 53%|ΓûêΓûêΓûêΓûêΓûêΓûÄ    | 1603/3000 [13:40<12:03,  1.93it/s]
 53%|ΓûêΓûêΓûêΓûêΓûêΓûÄ    | 1604/3000 [13:41<11:14,  2.07it/s]
 54%|ΓûêΓûêΓûêΓûêΓûêΓûÄ    | 1605/3000 [13:41<12:42,  1.83it/s]
 54%|ΓûêΓûêΓûêΓûêΓûêΓûÄ    | 1606/3000 [13:42<12:44,  1.82it/s]
 54%|ΓûêΓûêΓûêΓûêΓûêΓûÄ    | 1607/3000 [13:42<11:09,  2.08it/s]
 54%|ΓûêΓûêΓûêΓûêΓûêΓûÄ    | 1608/3000 [13:42<10:01,  2.31it/s]
 54%|ΓûêΓûêΓûêΓûêΓûêΓûÄ    | 1609/3000 [13:43<09:36,  2.41it/s]
 54%|ΓûêΓûêΓûêΓûêΓûêΓûÄ    | 1610/3000 [13:43<09:17,  2.49it/s]
 54%|ΓûêΓûêΓûêΓûêΓûêΓûÄ    | 1611/3000 [13:44<10:52,  2.13it/s]
 54%|ΓûêΓûêΓûêΓûêΓûêΓûÄ    | 1612/3000 [13:44<12:15,  1.89it/s]
 54%|ΓûêΓûêΓûêΓûêΓûêΓûì    | 1613/3000 [13:45<13:01,  1.78it/s]
 54%|ΓûêΓûêΓûêΓûêΓûêΓûì    | 1614/3000 [13:46<12:38,  1.83it/s]
 54%|ΓûêΓûêΓûêΓûêΓûêΓûì    | 1615/3000 [13:46<12:12,  1.89it/s]
 54%|ΓûêΓûêΓûêΓûêΓûêΓûì    | 1616/3000 [13:47<11:56,  1.93it/s]
 54%|ΓûêΓûêΓûêΓûêΓûêΓûì    | 1617/3000 [13:47<11:15,  2.05it/s]
 54%|ΓûêΓûêΓûêΓûêΓûêΓûì    | 1618/3000 [13:47<10:57,  2.10it/s]
 54%|ΓûêΓûêΓûêΓûêΓûêΓûì    | 1619/3000 [13:48<10:33,  2.18it/s]
 54%|ΓûêΓûêΓûêΓûêΓûêΓûì    | 1620/3000 [13:48<11:08,  2.06it/s]
 54%|ΓûêΓûêΓûêΓûêΓûêΓûì    | 1621/3000 [13:49<12:36,  1.82it/s]
 54%|ΓûêΓûêΓûêΓûêΓûêΓûì    | 1622/3000 [13:50<12:34,  1.83it/s]
 54%|ΓûêΓûêΓûêΓûêΓûêΓûì    | 1623/3000 [13:50<11:50,  1.94it/s]
 54%|ΓûêΓûêΓûêΓûêΓûêΓûì    | 1624/3000 [13:51<13:56,  1.65it/s]
 54%|ΓûêΓûêΓûêΓûêΓûêΓûì    | 1625/3000 [13:52<13:48,  1.66it/s]
 54%|ΓûêΓûêΓûêΓûêΓûêΓûì    | 1626/3000 [13:52<13:38,  1.68it/s]
 54%|ΓûêΓûêΓûêΓûêΓûêΓûì    | 1627/3000 [13:53<13:59,  1.63it/s]
 54%|ΓûêΓûêΓûêΓûêΓûêΓûì    | 1628/3000 [13:53<13:31,  1.69it/s]
 54%|ΓûêΓûêΓûêΓûêΓûêΓûì    | 1629/3000 [13:54<12:04,  1.89it/s]
 54%|ΓûêΓûêΓûêΓûêΓûêΓûì    | 1630/3000 [13:54<12:35,  1.81it/s]
 54%|ΓûêΓûêΓûêΓûêΓûêΓûì    | 1631/3000 [13:55<12:51,  1.78it/s]
 54%|ΓûêΓûêΓûêΓûêΓûêΓûì    | 1632/3000 [13:56<13:43,  1.66it/s]
 54%|ΓûêΓûêΓûêΓûêΓûêΓûì    | 1633/3000 [13:56<14:01,  1.62it/s]
 54%|ΓûêΓûêΓûêΓûêΓûêΓûì    | 1634/3000 [13:57<14:03,  1.62it/s]
 55%|ΓûêΓûêΓûêΓûêΓûêΓûì    | 1635/3000 [13:57<13:17,  1.71it/s]
 55%|ΓûêΓûêΓûêΓûêΓûêΓûì    | 1636/3000 [13:58<12:46,  1.78it/s]
 55%|ΓûêΓûêΓûêΓûêΓûêΓûì    | 1637/3000 [13:58<12:43,  1.79it/s]
 55%|ΓûêΓûêΓûêΓûêΓûêΓûì    | 1638/3000 [13:59<13:13,  1.72it/s]
 55%|ΓûêΓûêΓûêΓûêΓûêΓûì    | 1639/3000 [13:59<11:58,  1.89it/s]
 55%|ΓûêΓûêΓûêΓûêΓûêΓûì    | 1640/3000 [14:00<12:35,  1.80it/s]
 55%|ΓûêΓûêΓûêΓûêΓûêΓûì    | 1641/3000 [14:00<11:46,  1.92it/s]
 55%|ΓûêΓûêΓûêΓûêΓûêΓûì    | 1642/3000 [14:01<11:43,  1.93it/s]
 55%|ΓûêΓûêΓûêΓûêΓûêΓûì    | 1643/3000 [14:01<10:29,  2.16it/s]
 55%|ΓûêΓûêΓûêΓûêΓûêΓûì    | 1644/3000 [14:02<11:56,  1.89it/s]
 55%|ΓûêΓûêΓûêΓûêΓûêΓûì    | 1645/3000 [14:02<10:50,  2.08it/s]
 55%|ΓûêΓûêΓûêΓûêΓûêΓûì    | 1646/3000 [14:03<10:05,  2.24it/s]
 55%|ΓûêΓûêΓûêΓûêΓûêΓûì    | 1647/3000 [14:03<10:39,  2.12it/s]
 55%|ΓûêΓûêΓûêΓûêΓûêΓûì    | 1648/3000 [14:04<10:19,  2.18it/s]
 55%|ΓûêΓûêΓûêΓûêΓûêΓûì    | 1649/3000 [14:04<10:00,  2.25it/s]
 55%|ΓûêΓûêΓûêΓûêΓûêΓûî    | 1650/3000 [14:05<10:47,  2.08it/s]
 55%|ΓûêΓûêΓûêΓûêΓûêΓûî    | 1651/3000 [14:05<10:04,  2.23it/s]
 55%|ΓûêΓûêΓûêΓûêΓûêΓûî    | 1652/3000 [14:06<12:05,  1.86it/s]
 55%|ΓûêΓûêΓûêΓûêΓûêΓûî    | 1653/3000 [14:06<12:23,  1.81it/s]
 55%|ΓûêΓûêΓûêΓûêΓûêΓûî    | 1654/3000 [14:07<12:38,  1.77it/s]
 55%|ΓûêΓûêΓûêΓûêΓûêΓûî    | 1655/3000 [14:08<12:57,  1.73it/s]
 55%|ΓûêΓûêΓûêΓûêΓûêΓûî    | 1656/3000 [14:08<11:32,  1.94it/s]
 55%|ΓûêΓûêΓûêΓûêΓûêΓûî    | 1657/3000 [14:08<11:32,  1.94it/s]
 55%|ΓûêΓûêΓûêΓûêΓûêΓûî    | 1658/3000 [14:09<11:05,  2.02it/s]
 55%|ΓûêΓûêΓûêΓûêΓûêΓûî    | 1659/3000 [14:09<11:21,  1.97it/s]
 55%|ΓûêΓûêΓûêΓûêΓûêΓûî    | 1660/3000 [14:10<10:25,  2.14it/s]
 55%|ΓûêΓûêΓûêΓûêΓûêΓûî    | 1661/3000 [14:10<10:57,  2.04it/s]
 55%|ΓûêΓûêΓûêΓûêΓûêΓûî    | 1662/3000 [14:11<10:34,  2.11it/s]
 55%|ΓûêΓûêΓûêΓûêΓûêΓûî    | 1663/3000 [14:11<10:28,  2.13it/s]
 55%|ΓûêΓûêΓûêΓûêΓûêΓûî    | 1664/3000 [14:12<09:46,  2.28it/s]
 56%|ΓûêΓûêΓûêΓûêΓûêΓûî    | 1665/3000 [14:12<11:00,  2.02it/s]
 56%|ΓûêΓûêΓûêΓûêΓûêΓûî    | 1666/3000 [14:13<12:00,  1.85it/s]
 56%|ΓûêΓûêΓûêΓûêΓûêΓûî    | 1667/3000 [14:14<12:47,  1.74it/s]
 56%|ΓûêΓûêΓûêΓûêΓûêΓûî    | 1668/3000 [14:14<11:36,  1.91it/s]
 56%|ΓûêΓûêΓûêΓûêΓûêΓûî    | 1669/3000 [14:14<10:40,  2.08it/s]
 56%|ΓûêΓûêΓûêΓûêΓûêΓûî    | 1670/3000 [14:15<12:40,  1.75it/s]
 56%|ΓûêΓûêΓûêΓûêΓûêΓûî    | 1671/3000 [14:16<12:37,  1.75it/s]
 56%|ΓûêΓûêΓûêΓûêΓûêΓûî    | 1672/3000 [14:16<11:15,  1.97it/s]
 56%|ΓûêΓûêΓûêΓûêΓûêΓûî    | 1673/3000 [14:16<10:20,  2.14it/s]
 56%|ΓûêΓûêΓûêΓûêΓûêΓûî    | 1674/3000 [14:17<09:40,  2.28it/s]
 56%|ΓûêΓûêΓûêΓûêΓûêΓûî    | 1675/3000 [14:18<11:51,  1.86it/s]
 56%|ΓûêΓûêΓûêΓûêΓûêΓûî    | 1676/3000 [14:18<11:51,  1.86it/s]
 56%|ΓûêΓûêΓûêΓûêΓûêΓûî    | 1677/3000 [14:19<12:52,  1.71it/s]
 56%|ΓûêΓûêΓûêΓûêΓûêΓûî    | 1678/3000 [14:19<11:06,  1.98it/s]
 56%|ΓûêΓûêΓûêΓûêΓûêΓûî    | 1679/3000 [14:20<10:21,  2.12it/s]
 56%|ΓûêΓûêΓûêΓûêΓûêΓûî    | 1680/3000 [14:20<11:00,  2.00it/s]
 56%|ΓûêΓûêΓûêΓûêΓûêΓûî    | 1681/3000 [14:21<11:20,  1.94it/s]
 56%|ΓûêΓûêΓûêΓûêΓûêΓûî    | 1682/3000 [14:21<10:21,  2.12it/s]
 56%|ΓûêΓûêΓûêΓûêΓûêΓûî    | 1683/3000 [14:21<09:37,  2.28it/s]
 56%|ΓûêΓûêΓûêΓûêΓûêΓûî    | 1684/3000 [14:22<08:46,  2.50it/s]
 56%|ΓûêΓûêΓûêΓûêΓûêΓûî    | 1685/3000 [14:22<10:09,  2.16it/s]
 56%|ΓûêΓûêΓûêΓûêΓûêΓûî    | 1686/3000 [14:23<11:21,  1.93it/s]
 56%|ΓûêΓûêΓûêΓûêΓûêΓûî    | 1687/3000 [14:23<10:00,  2.19it/s]
 56%|ΓûêΓûêΓûêΓûêΓûêΓûï    | 1688/3000 [14:24<11:02,  1.98it/s]
 56%|ΓûêΓûêΓûêΓûêΓûêΓûï    | 1689/3000 [14:24<11:48,  1.85it/s]
 56%|ΓûêΓûêΓûêΓûêΓûêΓûï    | 1690/3000 [14:25<10:38,  2.05it/s]
 56%|ΓûêΓûêΓûêΓûêΓûêΓûï    | 1691/3000 [14:25<11:16,  1.93it/s]
 56%|ΓûêΓûêΓûêΓûêΓûêΓûï    | 1692/3000 [14:26<10:13,  2.13it/s]
 56%|ΓûêΓûêΓûêΓûêΓûêΓûï    | 1693/3000 [14:26<10:27,  2.08it/s]
 56%|ΓûêΓûêΓûêΓûêΓûêΓûï    | 1694/3000 [14:27<11:22,  1.91it/s]
 56%|ΓûêΓûêΓûêΓûêΓûêΓûï    | 1695/3000 [14:27<10:25,  2.09it/s]
 57%|ΓûêΓûêΓûêΓûêΓûêΓûï    | 1696/3000 [14:28<12:47,  1.70it/s]
 57%|ΓûêΓûêΓûêΓûêΓûêΓûï    | 1697/3000 [14:29<11:22,  1.91it/s]
 57%|ΓûêΓûêΓûêΓûêΓûêΓûï    | 1698/3000 [14:29<12:19,  1.76it/s]
 57%|ΓûêΓûêΓûêΓûêΓûêΓûï    | 1699/3000 [14:30<12:51,  1.69it/s]
 57%|ΓûêΓûêΓûêΓûêΓûêΓûï    | 1700/3000 [14:30<11:58,  1.81it/s]
 57%|ΓûêΓûêΓûêΓûêΓûêΓûï    | 1701/3000 [14:31<10:45,  2.01it/s]
 57%|ΓûêΓûêΓûêΓûêΓûêΓûï    | 1702/3000 [14:31<10:00,  2.16it/s]
 57%|ΓûêΓûêΓûêΓûêΓûêΓûï    | 1703/3000 [14:31<09:36,  2.25it/s]
 57%|ΓûêΓûêΓûêΓûêΓûêΓûï    | 1704/3000 [14:32<09:31,  2.27it/s]
 57%|ΓûêΓûêΓûêΓûêΓûêΓûï    | 1705/3000 [14:32<10:05,  2.14it/s]
 57%|ΓûêΓûêΓûêΓûêΓûêΓûï    | 1706/3000 [14:33<09:23,  2.30it/s]
 57%|ΓûêΓûêΓûêΓûêΓûêΓûï    | 1707/3000 [14:33<10:36,  2.03it/s]
 57%|ΓûêΓûêΓûêΓûêΓûêΓûï    | 1708/3000 [14:34<11:37,  1.85it/s]
 57%|ΓûêΓûêΓûêΓûêΓûêΓûï    | 1709/3000 [14:35<11:06,  1.94it/s]
 57%|ΓûêΓûêΓûêΓûêΓûêΓûï    | 1710/3000 [14:35<09:51,  2.18it/s]
 57%|ΓûêΓûêΓûêΓûêΓûêΓûï    | 1711/3000 [14:35<09:02,  2.37it/s]
 57%|ΓûêΓûêΓûêΓûêΓûêΓûï    | 1712/3000 [14:36<09:03,  2.37it/s]
 57%|ΓûêΓûêΓûêΓûêΓûêΓûï    | 1713/3000 [14:36<10:42,  2.00it/s]
 57%|ΓûêΓûêΓûêΓûêΓûêΓûï    | 1714/3000 [14:37<12:33,  1.71it/s]
 57%|ΓûêΓûêΓûêΓûêΓûêΓûï    | 1715/3000 [14:38<13:02,  1.64it/s]
 57%|ΓûêΓûêΓûêΓûêΓûêΓûï    | 1716/3000 [14:38<12:56,  1.65it/s]
 57%|ΓûêΓûêΓûêΓûêΓûêΓûï    | 1717/3000 [14:39<13:02,  1.64it/s]
 57%|ΓûêΓûêΓûêΓûêΓûêΓûï    | 1718/3000 [14:39<11:54,  1.79it/s]
 57%|ΓûêΓûêΓûêΓûêΓûêΓûï    | 1719/3000 [14:40<10:57,  1.95it/s]
 57%|ΓûêΓûêΓûêΓûêΓûêΓûï    | 1720/3000 [14:40<10:01,  2.13it/s]
 57%|ΓûêΓûêΓûêΓûêΓûêΓûï    | 1721/3000 [14:41<09:29,  2.24it/s]
 57%|ΓûêΓûêΓûêΓûêΓûêΓûï    | 1722/3000 [14:41<09:25,  2.26it/s]
 57%|ΓûêΓûêΓûêΓûêΓûêΓûï    | 1723/3000 [14:41<09:51,  2.16it/s]
 57%|ΓûêΓûêΓûêΓûêΓûêΓûï    | 1724/3000 [14:42<09:11,  2.31it/s]
 57%|ΓûêΓûêΓûêΓûêΓûêΓûè    | 1725/3000 [14:42<10:02,  2.12it/s]
 58%|ΓûêΓûêΓûêΓûêΓûêΓûè    | 1726/3000 [14:43<11:25,  1.86it/s]
 58%|ΓûêΓûêΓûêΓûêΓûêΓûè    | 1727/3000 [14:43<10:14,  2.07it/s]
 58%|ΓûêΓûêΓûêΓûêΓûêΓûè    | 1728/3000 [14:44<09:49,  2.16it/s]
 58%|ΓûêΓûêΓûêΓûêΓûêΓûè    | 1729/3000 [14:44<10:35,  2.00it/s]
 58%|ΓûêΓûêΓûêΓûêΓûêΓûè    | 1730/3000 [14:45<12:18,  1.72it/s]
 58%|ΓûêΓûêΓûêΓûêΓûêΓûè    | 1731/3000 [14:46<11:03,  1.91it/s]
 58%|ΓûêΓûêΓûêΓûêΓûêΓûè    | 1732/3000 [14:46<12:33,  1.68it/s]
 58%|ΓûêΓûêΓûêΓûêΓûêΓûè    | 1733/3000 [14:47<11:05,  1.90it/s]
 58%|ΓûêΓûêΓûêΓûêΓûêΓûè    | 1734/3000 [14:47<09:41,  2.18it/s]
 58%|ΓûêΓûêΓûêΓûêΓûêΓûè    | 1735/3000 [14:48<11:22,  1.85it/s]
 58%|ΓûêΓûêΓûêΓûêΓûêΓûè    | 1736/3000 [14:48<12:06,  1.74it/s]
 58%|ΓûêΓûêΓûêΓûêΓûêΓûè    | 1737/3000 [14:49<10:25,  2.02it/s]
 58%|ΓûêΓûêΓûêΓûêΓûêΓûè    | 1738/3000 [14:49<11:24,  1.84it/s]
 58%|ΓûêΓûêΓûêΓûêΓûêΓûè    | 1739/3000 [14:50<12:08,  1.73it/s]
 58%|ΓûêΓûêΓûêΓûêΓûêΓûè    | 1740/3000 [14:51<11:51,  1.77it/s]
 58%|ΓûêΓûêΓûêΓûêΓûêΓûè    | 1741/3000 [14:51<11:46,  1.78it/s]
 58%|ΓûêΓûêΓûêΓûêΓûêΓûè    | 1742/3000 [14:52<10:48,  1.94it/s]
 58%|ΓûêΓûêΓûêΓûêΓûêΓûè    | 1743/3000 [14:52<10:56,  1.91it/s]
 58%|ΓûêΓûêΓûêΓûêΓûêΓûè    | 1744/3000 [14:53<11:06,  1.88it/s]
 58%|ΓûêΓûêΓûêΓûêΓûêΓûè    | 1745/3000 [14:53<09:42,  2.15it/s]
 58%|ΓûêΓûêΓûêΓûêΓûêΓûè    | 1746/3000 [14:54<11:52,  1.76it/s]
 58%|ΓûêΓûêΓûêΓûêΓûêΓûè    | 1747/3000 [14:54<12:17,  1.70it/s]
 58%|ΓûêΓûêΓûêΓûêΓûêΓûè    | 1748/3000 [14:55<11:07,  1.88it/s]
 58%|ΓûêΓûêΓûêΓûêΓûêΓûè    | 1749/3000 [14:55<11:06,  1.88it/s]
 58%|ΓûêΓûêΓûêΓûêΓûêΓûè    | 1750/3000 [14:56<12:01,  1.73it/s]
 58%|ΓûêΓûêΓûêΓûêΓûêΓûè    | 1751/3000 [14:57<12:20,  1.69it/s]
 58%|ΓûêΓûêΓûêΓûêΓûêΓûè    | 1752/3000 [14:57<11:00,  1.89it/s]
 58%|ΓûêΓûêΓûêΓûêΓûêΓûè    | 1753/3000 [14:57<09:59,  2.08it/s]
 58%|ΓûêΓûêΓûêΓûêΓûêΓûè    | 1754/3000 [14:58<10:44,  1.93it/s]
 58%|ΓûêΓûêΓûêΓûêΓûêΓûè    | 1755/3000 [14:59<10:43,  1.93it/s]
 59%|ΓûêΓûêΓûêΓûêΓûêΓûè    | 1756/3000 [14:59<10:38,  1.95it/s]
 59%|ΓûêΓûêΓûêΓûêΓûêΓûè    | 1757/3000 [15:00<11:26,  1.81it/s]
 59%|ΓûêΓûêΓûêΓûêΓûêΓûè    | 1758/3000 [15:00<11:26,  1.81it/s]
 59%|ΓûêΓûêΓûêΓûêΓûêΓûè    | 1759/3000 [15:01<10:37,  1.95it/s]
 59%|ΓûêΓûêΓûêΓûêΓûêΓûè    | 1760/3000 [15:01<11:51,  1.74it/s]
 59%|ΓûêΓûêΓûêΓûêΓûêΓûè    | 1761/3000 [15:02<10:34,  1.95it/s]
 59%|ΓûêΓûêΓûêΓûêΓûêΓûè    | 1762/3000 [15:02<10:43,  1.93it/s]
 59%|ΓûêΓûêΓûêΓûêΓûêΓûë    | 1763/3000 [15:03<12:32,  1.64it/s]
 59%|ΓûêΓûêΓûêΓûêΓûêΓûë    | 1764/3000 [15:04<13:03,  1.58it/s]
 59%|ΓûêΓûêΓûêΓûêΓûêΓûë    | 1765/3000 [15:04<11:21,  1.81it/s]
 59%|ΓûêΓûêΓûêΓûêΓûêΓûë    | 1766/3000 [15:05<11:58,  1.72it/s]
 59%|ΓûêΓûêΓûêΓûêΓûêΓûë    | 1767/3000 [15:05<10:52,  1.89it/s]
 59%|ΓûêΓûêΓûêΓûêΓûêΓûë    | 1768/3000 [15:06<10:08,  2.02it/s]
 59%|ΓûêΓûêΓûêΓûêΓûêΓûë    | 1769/3000 [15:06<09:34,  2.14it/s]
 59%|ΓûêΓûêΓûêΓûêΓûêΓûë    | 1770/3000 [15:07<10:02,  2.04it/s]
 59%|ΓûêΓûêΓûêΓûêΓûêΓûë    | 1771/3000 [15:07<10:57,  1.87it/s]
 59%|ΓûêΓûêΓûêΓûêΓûêΓûë    | 1772/3000 [15:08<14:20,  1.43it/s]
 59%|ΓûêΓûêΓûêΓûêΓûêΓûë    | 1773/3000 [15:09<14:59,  1.36it/s]
 59%|ΓûêΓûêΓûêΓûêΓûêΓûë    | 1774/3000 [15:09<12:51,  1.59it/s]
 59%|ΓûêΓûêΓûêΓûêΓûêΓûë    | 1775/3000 [15:10<12:06,  1.69it/s]
 59%|ΓûêΓûêΓûêΓûêΓûêΓûë    | 1776/3000 [15:11<11:39,  1.75it/s]
 59%|ΓûêΓûêΓûêΓûêΓûêΓûë    | 1777/3000 [15:11<11:01,  1.85it/s]
 59%|ΓûêΓûêΓûêΓûêΓûêΓûë    | 1778/3000 [15:11<10:14,  1.99it/s]
 59%|ΓûêΓûêΓûêΓûêΓûêΓûë    | 1779/3000 [15:12<09:26,  2.16it/s]
 59%|ΓûêΓûêΓûêΓûêΓûêΓûë    | 1780/3000 [15:12<09:59,  2.04it/s]
 59%|ΓûêΓûêΓûêΓûêΓûêΓûë    | 1781/3000 [15:13<09:14,  2.20it/s]
 59%|ΓûêΓûêΓûêΓûêΓûêΓûë    | 1782/3000 [15:13<10:57,  1.85it/s]
 59%|ΓûêΓûêΓûêΓûêΓûêΓûë    | 1783/3000 [15:14<09:58,  2.03it/s]
 59%|ΓûêΓûêΓûêΓûêΓûêΓûë    | 1784/3000 [15:14<11:08,  1.82it/s]
 60%|ΓûêΓûêΓûêΓûêΓûêΓûë    | 1785/3000 [15:15<11:11,  1.81it/s]
 60%|ΓûêΓûêΓûêΓûêΓûêΓûë    | 1786/3000 [15:15<10:17,  1.97it/s]
 60%|ΓûêΓûêΓûêΓûêΓûêΓûë    | 1787/3000 [15:16<11:37,  1.74it/s]
 60%|ΓûêΓûêΓûêΓûêΓûêΓûë    | 1788/3000 [15:17<10:20,  1.95it/s]
 60%|ΓûêΓûêΓûêΓûêΓûêΓûë    | 1789/3000 [15:17<09:44,  2.07it/s]
 60%|ΓûêΓûêΓûêΓûêΓûêΓûë    | 1790/3000 [15:17<09:19,  2.16it/s]
 60%|ΓûêΓûêΓûêΓûêΓûêΓûë    | 1791/3000 [15:18<08:44,  2.30it/s]
 60%|ΓûêΓûêΓûêΓûêΓûêΓûë    | 1792/3000 [15:18<08:00,  2.52it/s]
 60%|ΓûêΓûêΓûêΓûêΓûêΓûë    | 1793/3000 [15:19<08:40,  2.32it/s]
 60%|ΓûêΓûêΓûêΓûêΓûêΓûë    | 1794/3000 [15:19<09:30,  2.11it/s]
 60%|ΓûêΓûêΓûêΓûêΓûêΓûë    | 1795/3000 [15:20<11:24,  1.76it/s]
 60%|ΓûêΓûêΓûêΓûêΓûêΓûë    | 1796/3000 [15:21<11:36,  1.73it/s]
 60%|ΓûêΓûêΓûêΓûêΓûêΓûë    | 1797/3000 [15:21<10:33,  1.90it/s]
 60%|ΓûêΓûêΓûêΓûêΓûêΓûë    | 1798/3000 [15:22<11:19,  1.77it/s]
 60%|ΓûêΓûêΓûêΓûêΓûêΓûë    | 1799/3000 [15:22<12:12,  1.64it/s]
 60%|ΓûêΓûêΓûêΓûêΓûêΓûê    | 1800/3000 [15:23<10:48,  1.85it/s]
 60%|ΓûêΓûêΓûêΓûêΓûêΓûê    | 1801/3000 [15:23<11:04,  1.80it/s]
 60%|ΓûêΓûêΓûêΓûêΓûêΓûê    | 1802/3000 [15:24<10:12,  1.96it/s]
 60%|ΓûêΓûêΓûêΓûêΓûêΓûê    | 1803/3000 [15:24<09:34,  2.08it/s]
 60%|ΓûêΓûêΓûêΓûêΓûêΓûê    | 1804/3000 [15:25<11:01,  1.81it/s]
 60%|ΓûêΓûêΓûêΓûêΓûêΓûê    | 1805/3000 [15:25<09:54,  2.01it/s]
 60%|ΓûêΓûêΓûêΓûêΓûêΓûê    | 1806/3000 [15:26<09:13,  2.16it/s]
 60%|ΓûêΓûêΓûêΓûêΓûêΓûê    | 1807/3000 [15:26<09:35,  2.07it/s]
 60%|ΓûêΓûêΓûêΓûêΓûêΓûê    | 1808/3000 [15:26<08:54,  2.23it/s]
 60%|ΓûêΓûêΓûêΓûêΓûêΓûê    | 1809/3000 [15:27<10:29,  1.89it/s]
 60%|ΓûêΓûêΓûêΓûêΓûêΓûê    | 1810/3000 [15:28<10:30,  1.89it/s]
 60%|ΓûêΓûêΓûêΓûêΓûêΓûê    | 1811/3000 [15:28<10:25,  1.90it/s]
 60%|ΓûêΓûêΓûêΓûêΓûêΓûê    | 1812/3000 [15:29<11:13,  1.77it/s]
 60%|ΓûêΓûêΓûêΓûêΓûêΓûê    | 1813/3000 [15:29<11:10,  1.77it/s]
 60%|ΓûêΓûêΓûêΓûêΓûêΓûê    | 1814/3000 [15:30<10:52,  1.82it/s]
 60%|ΓûêΓûêΓûêΓûêΓûêΓûê    | 1815/3000 [15:30<09:44,  2.03it/s]
 61%|ΓûêΓûêΓûêΓûêΓûêΓûê    | 1816/3000 [15:31<10:34,  1.87it/s]
 61%|ΓûêΓûêΓûêΓûêΓûêΓûê    | 1817/3000 [15:31<09:34,  2.06it/s]
 61%|ΓûêΓûêΓûêΓûêΓûêΓûê    | 1818/3000 [15:32<09:11,  2.14it/s]
 61%|ΓûêΓûêΓûêΓûêΓûêΓûê    | 1819/3000 [15:32<08:18,  2.37it/s]
 61%|ΓûêΓûêΓûêΓûêΓûêΓûê    | 1820/3000 [15:33<09:48,  2.00it/s]
 61%|ΓûêΓûêΓûêΓûêΓûêΓûê    | 1821/3000 [15:33<10:33,  1.86it/s]
 61%|ΓûêΓûêΓûêΓûêΓûêΓûê    | 1823/3000 [15:34<07:18,  2.68it/s]
 61%|ΓûêΓûêΓûêΓûêΓûêΓûê    | 1824/3000 [15:34<08:00,  2.45it/s]
 61%|ΓûêΓûêΓûêΓûêΓûêΓûê    | 1825/3000 [15:35<09:51,  1.99it/s]
 61%|ΓûêΓûêΓûêΓûêΓûêΓûê    | 1826/3000 [15:36<11:31,  1.70it/s]
 61%|ΓûêΓûêΓûêΓûêΓûêΓûê    | 1827/3000 [15:36<10:19,  1.89it/s]
 61%|ΓûêΓûêΓûêΓûêΓûêΓûê    | 1828/3000 [15:37<09:26,  2.07it/s]
 61%|ΓûêΓûêΓûêΓûêΓûêΓûê    | 1829/3000 [15:37<09:00,  2.17it/s]
 61%|ΓûêΓûêΓûêΓûêΓûêΓûê    | 1830/3000 [15:38<09:28,  2.06it/s]
 61%|ΓûêΓûêΓûêΓûêΓûêΓûê    | 1831/3000 [15:38<09:58,  1.95it/s]
 61%|ΓûêΓûêΓûêΓûêΓûêΓûê    | 1832/3000 [15:39<10:28,  1.86it/s]
 61%|ΓûêΓûêΓûêΓûêΓûêΓûê    | 1833/3000 [15:39<09:47,  1.98it/s]
 61%|ΓûêΓûêΓûêΓûêΓûêΓûê    | 1834/3000 [15:40<10:07,  1.92it/s]
 61%|ΓûêΓûêΓûêΓûêΓûêΓûê    | 1835/3000 [15:40<11:05,  1.75it/s]
 61%|ΓûêΓûêΓûêΓûêΓûêΓûê    | 1836/3000 [15:41<10:56,  1.77it/s]
 61%|ΓûêΓûêΓûêΓûêΓûêΓûê    | 1837/3000 [15:41<10:13,  1.90it/s]
 61%|ΓûêΓûêΓûêΓûêΓûêΓûêΓûÅ   | 1838/3000 [15:42<10:10,  1.90it/s]
 61%|ΓûêΓûêΓûêΓûêΓûêΓûêΓûÅ   | 1839/3000 [15:42<08:55,  2.17it/s]
 61%|ΓûêΓûêΓûêΓûêΓûêΓûêΓûÅ   | 1840/3000 [15:43<09:21,  2.07it/s]
 61%|ΓûêΓûêΓûêΓûêΓûêΓûêΓûÅ   | 1841/3000 [15:43<10:39,  1.81it/s]
 61%|ΓûêΓûêΓûêΓûêΓûêΓûêΓûÅ   | 1842/3000 [15:44<09:40,  1.99it/s]
 61%|ΓûêΓûêΓûêΓûêΓûêΓûêΓûÅ   | 1843/3000 [15:44<08:34,  2.25it/s]
 61%|ΓûêΓûêΓûêΓûêΓûêΓûêΓûÅ   | 1844/3000 [15:45<08:13,  2.34it/s]
 62%|ΓûêΓûêΓûêΓûêΓûêΓûêΓûÅ   | 1845/3000 [15:45<09:31,  2.02it/s]
 62%|ΓûêΓûêΓûêΓûêΓûêΓûêΓûÅ   | 1846/3000 [15:46<08:47,  2.19it/s]
 62%|ΓûêΓûêΓûêΓûêΓûêΓûêΓûÅ   | 1847/3000 [15:46<09:16,  2.07it/s]
 62%|ΓûêΓûêΓûêΓûêΓûêΓûêΓûÅ   | 1848/3000 [15:47<08:54,  2.16it/s]
 62%|ΓûêΓûêΓûêΓûêΓûêΓûêΓûÅ   | 1849/3000 [15:47<09:47,  1.96it/s]
 62%|ΓûêΓûêΓûêΓûêΓûêΓûêΓûÅ   | 1850/3000 [15:48<09:01,  2.13it/s]
 62%|ΓûêΓûêΓûêΓûêΓûêΓûêΓûÅ   | 1851/3000 [15:48<09:51,  1.94it/s]
 62%|ΓûêΓûêΓûêΓûêΓûêΓûêΓûÅ   | 1852/3000 [15:49<10:09,  1.88it/s]
 62%|ΓûêΓûêΓûêΓûêΓûêΓûêΓûÅ   | 1853/3000 [15:49<10:51,  1.76it/s]
 62%|ΓûêΓûêΓûêΓûêΓûêΓûêΓûÅ   | 1854/3000 [15:50<09:44,  1.96it/s]
 62%|ΓûêΓûêΓûêΓûêΓûêΓûêΓûÅ   | 1855/3000 [15:50<09:51,  1.93it/s]
 62%|ΓûêΓûêΓûêΓûêΓûêΓûêΓûÅ   | 1856/3000 [15:51<09:03,  2.11it/s]
 62%|ΓûêΓûêΓûêΓûêΓûêΓûêΓûÅ   | 1857/3000 [15:51<09:51,  1.93it/s]
 62%|ΓûêΓûêΓûêΓûêΓûêΓûêΓûÅ   | 1858/3000 [15:52<10:32,  1.80it/s]
 62%|ΓûêΓûêΓûêΓûêΓûêΓûêΓûÅ   | 1859/3000 [15:53<11:03,  1.72it/s]
 62%|ΓûêΓûêΓûêΓûêΓûêΓûêΓûÅ   | 1860/3000 [15:53<11:24,  1.67it/s]
 62%|ΓûêΓûêΓûêΓûêΓûêΓûêΓûÅ   | 1861/3000 [15:54<10:28,  1.81it/s]
 62%|ΓûêΓûêΓûêΓûêΓûêΓûêΓûÅ   | 1862/3000 [15:54<09:33,  1.98it/s]
 62%|ΓûêΓûêΓûêΓûêΓûêΓûêΓûÅ   | 1863/3000 [15:55<09:26,  2.01it/s]
 62%|ΓûêΓûêΓûêΓûêΓûêΓûêΓûÅ   | 1864/3000 [15:55<11:10,  1.69it/s]
 62%|ΓûêΓûêΓûêΓûêΓûêΓûêΓûÅ   | 1865/3000 [15:56<10:39,  1.78it/s]
 62%|ΓûêΓûêΓûêΓûêΓûêΓûêΓûÅ   | 1866/3000 [15:56<09:31,  1.98it/s]
 62%|ΓûêΓûêΓûêΓûêΓûêΓûêΓûÅ   | 1867/3000 [15:57<09:12,  2.05it/s]
 62%|ΓûêΓûêΓûêΓûêΓûêΓûêΓûÅ   | 1868/3000 [15:57<10:36,  1.78it/s]
 62%|ΓûêΓûêΓûêΓûêΓûêΓûêΓûÅ   | 1869/3000 [15:58<10:36,  1.78it/s]
 62%|ΓûêΓûêΓûêΓûêΓûêΓûêΓûÅ   | 1870/3000 [15:58<09:12,  2.05it/s]
 62%|ΓûêΓûêΓûêΓûêΓûêΓûêΓûÅ   | 1871/3000 [15:59<08:30,  2.21it/s]
 62%|ΓûêΓûêΓûêΓûêΓûêΓûêΓûÅ   | 1872/3000 [15:59<09:24,  2.00it/s]
 62%|ΓûêΓûêΓûêΓûêΓûêΓûêΓûÅ   | 1873/3000 [16:00<08:59,  2.09it/s]
 62%|ΓûêΓûêΓûêΓûêΓûêΓûêΓûÅ   | 1874/3000 [16:00<08:30,  2.20it/s]
 62%|ΓûêΓûêΓûêΓûêΓûêΓûêΓûÄ   | 1875/3000 [16:01<09:11,  2.04it/s]
 63%|ΓûêΓûêΓûêΓûêΓûêΓûêΓûÄ   | 1876/3000 [16:01<10:43,  1.75it/s]
 63%|ΓûêΓûêΓûêΓûêΓûêΓûêΓûÄ   | 1877/3000 [16:02<09:56,  1.88it/s]
 63%|ΓûêΓûêΓûêΓûêΓûêΓûêΓûÄ   | 1878/3000 [16:02<10:02,  1.86it/s]
 63%|ΓûêΓûêΓûêΓûêΓûêΓûêΓûÄ   | 1879/3000 [16:03<08:45,  2.13it/s]
 63%|ΓûêΓûêΓûêΓûêΓûêΓûêΓûÄ   | 1880/3000 [16:03<08:58,  2.08it/s]
 63%|ΓûêΓûêΓûêΓûêΓûêΓûêΓûÄ   | 1881/3000 [16:04<08:21,  2.23it/s]
 63%|ΓûêΓûêΓûêΓûêΓûêΓûêΓûÄ   | 1882/3000 [16:04<09:15,  2.01it/s]
 63%|ΓûêΓûêΓûêΓûêΓûêΓûêΓûÄ   | 1883/3000 [16:05<08:58,  2.07it/s]
 63%|ΓûêΓûêΓûêΓûêΓûêΓûêΓûÄ   | 1884/3000 [16:05<08:21,  2.23it/s]
 63%|ΓûêΓûêΓûêΓûêΓûêΓûêΓûÄ   | 1885/3000 [16:05<08:20,  2.23it/s]
 63%|ΓûêΓûêΓûêΓûêΓûêΓûêΓûÄ   | 1886/3000 [16:06<07:58,  2.33it/s]
 63%|ΓûêΓûêΓûêΓûêΓûêΓûêΓûÄ   | 1887/3000 [16:06<08:28,  2.19it/s]
 63%|ΓûêΓûêΓûêΓûêΓûêΓûêΓûÄ   | 1888/3000 [16:07<08:30,  2.18it/s]
 63%|ΓûêΓûêΓûêΓûêΓûêΓûêΓûÄ   | 1889/3000 [16:07<08:01,  2.31it/s]
 63%|ΓûêΓûêΓûêΓûêΓûêΓûêΓûÄ   | 1890/3000 [16:08<08:40,  2.13it/s]
 63%|ΓûêΓûêΓûêΓûêΓûêΓûêΓûÄ   | 1891/3000 [16:08<08:56,  2.07it/s]
 63%|ΓûêΓûêΓûêΓûêΓûêΓûêΓûÄ   | 1892/3000 [16:09<08:18,  2.22it/s]
 63%|ΓûêΓûêΓûêΓûêΓûêΓûêΓûÄ   | 1893/3000 [16:09<09:39,  1.91it/s]
 63%|ΓûêΓûêΓûêΓûêΓûêΓûêΓûÄ   | 1894/3000 [16:10<09:04,  2.03it/s]
 63%|ΓûêΓûêΓûêΓûêΓûêΓûêΓûÄ   | 1895/3000 [16:10<08:52,  2.07it/s]
 63%|ΓûêΓûêΓûêΓûêΓûêΓûêΓûÄ   | 1896/3000 [16:11<10:17,  1.79it/s]
 63%|ΓûêΓûêΓûêΓûêΓûêΓûêΓûÄ   | 1897/3000 [16:11<09:02,  2.03it/s]
 63%|ΓûêΓûêΓûêΓûêΓûêΓûêΓûÄ   | 1898/3000 [16:12<09:29,  1.94it/s]
 63%|ΓûêΓûêΓûêΓûêΓûêΓûêΓûÄ   | 1899/3000 [16:12<08:43,  2.10it/s]
 63%|ΓûêΓûêΓûêΓûêΓûêΓûêΓûÄ   | 1900/3000 [16:13<10:45,  1.70it/s]
 63%|ΓûêΓûêΓûêΓûêΓûêΓûêΓûÄ   | 1901/3000 [16:13<09:20,  1.96it/s]
 63%|ΓûêΓûêΓûêΓûêΓûêΓûêΓûÄ   | 1902/3000 [16:14<11:30,  1.59it/s]
 63%|ΓûêΓûêΓûêΓûêΓûêΓûêΓûÄ   | 1903/3000 [16:15<10:39,  1.71it/s]
 63%|ΓûêΓûêΓûêΓûêΓûêΓûêΓûÄ   | 1904/3000 [16:15<09:57,  1.83it/s]
 64%|ΓûêΓûêΓûêΓûêΓûêΓûêΓûÄ   | 1905/3000 [16:16<09:00,  2.03it/s]
 64%|ΓûêΓûêΓûêΓûêΓûêΓûêΓûÄ   | 1906/3000 [16:16<09:06,  2.00it/s]
 64%|ΓûêΓûêΓûêΓûêΓûêΓûêΓûÄ   | 1907/3000 [16:17<09:23,  1.94it/s]
 64%|ΓûêΓûêΓûêΓûêΓûêΓûêΓûÄ   | 1908/3000 [16:17<09:40,  1.88it/s]
 64%|ΓûêΓûêΓûêΓûêΓûêΓûêΓûÄ   | 1909/3000 [16:18<09:34,  1.90it/s]
 64%|ΓûêΓûêΓûêΓûêΓûêΓûêΓûÄ   | 1910/3000 [16:18<08:54,  2.04it/s]
 64%|ΓûêΓûêΓûêΓûêΓûêΓûêΓûÄ   | 1911/3000 [16:19<10:23,  1.75it/s]
 64%|ΓûêΓûêΓûêΓûêΓûêΓûêΓûÄ   | 1912/3000 [16:19<09:37,  1.89it/s]
 64%|ΓûêΓûêΓûêΓûêΓûêΓûêΓûì   | 1913/3000 [16:20<08:45,  2.07it/s]
 64%|ΓûêΓûêΓûêΓûêΓûêΓûêΓûì   | 1914/3000 [16:20<09:26,  1.92it/s]
 64%|ΓûêΓûêΓûêΓûêΓûêΓûêΓûì   | 1915/3000 [16:21<09:02,  2.00it/s]
 64%|ΓûêΓûêΓûêΓûêΓûêΓûêΓûì   | 1916/3000 [16:21<09:05,  1.99it/s]
 64%|ΓûêΓûêΓûêΓûêΓûêΓûêΓûì   | 1917/3000 [16:22<10:25,  1.73it/s]
 64%|ΓûêΓûêΓûêΓûêΓûêΓûêΓûì   | 1918/3000 [16:22<09:01,  2.00it/s]
 64%|ΓûêΓûêΓûêΓûêΓûêΓûêΓûì   | 1919/3000 [16:23<08:36,  2.09it/s]
 64%|ΓûêΓûêΓûêΓûêΓûêΓûêΓûì   | 1920/3000 [16:23<08:48,  2.04it/s]
 64%|ΓûêΓûêΓûêΓûêΓûêΓûêΓûì   | 1921/3000 [16:24<09:37,  1.87it/s]
 64%|ΓûêΓûêΓûêΓûêΓûêΓûêΓûì   | 1922/3000 [16:25<10:52,  1.65it/s]
 64%|ΓûêΓûêΓûêΓûêΓûêΓûêΓûì   | 1923/3000 [16:25<10:43,  1.67it/s]
 64%|ΓûêΓûêΓûêΓûêΓûêΓûêΓûì   | 1924/3000 [16:26<09:30,  1.89it/s]
 64%|ΓûêΓûêΓûêΓûêΓûêΓûêΓûì   | 1925/3000 [16:26<09:45,  1.84it/s]
 64%|ΓûêΓûêΓûêΓûêΓûêΓûêΓûì   | 1926/3000 [16:27<09:14,  1.94it/s]
 64%|ΓûêΓûêΓûêΓûêΓûêΓûêΓûì   | 1927/3000 [16:27<09:34,  1.87it/s]
 64%|ΓûêΓûêΓûêΓûêΓûêΓûêΓûì   | 1928/3000 [16:28<10:44,  1.66it/s]
 64%|ΓûêΓûêΓûêΓûêΓûêΓûêΓûì   | 1929/3000 [16:28<09:29,  1.88it/s]
 64%|ΓûêΓûêΓûêΓûêΓûêΓûêΓûì   | 1930/3000 [16:29<09:31,  1.87it/s]
 64%|ΓûêΓûêΓûêΓûêΓûêΓûêΓûì   | 1931/3000 [16:30<11:08,  1.60it/s]
 64%|ΓûêΓûêΓûêΓûêΓûêΓûêΓûì   | 1932/3000 [16:30<10:17,  1.73it/s]
 64%|ΓûêΓûêΓûêΓûêΓûêΓûêΓûì   | 1933/3000 [16:31<10:14,  1.74it/s]
 64%|ΓûêΓûêΓûêΓûêΓûêΓûêΓûì   | 1934/3000 [16:31<09:37,  1.85it/s]
 64%|ΓûêΓûêΓûêΓûêΓûêΓûêΓûì   | 1935/3000 [16:32<08:46,  2.02it/s]
 65%|ΓûêΓûêΓûêΓûêΓûêΓûêΓûì   | 1936/3000 [16:32<08:51,  2.00it/s]
 65%|ΓûêΓûêΓûêΓûêΓûêΓûêΓûì   | 1937/3000 [16:33<08:20,  2.12it/s]
 65%|ΓûêΓûêΓûêΓûêΓûêΓûêΓûì   | 1938/3000 [16:33<08:16,  2.14it/s]
 65%|ΓûêΓûêΓûêΓûêΓûêΓûêΓûì   | 1939/3000 [16:33<07:55,  2.23it/s]
 65%|ΓûêΓûêΓûêΓûêΓûêΓûêΓûì   | 1940/3000 [16:34<07:35,  2.33it/s]
 65%|ΓûêΓûêΓûêΓûêΓûêΓûêΓûì   | 1941/3000 [16:34<07:56,  2.22it/s]
 65%|ΓûêΓûêΓûêΓûêΓûêΓûêΓûì   | 1942/3000 [16:35<07:45,  2.27it/s]
 65%|ΓûêΓûêΓûêΓûêΓûêΓûêΓûì   | 1943/3000 [16:36<09:59,  1.76it/s]
 65%|ΓûêΓûêΓûêΓûêΓûêΓûêΓûì   | 1944/3000 [16:36<08:39,  2.03it/s]
 65%|ΓûêΓûêΓûêΓûêΓûêΓûêΓûì   | 1945/3000 [16:36<08:55,  1.97it/s]
 65%|ΓûêΓûêΓûêΓûêΓûêΓûêΓûì   | 1946/3000 [16:37<08:12,  2.14it/s]
 65%|ΓûêΓûêΓûêΓûêΓûêΓûêΓûì   | 1947/3000 [16:37<07:49,  2.24it/s]
 65%|ΓûêΓûêΓûêΓûêΓûêΓûêΓûì   | 1948/3000 [16:38<08:43,  2.01it/s]
 65%|ΓûêΓûêΓûêΓûêΓûêΓûêΓûì   | 1949/3000 [16:38<08:53,  1.97it/s]
 65%|ΓûêΓûêΓûêΓûêΓûêΓûêΓûî   | 1950/3000 [16:39<09:04,  1.93it/s]
 65%|ΓûêΓûêΓûêΓûêΓûêΓûêΓûî   | 1951/3000 [16:39<08:46,  1.99it/s]
 65%|ΓûêΓûêΓûêΓûêΓûêΓûêΓûî   | 1952/3000 [16:40<08:59,  1.94it/s]
 65%|ΓûêΓûêΓûêΓûêΓûêΓûêΓûî   | 1953/3000 [16:41<09:15,  1.89it/s]
 65%|ΓûêΓûêΓûêΓûêΓûêΓûêΓûî   | 1954/3000 [16:41<10:03,  1.73it/s]
 65%|ΓûêΓûêΓûêΓûêΓûêΓûêΓûî   | 1955/3000 [16:42<11:03,  1.58it/s]
 65%|ΓûêΓûêΓûêΓûêΓûêΓûêΓûî   | 1956/3000 [16:43<10:28,  1.66it/s]
 65%|ΓûêΓûêΓûêΓûêΓûêΓûêΓûî   | 1957/3000 [16:43<09:28,  1.84it/s]
 65%|ΓûêΓûêΓûêΓûêΓûêΓûêΓûî   | 1958/3000 [16:44<10:21,  1.68it/s]
 65%|ΓûêΓûêΓûêΓûêΓûêΓûêΓûî   | 1959/3000 [16:44<09:13,  1.88it/s]
 65%|ΓûêΓûêΓûêΓûêΓûêΓûêΓûî   | 1960/3000 [16:44<08:24,  2.06it/s]
 65%|ΓûêΓûêΓûêΓûêΓûêΓûêΓûî   | 1961/3000 [16:45<08:51,  1.96it/s]
 65%|ΓûêΓûêΓûêΓûêΓûêΓûêΓûî   | 1963/3000 [16:46<07:21,  2.35it/s]
 65%|ΓûêΓûêΓûêΓûêΓûêΓûêΓûî   | 1964/3000 [16:46<07:06,  2.43it/s]
 66%|ΓûêΓûêΓûêΓûêΓûêΓûêΓûî   | 1965/3000 [16:47<08:01,  2.15it/s]
 66%|ΓûêΓûêΓûêΓûêΓûêΓûêΓûî   | 1966/3000 [16:47<07:59,  2.16it/s]
 66%|ΓûêΓûêΓûêΓûêΓûêΓûêΓûî   | 1967/3000 [16:48<08:59,  1.91it/s]
 66%|ΓûêΓûêΓûêΓûêΓûêΓûêΓûî   | 1968/3000 [16:48<08:54,  1.93it/s]
 66%|ΓûêΓûêΓûêΓûêΓûêΓûêΓûî   | 1969/3000 [16:49<09:51,  1.74it/s]
 66%|ΓûêΓûêΓûêΓûêΓûêΓûêΓûî   | 1970/3000 [16:49<08:50,  1.94it/s]
 66%|ΓûêΓûêΓûêΓûêΓûêΓûêΓûî   | 1971/3000 [16:50<09:51,  1.74it/s]
 66%|ΓûêΓûêΓûêΓûêΓûêΓûêΓûî   | 1972/3000 [16:50<08:45,  1.96it/s]
 66%|ΓûêΓûêΓûêΓûêΓûêΓûêΓûî   | 1973/3000 [16:51<08:09,  2.10it/s]
 66%|ΓûêΓûêΓûêΓûêΓûêΓûêΓûî   | 1974/3000 [16:52<09:37,  1.78it/s]
 66%|ΓûêΓûêΓûêΓûêΓûêΓûêΓûî   | 1975/3000 [16:52<08:25,  2.03it/s]
 66%|ΓûêΓûêΓûêΓûêΓûêΓûêΓûî   | 1976/3000 [16:52<08:39,  1.97it/s]
 66%|ΓûêΓûêΓûêΓûêΓûêΓûêΓûî   | 1977/3000 [16:53<08:11,  2.08it/s]
 66%|ΓûêΓûêΓûêΓûêΓûêΓûêΓûî   | 1978/3000 [16:53<07:18,  2.33it/s]
 66%|ΓûêΓûêΓûêΓûêΓûêΓûêΓûî   | 1979/3000 [16:54<07:04,  2.41it/s]
 66%|ΓûêΓûêΓûêΓûêΓûêΓûêΓûî   | 1980/3000 [16:54<06:50,  2.49it/s]
 66%|ΓûêΓûêΓûêΓûêΓûêΓûêΓûî   | 1981/3000 [16:54<06:56,  2.45it/s]
 66%|ΓûêΓûêΓûêΓûêΓûêΓûêΓûî   | 1982/3000 [16:55<07:56,  2.13it/s]
 66%|ΓûêΓûêΓûêΓûêΓûêΓûêΓûî   | 1983/3000 [16:56<08:57,  1.89it/s]
 66%|ΓûêΓûêΓûêΓûêΓûêΓûêΓûî   | 1984/3000 [16:56<07:48,  2.17it/s]
 66%|ΓûêΓûêΓûêΓûêΓûêΓûêΓûî   | 1985/3000 [16:56<07:17,  2.32it/s]
 66%|ΓûêΓûêΓûêΓûêΓûêΓûêΓûî   | 1986/3000 [16:57<07:28,  2.26it/s]
 66%|ΓûêΓûêΓûêΓûêΓûêΓûêΓûî   | 1987/3000 [16:57<06:46,  2.49it/s]
 66%|ΓûêΓûêΓûêΓûêΓûêΓûêΓûï   | 1988/3000 [16:57<06:47,  2.48it/s]
 66%|ΓûêΓûêΓûêΓûêΓûêΓûêΓûï   | 1989/3000 [16:58<07:47,  2.16it/s]
 66%|ΓûêΓûêΓûêΓûêΓûêΓûêΓûï   | 1990/3000 [16:58<07:03,  2.39it/s]
 66%|ΓûêΓûêΓûêΓûêΓûêΓûêΓûï   | 1991/3000 [16:59<06:31,  2.58it/s]
 66%|ΓûêΓûêΓûêΓûêΓûêΓûêΓûï   | 1992/3000 [16:59<07:00,  2.40it/s]
 66%|ΓûêΓûêΓûêΓûêΓûêΓûêΓûï   | 1993/3000 [17:00<07:01,  2.39it/s]
 66%|ΓûêΓûêΓûêΓûêΓûêΓûêΓûï   | 1994/3000 [17:00<06:53,  2.43it/s]
 66%|ΓûêΓûêΓûêΓûêΓûêΓûêΓûï   | 1995/3000 [17:00<07:05,  2.36it/s]
 67%|ΓûêΓûêΓûêΓûêΓûêΓûêΓûï   | 1996/3000 [17:01<06:45,  2.48it/s]
 67%|ΓûêΓûêΓûêΓûêΓûêΓûêΓûï   | 1997/3000 [17:01<06:45,  2.47it/s]
 67%|ΓûêΓûêΓûêΓûêΓûêΓûêΓûï   | 1998/3000 [17:02<06:48,  2.45it/s]
 67%|ΓûêΓûêΓûêΓûêΓûêΓûêΓûï   | 1999/3000 [17:02<07:23,  2.26it/s]
 67%|ΓûêΓûêΓûêΓûêΓûêΓûêΓûï   | 2000/3000 [17:03<07:12,  2.31it/s]
 67%|ΓûêΓûêΓûêΓûêΓûêΓûêΓûï   | 2001/3000 [17:03<08:08,  2.05it/s]
 67%|ΓûêΓûêΓûêΓûêΓûêΓûêΓûï   | 2002/3000 [17:04<07:51,  2.12it/s]
 67%|ΓûêΓûêΓûêΓûêΓûêΓûêΓûï   | 2003/3000 [17:04<08:10,  2.03it/s]
 67%|ΓûêΓûêΓûêΓûêΓûêΓûêΓûï   | 2004/3000 [17:05<08:09,  2.03it/s]
 67%|ΓûêΓûêΓûêΓûêΓûêΓûêΓûï   | 2005/3000 [17:05<08:25,  1.97it/s]
 67%|ΓûêΓûêΓûêΓûêΓûêΓûêΓûï   | 2006/3000 [17:06<07:56,  2.08it/s]
 67%|ΓûêΓûêΓûêΓûêΓûêΓûêΓûï   | 2007/3000 [17:06<07:33,  2.19it/s]
 67%|ΓûêΓûêΓûêΓûêΓûêΓûêΓûï   | 2008/3000 [17:07<08:55,  1.85it/s]
 67%|ΓûêΓûêΓûêΓûêΓûêΓûêΓûï   | 2009/3000 [17:07<09:19,  1.77it/s]
 67%|ΓûêΓûêΓûêΓûêΓûêΓûêΓûï   | 2010/3000 [17:08<09:03,  1.82it/s]
 67%|ΓûêΓûêΓûêΓûêΓûêΓûêΓûï   | 2011/3000 [17:08<09:03,  1.82it/s]
 67%|ΓûêΓûêΓûêΓûêΓûêΓûêΓûï   | 2012/3000 [17:09<07:50,  2.10it/s]
 67%|ΓûêΓûêΓûêΓûêΓûêΓûêΓûï   | 2013/3000 [17:09<07:23,  2.23it/s]
 67%|ΓûêΓûêΓûêΓûêΓûêΓûêΓûï   | 2014/3000 [17:10<07:23,  2.23it/s]
 67%|ΓûêΓûêΓûêΓûêΓûêΓûêΓûï   | 2015/3000 [17:10<07:00,  2.34it/s]
 67%|ΓûêΓûêΓûêΓûêΓûêΓûêΓûï   | 2016/3000 [17:10<07:24,  2.21it/s]
 67%|ΓûêΓûêΓûêΓûêΓûêΓûêΓûï   | 2017/3000 [17:11<07:04,  2.31it/s]
 67%|ΓûêΓûêΓûêΓûêΓûêΓûêΓûï   | 2018/3000 [17:12<08:40,  1.89it/s]
 67%|ΓûêΓûêΓûêΓûêΓûêΓûêΓûï   | 2019/3000 [17:12<09:11,  1.78it/s]
 67%|ΓûêΓûêΓûêΓûêΓûêΓûêΓûï   | 2020/3000 [17:13<08:14,  1.98it/s]
 67%|ΓûêΓûêΓûêΓûêΓûêΓûêΓûï   | 2021/3000 [17:13<09:02,  1.80it/s]
 67%|ΓûêΓûêΓûêΓûêΓûêΓûêΓûï   | 2022/3000 [17:14<08:19,  1.96it/s]
 67%|ΓûêΓûêΓûêΓûêΓûêΓûêΓûï   | 2023/3000 [17:14<07:20,  2.22it/s]
 67%|ΓûêΓûêΓûêΓûêΓûêΓûêΓûï   | 2024/3000 [17:15<07:40,  2.12it/s]
 68%|ΓûêΓûêΓûêΓûêΓûêΓûêΓûè   | 2025/3000 [17:15<08:38,  1.88it/s]
 68%|ΓûêΓûêΓûêΓûêΓûêΓûêΓûè   | 2026/3000 [17:16<08:06,  2.00it/s]
 68%|ΓûêΓûêΓûêΓûêΓûêΓûêΓûè   | 2027/3000 [17:16<07:28,  2.17it/s]
 68%|ΓûêΓûêΓûêΓûêΓûêΓûêΓûè   | 2028/3000 [17:17<08:55,  1.82it/s]
 68%|ΓûêΓûêΓûêΓûêΓûêΓûêΓûè   | 2029/3000 [17:17<08:45,  1.85it/s]
 68%|ΓûêΓûêΓûêΓûêΓûêΓûêΓûè   | 2030/3000 [17:18<09:18,  1.74it/s]
 68%|ΓûêΓûêΓûêΓûêΓûêΓûêΓûè   | 2031/3000 [17:18<08:28,  1.91it/s]
 68%|ΓûêΓûêΓûêΓûêΓûêΓûêΓûè   | 2032/3000 [17:19<08:13,  1.96it/s]
 68%|ΓûêΓûêΓûêΓûêΓûêΓûêΓûè   | 2033/3000 [17:19<07:43,  2.09it/s]
 68%|ΓûêΓûêΓûêΓûêΓûêΓûêΓûè   | 2034/3000 [17:20<08:29,  1.90it/s]
 68%|ΓûêΓûêΓûêΓûêΓûêΓûêΓûè   | 2035/3000 [17:20<09:02,  1.78it/s]
 68%|ΓûêΓûêΓûêΓûêΓûêΓûêΓûè   | 2036/3000 [17:21<07:49,  2.05it/s]
 68%|ΓûêΓûêΓûêΓûêΓûêΓûêΓûè   | 2037/3000 [17:21<07:51,  2.04it/s]
 68%|ΓûêΓûêΓûêΓûêΓûêΓûêΓûè   | 2038/3000 [17:22<08:19,  1.93it/s]
 68%|ΓûêΓûêΓûêΓûêΓûêΓûêΓûè   | 2039/3000 [17:23<08:54,  1.80it/s]
 68%|ΓûêΓûêΓûêΓûêΓûêΓûêΓûè   | 2040/3000 [17:23<08:12,  1.95it/s]
 68%|ΓûêΓûêΓûêΓûêΓûêΓûêΓûè   | 2041/3000 [17:23<08:13,  1.94it/s]
 68%|ΓûêΓûêΓûêΓûêΓûêΓûêΓûè   | 2042/3000 [17:24<08:14,  1.94it/s]
 68%|ΓûêΓûêΓûêΓûêΓûêΓûêΓûè   | 2043/3000 [17:24<07:14,  2.20it/s]
 68%|ΓûêΓûêΓûêΓûêΓûêΓûêΓûè   | 2044/3000 [17:25<06:33,  2.43it/s]
 68%|ΓûêΓûêΓûêΓûêΓûêΓûêΓûè   | 2045/3000 [17:25<07:12,  2.21it/s]
 68%|ΓûêΓûêΓûêΓûêΓûêΓûêΓûè   | 2046/3000 [17:26<06:59,  2.27it/s]
 68%|ΓûêΓûêΓûêΓûêΓûêΓûêΓûè   | 2047/3000 [17:26<07:15,  2.19it/s]
 68%|ΓûêΓûêΓûêΓûêΓûêΓûêΓûè   | 2048/3000 [17:27<08:11,  1.94it/s]
 68%|ΓûêΓûêΓûêΓûêΓûêΓûêΓûè   | 2049/3000 [17:27<07:44,  2.05it/s]
 68%|ΓûêΓûêΓûêΓûêΓûêΓûêΓûè   | 2050/3000 [17:28<08:26,  1.87it/s]
 68%|ΓûêΓûêΓûêΓûêΓûêΓûêΓûè   | 2051/3000 [17:28<08:25,  1.88it/s]
 68%|ΓûêΓûêΓûêΓûêΓûêΓûêΓûè   | 2052/3000 [17:29<08:14,  1.92it/s]
 68%|ΓûêΓûêΓûêΓûêΓûêΓûêΓûè   | 2053/3000 [17:29<07:39,  2.06it/s]
 68%|ΓûêΓûêΓûêΓûêΓûêΓûêΓûè   | 2054/3000 [17:30<07:55,  1.99it/s]
 68%|ΓûêΓûêΓûêΓûêΓûêΓûêΓûè   | 2055/3000 [17:30<07:19,  2.15it/s]
 69%|ΓûêΓûêΓûêΓûêΓûêΓûêΓûè   | 2056/3000 [17:31<07:36,  2.07it/s]
 69%|ΓûêΓûêΓûêΓûêΓûêΓûêΓûè   | 2057/3000 [17:31<06:47,  2.32it/s]
 69%|ΓûêΓûêΓûêΓûêΓûêΓûêΓûè   | 2058/3000 [17:32<07:40,  2.05it/s]
 69%|ΓûêΓûêΓûêΓûêΓûêΓûêΓûè   | 2059/3000 [17:32<07:47,  2.01it/s]
 69%|ΓûêΓûêΓûêΓûêΓûêΓûêΓûè   | 2060/3000 [17:33<08:06,  1.93it/s]
 69%|ΓûêΓûêΓûêΓûêΓûêΓûêΓûè   | 2061/3000 [17:33<07:28,  2.09it/s]
 69%|ΓûêΓûêΓûêΓûêΓûêΓûêΓûè   | 2062/3000 [17:33<07:21,  2.13it/s]
 69%|ΓûêΓûêΓûêΓûêΓûêΓûêΓûë   | 2063/3000 [17:34<06:56,  2.25it/s]
 69%|ΓûêΓûêΓûêΓûêΓûêΓûêΓûë   | 2064/3000 [17:34<06:33,  2.38it/s]
 69%|ΓûêΓûêΓûêΓûêΓûêΓûêΓûë   | 2065/3000 [17:35<06:59,  2.23it/s]
 69%|ΓûêΓûêΓûêΓûêΓûêΓûêΓûë   | 2066/3000 [17:35<06:54,  2.25it/s]
 69%|ΓûêΓûêΓûêΓûêΓûêΓûêΓûë   | 2067/3000 [17:36<06:34,  2.37it/s]
 69%|ΓûêΓûêΓûêΓûêΓûêΓûêΓûë   | 2068/3000 [17:36<06:30,  2.38it/s]
 69%|ΓûêΓûêΓûêΓûêΓûêΓûêΓûë   | 2069/3000 [17:37<07:17,  2.13it/s]
 69%|ΓûêΓûêΓûêΓûêΓûêΓûêΓûë   | 2070/3000 [17:37<07:55,  1.95it/s]
 69%|ΓûêΓûêΓûêΓûêΓûêΓûêΓûë   | 2071/3000 [17:38<07:12,  2.15it/s]
 69%|ΓûêΓûêΓûêΓûêΓûêΓûêΓûë   | 2072/3000 [17:38<06:56,  2.23it/s]
 69%|ΓûêΓûêΓûêΓûêΓûêΓûêΓûë   | 2073/3000 [17:38<06:32,  2.36it/s]
 69%|ΓûêΓûêΓûêΓûêΓûêΓûêΓûë   | 2074/3000 [17:39<06:02,  2.55it/s]
 69%|ΓûêΓûêΓûêΓûêΓûêΓûêΓûë   | 2075/3000 [17:39<07:44,  1.99it/s]
 69%|ΓûêΓûêΓûêΓûêΓûêΓûêΓûë   | 2076/3000 [17:40<07:23,  2.08it/s]
 69%|ΓûêΓûêΓûêΓûêΓûêΓûêΓûë   | 2077/3000 [17:40<06:45,  2.28it/s]
 69%|ΓûêΓûêΓûêΓûêΓûêΓûêΓûë   | 2078/3000 [17:41<06:48,  2.26it/s]
 69%|ΓûêΓûêΓûêΓûêΓûêΓûêΓûë   | 2079/3000 [17:41<07:06,  2.16it/s]
 69%|ΓûêΓûêΓûêΓûêΓûêΓûêΓûë   | 2080/3000 [17:42<07:25,  2.07it/s]
 69%|ΓûêΓûêΓûêΓûêΓûêΓûêΓûë   | 2081/3000 [17:42<07:08,  2.15it/s]
 69%|ΓûêΓûêΓûêΓûêΓûêΓûêΓûë   | 2082/3000 [17:43<07:52,  1.94it/s]
 69%|ΓûêΓûêΓûêΓûêΓûêΓûêΓûë   | 2083/3000 [17:43<08:11,  1.87it/s]
 69%|ΓûêΓûêΓûêΓûêΓûêΓûêΓûë   | 2084/3000 [17:44<07:43,  1.98it/s]
 70%|ΓûêΓûêΓûêΓûêΓûêΓûêΓûë   | 2085/3000 [17:44<08:39,  1.76it/s]
 70%|ΓûêΓûêΓûêΓûêΓûêΓûêΓûë   | 2086/3000 [17:45<07:46,  1.96it/s]
 70%|ΓûêΓûêΓûêΓûêΓûêΓûêΓûë   | 2087/3000 [17:45<07:26,  2.04it/s]
 70%|ΓûêΓûêΓûêΓûêΓûêΓûêΓûë   | 2088/3000 [17:46<07:36,  2.00it/s]
 70%|ΓûêΓûêΓûêΓûêΓûêΓûêΓûë   | 2089/3000 [17:46<07:59,  1.90it/s]
 70%|ΓûêΓûêΓûêΓûêΓûêΓûêΓûë   | 2090/3000 [17:47<07:38,  1.98it/s]
 70%|ΓûêΓûêΓûêΓûêΓûêΓûêΓûë   | 2091/3000 [17:47<07:22,  2.05it/s]
 70%|ΓûêΓûêΓûêΓûêΓûêΓûêΓûë   | 2092/3000 [17:48<07:06,  2.13it/s]
 70%|ΓûêΓûêΓûêΓûêΓûêΓûêΓûë   | 2093/3000 [17:48<08:12,  1.84it/s]
 70%|ΓûêΓûêΓûêΓûêΓûêΓûêΓûë   | 2094/3000 [17:49<08:41,  1.74it/s]
 70%|ΓûêΓûêΓûêΓûêΓûêΓûêΓûë   | 2095/3000 [17:49<07:42,  1.95it/s]
 70%|ΓûêΓûêΓûêΓûêΓûêΓûêΓûë   | 2096/3000 [17:50<07:53,  1.91it/s]
 70%|ΓûêΓûêΓûêΓûêΓûêΓûêΓûë   | 2097/3000 [17:51<08:23,  1.79it/s]
 70%|ΓûêΓûêΓûêΓûêΓûêΓûêΓûë   | 2098/3000 [17:51<07:34,  1.98it/s]
 70%|ΓûêΓûêΓûêΓûêΓûêΓûêΓûë   | 2099/3000 [17:52<08:18,  1.81it/s]
 70%|ΓûêΓûêΓûêΓûêΓûêΓûêΓûê   | 2100/3000 [17:52<07:41,  1.95it/s]
 70%|ΓûêΓûêΓûêΓûêΓûêΓûêΓûê   | 2102/3000 [17:53<05:39,  2.65it/s]
 70%|ΓûêΓûêΓûêΓûêΓûêΓûêΓûê   | 2103/3000 [17:53<05:24,  2.76it/s]
 70%|ΓûêΓûêΓûêΓûêΓûêΓûêΓûê   | 2104/3000 [17:53<05:37,  2.66it/s]
 70%|ΓûêΓûêΓûêΓûêΓûêΓûêΓûê   | 2105/3000 [17:54<06:23,  2.33it/s]
 70%|ΓûêΓûêΓûêΓûêΓûêΓûêΓûê   | 2106/3000 [17:54<06:50,  2.18it/s]
 70%|ΓûêΓûêΓûêΓûêΓûêΓûêΓûê   | 2107/3000 [17:55<06:29,  2.29it/s]
 70%|ΓûêΓûêΓûêΓûêΓûêΓûêΓûê   | 2108/3000 [17:55<06:29,  2.29it/s]
 70%|ΓûêΓûêΓûêΓûêΓûêΓûêΓûê   | 2109/3000 [17:56<07:33,  1.97it/s]
 70%|ΓûêΓûêΓûêΓûêΓûêΓûêΓûê   | 2110/3000 [17:56<07:00,  2.12it/s]
 70%|ΓûêΓûêΓûêΓûêΓûêΓûêΓûê   | 2111/3000 [17:57<07:15,  2.04it/s]
 70%|ΓûêΓûêΓûêΓûêΓûêΓûêΓûê   | 2112/3000 [17:57<06:59,  2.12it/s]
 70%|ΓûêΓûêΓûêΓûêΓûêΓûêΓûê   | 2113/3000 [17:58<06:34,  2.25it/s]
 70%|ΓûêΓûêΓûêΓûêΓûêΓûêΓûê   | 2114/3000 [17:58<08:08,  1.81it/s]
 70%|ΓûêΓûêΓûêΓûêΓûêΓûêΓûê   | 2115/3000 [17:59<07:27,  1.98it/s]
 71%|ΓûêΓûêΓûêΓûêΓûêΓûêΓûê   | 2116/3000 [17:59<07:04,  2.08it/s]
 71%|ΓûêΓûêΓûêΓûêΓûêΓûêΓûê   | 2117/3000 [18:00<07:59,  1.84it/s]
 71%|ΓûêΓûêΓûêΓûêΓûêΓûêΓûê   | 2118/3000 [18:01<09:31,  1.54it/s]
 71%|ΓûêΓûêΓûêΓûêΓûêΓûêΓûê   | 2119/3000 [18:01<08:37,  1.70it/s]
 71%|ΓûêΓûêΓûêΓûêΓûêΓûêΓûê   | 2120/3000 [18:02<09:12,  1.59it/s]
 71%|ΓûêΓûêΓûêΓûêΓûêΓûêΓûê   | 2121/3000 [18:03<09:12,  1.59it/s]
 71%|ΓûêΓûêΓûêΓûêΓûêΓûêΓûê   | 2122/3000 [18:03<09:21,  1.56it/s]
 71%|ΓûêΓûêΓûêΓûêΓûêΓûêΓûê   | 2123/3000 [18:04<09:09,  1.60it/s]
 71%|ΓûêΓûêΓûêΓûêΓûêΓûêΓûê   | 2124/3000 [18:04<08:08,  1.79it/s]
 71%|ΓûêΓûêΓûêΓûêΓûêΓûêΓûê   | 2125/3000 [18:05<08:05,  1.80it/s]
 71%|ΓûêΓûêΓûêΓûêΓûêΓûêΓûê   | 2126/3000 [18:05<07:16,  2.00it/s]
 71%|ΓûêΓûêΓûêΓûêΓûêΓûêΓûê   | 2127/3000 [18:06<07:18,  1.99it/s]
 71%|ΓûêΓûêΓûêΓûêΓûêΓûêΓûê   | 2128/3000 [18:06<06:58,  2.08it/s]
 71%|ΓûêΓûêΓûêΓûêΓûêΓûêΓûê   | 2129/3000 [18:07<07:02,  2.06it/s]
 71%|ΓûêΓûêΓûêΓûêΓûêΓûêΓûê   | 2130/3000 [18:07<07:18,  1.99it/s]
 71%|ΓûêΓûêΓûêΓûêΓûêΓûêΓûê   | 2131/3000 [18:08<07:36,  1.90it/s]
 71%|ΓûêΓûêΓûêΓûêΓûêΓûêΓûê   | 2132/3000 [18:08<07:44,  1.87it/s]
 71%|ΓûêΓûêΓûêΓûêΓûêΓûêΓûê   | 2133/3000 [18:09<07:36,  1.90it/s]
 71%|ΓûêΓûêΓûêΓûêΓûêΓûêΓûê   | 2134/3000 [18:09<07:36,  1.90it/s]
 71%|ΓûêΓûêΓûêΓûêΓûêΓûêΓûê   | 2135/3000 [18:10<07:02,  2.05it/s]
 71%|ΓûêΓûêΓûêΓûêΓûêΓûêΓûê   | 2136/3000 [18:10<06:59,  2.06it/s]
 71%|ΓûêΓûêΓûêΓûêΓûêΓûêΓûê   | 2137/3000 [18:11<07:39,  1.88it/s]
 71%|ΓûêΓûêΓûêΓûêΓûêΓûêΓûêΓûÅ  | 2138/3000 [18:11<07:51,  1.83it/s]
 71%|ΓûêΓûêΓûêΓûêΓûêΓûêΓûêΓûÅ  | 2139/3000 [18:12<07:04,  2.03it/s]
 71%|ΓûêΓûêΓûêΓûêΓûêΓûêΓûêΓûÅ  | 2140/3000 [18:12<06:35,  2.18it/s]
 71%|ΓûêΓûêΓûêΓûêΓûêΓûêΓûêΓûÅ  | 2141/3000 [18:13<06:12,  2.30it/s]
 71%|ΓûêΓûêΓûêΓûêΓûêΓûêΓûêΓûÅ  | 2142/3000 [18:13<06:32,  2.18it/s]
 71%|ΓûêΓûêΓûêΓûêΓûêΓûêΓûêΓûÅ  | 2143/3000 [18:13<05:55,  2.41it/s]
 71%|ΓûêΓûêΓûêΓûêΓûêΓûêΓûêΓûÅ  | 2144/3000 [18:14<07:27,  1.91it/s]
 72%|ΓûêΓûêΓûêΓûêΓûêΓûêΓûêΓûÅ  | 2145/3000 [18:15<07:21,  1.94it/s]
 72%|ΓûêΓûêΓûêΓûêΓûêΓûêΓûêΓûÅ  | 2146/3000 [18:15<07:59,  1.78it/s]
 72%|ΓûêΓûêΓûêΓûêΓûêΓûêΓûêΓûÅ  | 2147/3000 [18:16<07:08,  1.99it/s]
 72%|ΓûêΓûêΓûêΓûêΓûêΓûêΓûêΓûÅ  | 2148/3000 [18:16<07:18,  1.94it/s]
 72%|ΓûêΓûêΓûêΓûêΓûêΓûêΓûêΓûÅ  | 2149/3000 [18:17<07:37,  1.86it/s]
 72%|ΓûêΓûêΓûêΓûêΓûêΓûêΓûêΓûÅ  | 2150/3000 [18:17<07:33,  1.87it/s]
 72%|ΓûêΓûêΓûêΓûêΓûêΓûêΓûêΓûÅ  | 2151/3000 [18:18<07:14,  1.95it/s]
 72%|ΓûêΓûêΓûêΓûêΓûêΓûêΓûêΓûÅ  | 2152/3000 [18:18<06:39,  2.13it/s]
 72%|ΓûêΓûêΓûêΓûêΓûêΓûêΓûêΓûÅ  | 2153/3000 [18:19<06:29,  2.17it/s]
 72%|ΓûêΓûêΓûêΓûêΓûêΓûêΓûêΓûÅ  | 2154/3000 [18:19<06:47,  2.08it/s]
 72%|ΓûêΓûêΓûêΓûêΓûêΓûêΓûêΓûÅ  | 2155/3000 [18:20<06:34,  2.14it/s]
 72%|ΓûêΓûêΓûêΓûêΓûêΓûêΓûêΓûÅ  | 2156/3000 [18:20<06:21,  2.21it/s]
 72%|ΓûêΓûêΓûêΓûêΓûêΓûêΓûêΓûÅ  | 2157/3000 [18:20<05:59,  2.34it/s]
 72%|ΓûêΓûêΓûêΓûêΓûêΓûêΓûêΓûÅ  | 2158/3000 [18:21<06:24,  2.19it/s]
 72%|ΓûêΓûêΓûêΓûêΓûêΓûêΓûêΓûÅ  | 2159/3000 [18:21<06:36,  2.12it/s]
 72%|ΓûêΓûêΓûêΓûêΓûêΓûêΓûêΓûÅ  | 2160/3000 [18:22<06:20,  2.21it/s]
 72%|ΓûêΓûêΓûêΓûêΓûêΓûêΓûêΓûÅ  | 2161/3000 [18:22<06:06,  2.29it/s]
 72%|ΓûêΓûêΓûêΓûêΓûêΓûêΓûêΓûÅ  | 2162/3000 [18:23<06:48,  2.05it/s]
 72%|ΓûêΓûêΓûêΓûêΓûêΓûêΓûêΓûÅ  | 2163/3000 [18:23<07:32,  1.85it/s]
 72%|ΓûêΓûêΓûêΓûêΓûêΓûêΓûêΓûÅ  | 2164/3000 [18:24<07:25,  1.88it/s]
 72%|ΓûêΓûêΓûêΓûêΓûêΓûêΓûêΓûÅ  | 2165/3000 [18:24<07:17,  1.91it/s]
 72%|ΓûêΓûêΓûêΓûêΓûêΓûêΓûêΓûÅ  | 2166/3000 [18:25<06:52,  2.02it/s]
 72%|ΓûêΓûêΓûêΓûêΓûêΓûêΓûêΓûÅ  | 2167/3000 [18:25<06:36,  2.10it/s]
 72%|ΓûêΓûêΓûêΓûêΓûêΓûêΓûêΓûÅ  | 2168/3000 [18:26<06:45,  2.05it/s]
 72%|ΓûêΓûêΓûêΓûêΓûêΓûêΓûêΓûÅ  | 2169/3000 [18:26<06:26,  2.15it/s]
 72%|ΓûêΓûêΓûêΓûêΓûêΓûêΓûêΓûÅ  | 2170/3000 [18:27<06:58,  1.98it/s]
 72%|ΓûêΓûêΓûêΓûêΓûêΓûêΓûêΓûÅ  | 2171/3000 [18:27<07:31,  1.83it/s]
 72%|ΓûêΓûêΓûêΓûêΓûêΓûêΓûêΓûÅ  | 2172/3000 [18:28<07:01,  1.97it/s]
 72%|ΓûêΓûêΓûêΓûêΓûêΓûêΓûêΓûÅ  | 2173/3000 [18:29<07:34,  1.82it/s]
 72%|ΓûêΓûêΓûêΓûêΓûêΓûêΓûêΓûÅ  | 2174/3000 [18:29<07:58,  1.73it/s]
 72%|ΓûêΓûêΓûêΓûêΓûêΓûêΓûêΓûÄ  | 2175/3000 [18:30<07:06,  1.93it/s]
 73%|ΓûêΓûêΓûêΓûêΓûêΓûêΓûêΓûÄ  | 2176/3000 [18:30<07:34,  1.81it/s]
 73%|ΓûêΓûêΓûêΓûêΓûêΓûêΓûêΓûÄ  | 2177/3000 [18:31<07:25,  1.85it/s]
 73%|ΓûêΓûêΓûêΓûêΓûêΓûêΓûêΓûÄ  | 2178/3000 [18:31<06:45,  2.03it/s]
 73%|ΓûêΓûêΓûêΓûêΓûêΓûêΓûêΓûÄ  | 2179/3000 [18:31<06:17,  2.18it/s]
 73%|ΓûêΓûêΓûêΓûêΓûêΓûêΓûêΓûÄ  | 2180/3000 [18:32<06:02,  2.26it/s]
 73%|ΓûêΓûêΓûêΓûêΓûêΓûêΓûêΓûÄ  | 2181/3000 [18:32<06:15,  2.18it/s]
 73%|ΓûêΓûêΓûêΓûêΓûêΓûêΓûêΓûÄ  | 2182/3000 [18:33<06:35,  2.07it/s]
 73%|ΓûêΓûêΓûêΓûêΓûêΓûêΓûêΓûÄ  | 2183/3000 [18:33<05:53,  2.31it/s]
 73%|ΓûêΓûêΓûêΓûêΓûêΓûêΓûêΓûÄ  | 2184/3000 [18:34<05:55,  2.30it/s]
 73%|ΓûêΓûêΓûêΓûêΓûêΓûêΓûêΓûÄ  | 2185/3000 [18:34<05:55,  2.29it/s]
 73%|ΓûêΓûêΓûêΓûêΓûêΓûêΓûêΓûÄ  | 2186/3000 [18:35<06:49,  1.99it/s]
 73%|ΓûêΓûêΓûêΓûêΓûêΓûêΓûêΓûÄ  | 2187/3000 [18:35<06:43,  2.01it/s]
 73%|ΓûêΓûêΓûêΓûêΓûêΓûêΓûêΓûÄ  | 2188/3000 [18:36<06:29,  2.09it/s]
 73%|ΓûêΓûêΓûêΓûêΓûêΓûêΓûêΓûÄ  | 2189/3000 [18:36<06:08,  2.20it/s]
 73%|ΓûêΓûêΓûêΓûêΓûêΓûêΓûêΓûÄ  | 2190/3000 [18:37<06:09,  2.19it/s]
 73%|ΓûêΓûêΓûêΓûêΓûêΓûêΓûêΓûÄ  | 2191/3000 [18:37<06:44,  2.00it/s]
 73%|ΓûêΓûêΓûêΓûêΓûêΓûêΓûêΓûÄ  | 2192/3000 [18:38<07:19,  1.84it/s]
 73%|ΓûêΓûêΓûêΓûêΓûêΓûêΓûêΓûÄ  | 2193/3000 [18:38<06:44,  1.99it/s]
 73%|ΓûêΓûêΓûêΓûêΓûêΓûêΓûêΓûÄ  | 2194/3000 [18:39<06:23,  2.10it/s]
 73%|ΓûêΓûêΓûêΓûêΓûêΓûêΓûêΓûÄ  | 2195/3000 [18:39<07:13,  1.86it/s]
 73%|ΓûêΓûêΓûêΓûêΓûêΓûêΓûêΓûÄ  | 2196/3000 [18:40<07:38,  1.75it/s]
 73%|ΓûêΓûêΓûêΓûêΓûêΓûêΓûêΓûÄ  | 2197/3000 [18:40<07:03,  1.90it/s]
 73%|ΓûêΓûêΓûêΓûêΓûêΓûêΓûêΓûÄ  | 2198/3000 [18:41<06:26,  2.07it/s]
 73%|ΓûêΓûêΓûêΓûêΓûêΓûêΓûêΓûÄ  | 2199/3000 [18:41<07:06,  1.88it/s]
 73%|ΓûêΓûêΓûêΓûêΓûêΓûêΓûêΓûÄ  | 2200/3000 [18:42<07:00,  1.90it/s]
 73%|ΓûêΓûêΓûêΓûêΓûêΓûêΓûêΓûÄ  | 2201/3000 [18:42<06:33,  2.03it/s]
 73%|ΓûêΓûêΓûêΓûêΓûêΓûêΓûêΓûÄ  | 2202/3000 [18:43<06:04,  2.19it/s]
 73%|ΓûêΓûêΓûêΓûêΓûêΓûêΓûêΓûÄ  | 2203/3000 [18:43<05:42,  2.33it/s]
 73%|ΓûêΓûêΓûêΓûêΓûêΓûêΓûêΓûÄ  | 2204/3000 [18:43<05:27,  2.43it/s]
 74%|ΓûêΓûêΓûêΓûêΓûêΓûêΓûêΓûÄ  | 2205/3000 [18:44<06:56,  1.91it/s]
 74%|ΓûêΓûêΓûêΓûêΓûêΓûêΓûêΓûÄ  | 2206/3000 [18:45<06:23,  2.07it/s]
 74%|ΓûêΓûêΓûêΓûêΓûêΓûêΓûêΓûÄ  | 2207/3000 [18:45<06:27,  2.04it/s]
 74%|ΓûêΓûêΓûêΓûêΓûêΓûêΓûêΓûÄ  | 2208/3000 [18:46<06:11,  2.13it/s]
 74%|ΓûêΓûêΓûêΓûêΓûêΓûêΓûêΓûÄ  | 2209/3000 [18:46<06:08,  2.14it/s]
 74%|ΓûêΓûêΓûêΓûêΓûêΓûêΓûêΓûÄ  | 2210/3000 [18:47<06:31,  2.02it/s]
 74%|ΓûêΓûêΓûêΓûêΓûêΓûêΓûêΓûÄ  | 2211/3000 [18:47<07:35,  1.73it/s]
 74%|ΓûêΓûêΓûêΓûêΓûêΓûêΓûêΓûÄ  | 2212/3000 [18:48<07:26,  1.77it/s]
 74%|ΓûêΓûêΓûêΓûêΓûêΓûêΓûêΓûì  | 2213/3000 [18:48<06:43,  1.95it/s]
 74%|ΓûêΓûêΓûêΓûêΓûêΓûêΓûêΓûì  | 2214/3000 [18:49<06:17,  2.08it/s]
 74%|ΓûêΓûêΓûêΓûêΓûêΓûêΓûêΓûì  | 2215/3000 [18:49<05:56,  2.20it/s]
 74%|ΓûêΓûêΓûêΓûêΓûêΓûêΓûêΓûì  | 2216/3000 [18:50<06:57,  1.88it/s]
 74%|ΓûêΓûêΓûêΓûêΓûêΓûêΓûêΓûì  | 2217/3000 [18:50<07:00,  1.86it/s]
 74%|ΓûêΓûêΓûêΓûêΓûêΓûêΓûêΓûì  | 2218/3000 [18:51<06:57,  1.87it/s]
 74%|ΓûêΓûêΓûêΓûêΓûêΓûêΓûêΓûì  | 2219/3000 [18:51<06:21,  2.05it/s]
 74%|ΓûêΓûêΓûêΓûêΓûêΓûêΓûêΓûì  | 2220/3000 [18:52<06:44,  1.93it/s]
 74%|ΓûêΓûêΓûêΓûêΓûêΓûêΓûêΓûì  | 2221/3000 [18:53<07:27,  1.74it/s]
 74%|ΓûêΓûêΓûêΓûêΓûêΓûêΓûêΓûì  | 2222/3000 [18:53<06:48,  1.90it/s]
 74%|ΓûêΓûêΓûêΓûêΓûêΓûêΓûêΓûì  | 2223/3000 [18:53<06:24,  2.02it/s]
 74%|ΓûêΓûêΓûêΓûêΓûêΓûêΓûêΓûì  | 2224/3000 [18:54<06:57,  1.86it/s]
 74%|ΓûêΓûêΓûêΓûêΓûêΓûêΓûêΓûì  | 2225/3000 [18:54<06:41,  1.93it/s]
 74%|ΓûêΓûêΓûêΓûêΓûêΓûêΓûêΓûì  | 2226/3000 [18:55<07:00,  1.84it/s]
 74%|ΓûêΓûêΓûêΓûêΓûêΓûêΓûêΓûì  | 2227/3000 [18:56<06:49,  1.89it/s]
 74%|ΓûêΓûêΓûêΓûêΓûêΓûêΓûêΓûì  | 2228/3000 [18:56<06:13,  2.07it/s]
 74%|ΓûêΓûêΓûêΓûêΓûêΓûêΓûêΓûì  | 2229/3000 [18:56<06:24,  2.01it/s]
 74%|ΓûêΓûêΓûêΓûêΓûêΓûêΓûêΓûì  | 2230/3000 [18:57<07:05,  1.81it/s]
 74%|ΓûêΓûêΓûêΓûêΓûêΓûêΓûêΓûì  | 2231/3000 [18:58<06:32,  1.96it/s]
 74%|ΓûêΓûêΓûêΓûêΓûêΓûêΓûêΓûì  | 2232/3000 [18:58<06:09,  2.08it/s]
 74%|ΓûêΓûêΓûêΓûêΓûêΓûêΓûêΓûì  | 2233/3000 [18:58<05:51,  2.18it/s]
 74%|ΓûêΓûêΓûêΓûêΓûêΓûêΓûêΓûì  | 2234/3000 [18:59<06:16,  2.04it/s]
 74%|ΓûêΓûêΓûêΓûêΓûêΓûêΓûêΓûì  | 2235/3000 [19:00<06:41,  1.91it/s]
 75%|ΓûêΓûêΓûêΓûêΓûêΓûêΓûêΓûì  | 2236/3000 [19:00<06:57,  1.83it/s]
 75%|ΓûêΓûêΓûêΓûêΓûêΓûêΓûêΓûì  | 2237/3000 [19:01<07:03,  1.80it/s]
 75%|ΓûêΓûêΓûêΓûêΓûêΓûêΓûêΓûì  | 2238/3000 [19:01<06:29,  1.96it/s]
 75%|ΓûêΓûêΓûêΓûêΓûêΓûêΓûêΓûì  | 2239/3000 [19:02<07:03,  1.80it/s]
 75%|ΓûêΓûêΓûêΓûêΓûêΓûêΓûêΓûì  | 2240/3000 [19:02<06:45,  1.88it/s]
 75%|ΓûêΓûêΓûêΓûêΓûêΓûêΓûêΓûì  | 2241/3000 [19:03<06:36,  1.92it/s]
 75%|ΓûêΓûêΓûêΓûêΓûêΓûêΓûêΓûì  | 2242/3000 [19:04<07:25,  1.70it/s]
 75%|ΓûêΓûêΓûêΓûêΓûêΓûêΓûêΓûì  | 2243/3000 [19:04<06:54,  1.82it/s]
 75%|ΓûêΓûêΓûêΓûêΓûêΓûêΓûêΓûì  | 2244/3000 [19:04<06:34,  1.92it/s]
 75%|ΓûêΓûêΓûêΓûêΓûêΓûêΓûêΓûì  | 2245/3000 [19:05<06:41,  1.88it/s]
 75%|ΓûêΓûêΓûêΓûêΓûêΓûêΓûêΓûì  | 2246/3000 [19:05<06:14,  2.01it/s]
 75%|ΓûêΓûêΓûêΓûêΓûêΓûêΓûêΓûì  | 2247/3000 [19:06<06:15,  2.01it/s]
 75%|ΓûêΓûêΓûêΓûêΓûêΓûêΓûêΓûì  | 2248/3000 [19:06<05:53,  2.13it/s]
 75%|ΓûêΓûêΓûêΓûêΓûêΓûêΓûêΓûì  | 2249/3000 [19:07<05:38,  2.22it/s]
 75%|ΓûêΓûêΓûêΓûêΓûêΓûêΓûêΓûî  | 2250/3000 [19:07<05:40,  2.20it/s]
 75%|ΓûêΓûêΓûêΓûêΓûêΓûêΓûêΓûî  | 2251/3000 [19:08<05:39,  2.21it/s]
 75%|ΓûêΓûêΓûêΓûêΓûêΓûêΓûêΓûî  | 2252/3000 [19:09<07:23,  1.69it/s]
 75%|ΓûêΓûêΓûêΓûêΓûêΓûêΓûêΓûî  | 2253/3000 [19:09<07:38,  1.63it/s]
 75%|ΓûêΓûêΓûêΓûêΓûêΓûêΓûêΓûî  | 2254/3000 [19:10<06:41,  1.86it/s]
 75%|ΓûêΓûêΓûêΓûêΓûêΓûêΓûêΓûî  | 2255/3000 [19:10<06:18,  1.97it/s]
 75%|ΓûêΓûêΓûêΓûêΓûêΓûêΓûêΓûî  | 2256/3000 [19:10<06:04,  2.04it/s]
 75%|ΓûêΓûêΓûêΓûêΓûêΓûêΓûêΓûî  | 2257/3000 [19:11<06:00,  2.06it/s]
 75%|ΓûêΓûêΓûêΓûêΓûêΓûêΓûêΓûî  | 2258/3000 [19:12<06:53,  1.79it/s]
 75%|ΓûêΓûêΓûêΓûêΓûêΓûêΓûêΓûî  | 2259/3000 [19:12<07:26,  1.66it/s]
 75%|ΓûêΓûêΓûêΓûêΓûêΓûêΓûêΓûî  | 2260/3000 [19:13<07:36,  1.62it/s]
 75%|ΓûêΓûêΓûêΓûêΓûêΓûêΓûêΓûî  | 2261/3000 [19:14<07:27,  1.65it/s]
 75%|ΓûêΓûêΓûêΓûêΓûêΓûêΓûêΓûî  | 2262/3000 [19:14<06:49,  1.80it/s]
 75%|ΓûêΓûêΓûêΓûêΓûêΓûêΓûêΓûî  | 2263/3000 [19:15<06:46,  1.81it/s]
 75%|ΓûêΓûêΓûêΓûêΓûêΓûêΓûêΓûî  | 2264/3000 [19:15<06:11,  1.98it/s]
 76%|ΓûêΓûêΓûêΓûêΓûêΓûêΓûêΓûî  | 2265/3000 [19:16<06:30,  1.88it/s]
 76%|ΓûêΓûêΓûêΓûêΓûêΓûêΓûêΓûî  | 2266/3000 [19:16<06:25,  1.90it/s]
 76%|ΓûêΓûêΓûêΓûêΓûêΓûêΓûêΓûî  | 2267/3000 [19:16<05:54,  2.07it/s]
 76%|ΓûêΓûêΓûêΓûêΓûêΓûêΓûêΓûî  | 2268/3000 [19:17<05:39,  2.16it/s]
 76%|ΓûêΓûêΓûêΓûêΓûêΓûêΓûêΓûî  | 2269/3000 [19:18<06:21,  1.91it/s]
 76%|ΓûêΓûêΓûêΓûêΓûêΓûêΓûêΓûî  | 2270/3000 [19:18<06:24,  1.90it/s]
 76%|ΓûêΓûêΓûêΓûêΓûêΓûêΓûêΓûî  | 2271/3000 [19:18<05:53,  2.06it/s]
 76%|ΓûêΓûêΓûêΓûêΓûêΓûêΓûêΓûî  | 2273/3000 [19:19<04:12,  2.88it/s]
 76%|ΓûêΓûêΓûêΓûêΓûêΓûêΓûêΓûî  | 2274/3000 [19:19<04:17,  2.82it/s]
 76%|ΓûêΓûêΓûêΓûêΓûêΓûêΓûêΓûî  | 2275/3000 [19:20<04:24,  2.75it/s]
 76%|ΓûêΓûêΓûêΓûêΓûêΓûêΓûêΓûî  | 2276/3000 [19:20<04:26,  2.72it/s]
 76%|ΓûêΓûêΓûêΓûêΓûêΓûêΓûêΓûî  | 2277/3000 [19:21<05:00,  2.41it/s]
 76%|ΓûêΓûêΓûêΓûêΓûêΓûêΓûêΓûî  | 2278/3000 [19:21<05:00,  2.41it/s]
 76%|ΓûêΓûêΓûêΓûêΓûêΓûêΓûêΓûî  | 2279/3000 [19:21<04:53,  2.46it/s]
 76%|ΓûêΓûêΓûêΓûêΓûêΓûêΓûêΓûî  | 2280/3000 [19:22<05:29,  2.18it/s]
 76%|ΓûêΓûêΓûêΓûêΓûêΓûêΓûêΓûî  | 2281/3000 [19:22<05:16,  2.27it/s]
 76%|ΓûêΓûêΓûêΓûêΓûêΓûêΓûêΓûî  | 2282/3000 [19:23<05:11,  2.30it/s]
 76%|ΓûêΓûêΓûêΓûêΓûêΓûêΓûêΓûî  | 2283/3000 [19:23<05:33,  2.15it/s]
 76%|ΓûêΓûêΓûêΓûêΓûêΓûêΓûêΓûî  | 2284/3000 [19:24<05:14,  2.28it/s]
 76%|ΓûêΓûêΓûêΓûêΓûêΓûêΓûêΓûî  | 2285/3000 [19:24<06:04,  1.96it/s]
 76%|ΓûêΓûêΓûêΓûêΓûêΓûêΓûêΓûî  | 2286/3000 [19:25<05:37,  2.12it/s]
 76%|ΓûêΓûêΓûêΓûêΓûêΓûêΓûêΓûï  | 2288/3000 [19:25<04:10,  2.84it/s]
 76%|ΓûêΓûêΓûêΓûêΓûêΓûêΓûêΓûï  | 2289/3000 [19:26<04:41,  2.52it/s]
 76%|ΓûêΓûêΓûêΓûêΓûêΓûêΓûêΓûï  | 2290/3000 [19:27<06:04,  1.95it/s]
 76%|ΓûêΓûêΓûêΓûêΓûêΓûêΓûêΓûï  | 2291/3000 [19:27<05:35,  2.11it/s]
 76%|ΓûêΓûêΓûêΓûêΓûêΓûêΓûêΓûï  | 2292/3000 [19:27<05:23,  2.19it/s]
 76%|ΓûêΓûêΓûêΓûêΓûêΓûêΓûêΓûï  | 2293/3000 [19:28<05:06,  2.31it/s]
 76%|ΓûêΓûêΓûêΓûêΓûêΓûêΓûêΓûï  | 2294/3000 [19:28<05:30,  2.14it/s]
 76%|ΓûêΓûêΓûêΓûêΓûêΓûêΓûêΓûï  | 2295/3000 [19:29<05:45,  2.04it/s]
 77%|ΓûêΓûêΓûêΓûêΓûêΓûêΓûêΓûï  | 2296/3000 [19:29<05:45,  2.04it/s]
 77%|ΓûêΓûêΓûêΓûêΓûêΓûêΓûêΓûï  | 2298/3000 [19:30<04:12,  2.78it/s]
 77%|ΓûêΓûêΓûêΓûêΓûêΓûêΓûêΓûï  | 2299/3000 [19:30<05:27,  2.14it/s]
 77%|ΓûêΓûêΓûêΓûêΓûêΓûêΓûêΓûï  | 2300/3000 [19:31<04:59,  2.34it/s]
 77%|ΓûêΓûêΓûêΓûêΓûêΓûêΓûêΓûï  | 2301/3000 [19:31<04:58,  2.34it/s]
 77%|ΓûêΓûêΓûêΓûêΓûêΓûêΓûêΓûï  | 2302/3000 [19:32<05:48,  2.00it/s]
 77%|ΓûêΓûêΓûêΓûêΓûêΓûêΓûêΓûï  | 2303/3000 [19:33<06:18,  1.84it/s]
 77%|ΓûêΓûêΓûêΓûêΓûêΓûêΓûêΓûï  | 2304/3000 [19:33<05:52,  1.97it/s]
 77%|ΓûêΓûêΓûêΓûêΓûêΓûêΓûêΓûï  | 2305/3000 [19:33<05:31,  2.10it/s]
 77%|ΓûêΓûêΓûêΓûêΓûêΓûêΓûêΓûï  | 2306/3000 [19:34<06:01,  1.92it/s]
 77%|ΓûêΓûêΓûêΓûêΓûêΓûêΓûêΓûï  | 2307/3000 [19:35<06:20,  1.82it/s]
 77%|ΓûêΓûêΓûêΓûêΓûêΓûêΓûêΓûï  | 2308/3000 [19:35<05:42,  2.02it/s]
 77%|ΓûêΓûêΓûêΓûêΓûêΓûêΓûêΓûï  | 2309/3000 [19:35<05:14,  2.20it/s]
 77%|ΓûêΓûêΓûêΓûêΓûêΓûêΓûêΓûï  | 2310/3000 [19:36<06:35,  1.74it/s]
 77%|ΓûêΓûêΓûêΓûêΓûêΓûêΓûêΓûï  | 2311/3000 [19:37<06:29,  1.77it/s]
 77%|ΓûêΓûêΓûêΓûêΓûêΓûêΓûêΓûï  | 2312/3000 [19:37<05:36,  2.04it/s]
 77%|ΓûêΓûêΓûêΓûêΓûêΓûêΓûêΓûï  | 2313/3000 [19:37<05:10,  2.21it/s]
 77%|ΓûêΓûêΓûêΓûêΓûêΓûêΓûêΓûï  | 2314/3000 [19:38<05:20,  2.14it/s]
 77%|ΓûêΓûêΓûêΓûêΓûêΓûêΓûêΓûï  | 2315/3000 [19:38<05:31,  2.07it/s]
 77%|ΓûêΓûêΓûêΓûêΓûêΓûêΓûêΓûï  | 2316/3000 [19:39<05:18,  2.15it/s]
 77%|ΓûêΓûêΓûêΓûêΓûêΓûêΓûêΓûï  | 2317/3000 [19:39<05:31,  2.06it/s]
 77%|ΓûêΓûêΓûêΓûêΓûêΓûêΓûêΓûï  | 2318/3000 [19:40<05:44,  1.98it/s]
 77%|ΓûêΓûêΓûêΓûêΓûêΓûêΓûêΓûï  | 2319/3000 [19:41<06:01,  1.89it/s]
 77%|ΓûêΓûêΓûêΓûêΓûêΓûêΓûêΓûï  | 2320/3000 [19:41<06:26,  1.76it/s]
 77%|ΓûêΓûêΓûêΓûêΓûêΓûêΓûêΓûï  | 2321/3000 [19:42<06:13,  1.82it/s]
 77%|ΓûêΓûêΓûêΓûêΓûêΓûêΓûêΓûï  | 2322/3000 [19:42<06:40,  1.69it/s]
 77%|ΓûêΓûêΓûêΓûêΓûêΓûêΓûêΓûï  | 2323/3000 [19:43<05:55,  1.90it/s]
 77%|ΓûêΓûêΓûêΓûêΓûêΓûêΓûêΓûï  | 2324/3000 [19:43<06:10,  1.82it/s]
 78%|ΓûêΓûêΓûêΓûêΓûêΓûêΓûêΓûè  | 2325/3000 [19:44<06:02,  1.86it/s]
 78%|ΓûêΓûêΓûêΓûêΓûêΓûêΓûêΓûè  | 2326/3000 [19:44<05:15,  2.13it/s]
 78%|ΓûêΓûêΓûêΓûêΓûêΓûêΓûêΓûè  | 2327/3000 [19:44<04:46,  2.35it/s]
 78%|ΓûêΓûêΓûêΓûêΓûêΓûêΓûêΓûè  | 2328/3000 [19:45<05:00,  2.24it/s]
 78%|ΓûêΓûêΓûêΓûêΓûêΓûêΓûêΓûè  | 2329/3000 [19:45<04:58,  2.24it/s]
 78%|ΓûêΓûêΓûêΓûêΓûêΓûêΓûêΓûè  | 2330/3000 [19:46<04:55,  2.27it/s]
 78%|ΓûêΓûêΓûêΓûêΓûêΓûêΓûêΓûè  | 2331/3000 [19:46<05:11,  2.15it/s]
 78%|ΓûêΓûêΓûêΓûêΓûêΓûêΓûêΓûè  | 2332/3000 [19:47<05:49,  1.91it/s]
 78%|ΓûêΓûêΓûêΓûêΓûêΓûêΓûêΓûè  | 2333/3000 [19:48<06:06,  1.82it/s]
 78%|ΓûêΓûêΓûêΓûêΓûêΓûêΓûêΓûè  | 2334/3000 [19:48<06:05,  1.82it/s]
 78%|ΓûêΓûêΓûêΓûêΓûêΓûêΓûêΓûè  | 2335/3000 [19:49<05:39,  1.96it/s]
 78%|ΓûêΓûêΓûêΓûêΓûêΓûêΓûêΓûè  | 2336/3000 [19:49<05:00,  2.21it/s]
 78%|ΓûêΓûêΓûêΓûêΓûêΓûêΓûêΓûè  | 2337/3000 [19:49<04:49,  2.29it/s]
 78%|ΓûêΓûêΓûêΓûêΓûêΓûêΓûêΓûè  | 2338/3000 [19:50<04:46,  2.31it/s]
 78%|ΓûêΓûêΓûêΓûêΓûêΓûêΓûêΓûè  | 2339/3000 [19:50<04:32,  2.42it/s]
 78%|ΓûêΓûêΓûêΓûêΓûêΓûêΓûêΓûè  | 2340/3000 [19:51<04:47,  2.30it/s]
 78%|ΓûêΓûêΓûêΓûêΓûêΓûêΓûêΓûè  | 2341/3000 [19:51<04:34,  2.40it/s]
 78%|ΓûêΓûêΓûêΓûêΓûêΓûêΓûêΓûè  | 2342/3000 [19:51<04:27,  2.46it/s]
 78%|ΓûêΓûêΓûêΓûêΓûêΓûêΓûêΓûè  | 2343/3000 [19:52<04:18,  2.54it/s]
 78%|ΓûêΓûêΓûêΓûêΓûêΓûêΓûêΓûè  | 2344/3000 [19:52<04:55,  2.22it/s]
 78%|ΓûêΓûêΓûêΓûêΓûêΓûêΓûêΓûè  | 2345/3000 [19:53<05:24,  2.02it/s]
 78%|ΓûêΓûêΓûêΓûêΓûêΓûêΓûêΓûè  | 2346/3000 [19:54<05:42,  1.91it/s]
 78%|ΓûêΓûêΓûêΓûêΓûêΓûêΓûêΓûè  | 2347/3000 [19:54<05:09,  2.11it/s]
 78%|ΓûêΓûêΓûêΓûêΓûêΓûêΓûêΓûè  | 2348/3000 [19:54<04:38,  2.34it/s]
 78%|ΓûêΓûêΓûêΓûêΓûêΓûêΓûêΓûè  | 2349/3000 [19:55<04:43,  2.30it/s]
 78%|ΓûêΓûêΓûêΓûêΓûêΓûêΓûêΓûè  | 2350/3000 [19:55<05:01,  2.16it/s]
 78%|ΓûêΓûêΓûêΓûêΓûêΓûêΓûêΓûè  | 2351/3000 [19:56<04:40,  2.31it/s]
 78%|ΓûêΓûêΓûêΓûêΓûêΓûêΓûêΓûè  | 2352/3000 [19:56<04:57,  2.18it/s]
 78%|ΓûêΓûêΓûêΓûêΓûêΓûêΓûêΓûè  | 2353/3000 [19:56<04:29,  2.41it/s]
 78%|ΓûêΓûêΓûêΓûêΓûêΓûêΓûêΓûè  | 2354/3000 [19:57<05:10,  2.08it/s]
 78%|ΓûêΓûêΓûêΓûêΓûêΓûêΓûêΓûè  | 2355/3000 [19:58<05:41,  1.89it/s]
 79%|ΓûêΓûêΓûêΓûêΓûêΓûêΓûêΓûè  | 2356/3000 [19:58<05:55,  1.81it/s]
 79%|ΓûêΓûêΓûêΓûêΓûêΓûêΓûêΓûè  | 2357/3000 [19:59<06:23,  1.68it/s]
 79%|ΓûêΓûêΓûêΓûêΓûêΓûêΓûêΓûè  | 2358/3000 [20:00<06:19,  1.69it/s]
 79%|ΓûêΓûêΓûêΓûêΓûêΓûêΓûêΓûè  | 2359/3000 [20:00<06:05,  1.75it/s]
 79%|ΓûêΓûêΓûêΓûêΓûêΓûêΓûêΓûè  | 2360/3000 [20:01<06:19,  1.69it/s]
 79%|ΓûêΓûêΓûêΓûêΓûêΓûêΓûêΓûè  | 2361/3000 [20:01<05:35,  1.91it/s]
 79%|ΓûêΓûêΓûêΓûêΓûêΓûêΓûêΓûè  | 2362/3000 [20:02<05:46,  1.84it/s]
 79%|ΓûêΓûêΓûêΓûêΓûêΓûêΓûêΓûë  | 2363/3000 [20:02<05:27,  1.95it/s]
 79%|ΓûêΓûêΓûêΓûêΓûêΓûêΓûêΓûë  | 2364/3000 [20:02<04:57,  2.14it/s]
 79%|ΓûêΓûêΓûêΓûêΓûêΓûêΓûêΓûë  | 2365/3000 [20:03<04:36,  2.29it/s]
 79%|ΓûêΓûêΓûêΓûêΓûêΓûêΓûêΓûë  | 2366/3000 [20:03<04:22,  2.42it/s]
 79%|ΓûêΓûêΓûêΓûêΓûêΓûêΓûêΓûë  | 2367/3000 [20:04<04:53,  2.16it/s]
 79%|ΓûêΓûêΓûêΓûêΓûêΓûêΓûêΓûë  | 2368/3000 [20:04<05:11,  2.03it/s]
 79%|ΓûêΓûêΓûêΓûêΓûêΓûêΓûêΓûë  | 2369/3000 [20:05<05:04,  2.08it/s]
 79%|ΓûêΓûêΓûêΓûêΓûêΓûêΓûêΓûë  | 2370/3000 [20:05<05:40,  1.85it/s]
 79%|ΓûêΓûêΓûêΓûêΓûêΓûêΓûêΓûë  | 2371/3000 [20:06<05:07,  2.05it/s]
 79%|ΓûêΓûêΓûêΓûêΓûêΓûêΓûêΓûë  | 2372/3000 [20:06<04:44,  2.20it/s]
 79%|ΓûêΓûêΓûêΓûêΓûêΓûêΓûêΓûë  | 2373/3000 [20:07<04:52,  2.15it/s]
 79%|ΓûêΓûêΓûêΓûêΓûêΓûêΓûêΓûë  | 2374/3000 [20:07<04:43,  2.21it/s]
 79%|ΓûêΓûêΓûêΓûêΓûêΓûêΓûêΓûë  | 2375/3000 [20:08<05:20,  1.95it/s]
 79%|ΓûêΓûêΓûêΓûêΓûêΓûêΓûêΓûë  | 2376/3000 [20:08<05:09,  2.02it/s]
 79%|ΓûêΓûêΓûêΓûêΓûêΓûêΓûêΓûë  | 2377/3000 [20:09<04:33,  2.28it/s]
 79%|ΓûêΓûêΓûêΓûêΓûêΓûêΓûêΓûë  | 2378/3000 [20:09<05:14,  1.98it/s]
 79%|ΓûêΓûêΓûêΓûêΓûêΓûêΓûêΓûë  | 2379/3000 [20:10<04:49,  2.15it/s]
 79%|ΓûêΓûêΓûêΓûêΓûêΓûêΓûêΓûë  | 2380/3000 [20:10<04:58,  2.08it/s]
 79%|ΓûêΓûêΓûêΓûêΓûêΓûêΓûêΓûë  | 2381/3000 [20:11<05:33,  1.86it/s]
 79%|ΓûêΓûêΓûêΓûêΓûêΓûêΓûêΓûë  | 2382/3000 [20:11<05:01,  2.05it/s]
 79%|ΓûêΓûêΓûêΓûêΓûêΓûêΓûêΓûë  | 2383/3000 [20:12<05:10,  1.99it/s]
 79%|ΓûêΓûêΓûêΓûêΓûêΓûêΓûêΓûë  | 2384/3000 [20:12<04:51,  2.12it/s]
 80%|ΓûêΓûêΓûêΓûêΓûêΓûêΓûêΓûë  | 2385/3000 [20:12<04:31,  2.27it/s]
 80%|ΓûêΓûêΓûêΓûêΓûêΓûêΓûêΓûë  | 2386/3000 [20:13<04:49,  2.12it/s]
 80%|ΓûêΓûêΓûêΓûêΓûêΓûêΓûêΓûë  | 2387/3000 [20:13<04:29,  2.27it/s]
 80%|ΓûêΓûêΓûêΓûêΓûêΓûêΓûêΓûë  | 2388/3000 [20:14<04:14,  2.41it/s]
 80%|ΓûêΓûêΓûêΓûêΓûêΓûêΓûêΓûë  | 2389/3000 [20:14<04:39,  2.19it/s]
 80%|ΓûêΓûêΓûêΓûêΓûêΓûêΓûêΓûë  | 2390/3000 [20:15<04:44,  2.15it/s]
 80%|ΓûêΓûêΓûêΓûêΓûêΓûêΓûêΓûë  | 2391/3000 [20:15<04:34,  2.22it/s]
 80%|ΓûêΓûêΓûêΓûêΓûêΓûêΓûêΓûë  | 2392/3000 [20:16<04:59,  2.03it/s]
 80%|ΓûêΓûêΓûêΓûêΓûêΓûêΓûêΓûë  | 2393/3000 [20:16<05:08,  1.97it/s]
 80%|ΓûêΓûêΓûêΓûêΓûêΓûêΓûêΓûë  | 2394/3000 [20:17<05:11,  1.95it/s]
 80%|ΓûêΓûêΓûêΓûêΓûêΓûêΓûêΓûë  | 2395/3000 [20:17<04:45,  2.12it/s]
 80%|ΓûêΓûêΓûêΓûêΓûêΓûêΓûêΓûë  | 2396/3000 [20:17<04:16,  2.36it/s]
 80%|ΓûêΓûêΓûêΓûêΓûêΓûêΓûêΓûë  | 2397/3000 [20:18<04:09,  2.42it/s]
 80%|ΓûêΓûêΓûêΓûêΓûêΓûêΓûêΓûë  | 2398/3000 [20:19<04:50,  2.07it/s]
 80%|ΓûêΓûêΓûêΓûêΓûêΓûêΓûêΓûë  | 2399/3000 [20:19<04:37,  2.16it/s]
 80%|ΓûêΓûêΓûêΓûêΓûêΓûêΓûêΓûê  | 2400/3000 [20:19<04:23,  2.28it/s]
 80%|ΓûêΓûêΓûêΓûêΓûêΓûêΓûêΓûê  | 2401/3000 [20:20<04:10,  2.39it/s]
 80%|ΓûêΓûêΓûêΓûêΓûêΓûêΓûêΓûê  | 2402/3000 [20:20<04:01,  2.48it/s]
 80%|ΓûêΓûêΓûêΓûêΓûêΓûêΓûêΓûê  | 2403/3000 [20:20<03:45,  2.65it/s]
 80%|ΓûêΓûêΓûêΓûêΓûêΓûêΓûêΓûê  | 2404/3000 [20:21<04:32,  2.18it/s]
 80%|ΓûêΓûêΓûêΓûêΓûêΓûêΓûêΓûê  | 2405/3000 [20:21<04:20,  2.29it/s]
 80%|ΓûêΓûêΓûêΓûêΓûêΓûêΓûêΓûê  | 2406/3000 [20:22<03:58,  2.49it/s]
 80%|ΓûêΓûêΓûêΓûêΓûêΓûêΓûêΓûê  | 2407/3000 [20:22<04:48,  2.06it/s]
 80%|ΓûêΓûêΓûêΓûêΓûêΓûêΓûêΓûê  | 2408/3000 [20:23<04:26,  2.22it/s]
 80%|ΓûêΓûêΓûêΓûêΓûêΓûêΓûêΓûê  | 2409/3000 [20:23<04:24,  2.23it/s]
 80%|ΓûêΓûêΓûêΓûêΓûêΓûêΓûêΓûê  | 2410/3000 [20:24<04:17,  2.29it/s]
 80%|ΓûêΓûêΓûêΓûêΓûêΓûêΓûêΓûê  | 2411/3000 [20:24<04:04,  2.41it/s]
 80%|ΓûêΓûêΓûêΓûêΓûêΓûêΓûêΓûê  | 2412/3000 [20:25<04:45,  2.06it/s]
 80%|ΓûêΓûêΓûêΓûêΓûêΓûêΓûêΓûê  | 2413/3000 [20:25<05:10,  1.89it/s]
 80%|ΓûêΓûêΓûêΓûêΓûêΓûêΓûêΓûê  | 2414/3000 [20:26<04:42,  2.07it/s]
 80%|ΓûêΓûêΓûêΓûêΓûêΓûêΓûêΓûê  | 2415/3000 [20:26<04:28,  2.18it/s]
 81%|ΓûêΓûêΓûêΓûêΓûêΓûêΓûêΓûê  | 2416/3000 [20:27<04:40,  2.08it/s]
 81%|ΓûêΓûêΓûêΓûêΓûêΓûêΓûêΓûê  | 2417/3000 [20:27<04:44,  2.05it/s]
 81%|ΓûêΓûêΓûêΓûêΓûêΓûêΓûêΓûê  | 2418/3000 [20:28<04:53,  1.98it/s]
 81%|ΓûêΓûêΓûêΓûêΓûêΓûêΓûêΓûê  | 2419/3000 [20:28<05:38,  1.72it/s]
 81%|ΓûêΓûêΓûêΓûêΓûêΓûêΓûêΓûê  | 2420/3000 [20:29<05:29,  1.76it/s]
 81%|ΓûêΓûêΓûêΓûêΓûêΓûêΓûêΓûê  | 2421/3000 [20:29<05:04,  1.90it/s]
 81%|ΓûêΓûêΓûêΓûêΓûêΓûêΓûêΓûê  | 2422/3000 [20:30<04:37,  2.08it/s]
 81%|ΓûêΓûêΓûêΓûêΓûêΓûêΓûêΓûê  | 2423/3000 [20:30<04:08,  2.33it/s]
 81%|ΓûêΓûêΓûêΓûêΓûêΓûêΓûêΓûê  | 2424/3000 [20:31<04:26,  2.16it/s]
 81%|ΓûêΓûêΓûêΓûêΓûêΓûêΓûêΓûê  | 2425/3000 [20:31<05:09,  1.86it/s]
 81%|ΓûêΓûêΓûêΓûêΓûêΓûêΓûêΓûê  | 2427/3000 [20:32<03:42,  2.58it/s]
 81%|ΓûêΓûêΓûêΓûêΓûêΓûêΓûêΓûê  | 2428/3000 [20:32<03:39,  2.60it/s]
 81%|ΓûêΓûêΓûêΓûêΓûêΓûêΓûêΓûê  | 2429/3000 [20:33<04:19,  2.20it/s]
 81%|ΓûêΓûêΓûêΓûêΓûêΓûêΓûêΓûê  | 2430/3000 [20:33<04:11,  2.27it/s]
 81%|ΓûêΓûêΓûêΓûêΓûêΓûêΓûêΓûê  | 2431/3000 [20:34<05:09,  1.84it/s]
 81%|ΓûêΓûêΓûêΓûêΓûêΓûêΓûêΓûê  | 2432/3000 [20:34<04:46,  1.98it/s]
 81%|ΓûêΓûêΓûêΓûêΓûêΓûêΓûêΓûê  | 2433/3000 [20:35<04:57,  1.91it/s]
 81%|ΓûêΓûêΓûêΓûêΓûêΓûêΓûêΓûê  | 2434/3000 [20:35<05:00,  1.88it/s]
 81%|ΓûêΓûêΓûêΓûêΓûêΓûêΓûêΓûê  | 2435/3000 [20:36<05:37,  1.67it/s]
 81%|ΓûêΓûêΓûêΓûêΓûêΓûêΓûêΓûê  | 2436/3000 [20:37<05:06,  1.84it/s]
 81%|ΓûêΓûêΓûêΓûêΓûêΓûêΓûêΓûê  | 2437/3000 [20:37<05:14,  1.79it/s]
 81%|ΓûêΓûêΓûêΓûêΓûêΓûêΓûêΓûêΓûÅ | 2438/3000 [20:38<04:51,  1.93it/s]
 81%|ΓûêΓûêΓûêΓûêΓûêΓûêΓûêΓûêΓûÅ | 2439/3000 [20:38<05:13,  1.79it/s]
 81%|ΓûêΓûêΓûêΓûêΓûêΓûêΓûêΓûêΓûÅ | 2440/3000 [20:39<05:12,  1.79it/s]
 81%|ΓûêΓûêΓûêΓûêΓûêΓûêΓûêΓûêΓûÅ | 2441/3000 [20:39<05:09,  1.81it/s]
 81%|ΓûêΓûêΓûêΓûêΓûêΓûêΓûêΓûêΓûÅ | 2442/3000 [20:40<04:44,  1.96it/s]
 81%|ΓûêΓûêΓûêΓûêΓûêΓûêΓûêΓûêΓûÅ | 2443/3000 [20:40<04:19,  2.14it/s]
 81%|ΓûêΓûêΓûêΓûêΓûêΓûêΓûêΓûêΓûÅ | 2444/3000 [20:41<04:07,  2.25it/s]
 82%|ΓûêΓûêΓûêΓûêΓûêΓûêΓûêΓûêΓûÅ | 2445/3000 [20:41<04:55,  1.88it/s]
 82%|ΓûêΓûêΓûêΓûêΓûêΓûêΓûêΓûêΓûÅ | 2446/3000 [20:42<04:33,  2.02it/s]
 82%|ΓûêΓûêΓûêΓûêΓûêΓûêΓûêΓûêΓûÅ | 2447/3000 [20:42<04:04,  2.27it/s]
 82%|ΓûêΓûêΓûêΓûêΓûêΓûêΓûêΓûêΓûÅ | 2448/3000 [20:43<04:41,  1.96it/s]
 82%|ΓûêΓûêΓûêΓûêΓûêΓûêΓûêΓûêΓûÅ | 2449/3000 [20:43<04:19,  2.12it/s]
 82%|ΓûêΓûêΓûêΓûêΓûêΓûêΓûêΓûêΓûÅ | 2450/3000 [20:44<04:11,  2.19it/s]
 82%|ΓûêΓûêΓûêΓûêΓûêΓûêΓûêΓûêΓûÅ | 2451/3000 [20:44<04:05,  2.24it/s]
 82%|ΓûêΓûêΓûêΓûêΓûêΓûêΓûêΓûêΓûÅ | 2452/3000 [20:45<04:25,  2.07it/s]
 82%|ΓûêΓûêΓûêΓûêΓûêΓûêΓûêΓûêΓûÅ | 2453/3000 [20:45<04:12,  2.16it/s]
 82%|ΓûêΓûêΓûêΓûêΓûêΓûêΓûêΓûêΓûÅ | 2454/3000 [20:45<03:58,  2.29it/s]
 82%|ΓûêΓûêΓûêΓûêΓûêΓûêΓûêΓûêΓûÅ | 2455/3000 [20:46<03:45,  2.41it/s]
 82%|ΓûêΓûêΓûêΓûêΓûêΓûêΓûêΓûêΓûÅ | 2456/3000 [20:46<04:06,  2.20it/s]
 82%|ΓûêΓûêΓûêΓûêΓûêΓûêΓûêΓûêΓûÅ | 2457/3000 [20:47<04:21,  2.07it/s]
 82%|ΓûêΓûêΓûêΓûêΓûêΓûêΓûêΓûêΓûÅ | 2458/3000 [20:47<04:27,  2.03it/s]
 82%|ΓûêΓûêΓûêΓûêΓûêΓûêΓûêΓûêΓûÅ | 2459/3000 [20:48<04:29,  2.01it/s]
 82%|ΓûêΓûêΓûêΓûêΓûêΓûêΓûêΓûêΓûÅ | 2460/3000 [20:49<05:24,  1.66it/s]
 82%|ΓûêΓûêΓûêΓûêΓûêΓûêΓûêΓûêΓûÅ | 2461/3000 [20:49<05:04,  1.77it/s]
 82%|ΓûêΓûêΓûêΓûêΓûêΓûêΓûêΓûêΓûÅ | 2462/3000 [20:49<04:22,  2.05it/s]
 82%|ΓûêΓûêΓûêΓûêΓûêΓûêΓûêΓûêΓûÅ | 2463/3000 [20:50<03:54,  2.29it/s]
 82%|ΓûêΓûêΓûêΓûêΓûêΓûêΓûêΓûêΓûÅ | 2464/3000 [20:50<04:06,  2.17it/s]
 82%|ΓûêΓûêΓûêΓûêΓûêΓûêΓûêΓûêΓûÅ | 2465/3000 [20:51<04:35,  1.94it/s]
 82%|ΓûêΓûêΓûêΓûêΓûêΓûêΓûêΓûêΓûÅ | 2466/3000 [20:51<04:02,  2.20it/s]
 82%|ΓûêΓûêΓûêΓûêΓûêΓûêΓûêΓûêΓûÅ | 2467/3000 [20:52<03:54,  2.27it/s]
 82%|ΓûêΓûêΓûêΓûêΓûêΓûêΓûêΓûêΓûÅ | 2468/3000 [20:52<04:26,  2.00it/s]
 82%|ΓûêΓûêΓûêΓûêΓûêΓûêΓûêΓûêΓûÅ | 2469/3000 [20:53<05:27,  1.62it/s]
 82%|ΓûêΓûêΓûêΓûêΓûêΓûêΓûêΓûêΓûÅ | 2470/3000 [20:54<05:18,  1.66it/s]
 82%|ΓûêΓûêΓûêΓûêΓûêΓûêΓûêΓûêΓûÅ | 2471/3000 [20:54<04:40,  1.89it/s]
 82%|ΓûêΓûêΓûêΓûêΓûêΓûêΓûêΓûêΓûÅ | 2472/3000 [20:54<04:14,  2.07it/s]
 82%|ΓûêΓûêΓûêΓûêΓûêΓûêΓûêΓûêΓûÅ | 2473/3000 [20:55<04:43,  1.86it/s]
 82%|ΓûêΓûêΓûêΓûêΓûêΓûêΓûêΓûêΓûÅ | 2474/3000 [20:55<04:07,  2.13it/s]
 83%|ΓûêΓûêΓûêΓûêΓûêΓûêΓûêΓûêΓûÄ | 2476/3000 [20:56<02:57,  2.96it/s]
 83%|ΓûêΓûêΓûêΓûêΓûêΓûêΓûêΓûêΓûÄ | 2477/3000 [20:56<03:19,  2.62it/s]
 83%|ΓûêΓûêΓûêΓûêΓûêΓûêΓûêΓûêΓûÄ | 2478/3000 [20:57<03:44,  2.32it/s]
 83%|ΓûêΓûêΓûêΓûêΓûêΓûêΓûêΓûêΓûÄ | 2479/3000 [20:58<04:10,  2.08it/s]
 83%|ΓûêΓûêΓûêΓûêΓûêΓûêΓûêΓûêΓûÄ | 2480/3000 [20:58<04:15,  2.04it/s]
 83%|ΓûêΓûêΓûêΓûêΓûêΓûêΓûêΓûêΓûÄ | 2481/3000 [20:58<04:09,  2.08it/s]
 83%|ΓûêΓûêΓûêΓûêΓûêΓûêΓûêΓûêΓûÄ | 2482/3000 [20:59<03:53,  2.22it/s]
 83%|ΓûêΓûêΓûêΓûêΓûêΓûêΓûêΓûêΓûÄ | 2483/3000 [20:59<03:50,  2.24it/s]
 83%|ΓûêΓûêΓûêΓûêΓûêΓûêΓûêΓûêΓûÄ | 2484/3000 [21:00<04:24,  1.95it/s]
 83%|ΓûêΓûêΓûêΓûêΓûêΓûêΓûêΓûêΓûÄ | 2485/3000 [21:01<05:17,  1.62it/s]
 83%|ΓûêΓûêΓûêΓûêΓûêΓûêΓûêΓûêΓûÄ | 2486/3000 [21:01<05:09,  1.66it/s]
 83%|ΓûêΓûêΓûêΓûêΓûêΓûêΓûêΓûêΓûÄ | 2487/3000 [21:02<04:56,  1.73it/s]
 83%|ΓûêΓûêΓûêΓûêΓûêΓûêΓûêΓûêΓûÄ | 2488/3000 [21:02<04:33,  1.87it/s]
 83%|ΓûêΓûêΓûêΓûêΓûêΓûêΓûêΓûêΓûÄ | 2489/3000 [21:03<04:22,  1.95it/s]
 83%|ΓûêΓûêΓûêΓûêΓûêΓûêΓûêΓûêΓûÄ | 2490/3000 [21:03<03:52,  2.19it/s]
 83%|ΓûêΓûêΓûêΓûêΓûêΓûêΓûêΓûêΓûÄ | 2491/3000 [21:04<04:07,  2.05it/s]
 83%|ΓûêΓûêΓûêΓûêΓûêΓûêΓûêΓûêΓûÄ | 2492/3000 [21:04<04:16,  1.98it/s]
 83%|ΓûêΓûêΓûêΓûêΓûêΓûêΓûêΓûêΓûÄ | 2493/3000 [21:05<04:38,  1.82it/s]
 83%|ΓûêΓûêΓûêΓûêΓûêΓûêΓûêΓûêΓûÄ | 2494/3000 [21:05<04:13,  2.00it/s]
 83%|ΓûêΓûêΓûêΓûêΓûêΓûêΓûêΓûêΓûÄ | 2495/3000 [21:06<03:57,  2.12it/s]
 83%|ΓûêΓûêΓûêΓûêΓûêΓûêΓûêΓûêΓûÄ | 2496/3000 [21:06<04:16,  1.97it/s]
 83%|ΓûêΓûêΓûêΓûêΓûêΓûêΓûêΓûêΓûÄ | 2497/3000 [21:07<05:00,  1.68it/s]
 83%|ΓûêΓûêΓûêΓûêΓûêΓûêΓûêΓûêΓûÄ | 2498/3000 [21:08<04:54,  1.71it/s]
 83%|ΓûêΓûêΓûêΓûêΓûêΓûêΓûêΓûêΓûÄ | 2499/3000 [21:08<04:27,  1.87it/s]
 83%|ΓûêΓûêΓûêΓûêΓûêΓûêΓûêΓûêΓûÄ | 2500/3000 [21:08<04:07,  2.02it/s]
 83%|ΓûêΓûêΓûêΓûêΓûêΓûêΓûêΓûêΓûÄ | 2501/3000 [21:09<03:48,  2.19it/s]
 83%|ΓûêΓûêΓûêΓûêΓûêΓûêΓûêΓûêΓûÄ | 2502/3000 [21:09<03:43,  2.23it/s]
 83%|ΓûêΓûêΓûêΓûêΓûêΓûêΓûêΓûêΓûÄ | 2503/3000 [21:10<03:32,  2.34it/s]
 83%|ΓûêΓûêΓûêΓûêΓûêΓûêΓûêΓûêΓûÄ | 2504/3000 [21:10<04:10,  1.98it/s]
 84%|ΓûêΓûêΓûêΓûêΓûêΓûêΓûêΓûêΓûÄ | 2505/3000 [21:11<03:49,  2.16it/s]
 84%|ΓûêΓûêΓûêΓûêΓûêΓûêΓûêΓûêΓûÄ | 2506/3000 [21:11<03:47,  2.17it/s]
 84%|ΓûêΓûêΓûêΓûêΓûêΓûêΓûêΓûêΓûÄ | 2507/3000 [21:12<03:38,  2.25it/s]
 84%|ΓûêΓûêΓûêΓûêΓûêΓûêΓûêΓûêΓûÄ | 2508/3000 [21:12<04:37,  1.77it/s]
 84%|ΓûêΓûêΓûêΓûêΓûêΓûêΓûêΓûêΓûÄ | 2509/3000 [21:13<04:33,  1.80it/s]
 84%|ΓûêΓûêΓûêΓûêΓûêΓûêΓûêΓûêΓûÄ | 2510/3000 [21:14<04:48,  1.70it/s]
 84%|ΓûêΓûêΓûêΓûêΓûêΓûêΓûêΓûêΓûÄ | 2511/3000 [21:14<05:11,  1.57it/s]
 84%|ΓûêΓûêΓûêΓûêΓûêΓûêΓûêΓûêΓûÄ | 2512/3000 [21:15<05:34,  1.46it/s]
 84%|ΓûêΓûêΓûêΓûêΓûêΓûêΓûêΓûêΓûì | 2513/3000 [21:16<04:57,  1.64it/s]
 84%|ΓûêΓûêΓûêΓûêΓûêΓûêΓûêΓûêΓûì | 2514/3000 [21:16<05:17,  1.53it/s]
 84%|ΓûêΓûêΓûêΓûêΓûêΓûêΓûêΓûêΓûì | 2515/3000 [21:17<04:53,  1.65it/s]
 84%|ΓûêΓûêΓûêΓûêΓûêΓûêΓûêΓûêΓûì | 2516/3000 [21:17<04:32,  1.77it/s]
 84%|ΓûêΓûêΓûêΓûêΓûêΓûêΓûêΓûêΓûì | 2517/3000 [21:18<05:00,  1.61it/s]
 84%|ΓûêΓûêΓûêΓûêΓûêΓûêΓûêΓûêΓûì | 2518/3000 [21:19<04:38,  1.73it/s]
 84%|ΓûêΓûêΓûêΓûêΓûêΓûêΓûêΓûêΓûì | 2519/3000 [21:19<04:17,  1.87it/s]
 84%|ΓûêΓûêΓûêΓûêΓûêΓûêΓûêΓûêΓûì | 2520/3000 [21:20<04:38,  1.72it/s]
 84%|ΓûêΓûêΓûêΓûêΓûêΓûêΓûêΓûêΓûì | 2521/3000 [21:20<03:59,  2.00it/s]
 84%|ΓûêΓûêΓûêΓûêΓûêΓûêΓûêΓûêΓûì | 2522/3000 [21:20<03:41,  2.16it/s]
 84%|ΓûêΓûêΓûêΓûêΓûêΓûêΓûêΓûêΓûì | 2523/3000 [21:21<04:17,  1.85it/s]
 84%|ΓûêΓûêΓûêΓûêΓûêΓûêΓûêΓûêΓûì | 2524/3000 [21:22<04:11,  1.89it/s]
 84%|ΓûêΓûêΓûêΓûêΓûêΓûêΓûêΓûêΓûì | 2525/3000 [21:22<04:36,  1.72it/s]
 84%|ΓûêΓûêΓûêΓûêΓûêΓûêΓûêΓûêΓûì | 2526/3000 [21:23<04:38,  1.70it/s]
 84%|ΓûêΓûêΓûêΓûêΓûêΓûêΓûêΓûêΓûì | 2527/3000 [21:24<04:49,  1.64it/s]
 84%|ΓûêΓûêΓûêΓûêΓûêΓûêΓûêΓûêΓûì | 2528/3000 [21:24<04:35,  1.71it/s]
 84%|ΓûêΓûêΓûêΓûêΓûêΓûêΓûêΓûêΓûì | 2529/3000 [21:25<04:40,  1.68it/s]
 84%|ΓûêΓûêΓûêΓûêΓûêΓûêΓûêΓûêΓûì | 2530/3000 [21:25<04:26,  1.77it/s]
 84%|ΓûêΓûêΓûêΓûêΓûêΓûêΓûêΓûêΓûì | 2531/3000 [21:26<04:03,  1.93it/s]
 84%|ΓûêΓûêΓûêΓûêΓûêΓûêΓûêΓûêΓûì | 2532/3000 [21:26<04:38,  1.68it/s]
 84%|ΓûêΓûêΓûêΓûêΓûêΓûêΓûêΓûêΓûì | 2533/3000 [21:27<04:42,  1.65it/s]
 84%|ΓûêΓûêΓûêΓûêΓûêΓûêΓûêΓûêΓûì | 2534/3000 [21:27<04:15,  1.82it/s]
 84%|ΓûêΓûêΓûêΓûêΓûêΓûêΓûêΓûêΓûì | 2535/3000 [21:28<04:30,  1.72it/s]
 85%|ΓûêΓûêΓûêΓûêΓûêΓûêΓûêΓûêΓûì | 2536/3000 [21:28<04:03,  1.91it/s]
 85%|ΓûêΓûêΓûêΓûêΓûêΓûêΓûêΓûêΓûì | 2537/3000 [21:29<04:05,  1.89it/s]
 85%|ΓûêΓûêΓûêΓûêΓûêΓûêΓûêΓûêΓûì | 2538/3000 [21:29<04:00,  1.92it/s]
 85%|ΓûêΓûêΓûêΓûêΓûêΓûêΓûêΓûêΓûì | 2539/3000 [21:30<03:46,  2.03it/s]
 85%|ΓûêΓûêΓûêΓûêΓûêΓûêΓûêΓûêΓûì | 2540/3000 [21:30<03:39,  2.10it/s]
 85%|ΓûêΓûêΓûêΓûêΓûêΓûêΓûêΓûêΓûì | 2541/3000 [21:31<03:44,  2.05it/s]
 85%|ΓûêΓûêΓûêΓûêΓûêΓûêΓûêΓûêΓûì | 2542/3000 [21:31<03:59,  1.91it/s]
 85%|ΓûêΓûêΓûêΓûêΓûêΓûêΓûêΓûêΓûì | 2543/3000 [21:32<03:49,  1.99it/s]
 85%|ΓûêΓûêΓûêΓûêΓûêΓûêΓûêΓûêΓûì | 2544/3000 [21:32<03:47,  2.01it/s]
 85%|ΓûêΓûêΓûêΓûêΓûêΓûêΓûêΓûêΓûì | 2545/3000 [21:33<03:56,  1.93it/s]
 85%|ΓûêΓûêΓûêΓûêΓûêΓûêΓûêΓûêΓûì | 2546/3000 [21:33<03:55,  1.93it/s]
 85%|ΓûêΓûêΓûêΓûêΓûêΓûêΓûêΓûêΓûì | 2547/3000 [21:34<03:27,  2.18it/s]
 85%|ΓûêΓûêΓûêΓûêΓûêΓûêΓûêΓûêΓûì | 2548/3000 [21:34<03:22,  2.23it/s]
 85%|ΓûêΓûêΓûêΓûêΓûêΓûêΓûêΓûêΓûì | 2549/3000 [21:35<03:13,  2.33it/s]
 85%|ΓûêΓûêΓûêΓûêΓûêΓûêΓûêΓûêΓûî | 2550/3000 [21:35<03:05,  2.43it/s]
 85%|ΓûêΓûêΓûêΓûêΓûêΓûêΓûêΓûêΓûî | 2551/3000 [21:36<03:23,  2.21it/s]
 85%|ΓûêΓûêΓûêΓûêΓûêΓûêΓûêΓûêΓûî | 2552/3000 [21:36<03:32,  2.11it/s]
 85%|ΓûêΓûêΓûêΓûêΓûêΓûêΓûêΓûêΓûî | 2553/3000 [21:37<03:27,  2.16it/s]
 85%|ΓûêΓûêΓûêΓûêΓûêΓûêΓûêΓûêΓûî | 2554/3000 [21:37<03:14,  2.30it/s]
 85%|ΓûêΓûêΓûêΓûêΓûêΓûêΓûêΓûêΓûî | 2555/3000 [21:38<03:50,  1.93it/s]
 85%|ΓûêΓûêΓûêΓûêΓûêΓûêΓûêΓûêΓûî | 2556/3000 [21:38<04:19,  1.71it/s]
 85%|ΓûêΓûêΓûêΓûêΓûêΓûêΓûêΓûêΓûî | 2557/3000 [21:39<04:00,  1.84it/s]
 85%|ΓûêΓûêΓûêΓûêΓûêΓûêΓûêΓûêΓûî | 2558/3000 [21:39<03:37,  2.03it/s]
 85%|ΓûêΓûêΓûêΓûêΓûêΓûêΓûêΓûêΓûî | 2559/3000 [21:40<03:52,  1.90it/s]
 85%|ΓûêΓûêΓûêΓûêΓûêΓûêΓûêΓûêΓûî | 2560/3000 [21:40<03:53,  1.89it/s]
 85%|ΓûêΓûêΓûêΓûêΓûêΓûêΓûêΓûêΓûî | 2561/3000 [21:41<04:07,  1.78it/s]
 85%|ΓûêΓûêΓûêΓûêΓûêΓûêΓûêΓûêΓûî | 2562/3000 [21:41<03:49,  1.90it/s]
 85%|ΓûêΓûêΓûêΓûêΓûêΓûêΓûêΓûêΓûî | 2563/3000 [21:42<03:45,  1.94it/s]
 85%|ΓûêΓûêΓûêΓûêΓûêΓûêΓûêΓûêΓûî | 2564/3000 [21:42<03:54,  1.86it/s]
 86%|ΓûêΓûêΓûêΓûêΓûêΓûêΓûêΓûêΓûî | 2565/3000 [21:43<03:40,  1.98it/s]
 86%|ΓûêΓûêΓûêΓûêΓûêΓûêΓûêΓûêΓûî | 2566/3000 [21:43<03:17,  2.20it/s]
 86%|ΓûêΓûêΓûêΓûêΓûêΓûêΓûêΓûêΓûî | 2567/3000 [21:44<03:27,  2.08it/s]
 86%|ΓûêΓûêΓûêΓûêΓûêΓûêΓûêΓûêΓûî | 2568/3000 [21:44<03:23,  2.12it/s]
 86%|ΓûêΓûêΓûêΓûêΓûêΓûêΓûêΓûêΓûî | 2569/3000 [21:45<03:17,  2.18it/s]
 86%|ΓûêΓûêΓûêΓûêΓûêΓûêΓûêΓûêΓûî | 2570/3000 [21:45<03:14,  2.21it/s]
 86%|ΓûêΓûêΓûêΓûêΓûêΓûêΓûêΓûêΓûî | 2572/3000 [21:46<02:38,  2.71it/s]
 86%|ΓûêΓûêΓûêΓûêΓûêΓûêΓûêΓûêΓûî | 2573/3000 [21:46<03:15,  2.18it/s]
 86%|ΓûêΓûêΓûêΓûêΓûêΓûêΓûêΓûêΓûî | 2574/3000 [21:47<03:14,  2.20it/s]
 86%|ΓûêΓûêΓûêΓûêΓûêΓûêΓûêΓûêΓûî | 2575/3000 [21:47<03:13,  2.20it/s]
 86%|ΓûêΓûêΓûêΓûêΓûêΓûêΓûêΓûêΓûî | 2576/3000 [21:48<03:33,  1.99it/s]
 86%|ΓûêΓûêΓûêΓûêΓûêΓûêΓûêΓûêΓûî | 2577/3000 [21:49<03:54,  1.80it/s]
 86%|ΓûêΓûêΓûêΓûêΓûêΓûêΓûêΓûêΓûî | 2578/3000 [21:49<03:50,  1.83it/s]
 86%|ΓûêΓûêΓûêΓûêΓûêΓûêΓûêΓûêΓûî | 2579/3000 [21:49<03:27,  2.03it/s]
 86%|ΓûêΓûêΓûêΓûêΓûêΓûêΓûêΓûêΓûî | 2580/3000 [21:50<04:07,  1.70it/s]
 86%|ΓûêΓûêΓûêΓûêΓûêΓûêΓûêΓûêΓûî | 2581/3000 [21:51<04:41,  1.49it/s]
 86%|ΓûêΓûêΓûêΓûêΓûêΓûêΓûêΓûêΓûî | 2582/3000 [21:52<04:21,  1.60it/s]
 86%|ΓûêΓûêΓûêΓûêΓûêΓûêΓûêΓûêΓûî | 2583/3000 [21:52<04:28,  1.55it/s]
 86%|ΓûêΓûêΓûêΓûêΓûêΓûêΓûêΓûêΓûî | 2584/3000 [21:53<04:00,  1.73it/s]
 86%|ΓûêΓûêΓûêΓûêΓûêΓûêΓûêΓûêΓûî | 2585/3000 [21:53<04:02,  1.71it/s]
 86%|ΓûêΓûêΓûêΓûêΓûêΓûêΓûêΓûêΓûî | 2586/3000 [21:54<03:35,  1.92it/s]
 86%|ΓûêΓûêΓûêΓûêΓûêΓûêΓûêΓûêΓûî | 2587/3000 [21:54<03:52,  1.77it/s]
 86%|ΓûêΓûêΓûêΓûêΓûêΓûêΓûêΓûêΓûï | 2588/3000 [21:55<03:43,  1.84it/s]
 86%|ΓûêΓûêΓûêΓûêΓûêΓûêΓûêΓûêΓûï | 2589/3000 [21:55<03:28,  1.97it/s]
 86%|ΓûêΓûêΓûêΓûêΓûêΓûêΓûêΓûêΓûï | 2590/3000 [21:56<03:11,  2.14it/s]
 86%|ΓûêΓûêΓûêΓûêΓûêΓûêΓûêΓûêΓûï | 2591/3000 [21:56<03:20,  2.04it/s]
 86%|ΓûêΓûêΓûêΓûêΓûêΓûêΓûêΓûêΓûï | 2592/3000 [21:57<03:25,  1.98it/s]
 86%|ΓûêΓûêΓûêΓûêΓûêΓûêΓûêΓûêΓûï | 2593/3000 [21:58<03:52,  1.75it/s]
 86%|ΓûêΓûêΓûêΓûêΓûêΓûêΓûêΓûêΓûï | 2594/3000 [21:58<03:22,  2.01it/s]
 86%|ΓûêΓûêΓûêΓûêΓûêΓûêΓûêΓûêΓûï | 2595/3000 [21:58<03:13,  2.09it/s]
 87%|ΓûêΓûêΓûêΓûêΓûêΓûêΓûêΓûêΓûï | 2596/3000 [21:59<03:17,  2.05it/s]
 87%|ΓûêΓûêΓûêΓûêΓûêΓûêΓûêΓûêΓûï | 2597/3000 [21:59<03:44,  1.80it/s]
 87%|ΓûêΓûêΓûêΓûêΓûêΓûêΓûêΓûêΓûï | 2598/3000 [22:00<03:23,  1.98it/s]
 87%|ΓûêΓûêΓûêΓûêΓûêΓûêΓûêΓûêΓûï | 2599/3000 [22:00<03:06,  2.15it/s]
 87%|ΓûêΓûêΓûêΓûêΓûêΓûêΓûêΓûêΓûï | 2600/3000 [22:01<02:55,  2.28it/s]
 87%|ΓûêΓûêΓûêΓûêΓûêΓûêΓûêΓûêΓûï | 2601/3000 [22:01<02:48,  2.37it/s]
 87%|ΓûêΓûêΓûêΓûêΓûêΓûêΓûêΓûêΓûï | 2602/3000 [22:01<02:46,  2.39it/s]
 87%|ΓûêΓûêΓûêΓûêΓûêΓûêΓûêΓûêΓûï | 2603/3000 [22:02<02:47,  2.37it/s]
 87%|ΓûêΓûêΓûêΓûêΓûêΓûêΓûêΓûêΓûï | 2604/3000 [22:02<02:46,  2.37it/s]
 87%|ΓûêΓûêΓûêΓûêΓûêΓûêΓûêΓûêΓûï | 2605/3000 [22:03<02:33,  2.57it/s]
 87%|ΓûêΓûêΓûêΓûêΓûêΓûêΓûêΓûêΓûï | 2606/3000 [22:03<02:32,  2.58it/s]
 87%|ΓûêΓûêΓûêΓûêΓûêΓûêΓûêΓûêΓûï | 2607/3000 [22:03<02:48,  2.34it/s]
 87%|ΓûêΓûêΓûêΓûêΓûêΓûêΓûêΓûêΓûï | 2608/3000 [22:04<03:20,  1.96it/s]
 87%|ΓûêΓûêΓûêΓûêΓûêΓûêΓûêΓûêΓûï | 2609/3000 [22:05<03:34,  1.83it/s]
 87%|ΓûêΓûêΓûêΓûêΓûêΓûêΓûêΓûêΓûï | 2610/3000 [22:05<03:12,  2.03it/s]
 87%|ΓûêΓûêΓûêΓûêΓûêΓûêΓûêΓûêΓûï | 2611/3000 [22:06<03:18,  1.96it/s]
 87%|ΓûêΓûêΓûêΓûêΓûêΓûêΓûêΓûêΓûï | 2612/3000 [22:06<03:03,  2.12it/s]
 87%|ΓûêΓûêΓûêΓûêΓûêΓûêΓûêΓûêΓûï | 2613/3000 [22:07<02:58,  2.17it/s]
 87%|ΓûêΓûêΓûêΓûêΓûêΓûêΓûêΓûêΓûï | 2614/3000 [22:07<03:19,  1.93it/s]
 87%|ΓûêΓûêΓûêΓûêΓûêΓûêΓûêΓûêΓûï | 2615/3000 [22:08<04:16,  1.50it/s]
 87%|ΓûêΓûêΓûêΓûêΓûêΓûêΓûêΓûêΓûï | 2616/3000 [22:09<04:06,  1.56it/s]
 87%|ΓûêΓûêΓûêΓûêΓûêΓûêΓûêΓûêΓûï | 2617/3000 [22:09<03:34,  1.78it/s]
 87%|ΓûêΓûêΓûêΓûêΓûêΓûêΓûêΓûêΓûï | 2618/3000 [22:10<03:17,  1.94it/s]
 87%|ΓûêΓûêΓûêΓûêΓûêΓûêΓûêΓûêΓûï | 2619/3000 [22:10<03:12,  1.97it/s]
 87%|ΓûêΓûêΓûêΓûêΓûêΓûêΓûêΓûêΓûï | 2620/3000 [22:10<02:56,  2.15it/s]
 87%|ΓûêΓûêΓûêΓûêΓûêΓûêΓûêΓûêΓûï | 2621/3000 [22:11<03:21,  1.88it/s]
 87%|ΓûêΓûêΓûêΓûêΓûêΓûêΓûêΓûêΓûï | 2622/3000 [22:12<03:07,  2.02it/s]
 87%|ΓûêΓûêΓûêΓûêΓûêΓûêΓûêΓûêΓûï | 2623/3000 [22:12<02:53,  2.18it/s]
 87%|ΓûêΓûêΓûêΓûêΓûêΓûêΓûêΓûêΓûï | 2624/3000 [22:12<02:45,  2.27it/s]
 88%|ΓûêΓûêΓûêΓûêΓûêΓûêΓûêΓûêΓûè | 2625/3000 [22:13<03:17,  1.90it/s]
 88%|ΓûêΓûêΓûêΓûêΓûêΓûêΓûêΓûêΓûè | 2626/3000 [22:14<03:23,  1.84it/s]
 88%|ΓûêΓûêΓûêΓûêΓûêΓûêΓûêΓûêΓûè | 2627/3000 [22:14<03:07,  1.99it/s]
 88%|ΓûêΓûêΓûêΓûêΓûêΓûêΓûêΓûêΓûè | 2628/3000 [22:14<02:52,  2.15it/s]
 88%|ΓûêΓûêΓûêΓûêΓûêΓûêΓûêΓûêΓûè | 2629/3000 [22:15<03:02,  2.03it/s]
 88%|ΓûêΓûêΓûêΓûêΓûêΓûêΓûêΓûêΓûè | 2630/3000 [22:15<02:41,  2.28it/s]
 88%|ΓûêΓûêΓûêΓûêΓûêΓûêΓûêΓûêΓûè | 2631/3000 [22:16<02:57,  2.08it/s]
 88%|ΓûêΓûêΓûêΓûêΓûêΓûêΓûêΓûêΓûè | 2632/3000 [22:17<03:25,  1.79it/s]
 88%|ΓûêΓûêΓûêΓûêΓûêΓûêΓûêΓûêΓûè | 2633/3000 [22:17<03:03,  2.00it/s]
 88%|ΓûêΓûêΓûêΓûêΓûêΓûêΓûêΓûêΓûè | 2634/3000 [22:18<03:08,  1.94it/s]
 88%|ΓûêΓûêΓûêΓûêΓûêΓûêΓûêΓûêΓûè | 2635/3000 [22:18<02:56,  2.07it/s]
 88%|ΓûêΓûêΓûêΓûêΓûêΓûêΓûêΓûêΓûè | 2636/3000 [22:18<02:43,  2.23it/s]
 88%|ΓûêΓûêΓûêΓûêΓûêΓûêΓûêΓûêΓûè | 2637/3000 [22:19<02:50,  2.13it/s]
 88%|ΓûêΓûêΓûêΓûêΓûêΓûêΓûêΓûêΓûè | 2638/3000 [22:19<02:49,  2.14it/s]
 88%|ΓûêΓûêΓûêΓûêΓûêΓûêΓûêΓûêΓûè | 2639/3000 [22:20<03:05,  1.95it/s]
 88%|ΓûêΓûêΓûêΓûêΓûêΓûêΓûêΓûêΓûè | 2640/3000 [22:20<02:51,  2.10it/s]
 88%|ΓûêΓûêΓûêΓûêΓûêΓûêΓûêΓûêΓûè | 2641/3000 [22:21<02:41,  2.22it/s]
 88%|ΓûêΓûêΓûêΓûêΓûêΓûêΓûêΓûêΓûè | 2642/3000 [22:21<02:31,  2.36it/s]
 88%|ΓûêΓûêΓûêΓûêΓûêΓûêΓûêΓûêΓûè | 2643/3000 [22:21<02:27,  2.42it/s]
 88%|ΓûêΓûêΓûêΓûêΓûêΓûêΓûêΓûêΓûè | 2644/3000 [22:22<02:23,  2.47it/s]
 88%|ΓûêΓûêΓûêΓûêΓûêΓûêΓûêΓûêΓûè | 2645/3000 [22:22<02:36,  2.27it/s]
 88%|ΓûêΓûêΓûêΓûêΓûêΓûêΓûêΓûêΓûè | 2646/3000 [22:23<02:33,  2.30it/s]
 88%|ΓûêΓûêΓûêΓûêΓûêΓûêΓûêΓûêΓûè | 2647/3000 [22:23<02:41,  2.18it/s]
 88%|ΓûêΓûêΓûêΓûêΓûêΓûêΓûêΓûêΓûè | 2648/3000 [22:24<02:43,  2.16it/s]
 88%|ΓûêΓûêΓûêΓûêΓûêΓûêΓûêΓûêΓûè | 2649/3000 [22:24<02:53,  2.03it/s]
 88%|ΓûêΓûêΓûêΓûêΓûêΓûêΓûêΓûêΓûè | 2650/3000 [22:25<02:49,  2.06it/s]
 88%|ΓûêΓûêΓûêΓûêΓûêΓûêΓûêΓûêΓûè | 2651/3000 [22:25<02:38,  2.20it/s]
 88%|ΓûêΓûêΓûêΓûêΓûêΓûêΓûêΓûêΓûè | 2652/3000 [22:26<02:35,  2.23it/s]
 88%|ΓûêΓûêΓûêΓûêΓûêΓûêΓûêΓûêΓûè | 2653/3000 [22:26<02:30,  2.30it/s]
 88%|ΓûêΓûêΓûêΓûêΓûêΓûêΓûêΓûêΓûè | 2654/3000 [22:26<02:23,  2.41it/s]
 88%|ΓûêΓûêΓûêΓûêΓûêΓûêΓûêΓûêΓûè | 2655/3000 [22:27<02:19,  2.47it/s]
 89%|ΓûêΓûêΓûêΓûêΓûêΓûêΓûêΓûêΓûè | 2656/3000 [22:27<02:26,  2.35it/s]
 89%|ΓûêΓûêΓûêΓûêΓûêΓûêΓûêΓûêΓûè | 2657/3000 [22:28<02:54,  1.96it/s]
 89%|ΓûêΓûêΓûêΓûêΓûêΓûêΓûêΓûêΓûè | 2658/3000 [22:29<03:08,  1.82it/s]
 89%|ΓûêΓûêΓûêΓûêΓûêΓûêΓûêΓûêΓûè | 2659/3000 [22:29<03:28,  1.63it/s]
 89%|ΓûêΓûêΓûêΓûêΓûêΓûêΓûêΓûêΓûè | 2660/3000 [22:30<03:04,  1.85it/s]
 89%|ΓûêΓûêΓûêΓûêΓûêΓûêΓûêΓûêΓûè | 2661/3000 [22:30<02:45,  2.05it/s]
 89%|ΓûêΓûêΓûêΓûêΓûêΓûêΓûêΓûêΓûè | 2662/3000 [22:31<03:06,  1.82it/s]
 89%|ΓûêΓûêΓûêΓûêΓûêΓûêΓûêΓûêΓûë | 2663/3000 [22:31<02:53,  1.94it/s]
 89%|ΓûêΓûêΓûêΓûêΓûêΓûêΓûêΓûêΓûë | 2664/3000 [22:32<02:53,  1.93it/s]
 89%|ΓûêΓûêΓûêΓûêΓûêΓûêΓûêΓûêΓûë | 2665/3000 [22:32<03:08,  1.78it/s]
 89%|ΓûêΓûêΓûêΓûêΓûêΓûêΓûêΓûêΓûë | 2666/3000 [22:33<03:22,  1.65it/s]
 89%|ΓûêΓûêΓûêΓûêΓûêΓûêΓûêΓûêΓûë | 2667/3000 [22:34<03:20,  1.66it/s]
 89%|ΓûêΓûêΓûêΓûêΓûêΓûêΓûêΓûêΓûë | 2668/3000 [22:34<03:02,  1.82it/s]
 89%|ΓûêΓûêΓûêΓûêΓûêΓûêΓûêΓûêΓûë | 2669/3000 [22:34<02:45,  1.99it/s]
 89%|ΓûêΓûêΓûêΓûêΓûêΓûêΓûêΓûêΓûë | 2670/3000 [22:35<02:32,  2.16it/s]
 89%|ΓûêΓûêΓûêΓûêΓûêΓûêΓûêΓûêΓûë | 2671/3000 [22:35<02:28,  2.22it/s]
 89%|ΓûêΓûêΓûêΓûêΓûêΓûêΓûêΓûêΓûë | 2672/3000 [22:36<02:46,  1.97it/s]
 89%|ΓûêΓûêΓûêΓûêΓûêΓûêΓûêΓûêΓûë | 2673/3000 [22:37<03:08,  1.74it/s]
 89%|ΓûêΓûêΓûêΓûêΓûêΓûêΓûêΓûêΓûë | 2674/3000 [22:37<02:58,  1.82it/s]
 89%|ΓûêΓûêΓûêΓûêΓûêΓûêΓûêΓûêΓûë | 2675/3000 [22:38<02:46,  1.95it/s]
 89%|ΓûêΓûêΓûêΓûêΓûêΓûêΓûêΓûêΓûë | 2676/3000 [22:39<03:42,  1.46it/s]
 89%|ΓûêΓûêΓûêΓûêΓûêΓûêΓûêΓûêΓûë | 2677/3000 [22:39<03:16,  1.64it/s]
 89%|ΓûêΓûêΓûêΓûêΓûêΓûêΓûêΓûêΓûë | 2678/3000 [22:40<03:06,  1.73it/s]
 89%|ΓûêΓûêΓûêΓûêΓûêΓûêΓûêΓûêΓûë | 2679/3000 [22:40<02:49,  1.90it/s]
 89%|ΓûêΓûêΓûêΓûêΓûêΓûêΓûêΓûêΓûë | 2680/3000 [22:40<02:38,  2.02it/s]
 89%|ΓûêΓûêΓûêΓûêΓûêΓûêΓûêΓûêΓûë | 2681/3000 [22:41<02:20,  2.27it/s]
 89%|ΓûêΓûêΓûêΓûêΓûêΓûêΓûêΓûêΓûë | 2682/3000 [22:41<02:46,  1.91it/s]
 89%|ΓûêΓûêΓûêΓûêΓûêΓûêΓûêΓûêΓûë | 2683/3000 [22:42<02:30,  2.10it/s]
 89%|ΓûêΓûêΓûêΓûêΓûêΓûêΓûêΓûêΓûë | 2684/3000 [22:42<02:43,  1.94it/s]
 90%|ΓûêΓûêΓûêΓûêΓûêΓûêΓûêΓûêΓûë | 2685/3000 [22:43<02:28,  2.12it/s]
 90%|ΓûêΓûêΓûêΓûêΓûêΓûêΓûêΓûêΓûë | 2686/3000 [22:43<02:19,  2.26it/s]
 90%|ΓûêΓûêΓûêΓûêΓûêΓûêΓûêΓûêΓûë | 2687/3000 [22:44<02:15,  2.30it/s]
 90%|ΓûêΓûêΓûêΓûêΓûêΓûêΓûêΓûêΓûë | 2688/3000 [22:44<02:12,  2.36it/s]
 90%|ΓûêΓûêΓûêΓûêΓûêΓûêΓûêΓûêΓûë | 2689/3000 [22:44<02:12,  2.35it/s]
 90%|ΓûêΓûêΓûêΓûêΓûêΓûêΓûêΓûêΓûë | 2690/3000 [22:45<02:21,  2.20it/s]
 90%|ΓûêΓûêΓûêΓûêΓûêΓûêΓûêΓûêΓûë | 2691/3000 [22:45<02:16,  2.26it/s]
 90%|ΓûêΓûêΓûêΓûêΓûêΓûêΓûêΓûêΓûë | 2692/3000 [22:46<02:09,  2.38it/s]
 90%|ΓûêΓûêΓûêΓûêΓûêΓûêΓûêΓûêΓûë | 2693/3000 [22:46<02:04,  2.48it/s]
 90%|ΓûêΓûêΓûêΓûêΓûêΓûêΓûêΓûêΓûë | 2694/3000 [22:47<02:13,  2.29it/s]
 90%|ΓûêΓûêΓûêΓûêΓûêΓûêΓûêΓûêΓûë | 2695/3000 [22:47<02:13,  2.28it/s]
 90%|ΓûêΓûêΓûêΓûêΓûêΓûêΓûêΓûêΓûë | 2696/3000 [22:48<02:20,  2.17it/s]
 90%|ΓûêΓûêΓûêΓûêΓûêΓûêΓûêΓûêΓûë | 2697/3000 [22:48<02:24,  2.10it/s]
 90%|ΓûêΓûêΓûêΓûêΓûêΓûêΓûêΓûêΓûë | 2698/3000 [22:48<02:13,  2.26it/s]
 90%|ΓûêΓûêΓûêΓûêΓûêΓûêΓûêΓûêΓûë | 2699/3000 [22:49<02:20,  2.15it/s]
 90%|ΓûêΓûêΓûêΓûêΓûêΓûêΓûêΓûêΓûê | 2700/3000 [22:50<02:45,  1.81it/s]
 90%|ΓûêΓûêΓûêΓûêΓûêΓûêΓûêΓûêΓûê | 2701/3000 [22:50<02:32,  1.96it/s]
 90%|ΓûêΓûêΓûêΓûêΓûêΓûêΓûêΓûêΓûê | 2702/3000 [22:51<02:49,  1.76it/s]
 90%|ΓûêΓûêΓûêΓûêΓûêΓûêΓûêΓûêΓûê | 2703/3000 [22:51<02:41,  1.84it/s]
 90%|ΓûêΓûêΓûêΓûêΓûêΓûêΓûêΓûêΓûê | 2704/3000 [22:52<02:19,  2.11it/s]
 90%|ΓûêΓûêΓûêΓûêΓûêΓûêΓûêΓûêΓûê | 2705/3000 [22:52<02:23,  2.06it/s]
 90%|ΓûêΓûêΓûêΓûêΓûêΓûêΓûêΓûêΓûê | 2706/3000 [22:53<02:26,  2.00it/s]
 90%|ΓûêΓûêΓûêΓûêΓûêΓûêΓûêΓûêΓûê | 2707/3000 [22:53<02:14,  2.18it/s]
 90%|ΓûêΓûêΓûêΓûêΓûêΓûêΓûêΓûêΓûê | 2708/3000 [22:54<02:37,  1.85it/s]
 90%|ΓûêΓûêΓûêΓûêΓûêΓûêΓûêΓûêΓûê | 2709/3000 [22:54<02:34,  1.89it/s]
 90%|ΓûêΓûêΓûêΓûêΓûêΓûêΓûêΓûêΓûê | 2710/3000 [22:55<02:56,  1.65it/s]
 90%|ΓûêΓûêΓûêΓûêΓûêΓûêΓûêΓûêΓûê | 2711/3000 [22:56<02:49,  1.71it/s]
 90%|ΓûêΓûêΓûêΓûêΓûêΓûêΓûêΓûêΓûê | 2712/3000 [22:56<03:01,  1.59it/s]
 90%|ΓûêΓûêΓûêΓûêΓûêΓûêΓûêΓûêΓûê | 2713/3000 [22:57<02:49,  1.69it/s]
 90%|ΓûêΓûêΓûêΓûêΓûêΓûêΓûêΓûêΓûê | 2714/3000 [22:57<02:41,  1.78it/s]
 90%|ΓûêΓûêΓûêΓûêΓûêΓûêΓûêΓûêΓûê | 2715/3000 [22:58<02:29,  1.90it/s]
 91%|ΓûêΓûêΓûêΓûêΓûêΓûêΓûêΓûêΓûê | 2716/3000 [22:58<02:31,  1.87it/s]
 91%|ΓûêΓûêΓûêΓûêΓûêΓûêΓûêΓûêΓûê | 2717/3000 [22:59<02:23,  1.97it/s]
 91%|ΓûêΓûêΓûêΓûêΓûêΓûêΓûêΓûêΓûê | 2718/3000 [22:59<02:16,  2.06it/s]
 91%|ΓûêΓûêΓûêΓûêΓûêΓûêΓûêΓûêΓûê | 2719/3000 [23:00<02:01,  2.30it/s]
 91%|ΓûêΓûêΓûêΓûêΓûêΓûêΓûêΓûêΓûê | 2720/3000 [23:00<01:50,  2.53it/s]
 91%|ΓûêΓûêΓûêΓûêΓûêΓûêΓûêΓûêΓûê | 2721/3000 [23:00<01:47,  2.59it/s]
 91%|ΓûêΓûêΓûêΓûêΓûêΓûêΓûêΓûêΓûê | 2722/3000 [23:01<02:00,  2.32it/s]
 91%|ΓûêΓûêΓûêΓûêΓûêΓûêΓûêΓûêΓûê | 2723/3000 [23:01<01:49,  2.53it/s]
 91%|ΓûêΓûêΓûêΓûêΓûêΓûêΓûêΓûêΓûê | 2724/3000 [23:02<02:05,  2.19it/s]
 91%|ΓûêΓûêΓûêΓûêΓûêΓûêΓûêΓûêΓûê | 2725/3000 [23:02<02:29,  1.84it/s]
 91%|ΓûêΓûêΓûêΓûêΓûêΓûêΓûêΓûêΓûê | 2726/3000 [23:03<02:14,  2.03it/s]
 91%|ΓûêΓûêΓûêΓûêΓûêΓûêΓûêΓûêΓûê | 2727/3000 [23:03<02:04,  2.20it/s]
 91%|ΓûêΓûêΓûêΓûêΓûêΓûêΓûêΓûêΓûê | 2728/3000 [23:03<01:56,  2.33it/s]
 91%|ΓûêΓûêΓûêΓûêΓûêΓûêΓûêΓûêΓûê | 2729/3000 [23:04<01:54,  2.36it/s]
 91%|ΓûêΓûêΓûêΓûêΓûêΓûêΓûêΓûêΓûê | 2730/3000 [23:04<01:49,  2.47it/s]
 91%|ΓûêΓûêΓûêΓûêΓûêΓûêΓûêΓûêΓûê | 2731/3000 [23:05<02:10,  2.06it/s]
 91%|ΓûêΓûêΓûêΓûêΓûêΓûêΓûêΓûêΓûê | 2732/3000 [23:05<02:07,  2.10it/s]
 91%|ΓûêΓûêΓûêΓûêΓûêΓûêΓûêΓûêΓûê | 2733/3000 [23:06<01:58,  2.26it/s]
 91%|ΓûêΓûêΓûêΓûêΓûêΓûêΓûêΓûêΓûê | 2734/3000 [23:06<01:59,  2.22it/s]
 91%|ΓûêΓûêΓûêΓûêΓûêΓûêΓûêΓûêΓûê | 2735/3000 [23:07<02:15,  1.96it/s]
 91%|ΓûêΓûêΓûêΓûêΓûêΓûêΓûêΓûêΓûê | 2736/3000 [23:07<02:03,  2.14it/s]
 91%|ΓûêΓûêΓûêΓûêΓûêΓûêΓûêΓûêΓûê | 2737/3000 [23:08<02:12,  1.98it/s]
 91%|ΓûêΓûêΓûêΓûêΓûêΓûêΓûêΓûêΓûêΓûÅ| 2738/3000 [23:08<02:10,  2.01it/s]
 91%|ΓûêΓûêΓûêΓûêΓûêΓûêΓûêΓûêΓûêΓûÅ| 2739/3000 [23:09<02:12,  1.97it/s]
 91%|ΓûêΓûêΓûêΓûêΓûêΓûêΓûêΓûêΓûêΓûÅ| 2740/3000 [23:09<02:02,  2.12it/s]
 91%|ΓûêΓûêΓûêΓûêΓûêΓûêΓûêΓûêΓûêΓûÅ| 2741/3000 [23:10<01:54,  2.26it/s]
 91%|ΓûêΓûêΓûêΓûêΓûêΓûêΓûêΓûêΓûêΓûÅ| 2742/3000 [23:10<01:51,  2.30it/s]
 91%|ΓûêΓûêΓûêΓûêΓûêΓûêΓûêΓûêΓûêΓûÅ| 2743/3000 [23:10<01:49,  2.35it/s]
 91%|ΓûêΓûêΓûêΓûêΓûêΓûêΓûêΓûêΓûêΓûÅ| 2744/3000 [23:11<01:44,  2.44it/s]
 92%|ΓûêΓûêΓûêΓûêΓûêΓûêΓûêΓûêΓûêΓûÅ| 2745/3000 [23:11<01:36,  2.63it/s]
 92%|ΓûêΓûêΓûêΓûêΓûêΓûêΓûêΓûêΓûêΓûÅ| 2746/3000 [23:12<01:50,  2.30it/s]
 92%|ΓûêΓûêΓûêΓûêΓûêΓûêΓûêΓûêΓûêΓûÅ| 2747/3000 [23:12<01:46,  2.38it/s]
 92%|ΓûêΓûêΓûêΓûêΓûêΓûêΓûêΓûêΓûêΓûÅ| 2748/3000 [23:13<01:58,  2.12it/s]
 92%|ΓûêΓûêΓûêΓûêΓûêΓûêΓûêΓûêΓûêΓûÅ| 2749/3000 [23:13<01:52,  2.23it/s]
 92%|ΓûêΓûêΓûêΓûêΓûêΓûêΓûêΓûêΓûêΓûÅ| 2750/3000 [23:14<01:59,  2.09it/s]
 92%|ΓûêΓûêΓûêΓûêΓûêΓûêΓûêΓûêΓûêΓûÅ| 2751/3000 [23:14<01:54,  2.17it/s]
 92%|ΓûêΓûêΓûêΓûêΓûêΓûêΓûêΓûêΓûêΓûÅ| 2752/3000 [23:15<01:59,  2.08it/s]
 92%|ΓûêΓûêΓûêΓûêΓûêΓûêΓûêΓûêΓûêΓûÅ| 2753/3000 [23:15<01:50,  2.24it/s]
 92%|ΓûêΓûêΓûêΓûêΓûêΓûêΓûêΓûêΓûêΓûÅ| 2754/3000 [23:15<01:40,  2.46it/s]
 92%|ΓûêΓûêΓûêΓûêΓûêΓûêΓûêΓûêΓûêΓûÅ| 2755/3000 [23:16<01:55,  2.12it/s]
 92%|ΓûêΓûêΓûêΓûêΓûêΓûêΓûêΓûêΓûêΓûÅ| 2756/3000 [23:16<02:06,  1.93it/s]
 92%|ΓûêΓûêΓûêΓûêΓûêΓûêΓûêΓûêΓûêΓûÅ| 2757/3000 [23:17<01:55,  2.11it/s]
 92%|ΓûêΓûêΓûêΓûêΓûêΓûêΓûêΓûêΓûêΓûÅ| 2758/3000 [23:17<01:58,  2.04it/s]
 92%|ΓûêΓûêΓûêΓûêΓûêΓûêΓûêΓûêΓûêΓûÅ| 2759/3000 [23:18<01:50,  2.19it/s]
 92%|ΓûêΓûêΓûêΓûêΓûêΓûêΓûêΓûêΓûêΓûÅ| 2760/3000 [23:18<01:44,  2.31it/s]
 92%|ΓûêΓûêΓûêΓûêΓûêΓûêΓûêΓûêΓûêΓûÅ| 2761/3000 [23:19<02:06,  1.89it/s]
 92%|ΓûêΓûêΓûêΓûêΓûêΓûêΓûêΓûêΓûêΓûÅ| 2762/3000 [23:19<01:53,  2.09it/s]
 92%|ΓûêΓûêΓûêΓûêΓûêΓûêΓûêΓûêΓûêΓûÅ| 2763/3000 [23:20<01:47,  2.21it/s]
 92%|ΓûêΓûêΓûêΓûêΓûêΓûêΓûêΓûêΓûêΓûÅ| 2764/3000 [23:20<01:41,  2.33it/s]
 92%|ΓûêΓûêΓûêΓûêΓûêΓûêΓûêΓûêΓûêΓûÅ| 2765/3000 [23:20<01:35,  2.45it/s]
 92%|ΓûêΓûêΓûêΓûêΓûêΓûêΓûêΓûêΓûêΓûÅ| 2766/3000 [23:21<01:59,  1.96it/s]
 92%|ΓûêΓûêΓûêΓûêΓûêΓûêΓûêΓûêΓûêΓûÅ| 2767/3000 [23:22<02:20,  1.66it/s]
 92%|ΓûêΓûêΓûêΓûêΓûêΓûêΓûêΓûêΓûêΓûÅ| 2768/3000 [23:22<02:06,  1.84it/s]
 92%|ΓûêΓûêΓûêΓûêΓûêΓûêΓûêΓûêΓûêΓûÅ| 2769/3000 [23:23<01:53,  2.04it/s]
 92%|ΓûêΓûêΓûêΓûêΓûêΓûêΓûêΓûêΓûêΓûÅ| 2770/3000 [23:23<01:44,  2.21it/s]
 92%|ΓûêΓûêΓûêΓûêΓûêΓûêΓûêΓûêΓûêΓûÅ| 2771/3000 [23:23<01:35,  2.41it/s]
 92%|ΓûêΓûêΓûêΓûêΓûêΓûêΓûêΓûêΓûêΓûÅ| 2772/3000 [23:24<01:32,  2.46it/s]
 92%|ΓûêΓûêΓûêΓûêΓûêΓûêΓûêΓûêΓûêΓûÅ| 2773/3000 [23:24<01:32,  2.47it/s]
 92%|ΓûêΓûêΓûêΓûêΓûêΓûêΓûêΓûêΓûêΓûÅ| 2774/3000 [23:25<01:28,  2.54it/s]
 92%|ΓûêΓûêΓûêΓûêΓûêΓûêΓûêΓûêΓûêΓûÄ| 2775/3000 [23:25<01:26,  2.61it/s]
 93%|ΓûêΓûêΓûêΓûêΓûêΓûêΓûêΓûêΓûêΓûÄ| 2776/3000 [23:25<01:24,  2.65it/s]
 93%|ΓûêΓûêΓûêΓûêΓûêΓûêΓûêΓûêΓûêΓûÄ| 2777/3000 [23:26<01:39,  2.25it/s]
 93%|ΓûêΓûêΓûêΓûêΓûêΓûêΓûêΓûêΓûêΓûÄ| 2778/3000 [23:26<01:45,  2.11it/s]
 93%|ΓûêΓûêΓûêΓûêΓûêΓûêΓûêΓûêΓûêΓûÄ| 2779/3000 [23:27<01:38,  2.24it/s]
 93%|ΓûêΓûêΓûêΓûêΓûêΓûêΓûêΓûêΓûêΓûÄ| 2780/3000 [23:27<01:50,  1.99it/s]
 93%|ΓûêΓûêΓûêΓûêΓûêΓûêΓûêΓûêΓûêΓûÄ| 2781/3000 [23:28<01:41,  2.16it/s]
 93%|ΓûêΓûêΓûêΓûêΓûêΓûêΓûêΓûêΓûêΓûÄ| 2782/3000 [23:28<01:52,  1.93it/s]
 93%|ΓûêΓûêΓûêΓûêΓûêΓûêΓûêΓûêΓûêΓûÄ| 2783/3000 [23:29<01:42,  2.13it/s]
 93%|ΓûêΓûêΓûêΓûêΓûêΓûêΓûêΓûêΓûêΓûÄ| 2784/3000 [23:29<01:37,  2.21it/s]
 93%|ΓûêΓûêΓûêΓûêΓûêΓûêΓûêΓûêΓûêΓûÄ| 2785/3000 [23:30<01:47,  2.00it/s]
 93%|ΓûêΓûêΓûêΓûêΓûêΓûêΓûêΓûêΓûêΓûÄ| 2786/3000 [23:30<01:43,  2.07it/s]
 93%|ΓûêΓûêΓûêΓûêΓûêΓûêΓûêΓûêΓûêΓûÄ| 2787/3000 [23:31<01:59,  1.79it/s]
 93%|ΓûêΓûêΓûêΓûêΓûêΓûêΓûêΓûêΓûêΓûÄ| 2788/3000 [23:31<01:50,  1.93it/s]
 93%|ΓûêΓûêΓûêΓûêΓûêΓûêΓûêΓûêΓûêΓûÄ| 2789/3000 [23:32<01:57,  1.80it/s]
 93%|ΓûêΓûêΓûêΓûêΓûêΓûêΓûêΓûêΓûêΓûÄ| 2790/3000 [23:33<02:00,  1.75it/s]
 93%|ΓûêΓûêΓûêΓûêΓûêΓûêΓûêΓûêΓûêΓûÄ| 2791/3000 [23:33<01:58,  1.77it/s]
 93%|ΓûêΓûêΓûêΓûêΓûêΓûêΓûêΓûêΓûêΓûÄ| 2792/3000 [23:34<01:55,  1.81it/s]
 93%|ΓûêΓûêΓûêΓûêΓûêΓûêΓûêΓûêΓûêΓûÄ| 2793/3000 [23:34<01:59,  1.74it/s]
 93%|ΓûêΓûêΓûêΓûêΓûêΓûêΓûêΓûêΓûêΓûÄ| 2794/3000 [23:35<01:47,  1.91it/s]
 93%|ΓûêΓûêΓûêΓûêΓûêΓûêΓûêΓûêΓûêΓûÄ| 2795/3000 [23:36<02:04,  1.65it/s]
 93%|ΓûêΓûêΓûêΓûêΓûêΓûêΓûêΓûêΓûêΓûÄ| 2796/3000 [23:36<01:49,  1.87it/s]
 93%|ΓûêΓûêΓûêΓûêΓûêΓûêΓûêΓûêΓûêΓûÄ| 2797/3000 [23:37<01:58,  1.71it/s]
 93%|ΓûêΓûêΓûêΓûêΓûêΓûêΓûêΓûêΓûêΓûÄ| 2798/3000 [23:37<01:42,  1.98it/s]
 93%|ΓûêΓûêΓûêΓûêΓûêΓûêΓûêΓûêΓûêΓûÄ| 2799/3000 [23:37<01:32,  2.17it/s]
 93%|ΓûêΓûêΓûêΓûêΓûêΓûêΓûêΓûêΓûêΓûÄ| 2800/3000 [23:38<01:44,  1.91it/s]
 93%|ΓûêΓûêΓûêΓûêΓûêΓûêΓûêΓûêΓûêΓûÄ| 2801/3000 [23:38<01:34,  2.10it/s]
 93%|ΓûêΓûêΓûêΓûêΓûêΓûêΓûêΓûêΓûêΓûÄ| 2802/3000 [23:39<01:52,  1.76it/s]
 93%|ΓûêΓûêΓûêΓûêΓûêΓûêΓûêΓûêΓûêΓûÄ| 2803/3000 [23:40<01:51,  1.77it/s]
 93%|ΓûêΓûêΓûêΓûêΓûêΓûêΓûêΓûêΓûêΓûÄ| 2804/3000 [23:40<01:51,  1.76it/s]
 94%|ΓûêΓûêΓûêΓûêΓûêΓûêΓûêΓûêΓûêΓûÄ| 2805/3000 [23:41<01:39,  1.95it/s]
 94%|ΓûêΓûêΓûêΓûêΓûêΓûêΓûêΓûêΓûêΓûÄ| 2806/3000 [23:41<01:44,  1.86it/s]
 94%|ΓûêΓûêΓûêΓûêΓûêΓûêΓûêΓûêΓûêΓûÄ| 2807/3000 [23:42<01:39,  1.94it/s]
 94%|ΓûêΓûêΓûêΓûêΓûêΓûêΓûêΓûêΓûêΓûÄ| 2808/3000 [23:42<01:35,  2.01it/s]
 94%|ΓûêΓûêΓûêΓûêΓûêΓûêΓûêΓûêΓûêΓûÄ| 2809/3000 [23:43<01:33,  2.03it/s]
 94%|ΓûêΓûêΓûêΓûêΓûêΓûêΓûêΓûêΓûêΓûÄ| 2810/3000 [23:43<01:37,  1.94it/s]
 94%|ΓûêΓûêΓûêΓûêΓûêΓûêΓûêΓûêΓûêΓûÄ| 2811/3000 [23:44<01:36,  1.97it/s]
 94%|ΓûêΓûêΓûêΓûêΓûêΓûêΓûêΓûêΓûêΓûÄ| 2812/3000 [23:44<01:28,  2.12it/s]
 94%|ΓûêΓûêΓûêΓûêΓûêΓûêΓûêΓûêΓûêΓûì| 2813/3000 [23:45<01:24,  2.21it/s]
 94%|ΓûêΓûêΓûêΓûêΓûêΓûêΓûêΓûêΓûêΓûì| 2814/3000 [23:45<01:31,  2.03it/s]
 94%|ΓûêΓûêΓûêΓûêΓûêΓûêΓûêΓûêΓûêΓûì| 2815/3000 [23:46<01:26,  2.15it/s]
 94%|ΓûêΓûêΓûêΓûêΓûêΓûêΓûêΓûêΓûêΓûì| 2816/3000 [23:46<01:39,  1.85it/s]
 94%|ΓûêΓûêΓûêΓûêΓûêΓûêΓûêΓûêΓûêΓûì| 2817/3000 [23:47<01:31,  1.99it/s]
 94%|ΓûêΓûêΓûêΓûêΓûêΓûêΓûêΓûêΓûêΓûì| 2818/3000 [23:47<01:28,  2.06it/s]
 94%|ΓûêΓûêΓûêΓûêΓûêΓûêΓûêΓûêΓûêΓûì| 2819/3000 [23:48<01:24,  2.15it/s]
 94%|ΓûêΓûêΓûêΓûêΓûêΓûêΓûêΓûêΓûêΓûì| 2820/3000 [23:48<01:30,  1.99it/s]
 94%|ΓûêΓûêΓûêΓûêΓûêΓûêΓûêΓûêΓûêΓûì| 2821/3000 [23:49<01:29,  2.00it/s]
 94%|ΓûêΓûêΓûêΓûêΓûêΓûêΓûêΓûêΓûêΓûì| 2822/3000 [23:49<01:22,  2.17it/s]
 94%|ΓûêΓûêΓûêΓûêΓûêΓûêΓûêΓûêΓûêΓûì| 2823/3000 [23:49<01:20,  2.19it/s]
 94%|ΓûêΓûêΓûêΓûêΓûêΓûêΓûêΓûêΓûêΓûì| 2824/3000 [23:50<01:25,  2.05it/s]
 94%|ΓûêΓûêΓûêΓûêΓûêΓûêΓûêΓûêΓûêΓûì| 2825/3000 [23:51<01:30,  1.94it/s]
 94%|ΓûêΓûêΓûêΓûêΓûêΓûêΓûêΓûêΓûêΓûì| 2826/3000 [23:51<01:24,  2.05it/s]
 94%|ΓûêΓûêΓûêΓûêΓûêΓûêΓûêΓûêΓûêΓûì| 2827/3000 [23:51<01:22,  2.09it/s]
 94%|ΓûêΓûêΓûêΓûêΓûêΓûêΓûêΓûêΓûêΓûì| 2828/3000 [23:52<01:19,  2.16it/s]
 94%|ΓûêΓûêΓûêΓûêΓûêΓûêΓûêΓûêΓûêΓûì| 2829/3000 [23:52<01:16,  2.23it/s]
 94%|ΓûêΓûêΓûêΓûêΓûêΓûêΓûêΓûêΓûêΓûì| 2830/3000 [23:53<01:24,  2.01it/s]
 94%|ΓûêΓûêΓûêΓûêΓûêΓûêΓûêΓûêΓûêΓûì| 2831/3000 [23:53<01:29,  1.89it/s]
 94%|ΓûêΓûêΓûêΓûêΓûêΓûêΓûêΓûêΓûêΓûì| 2832/3000 [23:54<01:20,  2.08it/s]
 94%|ΓûêΓûêΓûêΓûêΓûêΓûêΓûêΓûêΓûêΓûì| 2833/3000 [23:54<01:25,  1.94it/s]
 94%|ΓûêΓûêΓûêΓûêΓûêΓûêΓûêΓûêΓûêΓûì| 2834/3000 [23:55<01:18,  2.12it/s]
 94%|ΓûêΓûêΓûêΓûêΓûêΓûêΓûêΓûêΓûêΓûì| 2835/3000 [23:55<01:27,  1.88it/s]
 95%|ΓûêΓûêΓûêΓûêΓûêΓûêΓûêΓûêΓûêΓûì| 2836/3000 [23:56<01:23,  1.97it/s]
 95%|ΓûêΓûêΓûêΓûêΓûêΓûêΓûêΓûêΓûêΓûì| 2837/3000 [23:56<01:19,  2.04it/s]
 95%|ΓûêΓûêΓûêΓûêΓûêΓûêΓûêΓûêΓûêΓûì| 2838/3000 [23:57<01:15,  2.15it/s]
 95%|ΓûêΓûêΓûêΓûêΓûêΓûêΓûêΓûêΓûêΓûì| 2839/3000 [23:57<01:13,  2.20it/s]
 95%|ΓûêΓûêΓûêΓûêΓûêΓûêΓûêΓûêΓûêΓûì| 2840/3000 [23:58<01:10,  2.28it/s]
 95%|ΓûêΓûêΓûêΓûêΓûêΓûêΓûêΓûêΓûêΓûì| 2841/3000 [23:58<01:17,  2.05it/s]
 95%|ΓûêΓûêΓûêΓûêΓûêΓûêΓûêΓûêΓûêΓûì| 2842/3000 [23:59<01:30,  1.75it/s]
 95%|ΓûêΓûêΓûêΓûêΓûêΓûêΓûêΓûêΓûêΓûì| 2843/3000 [24:00<01:30,  1.73it/s]
 95%|ΓûêΓûêΓûêΓûêΓûêΓûêΓûêΓûêΓûêΓûì| 2844/3000 [24:00<01:36,  1.61it/s]
 95%|ΓûêΓûêΓûêΓûêΓûêΓûêΓûêΓûêΓûêΓûì| 2845/3000 [24:01<01:49,  1.41it/s]
 95%|ΓûêΓûêΓûêΓûêΓûêΓûêΓûêΓûêΓûêΓûì| 2846/3000 [24:02<01:42,  1.51it/s]
 95%|ΓûêΓûêΓûêΓûêΓûêΓûêΓûêΓûêΓûêΓûì| 2847/3000 [24:02<01:35,  1.60it/s]
 95%|ΓûêΓûêΓûêΓûêΓûêΓûêΓûêΓûêΓûêΓûì| 2848/3000 [24:03<01:38,  1.55it/s]
 95%|ΓûêΓûêΓûêΓûêΓûêΓûêΓûêΓûêΓûêΓûì| 2849/3000 [24:03<01:27,  1.73it/s]
 95%|ΓûêΓûêΓûêΓûêΓûêΓûêΓûêΓûêΓûêΓûî| 2850/3000 [24:04<01:19,  1.90it/s]
 95%|ΓûêΓûêΓûêΓûêΓûêΓûêΓûêΓûêΓûêΓûî| 2851/3000 [24:04<01:22,  1.81it/s]
 95%|ΓûêΓûêΓûêΓûêΓûêΓûêΓûêΓûêΓûêΓûî| 2852/3000 [24:05<01:25,  1.72it/s]
 95%|ΓûêΓûêΓûêΓûêΓûêΓûêΓûêΓûêΓûêΓûî| 2853/3000 [24:06<01:18,  1.87it/s]
 95%|ΓûêΓûêΓûêΓûêΓûêΓûêΓûêΓûêΓûêΓûî| 2854/3000 [24:06<01:14,  1.95it/s]
 95%|ΓûêΓûêΓûêΓûêΓûêΓûêΓûêΓûêΓûêΓûî| 2855/3000 [24:07<01:22,  1.76it/s]
 95%|ΓûêΓûêΓûêΓûêΓûêΓûêΓûêΓûêΓûêΓûî| 2856/3000 [24:07<01:27,  1.65it/s]
 95%|ΓûêΓûêΓûêΓûêΓûêΓûêΓûêΓûêΓûêΓûî| 2857/3000 [24:08<01:30,  1.57it/s]
 95%|ΓûêΓûêΓûêΓûêΓûêΓûêΓûêΓûêΓûêΓûî| 2858/3000 [24:09<01:28,  1.60it/s]
 95%|ΓûêΓûêΓûêΓûêΓûêΓûêΓûêΓûêΓûêΓûî| 2859/3000 [24:10<02:00,  1.17it/s]
 95%|ΓûêΓûêΓûêΓûêΓûêΓûêΓûêΓûêΓûêΓûî| 2860/3000 [24:11<02:08,  1.09it/s]
 95%|ΓûêΓûêΓûêΓûêΓûêΓûêΓûêΓûêΓûêΓûî| 2861/3000 [24:12<02:01,  1.14it/s]
 95%|ΓûêΓûêΓûêΓûêΓûêΓûêΓûêΓûêΓûêΓûî| 2862/3000 [24:13<02:00,  1.15it/s]
 95%|ΓûêΓûêΓûêΓûêΓûêΓûêΓûêΓûêΓûêΓûî| 2863/3000 [24:14<02:03,  1.11it/s]
 95%|ΓûêΓûêΓûêΓûêΓûêΓûêΓûêΓûêΓûêΓûî| 2864/3000 [24:15<02:03,  1.10it/s]
 96%|ΓûêΓûêΓûêΓûêΓûêΓûêΓûêΓûêΓûêΓûî| 2865/3000 [24:15<01:59,  1.13it/s]
 96%|ΓûêΓûêΓûêΓûêΓûêΓûêΓûêΓûêΓûêΓûî| 2866/3000 [24:16<01:50,  1.21it/s]
 96%|ΓûêΓûêΓûêΓûêΓûêΓûêΓûêΓûêΓûêΓûî| 2867/3000 [24:17<01:42,  1.30it/s]
 96%|ΓûêΓûêΓûêΓûêΓûêΓûêΓûêΓûêΓûêΓûî| 2868/3000 [24:17<01:33,  1.42it/s]
 96%|ΓûêΓûêΓûêΓûêΓûêΓûêΓûêΓûêΓûêΓûî| 2869/3000 [24:18<01:19,  1.64it/s]
 96%|ΓûêΓûêΓûêΓûêΓûêΓûêΓûêΓûêΓûêΓûî| 2870/3000 [24:18<01:21,  1.59it/s]
 96%|ΓûêΓûêΓûêΓûêΓûêΓûêΓûêΓûêΓûêΓûî| 2871/3000 [24:19<01:10,  1.82it/s]
 96%|ΓûêΓûêΓûêΓûêΓûêΓûêΓûêΓûêΓûêΓûî| 2872/3000 [24:19<01:03,  2.01it/s]
 96%|ΓûêΓûêΓûêΓûêΓûêΓûêΓûêΓûêΓûêΓûî| 2873/3000 [24:20<00:58,  2.18it/s]
 96%|ΓûêΓûêΓûêΓûêΓûêΓûêΓûêΓûêΓûêΓûî| 2874/3000 [24:20<00:54,  2.30it/s]
 96%|ΓûêΓûêΓûêΓûêΓûêΓûêΓûêΓûêΓûêΓûî| 2875/3000 [24:20<00:58,  2.14it/s]
 96%|ΓûêΓûêΓûêΓûêΓûêΓûêΓûêΓûêΓûêΓûî| 2876/3000 [24:21<00:58,  2.14it/s]
 96%|ΓûêΓûêΓûêΓûêΓûêΓûêΓûêΓûêΓûêΓûî| 2877/3000 [24:22<01:03,  1.93it/s]
 96%|ΓûêΓûêΓûêΓûêΓûêΓûêΓûêΓûêΓûêΓûî| 2878/3000 [24:22<00:58,  2.10it/s]
 96%|ΓûêΓûêΓûêΓûêΓûêΓûêΓûêΓûêΓûêΓûî| 2879/3000 [24:22<00:56,  2.13it/s]
 96%|ΓûêΓûêΓûêΓûêΓûêΓûêΓûêΓûêΓûêΓûî| 2880/3000 [24:23<01:03,  1.89it/s]
 96%|ΓûêΓûêΓûêΓûêΓûêΓûêΓûêΓûêΓûêΓûî| 2881/3000 [24:23<00:57,  2.09it/s]
 96%|ΓûêΓûêΓûêΓûêΓûêΓûêΓûêΓûêΓûêΓûî| 2882/3000 [24:24<01:06,  1.77it/s]
 96%|ΓûêΓûêΓûêΓûêΓûêΓûêΓûêΓûêΓûêΓûî| 2883/3000 [24:25<01:00,  1.92it/s]
 96%|ΓûêΓûêΓûêΓûêΓûêΓûêΓûêΓûêΓûêΓûî| 2884/3000 [24:25<01:01,  1.89it/s]
 96%|ΓûêΓûêΓûêΓûêΓûêΓûêΓûêΓûêΓûêΓûî| 2885/3000 [24:26<00:57,  2.00it/s]
 96%|ΓûêΓûêΓûêΓûêΓûêΓûêΓûêΓûêΓûêΓûî| 2886/3000 [24:26<00:53,  2.15it/s]
 96%|ΓûêΓûêΓûêΓûêΓûêΓûêΓûêΓûêΓûêΓûî| 2887/3000 [24:26<00:49,  2.28it/s]
 96%|ΓûêΓûêΓûêΓûêΓûêΓûêΓûêΓûêΓûêΓûï| 2888/3000 [24:27<00:53,  2.11it/s]
 96%|ΓûêΓûêΓûêΓûêΓûêΓûêΓûêΓûêΓûêΓûï| 2889/3000 [24:27<00:50,  2.22it/s]
 96%|ΓûêΓûêΓûêΓûêΓûêΓûêΓûêΓûêΓûêΓûï| 2890/3000 [24:28<00:48,  2.29it/s]
 96%|ΓûêΓûêΓûêΓûêΓûêΓûêΓûêΓûêΓûêΓûï| 2891/3000 [24:28<00:51,  2.13it/s]
 96%|ΓûêΓûêΓûêΓûêΓûêΓûêΓûêΓûêΓûêΓûï| 2892/3000 [24:29<00:47,  2.28it/s]
 96%|ΓûêΓûêΓûêΓûêΓûêΓûêΓûêΓûêΓûêΓûï| 2893/3000 [24:29<00:43,  2.48it/s]
 96%|ΓûêΓûêΓûêΓûêΓûêΓûêΓûêΓûêΓûêΓûï| 2894/3000 [24:29<00:41,  2.56it/s]
 96%|ΓûêΓûêΓûêΓûêΓûêΓûêΓûêΓûêΓûêΓûï| 2895/3000 [24:30<00:49,  2.12it/s]
 97%|ΓûêΓûêΓûêΓûêΓûêΓûêΓûêΓûêΓûêΓûï| 2896/3000 [24:31<00:54,  1.91it/s]
 97%|ΓûêΓûêΓûêΓûêΓûêΓûêΓûêΓûêΓûêΓûï| 2897/3000 [24:31<00:50,  2.04it/s]
 97%|ΓûêΓûêΓûêΓûêΓûêΓûêΓûêΓûêΓûêΓûï| 2898/3000 [24:32<01:03,  1.61it/s]
 97%|ΓûêΓûêΓûêΓûêΓûêΓûêΓûêΓûêΓûêΓûï| 2899/3000 [24:33<01:04,  1.58it/s]
 97%|ΓûêΓûêΓûêΓûêΓûêΓûêΓûêΓûêΓûêΓûï| 2900/3000 [24:33<01:05,  1.53it/s]
 97%|ΓûêΓûêΓûêΓûêΓûêΓûêΓûêΓûêΓûêΓûï| 2901/3000 [24:34<00:55,  1.78it/s]
 97%|ΓûêΓûêΓûêΓûêΓûêΓûêΓûêΓûêΓûêΓûï| 2902/3000 [24:34<00:54,  1.79it/s]
 97%|ΓûêΓûêΓûêΓûêΓûêΓûêΓûêΓûêΓûêΓûï| 2903/3000 [24:35<00:49,  1.97it/s]
 97%|ΓûêΓûêΓûêΓûêΓûêΓûêΓûêΓûêΓûêΓûï| 2904/3000 [24:35<00:44,  2.15it/s]
 97%|ΓûêΓûêΓûêΓûêΓûêΓûêΓûêΓûêΓûêΓûï| 2905/3000 [24:35<00:42,  2.24it/s]
 97%|ΓûêΓûêΓûêΓûêΓûêΓûêΓûêΓûêΓûêΓûï| 2906/3000 [24:36<00:42,  2.21it/s]
 97%|ΓûêΓûêΓûêΓûêΓûêΓûêΓûêΓûêΓûêΓûï| 2907/3000 [24:36<00:43,  2.13it/s]
 97%|ΓûêΓûêΓûêΓûêΓûêΓûêΓûêΓûêΓûêΓûï| 2908/3000 [24:37<00:45,  2.02it/s]
 97%|ΓûêΓûêΓûêΓûêΓûêΓûêΓûêΓûêΓûêΓûï| 2909/3000 [24:37<00:41,  2.18it/s]
 97%|ΓûêΓûêΓûêΓûêΓûêΓûêΓûêΓûêΓûêΓûï| 2910/3000 [24:38<00:41,  2.17it/s]
 97%|ΓûêΓûêΓûêΓûêΓûêΓûêΓûêΓûêΓûêΓûï| 2911/3000 [24:38<00:44,  1.98it/s]
 97%|ΓûêΓûêΓûêΓûêΓûêΓûêΓûêΓûêΓûêΓûï| 2912/3000 [24:39<00:40,  2.16it/s]
 97%|ΓûêΓûêΓûêΓûêΓûêΓûêΓûêΓûêΓûêΓûï| 2913/3000 [24:39<00:37,  2.30it/s]
 97%|ΓûêΓûêΓûêΓûêΓûêΓûêΓûêΓûêΓûêΓûï| 2914/3000 [24:40<00:36,  2.35it/s]
 97%|ΓûêΓûêΓûêΓûêΓûêΓûêΓûêΓûêΓûêΓûï| 2915/3000 [24:40<00:36,  2.30it/s]
 97%|ΓûêΓûêΓûêΓûêΓûêΓûêΓûêΓûêΓûêΓûï| 2916/3000 [24:40<00:34,  2.40it/s]
 97%|ΓûêΓûêΓûêΓûêΓûêΓûêΓûêΓûêΓûêΓûï| 2918/3000 [24:41<00:28,  2.87it/s]
 97%|ΓûêΓûêΓûêΓûêΓûêΓûêΓûêΓûêΓûêΓûï| 2919/3000 [24:41<00:29,  2.71it/s]
 97%|ΓûêΓûêΓûêΓûêΓûêΓûêΓûêΓûêΓûêΓûï| 2920/3000 [24:42<00:31,  2.52it/s]
 97%|ΓûêΓûêΓûêΓûêΓûêΓûêΓûêΓûêΓûêΓûï| 2921/3000 [24:42<00:34,  2.32it/s]
 97%|ΓûêΓûêΓûêΓûêΓûêΓûêΓûêΓûêΓûêΓûï| 2922/3000 [24:43<00:34,  2.24it/s]
 97%|ΓûêΓûêΓûêΓûêΓûêΓûêΓûêΓûêΓûêΓûï| 2923/3000 [24:44<00:40,  1.91it/s]
 97%|ΓûêΓûêΓûêΓûêΓûêΓûêΓûêΓûêΓûêΓûï| 2924/3000 [24:44<00:43,  1.75it/s]
 98%|ΓûêΓûêΓûêΓûêΓûêΓûêΓûêΓûêΓûêΓûè| 2925/3000 [24:45<00:44,  1.67it/s]
 98%|ΓûêΓûêΓûêΓûêΓûêΓûêΓûêΓûêΓûêΓûè| 2926/3000 [24:46<00:45,  1.61it/s]
 98%|ΓûêΓûêΓûêΓûêΓûêΓûêΓûêΓûêΓûêΓûè| 2927/3000 [24:46<00:44,  1.64it/s]
 98%|ΓûêΓûêΓûêΓûêΓûêΓûêΓûêΓûêΓûêΓûè| 2928/3000 [24:46<00:37,  1.93it/s]
 98%|ΓûêΓûêΓûêΓûêΓûêΓûêΓûêΓûêΓûêΓûè| 2929/3000 [24:47<00:34,  2.07it/s]
 98%|ΓûêΓûêΓûêΓûêΓûêΓûêΓûêΓûêΓûêΓûè| 2930/3000 [24:47<00:30,  2.31it/s]
 98%|ΓûêΓûêΓûêΓûêΓûêΓûêΓûêΓûêΓûêΓûè| 2931/3000 [24:48<00:33,  2.06it/s]
 98%|ΓûêΓûêΓûêΓûêΓûêΓûêΓûêΓûêΓûêΓûè| 2932/3000 [24:48<00:33,  2.03it/s]
 98%|ΓûêΓûêΓûêΓûêΓûêΓûêΓûêΓûêΓûêΓûè| 2933/3000 [24:49<00:33,  2.01it/s]
 98%|ΓûêΓûêΓûêΓûêΓûêΓûêΓûêΓûêΓûêΓûè| 2934/3000 [24:49<00:34,  1.93it/s]
 98%|ΓûêΓûêΓûêΓûêΓûêΓûêΓûêΓûêΓûêΓûè| 2935/3000 [24:50<00:32,  2.02it/s]
 98%|ΓûêΓûêΓûêΓûêΓûêΓûêΓûêΓûêΓûêΓûè| 2936/3000 [24:50<00:35,  1.83it/s]
 98%|ΓûêΓûêΓûêΓûêΓûêΓûêΓûêΓûêΓûêΓûè| 2937/3000 [24:51<00:37,  1.67it/s]
 98%|ΓûêΓûêΓûêΓûêΓûêΓûêΓûêΓûêΓûêΓûè| 2938/3000 [24:52<00:35,  1.73it/s]
 98%|ΓûêΓûêΓûêΓûêΓûêΓûêΓûêΓûêΓûêΓûè| 2939/3000 [24:52<00:32,  1.89it/s]
 98%|ΓûêΓûêΓûêΓûêΓûêΓûêΓûêΓûêΓûêΓûè| 2940/3000 [24:53<00:31,  1.88it/s]
 98%|ΓûêΓûêΓûêΓûêΓûêΓûêΓûêΓûêΓûêΓûè| 2941/3000 [24:53<00:28,  2.07it/s]
 98%|ΓûêΓûêΓûêΓûêΓûêΓûêΓûêΓûêΓûêΓûè| 2942/3000 [24:53<00:26,  2.15it/s]
 98%|ΓûêΓûêΓûêΓûêΓûêΓûêΓûêΓûêΓûêΓûè| 2943/3000 [24:54<00:25,  2.23it/s]
 98%|ΓûêΓûêΓûêΓûêΓûêΓûêΓûêΓûêΓûêΓûè| 2944/3000 [24:54<00:24,  2.28it/s]
 98%|ΓûêΓûêΓûêΓûêΓûêΓûêΓûêΓûêΓûêΓûè| 2945/3000 [24:55<00:26,  2.12it/s]
 98%|ΓûêΓûêΓûêΓûêΓûêΓûêΓûêΓûêΓûêΓûè| 2946/3000 [24:55<00:28,  1.91it/s]
 98%|ΓûêΓûêΓûêΓûêΓûêΓûêΓûêΓûêΓûêΓûè| 2947/3000 [24:56<00:26,  1.99it/s]
 98%|ΓûêΓûêΓûêΓûêΓûêΓûêΓûêΓûêΓûêΓûè| 2948/3000 [24:57<00:28,  1.81it/s]
 98%|ΓûêΓûêΓûêΓûêΓûêΓûêΓûêΓûêΓûêΓûè| 2949/3000 [24:57<00:29,  1.74it/s]
 98%|ΓûêΓûêΓûêΓûêΓûêΓûêΓûêΓûêΓûêΓûè| 2950/3000 [24:58<00:27,  1.81it/s]
 98%|ΓûêΓûêΓûêΓûêΓûêΓûêΓûêΓûêΓûêΓûè| 2951/3000 [24:58<00:26,  1.83it/s]
 98%|ΓûêΓûêΓûêΓûêΓûêΓûêΓûêΓûêΓûêΓûè| 2952/3000 [24:59<00:24,  1.96it/s]
 98%|ΓûêΓûêΓûêΓûêΓûêΓûêΓûêΓûêΓûêΓûè| 2953/3000 [24:59<00:24,  1.95it/s]
 98%|ΓûêΓûêΓûêΓûêΓûêΓûêΓûêΓûêΓûêΓûè| 2954/3000 [25:00<00:27,  1.69it/s]
 98%|ΓûêΓûêΓûêΓûêΓûêΓûêΓûêΓûêΓûêΓûè| 2955/3000 [25:01<00:28,  1.56it/s]
 99%|ΓûêΓûêΓûêΓûêΓûêΓûêΓûêΓûêΓûêΓûè| 2956/3000 [25:02<00:30,  1.43it/s]
 99%|ΓûêΓûêΓûêΓûêΓûêΓûêΓûêΓûêΓûêΓûè| 2957/3000 [25:02<00:30,  1.41it/s]
 99%|ΓûêΓûêΓûêΓûêΓûêΓûêΓûêΓûêΓûêΓûè| 2958/3000 [25:03<00:25,  1.62it/s]
 99%|ΓûêΓûêΓûêΓûêΓûêΓûêΓûêΓûêΓûêΓûè| 2959/3000 [25:03<00:22,  1.84it/s]
 99%|ΓûêΓûêΓûêΓûêΓûêΓûêΓûêΓûêΓûêΓûè| 2960/3000 [25:04<00:25,  1.56it/s]
 99%|ΓûêΓûêΓûêΓûêΓûêΓûêΓûêΓûêΓûêΓûè| 2961/3000 [25:04<00:23,  1.64it/s]
 99%|ΓûêΓûêΓûêΓûêΓûêΓûêΓûêΓûêΓûêΓûè| 2962/3000 [25:05<00:24,  1.52it/s]
 99%|ΓûêΓûêΓûêΓûêΓûêΓûêΓûêΓûêΓûêΓûë| 2963/3000 [25:06<00:24,  1.51it/s]
 99%|ΓûêΓûêΓûêΓûêΓûêΓûêΓûêΓûêΓûêΓûë| 2964/3000 [25:07<00:24,  1.50it/s]
 99%|ΓûêΓûêΓûêΓûêΓûêΓûêΓûêΓûêΓûêΓûë| 2965/3000 [25:07<00:23,  1.46it/s]
 99%|ΓûêΓûêΓûêΓûêΓûêΓûêΓûêΓûêΓûêΓûë| 2966/3000 [25:08<00:20,  1.64it/s]
 99%|ΓûêΓûêΓûêΓûêΓûêΓûêΓûêΓûêΓûêΓûë| 2967/3000 [25:08<00:19,  1.72it/s]
 99%|ΓûêΓûêΓûêΓûêΓûêΓûêΓûêΓûêΓûêΓûë| 2968/3000 [25:09<00:16,  1.89it/s]
 99%|ΓûêΓûêΓûêΓûêΓûêΓûêΓûêΓûêΓûêΓûë| 2969/3000 [25:09<00:16,  1.94it/s]
 99%|ΓûêΓûêΓûêΓûêΓûêΓûêΓûêΓûêΓûêΓûë| 2970/3000 [25:10<00:15,  1.99it/s]
 99%|ΓûêΓûêΓûêΓûêΓûêΓûêΓûêΓûêΓûêΓûë| 2972/3000 [25:10<00:11,  2.44it/s]
 99%|ΓûêΓûêΓûêΓûêΓûêΓûêΓûêΓûêΓûêΓûë| 2973/3000 [25:11<00:12,  2.18it/s]
 99%|ΓûêΓûêΓûêΓûêΓûêΓûêΓûêΓûêΓûêΓûë| 2974/3000 [25:11<00:12,  2.02it/s]
 99%|ΓûêΓûêΓûêΓûêΓûêΓûêΓûêΓûêΓûêΓûë| 2975/3000 [25:12<00:12,  1.93it/s]
 99%|ΓûêΓûêΓûêΓûêΓûêΓûêΓûêΓûêΓûêΓûë| 2976/3000 [25:13<00:14,  1.68it/s]
 99%|ΓûêΓûêΓûêΓûêΓûêΓûêΓûêΓûêΓûêΓûë| 2977/3000 [25:13<00:14,  1.62it/s]
 99%|ΓûêΓûêΓûêΓûêΓûêΓûêΓûêΓûêΓûêΓûë| 2978/3000 [25:14<00:12,  1.83it/s]
 99%|ΓûêΓûêΓûêΓûêΓûêΓûêΓûêΓûêΓûêΓûë| 2979/3000 [25:14<00:10,  1.98it/s]
 99%|ΓûêΓûêΓûêΓûêΓûêΓûêΓûêΓûêΓûêΓûë| 2980/3000 [25:15<00:10,  1.95it/s]
 99%|ΓûêΓûêΓûêΓûêΓûêΓûêΓûêΓûêΓûêΓûë| 2981/3000 [25:15<00:10,  1.78it/s]
 99%|ΓûêΓûêΓûêΓûêΓûêΓûêΓûêΓûêΓûêΓûë| 2982/3000 [25:16<00:10,  1.68it/s]
 99%|ΓûêΓûêΓûêΓûêΓûêΓûêΓûêΓûêΓûêΓûë| 2983/3000 [25:17<00:09,  1.87it/s]
 99%|ΓûêΓûêΓûêΓûêΓûêΓûêΓûêΓûêΓûêΓûë| 2984/3000 [25:17<00:09,  1.68it/s]
100%|ΓûêΓûêΓûêΓûêΓûêΓûêΓûêΓûêΓûêΓûë| 2985/3000 [25:18<00:09,  1.62it/s]
100%|ΓûêΓûêΓûêΓûêΓûêΓûêΓûêΓûêΓûêΓûë| 2986/3000 [25:18<00:08,  1.69it/s]
100%|ΓûêΓûêΓûêΓûêΓûêΓûêΓûêΓûêΓûêΓûë| 2987/3000 [25:19<00:07,  1.84it/s]
100%|ΓûêΓûêΓûêΓûêΓûêΓûêΓûêΓûêΓûêΓûë| 2988/3000 [25:19<00:06,  1.94it/s]
100%|ΓûêΓûêΓûêΓûêΓûêΓûêΓûêΓûêΓûêΓûë| 2989/3000 [25:20<00:05,  1.93it/s]
100%|ΓûêΓûêΓûêΓûêΓûêΓûêΓûêΓûêΓûêΓûë| 2990/3000 [25:20<00:04,  2.14it/s]
100%|ΓûêΓûêΓûêΓûêΓûêΓûêΓûêΓûêΓûêΓûë| 2991/3000 [25:21<00:04,  2.04it/s]
100%|ΓûêΓûêΓûêΓûêΓûêΓûêΓûêΓûêΓûêΓûë| 2992/3000 [25:21<00:03,  2.19it/s]
100%|ΓûêΓûêΓûêΓûêΓûêΓûêΓûêΓûêΓûêΓûë| 2993/3000 [25:22<00:03,  1.94it/s]
100%|ΓûêΓûêΓûêΓûêΓûêΓûêΓûêΓûêΓûêΓûë| 2994/3000 [25:22<00:02,  2.10it/s]
100%|ΓûêΓûêΓûêΓûêΓûêΓûêΓûêΓûêΓûêΓûë| 2995/3000 [25:23<00:02,  1.79it/s]
100%|ΓûêΓûêΓûêΓûêΓûêΓûêΓûêΓûêΓûêΓûë| 2996/3000 [25:23<00:02,  1.83it/s]
100%|ΓûêΓûêΓûêΓûêΓûêΓûêΓûêΓûêΓûêΓûë| 2997/3000 [25:24<00:01,  2.07it/s]
100%|ΓûêΓûêΓûêΓûêΓûêΓûêΓûêΓûêΓûêΓûë| 2998/3000 [25:24<00:00,  2.11it/s]
100%|ΓûêΓûêΓûêΓûêΓûêΓûêΓûêΓûêΓûêΓûë| 2999/3000 [25:25<00:00,  2.11it/s]
100%|ΓûêΓûêΓûêΓûêΓûêΓûêΓûêΓûêΓûêΓûê| 3000/3000 [25:25<00:00,  1.86it/s]
100%|ΓûêΓûêΓûêΓûêΓûêΓûêΓûêΓûêΓûêΓûê| 3000/3000 [25:25<00:00,  1.97it/s]
{"run_dir": "C:\\Users\\jv624\\Desktop\\fsm_reliability\\outputs\\fsm_grounding\\20261007_083632_20261007_071313_qwen25-7b-instruct_cert2_3000", "status": {"ok": 2973, "no_step": 27}, "tf_argmax_agreement": 0.8408}
