python.exe : W1003 02:27:31.558000 29528 site-packages\torch\utils\flop_counter.py:29] triton not found; flop counting 
will not work for triton kernels
At C:\Users\jv624\Desktop\fsm_reliability\outputs\pipeline_detached.ps1:18 char:5
+     & $py @pyArgs 2>&1 | Out-File -Encoding utf8 "outputs\queue_$name ...
+     ~~~~~~~~~~~~~~~~~~
    + CategoryInfo          : NotSpecified: (W1003 02:27:31.... triton kernels:String) [], RemoteException
    + FullyQualifiedErrorId : NativeCommandError
 

Loading weights:   0%|          | 0/339 [00:00<?, ?it/s]
Loading weights:   0%|          | 1/339 [00:00<02:19,  2.43it/s]
Loading weights:   1%|          | 2/339 [00:01<03:09,  1.78it/s]
Loading weights:   1%|          | 4/339 [00:01<01:26,  3.86it/s]
Loading weights:   1%|ΓûÅ         | 5/339 [00:01<01:14,  4.51it/s]
Loading weights:   2%|ΓûÅ         | 6/339 [00:01<01:04,  5.12it/s]
Loading weights:   5%|Γûì         | 16/339 [00:01<00:17, 18.85it/s]
Loading weights:   6%|Γûî         | 19/339 [00:01<00:19, 16.32it/s]
Loading weights:   8%|Γûè         | 28/339 [00:02<00:11, 26.46it/s]
Loading weights:   9%|Γûë         | 32/339 [00:02<00:12, 24.22it/s]
Loading weights:  12%|ΓûêΓûÅ        | 40/339 [00:02<00:09, 31.62it/s]
Loading weights:  13%|ΓûêΓûÄ        | 44/339 [00:02<00:10, 28.31it/s]
Loading weights:  15%|ΓûêΓûî        | 52/339 [00:02<00:08, 35.82it/s]
Loading weights:  17%|ΓûêΓûï        | 57/339 [00:02<00:08, 32.68it/s]
Loading weights:  19%|ΓûêΓûë        | 64/339 [00:03<00:07, 38.30it/s]
Loading weights:  20%|ΓûêΓûê        | 69/339 [00:03<00:07, 35.55it/s]
Loading weights:  22%|ΓûêΓûêΓûÅ       | 76/339 [00:03<00:06, 40.89it/s]
Loading weights:  24%|ΓûêΓûêΓûì       | 81/339 [00:03<00:07, 36.55it/s]
Loading weights:  26%|ΓûêΓûêΓûî       | 88/339 [00:03<00:06, 41.81it/s]
Loading weights:  27%|ΓûêΓûêΓûï       | 93/339 [00:03<00:06, 38.05it/s]
Loading weights:  29%|ΓûêΓûêΓûë       | 100/339 [00:03<00:05, 42.98it/s]
Loading weights:  31%|ΓûêΓûêΓûê       | 105/339 [00:04<00:06, 38.68it/s]
Loading weights:  33%|ΓûêΓûêΓûêΓûÄ      | 112/339 [00:04<00:05, 43.80it/s]
Loading weights:  35%|ΓûêΓûêΓûêΓûì      | 117/339 [00:04<00:05, 39.23it/s]
Loading weights:  37%|ΓûêΓûêΓûêΓûï      | 124/339 [00:04<00:04, 43.71it/s]
Loading weights:  38%|ΓûêΓûêΓûêΓûè      | 129/339 [00:04<00:05, 38.80it/s]
Loading weights:  40%|ΓûêΓûêΓûêΓûê      | 136/339 [00:04<00:04, 43.86it/s]
Loading weights:  42%|ΓûêΓûêΓûêΓûêΓûÅ     | 141/339 [00:05<00:05, 38.16it/s]
Loading weights:  44%|ΓûêΓûêΓûêΓûêΓûÄ     | 148/339 [00:05<00:04, 43.38it/s]
Loading weights:  45%|ΓûêΓûêΓûêΓûêΓûî     | 153/339 [00:05<00:04, 38.35it/s]
Loading weights:  47%|ΓûêΓûêΓûêΓûêΓûï     | 160/339 [00:05<00:04, 43.38it/s]
Loading weights:  49%|ΓûêΓûêΓûêΓûêΓûè     | 165/339 [00:05<00:04, 38.69it/s]
Loading weights:  51%|ΓûêΓûêΓûêΓûêΓûê     | 172/339 [00:05<00:03, 42.65it/s]
Loading weights:  52%|ΓûêΓûêΓûêΓûêΓûêΓûÅ    | 177/339 [00:05<00:04, 38.16it/s]
Loading weights:  54%|ΓûêΓûêΓûêΓûêΓûêΓûì    | 184/339 [00:06<00:03, 43.46it/s]
Loading weights:  56%|ΓûêΓûêΓûêΓûêΓûêΓûî    | 189/339 [00:06<00:03, 38.37it/s]
Loading weights:  58%|ΓûêΓûêΓûêΓûêΓûêΓûè    | 196/339 [00:06<00:03, 43.19it/s]
Loading weights:  59%|ΓûêΓûêΓûêΓûêΓûêΓûë    | 201/339 [00:06<00:03, 38.70it/s]
Loading weights:  61%|ΓûêΓûêΓûêΓûêΓûêΓûêΓûÅ   | 208/339 [00:06<00:03, 41.65it/s]
Loading weights:  63%|ΓûêΓûêΓûêΓûêΓûêΓûêΓûÄ   | 213/339 [00:06<00:03, 34.33it/s]
Loading weights:  65%|ΓûêΓûêΓûêΓûêΓûêΓûêΓûì   | 220/339 [00:07<00:03, 38.15it/s]
Loading weights:  66%|ΓûêΓûêΓûêΓûêΓûêΓûêΓûï   | 225/339 [00:07<00:03, 33.98it/s]
Loading weights:  68%|ΓûêΓûêΓûêΓûêΓûêΓûêΓûè   | 232/339 [00:07<00:02, 38.35it/s]
Loading weights:  70%|ΓûêΓûêΓûêΓûêΓûêΓûêΓûë   | 237/339 [00:07<00:02, 34.53it/s]
Loading weights:  72%|ΓûêΓûêΓûêΓûêΓûêΓûêΓûêΓûÅ  | 244/339 [00:07<00:02, 39.56it/s]
Loading weights:  73%|ΓûêΓûêΓûêΓûêΓûêΓûêΓûêΓûÄ  | 249/339 [00:07<00:02, 35.64it/s]
Loading weights:  76%|ΓûêΓûêΓûêΓûêΓûêΓûêΓûêΓûî  | 256/339 [00:07<00:02, 40.47it/s]
Loading weights:  77%|ΓûêΓûêΓûêΓûêΓûêΓûêΓûêΓûï  | 261/339 [00:08<00:02, 36.46it/s]
Loading weights:  79%|ΓûêΓûêΓûêΓûêΓûêΓûêΓûêΓûë  | 268/339 [00:08<00:01, 40.57it/s]
Loading weights:  81%|ΓûêΓûêΓûêΓûêΓûêΓûêΓûêΓûê  | 273/339 [00:08<00:01, 36.18it/s]
Loading weights:  83%|ΓûêΓûêΓûêΓûêΓûêΓûêΓûêΓûêΓûÄ | 280/339 [00:08<00:01, 41.07it/s]
Loading weights:  84%|ΓûêΓûêΓûêΓûêΓûêΓûêΓûêΓûêΓûì | 285/339 [00:08<00:01, 37.31it/s]
Loading weights:  86%|ΓûêΓûêΓûêΓûêΓûêΓûêΓûêΓûêΓûî | 292/339 [00:08<00:01, 41.39it/s]
Loading weights:  88%|ΓûêΓûêΓûêΓûêΓûêΓûêΓûêΓûêΓûè | 297/339 [00:09<00:01, 35.09it/s]
Loading weights:  90%|ΓûêΓûêΓûêΓûêΓûêΓûêΓûêΓûêΓûë | 304/339 [00:09<00:00, 40.37it/s]
Loading weights:  91%|ΓûêΓûêΓûêΓûêΓûêΓûêΓûêΓûêΓûê | 309/339 [00:09<00:00, 36.46it/s]
Loading weights:  93%|ΓûêΓûêΓûêΓûêΓûêΓûêΓûêΓûêΓûêΓûÄ| 316/339 [00:09<00:00, 40.63it/s]
Loading weights:  95%|ΓûêΓûêΓûêΓûêΓûêΓûêΓûêΓûêΓûêΓûì| 321/339 [00:09<00:00, 36.44it/s]
Loading weights:  97%|ΓûêΓûêΓûêΓûêΓûêΓûêΓûêΓûêΓûêΓûï| 328/339 [00:09<00:00, 40.78it/s]
Loading weights:  98%|ΓûêΓûêΓûêΓûêΓûêΓûêΓûêΓûêΓûêΓûè| 333/339 [00:10<00:00, 36.10it/s]
Loading weights: 100%|ΓûêΓûêΓûêΓûêΓûêΓûêΓûêΓûêΓûêΓûê| 339/339 [00:10<00:00, 33.74it/s]

  0%|          | 0/4500 [00:00<?, ?it/s]
  0%|          | 1/4500 [00:00<1:02:28,  1.20it/s]
  0%|          | 2/4500 [00:01<58:35,  1.28it/s]  
  0%|          | 3/4500 [00:02<58:42,  1.28it/s]
  0%|          | 4/4500 [00:03<54:51,  1.37it/s]
  0%|          | 5/4500 [00:03<54:16,  1.38it/s]
  0%|          | 6/4500 [00:04<52:19,  1.43it/s]
  0%|          | 7/4500 [00:05<54:47,  1.37it/s]
  0%|          | 8/4500 [00:05<54:20,  1.38it/s]
  0%|          | 9/4500 [00:06<54:25,  1.38it/s]
  0%|          | 10/4500 [00:07<54:00,  1.39it/s]
  0%|          | 11/4500 [00:08<54:07,  1.38it/s]
  0%|          | 12/4500 [00:08<54:25,  1.37it/s]
  0%|          | 13/4500 [00:09<55:33,  1.35it/s]
  0%|          | 14/4500 [00:10<53:16,  1.40it/s]
  0%|          | 15/4500 [00:10<52:50,  1.41it/s]
  0%|          | 16/4500 [00:11<52:55,  1.41it/s]
  0%|          | 17/4500 [00:12<54:08,  1.38it/s]
  0%|          | 18/4500 [00:13<54:25,  1.37it/s]
  0%|          | 19/4500 [00:13<56:07,  1.33it/s]
  0%|          | 20/4500 [00:14<55:28,  1.35it/s]
  0%|          | 21/4500 [00:15<53:05,  1.41it/s]
  0%|          | 22/4500 [00:16<53:26,  1.40it/s]
  1%|          | 23/4500 [00:16<55:15,  1.35it/s]
  1%|          | 24/4500 [00:17<54:32,  1.37it/s]
  1%|          | 25/4500 [00:18<55:39,  1.34it/s]
  1%|          | 26/4500 [00:18<53:21,  1.40it/s]
  1%|          | 27/4500 [00:19<53:06,  1.40it/s]
  1%|          | 28/4500 [00:20<52:13,  1.43it/s]
  1%|          | 29/4500 [00:20<51:04,  1.46it/s]
  1%|          | 30/4500 [00:21<51:47,  1.44it/s]
  1%|          | 31/4500 [00:22<52:25,  1.42it/s]
  1%|          | 32/4500 [00:23<54:37,  1.36it/s]
  1%|          | 33/4500 [00:24<55:53,  1.33it/s]
  1%|          | 34/4500 [00:24<55:14,  1.35it/s]
  1%|          | 36/4500 [00:25<42:17,  1.76it/s]
  1%|          | 37/4500 [00:26<44:13,  1.68it/s]
  1%|          | 38/4500 [00:26<47:32,  1.56it/s]
  1%|          | 39/4500 [00:27<48:06,  1.55it/s]
  1%|          | 40/4500 [00:28<51:36,  1.44it/s]
  1%|          | 41/4500 [00:29<53:44,  1.38it/s]
  1%|          | 42/4500 [00:29<55:28,  1.34it/s]
  1%|          | 43/4500 [00:30<56:27,  1.32it/s]
  1%|          | 44/4500 [00:31<56:10,  1.32it/s]
  1%|          | 45/4500 [00:32<57:00,  1.30it/s]
  1%|          | 46/4500 [00:33<57:37,  1.29it/s]
  1%|          | 47/4500 [00:33<56:49,  1.31it/s]
  1%|          | 48/4500 [00:34<54:18,  1.37it/s]
  1%|          | 49/4500 [00:35<54:20,  1.37it/s]
  1%|          | 50/4500 [00:36<55:04,  1.35it/s]
  1%|          | 51/4500 [00:36<53:42,  1.38it/s]
  1%|          | 52/4500 [00:37<52:05,  1.42it/s]
  1%|          | 53/4500 [00:38<54:25,  1.36it/s]
  1%|          | 54/4500 [00:38<52:53,  1.40it/s]
  1%|          | 55/4500 [00:39<52:58,  1.40it/s]
  1%|          | 56/4500 [00:40<52:28,  1.41it/s]
  1%|ΓûÅ         | 57/4500 [00:41<55:48,  1.33it/s]
  1%|ΓûÅ         | 58/4500 [00:41<56:58,  1.30it/s]
  1%|ΓûÅ         | 59/4500 [00:42<56:19,  1.31it/s]
  1%|ΓûÅ         | 60/4500 [00:43<57:30,  1.29it/s]
  1%|ΓûÅ         | 61/4500 [00:44<56:32,  1.31it/s]
  1%|ΓûÅ         | 62/4500 [00:44<54:17,  1.36it/s]
  1%|ΓûÅ         | 63/4500 [00:45<53:15,  1.39it/s]
  1%|ΓûÅ         | 64/4500 [00:46<56:03,  1.32it/s]
  1%|ΓûÅ         | 65/4500 [00:47<54:07,  1.37it/s]
  1%|ΓûÅ         | 66/4500 [00:47<52:34,  1.41it/s]
  1%|ΓûÅ         | 67/4500 [00:48<55:36,  1.33it/s]
  2%|ΓûÅ         | 68/4500 [00:49<55:47,  1.32it/s]
  2%|ΓûÅ         | 69/4500 [00:50<56:01,  1.32it/s]
  2%|ΓûÅ         | 70/4500 [00:50<54:55,  1.34it/s]
  2%|ΓûÅ         | 71/4500 [00:51<55:15,  1.34it/s]
  2%|ΓûÅ         | 72/4500 [00:52<55:42,  1.32it/s]
  2%|ΓûÅ         | 73/4500 [00:53<57:00,  1.29it/s]
  2%|ΓûÅ         | 74/4500 [00:53<54:52,  1.34it/s]
  2%|ΓûÅ         | 75/4500 [00:54<53:33,  1.38it/s]
  2%|ΓûÅ         | 76/4500 [00:55<52:53,  1.39it/s]
  2%|ΓûÅ         | 77/4500 [00:56<54:49,  1.34it/s]
  2%|ΓûÅ         | 78/4500 [00:56<54:41,  1.35it/s]
  2%|ΓûÅ         | 79/4500 [00:57<54:54,  1.34it/s]
  2%|ΓûÅ         | 80/4500 [00:58<54:35,  1.35it/s]
  2%|ΓûÅ         | 81/4500 [00:58<53:20,  1.38it/s]
  2%|ΓûÅ         | 82/4500 [00:59<56:52,  1.29it/s]
  2%|ΓûÅ         | 83/4500 [01:00<57:54,  1.27it/s]
  2%|ΓûÅ         | 84/4500 [01:01<55:35,  1.32it/s]
  2%|ΓûÅ         | 85/4500 [01:02<55:29,  1.33it/s]
  2%|ΓûÅ         | 86/4500 [01:02<57:08,  1.29it/s]
  2%|ΓûÅ         | 87/4500 [01:03<55:12,  1.33it/s]
  2%|ΓûÅ         | 88/4500 [01:04<55:22,  1.33it/s]
  2%|ΓûÅ         | 89/4500 [01:05<55:34,  1.32it/s]
  2%|ΓûÅ         | 90/4500 [01:05<54:33,  1.35it/s]
  2%|ΓûÅ         | 91/4500 [01:06<52:51,  1.39it/s]
  2%|ΓûÅ         | 92/4500 [01:07<52:11,  1.41it/s]
  2%|ΓûÅ         | 93/4500 [01:07<53:41,  1.37it/s]
  2%|ΓûÅ         | 94/4500 [01:08<56:27,  1.30it/s]
  2%|ΓûÅ         | 95/4500 [01:09<57:05,  1.29it/s]
  2%|ΓûÅ         | 96/4500 [01:10<59:28,  1.23it/s]
  2%|ΓûÅ         | 97/4500 [01:11<59:42,  1.23it/s]
  2%|ΓûÅ         | 98/4500 [01:12<58:44,  1.25it/s]
  2%|ΓûÅ         | 99/4500 [01:12<57:37,  1.27it/s]
  2%|ΓûÅ         | 100/4500 [01:13<58:47,  1.25it/s]
  2%|ΓûÅ         | 101/4500 [01:14<59:19,  1.24it/s]
  2%|ΓûÅ         | 102/4500 [01:15<58:12,  1.26it/s]
  2%|ΓûÅ         | 103/4500 [01:16<59:12,  1.24it/s]
  2%|ΓûÅ         | 104/4500 [01:16<59:31,  1.23it/s]
  2%|ΓûÅ         | 105/4500 [01:17<58:16,  1.26it/s]
  2%|ΓûÅ         | 106/4500 [01:18<56:08,  1.30it/s]
  2%|ΓûÅ         | 107/4500 [01:19<56:17,  1.30it/s]
  2%|ΓûÅ         | 108/4500 [01:19<54:37,  1.34it/s]
  2%|ΓûÅ         | 109/4500 [01:20<55:15,  1.32it/s]
  2%|ΓûÅ         | 110/4500 [01:21<55:39,  1.31it/s]
  2%|ΓûÅ         | 111/4500 [01:22<56:11,  1.30it/s]
  2%|ΓûÅ         | 112/4500 [01:23<58:02,  1.26it/s]
  3%|ΓûÄ         | 113/4500 [01:23<57:19,  1.28it/s]
  3%|ΓûÄ         | 114/4500 [01:24<55:37,  1.31it/s]
  3%|ΓûÄ         | 115/4500 [01:25<55:22,  1.32it/s]
  3%|ΓûÄ         | 116/4500 [01:25<53:53,  1.36it/s]
  3%|ΓûÄ         | 117/4500 [01:26<56:46,  1.29it/s]
  3%|ΓûÄ         | 118/4500 [01:27<56:04,  1.30it/s]
  3%|ΓûÄ         | 119/4500 [01:28<58:22,  1.25it/s]
  3%|ΓûÄ         | 120/4500 [01:29<1:00:39,  1.20it/s]
  3%|ΓûÄ         | 121/4500 [01:30<1:03:06,  1.16it/s]
  3%|ΓûÄ         | 122/4500 [01:31<1:00:43,  1.20it/s]
  3%|ΓûÄ         | 123/4500 [01:31<1:00:27,  1.21it/s]
  3%|ΓûÄ         | 124/4500 [01:32<59:23,  1.23it/s]  
  3%|ΓûÄ         | 125/4500 [01:33<1:00:56,  1.20it/s]
  3%|ΓûÄ         | 126/4500 [01:34<1:00:16,  1.21it/s]
  3%|ΓûÄ         | 127/4500 [01:35<58:31,  1.25it/s]  
  3%|ΓûÄ         | 128/4500 [01:35<59:31,  1.22it/s]
  3%|ΓûÄ         | 129/4500 [01:36<59:56,  1.22it/s]
  3%|ΓûÄ         | 130/4500 [01:37<59:58,  1.21it/s]
  3%|ΓûÄ         | 131/4500 [01:38<59:52,  1.22it/s]
  3%|ΓûÄ         | 132/4500 [01:39<58:42,  1.24it/s]
  3%|ΓûÄ         | 133/4500 [01:39<57:28,  1.27it/s]
  3%|ΓûÄ         | 134/4500 [01:40<59:02,  1.23it/s]
  3%|ΓûÄ         | 135/4500 [01:41<58:38,  1.24it/s]
  3%|ΓûÄ         | 136/4500 [01:42<58:44,  1.24it/s]
  3%|ΓûÄ         | 137/4500 [01:43<57:52,  1.26it/s]
  3%|ΓûÄ         | 138/4500 [01:43<56:33,  1.29it/s]
  3%|ΓûÄ         | 139/4500 [01:44<1:00:21,  1.20it/s]
  3%|ΓûÄ         | 140/4500 [01:45<59:13,  1.23it/s]  
  3%|ΓûÄ         | 141/4500 [01:46<57:25,  1.27it/s]
  3%|ΓûÄ         | 142/4500 [01:47<58:14,  1.25it/s]
  3%|ΓûÄ         | 143/4500 [01:48<1:00:37,  1.20it/s]
  3%|ΓûÄ         | 144/4500 [01:48<59:25,  1.22it/s]  
  3%|ΓûÄ         | 145/4500 [01:49<58:31,  1.24it/s]
  3%|ΓûÄ         | 146/4500 [01:50<59:53,  1.21it/s]
  3%|ΓûÄ         | 147/4500 [01:51<1:02:05,  1.17it/s]
  3%|ΓûÄ         | 148/4500 [01:52<1:01:20,  1.18it/s]
  3%|ΓûÄ         | 149/4500 [01:53<1:00:16,  1.20it/s]
  3%|ΓûÄ         | 150/4500 [01:53<57:19,  1.26it/s]  
  3%|ΓûÄ         | 151/4500 [01:54<55:39,  1.30it/s]
  3%|ΓûÄ         | 152/4500 [01:55<55:51,  1.30it/s]
  3%|ΓûÄ         | 153/4500 [01:56<57:27,  1.26it/s]
  3%|ΓûÄ         | 154/4500 [01:56<56:40,  1.28it/s]
  3%|ΓûÄ         | 155/4500 [01:57<58:59,  1.23it/s]
  3%|ΓûÄ         | 156/4500 [01:58<1:00:27,  1.20it/s]
  3%|ΓûÄ         | 157/4500 [01:59<57:23,  1.26it/s]  
  4%|ΓûÄ         | 158/4500 [02:00<57:49,  1.25it/s]
  4%|ΓûÄ         | 159/4500 [02:01<1:01:08,  1.18it/s]
  4%|ΓûÄ         | 160/4500 [02:01<1:01:01,  1.19it/s]
  4%|ΓûÄ         | 161/4500 [02:02<1:00:49,  1.19it/s]
  4%|ΓûÄ         | 162/4500 [02:03<1:00:07,  1.20it/s]
  4%|ΓûÄ         | 163/4500 [02:04<1:01:11,  1.18it/s]
  4%|ΓûÄ         | 164/4500 [02:05<1:00:08,  1.20it/s]
  4%|ΓûÄ         | 165/4500 [02:05<57:22,  1.26it/s]  
  4%|ΓûÄ         | 166/4500 [02:06<56:41,  1.27it/s]
  4%|ΓûÄ         | 167/4500 [02:07<55:02,  1.31it/s]
  4%|ΓûÄ         | 168/4500 [02:08<55:30,  1.30it/s]
  4%|Γûì         | 169/4500 [02:08<55:26,  1.30it/s]
  4%|Γûì         | 170/4500 [02:09<54:22,  1.33it/s]
  4%|Γûì         | 171/4500 [02:10<54:39,  1.32it/s]
  4%|Γûì         | 172/4500 [02:11<53:10,  1.36it/s]
  4%|Γûì         | 173/4500 [02:11<54:12,  1.33it/s]
  4%|Γûì         | 174/4500 [02:12<54:50,  1.31it/s]
  4%|Γûì         | 175/4500 [02:13<57:39,  1.25it/s]
  4%|Γûì         | 176/4500 [02:14<59:04,  1.22it/s]
  4%|Γûì         | 177/4500 [02:15<58:22,  1.23it/s]
  4%|Γûì         | 178/4500 [02:16<57:23,  1.26it/s]
  4%|Γûì         | 179/4500 [02:16<57:11,  1.26it/s]
  4%|Γûì         | 180/4500 [02:17<55:09,  1.31it/s]
  4%|Γûì         | 181/4500 [02:18<55:43,  1.29it/s]
  4%|Γûì         | 182/4500 [02:19<54:22,  1.32it/s]
  4%|Γûì         | 183/4500 [02:19<56:32,  1.27it/s]
  4%|Γûì         | 184/4500 [02:20<58:28,  1.23it/s]
  4%|Γûì         | 185/4500 [02:21<59:35,  1.21it/s]
  4%|Γûì         | 186/4500 [02:22<1:00:16,  1.19it/s]
  4%|Γûì         | 187/4500 [02:23<1:00:24,  1.19it/s]
  4%|Γûì         | 188/4500 [02:24<58:47,  1.22it/s]  
  4%|Γûì         | 189/4500 [02:24<58:07,  1.24it/s]
  4%|Γûì         | 190/4500 [02:25<59:43,  1.20it/s]
  4%|Γûì         | 191/4500 [02:26<59:19,  1.21it/s]
  4%|Γûì         | 192/4500 [02:27<58:59,  1.22it/s]
  4%|Γûì         | 193/4500 [02:28<58:40,  1.22it/s]
  4%|Γûì         | 194/4500 [02:28<58:07,  1.23it/s]
  4%|Γûì         | 195/4500 [02:29<57:25,  1.25it/s]
  4%|Γûì         | 196/4500 [02:30<56:09,  1.28it/s]
  4%|Γûì         | 197/4500 [02:31<58:50,  1.22it/s]
  4%|Γûì         | 198/4500 [02:32<1:00:05,  1.19it/s]
  4%|Γûì         | 199/4500 [02:33<59:45,  1.20it/s]  
  4%|Γûì         | 200/4500 [02:33<57:26,  1.25it/s]
  4%|Γûì         | 201/4500 [02:34<57:11,  1.25it/s]
  4%|Γûì         | 202/4500 [02:35<56:56,  1.26it/s]
  5%|Γûì         | 203/4500 [02:36<55:23,  1.29it/s]
  5%|Γûì         | 204/4500 [02:36<54:22,  1.32it/s]
  5%|Γûì         | 205/4500 [02:37<55:12,  1.30it/s]
  5%|Γûì         | 206/4500 [02:38<54:02,  1.32it/s]
  5%|Γûì         | 207/4500 [02:39<53:15,  1.34it/s]
  5%|Γûì         | 208/4500 [02:39<53:32,  1.34it/s]
  5%|Γûì         | 209/4500 [02:40<53:25,  1.34it/s]
  5%|Γûì         | 210/4500 [02:41<54:08,  1.32it/s]
  5%|Γûì         | 211/4500 [02:42<54:58,  1.30it/s]
  5%|Γûì         | 212/4500 [02:43<57:48,  1.24it/s]
  5%|Γûì         | 213/4500 [02:43<55:59,  1.28it/s]
  5%|Γûì         | 214/4500 [02:44<58:17,  1.23it/s]
  5%|Γûì         | 215/4500 [02:45<58:13,  1.23it/s]
  5%|Γûì         | 216/4500 [02:46<58:40,  1.22it/s]
  5%|Γûì         | 217/4500 [02:47<1:00:34,  1.18it/s]
  5%|Γûì         | 218/4500 [02:48<1:00:22,  1.18it/s]
  5%|Γûì         | 219/4500 [02:48<59:44,  1.19it/s]  
  5%|Γûì         | 220/4500 [02:49<59:03,  1.21it/s]
  5%|Γûì         | 221/4500 [02:50<59:10,  1.21it/s]
  5%|Γûì         | 222/4500 [02:51<58:40,  1.22it/s]
  5%|Γûì         | 223/4500 [02:52<59:35,  1.20it/s]
  5%|Γûì         | 224/4500 [02:53<57:49,  1.23it/s]
  5%|Γûî         | 225/4500 [02:53<58:20,  1.22it/s]
  5%|Γûî         | 226/4500 [02:54<58:28,  1.22it/s]
  5%|Γûî         | 227/4500 [02:55<56:23,  1.26it/s]
  5%|Γûî         | 228/4500 [02:56<59:02,  1.21it/s]
  5%|Γûî         | 229/4500 [02:57<59:03,  1.21it/s]
  5%|Γûî         | 230/4500 [02:58<1:00:33,  1.18it/s]
  5%|Γûî         | 231/4500 [02:58<59:56,  1.19it/s]  
  5%|Γûî         | 232/4500 [02:59<58:49,  1.21it/s]
  5%|Γûî         | 233/4500 [03:00<56:53,  1.25it/s]
  5%|Γûî         | 234/4500 [03:01<58:50,  1.21it/s]
  5%|Γûî         | 235/4500 [03:02<58:38,  1.21it/s]
  5%|Γûî         | 236/4500 [03:03<1:00:19,  1.18it/s]
  5%|Γûî         | 237/4500 [03:03<58:15,  1.22it/s]  
  5%|Γûî         | 238/4500 [03:04<56:08,  1.27it/s]
  5%|Γûî         | 239/4500 [03:05<54:53,  1.29it/s]
  5%|Γûî         | 240/4500 [03:06<55:35,  1.28it/s]
  5%|Γûî         | 241/4500 [03:06<56:19,  1.26it/s]
  5%|Γûî         | 242/4500 [03:07<58:45,  1.21it/s]
  5%|Γûî         | 243/4500 [03:08<58:07,  1.22it/s]
  5%|Γûî         | 244/4500 [03:09<1:00:02,  1.18it/s]
  5%|Γûî         | 245/4500 [03:10<59:19,  1.20it/s]  
  5%|Γûî         | 246/4500 [03:11<59:56,  1.18it/s]
  5%|Γûî         | 247/4500 [03:11<58:12,  1.22it/s]
  6%|Γûî         | 248/4500 [03:12<57:48,  1.23it/s]
  6%|Γûî         | 249/4500 [03:13<58:18,  1.21it/s]
  6%|Γûî         | 250/4500 [03:14<56:48,  1.25it/s]
  6%|Γûî         | 251/4500 [03:15<58:56,  1.20it/s]
  6%|Γûî         | 252/4500 [03:15<56:49,  1.25it/s]
  6%|Γûî         | 253/4500 [03:16<57:25,  1.23it/s]
  6%|Γûî         | 254/4500 [03:17<57:21,  1.23it/s]
  6%|Γûî         | 255/4500 [03:18<57:30,  1.23it/s]
  6%|Γûî         | 256/4500 [03:19<57:04,  1.24it/s]
  6%|Γûî         | 257/4500 [03:19<56:57,  1.24it/s]
  6%|Γûî         | 258/4500 [03:20<57:04,  1.24it/s]
  6%|Γûî         | 259/4500 [03:21<56:03,  1.26it/s]
  6%|Γûî         | 260/4500 [03:22<56:05,  1.26it/s]
  6%|Γûî         | 261/4500 [03:23<55:15,  1.28it/s]
  6%|Γûî         | 263/4500 [03:24<45:00,  1.57it/s]
  6%|Γûî         | 264/4500 [03:24<46:58,  1.50it/s]
  6%|Γûî         | 265/4500 [03:25<51:07,  1.38it/s]
  6%|Γûî         | 266/4500 [03:26<51:31,  1.37it/s]
  6%|Γûî         | 267/4500 [03:27<56:23,  1.25it/s]
  6%|Γûî         | 268/4500 [03:28<55:37,  1.27it/s]
  6%|Γûî         | 269/4500 [03:28<54:12,  1.30it/s]
  6%|Γûî         | 270/4500 [03:29<56:38,  1.24it/s]
  6%|Γûî         | 271/4500 [03:30<55:09,  1.28it/s]
  6%|Γûî         | 272/4500 [03:31<55:25,  1.27it/s]
  6%|Γûî         | 273/4500 [03:32<56:53,  1.24it/s]
  6%|Γûî         | 274/4500 [03:32<55:49,  1.26it/s]
  6%|Γûî         | 275/4500 [03:33<54:01,  1.30it/s]
  6%|Γûî         | 276/4500 [03:34<54:52,  1.28it/s]
  6%|Γûî         | 277/4500 [03:35<53:36,  1.31it/s]
  6%|Γûî         | 278/4500 [03:35<52:39,  1.34it/s]
  6%|Γûî         | 279/4500 [03:36<54:01,  1.30it/s]
  6%|Γûî         | 280/4500 [03:37<56:16,  1.25it/s]
  6%|Γûî         | 281/4500 [03:38<56:04,  1.25it/s]
  6%|Γûï         | 282/4500 [03:39<57:42,  1.22it/s]
  6%|Γûï         | 283/4500 [03:40<58:55,  1.19it/s]
  6%|Γûï         | 284/4500 [03:40<58:25,  1.20it/s]
  6%|Γûï         | 285/4500 [03:41<58:57,  1.19it/s]
  6%|Γûï         | 286/4500 [03:42<56:51,  1.24it/s]
  6%|Γûï         | 287/4500 [03:43<55:10,  1.27it/s]
  6%|Γûï         | 288/4500 [03:44<58:18,  1.20it/s]
  6%|Γûï         | 289/4500 [03:45<59:15,  1.18it/s]
  6%|Γûï         | 290/4500 [03:45<56:59,  1.23it/s]
  6%|Γûï         | 291/4500 [03:46<56:37,  1.24it/s]
  6%|Γûï         | 292/4500 [03:47<58:20,  1.20it/s]
  7%|Γûï         | 293/4500 [03:48<55:53,  1.25it/s]
  7%|Γûï         | 294/4500 [03:48<55:34,  1.26it/s]
  7%|Γûï         | 295/4500 [03:49<55:24,  1.26it/s]
  7%|Γûï         | 296/4500 [03:50<57:55,  1.21it/s]
  7%|Γûï         | 297/4500 [03:51<1:00:42,  1.15it/s]
  7%|Γûï         | 298/4500 [03:52<57:25,  1.22it/s]  
  7%|Γûï         | 299/4500 [03:53<57:07,  1.23it/s]
  7%|Γûï         | 300/4500 [03:53<56:25,  1.24it/s]
  7%|Γûï         | 301/4500 [03:54<54:27,  1.29it/s]
  7%|Γûï         | 302/4500 [03:55<57:15,  1.22it/s]
  7%|Γûï         | 303/4500 [03:56<59:36,  1.17it/s]
  7%|Γûï         | 304/4500 [03:57<56:39,  1.23it/s]
  7%|Γûï         | 305/4500 [03:57<54:47,  1.28it/s]
  7%|Γûï         | 306/4500 [03:58<54:53,  1.27it/s]
  7%|Γûï         | 307/4500 [03:59<56:30,  1.24it/s]
  7%|Γûï         | 308/4500 [04:00<55:24,  1.26it/s]
  7%|Γûï         | 309/4500 [04:01<58:15,  1.20it/s]
  7%|Γûï         | 310/4500 [04:01<55:56,  1.25it/s]
  7%|Γûï         | 311/4500 [04:02<57:38,  1.21it/s]
  7%|Γûï         | 312/4500 [04:03<57:05,  1.22it/s]
  7%|Γûï         | 313/4500 [04:04<57:13,  1.22it/s]
  7%|Γûï         | 314/4500 [04:05<55:46,  1.25it/s]
  7%|Γûï         | 315/4500 [04:05<54:35,  1.28it/s]
  7%|Γûï         | 316/4500 [04:06<54:45,  1.27it/s]
  7%|Γûï         | 317/4500 [04:07<53:31,  1.30it/s]
  7%|Γûï         | 318/4500 [04:08<53:59,  1.29it/s]
  7%|Γûï         | 319/4500 [04:09<54:15,  1.28it/s]
  7%|Γûï         | 320/4500 [04:09<56:20,  1.24it/s]
  7%|Γûï         | 321/4500 [04:10<56:25,  1.23it/s]
  7%|Γûï         | 322/4500 [04:11<55:57,  1.24it/s]
  7%|Γûï         | 323/4500 [04:12<55:20,  1.26it/s]
  7%|Γûï         | 324/4500 [04:13<55:20,  1.26it/s]
  7%|Γûï         | 325/4500 [04:13<53:28,  1.30it/s]
  7%|Γûï         | 326/4500 [04:14<56:27,  1.23it/s]
  7%|Γûï         | 327/4500 [04:15<56:49,  1.22it/s]
  7%|Γûï         | 328/4500 [04:16<55:29,  1.25it/s]
  7%|Γûï         | 329/4500 [04:17<56:39,  1.23it/s]
  7%|Γûï         | 330/4500 [04:17<56:16,  1.23it/s]
  7%|Γûï         | 331/4500 [04:18<55:52,  1.24it/s]
  7%|Γûï         | 332/4500 [04:19<53:33,  1.30it/s]
  7%|Γûï         | 333/4500 [04:20<54:47,  1.27it/s]
  7%|Γûï         | 334/4500 [04:21<56:34,  1.23it/s]
  7%|Γûï         | 335/4500 [04:21<54:45,  1.27it/s]
  7%|Γûï         | 336/4500 [04:22<54:58,  1.26it/s]
  7%|Γûï         | 337/4500 [04:23<57:17,  1.21it/s]
  8%|Γûè         | 338/4500 [04:24<56:06,  1.24it/s]
  8%|Γûè         | 339/4500 [04:25<59:17,  1.17it/s]
  8%|Γûè         | 340/4500 [04:26<1:01:00,  1.14it/s]
  8%|Γûè         | 341/4500 [04:27<1:00:58,  1.14it/s]
  8%|Γûè         | 342/4500 [04:28<1:00:46,  1.14it/s]
  8%|Γûè         | 343/4500 [04:28<1:00:45,  1.14it/s]
  8%|Γûè         | 344/4500 [04:29<1:02:33,  1.11it/s]
  8%|Γûè         | 345/4500 [04:30<1:01:02,  1.13it/s]
  8%|Γûè         | 346/4500 [04:31<1:02:18,  1.11it/s]
  8%|Γûè         | 347/4500 [04:32<1:02:42,  1.10it/s]
  8%|Γûè         | 348/4500 [04:33<1:02:28,  1.11it/s]
  8%|Γûè         | 349/4500 [04:34<1:03:54,  1.08it/s]
  8%|Γûè         | 350/4500 [04:35<1:03:43,  1.09it/s]
  8%|Γûè         | 351/4500 [04:36<1:05:28,  1.06it/s]
  8%|Γûè         | 352/4500 [04:37<1:06:53,  1.03it/s]
  8%|Γûè         | 353/4500 [04:38<1:06:17,  1.04it/s]
  8%|Γûè         | 354/4500 [04:39<1:05:13,  1.06it/s]
  8%|Γûè         | 355/4500 [04:40<1:06:21,  1.04it/s]
  8%|Γûè         | 356/4500 [04:41<1:06:19,  1.04it/s]
  8%|Γûè         | 357/4500 [04:42<1:03:55,  1.08it/s]
  8%|Γûè         | 358/4500 [04:43<1:06:22,  1.04it/s]
  8%|Γûè         | 359/4500 [04:43<1:05:22,  1.06it/s]
  8%|Γûè         | 360/4500 [04:45<1:06:54,  1.03it/s]
  8%|Γûè         | 361/4500 [04:45<1:04:30,  1.07it/s]
  8%|Γûè         | 362/4500 [04:46<1:03:56,  1.08it/s]
  8%|Γûè         | 363/4500 [04:47<1:05:27,  1.05it/s]
  8%|Γûè         | 364/4500 [04:48<1:03:07,  1.09it/s]
  8%|Γûè         | 365/4500 [04:49<1:05:47,  1.05it/s]
  8%|Γûè         | 366/4500 [04:50<1:04:19,  1.07it/s]
  8%|Γûè         | 367/4500 [04:51<1:01:20,  1.12it/s]
  8%|Γûè         | 368/4500 [04:52<1:02:38,  1.10it/s]
  8%|Γûè         | 369/4500 [04:53<1:01:54,  1.11it/s]
  8%|Γûè         | 370/4500 [04:53<59:55,  1.15it/s]  
  8%|Γûè         | 371/4500 [04:54<58:56,  1.17it/s]
  8%|Γûè         | 372/4500 [04:55<1:01:01,  1.13it/s]
  8%|Γûè         | 373/4500 [04:56<59:51,  1.15it/s]  
  8%|Γûè         | 374/4500 [04:57<59:25,  1.16it/s]
  8%|Γûè         | 375/4500 [04:58<1:00:33,  1.14it/s]
  8%|Γûè         | 376/4500 [04:59<59:28,  1.16it/s]  
  8%|Γûè         | 377/4500 [04:59<57:33,  1.19it/s]
  8%|Γûè         | 378/4500 [05:00<55:56,  1.23it/s]
  8%|Γûè         | 379/4500 [05:01<56:02,  1.23it/s]
  8%|Γûè         | 380/4500 [05:02<55:16,  1.24it/s]
  8%|Γûè         | 381/4500 [05:03<55:03,  1.25it/s]
  8%|Γûè         | 382/4500 [05:03<53:45,  1.28it/s]
  9%|Γûè         | 383/4500 [05:04<54:52,  1.25it/s]
  9%|Γûè         | 384/4500 [05:05<56:11,  1.22it/s]
  9%|Γûè         | 385/4500 [05:06<55:35,  1.23it/s]
  9%|Γûè         | 386/4500 [05:07<55:31,  1.23it/s]
  9%|Γûè         | 387/4500 [05:07<55:33,  1.23it/s]
  9%|Γûè         | 388/4500 [05:08<55:32,  1.23it/s]
  9%|Γûè         | 389/4500 [05:09<58:07,  1.18it/s]
  9%|Γûè         | 390/4500 [05:10<57:49,  1.18it/s]
  9%|Γûè         | 391/4500 [05:11<55:51,  1.23it/s]
  9%|Γûè         | 392/4500 [05:12<57:38,  1.19it/s]
  9%|Γûè         | 393/4500 [05:13<57:38,  1.19it/s]
  9%|Γûë         | 394/4500 [05:13<58:28,  1.17it/s]
  9%|Γûë         | 395/4500 [05:14<59:07,  1.16it/s]
  9%|Γûë         | 396/4500 [05:15<56:48,  1.20it/s]
  9%|Γûë         | 397/4500 [05:16<55:05,  1.24it/s]
  9%|Γûë         | 398/4500 [05:17<54:51,  1.25it/s]
  9%|Γûë         | 399/4500 [05:17<52:59,  1.29it/s]
  9%|Γûë         | 400/4500 [05:18<51:42,  1.32it/s]
  9%|Γûë         | 401/4500 [05:19<52:38,  1.30it/s]
  9%|Γûë         | 402/4500 [05:20<53:05,  1.29it/s]
  9%|Γûë         | 403/4500 [05:20<52:37,  1.30it/s]
  9%|Γûë         | 404/4500 [05:21<53:46,  1.27it/s]
  9%|Γûë         | 405/4500 [05:22<54:56,  1.24it/s]
  9%|Γûë         | 406/4500 [05:23<53:41,  1.27it/s]
  9%|Γûë         | 407/4500 [05:24<52:43,  1.29it/s]
  9%|Γûë         | 408/4500 [05:24<53:19,  1.28it/s]
  9%|Γûë         | 409/4500 [05:25<55:28,  1.23it/s]
  9%|Γûë         | 410/4500 [05:26<54:49,  1.24it/s]
  9%|Γûë         | 411/4500 [05:27<56:30,  1.21it/s]
  9%|Γûë         | 412/4500 [05:28<55:41,  1.22it/s]
  9%|Γûë         | 413/4500 [05:29<56:36,  1.20it/s]
  9%|Γûë         | 414/4500 [05:29<54:37,  1.25it/s]
  9%|Γûë         | 415/4500 [05:30<53:37,  1.27it/s]
  9%|Γûë         | 416/4500 [05:31<54:13,  1.26it/s]
  9%|Γûë         | 417/4500 [05:32<54:32,  1.25it/s]
  9%|Γûë         | 418/4500 [05:32<54:21,  1.25it/s]
  9%|Γûë         | 419/4500 [05:33<52:26,  1.30it/s]
  9%|Γûë         | 420/4500 [05:34<51:11,  1.33it/s]
  9%|Γûë         | 421/4500 [05:35<53:23,  1.27it/s]
  9%|Γûë         | 422/4500 [05:36<52:57,  1.28it/s]
  9%|Γûë         | 423/4500 [05:36<54:00,  1.26it/s]
  9%|Γûë         | 424/4500 [05:37<56:04,  1.21it/s]
  9%|Γûë         | 425/4500 [05:38<56:56,  1.19it/s]
  9%|Γûë         | 426/4500 [05:39<53:56,  1.26it/s]
  9%|Γûë         | 427/4500 [05:40<53:58,  1.26it/s]
 10%|Γûë         | 428/4500 [05:40<55:20,  1.23it/s]
 10%|Γûë         | 429/4500 [05:41<56:34,  1.20it/s]
 10%|Γûë         | 430/4500 [05:42<54:28,  1.25it/s]
 10%|Γûë         | 431/4500 [05:43<53:06,  1.28it/s]
 10%|Γûë         | 432/4500 [05:44<52:16,  1.30it/s]
 10%|Γûë         | 433/4500 [05:44<54:29,  1.24it/s]
 10%|Γûë         | 434/4500 [05:45<52:30,  1.29it/s]
 10%|Γûë         | 435/4500 [05:46<52:54,  1.28it/s]
 10%|Γûë         | 436/4500 [05:47<51:32,  1.31it/s]
 10%|Γûë         | 437/4500 [05:47<50:27,  1.34it/s]
 10%|Γûë         | 438/4500 [05:48<52:31,  1.29it/s]
 10%|Γûë         | 439/4500 [05:49<53:32,  1.26it/s]
 10%|Γûë         | 440/4500 [05:50<55:28,  1.22it/s]
 10%|Γûë         | 441/4500 [05:51<57:28,  1.18it/s]
 10%|Γûë         | 442/4500 [05:52<58:45,  1.15it/s]
 10%|Γûë         | 443/4500 [05:53<57:45,  1.17it/s]
 10%|Γûë         | 444/4500 [05:54<1:00:20,  1.12it/s]
 10%|Γûë         | 445/4500 [05:54<59:13,  1.14it/s]  
 10%|Γûë         | 446/4500 [05:55<59:41,  1.13it/s]
 10%|Γûë         | 447/4500 [05:56<1:01:51,  1.09it/s]
 10%|Γûë         | 448/4500 [05:57<1:02:06,  1.09it/s]
 10%|Γûë         | 449/4500 [05:58<1:03:43,  1.06it/s]
 10%|Γûê         | 450/4500 [05:59<1:01:22,  1.10it/s]
 10%|Γûê         | 451/4500 [06:00<1:01:17,  1.10it/s]
 10%|Γûê         | 452/4500 [06:01<1:00:52,  1.11it/s]
 10%|Γûê         | 453/4500 [06:02<1:01:16,  1.10it/s]
 10%|Γûê         | 454/4500 [06:03<1:03:00,  1.07it/s]
 10%|Γûê         | 455/4500 [06:04<1:02:19,  1.08it/s]
 10%|Γûê         | 456/4500 [06:05<1:01:44,  1.09it/s]
 10%|Γûê         | 457/4500 [06:05<59:54,  1.12it/s]  
 10%|Γûê         | 458/4500 [06:06<1:00:27,  1.11it/s]
 10%|Γûê         | 459/4500 [06:07<1:01:36,  1.09it/s]
 10%|Γûê         | 460/4500 [06:08<1:01:25,  1.10it/s]
 10%|Γûê         | 461/4500 [06:09<1:00:03,  1.12it/s]
 10%|Γûê         | 462/4500 [06:10<58:29,  1.15it/s]  
 10%|Γûê         | 463/4500 [06:11<57:44,  1.17it/s]
 10%|Γûê         | 464/4500 [06:11<57:09,  1.18it/s]
 10%|Γûê         | 465/4500 [06:12<57:19,  1.17it/s]
 10%|Γûê         | 466/4500 [06:13<57:01,  1.18it/s]
 10%|Γûê         | 467/4500 [06:14<58:05,  1.16it/s]
 10%|Γûê         | 468/4500 [06:15<56:36,  1.19it/s]
 10%|Γûê         | 469/4500 [06:16<58:30,  1.15it/s]
 10%|Γûê         | 470/4500 [06:17<56:26,  1.19it/s]
 10%|Γûê         | 471/4500 [06:17<55:50,  1.20it/s]
 10%|Γûê         | 472/4500 [06:18<55:21,  1.21it/s]
 11%|Γûê         | 473/4500 [06:19<57:14,  1.17it/s]
 11%|Γûê         | 474/4500 [06:20<54:14,  1.24it/s]
 11%|Γûê         | 475/4500 [06:21<53:40,  1.25it/s]
 11%|Γûê         | 476/4500 [06:21<53:13,  1.26it/s]
 11%|Γûê         | 477/4500 [06:22<54:17,  1.23it/s]
 11%|Γûê         | 478/4500 [06:23<51:54,  1.29it/s]
 11%|Γûê         | 479/4500 [06:24<51:59,  1.29it/s]
 11%|Γûê         | 480/4500 [06:24<52:28,  1.28it/s]
 11%|Γûê         | 481/4500 [06:25<52:12,  1.28it/s]
 11%|Γûê         | 482/4500 [06:26<50:22,  1.33it/s]
 11%|Γûê         | 483/4500 [06:27<49:20,  1.36it/s]
 11%|Γûê         | 484/4500 [06:27<49:46,  1.34it/s]
 11%|Γûê         | 485/4500 [06:28<48:50,  1.37it/s]
 11%|Γûê         | 486/4500 [06:29<48:16,  1.39it/s]
 11%|Γûê         | 487/4500 [06:30<48:09,  1.39it/s]
 11%|Γûê         | 488/4500 [06:30<49:08,  1.36it/s]
 11%|Γûê         | 489/4500 [06:31<50:33,  1.32it/s]
 11%|Γûê         | 490/4500 [06:32<52:32,  1.27it/s]
 11%|Γûê         | 491/4500 [06:33<54:24,  1.23it/s]
 11%|Γûê         | 492/4500 [06:34<54:12,  1.23it/s]
 11%|Γûê         | 493/4500 [06:34<52:43,  1.27it/s]
 11%|Γûê         | 494/4500 [06:35<54:19,  1.23it/s]
 11%|Γûê         | 495/4500 [06:36<52:16,  1.28it/s]
 11%|Γûê         | 496/4500 [06:37<50:50,  1.31it/s]
 11%|Γûê         | 497/4500 [06:38<52:57,  1.26it/s]
 11%|Γûê         | 498/4500 [06:38<53:47,  1.24it/s]
 11%|Γûê         | 499/4500 [06:39<54:29,  1.22it/s]
 11%|Γûê         | 500/4500 [06:40<55:29,  1.20it/s]
 11%|Γûê         | 501/4500 [06:41<53:14,  1.25it/s]
 11%|Γûê         | 502/4500 [06:42<54:42,  1.22it/s]
 11%|Γûê         | 503/4500 [06:42<54:13,  1.23it/s]
 11%|Γûê         | 504/4500 [06:43<52:12,  1.28it/s]
 11%|Γûê         | 505/4500 [06:44<52:43,  1.26it/s]
 11%|Γûê         | 506/4500 [06:45<52:47,  1.26it/s]
 11%|ΓûêΓûÅ        | 507/4500 [06:46<53:00,  1.26it/s]
 11%|ΓûêΓûÅ        | 508/4500 [06:46<51:19,  1.30it/s]
 11%|ΓûêΓûÅ        | 509/4500 [06:47<53:17,  1.25it/s]
 11%|ΓûêΓûÅ        | 510/4500 [06:48<53:34,  1.24it/s]
 11%|ΓûêΓûÅ        | 511/4500 [06:49<53:23,  1.25it/s]
 11%|ΓûêΓûÅ        | 512/4500 [06:50<54:59,  1.21it/s]
 11%|ΓûêΓûÅ        | 513/4500 [06:50<54:16,  1.22it/s]
 11%|ΓûêΓûÅ        | 514/4500 [06:51<54:00,  1.23it/s]
 11%|ΓûêΓûÅ        | 515/4500 [06:52<55:13,  1.20it/s]
 11%|ΓûêΓûÅ        | 516/4500 [06:53<54:37,  1.22it/s]
 11%|ΓûêΓûÅ        | 517/4500 [06:54<54:30,  1.22it/s]
 12%|ΓûêΓûÅ        | 518/4500 [06:55<53:45,  1.23it/s]
 12%|ΓûêΓûÅ        | 519/4500 [06:55<52:57,  1.25it/s]
 12%|ΓûêΓûÅ        | 520/4500 [06:56<53:03,  1.25it/s]
 12%|ΓûêΓûÅ        | 521/4500 [06:57<53:38,  1.24it/s]
 12%|ΓûêΓûÅ        | 522/4500 [06:58<53:56,  1.23it/s]
 12%|ΓûêΓûÅ        | 523/4500 [06:58<51:52,  1.28it/s]
 12%|ΓûêΓûÅ        | 524/4500 [06:59<50:24,  1.31it/s]
 12%|ΓûêΓûÅ        | 525/4500 [07:00<51:59,  1.27it/s]
 12%|ΓûêΓûÅ        | 526/4500 [07:01<52:40,  1.26it/s]
 12%|ΓûêΓûÅ        | 527/4500 [07:02<52:56,  1.25it/s]
 12%|ΓûêΓûÅ        | 528/4500 [07:02<53:02,  1.25it/s]
 12%|ΓûêΓûÅ        | 529/4500 [07:03<54:36,  1.21it/s]
 12%|ΓûêΓûÅ        | 530/4500 [07:04<52:22,  1.26it/s]
 12%|ΓûêΓûÅ        | 531/4500 [07:05<50:49,  1.30it/s]
 12%|ΓûêΓûÅ        | 532/4500 [07:06<50:00,  1.32it/s]
 12%|ΓûêΓûÅ        | 533/4500 [07:06<51:23,  1.29it/s]
 12%|ΓûêΓûÅ        | 534/4500 [07:07<51:47,  1.28it/s]
 12%|ΓûêΓûÅ        | 535/4500 [07:08<52:19,  1.26it/s]
 12%|ΓûêΓûÅ        | 536/4500 [07:09<52:50,  1.25it/s]
 12%|ΓûêΓûÅ        | 537/4500 [07:09<51:11,  1.29it/s]
 12%|ΓûêΓûÅ        | 538/4500 [07:10<51:33,  1.28it/s]
 12%|ΓûêΓûÅ        | 539/4500 [07:11<53:06,  1.24it/s]
 12%|ΓûêΓûÅ        | 540/4500 [07:12<51:39,  1.28it/s]
 12%|ΓûêΓûÅ        | 541/4500 [07:13<50:28,  1.31it/s]
 12%|ΓûêΓûÅ        | 542/4500 [07:13<51:24,  1.28it/s]
 12%|ΓûêΓûÅ        | 543/4500 [07:14<51:46,  1.27it/s]
 12%|ΓûêΓûÅ        | 544/4500 [07:15<52:06,  1.27it/s]
 12%|ΓûêΓûÅ        | 545/4500 [07:16<51:31,  1.28it/s]
 12%|ΓûêΓûÅ        | 546/4500 [07:17<52:52,  1.25it/s]
 12%|ΓûêΓûÅ        | 547/4500 [07:17<51:41,  1.27it/s]
 12%|ΓûêΓûÅ        | 548/4500 [07:18<52:47,  1.25it/s]
 12%|ΓûêΓûÅ        | 549/4500 [07:19<53:32,  1.23it/s]
 12%|ΓûêΓûÅ        | 550/4500 [07:20<53:59,  1.22it/s]
 12%|ΓûêΓûÅ        | 551/4500 [07:21<55:52,  1.18it/s]
 12%|ΓûêΓûÅ        | 552/4500 [07:22<56:18,  1.17it/s]
 12%|ΓûêΓûÅ        | 553/4500 [07:23<57:41,  1.14it/s]
 12%|ΓûêΓûÅ        | 554/4500 [07:23<57:01,  1.15it/s]
 12%|ΓûêΓûÅ        | 555/4500 [07:24<55:57,  1.17it/s]
 12%|ΓûêΓûÅ        | 556/4500 [07:25<53:52,  1.22it/s]
 12%|ΓûêΓûÅ        | 557/4500 [07:26<52:13,  1.26it/s]
 12%|ΓûêΓûÅ        | 558/4500 [07:27<54:43,  1.20it/s]
 12%|ΓûêΓûÅ        | 559/4500 [07:28<55:50,  1.18it/s]
 12%|ΓûêΓûÅ        | 560/4500 [07:28<55:46,  1.18it/s]
 12%|ΓûêΓûÅ        | 561/4500 [07:29<54:44,  1.20it/s]
 12%|ΓûêΓûÅ        | 562/4500 [07:30<54:15,  1.21it/s]
 13%|ΓûêΓûÄ        | 563/4500 [07:31<52:53,  1.24it/s]
 13%|ΓûêΓûÄ        | 564/4500 [07:32<54:59,  1.19it/s]
 13%|ΓûêΓûÄ        | 565/4500 [07:32<54:21,  1.21it/s]
 13%|ΓûêΓûÄ        | 566/4500 [07:33<55:58,  1.17it/s]
 13%|ΓûêΓûÄ        | 567/4500 [07:34<56:58,  1.15it/s]
 13%|ΓûêΓûÄ        | 568/4500 [07:35<56:24,  1.16it/s]
 13%|ΓûêΓûÄ        | 569/4500 [07:36<55:47,  1.17it/s]
 13%|ΓûêΓûÄ        | 570/4500 [07:37<55:49,  1.17it/s]
 13%|ΓûêΓûÄ        | 571/4500 [07:38<53:56,  1.21it/s]
 13%|ΓûêΓûÄ        | 572/4500 [07:38<54:30,  1.20it/s]
 13%|ΓûêΓûÄ        | 573/4500 [07:39<53:07,  1.23it/s]
 13%|ΓûêΓûÄ        | 574/4500 [07:40<51:45,  1.26it/s]
 13%|ΓûêΓûÄ        | 575/4500 [07:41<50:56,  1.28it/s]
 13%|ΓûêΓûÄ        | 576/4500 [07:42<51:48,  1.26it/s]
 13%|ΓûêΓûÄ        | 577/4500 [07:42<53:47,  1.22it/s]
 13%|ΓûêΓûÄ        | 578/4500 [07:43<52:35,  1.24it/s]
 13%|ΓûêΓûÄ        | 579/4500 [07:44<55:00,  1.19it/s]
 13%|ΓûêΓûÄ        | 580/4500 [07:45<53:28,  1.22it/s]
 13%|ΓûêΓûÄ        | 581/4500 [07:46<51:56,  1.26it/s]
 13%|ΓûêΓûÄ        | 582/4500 [07:46<50:55,  1.28it/s]
 13%|ΓûêΓûÄ        | 583/4500 [07:47<50:09,  1.30it/s]
 13%|ΓûêΓûÄ        | 584/4500 [07:48<49:50,  1.31it/s]
 13%|ΓûêΓûÄ        | 585/4500 [07:49<52:40,  1.24it/s]
 13%|ΓûêΓûÄ        | 586/4500 [07:50<51:54,  1.26it/s]
 13%|ΓûêΓûÄ        | 587/4500 [07:50<50:58,  1.28it/s]
 13%|ΓûêΓûÄ        | 588/4500 [07:51<51:42,  1.26it/s]
 13%|ΓûêΓûÄ        | 589/4500 [07:52<50:47,  1.28it/s]
 13%|ΓûêΓûÄ        | 590/4500 [07:53<53:16,  1.22it/s]
 13%|ΓûêΓûÄ        | 591/4500 [07:54<53:42,  1.21it/s]
 13%|ΓûêΓûÄ        | 592/4500 [07:54<52:10,  1.25it/s]
 13%|ΓûêΓûÄ        | 593/4500 [07:55<52:46,  1.23it/s]
 13%|ΓûêΓûÄ        | 594/4500 [07:56<54:22,  1.20it/s]
 13%|ΓûêΓûÄ        | 595/4500 [07:57<54:30,  1.19it/s]
 13%|ΓûêΓûÄ        | 596/4500 [07:58<55:47,  1.17it/s]
 13%|ΓûêΓûÄ        | 597/4500 [07:59<55:52,  1.16it/s]
 13%|ΓûêΓûÄ        | 598/4500 [07:59<53:37,  1.21it/s]
 13%|ΓûêΓûÄ        | 599/4500 [08:00<52:00,  1.25it/s]
 13%|ΓûêΓûÄ        | 600/4500 [08:01<50:39,  1.28it/s]
 13%|ΓûêΓûÄ        | 601/4500 [08:02<52:47,  1.23it/s]
 13%|ΓûêΓûÄ        | 602/4500 [08:03<54:33,  1.19it/s]
 13%|ΓûêΓûÄ        | 603/4500 [08:03<54:04,  1.20it/s]
 13%|ΓûêΓûÄ        | 604/4500 [08:04<53:45,  1.21it/s]
 13%|ΓûêΓûÄ        | 605/4500 [08:05<53:34,  1.21it/s]
 13%|ΓûêΓûÄ        | 606/4500 [08:06<53:24,  1.22it/s]
 13%|ΓûêΓûÄ        | 607/4500 [08:07<54:43,  1.19it/s]
 14%|ΓûêΓûÄ        | 608/4500 [08:08<54:18,  1.19it/s]
 14%|ΓûêΓûÄ        | 609/4500 [08:08<54:22,  1.19it/s]
 14%|ΓûêΓûÄ        | 610/4500 [08:09<53:28,  1.21it/s]
 14%|ΓûêΓûÄ        | 611/4500 [08:10<53:24,  1.21it/s]
 14%|ΓûêΓûÄ        | 612/4500 [08:11<52:03,  1.24it/s]
 14%|ΓûêΓûÄ        | 613/4500 [08:12<54:44,  1.18it/s]
 14%|ΓûêΓûÄ        | 614/4500 [08:13<52:36,  1.23it/s]
 14%|ΓûêΓûÄ        | 615/4500 [08:13<51:26,  1.26it/s]
 14%|ΓûêΓûÄ        | 616/4500 [08:14<51:02,  1.27it/s]
 14%|ΓûêΓûÄ        | 617/4500 [08:15<53:36,  1.21it/s]
 14%|ΓûêΓûÄ        | 618/4500 [08:16<53:58,  1.20it/s]
 14%|ΓûêΓûì        | 619/4500 [08:17<55:22,  1.17it/s]
 14%|ΓûêΓûì        | 620/4500 [08:18<56:38,  1.14it/s]
 14%|ΓûêΓûì        | 621/4500 [08:19<55:52,  1.16it/s]
 14%|ΓûêΓûì        | 622/4500 [08:19<53:31,  1.21it/s]
 14%|ΓûêΓûì        | 623/4500 [08:20<53:06,  1.22it/s]
 14%|ΓûêΓûì        | 624/4500 [08:21<54:35,  1.18it/s]
 14%|ΓûêΓûì        | 625/4500 [08:22<54:03,  1.19it/s]
 14%|ΓûêΓûì        | 626/4500 [08:23<51:50,  1.25it/s]
 14%|ΓûêΓûì        | 627/4500 [08:23<54:18,  1.19it/s]
 14%|ΓûêΓûì        | 628/4500 [08:24<54:37,  1.18it/s]
 14%|ΓûêΓûì        | 629/4500 [08:25<52:49,  1.22it/s]
 14%|ΓûêΓûì        | 630/4500 [08:26<51:31,  1.25it/s]
 14%|ΓûêΓûì        | 631/4500 [08:27<50:11,  1.28it/s]
 14%|ΓûêΓûì        | 632/4500 [08:27<52:40,  1.22it/s]
 14%|ΓûêΓûì        | 633/4500 [08:28<52:25,  1.23it/s]
 14%|ΓûêΓûì        | 634/4500 [08:29<54:38,  1.18it/s]
 14%|ΓûêΓûì        | 635/4500 [08:30<56:14,  1.15it/s]
 14%|ΓûêΓûì        | 636/4500 [08:31<57:22,  1.12it/s]
 14%|ΓûêΓûì        | 637/4500 [08:32<54:34,  1.18it/s]
 14%|ΓûêΓûì        | 638/4500 [08:33<53:43,  1.20it/s]
 14%|ΓûêΓûì        | 639/4500 [08:33<52:04,  1.24it/s]
 14%|ΓûêΓûì        | 640/4500 [08:34<52:27,  1.23it/s]
 14%|ΓûêΓûì        | 641/4500 [08:35<52:33,  1.22it/s]
 14%|ΓûêΓûì        | 642/4500 [08:36<54:45,  1.17it/s]
 14%|ΓûêΓûì        | 643/4500 [08:37<54:26,  1.18it/s]
 14%|ΓûêΓûì        | 644/4500 [08:38<53:58,  1.19it/s]
 14%|ΓûêΓûì        | 645/4500 [08:39<55:43,  1.15it/s]
 14%|ΓûêΓûì        | 646/4500 [08:39<54:49,  1.17it/s]
 14%|ΓûêΓûì        | 647/4500 [08:40<53:20,  1.20it/s]
 14%|ΓûêΓûì        | 648/4500 [08:41<52:05,  1.23it/s]
 14%|ΓûêΓûì        | 649/4500 [08:42<53:01,  1.21it/s]
 14%|ΓûêΓûì        | 650/4500 [08:43<53:33,  1.20it/s]
 14%|ΓûêΓûì        | 651/4500 [08:43<54:39,  1.17it/s]
 14%|ΓûêΓûì        | 652/4500 [08:44<54:28,  1.18it/s]
 15%|ΓûêΓûì        | 653/4500 [08:45<52:38,  1.22it/s]
 15%|ΓûêΓûì        | 654/4500 [08:46<51:08,  1.25it/s]
 15%|ΓûêΓûì        | 655/4500 [08:47<51:21,  1.25it/s]
 15%|ΓûêΓûì        | 656/4500 [08:47<52:08,  1.23it/s]
 15%|ΓûêΓûì        | 657/4500 [08:48<51:55,  1.23it/s]
 15%|ΓûêΓûì        | 658/4500 [08:49<52:40,  1.22it/s]
 15%|ΓûêΓûì        | 659/4500 [08:50<51:38,  1.24it/s]
 15%|ΓûêΓûì        | 660/4500 [08:51<51:41,  1.24it/s]
 15%|ΓûêΓûì        | 661/4500 [08:52<52:29,  1.22it/s]
 15%|ΓûêΓûì        | 662/4500 [08:52<50:55,  1.26it/s]
 15%|ΓûêΓûì        | 663/4500 [08:53<51:14,  1.25it/s]
 15%|ΓûêΓûì        | 664/4500 [08:54<51:19,  1.25it/s]
 15%|ΓûêΓûì        | 665/4500 [08:55<53:23,  1.20it/s]
 15%|ΓûêΓûì        | 666/4500 [08:56<55:35,  1.15it/s]
 15%|ΓûêΓûì        | 667/4500 [08:57<55:45,  1.15it/s]
 15%|ΓûêΓûì        | 668/4500 [08:58<55:19,  1.15it/s]
 15%|ΓûêΓûì        | 669/4500 [08:58<54:16,  1.18it/s]
 15%|ΓûêΓûì        | 670/4500 [08:59<53:17,  1.20it/s]
 15%|ΓûêΓûì        | 671/4500 [09:00<51:31,  1.24it/s]
 15%|ΓûêΓûì        | 672/4500 [09:01<53:18,  1.20it/s]
 15%|ΓûêΓûì        | 673/4500 [09:02<54:29,  1.17it/s]
 15%|ΓûêΓûì        | 674/4500 [09:02<52:26,  1.22it/s]
 15%|ΓûêΓûî        | 675/4500 [09:03<53:54,  1.18it/s]
 15%|ΓûêΓûî        | 676/4500 [09:04<51:51,  1.23it/s]
 15%|ΓûêΓûî        | 677/4500 [09:05<52:01,  1.22it/s]
 15%|ΓûêΓûî        | 678/4500 [09:06<51:38,  1.23it/s]
 15%|ΓûêΓûî        | 679/4500 [09:06<51:36,  1.23it/s]
 15%|ΓûêΓûî        | 680/4500 [09:07<51:41,  1.23it/s]
 15%|ΓûêΓûî        | 681/4500 [09:08<51:25,  1.24it/s]
 15%|ΓûêΓûî        | 682/4500 [09:09<51:12,  1.24it/s]
 15%|ΓûêΓûî        | 683/4500 [09:10<51:55,  1.23it/s]
 15%|ΓûêΓûî        | 684/4500 [09:10<50:47,  1.25it/s]
 15%|ΓûêΓûî        | 685/4500 [09:11<51:51,  1.23it/s]
 15%|ΓûêΓûî        | 686/4500 [09:12<52:08,  1.22it/s]
 15%|ΓûêΓûî        | 687/4500 [09:13<51:50,  1.23it/s]
 15%|ΓûêΓûî        | 688/4500 [09:14<50:09,  1.27it/s]
 15%|ΓûêΓûî        | 689/4500 [09:15<50:53,  1.25it/s]
 15%|ΓûêΓûî        | 690/4500 [09:15<50:56,  1.25it/s]
 15%|ΓûêΓûî        | 691/4500 [09:16<53:08,  1.19it/s]
 15%|ΓûêΓûî        | 692/4500 [09:17<52:53,  1.20it/s]
 15%|ΓûêΓûî        | 693/4500 [09:18<51:07,  1.24it/s]
 15%|ΓûêΓûî        | 694/4500 [09:19<49:45,  1.28it/s]
 15%|ΓûêΓûî        | 695/4500 [09:19<50:30,  1.26it/s]
 15%|ΓûêΓûî        | 696/4500 [09:20<50:51,  1.25it/s]
 15%|ΓûêΓûî        | 697/4500 [09:21<52:40,  1.20it/s]
 16%|ΓûêΓûî        | 698/4500 [09:22<54:48,  1.16it/s]
 16%|ΓûêΓûî        | 699/4500 [09:23<52:22,  1.21it/s]
 16%|ΓûêΓûî        | 700/4500 [09:24<53:50,  1.18it/s]
 16%|ΓûêΓûî        | 701/4500 [09:24<52:00,  1.22it/s]
 16%|ΓûêΓûî        | 702/4500 [09:25<52:21,  1.21it/s]
 16%|ΓûêΓûî        | 703/4500 [09:26<52:11,  1.21it/s]
 16%|ΓûêΓûî        | 704/4500 [09:27<53:53,  1.17it/s]
 16%|ΓûêΓûî        | 705/4500 [09:28<55:51,  1.13it/s]
 16%|ΓûêΓûî        | 706/4500 [09:29<56:51,  1.11it/s]
 16%|ΓûêΓûî        | 707/4500 [09:30<55:34,  1.14it/s]
 16%|ΓûêΓûî        | 708/4500 [09:30<52:54,  1.19it/s]
 16%|ΓûêΓûî        | 709/4500 [09:31<52:51,  1.20it/s]
 16%|ΓûêΓûî        | 710/4500 [09:32<53:08,  1.19it/s]
 16%|ΓûêΓûî        | 711/4500 [09:33<51:23,  1.23it/s]
 16%|ΓûêΓûî        | 712/4500 [09:34<53:12,  1.19it/s]
 16%|ΓûêΓûî        | 713/4500 [09:35<52:33,  1.20it/s]
 16%|ΓûêΓûî        | 714/4500 [09:35<52:57,  1.19it/s]
 16%|ΓûêΓûî        | 715/4500 [09:36<52:38,  1.20it/s]
 16%|ΓûêΓûî        | 716/4500 [09:37<51:06,  1.23it/s]
 16%|ΓûêΓûî        | 717/4500 [09:38<51:29,  1.22it/s]
 16%|ΓûêΓûî        | 718/4500 [09:39<51:50,  1.22it/s]
 16%|ΓûêΓûî        | 719/4500 [09:40<52:32,  1.20it/s]
 16%|ΓûêΓûî        | 720/4500 [09:40<52:18,  1.20it/s]
 16%|ΓûêΓûî        | 721/4500 [09:41<51:07,  1.23it/s]
 16%|ΓûêΓûî        | 722/4500 [09:42<50:25,  1.25it/s]
 16%|ΓûêΓûî        | 723/4500 [09:43<49:37,  1.27it/s]
 16%|ΓûêΓûî        | 724/4500 [09:44<51:57,  1.21it/s]
 16%|ΓûêΓûî        | 725/4500 [09:44<52:15,  1.20it/s]
 16%|ΓûêΓûî        | 726/4500 [09:45<50:42,  1.24it/s]
 16%|ΓûêΓûî        | 727/4500 [09:46<52:34,  1.20it/s]
 16%|ΓûêΓûî        | 728/4500 [09:47<53:55,  1.17it/s]
 16%|ΓûêΓûî        | 729/4500 [09:48<55:21,  1.14it/s]
 16%|ΓûêΓûî        | 730/4500 [09:49<55:46,  1.13it/s]
 16%|ΓûêΓûî        | 731/4500 [09:50<56:05,  1.12it/s]
 16%|ΓûêΓûï        | 732/4500 [09:51<56:11,  1.12it/s]
 16%|ΓûêΓûï        | 733/4500 [09:51<53:18,  1.18it/s]
 16%|ΓûêΓûï        | 734/4500 [09:52<52:49,  1.19it/s]
 16%|ΓûêΓûï        | 735/4500 [09:53<52:14,  1.20it/s]
 16%|ΓûêΓûï        | 736/4500 [09:54<50:35,  1.24it/s]
 16%|ΓûêΓûï        | 737/4500 [09:55<53:10,  1.18it/s]
 16%|ΓûêΓûï        | 738/4500 [09:56<54:12,  1.16it/s]
 16%|ΓûêΓûï        | 739/4500 [09:57<53:55,  1.16it/s]
 16%|ΓûêΓûï        | 740/4500 [09:57<54:59,  1.14it/s]
 16%|ΓûêΓûï        | 741/4500 [09:58<52:39,  1.19it/s]
 16%|ΓûêΓûï        | 742/4500 [09:59<52:52,  1.18it/s]
 17%|ΓûêΓûï        | 743/4500 [10:00<51:04,  1.23it/s]
 17%|ΓûêΓûï        | 744/4500 [10:01<50:47,  1.23it/s]
 17%|ΓûêΓûï        | 745/4500 [10:01<50:27,  1.24it/s]
 17%|ΓûêΓûï        | 746/4500 [10:02<50:12,  1.25it/s]
 17%|ΓûêΓûï        | 747/4500 [10:03<50:29,  1.24it/s]
 17%|ΓûêΓûï        | 748/4500 [10:04<51:56,  1.20it/s]
 17%|ΓûêΓûï        | 749/4500 [10:05<53:49,  1.16it/s]
 17%|ΓûêΓûï        | 750/4500 [10:06<54:13,  1.15it/s]
 17%|ΓûêΓûï        | 751/4500 [10:07<55:24,  1.13it/s]
 17%|ΓûêΓûï        | 752/4500 [10:08<57:31,  1.09it/s]
 17%|ΓûêΓûï        | 753/4500 [10:09<57:04,  1.09it/s]
 17%|ΓûêΓûï        | 754/4500 [10:09<56:14,  1.11it/s]
 17%|ΓûêΓûï        | 755/4500 [10:10<55:58,  1.12it/s]
 17%|ΓûêΓûï        | 756/4500 [10:11<55:07,  1.13it/s]
 17%|ΓûêΓûï        | 757/4500 [10:12<55:51,  1.12it/s]
 17%|ΓûêΓûï        | 758/4500 [10:13<54:24,  1.15it/s]
 17%|ΓûêΓûï        | 759/4500 [10:14<54:36,  1.14it/s]
 17%|ΓûêΓûï        | 760/4500 [10:15<53:08,  1.17it/s]
 17%|ΓûêΓûï        | 761/4500 [10:15<52:44,  1.18it/s]
 17%|ΓûêΓûï        | 762/4500 [10:16<51:57,  1.20it/s]
 17%|ΓûêΓûï        | 763/4500 [10:17<51:56,  1.20it/s]
 17%|ΓûêΓûï        | 764/4500 [10:18<50:46,  1.23it/s]
 17%|ΓûêΓûï        | 765/4500 [10:19<50:05,  1.24it/s]
 17%|ΓûêΓûï        | 766/4500 [10:19<48:07,  1.29it/s]
 17%|ΓûêΓûï        | 767/4500 [10:20<48:40,  1.28it/s]
 17%|ΓûêΓûï        | 768/4500 [10:21<49:29,  1.26it/s]
 17%|ΓûêΓûï        | 769/4500 [10:22<49:34,  1.25it/s]
 17%|ΓûêΓûï        | 770/4500 [10:22<49:03,  1.27it/s]
 17%|ΓûêΓûï        | 771/4500 [10:23<47:13,  1.32it/s]
 17%|ΓûêΓûï        | 772/4500 [10:24<45:51,  1.35it/s]
 17%|ΓûêΓûï        | 773/4500 [10:25<47:09,  1.32it/s]
 17%|ΓûêΓûï        | 774/4500 [10:25<47:54,  1.30it/s]
 17%|ΓûêΓûï        | 775/4500 [10:26<49:42,  1.25it/s]
 17%|ΓûêΓûï        | 776/4500 [10:27<49:26,  1.26it/s]
 17%|ΓûêΓûï        | 777/4500 [10:28<50:34,  1.23it/s]
 17%|ΓûêΓûï        | 778/4500 [10:29<50:42,  1.22it/s]
 17%|ΓûêΓûï        | 779/4500 [10:30<49:02,  1.26it/s]
 17%|ΓûêΓûï        | 780/4500 [10:30<49:44,  1.25it/s]
 17%|ΓûêΓûï        | 781/4500 [10:31<50:33,  1.23it/s]
 17%|ΓûêΓûï        | 782/4500 [10:32<50:22,  1.23it/s]
 17%|ΓûêΓûï        | 783/4500 [10:33<50:21,  1.23it/s]
 17%|ΓûêΓûï        | 784/4500 [10:34<52:36,  1.18it/s]
 17%|ΓûêΓûï        | 785/4500 [10:35<52:35,  1.18it/s]
 17%|ΓûêΓûï        | 786/4500 [10:35<52:54,  1.17it/s]
 17%|ΓûêΓûï        | 787/4500 [10:36<53:28,  1.16it/s]
 18%|ΓûêΓûè        | 788/4500 [10:37<52:47,  1.17it/s]
 18%|ΓûêΓûè        | 789/4500 [10:38<53:39,  1.15it/s]
 18%|ΓûêΓûè        | 790/4500 [10:39<52:32,  1.18it/s]
 18%|ΓûêΓûè        | 791/4500 [10:40<50:29,  1.22it/s]
 18%|ΓûêΓûè        | 792/4500 [10:40<49:04,  1.26it/s]
 18%|ΓûêΓûè        | 793/4500 [10:41<49:03,  1.26it/s]
 18%|ΓûêΓûè        | 794/4500 [10:42<50:56,  1.21it/s]
 18%|ΓûêΓûè        | 795/4500 [10:43<50:17,  1.23it/s]
 18%|ΓûêΓûè        | 796/4500 [10:44<49:35,  1.24it/s]
 18%|ΓûêΓûè        | 797/4500 [10:44<48:19,  1.28it/s]
 18%|ΓûêΓûè        | 798/4500 [10:45<48:30,  1.27it/s]
 18%|ΓûêΓûè        | 799/4500 [10:46<47:46,  1.29it/s]
 18%|ΓûêΓûè        | 800/4500 [10:47<48:19,  1.28it/s]
 18%|ΓûêΓûè        | 801/4500 [10:48<49:11,  1.25it/s]
 18%|ΓûêΓûè        | 802/4500 [10:48<48:52,  1.26it/s]
 18%|ΓûêΓûè        | 803/4500 [10:49<48:42,  1.27it/s]
 18%|ΓûêΓûè        | 804/4500 [10:50<47:31,  1.30it/s]
 18%|ΓûêΓûè        | 805/4500 [10:51<49:51,  1.24it/s]
 18%|ΓûêΓûè        | 806/4500 [10:52<50:02,  1.23it/s]
 18%|ΓûêΓûè        | 807/4500 [10:52<49:49,  1.24it/s]
 18%|ΓûêΓûè        | 808/4500 [10:53<48:24,  1.27it/s]
 18%|ΓûêΓûè        | 809/4500 [10:54<46:57,  1.31it/s]
 18%|ΓûêΓûè        | 810/4500 [10:55<47:42,  1.29it/s]
 18%|ΓûêΓûè        | 811/4500 [10:55<46:57,  1.31it/s]
 18%|ΓûêΓûè        | 812/4500 [10:56<49:40,  1.24it/s]
 18%|ΓûêΓûè        | 813/4500 [10:57<49:39,  1.24it/s]
 18%|ΓûêΓûè        | 814/4500 [10:58<49:41,  1.24it/s]
 18%|ΓûêΓûè        | 815/4500 [10:59<50:58,  1.20it/s]
 18%|ΓûêΓûè        | 816/4500 [11:00<49:36,  1.24it/s]
 18%|ΓûêΓûè        | 817/4500 [11:00<48:14,  1.27it/s]
 18%|ΓûêΓûè        | 818/4500 [11:01<48:28,  1.27it/s]
 18%|ΓûêΓûè        | 819/4500 [11:02<48:34,  1.26it/s]
 18%|ΓûêΓûè        | 820/4500 [11:03<47:26,  1.29it/s]
 18%|ΓûêΓûè        | 821/4500 [11:03<47:58,  1.28it/s]
 18%|ΓûêΓûè        | 822/4500 [11:04<48:18,  1.27it/s]
 18%|ΓûêΓûè        | 823/4500 [11:05<48:32,  1.26it/s]
 18%|ΓûêΓûè        | 824/4500 [11:06<52:17,  1.17it/s]
 18%|ΓûêΓûè        | 825/4500 [11:07<50:58,  1.20it/s]
 18%|ΓûêΓûè        | 826/4500 [11:08<52:52,  1.16it/s]
 18%|ΓûêΓûè        | 827/4500 [11:09<53:00,  1.15it/s]
 18%|ΓûêΓûè        | 828/4500 [11:09<50:35,  1.21it/s]
 18%|ΓûêΓûè        | 829/4500 [11:10<49:38,  1.23it/s]
 18%|ΓûêΓûè        | 830/4500 [11:11<50:33,  1.21it/s]
 18%|ΓûêΓûè        | 831/4500 [11:12<50:49,  1.20it/s]
 18%|ΓûêΓûè        | 832/4500 [11:13<50:10,  1.22it/s]
 19%|ΓûêΓûè        | 833/4500 [11:13<49:41,  1.23it/s]
 19%|ΓûêΓûè        | 834/4500 [11:14<49:18,  1.24it/s]
 19%|ΓûêΓûè        | 835/4500 [11:15<52:06,  1.17it/s]
 19%|ΓûêΓûè        | 836/4500 [11:16<50:49,  1.20it/s]
 19%|ΓûêΓûè        | 837/4500 [11:17<51:31,  1.18it/s]
 19%|ΓûêΓûè        | 838/4500 [11:18<51:04,  1.20it/s]
 19%|ΓûêΓûè        | 839/4500 [11:18<52:00,  1.17it/s]
 19%|ΓûêΓûè        | 840/4500 [11:19<51:19,  1.19it/s]
 19%|ΓûêΓûè        | 841/4500 [11:20<52:27,  1.16it/s]
 19%|ΓûêΓûè        | 842/4500 [11:21<54:24,  1.12it/s]
 19%|ΓûêΓûè        | 843/4500 [11:22<54:47,  1.11it/s]
 19%|ΓûêΓûë        | 844/4500 [11:23<54:02,  1.13it/s]
 19%|ΓûêΓûë        | 845/4500 [11:24<54:11,  1.12it/s]
 19%|ΓûêΓûë        | 846/4500 [11:25<51:16,  1.19it/s]
 19%|ΓûêΓûë        | 847/4500 [11:25<50:42,  1.20it/s]
 19%|ΓûêΓûë        | 848/4500 [11:26<51:19,  1.19it/s]
 19%|ΓûêΓûë        | 849/4500 [11:27<50:35,  1.20it/s]
 19%|ΓûêΓûë        | 850/4500 [11:28<50:07,  1.21it/s]
 19%|ΓûêΓûë        | 851/4500 [11:29<51:26,  1.18it/s]
 19%|ΓûêΓûë        | 852/4500 [11:30<50:29,  1.20it/s]
 19%|ΓûêΓûë        | 853/4500 [11:30<51:36,  1.18it/s]
 19%|ΓûêΓûë        | 854/4500 [11:31<51:26,  1.18it/s]
 19%|ΓûêΓûë        | 855/4500 [11:32<48:47,  1.25it/s]
 19%|ΓûêΓûë        | 856/4500 [11:33<46:46,  1.30it/s]
 19%|ΓûêΓûë        | 857/4500 [11:33<47:19,  1.28it/s]
 19%|ΓûêΓûë        | 858/4500 [11:34<47:33,  1.28it/s]
 19%|ΓûêΓûë        | 859/4500 [11:35<46:33,  1.30it/s]
 19%|ΓûêΓûë        | 860/4500 [11:36<48:20,  1.26it/s]
 19%|ΓûêΓûë        | 861/4500 [11:37<50:15,  1.21it/s]
 19%|ΓûêΓûë        | 862/4500 [11:38<50:53,  1.19it/s]
 19%|ΓûêΓûë        | 863/4500 [11:39<51:51,  1.17it/s]
 19%|ΓûêΓûë        | 864/4500 [11:39<52:43,  1.15it/s]
 19%|ΓûêΓûë        | 865/4500 [11:40<52:51,  1.15it/s]
 19%|ΓûêΓûë        | 866/4500 [11:41<53:27,  1.13it/s]
 19%|ΓûêΓûë        | 867/4500 [11:42<53:29,  1.13it/s]
 19%|ΓûêΓûë        | 868/4500 [11:43<53:48,  1.12it/s]
 19%|ΓûêΓûë        | 869/4500 [11:44<51:41,  1.17it/s]
 19%|ΓûêΓûë        | 870/4500 [11:45<51:00,  1.19it/s]
 19%|ΓûêΓûë        | 871/4500 [11:45<50:13,  1.20it/s]
 19%|ΓûêΓûë        | 872/4500 [11:46<49:35,  1.22it/s]
 19%|ΓûêΓûë        | 873/4500 [11:47<48:45,  1.24it/s]
 19%|ΓûêΓûë        | 874/4500 [11:48<46:43,  1.29it/s]
 19%|ΓûêΓûë        | 875/4500 [11:48<45:48,  1.32it/s]
 19%|ΓûêΓûë        | 876/4500 [11:49<44:47,  1.35it/s]
 19%|ΓûêΓûë        | 877/4500 [11:50<45:40,  1.32it/s]
 20%|ΓûêΓûë        | 878/4500 [11:51<49:02,  1.23it/s]
 20%|ΓûêΓûë        | 879/4500 [11:52<48:30,  1.24it/s]
 20%|ΓûêΓûë        | 880/4500 [11:52<47:09,  1.28it/s]
 20%|ΓûêΓûë        | 881/4500 [11:53<46:18,  1.30it/s]
 20%|ΓûêΓûë        | 882/4500 [11:54<45:54,  1.31it/s]
 20%|ΓûêΓûë        | 883/4500 [11:55<47:06,  1.28it/s]
 20%|ΓûêΓûë        | 884/4500 [11:56<50:24,  1.20it/s]
 20%|ΓûêΓûë        | 885/4500 [11:56<49:29,  1.22it/s]
 20%|ΓûêΓûë        | 886/4500 [11:57<50:42,  1.19it/s]
 20%|ΓûêΓûë        | 887/4500 [11:58<49:13,  1.22it/s]
 20%|ΓûêΓûë        | 888/4500 [11:59<49:46,  1.21it/s]
 20%|ΓûêΓûë        | 889/4500 [12:00<52:08,  1.15it/s]
 20%|ΓûêΓûë        | 890/4500 [12:01<54:30,  1.10it/s]
 20%|ΓûêΓûë        | 891/4500 [12:02<53:45,  1.12it/s]
 20%|ΓûêΓûë        | 892/4500 [12:03<52:57,  1.14it/s]
 20%|ΓûêΓûë        | 893/4500 [12:03<50:57,  1.18it/s]
 20%|ΓûêΓûë        | 894/4500 [12:04<51:26,  1.17it/s]
 20%|ΓûêΓûë        | 895/4500 [12:05<52:35,  1.14it/s]
 20%|ΓûêΓûë        | 896/4500 [12:06<51:54,  1.16it/s]
 20%|ΓûêΓûë        | 897/4500 [12:07<49:57,  1.20it/s]
 20%|ΓûêΓûë        | 898/4500 [12:08<50:04,  1.20it/s]
 20%|ΓûêΓûë        | 899/4500 [12:08<49:12,  1.22it/s]
 20%|ΓûêΓûê        | 900/4500 [12:09<52:34,  1.14it/s]
 20%|ΓûêΓûê        | 901/4500 [12:10<54:06,  1.11it/s]
 20%|ΓûêΓûê        | 902/4500 [12:11<53:12,  1.13it/s]
 20%|ΓûêΓûê        | 903/4500 [12:12<52:31,  1.14it/s]
 20%|ΓûêΓûê        | 904/4500 [12:13<50:37,  1.18it/s]
 20%|ΓûêΓûê        | 905/4500 [12:14<51:08,  1.17it/s]
 20%|ΓûêΓûê        | 906/4500 [12:15<52:11,  1.15it/s]
 20%|ΓûêΓûê        | 907/4500 [12:15<51:35,  1.16it/s]
 20%|ΓûêΓûê        | 908/4500 [12:16<49:54,  1.20it/s]
 20%|ΓûêΓûê        | 909/4500 [12:17<49:52,  1.20it/s]
 20%|ΓûêΓûê        | 910/4500 [12:18<49:53,  1.20it/s]
 20%|ΓûêΓûê        | 911/4500 [12:19<50:13,  1.19it/s]
 20%|ΓûêΓûê        | 912/4500 [12:20<52:37,  1.14it/s]
 20%|ΓûêΓûê        | 913/4500 [12:21<53:01,  1.13it/s]
 20%|ΓûêΓûê        | 914/4500 [12:21<52:17,  1.14it/s]
 20%|ΓûêΓûê        | 915/4500 [12:22<51:58,  1.15it/s]
 20%|ΓûêΓûê        | 916/4500 [12:23<51:12,  1.17it/s]
 20%|ΓûêΓûê        | 917/4500 [12:24<51:08,  1.17it/s]
 20%|ΓûêΓûê        | 918/4500 [12:25<52:48,  1.13it/s]
 20%|ΓûêΓûê        | 919/4500 [12:26<52:40,  1.13it/s]
 20%|ΓûêΓûê        | 920/4500 [12:27<53:32,  1.11it/s]
 20%|ΓûêΓûê        | 921/4500 [12:28<52:56,  1.13it/s]
 20%|ΓûêΓûê        | 922/4500 [12:28<52:34,  1.13it/s]
 21%|ΓûêΓûê        | 923/4500 [12:29<53:42,  1.11it/s]
 21%|ΓûêΓûê        | 924/4500 [12:30<54:11,  1.10it/s]
 21%|ΓûêΓûê        | 925/4500 [12:31<53:52,  1.11it/s]
 21%|ΓûêΓûê        | 926/4500 [12:32<53:10,  1.12it/s]
 21%|ΓûêΓûê        | 927/4500 [12:33<52:12,  1.14it/s]
 21%|ΓûêΓûê        | 928/4500 [12:34<53:32,  1.11it/s]
 21%|ΓûêΓûê        | 929/4500 [12:35<52:31,  1.13it/s]
 21%|ΓûêΓûê        | 930/4500 [12:36<53:20,  1.12it/s]
 21%|ΓûêΓûê        | 931/4500 [12:37<55:05,  1.08it/s]
 21%|ΓûêΓûê        | 932/4500 [12:38<57:15,  1.04it/s]
 21%|ΓûêΓûê        | 933/4500 [12:39<54:55,  1.08it/s]
 21%|ΓûêΓûê        | 934/4500 [12:40<55:56,  1.06it/s]
 21%|ΓûêΓûê        | 935/4500 [12:40<55:55,  1.06it/s]
 21%|ΓûêΓûê        | 936/4500 [12:42<57:29,  1.03it/s]
 21%|ΓûêΓûê        | 937/4500 [12:42<56:50,  1.04it/s]
 21%|ΓûêΓûê        | 938/4500 [12:43<58:03,  1.02it/s]
 21%|ΓûêΓûê        | 939/4500 [12:44<58:11,  1.02it/s]
 21%|ΓûêΓûê        | 940/4500 [12:45<56:50,  1.04it/s]
 21%|ΓûêΓûê        | 941/4500 [12:46<57:01,  1.04it/s]
 21%|ΓûêΓûê        | 942/4500 [12:47<58:20,  1.02it/s]
 21%|ΓûêΓûê        | 943/4500 [12:48<56:24,  1.05it/s]
 21%|ΓûêΓûê        | 944/4500 [12:49<55:47,  1.06it/s]
 21%|ΓûêΓûê        | 945/4500 [12:50<57:10,  1.04it/s]
 21%|ΓûêΓûê        | 946/4500 [12:51<53:53,  1.10it/s]
 21%|ΓûêΓûê        | 947/4500 [12:52<53:09,  1.11it/s]
 21%|ΓûêΓûê        | 948/4500 [12:53<51:49,  1.14it/s]
 21%|ΓûêΓûê        | 949/4500 [12:54<53:24,  1.11it/s]
 21%|ΓûêΓûê        | 950/4500 [12:54<50:51,  1.16it/s]
 21%|ΓûêΓûê        | 951/4500 [12:55<50:38,  1.17it/s]
 21%|ΓûêΓûê        | 952/4500 [12:56<48:33,  1.22it/s]
 21%|ΓûêΓûê        | 953/4500 [12:57<47:10,  1.25it/s]
 21%|ΓûêΓûê        | 954/4500 [12:57<46:13,  1.28it/s]
 21%|ΓûêΓûê        | 955/4500 [12:58<48:14,  1.22it/s]
 21%|ΓûêΓûê        | 956/4500 [12:59<47:56,  1.23it/s]
 21%|ΓûêΓûêΓûÅ       | 957/4500 [13:00<48:18,  1.22it/s]
 21%|ΓûêΓûêΓûÅ       | 958/4500 [13:01<50:50,  1.16it/s]
 21%|ΓûêΓûêΓûÅ       | 959/4500 [13:02<48:31,  1.22it/s]
 21%|ΓûêΓûêΓûÅ       | 960/4500 [13:03<50:00,  1.18it/s]
 21%|ΓûêΓûêΓûÅ       | 961/4500 [13:03<49:30,  1.19it/s]
 21%|ΓûêΓûêΓûÅ       | 962/4500 [13:04<50:21,  1.17it/s]
 21%|ΓûêΓûêΓûÅ       | 963/4500 [13:05<48:50,  1.21it/s]
 21%|ΓûêΓûêΓûÅ       | 964/4500 [13:06<47:38,  1.24it/s]
 21%|ΓûêΓûêΓûÅ       | 965/4500 [13:07<47:45,  1.23it/s]
 21%|ΓûêΓûêΓûÅ       | 966/4500 [13:07<47:44,  1.23it/s]
 21%|ΓûêΓûêΓûÅ       | 967/4500 [13:08<48:21,  1.22it/s]
 22%|ΓûêΓûêΓûÅ       | 968/4500 [13:09<46:46,  1.26it/s]
 22%|ΓûêΓûêΓûÅ       | 969/4500 [13:10<45:52,  1.28it/s]
 22%|ΓûêΓûêΓûÅ       | 970/4500 [13:11<47:26,  1.24it/s]
 22%|ΓûêΓûêΓûÅ       | 971/4500 [13:12<51:25,  1.14it/s]
 22%|ΓûêΓûêΓûÅ       | 972/4500 [13:13<53:41,  1.10it/s]
 22%|ΓûêΓûêΓûÅ       | 973/4500 [13:14<55:17,  1.06it/s]
 22%|ΓûêΓûêΓûÅ       | 974/4500 [13:15<54:11,  1.08it/s]
 22%|ΓûêΓûêΓûÅ       | 975/4500 [13:15<53:40,  1.09it/s]
 22%|ΓûêΓûêΓûÅ       | 976/4500 [13:16<52:00,  1.13it/s]
 22%|ΓûêΓûêΓûÅ       | 977/4500 [13:17<50:15,  1.17it/s]
 22%|ΓûêΓûêΓûÅ       | 978/4500 [13:18<48:59,  1.20it/s]
 22%|ΓûêΓûêΓûÅ       | 979/4500 [13:19<48:07,  1.22it/s]
 22%|ΓûêΓûêΓûÅ       | 980/4500 [13:19<46:14,  1.27it/s]
 22%|ΓûêΓûêΓûÅ       | 981/4500 [13:20<46:20,  1.27it/s]
 22%|ΓûêΓûêΓûÅ       | 982/4500 [13:21<48:47,  1.20it/s]
 22%|ΓûêΓûêΓûÅ       | 983/4500 [13:22<47:55,  1.22it/s]
 22%|ΓûêΓûêΓûÅ       | 984/4500 [13:23<47:52,  1.22it/s]
 22%|ΓûêΓûêΓûÅ       | 985/4500 [13:24<49:01,  1.19it/s]
 22%|ΓûêΓûêΓûÅ       | 986/4500 [13:24<48:14,  1.21it/s]
 22%|ΓûêΓûêΓûÅ       | 987/4500 [13:25<49:38,  1.18it/s]
 22%|ΓûêΓûêΓûÅ       | 988/4500 [13:26<48:38,  1.20it/s]
 22%|ΓûêΓûêΓûÅ       | 989/4500 [13:27<47:52,  1.22it/s]
 22%|ΓûêΓûêΓûÅ       | 990/4500 [13:28<47:32,  1.23it/s]
 22%|ΓûêΓûêΓûÅ       | 991/4500 [13:28<46:51,  1.25it/s]
 22%|ΓûêΓûêΓûÅ       | 992/4500 [13:29<45:31,  1.28it/s]
 22%|ΓûêΓûêΓûÅ       | 993/4500 [13:30<47:12,  1.24it/s]
 22%|ΓûêΓûêΓûÅ       | 994/4500 [13:31<48:44,  1.20it/s]
 22%|ΓûêΓûêΓûÅ       | 995/4500 [13:32<48:40,  1.20it/s]
 22%|ΓûêΓûêΓûÅ       | 996/4500 [13:33<47:38,  1.23it/s]
 22%|ΓûêΓûêΓûÅ       | 997/4500 [13:33<50:40,  1.15it/s]
 22%|ΓûêΓûêΓûÅ       | 998/4500 [13:34<49:21,  1.18it/s]
 22%|ΓûêΓûêΓûÅ       | 999/4500 [13:35<48:36,  1.20it/s]
 22%|ΓûêΓûêΓûÅ       | 1000/4500 [13:36<50:12,  1.16it/s]
 22%|ΓûêΓûêΓûÅ       | 1001/4500 [13:37<52:00,  1.12it/s]
 22%|ΓûêΓûêΓûÅ       | 1002/4500 [13:38<51:10,  1.14it/s]
 22%|ΓûêΓûêΓûÅ       | 1003/4500 [13:39<50:14,  1.16it/s]
 22%|ΓûêΓûêΓûÅ       | 1004/4500 [13:39<49:32,  1.18it/s]
 22%|ΓûêΓûêΓûÅ       | 1005/4500 [13:40<49:35,  1.17it/s]
 22%|ΓûêΓûêΓûÅ       | 1006/4500 [13:41<48:04,  1.21it/s]
 22%|ΓûêΓûêΓûÅ       | 1007/4500 [13:42<49:44,  1.17it/s]
 22%|ΓûêΓûêΓûÅ       | 1008/4500 [13:43<50:46,  1.15it/s]
 22%|ΓûêΓûêΓûÅ       | 1009/4500 [13:44<49:48,  1.17it/s]
 22%|ΓûêΓûêΓûÅ       | 1010/4500 [13:45<50:06,  1.16it/s]
 22%|ΓûêΓûêΓûÅ       | 1011/4500 [13:45<49:59,  1.16it/s]
 22%|ΓûêΓûêΓûÅ       | 1012/4500 [13:46<47:42,  1.22it/s]
 23%|ΓûêΓûêΓûÄ       | 1013/4500 [13:47<46:49,  1.24it/s]
 23%|ΓûêΓûêΓûÄ       | 1014/4500 [13:48<46:37,  1.25it/s]
 23%|ΓûêΓûêΓûÄ       | 1015/4500 [13:49<48:00,  1.21it/s]
 23%|ΓûêΓûêΓûÄ       | 1016/4500 [13:49<46:14,  1.26it/s]
 23%|ΓûêΓûêΓûÄ       | 1017/4500 [13:50<46:26,  1.25it/s]
 23%|ΓûêΓûêΓûÄ       | 1018/4500 [13:51<48:01,  1.21it/s]
 23%|ΓûêΓûêΓûÄ       | 1019/4500 [13:52<47:56,  1.21it/s]
 23%|ΓûêΓûêΓûÄ       | 1020/4500 [13:53<49:02,  1.18it/s]
 23%|ΓûêΓûêΓûÄ       | 1021/4500 [13:54<46:51,  1.24it/s]
 23%|ΓûêΓûêΓûÄ       | 1022/4500 [13:54<45:23,  1.28it/s]
 23%|ΓûêΓûêΓûÄ       | 1023/4500 [13:55<44:23,  1.31it/s]
 23%|ΓûêΓûêΓûÄ       | 1024/4500 [13:56<44:45,  1.29it/s]
 23%|ΓûêΓûêΓûÄ       | 1025/4500 [13:57<45:26,  1.27it/s]
 23%|ΓûêΓûêΓûÄ       | 1026/4500 [13:58<48:41,  1.19it/s]
 23%|ΓûêΓûêΓûÄ       | 1027/4500 [13:58<50:34,  1.14it/s]
 23%|ΓûêΓûêΓûÄ       | 1028/4500 [13:59<50:04,  1.16it/s]
 23%|ΓûêΓûêΓûÄ       | 1029/4500 [14:00<51:59,  1.11it/s]
 23%|ΓûêΓûêΓûÄ       | 1030/4500 [14:01<52:33,  1.10it/s]
 23%|ΓûêΓûêΓûÄ       | 1031/4500 [14:02<53:07,  1.09it/s]
 23%|ΓûêΓûêΓûÄ       | 1032/4500 [14:03<53:57,  1.07it/s]
 23%|ΓûêΓûêΓûÄ       | 1033/4500 [14:04<53:14,  1.09it/s]
 23%|ΓûêΓûêΓûÄ       | 1034/4500 [14:05<52:53,  1.09it/s]
 23%|ΓûêΓûêΓûÄ       | 1035/4500 [14:06<50:36,  1.14it/s]
 23%|ΓûêΓûêΓûÄ       | 1036/4500 [14:07<50:30,  1.14it/s]
 23%|ΓûêΓûêΓûÄ       | 1037/4500 [14:07<50:09,  1.15it/s]
 23%|ΓûêΓûêΓûÄ       | 1038/4500 [14:08<49:29,  1.17it/s]
 23%|ΓûêΓûêΓûÄ       | 1039/4500 [14:09<48:43,  1.18it/s]
 23%|ΓûêΓûêΓûÄ       | 1040/4500 [14:10<49:36,  1.16it/s]
 23%|ΓûêΓûêΓûÄ       | 1041/4500 [14:11<49:34,  1.16it/s]
 23%|ΓûêΓûêΓûÄ       | 1042/4500 [14:12<48:21,  1.19it/s]
 23%|ΓûêΓûêΓûÄ       | 1043/4500 [14:13<50:23,  1.14it/s]
 23%|ΓûêΓûêΓûÄ       | 1044/4500 [14:13<49:09,  1.17it/s]
 23%|ΓûêΓûêΓûÄ       | 1045/4500 [14:14<47:24,  1.21it/s]
 23%|ΓûêΓûêΓûÄ       | 1046/4500 [14:15<46:19,  1.24it/s]
 23%|ΓûêΓûêΓûÄ       | 1047/4500 [14:16<45:55,  1.25it/s]
 23%|ΓûêΓûêΓûÄ       | 1049/4500 [14:17<37:17,  1.54it/s]
 23%|ΓûêΓûêΓûÄ       | 1050/4500 [14:17<39:44,  1.45it/s]
 23%|ΓûêΓûêΓûÄ       | 1051/4500 [14:18<43:00,  1.34it/s]
 23%|ΓûêΓûêΓûÄ       | 1052/4500 [14:19<44:25,  1.29it/s]
 23%|ΓûêΓûêΓûÄ       | 1053/4500 [14:20<45:24,  1.27it/s]
 23%|ΓûêΓûêΓûÄ       | 1054/4500 [14:21<46:55,  1.22it/s]
 23%|ΓûêΓûêΓûÄ       | 1055/4500 [14:22<47:14,  1.22it/s]
 23%|ΓûêΓûêΓûÄ       | 1056/4500 [14:23<49:49,  1.15it/s]
 23%|ΓûêΓûêΓûÄ       | 1057/4500 [14:24<49:11,  1.17it/s]
 24%|ΓûêΓûêΓûÄ       | 1058/4500 [14:24<47:08,  1.22it/s]
 24%|ΓûêΓûêΓûÄ       | 1059/4500 [14:25<47:25,  1.21it/s]
 24%|ΓûêΓûêΓûÄ       | 1060/4500 [14:26<47:41,  1.20it/s]
 24%|ΓûêΓûêΓûÄ       | 1061/4500 [14:27<46:51,  1.22it/s]
 24%|ΓûêΓûêΓûÄ       | 1062/4500 [14:28<46:06,  1.24it/s]
 24%|ΓûêΓûêΓûÄ       | 1063/4500 [14:28<45:07,  1.27it/s]
 24%|ΓûêΓûêΓûÄ       | 1064/4500 [14:29<47:50,  1.20it/s]
 24%|ΓûêΓûêΓûÄ       | 1065/4500 [14:30<48:50,  1.17it/s]
 24%|ΓûêΓûêΓûÄ       | 1066/4500 [14:31<49:28,  1.16it/s]
 24%|ΓûêΓûêΓûÄ       | 1067/4500 [14:32<49:02,  1.17it/s]
 24%|ΓûêΓûêΓûÄ       | 1068/4500 [14:33<50:01,  1.14it/s]
 24%|ΓûêΓûêΓûì       | 1069/4500 [14:34<47:31,  1.20it/s]
 24%|ΓûêΓûêΓûì       | 1070/4500 [14:34<48:45,  1.17it/s]
 24%|ΓûêΓûêΓûì       | 1071/4500 [14:35<48:48,  1.17it/s]
 24%|ΓûêΓûêΓûì       | 1072/4500 [14:36<46:37,  1.23it/s]
 24%|ΓûêΓûêΓûì       | 1073/4500 [14:37<49:05,  1.16it/s]
 24%|ΓûêΓûêΓûì       | 1074/4500 [14:38<50:55,  1.12it/s]
 24%|ΓûêΓûêΓûì       | 1075/4500 [14:39<51:08,  1.12it/s]
 24%|ΓûêΓûêΓûì       | 1076/4500 [14:40<48:25,  1.18it/s]
 24%|ΓûêΓûêΓûì       | 1077/4500 [14:40<48:17,  1.18it/s]
 24%|ΓûêΓûêΓûì       | 1078/4500 [14:41<47:22,  1.20it/s]
 24%|ΓûêΓûêΓûì       | 1079/4500 [14:42<48:46,  1.17it/s]
 24%|ΓûêΓûêΓûì       | 1080/4500 [14:43<49:21,  1.15it/s]
 24%|ΓûêΓûêΓûì       | 1081/4500 [14:44<49:11,  1.16it/s]
 24%|ΓûêΓûêΓûì       | 1082/4500 [14:45<47:14,  1.21it/s]
 24%|ΓûêΓûêΓûì       | 1083/4500 [14:45<47:14,  1.21it/s]
 24%|ΓûêΓûêΓûì       | 1084/4500 [14:46<46:04,  1.24it/s]
 24%|ΓûêΓûêΓûì       | 1085/4500 [14:47<46:00,  1.24it/s]
 24%|ΓûêΓûêΓûì       | 1086/4500 [14:48<45:19,  1.26it/s]
 24%|ΓûêΓûêΓûì       | 1087/4500 [14:49<47:33,  1.20it/s]
 24%|ΓûêΓûêΓûì       | 1088/4500 [14:50<48:44,  1.17it/s]
 24%|ΓûêΓûêΓûì       | 1089/4500 [14:50<48:07,  1.18it/s]
 24%|ΓûêΓûêΓûì       | 1090/4500 [14:51<49:32,  1.15it/s]
 24%|ΓûêΓûêΓûì       | 1091/4500 [14:52<48:52,  1.16it/s]
 24%|ΓûêΓûêΓûì       | 1092/4500 [14:53<48:43,  1.17it/s]
 24%|ΓûêΓûêΓûì       | 1093/4500 [14:54<49:39,  1.14it/s]
 24%|ΓûêΓûêΓûì       | 1094/4500 [14:55<49:59,  1.14it/s]
 24%|ΓûêΓûêΓûì       | 1095/4500 [14:56<50:35,  1.12it/s]
 24%|ΓûêΓûêΓûì       | 1096/4500 [14:57<51:04,  1.11it/s]
 24%|ΓûêΓûêΓûì       | 1097/4500 [14:58<48:51,  1.16it/s]
 24%|ΓûêΓûêΓûì       | 1098/4500 [14:58<47:13,  1.20it/s]
 24%|ΓûêΓûêΓûì       | 1099/4500 [14:59<48:57,  1.16it/s]
 24%|ΓûêΓûêΓûì       | 1100/4500 [15:00<46:54,  1.21it/s]
 24%|ΓûêΓûêΓûì       | 1101/4500 [15:01<48:43,  1.16it/s]
 24%|ΓûêΓûêΓûì       | 1102/4500 [15:02<47:54,  1.18it/s]
 25%|ΓûêΓûêΓûì       | 1103/4500 [15:03<49:55,  1.13it/s]
 25%|ΓûêΓûêΓûì       | 1104/4500 [15:04<51:26,  1.10it/s]
 25%|ΓûêΓûêΓûì       | 1105/4500 [15:05<51:36,  1.10it/s]
 25%|ΓûêΓûêΓûì       | 1106/4500 [15:06<52:27,  1.08it/s]
 25%|ΓûêΓûêΓûì       | 1107/4500 [15:06<52:08,  1.08it/s]
 25%|ΓûêΓûêΓûì       | 1108/4500 [15:07<51:41,  1.09it/s]
 25%|ΓûêΓûêΓûì       | 1109/4500 [15:08<51:56,  1.09it/s]
 25%|ΓûêΓûêΓûì       | 1110/4500 [15:09<49:14,  1.15it/s]
 25%|ΓûêΓûêΓûì       | 1111/4500 [15:10<48:23,  1.17it/s]
 25%|ΓûêΓûêΓûì       | 1112/4500 [15:11<48:09,  1.17it/s]
 25%|ΓûêΓûêΓûì       | 1113/4500 [15:12<47:42,  1.18it/s]
 25%|ΓûêΓûêΓûì       | 1114/4500 [15:12<45:42,  1.23it/s]
 25%|ΓûêΓûêΓûì       | 1115/4500 [15:13<45:53,  1.23it/s]
 25%|ΓûêΓûêΓûì       | 1116/4500 [15:14<47:02,  1.20it/s]
 25%|ΓûêΓûêΓûì       | 1117/4500 [15:15<47:57,  1.18it/s]
 25%|ΓûêΓûêΓûì       | 1118/4500 [15:16<47:37,  1.18it/s]
 25%|ΓûêΓûêΓûì       | 1119/4500 [15:17<49:01,  1.15it/s]
 25%|ΓûêΓûêΓûì       | 1120/4500 [15:17<48:39,  1.16it/s]
 25%|ΓûêΓûêΓûì       | 1121/4500 [15:18<49:18,  1.14it/s]
 25%|ΓûêΓûêΓûì       | 1122/4500 [15:19<49:59,  1.13it/s]
 25%|ΓûêΓûêΓûì       | 1123/4500 [15:20<48:30,  1.16it/s]
 25%|ΓûêΓûêΓûì       | 1124/4500 [15:21<46:09,  1.22it/s]
 25%|ΓûêΓûêΓûî       | 1125/4500 [15:22<45:48,  1.23it/s]
 25%|ΓûêΓûêΓûî       | 1126/4500 [15:22<44:17,  1.27it/s]
 25%|ΓûêΓûêΓûî       | 1127/4500 [15:23<43:47,  1.28it/s]
 25%|ΓûêΓûêΓûî       | 1128/4500 [15:24<46:27,  1.21it/s]
 25%|ΓûêΓûêΓûî       | 1129/4500 [15:25<46:08,  1.22it/s]
 25%|ΓûêΓûêΓûî       | 1130/4500 [15:26<46:27,  1.21it/s]
 25%|ΓûêΓûêΓûî       | 1131/4500 [15:27<47:58,  1.17it/s]
 25%|ΓûêΓûêΓûî       | 1132/4500 [15:27<48:49,  1.15it/s]
 25%|ΓûêΓûêΓûî       | 1133/4500 [15:28<51:01,  1.10it/s]
 25%|ΓûêΓûêΓûî       | 1134/4500 [15:29<50:04,  1.12it/s]
 25%|ΓûêΓûêΓûî       | 1135/4500 [15:30<49:35,  1.13it/s]
 25%|ΓûêΓûêΓûî       | 1136/4500 [15:31<48:55,  1.15it/s]
 25%|ΓûêΓûêΓûî       | 1137/4500 [15:32<48:11,  1.16it/s]
 25%|ΓûêΓûêΓûî       | 1138/4500 [15:33<48:06,  1.16it/s]
 25%|ΓûêΓûêΓûî       | 1139/4500 [15:34<49:36,  1.13it/s]
 25%|ΓûêΓûêΓûî       | 1140/4500 [15:35<48:38,  1.15it/s]
 25%|ΓûêΓûêΓûî       | 1141/4500 [15:35<48:25,  1.16it/s]
 25%|ΓûêΓûêΓûî       | 1142/4500 [15:36<46:12,  1.21it/s]
 25%|ΓûêΓûêΓûî       | 1143/4500 [15:37<45:41,  1.22it/s]
 25%|ΓûêΓûêΓûî       | 1144/4500 [15:38<45:47,  1.22it/s]
 25%|ΓûêΓûêΓûî       | 1146/4500 [15:38<34:23,  1.63it/s]
 25%|ΓûêΓûêΓûî       | 1147/4500 [15:39<37:57,  1.47it/s]
 26%|ΓûêΓûêΓûî       | 1148/4500 [15:40<40:01,  1.40it/s]
 26%|ΓûêΓûêΓûî       | 1149/4500 [15:41<41:38,  1.34it/s]
 26%|ΓûêΓûêΓûî       | 1150/4500 [15:42<41:19,  1.35it/s]
 26%|ΓûêΓûêΓûî       | 1151/4500 [15:43<42:34,  1.31it/s]
 26%|ΓûêΓûêΓûî       | 1152/4500 [15:43<45:08,  1.24it/s]
 26%|ΓûêΓûêΓûî       | 1153/4500 [15:44<44:33,  1.25it/s]
 26%|ΓûêΓûêΓûî       | 1154/4500 [15:45<43:18,  1.29it/s]
 26%|ΓûêΓûêΓûî       | 1155/4500 [15:46<43:45,  1.27it/s]
 26%|ΓûêΓûêΓûî       | 1156/4500 [15:46<42:45,  1.30it/s]
 26%|ΓûêΓûêΓûî       | 1157/4500 [15:47<43:28,  1.28it/s]
 26%|ΓûêΓûêΓûî       | 1158/4500 [15:48<44:18,  1.26it/s]
 26%|ΓûêΓûêΓûî       | 1159/4500 [15:49<45:13,  1.23it/s]
 26%|ΓûêΓûêΓûî       | 1160/4500 [15:50<46:35,  1.19it/s]
 26%|ΓûêΓûêΓûî       | 1161/4500 [15:51<47:39,  1.17it/s]
 26%|ΓûêΓûêΓûî       | 1162/4500 [15:52<46:51,  1.19it/s]
 26%|ΓûêΓûêΓûî       | 1163/4500 [15:52<47:13,  1.18it/s]
 26%|ΓûêΓûêΓûî       | 1164/4500 [15:53<49:34,  1.12it/s]
 26%|ΓûêΓûêΓûî       | 1165/4500 [15:54<51:01,  1.09it/s]
 26%|ΓûêΓûêΓûî       | 1166/4500 [15:55<50:52,  1.09it/s]
 26%|ΓûêΓûêΓûî       | 1167/4500 [15:56<49:52,  1.11it/s]
 26%|ΓûêΓûêΓûî       | 1168/4500 [15:57<48:51,  1.14it/s]
 26%|ΓûêΓûêΓûî       | 1169/4500 [15:58<47:20,  1.17it/s]
 26%|ΓûêΓûêΓûî       | 1170/4500 [15:59<47:36,  1.17it/s]
 26%|ΓûêΓûêΓûî       | 1171/4500 [16:00<48:23,  1.15it/s]
 26%|ΓûêΓûêΓûî       | 1172/4500 [16:00<47:44,  1.16it/s]
 26%|ΓûêΓûêΓûî       | 1173/4500 [16:01<48:23,  1.15it/s]
 26%|ΓûêΓûêΓûî       | 1174/4500 [16:02<49:24,  1.12it/s]
 26%|ΓûêΓûêΓûî       | 1175/4500 [16:03<49:25,  1.12it/s]
 26%|ΓûêΓûêΓûî       | 1176/4500 [16:04<49:31,  1.12it/s]
 26%|ΓûêΓûêΓûî       | 1177/4500 [16:05<46:50,  1.18it/s]
 26%|ΓûêΓûêΓûî       | 1178/4500 [16:06<46:11,  1.20it/s]
 26%|ΓûêΓûêΓûî       | 1179/4500 [16:06<44:36,  1.24it/s]
 26%|ΓûêΓûêΓûî       | 1180/4500 [16:07<43:55,  1.26it/s]
 26%|ΓûêΓûêΓûî       | 1181/4500 [16:08<47:02,  1.18it/s]
 26%|ΓûêΓûêΓûï       | 1182/4500 [16:09<48:12,  1.15it/s]
 26%|ΓûêΓûêΓûï       | 1183/4500 [16:10<48:00,  1.15it/s]
 26%|ΓûêΓûêΓûï       | 1184/4500 [16:11<48:23,  1.14it/s]
 26%|ΓûêΓûêΓûï       | 1185/4500 [16:12<49:03,  1.13it/s]
 26%|ΓûêΓûêΓûï       | 1186/4500 [16:13<48:29,  1.14it/s]
 26%|ΓûêΓûêΓûï       | 1187/4500 [16:13<49:44,  1.11it/s]
 26%|ΓûêΓûêΓûï       | 1188/4500 [16:14<47:09,  1.17it/s]
 26%|ΓûêΓûêΓûï       | 1189/4500 [16:15<47:01,  1.17it/s]
 26%|ΓûêΓûêΓûï       | 1190/4500 [16:16<49:19,  1.12it/s]
 26%|ΓûêΓûêΓûï       | 1191/4500 [16:17<49:50,  1.11it/s]
 26%|ΓûêΓûêΓûï       | 1192/4500 [16:18<49:04,  1.12it/s]
 27%|ΓûêΓûêΓûï       | 1193/4500 [16:19<50:29,  1.09it/s]
 27%|ΓûêΓûêΓûï       | 1194/4500 [16:20<50:10,  1.10it/s]
 27%|ΓûêΓûêΓûï       | 1195/4500 [16:21<51:33,  1.07it/s]
 27%|ΓûêΓûêΓûï       | 1196/4500 [16:22<50:13,  1.10it/s]
 27%|ΓûêΓûêΓûï       | 1197/4500 [16:22<47:39,  1.16it/s]
 27%|ΓûêΓûêΓûï       | 1198/4500 [16:23<46:16,  1.19it/s]
 27%|ΓûêΓûêΓûï       | 1199/4500 [16:24<47:44,  1.15it/s]
 27%|ΓûêΓûêΓûï       | 1200/4500 [16:25<45:43,  1.20it/s]
 27%|ΓûêΓûêΓûï       | 1201/4500 [16:26<45:45,  1.20it/s]
 27%|ΓûêΓûêΓûï       | 1202/4500 [16:26<45:34,  1.21it/s]
 27%|ΓûêΓûêΓûï       | 1203/4500 [16:27<46:54,  1.17it/s]
 27%|ΓûêΓûêΓûï       | 1204/4500 [16:28<46:36,  1.18it/s]
 27%|ΓûêΓûêΓûï       | 1205/4500 [16:29<46:14,  1.19it/s]
 27%|ΓûêΓûêΓûï       | 1206/4500 [16:30<45:42,  1.20it/s]
 27%|ΓûêΓûêΓûï       | 1207/4500 [16:31<47:25,  1.16it/s]
 27%|ΓûêΓûêΓûï       | 1208/4500 [16:32<46:48,  1.17it/s]
 27%|ΓûêΓûêΓûï       | 1209/4500 [16:32<45:19,  1.21it/s]
 27%|ΓûêΓûêΓûï       | 1210/4500 [16:33<46:55,  1.17it/s]
 27%|ΓûêΓûêΓûï       | 1211/4500 [16:34<46:13,  1.19it/s]
 27%|ΓûêΓûêΓûï       | 1212/4500 [16:35<44:53,  1.22it/s]
 27%|ΓûêΓûêΓûï       | 1213/4500 [16:36<45:11,  1.21it/s]
 27%|ΓûêΓûêΓûï       | 1214/4500 [16:36<44:06,  1.24it/s]
 27%|ΓûêΓûêΓûï       | 1215/4500 [16:37<43:11,  1.27it/s]
 27%|ΓûêΓûêΓûï       | 1216/4500 [16:38<42:40,  1.28it/s]
 27%|ΓûêΓûêΓûï       | 1217/4500 [16:39<43:13,  1.27it/s]
 27%|ΓûêΓûêΓûï       | 1218/4500 [16:40<43:49,  1.25it/s]
 27%|ΓûêΓûêΓûï       | 1219/4500 [16:40<43:05,  1.27it/s]
 27%|ΓûêΓûêΓûï       | 1220/4500 [16:41<42:44,  1.28it/s]
 27%|ΓûêΓûêΓûï       | 1221/4500 [16:42<43:51,  1.25it/s]
 27%|ΓûêΓûêΓûï       | 1222/4500 [16:43<44:43,  1.22it/s]
 27%|ΓûêΓûêΓûï       | 1223/4500 [16:44<45:05,  1.21it/s]
 27%|ΓûêΓûêΓûï       | 1224/4500 [16:45<46:19,  1.18it/s]
 27%|ΓûêΓûêΓûï       | 1225/4500 [16:45<45:51,  1.19it/s]
 27%|ΓûêΓûêΓûï       | 1226/4500 [16:46<45:23,  1.20it/s]
 27%|ΓûêΓûêΓûï       | 1227/4500 [16:47<46:03,  1.18it/s]
 27%|ΓûêΓûêΓûï       | 1228/4500 [16:48<45:21,  1.20it/s]
 27%|ΓûêΓûêΓûï       | 1229/4500 [16:49<46:36,  1.17it/s]
 27%|ΓûêΓûêΓûï       | 1230/4500 [16:50<45:42,  1.19it/s]
 27%|ΓûêΓûêΓûï       | 1231/4500 [16:50<45:44,  1.19it/s]
 27%|ΓûêΓûêΓûï       | 1232/4500 [16:51<45:22,  1.20it/s]
 27%|ΓûêΓûêΓûï       | 1233/4500 [16:52<46:12,  1.18it/s]
 27%|ΓûêΓûêΓûï       | 1234/4500 [16:53<44:33,  1.22it/s]
 27%|ΓûêΓûêΓûï       | 1235/4500 [16:54<45:14,  1.20it/s]
 27%|ΓûêΓûêΓûï       | 1236/4500 [16:55<45:09,  1.20it/s]
 27%|ΓûêΓûêΓûï       | 1237/4500 [16:55<43:49,  1.24it/s]
 28%|ΓûêΓûêΓûè       | 1238/4500 [16:56<44:21,  1.23it/s]
 28%|ΓûêΓûêΓûè       | 1239/4500 [16:57<45:15,  1.20it/s]
 28%|ΓûêΓûêΓûè       | 1240/4500 [16:58<44:52,  1.21it/s]
 28%|ΓûêΓûêΓûè       | 1241/4500 [16:59<44:53,  1.21it/s]
 28%|ΓûêΓûêΓûè       | 1242/4500 [17:00<44:53,  1.21it/s]
 28%|ΓûêΓûêΓûè       | 1243/4500 [17:00<45:01,  1.21it/s]
 28%|ΓûêΓûêΓûè       | 1244/4500 [17:01<45:08,  1.20it/s]
 28%|ΓûêΓûêΓûè       | 1245/4500 [17:02<44:56,  1.21it/s]
 28%|ΓûêΓûêΓûè       | 1246/4500 [17:03<45:02,  1.20it/s]
 28%|ΓûêΓûêΓûè       | 1247/4500 [17:04<46:15,  1.17it/s]
 28%|ΓûêΓûêΓûè       | 1248/4500 [17:05<47:08,  1.15it/s]
 28%|ΓûêΓûêΓûè       | 1249/4500 [17:06<48:15,  1.12it/s]
 28%|ΓûêΓûêΓûè       | 1250/4500 [17:06<45:51,  1.18it/s]
 28%|ΓûêΓûêΓûè       | 1251/4500 [17:07<45:38,  1.19it/s]
 28%|ΓûêΓûêΓûè       | 1252/4500 [17:08<44:11,  1.23it/s]
 28%|ΓûêΓûêΓûè       | 1253/4500 [17:09<44:15,  1.22it/s]
 28%|ΓûêΓûêΓûè       | 1254/4500 [17:10<43:25,  1.25it/s]
 28%|ΓûêΓûêΓûè       | 1255/4500 [17:10<43:33,  1.24it/s]
 28%|ΓûêΓûêΓûè       | 1256/4500 [17:11<45:22,  1.19it/s]
 28%|ΓûêΓûêΓûè       | 1257/4500 [17:12<46:37,  1.16it/s]
 28%|ΓûêΓûêΓûè       | 1258/4500 [17:13<47:33,  1.14it/s]
 28%|ΓûêΓûêΓûè       | 1259/4500 [17:14<46:42,  1.16it/s]
 28%|ΓûêΓûêΓûè       | 1260/4500 [17:15<48:04,  1.12it/s]
 28%|ΓûêΓûêΓûè       | 1261/4500 [17:16<47:17,  1.14it/s]
 28%|ΓûêΓûêΓûè       | 1262/4500 [17:17<46:29,  1.16it/s]
 28%|ΓûêΓûêΓûè       | 1263/4500 [17:17<44:29,  1.21it/s]
 28%|ΓûêΓûêΓûè       | 1264/4500 [17:18<42:58,  1.25it/s]
 28%|ΓûêΓûêΓûè       | 1265/4500 [17:19<42:28,  1.27it/s]
 28%|ΓûêΓûêΓûè       | 1266/4500 [17:20<41:46,  1.29it/s]
 28%|ΓûêΓûêΓûè       | 1267/4500 [17:20<42:16,  1.27it/s]
 28%|ΓûêΓûêΓûè       | 1268/4500 [17:21<43:15,  1.25it/s]
 28%|ΓûêΓûêΓûè       | 1269/4500 [17:22<42:19,  1.27it/s]
 28%|ΓûêΓûêΓûè       | 1270/4500 [17:23<43:01,  1.25it/s]
 28%|ΓûêΓûêΓûè       | 1271/4500 [17:24<42:52,  1.25it/s]
 28%|ΓûêΓûêΓûè       | 1272/4500 [17:24<43:36,  1.23it/s]
 28%|ΓûêΓûêΓûè       | 1273/4500 [17:25<45:20,  1.19it/s]
 28%|ΓûêΓûêΓûè       | 1274/4500 [17:26<45:06,  1.19it/s]
 28%|ΓûêΓûêΓûè       | 1275/4500 [17:27<44:46,  1.20it/s]
 28%|ΓûêΓûêΓûè       | 1276/4500 [17:28<46:48,  1.15it/s]
 28%|ΓûêΓûêΓûè       | 1277/4500 [17:29<45:39,  1.18it/s]
 28%|ΓûêΓûêΓûè       | 1278/4500 [17:30<45:11,  1.19it/s]
 28%|ΓûêΓûêΓûè       | 1279/4500 [17:30<45:10,  1.19it/s]
 28%|ΓûêΓûêΓûè       | 1280/4500 [17:31<46:17,  1.16it/s]
 28%|ΓûêΓûêΓûè       | 1281/4500 [17:32<45:50,  1.17it/s]
 28%|ΓûêΓûêΓûè       | 1282/4500 [17:33<44:12,  1.21it/s]
 29%|ΓûêΓûêΓûè       | 1283/4500 [17:34<44:27,  1.21it/s]
 29%|ΓûêΓûêΓûè       | 1284/4500 [17:34<43:02,  1.25it/s]
 29%|ΓûêΓûêΓûè       | 1285/4500 [17:35<43:35,  1.23it/s]
 29%|ΓûêΓûêΓûè       | 1286/4500 [17:36<43:52,  1.22it/s]
 29%|ΓûêΓûêΓûè       | 1287/4500 [17:37<45:14,  1.18it/s]
 29%|ΓûêΓûêΓûè       | 1288/4500 [17:38<45:10,  1.19it/s]
 29%|ΓûêΓûêΓûè       | 1289/4500 [17:39<45:20,  1.18it/s]
 29%|ΓûêΓûêΓûè       | 1290/4500 [17:39<43:54,  1.22it/s]
 29%|ΓûêΓûêΓûè       | 1291/4500 [17:40<44:18,  1.21it/s]
 29%|ΓûêΓûêΓûè       | 1292/4500 [17:41<44:31,  1.20it/s]
 29%|ΓûêΓûêΓûè       | 1293/4500 [17:42<44:29,  1.20it/s]
 29%|ΓûêΓûêΓûë       | 1294/4500 [17:43<43:39,  1.22it/s]
 29%|ΓûêΓûêΓûë       | 1295/4500 [17:44<42:23,  1.26it/s]
 29%|ΓûêΓûêΓûë       | 1296/4500 [17:44<43:30,  1.23it/s]
 29%|ΓûêΓûêΓûë       | 1297/4500 [17:45<42:25,  1.26it/s]
 29%|ΓûêΓûêΓûë       | 1298/4500 [17:46<44:16,  1.21it/s]
 29%|ΓûêΓûêΓûë       | 1299/4500 [17:47<43:48,  1.22it/s]
 29%|ΓûêΓûêΓûë       | 1300/4500 [17:48<42:19,  1.26it/s]
 29%|ΓûêΓûêΓûë       | 1301/4500 [17:48<42:42,  1.25it/s]
 29%|ΓûêΓûêΓûë       | 1302/4500 [17:49<43:08,  1.24it/s]
 29%|ΓûêΓûêΓûë       | 1303/4500 [17:50<43:43,  1.22it/s]
 29%|ΓûêΓûêΓûë       | 1304/4500 [17:51<45:13,  1.18it/s]
 29%|ΓûêΓûêΓûë       | 1305/4500 [17:52<45:58,  1.16it/s]
 29%|ΓûêΓûêΓûë       | 1306/4500 [17:53<46:40,  1.14it/s]
 29%|ΓûêΓûêΓûë       | 1307/4500 [17:54<47:26,  1.12it/s]
 29%|ΓûêΓûêΓûë       | 1308/4500 [17:55<46:14,  1.15it/s]
 29%|ΓûêΓûêΓûë       | 1309/4500 [17:55<45:22,  1.17it/s]
 29%|ΓûêΓûêΓûë       | 1310/4500 [17:56<44:50,  1.19it/s]
 29%|ΓûêΓûêΓûë       | 1311/4500 [17:57<44:30,  1.19it/s]
 29%|ΓûêΓûêΓûë       | 1312/4500 [17:58<44:23,  1.20it/s]
 29%|ΓûêΓûêΓûë       | 1313/4500 [17:59<43:07,  1.23it/s]
 29%|ΓûêΓûêΓûë       | 1314/4500 [17:59<43:40,  1.22it/s]
 29%|ΓûêΓûêΓûë       | 1315/4500 [18:00<42:17,  1.26it/s]
 29%|ΓûêΓûêΓûë       | 1316/4500 [18:01<42:15,  1.26it/s]
 29%|ΓûêΓûêΓûë       | 1317/4500 [18:02<42:57,  1.23it/s]
 29%|ΓûêΓûêΓûë       | 1318/4500 [18:03<41:53,  1.27it/s]
 29%|ΓûêΓûêΓûë       | 1319/4500 [18:03<42:23,  1.25it/s]
 29%|ΓûêΓûêΓûë       | 1320/4500 [18:04<41:37,  1.27it/s]
 29%|ΓûêΓûêΓûë       | 1321/4500 [18:05<41:13,  1.29it/s]
 29%|ΓûêΓûêΓûë       | 1322/4500 [18:06<41:49,  1.27it/s]
 29%|ΓûêΓûêΓûë       | 1323/4500 [18:06<40:56,  1.29it/s]
 29%|ΓûêΓûêΓûë       | 1324/4500 [18:07<42:01,  1.26it/s]
 29%|ΓûêΓûêΓûë       | 1325/4500 [18:08<42:24,  1.25it/s]
 29%|ΓûêΓûêΓûë       | 1326/4500 [18:09<43:05,  1.23it/s]
 29%|ΓûêΓûêΓûë       | 1327/4500 [18:10<43:32,  1.21it/s]
 30%|ΓûêΓûêΓûë       | 1328/4500 [18:11<43:36,  1.21it/s]
 30%|ΓûêΓûêΓûë       | 1329/4500 [18:11<42:24,  1.25it/s]
 30%|ΓûêΓûêΓûë       | 1330/4500 [18:12<42:40,  1.24it/s]
 30%|ΓûêΓûêΓûë       | 1331/4500 [18:13<44:26,  1.19it/s]
 30%|ΓûêΓûêΓûë       | 1332/4500 [18:14<43:02,  1.23it/s]
 30%|ΓûêΓûêΓûë       | 1333/4500 [18:15<43:21,  1.22it/s]
 30%|ΓûêΓûêΓûë       | 1334/4500 [18:16<44:41,  1.18it/s]
 30%|ΓûêΓûêΓûë       | 1335/4500 [18:16<43:01,  1.23it/s]
 30%|ΓûêΓûêΓûë       | 1336/4500 [18:17<43:34,  1.21it/s]
 30%|ΓûêΓûêΓûë       | 1337/4500 [18:18<42:33,  1.24it/s]
 30%|ΓûêΓûêΓûë       | 1338/4500 [18:19<44:04,  1.20it/s]
 30%|ΓûêΓûêΓûë       | 1339/4500 [18:20<42:55,  1.23it/s]
 30%|ΓûêΓûêΓûë       | 1340/4500 [18:21<44:36,  1.18it/s]
 30%|ΓûêΓûêΓûë       | 1341/4500 [18:21<42:55,  1.23it/s]
 30%|ΓûêΓûêΓûë       | 1342/4500 [18:22<41:49,  1.26it/s]
 30%|ΓûêΓûêΓûë       | 1343/4500 [18:23<41:17,  1.27it/s]
 30%|ΓûêΓûêΓûë       | 1344/4500 [18:24<41:04,  1.28it/s]
 30%|ΓûêΓûêΓûë       | 1345/4500 [18:24<40:35,  1.30it/s]
 30%|ΓûêΓûêΓûë       | 1346/4500 [18:25<41:18,  1.27it/s]
 30%|ΓûêΓûêΓûë       | 1347/4500 [18:26<42:09,  1.25it/s]
 30%|ΓûêΓûêΓûë       | 1348/4500 [18:27<41:26,  1.27it/s]
 30%|ΓûêΓûêΓûë       | 1349/4500 [18:28<43:47,  1.20it/s]
 30%|ΓûêΓûêΓûê       | 1350/4500 [18:29<44:57,  1.17it/s]
 30%|ΓûêΓûêΓûê       | 1351/4500 [18:29<44:35,  1.18it/s]
 30%|ΓûêΓûêΓûê       | 1352/4500 [18:30<43:50,  1.20it/s]
 30%|ΓûêΓûêΓûê       | 1353/4500 [18:31<42:09,  1.24it/s]
 30%|ΓûêΓûêΓûê       | 1354/4500 [18:32<42:55,  1.22it/s]
 30%|ΓûêΓûêΓûê       | 1355/4500 [18:33<41:41,  1.26it/s]
 30%|ΓûêΓûêΓûê       | 1356/4500 [18:33<40:59,  1.28it/s]
 30%|ΓûêΓûêΓûê       | 1357/4500 [18:34<43:16,  1.21it/s]
 30%|ΓûêΓûêΓûê       | 1358/4500 [18:35<44:17,  1.18it/s]
 30%|ΓûêΓûêΓûê       | 1359/4500 [18:36<42:44,  1.22it/s]
 30%|ΓûêΓûêΓûê       | 1360/4500 [18:37<41:43,  1.25it/s]
 30%|ΓûêΓûêΓûê       | 1361/4500 [18:37<42:26,  1.23it/s]
 30%|ΓûêΓûêΓûê       | 1362/4500 [18:38<41:14,  1.27it/s]
 30%|ΓûêΓûêΓûê       | 1363/4500 [18:39<42:06,  1.24it/s]
 30%|ΓûêΓûêΓûê       | 1364/4500 [18:40<43:55,  1.19it/s]
 30%|ΓûêΓûêΓûê       | 1365/4500 [18:41<44:58,  1.16it/s]
 30%|ΓûêΓûêΓûê       | 1366/4500 [18:42<45:21,  1.15it/s]
 30%|ΓûêΓûêΓûê       | 1367/4500 [18:43<45:32,  1.15it/s]
 30%|ΓûêΓûêΓûê       | 1368/4500 [18:43<44:54,  1.16it/s]
 30%|ΓûêΓûêΓûê       | 1369/4500 [18:44<43:14,  1.21it/s]
 30%|ΓûêΓûêΓûê       | 1370/4500 [18:45<42:16,  1.23it/s]
 30%|ΓûêΓûêΓûê       | 1371/4500 [18:46<43:27,  1.20it/s]
 30%|ΓûêΓûêΓûê       | 1372/4500 [18:47<42:59,  1.21it/s]
 31%|ΓûêΓûêΓûê       | 1373/4500 [18:48<43:26,  1.20it/s]
 31%|ΓûêΓûêΓûê       | 1374/4500 [18:48<45:07,  1.15it/s]
 31%|ΓûêΓûêΓûê       | 1375/4500 [18:49<44:52,  1.16it/s]
 31%|ΓûêΓûêΓûê       | 1376/4500 [18:50<43:20,  1.20it/s]
 31%|ΓûêΓûêΓûê       | 1377/4500 [18:51<43:29,  1.20it/s]
 31%|ΓûêΓûêΓûê       | 1378/4500 [18:52<43:34,  1.19it/s]
 31%|ΓûêΓûêΓûê       | 1379/4500 [18:53<44:12,  1.18it/s]
 31%|ΓûêΓûêΓûê       | 1380/4500 [18:54<44:08,  1.18it/s]
 31%|ΓûêΓûêΓûê       | 1381/4500 [18:54<44:51,  1.16it/s]
 31%|ΓûêΓûêΓûê       | 1382/4500 [18:55<43:24,  1.20it/s]
 31%|ΓûêΓûêΓûê       | 1383/4500 [18:56<43:13,  1.20it/s]
 31%|ΓûêΓûêΓûê       | 1384/4500 [18:57<43:45,  1.19it/s]
 31%|ΓûêΓûêΓûê       | 1385/4500 [18:58<43:12,  1.20it/s]
 31%|ΓûêΓûêΓûê       | 1386/4500 [18:58<41:48,  1.24it/s]
 31%|ΓûêΓûêΓûê       | 1387/4500 [18:59<41:12,  1.26it/s]
 31%|ΓûêΓûêΓûê       | 1388/4500 [19:00<41:21,  1.25it/s]
 31%|ΓûêΓûêΓûê       | 1389/4500 [19:01<41:38,  1.25it/s]
 31%|ΓûêΓûêΓûê       | 1390/4500 [19:02<41:25,  1.25it/s]
 31%|ΓûêΓûêΓûê       | 1391/4500 [19:02<42:07,  1.23it/s]
 31%|ΓûêΓûêΓûê       | 1392/4500 [19:03<43:43,  1.18it/s]
 31%|ΓûêΓûêΓûê       | 1393/4500 [19:04<42:06,  1.23it/s]
 31%|ΓûêΓûêΓûê       | 1394/4500 [19:05<43:41,  1.18it/s]
 31%|ΓûêΓûêΓûê       | 1395/4500 [19:06<42:45,  1.21it/s]
 31%|ΓûêΓûêΓûê       | 1396/4500 [19:07<42:24,  1.22it/s]
 31%|ΓûêΓûêΓûê       | 1397/4500 [19:08<44:19,  1.17it/s]
 31%|ΓûêΓûêΓûê       | 1398/4500 [19:08<45:27,  1.14it/s]
 31%|ΓûêΓûêΓûê       | 1399/4500 [19:09<44:38,  1.16it/s]
 31%|ΓûêΓûêΓûê       | 1400/4500 [19:10<45:08,  1.14it/s]
 31%|ΓûêΓûêΓûê       | 1401/4500 [19:11<42:34,  1.21it/s]
 31%|ΓûêΓûêΓûê       | 1402/4500 [19:12<42:30,  1.21it/s]
 31%|ΓûêΓûêΓûê       | 1403/4500 [19:13<45:46,  1.13it/s]
 31%|ΓûêΓûêΓûê       | 1404/4500 [19:14<46:46,  1.10it/s]
 31%|ΓûêΓûêΓûê       | 1405/4500 [19:14<43:54,  1.17it/s]
 31%|ΓûêΓûêΓûê       | 1406/4500 [19:15<42:45,  1.21it/s]
 31%|ΓûêΓûêΓûêΓûÅ      | 1407/4500 [19:16<43:36,  1.18it/s]
 31%|ΓûêΓûêΓûêΓûÅ      | 1408/4500 [19:17<43:01,  1.20it/s]
 31%|ΓûêΓûêΓûêΓûÅ      | 1409/4500 [19:18<42:38,  1.21it/s]
 31%|ΓûêΓûêΓûêΓûÅ      | 1410/4500 [19:18<41:13,  1.25it/s]
 31%|ΓûêΓûêΓûêΓûÅ      | 1411/4500 [19:19<41:32,  1.24it/s]
 31%|ΓûêΓûêΓûêΓûÅ      | 1412/4500 [19:20<40:12,  1.28it/s]
 31%|ΓûêΓûêΓûêΓûÅ      | 1413/4500 [19:21<39:27,  1.30it/s]
 31%|ΓûêΓûêΓûêΓûÅ      | 1414/4500 [19:22<39:57,  1.29it/s]
 31%|ΓûêΓûêΓûêΓûÅ      | 1415/4500 [19:22<40:18,  1.28it/s]
 31%|ΓûêΓûêΓûêΓûÅ      | 1416/4500 [19:23<39:38,  1.30it/s]
 31%|ΓûêΓûêΓûêΓûÅ      | 1417/4500 [19:24<40:13,  1.28it/s]
 32%|ΓûêΓûêΓûêΓûÅ      | 1418/4500 [19:25<41:37,  1.23it/s]
 32%|ΓûêΓûêΓûêΓûÅ      | 1419/4500 [19:25<40:16,  1.28it/s]
 32%|ΓûêΓûêΓûêΓûÅ      | 1420/4500 [19:26<41:39,  1.23it/s]
 32%|ΓûêΓûêΓûêΓûÅ      | 1421/4500 [19:27<42:57,  1.19it/s]
 32%|ΓûêΓûêΓûêΓûÅ      | 1422/4500 [19:28<41:09,  1.25it/s]
 32%|ΓûêΓûêΓûêΓûÅ      | 1423/4500 [19:29<40:03,  1.28it/s]
 32%|ΓûêΓûêΓûêΓûÅ      | 1424/4500 [19:30<40:49,  1.26it/s]
 32%|ΓûêΓûêΓûêΓûÅ      | 1425/4500 [19:30<42:41,  1.20it/s]
 32%|ΓûêΓûêΓûêΓûÅ      | 1426/4500 [19:31<43:01,  1.19it/s]
 32%|ΓûêΓûêΓûêΓûÅ      | 1427/4500 [19:32<42:35,  1.20it/s]
 32%|ΓûêΓûêΓûêΓûÅ      | 1428/4500 [19:33<43:44,  1.17it/s]
 32%|ΓûêΓûêΓûêΓûÅ      | 1429/4500 [19:34<43:20,  1.18it/s]
 32%|ΓûêΓûêΓûêΓûÅ      | 1430/4500 [19:35<41:50,  1.22it/s]
 32%|ΓûêΓûêΓûêΓûÅ      | 1431/4500 [19:35<41:40,  1.23it/s]
 32%|ΓûêΓûêΓûêΓûÅ      | 1432/4500 [19:36<40:18,  1.27it/s]
 32%|ΓûêΓûêΓûêΓûÅ      | 1433/4500 [19:37<41:53,  1.22it/s]
 32%|ΓûêΓûêΓûêΓûÅ      | 1434/4500 [19:38<42:00,  1.22it/s]
 32%|ΓûêΓûêΓûêΓûÅ      | 1435/4500 [19:39<41:21,  1.24it/s]
 32%|ΓûêΓûêΓûêΓûÅ      | 1436/4500 [19:39<40:16,  1.27it/s]
 32%|ΓûêΓûêΓûêΓûÅ      | 1437/4500 [19:40<40:46,  1.25it/s]
 32%|ΓûêΓûêΓûêΓûÅ      | 1438/4500 [19:41<41:14,  1.24it/s]
 32%|ΓûêΓûêΓûêΓûÅ      | 1439/4500 [19:42<42:25,  1.20it/s]
 32%|ΓûêΓûêΓûêΓûÅ      | 1440/4500 [19:43<42:35,  1.20it/s]
 32%|ΓûêΓûêΓûêΓûÅ      | 1441/4500 [19:44<41:57,  1.21it/s]
 32%|ΓûêΓûêΓûêΓûÅ      | 1442/4500 [19:44<42:06,  1.21it/s]
 32%|ΓûêΓûêΓûêΓûÅ      | 1443/4500 [19:45<41:52,  1.22it/s]
 32%|ΓûêΓûêΓûêΓûÅ      | 1444/4500 [19:46<41:28,  1.23it/s]
 32%|ΓûêΓûêΓûêΓûÅ      | 1445/4500 [19:47<41:36,  1.22it/s]
 32%|ΓûêΓûêΓûêΓûÅ      | 1446/4500 [19:48<42:51,  1.19it/s]
 32%|ΓûêΓûêΓûêΓûÅ      | 1447/4500 [19:49<42:31,  1.20it/s]
 32%|ΓûêΓûêΓûêΓûÅ      | 1448/4500 [19:49<43:08,  1.18it/s]
 32%|ΓûêΓûêΓûêΓûÅ      | 1449/4500 [19:50<41:45,  1.22it/s]
 32%|ΓûêΓûêΓûêΓûÅ      | 1450/4500 [19:51<43:14,  1.18it/s]
 32%|ΓûêΓûêΓûêΓûÅ      | 1451/4500 [19:52<42:37,  1.19it/s]
 32%|ΓûêΓûêΓûêΓûÅ      | 1452/4500 [19:53<42:40,  1.19it/s]
 32%|ΓûêΓûêΓûêΓûÅ      | 1453/4500 [19:54<42:09,  1.20it/s]
 32%|ΓûêΓûêΓûêΓûÅ      | 1454/4500 [19:54<43:03,  1.18it/s]
 32%|ΓûêΓûêΓûêΓûÅ      | 1455/4500 [19:55<41:20,  1.23it/s]
 32%|ΓûêΓûêΓûêΓûÅ      | 1456/4500 [19:56<41:00,  1.24it/s]
 32%|ΓûêΓûêΓûêΓûÅ      | 1457/4500 [19:57<41:02,  1.24it/s]
 32%|ΓûêΓûêΓûêΓûÅ      | 1458/4500 [19:58<40:50,  1.24it/s]
 32%|ΓûêΓûêΓûêΓûÅ      | 1459/4500 [19:58<41:51,  1.21it/s]
 32%|ΓûêΓûêΓûêΓûÅ      | 1460/4500 [19:59<41:31,  1.22it/s]
 32%|ΓûêΓûêΓûêΓûÅ      | 1461/4500 [20:00<42:37,  1.19it/s]
 32%|ΓûêΓûêΓûêΓûÅ      | 1462/4500 [20:01<42:59,  1.18it/s]
 33%|ΓûêΓûêΓûêΓûÄ      | 1463/4500 [20:02<45:05,  1.12it/s]
 33%|ΓûêΓûêΓûêΓûÄ      | 1464/4500 [20:03<45:21,  1.12it/s]
 33%|ΓûêΓûêΓûêΓûÄ      | 1465/4500 [20:04<46:38,  1.08it/s]
 33%|ΓûêΓûêΓûêΓûÄ      | 1466/4500 [20:05<44:44,  1.13it/s]
 33%|ΓûêΓûêΓûêΓûÄ      | 1467/4500 [20:06<46:08,  1.10it/s]
 33%|ΓûêΓûêΓûêΓûÄ      | 1468/4500 [20:07<46:13,  1.09it/s]
 33%|ΓûêΓûêΓûêΓûÄ      | 1469/4500 [20:08<45:53,  1.10it/s]
 33%|ΓûêΓûêΓûêΓûÄ      | 1470/4500 [20:08<44:08,  1.14it/s]
 33%|ΓûêΓûêΓûêΓûÄ      | 1471/4500 [20:09<44:09,  1.14it/s]
 33%|ΓûêΓûêΓûêΓûÄ      | 1472/4500 [20:10<43:58,  1.15it/s]
 33%|ΓûêΓûêΓûêΓûÄ      | 1473/4500 [20:11<44:01,  1.15it/s]
 33%|ΓûêΓûêΓûêΓûÄ      | 1474/4500 [20:12<43:02,  1.17it/s]
 33%|ΓûêΓûêΓûêΓûÄ      | 1475/4500 [20:13<44:59,  1.12it/s]
 33%|ΓûêΓûêΓûêΓûÄ      | 1476/4500 [20:14<43:37,  1.16it/s]
 33%|ΓûêΓûêΓûêΓûÄ      | 1477/4500 [20:14<42:25,  1.19it/s]
 33%|ΓûêΓûêΓûêΓûÄ      | 1478/4500 [20:15<44:02,  1.14it/s]
 33%|ΓûêΓûêΓûêΓûÄ      | 1479/4500 [20:16<44:07,  1.14it/s]
 33%|ΓûêΓûêΓûêΓûÄ      | 1480/4500 [20:17<44:52,  1.12it/s]
 33%|ΓûêΓûêΓûêΓûÄ      | 1481/4500 [20:18<44:52,  1.12it/s]
 33%|ΓûêΓûêΓûêΓûÄ      | 1482/4500 [20:19<45:30,  1.11it/s]
 33%|ΓûêΓûêΓûêΓûÄ      | 1483/4500 [20:20<43:37,  1.15it/s]
 33%|ΓûêΓûêΓûêΓûÄ      | 1484/4500 [20:20<42:36,  1.18it/s]
 33%|ΓûêΓûêΓûêΓûÄ      | 1485/4500 [20:21<42:50,  1.17it/s]
 33%|ΓûêΓûêΓûêΓûÄ      | 1486/4500 [20:22<42:19,  1.19it/s]
 33%|ΓûêΓûêΓûêΓûÄ      | 1487/4500 [20:23<41:35,  1.21it/s]
 33%|ΓûêΓûêΓûêΓûÄ      | 1488/4500 [20:24<42:22,  1.18it/s]
 33%|ΓûêΓûêΓûêΓûÄ      | 1489/4500 [20:25<44:14,  1.13it/s]
 33%|ΓûêΓûêΓûêΓûÄ      | 1490/4500 [20:26<44:00,  1.14it/s]
 33%|ΓûêΓûêΓûêΓûÄ      | 1491/4500 [20:26<42:24,  1.18it/s]
 33%|ΓûêΓûêΓûêΓûÄ      | 1492/4500 [20:27<42:43,  1.17it/s]
 33%|ΓûêΓûêΓûêΓûÄ      | 1493/4500 [20:28<43:25,  1.15it/s]
 33%|ΓûêΓûêΓûêΓûÄ      | 1494/4500 [20:29<45:18,  1.11it/s]
 33%|ΓûêΓûêΓûêΓûÄ      | 1495/4500 [20:30<45:42,  1.10it/s]
 33%|ΓûêΓûêΓûêΓûÄ      | 1496/4500 [20:31<47:32,  1.05it/s]
 33%|ΓûêΓûêΓûêΓûÄ      | 1497/4500 [20:32<49:30,  1.01it/s]
 33%|ΓûêΓûêΓûêΓûÄ      | 1498/4500 [20:33<47:54,  1.04it/s]
 33%|ΓûêΓûêΓûêΓûÄ      | 1499/4500 [20:34<47:19,  1.06it/s]
 33%|ΓûêΓûêΓûêΓûÄ      | 1500/4500 [20:35<45:53,  1.09it/s]
 33%|ΓûêΓûêΓûêΓûÄ      | 1501/4500 [20:36<43:12,  1.16it/s]
 33%|ΓûêΓûêΓûêΓûÄ      | 1502/4500 [20:36<42:26,  1.18it/s]
 33%|ΓûêΓûêΓûêΓûÄ      | 1503/4500 [20:37<42:24,  1.18it/s]
 33%|ΓûêΓûêΓûêΓûÄ      | 1504/4500 [20:38<40:52,  1.22it/s]
 33%|ΓûêΓûêΓûêΓûÄ      | 1505/4500 [20:39<42:42,  1.17it/s]
 33%|ΓûêΓûêΓûêΓûÄ      | 1506/4500 [20:40<43:41,  1.14it/s]
 33%|ΓûêΓûêΓûêΓûÄ      | 1507/4500 [20:41<41:44,  1.20it/s]
 34%|ΓûêΓûêΓûêΓûÄ      | 1508/4500 [20:41<40:36,  1.23it/s]
 34%|ΓûêΓûêΓûêΓûÄ      | 1509/4500 [20:42<41:55,  1.19it/s]
 34%|ΓûêΓûêΓûêΓûÄ      | 1510/4500 [20:43<43:09,  1.15it/s]
 34%|ΓûêΓûêΓûêΓûÄ      | 1511/4500 [20:44<41:53,  1.19it/s]
 34%|ΓûêΓûêΓûêΓûÄ      | 1512/4500 [20:45<41:40,  1.19it/s]
 34%|ΓûêΓûêΓûêΓûÄ      | 1513/4500 [20:46<41:29,  1.20it/s]
 34%|ΓûêΓûêΓûêΓûÄ      | 1514/4500 [20:46<40:47,  1.22it/s]
 34%|ΓûêΓûêΓûêΓûÄ      | 1515/4500 [20:47<42:41,  1.17it/s]
 34%|ΓûêΓûêΓûêΓûÄ      | 1516/4500 [20:48<42:26,  1.17it/s]
 34%|ΓûêΓûêΓûêΓûÄ      | 1517/4500 [20:49<41:02,  1.21it/s]
 34%|ΓûêΓûêΓûêΓûÄ      | 1518/4500 [20:50<40:29,  1.23it/s]
 34%|ΓûêΓûêΓûêΓûì      | 1519/4500 [20:51<41:20,  1.20it/s]
 34%|ΓûêΓûêΓûêΓûì      | 1520/4500 [20:52<41:05,  1.21it/s]
 34%|ΓûêΓûêΓûêΓûì      | 1521/4500 [20:52<40:04,  1.24it/s]
 34%|ΓûêΓûêΓûêΓûì      | 1522/4500 [20:53<38:57,  1.27it/s]
 34%|ΓûêΓûêΓûêΓûì      | 1523/4500 [20:54<39:00,  1.27it/s]
 34%|ΓûêΓûêΓûêΓûì      | 1524/4500 [20:55<37:58,  1.31it/s]
 34%|ΓûêΓûêΓûêΓûì      | 1525/4500 [20:55<38:39,  1.28it/s]
 34%|ΓûêΓûêΓûêΓûì      | 1526/4500 [20:56<37:48,  1.31it/s]
 34%|ΓûêΓûêΓûêΓûì      | 1527/4500 [20:57<38:24,  1.29it/s]
 34%|ΓûêΓûêΓûêΓûì      | 1528/4500 [20:58<38:48,  1.28it/s]
 34%|ΓûêΓûêΓûêΓûì      | 1529/4500 [20:58<39:03,  1.27it/s]
 34%|ΓûêΓûêΓûêΓûì      | 1530/4500 [20:59<39:26,  1.25it/s]
 34%|ΓûêΓûêΓûêΓûì      | 1531/4500 [21:00<39:48,  1.24it/s]
 34%|ΓûêΓûêΓûêΓûì      | 1532/4500 [21:01<39:44,  1.24it/s]
 34%|ΓûêΓûêΓûêΓûì      | 1533/4500 [21:02<39:41,  1.25it/s]
 34%|ΓûêΓûêΓûêΓûì      | 1534/4500 [21:03<40:10,  1.23it/s]
 34%|ΓûêΓûêΓûêΓûì      | 1535/4500 [21:03<39:51,  1.24it/s]
 34%|ΓûêΓûêΓûêΓûì      | 1536/4500 [21:04<42:01,  1.18it/s]
 34%|ΓûêΓûêΓûêΓûì      | 1537/4500 [21:05<40:12,  1.23it/s]
 34%|ΓûêΓûêΓûêΓûì      | 1538/4500 [21:06<40:08,  1.23it/s]
 34%|ΓûêΓûêΓûêΓûì      | 1539/4500 [21:07<38:38,  1.28it/s]
 34%|ΓûêΓûêΓûêΓûì      | 1540/4500 [21:07<38:45,  1.27it/s]
 34%|ΓûêΓûêΓûêΓûì      | 1541/4500 [21:08<38:07,  1.29it/s]
 34%|ΓûêΓûêΓûêΓûì      | 1542/4500 [21:09<37:37,  1.31it/s]
 34%|ΓûêΓûêΓûêΓûì      | 1543/4500 [21:10<38:12,  1.29it/s]
 34%|ΓûêΓûêΓûêΓûì      | 1544/4500 [21:10<38:54,  1.27it/s]
 34%|ΓûêΓûêΓûêΓûì      | 1545/4500 [21:11<37:57,  1.30it/s]
 34%|ΓûêΓûêΓûêΓûì      | 1546/4500 [21:12<38:25,  1.28it/s]
 34%|ΓûêΓûêΓûêΓûì      | 1547/4500 [21:13<37:55,  1.30it/s]
 34%|ΓûêΓûêΓûêΓûì      | 1548/4500 [21:14<38:49,  1.27it/s]
 34%|ΓûêΓûêΓûêΓûì      | 1549/4500 [21:14<37:57,  1.30it/s]
 34%|ΓûêΓûêΓûêΓûì      | 1550/4500 [21:15<38:48,  1.27it/s]
 34%|ΓûêΓûêΓûêΓûì      | 1551/4500 [21:16<39:16,  1.25it/s]
 34%|ΓûêΓûêΓûêΓûì      | 1552/4500 [21:17<39:07,  1.26it/s]
 35%|ΓûêΓûêΓûêΓûì      | 1553/4500 [21:18<39:08,  1.25it/s]
 35%|ΓûêΓûêΓûêΓûì      | 1554/4500 [21:18<39:11,  1.25it/s]
 35%|ΓûêΓûêΓûêΓûì      | 1555/4500 [21:19<38:00,  1.29it/s]
 35%|ΓûêΓûêΓûêΓûì      | 1556/4500 [21:20<38:11,  1.28it/s]
 35%|ΓûêΓûêΓûêΓûì      | 1557/4500 [21:21<38:14,  1.28it/s]
 35%|ΓûêΓûêΓûêΓûì      | 1558/4500 [21:21<37:24,  1.31it/s]
 35%|ΓûêΓûêΓûêΓûì      | 1559/4500 [21:22<39:04,  1.25it/s]
 35%|ΓûêΓûêΓûêΓûì      | 1560/4500 [21:23<40:59,  1.20it/s]
 35%|ΓûêΓûêΓûêΓûì      | 1561/4500 [21:24<39:26,  1.24it/s]
 35%|ΓûêΓûêΓûêΓûì      | 1562/4500 [21:25<40:45,  1.20it/s]
 35%|ΓûêΓûêΓûêΓûì      | 1563/4500 [21:26<40:27,  1.21it/s]
 35%|ΓûêΓûêΓûêΓûì      | 1564/4500 [21:26<40:35,  1.21it/s]
 35%|ΓûêΓûêΓûêΓûì      | 1565/4500 [21:27<40:41,  1.20it/s]
 35%|ΓûêΓûêΓûêΓûì      | 1566/4500 [21:28<39:35,  1.24it/s]
 35%|ΓûêΓûêΓûêΓûì      | 1567/4500 [21:29<40:14,  1.21it/s]
 35%|ΓûêΓûêΓûêΓûì      | 1568/4500 [21:30<39:45,  1.23it/s]
 35%|ΓûêΓûêΓûêΓûì      | 1569/4500 [21:31<40:27,  1.21it/s]
 35%|ΓûêΓûêΓûêΓûì      | 1570/4500 [21:31<40:44,  1.20it/s]
 35%|ΓûêΓûêΓûêΓûì      | 1571/4500 [21:32<41:57,  1.16it/s]
 35%|ΓûêΓûêΓûêΓûì      | 1572/4500 [21:33<41:05,  1.19it/s]
 35%|ΓûêΓûêΓûêΓûì      | 1573/4500 [21:34<40:05,  1.22it/s]
 35%|ΓûêΓûêΓûêΓûì      | 1574/4500 [21:35<39:23,  1.24it/s]
 35%|ΓûêΓûêΓûêΓûî      | 1575/4500 [21:35<39:13,  1.24it/s]
 35%|ΓûêΓûêΓûêΓûî      | 1576/4500 [21:36<38:50,  1.25it/s]
 35%|ΓûêΓûêΓûêΓûî      | 1577/4500 [21:37<39:16,  1.24it/s]
 35%|ΓûêΓûêΓûêΓûî      | 1578/4500 [21:38<41:41,  1.17it/s]
 35%|ΓûêΓûêΓûêΓûî      | 1579/4500 [21:39<41:50,  1.16it/s]
 35%|ΓûêΓûêΓûêΓûî      | 1580/4500 [21:40<41:38,  1.17it/s]
 35%|ΓûêΓûêΓûêΓûî      | 1581/4500 [21:41<41:29,  1.17it/s]
 35%|ΓûêΓûêΓûêΓûî      | 1582/4500 [21:42<42:42,  1.14it/s]
 35%|ΓûêΓûêΓûêΓûî      | 1583/4500 [21:42<42:52,  1.13it/s]
 35%|ΓûêΓûêΓûêΓûî      | 1584/4500 [21:43<41:17,  1.18it/s]
 35%|ΓûêΓûêΓûêΓûî      | 1585/4500 [21:44<39:54,  1.22it/s]
 35%|ΓûêΓûêΓûêΓûî      | 1586/4500 [21:45<39:31,  1.23it/s]
 35%|ΓûêΓûêΓûêΓûî      | 1587/4500 [21:46<40:03,  1.21it/s]
 35%|ΓûêΓûêΓûêΓûî      | 1588/4500 [21:46<39:17,  1.24it/s]
 35%|ΓûêΓûêΓûêΓûî      | 1589/4500 [21:47<38:48,  1.25it/s]
 35%|ΓûêΓûêΓûêΓûî      | 1590/4500 [21:48<41:20,  1.17it/s]
 35%|ΓûêΓûêΓûêΓûî      | 1591/4500 [21:49<40:49,  1.19it/s]
 35%|ΓûêΓûêΓûêΓûî      | 1592/4500 [21:50<42:39,  1.14it/s]
 35%|ΓûêΓûêΓûêΓûî      | 1593/4500 [21:51<41:47,  1.16it/s]
 35%|ΓûêΓûêΓûêΓûî      | 1594/4500 [21:52<41:38,  1.16it/s]
 35%|ΓûêΓûêΓûêΓûî      | 1595/4500 [21:52<40:46,  1.19it/s]
 35%|ΓûêΓûêΓûêΓûî      | 1596/4500 [21:53<41:00,  1.18it/s]
 35%|ΓûêΓûêΓûêΓûî      | 1597/4500 [21:54<41:02,  1.18it/s]
 36%|ΓûêΓûêΓûêΓûî      | 1598/4500 [21:55<39:45,  1.22it/s]
 36%|ΓûêΓûêΓûêΓûî      | 1599/4500 [21:56<39:36,  1.22it/s]
 36%|ΓûêΓûêΓûêΓûî      | 1600/4500 [21:56<39:50,  1.21it/s]
 36%|ΓûêΓûêΓûêΓûî      | 1601/4500 [21:57<40:15,  1.20it/s]
 36%|ΓûêΓûêΓûêΓûî      | 1602/4500 [21:58<41:20,  1.17it/s]
 36%|ΓûêΓûêΓûêΓûî      | 1603/4500 [21:59<39:58,  1.21it/s]
 36%|ΓûêΓûêΓûêΓûî      | 1604/4500 [22:00<39:36,  1.22it/s]
 36%|ΓûêΓûêΓûêΓûî      | 1605/4500 [22:01<40:01,  1.21it/s]
 36%|ΓûêΓûêΓûêΓûî      | 1606/4500 [22:02<41:01,  1.18it/s]
 36%|ΓûêΓûêΓûêΓûî      | 1607/4500 [22:02<40:28,  1.19it/s]
 36%|ΓûêΓûêΓûêΓûî      | 1608/4500 [22:03<41:02,  1.17it/s]
 36%|ΓûêΓûêΓûêΓûî      | 1609/4500 [22:04<39:38,  1.22it/s]
 36%|ΓûêΓûêΓûêΓûî      | 1610/4500 [22:05<40:56,  1.18it/s]
 36%|ΓûêΓûêΓûêΓûî      | 1611/4500 [22:06<39:46,  1.21it/s]
 36%|ΓûêΓûêΓûêΓûî      | 1612/4500 [22:06<38:22,  1.25it/s]
 36%|ΓûêΓûêΓûêΓûî      | 1613/4500 [22:07<37:30,  1.28it/s]
 36%|ΓûêΓûêΓûêΓûî      | 1614/4500 [22:08<37:45,  1.27it/s]
 36%|ΓûêΓûêΓûêΓûî      | 1615/4500 [22:09<37:17,  1.29it/s]
 36%|ΓûêΓûêΓûêΓûî      | 1616/4500 [22:09<37:01,  1.30it/s]
 36%|ΓûêΓûêΓûêΓûî      | 1617/4500 [22:10<38:47,  1.24it/s]
 36%|ΓûêΓûêΓûêΓûî      | 1618/4500 [22:11<39:29,  1.22it/s]
 36%|ΓûêΓûêΓûêΓûî      | 1619/4500 [22:12<40:38,  1.18it/s]
 36%|ΓûêΓûêΓûêΓûî      | 1620/4500 [22:13<40:48,  1.18it/s]
 36%|ΓûêΓûêΓûêΓûî      | 1621/4500 [22:14<39:47,  1.21it/s]
 36%|ΓûêΓûêΓûêΓûî      | 1622/4500 [22:15<40:16,  1.19it/s]
 36%|ΓûêΓûêΓûêΓûî      | 1623/4500 [22:16<42:00,  1.14it/s]
 36%|ΓûêΓûêΓûêΓûî      | 1624/4500 [22:17<42:47,  1.12it/s]
 36%|ΓûêΓûêΓûêΓûî      | 1625/4500 [22:17<42:02,  1.14it/s]
 36%|ΓûêΓûêΓûêΓûî      | 1626/4500 [22:18<41:44,  1.15it/s]
 36%|ΓûêΓûêΓûêΓûî      | 1627/4500 [22:19<41:50,  1.14it/s]
 36%|ΓûêΓûêΓûêΓûî      | 1628/4500 [22:20<40:30,  1.18it/s]
 36%|ΓûêΓûêΓûêΓûî      | 1629/4500 [22:21<41:07,  1.16it/s]
 36%|ΓûêΓûêΓûêΓûî      | 1630/4500 [22:22<41:12,  1.16it/s]
 36%|ΓûêΓûêΓûêΓûî      | 1631/4500 [22:23<42:07,  1.14it/s]
 36%|ΓûêΓûêΓûêΓûï      | 1632/4500 [22:23<40:08,  1.19it/s]
 36%|ΓûêΓûêΓûêΓûï      | 1633/4500 [22:24<39:41,  1.20it/s]
 36%|ΓûêΓûêΓûêΓûï      | 1634/4500 [22:25<41:22,  1.15it/s]
 36%|ΓûêΓûêΓûêΓûï      | 1635/4500 [22:26<41:39,  1.15it/s]
 36%|ΓûêΓûêΓûêΓûï      | 1636/4500 [22:27<40:04,  1.19it/s]
 36%|ΓûêΓûêΓûêΓûï      | 1637/4500 [22:28<39:49,  1.20it/s]
 36%|ΓûêΓûêΓûêΓûï      | 1638/4500 [22:28<38:51,  1.23it/s]
 36%|ΓûêΓûêΓûêΓûï      | 1639/4500 [22:29<38:06,  1.25it/s]
 36%|ΓûêΓûêΓûêΓûï      | 1640/4500 [22:30<37:20,  1.28it/s]
 36%|ΓûêΓûêΓûêΓûï      | 1641/4500 [22:31<38:07,  1.25it/s]
 36%|ΓûêΓûêΓûêΓûï      | 1642/4500 [22:32<40:17,  1.18it/s]
 37%|ΓûêΓûêΓûêΓûï      | 1643/4500 [22:33<41:20,  1.15it/s]
 37%|ΓûêΓûêΓûêΓûï      | 1644/4500 [22:33<41:07,  1.16it/s]
 37%|ΓûêΓûêΓûêΓûï      | 1645/4500 [22:34<39:24,  1.21it/s]
 37%|ΓûêΓûêΓûêΓûï      | 1646/4500 [22:35<40:18,  1.18it/s]
 37%|ΓûêΓûêΓûêΓûï      | 1647/4500 [22:36<39:00,  1.22it/s]
 37%|ΓûêΓûêΓûêΓûï      | 1648/4500 [22:37<38:06,  1.25it/s]
 37%|ΓûêΓûêΓûêΓûï      | 1649/4500 [22:37<38:19,  1.24it/s]
 37%|ΓûêΓûêΓûêΓûï      | 1650/4500 [22:38<38:36,  1.23it/s]
 37%|ΓûêΓûêΓûêΓûï      | 1651/4500 [22:39<37:47,  1.26it/s]
 37%|ΓûêΓûêΓûêΓûï      | 1652/4500 [22:40<37:49,  1.25it/s]
 37%|ΓûêΓûêΓûêΓûï      | 1653/4500 [22:41<37:52,  1.25it/s]
 37%|ΓûêΓûêΓûêΓûï      | 1654/4500 [22:41<36:57,  1.28it/s]
 37%|ΓûêΓûêΓûêΓûï      | 1655/4500 [22:42<38:27,  1.23it/s]
 37%|ΓûêΓûêΓûêΓûï      | 1656/4500 [22:43<38:19,  1.24it/s]
 37%|ΓûêΓûêΓûêΓûï      | 1657/4500 [22:44<38:45,  1.22it/s]
 37%|ΓûêΓûêΓûêΓûï      | 1658/4500 [22:45<39:00,  1.21it/s]
 37%|ΓûêΓûêΓûêΓûï      | 1659/4500 [22:45<38:03,  1.24it/s]
 37%|ΓûêΓûêΓûêΓûï      | 1660/4500 [22:46<38:20,  1.23it/s]
 37%|ΓûêΓûêΓûêΓûï      | 1661/4500 [22:47<39:30,  1.20it/s]
 37%|ΓûêΓûêΓûêΓûï      | 1663/4500 [22:48<30:42,  1.54it/s]
 37%|ΓûêΓûêΓûêΓûï      | 1664/4500 [22:49<33:09,  1.43it/s]
 37%|ΓûêΓûêΓûêΓûï      | 1665/4500 [22:50<33:27,  1.41it/s]
 37%|ΓûêΓûêΓûêΓûï      | 1666/4500 [22:50<33:48,  1.40it/s]
 37%|ΓûêΓûêΓûêΓûï      | 1667/4500 [22:51<34:52,  1.35it/s]
 37%|ΓûêΓûêΓûêΓûï      | 1668/4500 [22:52<35:36,  1.33it/s]
 37%|ΓûêΓûêΓûêΓûï      | 1669/4500 [22:53<38:27,  1.23it/s]
 37%|ΓûêΓûêΓûêΓûï      | 1670/4500 [22:54<38:03,  1.24it/s]
 37%|ΓûêΓûêΓûêΓûï      | 1671/4500 [22:54<38:00,  1.24it/s]
 37%|ΓûêΓûêΓûêΓûï      | 1672/4500 [22:55<38:13,  1.23it/s]
 37%|ΓûêΓûêΓûêΓûï      | 1673/4500 [22:56<39:22,  1.20it/s]
 37%|ΓûêΓûêΓûêΓûï      | 1674/4500 [22:57<39:05,  1.20it/s]
 37%|ΓûêΓûêΓûêΓûï      | 1675/4500 [22:58<40:41,  1.16it/s]
 37%|ΓûêΓûêΓûêΓûï      | 1676/4500 [22:59<41:39,  1.13it/s]
 37%|ΓûêΓûêΓûêΓûï      | 1677/4500 [23:00<39:30,  1.19it/s]
 37%|ΓûêΓûêΓûêΓûï      | 1678/4500 [23:00<37:51,  1.24it/s]
 37%|ΓûêΓûêΓûêΓûï      | 1679/4500 [23:01<37:59,  1.24it/s]
 37%|ΓûêΓûêΓûêΓûï      | 1680/4500 [23:02<37:18,  1.26it/s]
 37%|ΓûêΓûêΓûêΓûï      | 1681/4500 [23:03<38:44,  1.21it/s]
 37%|ΓûêΓûêΓûêΓûï      | 1682/4500 [23:04<39:44,  1.18it/s]
 37%|ΓûêΓûêΓûêΓûï      | 1683/4500 [23:04<39:10,  1.20it/s]
 37%|ΓûêΓûêΓûêΓûï      | 1684/4500 [23:05<37:41,  1.24it/s]
 37%|ΓûêΓûêΓûêΓûï      | 1685/4500 [23:06<36:31,  1.28it/s]
 37%|ΓûêΓûêΓûêΓûï      | 1686/4500 [23:07<37:00,  1.27it/s]
 37%|ΓûêΓûêΓûêΓûï      | 1687/4500 [23:08<38:06,  1.23it/s]
 38%|ΓûêΓûêΓûêΓûè      | 1688/4500 [23:08<38:17,  1.22it/s]
 38%|ΓûêΓûêΓûêΓûè      | 1689/4500 [23:09<39:24,  1.19it/s]
 38%|ΓûêΓûêΓûêΓûè      | 1690/4500 [23:10<40:11,  1.17it/s]
 38%|ΓûêΓûêΓûêΓûè      | 1691/4500 [23:11<39:37,  1.18it/s]
 38%|ΓûêΓûêΓûêΓûè      | 1692/4500 [23:12<38:20,  1.22it/s]
 38%|ΓûêΓûêΓûêΓûè      | 1693/4500 [23:13<37:05,  1.26it/s]
 38%|ΓûêΓûêΓûêΓûè      | 1694/4500 [23:14<39:19,  1.19it/s]
 38%|ΓûêΓûêΓûêΓûè      | 1695/4500 [23:14<38:01,  1.23it/s]
 38%|ΓûêΓûêΓûêΓûè      | 1696/4500 [23:15<39:04,  1.20it/s]
 38%|ΓûêΓûêΓûêΓûè      | 1697/4500 [23:16<39:54,  1.17it/s]
 38%|ΓûêΓûêΓûêΓûè      | 1698/4500 [23:17<39:22,  1.19it/s]
 38%|ΓûêΓûêΓûêΓûè      | 1699/4500 [23:18<38:27,  1.21it/s]
 38%|ΓûêΓûêΓûêΓûè      | 1700/4500 [23:18<37:27,  1.25it/s]
 38%|ΓûêΓûêΓûêΓûè      | 1701/4500 [23:19<37:06,  1.26it/s]
 38%|ΓûêΓûêΓûêΓûè      | 1702/4500 [23:20<36:36,  1.27it/s]
 38%|ΓûêΓûêΓûêΓûè      | 1703/4500 [23:21<35:21,  1.32it/s]
 38%|ΓûêΓûêΓûêΓûè      | 1704/4500 [23:21<34:46,  1.34it/s]
 38%|ΓûêΓûêΓûêΓûè      | 1705/4500 [23:22<35:00,  1.33it/s]
 38%|ΓûêΓûêΓûêΓûè      | 1706/4500 [23:23<35:58,  1.29it/s]
 38%|ΓûêΓûêΓûêΓûè      | 1707/4500 [23:24<35:34,  1.31it/s]
 38%|ΓûêΓûêΓûêΓûè      | 1708/4500 [23:25<36:54,  1.26it/s]
 38%|ΓûêΓûêΓûêΓûè      | 1709/4500 [23:25<38:02,  1.22it/s]
 38%|ΓûêΓûêΓûêΓûè      | 1710/4500 [23:26<37:45,  1.23it/s]
 38%|ΓûêΓûêΓûêΓûè      | 1711/4500 [23:27<37:44,  1.23it/s]
 38%|ΓûêΓûêΓûêΓûè      | 1712/4500 [23:28<37:43,  1.23it/s]
 38%|ΓûêΓûêΓûêΓûè      | 1713/4500 [23:29<38:11,  1.22it/s]
 38%|ΓûêΓûêΓûêΓûè      | 1714/4500 [23:30<39:45,  1.17it/s]
 38%|ΓûêΓûêΓûêΓûè      | 1715/4500 [23:31<41:21,  1.12it/s]
 38%|ΓûêΓûêΓûêΓûè      | 1716/4500 [23:31<41:29,  1.12it/s]
 38%|ΓûêΓûêΓûêΓûè      | 1717/4500 [23:32<42:54,  1.08it/s]
 38%|ΓûêΓûêΓûêΓûè      | 1718/4500 [23:33<41:26,  1.12it/s]
 38%|ΓûêΓûêΓûêΓûè      | 1719/4500 [23:34<42:01,  1.10it/s]
 38%|ΓûêΓûêΓûêΓûè      | 1720/4500 [23:35<40:45,  1.14it/s]
 38%|ΓûêΓûêΓûêΓûè      | 1721/4500 [23:36<39:58,  1.16it/s]
 38%|ΓûêΓûêΓûêΓûè      | 1722/4500 [23:37<40:16,  1.15it/s]
 38%|ΓûêΓûêΓûêΓûè      | 1723/4500 [23:38<38:57,  1.19it/s]
 38%|ΓûêΓûêΓûêΓûè      | 1724/4500 [23:38<40:23,  1.15it/s]
 38%|ΓûêΓûêΓûêΓûè      | 1725/4500 [23:39<39:45,  1.16it/s]
 38%|ΓûêΓûêΓûêΓûè      | 1726/4500 [23:40<40:33,  1.14it/s]
 38%|ΓûêΓûêΓûêΓûè      | 1727/4500 [23:41<41:25,  1.12it/s]
 38%|ΓûêΓûêΓûêΓûè      | 1728/4500 [23:42<42:43,  1.08it/s]
 38%|ΓûêΓûêΓûêΓûè      | 1729/4500 [23:43<41:58,  1.10it/s]
 38%|ΓûêΓûêΓûêΓûè      | 1730/4500 [23:44<43:34,  1.06it/s]
 38%|ΓûêΓûêΓûêΓûè      | 1731/4500 [23:45<43:16,  1.07it/s]
 38%|ΓûêΓûêΓûêΓûè      | 1732/4500 [23:46<44:01,  1.05it/s]
 39%|ΓûêΓûêΓûêΓûè      | 1733/4500 [23:47<43:16,  1.07it/s]
 39%|ΓûêΓûêΓûêΓûè      | 1734/4500 [23:48<41:06,  1.12it/s]
 39%|ΓûêΓûêΓûêΓûè      | 1735/4500 [23:49<42:02,  1.10it/s]
 39%|ΓûêΓûêΓûêΓûè      | 1736/4500 [23:49<40:26,  1.14it/s]
 39%|ΓûêΓûêΓûêΓûè      | 1737/4500 [23:50<41:57,  1.10it/s]
 39%|ΓûêΓûêΓûêΓûè      | 1738/4500 [23:51<42:41,  1.08it/s]
 39%|ΓûêΓûêΓûêΓûè      | 1739/4500 [23:52<40:38,  1.13it/s]
 39%|ΓûêΓûêΓûêΓûè      | 1740/4500 [23:53<40:31,  1.14it/s]
 39%|ΓûêΓûêΓûêΓûè      | 1741/4500 [23:54<40:28,  1.14it/s]
 39%|ΓûêΓûêΓûêΓûè      | 1742/4500 [23:55<40:12,  1.14it/s]
 39%|ΓûêΓûêΓûêΓûè      | 1743/4500 [23:56<40:01,  1.15it/s]
 39%|ΓûêΓûêΓûêΓûë      | 1744/4500 [23:57<40:36,  1.13it/s]
 39%|ΓûêΓûêΓûêΓûë      | 1745/4500 [23:57<40:44,  1.13it/s]
 39%|ΓûêΓûêΓûêΓûë      | 1746/4500 [23:58<42:01,  1.09it/s]
 39%|ΓûêΓûêΓûêΓûë      | 1747/4500 [23:59<40:18,  1.14it/s]
 39%|ΓûêΓûêΓûêΓûë      | 1748/4500 [24:00<40:26,  1.13it/s]
 39%|ΓûêΓûêΓûêΓûë      | 1749/4500 [24:01<42:30,  1.08it/s]
 39%|ΓûêΓûêΓûêΓûë      | 1750/4500 [24:02<42:01,  1.09it/s]
 39%|ΓûêΓûêΓûêΓûë      | 1751/4500 [24:03<42:24,  1.08it/s]
 39%|ΓûêΓûêΓûêΓûë      | 1752/4500 [24:04<41:09,  1.11it/s]
 39%|ΓûêΓûêΓûêΓûë      | 1753/4500 [24:05<42:15,  1.08it/s]
 39%|ΓûêΓûêΓûêΓûë      | 1754/4500 [24:06<41:56,  1.09it/s]
 39%|ΓûêΓûêΓûêΓûë      | 1755/4500 [24:07<41:56,  1.09it/s]
 39%|ΓûêΓûêΓûêΓûë      | 1756/4500 [24:08<41:44,  1.10it/s]
 39%|ΓûêΓûêΓûêΓûë      | 1757/4500 [24:09<42:48,  1.07it/s]
 39%|ΓûêΓûêΓûêΓûë      | 1758/4500 [24:09<43:14,  1.06it/s]
 39%|ΓûêΓûêΓûêΓûë      | 1759/4500 [24:10<42:13,  1.08it/s]
 39%|ΓûêΓûêΓûêΓûë      | 1760/4500 [24:11<43:11,  1.06it/s]
 39%|ΓûêΓûêΓûêΓûë      | 1761/4500 [24:12<41:19,  1.10it/s]
 39%|ΓûêΓûêΓûêΓûë      | 1762/4500 [24:13<41:08,  1.11it/s]
 39%|ΓûêΓûêΓûêΓûë      | 1763/4500 [24:14<41:42,  1.09it/s]
 39%|ΓûêΓûêΓûêΓûë      | 1764/4500 [24:15<40:30,  1.13it/s]
 39%|ΓûêΓûêΓûêΓûë      | 1765/4500 [24:16<40:06,  1.14it/s]
 39%|ΓûêΓûêΓûêΓûë      | 1766/4500 [24:17<39:56,  1.14it/s]
 39%|ΓûêΓûêΓûêΓûë      | 1767/4500 [24:17<40:02,  1.14it/s]
 39%|ΓûêΓûêΓûêΓûë      | 1768/4500 [24:18<39:00,  1.17it/s]
 39%|ΓûêΓûêΓûêΓûë      | 1769/4500 [24:19<39:49,  1.14it/s]
 39%|ΓûêΓûêΓûêΓûë      | 1770/4500 [24:20<38:29,  1.18it/s]
 39%|ΓûêΓûêΓûêΓûë      | 1771/4500 [24:21<37:26,  1.21it/s]
 39%|ΓûêΓûêΓûêΓûë      | 1772/4500 [24:22<37:58,  1.20it/s]
 39%|ΓûêΓûêΓûêΓûë      | 1773/4500 [24:23<39:38,  1.15it/s]
 39%|ΓûêΓûêΓûêΓûë      | 1774/4500 [24:23<38:31,  1.18it/s]
 39%|ΓûêΓûêΓûêΓûë      | 1775/4500 [24:24<39:16,  1.16it/s]
 39%|ΓûêΓûêΓûêΓûë      | 1776/4500 [24:25<40:25,  1.12it/s]
 39%|ΓûêΓûêΓûêΓûë      | 1777/4500 [24:26<39:55,  1.14it/s]
 40%|ΓûêΓûêΓûêΓûë      | 1778/4500 [24:27<40:45,  1.11it/s]
 40%|ΓûêΓûêΓûêΓûë      | 1779/4500 [24:28<40:50,  1.11it/s]
 40%|ΓûêΓûêΓûêΓûë      | 1780/4500 [24:29<39:29,  1.15it/s]
 40%|ΓûêΓûêΓûêΓûë      | 1781/4500 [24:30<39:47,  1.14it/s]
 40%|ΓûêΓûêΓûêΓûë      | 1782/4500 [24:30<38:48,  1.17it/s]
 40%|ΓûêΓûêΓûêΓûë      | 1783/4500 [24:31<40:03,  1.13it/s]
 40%|ΓûêΓûêΓûêΓûë      | 1784/4500 [24:32<40:53,  1.11it/s]
 40%|ΓûêΓûêΓûêΓûë      | 1785/4500 [24:33<40:46,  1.11it/s]
 40%|ΓûêΓûêΓûêΓûë      | 1786/4500 [24:34<40:04,  1.13it/s]
 40%|ΓûêΓûêΓûêΓûë      | 1787/4500 [24:35<38:28,  1.18it/s]
 40%|ΓûêΓûêΓûêΓûë      | 1788/4500 [24:36<38:25,  1.18it/s]
 40%|ΓûêΓûêΓûêΓûë      | 1789/4500 [24:36<37:20,  1.21it/s]
 40%|ΓûêΓûêΓûêΓûë      | 1790/4500 [24:37<36:52,  1.22it/s]
 40%|ΓûêΓûêΓûêΓûë      | 1791/4500 [24:38<36:53,  1.22it/s]
 40%|ΓûêΓûêΓûêΓûë      | 1792/4500 [24:39<37:02,  1.22it/s]
 40%|ΓûêΓûêΓûêΓûë      | 1793/4500 [24:40<37:03,  1.22it/s]
 40%|ΓûêΓûêΓûêΓûë      | 1794/4500 [24:41<37:32,  1.20it/s]
 40%|ΓûêΓûêΓûêΓûë      | 1795/4500 [24:41<36:58,  1.22it/s]
 40%|ΓûêΓûêΓûêΓûë      | 1796/4500 [24:42<37:10,  1.21it/s]
 40%|ΓûêΓûêΓûêΓûë      | 1797/4500 [24:43<38:16,  1.18it/s]
 40%|ΓûêΓûêΓûêΓûë      | 1798/4500 [24:44<37:23,  1.20it/s]
 40%|ΓûêΓûêΓûêΓûë      | 1799/4500 [24:45<37:39,  1.20it/s]
 40%|ΓûêΓûêΓûêΓûê      | 1800/4500 [24:46<37:45,  1.19it/s]
 40%|ΓûêΓûêΓûêΓûê      | 1801/4500 [24:46<36:58,  1.22it/s]
 40%|ΓûêΓûêΓûêΓûê      | 1802/4500 [24:47<35:27,  1.27it/s]
 40%|ΓûêΓûêΓûêΓûê      | 1803/4500 [24:48<36:03,  1.25it/s]
 40%|ΓûêΓûêΓûêΓûê      | 1804/4500 [24:49<34:54,  1.29it/s]
 40%|ΓûêΓûêΓûêΓûê      | 1805/4500 [24:49<34:55,  1.29it/s]
 40%|ΓûêΓûêΓûêΓûê      | 1806/4500 [24:50<35:06,  1.28it/s]
 40%|ΓûêΓûêΓûêΓûê      | 1807/4500 [24:51<35:34,  1.26it/s]
 40%|ΓûêΓûêΓûêΓûê      | 1808/4500 [24:52<34:24,  1.30it/s]
 40%|ΓûêΓûêΓûêΓûê      | 1809/4500 [24:53<36:11,  1.24it/s]
 40%|ΓûêΓûêΓûêΓûê      | 1810/4500 [24:53<35:58,  1.25it/s]
 40%|ΓûêΓûêΓûêΓûê      | 1811/4500 [24:54<36:00,  1.24it/s]
 40%|ΓûêΓûêΓûêΓûê      | 1812/4500 [24:55<35:58,  1.25it/s]
 40%|ΓûêΓûêΓûêΓûê      | 1813/4500 [24:56<35:54,  1.25it/s]
 40%|ΓûêΓûêΓûêΓûê      | 1814/4500 [24:56<34:36,  1.29it/s]
 40%|ΓûêΓûêΓûêΓûê      | 1815/4500 [24:57<33:41,  1.33it/s]
 40%|ΓûêΓûêΓûêΓûê      | 1816/4500 [24:58<33:12,  1.35it/s]
 40%|ΓûêΓûêΓûêΓûê      | 1817/4500 [24:59<35:06,  1.27it/s]
 40%|ΓûêΓûêΓûêΓûê      | 1818/4500 [25:00<35:00,  1.28it/s]
 40%|ΓûêΓûêΓûêΓûê      | 1819/4500 [25:00<34:09,  1.31it/s]
 40%|ΓûêΓûêΓûêΓûê      | 1820/4500 [25:01<34:55,  1.28it/s]
 40%|ΓûêΓûêΓûêΓûê      | 1821/4500 [25:02<34:37,  1.29it/s]
 40%|ΓûêΓûêΓûêΓûê      | 1822/4500 [25:03<34:45,  1.28it/s]
 41%|ΓûêΓûêΓûêΓûê      | 1823/4500 [25:03<34:03,  1.31it/s]
 41%|ΓûêΓûêΓûêΓûê      | 1824/4500 [25:04<34:28,  1.29it/s]
 41%|ΓûêΓûêΓûêΓûê      | 1825/4500 [25:05<34:35,  1.29it/s]
 41%|ΓûêΓûêΓûêΓûê      | 1826/4500 [25:06<34:28,  1.29it/s]
 41%|ΓûêΓûêΓûêΓûê      | 1827/4500 [25:07<35:40,  1.25it/s]
 41%|ΓûêΓûêΓûêΓûê      | 1828/4500 [25:07<36:31,  1.22it/s]
 41%|ΓûêΓûêΓûêΓûê      | 1829/4500 [25:08<37:29,  1.19it/s]
 41%|ΓûêΓûêΓûêΓûê      | 1830/4500 [25:09<36:53,  1.21it/s]
 41%|ΓûêΓûêΓûêΓûê      | 1831/4500 [25:10<36:25,  1.22it/s]
 41%|ΓûêΓûêΓûêΓûê      | 1832/4500 [25:11<37:36,  1.18it/s]
 41%|ΓûêΓûêΓûêΓûê      | 1833/4500 [25:12<38:18,  1.16it/s]
 41%|ΓûêΓûêΓûêΓûê      | 1834/4500 [25:13<38:12,  1.16it/s]
 41%|ΓûêΓûêΓûêΓûê      | 1835/4500 [25:13<38:05,  1.17it/s]
 41%|ΓûêΓûêΓûêΓûê      | 1836/4500 [25:14<37:46,  1.18it/s]
 41%|ΓûêΓûêΓûêΓûê      | 1837/4500 [25:15<37:49,  1.17it/s]
 41%|ΓûêΓûêΓûêΓûê      | 1838/4500 [25:16<37:20,  1.19it/s]
 41%|ΓûêΓûêΓûêΓûê      | 1839/4500 [25:17<37:20,  1.19it/s]
 41%|ΓûêΓûêΓûêΓûê      | 1840/4500 [25:18<37:26,  1.18it/s]
 41%|ΓûêΓûêΓûêΓûê      | 1841/4500 [25:19<37:21,  1.19it/s]
 41%|ΓûêΓûêΓûêΓûê      | 1842/4500 [25:19<36:41,  1.21it/s]
 41%|ΓûêΓûêΓûêΓûê      | 1843/4500 [25:20<37:14,  1.19it/s]
 41%|ΓûêΓûêΓûêΓûê      | 1844/4500 [25:21<37:48,  1.17it/s]
 41%|ΓûêΓûêΓûêΓûê      | 1845/4500 [25:22<40:10,  1.10it/s]
 41%|ΓûêΓûêΓûêΓûê      | 1846/4500 [25:23<39:03,  1.13it/s]
 41%|ΓûêΓûêΓûêΓûê      | 1847/4500 [25:24<38:19,  1.15it/s]
 41%|ΓûêΓûêΓûêΓûê      | 1848/4500 [25:25<39:48,  1.11it/s]
 41%|ΓûêΓûêΓûêΓûê      | 1849/4500 [25:26<39:51,  1.11it/s]
 41%|ΓûêΓûêΓûêΓûê      | 1850/4500 [25:27<39:41,  1.11it/s]
 41%|ΓûêΓûêΓûêΓûê      | 1851/4500 [25:27<38:25,  1.15it/s]
 41%|ΓûêΓûêΓûêΓûê      | 1852/4500 [25:28<40:01,  1.10it/s]
 41%|ΓûêΓûêΓûêΓûê      | 1853/4500 [25:29<39:52,  1.11it/s]
 41%|ΓûêΓûêΓûêΓûê      | 1854/4500 [25:30<38:45,  1.14it/s]
 41%|ΓûêΓûêΓûêΓûê      | 1855/4500 [25:31<37:40,  1.17it/s]
 41%|ΓûêΓûêΓûêΓûê      | 1856/4500 [25:32<38:18,  1.15it/s]
 41%|ΓûêΓûêΓûêΓûêΓûÅ     | 1857/4500 [25:33<37:29,  1.17it/s]
 41%|ΓûêΓûêΓûêΓûêΓûÅ     | 1858/4500 [25:33<37:59,  1.16it/s]
 41%|ΓûêΓûêΓûêΓûêΓûÅ     | 1859/4500 [25:34<38:08,  1.15it/s]
 41%|ΓûêΓûêΓûêΓûêΓûÅ     | 1860/4500 [25:35<37:27,  1.17it/s]
 41%|ΓûêΓûêΓûêΓûêΓûÅ     | 1861/4500 [25:36<39:02,  1.13it/s]
 41%|ΓûêΓûêΓûêΓûêΓûÅ     | 1862/4500 [25:37<39:27,  1.11it/s]
 41%|ΓûêΓûêΓûêΓûêΓûÅ     | 1863/4500 [25:38<39:18,  1.12it/s]
 41%|ΓûêΓûêΓûêΓûêΓûÅ     | 1864/4500 [25:39<41:12,  1.07it/s]
 41%|ΓûêΓûêΓûêΓûêΓûÅ     | 1865/4500 [25:40<40:02,  1.10it/s]
 41%|ΓûêΓûêΓûêΓûêΓûÅ     | 1866/4500 [25:41<39:28,  1.11it/s]
 41%|ΓûêΓûêΓûêΓûêΓûÅ     | 1867/4500 [25:42<39:14,  1.12it/s]
 42%|ΓûêΓûêΓûêΓûêΓûÅ     | 1868/4500 [25:42<38:59,  1.13it/s]
 42%|ΓûêΓûêΓûêΓûêΓûÅ     | 1869/4500 [25:43<38:32,  1.14it/s]
 42%|ΓûêΓûêΓûêΓûêΓûÅ     | 1870/4500 [25:44<38:24,  1.14it/s]
 42%|ΓûêΓûêΓûêΓûêΓûÅ     | 1871/4500 [25:45<38:43,  1.13it/s]
 42%|ΓûêΓûêΓûêΓûêΓûÅ     | 1872/4500 [25:46<38:58,  1.12it/s]
 42%|ΓûêΓûêΓûêΓûêΓûÅ     | 1873/4500 [25:47<37:22,  1.17it/s]
 42%|ΓûêΓûêΓûêΓûêΓûÅ     | 1874/4500 [25:48<37:40,  1.16it/s]
 42%|ΓûêΓûêΓûêΓûêΓûÅ     | 1875/4500 [25:48<37:56,  1.15it/s]
 42%|ΓûêΓûêΓûêΓûêΓûÅ     | 1876/4500 [25:49<38:18,  1.14it/s]
 42%|ΓûêΓûêΓûêΓûêΓûÅ     | 1877/4500 [25:50<39:49,  1.10it/s]
 42%|ΓûêΓûêΓûêΓûêΓûÅ     | 1878/4500 [25:51<40:15,  1.09it/s]
 42%|ΓûêΓûêΓûêΓûêΓûÅ     | 1879/4500 [25:52<39:25,  1.11it/s]
 42%|ΓûêΓûêΓûêΓûêΓûÅ     | 1880/4500 [25:53<38:42,  1.13it/s]
 42%|ΓûêΓûêΓûêΓûêΓûÅ     | 1881/4500 [25:54<37:23,  1.17it/s]
 42%|ΓûêΓûêΓûêΓûêΓûÅ     | 1882/4500 [25:55<38:00,  1.15it/s]
 42%|ΓûêΓûêΓûêΓûêΓûÅ     | 1883/4500 [25:56<37:53,  1.15it/s]
 42%|ΓûêΓûêΓûêΓûêΓûÅ     | 1884/4500 [25:56<37:42,  1.16it/s]
 42%|ΓûêΓûêΓûêΓûêΓûÅ     | 1885/4500 [25:57<38:02,  1.15it/s]
 42%|ΓûêΓûêΓûêΓûêΓûÅ     | 1886/4500 [25:58<37:31,  1.16it/s]
 42%|ΓûêΓûêΓûêΓûêΓûÅ     | 1887/4500 [25:59<37:16,  1.17it/s]
 42%|ΓûêΓûêΓûêΓûêΓûÅ     | 1888/4500 [26:00<36:52,  1.18it/s]
 42%|ΓûêΓûêΓûêΓûêΓûÅ     | 1889/4500 [26:01<37:25,  1.16it/s]
 42%|ΓûêΓûêΓûêΓûêΓûÅ     | 1890/4500 [26:02<38:26,  1.13it/s]
 42%|ΓûêΓûêΓûêΓûêΓûÅ     | 1891/4500 [26:02<37:24,  1.16it/s]
 42%|ΓûêΓûêΓûêΓûêΓûÅ     | 1892/4500 [26:03<37:06,  1.17it/s]
 42%|ΓûêΓûêΓûêΓûêΓûÅ     | 1893/4500 [26:04<36:26,  1.19it/s]
 42%|ΓûêΓûêΓûêΓûêΓûÅ     | 1894/4500 [26:05<37:43,  1.15it/s]
 42%|ΓûêΓûêΓûêΓûêΓûÅ     | 1895/4500 [26:06<36:50,  1.18it/s]
 42%|ΓûêΓûêΓûêΓûêΓûÅ     | 1896/4500 [26:07<34:59,  1.24it/s]
 42%|ΓûêΓûêΓûêΓûêΓûÅ     | 1897/4500 [26:07<34:03,  1.27it/s]
 42%|ΓûêΓûêΓûêΓûêΓûÅ     | 1898/4500 [26:08<34:39,  1.25it/s]
 42%|ΓûêΓûêΓûêΓûêΓûÅ     | 1899/4500 [26:09<35:18,  1.23it/s]
 42%|ΓûêΓûêΓûêΓûêΓûÅ     | 1900/4500 [26:10<36:13,  1.20it/s]
 42%|ΓûêΓûêΓûêΓûêΓûÅ     | 1901/4500 [26:11<36:23,  1.19it/s]
 42%|ΓûêΓûêΓûêΓûêΓûÅ     | 1902/4500 [26:12<35:47,  1.21it/s]
 42%|ΓûêΓûêΓûêΓûêΓûÅ     | 1903/4500 [26:12<35:36,  1.22it/s]
 42%|ΓûêΓûêΓûêΓûêΓûÅ     | 1904/4500 [26:13<37:02,  1.17it/s]
 42%|ΓûêΓûêΓûêΓûêΓûÅ     | 1905/4500 [26:14<35:52,  1.21it/s]
 42%|ΓûêΓûêΓûêΓûêΓûÅ     | 1906/4500 [26:15<36:07,  1.20it/s]
 42%|ΓûêΓûêΓûêΓûêΓûÅ     | 1907/4500 [26:16<36:16,  1.19it/s]
 42%|ΓûêΓûêΓûêΓûêΓûÅ     | 1908/4500 [26:17<35:49,  1.21it/s]
 42%|ΓûêΓûêΓûêΓûêΓûÅ     | 1909/4500 [26:17<34:02,  1.27it/s]
 42%|ΓûêΓûêΓûêΓûêΓûÅ     | 1910/4500 [26:18<33:48,  1.28it/s]
 42%|ΓûêΓûêΓûêΓûêΓûÅ     | 1911/4500 [26:19<34:20,  1.26it/s]
 42%|ΓûêΓûêΓûêΓûêΓûÅ     | 1912/4500 [26:20<33:56,  1.27it/s]
 43%|ΓûêΓûêΓûêΓûêΓûÄ     | 1913/4500 [26:20<33:16,  1.30it/s]
 43%|ΓûêΓûêΓûêΓûêΓûÄ     | 1914/4500 [26:21<32:37,  1.32it/s]
 43%|ΓûêΓûêΓûêΓûêΓûÄ     | 1915/4500 [26:22<33:10,  1.30it/s]
 43%|ΓûêΓûêΓûêΓûêΓûÄ     | 1916/4500 [26:23<33:36,  1.28it/s]
 43%|ΓûêΓûêΓûêΓûêΓûÄ     | 1917/4500 [26:23<33:17,  1.29it/s]
 43%|ΓûêΓûêΓûêΓûêΓûÄ     | 1918/4500 [26:24<34:07,  1.26it/s]
 43%|ΓûêΓûêΓûêΓûêΓûÄ     | 1919/4500 [26:25<35:43,  1.20it/s]
 43%|ΓûêΓûêΓûêΓûêΓûÄ     | 1920/4500 [26:26<35:19,  1.22it/s]
 43%|ΓûêΓûêΓûêΓûêΓûÄ     | 1921/4500 [26:27<35:13,  1.22it/s]
 43%|ΓûêΓûêΓûêΓûêΓûÄ     | 1922/4500 [26:28<34:11,  1.26it/s]
 43%|ΓûêΓûêΓûêΓûêΓûÄ     | 1923/4500 [26:28<34:06,  1.26it/s]
 43%|ΓûêΓûêΓûêΓûêΓûÄ     | 1924/4500 [26:29<34:10,  1.26it/s]
 43%|ΓûêΓûêΓûêΓûêΓûÄ     | 1925/4500 [26:30<34:00,  1.26it/s]
 43%|ΓûêΓûêΓûêΓûêΓûÄ     | 1926/4500 [26:31<32:59,  1.30it/s]
 43%|ΓûêΓûêΓûêΓûêΓûÄ     | 1927/4500 [26:31<33:07,  1.29it/s]
 43%|ΓûêΓûêΓûêΓûêΓûÄ     | 1928/4500 [26:32<33:10,  1.29it/s]
 43%|ΓûêΓûêΓûêΓûêΓûÄ     | 1929/4500 [26:33<34:10,  1.25it/s]
 43%|ΓûêΓûêΓûêΓûêΓûÄ     | 1930/4500 [26:34<35:19,  1.21it/s]
 43%|ΓûêΓûêΓûêΓûêΓûÄ     | 1931/4500 [26:35<36:07,  1.19it/s]
 43%|ΓûêΓûêΓûêΓûêΓûÄ     | 1932/4500 [26:36<34:43,  1.23it/s]
 43%|ΓûêΓûêΓûêΓûêΓûÄ     | 1933/4500 [26:36<34:42,  1.23it/s]
 43%|ΓûêΓûêΓûêΓûêΓûÄ     | 1934/4500 [26:37<33:24,  1.28it/s]
 43%|ΓûêΓûêΓûêΓûêΓûÄ     | 1935/4500 [26:38<33:41,  1.27it/s]
 43%|ΓûêΓûêΓûêΓûêΓûÄ     | 1936/4500 [26:39<33:53,  1.26it/s]
 43%|ΓûêΓûêΓûêΓûêΓûÄ     | 1937/4500 [26:39<33:16,  1.28it/s]
 43%|ΓûêΓûêΓûêΓûêΓûÄ     | 1938/4500 [26:40<32:38,  1.31it/s]
 43%|ΓûêΓûêΓûêΓûêΓûÄ     | 1939/4500 [26:41<33:07,  1.29it/s]
 43%|ΓûêΓûêΓûêΓûêΓûÄ     | 1940/4500 [26:42<34:36,  1.23it/s]
 43%|ΓûêΓûêΓûêΓûêΓûÄ     | 1941/4500 [26:43<35:21,  1.21it/s]
 43%|ΓûêΓûêΓûêΓûêΓûÄ     | 1942/4500 [26:44<35:15,  1.21it/s]
 43%|ΓûêΓûêΓûêΓûêΓûÄ     | 1943/4500 [26:44<34:19,  1.24it/s]
 43%|ΓûêΓûêΓûêΓûêΓûÄ     | 1944/4500 [26:45<35:33,  1.20it/s]
 43%|ΓûêΓûêΓûêΓûêΓûÄ     | 1945/4500 [26:46<35:27,  1.20it/s]
 43%|ΓûêΓûêΓûêΓûêΓûÄ     | 1946/4500 [26:47<34:46,  1.22it/s]
 43%|ΓûêΓûêΓûêΓûêΓûÄ     | 1947/4500 [26:48<35:18,  1.21it/s]
 43%|ΓûêΓûêΓûêΓûêΓûÄ     | 1948/4500 [26:49<35:27,  1.20it/s]
 43%|ΓûêΓûêΓûêΓûêΓûÄ     | 1949/4500 [26:49<37:21,  1.14it/s]
 43%|ΓûêΓûêΓûêΓûêΓûÄ     | 1950/4500 [26:50<36:09,  1.18it/s]
 43%|ΓûêΓûêΓûêΓûêΓûÄ     | 1951/4500 [26:51<37:20,  1.14it/s]
 43%|ΓûêΓûêΓûêΓûêΓûÄ     | 1952/4500 [26:52<38:05,  1.11it/s]
 43%|ΓûêΓûêΓûêΓûêΓûÄ     | 1953/4500 [26:53<36:33,  1.16it/s]
 43%|ΓûêΓûêΓûêΓûêΓûÄ     | 1954/4500 [26:54<35:15,  1.20it/s]
 43%|ΓûêΓûêΓûêΓûêΓûÄ     | 1955/4500 [26:55<36:05,  1.18it/s]
 43%|ΓûêΓûêΓûêΓûêΓûÄ     | 1956/4500 [26:55<35:27,  1.20it/s]
 43%|ΓûêΓûêΓûêΓûêΓûÄ     | 1957/4500 [26:56<35:09,  1.21it/s]
 44%|ΓûêΓûêΓûêΓûêΓûÄ     | 1958/4500 [26:57<34:40,  1.22it/s]
 44%|ΓûêΓûêΓûêΓûêΓûÄ     | 1959/4500 [26:58<35:07,  1.21it/s]
 44%|ΓûêΓûêΓûêΓûêΓûÄ     | 1960/4500 [26:59<35:02,  1.21it/s]
 44%|ΓûêΓûêΓûêΓûêΓûÄ     | 1961/4500 [27:00<36:45,  1.15it/s]
 44%|ΓûêΓûêΓûêΓûêΓûÄ     | 1962/4500 [27:01<37:05,  1.14it/s]
 44%|ΓûêΓûêΓûêΓûêΓûÄ     | 1963/4500 [27:01<36:05,  1.17it/s]
 44%|ΓûêΓûêΓûêΓûêΓûÄ     | 1964/4500 [27:02<37:37,  1.12it/s]
 44%|ΓûêΓûêΓûêΓûêΓûÄ     | 1965/4500 [27:03<36:55,  1.14it/s]
 44%|ΓûêΓûêΓûêΓûêΓûÄ     | 1966/4500 [27:04<36:31,  1.16it/s]
 44%|ΓûêΓûêΓûêΓûêΓûÄ     | 1967/4500 [27:05<37:29,  1.13it/s]
 44%|ΓûêΓûêΓûêΓûêΓûÄ     | 1968/4500 [27:06<36:30,  1.16it/s]
 44%|ΓûêΓûêΓûêΓûêΓûì     | 1969/4500 [27:07<35:54,  1.17it/s]
 44%|ΓûêΓûêΓûêΓûêΓûì     | 1970/4500 [27:07<35:31,  1.19it/s]
 44%|ΓûêΓûêΓûêΓûêΓûì     | 1971/4500 [27:08<34:37,  1.22it/s]
 44%|ΓûêΓûêΓûêΓûêΓûì     | 1972/4500 [27:09<35:30,  1.19it/s]
 44%|ΓûêΓûêΓûêΓûêΓûì     | 1973/4500 [27:10<36:46,  1.15it/s]
 44%|ΓûêΓûêΓûêΓûêΓûì     | 1974/4500 [27:11<36:16,  1.16it/s]
 44%|ΓûêΓûêΓûêΓûêΓûì     | 1975/4500 [27:12<36:21,  1.16it/s]
 44%|ΓûêΓûêΓûêΓûêΓûì     | 1976/4500 [27:13<36:28,  1.15it/s]
 44%|ΓûêΓûêΓûêΓûêΓûì     | 1977/4500 [27:13<36:09,  1.16it/s]
 44%|ΓûêΓûêΓûêΓûêΓûì     | 1978/4500 [27:14<35:55,  1.17it/s]
 44%|ΓûêΓûêΓûêΓûêΓûì     | 1979/4500 [27:15<34:48,  1.21it/s]
 44%|ΓûêΓûêΓûêΓûêΓûì     | 1980/4500 [27:16<35:18,  1.19it/s]
 44%|ΓûêΓûêΓûêΓûêΓûì     | 1981/4500 [27:17<35:51,  1.17it/s]
 44%|ΓûêΓûêΓûêΓûêΓûì     | 1982/4500 [27:18<37:02,  1.13it/s]
 44%|ΓûêΓûêΓûêΓûêΓûì     | 1983/4500 [27:19<36:51,  1.14it/s]
 44%|ΓûêΓûêΓûêΓûêΓûì     | 1984/4500 [27:19<35:17,  1.19it/s]
 44%|ΓûêΓûêΓûêΓûêΓûì     | 1985/4500 [27:20<35:12,  1.19it/s]
 44%|ΓûêΓûêΓûêΓûêΓûì     | 1986/4500 [27:21<34:15,  1.22it/s]
 44%|ΓûêΓûêΓûêΓûêΓûì     | 1987/4500 [27:22<33:32,  1.25it/s]
 44%|ΓûêΓûêΓûêΓûêΓûì     | 1988/4500 [27:23<33:48,  1.24it/s]
 44%|ΓûêΓûêΓûêΓûêΓûì     | 1989/4500 [27:23<33:11,  1.26it/s]
 44%|ΓûêΓûêΓûêΓûêΓûì     | 1990/4500 [27:24<33:42,  1.24it/s]
 44%|ΓûêΓûêΓûêΓûêΓûì     | 1991/4500 [27:25<32:56,  1.27it/s]
 44%|ΓûêΓûêΓûêΓûêΓûì     | 1992/4500 [27:26<33:26,  1.25it/s]
 44%|ΓûêΓûêΓûêΓûêΓûì     | 1993/4500 [27:27<33:47,  1.24it/s]
 44%|ΓûêΓûêΓûêΓûêΓûì     | 1994/4500 [27:27<34:41,  1.20it/s]
 44%|ΓûêΓûêΓûêΓûêΓûì     | 1995/4500 [27:28<34:46,  1.20it/s]
 44%|ΓûêΓûêΓûêΓûêΓûì     | 1996/4500 [27:29<37:11,  1.12it/s]
 44%|ΓûêΓûêΓûêΓûêΓûì     | 1997/4500 [27:30<37:44,  1.11it/s]
 44%|ΓûêΓûêΓûêΓûêΓûì     | 1998/4500 [27:31<38:26,  1.08it/s]
 44%|ΓûêΓûêΓûêΓûêΓûì     | 1999/4500 [27:32<36:55,  1.13it/s]
 44%|ΓûêΓûêΓûêΓûêΓûì     | 2000/4500 [27:33<37:18,  1.12it/s]
 44%|ΓûêΓûêΓûêΓûêΓûì     | 2001/4500 [27:34<37:17,  1.12it/s]
 44%|ΓûêΓûêΓûêΓûêΓûì     | 2002/4500 [27:35<36:45,  1.13it/s]
 45%|ΓûêΓûêΓûêΓûêΓûì     | 2003/4500 [27:35<35:20,  1.18it/s]
 45%|ΓûêΓûêΓûêΓûêΓûì     | 2004/4500 [27:36<36:20,  1.14it/s]
 45%|ΓûêΓûêΓûêΓûêΓûì     | 2005/4500 [27:37<34:57,  1.19it/s]
 45%|ΓûêΓûêΓûêΓûêΓûì     | 2006/4500 [27:38<34:17,  1.21it/s]
 45%|ΓûêΓûêΓûêΓûêΓûì     | 2007/4500 [27:39<34:55,  1.19it/s]
 45%|ΓûêΓûêΓûêΓûêΓûì     | 2008/4500 [27:40<35:09,  1.18it/s]
 45%|ΓûêΓûêΓûêΓûêΓûì     | 2009/4500 [27:40<34:58,  1.19it/s]
 45%|ΓûêΓûêΓûêΓûêΓûì     | 2010/4500 [27:41<35:02,  1.18it/s]
 45%|ΓûêΓûêΓûêΓûêΓûì     | 2011/4500 [27:42<34:40,  1.20it/s]
 45%|ΓûêΓûêΓûêΓûêΓûì     | 2012/4500 [27:43<35:20,  1.17it/s]
 45%|ΓûêΓûêΓûêΓûêΓûì     | 2013/4500 [27:44<35:34,  1.17it/s]
 45%|ΓûêΓûêΓûêΓûêΓûì     | 2014/4500 [27:45<36:35,  1.13it/s]
 45%|ΓûêΓûêΓûêΓûêΓûì     | 2015/4500 [27:46<37:00,  1.12it/s]
 45%|ΓûêΓûêΓûêΓûêΓûì     | 2016/4500 [27:47<37:38,  1.10it/s]
 45%|ΓûêΓûêΓûêΓûêΓûì     | 2017/4500 [27:48<38:02,  1.09it/s]
 45%|ΓûêΓûêΓûêΓûêΓûì     | 2018/4500 [27:49<37:07,  1.11it/s]
 45%|ΓûêΓûêΓûêΓûêΓûì     | 2019/4500 [27:49<36:36,  1.13it/s]
 45%|ΓûêΓûêΓûêΓûêΓûì     | 2020/4500 [27:50<35:05,  1.18it/s]
 45%|ΓûêΓûêΓûêΓûêΓûì     | 2021/4500 [27:51<34:56,  1.18it/s]
 45%|ΓûêΓûêΓûêΓûêΓûì     | 2022/4500 [27:52<35:00,  1.18it/s]
 45%|ΓûêΓûêΓûêΓûêΓûì     | 2023/4500 [27:53<35:17,  1.17it/s]
 45%|ΓûêΓûêΓûêΓûêΓûì     | 2024/4500 [27:54<34:50,  1.18it/s]
 45%|ΓûêΓûêΓûêΓûêΓûî     | 2025/4500 [27:54<33:43,  1.22it/s]
 45%|ΓûêΓûêΓûêΓûêΓûî     | 2026/4500 [27:55<33:42,  1.22it/s]
 45%|ΓûêΓûêΓûêΓûêΓûî     | 2027/4500 [27:56<33:05,  1.25it/s]
 45%|ΓûêΓûêΓûêΓûêΓûî     | 2028/4500 [27:57<32:28,  1.27it/s]
 45%|ΓûêΓûêΓûêΓûêΓûî     | 2029/4500 [27:58<34:23,  1.20it/s]
 45%|ΓûêΓûêΓûêΓûêΓûî     | 2030/4500 [27:58<34:38,  1.19it/s]
 45%|ΓûêΓûêΓûêΓûêΓûî     | 2031/4500 [27:59<35:43,  1.15it/s]
 45%|ΓûêΓûêΓûêΓûêΓûî     | 2032/4500 [28:00<35:43,  1.15it/s]
 45%|ΓûêΓûêΓûêΓûêΓûî     | 2033/4500 [28:01<35:22,  1.16it/s]
 45%|ΓûêΓûêΓûêΓûêΓûî     | 2034/4500 [28:02<34:12,  1.20it/s]
 45%|ΓûêΓûêΓûêΓûêΓûî     | 2035/4500 [28:03<34:03,  1.21it/s]
 45%|ΓûêΓûêΓûêΓûêΓûî     | 2036/4500 [28:03<33:22,  1.23it/s]
 45%|ΓûêΓûêΓûêΓûêΓûî     | 2037/4500 [28:04<34:43,  1.18it/s]
 45%|ΓûêΓûêΓûêΓûêΓûî     | 2038/4500 [28:05<35:32,  1.15it/s]
 45%|ΓûêΓûêΓûêΓûêΓûî     | 2039/4500 [28:06<35:06,  1.17it/s]
 45%|ΓûêΓûêΓûêΓûêΓûî     | 2040/4500 [28:07<35:02,  1.17it/s]
 45%|ΓûêΓûêΓûêΓûêΓûî     | 2041/4500 [28:08<33:44,  1.21it/s]
 45%|ΓûêΓûêΓûêΓûêΓûî     | 2042/4500 [28:09<34:15,  1.20it/s]
 45%|ΓûêΓûêΓûêΓûêΓûî     | 2043/4500 [28:09<33:59,  1.20it/s]
 45%|ΓûêΓûêΓûêΓûêΓûî     | 2044/4500 [28:10<32:57,  1.24it/s]
 45%|ΓûêΓûêΓûêΓûêΓûî     | 2045/4500 [28:11<33:03,  1.24it/s]
 45%|ΓûêΓûêΓûêΓûêΓûî     | 2046/4500 [28:12<32:20,  1.26it/s]
 45%|ΓûêΓûêΓûêΓûêΓûî     | 2047/4500 [28:13<33:29,  1.22it/s]
 46%|ΓûêΓûêΓûêΓûêΓûî     | 2048/4500 [28:13<33:37,  1.22it/s]
 46%|ΓûêΓûêΓûêΓûêΓûî     | 2049/4500 [28:14<33:36,  1.22it/s]
 46%|ΓûêΓûêΓûêΓûêΓûî     | 2050/4500 [28:15<34:48,  1.17it/s]
 46%|ΓûêΓûêΓûêΓûêΓûî     | 2051/4500 [28:16<34:29,  1.18it/s]
 46%|ΓûêΓûêΓûêΓûêΓûî     | 2052/4500 [28:17<35:05,  1.16it/s]
 46%|ΓûêΓûêΓûêΓûêΓûî     | 2053/4500 [28:18<35:55,  1.14it/s]
 46%|ΓûêΓûêΓûêΓûêΓûî     | 2054/4500 [28:19<34:08,  1.19it/s]
 46%|ΓûêΓûêΓûêΓûêΓûî     | 2055/4500 [28:19<34:01,  1.20it/s]
 46%|ΓûêΓûêΓûêΓûêΓûî     | 2056/4500 [28:20<33:46,  1.21it/s]
 46%|ΓûêΓûêΓûêΓûêΓûî     | 2057/4500 [28:21<34:00,  1.20it/s]
 46%|ΓûêΓûêΓûêΓûêΓûî     | 2058/4500 [28:22<34:07,  1.19it/s]
 46%|ΓûêΓûêΓûêΓûêΓûî     | 2059/4500 [28:23<33:49,  1.20it/s]
 46%|ΓûêΓûêΓûêΓûêΓûî     | 2060/4500 [28:23<33:38,  1.21it/s]
 46%|ΓûêΓûêΓûêΓûêΓûî     | 2061/4500 [28:24<32:39,  1.24it/s]
 46%|ΓûêΓûêΓûêΓûêΓûî     | 2062/4500 [28:25<32:48,  1.24it/s]
 46%|ΓûêΓûêΓûêΓûêΓûî     | 2063/4500 [28:26<33:09,  1.23it/s]
 46%|ΓûêΓûêΓûêΓûêΓûî     | 2064/4500 [28:27<32:30,  1.25it/s]
 46%|ΓûêΓûêΓûêΓûêΓûî     | 2065/4500 [28:27<32:42,  1.24it/s]
 46%|ΓûêΓûêΓûêΓûêΓûî     | 2066/4500 [28:28<33:31,  1.21it/s]
 46%|ΓûêΓûêΓûêΓûêΓûî     | 2067/4500 [28:29<33:46,  1.20it/s]
 46%|ΓûêΓûêΓûêΓûêΓûî     | 2068/4500 [28:30<33:52,  1.20it/s]
 46%|ΓûêΓûêΓûêΓûêΓûî     | 2069/4500 [28:31<32:52,  1.23it/s]
 46%|ΓûêΓûêΓûêΓûêΓûî     | 2070/4500 [28:32<34:22,  1.18it/s]
 46%|ΓûêΓûêΓûêΓûêΓûî     | 2071/4500 [28:33<33:49,  1.20it/s]
 46%|ΓûêΓûêΓûêΓûêΓûî     | 2072/4500 [28:33<32:25,  1.25it/s]
 46%|ΓûêΓûêΓûêΓûêΓûî     | 2073/4500 [28:34<31:45,  1.27it/s]
 46%|ΓûêΓûêΓûêΓûêΓûî     | 2074/4500 [28:35<32:01,  1.26it/s]
 46%|ΓûêΓûêΓûêΓûêΓûî     | 2075/4500 [28:36<32:11,  1.26it/s]
 46%|ΓûêΓûêΓûêΓûêΓûî     | 2076/4500 [28:36<31:37,  1.28it/s]
 46%|ΓûêΓûêΓûêΓûêΓûî     | 2077/4500 [28:37<33:23,  1.21it/s]
 46%|ΓûêΓûêΓûêΓûêΓûî     | 2078/4500 [28:38<33:13,  1.22it/s]
 46%|ΓûêΓûêΓûêΓûêΓûî     | 2079/4500 [28:39<31:56,  1.26it/s]
 46%|ΓûêΓûêΓûêΓûêΓûî     | 2080/4500 [28:40<33:01,  1.22it/s]
 46%|ΓûêΓûêΓûêΓûêΓûî     | 2081/4500 [28:40<31:49,  1.27it/s]
 46%|ΓûêΓûêΓûêΓûêΓûï     | 2082/4500 [28:41<32:07,  1.25it/s]
 46%|ΓûêΓûêΓûêΓûêΓûï     | 2083/4500 [28:42<32:36,  1.24it/s]
 46%|ΓûêΓûêΓûêΓûêΓûï     | 2084/4500 [28:43<33:31,  1.20it/s]
 46%|ΓûêΓûêΓûêΓûêΓûï     | 2085/4500 [28:44<34:25,  1.17it/s]
 46%|ΓûêΓûêΓûêΓûêΓûï     | 2086/4500 [28:45<35:11,  1.14it/s]
 46%|ΓûêΓûêΓûêΓûêΓûï     | 2087/4500 [28:46<33:34,  1.20it/s]
 46%|ΓûêΓûêΓûêΓûêΓûï     | 2088/4500 [28:46<34:25,  1.17it/s]
 46%|ΓûêΓûêΓûêΓûêΓûï     | 2089/4500 [28:47<35:22,  1.14it/s]
 46%|ΓûêΓûêΓûêΓûêΓûï     | 2090/4500 [28:48<33:43,  1.19it/s]
 46%|ΓûêΓûêΓûêΓûêΓûï     | 2091/4500 [28:49<32:27,  1.24it/s]
 46%|ΓûêΓûêΓûêΓûêΓûï     | 2092/4500 [28:50<32:27,  1.24it/s]
 47%|ΓûêΓûêΓûêΓûêΓûï     | 2093/4500 [28:50<32:34,  1.23it/s]
 47%|ΓûêΓûêΓûêΓûêΓûï     | 2094/4500 [28:51<32:10,  1.25it/s]
 47%|ΓûêΓûêΓûêΓûêΓûï     | 2095/4500 [28:52<32:09,  1.25it/s]
 47%|ΓûêΓûêΓûêΓûêΓûï     | 2096/4500 [28:53<32:01,  1.25it/s]
 47%|ΓûêΓûêΓûêΓûêΓûï     | 2097/4500 [28:54<32:27,  1.23it/s]
 47%|ΓûêΓûêΓûêΓûêΓûï     | 2098/4500 [28:55<32:31,  1.23it/s]
 47%|ΓûêΓûêΓûêΓûêΓûï     | 2099/4500 [28:55<33:21,  1.20it/s]
 47%|ΓûêΓûêΓûêΓûêΓûï     | 2100/4500 [28:56<32:48,  1.22it/s]
 47%|ΓûêΓûêΓûêΓûêΓûï     | 2101/4500 [28:57<33:19,  1.20it/s]
 47%|ΓûêΓûêΓûêΓûêΓûï     | 2102/4500 [28:58<33:07,  1.21it/s]
 47%|ΓûêΓûêΓûêΓûêΓûï     | 2103/4500 [28:59<32:21,  1.23it/s]
 47%|ΓûêΓûêΓûêΓûêΓûï     | 2104/4500 [28:59<31:52,  1.25it/s]
 47%|ΓûêΓûêΓûêΓûêΓûï     | 2105/4500 [29:00<30:47,  1.30it/s]
 47%|ΓûêΓûêΓûêΓûêΓûï     | 2106/4500 [29:01<30:04,  1.33it/s]
 47%|ΓûêΓûêΓûêΓûêΓûï     | 2107/4500 [29:02<29:40,  1.34it/s]
 47%|ΓûêΓûêΓûêΓûêΓûï     | 2108/4500 [29:02<31:52,  1.25it/s]
 47%|ΓûêΓûêΓûêΓûêΓûï     | 2109/4500 [29:03<33:05,  1.20it/s]
 47%|ΓûêΓûêΓûêΓûêΓûï     | 2110/4500 [29:04<33:32,  1.19it/s]
 47%|ΓûêΓûêΓûêΓûêΓûï     | 2111/4500 [29:05<33:16,  1.20it/s]
 47%|ΓûêΓûêΓûêΓûêΓûï     | 2112/4500 [29:06<31:50,  1.25it/s]
 47%|ΓûêΓûêΓûêΓûêΓûï     | 2113/4500 [29:07<31:58,  1.24it/s]
 47%|ΓûêΓûêΓûêΓûêΓûï     | 2114/4500 [29:08<33:20,  1.19it/s]
 47%|ΓûêΓûêΓûêΓûêΓûï     | 2115/4500 [29:08<32:13,  1.23it/s]
 47%|ΓûêΓûêΓûêΓûêΓûï     | 2116/4500 [29:09<33:02,  1.20it/s]
 47%|ΓûêΓûêΓûêΓûêΓûï     | 2117/4500 [29:10<33:32,  1.18it/s]
 47%|ΓûêΓûêΓûêΓûêΓûï     | 2118/4500 [29:11<32:04,  1.24it/s]
 47%|ΓûêΓûêΓûêΓûêΓûï     | 2119/4500 [29:12<31:41,  1.25it/s]
 47%|ΓûêΓûêΓûêΓûêΓûï     | 2120/4500 [29:12<31:26,  1.26it/s]
 47%|ΓûêΓûêΓûêΓûêΓûï     | 2121/4500 [29:13<31:10,  1.27it/s]
 47%|ΓûêΓûêΓûêΓûêΓûï     | 2122/4500 [29:14<31:42,  1.25it/s]
 47%|ΓûêΓûêΓûêΓûêΓûï     | 2123/4500 [29:15<31:36,  1.25it/s]
 47%|ΓûêΓûêΓûêΓûêΓûï     | 2124/4500 [29:15<30:27,  1.30it/s]
 47%|ΓûêΓûêΓûêΓûêΓûï     | 2125/4500 [29:16<31:33,  1.25it/s]
 47%|ΓûêΓûêΓûêΓûêΓûï     | 2126/4500 [29:17<31:40,  1.25it/s]
 47%|ΓûêΓûêΓûêΓûêΓûï     | 2127/4500 [29:18<31:40,  1.25it/s]
 47%|ΓûêΓûêΓûêΓûêΓûï     | 2128/4500 [29:19<31:32,  1.25it/s]
 47%|ΓûêΓûêΓûêΓûêΓûï     | 2129/4500 [29:20<31:55,  1.24it/s]
 47%|ΓûêΓûêΓûêΓûêΓûï     | 2130/4500 [29:20<30:59,  1.27it/s]
 47%|ΓûêΓûêΓûêΓûêΓûï     | 2131/4500 [29:21<31:08,  1.27it/s]
 47%|ΓûêΓûêΓûêΓûêΓûï     | 2132/4500 [29:22<31:18,  1.26it/s]
 47%|ΓûêΓûêΓûêΓûêΓûï     | 2133/4500 [29:23<31:25,  1.26it/s]
 47%|ΓûêΓûêΓûêΓûêΓûï     | 2134/4500 [29:23<31:31,  1.25it/s]
 47%|ΓûêΓûêΓûêΓûêΓûï     | 2135/4500 [29:24<32:23,  1.22it/s]
 47%|ΓûêΓûêΓûêΓûêΓûï     | 2136/4500 [29:25<33:11,  1.19it/s]
 47%|ΓûêΓûêΓûêΓûêΓûï     | 2137/4500 [29:26<34:34,  1.14it/s]
 48%|ΓûêΓûêΓûêΓûêΓûè     | 2138/4500 [29:27<36:00,  1.09it/s]
 48%|ΓûêΓûêΓûêΓûêΓûè     | 2139/4500 [29:28<36:52,  1.07it/s]
 48%|ΓûêΓûêΓûêΓûêΓûè     | 2140/4500 [29:29<35:45,  1.10it/s]
 48%|ΓûêΓûêΓûêΓûêΓûè     | 2141/4500 [29:30<36:33,  1.08it/s]
 48%|ΓûêΓûêΓûêΓûêΓûè     | 2142/4500 [29:31<35:38,  1.10it/s]
 48%|ΓûêΓûêΓûêΓûêΓûè     | 2143/4500 [29:32<33:50,  1.16it/s]
 48%|ΓûêΓûêΓûêΓûêΓûè     | 2144/4500 [29:32<33:55,  1.16it/s]
 48%|ΓûêΓûêΓûêΓûêΓûè     | 2145/4500 [29:33<32:56,  1.19it/s]
 48%|ΓûêΓûêΓûêΓûêΓûè     | 2146/4500 [29:34<34:02,  1.15it/s]
 48%|ΓûêΓûêΓûêΓûêΓûè     | 2147/4500 [29:35<32:38,  1.20it/s]
 48%|ΓûêΓûêΓûêΓûêΓûè     | 2148/4500 [29:36<31:20,  1.25it/s]
 48%|ΓûêΓûêΓûêΓûêΓûè     | 2149/4500 [29:36<31:02,  1.26it/s]
 48%|ΓûêΓûêΓûêΓûêΓûè     | 2150/4500 [29:37<33:07,  1.18it/s]
 48%|ΓûêΓûêΓûêΓûêΓûè     | 2151/4500 [29:38<31:56,  1.23it/s]
 48%|ΓûêΓûêΓûêΓûêΓûè     | 2152/4500 [29:39<31:50,  1.23it/s]
 48%|ΓûêΓûêΓûêΓûêΓûè     | 2153/4500 [29:40<31:55,  1.23it/s]
 48%|ΓûêΓûêΓûêΓûêΓûè     | 2154/4500 [29:41<32:25,  1.21it/s]
 48%|ΓûêΓûêΓûêΓûêΓûè     | 2155/4500 [29:41<31:18,  1.25it/s]
 48%|ΓûêΓûêΓûêΓûêΓûè     | 2156/4500 [29:42<31:32,  1.24it/s]
 48%|ΓûêΓûêΓûêΓûêΓûè     | 2157/4500 [29:43<32:05,  1.22it/s]
 48%|ΓûêΓûêΓûêΓûêΓûè     | 2158/4500 [29:44<32:15,  1.21it/s]
 48%|ΓûêΓûêΓûêΓûêΓûè     | 2159/4500 [29:45<33:10,  1.18it/s]
 48%|ΓûêΓûêΓûêΓûêΓûè     | 2160/4500 [29:46<33:53,  1.15it/s]
 48%|ΓûêΓûêΓûêΓûêΓûè     | 2161/4500 [29:47<33:51,  1.15it/s]
 48%|ΓûêΓûêΓûêΓûêΓûè     | 2162/4500 [29:47<34:12,  1.14it/s]
 48%|ΓûêΓûêΓûêΓûêΓûè     | 2163/4500 [29:48<33:05,  1.18it/s]
 48%|ΓûêΓûêΓûêΓûêΓûè     | 2164/4500 [29:49<34:50,  1.12it/s]
 48%|ΓûêΓûêΓûêΓûêΓûè     | 2165/4500 [29:50<33:57,  1.15it/s]
 48%|ΓûêΓûêΓûêΓûêΓûè     | 2166/4500 [29:51<33:26,  1.16it/s]
 48%|ΓûêΓûêΓûêΓûêΓûè     | 2167/4500 [29:52<34:08,  1.14it/s]
 48%|ΓûêΓûêΓûêΓûêΓûè     | 2169/4500 [29:53<26:15,  1.48it/s]
 48%|ΓûêΓûêΓûêΓûêΓûè     | 2170/4500 [29:54<27:27,  1.41it/s]
 48%|ΓûêΓûêΓûêΓûêΓûè     | 2171/4500 [29:54<28:28,  1.36it/s]
 48%|ΓûêΓûêΓûêΓûêΓûè     | 2172/4500 [29:55<30:10,  1.29it/s]
 48%|ΓûêΓûêΓûêΓûêΓûè     | 2173/4500 [29:56<31:32,  1.23it/s]
 48%|ΓûêΓûêΓûêΓûêΓûè     | 2174/4500 [29:57<32:10,  1.21it/s]
 48%|ΓûêΓûêΓûêΓûêΓûè     | 2175/4500 [29:58<33:04,  1.17it/s]
 48%|ΓûêΓûêΓûêΓûêΓûè     | 2176/4500 [29:59<32:34,  1.19it/s]
 48%|ΓûêΓûêΓûêΓûêΓûè     | 2177/4500 [30:00<33:57,  1.14it/s]
 48%|ΓûêΓûêΓûêΓûêΓûè     | 2178/4500 [30:01<33:54,  1.14it/s]
 48%|ΓûêΓûêΓûêΓûêΓûè     | 2179/4500 [30:01<34:13,  1.13it/s]
 48%|ΓûêΓûêΓûêΓûêΓûè     | 2180/4500 [30:02<33:07,  1.17it/s]
 48%|ΓûêΓûêΓûêΓûêΓûè     | 2181/4500 [30:03<33:30,  1.15it/s]
 48%|ΓûêΓûêΓûêΓûêΓûè     | 2182/4500 [30:04<33:49,  1.14it/s]
 49%|ΓûêΓûêΓûêΓûêΓûè     | 2183/4500 [30:05<34:49,  1.11it/s]
 49%|ΓûêΓûêΓûêΓûêΓûè     | 2184/4500 [30:06<35:43,  1.08it/s]
 49%|ΓûêΓûêΓûêΓûêΓûè     | 2185/4500 [30:07<34:19,  1.12it/s]
 49%|ΓûêΓûêΓûêΓûêΓûè     | 2186/4500 [30:08<33:18,  1.16it/s]
 49%|ΓûêΓûêΓûêΓûêΓûè     | 2187/4500 [30:08<33:55,  1.14it/s]
 49%|ΓûêΓûêΓûêΓûêΓûè     | 2188/4500 [30:09<33:01,  1.17it/s]
 49%|ΓûêΓûêΓûêΓûêΓûè     | 2189/4500 [30:10<33:17,  1.16it/s]
 49%|ΓûêΓûêΓûêΓûêΓûè     | 2190/4500 [30:11<33:49,  1.14it/s]
 49%|ΓûêΓûêΓûêΓûêΓûè     | 2191/4500 [30:12<33:56,  1.13it/s]
 49%|ΓûêΓûêΓûêΓûêΓûè     | 2192/4500 [30:13<33:04,  1.16it/s]
 49%|ΓûêΓûêΓûêΓûêΓûè     | 2193/4500 [30:14<33:23,  1.15it/s]
 49%|ΓûêΓûêΓûêΓûêΓûë     | 2194/4500 [30:15<34:36,  1.11it/s]
 49%|ΓûêΓûêΓûêΓûêΓûë     | 2195/4500 [30:16<34:40,  1.11it/s]
 49%|ΓûêΓûêΓûêΓûêΓûë     | 2196/4500 [30:17<35:04,  1.09it/s]
 49%|ΓûêΓûêΓûêΓûêΓûë     | 2197/4500 [30:18<36:03,  1.06it/s]
 49%|ΓûêΓûêΓûêΓûêΓûë     | 2198/4500 [30:18<35:21,  1.08it/s]
 49%|ΓûêΓûêΓûêΓûêΓûë     | 2199/4500 [30:19<35:52,  1.07it/s]
 49%|ΓûêΓûêΓûêΓûêΓûë     | 2200/4500 [30:20<34:24,  1.11it/s]
 49%|ΓûêΓûêΓûêΓûêΓûë     | 2201/4500 [30:21<33:22,  1.15it/s]
 49%|ΓûêΓûêΓûêΓûêΓûë     | 2202/4500 [30:22<34:38,  1.11it/s]
 49%|ΓûêΓûêΓûêΓûêΓûë     | 2203/4500 [30:23<34:47,  1.10it/s]
 49%|ΓûêΓûêΓûêΓûêΓûë     | 2204/4500 [30:24<33:42,  1.14it/s]
 49%|ΓûêΓûêΓûêΓûêΓûë     | 2205/4500 [30:25<34:02,  1.12it/s]
 49%|ΓûêΓûêΓûêΓûêΓûë     | 2206/4500 [30:25<33:14,  1.15it/s]
 49%|ΓûêΓûêΓûêΓûêΓûë     | 2207/4500 [30:26<32:17,  1.18it/s]
 49%|ΓûêΓûêΓûêΓûêΓûë     | 2208/4500 [30:27<32:47,  1.16it/s]
 49%|ΓûêΓûêΓûêΓûêΓûë     | 2209/4500 [30:28<33:05,  1.15it/s]
 49%|ΓûêΓûêΓûêΓûêΓûë     | 2210/4500 [30:29<32:16,  1.18it/s]
 49%|ΓûêΓûêΓûêΓûêΓûë     | 2211/4500 [30:30<32:16,  1.18it/s]
 49%|ΓûêΓûêΓûêΓûêΓûë     | 2212/4500 [30:30<31:10,  1.22it/s]
 49%|ΓûêΓûêΓûêΓûêΓûë     | 2213/4500 [30:31<32:12,  1.18it/s]
 49%|ΓûêΓûêΓûêΓûêΓûë     | 2214/4500 [30:32<32:17,  1.18it/s]
 49%|ΓûêΓûêΓûêΓûêΓûë     | 2215/4500 [30:33<31:36,  1.20it/s]
 49%|ΓûêΓûêΓûêΓûêΓûë     | 2216/4500 [30:34<31:12,  1.22it/s]
 49%|ΓûêΓûêΓûêΓûêΓûë     | 2217/4500 [30:35<30:47,  1.24it/s]
 49%|ΓûêΓûêΓûêΓûêΓûë     | 2218/4500 [30:35<30:43,  1.24it/s]
 49%|ΓûêΓûêΓûêΓûêΓûë     | 2219/4500 [30:36<29:54,  1.27it/s]
 49%|ΓûêΓûêΓûêΓûêΓûë     | 2220/4500 [30:37<29:57,  1.27it/s]
 49%|ΓûêΓûêΓûêΓûêΓûë     | 2221/4500 [30:38<31:23,  1.21it/s]
 49%|ΓûêΓûêΓûêΓûêΓûë     | 2222/4500 [30:39<32:27,  1.17it/s]
 49%|ΓûêΓûêΓûêΓûêΓûë     | 2223/4500 [30:39<31:53,  1.19it/s]
 49%|ΓûêΓûêΓûêΓûêΓûë     | 2224/4500 [30:40<31:32,  1.20it/s]
 49%|ΓûêΓûêΓûêΓûêΓûë     | 2225/4500 [30:41<30:08,  1.26it/s]
 49%|ΓûêΓûêΓûêΓûêΓûë     | 2226/4500 [30:42<28:58,  1.31it/s]
 49%|ΓûêΓûêΓûêΓûêΓûë     | 2227/4500 [30:43<30:18,  1.25it/s]
 50%|ΓûêΓûêΓûêΓûêΓûë     | 2228/4500 [30:43<31:30,  1.20it/s]
 50%|ΓûêΓûêΓûêΓûêΓûë     | 2229/4500 [30:44<31:21,  1.21it/s]
 50%|ΓûêΓûêΓûêΓûêΓûë     | 2230/4500 [30:45<30:51,  1.23it/s]
 50%|ΓûêΓûêΓûêΓûêΓûë     | 2231/4500 [30:46<30:42,  1.23it/s]
 50%|ΓûêΓûêΓûêΓûêΓûë     | 2232/4500 [30:47<30:50,  1.23it/s]
 50%|ΓûêΓûêΓûêΓûêΓûë     | 2233/4500 [30:48<30:41,  1.23it/s]
 50%|ΓûêΓûêΓûêΓûêΓûë     | 2234/4500 [30:48<29:20,  1.29it/s]
 50%|ΓûêΓûêΓûêΓûêΓûë     | 2235/4500 [30:49<29:19,  1.29it/s]
 50%|ΓûêΓûêΓûêΓûêΓûë     | 2236/4500 [30:50<30:07,  1.25it/s]
 50%|ΓûêΓûêΓûêΓûêΓûë     | 2237/4500 [30:51<29:11,  1.29it/s]
 50%|ΓûêΓûêΓûêΓûêΓûë     | 2238/4500 [30:51<30:32,  1.23it/s]
 50%|ΓûêΓûêΓûêΓûêΓûë     | 2239/4500 [30:52<30:22,  1.24it/s]
 50%|ΓûêΓûêΓûêΓûêΓûë     | 2240/4500 [30:53<31:02,  1.21it/s]
 50%|ΓûêΓûêΓûêΓûêΓûë     | 2241/4500 [30:54<30:20,  1.24it/s]
 50%|ΓûêΓûêΓûêΓûêΓûë     | 2242/4500 [30:55<31:04,  1.21it/s]
 50%|ΓûêΓûêΓûêΓûêΓûë     | 2243/4500 [30:56<30:36,  1.23it/s]
 50%|ΓûêΓûêΓûêΓûêΓûë     | 2244/4500 [30:56<30:26,  1.24it/s]
 50%|ΓûêΓûêΓûêΓûêΓûë     | 2245/4500 [30:57<29:39,  1.27it/s]
 50%|ΓûêΓûêΓûêΓûêΓûë     | 2246/4500 [30:58<29:31,  1.27it/s]
 50%|ΓûêΓûêΓûêΓûêΓûë     | 2247/4500 [30:59<29:16,  1.28it/s]
 50%|ΓûêΓûêΓûêΓûêΓûë     | 2248/4500 [30:59<29:28,  1.27it/s]
 50%|ΓûêΓûêΓûêΓûêΓûë     | 2249/4500 [31:00<29:34,  1.27it/s]
 50%|ΓûêΓûêΓûêΓûêΓûê     | 2250/4500 [31:01<30:00,  1.25it/s]
 50%|ΓûêΓûêΓûêΓûêΓûê     | 2251/4500 [31:02<29:33,  1.27it/s]
 50%|ΓûêΓûêΓûêΓûêΓûê     | 2252/4500 [31:03<28:35,  1.31it/s]
 50%|ΓûêΓûêΓûêΓûêΓûê     | 2253/4500 [31:03<27:49,  1.35it/s]
 50%|ΓûêΓûêΓûêΓûêΓûê     | 2254/4500 [31:04<29:43,  1.26it/s]
 50%|ΓûêΓûêΓûêΓûêΓûê     | 2255/4500 [31:05<30:10,  1.24it/s]
 50%|ΓûêΓûêΓûêΓûêΓûê     | 2256/4500 [31:06<30:24,  1.23it/s]
 50%|ΓûêΓûêΓûêΓûêΓûê     | 2257/4500 [31:07<29:45,  1.26it/s]
 50%|ΓûêΓûêΓûêΓûêΓûê     | 2258/4500 [31:07<29:00,  1.29it/s]
 50%|ΓûêΓûêΓûêΓûêΓûê     | 2259/4500 [31:08<29:08,  1.28it/s]
 50%|ΓûêΓûêΓûêΓûêΓûê     | 2260/4500 [31:09<29:28,  1.27it/s]
 50%|ΓûêΓûêΓûêΓûêΓûê     | 2261/4500 [31:10<29:44,  1.25it/s]
 50%|ΓûêΓûêΓûêΓûêΓûê     | 2262/4500 [31:11<30:56,  1.21it/s]
 50%|ΓûêΓûêΓûêΓûêΓûê     | 2263/4500 [31:11<30:47,  1.21it/s]
 50%|ΓûêΓûêΓûêΓûêΓûê     | 2264/4500 [31:12<30:07,  1.24it/s]
 50%|ΓûêΓûêΓûêΓûêΓûê     | 2265/4500 [31:13<30:15,  1.23it/s]
 50%|ΓûêΓûêΓûêΓûêΓûê     | 2266/4500 [31:14<31:00,  1.20it/s]
 50%|ΓûêΓûêΓûêΓûêΓûê     | 2267/4500 [31:15<29:50,  1.25it/s]
 50%|ΓûêΓûêΓûêΓûêΓûê     | 2268/4500 [31:15<29:51,  1.25it/s]
 50%|ΓûêΓûêΓûêΓûêΓûê     | 2269/4500 [31:16<29:17,  1.27it/s]
 50%|ΓûêΓûêΓûêΓûêΓûê     | 2270/4500 [31:17<30:38,  1.21it/s]
 50%|ΓûêΓûêΓûêΓûêΓûê     | 2271/4500 [31:18<32:27,  1.14it/s]
 50%|ΓûêΓûêΓûêΓûêΓûê     | 2272/4500 [31:19<32:30,  1.14it/s]
 51%|ΓûêΓûêΓûêΓûêΓûê     | 2273/4500 [31:20<32:19,  1.15it/s]
 51%|ΓûêΓûêΓûêΓûêΓûê     | 2274/4500 [31:21<32:18,  1.15it/s]
 51%|ΓûêΓûêΓûêΓûêΓûê     | 2275/4500 [31:22<32:24,  1.14it/s]
 51%|ΓûêΓûêΓûêΓûêΓûê     | 2276/4500 [31:22<31:42,  1.17it/s]
 51%|ΓûêΓûêΓûêΓûêΓûê     | 2277/4500 [31:23<31:58,  1.16it/s]
 51%|ΓûêΓûêΓûêΓûêΓûê     | 2278/4500 [31:24<32:58,  1.12it/s]
 51%|ΓûêΓûêΓûêΓûêΓûê     | 2279/4500 [31:25<32:33,  1.14it/s]
 51%|ΓûêΓûêΓûêΓûêΓûê     | 2280/4500 [31:26<32:29,  1.14it/s]
 51%|ΓûêΓûêΓûêΓûêΓûê     | 2281/4500 [31:27<31:30,  1.17it/s]
 51%|ΓûêΓûêΓûêΓûêΓûê     | 2282/4500 [31:28<31:55,  1.16it/s]
 51%|ΓûêΓûêΓûêΓûêΓûê     | 2283/4500 [31:28<32:00,  1.15it/s]
 51%|ΓûêΓûêΓûêΓûêΓûê     | 2284/4500 [31:29<31:02,  1.19it/s]
 51%|ΓûêΓûêΓûêΓûêΓûê     | 2285/4500 [31:30<31:16,  1.18it/s]
 51%|ΓûêΓûêΓûêΓûêΓûê     | 2286/4500 [31:31<31:48,  1.16it/s]
 51%|ΓûêΓûêΓûêΓûêΓûê     | 2287/4500 [31:32<32:14,  1.14it/s]
 51%|ΓûêΓûêΓûêΓûêΓûê     | 2288/4500 [31:33<33:15,  1.11it/s]
 51%|ΓûêΓûêΓûêΓûêΓûê     | 2289/4500 [31:34<32:51,  1.12it/s]
 51%|ΓûêΓûêΓûêΓûêΓûê     | 2290/4500 [31:35<33:36,  1.10it/s]
 51%|ΓûêΓûêΓûêΓûêΓûê     | 2291/4500 [31:36<33:24,  1.10it/s]
 51%|ΓûêΓûêΓûêΓûêΓûê     | 2292/4500 [31:37<34:22,  1.07it/s]
 51%|ΓûêΓûêΓûêΓûêΓûê     | 2293/4500 [31:37<33:39,  1.09it/s]
 51%|ΓûêΓûêΓûêΓûêΓûê     | 2294/4500 [31:38<33:35,  1.09it/s]
 51%|ΓûêΓûêΓûêΓûêΓûê     | 2295/4500 [31:39<34:21,  1.07it/s]
 51%|ΓûêΓûêΓûêΓûêΓûê     | 2296/4500 [31:40<35:35,  1.03it/s]
 51%|ΓûêΓûêΓûêΓûêΓûê     | 2297/4500 [31:41<34:14,  1.07it/s]
 51%|ΓûêΓûêΓûêΓûêΓûê     | 2298/4500 [31:42<34:17,  1.07it/s]
 51%|ΓûêΓûêΓûêΓûêΓûê     | 2299/4500 [31:43<34:46,  1.06it/s]
 51%|ΓûêΓûêΓûêΓûêΓûê     | 2300/4500 [31:44<34:44,  1.06it/s]
 51%|ΓûêΓûêΓûêΓûêΓûê     | 2301/4500 [31:45<33:57,  1.08it/s]
 51%|ΓûêΓûêΓûêΓûêΓûê     | 2302/4500 [31:46<32:58,  1.11it/s]
 51%|ΓûêΓûêΓûêΓûêΓûê     | 2303/4500 [31:47<33:23,  1.10it/s]
 51%|ΓûêΓûêΓûêΓûêΓûê     | 2304/4500 [31:48<34:20,  1.07it/s]
 51%|ΓûêΓûêΓûêΓûêΓûê     | 2305/4500 [31:49<34:25,  1.06it/s]
 51%|ΓûêΓûêΓûêΓûêΓûê     | 2306/4500 [31:50<35:17,  1.04it/s]
 51%|ΓûêΓûêΓûêΓûêΓûêΓûÅ    | 2307/4500 [31:51<34:26,  1.06it/s]
 51%|ΓûêΓûêΓûêΓûêΓûêΓûÅ    | 2308/4500 [31:52<33:51,  1.08it/s]
 51%|ΓûêΓûêΓûêΓûêΓûêΓûÅ    | 2309/4500 [31:52<33:02,  1.10it/s]
 51%|ΓûêΓûêΓûêΓûêΓûêΓûÅ    | 2310/4500 [31:53<31:56,  1.14it/s]
 51%|ΓûêΓûêΓûêΓûêΓûêΓûÅ    | 2311/4500 [31:54<31:59,  1.14it/s]
 51%|ΓûêΓûêΓûêΓûêΓûêΓûÅ    | 2312/4500 [31:55<31:06,  1.17it/s]
 51%|ΓûêΓûêΓûêΓûêΓûêΓûÅ    | 2313/4500 [31:56<32:23,  1.13it/s]
 51%|ΓûêΓûêΓûêΓûêΓûêΓûÅ    | 2314/4500 [31:57<33:20,  1.09it/s]
 51%|ΓûêΓûêΓûêΓûêΓûêΓûÅ    | 2315/4500 [31:58<32:46,  1.11it/s]
 51%|ΓûêΓûêΓûêΓûêΓûêΓûÅ    | 2316/4500 [31:59<33:43,  1.08it/s]
 51%|ΓûêΓûêΓûêΓûêΓûêΓûÅ    | 2317/4500 [32:00<33:24,  1.09it/s]
 52%|ΓûêΓûêΓûêΓûêΓûêΓûÅ    | 2318/4500 [32:00<32:05,  1.13it/s]
 52%|ΓûêΓûêΓûêΓûêΓûêΓûÅ    | 2319/4500 [32:01<32:00,  1.14it/s]
 52%|ΓûêΓûêΓûêΓûêΓûêΓûÅ    | 2320/4500 [32:02<30:50,  1.18it/s]
 52%|ΓûêΓûêΓûêΓûêΓûêΓûÅ    | 2321/4500 [32:03<32:13,  1.13it/s]
 52%|ΓûêΓûêΓûêΓûêΓûêΓûÅ    | 2322/4500 [32:04<30:57,  1.17it/s]
 52%|ΓûêΓûêΓûêΓûêΓûêΓûÅ    | 2323/4500 [32:05<32:13,  1.13it/s]
 52%|ΓûêΓûêΓûêΓûêΓûêΓûÅ    | 2324/4500 [32:06<33:06,  1.10it/s]
 52%|ΓûêΓûêΓûêΓûêΓûêΓûÅ    | 2325/4500 [32:07<33:36,  1.08it/s]
 52%|ΓûêΓûêΓûêΓûêΓûêΓûÅ    | 2326/4500 [32:07<32:03,  1.13it/s]
 52%|ΓûêΓûêΓûêΓûêΓûêΓûÅ    | 2327/4500 [32:08<30:47,  1.18it/s]
 52%|ΓûêΓûêΓûêΓûêΓûêΓûÅ    | 2328/4500 [32:09<31:11,  1.16it/s]
 52%|ΓûêΓûêΓûêΓûêΓûêΓûÅ    | 2329/4500 [32:10<31:18,  1.16it/s]
 52%|ΓûêΓûêΓûêΓûêΓûêΓûÅ    | 2330/4500 [32:11<30:25,  1.19it/s]
 52%|ΓûêΓûêΓûêΓûêΓûêΓûÅ    | 2331/4500 [32:12<31:42,  1.14it/s]
 52%|ΓûêΓûêΓûêΓûêΓûêΓûÅ    | 2332/4500 [32:13<30:39,  1.18it/s]
 52%|ΓûêΓûêΓûêΓûêΓûêΓûÅ    | 2333/4500 [32:13<30:41,  1.18it/s]
 52%|ΓûêΓûêΓûêΓûêΓûêΓûÅ    | 2334/4500 [32:14<30:52,  1.17it/s]
 52%|ΓûêΓûêΓûêΓûêΓûêΓûÅ    | 2335/4500 [32:15<29:30,  1.22it/s]
 52%|ΓûêΓûêΓûêΓûêΓûêΓûÅ    | 2336/4500 [32:16<29:13,  1.23it/s]
 52%|ΓûêΓûêΓûêΓûêΓûêΓûÅ    | 2337/4500 [32:17<29:20,  1.23it/s]
 52%|ΓûêΓûêΓûêΓûêΓûêΓûÅ    | 2338/4500 [32:17<30:09,  1.20it/s]
 52%|ΓûêΓûêΓûêΓûêΓûêΓûÅ    | 2339/4500 [32:18<29:13,  1.23it/s]
 52%|ΓûêΓûêΓûêΓûêΓûêΓûÅ    | 2340/4500 [32:19<29:15,  1.23it/s]
 52%|ΓûêΓûêΓûêΓûêΓûêΓûÅ    | 2341/4500 [32:20<28:26,  1.27it/s]
 52%|ΓûêΓûêΓûêΓûêΓûêΓûÅ    | 2342/4500 [32:21<27:56,  1.29it/s]
 52%|ΓûêΓûêΓûêΓûêΓûêΓûÅ    | 2343/4500 [32:21<27:33,  1.30it/s]
 52%|ΓûêΓûêΓûêΓûêΓûêΓûÅ    | 2344/4500 [32:22<27:58,  1.28it/s]
 52%|ΓûêΓûêΓûêΓûêΓûêΓûÅ    | 2345/4500 [32:23<28:19,  1.27it/s]
 52%|ΓûêΓûêΓûêΓûêΓûêΓûÅ    | 2346/4500 [32:24<28:42,  1.25it/s]
 52%|ΓûêΓûêΓûêΓûêΓûêΓûÅ    | 2347/4500 [32:25<28:51,  1.24it/s]
 52%|ΓûêΓûêΓûêΓûêΓûêΓûÅ    | 2348/4500 [32:25<28:33,  1.26it/s]
 52%|ΓûêΓûêΓûêΓûêΓûêΓûÅ    | 2349/4500 [32:26<29:35,  1.21it/s]
 52%|ΓûêΓûêΓûêΓûêΓûêΓûÅ    | 2350/4500 [32:27<30:07,  1.19it/s]
 52%|ΓûêΓûêΓûêΓûêΓûêΓûÅ    | 2351/4500 [32:28<29:59,  1.19it/s]
 52%|ΓûêΓûêΓûêΓûêΓûêΓûÅ    | 2352/4500 [32:29<30:01,  1.19it/s]
 52%|ΓûêΓûêΓûêΓûêΓûêΓûÅ    | 2353/4500 [32:30<30:02,  1.19it/s]
 52%|ΓûêΓûêΓûêΓûêΓûêΓûÅ    | 2354/4500 [32:30<29:52,  1.20it/s]
 52%|ΓûêΓûêΓûêΓûêΓûêΓûÅ    | 2355/4500 [32:31<30:02,  1.19it/s]
 52%|ΓûêΓûêΓûêΓûêΓûêΓûÅ    | 2356/4500 [32:32<28:41,  1.25it/s]
 52%|ΓûêΓûêΓûêΓûêΓûêΓûÅ    | 2357/4500 [32:33<28:40,  1.25it/s]
 52%|ΓûêΓûêΓûêΓûêΓûêΓûÅ    | 2358/4500 [32:34<29:09,  1.22it/s]
 52%|ΓûêΓûêΓûêΓûêΓûêΓûÅ    | 2359/4500 [32:34<28:47,  1.24it/s]
 52%|ΓûêΓûêΓûêΓûêΓûêΓûÅ    | 2360/4500 [32:35<28:33,  1.25it/s]
 52%|ΓûêΓûêΓûêΓûêΓûêΓûÅ    | 2361/4500 [32:36<30:06,  1.18it/s]
 52%|ΓûêΓûêΓûêΓûêΓûêΓûÅ    | 2362/4500 [32:37<29:16,  1.22it/s]
 53%|ΓûêΓûêΓûêΓûêΓûêΓûÄ    | 2363/4500 [32:38<28:44,  1.24it/s]
 53%|ΓûêΓûêΓûêΓûêΓûêΓûÄ    | 2364/4500 [32:39<29:47,  1.19it/s]
 53%|ΓûêΓûêΓûêΓûêΓûêΓûÄ    | 2365/4500 [32:39<29:26,  1.21it/s]
 53%|ΓûêΓûêΓûêΓûêΓûêΓûÄ    | 2366/4500 [32:40<29:42,  1.20it/s]
 53%|ΓûêΓûêΓûêΓûêΓûêΓûÄ    | 2367/4500 [32:41<29:21,  1.21it/s]
 53%|ΓûêΓûêΓûêΓûêΓûêΓûÄ    | 2368/4500 [32:42<29:19,  1.21it/s]
 53%|ΓûêΓûêΓûêΓûêΓûêΓûÄ    | 2369/4500 [32:43<29:54,  1.19it/s]
 53%|ΓûêΓûêΓûêΓûêΓûêΓûÄ    | 2370/4500 [32:44<29:33,  1.20it/s]
 53%|ΓûêΓûêΓûêΓûêΓûêΓûÄ    | 2371/4500 [32:44<29:34,  1.20it/s]
 53%|ΓûêΓûêΓûêΓûêΓûêΓûÄ    | 2372/4500 [32:45<28:24,  1.25it/s]
 53%|ΓûêΓûêΓûêΓûêΓûêΓûÄ    | 2373/4500 [32:46<28:15,  1.25it/s]
 53%|ΓûêΓûêΓûêΓûêΓûêΓûÄ    | 2374/4500 [32:47<28:14,  1.25it/s]
 53%|ΓûêΓûêΓûêΓûêΓûêΓûÄ    | 2375/4500 [32:47<27:44,  1.28it/s]
 53%|ΓûêΓûêΓûêΓûêΓûêΓûÄ    | 2376/4500 [32:48<27:23,  1.29it/s]
 53%|ΓûêΓûêΓûêΓûêΓûêΓûÄ    | 2377/4500 [32:49<27:29,  1.29it/s]
 53%|ΓûêΓûêΓûêΓûêΓûêΓûÄ    | 2378/4500 [32:50<27:34,  1.28it/s]
 53%|ΓûêΓûêΓûêΓûêΓûêΓûÄ    | 2379/4500 [32:51<28:34,  1.24it/s]
 53%|ΓûêΓûêΓûêΓûêΓûêΓûÄ    | 2380/4500 [32:51<28:34,  1.24it/s]
 53%|ΓûêΓûêΓûêΓûêΓûêΓûÄ    | 2381/4500 [32:52<27:32,  1.28it/s]
 53%|ΓûêΓûêΓûêΓûêΓûêΓûÄ    | 2382/4500 [32:53<28:00,  1.26it/s]
 53%|ΓûêΓûêΓûêΓûêΓûêΓûÄ    | 2384/4500 [32:54<20:49,  1.69it/s]
 53%|ΓûêΓûêΓûêΓûêΓûêΓûÄ    | 2385/4500 [32:55<22:27,  1.57it/s]
 53%|ΓûêΓûêΓûêΓûêΓûêΓûÄ    | 2386/4500 [32:55<23:48,  1.48it/s]
 53%|ΓûêΓûêΓûêΓûêΓûêΓûÄ    | 2387/4500 [32:56<24:08,  1.46it/s]
 53%|ΓûêΓûêΓûêΓûêΓûêΓûÄ    | 2388/4500 [32:57<25:12,  1.40it/s]
 53%|ΓûêΓûêΓûêΓûêΓûêΓûÄ    | 2389/4500 [32:58<26:15,  1.34it/s]
 53%|ΓûêΓûêΓûêΓûêΓûêΓûÄ    | 2390/4500 [32:58<26:06,  1.35it/s]
 53%|ΓûêΓûêΓûêΓûêΓûêΓûÄ    | 2391/4500 [32:59<25:56,  1.36it/s]
 53%|ΓûêΓûêΓûêΓûêΓûêΓûÄ    | 2392/4500 [33:00<25:42,  1.37it/s]
 53%|ΓûêΓûêΓûêΓûêΓûêΓûÄ    | 2393/4500 [33:01<25:34,  1.37it/s]
 53%|ΓûêΓûêΓûêΓûêΓûêΓûÄ    | 2394/4500 [33:01<27:06,  1.30it/s]
 53%|ΓûêΓûêΓûêΓûêΓûêΓûÄ    | 2395/4500 [33:02<27:22,  1.28it/s]
 53%|ΓûêΓûêΓûêΓûêΓûêΓûÄ    | 2396/4500 [33:03<28:33,  1.23it/s]
 53%|ΓûêΓûêΓûêΓûêΓûêΓûÄ    | 2397/4500 [33:04<27:34,  1.27it/s]
 53%|ΓûêΓûêΓûêΓûêΓûêΓûÄ    | 2398/4500 [33:05<26:40,  1.31it/s]
 53%|ΓûêΓûêΓûêΓûêΓûêΓûÄ    | 2399/4500 [33:05<27:41,  1.26it/s]
 53%|ΓûêΓûêΓûêΓûêΓûêΓûÄ    | 2400/4500 [33:06<26:45,  1.31it/s]
 53%|ΓûêΓûêΓûêΓûêΓûêΓûÄ    | 2401/4500 [33:07<27:57,  1.25it/s]
 53%|ΓûêΓûêΓûêΓûêΓûêΓûÄ    | 2402/4500 [33:08<28:06,  1.24it/s]
 53%|ΓûêΓûêΓûêΓûêΓûêΓûÄ    | 2403/4500 [33:08<27:06,  1.29it/s]
 53%|ΓûêΓûêΓûêΓûêΓûêΓûÄ    | 2404/4500 [33:09<28:07,  1.24it/s]
 53%|ΓûêΓûêΓûêΓûêΓûêΓûÄ    | 2405/4500 [33:10<28:18,  1.23it/s]
 53%|ΓûêΓûêΓûêΓûêΓûêΓûÄ    | 2406/4500 [33:11<29:00,  1.20it/s]
 53%|ΓûêΓûêΓûêΓûêΓûêΓûÄ    | 2407/4500 [33:12<28:33,  1.22it/s]
 54%|ΓûêΓûêΓûêΓûêΓûêΓûÄ    | 2408/4500 [33:13<28:33,  1.22it/s]
 54%|ΓûêΓûêΓûêΓûêΓûêΓûÄ    | 2409/4500 [33:13<28:23,  1.23it/s]
 54%|ΓûêΓûêΓûêΓûêΓûêΓûÄ    | 2410/4500 [33:14<28:12,  1.24it/s]
 54%|ΓûêΓûêΓûêΓûêΓûêΓûÄ    | 2411/4500 [33:15<27:26,  1.27it/s]
 54%|ΓûêΓûêΓûêΓûêΓûêΓûÄ    | 2412/4500 [33:16<28:30,  1.22it/s]
 54%|ΓûêΓûêΓûêΓûêΓûêΓûÄ    | 2413/4500 [33:17<29:20,  1.19it/s]
 54%|ΓûêΓûêΓûêΓûêΓûêΓûÄ    | 2414/4500 [33:18<29:14,  1.19it/s]
 54%|ΓûêΓûêΓûêΓûêΓûêΓûÄ    | 2415/4500 [33:18<28:09,  1.23it/s]
 54%|ΓûêΓûêΓûêΓûêΓûêΓûÄ    | 2416/4500 [33:19<27:10,  1.28it/s]
 54%|ΓûêΓûêΓûêΓûêΓûêΓûÄ    | 2417/4500 [33:20<27:04,  1.28it/s]
 54%|ΓûêΓûêΓûêΓûêΓûêΓûÄ    | 2418/4500 [33:21<27:10,  1.28it/s]
 54%|ΓûêΓûêΓûêΓûêΓûêΓûì    | 2419/4500 [33:22<28:14,  1.23it/s]
 54%|ΓûêΓûêΓûêΓûêΓûêΓûì    | 2420/4500 [33:22<28:24,  1.22it/s]
 54%|ΓûêΓûêΓûêΓûêΓûêΓûì    | 2421/4500 [33:23<27:30,  1.26it/s]
 54%|ΓûêΓûêΓûêΓûêΓûêΓûì    | 2422/4500 [33:24<27:41,  1.25it/s]
 54%|ΓûêΓûêΓûêΓûêΓûêΓûì    | 2423/4500 [33:25<27:52,  1.24it/s]
 54%|ΓûêΓûêΓûêΓûêΓûêΓûì    | 2424/4500 [33:26<28:04,  1.23it/s]
 54%|ΓûêΓûêΓûêΓûêΓûêΓûì    | 2425/4500 [33:26<28:25,  1.22it/s]
 54%|ΓûêΓûêΓûêΓûêΓûêΓûì    | 2426/4500 [33:27<29:11,  1.18it/s]
 54%|ΓûêΓûêΓûêΓûêΓûêΓûì    | 2427/4500 [33:28<28:46,  1.20it/s]
 54%|ΓûêΓûêΓûêΓûêΓûêΓûì    | 2428/4500 [33:29<29:19,  1.18it/s]
 54%|ΓûêΓûêΓûêΓûêΓûêΓûì    | 2429/4500 [33:30<29:41,  1.16it/s]
 54%|ΓûêΓûêΓûêΓûêΓûêΓûì    | 2430/4500 [33:31<30:35,  1.13it/s]
 54%|ΓûêΓûêΓûêΓûêΓûêΓûì    | 2431/4500 [33:32<29:49,  1.16it/s]
 54%|ΓûêΓûêΓûêΓûêΓûêΓûì    | 2432/4500 [33:33<30:00,  1.15it/s]
 54%|ΓûêΓûêΓûêΓûêΓûêΓûì    | 2433/4500 [33:34<30:58,  1.11it/s]
 54%|ΓûêΓûêΓûêΓûêΓûêΓûì    | 2434/4500 [33:34<30:36,  1.12it/s]
 54%|ΓûêΓûêΓûêΓûêΓûêΓûì    | 2435/4500 [33:35<30:18,  1.14it/s]
 54%|ΓûêΓûêΓûêΓûêΓûêΓûì    | 2436/4500 [33:36<29:20,  1.17it/s]
 54%|ΓûêΓûêΓûêΓûêΓûêΓûì    | 2437/4500 [33:37<28:33,  1.20it/s]
 54%|ΓûêΓûêΓûêΓûêΓûêΓûì    | 2438/4500 [33:38<28:13,  1.22it/s]
 54%|ΓûêΓûêΓûêΓûêΓûêΓûì    | 2439/4500 [33:38<27:51,  1.23it/s]
 54%|ΓûêΓûêΓûêΓûêΓûêΓûì    | 2440/4500 [33:39<28:39,  1.20it/s]
 54%|ΓûêΓûêΓûêΓûêΓûêΓûì    | 2441/4500 [33:40<29:12,  1.17it/s]
 54%|ΓûêΓûêΓûêΓûêΓûêΓûì    | 2442/4500 [33:41<28:36,  1.20it/s]
 54%|ΓûêΓûêΓûêΓûêΓûêΓûì    | 2443/4500 [33:42<28:56,  1.18it/s]
 54%|ΓûêΓûêΓûêΓûêΓûêΓûì    | 2444/4500 [33:43<28:39,  1.20it/s]
 54%|ΓûêΓûêΓûêΓûêΓûêΓûì    | 2445/4500 [33:43<28:08,  1.22it/s]
 54%|ΓûêΓûêΓûêΓûêΓûêΓûì    | 2446/4500 [33:44<28:49,  1.19it/s]
 54%|ΓûêΓûêΓûêΓûêΓûêΓûì    | 2447/4500 [33:45<30:11,  1.13it/s]
 54%|ΓûêΓûêΓûêΓûêΓûêΓûì    | 2448/4500 [33:46<30:58,  1.10it/s]
 54%|ΓûêΓûêΓûêΓûêΓûêΓûì    | 2449/4500 [33:47<30:49,  1.11it/s]
 54%|ΓûêΓûêΓûêΓûêΓûêΓûì    | 2450/4500 [33:48<29:50,  1.15it/s]
 54%|ΓûêΓûêΓûêΓûêΓûêΓûì    | 2451/4500 [33:49<29:58,  1.14it/s]
 54%|ΓûêΓûêΓûêΓûêΓûêΓûì    | 2452/4500 [33:50<29:05,  1.17it/s]
 55%|ΓûêΓûêΓûêΓûêΓûêΓûì    | 2453/4500 [33:51<29:17,  1.16it/s]
 55%|ΓûêΓûêΓûêΓûêΓûêΓûì    | 2454/4500 [33:51<30:04,  1.13it/s]
 55%|ΓûêΓûêΓûêΓûêΓûêΓûì    | 2455/4500 [33:52<30:55,  1.10it/s]
 55%|ΓûêΓûêΓûêΓûêΓûêΓûì    | 2456/4500 [33:53<31:36,  1.08it/s]
 55%|ΓûêΓûêΓûêΓûêΓûêΓûì    | 2457/4500 [33:54<32:00,  1.06it/s]
 55%|ΓûêΓûêΓûêΓûêΓûêΓûì    | 2458/4500 [33:55<32:19,  1.05it/s]
 55%|ΓûêΓûêΓûêΓûêΓûêΓûì    | 2459/4500 [33:56<30:37,  1.11it/s]
 55%|ΓûêΓûêΓûêΓûêΓûêΓûì    | 2460/4500 [33:57<30:07,  1.13it/s]
 55%|ΓûêΓûêΓûêΓûêΓûêΓûì    | 2461/4500 [33:58<30:11,  1.13it/s]
 55%|ΓûêΓûêΓûêΓûêΓûêΓûì    | 2462/4500 [33:59<30:10,  1.13it/s]
 55%|ΓûêΓûêΓûêΓûêΓûêΓûì    | 2463/4500 [34:00<29:11,  1.16it/s]
 55%|ΓûêΓûêΓûêΓûêΓûêΓûì    | 2464/4500 [34:00<28:13,  1.20it/s]
 55%|ΓûêΓûêΓûêΓûêΓûêΓûì    | 2465/4500 [34:01<28:43,  1.18it/s]
 55%|ΓûêΓûêΓûêΓûêΓûêΓûì    | 2466/4500 [34:02<30:04,  1.13it/s]
 55%|ΓûêΓûêΓûêΓûêΓûêΓûì    | 2467/4500 [34:03<30:19,  1.12it/s]
 55%|ΓûêΓûêΓûêΓûêΓûêΓûì    | 2468/4500 [34:04<30:42,  1.10it/s]
 55%|ΓûêΓûêΓûêΓûêΓûêΓûì    | 2469/4500 [34:05<29:54,  1.13it/s]
 55%|ΓûêΓûêΓûêΓûêΓûêΓûì    | 2470/4500 [34:06<28:21,  1.19it/s]
 55%|ΓûêΓûêΓûêΓûêΓûêΓûì    | 2471/4500 [34:07<29:21,  1.15it/s]
 55%|ΓûêΓûêΓûêΓûêΓûêΓûì    | 2472/4500 [34:07<28:20,  1.19it/s]
 55%|ΓûêΓûêΓûêΓûêΓûêΓûì    | 2473/4500 [34:08<28:20,  1.19it/s]
 55%|ΓûêΓûêΓûêΓûêΓûêΓûì    | 2474/4500 [34:09<28:20,  1.19it/s]
 55%|ΓûêΓûêΓûêΓûêΓûêΓûî    | 2475/4500 [34:10<28:00,  1.21it/s]
 55%|ΓûêΓûêΓûêΓûêΓûêΓûî    | 2476/4500 [34:11<27:52,  1.21it/s]
 55%|ΓûêΓûêΓûêΓûêΓûêΓûî    | 2477/4500 [34:11<28:31,  1.18it/s]
 55%|ΓûêΓûêΓûêΓûêΓûêΓûî    | 2478/4500 [34:12<27:12,  1.24it/s]
 55%|ΓûêΓûêΓûêΓûêΓûêΓûî    | 2479/4500 [34:13<27:17,  1.23it/s]
 55%|ΓûêΓûêΓûêΓûêΓûêΓûî    | 2480/4500 [34:14<28:04,  1.20it/s]
 55%|ΓûêΓûêΓûêΓûêΓûêΓûî    | 2481/4500 [34:15<27:47,  1.21it/s]
 55%|ΓûêΓûêΓûêΓûêΓûêΓûî    | 2482/4500 [34:16<28:25,  1.18it/s]
 55%|ΓûêΓûêΓûêΓûêΓûêΓûî    | 2483/4500 [34:17<29:13,  1.15it/s]
 55%|ΓûêΓûêΓûêΓûêΓûêΓûî    | 2484/4500 [34:17<28:07,  1.19it/s]
 55%|ΓûêΓûêΓûêΓûêΓûêΓûî    | 2485/4500 [34:18<28:37,  1.17it/s]
 55%|ΓûêΓûêΓûêΓûêΓûêΓûî    | 2486/4500 [34:19<29:33,  1.14it/s]
 55%|ΓûêΓûêΓûêΓûêΓûêΓûî    | 2487/4500 [34:20<28:58,  1.16it/s]
 55%|ΓûêΓûêΓûêΓûêΓûêΓûî    | 2488/4500 [34:21<28:08,  1.19it/s]
 55%|ΓûêΓûêΓûêΓûêΓûêΓûî    | 2489/4500 [34:22<27:20,  1.23it/s]
 55%|ΓûêΓûêΓûêΓûêΓûêΓûî    | 2490/4500 [34:22<26:59,  1.24it/s]
 55%|ΓûêΓûêΓûêΓûêΓûêΓûî    | 2491/4500 [34:23<27:16,  1.23it/s]
 55%|ΓûêΓûêΓûêΓûêΓûêΓûî    | 2492/4500 [34:24<27:17,  1.23it/s]
 55%|ΓûêΓûêΓûêΓûêΓûêΓûî    | 2493/4500 [34:25<26:53,  1.24it/s]
 55%|ΓûêΓûêΓûêΓûêΓûêΓûî    | 2494/4500 [34:26<28:27,  1.18it/s]
 55%|ΓûêΓûêΓûêΓûêΓûêΓûî    | 2495/4500 [34:26<27:49,  1.20it/s]
 55%|ΓûêΓûêΓûêΓûêΓûêΓûî    | 2496/4500 [34:27<27:28,  1.22it/s]
 55%|ΓûêΓûêΓûêΓûêΓûêΓûî    | 2497/4500 [34:28<26:39,  1.25it/s]
 56%|ΓûêΓûêΓûêΓûêΓûêΓûî    | 2498/4500 [34:29<26:01,  1.28it/s]
 56%|ΓûêΓûêΓûêΓûêΓûêΓûî    | 2499/4500 [34:29<25:38,  1.30it/s]
 56%|ΓûêΓûêΓûêΓûêΓûêΓûî    | 2500/4500 [34:30<26:03,  1.28it/s]
 56%|ΓûêΓûêΓûêΓûêΓûêΓûî    | 2501/4500 [34:31<27:10,  1.23it/s]
 56%|ΓûêΓûêΓûêΓûêΓûêΓûî    | 2502/4500 [34:32<27:17,  1.22it/s]
 56%|ΓûêΓûêΓûêΓûêΓûêΓûî    | 2503/4500 [34:33<27:42,  1.20it/s]
 56%|ΓûêΓûêΓûêΓûêΓûêΓûî    | 2504/4500 [34:34<27:58,  1.19it/s]
 56%|ΓûêΓûêΓûêΓûêΓûêΓûî    | 2505/4500 [34:34<26:40,  1.25it/s]
 56%|ΓûêΓûêΓûêΓûêΓûêΓûî    | 2506/4500 [34:35<27:35,  1.20it/s]
 56%|ΓûêΓûêΓûêΓûêΓûêΓûî    | 2507/4500 [34:36<27:16,  1.22it/s]
 56%|ΓûêΓûêΓûêΓûêΓûêΓûî    | 2508/4500 [34:37<26:15,  1.26it/s]
 56%|ΓûêΓûêΓûêΓûêΓûêΓûî    | 2509/4500 [34:38<26:20,  1.26it/s]
 56%|ΓûêΓûêΓûêΓûêΓûêΓûî    | 2510/4500 [34:38<25:38,  1.29it/s]
 56%|ΓûêΓûêΓûêΓûêΓûêΓûî    | 2511/4500 [34:39<26:54,  1.23it/s]
 56%|ΓûêΓûêΓûêΓûêΓûêΓûî    | 2512/4500 [34:40<26:07,  1.27it/s]
 56%|ΓûêΓûêΓûêΓûêΓûêΓûî    | 2513/4500 [34:41<27:03,  1.22it/s]
 56%|ΓûêΓûêΓûêΓûêΓûêΓûî    | 2514/4500 [34:42<26:58,  1.23it/s]
 56%|ΓûêΓûêΓûêΓûêΓûêΓûî    | 2515/4500 [34:43<26:35,  1.24it/s]
 56%|ΓûêΓûêΓûêΓûêΓûêΓûî    | 2516/4500 [34:43<26:33,  1.25it/s]
 56%|ΓûêΓûêΓûêΓûêΓûêΓûî    | 2517/4500 [34:44<26:27,  1.25it/s]
 56%|ΓûêΓûêΓûêΓûêΓûêΓûî    | 2518/4500 [34:45<26:42,  1.24it/s]
 56%|ΓûêΓûêΓûêΓûêΓûêΓûî    | 2519/4500 [34:46<27:29,  1.20it/s]
 56%|ΓûêΓûêΓûêΓûêΓûêΓûî    | 2520/4500 [34:47<27:06,  1.22it/s]
 56%|ΓûêΓûêΓûêΓûêΓûêΓûî    | 2521/4500 [34:47<26:49,  1.23it/s]
 56%|ΓûêΓûêΓûêΓûêΓûêΓûî    | 2522/4500 [34:48<26:39,  1.24it/s]
 56%|ΓûêΓûêΓûêΓûêΓûêΓûî    | 2523/4500 [34:49<26:26,  1.25it/s]
 56%|ΓûêΓûêΓûêΓûêΓûêΓûî    | 2524/4500 [34:50<26:41,  1.23it/s]
 56%|ΓûêΓûêΓûêΓûêΓûêΓûî    | 2525/4500 [34:51<25:44,  1.28it/s]
 56%|ΓûêΓûêΓûêΓûêΓûêΓûî    | 2526/4500 [34:51<26:24,  1.25it/s]
 56%|ΓûêΓûêΓûêΓûêΓûêΓûî    | 2527/4500 [34:52<27:26,  1.20it/s]
 56%|ΓûêΓûêΓûêΓûêΓûêΓûî    | 2528/4500 [34:53<27:08,  1.21it/s]
 56%|ΓûêΓûêΓûêΓûêΓûêΓûî    | 2529/4500 [34:54<27:04,  1.21it/s]
 56%|ΓûêΓûêΓûêΓûêΓûêΓûî    | 2530/4500 [34:55<27:45,  1.18it/s]
 56%|ΓûêΓûêΓûêΓûêΓûêΓûî    | 2531/4500 [34:56<26:32,  1.24it/s]
 56%|ΓûêΓûêΓûêΓûêΓûêΓûï    | 2532/4500 [34:56<26:22,  1.24it/s]
 56%|ΓûêΓûêΓûêΓûêΓûêΓûï    | 2533/4500 [34:57<25:52,  1.27it/s]
 56%|ΓûêΓûêΓûêΓûêΓûêΓûï    | 2534/4500 [34:58<26:20,  1.24it/s]
 56%|ΓûêΓûêΓûêΓûêΓûêΓûï    | 2535/4500 [34:59<26:24,  1.24it/s]
 56%|ΓûêΓûêΓûêΓûêΓûêΓûï    | 2536/4500 [35:00<26:33,  1.23it/s]
 56%|ΓûêΓûêΓûêΓûêΓûêΓûï    | 2537/4500 [35:00<25:47,  1.27it/s]
 56%|ΓûêΓûêΓûêΓûêΓûêΓûï    | 2539/4500 [35:01<20:05,  1.63it/s]
 56%|ΓûêΓûêΓûêΓûêΓûêΓûï    | 2540/4500 [35:02<21:41,  1.51it/s]
 56%|ΓûêΓûêΓûêΓûêΓûêΓûï    | 2541/4500 [35:03<23:05,  1.41it/s]
 56%|ΓûêΓûêΓûêΓûêΓûêΓûï    | 2542/4500 [35:04<24:42,  1.32it/s]
 57%|ΓûêΓûêΓûêΓûêΓûêΓûï    | 2543/4500 [35:04<25:03,  1.30it/s]
 57%|ΓûêΓûêΓûêΓûêΓûêΓûï    | 2544/4500 [35:05<25:08,  1.30it/s]
 57%|ΓûêΓûêΓûêΓûêΓûêΓûï    | 2545/4500 [35:06<25:14,  1.29it/s]
 57%|ΓûêΓûêΓûêΓûêΓûêΓûï    | 2546/4500 [35:07<25:23,  1.28it/s]
 57%|ΓûêΓûêΓûêΓûêΓûêΓûï    | 2547/4500 [35:08<24:56,  1.30it/s]
 57%|ΓûêΓûêΓûêΓûêΓûêΓûï    | 2548/4500 [35:08<25:00,  1.30it/s]
 57%|ΓûêΓûêΓûêΓûêΓûêΓûï    | 2549/4500 [35:09<25:13,  1.29it/s]
 57%|ΓûêΓûêΓûêΓûêΓûêΓûï    | 2550/4500 [35:10<26:51,  1.21it/s]
 57%|ΓûêΓûêΓûêΓûêΓûêΓûï    | 2551/4500 [35:11<26:25,  1.23it/s]
 57%|ΓûêΓûêΓûêΓûêΓûêΓûï    | 2552/4500 [35:12<26:17,  1.24it/s]
 57%|ΓûêΓûêΓûêΓûêΓûêΓûï    | 2553/4500 [35:13<26:59,  1.20it/s]
 57%|ΓûêΓûêΓûêΓûêΓûêΓûï    | 2554/4500 [35:13<26:40,  1.22it/s]
 57%|ΓûêΓûêΓûêΓûêΓûêΓûï    | 2555/4500 [35:14<27:38,  1.17it/s]
 57%|ΓûêΓûêΓûêΓûêΓûêΓûï    | 2556/4500 [35:15<29:03,  1.11it/s]
 57%|ΓûêΓûêΓûêΓûêΓûêΓûï    | 2557/4500 [35:16<28:43,  1.13it/s]
 57%|ΓûêΓûêΓûêΓûêΓûêΓûï    | 2558/4500 [35:17<28:37,  1.13it/s]
 57%|ΓûêΓûêΓûêΓûêΓûêΓûï    | 2559/4500 [35:18<28:35,  1.13it/s]
 57%|ΓûêΓûêΓûêΓûêΓûêΓûï    | 2560/4500 [35:19<28:45,  1.12it/s]
 57%|ΓûêΓûêΓûêΓûêΓûêΓûï    | 2561/4500 [35:20<29:26,  1.10it/s]
 57%|ΓûêΓûêΓûêΓûêΓûêΓûï    | 2562/4500 [35:21<30:06,  1.07it/s]
 57%|ΓûêΓûêΓûêΓûêΓûêΓûï    | 2563/4500 [35:22<30:16,  1.07it/s]
 57%|ΓûêΓûêΓûêΓûêΓûêΓûï    | 2564/4500 [35:23<31:10,  1.04it/s]
 57%|ΓûêΓûêΓûêΓûêΓûêΓûï    | 2565/4500 [35:24<30:55,  1.04it/s]
 57%|ΓûêΓûêΓûêΓûêΓûêΓûï    | 2566/4500 [35:25<29:54,  1.08it/s]
 57%|ΓûêΓûêΓûêΓûêΓûêΓûï    | 2567/4500 [35:25<30:04,  1.07it/s]
 57%|ΓûêΓûêΓûêΓûêΓûêΓûï    | 2568/4500 [35:26<30:45,  1.05it/s]
 57%|ΓûêΓûêΓûêΓûêΓûêΓûï    | 2569/4500 [35:27<31:28,  1.02it/s]
 57%|ΓûêΓûêΓûêΓûêΓûêΓûï    | 2570/4500 [35:28<31:28,  1.02it/s]
 57%|ΓûêΓûêΓûêΓûêΓûêΓûï    | 2571/4500 [35:29<31:54,  1.01it/s]
 57%|ΓûêΓûêΓûêΓûêΓûêΓûï    | 2572/4500 [35:30<31:22,  1.02it/s]
 57%|ΓûêΓûêΓûêΓûêΓûêΓûï    | 2573/4500 [35:31<30:32,  1.05it/s]
 57%|ΓûêΓûêΓûêΓûêΓûêΓûï    | 2574/4500 [35:32<30:47,  1.04it/s]
 57%|ΓûêΓûêΓûêΓûêΓûêΓûï    | 2575/4500 [35:33<30:52,  1.04it/s]
 57%|ΓûêΓûêΓûêΓûêΓûêΓûï    | 2576/4500 [35:34<30:37,  1.05it/s]
 57%|ΓûêΓûêΓûêΓûêΓûêΓûï    | 2577/4500 [35:35<30:48,  1.04it/s]
 57%|ΓûêΓûêΓûêΓûêΓûêΓûï    | 2578/4500 [35:36<29:56,  1.07it/s]
 57%|ΓûêΓûêΓûêΓûêΓûêΓûï    | 2579/4500 [35:37<30:16,  1.06it/s]
 57%|ΓûêΓûêΓûêΓûêΓûêΓûï    | 2580/4500 [35:38<30:29,  1.05it/s]
 57%|ΓûêΓûêΓûêΓûêΓûêΓûï    | 2581/4500 [35:39<29:46,  1.07it/s]
 57%|ΓûêΓûêΓûêΓûêΓûêΓûï    | 2582/4500 [35:40<29:58,  1.07it/s]
 57%|ΓûêΓûêΓûêΓûêΓûêΓûï    | 2583/4500 [35:41<29:14,  1.09it/s]
 57%|ΓûêΓûêΓûêΓûêΓûêΓûï    | 2584/4500 [35:42<28:43,  1.11it/s]
 57%|ΓûêΓûêΓûêΓûêΓûêΓûï    | 2585/4500 [35:42<28:17,  1.13it/s]
 57%|ΓûêΓûêΓûêΓûêΓûêΓûï    | 2586/4500 [35:43<28:09,  1.13it/s]
 57%|ΓûêΓûêΓûêΓûêΓûêΓûï    | 2587/4500 [35:44<27:24,  1.16it/s]
 58%|ΓûêΓûêΓûêΓûêΓûêΓûè    | 2588/4500 [35:45<27:42,  1.15it/s]
 58%|ΓûêΓûêΓûêΓûêΓûêΓûè    | 2589/4500 [35:46<26:59,  1.18it/s]
 58%|ΓûêΓûêΓûêΓûêΓûêΓûè    | 2590/4500 [35:47<26:23,  1.21it/s]
 58%|ΓûêΓûêΓûêΓûêΓûêΓûè    | 2591/4500 [35:47<26:34,  1.20it/s]
 58%|ΓûêΓûêΓûêΓûêΓûêΓûè    | 2592/4500 [35:48<26:38,  1.19it/s]
 58%|ΓûêΓûêΓûêΓûêΓûêΓûè    | 2593/4500 [35:49<25:49,  1.23it/s]
 58%|ΓûêΓûêΓûêΓûêΓûêΓûè    | 2594/4500 [35:50<25:25,  1.25it/s]
 58%|ΓûêΓûêΓûêΓûêΓûêΓûè    | 2595/4500 [35:51<25:25,  1.25it/s]
 58%|ΓûêΓûêΓûêΓûêΓûêΓûè    | 2596/4500 [35:51<26:04,  1.22it/s]
 58%|ΓûêΓûêΓûêΓûêΓûêΓûè    | 2597/4500 [35:52<25:57,  1.22it/s]
 58%|ΓûêΓûêΓûêΓûêΓûêΓûè    | 2598/4500 [35:53<25:10,  1.26it/s]
 58%|ΓûêΓûêΓûêΓûêΓûêΓûè    | 2599/4500 [35:54<25:55,  1.22it/s]
 58%|ΓûêΓûêΓûêΓûêΓûêΓûè    | 2600/4500 [35:55<25:48,  1.23it/s]
 58%|ΓûêΓûêΓûêΓûêΓûêΓûè    | 2601/4500 [35:55<24:50,  1.27it/s]
 58%|ΓûêΓûêΓûêΓûêΓûêΓûè    | 2602/4500 [35:56<24:12,  1.31it/s]
 58%|ΓûêΓûêΓûêΓûêΓûêΓûè    | 2603/4500 [35:57<25:19,  1.25it/s]
 58%|ΓûêΓûêΓûêΓûêΓûêΓûè    | 2604/4500 [35:58<25:18,  1.25it/s]
 58%|ΓûêΓûêΓûêΓûêΓûêΓûè    | 2605/4500 [35:59<25:19,  1.25it/s]
 58%|ΓûêΓûêΓûêΓûêΓûêΓûè    | 2606/4500 [35:59<25:08,  1.26it/s]
 58%|ΓûêΓûêΓûêΓûêΓûêΓûè    | 2607/4500 [36:00<25:04,  1.26it/s]
 58%|ΓûêΓûêΓûêΓûêΓûêΓûè    | 2608/4500 [36:01<25:03,  1.26it/s]
 58%|ΓûêΓûêΓûêΓûêΓûêΓûè    | 2609/4500 [36:02<25:55,  1.22it/s]
 58%|ΓûêΓûêΓûêΓûêΓûêΓûè    | 2610/4500 [36:03<25:55,  1.21it/s]
 58%|ΓûêΓûêΓûêΓûêΓûêΓûè    | 2611/4500 [36:03<24:54,  1.26it/s]
 58%|ΓûêΓûêΓûêΓûêΓûêΓûè    | 2612/4500 [36:04<25:37,  1.23it/s]
 58%|ΓûêΓûêΓûêΓûêΓûêΓûè    | 2613/4500 [36:05<25:10,  1.25it/s]
 58%|ΓûêΓûêΓûêΓûêΓûêΓûè    | 2614/4500 [36:06<25:16,  1.24it/s]
 58%|ΓûêΓûêΓûêΓûêΓûêΓûè    | 2615/4500 [36:07<26:39,  1.18it/s]
 58%|ΓûêΓûêΓûêΓûêΓûêΓûè    | 2616/4500 [36:08<27:02,  1.16it/s]
 58%|ΓûêΓûêΓûêΓûêΓûêΓûè    | 2617/4500 [36:08<26:07,  1.20it/s]
 58%|ΓûêΓûêΓûêΓûêΓûêΓûè    | 2618/4500 [36:09<25:42,  1.22it/s]
 58%|ΓûêΓûêΓûêΓûêΓûêΓûè    | 2619/4500 [36:10<25:19,  1.24it/s]
 58%|ΓûêΓûêΓûêΓûêΓûêΓûè    | 2620/4500 [36:11<25:55,  1.21it/s]
 58%|ΓûêΓûêΓûêΓûêΓûêΓûè    | 2621/4500 [36:12<26:15,  1.19it/s]
 58%|ΓûêΓûêΓûêΓûêΓûêΓûè    | 2622/4500 [36:13<26:31,  1.18it/s]
 58%|ΓûêΓûêΓûêΓûêΓûêΓûè    | 2623/4500 [36:13<25:46,  1.21it/s]
 58%|ΓûêΓûêΓûêΓûêΓûêΓûè    | 2624/4500 [36:14<25:53,  1.21it/s]
 58%|ΓûêΓûêΓûêΓûêΓûêΓûè    | 2625/4500 [36:15<26:36,  1.17it/s]
 58%|ΓûêΓûêΓûêΓûêΓûêΓûè    | 2626/4500 [36:16<26:00,  1.20it/s]
 58%|ΓûêΓûêΓûêΓûêΓûêΓûè    | 2627/4500 [36:17<25:49,  1.21it/s]
 58%|ΓûêΓûêΓûêΓûêΓûêΓûè    | 2628/4500 [36:18<25:28,  1.23it/s]
 58%|ΓûêΓûêΓûêΓûêΓûêΓûè    | 2629/4500 [36:18<25:22,  1.23it/s]
 58%|ΓûêΓûêΓûêΓûêΓûêΓûè    | 2630/4500 [36:19<24:14,  1.29it/s]
 58%|ΓûêΓûêΓûêΓûêΓûêΓûè    | 2631/4500 [36:20<23:45,  1.31it/s]
 58%|ΓûêΓûêΓûêΓûêΓûêΓûè    | 2632/4500 [36:21<25:08,  1.24it/s]
 59%|ΓûêΓûêΓûêΓûêΓûêΓûè    | 2633/4500 [36:21<24:49,  1.25it/s]
 59%|ΓûêΓûêΓûêΓûêΓûêΓûè    | 2634/4500 [36:22<24:40,  1.26it/s]
 59%|ΓûêΓûêΓûêΓûêΓûêΓûè    | 2635/4500 [36:23<23:46,  1.31it/s]
 59%|ΓûêΓûêΓûêΓûêΓûêΓûè    | 2636/4500 [36:24<23:58,  1.30it/s]
 59%|ΓûêΓûêΓûêΓûêΓûêΓûè    | 2637/4500 [36:25<24:18,  1.28it/s]
 59%|ΓûêΓûêΓûêΓûêΓûêΓûè    | 2638/4500 [36:25<23:40,  1.31it/s]
 59%|ΓûêΓûêΓûêΓûêΓûêΓûè    | 2639/4500 [36:26<23:49,  1.30it/s]
 59%|ΓûêΓûêΓûêΓûêΓûêΓûè    | 2640/4500 [36:27<23:35,  1.31it/s]
 59%|ΓûêΓûêΓûêΓûêΓûêΓûè    | 2641/4500 [36:28<23:41,  1.31it/s]
 59%|ΓûêΓûêΓûêΓûêΓûêΓûè    | 2642/4500 [36:28<23:49,  1.30it/s]
 59%|ΓûêΓûêΓûêΓûêΓûêΓûè    | 2643/4500 [36:29<23:10,  1.34it/s]
 59%|ΓûêΓûêΓûêΓûêΓûêΓûë    | 2644/4500 [36:30<24:30,  1.26it/s]
 59%|ΓûêΓûêΓûêΓûêΓûêΓûë    | 2645/4500 [36:31<25:11,  1.23it/s]
 59%|ΓûêΓûêΓûêΓûêΓûêΓûë    | 2646/4500 [36:32<26:19,  1.17it/s]
 59%|ΓûêΓûêΓûêΓûêΓûêΓûë    | 2647/4500 [36:33<28:04,  1.10it/s]
 59%|ΓûêΓûêΓûêΓûêΓûêΓûë    | 2648/4500 [36:34<28:25,  1.09it/s]
 59%|ΓûêΓûêΓûêΓûêΓûêΓûë    | 2649/4500 [36:35<28:49,  1.07it/s]
 59%|ΓûêΓûêΓûêΓûêΓûêΓûë    | 2650/4500 [36:36<28:31,  1.08it/s]
 59%|ΓûêΓûêΓûêΓûêΓûêΓûë    | 2651/4500 [36:36<28:02,  1.10it/s]
 59%|ΓûêΓûêΓûêΓûêΓûêΓûë    | 2652/4500 [36:37<27:20,  1.13it/s]
 59%|ΓûêΓûêΓûêΓûêΓûêΓûë    | 2653/4500 [36:38<27:04,  1.14it/s]
 59%|ΓûêΓûêΓûêΓûêΓûêΓûë    | 2654/4500 [36:39<27:35,  1.11it/s]
 59%|ΓûêΓûêΓûêΓûêΓûêΓûë    | 2655/4500 [36:40<27:36,  1.11it/s]
 59%|ΓûêΓûêΓûêΓûêΓûêΓûë    | 2656/4500 [36:41<27:24,  1.12it/s]
 59%|ΓûêΓûêΓûêΓûêΓûêΓûë    | 2657/4500 [36:42<27:55,  1.10it/s]
 59%|ΓûêΓûêΓûêΓûêΓûêΓûë    | 2658/4500 [36:43<28:12,  1.09it/s]
 59%|ΓûêΓûêΓûêΓûêΓûêΓûë    | 2659/4500 [36:44<27:29,  1.12it/s]
 59%|ΓûêΓûêΓûêΓûêΓûêΓûë    | 2660/4500 [36:44<27:15,  1.12it/s]
 59%|ΓûêΓûêΓûêΓûêΓûêΓûë    | 2661/4500 [36:45<27:30,  1.11it/s]
 59%|ΓûêΓûêΓûêΓûêΓûêΓûë    | 2662/4500 [36:46<28:25,  1.08it/s]
 59%|ΓûêΓûêΓûêΓûêΓûêΓûë    | 2663/4500 [36:47<27:42,  1.10it/s]
 59%|ΓûêΓûêΓûêΓûêΓûêΓûë    | 2664/4500 [36:48<27:30,  1.11it/s]
 59%|ΓûêΓûêΓûêΓûêΓûêΓûë    | 2665/4500 [36:49<26:13,  1.17it/s]
 59%|ΓûêΓûêΓûêΓûêΓûêΓûë    | 2666/4500 [36:50<25:55,  1.18it/s]
 59%|ΓûêΓûêΓûêΓûêΓûêΓûë    | 2667/4500 [36:51<26:24,  1.16it/s]
 59%|ΓûêΓûêΓûêΓûêΓûêΓûë    | 2668/4500 [36:51<26:24,  1.16it/s]
 59%|ΓûêΓûêΓûêΓûêΓûêΓûë    | 2669/4500 [36:52<27:03,  1.13it/s]
 59%|ΓûêΓûêΓûêΓûêΓûêΓûë    | 2670/4500 [36:53<25:55,  1.18it/s]
 59%|ΓûêΓûêΓûêΓûêΓûêΓûë    | 2671/4500 [36:54<26:04,  1.17it/s]
 59%|ΓûêΓûêΓûêΓûêΓûêΓûë    | 2672/4500 [36:55<26:41,  1.14it/s]
 59%|ΓûêΓûêΓûêΓûêΓûêΓûë    | 2673/4500 [36:56<25:42,  1.18it/s]
 59%|ΓûêΓûêΓûêΓûêΓûêΓûë    | 2674/4500 [36:57<25:55,  1.17it/s]
 59%|ΓûêΓûêΓûêΓûêΓûêΓûë    | 2675/4500 [36:58<26:45,  1.14it/s]
 59%|ΓûêΓûêΓûêΓûêΓûêΓûë    | 2676/4500 [36:58<26:27,  1.15it/s]
 59%|ΓûêΓûêΓûêΓûêΓûêΓûë    | 2677/4500 [36:59<26:16,  1.16it/s]
 60%|ΓûêΓûêΓûêΓûêΓûêΓûë    | 2678/4500 [37:00<26:35,  1.14it/s]
 60%|ΓûêΓûêΓûêΓûêΓûêΓûë    | 2679/4500 [37:01<25:42,  1.18it/s]
 60%|ΓûêΓûêΓûêΓûêΓûêΓûë    | 2680/4500 [37:02<25:00,  1.21it/s]
 60%|ΓûêΓûêΓûêΓûêΓûêΓûë    | 2681/4500 [37:03<24:31,  1.24it/s]
 60%|ΓûêΓûêΓûêΓûêΓûêΓûë    | 2682/4500 [37:03<25:01,  1.21it/s]
 60%|ΓûêΓûêΓûêΓûêΓûêΓûë    | 2683/4500 [37:04<24:48,  1.22it/s]
 60%|ΓûêΓûêΓûêΓûêΓûêΓûë    | 2684/4500 [37:05<24:41,  1.23it/s]
 60%|ΓûêΓûêΓûêΓûêΓûêΓûë    | 2685/4500 [37:06<24:50,  1.22it/s]
 60%|ΓûêΓûêΓûêΓûêΓûêΓûë    | 2686/4500 [37:07<25:48,  1.17it/s]
 60%|ΓûêΓûêΓûêΓûêΓûêΓûë    | 2687/4500 [37:08<26:39,  1.13it/s]
 60%|ΓûêΓûêΓûêΓûêΓûêΓûë    | 2688/4500 [37:09<26:41,  1.13it/s]
 60%|ΓûêΓûêΓûêΓûêΓûêΓûë    | 2689/4500 [37:10<27:21,  1.10it/s]
 60%|ΓûêΓûêΓûêΓûêΓûêΓûë    | 2690/4500 [37:10<26:03,  1.16it/s]
 60%|ΓûêΓûêΓûêΓûêΓûêΓûë    | 2691/4500 [37:11<25:47,  1.17it/s]
 60%|ΓûêΓûêΓûêΓûêΓûêΓûë    | 2692/4500 [37:12<25:50,  1.17it/s]
 60%|ΓûêΓûêΓûêΓûêΓûêΓûë    | 2693/4500 [37:13<24:59,  1.20it/s]
 60%|ΓûêΓûêΓûêΓûêΓûêΓûë    | 2694/4500 [37:14<25:10,  1.20it/s]
 60%|ΓûêΓûêΓûêΓûêΓûêΓûë    | 2695/4500 [37:15<25:36,  1.17it/s]
 60%|ΓûêΓûêΓûêΓûêΓûêΓûë    | 2696/4500 [37:15<24:58,  1.20it/s]
 60%|ΓûêΓûêΓûêΓûêΓûêΓûë    | 2697/4500 [37:16<26:17,  1.14it/s]
 60%|ΓûêΓûêΓûêΓûêΓûêΓûë    | 2698/4500 [37:17<25:30,  1.18it/s]
 60%|ΓûêΓûêΓûêΓûêΓûêΓûë    | 2699/4500 [37:18<25:39,  1.17it/s]
 60%|ΓûêΓûêΓûêΓûêΓûêΓûê    | 2700/4500 [37:19<24:50,  1.21it/s]
 60%|ΓûêΓûêΓûêΓûêΓûêΓûê    | 2701/4500 [37:20<25:47,  1.16it/s]
 60%|ΓûêΓûêΓûêΓûêΓûêΓûê    | 2702/4500 [37:20<25:05,  1.19it/s]
 60%|ΓûêΓûêΓûêΓûêΓûêΓûê    | 2703/4500 [37:21<25:23,  1.18it/s]
 60%|ΓûêΓûêΓûêΓûêΓûêΓûê    | 2704/4500 [37:22<25:40,  1.17it/s]
 60%|ΓûêΓûêΓûêΓûêΓûêΓûê    | 2705/4500 [37:23<26:09,  1.14it/s]
 60%|ΓûêΓûêΓûêΓûêΓûêΓûê    | 2706/4500 [37:24<28:11,  1.06it/s]
 60%|ΓûêΓûêΓûêΓûêΓûêΓûê    | 2707/4500 [37:25<27:59,  1.07it/s]
 60%|ΓûêΓûêΓûêΓûêΓûêΓûê    | 2708/4500 [37:26<28:05,  1.06it/s]
 60%|ΓûêΓûêΓûêΓûêΓûêΓûê    | 2709/4500 [37:27<26:32,  1.12it/s]
 60%|ΓûêΓûêΓûêΓûêΓûêΓûê    | 2710/4500 [37:28<26:12,  1.14it/s]
 60%|ΓûêΓûêΓûêΓûêΓûêΓûê    | 2711/4500 [37:29<26:06,  1.14it/s]
 60%|ΓûêΓûêΓûêΓûêΓûêΓûê    | 2712/4500 [37:29<25:52,  1.15it/s]
 60%|ΓûêΓûêΓûêΓûêΓûêΓûê    | 2713/4500 [37:30<25:17,  1.18it/s]
 60%|ΓûêΓûêΓûêΓûêΓûêΓûê    | 2714/4500 [37:31<25:26,  1.17it/s]
 60%|ΓûêΓûêΓûêΓûêΓûêΓûê    | 2715/4500 [37:32<26:11,  1.14it/s]
 60%|ΓûêΓûêΓûêΓûêΓûêΓûê    | 2716/4500 [37:33<26:03,  1.14it/s]
 60%|ΓûêΓûêΓûêΓûêΓûêΓûê    | 2717/4500 [37:34<25:04,  1.19it/s]
 60%|ΓûêΓûêΓûêΓûêΓûêΓûê    | 2718/4500 [37:35<25:56,  1.14it/s]
 60%|ΓûêΓûêΓûêΓûêΓûêΓûê    | 2719/4500 [37:35<25:54,  1.15it/s]
 60%|ΓûêΓûêΓûêΓûêΓûêΓûê    | 2720/4500 [37:36<26:34,  1.12it/s]
 60%|ΓûêΓûêΓûêΓûêΓûêΓûê    | 2721/4500 [37:37<26:58,  1.10it/s]
 60%|ΓûêΓûêΓûêΓûêΓûêΓûê    | 2722/4500 [37:38<26:54,  1.10it/s]
 61%|ΓûêΓûêΓûêΓûêΓûêΓûê    | 2723/4500 [37:39<25:44,  1.15it/s]
 61%|ΓûêΓûêΓûêΓûêΓûêΓûê    | 2724/4500 [37:40<24:13,  1.22it/s]
 61%|ΓûêΓûêΓûêΓûêΓûêΓûê    | 2725/4500 [37:41<24:40,  1.20it/s]
 61%|ΓûêΓûêΓûêΓûêΓûêΓûê    | 2726/4500 [37:41<24:42,  1.20it/s]
 61%|ΓûêΓûêΓûêΓûêΓûêΓûê    | 2727/4500 [37:42<23:35,  1.25it/s]
 61%|ΓûêΓûêΓûêΓûêΓûêΓûê    | 2728/4500 [37:43<23:33,  1.25it/s]
 61%|ΓûêΓûêΓûêΓûêΓûêΓûê    | 2729/4500 [37:44<24:04,  1.23it/s]
 61%|ΓûêΓûêΓûêΓûêΓûêΓûê    | 2730/4500 [37:44<23:00,  1.28it/s]
 61%|ΓûêΓûêΓûêΓûêΓûêΓûê    | 2731/4500 [37:45<22:23,  1.32it/s]
 61%|ΓûêΓûêΓûêΓûêΓûêΓûê    | 2732/4500 [37:46<23:01,  1.28it/s]
 61%|ΓûêΓûêΓûêΓûêΓûêΓûê    | 2733/4500 [37:47<23:03,  1.28it/s]
 61%|ΓûêΓûêΓûêΓûêΓûêΓûê    | 2734/4500 [37:48<22:25,  1.31it/s]
 61%|ΓûêΓûêΓûêΓûêΓûêΓûê    | 2735/4500 [37:48<22:48,  1.29it/s]
 61%|ΓûêΓûêΓûêΓûêΓûêΓûê    | 2736/4500 [37:49<23:42,  1.24it/s]
 61%|ΓûêΓûêΓûêΓûêΓûêΓûê    | 2737/4500 [37:50<24:07,  1.22it/s]
 61%|ΓûêΓûêΓûêΓûêΓûêΓûê    | 2738/4500 [37:51<24:36,  1.19it/s]
 61%|ΓûêΓûêΓûêΓûêΓûêΓûê    | 2739/4500 [37:52<24:04,  1.22it/s]
 61%|ΓûêΓûêΓûêΓûêΓûêΓûê    | 2740/4500 [37:53<24:21,  1.20it/s]
 61%|ΓûêΓûêΓûêΓûêΓûêΓûê    | 2741/4500 [37:53<23:31,  1.25it/s]
 61%|ΓûêΓûêΓûêΓûêΓûêΓûê    | 2742/4500 [37:54<23:07,  1.27it/s]
 61%|ΓûêΓûêΓûêΓûêΓûêΓûê    | 2743/4500 [37:55<23:26,  1.25it/s]
 61%|ΓûêΓûêΓûêΓûêΓûêΓûê    | 2744/4500 [37:56<23:25,  1.25it/s]
 61%|ΓûêΓûêΓûêΓûêΓûêΓûê    | 2745/4500 [37:56<23:12,  1.26it/s]
 61%|ΓûêΓûêΓûêΓûêΓûêΓûê    | 2746/4500 [37:57<23:04,  1.27it/s]
 61%|ΓûêΓûêΓûêΓûêΓûêΓûê    | 2747/4500 [37:58<23:45,  1.23it/s]
 61%|ΓûêΓûêΓûêΓûêΓûêΓûê    | 2748/4500 [37:59<22:59,  1.27it/s]
 61%|ΓûêΓûêΓûêΓûêΓûêΓûê    | 2749/4500 [38:00<23:20,  1.25it/s]
 61%|ΓûêΓûêΓûêΓûêΓûêΓûê    | 2750/4500 [38:00<22:40,  1.29it/s]
 61%|ΓûêΓûêΓûêΓûêΓûêΓûê    | 2751/4500 [38:01<23:35,  1.24it/s]
 61%|ΓûêΓûêΓûêΓûêΓûêΓûê    | 2752/4500 [38:02<24:15,  1.20it/s]
 61%|ΓûêΓûêΓûêΓûêΓûêΓûê    | 2753/4500 [38:03<23:24,  1.24it/s]
 61%|ΓûêΓûêΓûêΓûêΓûêΓûê    | 2754/4500 [38:04<24:23,  1.19it/s]
 61%|ΓûêΓûêΓûêΓûêΓûêΓûê    | 2755/4500 [38:05<24:54,  1.17it/s]
 61%|ΓûêΓûêΓûêΓûêΓûêΓûê    | 2756/4500 [38:06<25:35,  1.14it/s]
 61%|ΓûêΓûêΓûêΓûêΓûêΓûêΓûÅ   | 2757/4500 [38:06<24:40,  1.18it/s]
 61%|ΓûêΓûêΓûêΓûêΓûêΓûêΓûÅ   | 2758/4500 [38:07<24:11,  1.20it/s]
 61%|ΓûêΓûêΓûêΓûêΓûêΓûêΓûÅ   | 2759/4500 [38:08<24:05,  1.20it/s]
 61%|ΓûêΓûêΓûêΓûêΓûêΓûêΓûÅ   | 2760/4500 [38:09<24:20,  1.19it/s]
 61%|ΓûêΓûêΓûêΓûêΓûêΓûêΓûÅ   | 2761/4500 [38:10<24:42,  1.17it/s]
 61%|ΓûêΓûêΓûêΓûêΓûêΓûêΓûÅ   | 2762/4500 [38:11<23:57,  1.21it/s]
 61%|ΓûêΓûêΓûêΓûêΓûêΓûêΓûÅ   | 2763/4500 [38:11<23:43,  1.22it/s]
 61%|ΓûêΓûêΓûêΓûêΓûêΓûêΓûÅ   | 2764/4500 [38:12<23:11,  1.25it/s]
 61%|ΓûêΓûêΓûêΓûêΓûêΓûêΓûÅ   | 2765/4500 [38:13<24:03,  1.20it/s]
 61%|ΓûêΓûêΓûêΓûêΓûêΓûêΓûÅ   | 2766/4500 [38:14<24:46,  1.17it/s]
 61%|ΓûêΓûêΓûêΓûêΓûêΓûêΓûÅ   | 2767/4500 [38:15<24:21,  1.19it/s]
 62%|ΓûêΓûêΓûêΓûêΓûêΓûêΓûÅ   | 2768/4500 [38:16<23:28,  1.23it/s]
 62%|ΓûêΓûêΓûêΓûêΓûêΓûêΓûÅ   | 2769/4500 [38:16<22:46,  1.27it/s]
 62%|ΓûêΓûêΓûêΓûêΓûêΓûêΓûÅ   | 2770/4500 [38:17<22:26,  1.29it/s]
 62%|ΓûêΓûêΓûêΓûêΓûêΓûêΓûÅ   | 2771/4500 [38:18<22:40,  1.27it/s]
 62%|ΓûêΓûêΓûêΓûêΓûêΓûêΓûÅ   | 2772/4500 [38:19<22:53,  1.26it/s]
 62%|ΓûêΓûêΓûêΓûêΓûêΓûêΓûÅ   | 2773/4500 [38:20<23:33,  1.22it/s]
 62%|ΓûêΓûêΓûêΓûêΓûêΓûêΓûÅ   | 2774/4500 [38:20<24:51,  1.16it/s]
 62%|ΓûêΓûêΓûêΓûêΓûêΓûêΓûÅ   | 2775/4500 [38:21<25:50,  1.11it/s]
 62%|ΓûêΓûêΓûêΓûêΓûêΓûêΓûÅ   | 2776/4500 [38:22<25:34,  1.12it/s]
 62%|ΓûêΓûêΓûêΓûêΓûêΓûêΓûÅ   | 2777/4500 [38:23<25:29,  1.13it/s]
 62%|ΓûêΓûêΓûêΓûêΓûêΓûêΓûÅ   | 2778/4500 [38:24<26:07,  1.10it/s]
 62%|ΓûêΓûêΓûêΓûêΓûêΓûêΓûÅ   | 2779/4500 [38:25<25:12,  1.14it/s]
 62%|ΓûêΓûêΓûêΓûêΓûêΓûêΓûÅ   | 2780/4500 [38:26<25:12,  1.14it/s]
 62%|ΓûêΓûêΓûêΓûêΓûêΓûêΓûÅ   | 2781/4500 [38:27<25:16,  1.13it/s]
 62%|ΓûêΓûêΓûêΓûêΓûêΓûêΓûÅ   | 2782/4500 [38:28<26:00,  1.10it/s]
 62%|ΓûêΓûêΓûêΓûêΓûêΓûêΓûÅ   | 2783/4500 [38:29<25:51,  1.11it/s]
 62%|ΓûêΓûêΓûêΓûêΓûêΓûêΓûÅ   | 2784/4500 [38:29<24:44,  1.16it/s]
 62%|ΓûêΓûêΓûêΓûêΓûêΓûêΓûÅ   | 2785/4500 [38:30<24:00,  1.19it/s]
 62%|ΓûêΓûêΓûêΓûêΓûêΓûêΓûÅ   | 2786/4500 [38:31<25:14,  1.13it/s]
 62%|ΓûêΓûêΓûêΓûêΓûêΓûêΓûÅ   | 2787/4500 [38:32<24:23,  1.17it/s]
 62%|ΓûêΓûêΓûêΓûêΓûêΓûêΓûÅ   | 2788/4500 [38:33<24:55,  1.14it/s]
 62%|ΓûêΓûêΓûêΓûêΓûêΓûêΓûÅ   | 2789/4500 [38:34<24:34,  1.16it/s]
 62%|ΓûêΓûêΓûêΓûêΓûêΓûêΓûÅ   | 2790/4500 [38:35<24:29,  1.16it/s]
 62%|ΓûêΓûêΓûêΓûêΓûêΓûêΓûÅ   | 2791/4500 [38:35<24:59,  1.14it/s]
 62%|ΓûêΓûêΓûêΓûêΓûêΓûêΓûÅ   | 2792/4500 [38:36<24:33,  1.16it/s]
 62%|ΓûêΓûêΓûêΓûêΓûêΓûêΓûÅ   | 2793/4500 [38:37<24:49,  1.15it/s]
 62%|ΓûêΓûêΓûêΓûêΓûêΓûêΓûÅ   | 2794/4500 [38:38<25:16,  1.12it/s]
 62%|ΓûêΓûêΓûêΓûêΓûêΓûêΓûÅ   | 2795/4500 [38:39<24:49,  1.14it/s]
 62%|ΓûêΓûêΓûêΓûêΓûêΓûêΓûÅ   | 2796/4500 [38:40<24:05,  1.18it/s]
 62%|ΓûêΓûêΓûêΓûêΓûêΓûêΓûÅ   | 2797/4500 [38:41<25:03,  1.13it/s]
 62%|ΓûêΓûêΓûêΓûêΓûêΓûêΓûÅ   | 2798/4500 [38:42<25:48,  1.10it/s]
 62%|ΓûêΓûêΓûêΓûêΓûêΓûêΓûÅ   | 2799/4500 [38:42<24:58,  1.14it/s]
 62%|ΓûêΓûêΓûêΓûêΓûêΓûêΓûÅ   | 2800/4500 [38:43<25:57,  1.09it/s]
 62%|ΓûêΓûêΓûêΓûêΓûêΓûêΓûÅ   | 2801/4500 [38:44<25:43,  1.10it/s]
 62%|ΓûêΓûêΓûêΓûêΓûêΓûêΓûÅ   | 2802/4500 [38:45<24:48,  1.14it/s]
 62%|ΓûêΓûêΓûêΓûêΓûêΓûêΓûÅ   | 2803/4500 [38:46<23:57,  1.18it/s]
 62%|ΓûêΓûêΓûêΓûêΓûêΓûêΓûÅ   | 2804/4500 [38:47<24:12,  1.17it/s]
 62%|ΓûêΓûêΓûêΓûêΓûêΓûêΓûÅ   | 2805/4500 [38:48<24:46,  1.14it/s]
 62%|ΓûêΓûêΓûêΓûêΓûêΓûêΓûÅ   | 2806/4500 [38:49<24:34,  1.15it/s]
 62%|ΓûêΓûêΓûêΓûêΓûêΓûêΓûÅ   | 2807/4500 [38:49<23:54,  1.18it/s]
 62%|ΓûêΓûêΓûêΓûêΓûêΓûêΓûÅ   | 2808/4500 [38:50<24:13,  1.16it/s]
 62%|ΓûêΓûêΓûêΓûêΓûêΓûêΓûÅ   | 2809/4500 [38:51<24:28,  1.15it/s]
 62%|ΓûêΓûêΓûêΓûêΓûêΓûêΓûÅ   | 2810/4500 [38:52<24:40,  1.14it/s]
 62%|ΓûêΓûêΓûêΓûêΓûêΓûêΓûÅ   | 2811/4500 [38:53<25:40,  1.10it/s]
 62%|ΓûêΓûêΓûêΓûêΓûêΓûêΓûÅ   | 2812/4500 [38:54<25:05,  1.12it/s]
 63%|ΓûêΓûêΓûêΓûêΓûêΓûêΓûÄ   | 2813/4500 [38:55<24:59,  1.13it/s]
 63%|ΓûêΓûêΓûêΓûêΓûêΓûêΓûÄ   | 2814/4500 [38:56<24:49,  1.13it/s]
 63%|ΓûêΓûêΓûêΓûêΓûêΓûêΓûÄ   | 2815/4500 [38:57<24:41,  1.14it/s]
 63%|ΓûêΓûêΓûêΓûêΓûêΓûêΓûÄ   | 2816/4500 [38:58<25:34,  1.10it/s]
 63%|ΓûêΓûêΓûêΓûêΓûêΓûêΓûÄ   | 2817/4500 [38:58<25:23,  1.10it/s]
 63%|ΓûêΓûêΓûêΓûêΓûêΓûêΓûÄ   | 2818/4500 [38:59<24:03,  1.16it/s]
 63%|ΓûêΓûêΓûêΓûêΓûêΓûêΓûÄ   | 2819/4500 [39:00<24:13,  1.16it/s]
 63%|ΓûêΓûêΓûêΓûêΓûêΓûêΓûÄ   | 2820/4500 [39:01<22:57,  1.22it/s]
 63%|ΓûêΓûêΓûêΓûêΓûêΓûêΓûÄ   | 2821/4500 [39:02<22:40,  1.23it/s]
 63%|ΓûêΓûêΓûêΓûêΓûêΓûêΓûÄ   | 2822/4500 [39:02<22:16,  1.26it/s]
 63%|ΓûêΓûêΓûêΓûêΓûêΓûêΓûÄ   | 2823/4500 [39:03<22:27,  1.24it/s]
 63%|ΓûêΓûêΓûêΓûêΓûêΓûêΓûÄ   | 2824/4500 [39:04<21:43,  1.29it/s]
 63%|ΓûêΓûêΓûêΓûêΓûêΓûêΓûÄ   | 2825/4500 [39:05<23:03,  1.21it/s]
 63%|ΓûêΓûêΓûêΓûêΓûêΓûêΓûÄ   | 2826/4500 [39:06<23:03,  1.21it/s]
 63%|ΓûêΓûêΓûêΓûêΓûêΓûêΓûÄ   | 2827/4500 [39:06<23:06,  1.21it/s]
 63%|ΓûêΓûêΓûêΓûêΓûêΓûêΓûÄ   | 2828/4500 [39:07<22:47,  1.22it/s]
 63%|ΓûêΓûêΓûêΓûêΓûêΓûêΓûÄ   | 2829/4500 [39:08<22:59,  1.21it/s]
 63%|ΓûêΓûêΓûêΓûêΓûêΓûêΓûÄ   | 2830/4500 [39:09<22:42,  1.23it/s]
 63%|ΓûêΓûêΓûêΓûêΓûêΓûêΓûÄ   | 2831/4500 [39:10<22:50,  1.22it/s]
 63%|ΓûêΓûêΓûêΓûêΓûêΓûêΓûÄ   | 2832/4500 [39:11<23:15,  1.20it/s]
 63%|ΓûêΓûêΓûêΓûêΓûêΓûêΓûÄ   | 2833/4500 [39:11<23:38,  1.17it/s]
 63%|ΓûêΓûêΓûêΓûêΓûêΓûêΓûÄ   | 2834/4500 [39:12<23:37,  1.17it/s]
 63%|ΓûêΓûêΓûêΓûêΓûêΓûêΓûÄ   | 2835/4500 [39:13<22:51,  1.21it/s]
 63%|ΓûêΓûêΓûêΓûêΓûêΓûêΓûÄ   | 2836/4500 [39:14<22:48,  1.22it/s]
 63%|ΓûêΓûêΓûêΓûêΓûêΓûêΓûÄ   | 2837/4500 [39:15<22:38,  1.22it/s]
 63%|ΓûêΓûêΓûêΓûêΓûêΓûêΓûÄ   | 2838/4500 [39:16<22:25,  1.24it/s]
 63%|ΓûêΓûêΓûêΓûêΓûêΓûêΓûÄ   | 2839/4500 [39:16<21:34,  1.28it/s]
 63%|ΓûêΓûêΓûêΓûêΓûêΓûêΓûÄ   | 2840/4500 [39:17<20:56,  1.32it/s]
 63%|ΓûêΓûêΓûêΓûêΓûêΓûêΓûÄ   | 2841/4500 [39:18<20:32,  1.35it/s]
 63%|ΓûêΓûêΓûêΓûêΓûêΓûêΓûÄ   | 2842/4500 [39:18<20:10,  1.37it/s]
 63%|ΓûêΓûêΓûêΓûêΓûêΓûêΓûÄ   | 2843/4500 [39:19<21:07,  1.31it/s]
 63%|ΓûêΓûêΓûêΓûêΓûêΓûêΓûÄ   | 2844/4500 [39:20<21:57,  1.26it/s]
 63%|ΓûêΓûêΓûêΓûêΓûêΓûêΓûÄ   | 2845/4500 [39:21<21:27,  1.29it/s]
 63%|ΓûêΓûêΓûêΓûêΓûêΓûêΓûÄ   | 2846/4500 [39:22<21:18,  1.29it/s]
 63%|ΓûêΓûêΓûêΓûêΓûêΓûêΓûÄ   | 2847/4500 [39:22<21:24,  1.29it/s]
 63%|ΓûêΓûêΓûêΓûêΓûêΓûêΓûÄ   | 2848/4500 [39:23<21:31,  1.28it/s]
 63%|ΓûêΓûêΓûêΓûêΓûêΓûêΓûÄ   | 2849/4500 [39:24<21:25,  1.28it/s]
 63%|ΓûêΓûêΓûêΓûêΓûêΓûêΓûÄ   | 2850/4500 [39:25<21:59,  1.25it/s]
 63%|ΓûêΓûêΓûêΓûêΓûêΓûêΓûÄ   | 2851/4500 [39:26<22:16,  1.23it/s]
 63%|ΓûêΓûêΓûêΓûêΓûêΓûêΓûÄ   | 2852/4500 [39:26<22:08,  1.24it/s]
 63%|ΓûêΓûêΓûêΓûêΓûêΓûêΓûÄ   | 2853/4500 [39:27<21:14,  1.29it/s]
 63%|ΓûêΓûêΓûêΓûêΓûêΓûêΓûÄ   | 2854/4500 [39:28<21:51,  1.25it/s]
 63%|ΓûêΓûêΓûêΓûêΓûêΓûêΓûÄ   | 2855/4500 [39:29<21:48,  1.26it/s]
 63%|ΓûêΓûêΓûêΓûêΓûêΓûêΓûÄ   | 2856/4500 [39:29<21:08,  1.30it/s]
 63%|ΓûêΓûêΓûêΓûêΓûêΓûêΓûÄ   | 2857/4500 [39:30<21:43,  1.26it/s]
 64%|ΓûêΓûêΓûêΓûêΓûêΓûêΓûÄ   | 2858/4500 [39:31<22:19,  1.23it/s]
 64%|ΓûêΓûêΓûêΓûêΓûêΓûêΓûÄ   | 2859/4500 [39:32<22:41,  1.21it/s]
 64%|ΓûêΓûêΓûêΓûêΓûêΓûêΓûÄ   | 2860/4500 [39:33<23:29,  1.16it/s]
 64%|ΓûêΓûêΓûêΓûêΓûêΓûêΓûÄ   | 2861/4500 [39:34<23:06,  1.18it/s]
 64%|ΓûêΓûêΓûêΓûêΓûêΓûêΓûÄ   | 2862/4500 [39:35<23:17,  1.17it/s]
 64%|ΓûêΓûêΓûêΓûêΓûêΓûêΓûÄ   | 2863/4500 [39:35<22:07,  1.23it/s]
 64%|ΓûêΓûêΓûêΓûêΓûêΓûêΓûÄ   | 2864/4500 [39:36<22:17,  1.22it/s]
 64%|ΓûêΓûêΓûêΓûêΓûêΓûêΓûÄ   | 2865/4500 [39:37<22:08,  1.23it/s]
 64%|ΓûêΓûêΓûêΓûêΓûêΓûêΓûÄ   | 2866/4500 [39:38<22:25,  1.21it/s]
 64%|ΓûêΓûêΓûêΓûêΓûêΓûêΓûÄ   | 2867/4500 [39:39<22:52,  1.19it/s]
 64%|ΓûêΓûêΓûêΓûêΓûêΓûêΓûÄ   | 2868/4500 [39:40<23:23,  1.16it/s]
 64%|ΓûêΓûêΓûêΓûêΓûêΓûêΓûì   | 2869/4500 [39:40<23:32,  1.15it/s]
 64%|ΓûêΓûêΓûêΓûêΓûêΓûêΓûì   | 2870/4500 [39:41<23:34,  1.15it/s]
 64%|ΓûêΓûêΓûêΓûêΓûêΓûêΓûì   | 2871/4500 [39:42<23:11,  1.17it/s]
 64%|ΓûêΓûêΓûêΓûêΓûêΓûêΓûì   | 2872/4500 [39:43<23:47,  1.14it/s]
 64%|ΓûêΓûêΓûêΓûêΓûêΓûêΓûì   | 2873/4500 [39:44<23:17,  1.16it/s]
 64%|ΓûêΓûêΓûêΓûêΓûêΓûêΓûì   | 2874/4500 [39:45<23:04,  1.17it/s]
 64%|ΓûêΓûêΓûêΓûêΓûêΓûêΓûì   | 2875/4500 [39:45<22:11,  1.22it/s]
 64%|ΓûêΓûêΓûêΓûêΓûêΓûêΓûì   | 2876/4500 [39:46<22:46,  1.19it/s]
 64%|ΓûêΓûêΓûêΓûêΓûêΓûêΓûì   | 2877/4500 [39:47<23:13,  1.16it/s]
 64%|ΓûêΓûêΓûêΓûêΓûêΓûêΓûì   | 2878/4500 [39:48<22:56,  1.18it/s]
 64%|ΓûêΓûêΓûêΓûêΓûêΓûêΓûì   | 2879/4500 [39:49<23:19,  1.16it/s]
 64%|ΓûêΓûêΓûêΓûêΓûêΓûêΓûì   | 2880/4500 [39:50<24:27,  1.10it/s]
 64%|ΓûêΓûêΓûêΓûêΓûêΓûêΓûì   | 2881/4500 [39:51<24:18,  1.11it/s]
 64%|ΓûêΓûêΓûêΓûêΓûêΓûêΓûì   | 2882/4500 [39:52<24:11,  1.11it/s]
 64%|ΓûêΓûêΓûêΓûêΓûêΓûêΓûì   | 2883/4500 [39:53<23:39,  1.14it/s]
 64%|ΓûêΓûêΓûêΓûêΓûêΓûêΓûì   | 2884/4500 [39:54<23:59,  1.12it/s]
 64%|ΓûêΓûêΓûêΓûêΓûêΓûêΓûì   | 2885/4500 [39:54<24:18,  1.11it/s]
 64%|ΓûêΓûêΓûêΓûêΓûêΓûêΓûì   | 2886/4500 [39:55<23:44,  1.13it/s]
 64%|ΓûêΓûêΓûêΓûêΓûêΓûêΓûì   | 2887/4500 [39:56<23:22,  1.15it/s]
 64%|ΓûêΓûêΓûêΓûêΓûêΓûêΓûì   | 2888/4500 [39:57<23:37,  1.14it/s]
 64%|ΓûêΓûêΓûêΓûêΓûêΓûêΓûì   | 2889/4500 [39:58<24:16,  1.11it/s]
 64%|ΓûêΓûêΓûêΓûêΓûêΓûêΓûì   | 2890/4500 [39:59<24:33,  1.09it/s]
 64%|ΓûêΓûêΓûêΓûêΓûêΓûêΓûì   | 2891/4500 [40:00<24:05,  1.11it/s]
 64%|ΓûêΓûêΓûêΓûêΓûêΓûêΓûì   | 2892/4500 [40:01<24:06,  1.11it/s]
 64%|ΓûêΓûêΓûêΓûêΓûêΓûêΓûì   | 2893/4500 [40:02<24:46,  1.08it/s]
 64%|ΓûêΓûêΓûêΓûêΓûêΓûêΓûì   | 2894/4500 [40:02<23:41,  1.13it/s]
 64%|ΓûêΓûêΓûêΓûêΓûêΓûêΓûì   | 2895/4500 [40:03<23:26,  1.14it/s]
 64%|ΓûêΓûêΓûêΓûêΓûêΓûêΓûì   | 2896/4500 [40:04<24:36,  1.09it/s]
 64%|ΓûêΓûêΓûêΓûêΓûêΓûêΓûì   | 2897/4500 [40:05<24:34,  1.09it/s]
 64%|ΓûêΓûêΓûêΓûêΓûêΓûêΓûì   | 2898/4500 [40:06<25:08,  1.06it/s]
 64%|ΓûêΓûêΓûêΓûêΓûêΓûêΓûì   | 2899/4500 [40:07<24:26,  1.09it/s]
 64%|ΓûêΓûêΓûêΓûêΓûêΓûêΓûì   | 2900/4500 [40:08<24:06,  1.11it/s]
 64%|ΓûêΓûêΓûêΓûêΓûêΓûêΓûì   | 2901/4500 [40:09<24:45,  1.08it/s]
 64%|ΓûêΓûêΓûêΓûêΓûêΓûêΓûì   | 2902/4500 [40:10<23:56,  1.11it/s]
 65%|ΓûêΓûêΓûêΓûêΓûêΓûêΓûì   | 2903/4500 [40:11<23:54,  1.11it/s]
 65%|ΓûêΓûêΓûêΓûêΓûêΓûêΓûì   | 2904/4500 [40:12<23:56,  1.11it/s]
 65%|ΓûêΓûêΓûêΓûêΓûêΓûêΓûì   | 2905/4500 [40:12<23:03,  1.15it/s]
 65%|ΓûêΓûêΓûêΓûêΓûêΓûêΓûì   | 2906/4500 [40:13<23:26,  1.13it/s]
 65%|ΓûêΓûêΓûêΓûêΓûêΓûêΓûì   | 2907/4500 [40:14<24:00,  1.11it/s]
 65%|ΓûêΓûêΓûêΓûêΓûêΓûêΓûì   | 2908/4500 [40:15<24:34,  1.08it/s]
 65%|ΓûêΓûêΓûêΓûêΓûêΓûêΓûì   | 2909/4500 [40:16<25:00,  1.06it/s]
 65%|ΓûêΓûêΓûêΓûêΓûêΓûêΓûì   | 2910/4500 [40:17<24:45,  1.07it/s]
 65%|ΓûêΓûêΓûêΓûêΓûêΓûêΓûì   | 2911/4500 [40:18<23:37,  1.12it/s]
 65%|ΓûêΓûêΓûêΓûêΓûêΓûêΓûì   | 2913/4500 [40:19<18:28,  1.43it/s]
 65%|ΓûêΓûêΓûêΓûêΓûêΓûêΓûì   | 2914/4500 [40:20<20:10,  1.31it/s]
 65%|ΓûêΓûêΓûêΓûêΓûêΓûêΓûì   | 2915/4500 [40:21<21:18,  1.24it/s]
 65%|ΓûêΓûêΓûêΓûêΓûêΓûêΓûì   | 2916/4500 [40:22<21:23,  1.23it/s]
 65%|ΓûêΓûêΓûêΓûêΓûêΓûêΓûì   | 2917/4500 [40:22<21:53,  1.20it/s]
 65%|ΓûêΓûêΓûêΓûêΓûêΓûêΓûì   | 2918/4500 [40:23<22:17,  1.18it/s]
 65%|ΓûêΓûêΓûêΓûêΓûêΓûêΓûì   | 2919/4500 [40:24<23:09,  1.14it/s]
 65%|ΓûêΓûêΓûêΓûêΓûêΓûêΓûì   | 2920/4500 [40:25<22:25,  1.17it/s]
 65%|ΓûêΓûêΓûêΓûêΓûêΓûêΓûì   | 2921/4500 [40:26<21:56,  1.20it/s]
 65%|ΓûêΓûêΓûêΓûêΓûêΓûêΓûì   | 2922/4500 [40:27<22:41,  1.16it/s]
 65%|ΓûêΓûêΓûêΓûêΓûêΓûêΓûì   | 2923/4500 [40:28<22:23,  1.17it/s]
 65%|ΓûêΓûêΓûêΓûêΓûêΓûêΓûì   | 2924/4500 [40:29<23:06,  1.14it/s]
 65%|ΓûêΓûêΓûêΓûêΓûêΓûêΓûî   | 2925/4500 [40:30<23:43,  1.11it/s]
 65%|ΓûêΓûêΓûêΓûêΓûêΓûêΓûî   | 2926/4500 [40:30<22:47,  1.15it/s]
 65%|ΓûêΓûêΓûêΓûêΓûêΓûêΓûî   | 2927/4500 [40:31<21:52,  1.20it/s]
 65%|ΓûêΓûêΓûêΓûêΓûêΓûêΓûî   | 2928/4500 [40:32<21:21,  1.23it/s]
 65%|ΓûêΓûêΓûêΓûêΓûêΓûêΓûî   | 2929/4500 [40:33<22:30,  1.16it/s]
 65%|ΓûêΓûêΓûêΓûêΓûêΓûêΓûî   | 2930/4500 [40:34<22:34,  1.16it/s]
 65%|ΓûêΓûêΓûêΓûêΓûêΓûêΓûî   | 2931/4500 [40:35<21:53,  1.19it/s]
 65%|ΓûêΓûêΓûêΓûêΓûêΓûêΓûî   | 2932/4500 [40:35<22:31,  1.16it/s]
 65%|ΓûêΓûêΓûêΓûêΓûêΓûêΓûî   | 2933/4500 [40:36<22:09,  1.18it/s]
 65%|ΓûêΓûêΓûêΓûêΓûêΓûêΓûî   | 2934/4500 [40:37<21:12,  1.23it/s]
 65%|ΓûêΓûêΓûêΓûêΓûêΓûêΓûî   | 2935/4500 [40:38<20:46,  1.26it/s]
 65%|ΓûêΓûêΓûêΓûêΓûêΓûêΓûî   | 2936/4500 [40:39<20:53,  1.25it/s]
 65%|ΓûêΓûêΓûêΓûêΓûêΓûêΓûî   | 2937/4500 [40:39<20:26,  1.27it/s]
 65%|ΓûêΓûêΓûêΓûêΓûêΓûêΓûî   | 2938/4500 [40:40<20:07,  1.29it/s]
 65%|ΓûêΓûêΓûêΓûêΓûêΓûêΓûî   | 2939/4500 [40:41<20:22,  1.28it/s]
 65%|ΓûêΓûêΓûêΓûêΓûêΓûêΓûî   | 2940/4500 [40:42<21:25,  1.21it/s]
 65%|ΓûêΓûêΓûêΓûêΓûêΓûêΓûî   | 2941/4500 [40:43<20:52,  1.24it/s]
 65%|ΓûêΓûêΓûêΓûêΓûêΓûêΓûî   | 2942/4500 [40:43<21:01,  1.23it/s]
 65%|ΓûêΓûêΓûêΓûêΓûêΓûêΓûî   | 2943/4500 [40:44<21:54,  1.18it/s]
 65%|ΓûêΓûêΓûêΓûêΓûêΓûêΓûî   | 2944/4500 [40:45<21:17,  1.22it/s]
 65%|ΓûêΓûêΓûêΓûêΓûêΓûêΓûî   | 2945/4500 [40:46<22:08,  1.17it/s]
 65%|ΓûêΓûêΓûêΓûêΓûêΓûêΓûî   | 2946/4500 [40:47<21:45,  1.19it/s]
 65%|ΓûêΓûêΓûêΓûêΓûêΓûêΓûî   | 2947/4500 [40:48<22:00,  1.18it/s]
 66%|ΓûêΓûêΓûêΓûêΓûêΓûêΓûî   | 2948/4500 [40:49<23:02,  1.12it/s]
 66%|ΓûêΓûêΓûêΓûêΓûêΓûêΓûî   | 2949/4500 [40:49<22:37,  1.14it/s]
 66%|ΓûêΓûêΓûêΓûêΓûêΓûêΓûî   | 2950/4500 [40:50<21:23,  1.21it/s]
 66%|ΓûêΓûêΓûêΓûêΓûêΓûêΓûî   | 2951/4500 [40:51<21:59,  1.17it/s]
 66%|ΓûêΓûêΓûêΓûêΓûêΓûêΓûî   | 2952/4500 [40:52<21:42,  1.19it/s]
 66%|ΓûêΓûêΓûêΓûêΓûêΓûêΓûî   | 2953/4500 [40:53<21:21,  1.21it/s]
 66%|ΓûêΓûêΓûêΓûêΓûêΓûêΓûî   | 2954/4500 [40:53<20:34,  1.25it/s]
 66%|ΓûêΓûêΓûêΓûêΓûêΓûêΓûî   | 2955/4500 [40:54<20:29,  1.26it/s]
 66%|ΓûêΓûêΓûêΓûêΓûêΓûêΓûî   | 2956/4500 [40:55<19:58,  1.29it/s]
 66%|ΓûêΓûêΓûêΓûêΓûêΓûêΓûî   | 2957/4500 [40:56<20:05,  1.28it/s]
 66%|ΓûêΓûêΓûêΓûêΓûêΓûêΓûî   | 2958/4500 [40:57<20:34,  1.25it/s]
 66%|ΓûêΓûêΓûêΓûêΓûêΓûêΓûî   | 2959/4500 [40:57<20:44,  1.24it/s]
 66%|ΓûêΓûêΓûêΓûêΓûêΓûêΓûî   | 2960/4500 [40:58<20:54,  1.23it/s]
 66%|ΓûêΓûêΓûêΓûêΓûêΓûêΓûî   | 2961/4500 [40:59<20:43,  1.24it/s]
 66%|ΓûêΓûêΓûêΓûêΓûêΓûêΓûî   | 2962/4500 [41:00<20:33,  1.25it/s]
 66%|ΓûêΓûêΓûêΓûêΓûêΓûêΓûî   | 2963/4500 [41:01<20:56,  1.22it/s]
 66%|ΓûêΓûêΓûêΓûêΓûêΓûêΓûî   | 2964/4500 [41:01<20:34,  1.24it/s]
 66%|ΓûêΓûêΓûêΓûêΓûêΓûêΓûî   | 2965/4500 [41:02<21:01,  1.22it/s]
 66%|ΓûêΓûêΓûêΓûêΓûêΓûêΓûî   | 2966/4500 [41:03<20:58,  1.22it/s]
 66%|ΓûêΓûêΓûêΓûêΓûêΓûêΓûî   | 2967/4500 [41:04<21:18,  1.20it/s]
 66%|ΓûêΓûêΓûêΓûêΓûêΓûêΓûî   | 2968/4500 [41:05<22:13,  1.15it/s]
 66%|ΓûêΓûêΓûêΓûêΓûêΓûêΓûî   | 2969/4500 [41:06<21:39,  1.18it/s]
 66%|ΓûêΓûêΓûêΓûêΓûêΓûêΓûî   | 2970/4500 [41:07<21:55,  1.16it/s]
 66%|ΓûêΓûêΓûêΓûêΓûêΓûêΓûî   | 2971/4500 [41:08<22:11,  1.15it/s]
 66%|ΓûêΓûêΓûêΓûêΓûêΓûêΓûî   | 2972/4500 [41:08<21:43,  1.17it/s]
 66%|ΓûêΓûêΓûêΓûêΓûêΓûêΓûî   | 2973/4500 [41:09<20:39,  1.23it/s]
 66%|ΓûêΓûêΓûêΓûêΓûêΓûêΓûî   | 2974/4500 [41:10<20:15,  1.26it/s]
 66%|ΓûêΓûêΓûêΓûêΓûêΓûêΓûî   | 2975/4500 [41:11<19:39,  1.29it/s]
 66%|ΓûêΓûêΓûêΓûêΓûêΓûêΓûî   | 2976/4500 [41:11<19:43,  1.29it/s]
 66%|ΓûêΓûêΓûêΓûêΓûêΓûêΓûî   | 2977/4500 [41:12<19:54,  1.28it/s]
 66%|ΓûêΓûêΓûêΓûêΓûêΓûêΓûî   | 2978/4500 [41:13<20:40,  1.23it/s]
 66%|ΓûêΓûêΓûêΓûêΓûêΓûêΓûî   | 2979/4500 [41:14<21:09,  1.20it/s]
 66%|ΓûêΓûêΓûêΓûêΓûêΓûêΓûî   | 2980/4500 [41:15<20:23,  1.24it/s]
 66%|ΓûêΓûêΓûêΓûêΓûêΓûêΓûî   | 2981/4500 [41:15<20:12,  1.25it/s]
 66%|ΓûêΓûêΓûêΓûêΓûêΓûêΓûï   | 2982/4500 [41:16<20:57,  1.21it/s]
 66%|ΓûêΓûêΓûêΓûêΓûêΓûêΓûï   | 2983/4500 [41:17<21:14,  1.19it/s]
 66%|ΓûêΓûêΓûêΓûêΓûêΓûêΓûï   | 2984/4500 [41:18<21:02,  1.20it/s]
 66%|ΓûêΓûêΓûêΓûêΓûêΓûêΓûï   | 2985/4500 [41:19<21:05,  1.20it/s]
 66%|ΓûêΓûêΓûêΓûêΓûêΓûêΓûï   | 2986/4500 [41:20<20:13,  1.25it/s]
 66%|ΓûêΓûêΓûêΓûêΓûêΓûêΓûï   | 2987/4500 [41:20<19:38,  1.28it/s]
 66%|ΓûêΓûêΓûêΓûêΓûêΓûêΓûï   | 2988/4500 [41:21<19:10,  1.31it/s]
 66%|ΓûêΓûêΓûêΓûêΓûêΓûêΓûï   | 2989/4500 [41:22<19:08,  1.32it/s]
 66%|ΓûêΓûêΓûêΓûêΓûêΓûêΓûï   | 2990/4500 [41:23<20:01,  1.26it/s]
 66%|ΓûêΓûêΓûêΓûêΓûêΓûêΓûï   | 2991/4500 [41:24<20:40,  1.22it/s]
 66%|ΓûêΓûêΓûêΓûêΓûêΓûêΓûï   | 2992/4500 [41:24<20:03,  1.25it/s]
 67%|ΓûêΓûêΓûêΓûêΓûêΓûêΓûï   | 2993/4500 [41:25<19:26,  1.29it/s]
 67%|ΓûêΓûêΓûêΓûêΓûêΓûêΓûï   | 2994/4500 [41:26<19:32,  1.28it/s]
 67%|ΓûêΓûêΓûêΓûêΓûêΓûêΓûï   | 2995/4500 [41:27<19:35,  1.28it/s]
 67%|ΓûêΓûêΓûêΓûêΓûêΓûêΓûï   | 2996/4500 [41:27<19:08,  1.31it/s]
 67%|ΓûêΓûêΓûêΓûêΓûêΓûêΓûï   | 2997/4500 [41:28<19:46,  1.27it/s]
 67%|ΓûêΓûêΓûêΓûêΓûêΓûêΓûï   | 2998/4500 [41:29<20:28,  1.22it/s]
 67%|ΓûêΓûêΓûêΓûêΓûêΓûêΓûï   | 2999/4500 [41:30<20:56,  1.19it/s]
 67%|ΓûêΓûêΓûêΓûêΓûêΓûêΓûï   | 3000/4500 [41:31<20:30,  1.22it/s]
 67%|ΓûêΓûêΓûêΓûêΓûêΓûêΓûï   | 3001/4500 [41:31<20:18,  1.23it/s]
 67%|ΓûêΓûêΓûêΓûêΓûêΓûêΓûï   | 3002/4500 [41:32<21:08,  1.18it/s]
 67%|ΓûêΓûêΓûêΓûêΓûêΓûêΓûï   | 3003/4500 [41:33<20:57,  1.19it/s]
 67%|ΓûêΓûêΓûêΓûêΓûêΓûêΓûï   | 3004/4500 [41:34<21:54,  1.14it/s]
 67%|ΓûêΓûêΓûêΓûêΓûêΓûêΓûï   | 3005/4500 [41:35<21:20,  1.17it/s]
 67%|ΓûêΓûêΓûêΓûêΓûêΓûêΓûï   | 3006/4500 [41:36<20:57,  1.19it/s]
 67%|ΓûêΓûêΓûêΓûêΓûêΓûêΓûï   | 3007/4500 [41:37<21:10,  1.18it/s]
 67%|ΓûêΓûêΓûêΓûêΓûêΓûêΓûï   | 3008/4500 [41:38<21:37,  1.15it/s]
 67%|ΓûêΓûêΓûêΓûêΓûêΓûêΓûï   | 3009/4500 [41:39<22:41,  1.10it/s]
 67%|ΓûêΓûêΓûêΓûêΓûêΓûêΓûï   | 3010/4500 [41:39<22:20,  1.11it/s]
 67%|ΓûêΓûêΓûêΓûêΓûêΓûêΓûï   | 3011/4500 [41:40<22:57,  1.08it/s]
 67%|ΓûêΓûêΓûêΓûêΓûêΓûêΓûï   | 3012/4500 [41:41<22:00,  1.13it/s]
 67%|ΓûêΓûêΓûêΓûêΓûêΓûêΓûï   | 3013/4500 [41:42<22:04,  1.12it/s]
 67%|ΓûêΓûêΓûêΓûêΓûêΓûêΓûï   | 3014/4500 [41:43<21:34,  1.15it/s]
 67%|ΓûêΓûêΓûêΓûêΓûêΓûêΓûï   | 3015/4500 [41:44<20:54,  1.18it/s]
 67%|ΓûêΓûêΓûêΓûêΓûêΓûêΓûï   | 3016/4500 [41:45<21:08,  1.17it/s]
 67%|ΓûêΓûêΓûêΓûêΓûêΓûêΓûï   | 3017/4500 [41:45<20:42,  1.19it/s]
 67%|ΓûêΓûêΓûêΓûêΓûêΓûêΓûï   | 3018/4500 [41:46<21:03,  1.17it/s]
 67%|ΓûêΓûêΓûêΓûêΓûêΓûêΓûï   | 3019/4500 [41:47<22:10,  1.11it/s]
 67%|ΓûêΓûêΓûêΓûêΓûêΓûêΓûï   | 3020/4500 [41:48<21:35,  1.14it/s]
 67%|ΓûêΓûêΓûêΓûêΓûêΓûêΓûï   | 3021/4500 [41:49<21:37,  1.14it/s]
 67%|ΓûêΓûêΓûêΓûêΓûêΓûêΓûï   | 3022/4500 [41:50<21:50,  1.13it/s]
 67%|ΓûêΓûêΓûêΓûêΓûêΓûêΓûï   | 3023/4500 [41:51<21:53,  1.12it/s]
 67%|ΓûêΓûêΓûêΓûêΓûêΓûêΓûï   | 3024/4500 [41:52<21:53,  1.12it/s]
 67%|ΓûêΓûêΓûêΓûêΓûêΓûêΓûï   | 3025/4500 [41:53<22:04,  1.11it/s]
 67%|ΓûêΓûêΓûêΓûêΓûêΓûêΓûï   | 3026/4500 [41:54<22:10,  1.11it/s]
 67%|ΓûêΓûêΓûêΓûêΓûêΓûêΓûï   | 3027/4500 [41:54<22:08,  1.11it/s]
 67%|ΓûêΓûêΓûêΓûêΓûêΓûêΓûï   | 3028/4500 [41:55<21:24,  1.15it/s]
 67%|ΓûêΓûêΓûêΓûêΓûêΓûêΓûï   | 3029/4500 [41:56<20:49,  1.18it/s]
 67%|ΓûêΓûêΓûêΓûêΓûêΓûêΓûï   | 3030/4500 [41:57<20:21,  1.20it/s]
 67%|ΓûêΓûêΓûêΓûêΓûêΓûêΓûï   | 3031/4500 [41:58<20:46,  1.18it/s]
 67%|ΓûêΓûêΓûêΓûêΓûêΓûêΓûï   | 3032/4500 [41:59<20:59,  1.17it/s]
 67%|ΓûêΓûêΓûêΓûêΓûêΓûêΓûï   | 3033/4500 [41:59<20:42,  1.18it/s]
 67%|ΓûêΓûêΓûêΓûêΓûêΓûêΓûï   | 3034/4500 [42:00<21:30,  1.14it/s]
 67%|ΓûêΓûêΓûêΓûêΓûêΓûêΓûï   | 3035/4500 [42:01<21:00,  1.16it/s]
 67%|ΓûêΓûêΓûêΓûêΓûêΓûêΓûï   | 3036/4500 [42:02<21:53,  1.11it/s]
 67%|ΓûêΓûêΓûêΓûêΓûêΓûêΓûï   | 3037/4500 [42:03<21:07,  1.15it/s]
 68%|ΓûêΓûêΓûêΓûêΓûêΓûêΓûè   | 3038/4500 [42:04<21:23,  1.14it/s]
 68%|ΓûêΓûêΓûêΓûêΓûêΓûêΓûè   | 3039/4500 [42:05<21:21,  1.14it/s]
 68%|ΓûêΓûêΓûêΓûêΓûêΓûêΓûè   | 3040/4500 [42:06<22:05,  1.10it/s]
 68%|ΓûêΓûêΓûêΓûêΓûêΓûêΓûè   | 3041/4500 [42:07<21:53,  1.11it/s]
 68%|ΓûêΓûêΓûêΓûêΓûêΓûêΓûè   | 3042/4500 [42:08<21:39,  1.12it/s]
 68%|ΓûêΓûêΓûêΓûêΓûêΓûêΓûè   | 3043/4500 [42:08<20:52,  1.16it/s]
 68%|ΓûêΓûêΓûêΓûêΓûêΓûêΓûè   | 3044/4500 [42:09<20:52,  1.16it/s]
 68%|ΓûêΓûêΓûêΓûêΓûêΓûêΓûè   | 3045/4500 [42:10<20:58,  1.16it/s]
 68%|ΓûêΓûêΓûêΓûêΓûêΓûêΓûè   | 3046/4500 [42:11<20:29,  1.18it/s]
 68%|ΓûêΓûêΓûêΓûêΓûêΓûêΓûè   | 3047/4500 [42:12<20:33,  1.18it/s]
 68%|ΓûêΓûêΓûêΓûêΓûêΓûêΓûè   | 3048/4500 [42:13<21:04,  1.15it/s]
 68%|ΓûêΓûêΓûêΓûêΓûêΓûêΓûè   | 3049/4500 [42:14<21:38,  1.12it/s]
 68%|ΓûêΓûêΓûêΓûêΓûêΓûêΓûè   | 3050/4500 [42:14<20:53,  1.16it/s]
 68%|ΓûêΓûêΓûêΓûêΓûêΓûêΓûè   | 3051/4500 [42:15<19:50,  1.22it/s]
 68%|ΓûêΓûêΓûêΓûêΓûêΓûêΓûè   | 3052/4500 [42:16<19:49,  1.22it/s]
 68%|ΓûêΓûêΓûêΓûêΓûêΓûêΓûè   | 3053/4500 [42:17<19:41,  1.22it/s]
 68%|ΓûêΓûêΓûêΓûêΓûêΓûêΓûè   | 3054/4500 [42:18<19:52,  1.21it/s]
 68%|ΓûêΓûêΓûêΓûêΓûêΓûêΓûè   | 3055/4500 [42:18<19:46,  1.22it/s]
 68%|ΓûêΓûêΓûêΓûêΓûêΓûêΓûè   | 3056/4500 [42:19<19:55,  1.21it/s]
 68%|ΓûêΓûêΓûêΓûêΓûêΓûêΓûè   | 3057/4500 [42:20<19:15,  1.25it/s]
 68%|ΓûêΓûêΓûêΓûêΓûêΓûêΓûè   | 3058/4500 [42:21<19:18,  1.24it/s]
 68%|ΓûêΓûêΓûêΓûêΓûêΓûêΓûè   | 3059/4500 [42:22<20:01,  1.20it/s]
 68%|ΓûêΓûêΓûêΓûêΓûêΓûêΓûè   | 3060/4500 [42:22<19:51,  1.21it/s]
 68%|ΓûêΓûêΓûêΓûêΓûêΓûêΓûè   | 3061/4500 [42:23<19:29,  1.23it/s]
 68%|ΓûêΓûêΓûêΓûêΓûêΓûêΓûè   | 3062/4500 [42:24<19:37,  1.22it/s]
 68%|ΓûêΓûêΓûêΓûêΓûêΓûêΓûè   | 3063/4500 [42:25<19:37,  1.22it/s]
 68%|ΓûêΓûêΓûêΓûêΓûêΓûêΓûè   | 3064/4500 [42:26<19:30,  1.23it/s]
 68%|ΓûêΓûêΓûêΓûêΓûêΓûêΓûè   | 3065/4500 [42:27<19:25,  1.23it/s]
 68%|ΓûêΓûêΓûêΓûêΓûêΓûêΓûè   | 3066/4500 [42:27<18:54,  1.26it/s]
 68%|ΓûêΓûêΓûêΓûêΓûêΓûêΓûè   | 3067/4500 [42:28<19:01,  1.26it/s]
 68%|ΓûêΓûêΓûêΓûêΓûêΓûêΓûè   | 3068/4500 [42:29<19:02,  1.25it/s]
 68%|ΓûêΓûêΓûêΓûêΓûêΓûêΓûè   | 3070/4500 [42:30<14:17,  1.67it/s]
 68%|ΓûêΓûêΓûêΓûêΓûêΓûêΓûè   | 3071/4500 [42:30<15:18,  1.56it/s]
 68%|ΓûêΓûêΓûêΓûêΓûêΓûêΓûè   | 3073/4500 [42:31<12:55,  1.84it/s]
 68%|ΓûêΓûêΓûêΓûêΓûêΓûêΓûè   | 3074/4500 [42:32<14:22,  1.65it/s]
 68%|ΓûêΓûêΓûêΓûêΓûêΓûêΓûè   | 3075/4500 [42:33<15:03,  1.58it/s]
 68%|ΓûêΓûêΓûêΓûêΓûêΓûêΓûè   | 3076/4500 [42:33<15:32,  1.53it/s]
 68%|ΓûêΓûêΓûêΓûêΓûêΓûêΓûè   | 3077/4500 [42:34<16:34,  1.43it/s]
 68%|ΓûêΓûêΓûêΓûêΓûêΓûêΓûè   | 3078/4500 [42:35<16:39,  1.42it/s]
 68%|ΓûêΓûêΓûêΓûêΓûêΓûêΓûè   | 3079/4500 [42:36<16:39,  1.42it/s]
 68%|ΓûêΓûêΓûêΓûêΓûêΓûêΓûè   | 3080/4500 [42:37<17:56,  1.32it/s]
 68%|ΓûêΓûêΓûêΓûêΓûêΓûêΓûè   | 3081/4500 [42:37<18:02,  1.31it/s]
 68%|ΓûêΓûêΓûêΓûêΓûêΓûêΓûè   | 3082/4500 [42:38<18:47,  1.26it/s]
 69%|ΓûêΓûêΓûêΓûêΓûêΓûêΓûè   | 3083/4500 [42:39<18:13,  1.30it/s]
 69%|ΓûêΓûêΓûêΓûêΓûêΓûêΓûè   | 3084/4500 [42:40<17:43,  1.33it/s]
 69%|ΓûêΓûêΓûêΓûêΓûêΓûêΓûè   | 3085/4500 [42:40<17:23,  1.36it/s]
 69%|ΓûêΓûêΓûêΓûêΓûêΓûêΓûè   | 3086/4500 [42:41<18:22,  1.28it/s]
 69%|ΓûêΓûêΓûêΓûêΓûêΓûêΓûè   | 3087/4500 [42:42<18:04,  1.30it/s]
 69%|ΓûêΓûêΓûêΓûêΓûêΓûêΓûè   | 3088/4500 [42:43<18:24,  1.28it/s]
 69%|ΓûêΓûêΓûêΓûêΓûêΓûêΓûè   | 3089/4500 [42:43<18:02,  1.30it/s]
 69%|ΓûêΓûêΓûêΓûêΓûêΓûêΓûè   | 3090/4500 [42:44<18:27,  1.27it/s]
 69%|ΓûêΓûêΓûêΓûêΓûêΓûêΓûè   | 3091/4500 [42:45<18:59,  1.24it/s]
 69%|ΓûêΓûêΓûêΓûêΓûêΓûêΓûè   | 3092/4500 [42:46<19:01,  1.23it/s]
 69%|ΓûêΓûêΓûêΓûêΓûêΓûêΓûè   | 3093/4500 [42:47<19:30,  1.20it/s]
 69%|ΓûêΓûêΓûêΓûêΓûêΓûêΓûë   | 3094/4500 [42:48<19:48,  1.18it/s]
 69%|ΓûêΓûêΓûêΓûêΓûêΓûêΓûë   | 3095/4500 [42:49<19:28,  1.20it/s]
 69%|ΓûêΓûêΓûêΓûêΓûêΓûêΓûë   | 3096/4500 [42:49<18:40,  1.25it/s]
 69%|ΓûêΓûêΓûêΓûêΓûêΓûêΓûë   | 3097/4500 [42:50<19:18,  1.21it/s]
 69%|ΓûêΓûêΓûêΓûêΓûêΓûêΓûë   | 3098/4500 [42:51<19:48,  1.18it/s]
 69%|ΓûêΓûêΓûêΓûêΓûêΓûêΓûë   | 3099/4500 [42:52<19:31,  1.20it/s]
 69%|ΓûêΓûêΓûêΓûêΓûêΓûêΓûë   | 3100/4500 [42:53<19:31,  1.20it/s]
 69%|ΓûêΓûêΓûêΓûêΓûêΓûêΓûë   | 3101/4500 [42:54<19:47,  1.18it/s]
 69%|ΓûêΓûêΓûêΓûêΓûêΓûêΓûë   | 3102/4500 [42:54<19:29,  1.20it/s]
 69%|ΓûêΓûêΓûêΓûêΓûêΓûêΓûë   | 3103/4500 [42:55<19:13,  1.21it/s]
 69%|ΓûêΓûêΓûêΓûêΓûêΓûêΓûë   | 3104/4500 [42:56<18:59,  1.22it/s]
 69%|ΓûêΓûêΓûêΓûêΓûêΓûêΓûë   | 3105/4500 [42:57<18:16,  1.27it/s]
 69%|ΓûêΓûêΓûêΓûêΓûêΓûêΓûë   | 3106/4500 [42:57<17:47,  1.31it/s]
 69%|ΓûêΓûêΓûêΓûêΓûêΓûêΓûë   | 3107/4500 [42:58<17:29,  1.33it/s]
 69%|ΓûêΓûêΓûêΓûêΓûêΓûêΓûë   | 3108/4500 [42:59<17:48,  1.30it/s]
 69%|ΓûêΓûêΓûêΓûêΓûêΓûêΓûë   | 3109/4500 [43:00<17:23,  1.33it/s]
 69%|ΓûêΓûêΓûêΓûêΓûêΓûêΓûë   | 3110/4500 [43:01<18:12,  1.27it/s]
 69%|ΓûêΓûêΓûêΓûêΓûêΓûêΓûë   | 3111/4500 [43:01<18:06,  1.28it/s]
 69%|ΓûêΓûêΓûêΓûêΓûêΓûêΓûë   | 3112/4500 [43:02<18:08,  1.28it/s]
 69%|ΓûêΓûêΓûêΓûêΓûêΓûêΓûë   | 3113/4500 [43:03<18:24,  1.26it/s]
 69%|ΓûêΓûêΓûêΓûêΓûêΓûêΓûë   | 3114/4500 [43:04<17:49,  1.30it/s]
 69%|ΓûêΓûêΓûêΓûêΓûêΓûêΓûë   | 3115/4500 [43:04<17:25,  1.33it/s]
 69%|ΓûêΓûêΓûêΓûêΓûêΓûêΓûë   | 3116/4500 [43:05<17:41,  1.30it/s]
 69%|ΓûêΓûêΓûêΓûêΓûêΓûêΓûë   | 3117/4500 [43:06<17:49,  1.29it/s]
 69%|ΓûêΓûêΓûêΓûêΓûêΓûêΓûë   | 3118/4500 [43:07<18:03,  1.28it/s]
 69%|ΓûêΓûêΓûêΓûêΓûêΓûêΓûë   | 3119/4500 [43:08<18:11,  1.27it/s]
 69%|ΓûêΓûêΓûêΓûêΓûêΓûêΓûë   | 3120/4500 [43:08<17:37,  1.31it/s]
 69%|ΓûêΓûêΓûêΓûêΓûêΓûêΓûë   | 3121/4500 [43:09<17:53,  1.28it/s]
 69%|ΓûêΓûêΓûêΓûêΓûêΓûêΓûë   | 3122/4500 [43:10<17:22,  1.32it/s]
 69%|ΓûêΓûêΓûêΓûêΓûêΓûêΓûë   | 3123/4500 [43:11<18:11,  1.26it/s]
 69%|ΓûêΓûêΓûêΓûêΓûêΓûêΓûë   | 3124/4500 [43:11<18:15,  1.26it/s]
 69%|ΓûêΓûêΓûêΓûêΓûêΓûêΓûë   | 3125/4500 [43:12<17:37,  1.30it/s]
 69%|ΓûêΓûêΓûêΓûêΓûêΓûêΓûë   | 3126/4500 [43:13<17:11,  1.33it/s]
 69%|ΓûêΓûêΓûêΓûêΓûêΓûêΓûë   | 3127/4500 [43:14<18:21,  1.25it/s]
 70%|ΓûêΓûêΓûêΓûêΓûêΓûêΓûë   | 3128/4500 [43:15<18:28,  1.24it/s]
 70%|ΓûêΓûêΓûêΓûêΓûêΓûêΓûë   | 3129/4500 [43:15<18:17,  1.25it/s]
 70%|ΓûêΓûêΓûêΓûêΓûêΓûêΓûë   | 3130/4500 [43:16<18:08,  1.26it/s]
 70%|ΓûêΓûêΓûêΓûêΓûêΓûêΓûë   | 3131/4500 [43:17<17:25,  1.31it/s]
 70%|ΓûêΓûêΓûêΓûêΓûêΓûêΓûë   | 3132/4500 [43:18<16:59,  1.34it/s]
 70%|ΓûêΓûêΓûêΓûêΓûêΓûêΓûë   | 3133/4500 [43:18<17:19,  1.31it/s]
 70%|ΓûêΓûêΓûêΓûêΓûêΓûêΓûë   | 3134/4500 [43:19<17:05,  1.33it/s]
 70%|ΓûêΓûêΓûêΓûêΓûêΓûêΓûë   | 3135/4500 [43:20<17:38,  1.29it/s]
 70%|ΓûêΓûêΓûêΓûêΓûêΓûêΓûë   | 3136/4500 [43:21<17:56,  1.27it/s]
 70%|ΓûêΓûêΓûêΓûêΓûêΓûêΓûë   | 3137/4500 [43:22<18:46,  1.21it/s]
 70%|ΓûêΓûêΓûêΓûêΓûêΓûêΓûë   | 3138/4500 [43:22<18:19,  1.24it/s]
 70%|ΓûêΓûêΓûêΓûêΓûêΓûêΓûë   | 3139/4500 [43:23<17:57,  1.26it/s]
 70%|ΓûêΓûêΓûêΓûêΓûêΓûêΓûë   | 3140/4500 [43:24<18:02,  1.26it/s]
 70%|ΓûêΓûêΓûêΓûêΓûêΓûêΓûë   | 3141/4500 [43:25<18:20,  1.24it/s]
 70%|ΓûêΓûêΓûêΓûêΓûêΓûêΓûë   | 3142/4500 [43:26<18:57,  1.19it/s]
 70%|ΓûêΓûêΓûêΓûêΓûêΓûêΓûë   | 3143/4500 [43:27<18:56,  1.19it/s]
 70%|ΓûêΓûêΓûêΓûêΓûêΓûêΓûë   | 3144/4500 [43:27<18:39,  1.21it/s]
 70%|ΓûêΓûêΓûêΓûêΓûêΓûêΓûë   | 3145/4500 [43:28<18:17,  1.23it/s]
 70%|ΓûêΓûêΓûêΓûêΓûêΓûêΓûë   | 3146/4500 [43:29<18:58,  1.19it/s]
 70%|ΓûêΓûêΓûêΓûêΓûêΓûêΓûë   | 3147/4500 [43:30<18:51,  1.20it/s]
 70%|ΓûêΓûêΓûêΓûêΓûêΓûêΓûë   | 3148/4500 [43:31<19:27,  1.16it/s]
 70%|ΓûêΓûêΓûêΓûêΓûêΓûêΓûë   | 3149/4500 [43:32<18:42,  1.20it/s]
 70%|ΓûêΓûêΓûêΓûêΓûêΓûêΓûê   | 3150/4500 [43:32<18:46,  1.20it/s]
 70%|ΓûêΓûêΓûêΓûêΓûêΓûêΓûê   | 3151/4500 [43:33<18:11,  1.24it/s]
 70%|ΓûêΓûêΓûêΓûêΓûêΓûêΓûê   | 3152/4500 [43:34<17:51,  1.26it/s]
 70%|ΓûêΓûêΓûêΓûêΓûêΓûêΓûê   | 3153/4500 [43:35<18:26,  1.22it/s]
 70%|ΓûêΓûêΓûêΓûêΓûêΓûêΓûê   | 3154/4500 [43:36<18:37,  1.20it/s]
 70%|ΓûêΓûêΓûêΓûêΓûêΓûêΓûê   | 3155/4500 [43:36<18:31,  1.21it/s]
 70%|ΓûêΓûêΓûêΓûêΓûêΓûêΓûê   | 3156/4500 [43:37<18:25,  1.22it/s]
 70%|ΓûêΓûêΓûêΓûêΓûêΓûêΓûê   | 3157/4500 [43:38<18:53,  1.18it/s]
 70%|ΓûêΓûêΓûêΓûêΓûêΓûêΓûê   | 3158/4500 [43:39<19:15,  1.16it/s]
 70%|ΓûêΓûêΓûêΓûêΓûêΓûêΓûê   | 3159/4500 [43:40<19:20,  1.16it/s]
 70%|ΓûêΓûêΓûêΓûêΓûêΓûêΓûê   | 3160/4500 [43:41<18:59,  1.18it/s]
 70%|ΓûêΓûêΓûêΓûêΓûêΓûêΓûê   | 3161/4500 [43:42<18:32,  1.20it/s]
 70%|ΓûêΓûêΓûêΓûêΓûêΓûêΓûê   | 3162/4500 [43:42<17:38,  1.26it/s]
 70%|ΓûêΓûêΓûêΓûêΓûêΓûêΓûê   | 3163/4500 [43:43<17:04,  1.30it/s]
 70%|ΓûêΓûêΓûêΓûêΓûêΓûêΓûê   | 3164/4500 [43:44<16:38,  1.34it/s]
 70%|ΓûêΓûêΓûêΓûêΓûêΓûêΓûê   | 3165/4500 [43:44<16:26,  1.35it/s]
 70%|ΓûêΓûêΓûêΓûêΓûêΓûêΓûê   | 3166/4500 [43:45<17:31,  1.27it/s]
 70%|ΓûêΓûêΓûêΓûêΓûêΓûêΓûê   | 3167/4500 [43:46<17:59,  1.24it/s]
 70%|ΓûêΓûêΓûêΓûêΓûêΓûêΓûê   | 3168/4500 [43:47<18:24,  1.21it/s]
 70%|ΓûêΓûêΓûêΓûêΓûêΓûêΓûê   | 3169/4500 [43:48<18:47,  1.18it/s]
 70%|ΓûêΓûêΓûêΓûêΓûêΓûêΓûê   | 3170/4500 [43:49<18:49,  1.18it/s]
 70%|ΓûêΓûêΓûêΓûêΓûêΓûêΓûê   | 3171/4500 [43:50<19:09,  1.16it/s]
 70%|ΓûêΓûêΓûêΓûêΓûêΓûêΓûê   | 3172/4500 [43:50<18:58,  1.17it/s]
 71%|ΓûêΓûêΓûêΓûêΓûêΓûêΓûê   | 3173/4500 [43:51<19:05,  1.16it/s]
 71%|ΓûêΓûêΓûêΓûêΓûêΓûêΓûê   | 3174/4500 [43:52<19:45,  1.12it/s]
 71%|ΓûêΓûêΓûêΓûêΓûêΓûêΓûê   | 3175/4500 [43:53<20:22,  1.08it/s]
 71%|ΓûêΓûêΓûêΓûêΓûêΓûêΓûê   | 3176/4500 [43:54<20:49,  1.06it/s]
 71%|ΓûêΓûêΓûêΓûêΓûêΓûêΓûê   | 3177/4500 [43:55<21:25,  1.03it/s]
 71%|ΓûêΓûêΓûêΓûêΓûêΓûêΓûê   | 3178/4500 [43:56<21:19,  1.03it/s]
 71%|ΓûêΓûêΓûêΓûêΓûêΓûêΓûê   | 3179/4500 [43:57<20:21,  1.08it/s]
 71%|ΓûêΓûêΓûêΓûêΓûêΓûêΓûê   | 3180/4500 [43:58<21:19,  1.03it/s]
 71%|ΓûêΓûêΓûêΓûêΓûêΓûêΓûê   | 3181/4500 [43:59<21:04,  1.04it/s]
 71%|ΓûêΓûêΓûêΓûêΓûêΓûêΓûê   | 3182/4500 [44:00<21:34,  1.02it/s]
 71%|ΓûêΓûêΓûêΓûêΓûêΓûêΓûê   | 3183/4500 [44:01<21:33,  1.02it/s]
 71%|ΓûêΓûêΓûêΓûêΓûêΓûêΓûê   | 3184/4500 [44:02<21:03,  1.04it/s]
 71%|ΓûêΓûêΓûêΓûêΓûêΓûêΓûê   | 3185/4500 [44:03<20:31,  1.07it/s]
 71%|ΓûêΓûêΓûêΓûêΓûêΓûêΓûê   | 3186/4500 [44:04<20:05,  1.09it/s]
 71%|ΓûêΓûêΓûêΓûêΓûêΓûêΓûê   | 3187/4500 [44:05<20:48,  1.05it/s]
 71%|ΓûêΓûêΓûêΓûêΓûêΓûêΓûê   | 3188/4500 [44:06<20:13,  1.08it/s]
 71%|ΓûêΓûêΓûêΓûêΓûêΓûêΓûê   | 3189/4500 [44:07<20:08,  1.08it/s]
 71%|ΓûêΓûêΓûêΓûêΓûêΓûêΓûê   | 3190/4500 [44:08<20:34,  1.06it/s]
 71%|ΓûêΓûêΓûêΓûêΓûêΓûêΓûê   | 3191/4500 [44:09<20:45,  1.05it/s]
 71%|ΓûêΓûêΓûêΓûêΓûêΓûêΓûê   | 3192/4500 [44:09<20:13,  1.08it/s]
 71%|ΓûêΓûêΓûêΓûêΓûêΓûêΓûê   | 3193/4500 [44:10<19:17,  1.13it/s]
 71%|ΓûêΓûêΓûêΓûêΓûêΓûêΓûê   | 3194/4500 [44:11<18:53,  1.15it/s]
 71%|ΓûêΓûêΓûêΓûêΓûêΓûêΓûê   | 3195/4500 [44:12<18:48,  1.16it/s]
 71%|ΓûêΓûêΓûêΓûêΓûêΓûêΓûê   | 3196/4500 [44:13<18:58,  1.15it/s]
 71%|ΓûêΓûêΓûêΓûêΓûêΓûêΓûê   | 3197/4500 [44:14<18:59,  1.14it/s]
 71%|ΓûêΓûêΓûêΓûêΓûêΓûêΓûê   | 3198/4500 [44:14<18:18,  1.19it/s]
 71%|ΓûêΓûêΓûêΓûêΓûêΓûêΓûê   | 3199/4500 [44:15<19:15,  1.13it/s]
 71%|ΓûêΓûêΓûêΓûêΓûêΓûêΓûê   | 3200/4500 [44:16<19:17,  1.12it/s]
 71%|ΓûêΓûêΓûêΓûêΓûêΓûêΓûê   | 3201/4500 [44:17<19:11,  1.13it/s]
 71%|ΓûêΓûêΓûêΓûêΓûêΓûêΓûê   | 3202/4500 [44:18<19:09,  1.13it/s]
 71%|ΓûêΓûêΓûêΓûêΓûêΓûêΓûê   | 3203/4500 [44:19<18:58,  1.14it/s]
 71%|ΓûêΓûêΓûêΓûêΓûêΓûêΓûê   | 3204/4500 [44:20<18:55,  1.14it/s]
 71%|ΓûêΓûêΓûêΓûêΓûêΓûêΓûê   | 3205/4500 [44:21<19:38,  1.10it/s]
 71%|ΓûêΓûêΓûêΓûêΓûêΓûêΓûê   | 3206/4500 [44:22<19:23,  1.11it/s]
 71%|ΓûêΓûêΓûêΓûêΓûêΓûêΓûêΓûÅ  | 3207/4500 [44:23<19:13,  1.12it/s]
 71%|ΓûêΓûêΓûêΓûêΓûêΓûêΓûêΓûÅ  | 3208/4500 [44:24<19:15,  1.12it/s]
 71%|ΓûêΓûêΓûêΓûêΓûêΓûêΓûêΓûÅ  | 3209/4500 [44:24<19:14,  1.12it/s]
 71%|ΓûêΓûêΓûêΓûêΓûêΓûêΓûêΓûÅ  | 3210/4500 [44:25<19:32,  1.10it/s]
 71%|ΓûêΓûêΓûêΓûêΓûêΓûêΓûêΓûÅ  | 3211/4500 [44:26<18:47,  1.14it/s]
 71%|ΓûêΓûêΓûêΓûêΓûêΓûêΓûêΓûÅ  | 3212/4500 [44:27<18:41,  1.15it/s]
 71%|ΓûêΓûêΓûêΓûêΓûêΓûêΓûêΓûÅ  | 3213/4500 [44:28<18:42,  1.15it/s]
 71%|ΓûêΓûêΓûêΓûêΓûêΓûêΓûêΓûÅ  | 3214/4500 [44:29<18:48,  1.14it/s]
 71%|ΓûêΓûêΓûêΓûêΓûêΓûêΓûêΓûÅ  | 3215/4500 [44:30<18:40,  1.15it/s]
 71%|ΓûêΓûêΓûêΓûêΓûêΓûêΓûêΓûÅ  | 3216/4500 [44:31<18:45,  1.14it/s]
 71%|ΓûêΓûêΓûêΓûêΓûêΓûêΓûêΓûÅ  | 3217/4500 [44:31<18:10,  1.18it/s]
 72%|ΓûêΓûêΓûêΓûêΓûêΓûêΓûêΓûÅ  | 3218/4500 [44:32<18:14,  1.17it/s]
 72%|ΓûêΓûêΓûêΓûêΓûêΓûêΓûêΓûÅ  | 3219/4500 [44:33<17:41,  1.21it/s]
 72%|ΓûêΓûêΓûêΓûêΓûêΓûêΓûêΓûÅ  | 3220/4500 [44:34<17:40,  1.21it/s]
 72%|ΓûêΓûêΓûêΓûêΓûêΓûêΓûêΓûÅ  | 3221/4500 [44:35<18:25,  1.16it/s]
 72%|ΓûêΓûêΓûêΓûêΓûêΓûêΓûêΓûÅ  | 3222/4500 [44:36<18:18,  1.16it/s]
 72%|ΓûêΓûêΓûêΓûêΓûêΓûêΓûêΓûÅ  | 3223/4500 [44:36<17:41,  1.20it/s]
 72%|ΓûêΓûêΓûêΓûêΓûêΓûêΓûêΓûÅ  | 3224/4500 [44:37<18:14,  1.17it/s]
 72%|ΓûêΓûêΓûêΓûêΓûêΓûêΓûêΓûÅ  | 3225/4500 [44:38<18:45,  1.13it/s]
 72%|ΓûêΓûêΓûêΓûêΓûêΓûêΓûêΓûÅ  | 3226/4500 [44:39<17:48,  1.19it/s]
 72%|ΓûêΓûêΓûêΓûêΓûêΓûêΓûêΓûÅ  | 3227/4500 [44:40<17:53,  1.19it/s]
 72%|ΓûêΓûêΓûêΓûêΓûêΓûêΓûêΓûÅ  | 3228/4500 [44:41<17:55,  1.18it/s]
 72%|ΓûêΓûêΓûêΓûêΓûêΓûêΓûêΓûÅ  | 3229/4500 [44:41<17:04,  1.24it/s]
 72%|ΓûêΓûêΓûêΓûêΓûêΓûêΓûêΓûÅ  | 3230/4500 [44:42<16:52,  1.25it/s]
 72%|ΓûêΓûêΓûêΓûêΓûêΓûêΓûêΓûÅ  | 3231/4500 [44:43<16:42,  1.27it/s]
 72%|ΓûêΓûêΓûêΓûêΓûêΓûêΓûêΓûÅ  | 3232/4500 [44:44<16:42,  1.26it/s]
 72%|ΓûêΓûêΓûêΓûêΓûêΓûêΓûêΓûÅ  | 3233/4500 [44:44<16:41,  1.27it/s]
 72%|ΓûêΓûêΓûêΓûêΓûêΓûêΓûêΓûÅ  | 3234/4500 [44:45<17:07,  1.23it/s]
 72%|ΓûêΓûêΓûêΓûêΓûêΓûêΓûêΓûÅ  | 3235/4500 [44:46<16:57,  1.24it/s]
 72%|ΓûêΓûêΓûêΓûêΓûêΓûêΓûêΓûÅ  | 3236/4500 [44:47<16:46,  1.26it/s]
 72%|ΓûêΓûêΓûêΓûêΓûêΓûêΓûêΓûÅ  | 3237/4500 [44:48<16:04,  1.31it/s]
 72%|ΓûêΓûêΓûêΓûêΓûêΓûêΓûêΓûÅ  | 3238/4500 [44:48<15:55,  1.32it/s]
 72%|ΓûêΓûêΓûêΓûêΓûêΓûêΓûêΓûÅ  | 3239/4500 [44:49<15:36,  1.35it/s]
 72%|ΓûêΓûêΓûêΓûêΓûêΓûêΓûêΓûÅ  | 3240/4500 [44:50<15:53,  1.32it/s]
 72%|ΓûêΓûêΓûêΓûêΓûêΓûêΓûêΓûÅ  | 3241/4500 [44:51<15:39,  1.34it/s]
 72%|ΓûêΓûêΓûêΓûêΓûêΓûêΓûêΓûÅ  | 3242/4500 [44:51<15:18,  1.37it/s]
 72%|ΓûêΓûêΓûêΓûêΓûêΓûêΓûêΓûÅ  | 3243/4500 [44:52<15:26,  1.36it/s]
 72%|ΓûêΓûêΓûêΓûêΓûêΓûêΓûêΓûÅ  | 3244/4500 [44:53<15:09,  1.38it/s]
 72%|ΓûêΓûêΓûêΓûêΓûêΓûêΓûêΓûÅ  | 3245/4500 [44:54<15:58,  1.31it/s]
 72%|ΓûêΓûêΓûêΓûêΓûêΓûêΓûêΓûÅ  | 3246/4500 [44:54<16:38,  1.26it/s]
 72%|ΓûêΓûêΓûêΓûêΓûêΓûêΓûêΓûÅ  | 3247/4500 [44:55<16:05,  1.30it/s]
 72%|ΓûêΓûêΓûêΓûêΓûêΓûêΓûêΓûÅ  | 3248/4500 [44:56<15:36,  1.34it/s]
 72%|ΓûêΓûêΓûêΓûêΓûêΓûêΓûêΓûÅ  | 3249/4500 [44:57<15:45,  1.32it/s]
 72%|ΓûêΓûêΓûêΓûêΓûêΓûêΓûêΓûÅ  | 3250/4500 [44:57<15:43,  1.32it/s]
 72%|ΓûêΓûêΓûêΓûêΓûêΓûêΓûêΓûÅ  | 3251/4500 [44:58<16:17,  1.28it/s]
 72%|ΓûêΓûêΓûêΓûêΓûêΓûêΓûêΓûÅ  | 3252/4500 [44:59<17:06,  1.22it/s]
 72%|ΓûêΓûêΓûêΓûêΓûêΓûêΓûêΓûÅ  | 3253/4500 [45:00<17:03,  1.22it/s]
 72%|ΓûêΓûêΓûêΓûêΓûêΓûêΓûêΓûÅ  | 3254/4500 [45:01<17:15,  1.20it/s]
 72%|ΓûêΓûêΓûêΓûêΓûêΓûêΓûêΓûÅ  | 3255/4500 [45:01<16:24,  1.26it/s]
 72%|ΓûêΓûêΓûêΓûêΓûêΓûêΓûêΓûÅ  | 3256/4500 [45:02<15:56,  1.30it/s]
 72%|ΓûêΓûêΓûêΓûêΓûêΓûêΓûêΓûÅ  | 3257/4500 [45:03<16:00,  1.29it/s]
 72%|ΓûêΓûêΓûêΓûêΓûêΓûêΓûêΓûÅ  | 3258/4500 [45:04<16:08,  1.28it/s]
 72%|ΓûêΓûêΓûêΓûêΓûêΓûêΓûêΓûÅ  | 3259/4500 [45:05<16:07,  1.28it/s]
 72%|ΓûêΓûêΓûêΓûêΓûêΓûêΓûêΓûÅ  | 3260/4500 [45:05<16:35,  1.25it/s]
 72%|ΓûêΓûêΓûêΓûêΓûêΓûêΓûêΓûÅ  | 3261/4500 [45:06<16:31,  1.25it/s]
 72%|ΓûêΓûêΓûêΓûêΓûêΓûêΓûêΓûÅ  | 3262/4500 [45:07<16:48,  1.23it/s]
 73%|ΓûêΓûêΓûêΓûêΓûêΓûêΓûêΓûÄ  | 3263/4500 [45:08<16:43,  1.23it/s]
 73%|ΓûêΓûêΓûêΓûêΓûêΓûêΓûêΓûÄ  | 3264/4500 [45:09<17:17,  1.19it/s]
 73%|ΓûêΓûêΓûêΓûêΓûêΓûêΓûêΓûÄ  | 3265/4500 [45:10<17:01,  1.21it/s]
 73%|ΓûêΓûêΓûêΓûêΓûêΓûêΓûêΓûÄ  | 3266/4500 [45:10<16:15,  1.27it/s]
 73%|ΓûêΓûêΓûêΓûêΓûêΓûêΓûêΓûÄ  | 3267/4500 [45:11<15:43,  1.31it/s]
 73%|ΓûêΓûêΓûêΓûêΓûêΓûêΓûêΓûÄ  | 3268/4500 [45:12<15:58,  1.29it/s]
 73%|ΓûêΓûêΓûêΓûêΓûêΓûêΓûêΓûÄ  | 3269/4500 [45:12<15:36,  1.32it/s]
 73%|ΓûêΓûêΓûêΓûêΓûêΓûêΓûêΓûÄ  | 3270/4500 [45:13<15:32,  1.32it/s]
 73%|ΓûêΓûêΓûêΓûêΓûêΓûêΓûêΓûÄ  | 3271/4500 [45:14<15:29,  1.32it/s]
 73%|ΓûêΓûêΓûêΓûêΓûêΓûêΓûêΓûÄ  | 3272/4500 [45:15<16:03,  1.27it/s]
 73%|ΓûêΓûêΓûêΓûêΓûêΓûêΓûêΓûÄ  | 3273/4500 [45:16<16:05,  1.27it/s]
 73%|ΓûêΓûêΓûêΓûêΓûêΓûêΓûêΓûÄ  | 3274/4500 [45:16<16:26,  1.24it/s]
 73%|ΓûêΓûêΓûêΓûêΓûêΓûêΓûêΓûÄ  | 3275/4500 [45:17<16:15,  1.26it/s]
 73%|ΓûêΓûêΓûêΓûêΓûêΓûêΓûêΓûÄ  | 3276/4500 [45:18<17:05,  1.19it/s]
 73%|ΓûêΓûêΓûêΓûêΓûêΓûêΓûêΓûÄ  | 3277/4500 [45:19<17:04,  1.19it/s]
 73%|ΓûêΓûêΓûêΓûêΓûêΓûêΓûêΓûÄ  | 3278/4500 [45:20<17:30,  1.16it/s]
 73%|ΓûêΓûêΓûêΓûêΓûêΓûêΓûêΓûÄ  | 3279/4500 [45:21<17:21,  1.17it/s]
 73%|ΓûêΓûêΓûêΓûêΓûêΓûêΓûêΓûÄ  | 3280/4500 [45:22<16:52,  1.21it/s]
 73%|ΓûêΓûêΓûêΓûêΓûêΓûêΓûêΓûÄ  | 3281/4500 [45:22<16:35,  1.22it/s]
 73%|ΓûêΓûêΓûêΓûêΓûêΓûêΓûêΓûÄ  | 3282/4500 [45:23<16:15,  1.25it/s]
 73%|ΓûêΓûêΓûêΓûêΓûêΓûêΓûêΓûÄ  | 3283/4500 [45:24<16:41,  1.21it/s]
 73%|ΓûêΓûêΓûêΓûêΓûêΓûêΓûêΓûÄ  | 3284/4500 [45:25<17:32,  1.16it/s]
 73%|ΓûêΓûêΓûêΓûêΓûêΓûêΓûêΓûÄ  | 3285/4500 [45:26<17:10,  1.18it/s]
 73%|ΓûêΓûêΓûêΓûêΓûêΓûêΓûêΓûÄ  | 3286/4500 [45:27<17:44,  1.14it/s]
 73%|ΓûêΓûêΓûêΓûêΓûêΓûêΓûêΓûÄ  | 3287/4500 [45:28<17:44,  1.14it/s]
 73%|ΓûêΓûêΓûêΓûêΓûêΓûêΓûêΓûÄ  | 3288/4500 [45:29<18:14,  1.11it/s]
 73%|ΓûêΓûêΓûêΓûêΓûêΓûêΓûêΓûÄ  | 3289/4500 [45:29<17:25,  1.16it/s]
 73%|ΓûêΓûêΓûêΓûêΓûêΓûêΓûêΓûÄ  | 3290/4500 [45:30<17:09,  1.18it/s]
 73%|ΓûêΓûêΓûêΓûêΓûêΓûêΓûêΓûÄ  | 3291/4500 [45:31<17:01,  1.18it/s]
 73%|ΓûêΓûêΓûêΓûêΓûêΓûêΓûêΓûÄ  | 3292/4500 [45:32<17:13,  1.17it/s]
 73%|ΓûêΓûêΓûêΓûêΓûêΓûêΓûêΓûÄ  | 3293/4500 [45:33<17:12,  1.17it/s]
 73%|ΓûêΓûêΓûêΓûêΓûêΓûêΓûêΓûÄ  | 3294/4500 [45:34<17:15,  1.17it/s]
 73%|ΓûêΓûêΓûêΓûêΓûêΓûêΓûêΓûÄ  | 3295/4500 [45:35<17:51,  1.12it/s]
 73%|ΓûêΓûêΓûêΓûêΓûêΓûêΓûêΓûÄ  | 3296/4500 [45:35<17:28,  1.15it/s]
 73%|ΓûêΓûêΓûêΓûêΓûêΓûêΓûêΓûÄ  | 3297/4500 [45:36<17:21,  1.16it/s]
 73%|ΓûêΓûêΓûêΓûêΓûêΓûêΓûêΓûÄ  | 3298/4500 [45:37<17:26,  1.15it/s]
 73%|ΓûêΓûêΓûêΓûêΓûêΓûêΓûêΓûÄ  | 3299/4500 [45:38<17:28,  1.15it/s]
 73%|ΓûêΓûêΓûêΓûêΓûêΓûêΓûêΓûÄ  | 3300/4500 [45:39<17:59,  1.11it/s]
 73%|ΓûêΓûêΓûêΓûêΓûêΓûêΓûêΓûÄ  | 3301/4500 [45:40<17:48,  1.12it/s]
 73%|ΓûêΓûêΓûêΓûêΓûêΓûêΓûêΓûÄ  | 3302/4500 [45:41<17:38,  1.13it/s]
 73%|ΓûêΓûêΓûêΓûêΓûêΓûêΓûêΓûÄ  | 3303/4500 [45:42<17:18,  1.15it/s]
 73%|ΓûêΓûêΓûêΓûêΓûêΓûêΓûêΓûÄ  | 3304/4500 [45:42<17:51,  1.12it/s]
 73%|ΓûêΓûêΓûêΓûêΓûêΓûêΓûêΓûÄ  | 3305/4500 [45:43<17:46,  1.12it/s]
 73%|ΓûêΓûêΓûêΓûêΓûêΓûêΓûêΓûÄ  | 3306/4500 [45:44<18:11,  1.09it/s]
 73%|ΓûêΓûêΓûêΓûêΓûêΓûêΓûêΓûÄ  | 3307/4500 [45:45<18:09,  1.09it/s]
 74%|ΓûêΓûêΓûêΓûêΓûêΓûêΓûêΓûÄ  | 3308/4500 [45:46<18:51,  1.05it/s]
 74%|ΓûêΓûêΓûêΓûêΓûêΓûêΓûêΓûÄ  | 3309/4500 [45:47<18:57,  1.05it/s]
 74%|ΓûêΓûêΓûêΓûêΓûêΓûêΓûêΓûÄ  | 3310/4500 [45:48<18:31,  1.07it/s]
 74%|ΓûêΓûêΓûêΓûêΓûêΓûêΓûêΓûÄ  | 3311/4500 [45:49<18:04,  1.10it/s]
 74%|ΓûêΓûêΓûêΓûêΓûêΓûêΓûêΓûÄ  | 3312/4500 [45:50<18:49,  1.05it/s]
 74%|ΓûêΓûêΓûêΓûêΓûêΓûêΓûêΓûÄ  | 3313/4500 [45:51<18:02,  1.10it/s]
 74%|ΓûêΓûêΓûêΓûêΓûêΓûêΓûêΓûÄ  | 3314/4500 [45:52<18:38,  1.06it/s]
 74%|ΓûêΓûêΓûêΓûêΓûêΓûêΓûêΓûÄ  | 3315/4500 [45:53<17:50,  1.11it/s]
 74%|ΓûêΓûêΓûêΓûêΓûêΓûêΓûêΓûÄ  | 3316/4500 [45:54<17:39,  1.12it/s]
 74%|ΓûêΓûêΓûêΓûêΓûêΓûêΓûêΓûÄ  | 3317/4500 [45:54<17:42,  1.11it/s]
 74%|ΓûêΓûêΓûêΓûêΓûêΓûêΓûêΓûÄ  | 3318/4500 [45:55<17:26,  1.13it/s]
 74%|ΓûêΓûêΓûêΓûêΓûêΓûêΓûêΓûì  | 3319/4500 [45:56<17:13,  1.14it/s]
 74%|ΓûêΓûêΓûêΓûêΓûêΓûêΓûêΓûì  | 3320/4500 [45:57<17:17,  1.14it/s]
 74%|ΓûêΓûêΓûêΓûêΓûêΓûêΓûêΓûì  | 3321/4500 [45:58<16:46,  1.17it/s]
 74%|ΓûêΓûêΓûêΓûêΓûêΓûêΓûêΓûì  | 3322/4500 [45:59<17:05,  1.15it/s]
 74%|ΓûêΓûêΓûêΓûêΓûêΓûêΓûêΓûì  | 3323/4500 [46:00<16:33,  1.19it/s]
 74%|ΓûêΓûêΓûêΓûêΓûêΓûêΓûêΓûì  | 3324/4500 [46:00<16:06,  1.22it/s]
 74%|ΓûêΓûêΓûêΓûêΓûêΓûêΓûêΓûì  | 3325/4500 [46:01<16:16,  1.20it/s]
 74%|ΓûêΓûêΓûêΓûêΓûêΓûêΓûêΓûì  | 3326/4500 [46:02<16:56,  1.15it/s]
 74%|ΓûêΓûêΓûêΓûêΓûêΓûêΓûêΓûì  | 3327/4500 [46:03<16:26,  1.19it/s]
 74%|ΓûêΓûêΓûêΓûêΓûêΓûêΓûêΓûì  | 3328/4500 [46:04<16:44,  1.17it/s]
 74%|ΓûêΓûêΓûêΓûêΓûêΓûêΓûêΓûì  | 3329/4500 [46:05<16:58,  1.15it/s]
 74%|ΓûêΓûêΓûêΓûêΓûêΓûêΓûêΓûì  | 3330/4500 [46:06<17:05,  1.14it/s]
 74%|ΓûêΓûêΓûêΓûêΓûêΓûêΓûêΓûì  | 3331/4500 [46:06<16:24,  1.19it/s]
 74%|ΓûêΓûêΓûêΓûêΓûêΓûêΓûêΓûì  | 3332/4500 [46:07<15:59,  1.22it/s]
 74%|ΓûêΓûêΓûêΓûêΓûêΓûêΓûêΓûì  | 3333/4500 [46:08<16:09,  1.20it/s]
 74%|ΓûêΓûêΓûêΓûêΓûêΓûêΓûêΓûì  | 3334/4500 [46:09<16:37,  1.17it/s]
 74%|ΓûêΓûêΓûêΓûêΓûêΓûêΓûêΓûì  | 3335/4500 [46:10<16:05,  1.21it/s]
 74%|ΓûêΓûêΓûêΓûêΓûêΓûêΓûêΓûì  | 3336/4500 [46:10<15:48,  1.23it/s]
 74%|ΓûêΓûêΓûêΓûêΓûêΓûêΓûêΓûì  | 3337/4500 [46:11<16:04,  1.21it/s]
 74%|ΓûêΓûêΓûêΓûêΓûêΓûêΓûêΓûì  | 3338/4500 [46:12<16:49,  1.15it/s]
 74%|ΓûêΓûêΓûêΓûêΓûêΓûêΓûêΓûì  | 3339/4500 [46:13<16:45,  1.15it/s]
 74%|ΓûêΓûêΓûêΓûêΓûêΓûêΓûêΓûì  | 3340/4500 [46:14<16:04,  1.20it/s]
 74%|ΓûêΓûêΓûêΓûêΓûêΓûêΓûêΓûì  | 3341/4500 [46:15<15:38,  1.24it/s]
 74%|ΓûêΓûêΓûêΓûêΓûêΓûêΓûêΓûì  | 3342/4500 [46:15<15:45,  1.23it/s]
 74%|ΓûêΓûêΓûêΓûêΓûêΓûêΓûêΓûì  | 3343/4500 [46:16<15:52,  1.21it/s]
 74%|ΓûêΓûêΓûêΓûêΓûêΓûêΓûêΓûì  | 3344/4500 [46:17<16:10,  1.19it/s]
 74%|ΓûêΓûêΓûêΓûêΓûêΓûêΓûêΓûì  | 3345/4500 [46:18<16:14,  1.18it/s]
 74%|ΓûêΓûêΓûêΓûêΓûêΓûêΓûêΓûì  | 3346/4500 [46:19<16:16,  1.18it/s]
 74%|ΓûêΓûêΓûêΓûêΓûêΓûêΓûêΓûì  | 3347/4500 [46:20<16:42,  1.15it/s]
 74%|ΓûêΓûêΓûêΓûêΓûêΓûêΓûêΓûì  | 3348/4500 [46:21<16:05,  1.19it/s]
 74%|ΓûêΓûêΓûêΓûêΓûêΓûêΓûêΓûì  | 3349/4500 [46:21<16:27,  1.17it/s]
 74%|ΓûêΓûêΓûêΓûêΓûêΓûêΓûêΓûì  | 3350/4500 [46:22<17:18,  1.11it/s]
 74%|ΓûêΓûêΓûêΓûêΓûêΓûêΓûêΓûì  | 3351/4500 [46:23<17:19,  1.11it/s]
 74%|ΓûêΓûêΓûêΓûêΓûêΓûêΓûêΓûì  | 3352/4500 [46:24<17:05,  1.12it/s]
 75%|ΓûêΓûêΓûêΓûêΓûêΓûêΓûêΓûì  | 3353/4500 [46:25<17:06,  1.12it/s]
 75%|ΓûêΓûêΓûêΓûêΓûêΓûêΓûêΓûì  | 3354/4500 [46:26<16:58,  1.13it/s]
 75%|ΓûêΓûêΓûêΓûêΓûêΓûêΓûêΓûì  | 3355/4500 [46:27<17:21,  1.10it/s]
 75%|ΓûêΓûêΓûêΓûêΓûêΓûêΓûêΓûì  | 3356/4500 [46:28<17:11,  1.11it/s]
 75%|ΓûêΓûêΓûêΓûêΓûêΓûêΓûêΓûì  | 3357/4500 [46:29<17:26,  1.09it/s]
 75%|ΓûêΓûêΓûêΓûêΓûêΓûêΓûêΓûì  | 3358/4500 [46:30<16:38,  1.14it/s]
 75%|ΓûêΓûêΓûêΓûêΓûêΓûêΓûêΓûì  | 3359/4500 [46:31<17:00,  1.12it/s]
 75%|ΓûêΓûêΓûêΓûêΓûêΓûêΓûêΓûì  | 3360/4500 [46:31<16:40,  1.14it/s]
 75%|ΓûêΓûêΓûêΓûêΓûêΓûêΓûêΓûì  | 3361/4500 [46:32<17:06,  1.11it/s]
 75%|ΓûêΓûêΓûêΓûêΓûêΓûêΓûêΓûì  | 3362/4500 [46:33<16:56,  1.12it/s]
 75%|ΓûêΓûêΓûêΓûêΓûêΓûêΓûêΓûì  | 3363/4500 [46:34<16:35,  1.14it/s]
 75%|ΓûêΓûêΓûêΓûêΓûêΓûêΓûêΓûì  | 3364/4500 [46:35<15:44,  1.20it/s]
 75%|ΓûêΓûêΓûêΓûêΓûêΓûêΓûêΓûì  | 3365/4500 [46:36<15:47,  1.20it/s]
 75%|ΓûêΓûêΓûêΓûêΓûêΓûêΓûêΓûì  | 3366/4500 [46:36<15:40,  1.21it/s]
 75%|ΓûêΓûêΓûêΓûêΓûêΓûêΓûêΓûì  | 3367/4500 [46:37<15:47,  1.20it/s]
 75%|ΓûêΓûêΓûêΓûêΓûêΓûêΓûêΓûì  | 3368/4500 [46:38<15:28,  1.22it/s]
 75%|ΓûêΓûêΓûêΓûêΓûêΓûêΓûêΓûì  | 3369/4500 [46:39<15:45,  1.20it/s]
 75%|ΓûêΓûêΓûêΓûêΓûêΓûêΓûêΓûì  | 3370/4500 [46:40<15:07,  1.25it/s]
 75%|ΓûêΓûêΓûêΓûêΓûêΓûêΓûêΓûì  | 3371/4500 [46:41<15:32,  1.21it/s]
 75%|ΓûêΓûêΓûêΓûêΓûêΓûêΓûêΓûì  | 3372/4500 [46:41<15:52,  1.18it/s]
 75%|ΓûêΓûêΓûêΓûêΓûêΓûêΓûêΓûì  | 3373/4500 [46:42<15:17,  1.23it/s]
 75%|ΓûêΓûêΓûêΓûêΓûêΓûêΓûêΓûì  | 3374/4500 [46:43<15:48,  1.19it/s]
 75%|ΓûêΓûêΓûêΓûêΓûêΓûêΓûêΓûî  | 3375/4500 [46:44<14:58,  1.25it/s]
 75%|ΓûêΓûêΓûêΓûêΓûêΓûêΓûêΓûî  | 3376/4500 [46:45<15:18,  1.22it/s]
 75%|ΓûêΓûêΓûêΓûêΓûêΓûêΓûêΓûî  | 3377/4500 [46:45<15:14,  1.23it/s]
 75%|ΓûêΓûêΓûêΓûêΓûêΓûêΓûêΓûî  | 3378/4500 [46:46<15:04,  1.24it/s]
 75%|ΓûêΓûêΓûêΓûêΓûêΓûêΓûêΓûî  | 3379/4500 [46:47<14:27,  1.29it/s]
 75%|ΓûêΓûêΓûêΓûêΓûêΓûêΓûêΓûî  | 3380/4500 [46:48<14:30,  1.29it/s]
 75%|ΓûêΓûêΓûêΓûêΓûêΓûêΓûêΓûî  | 3381/4500 [46:48<14:33,  1.28it/s]
 75%|ΓûêΓûêΓûêΓûêΓûêΓûêΓûêΓûî  | 3382/4500 [46:49<14:30,  1.28it/s]
 75%|ΓûêΓûêΓûêΓûêΓûêΓûêΓûêΓûî  | 3383/4500 [46:50<14:30,  1.28it/s]
 75%|ΓûêΓûêΓûêΓûêΓûêΓûêΓûêΓûî  | 3384/4500 [46:51<14:05,  1.32it/s]
 75%|ΓûêΓûêΓûêΓûêΓûêΓûêΓûêΓûî  | 3385/4500 [46:51<13:43,  1.35it/s]
 75%|ΓûêΓûêΓûêΓûêΓûêΓûêΓûêΓûî  | 3386/4500 [46:52<13:56,  1.33it/s]
 75%|ΓûêΓûêΓûêΓûêΓûêΓûêΓûêΓûî  | 3387/4500 [46:53<13:48,  1.34it/s]
 75%|ΓûêΓûêΓûêΓûêΓûêΓûêΓûêΓûî  | 3388/4500 [46:54<13:56,  1.33it/s]
 75%|ΓûêΓûêΓûêΓûêΓûêΓûêΓûêΓûî  | 3389/4500 [46:54<13:45,  1.35it/s]
 75%|ΓûêΓûêΓûêΓûêΓûêΓûêΓûêΓûî  | 3390/4500 [46:55<13:58,  1.32it/s]
 75%|ΓûêΓûêΓûêΓûêΓûêΓûêΓûêΓûî  | 3391/4500 [46:56<13:41,  1.35it/s]
 75%|ΓûêΓûêΓûêΓûêΓûêΓûêΓûêΓûî  | 3392/4500 [46:57<13:49,  1.34it/s]
 75%|ΓûêΓûêΓûêΓûêΓûêΓûêΓûêΓûî  | 3393/4500 [46:58<14:12,  1.30it/s]
 75%|ΓûêΓûêΓûêΓûêΓûêΓûêΓûêΓûî  | 3394/4500 [46:58<14:18,  1.29it/s]
 75%|ΓûêΓûêΓûêΓûêΓûêΓûêΓûêΓûî  | 3395/4500 [46:59<14:46,  1.25it/s]
 75%|ΓûêΓûêΓûêΓûêΓûêΓûêΓûêΓûî  | 3396/4500 [47:00<14:38,  1.26it/s]
 75%|ΓûêΓûêΓûêΓûêΓûêΓûêΓûêΓûî  | 3397/4500 [47:01<14:38,  1.26it/s]
 76%|ΓûêΓûêΓûêΓûêΓûêΓûêΓûêΓûî  | 3398/4500 [47:01<14:12,  1.29it/s]
 76%|ΓûêΓûêΓûêΓûêΓûêΓûêΓûêΓûî  | 3399/4500 [47:02<14:46,  1.24it/s]
 76%|ΓûêΓûêΓûêΓûêΓûêΓûêΓûêΓûî  | 3400/4500 [47:03<15:02,  1.22it/s]
 76%|ΓûêΓûêΓûêΓûêΓûêΓûêΓûêΓûî  | 3401/4500 [47:04<14:51,  1.23it/s]
 76%|ΓûêΓûêΓûêΓûêΓûêΓûêΓûêΓûî  | 3402/4500 [47:05<14:52,  1.23it/s]
 76%|ΓûêΓûêΓûêΓûêΓûêΓûêΓûêΓûî  | 3403/4500 [47:06<14:23,  1.27it/s]
 76%|ΓûêΓûêΓûêΓûêΓûêΓûêΓûêΓûî  | 3404/4500 [47:06<15:00,  1.22it/s]
 76%|ΓûêΓûêΓûêΓûêΓûêΓûêΓûêΓûî  | 3405/4500 [47:07<15:02,  1.21it/s]
 76%|ΓûêΓûêΓûêΓûêΓûêΓûêΓûêΓûî  | 3406/4500 [47:08<14:39,  1.24it/s]
 76%|ΓûêΓûêΓûêΓûêΓûêΓûêΓûêΓûî  | 3407/4500 [47:09<14:47,  1.23it/s]
 76%|ΓûêΓûêΓûêΓûêΓûêΓûêΓûêΓûî  | 3408/4500 [47:10<14:49,  1.23it/s]
 76%|ΓûêΓûêΓûêΓûêΓûêΓûêΓûêΓûî  | 3409/4500 [47:10<14:27,  1.26it/s]
 76%|ΓûêΓûêΓûêΓûêΓûêΓûêΓûêΓûî  | 3410/4500 [47:11<14:50,  1.22it/s]
 76%|ΓûêΓûêΓûêΓûêΓûêΓûêΓûêΓûî  | 3411/4500 [47:12<15:25,  1.18it/s]
 76%|ΓûêΓûêΓûêΓûêΓûêΓûêΓûêΓûî  | 3412/4500 [47:13<14:49,  1.22it/s]
 76%|ΓûêΓûêΓûêΓûêΓûêΓûêΓûêΓûî  | 3413/4500 [47:14<14:56,  1.21it/s]
 76%|ΓûêΓûêΓûêΓûêΓûêΓûêΓûêΓûî  | 3414/4500 [47:15<15:10,  1.19it/s]
 76%|ΓûêΓûêΓûêΓûêΓûêΓûêΓûêΓûî  | 3415/4500 [47:16<15:14,  1.19it/s]
 76%|ΓûêΓûêΓûêΓûêΓûêΓûêΓûêΓûî  | 3416/4500 [47:16<14:55,  1.21it/s]
 76%|ΓûêΓûêΓûêΓûêΓûêΓûêΓûêΓûî  | 3417/4500 [47:17<15:11,  1.19it/s]
 76%|ΓûêΓûêΓûêΓûêΓûêΓûêΓûêΓûî  | 3418/4500 [47:18<15:23,  1.17it/s]
 76%|ΓûêΓûêΓûêΓûêΓûêΓûêΓûêΓûî  | 3419/4500 [47:19<15:31,  1.16it/s]
 76%|ΓûêΓûêΓûêΓûêΓûêΓûêΓûêΓûî  | 3420/4500 [47:20<15:11,  1.18it/s]
 76%|ΓûêΓûêΓûêΓûêΓûêΓûêΓûêΓûî  | 3421/4500 [47:21<14:50,  1.21it/s]
 76%|ΓûêΓûêΓûêΓûêΓûêΓûêΓûêΓûî  | 3422/4500 [47:21<15:09,  1.19it/s]
 76%|ΓûêΓûêΓûêΓûêΓûêΓûêΓûêΓûî  | 3423/4500 [47:22<15:46,  1.14it/s]
 76%|ΓûêΓûêΓûêΓûêΓûêΓûêΓûêΓûî  | 3424/4500 [47:23<15:45,  1.14it/s]
 76%|ΓûêΓûêΓûêΓûêΓûêΓûêΓûêΓûî  | 3425/4500 [47:24<15:42,  1.14it/s]
 76%|ΓûêΓûêΓûêΓûêΓûêΓûêΓûêΓûî  | 3426/4500 [47:25<15:40,  1.14it/s]
 76%|ΓûêΓûêΓûêΓûêΓûêΓûêΓûêΓûî  | 3427/4500 [47:26<16:06,  1.11it/s]
 76%|ΓûêΓûêΓûêΓûêΓûêΓûêΓûêΓûî  | 3428/4500 [47:27<15:30,  1.15it/s]
 76%|ΓûêΓûêΓûêΓûêΓûêΓûêΓûêΓûî  | 3429/4500 [47:28<15:03,  1.19it/s]
 76%|ΓûêΓûêΓûêΓûêΓûêΓûêΓûêΓûî  | 3430/4500 [47:28<15:08,  1.18it/s]
 76%|ΓûêΓûêΓûêΓûêΓûêΓûêΓûêΓûî  | 3431/4500 [47:29<15:42,  1.13it/s]
 76%|ΓûêΓûêΓûêΓûêΓûêΓûêΓûêΓûï  | 3432/4500 [47:30<16:08,  1.10it/s]
 76%|ΓûêΓûêΓûêΓûêΓûêΓûêΓûêΓûï  | 3433/4500 [47:31<15:28,  1.15it/s]
 76%|ΓûêΓûêΓûêΓûêΓûêΓûêΓûêΓûï  | 3434/4500 [47:32<15:32,  1.14it/s]
 76%|ΓûêΓûêΓûêΓûêΓûêΓûêΓûêΓûï  | 3435/4500 [47:33<15:28,  1.15it/s]
 76%|ΓûêΓûêΓûêΓûêΓûêΓûêΓûêΓûï  | 3436/4500 [47:34<15:24,  1.15it/s]
 76%|ΓûêΓûêΓûêΓûêΓûêΓûêΓûêΓûï  | 3437/4500 [47:35<15:24,  1.15it/s]
 76%|ΓûêΓûêΓûêΓûêΓûêΓûêΓûêΓûï  | 3438/4500 [47:35<15:25,  1.15it/s]
 76%|ΓûêΓûêΓûêΓûêΓûêΓûêΓûêΓûï  | 3439/4500 [47:36<14:54,  1.19it/s]
 76%|ΓûêΓûêΓûêΓûêΓûêΓûêΓûêΓûï  | 3440/4500 [47:37<15:36,  1.13it/s]
 76%|ΓûêΓûêΓûêΓûêΓûêΓûêΓûêΓûï  | 3441/4500 [47:38<15:03,  1.17it/s]
 76%|ΓûêΓûêΓûêΓûêΓûêΓûêΓûêΓûï  | 3442/4500 [47:39<15:01,  1.17it/s]
 77%|ΓûêΓûêΓûêΓûêΓûêΓûêΓûêΓûï  | 3443/4500 [47:40<14:37,  1.21it/s]
 77%|ΓûêΓûêΓûêΓûêΓûêΓûêΓûêΓûï  | 3444/4500 [47:40<14:17,  1.23it/s]
 77%|ΓûêΓûêΓûêΓûêΓûêΓûêΓûêΓûï  | 3445/4500 [47:41<14:13,  1.24it/s]
 77%|ΓûêΓûêΓûêΓûêΓûêΓûêΓûêΓûï  | 3446/4500 [47:42<14:30,  1.21it/s]
 77%|ΓûêΓûêΓûêΓûêΓûêΓûêΓûêΓûï  | 3447/4500 [47:43<14:45,  1.19it/s]
 77%|ΓûêΓûêΓûêΓûêΓûêΓûêΓûêΓûï  | 3448/4500 [47:44<15:21,  1.14it/s]
 77%|ΓûêΓûêΓûêΓûêΓûêΓûêΓûêΓûï  | 3449/4500 [47:45<15:18,  1.14it/s]
 77%|ΓûêΓûêΓûêΓûêΓûêΓûêΓûêΓûï  | 3450/4500 [47:46<14:47,  1.18it/s]
 77%|ΓûêΓûêΓûêΓûêΓûêΓûêΓûêΓûï  | 3451/4500 [47:46<14:53,  1.17it/s]
 77%|ΓûêΓûêΓûêΓûêΓûêΓûêΓûêΓûï  | 3452/4500 [47:47<14:55,  1.17it/s]
 77%|ΓûêΓûêΓûêΓûêΓûêΓûêΓûêΓûï  | 3453/4500 [47:48<14:59,  1.16it/s]
 77%|ΓûêΓûêΓûêΓûêΓûêΓûêΓûêΓûï  | 3454/4500 [47:49<14:56,  1.17it/s]
 77%|ΓûêΓûêΓûêΓûêΓûêΓûêΓûêΓûï  | 3455/4500 [47:50<15:02,  1.16it/s]
 77%|ΓûêΓûêΓûêΓûêΓûêΓûêΓûêΓûï  | 3456/4500 [47:51<15:43,  1.11it/s]
 77%|ΓûêΓûêΓûêΓûêΓûêΓûêΓûêΓûï  | 3457/4500 [47:52<16:02,  1.08it/s]
 77%|ΓûêΓûêΓûêΓûêΓûêΓûêΓûêΓûï  | 3458/4500 [47:53<15:51,  1.09it/s]
 77%|ΓûêΓûêΓûêΓûêΓûêΓûêΓûêΓûï  | 3459/4500 [47:54<16:09,  1.07it/s]
 77%|ΓûêΓûêΓûêΓûêΓûêΓûêΓûêΓûï  | 3460/4500 [47:55<16:13,  1.07it/s]
 77%|ΓûêΓûêΓûêΓûêΓûêΓûêΓûêΓûï  | 3461/4500 [47:56<16:20,  1.06it/s]
 77%|ΓûêΓûêΓûêΓûêΓûêΓûêΓûêΓûï  | 3462/4500 [47:56<15:39,  1.10it/s]
 77%|ΓûêΓûêΓûêΓûêΓûêΓûêΓûêΓûï  | 3463/4500 [47:57<15:17,  1.13it/s]
 77%|ΓûêΓûêΓûêΓûêΓûêΓûêΓûêΓûï  | 3464/4500 [47:58<14:33,  1.19it/s]
 77%|ΓûêΓûêΓûêΓûêΓûêΓûêΓûêΓûï  | 3465/4500 [47:59<14:17,  1.21it/s]
 77%|ΓûêΓûêΓûêΓûêΓûêΓûêΓûêΓûï  | 3466/4500 [48:00<14:30,  1.19it/s]
 77%|ΓûêΓûêΓûêΓûêΓûêΓûêΓûêΓûï  | 3467/4500 [48:00<13:51,  1.24it/s]
 77%|ΓûêΓûêΓûêΓûêΓûêΓûêΓûêΓûï  | 3468/4500 [48:01<13:56,  1.23it/s]
 77%|ΓûêΓûêΓûêΓûêΓûêΓûêΓûêΓûï  | 3469/4500 [48:02<14:20,  1.20it/s]
 77%|ΓûêΓûêΓûêΓûêΓûêΓûêΓûêΓûï  | 3470/4500 [48:03<13:47,  1.25it/s]
 77%|ΓûêΓûêΓûêΓûêΓûêΓûêΓûêΓûï  | 3471/4500 [48:04<13:51,  1.24it/s]
 77%|ΓûêΓûêΓûêΓûêΓûêΓûêΓûêΓûï  | 3472/4500 [48:04<13:23,  1.28it/s]
 77%|ΓûêΓûêΓûêΓûêΓûêΓûêΓûêΓûï  | 3473/4500 [48:05<12:53,  1.33it/s]
 77%|ΓûêΓûêΓûêΓûêΓûêΓûêΓûêΓûï  | 3474/4500 [48:06<12:36,  1.36it/s]
 77%|ΓûêΓûêΓûêΓûêΓûêΓûêΓûêΓûï  | 3475/4500 [48:07<12:55,  1.32it/s]
 77%|ΓûêΓûêΓûêΓûêΓûêΓûêΓûêΓûï  | 3476/4500 [48:07<13:07,  1.30it/s]
 77%|ΓûêΓûêΓûêΓûêΓûêΓûêΓûêΓûï  | 3477/4500 [48:08<12:53,  1.32it/s]
 77%|ΓûêΓûêΓûêΓûêΓûêΓûêΓûêΓûï  | 3478/4500 [48:09<12:58,  1.31it/s]
 77%|ΓûêΓûêΓûêΓûêΓûêΓûêΓûêΓûï  | 3479/4500 [48:10<13:01,  1.31it/s]
 77%|ΓûêΓûêΓûêΓûêΓûêΓûêΓûêΓûï  | 3480/4500 [48:10<13:15,  1.28it/s]
 77%|ΓûêΓûêΓûêΓûêΓûêΓûêΓûêΓûï  | 3481/4500 [48:11<13:30,  1.26it/s]
 77%|ΓûêΓûêΓûêΓûêΓûêΓûêΓûêΓûï  | 3482/4500 [48:12<14:01,  1.21it/s]
 77%|ΓûêΓûêΓûêΓûêΓûêΓûêΓûêΓûï  | 3483/4500 [48:13<14:15,  1.19it/s]
 77%|ΓûêΓûêΓûêΓûêΓûêΓûêΓûêΓûï  | 3484/4500 [48:14<14:20,  1.18it/s]
 77%|ΓûêΓûêΓûêΓûêΓûêΓûêΓûêΓûï  | 3485/4500 [48:15<13:57,  1.21it/s]
 77%|ΓûêΓûêΓûêΓûêΓûêΓûêΓûêΓûï  | 3486/4500 [48:16<14:02,  1.20it/s]
 77%|ΓûêΓûêΓûêΓûêΓûêΓûêΓûêΓûï  | 3487/4500 [48:16<13:22,  1.26it/s]
 78%|ΓûêΓûêΓûêΓûêΓûêΓûêΓûêΓûè  | 3488/4500 [48:17<13:24,  1.26it/s]
 78%|ΓûêΓûêΓûêΓûêΓûêΓûêΓûêΓûè  | 3489/4500 [48:18<13:23,  1.26it/s]
 78%|ΓûêΓûêΓûêΓûêΓûêΓûêΓûêΓûè  | 3490/4500 [48:19<12:54,  1.30it/s]
 78%|ΓûêΓûêΓûêΓûêΓûêΓûêΓûêΓûè  | 3491/4500 [48:19<12:37,  1.33it/s]
 78%|ΓûêΓûêΓûêΓûêΓûêΓûêΓûêΓûè  | 3492/4500 [48:20<12:43,  1.32it/s]
 78%|ΓûêΓûêΓûêΓûêΓûêΓûêΓûêΓûè  | 3493/4500 [48:21<12:50,  1.31it/s]
 78%|ΓûêΓûêΓûêΓûêΓûêΓûêΓûêΓûè  | 3494/4500 [48:22<12:55,  1.30it/s]
 78%|ΓûêΓûêΓûêΓûêΓûêΓûêΓûêΓûè  | 3495/4500 [48:22<12:55,  1.30it/s]
 78%|ΓûêΓûêΓûêΓûêΓûêΓûêΓûêΓûè  | 3496/4500 [48:23<12:52,  1.30it/s]
 78%|ΓûêΓûêΓûêΓûêΓûêΓûêΓûêΓûè  | 3497/4500 [48:24<12:26,  1.34it/s]
 78%|ΓûêΓûêΓûêΓûêΓûêΓûêΓûêΓûè  | 3498/4500 [48:25<12:51,  1.30it/s]
 78%|ΓûêΓûêΓûêΓûêΓûêΓûêΓûêΓûè  | 3499/4500 [48:26<13:35,  1.23it/s]
 78%|ΓûêΓûêΓûêΓûêΓûêΓûêΓûêΓûè  | 3500/4500 [48:27<14:24,  1.16it/s]
 78%|ΓûêΓûêΓûêΓûêΓûêΓûêΓûêΓûè  | 3501/4500 [48:28<15:05,  1.10it/s]
 78%|ΓûêΓûêΓûêΓûêΓûêΓûêΓûêΓûè  | 3502/4500 [48:28<14:25,  1.15it/s]
 78%|ΓûêΓûêΓûêΓûêΓûêΓûêΓûêΓûè  | 3503/4500 [48:29<14:21,  1.16it/s]
 78%|ΓûêΓûêΓûêΓûêΓûêΓûêΓûêΓûè  | 3504/4500 [48:30<14:05,  1.18it/s]
 78%|ΓûêΓûêΓûêΓûêΓûêΓûêΓûêΓûè  | 3505/4500 [48:31<13:27,  1.23it/s]
 78%|ΓûêΓûêΓûêΓûêΓûêΓûêΓûêΓûè  | 3506/4500 [48:31<12:56,  1.28it/s]
 78%|ΓûêΓûêΓûêΓûêΓûêΓûêΓûêΓûè  | 3507/4500 [48:32<13:17,  1.25it/s]
 78%|ΓûêΓûêΓûêΓûêΓûêΓûêΓûêΓûè  | 3509/4500 [48:33<09:44,  1.69it/s]
 78%|ΓûêΓûêΓûêΓûêΓûêΓûêΓûêΓûè  | 3510/4500 [48:34<10:52,  1.52it/s]
 78%|ΓûêΓûêΓûêΓûêΓûêΓûêΓûêΓûè  | 3511/4500 [48:35<11:40,  1.41it/s]
 78%|ΓûêΓûêΓûêΓûêΓûêΓûêΓûêΓûè  | 3512/4500 [48:36<12:39,  1.30it/s]
 78%|ΓûêΓûêΓûêΓûêΓûêΓûêΓûêΓûè  | 3513/4500 [48:36<12:55,  1.27it/s]
 78%|ΓûêΓûêΓûêΓûêΓûêΓûêΓûêΓûè  | 3514/4500 [48:37<13:03,  1.26it/s]
 78%|ΓûêΓûêΓûêΓûêΓûêΓûêΓûêΓûè  | 3515/4500 [48:38<13:13,  1.24it/s]
 78%|ΓûêΓûêΓûêΓûêΓûêΓûêΓûêΓûè  | 3516/4500 [48:39<13:19,  1.23it/s]
 78%|ΓûêΓûêΓûêΓûêΓûêΓûêΓûêΓûè  | 3517/4500 [48:40<14:00,  1.17it/s]
 78%|ΓûêΓûêΓûêΓûêΓûêΓûêΓûêΓûè  | 3518/4500 [48:41<13:59,  1.17it/s]
 78%|ΓûêΓûêΓûêΓûêΓûêΓûêΓûêΓûè  | 3519/4500 [48:42<13:50,  1.18it/s]
 78%|ΓûêΓûêΓûêΓûêΓûêΓûêΓûêΓûè  | 3520/4500 [48:42<14:05,  1.16it/s]
 78%|ΓûêΓûêΓûêΓûêΓûêΓûêΓûêΓûè  | 3521/4500 [48:43<14:11,  1.15it/s]
 78%|ΓûêΓûêΓûêΓûêΓûêΓûêΓûêΓûè  | 3522/4500 [48:44<14:31,  1.12it/s]
 78%|ΓûêΓûêΓûêΓûêΓûêΓûêΓûêΓûè  | 3523/4500 [48:45<14:57,  1.09it/s]
 78%|ΓûêΓûêΓûêΓûêΓûêΓûêΓûêΓûè  | 3524/4500 [48:46<14:03,  1.16it/s]
 78%|ΓûêΓûêΓûêΓûêΓûêΓûêΓûêΓûè  | 3525/4500 [48:47<14:23,  1.13it/s]
 78%|ΓûêΓûêΓûêΓûêΓûêΓûêΓûêΓûè  | 3526/4500 [48:48<13:40,  1.19it/s]
 78%|ΓûêΓûêΓûêΓûêΓûêΓûêΓûêΓûè  | 3527/4500 [48:48<13:15,  1.22it/s]
 78%|ΓûêΓûêΓûêΓûêΓûêΓûêΓûêΓûè  | 3528/4500 [48:49<13:18,  1.22it/s]
 78%|ΓûêΓûêΓûêΓûêΓûêΓûêΓûêΓûè  | 3529/4500 [48:50<13:21,  1.21it/s]
 78%|ΓûêΓûêΓûêΓûêΓûêΓûêΓûêΓûè  | 3530/4500 [48:51<12:58,  1.25it/s]
 78%|ΓûêΓûêΓûêΓûêΓûêΓûêΓûêΓûè  | 3531/4500 [48:52<13:02,  1.24it/s]
 78%|ΓûêΓûêΓûêΓûêΓûêΓûêΓûêΓûè  | 3532/4500 [48:53<13:02,  1.24it/s]
 79%|ΓûêΓûêΓûêΓûêΓûêΓûêΓûêΓûè  | 3533/4500 [48:53<13:41,  1.18it/s]
 79%|ΓûêΓûêΓûêΓûêΓûêΓûêΓûêΓûè  | 3534/4500 [48:54<13:08,  1.22it/s]
 79%|ΓûêΓûêΓûêΓûêΓûêΓûêΓûêΓûè  | 3535/4500 [48:55<13:06,  1.23it/s]
 79%|ΓûêΓûêΓûêΓûêΓûêΓûêΓûêΓûè  | 3536/4500 [48:56<13:10,  1.22it/s]
 79%|ΓûêΓûêΓûêΓûêΓûêΓûêΓûêΓûè  | 3537/4500 [48:57<13:30,  1.19it/s]
 79%|ΓûêΓûêΓûêΓûêΓûêΓûêΓûêΓûè  | 3538/4500 [48:58<13:53,  1.15it/s]
 79%|ΓûêΓûêΓûêΓûêΓûêΓûêΓûêΓûè  | 3539/4500 [48:58<13:20,  1.20it/s]
 79%|ΓûêΓûêΓûêΓûêΓûêΓûêΓûêΓûè  | 3540/4500 [48:59<13:23,  1.20it/s]
 79%|ΓûêΓûêΓûêΓûêΓûêΓûêΓûêΓûè  | 3541/4500 [49:00<13:17,  1.20it/s]
 79%|ΓûêΓûêΓûêΓûêΓûêΓûêΓûêΓûè  | 3542/4500 [49:01<13:02,  1.22it/s]
 79%|ΓûêΓûêΓûêΓûêΓûêΓûêΓûêΓûè  | 3543/4500 [49:02<13:10,  1.21it/s]
 79%|ΓûêΓûêΓûêΓûêΓûêΓûêΓûêΓûë  | 3544/4500 [49:03<13:29,  1.18it/s]
 79%|ΓûêΓûêΓûêΓûêΓûêΓûêΓûêΓûë  | 3545/4500 [49:03<13:41,  1.16it/s]
 79%|ΓûêΓûêΓûêΓûêΓûêΓûêΓûêΓûë  | 3546/4500 [49:04<13:03,  1.22it/s]
 79%|ΓûêΓûêΓûêΓûêΓûêΓûêΓûêΓûë  | 3547/4500 [49:05<13:03,  1.22it/s]
 79%|ΓûêΓûêΓûêΓûêΓûêΓûêΓûêΓûë  | 3548/4500 [49:06<13:15,  1.20it/s]
 79%|ΓûêΓûêΓûêΓûêΓûêΓûêΓûêΓûë  | 3549/4500 [49:07<12:59,  1.22it/s]
 79%|ΓûêΓûêΓûêΓûêΓûêΓûêΓûêΓûë  | 3550/4500 [49:07<12:32,  1.26it/s]
 79%|ΓûêΓûêΓûêΓûêΓûêΓûêΓûêΓûë  | 3551/4500 [49:08<12:36,  1.25it/s]
 79%|ΓûêΓûêΓûêΓûêΓûêΓûêΓûêΓûë  | 3552/4500 [49:09<12:47,  1.24it/s]
 79%|ΓûêΓûêΓûêΓûêΓûêΓûêΓûêΓûë  | 3553/4500 [49:10<12:51,  1.23it/s]
 79%|ΓûêΓûêΓûêΓûêΓûêΓûêΓûêΓûë  | 3554/4500 [49:11<12:40,  1.24it/s]
 79%|ΓûêΓûêΓûêΓûêΓûêΓûêΓûêΓûë  | 3555/4500 [49:12<12:59,  1.21it/s]
 79%|ΓûêΓûêΓûêΓûêΓûêΓûêΓûêΓûë  | 3556/4500 [49:12<12:29,  1.26it/s]
 79%|ΓûêΓûêΓûêΓûêΓûêΓûêΓûêΓûë  | 3557/4500 [49:13<12:33,  1.25it/s]
 79%|ΓûêΓûêΓûêΓûêΓûêΓûêΓûêΓûë  | 3558/4500 [49:14<12:12,  1.29it/s]
 79%|ΓûêΓûêΓûêΓûêΓûêΓûêΓûêΓûë  | 3559/4500 [49:15<11:59,  1.31it/s]
 79%|ΓûêΓûêΓûêΓûêΓûêΓûêΓûêΓûë  | 3560/4500 [49:15<12:20,  1.27it/s]
 79%|ΓûêΓûêΓûêΓûêΓûêΓûêΓûêΓûë  | 3561/4500 [49:16<12:34,  1.24it/s]
 79%|ΓûêΓûêΓûêΓûêΓûêΓûêΓûêΓûë  | 3562/4500 [49:17<12:59,  1.20it/s]
 79%|ΓûêΓûêΓûêΓûêΓûêΓûêΓûêΓûë  | 3563/4500 [49:18<13:20,  1.17it/s]
 79%|ΓûêΓûêΓûêΓûêΓûêΓûêΓûêΓûë  | 3564/4500 [49:19<13:41,  1.14it/s]
 79%|ΓûêΓûêΓûêΓûêΓûêΓûêΓûêΓûë  | 3565/4500 [49:20<13:24,  1.16it/s]
 79%|ΓûêΓûêΓûêΓûêΓûêΓûêΓûêΓûë  | 3566/4500 [49:21<13:49,  1.13it/s]
 79%|ΓûêΓûêΓûêΓûêΓûêΓûêΓûêΓûë  | 3567/4500 [49:22<13:24,  1.16it/s]
 79%|ΓûêΓûêΓûêΓûêΓûêΓûêΓûêΓûë  | 3568/4500 [49:22<13:17,  1.17it/s]
 79%|ΓûêΓûêΓûêΓûêΓûêΓûêΓûêΓûë  | 3569/4500 [49:23<13:33,  1.14it/s]
 79%|ΓûêΓûêΓûêΓûêΓûêΓûêΓûêΓûë  | 3570/4500 [49:24<13:21,  1.16it/s]
 79%|ΓûêΓûêΓûêΓûêΓûêΓûêΓûêΓûë  | 3571/4500 [49:25<13:06,  1.18it/s]
 79%|ΓûêΓûêΓûêΓûêΓûêΓûêΓûêΓûë  | 3572/4500 [49:26<13:12,  1.17it/s]
 79%|ΓûêΓûêΓûêΓûêΓûêΓûêΓûêΓûë  | 3573/4500 [49:27<12:57,  1.19it/s]
 79%|ΓûêΓûêΓûêΓûêΓûêΓûêΓûêΓûë  | 3574/4500 [49:28<13:21,  1.16it/s]
 79%|ΓûêΓûêΓûêΓûêΓûêΓûêΓûêΓûë  | 3575/4500 [49:29<13:46,  1.12it/s]
 79%|ΓûêΓûêΓûêΓûêΓûêΓûêΓûêΓûë  | 3576/4500 [49:29<13:38,  1.13it/s]
 79%|ΓûêΓûêΓûêΓûêΓûêΓûêΓûêΓûë  | 3577/4500 [49:30<13:15,  1.16it/s]
 80%|ΓûêΓûêΓûêΓûêΓûêΓûêΓûêΓûë  | 3578/4500 [49:31<13:40,  1.12it/s]
 80%|ΓûêΓûêΓûêΓûêΓûêΓûêΓûêΓûë  | 3579/4500 [49:32<13:40,  1.12it/s]
 80%|ΓûêΓûêΓûêΓûêΓûêΓûêΓûêΓûë  | 3580/4500 [49:33<13:26,  1.14it/s]
 80%|ΓûêΓûêΓûêΓûêΓûêΓûêΓûêΓûë  | 3581/4500 [49:34<13:37,  1.12it/s]
 80%|ΓûêΓûêΓûêΓûêΓûêΓûêΓûêΓûë  | 3582/4500 [49:35<12:57,  1.18it/s]
 80%|ΓûêΓûêΓûêΓûêΓûêΓûêΓûêΓûë  | 3583/4500 [49:35<12:25,  1.23it/s]
 80%|ΓûêΓûêΓûêΓûêΓûêΓûêΓûêΓûë  | 3584/4500 [49:36<12:22,  1.23it/s]
 80%|ΓûêΓûêΓûêΓûêΓûêΓûêΓûêΓûë  | 3585/4500 [49:37<12:24,  1.23it/s]
 80%|ΓûêΓûêΓûêΓûêΓûêΓûêΓûêΓûë  | 3586/4500 [49:38<12:02,  1.27it/s]
 80%|ΓûêΓûêΓûêΓûêΓûêΓûêΓûêΓûë  | 3587/4500 [49:39<12:39,  1.20it/s]
 80%|ΓûêΓûêΓûêΓûêΓûêΓûêΓûêΓûë  | 3588/4500 [49:39<12:36,  1.21it/s]
 80%|ΓûêΓûêΓûêΓûêΓûêΓûêΓûêΓûë  | 3589/4500 [49:40<12:38,  1.20it/s]
 80%|ΓûêΓûêΓûêΓûêΓûêΓûêΓûêΓûë  | 3590/4500 [49:41<12:54,  1.17it/s]
 80%|ΓûêΓûêΓûêΓûêΓûêΓûêΓûêΓûë  | 3591/4500 [49:42<13:06,  1.16it/s]
 80%|ΓûêΓûêΓûêΓûêΓûêΓûêΓûêΓûë  | 3592/4500 [49:43<13:19,  1.14it/s]
 80%|ΓûêΓûêΓûêΓûêΓûêΓûêΓûêΓûë  | 3593/4500 [49:44<12:48,  1.18it/s]
 80%|ΓûêΓûêΓûêΓûêΓûêΓûêΓûêΓûë  | 3594/4500 [49:45<12:35,  1.20it/s]
 80%|ΓûêΓûêΓûêΓûêΓûêΓûêΓûêΓûë  | 3595/4500 [49:45<12:40,  1.19it/s]
 80%|ΓûêΓûêΓûêΓûêΓûêΓûêΓûêΓûë  | 3596/4500 [49:46<12:11,  1.24it/s]
 80%|ΓûêΓûêΓûêΓûêΓûêΓûêΓûêΓûë  | 3597/4500 [49:47<12:33,  1.20it/s]
 80%|ΓûêΓûêΓûêΓûêΓûêΓûêΓûêΓûë  | 3598/4500 [49:48<12:24,  1.21it/s]
 80%|ΓûêΓûêΓûêΓûêΓûêΓûêΓûêΓûë  | 3599/4500 [49:49<12:04,  1.24it/s]
 80%|ΓûêΓûêΓûêΓûêΓûêΓûêΓûêΓûê  | 3600/4500 [49:49<11:46,  1.27it/s]
 80%|ΓûêΓûêΓûêΓûêΓûêΓûêΓûêΓûê  | 3601/4500 [49:50<12:19,  1.22it/s]
 80%|ΓûêΓûêΓûêΓûêΓûêΓûêΓûêΓûê  | 3602/4500 [49:51<12:41,  1.18it/s]
 80%|ΓûêΓûêΓûêΓûêΓûêΓûêΓûêΓûê  | 3603/4500 [49:52<12:29,  1.20it/s]
 80%|ΓûêΓûêΓûêΓûêΓûêΓûêΓûêΓûê  | 3604/4500 [49:53<12:20,  1.21it/s]
 80%|ΓûêΓûêΓûêΓûêΓûêΓûêΓûêΓûê  | 3605/4500 [49:54<12:45,  1.17it/s]
 80%|ΓûêΓûêΓûêΓûêΓûêΓûêΓûêΓûê  | 3606/4500 [49:54<12:17,  1.21it/s]
 80%|ΓûêΓûêΓûêΓûêΓûêΓûêΓûêΓûê  | 3607/4500 [49:55<11:57,  1.25it/s]
 80%|ΓûêΓûêΓûêΓûêΓûêΓûêΓûêΓûê  | 3608/4500 [49:56<12:00,  1.24it/s]
 80%|ΓûêΓûêΓûêΓûêΓûêΓûêΓûêΓûê  | 3609/4500 [49:57<11:40,  1.27it/s]
 80%|ΓûêΓûêΓûêΓûêΓûêΓûêΓûêΓûê  | 3610/4500 [49:58<12:08,  1.22it/s]
 80%|ΓûêΓûêΓûêΓûêΓûêΓûêΓûêΓûê  | 3611/4500 [49:59<12:33,  1.18it/s]
 80%|ΓûêΓûêΓûêΓûêΓûêΓûêΓûêΓûê  | 3612/4500 [49:59<12:03,  1.23it/s]
 80%|ΓûêΓûêΓûêΓûêΓûêΓûêΓûêΓûê  | 3613/4500 [50:00<12:28,  1.18it/s]
 80%|ΓûêΓûêΓûêΓûêΓûêΓûêΓûêΓûê  | 3614/4500 [50:01<12:21,  1.20it/s]
 80%|ΓûêΓûêΓûêΓûêΓûêΓûêΓûêΓûê  | 3615/4500 [50:02<12:14,  1.20it/s]
 80%|ΓûêΓûêΓûêΓûêΓûêΓûêΓûêΓûê  | 3616/4500 [50:03<12:04,  1.22it/s]
 80%|ΓûêΓûêΓûêΓûêΓûêΓûêΓûêΓûê  | 3617/4500 [50:03<12:18,  1.20it/s]
 80%|ΓûêΓûêΓûêΓûêΓûêΓûêΓûêΓûê  | 3618/4500 [50:04<12:37,  1.16it/s]
 80%|ΓûêΓûêΓûêΓûêΓûêΓûêΓûêΓûê  | 3619/4500 [50:05<12:22,  1.19it/s]
 80%|ΓûêΓûêΓûêΓûêΓûêΓûêΓûêΓûê  | 3620/4500 [50:06<12:04,  1.21it/s]
 80%|ΓûêΓûêΓûêΓûêΓûêΓûêΓûêΓûê  | 3621/4500 [50:07<12:30,  1.17it/s]
 80%|ΓûêΓûêΓûêΓûêΓûêΓûêΓûêΓûê  | 3622/4500 [50:08<12:21,  1.18it/s]
 81%|ΓûêΓûêΓûêΓûêΓûêΓûêΓûêΓûê  | 3623/4500 [50:09<12:10,  1.20it/s]
 81%|ΓûêΓûêΓûêΓûêΓûêΓûêΓûêΓûê  | 3624/4500 [50:09<11:47,  1.24it/s]
 81%|ΓûêΓûêΓûêΓûêΓûêΓûêΓûêΓûê  | 3625/4500 [50:10<11:28,  1.27it/s]
 81%|ΓûêΓûêΓûêΓûêΓûêΓûêΓûêΓûê  | 3626/4500 [50:11<11:49,  1.23it/s]
 81%|ΓûêΓûêΓûêΓûêΓûêΓûêΓûêΓûê  | 3627/4500 [50:12<11:29,  1.27it/s]
 81%|ΓûêΓûêΓûêΓûêΓûêΓûêΓûêΓûê  | 3628/4500 [50:12<11:36,  1.25it/s]
 81%|ΓûêΓûêΓûêΓûêΓûêΓûêΓûêΓûê  | 3629/4500 [50:13<11:48,  1.23it/s]
 81%|ΓûêΓûêΓûêΓûêΓûêΓûêΓûêΓûê  | 3630/4500 [50:14<11:34,  1.25it/s]
 81%|ΓûêΓûêΓûêΓûêΓûêΓûêΓûêΓûê  | 3631/4500 [50:15<11:48,  1.23it/s]
 81%|ΓûêΓûêΓûêΓûêΓûêΓûêΓûêΓûê  | 3632/4500 [50:16<12:12,  1.18it/s]
 81%|ΓûêΓûêΓûêΓûêΓûêΓûêΓûêΓûê  | 3633/4500 [50:17<12:02,  1.20it/s]
 81%|ΓûêΓûêΓûêΓûêΓûêΓûêΓûêΓûê  | 3634/4500 [50:17<12:00,  1.20it/s]
 81%|ΓûêΓûêΓûêΓûêΓûêΓûêΓûêΓûê  | 3635/4500 [50:18<11:36,  1.24it/s]
 81%|ΓûêΓûêΓûêΓûêΓûêΓûêΓûêΓûê  | 3636/4500 [50:19<11:36,  1.24it/s]
 81%|ΓûêΓûêΓûêΓûêΓûêΓûêΓûêΓûê  | 3637/4500 [50:20<12:05,  1.19it/s]
 81%|ΓûêΓûêΓûêΓûêΓûêΓûêΓûêΓûê  | 3638/4500 [50:21<11:40,  1.23it/s]
 81%|ΓûêΓûêΓûêΓûêΓûêΓûêΓûêΓûê  | 3639/4500 [50:22<12:02,  1.19it/s]
 81%|ΓûêΓûêΓûêΓûêΓûêΓûêΓûêΓûê  | 3640/4500 [50:22<12:01,  1.19it/s]
 81%|ΓûêΓûêΓûêΓûêΓûêΓûêΓûêΓûê  | 3641/4500 [50:23<11:58,  1.20it/s]
 81%|ΓûêΓûêΓûêΓûêΓûêΓûêΓûêΓûê  | 3642/4500 [50:24<11:52,  1.20it/s]
 81%|ΓûêΓûêΓûêΓûêΓûêΓûêΓûêΓûê  | 3643/4500 [50:25<11:51,  1.20it/s]
 81%|ΓûêΓûêΓûêΓûêΓûêΓûêΓûêΓûê  | 3644/4500 [50:26<11:27,  1.24it/s]
 81%|ΓûêΓûêΓûêΓûêΓûêΓûêΓûêΓûê  | 3645/4500 [50:26<11:27,  1.24it/s]
 81%|ΓûêΓûêΓûêΓûêΓûêΓûêΓûêΓûê  | 3646/4500 [50:27<11:42,  1.22it/s]
 81%|ΓûêΓûêΓûêΓûêΓûêΓûêΓûêΓûê  | 3647/4500 [50:28<11:48,  1.20it/s]
 81%|ΓûêΓûêΓûêΓûêΓûêΓûêΓûêΓûê  | 3648/4500 [50:29<13:12,  1.08it/s]
 81%|ΓûêΓûêΓûêΓûêΓûêΓûêΓûêΓûê  | 3649/4500 [50:30<12:43,  1.11it/s]
 81%|ΓûêΓûêΓûêΓûêΓûêΓûêΓûêΓûê  | 3650/4500 [50:31<12:11,  1.16it/s]
 81%|ΓûêΓûêΓûêΓûêΓûêΓûêΓûêΓûê  | 3651/4500 [50:32<12:08,  1.17it/s]
 81%|ΓûêΓûêΓûêΓûêΓûêΓûêΓûêΓûê  | 3652/4500 [50:32<11:33,  1.22it/s]
 81%|ΓûêΓûêΓûêΓûêΓûêΓûêΓûêΓûê  | 3653/4500 [50:33<11:33,  1.22it/s]
 81%|ΓûêΓûêΓûêΓûêΓûêΓûêΓûêΓûê  | 3654/4500 [50:34<11:36,  1.21it/s]
 81%|ΓûêΓûêΓûêΓûêΓûêΓûêΓûêΓûê  | 3655/4500 [50:35<11:36,  1.21it/s]
 81%|ΓûêΓûêΓûêΓûêΓûêΓûêΓûêΓûê  | 3656/4500 [50:36<11:52,  1.18it/s]
 81%|ΓûêΓûêΓûêΓûêΓûêΓûêΓûêΓûêΓûÅ | 3657/4500 [50:37<12:05,  1.16it/s]
 81%|ΓûêΓûêΓûêΓûêΓûêΓûêΓûêΓûêΓûÅ | 3658/4500 [50:38<11:54,  1.18it/s]
 81%|ΓûêΓûêΓûêΓûêΓûêΓûêΓûêΓûêΓûÅ | 3659/4500 [50:38<11:42,  1.20it/s]
 81%|ΓûêΓûêΓûêΓûêΓûêΓûêΓûêΓûêΓûÅ | 3660/4500 [50:39<11:18,  1.24it/s]
 81%|ΓûêΓûêΓûêΓûêΓûêΓûêΓûêΓûêΓûÅ | 3661/4500 [50:40<11:25,  1.22it/s]
 81%|ΓûêΓûêΓûêΓûêΓûêΓûêΓûêΓûêΓûÅ | 3662/4500 [50:41<11:04,  1.26it/s]
 81%|ΓûêΓûêΓûêΓûêΓûêΓûêΓûêΓûêΓûÅ | 3663/4500 [50:41<10:55,  1.28it/s]
 81%|ΓûêΓûêΓûêΓûêΓûêΓûêΓûêΓûêΓûÅ | 3664/4500 [50:42<11:05,  1.26it/s]
 81%|ΓûêΓûêΓûêΓûêΓûêΓûêΓûêΓûêΓûÅ | 3665/4500 [50:43<10:52,  1.28it/s]
 81%|ΓûêΓûêΓûêΓûêΓûêΓûêΓûêΓûêΓûÅ | 3666/4500 [50:44<11:06,  1.25it/s]
 81%|ΓûêΓûêΓûêΓûêΓûêΓûêΓûêΓûêΓûÅ | 3667/4500 [50:45<11:18,  1.23it/s]
 82%|ΓûêΓûêΓûêΓûêΓûêΓûêΓûêΓûêΓûÅ | 3668/4500 [50:46<11:23,  1.22it/s]
 82%|ΓûêΓûêΓûêΓûêΓûêΓûêΓûêΓûêΓûÅ | 3669/4500 [50:46<11:22,  1.22it/s]
 82%|ΓûêΓûêΓûêΓûêΓûêΓûêΓûêΓûêΓûÅ | 3670/4500 [50:47<11:01,  1.26it/s]
 82%|ΓûêΓûêΓûêΓûêΓûêΓûêΓûêΓûêΓûÅ | 3671/4500 [50:48<11:04,  1.25it/s]
 82%|ΓûêΓûêΓûêΓûêΓûêΓûêΓûêΓûêΓûÅ | 3672/4500 [50:49<11:07,  1.24it/s]
 82%|ΓûêΓûêΓûêΓûêΓûêΓûêΓûêΓûêΓûÅ | 3673/4500 [50:50<11:29,  1.20it/s]
 82%|ΓûêΓûêΓûêΓûêΓûêΓûêΓûêΓûêΓûÅ | 3674/4500 [50:50<11:08,  1.24it/s]
 82%|ΓûêΓûêΓûêΓûêΓûêΓûêΓûêΓûêΓûÅ | 3675/4500 [50:51<11:34,  1.19it/s]
 82%|ΓûêΓûêΓûêΓûêΓûêΓûêΓûêΓûêΓûÅ | 3676/4500 [50:52<11:48,  1.16it/s]
 82%|ΓûêΓûêΓûêΓûêΓûêΓûêΓûêΓûêΓûÅ | 3677/4500 [50:53<11:16,  1.22it/s]
 82%|ΓûêΓûêΓûêΓûêΓûêΓûêΓûêΓûêΓûÅ | 3678/4500 [50:54<11:09,  1.23it/s]
 82%|ΓûêΓûêΓûêΓûêΓûêΓûêΓûêΓûêΓûÅ | 3679/4500 [50:54<10:50,  1.26it/s]
 82%|ΓûêΓûêΓûêΓûêΓûêΓûêΓûêΓûêΓûÅ | 3680/4500 [50:55<11:02,  1.24it/s]
 82%|ΓûêΓûêΓûêΓûêΓûêΓûêΓûêΓûêΓûÅ | 3681/4500 [50:56<11:28,  1.19it/s]
 82%|ΓûêΓûêΓûêΓûêΓûêΓûêΓûêΓûêΓûÅ | 3682/4500 [50:57<11:21,  1.20it/s]
 82%|ΓûêΓûêΓûêΓûêΓûêΓûêΓûêΓûêΓûÅ | 3683/4500 [50:58<11:11,  1.22it/s]
 82%|ΓûêΓûêΓûêΓûêΓûêΓûêΓûêΓûêΓûÅ | 3684/4500 [50:59<10:53,  1.25it/s]
 82%|ΓûêΓûêΓûêΓûêΓûêΓûêΓûêΓûêΓûÅ | 3685/4500 [50:59<10:53,  1.25it/s]
 82%|ΓûêΓûêΓûêΓûêΓûêΓûêΓûêΓûêΓûÅ | 3686/4500 [51:00<11:20,  1.20it/s]
 82%|ΓûêΓûêΓûêΓûêΓûêΓûêΓûêΓûêΓûÅ | 3687/4500 [51:01<11:25,  1.19it/s]
 82%|ΓûêΓûêΓûêΓûêΓûêΓûêΓûêΓûêΓûÅ | 3688/4500 [51:02<11:25,  1.18it/s]
 82%|ΓûêΓûêΓûêΓûêΓûêΓûêΓûêΓûêΓûÅ | 3689/4500 [51:03<11:37,  1.16it/s]
 82%|ΓûêΓûêΓûêΓûêΓûêΓûêΓûêΓûêΓûÅ | 3690/4500 [51:04<11:10,  1.21it/s]
 82%|ΓûêΓûêΓûêΓûêΓûêΓûêΓûêΓûêΓûÅ | 3691/4500 [51:04<10:53,  1.24it/s]
 82%|ΓûêΓûêΓûêΓûêΓûêΓûêΓûêΓûêΓûÅ | 3692/4500 [51:05<10:38,  1.27it/s]
 82%|ΓûêΓûêΓûêΓûêΓûêΓûêΓûêΓûêΓûÅ | 3693/4500 [51:06<10:25,  1.29it/s]
 82%|ΓûêΓûêΓûêΓûêΓûêΓûêΓûêΓûêΓûÅ | 3694/4500 [51:07<10:34,  1.27it/s]
 82%|ΓûêΓûêΓûêΓûêΓûêΓûêΓûêΓûêΓûÅ | 3695/4500 [51:08<10:38,  1.26it/s]
 82%|ΓûêΓûêΓûêΓûêΓûêΓûêΓûêΓûêΓûÅ | 3696/4500 [51:08<10:25,  1.28it/s]
 82%|ΓûêΓûêΓûêΓûêΓûêΓûêΓûêΓûêΓûÅ | 3697/4500 [51:09<10:11,  1.31it/s]
 82%|ΓûêΓûêΓûêΓûêΓûêΓûêΓûêΓûêΓûÅ | 3698/4500 [51:10<10:19,  1.29it/s]
 82%|ΓûêΓûêΓûêΓûêΓûêΓûêΓûêΓûêΓûÅ | 3699/4500 [51:11<10:07,  1.32it/s]
 82%|ΓûêΓûêΓûêΓûêΓûêΓûêΓûêΓûêΓûÅ | 3700/4500 [51:11<10:21,  1.29it/s]
 82%|ΓûêΓûêΓûêΓûêΓûêΓûêΓûêΓûêΓûÅ | 3701/4500 [51:12<10:27,  1.27it/s]
 82%|ΓûêΓûêΓûêΓûêΓûêΓûêΓûêΓûêΓûÅ | 3702/4500 [51:13<10:54,  1.22it/s]
 82%|ΓûêΓûêΓûêΓûêΓûêΓûêΓûêΓûêΓûÅ | 3703/4500 [51:14<10:54,  1.22it/s]
 82%|ΓûêΓûêΓûêΓûêΓûêΓûêΓûêΓûêΓûÅ | 3704/4500 [51:15<10:32,  1.26it/s]
 82%|ΓûêΓûêΓûêΓûêΓûêΓûêΓûêΓûêΓûÅ | 3705/4500 [51:15<10:38,  1.25it/s]
 82%|ΓûêΓûêΓûêΓûêΓûêΓûêΓûêΓûêΓûÅ | 3706/4500 [51:16<11:12,  1.18it/s]
 82%|ΓûêΓûêΓûêΓûêΓûêΓûêΓûêΓûêΓûÅ | 3707/4500 [51:17<11:26,  1.15it/s]
 82%|ΓûêΓûêΓûêΓûêΓûêΓûêΓûêΓûêΓûÅ | 3708/4500 [51:18<11:14,  1.17it/s]
 82%|ΓûêΓûêΓûêΓûêΓûêΓûêΓûêΓûêΓûÅ | 3709/4500 [51:19<11:08,  1.18it/s]
 82%|ΓûêΓûêΓûêΓûêΓûêΓûêΓûêΓûêΓûÅ | 3710/4500 [51:20<10:39,  1.23it/s]
 82%|ΓûêΓûêΓûêΓûêΓûêΓûêΓûêΓûêΓûÅ | 3711/4500 [51:21<10:58,  1.20it/s]
 82%|ΓûêΓûêΓûêΓûêΓûêΓûêΓûêΓûêΓûÅ | 3712/4500 [51:21<11:13,  1.17it/s]
 83%|ΓûêΓûêΓûêΓûêΓûêΓûêΓûêΓûêΓûÄ | 3713/4500 [51:22<11:05,  1.18it/s]
 83%|ΓûêΓûêΓûêΓûêΓûêΓûêΓûêΓûêΓûÄ | 3714/4500 [51:23<11:23,  1.15it/s]
 83%|ΓûêΓûêΓûêΓûêΓûêΓûêΓûêΓûêΓûÄ | 3715/4500 [51:24<10:53,  1.20it/s]
 83%|ΓûêΓûêΓûêΓûêΓûêΓûêΓûêΓûêΓûÄ | 3716/4500 [51:25<10:33,  1.24it/s]
 83%|ΓûêΓûêΓûêΓûêΓûêΓûêΓûêΓûêΓûÄ | 3717/4500 [51:26<10:39,  1.22it/s]
 83%|ΓûêΓûêΓûêΓûêΓûêΓûêΓûêΓûêΓûÄ | 3718/4500 [51:26<10:58,  1.19it/s]
 83%|ΓûêΓûêΓûêΓûêΓûêΓûêΓûêΓûêΓûÄ | 3719/4500 [51:27<10:29,  1.24it/s]
 83%|ΓûêΓûêΓûêΓûêΓûêΓûêΓûêΓûêΓûÄ | 3720/4500 [51:28<10:32,  1.23it/s]
 83%|ΓûêΓûêΓûêΓûêΓûêΓûêΓûêΓûêΓûÄ | 3721/4500 [51:29<10:27,  1.24it/s]
 83%|ΓûêΓûêΓûêΓûêΓûêΓûêΓûêΓûêΓûÄ | 3722/4500 [51:30<10:44,  1.21it/s]
 83%|ΓûêΓûêΓûêΓûêΓûêΓûêΓûêΓûêΓûÄ | 3723/4500 [51:30<10:26,  1.24it/s]
 83%|ΓûêΓûêΓûêΓûêΓûêΓûêΓûêΓûêΓûÄ | 3724/4500 [51:31<10:58,  1.18it/s]
 83%|ΓûêΓûêΓûêΓûêΓûêΓûêΓûêΓûêΓûÄ | 3725/4500 [51:32<10:27,  1.23it/s]
 83%|ΓûêΓûêΓûêΓûêΓûêΓûêΓûêΓûêΓûÄ | 3726/4500 [51:33<10:27,  1.23it/s]
 83%|ΓûêΓûêΓûêΓûêΓûêΓûêΓûêΓûêΓûÄ | 3727/4500 [51:34<10:25,  1.24it/s]
 83%|ΓûêΓûêΓûêΓûêΓûêΓûêΓûêΓûêΓûÄ | 3728/4500 [51:34<10:05,  1.28it/s]
 83%|ΓûêΓûêΓûêΓûêΓûêΓûêΓûêΓûêΓûÄ | 3729/4500 [51:35<09:49,  1.31it/s]
 83%|ΓûêΓûêΓûêΓûêΓûêΓûêΓûêΓûêΓûÄ | 3730/4500 [51:36<10:15,  1.25it/s]
 83%|ΓûêΓûêΓûêΓûêΓûêΓûêΓûêΓûêΓûÄ | 3731/4500 [51:37<10:59,  1.17it/s]
 83%|ΓûêΓûêΓûêΓûêΓûêΓûêΓûêΓûêΓûÄ | 3732/4500 [51:38<10:56,  1.17it/s]
 83%|ΓûêΓûêΓûêΓûêΓûêΓûêΓûêΓûêΓûÄ | 3733/4500 [51:39<11:10,  1.14it/s]
 83%|ΓûêΓûêΓûêΓûêΓûêΓûêΓûêΓûêΓûÄ | 3734/4500 [51:40<10:44,  1.19it/s]
 83%|ΓûêΓûêΓûêΓûêΓûêΓûêΓûêΓûêΓûÄ | 3735/4500 [51:40<10:41,  1.19it/s]
 83%|ΓûêΓûêΓûêΓûêΓûêΓûêΓûêΓûêΓûÄ | 3736/4500 [51:41<11:08,  1.14it/s]
 83%|ΓûêΓûêΓûêΓûêΓûêΓûêΓûêΓûêΓûÄ | 3737/4500 [51:42<11:21,  1.12it/s]
 83%|ΓûêΓûêΓûêΓûêΓûêΓûêΓûêΓûêΓûÄ | 3738/4500 [51:43<11:34,  1.10it/s]
 83%|ΓûêΓûêΓûêΓûêΓûêΓûêΓûêΓûêΓûÄ | 3739/4500 [51:44<11:31,  1.10it/s]
 83%|ΓûêΓûêΓûêΓûêΓûêΓûêΓûêΓûêΓûÄ | 3740/4500 [51:45<11:36,  1.09it/s]
 83%|ΓûêΓûêΓûêΓûêΓûêΓûêΓûêΓûêΓûÄ | 3741/4500 [51:46<11:13,  1.13it/s]
 83%|ΓûêΓûêΓûêΓûêΓûêΓûêΓûêΓûêΓûÄ | 3742/4500 [51:47<10:57,  1.15it/s]
 83%|ΓûêΓûêΓûêΓûêΓûêΓûêΓûêΓûêΓûÄ | 3743/4500 [51:48<10:44,  1.18it/s]
 83%|ΓûêΓûêΓûêΓûêΓûêΓûêΓûêΓûêΓûÄ | 3744/4500 [51:48<10:34,  1.19it/s]
 83%|ΓûêΓûêΓûêΓûêΓûêΓûêΓûêΓûêΓûÄ | 3745/4500 [51:49<10:08,  1.24it/s]
 83%|ΓûêΓûêΓûêΓûêΓûêΓûêΓûêΓûêΓûÄ | 3746/4500 [51:50<10:09,  1.24it/s]
 83%|ΓûêΓûêΓûêΓûêΓûêΓûêΓûêΓûêΓûÄ | 3747/4500 [51:51<10:36,  1.18it/s]
 83%|ΓûêΓûêΓûêΓûêΓûêΓûêΓûêΓûêΓûÄ | 3748/4500 [51:52<10:08,  1.24it/s]
 83%|ΓûêΓûêΓûêΓûêΓûêΓûêΓûêΓûêΓûÄ | 3749/4500 [51:52<09:50,  1.27it/s]
 83%|ΓûêΓûêΓûêΓûêΓûêΓûêΓûêΓûêΓûÄ | 3750/4500 [51:53<09:59,  1.25it/s]
 83%|ΓûêΓûêΓûêΓûêΓûêΓûêΓûêΓûêΓûÄ | 3751/4500 [51:54<10:19,  1.21it/s]
 83%|ΓûêΓûêΓûêΓûêΓûêΓûêΓûêΓûêΓûÄ | 3752/4500 [51:55<10:40,  1.17it/s]
 83%|ΓûêΓûêΓûêΓûêΓûêΓûêΓûêΓûêΓûÄ | 3753/4500 [51:56<10:40,  1.17it/s]
 83%|ΓûêΓûêΓûêΓûêΓûêΓûêΓûêΓûêΓûÄ | 3754/4500 [51:57<10:27,  1.19it/s]
 83%|ΓûêΓûêΓûêΓûêΓûêΓûêΓûêΓûêΓûÄ | 3755/4500 [51:57<10:14,  1.21it/s]
 83%|ΓûêΓûêΓûêΓûêΓûêΓûêΓûêΓûêΓûÄ | 3756/4500 [51:58<10:29,  1.18it/s]
 83%|ΓûêΓûêΓûêΓûêΓûêΓûêΓûêΓûêΓûÄ | 3757/4500 [51:59<10:28,  1.18it/s]
 84%|ΓûêΓûêΓûêΓûêΓûêΓûêΓûêΓûêΓûÄ | 3758/4500 [52:00<10:17,  1.20it/s]
 84%|ΓûêΓûêΓûêΓûêΓûêΓûêΓûêΓûêΓûÄ | 3759/4500 [52:01<10:42,  1.15it/s]
 84%|ΓûêΓûêΓûêΓûêΓûêΓûêΓûêΓûêΓûÄ | 3760/4500 [52:02<10:52,  1.13it/s]
 84%|ΓûêΓûêΓûêΓûêΓûêΓûêΓûêΓûêΓûÄ | 3761/4500 [52:03<10:16,  1.20it/s]
 84%|ΓûêΓûêΓûêΓûêΓûêΓûêΓûêΓûêΓûÄ | 3762/4500 [52:03<10:28,  1.17it/s]
 84%|ΓûêΓûêΓûêΓûêΓûêΓûêΓûêΓûêΓûÄ | 3763/4500 [52:04<10:41,  1.15it/s]
 84%|ΓûêΓûêΓûêΓûêΓûêΓûêΓûêΓûêΓûÄ | 3764/4500 [52:05<10:23,  1.18it/s]
 84%|ΓûêΓûêΓûêΓûêΓûêΓûêΓûêΓûêΓûÄ | 3765/4500 [52:06<10:09,  1.20it/s]
 84%|ΓûêΓûêΓûêΓûêΓûêΓûêΓûêΓûêΓûÄ | 3766/4500 [52:07<10:02,  1.22it/s]
 84%|ΓûêΓûêΓûêΓûêΓûêΓûêΓûêΓûêΓûÄ | 3767/4500 [52:07<09:53,  1.23it/s]
 84%|ΓûêΓûêΓûêΓûêΓûêΓûêΓûêΓûêΓûÄ | 3768/4500 [52:08<09:36,  1.27it/s]
 84%|ΓûêΓûêΓûêΓûêΓûêΓûêΓûêΓûêΓûì | 3769/4500 [52:09<09:49,  1.24it/s]
 84%|ΓûêΓûêΓûêΓûêΓûêΓûêΓûêΓûêΓûì | 3770/4500 [52:10<09:53,  1.23it/s]
 84%|ΓûêΓûêΓûêΓûêΓûêΓûêΓûêΓûêΓûì | 3771/4500 [52:11<09:54,  1.23it/s]
 84%|ΓûêΓûêΓûêΓûêΓûêΓûêΓûêΓûêΓûì | 3772/4500 [52:12<09:50,  1.23it/s]
 84%|ΓûêΓûêΓûêΓûêΓûêΓûêΓûêΓûêΓûì | 3773/4500 [52:12<09:52,  1.23it/s]
 84%|ΓûêΓûêΓûêΓûêΓûêΓûêΓûêΓûêΓûì | 3774/4500 [52:13<09:39,  1.25it/s]
 84%|ΓûêΓûêΓûêΓûêΓûêΓûêΓûêΓûêΓûì | 3775/4500 [52:14<09:28,  1.28it/s]
 84%|ΓûêΓûêΓûêΓûêΓûêΓûêΓûêΓûêΓûì | 3776/4500 [52:15<09:50,  1.23it/s]
 84%|ΓûêΓûêΓûêΓûêΓûêΓûêΓûêΓûêΓûì | 3777/4500 [52:15<09:31,  1.27it/s]
 84%|ΓûêΓûêΓûêΓûêΓûêΓûêΓûêΓûêΓûì | 3778/4500 [52:16<09:25,  1.28it/s]
 84%|ΓûêΓûêΓûêΓûêΓûêΓûêΓûêΓûêΓûì | 3779/4500 [52:17<09:36,  1.25it/s]
 84%|ΓûêΓûêΓûêΓûêΓûêΓûêΓûêΓûêΓûì | 3780/4500 [52:18<09:52,  1.22it/s]
 84%|ΓûêΓûêΓûêΓûêΓûêΓûêΓûêΓûêΓûì | 3781/4500 [52:19<09:43,  1.23it/s]
 84%|ΓûêΓûêΓûêΓûêΓûêΓûêΓûêΓûêΓûì | 3782/4500 [52:20<09:42,  1.23it/s]
 84%|ΓûêΓûêΓûêΓûêΓûêΓûêΓûêΓûêΓûì | 3783/4500 [52:20<09:23,  1.27it/s]
 84%|ΓûêΓûêΓûêΓûêΓûêΓûêΓûêΓûêΓûì | 3784/4500 [52:21<09:24,  1.27it/s]
 84%|ΓûêΓûêΓûêΓûêΓûêΓûêΓûêΓûêΓûì | 3785/4500 [52:22<09:36,  1.24it/s]
 84%|ΓûêΓûêΓûêΓûêΓûêΓûêΓûêΓûêΓûì | 3786/4500 [52:23<09:28,  1.26it/s]
 84%|ΓûêΓûêΓûêΓûêΓûêΓûêΓûêΓûêΓûì | 3787/4500 [52:24<10:13,  1.16it/s]
 84%|ΓûêΓûêΓûêΓûêΓûêΓûêΓûêΓûêΓûì | 3788/4500 [52:25<10:37,  1.12it/s]
 84%|ΓûêΓûêΓûêΓûêΓûêΓûêΓûêΓûêΓûì | 3789/4500 [52:25<10:13,  1.16it/s]
 84%|ΓûêΓûêΓûêΓûêΓûêΓûêΓûêΓûêΓûì | 3790/4500 [52:26<10:10,  1.16it/s]
 84%|ΓûêΓûêΓûêΓûêΓûêΓûêΓûêΓûêΓûì | 3791/4500 [52:27<09:57,  1.19it/s]
 84%|ΓûêΓûêΓûêΓûêΓûêΓûêΓûêΓûêΓûì | 3792/4500 [52:28<09:48,  1.20it/s]
 84%|ΓûêΓûêΓûêΓûêΓûêΓûêΓûêΓûêΓûì | 3793/4500 [52:29<10:00,  1.18it/s]
 84%|ΓûêΓûêΓûêΓûêΓûêΓûêΓûêΓûêΓûì | 3794/4500 [52:30<10:00,  1.18it/s]
 84%|ΓûêΓûêΓûêΓûêΓûêΓûêΓûêΓûêΓûì | 3795/4500 [52:31<10:01,  1.17it/s]
 84%|ΓûêΓûêΓûêΓûêΓûêΓûêΓûêΓûêΓûì | 3796/4500 [52:32<10:27,  1.12it/s]
 84%|ΓûêΓûêΓûêΓûêΓûêΓûêΓûêΓûêΓûì | 3797/4500 [52:32<10:33,  1.11it/s]
 84%|ΓûêΓûêΓûêΓûêΓûêΓûêΓûêΓûêΓûì | 3798/4500 [52:33<09:58,  1.17it/s]
 84%|ΓûêΓûêΓûêΓûêΓûêΓûêΓûêΓûêΓûì | 3799/4500 [52:34<09:58,  1.17it/s]
 84%|ΓûêΓûêΓûêΓûêΓûêΓûêΓûêΓûêΓûì | 3800/4500 [52:35<09:47,  1.19it/s]
 84%|ΓûêΓûêΓûêΓûêΓûêΓûêΓûêΓûêΓûì | 3801/4500 [52:36<10:11,  1.14it/s]
 84%|ΓûêΓûêΓûêΓûêΓûêΓûêΓûêΓûêΓûì | 3802/4500 [52:37<09:57,  1.17it/s]
 85%|ΓûêΓûêΓûêΓûêΓûêΓûêΓûêΓûêΓûì | 3803/4500 [52:38<10:02,  1.16it/s]
 85%|ΓûêΓûêΓûêΓûêΓûêΓûêΓûêΓûêΓûì | 3804/4500 [52:38<10:06,  1.15it/s]
 85%|ΓûêΓûêΓûêΓûêΓûêΓûêΓûêΓûêΓûì | 3805/4500 [52:39<09:59,  1.16it/s]
 85%|ΓûêΓûêΓûêΓûêΓûêΓûêΓûêΓûêΓûì | 3806/4500 [52:40<10:00,  1.16it/s]
 85%|ΓûêΓûêΓûêΓûêΓûêΓûêΓûêΓûêΓûì | 3807/4500 [52:41<10:17,  1.12it/s]
 85%|ΓûêΓûêΓûêΓûêΓûêΓûêΓûêΓûêΓûì | 3808/4500 [52:42<09:48,  1.18it/s]
 85%|ΓûêΓûêΓûêΓûêΓûêΓûêΓûêΓûêΓûì | 3809/4500 [52:43<09:28,  1.22it/s]
 85%|ΓûêΓûêΓûêΓûêΓûêΓûêΓûêΓûêΓûì | 3810/4500 [52:43<09:11,  1.25it/s]
 85%|ΓûêΓûêΓûêΓûêΓûêΓûêΓûêΓûêΓûì | 3811/4500 [52:44<09:02,  1.27it/s]
 85%|ΓûêΓûêΓûêΓûêΓûêΓûêΓûêΓûêΓûì | 3812/4500 [52:45<09:06,  1.26it/s]
 85%|ΓûêΓûêΓûêΓûêΓûêΓûêΓûêΓûêΓûì | 3813/4500 [52:46<09:05,  1.26it/s]
 85%|ΓûêΓûêΓûêΓûêΓûêΓûêΓûêΓûêΓûì | 3814/4500 [52:46<08:49,  1.30it/s]
 85%|ΓûêΓûêΓûêΓûêΓûêΓûêΓûêΓûêΓûì | 3815/4500 [52:47<08:39,  1.32it/s]
 85%|ΓûêΓûêΓûêΓûêΓûêΓûêΓûêΓûêΓûì | 3816/4500 [52:48<09:13,  1.24it/s]
 85%|ΓûêΓûêΓûêΓûêΓûêΓûêΓûêΓûêΓûì | 3817/4500 [52:49<09:19,  1.22it/s]
 85%|ΓûêΓûêΓûêΓûêΓûêΓûêΓûêΓûêΓûì | 3818/4500 [52:50<09:31,  1.19it/s]
 85%|ΓûêΓûêΓûêΓûêΓûêΓûêΓûêΓûêΓûì | 3819/4500 [52:51<09:57,  1.14it/s]
 85%|ΓûêΓûêΓûêΓûêΓûêΓûêΓûêΓûêΓûì | 3820/4500 [52:52<09:53,  1.15it/s]
 85%|ΓûêΓûêΓûêΓûêΓûêΓûêΓûêΓûêΓûì | 3821/4500 [52:52<09:51,  1.15it/s]
 85%|ΓûêΓûêΓûêΓûêΓûêΓûêΓûêΓûêΓûì | 3822/4500 [52:53<10:01,  1.13it/s]
 85%|ΓûêΓûêΓûêΓûêΓûêΓûêΓûêΓûêΓûì | 3823/4500 [52:54<09:51,  1.14it/s]
 85%|ΓûêΓûêΓûêΓûêΓûêΓûêΓûêΓûêΓûì | 3824/4500 [52:55<09:39,  1.17it/s]
 85%|ΓûêΓûêΓûêΓûêΓûêΓûêΓûêΓûêΓûî | 3825/4500 [52:56<09:35,  1.17it/s]
 85%|ΓûêΓûêΓûêΓûêΓûêΓûêΓûêΓûêΓûî | 3826/4500 [52:57<09:23,  1.20it/s]
 85%|ΓûêΓûêΓûêΓûêΓûêΓûêΓûêΓûêΓûî | 3827/4500 [52:58<09:18,  1.20it/s]
 85%|ΓûêΓûêΓûêΓûêΓûêΓûêΓûêΓûêΓûî | 3828/4500 [52:58<09:32,  1.17it/s]
 85%|ΓûêΓûêΓûêΓûêΓûêΓûêΓûêΓûêΓûî | 3829/4500 [52:59<09:30,  1.18it/s]
 85%|ΓûêΓûêΓûêΓûêΓûêΓûêΓûêΓûêΓûî | 3830/4500 [53:00<09:38,  1.16it/s]
 85%|ΓûêΓûêΓûêΓûêΓûêΓûêΓûêΓûêΓûî | 3831/4500 [53:01<09:46,  1.14it/s]
 85%|ΓûêΓûêΓûêΓûêΓûêΓûêΓûêΓûêΓûî | 3832/4500 [53:02<09:54,  1.12it/s]
 85%|ΓûêΓûêΓûêΓûêΓûêΓûêΓûêΓûêΓûî | 3833/4500 [53:03<09:56,  1.12it/s]
 85%|ΓûêΓûêΓûêΓûêΓûêΓûêΓûêΓûêΓûî | 3834/4500 [53:04<10:00,  1.11it/s]
 85%|ΓûêΓûêΓûêΓûêΓûêΓûêΓûêΓûêΓûî | 3835/4500 [53:05<10:01,  1.11it/s]
 85%|ΓûêΓûêΓûêΓûêΓûêΓûêΓûêΓûêΓûî | 3836/4500 [53:06<09:47,  1.13it/s]
 85%|ΓûêΓûêΓûêΓûêΓûêΓûêΓûêΓûêΓûî | 3837/4500 [53:06<09:33,  1.16it/s]
 85%|ΓûêΓûêΓûêΓûêΓûêΓûêΓûêΓûêΓûî | 3838/4500 [53:07<09:56,  1.11it/s]
 85%|ΓûêΓûêΓûêΓûêΓûêΓûêΓûêΓûêΓûî | 3839/4500 [53:08<09:51,  1.12it/s]
 85%|ΓûêΓûêΓûêΓûêΓûêΓûêΓûêΓûêΓûî | 3840/4500 [53:09<10:11,  1.08it/s]
 85%|ΓûêΓûêΓûêΓûêΓûêΓûêΓûêΓûêΓûî | 3841/4500 [53:10<10:15,  1.07it/s]
 85%|ΓûêΓûêΓûêΓûêΓûêΓûêΓûêΓûêΓûî | 3842/4500 [53:11<10:00,  1.10it/s]
 85%|ΓûêΓûêΓûêΓûêΓûêΓûêΓûêΓûêΓûî | 3843/4500 [53:12<09:49,  1.12it/s]
 85%|ΓûêΓûêΓûêΓûêΓûêΓûêΓûêΓûêΓûî | 3844/4500 [53:13<09:56,  1.10it/s]
 85%|ΓûêΓûêΓûêΓûêΓûêΓûêΓûêΓûêΓûî | 3845/4500 [53:14<09:59,  1.09it/s]
 85%|ΓûêΓûêΓûêΓûêΓûêΓûêΓûêΓûêΓûî | 3846/4500 [53:15<09:57,  1.10it/s]
 85%|ΓûêΓûêΓûêΓûêΓûêΓûêΓûêΓûêΓûî | 3847/4500 [53:16<09:36,  1.13it/s]
 86%|ΓûêΓûêΓûêΓûêΓûêΓûêΓûêΓûêΓûî | 3848/4500 [53:17<09:58,  1.09it/s]
 86%|ΓûêΓûêΓûêΓûêΓûêΓûêΓûêΓûêΓûî | 3849/4500 [53:17<10:10,  1.07it/s]
 86%|ΓûêΓûêΓûêΓûêΓûêΓûêΓûêΓûêΓûî | 3850/4500 [53:18<09:42,  1.12it/s]
 86%|ΓûêΓûêΓûêΓûêΓûêΓûêΓûêΓûêΓûî | 3851/4500 [53:19<09:26,  1.15it/s]
 86%|ΓûêΓûêΓûêΓûêΓûêΓûêΓûêΓûêΓûî | 3852/4500 [53:20<09:28,  1.14it/s]
 86%|ΓûêΓûêΓûêΓûêΓûêΓûêΓûêΓûêΓûî | 3853/4500 [53:21<09:25,  1.14it/s]
 86%|ΓûêΓûêΓûêΓûêΓûêΓûêΓûêΓûêΓûî | 3854/4500 [53:22<09:44,  1.11it/s]
 86%|ΓûêΓûêΓûêΓûêΓûêΓûêΓûêΓûêΓûî | 3855/4500 [53:23<09:22,  1.15it/s]
 86%|ΓûêΓûêΓûêΓûêΓûêΓûêΓûêΓûêΓûî | 3856/4500 [53:24<09:42,  1.11it/s]
 86%|ΓûêΓûêΓûêΓûêΓûêΓûêΓûêΓûêΓûî | 3857/4500 [53:25<09:39,  1.11it/s]
 86%|ΓûêΓûêΓûêΓûêΓûêΓûêΓûêΓûêΓûî | 3858/4500 [53:25<09:40,  1.11it/s]
 86%|ΓûêΓûêΓûêΓûêΓûêΓûêΓûêΓûêΓûî | 3859/4500 [53:26<09:36,  1.11it/s]
 86%|ΓûêΓûêΓûêΓûêΓûêΓûêΓûêΓûêΓûî | 3860/4500 [53:27<09:35,  1.11it/s]
 86%|ΓûêΓûêΓûêΓûêΓûêΓûêΓûêΓûêΓûî | 3861/4500 [53:28<09:47,  1.09it/s]
 86%|ΓûêΓûêΓûêΓûêΓûêΓûêΓûêΓûêΓûî | 3862/4500 [53:29<09:24,  1.13it/s]
 86%|ΓûêΓûêΓûêΓûêΓûêΓûêΓûêΓûêΓûî | 3863/4500 [53:30<09:29,  1.12it/s]
 86%|ΓûêΓûêΓûêΓûêΓûêΓûêΓûêΓûêΓûî | 3864/4500 [53:31<09:43,  1.09it/s]
 86%|ΓûêΓûêΓûêΓûêΓûêΓûêΓûêΓûêΓûî | 3865/4500 [53:32<09:19,  1.14it/s]
 86%|ΓûêΓûêΓûêΓûêΓûêΓûêΓûêΓûêΓûî | 3866/4500 [53:33<09:23,  1.13it/s]
 86%|ΓûêΓûêΓûêΓûêΓûêΓûêΓûêΓûêΓûî | 3867/4500 [53:33<09:18,  1.13it/s]
 86%|ΓûêΓûêΓûêΓûêΓûêΓûêΓûêΓûêΓûî | 3868/4500 [53:34<08:58,  1.17it/s]
 86%|ΓûêΓûêΓûêΓûêΓûêΓûêΓûêΓûêΓûî | 3869/4500 [53:35<09:19,  1.13it/s]
 86%|ΓûêΓûêΓûêΓûêΓûêΓûêΓûêΓûêΓûî | 3870/4500 [53:36<08:53,  1.18it/s]
 86%|ΓûêΓûêΓûêΓûêΓûêΓûêΓûêΓûêΓûî | 3871/4500 [53:37<08:58,  1.17it/s]
 86%|ΓûêΓûêΓûêΓûêΓûêΓûêΓûêΓûêΓûî | 3872/4500 [53:38<08:39,  1.21it/s]
 86%|ΓûêΓûêΓûêΓûêΓûêΓûêΓûêΓûêΓûî | 3873/4500 [53:38<08:26,  1.24it/s]
 86%|ΓûêΓûêΓûêΓûêΓûêΓûêΓûêΓûêΓûî | 3874/4500 [53:39<08:08,  1.28it/s]
 86%|ΓûêΓûêΓûêΓûêΓûêΓûêΓûêΓûêΓûî | 3875/4500 [53:40<08:07,  1.28it/s]
 86%|ΓûêΓûêΓûêΓûêΓûêΓûêΓûêΓûêΓûî | 3876/4500 [53:41<08:02,  1.29it/s]
 86%|ΓûêΓûêΓûêΓûêΓûêΓûêΓûêΓûêΓûî | 3877/4500 [53:41<07:47,  1.33it/s]
 86%|ΓûêΓûêΓûêΓûêΓûêΓûêΓûêΓûêΓûî | 3878/4500 [53:42<08:05,  1.28it/s]
 86%|ΓûêΓûêΓûêΓûêΓûêΓûêΓûêΓûêΓûî | 3879/4500 [53:43<08:13,  1.26it/s]
 86%|ΓûêΓûêΓûêΓûêΓûêΓûêΓûêΓûêΓûî | 3880/4500 [53:44<08:00,  1.29it/s]
 86%|ΓûêΓûêΓûêΓûêΓûêΓûêΓûêΓûêΓûî | 3881/4500 [53:45<08:05,  1.27it/s]
 86%|ΓûêΓûêΓûêΓûêΓûêΓûêΓûêΓûêΓûï | 3882/4500 [53:45<08:05,  1.27it/s]
 86%|ΓûêΓûêΓûêΓûêΓûêΓûêΓûêΓûêΓûï | 3883/4500 [53:46<07:50,  1.31it/s]
 86%|ΓûêΓûêΓûêΓûêΓûêΓûêΓûêΓûêΓûï | 3884/4500 [53:47<07:52,  1.30it/s]
 86%|ΓûêΓûêΓûêΓûêΓûêΓûêΓûêΓûêΓûï | 3885/4500 [53:48<07:47,  1.31it/s]
 86%|ΓûêΓûêΓûêΓûêΓûêΓûêΓûêΓûêΓûï | 3886/4500 [53:48<08:03,  1.27it/s]
 86%|ΓûêΓûêΓûêΓûêΓûêΓûêΓûêΓûêΓûï | 3887/4500 [53:49<07:56,  1.29it/s]
 86%|ΓûêΓûêΓûêΓûêΓûêΓûêΓûêΓûêΓûï | 3888/4500 [53:50<07:41,  1.32it/s]
 86%|ΓûêΓûêΓûêΓûêΓûêΓûêΓûêΓûêΓûï | 3889/4500 [53:51<07:28,  1.36it/s]
 86%|ΓûêΓûêΓûêΓûêΓûêΓûêΓûêΓûêΓûï | 3890/4500 [53:51<07:22,  1.38it/s]
 86%|ΓûêΓûêΓûêΓûêΓûêΓûêΓûêΓûêΓûï | 3891/4500 [53:52<07:53,  1.29it/s]
 86%|ΓûêΓûêΓûêΓûêΓûêΓûêΓûêΓûêΓûï | 3892/4500 [53:53<07:59,  1.27it/s]
 87%|ΓûêΓûêΓûêΓûêΓûêΓûêΓûêΓûêΓûï | 3893/4500 [53:54<08:15,  1.23it/s]
 87%|ΓûêΓûêΓûêΓûêΓûêΓûêΓûêΓûêΓûï | 3894/4500 [53:55<08:18,  1.22it/s]
 87%|ΓûêΓûêΓûêΓûêΓûêΓûêΓûêΓûêΓûï | 3895/4500 [53:55<08:10,  1.23it/s]
 87%|ΓûêΓûêΓûêΓûêΓûêΓûêΓûêΓûêΓûï | 3896/4500 [53:56<08:06,  1.24it/s]
 87%|ΓûêΓûêΓûêΓûêΓûêΓûêΓûêΓûêΓûï | 3897/4500 [53:57<08:11,  1.23it/s]
 87%|ΓûêΓûêΓûêΓûêΓûêΓûêΓûêΓûêΓûï | 3898/4500 [53:58<07:50,  1.28it/s]
 87%|ΓûêΓûêΓûêΓûêΓûêΓûêΓûêΓûêΓûï | 3899/4500 [53:58<07:32,  1.33it/s]
 87%|ΓûêΓûêΓûêΓûêΓûêΓûêΓûêΓûêΓûï | 3900/4500 [53:59<07:36,  1.31it/s]
 87%|ΓûêΓûêΓûêΓûêΓûêΓûêΓûêΓûêΓûï | 3901/4500 [54:00<07:32,  1.32it/s]
 87%|ΓûêΓûêΓûêΓûêΓûêΓûêΓûêΓûêΓûï | 3902/4500 [54:01<07:36,  1.31it/s]
 87%|ΓûêΓûêΓûêΓûêΓûêΓûêΓûêΓûêΓûï | 3903/4500 [54:02<07:58,  1.25it/s]
 87%|ΓûêΓûêΓûêΓûêΓûêΓûêΓûêΓûêΓûï | 3904/4500 [54:02<07:51,  1.26it/s]
 87%|ΓûêΓûêΓûêΓûêΓûêΓûêΓûêΓûêΓûï | 3905/4500 [54:03<07:34,  1.31it/s]
 87%|ΓûêΓûêΓûêΓûêΓûêΓûêΓûêΓûêΓûï | 3906/4500 [54:04<07:28,  1.32it/s]
 87%|ΓûêΓûêΓûêΓûêΓûêΓûêΓûêΓûêΓûï | 3907/4500 [54:05<07:35,  1.30it/s]
 87%|ΓûêΓûêΓûêΓûêΓûêΓûêΓûêΓûêΓûï | 3908/4500 [54:05<07:21,  1.34it/s]
 87%|ΓûêΓûêΓûêΓûêΓûêΓûêΓûêΓûêΓûï | 3909/4500 [54:06<07:18,  1.35it/s]
 87%|ΓûêΓûêΓûêΓûêΓûêΓûêΓûêΓûêΓûï | 3910/4500 [54:07<07:18,  1.34it/s]
 87%|ΓûêΓûêΓûêΓûêΓûêΓûêΓûêΓûêΓûï | 3911/4500 [54:08<07:25,  1.32it/s]
 87%|ΓûêΓûêΓûêΓûêΓûêΓûêΓûêΓûêΓûï | 3912/4500 [54:08<07:26,  1.32it/s]
 87%|ΓûêΓûêΓûêΓûêΓûêΓûêΓûêΓûêΓûï | 3913/4500 [54:09<07:17,  1.34it/s]
 87%|ΓûêΓûêΓûêΓûêΓûêΓûêΓûêΓûêΓûï | 3914/4500 [54:10<07:41,  1.27it/s]
 87%|ΓûêΓûêΓûêΓûêΓûêΓûêΓûêΓûêΓûï | 3915/4500 [54:11<08:17,  1.18it/s]
 87%|ΓûêΓûêΓûêΓûêΓûêΓûêΓûêΓûêΓûï | 3916/4500 [54:12<08:21,  1.17it/s]
 87%|ΓûêΓûêΓûêΓûêΓûêΓûêΓûêΓûêΓûï | 3917/4500 [54:13<08:27,  1.15it/s]
 87%|ΓûêΓûêΓûêΓûêΓûêΓûêΓûêΓûêΓûï | 3918/4500 [54:14<08:28,  1.14it/s]
 87%|ΓûêΓûêΓûêΓûêΓûêΓûêΓûêΓûêΓûï | 3919/4500 [54:15<08:47,  1.10it/s]
 87%|ΓûêΓûêΓûêΓûêΓûêΓûêΓûêΓûêΓûï | 3920/4500 [54:16<08:52,  1.09it/s]
 87%|ΓûêΓûêΓûêΓûêΓûêΓûêΓûêΓûêΓûï | 3921/4500 [54:16<08:43,  1.11it/s]
 87%|ΓûêΓûêΓûêΓûêΓûêΓûêΓûêΓûêΓûï | 3922/4500 [54:17<08:54,  1.08it/s]
 87%|ΓûêΓûêΓûêΓûêΓûêΓûêΓûêΓûêΓûï | 3923/4500 [54:18<08:46,  1.09it/s]
 87%|ΓûêΓûêΓûêΓûêΓûêΓûêΓûêΓûêΓûï | 3924/4500 [54:19<08:23,  1.14it/s]
 87%|ΓûêΓûêΓûêΓûêΓûêΓûêΓûêΓûêΓûï | 3925/4500 [54:20<08:37,  1.11it/s]
 87%|ΓûêΓûêΓûêΓûêΓûêΓûêΓûêΓûêΓûï | 3926/4500 [54:21<08:38,  1.11it/s]
 87%|ΓûêΓûêΓûêΓûêΓûêΓûêΓûêΓûêΓûï | 3927/4500 [54:22<08:51,  1.08it/s]
 87%|ΓûêΓûêΓûêΓûêΓûêΓûêΓûêΓûêΓûï | 3928/4500 [54:23<09:03,  1.05it/s]
 87%|ΓûêΓûêΓûêΓûêΓûêΓûêΓûêΓûêΓûï | 3929/4500 [54:24<09:05,  1.05it/s]
 87%|ΓûêΓûêΓûêΓûêΓûêΓûêΓûêΓûêΓûï | 3930/4500 [54:25<09:03,  1.05it/s]
 87%|ΓûêΓûêΓûêΓûêΓûêΓûêΓûêΓûêΓûï | 3931/4500 [54:26<09:01,  1.05it/s]
 87%|ΓûêΓûêΓûêΓûêΓûêΓûêΓûêΓûêΓûï | 3932/4500 [54:27<09:02,  1.05it/s]
 87%|ΓûêΓûêΓûêΓûêΓûêΓûêΓûêΓûêΓûï | 3933/4500 [54:28<08:51,  1.07it/s]
 87%|ΓûêΓûêΓûêΓûêΓûêΓûêΓûêΓûêΓûï | 3934/4500 [54:29<08:56,  1.06it/s]
 87%|ΓûêΓûêΓûêΓûêΓûêΓûêΓûêΓûêΓûï | 3935/4500 [54:29<08:39,  1.09it/s]
 87%|ΓûêΓûêΓûêΓûêΓûêΓûêΓûêΓûêΓûï | 3936/4500 [54:30<08:37,  1.09it/s]
 87%|ΓûêΓûêΓûêΓûêΓûêΓûêΓûêΓûêΓûï | 3937/4500 [54:31<08:32,  1.10it/s]
 88%|ΓûêΓûêΓûêΓûêΓûêΓûêΓûêΓûêΓûè | 3938/4500 [54:32<08:49,  1.06it/s]
 88%|ΓûêΓûêΓûêΓûêΓûêΓûêΓûêΓûêΓûè | 3939/4500 [54:33<08:48,  1.06it/s]
 88%|ΓûêΓûêΓûêΓûêΓûêΓûêΓûêΓûêΓûè | 3940/4500 [54:34<08:35,  1.09it/s]
 88%|ΓûêΓûêΓûêΓûêΓûêΓûêΓûêΓûêΓûè | 3941/4500 [54:35<08:32,  1.09it/s]
 88%|ΓûêΓûêΓûêΓûêΓûêΓûêΓûêΓûêΓûè | 3942/4500 [54:36<08:02,  1.16it/s]
 88%|ΓûêΓûêΓûêΓûêΓûêΓûêΓûêΓûêΓûè | 3943/4500 [54:37<07:47,  1.19it/s]
 88%|ΓûêΓûêΓûêΓûêΓûêΓûêΓûêΓûêΓûè | 3944/4500 [54:37<08:04,  1.15it/s]
 88%|ΓûêΓûêΓûêΓûêΓûêΓûêΓûêΓûêΓûè | 3945/4500 [54:38<07:57,  1.16it/s]
 88%|ΓûêΓûêΓûêΓûêΓûêΓûêΓûêΓûêΓûè | 3946/4500 [54:39<07:56,  1.16it/s]
 88%|ΓûêΓûêΓûêΓûêΓûêΓûêΓûêΓûêΓûè | 3947/4500 [54:40<07:51,  1.17it/s]
 88%|ΓûêΓûêΓûêΓûêΓûêΓûêΓûêΓûêΓûè | 3948/4500 [54:41<07:44,  1.19it/s]
 88%|ΓûêΓûêΓûêΓûêΓûêΓûêΓûêΓûêΓûè | 3949/4500 [54:42<07:21,  1.25it/s]
 88%|ΓûêΓûêΓûêΓûêΓûêΓûêΓûêΓûêΓûè | 3950/4500 [54:42<07:26,  1.23it/s]
 88%|ΓûêΓûêΓûêΓûêΓûêΓûêΓûêΓûêΓûè | 3951/4500 [54:43<07:34,  1.21it/s]
 88%|ΓûêΓûêΓûêΓûêΓûêΓûêΓûêΓûêΓûè | 3952/4500 [54:44<07:22,  1.24it/s]
 88%|ΓûêΓûêΓûêΓûêΓûêΓûêΓûêΓûêΓûè | 3953/4500 [54:45<07:19,  1.24it/s]
 88%|ΓûêΓûêΓûêΓûêΓûêΓûêΓûêΓûêΓûè | 3954/4500 [54:46<07:22,  1.23it/s]
 88%|ΓûêΓûêΓûêΓûêΓûêΓûêΓûêΓûêΓûè | 3955/4500 [54:46<07:29,  1.21it/s]
 88%|ΓûêΓûêΓûêΓûêΓûêΓûêΓûêΓûêΓûè | 3956/4500 [54:47<07:29,  1.21it/s]
 88%|ΓûêΓûêΓûêΓûêΓûêΓûêΓûêΓûêΓûè | 3957/4500 [54:48<07:18,  1.24it/s]
 88%|ΓûêΓûêΓûêΓûêΓûêΓûêΓûêΓûêΓûè | 3958/4500 [54:49<07:34,  1.19it/s]
 88%|ΓûêΓûêΓûêΓûêΓûêΓûêΓûêΓûêΓûè | 3959/4500 [54:50<07:39,  1.18it/s]
 88%|ΓûêΓûêΓûêΓûêΓûêΓûêΓûêΓûêΓûè | 3960/4500 [54:51<07:26,  1.21it/s]
 88%|ΓûêΓûêΓûêΓûêΓûêΓûêΓûêΓûêΓûè | 3961/4500 [54:52<07:38,  1.18it/s]
 88%|ΓûêΓûêΓûêΓûêΓûêΓûêΓûêΓûêΓûè | 3962/4500 [54:52<07:32,  1.19it/s]
 88%|ΓûêΓûêΓûêΓûêΓûêΓûêΓûêΓûêΓûè | 3963/4500 [54:53<07:35,  1.18it/s]
 88%|ΓûêΓûêΓûêΓûêΓûêΓûêΓûêΓûêΓûè | 3964/4500 [54:54<07:15,  1.23it/s]
 88%|ΓûêΓûêΓûêΓûêΓûêΓûêΓûêΓûêΓûè | 3965/4500 [54:55<07:01,  1.27it/s]
 88%|ΓûêΓûêΓûêΓûêΓûêΓûêΓûêΓûêΓûè | 3966/4500 [54:55<06:48,  1.31it/s]
 88%|ΓûêΓûêΓûêΓûêΓûêΓûêΓûêΓûêΓûè | 3967/4500 [54:56<06:40,  1.33it/s]
 88%|ΓûêΓûêΓûêΓûêΓûêΓûêΓûêΓûêΓûè | 3968/4500 [54:57<06:44,  1.31it/s]
 88%|ΓûêΓûêΓûêΓûêΓûêΓûêΓûêΓûêΓûè | 3969/4500 [54:58<06:35,  1.34it/s]
 88%|ΓûêΓûêΓûêΓûêΓûêΓûêΓûêΓûêΓûè | 3970/4500 [54:58<06:30,  1.36it/s]
 88%|ΓûêΓûêΓûêΓûêΓûêΓûêΓûêΓûêΓûè | 3971/4500 [54:59<06:25,  1.37it/s]
 88%|ΓûêΓûêΓûêΓûêΓûêΓûêΓûêΓûêΓûè | 3972/4500 [55:00<06:34,  1.34it/s]
 88%|ΓûêΓûêΓûêΓûêΓûêΓûêΓûêΓûêΓûè | 3973/4500 [55:01<06:36,  1.33it/s]
 88%|ΓûêΓûêΓûêΓûêΓûêΓûêΓûêΓûêΓûè | 3974/4500 [55:01<06:47,  1.29it/s]
 88%|ΓûêΓûêΓûêΓûêΓûêΓûêΓûêΓûêΓûè | 3975/4500 [55:02<06:50,  1.28it/s]
 88%|ΓûêΓûêΓûêΓûêΓûêΓûêΓûêΓûêΓûè | 3976/4500 [55:03<06:41,  1.31it/s]
 88%|ΓûêΓûêΓûêΓûêΓûêΓûêΓûêΓûêΓûè | 3977/4500 [55:04<06:55,  1.26it/s]
 88%|ΓûêΓûêΓûêΓûêΓûêΓûêΓûêΓûêΓûè | 3978/4500 [55:05<06:57,  1.25it/s]
 88%|ΓûêΓûêΓûêΓûêΓûêΓûêΓûêΓûêΓûè | 3979/4500 [55:05<06:53,  1.26it/s]
 88%|ΓûêΓûêΓûêΓûêΓûêΓûêΓûêΓûêΓûè | 3980/4500 [55:06<06:39,  1.30it/s]
 88%|ΓûêΓûêΓûêΓûêΓûêΓûêΓûêΓûêΓûè | 3981/4500 [55:07<06:29,  1.33it/s]
 88%|ΓûêΓûêΓûêΓûêΓûêΓûêΓûêΓûêΓûè | 3982/4500 [55:08<06:43,  1.28it/s]
 89%|ΓûêΓûêΓûêΓûêΓûêΓûêΓûêΓûêΓûè | 3983/4500 [55:08<06:46,  1.27it/s]
 89%|ΓûêΓûêΓûêΓûêΓûêΓûêΓûêΓûêΓûè | 3984/4500 [55:09<06:42,  1.28it/s]
 89%|ΓûêΓûêΓûêΓûêΓûêΓûêΓûêΓûêΓûè | 3985/4500 [55:10<06:28,  1.32it/s]
 89%|ΓûêΓûêΓûêΓûêΓûêΓûêΓûêΓûêΓûè | 3986/4500 [55:11<06:20,  1.35it/s]
 89%|ΓûêΓûêΓûêΓûêΓûêΓûêΓûêΓûêΓûè | 3987/4500 [55:11<06:29,  1.32it/s]
 89%|ΓûêΓûêΓûêΓûêΓûêΓûêΓûêΓûêΓûè | 3988/4500 [55:12<06:24,  1.33it/s]
 89%|ΓûêΓûêΓûêΓûêΓûêΓûêΓûêΓûêΓûè | 3989/4500 [55:13<06:41,  1.27it/s]
 89%|ΓûêΓûêΓûêΓûêΓûêΓûêΓûêΓûêΓûè | 3990/4500 [55:14<06:32,  1.30it/s]
 89%|ΓûêΓûêΓûêΓûêΓûêΓûêΓûêΓûêΓûè | 3991/4500 [55:14<06:24,  1.32it/s]
 89%|ΓûêΓûêΓûêΓûêΓûêΓûêΓûêΓûêΓûè | 3992/4500 [55:15<06:44,  1.25it/s]
 89%|ΓûêΓûêΓûêΓûêΓûêΓûêΓûêΓûêΓûè | 3993/4500 [55:16<06:35,  1.28it/s]
 89%|ΓûêΓûêΓûêΓûêΓûêΓûêΓûêΓûêΓûë | 3994/4500 [55:17<06:49,  1.24it/s]
 89%|ΓûêΓûêΓûêΓûêΓûêΓûêΓûêΓûêΓûë | 3995/4500 [55:18<06:45,  1.24it/s]
 89%|ΓûêΓûêΓûêΓûêΓûêΓûêΓûêΓûêΓûë | 3996/4500 [55:19<06:34,  1.28it/s]
 89%|ΓûêΓûêΓûêΓûêΓûêΓûêΓûêΓûêΓûë | 3997/4500 [55:19<06:22,  1.31it/s]
 89%|ΓûêΓûêΓûêΓûêΓûêΓûêΓûêΓûêΓûë | 3998/4500 [55:20<06:27,  1.30it/s]
 89%|ΓûêΓûêΓûêΓûêΓûêΓûêΓûêΓûêΓûë | 3999/4500 [55:21<06:18,  1.32it/s]
 89%|ΓûêΓûêΓûêΓûêΓûêΓûêΓûêΓûêΓûë | 4000/4500 [55:22<06:41,  1.25it/s]
 89%|ΓûêΓûêΓûêΓûêΓûêΓûêΓûêΓûêΓûë | 4001/4500 [55:22<06:41,  1.24it/s]
 89%|ΓûêΓûêΓûêΓûêΓûêΓûêΓûêΓûêΓûë | 4002/4500 [55:23<06:35,  1.26it/s]
 89%|ΓûêΓûêΓûêΓûêΓûêΓûêΓûêΓûêΓûë | 4003/4500 [55:24<06:43,  1.23it/s]
 89%|ΓûêΓûêΓûêΓûêΓûêΓûêΓûêΓûêΓûë | 4004/4500 [55:25<06:47,  1.22it/s]
 89%|ΓûêΓûêΓûêΓûêΓûêΓûêΓûêΓûêΓûë | 4005/4500 [55:26<07:00,  1.18it/s]
 89%|ΓûêΓûêΓûêΓûêΓûêΓûêΓûêΓûêΓûë | 4006/4500 [55:27<06:41,  1.23it/s]
 89%|ΓûêΓûêΓûêΓûêΓûêΓûêΓûêΓûêΓûë | 4007/4500 [55:27<06:55,  1.19it/s]
 89%|ΓûêΓûêΓûêΓûêΓûêΓûêΓûêΓûêΓûë | 4008/4500 [55:28<07:06,  1.15it/s]
 89%|ΓûêΓûêΓûêΓûêΓûêΓûêΓûêΓûêΓûë | 4009/4500 [55:29<07:07,  1.15it/s]
 89%|ΓûêΓûêΓûêΓûêΓûêΓûêΓûêΓûêΓûë | 4010/4500 [55:30<06:53,  1.18it/s]
 89%|ΓûêΓûêΓûêΓûêΓûêΓûêΓûêΓûêΓûë | 4011/4500 [55:31<06:57,  1.17it/s]
 89%|ΓûêΓûêΓûêΓûêΓûêΓûêΓûêΓûêΓûë | 4012/4500 [55:32<06:48,  1.19it/s]
 89%|ΓûêΓûêΓûêΓûêΓûêΓûêΓûêΓûêΓûë | 4013/4500 [55:33<06:43,  1.21it/s]
 89%|ΓûêΓûêΓûêΓûêΓûêΓûêΓûêΓûêΓûë | 4014/4500 [55:33<06:44,  1.20it/s]
 89%|ΓûêΓûêΓûêΓûêΓûêΓûêΓûêΓûêΓûë | 4015/4500 [55:34<06:49,  1.18it/s]
 89%|ΓûêΓûêΓûêΓûêΓûêΓûêΓûêΓûêΓûë | 4016/4500 [55:35<07:05,  1.14it/s]
 89%|ΓûêΓûêΓûêΓûêΓûêΓûêΓûêΓûêΓûë | 4017/4500 [55:36<06:49,  1.18it/s]
 89%|ΓûêΓûêΓûêΓûêΓûêΓûêΓûêΓûêΓûë | 4018/4500 [55:37<07:05,  1.13it/s]
 89%|ΓûêΓûêΓûêΓûêΓûêΓûêΓûêΓûêΓûë | 4019/4500 [55:38<07:23,  1.08it/s]
 89%|ΓûêΓûêΓûêΓûêΓûêΓûêΓûêΓûêΓûë | 4020/4500 [55:39<07:16,  1.10it/s]
 89%|ΓûêΓûêΓûêΓûêΓûêΓûêΓûêΓûêΓûë | 4021/4500 [55:40<07:10,  1.11it/s]
 89%|ΓûêΓûêΓûêΓûêΓûêΓûêΓûêΓûêΓûë | 4022/4500 [55:41<07:10,  1.11it/s]
 89%|ΓûêΓûêΓûêΓûêΓûêΓûêΓûêΓûêΓûë | 4023/4500 [55:41<06:52,  1.16it/s]
 89%|ΓûêΓûêΓûêΓûêΓûêΓûêΓûêΓûêΓûë | 4024/4500 [55:42<06:45,  1.17it/s]
 89%|ΓûêΓûêΓûêΓûêΓûêΓûêΓûêΓûêΓûë | 4025/4500 [55:43<06:58,  1.14it/s]
 89%|ΓûêΓûêΓûêΓûêΓûêΓûêΓûêΓûêΓûë | 4026/4500 [55:44<07:00,  1.13it/s]
 89%|ΓûêΓûêΓûêΓûêΓûêΓûêΓûêΓûêΓûë | 4027/4500 [55:45<06:46,  1.16it/s]
 90%|ΓûêΓûêΓûêΓûêΓûêΓûêΓûêΓûêΓûë | 4028/4500 [55:46<06:48,  1.16it/s]
 90%|ΓûêΓûêΓûêΓûêΓûêΓûêΓûêΓûêΓûë | 4029/4500 [55:47<06:58,  1.13it/s]
 90%|ΓûêΓûêΓûêΓûêΓûêΓûêΓûêΓûêΓûë | 4030/4500 [55:48<06:43,  1.16it/s]
 90%|ΓûêΓûêΓûêΓûêΓûêΓûêΓûêΓûêΓûë | 4031/4500 [55:48<06:38,  1.18it/s]
 90%|ΓûêΓûêΓûêΓûêΓûêΓûêΓûêΓûêΓûë | 4032/4500 [55:49<06:47,  1.15it/s]
 90%|ΓûêΓûêΓûêΓûêΓûêΓûêΓûêΓûêΓûë | 4033/4500 [55:50<06:45,  1.15it/s]
 90%|ΓûêΓûêΓûêΓûêΓûêΓûêΓûêΓûêΓûë | 4034/4500 [55:51<07:05,  1.09it/s]
 90%|ΓûêΓûêΓûêΓûêΓûêΓûêΓûêΓûêΓûë | 4035/4500 [55:52<06:54,  1.12it/s]
 90%|ΓûêΓûêΓûêΓûêΓûêΓûêΓûêΓûêΓûë | 4036/4500 [55:53<06:38,  1.17it/s]
 90%|ΓûêΓûêΓûêΓûêΓûêΓûêΓûêΓûêΓûë | 4037/4500 [55:54<06:40,  1.16it/s]
 90%|ΓûêΓûêΓûêΓûêΓûêΓûêΓûêΓûêΓûë | 4038/4500 [55:55<06:46,  1.14it/s]
 90%|ΓûêΓûêΓûêΓûêΓûêΓûêΓûêΓûêΓûë | 4039/4500 [55:55<06:42,  1.14it/s]
 90%|ΓûêΓûêΓûêΓûêΓûêΓûêΓûêΓûêΓûë | 4040/4500 [55:56<06:51,  1.12it/s]
 90%|ΓûêΓûêΓûêΓûêΓûêΓûêΓûêΓûêΓûë | 4041/4500 [55:57<06:51,  1.11it/s]
 90%|ΓûêΓûêΓûêΓûêΓûêΓûêΓûêΓûêΓûë | 4042/4500 [55:58<06:47,  1.12it/s]
 90%|ΓûêΓûêΓûêΓûêΓûêΓûêΓûêΓûêΓûë | 4043/4500 [55:59<06:51,  1.11it/s]
 90%|ΓûêΓûêΓûêΓûêΓûêΓûêΓûêΓûêΓûë | 4044/4500 [56:00<07:02,  1.08it/s]
 90%|ΓûêΓûêΓûêΓûêΓûêΓûêΓûêΓûêΓûë | 4045/4500 [56:01<06:58,  1.09it/s]
 90%|ΓûêΓûêΓûêΓûêΓûêΓûêΓûêΓûêΓûë | 4046/4500 [56:02<06:49,  1.11it/s]
 90%|ΓûêΓûêΓûêΓûêΓûêΓûêΓûêΓûêΓûë | 4047/4500 [56:03<06:45,  1.12it/s]
 90%|ΓûêΓûêΓûêΓûêΓûêΓûêΓûêΓûêΓûë | 4048/4500 [56:04<06:46,  1.11it/s]
 90%|ΓûêΓûêΓûêΓûêΓûêΓûêΓûêΓûêΓûë | 4049/4500 [56:05<06:59,  1.07it/s]
 90%|ΓûêΓûêΓûêΓûêΓûêΓûêΓûêΓûêΓûê | 4050/4500 [56:05<06:48,  1.10it/s]
 90%|ΓûêΓûêΓûêΓûêΓûêΓûêΓûêΓûêΓûê | 4051/4500 [56:06<06:42,  1.11it/s]
 90%|ΓûêΓûêΓûêΓûêΓûêΓûêΓûêΓûêΓûê | 4052/4500 [56:07<06:32,  1.14it/s]
 90%|ΓûêΓûêΓûêΓûêΓûêΓûêΓûêΓûêΓûê | 4053/4500 [56:08<06:54,  1.08it/s]
 90%|ΓûêΓûêΓûêΓûêΓûêΓûêΓûêΓûêΓûê | 4054/4500 [56:09<07:00,  1.06it/s]
 90%|ΓûêΓûêΓûêΓûêΓûêΓûêΓûêΓûêΓûê | 4055/4500 [56:10<06:51,  1.08it/s]
 90%|ΓûêΓûêΓûêΓûêΓûêΓûêΓûêΓûêΓûê | 4056/4500 [56:11<06:49,  1.08it/s]
 90%|ΓûêΓûêΓûêΓûêΓûêΓûêΓûêΓûêΓûê | 4057/4500 [56:12<06:33,  1.12it/s]
 90%|ΓûêΓûêΓûêΓûêΓûêΓûêΓûêΓûêΓûê | 4058/4500 [56:13<06:33,  1.12it/s]
 90%|ΓûêΓûêΓûêΓûêΓûêΓûêΓûêΓûêΓûê | 4059/4500 [56:14<06:31,  1.13it/s]
 90%|ΓûêΓûêΓûêΓûêΓûêΓûêΓûêΓûêΓûê | 4060/4500 [56:14<06:28,  1.13it/s]
 90%|ΓûêΓûêΓûêΓûêΓûêΓûêΓûêΓûêΓûê | 4061/4500 [56:15<06:14,  1.17it/s]
 90%|ΓûêΓûêΓûêΓûêΓûêΓûêΓûêΓûêΓûê | 4062/4500 [56:16<06:06,  1.20it/s]
 90%|ΓûêΓûêΓûêΓûêΓûêΓûêΓûêΓûêΓûê | 4063/4500 [56:17<06:09,  1.18it/s]
 90%|ΓûêΓûêΓûêΓûêΓûêΓûêΓûêΓûêΓûê | 4064/4500 [56:18<06:01,  1.20it/s]
 90%|ΓûêΓûêΓûêΓûêΓûêΓûêΓûêΓûêΓûê | 4065/4500 [56:18<05:52,  1.23it/s]
 90%|ΓûêΓûêΓûêΓûêΓûêΓûêΓûêΓûêΓûê | 4066/4500 [56:19<05:54,  1.22it/s]
 90%|ΓûêΓûêΓûêΓûêΓûêΓûêΓûêΓûêΓûê | 4067/4500 [56:20<06:08,  1.18it/s]
 90%|ΓûêΓûêΓûêΓûêΓûêΓûêΓûêΓûêΓûê | 4068/4500 [56:21<06:07,  1.17it/s]
 90%|ΓûêΓûêΓûêΓûêΓûêΓûêΓûêΓûêΓûê | 4069/4500 [56:22<06:19,  1.14it/s]
 90%|ΓûêΓûêΓûêΓûêΓûêΓûêΓûêΓûêΓûê | 4070/4500 [56:23<06:07,  1.17it/s]
 90%|ΓûêΓûêΓûêΓûêΓûêΓûêΓûêΓûêΓûê | 4071/4500 [56:24<06:06,  1.17it/s]
 90%|ΓûêΓûêΓûêΓûêΓûêΓûêΓûêΓûêΓûê | 4072/4500 [56:24<05:53,  1.21it/s]
 91%|ΓûêΓûêΓûêΓûêΓûêΓûêΓûêΓûêΓûê | 4073/4500 [56:25<06:03,  1.17it/s]
 91%|ΓûêΓûêΓûêΓûêΓûêΓûêΓûêΓûêΓûê | 4074/4500 [56:26<05:56,  1.19it/s]
 91%|ΓûêΓûêΓûêΓûêΓûêΓûêΓûêΓûêΓûê | 4075/4500 [56:27<06:03,  1.17it/s]
 91%|ΓûêΓûêΓûêΓûêΓûêΓûêΓûêΓûêΓûê | 4076/4500 [56:28<05:57,  1.19it/s]
 91%|ΓûêΓûêΓûêΓûêΓûêΓûêΓûêΓûêΓûê | 4077/4500 [56:29<05:45,  1.22it/s]
 91%|ΓûêΓûêΓûêΓûêΓûêΓûêΓûêΓûêΓûê | 4078/4500 [56:29<05:46,  1.22it/s]
 91%|ΓûêΓûêΓûêΓûêΓûêΓûêΓûêΓûêΓûê | 4079/4500 [56:30<05:32,  1.26it/s]
 91%|ΓûêΓûêΓûêΓûêΓûêΓûêΓûêΓûêΓûê | 4080/4500 [56:31<05:36,  1.25it/s]
 91%|ΓûêΓûêΓûêΓûêΓûêΓûêΓûêΓûêΓûê | 4081/4500 [56:32<05:37,  1.24it/s]
 91%|ΓûêΓûêΓûêΓûêΓûêΓûêΓûêΓûêΓûê | 4082/4500 [56:33<05:27,  1.28it/s]
 91%|ΓûêΓûêΓûêΓûêΓûêΓûêΓûêΓûêΓûê | 4083/4500 [56:33<05:20,  1.30it/s]
 91%|ΓûêΓûêΓûêΓûêΓûêΓûêΓûêΓûêΓûê | 4084/4500 [56:34<05:35,  1.24it/s]
 91%|ΓûêΓûêΓûêΓûêΓûêΓûêΓûêΓûêΓûê | 4085/4500 [56:35<05:38,  1.23it/s]
 91%|ΓûêΓûêΓûêΓûêΓûêΓûêΓûêΓûêΓûê | 4086/4500 [56:36<05:29,  1.26it/s]
 91%|ΓûêΓûêΓûêΓûêΓûêΓûêΓûêΓûêΓûê | 4087/4500 [56:37<05:39,  1.21it/s]
 91%|ΓûêΓûêΓûêΓûêΓûêΓûêΓûêΓûêΓûê | 4088/4500 [56:37<05:27,  1.26it/s]
 91%|ΓûêΓûêΓûêΓûêΓûêΓûêΓûêΓûêΓûê | 4089/4500 [56:38<05:41,  1.20it/s]
 91%|ΓûêΓûêΓûêΓûêΓûêΓûêΓûêΓûêΓûê | 4090/4500 [56:39<05:42,  1.20it/s]
 91%|ΓûêΓûêΓûêΓûêΓûêΓûêΓûêΓûêΓûê | 4091/4500 [56:40<05:37,  1.21it/s]
 91%|ΓûêΓûêΓûêΓûêΓûêΓûêΓûêΓûêΓûê | 4092/4500 [56:41<05:24,  1.26it/s]
 91%|ΓûêΓûêΓûêΓûêΓûêΓûêΓûêΓûêΓûê | 4093/4500 [56:41<05:16,  1.29it/s]
 91%|ΓûêΓûêΓûêΓûêΓûêΓûêΓûêΓûêΓûê | 4094/4500 [56:42<05:31,  1.22it/s]
 91%|ΓûêΓûêΓûêΓûêΓûêΓûêΓûêΓûêΓûê | 4095/4500 [56:43<05:20,  1.26it/s]
 91%|ΓûêΓûêΓûêΓûêΓûêΓûêΓûêΓûêΓûê | 4096/4500 [56:44<05:15,  1.28it/s]
 91%|ΓûêΓûêΓûêΓûêΓûêΓûêΓûêΓûêΓûê | 4097/4500 [56:45<05:22,  1.25it/s]
 91%|ΓûêΓûêΓûêΓûêΓûêΓûêΓûêΓûêΓûê | 4098/4500 [56:45<05:18,  1.26it/s]
 91%|ΓûêΓûêΓûêΓûêΓûêΓûêΓûêΓûêΓûê | 4099/4500 [56:46<05:18,  1.26it/s]
 91%|ΓûêΓûêΓûêΓûêΓûêΓûêΓûêΓûêΓûê | 4100/4500 [56:47<05:30,  1.21it/s]
 91%|ΓûêΓûêΓûêΓûêΓûêΓûêΓûêΓûêΓûê | 4101/4500 [56:48<05:27,  1.22it/s]
 91%|ΓûêΓûêΓûêΓûêΓûêΓûêΓûêΓûêΓûê | 4102/4500 [56:49<05:27,  1.22it/s]
 91%|ΓûêΓûêΓûêΓûêΓûêΓûêΓûêΓûêΓûê | 4103/4500 [56:50<05:22,  1.23it/s]
 91%|ΓûêΓûêΓûêΓûêΓûêΓûêΓûêΓûêΓûê | 4104/4500 [56:50<05:37,  1.17it/s]
 91%|ΓûêΓûêΓûêΓûêΓûêΓûêΓûêΓûêΓûê | 4105/4500 [56:51<05:34,  1.18it/s]
 91%|ΓûêΓûêΓûêΓûêΓûêΓûêΓûêΓûêΓûê | 4106/4500 [56:52<05:21,  1.22it/s]
 91%|ΓûêΓûêΓûêΓûêΓûêΓûêΓûêΓûêΓûêΓûÅ| 4107/4500 [56:53<05:30,  1.19it/s]
 91%|ΓûêΓûêΓûêΓûêΓûêΓûêΓûêΓûêΓûêΓûÅ| 4108/4500 [56:54<05:16,  1.24it/s]
 91%|ΓûêΓûêΓûêΓûêΓûêΓûêΓûêΓûêΓûêΓûÅ| 4109/4500 [56:54<05:07,  1.27it/s]
 91%|ΓûêΓûêΓûêΓûêΓûêΓûêΓûêΓûêΓûêΓûÅ| 4110/4500 [56:55<05:23,  1.21it/s]
 91%|ΓûêΓûêΓûêΓûêΓûêΓûêΓûêΓûêΓûêΓûÅ| 4111/4500 [56:56<05:32,  1.17it/s]
 91%|ΓûêΓûêΓûêΓûêΓûêΓûêΓûêΓûêΓûêΓûÅ| 4112/4500 [56:57<05:27,  1.18it/s]
 91%|ΓûêΓûêΓûêΓûêΓûêΓûêΓûêΓûêΓûêΓûÅ| 4113/4500 [56:58<05:14,  1.23it/s]
 91%|ΓûêΓûêΓûêΓûêΓûêΓûêΓûêΓûêΓûêΓûÅ| 4114/4500 [56:59<05:05,  1.26it/s]
 91%|ΓûêΓûêΓûêΓûêΓûêΓûêΓûêΓûêΓûêΓûÅ| 4115/4500 [56:59<04:59,  1.29it/s]
 91%|ΓûêΓûêΓûêΓûêΓûêΓûêΓûêΓûêΓûêΓûÅ| 4116/4500 [57:00<05:17,  1.21it/s]
 91%|ΓûêΓûêΓûêΓûêΓûêΓûêΓûêΓûêΓûêΓûÅ| 4117/4500 [57:01<05:29,  1.16it/s]
 92%|ΓûêΓûêΓûêΓûêΓûêΓûêΓûêΓûêΓûêΓûÅ| 4118/4500 [57:02<05:21,  1.19it/s]
 92%|ΓûêΓûêΓûêΓûêΓûêΓûêΓûêΓûêΓûêΓûÅ| 4119/4500 [57:03<05:07,  1.24it/s]
 92%|ΓûêΓûêΓûêΓûêΓûêΓûêΓûêΓûêΓûêΓûÅ| 4120/4500 [57:04<05:16,  1.20it/s]
 92%|ΓûêΓûêΓûêΓûêΓûêΓûêΓûêΓûêΓûêΓûÅ| 4121/4500 [57:04<05:05,  1.24it/s]
 92%|ΓûêΓûêΓûêΓûêΓûêΓûêΓûêΓûêΓûêΓûÅ| 4122/4500 [57:05<04:59,  1.26it/s]
 92%|ΓûêΓûêΓûêΓûêΓûêΓûêΓûêΓûêΓûêΓûÅ| 4123/4500 [57:06<04:59,  1.26it/s]
 92%|ΓûêΓûêΓûêΓûêΓûêΓûêΓûêΓûêΓûêΓûÅ| 4124/4500 [57:07<05:13,  1.20it/s]
 92%|ΓûêΓûêΓûêΓûêΓûêΓûêΓûêΓûêΓûêΓûÅ| 4125/4500 [57:08<05:03,  1.24it/s]
 92%|ΓûêΓûêΓûêΓûêΓûêΓûêΓûêΓûêΓûêΓûÅ| 4126/4500 [57:08<05:07,  1.22it/s]
 92%|ΓûêΓûêΓûêΓûêΓûêΓûêΓûêΓûêΓûêΓûÅ| 4127/4500 [57:09<05:24,  1.15it/s]
 92%|ΓûêΓûêΓûêΓûêΓûêΓûêΓûêΓûêΓûêΓûÅ| 4128/4500 [57:10<05:34,  1.11it/s]
 92%|ΓûêΓûêΓûêΓûêΓûêΓûêΓûêΓûêΓûêΓûÅ| 4129/4500 [57:11<05:22,  1.15it/s]
 92%|ΓûêΓûêΓûêΓûêΓûêΓûêΓûêΓûêΓûêΓûÅ| 4130/4500 [57:12<05:31,  1.12it/s]
 92%|ΓûêΓûêΓûêΓûêΓûêΓûêΓûêΓûêΓûêΓûÅ| 4131/4500 [57:13<05:31,  1.11it/s]
 92%|ΓûêΓûêΓûêΓûêΓûêΓûêΓûêΓûêΓûêΓûÅ| 4132/4500 [57:14<05:35,  1.10it/s]
 92%|ΓûêΓûêΓûêΓûêΓûêΓûêΓûêΓûêΓûêΓûÅ| 4133/4500 [57:15<05:30,  1.11it/s]
 92%|ΓûêΓûêΓûêΓûêΓûêΓûêΓûêΓûêΓûêΓûÅ| 4134/4500 [57:16<05:25,  1.12it/s]
 92%|ΓûêΓûêΓûêΓûêΓûêΓûêΓûêΓûêΓûêΓûÅ| 4135/4500 [57:17<05:24,  1.13it/s]
 92%|ΓûêΓûêΓûêΓûêΓûêΓûêΓûêΓûêΓûêΓûÅ| 4136/4500 [57:17<05:15,  1.15it/s]
 92%|ΓûêΓûêΓûêΓûêΓûêΓûêΓûêΓûêΓûêΓûÅ| 4137/4500 [57:18<05:08,  1.18it/s]
 92%|ΓûêΓûêΓûêΓûêΓûêΓûêΓûêΓûêΓûêΓûÅ| 4138/4500 [57:19<05:11,  1.16it/s]
 92%|ΓûêΓûêΓûêΓûêΓûêΓûêΓûêΓûêΓûêΓûÅ| 4139/4500 [57:20<05:19,  1.13it/s]
 92%|ΓûêΓûêΓûêΓûêΓûêΓûêΓûêΓûêΓûêΓûÅ| 4140/4500 [57:21<05:23,  1.11it/s]
 92%|ΓûêΓûêΓûêΓûêΓûêΓûêΓûêΓûêΓûêΓûÅ| 4141/4500 [57:22<05:26,  1.10it/s]
 92%|ΓûêΓûêΓûêΓûêΓûêΓûêΓûêΓûêΓûêΓûÅ| 4142/4500 [57:23<05:09,  1.16it/s]
 92%|ΓûêΓûêΓûêΓûêΓûêΓûêΓûêΓûêΓûêΓûÅ| 4143/4500 [57:24<05:12,  1.14it/s]
 92%|ΓûêΓûêΓûêΓûêΓûêΓûêΓûêΓûêΓûêΓûÅ| 4144/4500 [57:24<04:57,  1.19it/s]
 92%|ΓûêΓûêΓûêΓûêΓûêΓûêΓûêΓûêΓûêΓûÅ| 4145/4500 [57:25<04:49,  1.23it/s]
 92%|ΓûêΓûêΓûêΓûêΓûêΓûêΓûêΓûêΓûêΓûÅ| 4146/4500 [57:26<04:47,  1.23it/s]
 92%|ΓûêΓûêΓûêΓûêΓûêΓûêΓûêΓûêΓûêΓûÅ| 4147/4500 [57:27<04:48,  1.23it/s]
 92%|ΓûêΓûêΓûêΓûêΓûêΓûêΓûêΓûêΓûêΓûÅ| 4148/4500 [57:28<04:49,  1.22it/s]
 92%|ΓûêΓûêΓûêΓûêΓûêΓûêΓûêΓûêΓûêΓûÅ| 4149/4500 [57:28<04:47,  1.22it/s]
 92%|ΓûêΓûêΓûêΓûêΓûêΓûêΓûêΓûêΓûêΓûÅ| 4150/4500 [57:29<04:47,  1.22it/s]
 92%|ΓûêΓûêΓûêΓûêΓûêΓûêΓûêΓûêΓûêΓûÅ| 4151/4500 [57:30<04:49,  1.20it/s]
 92%|ΓûêΓûêΓûêΓûêΓûêΓûêΓûêΓûêΓûêΓûÅ| 4152/4500 [57:31<04:58,  1.17it/s]
 92%|ΓûêΓûêΓûêΓûêΓûêΓûêΓûêΓûêΓûêΓûÅ| 4153/4500 [57:32<04:45,  1.21it/s]
 92%|ΓûêΓûêΓûêΓûêΓûêΓûêΓûêΓûêΓûêΓûÅ| 4154/4500 [57:32<04:36,  1.25it/s]
 92%|ΓûêΓûêΓûêΓûêΓûêΓûêΓûêΓûêΓûêΓûÅ| 4155/4500 [57:33<04:35,  1.25it/s]
 92%|ΓûêΓûêΓûêΓûêΓûêΓûêΓûêΓûêΓûêΓûÅ| 4156/4500 [57:34<04:30,  1.27it/s]
 92%|ΓûêΓûêΓûêΓûêΓûêΓûêΓûêΓûêΓûêΓûÅ| 4157/4500 [57:35<04:25,  1.29it/s]
 92%|ΓûêΓûêΓûêΓûêΓûêΓûêΓûêΓûêΓûêΓûÅ| 4158/4500 [57:36<04:23,  1.30it/s]
 92%|ΓûêΓûêΓûêΓûêΓûêΓûêΓûêΓûêΓûêΓûÅ| 4159/4500 [57:36<04:20,  1.31it/s]
 92%|ΓûêΓûêΓûêΓûêΓûêΓûêΓûêΓûêΓûêΓûÅ| 4160/4500 [57:37<04:28,  1.27it/s]
 92%|ΓûêΓûêΓûêΓûêΓûêΓûêΓûêΓûêΓûêΓûÅ| 4161/4500 [57:38<04:23,  1.29it/s]
 92%|ΓûêΓûêΓûêΓûêΓûêΓûêΓûêΓûêΓûêΓûÅ| 4162/4500 [57:39<04:37,  1.22it/s]
 93%|ΓûêΓûêΓûêΓûêΓûêΓûêΓûêΓûêΓûêΓûÄ| 4163/4500 [57:40<04:30,  1.25it/s]
 93%|ΓûêΓûêΓûêΓûêΓûêΓûêΓûêΓûêΓûêΓûÄ| 4164/4500 [57:40<04:28,  1.25it/s]
 93%|ΓûêΓûêΓûêΓûêΓûêΓûêΓûêΓûêΓûêΓûÄ| 4165/4500 [57:41<04:28,  1.25it/s]
 93%|ΓûêΓûêΓûêΓûêΓûêΓûêΓûêΓûêΓûêΓûÄ| 4166/4500 [57:42<04:42,  1.18it/s]
 93%|ΓûêΓûêΓûêΓûêΓûêΓûêΓûêΓûêΓûêΓûÄ| 4167/4500 [57:43<04:50,  1.15it/s]
 93%|ΓûêΓûêΓûêΓûêΓûêΓûêΓûêΓûêΓûêΓûÄ| 4168/4500 [57:44<04:48,  1.15it/s]
 93%|ΓûêΓûêΓûêΓûêΓûêΓûêΓûêΓûêΓûêΓûÄ| 4169/4500 [57:45<04:45,  1.16it/s]
 93%|ΓûêΓûêΓûêΓûêΓûêΓûêΓûêΓûêΓûêΓûÄ| 4170/4500 [57:46<04:46,  1.15it/s]
 93%|ΓûêΓûêΓûêΓûêΓûêΓûêΓûêΓûêΓûêΓûÄ| 4171/4500 [57:46<04:37,  1.19it/s]
 93%|ΓûêΓûêΓûêΓûêΓûêΓûêΓûêΓûêΓûêΓûÄ| 4172/4500 [57:47<04:43,  1.16it/s]
 93%|ΓûêΓûêΓûêΓûêΓûêΓûêΓûêΓûêΓûêΓûÄ| 4173/4500 [57:48<04:47,  1.14it/s]
 93%|ΓûêΓûêΓûêΓûêΓûêΓûêΓûêΓûêΓûêΓûÄ| 4174/4500 [57:49<04:44,  1.15it/s]
 93%|ΓûêΓûêΓûêΓûêΓûêΓûêΓûêΓûêΓûêΓûÄ| 4175/4500 [57:50<04:42,  1.15it/s]
 93%|ΓûêΓûêΓûêΓûêΓûêΓûêΓûêΓûêΓûêΓûÄ| 4176/4500 [57:51<04:37,  1.17it/s]
 93%|ΓûêΓûêΓûêΓûêΓûêΓûêΓûêΓûêΓûêΓûÄ| 4177/4500 [57:52<04:45,  1.13it/s]
 93%|ΓûêΓûêΓûêΓûêΓûêΓûêΓûêΓûêΓûêΓûÄ| 4178/4500 [57:52<04:33,  1.18it/s]
 93%|ΓûêΓûêΓûêΓûêΓûêΓûêΓûêΓûêΓûêΓûÄ| 4179/4500 [57:53<04:39,  1.15it/s]
 93%|ΓûêΓûêΓûêΓûêΓûêΓûêΓûêΓûêΓûêΓûÄ| 4180/4500 [57:54<04:27,  1.20it/s]
 93%|ΓûêΓûêΓûêΓûêΓûêΓûêΓûêΓûêΓûêΓûÄ| 4181/4500 [57:55<04:34,  1.16it/s]
 93%|ΓûêΓûêΓûêΓûêΓûêΓûêΓûêΓûêΓûêΓûÄ| 4182/4500 [57:56<04:33,  1.16it/s]
 93%|ΓûêΓûêΓûêΓûêΓûêΓûêΓûêΓûêΓûêΓûÄ| 4183/4500 [57:57<04:40,  1.13it/s]
 93%|ΓûêΓûêΓûêΓûêΓûêΓûêΓûêΓûêΓûêΓûÄ| 4184/4500 [57:58<04:37,  1.14it/s]
 93%|ΓûêΓûêΓûêΓûêΓûêΓûêΓûêΓûêΓûêΓûÄ| 4185/4500 [57:59<04:30,  1.17it/s]
 93%|ΓûêΓûêΓûêΓûêΓûêΓûêΓûêΓûêΓûêΓûÄ| 4186/4500 [57:59<04:33,  1.15it/s]
 93%|ΓûêΓûêΓûêΓûêΓûêΓûêΓûêΓûêΓûêΓûÄ| 4187/4500 [58:00<04:38,  1.13it/s]
 93%|ΓûêΓûêΓûêΓûêΓûêΓûêΓûêΓûêΓûêΓûÄ| 4188/4500 [58:01<04:33,  1.14it/s]
 93%|ΓûêΓûêΓûêΓûêΓûêΓûêΓûêΓûêΓûêΓûÄ| 4189/4500 [58:02<04:22,  1.18it/s]
 93%|ΓûêΓûêΓûêΓûêΓûêΓûêΓûêΓûêΓûêΓûÄ| 4190/4500 [58:03<04:26,  1.16it/s]
 93%|ΓûêΓûêΓûêΓûêΓûêΓûêΓûêΓûêΓûêΓûÄ| 4191/4500 [58:04<04:42,  1.09it/s]
 93%|ΓûêΓûêΓûêΓûêΓûêΓûêΓûêΓûêΓûêΓûÄ| 4192/4500 [58:05<04:40,  1.10it/s]
 93%|ΓûêΓûêΓûêΓûêΓûêΓûêΓûêΓûêΓûêΓûÄ| 4193/4500 [58:06<04:34,  1.12it/s]
 93%|ΓûêΓûêΓûêΓûêΓûêΓûêΓûêΓûêΓûêΓûÄ| 4194/4500 [58:06<04:23,  1.16it/s]
 93%|ΓûêΓûêΓûêΓûêΓûêΓûêΓûêΓûêΓûêΓûÄ| 4195/4500 [58:07<04:27,  1.14it/s]
 93%|ΓûêΓûêΓûêΓûêΓûêΓûêΓûêΓûêΓûêΓûÄ| 4196/4500 [58:08<04:22,  1.16it/s]
 93%|ΓûêΓûêΓûêΓûêΓûêΓûêΓûêΓûêΓûêΓûÄ| 4197/4500 [58:09<04:20,  1.16it/s]
 93%|ΓûêΓûêΓûêΓûêΓûêΓûêΓûêΓûêΓûêΓûÄ| 4198/4500 [58:10<04:11,  1.20it/s]
 93%|ΓûêΓûêΓûêΓûêΓûêΓûêΓûêΓûêΓûêΓûÄ| 4199/4500 [58:11<04:16,  1.17it/s]
 93%|ΓûêΓûêΓûêΓûêΓûêΓûêΓûêΓûêΓûêΓûÄ| 4200/4500 [58:12<04:08,  1.21it/s]
 93%|ΓûêΓûêΓûêΓûêΓûêΓûêΓûêΓûêΓûêΓûÄ| 4201/4500 [58:12<04:10,  1.19it/s]
 93%|ΓûêΓûêΓûêΓûêΓûêΓûêΓûêΓûêΓûêΓûÄ| 4202/4500 [58:13<04:16,  1.16it/s]
 93%|ΓûêΓûêΓûêΓûêΓûêΓûêΓûêΓûêΓûêΓûÄ| 4203/4500 [58:14<04:19,  1.14it/s]
 93%|ΓûêΓûêΓûêΓûêΓûêΓûêΓûêΓûêΓûêΓûÄ| 4204/4500 [58:15<04:23,  1.13it/s]
 93%|ΓûêΓûêΓûêΓûêΓûêΓûêΓûêΓûêΓûêΓûÄ| 4205/4500 [58:16<04:24,  1.12it/s]
 93%|ΓûêΓûêΓûêΓûêΓûêΓûêΓûêΓûêΓûêΓûÄ| 4206/4500 [58:17<04:14,  1.15it/s]
 93%|ΓûêΓûêΓûêΓûêΓûêΓûêΓûêΓûêΓûêΓûÄ| 4207/4500 [58:18<04:06,  1.19it/s]
 94%|ΓûêΓûêΓûêΓûêΓûêΓûêΓûêΓûêΓûêΓûÄ| 4208/4500 [58:18<04:04,  1.20it/s]
 94%|ΓûêΓûêΓûêΓûêΓûêΓûêΓûêΓûêΓûêΓûÄ| 4209/4500 [58:19<04:01,  1.20it/s]
 94%|ΓûêΓûêΓûêΓûêΓûêΓûêΓûêΓûêΓûêΓûÄ| 4210/4500 [58:20<04:11,  1.15it/s]
 94%|ΓûêΓûêΓûêΓûêΓûêΓûêΓûêΓûêΓûêΓûÄ| 4211/4500 [58:21<04:05,  1.18it/s]
 94%|ΓûêΓûêΓûêΓûêΓûêΓûêΓûêΓûêΓûêΓûÄ| 4212/4500 [58:22<03:56,  1.22it/s]
 94%|ΓûêΓûêΓûêΓûêΓûêΓûêΓûêΓûêΓûêΓûÄ| 4213/4500 [58:23<04:11,  1.14it/s]
 94%|ΓûêΓûêΓûêΓûêΓûêΓûêΓûêΓûêΓûêΓûÄ| 4214/4500 [58:24<04:09,  1.15it/s]
 94%|ΓûêΓûêΓûêΓûêΓûêΓûêΓûêΓûêΓûêΓûÄ| 4215/4500 [58:24<03:59,  1.19it/s]
 94%|ΓûêΓûêΓûêΓûêΓûêΓûêΓûêΓûêΓûêΓûÄ| 4216/4500 [58:25<03:58,  1.19it/s]
 94%|ΓûêΓûêΓûêΓûêΓûêΓûêΓûêΓûêΓûêΓûÄ| 4217/4500 [58:26<03:56,  1.20it/s]
 94%|ΓûêΓûêΓûêΓûêΓûêΓûêΓûêΓûêΓûêΓûÄ| 4218/4500 [58:27<03:56,  1.19it/s]
 94%|ΓûêΓûêΓûêΓûêΓûêΓûêΓûêΓûêΓûêΓûì| 4219/4500 [58:28<03:48,  1.23it/s]
 94%|ΓûêΓûêΓûêΓûêΓûêΓûêΓûêΓûêΓûêΓûì| 4220/4500 [58:29<03:55,  1.19it/s]
 94%|ΓûêΓûêΓûêΓûêΓûêΓûêΓûêΓûêΓûêΓûì| 4221/4500 [58:29<03:54,  1.19it/s]
 94%|ΓûêΓûêΓûêΓûêΓûêΓûêΓûêΓûêΓûêΓûì| 4222/4500 [58:30<04:00,  1.16it/s]
 94%|ΓûêΓûêΓûêΓûêΓûêΓûêΓûêΓûêΓûêΓûì| 4223/4500 [58:31<03:51,  1.20it/s]
 94%|ΓûêΓûêΓûêΓûêΓûêΓûêΓûêΓûêΓûêΓûì| 4224/4500 [58:32<03:44,  1.23it/s]
 94%|ΓûêΓûêΓûêΓûêΓûêΓûêΓûêΓûêΓûêΓûì| 4225/4500 [58:33<03:37,  1.26it/s]
 94%|ΓûêΓûêΓûêΓûêΓûêΓûêΓûêΓûêΓûêΓûì| 4226/4500 [58:33<03:40,  1.24it/s]
 94%|ΓûêΓûêΓûêΓûêΓûêΓûêΓûêΓûêΓûêΓûì| 4227/4500 [58:34<03:43,  1.22it/s]
 94%|ΓûêΓûêΓûêΓûêΓûêΓûêΓûêΓûêΓûêΓûì| 4228/4500 [58:35<03:42,  1.22it/s]
 94%|ΓûêΓûêΓûêΓûêΓûêΓûêΓûêΓûêΓûêΓûì| 4229/4500 [58:36<03:37,  1.25it/s]
 94%|ΓûêΓûêΓûêΓûêΓûêΓûêΓûêΓûêΓûêΓûì| 4230/4500 [58:37<03:37,  1.24it/s]
 94%|ΓûêΓûêΓûêΓûêΓûêΓûêΓûêΓûêΓûêΓûì| 4231/4500 [58:38<03:38,  1.23it/s]
 94%|ΓûêΓûêΓûêΓûêΓûêΓûêΓûêΓûêΓûêΓûì| 4232/4500 [58:38<03:32,  1.26it/s]
 94%|ΓûêΓûêΓûêΓûêΓûêΓûêΓûêΓûêΓûêΓûì| 4233/4500 [58:39<03:35,  1.24it/s]
 94%|ΓûêΓûêΓûêΓûêΓûêΓûêΓûêΓûêΓûêΓûì| 4234/4500 [58:40<03:36,  1.23it/s]
 94%|ΓûêΓûêΓûêΓûêΓûêΓûêΓûêΓûêΓûêΓûì| 4235/4500 [58:41<03:30,  1.26it/s]
 94%|ΓûêΓûêΓûêΓûêΓûêΓûêΓûêΓûêΓûêΓûì| 4236/4500 [58:41<03:30,  1.25it/s]
 94%|ΓûêΓûêΓûêΓûêΓûêΓûêΓûêΓûêΓûêΓûì| 4237/4500 [58:42<03:25,  1.28it/s]
 94%|ΓûêΓûêΓûêΓûêΓûêΓûêΓûêΓûêΓûêΓûì| 4238/4500 [58:43<03:29,  1.25it/s]
 94%|ΓûêΓûêΓûêΓûêΓûêΓûêΓûêΓûêΓûêΓûì| 4239/4500 [58:44<03:29,  1.24it/s]
 94%|ΓûêΓûêΓûêΓûêΓûêΓûêΓûêΓûêΓûêΓûì| 4240/4500 [58:45<03:31,  1.23it/s]
 94%|ΓûêΓûêΓûêΓûêΓûêΓûêΓûêΓûêΓûêΓûì| 4241/4500 [58:46<03:31,  1.23it/s]
 94%|ΓûêΓûêΓûêΓûêΓûêΓûêΓûêΓûêΓûêΓûì| 4242/4500 [58:46<03:25,  1.25it/s]
 94%|ΓûêΓûêΓûêΓûêΓûêΓûêΓûêΓûêΓûêΓûì| 4243/4500 [58:47<03:20,  1.28it/s]
 94%|ΓûêΓûêΓûêΓûêΓûêΓûêΓûêΓûêΓûêΓûì| 4244/4500 [58:48<03:36,  1.18it/s]
 94%|ΓûêΓûêΓûêΓûêΓûêΓûêΓûêΓûêΓûêΓûì| 4245/4500 [58:49<03:33,  1.20it/s]
 94%|ΓûêΓûêΓûêΓûêΓûêΓûêΓûêΓûêΓûêΓûì| 4246/4500 [58:50<03:34,  1.18it/s]
 94%|ΓûêΓûêΓûêΓûêΓûêΓûêΓûêΓûêΓûêΓûì| 4247/4500 [58:50<03:26,  1.23it/s]
 94%|ΓûêΓûêΓûêΓûêΓûêΓûêΓûêΓûêΓûêΓûì| 4248/4500 [58:51<03:31,  1.19it/s]
 94%|ΓûêΓûêΓûêΓûêΓûêΓûêΓûêΓûêΓûêΓûì| 4249/4500 [58:52<03:23,  1.24it/s]
 94%|ΓûêΓûêΓûêΓûêΓûêΓûêΓûêΓûêΓûêΓûì| 4250/4500 [58:53<03:22,  1.23it/s]
 94%|ΓûêΓûêΓûêΓûêΓûêΓûêΓûêΓûêΓûêΓûì| 4251/4500 [58:54<03:22,  1.23it/s]
 94%|ΓûêΓûêΓûêΓûêΓûêΓûêΓûêΓûêΓûêΓûì| 4252/4500 [58:55<03:24,  1.21it/s]
 95%|ΓûêΓûêΓûêΓûêΓûêΓûêΓûêΓûêΓûêΓûì| 4253/4500 [58:55<03:27,  1.19it/s]
 95%|ΓûêΓûêΓûêΓûêΓûêΓûêΓûêΓûêΓûêΓûì| 4254/4500 [58:56<03:18,  1.24it/s]
 95%|ΓûêΓûêΓûêΓûêΓûêΓûêΓûêΓûêΓûêΓûì| 4255/4500 [58:57<03:18,  1.23it/s]
 95%|ΓûêΓûêΓûêΓûêΓûêΓûêΓûêΓûêΓûêΓûì| 4256/4500 [58:58<03:13,  1.26it/s]
 95%|ΓûêΓûêΓûêΓûêΓûêΓûêΓûêΓûêΓûêΓûì| 4257/4500 [58:59<03:14,  1.25it/s]
 95%|ΓûêΓûêΓûêΓûêΓûêΓûêΓûêΓûêΓûêΓûì| 4258/4500 [58:59<03:10,  1.27it/s]
 95%|ΓûêΓûêΓûêΓûêΓûêΓûêΓûêΓûêΓûêΓûì| 4259/4500 [59:00<03:15,  1.24it/s]
 95%|ΓûêΓûêΓûêΓûêΓûêΓûêΓûêΓûêΓûêΓûì| 4260/4500 [59:01<03:22,  1.18it/s]
 95%|ΓûêΓûêΓûêΓûêΓûêΓûêΓûêΓûêΓûêΓûì| 4261/4500 [59:02<03:28,  1.15it/s]
 95%|ΓûêΓûêΓûêΓûêΓûêΓûêΓûêΓûêΓûêΓûì| 4262/4500 [59:03<03:32,  1.12it/s]
 95%|ΓûêΓûêΓûêΓûêΓûêΓûêΓûêΓûêΓûêΓûì| 4263/4500 [59:04<03:23,  1.16it/s]
 95%|ΓûêΓûêΓûêΓûêΓûêΓûêΓûêΓûêΓûêΓûì| 4264/4500 [59:05<03:30,  1.12it/s]
 95%|ΓûêΓûêΓûêΓûêΓûêΓûêΓûêΓûêΓûêΓûì| 4265/4500 [59:06<03:33,  1.10it/s]
 95%|ΓûêΓûêΓûêΓûêΓûêΓûêΓûêΓûêΓûêΓûì| 4266/4500 [59:07<03:29,  1.12it/s]
 95%|ΓûêΓûêΓûêΓûêΓûêΓûêΓûêΓûêΓûêΓûì| 4267/4500 [59:07<03:30,  1.11it/s]
 95%|ΓûêΓûêΓûêΓûêΓûêΓûêΓûêΓûêΓûêΓûì| 4268/4500 [59:08<03:35,  1.08it/s]
 95%|ΓûêΓûêΓûêΓûêΓûêΓûêΓûêΓûêΓûêΓûì| 4269/4500 [59:09<03:29,  1.10it/s]
 95%|ΓûêΓûêΓûêΓûêΓûêΓûêΓûêΓûêΓûêΓûì| 4270/4500 [59:10<03:32,  1.08it/s]
 95%|ΓûêΓûêΓûêΓûêΓûêΓûêΓûêΓûêΓûêΓûì| 4271/4500 [59:11<03:27,  1.10it/s]
 95%|ΓûêΓûêΓûêΓûêΓûêΓûêΓûêΓûêΓûêΓûì| 4272/4500 [59:12<03:20,  1.14it/s]
 95%|ΓûêΓûêΓûêΓûêΓûêΓûêΓûêΓûêΓûêΓûì| 4273/4500 [59:13<03:15,  1.16it/s]
 95%|ΓûêΓûêΓûêΓûêΓûêΓûêΓûêΓûêΓûêΓûì| 4274/4500 [59:14<03:23,  1.11it/s]
 95%|ΓûêΓûêΓûêΓûêΓûêΓûêΓûêΓûêΓûêΓûî| 4275/4500 [59:15<03:22,  1.11it/s]
 95%|ΓûêΓûêΓûêΓûêΓûêΓûêΓûêΓûêΓûêΓûî| 4276/4500 [59:16<03:21,  1.11it/s]
 95%|ΓûêΓûêΓûêΓûêΓûêΓûêΓûêΓûêΓûêΓûî| 4277/4500 [59:17<03:22,  1.10it/s]
 95%|ΓûêΓûêΓûêΓûêΓûêΓûêΓûêΓûêΓûêΓûî| 4278/4500 [59:18<03:27,  1.07it/s]
 95%|ΓûêΓûêΓûêΓûêΓûêΓûêΓûêΓûêΓûêΓûî| 4279/4500 [59:18<03:14,  1.14it/s]
 95%|ΓûêΓûêΓûêΓûêΓûêΓûêΓûêΓûêΓûêΓûî| 4280/4500 [59:19<03:13,  1.14it/s]
 95%|ΓûêΓûêΓûêΓûêΓûêΓûêΓûêΓûêΓûêΓûî| 4281/4500 [59:20<03:07,  1.17it/s]
 95%|ΓûêΓûêΓûêΓûêΓûêΓûêΓûêΓûêΓûêΓûî| 4282/4500 [59:21<03:07,  1.16it/s]
 95%|ΓûêΓûêΓûêΓûêΓûêΓûêΓûêΓûêΓûêΓûî| 4283/4500 [59:22<03:03,  1.18it/s]
 95%|ΓûêΓûêΓûêΓûêΓûêΓûêΓûêΓûêΓûêΓûî| 4284/4500 [59:22<03:02,  1.18it/s]
 95%|ΓûêΓûêΓûêΓûêΓûêΓûêΓûêΓûêΓûêΓûî| 4285/4500 [59:23<03:07,  1.14it/s]
 95%|ΓûêΓûêΓûêΓûêΓûêΓûêΓûêΓûêΓûêΓûî| 4286/4500 [59:24<03:06,  1.14it/s]
 95%|ΓûêΓûêΓûêΓûêΓûêΓûêΓûêΓûêΓûêΓûî| 4287/4500 [59:25<03:05,  1.15it/s]
 95%|ΓûêΓûêΓûêΓûêΓûêΓûêΓûêΓûêΓûêΓûî| 4288/4500 [59:26<03:10,  1.11it/s]
 95%|ΓûêΓûêΓûêΓûêΓûêΓûêΓûêΓûêΓûêΓûî| 4289/4500 [59:27<03:05,  1.14it/s]
 95%|ΓûêΓûêΓûêΓûêΓûêΓûêΓûêΓûêΓûêΓûî| 4290/4500 [59:28<03:04,  1.14it/s]
 95%|ΓûêΓûêΓûêΓûêΓûêΓûêΓûêΓûêΓûêΓûî| 4291/4500 [59:29<03:10,  1.09it/s]
 95%|ΓûêΓûêΓûêΓûêΓûêΓûêΓûêΓûêΓûêΓûî| 4293/4500 [59:30<02:23,  1.44it/s]
 95%|ΓûêΓûêΓûêΓûêΓûêΓûêΓûêΓûêΓûêΓûî| 4294/4500 [59:31<02:30,  1.37it/s]
 95%|ΓûêΓûêΓûêΓûêΓûêΓûêΓûêΓûêΓûêΓûî| 4295/4500 [59:31<02:41,  1.27it/s]
 95%|ΓûêΓûêΓûêΓûêΓûêΓûêΓûêΓûêΓûêΓûî| 4296/4500 [59:32<02:46,  1.23it/s]
 95%|ΓûêΓûêΓûêΓûêΓûêΓûêΓûêΓûêΓûêΓûî| 4297/4500 [59:33<02:51,  1.18it/s]
 96%|ΓûêΓûêΓûêΓûêΓûêΓûêΓûêΓûêΓûêΓûî| 4298/4500 [59:34<02:52,  1.17it/s]
 96%|ΓûêΓûêΓûêΓûêΓûêΓûêΓûêΓûêΓûêΓûî| 4299/4500 [59:35<02:51,  1.17it/s]
 96%|ΓûêΓûêΓûêΓûêΓûêΓûêΓûêΓûêΓûêΓûî| 4300/4500 [59:36<02:51,  1.17it/s]
 96%|ΓûêΓûêΓûêΓûêΓûêΓûêΓûêΓûêΓûêΓûî| 4301/4500 [59:37<02:50,  1.17it/s]
 96%|ΓûêΓûêΓûêΓûêΓûêΓûêΓûêΓûêΓûêΓûî| 4302/4500 [59:38<02:49,  1.17it/s]
 96%|ΓûêΓûêΓûêΓûêΓûêΓûêΓûêΓûêΓûêΓûî| 4303/4500 [59:38<02:44,  1.20it/s]
 96%|ΓûêΓûêΓûêΓûêΓûêΓûêΓûêΓûêΓûêΓûî| 4304/4500 [59:39<02:43,  1.20it/s]
 96%|ΓûêΓûêΓûêΓûêΓûêΓûêΓûêΓûêΓûêΓûî| 4305/4500 [59:40<02:50,  1.14it/s]
 96%|ΓûêΓûêΓûêΓûêΓûêΓûêΓûêΓûêΓûêΓûî| 4306/4500 [59:41<02:51,  1.13it/s]
 96%|ΓûêΓûêΓûêΓûêΓûêΓûêΓûêΓûêΓûêΓûî| 4307/4500 [59:42<02:54,  1.11it/s]
 96%|ΓûêΓûêΓûêΓûêΓûêΓûêΓûêΓûêΓûêΓûî| 4308/4500 [59:43<02:47,  1.14it/s]
 96%|ΓûêΓûêΓûêΓûêΓûêΓûêΓûêΓûêΓûêΓûî| 4309/4500 [59:44<02:45,  1.15it/s]
 96%|ΓûêΓûêΓûêΓûêΓûêΓûêΓûêΓûêΓûêΓûî| 4310/4500 [59:45<02:42,  1.17it/s]
 96%|ΓûêΓûêΓûêΓûêΓûêΓûêΓûêΓûêΓûêΓûî| 4311/4500 [59:45<02:42,  1.16it/s]
 96%|ΓûêΓûêΓûêΓûêΓûêΓûêΓûêΓûêΓûêΓûî| 4312/4500 [59:46<02:35,  1.21it/s]
 96%|ΓûêΓûêΓûêΓûêΓûêΓûêΓûêΓûêΓûêΓûî| 4313/4500 [59:47<02:39,  1.17it/s]
 96%|ΓûêΓûêΓûêΓûêΓûêΓûêΓûêΓûêΓûêΓûî| 4314/4500 [59:48<02:36,  1.19it/s]
 96%|ΓûêΓûêΓûêΓûêΓûêΓûêΓûêΓûêΓûêΓûî| 4315/4500 [59:49<02:34,  1.20it/s]
 96%|ΓûêΓûêΓûêΓûêΓûêΓûêΓûêΓûêΓûêΓûî| 4316/4500 [59:49<02:31,  1.21it/s]
 96%|ΓûêΓûêΓûêΓûêΓûêΓûêΓûêΓûêΓûêΓûî| 4317/4500 [59:50<02:30,  1.22it/s]
 96%|ΓûêΓûêΓûêΓûêΓûêΓûêΓûêΓûêΓûêΓûî| 4318/4500 [59:51<02:30,  1.21it/s]
 96%|ΓûêΓûêΓûêΓûêΓûêΓûêΓûêΓûêΓûêΓûî| 4319/4500 [59:52<02:29,  1.21it/s]
 96%|ΓûêΓûêΓûêΓûêΓûêΓûêΓûêΓûêΓûêΓûî| 4320/4500 [59:53<02:28,  1.21it/s]
 96%|ΓûêΓûêΓûêΓûêΓûêΓûêΓûêΓûêΓûêΓûî| 4321/4500 [59:54<02:32,  1.17it/s]
 96%|ΓûêΓûêΓûêΓûêΓûêΓûêΓûêΓûêΓûêΓûî| 4322/4500 [59:55<02:33,  1.16it/s]
 96%|ΓûêΓûêΓûêΓûêΓûêΓûêΓûêΓûêΓûêΓûî| 4323/4500 [59:55<02:30,  1.18it/s]
 96%|ΓûêΓûêΓûêΓûêΓûêΓûêΓûêΓûêΓûêΓûî| 4324/4500 [59:56<02:22,  1.23it/s]
 96%|ΓûêΓûêΓûêΓûêΓûêΓûêΓûêΓûêΓûêΓûî| 4325/4500 [59:57<02:17,  1.27it/s]
 96%|ΓûêΓûêΓûêΓûêΓûêΓûêΓûêΓûêΓûêΓûî| 4326/4500 [59:58<02:18,  1.26it/s]
 96%|ΓûêΓûêΓûêΓûêΓûêΓûêΓûêΓûêΓûêΓûî| 4327/4500 [59:59<02:23,  1.20it/s]
 96%|ΓûêΓûêΓûêΓûêΓûêΓûêΓûêΓûêΓûêΓûî| 4328/4500 [59:59<02:19,  1.24it/s]
 96%|ΓûêΓûêΓûêΓûêΓûêΓûêΓûêΓûêΓûêΓûî| 4329/4500 [1:00:00<02:16,  1.26it/s]
 96%|ΓûêΓûêΓûêΓûêΓûêΓûêΓûêΓûêΓûêΓûî| 4330/4500 [1:00:01<02:14,  1.26it/s]
 96%|ΓûêΓûêΓûêΓûêΓûêΓûêΓûêΓûêΓûêΓûî| 4331/4500 [1:00:02<02:16,  1.24it/s]
 96%|ΓûêΓûêΓûêΓûêΓûêΓûêΓûêΓûêΓûêΓûï| 4332/4500 [1:00:03<02:14,  1.25it/s]
 96%|ΓûêΓûêΓûêΓûêΓûêΓûêΓûêΓûêΓûêΓûï| 4333/4500 [1:00:03<02:13,  1.25it/s]
 96%|ΓûêΓûêΓûêΓûêΓûêΓûêΓûêΓûêΓûêΓûï| 4334/4500 [1:00:04<02:11,  1.27it/s]
 96%|ΓûêΓûêΓûêΓûêΓûêΓûêΓûêΓûêΓûêΓûï| 4335/4500 [1:00:05<02:19,  1.18it/s]
 96%|ΓûêΓûêΓûêΓûêΓûêΓûêΓûêΓûêΓûêΓûï| 4336/4500 [1:00:06<02:21,  1.16it/s]
 96%|ΓûêΓûêΓûêΓûêΓûêΓûêΓûêΓûêΓûêΓûï| 4337/4500 [1:00:07<02:18,  1.18it/s]
 96%|ΓûêΓûêΓûêΓûêΓûêΓûêΓûêΓûêΓûêΓûï| 4338/4500 [1:00:08<02:20,  1.15it/s]
 96%|ΓûêΓûêΓûêΓûêΓûêΓûêΓûêΓûêΓûêΓûï| 4339/4500 [1:00:09<02:21,  1.14it/s]
 96%|ΓûêΓûêΓûêΓûêΓûêΓûêΓûêΓûêΓûêΓûï| 4340/4500 [1:00:09<02:17,  1.16it/s]
 96%|ΓûêΓûêΓûêΓûêΓûêΓûêΓûêΓûêΓûêΓûï| 4341/4500 [1:00:10<02:13,  1.19it/s]
 96%|ΓûêΓûêΓûêΓûêΓûêΓûêΓûêΓûêΓûêΓûï| 4342/4500 [1:00:11<02:19,  1.13it/s]
 97%|ΓûêΓûêΓûêΓûêΓûêΓûêΓûêΓûêΓûêΓûï| 4343/4500 [1:00:12<02:18,  1.13it/s]
 97%|ΓûêΓûêΓûêΓûêΓûêΓûêΓûêΓûêΓûêΓûï| 4344/4500 [1:00:13<02:16,  1.15it/s]
 97%|ΓûêΓûêΓûêΓûêΓûêΓûêΓûêΓûêΓûêΓûï| 4345/4500 [1:00:14<02:13,  1.16it/s]
 97%|ΓûêΓûêΓûêΓûêΓûêΓûêΓûêΓûêΓûêΓûï| 4346/4500 [1:00:15<02:07,  1.20it/s]
 97%|ΓûêΓûêΓûêΓûêΓûêΓûêΓûêΓûêΓûêΓûï| 4347/4500 [1:00:15<02:07,  1.20it/s]
 97%|ΓûêΓûêΓûêΓûêΓûêΓûêΓûêΓûêΓûêΓûï| 4348/4500 [1:00:16<02:10,  1.16it/s]
 97%|ΓûêΓûêΓûêΓûêΓûêΓûêΓûêΓûêΓûêΓûï| 4349/4500 [1:00:17<02:09,  1.17it/s]
 97%|ΓûêΓûêΓûêΓûêΓûêΓûêΓûêΓûêΓûêΓûï| 4350/4500 [1:00:18<02:06,  1.18it/s]
 97%|ΓûêΓûêΓûêΓûêΓûêΓûêΓûêΓûêΓûêΓûï| 4351/4500 [1:00:19<02:01,  1.23it/s]
 97%|ΓûêΓûêΓûêΓûêΓûêΓûêΓûêΓûêΓûêΓûï| 4352/4500 [1:00:20<02:04,  1.19it/s]
 97%|ΓûêΓûêΓûêΓûêΓûêΓûêΓûêΓûêΓûêΓûï| 4353/4500 [1:00:21<02:06,  1.16it/s]
 97%|ΓûêΓûêΓûêΓûêΓûêΓûêΓûêΓûêΓûêΓûï| 4354/4500 [1:00:21<02:05,  1.17it/s]
 97%|ΓûêΓûêΓûêΓûêΓûêΓûêΓûêΓûêΓûêΓûï| 4355/4500 [1:00:22<01:59,  1.22it/s]
 97%|ΓûêΓûêΓûêΓûêΓûêΓûêΓûêΓûêΓûêΓûï| 4356/4500 [1:00:23<01:59,  1.21it/s]
 97%|ΓûêΓûêΓûêΓûêΓûêΓûêΓûêΓûêΓûêΓûï| 4357/4500 [1:00:24<01:59,  1.20it/s]
 97%|ΓûêΓûêΓûêΓûêΓûêΓûêΓûêΓûêΓûêΓûï| 4358/4500 [1:00:25<01:58,  1.20it/s]
 97%|ΓûêΓûêΓûêΓûêΓûêΓûêΓûêΓûêΓûêΓûï| 4359/4500 [1:00:25<01:57,  1.20it/s]
 97%|ΓûêΓûêΓûêΓûêΓûêΓûêΓûêΓûêΓûêΓûï| 4360/4500 [1:00:26<01:55,  1.21it/s]
 97%|ΓûêΓûêΓûêΓûêΓûêΓûêΓûêΓûêΓûêΓûï| 4361/4500 [1:00:27<01:55,  1.21it/s]
 97%|ΓûêΓûêΓûêΓûêΓûêΓûêΓûêΓûêΓûêΓûï| 4362/4500 [1:00:28<01:54,  1.21it/s]
 97%|ΓûêΓûêΓûêΓûêΓûêΓûêΓûêΓûêΓûêΓûï| 4363/4500 [1:00:29<01:49,  1.25it/s]
 97%|ΓûêΓûêΓûêΓûêΓûêΓûêΓûêΓûêΓûêΓûï| 4364/4500 [1:00:29<01:46,  1.28it/s]
 97%|ΓûêΓûêΓûêΓûêΓûêΓûêΓûêΓûêΓûêΓûï| 4365/4500 [1:00:30<01:44,  1.29it/s]
 97%|ΓûêΓûêΓûêΓûêΓûêΓûêΓûêΓûêΓûêΓûï| 4366/4500 [1:00:31<01:47,  1.24it/s]
 97%|ΓûêΓûêΓûêΓûêΓûêΓûêΓûêΓûêΓûêΓûï| 4367/4500 [1:00:32<01:49,  1.22it/s]
 97%|ΓûêΓûêΓûêΓûêΓûêΓûêΓûêΓûêΓûêΓûï| 4368/4500 [1:00:33<01:48,  1.21it/s]
 97%|ΓûêΓûêΓûêΓûêΓûêΓûêΓûêΓûêΓûêΓûï| 4369/4500 [1:00:34<01:49,  1.20it/s]
 97%|ΓûêΓûêΓûêΓûêΓûêΓûêΓûêΓûêΓûêΓûï| 4370/4500 [1:00:34<01:48,  1.20it/s]
 97%|ΓûêΓûêΓûêΓûêΓûêΓûêΓûêΓûêΓûêΓûï| 4371/4500 [1:00:35<01:47,  1.20it/s]
 97%|ΓûêΓûêΓûêΓûêΓûêΓûêΓûêΓûêΓûêΓûï| 4372/4500 [1:00:36<01:50,  1.16it/s]
 97%|ΓûêΓûêΓûêΓûêΓûêΓûêΓûêΓûêΓûêΓûï| 4373/4500 [1:00:37<01:49,  1.16it/s]
 97%|ΓûêΓûêΓûêΓûêΓûêΓûêΓûêΓûêΓûêΓûï| 4374/4500 [1:00:38<01:51,  1.13it/s]
 97%|ΓûêΓûêΓûêΓûêΓûêΓûêΓûêΓûêΓûêΓûï| 4375/4500 [1:00:39<01:48,  1.15it/s]
 97%|ΓûêΓûêΓûêΓûêΓûêΓûêΓûêΓûêΓûêΓûï| 4376/4500 [1:00:40<01:47,  1.16it/s]
 97%|ΓûêΓûêΓûêΓûêΓûêΓûêΓûêΓûêΓûêΓûï| 4377/4500 [1:00:41<01:48,  1.14it/s]
 97%|ΓûêΓûêΓûêΓûêΓûêΓûêΓûêΓûêΓûêΓûï| 4378/4500 [1:00:41<01:42,  1.19it/s]
 97%|ΓûêΓûêΓûêΓûêΓûêΓûêΓûêΓûêΓûêΓûï| 4379/4500 [1:00:42<01:38,  1.23it/s]
 97%|ΓûêΓûêΓûêΓûêΓûêΓûêΓûêΓûêΓûêΓûï| 4380/4500 [1:00:43<01:35,  1.26it/s]
 97%|ΓûêΓûêΓûêΓûêΓûêΓûêΓûêΓûêΓûêΓûï| 4381/4500 [1:00:44<01:32,  1.28it/s]
 97%|ΓûêΓûêΓûêΓûêΓûêΓûêΓûêΓûêΓûêΓûï| 4382/4500 [1:00:44<01:30,  1.30it/s]
 97%|ΓûêΓûêΓûêΓûêΓûêΓûêΓûêΓûêΓûêΓûï| 4383/4500 [1:00:45<01:30,  1.29it/s]
 97%|ΓûêΓûêΓûêΓûêΓûêΓûêΓûêΓûêΓûêΓûï| 4384/4500 [1:00:46<01:31,  1.27it/s]
 97%|ΓûêΓûêΓûêΓûêΓûêΓûêΓûêΓûêΓûêΓûï| 4385/4500 [1:00:47<01:31,  1.26it/s]
 97%|ΓûêΓûêΓûêΓûêΓûêΓûêΓûêΓûêΓûêΓûï| 4386/4500 [1:00:48<01:33,  1.22it/s]
 97%|ΓûêΓûêΓûêΓûêΓûêΓûêΓûêΓûêΓûêΓûï| 4387/4500 [1:00:48<01:31,  1.23it/s]
 98%|ΓûêΓûêΓûêΓûêΓûêΓûêΓûêΓûêΓûêΓûè| 4388/4500 [1:00:49<01:30,  1.24it/s]
 98%|ΓûêΓûêΓûêΓûêΓûêΓûêΓûêΓûêΓûêΓûè| 4389/4500 [1:00:50<01:29,  1.23it/s]
 98%|ΓûêΓûêΓûêΓûêΓûêΓûêΓûêΓûêΓûêΓûè| 4390/4500 [1:00:51<01:34,  1.17it/s]
 98%|ΓûêΓûêΓûêΓûêΓûêΓûêΓûêΓûêΓûêΓûè| 4391/4500 [1:00:52<01:36,  1.13it/s]
 98%|ΓûêΓûêΓûêΓûêΓûêΓûêΓûêΓûêΓûêΓûè| 4392/4500 [1:00:53<01:35,  1.14it/s]
 98%|ΓûêΓûêΓûêΓûêΓûêΓûêΓûêΓûêΓûêΓûè| 4393/4500 [1:00:54<01:37,  1.10it/s]
 98%|ΓûêΓûêΓûêΓûêΓûêΓûêΓûêΓûêΓûêΓûè| 4394/4500 [1:00:55<01:34,  1.13it/s]
 98%|ΓûêΓûêΓûêΓûêΓûêΓûêΓûêΓûêΓûêΓûè| 4395/4500 [1:00:55<01:32,  1.13it/s]
 98%|ΓûêΓûêΓûêΓûêΓûêΓûêΓûêΓûêΓûêΓûè| 4396/4500 [1:00:56<01:31,  1.14it/s]
 98%|ΓûêΓûêΓûêΓûêΓûêΓûêΓûêΓûêΓûêΓûè| 4397/4500 [1:00:57<01:30,  1.14it/s]
 98%|ΓûêΓûêΓûêΓûêΓûêΓûêΓûêΓûêΓûêΓûè| 4398/4500 [1:00:58<01:28,  1.15it/s]
 98%|ΓûêΓûêΓûêΓûêΓûêΓûêΓûêΓûêΓûêΓûè| 4399/4500 [1:00:59<01:27,  1.15it/s]
 98%|ΓûêΓûêΓûêΓûêΓûêΓûêΓûêΓûêΓûêΓûè| 4400/4500 [1:01:00<01:23,  1.20it/s]
 98%|ΓûêΓûêΓûêΓûêΓûêΓûêΓûêΓûêΓûêΓûè| 4401/4500 [1:01:01<01:24,  1.17it/s]
 98%|ΓûêΓûêΓûêΓûêΓûêΓûêΓûêΓûêΓûêΓûè| 4402/4500 [1:01:01<01:23,  1.17it/s]
 98%|ΓûêΓûêΓûêΓûêΓûêΓûêΓûêΓûêΓûêΓûè| 4403/4500 [1:01:02<01:22,  1.17it/s]
 98%|ΓûêΓûêΓûêΓûêΓûêΓûêΓûêΓûêΓûêΓûè| 4404/4500 [1:01:03<01:21,  1.18it/s]
 98%|ΓûêΓûêΓûêΓûêΓûêΓûêΓûêΓûêΓûêΓûè| 4405/4500 [1:01:04<01:22,  1.15it/s]
 98%|ΓûêΓûêΓûêΓûêΓûêΓûêΓûêΓûêΓûêΓûè| 4406/4500 [1:01:05<01:20,  1.17it/s]
 98%|ΓûêΓûêΓûêΓûêΓûêΓûêΓûêΓûêΓûêΓûè| 4407/4500 [1:01:06<01:20,  1.16it/s]
 98%|ΓûêΓûêΓûêΓûêΓûêΓûêΓûêΓûêΓûêΓûè| 4408/4500 [1:01:07<01:20,  1.15it/s]
 98%|ΓûêΓûêΓûêΓûêΓûêΓûêΓûêΓûêΓûêΓûè| 4409/4500 [1:01:08<01:18,  1.16it/s]
 98%|ΓûêΓûêΓûêΓûêΓûêΓûêΓûêΓûêΓûêΓûè| 4410/4500 [1:01:08<01:14,  1.21it/s]
 98%|ΓûêΓûêΓûêΓûêΓûêΓûêΓûêΓûêΓûêΓûè| 4411/4500 [1:01:09<01:15,  1.18it/s]
 98%|ΓûêΓûêΓûêΓûêΓûêΓûêΓûêΓûêΓûêΓûè| 4412/4500 [1:01:10<01:13,  1.19it/s]
 98%|ΓûêΓûêΓûêΓûêΓûêΓûêΓûêΓûêΓûêΓûè| 4413/4500 [1:01:11<01:10,  1.23it/s]
 98%|ΓûêΓûêΓûêΓûêΓûêΓûêΓûêΓûêΓûêΓûè| 4414/4500 [1:01:12<01:12,  1.18it/s]
 98%|ΓûêΓûêΓûêΓûêΓûêΓûêΓûêΓûêΓûêΓûè| 4415/4500 [1:01:13<01:13,  1.16it/s]
 98%|ΓûêΓûêΓûêΓûêΓûêΓûêΓûêΓûêΓûêΓûè| 4416/4500 [1:01:13<01:09,  1.21it/s]
 98%|ΓûêΓûêΓûêΓûêΓûêΓûêΓûêΓûêΓûêΓûè| 4417/4500 [1:01:14<01:08,  1.21it/s]
 98%|ΓûêΓûêΓûêΓûêΓûêΓûêΓûêΓûêΓûêΓûè| 4418/4500 [1:01:15<01:09,  1.18it/s]
 98%|ΓûêΓûêΓûêΓûêΓûêΓûêΓûêΓûêΓûêΓûè| 4419/4500 [1:01:16<01:06,  1.22it/s]
 98%|ΓûêΓûêΓûêΓûêΓûêΓûêΓûêΓûêΓûêΓûè| 4420/4500 [1:01:17<01:05,  1.22it/s]
 98%|ΓûêΓûêΓûêΓûêΓûêΓûêΓûêΓûêΓûêΓûè| 4421/4500 [1:01:17<01:04,  1.22it/s]
 98%|ΓûêΓûêΓûêΓûêΓûêΓûêΓûêΓûêΓûêΓûè| 4422/4500 [1:01:18<01:04,  1.21it/s]
 98%|ΓûêΓûêΓûêΓûêΓûêΓûêΓûêΓûêΓûêΓûè| 4423/4500 [1:01:19<01:01,  1.25it/s]
 98%|ΓûêΓûêΓûêΓûêΓûêΓûêΓûêΓûêΓûêΓûè| 4424/4500 [1:01:20<01:03,  1.20it/s]
 98%|ΓûêΓûêΓûêΓûêΓûêΓûêΓûêΓûêΓûêΓûè| 4425/4500 [1:01:21<01:02,  1.20it/s]
 98%|ΓûêΓûêΓûêΓûêΓûêΓûêΓûêΓûêΓûêΓûè| 4426/4500 [1:01:22<01:01,  1.20it/s]
 98%|ΓûêΓûêΓûêΓûêΓûêΓûêΓûêΓûêΓûêΓûè| 4427/4500 [1:01:22<00:58,  1.24it/s]
 98%|ΓûêΓûêΓûêΓûêΓûêΓûêΓûêΓûêΓûêΓûè| 4428/4500 [1:01:23<01:00,  1.20it/s]
 98%|ΓûêΓûêΓûêΓûêΓûêΓûêΓûêΓûêΓûêΓûè| 4429/4500 [1:01:24<00:59,  1.20it/s]
 98%|ΓûêΓûêΓûêΓûêΓûêΓûêΓûêΓûêΓûêΓûè| 4430/4500 [1:01:25<00:59,  1.17it/s]
 98%|ΓûêΓûêΓûêΓûêΓûêΓûêΓûêΓûêΓûêΓûè| 4431/4500 [1:01:26<00:56,  1.22it/s]
 98%|ΓûêΓûêΓûêΓûêΓûêΓûêΓûêΓûêΓûêΓûè| 4432/4500 [1:01:26<00:54,  1.25it/s]
 99%|ΓûêΓûêΓûêΓûêΓûêΓûêΓûêΓûêΓûêΓûè| 4433/4500 [1:01:27<00:53,  1.25it/s]
 99%|ΓûêΓûêΓûêΓûêΓûêΓûêΓûêΓûêΓûêΓûè| 4434/4500 [1:01:28<00:54,  1.21it/s]
 99%|ΓûêΓûêΓûêΓûêΓûêΓûêΓûêΓûêΓûêΓûè| 4435/4500 [1:01:29<00:54,  1.20it/s]
 99%|ΓûêΓûêΓûêΓûêΓûêΓûêΓûêΓûêΓûêΓûè| 4436/4500 [1:01:30<00:54,  1.18it/s]
 99%|ΓûêΓûêΓûêΓûêΓûêΓûêΓûêΓûêΓûêΓûè| 4437/4500 [1:01:31<00:54,  1.16it/s]
 99%|ΓûêΓûêΓûêΓûêΓûêΓûêΓûêΓûêΓûêΓûè| 4438/4500 [1:01:32<00:53,  1.15it/s]
 99%|ΓûêΓûêΓûêΓûêΓûêΓûêΓûêΓûêΓûêΓûè| 4439/4500 [1:01:32<00:51,  1.19it/s]
 99%|ΓûêΓûêΓûêΓûêΓûêΓûêΓûêΓûêΓûêΓûè| 4440/4500 [1:01:33<00:48,  1.24it/s]
 99%|ΓûêΓûêΓûêΓûêΓûêΓûêΓûêΓûêΓûêΓûè| 4441/4500 [1:01:34<00:48,  1.21it/s]
 99%|ΓûêΓûêΓûêΓûêΓûêΓûêΓûêΓûêΓûêΓûè| 4442/4500 [1:01:35<00:49,  1.17it/s]
 99%|ΓûêΓûêΓûêΓûêΓûêΓûêΓûêΓûêΓûêΓûè| 4443/4500 [1:01:36<00:50,  1.14it/s]
 99%|ΓûêΓûêΓûêΓûêΓûêΓûêΓûêΓûêΓûêΓûë| 4444/4500 [1:01:37<00:48,  1.15it/s]
 99%|ΓûêΓûêΓûêΓûêΓûêΓûêΓûêΓûêΓûêΓûë| 4445/4500 [1:01:37<00:45,  1.21it/s]
 99%|ΓûêΓûêΓûêΓûêΓûêΓûêΓûêΓûêΓûêΓûë| 4446/4500 [1:01:38<00:43,  1.24it/s]
 99%|ΓûêΓûêΓûêΓûêΓûêΓûêΓûêΓûêΓûêΓûë| 4447/4500 [1:01:39<00:41,  1.26it/s]
 99%|ΓûêΓûêΓûêΓûêΓûêΓûêΓûêΓûêΓûêΓûë| 4448/4500 [1:01:40<00:41,  1.24it/s]
 99%|ΓûêΓûêΓûêΓûêΓûêΓûêΓûêΓûêΓûêΓûë| 4449/4500 [1:01:41<00:41,  1.24it/s]
 99%|ΓûêΓûêΓûêΓûêΓûêΓûêΓûêΓûêΓûêΓûë| 4450/4500 [1:01:41<00:40,  1.23it/s]
 99%|ΓûêΓûêΓûêΓûêΓûêΓûêΓûêΓûêΓûêΓûë| 4451/4500 [1:01:42<00:39,  1.25it/s]
 99%|ΓûêΓûêΓûêΓûêΓûêΓûêΓûêΓûêΓûêΓûë| 4452/4500 [1:01:43<00:37,  1.28it/s]
 99%|ΓûêΓûêΓûêΓûêΓûêΓûêΓûêΓûêΓûêΓûë| 4453/4500 [1:01:44<00:38,  1.21it/s]
 99%|ΓûêΓûêΓûêΓûêΓûêΓûêΓûêΓûêΓûêΓûë| 4454/4500 [1:01:45<00:39,  1.18it/s]
 99%|ΓûêΓûêΓûêΓûêΓûêΓûêΓûêΓûêΓûêΓûë| 4455/4500 [1:01:46<00:37,  1.21it/s]
 99%|ΓûêΓûêΓûêΓûêΓûêΓûêΓûêΓûêΓûêΓûë| 4456/4500 [1:01:46<00:36,  1.21it/s]
 99%|ΓûêΓûêΓûêΓûêΓûêΓûêΓûêΓûêΓûêΓûë| 4457/4500 [1:01:47<00:35,  1.22it/s]
 99%|ΓûêΓûêΓûêΓûêΓûêΓûêΓûêΓûêΓûêΓûë| 4458/4500 [1:01:48<00:35,  1.18it/s]
 99%|ΓûêΓûêΓûêΓûêΓûêΓûêΓûêΓûêΓûêΓûë| 4459/4500 [1:01:49<00:35,  1.15it/s]
 99%|ΓûêΓûêΓûêΓûêΓûêΓûêΓûêΓûêΓûêΓûë| 4460/4500 [1:01:50<00:33,  1.19it/s]
 99%|ΓûêΓûêΓûêΓûêΓûêΓûêΓûêΓûêΓûêΓûë| 4461/4500 [1:01:51<00:32,  1.20it/s]
 99%|ΓûêΓûêΓûêΓûêΓûêΓûêΓûêΓûêΓûêΓûë| 4462/4500 [1:01:51<00:30,  1.24it/s]
 99%|ΓûêΓûêΓûêΓûêΓûêΓûêΓûêΓûêΓûêΓûë| 4463/4500 [1:01:52<00:31,  1.18it/s]
 99%|ΓûêΓûêΓûêΓûêΓûêΓûêΓûêΓûêΓûêΓûë| 4464/4500 [1:01:53<00:29,  1.22it/s]
 99%|ΓûêΓûêΓûêΓûêΓûêΓûêΓûêΓûêΓûêΓûë| 4465/4500 [1:01:54<00:29,  1.19it/s]
 99%|ΓûêΓûêΓûêΓûêΓûêΓûêΓûêΓûêΓûêΓûë| 4466/4500 [1:01:55<00:27,  1.21it/s]
 99%|ΓûêΓûêΓûêΓûêΓûêΓûêΓûêΓûêΓûêΓûë| 4467/4500 [1:01:56<00:27,  1.20it/s]
 99%|ΓûêΓûêΓûêΓûêΓûêΓûêΓûêΓûêΓûêΓûë| 4468/4500 [1:01:57<00:27,  1.15it/s]
 99%|ΓûêΓûêΓûêΓûêΓûêΓûêΓûêΓûêΓûêΓûë| 4469/4500 [1:01:57<00:27,  1.12it/s]
 99%|ΓûêΓûêΓûêΓûêΓûêΓûêΓûêΓûêΓûêΓûë| 4470/4500 [1:01:58<00:25,  1.18it/s]
 99%|ΓûêΓûêΓûêΓûêΓûêΓûêΓûêΓûêΓûêΓûë| 4471/4500 [1:01:59<00:24,  1.19it/s]
 99%|ΓûêΓûêΓûêΓûêΓûêΓûêΓûêΓûêΓûêΓûë| 4472/4500 [1:02:00<00:22,  1.22it/s]
 99%|ΓûêΓûêΓûêΓûêΓûêΓûêΓûêΓûêΓûêΓûë| 4473/4500 [1:02:01<00:22,  1.22it/s]
 99%|ΓûêΓûêΓûêΓûêΓûêΓûêΓûêΓûêΓûêΓûë| 4474/4500 [1:02:01<00:21,  1.20it/s]
 99%|ΓûêΓûêΓûêΓûêΓûêΓûêΓûêΓûêΓûêΓûë| 4475/4500 [1:02:02<00:20,  1.19it/s]
 99%|ΓûêΓûêΓûêΓûêΓûêΓûêΓûêΓûêΓûêΓûë| 4476/4500 [1:02:03<00:19,  1.20it/s]
 99%|ΓûêΓûêΓûêΓûêΓûêΓûêΓûêΓûêΓûêΓûë| 4477/4500 [1:02:04<00:18,  1.23it/s]
100%|ΓûêΓûêΓûêΓûêΓûêΓûêΓûêΓûêΓûêΓûë| 4478/4500 [1:02:05<00:18,  1.21it/s]
100%|ΓûêΓûêΓûêΓûêΓûêΓûêΓûêΓûêΓûêΓûë| 4479/4500 [1:02:06<00:17,  1.22it/s]
100%|ΓûêΓûêΓûêΓûêΓûêΓûêΓûêΓûêΓûêΓûë| 4480/4500 [1:02:06<00:16,  1.21it/s]
100%|ΓûêΓûêΓûêΓûêΓûêΓûêΓûêΓûêΓûêΓûë| 4481/4500 [1:02:07<00:15,  1.22it/s]
100%|ΓûêΓûêΓûêΓûêΓûêΓûêΓûêΓûêΓûêΓûë| 4482/4500 [1:02:08<00:14,  1.21it/s]
100%|ΓûêΓûêΓûêΓûêΓûêΓûêΓûêΓûêΓûêΓûë| 4483/4500 [1:02:09<00:14,  1.17it/s]
100%|ΓûêΓûêΓûêΓûêΓûêΓûêΓûêΓûêΓûêΓûë| 4484/4500 [1:02:10<00:13,  1.19it/s]
100%|ΓûêΓûêΓûêΓûêΓûêΓûêΓûêΓûêΓûêΓûë| 4485/4500 [1:02:11<00:12,  1.19it/s]
100%|ΓûêΓûêΓûêΓûêΓûêΓûêΓûêΓûêΓûêΓûë| 4486/4500 [1:02:11<00:11,  1.22it/s]
100%|ΓûêΓûêΓûêΓûêΓûêΓûêΓûêΓûêΓûêΓûë| 4487/4500 [1:02:12<00:10,  1.21it/s]
100%|ΓûêΓûêΓûêΓûêΓûêΓûêΓûêΓûêΓûêΓûë| 4488/4500 [1:02:13<00:10,  1.17it/s]
100%|ΓûêΓûêΓûêΓûêΓûêΓûêΓûêΓûêΓûêΓûë| 4489/4500 [1:02:14<00:09,  1.16it/s]
100%|ΓûêΓûêΓûêΓûêΓûêΓûêΓûêΓûêΓûêΓûë| 4490/4500 [1:02:15<00:08,  1.15it/s]
100%|ΓûêΓûêΓûêΓûêΓûêΓûêΓûêΓûêΓûêΓûë| 4491/4500 [1:02:16<00:07,  1.16it/s]
100%|ΓûêΓûêΓûêΓûêΓûêΓûêΓûêΓûêΓûêΓûë| 4492/4500 [1:02:17<00:07,  1.13it/s]
100%|ΓûêΓûêΓûêΓûêΓûêΓûêΓûêΓûêΓûêΓûë| 4493/4500 [1:02:17<00:05,  1.19it/s]
100%|ΓûêΓûêΓûêΓûêΓûêΓûêΓûêΓûêΓûêΓûë| 4494/4500 [1:02:18<00:05,  1.17it/s]
100%|ΓûêΓûêΓûêΓûêΓûêΓûêΓûêΓûêΓûêΓûë| 4495/4500 [1:02:19<00:04,  1.22it/s]
100%|ΓûêΓûêΓûêΓûêΓûêΓûêΓûêΓûêΓûêΓûë| 4496/4500 [1:02:20<00:03,  1.17it/s]
100%|ΓûêΓûêΓûêΓûêΓûêΓûêΓûêΓûêΓûêΓûë| 4497/4500 [1:02:21<00:02,  1.18it/s]
100%|ΓûêΓûêΓûêΓûêΓûêΓûêΓûêΓûêΓûêΓûë| 4498/4500 [1:02:22<00:01,  1.18it/s]
100%|ΓûêΓûêΓûêΓûêΓûêΓûêΓûêΓûêΓûêΓûë| 4499/4500 [1:02:23<00:00,  1.19it/s]
100%|ΓûêΓûêΓûêΓûêΓûêΓûêΓûêΓûêΓûêΓûê| 4500/4500 [1:02:23<00:00,  1.17it/s]
100%|ΓûêΓûêΓûêΓûêΓûêΓûêΓûêΓûêΓûêΓûê| 4500/4500 [1:02:23<00:00,  1.20it/s]
{"run_dir": "C:\\Users\\jv624\\Desktop\\fsm_reliability\\outputs\\cstr_grounding\\20261003_022728_20261002_083124_qwen25-7b-instruct_v4_v31_r0", "status": {"ok": 4487, "not_eligible": 13}, "tf_agreement": 0.9137}
