python.exe : 
At C:\Users\jv624\Desktop\fsm_reliability\outputs\pipeline_detached.ps1:18 char:5
+     & $py @pyArgs 2>&1 | Out-File -Encoding utf8 "outputs\queue_$name ...
+     ~~~~~~~~~~~~~~~~~~
    + CategoryInfo          : NotSpecified: (:String) [], RemoteException
    + FullyQualifiedErrorId : NativeCommandError
 
Loading weights:   0%|          | 0/434 [00:00<?, ?it/s]
Loading weights:   0%|          | 1/434 [00:00<03:08,  2.29it/s]
Loading weights:   3%|ΓûÄ         | 15/434 [00:00<00:13, 30.68it/s]
Loading weights:   6%|Γûï         | 28/434 [00:00<00:08, 49.56it/s]
Loading weights:   9%|Γûë         | 38/434 [00:00<00:06, 58.31it/s]
Loading weights:  11%|Γûê         | 46/434 [00:00<00:06, 62.18it/s]
Loading weights:  12%|ΓûêΓûÅ        | 54/434 [00:01<00:06, 61.02it/s]
Loading weights:  15%|ΓûêΓûì        | 65/434 [00:01<00:05, 68.94it/s]
Loading weights:  18%|ΓûêΓûè        | 76/434 [00:01<00:04, 78.59it/s]
Loading weights:  21%|ΓûêΓûê        | 89/434 [00:01<00:03, 90.95it/s]
Loading weights:  23%|ΓûêΓûêΓûÄ       | 101/434 [00:01<00:03, 97.52it/s]
Loading weights:  26%|ΓûêΓûêΓûî       | 113/434 [00:01<00:03, 102.42it/s]
Loading weights:  29%|ΓûêΓûêΓûë       | 125/434 [00:01<00:02, 106.32it/s]
Loading weights:  31%|ΓûêΓûêΓûêΓûÅ      | 136/434 [00:01<00:02, 104.99it/s]
Loading weights:  34%|ΓûêΓûêΓûêΓûì      | 149/434 [00:01<00:02, 109.60it/s]
Loading weights:  37%|ΓûêΓûêΓûêΓûï      | 161/434 [00:02<00:02, 111.38it/s]
Loading weights:  40%|ΓûêΓûêΓûêΓûë      | 173/434 [00:02<00:02, 111.87it/s]
Loading weights:  43%|ΓûêΓûêΓûêΓûêΓûÄ     | 185/434 [00:02<00:02, 112.86it/s]
Loading weights:  45%|ΓûêΓûêΓûêΓûêΓûî     | 197/434 [00:02<00:02, 113.18it/s]
Loading weights:  48%|ΓûêΓûêΓûêΓûêΓûè     | 209/434 [00:02<00:01, 112.85it/s]
Loading weights:  51%|ΓûêΓûêΓûêΓûêΓûê     | 221/434 [00:02<00:01, 111.84it/s]
Loading weights:  54%|ΓûêΓûêΓûêΓûêΓûêΓûÄ    | 233/434 [00:02<00:01, 112.18it/s]
Loading weights:  56%|ΓûêΓûêΓûêΓûêΓûêΓûï    | 245/434 [00:02<00:01, 112.76it/s]
Loading weights:  59%|ΓûêΓûêΓûêΓûêΓûêΓûë    | 257/434 [00:02<00:01, 112.71it/s]
Loading weights:  62%|ΓûêΓûêΓûêΓûêΓûêΓûêΓûÅ   | 269/434 [00:03<00:01, 114.09it/s]
Loading weights:  65%|ΓûêΓûêΓûêΓûêΓûêΓûêΓûì   | 281/434 [00:03<00:01, 113.80it/s]
Loading weights:  68%|ΓûêΓûêΓûêΓûêΓûêΓûêΓûè   | 294/434 [00:03<00:01, 118.18it/s]
Loading weights:  71%|ΓûêΓûêΓûêΓûêΓûêΓûêΓûê   | 306/434 [00:03<00:01, 118.51it/s]
Loading weights:  74%|ΓûêΓûêΓûêΓûêΓûêΓûêΓûêΓûÄ  | 319/434 [00:03<00:00, 121.83it/s]
Loading weights:  77%|ΓûêΓûêΓûêΓûêΓûêΓûêΓûêΓûï  | 333/434 [00:03<00:00, 122.82it/s]
Loading weights:  80%|ΓûêΓûêΓûêΓûêΓûêΓûêΓûêΓûë  | 347/434 [00:03<00:00, 126.29it/s]
Loading weights:  83%|ΓûêΓûêΓûêΓûêΓûêΓûêΓûêΓûêΓûÄ | 360/434 [00:03<00:00, 125.08it/s]
Loading weights:  86%|ΓûêΓûêΓûêΓûêΓûêΓûêΓûêΓûêΓûî | 373/434 [00:03<00:00, 125.34it/s]
Loading weights:  89%|ΓûêΓûêΓûêΓûêΓûêΓûêΓûêΓûêΓûë | 386/434 [00:03<00:00, 120.83it/s]
Loading weights:  92%|ΓûêΓûêΓûêΓûêΓûêΓûêΓûêΓûêΓûêΓûÅ| 399/434 [00:04<00:00, 110.36it/s]
Loading weights:  95%|ΓûêΓûêΓûêΓûêΓûêΓûêΓûêΓûêΓûêΓûì| 411/434 [00:04<00:00, 111.18it/s]
Loading weights:  97%|ΓûêΓûêΓûêΓûêΓûêΓûêΓûêΓûêΓûêΓûï| 423/434 [00:04<00:00, 112.40it/s]
Loading weights: 100%|ΓûêΓûêΓûêΓûêΓûêΓûêΓûêΓûêΓûêΓûê| 434/434 [00:04<00:00, 98.51it/s] 

  0%|          | 0/3000 [00:00<?, ?it/s]
  0%|          | 1/3000 [00:04<3:59:13,  4.79s/it]
  0%|          | 2/3000 [00:05<2:07:41,  2.56s/it]
  0%|          | 3/3000 [00:07<1:43:55,  2.08s/it]
  0%|          | 4/3000 [00:08<1:34:24,  1.89s/it]
  0%|          | 5/3000 [00:10<1:28:26,  1.77s/it]
  0%|          | 6/3000 [00:11<1:16:45,  1.54s/it]
  0%|          | 7/3000 [00:12<1:07:32,  1.35s/it]
  0%|          | 8/3000 [00:13<1:05:50,  1.32s/it]
  0%|          | 9/3000 [00:14<56:06,  1.13s/it]  
  0%|          | 10/3000 [00:15<55:09,  1.11s/it]
  0%|          | 11/3000 [00:16<54:28,  1.09s/it]
  0%|          | 12/3000 [00:18<59:17,  1.19s/it]
  0%|          | 13/3000 [00:18<54:33,  1.10s/it]
  0%|          | 14/3000 [00:20<1:02:04,  1.25s/it]
  0%|          | 15/3000 [00:22<1:09:27,  1.40s/it]
  1%|          | 16/3000 [00:24<1:27:24,  1.76s/it]
  1%|          | 17/3000 [00:26<1:27:32,  1.76s/it]
  1%|          | 18/3000 [00:28<1:31:17,  1.84s/it]
  1%|          | 19/3000 [00:29<1:21:27,  1.64s/it]
  1%|          | 20/3000 [00:32<1:33:09,  1.88s/it]
  1%|          | 21/3000 [00:33<1:27:45,  1.77s/it]
  1%|          | 22/3000 [00:34<1:15:11,  1.52s/it]
  1%|          | 23/3000 [00:35<1:06:15,  1.34s/it]
  1%|          | 24/3000 [00:36<1:04:42,  1.30s/it]
  1%|          | 25/3000 [00:38<1:17:29,  1.56s/it]
  1%|          | 26/3000 [00:39<1:06:20,  1.34s/it]
  1%|          | 27/3000 [00:41<1:09:36,  1.40s/it]
  1%|          | 28/3000 [00:42<1:02:53,  1.27s/it]
  1%|          | 29/3000 [00:44<1:18:01,  1.58s/it]
  1%|          | 30/3000 [00:46<1:19:52,  1.61s/it]
  1%|          | 31/3000 [00:47<1:19:35,  1.61s/it]
  1%|          | 32/3000 [00:49<1:13:03,  1.48s/it]
  1%|          | 33/3000 [00:51<1:20:33,  1.63s/it]
  1%|          | 34/3000 [00:52<1:15:33,  1.53s/it]
  1%|          | 35/3000 [00:54<1:18:40,  1.59s/it]
  1%|          | 36/3000 [00:54<1:05:21,  1.32s/it]
  1%|          | 37/3000 [00:55<57:45,  1.17s/it]  
  1%|ΓûÅ         | 38/3000 [00:57<1:14:06,  1.50s/it]
  1%|ΓûÅ         | 39/3000 [00:59<1:09:06,  1.40s/it]
  1%|ΓûÅ         | 40/3000 [01:00<1:03:41,  1.29s/it]
  1%|ΓûÅ         | 41/3000 [01:01<1:12:16,  1.47s/it]
  1%|ΓûÅ         | 42/3000 [01:02<1:01:30,  1.25s/it]
  1%|ΓûÅ         | 43/3000 [01:03<53:56,  1.09s/it]  
  1%|ΓûÅ         | 44/3000 [01:04<56:42,  1.15s/it]
  2%|ΓûÅ         | 45/3000 [01:05<56:04,  1.14s/it]
  2%|ΓûÅ         | 46/3000 [01:06<54:18,  1.10s/it]
  2%|ΓûÅ         | 47/3000 [01:08<57:14,  1.16s/it]
  2%|ΓûÅ         | 48/3000 [01:09<53:53,  1.10s/it]
  2%|ΓûÅ         | 49/3000 [01:10<56:22,  1.15s/it]
  2%|ΓûÅ         | 50/3000 [01:11<49:39,  1.01s/it]
  2%|ΓûÅ         | 51/3000 [01:12<51:44,  1.05s/it]
  2%|ΓûÅ         | 52/3000 [01:14<1:17:37,  1.58s/it]
  2%|ΓûÅ         | 53/3000 [01:16<1:15:10,  1.53s/it]
  2%|ΓûÅ         | 54/3000 [01:18<1:20:50,  1.65s/it]
  2%|ΓûÅ         | 55/3000 [01:19<1:10:34,  1.44s/it]
  2%|ΓûÅ         | 56/3000 [01:20<1:01:36,  1.26s/it]
  2%|ΓûÅ         | 57/3000 [01:20<55:35,  1.13s/it]  
  2%|ΓûÅ         | 58/3000 [01:22<54:39,  1.11s/it]
  2%|ΓûÅ         | 59/3000 [01:22<50:28,  1.03s/it]
  2%|ΓûÅ         | 60/3000 [01:23<45:09,  1.09it/s]
  2%|ΓûÅ         | 61/3000 [01:24<49:23,  1.01s/it]
  2%|ΓûÅ         | 62/3000 [01:26<53:40,  1.10s/it]
  2%|ΓûÅ         | 63/3000 [01:27<57:39,  1.18s/it]
  2%|ΓûÅ         | 64/3000 [01:28<1:01:23,  1.25s/it]
  2%|ΓûÅ         | 65/3000 [01:29<59:14,  1.21s/it]  
  2%|ΓûÅ         | 66/3000 [01:31<58:25,  1.19s/it]
  2%|ΓûÅ         | 67/3000 [01:32<1:01:14,  1.25s/it]
  2%|ΓûÅ         | 68/3000 [01:34<1:15:02,  1.54s/it]
  2%|ΓûÅ         | 69/3000 [01:36<1:17:47,  1.59s/it]
  2%|ΓûÅ         | 70/3000 [01:37<1:17:20,  1.58s/it]
  2%|ΓûÅ         | 71/3000 [01:38<1:07:02,  1.37s/it]
  2%|ΓûÅ         | 72/3000 [01:39<58:41,  1.20s/it]  
  2%|ΓûÅ         | 73/3000 [01:41<1:10:58,  1.45s/it]
  2%|ΓûÅ         | 74/3000 [01:43<1:09:10,  1.42s/it]
  2%|ΓûÄ         | 75/3000 [01:44<1:05:31,  1.34s/it]
  3%|ΓûÄ         | 76/3000 [01:46<1:16:52,  1.58s/it]
  3%|ΓûÄ         | 77/3000 [01:48<1:21:50,  1.68s/it]
  3%|ΓûÄ         | 78/3000 [01:49<1:09:32,  1.43s/it]
  3%|ΓûÄ         | 79/3000 [01:49<58:05,  1.19s/it]  
  3%|ΓûÄ         | 80/3000 [01:52<1:20:02,  1.64s/it]
  3%|ΓûÄ         | 81/3000 [01:53<1:08:37,  1.41s/it]
  3%|ΓûÄ         | 82/3000 [01:55<1:19:21,  1.63s/it]
  3%|ΓûÄ         | 83/3000 [01:56<1:12:54,  1.50s/it]
  3%|ΓûÄ         | 84/3000 [01:58<1:23:57,  1.73s/it]
  3%|ΓûÄ         | 85/3000 [02:01<1:34:20,  1.94s/it]
  3%|ΓûÄ         | 86/3000 [02:02<1:26:35,  1.78s/it]
  3%|ΓûÄ         | 87/3000 [02:03<1:13:48,  1.52s/it]
  3%|ΓûÄ         | 88/3000 [02:05<1:17:16,  1.59s/it]
  3%|ΓûÄ         | 89/3000 [02:06<1:13:00,  1.50s/it]
  3%|ΓûÄ         | 90/3000 [02:08<1:12:38,  1.50s/it]
  3%|ΓûÄ         | 91/3000 [02:10<1:22:43,  1.71s/it]
  3%|ΓûÄ         | 92/3000 [02:11<1:10:20,  1.45s/it]
  3%|ΓûÄ         | 93/3000 [02:12<1:11:24,  1.47s/it]
  3%|ΓûÄ         | 94/3000 [02:13<1:04:56,  1.34s/it]
  3%|ΓûÄ         | 95/3000 [02:15<1:16:45,  1.59s/it]
  3%|ΓûÄ         | 96/3000 [02:16<1:08:16,  1.41s/it]
  3%|ΓûÄ         | 97/3000 [02:17<1:02:58,  1.30s/it]
  3%|ΓûÄ         | 98/3000 [02:18<53:21,  1.10s/it]  
  3%|ΓûÄ         | 99/3000 [02:19<52:36,  1.09s/it]
  3%|ΓûÄ         | 100/3000 [02:20<49:38,  1.03s/it]
  3%|ΓûÄ         | 101/3000 [02:22<55:39,  1.15s/it]
  3%|ΓûÄ         | 102/3000 [02:22<48:35,  1.01s/it]
  3%|ΓûÄ         | 103/3000 [02:23<50:35,  1.05s/it]
  3%|ΓûÄ         | 104/3000 [02:24<50:33,  1.05s/it]
  4%|ΓûÄ         | 105/3000 [02:25<50:51,  1.05s/it]
  4%|ΓûÄ         | 106/3000 [02:26<47:32,  1.01it/s]
  4%|ΓûÄ         | 107/3000 [02:28<55:22,  1.15s/it]
  4%|ΓûÄ         | 108/3000 [02:29<57:33,  1.19s/it]
  4%|ΓûÄ         | 109/3000 [02:31<1:09:19,  1.44s/it]
  4%|ΓûÄ         | 110/3000 [02:32<1:00:43,  1.26s/it]
  4%|ΓûÄ         | 111/3000 [02:34<1:19:17,  1.65s/it]
  4%|ΓûÄ         | 112/3000 [02:36<1:11:01,  1.48s/it]
  4%|Γûì         | 113/3000 [02:37<1:12:56,  1.52s/it]
  4%|Γûì         | 114/3000 [02:38<1:00:48,  1.26s/it]
  4%|Γûì         | 115/3000 [02:39<58:53,  1.22s/it]  
  4%|Γûì         | 116/3000 [02:40<1:00:23,  1.26s/it]
  4%|Γûì         | 117/3000 [02:47<2:15:54,  2.83s/it]
  4%|Γûì         | 118/3000 [02:48<1:51:59,  2.33s/it]
  4%|Γûì         | 119/3000 [02:49<1:30:17,  1.88s/it]
  4%|Γûì         | 120/3000 [02:50<1:17:47,  1.62s/it]
  4%|Γûì         | 121/3000 [02:52<1:21:29,  1.70s/it]
  4%|Γûì         | 122/3000 [02:53<1:18:27,  1.64s/it]
  4%|Γûì         | 123/3000 [02:54<1:04:45,  1.35s/it]
  4%|Γûì         | 124/3000 [02:55<58:16,  1.22s/it]  
  4%|Γûì         | 125/3000 [02:57<1:15:14,  1.57s/it]
  4%|Γûì         | 126/3000 [02:58<1:06:59,  1.40s/it]
  4%|Γûì         | 127/3000 [03:00<1:09:19,  1.45s/it]
  4%|Γûì         | 128/3000 [03:01<1:03:56,  1.34s/it]
  4%|Γûì         | 129/3000 [03:02<1:01:27,  1.28s/it]
  4%|Γûì         | 130/3000 [03:03<52:34,  1.10s/it]  
  4%|Γûì         | 131/3000 [03:04<54:01,  1.13s/it]
  4%|Γûì         | 132/3000 [03:05<52:41,  1.10s/it]
  4%|Γûì         | 133/3000 [03:06<51:34,  1.08s/it]
  4%|Γûì         | 134/3000 [03:08<1:09:12,  1.45s/it]
  4%|Γûì         | 135/3000 [03:09<1:00:30,  1.27s/it]
  5%|Γûì         | 136/3000 [03:10<56:48,  1.19s/it]  
  5%|Γûì         | 137/3000 [03:11<56:00,  1.17s/it]
  5%|Γûì         | 138/3000 [03:13<1:02:51,  1.32s/it]
  5%|Γûì         | 139/3000 [03:14<53:05,  1.11s/it]  
  5%|Γûì         | 140/3000 [03:15<51:32,  1.08s/it]
  5%|Γûì         | 141/3000 [03:15<48:57,  1.03s/it]
  5%|Γûì         | 142/3000 [03:17<57:23,  1.20s/it]
  5%|Γûì         | 143/3000 [03:19<1:03:16,  1.33s/it]
  5%|Γûì         | 144/3000 [03:20<1:10:08,  1.47s/it]
  5%|Γûì         | 145/3000 [03:21<1:02:10,  1.31s/it]
  5%|Γûì         | 146/3000 [03:22<55:30,  1.17s/it]  
  5%|Γûì         | 147/3000 [03:24<58:44,  1.24s/it]
  5%|Γûì         | 148/3000 [03:25<1:06:11,  1.39s/it]
  5%|Γûì         | 149/3000 [03:26<1:02:08,  1.31s/it]
  5%|Γûî         | 150/3000 [03:27<55:19,  1.16s/it]  
  5%|Γûî         | 151/3000 [03:28<51:03,  1.08s/it]
  5%|Γûî         | 152/3000 [03:29<50:45,  1.07s/it]
  5%|Γûî         | 153/3000 [03:31<56:08,  1.18s/it]
  5%|Γûî         | 154/3000 [03:33<1:08:18,  1.44s/it]
  5%|Γûî         | 155/3000 [03:35<1:14:44,  1.58s/it]
  5%|Γûî         | 156/3000 [03:36<1:10:26,  1.49s/it]
  5%|Γûî         | 157/3000 [03:38<1:16:57,  1.62s/it]
  5%|Γûî         | 158/3000 [03:39<1:16:52,  1.62s/it]
  5%|Γûî         | 159/3000 [03:43<1:38:27,  2.08s/it]
  5%|Γûî         | 160/3000 [03:44<1:27:32,  1.85s/it]
  5%|Γûî         | 161/3000 [03:45<1:19:09,  1.67s/it]
  5%|Γûî         | 162/3000 [03:46<1:09:13,  1.46s/it]
  5%|Γûî         | 163/3000 [03:47<1:00:02,  1.27s/it]
  5%|Γûî         | 164/3000 [03:49<1:03:57,  1.35s/it]
  6%|Γûî         | 165/3000 [03:50<1:10:54,  1.50s/it]
  6%|Γûî         | 166/3000 [03:52<1:14:50,  1.58s/it]
  6%|Γûî         | 167/3000 [03:53<1:08:08,  1.44s/it]
  6%|Γûî         | 168/3000 [03:54<56:12,  1.19s/it]  
  6%|Γûî         | 169/3000 [03:55<53:17,  1.13s/it]
  6%|Γûî         | 170/3000 [03:57<1:12:08,  1.53s/it]
  6%|Γûî         | 171/3000 [03:58<1:03:24,  1.34s/it]
  6%|Γûî         | 172/3000 [04:00<1:13:46,  1.57s/it]
  6%|Γûî         | 173/3000 [04:01<1:06:48,  1.42s/it]
  6%|Γûî         | 174/3000 [04:02<54:15,  1.15s/it]  
  6%|Γûî         | 175/3000 [04:03<52:57,  1.12s/it]
  6%|Γûî         | 176/3000 [04:04<49:06,  1.04s/it]
  6%|Γûî         | 177/3000 [04:05<47:56,  1.02s/it]
  6%|Γûî         | 178/3000 [04:06<47:05,  1.00s/it]
  6%|Γûî         | 179/3000 [04:07<56:50,  1.21s/it]
  6%|Γûî         | 180/3000 [04:08<49:55,  1.06s/it]
  6%|Γûî         | 181/3000 [04:09<50:24,  1.07s/it]
  6%|Γûî         | 182/3000 [04:10<47:06,  1.00s/it]
  6%|Γûî         | 183/3000 [04:12<54:01,  1.15s/it]
  6%|Γûî         | 184/3000 [04:12<47:41,  1.02s/it]
  6%|Γûî         | 185/3000 [04:14<52:19,  1.12s/it]
  6%|Γûî         | 186/3000 [04:15<49:06,  1.05s/it]
  6%|Γûî         | 187/3000 [04:16<50:46,  1.08s/it]
  6%|Γûï         | 188/3000 [04:17<56:18,  1.20s/it]
  6%|Γûï         | 189/3000 [04:18<55:45,  1.19s/it]
  6%|Γûï         | 190/3000 [04:20<1:00:14,  1.29s/it]
  6%|Γûï         | 191/3000 [04:22<1:06:43,  1.43s/it]
  6%|Γûï         | 192/3000 [04:23<1:07:10,  1.44s/it]
  6%|Γûï         | 193/3000 [04:24<1:00:21,  1.29s/it]
  6%|Γûï         | 194/3000 [04:25<59:33,  1.27s/it]  
  6%|Γûï         | 195/3000 [04:26<53:29,  1.14s/it]
  7%|Γûï         | 196/3000 [04:27<46:33,  1.00it/s]
  7%|Γûï         | 197/3000 [04:28<44:37,  1.05it/s]
  7%|Γûï         | 198/3000 [04:29<45:57,  1.02it/s]
  7%|Γûï         | 199/3000 [04:30<44:18,  1.05it/s]
  7%|Γûï         | 200/3000 [04:31<51:04,  1.09s/it]
  7%|Γûï         | 201/3000 [04:33<57:40,  1.24s/it]
  7%|Γûï         | 202/3000 [04:34<59:10,  1.27s/it]
  7%|Γûï         | 203/3000 [04:36<1:16:56,  1.65s/it]
  7%|Γûï         | 204/3000 [04:38<1:13:16,  1.57s/it]
  7%|Γûï         | 205/3000 [04:39<1:01:27,  1.32s/it]
  7%|Γûï         | 206/3000 [04:40<58:23,  1.25s/it]  
  7%|Γûï         | 207/3000 [04:41<54:10,  1.16s/it]
  7%|Γûï         | 208/3000 [04:42<54:31,  1.17s/it]
  7%|Γûï         | 209/3000 [04:43<57:55,  1.25s/it]
  7%|Γûï         | 210/3000 [04:44<53:51,  1.16s/it]
  7%|Γûï         | 211/3000 [04:45<48:55,  1.05s/it]
  7%|Γûï         | 212/3000 [04:46<54:35,  1.17s/it]
  7%|Γûï         | 213/3000 [04:48<1:00:14,  1.30s/it]
  7%|Γûï         | 214/3000 [04:49<1:01:07,  1.32s/it]
  7%|Γûï         | 215/3000 [04:51<1:10:23,  1.52s/it]
  7%|Γûï         | 216/3000 [04:52<1:00:14,  1.30s/it]
  7%|Γûï         | 217/3000 [04:54<1:01:18,  1.32s/it]
  7%|Γûï         | 218/3000 [04:54<56:43,  1.22s/it]  
  7%|Γûï         | 219/3000 [04:56<55:10,  1.19s/it]
  7%|Γûï         | 220/3000 [04:56<48:18,  1.04s/it]
  7%|Γûï         | 221/3000 [04:57<45:22,  1.02it/s]
  7%|Γûï         | 222/3000 [04:58<43:19,  1.07it/s]
  7%|Γûï         | 223/3000 [04:59<49:21,  1.07s/it]
  7%|Γûï         | 224/3000 [05:01<51:08,  1.11s/it]
  8%|Γûè         | 225/3000 [05:01<47:54,  1.04s/it]
  8%|Γûè         | 226/3000 [05:02<47:36,  1.03s/it]
  8%|Γûè         | 227/3000 [05:03<44:50,  1.03it/s]
  8%|Γûè         | 228/3000 [05:04<42:42,  1.08it/s]
  8%|Γûè         | 229/3000 [05:05<41:12,  1.12it/s]
  8%|Γûè         | 230/3000 [05:06<41:58,  1.10it/s]
  8%|Γûè         | 231/3000 [05:07<47:43,  1.03s/it]
  8%|Γûè         | 232/3000 [05:09<57:56,  1.26s/it]
  8%|Γûè         | 233/3000 [05:10<1:01:49,  1.34s/it]
  8%|Γûè         | 234/3000 [05:12<1:09:47,  1.51s/it]
  8%|Γûè         | 235/3000 [05:13<1:00:09,  1.31s/it]
  8%|Γûè         | 236/3000 [05:15<1:11:53,  1.56s/it]
  8%|Γûè         | 237/3000 [05:16<1:00:36,  1.32s/it]
  8%|Γûè         | 238/3000 [05:17<1:01:17,  1.33s/it]
  8%|Γûè         | 239/3000 [05:19<1:05:30,  1.42s/it]
  8%|Γûè         | 240/3000 [05:20<1:02:02,  1.35s/it]
  8%|Γûè         | 241/3000 [05:22<1:12:40,  1.58s/it]
  8%|Γûè         | 242/3000 [05:23<1:04:59,  1.41s/it]
  8%|Γûè         | 243/3000 [05:25<1:05:27,  1.42s/it]
  8%|Γûè         | 244/3000 [05:26<57:42,  1.26s/it]  
  8%|Γûè         | 245/3000 [05:32<2:01:08,  2.64s/it]
  8%|Γûè         | 246/3000 [05:33<1:44:06,  2.27s/it]
  8%|Γûè         | 247/3000 [05:34<1:25:02,  1.85s/it]
  8%|Γûè         | 248/3000 [05:35<1:16:18,  1.66s/it]
  8%|Γûè         | 249/3000 [05:37<1:15:21,  1.64s/it]
  8%|Γûè         | 250/3000 [05:38<1:08:04,  1.49s/it]
  8%|Γûè         | 251/3000 [05:40<1:14:56,  1.64s/it]
  8%|Γûè         | 252/3000 [05:41<1:06:55,  1.46s/it]
  8%|Γûè         | 253/3000 [05:42<1:06:22,  1.45s/it]
  8%|Γûè         | 254/3000 [05:44<1:06:48,  1.46s/it]
  8%|Γûè         | 255/3000 [05:45<1:03:09,  1.38s/it]
  9%|Γûè         | 256/3000 [05:46<55:35,  1.22s/it]  
  9%|Γûè         | 257/3000 [05:47<59:30,  1.30s/it]
  9%|Γûè         | 258/3000 [05:48<54:31,  1.19s/it]
  9%|Γûè         | 259/3000 [05:49<49:25,  1.08s/it]
  9%|Γûè         | 260/3000 [05:51<56:44,  1.24s/it]
  9%|Γûè         | 261/3000 [05:54<1:26:36,  1.90s/it]
  9%|Γûè         | 262/3000 [05:56<1:23:22,  1.83s/it]
  9%|Γûë         | 263/3000 [05:57<1:12:03,  1.58s/it]
  9%|Γûë         | 264/3000 [05:58<1:09:13,  1.52s/it]
  9%|Γûë         | 265/3000 [06:00<1:08:15,  1.50s/it]
  9%|Γûë         | 266/3000 [06:01<1:01:29,  1.35s/it]
  9%|Γûë         | 267/3000 [06:02<1:03:23,  1.39s/it]
  9%|Γûë         | 268/3000 [06:03<1:00:02,  1.32s/it]
  9%|Γûë         | 269/3000 [06:05<1:01:07,  1.34s/it]
  9%|Γûë         | 270/3000 [06:05<52:31,  1.15s/it]  
  9%|Γûë         | 271/3000 [06:07<52:45,  1.16s/it]
  9%|Γûë         | 272/3000 [06:08<50:12,  1.10s/it]
  9%|Γûë         | 273/3000 [06:12<1:29:40,  1.97s/it]
  9%|Γûë         | 274/3000 [06:12<1:14:36,  1.64s/it]
  9%|Γûë         | 275/3000 [06:14<1:18:39,  1.73s/it]
  9%|Γûë         | 276/3000 [06:15<1:08:54,  1.52s/it]
  9%|Γûë         | 277/3000 [06:21<2:11:08,  2.89s/it]
  9%|Γûë         | 278/3000 [06:24<2:01:49,  2.69s/it]
  9%|Γûë         | 279/3000 [06:25<1:39:09,  2.19s/it]
  9%|Γûë         | 280/3000 [06:26<1:30:36,  2.00s/it]
  9%|Γûë         | 281/3000 [06:27<1:14:46,  1.65s/it]
  9%|Γûë         | 282/3000 [06:28<1:01:03,  1.35s/it]
  9%|Γûë         | 283/3000 [06:29<1:00:12,  1.33s/it]
  9%|Γûë         | 284/3000 [06:30<53:43,  1.19s/it]  
 10%|Γûë         | 285/3000 [06:31<48:55,  1.08s/it]
 10%|Γûë         | 286/3000 [06:32<54:33,  1.21s/it]
 10%|Γûë         | 287/3000 [06:33<49:59,  1.11s/it]
 10%|Γûë         | 288/3000 [06:35<55:27,  1.23s/it]
 10%|Γûë         | 289/3000 [06:36<53:01,  1.17s/it]
 10%|Γûë         | 290/3000 [06:37<1:02:24,  1.38s/it]
 10%|Γûë         | 291/3000 [06:38<54:59,  1.22s/it]  
 10%|Γûë         | 292/3000 [06:39<47:05,  1.04s/it]
 10%|Γûë         | 293/3000 [06:40<50:03,  1.11s/it]
 10%|Γûë         | 294/3000 [06:43<1:14:03,  1.64s/it]
 10%|Γûë         | 295/3000 [06:44<1:00:54,  1.35s/it]
 10%|Γûë         | 296/3000 [06:45<58:39,  1.30s/it]  
 10%|Γûë         | 297/3000 [06:46<52:44,  1.17s/it]
 10%|Γûë         | 298/3000 [06:47<53:44,  1.19s/it]
 10%|Γûë         | 299/3000 [06:48<52:18,  1.16s/it]
 10%|Γûê         | 300/3000 [06:50<56:51,  1.26s/it]
 10%|Γûê         | 301/3000 [06:51<55:55,  1.24s/it]
 10%|Γûê         | 302/3000 [06:52<50:44,  1.13s/it]
 10%|Γûê         | 303/3000 [06:53<57:10,  1.27s/it]
 10%|Γûê         | 304/3000 [06:54<54:34,  1.21s/it]
 10%|Γûê         | 305/3000 [06:56<1:04:57,  1.45s/it]
 10%|Γûê         | 306/3000 [06:57<52:49,  1.18s/it]  
 10%|Γûê         | 307/3000 [06:58<48:46,  1.09s/it]
 10%|Γûê         | 308/3000 [06:58<41:12,  1.09it/s]
 10%|Γûê         | 309/3000 [06:59<40:23,  1.11it/s]
 10%|Γûê         | 310/3000 [07:00<35:38,  1.26it/s]
 10%|Γûê         | 311/3000 [07:01<36:09,  1.24it/s]
 10%|Γûê         | 312/3000 [07:01<35:26,  1.26it/s]
 10%|Γûê         | 313/3000 [07:03<43:51,  1.02it/s]
 10%|Γûê         | 314/3000 [07:03<40:09,  1.11it/s]
 10%|Γûê         | 315/3000 [07:05<51:03,  1.14s/it]
 11%|Γûê         | 316/3000 [07:07<1:04:22,  1.44s/it]
 11%|Γûê         | 317/3000 [07:08<59:11,  1.32s/it]  
 11%|Γûê         | 318/3000 [07:10<57:14,  1.28s/it]
 11%|Γûê         | 319/3000 [07:10<48:50,  1.09s/it]
 11%|Γûê         | 320/3000 [07:11<45:13,  1.01s/it]
 11%|Γûê         | 321/3000 [07:12<49:44,  1.11s/it]
 11%|Γûê         | 322/3000 [07:13<48:15,  1.08s/it]
 11%|Γûê         | 323/3000 [07:15<54:41,  1.23s/it]
 11%|Γûê         | 324/3000 [07:16<51:30,  1.15s/it]
 11%|Γûê         | 325/3000 [07:16<43:15,  1.03it/s]
 11%|Γûê         | 326/3000 [07:17<43:38,  1.02it/s]
 11%|Γûê         | 327/3000 [07:18<41:53,  1.06it/s]
 11%|Γûê         | 328/3000 [07:21<59:40,  1.34s/it]
 11%|Γûê         | 329/3000 [07:22<54:28,  1.22s/it]
 11%|Γûê         | 330/3000 [07:22<49:28,  1.11s/it]
 11%|Γûê         | 331/3000 [07:23<45:39,  1.03s/it]
 11%|Γûê         | 332/3000 [07:24<41:35,  1.07it/s]
 11%|Γûê         | 333/3000 [07:25<40:36,  1.09it/s]
 11%|Γûê         | 334/3000 [07:26<45:34,  1.03s/it]
 11%|Γûê         | 335/3000 [07:27<40:56,  1.08it/s]
 11%|Γûê         | 336/3000 [07:28<40:04,  1.11it/s]
 11%|Γûê         | 337/3000 [07:29<52:38,  1.19s/it]
 11%|ΓûêΓûÅ        | 338/3000 [07:30<48:03,  1.08s/it]
 11%|ΓûêΓûÅ        | 339/3000 [07:31<47:18,  1.07s/it]
 11%|ΓûêΓûÅ        | 340/3000 [07:33<48:51,  1.10s/it]
 11%|ΓûêΓûÅ        | 341/3000 [07:34<56:27,  1.27s/it]
 11%|ΓûêΓûÅ        | 342/3000 [07:35<54:21,  1.23s/it]
 11%|ΓûêΓûÅ        | 343/3000 [07:36<49:18,  1.11s/it]
 11%|ΓûêΓûÅ        | 344/3000 [07:38<53:56,  1.22s/it]
 12%|ΓûêΓûÅ        | 345/3000 [07:39<58:57,  1.33s/it]
 12%|ΓûêΓûÅ        | 346/3000 [07:40<55:28,  1.25s/it]
 12%|ΓûêΓûÅ        | 347/3000 [07:42<1:02:47,  1.42s/it]
 12%|ΓûêΓûÅ        | 348/3000 [07:44<1:04:57,  1.47s/it]
 12%|ΓûêΓûÅ        | 349/3000 [07:45<59:06,  1.34s/it]  
 12%|ΓûêΓûÅ        | 350/3000 [07:46<56:56,  1.29s/it]
 12%|ΓûêΓûÅ        | 351/3000 [07:47<53:22,  1.21s/it]
 12%|ΓûêΓûÅ        | 352/3000 [07:48<56:01,  1.27s/it]
 12%|ΓûêΓûÅ        | 353/3000 [07:49<51:00,  1.16s/it]
 12%|ΓûêΓûÅ        | 354/3000 [07:50<47:11,  1.07s/it]
 12%|ΓûêΓûÅ        | 355/3000 [07:51<41:25,  1.06it/s]
 12%|ΓûêΓûÅ        | 356/3000 [07:52<41:51,  1.05it/s]
 12%|ΓûêΓûÅ        | 357/3000 [07:53<45:13,  1.03s/it]
 12%|ΓûêΓûÅ        | 358/3000 [07:54<44:57,  1.02s/it]
 12%|ΓûêΓûÅ        | 359/3000 [07:56<55:53,  1.27s/it]
 12%|ΓûêΓûÅ        | 360/3000 [07:57<1:00:00,  1.36s/it]
 12%|ΓûêΓûÅ        | 361/3000 [07:58<53:41,  1.22s/it]  
 12%|ΓûêΓûÅ        | 362/3000 [08:00<1:06:17,  1.51s/it]
 12%|ΓûêΓûÅ        | 363/3000 [08:02<1:09:13,  1.58s/it]
 12%|ΓûêΓûÅ        | 364/3000 [08:03<56:02,  1.28s/it]  
 12%|ΓûêΓûÅ        | 365/3000 [08:03<48:15,  1.10s/it]
 12%|ΓûêΓûÅ        | 366/3000 [08:05<53:15,  1.21s/it]
 12%|ΓûêΓûÅ        | 367/3000 [08:06<47:14,  1.08s/it]
 12%|ΓûêΓûÅ        | 368/3000 [08:08<58:31,  1.33s/it]
 12%|ΓûêΓûÅ        | 369/3000 [08:09<53:27,  1.22s/it]
 12%|ΓûêΓûÅ        | 370/3000 [08:09<48:40,  1.11s/it]
 12%|ΓûêΓûÅ        | 371/3000 [08:11<54:41,  1.25s/it]
 12%|ΓûêΓûÅ        | 372/3000 [08:12<49:22,  1.13s/it]
 12%|ΓûêΓûÅ        | 373/3000 [08:13<48:07,  1.10s/it]
 12%|ΓûêΓûÅ        | 374/3000 [08:14<44:48,  1.02s/it]
 12%|ΓûêΓûÄ        | 375/3000 [08:17<1:14:06,  1.69s/it]
 13%|ΓûêΓûÄ        | 376/3000 [08:19<1:20:03,  1.83s/it]
 13%|ΓûêΓûÄ        | 377/3000 [08:25<2:15:33,  3.10s/it]
 13%|ΓûêΓûÄ        | 378/3000 [08:26<1:47:42,  2.46s/it]
 13%|ΓûêΓûÄ        | 379/3000 [08:28<1:42:59,  2.36s/it]
 13%|ΓûêΓûÄ        | 380/3000 [08:29<1:21:35,  1.87s/it]
 13%|ΓûêΓûÄ        | 381/3000 [08:30<1:08:45,  1.58s/it]
 13%|ΓûêΓûÄ        | 382/3000 [08:31<1:02:23,  1.43s/it]
 13%|ΓûêΓûÄ        | 383/3000 [08:32<59:09,  1.36s/it]  
 13%|ΓûêΓûÄ        | 384/3000 [08:34<1:02:39,  1.44s/it]
 13%|ΓûêΓûÄ        | 385/3000 [08:35<57:52,  1.33s/it]  
 13%|ΓûêΓûÄ        | 386/3000 [08:36<51:29,  1.18s/it]
 13%|ΓûêΓûÄ        | 387/3000 [08:36<44:20,  1.02s/it]
 13%|ΓûêΓûÄ        | 388/3000 [08:38<53:22,  1.23s/it]
 13%|ΓûêΓûÄ        | 389/3000 [08:40<59:44,  1.37s/it]
 13%|ΓûêΓûÄ        | 390/3000 [08:41<52:51,  1.22s/it]
 13%|ΓûêΓûÄ        | 391/3000 [08:43<1:03:04,  1.45s/it]
 13%|ΓûêΓûÄ        | 392/3000 [08:44<1:02:22,  1.43s/it]
 13%|ΓûêΓûÄ        | 393/3000 [08:45<1:00:09,  1.38s/it]
 13%|ΓûêΓûÄ        | 394/3000 [08:47<59:41,  1.37s/it]  
 13%|ΓûêΓûÄ        | 395/3000 [08:48<54:51,  1.26s/it]
 13%|ΓûêΓûÄ        | 396/3000 [08:50<1:04:17,  1.48s/it]
 13%|ΓûêΓûÄ        | 397/3000 [08:50<56:24,  1.30s/it]  
 13%|ΓûêΓûÄ        | 398/3000 [08:52<54:37,  1.26s/it]
 13%|ΓûêΓûÄ        | 399/3000 [08:54<1:08:27,  1.58s/it]
 13%|ΓûêΓûÄ        | 400/3000 [08:55<1:03:37,  1.47s/it]
 13%|ΓûêΓûÄ        | 401/3000 [08:56<57:26,  1.33s/it]  
 13%|ΓûêΓûÄ        | 402/3000 [08:57<51:41,  1.19s/it]
 13%|ΓûêΓûÄ        | 403/3000 [08:58<54:13,  1.25s/it]
 13%|ΓûêΓûÄ        | 404/3000 [08:59<46:22,  1.07s/it]
 14%|ΓûêΓûÄ        | 405/3000 [09:02<1:04:57,  1.50s/it]
 14%|ΓûêΓûÄ        | 406/3000 [09:03<1:01:33,  1.42s/it]
 14%|ΓûêΓûÄ        | 407/3000 [09:04<54:33,  1.26s/it]  
 14%|ΓûêΓûÄ        | 408/3000 [09:05<54:27,  1.26s/it]
 14%|ΓûêΓûÄ        | 409/3000 [09:06<48:46,  1.13s/it]
 14%|ΓûêΓûÄ        | 410/3000 [09:07<50:04,  1.16s/it]
 14%|ΓûêΓûÄ        | 411/3000 [09:09<1:04:26,  1.49s/it]
 14%|ΓûêΓûÄ        | 412/3000 [09:10<58:18,  1.35s/it]  
 14%|ΓûêΓûì        | 413/3000 [09:13<1:16:10,  1.77s/it]
 14%|ΓûêΓûì        | 414/3000 [09:14<1:08:35,  1.59s/it]
 14%|ΓûêΓûì        | 415/3000 [09:15<1:02:09,  1.44s/it]
 14%|ΓûêΓûì        | 416/3000 [09:17<59:52,  1.39s/it]  
 14%|ΓûêΓûì        | 417/3000 [09:19<1:18:36,  1.83s/it]
 14%|ΓûêΓûì        | 418/3000 [09:20<1:03:54,  1.48s/it]
 14%|ΓûêΓûì        | 419/3000 [09:22<1:08:35,  1.59s/it]
 14%|ΓûêΓûì        | 420/3000 [09:24<1:16:15,  1.77s/it]
 14%|ΓûêΓûì        | 421/3000 [09:26<1:13:52,  1.72s/it]
 14%|ΓûêΓûì        | 422/3000 [09:27<1:00:57,  1.42s/it]
 14%|ΓûêΓûì        | 423/3000 [09:28<56:55,  1.33s/it]  
 14%|ΓûêΓûì        | 424/3000 [09:28<50:36,  1.18s/it]
 14%|ΓûêΓûì        | 425/3000 [09:30<54:19,  1.27s/it]
 14%|ΓûêΓûì        | 426/3000 [09:31<56:27,  1.32s/it]
 14%|ΓûêΓûì        | 427/3000 [09:32<53:27,  1.25s/it]
 14%|ΓûêΓûì        | 428/3000 [09:33<45:46,  1.07s/it]
 14%|ΓûêΓûì        | 429/3000 [09:34<45:38,  1.07s/it]
 14%|ΓûêΓûì        | 430/3000 [09:36<55:06,  1.29s/it]
 14%|ΓûêΓûì        | 431/3000 [09:37<56:17,  1.31s/it]
 14%|ΓûêΓûì        | 432/3000 [09:40<1:10:58,  1.66s/it]
 14%|ΓûêΓûì        | 433/3000 [09:41<1:02:19,  1.46s/it]
 14%|ΓûêΓûì        | 434/3000 [09:43<1:06:54,  1.56s/it]
 14%|ΓûêΓûì        | 435/3000 [09:44<1:00:43,  1.42s/it]
 15%|ΓûêΓûì        | 436/3000 [09:45<55:05,  1.29s/it]  
 15%|ΓûêΓûì        | 437/3000 [09:46<51:32,  1.21s/it]
 15%|ΓûêΓûì        | 438/3000 [09:46<44:41,  1.05s/it]
 15%|ΓûêΓûì        | 439/3000 [09:48<50:16,  1.18s/it]
 15%|ΓûêΓûì        | 440/3000 [09:49<47:07,  1.10s/it]
 15%|ΓûêΓûì        | 441/3000 [09:49<41:14,  1.03it/s]
 15%|ΓûêΓûì        | 442/3000 [09:51<50:31,  1.19s/it]
 15%|ΓûêΓûì        | 443/3000 [09:52<48:38,  1.14s/it]
 15%|ΓûêΓûì        | 444/3000 [09:53<50:14,  1.18s/it]
 15%|ΓûêΓûì        | 445/3000 [09:58<1:31:38,  2.15s/it]
 15%|ΓûêΓûì        | 446/3000 [09:59<1:23:57,  1.97s/it]
 15%|ΓûêΓûì        | 447/3000 [10:01<1:13:50,  1.74s/it]
 15%|ΓûêΓûì        | 448/3000 [10:02<1:10:24,  1.66s/it]
 15%|ΓûêΓûì        | 449/3000 [10:03<58:10,  1.37s/it]  
 15%|ΓûêΓûî        | 450/3000 [10:06<1:20:46,  1.90s/it]
 15%|ΓûêΓûî        | 451/3000 [10:07<1:15:14,  1.77s/it]
 15%|ΓûêΓûî        | 452/3000 [10:09<1:10:09,  1.65s/it]
 15%|ΓûêΓûî        | 453/3000 [10:10<1:11:16,  1.68s/it]
 15%|ΓûêΓûî        | 454/3000 [10:12<1:11:35,  1.69s/it]
 15%|ΓûêΓûî        | 455/3000 [10:13<1:00:40,  1.43s/it]
 15%|ΓûêΓûî        | 456/3000 [10:15<1:02:11,  1.47s/it]
 15%|ΓûêΓûî        | 457/3000 [10:17<1:13:25,  1.73s/it]
 15%|ΓûêΓûî        | 458/3000 [10:19<1:19:22,  1.87s/it]
 15%|ΓûêΓûî        | 459/3000 [10:20<1:06:05,  1.56s/it]
 15%|ΓûêΓûî        | 460/3000 [10:24<1:32:09,  2.18s/it]
 15%|ΓûêΓûî        | 461/3000 [10:24<1:15:22,  1.78s/it]
 15%|ΓûêΓûî        | 462/3000 [10:27<1:23:08,  1.97s/it]
 15%|ΓûêΓûî        | 463/3000 [10:28<1:08:39,  1.62s/it]
 15%|ΓûêΓûî        | 464/3000 [10:28<58:41,  1.39s/it]  
 16%|ΓûêΓûî        | 465/3000 [10:29<51:17,  1.21s/it]
 16%|ΓûêΓûî        | 466/3000 [10:30<49:57,  1.18s/it]
 16%|ΓûêΓûî        | 467/3000 [10:32<58:12,  1.38s/it]
 16%|ΓûêΓûî        | 468/3000 [10:35<1:11:45,  1.70s/it]
 16%|ΓûêΓûî        | 469/3000 [10:38<1:28:48,  2.11s/it]
 16%|ΓûêΓûî        | 470/3000 [10:39<1:17:04,  1.83s/it]
 16%|ΓûêΓûî        | 471/3000 [10:40<1:10:30,  1.67s/it]
 16%|ΓûêΓûî        | 472/3000 [10:42<1:11:07,  1.69s/it]
 16%|ΓûêΓûî        | 473/3000 [10:44<1:12:28,  1.72s/it]
 16%|ΓûêΓûî        | 474/3000 [10:44<58:35,  1.39s/it]  
 16%|ΓûêΓûî        | 475/3000 [10:46<58:03,  1.38s/it]
 16%|ΓûêΓûî        | 476/3000 [10:47<53:44,  1.28s/it]
 16%|ΓûêΓûî        | 477/3000 [10:48<52:19,  1.24s/it]
 16%|ΓûêΓûî        | 478/3000 [10:49<51:49,  1.23s/it]
 16%|ΓûêΓûî        | 479/3000 [10:50<44:58,  1.07s/it]
 16%|ΓûêΓûî        | 480/3000 [10:51<41:45,  1.01it/s]
 16%|ΓûêΓûî        | 481/3000 [10:51<37:21,  1.12it/s]
 16%|ΓûêΓûî        | 482/3000 [10:52<34:03,  1.23it/s]
 16%|ΓûêΓûî        | 483/3000 [10:53<36:22,  1.15it/s]
 16%|ΓûêΓûî        | 484/3000 [10:54<35:35,  1.18it/s]
 16%|ΓûêΓûî        | 485/3000 [10:55<37:11,  1.13it/s]
 16%|ΓûêΓûî        | 486/3000 [10:57<54:01,  1.29s/it]
 16%|ΓûêΓûî        | 487/3000 [10:58<51:15,  1.22s/it]
 16%|ΓûêΓûï        | 488/3000 [10:59<46:15,  1.10s/it]
 16%|ΓûêΓûï        | 489/3000 [11:00<42:50,  1.02s/it]
 16%|ΓûêΓûï        | 490/3000 [11:02<58:40,  1.40s/it]
 16%|ΓûêΓûï        | 491/3000 [11:04<1:08:52,  1.65s/it]
 16%|ΓûêΓûï        | 492/3000 [11:05<59:07,  1.41s/it]  
 16%|ΓûêΓûï        | 493/3000 [11:06<57:48,  1.38s/it]
 16%|ΓûêΓûï        | 494/3000 [11:07<54:45,  1.31s/it]
 16%|ΓûêΓûï        | 495/3000 [11:09<1:02:36,  1.50s/it]
 17%|ΓûêΓûï        | 496/3000 [11:10<54:13,  1.30s/it]  
 17%|ΓûêΓûï        | 497/3000 [11:12<1:03:23,  1.52s/it]
 17%|ΓûêΓûï        | 498/3000 [11:14<1:03:28,  1.52s/it]
 17%|ΓûêΓûï        | 499/3000 [11:15<55:06,  1.32s/it]  
 17%|ΓûêΓûï        | 500/3000 [11:16<56:41,  1.36s/it]
 17%|ΓûêΓûï        | 501/3000 [11:17<54:45,  1.31s/it]
 17%|ΓûêΓûï        | 502/3000 [11:19<54:42,  1.31s/it]
 17%|ΓûêΓûï        | 503/3000 [11:20<52:55,  1.27s/it]
 17%|ΓûêΓûï        | 504/3000 [11:21<47:23,  1.14s/it]
 17%|ΓûêΓûï        | 505/3000 [11:22<44:28,  1.07s/it]
 17%|ΓûêΓûï        | 506/3000 [11:23<46:18,  1.11s/it]
 17%|ΓûêΓûï        | 507/3000 [11:24<49:01,  1.18s/it]
 17%|ΓûêΓûï        | 508/3000 [11:25<44:24,  1.07s/it]
 17%|ΓûêΓûï        | 509/3000 [11:26<48:55,  1.18s/it]
 17%|ΓûêΓûï        | 510/3000 [11:28<48:46,  1.18s/it]
 17%|ΓûêΓûï        | 511/3000 [11:29<53:16,  1.28s/it]
 17%|ΓûêΓûï        | 512/3000 [11:30<48:19,  1.17s/it]
 17%|ΓûêΓûï        | 513/3000 [11:31<50:35,  1.22s/it]
 17%|ΓûêΓûï        | 514/3000 [11:32<48:12,  1.16s/it]
 17%|ΓûêΓûï        | 515/3000 [11:33<43:48,  1.06s/it]
 17%|ΓûêΓûï        | 516/3000 [11:34<46:09,  1.12s/it]
 17%|ΓûêΓûï        | 517/3000 [11:35<40:13,  1.03it/s]
 17%|ΓûêΓûï        | 518/3000 [11:36<43:20,  1.05s/it]
 17%|ΓûêΓûï        | 519/3000 [11:37<40:54,  1.01it/s]
 17%|ΓûêΓûï        | 520/3000 [11:39<51:11,  1.24s/it]
 17%|ΓûêΓûï        | 521/3000 [11:40<46:58,  1.14s/it]
 17%|ΓûêΓûï        | 522/3000 [11:40<40:48,  1.01it/s]
 17%|ΓûêΓûï        | 523/3000 [11:42<46:41,  1.13s/it]
 17%|ΓûêΓûï        | 524/3000 [11:43<43:16,  1.05s/it]
 18%|ΓûêΓûè        | 525/3000 [11:44<47:08,  1.14s/it]
 18%|ΓûêΓûè        | 526/3000 [11:45<48:47,  1.18s/it]
 18%|ΓûêΓûè        | 527/3000 [11:47<52:49,  1.28s/it]
 18%|ΓûêΓûè        | 528/3000 [11:48<54:21,  1.32s/it]
 18%|ΓûêΓûè        | 529/3000 [11:49<48:22,  1.17s/it]
 18%|ΓûêΓûè        | 530/3000 [11:51<1:00:22,  1.47s/it]
 18%|ΓûêΓûè        | 531/3000 [11:54<1:09:23,  1.69s/it]
 18%|ΓûêΓûè        | 532/3000 [11:54<59:43,  1.45s/it]  
 18%|ΓûêΓûè        | 533/3000 [11:55<52:28,  1.28s/it]
 18%|ΓûêΓûè        | 534/3000 [11:56<49:20,  1.20s/it]
 18%|ΓûêΓûè        | 535/3000 [11:57<47:12,  1.15s/it]
 18%|ΓûêΓûè        | 536/3000 [11:58<43:07,  1.05s/it]
 18%|ΓûêΓûè        | 537/3000 [12:00<49:28,  1.21s/it]
 18%|ΓûêΓûè        | 538/3000 [12:01<44:29,  1.08s/it]
 18%|ΓûêΓûè        | 539/3000 [12:02<43:49,  1.07s/it]
 18%|ΓûêΓûè        | 540/3000 [12:02<38:33,  1.06it/s]
 18%|ΓûêΓûè        | 541/3000 [12:03<41:38,  1.02s/it]
 18%|ΓûêΓûè        | 542/3000 [12:04<37:16,  1.10it/s]
 18%|ΓûêΓûè        | 543/3000 [12:06<44:49,  1.09s/it]
 18%|ΓûêΓûè        | 544/3000 [12:07<43:38,  1.07s/it]
 18%|ΓûêΓûè        | 545/3000 [12:07<40:35,  1.01it/s]
 18%|ΓûêΓûè        | 546/3000 [12:09<43:49,  1.07s/it]
 18%|ΓûêΓûè        | 547/3000 [12:10<49:25,  1.21s/it]
 18%|ΓûêΓûè        | 548/3000 [12:12<57:07,  1.40s/it]
 18%|ΓûêΓûè        | 549/3000 [12:13<55:09,  1.35s/it]
 18%|ΓûêΓûè        | 550/3000 [12:14<52:40,  1.29s/it]
 18%|ΓûêΓûè        | 551/3000 [12:16<51:17,  1.26s/it]
 18%|ΓûêΓûè        | 552/3000 [12:16<44:30,  1.09s/it]
 18%|ΓûêΓûè        | 553/3000 [12:18<50:45,  1.24s/it]
 18%|ΓûêΓûè        | 554/3000 [12:19<48:22,  1.19s/it]
 18%|ΓûêΓûè        | 555/3000 [12:20<46:00,  1.13s/it]
 19%|ΓûêΓûè        | 556/3000 [12:21<44:05,  1.08s/it]
 19%|ΓûêΓûè        | 557/3000 [12:24<1:14:26,  1.83s/it]
 19%|ΓûêΓûè        | 558/3000 [12:26<1:06:03,  1.62s/it]
 19%|ΓûêΓûè        | 559/3000 [12:28<1:09:36,  1.71s/it]
 19%|ΓûêΓûè        | 560/3000 [12:29<1:06:08,  1.63s/it]
 19%|ΓûêΓûè        | 561/3000 [12:30<56:58,  1.40s/it]  
 19%|ΓûêΓûè        | 562/3000 [12:32<1:05:42,  1.62s/it]
 19%|ΓûêΓûë        | 563/3000 [12:33<57:56,  1.43s/it]  
 19%|ΓûêΓûë        | 564/3000 [12:34<51:15,  1.26s/it]
 19%|ΓûêΓûë        | 565/3000 [12:35<49:55,  1.23s/it]
 19%|ΓûêΓûë        | 566/3000 [12:36<51:14,  1.26s/it]
 19%|ΓûêΓûë        | 567/3000 [12:37<45:43,  1.13s/it]
 19%|ΓûêΓûë        | 568/3000 [12:38<41:59,  1.04s/it]
 19%|ΓûêΓûë        | 569/3000 [12:39<39:18,  1.03it/s]
 19%|ΓûêΓûë        | 570/3000 [12:40<44:19,  1.09s/it]
 19%|ΓûêΓûë        | 571/3000 [12:42<52:55,  1.31s/it]
 19%|ΓûêΓûë        | 572/3000 [12:44<1:01:28,  1.52s/it]
 19%|ΓûêΓûë        | 573/3000 [12:45<52:02,  1.29s/it]  
 19%|ΓûêΓûë        | 574/3000 [12:46<50:21,  1.25s/it]
 19%|ΓûêΓûë        | 575/3000 [12:48<1:01:31,  1.52s/it]
 19%|ΓûêΓûë        | 576/3000 [12:49<56:16,  1.39s/it]  
 19%|ΓûêΓûë        | 577/3000 [12:50<49:42,  1.23s/it]
 19%|ΓûêΓûë        | 578/3000 [12:52<56:44,  1.41s/it]
 19%|ΓûêΓûë        | 579/3000 [12:53<57:29,  1.42s/it]
 19%|ΓûêΓûë        | 580/3000 [12:54<54:19,  1.35s/it]
 19%|ΓûêΓûë        | 581/3000 [12:56<51:57,  1.29s/it]
 19%|ΓûêΓûë        | 582/3000 [12:57<48:12,  1.20s/it]
 19%|ΓûêΓûë        | 583/3000 [12:58<50:45,  1.26s/it]
 19%|ΓûêΓûë        | 584/3000 [12:59<45:20,  1.13s/it]
 20%|ΓûêΓûë        | 585/3000 [13:00<46:57,  1.17s/it]
 20%|ΓûêΓûë        | 586/3000 [13:01<46:05,  1.15s/it]
 20%|ΓûêΓûë        | 587/3000 [13:02<44:38,  1.11s/it]
 20%|ΓûêΓûë        | 588/3000 [13:03<40:55,  1.02s/it]
 20%|ΓûêΓûë        | 589/3000 [13:05<47:05,  1.17s/it]
 20%|ΓûêΓûë        | 590/3000 [13:06<47:52,  1.19s/it]
 20%|ΓûêΓûë        | 591/3000 [13:07<43:35,  1.09s/it]
 20%|ΓûêΓûë        | 592/3000 [13:08<50:00,  1.25s/it]
 20%|ΓûêΓûë        | 593/3000 [13:10<51:13,  1.28s/it]
 20%|ΓûêΓûë        | 594/3000 [13:10<45:58,  1.15s/it]
 20%|ΓûêΓûë        | 595/3000 [13:12<46:54,  1.17s/it]
 20%|ΓûêΓûë        | 596/3000 [13:13<47:11,  1.18s/it]
 20%|ΓûêΓûë        | 597/3000 [13:14<50:34,  1.26s/it]
 20%|ΓûêΓûë        | 598/3000 [13:16<53:26,  1.33s/it]
 20%|ΓûêΓûë        | 599/3000 [13:17<49:45,  1.24s/it]
 20%|ΓûêΓûê        | 600/3000 [13:19<59:10,  1.48s/it]
 20%|ΓûêΓûê        | 601/3000 [13:22<1:22:05,  2.05s/it]
 20%|ΓûêΓûê        | 602/3000 [13:24<1:17:57,  1.95s/it]
 20%|ΓûêΓûê        | 603/3000 [13:25<1:10:51,  1.77s/it]
 20%|ΓûêΓûê        | 604/3000 [13:27<1:04:25,  1.61s/it]
 20%|ΓûêΓûê        | 605/3000 [13:28<57:05,  1.43s/it]  
 20%|ΓûêΓûê        | 606/3000 [13:29<54:02,  1.35s/it]
 20%|ΓûêΓûê        | 607/3000 [13:30<48:03,  1.20s/it]
 20%|ΓûêΓûê        | 608/3000 [13:31<45:43,  1.15s/it]
 20%|ΓûêΓûê        | 609/3000 [13:32<50:24,  1.26s/it]
 20%|ΓûêΓûê        | 610/3000 [13:34<58:19,  1.46s/it]
 20%|ΓûêΓûê        | 611/3000 [13:35<50:38,  1.27s/it]
 20%|ΓûêΓûê        | 612/3000 [13:36<47:21,  1.19s/it]
 20%|ΓûêΓûê        | 613/3000 [13:37<50:50,  1.28s/it]
 20%|ΓûêΓûê        | 614/3000 [13:38<47:44,  1.20s/it]
 20%|ΓûêΓûê        | 615/3000 [13:40<47:35,  1.20s/it]
 21%|ΓûêΓûê        | 616/3000 [13:41<51:11,  1.29s/it]
 21%|ΓûêΓûê        | 617/3000 [13:42<50:35,  1.27s/it]
 21%|ΓûêΓûê        | 618/3000 [13:44<51:37,  1.30s/it]
 21%|ΓûêΓûê        | 619/3000 [13:44<43:49,  1.10s/it]
 21%|ΓûêΓûê        | 620/3000 [13:47<1:01:58,  1.56s/it]
 21%|ΓûêΓûê        | 621/3000 [13:48<59:40,  1.51s/it]  
 21%|ΓûêΓûê        | 622/3000 [13:49<53:27,  1.35s/it]
 21%|ΓûêΓûê        | 623/3000 [13:51<51:35,  1.30s/it]
 21%|ΓûêΓûê        | 624/3000 [13:51<47:38,  1.20s/it]
 21%|ΓûêΓûê        | 625/3000 [13:52<41:32,  1.05s/it]
 21%|ΓûêΓûê        | 626/3000 [13:53<39:12,  1.01it/s]
 21%|ΓûêΓûê        | 627/3000 [13:55<52:38,  1.33s/it]
 21%|ΓûêΓûê        | 628/3000 [13:57<1:00:08,  1.52s/it]
 21%|ΓûêΓûê        | 629/3000 [13:58<52:49,  1.34s/it]  
 21%|ΓûêΓûê        | 630/3000 [13:59<50:57,  1.29s/it]
 21%|ΓûêΓûê        | 631/3000 [14:00<50:11,  1.27s/it]
 21%|ΓûêΓûê        | 632/3000 [14:01<47:36,  1.21s/it]
 21%|ΓûêΓûê        | 633/3000 [14:03<49:25,  1.25s/it]
 21%|ΓûêΓûê        | 634/3000 [14:04<48:59,  1.24s/it]
 21%|ΓûêΓûê        | 635/3000 [14:06<58:42,  1.49s/it]
 21%|ΓûêΓûê        | 636/3000 [14:07<53:07,  1.35s/it]
 21%|ΓûêΓûê        | 637/3000 [14:08<47:11,  1.20s/it]
 21%|ΓûêΓûêΓûÅ       | 638/3000 [14:09<43:14,  1.10s/it]
 21%|ΓûêΓûêΓûÅ       | 639/3000 [14:11<52:53,  1.34s/it]
 21%|ΓûêΓûêΓûÅ       | 640/3000 [14:12<54:29,  1.39s/it]
 21%|ΓûêΓûêΓûÅ       | 641/3000 [14:13<47:27,  1.21s/it]
 21%|ΓûêΓûêΓûÅ       | 642/3000 [14:15<54:57,  1.40s/it]
 21%|ΓûêΓûêΓûÅ       | 643/3000 [14:16<50:48,  1.29s/it]
 21%|ΓûêΓûêΓûÅ       | 644/3000 [14:17<47:19,  1.21s/it]
 22%|ΓûêΓûêΓûÅ       | 645/3000 [14:19<58:14,  1.48s/it]
 22%|ΓûêΓûêΓûÅ       | 646/3000 [14:21<1:00:10,  1.53s/it]
 22%|ΓûêΓûêΓûÅ       | 647/3000 [14:22<54:17,  1.38s/it]  
 22%|ΓûêΓûêΓûÅ       | 648/3000 [14:23<51:50,  1.32s/it]
 22%|ΓûêΓûêΓûÅ       | 649/3000 [14:24<53:30,  1.37s/it]
 22%|ΓûêΓûêΓûÅ       | 650/3000 [14:26<56:30,  1.44s/it]
 22%|ΓûêΓûêΓûÅ       | 651/3000 [14:27<49:09,  1.26s/it]
 22%|ΓûêΓûêΓûÅ       | 652/3000 [14:28<53:21,  1.36s/it]
 22%|ΓûêΓûêΓûÅ       | 653/3000 [14:29<47:06,  1.20s/it]
 22%|ΓûêΓûêΓûÅ       | 654/3000 [14:30<44:45,  1.14s/it]
 22%|ΓûêΓûêΓûÅ       | 655/3000 [14:32<47:58,  1.23s/it]
 22%|ΓûêΓûêΓûÅ       | 656/3000 [14:33<49:41,  1.27s/it]
 22%|ΓûêΓûêΓûÅ       | 657/3000 [14:34<47:42,  1.22s/it]
 22%|ΓûêΓûêΓûÅ       | 658/3000 [14:35<44:28,  1.14s/it]
 22%|ΓûêΓûêΓûÅ       | 659/3000 [14:36<39:19,  1.01s/it]
 22%|ΓûêΓûêΓûÅ       | 660/3000 [14:37<40:05,  1.03s/it]
 22%|ΓûêΓûêΓûÅ       | 661/3000 [14:38<35:30,  1.10it/s]
 22%|ΓûêΓûêΓûÅ       | 662/3000 [14:39<36:30,  1.07it/s]
 22%|ΓûêΓûêΓûÅ       | 663/3000 [14:40<39:23,  1.01s/it]
 22%|ΓûêΓûêΓûÅ       | 664/3000 [14:41<39:21,  1.01s/it]
 22%|ΓûêΓûêΓûÅ       | 665/3000 [14:42<42:32,  1.09s/it]
 22%|ΓûêΓûêΓûÅ       | 666/3000 [14:43<41:14,  1.06s/it]
 22%|ΓûêΓûêΓûÅ       | 667/3000 [14:45<47:22,  1.22s/it]
 22%|ΓûêΓûêΓûÅ       | 668/3000 [14:46<49:23,  1.27s/it]
 22%|ΓûêΓûêΓûÅ       | 669/3000 [14:47<45:41,  1.18s/it]
 22%|ΓûêΓûêΓûÅ       | 670/3000 [14:48<41:14,  1.06s/it]
 22%|ΓûêΓûêΓûÅ       | 671/3000 [14:49<44:12,  1.14s/it]
 22%|ΓûêΓûêΓûÅ       | 672/3000 [14:50<38:19,  1.01it/s]
 22%|ΓûêΓûêΓûÅ       | 673/3000 [14:51<36:27,  1.06it/s]
 22%|ΓûêΓûêΓûÅ       | 674/3000 [14:52<41:34,  1.07s/it]
 22%|ΓûêΓûêΓûÄ       | 675/3000 [14:53<41:47,  1.08s/it]
 23%|ΓûêΓûêΓûÄ       | 676/3000 [14:55<57:54,  1.49s/it]
 23%|ΓûêΓûêΓûÄ       | 677/3000 [14:57<52:50,  1.37s/it]
 23%|ΓûêΓûêΓûÄ       | 678/3000 [14:57<47:43,  1.23s/it]
 23%|ΓûêΓûêΓûÄ       | 679/3000 [14:59<49:35,  1.28s/it]
 23%|ΓûêΓûêΓûÄ       | 680/3000 [15:00<49:22,  1.28s/it]
 23%|ΓûêΓûêΓûÄ       | 681/3000 [15:01<43:50,  1.13s/it]
 23%|ΓûêΓûêΓûÄ       | 682/3000 [15:02<40:53,  1.06s/it]
 23%|ΓûêΓûêΓûÄ       | 683/3000 [15:03<40:05,  1.04s/it]
 23%|ΓûêΓûêΓûÄ       | 684/3000 [15:04<39:34,  1.03s/it]
 23%|ΓûêΓûêΓûÄ       | 685/3000 [15:10<1:37:00,  2.51s/it]
 23%|ΓûêΓûêΓûÄ       | 686/3000 [15:11<1:22:44,  2.15s/it]
 23%|ΓûêΓûêΓûÄ       | 687/3000 [15:12<1:06:16,  1.72s/it]
 23%|ΓûêΓûêΓûÄ       | 688/3000 [15:13<1:01:19,  1.59s/it]
 23%|ΓûêΓûêΓûÄ       | 689/3000 [15:14<52:41,  1.37s/it]  
 23%|ΓûêΓûêΓûÄ       | 690/3000 [15:15<47:49,  1.24s/it]
 23%|ΓûêΓûêΓûÄ       | 691/3000 [15:16<49:02,  1.27s/it]
 23%|ΓûêΓûêΓûÄ       | 692/3000 [15:17<44:17,  1.15s/it]
 23%|ΓûêΓûêΓûÄ       | 693/3000 [15:19<47:34,  1.24s/it]
 23%|ΓûêΓûêΓûÄ       | 694/3000 [15:20<53:24,  1.39s/it]
 23%|ΓûêΓûêΓûÄ       | 695/3000 [15:22<52:40,  1.37s/it]
 23%|ΓûêΓûêΓûÄ       | 696/3000 [15:23<48:49,  1.27s/it]
 23%|ΓûêΓûêΓûÄ       | 697/3000 [15:24<53:01,  1.38s/it]
 23%|ΓûêΓûêΓûÄ       | 698/3000 [15:27<1:02:35,  1.63s/it]
 23%|ΓûêΓûêΓûÄ       | 699/3000 [15:28<57:42,  1.50s/it]  
 23%|ΓûêΓûêΓûÄ       | 700/3000 [15:29<53:48,  1.40s/it]
 23%|ΓûêΓûêΓûÄ       | 701/3000 [15:30<55:43,  1.45s/it]
 23%|ΓûêΓûêΓûÄ       | 702/3000 [15:31<48:54,  1.28s/it]
 23%|ΓûêΓûêΓûÄ       | 703/3000 [15:33<54:19,  1.42s/it]
 23%|ΓûêΓûêΓûÄ       | 704/3000 [15:34<47:27,  1.24s/it]
 24%|ΓûêΓûêΓûÄ       | 705/3000 [15:35<48:16,  1.26s/it]
 24%|ΓûêΓûêΓûÄ       | 706/3000 [15:37<52:31,  1.37s/it]
 24%|ΓûêΓûêΓûÄ       | 707/3000 [15:38<52:36,  1.38s/it]
 24%|ΓûêΓûêΓûÄ       | 708/3000 [15:39<44:09,  1.16s/it]
 24%|ΓûêΓûêΓûÄ       | 709/3000 [15:40<44:12,  1.16s/it]
 24%|ΓûêΓûêΓûÄ       | 710/3000 [15:42<47:44,  1.25s/it]
 24%|ΓûêΓûêΓûÄ       | 711/3000 [15:42<42:49,  1.12s/it]
 24%|ΓûêΓûêΓûÄ       | 712/3000 [15:43<37:07,  1.03it/s]
 24%|ΓûêΓûêΓûì       | 713/3000 [15:44<39:28,  1.04s/it]
 24%|ΓûêΓûêΓûì       | 714/3000 [15:45<39:27,  1.04s/it]
 24%|ΓûêΓûêΓûì       | 715/3000 [15:47<43:33,  1.14s/it]
 24%|ΓûêΓûêΓûì       | 716/3000 [15:47<37:38,  1.01it/s]
 24%|ΓûêΓûêΓûì       | 717/3000 [15:48<40:02,  1.05s/it]
 24%|ΓûêΓûêΓûì       | 718/3000 [15:49<37:58,  1.00it/s]
 24%|ΓûêΓûêΓûì       | 719/3000 [15:50<33:59,  1.12it/s]
 24%|ΓûêΓûêΓûì       | 720/3000 [15:52<47:22,  1.25s/it]
 24%|ΓûêΓûêΓûì       | 721/3000 [15:53<46:15,  1.22s/it]
 24%|ΓûêΓûêΓûì       | 722/3000 [15:54<44:13,  1.16s/it]
 24%|ΓûêΓûêΓûì       | 723/3000 [15:58<1:15:57,  2.00s/it]
 24%|ΓûêΓûêΓûì       | 724/3000 [15:59<1:08:23,  1.80s/it]
 24%|ΓûêΓûêΓûì       | 725/3000 [16:01<1:03:37,  1.68s/it]
 24%|ΓûêΓûêΓûì       | 726/3000 [16:03<1:07:08,  1.77s/it]
 24%|ΓûêΓûêΓûì       | 727/3000 [16:04<1:04:50,  1.71s/it]
 24%|ΓûêΓûêΓûì       | 728/3000 [16:06<1:00:59,  1.61s/it]
 24%|ΓûêΓûêΓûì       | 729/3000 [16:07<52:36,  1.39s/it]  
 24%|ΓûêΓûêΓûì       | 730/3000 [16:08<54:56,  1.45s/it]
 24%|ΓûêΓûêΓûì       | 731/3000 [16:10<1:02:16,  1.65s/it]
 24%|ΓûêΓûêΓûì       | 732/3000 [16:11<54:57,  1.45s/it]  
 24%|ΓûêΓûêΓûì       | 733/3000 [16:13<54:31,  1.44s/it]
 24%|ΓûêΓûêΓûì       | 734/3000 [16:14<47:47,  1.27s/it]
 24%|ΓûêΓûêΓûì       | 735/3000 [16:15<43:43,  1.16s/it]
 25%|ΓûêΓûêΓûì       | 736/3000 [16:16<45:52,  1.22s/it]
 25%|ΓûêΓûêΓûì       | 737/3000 [16:18<58:00,  1.54s/it]
 25%|ΓûêΓûêΓûì       | 738/3000 [16:19<49:40,  1.32s/it]
 25%|ΓûêΓûêΓûì       | 739/3000 [16:20<48:00,  1.27s/it]
 25%|ΓûêΓûêΓûì       | 740/3000 [16:21<46:00,  1.22s/it]
 25%|ΓûêΓûêΓûì       | 741/3000 [16:22<43:54,  1.17s/it]
 25%|ΓûêΓûêΓûì       | 742/3000 [16:23<38:48,  1.03s/it]
 25%|ΓûêΓûêΓûì       | 743/3000 [16:28<1:28:02,  2.34s/it]
 25%|ΓûêΓûêΓûì       | 744/3000 [16:31<1:31:15,  2.43s/it]
 25%|ΓûêΓûêΓûì       | 745/3000 [16:32<1:13:06,  1.95s/it]
 25%|ΓûêΓûêΓûì       | 746/3000 [16:33<1:06:45,  1.78s/it]
 25%|ΓûêΓûêΓûì       | 747/3000 [16:34<56:23,  1.50s/it]  
 25%|ΓûêΓûêΓûì       | 748/3000 [16:35<48:38,  1.30s/it]
 25%|ΓûêΓûêΓûì       | 749/3000 [16:36<43:16,  1.15s/it]
 25%|ΓûêΓûêΓûî       | 750/3000 [16:37<45:15,  1.21s/it]
 25%|ΓûêΓûêΓûî       | 751/3000 [16:38<45:04,  1.20s/it]
 25%|ΓûêΓûêΓûî       | 752/3000 [16:39<41:18,  1.10s/it]
 25%|ΓûêΓûêΓûî       | 753/3000 [16:40<38:08,  1.02s/it]
 25%|ΓûêΓûêΓûî       | 754/3000 [16:42<52:36,  1.41s/it]
 25%|ΓûêΓûêΓûî       | 755/3000 [16:44<54:13,  1.45s/it]
 25%|ΓûêΓûêΓûî       | 756/3000 [16:45<51:19,  1.37s/it]
 25%|ΓûêΓûêΓûî       | 757/3000 [16:47<57:23,  1.54s/it]
 25%|ΓûêΓûêΓûî       | 758/3000 [16:50<1:13:36,  1.97s/it]
 25%|ΓûêΓûêΓûî       | 759/3000 [16:51<1:01:57,  1.66s/it]
 25%|ΓûêΓûêΓûî       | 760/3000 [16:52<1:00:16,  1.61s/it]
 25%|ΓûêΓûêΓûî       | 761/3000 [16:53<52:37,  1.41s/it]  
 25%|ΓûêΓûêΓûî       | 762/3000 [16:55<1:01:14,  1.64s/it]
 25%|ΓûêΓûêΓûî       | 763/3000 [16:57<55:42,  1.49s/it]  
 25%|ΓûêΓûêΓûî       | 764/3000 [16:57<48:49,  1.31s/it]
 26%|ΓûêΓûêΓûî       | 765/3000 [16:59<45:57,  1.23s/it]
 26%|ΓûêΓûêΓûî       | 766/3000 [17:00<53:03,  1.42s/it]
 26%|ΓûêΓûêΓûî       | 767/3000 [17:03<1:01:20,  1.65s/it]
 26%|ΓûêΓûêΓûî       | 768/3000 [17:04<56:39,  1.52s/it]  
 26%|ΓûêΓûêΓûî       | 769/3000 [17:10<1:43:09,  2.77s/it]
 26%|ΓûêΓûêΓûî       | 770/3000 [17:12<1:37:13,  2.62s/it]
 26%|ΓûêΓûêΓûî       | 771/3000 [17:13<1:17:09,  2.08s/it]
 26%|ΓûêΓûêΓûî       | 772/3000 [17:14<1:06:35,  1.79s/it]
 26%|ΓûêΓûêΓûî       | 773/3000 [17:15<56:24,  1.52s/it]  
 26%|ΓûêΓûêΓûî       | 774/3000 [17:16<53:19,  1.44s/it]
 26%|ΓûêΓûêΓûî       | 775/3000 [17:17<51:20,  1.38s/it]
 26%|ΓûêΓûêΓûî       | 776/3000 [17:18<50:41,  1.37s/it]
 26%|ΓûêΓûêΓûî       | 777/3000 [17:19<42:38,  1.15s/it]
 26%|ΓûêΓûêΓûî       | 778/3000 [17:21<46:22,  1.25s/it]
 26%|ΓûêΓûêΓûî       | 779/3000 [17:23<59:17,  1.60s/it]
 26%|ΓûêΓûêΓûî       | 780/3000 [17:24<55:40,  1.50s/it]
 26%|ΓûêΓûêΓûî       | 781/3000 [17:25<46:22,  1.25s/it]
 26%|ΓûêΓûêΓûî       | 782/3000 [17:27<50:09,  1.36s/it]
 26%|ΓûêΓûêΓûî       | 783/3000 [17:27<42:42,  1.16s/it]
 26%|ΓûêΓûêΓûî       | 784/3000 [17:29<46:58,  1.27s/it]
 26%|ΓûêΓûêΓûî       | 785/3000 [17:30<48:22,  1.31s/it]
 26%|ΓûêΓûêΓûî       | 786/3000 [17:33<1:01:01,  1.65s/it]
 26%|ΓûêΓûêΓûî       | 787/3000 [17:36<1:24:05,  2.28s/it]
 26%|ΓûêΓûêΓûï       | 788/3000 [17:38<1:12:07,  1.96s/it]
 26%|ΓûêΓûêΓûï       | 789/3000 [17:39<1:02:01,  1.68s/it]
 26%|ΓûêΓûêΓûï       | 790/3000 [17:39<52:27,  1.42s/it]  
 26%|ΓûêΓûêΓûï       | 791/3000 [17:40<46:07,  1.25s/it]
 26%|ΓûêΓûêΓûï       | 792/3000 [17:42<49:46,  1.35s/it]
 26%|ΓûêΓûêΓûï       | 793/3000 [17:43<46:32,  1.27s/it]
 26%|ΓûêΓûêΓûï       | 794/3000 [17:44<42:42,  1.16s/it]
 26%|ΓûêΓûêΓûï       | 795/3000 [17:46<50:32,  1.38s/it]
 27%|ΓûêΓûêΓûï       | 796/3000 [17:48<56:37,  1.54s/it]
 27%|ΓûêΓûêΓûï       | 797/3000 [17:49<54:49,  1.49s/it]
 27%|ΓûêΓûêΓûï       | 798/3000 [17:50<51:26,  1.40s/it]
 27%|ΓûêΓûêΓûï       | 799/3000 [17:51<45:05,  1.23s/it]
 27%|ΓûêΓûêΓûï       | 800/3000 [17:52<39:06,  1.07s/it]
 27%|ΓûêΓûêΓûï       | 801/3000 [17:53<38:13,  1.04s/it]
 27%|ΓûêΓûêΓûï       | 802/3000 [17:54<40:28,  1.10s/it]
 27%|ΓûêΓûêΓûï       | 803/3000 [17:55<43:29,  1.19s/it]
 27%|ΓûêΓûêΓûï       | 804/3000 [17:56<42:38,  1.16s/it]
 27%|ΓûêΓûêΓûï       | 805/3000 [17:58<44:00,  1.20s/it]
 27%|ΓûêΓûêΓûï       | 806/3000 [17:59<50:02,  1.37s/it]
 27%|ΓûêΓûêΓûï       | 807/3000 [18:00<42:33,  1.16s/it]
 27%|ΓûêΓûêΓûï       | 808/3000 [18:01<43:31,  1.19s/it]
 27%|ΓûêΓûêΓûï       | 809/3000 [18:05<1:09:52,  1.91s/it]
 27%|ΓûêΓûêΓûï       | 810/3000 [18:06<58:08,  1.59s/it]  
 27%|ΓûêΓûêΓûï       | 811/3000 [18:07<51:45,  1.42s/it]
 27%|ΓûêΓûêΓûï       | 812/3000 [18:08<51:35,  1.41s/it]
 27%|ΓûêΓûêΓûï       | 813/3000 [18:09<48:40,  1.34s/it]
 27%|ΓûêΓûêΓûï       | 814/3000 [18:10<42:46,  1.17s/it]
 27%|ΓûêΓûêΓûï       | 815/3000 [18:12<50:28,  1.39s/it]
 27%|ΓûêΓûêΓûï       | 816/3000 [18:13<44:55,  1.23s/it]
 27%|ΓûêΓûêΓûï       | 817/3000 [18:14<38:26,  1.06s/it]
 27%|ΓûêΓûêΓûï       | 818/3000 [18:15<41:59,  1.15s/it]
 27%|ΓûêΓûêΓûï       | 819/3000 [18:17<50:31,  1.39s/it]
 27%|ΓûêΓûêΓûï       | 820/3000 [18:18<51:13,  1.41s/it]
 27%|ΓûêΓûêΓûï       | 821/3000 [18:20<52:43,  1.45s/it]
 27%|ΓûêΓûêΓûï       | 822/3000 [18:21<43:55,  1.21s/it]
 27%|ΓûêΓûêΓûï       | 823/3000 [18:22<44:17,  1.22s/it]
 27%|ΓûêΓûêΓûï       | 824/3000 [18:23<40:22,  1.11s/it]
 28%|ΓûêΓûêΓûè       | 825/3000 [18:24<45:08,  1.25s/it]
 28%|ΓûêΓûêΓûè       | 826/3000 [18:25<44:35,  1.23s/it]
 28%|ΓûêΓûêΓûè       | 827/3000 [18:27<50:40,  1.40s/it]
 28%|ΓûêΓûêΓûè       | 828/3000 [18:28<47:22,  1.31s/it]
 28%|ΓûêΓûêΓûè       | 829/3000 [18:30<54:12,  1.50s/it]
 28%|ΓûêΓûêΓûè       | 830/3000 [18:32<56:11,  1.55s/it]
 28%|ΓûêΓûêΓûè       | 831/3000 [18:34<55:58,  1.55s/it]
 28%|ΓûêΓûêΓûè       | 832/3000 [18:35<50:23,  1.39s/it]
 28%|ΓûêΓûêΓûè       | 833/3000 [18:36<46:30,  1.29s/it]
 28%|ΓûêΓûêΓûè       | 834/3000 [18:37<49:41,  1.38s/it]
 28%|ΓûêΓûêΓûè       | 835/3000 [18:38<44:58,  1.25s/it]
 28%|ΓûêΓûêΓûè       | 836/3000 [18:39<44:59,  1.25s/it]
 28%|ΓûêΓûêΓûè       | 837/3000 [18:41<50:11,  1.39s/it]
 28%|ΓûêΓûêΓûè       | 838/3000 [18:43<51:35,  1.43s/it]
 28%|ΓûêΓûêΓûè       | 839/3000 [18:43<43:00,  1.19s/it]
 28%|ΓûêΓûêΓûè       | 840/3000 [18:45<44:53,  1.25s/it]
 28%|ΓûêΓûêΓûè       | 841/3000 [18:46<41:56,  1.17s/it]
 28%|ΓûêΓûêΓûè       | 842/3000 [18:48<57:16,  1.59s/it]
 28%|ΓûêΓûêΓûè       | 843/3000 [18:49<49:33,  1.38s/it]
 28%|ΓûêΓûêΓûè       | 844/3000 [18:51<55:21,  1.54s/it]
 28%|ΓûêΓûêΓûè       | 845/3000 [18:52<47:43,  1.33s/it]
 28%|ΓûêΓûêΓûè       | 846/3000 [18:53<42:16,  1.18s/it]
 28%|ΓûêΓûêΓûè       | 847/3000 [18:54<42:23,  1.18s/it]
 28%|ΓûêΓûêΓûè       | 848/3000 [18:55<42:51,  1.20s/it]
 28%|ΓûêΓûêΓûè       | 849/3000 [18:56<36:53,  1.03s/it]
 28%|ΓûêΓûêΓûè       | 850/3000 [18:57<35:27,  1.01it/s]
 28%|ΓûêΓûêΓûè       | 851/3000 [18:58<38:24,  1.07s/it]
 28%|ΓûêΓûêΓûè       | 852/3000 [19:00<50:03,  1.40s/it]
 28%|ΓûêΓûêΓûè       | 853/3000 [19:01<43:58,  1.23s/it]
 28%|ΓûêΓûêΓûè       | 854/3000 [19:02<46:44,  1.31s/it]
 28%|ΓûêΓûêΓûè       | 855/3000 [19:04<45:26,  1.27s/it]
 29%|ΓûêΓûêΓûè       | 856/3000 [19:05<51:43,  1.45s/it]
 29%|ΓûêΓûêΓûè       | 857/3000 [19:08<1:05:07,  1.82s/it]
 29%|ΓûêΓûêΓûè       | 858/3000 [19:09<54:52,  1.54s/it]  
 29%|ΓûêΓûêΓûè       | 859/3000 [19:10<47:45,  1.34s/it]
 29%|ΓûêΓûêΓûè       | 860/3000 [19:11<41:56,  1.18s/it]
 29%|ΓûêΓûêΓûè       | 861/3000 [19:13<51:34,  1.45s/it]
 29%|ΓûêΓûêΓûè       | 862/3000 [19:14<50:51,  1.43s/it]
 29%|ΓûêΓûêΓûë       | 863/3000 [19:16<51:46,  1.45s/it]
 29%|ΓûêΓûêΓûë       | 864/3000 [19:17<51:53,  1.46s/it]
 29%|ΓûêΓûêΓûë       | 865/3000 [19:18<46:30,  1.31s/it]
 29%|ΓûêΓûêΓûë       | 866/3000 [19:19<41:27,  1.17s/it]
 29%|ΓûêΓûêΓûë       | 867/3000 [19:22<59:37,  1.68s/it]
 29%|ΓûêΓûêΓûë       | 868/3000 [19:23<53:07,  1.49s/it]
 29%|ΓûêΓûêΓûë       | 869/3000 [19:24<52:24,  1.48s/it]
 29%|ΓûêΓûêΓûë       | 870/3000 [19:27<1:02:00,  1.75s/it]
 29%|ΓûêΓûêΓûë       | 871/3000 [19:28<59:40,  1.68s/it]  
 29%|ΓûêΓûêΓûë       | 872/3000 [19:30<59:24,  1.67s/it]
 29%|ΓûêΓûêΓûë       | 873/3000 [19:31<58:03,  1.64s/it]
 29%|ΓûêΓûêΓûë       | 874/3000 [19:32<49:21,  1.39s/it]
 29%|ΓûêΓûêΓûë       | 875/3000 [19:33<45:04,  1.27s/it]
 29%|ΓûêΓûêΓûë       | 876/3000 [19:36<1:05:45,  1.86s/it]
 29%|ΓûêΓûêΓûë       | 877/3000 [19:38<1:00:33,  1.71s/it]
 29%|ΓûêΓûêΓûë       | 878/3000 [19:38<49:07,  1.39s/it]  
 29%|ΓûêΓûêΓûë       | 879/3000 [19:40<56:08,  1.59s/it]
 29%|ΓûêΓûêΓûë       | 880/3000 [19:42<54:19,  1.54s/it]
 29%|ΓûêΓûêΓûë       | 881/3000 [19:43<52:41,  1.49s/it]
 29%|ΓûêΓûêΓûë       | 882/3000 [19:44<47:04,  1.33s/it]
 29%|ΓûêΓûêΓûë       | 883/3000 [19:45<43:25,  1.23s/it]
 29%|ΓûêΓûêΓûë       | 884/3000 [19:46<41:08,  1.17s/it]
 30%|ΓûêΓûêΓûë       | 885/3000 [19:48<43:12,  1.23s/it]
 30%|ΓûêΓûêΓûë       | 886/3000 [19:49<44:42,  1.27s/it]
 30%|ΓûêΓûêΓûë       | 887/3000 [19:50<39:54,  1.13s/it]
 30%|ΓûêΓûêΓûë       | 888/3000 [19:52<49:03,  1.39s/it]
 30%|ΓûêΓûêΓûë       | 889/3000 [19:54<53:47,  1.53s/it]
 30%|ΓûêΓûêΓûë       | 890/3000 [19:54<44:33,  1.27s/it]
 30%|ΓûêΓûêΓûë       | 891/3000 [19:56<51:41,  1.47s/it]
 30%|ΓûêΓûêΓûë       | 892/3000 [19:57<46:33,  1.33s/it]
 30%|ΓûêΓûêΓûë       | 893/3000 [20:01<1:07:05,  1.91s/it]
 30%|ΓûêΓûêΓûë       | 894/3000 [20:02<57:57,  1.65s/it]  
 30%|ΓûêΓûêΓûë       | 895/3000 [20:03<52:53,  1.51s/it]
 30%|ΓûêΓûêΓûë       | 896/3000 [20:04<51:02,  1.46s/it]
 30%|ΓûêΓûêΓûë       | 897/3000 [20:05<46:35,  1.33s/it]
 30%|ΓûêΓûêΓûë       | 898/3000 [20:06<41:26,  1.18s/it]
 30%|ΓûêΓûêΓûë       | 899/3000 [20:08<55:06,  1.57s/it]
 30%|ΓûêΓûêΓûê       | 900/3000 [20:10<50:54,  1.45s/it]
 30%|ΓûêΓûêΓûê       | 901/3000 [20:12<56:18,  1.61s/it]
 30%|ΓûêΓûêΓûê       | 902/3000 [20:13<54:35,  1.56s/it]
 30%|ΓûêΓûêΓûê       | 903/3000 [20:15<58:16,  1.67s/it]
 30%|ΓûêΓûêΓûê       | 904/3000 [20:16<54:48,  1.57s/it]
 30%|ΓûêΓûêΓûê       | 905/3000 [20:17<47:06,  1.35s/it]
 30%|ΓûêΓûêΓûê       | 906/3000 [20:18<43:21,  1.24s/it]
 30%|ΓûêΓûêΓûê       | 907/3000 [20:19<41:25,  1.19s/it]
 30%|ΓûêΓûêΓûê       | 908/3000 [20:20<37:07,  1.07s/it]
 30%|ΓûêΓûêΓûê       | 909/3000 [20:22<43:31,  1.25s/it]
 30%|ΓûêΓûêΓûê       | 910/3000 [20:23<46:15,  1.33s/it]
 30%|ΓûêΓûêΓûê       | 911/3000 [20:24<44:21,  1.27s/it]
 30%|ΓûêΓûêΓûê       | 912/3000 [20:26<45:00,  1.29s/it]
 30%|ΓûêΓûêΓûê       | 913/3000 [20:27<46:41,  1.34s/it]
 30%|ΓûêΓûêΓûê       | 914/3000 [20:28<41:35,  1.20s/it]
 30%|ΓûêΓûêΓûê       | 915/3000 [20:29<41:13,  1.19s/it]
 31%|ΓûêΓûêΓûê       | 916/3000 [20:30<42:01,  1.21s/it]
 31%|ΓûêΓûêΓûê       | 917/3000 [20:32<50:42,  1.46s/it]
 31%|ΓûêΓûêΓûê       | 918/3000 [20:35<1:04:21,  1.85s/it]
 31%|ΓûêΓûêΓûê       | 919/3000 [20:37<1:04:25,  1.86s/it]
 31%|ΓûêΓûêΓûê       | 920/3000 [20:38<59:05,  1.70s/it]  
 31%|ΓûêΓûêΓûê       | 921/3000 [20:40<1:02:20,  1.80s/it]
 31%|ΓûêΓûêΓûê       | 922/3000 [20:44<1:21:39,  2.36s/it]
 31%|ΓûêΓûêΓûê       | 923/3000 [20:45<1:06:05,  1.91s/it]
 31%|ΓûêΓûêΓûê       | 924/3000 [20:48<1:16:01,  2.20s/it]
 31%|ΓûêΓûêΓûê       | 925/3000 [20:49<1:04:20,  1.86s/it]
 31%|ΓûêΓûêΓûê       | 926/3000 [20:50<53:53,  1.56s/it]  
 31%|ΓûêΓûêΓûê       | 927/3000 [20:51<50:01,  1.45s/it]
 31%|ΓûêΓûêΓûê       | 928/3000 [20:54<1:09:42,  2.02s/it]
 31%|ΓûêΓûêΓûê       | 929/3000 [20:56<1:02:25,  1.81s/it]
 31%|ΓûêΓûêΓûê       | 930/3000 [20:57<57:50,  1.68s/it]  
 31%|ΓûêΓûêΓûê       | 931/3000 [20:59<58:34,  1.70s/it]
 31%|ΓûêΓûêΓûê       | 932/3000 [21:00<51:42,  1.50s/it]
 31%|ΓûêΓûêΓûê       | 933/3000 [21:01<44:50,  1.30s/it]
 31%|ΓûêΓûêΓûê       | 934/3000 [21:02<43:00,  1.25s/it]
 31%|ΓûêΓûêΓûê       | 935/3000 [21:04<52:57,  1.54s/it]
 31%|ΓûêΓûêΓûê       | 936/3000 [21:05<45:14,  1.32s/it]
 31%|ΓûêΓûêΓûê       | 937/3000 [21:06<44:57,  1.31s/it]
 31%|ΓûêΓûêΓûêΓûÅ      | 938/3000 [21:07<44:28,  1.29s/it]
 31%|ΓûêΓûêΓûêΓûÅ      | 939/3000 [21:08<41:53,  1.22s/it]
 31%|ΓûêΓûêΓûêΓûÅ      | 940/3000 [21:10<43:31,  1.27s/it]
 31%|ΓûêΓûêΓûêΓûÅ      | 941/3000 [21:11<39:36,  1.15s/it]
 31%|ΓûêΓûêΓûêΓûÅ      | 942/3000 [21:12<47:00,  1.37s/it]
 31%|ΓûêΓûêΓûêΓûÅ      | 943/3000 [21:14<46:05,  1.34s/it]
 31%|ΓûêΓûêΓûêΓûÅ      | 944/3000 [21:15<43:07,  1.26s/it]
 32%|ΓûêΓûêΓûêΓûÅ      | 945/3000 [21:17<49:57,  1.46s/it]
 32%|ΓûêΓûêΓûêΓûÅ      | 946/3000 [21:18<49:56,  1.46s/it]
 32%|ΓûêΓûêΓûêΓûÅ      | 947/3000 [21:21<1:06:30,  1.94s/it]
 32%|ΓûêΓûêΓûêΓûÅ      | 948/3000 [21:23<59:24,  1.74s/it]  
 32%|ΓûêΓûêΓûêΓûÅ      | 949/3000 [21:24<59:09,  1.73s/it]
 32%|ΓûêΓûêΓûêΓûÅ      | 950/3000 [21:26<59:22,  1.74s/it]
 32%|ΓûêΓûêΓûêΓûÅ      | 951/3000 [21:27<49:59,  1.46s/it]
 32%|ΓûêΓûêΓûêΓûÅ      | 952/3000 [21:28<42:31,  1.25s/it]
 32%|ΓûêΓûêΓûêΓûÅ      | 953/3000 [21:28<37:57,  1.11s/it]
 32%|ΓûêΓûêΓûêΓûÅ      | 954/3000 [21:29<34:35,  1.01s/it]
 32%|ΓûêΓûêΓûêΓûÅ      | 955/3000 [21:30<32:31,  1.05it/s]
 32%|ΓûêΓûêΓûêΓûÅ      | 956/3000 [21:31<33:25,  1.02it/s]
 32%|ΓûêΓûêΓûêΓûÅ      | 957/3000 [21:32<35:01,  1.03s/it]
 32%|ΓûêΓûêΓûêΓûÅ      | 958/3000 [21:33<32:27,  1.05it/s]
 32%|ΓûêΓûêΓûêΓûÅ      | 959/3000 [21:34<34:20,  1.01s/it]
 32%|ΓûêΓûêΓûêΓûÅ      | 960/3000 [21:36<46:07,  1.36s/it]
 32%|ΓûêΓûêΓûêΓûÅ      | 961/3000 [21:37<41:39,  1.23s/it]
 32%|ΓûêΓûêΓûêΓûÅ      | 962/3000 [21:38<37:35,  1.11s/it]
 32%|ΓûêΓûêΓûêΓûÅ      | 963/3000 [21:39<35:23,  1.04s/it]
 32%|ΓûêΓûêΓûêΓûÅ      | 964/3000 [21:40<37:39,  1.11s/it]
 32%|ΓûêΓûêΓûêΓûÅ      | 965/3000 [21:41<33:36,  1.01it/s]
 32%|ΓûêΓûêΓûêΓûÅ      | 966/3000 [21:41<29:16,  1.16it/s]
 32%|ΓûêΓûêΓûêΓûÅ      | 967/3000 [21:43<32:27,  1.04it/s]
 32%|ΓûêΓûêΓûêΓûÅ      | 968/3000 [21:43<31:24,  1.08it/s]
 32%|ΓûêΓûêΓûêΓûÅ      | 969/3000 [21:44<27:44,  1.22it/s]
 32%|ΓûêΓûêΓûêΓûÅ      | 970/3000 [21:45<29:49,  1.13it/s]
 32%|ΓûêΓûêΓûêΓûÅ      | 971/3000 [21:46<35:05,  1.04s/it]
 32%|ΓûêΓûêΓûêΓûÅ      | 972/3000 [21:48<39:51,  1.18s/it]
 32%|ΓûêΓûêΓûêΓûÅ      | 973/3000 [21:49<33:44,  1.00it/s]
 32%|ΓûêΓûêΓûêΓûÅ      | 974/3000 [21:49<32:04,  1.05it/s]
 32%|ΓûêΓûêΓûêΓûÄ      | 975/3000 [21:50<30:59,  1.09it/s]
 33%|ΓûêΓûêΓûêΓûÄ      | 976/3000 [21:51<27:48,  1.21it/s]
 33%|ΓûêΓûêΓûêΓûÄ      | 977/3000 [21:52<29:38,  1.14it/s]
 33%|ΓûêΓûêΓûêΓûÄ      | 978/3000 [21:53<34:34,  1.03s/it]
 33%|ΓûêΓûêΓûêΓûÄ      | 979/3000 [21:55<39:33,  1.17s/it]
 33%|ΓûêΓûêΓûêΓûÄ      | 980/3000 [21:56<37:53,  1.13s/it]
 33%|ΓûêΓûêΓûêΓûÄ      | 981/3000 [21:56<32:18,  1.04it/s]
 33%|ΓûêΓûêΓûêΓûÄ      | 982/3000 [21:58<37:03,  1.10s/it]
 33%|ΓûêΓûêΓûêΓûÄ      | 983/3000 [21:58<32:51,  1.02it/s]
 33%|ΓûêΓûêΓûêΓûÄ      | 984/3000 [21:59<31:49,  1.06it/s]
 33%|ΓûêΓûêΓûêΓûÄ      | 985/3000 [22:00<30:53,  1.09it/s]
 33%|ΓûêΓûêΓûêΓûÄ      | 986/3000 [22:01<27:49,  1.21it/s]
 33%|ΓûêΓûêΓûêΓûÄ      | 987/3000 [22:02<28:37,  1.17it/s]
 33%|ΓûêΓûêΓûêΓûÄ      | 988/3000 [22:03<30:05,  1.11it/s]
 33%|ΓûêΓûêΓûêΓûÄ      | 989/3000 [22:03<26:40,  1.26it/s]
 33%|ΓûêΓûêΓûêΓûÄ      | 990/3000 [22:04<27:33,  1.22it/s]
 33%|ΓûêΓûêΓûêΓûÄ      | 991/3000 [22:06<33:14,  1.01it/s]
 33%|ΓûêΓûêΓûêΓûÄ      | 992/3000 [22:06<31:55,  1.05it/s]
 33%|ΓûêΓûêΓûêΓûÄ      | 993/3000 [22:07<27:44,  1.21it/s]
 33%|ΓûêΓûêΓûêΓûÄ      | 994/3000 [22:08<32:16,  1.04it/s]
 33%|ΓûêΓûêΓûêΓûÄ      | 995/3000 [22:09<33:48,  1.01s/it]
 33%|ΓûêΓûêΓûêΓûÄ      | 996/3000 [22:10<31:03,  1.08it/s]
 33%|ΓûêΓûêΓûêΓûÄ      | 997/3000 [22:11<30:05,  1.11it/s]
 33%|ΓûêΓûêΓûêΓûÄ      | 998/3000 [22:12<34:50,  1.04s/it]
 33%|ΓûêΓûêΓûêΓûÄ      | 999/3000 [22:15<50:01,  1.50s/it]
 33%|ΓûêΓûêΓûêΓûÄ      | 1000/3000 [22:16<43:50,  1.32s/it]
 33%|ΓûêΓûêΓûêΓûÄ      | 1001/3000 [22:17<41:14,  1.24s/it]
 33%|ΓûêΓûêΓûêΓûÄ      | 1002/3000 [22:22<1:20:08,  2.41s/it]
 33%|ΓûêΓûêΓûêΓûÄ      | 1003/3000 [22:23<1:04:30,  1.94s/it]
 33%|ΓûêΓûêΓûêΓûÄ      | 1004/3000 [22:23<50:57,  1.53s/it]  
 34%|ΓûêΓûêΓûêΓûÄ      | 1005/3000 [22:25<53:03,  1.60s/it]
 34%|ΓûêΓûêΓûêΓûÄ      | 1006/3000 [22:28<1:03:30,  1.91s/it]
 34%|ΓûêΓûêΓûêΓûÄ      | 1007/3000 [22:30<1:03:52,  1.92s/it]
 34%|ΓûêΓûêΓûêΓûÄ      | 1008/3000 [22:33<1:17:13,  2.33s/it]
 34%|ΓûêΓûêΓûêΓûÄ      | 1009/3000 [22:34<1:05:00,  1.96s/it]
 34%|ΓûêΓûêΓûêΓûÄ      | 1010/3000 [22:35<58:09,  1.75s/it]  
 34%|ΓûêΓûêΓûêΓûÄ      | 1011/3000 [22:36<47:17,  1.43s/it]
 34%|ΓûêΓûêΓûêΓûÄ      | 1012/3000 [22:37<47:08,  1.42s/it]
 34%|ΓûêΓûêΓûêΓûì      | 1013/3000 [22:39<46:26,  1.40s/it]
 34%|ΓûêΓûêΓûêΓûì      | 1014/3000 [22:40<42:49,  1.29s/it]
 34%|ΓûêΓûêΓûêΓûì      | 1015/3000 [22:43<57:03,  1.72s/it]
 34%|ΓûêΓûêΓûêΓûì      | 1016/3000 [22:44<53:28,  1.62s/it]
 34%|ΓûêΓûêΓûêΓûì      | 1017/3000 [22:45<51:56,  1.57s/it]
 34%|ΓûêΓûêΓûêΓûì      | 1018/3000 [22:47<48:24,  1.47s/it]
 34%|ΓûêΓûêΓûêΓûì      | 1019/3000 [22:48<44:52,  1.36s/it]
 34%|ΓûêΓûêΓûêΓûì      | 1020/3000 [22:49<45:50,  1.39s/it]
 34%|ΓûêΓûêΓûêΓûì      | 1021/3000 [22:50<43:19,  1.31s/it]
 34%|ΓûêΓûêΓûêΓûì      | 1022/3000 [22:51<40:23,  1.23s/it]
 34%|ΓûêΓûêΓûêΓûì      | 1023/3000 [22:52<39:35,  1.20s/it]
 34%|ΓûêΓûêΓûêΓûì      | 1024/3000 [22:54<45:01,  1.37s/it]
 34%|ΓûêΓûêΓûêΓûì      | 1025/3000 [22:55<44:14,  1.34s/it]
 34%|ΓûêΓûêΓûêΓûì      | 1026/3000 [22:56<40:31,  1.23s/it]
 34%|ΓûêΓûêΓûêΓûì      | 1027/3000 [22:58<39:16,  1.19s/it]
 34%|ΓûêΓûêΓûêΓûì      | 1028/3000 [22:59<41:12,  1.25s/it]
 34%|ΓûêΓûêΓûêΓûì      | 1029/3000 [23:01<53:12,  1.62s/it]
 34%|ΓûêΓûêΓûêΓûì      | 1030/3000 [23:02<46:29,  1.42s/it]
 34%|ΓûêΓûêΓûêΓûì      | 1031/3000 [23:04<51:12,  1.56s/it]
 34%|ΓûêΓûêΓûêΓûì      | 1032/3000 [23:05<46:05,  1.41s/it]
 34%|ΓûêΓûêΓûêΓûì      | 1033/3000 [23:06<38:42,  1.18s/it]
 34%|ΓûêΓûêΓûêΓûì      | 1034/3000 [23:07<38:57,  1.19s/it]
 34%|ΓûêΓûêΓûêΓûì      | 1035/3000 [23:09<44:41,  1.36s/it]
 35%|ΓûêΓûêΓûêΓûì      | 1036/3000 [23:10<43:56,  1.34s/it]
 35%|ΓûêΓûêΓûêΓûì      | 1037/3000 [23:12<46:55,  1.43s/it]
 35%|ΓûêΓûêΓûêΓûì      | 1038/3000 [23:13<48:09,  1.47s/it]
 35%|ΓûêΓûêΓûêΓûì      | 1039/3000 [23:15<44:47,  1.37s/it]
 35%|ΓûêΓûêΓûêΓûì      | 1040/3000 [23:16<46:34,  1.43s/it]
 35%|ΓûêΓûêΓûêΓûì      | 1041/3000 [23:18<45:51,  1.40s/it]
 35%|ΓûêΓûêΓûêΓûì      | 1042/3000 [23:18<40:04,  1.23s/it]
 35%|ΓûêΓûêΓûêΓûì      | 1043/3000 [23:20<45:25,  1.39s/it]
 35%|ΓûêΓûêΓûêΓûì      | 1044/3000 [23:22<45:52,  1.41s/it]
 35%|ΓûêΓûêΓûêΓûì      | 1045/3000 [23:23<47:19,  1.45s/it]
 35%|ΓûêΓûêΓûêΓûì      | 1046/3000 [23:25<47:05,  1.45s/it]
 35%|ΓûêΓûêΓûêΓûì      | 1047/3000 [23:26<47:41,  1.47s/it]
 35%|ΓûêΓûêΓûêΓûì      | 1048/3000 [23:27<41:32,  1.28s/it]
 35%|ΓûêΓûêΓûêΓûì      | 1049/3000 [23:29<52:37,  1.62s/it]
 35%|ΓûêΓûêΓûêΓûî      | 1050/3000 [23:34<1:23:00,  2.55s/it]
 35%|ΓûêΓûêΓûêΓûî      | 1051/3000 [23:35<1:07:03,  2.06s/it]
 35%|ΓûêΓûêΓûêΓûî      | 1052/3000 [23:36<58:37,  1.81s/it]  
 35%|ΓûêΓûêΓûêΓûî      | 1053/3000 [23:37<47:20,  1.46s/it]
 35%|ΓûêΓûêΓûêΓûî      | 1054/3000 [23:38<46:41,  1.44s/it]
 35%|ΓûêΓûêΓûêΓûî      | 1055/3000 [23:40<49:59,  1.54s/it]
 35%|ΓûêΓûêΓûêΓûî      | 1056/3000 [23:41<43:00,  1.33s/it]
 35%|ΓûêΓûêΓûêΓûî      | 1057/3000 [23:42<39:58,  1.23s/it]
 35%|ΓûêΓûêΓûêΓûî      | 1058/3000 [23:43<37:35,  1.16s/it]
 35%|ΓûêΓûêΓûêΓûî      | 1059/3000 [23:44<38:11,  1.18s/it]
 35%|ΓûêΓûêΓûêΓûî      | 1060/3000 [23:46<43:21,  1.34s/it]
 35%|ΓûêΓûêΓûêΓûî      | 1061/3000 [23:47<46:55,  1.45s/it]
 35%|ΓûêΓûêΓûêΓûî      | 1062/3000 [23:50<53:00,  1.64s/it]
 35%|ΓûêΓûêΓûêΓûî      | 1063/3000 [23:51<47:09,  1.46s/it]
 35%|ΓûêΓûêΓûêΓûî      | 1064/3000 [23:52<41:57,  1.30s/it]
 36%|ΓûêΓûêΓûêΓûî      | 1065/3000 [23:52<35:33,  1.10s/it]
 36%|ΓûêΓûêΓûêΓûî      | 1066/3000 [23:55<48:11,  1.50s/it]
 36%|ΓûêΓûêΓûêΓûî      | 1067/3000 [23:57<57:21,  1.78s/it]
 36%|ΓûêΓûêΓûêΓûî      | 1068/3000 [23:58<50:53,  1.58s/it]
 36%|ΓûêΓûêΓûêΓûî      | 1069/3000 [23:59<48:42,  1.51s/it]
 36%|ΓûêΓûêΓûêΓûî      | 1070/3000 [24:01<43:59,  1.37s/it]
 36%|ΓûêΓûêΓûêΓûî      | 1071/3000 [24:01<38:55,  1.21s/it]
 36%|ΓûêΓûêΓûêΓûî      | 1072/3000 [24:03<40:54,  1.27s/it]
 36%|ΓûêΓûêΓûêΓûî      | 1073/3000 [24:04<40:06,  1.25s/it]
 36%|ΓûêΓûêΓûêΓûî      | 1074/3000 [24:05<38:54,  1.21s/it]
 36%|ΓûêΓûêΓûêΓûî      | 1075/3000 [24:07<42:42,  1.33s/it]
 36%|ΓûêΓûêΓûêΓûî      | 1076/3000 [24:08<41:22,  1.29s/it]
 36%|ΓûêΓûêΓûêΓûî      | 1077/3000 [24:09<35:02,  1.09s/it]
 36%|ΓûêΓûêΓûêΓûî      | 1078/3000 [24:09<30:43,  1.04it/s]
 36%|ΓûêΓûêΓûêΓûî      | 1079/3000 [24:10<27:41,  1.16it/s]
 36%|ΓûêΓûêΓûêΓûî      | 1080/3000 [24:11<29:09,  1.10it/s]
 36%|ΓûêΓûêΓûêΓûî      | 1081/3000 [24:12<31:43,  1.01it/s]
 36%|ΓûêΓûêΓûêΓûî      | 1082/3000 [24:13<31:37,  1.01it/s]
 36%|ΓûêΓûêΓûêΓûî      | 1083/3000 [24:14<29:22,  1.09it/s]
 36%|ΓûêΓûêΓûêΓûî      | 1084/3000 [24:14<26:42,  1.20it/s]
 36%|ΓûêΓûêΓûêΓûî      | 1085/3000 [24:16<31:56,  1.00s/it]
 36%|ΓûêΓûêΓûêΓûî      | 1086/3000 [24:17<30:57,  1.03it/s]
 36%|ΓûêΓûêΓûêΓûî      | 1087/3000 [24:18<29:40,  1.07it/s]
 36%|ΓûêΓûêΓûêΓûï      | 1088/3000 [24:19<32:45,  1.03s/it]
 36%|ΓûêΓûêΓûêΓûï      | 1089/3000 [24:20<32:32,  1.02s/it]
 36%|ΓûêΓûêΓûêΓûï      | 1090/3000 [24:22<44:19,  1.39s/it]
 36%|ΓûêΓûêΓûêΓûï      | 1091/3000 [24:23<38:56,  1.22s/it]
 36%|ΓûêΓûêΓûêΓûï      | 1092/3000 [24:24<41:39,  1.31s/it]
 36%|ΓûêΓûêΓûêΓûï      | 1093/3000 [24:26<42:26,  1.34s/it]
 36%|ΓûêΓûêΓûêΓûï      | 1094/3000 [24:27<41:22,  1.30s/it]
 36%|ΓûêΓûêΓûêΓûï      | 1095/3000 [24:28<36:07,  1.14s/it]
 37%|ΓûêΓûêΓûêΓûï      | 1096/3000 [24:29<35:06,  1.11s/it]
 37%|ΓûêΓûêΓûêΓûï      | 1097/3000 [24:31<42:24,  1.34s/it]
 37%|ΓûêΓûêΓûêΓûï      | 1098/3000 [24:32<39:37,  1.25s/it]
 37%|ΓûêΓûêΓûêΓûï      | 1099/3000 [24:33<38:16,  1.21s/it]
 37%|ΓûêΓûêΓûêΓûï      | 1100/3000 [24:33<32:54,  1.04s/it]
 37%|ΓûêΓûêΓûêΓûï      | 1101/3000 [24:35<36:55,  1.17s/it]
 37%|ΓûêΓûêΓûêΓûï      | 1102/3000 [24:36<36:59,  1.17s/it]
 37%|ΓûêΓûêΓûêΓûï      | 1103/3000 [24:37<36:09,  1.14s/it]
 37%|ΓûêΓûêΓûêΓûï      | 1104/3000 [24:38<34:07,  1.08s/it]
 37%|ΓûêΓûêΓûêΓûï      | 1105/3000 [24:40<38:02,  1.20s/it]
 37%|ΓûêΓûêΓûêΓûï      | 1106/3000 [24:41<39:57,  1.27s/it]
 37%|ΓûêΓûêΓûêΓûï      | 1107/3000 [24:43<46:25,  1.47s/it]
 37%|ΓûêΓûêΓûêΓûï      | 1108/3000 [24:44<40:18,  1.28s/it]
 37%|ΓûêΓûêΓûêΓûï      | 1109/3000 [24:45<36:05,  1.15s/it]
 37%|ΓûêΓûêΓûêΓûï      | 1110/3000 [24:46<35:16,  1.12s/it]
 37%|ΓûêΓûêΓûêΓûï      | 1111/3000 [24:47<38:46,  1.23s/it]
 37%|ΓûêΓûêΓûêΓûï      | 1112/3000 [24:49<42:18,  1.34s/it]
 37%|ΓûêΓûêΓûêΓûï      | 1113/3000 [24:50<37:37,  1.20s/it]
 37%|ΓûêΓûêΓûêΓûï      | 1114/3000 [24:51<39:36,  1.26s/it]
 37%|ΓûêΓûêΓûêΓûï      | 1115/3000 [24:52<38:02,  1.21s/it]
 37%|ΓûêΓûêΓûêΓûï      | 1116/3000 [24:54<41:38,  1.33s/it]
 37%|ΓûêΓûêΓûêΓûï      | 1117/3000 [24:55<38:50,  1.24s/it]
 37%|ΓûêΓûêΓûêΓûï      | 1118/3000 [24:56<35:54,  1.14s/it]
 37%|ΓûêΓûêΓûêΓûï      | 1119/3000 [24:57<38:10,  1.22s/it]
 37%|ΓûêΓûêΓûêΓûï      | 1120/3000 [24:58<39:41,  1.27s/it]
 37%|ΓûêΓûêΓûêΓûï      | 1121/3000 [25:00<42:34,  1.36s/it]
 37%|ΓûêΓûêΓûêΓûï      | 1122/3000 [25:02<44:27,  1.42s/it]
 37%|ΓûêΓûêΓûêΓûï      | 1123/3000 [25:03<42:42,  1.36s/it]
 37%|ΓûêΓûêΓûêΓûï      | 1124/3000 [25:04<41:09,  1.32s/it]
 38%|ΓûêΓûêΓûêΓûè      | 1125/3000 [25:06<44:26,  1.42s/it]
 38%|ΓûêΓûêΓûêΓûè      | 1126/3000 [25:08<47:56,  1.53s/it]
 38%|ΓûêΓûêΓûêΓûè      | 1127/3000 [25:10<52:42,  1.69s/it]
 38%|ΓûêΓûêΓûêΓûè      | 1128/3000 [25:11<50:30,  1.62s/it]
 38%|ΓûêΓûêΓûêΓûè      | 1129/3000 [25:13<49:40,  1.59s/it]
 38%|ΓûêΓûêΓûêΓûè      | 1130/3000 [25:14<48:58,  1.57s/it]
 38%|ΓûêΓûêΓûêΓûè      | 1131/3000 [25:16<49:54,  1.60s/it]
 38%|ΓûêΓûêΓûêΓûè      | 1132/3000 [25:17<45:43,  1.47s/it]
 38%|ΓûêΓûêΓûêΓûè      | 1133/3000 [25:18<43:07,  1.39s/it]
 38%|ΓûêΓûêΓûêΓûè      | 1134/3000 [25:19<38:05,  1.22s/it]
 38%|ΓûêΓûêΓûêΓûè      | 1135/3000 [25:20<36:01,  1.16s/it]
 38%|ΓûêΓûêΓûêΓûè      | 1136/3000 [25:21<34:24,  1.11s/it]
 38%|ΓûêΓûêΓûêΓûè      | 1137/3000 [25:22<31:24,  1.01s/it]
 38%|ΓûêΓûêΓûêΓûè      | 1138/3000 [25:23<36:26,  1.17s/it]
 38%|ΓûêΓûêΓûêΓûè      | 1139/3000 [25:25<44:21,  1.43s/it]
 38%|ΓûêΓûêΓûêΓûè      | 1140/3000 [25:26<40:31,  1.31s/it]
 38%|ΓûêΓûêΓûêΓûè      | 1141/3000 [25:28<44:34,  1.44s/it]
 38%|ΓûêΓûêΓûêΓûè      | 1142/3000 [25:29<40:06,  1.30s/it]
 38%|ΓûêΓûêΓûêΓûè      | 1143/3000 [25:30<35:40,  1.15s/it]
 38%|ΓûêΓûêΓûêΓûè      | 1144/3000 [25:30<30:46,  1.01it/s]
 38%|ΓûêΓûêΓûêΓûè      | 1145/3000 [25:31<27:28,  1.13it/s]
 38%|ΓûêΓûêΓûêΓûè      | 1146/3000 [25:33<32:13,  1.04s/it]
 38%|ΓûêΓûêΓûêΓûè      | 1147/3000 [25:34<36:19,  1.18s/it]
 38%|ΓûêΓûêΓûêΓûè      | 1148/3000 [25:35<35:27,  1.15s/it]
 38%|ΓûêΓûêΓûêΓûè      | 1149/3000 [25:37<39:38,  1.29s/it]
 38%|ΓûêΓûêΓûêΓûè      | 1150/3000 [25:38<35:37,  1.16s/it]
 38%|ΓûêΓûêΓûêΓûè      | 1151/3000 [25:39<34:22,  1.12s/it]
 38%|ΓûêΓûêΓûêΓûè      | 1152/3000 [25:40<33:02,  1.07s/it]
 38%|ΓûêΓûêΓûêΓûè      | 1153/3000 [25:41<40:16,  1.31s/it]
 38%|ΓûêΓûêΓûêΓûè      | 1154/3000 [25:42<38:00,  1.24s/it]
 38%|ΓûêΓûêΓûêΓûè      | 1155/3000 [25:43<33:53,  1.10s/it]
 39%|ΓûêΓûêΓûêΓûè      | 1156/3000 [25:45<39:56,  1.30s/it]
 39%|ΓûêΓûêΓûêΓûè      | 1157/3000 [25:46<40:48,  1.33s/it]
 39%|ΓûêΓûêΓûêΓûè      | 1158/3000 [25:50<1:04:57,  2.12s/it]
 39%|ΓûêΓûêΓûêΓûè      | 1159/3000 [25:52<56:16,  1.83s/it]  
 39%|ΓûêΓûêΓûêΓûè      | 1160/3000 [25:53<54:11,  1.77s/it]
 39%|ΓûêΓûêΓûêΓûè      | 1161/3000 [25:55<58:04,  1.89s/it]
 39%|ΓûêΓûêΓûêΓûè      | 1162/3000 [25:57<58:08,  1.90s/it]
 39%|ΓûêΓûêΓûêΓûë      | 1163/3000 [25:58<48:06,  1.57s/it]
 39%|ΓûêΓûêΓûêΓûë      | 1164/3000 [25:59<41:13,  1.35s/it]
 39%|ΓûêΓûêΓûêΓûë      | 1165/3000 [26:00<38:28,  1.26s/it]
 39%|ΓûêΓûêΓûêΓûë      | 1166/3000 [26:01<34:49,  1.14s/it]
 39%|ΓûêΓûêΓûêΓûë      | 1167/3000 [26:02<32:38,  1.07s/it]
 39%|ΓûêΓûêΓûêΓûë      | 1168/3000 [26:03<32:42,  1.07s/it]
 39%|ΓûêΓûêΓûêΓûë      | 1169/3000 [26:04<30:19,  1.01it/s]
 39%|ΓûêΓûêΓûêΓûë      | 1170/3000 [26:05<37:44,  1.24s/it]
 39%|ΓûêΓûêΓûêΓûë      | 1171/3000 [26:08<46:22,  1.52s/it]
 39%|ΓûêΓûêΓûêΓûë      | 1172/3000 [26:08<38:27,  1.26s/it]
 39%|ΓûêΓûêΓûêΓûë      | 1173/3000 [26:09<36:03,  1.18s/it]
 39%|ΓûêΓûêΓûêΓûë      | 1174/3000 [26:10<36:01,  1.18s/it]
 39%|ΓûêΓûêΓûêΓûë      | 1175/3000 [26:12<37:17,  1.23s/it]
 39%|ΓûêΓûêΓûêΓûë      | 1176/3000 [26:13<34:20,  1.13s/it]
 39%|ΓûêΓûêΓûêΓûë      | 1177/3000 [26:14<33:03,  1.09s/it]
 39%|ΓûêΓûêΓûêΓûë      | 1178/3000 [26:15<36:29,  1.20s/it]
 39%|ΓûêΓûêΓûêΓûë      | 1179/3000 [26:17<43:28,  1.43s/it]
 39%|ΓûêΓûêΓûêΓûë      | 1180/3000 [26:18<36:13,  1.19s/it]
 39%|ΓûêΓûêΓûêΓûë      | 1181/3000 [26:22<1:00:59,  2.01s/it]
 39%|ΓûêΓûêΓûêΓûë      | 1182/3000 [26:24<1:07:07,  2.22s/it]
 39%|ΓûêΓûêΓûêΓûë      | 1183/3000 [26:26<1:02:18,  2.06s/it]
 39%|ΓûêΓûêΓûêΓûë      | 1184/3000 [26:27<53:03,  1.75s/it]  
 40%|ΓûêΓûêΓûêΓûë      | 1185/3000 [26:28<44:37,  1.48s/it]
 40%|ΓûêΓûêΓûêΓûë      | 1186/3000 [26:29<44:28,  1.47s/it]
 40%|ΓûêΓûêΓûêΓûë      | 1187/3000 [26:30<38:28,  1.27s/it]
 40%|ΓûêΓûêΓûêΓûë      | 1188/3000 [26:31<37:06,  1.23s/it]
 40%|ΓûêΓûêΓûêΓûë      | 1189/3000 [26:32<35:36,  1.18s/it]
 40%|ΓûêΓûêΓûêΓûë      | 1190/3000 [26:33<33:53,  1.12s/it]
 40%|ΓûêΓûêΓûêΓûë      | 1191/3000 [26:34<32:37,  1.08s/it]
 40%|ΓûêΓûêΓûêΓûë      | 1192/3000 [26:35<32:06,  1.07s/it]
 40%|ΓûêΓûêΓûêΓûë      | 1193/3000 [26:37<33:23,  1.11s/it]
 40%|ΓûêΓûêΓûêΓûë      | 1194/3000 [26:37<30:58,  1.03s/it]
 40%|ΓûêΓûêΓûêΓûë      | 1195/3000 [26:39<39:31,  1.31s/it]
 40%|ΓûêΓûêΓûêΓûë      | 1196/3000 [26:40<36:44,  1.22s/it]
 40%|ΓûêΓûêΓûêΓûë      | 1197/3000 [26:41<31:50,  1.06s/it]
 40%|ΓûêΓûêΓûêΓûë      | 1198/3000 [26:42<33:58,  1.13s/it]
 40%|ΓûêΓûêΓûêΓûë      | 1199/3000 [26:44<35:27,  1.18s/it]
 40%|ΓûêΓûêΓûêΓûê      | 1200/3000 [26:45<32:20,  1.08s/it]
 40%|ΓûêΓûêΓûêΓûê      | 1201/3000 [26:46<33:04,  1.10s/it]
 40%|ΓûêΓûêΓûêΓûê      | 1202/3000 [26:47<34:19,  1.15s/it]
 40%|ΓûêΓûêΓûêΓûê      | 1203/3000 [26:48<37:57,  1.27s/it]
 40%|ΓûêΓûêΓûêΓûê      | 1204/3000 [26:50<37:42,  1.26s/it]
 40%|ΓûêΓûêΓûêΓûê      | 1205/3000 [26:51<39:09,  1.31s/it]
 40%|ΓûêΓûêΓûêΓûê      | 1206/3000 [26:53<39:38,  1.33s/it]
 40%|ΓûêΓûêΓûêΓûê      | 1207/3000 [26:54<38:22,  1.28s/it]
 40%|ΓûêΓûêΓûêΓûê      | 1208/3000 [26:55<41:31,  1.39s/it]
 40%|ΓûêΓûêΓûêΓûê      | 1209/3000 [26:57<40:29,  1.36s/it]
 40%|ΓûêΓûêΓûêΓûê      | 1210/3000 [26:57<34:05,  1.14s/it]
 40%|ΓûêΓûêΓûêΓûê      | 1211/3000 [26:58<31:36,  1.06s/it]
 40%|ΓûêΓûêΓûêΓûê      | 1212/3000 [26:59<32:55,  1.10s/it]
 40%|ΓûêΓûêΓûêΓûê      | 1213/3000 [27:02<43:05,  1.45s/it]
 40%|ΓûêΓûêΓûêΓûê      | 1214/3000 [27:04<47:51,  1.61s/it]
 40%|ΓûêΓûêΓûêΓûê      | 1215/3000 [27:06<54:42,  1.84s/it]
 41%|ΓûêΓûêΓûêΓûê      | 1216/3000 [27:07<48:20,  1.63s/it]
 41%|ΓûêΓûêΓûêΓûê      | 1217/3000 [27:08<45:07,  1.52s/it]
 41%|ΓûêΓûêΓûêΓûê      | 1218/3000 [27:10<43:37,  1.47s/it]
 41%|ΓûêΓûêΓûêΓûê      | 1219/3000 [27:11<37:51,  1.28s/it]
 41%|ΓûêΓûêΓûêΓûê      | 1220/3000 [27:11<32:13,  1.09s/it]
 41%|ΓûêΓûêΓûêΓûê      | 1221/3000 [27:12<33:08,  1.12s/it]
 41%|ΓûêΓûêΓûêΓûê      | 1222/3000 [27:14<34:31,  1.17s/it]
 41%|ΓûêΓûêΓûêΓûê      | 1223/3000 [27:15<36:59,  1.25s/it]
 41%|ΓûêΓûêΓûêΓûê      | 1224/3000 [27:17<39:33,  1.34s/it]
 41%|ΓûêΓûêΓûêΓûê      | 1225/3000 [27:17<33:30,  1.13s/it]
 41%|ΓûêΓûêΓûêΓûê      | 1226/3000 [27:18<32:31,  1.10s/it]
 41%|ΓûêΓûêΓûêΓûê      | 1227/3000 [27:19<32:01,  1.08s/it]
 41%|ΓûêΓûêΓûêΓûê      | 1228/3000 [27:21<34:06,  1.16s/it]
 41%|ΓûêΓûêΓûêΓûê      | 1229/3000 [27:22<31:16,  1.06s/it]
 41%|ΓûêΓûêΓûêΓûê      | 1230/3000 [27:22<29:36,  1.00s/it]
 41%|ΓûêΓûêΓûêΓûê      | 1231/3000 [27:24<30:58,  1.05s/it]
 41%|ΓûêΓûêΓûêΓûê      | 1232/3000 [27:25<31:34,  1.07s/it]
 41%|ΓûêΓûêΓûêΓûê      | 1233/3000 [27:26<31:00,  1.05s/it]
 41%|ΓûêΓûêΓûêΓûê      | 1234/3000 [27:26<28:49,  1.02it/s]
 41%|ΓûêΓûêΓûêΓûê      | 1235/3000 [27:27<28:59,  1.01it/s]
 41%|ΓûêΓûêΓûêΓûê      | 1236/3000 [27:29<34:01,  1.16s/it]
 41%|ΓûêΓûêΓûêΓûê      | 1237/3000 [27:30<34:41,  1.18s/it]
 41%|ΓûêΓûêΓûêΓûêΓûÅ     | 1238/3000 [27:31<35:03,  1.19s/it]
 41%|ΓûêΓûêΓûêΓûêΓûÅ     | 1239/3000 [27:32<30:17,  1.03s/it]
 41%|ΓûêΓûêΓûêΓûêΓûÅ     | 1240/3000 [27:34<35:16,  1.20s/it]
 41%|ΓûêΓûêΓûêΓûêΓûÅ     | 1241/3000 [27:35<35:11,  1.20s/it]
 41%|ΓûêΓûêΓûêΓûêΓûÅ     | 1242/3000 [27:36<32:56,  1.12s/it]
 41%|ΓûêΓûêΓûêΓûêΓûÅ     | 1243/3000 [27:42<1:14:26,  2.54s/it]
 41%|ΓûêΓûêΓûêΓûêΓûÅ     | 1244/3000 [27:43<1:00:13,  2.06s/it]
 42%|ΓûêΓûêΓûêΓûêΓûÅ     | 1245/3000 [27:45<1:01:47,  2.11s/it]
 42%|ΓûêΓûêΓûêΓûêΓûÅ     | 1246/3000 [27:46<50:27,  1.73s/it]  
 42%|ΓûêΓûêΓûêΓûêΓûÅ     | 1247/3000 [27:47<45:19,  1.55s/it]
 42%|ΓûêΓûêΓûêΓûêΓûÅ     | 1248/3000 [27:48<41:29,  1.42s/it]
 42%|ΓûêΓûêΓûêΓûêΓûÅ     | 1249/3000 [27:49<36:28,  1.25s/it]
 42%|ΓûêΓûêΓûêΓûêΓûÅ     | 1250/3000 [27:50<34:31,  1.18s/it]
 42%|ΓûêΓûêΓûêΓûêΓûÅ     | 1251/3000 [27:52<39:28,  1.35s/it]
 42%|ΓûêΓûêΓûêΓûêΓûÅ     | 1252/3000 [27:52<34:48,  1.19s/it]
 42%|ΓûêΓûêΓûêΓûêΓûÅ     | 1253/3000 [27:53<31:38,  1.09s/it]
 42%|ΓûêΓûêΓûêΓûêΓûÅ     | 1254/3000 [27:54<32:26,  1.11s/it]
 42%|ΓûêΓûêΓûêΓûêΓûÅ     | 1255/3000 [27:55<31:45,  1.09s/it]
 42%|ΓûêΓûêΓûêΓûêΓûÅ     | 1256/3000 [27:57<32:12,  1.11s/it]
 42%|ΓûêΓûêΓûêΓûêΓûÅ     | 1257/3000 [27:58<30:20,  1.04s/it]
 42%|ΓûêΓûêΓûêΓûêΓûÅ     | 1258/3000 [27:59<30:34,  1.05s/it]
 42%|ΓûêΓûêΓûêΓûêΓûÅ     | 1259/3000 [28:00<32:46,  1.13s/it]
 42%|ΓûêΓûêΓûêΓûêΓûÅ     | 1260/3000 [28:01<35:50,  1.24s/it]
 42%|ΓûêΓûêΓûêΓûêΓûÅ     | 1261/3000 [28:03<41:53,  1.45s/it]
 42%|ΓûêΓûêΓûêΓûêΓûÅ     | 1262/3000 [28:04<38:39,  1.33s/it]
 42%|ΓûêΓûêΓûêΓûêΓûÅ     | 1263/3000 [28:05<36:12,  1.25s/it]
 42%|ΓûêΓûêΓûêΓûêΓûÅ     | 1264/3000 [28:07<40:46,  1.41s/it]
 42%|ΓûêΓûêΓûêΓûêΓûÅ     | 1265/3000 [28:08<38:54,  1.35s/it]
 42%|ΓûêΓûêΓûêΓûêΓûÅ     | 1266/3000 [28:09<34:18,  1.19s/it]
 42%|ΓûêΓûêΓûêΓûêΓûÅ     | 1267/3000 [28:11<35:24,  1.23s/it]
 42%|ΓûêΓûêΓûêΓûêΓûÅ     | 1268/3000 [28:11<30:24,  1.05s/it]
 42%|ΓûêΓûêΓûêΓûêΓûÅ     | 1269/3000 [28:13<37:23,  1.30s/it]
 42%|ΓûêΓûêΓûêΓûêΓûÅ     | 1270/3000 [28:14<34:33,  1.20s/it]
 42%|ΓûêΓûêΓûêΓûêΓûÅ     | 1271/3000 [28:16<37:00,  1.28s/it]
 42%|ΓûêΓûêΓûêΓûêΓûÅ     | 1272/3000 [28:17<37:42,  1.31s/it]
 42%|ΓûêΓûêΓûêΓûêΓûÅ     | 1273/3000 [28:19<40:35,  1.41s/it]
 42%|ΓûêΓûêΓûêΓûêΓûÅ     | 1274/3000 [28:20<41:33,  1.44s/it]
 42%|ΓûêΓûêΓûêΓûêΓûÄ     | 1275/3000 [28:21<34:33,  1.20s/it]
 43%|ΓûêΓûêΓûêΓûêΓûÄ     | 1276/3000 [28:22<33:41,  1.17s/it]
 43%|ΓûêΓûêΓûêΓûêΓûÄ     | 1277/3000 [28:23<30:28,  1.06s/it]
 43%|ΓûêΓûêΓûêΓûêΓûÄ     | 1278/3000 [28:24<29:50,  1.04s/it]
 43%|ΓûêΓûêΓûêΓûêΓûÄ     | 1279/3000 [28:25<30:52,  1.08s/it]
 43%|ΓûêΓûêΓûêΓûêΓûÄ     | 1280/3000 [28:26<35:12,  1.23s/it]
 43%|ΓûêΓûêΓûêΓûêΓûÄ     | 1281/3000 [28:30<58:38,  2.05s/it]
 43%|ΓûêΓûêΓûêΓûêΓûÄ     | 1282/3000 [28:31<46:59,  1.64s/it]
 43%|ΓûêΓûêΓûêΓûêΓûÄ     | 1283/3000 [28:33<49:54,  1.74s/it]
 43%|ΓûêΓûêΓûêΓûêΓûÄ     | 1284/3000 [28:35<49:21,  1.73s/it]
 43%|ΓûêΓûêΓûêΓûêΓûÄ     | 1285/3000 [28:35<41:24,  1.45s/it]
 43%|ΓûêΓûêΓûêΓûêΓûÄ     | 1286/3000 [28:37<40:09,  1.41s/it]
 43%|ΓûêΓûêΓûêΓûêΓûÄ     | 1287/3000 [28:38<35:57,  1.26s/it]
 43%|ΓûêΓûêΓûêΓûêΓûÄ     | 1288/3000 [28:39<33:42,  1.18s/it]
 43%|ΓûêΓûêΓûêΓûêΓûÄ     | 1289/3000 [28:40<32:42,  1.15s/it]
 43%|ΓûêΓûêΓûêΓûêΓûÄ     | 1290/3000 [28:41<30:17,  1.06s/it]
 43%|ΓûêΓûêΓûêΓûêΓûÄ     | 1291/3000 [28:42<33:25,  1.17s/it]
 43%|ΓûêΓûêΓûêΓûêΓûÄ     | 1292/3000 [28:43<33:16,  1.17s/it]
 43%|ΓûêΓûêΓûêΓûêΓûÄ     | 1293/3000 [28:44<28:33,  1.00s/it]
 43%|ΓûêΓûêΓûêΓûêΓûÄ     | 1294/3000 [28:45<29:53,  1.05s/it]
 43%|ΓûêΓûêΓûêΓûêΓûÄ     | 1295/3000 [28:48<47:59,  1.69s/it]
 43%|ΓûêΓûêΓûêΓûêΓûÄ     | 1296/3000 [28:49<39:49,  1.40s/it]
 43%|ΓûêΓûêΓûêΓûêΓûÄ     | 1297/3000 [28:50<36:18,  1.28s/it]
 43%|ΓûêΓûêΓûêΓûêΓûÄ     | 1298/3000 [28:51<32:10,  1.13s/it]
 43%|ΓûêΓûêΓûêΓûêΓûÄ     | 1299/3000 [28:52<32:21,  1.14s/it]
 43%|ΓûêΓûêΓûêΓûêΓûÄ     | 1300/3000 [28:53<28:31,  1.01s/it]
 43%|ΓûêΓûêΓûêΓûêΓûÄ     | 1301/3000 [28:54<32:52,  1.16s/it]
 43%|ΓûêΓûêΓûêΓûêΓûÄ     | 1302/3000 [28:58<52:39,  1.86s/it]
 43%|ΓûêΓûêΓûêΓûêΓûÄ     | 1303/3000 [28:58<42:27,  1.50s/it]
 43%|ΓûêΓûêΓûêΓûêΓûÄ     | 1304/3000 [28:59<39:43,  1.41s/it]
 44%|ΓûêΓûêΓûêΓûêΓûÄ     | 1305/3000 [29:01<38:48,  1.37s/it]
 44%|ΓûêΓûêΓûêΓûêΓûÄ     | 1306/3000 [29:03<47:38,  1.69s/it]
 44%|ΓûêΓûêΓûêΓûêΓûÄ     | 1307/3000 [29:05<49:39,  1.76s/it]
 44%|ΓûêΓûêΓûêΓûêΓûÄ     | 1308/3000 [29:06<45:31,  1.61s/it]
 44%|ΓûêΓûêΓûêΓûêΓûÄ     | 1309/3000 [29:08<42:39,  1.51s/it]
 44%|ΓûêΓûêΓûêΓûêΓûÄ     | 1310/3000 [29:09<37:20,  1.33s/it]
 44%|ΓûêΓûêΓûêΓûêΓûÄ     | 1311/3000 [29:09<33:14,  1.18s/it]
 44%|ΓûêΓûêΓûêΓûêΓûÄ     | 1312/3000 [29:11<38:22,  1.36s/it]
 44%|ΓûêΓûêΓûêΓûêΓûì     | 1313/3000 [29:12<32:43,  1.16s/it]
 44%|ΓûêΓûêΓûêΓûêΓûì     | 1314/3000 [29:13<31:27,  1.12s/it]
 44%|ΓûêΓûêΓûêΓûêΓûì     | 1315/3000 [29:14<33:38,  1.20s/it]
 44%|ΓûêΓûêΓûêΓûêΓûì     | 1316/3000 [29:15<33:28,  1.19s/it]
 44%|ΓûêΓûêΓûêΓûêΓûì     | 1317/3000 [29:16<32:17,  1.15s/it]
 44%|ΓûêΓûêΓûêΓûêΓûì     | 1318/3000 [29:17<29:22,  1.05s/it]
 44%|ΓûêΓûêΓûêΓûêΓûì     | 1319/3000 [29:20<40:20,  1.44s/it]
 44%|ΓûêΓûêΓûêΓûêΓûì     | 1320/3000 [29:21<42:03,  1.50s/it]
 44%|ΓûêΓûêΓûêΓûêΓûì     | 1321/3000 [29:24<50:12,  1.79s/it]
 44%|ΓûêΓûêΓûêΓûêΓûì     | 1322/3000 [29:25<44:59,  1.61s/it]
 44%|ΓûêΓûêΓûêΓûêΓûì     | 1323/3000 [29:27<45:01,  1.61s/it]
 44%|ΓûêΓûêΓûêΓûêΓûì     | 1324/3000 [29:27<38:23,  1.37s/it]
 44%|ΓûêΓûêΓûêΓûêΓûì     | 1325/3000 [29:28<35:09,  1.26s/it]
 44%|ΓûêΓûêΓûêΓûêΓûì     | 1326/3000 [29:29<31:59,  1.15s/it]
 44%|ΓûêΓûêΓûêΓûêΓûì     | 1327/3000 [29:30<32:18,  1.16s/it]
 44%|ΓûêΓûêΓûêΓûêΓûì     | 1328/3000 [29:32<32:43,  1.17s/it]
 44%|ΓûêΓûêΓûêΓûêΓûì     | 1329/3000 [29:33<31:24,  1.13s/it]
 44%|ΓûêΓûêΓûêΓûêΓûì     | 1330/3000 [29:34<32:03,  1.15s/it]
 44%|ΓûêΓûêΓûêΓûêΓûì     | 1331/3000 [29:35<29:22,  1.06s/it]
 44%|ΓûêΓûêΓûêΓûêΓûì     | 1332/3000 [29:36<30:33,  1.10s/it]
 44%|ΓûêΓûêΓûêΓûêΓûì     | 1333/3000 [29:37<30:01,  1.08s/it]
 44%|ΓûêΓûêΓûêΓûêΓûì     | 1334/3000 [29:39<37:50,  1.36s/it]
 44%|ΓûêΓûêΓûêΓûêΓûì     | 1335/3000 [29:41<39:58,  1.44s/it]
 45%|ΓûêΓûêΓûêΓûêΓûì     | 1336/3000 [29:42<41:32,  1.50s/it]
 45%|ΓûêΓûêΓûêΓûêΓûì     | 1337/3000 [29:43<36:20,  1.31s/it]
 45%|ΓûêΓûêΓûêΓûêΓûì     | 1338/3000 [29:44<34:36,  1.25s/it]
 45%|ΓûêΓûêΓûêΓûêΓûì     | 1339/3000 [29:46<36:53,  1.33s/it]
 45%|ΓûêΓûêΓûêΓûêΓûì     | 1340/3000 [29:47<32:38,  1.18s/it]
 45%|ΓûêΓûêΓûêΓûêΓûì     | 1341/3000 [29:49<41:29,  1.50s/it]
 45%|ΓûêΓûêΓûêΓûêΓûì     | 1342/3000 [29:50<34:54,  1.26s/it]
 45%|ΓûêΓûêΓûêΓûêΓûì     | 1343/3000 [29:51<34:23,  1.25s/it]
 45%|ΓûêΓûêΓûêΓûêΓûì     | 1344/3000 [29:52<38:13,  1.38s/it]
 45%|ΓûêΓûêΓûêΓûêΓûì     | 1345/3000 [29:53<33:24,  1.21s/it]
 45%|ΓûêΓûêΓûêΓûêΓûì     | 1346/3000 [29:54<31:26,  1.14s/it]
 45%|ΓûêΓûêΓûêΓûêΓûì     | 1347/3000 [29:55<31:22,  1.14s/it]
 45%|ΓûêΓûêΓûêΓûêΓûì     | 1348/3000 [29:56<27:12,  1.01it/s]
 45%|ΓûêΓûêΓûêΓûêΓûì     | 1349/3000 [29:57<24:30,  1.12it/s]
 45%|ΓûêΓûêΓûêΓûêΓûî     | 1350/3000 [29:58<28:53,  1.05s/it]
 45%|ΓûêΓûêΓûêΓûêΓûî     | 1351/3000 [29:59<27:30,  1.00s/it]
 45%|ΓûêΓûêΓûêΓûêΓûî     | 1352/3000 [30:00<28:44,  1.05s/it]
 45%|ΓûêΓûêΓûêΓûêΓûî     | 1353/3000 [30:04<49:34,  1.81s/it]
 45%|ΓûêΓûêΓûêΓûêΓûî     | 1354/3000 [30:06<53:07,  1.94s/it]
 45%|ΓûêΓûêΓûêΓûêΓûî     | 1355/3000 [30:10<1:07:59,  2.48s/it]
 45%|ΓûêΓûêΓûêΓûêΓûî     | 1356/3000 [30:11<59:32,  2.17s/it]  
 45%|ΓûêΓûêΓûêΓûêΓûî     | 1357/3000 [30:13<54:26,  1.99s/it]
 45%|ΓûêΓûêΓûêΓûêΓûî     | 1358/3000 [30:14<47:29,  1.74s/it]
 45%|ΓûêΓûêΓûêΓûêΓûî     | 1359/3000 [30:15<40:41,  1.49s/it]
 45%|ΓûêΓûêΓûêΓûêΓûî     | 1360/3000 [30:16<38:37,  1.41s/it]
 45%|ΓûêΓûêΓûêΓûêΓûî     | 1361/3000 [30:18<40:14,  1.47s/it]
 45%|ΓûêΓûêΓûêΓûêΓûî     | 1362/3000 [30:18<35:07,  1.29s/it]
 45%|ΓûêΓûêΓûêΓûêΓûî     | 1363/3000 [30:19<30:13,  1.11s/it]
 45%|ΓûêΓûêΓûêΓûêΓûî     | 1364/3000 [30:20<28:56,  1.06s/it]
 46%|ΓûêΓûêΓûêΓûêΓûî     | 1365/3000 [30:21<26:07,  1.04it/s]
 46%|ΓûêΓûêΓûêΓûêΓûî     | 1366/3000 [30:22<24:48,  1.10it/s]
 46%|ΓûêΓûêΓûêΓûêΓûî     | 1367/3000 [30:22<23:23,  1.16it/s]
 46%|ΓûêΓûêΓûêΓûêΓûî     | 1368/3000 [30:23<20:41,  1.31it/s]
 46%|ΓûêΓûêΓûêΓûêΓûî     | 1369/3000 [30:24<21:18,  1.28it/s]
 46%|ΓûêΓûêΓûêΓûêΓûî     | 1370/3000 [30:25<28:04,  1.03s/it]
 46%|ΓûêΓûêΓûêΓûêΓûî     | 1371/3000 [30:30<54:26,  2.01s/it]
 46%|ΓûêΓûêΓûêΓûêΓûî     | 1372/3000 [30:31<45:53,  1.69s/it]
 46%|ΓûêΓûêΓûêΓûêΓûî     | 1373/3000 [30:32<42:34,  1.57s/it]
 46%|ΓûêΓûêΓûêΓûêΓûî     | 1374/3000 [30:33<43:14,  1.60s/it]
 46%|ΓûêΓûêΓûêΓûêΓûî     | 1375/3000 [30:36<48:26,  1.79s/it]
 46%|ΓûêΓûêΓûêΓûêΓûî     | 1376/3000 [30:36<39:25,  1.46s/it]
 46%|ΓûêΓûêΓûêΓûêΓûî     | 1377/3000 [30:37<32:39,  1.21s/it]
 46%|ΓûêΓûêΓûêΓûêΓûî     | 1378/3000 [30:38<32:49,  1.21s/it]
 46%|ΓûêΓûêΓûêΓûêΓûî     | 1379/3000 [30:42<56:35,  2.09s/it]
 46%|ΓûêΓûêΓûêΓûêΓûî     | 1380/3000 [30:43<46:11,  1.71s/it]
 46%|ΓûêΓûêΓûêΓûêΓûî     | 1381/3000 [30:44<38:48,  1.44s/it]
 46%|ΓûêΓûêΓûêΓûêΓûî     | 1382/3000 [30:45<32:16,  1.20s/it]
 46%|ΓûêΓûêΓûêΓûêΓûî     | 1383/3000 [30:46<33:37,  1.25s/it]
 46%|ΓûêΓûêΓûêΓûêΓûî     | 1384/3000 [30:47<32:08,  1.19s/it]
 46%|ΓûêΓûêΓûêΓûêΓûî     | 1385/3000 [30:49<34:24,  1.28s/it]
 46%|ΓûêΓûêΓûêΓûêΓûî     | 1386/3000 [30:49<30:54,  1.15s/it]
 46%|ΓûêΓûêΓûêΓûêΓûî     | 1387/3000 [30:51<32:27,  1.21s/it]
 46%|ΓûêΓûêΓûêΓûêΓûï     | 1388/3000 [30:52<30:00,  1.12s/it]
 46%|ΓûêΓûêΓûêΓûêΓûï     | 1389/3000 [30:53<29:35,  1.10s/it]
 46%|ΓûêΓûêΓûêΓûêΓûï     | 1390/3000 [30:54<27:06,  1.01s/it]
 46%|ΓûêΓûêΓûêΓûêΓûï     | 1391/3000 [30:55<30:06,  1.12s/it]
 46%|ΓûêΓûêΓûêΓûêΓûï     | 1392/3000 [30:56<27:32,  1.03s/it]
 46%|ΓûêΓûêΓûêΓûêΓûï     | 1393/3000 [30:57<29:30,  1.10s/it]
 46%|ΓûêΓûêΓûêΓûêΓûï     | 1394/3000 [30:58<29:17,  1.09s/it]
 46%|ΓûêΓûêΓûêΓûêΓûï     | 1395/3000 [30:59<28:59,  1.08s/it]
 47%|ΓûêΓûêΓûêΓûêΓûï     | 1396/3000 [31:00<26:50,  1.00s/it]
 47%|ΓûêΓûêΓûêΓûêΓûï     | 1397/3000 [31:01<25:38,  1.04it/s]
 47%|ΓûêΓûêΓûêΓûêΓûï     | 1398/3000 [31:02<25:13,  1.06it/s]
 47%|ΓûêΓûêΓûêΓûêΓûï     | 1399/3000 [31:03<29:59,  1.12s/it]
 47%|ΓûêΓûêΓûêΓûêΓûï     | 1400/3000 [31:05<32:49,  1.23s/it]
 47%|ΓûêΓûêΓûêΓûêΓûï     | 1401/3000 [31:06<33:11,  1.25s/it]
 47%|ΓûêΓûêΓûêΓûêΓûï     | 1402/3000 [31:08<35:15,  1.32s/it]
 47%|ΓûêΓûêΓûêΓûêΓûï     | 1403/3000 [31:08<31:02,  1.17s/it]
 47%|ΓûêΓûêΓûêΓûêΓûï     | 1404/3000 [31:10<37:36,  1.41s/it]
 47%|ΓûêΓûêΓûêΓûêΓûï     | 1405/3000 [31:12<36:20,  1.37s/it]
 47%|ΓûêΓûêΓûêΓûêΓûï     | 1406/3000 [31:12<31:49,  1.20s/it]
 47%|ΓûêΓûêΓûêΓûêΓûï     | 1407/3000 [31:13<30:28,  1.15s/it]
 47%|ΓûêΓûêΓûêΓûêΓûï     | 1408/3000 [31:15<30:42,  1.16s/it]
 47%|ΓûêΓûêΓûêΓûêΓûï     | 1409/3000 [31:16<29:18,  1.11s/it]
 47%|ΓûêΓûêΓûêΓûêΓûï     | 1410/3000 [31:17<32:37,  1.23s/it]
 47%|ΓûêΓûêΓûêΓûêΓûï     | 1411/3000 [31:19<34:47,  1.31s/it]
 47%|ΓûêΓûêΓûêΓûêΓûï     | 1412/3000 [31:19<30:41,  1.16s/it]
 47%|ΓûêΓûêΓûêΓûêΓûï     | 1413/3000 [31:21<30:57,  1.17s/it]
 47%|ΓûêΓûêΓûêΓûêΓûï     | 1414/3000 [31:21<26:44,  1.01s/it]
 47%|ΓûêΓûêΓûêΓûêΓûï     | 1415/3000 [31:22<28:32,  1.08s/it]
 47%|ΓûêΓûêΓûêΓûêΓûï     | 1416/3000 [31:23<25:00,  1.06it/s]
 47%|ΓûêΓûêΓûêΓûêΓûï     | 1417/3000 [31:25<28:27,  1.08s/it]
 47%|ΓûêΓûêΓûêΓûêΓûï     | 1418/3000 [31:26<34:32,  1.31s/it]
 47%|ΓûêΓûêΓûêΓûêΓûï     | 1419/3000 [31:27<29:36,  1.12s/it]
 47%|ΓûêΓûêΓûêΓûêΓûï     | 1420/3000 [31:28<29:45,  1.13s/it]
 47%|ΓûêΓûêΓûêΓûêΓûï     | 1421/3000 [31:30<31:50,  1.21s/it]
 47%|ΓûêΓûêΓûêΓûêΓûï     | 1422/3000 [31:31<36:08,  1.37s/it]
 47%|ΓûêΓûêΓûêΓûêΓûï     | 1423/3000 [31:34<48:30,  1.85s/it]
 47%|ΓûêΓûêΓûêΓûêΓûï     | 1424/3000 [31:35<42:41,  1.63s/it]
 48%|ΓûêΓûêΓûêΓûêΓûè     | 1425/3000 [31:37<39:15,  1.50s/it]
 48%|ΓûêΓûêΓûêΓûêΓûè     | 1426/3000 [31:37<32:27,  1.24s/it]
 48%|ΓûêΓûêΓûêΓûêΓûè     | 1427/3000 [31:38<30:29,  1.16s/it]
 48%|ΓûêΓûêΓûêΓûêΓûè     | 1428/3000 [31:39<30:44,  1.17s/it]
 48%|ΓûêΓûêΓûêΓûêΓûè     | 1429/3000 [31:41<30:34,  1.17s/it]
 48%|ΓûêΓûêΓûêΓûêΓûè     | 1430/3000 [31:43<36:40,  1.40s/it]
 48%|ΓûêΓûêΓûêΓûêΓûè     | 1431/3000 [31:43<32:03,  1.23s/it]
 48%|ΓûêΓûêΓûêΓûêΓûè     | 1432/3000 [31:45<34:46,  1.33s/it]
 48%|ΓûêΓûêΓûêΓûêΓûè     | 1433/3000 [31:48<50:17,  1.93s/it]
 48%|ΓûêΓûêΓûêΓûêΓûè     | 1434/3000 [31:49<43:15,  1.66s/it]
 48%|ΓûêΓûêΓûêΓûêΓûè     | 1435/3000 [31:50<38:17,  1.47s/it]
 48%|ΓûêΓûêΓûêΓûêΓûè     | 1436/3000 [31:52<36:48,  1.41s/it]
 48%|ΓûêΓûêΓûêΓûêΓûè     | 1437/3000 [31:53<36:17,  1.39s/it]
 48%|ΓûêΓûêΓûêΓûêΓûè     | 1438/3000 [31:54<32:57,  1.27s/it]
 48%|ΓûêΓûêΓûêΓûêΓûè     | 1439/3000 [31:55<30:03,  1.16s/it]
 48%|ΓûêΓûêΓûêΓûêΓûè     | 1440/3000 [31:56<27:37,  1.06s/it]
 48%|ΓûêΓûêΓûêΓûêΓûè     | 1441/3000 [31:57<30:02,  1.16s/it]
 48%|ΓûêΓûêΓûêΓûêΓûè     | 1442/3000 [31:58<29:59,  1.16s/it]
 48%|ΓûêΓûêΓûêΓûêΓûè     | 1443/3000 [31:59<26:24,  1.02s/it]
 48%|ΓûêΓûêΓûêΓûêΓûè     | 1444/3000 [32:01<34:20,  1.32s/it]
 48%|ΓûêΓûêΓûêΓûêΓûè     | 1445/3000 [32:02<33:10,  1.28s/it]
 48%|ΓûêΓûêΓûêΓûêΓûè     | 1446/3000 [32:03<29:43,  1.15s/it]
 48%|ΓûêΓûêΓûêΓûêΓûè     | 1447/3000 [32:04<26:12,  1.01s/it]
 48%|ΓûêΓûêΓûêΓûêΓûè     | 1448/3000 [32:04<23:52,  1.08it/s]
 48%|ΓûêΓûêΓûêΓûêΓûè     | 1449/3000 [32:06<32:07,  1.24s/it]
 48%|ΓûêΓûêΓûêΓûêΓûè     | 1450/3000 [32:07<30:11,  1.17s/it]
 48%|ΓûêΓûêΓûêΓûêΓûè     | 1451/3000 [32:08<28:43,  1.11s/it]
 48%|ΓûêΓûêΓûêΓûêΓûè     | 1452/3000 [32:09<25:23,  1.02it/s]
 48%|ΓûêΓûêΓûêΓûêΓûè     | 1453/3000 [32:10<25:11,  1.02it/s]
 48%|ΓûêΓûêΓûêΓûêΓûè     | 1454/3000 [32:11<29:02,  1.13s/it]
 48%|ΓûêΓûêΓûêΓûêΓûè     | 1455/3000 [32:13<34:56,  1.36s/it]
 49%|ΓûêΓûêΓûêΓûêΓûè     | 1456/3000 [32:15<37:15,  1.45s/it]
 49%|ΓûêΓûêΓûêΓûêΓûè     | 1457/3000 [32:16<37:15,  1.45s/it]
 49%|ΓûêΓûêΓûêΓûêΓûè     | 1458/3000 [32:18<35:54,  1.40s/it]
 49%|ΓûêΓûêΓûêΓûêΓûè     | 1459/3000 [32:19<33:37,  1.31s/it]
 49%|ΓûêΓûêΓûêΓûêΓûè     | 1460/3000 [32:20<34:01,  1.33s/it]
 49%|ΓûêΓûêΓûêΓûêΓûè     | 1461/3000 [32:24<51:25,  2.00s/it]
 49%|ΓûêΓûêΓûêΓûêΓûè     | 1462/3000 [32:25<42:26,  1.66s/it]
 49%|ΓûêΓûêΓûêΓûêΓûë     | 1463/3000 [32:26<39:03,  1.52s/it]
 49%|ΓûêΓûêΓûêΓûêΓûë     | 1464/3000 [32:27<39:03,  1.53s/it]
 49%|ΓûêΓûêΓûêΓûêΓûë     | 1465/3000 [32:28<34:07,  1.33s/it]
 49%|ΓûêΓûêΓûêΓûêΓûë     | 1466/3000 [32:29<32:32,  1.27s/it]
 49%|ΓûêΓûêΓûêΓûêΓûë     | 1467/3000 [32:31<32:38,  1.28s/it]
 49%|ΓûêΓûêΓûêΓûêΓûë     | 1468/3000 [32:31<28:00,  1.10s/it]
 49%|ΓûêΓûêΓûêΓûêΓûë     | 1469/3000 [32:32<26:45,  1.05s/it]
 49%|ΓûêΓûêΓûêΓûêΓûë     | 1470/3000 [32:34<31:35,  1.24s/it]
 49%|ΓûêΓûêΓûêΓûêΓûë     | 1471/3000 [32:37<45:33,  1.79s/it]
 49%|ΓûêΓûêΓûêΓûêΓûë     | 1472/3000 [32:38<38:04,  1.50s/it]
 49%|ΓûêΓûêΓûêΓûêΓûë     | 1473/3000 [32:39<34:20,  1.35s/it]
 49%|ΓûêΓûêΓûêΓûêΓûë     | 1474/3000 [32:40<32:56,  1.30s/it]
 49%|ΓûêΓûêΓûêΓûêΓûë     | 1475/3000 [32:42<36:28,  1.44s/it]
 49%|ΓûêΓûêΓûêΓûêΓûë     | 1476/3000 [32:43<33:10,  1.31s/it]
 49%|ΓûêΓûêΓûêΓûêΓûë     | 1477/3000 [32:43<28:24,  1.12s/it]
 49%|ΓûêΓûêΓûêΓûêΓûë     | 1478/3000 [32:45<35:10,  1.39s/it]
 49%|ΓûêΓûêΓûêΓûêΓûë     | 1479/3000 [32:47<39:13,  1.55s/it]
 49%|ΓûêΓûêΓûêΓûêΓûë     | 1480/3000 [32:48<32:14,  1.27s/it]
 49%|ΓûêΓûêΓûêΓûêΓûë     | 1481/3000 [32:50<37:08,  1.47s/it]
 49%|ΓûêΓûêΓûêΓûêΓûë     | 1482/3000 [32:51<33:32,  1.33s/it]
 49%|ΓûêΓûêΓûêΓûêΓûë     | 1483/3000 [32:53<38:14,  1.51s/it]
 49%|ΓûêΓûêΓûêΓûêΓûë     | 1484/3000 [32:54<35:37,  1.41s/it]
 50%|ΓûêΓûêΓûêΓûêΓûë     | 1485/3000 [32:55<31:29,  1.25s/it]
 50%|ΓûêΓûêΓûêΓûêΓûë     | 1486/3000 [32:56<33:07,  1.31s/it]
 50%|ΓûêΓûêΓûêΓûêΓûë     | 1487/3000 [32:58<36:18,  1.44s/it]
 50%|ΓûêΓûêΓûêΓûêΓûë     | 1488/3000 [33:00<40:04,  1.59s/it]
 50%|ΓûêΓûêΓûêΓûêΓûë     | 1489/3000 [33:02<40:26,  1.61s/it]
 50%|ΓûêΓûêΓûêΓûêΓûë     | 1490/3000 [33:03<41:15,  1.64s/it]
 50%|ΓûêΓûêΓûêΓûêΓûë     | 1491/3000 [33:07<52:49,  2.10s/it]
 50%|ΓûêΓûêΓûêΓûêΓûë     | 1492/3000 [33:08<46:00,  1.83s/it]
 50%|ΓûêΓûêΓûêΓûêΓûë     | 1493/3000 [33:09<38:18,  1.53s/it]
 50%|ΓûêΓûêΓûêΓûêΓûë     | 1494/3000 [33:09<32:01,  1.28s/it]
 50%|ΓûêΓûêΓûêΓûêΓûë     | 1495/3000 [33:10<30:30,  1.22s/it]
 50%|ΓûêΓûêΓûêΓûêΓûë     | 1496/3000 [33:11<27:47,  1.11s/it]
 50%|ΓûêΓûêΓûêΓûêΓûë     | 1497/3000 [33:14<40:28,  1.62s/it]
 50%|ΓûêΓûêΓûêΓûêΓûë     | 1498/3000 [33:16<42:11,  1.69s/it]
 50%|ΓûêΓûêΓûêΓûêΓûë     | 1499/3000 [33:17<40:14,  1.61s/it]
 50%|ΓûêΓûêΓûêΓûêΓûê     | 1500/3000 [33:18<36:44,  1.47s/it]
 50%|ΓûêΓûêΓûêΓûêΓûê     | 1501/3000 [33:21<41:31,  1.66s/it]
 50%|ΓûêΓûêΓûêΓûêΓûê     | 1502/3000 [33:22<38:09,  1.53s/it]
 50%|ΓûêΓûêΓûêΓûêΓûê     | 1503/3000 [33:24<46:43,  1.87s/it]
 50%|ΓûêΓûêΓûêΓûêΓûê     | 1504/3000 [33:26<46:48,  1.88s/it]
 50%|ΓûêΓûêΓûêΓûêΓûê     | 1505/3000 [33:28<41:40,  1.67s/it]
 50%|ΓûêΓûêΓûêΓûêΓûê     | 1506/3000 [33:29<42:57,  1.73s/it]
 50%|ΓûêΓûêΓûêΓûêΓûê     | 1507/3000 [33:31<39:06,  1.57s/it]
 50%|ΓûêΓûêΓûêΓûêΓûê     | 1508/3000 [33:32<38:05,  1.53s/it]
 50%|ΓûêΓûêΓûêΓûêΓûê     | 1509/3000 [33:33<33:24,  1.34s/it]
 50%|ΓûêΓûêΓûêΓûêΓûê     | 1510/3000 [33:34<28:56,  1.17s/it]
 50%|ΓûêΓûêΓûêΓûêΓûê     | 1511/3000 [33:35<31:25,  1.27s/it]
 50%|ΓûêΓûêΓûêΓûêΓûê     | 1512/3000 [33:36<29:43,  1.20s/it]
 50%|ΓûêΓûêΓûêΓûêΓûê     | 1513/3000 [33:37<24:45,  1.00it/s]
 50%|ΓûêΓûêΓûêΓûêΓûê     | 1514/3000 [33:38<24:35,  1.01it/s]
 50%|ΓûêΓûêΓûêΓûêΓûê     | 1515/3000 [33:39<26:28,  1.07s/it]
 51%|ΓûêΓûêΓûêΓûêΓûê     | 1516/3000 [33:40<28:39,  1.16s/it]
 51%|ΓûêΓûêΓûêΓûêΓûê     | 1517/3000 [33:41<26:56,  1.09s/it]
 51%|ΓûêΓûêΓûêΓûêΓûê     | 1518/3000 [33:42<24:20,  1.01it/s]
 51%|ΓûêΓûêΓûêΓûêΓûê     | 1519/3000 [33:43<21:03,  1.17it/s]
 51%|ΓûêΓûêΓûêΓûêΓûê     | 1520/3000 [33:45<31:40,  1.28s/it]
 51%|ΓûêΓûêΓûêΓûêΓûê     | 1521/3000 [33:46<29:10,  1.18s/it]
 51%|ΓûêΓûêΓûêΓûêΓûê     | 1522/3000 [33:47<26:49,  1.09s/it]
 51%|ΓûêΓûêΓûêΓûêΓûê     | 1523/3000 [33:48<27:24,  1.11s/it]
 51%|ΓûêΓûêΓûêΓûêΓûê     | 1524/3000 [33:51<39:31,  1.61s/it]
 51%|ΓûêΓûêΓûêΓûêΓûê     | 1525/3000 [33:51<33:22,  1.36s/it]
 51%|ΓûêΓûêΓûêΓûêΓûê     | 1526/3000 [33:53<34:42,  1.41s/it]
 51%|ΓûêΓûêΓûêΓûêΓûê     | 1527/3000 [33:55<38:20,  1.56s/it]
 51%|ΓûêΓûêΓûêΓûêΓûê     | 1528/3000 [33:56<32:09,  1.31s/it]
 51%|ΓûêΓûêΓûêΓûêΓûê     | 1529/3000 [33:56<28:49,  1.18s/it]
 51%|ΓûêΓûêΓûêΓûêΓûê     | 1530/3000 [33:57<27:37,  1.13s/it]
 51%|ΓûêΓûêΓûêΓûêΓûê     | 1531/3000 [33:58<25:29,  1.04s/it]
 51%|ΓûêΓûêΓûêΓûêΓûê     | 1532/3000 [33:59<24:37,  1.01s/it]
 51%|ΓûêΓûêΓûêΓûêΓûê     | 1533/3000 [34:00<24:27,  1.00s/it]
 51%|ΓûêΓûêΓûêΓûêΓûê     | 1534/3000 [34:02<29:06,  1.19s/it]
 51%|ΓûêΓûêΓûêΓûêΓûê     | 1535/3000 [34:03<25:41,  1.05s/it]
 51%|ΓûêΓûêΓûêΓûêΓûê     | 1536/3000 [34:04<29:15,  1.20s/it]
 51%|ΓûêΓûêΓûêΓûêΓûê     | 1537/3000 [34:05<26:05,  1.07s/it]
 51%|ΓûêΓûêΓûêΓûêΓûêΓûÅ    | 1538/3000 [34:06<25:04,  1.03s/it]
 51%|ΓûêΓûêΓûêΓûêΓûêΓûÅ    | 1539/3000 [34:07<25:41,  1.05s/it]
 51%|ΓûêΓûêΓûêΓûêΓûêΓûÅ    | 1540/3000 [34:08<26:54,  1.11s/it]
 51%|ΓûêΓûêΓûêΓûêΓûêΓûÅ    | 1541/3000 [34:09<24:14,  1.00it/s]
 51%|ΓûêΓûêΓûêΓûêΓûêΓûÅ    | 1542/3000 [34:10<23:34,  1.03it/s]
 51%|ΓûêΓûêΓûêΓûêΓûêΓûÅ    | 1543/3000 [34:11<22:53,  1.06it/s]
 51%|ΓûêΓûêΓûêΓûêΓûêΓûÅ    | 1544/3000 [34:12<23:11,  1.05it/s]
 52%|ΓûêΓûêΓûêΓûêΓûêΓûÅ    | 1545/3000 [34:15<40:21,  1.66s/it]
 52%|ΓûêΓûêΓûêΓûêΓûêΓûÅ    | 1546/3000 [34:16<32:22,  1.34s/it]
 52%|ΓûêΓûêΓûêΓûêΓûêΓûÅ    | 1547/3000 [34:16<28:26,  1.17s/it]
 52%|ΓûêΓûêΓûêΓûêΓûêΓûÅ    | 1548/3000 [34:17<26:01,  1.08s/it]
 52%|ΓûêΓûêΓûêΓûêΓûêΓûÅ    | 1549/3000 [34:18<26:17,  1.09s/it]
 52%|ΓûêΓûêΓûêΓûêΓûêΓûÅ    | 1550/3000 [34:19<24:58,  1.03s/it]
 52%|ΓûêΓûêΓûêΓûêΓûêΓûÅ    | 1551/3000 [34:21<27:41,  1.15s/it]
 52%|ΓûêΓûêΓûêΓûêΓûêΓûÅ    | 1552/3000 [34:22<26:44,  1.11s/it]
 52%|ΓûêΓûêΓûêΓûêΓûêΓûÅ    | 1553/3000 [34:24<34:26,  1.43s/it]
 52%|ΓûêΓûêΓûêΓûêΓûêΓûÅ    | 1554/3000 [34:26<36:27,  1.51s/it]
 52%|ΓûêΓûêΓûêΓûêΓûêΓûÅ    | 1555/3000 [34:27<33:40,  1.40s/it]
 52%|ΓûêΓûêΓûêΓûêΓûêΓûÅ    | 1556/3000 [34:28<29:42,  1.23s/it]
 52%|ΓûêΓûêΓûêΓûêΓûêΓûÅ    | 1557/3000 [34:28<25:54,  1.08s/it]
 52%|ΓûêΓûêΓûêΓûêΓûêΓûÅ    | 1558/3000 [34:29<25:33,  1.06s/it]
 52%|ΓûêΓûêΓûêΓûêΓûêΓûÅ    | 1559/3000 [34:30<22:50,  1.05it/s]
 52%|ΓûêΓûêΓûêΓûêΓûêΓûÅ    | 1560/3000 [34:31<24:14,  1.01s/it]
 52%|ΓûêΓûêΓûêΓûêΓûêΓûÅ    | 1561/3000 [34:32<26:51,  1.12s/it]
 52%|ΓûêΓûêΓûêΓûêΓûêΓûÅ    | 1562/3000 [34:34<29:57,  1.25s/it]
 52%|ΓûêΓûêΓûêΓûêΓûêΓûÅ    | 1563/3000 [34:36<35:40,  1.49s/it]
 52%|ΓûêΓûêΓûêΓûêΓûêΓûÅ    | 1564/3000 [34:37<32:16,  1.35s/it]
 52%|ΓûêΓûêΓûêΓûêΓûêΓûÅ    | 1565/3000 [34:39<35:20,  1.48s/it]
 52%|ΓûêΓûêΓûêΓûêΓûêΓûÅ    | 1566/3000 [34:40<35:05,  1.47s/it]
 52%|ΓûêΓûêΓûêΓûêΓûêΓûÅ    | 1567/3000 [34:42<35:50,  1.50s/it]
 52%|ΓûêΓûêΓûêΓûêΓûêΓûÅ    | 1568/3000 [34:43<33:18,  1.40s/it]
 52%|ΓûêΓûêΓûêΓûêΓûêΓûÅ    | 1569/3000 [34:45<35:10,  1.47s/it]
 52%|ΓûêΓûêΓûêΓûêΓûêΓûÅ    | 1570/3000 [34:46<34:40,  1.46s/it]
 52%|ΓûêΓûêΓûêΓûêΓûêΓûÅ    | 1571/3000 [34:49<46:23,  1.95s/it]
 52%|ΓûêΓûêΓûêΓûêΓûêΓûÅ    | 1572/3000 [34:51<48:41,  2.05s/it]
 52%|ΓûêΓûêΓûêΓûêΓûêΓûÅ    | 1573/3000 [34:52<40:48,  1.72s/it]
 52%|ΓûêΓûêΓûêΓûêΓûêΓûÅ    | 1574/3000 [34:54<39:05,  1.65s/it]
 52%|ΓûêΓûêΓûêΓûêΓûêΓûÄ    | 1575/3000 [34:55<36:37,  1.54s/it]
 53%|ΓûêΓûêΓûêΓûêΓûêΓûÄ    | 1576/3000 [34:57<37:07,  1.56s/it]
 53%|ΓûêΓûêΓûêΓûêΓûêΓûÄ    | 1577/3000 [34:58<34:31,  1.46s/it]
 53%|ΓûêΓûêΓûêΓûêΓûêΓûÄ    | 1578/3000 [34:59<31:44,  1.34s/it]
 53%|ΓûêΓûêΓûêΓûêΓûêΓûÄ    | 1579/3000 [35:00<29:40,  1.25s/it]
 53%|ΓûêΓûêΓûêΓûêΓûêΓûÄ    | 1580/3000 [35:01<29:07,  1.23s/it]
 53%|ΓûêΓûêΓûêΓûêΓûêΓûÄ    | 1581/3000 [35:03<33:32,  1.42s/it]
 53%|ΓûêΓûêΓûêΓûêΓûêΓûÄ    | 1582/3000 [35:05<34:00,  1.44s/it]
 53%|ΓûêΓûêΓûêΓûêΓûêΓûÄ    | 1583/3000 [35:06<31:15,  1.32s/it]
 53%|ΓûêΓûêΓûêΓûêΓûêΓûÄ    | 1584/3000 [35:07<31:09,  1.32s/it]
 53%|ΓûêΓûêΓûêΓûêΓûêΓûÄ    | 1585/3000 [35:08<27:49,  1.18s/it]
 53%|ΓûêΓûêΓûêΓûêΓûêΓûÄ    | 1586/3000 [35:09<30:29,  1.29s/it]
 53%|ΓûêΓûêΓûêΓûêΓûêΓûÄ    | 1587/3000 [35:11<29:42,  1.26s/it]
 53%|ΓûêΓûêΓûêΓûêΓûêΓûÄ    | 1588/3000 [35:12<32:42,  1.39s/it]
 53%|ΓûêΓûêΓûêΓûêΓûêΓûÄ    | 1589/3000 [35:13<28:43,  1.22s/it]
 53%|ΓûêΓûêΓûêΓûêΓûêΓûÄ    | 1590/3000 [35:14<24:41,  1.05s/it]
 53%|ΓûêΓûêΓûêΓûêΓûêΓûÄ    | 1591/3000 [35:15<23:21,  1.01it/s]
 53%|ΓûêΓûêΓûêΓûêΓûêΓûÄ    | 1592/3000 [35:15<22:07,  1.06it/s]
 53%|ΓûêΓûêΓûêΓûêΓûêΓûÄ    | 1593/3000 [35:16<22:05,  1.06it/s]
 53%|ΓûêΓûêΓûêΓûêΓûêΓûÄ    | 1594/3000 [35:18<27:59,  1.19s/it]
 53%|ΓûêΓûêΓûêΓûêΓûêΓûÄ    | 1595/3000 [35:20<29:22,  1.25s/it]
 53%|ΓûêΓûêΓûêΓûêΓûêΓûÄ    | 1596/3000 [35:20<25:20,  1.08s/it]
 53%|ΓûêΓûêΓûêΓûêΓûêΓûÄ    | 1597/3000 [35:21<22:22,  1.04it/s]
 53%|ΓûêΓûêΓûêΓûêΓûêΓûÄ    | 1598/3000 [35:22<20:38,  1.13it/s]
 53%|ΓûêΓûêΓûêΓûêΓûêΓûÄ    | 1599/3000 [35:23<20:25,  1.14it/s]
 53%|ΓûêΓûêΓûêΓûêΓûêΓûÄ    | 1600/3000 [35:23<20:33,  1.14it/s]
 53%|ΓûêΓûêΓûêΓûêΓûêΓûÄ    | 1601/3000 [35:25<24:51,  1.07s/it]
 53%|ΓûêΓûêΓûêΓûêΓûêΓûÄ    | 1602/3000 [35:26<23:17,  1.00it/s]
 53%|ΓûêΓûêΓûêΓûêΓûêΓûÄ    | 1603/3000 [35:27<23:50,  1.02s/it]
 53%|ΓûêΓûêΓûêΓûêΓûêΓûÄ    | 1604/3000 [35:28<21:45,  1.07it/s]
 54%|ΓûêΓûêΓûêΓûêΓûêΓûÄ    | 1605/3000 [35:28<21:23,  1.09it/s]
 54%|ΓûêΓûêΓûêΓûêΓûêΓûÄ    | 1606/3000 [35:31<30:26,  1.31s/it]
 54%|ΓûêΓûêΓûêΓûêΓûêΓûÄ    | 1607/3000 [35:31<27:03,  1.17s/it]
 54%|ΓûêΓûêΓûêΓûêΓûêΓûÄ    | 1608/3000 [35:32<25:51,  1.11s/it]
 54%|ΓûêΓûêΓûêΓûêΓûêΓûÄ    | 1609/3000 [35:34<25:19,  1.09s/it]
 54%|ΓûêΓûêΓûêΓûêΓûêΓûÄ    | 1610/3000 [35:34<22:51,  1.01it/s]
 54%|ΓûêΓûêΓûêΓûêΓûêΓûÄ    | 1611/3000 [35:36<28:58,  1.25s/it]
 54%|ΓûêΓûêΓûêΓûêΓûêΓûÄ    | 1612/3000 [35:37<27:19,  1.18s/it]
 54%|ΓûêΓûêΓûêΓûêΓûêΓûì    | 1613/3000 [35:38<25:37,  1.11s/it]
 54%|ΓûêΓûêΓûêΓûêΓûêΓûì    | 1614/3000 [35:40<30:50,  1.33s/it]
 54%|ΓûêΓûêΓûêΓûêΓûêΓûì    | 1615/3000 [35:41<26:51,  1.16s/it]
 54%|ΓûêΓûêΓûêΓûêΓûêΓûì    | 1616/3000 [35:42<28:58,  1.26s/it]
 54%|ΓûêΓûêΓûêΓûêΓûêΓûì    | 1617/3000 [35:43<25:08,  1.09s/it]
 54%|ΓûêΓûêΓûêΓûêΓûêΓûì    | 1618/3000 [35:44<23:35,  1.02s/it]
 54%|ΓûêΓûêΓûêΓûêΓûêΓûì    | 1619/3000 [35:45<24:15,  1.05s/it]
 54%|ΓûêΓûêΓûêΓûêΓûêΓûì    | 1620/3000 [35:46<25:20,  1.10s/it]
 54%|ΓûêΓûêΓûêΓûêΓûêΓûì    | 1621/3000 [35:47<27:15,  1.19s/it]
 54%|ΓûêΓûêΓûêΓûêΓûêΓûì    | 1622/3000 [35:50<37:38,  1.64s/it]
 54%|ΓûêΓûêΓûêΓûêΓûêΓûì    | 1623/3000 [35:51<31:16,  1.36s/it]
 54%|ΓûêΓûêΓûêΓûêΓûêΓûì    | 1624/3000 [35:52<30:57,  1.35s/it]
 54%|ΓûêΓûêΓûêΓûêΓûêΓûì    | 1625/3000 [35:54<30:24,  1.33s/it]
 54%|ΓûêΓûêΓûêΓûêΓûêΓûì    | 1626/3000 [35:56<35:05,  1.53s/it]
 54%|ΓûêΓûêΓûêΓûêΓûêΓûì    | 1627/3000 [35:57<32:07,  1.40s/it]
 54%|ΓûêΓûêΓûêΓûêΓûêΓûì    | 1628/3000 [35:58<31:27,  1.38s/it]
 54%|ΓûêΓûêΓûêΓûêΓûêΓûì    | 1629/3000 [36:00<35:17,  1.54s/it]
 54%|ΓûêΓûêΓûêΓûêΓûêΓûì    | 1630/3000 [36:02<40:39,  1.78s/it]
 54%|ΓûêΓûêΓûêΓûêΓûêΓûì    | 1631/3000 [36:03<35:29,  1.56s/it]
 54%|ΓûêΓûêΓûêΓûêΓûêΓûì    | 1632/3000 [36:04<33:29,  1.47s/it]
 54%|ΓûêΓûêΓûêΓûêΓûêΓûì    | 1633/3000 [36:06<31:08,  1.37s/it]
 54%|ΓûêΓûêΓûêΓûêΓûêΓûì    | 1634/3000 [36:07<34:12,  1.50s/it]
 55%|ΓûêΓûêΓûêΓûêΓûêΓûì    | 1635/3000 [36:09<32:25,  1.43s/it]
 55%|ΓûêΓûêΓûêΓûêΓûêΓûì    | 1636/3000 [36:11<37:43,  1.66s/it]
 55%|ΓûêΓûêΓûêΓûêΓûêΓûì    | 1637/3000 [36:12<33:46,  1.49s/it]
 55%|ΓûêΓûêΓûêΓûêΓûêΓûì    | 1638/3000 [36:13<30:57,  1.36s/it]
 55%|ΓûêΓûêΓûêΓûêΓûêΓûì    | 1639/3000 [36:14<28:06,  1.24s/it]
 55%|ΓûêΓûêΓûêΓûêΓûêΓûì    | 1640/3000 [36:15<26:56,  1.19s/it]
 55%|ΓûêΓûêΓûêΓûêΓûêΓûì    | 1641/3000 [36:16<26:46,  1.18s/it]
 55%|ΓûêΓûêΓûêΓûêΓûêΓûì    | 1642/3000 [36:18<29:53,  1.32s/it]
 55%|ΓûêΓûêΓûêΓûêΓûêΓûì    | 1643/3000 [36:19<25:50,  1.14s/it]
 55%|ΓûêΓûêΓûêΓûêΓûêΓûì    | 1644/3000 [36:20<30:10,  1.34s/it]
 55%|ΓûêΓûêΓûêΓûêΓûêΓûì    | 1645/3000 [36:21<28:03,  1.24s/it]
 55%|ΓûêΓûêΓûêΓûêΓûêΓûì    | 1646/3000 [36:23<28:29,  1.26s/it]
 55%|ΓûêΓûêΓûêΓûêΓûêΓûì    | 1647/3000 [36:23<25:01,  1.11s/it]
 55%|ΓûêΓûêΓûêΓûêΓûêΓûì    | 1648/3000 [36:25<24:23,  1.08s/it]
 55%|ΓûêΓûêΓûêΓûêΓûêΓûì    | 1649/3000 [36:26<24:25,  1.08s/it]
 55%|ΓûêΓûêΓûêΓûêΓûêΓûî    | 1650/3000 [36:27<25:30,  1.13s/it]
 55%|ΓûêΓûêΓûêΓûêΓûêΓûî    | 1651/3000 [36:27<22:14,  1.01it/s]
 55%|ΓûêΓûêΓûêΓûêΓûêΓûî    | 1652/3000 [36:29<27:22,  1.22s/it]
 55%|ΓûêΓûêΓûêΓûêΓûêΓûî    | 1653/3000 [36:31<33:44,  1.50s/it]
 55%|ΓûêΓûêΓûêΓûêΓûêΓûî    | 1654/3000 [36:33<32:56,  1.47s/it]
 55%|ΓûêΓûêΓûêΓûêΓûêΓûî    | 1655/3000 [36:35<39:15,  1.75s/it]
 55%|ΓûêΓûêΓûêΓûêΓûêΓûî    | 1656/3000 [36:36<34:58,  1.56s/it]
 55%|ΓûêΓûêΓûêΓûêΓûêΓûî    | 1657/3000 [36:37<30:30,  1.36s/it]
 55%|ΓûêΓûêΓûêΓûêΓûêΓûî    | 1658/3000 [36:38<28:12,  1.26s/it]
 55%|ΓûêΓûêΓûêΓûêΓûêΓûî    | 1659/3000 [36:40<28:41,  1.28s/it]
 55%|ΓûêΓûêΓûêΓûêΓûêΓûî    | 1660/3000 [36:40<25:35,  1.15s/it]
 55%|ΓûêΓûêΓûêΓûêΓûêΓûî    | 1661/3000 [36:42<25:37,  1.15s/it]
 55%|ΓûêΓûêΓûêΓûêΓûêΓûî    | 1662/3000 [36:43<25:04,  1.12s/it]
 55%|ΓûêΓûêΓûêΓûêΓûêΓûî    | 1663/3000 [36:44<26:33,  1.19s/it]
 55%|ΓûêΓûêΓûêΓûêΓûêΓûî    | 1664/3000 [36:45<24:05,  1.08s/it]
 56%|ΓûêΓûêΓûêΓûêΓûêΓûî    | 1665/3000 [36:47<30:57,  1.39s/it]
 56%|ΓûêΓûêΓûêΓûêΓûêΓûî    | 1666/3000 [36:49<33:11,  1.49s/it]
 56%|ΓûêΓûêΓûêΓûêΓûêΓûî    | 1667/3000 [36:51<36:25,  1.64s/it]
 56%|ΓûêΓûêΓûêΓûêΓûêΓûî    | 1668/3000 [36:52<32:25,  1.46s/it]
 56%|ΓûêΓûêΓûêΓûêΓûêΓûî    | 1669/3000 [36:53<29:13,  1.32s/it]
 56%|ΓûêΓûêΓûêΓûêΓûêΓûî    | 1670/3000 [36:57<51:51,  2.34s/it]
 56%|ΓûêΓûêΓûêΓûêΓûêΓûî    | 1671/3000 [36:59<48:11,  2.18s/it]
 56%|ΓûêΓûêΓûêΓûêΓûêΓûî    | 1672/3000 [37:00<37:58,  1.72s/it]
 56%|ΓûêΓûêΓûêΓûêΓûêΓûî    | 1673/3000 [37:00<30:59,  1.40s/it]
 56%|ΓûêΓûêΓûêΓûêΓûêΓûî    | 1674/3000 [37:02<29:40,  1.34s/it]
 56%|ΓûêΓûêΓûêΓûêΓûêΓûî    | 1675/3000 [37:04<38:31,  1.74s/it]
 56%|ΓûêΓûêΓûêΓûêΓûêΓûî    | 1676/3000 [37:05<33:36,  1.52s/it]
 56%|ΓûêΓûêΓûêΓûêΓûêΓûî    | 1677/3000 [37:08<37:41,  1.71s/it]
 56%|ΓûêΓûêΓûêΓûêΓûêΓûî    | 1678/3000 [37:08<31:46,  1.44s/it]
 56%|ΓûêΓûêΓûêΓûêΓûêΓûî    | 1679/3000 [37:10<30:01,  1.36s/it]
 56%|ΓûêΓûêΓûêΓûêΓûêΓûî    | 1680/3000 [37:10<26:42,  1.21s/it]
 56%|ΓûêΓûêΓûêΓûêΓûêΓûî    | 1681/3000 [37:11<25:55,  1.18s/it]
 56%|ΓûêΓûêΓûêΓûêΓûêΓûî    | 1682/3000 [37:13<26:04,  1.19s/it]
 56%|ΓûêΓûêΓûêΓûêΓûêΓûî    | 1683/3000 [37:14<27:38,  1.26s/it]
 56%|ΓûêΓûêΓûêΓûêΓûêΓûî    | 1684/3000 [37:15<23:14,  1.06s/it]
 56%|ΓûêΓûêΓûêΓûêΓûêΓûî    | 1685/3000 [37:16<22:19,  1.02s/it]
 56%|ΓûêΓûêΓûêΓûêΓûêΓûî    | 1686/3000 [37:17<26:41,  1.22s/it]
 56%|ΓûêΓûêΓûêΓûêΓûêΓûî    | 1687/3000 [37:18<23:57,  1.09s/it]
 56%|ΓûêΓûêΓûêΓûêΓûêΓûï    | 1688/3000 [37:19<21:45,  1.00it/s]
 56%|ΓûêΓûêΓûêΓûêΓûêΓûï    | 1689/3000 [37:21<26:33,  1.22s/it]
 56%|ΓûêΓûêΓûêΓûêΓûêΓûï    | 1690/3000 [37:21<22:59,  1.05s/it]
 56%|ΓûêΓûêΓûêΓûêΓûêΓûï    | 1691/3000 [37:23<29:09,  1.34s/it]
 56%|ΓûêΓûêΓûêΓûêΓûêΓûï    | 1692/3000 [37:24<24:33,  1.13s/it]
 56%|ΓûêΓûêΓûêΓûêΓûêΓûï    | 1693/3000 [37:25<24:19,  1.12s/it]
 56%|ΓûêΓûêΓûêΓûêΓûêΓûï    | 1694/3000 [37:27<32:09,  1.48s/it]
 56%|ΓûêΓûêΓûêΓûêΓûêΓûï    | 1695/3000 [37:28<26:42,  1.23s/it]
 57%|ΓûêΓûêΓûêΓûêΓûêΓûï    | 1696/3000 [37:30<30:18,  1.39s/it]
 57%|ΓûêΓûêΓûêΓûêΓûêΓûï    | 1697/3000 [37:30<25:20,  1.17s/it]
 57%|ΓûêΓûêΓûêΓûêΓûêΓûï    | 1698/3000 [37:32<28:23,  1.31s/it]
 57%|ΓûêΓûêΓûêΓûêΓûêΓûï    | 1699/3000 [37:34<30:31,  1.41s/it]
 57%|ΓûêΓûêΓûêΓûêΓûêΓûï    | 1700/3000 [37:35<30:30,  1.41s/it]
 57%|ΓûêΓûêΓûêΓûêΓûêΓûï    | 1701/3000 [37:36<29:33,  1.37s/it]
 57%|ΓûêΓûêΓûêΓûêΓûêΓûï    | 1702/3000 [37:37<24:56,  1.15s/it]
 57%|ΓûêΓûêΓûêΓûêΓûêΓûï    | 1703/3000 [37:38<24:18,  1.12s/it]
 57%|ΓûêΓûêΓûêΓûêΓûêΓûï    | 1704/3000 [37:39<24:35,  1.14s/it]
 57%|ΓûêΓûêΓûêΓûêΓûêΓûï    | 1705/3000 [37:41<25:58,  1.20s/it]
 57%|ΓûêΓûêΓûêΓûêΓûêΓûï    | 1706/3000 [37:42<24:33,  1.14s/it]
 57%|ΓûêΓûêΓûêΓûêΓûêΓûï    | 1707/3000 [37:43<26:57,  1.25s/it]
 57%|ΓûêΓûêΓûêΓûêΓûêΓûï    | 1708/3000 [37:46<39:50,  1.85s/it]
 57%|ΓûêΓûêΓûêΓûêΓûêΓûï    | 1709/3000 [37:47<34:44,  1.61s/it]
 57%|ΓûêΓûêΓûêΓûêΓûêΓûï    | 1710/3000 [37:48<30:05,  1.40s/it]
 57%|ΓûêΓûêΓûêΓûêΓûêΓûï    | 1711/3000 [37:49<27:20,  1.27s/it]
 57%|ΓûêΓûêΓûêΓûêΓûêΓûï    | 1712/3000 [37:50<23:14,  1.08s/it]
 57%|ΓûêΓûêΓûêΓûêΓûêΓûï    | 1713/3000 [37:51<24:01,  1.12s/it]
 57%|ΓûêΓûêΓûêΓûêΓûêΓûï    | 1714/3000 [37:53<26:39,  1.24s/it]
 57%|ΓûêΓûêΓûêΓûêΓûêΓûï    | 1715/3000 [37:54<24:46,  1.16s/it]
 57%|ΓûêΓûêΓûêΓûêΓûêΓûï    | 1716/3000 [37:56<29:54,  1.40s/it]
 57%|ΓûêΓûêΓûêΓûêΓûêΓûï    | 1717/3000 [37:58<33:37,  1.57s/it]
 57%|ΓûêΓûêΓûêΓûêΓûêΓûï    | 1718/3000 [37:59<31:20,  1.47s/it]
 57%|ΓûêΓûêΓûêΓûêΓûêΓûï    | 1719/3000 [38:00<28:22,  1.33s/it]
 57%|ΓûêΓûêΓûêΓûêΓûêΓûï    | 1720/3000 [38:01<26:21,  1.24s/it]
 57%|ΓûêΓûêΓûêΓûêΓûêΓûï    | 1721/3000 [38:02<25:06,  1.18s/it]
 57%|ΓûêΓûêΓûêΓûêΓûêΓûï    | 1722/3000 [38:03<23:10,  1.09s/it]
 57%|ΓûêΓûêΓûêΓûêΓûêΓûï    | 1723/3000 [38:04<23:15,  1.09s/it]
 57%|ΓûêΓûêΓûêΓûêΓûêΓûï    | 1724/3000 [38:05<20:37,  1.03it/s]
 57%|ΓûêΓûêΓûêΓûêΓûêΓûè    | 1725/3000 [38:06<21:41,  1.02s/it]
 58%|ΓûêΓûêΓûêΓûêΓûêΓûè    | 1726/3000 [38:08<31:41,  1.49s/it]
 58%|ΓûêΓûêΓûêΓûêΓûêΓûè    | 1727/3000 [38:09<28:08,  1.33s/it]
 58%|ΓûêΓûêΓûêΓûêΓûêΓûè    | 1728/3000 [38:10<27:00,  1.27s/it]
 58%|ΓûêΓûêΓûêΓûêΓûêΓûè    | 1729/3000 [38:11<23:36,  1.11s/it]
 58%|ΓûêΓûêΓûêΓûêΓûêΓûè    | 1730/3000 [38:14<33:17,  1.57s/it]
 58%|ΓûêΓûêΓûêΓûêΓûêΓûè    | 1731/3000 [38:15<28:42,  1.36s/it]
 58%|ΓûêΓûêΓûêΓûêΓûêΓûè    | 1732/3000 [38:16<27:11,  1.29s/it]
 58%|ΓûêΓûêΓûêΓûêΓûêΓûè    | 1733/3000 [38:16<23:23,  1.11s/it]
 58%|ΓûêΓûêΓûêΓûêΓûêΓûè    | 1734/3000 [38:17<20:42,  1.02it/s]
 58%|ΓûêΓûêΓûêΓûêΓûêΓûè    | 1735/3000 [38:18<20:43,  1.02it/s]
 58%|ΓûêΓûêΓûêΓûêΓûêΓûè    | 1736/3000 [38:19<22:52,  1.09s/it]
 58%|ΓûêΓûêΓûêΓûêΓûêΓûè    | 1737/3000 [38:20<19:23,  1.09it/s]
 58%|ΓûêΓûêΓûêΓûêΓûêΓûè    | 1738/3000 [38:21<19:33,  1.08it/s]
 58%|ΓûêΓûêΓûêΓûêΓûêΓûè    | 1739/3000 [38:23<29:26,  1.40s/it]
 58%|ΓûêΓûêΓûêΓûêΓûêΓûè    | 1740/3000 [38:24<24:38,  1.17s/it]
 58%|ΓûêΓûêΓûêΓûêΓûêΓûè    | 1741/3000 [38:25<24:54,  1.19s/it]
 58%|ΓûêΓûêΓûêΓûêΓûêΓûè    | 1742/3000 [38:26<23:41,  1.13s/it]
 58%|ΓûêΓûêΓûêΓûêΓûêΓûè    | 1743/3000 [38:28<26:15,  1.25s/it]
 58%|ΓûêΓûêΓûêΓûêΓûêΓûè    | 1744/3000 [38:29<25:27,  1.22s/it]
 58%|ΓûêΓûêΓûêΓûêΓûêΓûè    | 1745/3000 [38:30<23:02,  1.10s/it]
 58%|ΓûêΓûêΓûêΓûêΓûêΓûè    | 1746/3000 [38:31<25:03,  1.20s/it]
 58%|ΓûêΓûêΓûêΓûêΓûêΓûè    | 1747/3000 [38:33<28:38,  1.37s/it]
 58%|ΓûêΓûêΓûêΓûêΓûêΓûè    | 1748/3000 [38:34<26:16,  1.26s/it]
 58%|ΓûêΓûêΓûêΓûêΓûêΓûè    | 1749/3000 [38:35<25:23,  1.22s/it]
 58%|ΓûêΓûêΓûêΓûêΓûêΓûè    | 1750/3000 [38:37<27:45,  1.33s/it]
 58%|ΓûêΓûêΓûêΓûêΓûêΓûè    | 1751/3000 [38:38<29:07,  1.40s/it]
 58%|ΓûêΓûêΓûêΓûêΓûêΓûè    | 1752/3000 [38:39<24:40,  1.19s/it]
 58%|ΓûêΓûêΓûêΓûêΓûêΓûè    | 1753/3000 [38:40<26:56,  1.30s/it]
 58%|ΓûêΓûêΓûêΓûêΓûêΓûè    | 1754/3000 [38:43<35:48,  1.72s/it]
 58%|ΓûêΓûêΓûêΓûêΓûêΓûè    | 1755/3000 [38:45<34:12,  1.65s/it]
 59%|ΓûêΓûêΓûêΓûêΓûêΓûè    | 1756/3000 [38:46<32:58,  1.59s/it]
 59%|ΓûêΓûêΓûêΓûêΓûêΓûè    | 1757/3000 [38:47<31:21,  1.51s/it]
 59%|ΓûêΓûêΓûêΓûêΓûêΓûè    | 1758/3000 [38:49<34:13,  1.65s/it]
 59%|ΓûêΓûêΓûêΓûêΓûêΓûè    | 1759/3000 [38:51<32:48,  1.59s/it]
 59%|ΓûêΓûêΓûêΓûêΓûêΓûè    | 1760/3000 [38:53<34:58,  1.69s/it]
 59%|ΓûêΓûêΓûêΓûêΓûêΓûè    | 1761/3000 [38:54<29:36,  1.43s/it]
 59%|ΓûêΓûêΓûêΓûêΓûêΓûè    | 1762/3000 [38:55<30:22,  1.47s/it]
 59%|ΓûêΓûêΓûêΓûêΓûêΓûë    | 1763/3000 [39:00<51:18,  2.49s/it]
 59%|ΓûêΓûêΓûêΓûêΓûêΓûë    | 1764/3000 [39:02<48:20,  2.35s/it]
 59%|ΓûêΓûêΓûêΓûêΓûêΓûë    | 1765/3000 [39:03<41:23,  2.01s/it]
 59%|ΓûêΓûêΓûêΓûêΓûêΓûë    | 1766/3000 [39:05<38:01,  1.85s/it]
 59%|ΓûêΓûêΓûêΓûêΓûêΓûë    | 1767/3000 [39:06<31:48,  1.55s/it]
 59%|ΓûêΓûêΓûêΓûêΓûêΓûë    | 1768/3000 [39:07<31:39,  1.54s/it]
 59%|ΓûêΓûêΓûêΓûêΓûêΓûë    | 1769/3000 [39:08<27:22,  1.33s/it]
 59%|ΓûêΓûêΓûêΓûêΓûêΓûë    | 1770/3000 [39:09<26:46,  1.31s/it]
 59%|ΓûêΓûêΓûêΓûêΓûêΓûë    | 1771/3000 [39:11<27:08,  1.32s/it]
 59%|ΓûêΓûêΓûêΓûêΓûêΓûë    | 1772/3000 [39:12<30:27,  1.49s/it]
 59%|ΓûêΓûêΓûêΓûêΓûêΓûë    | 1773/3000 [39:14<33:26,  1.64s/it]
 59%|ΓûêΓûêΓûêΓûêΓûêΓûë    | 1774/3000 [39:15<28:30,  1.40s/it]
 59%|ΓûêΓûêΓûêΓûêΓûêΓûë    | 1775/3000 [39:17<31:45,  1.56s/it]
 59%|ΓûêΓûêΓûêΓûêΓûêΓûë    | 1776/3000 [39:18<29:24,  1.44s/it]
 59%|ΓûêΓûêΓûêΓûêΓûêΓûë    | 1777/3000 [39:20<27:49,  1.36s/it]
 59%|ΓûêΓûêΓûêΓûêΓûêΓûë    | 1778/3000 [39:21<26:46,  1.31s/it]
 59%|ΓûêΓûêΓûêΓûêΓûêΓûë    | 1779/3000 [39:22<25:08,  1.24s/it]
 59%|ΓûêΓûêΓûêΓûêΓûêΓûë    | 1780/3000 [39:24<28:04,  1.38s/it]
 59%|ΓûêΓûêΓûêΓûêΓûêΓûë    | 1781/3000 [39:25<26:54,  1.32s/it]
 59%|ΓûêΓûêΓûêΓûêΓûêΓûë    | 1782/3000 [39:27<29:46,  1.47s/it]
 59%|ΓûêΓûêΓûêΓûêΓûêΓûë    | 1783/3000 [39:29<33:06,  1.63s/it]
 59%|ΓûêΓûêΓûêΓûêΓûêΓûë    | 1784/3000 [39:30<33:13,  1.64s/it]
 60%|ΓûêΓûêΓûêΓûêΓûêΓûë    | 1785/3000 [39:32<32:41,  1.61s/it]
 60%|ΓûêΓûêΓûêΓûêΓûêΓûë    | 1786/3000 [39:33<30:39,  1.52s/it]
 60%|ΓûêΓûêΓûêΓûêΓûêΓûë    | 1787/3000 [39:34<27:36,  1.37s/it]
 60%|ΓûêΓûêΓûêΓûêΓûêΓûë    | 1788/3000 [39:35<23:12,  1.15s/it]
 60%|ΓûêΓûêΓûêΓûêΓûêΓûë    | 1789/3000 [39:36<21:22,  1.06s/it]
 60%|ΓûêΓûêΓûêΓûêΓûêΓûë    | 1790/3000 [39:36<20:12,  1.00s/it]
 60%|ΓûêΓûêΓûêΓûêΓûêΓûë    | 1791/3000 [39:37<19:42,  1.02it/s]
 60%|ΓûêΓûêΓûêΓûêΓûêΓûë    | 1792/3000 [39:38<17:49,  1.13it/s]
 60%|ΓûêΓûêΓûêΓûêΓûêΓûë    | 1793/3000 [39:39<17:53,  1.12it/s]
 60%|ΓûêΓûêΓûêΓûêΓûêΓûë    | 1794/3000 [39:41<23:24,  1.16s/it]
 60%|ΓûêΓûêΓûêΓûêΓûêΓûë    | 1795/3000 [39:43<29:32,  1.47s/it]
 60%|ΓûêΓûêΓûêΓûêΓûêΓûë    | 1796/3000 [39:44<25:38,  1.28s/it]
 60%|ΓûêΓûêΓûêΓûêΓûêΓûë    | 1797/3000 [39:45<27:13,  1.36s/it]
 60%|ΓûêΓûêΓûêΓûêΓûêΓûë    | 1798/3000 [39:47<29:03,  1.45s/it]
 60%|ΓûêΓûêΓûêΓûêΓûêΓûë    | 1799/3000 [39:48<28:16,  1.41s/it]
 60%|ΓûêΓûêΓûêΓûêΓûêΓûê    | 1800/3000 [39:49<26:49,  1.34s/it]
 60%|ΓûêΓûêΓûêΓûêΓûêΓûê    | 1801/3000 [39:51<26:34,  1.33s/it]
 60%|ΓûêΓûêΓûêΓûêΓûêΓûê    | 1802/3000 [39:52<23:40,  1.19s/it]
 60%|ΓûêΓûêΓûêΓûêΓûêΓûê    | 1803/3000 [39:52<21:35,  1.08s/it]
 60%|ΓûêΓûêΓûêΓûêΓûêΓûê    | 1804/3000 [39:54<25:22,  1.27s/it]
 60%|ΓûêΓûêΓûêΓûêΓûêΓûê    | 1805/3000 [39:55<24:45,  1.24s/it]
 60%|ΓûêΓûêΓûêΓûêΓûêΓûê    | 1806/3000 [39:56<22:06,  1.11s/it]
 60%|ΓûêΓûêΓûêΓûêΓûêΓûê    | 1807/3000 [39:57<22:31,  1.13s/it]
 60%|ΓûêΓûêΓûêΓûêΓûêΓûê    | 1808/3000 [39:58<20:53,  1.05s/it]
 60%|ΓûêΓûêΓûêΓûêΓûêΓûê    | 1809/3000 [40:01<28:55,  1.46s/it]
 60%|ΓûêΓûêΓûêΓûêΓûêΓûê    | 1810/3000 [40:02<25:45,  1.30s/it]
 60%|ΓûêΓûêΓûêΓûêΓûêΓûê    | 1811/3000 [40:03<26:06,  1.32s/it]
 60%|ΓûêΓûêΓûêΓûêΓûêΓûê    | 1812/3000 [40:07<40:45,  2.06s/it]
 60%|ΓûêΓûêΓûêΓûêΓûêΓûê    | 1813/3000 [40:08<38:37,  1.95s/it]
 60%|ΓûêΓûêΓûêΓûêΓûêΓûê    | 1814/3000 [40:09<33:18,  1.68s/it]
 60%|ΓûêΓûêΓûêΓûêΓûêΓûê    | 1815/3000 [40:10<27:26,  1.39s/it]
 61%|ΓûêΓûêΓûêΓûêΓûêΓûê    | 1816/3000 [40:11<23:32,  1.19s/it]
 61%|ΓûêΓûêΓûêΓûêΓûêΓûê    | 1817/3000 [40:12<22:30,  1.14s/it]
 61%|ΓûêΓûêΓûêΓûêΓûêΓûê    | 1818/3000 [40:13<23:49,  1.21s/it]
 61%|ΓûêΓûêΓûêΓûêΓûêΓûê    | 1819/3000 [40:14<21:42,  1.10s/it]
 61%|ΓûêΓûêΓûêΓûêΓûêΓûê    | 1820/3000 [40:16<25:06,  1.28s/it]
 61%|ΓûêΓûêΓûêΓûêΓûêΓûê    | 1821/3000 [40:17<26:44,  1.36s/it]
 61%|ΓûêΓûêΓûêΓûêΓûêΓûê    | 1822/3000 [40:20<33:27,  1.70s/it]
 61%|ΓûêΓûêΓûêΓûêΓûêΓûê    | 1823/3000 [40:20<27:08,  1.38s/it]
 61%|ΓûêΓûêΓûêΓûêΓûêΓûê    | 1824/3000 [40:22<27:51,  1.42s/it]
 61%|ΓûêΓûêΓûêΓûêΓûêΓûê    | 1825/3000 [40:23<24:29,  1.25s/it]
 61%|ΓûêΓûêΓûêΓûêΓûêΓûê    | 1826/3000 [40:24<23:40,  1.21s/it]
 61%|ΓûêΓûêΓûêΓûêΓûêΓûê    | 1827/3000 [40:25<21:22,  1.09s/it]
 61%|ΓûêΓûêΓûêΓûêΓûêΓûê    | 1828/3000 [40:26<19:51,  1.02s/it]
 61%|ΓûêΓûêΓûêΓûêΓûêΓûê    | 1829/3000 [40:27<20:50,  1.07s/it]
 61%|ΓûêΓûêΓûêΓûêΓûêΓûê    | 1830/3000 [40:28<20:59,  1.08s/it]
 61%|ΓûêΓûêΓûêΓûêΓûêΓûê    | 1831/3000 [40:29<21:31,  1.10s/it]
 61%|ΓûêΓûêΓûêΓûêΓûêΓûê    | 1832/3000 [40:30<20:50,  1.07s/it]
 61%|ΓûêΓûêΓûêΓûêΓûêΓûê    | 1833/3000 [40:31<22:40,  1.17s/it]
 61%|ΓûêΓûêΓûêΓûêΓûêΓûê    | 1834/3000 [40:32<21:12,  1.09s/it]
 61%|ΓûêΓûêΓûêΓûêΓûêΓûê    | 1835/3000 [40:34<23:12,  1.19s/it]
 61%|ΓûêΓûêΓûêΓûêΓûêΓûê    | 1836/3000 [40:35<21:39,  1.12s/it]
 61%|ΓûêΓûêΓûêΓûêΓûêΓûê    | 1837/3000 [40:36<21:56,  1.13s/it]
 61%|ΓûêΓûêΓûêΓûêΓûêΓûêΓûÅ   | 1838/3000 [40:37<23:41,  1.22s/it]
 61%|ΓûêΓûêΓûêΓûêΓûêΓûêΓûÅ   | 1839/3000 [40:38<20:14,  1.05s/it]
 61%|ΓûêΓûêΓûêΓûêΓûêΓûêΓûÅ   | 1840/3000 [40:40<24:23,  1.26s/it]
 61%|ΓûêΓûêΓûêΓûêΓûêΓûêΓûÅ   | 1841/3000 [40:42<32:22,  1.68s/it]
 61%|ΓûêΓûêΓûêΓûêΓûêΓûêΓûÅ   | 1842/3000 [40:43<27:29,  1.42s/it]
 61%|ΓûêΓûêΓûêΓûêΓûêΓûêΓûÅ   | 1843/3000 [40:44<23:51,  1.24s/it]
 61%|ΓûêΓûêΓûêΓûêΓûêΓûêΓûÅ   | 1844/3000 [40:45<23:40,  1.23s/it]
 62%|ΓûêΓûêΓûêΓûêΓûêΓûêΓûÅ   | 1845/3000 [40:47<27:35,  1.43s/it]
 62%|ΓûêΓûêΓûêΓûêΓûêΓûêΓûÅ   | 1846/3000 [40:48<23:58,  1.25s/it]
 62%|ΓûêΓûêΓûêΓûêΓûêΓûêΓûÅ   | 1847/3000 [40:49<22:02,  1.15s/it]
 62%|ΓûêΓûêΓûêΓûêΓûêΓûêΓûÅ   | 1848/3000 [40:50<21:20,  1.11s/it]
 62%|ΓûêΓûêΓûêΓûêΓûêΓûêΓûÅ   | 1849/3000 [40:52<24:31,  1.28s/it]
 62%|ΓûêΓûêΓûêΓûêΓûêΓûêΓûÅ   | 1850/3000 [40:52<20:52,  1.09s/it]
 62%|ΓûêΓûêΓûêΓûêΓûêΓûêΓûÅ   | 1851/3000 [40:53<20:58,  1.10s/it]
 62%|ΓûêΓûêΓûêΓûêΓûêΓûêΓûÅ   | 1852/3000 [40:54<20:32,  1.07s/it]
 62%|ΓûêΓûêΓûêΓûêΓûêΓûêΓûÅ   | 1853/3000 [40:56<22:13,  1.16s/it]
 62%|ΓûêΓûêΓûêΓûêΓûêΓûêΓûÅ   | 1854/3000 [40:57<24:19,  1.27s/it]
 62%|ΓûêΓûêΓûêΓûêΓûêΓûêΓûÅ   | 1855/3000 [40:58<21:55,  1.15s/it]
 62%|ΓûêΓûêΓûêΓûêΓûêΓûêΓûÅ   | 1856/3000 [40:59<20:59,  1.10s/it]
 62%|ΓûêΓûêΓûêΓûêΓûêΓûêΓûÅ   | 1857/3000 [41:00<20:54,  1.10s/it]
 62%|ΓûêΓûêΓûêΓûêΓûêΓûêΓûÅ   | 1858/3000 [41:02<26:33,  1.40s/it]
 62%|ΓûêΓûêΓûêΓûêΓûêΓûêΓûÅ   | 1859/3000 [41:03<24:46,  1.30s/it]
 62%|ΓûêΓûêΓûêΓûêΓûêΓûêΓûÅ   | 1860/3000 [41:05<28:23,  1.49s/it]
 62%|ΓûêΓûêΓûêΓûêΓûêΓûêΓûÅ   | 1861/3000 [41:07<26:51,  1.41s/it]
 62%|ΓûêΓûêΓûêΓûêΓûêΓûêΓûÅ   | 1862/3000 [41:07<22:47,  1.20s/it]
 62%|ΓûêΓûêΓûêΓûêΓûêΓûêΓûÅ   | 1863/3000 [41:09<23:47,  1.26s/it]
 62%|ΓûêΓûêΓûêΓûêΓûêΓûêΓûÅ   | 1864/3000 [41:11<29:17,  1.55s/it]
 62%|ΓûêΓûêΓûêΓûêΓûêΓûêΓûÅ   | 1865/3000 [41:12<27:41,  1.46s/it]
 62%|ΓûêΓûêΓûêΓûêΓûêΓûêΓûÅ   | 1866/3000 [41:13<23:00,  1.22s/it]
 62%|ΓûêΓûêΓûêΓûêΓûêΓûêΓûÅ   | 1867/3000 [41:14<21:47,  1.15s/it]
 62%|ΓûêΓûêΓûêΓûêΓûêΓûêΓûÅ   | 1868/3000 [41:18<37:41,  2.00s/it]
 62%|ΓûêΓûêΓûêΓûêΓûêΓûêΓûÅ   | 1869/3000 [41:21<42:08,  2.24s/it]
 62%|ΓûêΓûêΓûêΓûêΓûêΓûêΓûÅ   | 1870/3000 [41:21<34:13,  1.82s/it]
 62%|ΓûêΓûêΓûêΓûêΓûêΓûêΓûÅ   | 1871/3000 [41:22<28:51,  1.53s/it]
 62%|ΓûêΓûêΓûêΓûêΓûêΓûêΓûÅ   | 1872/3000 [41:24<30:07,  1.60s/it]
 62%|ΓûêΓûêΓûêΓûêΓûêΓûêΓûÅ   | 1873/3000 [41:25<25:46,  1.37s/it]
 62%|ΓûêΓûêΓûêΓûêΓûêΓûêΓûÅ   | 1874/3000 [41:26<27:12,  1.45s/it]
 62%|ΓûêΓûêΓûêΓûêΓûêΓûêΓûÄ   | 1875/3000 [41:28<30:05,  1.60s/it]
 63%|ΓûêΓûêΓûêΓûêΓûêΓûêΓûÄ   | 1876/3000 [41:31<33:21,  1.78s/it]
 63%|ΓûêΓûêΓûêΓûêΓûêΓûêΓûÄ   | 1877/3000 [41:32<29:08,  1.56s/it]
 63%|ΓûêΓûêΓûêΓûêΓûêΓûêΓûÄ   | 1878/3000 [41:33<29:52,  1.60s/it]
 63%|ΓûêΓûêΓûêΓûêΓûêΓûêΓûÄ   | 1879/3000 [41:34<24:27,  1.31s/it]
 63%|ΓûêΓûêΓûêΓûêΓûêΓûêΓûÄ   | 1880/3000 [41:36<28:35,  1.53s/it]
 63%|ΓûêΓûêΓûêΓûêΓûêΓûêΓûÄ   | 1881/3000 [41:37<24:51,  1.33s/it]
 63%|ΓûêΓûêΓûêΓûêΓûêΓûêΓûÄ   | 1882/3000 [41:39<27:13,  1.46s/it]
 63%|ΓûêΓûêΓûêΓûêΓûêΓûêΓûÄ   | 1883/3000 [41:40<25:42,  1.38s/it]
 63%|ΓûêΓûêΓûêΓûêΓûêΓûêΓûÄ   | 1884/3000 [41:41<21:38,  1.16s/it]
 63%|ΓûêΓûêΓûêΓûêΓûêΓûêΓûÄ   | 1885/3000 [41:42<24:16,  1.31s/it]
 63%|ΓûêΓûêΓûêΓûêΓûêΓûêΓûÄ   | 1886/3000 [41:43<23:44,  1.28s/it]
 63%|ΓûêΓûêΓûêΓûêΓûêΓûêΓûÄ   | 1887/3000 [41:45<26:16,  1.42s/it]
 63%|ΓûêΓûêΓûêΓûêΓûêΓûêΓûÄ   | 1888/3000 [41:46<25:52,  1.40s/it]
 63%|ΓûêΓûêΓûêΓûêΓûêΓûêΓûÄ   | 1889/3000 [41:48<24:23,  1.32s/it]
 63%|ΓûêΓûêΓûêΓûêΓûêΓûêΓûÄ   | 1890/3000 [41:49<23:33,  1.27s/it]
 63%|ΓûêΓûêΓûêΓûêΓûêΓûêΓûÄ   | 1891/3000 [41:50<25:28,  1.38s/it]
 63%|ΓûêΓûêΓûêΓûêΓûêΓûêΓûÄ   | 1892/3000 [41:51<22:19,  1.21s/it]
 63%|ΓûêΓûêΓûêΓûêΓûêΓûêΓûÄ   | 1893/3000 [41:53<26:20,  1.43s/it]
 63%|ΓûêΓûêΓûêΓûêΓûêΓûêΓûÄ   | 1894/3000 [41:54<24:03,  1.30s/it]
 63%|ΓûêΓûêΓûêΓûêΓûêΓûêΓûÄ   | 1895/3000 [41:55<20:21,  1.11s/it]
 63%|ΓûêΓûêΓûêΓûêΓûêΓûêΓûÄ   | 1896/3000 [41:58<30:22,  1.65s/it]
 63%|ΓûêΓûêΓûêΓûêΓûêΓûêΓûÄ   | 1897/3000 [41:58<25:14,  1.37s/it]
 63%|ΓûêΓûêΓûêΓûêΓûêΓûêΓûÄ   | 1898/3000 [41:59<21:51,  1.19s/it]
 63%|ΓûêΓûêΓûêΓûêΓûêΓûêΓûÄ   | 1899/3000 [42:00<19:09,  1.04s/it]
 63%|ΓûêΓûêΓûêΓûêΓûêΓûêΓûÄ   | 1900/3000 [42:01<18:21,  1.00s/it]
 63%|ΓûêΓûêΓûêΓûêΓûêΓûêΓûÄ   | 1901/3000 [42:01<15:44,  1.16it/s]
 63%|ΓûêΓûêΓûêΓûêΓûêΓûêΓûÄ   | 1902/3000 [42:02<16:44,  1.09it/s]
 63%|ΓûêΓûêΓûêΓûêΓûêΓûêΓûÄ   | 1903/3000 [42:03<14:58,  1.22it/s]
 63%|ΓûêΓûêΓûêΓûêΓûêΓûêΓûÄ   | 1904/3000 [42:04<15:10,  1.20it/s]
 64%|ΓûêΓûêΓûêΓûêΓûêΓûêΓûÄ   | 1905/3000 [42:05<15:25,  1.18it/s]
 64%|ΓûêΓûêΓûêΓûêΓûêΓûêΓûÄ   | 1906/3000 [42:06<16:40,  1.09it/s]
 64%|ΓûêΓûêΓûêΓûêΓûêΓûêΓûÄ   | 1907/3000 [42:07<16:48,  1.08it/s]
 64%|ΓûêΓûêΓûêΓûêΓûêΓûêΓûÄ   | 1908/3000 [42:08<17:59,  1.01it/s]
 64%|ΓûêΓûêΓûêΓûêΓûêΓûêΓûÄ   | 1909/3000 [42:09<17:51,  1.02it/s]
 64%|ΓûêΓûêΓûêΓûêΓûêΓûêΓûÄ   | 1910/3000 [42:10<17:55,  1.01it/s]
 64%|ΓûêΓûêΓûêΓûêΓûêΓûêΓûÄ   | 1911/3000 [42:11<19:26,  1.07s/it]
 64%|ΓûêΓûêΓûêΓûêΓûêΓûêΓûÄ   | 1912/3000 [42:12<16:38,  1.09it/s]
 64%|ΓûêΓûêΓûêΓûêΓûêΓûêΓûì   | 1913/3000 [42:13<16:12,  1.12it/s]
 64%|ΓûêΓûêΓûêΓûêΓûêΓûêΓûì   | 1914/3000 [42:14<20:14,  1.12s/it]
 64%|ΓûêΓûêΓûêΓûêΓûêΓûêΓûì   | 1915/3000 [42:15<20:59,  1.16s/it]
 64%|ΓûêΓûêΓûêΓûêΓûêΓûêΓûì   | 1916/3000 [42:16<20:13,  1.12s/it]
 64%|ΓûêΓûêΓûêΓûêΓûêΓûêΓûì   | 1917/3000 [42:18<23:56,  1.33s/it]
 64%|ΓûêΓûêΓûêΓûêΓûêΓûêΓûì   | 1918/3000 [42:19<20:37,  1.14s/it]
 64%|ΓûêΓûêΓûêΓûêΓûêΓûêΓûì   | 1919/3000 [42:20<19:01,  1.06s/it]
 64%|ΓûêΓûêΓûêΓûêΓûêΓûêΓûì   | 1920/3000 [42:21<18:34,  1.03s/it]
 64%|ΓûêΓûêΓûêΓûêΓûêΓûêΓûì   | 1921/3000 [42:22<17:55,  1.00it/s]
 64%|ΓûêΓûêΓûêΓûêΓûêΓûêΓûì   | 1922/3000 [42:23<21:37,  1.20s/it]
 64%|ΓûêΓûêΓûêΓûêΓûêΓûêΓûì   | 1923/3000 [42:25<22:27,  1.25s/it]
 64%|ΓûêΓûêΓûêΓûêΓûêΓûêΓûì   | 1924/3000 [42:26<22:04,  1.23s/it]
 64%|ΓûêΓûêΓûêΓûêΓûêΓûêΓûì   | 1925/3000 [42:27<22:18,  1.25s/it]
 64%|ΓûêΓûêΓûêΓûêΓûêΓûêΓûì   | 1926/3000 [42:28<19:25,  1.09s/it]
 64%|ΓûêΓûêΓûêΓûêΓûêΓûêΓûì   | 1927/3000 [42:32<33:09,  1.85s/it]
 64%|ΓûêΓûêΓûêΓûêΓûêΓûêΓûì   | 1928/3000 [42:33<28:54,  1.62s/it]
 64%|ΓûêΓûêΓûêΓûêΓûêΓûêΓûì   | 1929/3000 [42:33<24:44,  1.39s/it]
 64%|ΓûêΓûêΓûêΓûêΓûêΓûêΓûì   | 1930/3000 [42:36<29:13,  1.64s/it]
 64%|ΓûêΓûêΓûêΓûêΓûêΓûêΓûì   | 1931/3000 [42:37<29:25,  1.65s/it]
 64%|ΓûêΓûêΓûêΓûêΓûêΓûêΓûì   | 1932/3000 [42:39<28:01,  1.57s/it]
 64%|ΓûêΓûêΓûêΓûêΓûêΓûêΓûì   | 1933/3000 [42:40<25:44,  1.45s/it]
 64%|ΓûêΓûêΓûêΓûêΓûêΓûêΓûì   | 1934/3000 [42:41<22:37,  1.27s/it]
 64%|ΓûêΓûêΓûêΓûêΓûêΓûêΓûì   | 1935/3000 [42:41<19:31,  1.10s/it]
 65%|ΓûêΓûêΓûêΓûêΓûêΓûêΓûì   | 1936/3000 [42:42<18:22,  1.04s/it]
 65%|ΓûêΓûêΓûêΓûêΓûêΓûêΓûì   | 1937/3000 [42:43<17:38,  1.00it/s]
 65%|ΓûêΓûêΓûêΓûêΓûêΓûêΓûì   | 1938/3000 [42:44<15:19,  1.16it/s]
 65%|ΓûêΓûêΓûêΓûêΓûêΓûêΓûì   | 1939/3000 [42:45<16:58,  1.04it/s]
 65%|ΓûêΓûêΓûêΓûêΓûêΓûêΓûì   | 1940/3000 [42:46<19:39,  1.11s/it]
 65%|ΓûêΓûêΓûêΓûêΓûêΓûêΓûì   | 1941/3000 [42:48<19:49,  1.12s/it]
 65%|ΓûêΓûêΓûêΓûêΓûêΓûêΓûì   | 1942/3000 [42:49<19:06,  1.08s/it]
 65%|ΓûêΓûêΓûêΓûêΓûêΓûêΓûì   | 1943/3000 [42:50<19:56,  1.13s/it]
 65%|ΓûêΓûêΓûêΓûêΓûêΓûêΓûì   | 1944/3000 [42:51<17:31,  1.00it/s]
 65%|ΓûêΓûêΓûêΓûêΓûêΓûêΓûì   | 1945/3000 [42:52<18:10,  1.03s/it]
 65%|ΓûêΓûêΓûêΓûêΓûêΓûêΓûì   | 1946/3000 [42:53<17:05,  1.03it/s]
 65%|ΓûêΓûêΓûêΓûêΓûêΓûêΓûì   | 1947/3000 [42:53<16:38,  1.06it/s]
 65%|ΓûêΓûêΓûêΓûêΓûêΓûêΓûì   | 1948/3000 [42:57<30:25,  1.74s/it]
 65%|ΓûêΓûêΓûêΓûêΓûêΓûêΓûì   | 1949/3000 [42:58<27:59,  1.60s/it]
 65%|ΓûêΓûêΓûêΓûêΓûêΓûêΓûî   | 1950/3000 [43:00<30:28,  1.74s/it]
 65%|ΓûêΓûêΓûêΓûêΓûêΓûêΓûî   | 1951/3000 [43:02<30:59,  1.77s/it]
 65%|ΓûêΓûêΓûêΓûêΓûêΓûêΓûî   | 1952/3000 [43:04<33:37,  1.92s/it]
 65%|ΓûêΓûêΓûêΓûêΓûêΓûêΓûî   | 1953/3000 [43:06<30:35,  1.75s/it]
 65%|ΓûêΓûêΓûêΓûêΓûêΓûêΓûî   | 1954/3000 [43:07<26:18,  1.51s/it]
 65%|ΓûêΓûêΓûêΓûêΓûêΓûêΓûî   | 1955/3000 [43:08<26:38,  1.53s/it]
 65%|ΓûêΓûêΓûêΓûêΓûêΓûêΓûî   | 1956/3000 [43:11<30:57,  1.78s/it]
 65%|ΓûêΓûêΓûêΓûêΓûêΓûêΓûî   | 1957/3000 [43:12<28:59,  1.67s/it]
 65%|ΓûêΓûêΓûêΓûêΓûêΓûêΓûî   | 1958/3000 [43:14<29:19,  1.69s/it]
 65%|ΓûêΓûêΓûêΓûêΓûêΓûêΓûî   | 1959/3000 [43:15<24:51,  1.43s/it]
 65%|ΓûêΓûêΓûêΓûêΓûêΓûêΓûî   | 1960/3000 [43:16<22:42,  1.31s/it]
 65%|ΓûêΓûêΓûêΓûêΓûêΓûêΓûî   | 1961/3000 [43:17<21:50,  1.26s/it]
 65%|ΓûêΓûêΓûêΓûêΓûêΓûêΓûî   | 1962/3000 [43:19<28:47,  1.66s/it]
 65%|ΓûêΓûêΓûêΓûêΓûêΓûêΓûî   | 1963/3000 [43:21<27:18,  1.58s/it]
 65%|ΓûêΓûêΓûêΓûêΓûêΓûêΓûî   | 1964/3000 [43:22<23:41,  1.37s/it]
 66%|ΓûêΓûêΓûêΓûêΓûêΓûêΓûî   | 1965/3000 [43:23<25:23,  1.47s/it]
 66%|ΓûêΓûêΓûêΓûêΓûêΓûêΓûî   | 1966/3000 [43:25<25:02,  1.45s/it]
 66%|ΓûêΓûêΓûêΓûêΓûêΓûêΓûî   | 1967/3000 [43:26<21:45,  1.26s/it]
 66%|ΓûêΓûêΓûêΓûêΓûêΓûêΓûî   | 1968/3000 [43:28<24:51,  1.45s/it]
 66%|ΓûêΓûêΓûêΓûêΓûêΓûêΓûî   | 1969/3000 [43:29<27:05,  1.58s/it]
 66%|ΓûêΓûêΓûêΓûêΓûêΓûêΓûî   | 1970/3000 [43:30<24:05,  1.40s/it]
 66%|ΓûêΓûêΓûêΓûêΓûêΓûêΓûî   | 1971/3000 [43:31<21:50,  1.27s/it]
 66%|ΓûêΓûêΓûêΓûêΓûêΓûêΓûî   | 1972/3000 [43:32<18:41,  1.09s/it]
 66%|ΓûêΓûêΓûêΓûêΓûêΓûêΓûî   | 1973/3000 [43:33<16:29,  1.04it/s]
 66%|ΓûêΓûêΓûêΓûêΓûêΓûêΓûî   | 1974/3000 [43:34<19:46,  1.16s/it]
 66%|ΓûêΓûêΓûêΓûêΓûêΓûêΓûî   | 1975/3000 [43:36<20:13,  1.18s/it]
 66%|ΓûêΓûêΓûêΓûêΓûêΓûêΓûî   | 1976/3000 [43:37<21:25,  1.26s/it]
 66%|ΓûêΓûêΓûêΓûêΓûêΓûêΓûî   | 1977/3000 [43:38<19:25,  1.14s/it]
 66%|ΓûêΓûêΓûêΓûêΓûêΓûêΓûî   | 1978/3000 [43:39<17:45,  1.04s/it]
 66%|ΓûêΓûêΓûêΓûêΓûêΓûêΓûî   | 1979/3000 [43:39<15:47,  1.08it/s]
 66%|ΓûêΓûêΓûêΓûêΓûêΓûêΓûî   | 1980/3000 [43:40<14:20,  1.18it/s]
 66%|ΓûêΓûêΓûêΓûêΓûêΓûêΓûî   | 1981/3000 [43:41<15:34,  1.09it/s]
 66%|ΓûêΓûêΓûêΓûêΓûêΓûêΓûî   | 1982/3000 [43:45<28:40,  1.69s/it]
 66%|ΓûêΓûêΓûêΓûêΓûêΓûêΓûî   | 1983/3000 [43:47<33:07,  1.95s/it]
 66%|ΓûêΓûêΓûêΓûêΓûêΓûêΓûî   | 1984/3000 [43:48<26:29,  1.56s/it]
 66%|ΓûêΓûêΓûêΓûêΓûêΓûêΓûî   | 1985/3000 [43:49<25:25,  1.50s/it]
 66%|ΓûêΓûêΓûêΓûêΓûêΓûêΓûî   | 1986/3000 [43:51<27:07,  1.60s/it]
 66%|ΓûêΓûêΓûêΓûêΓûêΓûêΓûî   | 1987/3000 [43:52<22:12,  1.32s/it]
 66%|ΓûêΓûêΓûêΓûêΓûêΓûêΓûï   | 1988/3000 [43:53<23:46,  1.41s/it]
 66%|ΓûêΓûêΓûêΓûêΓûêΓûêΓûï   | 1989/3000 [43:55<24:14,  1.44s/it]
 66%|ΓûêΓûêΓûêΓûêΓûêΓûêΓûï   | 1990/3000 [43:55<20:11,  1.20s/it]
 66%|ΓûêΓûêΓûêΓûêΓûêΓûêΓûï   | 1991/3000 [43:56<19:05,  1.14s/it]
 66%|ΓûêΓûêΓûêΓûêΓûêΓûêΓûï   | 1992/3000 [43:57<17:35,  1.05s/it]
 66%|ΓûêΓûêΓûêΓûêΓûêΓûêΓûï   | 1993/3000 [43:59<20:22,  1.21s/it]
 66%|ΓûêΓûêΓûêΓûêΓûêΓûêΓûï   | 1994/3000 [44:00<19:18,  1.15s/it]
 66%|ΓûêΓûêΓûêΓûêΓûêΓûêΓûï   | 1995/3000 [44:01<18:10,  1.08s/it]
 67%|ΓûêΓûêΓûêΓûêΓûêΓûêΓûï   | 1996/3000 [44:02<18:13,  1.09s/it]
 67%|ΓûêΓûêΓûêΓûêΓûêΓûêΓûï   | 1997/3000 [44:04<22:50,  1.37s/it]
 67%|ΓûêΓûêΓûêΓûêΓûêΓûêΓûï   | 1998/3000 [44:05<22:14,  1.33s/it]
 67%|ΓûêΓûêΓûêΓûêΓûêΓûêΓûï   | 1999/3000 [44:06<20:46,  1.25s/it]
 67%|ΓûêΓûêΓûêΓûêΓûêΓûêΓûï   | 2000/3000 [44:07<19:54,  1.19s/it]
 67%|ΓûêΓûêΓûêΓûêΓûêΓûêΓûï   | 2001/3000 [44:08<18:46,  1.13s/it]
 67%|ΓûêΓûêΓûêΓûêΓûêΓûêΓûï   | 2002/3000 [44:10<20:53,  1.26s/it]
 67%|ΓûêΓûêΓûêΓûêΓûêΓûêΓûï   | 2003/3000 [44:11<22:02,  1.33s/it]
 67%|ΓûêΓûêΓûêΓûêΓûêΓûêΓûï   | 2004/3000 [44:12<20:08,  1.21s/it]
 67%|ΓûêΓûêΓûêΓûêΓûêΓûêΓûï   | 2005/3000 [44:14<24:03,  1.45s/it]
 67%|ΓûêΓûêΓûêΓûêΓûêΓûêΓûï   | 2006/3000 [44:16<25:38,  1.55s/it]
 67%|ΓûêΓûêΓûêΓûêΓûêΓûêΓûï   | 2007/3000 [44:17<24:55,  1.51s/it]
 67%|ΓûêΓûêΓûêΓûêΓûêΓûêΓûï   | 2008/3000 [44:19<27:32,  1.67s/it]
 67%|ΓûêΓûêΓûêΓûêΓûêΓûêΓûï   | 2009/3000 [44:21<25:28,  1.54s/it]
 67%|ΓûêΓûêΓûêΓûêΓûêΓûêΓûï   | 2010/3000 [44:22<22:25,  1.36s/it]
 67%|ΓûêΓûêΓûêΓûêΓûêΓûêΓûï   | 2011/3000 [44:23<21:19,  1.29s/it]
 67%|ΓûêΓûêΓûêΓûêΓûêΓûêΓûï   | 2012/3000 [44:23<18:17,  1.11s/it]
 67%|ΓûêΓûêΓûêΓûêΓûêΓûêΓûï   | 2013/3000 [44:24<17:47,  1.08s/it]
 67%|ΓûêΓûêΓûêΓûêΓûêΓûêΓûï   | 2014/3000 [44:25<16:36,  1.01s/it]
 67%|ΓûêΓûêΓûêΓûêΓûêΓûêΓûï   | 2015/3000 [44:26<14:57,  1.10it/s]
 67%|ΓûêΓûêΓûêΓûêΓûêΓûêΓûï   | 2016/3000 [44:27<16:07,  1.02it/s]
 67%|ΓûêΓûêΓûêΓûêΓûêΓûêΓûï   | 2017/3000 [44:28<15:17,  1.07it/s]
 67%|ΓûêΓûêΓûêΓûêΓûêΓûêΓûï   | 2018/3000 [44:29<15:09,  1.08it/s]
 67%|ΓûêΓûêΓûêΓûêΓûêΓûêΓûï   | 2019/3000 [44:30<16:36,  1.02s/it]
 67%|ΓûêΓûêΓûêΓûêΓûêΓûêΓûï   | 2020/3000 [44:31<16:27,  1.01s/it]
 67%|ΓûêΓûêΓûêΓûêΓûêΓûêΓûï   | 2021/3000 [44:32<16:31,  1.01s/it]
 67%|ΓûêΓûêΓûêΓûêΓûêΓûêΓûï   | 2022/3000 [44:33<18:15,  1.12s/it]
 67%|ΓûêΓûêΓûêΓûêΓûêΓûêΓûï   | 2023/3000 [44:34<16:57,  1.04s/it]
 67%|ΓûêΓûêΓûêΓûêΓûêΓûêΓûï   | 2024/3000 [44:35<16:00,  1.02it/s]
 68%|ΓûêΓûêΓûêΓûêΓûêΓûêΓûè   | 2025/3000 [44:36<17:01,  1.05s/it]
 68%|ΓûêΓûêΓûêΓûêΓûêΓûêΓûè   | 2026/3000 [44:37<16:47,  1.03s/it]
 68%|ΓûêΓûêΓûêΓûêΓûêΓûêΓûè   | 2027/3000 [44:39<17:58,  1.11s/it]
 68%|ΓûêΓûêΓûêΓûêΓûêΓûêΓûè   | 2028/3000 [44:40<19:46,  1.22s/it]
 68%|ΓûêΓûêΓûêΓûêΓûêΓûêΓûè   | 2029/3000 [44:41<18:50,  1.16s/it]
 68%|ΓûêΓûêΓûêΓûêΓûêΓûêΓûè   | 2030/3000 [44:42<18:37,  1.15s/it]
 68%|ΓûêΓûêΓûêΓûêΓûêΓûêΓûè   | 2031/3000 [44:43<18:01,  1.12s/it]
 68%|ΓûêΓûêΓûêΓûêΓûêΓûêΓûè   | 2032/3000 [44:44<17:50,  1.11s/it]
 68%|ΓûêΓûêΓûêΓûêΓûêΓûêΓûè   | 2033/3000 [44:45<17:24,  1.08s/it]
 68%|ΓûêΓûêΓûêΓûêΓûêΓûêΓûè   | 2034/3000 [44:47<19:09,  1.19s/it]
 68%|ΓûêΓûêΓûêΓûêΓûêΓûêΓûè   | 2035/3000 [44:48<18:40,  1.16s/it]
 68%|ΓûêΓûêΓûêΓûêΓûêΓûêΓûè   | 2036/3000 [44:49<18:42,  1.16s/it]
 68%|ΓûêΓûêΓûêΓûêΓûêΓûêΓûè   | 2037/3000 [44:51<19:56,  1.24s/it]
 68%|ΓûêΓûêΓûêΓûêΓûêΓûêΓûè   | 2038/3000 [44:52<19:57,  1.24s/it]
 68%|ΓûêΓûêΓûêΓûêΓûêΓûêΓûè   | 2039/3000 [44:54<22:10,  1.38s/it]
 68%|ΓûêΓûêΓûêΓûêΓûêΓûêΓûè   | 2040/3000 [44:55<20:29,  1.28s/it]
 68%|ΓûêΓûêΓûêΓûêΓûêΓûêΓûè   | 2041/3000 [44:56<22:18,  1.40s/it]
 68%|ΓûêΓûêΓûêΓûêΓûêΓûêΓûè   | 2042/3000 [44:57<20:39,  1.29s/it]
 68%|ΓûêΓûêΓûêΓûêΓûêΓûêΓûè   | 2043/3000 [44:58<17:32,  1.10s/it]
 68%|ΓûêΓûêΓûêΓûêΓûêΓûêΓûè   | 2044/3000 [44:59<15:23,  1.04it/s]
 68%|ΓûêΓûêΓûêΓûêΓûêΓûêΓûè   | 2045/3000 [45:00<17:57,  1.13s/it]
 68%|ΓûêΓûêΓûêΓûêΓûêΓûêΓûè   | 2046/3000 [45:02<19:18,  1.21s/it]
 68%|ΓûêΓûêΓûêΓûêΓûêΓûêΓûè   | 2047/3000 [45:03<19:17,  1.22s/it]
 68%|ΓûêΓûêΓûêΓûêΓûêΓûêΓûè   | 2048/3000 [45:06<27:08,  1.71s/it]
 68%|ΓûêΓûêΓûêΓûêΓûêΓûêΓûè   | 2049/3000 [45:07<23:57,  1.51s/it]
 68%|ΓûêΓûêΓûêΓûêΓûêΓûêΓûè   | 2050/3000 [45:08<24:42,  1.56s/it]
 68%|ΓûêΓûêΓûêΓûêΓûêΓûêΓûè   | 2051/3000 [45:09<21:38,  1.37s/it]
 68%|ΓûêΓûêΓûêΓûêΓûêΓûêΓûè   | 2052/3000 [45:10<19:28,  1.23s/it]
 68%|ΓûêΓûêΓûêΓûêΓûêΓûêΓûè   | 2053/3000 [45:11<19:14,  1.22s/it]
 68%|ΓûêΓûêΓûêΓûêΓûêΓûêΓûè   | 2054/3000 [45:13<22:40,  1.44s/it]
 68%|ΓûêΓûêΓûêΓûêΓûêΓûêΓûè   | 2055/3000 [45:14<19:14,  1.22s/it]
 69%|ΓûêΓûêΓûêΓûêΓûêΓûêΓûè   | 2056/3000 [45:15<17:55,  1.14s/it]
 69%|ΓûêΓûêΓûêΓûêΓûêΓûêΓûè   | 2057/3000 [45:16<15:12,  1.03it/s]
 69%|ΓûêΓûêΓûêΓûêΓûêΓûêΓûè   | 2058/3000 [45:17<16:24,  1.04s/it]
 69%|ΓûêΓûêΓûêΓûêΓûêΓûêΓûè   | 2059/3000 [45:18<16:33,  1.06s/it]
 69%|ΓûêΓûêΓûêΓûêΓûêΓûêΓûè   | 2060/3000 [45:19<15:54,  1.02s/it]
 69%|ΓûêΓûêΓûêΓûêΓûêΓûêΓûè   | 2061/3000 [45:20<15:04,  1.04it/s]
 69%|ΓûêΓûêΓûêΓûêΓûêΓûêΓûè   | 2062/3000 [45:21<15:14,  1.03it/s]
 69%|ΓûêΓûêΓûêΓûêΓûêΓûêΓûë   | 2063/3000 [45:22<16:26,  1.05s/it]
 69%|ΓûêΓûêΓûêΓûêΓûêΓûêΓûë   | 2064/3000 [45:23<15:03,  1.04it/s]
 69%|ΓûêΓûêΓûêΓûêΓûêΓûêΓûë   | 2065/3000 [45:24<15:42,  1.01s/it]
 69%|ΓûêΓûêΓûêΓûêΓûêΓûêΓûë   | 2066/3000 [45:25<15:26,  1.01it/s]
 69%|ΓûêΓûêΓûêΓûêΓûêΓûêΓûë   | 2067/3000 [45:25<13:54,  1.12it/s]
 69%|ΓûêΓûêΓûêΓûêΓûêΓûêΓûë   | 2068/3000 [45:26<13:47,  1.13it/s]
 69%|ΓûêΓûêΓûêΓûêΓûêΓûêΓûë   | 2069/3000 [45:27<14:03,  1.10it/s]
 69%|ΓûêΓûêΓûêΓûêΓûêΓûêΓûë   | 2070/3000 [45:28<13:32,  1.14it/s]
 69%|ΓûêΓûêΓûêΓûêΓûêΓûêΓûë   | 2071/3000 [45:28<11:54,  1.30it/s]
 69%|ΓûêΓûêΓûêΓûêΓûêΓûêΓûë   | 2072/3000 [45:30<14:41,  1.05it/s]
 69%|ΓûêΓûêΓûêΓûêΓûêΓûêΓûë   | 2073/3000 [45:31<16:36,  1.08s/it]
 69%|ΓûêΓûêΓûêΓûêΓûêΓûêΓûë   | 2074/3000 [45:32<16:53,  1.09s/it]
 69%|ΓûêΓûêΓûêΓûêΓûêΓûêΓûë   | 2075/3000 [45:34<18:17,  1.19s/it]
 69%|ΓûêΓûêΓûêΓûêΓûêΓûêΓûë   | 2076/3000 [45:35<18:36,  1.21s/it]
 69%|ΓûêΓûêΓûêΓûêΓûêΓûêΓûë   | 2077/3000 [45:36<15:56,  1.04s/it]
 69%|ΓûêΓûêΓûêΓûêΓûêΓûêΓûë   | 2078/3000 [45:37<18:38,  1.21s/it]
 69%|ΓûêΓûêΓûêΓûêΓûêΓûêΓûë   | 2079/3000 [45:39<20:08,  1.31s/it]
 69%|ΓûêΓûêΓûêΓûêΓûêΓûêΓûë   | 2080/3000 [45:40<18:25,  1.20s/it]
 69%|ΓûêΓûêΓûêΓûêΓûêΓûêΓûë   | 2081/3000 [45:41<17:39,  1.15s/it]
 69%|ΓûêΓûêΓûêΓûêΓûêΓûêΓûë   | 2082/3000 [45:43<22:27,  1.47s/it]
 69%|ΓûêΓûêΓûêΓûêΓûêΓûêΓûë   | 2083/3000 [45:44<19:29,  1.28s/it]
 69%|ΓûêΓûêΓûêΓûêΓûêΓûêΓûë   | 2084/3000 [45:44<16:40,  1.09s/it]
 70%|ΓûêΓûêΓûêΓûêΓûêΓûêΓûë   | 2085/3000 [45:47<22:07,  1.45s/it]
 70%|ΓûêΓûêΓûêΓûêΓûêΓûêΓûë   | 2086/3000 [45:48<19:34,  1.28s/it]
 70%|ΓûêΓûêΓûêΓûêΓûêΓûêΓûë   | 2087/3000 [45:49<19:21,  1.27s/it]
 70%|ΓûêΓûêΓûêΓûêΓûêΓûêΓûë   | 2088/3000 [45:50<19:25,  1.28s/it]
 70%|ΓûêΓûêΓûêΓûêΓûêΓûêΓûë   | 2089/3000 [45:51<17:55,  1.18s/it]
 70%|ΓûêΓûêΓûêΓûêΓûêΓûêΓûë   | 2090/3000 [45:52<17:21,  1.14s/it]
 70%|ΓûêΓûêΓûêΓûêΓûêΓûêΓûë   | 2091/3000 [45:53<17:43,  1.17s/it]
 70%|ΓûêΓûêΓûêΓûêΓûêΓûêΓûë   | 2092/3000 [45:54<17:04,  1.13s/it]
 70%|ΓûêΓûêΓûêΓûêΓûêΓûêΓûë   | 2093/3000 [45:56<18:36,  1.23s/it]
 70%|ΓûêΓûêΓûêΓûêΓûêΓûêΓûë   | 2094/3000 [45:58<21:54,  1.45s/it]
 70%|ΓûêΓûêΓûêΓûêΓûêΓûêΓûë   | 2095/3000 [45:59<18:18,  1.21s/it]
 70%|ΓûêΓûêΓûêΓûêΓûêΓûêΓûë   | 2096/3000 [46:00<21:07,  1.40s/it]
 70%|ΓûêΓûêΓûêΓûêΓûêΓûêΓûë   | 2097/3000 [46:02<20:42,  1.38s/it]
 70%|ΓûêΓûêΓûêΓûêΓûêΓûêΓûë   | 2098/3000 [46:03<19:19,  1.29s/it]
 70%|ΓûêΓûêΓûêΓûêΓûêΓûêΓûë   | 2099/3000 [46:04<18:01,  1.20s/it]
 70%|ΓûêΓûêΓûêΓûêΓûêΓûêΓûê   | 2100/3000 [46:05<17:19,  1.16s/it]
 70%|ΓûêΓûêΓûêΓûêΓûêΓûêΓûê   | 2101/3000 [46:06<18:58,  1.27s/it]
 70%|ΓûêΓûêΓûêΓûêΓûêΓûêΓûê   | 2102/3000 [46:08<18:28,  1.23s/it]
 70%|ΓûêΓûêΓûêΓûêΓûêΓûêΓûê   | 2103/3000 [46:08<15:52,  1.06s/it]
 70%|ΓûêΓûêΓûêΓûêΓûêΓûêΓûê   | 2104/3000 [46:09<14:55,  1.00it/s]
 70%|ΓûêΓûêΓûêΓûêΓûêΓûêΓûê   | 2105/3000 [46:11<17:38,  1.18s/it]
 70%|ΓûêΓûêΓûêΓûêΓûêΓûêΓûê   | 2106/3000 [46:12<18:49,  1.26s/it]
 70%|ΓûêΓûêΓûêΓûêΓûêΓûêΓûê   | 2107/3000 [46:13<17:59,  1.21s/it]
 70%|ΓûêΓûêΓûêΓûêΓûêΓûêΓûê   | 2108/3000 [46:14<17:20,  1.17s/it]
 70%|ΓûêΓûêΓûêΓûêΓûêΓûêΓûê   | 2109/3000 [46:16<19:31,  1.32s/it]
 70%|ΓûêΓûêΓûêΓûêΓûêΓûêΓûê   | 2110/3000 [46:17<16:34,  1.12s/it]
 70%|ΓûêΓûêΓûêΓûêΓûêΓûêΓûê   | 2111/3000 [46:18<17:53,  1.21s/it]
 70%|ΓûêΓûêΓûêΓûêΓûêΓûêΓûê   | 2112/3000 [46:19<17:50,  1.21s/it]
 70%|ΓûêΓûêΓûêΓûêΓûêΓûêΓûê   | 2113/3000 [46:20<17:46,  1.20s/it]
 70%|ΓûêΓûêΓûêΓûêΓûêΓûêΓûê   | 2114/3000 [46:22<19:02,  1.29s/it]
 70%|ΓûêΓûêΓûêΓûêΓûêΓûêΓûê   | 2115/3000 [46:23<17:15,  1.17s/it]
 71%|ΓûêΓûêΓûêΓûêΓûêΓûêΓûê   | 2116/3000 [46:24<16:49,  1.14s/it]
 71%|ΓûêΓûêΓûêΓûêΓûêΓûêΓûê   | 2117/3000 [46:25<17:25,  1.18s/it]
 71%|ΓûêΓûêΓûêΓûêΓûêΓûêΓûê   | 2118/3000 [46:27<20:28,  1.39s/it]
 71%|ΓûêΓûêΓûêΓûêΓûêΓûêΓûê   | 2119/3000 [46:28<18:51,  1.28s/it]
 71%|ΓûêΓûêΓûêΓûêΓûêΓûêΓûê   | 2120/3000 [46:31<26:25,  1.80s/it]
 71%|ΓûêΓûêΓûêΓûêΓûêΓûêΓûê   | 2121/3000 [46:33<27:00,  1.84s/it]
 71%|ΓûêΓûêΓûêΓûêΓûêΓûêΓûê   | 2122/3000 [46:34<22:06,  1.51s/it]
 71%|ΓûêΓûêΓûêΓûêΓûêΓûêΓûê   | 2123/3000 [46:35<20:12,  1.38s/it]
 71%|ΓûêΓûêΓûêΓûêΓûêΓûêΓûê   | 2124/3000 [46:36<19:17,  1.32s/it]
 71%|ΓûêΓûêΓûêΓûêΓûêΓûêΓûê   | 2125/3000 [46:38<22:34,  1.55s/it]
 71%|ΓûêΓûêΓûêΓûêΓûêΓûêΓûê   | 2126/3000 [46:39<19:34,  1.34s/it]
 71%|ΓûêΓûêΓûêΓûêΓûêΓûêΓûê   | 2127/3000 [46:40<19:01,  1.31s/it]
 71%|ΓûêΓûêΓûêΓûêΓûêΓûêΓûê   | 2128/3000 [46:41<17:44,  1.22s/it]
 71%|ΓûêΓûêΓûêΓûêΓûêΓûêΓûê   | 2129/3000 [46:43<19:09,  1.32s/it]
 71%|ΓûêΓûêΓûêΓûêΓûêΓûêΓûê   | 2130/3000 [46:45<21:22,  1.47s/it]
 71%|ΓûêΓûêΓûêΓûêΓûêΓûêΓûê   | 2131/3000 [46:46<20:47,  1.44s/it]
 71%|ΓûêΓûêΓûêΓûêΓûêΓûêΓûê   | 2132/3000 [46:47<20:06,  1.39s/it]
 71%|ΓûêΓûêΓûêΓûêΓûêΓûêΓûê   | 2133/3000 [46:48<19:36,  1.36s/it]
 71%|ΓûêΓûêΓûêΓûêΓûêΓûêΓûê   | 2134/3000 [46:52<28:09,  1.95s/it]
 71%|ΓûêΓûêΓûêΓûêΓûêΓûêΓûê   | 2135/3000 [46:52<22:31,  1.56s/it]
 71%|ΓûêΓûêΓûêΓûêΓûêΓûêΓûê   | 2136/3000 [46:53<19:47,  1.37s/it]
 71%|ΓûêΓûêΓûêΓûêΓûêΓûêΓûê   | 2137/3000 [46:55<20:02,  1.39s/it]
 71%|ΓûêΓûêΓûêΓûêΓûêΓûêΓûêΓûÅ  | 2138/3000 [46:56<18:17,  1.27s/it]
 71%|ΓûêΓûêΓûêΓûêΓûêΓûêΓûêΓûÅ  | 2139/3000 [46:57<16:20,  1.14s/it]
 71%|ΓûêΓûêΓûêΓûêΓûêΓûêΓûêΓûÅ  | 2140/3000 [46:57<14:58,  1.05s/it]
 71%|ΓûêΓûêΓûêΓûêΓûêΓûêΓûêΓûÅ  | 2141/3000 [46:58<14:48,  1.03s/it]
 71%|ΓûêΓûêΓûêΓûêΓûêΓûêΓûêΓûÅ  | 2142/3000 [46:59<14:14,  1.00it/s]
 71%|ΓûêΓûêΓûêΓûêΓûêΓûêΓûêΓûÅ  | 2143/3000 [47:01<14:58,  1.05s/it]
 71%|ΓûêΓûêΓûêΓûêΓûêΓûêΓûêΓûÅ  | 2144/3000 [47:02<16:14,  1.14s/it]
 72%|ΓûêΓûêΓûêΓûêΓûêΓûêΓûêΓûÅ  | 2145/3000 [47:03<16:17,  1.14s/it]
 72%|ΓûêΓûêΓûêΓûêΓûêΓûêΓûêΓûÅ  | 2146/3000 [47:06<22:35,  1.59s/it]
 72%|ΓûêΓûêΓûêΓûêΓûêΓûêΓûêΓûÅ  | 2147/3000 [47:07<22:25,  1.58s/it]
 72%|ΓûêΓûêΓûêΓûêΓûêΓûêΓûêΓûÅ  | 2148/3000 [47:08<18:39,  1.31s/it]
 72%|ΓûêΓûêΓûêΓûêΓûêΓûêΓûêΓûÅ  | 2149/3000 [47:10<22:47,  1.61s/it]
 72%|ΓûêΓûêΓûêΓûêΓûêΓûêΓûêΓûÅ  | 2150/3000 [47:13<27:51,  1.97s/it]
 72%|ΓûêΓûêΓûêΓûêΓûêΓûêΓûêΓûÅ  | 2151/3000 [47:15<25:58,  1.84s/it]
 72%|ΓûêΓûêΓûêΓûêΓûêΓûêΓûêΓûÅ  | 2152/3000 [47:16<23:34,  1.67s/it]
 72%|ΓûêΓûêΓûêΓûêΓûêΓûêΓûêΓûÅ  | 2153/3000 [47:17<23:25,  1.66s/it]
 72%|ΓûêΓûêΓûêΓûêΓûêΓûêΓûêΓûÅ  | 2154/3000 [47:19<20:49,  1.48s/it]
 72%|ΓûêΓûêΓûêΓûêΓûêΓûêΓûêΓûÅ  | 2155/3000 [47:20<20:19,  1.44s/it]
 72%|ΓûêΓûêΓûêΓûêΓûêΓûêΓûêΓûÅ  | 2156/3000 [47:21<18:37,  1.32s/it]
 72%|ΓûêΓûêΓûêΓûêΓûêΓûêΓûêΓûÅ  | 2157/3000 [47:22<15:48,  1.13s/it]
 72%|ΓûêΓûêΓûêΓûêΓûêΓûêΓûêΓûÅ  | 2158/3000 [47:24<22:02,  1.57s/it]
 72%|ΓûêΓûêΓûêΓûêΓûêΓûêΓûêΓûÅ  | 2159/3000 [47:25<19:02,  1.36s/it]
 72%|ΓûêΓûêΓûêΓûêΓûêΓûêΓûêΓûÅ  | 2160/3000 [47:26<16:07,  1.15s/it]
 72%|ΓûêΓûêΓûêΓûêΓûêΓûêΓûêΓûÅ  | 2161/3000 [47:27<18:11,  1.30s/it]
 72%|ΓûêΓûêΓûêΓûêΓûêΓûêΓûêΓûÅ  | 2162/3000 [47:29<20:05,  1.44s/it]
 72%|ΓûêΓûêΓûêΓûêΓûêΓûêΓûêΓûÅ  | 2163/3000 [47:31<21:19,  1.53s/it]
 72%|ΓûêΓûêΓûêΓûêΓûêΓûêΓûêΓûÅ  | 2164/3000 [47:32<19:53,  1.43s/it]
 72%|ΓûêΓûêΓûêΓûêΓûêΓûêΓûêΓûÅ  | 2165/3000 [47:33<18:08,  1.30s/it]
 72%|ΓûêΓûêΓûêΓûêΓûêΓûêΓûêΓûÅ  | 2166/3000 [47:35<21:25,  1.54s/it]
 72%|ΓûêΓûêΓûêΓûêΓûêΓûêΓûêΓûÅ  | 2167/3000 [47:36<19:21,  1.39s/it]
 72%|ΓûêΓûêΓûêΓûêΓûêΓûêΓûêΓûÅ  | 2168/3000 [47:38<21:47,  1.57s/it]
 72%|ΓûêΓûêΓûêΓûêΓûêΓûêΓûêΓûÅ  | 2169/3000 [47:39<20:04,  1.45s/it]
 72%|ΓûêΓûêΓûêΓûêΓûêΓûêΓûêΓûÅ  | 2170/3000 [47:41<20:03,  1.45s/it]
 72%|ΓûêΓûêΓûêΓûêΓûêΓûêΓûêΓûÅ  | 2171/3000 [47:43<24:33,  1.78s/it]
 72%|ΓûêΓûêΓûêΓûêΓûêΓûêΓûêΓûÅ  | 2172/3000 [47:44<20:37,  1.49s/it]
 72%|ΓûêΓûêΓûêΓûêΓûêΓûêΓûêΓûÅ  | 2173/3000 [47:46<20:13,  1.47s/it]
 72%|ΓûêΓûêΓûêΓûêΓûêΓûêΓûêΓûÅ  | 2174/3000 [47:47<19:07,  1.39s/it]
 72%|ΓûêΓûêΓûêΓûêΓûêΓûêΓûêΓûÄ  | 2175/3000 [47:48<18:45,  1.36s/it]
 73%|ΓûêΓûêΓûêΓûêΓûêΓûêΓûêΓûÄ  | 2176/3000 [47:49<16:44,  1.22s/it]
 73%|ΓûêΓûêΓûêΓûêΓûêΓûêΓûêΓûÄ  | 2177/3000 [47:50<16:56,  1.24s/it]
 73%|ΓûêΓûêΓûêΓûêΓûêΓûêΓûêΓûÄ  | 2178/3000 [47:52<16:56,  1.24s/it]
 73%|ΓûêΓûêΓûêΓûêΓûêΓûêΓûêΓûÄ  | 2179/3000 [47:52<15:15,  1.12s/it]
 73%|ΓûêΓûêΓûêΓûêΓûêΓûêΓûêΓûÄ  | 2180/3000 [47:54<15:32,  1.14s/it]
 73%|ΓûêΓûêΓûêΓûêΓûêΓûêΓûêΓûÄ  | 2181/3000 [47:55<14:40,  1.08s/it]
 73%|ΓûêΓûêΓûêΓûêΓûêΓûêΓûêΓûÄ  | 2182/3000 [47:56<15:17,  1.12s/it]
 73%|ΓûêΓûêΓûêΓûêΓûêΓûêΓûêΓûÄ  | 2183/3000 [47:56<13:14,  1.03it/s]
 73%|ΓûêΓûêΓûêΓûêΓûêΓûêΓûêΓûÄ  | 2184/3000 [47:58<14:23,  1.06s/it]
 73%|ΓûêΓûêΓûêΓûêΓûêΓûêΓûêΓûÄ  | 2185/3000 [47:59<16:34,  1.22s/it]
 73%|ΓûêΓûêΓûêΓûêΓûêΓûêΓûêΓûÄ  | 2186/3000 [48:01<17:43,  1.31s/it]
 73%|ΓûêΓûêΓûêΓûêΓûêΓûêΓûêΓûÄ  | 2187/3000 [48:02<16:11,  1.19s/it]
 73%|ΓûêΓûêΓûêΓûêΓûêΓûêΓûêΓûÄ  | 2188/3000 [48:03<17:21,  1.28s/it]
 73%|ΓûêΓûêΓûêΓûêΓûêΓûêΓûêΓûÄ  | 2189/3000 [48:05<17:43,  1.31s/it]
 73%|ΓûêΓûêΓûêΓûêΓûêΓûêΓûêΓûÄ  | 2190/3000 [48:06<16:36,  1.23s/it]
 73%|ΓûêΓûêΓûêΓûêΓûêΓûêΓûêΓûÄ  | 2191/3000 [48:06<15:03,  1.12s/it]
 73%|ΓûêΓûêΓûêΓûêΓûêΓûêΓûêΓûÄ  | 2192/3000 [48:07<13:43,  1.02s/it]
 73%|ΓûêΓûêΓûêΓûêΓûêΓûêΓûêΓûÄ  | 2193/3000 [48:09<14:51,  1.10s/it]
 73%|ΓûêΓûêΓûêΓûêΓûêΓûêΓûêΓûÄ  | 2194/3000 [48:09<13:58,  1.04s/it]
 73%|ΓûêΓûêΓûêΓûêΓûêΓûêΓûêΓûÄ  | 2195/3000 [48:11<15:22,  1.15s/it]
 73%|ΓûêΓûêΓûêΓûêΓûêΓûêΓûêΓûÄ  | 2196/3000 [48:12<16:40,  1.24s/it]
 73%|ΓûêΓûêΓûêΓûêΓûêΓûêΓûêΓûÄ  | 2197/3000 [48:13<16:20,  1.22s/it]
 73%|ΓûêΓûêΓûêΓûêΓûêΓûêΓûêΓûÄ  | 2198/3000 [48:14<14:48,  1.11s/it]
 73%|ΓûêΓûêΓûêΓûêΓûêΓûêΓûêΓûÄ  | 2199/3000 [48:16<16:28,  1.23s/it]
 73%|ΓûêΓûêΓûêΓûêΓûêΓûêΓûêΓûÄ  | 2200/3000 [48:17<18:02,  1.35s/it]
 73%|ΓûêΓûêΓûêΓûêΓûêΓûêΓûêΓûÄ  | 2201/3000 [48:19<17:13,  1.29s/it]
 73%|ΓûêΓûêΓûêΓûêΓûêΓûêΓûêΓûÄ  | 2202/3000 [48:19<15:22,  1.16s/it]
 73%|ΓûêΓûêΓûêΓûêΓûêΓûêΓûêΓûÄ  | 2203/3000 [48:20<13:25,  1.01s/it]
 73%|ΓûêΓûêΓûêΓûêΓûêΓûêΓûêΓûÄ  | 2204/3000 [48:21<12:00,  1.10it/s]
 74%|ΓûêΓûêΓûêΓûêΓûêΓûêΓûêΓûÄ  | 2205/3000 [48:22<12:36,  1.05it/s]
 74%|ΓûêΓûêΓûêΓûêΓûêΓûêΓûêΓûÄ  | 2206/3000 [48:23<12:23,  1.07it/s]
 74%|ΓûêΓûêΓûêΓûêΓûêΓûêΓûêΓûÄ  | 2207/3000 [48:24<12:19,  1.07it/s]
 74%|ΓûêΓûêΓûêΓûêΓûêΓûêΓûêΓûÄ  | 2208/3000 [48:25<13:03,  1.01it/s]
 74%|ΓûêΓûêΓûêΓûêΓûêΓûêΓûêΓûÄ  | 2209/3000 [48:27<16:40,  1.26s/it]
 74%|ΓûêΓûêΓûêΓûêΓûêΓûêΓûêΓûÄ  | 2210/3000 [48:31<30:10,  2.29s/it]
 74%|ΓûêΓûêΓûêΓûêΓûêΓûêΓûêΓûÄ  | 2211/3000 [48:34<29:56,  2.28s/it]
 74%|ΓûêΓûêΓûêΓûêΓûêΓûêΓûêΓûÄ  | 2212/3000 [48:35<26:51,  2.05s/it]
 74%|ΓûêΓûêΓûêΓûêΓûêΓûêΓûêΓûì  | 2213/3000 [48:36<23:42,  1.81s/it]
 74%|ΓûêΓûêΓûêΓûêΓûêΓûêΓûêΓûì  | 2214/3000 [48:38<22:53,  1.75s/it]
 74%|ΓûêΓûêΓûêΓûêΓûêΓûêΓûêΓûì  | 2215/3000 [48:39<20:58,  1.60s/it]
 74%|ΓûêΓûêΓûêΓûêΓûêΓûêΓûêΓûì  | 2216/3000 [48:41<20:09,  1.54s/it]
 74%|ΓûêΓûêΓûêΓûêΓûêΓûêΓûêΓûì  | 2217/3000 [48:42<17:59,  1.38s/it]
 74%|ΓûêΓûêΓûêΓûêΓûêΓûêΓûêΓûì  | 2218/3000 [48:43<17:23,  1.33s/it]
 74%|ΓûêΓûêΓûêΓûêΓûêΓûêΓûêΓûì  | 2219/3000 [48:44<15:37,  1.20s/it]
 74%|ΓûêΓûêΓûêΓûêΓûêΓûêΓûêΓûì  | 2220/3000 [48:45<16:04,  1.24s/it]
 74%|ΓûêΓûêΓûêΓûêΓûêΓûêΓûêΓûì  | 2221/3000 [48:47<19:28,  1.50s/it]
 74%|ΓûêΓûêΓûêΓûêΓûêΓûêΓûêΓûì  | 2222/3000 [48:49<19:18,  1.49s/it]
 74%|ΓûêΓûêΓûêΓûêΓûêΓûêΓûêΓûì  | 2223/3000 [48:50<16:56,  1.31s/it]
 74%|ΓûêΓûêΓûêΓûêΓûêΓûêΓûêΓûì  | 2224/3000 [48:51<17:04,  1.32s/it]
 74%|ΓûêΓûêΓûêΓûêΓûêΓûêΓûêΓûì  | 2225/3000 [48:52<15:14,  1.18s/it]
 74%|ΓûêΓûêΓûêΓûêΓûêΓûêΓûêΓûì  | 2226/3000 [48:53<16:12,  1.26s/it]
 74%|ΓûêΓûêΓûêΓûêΓûêΓûêΓûêΓûì  | 2227/3000 [48:54<15:46,  1.22s/it]
 74%|ΓûêΓûêΓûêΓûêΓûêΓûêΓûêΓûì  | 2228/3000 [48:55<14:54,  1.16s/it]
 74%|ΓûêΓûêΓûêΓûêΓûêΓûêΓûêΓûì  | 2229/3000 [48:56<14:51,  1.16s/it]
 74%|ΓûêΓûêΓûêΓûêΓûêΓûêΓûêΓûì  | 2230/3000 [48:57<14:12,  1.11s/it]
 74%|ΓûêΓûêΓûêΓûêΓûêΓûêΓûêΓûì  | 2231/3000 [48:59<16:01,  1.25s/it]
 74%|ΓûêΓûêΓûêΓûêΓûêΓûêΓûêΓûì  | 2232/3000 [49:00<14:23,  1.12s/it]
 74%|ΓûêΓûêΓûêΓûêΓûêΓûêΓûêΓûì  | 2233/3000 [49:01<12:33,  1.02it/s]
 74%|ΓûêΓûêΓûêΓûêΓûêΓûêΓûêΓûì  | 2234/3000 [49:02<13:04,  1.02s/it]
 74%|ΓûêΓûêΓûêΓûêΓûêΓûêΓûêΓûì  | 2235/3000 [49:03<13:25,  1.05s/it]
 75%|ΓûêΓûêΓûêΓûêΓûêΓûêΓûêΓûì  | 2236/3000 [49:05<17:41,  1.39s/it]
 75%|ΓûêΓûêΓûêΓûêΓûêΓûêΓûêΓûì  | 2237/3000 [49:06<15:15,  1.20s/it]
 75%|ΓûêΓûêΓûêΓûêΓûêΓûêΓûêΓûì  | 2238/3000 [49:07<14:04,  1.11s/it]
 75%|ΓûêΓûêΓûêΓûêΓûêΓûêΓûêΓûì  | 2239/3000 [49:09<17:14,  1.36s/it]
 75%|ΓûêΓûêΓûêΓûêΓûêΓûêΓûêΓûì  | 2240/3000 [49:09<14:31,  1.15s/it]
 75%|ΓûêΓûêΓûêΓûêΓûêΓûêΓûêΓûì  | 2241/3000 [49:11<18:02,  1.43s/it]
 75%|ΓûêΓûêΓûêΓûêΓûêΓûêΓûêΓûì  | 2242/3000 [49:13<20:27,  1.62s/it]
 75%|ΓûêΓûêΓûêΓûêΓûêΓûêΓûêΓûì  | 2243/3000 [49:15<19:40,  1.56s/it]
 75%|ΓûêΓûêΓûêΓûêΓûêΓûêΓûêΓûì  | 2244/3000 [49:16<18:24,  1.46s/it]
 75%|ΓûêΓûêΓûêΓûêΓûêΓûêΓûêΓûì  | 2245/3000 [49:17<17:11,  1.37s/it]
 75%|ΓûêΓûêΓûêΓûêΓûêΓûêΓûêΓûì  | 2246/3000 [49:18<15:10,  1.21s/it]
 75%|ΓûêΓûêΓûêΓûêΓûêΓûêΓûêΓûì  | 2247/3000 [49:19<15:09,  1.21s/it]
 75%|ΓûêΓûêΓûêΓûêΓûêΓûêΓûêΓûì  | 2248/3000 [49:20<15:19,  1.22s/it]
 75%|ΓûêΓûêΓûêΓûêΓûêΓûêΓûêΓûì  | 2249/3000 [49:21<13:47,  1.10s/it]
 75%|ΓûêΓûêΓûêΓûêΓûêΓûêΓûêΓûî  | 2250/3000 [49:22<13:35,  1.09s/it]
 75%|ΓûêΓûêΓûêΓûêΓûêΓûêΓûêΓûî  | 2251/3000 [49:23<12:40,  1.02s/it]
 75%|ΓûêΓûêΓûêΓûêΓûêΓûêΓûêΓûî  | 2252/3000 [49:25<14:43,  1.18s/it]
 75%|ΓûêΓûêΓûêΓûêΓûêΓûêΓûêΓûî  | 2253/3000 [49:26<16:22,  1.32s/it]
 75%|ΓûêΓûêΓûêΓûêΓûêΓûêΓûêΓûî  | 2254/3000 [49:27<15:16,  1.23s/it]
 75%|ΓûêΓûêΓûêΓûêΓûêΓûêΓûêΓûî  | 2255/3000 [49:28<13:09,  1.06s/it]
 75%|ΓûêΓûêΓûêΓûêΓûêΓûêΓûêΓûî  | 2256/3000 [49:29<12:20,  1.00it/s]
 75%|ΓûêΓûêΓûêΓûêΓûêΓûêΓûêΓûî  | 2257/3000 [49:30<13:56,  1.13s/it]
 75%|ΓûêΓûêΓûêΓûêΓûêΓûêΓûêΓûî  | 2258/3000 [49:32<14:26,  1.17s/it]
 75%|ΓûêΓûêΓûêΓûêΓûêΓûêΓûêΓûî  | 2259/3000 [49:33<13:55,  1.13s/it]
 75%|ΓûêΓûêΓûêΓûêΓûêΓûêΓûêΓûî  | 2260/3000 [49:34<14:42,  1.19s/it]
 75%|ΓûêΓûêΓûêΓûêΓûêΓûêΓûêΓûî  | 2261/3000 [49:35<14:28,  1.18s/it]
 75%|ΓûêΓûêΓûêΓûêΓûêΓûêΓûêΓûî  | 2262/3000 [49:36<14:37,  1.19s/it]
 75%|ΓûêΓûêΓûêΓûêΓûêΓûêΓûêΓûî  | 2263/3000 [49:38<15:45,  1.28s/it]
 75%|ΓûêΓûêΓûêΓûêΓûêΓûêΓûêΓûî  | 2264/3000 [49:39<15:23,  1.25s/it]
 76%|ΓûêΓûêΓûêΓûêΓûêΓûêΓûêΓûî  | 2265/3000 [49:40<15:14,  1.24s/it]
 76%|ΓûêΓûêΓûêΓûêΓûêΓûêΓûêΓûî  | 2266/3000 [49:42<17:09,  1.40s/it]
 76%|ΓûêΓûêΓûêΓûêΓûêΓûêΓûêΓûî  | 2267/3000 [49:43<15:10,  1.24s/it]
 76%|ΓûêΓûêΓûêΓûêΓûêΓûêΓûêΓûî  | 2268/3000 [49:44<13:43,  1.12s/it]
 76%|ΓûêΓûêΓûêΓûêΓûêΓûêΓûêΓûî  | 2269/3000 [49:45<14:58,  1.23s/it]
 76%|ΓûêΓûêΓûêΓûêΓûêΓûêΓûêΓûî  | 2270/3000 [49:46<14:30,  1.19s/it]
 76%|ΓûêΓûêΓûêΓûêΓûêΓûêΓûêΓûî  | 2271/3000 [49:48<15:54,  1.31s/it]
 76%|ΓûêΓûêΓûêΓûêΓûêΓûêΓûêΓûî  | 2272/3000 [49:54<33:29,  2.76s/it]
 76%|ΓûêΓûêΓûêΓûêΓûêΓûêΓûêΓûî  | 2273/3000 [49:55<25:44,  2.12s/it]
 76%|ΓûêΓûêΓûêΓûêΓûêΓûêΓûêΓûî  | 2274/3000 [49:55<20:17,  1.68s/it]
 76%|ΓûêΓûêΓûêΓûêΓûêΓûêΓûêΓûî  | 2275/3000 [49:56<16:26,  1.36s/it]
 76%|ΓûêΓûêΓûêΓûêΓûêΓûêΓûêΓûî  | 2276/3000 [49:57<13:52,  1.15s/it]
 76%|ΓûêΓûêΓûêΓûêΓûêΓûêΓûêΓûî  | 2277/3000 [49:58<12:57,  1.08s/it]
 76%|ΓûêΓûêΓûêΓûêΓûêΓûêΓûêΓûî  | 2278/3000 [49:59<14:30,  1.21s/it]
 76%|ΓûêΓûêΓûêΓûêΓûêΓûêΓûêΓûî  | 2279/3000 [50:00<13:47,  1.15s/it]
 76%|ΓûêΓûêΓûêΓûêΓûêΓûêΓûêΓûî  | 2280/3000 [50:02<16:34,  1.38s/it]
 76%|ΓûêΓûêΓûêΓûêΓûêΓûêΓûêΓûî  | 2281/3000 [50:03<14:02,  1.17s/it]
 76%|ΓûêΓûêΓûêΓûêΓûêΓûêΓûêΓûî  | 2282/3000 [50:04<13:23,  1.12s/it]
 76%|ΓûêΓûêΓûêΓûêΓûêΓûêΓûêΓûî  | 2283/3000 [50:06<16:11,  1.36s/it]
 76%|ΓûêΓûêΓûêΓûêΓûêΓûêΓûêΓûî  | 2284/3000 [50:07<15:37,  1.31s/it]
 76%|ΓûêΓûêΓûêΓûêΓûêΓûêΓûêΓûî  | 2285/3000 [50:09<18:52,  1.58s/it]
 76%|ΓûêΓûêΓûêΓûêΓûêΓûêΓûêΓûî  | 2286/3000 [50:10<16:55,  1.42s/it]
 76%|ΓûêΓûêΓûêΓûêΓûêΓûêΓûêΓûî  | 2287/3000 [50:14<27:05,  2.28s/it]
 76%|ΓûêΓûêΓûêΓûêΓûêΓûêΓûêΓûï  | 2288/3000 [50:15<22:31,  1.90s/it]
 76%|ΓûêΓûêΓûêΓûêΓûêΓûêΓûêΓûï  | 2289/3000 [50:17<22:04,  1.86s/it]
 76%|ΓûêΓûêΓûêΓûêΓûêΓûêΓûêΓûï  | 2290/3000 [50:19<21:56,  1.85s/it]
 76%|ΓûêΓûêΓûêΓûêΓûêΓûêΓûêΓûï  | 2291/3000 [50:20<17:36,  1.49s/it]
 76%|ΓûêΓûêΓûêΓûêΓûêΓûêΓûêΓûï  | 2292/3000 [50:21<17:08,  1.45s/it]
 76%|ΓûêΓûêΓûêΓûêΓûêΓûêΓûêΓûï  | 2293/3000 [50:22<14:52,  1.26s/it]
 76%|ΓûêΓûêΓûêΓûêΓûêΓûêΓûêΓûï  | 2294/3000 [50:24<19:00,  1.62s/it]
 76%|ΓûêΓûêΓûêΓûêΓûêΓûêΓûêΓûï  | 2295/3000 [50:26<20:38,  1.76s/it]
 77%|ΓûêΓûêΓûêΓûêΓûêΓûêΓûêΓûï  | 2296/3000 [50:27<17:44,  1.51s/it]
 77%|ΓûêΓûêΓûêΓûêΓûêΓûêΓûêΓûï  | 2297/3000 [50:30<21:09,  1.81s/it]
 77%|ΓûêΓûêΓûêΓûêΓûêΓûêΓûêΓûï  | 2298/3000 [50:31<18:53,  1.61s/it]
 77%|ΓûêΓûêΓûêΓûêΓûêΓûêΓûêΓûï  | 2299/3000 [50:34<24:01,  2.06s/it]
 77%|ΓûêΓûêΓûêΓûêΓûêΓûêΓûêΓûï  | 2300/3000 [50:35<20:18,  1.74s/it]
 77%|ΓûêΓûêΓûêΓûêΓûêΓûêΓûêΓûï  | 2301/3000 [50:36<18:19,  1.57s/it]
 77%|ΓûêΓûêΓûêΓûêΓûêΓûêΓûêΓûï  | 2302/3000 [50:37<15:57,  1.37s/it]
 77%|ΓûêΓûêΓûêΓûêΓûêΓûêΓûêΓûï  | 2303/3000 [50:39<18:03,  1.55s/it]
 77%|ΓûêΓûêΓûêΓûêΓûêΓûêΓûêΓûï  | 2304/3000 [50:40<15:29,  1.34s/it]
 77%|ΓûêΓûêΓûêΓûêΓûêΓûêΓûêΓûï  | 2305/3000 [50:41<14:19,  1.24s/it]
 77%|ΓûêΓûêΓûêΓûêΓûêΓûêΓûêΓûï  | 2306/3000 [50:42<15:24,  1.33s/it]
 77%|ΓûêΓûêΓûêΓûêΓûêΓûêΓûêΓûï  | 2307/3000 [50:44<15:17,  1.32s/it]
 77%|ΓûêΓûêΓûêΓûêΓûêΓûêΓûêΓûï  | 2308/3000 [50:45<14:06,  1.22s/it]
 77%|ΓûêΓûêΓûêΓûêΓûêΓûêΓûêΓûï  | 2309/3000 [50:45<12:03,  1.05s/it]
 77%|ΓûêΓûêΓûêΓûêΓûêΓûêΓûêΓûï  | 2310/3000 [50:47<13:19,  1.16s/it]
 77%|ΓûêΓûêΓûêΓûêΓûêΓûêΓûêΓûï  | 2311/3000 [50:48<14:43,  1.28s/it]
 77%|ΓûêΓûêΓûêΓûêΓûêΓûêΓûêΓûï  | 2312/3000 [50:49<13:04,  1.14s/it]
 77%|ΓûêΓûêΓûêΓûêΓûêΓûêΓûêΓûï  | 2313/3000 [50:50<11:57,  1.04s/it]
 77%|ΓûêΓûêΓûêΓûêΓûêΓûêΓûêΓûï  | 2314/3000 [50:51<12:08,  1.06s/it]
 77%|ΓûêΓûêΓûêΓûêΓûêΓûêΓûêΓûï  | 2315/3000 [50:52<13:14,  1.16s/it]
 77%|ΓûêΓûêΓûêΓûêΓûêΓûêΓûêΓûï  | 2316/3000 [50:53<11:30,  1.01s/it]
 77%|ΓûêΓûêΓûêΓûêΓûêΓûêΓûêΓûï  | 2317/3000 [50:54<11:59,  1.05s/it]
 77%|ΓûêΓûêΓûêΓûêΓûêΓûêΓûêΓûï  | 2318/3000 [50:55<11:43,  1.03s/it]
 77%|ΓûêΓûêΓûêΓûêΓûêΓûêΓûêΓûï  | 2319/3000 [50:57<14:09,  1.25s/it]
 77%|ΓûêΓûêΓûêΓûêΓûêΓûêΓûêΓûï  | 2320/3000 [50:58<13:56,  1.23s/it]
 77%|ΓûêΓûêΓûêΓûêΓûêΓûêΓûêΓûï  | 2321/3000 [51:00<15:22,  1.36s/it]
 77%|ΓûêΓûêΓûêΓûêΓûêΓûêΓûêΓûï  | 2322/3000 [51:03<21:37,  1.91s/it]
 77%|ΓûêΓûêΓûêΓûêΓûêΓûêΓûêΓûï  | 2323/3000 [51:04<18:21,  1.63s/it]
 77%|ΓûêΓûêΓûêΓûêΓûêΓûêΓûêΓûï  | 2324/3000 [51:06<20:49,  1.85s/it]
 78%|ΓûêΓûêΓûêΓûêΓûêΓûêΓûêΓûè  | 2325/3000 [51:08<19:02,  1.69s/it]
 78%|ΓûêΓûêΓûêΓûêΓûêΓûêΓûêΓûè  | 2326/3000 [51:08<15:42,  1.40s/it]
 78%|ΓûêΓûêΓûêΓûêΓûêΓûêΓûêΓûè  | 2327/3000 [51:09<13:23,  1.19s/it]
 78%|ΓûêΓûêΓûêΓûêΓûêΓûêΓûêΓûè  | 2328/3000 [51:12<19:20,  1.73s/it]
 78%|ΓûêΓûêΓûêΓûêΓûêΓûêΓûêΓûè  | 2329/3000 [51:13<16:17,  1.46s/it]
 78%|ΓûêΓûêΓûêΓûêΓûêΓûêΓûêΓûè  | 2330/3000 [51:15<16:47,  1.50s/it]
 78%|ΓûêΓûêΓûêΓûêΓûêΓûêΓûêΓûè  | 2331/3000 [51:16<16:48,  1.51s/it]
 78%|ΓûêΓûêΓûêΓûêΓûêΓûêΓûêΓûè  | 2332/3000 [51:18<17:33,  1.58s/it]
 78%|ΓûêΓûêΓûêΓûêΓûêΓûêΓûêΓûè  | 2333/3000 [51:19<16:03,  1.44s/it]
 78%|ΓûêΓûêΓûêΓûêΓûêΓûêΓûêΓûè  | 2334/3000 [51:20<15:30,  1.40s/it]
 78%|ΓûêΓûêΓûêΓûêΓûêΓûêΓûêΓûè  | 2335/3000 [51:21<14:07,  1.27s/it]
 78%|ΓûêΓûêΓûêΓûêΓûêΓûêΓûêΓûè  | 2336/3000 [51:22<12:31,  1.13s/it]
 78%|ΓûêΓûêΓûêΓûêΓûêΓûêΓûêΓûè  | 2337/3000 [51:23<11:45,  1.06s/it]
 78%|ΓûêΓûêΓûêΓûêΓûêΓûêΓûêΓûè  | 2338/3000 [51:24<10:24,  1.06it/s]
 78%|ΓûêΓûêΓûêΓûêΓûêΓûêΓûêΓûè  | 2339/3000 [51:24<10:00,  1.10it/s]
 78%|ΓûêΓûêΓûêΓûêΓûêΓûêΓûêΓûè  | 2340/3000 [51:25<10:12,  1.08it/s]
 78%|ΓûêΓûêΓûêΓûêΓûêΓûêΓûêΓûè  | 2341/3000 [51:26<10:27,  1.05it/s]
 78%|ΓûêΓûêΓûêΓûêΓûêΓûêΓûêΓûè  | 2342/3000 [51:28<12:18,  1.12s/it]
 78%|ΓûêΓûêΓûêΓûêΓûêΓûêΓûêΓûè  | 2343/3000 [51:29<10:42,  1.02it/s]
 78%|ΓûêΓûêΓûêΓûêΓûêΓûêΓûêΓûè  | 2344/3000 [51:30<12:57,  1.19s/it]
 78%|ΓûêΓûêΓûêΓûêΓûêΓûêΓûêΓûè  | 2345/3000 [51:32<14:07,  1.29s/it]
 78%|ΓûêΓûêΓûêΓûêΓûêΓûêΓûêΓûè  | 2346/3000 [51:35<18:55,  1.74s/it]
 78%|ΓûêΓûêΓûêΓûêΓûêΓûêΓûêΓûè  | 2347/3000 [51:36<16:44,  1.54s/it]
 78%|ΓûêΓûêΓûêΓûêΓûêΓûêΓûêΓûè  | 2348/3000 [51:36<14:20,  1.32s/it]
 78%|ΓûêΓûêΓûêΓûêΓûêΓûêΓûêΓûè  | 2349/3000 [51:37<12:43,  1.17s/it]
 78%|ΓûêΓûêΓûêΓûêΓûêΓûêΓûêΓûè  | 2350/3000 [51:38<12:10,  1.12s/it]
 78%|ΓûêΓûêΓûêΓûêΓûêΓûêΓûêΓûè  | 2351/3000 [51:39<10:35,  1.02it/s]
 78%|ΓûêΓûêΓûêΓûêΓûêΓûêΓûêΓûè  | 2352/3000 [51:40<10:58,  1.02s/it]
 78%|ΓûêΓûêΓûêΓûêΓûêΓûêΓûêΓûè  | 2353/3000 [51:41<10:41,  1.01it/s]
 78%|ΓûêΓûêΓûêΓûêΓûêΓûêΓûêΓûè  | 2354/3000 [51:43<13:25,  1.25s/it]
 78%|ΓûêΓûêΓûêΓûêΓûêΓûêΓûêΓûè  | 2355/3000 [51:44<14:29,  1.35s/it]
 79%|ΓûêΓûêΓûêΓûêΓûêΓûêΓûêΓûè  | 2356/3000 [51:47<20:05,  1.87s/it]
 79%|ΓûêΓûêΓûêΓûêΓûêΓûêΓûêΓûè  | 2357/3000 [51:49<17:53,  1.67s/it]
 79%|ΓûêΓûêΓûêΓûêΓûêΓûêΓûêΓûè  | 2358/3000 [51:51<19:48,  1.85s/it]
 79%|ΓûêΓûêΓûêΓûêΓûêΓûêΓûêΓûè  | 2359/3000 [51:53<21:12,  1.99s/it]
 79%|ΓûêΓûêΓûêΓûêΓûêΓûêΓûêΓûè  | 2360/3000 [51:54<18:40,  1.75s/it]
 79%|ΓûêΓûêΓûêΓûêΓûêΓûêΓûêΓûè  | 2361/3000 [51:55<15:40,  1.47s/it]
 79%|ΓûêΓûêΓûêΓûêΓûêΓûêΓûêΓûè  | 2362/3000 [51:56<14:07,  1.33s/it]
 79%|ΓûêΓûêΓûêΓûêΓûêΓûêΓûêΓûë  | 2363/3000 [51:57<11:57,  1.13s/it]
 79%|ΓûêΓûêΓûêΓûêΓûêΓûêΓûêΓûë  | 2364/3000 [51:58<10:23,  1.02it/s]
 79%|ΓûêΓûêΓûêΓûêΓûêΓûêΓûêΓûë  | 2365/3000 [51:58<09:17,  1.14it/s]
 79%|ΓûêΓûêΓûêΓûêΓûêΓûêΓûêΓûë  | 2366/3000 [52:00<11:20,  1.07s/it]
 79%|ΓûêΓûêΓûêΓûêΓûêΓûêΓûêΓûë  | 2367/3000 [52:01<12:21,  1.17s/it]
 79%|ΓûêΓûêΓûêΓûêΓûêΓûêΓûêΓûë  | 2368/3000 [52:03<13:34,  1.29s/it]
 79%|ΓûêΓûêΓûêΓûêΓûêΓûêΓûêΓûë  | 2369/3000 [52:04<14:20,  1.36s/it]
 79%|ΓûêΓûêΓûêΓûêΓûêΓûêΓûêΓûë  | 2370/3000 [52:07<18:33,  1.77s/it]
 79%|ΓûêΓûêΓûêΓûêΓûêΓûêΓûêΓûë  | 2371/3000 [52:08<15:18,  1.46s/it]
 79%|ΓûêΓûêΓûêΓûêΓûêΓûêΓûêΓûë  | 2372/3000 [52:08<12:54,  1.23s/it]
 79%|ΓûêΓûêΓûêΓûêΓûêΓûêΓûêΓûë  | 2373/3000 [52:10<13:37,  1.30s/it]
 79%|ΓûêΓûêΓûêΓûêΓûêΓûêΓûêΓûë  | 2374/3000 [52:11<12:35,  1.21s/it]
 79%|ΓûêΓûêΓûêΓûêΓûêΓûêΓûêΓûë  | 2375/3000 [52:14<18:20,  1.76s/it]
 79%|ΓûêΓûêΓûêΓûêΓûêΓûêΓûêΓûë  | 2376/3000 [52:15<15:30,  1.49s/it]
 79%|ΓûêΓûêΓûêΓûêΓûêΓûêΓûêΓûë  | 2377/3000 [52:15<12:27,  1.20s/it]
 79%|ΓûêΓûêΓûêΓûêΓûêΓûêΓûêΓûë  | 2378/3000 [52:17<13:40,  1.32s/it]
 79%|ΓûêΓûêΓûêΓûêΓûêΓûêΓûêΓûë  | 2379/3000 [52:18<12:37,  1.22s/it]
 79%|ΓûêΓûêΓûêΓûêΓûêΓûêΓûêΓûë  | 2380/3000 [52:19<12:11,  1.18s/it]
 79%|ΓûêΓûêΓûêΓûêΓûêΓûêΓûêΓûë  | 2381/3000 [52:20<12:22,  1.20s/it]
 79%|ΓûêΓûêΓûêΓûêΓûêΓûêΓûêΓûë  | 2382/3000 [52:21<10:42,  1.04s/it]
 79%|ΓûêΓûêΓûêΓûêΓûêΓûêΓûêΓûë  | 2383/3000 [52:22<11:32,  1.12s/it]
 79%|ΓûêΓûêΓûêΓûêΓûêΓûêΓûêΓûë  | 2384/3000 [52:23<10:20,  1.01s/it]
 80%|ΓûêΓûêΓûêΓûêΓûêΓûêΓûêΓûë  | 2385/3000 [52:24<09:20,  1.10it/s]
 80%|ΓûêΓûêΓûêΓûêΓûêΓûêΓûêΓûë  | 2386/3000 [52:25<09:32,  1.07it/s]
 80%|ΓûêΓûêΓûêΓûêΓûêΓûêΓûêΓûë  | 2387/3000 [52:25<08:47,  1.16it/s]
 80%|ΓûêΓûêΓûêΓûêΓûêΓûêΓûêΓûë  | 2388/3000 [52:26<07:51,  1.30it/s]
 80%|ΓûêΓûêΓûêΓûêΓûêΓûêΓûêΓûë  | 2389/3000 [52:27<09:47,  1.04it/s]
 80%|ΓûêΓûêΓûêΓûêΓûêΓûêΓûêΓûë  | 2390/3000 [52:28<09:14,  1.10it/s]
 80%|ΓûêΓûêΓûêΓûêΓûêΓûêΓûêΓûë  | 2391/3000 [52:29<09:03,  1.12it/s]
 80%|ΓûêΓûêΓûêΓûêΓûêΓûêΓûêΓûë  | 2392/3000 [52:30<08:42,  1.16it/s]
 80%|ΓûêΓûêΓûêΓûêΓûêΓûêΓûêΓûë  | 2393/3000 [52:30<08:17,  1.22it/s]
 80%|ΓûêΓûêΓûêΓûêΓûêΓûêΓûêΓûë  | 2394/3000 [52:31<08:21,  1.21it/s]
 80%|ΓûêΓûêΓûêΓûêΓûêΓûêΓûêΓûë  | 2395/3000 [52:32<08:25,  1.20it/s]
 80%|ΓûêΓûêΓûêΓûêΓûêΓûêΓûêΓûë  | 2396/3000 [52:33<07:55,  1.27it/s]
 80%|ΓûêΓûêΓûêΓûêΓûêΓûêΓûêΓûë  | 2397/3000 [52:34<08:01,  1.25it/s]
 80%|ΓûêΓûêΓûêΓûêΓûêΓûêΓûêΓûë  | 2398/3000 [52:35<08:47,  1.14it/s]
 80%|ΓûêΓûêΓûêΓûêΓûêΓûêΓûêΓûë  | 2399/3000 [52:36<10:31,  1.05s/it]
 80%|ΓûêΓûêΓûêΓûêΓûêΓûêΓûêΓûê  | 2400/3000 [52:38<11:45,  1.18s/it]
 80%|ΓûêΓûêΓûêΓûêΓûêΓûêΓûêΓûê  | 2401/3000 [52:39<11:45,  1.18s/it]
 80%|ΓûêΓûêΓûêΓûêΓûêΓûêΓûêΓûê  | 2402/3000 [52:40<12:14,  1.23s/it]
 80%|ΓûêΓûêΓûêΓûêΓûêΓûêΓûêΓûê  | 2403/3000 [52:41<11:06,  1.12s/it]
 80%|ΓûêΓûêΓûêΓûêΓûêΓûêΓûêΓûê  | 2404/3000 [52:43<12:28,  1.26s/it]
 80%|ΓûêΓûêΓûêΓûêΓûêΓûêΓûêΓûê  | 2405/3000 [52:43<10:46,  1.09s/it]
 80%|ΓûêΓûêΓûêΓûêΓûêΓûêΓûêΓûê  | 2406/3000 [52:44<11:08,  1.12s/it]
 80%|ΓûêΓûêΓûêΓûêΓûêΓûêΓûêΓûê  | 2407/3000 [52:45<10:32,  1.07s/it]
 80%|ΓûêΓûêΓûêΓûêΓûêΓûêΓûêΓûê  | 2408/3000 [52:46<09:48,  1.01it/s]
 80%|ΓûêΓûêΓûêΓûêΓûêΓûêΓûêΓûê  | 2409/3000 [52:47<09:55,  1.01s/it]
 80%|ΓûêΓûêΓûêΓûêΓûêΓûêΓûêΓûê  | 2410/3000 [52:48<10:36,  1.08s/it]
 80%|ΓûêΓûêΓûêΓûêΓûêΓûêΓûêΓûê  | 2411/3000 [52:49<09:54,  1.01s/it]
 80%|ΓûêΓûêΓûêΓûêΓûêΓûêΓûêΓûê  | 2412/3000 [52:50<10:03,  1.03s/it]
 80%|ΓûêΓûêΓûêΓûêΓûêΓûêΓûêΓûê  | 2413/3000 [52:53<13:59,  1.43s/it]
 80%|ΓûêΓûêΓûêΓûêΓûêΓûêΓûêΓûê  | 2414/3000 [52:54<12:55,  1.32s/it]
 80%|ΓûêΓûêΓûêΓûêΓûêΓûêΓûêΓûê  | 2415/3000 [52:55<11:30,  1.18s/it]
 81%|ΓûêΓûêΓûêΓûêΓûêΓûêΓûêΓûê  | 2416/3000 [52:56<12:46,  1.31s/it]
 81%|ΓûêΓûêΓûêΓûêΓûêΓûêΓûêΓûê  | 2417/3000 [52:57<11:44,  1.21s/it]
 81%|ΓûêΓûêΓûêΓûêΓûêΓûêΓûêΓûê  | 2418/3000 [52:58<11:43,  1.21s/it]
 81%|ΓûêΓûêΓûêΓûêΓûêΓûêΓûêΓûê  | 2419/3000 [53:00<13:38,  1.41s/it]
 81%|ΓûêΓûêΓûêΓûêΓûêΓûêΓûêΓûê  | 2420/3000 [53:02<13:42,  1.42s/it]
 81%|ΓûêΓûêΓûêΓûêΓûêΓûêΓûêΓûê  | 2421/3000 [53:03<12:14,  1.27s/it]
 81%|ΓûêΓûêΓûêΓûêΓûêΓûêΓûêΓûê  | 2422/3000 [53:04<11:32,  1.20s/it]
 81%|ΓûêΓûêΓûêΓûêΓûêΓûêΓûêΓûê  | 2423/3000 [53:05<10:35,  1.10s/it]
 81%|ΓûêΓûêΓûêΓûêΓûêΓûêΓûêΓûê  | 2424/3000 [53:06<11:04,  1.15s/it]
 81%|ΓûêΓûêΓûêΓûêΓûêΓûêΓûêΓûê  | 2425/3000 [53:08<13:04,  1.36s/it]
 81%|ΓûêΓûêΓûêΓûêΓûêΓûêΓûêΓûê  | 2426/3000 [53:09<12:27,  1.30s/it]
 81%|ΓûêΓûêΓûêΓûêΓûêΓûêΓûêΓûê  | 2427/3000 [53:10<11:13,  1.18s/it]
 81%|ΓûêΓûêΓûêΓûêΓûêΓûêΓûêΓûê  | 2428/3000 [53:11<10:39,  1.12s/it]
 81%|ΓûêΓûêΓûêΓûêΓûêΓûêΓûêΓûê  | 2429/3000 [53:12<11:04,  1.16s/it]
 81%|ΓûêΓûêΓûêΓûêΓûêΓûêΓûêΓûê  | 2430/3000 [53:13<11:08,  1.17s/it]
 81%|ΓûêΓûêΓûêΓûêΓûêΓûêΓûêΓûê  | 2431/3000 [53:15<13:47,  1.45s/it]
 81%|ΓûêΓûêΓûêΓûêΓûêΓûêΓûêΓûê  | 2432/3000 [53:17<13:05,  1.38s/it]
 81%|ΓûêΓûêΓûêΓûêΓûêΓûêΓûêΓûê  | 2433/3000 [53:18<14:03,  1.49s/it]
 81%|ΓûêΓûêΓûêΓûêΓûêΓûêΓûêΓûê  | 2434/3000 [53:20<15:39,  1.66s/it]
 81%|ΓûêΓûêΓûêΓûêΓûêΓûêΓûêΓûê  | 2435/3000 [53:21<13:49,  1.47s/it]
 81%|ΓûêΓûêΓûêΓûêΓûêΓûêΓûêΓûê  | 2436/3000 [53:23<13:15,  1.41s/it]
 81%|ΓûêΓûêΓûêΓûêΓûêΓûêΓûêΓûê  | 2437/3000 [53:24<13:03,  1.39s/it]
 81%|ΓûêΓûêΓûêΓûêΓûêΓûêΓûêΓûêΓûÅ | 2438/3000 [53:26<13:41,  1.46s/it]
 81%|ΓûêΓûêΓûêΓûêΓûêΓûêΓûêΓûêΓûÅ | 2439/3000 [53:26<11:57,  1.28s/it]
 81%|ΓûêΓûêΓûêΓûêΓûêΓûêΓûêΓûêΓûÅ | 2440/3000 [53:28<12:26,  1.33s/it]
 81%|ΓûêΓûêΓûêΓûêΓûêΓûêΓûêΓûêΓûÅ | 2441/3000 [53:29<11:02,  1.19s/it]
 81%|ΓûêΓûêΓûêΓûêΓûêΓûêΓûêΓûêΓûÅ | 2442/3000 [53:30<11:01,  1.18s/it]
 81%|ΓûêΓûêΓûêΓûêΓûêΓûêΓûêΓûêΓûÅ | 2443/3000 [53:31<10:26,  1.13s/it]
 81%|ΓûêΓûêΓûêΓûêΓûêΓûêΓûêΓûêΓûÅ | 2444/3000 [53:32<10:05,  1.09s/it]
 82%|ΓûêΓûêΓûêΓûêΓûêΓûêΓûêΓûêΓûÅ | 2445/3000 [53:34<11:49,  1.28s/it]
 82%|ΓûêΓûêΓûêΓûêΓûêΓûêΓûêΓûêΓûÅ | 2446/3000 [53:35<10:42,  1.16s/it]
 82%|ΓûêΓûêΓûêΓûêΓûêΓûêΓûêΓûêΓûÅ | 2447/3000 [53:35<09:54,  1.07s/it]
 82%|ΓûêΓûêΓûêΓûêΓûêΓûêΓûêΓûêΓûÅ | 2448/3000 [53:37<10:19,  1.12s/it]
 82%|ΓûêΓûêΓûêΓûêΓûêΓûêΓûêΓûêΓûÅ | 2449/3000 [53:37<09:30,  1.04s/it]
 82%|ΓûêΓûêΓûêΓûêΓûêΓûêΓûêΓûêΓûÅ | 2450/3000 [53:39<09:31,  1.04s/it]
 82%|ΓûêΓûêΓûêΓûêΓûêΓûêΓûêΓûêΓûÅ | 2451/3000 [53:39<08:59,  1.02it/s]
 82%|ΓûêΓûêΓûêΓûêΓûêΓûêΓûêΓûêΓûÅ | 2452/3000 [53:41<10:19,  1.13s/it]
 82%|ΓûêΓûêΓûêΓûêΓûêΓûêΓûêΓûêΓûÅ | 2453/3000 [53:42<10:02,  1.10s/it]
 82%|ΓûêΓûêΓûêΓûêΓûêΓûêΓûêΓûêΓûÅ | 2454/3000 [53:43<10:29,  1.15s/it]
 82%|ΓûêΓûêΓûêΓûêΓûêΓûêΓûêΓûêΓûÅ | 2455/3000 [53:44<09:06,  1.00s/it]
 82%|ΓûêΓûêΓûêΓûêΓûêΓûêΓûêΓûêΓûÅ | 2456/3000 [53:45<10:40,  1.18s/it]
 82%|ΓûêΓûêΓûêΓûêΓûêΓûêΓûêΓûêΓûÅ | 2457/3000 [53:47<11:47,  1.30s/it]
 82%|ΓûêΓûêΓûêΓûêΓûêΓûêΓûêΓûêΓûÅ | 2458/3000 [53:48<10:47,  1.20s/it]
 82%|ΓûêΓûêΓûêΓûêΓûêΓûêΓûêΓûêΓûÅ | 2459/3000 [53:50<12:36,  1.40s/it]
 82%|ΓûêΓûêΓûêΓûêΓûêΓûêΓûêΓûêΓûÅ | 2460/3000 [53:51<11:26,  1.27s/it]
 82%|ΓûêΓûêΓûêΓûêΓûêΓûêΓûêΓûêΓûÅ | 2461/3000 [53:52<10:31,  1.17s/it]
 82%|ΓûêΓûêΓûêΓûêΓûêΓûêΓûêΓûêΓûÅ | 2462/3000 [53:52<09:25,  1.05s/it]
 82%|ΓûêΓûêΓûêΓûêΓûêΓûêΓûêΓûêΓûÅ | 2463/3000 [53:53<08:44,  1.02it/s]
 82%|ΓûêΓûêΓûêΓûêΓûêΓûêΓûêΓûêΓûÅ | 2464/3000 [53:55<09:24,  1.05s/it]
 82%|ΓûêΓûêΓûêΓûêΓûêΓûêΓûêΓûêΓûÅ | 2465/3000 [53:56<09:44,  1.09s/it]
 82%|ΓûêΓûêΓûêΓûêΓûêΓûêΓûêΓûêΓûÅ | 2466/3000 [53:56<08:31,  1.04it/s]
 82%|ΓûêΓûêΓûêΓûêΓûêΓûêΓûêΓûêΓûÅ | 2467/3000 [53:57<08:10,  1.09it/s]
 82%|ΓûêΓûêΓûêΓûêΓûêΓûêΓûêΓûêΓûÅ | 2468/3000 [53:59<10:50,  1.22s/it]
 82%|ΓûêΓûêΓûêΓûêΓûêΓûêΓûêΓûêΓûÅ | 2469/3000 [54:01<11:37,  1.31s/it]
 82%|ΓûêΓûêΓûêΓûêΓûêΓûêΓûêΓûêΓûÅ | 2470/3000 [54:02<12:25,  1.41s/it]
 82%|ΓûêΓûêΓûêΓûêΓûêΓûêΓûêΓûêΓûÅ | 2471/3000 [54:03<11:20,  1.29s/it]
 82%|ΓûêΓûêΓûêΓûêΓûêΓûêΓûêΓûêΓûÅ | 2472/3000 [54:04<10:05,  1.15s/it]
 82%|ΓûêΓûêΓûêΓûêΓûêΓûêΓûêΓûêΓûÅ | 2473/3000 [54:06<11:06,  1.26s/it]
 82%|ΓûêΓûêΓûêΓûêΓûêΓûêΓûêΓûêΓûÅ | 2474/3000 [54:07<10:51,  1.24s/it]
 82%|ΓûêΓûêΓûêΓûêΓûêΓûêΓûêΓûêΓûÄ | 2475/3000 [54:13<23:06,  2.64s/it]
 83%|ΓûêΓûêΓûêΓûêΓûêΓûêΓûêΓûêΓûÄ | 2476/3000 [54:13<17:49,  2.04s/it]
 83%|ΓûêΓûêΓûêΓûêΓûêΓûêΓûêΓûêΓûÄ | 2477/3000 [54:15<16:08,  1.85s/it]
 83%|ΓûêΓûêΓûêΓûêΓûêΓûêΓûêΓûêΓûÄ | 2478/3000 [54:16<13:42,  1.58s/it]
 83%|ΓûêΓûêΓûêΓûêΓûêΓûêΓûêΓûêΓûÄ | 2479/3000 [54:18<14:18,  1.65s/it]
 83%|ΓûêΓûêΓûêΓûêΓûêΓûêΓûêΓûêΓûÄ | 2480/3000 [54:19<13:04,  1.51s/it]
 83%|ΓûêΓûêΓûêΓûêΓûêΓûêΓûêΓûêΓûÄ | 2481/3000 [54:20<12:40,  1.46s/it]
 83%|ΓûêΓûêΓûêΓûêΓûêΓûêΓûêΓûêΓûÄ | 2482/3000 [54:21<10:29,  1.22s/it]
 83%|ΓûêΓûêΓûêΓûêΓûêΓûêΓûêΓûêΓûÄ | 2483/3000 [54:22<10:27,  1.21s/it]
 83%|ΓûêΓûêΓûêΓûêΓûêΓûêΓûêΓûêΓûÄ | 2484/3000 [54:23<10:32,  1.23s/it]
 83%|ΓûêΓûêΓûêΓûêΓûêΓûêΓûêΓûêΓûÄ | 2485/3000 [54:27<16:46,  1.95s/it]
 83%|ΓûêΓûêΓûêΓûêΓûêΓûêΓûêΓûêΓûÄ | 2486/3000 [54:28<14:31,  1.69s/it]
 83%|ΓûêΓûêΓûêΓûêΓûêΓûêΓûêΓûêΓûÄ | 2487/3000 [54:31<16:50,  1.97s/it]
 83%|ΓûêΓûêΓûêΓûêΓûêΓûêΓûêΓûêΓûÄ | 2488/3000 [54:32<15:25,  1.81s/it]
 83%|ΓûêΓûêΓûêΓûêΓûêΓûêΓûêΓûêΓûÄ | 2489/3000 [54:34<16:00,  1.88s/it]
 83%|ΓûêΓûêΓûêΓûêΓûêΓûêΓûêΓûêΓûÄ | 2490/3000 [54:35<12:45,  1.50s/it]
 83%|ΓûêΓûêΓûêΓûêΓûêΓûêΓûêΓûêΓûÄ | 2491/3000 [54:36<12:49,  1.51s/it]
 83%|ΓûêΓûêΓûêΓûêΓûêΓûêΓûêΓûêΓûÄ | 2492/3000 [54:38<12:42,  1.50s/it]
 83%|ΓûêΓûêΓûêΓûêΓûêΓûêΓûêΓûêΓûÄ | 2493/3000 [54:40<13:56,  1.65s/it]
 83%|ΓûêΓûêΓûêΓûêΓûêΓûêΓûêΓûêΓûÄ | 2494/3000 [54:40<11:22,  1.35s/it]
 83%|ΓûêΓûêΓûêΓûêΓûêΓûêΓûêΓûêΓûÄ | 2495/3000 [54:41<10:56,  1.30s/it]
 83%|ΓûêΓûêΓûêΓûêΓûêΓûêΓûêΓûêΓûÄ | 2496/3000 [54:43<11:26,  1.36s/it]
 83%|ΓûêΓûêΓûêΓûêΓûêΓûêΓûêΓûêΓûÄ | 2497/3000 [54:45<13:32,  1.61s/it]
 83%|ΓûêΓûêΓûêΓûêΓûêΓûêΓûêΓûêΓûÄ | 2498/3000 [54:46<11:43,  1.40s/it]
 83%|ΓûêΓûêΓûêΓûêΓûêΓûêΓûêΓûêΓûÄ | 2499/3000 [54:47<11:30,  1.38s/it]
 83%|ΓûêΓûêΓûêΓûêΓûêΓûêΓûêΓûêΓûÄ | 2500/3000 [54:48<10:46,  1.29s/it]
 83%|ΓûêΓûêΓûêΓûêΓûêΓûêΓûêΓûêΓûÄ | 2501/3000 [54:50<10:50,  1.30s/it]
 83%|ΓûêΓûêΓûêΓûêΓûêΓûêΓûêΓûêΓûÄ | 2502/3000 [54:51<09:42,  1.17s/it]
 83%|ΓûêΓûêΓûêΓûêΓûêΓûêΓûêΓûêΓûÄ | 2503/3000 [54:52<09:18,  1.12s/it]
 83%|ΓûêΓûêΓûêΓûêΓûêΓûêΓûêΓûêΓûÄ | 2504/3000 [54:53<09:24,  1.14s/it]
 84%|ΓûêΓûêΓûêΓûêΓûêΓûêΓûêΓûêΓûÄ | 2505/3000 [54:54<09:30,  1.15s/it]
 84%|ΓûêΓûêΓûêΓûêΓûêΓûêΓûêΓûêΓûÄ | 2506/3000 [54:55<09:35,  1.16s/it]
 84%|ΓûêΓûêΓûêΓûêΓûêΓûêΓûêΓûêΓûÄ | 2507/3000 [54:56<09:10,  1.12s/it]
 84%|ΓûêΓûêΓûêΓûêΓûêΓûêΓûêΓûêΓûÄ | 2508/3000 [54:58<09:42,  1.18s/it]
 84%|ΓûêΓûêΓûêΓûêΓûêΓûêΓûêΓûêΓûÄ | 2509/3000 [54:59<09:00,  1.10s/it]
 84%|ΓûêΓûêΓûêΓûêΓûêΓûêΓûêΓûêΓûÄ | 2510/3000 [55:00<09:32,  1.17s/it]
 84%|ΓûêΓûêΓûêΓûêΓûêΓûêΓûêΓûêΓûÄ | 2511/3000 [55:02<11:48,  1.45s/it]
 84%|ΓûêΓûêΓûêΓûêΓûêΓûêΓûêΓûêΓûÄ | 2512/3000 [55:03<11:54,  1.46s/it]
 84%|ΓûêΓûêΓûêΓûêΓûêΓûêΓûêΓûêΓûì | 2513/3000 [55:05<11:48,  1.45s/it]
 84%|ΓûêΓûêΓûêΓûêΓûêΓûêΓûêΓûêΓûì | 2514/3000 [55:07<12:51,  1.59s/it]
 84%|ΓûêΓûêΓûêΓûêΓûêΓûêΓûêΓûêΓûì | 2515/3000 [55:08<11:51,  1.47s/it]
 84%|ΓûêΓûêΓûêΓûêΓûêΓûêΓûêΓûêΓûì | 2516/3000 [55:09<11:28,  1.42s/it]
 84%|ΓûêΓûêΓûêΓûêΓûêΓûêΓûêΓûêΓûì | 2517/3000 [55:11<12:32,  1.56s/it]
 84%|ΓûêΓûêΓûêΓûêΓûêΓûêΓûêΓûêΓûì | 2518/3000 [55:12<11:39,  1.45s/it]
 84%|ΓûêΓûêΓûêΓûêΓûêΓûêΓûêΓûêΓûì | 2519/3000 [55:13<10:34,  1.32s/it]
 84%|ΓûêΓûêΓûêΓûêΓûêΓûêΓûêΓûêΓûì | 2520/3000 [55:14<09:41,  1.21s/it]
 84%|ΓûêΓûêΓûêΓûêΓûêΓûêΓûêΓûêΓûì | 2521/3000 [55:15<09:18,  1.17s/it]
 84%|ΓûêΓûêΓûêΓûêΓûêΓûêΓûêΓûêΓûì | 2522/3000 [55:16<08:43,  1.10s/it]
 84%|ΓûêΓûêΓûêΓûêΓûêΓûêΓûêΓûêΓûì | 2523/3000 [55:18<09:12,  1.16s/it]
 84%|ΓûêΓûêΓûêΓûêΓûêΓûêΓûêΓûêΓûì | 2524/3000 [55:18<08:19,  1.05s/it]
 84%|ΓûêΓûêΓûêΓûêΓûêΓûêΓûêΓûêΓûì | 2525/3000 [55:20<10:45,  1.36s/it]
 84%|ΓûêΓûêΓûêΓûêΓûêΓûêΓûêΓûêΓûì | 2526/3000 [55:23<13:17,  1.68s/it]
 84%|ΓûêΓûêΓûêΓûêΓûêΓûêΓûêΓûêΓûì | 2527/3000 [55:25<13:21,  1.69s/it]
 84%|ΓûêΓûêΓûêΓûêΓûêΓûêΓûêΓûêΓûì | 2528/3000 [55:26<11:25,  1.45s/it]
 84%|ΓûêΓûêΓûêΓûêΓûêΓûêΓûêΓûêΓûì | 2529/3000 [55:27<11:20,  1.45s/it]
 84%|ΓûêΓûêΓûêΓûêΓûêΓûêΓûêΓûêΓûì | 2530/3000 [55:28<10:44,  1.37s/it]
 84%|ΓûêΓûêΓûêΓûêΓûêΓûêΓûêΓûêΓûì | 2531/3000 [55:30<10:53,  1.39s/it]
 84%|ΓûêΓûêΓûêΓûêΓûêΓûêΓûêΓûêΓûì | 2532/3000 [55:31<10:11,  1.31s/it]
 84%|ΓûêΓûêΓûêΓûêΓûêΓûêΓûêΓûêΓûì | 2533/3000 [55:34<15:07,  1.94s/it]
 84%|ΓûêΓûêΓûêΓûêΓûêΓûêΓûêΓûêΓûì | 2534/3000 [55:35<13:12,  1.70s/it]
 84%|ΓûêΓûêΓûêΓûêΓûêΓûêΓûêΓûêΓûì | 2535/3000 [55:37<14:09,  1.83s/it]
 85%|ΓûêΓûêΓûêΓûêΓûêΓûêΓûêΓûêΓûì | 2536/3000 [55:38<12:20,  1.60s/it]
 85%|ΓûêΓûêΓûêΓûêΓûêΓûêΓûêΓûêΓûì | 2537/3000 [55:39<10:47,  1.40s/it]
 85%|ΓûêΓûêΓûêΓûêΓûêΓûêΓûêΓûêΓûì | 2538/3000 [55:40<09:21,  1.22s/it]
 85%|ΓûêΓûêΓûêΓûêΓûêΓûêΓûêΓûêΓûì | 2539/3000 [55:41<08:51,  1.15s/it]
 85%|ΓûêΓûêΓûêΓûêΓûêΓûêΓûêΓûêΓûì | 2540/3000 [55:42<08:32,  1.11s/it]
 85%|ΓûêΓûêΓûêΓûêΓûêΓûêΓûêΓûêΓûì | 2541/3000 [55:43<08:15,  1.08s/it]
 85%|ΓûêΓûêΓûêΓûêΓûêΓûêΓûêΓûêΓûì | 2542/3000 [55:46<11:16,  1.48s/it]
 85%|ΓûêΓûêΓûêΓûêΓûêΓûêΓûêΓûêΓûì | 2543/3000 [55:48<12:31,  1.64s/it]
 85%|ΓûêΓûêΓûêΓûêΓûêΓûêΓûêΓûêΓûì | 2544/3000 [55:49<12:23,  1.63s/it]
 85%|ΓûêΓûêΓûêΓûêΓûêΓûêΓûêΓûêΓûì | 2545/3000 [55:50<10:22,  1.37s/it]
 85%|ΓûêΓûêΓûêΓûêΓûêΓûêΓûêΓûêΓûì | 2546/3000 [55:52<11:44,  1.55s/it]
 85%|ΓûêΓûêΓûêΓûêΓûêΓûêΓûêΓûêΓûì | 2547/3000 [55:53<10:08,  1.34s/it]
 85%|ΓûêΓûêΓûêΓûêΓûêΓûêΓûêΓûêΓûì | 2548/3000 [55:54<10:35,  1.41s/it]
 85%|ΓûêΓûêΓûêΓûêΓûêΓûêΓûêΓûêΓûì | 2549/3000 [55:55<09:16,  1.23s/it]
 85%|ΓûêΓûêΓûêΓûêΓûêΓûêΓûêΓûêΓûî | 2550/3000 [55:56<08:16,  1.10s/it]
 85%|ΓûêΓûêΓûêΓûêΓûêΓûêΓûêΓûêΓûî | 2551/3000 [55:58<09:16,  1.24s/it]
 85%|ΓûêΓûêΓûêΓûêΓûêΓûêΓûêΓûêΓûî | 2552/3000 [55:59<08:55,  1.20s/it]
 85%|ΓûêΓûêΓûêΓûêΓûêΓûêΓûêΓûêΓûî | 2553/3000 [55:59<08:03,  1.08s/it]
 85%|ΓûêΓûêΓûêΓûêΓûêΓûêΓûêΓûêΓûî | 2554/3000 [56:00<07:32,  1.01s/it]
 85%|ΓûêΓûêΓûêΓûêΓûêΓûêΓûêΓûêΓûî | 2555/3000 [56:02<08:44,  1.18s/it]
 85%|ΓûêΓûêΓûêΓûêΓûêΓûêΓûêΓûêΓûî | 2556/3000 [56:03<07:52,  1.06s/it]
 85%|ΓûêΓûêΓûêΓûêΓûêΓûêΓûêΓûêΓûî | 2557/3000 [56:04<08:33,  1.16s/it]
 85%|ΓûêΓûêΓûêΓûêΓûêΓûêΓûêΓûêΓûî | 2558/3000 [56:05<08:11,  1.11s/it]
 85%|ΓûêΓûêΓûêΓûêΓûêΓûêΓûêΓûêΓûî | 2559/3000 [56:07<09:41,  1.32s/it]
 85%|ΓûêΓûêΓûêΓûêΓûêΓûêΓûêΓûêΓûî | 2560/3000 [56:08<09:49,  1.34s/it]
 85%|ΓûêΓûêΓûêΓûêΓûêΓûêΓûêΓûêΓûî | 2561/3000 [56:10<10:07,  1.38s/it]
 85%|ΓûêΓûêΓûêΓûêΓûêΓûêΓûêΓûêΓûî | 2562/3000 [56:11<09:56,  1.36s/it]
 85%|ΓûêΓûêΓûêΓûêΓûêΓûêΓûêΓûêΓûî | 2563/3000 [56:12<09:05,  1.25s/it]
 85%|ΓûêΓûêΓûêΓûêΓûêΓûêΓûêΓûêΓûî | 2564/3000 [56:13<08:14,  1.13s/it]
 86%|ΓûêΓûêΓûêΓûêΓûêΓûêΓûêΓûêΓûî | 2565/3000 [56:14<07:33,  1.04s/it]
 86%|ΓûêΓûêΓûêΓûêΓûêΓûêΓûêΓûêΓûî | 2566/3000 [56:14<06:46,  1.07it/s]
 86%|ΓûêΓûêΓûêΓûêΓûêΓûêΓûêΓûêΓûî | 2567/3000 [56:16<08:54,  1.23s/it]
 86%|ΓûêΓûêΓûêΓûêΓûêΓûêΓûêΓûêΓûî | 2568/3000 [56:18<10:20,  1.44s/it]
 86%|ΓûêΓûêΓûêΓûêΓûêΓûêΓûêΓûêΓûî | 2569/3000 [56:20<10:15,  1.43s/it]
 86%|ΓûêΓûêΓûêΓûêΓûêΓûêΓûêΓûêΓûî | 2570/3000 [56:21<09:17,  1.30s/it]
 86%|ΓûêΓûêΓûêΓûêΓûêΓûêΓûêΓûêΓûî | 2571/3000 [56:23<10:33,  1.48s/it]
 86%|ΓûêΓûêΓûêΓûêΓûêΓûêΓûêΓûêΓûî | 2572/3000 [56:25<12:01,  1.69s/it]
 86%|ΓûêΓûêΓûêΓûêΓûêΓûêΓûêΓûêΓûî | 2573/3000 [56:26<11:42,  1.65s/it]
 86%|ΓûêΓûêΓûêΓûêΓûêΓûêΓûêΓûêΓûî | 2574/3000 [56:27<09:31,  1.34s/it]
 86%|ΓûêΓûêΓûêΓûêΓûêΓûêΓûêΓûêΓûî | 2575/3000 [56:28<08:24,  1.19s/it]
 86%|ΓûêΓûêΓûêΓûêΓûêΓûêΓûêΓûêΓûî | 2576/3000 [56:29<07:48,  1.10s/it]
 86%|ΓûêΓûêΓûêΓûêΓûêΓûêΓûêΓûêΓûî | 2577/3000 [56:30<09:05,  1.29s/it]
 86%|ΓûêΓûêΓûêΓûêΓûêΓûêΓûêΓûêΓûî | 2578/3000 [56:31<08:36,  1.22s/it]
 86%|ΓûêΓûêΓûêΓûêΓûêΓûêΓûêΓûêΓûî | 2579/3000 [56:32<07:20,  1.05s/it]
 86%|ΓûêΓûêΓûêΓûêΓûêΓûêΓûêΓûêΓûî | 2580/3000 [56:33<07:15,  1.04s/it]
 86%|ΓûêΓûêΓûêΓûêΓûêΓûêΓûêΓûêΓûî | 2581/3000 [56:35<08:34,  1.23s/it]
 86%|ΓûêΓûêΓûêΓûêΓûêΓûêΓûêΓûêΓûî | 2582/3000 [56:36<08:43,  1.25s/it]
 86%|ΓûêΓûêΓûêΓûêΓûêΓûêΓûêΓûêΓûî | 2583/3000 [56:39<12:03,  1.73s/it]
 86%|ΓûêΓûêΓûêΓûêΓûêΓûêΓûêΓûêΓûî | 2584/3000 [56:40<09:47,  1.41s/it]
 86%|ΓûêΓûêΓûêΓûêΓûêΓûêΓûêΓûêΓûî | 2585/3000 [56:41<08:50,  1.28s/it]
 86%|ΓûêΓûêΓûêΓûêΓûêΓûêΓûêΓûêΓûî | 2586/3000 [56:41<07:52,  1.14s/it]
 86%|ΓûêΓûêΓûêΓûêΓûêΓûêΓûêΓûêΓûî | 2587/3000 [56:42<07:35,  1.10s/it]
 86%|ΓûêΓûêΓûêΓûêΓûêΓûêΓûêΓûêΓûï | 2588/3000 [56:43<07:05,  1.03s/it]
 86%|ΓûêΓûêΓûêΓûêΓûêΓûêΓûêΓûêΓûï | 2589/3000 [56:44<07:19,  1.07s/it]
 86%|ΓûêΓûêΓûêΓûêΓûêΓûêΓûêΓûêΓûï | 2590/3000 [56:46<07:27,  1.09s/it]
 86%|ΓûêΓûêΓûêΓûêΓûêΓûêΓûêΓûêΓûï | 2591/3000 [56:47<07:57,  1.17s/it]
 86%|ΓûêΓûêΓûêΓûêΓûêΓûêΓûêΓûêΓûï | 2592/3000 [56:48<08:28,  1.25s/it]
 86%|ΓûêΓûêΓûêΓûêΓûêΓûêΓûêΓûêΓûï | 2593/3000 [56:50<08:48,  1.30s/it]
 86%|ΓûêΓûêΓûêΓûêΓûêΓûêΓûêΓûêΓûï | 2594/3000 [56:50<07:24,  1.09s/it]
 86%|ΓûêΓûêΓûêΓûêΓûêΓûêΓûêΓûêΓûï | 2595/3000 [56:51<07:11,  1.07s/it]
 87%|ΓûêΓûêΓûêΓûêΓûêΓûêΓûêΓûêΓûï | 2596/3000 [56:52<07:16,  1.08s/it]
 87%|ΓûêΓûêΓûêΓûêΓûêΓûêΓûêΓûêΓûï | 2597/3000 [56:54<08:03,  1.20s/it]
 87%|ΓûêΓûêΓûêΓûêΓûêΓûêΓûêΓûêΓûï | 2598/3000 [56:55<07:57,  1.19s/it]
 87%|ΓûêΓûêΓûêΓûêΓûêΓûêΓûêΓûêΓûï | 2599/3000 [56:56<07:13,  1.08s/it]
 87%|ΓûêΓûêΓûêΓûêΓûêΓûêΓûêΓûêΓûï | 2600/3000 [56:57<06:20,  1.05it/s]
 87%|ΓûêΓûêΓûêΓûêΓûêΓûêΓûêΓûêΓûï | 2601/3000 [56:57<06:07,  1.09it/s]
 87%|ΓûêΓûêΓûêΓûêΓûêΓûêΓûêΓûêΓûï | 2602/3000 [56:58<05:55,  1.12it/s]
 87%|ΓûêΓûêΓûêΓûêΓûêΓûêΓûêΓûêΓûï | 2603/3000 [57:00<06:51,  1.04s/it]
 87%|ΓûêΓûêΓûêΓûêΓûêΓûêΓûêΓûêΓûï | 2604/3000 [57:01<06:46,  1.03s/it]
 87%|ΓûêΓûêΓûêΓûêΓûêΓûêΓûêΓûêΓûï | 2605/3000 [57:01<06:00,  1.10it/s]
 87%|ΓûêΓûêΓûêΓûêΓûêΓûêΓûêΓûêΓûï | 2606/3000 [57:03<06:44,  1.03s/it]
 87%|ΓûêΓûêΓûêΓûêΓûêΓûêΓûêΓûêΓûï | 2607/3000 [57:04<07:28,  1.14s/it]
 87%|ΓûêΓûêΓûêΓûêΓûêΓûêΓûêΓûêΓûï | 2608/3000 [57:05<07:07,  1.09s/it]
 87%|ΓûêΓûêΓûêΓûêΓûêΓûêΓûêΓûêΓûï | 2609/3000 [57:07<09:08,  1.40s/it]
 87%|ΓûêΓûêΓûêΓûêΓûêΓûêΓûêΓûêΓûï | 2610/3000 [57:08<07:40,  1.18s/it]
 87%|ΓûêΓûêΓûêΓûêΓûêΓûêΓûêΓûêΓûï | 2611/3000 [57:11<10:54,  1.68s/it]
 87%|ΓûêΓûêΓûêΓûêΓûêΓûêΓûêΓûêΓûï | 2612/3000 [57:12<09:31,  1.47s/it]
 87%|ΓûêΓûêΓûêΓûêΓûêΓûêΓûêΓûêΓûï | 2613/3000 [57:13<08:58,  1.39s/it]
 87%|ΓûêΓûêΓûêΓûêΓûêΓûêΓûêΓûêΓûï | 2614/3000 [57:14<07:57,  1.24s/it]
 87%|ΓûêΓûêΓûêΓûêΓûêΓûêΓûêΓûêΓûï | 2615/3000 [57:16<09:23,  1.46s/it]
 87%|ΓûêΓûêΓûêΓûêΓûêΓûêΓûêΓûêΓûï | 2616/3000 [57:17<09:03,  1.41s/it]
 87%|ΓûêΓûêΓûêΓûêΓûêΓûêΓûêΓûêΓûï | 2617/3000 [57:18<08:33,  1.34s/it]
 87%|ΓûêΓûêΓûêΓûêΓûêΓûêΓûêΓûêΓûï | 2618/3000 [57:19<07:58,  1.25s/it]
 87%|ΓûêΓûêΓûêΓûêΓûêΓûêΓûêΓûêΓûï | 2619/3000 [57:20<07:31,  1.18s/it]
 87%|ΓûêΓûêΓûêΓûêΓûêΓûêΓûêΓûêΓûï | 2620/3000 [57:21<07:01,  1.11s/it]
 87%|ΓûêΓûêΓûêΓûêΓûêΓûêΓûêΓûêΓûï | 2621/3000 [57:22<07:13,  1.14s/it]
 87%|ΓûêΓûêΓûêΓûêΓûêΓûêΓûêΓûêΓûï | 2622/3000 [57:23<06:33,  1.04s/it]
 87%|ΓûêΓûêΓûêΓûêΓûêΓûêΓûêΓûêΓûï | 2623/3000 [57:24<06:48,  1.08s/it]
 87%|ΓûêΓûêΓûêΓûêΓûêΓûêΓûêΓûêΓûï | 2624/3000 [57:25<06:36,  1.05s/it]
 88%|ΓûêΓûêΓûêΓûêΓûêΓûêΓûêΓûêΓûè | 2625/3000 [57:27<08:15,  1.32s/it]
 88%|ΓûêΓûêΓûêΓûêΓûêΓûêΓûêΓûêΓûè | 2626/3000 [57:29<08:21,  1.34s/it]
 88%|ΓûêΓûêΓûêΓûêΓûêΓûêΓûêΓûêΓûè | 2627/3000 [57:30<08:07,  1.31s/it]
 88%|ΓûêΓûêΓûêΓûêΓûêΓûêΓûêΓûêΓûè | 2628/3000 [57:31<08:16,  1.33s/it]
 88%|ΓûêΓûêΓûêΓûêΓûêΓûêΓûêΓûêΓûè | 2629/3000 [57:33<07:59,  1.29s/it]
 88%|ΓûêΓûêΓûêΓûêΓûêΓûêΓûêΓûêΓûè | 2630/3000 [57:33<06:43,  1.09s/it]
 88%|ΓûêΓûêΓûêΓûêΓûêΓûêΓûêΓûêΓûè | 2631/3000 [57:35<08:42,  1.42s/it]
 88%|ΓûêΓûêΓûêΓûêΓûêΓûêΓûêΓûêΓûè | 2632/3000 [57:38<11:30,  1.88s/it]
 88%|ΓûêΓûêΓûêΓûêΓûêΓûêΓûêΓûêΓûè | 2633/3000 [57:39<10:07,  1.66s/it]
 88%|ΓûêΓûêΓûêΓûêΓûêΓûêΓûêΓûêΓûè | 2634/3000 [57:41<09:12,  1.51s/it]
 88%|ΓûêΓûêΓûêΓûêΓûêΓûêΓûêΓûêΓûè | 2635/3000 [57:42<08:55,  1.47s/it]
 88%|ΓûêΓûêΓûêΓûêΓûêΓûêΓûêΓûêΓûè | 2636/3000 [57:43<07:44,  1.28s/it]
 88%|ΓûêΓûêΓûêΓûêΓûêΓûêΓûêΓûêΓûè | 2637/3000 [57:44<08:19,  1.38s/it]
 88%|ΓûêΓûêΓûêΓûêΓûêΓûêΓûêΓûêΓûè | 2638/3000 [57:46<09:20,  1.55s/it]
 88%|ΓûêΓûêΓûêΓûêΓûêΓûêΓûêΓûêΓûè | 2639/3000 [57:51<15:32,  2.58s/it]
 88%|ΓûêΓûêΓûêΓûêΓûêΓûêΓûêΓûêΓûè | 2640/3000 [57:53<13:02,  2.17s/it]
 88%|ΓûêΓûêΓûêΓûêΓûêΓûêΓûêΓûêΓûè | 2641/3000 [57:53<10:15,  1.71s/it]
 88%|ΓûêΓûêΓûêΓûêΓûêΓûêΓûêΓûêΓûè | 2642/3000 [57:55<09:34,  1.61s/it]
 88%|ΓûêΓûêΓûêΓûêΓûêΓûêΓûêΓûêΓûè | 2643/3000 [57:56<08:31,  1.43s/it]
 88%|ΓûêΓûêΓûêΓûêΓûêΓûêΓûêΓûêΓûè | 2644/3000 [57:56<07:24,  1.25s/it]
 88%|ΓûêΓûêΓûêΓûêΓûêΓûêΓûêΓûêΓûè | 2645/3000 [57:58<07:49,  1.32s/it]
 88%|ΓûêΓûêΓûêΓûêΓûêΓûêΓûêΓûêΓûè | 2646/3000 [57:59<07:33,  1.28s/it]
 88%|ΓûêΓûêΓûêΓûêΓûêΓûêΓûêΓûêΓûè | 2647/3000 [58:01<08:01,  1.36s/it]
 88%|ΓûêΓûêΓûêΓûêΓûêΓûêΓûêΓûêΓûè | 2648/3000 [58:02<07:08,  1.22s/it]
 88%|ΓûêΓûêΓûêΓûêΓûêΓûêΓûêΓûêΓûè | 2649/3000 [58:03<07:43,  1.32s/it]
 88%|ΓûêΓûêΓûêΓûêΓûêΓûêΓûêΓûêΓûè | 2650/3000 [58:05<08:06,  1.39s/it]
 88%|ΓûêΓûêΓûêΓûêΓûêΓûêΓûêΓûêΓûè | 2651/3000 [58:05<07:10,  1.23s/it]
 88%|ΓûêΓûêΓûêΓûêΓûêΓûêΓûêΓûêΓûè | 2652/3000 [58:07<07:24,  1.28s/it]
 88%|ΓûêΓûêΓûêΓûêΓûêΓûêΓûêΓûêΓûè | 2653/3000 [58:08<06:37,  1.15s/it]
 88%|ΓûêΓûêΓûêΓûêΓûêΓûêΓûêΓûêΓûè | 2654/3000 [58:09<06:26,  1.12s/it]
 88%|ΓûêΓûêΓûêΓûêΓûêΓûêΓûêΓûêΓûè | 2655/3000 [58:10<06:23,  1.11s/it]
 89%|ΓûêΓûêΓûêΓûêΓûêΓûêΓûêΓûêΓûè | 2656/3000 [58:11<06:05,  1.06s/it]
 89%|ΓûêΓûêΓûêΓûêΓûêΓûêΓûêΓûêΓûè | 2657/3000 [58:13<08:01,  1.40s/it]
 89%|ΓûêΓûêΓûêΓûêΓûêΓûêΓûêΓûêΓûè | 2658/3000 [58:14<06:57,  1.22s/it]
 89%|ΓûêΓûêΓûêΓûêΓûêΓûêΓûêΓûêΓûè | 2659/3000 [58:16<08:34,  1.51s/it]
 89%|ΓûêΓûêΓûêΓûêΓûêΓûêΓûêΓûêΓûè | 2660/3000 [58:17<07:43,  1.36s/it]
 89%|ΓûêΓûêΓûêΓûêΓûêΓûêΓûêΓûêΓûè | 2661/3000 [58:18<06:29,  1.15s/it]
 89%|ΓûêΓûêΓûêΓûêΓûêΓûêΓûêΓûêΓûè | 2662/3000 [58:20<09:13,  1.64s/it]
 89%|ΓûêΓûêΓûêΓûêΓûêΓûêΓûêΓûêΓûë | 2663/3000 [58:22<09:49,  1.75s/it]
 89%|ΓûêΓûêΓûêΓûêΓûêΓûêΓûêΓûêΓûë | 2664/3000 [58:24<08:43,  1.56s/it]
 89%|ΓûêΓûêΓûêΓûêΓûêΓûêΓûêΓûêΓûë | 2665/3000 [58:27<11:54,  2.13s/it]
 89%|ΓûêΓûêΓûêΓûêΓûêΓûêΓûêΓûêΓûë | 2666/3000 [58:29<11:12,  2.01s/it]
 89%|ΓûêΓûêΓûêΓûêΓûêΓûêΓûêΓûêΓûë | 2667/3000 [58:30<09:41,  1.75s/it]
 89%|ΓûêΓûêΓûêΓûêΓûêΓûêΓûêΓûêΓûë | 2668/3000 [58:31<08:23,  1.52s/it]
 89%|ΓûêΓûêΓûêΓûêΓûêΓûêΓûêΓûêΓûë | 2669/3000 [58:32<08:10,  1.48s/it]
 89%|ΓûêΓûêΓûêΓûêΓûêΓûêΓûêΓûêΓûë | 2670/3000 [58:33<07:01,  1.28s/it]
 89%|ΓûêΓûêΓûêΓûêΓûêΓûêΓûêΓûêΓûë | 2671/3000 [58:34<06:26,  1.17s/it]
 89%|ΓûêΓûêΓûêΓûêΓûêΓûêΓûêΓûêΓûë | 2672/3000 [58:38<10:52,  1.99s/it]
 89%|ΓûêΓûêΓûêΓûêΓûêΓûêΓûêΓûêΓûë | 2673/3000 [58:40<11:38,  2.14s/it]
 89%|ΓûêΓûêΓûêΓûêΓûêΓûêΓûêΓûêΓûë | 2674/3000 [58:41<09:47,  1.80s/it]
 89%|ΓûêΓûêΓûêΓûêΓûêΓûêΓûêΓûêΓûë | 2675/3000 [58:43<09:23,  1.73s/it]
 89%|ΓûêΓûêΓûêΓûêΓûêΓûêΓûêΓûêΓûë | 2676/3000 [58:44<08:34,  1.59s/it]
 89%|ΓûêΓûêΓûêΓûêΓûêΓûêΓûêΓûêΓûë | 2677/3000 [58:45<07:53,  1.46s/it]
 89%|ΓûêΓûêΓûêΓûêΓûêΓûêΓûêΓûêΓûë | 2678/3000 [58:46<06:54,  1.29s/it]
 89%|ΓûêΓûêΓûêΓûêΓûêΓûêΓûêΓûêΓûë | 2679/3000 [58:48<07:07,  1.33s/it]
 89%|ΓûêΓûêΓûêΓûêΓûêΓûêΓûêΓûêΓûë | 2680/3000 [58:49<06:34,  1.23s/it]
 89%|ΓûêΓûêΓûêΓûêΓûêΓûêΓûêΓûêΓûë | 2681/3000 [58:49<05:34,  1.05s/it]
 89%|ΓûêΓûêΓûêΓûêΓûêΓûêΓûêΓûêΓûë | 2682/3000 [58:53<09:02,  1.70s/it]
 89%|ΓûêΓûêΓûêΓûêΓûêΓûêΓûêΓûêΓûë | 2683/3000 [58:53<07:34,  1.43s/it]
 89%|ΓûêΓûêΓûêΓûêΓûêΓûêΓûêΓûêΓûë | 2684/3000 [58:55<07:35,  1.44s/it]
 90%|ΓûêΓûêΓûêΓûêΓûêΓûêΓûêΓûêΓûë | 2685/3000 [58:55<06:17,  1.20s/it]
 90%|ΓûêΓûêΓûêΓûêΓûêΓûêΓûêΓûêΓûë | 2686/3000 [58:57<06:30,  1.24s/it]
 90%|ΓûêΓûêΓûêΓûêΓûêΓûêΓûêΓûêΓûë | 2687/3000 [58:58<06:10,  1.18s/it]
 90%|ΓûêΓûêΓûêΓûêΓûêΓûêΓûêΓûêΓûë | 2688/3000 [58:59<05:34,  1.07s/it]
 90%|ΓûêΓûêΓûêΓûêΓûêΓûêΓûêΓûêΓûë | 2689/3000 [59:00<05:42,  1.10s/it]
 90%|ΓûêΓûêΓûêΓûêΓûêΓûêΓûêΓûêΓûë | 2690/3000 [59:01<05:30,  1.07s/it]
 90%|ΓûêΓûêΓûêΓûêΓûêΓûêΓûêΓûêΓûë | 2691/3000 [59:02<05:08,  1.00it/s]
 90%|ΓûêΓûêΓûêΓûêΓûêΓûêΓûêΓûêΓûë | 2692/3000 [59:02<04:53,  1.05it/s]
 90%|ΓûêΓûêΓûêΓûêΓûêΓûêΓûêΓûêΓûë | 2693/3000 [59:03<04:42,  1.09it/s]
 90%|ΓûêΓûêΓûêΓûêΓûêΓûêΓûêΓûêΓûë | 2694/3000 [59:05<05:31,  1.08s/it]
 90%|ΓûêΓûêΓûêΓûêΓûêΓûêΓûêΓûêΓûë | 2695/3000 [59:06<05:24,  1.07s/it]
 90%|ΓûêΓûêΓûêΓûêΓûêΓûêΓûêΓûêΓûë | 2696/3000 [59:08<06:24,  1.26s/it]
 90%|ΓûêΓûêΓûêΓûêΓûêΓûêΓûêΓûêΓûë | 2697/3000 [59:09<06:29,  1.29s/it]
 90%|ΓûêΓûêΓûêΓûêΓûêΓûêΓûêΓûêΓûë | 2698/3000 [59:10<05:30,  1.09s/it]
 90%|ΓûêΓûêΓûêΓûêΓûêΓûêΓûêΓûêΓûë | 2699/3000 [59:11<05:41,  1.13s/it]
 90%|ΓûêΓûêΓûêΓûêΓûêΓûêΓûêΓûêΓûê | 2700/3000 [59:12<05:33,  1.11s/it]
 90%|ΓûêΓûêΓûêΓûêΓûêΓûêΓûêΓûêΓûê | 2701/3000 [59:13<05:56,  1.19s/it]
 90%|ΓûêΓûêΓûêΓûêΓûêΓûêΓûêΓûêΓûê | 2702/3000 [59:15<06:30,  1.31s/it]
 90%|ΓûêΓûêΓûêΓûêΓûêΓûêΓûêΓûêΓûê | 2703/3000 [59:16<06:02,  1.22s/it]
 90%|ΓûêΓûêΓûêΓûêΓûêΓûêΓûêΓûêΓûê | 2704/3000 [59:16<05:09,  1.05s/it]
 90%|ΓûêΓûêΓûêΓûêΓûêΓûêΓûêΓûêΓûê | 2705/3000 [59:18<05:13,  1.06s/it]
 90%|ΓûêΓûêΓûêΓûêΓûêΓûêΓûêΓûêΓûê | 2706/3000 [59:19<06:23,  1.31s/it]
 90%|ΓûêΓûêΓûêΓûêΓûêΓûêΓûêΓûêΓûê | 2707/3000 [59:21<06:15,  1.28s/it]
 90%|ΓûêΓûêΓûêΓûêΓûêΓûêΓûêΓûêΓûê | 2708/3000 [59:22<05:47,  1.19s/it]
 90%|ΓûêΓûêΓûêΓûêΓûêΓûêΓûêΓûêΓûê | 2709/3000 [59:23<06:38,  1.37s/it]
 90%|ΓûêΓûêΓûêΓûêΓûêΓûêΓûêΓûêΓûê | 2710/3000 [59:25<06:22,  1.32s/it]
 90%|ΓûêΓûêΓûêΓûêΓûêΓûêΓûêΓûêΓûê | 2711/3000 [59:26<06:10,  1.28s/it]
 90%|ΓûêΓûêΓûêΓûêΓûêΓûêΓûêΓûêΓûê | 2712/3000 [59:27<06:20,  1.32s/it]
 90%|ΓûêΓûêΓûêΓûêΓûêΓûêΓûêΓûêΓûê | 2713/3000 [59:29<06:36,  1.38s/it]
 90%|ΓûêΓûêΓûêΓûêΓûêΓûêΓûêΓûêΓûê | 2714/3000 [59:31<07:25,  1.56s/it]
 90%|ΓûêΓûêΓûêΓûêΓûêΓûêΓûêΓûêΓûê | 2715/3000 [59:32<06:21,  1.34s/it]
 91%|ΓûêΓûêΓûêΓûêΓûêΓûêΓûêΓûêΓûê | 2716/3000 [59:33<06:00,  1.27s/it]
 91%|ΓûêΓûêΓûêΓûêΓûêΓûêΓûêΓûêΓûê | 2717/3000 [59:34<06:43,  1.43s/it]
 91%|ΓûêΓûêΓûêΓûêΓûêΓûêΓûêΓûêΓûê | 2718/3000 [59:36<06:29,  1.38s/it]
 91%|ΓûêΓûêΓûêΓûêΓûêΓûêΓûêΓûêΓûê | 2719/3000 [59:37<05:50,  1.25s/it]
 91%|ΓûêΓûêΓûêΓûêΓûêΓûêΓûêΓûêΓûê | 2720/3000 [59:37<04:59,  1.07s/it]
 91%|ΓûêΓûêΓûêΓûêΓûêΓûêΓûêΓûêΓûê | 2721/3000 [59:38<04:44,  1.02s/it]
 91%|ΓûêΓûêΓûêΓûêΓûêΓûêΓûêΓûêΓûê | 2722/3000 [59:40<05:50,  1.26s/it]
 91%|ΓûêΓûêΓûêΓûêΓûêΓûêΓûêΓûêΓûê | 2723/3000 [59:41<04:56,  1.07s/it]
 91%|ΓûêΓûêΓûêΓûêΓûêΓûêΓûêΓûêΓûê | 2724/3000 [59:42<05:39,  1.23s/it]
 91%|ΓûêΓûêΓûêΓûêΓûêΓûêΓûêΓûêΓûê | 2725/3000 [59:44<06:18,  1.38s/it]
 91%|ΓûêΓûêΓûêΓûêΓûêΓûêΓûêΓûêΓûê | 2726/3000 [59:45<05:54,  1.29s/it]
 91%|ΓûêΓûêΓûêΓûêΓûêΓûêΓûêΓûêΓûê | 2727/3000 [59:46<05:01,  1.10s/it]
 91%|ΓûêΓûêΓûêΓûêΓûêΓûêΓûêΓûêΓûê | 2728/3000 [59:47<04:56,  1.09s/it]
 91%|ΓûêΓûêΓûêΓûêΓûêΓûêΓûêΓûêΓûê | 2729/3000 [59:49<05:54,  1.31s/it]
 91%|ΓûêΓûêΓûêΓûêΓûêΓûêΓûêΓûêΓûê | 2730/3000 [59:50<05:33,  1.23s/it]
 91%|ΓûêΓûêΓûêΓûêΓûêΓûêΓûêΓûêΓûê | 2731/3000 [59:51<05:51,  1.31s/it]
 91%|ΓûêΓûêΓûêΓûêΓûêΓûêΓûêΓûêΓûê | 2732/3000 [59:53<06:11,  1.39s/it]
 91%|ΓûêΓûêΓûêΓûêΓûêΓûêΓûêΓûêΓûê | 2733/3000 [59:53<05:08,  1.15s/it]
 91%|ΓûêΓûêΓûêΓûêΓûêΓûêΓûêΓûêΓûê | 2734/3000 [59:55<05:28,  1.24s/it]
 91%|ΓûêΓûêΓûêΓûêΓûêΓûêΓûêΓûêΓûê | 2735/3000 [1:00:01<11:43,  2.66s/it]
 91%|ΓûêΓûêΓûêΓûêΓûêΓûêΓûêΓûêΓûê | 2736/3000 [1:00:02<09:19,  2.12s/it]
 91%|ΓûêΓûêΓûêΓûêΓûêΓûêΓûêΓûêΓûê | 2737/3000 [1:00:03<08:49,  2.01s/it]
 91%|ΓûêΓûêΓûêΓûêΓûêΓûêΓûêΓûêΓûêΓûÅ| 2738/3000 [1:00:04<07:23,  1.69s/it]
 91%|ΓûêΓûêΓûêΓûêΓûêΓûêΓûêΓûêΓûêΓûÅ| 2739/3000 [1:00:06<07:03,  1.62s/it]
 91%|ΓûêΓûêΓûêΓûêΓûêΓûêΓûêΓûêΓûêΓûÅ| 2740/3000 [1:00:07<06:27,  1.49s/it]
 91%|ΓûêΓûêΓûêΓûêΓûêΓûêΓûêΓûêΓûêΓûÅ| 2741/3000 [1:00:08<05:34,  1.29s/it]
 91%|ΓûêΓûêΓûêΓûêΓûêΓûêΓûêΓûêΓûêΓûÅ| 2742/3000 [1:00:09<04:59,  1.16s/it]
 91%|ΓûêΓûêΓûêΓûêΓûêΓûêΓûêΓûêΓûêΓûÅ| 2743/3000 [1:00:10<05:21,  1.25s/it]
 91%|ΓûêΓûêΓûêΓûêΓûêΓûêΓûêΓûêΓûêΓûÅ| 2744/3000 [1:00:11<05:12,  1.22s/it]
 92%|ΓûêΓûêΓûêΓûêΓûêΓûêΓûêΓûêΓûêΓûÅ| 2745/3000 [1:00:12<04:29,  1.06s/it]
 92%|ΓûêΓûêΓûêΓûêΓûêΓûêΓûêΓûêΓûêΓûÅ| 2746/3000 [1:00:14<05:09,  1.22s/it]
 92%|ΓûêΓûêΓûêΓûêΓûêΓûêΓûêΓûêΓûêΓûÅ| 2747/3000 [1:00:15<04:54,  1.16s/it]
 92%|ΓûêΓûêΓûêΓûêΓûêΓûêΓûêΓûêΓûêΓûÅ| 2748/3000 [1:00:15<04:33,  1.08s/it]
 92%|ΓûêΓûêΓûêΓûêΓûêΓûêΓûêΓûêΓûêΓûÅ| 2749/3000 [1:00:16<04:21,  1.04s/it]
 92%|ΓûêΓûêΓûêΓûêΓûêΓûêΓûêΓûêΓûêΓûÅ| 2750/3000 [1:00:17<04:07,  1.01it/s]
 92%|ΓûêΓûêΓûêΓûêΓûêΓûêΓûêΓûêΓûêΓûÅ| 2751/3000 [1:00:19<04:54,  1.18s/it]
 92%|ΓûêΓûêΓûêΓûêΓûêΓûêΓûêΓûêΓûêΓûÅ| 2752/3000 [1:00:20<04:52,  1.18s/it]
 92%|ΓûêΓûêΓûêΓûêΓûêΓûêΓûêΓûêΓûêΓûÅ| 2753/3000 [1:00:21<04:56,  1.20s/it]
 92%|ΓûêΓûêΓûêΓûêΓûêΓûêΓûêΓûêΓûêΓûÅ| 2754/3000 [1:00:22<04:39,  1.14s/it]
 92%|ΓûêΓûêΓûêΓûêΓûêΓûêΓûêΓûêΓûêΓûÅ| 2755/3000 [1:00:24<05:08,  1.26s/it]
 92%|ΓûêΓûêΓûêΓûêΓûêΓûêΓûêΓûêΓûêΓûÅ| 2756/3000 [1:00:25<04:57,  1.22s/it]
 92%|ΓûêΓûêΓûêΓûêΓûêΓûêΓûêΓûêΓûêΓûÅ| 2757/3000 [1:00:26<04:29,  1.11s/it]
 92%|ΓûêΓûêΓûêΓûêΓûêΓûêΓûêΓûêΓûêΓûÅ| 2758/3000 [1:00:27<04:56,  1.22s/it]
 92%|ΓûêΓûêΓûêΓûêΓûêΓûêΓûêΓûêΓûêΓûÅ| 2759/3000 [1:00:28<04:12,  1.05s/it]
 92%|ΓûêΓûêΓûêΓûêΓûêΓûêΓûêΓûêΓûêΓûÅ| 2760/3000 [1:00:29<03:54,  1.02it/s]
 92%|ΓûêΓûêΓûêΓûêΓûêΓûêΓûêΓûêΓûêΓûÅ| 2761/3000 [1:00:30<03:56,  1.01it/s]
 92%|ΓûêΓûêΓûêΓûêΓûêΓûêΓûêΓûêΓûêΓûÅ| 2762/3000 [1:00:31<03:43,  1.06it/s]
 92%|ΓûêΓûêΓûêΓûêΓûêΓûêΓûêΓûêΓûêΓûÅ| 2763/3000 [1:00:32<04:16,  1.08s/it]
 92%|ΓûêΓûêΓûêΓûêΓûêΓûêΓûêΓûêΓûêΓûÅ| 2764/3000 [1:00:34<04:44,  1.21s/it]
 92%|ΓûêΓûêΓûêΓûêΓûêΓûêΓûêΓûêΓûêΓûÅ| 2765/3000 [1:00:34<04:28,  1.14s/it]
 92%|ΓûêΓûêΓûêΓûêΓûêΓûêΓûêΓûêΓûêΓûÅ| 2766/3000 [1:00:35<04:01,  1.03s/it]
 92%|ΓûêΓûêΓûêΓûêΓûêΓûêΓûêΓûêΓûêΓûÅ| 2767/3000 [1:00:39<06:52,  1.77s/it]
 92%|ΓûêΓûêΓûêΓûêΓûêΓûêΓûêΓûêΓûêΓûÅ| 2768/3000 [1:00:40<06:45,  1.75s/it]
 92%|ΓûêΓûêΓûêΓûêΓûêΓûêΓûêΓûêΓûêΓûÅ| 2769/3000 [1:00:41<05:41,  1.48s/it]
 92%|ΓûêΓûêΓûêΓûêΓûêΓûêΓûêΓûêΓûêΓûÅ| 2770/3000 [1:00:42<04:46,  1.25s/it]
 92%|ΓûêΓûêΓûêΓûêΓûêΓûêΓûêΓûêΓûêΓûÅ| 2771/3000 [1:00:43<04:20,  1.14s/it]
 92%|ΓûêΓûêΓûêΓûêΓûêΓûêΓûêΓûêΓûêΓûÅ| 2772/3000 [1:00:44<04:09,  1.09s/it]
 92%|ΓûêΓûêΓûêΓûêΓûêΓûêΓûêΓûêΓûêΓûÅ| 2773/3000 [1:00:45<03:50,  1.01s/it]
 92%|ΓûêΓûêΓûêΓûêΓûêΓûêΓûêΓûêΓûêΓûÅ| 2774/3000 [1:00:45<03:23,  1.11it/s]
 92%|ΓûêΓûêΓûêΓûêΓûêΓûêΓûêΓûêΓûêΓûÄ| 2775/3000 [1:00:46<03:05,  1.22it/s]
 93%|ΓûêΓûêΓûêΓûêΓûêΓûêΓûêΓûêΓûêΓûÄ| 2776/3000 [1:00:47<03:18,  1.13it/s]
 93%|ΓûêΓûêΓûêΓûêΓûêΓûêΓûêΓûêΓûêΓûÄ| 2777/3000 [1:00:48<03:50,  1.03s/it]
 93%|ΓûêΓûêΓûêΓûêΓûêΓûêΓûêΓûêΓûêΓûÄ| 2778/3000 [1:00:50<03:57,  1.07s/it]
 93%|ΓûêΓûêΓûêΓûêΓûêΓûêΓûêΓûêΓûêΓûÄ| 2779/3000 [1:00:50<03:40,  1.00it/s]
 93%|ΓûêΓûêΓûêΓûêΓûêΓûêΓûêΓûêΓûêΓûÄ| 2780/3000 [1:00:52<04:26,  1.21s/it]
 93%|ΓûêΓûêΓûêΓûêΓûêΓûêΓûêΓûêΓûêΓûÄ| 2781/3000 [1:00:53<04:36,  1.26s/it]
 93%|ΓûêΓûêΓûêΓûêΓûêΓûêΓûêΓûêΓûêΓûÄ| 2782/3000 [1:00:55<04:33,  1.26s/it]
 93%|ΓûêΓûêΓûêΓûêΓûêΓûêΓûêΓûêΓûêΓûÄ| 2783/3000 [1:00:56<04:04,  1.13s/it]
 93%|ΓûêΓûêΓûêΓûêΓûêΓûêΓûêΓûêΓûêΓûÄ| 2784/3000 [1:00:57<04:00,  1.11s/it]
 93%|ΓûêΓûêΓûêΓûêΓûêΓûêΓûêΓûêΓûêΓûÄ| 2785/3000 [1:00:58<03:58,  1.11s/it]
 93%|ΓûêΓûêΓûêΓûêΓûêΓûêΓûêΓûêΓûêΓûÄ| 2786/3000 [1:00:59<04:14,  1.19s/it]
 93%|ΓûêΓûêΓûêΓûêΓûêΓûêΓûêΓûêΓûêΓûÄ| 2787/3000 [1:01:00<03:59,  1.13s/it]
 93%|ΓûêΓûêΓûêΓûêΓûêΓûêΓûêΓûêΓûêΓûÄ| 2788/3000 [1:01:01<03:52,  1.10s/it]
 93%|ΓûêΓûêΓûêΓûêΓûêΓûêΓûêΓûêΓûêΓûÄ| 2789/3000 [1:01:05<06:17,  1.79s/it]
 93%|ΓûêΓûêΓûêΓûêΓûêΓûêΓûêΓûêΓûêΓûÄ| 2790/3000 [1:01:06<05:37,  1.61s/it]
 93%|ΓûêΓûêΓûêΓûêΓûêΓûêΓûêΓûêΓûêΓûÄ| 2791/3000 [1:01:08<06:07,  1.76s/it]
 93%|ΓûêΓûêΓûêΓûêΓûêΓûêΓûêΓûêΓûêΓûÄ| 2792/3000 [1:01:10<06:30,  1.88s/it]
 93%|ΓûêΓûêΓûêΓûêΓûêΓûêΓûêΓûêΓûêΓûÄ| 2793/3000 [1:01:11<06:01,  1.75s/it]
 93%|ΓûêΓûêΓûêΓûêΓûêΓûêΓûêΓûêΓûêΓûÄ| 2794/3000 [1:01:12<05:07,  1.49s/it]
 93%|ΓûêΓûêΓûêΓûêΓûêΓûêΓûêΓûêΓûêΓûÄ| 2795/3000 [1:01:14<05:23,  1.58s/it]
 93%|ΓûêΓûêΓûêΓûêΓûêΓûêΓûêΓûêΓûêΓûÄ| 2796/3000 [1:01:15<04:46,  1.41s/it]
 93%|ΓûêΓûêΓûêΓûêΓûêΓûêΓûêΓûêΓûêΓûÄ| 2797/3000 [1:01:17<05:24,  1.60s/it]
 93%|ΓûêΓûêΓûêΓûêΓûêΓûêΓûêΓûêΓûêΓûÄ| 2798/3000 [1:01:18<04:23,  1.31s/it]
 93%|ΓûêΓûêΓûêΓûêΓûêΓûêΓûêΓûêΓûêΓûÄ| 2799/3000 [1:01:19<04:07,  1.23s/it]
 93%|ΓûêΓûêΓûêΓûêΓûêΓûêΓûêΓûêΓûêΓûÄ| 2800/3000 [1:01:20<04:31,  1.36s/it]
 93%|ΓûêΓûêΓûêΓûêΓûêΓûêΓûêΓûêΓûêΓûÄ| 2801/3000 [1:01:21<03:58,  1.20s/it]
 93%|ΓûêΓûêΓûêΓûêΓûêΓûêΓûêΓûêΓûêΓûÄ| 2802/3000 [1:01:22<03:52,  1.17s/it]
 93%|ΓûêΓûêΓûêΓûêΓûêΓûêΓûêΓûêΓûêΓûÄ| 2803/3000 [1:01:23<03:33,  1.09s/it]
 93%|ΓûêΓûêΓûêΓûêΓûêΓûêΓûêΓûêΓûêΓûÄ| 2804/3000 [1:01:25<04:23,  1.34s/it]
 94%|ΓûêΓûêΓûêΓûêΓûêΓûêΓûêΓûêΓûêΓûÄ| 2805/3000 [1:01:26<03:54,  1.20s/it]
 94%|ΓûêΓûêΓûêΓûêΓûêΓûêΓûêΓûêΓûêΓûÄ| 2806/3000 [1:01:27<03:25,  1.06s/it]
 94%|ΓûêΓûêΓûêΓûêΓûêΓûêΓûêΓûêΓûêΓûÄ| 2807/3000 [1:01:28<03:24,  1.06s/it]
 94%|ΓûêΓûêΓûêΓûêΓûêΓûêΓûêΓûêΓûêΓûÄ| 2808/3000 [1:01:29<03:32,  1.11s/it]
 94%|ΓûêΓûêΓûêΓûêΓûêΓûêΓûêΓûêΓûêΓûÄ| 2809/3000 [1:01:30<03:16,  1.03s/it]
 94%|ΓûêΓûêΓûêΓûêΓûêΓûêΓûêΓûêΓûêΓûÄ| 2810/3000 [1:01:31<03:42,  1.17s/it]
 94%|ΓûêΓûêΓûêΓûêΓûêΓûêΓûêΓûêΓûêΓûÄ| 2811/3000 [1:01:33<03:32,  1.13s/it]
 94%|ΓûêΓûêΓûêΓûêΓûêΓûêΓûêΓûêΓûêΓûÄ| 2812/3000 [1:01:34<03:33,  1.14s/it]
 94%|ΓûêΓûêΓûêΓûêΓûêΓûêΓûêΓûêΓûêΓûì| 2813/3000 [1:01:35<03:45,  1.21s/it]
 94%|ΓûêΓûêΓûêΓûêΓûêΓûêΓûêΓûêΓûêΓûì| 2814/3000 [1:01:37<03:59,  1.29s/it]
 94%|ΓûêΓûêΓûêΓûêΓûêΓûêΓûêΓûêΓûêΓûì| 2815/3000 [1:01:37<03:22,  1.10s/it]
 94%|ΓûêΓûêΓûêΓûêΓûêΓûêΓûêΓûêΓûêΓûì| 2816/3000 [1:01:39<04:00,  1.31s/it]
 94%|ΓûêΓûêΓûêΓûêΓûêΓûêΓûêΓûêΓûêΓûì| 2817/3000 [1:01:40<03:41,  1.21s/it]
 94%|ΓûêΓûêΓûêΓûêΓûêΓûêΓûêΓûêΓûêΓûì| 2818/3000 [1:01:41<03:47,  1.25s/it]
 94%|ΓûêΓûêΓûêΓûêΓûêΓûêΓûêΓûêΓûêΓûì| 2819/3000 [1:01:42<03:32,  1.17s/it]
 94%|ΓûêΓûêΓûêΓûêΓûêΓûêΓûêΓûêΓûêΓûì| 2820/3000 [1:01:43<03:22,  1.12s/it]
 94%|ΓûêΓûêΓûêΓûêΓûêΓûêΓûêΓûêΓûêΓûì| 2821/3000 [1:01:45<03:27,  1.16s/it]
 94%|ΓûêΓûêΓûêΓûêΓûêΓûêΓûêΓûêΓûêΓûì| 2822/3000 [1:01:45<03:07,  1.05s/it]
 94%|ΓûêΓûêΓûêΓûêΓûêΓûêΓûêΓûêΓûêΓûì| 2823/3000 [1:01:46<03:04,  1.04s/it]
 94%|ΓûêΓûêΓûêΓûêΓûêΓûêΓûêΓûêΓûêΓûì| 2824/3000 [1:01:48<03:38,  1.24s/it]
 94%|ΓûêΓûêΓûêΓûêΓûêΓûêΓûêΓûêΓûêΓûì| 2825/3000 [1:01:49<03:29,  1.20s/it]
 94%|ΓûêΓûêΓûêΓûêΓûêΓûêΓûêΓûêΓûêΓûì| 2826/3000 [1:01:50<03:01,  1.04s/it]
 94%|ΓûêΓûêΓûêΓûêΓûêΓûêΓûêΓûêΓûêΓûì| 2827/3000 [1:01:52<03:53,  1.35s/it]
 94%|ΓûêΓûêΓûêΓûêΓûêΓûêΓûêΓûêΓûêΓûì| 2828/3000 [1:01:53<03:24,  1.19s/it]
 94%|ΓûêΓûêΓûêΓûêΓûêΓûêΓûêΓûêΓûêΓûì| 2829/3000 [1:01:54<03:15,  1.14s/it]
 94%|ΓûêΓûêΓûêΓûêΓûêΓûêΓûêΓûêΓûêΓûì| 2830/3000 [1:01:55<03:17,  1.16s/it]
 94%|ΓûêΓûêΓûêΓûêΓûêΓûêΓûêΓûêΓûêΓûì| 2831/3000 [1:01:56<03:08,  1.12s/it]
 94%|ΓûêΓûêΓûêΓûêΓûêΓûêΓûêΓûêΓûêΓûì| 2832/3000 [1:01:57<02:51,  1.02s/it]
 94%|ΓûêΓûêΓûêΓûêΓûêΓûêΓûêΓûêΓûêΓûì| 2833/3000 [1:01:57<02:33,  1.09it/s]
 94%|ΓûêΓûêΓûêΓûêΓûêΓûêΓûêΓûêΓûêΓûì| 2834/3000 [1:01:58<02:35,  1.07it/s]
 94%|ΓûêΓûêΓûêΓûêΓûêΓûêΓûêΓûêΓûêΓûì| 2835/3000 [1:02:01<03:42,  1.35s/it]
 95%|ΓûêΓûêΓûêΓûêΓûêΓûêΓûêΓûêΓûêΓûì| 2836/3000 [1:02:02<03:45,  1.38s/it]
 95%|ΓûêΓûêΓûêΓûêΓûêΓûêΓûêΓûêΓûêΓûì| 2837/3000 [1:02:04<03:49,  1.41s/it]
 95%|ΓûêΓûêΓûêΓûêΓûêΓûêΓûêΓûêΓûêΓûì| 2838/3000 [1:02:05<03:24,  1.26s/it]
 95%|ΓûêΓûêΓûêΓûêΓûêΓûêΓûêΓûêΓûêΓûì| 2839/3000 [1:02:05<03:06,  1.16s/it]
 95%|ΓûêΓûêΓûêΓûêΓûêΓûêΓûêΓûêΓûêΓûì| 2840/3000 [1:02:06<02:41,  1.01s/it]
 95%|ΓûêΓûêΓûêΓûêΓûêΓûêΓûêΓûêΓûêΓûì| 2841/3000 [1:02:07<02:56,  1.11s/it]
 95%|ΓûêΓûêΓûêΓûêΓûêΓûêΓûêΓûêΓûêΓûì| 2842/3000 [1:02:10<03:39,  1.39s/it]
 95%|ΓûêΓûêΓûêΓûêΓûêΓûêΓûêΓûêΓûêΓûì| 2843/3000 [1:02:11<04:00,  1.53s/it]
 95%|ΓûêΓûêΓûêΓûêΓûêΓûêΓûêΓûêΓûêΓûì| 2844/3000 [1:02:15<05:41,  2.19s/it]
 95%|ΓûêΓûêΓûêΓûêΓûêΓûêΓûêΓûêΓûêΓûì| 2845/3000 [1:02:17<05:10,  2.00s/it]
 95%|ΓûêΓûêΓûêΓûêΓûêΓûêΓûêΓûêΓûêΓûì| 2846/3000 [1:02:18<04:27,  1.74s/it]
 95%|ΓûêΓûêΓûêΓûêΓûêΓûêΓûêΓûêΓûêΓûì| 2847/3000 [1:02:18<03:35,  1.41s/it]
 95%|ΓûêΓûêΓûêΓûêΓûêΓûêΓûêΓûêΓûêΓûì| 2848/3000 [1:02:20<03:24,  1.34s/it]
 95%|ΓûêΓûêΓûêΓûêΓûêΓûêΓûêΓûêΓûêΓûì| 2849/3000 [1:02:20<02:59,  1.19s/it]
 95%|ΓûêΓûêΓûêΓûêΓûêΓûêΓûêΓûêΓûêΓûî| 2850/3000 [1:02:21<02:34,  1.03s/it]
 95%|ΓûêΓûêΓûêΓûêΓûêΓûêΓûêΓûêΓûêΓûî| 2851/3000 [1:02:22<02:24,  1.03it/s]
 95%|ΓûêΓûêΓûêΓûêΓûêΓûêΓûêΓûêΓûêΓûî| 2852/3000 [1:02:23<02:20,  1.05it/s]
 95%|ΓûêΓûêΓûêΓûêΓûêΓûêΓûêΓûêΓûêΓûî| 2853/3000 [1:02:24<02:27,  1.01s/it]
 95%|ΓûêΓûêΓûêΓûêΓûêΓûêΓûêΓûêΓûêΓûî| 2854/3000 [1:02:25<02:28,  1.02s/it]
 95%|ΓûêΓûêΓûêΓûêΓûêΓûêΓûêΓûêΓûêΓûî| 2855/3000 [1:02:26<02:31,  1.05s/it]
 95%|ΓûêΓûêΓûêΓûêΓûêΓûêΓûêΓûêΓûêΓûî| 2856/3000 [1:02:28<02:58,  1.24s/it]
 95%|ΓûêΓûêΓûêΓûêΓûêΓûêΓûêΓûêΓûêΓûî| 2857/3000 [1:02:29<02:45,  1.16s/it]
 95%|ΓûêΓûêΓûêΓûêΓûêΓûêΓûêΓûêΓûêΓûî| 2858/3000 [1:02:30<02:30,  1.06s/it]
 95%|ΓûêΓûêΓûêΓûêΓûêΓûêΓûêΓûêΓûêΓûî| 2859/3000 [1:02:31<02:54,  1.24s/it]
 95%|ΓûêΓûêΓûêΓûêΓûêΓûêΓûêΓûêΓûêΓûî| 2860/3000 [1:02:33<02:59,  1.28s/it]
 95%|ΓûêΓûêΓûêΓûêΓûêΓûêΓûêΓûêΓûêΓûî| 2861/3000 [1:02:34<03:01,  1.31s/it]
 95%|ΓûêΓûêΓûêΓûêΓûêΓûêΓûêΓûêΓûêΓûî| 2862/3000 [1:02:35<03:01,  1.32s/it]
 95%|ΓûêΓûêΓûêΓûêΓûêΓûêΓûêΓûêΓûêΓûî| 2863/3000 [1:02:37<03:06,  1.36s/it]
 95%|ΓûêΓûêΓûêΓûêΓûêΓûêΓûêΓûêΓûêΓûî| 2864/3000 [1:02:38<02:57,  1.30s/it]
 96%|ΓûêΓûêΓûêΓûêΓûêΓûêΓûêΓûêΓûêΓûî| 2865/3000 [1:02:40<03:30,  1.56s/it]
 96%|ΓûêΓûêΓûêΓûêΓûêΓûêΓûêΓûêΓûêΓûî| 2866/3000 [1:02:41<03:05,  1.39s/it]
 96%|ΓûêΓûêΓûêΓûêΓûêΓûêΓûêΓûêΓûêΓûî| 2867/3000 [1:02:43<03:38,  1.64s/it]
 96%|ΓûêΓûêΓûêΓûêΓûêΓûêΓûêΓûêΓûêΓûî| 2868/3000 [1:02:45<03:35,  1.63s/it]
 96%|ΓûêΓûêΓûêΓûêΓûêΓûêΓûêΓûêΓûêΓûî| 2869/3000 [1:02:46<03:02,  1.39s/it]
 96%|ΓûêΓûêΓûêΓûêΓûêΓûêΓûêΓûêΓûêΓûî| 2870/3000 [1:02:51<05:31,  2.55s/it]
 96%|ΓûêΓûêΓûêΓûêΓûêΓûêΓûêΓûêΓûêΓûî| 2871/3000 [1:02:52<04:23,  2.04s/it]
 96%|ΓûêΓûêΓûêΓûêΓûêΓûêΓûêΓûêΓûêΓûî| 2872/3000 [1:02:53<03:36,  1.69s/it]
 96%|ΓûêΓûêΓûêΓûêΓûêΓûêΓûêΓûêΓûêΓûî| 2873/3000 [1:02:54<03:03,  1.45s/it]
 96%|ΓûêΓûêΓûêΓûêΓûêΓûêΓûêΓûêΓûêΓûî| 2874/3000 [1:02:55<02:45,  1.31s/it]
 96%|ΓûêΓûêΓûêΓûêΓûêΓûêΓûêΓûêΓûêΓûî| 2875/3000 [1:02:56<02:41,  1.29s/it]
 96%|ΓûêΓûêΓûêΓûêΓûêΓûêΓûêΓûêΓûêΓûî| 2876/3000 [1:02:57<02:44,  1.33s/it]
 96%|ΓûêΓûêΓûêΓûêΓûêΓûêΓûêΓûêΓûêΓûî| 2877/3000 [1:02:59<02:44,  1.34s/it]
 96%|ΓûêΓûêΓûêΓûêΓûêΓûêΓûêΓûêΓûêΓûî| 2878/3000 [1:03:00<02:37,  1.29s/it]
 96%|ΓûêΓûêΓûêΓûêΓûêΓûêΓûêΓûêΓûêΓûî| 2879/3000 [1:03:01<02:25,  1.20s/it]
 96%|ΓûêΓûêΓûêΓûêΓûêΓûêΓûêΓûêΓûêΓûî| 2880/3000 [1:03:03<02:40,  1.34s/it]
 96%|ΓûêΓûêΓûêΓûêΓûêΓûêΓûêΓûêΓûêΓûî| 2881/3000 [1:03:03<02:14,  1.13s/it]
 96%|ΓûêΓûêΓûêΓûêΓûêΓûêΓûêΓûêΓûêΓûî| 2882/3000 [1:03:04<02:09,  1.09s/it]
 96%|ΓûêΓûêΓûêΓûêΓûêΓûêΓûêΓûêΓûêΓûî| 2883/3000 [1:03:06<02:22,  1.22s/it]
 96%|ΓûêΓûêΓûêΓûêΓûêΓûêΓûêΓûêΓûêΓûî| 2884/3000 [1:03:07<02:11,  1.13s/it]
 96%|ΓûêΓûêΓûêΓûêΓûêΓûêΓûêΓûêΓûêΓûî| 2885/3000 [1:03:08<02:20,  1.22s/it]
 96%|ΓûêΓûêΓûêΓûêΓûêΓûêΓûêΓûêΓûêΓûî| 2886/3000 [1:03:09<02:12,  1.16s/it]
 96%|ΓûêΓûêΓûêΓûêΓûêΓûêΓûêΓûêΓûêΓûî| 2887/3000 [1:03:10<01:59,  1.06s/it]
 96%|ΓûêΓûêΓûêΓûêΓûêΓûêΓûêΓûêΓûêΓûï| 2888/3000 [1:03:12<02:15,  1.21s/it]
 96%|ΓûêΓûêΓûêΓûêΓûêΓûêΓûêΓûêΓûêΓûï| 2889/3000 [1:03:12<02:03,  1.11s/it]
 96%|ΓûêΓûêΓûêΓûêΓûêΓûêΓûêΓûêΓûêΓûï| 2890/3000 [1:03:14<02:32,  1.38s/it]
 96%|ΓûêΓûêΓûêΓûêΓûêΓûêΓûêΓûêΓûêΓûï| 2891/3000 [1:03:15<02:20,  1.29s/it]
 96%|ΓûêΓûêΓûêΓûêΓûêΓûêΓûêΓûêΓûêΓûï| 2892/3000 [1:03:16<02:06,  1.17s/it]
 96%|ΓûêΓûêΓûêΓûêΓûêΓûêΓûêΓûêΓûêΓûï| 2893/3000 [1:03:17<01:58,  1.11s/it]
 96%|ΓûêΓûêΓûêΓûêΓûêΓûêΓûêΓûêΓûêΓûï| 2894/3000 [1:03:18<01:58,  1.12s/it]
 96%|ΓûêΓûêΓûêΓûêΓûêΓûêΓûêΓûêΓûêΓûï| 2895/3000 [1:03:23<03:49,  2.19s/it]
 97%|ΓûêΓûêΓûêΓûêΓûêΓûêΓûêΓûêΓûêΓûï| 2896/3000 [1:03:25<03:34,  2.06s/it]
 97%|ΓûêΓûêΓûêΓûêΓûêΓûêΓûêΓûêΓûêΓûï| 2897/3000 [1:03:26<03:02,  1.77s/it]
 97%|ΓûêΓûêΓûêΓûêΓûêΓûêΓûêΓûêΓûêΓûï| 2898/3000 [1:03:28<03:01,  1.78s/it]
 97%|ΓûêΓûêΓûêΓûêΓûêΓûêΓûêΓûêΓûêΓûï| 2899/3000 [1:03:30<03:04,  1.83s/it]
 97%|ΓûêΓûêΓûêΓûêΓûêΓûêΓûêΓûêΓûêΓûï| 2900/3000 [1:03:31<02:46,  1.66s/it]
 97%|ΓûêΓûêΓûêΓûêΓûêΓûêΓûêΓûêΓûêΓûï| 2901/3000 [1:03:32<02:30,  1.52s/it]
 97%|ΓûêΓûêΓûêΓûêΓûêΓûêΓûêΓûêΓûêΓûï| 2902/3000 [1:03:34<02:25,  1.48s/it]
 97%|ΓûêΓûêΓûêΓûêΓûêΓûêΓûêΓûêΓûêΓûï| 2903/3000 [1:03:35<02:22,  1.47s/it]
 97%|ΓûêΓûêΓûêΓûêΓûêΓûêΓûêΓûêΓûêΓûï| 2904/3000 [1:03:36<02:09,  1.35s/it]
 97%|ΓûêΓûêΓûêΓûêΓûêΓûêΓûêΓûêΓûêΓûï| 2905/3000 [1:03:37<01:50,  1.16s/it]
 97%|ΓûêΓûêΓûêΓûêΓûêΓûêΓûêΓûêΓûêΓûï| 2906/3000 [1:03:38<01:41,  1.08s/it]
 97%|ΓûêΓûêΓûêΓûêΓûêΓûêΓûêΓûêΓûêΓûï| 2907/3000 [1:03:40<02:00,  1.29s/it]
 97%|ΓûêΓûêΓûêΓûêΓûêΓûêΓûêΓûêΓûêΓûï| 2908/3000 [1:03:40<01:44,  1.13s/it]
 97%|ΓûêΓûêΓûêΓûêΓûêΓûêΓûêΓûêΓûêΓûï| 2909/3000 [1:03:41<01:31,  1.01s/it]
 97%|ΓûêΓûêΓûêΓûêΓûêΓûêΓûêΓûêΓûêΓûï| 2910/3000 [1:03:43<02:01,  1.35s/it]
 97%|ΓûêΓûêΓûêΓûêΓûêΓûêΓûêΓûêΓûêΓûï| 2911/3000 [1:03:45<02:03,  1.39s/it]
 97%|ΓûêΓûêΓûêΓûêΓûêΓûêΓûêΓûêΓûêΓûï| 2912/3000 [1:03:45<01:40,  1.14s/it]
 97%|ΓûêΓûêΓûêΓûêΓûêΓûêΓûêΓûêΓûêΓûï| 2913/3000 [1:03:46<01:35,  1.10s/it]
 97%|ΓûêΓûêΓûêΓûêΓûêΓûêΓûêΓûêΓûêΓûï| 2914/3000 [1:03:47<01:27,  1.02s/it]
 97%|ΓûêΓûêΓûêΓûêΓûêΓûêΓûêΓûêΓûêΓûï| 2915/3000 [1:03:48<01:26,  1.01s/it]
 97%|ΓûêΓûêΓûêΓûêΓûêΓûêΓûêΓûêΓûêΓûï| 2916/3000 [1:03:49<01:13,  1.14it/s]
 97%|ΓûêΓûêΓûêΓûêΓûêΓûêΓûêΓûêΓûêΓûï| 2917/3000 [1:03:51<01:38,  1.19s/it]
 97%|ΓûêΓûêΓûêΓûêΓûêΓûêΓûêΓûêΓûêΓûï| 2918/3000 [1:03:52<01:33,  1.14s/it]
 97%|ΓûêΓûêΓûêΓûêΓûêΓûêΓûêΓûêΓûêΓûï| 2919/3000 [1:03:53<01:32,  1.14s/it]
 97%|ΓûêΓûêΓûêΓûêΓûêΓûêΓûêΓûêΓûêΓûï| 2920/3000 [1:03:54<01:28,  1.11s/it]
 97%|ΓûêΓûêΓûêΓûêΓûêΓûêΓûêΓûêΓûêΓûï| 2921/3000 [1:03:55<01:26,  1.09s/it]
 97%|ΓûêΓûêΓûêΓûêΓûêΓûêΓûêΓûêΓûêΓûï| 2922/3000 [1:03:56<01:33,  1.20s/it]
 97%|ΓûêΓûêΓûêΓûêΓûêΓûêΓûêΓûêΓûêΓûï| 2923/3000 [1:03:57<01:24,  1.10s/it]
 97%|ΓûêΓûêΓûêΓûêΓûêΓûêΓûêΓûêΓûêΓûï| 2924/3000 [1:03:59<01:30,  1.20s/it]
 98%|ΓûêΓûêΓûêΓûêΓûêΓûêΓûêΓûêΓûêΓûè| 2925/3000 [1:04:00<01:28,  1.17s/it]
 98%|ΓûêΓûêΓûêΓûêΓûêΓûêΓûêΓûêΓûêΓûè| 2926/3000 [1:04:02<01:50,  1.49s/it]
 98%|ΓûêΓûêΓûêΓûêΓûêΓûêΓûêΓûêΓûêΓûè| 2927/3000 [1:04:04<01:57,  1.61s/it]
 98%|ΓûêΓûêΓûêΓûêΓûêΓûêΓûêΓûêΓûêΓûè| 2928/3000 [1:04:05<01:39,  1.38s/it]
 98%|ΓûêΓûêΓûêΓûêΓûêΓûêΓûêΓûêΓûêΓûè| 2929/3000 [1:04:06<01:30,  1.28s/it]
 98%|ΓûêΓûêΓûêΓûêΓûêΓûêΓûêΓûêΓûêΓûè| 2930/3000 [1:04:06<01:17,  1.10s/it]
 98%|ΓûêΓûêΓûêΓûêΓûêΓûêΓûêΓûêΓûêΓûè| 2931/3000 [1:04:10<01:59,  1.73s/it]
 98%|ΓûêΓûêΓûêΓûêΓûêΓûêΓûêΓûêΓûêΓûè| 2932/3000 [1:04:10<01:39,  1.46s/it]
 98%|ΓûêΓûêΓûêΓûêΓûêΓûêΓûêΓûêΓûêΓûè| 2933/3000 [1:04:11<01:24,  1.26s/it]
 98%|ΓûêΓûêΓûêΓûêΓûêΓûêΓûêΓûêΓûêΓûè| 2934/3000 [1:04:12<01:16,  1.16s/it]
 98%|ΓûêΓûêΓûêΓûêΓûêΓûêΓûêΓûêΓûêΓûè| 2935/3000 [1:04:13<01:06,  1.03s/it]
 98%|ΓûêΓûêΓûêΓûêΓûêΓûêΓûêΓûêΓûêΓûè| 2936/3000 [1:04:15<01:25,  1.34s/it]
 98%|ΓûêΓûêΓûêΓûêΓûêΓûêΓûêΓûêΓûêΓûè| 2937/3000 [1:04:17<01:42,  1.62s/it]
 98%|ΓûêΓûêΓûêΓûêΓûêΓûêΓûêΓûêΓûêΓûè| 2938/3000 [1:04:18<01:31,  1.47s/it]
 98%|ΓûêΓûêΓûêΓûêΓûêΓûêΓûêΓûêΓûêΓûè| 2939/3000 [1:04:19<01:20,  1.33s/it]
 98%|ΓûêΓûêΓûêΓûêΓûêΓûêΓûêΓûêΓûêΓûè| 2940/3000 [1:04:23<01:55,  1.93s/it]
 98%|ΓûêΓûêΓûêΓûêΓûêΓûêΓûêΓûêΓûêΓûè| 2941/3000 [1:04:24<01:36,  1.64s/it]
 98%|ΓûêΓûêΓûêΓûêΓûêΓûêΓûêΓûêΓûêΓûè| 2942/3000 [1:04:24<01:19,  1.36s/it]
 98%|ΓûêΓûêΓûêΓûêΓûêΓûêΓûêΓûêΓûêΓûè| 2943/3000 [1:04:25<01:08,  1.20s/it]
 98%|ΓûêΓûêΓûêΓûêΓûêΓûêΓûêΓûêΓûêΓûè| 2944/3000 [1:04:26<00:59,  1.06s/it]
 98%|ΓûêΓûêΓûêΓûêΓûêΓûêΓûêΓûêΓûêΓûè| 2945/3000 [1:04:27<00:57,  1.05s/it]
 98%|ΓûêΓûêΓûêΓûêΓûêΓûêΓûêΓûêΓûêΓûè| 2946/3000 [1:04:29<01:07,  1.24s/it]
 98%|ΓûêΓûêΓûêΓûêΓûêΓûêΓûêΓûêΓûêΓûè| 2947/3000 [1:04:30<01:06,  1.26s/it]
 98%|ΓûêΓûêΓûêΓûêΓûêΓûêΓûêΓûêΓûêΓûè| 2948/3000 [1:04:31<01:01,  1.18s/it]
 98%|ΓûêΓûêΓûêΓûêΓûêΓûêΓûêΓûêΓûêΓûè| 2949/3000 [1:04:32<00:57,  1.12s/it]
 98%|ΓûêΓûêΓûêΓûêΓûêΓûêΓûêΓûêΓûêΓûè| 2950/3000 [1:04:35<01:20,  1.61s/it]
 98%|ΓûêΓûêΓûêΓûêΓûêΓûêΓûêΓûêΓûêΓûè| 2951/3000 [1:04:36<01:17,  1.57s/it]
 98%|ΓûêΓûêΓûêΓûêΓûêΓûêΓûêΓûêΓûêΓûè| 2952/3000 [1:04:37<01:05,  1.36s/it]
 98%|ΓûêΓûêΓûêΓûêΓûêΓûêΓûêΓûêΓûêΓûè| 2953/3000 [1:04:38<00:56,  1.20s/it]
 98%|ΓûêΓûêΓûêΓûêΓûêΓûêΓûêΓûêΓûêΓûè| 2954/3000 [1:04:39<00:55,  1.22s/it]
 98%|ΓûêΓûêΓûêΓûêΓûêΓûêΓûêΓûêΓûêΓûè| 2955/3000 [1:04:40<00:48,  1.09s/it]
 99%|ΓûêΓûêΓûêΓûêΓûêΓûêΓûêΓûêΓûêΓûè| 2956/3000 [1:04:41<00:52,  1.18s/it]
 99%|ΓûêΓûêΓûêΓûêΓûêΓûêΓûêΓûêΓûêΓûè| 2957/3000 [1:04:43<00:55,  1.30s/it]
 99%|ΓûêΓûêΓûêΓûêΓûêΓûêΓûêΓûêΓûêΓûè| 2958/3000 [1:04:44<00:50,  1.21s/it]
 99%|ΓûêΓûêΓûêΓûêΓûêΓûêΓûêΓûêΓûêΓûè| 2959/3000 [1:04:44<00:43,  1.05s/it]
 99%|ΓûêΓûêΓûêΓûêΓûêΓûêΓûêΓûêΓûêΓûè| 2960/3000 [1:04:45<00:41,  1.03s/it]
 99%|ΓûêΓûêΓûêΓûêΓûêΓûêΓûêΓûêΓûêΓûè| 2961/3000 [1:04:46<00:35,  1.11it/s]
 99%|ΓûêΓûêΓûêΓûêΓûêΓûêΓûêΓûêΓûêΓûè| 2962/3000 [1:04:48<00:46,  1.22s/it]
 99%|ΓûêΓûêΓûêΓûêΓûêΓûêΓûêΓûêΓûêΓûë| 2963/3000 [1:04:49<00:40,  1.08s/it]
 99%|ΓûêΓûêΓûêΓûêΓûêΓûêΓûêΓûêΓûêΓûë| 2964/3000 [1:04:50<00:38,  1.07s/it]
 99%|ΓûêΓûêΓûêΓûêΓûêΓûêΓûêΓûêΓûêΓûë| 2965/3000 [1:04:51<00:36,  1.05s/it]
 99%|ΓûêΓûêΓûêΓûêΓûêΓûêΓûêΓûêΓûêΓûë| 2966/3000 [1:04:51<00:32,  1.06it/s]
 99%|ΓûêΓûêΓûêΓûêΓûêΓûêΓûêΓûêΓûêΓûë| 2967/3000 [1:04:54<00:42,  1.27s/it]
 99%|ΓûêΓûêΓûêΓûêΓûêΓûêΓûêΓûêΓûêΓûë| 2968/3000 [1:04:55<00:38,  1.19s/it]
 99%|ΓûêΓûêΓûêΓûêΓûêΓûêΓûêΓûêΓûêΓûë| 2969/3000 [1:04:56<00:36,  1.16s/it]
 99%|ΓûêΓûêΓûêΓûêΓûêΓûêΓûêΓûêΓûêΓûë| 2970/3000 [1:04:56<00:30,  1.03s/it]
 99%|ΓûêΓûêΓûêΓûêΓûêΓûêΓûêΓûêΓûêΓûë| 2971/3000 [1:04:57<00:29,  1.03s/it]
 99%|ΓûêΓûêΓûêΓûêΓûêΓûêΓûêΓûêΓûêΓûë| 2972/3000 [1:04:59<00:33,  1.19s/it]
 99%|ΓûêΓûêΓûêΓûêΓûêΓûêΓûêΓûêΓûêΓûë| 2973/3000 [1:05:01<00:38,  1.41s/it]
 99%|ΓûêΓûêΓûêΓûêΓûêΓûêΓûêΓûêΓûêΓûë| 2974/3000 [1:05:04<00:49,  1.92s/it]
 99%|ΓûêΓûêΓûêΓûêΓûêΓûêΓûêΓûêΓûêΓûë| 2975/3000 [1:05:06<00:50,  2.04s/it]
 99%|ΓûêΓûêΓûêΓûêΓûêΓûêΓûêΓûêΓûêΓûë| 2976/3000 [1:05:08<00:47,  1.97s/it]
 99%|ΓûêΓûêΓûêΓûêΓûêΓûêΓûêΓûêΓûêΓûë| 2977/3000 [1:05:10<00:42,  1.87s/it]
 99%|ΓûêΓûêΓûêΓûêΓûêΓûêΓûêΓûêΓûêΓûë| 2978/3000 [1:05:11<00:34,  1.58s/it]
 99%|ΓûêΓûêΓûêΓûêΓûêΓûêΓûêΓûêΓûêΓûë| 2979/3000 [1:05:11<00:26,  1.28s/it]
 99%|ΓûêΓûêΓûêΓûêΓûêΓûêΓûêΓûêΓûêΓûë| 2980/3000 [1:05:12<00:23,  1.20s/it]
 99%|ΓûêΓûêΓûêΓûêΓûêΓûêΓûêΓûêΓûêΓûë| 2981/3000 [1:05:15<00:30,  1.60s/it]
 99%|ΓûêΓûêΓûêΓûêΓûêΓûêΓûêΓûêΓûêΓûë| 2982/3000 [1:05:16<00:27,  1.55s/it]
 99%|ΓûêΓûêΓûêΓûêΓûêΓûêΓûêΓûêΓûêΓûë| 2983/3000 [1:05:17<00:22,  1.30s/it]
 99%|ΓûêΓûêΓûêΓûêΓûêΓûêΓûêΓûêΓûêΓûë| 2984/3000 [1:05:20<00:27,  1.73s/it]
100%|ΓûêΓûêΓûêΓûêΓûêΓûêΓûêΓûêΓûêΓûë| 2985/3000 [1:05:21<00:24,  1.66s/it]
100%|ΓûêΓûêΓûêΓûêΓûêΓûêΓûêΓûêΓûêΓûë| 2986/3000 [1:05:24<00:29,  2.08s/it]
100%|ΓûêΓûêΓûêΓûêΓûêΓûêΓûêΓûêΓûêΓûë| 2987/3000 [1:05:25<00:23,  1.81s/it]
100%|ΓûêΓûêΓûêΓûêΓûêΓûêΓûêΓûêΓûêΓûë| 2988/3000 [1:05:26<00:17,  1.48s/it]
100%|ΓûêΓûêΓûêΓûêΓûêΓûêΓûêΓûêΓûêΓûë| 2989/3000 [1:05:27<00:13,  1.25s/it]
100%|ΓûêΓûêΓûêΓûêΓûêΓûêΓûêΓûêΓûêΓûë| 2990/3000 [1:05:27<00:10,  1.09s/it]
100%|ΓûêΓûêΓûêΓûêΓûêΓûêΓûêΓûêΓûêΓûë| 2991/3000 [1:05:28<00:09,  1.04s/it]
100%|ΓûêΓûêΓûêΓûêΓûêΓûêΓûêΓûêΓûêΓûë| 2992/3000 [1:05:29<00:07,  1.07it/s]
100%|ΓûêΓûêΓûêΓûêΓûêΓûêΓûêΓûêΓûêΓûë| 2993/3000 [1:05:30<00:07,  1.07s/it]
100%|ΓûêΓûêΓûêΓûêΓûêΓûêΓûêΓûêΓûêΓûë| 2994/3000 [1:05:31<00:05,  1.05it/s]
100%|ΓûêΓûêΓûêΓûêΓûêΓûêΓûêΓûêΓûêΓûë| 2995/3000 [1:05:33<00:06,  1.27s/it]
100%|ΓûêΓûêΓûêΓûêΓûêΓûêΓûêΓûêΓûêΓûë| 2996/3000 [1:05:35<00:05,  1.31s/it]
100%|ΓûêΓûêΓûêΓûêΓûêΓûêΓûêΓûêΓûêΓûë| 2997/3000 [1:05:35<00:03,  1.12s/it]
100%|ΓûêΓûêΓûêΓûêΓûêΓûêΓûêΓûêΓûêΓûë| 2998/3000 [1:05:36<00:02,  1.00s/it]
100%|ΓûêΓûêΓûêΓûêΓûêΓûêΓûêΓûêΓûêΓûë| 2999/3000 [1:05:37<00:01,  1.04s/it]
100%|ΓûêΓûêΓûêΓûêΓûêΓûêΓûêΓûêΓûêΓûê| 3000/3000 [1:05:38<00:00,  1.00it/s]
100%|ΓûêΓûêΓûêΓûêΓûêΓûêΓûêΓûêΓûêΓûê| 3000/3000 [1:05:38<00:00,  1.31s/it]
Done. Run dir: C:\Users\jv624\Desktop\fsm_reliability\outputs\fsm_inference\20261002_042446_qwen25-3b-instruct_cert2_3000
