python.exe : 
At C:\Users\jv624\Desktop\fsm_reliability\outputs\pipeline_detached.ps1:18 char:5
+     & $py @pyArgs 2>&1 | Out-File -Encoding utf8 "outputs\queue_$name ...
+     ~~~~~~~~~~~~~~~~~~
    + CategoryInfo          : NotSpecified: (:String) [], RemoteException
    + FullyQualifiedErrorId : NativeCommandError
 
Loading weights:   0%|          | 0/338 [00:00<?, ?it/s]
Loading weights:   0%|          | 1/338 [00:00<01:01,  5.45it/s]
Loading weights:  12%|ΓûêΓûÅ        | 41/338 [00:00<00:01, 176.43it/s]
Loading weights:  26%|ΓûêΓûêΓûî       | 87/338 [00:00<00:00, 271.28it/s]
Loading weights:  37%|ΓûêΓûêΓûêΓûï      | 125/338 [00:00<00:00, 300.28it/s]
Loading weights:  51%|ΓûêΓûêΓûêΓûêΓûê     | 171/338 [00:00<00:00, 336.95it/s]
Loading weights:  65%|ΓûêΓûêΓûêΓûêΓûêΓûêΓûì   | 219/338 [00:00<00:00, 376.19it/s]
Loading weights:  77%|ΓûêΓûêΓûêΓûêΓûêΓûêΓûêΓûï  | 259/338 [00:00<00:00, 379.35it/s]
Loading weights:  90%|ΓûêΓûêΓûêΓûêΓûêΓûêΓûêΓûêΓûë | 304/338 [00:00<00:00, 391.64it/s]
Loading weights: 100%|ΓûêΓûêΓûêΓûêΓûêΓûêΓûêΓûêΓûêΓûê| 338/338 [00:01<00:00, 336.37it/s]

first proposals:   0%|          | 20/5000 [00:00<?, ?ep/s]
first proposals:   0%|          | 21/5000 [00:37<51:25:54, 37.19s/ep]
first proposals:   0%|          | 22/5000 [00:46<28:44:28, 20.79s/ep, cand 21 | r0 pass 6/21 | episodes solved 6 | 
queue r0 4976 reprompt 0 | verifying 3 | 9.3 s/proposal]
first proposals:   0%|          | 23/5000 [01:10<30:29:42, 22.06s/ep, cand 22 | r0 pass 6/22 | episodes solved 6 | 
queue r0 4975 reprompt 0 | verifying 3 | 9.3 s/proposal]
first proposals:   1%|          | 26/5000 [01:31<16:55:04, 12.24s/ep, cand 25 | r0 pass 7/25 | episodes solved 7 | 
queue r0 4973 reprompt 0 | verifying 2 | 10.0 s/proposal]
first proposals:   1%|          | 28/5000 [02:05<19:28:54, 14.11s/ep, cand 27 | r0 pass 9/27 | episodes solved 9 | 
queue r0 4971 reprompt 0 | verifying 2 | 10.2 s/proposal]
first proposals:   1%|          | 29/5000 [02:18<18:56:05, 13.71s/ep, cand 28 | r0 pass 9/28 | episodes solved 9 | 
queue r0 4968 reprompt 0 | verifying 4 | 10.4 s/proposal]
first proposals:   1%|          | 31/5000 [02:28<14:32:56, 10.54s/ep, cand 30 | r0 pass 9/30 | episodes solved 9 | 
queue r0 4967 reprompt 0 | verifying 3 | 10.6 s/proposal]
first proposals:   1%|          | 34/5000 [02:57<13:57:22, 10.12s/ep, cand 33 | r0 pass 11/33 | episodes solved 11 | 
queue r0 4966 reprompt 0 | verifying 1 | 10.6 s/proposal]
first proposals:   1%|          | 35/5000 [03:17<16:19:56, 11.84s/ep, cand 34 | r0 pass 11/34 | episodes solved 11 | 
queue r0 4964 reprompt 0 | verifying 2 | 11.1 s/proposal]
first proposals:   1%|          | 36/5000 [03:27<15:51:45, 11.50s/ep, cand 35 | r0 pass 11/35 | episodes solved 11 | 
queue r0 4962 reprompt 0 | verifying 3 | 10.9 s/proposal]
first proposals:   1%|          | 38/5000 [03:36<12:17:31,  8.92s/ep, cand 37 | r0 pass 11/37 | episodes solved 11 | 
queue r0 4961 reprompt 0 | verifying 2 | 10.9 s/proposal]
first proposals:   1%|          | 39/5000 [04:00<16:24:47, 11.91s/ep, cand 38 | r0 pass 12/38 | episodes solved 12 | 
queue r0 4960 reprompt 0 | verifying 2 | 10.8 s/proposal]
first proposals:   1%|          | 41/5000 [04:08<12:34:47,  9.13s/ep, cand 40 | r0 pass 14/40 | episodes solved 14 | 
queue r0 4958 reprompt 0 | verifying 2 | 10.9 s/proposal]
first proposals:   1%|          | 43/5000 [04:31<13:40:11,  9.93s/ep, cand 42 | r0 pass 14/42 | episodes solved 14 | 
queue r0 4957 reprompt 0 | verifying 1 | 10.8 s/proposal]
first proposals:   1%|          | 45/5000 [04:38<10:43:37,  7.79s/ep, cand 44 | r0 pass 14/44 | episodes solved 14 | 
queue r0 4955 reprompt 0 | verifying 1 | 10.8 s/proposal]
first proposals:   1%|          | 45/5000 [04:50<10:43:37,  7.79s/ep, cand 45 | r0 pass 14/45 | episodes solved 14 | 
queue r0 4954 reprompt 0 | verifying 1 | 10.7 s/proposal]
first proposals:   1%|          | 46/5000 [05:00<14:22:03, 10.44s/ep, cand 45 | r0 pass 14/45 | episodes solved 14 | 
queue r0 4954 reprompt 0 | verifying 1 | 10.7 s/proposal]
first proposals:   1%|          | 48/5000 [05:20<14:10:52, 10.31s/ep, cand 47 | r0 pass 14/47 | episodes solved 14 | 
queue r0 4952 reprompt 0 | verifying 1 | 10.7 s/proposal]
first proposals:   1%|          | 49/5000 [05:38<16:17:40, 11.85s/ep, cand 48 | r0 pass 14/48 | episodes solved 14 | 
queue r0 4950 reprompt 0 | verifying 2 | 10.6 s/proposal]
first proposals:   1%|          | 50/5000 [05:47<15:29:18, 11.26s/ep, cand 49 | r0 pass 15/49 | episodes solved 15 | 
queue r0 4948 reprompt 0 | verifying 3 | 10.5 s/proposal]
first proposals:   1%|          | 52/5000 [05:57<12:02:13,  8.76s/ep, cand 51 | r0 pass 16/51 | episodes solved 16 | 
queue r0 4947 reprompt 0 | verifying 2 | 10.5 s/proposal]
first proposals:   1%|          | 54/5000 [06:15<12:13:37,  8.90s/ep, cand 53 | r0 pass 16/53 | episodes solved 16 | 
queue r0 4946 reprompt 0 | verifying 1 | 10.5 s/proposal]
first proposals:   1%|          | 55/5000 [06:34<15:03:36, 10.96s/ep, cand 54 | r0 pass 16/54 | episodes solved 16 | 
queue r0 4944 reprompt 0 | verifying 2 | 10.4 s/proposal]
first proposals:   1%|          | 57/5000 [06:52<13:57:06, 10.16s/ep, cand 56 | r0 pass 17/56 | episodes solved 17 | 
queue r0 4942 reprompt 0 | verifying 2 | 10.3 s/proposal]
first proposals:   1%|          | 58/5000 [07:07<15:19:43, 11.17s/ep, cand 57 | r0 pass 17/57 | episodes solved 17 | 
queue r0 4941 reprompt 0 | verifying 2 | 10.5 s/proposal]
first proposals:   1%|          | 59/5000 [07:20<16:06:19, 11.73s/ep, cand 58 | r0 pass 17/58 | episodes solved 17 | 
queue r0 4940 reprompt 0 | verifying 2 | 10.6 s/proposal]
first proposals:   1%|          | 60/5000 [07:36<17:26:59, 12.72s/ep, cand 59 | r0 pass 18/59 | episodes solved 18 | 
queue r0 4939 reprompt 0 | verifying 2 | 10.7 s/proposal]
first proposals:   1%|          | 61/5000 [07:47<16:53:50, 12.32s/ep, cand 60 | r0 pass 18/60 | episodes solved 18 | 
queue r0 4938 reprompt 0 | verifying 2 | 10.8 s/proposal]
first proposals:   1%|          | 62/5000 [08:09<20:27:19, 14.91s/ep, cand 61 | r0 pass 19/61 | episodes solved 19 | 
queue r0 4937 reprompt 0 | verifying 2 | 10.8 s/proposal]
first proposals:   1%|ΓûÅ         | 63/5000 [08:19<18:33:03, 13.53s/ep, cand 62 | r0 pass 19/62 | episodes solved 19 | 
queue r0 4935 reprompt 0 | verifying 3 | 10.8 s/proposal]
first proposals:   1%|ΓûÅ         | 65/5000 [08:43<17:31:18, 12.78s/ep, cand 64 | r0 pass 19/64 | episodes solved 19 | 
queue r0 4934 reprompt 0 | verifying 2 | 10.8 s/proposal]
first proposals:   1%|ΓûÅ         | 66/5000 [08:54<17:08:34, 12.51s/ep, cand 65 | r0 pass 20/65 | episodes solved 20 | 
queue r0 4932 reprompt 0 | verifying 3 | 10.9 s/proposal]
first proposals:   1%|ΓûÅ         | 68/5000 [09:11<14:49:02, 10.82s/ep, cand 67 | r0 pass 21/67 | episodes solved 21 | 
queue r0 4931 reprompt 0 | verifying 2 | 10.9 s/proposal]
first proposals:   1%|ΓûÅ         | 69/5000 [09:21<14:31:38, 10.61s/ep, cand 68 | r0 pass 22/68 | episodes solved 22 | 
queue r0 4930 reprompt 0 | verifying 2 | 11.0 s/proposal]
first proposals:   1%|ΓûÅ         | 70/5000 [09:38<16:31:39, 12.07s/ep, cand 69 | r0 pass 22/69 | episodes solved 22 | 
queue r0 4929 reprompt 0 | verifying 2 | 11.0 s/proposal]
first proposals:   1%|ΓûÅ         | 72/5000 [09:55<14:35:41, 10.66s/ep, cand 71 | r0 pass 22/71 | episodes solved 22 | 
queue r0 4927 reprompt 0 | verifying 2 | 11.0 s/proposal]
first proposals:   1%|ΓûÅ         | 74/5000 [10:19<15:11:52, 11.11s/ep, cand 73 | r0 pass 22/73 | episodes solved 22 | 
queue r0 4925 reprompt 0 | verifying 2 | 10.9 s/proposal]
first proposals:   2%|ΓûÅ         | 75/5000 [10:30<15:17:41, 11.18s/ep, cand 74 | r0 pass 22/74 | episodes solved 22 | 
queue r0 4923 reprompt 0 | verifying 3 | 10.9 s/proposal]
first proposals:   2%|ΓûÅ         | 76/5000 [10:42<15:27:06, 11.30s/ep, cand 75 | r0 pass 22/75 | episodes solved 22 | 
queue r0 4922 reprompt 0 | verifying 3 | 10.9 s/proposal]
first proposals:   2%|ΓûÅ         | 78/5000 [10:54<12:40:37,  9.27s/ep, cand 77 | r0 pass 24/77 | episodes solved 24 | 
queue r0 4921 reprompt 0 | verifying 2 | 11.0 s/proposal]
first proposals:   2%|ΓûÅ         | 80/5000 [11:26<15:48:57, 11.57s/ep, cand 79 | r0 pass 24/79 | episodes solved 24 | 
queue r0 4920 reprompt 0 | verifying 1 | 11.0 s/proposal]
first proposals:   2%|ΓûÅ         | 81/5000 [11:37<15:42:08, 11.49s/ep, cand 80 | r0 pass 24/80 | episodes solved 24 | 
queue r0 4917 reprompt 0 | verifying 3 | 10.9 s/proposal]
first proposals:   2%|ΓûÅ         | 83/5000 [12:14<19:15:48, 14.10s/ep, cand 82 | r0 pass 25/82 | episodes solved 25 | 
queue r0 4916 reprompt 0 | verifying 2 | 10.9 s/proposal]
first proposals:   2%|ΓûÅ         | 86/5000 [12:35<14:59:50, 10.99s/ep, cand 85 | r0 pass 26/84 | episodes solved 26 | 
queue r0 4915 reprompt 0 | verifying 0 | 11.4 s/proposal]
first proposals:   2%|ΓûÅ         | 87/5000 [12:58<17:46:23, 13.02s/ep, cand 86 | r0 pass 26/85 | episodes solved 26 | 
queue r0 4913 reprompt 0 | verifying 1 | 11.3 s/proposal]
first proposals:   2%|ΓûÅ         | 88/5000 [13:10<17:36:06, 12.90s/ep, cand 87 | r0 pass 26/86 | episodes solved 26 | 
queue r0 4911 reprompt 0 | verifying 2 | 11.4 s/proposal]
first proposals:   2%|ΓûÅ         | 89/5000 [13:36<21:30:13, 15.76s/ep, cand 88 | r0 pass 27/87 | episodes solved 27 | 
queue r0 4910 reprompt 0 | verifying 2 | 11.4 s/proposal]
first proposals:   2%|ΓûÅ         | 90/5000 [13:52<21:45:24, 15.95s/ep, cand 89 | r0 pass 28/88 | episodes solved 28 | 
queue r0 4908 reprompt 0 | verifying 3 | 11.5 s/proposal]
first proposals:   2%|ΓûÅ         | 91/5000 [14:09<21:50:13, 16.01s/ep, cand 90 | r0 pass 28/89 | episodes solved 28 | 
queue r0 4907 reprompt 0 | verifying 3 | 11.6 s/proposal]
first proposals:   2%|ΓûÅ         | 93/5000 [14:21<16:04:01, 11.79s/ep, cand 92 | r0 pass 29/91 | episodes solved 29 | 
queue r0 4906 reprompt 0 | verifying 2 | 11.8 s/proposal]
first proposals:   2%|ΓûÅ         | 94/5000 [14:31<15:43:26, 11.54s/ep, cand 93 | r0 pass 30/92 | episodes solved 30 | 
queue r0 4905 reprompt 0 | verifying 2 | 11.7 s/proposal]
first proposals:   2%|ΓûÅ         | 95/5000 [14:45<16:34:59, 12.17s/ep, cand 94 | r0 pass 30/93 | episodes solved 30 | 
queue r0 4904 reprompt 0 | verifying 2 | 11.8 s/proposal]
first proposals:   2%|ΓûÅ         | 97/5000 [14:56<12:39:13,  9.29s/ep, cand 96 | r0 pass 30/95 | episodes solved 30 | 
queue r0 4903 reprompt 0 | verifying 1 | 11.9 s/proposal]
first proposals:   2%|ΓûÅ         | 98/5000 [15:22<17:46:16, 13.05s/ep, cand 97 | r0 pass 30/96 | episodes solved 30 | 
queue r0 4902 reprompt 0 | verifying 1 | 11.9 s/proposal]
first proposals:   2%|ΓûÅ         | 99/5000 [15:30<16:18:53, 11.98s/ep, cand 98 | r0 pass 30/97 | episodes solved 30 | 
queue r0 4900 reprompt 0 | verifying 2 | 12.0 s/proposal]
first proposals:   2%|ΓûÅ         | 101/5000 [16:07<19:57:58, 14.67s/ep, cand 100 | r0 pass 31/99 | episodes solved 31 
| queue r0 4899 reprompt 0 | verifying 1 | 11.9 s/proposal]
first proposals:   2%|ΓûÅ         | 103/5000 [16:19<15:33:28, 11.44s/ep, cand 102 | r0 pass 32/101 | episodes solved 
32 | queue r0 4896 reprompt 0 | verifying 2 | 12.2 s/proposal]
first proposals:   2%|ΓûÅ         | 104/5000 [16:42<18:43:55, 13.77s/ep, cand 103 | r0 pass 32/102 | episodes solved 
32 | queue r0 4895 reprompt 0 | verifying 2 | 12.3 s/proposal]
first proposals:   2%|ΓûÅ         | 106/5000 [16:54<14:55:27, 10.98s/ep, cand 105 | r0 pass 33/104 | episodes solved 
33 | queue r0 4893 reprompt 0 | verifying 2 | 12.3 s/proposal]
first proposals:   2%|ΓûÅ         | 108/5000 [17:14<14:19:09, 10.54s/ep, cand 107 | r0 pass 34/106 | episodes solved 
34 | queue r0 4892 reprompt 0 | verifying 1 | 12.4 s/proposal]
first proposals:   2%|ΓûÅ         | 110/5000 [17:47<17:00:41, 12.52s/ep, cand 109 | r0 pass 34/108 | episodes solved 
34 | queue r0 4890 reprompt 0 | verifying 1 | 12.1 s/proposal]
first proposals:   2%|ΓûÅ         | 112/5000 [17:56<13:36:44, 10.03s/ep, cand 111 | r0 pass 34/110 | episodes solved 
34 | queue r0 4887 reprompt 0 | verifying 2 | 12.0 s/proposal]
first proposals:   2%|ΓûÅ         | 113/5000 [18:22<17:33:06, 12.93s/ep, cand 112 | r0 pass 34/111 | episodes solved 
34 | queue r0 4886 reprompt 0 | verifying 2 | 11.9 s/proposal]
first proposals:   2%|ΓûÅ         | 115/5000 [18:45<16:46:01, 12.36s/ep, cand 114 | r0 pass 36/113 | episodes solved 
36 | queue r0 4884 reprompt 0 | verifying 2 | 12.0 s/proposal]
first proposals:   2%|ΓûÅ         | 117/5000 [18:58<14:18:17, 10.55s/ep, cand 116 | r0 pass 36/115 | episodes solved 
36 | queue r0 4882 reprompt 0 | verifying 2 | 12.0 s/proposal]
first proposals:   2%|ΓûÅ         | 118/5000 [19:09<14:22:57, 10.61s/ep, cand 117 | r0 pass 36/116 | episodes solved 
36 | queue r0 4881 reprompt 0 | verifying 2 | 12.0 s/proposal]
first proposals:   2%|ΓûÅ         | 119/5000 [19:32<17:50:08, 13.15s/ep, cand 118 | r0 pass 36/117 | episodes solved 
36 | queue r0 4880 reprompt 0 | verifying 2 | 11.9 s/proposal]
first proposals:   2%|ΓûÅ         | 120/5000 [19:45<17:51:32, 13.17s/ep, cand 119 | r0 pass 37/118 | episodes solved 
37 | queue r0 4878 reprompt 0 | verifying 3 | 12.0 s/proposal]
first proposals:   2%|ΓûÅ         | 122/5000 [20:11<17:44:53, 13.10s/ep, cand 121 | r0 pass 37/120 | episodes solved 
37 | queue r0 4877 reprompt 0 | verifying 2 | 12.1 s/proposal]
first proposals:   2%|ΓûÅ         | 124/5000 [20:25<14:42:41, 10.86s/ep, cand 123 | r0 pass 37/122 | episodes solved 
37 | queue r0 4875 reprompt 0 | verifying 2 | 12.3 s/proposal]
first proposals:   3%|ΓûÄ         | 126/5000 [21:00<17:51:41, 13.19s/ep, cand 125 | r0 pass 37/124 | episodes solved 
37 | queue r0 4874 reprompt 0 | verifying 1 | 12.4 s/proposal]
first proposals:   3%|ΓûÄ         | 127/5000 [21:08<16:30:44, 12.20s/ep, cand 126 | r0 pass 38/125 | episodes solved 
38 | queue r0 4871 reprompt 0 | verifying 3 | 12.3 s/proposal]
first proposals:   3%|ΓûÄ         | 129/5000 [21:24<14:28:59, 10.70s/ep, cand 128 | r0 pass 38/127 | episodes solved 
38 | queue r0 4870 reprompt 0 | verifying 2 | 12.2 s/proposal]
first proposals:   3%|ΓûÄ         | 130/5000 [21:45<17:16:43, 12.77s/ep, cand 129 | r0 pass 38/128 | episodes solved 
38 | queue r0 4869 reprompt 0 | verifying 2 | 12.3 s/proposal]
first proposals:   3%|ΓûÄ         | 131/5000 [21:57<17:05:31, 12.64s/ep, cand 130 | r0 pass 38/129 | episodes solved 
38 | queue r0 4867 reprompt 0 | verifying 3 | 12.4 s/proposal]
first proposals:   3%|ΓûÄ         | 132/5000 [22:09<16:46:59, 12.41s/ep, cand 131 | r0 pass 39/130 | episodes solved 
39 | queue r0 4866 reprompt 0 | verifying 3 | 12.4 s/proposal]
first proposals:   3%|ΓûÄ         | 133/5000 [22:19<16:04:38, 11.89s/ep, cand 132 | r0 pass 39/131 | episodes solved 
39 | queue r0 4865 reprompt 0 | verifying 3 | 11.9 s/proposal]
first proposals:   3%|ΓûÄ         | 134/5000 [22:32<16:21:44, 12.11s/ep, cand 133 | r0 pass 39/132 | episodes solved 
39 | queue r0 4864 reprompt 0 | verifying 3 | 11.9 s/proposal]
first proposals:   3%|ΓûÄ         | 136/5000 [22:41<11:41:57,  8.66s/ep, cand 135 | r0 pass 39/134 | episodes solved 
39 | queue r0 4863 reprompt 0 | verifying 2 | 11.9 s/proposal]
first proposals:   3%|ΓûÄ         | 137/5000 [22:49<11:38:16,  8.62s/ep, cand 136 | r0 pass 39/135 | episodes solved 
39 | queue r0 4862 reprompt 0 | verifying 2 | 11.9 s/proposal]
first proposals:   3%|ΓûÄ         | 138/5000 [23:09<15:39:26, 11.59s/ep, cand 137 | r0 pass 40/136 | episodes solved 
40 | queue r0 4861 reprompt 0 | verifying 2 | 11.8 s/proposal]
first proposals:   3%|ΓûÄ         | 140/5000 [23:23<12:52:23,  9.54s/ep, cand 139 | r0 pass 41/138 | episodes solved 
41 | queue r0 4859 reprompt 0 | verifying 2 | 11.7 s/proposal]
first proposals:   3%|ΓûÄ         | 141/5000 [23:48<17:50:55, 13.22s/ep, cand 140 | r0 pass 42/139 | episodes solved 
42 | queue r0 4858 reprompt 0 | verifying 2 | 11.7 s/proposal]
first proposals:   3%|ΓûÄ         | 143/5000 [24:00<13:52:05, 10.28s/ep, cand 142 | r0 pass 42/141 | episodes solved 
42 | queue r0 4856 reprompt 0 | verifying 2 | 11.6 s/proposal]
first proposals:   3%|ΓûÄ         | 144/5000 [24:24<18:05:43, 13.42s/ep, cand 143 | r0 pass 42/142 | episodes solved 
42 | queue r0 4855 reprompt 0 | verifying 2 | 11.5 s/proposal]
first proposals:   3%|ΓûÄ         | 146/5000 [24:51<17:59:27, 13.34s/ep, cand 145 | r0 pass 42/144 | episodes solved 
42 | queue r0 4854 reprompt 0 | verifying 1 | 11.8 s/proposal]
first proposals:   3%|ΓûÄ         | 147/5000 [25:04<17:51:33, 13.25s/ep, cand 146 | r0 pass 42/145 | episodes solved 
42 | queue r0 4852 reprompt 0 | verifying 2 | 11.9 s/proposal]
first proposals:   3%|ΓûÄ         | 148/5000 [25:29<21:34:22, 16.01s/ep, cand 147 | r0 pass 42/146 | episodes solved 
42 | queue r0 4851 reprompt 0 | verifying 2 | 12.0 s/proposal]
first proposals:   3%|ΓûÄ         | 150/5000 [25:39<15:41:45, 11.65s/ep, cand 149 | r0 pass 43/148 | episodes solved 
43 | queue r0 4849 reprompt 0 | verifying 2 | 11.9 s/proposal]
first proposals:   3%|ΓûÄ         | 151/5000 [26:01<18:39:21, 13.85s/ep, cand 150 | r0 pass 43/149 | episodes solved 
43 | queue r0 4848 reprompt 0 | verifying 2 | 12.0 s/proposal]
first proposals:   3%|ΓûÄ         | 153/5000 [26:11<14:06:26, 10.48s/ep, cand 152 | r0 pass 43/151 | episodes solved 
43 | queue r0 4846 reprompt 0 | verifying 2 | 11.8 s/proposal]
first proposals:   3%|ΓûÄ         | 154/5000 [26:19<13:26:41,  9.99s/ep, cand 153 | r0 pass 44/152 | episodes solved 
44 | queue r0 4845 reprompt 0 | verifying 2 | 11.8 s/proposal]
first proposals:   3%|ΓûÄ         | 156/5000 [26:41<13:48:01, 10.26s/ep, cand 155 | r0 pass 45/154 | episodes solved 
45 | queue r0 4844 reprompt 0 | verifying 1 | 11.7 s/proposal]
first proposals:   3%|ΓûÄ         | 157/5000 [27:09<18:56:42, 14.08s/ep, cand 156 | r0 pass 45/155 | episodes solved 
45 | queue r0 4842 reprompt 0 | verifying 2 | 11.7 s/proposal]
first proposals:   3%|ΓûÄ         | 159/5000 [27:23<15:27:21, 11.49s/ep, cand 158 | r0 pass 46/157 | episodes solved 
46 | queue r0 4840 reprompt 0 | verifying 2 | 11.9 s/proposal]
first proposals:   3%|ΓûÄ         | 160/5000 [27:37<16:12:29, 12.06s/ep, cand 159 | r0 pass 46/158 | episodes solved 
46 | queue r0 4839 reprompt 0 | verifying 2 | 11.9 s/proposal]
first proposals:   3%|ΓûÄ         | 161/5000 [28:03<20:24:30, 15.18s/ep, cand 160 | r0 pass 46/159 | episodes solved 
46 | queue r0 4838 reprompt 0 | verifying 2 | 12.0 s/proposal]
first proposals:   3%|ΓûÄ         | 162/5000 [28:16<19:43:00, 14.67s/ep, cand 161 | r0 pass 47/160 | episodes solved 
47 | queue r0 4836 reprompt 0 | verifying 3 | 12.1 s/proposal]
first proposals:   3%|ΓûÄ         | 163/5000 [28:25<17:39:21, 13.14s/ep, cand 162 | r0 pass 47/161 | episodes solved 
47 | queue r0 4835 reprompt 0 | verifying 3 | 12.1 s/proposal]
first proposals:   3%|ΓûÄ         | 164/5000 [28:35<16:40:10, 12.41s/ep, cand 163 | r0 pass 47/162 | episodes solved 
47 | queue r0 4834 reprompt 0 | verifying 3 | 12.0 s/proposal]
first proposals:   3%|ΓûÄ         | 165/5000 [28:51<18:07:13, 13.49s/ep, cand 164 | r0 pass 48/163 | episodes solved 
48 | queue r0 4833 reprompt 0 | verifying 3 | 12.0 s/proposal]
first proposals:   3%|ΓûÄ         | 167/5000 [29:15<16:58:32, 12.64s/ep, cand 166 | r0 pass 49/165 | episodes solved 
49 | queue r0 4832 reprompt 0 | verifying 2 | 12.1 s/proposal]
first proposals:   3%|ΓûÄ         | 169/5000 [29:39<16:46:49, 12.50s/ep, cand 168 | r0 pass 50/167 | episodes solved 
50 | queue r0 4830 reprompt 0 | verifying 2 | 12.1 s/proposal]
first proposals:   3%|ΓûÄ         | 170/5000 [29:48<15:34:38, 11.61s/ep, cand 169 | r0 pass 50/168 | episodes solved 
50 | queue r0 4828 reprompt 0 | verifying 3 | 12.1 s/proposal]
first proposals:   3%|ΓûÄ         | 172/5000 [29:56<11:44:04,  8.75s/ep, cand 171 | r0 pass 50/170 | episodes solved 
50 | queue r0 4827 reprompt 0 | verifying 2 | 12.0 s/proposal]
first proposals:   3%|ΓûÄ         | 173/5000 [30:03<11:13:20,  8.37s/ep, cand 172 | r0 pass 51/171 | episodes solved 
51 | queue r0 4826 reprompt 0 | verifying 2 | 11.9 s/proposal]
first proposals:   3%|ΓûÄ         | 174/5000 [30:19<13:40:08, 10.20s/ep, cand 173 | r0 pass 51/172 | episodes solved 
51 | queue r0 4825 reprompt 0 | verifying 2 | 11.8 s/proposal]
first proposals:   4%|ΓûÄ         | 175/5000 [30:27<12:53:24,  9.62s/ep, cand 174 | r0 pass 51/173 | episodes solved 
51 | queue r0 4823 reprompt 0 | verifying 3 | 11.5 s/proposal]
first proposals:   4%|ΓûÄ         | 176/5000 [30:38<13:14:13,  9.88s/ep, cand 175 | r0 pass 51/174 | episodes solved 
51 | queue r0 4822 reprompt 0 | verifying 3 | 11.5 s/proposal]
first proposals:   4%|ΓûÄ         | 178/5000 [30:47<10:19:21,  7.71s/ep, cand 177 | r0 pass 51/176 | episodes solved 
51 | queue r0 4821 reprompt 0 | verifying 2 | 11.5 s/proposal]
first proposals:   4%|ΓûÄ         | 179/5000 [31:06<13:49:36, 10.32s/ep, cand 178 | r0 pass 52/177 | episodes solved 
52 | queue r0 4820 reprompt 0 | verifying 2 | 11.5 s/proposal]
first proposals:   4%|ΓûÄ         | 181/5000 [31:13<10:04:40,  7.53s/ep, cand 180 | r0 pass 52/179 | episodes solved 
52 | queue r0 4818 reprompt 0 | verifying 2 | 11.4 s/proposal]
first proposals:   4%|ΓûÄ         | 181/5000 [31:29<10:04:40,  7.53s/ep, cand 181 | r0 pass 52/180 | episodes solved 
52 | queue r0 4817 reprompt 0 | verifying 2 | 11.3 s/proposal]
first proposals:   4%|ΓûÄ         | 182/5000 [31:31<13:16:27,  9.92s/ep, cand 181 | r0 pass 52/180 | episodes solved 
52 | queue r0 4817 reprompt 0 | verifying 2 | 11.3 s/proposal]
first proposals:   4%|ΓûÄ         | 185/5000 [31:47<10:22:03,  7.75s/ep, cand 184 | r0 pass 52/183 | episodes solved 
52 | queue r0 4815 reprompt 0 | verifying 1 | 11.2 s/proposal]
first proposals:   4%|ΓûÄ         | 186/5000 [31:55<10:20:56,  7.74s/ep, cand 185 | r0 pass 52/184 | episodes solved 
52 | queue r0 4813 reprompt 0 | verifying 2 | 11.1 s/proposal]
first proposals:   4%|ΓûÄ         | 187/5000 [32:13<13:14:10,  9.90s/ep, cand 186 | r0 pass 52/185 | episodes solved 
52 | queue r0 4812 reprompt 0 | verifying 2 | 11.1 s/proposal]
first proposals:   4%|Γûì         | 188/5000 [32:25<13:50:57, 10.36s/ep, cand 187 | r0 pass 53/186 | episodes solved 
53 | queue r0 4810 reprompt 0 | verifying 3 | 11.0 s/proposal]
first proposals:   4%|Γûì         | 190/5000 [32:36<11:16:47,  8.44s/ep, cand 189 | r0 pass 54/188 | episodes solved 
54 | queue r0 4809 reprompt 0 | verifying 2 | 11.1 s/proposal]
first proposals:   4%|Γûì         | 191/5000 [32:48<12:21:47,  9.26s/ep, cand 190 | r0 pass 54/189 | episodes solved 
54 | queue r0 4808 reprompt 0 | verifying 2 | 11.0 s/proposal]
first proposals:   4%|Γûì         | 192/5000 [32:58<12:33:28,  9.40s/ep, cand 191 | r0 pass 54/190 | episodes solved 
54 | queue r0 4807 reprompt 0 | verifying 2 | 11.1 s/proposal]
first proposals:   4%|Γûì         | 193/5000 [33:07<12:26:53,  9.32s/ep, cand 192 | r0 pass 54/191 | episodes solved 
54 | queue r0 4806 reprompt 0 | verifying 2 | 11.0 s/proposal]
first proposals:   4%|Γûì         | 194/5000 [33:16<12:09:37,  9.11s/ep, cand 193 | r0 pass 54/192 | episodes solved 
54 | queue r0 4805 reprompt 0 | verifying 2 | 10.9 s/proposal]
first proposals:   4%|Γûì         | 195/5000 [33:23<11:22:14,  8.52s/ep, cand 194 | r0 pass 54/193 | episodes solved 
54 | queue r0 4804 reprompt 0 | verifying 2 | 10.6 s/proposal]
first proposals:   4%|Γûì         | 196/5000 [33:39<14:15:35, 10.69s/ep, cand 195 | r0 pass 55/194 | episodes solved 
55 | queue r0 4803 reprompt 0 | verifying 2 | 10.5 s/proposal]
first proposals:   4%|Γûì         | 199/5000 [33:54<10:13:54,  7.67s/ep, cand 198 | r0 pass 56/197 | episodes solved 
56 | queue r0 4801 reprompt 0 | verifying 1 | 10.3 s/proposal]
first proposals:   4%|Γûì         | 200/5000 [34:02<10:09:26,  7.62s/ep, cand 199 | r0 pass 57/198 | episodes solved 
57 | queue r0 4799 reprompt 0 | verifying 2 | 10.1 s/proposal]
first proposals:   4%|Γûì         | 201/5000 [34:11<10:44:14,  8.05s/ep, cand 200 | r0 pass 57/199 | episodes solved 
57 | queue r0 4798 reprompt 0 | verifying 2 | 10.0 s/proposal]
first proposals:   4%|Γûì         | 203/5000 [34:26<10:26:33,  7.84s/ep, cand 202 | r0 pass 57/201 | episodes solved 
57 | queue r0 4797 reprompt 0 | verifying 1 | 10.0 s/proposal]
first proposals:   4%|Γûì         | 204/5000 [34:34<10:31:12,  7.90s/ep, cand 203 | r0 pass 57/202 | episodes solved 
57 | queue r0 4795 reprompt 0 | verifying 2 | 9.9 s/proposal] 
first proposals:   4%|Γûì         | 206/5000 [34:50<10:35:10,  7.95s/ep, cand 205 | r0 pass 59/204 | episodes solved 
59 | queue r0 4794 reprompt 0 | verifying 1 | 9.9 s/proposal]
first proposals:   4%|Γûì         | 207/5000 [34:59<10:40:48,  8.02s/ep, cand 206 | r0 pass 60/205 | episodes solved 
60 | queue r0 4792 reprompt 0 | verifying 2 | 9.8 s/proposal]
first proposals:   4%|Γûì         | 208/5000 [35:15<13:22:41, 10.05s/ep, cand 207 | r0 pass 61/206 | episodes solved 
61 | queue r0 4791 reprompt 0 | verifying 2 | 9.7 s/proposal]
first proposals:   4%|Γûì         | 210/5000 [35:22<9:45:12,  7.33s/ep, cand 209 | r0 pass 62/208 | episodes solved 62 
| queue r0 4789 reprompt 0 | verifying 2 | 9.4 s/proposal] 
first proposals:   4%|Γûì         | 211/5000 [35:29<9:37:18,  7.23s/ep, cand 210 | r0 pass 62/209 | episodes solved 62 
| queue r0 4788 reprompt 0 | verifying 2 | 9.3 s/proposal]
first proposals:   4%|Γûì         | 212/5000 [35:44<12:05:41,  9.09s/ep, cand 211 | r0 pass 63/210 | episodes solved 
63 | queue r0 4787 reprompt 0 | verifying 2 | 9.2 s/proposal]
first proposals:   4%|Γûì         | 213/5000 [35:52<11:52:01,  8.92s/ep, cand 212 | r0 pass 63/211 | episodes solved 
63 | queue r0 4785 reprompt 0 | verifying 3 | 8.9 s/proposal]
first proposals:   4%|Γûì         | 214/5000 [36:01<11:50:13,  8.90s/ep, cand 213 | r0 pass 63/212 | episodes solved 
63 | queue r0 4784 reprompt 0 | verifying 3 | 8.9 s/proposal]
first proposals:   4%|Γûì         | 215/5000 [36:13<12:50:54,  9.67s/ep, cand 214 | r0 pass 63/213 | episodes solved 
63 | queue r0 4783 reprompt 0 | verifying 3 | 8.9 s/proposal]
first proposals:   4%|Γûì         | 217/5000 [36:31<12:26:57,  9.37s/ep, cand 216 | r0 pass 64/215 | episodes solved 
64 | queue r0 4782 reprompt 0 | verifying 2 | 8.8 s/proposal]
first proposals:   4%|Γûì         | 218/5000 [36:38<11:52:35,  8.94s/ep, cand 217 | r0 pass 65/216 | episodes solved 
65 | queue r0 4780 reprompt 0 | verifying 3 | 8.7 s/proposal]
first proposals:   4%|Γûì         | 219/5000 [36:49<12:27:20,  9.38s/ep, cand 218 | r0 pass 66/217 | episodes solved 
66 | queue r0 4779 reprompt 0 | verifying 3 | 8.6 s/proposal]
first proposals:   4%|Γûì         | 221/5000 [37:10<13:03:32,  9.84s/ep, cand 220 | r0 pass 66/219 | episodes solved 
66 | queue r0 4778 reprompt 0 | verifying 2 | 8.6 s/proposal]
first proposals:   4%|Γûì         | 223/5000 [37:17<9:57:39,  7.51s/ep, cand 222 | r0 pass 66/221 | episodes solved 66 
| queue r0 4776 reprompt 0 | verifying 2 | 8.6 s/proposal] 
first proposals:   4%|Γûì         | 224/5000 [37:25<10:00:28,  7.54s/ep, cand 223 | r0 pass 66/222 | episodes solved 
66 | queue r0 4775 reprompt 0 | verifying 2 | 8.7 s/proposal]
first proposals:   4%|Γûì         | 225/5000 [37:41<12:35:29,  9.49s/ep, cand 224 | r0 pass 66/223 | episodes solved 
66 | queue r0 4774 reprompt 0 | verifying 2 | 8.7 s/proposal]
first proposals:   5%|Γûì         | 227/5000 [37:48<9:26:01,  7.12s/ep, cand 226 | r0 pass 67/225 | episodes solved 67 
| queue r0 4772 reprompt 0 | verifying 2 | 8.6 s/proposal] 
first proposals:   5%|Γûì         | 228/5000 [37:59<9:25:54,  7.12s/ep, cand 228 | r0 pass 67/227 | episodes solved 67 
| queue r0 4771 reprompt 0 | verifying 1 | 8.6 s/proposal]
first proposals:   5%|Γûì         | 229/5000 [38:04<9:48:44,  7.40s/ep, cand 228 | r0 pass 67/227 | episodes solved 67 
| queue r0 4771 reprompt 0 | verifying 1 | 8.6 s/proposal]
first proposals:   5%|Γûì         | 231/5000 [38:27<11:49:49,  8.93s/ep, cand 230 | r0 pass 68/229 | episodes solved 
68 | queue r0 4769 reprompt 0 | verifying 1 | 8.5 s/proposal]
first proposals:   5%|Γûì         | 232/5000 [38:35<11:32:56,  8.72s/ep, cand 231 | r0 pass 69/230 | episodes solved 
69 | queue r0 4766 reprompt 0 | verifying 3 | 8.5 s/proposal]
first proposals:   5%|Γûì         | 234/5000 [38:42<9:03:47,  6.85s/ep, cand 233 | r0 pass 70/232 | episodes solved 70 
| queue r0 4765 reprompt 0 | verifying 2 | 8.5 s/proposal] 
first proposals:   5%|Γûì         | 236/5000 [38:59<9:40:29,  7.31s/ep, cand 235 | r0 pass 70/234 | episodes solved 70 
| queue r0 4763 reprompt 0 | verifying 2 | 8.4 s/proposal]
first proposals:   5%|Γûì         | 237/5000 [39:08<10:14:59,  7.75s/ep, cand 236 | r0 pass 71/235 | episodes solved 
71 | queue r0 4762 reprompt 0 | verifying 2 | 8.4 s/proposal]
first proposals:   5%|Γûì         | 238/5000 [39:17<10:39:58,  8.06s/ep, cand 237 | r0 pass 71/236 | episodes solved 
71 | queue r0 4761 reprompt 0 | verifying 2 | 8.5 s/proposal]
first proposals:   5%|Γûì         | 239/5000 [39:32<12:46:38,  9.66s/ep, cand 238 | r0 pass 72/237 | episodes solved 
72 | queue r0 4760 reprompt 0 | verifying 2 | 8.5 s/proposal]
first proposals:   5%|Γûì         | 240/5000 [39:42<12:40:11,  9.58s/ep, cand 239 | r0 pass 72/238 | episodes solved 
72 | queue r0 4758 reprompt 0 | verifying 3 | 8.3 s/proposal]
first proposals:   5%|Γûì         | 242/5000 [39:53<10:33:17,  7.99s/ep, cand 241 | r0 pass 73/240 | episodes solved 
73 | queue r0 4757 reprompt 0 | verifying 2 | 8.2 s/proposal]
first proposals:   5%|Γûì         | 243/5000 [40:13<14:10:15, 10.72s/ep, cand 242 | r0 pass 73/241 | episodes solved 
73 | queue r0 4756 reprompt 0 | verifying 2 | 8.3 s/proposal]
first proposals:   5%|Γûì         | 245/5000 [40:32<13:31:24, 10.24s/ep, cand 244 | r0 pass 74/243 | episodes solved 
74 | queue r0 4754 reprompt 0 | verifying 2 | 8.3 s/proposal]
first proposals:   5%|Γûì         | 246/5000 [40:41<13:07:07,  9.93s/ep, cand 245 | r0 pass 74/244 | episodes solved 
74 | queue r0 4752 reprompt 0 | verifying 3 | 8.4 s/proposal]
first proposals:   5%|Γûì         | 248/5000 [40:55<11:45:51,  8.91s/ep, cand 247 | r0 pass 75/246 | episodes solved 
75 | queue r0 4751 reprompt 0 | verifying 2 | 8.4 s/proposal]
first proposals:   5%|Γûì         | 249/5000 [41:03<11:24:32,  8.65s/ep, cand 248 | r0 pass 76/247 | episodes solved 
76 | queue r0 4749 reprompt 0 | verifying 3 | 8.4 s/proposal]
first proposals:   5%|Γûî         | 251/5000 [41:11<8:58:10,  6.80s/ep, cand 250 | r0 pass 76/249 | episodes solved 76 
| queue r0 4748 reprompt 0 | verifying 2 | 8.4 s/proposal] 
first proposals:   5%|Γûî         | 252/5000 [41:18<9:13:12,  6.99s/ep, cand 251 | r0 pass 76/250 | episodes solved 76 
| queue r0 4747 reprompt 0 | verifying 2 | 8.4 s/proposal]
first proposals:   5%|Γûî         | 253/5000 [41:26<9:24:47,  7.14s/ep, cand 252 | r0 pass 76/251 | episodes solved 76 
| queue r0 4746 reprompt 0 | verifying 2 | 8.4 s/proposal]
first proposals:   5%|Γûî         | 254/5000 [41:34<9:49:11,  7.45s/ep, cand 253 | r0 pass 76/252 | episodes solved 76 
| queue r0 4745 reprompt 0 | verifying 2 | 8.4 s/proposal]
first proposals:   5%|Γûî         | 255/5000 [41:48<11:46:16,  8.93s/ep, cand 254 | r0 pass 76/253 | episodes solved 
76 | queue r0 4744 reprompt 0 | verifying 2 | 8.4 s/proposal]
first proposals:   5%|Γûî         | 256/5000 [41:56<11:25:50,  8.67s/ep, cand 255 | r0 pass 76/254 | episodes solved 
76 | queue r0 4743 reprompt 0 | verifying 2 | 8.5 s/proposal]
first proposals:   5%|Γûî         | 257/5000 [42:04<11:24:28,  8.66s/ep, cand 256 | r0 pass 77/255 | episodes solved 
77 | queue r0 4742 reprompt 0 | verifying 2 | 8.5 s/proposal]
first proposals:   5%|Γûî         | 258/5000 [42:11<10:50:08,  8.23s/ep, cand 257 | r0 pass 78/256 | episodes solved 
78 | queue r0 4741 reprompt 0 | verifying 2 | 8.5 s/proposal]
first proposals:   5%|Γûî         | 259/5000 [42:22<11:44:19,  8.91s/ep, cand 258 | r0 pass 79/257 | episodes solved 
79 | queue r0 4740 reprompt 0 | verifying 2 | 8.4 s/proposal]
first proposals:   5%|Γûî         | 260/5000 [42:33<12:37:11,  9.58s/ep, cand 259 | r0 pass 79/258 | episodes solved 
79 | queue r0 4739 reprompt 0 | verifying 2 | 8.5 s/proposal]
first proposals:   5%|Γûî         | 261/5000 [42:43<12:47:57,  9.72s/ep, cand 260 | r0 pass 79/259 | episodes solved 
79 | queue r0 4738 reprompt 0 | verifying 2 | 8.6 s/proposal]
first proposals:   5%|Γûî         | 262/5000 [42:50<11:51:54,  9.02s/ep, cand 261 | r0 pass 79/260 | episodes solved 
79 | queue r0 4737 reprompt 0 | verifying 2 | 8.7 s/proposal]
first proposals:   5%|Γûî         | 263/5000 [42:58<11:20:30,  8.62s/ep, cand 262 | r0 pass 79/261 | episodes solved 
79 | queue r0 4736 reprompt 0 | verifying 2 | 8.6 s/proposal]
first proposals:   5%|Γûî         | 264/5000 [43:23<17:39:18, 13.42s/ep, cand 263 | r0 pass 80/262 | episodes solved 
80 | queue r0 4735 reprompt 0 | verifying 2 | 8.7 s/proposal]
first proposals:   5%|Γûî         | 266/5000 [43:33<12:26:18,  9.46s/ep, cand 265 | r0 pass 81/264 | episodes solved 
81 | queue r0 4733 reprompt 0 | verifying 2 | 8.8 s/proposal]
first proposals:   5%|Γûî         | 268/5000 [44:01<14:53:06, 11.32s/ep, cand 267 | r0 pass 81/266 | episodes solved 
81 | queue r0 4732 reprompt 0 | verifying 1 | 8.8 s/proposal]
first proposals:   5%|Γûî         | 271/5000 [44:26<13:11:44, 10.05s/ep, cand 270 | r0 pass 81/269 | episodes solved 
81 | queue r0 4729 reprompt 0 | verifying 1 | 8.8 s/proposal]
first proposals:   5%|Γûî         | 273/5000 [44:52<14:19:53, 10.91s/ep, cand 272 | r0 pass 81/271 | episodes solved 
81 | queue r0 4726 reprompt 0 | verifying 2 | 8.7 s/proposal]
first proposals:   5%|Γûî         | 274/5000 [45:18<17:54:09, 13.64s/ep, cand 273 | r0 pass 82/272 | episodes solved 
82 | queue r0 4724 reprompt 0 | verifying 3 | 8.9 s/proposal]
first proposals:   6%|Γûî         | 277/5000 [45:45<15:10:14, 11.56s/ep, cand 276 | r0 pass 83/275 | episodes solved 
83 | queue r0 4722 reprompt 0 | verifying 2 | 9.1 s/proposal]
first proposals:   6%|Γûî         | 279/5000 [46:06<14:49:48, 11.31s/ep, cand 278 | r0 pass 84/277 | episodes solved 
84 | queue r0 4720 reprompt 0 | verifying 2 | 9.3 s/proposal]
first proposals:   6%|Γûî         | 281/5000 [46:18<12:37:18,  9.63s/ep, cand 280 | r0 pass 85/279 | episodes solved 
85 | queue r0 4718 reprompt 0 | verifying 2 | 9.5 s/proposal]
first proposals:   6%|Γûî         | 282/5000 [46:29<12:55:52,  9.87s/ep, cand 281 | r0 pass 86/280 | episodes solved 
86 | queue r0 4717 reprompt 0 | verifying 2 | 9.5 s/proposal]
first proposals:   6%|Γûî         | 283/5000 [46:41<13:37:29, 10.40s/ep, cand 282 | r0 pass 86/281 | episodes solved 
86 | queue r0 4716 reprompt 0 | verifying 2 | 9.6 s/proposal]
first proposals:   6%|Γûî         | 284/5000 [46:59<15:55:28, 12.16s/ep, cand 283 | r0 pass 86/282 | episodes solved 
86 | queue r0 4715 reprompt 0 | verifying 2 | 9.7 s/proposal]
first proposals:   6%|Γûî         | 286/5000 [47:24<15:58:29, 12.20s/ep, cand 285 | r0 pass 87/284 | episodes solved 
87 | queue r0 4713 reprompt 0 | verifying 2 | 9.8 s/proposal]
first proposals:   6%|Γûî         | 288/5000 [47:37<13:16:56, 10.15s/ep, cand 287 | r0 pass 89/286 | episodes solved 
89 | queue r0 4711 reprompt 0 | verifying 2 | 9.9 s/proposal]
first proposals:   6%|Γûî         | 289/5000 [47:49<13:41:09, 10.46s/ep, cand 288 | r0 pass 90/287 | episodes solved 
90 | queue r0 4710 reprompt 0 | verifying 2 | 10.0 s/proposal]
first proposals:   6%|Γûî         | 290/5000 [48:13<17:42:11, 13.53s/ep, cand 289 | r0 pass 90/288 | episodes solved 
90 | queue r0 4709 reprompt 0 | verifying 2 | 10.1 s/proposal]
first proposals:   6%|Γûî         | 291/5000 [48:29<18:27:25, 14.11s/ep, cand 290 | r0 pass 90/289 | episodes solved 
90 | queue r0 4707 reprompt 0 | verifying 3 | 10.2 s/proposal]
first proposals:   6%|Γûî         | 293/5000 [48:49<16:24:25, 12.55s/ep, cand 292 | r0 pass 91/291 | episodes solved 
91 | queue r0 4706 reprompt 0 | verifying 2 | 10.3 s/proposal]
first proposals:   6%|Γûî         | 295/5000 [49:03<13:35:23, 10.40s/ep, cand 294 | r0 pass 92/293 | episodes solved 
92 | queue r0 4705 reprompt 0 | verifying 1 | 10.5 s/proposal]
first proposals:   6%|Γûî         | 296/5000 [49:12<13:21:46, 10.23s/ep, cand 295 | r0 pass 92/294 | episodes solved 
92 | queue r0 4704 reprompt 0 | verifying 1 | 10.6 s/proposal]
first proposals:   6%|Γûî         | 297/5000 [49:24<13:47:57, 10.56s/ep, cand 296 | r0 pass 92/295 | episodes solved 
92 | queue r0 4703 reprompt 0 | verifying 1 | 10.5 s/proposal]
first proposals:   6%|Γûî         | 298/5000 [50:04<23:20:21, 17.87s/ep, cand 297 | r0 pass 92/296 | episodes solved 
92 | queue r0 4702 reprompt 0 | verifying 1 | 10.6 s/proposal]
first proposals:   6%|Γûî         | 301/5000 [50:45<20:25:51, 15.65s/ep, cand 300 | r0 pass 93/298 | episodes solved 
93 | queue r0 4700 reprompt 0 | verifying 0 | 11.1 s/proposal]
first proposals:   6%|Γûî         | 303/5000 [50:57<16:17:11, 12.48s/ep, cand 302 | r0 pass 93/300 | episodes solved 
93 | queue r0 4696 reprompt 0 | verifying 2 | 11.3 s/proposal]
first proposals:   6%|Γûî         | 304/5000 [51:18<18:21:21, 14.07s/ep, cand 303 | r0 pass 93/301 | episodes solved 
93 | queue r0 4695 reprompt 0 | verifying 2 | 11.4 s/proposal]
first proposals:   6%|Γûî         | 306/5000 [51:27<14:00:38, 10.75s/ep, cand 305 | r0 pass 93/303 | episodes solved 
93 | queue r0 4693 reprompt 0 | verifying 2 | 11.4 s/proposal]
first proposals:   6%|Γûî         | 307/5000 [51:47<16:30:28, 12.66s/ep, cand 306 | r0 pass 93/304 | episodes solved 
93 | queue r0 4692 reprompt 0 | verifying 2 | 11.4 s/proposal]
first proposals:   6%|Γûî         | 309/5000 [52:11<16:08:38, 12.39s/ep, cand 308 | r0 pass 93/306 | episodes solved 
93 | queue r0 4690 reprompt 0 | verifying 2 | 11.5 s/proposal]
first proposals:   6%|Γûî         | 310/5000 [52:23<16:02:53, 12.32s/ep, cand 309 | r0 pass 93/307 | episodes solved 
93 | queue r0 4688 reprompt 0 | verifying 3 | 11.5 s/proposal]
first proposals:   6%|Γûî         | 312/5000 [52:33<12:37:13,  9.69s/ep, cand 311 | r0 pass 93/309 | episodes solved 
93 | queue r0 4687 reprompt 0 | verifying 2 | 11.6 s/proposal]
first proposals:   6%|Γûï         | 313/5000 [52:43<12:33:10,  9.64s/ep, cand 312 | r0 pass 93/310 | episodes solved 
93 | queue r0 4686 reprompt 0 | verifying 2 | 11.6 s/proposal]
first proposals:   6%|Γûï         | 314/5000 [53:01<14:56:27, 11.48s/ep, cand 313 | r0 pass 93/311 | episodes solved 
93 | queue r0 4685 reprompt 0 | verifying 2 | 11.7 s/proposal]
first proposals:   6%|Γûï         | 315/5000 [53:14<15:33:04, 11.95s/ep, cand 314 | r0 pass 94/312 | episodes solved 
94 | queue r0 4683 reprompt 0 | verifying 3 | 11.5 s/proposal]
first proposals:   6%|Γûï         | 316/5000 [53:23<14:43:49, 11.32s/ep, cand 315 | r0 pass 94/313 | episodes solved 
94 | queue r0 4682 reprompt 0 | verifying 3 | 11.6 s/proposal]
first proposals:   6%|Γûï         | 319/5000 [53:39<10:35:58,  8.15s/ep, cand 318 | r0 pass 95/316 | episodes solved 
95 | queue r0 4681 reprompt 0 | verifying 1 | 11.6 s/proposal]
first proposals:   6%|Γûï         | 320/5000 [53:47<10:26:17,  8.03s/ep, cand 319 | r0 pass 95/317 | episodes solved 
95 | queue r0 4679 reprompt 0 | verifying 2 | 11.5 s/proposal]
first proposals:   6%|Γûï         | 321/5000 [54:09<14:36:58, 11.25s/ep, cand 320 | r0 pass 95/318 | episodes solved 
95 | queue r0 4678 reprompt 0 | verifying 2 | 11.5 s/proposal]
first proposals:   6%|Γûï         | 323/5000 [54:21<11:56:45,  9.20s/ep, cand 322 | r0 pass 97/320 | episodes solved 
97 | queue r0 4676 reprompt 0 | verifying 2 | 11.6 s/proposal]
first proposals:   6%|Γûï         | 324/5000 [54:34<12:52:14,  9.91s/ep, cand 323 | r0 pass 97/321 | episodes solved 
97 | queue r0 4675 reprompt 0 | verifying 2 | 11.5 s/proposal]
first proposals:   6%|Γûï         | 325/5000 [54:56<16:43:17, 12.88s/ep, cand 324 | r0 pass 97/322 | episodes solved 
97 | queue r0 4674 reprompt 0 | verifying 2 | 11.6 s/proposal]
first proposals:   7%|Γûï         | 327/5000 [55:22<16:35:12, 12.78s/ep, cand 326 | r0 pass 97/324 | episodes solved 
97 | queue r0 4672 reprompt 0 | verifying 2 | 11.5 s/proposal]
first proposals:   7%|Γûï         | 330/5000 [55:42<13:05:10, 10.09s/ep, cand 329 | r0 pass 99/327 | episodes solved 
99 | queue r0 4670 reprompt 0 | verifying 1 | 11.5 s/proposal]
first proposals:   7%|Γûï         | 331/5000 [56:06<16:14:15, 12.52s/ep, cand 330 | r0 pass 100/328 | episodes solved 
100 | queue r0 4668 reprompt 0 | verifying 2 | 11.5 s/proposal]
first proposals:   7%|Γûï         | 333/5000 [56:17<13:12:57, 10.19s/ep, cand 332 | r0 pass 100/330 | episodes solved 
100 | queue r0 4666 reprompt 0 | verifying 2 | 11.5 s/proposal]
first proposals:   7%|Γûï         | 334/5000 [56:58<20:51:59, 16.10s/ep, cand 333 | r0 pass 100/331 | episodes solved 
100 | queue r0 4665 reprompt 0 | verifying 2 | 11.5 s/proposal]
first proposals:   7%|Γûï         | 338/5000 [57:35<16:16:38, 12.57s/ep, cand 337 | r0 pass 101/334 | episodes solved 
101 | queue r0 4663 reprompt 0 | verifying 0 | 11.9 s/proposal]
first proposals:   7%|Γûï         | 341/5000 [58:03<14:41:15, 11.35s/ep, cand 340 | r0 pass 103/337 | episodes solved 
103 | queue r0 4659 reprompt 0 | verifying 1 | 11.7 s/proposal]
first proposals:   7%|Γûï         | 342/5000 [58:20<15:50:33, 12.24s/ep, cand 341 | r0 pass 103/338 | episodes solved 
103 | queue r0 4656 reprompt 0 | verifying 3 | 11.5 s/proposal]
first proposals:   7%|Γûï         | 343/5000 [58:31<15:29:00, 11.97s/ep, cand 342 | r0 pass 104/339 | episodes solved 
104 | queue r0 4655 reprompt 0 | verifying 3 | 11.4 s/proposal]
first proposals:   7%|Γûï         | 345/5000 [58:41<12:23:57,  9.59s/ep, cand 344 | r0 pass 104/341 | episodes solved 
104 | queue r0 4654 reprompt 0 | verifying 2 | 11.3 s/proposal]
first proposals:   7%|Γûï         | 346/5000 [58:52<12:43:49,  9.85s/ep, cand 345 | r0 pass 104/342 | episodes solved 
104 | queue r0 4653 reprompt 0 | verifying 2 | 11.3 s/proposal]
first proposals:   7%|Γûï         | 347/5000 [59:10<15:06:48, 11.69s/ep, cand 346 | r0 pass 104/343 | episodes solved 
104 | queue r0 4652 reprompt 0 | verifying 2 | 11.3 s/proposal]
first proposals:   7%|Γûï         | 349/5000 [59:22<12:20:32,  9.55s/ep, cand 348 | r0 pass 105/345 | episodes solved 
105 | queue r0 4650 reprompt 0 | verifying 2 | 10.9 s/proposal]
first proposals:   7%|Γûï         | 350/5000 [59:35<13:07:07, 10.16s/ep, cand 349 | r0 pass 106/346 | episodes solved 
106 | queue r0 4649 reprompt 0 | verifying 2 | 11.0 s/proposal]
first proposals:   7%|Γûï         | 351/5000 [59:55<16:20:32, 12.65s/ep, cand 350 | r0 pass 106/347 | episodes solved 
106 | queue r0 4648 reprompt 0 | verifying 2 | 11.0 s/proposal]
first proposals:   7%|Γûï         | 353/5000 [1:00:05<12:14:03,  9.48s/ep, cand 352 | r0 pass 106/349 | episodes 
solved 106 | queue r0 4646 reprompt 0 | verifying 2 | 11.0 s/proposal]
first proposals:   7%|Γûï         | 354/5000 [1:00:17<13:00:29, 10.08s/ep, cand 353 | r0 pass 106/350 | episodes 
solved 106 | queue r0 4645 reprompt 0 | verifying 2 | 10.9 s/proposal]
first proposals:   7%|Γûï         | 355/5000 [1:00:27<13:02:50, 10.11s/ep, cand 354 | r0 pass 107/351 | episodes 
solved 107 | queue r0 4644 reprompt 0 | verifying 2 | 11.0 s/proposal]
first proposals:   7%|Γûï         | 356/5000 [1:00:49<16:46:08, 13.00s/ep, cand 355 | r0 pass 108/352 | episodes 
solved 108 | queue r0 4643 reprompt 0 | verifying 2 | 11.0 s/proposal]
first proposals:   7%|Γûï         | 358/5000 [1:01:00<12:50:30,  9.96s/ep, cand 357 | r0 pass 109/354 | episodes 
solved 109 | queue r0 4641 reprompt 0 | verifying 2 | 11.0 s/proposal]
first proposals:   7%|Γûï         | 360/5000 [1:01:11<10:38:01,  8.25s/ep, cand 359 | r0 pass 109/356 | episodes 
solved 109 | queue r0 4640 reprompt 0 | verifying 1 | 11.0 s/proposal]
first proposals:   7%|Γûï         | 361/5000 [1:01:34<14:38:33, 11.36s/ep, cand 360 | r0 pass 109/357 | episodes 
solved 109 | queue r0 4639 reprompt 0 | verifying 1 | 11.0 s/proposal]
first proposals:   7%|Γûï         | 362/5000 [1:01:45<14:29:46, 11.25s/ep, cand 361 | r0 pass 110/358 | episodes 
solved 110 | queue r0 4637 reprompt 0 | verifying 2 | 11.0 s/proposal]
first proposals:   7%|Γûï         | 363/5000 [1:01:53<13:22:25, 10.38s/ep, cand 362 | r0 pass 111/359 | episodes 
solved 111 | queue r0 4636 reprompt 0 | verifying 2 | 11.0 s/proposal]
first proposals:   7%|Γûï         | 364/5000 [1:02:09<15:20:02, 11.91s/ep, cand 363 | r0 pass 111/360 | episodes 
solved 111 | queue r0 4635 reprompt 0 | verifying 2 | 11.0 s/proposal]
first proposals:   7%|Γûï         | 365/5000 [1:02:17<14:10:16, 11.01s/ep, cand 364 | r0 pass 111/361 | episodes 
solved 111 | queue r0 4633 reprompt 0 | verifying 3 | 10.9 s/proposal]
first proposals:   7%|Γûï         | 367/5000 [1:02:38<13:36:43, 10.58s/ep, cand 366 | r0 pass 111/363 | episodes 
solved 111 | queue r0 4632 reprompt 0 | verifying 2 | 10.8 s/proposal]
first proposals:   7%|Γûï         | 369/5000 [1:02:57<13:04:49, 10.17s/ep, cand 368 | r0 pass 112/365 | episodes 
solved 112 | queue r0 4630 reprompt 0 | verifying 2 | 10.9 s/proposal]
first proposals:   7%|Γûï         | 371/5000 [1:03:17<13:06:03, 10.19s/ep, cand 370 | r0 pass 113/367 | episodes 
solved 113 | queue r0 4628 reprompt 0 | verifying 2 | 11.0 s/proposal]
first proposals:   7%|Γûï         | 373/5000 [1:03:32<11:54:00,  9.26s/ep, cand 372 | r0 pass 114/369 | episodes 
solved 114 | queue r0 4626 reprompt 0 | verifying 2 | 10.9 s/proposal]
first proposals:   7%|Γûï         | 374/5000 [1:03:42<12:12:41,  9.50s/ep, cand 373 | r0 pass 115/370 | episodes 
solved 115 | queue r0 4625 reprompt 0 | verifying 2 | 11.0 s/proposal]
first proposals:   8%|Γûè         | 375/5000 [1:03:55<13:05:31, 10.19s/ep, cand 374 | r0 pass 116/371 | episodes 
solved 116 | queue r0 4624 reprompt 0 | verifying 2 | 10.9 s/proposal]
first proposals:   8%|Γûè         | 376/5000 [1:04:07<13:44:41, 10.70s/ep, cand 375 | r0 pass 116/372 | episodes 
solved 116 | queue r0 4623 reprompt 0 | verifying 2 | 11.0 s/proposal]
first proposals:   8%|Γûè         | 377/5000 [1:04:22<14:54:42, 11.61s/ep, cand 376 | r0 pass 116/373 | episodes 
solved 116 | queue r0 4622 reprompt 0 | verifying 2 | 11.0 s/proposal]
first proposals:   8%|Γûè         | 378/5000 [1:04:32<14:18:36, 11.15s/ep, cand 377 | r0 pass 116/374 | episodes 
solved 116 | queue r0 4621 reprompt 0 | verifying 2 | 11.0 s/proposal]
first proposals:   8%|Γûè         | 379/5000 [1:04:42<13:53:44, 10.83s/ep, cand 378 | r0 pass 116/375 | episodes 
solved 116 | queue r0 4620 reprompt 0 | verifying 2 | 11.0 s/proposal]
first proposals:   8%|Γûè         | 380/5000 [1:05:04<18:13:19, 14.20s/ep, cand 379 | r0 pass 116/376 | episodes 
solved 116 | queue r0 4619 reprompt 0 | verifying 2 | 10.9 s/proposal]
first proposals:   8%|Γûè         | 382/5000 [1:05:16<13:28:30, 10.50s/ep, cand 381 | r0 pass 117/378 | episodes 
solved 117 | queue r0 4617 reprompt 0 | verifying 2 | 11.0 s/proposal]
first proposals:   8%|Γûè         | 383/5000 [1:05:29<14:10:35, 11.05s/ep, cand 382 | r0 pass 117/379 | episodes 
solved 117 | queue r0 4616 reprompt 0 | verifying 2 | 11.0 s/proposal]
first proposals:   8%|Γûè         | 384/5000 [1:05:40<14:18:02, 11.15s/ep, cand 383 | r0 pass 117/380 | episodes 
solved 117 | queue r0 4615 reprompt 0 | verifying 2 | 11.0 s/proposal]
first proposals:   8%|Γûè         | 385/5000 [1:05:53<14:50:39, 11.58s/ep, cand 384 | r0 pass 117/381 | episodes 
solved 117 | queue r0 4614 reprompt 0 | verifying 2 | 11.0 s/proposal]
first proposals:   8%|Γûè         | 386/5000 [1:06:14<18:06:30, 14.13s/ep, cand 385 | r0 pass 118/382 | episodes 
solved 118 | queue r0 4613 reprompt 0 | verifying 2 | 10.7 s/proposal]
first proposals:   8%|Γûè         | 387/5000 [1:06:27<17:44:16, 13.84s/ep, cand 386 | r0 pass 118/383 | episodes 
solved 118 | queue r0 4612 reprompt 0 | verifying 2 | 10.9 s/proposal]
first proposals:   8%|Γûè         | 388/5000 [1:06:52<21:41:51, 16.94s/ep, cand 387 | r0 pass 118/384 | episodes 
solved 118 | queue r0 4611 reprompt 0 | verifying 2 | 11.0 s/proposal]
first proposals:   8%|Γûè         | 390/5000 [1:07:18<19:35:00, 15.29s/ep, cand 389 | r0 pass 119/386 | episodes 
solved 119 | queue r0 4609 reprompt 0 | verifying 2 | 11.1 s/proposal]
first proposals:   8%|Γûè         | 392/5000 [1:07:34<15:55:19, 12.44s/ep, cand 391 | r0 pass 119/388 | episodes 
solved 119 | queue r0 4607 reprompt 0 | verifying 2 | 11.2 s/proposal]
first proposals:   8%|Γûè         | 393/5000 [1:07:44<15:13:42, 11.90s/ep, cand 392 | r0 pass 119/389 | episodes 
solved 119 | queue r0 4606 reprompt 0 | verifying 2 | 11.4 s/proposal]
first proposals:   8%|Γûè         | 394/5000 [1:07:59<16:05:24, 12.58s/ep, cand 393 | r0 pass 119/390 | episodes 
solved 119 | queue r0 4605 reprompt 0 | verifying 2 | 11.2 s/proposal]
first proposals:   8%|Γûè         | 396/5000 [1:08:18<14:31:55, 11.36s/ep, cand 395 | r0 pass 119/392 | episodes 
solved 119 | queue r0 4604 reprompt 0 | verifying 1 | 11.3 s/proposal]
first proposals:   8%|Γûè         | 397/5000 [1:08:41<17:41:58, 13.84s/ep, cand 396 | r0 pass 120/393 | episodes 
solved 120 | queue r0 4602 reprompt 0 | verifying 2 | 11.3 s/proposal]
first proposals:   8%|Γûè         | 399/5000 [1:09:05<16:54:31, 13.23s/ep, cand 398 | r0 pass 121/395 | episodes 
solved 121 | queue r0 4600 reprompt 0 | verifying 2 | 11.4 s/proposal]
first proposals:   8%|Γûè         | 401/5000 [1:09:28<16:04:56, 12.59s/ep, cand 400 | r0 pass 123/397 | episodes 
solved 123 | queue r0 4598 reprompt 0 | verifying 2 | 11.4 s/proposal]
first proposals:   8%|Γûè         | 402/5000 [1:09:41<16:17:05, 12.75s/ep, cand 401 | r0 pass 123/398 | episodes 
solved 123 | queue r0 4596 reprompt 0 | verifying 3 | 11.4 s/proposal]
first proposals:   8%|Γûè         | 403/5000 [1:09:53<16:05:08, 12.60s/ep, cand 402 | r0 pass 123/399 | episodes 
solved 123 | queue r0 4595 reprompt 0 | verifying 3 | 11.5 s/proposal]
first proposals:   8%|Γûè         | 405/5000 [1:10:04<12:27:35,  9.76s/ep, cand 404 | r0 pass 123/401 | episodes 
solved 123 | queue r0 4594 reprompt 0 | verifying 2 | 11.5 s/proposal]
first proposals:   8%|Γûè         | 406/5000 [1:10:26<15:43:12, 12.32s/ep, cand 405 | r0 pass 124/402 | episodes 
solved 124 | queue r0 4593 reprompt 0 | verifying 2 | 11.5 s/proposal]
first proposals:   8%|Γûè         | 408/5000 [1:10:36<12:08:48,  9.52s/ep, cand 407 | r0 pass 124/404 | episodes 
solved 124 | queue r0 4591 reprompt 0 | verifying 2 | 11.5 s/proposal]
first proposals:   8%|Γûè         | 409/5000 [1:10:56<15:13:42, 11.94s/ep, cand 408 | r0 pass 125/405 | episodes 
solved 125 | queue r0 4590 reprompt 0 | verifying 2 | 11.5 s/proposal]
first proposals:   8%|Γûè         | 410/5000 [1:11:07<14:42:21, 11.53s/ep, cand 409 | r0 pass 126/406 | episodes 
solved 126 | queue r0 4588 reprompt 0 | verifying 3 | 11.4 s/proposal]
first proposals:   8%|Γûè         | 411/5000 [1:11:15<13:45:11, 10.79s/ep, cand 410 | r0 pass 126/407 | episodes 
solved 126 | queue r0 4587 reprompt 0 | verifying 3 | 11.4 s/proposal]
first proposals:   8%|Γûè         | 412/5000 [1:11:26<13:39:32, 10.72s/ep, cand 411 | r0 pass 126/408 | episodes 
solved 126 | queue r0 4586 reprompt 0 | verifying 3 | 11.4 s/proposal]
first proposals:   8%|Γûè         | 413/5000 [1:11:37<13:43:34, 10.77s/ep, cand 412 | r0 pass 126/409 | episodes 
solved 126 | queue r0 4585 reprompt 0 | verifying 3 | 11.4 s/proposal]
first proposals:   8%|Γûè         | 415/5000 [1:11:56<13:11:44, 10.36s/ep, cand 414 | r0 pass 127/411 | episodes 
solved 127 | queue r0 4584 reprompt 0 | verifying 2 | 11.5 s/proposal]
first proposals:   8%|Γûè         | 416/5000 [1:12:07<13:26:14, 10.55s/ep, cand 415 | r0 pass 128/412 | episodes 
solved 128 | queue r0 4582 reprompt 0 | verifying 3 | 11.5 s/proposal]
first proposals:   8%|Γûè         | 417/5000 [1:12:19<13:49:37, 10.86s/ep, cand 416 | r0 pass 128/413 | episodes 
solved 128 | queue r0 4581 reprompt 0 | verifying 3 | 11.6 s/proposal]
first proposals:   8%|Γûè         | 419/5000 [1:12:44<14:43:38, 11.57s/ep, cand 418 | r0 pass 129/415 | episodes 
solved 129 | queue r0 4580 reprompt 0 | verifying 2 | 11.6 s/proposal]
first proposals:   8%|Γûè         | 420/5000 [1:12:57<15:04:40, 11.85s/ep, cand 419 | r0 pass 129/416 | episodes 
solved 129 | queue r0 4578 reprompt 0 | verifying 3 | 11.7 s/proposal]
first proposals:   8%|Γûè         | 422/5000 [1:13:23<15:38:52, 12.31s/ep, cand 421 | r0 pass 130/418 | episodes 
solved 130 | queue r0 4577 reprompt 0 | verifying 2 | 11.8 s/proposal]
first proposals:   8%|Γûè         | 425/5000 [1:13:46<12:53:00, 10.14s/ep, cand 424 | r0 pass 131/421 | episodes 
solved 131 | queue r0 4575 reprompt 0 | verifying 1 | 11.8 s/proposal]
first proposals:   9%|Γûè         | 426/5000 [1:13:56<12:55:16, 10.17s/ep, cand 425 | r0 pass 131/422 | episodes 
solved 131 | queue r0 4573 reprompt 0 | verifying 2 | 11.8 s/proposal]
first proposals:   9%|Γûè         | 427/5000 [1:14:22<16:57:38, 13.35s/ep, cand 426 | r0 pass 132/423 | episodes 
solved 132 | queue r0 4572 reprompt 0 | verifying 2 | 11.7 s/proposal]
first proposals:   9%|Γûè         | 429/5000 [1:14:32<12:56:52, 10.20s/ep, cand 428 | r0 pass 132/425 | episodes 
solved 132 | queue r0 4570 reprompt 0 | verifying 2 | 11.8 s/proposal]
first proposals:   9%|Γûè         | 430/5000 [1:15:02<18:15:31, 14.38s/ep, cand 429 | r0 pass 132/426 | episodes 
solved 132 | queue r0 4569 reprompt 0 | verifying 2 | 11.8 s/proposal]
first proposals:   9%|Γûè         | 432/5000 [1:15:14<14:20:57, 11.31s/ep, cand 431 | r0 pass 133/428 | episodes 
solved 133 | queue r0 4567 reprompt 0 | verifying 2 | 11.9 s/proposal]
first proposals:   9%|Γûè         | 433/5000 [1:15:24<14:03:41, 11.08s/ep, cand 432 | r0 pass 133/429 | episodes 
solved 133 | queue r0 4566 reprompt 0 | verifying 2 | 11.9 s/proposal]
first proposals:   9%|Γûè         | 434/5000 [1:15:45<16:47:21, 13.24s/ep, cand 433 | r0 pass 133/430 | episodes 
solved 133 | queue r0 4565 reprompt 0 | verifying 2 | 11.9 s/proposal]
first proposals:   9%|Γûè         | 435/5000 [1:15:56<16:12:00, 12.78s/ep, cand 434 | r0 pass 134/431 | episodes 
solved 134 | queue r0 4563 reprompt 0 | verifying 3 | 11.8 s/proposal]
first proposals:   9%|Γûè         | 436/5000 [1:16:08<15:51:55, 12.51s/ep, cand 435 | r0 pass 134/432 | episodes 
solved 134 | queue r0 4562 reprompt 0 | verifying 3 | 11.6 s/proposal]
first proposals:   9%|Γûë         | 438/5000 [1:16:18<11:55:37,  9.41s/ep, cand 437 | r0 pass 135/434 | episodes 
solved 135 | queue r0 4561 reprompt 0 | verifying 2 | 11.6 s/proposal]
first proposals:   9%|Γûë         | 439/5000 [1:16:41<15:57:48, 12.60s/ep, cand 438 | r0 pass 135/435 | episodes 
solved 135 | queue r0 4560 reprompt 0 | verifying 2 | 11.6 s/proposal]
first proposals:   9%|Γûë         | 440/5000 [1:16:53<15:34:29, 12.30s/ep, cand 439 | r0 pass 135/436 | episodes 
solved 135 | queue r0 4558 reprompt 0 | verifying 3 | 11.5 s/proposal]
first proposals:   9%|Γûë         | 443/5000 [1:17:30<15:33:27, 12.29s/ep, cand 442 | r0 pass 135/439 | episodes 
solved 135 | queue r0 4557 reprompt 0 | verifying 1 | 11.5 s/proposal]
first proposals:   9%|Γûë         | 444/5000 [1:18:02<20:28:11, 16.17s/ep, cand 443 | r0 pass 135/440 | episodes 
solved 135 | queue r0 4554 reprompt 0 | verifying 3 | 11.4 s/proposal]
first proposals:   9%|Γûë         | 448/5000 [1:18:39<15:52:00, 12.55s/ep, cand 447 | r0 pass 136/443 | episodes 
solved 136 | queue r0 4553 reprompt 0 | verifying 0 | 11.8 s/proposal]
first proposals:   9%|Γûë         | 450/5000 [1:18:51<13:35:26, 10.75s/ep, cand 449 | r0 pass 138/445 | episodes 
solved 138 | queue r0 4549 reprompt 0 | verifying 2 | 11.7 s/proposal]
first proposals:   9%|Γûë         | 451/5000 [1:19:01<13:31:01, 10.70s/ep, cand 450 | r0 pass 138/446 | episodes 
solved 138 | queue r0 4548 reprompt 0 | verifying 2 | 11.7 s/proposal]
first proposals:   9%|Γûë         | 452/5000 [1:19:22<15:52:34, 12.57s/ep, cand 451 | r0 pass 138/447 | episodes 
solved 138 | queue r0 4547 reprompt 0 | verifying 2 | 11.7 s/proposal]
first proposals:   9%|Γûë         | 454/5000 [1:19:36<13:21:39, 10.58s/ep, cand 453 | r0 pass 140/449 | episodes 
solved 140 | queue r0 4545 reprompt 0 | verifying 2 | 11.6 s/proposal]
first proposals:   9%|Γûë         | 455/5000 [1:19:47<13:25:24, 10.63s/ep, cand 454 | r0 pass 140/450 | episodes 
solved 140 | queue r0 4544 reprompt 0 | verifying 2 | 11.6 s/proposal]
first proposals:   9%|Γûë         | 456/5000 [1:19:57<13:27:08, 10.66s/ep, cand 455 | r0 pass 141/451 | episodes 
solved 141 | queue r0 4543 reprompt 0 | verifying 2 | 11.6 s/proposal]
first proposals:   9%|Γûë         | 457/5000 [1:20:16<15:55:57, 12.63s/ep, cand 456 | r0 pass 142/452 | episodes 
solved 142 | queue r0 4542 reprompt 0 | verifying 2 | 11.6 s/proposal]
first proposals:   9%|Γûë         | 459/5000 [1:20:37<14:43:41, 11.68s/ep, cand 458 | r0 pass 142/454 | episodes 
solved 142 | queue r0 4540 reprompt 0 | verifying 2 | 11.6 s/proposal]
first proposals:   9%|Γûë         | 461/5000 [1:20:58<14:17:54, 11.34s/ep, cand 460 | r0 pass 143/456 | episodes 
solved 143 | queue r0 4538 reprompt 0 | verifying 2 | 11.6 s/proposal]
first proposals:   9%|Γûë         | 462/5000 [1:21:08<13:50:27, 10.98s/ep, cand 461 | r0 pass 144/457 | episodes 
solved 144 | queue r0 4536 reprompt 0 | verifying 3 | 11.6 s/proposal]
first proposals:   9%|Γûë         | 464/5000 [1:21:28<13:22:18, 10.61s/ep, cand 463 | r0 pass 145/459 | episodes 
solved 145 | queue r0 4535 reprompt 0 | verifying 2 | 11.6 s/proposal]
first proposals:   9%|Γûë         | 466/5000 [1:21:49<13:26:14, 10.67s/ep, cand 465 | r0 pass 145/461 | episodes 
solved 145 | queue r0 4533 reprompt 0 | verifying 2 | 11.6 s/proposal]
first proposals:   9%|Γûë         | 467/5000 [1:22:04<14:19:24, 11.38s/ep, cand 466 | r0 pass 145/462 | episodes 
solved 145 | queue r0 4531 reprompt 0 | verifying 3 | 11.6 s/proposal]
first proposals:   9%|Γûë         | 468/5000 [1:22:13<13:45:43, 10.93s/ep, cand 467 | r0 pass 146/463 | episodes 
solved 146 | queue r0 4530 reprompt 0 | verifying 3 | 11.7 s/proposal]
first proposals:   9%|Γûë         | 469/5000 [1:22:23<13:31:57, 10.75s/ep, cand 468 | r0 pass 147/464 | episodes 
solved 147 | queue r0 4529 reprompt 0 | verifying 3 | 11.6 s/proposal]
first proposals:   9%|Γûë         | 470/5000 [1:22:32<12:58:01, 10.30s/ep, cand 469 | r0 pass 147/465 | episodes 
solved 147 | queue r0 4528 reprompt 0 | verifying 3 | 11.5 s/proposal]
first proposals:   9%|Γûë         | 472/5000 [1:22:42<9:59:57,  7.95s/ep, cand 471 | r0 pass 148/467 | episodes solved 
148 | queue r0 4527 reprompt 0 | verifying 2 | 11.5 s/proposal] 
first proposals:   9%|Γûë         | 473/5000 [1:22:51<10:19:46,  8.21s/ep, cand 472 | r0 pass 148/468 | episodes 
solved 148 | queue r0 4526 reprompt 0 | verifying 2 | 11.5 s/proposal]
first proposals:   9%|Γûë         | 474/5000 [1:23:18<16:10:09, 12.86s/ep, cand 473 | r0 pass 148/469 | episodes 
solved 148 | queue r0 4525 reprompt 0 | verifying 2 | 11.3 s/proposal]
first proposals:  10%|Γûë         | 475/5000 [1:23:29<15:33:48, 12.38s/ep, cand 474 | r0 pass 148/470 | episodes 
solved 148 | queue r0 4523 reprompt 0 | verifying 3 | 11.4 s/proposal]
first proposals:  10%|Γûë         | 476/5000 [1:23:40<15:16:07, 12.15s/ep, cand 475 | r0 pass 148/471 | episodes 
solved 148 | queue r0 4522 reprompt 0 | verifying 3 | 11.4 s/proposal]
first proposals:  10%|Γûë         | 478/5000 [1:23:50<11:07:15,  8.85s/ep, cand 477 | r0 pass 148/473 | episodes 
solved 148 | queue r0 4521 reprompt 0 | verifying 2 | 11.4 s/proposal]
first proposals:  10%|Γûë         | 480/5000 [1:24:14<12:50:49, 10.23s/ep, cand 479 | r0 pass 149/475 | episodes 
solved 149 | queue r0 4520 reprompt 0 | verifying 1 | 11.3 s/proposal]
first proposals:  10%|Γûë         | 481/5000 [1:24:26<13:16:39, 10.58s/ep, cand 480 | r0 pass 149/476 | episodes 
solved 149 | queue r0 4518 reprompt 0 | verifying 2 | 11.4 s/proposal]
first proposals:  10%|Γûë         | 482/5000 [1:24:50<17:09:51, 13.68s/ep, cand 481 | r0 pass 149/477 | episodes 
solved 149 | queue r0 4517 reprompt 0 | verifying 2 | 11.3 s/proposal]
first proposals:  10%|Γûë         | 483/5000 [1:25:02<16:41:46, 13.31s/ep, cand 482 | r0 pass 149/478 | episodes 
solved 149 | queue r0 4515 reprompt 0 | verifying 3 | 11.3 s/proposal]
first proposals:  10%|Γûë         | 485/5000 [1:25:13<12:25:52,  9.91s/ep, cand 484 | r0 pass 150/480 | episodes 
solved 150 | queue r0 4514 reprompt 0 | verifying 2 | 11.3 s/proposal]
first proposals:  10%|Γûë         | 486/5000 [1:25:47<19:26:57, 15.51s/ep, cand 485 | r0 pass 150/481 | episodes 
solved 150 | queue r0 4513 reprompt 0 | verifying 2 | 11.3 s/proposal]
first proposals:  10%|Γûë         | 489/5000 [1:26:23<17:23:30, 13.88s/ep, cand 488 | r0 pass 151/483 | episodes 
solved 151 | queue r0 4512 reprompt 0 | verifying 0 | 11.8 s/proposal]
first proposals:  10%|Γûë         | 491/5000 [1:26:35<14:03:19, 11.22s/ep, cand 490 | r0 pass 151/485 | episodes 
solved 151 | queue r0 4508 reprompt 0 | verifying 2 | 11.6 s/proposal]
first proposals:  10%|Γûë         | 492/5000 [1:26:45<13:44:37, 10.98s/ep, cand 491 | r0 pass 152/486 | episodes 
solved 152 | queue r0 4507 reprompt 0 | verifying 2 | 11.6 s/proposal]
first proposals:  10%|Γûë         | 493/5000 [1:27:09<17:22:53, 13.88s/ep, cand 492 | r0 pass 153/487 | episodes 
solved 153 | queue r0 4506 reprompt 0 | verifying 2 | 11.5 s/proposal]
first proposals:  10%|Γûë         | 495/5000 [1:27:19<13:02:41, 10.42s/ep, cand 494 | r0 pass 153/489 | episodes 
solved 153 | queue r0 4504 reprompt 0 | verifying 2 | 11.6 s/proposal]
first proposals:  10%|Γûë         | 496/5000 [1:27:30<13:11:10, 10.54s/ep, cand 495 | r0 pass 154/490 | episodes 
solved 154 | queue r0 4503 reprompt 0 | verifying 2 | 11.1 s/proposal]
first proposals:  10%|Γûë         | 497/5000 [1:27:39<12:42:09, 10.16s/ep, cand 496 | r0 pass 155/491 | episodes 
solved 155 | queue r0 4502 reprompt 0 | verifying 2 | 11.2 s/proposal]
first proposals:  10%|Γûë         | 498/5000 [1:28:05<17:44:16, 14.18s/ep, cand 497 | r0 pass 155/492 | episodes 
solved 155 | queue r0 4501 reprompt 0 | verifying 2 | 11.2 s/proposal]
first proposals:  10%|Γûê         | 500/5000 [1:28:19<13:56:27, 11.15s/ep, cand 499 | r0 pass 156/494 | episodes 
solved 156 | queue r0 4499 reprompt 0 | verifying 2 | 11.3 s/proposal]
first proposals:  10%|Γûê         | 501/5000 [1:28:39<16:27:04, 13.16s/ep, cand 500 | r0 pass 157/495 | episodes 
solved 157 | queue r0 4498 reprompt 0 | verifying 2 | 11.3 s/proposal]
first proposals:  10%|Γûê         | 503/5000 [1:28:50<12:38:49, 10.12s/ep, cand 502 | r0 pass 157/497 | episodes 
solved 157 | queue r0 4496 reprompt 0 | verifying 2 | 11.3 s/proposal]
first proposals:  10%|Γûê         | 504/5000 [1:29:13<16:25:52, 13.16s/ep, cand 503 | r0 pass 158/498 | episodes 
solved 158 | queue r0 4495 reprompt 0 | verifying 2 | 11.3 s/proposal]
first proposals:  10%|Γûê         | 507/5000 [1:29:48<15:25:19, 12.36s/ep, cand 506 | r0 pass 159/501 | episodes 
solved 159 | queue r0 4493 reprompt 0 | verifying 1 | 11.3 s/proposal]
first proposals:  10%|Γûê         | 510/5000 [1:29:58<10:49:08,  8.67s/ep, cand 509 | r0 pass 159/504 | episodes 
solved 159 | queue r0 4490 reprompt 0 | verifying 1 | 11.4 s/proposal]
first proposals:  10%|Γûê         | 510/5000 [1:30:12<10:49:08,  8.67s/ep, cand 510 | r0 pass 159/505 | episodes 
solved 159 | queue r0 4489 reprompt 0 | verifying 1 | 11.4 s/proposal]
first proposals:  10%|Γûê         | 511/5000 [1:30:17<12:48:55, 10.28s/ep, cand 510 | r0 pass 159/505 | episodes 
solved 159 | queue r0 4489 reprompt 0 | verifying 1 | 11.4 s/proposal]
first proposals:  10%|Γûê         | 512/5000 [1:30:30<13:30:03, 10.83s/ep, cand 511 | r0 pass 160/506 | episodes 
solved 160 | queue r0 4487 reprompt 0 | verifying 2 | 11.3 s/proposal]
first proposals:  10%|Γûê         | 513/5000 [1:30:40<13:15:04, 10.63s/ep, cand 512 | r0 pass 160/507 | episodes 
solved 160 | queue r0 4486 reprompt 0 | verifying 2 | 11.4 s/proposal]
first proposals:  10%|Γûê         | 514/5000 [1:30:49<12:46:36, 10.25s/ep, cand 513 | r0 pass 161/508 | episodes 
solved 161 | queue r0 4485 reprompt 0 | verifying 2 | 11.4 s/proposal]
first proposals:  10%|Γûê         | 516/5000 [1:31:19<15:17:26, 12.28s/ep, cand 515 | r0 pass 161/510 | episodes 
solved 161 | queue r0 4484 reprompt 0 | verifying 1 | 11.4 s/proposal]
first proposals:  10%|Γûê         | 518/5000 [1:31:40<14:18:47, 11.50s/ep, cand 517 | r0 pass 162/512 | episodes 
solved 162 | queue r0 4481 reprompt 0 | verifying 2 | 11.4 s/proposal]
first proposals:  10%|Γûê         | 520/5000 [1:32:01<14:02:45, 11.29s/ep, cand 519 | r0 pass 164/514 | episodes 
solved 164 | queue r0 4479 reprompt 0 | verifying 2 | 11.3 s/proposal]
first proposals:  10%|Γûê         | 522/5000 [1:32:11<11:28:54,  9.23s/ep, cand 521 | r0 pass 164/516 | episodes 
solved 164 | queue r0 4477 reprompt 0 | verifying 2 | 11.3 s/proposal]
first proposals:  10%|Γûê         | 523/5000 [1:32:33<14:29:58, 11.66s/ep, cand 522 | r0 pass 164/517 | episodes 
solved 164 | queue r0 4476 reprompt 0 | verifying 2 | 11.4 s/proposal]
first proposals:  10%|Γûê         | 525/5000 [1:32:43<11:25:46,  9.19s/ep, cand 524 | r0 pass 165/519 | episodes 
solved 165 | queue r0 4474 reprompt 0 | verifying 2 | 11.4 s/proposal]
first proposals:  11%|Γûê         | 526/5000 [1:32:52<11:24:25,  9.18s/ep, cand 525 | r0 pass 165/520 | episodes 
solved 165 | queue r0 4473 reprompt 0 | verifying 2 | 11.3 s/proposal]
first proposals:  11%|Γûê         | 528/5000 [1:33:00<9:02:53,  7.28s/ep, cand 527 | r0 pass 165/522 | episodes solved 
165 | queue r0 4472 reprompt 0 | verifying 1 | 11.2 s/proposal] 
first proposals:  11%|Γûê         | 529/5000 [1:33:10<9:42:32,  7.82s/ep, cand 528 | r0 pass 165/523 | episodes solved 
165 | queue r0 4471 reprompt 0 | verifying 1 | 11.2 s/proposal]
first proposals:  11%|Γûê         | 530/5000 [1:33:30<13:16:28, 10.69s/ep, cand 529 | r0 pass 165/524 | episodes 
solved 165 | queue r0 4470 reprompt 0 | verifying 1 | 11.2 s/proposal]
first proposals:  11%|Γûê         | 531/5000 [1:33:39<12:38:06, 10.18s/ep, cand 530 | r0 pass 165/525 | episodes 
solved 165 | queue r0 4468 reprompt 0 | verifying 2 | 11.1 s/proposal]
first proposals:  11%|Γûê         | 532/5000 [1:33:46<11:48:42,  9.52s/ep, cand 531 | r0 pass 166/526 | episodes 
solved 166 | queue r0 4467 reprompt 0 | verifying 2 | 11.0 s/proposal]
first proposals:  11%|Γûê         | 533/5000 [1:33:55<11:24:52,  9.20s/ep, cand 532 | r0 pass 167/527 | episodes 
solved 167 | queue r0 4466 reprompt 0 | verifying 2 | 11.0 s/proposal]
first proposals:  11%|Γûê         | 534/5000 [1:34:05<11:47:59,  9.51s/ep, cand 533 | r0 pass 167/528 | episodes 
solved 167 | queue r0 4465 reprompt 0 | verifying 2 | 10.9 s/proposal]
first proposals:  11%|Γûê         | 535/5000 [1:34:29<17:04:53, 13.77s/ep, cand 534 | r0 pass 168/529 | episodes 
solved 168 | queue r0 4464 reprompt 0 | verifying 2 | 10.8 s/proposal]
first proposals:  11%|Γûê         | 537/5000 [1:34:44<13:33:27, 10.94s/ep, cand 536 | r0 pass 169/531 | episodes 
solved 169 | queue r0 4462 reprompt 0 | verifying 2 | 10.4 s/proposal]
first proposals:  11%|Γûê         | 538/5000 [1:34:59<14:35:55, 11.78s/ep, cand 537 | r0 pass 169/532 | episodes 
solved 169 | queue r0 4461 reprompt 0 | verifying 2 | 10.6 s/proposal]
first proposals:  11%|Γûê         | 540/5000 [1:35:28<16:03:40, 12.96s/ep, cand 539 | r0 pass 170/534 | episodes 
solved 170 | queue r0 4460 reprompt 0 | verifying 1 | 10.7 s/proposal]
first proposals:  11%|Γûê         | 542/5000 [1:35:45<14:03:23, 11.35s/ep, cand 541 | r0 pass 170/536 | episodes 
solved 170 | queue r0 4457 reprompt 0 | verifying 2 | 10.6 s/proposal]
first proposals:  11%|Γûê         | 544/5000 [1:36:05<13:26:37, 10.86s/ep, cand 543 | r0 pass 171/538 | episodes 
solved 171 | queue r0 4455 reprompt 0 | verifying 2 | 10.5 s/proposal]
first proposals:  11%|Γûê         | 546/5000 [1:36:16<11:12:31,  9.06s/ep, cand 545 | r0 pass 173/540 | episodes 
solved 173 | queue r0 4453 reprompt 0 | verifying 2 | 10.5 s/proposal]
first proposals:  11%|Γûê         | 547/5000 [1:36:24<10:52:47,  8.80s/ep, cand 546 | r0 pass 174/541 | episodes 
solved 174 | queue r0 4452 reprompt 0 | verifying 2 | 10.5 s/proposal]
first proposals:  11%|Γûê         | 548/5000 [1:36:32<10:44:45,  8.69s/ep, cand 547 | r0 pass 174/542 | episodes 
solved 174 | queue r0 4451 reprompt 0 | verifying 2 | 10.5 s/proposal]
first proposals:  11%|Γûê         | 549/5000 [1:36:39<10:16:29,  8.31s/ep, cand 548 | r0 pass 174/543 | episodes 
solved 174 | queue r0 4450 reprompt 0 | verifying 2 | 10.4 s/proposal]
first proposals:  11%|Γûê         | 550/5000 [1:36:48<10:23:09,  8.40s/ep, cand 549 | r0 pass 174/544 | episodes 
solved 174 | queue r0 4449 reprompt 0 | verifying 2 | 10.2 s/proposal]
first proposals:  11%|Γûê         | 551/5000 [1:36:55<9:55:19,  8.03s/ep, cand 550 | r0 pass 174/545 | episodes solved 
174 | queue r0 4448 reprompt 0 | verifying 2 | 10.1 s/proposal] 
first proposals:  11%|Γûê         | 552/5000 [1:37:02<9:47:39,  7.93s/ep, cand 551 | r0 pass 174/546 | episodes solved 
174 | queue r0 4447 reprompt 0 | verifying 2 | 10.1 s/proposal]
first proposals:  11%|Γûê         | 553/5000 [1:37:27<15:30:44, 12.56s/ep, cand 552 | r0 pass 175/547 | episodes 
solved 175 | queue r0 4446 reprompt 0 | verifying 2 | 10.0 s/proposal]
first proposals:  11%|Γûê         | 555/5000 [1:37:39<12:05:11,  9.79s/ep, cand 554 | r0 pass 176/549 | episodes 
solved 176 | queue r0 4444 reprompt 0 | verifying 2 | 10.0 s/proposal]
first proposals:  11%|Γûê         | 556/5000 [1:37:50<12:18:45,  9.97s/ep, cand 555 | r0 pass 177/550 | episodes 
solved 177 | queue r0 4443 reprompt 0 | verifying 2 | 10.1 s/proposal]
first proposals:  11%|Γûê         | 557/5000 [1:38:02<13:01:02, 10.55s/ep, cand 556 | r0 pass 177/551 | episodes 
solved 177 | queue r0 4442 reprompt 0 | verifying 2 | 10.1 s/proposal]
first proposals:  11%|Γûê         | 558/5000 [1:38:14<13:18:59, 10.79s/ep, cand 557 | r0 pass 177/552 | episodes 
solved 177 | queue r0 4441 reprompt 0 | verifying 2 | 10.1 s/proposal]
first proposals:  11%|Γûê         | 559/5000 [1:38:46<20:41:13, 16.77s/ep, cand 558 | r0 pass 177/553 | episodes 
solved 177 | queue r0 4440 reprompt 0 | verifying 2 | 10.1 s/proposal]
first proposals:  11%|Γûê         | 561/5000 [1:38:58<14:53:10, 12.07s/ep, cand 560 | r0 pass 178/555 | episodes 
solved 178 | queue r0 4438 reprompt 0 | verifying 2 | 10.3 s/proposal]
first proposals:  11%|Γûê         | 562/5000 [1:39:10<14:50:57, 12.05s/ep, cand 561 | r0 pass 178/556 | episodes 
solved 178 | queue r0 4437 reprompt 0 | verifying 2 | 10.4 s/proposal]
first proposals:  11%|ΓûêΓûÅ        | 563/5000 [1:39:33<18:15:40, 14.82s/ep, cand 562 | r0 pass 179/557 | episodes 
solved 179 | queue r0 4436 reprompt 0 | verifying 2 | 10.4 s/proposal]
first proposals:  11%|ΓûêΓûÅ        | 565/5000 [1:39:42<12:51:29, 10.44s/ep, cand 564 | r0 pass 179/559 | episodes 
solved 179 | queue r0 4434 reprompt 0 | verifying 2 | 10.5 s/proposal]
first proposals:  11%|ΓûêΓûÅ        | 567/5000 [1:39:52<10:22:24,  8.42s/ep, cand 566 | r0 pass 180/561 | episodes 
solved 180 | queue r0 4433 reprompt 0 | verifying 1 | 10.4 s/proposal]
first proposals:  11%|ΓûêΓûÅ        | 568/5000 [1:40:29<17:47:27, 14.45s/ep, cand 567 | r0 pass 180/562 | episodes 
solved 180 | queue r0 4432 reprompt 0 | verifying 1 | 10.5 s/proposal]
first proposals:  11%|ΓûêΓûÅ        | 569/5000 [1:40:42<17:21:42, 14.11s/ep, cand 568 | r0 pass 181/563 | episodes 
solved 181 | queue r0 4429 reprompt 0 | verifying 3 | 10.6 s/proposal]
first proposals:  11%|ΓûêΓûÅ        | 571/5000 [1:40:52<12:59:09, 10.56s/ep, cand 570 | r0 pass 183/565 | episodes 
solved 183 | queue r0 4428 reprompt 0 | verifying 2 | 10.6 s/proposal]
first proposals:  11%|ΓûêΓûÅ        | 573/5000 [1:41:30<16:44:54, 13.62s/ep, cand 572 | r0 pass 184/567 | episodes 
solved 184 | queue r0 4427 reprompt 0 | verifying 1 | 10.6 s/proposal]
first proposals:  11%|ΓûêΓûÅ        | 574/5000 [1:41:54<19:19:40, 15.72s/ep, cand 573 | r0 pass 184/568 | episodes 
solved 184 | queue r0 4424 reprompt 0 | verifying 3 | 10.7 s/proposal]
first proposals:  12%|ΓûêΓûÅ        | 576/5000 [1:42:16<17:03:55, 13.89s/ep, cand 575 | r0 pass 184/570 | episodes 
solved 184 | queue r0 4422 reprompt 0 | verifying 3 | 10.8 s/proposal]
first proposals:  12%|ΓûêΓûÅ        | 579/5000 [1:42:24<11:00:29,  8.96s/ep, cand 578 | r0 pass 185/573 | episodes 
solved 185 | queue r0 4420 reprompt 0 | verifying 2 | 10.9 s/proposal]
first proposals:  12%|ΓûêΓûÅ        | 579/5000 [1:42:34<11:00:29,  8.96s/ep, cand 579 | r0 pass 185/574 | episodes 
solved 185 | queue r0 4419 reprompt 0 | verifying 2 | 10.9 s/proposal]
first proposals:  12%|ΓûêΓûÅ        | 580/5000 [1:42:45<13:31:56, 11.02s/ep, cand 579 | r0 pass 185/574 | episodes 
solved 185 | queue r0 4419 reprompt 0 | verifying 2 | 10.9 s/proposal]
first proposals:  12%|ΓûêΓûÅ        | 581/5000 [1:42:59<14:15:38, 11.62s/ep, cand 580 | r0 pass 186/575 | episodes 
solved 186 | queue r0 4417 reprompt 0 | verifying 3 | 10.9 s/proposal]
first proposals:  12%|ΓûêΓûÅ        | 582/5000 [1:43:09<13:51:42, 11.30s/ep, cand 581 | r0 pass 186/576 | episodes 
solved 186 | queue r0 4416 reprompt 0 | verifying 3 | 11.0 s/proposal]
first proposals:  12%|ΓûêΓûÅ        | 584/5000 [1:43:31<13:43:18, 11.19s/ep, cand 583 | r0 pass 186/578 | episodes 
solved 186 | queue r0 4415 reprompt 0 | verifying 2 | 11.0 s/proposal]
first proposals:  12%|ΓûêΓûÅ        | 585/5000 [1:43:43<13:52:46, 11.32s/ep, cand 584 | r0 pass 187/579 | episodes 
solved 187 | queue r0 4413 reprompt 0 | verifying 3 | 11.0 s/proposal]
first proposals:  12%|ΓûêΓûÅ        | 586/5000 [1:43:59<15:17:18, 12.47s/ep, cand 585 | r0 pass 188/580 | episodes 
solved 188 | queue r0 4412 reprompt 0 | verifying 3 | 11.0 s/proposal]
first proposals:  12%|ΓûêΓûÅ        | 588/5000 [1:44:11<11:58:41,  9.77s/ep, cand 587 | r0 pass 189/582 | episodes 
solved 189 | queue r0 4411 reprompt 0 | verifying 2 | 11.1 s/proposal]
first proposals:  12%|ΓûêΓûÅ        | 589/5000 [1:44:22<12:29:47, 10.20s/ep, cand 588 | r0 pass 190/583 | episodes 
solved 190 | queue r0 4410 reprompt 0 | verifying 2 | 11.0 s/proposal]
first proposals:  12%|ΓûêΓûÅ        | 590/5000 [1:44:35<13:09:41, 10.74s/ep, cand 589 | r0 pass 190/584 | episodes 
solved 190 | queue r0 4409 reprompt 0 | verifying 2 | 11.0 s/proposal]
first proposals:  12%|ΓûêΓûÅ        | 591/5000 [1:44:54<15:53:58, 12.98s/ep, cand 590 | r0 pass 190/585 | episodes 
solved 190 | queue r0 4408 reprompt 0 | verifying 2 | 11.1 s/proposal]
first proposals:  12%|ΓûêΓûÅ        | 592/5000 [1:45:09<16:28:08, 13.45s/ep, cand 591 | r0 pass 190/586 | episodes 
solved 190 | queue r0 4406 reprompt 0 | verifying 3 | 11.1 s/proposal]
first proposals:  12%|ΓûêΓûÅ        | 593/5000 [1:45:21<15:49:51, 12.93s/ep, cand 592 | r0 pass 190/587 | episodes 
solved 190 | queue r0 4405 reprompt 0 | verifying 3 | 11.2 s/proposal]
first proposals:  12%|ΓûêΓûÅ        | 595/5000 [1:45:31<11:35:04,  9.47s/ep, cand 594 | r0 pass 191/589 | episodes 
solved 191 | queue r0 4404 reprompt 0 | verifying 2 | 11.3 s/proposal]
first proposals:  12%|ΓûêΓûÅ        | 596/5000 [1:45:42<12:12:18,  9.98s/ep, cand 595 | r0 pass 191/590 | episodes 
solved 191 | queue r0 4403 reprompt 0 | verifying 2 | 11.3 s/proposal]
first proposals:  12%|ΓûêΓûÅ        | 597/5000 [1:45:53<12:23:28, 10.13s/ep, cand 596 | r0 pass 192/591 | episodes 
solved 192 | queue r0 4402 reprompt 0 | verifying 2 | 11.3 s/proposal]
first proposals:  12%|ΓûêΓûÅ        | 598/5000 [1:46:16<16:41:59, 13.66s/ep, cand 597 | r0 pass 192/592 | episodes 
solved 192 | queue r0 4401 reprompt 0 | verifying 2 | 11.3 s/proposal]
first proposals:  12%|ΓûêΓûÅ        | 600/5000 [1:46:27<12:12:19,  9.99s/ep, cand 599 | r0 pass 194/594 | episodes 
solved 194 | queue r0 4399 reprompt 0 | verifying 2 | 11.5 s/proposal]
first proposals:  12%|ΓûêΓûÅ        | 601/5000 [1:46:38<12:38:24, 10.34s/ep, cand 600 | r0 pass 194/595 | episodes 
solved 194 | queue r0 4398 reprompt 0 | verifying 2 | 11.5 s/proposal]
first proposals:  12%|ΓûêΓûÅ        | 602/5000 [1:46:48<12:37:12, 10.33s/ep, cand 601 | r0 pass 194/596 | episodes 
solved 194 | queue r0 4397 reprompt 0 | verifying 2 | 11.6 s/proposal]
first proposals:  12%|ΓûêΓûÅ        | 603/5000 [1:46:57<12:08:15,  9.94s/ep, cand 602 | r0 pass 194/597 | episodes 
solved 194 | queue r0 4396 reprompt 0 | verifying 2 | 11.7 s/proposal]
first proposals:  12%|ΓûêΓûÅ        | 605/5000 [1:47:17<12:04:56,  9.90s/ep, cand 604 | r0 pass 194/599 | episodes 
solved 194 | queue r0 4395 reprompt 0 | verifying 1 | 11.6 s/proposal]
first proposals:  12%|ΓûêΓûÅ        | 606/5000 [1:47:39<15:27:49, 12.67s/ep, cand 605 | r0 pass 195/600 | episodes 
solved 195 | queue r0 4393 reprompt 0 | verifying 2 | 11.5 s/proposal]
first proposals:  12%|ΓûêΓûÅ        | 607/5000 [1:47:50<15:06:33, 12.38s/ep, cand 606 | r0 pass 195/601 | episodes 
solved 195 | queue r0 4391 reprompt 0 | verifying 3 | 11.5 s/proposal]
first proposals:  12%|ΓûêΓûÅ        | 608/5000 [1:48:01<14:47:10, 12.12s/ep, cand 607 | r0 pass 195/602 | episodes 
solved 195 | queue r0 4390 reprompt 0 | verifying 3 | 11.5 s/proposal]
first proposals:  12%|ΓûêΓûÅ        | 610/5000 [1:48:21<13:33:50, 11.12s/ep, cand 609 | r0 pass 196/604 | episodes 
solved 196 | queue r0 4389 reprompt 0 | verifying 2 | 11.4 s/proposal]
first proposals:  12%|ΓûêΓûÅ        | 612/5000 [1:48:42<13:20:14, 10.94s/ep, cand 611 | r0 pass 197/606 | episodes 
solved 197 | queue r0 4387 reprompt 0 | verifying 2 | 11.2 s/proposal]
first proposals:  12%|ΓûêΓûÅ        | 614/5000 [1:49:07<13:49:51, 11.35s/ep, cand 613 | r0 pass 198/608 | episodes 
solved 198 | queue r0 4385 reprompt 0 | verifying 2 | 11.2 s/proposal]
first proposals:  12%|ΓûêΓûÅ        | 615/5000 [1:49:21<14:27:36, 11.87s/ep, cand 614 | r0 pass 198/609 | episodes 
solved 198 | queue r0 4383 reprompt 0 | verifying 3 | 11.3 s/proposal]
first proposals:  12%|ΓûêΓûÅ        | 617/5000 [1:49:33<11:58:29,  9.84s/ep, cand 616 | r0 pass 199/611 | episodes 
solved 199 | queue r0 4382 reprompt 0 | verifying 2 | 11.3 s/proposal]
first proposals:  12%|ΓûêΓûÅ        | 618/5000 [1:49:47<12:57:04, 10.64s/ep, cand 617 | r0 pass 199/612 | episodes 
solved 199 | queue r0 4381 reprompt 0 | verifying 2 | 11.3 s/proposal]
first proposals:  12%|ΓûêΓûÅ        | 619/5000 [1:49:57<12:56:25, 10.63s/ep, cand 618 | r0 pass 199/613 | episodes 
solved 199 | queue r0 4380 reprompt 0 | verifying 2 | 11.3 s/proposal]
first proposals:  12%|ΓûêΓûÅ        | 620/5000 [1:50:19<16:10:34, 13.30s/ep, cand 619 | r0 pass 199/614 | episodes 
solved 199 | queue r0 4379 reprompt 0 | verifying 2 | 11.3 s/proposal]
first proposals:  12%|ΓûêΓûÅ        | 622/5000 [1:50:28<11:45:00,  9.66s/ep, cand 621 | r0 pass 200/616 | episodes 
solved 200 | queue r0 4377 reprompt 0 | verifying 2 | 11.3 s/proposal]
first proposals:  12%|ΓûêΓûÅ        | 623/5000 [1:50:39<12:01:54,  9.90s/ep, cand 622 | r0 pass 201/617 | episodes 
solved 201 | queue r0 4376 reprompt 0 | verifying 2 | 11.2 s/proposal]
first proposals:  12%|ΓûêΓûÅ        | 624/5000 [1:51:02<16:11:00, 13.31s/ep, cand 623 | r0 pass 202/618 | episodes 
solved 202 | queue r0 4375 reprompt 0 | verifying 2 | 11.2 s/proposal]
first proposals:  13%|ΓûêΓûÄ        | 626/5000 [1:51:15<12:46:25, 10.51s/ep, cand 625 | r0 pass 202/620 | episodes 
solved 202 | queue r0 4373 reprompt 0 | verifying 2 | 11.2 s/proposal]
first proposals:  13%|ΓûêΓûÄ        | 627/5000 [1:51:26<12:40:43, 10.44s/ep, cand 626 | r0 pass 203/621 | episodes 
solved 203 | queue r0 4372 reprompt 0 | verifying 2 | 11.2 s/proposal]
first proposals:  13%|ΓûêΓûÄ        | 628/5000 [1:51:37<13:02:41, 10.74s/ep, cand 627 | r0 pass 204/622 | episodes 
solved 204 | queue r0 4371 reprompt 0 | verifying 2 | 11.2 s/proposal]
first proposals:  13%|ΓûêΓûÄ        | 629/5000 [1:51:50<13:42:51, 11.30s/ep, cand 628 | r0 pass 204/623 | episodes 
solved 204 | queue r0 4370 reprompt 0 | verifying 2 | 11.2 s/proposal]
first proposals:  13%|ΓûêΓûÄ        | 630/5000 [1:52:01<13:32:49, 11.16s/ep, cand 629 | r0 pass 204/624 | episodes 
solved 204 | queue r0 4369 reprompt 0 | verifying 2 | 11.3 s/proposal]
first proposals:  13%|ΓûêΓûÄ        | 631/5000 [1:52:10<12:57:34, 10.68s/ep, cand 630 | r0 pass 204/625 | episodes 
solved 204 | queue r0 4368 reprompt 0 | verifying 2 | 11.3 s/proposal]
first proposals:  13%|ΓûêΓûÄ        | 633/5000 [1:52:33<13:21:50, 11.02s/ep, cand 632 | r0 pass 204/627 | episodes 
solved 204 | queue r0 4367 reprompt 0 | verifying 1 | 11.3 s/proposal]
first proposals:  13%|ΓûêΓûÄ        | 634/5000 [1:52:44<13:20:21, 11.00s/ep, cand 633 | r0 pass 204/628 | episodes 
solved 204 | queue r0 4365 reprompt 0 | verifying 2 | 11.2 s/proposal]
first proposals:  13%|ΓûêΓûÄ        | 635/5000 [1:52:54<12:50:55, 10.60s/ep, cand 634 | r0 pass 204/629 | episodes 
solved 204 | queue r0 4364 reprompt 0 | verifying 2 | 11.2 s/proposal]
first proposals:  13%|ΓûêΓûÄ        | 636/5000 [1:53:06<13:33:46, 11.19s/ep, cand 635 | r0 pass 204/630 | episodes 
solved 204 | queue r0 4363 reprompt 0 | verifying 2 | 11.2 s/proposal]
first proposals:  13%|ΓûêΓûÄ        | 637/5000 [1:53:18<13:48:55, 11.40s/ep, cand 636 | r0 pass 204/631 | episodes 
solved 204 | queue r0 4362 reprompt 0 | verifying 2 | 11.2 s/proposal]
first proposals:  13%|ΓûêΓûÄ        | 638/5000 [1:53:43<18:21:40, 15.15s/ep, cand 637 | r0 pass 204/632 | episodes 
solved 204 | queue r0 4361 reprompt 0 | verifying 2 | 11.1 s/proposal]
first proposals:  13%|ΓûêΓûÄ        | 639/5000 [1:53:53<16:27:51, 13.59s/ep, cand 638 | r0 pass 204/633 | episodes 
solved 204 | queue r0 4359 reprompt 0 | verifying 3 | 11.2 s/proposal]
first proposals:  13%|ΓûêΓûÄ        | 640/5000 [1:54:05<16:04:16, 13.27s/ep, cand 639 | r0 pass 205/634 | episodes 
solved 205 | queue r0 4358 reprompt 0 | verifying 3 | 11.1 s/proposal]
first proposals:  13%|ΓûêΓûÄ        | 642/5000 [1:54:17<12:04:08,  9.97s/ep, cand 641 | r0 pass 205/636 | episodes 
solved 205 | queue r0 4357 reprompt 0 | verifying 2 | 11.2 s/proposal]
first proposals:  13%|ΓûêΓûÄ        | 643/5000 [1:54:42<16:18:34, 13.48s/ep, cand 642 | r0 pass 206/637 | episodes 
solved 206 | queue r0 4356 reprompt 0 | verifying 2 | 11.2 s/proposal]
first proposals:  13%|ΓûêΓûÄ        | 644/5000 [1:54:55<16:12:21, 13.39s/ep, cand 643 | r0 pass 207/638 | episodes 
solved 207 | queue r0 4354 reprompt 0 | verifying 3 | 11.2 s/proposal]
first proposals:  13%|ΓûêΓûÄ        | 645/5000 [1:55:06<15:24:55, 12.74s/ep, cand 644 | r0 pass 208/639 | episodes 
solved 208 | queue r0 4353 reprompt 0 | verifying 3 | 11.2 s/proposal]
first proposals:  13%|ΓûêΓûÄ        | 646/5000 [1:55:19<15:40:38, 12.96s/ep, cand 645 | r0 pass 208/640 | episodes 
solved 208 | queue r0 4352 reprompt 0 | verifying 3 | 11.2 s/proposal]
first proposals:  13%|ΓûêΓûÄ        | 648/5000 [1:55:30<11:40:33,  9.66s/ep, cand 647 | r0 pass 209/642 | episodes 
solved 209 | queue r0 4351 reprompt 0 | verifying 2 | 11.3 s/proposal]
first proposals:  13%|ΓûêΓûÄ        | 649/5000 [1:55:39<11:25:00,  9.45s/ep, cand 648 | r0 pass 209/643 | episodes 
solved 209 | queue r0 4350 reprompt 0 | verifying 2 | 11.3 s/proposal]
first proposals:  13%|ΓûêΓûÄ        | 650/5000 [1:55:50<11:43:56,  9.71s/ep, cand 649 | r0 pass 209/644 | episodes 
solved 209 | queue r0 4349 reprompt 0 | verifying 2 | 11.2 s/proposal]
first proposals:  13%|ΓûêΓûÄ        | 651/5000 [1:56:02<12:31:55, 10.37s/ep, cand 650 | r0 pass 209/645 | episodes 
solved 209 | queue r0 4348 reprompt 0 | verifying 2 | 11.2 s/proposal]
first proposals:  13%|ΓûêΓûÄ        | 652/5000 [1:56:14<13:02:02, 10.79s/ep, cand 651 | r0 pass 210/646 | episodes 
solved 210 | queue r0 4347 reprompt 0 | verifying 2 | 11.2 s/proposal]
first proposals:  13%|ΓûêΓûÄ        | 653/5000 [1:56:39<18:10:30, 15.05s/ep, cand 652 | r0 pass 211/647 | episodes 
solved 211 | queue r0 4346 reprompt 0 | verifying 2 | 11.3 s/proposal]
first proposals:  13%|ΓûêΓûÄ        | 655/5000 [1:56:59<15:20:54, 12.72s/ep, cand 654 | r0 pass 213/649 | episodes 
solved 213 | queue r0 4344 reprompt 0 | verifying 2 | 11.4 s/proposal]
first proposals:  13%|ΓûêΓûÄ        | 657/5000 [1:57:25<15:31:45, 12.87s/ep, cand 656 | r0 pass 214/651 | episodes 
solved 214 | queue r0 4342 reprompt 0 | verifying 2 | 11.4 s/proposal]
first proposals:  13%|ΓûêΓûÄ        | 659/5000 [1:57:37<12:23:10, 10.27s/ep, cand 658 | r0 pass 214/653 | episodes 
solved 214 | queue r0 4340 reprompt 0 | verifying 2 | 11.5 s/proposal]
first proposals:  13%|ΓûêΓûÄ        | 660/5000 [1:58:03<16:21:59, 13.58s/ep, cand 659 | r0 pass 214/654 | episodes 
solved 214 | queue r0 4339 reprompt 0 | verifying 2 | 11.5 s/proposal]
first proposals:  13%|ΓûêΓûÄ        | 661/5000 [1:58:14<15:33:38, 12.91s/ep, cand 660 | r0 pass 214/655 | episodes 
solved 214 | queue r0 4337 reprompt 0 | verifying 3 | 11.6 s/proposal]
first proposals:  13%|ΓûêΓûÄ        | 663/5000 [1:58:51<18:16:10, 15.16s/ep, cand 662 | r0 pass 214/657 | episodes 
solved 214 | queue r0 4336 reprompt 0 | verifying 2 | 11.6 s/proposal]
first proposals:  13%|ΓûêΓûÄ        | 666/5000 [1:59:10<13:25:46, 11.16s/ep, cand 665 | r0 pass 215/659 | episodes 
solved 215 | queue r0 4335 reprompt 0 | verifying 0 | 12.1 s/proposal]
first proposals:  13%|ΓûêΓûÄ        | 667/5000 [1:59:33<16:01:28, 13.31s/ep, cand 666 | r0 pass 215/660 | episodes 
solved 215 | queue r0 4333 reprompt 0 | verifying 1 | 12.0 s/proposal]
first proposals:  13%|ΓûêΓûÄ        | 668/5000 [1:59:46<15:50:48, 13.17s/ep, cand 667 | r0 pass 215/661 | episodes 
solved 215 | queue r0 4331 reprompt 0 | verifying 2 | 12.0 s/proposal]
first proposals:  13%|ΓûêΓûÄ        | 669/5000 [1:59:59<15:47:39, 13.13s/ep, cand 668 | r0 pass 216/662 | episodes 
solved 216 | queue r0 4330 reprompt 0 | verifying 2 | 11.9 s/proposal]
first proposals:  13%|ΓûêΓûÄ        | 670/5000 [2:00:26<19:53:23, 16.54s/ep, cand 669 | r0 pass 217/663 | episodes 
solved 217 | queue r0 4329 reprompt 0 | verifying 2 | 12.0 s/proposal]
first proposals:  13%|ΓûêΓûÄ        | 671/5000 [2:00:41<19:28:36, 16.20s/ep, cand 670 | r0 pass 217/664 | episodes 
solved 217 | queue r0 4327 reprompt 0 | verifying 3 | 12.1 s/proposal]
first proposals:  13%|ΓûêΓûÄ        | 674/5000 [2:01:13<15:54:07, 13.23s/ep, cand 673 | r0 pass 218/667 | episodes 
solved 218 | queue r0 4326 reprompt 0 | verifying 1 | 12.2 s/proposal]
first proposals:  14%|ΓûêΓûÄ        | 676/5000 [2:01:36<15:08:59, 12.61s/ep, cand 675 | r0 pass 219/669 | episodes 
solved 219 | queue r0 4323 reprompt 0 | verifying 2 | 12.2 s/proposal]
first proposals:  14%|ΓûêΓûÄ        | 677/5000 [2:01:45<14:22:53, 11.98s/ep, cand 676 | r0 pass 220/670 | episodes 
solved 220 | queue r0 4321 reprompt 0 | verifying 3 | 12.2 s/proposal]
first proposals:  14%|ΓûêΓûÄ        | 679/5000 [2:01:57<11:55:18,  9.93s/ep, cand 678 | r0 pass 222/672 | episodes 
solved 222 | queue r0 4320 reprompt 0 | verifying 2 | 12.1 s/proposal]
first proposals:  14%|ΓûêΓûÄ        | 680/5000 [2:02:18<14:32:55, 12.12s/ep, cand 679 | r0 pass 223/673 | episodes 
solved 223 | queue r0 4319 reprompt 0 | verifying 2 | 12.1 s/proposal]
first proposals:  14%|ΓûêΓûÄ        | 681/5000 [2:02:30<14:25:01, 12.02s/ep, cand 680 | r0 pass 224/674 | episodes 
solved 224 | queue r0 4317 reprompt 0 | verifying 3 | 12.1 s/proposal]
first proposals:  14%|ΓûêΓûÄ        | 683/5000 [2:02:55<14:46:07, 12.32s/ep, cand 682 | r0 pass 226/676 | episodes 
solved 226 | queue r0 4316 reprompt 0 | verifying 2 | 12.1 s/proposal]
first proposals:  14%|ΓûêΓûÄ        | 684/5000 [2:03:08<14:45:51, 12.31s/ep, cand 683 | r0 pass 226/677 | episodes 
solved 226 | queue r0 4314 reprompt 0 | verifying 3 | 12.2 s/proposal]
first proposals:  14%|ΓûêΓûÄ        | 686/5000 [2:03:21<12:05:29, 10.09s/ep, cand 685 | r0 pass 227/679 | episodes 
solved 227 | queue r0 4313 reprompt 0 | verifying 2 | 12.2 s/proposal]
first proposals:  14%|ΓûêΓûÄ        | 687/5000 [2:03:41<14:47:31, 12.35s/ep, cand 686 | r0 pass 227/680 | episodes 
solved 227 | queue r0 4312 reprompt 0 | verifying 2 | 12.2 s/proposal]
first proposals:  14%|ΓûêΓûì        | 688/5000 [2:04:03<17:16:56, 14.43s/ep, cand 687 | r0 pass 227/681 | episodes 
solved 227 | queue r0 4310 reprompt 0 | verifying 3 | 12.2 s/proposal]
first proposals:  14%|ΓûêΓûì        | 690/5000 [2:04:26<15:50:49, 13.24s/ep, cand 689 | r0 pass 227/683 | episodes 
solved 227 | queue r0 4308 reprompt 0 | verifying 3 | 12.2 s/proposal]
first proposals:  14%|ΓûêΓûì        | 692/5000 [2:04:35<12:11:08, 10.18s/ep, cand 691 | r0 pass 228/685 | episodes 
solved 228 | queue r0 4306 reprompt 0 | verifying 3 | 12.1 s/proposal]
first proposals:  14%|ΓûêΓûì        | 694/5000 [2:04:48<10:39:07,  8.91s/ep, cand 693 | r0 pass 229/687 | episodes 
solved 229 | queue r0 4305 reprompt 0 | verifying 2 | 12.1 s/proposal]
first proposals:  14%|ΓûêΓûì        | 695/5000 [2:05:04<12:10:58, 10.19s/ep, cand 694 | r0 pass 229/688 | episodes 
solved 229 | queue r0 4304 reprompt 0 | verifying 2 | 12.1 s/proposal]
first proposals:  14%|ΓûêΓûì        | 697/5000 [2:05:22<11:48:25,  9.88s/ep, cand 696 | r0 pass 230/690 | episodes 
solved 230 | queue r0 4303 reprompt 0 | verifying 1 | 12.1 s/proposal]
first proposals:  14%|ΓûêΓûì        | 698/5000 [2:05:32<11:50:12,  9.91s/ep, cand 697 | r0 pass 230/691 | episodes 
solved 230 | queue r0 4301 reprompt 0 | verifying 2 | 12.0 s/proposal]
first proposals:  14%|ΓûêΓûì        | 699/5000 [2:05:46<12:55:17, 10.82s/ep, cand 698 | r0 pass 230/692 | episodes 
solved 230 | queue r0 4300 reprompt 0 | verifying 2 | 12.0 s/proposal]
first proposals:  14%|ΓûêΓûì        | 700/5000 [2:05:57<13:00:02, 10.88s/ep, cand 699 | r0 pass 230/693 | episodes 
solved 230 | queue r0 4299 reprompt 0 | verifying 2 | 12.1 s/proposal]
first proposals:  14%|ΓûêΓûì        | 701/5000 [2:06:21<17:03:30, 14.28s/ep, cand 700 | r0 pass 230/694 | episodes 
solved 230 | queue r0 4298 reprompt 0 | verifying 2 | 12.1 s/proposal]
first proposals:  14%|ΓûêΓûì        | 702/5000 [2:06:30<15:22:13, 12.87s/ep, cand 701 | r0 pass 230/695 | episodes 
solved 230 | queue r0 4296 reprompt 0 | verifying 3 | 12.1 s/proposal]
first proposals:  14%|ΓûêΓûì        | 703/5000 [2:06:40<14:17:20, 11.97s/ep, cand 702 | r0 pass 230/696 | episodes 
solved 230 | queue r0 4295 reprompt 0 | verifying 3 | 12.1 s/proposal]
first proposals:  14%|ΓûêΓûì        | 704/5000 [2:06:52<14:27:39, 12.12s/ep, cand 703 | r0 pass 230/697 | episodes 
solved 230 | queue r0 4294 reprompt 0 | verifying 3 | 12.0 s/proposal]
first proposals:  14%|ΓûêΓûì        | 705/5000 [2:07:16<18:21:10, 15.38s/ep, cand 704 | r0 pass 231/698 | episodes 
solved 231 | queue r0 4293 reprompt 0 | verifying 3 | 12.0 s/proposal]
first proposals:  14%|ΓûêΓûì        | 707/5000 [2:07:25<12:30:38, 10.49s/ep, cand 706 | r0 pass 232/700 | episodes 
solved 232 | queue r0 4291 reprompt 0 | verifying 3 | 12.1 s/proposal]
first proposals:  14%|ΓûêΓûì        | 708/5000 [2:07:36<12:37:44, 10.59s/ep, cand 707 | r0 pass 232/701 | episodes 
solved 232 | queue r0 4290 reprompt 0 | verifying 3 | 12.0 s/proposal]
first proposals:  14%|ΓûêΓûì        | 709/5000 [2:08:03<17:35:09, 14.75s/ep, cand 708 | r0 pass 232/702 | episodes 
solved 232 | queue r0 4289 reprompt 0 | verifying 3 | 11.9 s/proposal]
first proposals:  14%|ΓûêΓûì        | 710/5000 [2:08:15<16:45:11, 14.06s/ep, cand 709 | r0 pass 232/703 | episodes 
solved 232 | queue r0 4287 reprompt 0 | verifying 4 | 11.9 s/proposal]
first proposals:  14%|ΓûêΓûì        | 713/5000 [2:08:26<10:12:00,  8.57s/ep, cand 712 | r0 pass 233/706 | episodes 
solved 233 | queue r0 4286 reprompt 0 | verifying 2 | 12.0 s/proposal]
first proposals:  14%|ΓûêΓûì        | 713/5000 [2:08:43<10:12:00,  8.57s/ep, cand 713 | r0 pass 234/707 | episodes 
solved 234 | queue r0 4285 reprompt 0 | verifying 2 | 11.5 s/proposal]
first proposals:  14%|ΓûêΓûì        | 714/5000 [2:08:49<13:37:12, 11.44s/ep, cand 713 | r0 pass 234/707 | episodes 
solved 234 | queue r0 4285 reprompt 0 | verifying 2 | 11.5 s/proposal]
first proposals:  14%|ΓûêΓûì        | 716/5000 [2:09:00<10:56:35,  9.20s/ep, cand 715 | r0 pass 234/709 | episodes 
solved 234 | queue r0 4283 reprompt 0 | verifying 2 | 11.5 s/proposal]
first proposals:  14%|ΓûêΓûì        | 717/5000 [2:09:13<11:51:45,  9.97s/ep, cand 716 | r0 pass 234/710 | episodes 
solved 234 | queue r0 4282 reprompt 0 | verifying 2 | 11.6 s/proposal]
first proposals:  14%|ΓûêΓûì        | 718/5000 [2:09:22<11:44:14,  9.87s/ep, cand 717 | r0 pass 234/711 | episodes 
solved 234 | queue r0 4281 reprompt 0 | verifying 2 | 11.5 s/proposal]
first proposals:  14%|ΓûêΓûì        | 719/5000 [2:09:46<15:46:15, 13.26s/ep, cand 718 | r0 pass 235/712 | episodes 
solved 235 | queue r0 4280 reprompt 0 | verifying 2 | 11.5 s/proposal]
first proposals:  14%|ΓûêΓûì        | 721/5000 [2:10:09<15:02:16, 12.65s/ep, cand 720 | r0 pass 236/714 | episodes 
solved 236 | queue r0 4278 reprompt 0 | verifying 2 | 11.4 s/proposal]
first proposals:  14%|ΓûêΓûì        | 722/5000 [2:10:21<14:50:41, 12.49s/ep, cand 721 | r0 pass 237/715 | episodes 
solved 237 | queue r0 4276 reprompt 0 | verifying 3 | 11.3 s/proposal]
first proposals:  14%|ΓûêΓûì        | 723/5000 [2:10:31<13:57:41, 11.75s/ep, cand 722 | r0 pass 237/716 | episodes 
solved 237 | queue r0 4275 reprompt 0 | verifying 3 | 11.3 s/proposal]
first proposals:  14%|ΓûêΓûì        | 725/5000 [2:10:50<13:01:30, 10.97s/ep, cand 724 | r0 pass 237/718 | episodes 
solved 237 | queue r0 4274 reprompt 0 | verifying 2 | 11.3 s/proposal]
first proposals:  15%|ΓûêΓûì        | 726/5000 [2:11:02<13:06:44, 11.04s/ep, cand 725 | r0 pass 237/719 | episodes 
solved 237 | queue r0 4272 reprompt 0 | verifying 3 | 11.2 s/proposal]
first proposals:  15%|ΓûêΓûì        | 729/5000 [2:11:30<12:14:57, 10.32s/ep, cand 728 | r0 pass 238/722 | episodes 
solved 238 | queue r0 4271 reprompt 0 | verifying 1 | 11.3 s/proposal]
first proposals:  15%|ΓûêΓûì        | 730/5000 [2:11:40<12:10:15, 10.26s/ep, cand 729 | r0 pass 238/723 | episodes 
solved 238 | queue r0 4269 reprompt 0 | verifying 2 | 11.4 s/proposal]
first proposals:  15%|ΓûêΓûì        | 731/5000 [2:12:01<14:39:30, 12.36s/ep, cand 730 | r0 pass 239/724 | episodes 
solved 239 | queue r0 4268 reprompt 0 | verifying 2 | 11.4 s/proposal]
first proposals:  15%|ΓûêΓûì        | 733/5000 [2:12:24<14:15:59, 12.04s/ep, cand 732 | r0 pass 239/726 | episodes 
solved 239 | queue r0 4266 reprompt 0 | verifying 2 | 11.4 s/proposal]
first proposals:  15%|ΓûêΓûì        | 734/5000 [2:12:34<13:47:56, 11.64s/ep, cand 733 | r0 pass 239/727 | episodes 
solved 239 | queue r0 4264 reprompt 0 | verifying 3 | 11.3 s/proposal]
first proposals:  15%|ΓûêΓûì        | 735/5000 [2:12:52<15:36:33, 13.18s/ep, cand 734 | r0 pass 240/728 | episodes 
solved 240 | queue r0 4263 reprompt 0 | verifying 3 | 11.3 s/proposal]
first proposals:  15%|ΓûêΓûì        | 737/5000 [2:13:03<12:02:36, 10.17s/ep, cand 736 | r0 pass 242/730 | episodes 
solved 242 | queue r0 4262 reprompt 0 | verifying 2 | 11.4 s/proposal]
first proposals:  15%|ΓûêΓûì        | 739/5000 [2:13:26<12:31:47, 10.59s/ep, cand 738 | r0 pass 243/732 | episodes 
solved 243 | queue r0 4261 reprompt 0 | verifying 1 | 11.4 s/proposal]
first proposals:  15%|ΓûêΓûì        | 741/5000 [2:14:01<15:15:08, 12.89s/ep, cand 740 | r0 pass 244/734 | episodes 
solved 244 | queue r0 4259 reprompt 0 | verifying 1 | 11.5 s/proposal]
first proposals:  15%|ΓûêΓûì        | 743/5000 [2:14:17<13:29:26, 11.41s/ep, cand 742 | r0 pass 246/736 | episodes 
solved 246 | queue r0 4256 reprompt 0 | verifying 2 | 11.5 s/proposal]
first proposals:  15%|ΓûêΓûì        | 744/5000 [2:14:39<15:49:10, 13.38s/ep, cand 743 | r0 pass 246/737 | episodes 
solved 246 | queue r0 4255 reprompt 0 | verifying 2 | 11.6 s/proposal]
first proposals:  15%|ΓûêΓûì        | 745/5000 [2:14:50<15:08:36, 12.81s/ep, cand 744 | r0 pass 246/738 | episodes 
solved 246 | queue r0 4253 reprompt 0 | verifying 3 | 11.5 s/proposal]
first proposals:  15%|ΓûêΓûì        | 746/5000 [2:15:00<14:24:39, 12.20s/ep, cand 745 | r0 pass 246/739 | episodes 
solved 246 | queue r0 4252 reprompt 0 | verifying 3 | 11.5 s/proposal]
first proposals:  15%|ΓûêΓûì        | 748/5000 [2:15:23<14:06:16, 11.94s/ep, cand 747 | r0 pass 247/741 | episodes 
solved 247 | queue r0 4251 reprompt 0 | verifying 2 | 11.5 s/proposal]
first proposals:  15%|ΓûêΓûì        | 749/5000 [2:15:59<20:19:38, 17.21s/ep, cand 748 | r0 pass 248/742 | episodes 
solved 248 | queue r0 4249 reprompt 0 | verifying 3 | 11.5 s/proposal]
first proposals:  15%|ΓûêΓûî        | 753/5000 [2:16:47<16:50:29, 14.28s/ep, cand 752 | r0 pass 249/745 | episodes 
solved 249 | queue r0 4248 reprompt 0 | verifying 0 | 12.0 s/proposal]
first proposals:  15%|ΓûêΓûî        | 756/5000 [2:16:59<12:19:41, 10.46s/ep, cand 755 | r0 pass 251/748 | episodes 
solved 251 | queue r0 4244 reprompt 0 | verifying 1 | 12.1 s/proposal]
first proposals:  15%|ΓûêΓûî        | 756/5000 [2:17:14<12:19:41, 10.46s/ep, cand 756 | r0 pass 251/749 | episodes 
solved 251 | queue r0 4243 reprompt 0 | verifying 1 | 12.1 s/proposal]
first proposals:  15%|ΓûêΓûî        | 757/5000 [2:17:35<16:49:35, 14.28s/ep, cand 756 | r0 pass 251/749 | episodes 
solved 251 | queue r0 4243 reprompt 0 | verifying 1 | 12.1 s/proposal]
first proposals:  15%|ΓûêΓûî        | 758/5000 [2:17:47<16:23:28, 13.91s/ep, cand 757 | r0 pass 251/750 | episodes 
solved 251 | queue r0 4240 reprompt 0 | verifying 3 | 12.1 s/proposal]
first proposals:  15%|ΓûêΓûî        | 759/5000 [2:18:00<16:12:18, 13.76s/ep, cand 758 | r0 pass 251/751 | episodes 
solved 251 | queue r0 4239 reprompt 0 | verifying 3 | 12.2 s/proposal]
first proposals:  15%|ΓûêΓûî        | 760/5000 [2:18:11<15:34:14, 13.22s/ep, cand 759 | r0 pass 252/752 | episodes 
solved 252 | queue r0 4238 reprompt 0 | verifying 3 | 12.2 s/proposal]
first proposals:  15%|ΓûêΓûî        | 762/5000 [2:18:35<14:52:21, 12.63s/ep, cand 761 | r0 pass 253/754 | episodes 
solved 253 | queue r0 4237 reprompt 0 | verifying 2 | 12.1 s/proposal]
first proposals:  15%|ΓûêΓûî        | 763/5000 [2:18:48<15:02:39, 12.78s/ep, cand 762 | r0 pass 253/755 | episodes 
solved 253 | queue r0 4235 reprompt 0 | verifying 3 | 12.1 s/proposal]
first proposals:  15%|ΓûêΓûî        | 764/5000 [2:19:03<15:33:41, 13.23s/ep, cand 763 | r0 pass 253/756 | episodes 
solved 253 | queue r0 4234 reprompt 0 | verifying 3 | 12.2 s/proposal]
first proposals:  15%|ΓûêΓûî        | 765/5000 [2:19:27<18:52:39, 16.05s/ep, cand 764 | r0 pass 254/757 | episodes 
solved 254 | queue r0 4233 reprompt 0 | verifying 3 | 12.2 s/proposal]
first proposals:  15%|ΓûêΓûî        | 767/5000 [2:19:41<14:25:59, 12.27s/ep, cand 766 | r0 pass 255/759 | episodes 
solved 255 | queue r0 4231 reprompt 0 | verifying 3 | 12.2 s/proposal]
first proposals:  15%|ΓûêΓûî        | 768/5000 [2:19:56<15:12:32, 12.94s/ep, cand 767 | r0 pass 256/760 | episodes 
solved 256 | queue r0 4230 reprompt 0 | verifying 3 | 12.3 s/proposal]
first proposals:  15%|ΓûêΓûî        | 770/5000 [2:20:08<11:50:36, 10.08s/ep, cand 769 | r0 pass 257/762 | episodes 
solved 257 | queue r0 4229 reprompt 0 | verifying 2 | 12.4 s/proposal]
first proposals:  15%|ΓûêΓûî        | 771/5000 [2:20:23<13:03:49, 11.12s/ep, cand 770 | r0 pass 258/763 | episodes 
solved 258 | queue r0 4228 reprompt 0 | verifying 2 | 12.4 s/proposal]
first proposals:  15%|ΓûêΓûî        | 772/5000 [2:20:54<18:48:35, 16.02s/ep, cand 771 | r0 pass 258/764 | episodes 
solved 258 | queue r0 4227 reprompt 0 | verifying 2 | 12.5 s/proposal]
first proposals:  16%|ΓûêΓûî        | 775/5000 [2:21:05<11:28:21,  9.78s/ep, cand 774 | r0 pass 258/767 | episodes 
solved 258 | queue r0 4225 reprompt 0 | verifying 1 | 12.6 s/proposal]
first proposals:  16%|ΓûêΓûî        | 775/5000 [2:21:16<11:28:21,  9.78s/ep, cand 775 | r0 pass 258/768 | episodes 
solved 258 | queue r0 4224 reprompt 0 | verifying 1 | 12.6 s/proposal]
first proposals:  16%|ΓûêΓûî        | 776/5000 [2:21:44<18:11:40, 15.51s/ep, cand 775 | r0 pass 258/768 | episodes 
solved 258 | queue r0 4224 reprompt 0 | verifying 1 | 12.6 s/proposal]
first proposals:  16%|ΓûêΓûî        | 778/5000 [2:22:08<16:33:14, 14.12s/ep, cand 777 | r0 pass 258/770 | episodes 
solved 258 | queue r0 4221 reprompt 0 | verifying 2 | 12.8 s/proposal]
first proposals:  16%|ΓûêΓûî        | 780/5000 [2:22:28<15:02:50, 12.84s/ep, cand 779 | r0 pass 260/772 | episodes 
solved 260 | queue r0 4219 reprompt 0 | verifying 2 | 12.7 s/proposal]
first proposals:  16%|ΓûêΓûî        | 781/5000 [2:22:49<16:50:14, 14.37s/ep, cand 780 | r0 pass 260/773 | episodes 
solved 260 | queue r0 4217 reprompt 0 | verifying 3 | 12.7 s/proposal]
first proposals:  16%|ΓûêΓûî        | 783/5000 [2:23:01<13:20:26, 11.39s/ep, cand 782 | r0 pass 260/775 | episodes 
solved 260 | queue r0 4215 reprompt 0 | verifying 3 | 12.7 s/proposal]
first proposals:  16%|ΓûêΓûî        | 784/5000 [2:23:15<13:59:21, 11.95s/ep, cand 783 | r0 pass 260/776 | episodes 
solved 260 | queue r0 4214 reprompt 0 | verifying 3 | 12.7 s/proposal]
first proposals:  16%|ΓûêΓûî        | 786/5000 [2:23:38<13:47:11, 11.78s/ep, cand 785 | r0 pass 260/778 | episodes 
solved 260 | queue r0 4213 reprompt 0 | verifying 2 | 12.8 s/proposal]
first proposals:  16%|ΓûêΓûî        | 787/5000 [2:23:50<13:47:35, 11.79s/ep, cand 786 | r0 pass 261/779 | episodes 
solved 261 | queue r0 4211 reprompt 0 | verifying 3 | 12.7 s/proposal]
first proposals:  16%|ΓûêΓûî        | 788/5000 [2:24:03<14:11:19, 12.13s/ep, cand 787 | r0 pass 261/780 | episodes 
solved 261 | queue r0 4210 reprompt 0 | verifying 3 | 12.7 s/proposal]
first proposals:  16%|ΓûêΓûî        | 789/5000 [2:24:17<14:40:22, 12.54s/ep, cand 788 | r0 pass 261/781 | episodes 
solved 261 | queue r0 4209 reprompt 0 | verifying 3 | 12.7 s/proposal]
first proposals:  16%|ΓûêΓûî        | 791/5000 [2:24:28<11:11:50,  9.58s/ep, cand 790 | r0 pass 261/783 | episodes 
solved 261 | queue r0 4208 reprompt 0 | verifying 2 | 12.8 s/proposal]
first proposals:  16%|ΓûêΓûî        | 792/5000 [2:24:52<15:08:16, 12.95s/ep, cand 791 | r0 pass 261/784 | episodes 
solved 261 | queue r0 4207 reprompt 0 | verifying 2 | 12.8 s/proposal]
first proposals:  16%|ΓûêΓûî        | 793/5000 [2:25:19<19:02:10, 16.29s/ep, cand 792 | r0 pass 261/785 | episodes 
solved 261 | queue r0 4205 reprompt 0 | verifying 3 | 12.7 s/proposal]
first proposals:  16%|ΓûêΓûî        | 795/5000 [2:25:33<14:38:37, 12.54s/ep, cand 794 | r0 pass 262/787 | episodes 
solved 262 | queue r0 4203 reprompt 0 | verifying 3 | 12.7 s/proposal]
first proposals:  16%|ΓûêΓûî        | 797/5000 [2:25:43<11:25:48,  9.79s/ep, cand 796 | r0 pass 263/789 | episodes 
solved 263 | queue r0 4202 reprompt 0 | verifying 2 | 12.8 s/proposal]
first proposals:  16%|ΓûêΓûî        | 798/5000 [2:25:56<12:06:14, 10.37s/ep, cand 797 | r0 pass 264/790 | episodes 
solved 264 | queue r0 4201 reprompt 0 | verifying 2 | 12.8 s/proposal]
first proposals:  16%|ΓûêΓûî        | 799/5000 [2:26:19<15:32:50, 13.32s/ep, cand 798 | r0 pass 264/791 | episodes 
solved 264 | queue r0 4200 reprompt 0 | verifying 2 | 12.8 s/proposal]
first proposals:  16%|ΓûêΓûî        | 800/5000 [2:26:40<17:42:11, 15.17s/ep, cand 799 | r0 pass 264/792 | episodes 
solved 264 | queue r0 4198 reprompt 0 | verifying 3 | 12.4 s/proposal]
first proposals:  16%|ΓûêΓûî        | 801/5000 [2:27:01<19:28:43, 16.70s/ep, cand 800 | r0 pass 265/793 | episodes 
solved 265 | queue r0 4196 reprompt 0 | verifying 4 | 12.4 s/proposal]
first proposals:  16%|ΓûêΓûî        | 804/5000 [2:27:10<11:05:54,  9.52s/ep, cand 803 | r0 pass 268/796 | episodes 
solved 268 | queue r0 4195 reprompt 0 | verifying 2 | 12.5 s/proposal]
first proposals:  16%|ΓûêΓûî        | 805/5000 [2:27:31<13:47:46, 11.84s/ep, cand 804 | r0 pass 269/797 | episodes 
solved 269 | queue r0 4194 reprompt 0 | verifying 2 | 12.4 s/proposal]
first proposals:  16%|ΓûêΓûî        | 807/5000 [2:27:53<13:19:13, 11.44s/ep, cand 806 | r0 pass 269/799 | episodes 
solved 269 | queue r0 4192 reprompt 0 | verifying 2 | 12.3 s/proposal]
first proposals:  16%|ΓûêΓûî        | 808/5000 [2:28:09<14:31:00, 12.47s/ep, cand 807 | r0 pass 269/800 | episodes 
solved 269 | queue r0 4190 reprompt 0 | verifying 3 | 12.3 s/proposal]
first proposals:  16%|ΓûêΓûî        | 810/5000 [2:28:32<14:00:12, 12.03s/ep, cand 809 | r0 pass 270/802 | episodes 
solved 270 | queue r0 4189 reprompt 0 | verifying 2 | 12.4 s/proposal]
first proposals:  16%|ΓûêΓûî        | 812/5000 [2:28:58<14:23:39, 12.37s/ep, cand 811 | r0 pass 271/804 | episodes 
solved 271 | queue r0 4187 reprompt 0 | verifying 2 | 12.4 s/proposal]
first proposals:  16%|ΓûêΓûï        | 814/5000 [2:29:24<14:37:30, 12.58s/ep, cand 813 | r0 pass 273/806 | episodes 
solved 273 | queue r0 4185 reprompt 0 | verifying 2 | 12.4 s/proposal]
first proposals:  16%|ΓûêΓûï        | 815/5000 [2:29:41<15:32:36, 13.37s/ep, cand 814 | r0 pass 274/807 | episodes 
solved 274 | queue r0 4183 reprompt 0 | verifying 3 | 12.4 s/proposal]
first proposals:  16%|ΓûêΓûï        | 817/5000 [2:29:56<13:12:16, 11.36s/ep, cand 816 | r0 pass 274/809 | episodes 
solved 274 | queue r0 4182 reprompt 0 | verifying 2 | 12.4 s/proposal]
first proposals:  16%|ΓûêΓûï        | 818/5000 [2:30:08<13:25:45, 11.56s/ep, cand 817 | r0 pass 274/810 | episodes 
solved 274 | queue r0 4181 reprompt 0 | verifying 2 | 12.5 s/proposal]
first proposals:  16%|ΓûêΓûï        | 819/5000 [2:30:31<16:15:43, 14.00s/ep, cand 818 | r0 pass 274/811 | episodes 
solved 274 | queue r0 4180 reprompt 0 | verifying 2 | 12.5 s/proposal]
first proposals:  16%|ΓûêΓûï        | 820/5000 [2:30:44<15:55:11, 13.71s/ep, cand 819 | r0 pass 275/812 | episodes 
solved 275 | queue r0 4178 reprompt 0 | verifying 3 | 12.4 s/proposal]
first proposals:  16%|ΓûêΓûï        | 822/5000 [2:30:52<11:28:49,  9.89s/ep, cand 821 | r0 pass 277/814 | episodes 
solved 277 | queue r0 4177 reprompt 0 | verifying 2 | 12.4 s/proposal]
first proposals:  16%|ΓûêΓûï        | 823/5000 [2:31:05<12:12:08, 10.52s/ep, cand 822 | r0 pass 277/815 | episodes 
solved 277 | queue r0 4176 reprompt 0 | verifying 2 | 12.2 s/proposal]
first proposals:  16%|ΓûêΓûï        | 824/5000 [2:31:25<14:51:23, 12.81s/ep, cand 823 | r0 pass 278/816 | episodes 
solved 278 | queue r0 4175 reprompt 0 | verifying 2 | 12.2 s/proposal]
first proposals:  16%|ΓûêΓûï        | 825/5000 [2:31:37<14:37:43, 12.61s/ep, cand 824 | r0 pass 278/817 | episodes 
solved 278 | queue r0 4173 reprompt 0 | verifying 3 | 12.1 s/proposal]
first proposals:  17%|ΓûêΓûï        | 826/5000 [2:31:48<14:12:43, 12.26s/ep, cand 825 | r0 pass 278/818 | episodes 
solved 278 | queue r0 4172 reprompt 0 | verifying 3 | 12.1 s/proposal]
first proposals:  17%|ΓûêΓûï        | 827/5000 [2:32:01<14:29:31, 12.50s/ep, cand 826 | r0 pass 278/819 | episodes 
solved 278 | queue r0 4171 reprompt 0 | verifying 3 | 12.0 s/proposal]
first proposals:  17%|ΓûêΓûï        | 828/5000 [2:32:18<15:51:53, 13.69s/ep, cand 827 | r0 pass 279/820 | episodes 
solved 279 | queue r0 4170 reprompt 0 | verifying 3 | 12.1 s/proposal]
first proposals:  17%|ΓûêΓûï        | 829/5000 [2:32:32<15:55:07, 13.74s/ep, cand 828 | r0 pass 280/821 | episodes 
solved 280 | queue r0 4169 reprompt 0 | verifying 3 | 12.2 s/proposal]
first proposals:  17%|ΓûêΓûï        | 830/5000 [2:32:45<15:41:39, 13.55s/ep, cand 829 | r0 pass 281/822 | episodes 
solved 281 | queue r0 4168 reprompt 0 | verifying 3 | 12.3 s/proposal]
first proposals:  17%|ΓûêΓûï        | 831/5000 [2:32:58<15:36:51, 13.48s/ep, cand 830 | r0 pass 281/823 | episodes 
solved 281 | queue r0 4167 reprompt 0 | verifying 3 | 12.3 s/proposal]
first proposals:  17%|ΓûêΓûï        | 833/5000 [2:33:27<16:07:10, 13.93s/ep, cand 832 | r0 pass 282/825 | episodes 
solved 282 | queue r0 4166 reprompt 0 | verifying 2 | 12.4 s/proposal]
first proposals:  17%|ΓûêΓûï        | 834/5000 [2:33:38<15:18:38, 13.23s/ep, cand 833 | r0 pass 283/826 | episodes 
solved 283 | queue r0 4164 reprompt 0 | verifying 3 | 12.5 s/proposal]
first proposals:  17%|ΓûêΓûï        | 836/5000 [2:34:02<14:42:23, 12.71s/ep, cand 835 | r0 pass 285/828 | episodes 
solved 285 | queue r0 4163 reprompt 0 | verifying 2 | 12.4 s/proposal]
first proposals:  17%|ΓûêΓûï        | 837/5000 [2:34:16<14:49:50, 12.83s/ep, cand 836 | r0 pass 286/829 | episodes 
solved 286 | queue r0 4161 reprompt 0 | verifying 3 | 12.4 s/proposal]
first proposals:  17%|ΓûêΓûï        | 838/5000 [2:34:25<13:56:54, 12.06s/ep, cand 837 | r0 pass 286/830 | episodes 
solved 286 | queue r0 4160 reprompt 0 | verifying 3 | 12.5 s/proposal]
first proposals:  17%|ΓûêΓûï        | 839/5000 [2:34:35<13:12:49, 11.43s/ep, cand 838 | r0 pass 286/831 | episodes 
solved 286 | queue r0 4159 reprompt 0 | verifying 3 | 12.4 s/proposal]
first proposals:  17%|ΓûêΓûï        | 840/5000 [2:34:43<12:13:36, 10.58s/ep, cand 839 | r0 pass 286/832 | episodes 
solved 286 | queue r0 4158 reprompt 0 | verifying 3 | 12.3 s/proposal]
first proposals:  17%|ΓûêΓûï        | 841/5000 [2:34:54<12:22:19, 10.71s/ep, cand 840 | r0 pass 286/833 | episodes 
solved 286 | queue r0 4157 reprompt 0 | verifying 3 | 12.3 s/proposal]
first proposals:  17%|ΓûêΓûï        | 842/5000 [2:35:03<11:38:36, 10.08s/ep, cand 841 | r0 pass 287/834 | episodes 
solved 287 | queue r0 4156 reprompt 0 | verifying 3 | 12.2 s/proposal]
first proposals:  17%|ΓûêΓûï        | 843/5000 [2:35:14<12:06:52, 10.49s/ep, cand 842 | r0 pass 287/835 | episodes 
solved 287 | queue r0 4155 reprompt 0 | verifying 3 | 12.2 s/proposal]
first proposals:  17%|ΓûêΓûï        | 844/5000 [2:35:25<12:13:48, 10.59s/ep, cand 843 | r0 pass 287/836 | episodes 
solved 287 | queue r0 4154 reprompt 0 | verifying 3 | 12.2 s/proposal]
first proposals:  17%|ΓûêΓûï        | 846/5000 [2:35:35<9:11:09,  7.96s/ep, cand 845 | r0 pass 288/838 | episodes 
solved 288 | queue r0 4153 reprompt 0 | verifying 2 | 12.1 s/proposal] 
first proposals:  17%|ΓûêΓûï        | 847/5000 [2:36:02<14:33:55, 12.63s/ep, cand 846 | r0 pass 288/839 | episodes 
solved 288 | queue r0 4152 reprompt 0 | verifying 2 | 12.0 s/proposal]
first proposals:  17%|ΓûêΓûï        | 849/5000 [2:36:23<13:34:54, 11.78s/ep, cand 848 | r0 pass 289/841 | episodes 
solved 289 | queue r0 4150 reprompt 0 | verifying 2 | 12.1 s/proposal]
first proposals:  17%|ΓûêΓûï        | 850/5000 [2:36:45<16:24:49, 14.24s/ep, cand 849 | r0 pass 290/842 | episodes 
solved 290 | queue r0 4148 reprompt 0 | verifying 3 | 12.0 s/proposal]
first proposals:  17%|ΓûêΓûï        | 852/5000 [2:36:57<12:40:25, 11.00s/ep, cand 851 | r0 pass 290/844 | episodes 
solved 290 | queue r0 4146 reprompt 0 | verifying 3 | 12.1 s/proposal]
first proposals:  17%|ΓûêΓûï        | 854/5000 [2:37:22<13:15:58, 11.52s/ep, cand 853 | r0 pass 291/846 | episodes 
solved 291 | queue r0 4145 reprompt 0 | verifying 2 | 11.9 s/proposal]
first proposals:  17%|ΓûêΓûï        | 856/5000 [2:37:42<12:37:36, 10.97s/ep, cand 855 | r0 pass 292/848 | episodes 
solved 292 | queue r0 4143 reprompt 0 | verifying 2 | 12.0 s/proposal]
first proposals:  17%|ΓûêΓûï        | 857/5000 [2:37:55<13:02:12, 11.33s/ep, cand 856 | r0 pass 292/849 | episodes 
solved 292 | queue r0 4141 reprompt 0 | verifying 3 | 12.0 s/proposal]
first proposals:  17%|ΓûêΓûï        | 858/5000 [2:38:09<13:49:58, 12.02s/ep, cand 857 | r0 pass 292/850 | episodes 
solved 292 | queue r0 4140 reprompt 0 | verifying 3 | 12.0 s/proposal]
first proposals:  17%|ΓûêΓûï        | 859/5000 [2:38:21<13:37:34, 11.85s/ep, cand 858 | r0 pass 292/851 | episodes 
solved 292 | queue r0 4139 reprompt 0 | verifying 3 | 12.0 s/proposal]
first proposals:  17%|ΓûêΓûï        | 861/5000 [2:38:34<11:11:29,  9.73s/ep, cand 860 | r0 pass 292/853 | episodes 
solved 292 | queue r0 4138 reprompt 0 | verifying 2 | 12.0 s/proposal]
first proposals:  17%|ΓûêΓûï        | 862/5000 [2:39:12<18:36:16, 16.19s/ep, cand 861 | r0 pass 292/854 | episodes 
solved 292 | queue r0 4137 reprompt 0 | verifying 2 | 12.0 s/proposal]
first proposals:  17%|ΓûêΓûï        | 864/5000 [2:39:39<17:16:32, 15.04s/ep, cand 863 | r0 pass 294/856 | episodes 
solved 294 | queue r0 4135 reprompt 0 | verifying 2 | 12.2 s/proposal]
first proposals:  17%|ΓûêΓûï        | 866/5000 [2:40:04<16:16:58, 14.18s/ep, cand 865 | r0 pass 294/858 | episodes 
solved 294 | queue r0 4133 reprompt 0 | verifying 2 | 12.3 s/proposal]
first proposals:  17%|ΓûêΓûï        | 868/5000 [2:40:13<12:31:33, 10.91s/ep, cand 867 | r0 pass 294/860 | episodes 
solved 294 | queue r0 4131 reprompt 0 | verifying 2 | 12.1 s/proposal]
first proposals:  17%|ΓûêΓûï        | 869/5000 [2:40:37<15:22:39, 13.40s/ep, cand 868 | r0 pass 295/861 | episodes 
solved 295 | queue r0 4130 reprompt 0 | verifying 2 | 12.1 s/proposal]
first proposals:  17%|ΓûêΓûï        | 871/5000 [2:40:57<14:03:24, 12.26s/ep, cand 870 | r0 pass 296/863 | episodes 
solved 296 | queue r0 4128 reprompt 0 | verifying 2 | 12.1 s/proposal]
first proposals:  17%|ΓûêΓûï        | 872/5000 [2:41:22<16:59:22, 14.82s/ep, cand 871 | r0 pass 297/864 | episodes 
solved 297 | queue r0 4126 reprompt 0 | verifying 3 | 12.1 s/proposal]
first proposals:  18%|ΓûêΓûè        | 875/5000 [2:41:33<11:04:19,  9.66s/ep, cand 874 | r0 pass 298/867 | episodes 
solved 298 | queue r0 4124 reprompt 0 | verifying 2 | 12.1 s/proposal]
first proposals:  18%|ΓûêΓûè        | 875/5000 [2:41:45<11:04:19,  9.66s/ep, cand 875 | r0 pass 298/868 | episodes 
solved 298 | queue r0 4123 reprompt 0 | verifying 2 | 12.1 s/proposal]
first proposals:  18%|ΓûêΓûè        | 876/5000 [2:42:10<16:40:18, 14.55s/ep, cand 875 | r0 pass 298/868 | episodes 
solved 298 | queue r0 4123 reprompt 0 | verifying 2 | 12.1 s/proposal]
first proposals:  18%|ΓûêΓûè        | 877/5000 [2:42:26<16:53:56, 14.76s/ep, cand 876 | r0 pass 299/869 | episodes 
solved 299 | queue r0 4120 reprompt 0 | verifying 4 | 12.1 s/proposal]
first proposals:  18%|ΓûêΓûè        | 879/5000 [2:42:37<13:02:17, 11.39s/ep, cand 878 | r0 pass 301/871 | episodes 
solved 301 | queue r0 4119 reprompt 0 | verifying 3 | 12.1 s/proposal]
first proposals:  18%|ΓûêΓûè        | 881/5000 [2:43:13<15:36:28, 13.64s/ep, cand 880 | r0 pass 302/873 | episodes 
solved 302 | queue r0 4118 reprompt 0 | verifying 2 | 12.1 s/proposal]
first proposals:  18%|ΓûêΓûè        | 884/5000 [2:43:38<12:58:51, 11.35s/ep, cand 883 | r0 pass 302/876 | episodes 
solved 302 | queue r0 4115 reprompt 0 | verifying 2 | 12.0 s/proposal]
first proposals:  18%|ΓûêΓûè        | 886/5000 [2:44:02<13:11:33, 11.54s/ep, cand 885 | r0 pass 303/878 | episodes 
solved 303 | queue r0 4113 reprompt 0 | verifying 2 | 11.9 s/proposal]
first proposals:  18%|ΓûêΓûè        | 888/5000 [2:44:36<15:06:09, 13.22s/ep, cand 887 | r0 pass 303/880 | episodes 
solved 303 | queue r0 4112 reprompt 0 | verifying 1 | 12.2 s/proposal]
first proposals:  18%|ΓûêΓûè        | 890/5000 [2:44:50<12:53:38, 11.29s/ep, cand 889 | r0 pass 303/882 | episodes 
solved 303 | queue r0 4109 reprompt 0 | verifying 2 | 12.2 s/proposal]
first proposals:  18%|ΓûêΓûè        | 891/5000 [2:45:00<12:46:31, 11.19s/ep, cand 890 | r0 pass 304/883 | episodes 
solved 304 | queue r0 4108 reprompt 0 | verifying 2 | 12.2 s/proposal]
first proposals:  18%|ΓûêΓûè        | 892/5000 [2:45:24<15:43:22, 13.78s/ep, cand 891 | r0 pass 304/884 | episodes 
solved 304 | queue r0 4107 reprompt 0 | verifying 2 | 12.3 s/proposal]
first proposals:  18%|ΓûêΓûè        | 893/5000 [2:45:46<17:42:00, 15.52s/ep, cand 892 | r0 pass 304/885 | episodes 
solved 304 | queue r0 4105 reprompt 0 | verifying 3 | 12.4 s/proposal]
first proposals:  18%|ΓûêΓûè        | 896/5000 [2:46:13<13:59:48, 12.28s/ep, cand 895 | r0 pass 307/888 | episodes 
solved 307 | queue r0 4103 reprompt 0 | verifying 2 | 12.4 s/proposal]
first proposals:  18%|ΓûêΓûè        | 897/5000 [2:46:22<13:21:43, 11.72s/ep, cand 896 | r0 pass 308/889 | episodes 
solved 308 | queue r0 4101 reprompt 0 | verifying 3 | 12.4 s/proposal]
first proposals:  18%|ΓûêΓûè        | 898/5000 [2:46:31<12:43:26, 11.17s/ep, cand 897 | r0 pass 308/890 | episodes 
solved 308 | queue r0 4100 reprompt 0 | verifying 3 | 12.4 s/proposal]
first proposals:  18%|ΓûêΓûè        | 899/5000 [2:46:46<13:44:25, 12.06s/ep, cand 898 | r0 pass 309/891 | episodes 
solved 309 | queue r0 4099 reprompt 0 | verifying 3 | 12.3 s/proposal]
first proposals:  18%|ΓûêΓûè        | 901/5000 [2:46:58<10:54:03,  9.57s/ep, cand 900 | r0 pass 309/893 | episodes 
solved 309 | queue r0 4098 reprompt 0 | verifying 2 | 12.4 s/proposal]
first proposals:  18%|ΓûêΓûè        | 902/5000 [2:47:11<11:43:33, 10.30s/ep, cand 901 | r0 pass 309/894 | episodes 
solved 309 | queue r0 4097 reprompt 0 | verifying 2 | 12.4 s/proposal]
first proposals:  18%|ΓûêΓûè        | 903/5000 [2:47:21<11:42:06, 10.28s/ep, cand 902 | r0 pass 309/895 | episodes 
solved 309 | queue r0 4096 reprompt 0 | verifying 2 | 12.5 s/proposal]
first proposals:  18%|ΓûêΓûè        | 904/5000 [2:47:44<15:28:59, 13.61s/ep, cand 903 | r0 pass 309/896 | episodes 
solved 309 | queue r0 4095 reprompt 0 | verifying 2 | 12.4 s/proposal]
first proposals:  18%|ΓûêΓûè        | 905/5000 [2:47:57<15:13:10, 13.38s/ep, cand 904 | r0 pass 310/897 | episodes 
solved 310 | queue r0 4093 reprompt 0 | verifying 3 | 12.4 s/proposal]
first proposals:  18%|ΓûêΓûè        | 906/5000 [2:48:10<15:01:16, 13.21s/ep, cand 905 | r0 pass 310/898 | episodes 
solved 310 | queue r0 4092 reprompt 0 | verifying 3 | 12.4 s/proposal]
first proposals:  18%|ΓûêΓûè        | 908/5000 [2:48:31<13:50:05, 12.17s/ep, cand 907 | r0 pass 312/900 | episodes 
solved 312 | queue r0 4091 reprompt 0 | verifying 2 | 12.5 s/proposal]
first proposals:  18%|ΓûêΓûè        | 909/5000 [2:48:44<13:51:00, 12.19s/ep, cand 908 | r0 pass 313/901 | episodes 
solved 313 | queue r0 4089 reprompt 0 | verifying 3 | 12.4 s/proposal]
first proposals:  18%|ΓûêΓûè        | 911/5000 [2:48:54<10:39:32,  9.38s/ep, cand 910 | r0 pass 314/903 | episodes 
solved 314 | queue r0 4088 reprompt 0 | verifying 2 | 12.4 s/proposal]
first proposals:  18%|ΓûêΓûè        | 913/5000 [2:49:21<12:20:00, 10.86s/ep, cand 912 | r0 pass 314/905 | episodes 
solved 314 | queue r0 4087 reprompt 0 | verifying 1 | 12.4 s/proposal]
first proposals:  18%|ΓûêΓûè        | 914/5000 [2:49:48<16:06:36, 14.19s/ep, cand 913 | r0 pass 314/906 | episodes 
solved 314 | queue r0 4085 reprompt 0 | verifying 2 | 12.1 s/proposal]
first proposals:  18%|ΓûêΓûè        | 915/5000 [2:49:57<14:54:13, 13.13s/ep, cand 914 | r0 pass 314/907 | episodes 
solved 314 | queue r0 4083 reprompt 0 | verifying 3 | 12.1 s/proposal]
first proposals:  18%|ΓûêΓûè        | 916/5000 [2:50:10<14:41:30, 12.95s/ep, cand 915 | r0 pass 314/908 | episodes 
solved 314 | queue r0 4082 reprompt 0 | verifying 3 | 12.1 s/proposal]
first proposals:  18%|ΓûêΓûè        | 917/5000 [2:50:23<14:37:03, 12.89s/ep, cand 916 | r0 pass 315/909 | episodes 
solved 315 | queue r0 4081 reprompt 0 | verifying 3 | 12.1 s/proposal]
first proposals:  18%|ΓûêΓûè        | 918/5000 [2:50:34<14:04:25, 12.41s/ep, cand 917 | r0 pass 316/910 | episodes 
solved 316 | queue r0 4080 reprompt 0 | verifying 3 | 12.1 s/proposal]
first proposals:  18%|ΓûêΓûè        | 920/5000 [2:50:47<11:18:52,  9.98s/ep, cand 919 | r0 pass 317/912 | episodes 
solved 317 | queue r0 4079 reprompt 0 | verifying 2 | 12.1 s/proposal]
first proposals:  18%|ΓûêΓûè        | 921/5000 [2:50:59<11:47:02, 10.40s/ep, cand 920 | r0 pass 318/913 | episodes 
solved 318 | queue r0 4078 reprompt 0 | verifying 2 | 12.2 s/proposal]
first proposals:  18%|ΓûêΓûè        | 922/5000 [2:51:09<11:34:04, 10.21s/ep, cand 921 | r0 pass 319/914 | episodes 
solved 319 | queue r0 4077 reprompt 0 | verifying 2 | 12.2 s/proposal]
first proposals:  18%|ΓûêΓûè        | 924/5000 [2:51:50<16:27:14, 14.53s/ep, cand 923 | r0 pass 319/916 | episodes 
solved 319 | queue r0 4076 reprompt 0 | verifying 1 | 12.2 s/proposal]
first proposals:  19%|ΓûêΓûè        | 926/5000 [2:52:00<12:31:58, 11.07s/ep, cand 925 | r0 pass 320/918 | episodes 
solved 320 | queue r0 4073 reprompt 0 | verifying 2 | 12.3 s/proposal]
first proposals:  19%|ΓûêΓûè        | 927/5000 [2:52:10<12:16:53, 10.86s/ep, cand 926 | r0 pass 321/919 | episodes 
solved 321 | queue r0 4072 reprompt 0 | verifying 2 | 12.3 s/proposal]
first proposals:  19%|ΓûêΓûè        | 928/5000 [2:52:32<15:02:09, 13.29s/ep, cand 927 | r0 pass 321/920 | episodes 
solved 321 | queue r0 4071 reprompt 0 | verifying 2 | 12.2 s/proposal]
first proposals:  19%|ΓûêΓûè        | 929/5000 [2:52:45<15:01:30, 13.29s/ep, cand 928 | r0 pass 321/921 | episodes 
solved 321 | queue r0 4069 reprompt 0 | verifying 3 | 12.1 s/proposal]
first proposals:  19%|ΓûêΓûè        | 931/5000 [2:52:54<10:54:27,  9.65s/ep, cand 930 | r0 pass 322/923 | episodes 
solved 322 | queue r0 4068 reprompt 0 | verifying 2 | 12.1 s/proposal]
first proposals:  19%|ΓûêΓûè        | 932/5000 [2:53:06<11:35:39, 10.26s/ep, cand 931 | r0 pass 322/924 | episodes 
solved 322 | queue r0 4067 reprompt 0 | verifying 2 | 12.1 s/proposal]
first proposals:  19%|ΓûêΓûè        | 933/5000 [2:53:22<13:01:15, 11.53s/ep, cand 932 | r0 pass 322/925 | episodes 
solved 322 | queue r0 4066 reprompt 0 | verifying 2 | 12.1 s/proposal]
first proposals:  19%|ΓûêΓûè        | 934/5000 [2:53:35<13:26:37, 11.90s/ep, cand 933 | r0 pass 322/926 | episodes 
solved 322 | queue r0 4065 reprompt 0 | verifying 2 | 12.1 s/proposal]
first proposals:  19%|ΓûêΓûè        | 935/5000 [2:53:58<16:53:04, 14.95s/ep, cand 934 | r0 pass 322/927 | episodes 
solved 322 | queue r0 4064 reprompt 0 | verifying 2 | 12.2 s/proposal]
first proposals:  19%|ΓûêΓûè        | 936/5000 [2:54:10<16:06:27, 14.27s/ep, cand 935 | r0 pass 322/928 | episodes 
solved 322 | queue r0 4062 reprompt 0 | verifying 3 | 11.9 s/proposal]
first proposals:  19%|ΓûêΓûè        | 937/5000 [2:54:20<14:35:04, 12.92s/ep, cand 936 | r0 pass 322/929 | episodes 
solved 322 | queue r0 4061 reprompt 0 | verifying 3 | 11.9 s/proposal]
first proposals:  19%|ΓûêΓûë        | 939/5000 [2:54:52<16:06:40, 14.28s/ep, cand 938 | r0 pass 323/931 | episodes 
solved 323 | queue r0 4060 reprompt 0 | verifying 2 | 11.9 s/proposal]
first proposals:  19%|ΓûêΓûë        | 940/5000 [2:55:04<15:29:16, 13.73s/ep, cand 939 | r0 pass 323/932 | episodes 
solved 323 | queue r0 4058 reprompt 0 | verifying 3 | 12.0 s/proposal]
first proposals:  19%|ΓûêΓûë        | 943/5000 [2:55:22<11:06:00,  9.85s/ep, cand 942 | r0 pass 324/935 | episodes 
solved 324 | queue r0 4057 reprompt 0 | verifying 1 | 12.0 s/proposal]
first proposals:  19%|ΓûêΓûë        | 944/5000 [2:55:43<13:26:13, 11.93s/ep, cand 943 | r0 pass 325/936 | episodes 
solved 325 | queue r0 4055 reprompt 0 | verifying 2 | 11.9 s/proposal]
first proposals:  19%|ΓûêΓûë        | 946/5000 [2:56:18<15:48:55, 14.04s/ep, cand 945 | r0 pass 327/938 | episodes 
solved 327 | queue r0 4053 reprompt 0 | verifying 2 | 11.9 s/proposal]
first proposals:  19%|ΓûêΓûë        | 947/5000 [2:56:34<16:08:15, 14.33s/ep, cand 946 | r0 pass 327/939 | episodes 
solved 327 | queue r0 4050 reprompt 0 | verifying 4 | 11.9 s/proposal]
first proposals:  19%|ΓûêΓûë        | 950/5000 [2:57:02<13:27:07, 11.96s/ep, cand 949 | r0 pass 327/942 | episodes 
solved 327 | queue r0 4049 reprompt 0 | verifying 2 | 12.0 s/proposal]
first proposals:  19%|ΓûêΓûë        | 951/5000 [2:57:19<14:31:47, 12.92s/ep, cand 950 | r0 pass 328/943 | episodes 
solved 328 | queue r0 4047 reprompt 0 | verifying 3 | 12.0 s/proposal]
first proposals:  19%|ΓûêΓûë        | 952/5000 [2:57:33<14:42:14, 13.08s/ep, cand 951 | r0 pass 329/944 | episodes 
solved 329 | queue r0 4046 reprompt 0 | verifying 3 | 12.1 s/proposal]
first proposals:  19%|ΓûêΓûë        | 953/5000 [2:57:45<14:30:43, 12.91s/ep, cand 952 | r0 pass 329/945 | episodes 
solved 329 | queue r0 4045 reprompt 0 | verifying 3 | 12.2 s/proposal]
first proposals:  19%|ΓûêΓûë        | 955/5000 [2:58:10<14:14:50, 12.68s/ep, cand 954 | r0 pass 330/947 | episodes 
solved 330 | queue r0 4044 reprompt 0 | verifying 2 | 12.2 s/proposal]
first proposals:  19%|ΓûêΓûë        | 956/5000 [2:58:24<14:40:12, 13.06s/ep, cand 955 | r0 pass 330/948 | episodes 
solved 330 | queue r0 4042 reprompt 0 | verifying 3 | 12.2 s/proposal]
first proposals:  19%|ΓûêΓûë        | 958/5000 [2:58:35<11:26:10, 10.19s/ep, cand 957 | r0 pass 332/950 | episodes 
solved 332 | queue r0 4041 reprompt 0 | verifying 2 | 12.2 s/proposal]
first proposals:  19%|ΓûêΓûë        | 959/5000 [2:59:05<16:06:13, 14.35s/ep, cand 958 | r0 pass 332/951 | episodes 
solved 332 | queue r0 4040 reprompt 0 | verifying 2 | 12.3 s/proposal]
first proposals:  19%|ΓûêΓûë        | 960/5000 [2:59:19<16:05:45, 14.34s/ep, cand 959 | r0 pass 332/952 | episodes 
solved 332 | queue r0 4038 reprompt 0 | verifying 3 | 12.4 s/proposal]
first proposals:  19%|ΓûêΓûë        | 962/5000 [2:59:48<16:12:16, 14.45s/ep, cand 961 | r0 pass 332/954 | episodes 
solved 332 | queue r0 4037 reprompt 0 | verifying 2 | 12.4 s/proposal]
first proposals:  19%|ΓûêΓûë        | 964/5000 [3:00:14<15:36:08, 13.92s/ep, cand 963 | r0 pass 332/956 | episodes 
solved 332 | queue r0 4035 reprompt 0 | verifying 2 | 12.5 s/proposal]
first proposals:  19%|ΓûêΓûë        | 965/5000 [3:00:26<15:03:06, 13.43s/ep, cand 964 | r0 pass 332/957 | episodes 
solved 332 | queue r0 4033 reprompt 0 | verifying 3 | 12.5 s/proposal]
first proposals:  19%|ΓûêΓûë        | 966/5000 [3:00:38<14:42:23, 13.12s/ep, cand 965 | r0 pass 332/958 | episodes 
solved 332 | queue r0 4032 reprompt 0 | verifying 3 | 12.5 s/proposal]
first proposals:  19%|ΓûêΓûë        | 968/5000 [3:00:52<11:59:10, 10.70s/ep, cand 967 | r0 pass 332/960 | episodes 
solved 332 | queue r0 4031 reprompt 0 | verifying 2 | 12.5 s/proposal]
first proposals:  19%|ΓûêΓûë        | 969/5000 [3:01:03<12:10:35, 10.87s/ep, cand 968 | r0 pass 332/961 | episodes 
solved 332 | queue r0 4030 reprompt 0 | verifying 2 | 12.5 s/proposal]
first proposals:  19%|ΓûêΓûë        | 970/5000 [3:01:43<19:47:00, 17.67s/ep, cand 969 | r0 pass 332/962 | episodes 
solved 332 | queue r0 4029 reprompt 0 | verifying 2 | 12.5 s/proposal]
first proposals:  19%|ΓûêΓûë        | 972/5000 [3:01:58<15:09:39, 13.55s/ep, cand 971 | r0 pass 334/964 | episodes 
solved 334 | queue r0 4026 reprompt 0 | verifying 3 | 12.6 s/proposal]
first proposals:  19%|ΓûêΓûë        | 974/5000 [3:02:07<11:35:01, 10.36s/ep, cand 973 | r0 pass 334/966 | episodes 
solved 334 | queue r0 4025 reprompt 0 | verifying 2 | 12.7 s/proposal]
first proposals:  20%|ΓûêΓûë        | 975/5000 [3:02:20<12:09:33, 10.88s/ep, cand 974 | r0 pass 335/967 | episodes 
solved 335 | queue r0 4024 reprompt 0 | verifying 2 | 12.6 s/proposal]
first proposals:  20%|ΓûêΓûë        | 976/5000 [3:02:50<17:06:05, 15.30s/ep, cand 975 | r0 pass 336/968 | episodes 
solved 336 | queue r0 4023 reprompt 0 | verifying 2 | 12.6 s/proposal]
first proposals:  20%|ΓûêΓûë        | 978/5000 [3:03:02<12:56:50, 11.59s/ep, cand 977 | r0 pass 336/970 | episodes 
solved 336 | queue r0 4021 reprompt 0 | verifying 2 | 12.7 s/proposal]
first proposals:  20%|ΓûêΓûë        | 979/5000 [3:03:34<17:58:04, 16.09s/ep, cand 978 | r0 pass 336/971 | episodes 
solved 336 | queue r0 4020 reprompt 0 | verifying 2 | 12.8 s/proposal]
first proposals:  20%|ΓûêΓûë        | 981/5000 [3:03:55<15:26:20, 13.83s/ep, cand 980 | r0 pass 338/973 | episodes 
solved 338 | queue r0 4017 reprompt 0 | verifying 3 | 12.8 s/proposal]
first proposals:  20%|ΓûêΓûë        | 984/5000 [3:04:04<10:00:53,  8.98s/ep, cand 983 | r0 pass 341/976 | episodes 
solved 341 | queue r0 4015 reprompt 0 | verifying 2 | 12.6 s/proposal]
first proposals:  20%|ΓûêΓûë        | 985/5000 [3:04:16<10:00:44,  8.98s/ep, cand 985 | r0 pass 341/978 | episodes 
solved 341 | queue r0 4014 reprompt 0 | verifying 1 | 12.5 s/proposal]
first proposals:  20%|ΓûêΓûë        | 986/5000 [3:04:38<12:39:58, 11.36s/ep, cand 985 | r0 pass 341/978 | episodes 
solved 341 | queue r0 4014 reprompt 0 | verifying 1 | 12.5 s/proposal]
first proposals:  20%|ΓûêΓûë        | 988/5000 [3:05:00<12:38:49, 11.35s/ep, cand 987 | r0 pass 341/980 | episodes 
solved 341 | queue r0 4011 reprompt 0 | verifying 2 | 12.5 s/proposal]
first proposals:  20%|ΓûêΓûë        | 989/5000 [3:05:11<12:28:44, 11.20s/ep, cand 988 | r0 pass 341/981 | episodes 
solved 341 | queue r0 4009 reprompt 0 | verifying 3 | 12.5 s/proposal]
first proposals:  20%|ΓûêΓûë        | 991/5000 [3:05:22<10:19:42,  9.27s/ep, cand 990 | r0 pass 343/983 | episodes 
solved 343 | queue r0 4008 reprompt 0 | verifying 2 | 12.3 s/proposal]
first proposals:  20%|ΓûêΓûë        | 992/5000 [3:05:45<13:23:58, 12.04s/ep, cand 991 | r0 pass 344/984 | episodes 
solved 344 | queue r0 4007 reprompt 0 | verifying 2 | 12.3 s/proposal]
first proposals:  20%|ΓûêΓûë        | 993/5000 [3:05:59<13:41:28, 12.30s/ep, cand 992 | r0 pass 345/985 | episodes 
solved 345 | queue r0 4005 reprompt 0 | verifying 3 | 12.4 s/proposal]
first proposals:  20%|ΓûêΓûë        | 995/5000 [3:06:12<11:12:58, 10.08s/ep, cand 994 | r0 pass 345/987 | episodes 
solved 345 | queue r0 4004 reprompt 0 | verifying 2 | 12.5 s/proposal]
first proposals:  20%|ΓûêΓûë        | 996/5000 [3:06:23<11:36:11, 10.43s/ep, cand 995 | r0 pass 345/988 | episodes 
solved 345 | queue r0 4003 reprompt 0 | verifying 2 | 12.5 s/proposal]
first proposals:  20%|ΓûêΓûë        | 997/5000 [3:06:35<11:58:20, 10.77s/ep, cand 996 | r0 pass 345/989 | episodes 
solved 345 | queue r0 4002 reprompt 0 | verifying 2 | 12.6 s/proposal]
first proposals:  20%|ΓûêΓûë        | 998/5000 [3:07:05<17:20:38, 15.60s/ep, cand 997 | r0 pass 345/990 | episodes 
solved 345 | queue r0 4001 reprompt 0 | verifying 2 | 12.6 s/proposal]
first proposals:  20%|ΓûêΓûë        | 999/5000 [3:07:17<16:06:40, 14.50s/ep, cand 998 | r0 pass 345/991 | episodes 
solved 345 | queue r0 3999 reprompt 0 | verifying 3 | 12.6 s/proposal]
first proposals:  20%|ΓûêΓûê        | 1001/5000 [3:07:29<12:09:24, 10.94s/ep, cand 1000 | r0 pass 345/993 | episodes 
solved 345 | queue r0 3998 reprompt 0 | verifying 2 | 12.5 s/proposal]
first proposals:  20%|ΓûêΓûê        | 1002/5000 [3:07:44<13:08:03, 11.83s/ep, cand 1001 | r0 pass 345/994 | episodes 
solved 345 | queue r0 3997 reprompt 0 | verifying 2 | 12.5 s/proposal]
first proposals:  20%|ΓûêΓûê        | 1003/5000 [3:07:57<13:29:13, 12.15s/ep, cand 1002 | r0 pass 345/995 | episodes 
solved 345 | queue r0 3996 reprompt 0 | verifying 2 | 12.5 s/proposal]
first proposals:  20%|ΓûêΓûê        | 1004/5000 [3:08:18<16:11:03, 14.58s/ep, cand 1003 | r0 pass 346/996 | episodes 
solved 346 | queue r0 3995 reprompt 0 | verifying 2 | 12.4 s/proposal]
first proposals:  20%|ΓûêΓûê        | 1006/5000 [3:08:37<13:44:27, 12.39s/ep, cand 1005 | r0 pass 346/998 | episodes 
solved 346 | queue r0 3993 reprompt 0 | verifying 2 | 12.4 s/proposal]
first proposals:  20%|ΓûêΓûê        | 1008/5000 [3:08:47<10:32:38,  9.51s/ep, cand 1007 | r0 pass 346/1000 | episodes 
solved 346 | queue r0 3991 reprompt 0 | verifying 2 | 12.2 s/proposal]
first proposals:  20%|ΓûêΓûê        | 1008/5000 [3:08:58<10:32:38,  9.51s/ep, cand 1008 | r0 pass 346/1001 | episodes 
solved 346 | queue r0 3990 reprompt 0 | verifying 2 | 12.2 s/proposal]
first proposals:  20%|ΓûêΓûê        | 1009/5000 [3:09:02<11:44:56, 10.60s/ep, cand 1008 | r0 pass 346/1001 | episodes 
solved 346 | queue r0 3990 reprompt 0 | verifying 2 | 12.2 s/proposal]
first proposals:  20%|ΓûêΓûê        | 1010/5000 [3:09:13<11:54:37, 10.75s/ep, cand 1009 | r0 pass 346/1002 | episodes 
solved 346 | queue r0 3989 reprompt 0 | verifying 2 | 12.2 s/proposal]
first proposals:  20%|ΓûêΓûê        | 1012/5000 [3:09:31<11:15:25, 10.16s/ep, cand 1011 | r0 pass 346/1004 | episodes 
solved 346 | queue r0 3988 reprompt 0 | verifying 1 | 12.1 s/proposal]
first proposals:  20%|ΓûêΓûê        | 1013/5000 [3:09:51<13:41:22, 12.36s/ep, cand 1012 | r0 pass 346/1005 | episodes 
solved 346 | queue r0 3986 reprompt 0 | verifying 2 | 11.9 s/proposal]
first proposals:  20%|ΓûêΓûê        | 1015/5000 [3:10:02<10:38:28,  9.61s/ep, cand 1014 | r0 pass 347/1007 | episodes 
solved 347 | queue r0 3984 reprompt 0 | verifying 2 | 11.8 s/proposal]
first proposals:  20%|ΓûêΓûê        | 1016/5000 [3:10:27<14:15:54, 12.89s/ep, cand 1015 | r0 pass 347/1008 | episodes 
solved 347 | queue r0 3983 reprompt 0 | verifying 2 | 11.7 s/proposal]
first proposals:  20%|ΓûêΓûê        | 1018/5000 [3:10:36<10:52:05,  9.83s/ep, cand 1017 | r0 pass 348/1010 | episodes 
solved 348 | queue r0 3981 reprompt 0 | verifying 2 | 11.7 s/proposal]
first proposals:  20%|ΓûêΓûê        | 1019/5000 [3:10:48<10:51:55,  9.83s/ep, cand 1019 | r0 pass 348/1012 | episodes 
solved 348 | queue r0 3980 reprompt 0 | verifying 1 | 11.6 s/proposal]
first proposals:  20%|ΓûêΓûê        | 1020/5000 [3:10:54<10:26:41,  9.45s/ep, cand 1019 | r0 pass 348/1012 | episodes 
solved 348 | queue r0 3980 reprompt 0 | verifying 1 | 11.6 s/proposal]
first proposals:  20%|ΓûêΓûê        | 1021/5000 [3:11:23<14:49:59, 13.42s/ep, cand 1020 | r0 pass 349/1013 | episodes 
solved 349 | queue r0 3978 reprompt 0 | verifying 2 | 11.6 s/proposal]
first proposals:  20%|ΓûêΓûê        | 1023/5000 [3:11:35<11:49:21, 10.70s/ep, cand 1022 | r0 pass 349/1015 | episodes 
solved 349 | queue r0 3975 reprompt 0 | verifying 3 | 11.3 s/proposal]
first proposals:  20%|ΓûêΓûê        | 1024/5000 [3:11:47<12:06:47, 10.97s/ep, cand 1023 | r0 pass 349/1016 | episodes 
solved 349 | queue r0 3974 reprompt 0 | verifying 3 | 11.3 s/proposal]
first proposals:  21%|ΓûêΓûê        | 1026/5000 [3:11:55<9:17:17,  8.41s/ep, cand 1025 | r0 pass 351/1018 | episodes 
solved 351 | queue r0 3973 reprompt 0 | verifying 2 | 11.3 s/proposal] 
first proposals:  21%|ΓûêΓûê        | 1026/5000 [3:12:06<9:17:17,  8.41s/ep, cand 1026 | r0 pass 352/1019 | episodes 
solved 352 | queue r0 3972 reprompt 0 | verifying 2 | 11.2 s/proposal]
first proposals:  21%|ΓûêΓûê        | 1027/5000 [3:12:27<14:48:08, 13.41s/ep, cand 1026 | r0 pass 352/1019 | episodes 
solved 352 | queue r0 3972 reprompt 0 | verifying 2 | 11.2 s/proposal]
first proposals:  21%|ΓûêΓûê        | 1031/5000 [3:12:35<7:54:01,  7.17s/ep, cand 1030 | r0 pass 352/1023 | episodes 
solved 352 | queue r0 3969 reprompt 0 | verifying 1 | 11.1 s/proposal] 
first proposals:  21%|ΓûêΓûê        | 1031/5000 [3:12:46<7:54:01,  7.17s/ep, cand 1031 | r0 pass 352/1024 | episodes 
solved 352 | queue r0 3968 reprompt 0 | verifying 1 | 11.0 s/proposal]
first proposals:  21%|ΓûêΓûê        | 1032/5000 [3:13:07<12:22:35, 11.23s/ep, cand 1031 | r0 pass 352/1024 | episodes 
solved 352 | queue r0 3968 reprompt 0 | verifying 1 | 11.0 s/proposal]
first proposals:  21%|ΓûêΓûê        | 1034/5000 [3:13:28<12:06:25, 10.99s/ep, cand 1033 | r0 pass 354/1026 | episodes 
solved 354 | queue r0 3965 reprompt 0 | verifying 2 | 11.0 s/proposal]
first proposals:  21%|ΓûêΓûê        | 1035/5000 [3:13:38<11:46:03, 10.68s/ep, cand 1034 | r0 pass 355/1027 | episodes 
solved 355 | queue r0 3963 reprompt 0 | verifying 3 | 11.0 s/proposal]
first proposals:  21%|ΓûêΓûê        | 1036/5000 [3:13:49<11:45:53, 10.68s/ep, cand 1036 | r0 pass 356/1029 | episodes 
solved 356 | queue r0 3962 reprompt 0 | verifying 2 | 11.0 s/proposal]
first proposals:  21%|ΓûêΓûê        | 1037/5000 [3:13:59<11:48:37, 10.73s/ep, cand 1036 | r0 pass 356/1029 | episodes 
solved 356 | queue r0 3962 reprompt 0 | verifying 2 | 11.0 s/proposal]
first proposals:  21%|ΓûêΓûê        | 1039/5000 [3:14:21<11:52:14, 10.79s/ep, cand 1038 | r0 pass 356/1031 | episodes 
solved 356 | queue r0 3960 reprompt 0 | verifying 2 | 10.9 s/proposal]
first proposals:  21%|ΓûêΓûê        | 1040/5000 [3:14:32<11:53:57, 10.82s/ep, cand 1039 | r0 pass 356/1032 | episodes 
solved 356 | queue r0 3958 reprompt 0 | verifying 3 | 11.0 s/proposal]
first proposals:  21%|ΓûêΓûê        | 1042/5000 [3:14:43<9:42:59,  8.84s/ep, cand 1041 | r0 pass 357/1034 | episodes 
solved 357 | queue r0 3957 reprompt 0 | verifying 2 | 11.0 s/proposal] 
first proposals:  21%|ΓûêΓûê        | 1043/5000 [3:14:51<9:32:31,  8.68s/ep, cand 1042 | r0 pass 357/1035 | episodes 
solved 357 | queue r0 3956 reprompt 0 | verifying 2 | 10.9 s/proposal]
first proposals:  21%|ΓûêΓûê        | 1044/5000 [3:15:06<9:32:23,  8.68s/ep, cand 1044 | r0 pass 358/1037 | episodes 
solved 358 | queue r0 3954 reprompt 0 | verifying 2 | 10.8 s/proposal]
first proposals:  21%|ΓûêΓûê        | 1045/5000 [3:15:09<9:40:19,  8.80s/ep, cand 1044 | r0 pass 358/1037 | episodes 
solved 358 | queue r0 3954 reprompt 0 | verifying 2 | 10.8 s/proposal]
first proposals:  21%|ΓûêΓûê        | 1046/5000 [3:15:21<10:22:46,  9.45s/ep, cand 1045 | r0 pass 359/1038 | episodes 
solved 359 | queue r0 3953 reprompt 0 | verifying 2 | 10.7 s/proposal]
first proposals:  21%|ΓûêΓûê        | 1047/5000 [3:15:42<13:25:30, 12.23s/ep, cand 1046 | r0 pass 360/1039 | episodes 
solved 360 | queue r0 3952 reprompt 0 | verifying 2 | 10.7 s/proposal]
first proposals:  21%|ΓûêΓûê        | 1049/5000 [3:16:02<12:30:38, 11.40s/ep, cand 1048 | r0 pass 360/1041 | episodes 
solved 360 | queue r0 3950 reprompt 0 | verifying 2 | 10.7 s/proposal]
first proposals:  21%|ΓûêΓûê        | 1051/5000 [3:16:24<12:19:15, 11.23s/ep, cand 1050 | r0 pass 362/1043 | episodes 
solved 362 | queue r0 3948 reprompt 0 | verifying 2 | 10.5 s/proposal]
first proposals:  21%|ΓûêΓûê        | 1053/5000 [3:16:34<10:01:32,  9.14s/ep, cand 1052 | r0 pass 362/1045 | episodes 
solved 362 | queue r0 3946 reprompt 0 | verifying 2 | 10.4 s/proposal]
first proposals:  21%|ΓûêΓûê        | 1054/5000 [3:16:50<11:19:59, 10.34s/ep, cand 1053 | r0 pass 362/1046 | episodes 
solved 362 | queue r0 3945 reprompt 0 | verifying 2 | 10.3 s/proposal]
first proposals:  21%|ΓûêΓûê        | 1055/5000 [3:16:59<11:00:50, 10.05s/ep, cand 1054 | r0 pass 363/1047 | episodes 
solved 363 | queue r0 3944 reprompt 0 | verifying 2 | 10.4 s/proposal]
first proposals:  21%|ΓûêΓûê        | 1056/5000 [3:17:09<11:06:04, 10.13s/ep, cand 1055 | r0 pass 364/1048 | episodes 
solved 364 | queue r0 3943 reprompt 0 | verifying 2 | 10.4 s/proposal]
first proposals:  21%|ΓûêΓûê        | 1057/5000 [3:17:31<14:23:33, 13.14s/ep, cand 1056 | r0 pass 364/1049 | episodes 
solved 364 | queue r0 3942 reprompt 0 | verifying 2 | 10.4 s/proposal]
first proposals:  21%|ΓûêΓûê        | 1059/5000 [3:17:52<13:11:36, 12.05s/ep, cand 1058 | r0 pass 366/1051 | episodes 
solved 366 | queue r0 3940 reprompt 0 | verifying 2 | 10.4 s/proposal]
first proposals:  21%|ΓûêΓûê        | 1060/5000 [3:18:01<12:27:05, 11.38s/ep, cand 1059 | r0 pass 367/1052 | episodes 
solved 367 | queue r0 3938 reprompt 0 | verifying 3 | 10.4 s/proposal]
first proposals:  21%|ΓûêΓûê        | 1061/5000 [3:18:12<12:09:21, 11.11s/ep, cand 1060 | r0 pass 367/1053 | episodes 
solved 367 | queue r0 3937 reprompt 0 | verifying 3 | 10.4 s/proposal]
first proposals:  21%|ΓûêΓûê        | 1062/5000 [3:18:24<12:34:38, 11.50s/ep, cand 1061 | r0 pass 368/1054 | episodes 
solved 368 | queue r0 3936 reprompt 0 | verifying 3 | 10.4 s/proposal]
first proposals:  21%|ΓûêΓûêΓûÅ       | 1063/5000 [3:18:36<12:38:19, 11.56s/ep, cand 1062 | r0 pass 368/1055 | 
episodes solved 368 | queue r0 3935 reprompt 0 | verifying 3 | 10.4 s/proposal]
first proposals:  21%|ΓûêΓûêΓûÅ       | 1065/5000 [3:19:04<13:54:32, 12.72s/ep, cand 1064 | r0 pass 368/1057 | 
episodes solved 368 | queue r0 3934 reprompt 0 | verifying 2 | 10.5 s/proposal]
first proposals:  21%|ΓûêΓûêΓûÅ       | 1067/5000 [3:19:24<12:42:50, 11.64s/ep, cand 1066 | r0 pass 369/1059 | 
episodes solved 369 | queue r0 3931 reprompt 0 | verifying 3 | 10.3 s/proposal]
first proposals:  21%|ΓûêΓûêΓûÅ       | 1070/5000 [3:19:34<8:34:56,  7.86s/ep, cand 1069 | r0 pass 370/1062 | episodes 
solved 370 | queue r0 3929 reprompt 0 | verifying 2 | 10.3 s/proposal] 
first proposals:  21%|ΓûêΓûêΓûÅ       | 1071/5000 [3:19:47<8:34:48,  7.86s/ep, cand 1071 | r0 pass 370/1064 | episodes 
solved 370 | queue r0 3927 reprompt 0 | verifying 2 | 10.4 s/proposal]
first proposals:  21%|ΓûêΓûêΓûÅ       | 1072/5000 [3:19:55<9:30:19,  8.71s/ep, cand 1071 | r0 pass 370/1064 | episodes 
solved 370 | queue r0 3927 reprompt 0 | verifying 2 | 10.4 s/proposal]
first proposals:  21%|ΓûêΓûêΓûÅ       | 1074/5000 [3:20:11<9:15:35,  8.49s/ep, cand 1073 | r0 pass 370/1066 | episodes 
solved 370 | queue r0 3926 reprompt 0 | verifying 1 | 10.4 s/proposal]
first proposals:  22%|ΓûêΓûêΓûÅ       | 1075/5000 [3:20:30<11:07:30, 10.20s/ep, cand 1074 | r0 pass 370/1067 | 
episodes solved 370 | queue r0 3924 reprompt 0 | verifying 2 | 10.3 s/proposal]
first proposals:  22%|ΓûêΓûêΓûÅ       | 1076/5000 [3:20:39<10:52:43,  9.98s/ep, cand 1075 | r0 pass 370/1068 | 
episodes solved 370 | queue r0 3922 reprompt 0 | verifying 3 | 10.2 s/proposal]
first proposals:  22%|ΓûêΓûêΓûÅ       | 1077/5000 [3:20:50<11:11:33, 10.27s/ep, cand 1076 | r0 pass 370/1069 | 
episodes solved 370 | queue r0 3921 reprompt 0 | verifying 3 | 10.2 s/proposal]
first proposals:  22%|ΓûêΓûêΓûÅ       | 1078/5000 [3:21:00<11:10:20, 10.26s/ep, cand 1077 | r0 pass 370/1070 | 
episodes solved 370 | queue r0 3920 reprompt 0 | verifying 3 | 10.3 s/proposal]
first proposals:  22%|ΓûêΓûêΓûÅ       | 1080/5000 [3:21:21<11:13:03, 10.30s/ep, cand 1079 | r0 pass 372/1072 | 
episodes solved 372 | queue r0 3919 reprompt 0 | verifying 2 | 10.2 s/proposal]
first proposals:  22%|ΓûêΓûêΓûÅ       | 1081/5000 [3:21:32<11:31:56, 10.59s/ep, cand 1080 | r0 pass 373/1073 | 
episodes solved 373 | queue r0 3917 reprompt 0 | verifying 3 | 10.3 s/proposal]
first proposals:  22%|ΓûêΓûêΓûÅ       | 1083/5000 [3:22:15<16:03:22, 14.76s/ep, cand 1082 | r0 pass 373/1075 | 
episodes solved 373 | queue r0 3916 reprompt 0 | verifying 2 | 10.3 s/proposal]
first proposals:  22%|ΓûêΓûêΓûÅ       | 1087/5000 [3:22:45<11:50:36, 10.90s/ep, cand 1086 | r0 pass 375/1078 | 
episodes solved 375 | queue r0 3914 reprompt 0 | verifying 0 | 10.7 s/proposal]
first proposals:  22%|ΓûêΓûêΓûÅ       | 1088/5000 [3:22:54<11:37:41, 10.70s/ep, cand 1087 | r0 pass 375/1079 | 
episodes solved 375 | queue r0 3911 reprompt 0 | verifying 2 | 10.7 s/proposal]
first proposals:  22%|ΓûêΓûêΓûÅ       | 1089/5000 [3:23:18<14:14:02, 13.10s/ep, cand 1088 | r0 pass 375/1080 | 
episodes solved 375 | queue r0 3910 reprompt 0 | verifying 2 | 10.7 s/proposal]
first proposals:  22%|ΓûêΓûêΓûÅ       | 1091/5000 [3:23:38<13:03:18, 12.02s/ep, cand 1090 | r0 pass 375/1082 | 
episodes solved 375 | queue r0 3908 reprompt 0 | verifying 2 | 10.7 s/proposal]
first proposals:  22%|ΓûêΓûêΓûÅ       | 1092/5000 [3:23:49<12:48:05, 11.79s/ep, cand 1091 | r0 pass 376/1083 | 
episodes solved 376 | queue r0 3906 reprompt 0 | verifying 3 | 10.7 s/proposal]
first proposals:  22%|ΓûêΓûêΓûÅ       | 1093/5000 [3:23:57<11:54:35, 10.97s/ep, cand 1092 | r0 pass 376/1084 | 
episodes solved 376 | queue r0 3905 reprompt 0 | verifying 3 | 10.7 s/proposal]
first proposals:  22%|ΓûêΓûêΓûÅ       | 1095/5000 [3:24:11<10:12:07,  9.41s/ep, cand 1094 | r0 pass 376/1086 | 
episodes solved 376 | queue r0 3904 reprompt 0 | verifying 2 | 10.7 s/proposal]
first proposals:  22%|ΓûêΓûêΓûÅ       | 1096/5000 [3:24:35<13:43:40, 12.66s/ep, cand 1095 | r0 pass 376/1087 | 
episodes solved 376 | queue r0 3903 reprompt 0 | verifying 2 | 10.8 s/proposal]
first proposals:  22%|ΓûêΓûêΓûÅ       | 1097/5000 [3:24:48<13:38:29, 12.58s/ep, cand 1096 | r0 pass 377/1088 | 
episodes solved 377 | queue r0 3901 reprompt 0 | verifying 3 | 10.8 s/proposal]
first proposals:  22%|ΓûêΓûêΓûÅ       | 1099/5000 [3:24:56<9:57:05,  9.18s/ep, cand 1098 | r0 pass 377/1090 | episodes 
solved 377 | queue r0 3900 reprompt 0 | verifying 2 | 10.9 s/proposal] 
first proposals:  22%|ΓûêΓûêΓûÅ       | 1100/5000 [3:25:36<17:26:04, 16.09s/ep, cand 1099 | r0 pass 377/1091 | 
episodes solved 377 | queue r0 3899 reprompt 0 | verifying 2 | 10.8 s/proposal]
first proposals:  22%|ΓûêΓûêΓûÅ       | 1104/5000 [3:25:51<9:59:09,  9.23s/ep, cand 1103 | r0 pass 380/1094 | episodes 
solved 380 | queue r0 3897 reprompt 0 | verifying 0 | 11.2 s/proposal] 
first proposals:  22%|ΓûêΓûêΓûÅ       | 1104/5000 [3:26:07<9:59:09,  9.23s/ep, cand 1104 | r0 pass 380/1095 | episodes 
solved 380 | queue r0 3895 reprompt 0 | verifying 1 | 11.1 s/proposal]
first proposals:  22%|ΓûêΓûêΓûÅ       | 1105/5000 [3:26:17<13:00:19, 12.02s/ep, cand 1104 | r0 pass 380/1095 | 
episodes solved 380 | queue r0 3895 reprompt 0 | verifying 1 | 11.1 s/proposal]
first proposals:  22%|ΓûêΓûêΓûÅ       | 1106/5000 [3:26:27<12:28:31, 11.53s/ep, cand 1105 | r0 pass 380/1096 | 
episodes solved 380 | queue r0 3892 reprompt 0 | verifying 3 | 10.9 s/proposal]
first proposals:  22%|ΓûêΓûêΓûÅ       | 1108/5000 [3:26:39<10:19:18,  9.55s/ep, cand 1107 | r0 pass 381/1098 | 
episodes solved 381 | queue r0 3891 reprompt 0 | verifying 2 | 10.9 s/proposal]
first proposals:  22%|ΓûêΓûêΓûÅ       | 1109/5000 [3:26:48<10:21:51,  9.59s/ep, cand 1108 | r0 pass 381/1099 | 
episodes solved 381 | queue r0 3890 reprompt 0 | verifying 2 | 10.9 s/proposal]
first proposals:  22%|ΓûêΓûêΓûÅ       | 1110/5000 [3:27:10<13:22:08, 12.37s/ep, cand 1109 | r0 pass 382/1100 | 
episodes solved 382 | queue r0 3889 reprompt 0 | verifying 2 | 10.9 s/proposal]
first proposals:  22%|ΓûêΓûêΓûÅ       | 1112/5000 [3:27:31<12:24:14, 11.49s/ep, cand 1111 | r0 pass 383/1102 | 
episodes solved 383 | queue r0 3887 reprompt 0 | verifying 2 | 10.9 s/proposal]
first proposals:  22%|ΓûêΓûêΓûÅ       | 1113/5000 [3:27:39<11:45:54, 10.90s/ep, cand 1112 | r0 pass 383/1103 | 
episodes solved 383 | queue r0 3885 reprompt 0 | verifying 3 | 10.9 s/proposal]
first proposals:  22%|ΓûêΓûêΓûÅ       | 1115/5000 [3:27:48<9:03:59,  8.40s/ep, cand 1114 | r0 pass 383/1105 | episodes 
solved 383 | queue r0 3884 reprompt 0 | verifying 2 | 10.8 s/proposal] 
first proposals:  22%|ΓûêΓûêΓûÅ       | 1116/5000 [3:27:57<9:11:58,  8.53s/ep, cand 1115 | r0 pass 383/1106 | episodes 
solved 383 | queue r0 3883 reprompt 0 | verifying 2 | 10.8 s/proposal]
first proposals:  22%|ΓûêΓûêΓûÅ       | 1117/5000 [3:28:08<9:43:51,  9.02s/ep, cand 1116 | r0 pass 383/1107 | episodes 
solved 383 | queue r0 3882 reprompt 0 | verifying 2 | 10.8 s/proposal]
first proposals:  22%|ΓûêΓûêΓûÅ       | 1119/5000 [3:28:27<9:59:49,  9.27s/ep, cand 1118 | r0 pass 383/1109 | episodes 
solved 383 | queue r0 3881 reprompt 0 | verifying 1 | 10.8 s/proposal]
first proposals:  22%|ΓûêΓûêΓûÅ       | 1120/5000 [3:28:47<12:39:17, 11.74s/ep, cand 1119 | r0 pass 383/1110 | 
episodes solved 383 | queue r0 3879 reprompt 0 | verifying 2 | 10.8 s/proposal]
first proposals:  22%|ΓûêΓûêΓûÅ       | 1122/5000 [3:28:59<10:06:45,  9.39s/ep, cand 1121 | r0 pass 384/1112 | 
episodes solved 384 | queue r0 3877 reprompt 0 | verifying 2 | 10.8 s/proposal]
first proposals:  22%|ΓûêΓûêΓûÅ       | 1123/5000 [3:29:07<9:51:55,  9.16s/ep, cand 1122 | r0 pass 385/1113 | episodes 
solved 385 | queue r0 3876 reprompt 0 | verifying 2 | 10.8 s/proposal] 
first proposals:  22%|ΓûêΓûêΓûÅ       | 1124/5000 [3:29:20<10:43:14,  9.96s/ep, cand 1123 | r0 pass 386/1114 | 
episodes solved 386 | queue r0 3875 reprompt 0 | verifying 2 | 10.8 s/proposal]
first proposals:  23%|ΓûêΓûêΓûÄ       | 1126/5000 [3:29:38<10:15:18,  9.53s/ep, cand 1125 | r0 pass 387/1116 | 
episodes solved 387 | queue r0 3874 reprompt 0 | verifying 1 | 10.9 s/proposal]
first proposals:  23%|ΓûêΓûêΓûÄ       | 1127/5000 [3:29:49<10:46:00, 10.01s/ep, cand 1126 | r0 pass 387/1117 | 
episodes solved 387 | queue r0 3872 reprompt 0 | verifying 2 | 10.9 s/proposal]
first proposals:  23%|ΓûêΓûêΓûÄ       | 1128/5000 [3:30:13<14:19:48, 13.32s/ep, cand 1127 | r0 pass 387/1118 | 
episodes solved 387 | queue r0 3871 reprompt 0 | verifying 2 | 11.0 s/proposal]
first proposals:  23%|ΓûêΓûêΓûÄ       | 1130/5000 [3:30:32<12:39:02, 11.77s/ep, cand 1129 | r0 pass 388/1120 | 
episodes solved 388 | queue r0 3869 reprompt 0 | verifying 2 | 11.0 s/proposal]
first proposals:  23%|ΓûêΓûêΓûÄ       | 1131/5000 [3:30:55<15:16:53, 14.22s/ep, cand 1130 | r0 pass 388/1121 | 
episodes solved 388 | queue r0 3867 reprompt 0 | verifying 3 | 11.0 s/proposal]
first proposals:  23%|ΓûêΓûêΓûÄ       | 1133/5000 [3:31:06<11:41:32, 10.88s/ep, cand 1132 | r0 pass 388/1123 | 
episodes solved 388 | queue r0 3865 reprompt 0 | verifying 3 | 11.0 s/proposal]
first proposals:  23%|ΓûêΓûêΓûÄ       | 1135/5000 [3:31:16<9:25:26,  8.78s/ep, cand 1134 | r0 pass 388/1125 | episodes 
solved 388 | queue r0 3864 reprompt 0 | verifying 2 | 10.6 s/proposal] 
first proposals:  23%|ΓûêΓûêΓûÄ       | 1136/5000 [3:31:36<11:49:04, 11.01s/ep, cand 1135 | r0 pass 389/1126 | 
episodes solved 389 | queue r0 3863 reprompt 0 | verifying 2 | 10.5 s/proposal]
first proposals:  23%|ΓûêΓûêΓûÄ       | 1137/5000 [3:31:46<11:33:21, 10.77s/ep, cand 1136 | r0 pass 389/1127 | 
episodes solved 389 | queue r0 3861 reprompt 0 | verifying 3 | 10.6 s/proposal]
first proposals:  23%|ΓûêΓûêΓûÄ       | 1138/5000 [3:31:57<11:45:42, 10.96s/ep, cand 1137 | r0 pass 390/1128 | 
episodes solved 390 | queue r0 3860 reprompt 0 | verifying 3 | 10.6 s/proposal]
first proposals:  23%|ΓûêΓûêΓûÄ       | 1140/5000 [3:32:07<9:03:57,  8.46s/ep, cand 1139 | r0 pass 391/1130 | episodes 
solved 391 | queue r0 3859 reprompt 0 | verifying 2 | 10.6 s/proposal] 
first proposals:  23%|ΓûêΓûêΓûÄ       | 1141/5000 [3:32:16<9:05:37,  8.48s/ep, cand 1140 | r0 pass 391/1131 | episodes 
solved 391 | queue r0 3858 reprompt 0 | verifying 2 | 10.5 s/proposal]
first proposals:  23%|ΓûêΓûêΓûÄ       | 1142/5000 [3:32:40<13:11:50, 12.31s/ep, cand 1141 | r0 pass 391/1132 | 
episodes solved 391 | queue r0 3857 reprompt 0 | verifying 2 | 10.5 s/proposal]
first proposals:  23%|ΓûêΓûêΓûÄ       | 1145/5000 [3:32:56<9:23:30,  8.77s/ep, cand 1144 | r0 pass 394/1135 | episodes 
solved 394 | queue r0 3855 reprompt 0 | verifying 1 | 10.6 s/proposal] 
first proposals:  23%|ΓûêΓûêΓûÄ       | 1146/5000 [3:33:16<11:45:18, 10.98s/ep, cand 1145 | r0 pass 394/1136 | 
episodes solved 394 | queue r0 3853 reprompt 0 | verifying 2 | 10.5 s/proposal]
first proposals:  23%|ΓûêΓûêΓûÄ       | 1148/5000 [3:33:25<9:16:38,  8.67s/ep, cand 1147 | r0 pass 395/1138 | episodes 
solved 395 | queue r0 3851 reprompt 0 | verifying 2 | 10.4 s/proposal] 
first proposals:  23%|ΓûêΓûêΓûÄ       | 1149/5000 [3:33:35<9:37:33,  9.00s/ep, cand 1148 | r0 pass 395/1139 | episodes 
solved 395 | queue r0 3850 reprompt 0 | verifying 2 | 10.3 s/proposal]
first proposals:  23%|ΓûêΓûêΓûÄ       | 1150/5000 [3:33:54<12:03:48, 11.28s/ep, cand 1149 | r0 pass 395/1140 | 
episodes solved 395 | queue r0 3849 reprompt 0 | verifying 2 | 10.3 s/proposal]
first proposals:  23%|ΓûêΓûêΓûÄ       | 1152/5000 [3:34:04<9:16:57,  8.68s/ep, cand 1151 | r0 pass 395/1142 | episodes 
solved 395 | queue r0 3847 reprompt 0 | verifying 2 | 9.9 s/proposal]  
first proposals:  23%|ΓûêΓûêΓûÄ       | 1153/5000 [3:34:12<9:12:20,  8.61s/ep, cand 1152 | r0 pass 395/1143 | episodes 
solved 395 | queue r0 3846 reprompt 0 | verifying 2 | 10.0 s/proposal]
first proposals:  23%|ΓûêΓûêΓûÄ       | 1154/5000 [3:34:30<11:36:24, 10.86s/ep, cand 1153 | r0 pass 395/1144 | 
episodes solved 395 | queue r0 3845 reprompt 0 | verifying 2 | 10.0 s/proposal]
first proposals:  23%|ΓûêΓûêΓûÄ       | 1155/5000 [3:34:42<11:47:54, 11.05s/ep, cand 1154 | r0 pass 396/1145 | 
episodes solved 396 | queue r0 3843 reprompt 0 | verifying 3 | 10.0 s/proposal]
first proposals:  23%|ΓûêΓûêΓûÄ       | 1156/5000 [3:35:02<14:33:24, 13.63s/ep, cand 1155 | r0 pass 397/1146 | 
episodes solved 397 | queue r0 3842 reprompt 0 | verifying 3 | 10.0 s/proposal]
first proposals:  23%|ΓûêΓûêΓûÄ       | 1159/5000 [3:35:26<11:10:05, 10.47s/ep, cand 1158 | r0 pass 397/1149 | 
episodes solved 397 | queue r0 3840 reprompt 0 | verifying 2 | 10.0 s/proposal]
first proposals:  23%|ΓûêΓûêΓûÄ       | 1160/5000 [3:35:36<11:10:06, 10.47s/ep, cand 1159 | r0 pass 397/1150 | 
episodes solved 397 | queue r0 3838 reprompt 0 | verifying 3 | 10.1 s/proposal]
first proposals:  23%|ΓûêΓûêΓûÄ       | 1162/5000 [3:36:05<12:41:36, 11.91s/ep, cand 1161 | r0 pass 398/1152 | 
episodes solved 398 | queue r0 3837 reprompt 0 | verifying 2 | 10.1 s/proposal]
first proposals:  23%|ΓûêΓûêΓûÄ       | 1164/5000 [3:36:15<10:16:25,  9.64s/ep, cand 1163 | r0 pass 398/1154 | 
episodes solved 398 | queue r0 3834 reprompt 0 | verifying 3 | 10.1 s/proposal]
first proposals:  23%|ΓûêΓûêΓûÄ       | 1166/5000 [3:36:33<10:00:49,  9.40s/ep, cand 1165 | r0 pass 399/1156 | 
episodes solved 399 | queue r0 3833 reprompt 0 | verifying 2 | 10.1 s/proposal]
first proposals:  23%|ΓûêΓûêΓûÄ       | 1168/5000 [3:36:53<10:13:14,  9.60s/ep, cand 1167 | r0 pass 400/1158 | 
episodes solved 400 | queue r0 3831 reprompt 0 | verifying 2 | 10.1 s/proposal]
first proposals:  23%|ΓûêΓûêΓûÄ       | 1169/5000 [3:37:03<10:17:27,  9.67s/ep, cand 1168 | r0 pass 400/1159 | 
episodes solved 400 | queue r0 3829 reprompt 0 | verifying 3 | 10.1 s/proposal]
first proposals:  23%|ΓûêΓûêΓûÄ       | 1170/5000 [3:37:12<10:08:54,  9.54s/ep, cand 1169 | r0 pass 400/1160 | 
episodes solved 400 | queue r0 3828 reprompt 0 | verifying 3 | 10.1 s/proposal]
first proposals:  23%|ΓûêΓûêΓûÄ       | 1171/5000 [3:37:24<10:47:10, 10.14s/ep, cand 1170 | r0 pass 400/1161 | 
episodes solved 400 | queue r0 3827 reprompt 0 | verifying 3 | 10.1 s/proposal]
first proposals:  23%|ΓûêΓûêΓûÄ       | 1172/5000 [3:37:33<10:23:58,  9.78s/ep, cand 1171 | r0 pass 401/1162 | 
episodes solved 401 | queue r0 3826 reprompt 0 | verifying 3 | 10.1 s/proposal]
first proposals:  23%|ΓûêΓûêΓûÄ       | 1173/5000 [3:37:43<10:18:07,  9.69s/ep, cand 1172 | r0 pass 402/1163 | 
episodes solved 402 | queue r0 3825 reprompt 0 | verifying 3 | 10.1 s/proposal]
first proposals:  23%|ΓûêΓûêΓûÄ       | 1174/5000 [3:37:51<9:56:19,  9.35s/ep, cand 1173 | r0 pass 402/1164 | episodes 
solved 402 | queue r0 3824 reprompt 0 | verifying 3 | 10.0 s/proposal] 
first proposals:  24%|ΓûêΓûêΓûÄ       | 1175/5000 [3:38:01<10:04:45,  9.49s/ep, cand 1174 | r0 pass 402/1165 | 
episodes solved 402 | queue r0 3823 reprompt 0 | verifying 3 | 10.0 s/proposal]
first proposals:  24%|ΓûêΓûêΓûÄ       | 1176/5000 [3:38:12<10:42:37, 10.08s/ep, cand 1175 | r0 pass 402/1166 | 
episodes solved 402 | queue r0 3822 reprompt 0 | verifying 3 | 10.0 s/proposal]
first proposals:  24%|ΓûêΓûêΓûÄ       | 1178/5000 [3:38:30<10:03:19,  9.47s/ep, cand 1177 | r0 pass 403/1168 | 
episodes solved 403 | queue r0 3821 reprompt 0 | verifying 2 | 10.0 s/proposal]
first proposals:  24%|ΓûêΓûêΓûÄ       | 1180/5000 [3:38:40<8:14:46,  7.77s/ep, cand 1179 | r0 pass 404/1170 | episodes 
solved 404 | queue r0 3819 reprompt 0 | verifying 2 | 9.9 s/proposal]  
first proposals:  24%|ΓûêΓûêΓûÄ       | 1181/5000 [3:38:58<10:28:51,  9.88s/ep, cand 1180 | r0 pass 405/1171 | 
episodes solved 405 | queue r0 3818 reprompt 0 | verifying 2 | 9.9 s/proposal]
first proposals:  24%|ΓûêΓûêΓûÄ       | 1183/5000 [3:39:06<8:08:37,  7.68s/ep, cand 1182 | r0 pass 405/1173 | episodes 
solved 405 | queue r0 3816 reprompt 0 | verifying 2 | 9.9 s/proposal] 
first proposals:  24%|ΓûêΓûêΓûÄ       | 1184/5000 [3:39:15<8:25:37,  7.95s/ep, cand 1183 | r0 pass 405/1174 | episodes 
solved 405 | queue r0 3815 reprompt 0 | verifying 2 | 9.8 s/proposal]
first proposals:  24%|ΓûêΓûêΓûÄ       | 1185/5000 [3:39:24<8:50:06,  8.34s/ep, cand 1184 | r0 pass 406/1175 | episodes 
solved 406 | queue r0 3814 reprompt 0 | verifying 2 | 9.7 s/proposal]
first proposals:  24%|ΓûêΓûêΓûÄ       | 1186/5000 [3:39:41<10:57:05, 10.34s/ep, cand 1185 | r0 pass 406/1176 | 
episodes solved 406 | queue r0 3813 reprompt 0 | verifying 2 | 9.7 s/proposal]
first proposals:  24%|ΓûêΓûêΓûÄ       | 1187/5000 [3:39:49<10:26:16,  9.85s/ep, cand 1186 | r0 pass 407/1177 | 
episodes solved 407 | queue r0 3812 reprompt 0 | verifying 2 | 9.9 s/proposal]
first proposals:  24%|ΓûêΓûêΓûì       | 1188/5000 [3:39:57<9:50:26,  9.29s/ep, cand 1187 | r0 pass 407/1178 | episodes 
solved 407 | queue r0 3811 reprompt 0 | verifying 2 | 9.8 s/proposal] 
first proposals:  24%|ΓûêΓûêΓûì       | 1189/5000 [3:40:09<10:45:03, 10.16s/ep, cand 1188 | r0 pass 408/1179 | 
episodes solved 408 | queue r0 3810 reprompt 0 | verifying 2 | 9.8 s/proposal]
first proposals:  24%|ΓûêΓûêΓûì       | 1190/5000 [3:40:27<13:02:16, 12.32s/ep, cand 1189 | r0 pass 408/1180 | 
episodes solved 408 | queue r0 3809 reprompt 0 | verifying 2 | 9.8 s/proposal]
first proposals:  24%|ΓûêΓûêΓûì       | 1192/5000 [3:40:37<9:33:34,  9.04s/ep, cand 1191 | r0 pass 409/1182 | episodes 
solved 409 | queue r0 3807 reprompt 0 | verifying 2 | 9.8 s/proposal] 
first proposals:  24%|ΓûêΓûêΓûì       | 1193/5000 [3:40:46<9:26:02,  8.92s/ep, cand 1192 | r0 pass 409/1183 | episodes 
solved 409 | queue r0 3806 reprompt 0 | verifying 2 | 9.7 s/proposal]
first proposals:  24%|ΓûêΓûêΓûì       | 1194/5000 [3:40:55<9:29:07,  8.97s/ep, cand 1193 | r0 pass 410/1184 | episodes 
solved 410 | queue r0 3805 reprompt 0 | verifying 2 | 9.7 s/proposal]
first proposals:  24%|ΓûêΓûêΓûì       | 1195/5000 [3:41:13<12:09:15, 11.50s/ep, cand 1194 | r0 pass 410/1185 | 
episodes solved 410 | queue r0 3804 reprompt 0 | verifying 2 | 9.7 s/proposal]
first proposals:  24%|ΓûêΓûêΓûì       | 1196/5000 [3:41:24<12:00:29, 11.36s/ep, cand 1195 | r0 pass 410/1186 | 
episodes solved 410 | queue r0 3803 reprompt 0 | verifying 2 | 9.9 s/proposal]
first proposals:  24%|ΓûêΓûêΓûì       | 1197/5000 [3:41:53<17:19:46, 16.40s/ep, cand 1196 | r0 pass 410/1187 | 
episodes solved 410 | queue r0 3802 reprompt 0 | verifying 2 | 10.0 s/proposal]
first proposals:  24%|ΓûêΓûêΓûì       | 1199/5000 [3:42:05<12:19:46, 11.68s/ep, cand 1198 | r0 pass 410/1189 | 
episodes solved 410 | queue r0 3799 reprompt 0 | verifying 3 | 9.9 s/proposal] 
first proposals:  24%|ΓûêΓûêΓûì       | 1201/5000 [3:42:13<9:08:03,  8.66s/ep, cand 1200 | r0 pass 410/1191 | episodes 
solved 410 | queue r0 3798 reprompt 0 | verifying 2 | 10.0 s/proposal]
first proposals:  24%|ΓûêΓûêΓûì       | 1202/5000 [3:42:31<11:17:39, 10.71s/ep, cand 1201 | r0 pass 411/1192 | 
episodes solved 411 | queue r0 3797 reprompt 0 | verifying 2 | 9.9 s/proposal]
first proposals:  24%|ΓûêΓûêΓûì       | 1204/5000 [3:42:53<11:26:44, 10.85s/ep, cand 1203 | r0 pass 411/1194 | 
episodes solved 411 | queue r0 3795 reprompt 0 | verifying 2 | 9.9 s/proposal]
first proposals:  24%|ΓûêΓûêΓûì       | 1205/5000 [3:43:02<11:00:02, 10.44s/ep, cand 1204 | r0 pass 411/1195 | 
episodes solved 411 | queue r0 3793 reprompt 0 | verifying 3 | 10.0 s/proposal]
first proposals:  24%|ΓûêΓûêΓûì       | 1206/5000 [3:43:13<11:11:44, 10.62s/ep, cand 1205 | r0 pass 411/1196 | 
episodes solved 411 | queue r0 3792 reprompt 0 | verifying 3 | 10.0 s/proposal]
first proposals:  24%|ΓûêΓûêΓûì       | 1208/5000 [3:43:31<10:27:08,  9.92s/ep, cand 1207 | r0 pass 411/1198 | 
episodes solved 411 | queue r0 3791 reprompt 0 | verifying 2 | 10.0 s/proposal]
first proposals:  24%|ΓûêΓûêΓûì       | 1209/5000 [3:43:42<10:41:54, 10.16s/ep, cand 1208 | r0 pass 412/1199 | 
episodes solved 412 | queue r0 3789 reprompt 0 | verifying 3 | 9.9 s/proposal] 
first proposals:  24%|ΓûêΓûêΓûì       | 1210/5000 [3:43:52<10:42:54, 10.18s/ep, cand 1209 | r0 pass 412/1200 | 
episodes solved 412 | queue r0 3788 reprompt 0 | verifying 3 | 9.9 s/proposal]
first proposals:  24%|ΓûêΓûêΓûì       | 1211/5000 [3:44:02<10:29:20,  9.97s/ep, cand 1210 | r0 pass 413/1201 | 
episodes solved 413 | queue r0 3787 reprompt 0 | verifying 3 | 9.9 s/proposal]
first proposals:  24%|ΓûêΓûêΓûì       | 1212/5000 [3:44:15<11:21:14, 10.79s/ep, cand 1211 | r0 pass 414/1202 | 
episodes solved 414 | queue r0 3786 reprompt 0 | verifying 3 | 9.9 s/proposal]
first proposals:  24%|ΓûêΓûêΓûì       | 1214/5000 [3:44:27<9:12:27,  8.76s/ep, cand 1213 | r0 pass 416/1204 | episodes 
solved 416 | queue r0 3785 reprompt 0 | verifying 2 | 10.0 s/proposal]
first proposals:  24%|ΓûêΓûêΓûì       | 1215/5000 [3:44:49<12:27:09, 11.84s/ep, cand 1214 | r0 pass 417/1205 | 
episodes solved 417 | queue r0 3784 reprompt 0 | verifying 2 | 10.0 s/proposal]
first proposals:  24%|ΓûêΓûêΓûì       | 1217/5000 [3:45:09<11:47:13, 11.22s/ep, cand 1216 | r0 pass 418/1207 | 
episodes solved 418 | queue r0 3782 reprompt 0 | verifying 2 | 10.1 s/proposal]
first proposals:  24%|ΓûêΓûêΓûì       | 1218/5000 [3:45:22<12:06:44, 11.53s/ep, cand 1217 | r0 pass 418/1208 | 
episodes solved 418 | queue r0 3780 reprompt 0 | verifying 3 | 10.1 s/proposal]
first proposals:  24%|ΓûêΓûêΓûì       | 1220/5000 [3:45:41<11:22:29, 10.83s/ep, cand 1219 | r0 pass 419/1210 | 
episodes solved 419 | queue r0 3779 reprompt 0 | verifying 2 | 10.1 s/proposal]
first proposals:  24%|ΓûêΓûêΓûì       | 1222/5000 [3:46:02<11:13:01, 10.69s/ep, cand 1221 | r0 pass 419/1212 | 
episodes solved 419 | queue r0 3777 reprompt 0 | verifying 2 | 10.1 s/proposal]
first proposals:  24%|ΓûêΓûêΓûì       | 1223/5000 [3:46:11<10:44:30, 10.24s/ep, cand 1222 | r0 pass 419/1213 | 
episodes solved 419 | queue r0 3775 reprompt 0 | verifying 3 | 10.1 s/proposal]
first proposals:  24%|ΓûêΓûêΓûì       | 1224/5000 [3:46:21<10:50:22, 10.33s/ep, cand 1223 | r0 pass 420/1214 | 
episodes solved 420 | queue r0 3774 reprompt 0 | verifying 3 | 10.1 s/proposal]
first proposals:  25%|ΓûêΓûêΓûì       | 1226/5000 [3:46:38<10:04:39,  9.61s/ep, cand 1225 | r0 pass 420/1216 | 
episodes solved 420 | queue r0 3773 reprompt 0 | verifying 2 | 10.2 s/proposal]
first proposals:  25%|ΓûêΓûêΓûì       | 1227/5000 [3:46:50<10:32:13, 10.05s/ep, cand 1226 | r0 pass 420/1217 | 
episodes solved 420 | queue r0 3771 reprompt 0 | verifying 3 | 10.1 s/proposal]
first proposals:  25%|ΓûêΓûêΓûì       | 1229/5000 [3:47:10<10:33:43, 10.08s/ep, cand 1228 | r0 pass 421/1219 | 
episodes solved 421 | queue r0 3770 reprompt 0 | verifying 2 | 10.1 s/proposal]
first proposals:  25%|ΓûêΓûêΓûì       | 1230/5000 [3:47:19<10:22:49,  9.91s/ep, cand 1229 | r0 pass 421/1220 | 
episodes solved 421 | queue r0 3768 reprompt 0 | verifying 3 | 10.2 s/proposal]
first proposals:  25%|ΓûêΓûêΓûì       | 1231/5000 [3:47:29<10:23:48,  9.93s/ep, cand 1230 | r0 pass 422/1221 | 
episodes solved 422 | queue r0 3767 reprompt 0 | verifying 3 | 10.2 s/proposal]
first proposals:  25%|ΓûêΓûêΓûì       | 1233/5000 [3:47:52<10:56:17, 10.45s/ep, cand 1232 | r0 pass 422/1223 | 
episodes solved 422 | queue r0 3766 reprompt 0 | verifying 2 | 10.2 s/proposal]
first proposals:  25%|ΓûêΓûêΓûì       | 1235/5000 [3:48:04<9:14:30,  8.84s/ep, cand 1234 | r0 pass 424/1225 | episodes 
solved 424 | queue r0 3764 reprompt 0 | verifying 2 | 10.3 s/proposal] 
first proposals:  25%|ΓûêΓûêΓûì       | 1237/5000 [3:48:32<11:09:35, 10.68s/ep, cand 1236 | r0 pass 425/1227 | 
episodes solved 425 | queue r0 3763 reprompt 0 | verifying 1 | 10.4 s/proposal]
first proposals:  25%|ΓûêΓûêΓûì       | 1239/5000 [3:48:49<10:22:31,  9.93s/ep, cand 1238 | r0 pass 425/1229 | 
episodes solved 425 | queue r0 3760 reprompt 0 | verifying 2 | 10.3 s/proposal]
first proposals:  25%|ΓûêΓûêΓûì       | 1241/5000 [3:49:07<10:00:34,  9.59s/ep, cand 1240 | r0 pass 426/1231 | 
episodes solved 426 | queue r0 3758 reprompt 0 | verifying 2 | 10.2 s/proposal]
first proposals:  25%|ΓûêΓûêΓûì       | 1243/5000 [3:49:14<8:04:36,  7.74s/ep, cand 1242 | r0 pass 426/1233 | episodes 
solved 426 | queue r0 3756 reprompt 0 | verifying 2 | 10.2 s/proposal] 
first proposals:  25%|ΓûêΓûêΓûì       | 1244/5000 [3:49:36<10:39:11, 10.21s/ep, cand 1243 | r0 pass 426/1234 | 
episodes solved 426 | queue r0 3755 reprompt 0 | verifying 2 | 10.1 s/proposal]
first proposals:  25%|ΓûêΓûêΓûì       | 1245/5000 [3:49:43<10:07:05,  9.70s/ep, cand 1244 | r0 pass 426/1235 | 
episodes solved 426 | queue r0 3753 reprompt 0 | verifying 3 | 10.0 s/proposal]
first proposals:  25%|ΓûêΓûêΓûì       | 1247/5000 [3:49:53<8:13:44,  7.89s/ep, cand 1246 | r0 pass 426/1237 | episodes 
solved 426 | queue r0 3752 reprompt 0 | verifying 2 | 9.9 s/proposal]  
first proposals:  25%|ΓûêΓûêΓûì       | 1249/5000 [3:50:11<8:39:21,  8.31s/ep, cand 1248 | r0 pass 426/1239 | episodes 
solved 426 | queue r0 3751 reprompt 0 | verifying 1 | 10.0 s/proposal]
first proposals:  25%|ΓûêΓûêΓûî       | 1250/5000 [3:50:30<10:45:11, 10.32s/ep, cand 1249 | r0 pass 427/1240 | 
episodes solved 427 | queue r0 3749 reprompt 0 | verifying 2 | 9.9 s/proposal]
first proposals:  25%|ΓûêΓûêΓûî       | 1252/5000 [3:50:50<10:36:39, 10.19s/ep, cand 1251 | r0 pass 428/1242 | 
episodes solved 428 | queue r0 3747 reprompt 0 | verifying 2 | 9.9 s/proposal]
first proposals:  25%|ΓûêΓûêΓûî       | 1253/5000 [3:51:01<10:48:06, 10.38s/ep, cand 1252 | r0 pass 429/1243 | 
episodes solved 429 | queue r0 3745 reprompt 0 | verifying 3 | 9.9 s/proposal]
first proposals:  25%|ΓûêΓûêΓûî       | 1254/5000 [3:51:13<11:17:10, 10.85s/ep, cand 1253 | r0 pass 430/1244 | 
episodes solved 430 | queue r0 3744 reprompt 0 | verifying 3 | 10.0 s/proposal]
first proposals:  25%|ΓûêΓûêΓûî       | 1255/5000 [3:51:22<10:52:32, 10.45s/ep, cand 1254 | r0 pass 430/1245 | 
episodes solved 430 | queue r0 3743 reprompt 0 | verifying 3 | 10.0 s/proposal]
first proposals:  25%|ΓûêΓûêΓûî       | 1257/5000 [3:51:40<10:12:32,  9.82s/ep, cand 1256 | r0 pass 430/1247 | 
episodes solved 430 | queue r0 3742 reprompt 0 | verifying 2 | 10.0 s/proposal]
first proposals:  25%|ΓûêΓûêΓûî       | 1259/5000 [3:51:57<9:40:23,  9.31s/ep, cand 1258 | r0 pass 431/1249 | episodes 
solved 431 | queue r0 3740 reprompt 0 | verifying 2 | 9.9 s/proposal]  
first proposals:  25%|ΓûêΓûêΓûî       | 1261/5000 [3:52:04<7:38:46,  7.36s/ep, cand 1260 | r0 pass 432/1251 | episodes 
solved 432 | queue r0 3738 reprompt 0 | verifying 2 | 9.9 s/proposal]
first proposals:  25%|ΓûêΓûêΓûî       | 1262/5000 [3:52:12<7:44:27,  7.46s/ep, cand 1261 | r0 pass 432/1252 | episodes 
solved 432 | queue r0 3737 reprompt 0 | verifying 2 | 9.8 s/proposal]
first proposals:  25%|ΓûêΓûêΓûî       | 1263/5000 [3:52:22<8:14:23,  7.94s/ep, cand 1262 | r0 pass 432/1253 | episodes 
solved 432 | queue r0 3736 reprompt 0 | verifying 2 | 9.8 s/proposal]
first proposals:  25%|ΓûêΓûêΓûî       | 1264/5000 [3:52:31<8:30:28,  8.20s/ep, cand 1263 | r0 pass 433/1254 | episodes 
solved 433 | queue r0 3735 reprompt 0 | verifying 2 | 9.7 s/proposal]
first proposals:  25%|ΓûêΓûêΓûî       | 1265/5000 [3:52:49<11:08:03, 10.73s/ep, cand 1264 | r0 pass 433/1255 | 
episodes solved 433 | queue r0 3734 reprompt 0 | verifying 2 | 9.6 s/proposal]
first proposals:  25%|ΓûêΓûêΓûî       | 1266/5000 [3:53:08<13:31:25, 13.04s/ep, cand 1265 | r0 pass 433/1256 | 
episodes solved 433 | queue r0 3732 reprompt 0 | verifying 3 | 9.6 s/proposal]
first proposals:  25%|ΓûêΓûêΓûî       | 1269/5000 [3:53:26<9:36:28,  9.27s/ep, cand 1268 | r0 pass 434/1259 | episodes 
solved 434 | queue r0 3730 reprompt 0 | verifying 2 | 9.5 s/proposal] 
first proposals:  25%|ΓûêΓûêΓûî       | 1270/5000 [3:53:37<9:58:19,  9.62s/ep, cand 1269 | r0 pass 435/1260 | episodes 
solved 435 | queue r0 3728 reprompt 0 | verifying 3 | 9.4 s/proposal]
first proposals:  25%|ΓûêΓûêΓûî       | 1272/5000 [3:53:49<8:33:53,  8.27s/ep, cand 1271 | r0 pass 435/1262 | episodes 
solved 435 | queue r0 3727 reprompt 0 | verifying 2 | 9.5 s/proposal]
first proposals:  25%|ΓûêΓûêΓûî       | 1273/5000 [3:53:58<8:39:52,  8.37s/ep, cand 1272 | r0 pass 436/1263 | episodes 
solved 436 | queue r0 3726 reprompt 0 | verifying 2 | 9.5 s/proposal]
first proposals:  26%|ΓûêΓûêΓûî       | 1275/5000 [3:54:25<10:37:28, 10.27s/ep, cand 1274 | r0 pass 436/1265 | 
episodes solved 436 | queue r0 3725 reprompt 0 | verifying 1 | 9.5 s/proposal]
first proposals:  26%|ΓûêΓûêΓûî       | 1276/5000 [3:54:33<10:07:32,  9.79s/ep, cand 1275 | r0 pass 436/1266 | 
episodes solved 436 | queue r0 3722 reprompt 0 | verifying 3 | 9.4 s/proposal]
first proposals:  26%|ΓûêΓûêΓûî       | 1277/5000 [3:54:49<11:42:19, 11.32s/ep, cand 1276 | r0 pass 436/1267 | 
episodes solved 436 | queue r0 3721 reprompt 0 | verifying 3 | 9.5 s/proposal]
first proposals:  26%|ΓûêΓûêΓûî       | 1278/5000 [3:55:00<11:29:36, 11.12s/ep, cand 1277 | r0 pass 437/1268 | 
episodes solved 437 | queue r0 3720 reprompt 0 | verifying 3 | 9.6 s/proposal]
first proposals:  26%|ΓûêΓûêΓûî       | 1280/5000 [3:55:18<10:38:18, 10.30s/ep, cand 1279 | r0 pass 437/1270 | 
episodes solved 437 | queue r0 3719 reprompt 0 | verifying 2 | 9.5 s/proposal]
first proposals:  26%|ΓûêΓûêΓûî       | 1281/5000 [3:55:26<10:02:31,  9.72s/ep, cand 1280 | r0 pass 438/1271 | 
episodes solved 438 | queue r0 3717 reprompt 0 | verifying 3 | 9.5 s/proposal]
first proposals:  26%|ΓûêΓûêΓûî       | 1283/5000 [3:55:44<9:50:31,  9.53s/ep, cand 1282 | r0 pass 439/1273 | episodes 
solved 439 | queue r0 3716 reprompt 0 | verifying 2 | 9.5 s/proposal] 
first proposals:  26%|ΓûêΓûêΓûî       | 1284/5000 [3:55:53<9:44:09,  9.43s/ep, cand 1283 | r0 pass 440/1274 | episodes 
solved 440 | queue r0 3714 reprompt 0 | verifying 3 | 9.4 s/proposal]
first proposals:  26%|ΓûêΓûêΓûî       | 1286/5000 [3:56:02<7:36:13,  7.37s/ep, cand 1285 | r0 pass 441/1276 | episodes 
solved 441 | queue r0 3713 reprompt 0 | verifying 2 | 9.4 s/proposal]
first proposals:  26%|ΓûêΓûêΓûî       | 1287/5000 [3:56:10<7:44:21,  7.50s/ep, cand 1286 | r0 pass 442/1277 | episodes 
solved 442 | queue r0 3712 reprompt 0 | verifying 2 | 9.3 s/proposal]
first proposals:  26%|ΓûêΓûêΓûî       | 1288/5000 [3:56:24<9:25:52,  9.15s/ep, cand 1287 | r0 pass 442/1278 | episodes 
solved 442 | queue r0 3711 reprompt 0 | verifying 2 | 9.3 s/proposal]
first proposals:  26%|ΓûêΓûêΓûî       | 1289/5000 [3:56:32<9:02:33,  8.77s/ep, cand 1288 | r0 pass 443/1279 | episodes 
solved 443 | queue r0 3709 reprompt 0 | verifying 3 | 9.2 s/proposal]
first proposals:  26%|ΓûêΓûêΓûî       | 1291/5000 [3:56:40<7:06:07,  6.89s/ep, cand 1290 | r0 pass 444/1281 | episodes 
solved 444 | queue r0 3708 reprompt 0 | verifying 2 | 9.2 s/proposal]
first proposals:  26%|ΓûêΓûêΓûî       | 1292/5000 [3:56:57<9:23:01,  9.11s/ep, cand 1291 | r0 pass 444/1282 | episodes 
solved 444 | queue r0 3707 reprompt 0 | verifying 2 | 9.2 s/proposal]
first proposals:  26%|ΓûêΓûêΓûî       | 1293/5000 [3:57:06<9:30:09,  9.23s/ep, cand 1292 | r0 pass 445/1283 | episodes 
solved 445 | queue r0 3705 reprompt 0 | verifying 3 | 9.2 s/proposal]
first proposals:  26%|ΓûêΓûêΓûî       | 1294/5000 [3:57:16<9:33:50,  9.29s/ep, cand 1293 | r0 pass 445/1284 | episodes 
solved 445 | queue r0 3704 reprompt 0 | verifying 3 | 9.2 s/proposal]
first proposals:  26%|ΓûêΓûêΓûî       | 1296/5000 [3:57:32<9:05:00,  8.83s/ep, cand 1295 | r0 pass 447/1286 | episodes 
solved 447 | queue r0 3703 reprompt 0 | verifying 2 | 9.2 s/proposal]
first proposals:  26%|ΓûêΓûêΓûî       | 1297/5000 [3:57:42<9:18:53,  9.06s/ep, cand 1296 | r0 pass 448/1287 | episodes 
solved 448 | queue r0 3701 reprompt 0 | verifying 3 | 9.2 s/proposal]
first proposals:  26%|ΓûêΓûêΓûî       | 1299/5000 [3:57:50<7:06:38,  6.92s/ep, cand 1298 | r0 pass 448/1289 | episodes 
solved 448 | queue r0 3700 reprompt 0 | verifying 2 | 9.2 s/proposal]
first proposals:  26%|ΓûêΓûêΓûî       | 1300/5000 [3:57:58<7:23:16,  7.19s/ep, cand 1299 | r0 pass 449/1290 | episodes 
solved 449 | queue r0 3699 reprompt 0 | verifying 2 | 9.1 s/proposal]
first proposals:  26%|ΓûêΓûêΓûî       | 1301/5000 [3:58:06<7:36:26,  7.40s/ep, cand 1300 | r0 pass 450/1291 | episodes 
solved 450 | queue r0 3698 reprompt 0 | verifying 2 | 9.1 s/proposal]
first proposals:  26%|ΓûêΓûêΓûî       | 1302/5000 [3:58:21<9:45:13,  9.50s/ep, cand 1301 | r0 pass 450/1292 | episodes 
solved 450 | queue r0 3697 reprompt 0 | verifying 2 | 9.1 s/proposal]
first proposals:  26%|ΓûêΓûêΓûî       | 1304/5000 [3:58:28<7:07:57,  6.95s/ep, cand 1303 | r0 pass 451/1294 | episodes 
solved 451 | queue r0 3695 reprompt 0 | verifying 2 | 9.0 s/proposal]
first proposals:  26%|ΓûêΓûêΓûî       | 1305/5000 [3:58:35<7:12:26,  7.02s/ep, cand 1304 | r0 pass 451/1295 | episodes 
solved 451 | queue r0 3694 reprompt 0 | verifying 2 | 8.9 s/proposal]
first proposals:  26%|ΓûêΓûêΓûî       | 1306/5000 [3:58:50<9:13:20,  8.99s/ep, cand 1305 | r0 pass 451/1296 | episodes 
solved 451 | queue r0 3693 reprompt 0 | verifying 2 | 8.8 s/proposal]
first proposals:  26%|ΓûêΓûêΓûî       | 1308/5000 [3:58:59<7:17:00,  7.10s/ep, cand 1307 | r0 pass 451/1298 | episodes 
solved 451 | queue r0 3691 reprompt 0 | verifying 2 | 8.7 s/proposal]
first proposals:  26%|ΓûêΓûêΓûî       | 1309/5000 [3:59:23<11:16:55, 11.00s/ep, cand 1308 | r0 pass 452/1299 | 
episodes solved 452 | queue r0 3690 reprompt 0 | verifying 2 | 8.8 s/proposal]
first proposals:  26%|ΓûêΓûêΓûî       | 1312/5000 [3:59:36<7:50:35,  7.66s/ep, cand 1311 | r0 pass 454/1302 | episodes 
solved 454 | queue r0 3687 reprompt 0 | verifying 2 | 8.7 s/proposal] 
first proposals:  26%|ΓûêΓûêΓûï       | 1314/5000 [3:59:42<6:20:32,  6.19s/ep, cand 1313 | r0 pass 455/1304 | episodes 
solved 455 | queue r0 3686 reprompt 0 | verifying 1 | 8.8 s/proposal]
first proposals:  26%|ΓûêΓûêΓûï       | 1314/5000 [3:59:59<6:20:32,  6.19s/ep, cand 1314 | r0 pass 456/1305 | episodes 
solved 456 | queue r0 3685 reprompt 0 | verifying 1 | 8.8 s/proposal]
first proposals:  26%|ΓûêΓûêΓûï       | 1315/5000 [4:00:06<9:41:53,  9.47s/ep, cand 1314 | r0 pass 456/1305 | episodes 
solved 456 | queue r0 3685 reprompt 0 | verifying 1 | 8.8 s/proposal]
first proposals:  26%|ΓûêΓûêΓûï       | 1317/5000 [4:00:15<7:49:35,  7.65s/ep, cand 1316 | r0 pass 457/1307 | episodes 
solved 457 | queue r0 3682 reprompt 0 | verifying 2 | 8.7 s/proposal]
first proposals:  26%|ΓûêΓûêΓûï       | 1318/5000 [4:00:29<7:49:28,  7.65s/ep, cand 1318 | r0 pass 459/1309 | episodes 
solved 459 | queue r0 3680 reprompt 0 | verifying 2 | 8.7 s/proposal]
first proposals:  26%|ΓûêΓûêΓûï       | 1319/5000 [4:00:41<9:37:06,  9.41s/ep, cand 1318 | r0 pass 459/1309 | episodes 
solved 459 | queue r0 3680 reprompt 0 | verifying 2 | 8.7 s/proposal]
first proposals:  26%|ΓûêΓûêΓûï       | 1320/5000 [4:00:48<9:17:38,  9.09s/ep, cand 1319 | r0 pass 460/1310 | episodes 
solved 460 | queue r0 3678 reprompt 0 | verifying 3 | 8.7 s/proposal]
first proposals:  26%|ΓûêΓûêΓûï       | 1322/5000 [4:00:56<7:23:06,  7.23s/ep, cand 1321 | r0 pass 460/1312 | episodes 
solved 460 | queue r0 3677 reprompt 0 | verifying 2 | 8.6 s/proposal]
first proposals:  26%|ΓûêΓûêΓûï       | 1323/5000 [4:01:09<7:22:59,  7.23s/ep, cand 1323 | r0 pass 460/1314 | episodes 
solved 460 | queue r0 3675 reprompt 0 | verifying 2 | 8.5 s/proposal]
first proposals:  26%|ΓûêΓûêΓûï       | 1324/5000 [4:01:13<7:49:21,  7.66s/ep, cand 1323 | r0 pass 460/1314 | episodes 
solved 460 | queue r0 3675 reprompt 0 | verifying 2 | 8.5 s/proposal]
first proposals:  26%|ΓûêΓûêΓûï       | 1325/5000 [4:01:29<9:34:15,  9.38s/ep, cand 1324 | r0 pass 460/1315 | episodes 
solved 460 | queue r0 3674 reprompt 0 | verifying 2 | 8.5 s/proposal]
first proposals:  27%|ΓûêΓûêΓûï       | 1327/5000 [4:01:38<7:38:25,  7.49s/ep, cand 1326 | r0 pass 460/1317 | episodes 
solved 460 | queue r0 3672 reprompt 0 | verifying 2 | 8.5 s/proposal]
first proposals:  27%|ΓûêΓûêΓûï       | 1328/5000 [4:01:49<7:38:17,  7.49s/ep, cand 1328 | r0 pass 460/1319 | episodes 
solved 460 | queue r0 3670 reprompt 0 | verifying 2 | 8.3 s/proposal]
first proposals:  27%|ΓûêΓûêΓûï       | 1329/5000 [4:02:02<9:10:05,  8.99s/ep, cand 1328 | r0 pass 460/1319 | episodes 
solved 460 | queue r0 3670 reprompt 0 | verifying 2 | 8.3 s/proposal]
first proposals:  27%|ΓûêΓûêΓûï       | 1331/5000 [4:02:17<8:40:04,  8.50s/ep, cand 1330 | r0 pass 462/1321 | episodes 
solved 462 | queue r0 3668 reprompt 0 | verifying 2 | 8.2 s/proposal]
first proposals:  27%|ΓûêΓûêΓûï       | 1333/5000 [4:02:25<7:14:39,  7.11s/ep, cand 1332 | r0 pass 462/1323 | episodes 
solved 462 | queue r0 3666 reprompt 0 | verifying 2 | 8.2 s/proposal]
first proposals:  27%|ΓûêΓûêΓûï       | 1334/5000 [4:02:39<7:14:32,  7.11s/ep, cand 1334 | r0 pass 462/1325 | episodes 
solved 462 | queue r0 3664 reprompt 0 | verifying 2 | 8.1 s/proposal]
first proposals:  27%|ΓûêΓûêΓûï       | 1335/5000 [4:02:47<8:34:27,  8.42s/ep, cand 1334 | r0 pass 462/1325 | episodes 
solved 462 | queue r0 3664 reprompt 0 | verifying 2 | 8.1 s/proposal]
first proposals:  27%|ΓûêΓûêΓûï       | 1336/5000 [4:02:57<8:50:45,  8.69s/ep, cand 1335 | r0 pass 463/1326 | episodes 
solved 463 | queue r0 3662 reprompt 0 | verifying 3 | 8.1 s/proposal]
first proposals:  27%|ΓûêΓûêΓûï       | 1338/5000 [4:03:23<10:22:26, 10.20s/ep, cand 1337 | r0 pass 464/1328 | 
episodes solved 464 | queue r0 3661 reprompt 0 | verifying 2 | 8.1 s/proposal]
first proposals:  27%|ΓûêΓûêΓûï       | 1341/5000 [4:04:04<11:48:22, 11.62s/ep, cand 1340 | r0 pass 464/1330 | 
episodes solved 464 | queue r0 3660 reprompt 0 | verifying 0 | 8.5 s/proposal]
first proposals:  27%|ΓûêΓûêΓûï       | 1343/5000 [4:04:12<9:37:17,  9.47s/ep, cand 1342 | r0 pass 464/1332 | episodes 
solved 464 | queue r0 3656 reprompt 0 | verifying 2 | 8.7 s/proposal] 
first proposals:  27%|ΓûêΓûêΓûï       | 1344/5000 [4:04:29<9:37:07,  9.47s/ep, cand 1344 | r0 pass 464/1334 | episodes 
solved 464 | queue r0 3653 reprompt 0 | verifying 3 | 8.6 s/proposal]
first proposals:  27%|ΓûêΓûêΓûï       | 1345/5000 [4:04:35<10:13:29, 10.07s/ep, cand 1344 | r0 pass 464/1334 | 
episodes solved 464 | queue r0 3653 reprompt 0 | verifying 3 | 8.6 s/proposal]
first proposals:  27%|ΓûêΓûêΓûï       | 1346/5000 [4:04:46<10:17:06, 10.13s/ep, cand 1345 | r0 pass 465/1335 | 
episodes solved 465 | queue r0 3652 reprompt 0 | verifying 3 | 8.6 s/proposal]
first proposals:  27%|ΓûêΓûêΓûï       | 1347/5000 [4:04:55<10:00:47,  9.87s/ep, cand 1346 | r0 pass 466/1336 | 
episodes solved 466 | queue r0 3651 reprompt 0 | verifying 3 | 8.6 s/proposal]
first proposals:  27%|ΓûêΓûêΓûï       | 1348/5000 [4:05:09<10:55:26, 10.77s/ep, cand 1347 | r0 pass 466/1337 | 
episodes solved 466 | queue r0 3650 reprompt 0 | verifying 3 | 8.6 s/proposal]
first proposals:  27%|ΓûêΓûêΓûï       | 1349/5000 [4:05:17<10:19:08, 10.17s/ep, cand 1348 | r0 pass 466/1338 | 
episodes solved 466 | queue r0 3649 reprompt 0 | verifying 3 | 8.8 s/proposal]
first proposals:  27%|ΓûêΓûêΓûï       | 1351/5000 [4:05:25<7:51:08,  7.75s/ep, cand 1350 | r0 pass 467/1340 | episodes 
solved 467 | queue r0 3648 reprompt 0 | verifying 2 | 8.8 s/proposal] 
first proposals:  27%|ΓûêΓûêΓûï       | 1352/5000 [4:05:34<7:59:28,  7.89s/ep, cand 1351 | r0 pass 467/1341 | episodes 
solved 467 | queue r0 3647 reprompt 0 | verifying 2 | 8.8 s/proposal]
first proposals:  27%|ΓûêΓûêΓûï       | 1353/5000 [4:05:54<11:02:53, 10.91s/ep, cand 1352 | r0 pass 468/1342 | 
episodes solved 468 | queue r0 3646 reprompt 0 | verifying 2 | 8.8 s/proposal]
first proposals:  27%|ΓûêΓûêΓûï       | 1354/5000 [4:06:00<9:48:01,  9.68s/ep, cand 1353 | r0 pass 469/1343 | episodes 
solved 469 | queue r0 3644 reprompt 0 | verifying 3 | 8.9 s/proposal] 
first proposals:  27%|ΓûêΓûêΓûï       | 1355/5000 [4:06:07<8:54:38,  8.80s/ep, cand 1354 | r0 pass 469/1344 | episodes 
solved 469 | queue r0 3643 reprompt 0 | verifying 3 | 8.9 s/proposal]
first proposals:  27%|ΓûêΓûêΓûï       | 1357/5000 [4:06:14<6:33:49,  6.49s/ep, cand 1356 | r0 pass 469/1346 | episodes 
solved 469 | queue r0 3642 reprompt 0 | verifying 2 | 8.9 s/proposal]
first proposals:  27%|ΓûêΓûêΓûï       | 1359/5000 [4:06:32<7:32:49,  7.46s/ep, cand 1358 | r0 pass 470/1348 | episodes 
solved 470 | queue r0 3641 reprompt 0 | verifying 1 | 8.8 s/proposal]
first proposals:  27%|ΓûêΓûêΓûï       | 1360/5000 [4:06:47<9:10:29,  9.07s/ep, cand 1359 | r0 pass 471/1349 | episodes 
solved 471 | queue r0 3639 reprompt 0 | verifying 2 | 8.9 s/proposal]
first proposals:  27%|ΓûêΓûêΓûï       | 1362/5000 [4:06:53<6:53:47,  6.82s/ep, cand 1361 | r0 pass 471/1351 | episodes 
solved 471 | queue r0 3637 reprompt 0 | verifying 2 | 8.8 s/proposal]
first proposals:  27%|ΓûêΓûêΓûï       | 1362/5000 [4:07:09<6:53:47,  6.82s/ep, cand 1362 | r0 pass 471/1352 | episodes 
solved 471 | queue r0 3636 reprompt 0 | verifying 2 | 8.7 s/proposal]
first proposals:  27%|ΓûêΓûêΓûï       | 1363/5000 [4:07:12<9:38:20,  9.54s/ep, cand 1362 | r0 pass 471/1352 | episodes 
solved 471 | queue r0 3636 reprompt 0 | verifying 2 | 8.7 s/proposal]
first proposals:  27%|ΓûêΓûêΓûï       | 1366/5000 [4:07:21<6:24:18,  6.35s/ep, cand 1365 | r0 pass 473/1355 | episodes 
solved 473 | queue r0 3634 reprompt 0 | verifying 1 | 8.8 s/proposal]
first proposals:  27%|ΓûêΓûêΓûï       | 1366/5000 [4:07:31<6:24:18,  6.35s/ep, cand 1366 | r0 pass 473/1356 | episodes 
solved 473 | queue r0 3633 reprompt 0 | verifying 1 | 8.9 s/proposal]
first proposals:  27%|ΓûêΓûêΓûï       | 1367/5000 [4:07:37<8:16:24,  8.20s/ep, cand 1366 | r0 pass 473/1356 | episodes 
solved 473 | queue r0 3633 reprompt 0 | verifying 1 | 8.9 s/proposal]
first proposals:  27%|ΓûêΓûêΓûï       | 1368/5000 [4:07:44<8:02:11,  7.97s/ep, cand 1367 | r0 pass 474/1357 | episodes 
solved 474 | queue r0 3631 reprompt 0 | verifying 2 | 8.8 s/proposal]
first proposals:  27%|ΓûêΓûêΓûï       | 1369/5000 [4:07:59<8:02:03,  7.97s/ep, cand 1369 | r0 pass 474/1359 | episodes 
solved 474 | queue r0 3629 reprompt 0 | verifying 2 | 8.8 s/proposal]
first proposals:  27%|ΓûêΓûêΓûï       | 1370/5000 [4:08:02<8:22:39,  8.31s/ep, cand 1369 | r0 pass 474/1359 | episodes 
solved 474 | queue r0 3629 reprompt 0 | verifying 2 | 8.8 s/proposal]
first proposals:  27%|ΓûêΓûêΓûï       | 1371/5000 [4:08:18<9:58:04,  9.89s/ep, cand 1370 | r0 pass 474/1360 | episodes 
solved 474 | queue r0 3628 reprompt 0 | verifying 2 | 8.8 s/proposal]
first proposals:  27%|ΓûêΓûêΓûï       | 1372/5000 [4:08:27<9:40:00,  9.59s/ep, cand 1371 | r0 pass 474/1361 | episodes 
solved 474 | queue r0 3626 reprompt 0 | verifying 3 | 8.8 s/proposal]
first proposals:  28%|ΓûêΓûêΓûè       | 1375/5000 [4:08:49<8:37:03,  8.56s/ep, cand 1374 | r0 pass 476/1364 | episodes 
solved 476 | queue r0 3625 reprompt 0 | verifying 1 | 8.8 s/proposal]
first proposals:  28%|ΓûêΓûêΓûè       | 1376/5000 [4:08:58<8:39:33,  8.60s/ep, cand 1375 | r0 pass 476/1365 | episodes 
solved 476 | queue r0 3622 reprompt 0 | verifying 3 | 8.8 s/proposal]
first proposals:  28%|ΓûêΓûêΓûè       | 1378/5000 [4:09:05<6:55:13,  6.88s/ep, cand 1377 | r0 pass 476/1367 | episodes 
solved 476 | queue r0 3621 reprompt 0 | verifying 2 | 8.8 s/proposal]
first proposals:  28%|ΓûêΓûêΓûè       | 1378/5000 [4:09:19<6:55:13,  6.88s/ep, cand 1378 | r0 pass 476/1368 | episodes 
solved 476 | queue r0 3620 reprompt 0 | verifying 2 | 8.8 s/proposal]
first proposals:  28%|ΓûêΓûêΓûè       | 1379/5000 [4:09:22<8:58:39,  8.93s/ep, cand 1378 | r0 pass 476/1368 | episodes 
solved 476 | queue r0 3620 reprompt 0 | verifying 2 | 8.8 s/proposal]
first proposals:  28%|ΓûêΓûêΓûè       | 1381/5000 [4:09:38<8:32:57,  8.50s/ep, cand 1380 | r0 pass 476/1370 | episodes 
solved 476 | queue r0 3618 reprompt 0 | verifying 2 | 8.8 s/proposal]
first proposals:  28%|ΓûêΓûêΓûè       | 1384/5000 [4:09:46<6:01:38,  6.00s/ep, cand 1383 | r0 pass 477/1373 | episodes 
solved 477 | queue r0 3616 reprompt 0 | verifying 1 | 8.8 s/proposal]
first proposals:  28%|ΓûêΓûêΓûè       | 1384/5000 [4:09:59<6:01:38,  6.00s/ep, cand 1384 | r0 pass 477/1374 | episodes 
solved 477 | queue r0 3615 reprompt 0 | verifying 1 | 8.8 s/proposal]
first proposals:  28%|ΓûêΓûêΓûè       | 1385/5000 [4:10:17<10:14:56, 10.21s/ep, cand 1384 | r0 pass 477/1374 | 
episodes solved 477 | queue r0 3615 reprompt 0 | verifying 1 | 8.8 s/proposal]
first proposals:  28%|ΓûêΓûêΓûè       | 1386/5000 [4:10:25<9:49:52,  9.79s/ep, cand 1385 | r0 pass 478/1375 | episodes 
solved 478 | queue r0 3612 reprompt 0 | verifying 3 | 9.0 s/proposal] 
first proposals:  28%|ΓûêΓûêΓûè       | 1387/5000 [4:10:39<9:49:42,  9.79s/ep, cand 1387 | r0 pass 479/1377 | episodes 
solved 479 | queue r0 3610 reprompt 0 | verifying 3 | 8.6 s/proposal]
first proposals:  28%|ΓûêΓûêΓûè       | 1388/5000 [4:10:45<9:56:40,  9.91s/ep, cand 1387 | r0 pass 479/1377 | episodes 
solved 479 | queue r0 3610 reprompt 0 | verifying 3 | 8.6 s/proposal]
first proposals:  28%|ΓûêΓûêΓûè       | 1390/5000 [4:10:53<7:59:30,  7.97s/ep, cand 1389 | r0 pass 479/1379 | episodes 
solved 479 | queue r0 3609 reprompt 0 | verifying 2 | 8.6 s/proposal]
first proposals:  28%|ΓûêΓûêΓûè       | 1391/5000 [4:11:09<7:59:22,  7.97s/ep, cand 1391 | r0 pass 479/1381 | episodes 
solved 479 | queue r0 3608 reprompt 0 | verifying 1 | 8.6 s/proposal]
first proposals:  28%|ΓûêΓûêΓûè       | 1392/5000 [4:11:24<10:25:35, 10.40s/ep, cand 1391 | r0 pass 479/1381 | 
episodes solved 479 | queue r0 3608 reprompt 0 | verifying 1 | 8.6 s/proposal]
first proposals:  28%|ΓûêΓûêΓûè       | 1393/5000 [4:11:34<10:16:56, 10.26s/ep, cand 1392 | r0 pass 480/1382 | 
episodes solved 480 | queue r0 3605 reprompt 0 | verifying 3 | 8.6 s/proposal]
first proposals:  28%|ΓûêΓûêΓûè       | 1395/5000 [4:11:57<10:43:56, 10.72s/ep, cand 1394 | r0 pass 481/1384 | 
episodes solved 481 | queue r0 3604 reprompt 0 | verifying 2 | 8.7 s/proposal]
first proposals:  28%|ΓûêΓûêΓûè       | 1398/5000 [4:12:07<7:30:49,  7.51s/ep, cand 1397 | r0 pass 482/1387 | episodes 
solved 482 | queue r0 3602 reprompt 0 | verifying 1 | 8.8 s/proposal] 
first proposals:  28%|ΓûêΓûêΓûè       | 1398/5000 [4:12:19<7:30:49,  7.51s/ep, cand 1398 | r0 pass 482/1388 | episodes 
solved 482 | queue r0 3601 reprompt 0 | verifying 1 | 8.8 s/proposal]
first proposals:  28%|ΓûêΓûêΓûè       | 1399/5000 [4:12:25<9:23:53,  9.40s/ep, cand 1398 | r0 pass 482/1388 | episodes 
solved 482 | queue r0 3601 reprompt 0 | verifying 1 | 8.8 s/proposal]
first proposals:  28%|ΓûêΓûêΓûè       | 1400/5000 [4:12:44<11:10:16, 11.17s/ep, cand 1399 | r0 pass 482/1389 | 
episodes solved 482 | queue r0 3599 reprompt 0 | verifying 2 | 8.7 s/proposal]
first proposals:  28%|ΓûêΓûêΓûè       | 1401/5000 [4:12:55<11:05:44, 11.10s/ep, cand 1400 | r0 pass 483/1390 | 
episodes solved 483 | queue r0 3597 reprompt 0 | verifying 3 | 8.7 s/proposal]
first proposals:  28%|ΓûêΓûêΓûè       | 1403/5000 [4:13:14<10:36:45, 10.62s/ep, cand 1402 | r0 pass 485/1392 | 
episodes solved 485 | queue r0 3596 reprompt 0 | verifying 2 | 8.8 s/proposal]
first proposals:  28%|ΓûêΓûêΓûè       | 1404/5000 [4:13:26<10:46:53, 10.79s/ep, cand 1403 | r0 pass 486/1393 | 
episodes solved 486 | queue r0 3594 reprompt 0 | verifying 3 | 8.8 s/proposal]
first proposals:  28%|ΓûêΓûêΓûè       | 1406/5000 [4:13:35<8:21:45,  8.38s/ep, cand 1405 | r0 pass 488/1395 | episodes 
solved 488 | queue r0 3593 reprompt 0 | verifying 2 | 8.9 s/proposal] 
first proposals:  28%|ΓûêΓûêΓûè       | 1407/5000 [4:13:49<8:21:37,  8.38s/ep, cand 1407 | r0 pass 489/1397 | episodes 
solved 489 | queue r0 3591 reprompt 0 | verifying 2 | 9.0 s/proposal]
first proposals:  28%|ΓûêΓûêΓûè       | 1408/5000 [4:14:05<10:47:15, 10.81s/ep, cand 1407 | r0 pass 489/1397 | 
episodes solved 489 | queue r0 3591 reprompt 0 | verifying 2 | 9.0 s/proposal]
first proposals:  28%|ΓûêΓûêΓûè       | 1410/5000 [4:14:29<11:04:15, 11.10s/ep, cand 1409 | r0 pass 491/1399 | 
episodes solved 491 | queue r0 3589 reprompt 0 | verifying 2 | 9.0 s/proposal]
first proposals:  28%|ΓûêΓûêΓûè       | 1412/5000 [4:14:38<8:56:10,  8.97s/ep, cand 1411 | r0 pass 491/1401 | episodes 
solved 491 | queue r0 3587 reprompt 0 | verifying 2 | 9.2 s/proposal] 
first proposals:  28%|ΓûêΓûêΓûè       | 1413/5000 [4:14:49<8:56:01,  8.97s/ep, cand 1413 | r0 pass 491/1403 | episodes 
solved 491 | queue r0 3585 reprompt 0 | verifying 2 | 9.3 s/proposal]
first proposals:  28%|ΓûêΓûêΓûè       | 1414/5000 [4:14:54<8:38:21,  8.67s/ep, cand 1413 | r0 pass 491/1403 | episodes 
solved 491 | queue r0 3585 reprompt 0 | verifying 2 | 9.3 s/proposal]
first proposals:  28%|ΓûêΓûêΓûè       | 1415/5000 [4:15:06<9:15:07,  9.29s/ep, cand 1414 | r0 pass 491/1404 | episodes 
solved 491 | queue r0 3584 reprompt 0 | verifying 2 | 9.2 s/proposal]
first proposals:  28%|ΓûêΓûêΓûè       | 1416/5000 [4:15:13<8:54:36,  8.95s/ep, cand 1415 | r0 pass 491/1405 | episodes 
solved 491 | queue r0 3583 reprompt 0 | verifying 2 | 9.3 s/proposal]
first proposals:  28%|ΓûêΓûêΓûè       | 1417/5000 [4:15:24<9:19:49,  9.37s/ep, cand 1416 | r0 pass 492/1406 | episodes 
solved 492 | queue r0 3582 reprompt 0 | verifying 2 | 9.3 s/proposal]
first proposals:  28%|ΓûêΓûêΓûè       | 1418/5000 [4:15:42<11:27:24, 11.51s/ep, cand 1417 | r0 pass 492/1407 | 
episodes solved 492 | queue r0 3581 reprompt 0 | verifying 2 | 9.3 s/proposal]
first proposals:  28%|ΓûêΓûêΓûè       | 1419/5000 [4:15:52<11:04:58, 11.14s/ep, cand 1418 | r0 pass 493/1408 | 
episodes solved 493 | queue r0 3579 reprompt 0 | verifying 3 | 9.3 s/proposal]
first proposals:  28%|ΓûêΓûêΓûè       | 1420/5000 [4:16:02<10:45:37, 10.82s/ep, cand 1419 | r0 pass 494/1409 | 
episodes solved 494 | queue r0 3578 reprompt 0 | verifying 3 | 9.4 s/proposal]
first proposals:  28%|ΓûêΓûêΓûè       | 1422/5000 [4:16:22<10:17:53, 10.36s/ep, cand 1421 | r0 pass 495/1411 | 
episodes solved 495 | queue r0 3577 reprompt 0 | verifying 2 | 9.4 s/proposal]
first proposals:  28%|ΓûêΓûêΓûè       | 1423/5000 [4:16:29<9:38:12,  9.70s/ep, cand 1422 | r0 pass 495/1412 | episodes 
solved 495 | queue r0 3575 reprompt 0 | verifying 3 | 9.5 s/proposal] 
first proposals:  29%|ΓûêΓûêΓûè       | 1426/5000 [4:16:47<7:42:10,  7.76s/ep, cand 1425 | r0 pass 495/1415 | episodes 
solved 495 | queue r0 3574 reprompt 0 | verifying 1 | 9.5 s/proposal]
first proposals:  29%|ΓûêΓûêΓûè       | 1427/5000 [4:17:04<9:26:15,  9.51s/ep, cand 1426 | r0 pass 496/1416 | episodes 
solved 496 | queue r0 3572 reprompt 0 | verifying 2 | 9.5 s/proposal]
first proposals:  29%|ΓûêΓûêΓûè       | 1429/5000 [4:17:24<9:35:08,  9.66s/ep, cand 1428 | r0 pass 496/1418 | episodes 
solved 496 | queue r0 3570 reprompt 0 | verifying 2 | 9.5 s/proposal]
first proposals:  29%|ΓûêΓûêΓûè       | 1431/5000 [4:17:32<7:39:30,  7.72s/ep, cand 1430 | r0 pass 497/1420 | episodes 
solved 497 | queue r0 3568 reprompt 0 | verifying 2 | 9.6 s/proposal]
first proposals:  29%|ΓûêΓûêΓûè       | 1432/5000 [4:17:52<10:08:22, 10.23s/ep, cand 1431 | r0 pass 497/1421 | 
episodes solved 497 | queue r0 3567 reprompt 0 | verifying 2 | 9.6 s/proposal]
first proposals:  29%|ΓûêΓûêΓûè       | 1433/5000 [4:18:05<10:47:32, 10.89s/ep, cand 1432 | r0 pass 497/1422 | 
episodes solved 497 | queue r0 3565 reprompt 0 | verifying 3 | 9.7 s/proposal]
first proposals:  29%|ΓûêΓûêΓûè       | 1434/5000 [4:18:24<12:31:05, 12.64s/ep, cand 1433 | r0 pass 498/1423 | 
episodes solved 498 | queue r0 3564 reprompt 0 | verifying 3 | 9.7 s/proposal]
first proposals:  29%|ΓûêΓûêΓûè       | 1437/5000 [4:18:41<9:08:11,  9.23s/ep, cand 1436 | r0 pass 499/1426 | episodes 
solved 499 | queue r0 3563 reprompt 0 | verifying 1 | 9.9 s/proposal] 
first proposals:  29%|ΓûêΓûêΓûë       | 1438/5000 [4:19:04<11:37:16, 11.75s/ep, cand 1437 | r0 pass 499/1427 | 
episodes solved 499 | queue r0 3561 reprompt 0 | verifying 2 | 9.9 s/proposal]
first proposals:  29%|ΓûêΓûêΓûë       | 1439/5000 [4:19:14<11:26:30, 11.57s/ep, cand 1438 | r0 pass 499/1428 | 
episodes solved 499 | queue r0 3559 reprompt 0 | verifying 3 | 9.9 s/proposal]
first proposals:  29%|ΓûêΓûêΓûë       | 1440/5000 [4:19:23<10:46:12, 10.89s/ep, cand 1439 | r0 pass 499/1429 | 
episodes solved 499 | queue r0 3558 reprompt 0 | verifying 3 | 10.0 s/proposal]
first proposals:  29%|ΓûêΓûêΓûë       | 1442/5000 [4:19:34<8:36:58,  8.72s/ep, cand 1441 | r0 pass 500/1431 | episodes 
solved 500 | queue r0 3557 reprompt 0 | verifying 2 | 10.0 s/proposal] 
first proposals:  29%|ΓûêΓûêΓûë       | 1443/5000 [4:19:53<10:54:00, 11.03s/ep, cand 1442 | r0 pass 501/1432 | 
episodes solved 501 | queue r0 3556 reprompt 0 | verifying 2 | 10.0 s/proposal]
first proposals:  29%|ΓûêΓûêΓûë       | 1445/5000 [4:20:15<10:51:42, 11.00s/ep, cand 1444 | r0 pass 501/1434 | 
episodes solved 501 | queue r0 3554 reprompt 0 | verifying 2 | 10.0 s/proposal]
first proposals:  29%|ΓûêΓûêΓûë       | 1446/5000 [4:20:27<10:57:54, 11.11s/ep, cand 1445 | r0 pass 501/1435 | 
episodes solved 501 | queue r0 3552 reprompt 0 | verifying 3 | 9.9 s/proposal] 
first proposals:  29%|ΓûêΓûêΓûë       | 1449/5000 [4:20:57<10:32:43, 10.69s/ep, cand 1448 | r0 pass 502/1438 | 
episodes solved 502 | queue r0 3551 reprompt 0 | verifying 1 | 10.0 s/proposal]
first proposals:  29%|ΓûêΓûêΓûë       | 1452/5000 [4:21:18<9:00:59,  9.15s/ep, cand 1451 | r0 pass 503/1441 | episodes 
solved 503 | queue r0 3548 reprompt 0 | verifying 1 | 10.0 s/proposal] 
first proposals:  29%|ΓûêΓûêΓûë       | 1453/5000 [4:21:41<11:13:49, 11.40s/ep, cand 1452 | r0 pass 503/1442 | 
episodes solved 503 | queue r0 3546 reprompt 0 | verifying 2 | 10.0 s/proposal]
first proposals:  29%|ΓûêΓûêΓûë       | 1455/5000 [4:21:54<9:39:21,  9.81s/ep, cand 1454 | r0 pass 503/1444 | episodes 
solved 503 | queue r0 3544 reprompt 0 | verifying 2 | 10.1 s/proposal] 
first proposals:  29%|ΓûêΓûêΓûë       | 1456/5000 [4:22:11<11:03:27, 11.23s/ep, cand 1455 | r0 pass 504/1445 | 
episodes solved 504 | queue r0 3543 reprompt 0 | verifying 2 | 10.1 s/proposal]
first proposals:  29%|ΓûêΓûêΓûë       | 1458/5000 [4:22:35<11:18:05, 11.49s/ep, cand 1457 | r0 pass 505/1447 | 
episodes solved 505 | queue r0 3541 reprompt 0 | verifying 2 | 10.1 s/proposal]
first proposals:  29%|ΓûêΓûêΓûë       | 1460/5000 [4:22:55<10:43:09, 10.90s/ep, cand 1459 | r0 pass 505/1449 | 
episodes solved 505 | queue r0 3539 reprompt 0 | verifying 2 | 10.2 s/proposal]
first proposals:  29%|ΓûêΓûêΓûë       | 1462/5000 [4:23:14<10:19:41, 10.51s/ep, cand 1461 | r0 pass 505/1451 | 
episodes solved 505 | queue r0 3537 reprompt 0 | verifying 2 | 10.1 s/proposal]
first proposals:  29%|ΓûêΓûêΓûë       | 1464/5000 [4:23:35<10:22:03, 10.56s/ep, cand 1463 | r0 pass 506/1453 | 
episodes solved 506 | queue r0 3535 reprompt 0 | verifying 2 | 10.1 s/proposal]
first proposals:  29%|ΓûêΓûêΓûë       | 1466/5000 [4:23:55<10:09:14, 10.34s/ep, cand 1465 | r0 pass 507/1455 | 
episodes solved 507 | queue r0 3533 reprompt 0 | verifying 2 | 10.2 s/proposal]
first proposals:  29%|ΓûêΓûêΓûë       | 1468/5000 [4:24:04<8:21:07,  8.51s/ep, cand 1467 | r0 pass 508/1457 | episodes 
solved 508 | queue r0 3531 reprompt 0 | verifying 2 | 10.2 s/proposal] 
first proposals:  29%|ΓûêΓûêΓûë       | 1469/5000 [4:24:15<8:46:58,  8.95s/ep, cand 1468 | r0 pass 508/1458 | episodes 
solved 508 | queue r0 3530 reprompt 0 | verifying 2 | 10.2 s/proposal]
first proposals:  29%|ΓûêΓûêΓûë       | 1470/5000 [4:24:25<9:00:55,  9.19s/ep, cand 1469 | r0 pass 508/1459 | episodes 
solved 508 | queue r0 3529 reprompt 0 | verifying 2 | 10.2 s/proposal]
first proposals:  29%|ΓûêΓûêΓûë       | 1471/5000 [4:24:35<9:14:56,  9.44s/ep, cand 1470 | r0 pass 509/1460 | episodes 
solved 509 | queue r0 3528 reprompt 0 | verifying 2 | 10.2 s/proposal]
first proposals:  29%|ΓûêΓûêΓûë       | 1472/5000 [4:24:55<11:39:10, 11.89s/ep, cand 1471 | r0 pass 509/1461 | 
episodes solved 509 | queue r0 3527 reprompt 0 | verifying 2 | 10.2 s/proposal]
first proposals:  30%|ΓûêΓûêΓûë       | 1475/5000 [4:25:22<10:12:09, 10.42s/ep, cand 1474 | r0 pass 510/1464 | 
episodes solved 510 | queue r0 3525 reprompt 0 | verifying 1 | 10.2 s/proposal]
first proposals:  30%|ΓûêΓûêΓûë       | 1477/5000 [4:25:44<10:21:33, 10.59s/ep, cand 1476 | r0 pass 511/1466 | 
episodes solved 511 | queue r0 3523 reprompt 0 | verifying 1 | 10.4 s/proposal]
first proposals:  30%|ΓûêΓûêΓûë       | 1479/5000 [4:26:05<10:26:43, 10.68s/ep, cand 1478 | r0 pass 512/1468 | 
episodes solved 512 | queue r0 3521 reprompt 0 | verifying 1 | 10.5 s/proposal]
first proposals:  30%|ΓûêΓûêΓûë       | 1480/5000 [4:26:15<10:09:32, 10.39s/ep, cand 1479 | r0 pass 512/1469 | 
episodes solved 512 | queue r0 3519 reprompt 0 | verifying 2 | 10.6 s/proposal]
first proposals:  30%|ΓûêΓûêΓûë       | 1481/5000 [4:26:36<12:19:41, 12.61s/ep, cand 1480 | r0 pass 512/1470 | 
episodes solved 512 | queue r0 3518 reprompt 0 | verifying 2 | 10.6 s/proposal]
first proposals:  30%|ΓûêΓûêΓûë       | 1483/5000 [4:26:47<9:45:40,  9.99s/ep, cand 1482 | r0 pass 513/1472 | episodes 
solved 513 | queue r0 3516 reprompt 0 | verifying 2 | 10.7 s/proposal] 
first proposals:  30%|ΓûêΓûêΓûë       | 1484/5000 [4:26:55<9:29:15,  9.71s/ep, cand 1483 | r0 pass 513/1473 | episodes 
solved 513 | queue r0 3515 reprompt 0 | verifying 2 | 10.7 s/proposal]
first proposals:  30%|ΓûêΓûêΓûë       | 1485/5000 [4:27:05<9:30:11,  9.73s/ep, cand 1484 | r0 pass 514/1474 | episodes 
solved 514 | queue r0 3514 reprompt 0 | verifying 2 | 10.6 s/proposal]
first proposals:  30%|ΓûêΓûêΓûë       | 1486/5000 [4:27:23<11:23:42, 11.67s/ep, cand 1485 | r0 pass 515/1475 | 
episodes solved 515 | queue r0 3513 reprompt 0 | verifying 2 | 10.4 s/proposal]
first proposals:  30%|ΓûêΓûêΓûë       | 1487/5000 [4:27:34<11:09:46, 11.44s/ep, cand 1486 | r0 pass 515/1476 | 
episodes solved 515 | queue r0 3511 reprompt 0 | verifying 3 | 10.4 s/proposal]
first proposals:  30%|ΓûêΓûêΓûë       | 1489/5000 [4:27:58<11:34:17, 11.86s/ep, cand 1488 | r0 pass 516/1478 | 
episodes solved 516 | queue r0 3510 reprompt 0 | verifying 2 | 10.4 s/proposal]
first proposals:  30%|ΓûêΓûêΓûë       | 1491/5000 [4:28:17<10:37:30, 10.90s/ep, cand 1490 | r0 pass 517/1480 | 
episodes solved 517 | queue r0 3508 reprompt 0 | verifying 2 | 10.4 s/proposal]
first proposals:  30%|ΓûêΓûêΓûë       | 1492/5000 [4:28:27<10:23:48, 10.67s/ep, cand 1491 | r0 pass 517/1481 | 
episodes solved 517 | queue r0 3506 reprompt 0 | verifying 3 | 10.4 s/proposal]
first proposals:  30%|ΓûêΓûêΓûë       | 1495/5000 [4:29:00<10:36:45, 10.90s/ep, cand 1494 | r0 pass 518/1484 | 
episodes solved 518 | queue r0 3505 reprompt 0 | verifying 1 | 10.4 s/proposal]
first proposals:  30%|ΓûêΓûêΓûë       | 1497/5000 [4:29:11<8:55:38,  9.17s/ep, cand 1496 | r0 pass 519/1486 | episodes 
solved 519 | queue r0 3502 reprompt 0 | verifying 2 | 10.5 s/proposal] 
first proposals:  30%|ΓûêΓûêΓûë       | 1498/5000 [4:29:21<9:07:54,  9.39s/ep, cand 1497 | r0 pass 519/1487 | episodes 
solved 519 | queue r0 3501 reprompt 0 | verifying 2 | 10.5 s/proposal]
first proposals:  30%|ΓûêΓûêΓûê       | 1500/5000 [4:29:57<11:58:25, 12.32s/ep, cand 1499 | r0 pass 519/1489 | 
episodes solved 519 | queue r0 3500 reprompt 0 | verifying 1 | 10.5 s/proposal]
first proposals:  30%|ΓûêΓûêΓûê       | 1501/5000 [4:30:09<11:48:47, 12.15s/ep, cand 1500 | r0 pass 519/1490 | 
episodes solved 519 | queue r0 3497 reprompt 0 | verifying 3 | 10.5 s/proposal]
first proposals:  30%|ΓûêΓûêΓûê       | 1503/5000 [4:30:33<11:47:00, 12.13s/ep, cand 1502 | r0 pass 520/1492 | 
episodes solved 520 | queue r0 3496 reprompt 0 | verifying 2 | 10.6 s/proposal]
first proposals:  30%|ΓûêΓûêΓûê       | 1504/5000 [4:30:47<12:13:09, 12.58s/ep, cand 1503 | r0 pass 521/1493 | 
episodes solved 521 | queue r0 3494 reprompt 0 | verifying 3 | 10.6 s/proposal]
first proposals:  30%|ΓûêΓûêΓûê       | 1507/5000 [4:30:56<7:48:01,  8.04s/ep, cand 1506 | r0 pass 523/1496 | episodes 
solved 523 | queue r0 3493 reprompt 0 | verifying 1 | 10.6 s/proposal] 
first proposals:  30%|ΓûêΓûêΓûê       | 1508/5000 [4:31:28<12:01:47, 12.40s/ep, cand 1507 | r0 pass 523/1497 | 
episodes solved 523 | queue r0 3492 reprompt 0 | verifying 1 | 10.6 s/proposal]
first proposals:  30%|ΓûêΓûêΓûê       | 1509/5000 [4:31:36<11:05:40, 11.44s/ep, cand 1508 | r0 pass 523/1498 | 
episodes solved 523 | queue r0 3489 reprompt 0 | verifying 3 | 10.6 s/proposal]
first proposals:  30%|ΓûêΓûêΓûê       | 1511/5000 [4:31:45<8:40:43,  8.95s/ep, cand 1510 | r0 pass 524/1500 | episodes 
solved 524 | queue r0 3488 reprompt 0 | verifying 2 | 10.6 s/proposal] 
first proposals:  30%|ΓûêΓûêΓûê       | 1513/5000 [4:32:12<10:14:27, 10.57s/ep, cand 1512 | r0 pass 524/1502 | 
episodes solved 524 | queue r0 3487 reprompt 0 | verifying 1 | 10.6 s/proposal]
first proposals:  30%|ΓûêΓûêΓûê       | 1514/5000 [4:32:22<10:02:02, 10.36s/ep, cand 1513 | r0 pass 524/1503 | 
episodes solved 524 | queue r0 3484 reprompt 0 | verifying 3 | 10.5 s/proposal]
first proposals:  30%|ΓûêΓûêΓûê       | 1516/5000 [4:32:32<8:15:29,  8.53s/ep, cand 1515 | r0 pass 525/1505 | episodes 
solved 525 | queue r0 3483 reprompt 0 | verifying 2 | 10.5 s/proposal] 
first proposals:  30%|ΓûêΓûêΓûê       | 1517/5000 [4:32:57<11:20:50, 11.73s/ep, cand 1516 | r0 pass 525/1506 | 
episodes solved 525 | queue r0 3482 reprompt 0 | verifying 2 | 10.5 s/proposal]
first proposals:  30%|ΓûêΓûêΓûê       | 1519/5000 [4:33:10<9:30:54,  9.84s/ep, cand 1518 | r0 pass 525/1508 | episodes 
solved 525 | queue r0 3480 reprompt 0 | verifying 2 | 10.6 s/proposal] 
first proposals:  30%|ΓûêΓûêΓûê       | 1520/5000 [4:33:21<9:51:10, 10.19s/ep, cand 1519 | r0 pass 526/1509 | episodes 
solved 526 | queue r0 3479 reprompt 0 | verifying 2 | 10.7 s/proposal]
first proposals:  30%|ΓûêΓûêΓûê       | 1521/5000 [4:33:30<9:27:17,  9.78s/ep, cand 1520 | r0 pass 526/1510 | episodes 
solved 526 | queue r0 3478 reprompt 0 | verifying 2 | 10.7 s/proposal]
first proposals:  30%|ΓûêΓûêΓûê       | 1522/5000 [4:33:46<11:06:10, 11.49s/ep, cand 1521 | r0 pass 526/1511 | 
episodes solved 526 | queue r0 3477 reprompt 0 | verifying 2 | 10.6 s/proposal]
first proposals:  30%|ΓûêΓûêΓûê       | 1524/5000 [4:34:05<10:11:53, 10.56s/ep, cand 1523 | r0 pass 527/1513 | 
episodes solved 527 | queue r0 3475 reprompt 0 | verifying 2 | 10.6 s/proposal]
first proposals:  31%|ΓûêΓûêΓûê       | 1526/5000 [4:34:25<9:58:48, 10.34s/ep, cand 1525 | r0 pass 527/1515 | episodes 
solved 527 | queue r0 3473 reprompt 0 | verifying 2 | 10.4 s/proposal] 
first proposals:  31%|ΓûêΓûêΓûê       | 1528/5000 [4:34:34<8:05:40,  8.39s/ep, cand 1527 | r0 pass 528/1517 | episodes 
solved 528 | queue r0 3471 reprompt 0 | verifying 2 | 10.4 s/proposal]
first proposals:  31%|ΓûêΓûêΓûê       | 1529/5000 [4:35:05<12:24:47, 12.87s/ep, cand 1528 | r0 pass 528/1518 | 
episodes solved 528 | queue r0 3470 reprompt 0 | verifying 2 | 10.3 s/proposal]
first proposals:  31%|ΓûêΓûêΓûê       | 1531/5000 [4:35:16<9:50:41, 10.22s/ep, cand 1530 | r0 pass 528/1520 | episodes 
solved 528 | queue r0 3467 reprompt 0 | verifying 3 | 10.4 s/proposal] 
first proposals:  31%|ΓûêΓûêΓûê       | 1532/5000 [4:35:24<9:21:03,  9.71s/ep, cand 1531 | r0 pass 528/1521 | episodes 
solved 528 | queue r0 3466 reprompt 0 | verifying 3 | 10.4 s/proposal]
first proposals:  31%|ΓûêΓûêΓûê       | 1534/5000 [4:35:43<9:18:38,  9.67s/ep, cand 1533 | r0 pass 529/1523 | episodes 
solved 529 | queue r0 3465 reprompt 0 | verifying 2 | 10.3 s/proposal]
first proposals:  31%|ΓûêΓûêΓûê       | 1536/5000 [4:36:05<9:41:32, 10.07s/ep, cand 1535 | r0 pass 530/1525 | episodes 
solved 530 | queue r0 3463 reprompt 0 | verifying 2 | 10.3 s/proposal]
first proposals:  31%|ΓûêΓûêΓûê       | 1539/5000 [4:36:35<9:40:33, 10.06s/ep, cand 1538 | r0 pass 531/1528 | episodes 
solved 531 | queue r0 3461 reprompt 0 | verifying 1 | 10.4 s/proposal]
first proposals:  31%|ΓûêΓûêΓûê       | 1540/5000 [4:36:46<9:45:18, 10.15s/ep, cand 1539 | r0 pass 531/1529 | episodes 
solved 531 | queue r0 3458 reprompt 0 | verifying 3 | 10.3 s/proposal]
first proposals:  31%|ΓûêΓûêΓûê       | 1541/5000 [4:36:56<9:51:29, 10.26s/ep, cand 1540 | r0 pass 531/1530 | episodes 
solved 531 | queue r0 3457 reprompt 0 | verifying 3 | 10.3 s/proposal]
first proposals:  31%|ΓûêΓûêΓûê       | 1543/5000 [4:37:17<9:49:54, 10.24s/ep, cand 1542 | r0 pass 531/1532 | episodes 
solved 531 | queue r0 3456 reprompt 0 | verifying 2 | 10.3 s/proposal]
first proposals:  31%|ΓûêΓûêΓûê       | 1545/5000 [4:37:38<9:59:15, 10.41s/ep, cand 1544 | r0 pass 532/1534 | episodes 
solved 532 | queue r0 3454 reprompt 0 | verifying 2 | 10.3 s/proposal]
first proposals:  31%|ΓûêΓûêΓûê       | 1546/5000 [4:37:48<9:52:08, 10.29s/ep, cand 1545 | r0 pass 532/1535 | episodes 
solved 532 | queue r0 3452 reprompt 0 | verifying 3 | 10.3 s/proposal]
first proposals:  31%|ΓûêΓûêΓûê       | 1548/5000 [4:38:07<9:37:34, 10.04s/ep, cand 1547 | r0 pass 532/1537 | episodes 
solved 532 | queue r0 3451 reprompt 0 | verifying 2 | 10.3 s/proposal]
first proposals:  31%|ΓûêΓûêΓûê       | 1549/5000 [4:38:17<9:36:25, 10.02s/ep, cand 1548 | r0 pass 532/1538 | episodes 
solved 532 | queue r0 3449 reprompt 0 | verifying 3 | 10.3 s/proposal]
first proposals:  31%|ΓûêΓûêΓûê       | 1550/5000 [4:38:28<9:48:32, 10.24s/ep, cand 1549 | r0 pass 532/1539 | episodes 
solved 532 | queue r0 3448 reprompt 0 | verifying 3 | 10.2 s/proposal]
first proposals:  31%|ΓûêΓûêΓûê       | 1552/5000 [4:38:51<10:14:15, 10.69s/ep, cand 1551 | r0 pass 532/1541 | 
episodes solved 532 | queue r0 3447 reprompt 0 | verifying 2 | 10.2 s/proposal]
first proposals:  31%|ΓûêΓûêΓûê       | 1553/5000 [4:39:01<10:10:49, 10.63s/ep, cand 1552 | r0 pass 532/1542 | 
episodes solved 532 | queue r0 3445 reprompt 0 | verifying 3 | 10.2 s/proposal]
first proposals:  31%|ΓûêΓûêΓûê       | 1554/5000 [4:39:11<9:59:27, 10.44s/ep, cand 1553 | r0 pass 533/1543 | episodes 
solved 533 | queue r0 3444 reprompt 0 | verifying 3 | 10.1 s/proposal] 
first proposals:  31%|ΓûêΓûêΓûê       | 1555/5000 [4:39:21<9:52:05, 10.31s/ep, cand 1554 | r0 pass 534/1544 | episodes 
solved 534 | queue r0 3443 reprompt 0 | verifying 3 | 10.0 s/proposal]
first proposals:  31%|ΓûêΓûêΓûê       | 1557/5000 [4:39:48<11:02:32, 11.55s/ep, cand 1556 | r0 pass 535/1546 | 
episodes solved 535 | queue r0 3442 reprompt 0 | verifying 2 | 10.1 s/proposal]
first proposals:  31%|ΓûêΓûêΓûê       | 1559/5000 [4:39:58<8:46:48,  9.19s/ep, cand 1558 | r0 pass 536/1548 | episodes 
solved 536 | queue r0 3440 reprompt 0 | verifying 2 | 10.2 s/proposal] 
first proposals:  31%|ΓûêΓûêΓûê       | 1560/5000 [4:40:06<8:34:18,  8.97s/ep, cand 1559 | r0 pass 536/1549 | episodes 
solved 536 | queue r0 3439 reprompt 0 | verifying 2 | 10.2 s/proposal]
first proposals:  31%|ΓûêΓûêΓûê       | 1561/5000 [4:40:16<8:46:48,  9.19s/ep, cand 1560 | r0 pass 536/1550 | episodes 
solved 536 | queue r0 3438 reprompt 0 | verifying 2 | 10.2 s/proposal]
first proposals:  31%|ΓûêΓûêΓûê       | 1562/5000 [4:40:34<10:47:51, 11.31s/ep, cand 1561 | r0 pass 536/1551 | 
episodes solved 536 | queue r0 3437 reprompt 0 | verifying 2 | 10.2 s/proposal]
first proposals:  31%|ΓûêΓûêΓûêΓûÅ      | 1563/5000 [4:40:46<11:03:07, 11.58s/ep, cand 1562 | r0 pass 537/1552 | 
episodes solved 537 | queue r0 3435 reprompt 0 | verifying 3 | 10.2 s/proposal]
first proposals:  31%|ΓûêΓûêΓûêΓûÅ      | 1564/5000 [4:41:08<13:40:32, 14.33s/ep, cand 1563 | r0 pass 537/1553 | 
episodes solved 537 | queue r0 3434 reprompt 0 | verifying 3 | 10.2 s/proposal]
first proposals:  31%|ΓûêΓûêΓûêΓûÅ      | 1566/5000 [4:41:18<9:44:26, 10.21s/ep, cand 1565 | r0 pass 537/1555 | 
episodes solved 537 | queue r0 3432 reprompt 0 | verifying 3 | 10.3 s/proposal] 
first proposals:  31%|ΓûêΓûêΓûêΓûÅ      | 1568/5000 [4:41:29<7:59:18,  8.38s/ep, cand 1567 | r0 pass 538/1557 | 
episodes solved 538 | queue r0 3431 reprompt 0 | verifying 2 | 10.2 s/proposal]
first proposals:  31%|ΓûêΓûêΓûêΓûÅ      | 1569/5000 [4:41:38<8:14:41,  8.65s/ep, cand 1568 | r0 pass 538/1558 | 
episodes solved 538 | queue r0 3430 reprompt 0 | verifying 2 | 10.2 s/proposal]
first proposals:  31%|ΓûêΓûêΓûêΓûÅ      | 1570/5000 [4:41:46<8:03:00,  8.45s/ep, cand 1569 | r0 pass 538/1559 | 
episodes solved 538 | queue r0 3429 reprompt 0 | verifying 2 | 10.1 s/proposal]
first proposals:  31%|ΓûêΓûêΓûêΓûÅ      | 1571/5000 [4:41:57<8:36:53,  9.04s/ep, cand 1570 | r0 pass 538/1560 | 
episodes solved 538 | queue r0 3428 reprompt 0 | verifying 2 | 10.1 s/proposal]
first proposals:  31%|ΓûêΓûêΓûêΓûÅ      | 1572/5000 [4:42:27<13:54:24, 14.60s/ep, cand 1571 | r0 pass 538/1561 | 
episodes solved 538 | queue r0 3427 reprompt 0 | verifying 2 | 10.1 s/proposal]
first proposals:  31%|ΓûêΓûêΓûêΓûÅ      | 1574/5000 [4:42:39<10:26:51, 10.98s/ep, cand 1573 | r0 pass 538/1563 | 
episodes solved 538 | queue r0 3424 reprompt 0 | verifying 3 | 10.2 s/proposal]
first proposals:  32%|ΓûêΓûêΓûêΓûÅ      | 1576/5000 [4:42:50<8:27:59,  8.90s/ep, cand 1575 | r0 pass 539/1565 | 
episodes solved 539 | queue r0 3423 reprompt 0 | verifying 2 | 10.2 s/proposal] 
first proposals:  32%|ΓûêΓûêΓûêΓûÅ      | 1577/5000 [4:43:02<8:55:26,  9.39s/ep, cand 1576 | r0 pass 540/1566 | 
episodes solved 540 | queue r0 3422 reprompt 0 | verifying 2 | 10.3 s/proposal]
first proposals:  32%|ΓûêΓûêΓûêΓûÅ      | 1578/5000 [4:43:16<10:02:42, 10.57s/ep, cand 1577 | r0 pass 541/1567 | 
episodes solved 541 | queue r0 3421 reprompt 0 | verifying 2 | 10.3 s/proposal]
first proposals:  32%|ΓûêΓûêΓûêΓûÅ      | 1579/5000 [4:43:25<9:36:40, 10.11s/ep, cand 1578 | r0 pass 541/1568 | 
episodes solved 541 | queue r0 3420 reprompt 0 | verifying 2 | 10.4 s/proposal] 
first proposals:  32%|ΓûêΓûêΓûêΓûÅ      | 1581/5000 [4:43:55<11:37:00, 12.23s/ep, cand 1580 | r0 pass 541/1570 | 
episodes solved 541 | queue r0 3419 reprompt 0 | verifying 1 | 10.4 s/proposal]
first proposals:  32%|ΓûêΓûêΓûêΓûÅ      | 1583/5000 [4:44:19<11:29:12, 12.10s/ep, cand 1582 | r0 pass 541/1572 | 
episodes solved 541 | queue r0 3416 reprompt 0 | verifying 2 | 10.3 s/proposal]
first proposals:  32%|ΓûêΓûêΓûêΓûÅ      | 1585/5000 [4:44:45<11:46:50, 12.42s/ep, cand 1584 | r0 pass 541/1574 | 
episodes solved 541 | queue r0 3414 reprompt 0 | verifying 2 | 10.5 s/proposal]
first proposals:  32%|ΓûêΓûêΓûêΓûÅ      | 1588/5000 [4:45:02<9:02:29,  9.54s/ep, cand 1587 | r0 pass 541/1577 | 
episodes solved 541 | queue r0 3412 reprompt 0 | verifying 1 | 10.5 s/proposal] 
first proposals:  32%|ΓûêΓûêΓûêΓûÅ      | 1589/5000 [4:45:18<10:03:52, 10.62s/ep, cand 1588 | r0 pass 541/1578 | 
episodes solved 541 | queue r0 3410 reprompt 0 | verifying 2 | 10.5 s/proposal]
first proposals:  32%|ΓûêΓûêΓûêΓûÅ      | 1591/5000 [4:45:39<9:59:27, 10.55s/ep, cand 1590 | r0 pass 542/1580 | 
episodes solved 542 | queue r0 3408 reprompt 0 | verifying 2 | 10.4 s/proposal] 
first proposals:  32%|ΓûêΓûêΓûêΓûÅ      | 1593/5000 [4:45:48<8:13:36,  8.69s/ep, cand 1592 | r0 pass 544/1582 | 
episodes solved 544 | queue r0 3406 reprompt 0 | verifying 2 | 10.4 s/proposal]
first proposals:  32%|ΓûêΓûêΓûêΓûÅ      | 1594/5000 [4:45:56<8:08:41,  8.61s/ep, cand 1593 | r0 pass 544/1583 | 
episodes solved 544 | queue r0 3405 reprompt 0 | verifying 2 | 10.4 s/proposal]
first proposals:  32%|ΓûêΓûêΓûêΓûÅ      | 1595/5000 [4:46:18<10:46:03, 11.38s/ep, cand 1594 | r0 pass 544/1584 | 
episodes solved 544 | queue r0 3404 reprompt 0 | verifying 2 | 10.4 s/proposal]
first proposals:  32%|ΓûêΓûêΓûêΓûÅ      | 1597/5000 [4:46:39<10:27:46, 11.07s/ep, cand 1596 | r0 pass 544/1586 | 
episodes solved 544 | queue r0 3402 reprompt 0 | verifying 2 | 10.4 s/proposal]
first proposals:  32%|ΓûêΓûêΓûêΓûÅ      | 1598/5000 [4:46:49<10:15:41, 10.86s/ep, cand 1597 | r0 pass 544/1587 | 
episodes solved 544 | queue r0 3400 reprompt 0 | verifying 3 | 10.4 s/proposal]
first proposals:  32%|ΓûêΓûêΓûêΓûÅ      | 1599/5000 [4:46:59<10:02:22, 10.63s/ep, cand 1598 | r0 pass 545/1588 | 
episodes solved 545 | queue r0 3399 reprompt 0 | verifying 3 | 10.4 s/proposal]
first proposals:  32%|ΓûêΓûêΓûêΓûÅ      | 1601/5000 [4:47:20<9:59:35, 10.58s/ep, cand 1600 | r0 pass 547/1590 | 
episodes solved 547 | queue r0 3398 reprompt 0 | verifying 2 | 10.4 s/proposal] 
first proposals:  32%|ΓûêΓûêΓûêΓûÅ      | 1603/5000 [4:47:40<9:47:42, 10.38s/ep, cand 1602 | r0 pass 549/1592 | 
episodes solved 549 | queue r0 3396 reprompt 0 | verifying 2 | 10.4 s/proposal]
first proposals:  32%|ΓûêΓûêΓûêΓûÅ      | 1605/5000 [4:47:53<8:24:08,  8.91s/ep, cand 1604 | r0 pass 550/1594 | 
episodes solved 550 | queue r0 3394 reprompt 0 | verifying 2 | 10.3 s/proposal]
first proposals:  32%|ΓûêΓûêΓûêΓûÅ      | 1606/5000 [4:48:01<8:18:02,  8.80s/ep, cand 1605 | r0 pass 550/1595 | 
episodes solved 550 | queue r0 3393 reprompt 0 | verifying 2 | 10.4 s/proposal]
first proposals:  32%|ΓûêΓûêΓûêΓûÅ      | 1607/5000 [4:48:11<8:38:53,  9.18s/ep, cand 1606 | r0 pass 550/1596 | 
episodes solved 550 | queue r0 3392 reprompt 0 | verifying 2 | 10.4 s/proposal]
first proposals:  32%|ΓûêΓûêΓûêΓûÅ      | 1608/5000 [4:48:23<9:07:23,  9.68s/ep, cand 1607 | r0 pass 550/1597 | 
episodes solved 550 | queue r0 3391 reprompt 0 | verifying 2 | 10.4 s/proposal]
first proposals:  32%|ΓûêΓûêΓûêΓûÅ      | 1609/5000 [4:48:40<11:01:15, 11.70s/ep, cand 1608 | r0 pass 550/1598 | 
episodes solved 550 | queue r0 3390 reprompt 0 | verifying 2 | 10.3 s/proposal]
first proposals:  32%|ΓûêΓûêΓûêΓûÅ      | 1611/5000 [4:48:50<8:12:56,  8.73s/ep, cand 1610 | r0 pass 550/1600 | 
episodes solved 550 | queue r0 3388 reprompt 0 | verifying 2 | 10.2 s/proposal] 
first proposals:  32%|ΓûêΓûêΓûêΓûÅ      | 1612/5000 [4:49:18<12:26:53, 13.23s/ep, cand 1611 | r0 pass 551/1601 | 
episodes solved 551 | queue r0 3387 reprompt 0 | verifying 2 | 10.2 s/proposal]
first proposals:  32%|ΓûêΓûêΓûêΓûÅ      | 1615/5000 [4:49:47<10:50:04, 11.52s/ep, cand 1614 | r0 pass 553/1603 | 
episodes solved 553 | queue r0 3386 reprompt 0 | verifying 0 | 10.6 s/proposal]
first proposals:  32%|ΓûêΓûêΓûêΓûÅ      | 1616/5000 [4:49:59<10:53:05, 11.58s/ep, cand 1615 | r0 pass 553/1604 | 
episodes solved 553 | queue r0 3383 reprompt 0 | verifying 2 | 10.6 s/proposal]
first proposals:  32%|ΓûêΓûêΓûêΓûÅ      | 1617/5000 [4:50:22<13:15:23, 14.11s/ep, cand 1616 | r0 pass 554/1605 | 
episodes solved 554 | queue r0 3382 reprompt 0 | verifying 2 | 10.6 s/proposal]
first proposals:  32%|ΓûêΓûêΓûêΓûÅ      | 1619/5000 [4:50:46<12:26:21, 13.24s/ep, cand 1618 | r0 pass 554/1607 | 
episodes solved 554 | queue r0 3380 reprompt 0 | verifying 2 | 10.6 s/proposal]
first proposals:  32%|ΓûêΓûêΓûêΓûÅ      | 1620/5000 [4:50:56<11:50:35, 12.61s/ep, cand 1619 | r0 pass 554/1608 | 
episodes solved 554 | queue r0 3378 reprompt 0 | verifying 3 | 10.8 s/proposal]
first proposals:  32%|ΓûêΓûêΓûêΓûÅ      | 1622/5000 [4:51:05<8:52:39,  9.46s/ep, cand 1621 | r0 pass 555/1610 | 
episodes solved 555 | queue r0 3377 reprompt 0 | verifying 2 | 10.8 s/proposal] 
first proposals:  32%|ΓûêΓûêΓûêΓûÅ      | 1623/5000 [4:51:22<10:21:03, 11.03s/ep, cand 1622 | r0 pass 555/1611 | 
episodes solved 555 | queue r0 3376 reprompt 0 | verifying 2 | 10.7 s/proposal]
first proposals:  32%|ΓûêΓûêΓûêΓûÄ      | 1625/5000 [4:51:33<8:25:45,  8.99s/ep, cand 1624 | r0 pass 555/1613 | 
episodes solved 555 | queue r0 3374 reprompt 0 | verifying 2 | 10.7 s/proposal] 
first proposals:  33%|ΓûêΓûêΓûêΓûÄ      | 1626/5000 [4:51:51<10:08:11, 10.82s/ep, cand 1625 | r0 pass 556/1614 | 
episodes solved 556 | queue r0 3373 reprompt 0 | verifying 2 | 10.6 s/proposal]
first proposals:  33%|ΓûêΓûêΓûêΓûÄ      | 1628/5000 [4:52:14<10:27:16, 11.16s/ep, cand 1627 | r0 pass 557/1616 | 
episodes solved 557 | queue r0 3371 reprompt 0 | verifying 2 | 10.5 s/proposal]
first proposals:  33%|ΓûêΓûêΓûêΓûÄ      | 1630/5000 [4:52:24<8:27:20,  9.03s/ep, cand 1629 | r0 pass 558/1618 | 
episodes solved 558 | queue r0 3369 reprompt 0 | verifying 2 | 10.5 s/proposal] 
first proposals:  33%|ΓûêΓûêΓûêΓûÄ      | 1631/5000 [4:52:32<8:13:05,  8.78s/ep, cand 1630 | r0 pass 558/1619 | 
episodes solved 558 | queue r0 3368 reprompt 0 | verifying 2 | 10.6 s/proposal]
first proposals:  33%|ΓûêΓûêΓûêΓûÄ      | 1632/5000 [4:52:51<10:17:37, 11.00s/ep, cand 1631 | r0 pass 558/1620 | 
episodes solved 558 | queue r0 3367 reprompt 0 | verifying 2 | 10.6 s/proposal]
first proposals:  33%|ΓûêΓûêΓûêΓûÄ      | 1634/5000 [4:53:03<8:25:43,  9.01s/ep, cand 1633 | r0 pass 559/1622 | 
episodes solved 559 | queue r0 3365 reprompt 0 | verifying 2 | 10.4 s/proposal] 
first proposals:  33%|ΓûêΓûêΓûêΓûÄ      | 1635/5000 [4:53:25<11:13:39, 12.01s/ep, cand 1634 | r0 pass 559/1623 | 
episodes solved 559 | queue r0 3364 reprompt 0 | verifying 2 | 10.4 s/proposal]
first proposals:  33%|ΓûêΓûêΓûêΓûÄ      | 1637/5000 [4:53:45<10:26:04, 11.17s/ep, cand 1636 | r0 pass 560/1625 | 
episodes solved 560 | queue r0 3362 reprompt 0 | verifying 2 | 10.4 s/proposal]
first proposals:  33%|ΓûêΓûêΓûêΓûÄ      | 1639/5000 [4:54:05<10:00:39, 10.72s/ep, cand 1638 | r0 pass 561/1627 | 
episodes solved 561 | queue r0 3360 reprompt 0 | verifying 2 | 10.4 s/proposal]
first proposals:  33%|ΓûêΓûêΓûêΓûÄ      | 1641/5000 [4:54:14<8:01:56,  8.61s/ep, cand 1640 | r0 pass 562/1629 | 
episodes solved 562 | queue r0 3358 reprompt 0 | verifying 2 | 10.5 s/proposal] 
first proposals:  33%|ΓûêΓûêΓûêΓûÄ      | 1642/5000 [4:54:24<8:18:52,  8.91s/ep, cand 1641 | r0 pass 563/1630 | 
episodes solved 563 | queue r0 3357 reprompt 0 | verifying 2 | 10.5 s/proposal]
first proposals:  33%|ΓûêΓûêΓûêΓûÄ      | 1643/5000 [4:54:39<9:40:16, 10.37s/ep, cand 1642 | r0 pass 564/1631 | 
episodes solved 564 | queue r0 3356 reprompt 0 | verifying 2 | 10.5 s/proposal]
first proposals:  33%|ΓûêΓûêΓûêΓûÄ      | 1645/5000 [4:55:00<9:32:05, 10.23s/ep, cand 1644 | r0 pass 565/1633 | 
episodes solved 565 | queue r0 3354 reprompt 0 | verifying 2 | 10.4 s/proposal]
first proposals:  33%|ΓûêΓûêΓûêΓûÄ      | 1646/5000 [4:55:09<9:27:30, 10.15s/ep, cand 1645 | r0 pass 565/1634 | 
episodes solved 565 | queue r0 3352 reprompt 0 | verifying 3 | 10.4 s/proposal]
first proposals:  33%|ΓûêΓûêΓûêΓûÄ      | 1648/5000 [4:55:20<7:42:25,  8.28s/ep, cand 1647 | r0 pass 565/1636 | 
episodes solved 565 | queue r0 3351 reprompt 0 | verifying 2 | 10.4 s/proposal]
first proposals:  33%|ΓûêΓûêΓûêΓûÄ      | 1649/5000 [4:55:31<8:15:07,  8.87s/ep, cand 1648 | r0 pass 565/1637 | 
episodes solved 565 | queue r0 3350 reprompt 0 | verifying 2 | 10.4 s/proposal]
first proposals:  33%|ΓûêΓûêΓûêΓûÄ      | 1650/5000 [4:55:48<10:02:20, 10.79s/ep, cand 1649 | r0 pass 565/1638 | 
episodes solved 565 | queue r0 3349 reprompt 0 | verifying 2 | 10.4 s/proposal]
first proposals:  33%|ΓûêΓûêΓûêΓûÄ      | 1651/5000 [4:55:57<9:38:14, 10.36s/ep, cand 1650 | r0 pass 566/1639 | 
episodes solved 566 | queue r0 3347 reprompt 0 | verifying 3 | 10.3 s/proposal] 
first proposals:  33%|ΓûêΓûêΓûêΓûÄ      | 1652/5000 [4:56:07<9:37:36, 10.35s/ep, cand 1651 | r0 pass 567/1640 | 
episodes solved 567 | queue r0 3346 reprompt 0 | verifying 3 | 10.3 s/proposal]
first proposals:  33%|ΓûêΓûêΓûêΓûÄ      | 1654/5000 [4:56:17<7:21:57,  7.93s/ep, cand 1653 | r0 pass 568/1642 | 
episodes solved 568 | queue r0 3345 reprompt 0 | verifying 2 | 10.3 s/proposal]
first proposals:  33%|ΓûêΓûêΓûêΓûÄ      | 1656/5000 [4:56:48<10:06:03, 10.87s/ep, cand 1655 | r0 pass 569/1644 | 
episodes solved 569 | queue r0 3344 reprompt 0 | verifying 1 | 10.3 s/proposal]
first proposals:  33%|ΓûêΓûêΓûêΓûÄ      | 1658/5000 [4:56:58<8:05:50,  8.72s/ep, cand 1657 | r0 pass 570/1646 | 
episodes solved 570 | queue r0 3341 reprompt 0 | verifying 2 | 10.3 s/proposal] 
first proposals:  33%|ΓûêΓûêΓûêΓûÄ      | 1659/5000 [4:57:08<8:26:44,  9.10s/ep, cand 1658 | r0 pass 571/1647 | 
episodes solved 571 | queue r0 3340 reprompt 0 | verifying 2 | 10.3 s/proposal]
first proposals:  33%|ΓûêΓûêΓûêΓûÄ      | 1660/5000 [4:57:19<8:44:56,  9.43s/ep, cand 1659 | r0 pass 571/1648 | 
episodes solved 571 | queue r0 3339 reprompt 0 | verifying 2 | 10.3 s/proposal]
first proposals:  33%|ΓûêΓûêΓûêΓûÄ      | 1662/5000 [4:57:49<10:48:49, 11.66s/ep, cand 1661 | r0 pass 571/1650 | 
episodes solved 571 | queue r0 3338 reprompt 0 | verifying 1 | 10.3 s/proposal]
first proposals:  33%|ΓûêΓûêΓûêΓûÄ      | 1663/5000 [4:57:59<10:23:44, 11.22s/ep, cand 1662 | r0 pass 571/1651 | 
episodes solved 571 | queue r0 3335 reprompt 0 | verifying 3 | 10.0 s/proposal]
first proposals:  33%|ΓûêΓûêΓûêΓûÄ      | 1664/5000 [4:58:11<10:34:27, 11.41s/ep, cand 1663 | r0 pass 571/1652 | 
episodes solved 571 | queue r0 3334 reprompt 0 | verifying 3 | 10.0 s/proposal]
first proposals:  33%|ΓûêΓûêΓûêΓûÄ      | 1666/5000 [4:58:31<10:05:20, 10.89s/ep, cand 1665 | r0 pass 571/1654 | 
episodes solved 571 | queue r0 3333 reprompt 0 | verifying 2 | 10.0 s/proposal]
first proposals:  33%|ΓûêΓûêΓûêΓûÄ      | 1667/5000 [4:58:41<9:54:37, 10.70s/ep, cand 1666 | r0 pass 572/1655 | 
episodes solved 572 | queue r0 3331 reprompt 0 | verifying 3 | 10.0 s/proposal] 
first proposals:  33%|ΓûêΓûêΓûêΓûÄ      | 1669/5000 [4:58:49<7:28:07,  8.07s/ep, cand 1668 | r0 pass 573/1657 | 
episodes solved 573 | queue r0 3330 reprompt 0 | verifying 2 | 9.9 s/proposal] 
first proposals:  33%|ΓûêΓûêΓûêΓûÄ      | 1670/5000 [4:58:59<7:49:33,  8.46s/ep, cand 1669 | r0 pass 574/1658 | 
episodes solved 574 | queue r0 3329 reprompt 0 | verifying 2 | 9.9 s/proposal]
first proposals:  33%|ΓûêΓûêΓûêΓûÄ      | 1671/5000 [4:59:09<8:07:15,  8.78s/ep, cand 1670 | r0 pass 574/1659 | 
episodes solved 574 | queue r0 3328 reprompt 0 | verifying 2 | 9.8 s/proposal]
first proposals:  33%|ΓûêΓûêΓûêΓûÄ      | 1672/5000 [4:59:19<8:24:50,  9.10s/ep, cand 1671 | r0 pass 574/1660 | 
episodes solved 574 | queue r0 3327 reprompt 0 | verifying 2 | 9.8 s/proposal]
first proposals:  33%|ΓûêΓûêΓûêΓûÄ      | 1673/5000 [4:59:27<8:18:44,  8.99s/ep, cand 1672 | r0 pass 574/1661 | 
episodes solved 574 | queue r0 3326 reprompt 0 | verifying 2 | 9.8 s/proposal]
first proposals:  33%|ΓûêΓûêΓûêΓûÄ      | 1674/5000 [4:59:40<9:20:40, 10.11s/ep, cand 1673 | r0 pass 574/1662 | 
episodes solved 574 | queue r0 3325 reprompt 0 | verifying 2 | 9.9 s/proposal]
first proposals:  34%|ΓûêΓûêΓûêΓûÄ      | 1675/5000 [4:59:52<9:37:17, 10.42s/ep, cand 1674 | r0 pass 574/1663 | 
episodes solved 574 | queue r0 3324 reprompt 0 | verifying 2 | 9.9 s/proposal]
first proposals:  34%|ΓûêΓûêΓûêΓûÄ      | 1676/5000 [5:00:03<9:57:19, 10.78s/ep, cand 1675 | r0 pass 574/1664 | 
episodes solved 574 | queue r0 3323 reprompt 0 | verifying 2 | 9.9 s/proposal]
first proposals:  34%|ΓûêΓûêΓûêΓûÄ      | 1677/5000 [5:00:24<12:43:35, 13.79s/ep, cand 1676 | r0 pass 574/1665 | 
episodes solved 574 | queue r0 3322 reprompt 0 | verifying 2 | 10.0 s/proposal]
first proposals:  34%|ΓûêΓûêΓûêΓûÄ      | 1680/5000 [5:00:51<10:13:25, 11.09s/ep, cand 1679 | r0 pass 575/1668 | 
episodes solved 575 | queue r0 3320 reprompt 0 | verifying 1 | 10.0 s/proposal]
first proposals:  34%|ΓûêΓûêΓûêΓûÄ      | 1682/5000 [5:01:15<10:27:41, 11.35s/ep, cand 1681 | r0 pass 576/1670 | 
episodes solved 576 | queue r0 3317 reprompt 0 | verifying 2 | 9.9 s/proposal] 
first proposals:  34%|ΓûêΓûêΓûêΓûÄ      | 1684/5000 [5:01:23<8:17:22,  9.00s/ep, cand 1683 | r0 pass 576/1672 | 
episodes solved 576 | queue r0 3315 reprompt 0 | verifying 2 | 10.0 s/proposal]
first proposals:  34%|ΓûêΓûêΓûêΓûÄ      | 1685/5000 [5:01:47<10:55:56, 11.87s/ep, cand 1684 | r0 pass 576/1673 | 
episodes solved 576 | queue r0 3314 reprompt 0 | verifying 2 | 10.0 s/proposal]
first proposals:  34%|ΓûêΓûêΓûêΓûÄ      | 1686/5000 [5:01:59<10:53:24, 11.83s/ep, cand 1685 | r0 pass 576/1674 | 
episodes solved 576 | queue r0 3312 reprompt 0 | verifying 3 | 10.0 s/proposal]
first proposals:  34%|ΓûêΓûêΓûêΓûì      | 1689/5000 [5:02:07<6:51:55,  7.46s/ep, cand 1688 | r0 pass 577/1677 | 
episodes solved 577 | queue r0 3311 reprompt 0 | verifying 1 | 10.0 s/proposal] 
first proposals:  34%|ΓûêΓûêΓûêΓûì      | 1690/5000 [5:02:22<6:51:48,  7.46s/ep, cand 1690 | r0 pass 577/1679 | 
episodes solved 577 | queue r0 3309 reprompt 0 | verifying 1 | 10.0 s/proposal]
first proposals:  34%|ΓûêΓûêΓûêΓûì      | 1691/5000 [5:02:38<9:04:28,  9.87s/ep, cand 1690 | r0 pass 577/1679 | 
episodes solved 577 | queue r0 3309 reprompt 0 | verifying 1 | 10.0 s/proposal]
first proposals:  34%|ΓûêΓûêΓûêΓûì      | 1693/5000 [5:02:55<8:45:58,  9.54s/ep, cand 1692 | r0 pass 578/1681 | 
episodes solved 578 | queue r0 3307 reprompt 0 | verifying 1 | 10.0 s/proposal]
first proposals:  34%|ΓûêΓûêΓûêΓûì      | 1694/5000 [5:03:06<8:57:22,  9.75s/ep, cand 1693 | r0 pass 578/1682 | 
episodes solved 578 | queue r0 3305 reprompt 0 | verifying 2 | 10.0 s/proposal]
first proposals:  34%|ΓûêΓûêΓûêΓûì      | 1695/5000 [5:03:31<11:49:42, 12.88s/ep, cand 1694 | r0 pass 578/1683 | 
episodes solved 578 | queue r0 3304 reprompt 0 | verifying 2 | 10.1 s/proposal]
first proposals:  34%|ΓûêΓûêΓûêΓûì      | 1697/5000 [5:03:40<8:57:44,  9.77s/ep, cand 1696 | r0 pass 579/1685 | 
episodes solved 579 | queue r0 3302 reprompt 0 | verifying 2 | 10.2 s/proposal] 
first proposals:  34%|ΓûêΓûêΓûêΓûì      | 1698/5000 [5:03:52<8:57:34,  9.77s/ep, cand 1698 | r0 pass 579/1687 | 
episodes solved 579 | queue r0 3300 reprompt 0 | verifying 2 | 10.1 s/proposal]
first proposals:  34%|ΓûêΓûêΓûêΓûì      | 1699/5000 [5:04:11<10:44:19, 11.71s/ep, cand 1698 | r0 pass 579/1687 | 
episodes solved 579 | queue r0 3300 reprompt 0 | verifying 2 | 10.1 s/proposal]
first proposals:  34%|ΓûêΓûêΓûêΓûì      | 1701/5000 [5:04:32<10:22:54, 11.33s/ep, cand 1700 | r0 pass 579/1689 | 
episodes solved 579 | queue r0 3298 reprompt 0 | verifying 2 | 10.2 s/proposal]
first proposals:  34%|ΓûêΓûêΓûêΓûì      | 1702/5000 [5:04:41<10:05:35, 11.02s/ep, cand 1701 | r0 pass 580/1690 | 
episodes solved 580 | queue r0 3297 reprompt 0 | verifying 2 | 10.4 s/proposal]
first proposals:  34%|ΓûêΓûêΓûêΓûì      | 1703/5000 [5:04:57<11:00:37, 12.02s/ep, cand 1702 | r0 pass 580/1691 | 
episodes solved 580 | queue r0 3296 reprompt 0 | verifying 2 | 10.4 s/proposal]
first proposals:  34%|ΓûêΓûêΓûêΓûì      | 1704/5000 [5:05:18<12:57:29, 14.15s/ep, cand 1703 | r0 pass 580/1692 | 
episodes solved 580 | queue r0 3295 reprompt 0 | verifying 2 | 10.6 s/proposal]
first proposals:  34%|ΓûêΓûêΓûêΓûì      | 1706/5000 [5:05:38<11:20:46, 12.40s/ep, cand 1705 | r0 pass 581/1694 | 
episodes solved 581 | queue r0 3293 reprompt 0 | verifying 2 | 10.6 s/proposal]
first proposals:  34%|ΓûêΓûêΓûêΓûì      | 1708/5000 [5:05:56<10:18:42, 11.28s/ep, cand 1707 | r0 pass 581/1696 | 
episodes solved 581 | queue r0 3291 reprompt 0 | verifying 2 | 10.6 s/proposal]
first proposals:  34%|ΓûêΓûêΓûêΓûì      | 1709/5000 [5:06:08<10:19:35, 11.30s/ep, cand 1708 | r0 pass 581/1697 | 
episodes solved 581 | queue r0 3289 reprompt 0 | verifying 3 | 10.5 s/proposal]
first proposals:  34%|ΓûêΓûêΓûêΓûì      | 1711/5000 [5:06:17<8:03:02,  8.81s/ep, cand 1710 | r0 pass 582/1699 | 
episodes solved 582 | queue r0 3288 reprompt 0 | verifying 2 | 10.5 s/proposal] 
first proposals:  34%|ΓûêΓûêΓûêΓûì      | 1712/5000 [5:06:34<9:39:30, 10.57s/ep, cand 1711 | r0 pass 582/1700 | 
episodes solved 582 | queue r0 3287 reprompt 0 | verifying 2 | 10.6 s/proposal]
first proposals:  34%|ΓûêΓûêΓûêΓûì      | 1714/5000 [5:06:51<8:55:03,  9.77s/ep, cand 1713 | r0 pass 583/1702 | 
episodes solved 583 | queue r0 3285 reprompt 0 | verifying 2 | 10.5 s/proposal]
first proposals:  34%|ΓûêΓûêΓûêΓûì      | 1715/5000 [5:07:02<9:09:24, 10.03s/ep, cand 1714 | r0 pass 583/1703 | 
episodes solved 583 | queue r0 3283 reprompt 0 | verifying 3 | 10.4 s/proposal]
first proposals:  34%|ΓûêΓûêΓûêΓûì      | 1718/5000 [5:07:13<6:19:14,  6.93s/ep, cand 1717 | r0 pass 584/1706 | 
episodes solved 584 | queue r0 3282 reprompt 0 | verifying 1 | 10.4 s/proposal]
first proposals:  34%|ΓûêΓûêΓûêΓûì      | 1718/5000 [5:07:24<6:19:14,  6.93s/ep, cand 1718 | r0 pass 585/1707 | 
episodes solved 585 | queue r0 3281 reprompt 0 | verifying 1 | 10.4 s/proposal]
first proposals:  34%|ΓûêΓûêΓûêΓûì      | 1719/5000 [5:07:33<8:32:50,  9.38s/ep, cand 1718 | r0 pass 585/1707 | 
episodes solved 585 | queue r0 3281 reprompt 0 | verifying 1 | 10.4 s/proposal]
first proposals:  34%|ΓûêΓûêΓûêΓûì      | 1720/5000 [5:07:40<8:10:50,  8.98s/ep, cand 1719 | r0 pass 585/1708 | 
episodes solved 585 | queue r0 3279 reprompt 0 | verifying 2 | 10.4 s/proposal]
first proposals:  34%|ΓûêΓûêΓûêΓûì      | 1721/5000 [5:08:02<10:46:45, 11.83s/ep, cand 1720 | r0 pass 585/1709 | 
episodes solved 585 | queue r0 3278 reprompt 0 | verifying 2 | 10.4 s/proposal]
first proposals:  34%|ΓûêΓûêΓûêΓûì      | 1722/5000 [5:08:12<10:19:54, 11.35s/ep, cand 1721 | r0 pass 586/1710 | 
episodes solved 586 | queue r0 3276 reprompt 0 | verifying 3 | 10.4 s/proposal]
first proposals:  34%|ΓûêΓûêΓûêΓûì      | 1724/5000 [5:08:25<8:38:25,  9.50s/ep, cand 1723 | r0 pass 587/1712 | 
episodes solved 587 | queue r0 3275 reprompt 0 | verifying 2 | 10.4 s/proposal] 
first proposals:  34%|ΓûêΓûêΓûêΓûì      | 1725/5000 [5:08:35<8:43:18,  9.59s/ep, cand 1724 | r0 pass 587/1713 | 
episodes solved 587 | queue r0 3274 reprompt 0 | verifying 2 | 10.5 s/proposal]
first proposals:  35%|ΓûêΓûêΓûêΓûì      | 1726/5000 [5:08:56<11:13:06, 12.34s/ep, cand 1725 | r0 pass 587/1714 | 
episodes solved 587 | queue r0 3273 reprompt 0 | verifying 2 | 10.4 s/proposal]
first proposals:  35%|ΓûêΓûêΓûêΓûì      | 1727/5000 [5:09:06<10:47:33, 11.87s/ep, cand 1726 | r0 pass 587/1715 | 
episodes solved 587 | queue r0 3271 reprompt 0 | verifying 3 | 10.4 s/proposal]
first proposals:  35%|ΓûêΓûêΓûêΓûì      | 1729/5000 [5:09:27<10:10:02, 11.19s/ep, cand 1728 | r0 pass 589/1717 | 
episodes solved 589 | queue r0 3270 reprompt 0 | verifying 2 | 10.4 s/proposal]
first proposals:  35%|ΓûêΓûêΓûêΓûì      | 1730/5000 [5:09:39<10:16:13, 11.31s/ep, cand 1729 | r0 pass 590/1718 | 
episodes solved 590 | queue r0 3268 reprompt 0 | verifying 3 | 10.4 s/proposal]
first proposals:  35%|ΓûêΓûêΓûêΓûì      | 1733/5000 [5:09:50<6:46:10,  7.46s/ep, cand 1732 | r0 pass 590/1721 | 
episodes solved 590 | queue r0 3267 reprompt 0 | verifying 1 | 10.5 s/proposal] 
first proposals:  35%|ΓûêΓûêΓûêΓûì      | 1733/5000 [5:10:02<6:46:10,  7.46s/ep, cand 1733 | r0 pass 590/1722 | 
episodes solved 590 | queue r0 3266 reprompt 0 | verifying 1 | 10.5 s/proposal]
first proposals:  35%|ΓûêΓûêΓûêΓûì      | 1734/5000 [5:10:20<10:48:47, 11.92s/ep, cand 1733 | r0 pass 590/1722 | 
episodes solved 590 | queue r0 3266 reprompt 0 | verifying 1 | 10.5 s/proposal]
first proposals:  35%|ΓûêΓûêΓûêΓûì      | 1735/5000 [5:10:33<10:57:50, 12.09s/ep, cand 1734 | r0 pass 590/1723 | 
episodes solved 590 | queue r0 3263 reprompt 0 | verifying 3 | 10.4 s/proposal]
first proposals:  35%|ΓûêΓûêΓûêΓûì      | 1736/5000 [5:10:43<10:35:21, 11.68s/ep, cand 1735 | r0 pass 590/1724 | 
episodes solved 590 | queue r0 3262 reprompt 0 | verifying 3 | 10.5 s/proposal]
first proposals:  35%|ΓûêΓûêΓûêΓûì      | 1738/5000 [5:10:54<8:11:39,  9.04s/ep, cand 1737 | r0 pass 590/1726 | 
episodes solved 590 | queue r0 3261 reprompt 0 | verifying 2 | 10.4 s/proposal] 
first proposals:  35%|ΓûêΓûêΓûêΓûì      | 1739/5000 [5:11:03<8:13:13,  9.07s/ep, cand 1738 | r0 pass 590/1727 | 
episodes solved 590 | queue r0 3260 reprompt 0 | verifying 2 | 10.5 s/proposal]
first proposals:  35%|ΓûêΓûêΓûêΓûì      | 1740/5000 [5:11:16<9:02:57,  9.99s/ep, cand 1739 | r0 pass 591/1728 | 
episodes solved 591 | queue r0 3259 reprompt 0 | verifying 2 | 10.5 s/proposal]
first proposals:  35%|ΓûêΓûêΓûêΓûì      | 1741/5000 [5:11:35<11:10:39, 12.35s/ep, cand 1740 | r0 pass 591/1729 | 
episodes solved 591 | queue r0 3258 reprompt 0 | verifying 2 | 10.5 s/proposal]
first proposals:  35%|ΓûêΓûêΓûêΓûì      | 1743/5000 [5:11:59<11:08:15, 12.31s/ep, cand 1742 | r0 pass 593/1731 | 
episodes solved 593 | queue r0 3256 reprompt 0 | verifying 2 | 10.6 s/proposal]
first proposals:  35%|ΓûêΓûêΓûêΓûì      | 1745/5000 [5:12:09<8:40:51,  9.60s/ep, cand 1744 | r0 pass 593/1733 | 
episodes solved 593 | queue r0 3254 reprompt 0 | verifying 2 | 10.6 s/proposal] 
first proposals:  35%|ΓûêΓûêΓûêΓûì      | 1746/5000 [5:12:21<9:02:40, 10.01s/ep, cand 1745 | r0 pass 593/1734 | 
episodes solved 593 | queue r0 3253 reprompt 0 | verifying 2 | 10.6 s/proposal]
first proposals:  35%|ΓûêΓûêΓûêΓûì      | 1747/5000 [5:12:43<11:30:00, 12.73s/ep, cand 1746 | r0 pass 593/1735 | 
episodes solved 593 | queue r0 3252 reprompt 0 | verifying 2 | 10.6 s/proposal]
first proposals:  35%|ΓûêΓûêΓûêΓûì      | 1749/5000 [5:12:52<8:32:57,  9.47s/ep, cand 1748 | r0 pass 594/1737 | 
episodes solved 594 | queue r0 3250 reprompt 0 | verifying 2 | 10.7 s/proposal] 
first proposals:  35%|ΓûêΓûêΓûêΓûî      | 1750/5000 [5:13:13<10:54:22, 12.08s/ep, cand 1749 | r0 pass 594/1738 | 
episodes solved 594 | queue r0 3249 reprompt 0 | verifying 2 | 10.6 s/proposal]
first proposals:  35%|ΓûêΓûêΓûêΓûî      | 1752/5000 [5:13:21<8:07:40,  9.01s/ep, cand 1751 | r0 pass 594/1740 | 
episodes solved 594 | queue r0 3247 reprompt 0 | verifying 2 | 10.4 s/proposal] 
first proposals:  35%|ΓûêΓûêΓûêΓûî      | 1753/5000 [5:13:31<8:10:27,  9.06s/ep, cand 1752 | r0 pass 594/1741 | 
episodes solved 594 | queue r0 3246 reprompt 0 | verifying 2 | 10.4 s/proposal]
first proposals:  35%|ΓûêΓûêΓûêΓûî      | 1754/5000 [5:13:39<8:01:45,  8.91s/ep, cand 1753 | r0 pass 594/1742 | 
episodes solved 594 | queue r0 3245 reprompt 0 | verifying 2 | 10.2 s/proposal]
first proposals:  35%|ΓûêΓûêΓûêΓûî      | 1755/5000 [5:13:57<10:03:20, 11.16s/ep, cand 1754 | r0 pass 594/1743 | 
episodes solved 594 | queue r0 3244 reprompt 0 | verifying 2 | 10.2 s/proposal]
first proposals:  35%|ΓûêΓûêΓûêΓûî      | 1757/5000 [5:14:06<7:33:38,  8.39s/ep, cand 1756 | r0 pass 594/1745 | 
episodes solved 594 | queue r0 3242 reprompt 0 | verifying 2 | 10.1 s/proposal] 
first proposals:  35%|ΓûêΓûêΓûêΓûî      | 1758/5000 [5:14:30<10:43:59, 11.92s/ep, cand 1757 | r0 pass 594/1746 | 
episodes solved 594 | queue r0 3241 reprompt 0 | verifying 2 | 10.1 s/proposal]
first proposals:  35%|ΓûêΓûêΓûêΓûî      | 1759/5000 [5:14:41<10:30:45, 11.68s/ep, cand 1758 | r0 pass 595/1747 | 
episodes solved 595 | queue r0 3239 reprompt 0 | verifying 3 | 10.2 s/proposal]
first proposals:  35%|ΓûêΓûêΓûêΓûî      | 1761/5000 [5:14:52<8:19:17,  9.25s/ep, cand 1760 | r0 pass 596/1749 | 
episodes solved 596 | queue r0 3238 reprompt 0 | verifying 2 | 10.2 s/proposal] 
first proposals:  35%|ΓûêΓûêΓûêΓûî      | 1762/5000 [5:15:02<8:28:38,  9.42s/ep, cand 1761 | r0 pass 597/1750 | 
episodes solved 597 | queue r0 3237 reprompt 0 | verifying 2 | 10.3 s/proposal]
first proposals:  35%|ΓûêΓûêΓûêΓûî      | 1763/5000 [5:15:13<8:44:49,  9.73s/ep, cand 1762 | r0 pass 598/1751 | 
episodes solved 598 | queue r0 3236 reprompt 0 | verifying 2 | 10.3 s/proposal]
first proposals:  35%|ΓûêΓûêΓûêΓûî      | 1764/5000 [5:15:34<11:29:29, 12.78s/ep, cand 1763 | r0 pass 598/1752 | 
episodes solved 598 | queue r0 3235 reprompt 0 | verifying 2 | 10.3 s/proposal]
first proposals:  35%|ΓûêΓûêΓûêΓûî      | 1766/5000 [5:15:45<8:34:14,  9.54s/ep, cand 1765 | r0 pass 600/1754 | 
episodes solved 600 | queue r0 3233 reprompt 0 | verifying 2 | 10.4 s/proposal] 
first proposals:  35%|ΓûêΓûêΓûêΓûî      | 1767/5000 [5:15:54<8:35:43,  9.57s/ep, cand 1766 | r0 pass 601/1755 | 
episodes solved 601 | queue r0 3232 reprompt 0 | verifying 2 | 10.4 s/proposal]
first proposals:  35%|ΓûêΓûêΓûêΓûî      | 1768/5000 [5:16:04<8:38:00,  9.62s/ep, cand 1767 | r0 pass 601/1756 | 
episodes solved 601 | queue r0 3231 reprompt 0 | verifying 2 | 10.4 s/proposal]
first proposals:  35%|ΓûêΓûêΓûêΓûî      | 1769/5000 [5:16:14<8:44:48,  9.75s/ep, cand 1768 | r0 pass 602/1757 | 
episodes solved 602 | queue r0 3230 reprompt 0 | verifying 2 | 10.4 s/proposal]
first proposals:  35%|ΓûêΓûêΓûêΓûî      | 1770/5000 [5:16:25<9:04:46, 10.12s/ep, cand 1769 | r0 pass 602/1758 | 
episodes solved 602 | queue r0 3229 reprompt 0 | verifying 2 | 10.4 s/proposal]
first proposals:  35%|ΓûêΓûêΓûêΓûî      | 1771/5000 [5:17:00<15:10:24, 16.92s/ep, cand 1770 | r0 pass 602/1759 | 
episodes solved 602 | queue r0 3228 reprompt 0 | verifying 2 | 10.5 s/proposal]
first proposals:  35%|ΓûêΓûêΓûêΓûî      | 1773/5000 [5:17:08<10:04:50, 11.25s/ep, cand 1772 | r0 pass 602/1761 | 
episodes solved 602 | queue r0 3225 reprompt 0 | verifying 3 | 10.5 s/proposal]
first proposals:  36%|ΓûêΓûêΓûêΓûî      | 1775/5000 [5:17:17<7:43:25,  8.62s/ep, cand 1774 | r0 pass 602/1763 | 
episodes solved 602 | queue r0 3224 reprompt 0 | verifying 2 | 10.4 s/proposal] 
first proposals:  36%|ΓûêΓûêΓûêΓûî      | 1776/5000 [5:17:36<9:44:04, 10.87s/ep, cand 1775 | r0 pass 603/1764 | 
episodes solved 603 | queue r0 3223 reprompt 0 | verifying 2 | 10.4 s/proposal]
first proposals:  36%|ΓûêΓûêΓûêΓûî      | 1778/5000 [5:17:44<7:19:36,  8.19s/ep, cand 1777 | r0 pass 604/1766 | 
episodes solved 604 | queue r0 3221 reprompt 0 | verifying 2 | 10.4 s/proposal]
first proposals:  36%|ΓûêΓûêΓûêΓûî      | 1778/5000 [5:17:55<7:19:36,  8.19s/ep, cand 1778 | r0 pass 605/1767 | 
episodes solved 605 | queue r0 3220 reprompt 0 | verifying 2 | 10.3 s/proposal]
first proposals:  36%|ΓûêΓûêΓûêΓûî      | 1779/5000 [5:18:03<9:21:49, 10.47s/ep, cand 1778 | r0 pass 605/1767 | 
episodes solved 605 | queue r0 3220 reprompt 0 | verifying 2 | 10.3 s/proposal]
first proposals:  36%|ΓûêΓûêΓûêΓûî      | 1780/5000 [5:18:14<9:39:49, 10.80s/ep, cand 1779 | r0 pass 605/1768 | 
episodes solved 605 | queue r0 3218 reprompt 0 | verifying 3 | 10.3 s/proposal]
first proposals:  36%|ΓûêΓûêΓûêΓûî      | 1782/5000 [5:18:29<8:27:28,  9.46s/ep, cand 1781 | r0 pass 607/1770 | 
episodes solved 607 | queue r0 3217 reprompt 0 | verifying 2 | 10.3 s/proposal]
first proposals:  36%|ΓûêΓûêΓûêΓûî      | 1783/5000 [5:18:37<8:10:26,  9.15s/ep, cand 1782 | r0 pass 608/1771 | 
episodes solved 608 | queue r0 3216 reprompt 0 | verifying 2 | 10.4 s/proposal]
first proposals:  36%|ΓûêΓûêΓûêΓûî      | 1784/5000 [5:18:46<8:04:46,  9.04s/ep, cand 1783 | r0 pass 608/1772 | 
episodes solved 608 | queue r0 3215 reprompt 0 | verifying 2 | 10.3 s/proposal]
first proposals:  36%|ΓûêΓûêΓûêΓûî      | 1785/5000 [5:19:05<10:23:28, 11.64s/ep, cand 1784 | r0 pass 608/1773 | 
episodes solved 608 | queue r0 3214 reprompt 0 | verifying 2 | 10.3 s/proposal]
first proposals:  36%|ΓûêΓûêΓûêΓûî      | 1787/5000 [5:19:16<8:01:34,  8.99s/ep, cand 1786 | r0 pass 608/1775 | 
episodes solved 608 | queue r0 3212 reprompt 0 | verifying 2 | 10.2 s/proposal] 
first proposals:  36%|ΓûêΓûêΓûêΓûî      | 1789/5000 [5:19:45<9:54:18, 11.11s/ep, cand 1788 | r0 pass 609/1777 | 
episodes solved 609 | queue r0 3211 reprompt 0 | verifying 1 | 10.2 s/proposal]
first proposals:  36%|ΓûêΓûêΓûêΓûî      | 1790/5000 [5:19:56<9:52:52, 11.08s/ep, cand 1789 | r0 pass 609/1778 | 
episodes solved 609 | queue r0 3208 reprompt 0 | verifying 3 | 10.2 s/proposal]
first proposals:  36%|ΓûêΓûêΓûêΓûî      | 1791/5000 [5:20:10<10:29:45, 11.77s/ep, cand 1790 | r0 pass 609/1779 | 
episodes solved 609 | queue r0 3207 reprompt 0 | verifying 3 | 10.2 s/proposal]
first proposals:  36%|ΓûêΓûêΓûêΓûî      | 1793/5000 [5:20:22<8:27:10,  9.49s/ep, cand 1792 | r0 pass 610/1781 | 
episodes solved 610 | queue r0 3206 reprompt 0 | verifying 2 | 10.3 s/proposal] 
first proposals:  36%|ΓûêΓûêΓûêΓûî      | 1794/5000 [5:20:33<8:37:22,  9.68s/ep, cand 1793 | r0 pass 611/1782 | 
episodes solved 611 | queue r0 3205 reprompt 0 | verifying 2 | 10.3 s/proposal]
first proposals:  36%|ΓûêΓûêΓûêΓûî      | 1795/5000 [5:20:42<8:34:59,  9.64s/ep, cand 1794 | r0 pass 612/1783 | 
episodes solved 612 | queue r0 3204 reprompt 0 | verifying 2 | 10.2 s/proposal]
first proposals:  36%|ΓûêΓûêΓûêΓûî      | 1796/5000 [5:20:55<9:20:42, 10.50s/ep, cand 1795 | r0 pass 613/1784 | 
episodes solved 613 | queue r0 3203 reprompt 0 | verifying 2 | 10.2 s/proposal]
first proposals:  36%|ΓûêΓûêΓûêΓûî      | 1797/5000 [5:21:04<8:54:56, 10.02s/ep, cand 1796 | r0 pass 613/1785 | 
episodes solved 613 | queue r0 3202 reprompt 0 | verifying 2 | 10.2 s/proposal]
first proposals:  36%|ΓûêΓûêΓûêΓûî      | 1798/5000 [5:21:15<9:15:09, 10.40s/ep, cand 1797 | r0 pass 614/1786 | 
episodes solved 614 | queue r0 3201 reprompt 0 | verifying 2 | 10.2 s/proposal]
first proposals:  36%|ΓûêΓûêΓûêΓûî      | 1799/5000 [5:21:37<12:03:36, 13.56s/ep, cand 1798 | r0 pass 615/1787 | 
episodes solved 615 | queue r0 3200 reprompt 0 | verifying 2 | 10.2 s/proposal]
first proposals:  36%|ΓûêΓûêΓûêΓûî      | 1801/5000 [5:22:00<11:16:33, 12.69s/ep, cand 1800 | r0 pass 616/1789 | 
episodes solved 616 | queue r0 3198 reprompt 0 | verifying 2 | 10.3 s/proposal]
first proposals:  36%|ΓûêΓûêΓûêΓûî      | 1803/5000 [5:22:22<10:42:55, 12.07s/ep, cand 1802 | r0 pass 618/1791 | 
episodes solved 618 | queue r0 3196 reprompt 0 | verifying 2 | 10.3 s/proposal]
first proposals:  36%|ΓûêΓûêΓûêΓûî      | 1805/5000 [5:22:31<8:14:33,  9.29s/ep, cand 1804 | r0 pass 620/1793 | 
episodes solved 620 | queue r0 3194 reprompt 0 | verifying 2 | 10.4 s/proposal] 
first proposals:  36%|ΓûêΓûêΓûêΓûî      | 1807/5000 [5:23:03<10:13:02, 11.52s/ep, cand 1806 | r0 pass 621/1795 | 
episodes solved 621 | queue r0 3193 reprompt 0 | verifying 1 | 10.5 s/proposal]
first proposals:  36%|ΓûêΓûêΓûêΓûî      | 1809/5000 [5:23:25<10:06:02, 11.40s/ep, cand 1808 | r0 pass 621/1797 | 
episodes solved 621 | queue r0 3190 reprompt 0 | verifying 2 | 10.5 s/proposal]
first proposals:  36%|ΓûêΓûêΓûêΓûî      | 1811/5000 [5:23:36<8:26:03,  9.52s/ep, cand 1810 | r0 pass 622/1799 | 
episodes solved 622 | queue r0 3188 reprompt 0 | verifying 2 | 10.4 s/proposal] 
first proposals:  36%|ΓûêΓûêΓûêΓûï      | 1813/5000 [5:23:47<7:17:19,  8.23s/ep, cand 1812 | r0 pass 623/1801 | 
episodes solved 623 | queue r0 3187 reprompt 0 | verifying 1 | 10.4 s/proposal]
first proposals:  36%|ΓûêΓûêΓûêΓûï      | 1814/5000 [5:24:28<12:34:58, 14.22s/ep, cand 1813 | r0 pass 623/1802 | 
episodes solved 623 | queue r0 3186 reprompt 0 | verifying 1 | 10.5 s/proposal]
first proposals:  36%|ΓûêΓûêΓûêΓûï      | 1816/5000 [5:24:38<9:51:30, 11.15s/ep, cand 1815 | r0 pass 623/1804 | 
episodes solved 623 | queue r0 3182 reprompt 0 | verifying 3 | 10.4 s/proposal] 
first proposals:  36%|ΓûêΓûêΓûêΓûï      | 1818/5000 [5:24:48<8:00:16,  9.06s/ep, cand 1817 | r0 pass 624/1806 | 
episodes solved 624 | queue r0 3181 reprompt 0 | verifying 2 | 10.4 s/proposal]
first proposals:  36%|ΓûêΓûêΓûêΓûï      | 1819/5000 [5:25:09<10:03:20, 11.38s/ep, cand 1818 | r0 pass 624/1807 | 
episodes solved 624 | queue r0 3180 reprompt 0 | verifying 2 | 10.4 s/proposal]
first proposals:  36%|ΓûêΓûêΓûêΓûï      | 1820/5000 [5:25:21<10:07:14, 11.46s/ep, cand 1819 | r0 pass 625/1808 | 
episodes solved 625 | queue r0 3178 reprompt 0 | verifying 3 | 10.4 s/proposal]
first proposals:  36%|ΓûêΓûêΓûêΓûï      | 1821/5000 [5:25:41<11:50:19, 13.41s/ep, cand 1820 | r0 pass 626/1809 | 
episodes solved 626 | queue r0 3177 reprompt 0 | verifying 3 | 10.5 s/proposal]
first proposals:  36%|ΓûêΓûêΓûêΓûï      | 1823/5000 [5:25:54<9:22:50, 10.63s/ep, cand 1822 | r0 pass 626/1811 | 
episodes solved 626 | queue r0 3176 reprompt 0 | verifying 2 | 10.6 s/proposal] 
first proposals:  36%|ΓûêΓûêΓûêΓûï      | 1824/5000 [5:26:04<9:13:06, 10.45s/ep, cand 1823 | r0 pass 626/1812 | 
episodes solved 626 | queue r0 3175 reprompt 0 | verifying 2 | 10.6 s/proposal]
first proposals:  36%|ΓûêΓûêΓûêΓûï      | 1825/5000 [5:26:25<11:28:58, 13.02s/ep, cand 1824 | r0 pass 626/1813 | 
episodes solved 626 | queue r0 3174 reprompt 0 | verifying 2 | 10.7 s/proposal]
first proposals:  37%|ΓûêΓûêΓûêΓûï      | 1826/5000 [5:26:34<10:35:09, 12.01s/ep, cand 1825 | r0 pass 627/1814 | 
episodes solved 627 | queue r0 3172 reprompt 0 | verifying 3 | 10.7 s/proposal]
first proposals:  37%|ΓûêΓûêΓûêΓûï      | 1827/5000 [5:26:43<10:00:31, 11.36s/ep, cand 1826 | r0 pass 627/1815 | 
episodes solved 627 | queue r0 3171 reprompt 0 | verifying 3 | 10.7 s/proposal]
first proposals:  37%|ΓûêΓûêΓûêΓûï      | 1829/5000 [5:26:52<7:24:53,  8.42s/ep, cand 1828 | r0 pass 628/1817 | 
episodes solved 628 | queue r0 3170 reprompt 0 | verifying 2 | 10.7 s/proposal] 
first proposals:  37%|ΓûêΓûêΓûêΓûï      | 1830/5000 [5:27:01<7:27:41,  8.47s/ep, cand 1829 | r0 pass 628/1818 | 
episodes solved 628 | queue r0 3169 reprompt 0 | verifying 2 | 10.8 s/proposal]
first proposals:  37%|ΓûêΓûêΓûêΓûï      | 1832/5000 [5:27:27<9:03:00, 10.28s/ep, cand 1831 | r0 pass 629/1820 | 
episodes solved 629 | queue r0 3168 reprompt 0 | verifying 1 | 10.7 s/proposal]
first proposals:  37%|ΓûêΓûêΓûêΓûï      | 1833/5000 [5:27:40<9:38:09, 10.95s/ep, cand 1832 | r0 pass 630/1821 | 
episodes solved 630 | queue r0 3165 reprompt 0 | verifying 3 | 10.6 s/proposal]
first proposals:  37%|ΓûêΓûêΓûêΓûï      | 1835/5000 [5:27:50<7:31:28,  8.56s/ep, cand 1834 | r0 pass 631/1823 | 
episodes solved 631 | queue r0 3164 reprompt 0 | verifying 2 | 10.6 s/proposal]
first proposals:  37%|ΓûêΓûêΓûêΓûï      | 1836/5000 [5:28:01<7:57:48,  9.06s/ep, cand 1835 | r0 pass 631/1824 | 
episodes solved 631 | queue r0 3163 reprompt 0 | verifying 2 | 10.6 s/proposal]
first proposals:  37%|ΓûêΓûêΓûêΓûï      | 1837/5000 [5:28:11<8:11:33,  9.32s/ep, cand 1836 | r0 pass 631/1825 | 
episodes solved 631 | queue r0 3162 reprompt 0 | verifying 2 | 10.7 s/proposal]
first proposals:  37%|ΓûêΓûêΓûêΓûï      | 1838/5000 [5:28:32<10:52:59, 12.39s/ep, cand 1837 | r0 pass 631/1826 | 
episodes solved 631 | queue r0 3161 reprompt 0 | verifying 2 | 10.7 s/proposal]
first proposals:  37%|ΓûêΓûêΓûêΓûï      | 1839/5000 [5:28:44<10:43:21, 12.21s/ep, cand 1838 | r0 pass 631/1827 | 
episodes solved 631 | queue r0 3159 reprompt 0 | verifying 3 | 10.7 s/proposal]
first proposals:  37%|ΓûêΓûêΓûêΓûï      | 1841/5000 [5:29:06<10:10:20, 11.59s/ep, cand 1840 | r0 pass 632/1829 | 
episodes solved 632 | queue r0 3158 reprompt 0 | verifying 2 | 10.7 s/proposal]
first proposals:  37%|ΓûêΓûêΓûêΓûï      | 1842/5000 [5:29:15<9:42:56, 11.08s/ep, cand 1841 | r0 pass 632/1830 | 
episodes solved 632 | queue r0 3156 reprompt 0 | verifying 3 | 10.7 s/proposal] 
first proposals:  37%|ΓûêΓûêΓûêΓûï      | 1844/5000 [5:29:25<7:34:21,  8.64s/ep, cand 1843 | r0 pass 633/1832 | 
episodes solved 633 | queue r0 3155 reprompt 0 | verifying 2 | 10.6 s/proposal]
first proposals:  37%|ΓûêΓûêΓûêΓûï      | 1845/5000 [5:29:34<7:41:30,  8.78s/ep, cand 1844 | r0 pass 633/1833 | 
episodes solved 633 | queue r0 3154 reprompt 0 | verifying 2 | 10.6 s/proposal]
first proposals:  37%|ΓûêΓûêΓûêΓûï      | 1846/5000 [5:29:54<9:58:34, 11.39s/ep, cand 1845 | r0 pass 634/1834 | 
episodes solved 634 | queue r0 3153 reprompt 0 | verifying 2 | 10.6 s/proposal]
first proposals:  37%|ΓûêΓûêΓûêΓûï      | 1848/5000 [5:30:13<9:16:35, 10.59s/ep, cand 1847 | r0 pass 634/1836 | 
episodes solved 634 | queue r0 3151 reprompt 0 | verifying 2 | 10.6 s/proposal]
first proposals:  37%|ΓûêΓûêΓûêΓûï      | 1850/5000 [5:30:34<9:16:12, 10.59s/ep, cand 1849 | r0 pass 634/1838 | 
episodes solved 634 | queue r0 3149 reprompt 0 | verifying 2 | 10.5 s/proposal]
first proposals:  37%|ΓûêΓûêΓûêΓûï      | 1851/5000 [5:30:44<9:11:40, 10.51s/ep, cand 1850 | r0 pass 634/1839 | 
episodes solved 634 | queue r0 3148 reprompt 0 | verifying 2 | 10.7 s/proposal]
first proposals:  37%|ΓûêΓûêΓûêΓûï      | 1852/5000 [5:30:54<9:06:22, 10.41s/ep, cand 1851 | r0 pass 634/1840 | 
episodes solved 634 | queue r0 3147 reprompt 0 | verifying 2 | 10.7 s/proposal]
first proposals:  37%|ΓûêΓûêΓûêΓûï      | 1853/5000 [5:31:05<9:13:34, 10.55s/ep, cand 1852 | r0 pass 634/1841 | 
episodes solved 634 | queue r0 3146 reprompt 0 | verifying 2 | 10.6 s/proposal]
first proposals:  37%|ΓûêΓûêΓûêΓûï      | 1854/5000 [5:31:15<8:58:00, 10.26s/ep, cand 1853 | r0 pass 635/1842 | 
episodes solved 635 | queue r0 3145 reprompt 0 | verifying 2 | 10.7 s/proposal]
first proposals:  37%|ΓûêΓûêΓûêΓûï      | 1855/5000 [5:31:34<11:08:32, 12.75s/ep, cand 1854 | r0 pass 636/1843 | 
episodes solved 636 | queue r0 3144 reprompt 0 | verifying 2 | 10.6 s/proposal]
first proposals:  37%|ΓûêΓûêΓûêΓûï      | 1856/5000 [5:31:43<10:15:05, 11.74s/ep, cand 1855 | r0 pass 637/1844 | 
episodes solved 637 | queue r0 3142 reprompt 0 | verifying 3 | 10.6 s/proposal]
first proposals:  37%|ΓûêΓûêΓûêΓûï      | 1857/5000 [5:31:53<9:41:30, 11.10s/ep, cand 1856 | r0 pass 637/1845 | 
episodes solved 637 | queue r0 3141 reprompt 0 | verifying 3 | 10.6 s/proposal] 
first proposals:  37%|ΓûêΓûêΓûêΓûï      | 1859/5000 [5:32:02<7:08:55,  8.19s/ep, cand 1858 | r0 pass 637/1847 | 
episodes solved 637 | queue r0 3140 reprompt 0 | verifying 2 | 10.6 s/proposal]
first proposals:  37%|ΓûêΓûêΓûêΓûï      | 1860/5000 [5:32:13<7:47:39,  8.94s/ep, cand 1859 | r0 pass 637/1848 | 
episodes solved 637 | queue r0 3139 reprompt 0 | verifying 2 | 10.6 s/proposal]
first proposals:  37%|ΓûêΓûêΓûêΓûï      | 1861/5000 [5:32:24<8:07:40,  9.32s/ep, cand 1860 | r0 pass 638/1849 | 
episodes solved 638 | queue r0 3138 reprompt 0 | verifying 2 | 10.5 s/proposal]
first proposals:  37%|ΓûêΓûêΓûêΓûï      | 1862/5000 [5:32:34<8:25:38,  9.67s/ep, cand 1861 | r0 pass 639/1850 | 
episodes solved 639 | queue r0 3137 reprompt 0 | verifying 2 | 10.5 s/proposal]
first proposals:  37%|ΓûêΓûêΓûêΓûï      | 1863/5000 [5:32:57<11:31:01, 13.22s/ep, cand 1862 | r0 pass 639/1851 | 
episodes solved 639 | queue r0 3136 reprompt 0 | verifying 2 | 10.5 s/proposal]
first proposals:  37%|ΓûêΓûêΓûêΓûï      | 1864/5000 [5:33:08<10:57:28, 12.58s/ep, cand 1863 | r0 pass 640/1852 | 
episodes solved 640 | queue r0 3134 reprompt 0 | verifying 3 | 10.6 s/proposal]
first proposals:  37%|ΓûêΓûêΓûêΓûï      | 1865/5000 [5:33:16<9:45:43, 11.21s/ep, cand 1864 | r0 pass 641/1853 | 
episodes solved 641 | queue r0 3133 reprompt 0 | verifying 3 | 10.6 s/proposal] 
first proposals:  37%|ΓûêΓûêΓûêΓûï      | 1867/5000 [5:33:35<9:13:27, 10.60s/ep, cand 1866 | r0 pass 641/1855 | 
episodes solved 641 | queue r0 3132 reprompt 0 | verifying 2 | 10.5 s/proposal]
first proposals:  37%|ΓûêΓûêΓûêΓûï      | 1869/5000 [5:33:46<7:22:12,  8.47s/ep, cand 1868 | r0 pass 642/1857 | 
episodes solved 642 | queue r0 3130 reprompt 0 | verifying 2 | 10.5 s/proposal]
first proposals:  37%|ΓûêΓûêΓûêΓûï      | 1870/5000 [5:34:06<9:36:36, 11.05s/ep, cand 1869 | r0 pass 642/1858 | 
episodes solved 642 | queue r0 3129 reprompt 0 | verifying 2 | 10.5 s/proposal]
first proposals:  37%|ΓûêΓûêΓûêΓûï      | 1871/5000 [5:34:17<9:38:15, 11.09s/ep, cand 1870 | r0 pass 643/1859 | 
episodes solved 643 | queue r0 3127 reprompt 0 | verifying 3 | 10.5 s/proposal]
first proposals:  37%|ΓûêΓûêΓûêΓûï      | 1873/5000 [5:34:39<9:38:44, 11.10s/ep, cand 1872 | r0 pass 643/1861 | 
episodes solved 643 | queue r0 3126 reprompt 0 | verifying 2 | 10.3 s/proposal]
first proposals:  38%|ΓûêΓûêΓûêΓûè      | 1875/5000 [5:34:47<7:23:27,  8.51s/ep, cand 1874 | r0 pass 643/1863 | 
episodes solved 643 | queue r0 3124 reprompt 0 | verifying 2 | 10.3 s/proposal]
first proposals:  38%|ΓûêΓûêΓûêΓûè      | 1876/5000 [5:34:57<7:33:55,  8.72s/ep, cand 1875 | r0 pass 643/1864 | 
episodes solved 643 | queue r0 3123 reprompt 0 | verifying 2 | 10.3 s/proposal]
first proposals:  38%|ΓûêΓûêΓûêΓûè      | 1877/5000 [5:35:08<7:59:52,  9.22s/ep, cand 1876 | r0 pass 644/1865 | 
episodes solved 644 | queue r0 3122 reprompt 0 | verifying 2 | 10.2 s/proposal]
first proposals:  38%|ΓûêΓûêΓûêΓûè      | 1878/5000 [5:35:16<7:46:37,  8.97s/ep, cand 1877 | r0 pass 644/1866 | 
episodes solved 644 | queue r0 3121 reprompt 0 | verifying 2 | 10.2 s/proposal]
first proposals:  38%|ΓûêΓûêΓûêΓûè      | 1879/5000 [5:35:35<10:07:35, 11.68s/ep, cand 1878 | r0 pass 644/1867 | 
episodes solved 644 | queue r0 3120 reprompt 0 | verifying 2 | 10.2 s/proposal]
first proposals:  38%|ΓûêΓûêΓûêΓûè      | 1880/5000 [5:35:44<9:24:15, 10.85s/ep, cand 1879 | r0 pass 644/1868 | 
episodes solved 644 | queue r0 3118 reprompt 0 | verifying 3 | 10.2 s/proposal] 
first proposals:  38%|ΓûêΓûêΓûêΓûè      | 1881/5000 [5:35:54<9:16:10, 10.70s/ep, cand 1880 | r0 pass 645/1869 | 
episodes solved 645 | queue r0 3117 reprompt 0 | verifying 3 | 10.3 s/proposal]
first proposals:  38%|ΓûêΓûêΓûêΓûè      | 1883/5000 [5:36:14<8:54:34, 10.29s/ep, cand 1882 | r0 pass 645/1871 | 
episodes solved 645 | queue r0 3116 reprompt 0 | verifying 2 | 10.3 s/proposal]
first proposals:  38%|ΓûêΓûêΓûêΓûè      | 1885/5000 [5:36:34<8:45:23, 10.12s/ep, cand 1884 | r0 pass 647/1873 | 
episodes solved 647 | queue r0 3114 reprompt 0 | verifying 2 | 10.2 s/proposal]
first proposals:  38%|ΓûêΓûêΓûêΓûè      | 1886/5000 [5:36:44<8:49:22, 10.20s/ep, cand 1885 | r0 pass 647/1874 | 
episodes solved 647 | queue r0 3112 reprompt 0 | verifying 3 | 10.2 s/proposal]
first proposals:  38%|ΓûêΓûêΓûêΓûè      | 1888/5000 [5:36:54<7:04:32,  8.19s/ep, cand 1887 | r0 pass 648/1876 | 
episodes solved 648 | queue r0 3111 reprompt 0 | verifying 2 | 10.2 s/proposal]
first proposals:  38%|ΓûêΓûêΓûêΓûè      | 1889/5000 [5:37:05<7:39:07,  8.85s/ep, cand 1888 | r0 pass 648/1877 | 
episodes solved 648 | queue r0 3110 reprompt 0 | verifying 2 | 10.2 s/proposal]
first proposals:  38%|ΓûêΓûêΓûêΓûè      | 1890/5000 [5:37:17<8:13:27,  9.52s/ep, cand 1889 | r0 pass 648/1878 | 
episodes solved 648 | queue r0 3109 reprompt 0 | verifying 2 | 10.2 s/proposal]
first proposals:  38%|ΓûêΓûêΓûêΓûè      | 1891/5000 [5:37:41<11:17:10, 13.07s/ep, cand 1890 | r0 pass 648/1879 | 
episodes solved 648 | queue r0 3108 reprompt 0 | verifying 2 | 10.2 s/proposal]
first proposals:  38%|ΓûêΓûêΓûêΓûè      | 1892/5000 [5:37:53<11:05:12, 12.84s/ep, cand 1891 | r0 pass 648/1880 | 
episodes solved 648 | queue r0 3106 reprompt 0 | verifying 3 | 10.3 s/proposal]
first proposals:  38%|ΓûêΓûêΓûêΓûè      | 1894/5000 [5:38:14<10:08:58, 11.76s/ep, cand 1893 | r0 pass 649/1882 | 
episodes solved 649 | queue r0 3105 reprompt 0 | verifying 2 | 10.3 s/proposal]
first proposals:  38%|ΓûêΓûêΓûêΓûè      | 1895/5000 [5:38:22<9:34:22, 11.10s/ep, cand 1894 | r0 pass 650/1883 | 
episodes solved 650 | queue r0 3103 reprompt 0 | verifying 3 | 10.3 s/proposal] 
first proposals:  38%|ΓûêΓûêΓûêΓûè      | 1896/5000 [5:38:34<9:38:30, 11.18s/ep, cand 1895 | r0 pass 651/1884 | 
episodes solved 651 | queue r0 3102 reprompt 0 | verifying 3 | 10.4 s/proposal]
first proposals:  38%|ΓûêΓûêΓûêΓûè      | 1898/5000 [5:38:45<7:38:10,  8.86s/ep, cand 1897 | r0 pass 653/1886 | 
episodes solved 653 | queue r0 3101 reprompt 0 | verifying 2 | 10.4 s/proposal]
first proposals:  38%|ΓûêΓûêΓûêΓûè      | 1899/5000 [5:38:58<8:30:09,  9.87s/ep, cand 1898 | r0 pass 654/1887 | 
episodes solved 654 | queue r0 3100 reprompt 0 | verifying 2 | 10.4 s/proposal]
first proposals:  38%|ΓûêΓûêΓûêΓûè      | 1900/5000 [5:39:21<11:09:10, 12.95s/ep, cand 1899 | r0 pass 655/1888 | 
episodes solved 655 | queue r0 3099 reprompt 0 | verifying 2 | 10.5 s/proposal]
first proposals:  38%|ΓûêΓûêΓûêΓûè      | 1903/5000 [5:39:28<6:27:18,  7.50s/ep, cand 1902 | r0 pass 657/1891 | 
episodes solved 657 | queue r0 3097 reprompt 0 | verifying 1 | 10.3 s/proposal] 
first proposals:  38%|ΓûêΓûêΓûêΓûè      | 1903/5000 [5:39:43<6:27:18,  7.50s/ep, cand 1903 | r0 pass 657/1892 | 
episodes solved 657 | queue r0 3096 reprompt 0 | verifying 1 | 10.2 s/proposal]
first proposals:  38%|ΓûêΓûêΓûêΓûè      | 1904/5000 [5:39:49<8:42:22, 10.12s/ep, cand 1903 | r0 pass 657/1892 | 
episodes solved 657 | queue r0 3096 reprompt 0 | verifying 1 | 10.2 s/proposal]
first proposals:  38%|ΓûêΓûêΓûêΓûè      | 1905/5000 [5:40:00<9:01:30, 10.50s/ep, cand 1904 | r0 pass 658/1893 | 
episodes solved 658 | queue r0 3094 reprompt 0 | verifying 2 | 10.2 s/proposal]
first proposals:  38%|ΓûêΓûêΓûêΓûè      | 1907/5000 [5:40:29<10:18:53, 12.01s/ep, cand 1906 | r0 pass 659/1895 | 
episodes solved 659 | queue r0 3093 reprompt 0 | verifying 1 | 10.3 s/proposal]
first proposals:  38%|ΓûêΓûêΓûêΓûè      | 1909/5000 [5:40:38<8:01:35,  9.35s/ep, cand 1908 | r0 pass 660/1897 | 
episodes solved 660 | queue r0 3090 reprompt 0 | verifying 2 | 10.3 s/proposal] 
first proposals:  38%|ΓûêΓûêΓûêΓûè      | 1909/5000 [5:40:53<8:01:35,  9.35s/ep, cand 1909 | r0 pass 660/1898 | 
episodes solved 660 | queue r0 3089 reprompt 0 | verifying 2 | 10.3 s/proposal]
first proposals:  38%|ΓûêΓûêΓûêΓûè      | 1910/5000 [5:41:01<10:23:01, 12.10s/ep, cand 1909 | r0 pass 660/1898 | 
episodes solved 660 | queue r0 3089 reprompt 0 | verifying 2 | 10.3 s/proposal]
first proposals:  38%|ΓûêΓûêΓûêΓûè      | 1912/5000 [5:41:11<8:02:09,  9.37s/ep, cand 1911 | r0 pass 661/1900 | 
episodes solved 661 | queue r0 3087 reprompt 0 | verifying 2 | 10.3 s/proposal] 
first proposals:  38%|ΓûêΓûêΓûêΓûè      | 1913/5000 [5:41:23<8:01:59,  9.37s/ep, cand 1913 | r0 pass 662/1902 | 
episodes solved 662 | queue r0 3085 reprompt 0 | verifying 2 | 10.3 s/proposal]
first proposals:  38%|ΓûêΓûêΓûêΓûè      | 1914/5000 [5:41:41<9:45:20, 11.38s/ep, cand 1913 | r0 pass 662/1902 | 
episodes solved 662 | queue r0 3085 reprompt 0 | verifying 2 | 10.3 s/proposal]
first proposals:  38%|ΓûêΓûêΓûêΓûè      | 1916/5000 [5:42:00<9:12:34, 10.75s/ep, cand 1915 | r0 pass 662/1904 | 
episodes solved 662 | queue r0 3083 reprompt 0 | verifying 2 | 10.2 s/proposal]
first proposals:  38%|ΓûêΓûêΓûêΓûè      | 1917/5000 [5:42:11<9:13:53, 10.78s/ep, cand 1916 | r0 pass 663/1905 | 
episodes solved 663 | queue r0 3081 reprompt 0 | verifying 3 | 10.3 s/proposal]
first proposals:  38%|ΓûêΓûêΓûêΓûè      | 1918/5000 [5:42:24<9:38:09, 11.26s/ep, cand 1917 | r0 pass 663/1906 | 
episodes solved 663 | queue r0 3080 reprompt 0 | verifying 3 | 10.3 s/proposal]
first proposals:  38%|ΓûêΓûêΓûêΓûè      | 1920/5000 [5:42:32<7:16:33,  8.50s/ep, cand 1919 | r0 pass 664/1908 | 
episodes solved 664 | queue r0 3079 reprompt 0 | verifying 2 | 10.3 s/proposal]
first proposals:  38%|ΓûêΓûêΓûêΓûè      | 1920/5000 [5:42:44<7:16:33,  8.50s/ep, cand 1920 | r0 pass 664/1909 | 
episodes solved 664 | queue r0 3078 reprompt 0 | verifying 2 | 10.3 s/proposal]
first proposals:  38%|ΓûêΓûêΓûêΓûè      | 1921/5000 [5:42:53<9:38:31, 11.27s/ep, cand 1920 | r0 pass 664/1909 | 
episodes solved 664 | queue r0 3078 reprompt 0 | verifying 2 | 10.3 s/proposal]
first proposals:  38%|ΓûêΓûêΓûêΓûè      | 1923/5000 [5:43:01<7:16:07,  8.50s/ep, cand 1922 | r0 pass 664/1911 | 
episodes solved 664 | queue r0 3076 reprompt 0 | verifying 2 | 10.3 s/proposal]
first proposals:  38%|ΓûêΓûêΓûêΓûè      | 1924/5000 [5:43:14<7:15:58,  8.50s/ep, cand 1924 | r0 pass 664/1913 | 
episodes solved 664 | queue r0 3074 reprompt 0 | verifying 2 | 10.2 s/proposal]
first proposals:  38%|ΓûêΓûêΓûêΓûè      | 1925/5000 [5:43:32<9:16:50, 10.87s/ep, cand 1924 | r0 pass 664/1913 | 
episodes solved 664 | queue r0 3074 reprompt 0 | verifying 2 | 10.2 s/proposal]
first proposals:  39%|ΓûêΓûêΓûêΓûè      | 1927/5000 [5:43:54<9:18:15, 10.90s/ep, cand 1926 | r0 pass 664/1915 | 
episodes solved 664 | queue r0 3072 reprompt 0 | verifying 2 | 10.3 s/proposal]
first proposals:  39%|ΓûêΓûêΓûêΓûè      | 1928/5000 [5:44:06<9:35:45, 11.25s/ep, cand 1927 | r0 pass 664/1916 | 
episodes solved 664 | queue r0 3070 reprompt 0 | verifying 3 | 10.3 s/proposal]
first proposals:  39%|ΓûêΓûêΓûêΓûè      | 1930/5000 [5:44:19<8:07:36,  9.53s/ep, cand 1929 | r0 pass 665/1918 | 
episodes solved 665 | queue r0 3069 reprompt 0 | verifying 2 | 10.4 s/proposal]
first proposals:  39%|ΓûêΓûêΓûêΓûè      | 1932/5000 [5:44:58<10:56:50, 12.85s/ep, cand 1931 | r0 pass 666/1920 | 
episodes solved 666 | queue r0 3068 reprompt 0 | verifying 1 | 10.4 s/proposal]
first proposals:  39%|ΓûêΓûêΓûêΓûè      | 1934/5000 [5:45:13<9:27:21, 11.10s/ep, cand 1933 | r0 pass 666/1922 | 
episodes solved 666 | queue r0 3065 reprompt 0 | verifying 2 | 10.6 s/proposal] 
first proposals:  39%|ΓûêΓûêΓûêΓûè      | 1935/5000 [5:45:29<10:12:14, 11.99s/ep, cand 1934 | r0 pass 666/1923 | 
episodes solved 666 | queue r0 3064 reprompt 0 | verifying 2 | 10.7 s/proposal]
first proposals:  39%|ΓûêΓûêΓûêΓûè      | 1936/5000 [5:45:57<13:05:22, 15.38s/ep, cand 1935 | r0 pass 667/1924 | 
episodes solved 667 | queue r0 3063 reprompt 0 | verifying 2 | 10.9 s/proposal]
first proposals:  39%|ΓûêΓûêΓûêΓûë      | 1938/5000 [5:46:09<10:05:21, 11.86s/ep, cand 1937 | r0 pass 668/1926 | 
episodes solved 668 | queue r0 3061 reprompt 0 | verifying 2 | 11.0 s/proposal]
first proposals:  39%|ΓûêΓûêΓûêΓûë      | 1939/5000 [5:46:41<13:42:11, 16.12s/ep, cand 1938 | r0 pass 668/1927 | 
episodes solved 668 | queue r0 3060 reprompt 0 | verifying 2 | 11.1 s/proposal]
first proposals:  39%|ΓûêΓûêΓûêΓûë      | 1941/5000 [5:46:56<11:01:44, 12.98s/ep, cand 1940 | r0 pass 668/1929 | 
episodes solved 668 | queue r0 3058 reprompt 0 | verifying 2 | 11.2 s/proposal]
first proposals:  39%|ΓûêΓûêΓûêΓûë      | 1942/5000 [5:47:24<13:42:01, 16.13s/ep, cand 1941 | r0 pass 669/1930 | 
episodes solved 669 | queue r0 3057 reprompt 0 | verifying 2 | 11.3 s/proposal]
first proposals:  39%|ΓûêΓûêΓûêΓûë      | 1944/5000 [5:47:53<13:11:28, 15.54s/ep, cand 1943 | r0 pass 669/1932 | 
episodes solved 669 | queue r0 3055 reprompt 0 | verifying 2 | 11.4 s/proposal]
first proposals:  39%|ΓûêΓûêΓûêΓûë      | 1946/5000 [5:48:17<12:07:46, 14.30s/ep, cand 1945 | r0 pass 670/1934 | 
episodes solved 670 | queue r0 3053 reprompt 0 | verifying 2 | 11.6 s/proposal]
first proposals:  39%|ΓûêΓûêΓûêΓûë      | 1947/5000 [5:48:31<12:01:06, 14.17s/ep, cand 1946 | r0 pass 670/1935 | 
episodes solved 670 | queue r0 3051 reprompt 0 | verifying 3 | 11.6 s/proposal]
first proposals:  39%|ΓûêΓûêΓûêΓûë      | 1948/5000 [5:48:45<12:03:52, 14.23s/ep, cand 1947 | r0 pass 671/1936 | 
episodes solved 671 | queue r0 3050 reprompt 0 | verifying 3 | 11.7 s/proposal]
first proposals:  39%|ΓûêΓûêΓûêΓûë      | 1949/5000 [5:48:58<11:42:30, 13.82s/ep, cand 1948 | r0 pass 672/1937 | 
episodes solved 672 | queue r0 3049 reprompt 0 | verifying 3 | 11.7 s/proposal]
first proposals:  39%|ΓûêΓûêΓûêΓûë      | 1952/5000 [5:49:37<11:20:53, 13.40s/ep, cand 1951 | r0 pass 673/1940 | 
episodes solved 673 | queue r0 3048 reprompt 0 | verifying 1 | 11.8 s/proposal]
first proposals:  39%|ΓûêΓûêΓûêΓûë      | 1953/5000 [5:49:53<11:45:08, 13.89s/ep, cand 1952 | r0 pass 673/1941 | 
episodes solved 673 | queue r0 3045 reprompt 0 | verifying 3 | 11.9 s/proposal]
first proposals:  39%|ΓûêΓûêΓûêΓûë      | 1955/5000 [5:50:23<12:06:44, 14.32s/ep, cand 1954 | r0 pass 675/1943 | 
episodes solved 675 | queue r0 3044 reprompt 0 | verifying 2 | 12.0 s/proposal]
first proposals:  39%|ΓûêΓûêΓûêΓûë      | 1957/5000 [5:50:35<9:45:29, 11.54s/ep, cand 1956 | r0 pass 675/1945 | 
episodes solved 675 | queue r0 3042 reprompt 0 | verifying 2 | 12.2 s/proposal] 
first proposals:  39%|ΓûêΓûêΓûêΓûë      | 1958/5000 [5:51:06<12:59:15, 15.37s/ep, cand 1957 | r0 pass 675/1946 | 
episodes solved 675 | queue r0 3041 reprompt 0 | verifying 2 | 12.3 s/proposal]
first proposals:  39%|ΓûêΓûêΓûêΓûë      | 1960/5000 [5:51:21<10:29:07, 12.42s/ep, cand 1959 | r0 pass 676/1948 | 
episodes solved 676 | queue r0 3039 reprompt 0 | verifying 2 | 12.5 s/proposal]
first proposals:  39%|ΓûêΓûêΓûêΓûë      | 1962/5000 [5:51:46<10:35:25, 12.55s/ep, cand 1961 | r0 pass 677/1950 | 
episodes solved 677 | queue r0 3038 reprompt 0 | verifying 1 | 12.6 s/proposal]
first proposals:  39%|ΓûêΓûêΓûêΓûë      | 1963/5000 [5:52:10<12:27:01, 14.76s/ep, cand 1962 | r0 pass 677/1951 | 
episodes solved 677 | queue r0 3036 reprompt 0 | verifying 2 | 12.7 s/proposal]
first proposals:  39%|ΓûêΓûêΓûêΓûë      | 1964/5000 [5:52:22<11:53:32, 14.10s/ep, cand 1963 | r0 pass 678/1952 | 
episodes solved 678 | queue r0 3034 reprompt 0 | verifying 3 | 12.7 s/proposal]
first proposals:  39%|ΓûêΓûêΓûêΓûë      | 1965/5000 [5:52:34<11:31:22, 13.67s/ep, cand 1964 | r0 pass 679/1953 | 
episodes solved 679 | queue r0 3033 reprompt 0 | verifying 3 | 12.8 s/proposal]
first proposals:  39%|ΓûêΓûêΓûêΓûë      | 1967/5000 [5:52:47<9:06:03, 10.80s/ep, cand 1966 | r0 pass 680/1955 | 
episodes solved 680 | queue r0 3032 reprompt 0 | verifying 2 | 12.8 s/proposal] 
first proposals:  39%|ΓûêΓûêΓûêΓûë      | 1968/5000 [5:53:08<10:53:48, 12.94s/ep, cand 1967 | r0 pass 680/1956 | 
episodes solved 680 | queue r0 3031 reprompt 0 | verifying 2 | 12.9 s/proposal]
first proposals:  39%|ΓûêΓûêΓûêΓûë      | 1969/5000 [5:53:33<13:26:42, 15.97s/ep, cand 1968 | r0 pass 681/1957 | 
episodes solved 681 | queue r0 3029 reprompt 0 | verifying 3 | 12.8 s/proposal]
first proposals:  39%|ΓûêΓûêΓûêΓûë      | 1972/5000 [5:53:46<8:22:26,  9.96s/ep, cand 1971 | r0 pass 682/1960 | 
episodes solved 682 | queue r0 3027 reprompt 0 | verifying 2 | 13.0 s/proposal] 
first proposals:  39%|ΓûêΓûêΓûêΓûë      | 1972/5000 [5:53:56<8:22:26,  9.96s/ep, cand 1972 | r0 pass 683/1961 | 
episodes solved 683 | queue r0 3026 reprompt 0 | verifying 2 | 13.0 s/proposal]
first proposals:  39%|ΓûêΓûêΓûêΓûë      | 1973/5000 [5:54:10<10:44:40, 12.78s/ep, cand 1972 | r0 pass 683/1961 | 
episodes solved 683 | queue r0 3026 reprompt 0 | verifying 2 | 13.0 s/proposal]
first proposals:  39%|ΓûêΓûêΓûêΓûë      | 1974/5000 [5:54:21<10:27:37, 12.44s/ep, cand 1973 | r0 pass 683/1962 | 
episodes solved 683 | queue r0 3024 reprompt 0 | verifying 3 | 13.1 s/proposal]
first proposals:  40%|ΓûêΓûêΓûêΓûë      | 1976/5000 [5:54:34<8:25:50, 10.04s/ep, cand 1975 | r0 pass 685/1964 | 
episodes solved 685 | queue r0 3023 reprompt 0 | verifying 2 | 13.2 s/proposal] 
first proposals:  40%|ΓûêΓûêΓûêΓûë      | 1977/5000 [5:54:55<10:24:06, 12.39s/ep, cand 1976 | r0 pass 685/1965 | 
episodes solved 685 | queue r0 3022 reprompt 0 | verifying 2 | 13.2 s/proposal]
first proposals:  40%|ΓûêΓûêΓûêΓûë      | 1978/5000 [5:55:09<10:48:58, 12.89s/ep, cand 1977 | r0 pass 686/1966 | 
episodes solved 686 | queue r0 3020 reprompt 0 | verifying 3 | 13.2 s/proposal]
first proposals:  40%|ΓûêΓûêΓûêΓûë      | 1979/5000 [5:55:26<11:34:21, 13.79s/ep, cand 1978 | r0 pass 687/1967 | 
episodes solved 687 | queue r0 3019 reprompt 0 | verifying 3 | 13.2 s/proposal]
first proposals:  40%|ΓûêΓûêΓûêΓûë      | 1981/5000 [5:55:54<11:42:45, 13.97s/ep, cand 1980 | r0 pass 687/1969 | 
episodes solved 687 | queue r0 3018 reprompt 0 | verifying 2 | 13.3 s/proposal]
first proposals:  40%|ΓûêΓûêΓûêΓûë      | 1983/5000 [5:56:06<9:17:03, 11.08s/ep, cand 1982 | r0 pass 687/1971 | 
episodes solved 687 | queue r0 3016 reprompt 0 | verifying 2 | 13.4 s/proposal] 
first proposals:  40%|ΓûêΓûêΓûêΓûë      | 1984/5000 [5:56:32<11:55:10, 14.23s/ep, cand 1983 | r0 pass 688/1972 | 
episodes solved 688 | queue r0 3015 reprompt 0 | verifying 2 | 13.3 s/proposal]
first proposals:  40%|ΓûêΓûêΓûêΓûë      | 1985/5000 [5:56:43<11:06:29, 13.26s/ep, cand 1984 | r0 pass 688/1973 | 
episodes solved 688 | queue r0 3013 reprompt 0 | verifying 3 | 13.2 s/proposal]
first proposals:  40%|ΓûêΓûêΓûêΓûë      | 1986/5000 [5:56:57<11:16:46, 13.47s/ep, cand 1985 | r0 pass 689/1974 | 
episodes solved 689 | queue r0 3012 reprompt 0 | verifying 3 | 13.2 s/proposal]
first proposals:  40%|ΓûêΓûêΓûêΓûë      | 1987/5000 [5:57:09<10:59:51, 13.14s/ep, cand 1986 | r0 pass 689/1975 | 
episodes solved 689 | queue r0 3011 reprompt 0 | verifying 3 | 13.2 s/proposal]
first proposals:  40%|ΓûêΓûêΓûêΓûë      | 1988/5000 [5:57:24<11:32:19, 13.79s/ep, cand 1987 | r0 pass 689/1976 | 
episodes solved 689 | queue r0 3010 reprompt 0 | verifying 3 | 13.2 s/proposal]
first proposals:  40%|ΓûêΓûêΓûêΓûë      | 1990/5000 [5:57:36<8:32:35, 10.22s/ep, cand 1989 | r0 pass 690/1978 | 
episodes solved 690 | queue r0 3009 reprompt 0 | verifying 2 | 13.2 s/proposal] 
first proposals:  40%|ΓûêΓûêΓûêΓûë      | 1991/5000 [5:57:50<9:17:01, 11.11s/ep, cand 1990 | r0 pass 690/1979 | 
episodes solved 690 | queue r0 3008 reprompt 0 | verifying 2 | 13.1 s/proposal]
first proposals:  40%|ΓûêΓûêΓûêΓûë      | 1992/5000 [5:58:01<9:20:34, 11.18s/ep, cand 1991 | r0 pass 691/1980 | 
episodes solved 691 | queue r0 3007 reprompt 0 | verifying 2 | 13.0 s/proposal]
first proposals:  40%|ΓûêΓûêΓûêΓûë      | 1993/5000 [5:58:31<13:36:21, 16.29s/ep, cand 1992 | r0 pass 692/1981 | 
episodes solved 692 | queue r0 3006 reprompt 0 | verifying 2 | 13.0 s/proposal]
first proposals:  40%|ΓûêΓûêΓûêΓûë      | 1994/5000 [5:58:47<13:23:33, 16.04s/ep, cand 1993 | r0 pass 692/1982 | 
episodes solved 692 | queue r0 3004 reprompt 0 | verifying 3 | 13.0 s/proposal]
first proposals:  40%|ΓûêΓûêΓûêΓûë      | 1995/5000 [5:59:01<13:05:05, 15.68s/ep, cand 1994 | r0 pass 693/1983 | 
episodes solved 693 | queue r0 3003 reprompt 0 | verifying 3 | 13.0 s/proposal]
first proposals:  40%|ΓûêΓûêΓûêΓûë      | 1997/5000 [5:59:16<9:58:10, 11.95s/ep, cand 1996 | r0 pass 693/1985 | 
episodes solved 693 | queue r0 3002 reprompt 0 | verifying 2 | 13.1 s/proposal] 
first proposals:  40%|ΓûêΓûêΓûêΓûë      | 1999/5000 [5:59:41<10:03:49, 12.07s/ep, cand 1998 | r0 pass 693/1987 | 
episodes solved 693 | queue r0 3001 reprompt 0 | verifying 1 | 13.1 s/proposal]
first proposals:  40%|ΓûêΓûêΓûêΓûê      | 2000/5000 [5:59:54<10:21:45, 12.44s/ep, cand 1999 | r0 pass 693/1988 | 
episodes solved 693 | queue r0 2999 reprompt 0 | verifying 2 | 13.1 s/proposal]
first proposals:  40%|ΓûêΓûêΓûêΓûê      | 2001/5000 [6:00:07<10:20:02, 12.41s/ep, cand 2000 | r0 pass 694/1989 | 
episodes solved 694 | queue r0 2998 reprompt 0 | verifying 2 | 13.1 s/proposal]
first proposals:  40%|ΓûêΓûêΓûêΓûê      | 2003/5000 [6:00:31<10:10:22, 12.22s/ep, cand 2002 | r0 pass 694/1991 | 
episodes solved 694 | queue r0 2997 reprompt 0 | verifying 1 | 13.1 s/proposal]
first proposals:  40%|ΓûêΓûêΓûêΓûê      | 2005/5000 [6:01:17<13:27:58, 16.19s/ep, cand 2004 | r0 pass 694/1993 | 
episodes solved 694 | queue r0 2995 reprompt 0 | verifying 1 | 13.0 s/proposal]
first proposals:  40%|ΓûêΓûêΓûêΓûê      | 2007/5000 [6:01:35<11:25:00, 13.73s/ep, cand 2006 | r0 pass 695/1995 | 
episodes solved 695 | queue r0 2992 reprompt 0 | verifying 2 | 13.0 s/proposal]
first proposals:  40%|ΓûêΓûêΓûêΓûê      | 2008/5000 [6:02:04<13:55:12, 16.75s/ep, cand 2007 | r0 pass 695/1996 | 
episodes solved 695 | queue r0 2991 reprompt 0 | verifying 2 | 13.1 s/proposal]
first proposals:  40%|ΓûêΓûêΓûêΓûê      | 2010/5000 [6:02:17<10:51:57, 13.08s/ep, cand 2009 | r0 pass 696/1998 | 
episodes solved 696 | queue r0 2989 reprompt 0 | verifying 2 | 13.1 s/proposal]
first proposals:  40%|ΓûêΓûêΓûêΓûê      | 2011/5000 [6:02:44<13:16:20, 15.99s/ep, cand 2010 | r0 pass 696/1999 | 
episodes solved 696 | queue r0 2988 reprompt 0 | verifying 2 | 13.1 s/proposal]
first proposals:  40%|ΓûêΓûêΓûêΓûê      | 2013/5000 [6:02:59<10:34:14, 12.74s/ep, cand 2012 | r0 pass 698/2001 | 
episodes solved 698 | queue r0 2986 reprompt 0 | verifying 2 | 13.1 s/proposal]
first proposals:  40%|ΓûêΓûêΓûêΓûê      | 2014/5000 [6:03:14<11:04:39, 13.36s/ep, cand 2013 | r0 pass 699/2002 | 
episodes solved 699 | queue r0 2985 reprompt 0 | verifying 2 | 13.1 s/proposal]
first proposals:  40%|ΓûêΓûêΓûêΓûê      | 2016/5000 [6:03:44<11:29:34, 13.87s/ep, cand 2015 | r0 pass 699/2004 | 
episodes solved 699 | queue r0 2984 reprompt 0 | verifying 1 | 13.2 s/proposal]
first proposals:  40%|ΓûêΓûêΓûêΓûê      | 2017/5000 [6:04:02<12:17:54, 14.84s/ep, cand 2016 | r0 pass 699/2005 | 
episodes solved 699 | queue r0 2982 reprompt 0 | verifying 2 | 13.3 s/proposal]
first proposals:  40%|ΓûêΓûêΓûêΓûê      | 2018/5000 [6:04:33<15:19:58, 18.51s/ep, cand 2017 | r0 pass 699/2006 | 
episodes solved 699 | queue r0 2981 reprompt 0 | verifying 2 | 13.5 s/proposal]
first proposals:  40%|ΓûêΓûêΓûêΓûê      | 2019/5000 [6:04:47<14:24:25, 17.40s/ep, cand 2018 | r0 pass 699/2007 | 
episodes solved 699 | queue r0 2979 reprompt 0 | verifying 3 | 13.7 s/proposal]
first proposals:  40%|ΓûêΓûêΓûêΓûê      | 2021/5000 [6:05:00<10:38:32, 12.86s/ep, cand 2020 | r0 pass 699/2009 | 
episodes solved 699 | queue r0 2978 reprompt 0 | verifying 2 | 13.7 s/proposal]
first proposals:  40%|ΓûêΓûêΓûêΓûê      | 2022/5000 [6:05:33<14:22:38, 17.38s/ep, cand 2021 | r0 pass 699/2010 | 
episodes solved 699 | queue r0 2977 reprompt 0 | verifying 2 | 13.7 s/proposal]
first proposals:  40%|ΓûêΓûêΓûêΓûê      | 2024/5000 [6:05:48<11:14:49, 13.61s/ep, cand 2023 | r0 pass 701/2012 | 
episodes solved 701 | queue r0 2975 reprompt 0 | verifying 2 | 13.8 s/proposal]
first proposals:  40%|ΓûêΓûêΓûêΓûê      | 2025/5000 [6:06:17<14:00:28, 16.95s/ep, cand 2024 | r0 pass 701/2013 | 
episodes solved 701 | queue r0 2974 reprompt 0 | verifying 2 | 13.9 s/proposal]
first proposals:  41%|ΓûêΓûêΓûêΓûê      | 2027/5000 [6:06:31<10:47:39, 13.07s/ep, cand 2026 | r0 pass 702/2015 | 
episodes solved 702 | queue r0 2972 reprompt 0 | verifying 2 | 14.0 s/proposal]
first proposals:  41%|ΓûêΓûêΓûêΓûê      | 2028/5000 [6:06:44<10:49:46, 13.12s/ep, cand 2027 | r0 pass 703/2016 | 
episodes solved 703 | queue r0 2971 reprompt 0 | verifying 2 | 14.1 s/proposal]
first proposals:  41%|ΓûêΓûêΓûêΓûê      | 2030/5000 [6:07:12<11:00:52, 13.35s/ep, cand 2029 | r0 pass 704/2018 | 
episodes solved 704 | queue r0 2970 reprompt 0 | verifying 1 | 14.1 s/proposal]
first proposals:  41%|ΓûêΓûêΓûêΓûê      | 2031/5000 [6:07:25<10:57:04, 13.28s/ep, cand 2030 | r0 pass 705/2019 | 
episodes solved 705 | queue r0 2968 reprompt 0 | verifying 2 | 14.1 s/proposal]
first proposals:  41%|ΓûêΓûêΓûêΓûê      | 2033/5000 [6:07:50<10:44:23, 13.03s/ep, cand 2032 | r0 pass 705/2021 | 
episodes solved 705 | queue r0 2967 reprompt 0 | verifying 1 | 14.1 s/proposal]
first proposals:  41%|ΓûêΓûêΓûêΓûê      | 2034/5000 [6:08:05<11:04:45, 13.45s/ep, cand 2033 | r0 pass 706/2022 | 
episodes solved 706 | queue r0 2965 reprompt 0 | verifying 2 | 14.0 s/proposal]
first proposals:  41%|ΓûêΓûêΓûêΓûê      | 2035/5000 [6:08:32<13:43:58, 16.67s/ep, cand 2034 | r0 pass 706/2023 | 
episodes solved 706 | queue r0 2964 reprompt 0 | verifying 2 | 14.1 s/proposal]
first proposals:  41%|ΓûêΓûêΓûêΓûê      | 2036/5000 [6:08:50<13:57:39, 16.96s/ep, cand 2035 | r0 pass 707/2024 | 
episodes solved 707 | queue r0 2962 reprompt 0 | verifying 3 | 14.1 s/proposal]
first proposals:  41%|ΓûêΓûêΓûêΓûê      | 2038/5000 [6:09:03<10:27:52, 12.72s/ep, cand 2037 | r0 pass 707/2026 | 
episodes solved 707 | queue r0 2961 reprompt 0 | verifying 2 | 14.2 s/proposal]
first proposals:  41%|ΓûêΓûêΓûêΓûê      | 2039/5000 [6:09:18<10:51:14, 13.20s/ep, cand 2038 | r0 pass 707/2027 | 
episodes solved 707 | queue r0 2960 reprompt 0 | verifying 2 | 14.2 s/proposal]
first proposals:  41%|ΓûêΓûêΓûêΓûê      | 2040/5000 [6:09:31<10:45:03, 13.08s/ep, cand 2039 | r0 pass 707/2028 | 
episodes solved 707 | queue r0 2959 reprompt 0 | verifying 2 | 14.2 s/proposal]
first proposals:  41%|ΓûêΓûêΓûêΓûê      | 2041/5000 [6:09:47<11:19:46, 13.78s/ep, cand 2040 | r0 pass 707/2029 | 
episodes solved 707 | queue r0 2958 reprompt 0 | verifying 2 | 14.3 s/proposal]
first proposals:  41%|ΓûêΓûêΓûêΓûê      | 2042/5000 [6:10:10<13:30:27, 16.44s/ep, cand 2041 | r0 pass 708/2030 | 
episodes solved 708 | queue r0 2957 reprompt 0 | verifying 2 | 14.3 s/proposal]
first proposals:  41%|ΓûêΓûêΓûêΓûê      | 2043/5000 [6:10:27<13:28:05, 16.40s/ep, cand 2042 | r0 pass 709/2031 | 
episodes solved 709 | queue r0 2955 reprompt 0 | verifying 3 | 14.2 s/proposal]
first proposals:  41%|ΓûêΓûêΓûêΓûê      | 2044/5000 [6:10:40<12:49:01, 15.61s/ep, cand 2043 | r0 pass 709/2032 | 
episodes solved 709 | queue r0 2954 reprompt 0 | verifying 3 | 14.3 s/proposal]
first proposals:  41%|ΓûêΓûêΓûêΓûê      | 2045/5000 [6:10:52<11:54:10, 14.50s/ep, cand 2044 | r0 pass 710/2033 | 
episodes solved 710 | queue r0 2953 reprompt 0 | verifying 3 | 14.2 s/proposal]
first proposals:  41%|ΓûêΓûêΓûêΓûê      | 2046/5000 [6:11:04<11:23:41, 13.89s/ep, cand 2045 | r0 pass 711/2034 | 
episodes solved 711 | queue r0 2952 reprompt 0 | verifying 3 | 14.2 s/proposal]
first proposals:  41%|ΓûêΓûêΓûêΓûê      | 2048/5000 [6:11:21<9:16:36, 11.31s/ep, cand 2047 | r0 pass 711/2036 | 
episodes solved 711 | queue r0 2951 reprompt 0 | verifying 2 | 14.1 s/proposal] 
first proposals:  41%|ΓûêΓûêΓûêΓûê      | 2049/5000 [6:11:34<9:33:59, 11.67s/ep, cand 2048 | r0 pass 712/2037 | 
episodes solved 712 | queue r0 2950 reprompt 0 | verifying 2 | 14.2 s/proposal]
first proposals:  41%|ΓûêΓûêΓûêΓûê      | 2051/5000 [6:12:16<12:43:35, 15.54s/ep, cand 2050 | r0 pass 713/2039 | 
episodes solved 713 | queue r0 2949 reprompt 0 | verifying 1 | 14.2 s/proposal]
first proposals:  41%|ΓûêΓûêΓûêΓûê      | 2053/5000 [6:12:46<12:33:21, 15.34s/ep, cand 2052 | r0 pass 714/2041 | 
episodes solved 714 | queue r0 2946 reprompt 0 | verifying 2 | 14.3 s/proposal]
first proposals:  41%|ΓûêΓûêΓûêΓûê      | 2055/5000 [6:13:01<10:24:56, 12.73s/ep, cand 2054 | r0 pass 715/2043 | 
episodes solved 715 | queue r0 2944 reprompt 0 | verifying 2 | 14.4 s/proposal]
first proposals:  41%|ΓûêΓûêΓûêΓûê      | 2056/5000 [6:13:17<10:52:47, 13.30s/ep, cand 2055 | r0 pass 715/2044 | 
episodes solved 715 | queue r0 2943 reprompt 0 | verifying 2 | 14.4 s/proposal]
first proposals:  41%|ΓûêΓûêΓûêΓûê      | 2057/5000 [6:13:31<11:01:06, 13.48s/ep, cand 2056 | r0 pass 716/2045 | 
episodes solved 716 | queue r0 2942 reprompt 0 | verifying 2 | 14.4 s/proposal]
first proposals:  41%|ΓûêΓûêΓûêΓûê      | 2058/5000 [6:13:48<11:39:30, 14.27s/ep, cand 2057 | r0 pass 717/2046 | 
episodes solved 717 | queue r0 2941 reprompt 0 | verifying 2 | 14.3 s/proposal]
first proposals:  41%|ΓûêΓûêΓûêΓûê      | 2059/5000 [6:13:59<10:55:22, 13.37s/ep, cand 2058 | r0 pass 718/2047 | 
episodes solved 718 | queue r0 2940 reprompt 0 | verifying 2 | 14.4 s/proposal]
first proposals:  41%|ΓûêΓûêΓûêΓûê      | 2060/5000 [6:14:13<11:09:09, 13.66s/ep, cand 2059 | r0 pass 719/2048 | 
episodes solved 719 | queue r0 2939 reprompt 0 | verifying 2 | 14.2 s/proposal]
first proposals:  41%|ΓûêΓûêΓûêΓûê      | 2061/5000 [6:14:40<14:06:22, 17.28s/ep, cand 2060 | r0 pass 719/2049 | 
episodes solved 719 | queue r0 2938 reprompt 0 | verifying 2 | 14.3 s/proposal]
first proposals:  41%|ΓûêΓûêΓûêΓûê      | 2062/5000 [6:14:56<13:47:35, 16.90s/ep, cand 2061 | r0 pass 720/2050 | 
episodes solved 720 | queue r0 2936 reprompt 0 | verifying 3 | 14.3 s/proposal]
first proposals:  41%|ΓûêΓûêΓûêΓûêΓûÅ     | 2063/5000 [6:15:10<13:14:31, 16.23s/ep, cand 2062 | r0 pass 721/2051 | 
episodes solved 721 | queue r0 2935 reprompt 0 | verifying 3 | 14.3 s/proposal]
first proposals:  41%|ΓûêΓûêΓûêΓûêΓûÅ     | 2064/5000 [6:15:41<16:41:04, 20.46s/ep, cand 2063 | r0 pass 722/2052 | 
episodes solved 722 | queue r0 2934 reprompt 0 | verifying 3 | 14.3 s/proposal]
first proposals:  41%|ΓûêΓûêΓûêΓûêΓûÅ     | 2066/5000 [6:15:55<11:36:31, 14.24s/ep, cand 2065 | r0 pass 723/2054 | 
episodes solved 723 | queue r0 2933 reprompt 0 | verifying 2 | 14.6 s/proposal]
first proposals:  41%|ΓûêΓûêΓûêΓûêΓûÅ     | 2067/5000 [6:16:09<11:34:26, 14.21s/ep, cand 2066 | r0 pass 723/2055 | 
episodes solved 723 | queue r0 2932 reprompt 0 | verifying 2 | 14.6 s/proposal]
first proposals:  41%|ΓûêΓûêΓûêΓûêΓûÅ     | 2068/5000 [6:16:22<11:23:57, 14.00s/ep, cand 2067 | r0 pass 723/2056 | 
episodes solved 723 | queue r0 2931 reprompt 0 | verifying 2 | 14.5 s/proposal]
first proposals:  41%|ΓûêΓûêΓûêΓûêΓûÅ     | 2069/5000 [6:16:50<14:31:33, 17.84s/ep, cand 2068 | r0 pass 723/2057 | 
episodes solved 723 | queue r0 2930 reprompt 0 | verifying 2 | 14.4 s/proposal]
first proposals:  41%|ΓûêΓûêΓûêΓûêΓûÅ     | 2071/5000 [6:17:20<13:31:36, 16.63s/ep, cand 2070 | r0 pass 723/2059 | 
episodes solved 723 | queue r0 2928 reprompt 0 | verifying 2 | 14.4 s/proposal]
first proposals:  41%|ΓûêΓûêΓûêΓûêΓûÅ     | 2072/5000 [6:17:36<13:15:26, 16.30s/ep, cand 2071 | r0 pass 724/2060 | 
episodes solved 724 | queue r0 2926 reprompt 0 | verifying 3 | 14.5 s/proposal]
first proposals:  41%|ΓûêΓûêΓûêΓûêΓûÅ     | 2074/5000 [6:17:50<10:10:49, 12.53s/ep, cand 2073 | r0 pass 724/2062 | 
episodes solved 724 | queue r0 2925 reprompt 0 | verifying 2 | 14.4 s/proposal]
first proposals:  42%|ΓûêΓûêΓûêΓûêΓûÅ     | 2075/5000 [6:18:06<10:49:05, 13.31s/ep, cand 2074 | r0 pass 724/2063 | 
episodes solved 724 | queue r0 2924 reprompt 0 | verifying 2 | 14.4 s/proposal]
first proposals:  42%|ΓûêΓûêΓûêΓûêΓûÅ     | 2076/5000 [6:18:19<10:49:09, 13.32s/ep, cand 2075 | r0 pass 725/2064 | 
episodes solved 725 | queue r0 2923 reprompt 0 | verifying 2 | 14.4 s/proposal]
first proposals:  42%|ΓûêΓûêΓûêΓûêΓûÅ     | 2077/5000 [6:18:40<12:24:12, 15.28s/ep, cand 2076 | r0 pass 725/2065 | 
episodes solved 725 | queue r0 2922 reprompt 0 | verifying 2 | 14.4 s/proposal]
first proposals:  42%|ΓûêΓûêΓûêΓûêΓûÅ     | 2078/5000 [6:18:57<12:44:18, 15.69s/ep, cand 2077 | r0 pass 725/2066 | 
episodes solved 725 | queue r0 2920 reprompt 0 | verifying 3 | 14.3 s/proposal]
first proposals:  42%|ΓûêΓûêΓûêΓûêΓûÅ     | 2080/5000 [6:19:29<12:52:54, 15.88s/ep, cand 2079 | r0 pass 725/2068 | 
episodes solved 725 | queue r0 2919 reprompt 0 | verifying 2 | 14.4 s/proposal]
first proposals:  42%|ΓûêΓûêΓûêΓûêΓûÅ     | 2081/5000 [6:19:47<13:14:10, 16.32s/ep, cand 2080 | r0 pass 726/2069 | 
episodes solved 726 | queue r0 2917 reprompt 0 | verifying 3 | 14.4 s/proposal]
first proposals:  42%|ΓûêΓûêΓûêΓûêΓûÅ     | 2082/5000 [6:20:06<13:53:02, 17.13s/ep, cand 2081 | r0 pass 727/2070 | 
episodes solved 727 | queue r0 2916 reprompt 0 | verifying 3 | 14.6 s/proposal]
first proposals:  42%|ΓûêΓûêΓûêΓûêΓûÅ     | 2084/5000 [6:20:18<10:06:46, 12.49s/ep, cand 2083 | r0 pass 728/2072 | 
episodes solved 728 | queue r0 2915 reprompt 0 | verifying 2 | 14.7 s/proposal]
first proposals:  42%|ΓûêΓûêΓûêΓûêΓûÅ     | 2085/5000 [6:20:34<10:42:11, 13.22s/ep, cand 2084 | r0 pass 729/2073 | 
episodes solved 729 | queue r0 2914 reprompt 0 | verifying 2 | 14.6 s/proposal]
first proposals:  42%|ΓûêΓûêΓûêΓûêΓûÅ     | 2086/5000 [6:20:48<10:53:37, 13.46s/ep, cand 2085 | r0 pass 729/2074 | 
episodes solved 729 | queue r0 2913 reprompt 0 | verifying 2 | 14.7 s/proposal]
first proposals:  42%|ΓûêΓûêΓûêΓûêΓûÅ     | 2087/5000 [6:21:13<13:12:13, 16.32s/ep, cand 2086 | r0 pass 730/2075 | 
episodes solved 730 | queue r0 2912 reprompt 0 | verifying 2 | 14.7 s/proposal]
first proposals:  42%|ΓûêΓûêΓûêΓûêΓûÅ     | 2089/5000 [6:21:44<13:01:39, 16.11s/ep, cand 2088 | r0 pass 732/2077 | 
episodes solved 732 | queue r0 2911 reprompt 0 | verifying 1 | 14.8 s/proposal]
first proposals:  42%|ΓûêΓûêΓûêΓûêΓûÅ     | 2090/5000 [6:22:17<16:07:43, 19.95s/ep, cand 2089 | r0 pass 732/2078 | 
episodes solved 732 | queue r0 2909 reprompt 0 | verifying 2 | 14.9 s/proposal]
first proposals:  42%|ΓûêΓûêΓûêΓûêΓûÅ     | 2093/5000 [6:22:46<12:00:13, 14.87s/ep, cand 2092 | r0 pass 734/2081 | 
episodes solved 734 | queue r0 2907 reprompt 0 | verifying 1 | 15.0 s/proposal]
first proposals:  42%|ΓûêΓûêΓûêΓûêΓûÅ     | 2094/5000 [6:23:01<12:00:13, 14.87s/ep, cand 2093 | r0 pass 734/2082 | 
episodes solved 734 | queue r0 2905 reprompt 0 | verifying 2 | 15.1 s/proposal]
first proposals:  42%|ΓûêΓûêΓûêΓûêΓûÅ     | 2095/5000 [6:23:36<15:24:36, 19.10s/ep, cand 2094 | r0 pass 734/2083 | 
episodes solved 734 | queue r0 2904 reprompt 0 | verifying 2 | 15.0 s/proposal]
first proposals:  42%|ΓûêΓûêΓûêΓûêΓûÅ     | 2096/5000 [6:23:48<14:04:23, 17.45s/ep, cand 2095 | r0 pass 734/2084 | 
episodes solved 734 | queue r0 2902 reprompt 0 | verifying 3 | 15.2 s/proposal]
first proposals:  42%|ΓûêΓûêΓûêΓûêΓûÅ     | 2097/5000 [6:24:03<13:44:07, 17.03s/ep, cand 2096 | r0 pass 734/2085 | 
episodes solved 734 | queue r0 2901 reprompt 0 | verifying 3 | 15.2 s/proposal]
first proposals:  42%|ΓûêΓûêΓûêΓûêΓûÅ     | 2099/5000 [6:24:31<12:38:22, 15.69s/ep, cand 2098 | r0 pass 735/2087 | 
episodes solved 735 | queue r0 2900 reprompt 0 | verifying 2 | 15.2 s/proposal]
first proposals:  42%|ΓûêΓûêΓûêΓûêΓûÅ     | 2101/5000 [6:24:47<10:14:39, 12.72s/ep, cand 2100 | r0 pass 737/2089 | 
episodes solved 737 | queue r0 2898 reprompt 0 | verifying 2 | 15.3 s/proposal]
first proposals:  42%|ΓûêΓûêΓûêΓûêΓûÅ     | 2102/5000 [6:25:21<13:50:05, 17.19s/ep, cand 2101 | r0 pass 737/2090 | 
episodes solved 737 | queue r0 2897 reprompt 0 | verifying 2 | 15.2 s/proposal]
first proposals:  42%|ΓûêΓûêΓûêΓûêΓûÅ     | 2103/5000 [6:25:38<13:56:38, 17.33s/ep, cand 2102 | r0 pass 738/2091 | 
episodes solved 738 | queue r0 2895 reprompt 0 | verifying 3 | 15.3 s/proposal]
first proposals:  42%|ΓûêΓûêΓûêΓûêΓûÅ     | 2105/5000 [6:25:52<10:30:06, 13.06s/ep, cand 2104 | r0 pass 739/2093 | 
episodes solved 739 | queue r0 2894 reprompt 0 | verifying 2 | 15.4 s/proposal]
first proposals:  42%|ΓûêΓûêΓûêΓûêΓûÅ     | 2106/5000 [6:26:28<14:40:16, 18.25s/ep, cand 2105 | r0 pass 739/2094 | 
episodes solved 739 | queue r0 2893 reprompt 0 | verifying 2 | 15.4 s/proposal]
first proposals:  42%|ΓûêΓûêΓûêΓûêΓûÅ     | 2107/5000 [6:26:43<13:57:43, 17.37s/ep, cand 2106 | r0 pass 739/2095 | 
episodes solved 739 | queue r0 2891 reprompt 0 | verifying 3 | 15.5 s/proposal]
first proposals:  42%|ΓûêΓûêΓûêΓûêΓûÅ     | 2109/5000 [6:27:00<11:09:00, 13.88s/ep, cand 2108 | r0 pass 739/2097 | 
episodes solved 739 | queue r0 2890 reprompt 0 | verifying 2 | 15.4 s/proposal]
first proposals:  42%|ΓûêΓûêΓûêΓûêΓûÅ     | 2110/5000 [6:27:17<11:42:00, 14.57s/ep, cand 2109 | r0 pass 740/2098 | 
episodes solved 740 | queue r0 2889 reprompt 0 | verifying 2 | 15.6 s/proposal]
first proposals:  42%|ΓûêΓûêΓûêΓûêΓûÅ     | 2111/5000 [6:27:47<14:45:21, 18.39s/ep, cand 2110 | r0 pass 741/2099 | 
episodes solved 741 | queue r0 2888 reprompt 0 | verifying 2 | 15.6 s/proposal]
first proposals:  42%|ΓûêΓûêΓûêΓûêΓûÅ     | 2113/5000 [6:28:04<11:21:55, 14.17s/ep, cand 2112 | r0 pass 742/2101 | 
episodes solved 742 | queue r0 2886 reprompt 0 | verifying 2 | 15.7 s/proposal]
first proposals:  42%|ΓûêΓûêΓûêΓûêΓûÅ     | 2114/5000 [6:28:18<11:24:40, 14.23s/ep, cand 2113 | r0 pass 743/2102 | 
episodes solved 743 | queue r0 2885 reprompt 0 | verifying 2 | 15.7 s/proposal]
first proposals:  42%|ΓûêΓûêΓûêΓûêΓûÅ     | 2115/5000 [6:28:33<11:28:22, 14.32s/ep, cand 2114 | r0 pass 743/2103 | 
episodes solved 743 | queue r0 2884 reprompt 0 | verifying 2 | 15.7 s/proposal]
first proposals:  42%|ΓûêΓûêΓûêΓûêΓûÅ     | 2117/5000 [6:29:05<12:04:27, 15.08s/ep, cand 2116 | r0 pass 744/2105 | 
episodes solved 744 | queue r0 2883 reprompt 0 | verifying 1 | 15.4 s/proposal]
first proposals:  42%|ΓûêΓûêΓûêΓûêΓûÅ     | 2118/5000 [6:29:20<12:03:11, 15.06s/ep, cand 2117 | r0 pass 744/2106 | 
episodes solved 744 | queue r0 2881 reprompt 0 | verifying 2 | 15.5 s/proposal]
first proposals:  42%|ΓûêΓûêΓûêΓûêΓûÅ     | 2119/5000 [6:29:57<16:16:20, 20.33s/ep, cand 2118 | r0 pass 744/2107 | 
episodes solved 744 | queue r0 2880 reprompt 0 | verifying 2 | 15.5 s/proposal]
first proposals:  42%|ΓûêΓûêΓûêΓûêΓûÅ     | 2121/5000 [6:30:24<14:06:23, 17.64s/ep, cand 2120 | r0 pass 745/2109 | 
episodes solved 745 | queue r0 2878 reprompt 0 | verifying 2 | 15.7 s/proposal]
first proposals:  42%|ΓûêΓûêΓûêΓûêΓûÅ     | 2123/5000 [6:30:57<13:42:35, 17.16s/ep, cand 2122 | r0 pass 745/2111 | 
episodes solved 745 | queue r0 2877 reprompt 0 | verifying 1 | 15.9 s/proposal]
first proposals:  42%|ΓûêΓûêΓûêΓûêΓûÅ     | 2124/5000 [6:31:32<16:40:01, 20.86s/ep, cand 2123 | r0 pass 745/2112 | 
episodes solved 745 | queue r0 2875 reprompt 0 | verifying 2 | 16.0 s/proposal]
first proposals:  43%|ΓûêΓûêΓûêΓûêΓûÄ     | 2126/5000 [6:32:03<15:03:44, 18.87s/ep, cand 2125 | r0 pass 745/2114 | 
episodes solved 745 | queue r0 2873 reprompt 0 | verifying 2 | 16.1 s/proposal]
first proposals:  43%|ΓûêΓûêΓûêΓûêΓûÄ     | 2127/5000 [6:32:22<15:09:47, 19.00s/ep, cand 2126 | r0 pass 745/2115 | 
episodes solved 745 | queue r0 2871 reprompt 0 | verifying 3 | 16.2 s/proposal]
first proposals:  43%|ΓûêΓûêΓûêΓûêΓûÄ     | 2128/5000 [6:32:35<14:00:34, 17.56s/ep, cand 2127 | r0 pass 746/2116 | 
episodes solved 746 | queue r0 2870 reprompt 0 | verifying 3 | 16.4 s/proposal]
first proposals:  43%|ΓûêΓûêΓûêΓûêΓûÄ     | 2130/5000 [6:33:04<13:04:44, 16.41s/ep, cand 2129 | r0 pass 747/2118 | 
episodes solved 747 | queue r0 2869 reprompt 0 | verifying 2 | 16.3 s/proposal]
first proposals:  43%|ΓûêΓûêΓûêΓûêΓûÄ     | 2132/5000 [6:33:19<10:22:30, 13.02s/ep, cand 2131 | r0 pass 747/2120 | 
episodes solved 747 | queue r0 2867 reprompt 0 | verifying 2 | 16.3 s/proposal]
first proposals:  43%|ΓûêΓûêΓûêΓûêΓûÄ     | 2133/5000 [6:33:44<12:29:15, 15.68s/ep, cand 2132 | r0 pass 747/2121 | 
episodes solved 747 | queue r0 2866 reprompt 0 | verifying 2 | 16.2 s/proposal]
first proposals:  43%|ΓûêΓûêΓûêΓûêΓûÄ     | 2135/5000 [6:33:57<9:44:09, 12.23s/ep, cand 2134 | r0 pass 749/2123 | 
episodes solved 749 | queue r0 2864 reprompt 0 | verifying 2 | 16.1 s/proposal] 
first proposals:  43%|ΓûêΓûêΓûêΓûêΓûÄ     | 2136/5000 [6:34:18<11:04:55, 13.93s/ep, cand 2135 | r0 pass 749/2124 | 
episodes solved 749 | queue r0 2863 reprompt 0 | verifying 2 | 16.0 s/proposal]
first proposals:  43%|ΓûêΓûêΓûêΓûêΓûÄ     | 2137/5000 [6:34:45<13:33:13, 17.04s/ep, cand 2136 | r0 pass 749/2125 | 
episodes solved 749 | queue r0 2862 reprompt 0 | verifying 2 | 16.1 s/proposal]
first proposals:  43%|ΓûêΓûêΓûêΓûêΓûÄ     | 2139/5000 [6:34:58<10:16:09, 12.92s/ep, cand 2138 | r0 pass 750/2127 | 
episodes solved 750 | queue r0 2860 reprompt 0 | verifying 2 | 15.9 s/proposal]
first proposals:  43%|ΓûêΓûêΓûêΓûêΓûÄ     | 2140/5000 [6:35:26<12:54:27, 16.25s/ep, cand 2139 | r0 pass 750/2128 | 
episodes solved 750 | queue r0 2859 reprompt 0 | verifying 2 | 15.8 s/proposal]
first proposals:  43%|ΓûêΓûêΓûêΓûêΓûÄ     | 2142/5000 [6:36:00<13:04:36, 16.47s/ep, cand 2141 | r0 pass 751/2130 | 
episodes solved 751 | queue r0 2857 reprompt 0 | verifying 2 | 15.7 s/proposal]
first proposals:  43%|ΓûêΓûêΓûêΓûêΓûÄ     | 2144/5000 [6:36:12<10:03:42, 12.68s/ep, cand 2143 | r0 pass 752/2132 | 
episodes solved 752 | queue r0 2855 reprompt 0 | verifying 2 | 15.8 s/proposal]
first proposals:  43%|ΓûêΓûêΓûêΓûêΓûÄ     | 2145/5000 [6:36:25<10:13:56, 12.90s/ep, cand 2144 | r0 pass 752/2133 | 
episodes solved 752 | queue r0 2854 reprompt 0 | verifying 2 | 15.8 s/proposal]
first proposals:  43%|ΓûêΓûêΓûêΓûêΓûÄ     | 2147/5000 [6:36:58<11:10:30, 14.10s/ep, cand 2146 | r0 pass 753/2135 | 
episodes solved 753 | queue r0 2853 reprompt 0 | verifying 1 | 15.7 s/proposal]
first proposals:  43%|ΓûêΓûêΓûêΓûêΓûÄ     | 2148/5000 [6:37:30<14:11:06, 17.91s/ep, cand 2147 | r0 pass 753/2136 | 
episodes solved 753 | queue r0 2851 reprompt 0 | verifying 2 | 15.8 s/proposal]
first proposals:  43%|ΓûêΓûêΓûêΓûêΓûÄ     | 2150/5000 [6:37:45<11:04:28, 13.99s/ep, cand 2149 | r0 pass 753/2138 | 
episodes solved 753 | queue r0 2849 reprompt 0 | verifying 2 | 15.8 s/proposal]
first proposals:  43%|ΓûêΓûêΓûêΓûêΓûÄ     | 2151/5000 [6:37:59<11:06:07, 14.03s/ep, cand 2150 | r0 pass 753/2139 | 
episodes solved 753 | queue r0 2848 reprompt 0 | verifying 2 | 15.8 s/proposal]
first proposals:  43%|ΓûêΓûêΓûêΓûêΓûÄ     | 2152/5000 [6:38:13<11:01:51, 13.94s/ep, cand 2151 | r0 pass 753/2140 | 
episodes solved 753 | queue r0 2847 reprompt 0 | verifying 2 | 15.8 s/proposal]
first proposals:  43%|ΓûêΓûêΓûêΓûêΓûÄ     | 2153/5000 [6:38:43<14:14:13, 18.00s/ep, cand 2152 | r0 pass 753/2141 | 
episodes solved 753 | queue r0 2846 reprompt 0 | verifying 2 | 15.8 s/proposal]
first proposals:  43%|ΓûêΓûêΓûêΓûêΓûÄ     | 2155/5000 [6:39:16<13:43:24, 17.37s/ep, cand 2154 | r0 pass 755/2143 | 
episodes solved 755 | queue r0 2844 reprompt 0 | verifying 2 | 15.6 s/proposal]
first proposals:  43%|ΓûêΓûêΓûêΓûêΓûÄ     | 2156/5000 [6:39:31<13:13:04, 16.73s/ep, cand 2155 | r0 pass 755/2144 | 
episodes solved 755 | queue r0 2842 reprompt 0 | verifying 3 | 15.8 s/proposal]
first proposals:  43%|ΓûêΓûêΓûêΓûêΓûÄ     | 2158/5000 [6:39:44<10:04:02, 12.75s/ep, cand 2157 | r0 pass 755/2146 | 
episodes solved 755 | queue r0 2841 reprompt 0 | verifying 2 | 15.6 s/proposal]
first proposals:  43%|ΓûêΓûêΓûêΓûêΓûÄ     | 2159/5000 [6:39:59<10:23:11, 13.16s/ep, cand 2158 | r0 pass 755/2147 | 
episodes solved 755 | queue r0 2840 reprompt 0 | verifying 2 | 15.6 s/proposal]
first proposals:  43%|ΓûêΓûêΓûêΓûêΓûÄ     | 2161/5000 [6:40:13<8:35:56, 10.90s/ep, cand 2160 | r0 pass 755/2149 | 
episodes solved 755 | queue r0 2839 reprompt 0 | verifying 1 | 15.5 s/proposal] 
first proposals:  43%|ΓûêΓûêΓûêΓûêΓûÄ     | 2162/5000 [6:40:40<11:23:34, 14.45s/ep, cand 2161 | r0 pass 755/2150 | 
episodes solved 755 | queue r0 2838 reprompt 0 | verifying 1 | 15.5 s/proposal]
first proposals:  43%|ΓûêΓûêΓûêΓûêΓûÄ     | 2163/5000 [6:40:56<11:38:48, 14.78s/ep, cand 2162 | r0 pass 755/2151 | 
episodes solved 755 | queue r0 2836 reprompt 0 | verifying 2 | 15.4 s/proposal]
first proposals:  43%|ΓûêΓûêΓûêΓûêΓûÄ     | 2164/5000 [6:41:09<11:18:13, 14.35s/ep, cand 2163 | r0 pass 755/2152 | 
episodes solved 755 | queue r0 2835 reprompt 0 | verifying 2 | 15.4 s/proposal]
first proposals:  43%|ΓûêΓûêΓûêΓûêΓûÄ     | 2165/5000 [6:41:42<15:06:23, 19.18s/ep, cand 2164 | r0 pass 756/2153 | 
episodes solved 756 | queue r0 2834 reprompt 0 | verifying 2 | 15.4 s/proposal]
first proposals:  43%|ΓûêΓûêΓûêΓûêΓûÄ     | 2166/5000 [6:41:58<14:21:56, 18.25s/ep, cand 2165 | r0 pass 756/2154 | 
episodes solved 756 | queue r0 2832 reprompt 0 | verifying 3 | 15.4 s/proposal]
first proposals:  43%|ΓûêΓûêΓûêΓûêΓûÄ     | 2167/5000 [6:42:12<13:31:45, 17.19s/ep, cand 2166 | r0 pass 757/2155 | 
episodes solved 757 | queue r0 2831 reprompt 0 | verifying 3 | 15.4 s/proposal]
first proposals:  43%|ΓûêΓûêΓûêΓûêΓûÄ     | 2168/5000 [6:42:28<13:09:19, 16.72s/ep, cand 2167 | r0 pass 758/2156 | 
episodes solved 758 | queue r0 2830 reprompt 0 | verifying 3 | 15.4 s/proposal]
first proposals:  43%|ΓûêΓûêΓûêΓûêΓûÄ     | 2169/5000 [6:42:41<12:21:07, 15.71s/ep, cand 2168 | r0 pass 758/2157 | 
episodes solved 758 | queue r0 2829 reprompt 0 | verifying 3 | 15.4 s/proposal]
first proposals:  43%|ΓûêΓûêΓûêΓûêΓûÄ     | 2170/5000 [6:43:02<13:36:06, 17.30s/ep, cand 2169 | r0 pass 758/2158 | 
episodes solved 758 | queue r0 2828 reprompt 0 | verifying 3 | 15.2 s/proposal]
first proposals:  43%|ΓûêΓûêΓûêΓûêΓûÄ     | 2172/5000 [6:43:18<10:13:33, 13.02s/ep, cand 2171 | r0 pass 758/2160 | 
episodes solved 758 | queue r0 2827 reprompt 0 | verifying 2 | 15.1 s/proposal]
first proposals:  43%|ΓûêΓûêΓûêΓûêΓûÄ     | 2173/5000 [6:43:33<10:40:45, 13.60s/ep, cand 2172 | r0 pass 758/2161 | 
episodes solved 758 | queue r0 2826 reprompt 0 | verifying 2 | 15.1 s/proposal]
first proposals:  43%|ΓûêΓûêΓûêΓûêΓûÄ     | 2174/5000 [6:43:48<10:57:32, 13.96s/ep, cand 2173 | r0 pass 758/2162 | 
episodes solved 758 | queue r0 2825 reprompt 0 | verifying 2 | 15.1 s/proposal]
first proposals:  44%|ΓûêΓûêΓûêΓûêΓûÄ     | 2175/5000 [6:44:03<11:11:45, 14.27s/ep, cand 2174 | r0 pass 758/2163 | 
episodes solved 758 | queue r0 2824 reprompt 0 | verifying 2 | 15.0 s/proposal]
first proposals:  44%|ΓûêΓûêΓûêΓûêΓûÄ     | 2176/5000 [6:44:33<14:27:45, 18.44s/ep, cand 2175 | r0 pass 758/2164 | 
episodes solved 758 | queue r0 2823 reprompt 0 | verifying 2 | 15.0 s/proposal]
first proposals:  44%|ΓûêΓûêΓûêΓûêΓûÄ     | 2177/5000 [6:44:52<14:41:34, 18.74s/ep, cand 2176 | r0 pass 758/2165 | 
episodes solved 758 | queue r0 2821 reprompt 0 | verifying 3 | 15.0 s/proposal]
first proposals:  44%|ΓûêΓûêΓûêΓûêΓûÄ     | 2179/5000 [6:45:10<11:17:04, 14.40s/ep, cand 2178 | r0 pass 758/2167 | 
episodes solved 758 | queue r0 2820 reprompt 0 | verifying 2 | 15.0 s/proposal]
first proposals:  44%|ΓûêΓûêΓûêΓûêΓûÄ     | 2180/5000 [6:45:28<11:52:00, 15.15s/ep, cand 2179 | r0 pass 758/2168 | 
episodes solved 758 | queue r0 2819 reprompt 0 | verifying 2 | 15.1 s/proposal]
first proposals:  44%|ΓûêΓûêΓûêΓûêΓûÄ     | 2181/5000 [6:45:40<11:11:30, 14.29s/ep, cand 2180 | r0 pass 759/2169 | 
episodes solved 759 | queue r0 2818 reprompt 0 | verifying 2 | 15.1 s/proposal]
first proposals:  44%|ΓûêΓûêΓûêΓûêΓûÄ     | 2182/5000 [6:45:54<11:06:36, 14.19s/ep, cand 2181 | r0 pass 759/2170 | 
episodes solved 759 | queue r0 2817 reprompt 0 | verifying 2 | 15.1 s/proposal]
first proposals:  44%|ΓûêΓûêΓûêΓûêΓûÄ     | 2183/5000 [6:46:23<14:18:51, 18.29s/ep, cand 2182 | r0 pass 759/2171 | 
episodes solved 759 | queue r0 2816 reprompt 0 | verifying 2 | 15.1 s/proposal]
first proposals:  44%|ΓûêΓûêΓûêΓûêΓûÄ     | 2185/5000 [6:46:52<13:04:10, 16.71s/ep, cand 2184 | r0 pass 759/2173 | 
episodes solved 759 | queue r0 2814 reprompt 0 | verifying 2 | 15.1 s/proposal]
first proposals:  44%|ΓûêΓûêΓûêΓûêΓûÄ     | 2187/5000 [6:47:22<12:32:17, 16.05s/ep, cand 2186 | r0 pass 760/2175 | 
episodes solved 760 | queue r0 2812 reprompt 0 | verifying 2 | 15.0 s/proposal]
first proposals:  44%|ΓûêΓûêΓûêΓûêΓûì     | 2189/5000 [6:47:37<10:08:53, 13.00s/ep, cand 2188 | r0 pass 760/2177 | 
episodes solved 760 | queue r0 2810 reprompt 0 | verifying 2 | 15.1 s/proposal]
first proposals:  44%|ΓûêΓûêΓûêΓûêΓûì     | 2191/5000 [6:48:20<12:24:57, 15.91s/ep, cand 2190 | r0 pass 760/2179 | 
episodes solved 760 | queue r0 2809 reprompt 0 | verifying 1 | 15.1 s/proposal]
first proposals:  44%|ΓûêΓûêΓûêΓûêΓûì     | 2194/5000 [6:48:49<10:20:01, 13.26s/ep, cand 2193 | r0 pass 762/2182 | 
episodes solved 762 | queue r0 2806 reprompt 0 | verifying 1 | 15.1 s/proposal]
first proposals:  44%|ΓûêΓûêΓûêΓûêΓûì     | 2195/5000 [6:49:02<10:19:59, 13.26s/ep, cand 2194 | r0 pass 762/2183 | 
episodes solved 762 | queue r0 2804 reprompt 0 | verifying 2 | 15.1 s/proposal]
first proposals:  44%|ΓûêΓûêΓûêΓûêΓûì     | 2196/5000 [6:49:16<10:20:21, 13.27s/ep, cand 2195 | r0 pass 762/2184 | 
episodes solved 762 | queue r0 2803 reprompt 0 | verifying 2 | 15.1 s/proposal]
first proposals:  44%|ΓûêΓûêΓûêΓûêΓûì     | 2197/5000 [6:49:43<12:40:16, 16.27s/ep, cand 2196 | r0 pass 762/2185 | 
episodes solved 762 | queue r0 2802 reprompt 0 | verifying 2 | 15.0 s/proposal]
first proposals:  44%|ΓûêΓûêΓûêΓûêΓûì     | 2198/5000 [6:49:59<12:40:47, 16.29s/ep, cand 2197 | r0 pass 763/2186 | 
episodes solved 763 | queue r0 2800 reprompt 0 | verifying 3 | 14.9 s/proposal]
first proposals:  44%|ΓûêΓûêΓûêΓûêΓûì     | 2199/5000 [6:50:14<12:28:25, 16.03s/ep, cand 2198 | r0 pass 763/2187 | 
episodes solved 763 | queue r0 2799 reprompt 0 | verifying 3 | 14.9 s/proposal]
first proposals:  44%|ΓûêΓûêΓûêΓûêΓûì     | 2201/5000 [6:50:28<9:29:51, 12.22s/ep, cand 2200 | r0 pass 765/2189 | 
episodes solved 765 | queue r0 2798 reprompt 0 | verifying 2 | 14.9 s/proposal] 
first proposals:  44%|ΓûêΓûêΓûêΓûêΓûì     | 2202/5000 [6:50:42<9:45:57, 12.57s/ep, cand 2201 | r0 pass 766/2190 | 
episodes solved 766 | queue r0 2797 reprompt 0 | verifying 2 | 14.9 s/proposal]
first proposals:  44%|ΓûêΓûêΓûêΓûêΓûì     | 2203/5000 [6:51:11<12:56:09, 16.65s/ep, cand 2202 | r0 pass 766/2191 | 
episodes solved 766 | queue r0 2796 reprompt 0 | verifying 2 | 14.9 s/proposal]
first proposals:  44%|ΓûêΓûêΓûêΓûêΓûì     | 2205/5000 [6:51:28<10:21:11, 13.34s/ep, cand 2204 | r0 pass 766/2193 | 
episodes solved 766 | queue r0 2794 reprompt 0 | verifying 2 | 14.9 s/proposal]
first proposals:  44%|ΓûêΓûêΓûêΓûêΓûì     | 2206/5000 [6:51:43<10:31:30, 13.56s/ep, cand 2205 | r0 pass 766/2194 | 
episodes solved 766 | queue r0 2793 reprompt 0 | verifying 2 | 14.9 s/proposal]
first proposals:  44%|ΓûêΓûêΓûêΓûêΓûì     | 2207/5000 [6:51:56<10:26:01, 13.45s/ep, cand 2206 | r0 pass 766/2195 | 
episodes solved 766 | queue r0 2792 reprompt 0 | verifying 2 | 14.9 s/proposal]
first proposals:  44%|ΓûêΓûêΓûêΓûêΓûì     | 2208/5000 [6:52:25<13:39:02, 17.60s/ep, cand 2207 | r0 pass 766/2196 | 
episodes solved 766 | queue r0 2791 reprompt 0 | verifying 2 | 14.9 s/proposal]
first proposals:  44%|ΓûêΓûêΓûêΓûêΓûì     | 2209/5000 [6:52:40<13:03:11, 16.84s/ep, cand 2208 | r0 pass 766/2197 | 
episodes solved 766 | queue r0 2789 reprompt 0 | verifying 3 | 14.9 s/proposal]
first proposals:  44%|ΓûêΓûêΓûêΓûêΓûì     | 2212/5000 [6:53:03<9:10:05, 11.84s/ep, cand 2211 | r0 pass 767/2200 | 
episodes solved 767 | queue r0 2788 reprompt 0 | verifying 1 | 14.9 s/proposal] 
first proposals:  44%|ΓûêΓûêΓûêΓûêΓûì     | 2213/5000 [6:53:34<12:13:00, 15.78s/ep, cand 2212 | r0 pass 768/2201 | 
episodes solved 768 | queue r0 2786 reprompt 0 | verifying 2 | 14.8 s/proposal]
first proposals:  44%|ΓûêΓûêΓûêΓûêΓûì     | 2215/5000 [6:54:04<12:01:58, 15.55s/ep, cand 2214 | r0 pass 768/2203 | 
episodes solved 768 | queue r0 2784 reprompt 0 | verifying 2 | 14.8 s/proposal]
first proposals:  44%|ΓûêΓûêΓûêΓûêΓûì     | 2217/5000 [6:54:32<11:35:07, 14.99s/ep, cand 2216 | r0 pass 768/2205 | 
episodes solved 768 | queue r0 2782 reprompt 0 | verifying 2 | 14.8 s/proposal]
first proposals:  44%|ΓûêΓûêΓûêΓûêΓûì     | 2219/5000 [6:55:07<12:17:22, 15.91s/ep, cand 2218 | r0 pass 768/2207 | 
episodes solved 768 | queue r0 2780 reprompt 0 | verifying 2 | 14.7 s/proposal]
first proposals:  44%|ΓûêΓûêΓûêΓûêΓûì     | 2220/5000 [6:55:25<12:34:01, 16.27s/ep, cand 2219 | r0 pass 768/2208 | 
episodes solved 768 | queue r0 2778 reprompt 0 | verifying 3 | 14.9 s/proposal]
first proposals:  44%|ΓûêΓûêΓûêΓûêΓûì     | 2222/5000 [6:55:39<10:00:14, 12.96s/ep, cand 2221 | r0 pass 769/2210 | 
episodes solved 769 | queue r0 2777 reprompt 0 | verifying 2 | 14.8 s/proposal]
first proposals:  44%|ΓûêΓûêΓûêΓûêΓûì     | 2224/5000 [6:56:06<10:05:22, 13.08s/ep, cand 2223 | r0 pass 769/2212 | 
episodes solved 769 | queue r0 2776 reprompt 0 | verifying 1 | 14.8 s/proposal]
first proposals:  44%|ΓûêΓûêΓûêΓûêΓûì     | 2225/5000 [6:56:33<12:08:07, 15.74s/ep, cand 2224 | r0 pass 770/2213 | 
episodes solved 770 | queue r0 2774 reprompt 0 | verifying 2 | 14.7 s/proposal]
first proposals:  45%|ΓûêΓûêΓûêΓûêΓûì     | 2226/5000 [6:56:53<12:59:30, 16.86s/ep, cand 2225 | r0 pass 770/2214 | 
episodes solved 770 | queue r0 2772 reprompt 0 | verifying 3 | 14.7 s/proposal]
first proposals:  45%|ΓûêΓûêΓûêΓûêΓûì     | 2227/5000 [6:57:06<12:13:16, 15.87s/ep, cand 2226 | r0 pass 770/2215 | 
episodes solved 770 | queue r0 2771 reprompt 0 | verifying 3 | 14.8 s/proposal]
first proposals:  45%|ΓûêΓûêΓûêΓûêΓûì     | 2229/5000 [6:57:51<14:16:12, 18.54s/ep, cand 2228 | r0 pass 771/2217 | 
episodes solved 771 | queue r0 2770 reprompt 0 | verifying 2 | 14.6 s/proposal]
first proposals:  45%|ΓûêΓûêΓûêΓûêΓûì     | 2232/5000 [6:58:04<9:10:10, 11.93s/ep, cand 2231 | r0 pass 771/2220 | 
episodes solved 771 | queue r0 2767 reprompt 0 | verifying 2 | 14.6 s/proposal] 
first proposals:  45%|ΓûêΓûêΓûêΓûêΓûì     | 2233/5000 [6:58:17<9:09:58, 11.93s/ep, cand 2233 | r0 pass 771/2222 | 
episodes solved 771 | queue r0 2766 reprompt 0 | verifying 1 | 14.6 s/proposal]
first proposals:  45%|ΓûêΓûêΓûêΓûêΓûì     | 2234/5000 [6:58:29<9:17:03, 12.08s/ep, cand 2233 | r0 pass 771/2222 | 
episodes solved 771 | queue r0 2766 reprompt 0 | verifying 1 | 14.6 s/proposal]
first proposals:  45%|ΓûêΓûêΓûêΓûêΓûì     | 2235/5000 [6:59:03<12:16:01, 15.97s/ep, cand 2234 | r0 pass 772/2223 | 
episodes solved 772 | queue r0 2764 reprompt 0 | verifying 2 | 14.5 s/proposal]
first proposals:  45%|ΓûêΓûêΓûêΓûêΓûì     | 2237/5000 [6:59:20<10:21:40, 13.50s/ep, cand 2236 | r0 pass 772/2225 | 
episodes solved 772 | queue r0 2762 reprompt 0 | verifying 2 | 14.6 s/proposal]
first proposals:  45%|ΓûêΓûêΓûêΓûêΓûì     | 2239/5000 [7:00:07<12:54:08, 16.82s/ep, cand 2238 | r0 pass 772/2227 | 
episodes solved 772 | queue r0 2761 reprompt 0 | verifying 1 | 14.6 s/proposal]
first proposals:  45%|ΓûêΓûêΓûêΓûêΓûì     | 2240/5000 [7:00:22<12:39:18, 16.51s/ep, cand 2239 | r0 pass 772/2228 | 
episodes solved 772 | queue r0 2758 reprompt 0 | verifying 3 | 14.7 s/proposal]
first proposals:  45%|ΓûêΓûêΓûêΓûêΓûì     | 2243/5000 [7:01:05<11:49:35, 15.44s/ep, cand 2242 | r0 pass 773/2231 | 
episodes solved 773 | queue r0 2757 reprompt 0 | verifying 1 | 14.6 s/proposal]
first proposals:  45%|ΓûêΓûêΓûêΓûêΓûì     | 2244/5000 [7:01:21<11:58:35, 15.64s/ep, cand 2243 | r0 pass 773/2232 | 
episodes solved 773 | queue r0 2754 reprompt 0 | verifying 3 | 14.7 s/proposal]
first proposals:  45%|ΓûêΓûêΓûêΓûêΓûì     | 2245/5000 [7:01:42<12:45:49, 16.68s/ep, cand 2244 | r0 pass 774/2233 | 
episodes solved 774 | queue r0 2753 reprompt 0 | verifying 3 | 14.7 s/proposal]
first proposals:  45%|ΓûêΓûêΓûêΓûêΓûì     | 2247/5000 [7:01:55<9:49:39, 12.85s/ep, cand 2246 | r0 pass 774/2235 | 
episodes solved 774 | queue r0 2752 reprompt 0 | verifying 2 | 14.9 s/proposal] 
first proposals:  45%|ΓûêΓûêΓûêΓûêΓûì     | 2249/5000 [7:02:44<12:54:38, 16.90s/ep, cand 2248 | r0 pass 775/2237 | 
episodes solved 775 | queue r0 2751 reprompt 0 | verifying 1 | 14.9 s/proposal]
first proposals:  45%|ΓûêΓûêΓûêΓûêΓûî     | 2251/5000 [7:03:12<12:08:26, 15.90s/ep, cand 2250 | r0 pass 775/2239 | 
episodes solved 775 | queue r0 2748 reprompt 0 | verifying 2 | 14.9 s/proposal]
first proposals:  45%|ΓûêΓûêΓûêΓûêΓûî     | 2252/5000 [7:03:31<12:41:25, 16.62s/ep, cand 2251 | r0 pass 775/2240 | 
episodes solved 775 | queue r0 2746 reprompt 0 | verifying 3 | 14.9 s/proposal]
first proposals:  45%|ΓûêΓûêΓûêΓûêΓûî     | 2254/5000 [7:03:44<9:51:57, 12.93s/ep, cand 2253 | r0 pass 775/2242 | 
episodes solved 775 | queue r0 2745 reprompt 0 | verifying 2 | 15.0 s/proposal] 
first proposals:  45%|ΓûêΓûêΓûêΓûêΓûî     | 2255/5000 [7:04:09<11:43:45, 15.38s/ep, cand 2254 | r0 pass 776/2243 | 
episodes solved 776 | queue r0 2744 reprompt 0 | verifying 2 | 15.0 s/proposal]
first proposals:  45%|ΓûêΓûêΓûêΓûêΓûî     | 2256/5000 [7:04:30<12:39:38, 16.61s/ep, cand 2255 | r0 pass 776/2244 | 
episodes solved 776 | queue r0 2742 reprompt 0 | verifying 3 | 14.9 s/proposal]
first proposals:  45%|ΓûêΓûêΓûêΓûêΓûî     | 2258/5000 [7:04:47<10:16:36, 13.49s/ep, cand 2257 | r0 pass 778/2246 | 
episodes solved 778 | queue r0 2741 reprompt 0 | verifying 2 | 15.0 s/proposal]
first proposals:  45%|ΓûêΓûêΓûêΓûêΓûî     | 2260/5000 [7:05:35<13:06:42, 17.23s/ep, cand 2259 | r0 pass 778/2248 | 
episodes solved 778 | queue r0 2740 reprompt 0 | verifying 1 | 15.0 s/proposal]
first proposals:  45%|ΓûêΓûêΓûêΓûêΓûî     | 2262/5000 [7:06:09<13:07:09, 17.25s/ep, cand 2261 | r0 pass 778/2250 | 
episodes solved 778 | queue r0 2737 reprompt 0 | verifying 2 | 15.2 s/proposal]
first proposals:  45%|ΓûêΓûêΓûêΓûêΓûî     | 2264/5000 [7:06:34<11:54:04, 15.66s/ep, cand 2263 | r0 pass 778/2252 | 
episodes solved 778 | queue r0 2735 reprompt 0 | verifying 2 | 15.4 s/proposal]
first proposals:  45%|ΓûêΓûêΓûêΓûêΓûî     | 2266/5000 [7:06:49<9:58:13, 13.13s/ep, cand 2265 | r0 pass 779/2254 | 
episodes solved 779 | queue r0 2733 reprompt 0 | verifying 2 | 15.3 s/proposal] 
first proposals:  45%|ΓûêΓûêΓûêΓûêΓûî     | 2267/5000 [7:07:05<10:23:08, 13.68s/ep, cand 2266 | r0 pass 779/2255 | 
episodes solved 779 | queue r0 2732 reprompt 0 | verifying 2 | 15.3 s/proposal]
first proposals:  45%|ΓûêΓûêΓûêΓûêΓûî     | 2268/5000 [7:07:33<12:31:18, 16.50s/ep, cand 2267 | r0 pass 779/2256 | 
episodes solved 779 | queue r0 2731 reprompt 0 | verifying 2 | 15.3 s/proposal]
first proposals:  45%|ΓûêΓûêΓûêΓûêΓûî     | 2270/5000 [7:07:49<10:08:00, 13.36s/ep, cand 2269 | r0 pass 780/2258 | 
episodes solved 780 | queue r0 2729 reprompt 0 | verifying 2 | 15.2 s/proposal]
first proposals:  45%|ΓûêΓûêΓûêΓûêΓûî     | 2272/5000 [7:08:34<12:34:31, 16.60s/ep, cand 2271 | r0 pass 780/2260 | 
episodes solved 780 | queue r0 2728 reprompt 0 | verifying 1 | 15.2 s/proposal]
first proposals:  45%|ΓûêΓûêΓûêΓûêΓûî     | 2274/5000 [7:08:46<9:56:26, 13.13s/ep, cand 2273 | r0 pass 781/2262 | 
episodes solved 781 | queue r0 2725 reprompt 0 | verifying 2 | 15.2 s/proposal] 
first proposals:  46%|ΓûêΓûêΓûêΓûêΓûî     | 2275/5000 [7:09:00<9:57:37, 13.16s/ep, cand 2274 | r0 pass 781/2263 | 
episodes solved 781 | queue r0 2724 reprompt 0 | verifying 2 | 15.2 s/proposal]
first proposals:  46%|ΓûêΓûêΓûêΓûêΓûî     | 2276/5000 [7:09:27<12:19:26, 16.29s/ep, cand 2275 | r0 pass 781/2264 | 
episodes solved 781 | queue r0 2723 reprompt 0 | verifying 2 | 15.2 s/proposal]
first proposals:  46%|ΓûêΓûêΓûêΓûêΓûî     | 2278/5000 [7:09:53<11:18:41, 14.96s/ep, cand 2277 | r0 pass 781/2266 | 
episodes solved 781 | queue r0 2721 reprompt 0 | verifying 2 | 15.0 s/proposal]
first proposals:  46%|ΓûêΓûêΓûêΓûêΓûî     | 2280/5000 [7:10:07<9:14:03, 12.22s/ep, cand 2279 | r0 pass 781/2268 | 
episodes solved 781 | queue r0 2719 reprompt 0 | verifying 2 | 15.0 s/proposal] 
first proposals:  46%|ΓûêΓûêΓûêΓûêΓûî     | 2281/5000 [7:10:21<9:30:22, 12.59s/ep, cand 2280 | r0 pass 781/2269 | 
episodes solved 781 | queue r0 2718 reprompt 0 | verifying 2 | 15.0 s/proposal]
first proposals:  46%|ΓûêΓûêΓûêΓûêΓûî     | 2282/5000 [7:10:51<12:22:31, 16.39s/ep, cand 2281 | r0 pass 782/2270 | 
episodes solved 782 | queue r0 2717 reprompt 0 | verifying 2 | 15.0 s/proposal]
first proposals:  46%|ΓûêΓûêΓûêΓûêΓûî     | 2283/5000 [7:11:05<11:57:52, 15.85s/ep, cand 2282 | r0 pass 783/2271 | 
episodes solved 783 | queue r0 2715 reprompt 0 | verifying 3 | 15.1 s/proposal]
first proposals:  46%|ΓûêΓûêΓûêΓûêΓûî     | 2284/5000 [7:11:19<11:31:47, 15.28s/ep, cand 2283 | r0 pass 783/2272 | 
episodes solved 783 | queue r0 2714 reprompt 0 | verifying 3 | 15.1 s/proposal]
first proposals:  46%|ΓûêΓûêΓûêΓûêΓûî     | 2285/5000 [7:11:35<11:37:47, 15.42s/ep, cand 2284 | r0 pass 783/2273 | 
episodes solved 783 | queue r0 2713 reprompt 0 | verifying 3 | 15.0 s/proposal]
first proposals:  46%|ΓûêΓûêΓûêΓûêΓûî     | 2287/5000 [7:11:47<8:32:47, 11.34s/ep, cand 2286 | r0 pass 783/2275 | 
episodes solved 783 | queue r0 2712 reprompt 0 | verifying 2 | 15.0 s/proposal] 
first proposals:  46%|ΓûêΓûêΓûêΓûêΓûî     | 2288/5000 [7:11:59<8:43:44, 11.59s/ep, cand 2287 | r0 pass 783/2276 | 
episodes solved 783 | queue r0 2711 reprompt 0 | verifying 2 | 14.9 s/proposal]
first proposals:  46%|ΓûêΓûêΓûêΓûêΓûî     | 2289/5000 [7:12:30<12:20:04, 16.38s/ep, cand 2288 | r0 pass 783/2277 | 
episodes solved 783 | queue r0 2710 reprompt 0 | verifying 2 | 14.8 s/proposal]
first proposals:  46%|ΓûêΓûêΓûêΓûêΓûî     | 2291/5000 [7:13:00<11:53:31, 15.80s/ep, cand 2290 | r0 pass 784/2279 | 
episodes solved 784 | queue r0 2708 reprompt 0 | verifying 2 | 14.8 s/proposal]
first proposals:  46%|ΓûêΓûêΓûêΓûêΓûî     | 2293/5000 [7:13:14<9:26:25, 12.55s/ep, cand 2292 | r0 pass 784/2281 | 
episodes solved 784 | queue r0 2706 reprompt 0 | verifying 2 | 14.8 s/proposal] 
first proposals:  46%|ΓûêΓûêΓûêΓûêΓûî     | 2294/5000 [7:13:30<9:55:18, 13.20s/ep, cand 2293 | r0 pass 784/2282 | 
episodes solved 784 | queue r0 2705 reprompt 0 | verifying 2 | 14.8 s/proposal]
first proposals:  46%|ΓûêΓûêΓûêΓûêΓûî     | 2295/5000 [7:13:44<10:12:39, 13.59s/ep, cand 2294 | r0 pass 784/2283 | 
episodes solved 784 | queue r0 2704 reprompt 0 | verifying 2 | 14.8 s/proposal]
first proposals:  46%|ΓûêΓûêΓûêΓûêΓûî     | 2297/5000 [7:14:06<9:26:07, 12.57s/ep, cand 2296 | r0 pass 784/2285 | 
episodes solved 784 | queue r0 2703 reprompt 0 | verifying 1 | 14.8 s/proposal] 
first proposals:  46%|ΓûêΓûêΓûêΓûêΓûî     | 2298/5000 [7:14:20<9:31:59, 12.70s/ep, cand 2297 | r0 pass 785/2286 | 
episodes solved 785 | queue r0 2701 reprompt 0 | verifying 2 | 14.6 s/proposal]
first proposals:  46%|ΓûêΓûêΓûêΓûêΓûî     | 2299/5000 [7:14:36<10:14:08, 13.64s/ep, cand 2298 | r0 pass 786/2287 | 
episodes solved 786 | queue r0 2700 reprompt 0 | verifying 2 | 14.6 s/proposal]
first proposals:  46%|ΓûêΓûêΓûêΓûêΓûî     | 2300/5000 [7:14:49<10:00:46, 13.35s/ep, cand 2299 | r0 pass 786/2288 | 
episodes solved 786 | queue r0 2699 reprompt 0 | verifying 2 | 14.6 s/proposal]
first proposals:  46%|ΓûêΓûêΓûêΓûêΓûî     | 2301/5000 [7:15:05<10:32:20, 14.06s/ep, cand 2300 | r0 pass 787/2289 | 
episodes solved 787 | queue r0 2698 reprompt 0 | verifying 2 | 14.5 s/proposal]
first proposals:  46%|ΓûêΓûêΓûêΓûêΓûî     | 2302/5000 [7:15:19<10:28:47, 13.98s/ep, cand 2301 | r0 pass 787/2290 | 
episodes solved 787 | queue r0 2697 reprompt 0 | verifying 2 | 14.5 s/proposal]
first proposals:  46%|ΓûêΓûêΓûêΓûêΓûî     | 2303/5000 [7:15:37<11:24:31, 15.23s/ep, cand 2302 | r0 pass 787/2291 | 
episodes solved 787 | queue r0 2696 reprompt 0 | verifying 2 | 14.5 s/proposal]
first proposals:  46%|ΓûêΓûêΓûêΓûêΓûî     | 2304/5000 [7:16:12<15:39:06, 20.90s/ep, cand 2303 | r0 pass 788/2292 | 
episodes solved 788 | queue r0 2695 reprompt 0 | verifying 2 | 14.5 s/proposal]
first proposals:  46%|ΓûêΓûêΓûêΓûêΓûî     | 2305/5000 [7:16:29<14:47:34, 19.76s/ep, cand 2304 | r0 pass 788/2293 | 
episodes solved 788 | queue r0 2693 reprompt 0 | verifying 3 | 14.7 s/proposal]
first proposals:  46%|ΓûêΓûêΓûêΓûêΓûî     | 2307/5000 [7:16:42<10:21:56, 13.86s/ep, cand 2306 | r0 pass 788/2295 | 
episodes solved 788 | queue r0 2692 reprompt 0 | verifying 2 | 14.8 s/proposal]
first proposals:  46%|ΓûêΓûêΓûêΓûêΓûî     | 2308/5000 [7:17:00<11:06:56, 14.86s/ep, cand 2307 | r0 pass 788/2296 | 
episodes solved 788 | queue r0 2691 reprompt 0 | verifying 2 | 14.6 s/proposal]
first proposals:  46%|ΓûêΓûêΓûêΓûêΓûî     | 2309/5000 [7:17:15<11:02:10, 14.76s/ep, cand 2308 | r0 pass 788/2297 | 
episodes solved 788 | queue r0 2690 reprompt 0 | verifying 2 | 14.6 s/proposal]
first proposals:  46%|ΓûêΓûêΓûêΓûêΓûî     | 2310/5000 [7:17:35<12:01:38, 16.10s/ep, cand 2309 | r0 pass 789/2298 | 
episodes solved 789 | queue r0 2689 reprompt 0 | verifying 2 | 14.7 s/proposal]
first proposals:  46%|ΓûêΓûêΓûêΓûêΓûî     | 2311/5000 [7:18:12<16:32:44, 22.15s/ep, cand 2310 | r0 pass 790/2299 | 
episodes solved 790 | queue r0 2688 reprompt 0 | verifying 2 | 14.8 s/proposal]
first proposals:  46%|ΓûêΓûêΓûêΓûêΓûï     | 2314/5000 [7:18:33<10:22:43, 13.91s/ep, cand 2313 | r0 pass 792/2301 | 
episodes solved 792 | queue r0 2687 reprompt 0 | verifying 0 | 15.1 s/proposal]
first proposals:  46%|ΓûêΓûêΓûêΓûêΓûï     | 2315/5000 [7:19:00<12:21:43, 16.57s/ep, cand 2314 | r0 pass 792/2302 | 
episodes solved 792 | queue r0 2685 reprompt 0 | verifying 1 | 14.8 s/proposal]
first proposals:  46%|ΓûêΓûêΓûêΓûêΓûï     | 2316/5000 [7:19:18<12:34:58, 16.88s/ep, cand 2315 | r0 pass 792/2303 | 
episodes solved 792 | queue r0 2683 reprompt 0 | verifying 2 | 14.9 s/proposal]
first proposals:  46%|ΓûêΓûêΓûêΓûêΓûï     | 2317/5000 [7:19:57<16:36:34, 22.29s/ep, cand 2316 | r0 pass 792/2304 | 
episodes solved 792 | queue r0 2682 reprompt 0 | verifying 2 | 14.9 s/proposal]
first proposals:  46%|ΓûêΓûêΓûêΓûêΓûï     | 2319/5000 [7:20:30<14:48:52, 19.89s/ep, cand 2318 | r0 pass 792/2306 | 
episodes solved 792 | queue r0 2680 reprompt 0 | verifying 2 | 15.1 s/proposal]
first proposals:  46%|ΓûêΓûêΓûêΓûêΓûï     | 2321/5000 [7:20:47<11:38:02, 15.63s/ep, cand 2320 | r0 pass 793/2308 | 
episodes solved 793 | queue r0 2678 reprompt 0 | verifying 2 | 15.2 s/proposal]
first proposals:  46%|ΓûêΓûêΓûêΓûêΓûï     | 2322/5000 [7:21:06<12:08:06, 16.31s/ep, cand 2321 | r0 pass 793/2309 | 
episodes solved 793 | queue r0 2677 reprompt 0 | verifying 2 | 15.2 s/proposal]
first proposals:  46%|ΓûêΓûêΓûêΓûêΓûï     | 2324/5000 [7:21:33<11:22:44, 15.31s/ep, cand 2323 | r0 pass 793/2311 | 
episodes solved 793 | queue r0 2676 reprompt 0 | verifying 1 | 15.3 s/proposal]
first proposals:  46%|ΓûêΓûêΓûêΓûêΓûï     | 2325/5000 [7:21:47<11:13:34, 15.11s/ep, cand 2324 | r0 pass 793/2312 | 
episodes solved 793 | queue r0 2675 reprompt 0 | verifying 1 | 15.5 s/proposal]
first proposals:  47%|ΓûêΓûêΓûêΓûêΓûï     | 2326/5000 [7:22:29<15:50:05, 21.32s/ep, cand 2325 | r0 pass 793/2313 | 
episodes solved 793 | queue r0 2674 reprompt 0 | verifying 1 | 15.6 s/proposal]
first proposals:  47%|ΓûêΓûêΓûêΓûêΓûï     | 2327/5000 [7:22:43<14:29:48, 19.52s/ep, cand 2326 | r0 pass 794/2314 | 
episodes solved 794 | queue r0 2671 reprompt 0 | verifying 3 | 15.6 s/proposal]
first proposals:  47%|ΓûêΓûêΓûêΓûêΓûï     | 2328/5000 [7:22:59<13:44:44, 18.52s/ep, cand 2327 | r0 pass 795/2315 | 
episodes solved 795 | queue r0 2670 reprompt 0 | verifying 3 | 15.6 s/proposal]
first proposals:  47%|ΓûêΓûêΓûêΓûêΓûï     | 2329/5000 [7:23:14<13:01:40, 17.56s/ep, cand 2328 | r0 pass 795/2316 | 
episodes solved 795 | queue r0 2669 reprompt 0 | verifying 3 | 15.7 s/proposal]
first proposals:  47%|ΓûêΓûêΓûêΓûêΓûï     | 2330/5000 [7:23:25<11:36:26, 15.65s/ep, cand 2329 | r0 pass 796/2317 | 
episodes solved 796 | queue r0 2668 reprompt 0 | verifying 3 | 15.7 s/proposal]
first proposals:  47%|ΓûêΓûêΓûêΓûêΓûï     | 2331/5000 [7:23:39<11:12:53, 15.13s/ep, cand 2330 | r0 pass 796/2318 | 
episodes solved 796 | queue r0 2667 reprompt 0 | verifying 3 | 15.6 s/proposal]
first proposals:  47%|ΓûêΓûêΓûêΓûêΓûï     | 2333/5000 [7:24:00<9:46:05, 13.19s/ep, cand 2332 | r0 pass 797/2320 | 
episodes solved 797 | queue r0 2666 reprompt 0 | verifying 2 | 15.6 s/proposal] 
first proposals:  47%|ΓûêΓûêΓûêΓûêΓûï     | 2334/5000 [7:24:12<9:33:18, 12.90s/ep, cand 2333 | r0 pass 797/2321 | 
episodes solved 797 | queue r0 2664 reprompt 0 | verifying 3 | 15.5 s/proposal]
first proposals:  47%|ΓûêΓûêΓûêΓûêΓûï     | 2335/5000 [7:24:24<9:22:15, 12.66s/ep, cand 2334 | r0 pass 798/2322 | 
episodes solved 798 | queue r0 2663 reprompt 0 | verifying 3 | 15.4 s/proposal]
first proposals:  47%|ΓûêΓûêΓûêΓûêΓûï     | 2337/5000 [7:24:35<7:04:14,  9.56s/ep, cand 2336 | r0 pass 800/2324 | 
episodes solved 800 | queue r0 2662 reprompt 0 | verifying 2 | 15.3 s/proposal]
first proposals:  47%|ΓûêΓûêΓûêΓûêΓûï     | 2338/5000 [7:24:59<9:37:16, 13.01s/ep, cand 2337 | r0 pass 801/2325 | 
episodes solved 801 | queue r0 2661 reprompt 0 | verifying 2 | 15.3 s/proposal]
first proposals:  47%|ΓûêΓûêΓûêΓûêΓûï     | 2339/5000 [7:25:15<10:05:47, 13.66s/ep, cand 2338 | r0 pass 801/2326 | 
episodes solved 801 | queue r0 2659 reprompt 0 | verifying 3 | 15.2 s/proposal]
first proposals:  47%|ΓûêΓûêΓûêΓûêΓûï     | 2341/5000 [7:25:45<10:30:14, 14.22s/ep, cand 2340 | r0 pass 802/2328 | 
episodes solved 802 | queue r0 2658 reprompt 0 | verifying 2 | 15.3 s/proposal]
first proposals:  47%|ΓûêΓûêΓûêΓûêΓûï     | 2343/5000 [7:25:56<8:06:09, 10.98s/ep, cand 2342 | r0 pass 804/2330 | 
episodes solved 804 | queue r0 2656 reprompt 0 | verifying 2 | 15.3 s/proposal] 
first proposals:  47%|ΓûêΓûêΓûêΓûêΓûï     | 2344/5000 [7:26:22<10:25:09, 14.12s/ep, cand 2343 | r0 pass 804/2331 | 
episodes solved 804 | queue r0 2655 reprompt 0 | verifying 2 | 15.2 s/proposal]
first proposals:  47%|ΓûêΓûêΓûêΓûêΓûï     | 2346/5000 [7:26:38<8:43:01, 11.82s/ep, cand 2345 | r0 pass 806/2333 | 
episodes solved 806 | queue r0 2653 reprompt 0 | verifying 2 | 15.1 s/proposal] 
first proposals:  47%|ΓûêΓûêΓûêΓûêΓûï     | 2347/5000 [7:26:55<9:28:23, 12.85s/ep, cand 2346 | r0 pass 806/2334 | 
episodes solved 806 | queue r0 2652 reprompt 0 | verifying 2 | 15.2 s/proposal]
first proposals:  47%|ΓûêΓûêΓûêΓûêΓûï     | 2348/5000 [7:27:07<9:27:20, 12.84s/ep, cand 2347 | r0 pass 806/2335 | 
episodes solved 806 | queue r0 2651 reprompt 0 | verifying 2 | 15.3 s/proposal]
first proposals:  47%|ΓûêΓûêΓûêΓûêΓûï     | 2349/5000 [7:27:20<9:20:23, 12.68s/ep, cand 2348 | r0 pass 806/2336 | 
episodes solved 806 | queue r0 2650 reprompt 0 | verifying 2 | 15.3 s/proposal]
first proposals:  47%|ΓûêΓûêΓûêΓûêΓûï     | 2350/5000 [7:27:31<9:05:57, 12.36s/ep, cand 2349 | r0 pass 806/2337 | 
episodes solved 806 | queue r0 2649 reprompt 0 | verifying 2 | 15.2 s/proposal]
first proposals:  47%|ΓûêΓûêΓûêΓûêΓûï     | 2351/5000 [7:27:41<8:32:49, 11.62s/ep, cand 2350 | r0 pass 807/2338 | 
episodes solved 807 | queue r0 2648 reprompt 0 | verifying 2 | 15.2 s/proposal]
first proposals:  47%|ΓûêΓûêΓûêΓûêΓûï     | 2352/5000 [7:28:06<11:26:45, 15.56s/ep, cand 2351 | r0 pass 807/2339 | 
episodes solved 807 | queue r0 2647 reprompt 0 | verifying 2 | 15.1 s/proposal]
first proposals:  47%|ΓûêΓûêΓûêΓûêΓûï     | 2355/5000 [7:28:19<6:56:34,  9.45s/ep, cand 2354 | r0 pass 808/2342 | 
episodes solved 808 | queue r0 2645 reprompt 0 | verifying 1 | 14.9 s/proposal] 
first proposals:  47%|ΓûêΓûêΓûêΓûêΓûï     | 2355/5000 [7:28:31<6:56:34,  9.45s/ep, cand 2355 | r0 pass 808/2343 | 
episodes solved 808 | queue r0 2644 reprompt 0 | verifying 1 | 14.8 s/proposal]
first proposals:  47%|ΓûêΓûêΓûêΓûêΓûï     | 2356/5000 [7:28:43<9:00:19, 12.26s/ep, cand 2355 | r0 pass 808/2343 | 
episodes solved 808 | queue r0 2644 reprompt 0 | verifying 1 | 14.8 s/proposal]
first proposals:  47%|ΓûêΓûêΓûêΓûêΓûï     | 2358/5000 [7:29:09<9:17:01, 12.65s/ep, cand 2357 | r0 pass 809/2345 | 
episodes solved 809 | queue r0 2642 reprompt 0 | verifying 1 | 14.6 s/proposal]
first proposals:  47%|ΓûêΓûêΓûêΓûêΓûï     | 2359/5000 [7:29:22<9:18:37, 12.69s/ep, cand 2358 | r0 pass 810/2346 | 
episodes solved 810 | queue r0 2640 reprompt 0 | verifying 2 | 14.5 s/proposal]
first proposals:  47%|ΓûêΓûêΓûêΓûêΓûï     | 2360/5000 [7:29:49<11:38:44, 15.88s/ep, cand 2359 | r0 pass 810/2347 | 
episodes solved 810 | queue r0 2639 reprompt 0 | verifying 2 | 14.5 s/proposal]
first proposals:  47%|ΓûêΓûêΓûêΓûêΓûï     | 2362/5000 [7:30:04<9:18:08, 12.69s/ep, cand 2361 | r0 pass 811/2349 | 
episodes solved 811 | queue r0 2637 reprompt 0 | verifying 2 | 13.9 s/proposal] 
first proposals:  47%|ΓûêΓûêΓûêΓûêΓûï     | 2363/5000 [7:30:20<9:47:45, 13.37s/ep, cand 2362 | r0 pass 811/2350 | 
episodes solved 811 | queue r0 2636 reprompt 0 | verifying 2 | 14.0 s/proposal]
first proposals:  47%|ΓûêΓûêΓûêΓûêΓûï     | 2364/5000 [7:30:34<9:50:57, 13.45s/ep, cand 2363 | r0 pass 811/2351 | 
episodes solved 811 | queue r0 2635 reprompt 0 | verifying 2 | 14.1 s/proposal]
first proposals:  47%|ΓûêΓûêΓûêΓûêΓûï     | 2365/5000 [7:30:49<10:06:19, 13.81s/ep, cand 2364 | r0 pass 811/2352 | 
episodes solved 811 | queue r0 2634 reprompt 0 | verifying 2 | 14.1 s/proposal]
first proposals:  47%|ΓûêΓûêΓûêΓûêΓûï     | 2366/5000 [7:31:11<11:51:38, 16.21s/ep, cand 2365 | r0 pass 811/2353 | 
episodes solved 811 | queue r0 2633 reprompt 0 | verifying 2 | 14.1 s/proposal]
first proposals:  47%|ΓûêΓûêΓûêΓûêΓûï     | 2367/5000 [7:31:22<10:39:25, 14.57s/ep, cand 2366 | r0 pass 811/2354 | 
episodes solved 811 | queue r0 2631 reprompt 0 | verifying 3 | 13.9 s/proposal]
first proposals:  47%|ΓûêΓûêΓûêΓûêΓûï     | 2370/5000 [7:32:00<9:57:54, 13.64s/ep, cand 2369 | r0 pass 811/2357 | 
episodes solved 811 | queue r0 2630 reprompt 0 | verifying 1 | 13.6 s/proposal] 
first proposals:  47%|ΓûêΓûêΓûêΓûêΓûï     | 2371/5000 [7:32:14<10:02:52, 13.76s/ep, cand 2370 | r0 pass 812/2358 | 
episodes solved 812 | queue r0 2627 reprompt 0 | verifying 3 | 13.4 s/proposal]
first proposals:  47%|ΓûêΓûêΓûêΓûêΓûï     | 2373/5000 [7:32:34<9:01:48, 12.37s/ep, cand 2372 | r0 pass 812/2360 | 
episodes solved 812 | queue r0 2626 reprompt 0 | verifying 2 | 13.3 s/proposal] 
first proposals:  47%|ΓûêΓûêΓûêΓûêΓûï     | 2374/5000 [7:33:00<11:05:17, 15.20s/ep, cand 2373 | r0 pass 813/2361 | 
episodes solved 813 | queue r0 2625 reprompt 0 | verifying 2 | 13.2 s/proposal]
first proposals:  48%|ΓûêΓûêΓûêΓûêΓûè     | 2375/5000 [7:33:25<12:44:07, 17.47s/ep, cand 2374 | r0 pass 813/2362 | 
episodes solved 813 | queue r0 2623 reprompt 0 | verifying 3 | 13.2 s/proposal]
first proposals:  48%|ΓûêΓûêΓûêΓûêΓûè     | 2377/5000 [7:33:37<9:21:15, 12.84s/ep, cand 2376 | r0 pass 814/2364 | 
episodes solved 814 | queue r0 2621 reprompt 0 | verifying 3 | 13.1 s/proposal] 
first proposals:  48%|ΓûêΓûêΓûêΓûêΓûè     | 2378/5000 [7:33:51<9:34:26, 13.15s/ep, cand 2377 | r0 pass 815/2365 | 
episodes solved 815 | queue r0 2620 reprompt 0 | verifying 3 | 13.0 s/proposal]
first proposals:  48%|ΓûêΓûêΓûêΓûêΓûè     | 2380/5000 [7:34:14<9:06:11, 12.51s/ep, cand 2379 | r0 pass 816/2367 | 
episodes solved 816 | queue r0 2619 reprompt 0 | verifying 2 | 13.0 s/proposal]
first proposals:  48%|ΓûêΓûêΓûêΓûêΓûè     | 2382/5000 [7:34:25<7:17:44, 10.03s/ep, cand 2381 | r0 pass 816/2369 | 
episodes solved 816 | queue r0 2617 reprompt 0 | verifying 2 | 12.9 s/proposal]
first proposals:  48%|ΓûêΓûêΓûêΓûêΓûè     | 2383/5000 [7:34:56<10:21:07, 14.24s/ep, cand 2382 | r0 pass 816/2370 | 
episodes solved 816 | queue r0 2616 reprompt 0 | verifying 2 | 12.9 s/proposal]
first proposals:  48%|ΓûêΓûêΓûêΓûêΓûè     | 2385/5000 [7:35:14<8:58:06, 12.35s/ep, cand 2384 | r0 pass 818/2372 | 
episodes solved 818 | queue r0 2614 reprompt 0 | verifying 2 | 13.1 s/proposal] 
first proposals:  48%|ΓûêΓûêΓûêΓûêΓûè     | 2386/5000 [7:35:27<9:00:03, 12.40s/ep, cand 2385 | r0 pass 818/2373 | 
episodes solved 818 | queue r0 2613 reprompt 0 | verifying 2 | 13.2 s/proposal]
first proposals:  48%|ΓûêΓûêΓûêΓûêΓûè     | 2387/5000 [7:35:41<9:17:31, 12.80s/ep, cand 2386 | r0 pass 819/2374 | 
episodes solved 819 | queue r0 2612 reprompt 0 | verifying 2 | 13.2 s/proposal]
first proposals:  48%|ΓûêΓûêΓûêΓûêΓûè     | 2388/5000 [7:36:12<12:36:28, 17.38s/ep, cand 2387 | r0 pass 819/2375 | 
episodes solved 819 | queue r0 2611 reprompt 0 | verifying 2 | 13.3 s/proposal]
first proposals:  48%|ΓûêΓûêΓûêΓûêΓûè     | 2390/5000 [7:36:38<11:14:07, 15.50s/ep, cand 2389 | r0 pass 820/2377 | 
episodes solved 820 | queue r0 2609 reprompt 0 | verifying 2 | 13.4 s/proposal]
first proposals:  48%|ΓûêΓûêΓûêΓûêΓûè     | 2392/5000 [7:36:55<9:20:31, 12.90s/ep, cand 2391 | r0 pass 820/2379 | 
episodes solved 820 | queue r0 2607 reprompt 0 | verifying 2 | 13.3 s/proposal] 
first proposals:  48%|ΓûêΓûêΓûêΓûêΓûè     | 2393/5000 [7:37:08<9:23:26, 12.97s/ep, cand 2392 | r0 pass 820/2380 | 
episodes solved 820 | queue r0 2606 reprompt 0 | verifying 2 | 13.4 s/proposal]
first proposals:  48%|ΓûêΓûêΓûêΓûêΓûè     | 2395/5000 [7:37:21<7:35:09, 10.48s/ep, cand 2394 | r0 pass 820/2382 | 
episodes solved 820 | queue r0 2605 reprompt 0 | verifying 1 | 13.4 s/proposal]
first proposals:  48%|ΓûêΓûêΓûêΓûêΓûè     | 2396/5000 [7:37:41<9:02:50, 12.51s/ep, cand 2395 | r0 pass 820/2383 | 
episodes solved 820 | queue r0 2604 reprompt 0 | verifying 1 | 13.4 s/proposal]
first proposals:  48%|ΓûêΓûêΓûêΓûêΓûè     | 2397/5000 [7:37:53<8:52:32, 12.28s/ep, cand 2396 | r0 pass 820/2384 | 
episodes solved 820 | queue r0 2602 reprompt 0 | verifying 2 | 13.2 s/proposal]
first proposals:  48%|ΓûêΓûêΓûêΓûêΓûè     | 2398/5000 [7:38:06<9:04:00, 12.54s/ep, cand 2397 | r0 pass 821/2385 | 
episodes solved 821 | queue r0 2601 reprompt 0 | verifying 2 | 13.1 s/proposal]
first proposals:  48%|ΓûêΓûêΓûêΓûêΓûè     | 2399/5000 [7:38:25<10:17:22, 14.24s/ep, cand 2398 | r0 pass 821/2386 | 
episodes solved 821 | queue r0 2600 reprompt 0 | verifying 2 | 13.1 s/proposal]
first proposals:  48%|ΓûêΓûêΓûêΓûêΓûè     | 2400/5000 [7:38:37<9:56:44, 13.77s/ep, cand 2399 | r0 pass 822/2387 | 
episodes solved 822 | queue r0 2598 reprompt 0 | verifying 3 | 13.0 s/proposal] 
first proposals:  48%|ΓûêΓûêΓûêΓûêΓûè     | 2402/5000 [7:38:59<9:04:13, 12.57s/ep, cand 2401 | r0 pass 822/2389 | 
episodes solved 822 | queue r0 2597 reprompt 0 | verifying 2 | 13.1 s/proposal]
first proposals:  48%|ΓûêΓûêΓûêΓûêΓûè     | 2403/5000 [7:39:12<9:03:32, 12.56s/ep, cand 2402 | r0 pass 822/2390 | 
episodes solved 822 | queue r0 2595 reprompt 0 | verifying 3 | 13.0 s/proposal]
first proposals:  48%|ΓûêΓûêΓûêΓûêΓûè     | 2404/5000 [7:39:23<8:43:02, 12.09s/ep, cand 2403 | r0 pass 822/2391 | 
episodes solved 822 | queue r0 2594 reprompt 0 | verifying 3 | 13.0 s/proposal]
first proposals:  48%|ΓûêΓûêΓûêΓûêΓûè     | 2405/5000 [7:39:35<8:43:21, 12.10s/ep, cand 2404 | r0 pass 822/2392 | 
episodes solved 822 | queue r0 2593 reprompt 0 | verifying 3 | 13.0 s/proposal]
first proposals:  48%|ΓûêΓûêΓûêΓûêΓûè     | 2407/5000 [7:39:48<7:03:50,  9.81s/ep, cand 2406 | r0 pass 823/2394 | 
episodes solved 823 | queue r0 2592 reprompt 0 | verifying 2 | 13.0 s/proposal]
first proposals:  48%|ΓûêΓûêΓûêΓûêΓûè     | 2408/5000 [7:40:11<9:12:21, 12.79s/ep, cand 2407 | r0 pass 824/2395 | 
episodes solved 824 | queue r0 2591 reprompt 0 | verifying 2 | 13.0 s/proposal]
first proposals:  48%|ΓûêΓûêΓûêΓûêΓûè     | 2411/5000 [7:40:52<9:33:43, 13.30s/ep, cand 2410 | r0 pass 825/2398 | 
episodes solved 825 | queue r0 2589 reprompt 0 | verifying 1 | 12.9 s/proposal]
first proposals:  48%|ΓûêΓûêΓûêΓûêΓûè     | 2413/5000 [7:41:07<8:11:39, 11.40s/ep, cand 2412 | r0 pass 826/2400 | 
episodes solved 826 | queue r0 2586 reprompt 0 | verifying 2 | 12.9 s/proposal]
first proposals:  48%|ΓûêΓûêΓûêΓûêΓûè     | 2415/5000 [7:41:44<9:47:57, 13.65s/ep, cand 2414 | r0 pass 826/2402 | 
episodes solved 826 | queue r0 2585 reprompt 0 | verifying 1 | 12.9 s/proposal]
first proposals:  48%|ΓûêΓûêΓûêΓûêΓûè     | 2416/5000 [7:41:55<9:24:10, 13.10s/ep, cand 2415 | r0 pass 827/2403 | 
episodes solved 827 | queue r0 2582 reprompt 0 | verifying 3 | 12.8 s/proposal]
first proposals:  48%|ΓûêΓûêΓûêΓûêΓûè     | 2417/5000 [7:42:26<12:03:32, 16.81s/ep, cand 2416 | r0 pass 828/2404 | 
episodes solved 828 | queue r0 2581 reprompt 0 | verifying 3 | 12.8 s/proposal]
first proposals:  48%|ΓûêΓûêΓûêΓûêΓûè     | 2420/5000 [7:42:50<9:07:36, 12.74s/ep, cand 2419 | r0 pass 828/2407 | 
episodes solved 828 | queue r0 2579 reprompt 0 | verifying 2 | 13.0 s/proposal] 
first proposals:  48%|ΓûêΓûêΓûêΓûêΓûè     | 2422/5000 [7:43:00<7:22:16, 10.29s/ep, cand 2421 | r0 pass 829/2409 | 
episodes solved 829 | queue r0 2577 reprompt 0 | verifying 2 | 13.0 s/proposal]
first proposals:  48%|ΓûêΓûêΓûêΓûêΓûè     | 2423/5000 [7:43:26<9:20:50, 13.06s/ep, cand 2422 | r0 pass 829/2410 | 
episodes solved 829 | queue r0 2576 reprompt 0 | verifying 2 | 12.9 s/proposal]
first proposals:  48%|ΓûêΓûêΓûêΓûêΓûè     | 2424/5000 [7:43:37<9:05:22, 12.70s/ep, cand 2423 | r0 pass 830/2411 | 
episodes solved 830 | queue r0 2574 reprompt 0 | verifying 3 | 12.7 s/proposal]
first proposals:  49%|ΓûêΓûêΓûêΓûêΓûè     | 2426/5000 [7:44:12<10:18:47, 14.42s/ep, cand 2425 | r0 pass 832/2413 | 
episodes solved 832 | queue r0 2573 reprompt 0 | verifying 2 | 12.7 s/proposal]
first proposals:  49%|ΓûêΓûêΓûêΓûêΓûè     | 2427/5000 [7:44:27<10:26:06, 14.60s/ep, cand 2426 | r0 pass 832/2414 | 
episodes solved 832 | queue r0 2571 reprompt 0 | verifying 3 | 12.9 s/proposal]
first proposals:  49%|ΓûêΓûêΓûêΓûêΓûè     | 2429/5000 [7:44:39<8:10:15, 11.44s/ep, cand 2428 | r0 pass 832/2416 | 
episodes solved 832 | queue r0 2570 reprompt 0 | verifying 2 | 12.9 s/proposal] 
first proposals:  49%|ΓûêΓûêΓûêΓûêΓûè     | 2430/5000 [7:44:50<8:09:28, 11.43s/ep, cand 2429 | r0 pass 832/2417 | 
episodes solved 832 | queue r0 2569 reprompt 0 | verifying 2 | 12.9 s/proposal]
first proposals:  49%|ΓûêΓûêΓûêΓûêΓûè     | 2431/5000 [7:45:25<11:56:00, 16.72s/ep, cand 2430 | r0 pass 832/2418 | 
episodes solved 832 | queue r0 2568 reprompt 0 | verifying 2 | 12.9 s/proposal]
first proposals:  49%|ΓûêΓûêΓûêΓûêΓûè     | 2434/5000 [7:46:03<10:31:09, 14.76s/ep, cand 2433 | r0 pass 833/2421 | 
episodes solved 833 | queue r0 2566 reprompt 0 | verifying 1 | 13.1 s/proposal]
first proposals:  49%|ΓûêΓûêΓûêΓûêΓûè     | 2436/5000 [7:46:28<9:57:29, 13.98s/ep, cand 2435 | r0 pass 833/2423 | 
episodes solved 833 | queue r0 2563 reprompt 0 | verifying 2 | 12.9 s/proposal] 
first proposals:  49%|ΓûêΓûêΓûêΓûêΓûë     | 2438/5000 [7:46:57<10:06:01, 14.19s/ep, cand 2437 | r0 pass 833/2425 | 
episodes solved 833 | queue r0 2561 reprompt 0 | verifying 2 | 12.9 s/proposal]
first proposals:  49%|ΓûêΓûêΓûêΓûêΓûë     | 2439/5000 [7:47:08<9:39:07, 13.57s/ep, cand 2438 | r0 pass 833/2426 | 
episodes solved 833 | queue r0 2559 reprompt 0 | verifying 3 | 12.8 s/proposal] 
first proposals:  49%|ΓûêΓûêΓûêΓûêΓûë     | 2441/5000 [7:47:37<9:51:38, 13.87s/ep, cand 2440 | r0 pass 833/2428 | 
episodes solved 833 | queue r0 2558 reprompt 0 | verifying 2 | 12.8 s/proposal]
first proposals:  49%|ΓûêΓûêΓûêΓûêΓûë     | 2442/5000 [7:47:55<10:26:53, 14.70s/ep, cand 2441 | r0 pass 834/2429 | 
episodes solved 834 | queue r0 2556 reprompt 0 | verifying 3 | 12.8 s/proposal]
first proposals:  49%|ΓûêΓûêΓûêΓûêΓûë     | 2444/5000 [7:48:07<8:14:29, 11.61s/ep, cand 2443 | r0 pass 835/2431 | 
episodes solved 835 | queue r0 2555 reprompt 0 | verifying 2 | 12.9 s/proposal] 
first proposals:  49%|ΓûêΓûêΓûêΓûêΓûë     | 2445/5000 [7:48:40<11:20:41, 15.98s/ep, cand 2444 | r0 pass 835/2432 | 
episodes solved 835 | queue r0 2554 reprompt 0 | verifying 2 | 12.9 s/proposal]
first proposals:  49%|ΓûêΓûêΓûêΓûêΓûë     | 2448/5000 [7:49:02<8:29:10, 11.97s/ep, cand 2447 | r0 pass 835/2435 | 
episodes solved 835 | queue r0 2552 reprompt 0 | verifying 1 | 13.1 s/proposal] 
first proposals:  49%|ΓûêΓûêΓûêΓûêΓûë     | 2449/5000 [7:49:27<10:07:38, 14.29s/ep, cand 2448 | r0 pass 835/2436 | 
episodes solved 835 | queue r0 2550 reprompt 0 | verifying 2 | 13.1 s/proposal]
first proposals:  49%|ΓûêΓûêΓûêΓûêΓûë     | 2450/5000 [7:49:52<11:39:06, 16.45s/ep, cand 2449 | r0 pass 835/2437 | 
episodes solved 835 | queue r0 2548 reprompt 0 | verifying 3 | 13.2 s/proposal]
first proposals:  49%|ΓûêΓûêΓûêΓûêΓûë     | 2452/5000 [7:50:03<8:45:26, 12.37s/ep, cand 2451 | r0 pass 835/2439 | 
episodes solved 835 | queue r0 2546 reprompt 0 | verifying 3 | 13.2 s/proposal] 
first proposals:  49%|ΓûêΓûêΓûêΓûêΓûë     | 2454/5000 [7:50:50<11:32:15, 16.31s/ep, cand 2453 | r0 pass 835/2441 | 
episodes solved 835 | queue r0 2545 reprompt 0 | verifying 2 | 13.2 s/proposal]
first proposals:  49%|ΓûêΓûêΓûêΓûêΓûë     | 2458/5000 [7:51:12<7:40:34, 10.87s/ep, cand 2457 | r0 pass 835/2444 | 
episodes solved 835 | queue r0 2543 reprompt 0 | verifying 0 | 13.7 s/proposal] 
first proposals:  49%|ΓûêΓûêΓûêΓûêΓûë     | 2459/5000 [7:51:53<10:51:43, 15.39s/ep, cand 2458 | r0 pass 835/2445 | 
episodes solved 835 | queue r0 2541 reprompt 0 | verifying 1 | 13.6 s/proposal]
first proposals:  49%|ΓûêΓûêΓûêΓûêΓûë     | 2461/5000 [7:52:45<13:11:02, 18.69s/ep, cand 2460 | r0 pass 836/2447 | 
episodes solved 836 | queue r0 2538 reprompt 0 | verifying 2 | 13.8 s/proposal]
first proposals:  49%|ΓûêΓûêΓûêΓûêΓûë     | 2465/5000 [7:53:12<9:16:18, 13.17s/ep, cand 2464 | r0 pass 838/2450 | 
episodes solved 838 | queue r0 2536 reprompt 0 | verifying 0 | 14.2 s/proposal] 
first proposals:  49%|ΓûêΓûêΓûêΓûêΓûë     | 2466/5000 [7:53:37<10:23:47, 14.77s/ep, cand 2465 | r0 pass 838/2451 | 
episodes solved 838 | queue r0 2534 reprompt 0 | verifying 1 | 14.2 s/proposal]
first proposals:  49%|ΓûêΓûêΓûêΓûêΓûë     | 2467/5000 [7:54:13<12:53:35, 18.32s/ep, cand 2466 | r0 pass 838/2452 | 
episodes solved 838 | queue r0 2532 reprompt 0 | verifying 2 | 14.2 s/proposal]
first proposals:  49%|ΓûêΓûêΓûêΓûêΓûë     | 2470/5000 [7:54:42<10:19:31, 14.69s/ep, cand 2469 | r0 pass 838/2455 | 
episodes solved 838 | queue r0 2529 reprompt 0 | verifying 2 | 14.1 s/proposal]
first proposals:  49%|ΓûêΓûêΓûêΓûêΓûë     | 2471/5000 [7:54:54<10:03:11, 14.31s/ep, cand 2470 | r0 pass 839/2456 | 
episodes solved 839 | queue r0 2527 reprompt 0 | verifying 3 | 14.2 s/proposal]
first proposals:  49%|ΓûêΓûêΓûêΓûêΓûë     | 2473/5000 [7:55:28<10:40:43, 15.21s/ep, cand 2472 | r0 pass 840/2458 | 
episodes solved 840 | queue r0 2526 reprompt 0 | verifying 2 | 14.2 s/proposal]
first proposals:  50%|ΓûêΓûêΓûêΓûêΓûë     | 2475/5000 [7:56:12<12:10:02, 17.35s/ep, cand 2474 | r0 pass 841/2460 | 
episodes solved 841 | queue r0 2524 reprompt 0 | verifying 2 | 14.4 s/proposal]
first proposals:  50%|ΓûêΓûêΓûêΓûêΓûë     | 2478/5000 [7:56:51<10:56:16, 15.61s/ep, cand 2477 | r0 pass 841/2462 | 
episodes solved 841 | queue r0 2523 reprompt 0 | verifying 0 | 15.1 s/proposal]
first proposals:  50%|ΓûêΓûêΓûêΓûêΓûë     | 2479/5000 [7:57:04<10:39:54, 15.23s/ep, cand 2478 | r0 pass 841/2463 | 
episodes solved 841 | queue r0 2520 reprompt 0 | verifying 2 | 14.8 s/proposal]
first proposals:  50%|ΓûêΓûêΓûêΓûêΓûë     | 2480/5000 [7:57:17<10:21:48, 14.80s/ep, cand 2479 | r0 pass 842/2464 | 
episodes solved 842 | queue r0 2519 reprompt 0 | verifying 2 | 14.9 s/proposal]
first proposals:  50%|ΓûêΓûêΓûêΓûêΓûë     | 2481/5000 [7:57:29<9:54:04, 14.15s/ep, cand 2480 | r0 pass 842/2465 | 
episodes solved 842 | queue r0 2518 reprompt 0 | verifying 2 | 14.9 s/proposal] 
first proposals:  50%|ΓûêΓûêΓûêΓûêΓûë     | 2483/5000 [7:57:57<9:52:02, 14.11s/ep, cand 2482 | r0 pass 843/2467 | 
episodes solved 843 | queue r0 2517 reprompt 0 | verifying 1 | 14.8 s/proposal]
first proposals:  50%|ΓûêΓûêΓûêΓûêΓûë     | 2484/5000 [7:58:40<14:03:55, 20.13s/ep, cand 2483 | r0 pass 843/2468 | 
episodes solved 843 | queue r0 2515 reprompt 0 | verifying 2 | 14.8 s/proposal]
first proposals:  50%|ΓûêΓûêΓûêΓûêΓûë     | 2485/5000 [7:58:56<13:21:15, 19.12s/ep, cand 2484 | r0 pass 843/2469 | 
episodes solved 843 | queue r0 2512 reprompt 0 | verifying 4 | 14.8 s/proposal]
first proposals:  50%|ΓûêΓûêΓûêΓûêΓûë     | 2487/5000 [7:59:10<10:03:00, 14.40s/ep, cand 2486 | r0 pass 844/2471 | 
episodes solved 844 | queue r0 2511 reprompt 0 | verifying 3 | 14.9 s/proposal]
first proposals:  50%|ΓûêΓûêΓûêΓûêΓûë     | 2488/5000 [7:59:27<10:25:05, 14.93s/ep, cand 2487 | r0 pass 845/2472 | 
episodes solved 845 | queue r0 2510 reprompt 0 | verifying 3 | 14.9 s/proposal]
first proposals:  50%|ΓûêΓûêΓûêΓûêΓûë     | 2490/5000 [7:59:37<7:45:37, 11.13s/ep, cand 2489 | r0 pass 846/2474 | 
episodes solved 846 | queue r0 2509 reprompt 0 | verifying 2 | 14.9 s/proposal] 
first proposals:  50%|ΓûêΓûêΓûêΓûêΓûë     | 2491/5000 [8:00:03<9:56:50, 14.27s/ep, cand 2490 | r0 pass 847/2475 | 
episodes solved 847 | queue r0 2508 reprompt 0 | verifying 2 | 14.9 s/proposal]
first proposals:  50%|ΓûêΓûêΓûêΓûêΓûë     | 2492/5000 [8:00:17<9:57:23, 14.29s/ep, cand 2491 | r0 pass 847/2476 | 
episodes solved 847 | queue r0 2506 reprompt 0 | verifying 3 | 14.9 s/proposal]
first proposals:  50%|ΓûêΓûêΓûêΓûêΓûë     | 2494/5000 [8:00:26<7:14:11, 10.40s/ep, cand 2493 | r0 pass 848/2478 | 
episodes solved 848 | queue r0 2505 reprompt 0 | verifying 2 | 14.8 s/proposal]
first proposals:  50%|ΓûêΓûêΓûêΓûêΓûë     | 2495/5000 [8:00:40<7:14:01, 10.40s/ep, cand 2495 | r0 pass 849/2480 | 
episodes solved 849 | queue r0 2503 reprompt 0 | verifying 2 | 14.8 s/proposal]
first proposals:  50%|ΓûêΓûêΓûêΓûêΓûë     | 2496/5000 [8:01:08<9:49:07, 14.12s/ep, cand 2495 | r0 pass 849/2480 | 
episodes solved 849 | queue r0 2503 reprompt 0 | verifying 2 | 14.8 s/proposal]
first proposals:  50%|ΓûêΓûêΓûêΓûêΓûë     | 2497/5000 [8:01:17<9:04:42, 13.06s/ep, cand 2496 | r0 pass 849/2481 | 
episodes solved 849 | queue r0 2501 reprompt 0 | verifying 3 | 14.7 s/proposal]
first proposals:  50%|ΓûêΓûêΓûêΓûêΓûë     | 2498/5000 [8:01:38<10:27:11, 15.04s/ep, cand 2497 | r0 pass 849/2482 | 
episodes solved 849 | queue r0 2500 reprompt 0 | verifying 3 | 14.6 s/proposal]
first proposals:  50%|ΓûêΓûêΓûêΓûêΓûê     | 2500/5000 [8:01:54<8:26:32, 12.16s/ep, cand 2499 | r0 pass 850/2484 | 
episodes solved 850 | queue r0 2499 reprompt 0 | verifying 2 | 14.8 s/proposal] 
first proposals:  50%|ΓûêΓûêΓûêΓûêΓûê     | 2501/5000 [8:02:04<8:11:39, 11.80s/ep, cand 2500 | r0 pass 851/2485 | 
episodes solved 851 | queue r0 2498 reprompt 0 | verifying 2 | 14.9 s/proposal]
first proposals:  50%|ΓûêΓûêΓûêΓûêΓûê     | 2502/5000 [8:02:15<8:03:29, 11.61s/ep, cand 2501 | r0 pass 851/2486 | 
episodes solved 851 | queue r0 2497 reprompt 0 | verifying 2 | 14.9 s/proposal]
first proposals:  50%|ΓûêΓûêΓûêΓûêΓûê     | 2504/5000 [8:02:25<6:07:06,  8.82s/ep, cand 2503 | r0 pass 852/2488 | 
episodes solved 852 | queue r0 2496 reprompt 0 | verifying 1 | 14.8 s/proposal]
first proposals:  50%|ΓûêΓûêΓûêΓûêΓûê     | 2505/5000 [8:02:52<9:01:13, 13.02s/ep, cand 2504 | r0 pass 852/2489 | 
episodes solved 852 | queue r0 2495 reprompt 0 | verifying 1 | 14.8 s/proposal]
first proposals:  50%|ΓûêΓûêΓûêΓûêΓûê     | 2506/5000 [8:03:04<8:43:49, 12.60s/ep, cand 2505 | r0 pass 852/2490 | 
episodes solved 852 | queue r0 2493 reprompt 0 | verifying 2 | 14.4 s/proposal]
first proposals:  50%|ΓûêΓûêΓûêΓûêΓûê     | 2507/5000 [8:03:25<10:18:38, 14.89s/ep, cand 2506 | r0 pass 852/2491 | 
episodes solved 852 | queue r0 2492 reprompt 0 | verifying 2 | 14.4 s/proposal]
first proposals:  50%|ΓûêΓûêΓûêΓûêΓûê     | 2508/5000 [8:03:38<9:51:43, 14.25s/ep, cand 2507 | r0 pass 852/2492 | 
episodes solved 852 | queue r0 2490 reprompt 0 | verifying 3 | 14.4 s/proposal] 
first proposals:  50%|ΓûêΓûêΓûêΓûêΓûê     | 2509/5000 [8:03:50<9:32:54, 13.80s/ep, cand 2508 | r0 pass 852/2493 | 
episodes solved 852 | queue r0 2489 reprompt 0 | verifying 3 | 14.4 s/proposal]
first proposals:  50%|ΓûêΓûêΓûêΓûêΓûê     | 2510/5000 [8:04:03<9:18:39, 13.46s/ep, cand 2509 | r0 pass 853/2494 | 
episodes solved 853 | queue r0 2488 reprompt 0 | verifying 3 | 14.3 s/proposal]
first proposals:  50%|ΓûêΓûêΓûêΓûêΓûê     | 2512/5000 [8:04:27<8:53:22, 12.86s/ep, cand 2511 | r0 pass 853/2496 | 
episodes solved 853 | queue r0 2487 reprompt 0 | verifying 2 | 14.3 s/proposal]
first proposals:  50%|ΓûêΓûêΓûêΓûêΓûê     | 2513/5000 [8:04:41<9:07:34, 13.21s/ep, cand 2512 | r0 pass 853/2497 | 
episodes solved 853 | queue r0 2485 reprompt 0 | verifying 3 | 13.8 s/proposal]
first proposals:  50%|ΓûêΓûêΓûêΓûêΓûê     | 2516/5000 [8:05:04<7:07:59, 10.34s/ep, cand 2515 | r0 pass 853/2500 | 
episodes solved 853 | queue r0 2484 reprompt 0 | verifying 1 | 13.7 s/proposal]
first proposals:  50%|ΓûêΓûêΓûêΓûêΓûê     | 2518/5000 [8:05:25<7:10:11, 10.40s/ep, cand 2517 | r0 pass 853/2502 | 
episodes solved 853 | queue r0 2482 reprompt 0 | verifying 1 | 13.7 s/proposal]
first proposals:  50%|ΓûêΓûêΓûêΓûêΓûê     | 2519/5000 [8:05:36<7:15:39, 10.54s/ep, cand 2518 | r0 pass 853/2503 | 
episodes solved 853 | queue r0 2480 reprompt 0 | verifying 2 | 13.7 s/proposal]
first proposals:  50%|ΓûêΓûêΓûêΓûêΓûê     | 2520/5000 [8:06:12<11:00:52, 15.99s/ep, cand 2519 | r0 pass 853/2504 | 
episodes solved 853 | queue r0 2479 reprompt 0 | verifying 2 | 13.6 s/proposal]
first proposals:  50%|ΓûêΓûêΓûêΓûêΓûê     | 2522/5000 [8:06:23<8:12:21, 11.92s/ep, cand 2521 | r0 pass 853/2506 | 
episodes solved 853 | queue r0 2476 reprompt 0 | verifying 3 | 13.5 s/proposal] 
first proposals:  50%|ΓûêΓûêΓûêΓûêΓûê     | 2523/5000 [8:06:37<8:31:23, 12.39s/ep, cand 2522 | r0 pass 853/2507 | 
episodes solved 853 | queue r0 2475 reprompt 0 | verifying 3 | 13.4 s/proposal]
first proposals:  50%|ΓûêΓûêΓûêΓûêΓûê     | 2524/5000 [8:06:54<9:16:25, 13.48s/ep, cand 2523 | r0 pass 854/2508 | 
episodes solved 854 | queue r0 2474 reprompt 0 | verifying 3 | 13.3 s/proposal]
first proposals:  50%|ΓûêΓûêΓûêΓûêΓûê     | 2525/5000 [8:07:06<9:03:37, 13.18s/ep, cand 2524 | r0 pass 855/2509 | 
episodes solved 855 | queue r0 2473 reprompt 0 | verifying 3 | 12.8 s/proposal]
first proposals:  51%|ΓûêΓûêΓûêΓûêΓûê     | 2528/5000 [8:07:21<6:08:17,  8.94s/ep, cand 2527 | r0 pass 856/2512 | 
episodes solved 856 | queue r0 2472 reprompt 0 | verifying 1 | 12.8 s/proposal]
first proposals:  51%|ΓûêΓûêΓûêΓûêΓûê     | 2528/5000 [8:07:33<6:08:17,  8.94s/ep, cand 2528 | r0 pass 856/2513 | 
episodes solved 856 | queue r0 2471 reprompt 0 | verifying 1 | 12.9 s/proposal]
first proposals:  51%|ΓûêΓûêΓûêΓûêΓûê     | 2529/5000 [8:07:57<9:42:48, 14.15s/ep, cand 2528 | r0 pass 856/2513 | 
episodes solved 856 | queue r0 2471 reprompt 0 | verifying 1 | 12.9 s/proposal]
first proposals:  51%|ΓûêΓûêΓûêΓûêΓûê     | 2531/5000 [8:08:19<9:00:24, 13.13s/ep, cand 2530 | r0 pass 857/2515 | 
episodes solved 857 | queue r0 2468 reprompt 0 | verifying 2 | 12.7 s/proposal]
first proposals:  51%|ΓûêΓûêΓûêΓûêΓûê     | 2533/5000 [8:08:30<7:10:36, 10.47s/ep, cand 2532 | r0 pass 857/2517 | 
episodes solved 857 | queue r0 2466 reprompt 0 | verifying 2 | 12.7 s/proposal]
first proposals:  51%|ΓûêΓûêΓûêΓûêΓûê     | 2534/5000 [8:08:44<7:38:26, 11.15s/ep, cand 2533 | r0 pass 858/2518 | 
episodes solved 858 | queue r0 2465 reprompt 0 | verifying 2 | 12.6 s/proposal]
first proposals:  51%|ΓûêΓûêΓûêΓûêΓûê     | 2535/5000 [8:09:15<10:34:25, 15.44s/ep, cand 2534 | r0 pass 858/2519 | 
episodes solved 858 | queue r0 2464 reprompt 0 | verifying 2 | 12.6 s/proposal]
first proposals:  51%|ΓûêΓûêΓûêΓûêΓûê     | 2536/5000 [8:09:31<10:38:42, 15.55s/ep, cand 2535 | r0 pass 858/2520 | 
episodes solved 858 | queue r0 2462 reprompt 0 | verifying 3 | 12.7 s/proposal]
first proposals:  51%|ΓûêΓûêΓûêΓûêΓûê     | 2538/5000 [8:09:43<8:04:58, 11.82s/ep, cand 2537 | r0 pass 858/2522 | 
episodes solved 858 | queue r0 2461 reprompt 0 | verifying 2 | 12.7 s/proposal] 
first proposals:  51%|ΓûêΓûêΓûêΓûêΓûê     | 2539/5000 [8:10:25<12:37:52, 18.48s/ep, cand 2538 | r0 pass 859/2523 | 
episodes solved 859 | queue r0 2460 reprompt 0 | verifying 2 | 12.6 s/proposal]
first proposals:  51%|ΓûêΓûêΓûêΓûêΓûê     | 2542/5000 [8:10:52<9:29:27, 13.90s/ep, cand 2541 | r0 pass 860/2525 | 
episodes solved 860 | queue r0 2459 reprompt 0 | verifying 0 | 13.1 s/proposal] 
first proposals:  51%|ΓûêΓûêΓûêΓûêΓûê     | 2543/5000 [8:11:04<9:16:07, 13.58s/ep, cand 2542 | r0 pass 860/2526 | 
episodes solved 860 | queue r0 2456 reprompt 0 | verifying 2 | 12.9 s/proposal]
first proposals:  51%|ΓûêΓûêΓûêΓûêΓûê     | 2544/5000 [8:11:28<10:47:33, 15.82s/ep, cand 2543 | r0 pass 860/2527 | 
episodes solved 860 | queue r0 2455 reprompt 0 | verifying 2 | 12.9 s/proposal]
first proposals:  51%|ΓûêΓûêΓûêΓûêΓûê     | 2546/5000 [8:11:38<7:55:35, 11.63s/ep, cand 2545 | r0 pass 860/2529 | 
episodes solved 860 | queue r0 2453 reprompt 0 | verifying 2 | 12.9 s/proposal] 
first proposals:  51%|ΓûêΓûêΓûêΓûêΓûê     | 2547/5000 [8:11:51<8:07:35, 11.93s/ep, cand 2546 | r0 pass 860/2530 | 
episodes solved 860 | queue r0 2452 reprompt 0 | verifying 2 | 12.8 s/proposal]
first proposals:  51%|ΓûêΓûêΓûêΓûêΓûê     | 2548/5000 [8:12:27<11:56:54, 17.54s/ep, cand 2547 | r0 pass 860/2531 | 
episodes solved 860 | queue r0 2451 reprompt 0 | verifying 2 | 12.8 s/proposal]
first proposals:  51%|ΓûêΓûêΓûêΓûêΓûê     | 2551/5000 [8:12:58<9:30:24, 13.97s/ep, cand 2550 | r0 pass 861/2533 | 
episodes solved 861 | queue r0 2450 reprompt 0 | verifying 0 | 13.4 s/proposal] 
first proposals:  51%|ΓûêΓûêΓûêΓûêΓûê     | 2552/5000 [8:13:10<9:16:18, 13.64s/ep, cand 2551 | r0 pass 862/2534 | 
episodes solved 862 | queue r0 2447 reprompt 0 | verifying 2 | 13.0 s/proposal]
first proposals:  51%|ΓûêΓûêΓûêΓûêΓûê     | 2553/5000 [8:13:37<11:12:57, 16.50s/ep, cand 2552 | r0 pass 862/2535 | 
episodes solved 862 | queue r0 2446 reprompt 0 | verifying 2 | 13.1 s/proposal]
first proposals:  51%|ΓûêΓûêΓûêΓûêΓûê     | 2555/5000 [8:14:02<10:08:18, 14.93s/ep, cand 2554 | r0 pass 862/2537 | 
episodes solved 862 | queue r0 2444 reprompt 0 | verifying 2 | 13.1 s/proposal]
first proposals:  51%|ΓûêΓûêΓûêΓûêΓûê     | 2557/5000 [8:14:27<9:34:06, 14.10s/ep, cand 2556 | r0 pass 862/2539 | 
episodes solved 862 | queue r0 2442 reprompt 0 | verifying 2 | 13.1 s/proposal] 
first proposals:  51%|ΓûêΓûêΓûêΓûêΓûê     | 2559/5000 [8:14:54<9:20:50, 13.79s/ep, cand 2558 | r0 pass 863/2541 | 
episodes solved 863 | queue r0 2440 reprompt 0 | verifying 2 | 13.2 s/proposal]
first proposals:  51%|ΓûêΓûêΓûêΓûêΓûê     | 2562/5000 [8:15:22<8:07:24, 12.00s/ep, cand 2561 | r0 pass 864/2544 | 
episodes solved 864 | queue r0 2438 reprompt 0 | verifying 1 | 13.2 s/proposal]
first proposals:  51%|ΓûêΓûêΓûêΓûêΓûêΓûÅ    | 2563/5000 [8:15:50<9:57:41, 14.72s/ep, cand 2562 | r0 pass 865/2545 | 
episodes solved 865 | queue r0 2436 reprompt 0 | verifying 2 | 13.3 s/proposal]
first proposals:  51%|ΓûêΓûêΓûêΓûêΓûêΓûÅ    | 2565/5000 [8:16:14<9:18:06, 13.75s/ep, cand 2564 | r0 pass 865/2547 | 
episodes solved 865 | queue r0 2434 reprompt 0 | verifying 2 | 13.3 s/proposal]
first proposals:  51%|ΓûêΓûêΓûêΓûêΓûêΓûÅ    | 2567/5000 [8:16:37<8:47:47, 13.02s/ep, cand 2566 | r0 pass 865/2549 | 
episodes solved 865 | queue r0 2432 reprompt 0 | verifying 2 | 13.4 s/proposal]
first proposals:  51%|ΓûêΓûêΓûêΓûêΓûêΓûÅ    | 2569/5000 [8:17:00<8:29:34, 12.58s/ep, cand 2568 | r0 pass 865/2551 | 
episodes solved 865 | queue r0 2430 reprompt 0 | verifying 2 | 13.4 s/proposal]
first proposals:  51%|ΓûêΓûêΓûêΓûêΓûêΓûÅ    | 2570/5000 [8:17:15<8:50:07, 13.09s/ep, cand 2569 | r0 pass 866/2552 | 
episodes solved 866 | queue r0 2428 reprompt 0 | verifying 3 | 13.4 s/proposal]
first proposals:  51%|ΓûêΓûêΓûêΓûêΓûêΓûÅ    | 2572/5000 [8:17:30<7:28:30, 11.08s/ep, cand 2571 | r0 pass 867/2554 | 
episodes solved 867 | queue r0 2427 reprompt 0 | verifying 2 | 13.5 s/proposal]
first proposals:  51%|ΓûêΓûêΓûêΓûêΓûêΓûÅ    | 2573/5000 [8:17:54<9:09:28, 13.58s/ep, cand 2572 | r0 pass 868/2555 | 
episodes solved 868 | queue r0 2426 reprompt 0 | verifying 2 | 13.5 s/proposal]
first proposals:  51%|ΓûêΓûêΓûêΓûêΓûêΓûÅ    | 2574/5000 [8:18:10<9:37:13, 14.28s/ep, cand 2573 | r0 pass 868/2556 | 
episodes solved 868 | queue r0 2424 reprompt 0 | verifying 3 | 13.5 s/proposal]
first proposals:  52%|ΓûêΓûêΓûêΓûêΓûêΓûÅ    | 2575/5000 [8:18:20<8:53:22, 13.20s/ep, cand 2574 | r0 pass 868/2557 | 
episodes solved 868 | queue r0 2423 reprompt 0 | verifying 3 | 13.5 s/proposal]
first proposals:  52%|ΓûêΓûêΓûêΓûêΓûêΓûÅ    | 2577/5000 [8:18:31<6:48:02, 10.10s/ep, cand 2576 | r0 pass 868/2559 | 
episodes solved 868 | queue r0 2422 reprompt 0 | verifying 2 | 13.4 s/proposal]
first proposals:  52%|ΓûêΓûêΓûêΓûêΓûêΓûÅ    | 2578/5000 [8:18:54<8:39:01, 12.86s/ep, cand 2577 | r0 pass 868/2560 | 
episodes solved 868 | queue r0 2421 reprompt 0 | verifying 2 | 13.4 s/proposal]
first proposals:  52%|ΓûêΓûêΓûêΓûêΓûêΓûÅ    | 2579/5000 [8:19:07<8:41:24, 12.92s/ep, cand 2578 | r0 pass 869/2561 | 
episodes solved 869 | queue r0 2419 reprompt 0 | verifying 3 | 13.3 s/proposal]
first proposals:  52%|ΓûêΓûêΓûêΓûêΓûêΓûÅ    | 2581/5000 [8:19:17<6:34:45,  9.79s/ep, cand 2580 | r0 pass 870/2563 | 
episodes solved 870 | queue r0 2418 reprompt 0 | verifying 2 | 13.4 s/proposal]
first proposals:  52%|ΓûêΓûêΓûêΓûêΓûêΓûÅ    | 2583/5000 [8:19:51<8:19:40, 12.40s/ep, cand 2582 | r0 pass 871/2565 | 
episodes solved 871 | queue r0 2417 reprompt 0 | verifying 1 | 13.3 s/proposal]
first proposals:  52%|ΓûêΓûêΓûêΓûêΓûêΓûÅ    | 2585/5000 [8:20:14<8:05:07, 12.05s/ep, cand 2584 | r0 pass 872/2567 | 
episodes solved 872 | queue r0 2414 reprompt 0 | verifying 2 | 13.3 s/proposal]
first proposals:  52%|ΓûêΓûêΓûêΓûêΓûêΓûÅ    | 2586/5000 [8:20:29<8:26:37, 12.59s/ep, cand 2585 | r0 pass 873/2568 | 
episodes solved 873 | queue r0 2412 reprompt 0 | verifying 3 | 13.1 s/proposal]
first proposals:  52%|ΓûêΓûêΓûêΓûêΓûêΓûÅ    | 2588/5000 [8:20:57<8:48:08, 13.14s/ep, cand 2587 | r0 pass 874/2570 | 
episodes solved 874 | queue r0 2411 reprompt 0 | verifying 2 | 13.1 s/proposal]
first proposals:  52%|ΓûêΓûêΓûêΓûêΓûêΓûÅ    | 2589/5000 [8:21:10<8:52:02, 13.24s/ep, cand 2588 | r0 pass 874/2571 | 
episodes solved 874 | queue r0 2409 reprompt 0 | verifying 3 | 12.6 s/proposal]
first proposals:  52%|ΓûêΓûêΓûêΓûêΓûêΓûÅ    | 2591/5000 [8:21:23<7:08:12, 10.67s/ep, cand 2590 | r0 pass 875/2573 | 
episodes solved 875 | queue r0 2408 reprompt 0 | verifying 2 | 12.7 s/proposal]
first proposals:  52%|ΓûêΓûêΓûêΓûêΓûêΓûÅ    | 2592/5000 [8:21:47<9:03:20, 13.54s/ep, cand 2591 | r0 pass 875/2574 | 
episodes solved 875 | queue r0 2407 reprompt 0 | verifying 2 | 12.8 s/proposal]
first proposals:  52%|ΓûêΓûêΓûêΓûêΓûêΓûÅ    | 2594/5000 [8:22:12<8:46:29, 13.13s/ep, cand 2593 | r0 pass 875/2576 | 
episodes solved 875 | queue r0 2405 reprompt 0 | verifying 2 | 12.8 s/proposal]
first proposals:  52%|ΓûêΓûêΓûêΓûêΓûêΓûÅ    | 2595/5000 [8:22:24<8:31:28, 12.76s/ep, cand 2594 | r0 pass 875/2577 | 
episodes solved 875 | queue r0 2403 reprompt 0 | verifying 3 | 12.8 s/proposal]
first proposals:  52%|ΓûêΓûêΓûêΓûêΓûêΓûÅ    | 2597/5000 [8:22:50<8:39:56, 12.98s/ep, cand 2596 | r0 pass 876/2579 | 
episodes solved 876 | queue r0 2402 reprompt 0 | verifying 2 | 12.9 s/proposal]
first proposals:  52%|ΓûêΓûêΓûêΓûêΓûêΓûÅ    | 2599/5000 [8:23:03<7:04:13, 10.60s/ep, cand 2598 | r0 pass 878/2581 | 
episodes solved 878 | queue r0 2400 reprompt 0 | verifying 2 | 12.4 s/proposal]
first proposals:  52%|ΓûêΓûêΓûêΓûêΓûêΓûÅ    | 2600/5000 [8:23:13<7:01:29, 10.54s/ep, cand 2599 | r0 pass 878/2582 | 
episodes solved 878 | queue r0 2399 reprompt 0 | verifying 2 | 12.5 s/proposal]
first proposals:  52%|ΓûêΓûêΓûêΓûêΓûêΓûÅ    | 2601/5000 [8:23:36<8:52:58, 13.33s/ep, cand 2600 | r0 pass 878/2583 | 
episodes solved 878 | queue r0 2398 reprompt 0 | verifying 2 | 12.5 s/proposal]
first proposals:  52%|ΓûêΓûêΓûêΓûêΓûêΓûÅ    | 2603/5000 [8:23:50<7:13:57, 10.86s/ep, cand 2602 | r0 pass 879/2585 | 
episodes solved 879 | queue r0 2396 reprompt 0 | verifying 2 | 12.5 s/proposal]
first proposals:  52%|ΓûêΓûêΓûêΓûêΓûêΓûÅ    | 2604/5000 [8:24:18<9:40:32, 14.54s/ep, cand 2603 | r0 pass 879/2586 | 
episodes solved 879 | queue r0 2395 reprompt 0 | verifying 2 | 12.5 s/proposal]
first proposals:  52%|ΓûêΓûêΓûêΓûêΓûêΓûÅ    | 2607/5000 [8:25:03<9:48:51, 14.76s/ep, cand 2606 | r0 pass 879/2589 | 
episodes solved 879 | queue r0 2393 reprompt 0 | verifying 1 | 12.6 s/proposal]
first proposals:  52%|ΓûêΓûêΓûêΓûêΓûêΓûÅ    | 2610/5000 [8:25:20<7:20:14, 11.05s/ep, cand 2609 | r0 pass 879/2592 | 
episodes solved 879 | queue r0 2389 reprompt 0 | verifying 2 | 12.4 s/proposal]
first proposals:  52%|ΓûêΓûêΓûêΓûêΓûêΓûÅ    | 2611/5000 [8:25:46<8:57:10, 13.49s/ep, cand 2610 | r0 pass 880/2593 | 
episodes solved 880 | queue r0 2388 reprompt 0 | verifying 2 | 12.5 s/proposal]
first proposals:  52%|ΓûêΓûêΓûêΓûêΓûêΓûÅ    | 2612/5000 [8:26:00<9:03:49, 13.66s/ep, cand 2611 | r0 pass 880/2594 | 
episodes solved 880 | queue r0 2386 reprompt 0 | verifying 3 | 12.4 s/proposal]
first proposals:  52%|ΓûêΓûêΓûêΓûêΓûêΓûÅ    | 2613/5000 [8:26:17<9:25:22, 14.21s/ep, cand 2612 | r0 pass 880/2595 | 
episodes solved 880 | queue r0 2385 reprompt 0 | verifying 3 | 12.4 s/proposal]
first proposals:  52%|ΓûêΓûêΓûêΓûêΓûêΓûÅ    | 2614/5000 [8:26:53<12:53:35, 19.45s/ep, cand 2613 | r0 pass 881/2596 | 
episodes solved 881 | queue r0 2384 reprompt 0 | verifying 3 | 12.5 s/proposal]
first proposals:  52%|ΓûêΓûêΓûêΓûêΓûêΓûÅ    | 2616/5000 [8:27:08<9:40:58, 14.62s/ep, cand 2615 | r0 pass 881/2598 | 
episodes solved 881 | queue r0 2382 reprompt 0 | verifying 3 | 12.7 s/proposal] 
first proposals:  52%|ΓûêΓûêΓûêΓûêΓûêΓûÅ    | 2617/5000 [8:27:20<9:19:21, 14.08s/ep, cand 2616 | r0 pass 882/2599 | 
episodes solved 882 | queue r0 2381 reprompt 0 | verifying 3 | 12.8 s/proposal]
first proposals:  52%|ΓûêΓûêΓûêΓûêΓûêΓûÅ    | 2618/5000 [8:27:31<8:46:27, 13.26s/ep, cand 2617 | r0 pass 882/2600 | 
episodes solved 882 | queue r0 2380 reprompt 0 | verifying 3 | 12.8 s/proposal]
first proposals:  52%|ΓûêΓûêΓûêΓûêΓûêΓûÅ    | 2619/5000 [8:27:43<8:31:02, 12.88s/ep, cand 2618 | r0 pass 883/2601 | 
episodes solved 883 | queue r0 2379 reprompt 0 | verifying 3 | 12.8 s/proposal]
first proposals:  52%|ΓûêΓûêΓûêΓûêΓûêΓûÅ    | 2621/5000 [8:28:06<8:14:47, 12.48s/ep, cand 2620 | r0 pass 883/2603 | 
episodes solved 883 | queue r0 2378 reprompt 0 | verifying 2 | 12.8 s/proposal]
first proposals:  52%|ΓûêΓûêΓûêΓûêΓûêΓûÅ    | 2622/5000 [8:28:19<8:17:28, 12.55s/ep, cand 2621 | r0 pass 884/2604 | 
episodes solved 884 | queue r0 2376 reprompt 0 | verifying 3 | 12.7 s/proposal]
first proposals:  52%|ΓûêΓûêΓûêΓûêΓûêΓûÅ    | 2623/5000 [8:28:31<8:11:01, 12.39s/ep, cand 2622 | r0 pass 884/2605 | 
episodes solved 884 | queue r0 2375 reprompt 0 | verifying 3 | 12.7 s/proposal]
first proposals:  52%|ΓûêΓûêΓûêΓûêΓûêΓûÅ    | 2624/5000 [8:28:45<8:27:00, 12.80s/ep, cand 2623 | r0 pass 884/2606 | 
episodes solved 884 | queue r0 2374 reprompt 0 | verifying 3 | 12.7 s/proposal]
first proposals:  52%|ΓûêΓûêΓûêΓûêΓûêΓûÄ    | 2625/5000 [8:28:57<8:12:48, 12.45s/ep, cand 2624 | r0 pass 885/2607 | 
episodes solved 885 | queue r0 2373 reprompt 0 | verifying 3 | 12.6 s/proposal]
first proposals:  53%|ΓûêΓûêΓûêΓûêΓûêΓûÄ    | 2626/5000 [8:29:10<8:19:47, 12.63s/ep, cand 2625 | r0 pass 886/2608 | 
episodes solved 886 | queue r0 2372 reprompt 0 | verifying 3 | 12.7 s/proposal]
first proposals:  53%|ΓûêΓûêΓûêΓûêΓûêΓûÄ    | 2629/5000 [8:29:45<7:59:36, 12.14s/ep, cand 2628 | r0 pass 887/2611 | 
episodes solved 887 | queue r0 2371 reprompt 0 | verifying 1 | 12.7 s/proposal]
first proposals:  53%|ΓûêΓûêΓûêΓûêΓûêΓûÄ    | 2630/5000 [8:29:58<8:08:30, 12.37s/ep, cand 2629 | r0 pass 887/2612 | 
episodes solved 887 | queue r0 2368 reprompt 0 | verifying 3 | 12.7 s/proposal]
first proposals:  53%|ΓûêΓûêΓûêΓûêΓûêΓûÄ    | 2631/5000 [8:30:28<10:44:12, 16.32s/ep, cand 2630 | r0 pass 888/2613 | 
episodes solved 888 | queue r0 2367 reprompt 0 | verifying 3 | 12.8 s/proposal]
first proposals:  53%|ΓûêΓûêΓûêΓûêΓûêΓûÄ    | 2634/5000 [8:30:54<8:12:16, 12.48s/ep, cand 2633 | r0 pass 888/2616 | 
episodes solved 888 | queue r0 2365 reprompt 0 | verifying 2 | 12.9 s/proposal] 
first proposals:  53%|ΓûêΓûêΓûêΓûêΓûêΓûÄ    | 2635/5000 [8:31:06<8:09:30, 12.42s/ep, cand 2634 | r0 pass 888/2617 | 
episodes solved 888 | queue r0 2363 reprompt 0 | verifying 3 | 13.0 s/proposal]
first proposals:  53%|ΓûêΓûêΓûêΓûêΓûêΓûÄ    | 2636/5000 [8:31:25<9:04:46, 13.83s/ep, cand 2635 | r0 pass 888/2618 | 
episodes solved 888 | queue r0 2362 reprompt 0 | verifying 3 | 13.0 s/proposal]
first proposals:  53%|ΓûêΓûêΓûêΓûêΓûêΓûÄ    | 2637/5000 [8:31:38<9:01:31, 13.75s/ep, cand 2636 | r0 pass 889/2619 | 
episodes solved 889 | queue r0 2361 reprompt 0 | verifying 3 | 13.1 s/proposal]
first proposals:  53%|ΓûêΓûêΓûêΓûêΓûêΓûÄ    | 2639/5000 [8:31:49<6:50:48, 10.44s/ep, cand 2638 | r0 pass 889/2621 | 
episodes solved 889 | queue r0 2360 reprompt 0 | verifying 2 | 13.0 s/proposal]
first proposals:  53%|ΓûêΓûêΓûêΓûêΓûêΓûÄ    | 2640/5000 [8:32:15<9:04:45, 13.85s/ep, cand 2639 | r0 pass 890/2622 | 
episodes solved 890 | queue r0 2359 reprompt 0 | verifying 2 | 13.0 s/proposal]
first proposals:  53%|ΓûêΓûêΓûêΓûêΓûêΓûÄ    | 2642/5000 [8:32:28<7:16:18, 11.10s/ep, cand 2641 | r0 pass 891/2624 | 
episodes solved 891 | queue r0 2357 reprompt 0 | verifying 2 | 13.0 s/proposal]
first proposals:  53%|ΓûêΓûêΓûêΓûêΓûêΓûÄ    | 2643/5000 [8:32:56<9:36:06, 14.67s/ep, cand 2642 | r0 pass 891/2625 | 
episodes solved 891 | queue r0 2356 reprompt 0 | verifying 2 | 13.0 s/proposal]
first proposals:  53%|ΓûêΓûêΓûêΓûêΓûêΓûÄ    | 2645/5000 [8:33:07<7:16:20, 11.12s/ep, cand 2644 | r0 pass 891/2627 | 
episodes solved 891 | queue r0 2354 reprompt 0 | verifying 2 | 13.1 s/proposal]
first proposals:  53%|ΓûêΓûêΓûêΓûêΓûêΓûÄ    | 2646/5000 [8:33:29<8:53:04, 13.59s/ep, cand 2645 | r0 pass 891/2628 | 
episodes solved 891 | queue r0 2353 reprompt 0 | verifying 2 | 13.0 s/proposal]
first proposals:  53%|ΓûêΓûêΓûêΓûêΓûêΓûÄ    | 2648/5000 [8:34:08<10:18:56, 15.79s/ep, cand 2647 | r0 pass 892/2630 | 
episodes solved 892 | queue r0 2351 reprompt 0 | verifying 2 | 13.1 s/proposal]
first proposals:  53%|ΓûêΓûêΓûêΓûêΓûêΓûÄ    | 2651/5000 [8:34:47<9:25:38, 14.45s/ep, cand 2650 | r0 pass 892/2632 | 
episodes solved 892 | queue r0 2350 reprompt 0 | verifying 0 | 13.5 s/proposal] 
first proposals:  53%|ΓûêΓûêΓûêΓûêΓûêΓûÄ    | 2652/5000 [8:35:26<12:14:39, 18.77s/ep, cand 2651 | r0 pass 893/2633 | 
episodes solved 893 | queue r0 2347 reprompt 0 | verifying 2 | 13.6 s/proposal]
first proposals:  53%|ΓûêΓûêΓûêΓûêΓûêΓûÄ    | 2654/5000 [8:35:42<9:58:19, 15.30s/ep, cand 2653 | r0 pass 894/2635 | 
episodes solved 894 | queue r0 2345 reprompt 0 | verifying 2 | 13.9 s/proposal] 
first proposals:  53%|ΓûêΓûêΓûêΓûêΓûêΓûÄ    | 2655/5000 [8:35:59<10:06:01, 15.51s/ep, cand 2654 | r0 pass 894/2636 | 
episodes solved 894 | queue r0 2344 reprompt 0 | verifying 2 | 14.0 s/proposal]
first proposals:  53%|ΓûêΓûêΓûêΓûêΓûêΓûÄ    | 2656/5000 [8:36:10<9:31:21, 14.63s/ep, cand 2655 | r0 pass 894/2637 | 
episodes solved 894 | queue r0 2343 reprompt 0 | verifying 2 | 14.0 s/proposal] 
first proposals:  53%|ΓûêΓûêΓûêΓûêΓûêΓûÄ    | 2657/5000 [8:36:23<9:17:41, 14.28s/ep, cand 2656 | r0 pass 894/2638 | 
episodes solved 894 | queue r0 2342 reprompt 0 | verifying 2 | 14.0 s/proposal]
first proposals:  53%|ΓûêΓûêΓûêΓûêΓûêΓûÄ    | 2658/5000 [8:36:37<9:06:33, 14.00s/ep, cand 2657 | r0 pass 894/2639 | 
episodes solved 894 | queue r0 2341 reprompt 0 | verifying 2 | 14.1 s/proposal]
first proposals:  53%|ΓûêΓûêΓûêΓûêΓûêΓûÄ    | 2659/5000 [8:37:01<10:57:24, 16.85s/ep, cand 2658 | r0 pass 894/2640 | 
episodes solved 894 | queue r0 2340 reprompt 0 | verifying 2 | 14.1 s/proposal]
first proposals:  53%|ΓûêΓûêΓûêΓûêΓûêΓûÄ    | 2660/5000 [8:37:14<10:12:11, 15.70s/ep, cand 2659 | r0 pass 895/2641 | 
episodes solved 895 | queue r0 2338 reprompt 0 | verifying 3 | 14.0 s/proposal]
first proposals:  53%|ΓûêΓûêΓûêΓûêΓûêΓûÄ    | 2662/5000 [8:37:56<11:45:41, 18.11s/ep, cand 2661 | r0 pass 896/2643 | 
episodes solved 896 | queue r0 2337 reprompt 0 | verifying 2 | 14.0 s/proposal]
first proposals:  53%|ΓûêΓûêΓûêΓûêΓûêΓûÄ    | 2664/5000 [8:38:36<12:10:31, 18.76s/ep, cand 2663 | r0 pass 898/2645 | 
episodes solved 898 | queue r0 2334 reprompt 0 | verifying 3 | 13.9 s/proposal]
first proposals:  53%|ΓûêΓûêΓûêΓûêΓûêΓûÄ    | 2668/5000 [8:39:21<9:36:03, 14.82s/ep, cand 2667 | r0 pass 899/2648 | 
episodes solved 899 | queue r0 2333 reprompt 0 | verifying 0 | 14.4 s/proposal] 
first proposals:  53%|ΓûêΓûêΓûêΓûêΓûêΓûÄ    | 2669/5000 [8:39:32<9:13:21, 14.24s/ep, cand 2668 | r0 pass 899/2649 | 
episodes solved 899 | queue r0 2329 reprompt 0 | verifying 3 | 14.2 s/proposal]
first proposals:  53%|ΓûêΓûêΓûêΓûêΓûêΓûÄ    | 2670/5000 [8:39:47<9:21:11, 14.45s/ep, cand 2669 | r0 pass 899/2650 | 
episodes solved 899 | queue r0 2328 reprompt 0 | verifying 3 | 14.1 s/proposal]
first proposals:  53%|ΓûêΓûêΓûêΓûêΓûêΓûÄ    | 2671/5000 [8:40:00<9:02:38, 13.98s/ep, cand 2670 | r0 pass 900/2651 | 
episodes solved 900 | queue r0 2327 reprompt 0 | verifying 3 | 14.2 s/proposal]
first proposals:  53%|ΓûêΓûêΓûêΓûêΓûêΓûÄ    | 2673/5000 [8:40:32<9:32:19, 14.76s/ep, cand 2672 | r0 pass 900/2653 | 
episodes solved 900 | queue r0 2326 reprompt 0 | verifying 2 | 14.2 s/proposal]
first proposals:  54%|ΓûêΓûêΓûêΓûêΓûêΓûÄ    | 2675/5000 [8:40:57<9:02:16, 13.99s/ep, cand 2674 | r0 pass 901/2655 | 
episodes solved 901 | queue r0 2324 reprompt 0 | verifying 2 | 14.4 s/proposal]
first proposals:  54%|ΓûêΓûêΓûêΓûêΓûêΓûÄ    | 2676/5000 [8:41:10<8:56:56, 13.86s/ep, cand 2675 | r0 pass 901/2656 | 
episodes solved 901 | queue r0 2322 reprompt 0 | verifying 3 | 14.4 s/proposal]
first proposals:  54%|ΓûêΓûêΓûêΓûêΓûêΓûÄ    | 2677/5000 [8:41:23<8:43:57, 13.53s/ep, cand 2676 | r0 pass 901/2657 | 
episodes solved 901 | queue r0 2321 reprompt 0 | verifying 3 | 14.4 s/proposal]
first proposals:  54%|ΓûêΓûêΓûêΓûêΓûêΓûÄ    | 2678/5000 [8:41:35<8:32:57, 13.25s/ep, cand 2677 | r0 pass 901/2658 | 
episodes solved 901 | queue r0 2320 reprompt 0 | verifying 3 | 14.4 s/proposal]
first proposals:  54%|ΓûêΓûêΓûêΓûêΓûêΓûÄ    | 2679/5000 [8:41:47<8:21:50, 12.97s/ep, cand 2678 | r0 pass 901/2659 | 
episodes solved 901 | queue r0 2319 reprompt 0 | verifying 3 | 14.4 s/proposal]
first proposals:  54%|ΓûêΓûêΓûêΓûêΓûêΓûÄ    | 2680/5000 [8:42:01<8:28:01, 13.14s/ep, cand 2679 | r0 pass 901/2660 | 
episodes solved 901 | queue r0 2318 reprompt 0 | verifying 3 | 14.4 s/proposal]
first proposals:  54%|ΓûêΓûêΓûêΓûêΓûêΓûÄ    | 2681/5000 [8:42:16<8:49:44, 13.71s/ep, cand 2680 | r0 pass 902/2661 | 
episodes solved 902 | queue r0 2317 reprompt 0 | verifying 3 | 14.4 s/proposal]
first proposals:  54%|ΓûêΓûêΓûêΓûêΓûêΓûÄ    | 2682/5000 [8:42:27<8:26:52, 13.12s/ep, cand 2681 | r0 pass 902/2662 | 
episodes solved 902 | queue r0 2316 reprompt 0 | verifying 3 | 14.4 s/proposal]
first proposals:  54%|ΓûêΓûêΓûêΓûêΓûêΓûÄ    | 2684/5000 [8:42:50<7:53:00, 12.25s/ep, cand 2683 | r0 pass 904/2664 | 
episodes solved 904 | queue r0 2315 reprompt 0 | verifying 2 | 14.3 s/proposal]
first proposals:  54%|ΓûêΓûêΓûêΓûêΓûêΓûÄ    | 2686/5000 [8:43:01<6:13:19,  9.68s/ep, cand 2685 | r0 pass 905/2666 | 
episodes solved 905 | queue r0 2313 reprompt 0 | verifying 2 | 14.3 s/proposal]
first proposals:  54%|ΓûêΓûêΓûêΓûêΓûêΓûÄ    | 2687/5000 [8:43:17<7:07:17, 11.08s/ep, cand 2686 | r0 pass 905/2667 | 
episodes solved 905 | queue r0 2312 reprompt 0 | verifying 2 | 14.3 s/proposal]
first proposals:  54%|ΓûêΓûêΓûêΓûêΓûêΓûì    | 2688/5000 [8:43:48<10:02:07, 15.63s/ep, cand 2687 | r0 pass 905/2668 | 
episodes solved 905 | queue r0 2311 reprompt 0 | verifying 2 | 14.2 s/proposal]
first proposals:  54%|ΓûêΓûêΓûêΓûêΓûêΓûì    | 2690/5000 [8:43:59<7:25:56, 11.58s/ep, cand 2689 | r0 pass 906/2670 | 
episodes solved 906 | queue r0 2309 reprompt 0 | verifying 2 | 14.3 s/proposal] 
first proposals:  54%|ΓûêΓûêΓûêΓûêΓûêΓûì    | 2691/5000 [8:44:10<7:25:10, 11.57s/ep, cand 2690 | r0 pass 907/2671 | 
episodes solved 907 | queue r0 2308 reprompt 0 | verifying 2 | 14.3 s/proposal]
first proposals:  54%|ΓûêΓûêΓûêΓûêΓûêΓûì    | 2692/5000 [8:44:25<7:53:40, 12.31s/ep, cand 2691 | r0 pass 907/2672 | 
episodes solved 907 | queue r0 2307 reprompt 0 | verifying 2 | 14.3 s/proposal]
first proposals:  54%|ΓûêΓûêΓûêΓûêΓûêΓûì    | 2693/5000 [8:44:54<10:43:35, 16.74s/ep, cand 2692 | r0 pass 907/2673 | 
episodes solved 907 | queue r0 2306 reprompt 0 | verifying 2 | 14.3 s/proposal]
first proposals:  54%|ΓûêΓûêΓûêΓûêΓûêΓûì    | 2695/5000 [8:45:18<9:22:33, 14.64s/ep, cand 2694 | r0 pass 908/2675 | 
episodes solved 908 | queue r0 2304 reprompt 0 | verifying 2 | 14.3 s/proposal] 
first proposals:  54%|ΓûêΓûêΓûêΓûêΓûêΓûì    | 2696/5000 [8:45:33<9:25:11, 14.72s/ep, cand 2695 | r0 pass 909/2676 | 
episodes solved 909 | queue r0 2302 reprompt 0 | verifying 3 | 14.4 s/proposal]
first proposals:  54%|ΓûêΓûêΓûêΓûêΓûêΓûì    | 2697/5000 [8:45:46<9:07:52, 14.27s/ep, cand 2696 | r0 pass 909/2677 | 
episodes solved 909 | queue r0 2301 reprompt 0 | verifying 3 | 14.4 s/proposal]
first proposals:  54%|ΓûêΓûêΓûêΓûêΓûêΓûì    | 2698/5000 [8:46:03<9:40:50, 15.14s/ep, cand 2697 | r0 pass 910/2678 | 
episodes solved 910 | queue r0 2300 reprompt 0 | verifying 3 | 13.9 s/proposal]
first proposals:  54%|ΓûêΓûêΓûêΓûêΓûêΓûì    | 2699/5000 [8:46:19<9:48:19, 15.34s/ep, cand 2698 | r0 pass 910/2679 | 
episodes solved 910 | queue r0 2299 reprompt 0 | verifying 3 | 14.0 s/proposal]
first proposals:  54%|ΓûêΓûêΓûêΓûêΓûêΓûì    | 2700/5000 [8:46:32<9:14:48, 14.47s/ep, cand 2699 | r0 pass 910/2680 | 
episodes solved 910 | queue r0 2298 reprompt 0 | verifying 3 | 14.1 s/proposal]
first proposals:  54%|ΓûêΓûêΓûêΓûêΓûêΓûì    | 2702/5000 [8:46:43<6:44:01, 10.55s/ep, cand 2701 | r0 pass 910/2682 | 
episodes solved 910 | queue r0 2297 reprompt 0 | verifying 2 | 14.1 s/proposal]
first proposals:  54%|ΓûêΓûêΓûêΓûêΓûêΓûì    | 2703/5000 [8:46:56<7:06:05, 11.13s/ep, cand 2702 | r0 pass 910/2683 | 
episodes solved 910 | queue r0 2296 reprompt 0 | verifying 2 | 13.8 s/proposal]
first proposals:  54%|ΓûêΓûêΓûêΓûêΓûêΓûì    | 2704/5000 [8:47:20<9:13:28, 14.46s/ep, cand 2703 | r0 pass 910/2684 | 
episodes solved 910 | queue r0 2295 reprompt 0 | verifying 2 | 13.8 s/proposal]
first proposals:  54%|ΓûêΓûêΓûêΓûêΓûêΓûì    | 2706/5000 [8:47:30<6:39:23, 10.45s/ep, cand 2705 | r0 pass 910/2686 | 
episodes solved 910 | queue r0 2293 reprompt 0 | verifying 2 | 13.6 s/proposal]
first proposals:  54%|ΓûêΓûêΓûêΓûêΓûêΓûì    | 2707/5000 [8:47:55<8:46:54, 13.79s/ep, cand 2706 | r0 pass 910/2687 | 
episodes solved 910 | queue r0 2292 reprompt 0 | verifying 2 | 13.5 s/proposal]
first proposals:  54%|ΓûêΓûêΓûêΓûêΓûêΓûì    | 2708/5000 [8:48:13<9:26:59, 14.84s/ep, cand 2707 | r0 pass 911/2688 | 
episodes solved 911 | queue r0 2290 reprompt 0 | verifying 3 | 13.5 s/proposal]
first proposals:  54%|ΓûêΓûêΓûêΓûêΓûêΓûì    | 2710/5000 [8:48:35<8:23:34, 13.19s/ep, cand 2709 | r0 pass 912/2690 | 
episodes solved 912 | queue r0 2289 reprompt 0 | verifying 2 | 13.6 s/proposal]
first proposals:  54%|ΓûêΓûêΓûêΓûêΓûêΓûì    | 2711/5000 [8:48:57<9:47:03, 15.39s/ep, cand 2710 | r0 pass 912/2691 | 
episodes solved 912 | queue r0 2288 reprompt 0 | verifying 2 | 13.8 s/proposal]
first proposals:  54%|ΓûêΓûêΓûêΓûêΓûêΓûì    | 2713/5000 [8:49:11<7:39:08, 12.05s/ep, cand 2712 | r0 pass 912/2693 | 
episodes solved 912 | queue r0 2286 reprompt 0 | verifying 2 | 13.7 s/proposal]
first proposals:  54%|ΓûêΓûêΓûêΓûêΓûêΓûì    | 2715/5000 [8:49:50<9:22:03, 14.76s/ep, cand 2714 | r0 pass 912/2695 | 
episodes solved 912 | queue r0 2285 reprompt 0 | verifying 1 | 13.8 s/proposal]
first proposals:  54%|ΓûêΓûêΓûêΓûêΓûêΓûì    | 2716/5000 [8:50:02<8:57:10, 14.11s/ep, cand 2715 | r0 pass 912/2696 | 
episodes solved 912 | queue r0 2282 reprompt 0 | verifying 3 | 13.2 s/proposal]
first proposals:  54%|ΓûêΓûêΓûêΓûêΓûêΓûì    | 2718/5000 [8:50:14<7:04:03, 11.15s/ep, cand 2717 | r0 pass 913/2698 | 
episodes solved 913 | queue r0 2281 reprompt 0 | verifying 2 | 13.3 s/proposal]
first proposals:  54%|ΓûêΓûêΓûêΓûêΓûêΓûì    | 2719/5000 [8:50:40<9:03:33, 14.30s/ep, cand 2718 | r0 pass 914/2699 | 
episodes solved 914 | queue r0 2280 reprompt 0 | verifying 2 | 13.3 s/proposal]
first proposals:  54%|ΓûêΓûêΓûêΓûêΓûêΓûì    | 2720/5000 [8:50:54<8:53:32, 14.04s/ep, cand 2719 | r0 pass 915/2700 | 
episodes solved 915 | queue r0 2278 reprompt 0 | verifying 3 | 13.3 s/proposal]
first proposals:  54%|ΓûêΓûêΓûêΓûêΓûêΓûì    | 2721/5000 [8:51:04<8:18:06, 13.11s/ep, cand 2720 | r0 pass 915/2701 | 
episodes solved 915 | queue r0 2277 reprompt 0 | verifying 3 | 13.3 s/proposal]
first proposals:  54%|ΓûêΓûêΓûêΓûêΓûêΓûì    | 2722/5000 [8:51:34<11:07:43, 17.59s/ep, cand 2721 | r0 pass 916/2702 | 
episodes solved 916 | queue r0 2276 reprompt 0 | verifying 3 | 13.2 s/proposal]
first proposals:  54%|ΓûêΓûêΓûêΓûêΓûêΓûì    | 2724/5000 [8:51:47<8:06:19, 12.82s/ep, cand 2723 | r0 pass 917/2704 | 
episodes solved 917 | queue r0 2274 reprompt 0 | verifying 3 | 13.2 s/proposal] 
first proposals:  55%|ΓûêΓûêΓûêΓûêΓûêΓûì    | 2726/5000 [8:52:10<7:44:31, 12.26s/ep, cand 2725 | r0 pass 918/2706 | 
episodes solved 918 | queue r0 2273 reprompt 0 | verifying 2 | 13.2 s/proposal]
first proposals:  55%|ΓûêΓûêΓûêΓûêΓûêΓûì    | 2728/5000 [8:52:34<7:46:10, 12.31s/ep, cand 2727 | r0 pass 919/2708 | 
episodes solved 919 | queue r0 2271 reprompt 0 | verifying 2 | 13.1 s/proposal]
first proposals:  55%|ΓûêΓûêΓûêΓûêΓûêΓûì    | 2729/5000 [8:52:46<7:42:44, 12.23s/ep, cand 2728 | r0 pass 920/2709 | 
episodes solved 920 | queue r0 2269 reprompt 0 | verifying 3 | 13.1 s/proposal]
first proposals:  55%|ΓûêΓûêΓûêΓûêΓûêΓûì    | 2731/5000 [8:53:01<6:32:41, 10.38s/ep, cand 2730 | r0 pass 921/2711 | 
episodes solved 921 | queue r0 2268 reprompt 0 | verifying 2 | 13.1 s/proposal]
first proposals:  55%|ΓûêΓûêΓûêΓûêΓûêΓûì    | 2732/5000 [8:53:23<8:02:53, 12.77s/ep, cand 2731 | r0 pass 922/2712 | 
episodes solved 922 | queue r0 2267 reprompt 0 | verifying 2 | 13.2 s/proposal]
first proposals:  55%|ΓûêΓûêΓûêΓûêΓûêΓûì    | 2734/5000 [8:53:58<9:10:45, 14.58s/ep, cand 2733 | r0 pass 922/2714 | 
episodes solved 922 | queue r0 2266 reprompt 0 | verifying 1 | 13.3 s/proposal]
first proposals:  55%|ΓûêΓûêΓûêΓûêΓûêΓûì    | 2735/5000 [8:54:13<9:16:14, 14.73s/ep, cand 2734 | r0 pass 922/2715 | 
episodes solved 922 | queue r0 2264 reprompt 0 | verifying 2 | 13.6 s/proposal]
first proposals:  55%|ΓûêΓûêΓûêΓûêΓûêΓûì    | 2736/5000 [8:54:26<8:58:58, 14.28s/ep, cand 2735 | r0 pass 922/2716 | 
episodes solved 922 | queue r0 2263 reprompt 0 | verifying 2 | 13.6 s/proposal]
first proposals:  55%|ΓûêΓûêΓûêΓûêΓûêΓûì    | 2738/5000 [8:54:48<8:09:48, 12.99s/ep, cand 2737 | r0 pass 922/2718 | 
episodes solved 922 | queue r0 2262 reprompt 0 | verifying 1 | 13.6 s/proposal]
first proposals:  55%|ΓûêΓûêΓûêΓûêΓûêΓûì    | 2739/5000 [8:55:00<8:01:53, 12.79s/ep, cand 2738 | r0 pass 922/2719 | 
episodes solved 922 | queue r0 2260 reprompt 0 | verifying 2 | 13.5 s/proposal]
first proposals:  55%|ΓûêΓûêΓûêΓûêΓûêΓûì    | 2740/5000 [8:55:24<9:39:26, 15.38s/ep, cand 2739 | r0 pass 923/2720 | 
episodes solved 923 | queue r0 2259 reprompt 0 | verifying 2 | 13.4 s/proposal]
first proposals:  55%|ΓûêΓûêΓûêΓûêΓûêΓûì    | 2742/5000 [8:55:50<9:03:57, 14.45s/ep, cand 2741 | r0 pass 923/2722 | 
episodes solved 923 | queue r0 2257 reprompt 0 | verifying 2 | 13.4 s/proposal]
first proposals:  55%|ΓûêΓûêΓûêΓûêΓûêΓûì    | 2744/5000 [8:56:01<7:03:34, 11.27s/ep, cand 2743 | r0 pass 924/2724 | 
episodes solved 924 | queue r0 2255 reprompt 0 | verifying 2 | 13.4 s/proposal]
first proposals:  55%|ΓûêΓûêΓûêΓûêΓûêΓûì    | 2745/5000 [8:56:25<8:38:32, 13.80s/ep, cand 2744 | r0 pass 924/2725 | 
episodes solved 924 | queue r0 2254 reprompt 0 | verifying 2 | 13.3 s/proposal]
first proposals:  55%|ΓûêΓûêΓûêΓûêΓûêΓûì    | 2746/5000 [8:56:40<8:51:00, 14.14s/ep, cand 2745 | r0 pass 925/2726 | 
episodes solved 925 | queue r0 2252 reprompt 0 | verifying 3 | 13.3 s/proposal]
first proposals:  55%|ΓûêΓûêΓûêΓûêΓûêΓûì    | 2747/5000 [8:56:53<8:38:25, 13.81s/ep, cand 2746 | r0 pass 925/2727 | 
episodes solved 925 | queue r0 2251 reprompt 0 | verifying 3 | 13.3 s/proposal]
first proposals:  55%|ΓûêΓûêΓûêΓûêΓûêΓûì    | 2749/5000 [8:57:06<6:42:22, 10.73s/ep, cand 2748 | r0 pass 926/2729 | 
episodes solved 926 | queue r0 2250 reprompt 0 | verifying 2 | 13.3 s/proposal]
first proposals:  55%|ΓûêΓûêΓûêΓûêΓûêΓûî    | 2750/5000 [8:57:34<9:10:19, 14.68s/ep, cand 2749 | r0 pass 926/2730 | 
episodes solved 926 | queue r0 2249 reprompt 0 | verifying 2 | 13.2 s/proposal]
first proposals:  55%|ΓûêΓûêΓûêΓûêΓûêΓûî    | 2752/5000 [8:57:47<7:07:57, 11.42s/ep, cand 2751 | r0 pass 927/2732 | 
episodes solved 927 | queue r0 2247 reprompt 0 | verifying 2 | 13.2 s/proposal]
first proposals:  55%|ΓûêΓûêΓûêΓûêΓûêΓûî    | 2753/5000 [8:57:56<6:52:16, 11.01s/ep, cand 2752 | r0 pass 927/2733 | 
episodes solved 927 | queue r0 2246 reprompt 0 | verifying 2 | 13.2 s/proposal]
first proposals:  55%|ΓûêΓûêΓûêΓûêΓûêΓûî    | 2754/5000 [8:58:08<7:03:06, 11.30s/ep, cand 2753 | r0 pass 928/2734 | 
episodes solved 928 | queue r0 2245 reprompt 0 | verifying 2 | 13.2 s/proposal]
first proposals:  55%|ΓûêΓûêΓûêΓûêΓûêΓûî    | 2756/5000 [8:58:32<7:11:23, 11.53s/ep, cand 2755 | r0 pass 928/2736 | 
episodes solved 928 | queue r0 2244 reprompt 0 | verifying 1 | 13.2 s/proposal]
first proposals:  55%|ΓûêΓûêΓûêΓûêΓûêΓûî    | 2757/5000 [8:58:45<7:26:22, 11.94s/ep, cand 2756 | r0 pass 928/2737 | 
episodes solved 928 | queue r0 2242 reprompt 0 | verifying 2 | 13.2 s/proposal]
first proposals:  55%|ΓûêΓûêΓûêΓûêΓûêΓûî    | 2758/5000 [8:58:58<7:30:26, 12.05s/ep, cand 2757 | r0 pass 929/2738 | 
episodes solved 929 | queue r0 2241 reprompt 0 | verifying 2 | 13.3 s/proposal]
first proposals:  55%|ΓûêΓûêΓûêΓûêΓûêΓûî    | 2759/5000 [8:59:27<10:18:42, 16.57s/ep, cand 2758 | r0 pass 929/2739 | 
episodes solved 929 | queue r0 2240 reprompt 0 | verifying 2 | 13.2 s/proposal]
first proposals:  55%|ΓûêΓûêΓûêΓûêΓûêΓûî    | 2760/5000 [8:59:56<12:23:22, 19.91s/ep, cand 2759 | r0 pass 929/2740 | 
episodes solved 929 | queue r0 2238 reprompt 0 | verifying 3 | 13.0 s/proposal]
first proposals:  55%|ΓûêΓûêΓûêΓûêΓûêΓûî    | 2761/5000 [9:00:09<11:11:31, 18.00s/ep, cand 2760 | r0 pass 930/2741 | 
episodes solved 930 | queue r0 2236 reprompt 0 | verifying 4 | 13.1 s/proposal]
first proposals:  55%|ΓûêΓûêΓûêΓûêΓûêΓûî    | 2764/5000 [9:00:38<8:22:17, 13.48s/ep, cand 2763 | r0 pass 931/2744 | 
episodes solved 931 | queue r0 2235 reprompt 0 | verifying 2 | 13.1 s/proposal] 
first proposals:  55%|ΓûêΓûêΓûêΓûêΓûêΓûî    | 2767/5000 [9:01:06<7:12:38, 11.63s/ep, cand 2766 | r0 pass 932/2747 | 
episodes solved 932 | queue r0 2233 reprompt 0 | verifying 1 | 13.2 s/proposal]
first proposals:  55%|ΓûêΓûêΓûêΓûêΓûêΓûî    | 2768/5000 [9:01:30<8:32:58, 13.79s/ep, cand 2767 | r0 pass 932/2748 | 
episodes solved 932 | queue r0 2231 reprompt 0 | verifying 2 | 13.2 s/proposal]
first proposals:  55%|ΓûêΓûêΓûêΓûêΓûêΓûî    | 2770/5000 [9:01:56<8:20:10, 13.46s/ep, cand 2769 | r0 pass 933/2750 | 
episodes solved 933 | queue r0 2229 reprompt 0 | verifying 2 | 13.2 s/proposal]
first proposals:  55%|ΓûêΓûêΓûêΓûêΓûêΓûî    | 2772/5000 [9:02:33<9:19:26, 15.07s/ep, cand 2771 | r0 pass 934/2752 | 
episodes solved 934 | queue r0 2227 reprompt 0 | verifying 2 | 13.2 s/proposal]
first proposals:  56%|ΓûêΓûêΓûêΓûêΓûêΓûî    | 2775/5000 [9:03:17<9:11:31, 14.87s/ep, cand 2774 | r0 pass 936/2754 | 
episodes solved 936 | queue r0 2226 reprompt 0 | verifying 0 | 13.7 s/proposal]
first proposals:  56%|ΓûêΓûêΓûêΓûêΓûêΓûî    | 2776/5000 [9:03:41<10:07:56, 16.40s/ep, cand 2775 | r0 pass 936/2755 | 
episodes solved 936 | queue r0 2223 reprompt 0 | verifying 2 | 13.7 s/proposal]
first proposals:  56%|ΓûêΓûêΓûêΓûêΓûêΓûî    | 2777/5000 [9:03:53<9:35:01, 15.52s/ep, cand 2776 | r0 pass 936/2756 | 
episodes solved 936 | queue r0 2221 reprompt 0 | verifying 3 | 13.8 s/proposal] 
first proposals:  56%|ΓûêΓûêΓûêΓûêΓûêΓûî    | 2780/5000 [9:04:26<8:22:11, 13.57s/ep, cand 2779 | r0 pass 938/2759 | 
episodes solved 938 | queue r0 2220 reprompt 0 | verifying 1 | 13.8 s/proposal]
first proposals:  56%|ΓûêΓûêΓûêΓûêΓûêΓûî    | 2782/5000 [9:04:50<8:02:01, 13.04s/ep, cand 2781 | r0 pass 939/2761 | 
episodes solved 939 | queue r0 2217 reprompt 0 | verifying 2 | 13.7 s/proposal]
first proposals:  56%|ΓûêΓûêΓûêΓûêΓûêΓûî    | 2783/5000 [9:04:59<7:39:28, 12.44s/ep, cand 2782 | r0 pass 939/2762 | 
episodes solved 939 | queue r0 2215 reprompt 0 | verifying 3 | 13.3 s/proposal]
first proposals:  56%|ΓûêΓûêΓûêΓûêΓûêΓûî    | 2784/5000 [9:05:14<7:55:01, 12.86s/ep, cand 2783 | r0 pass 939/2763 | 
episodes solved 939 | queue r0 2214 reprompt 0 | verifying 3 | 13.2 s/proposal]
first proposals:  56%|ΓûêΓûêΓûêΓûêΓûêΓûî    | 2787/5000 [9:05:39<6:36:01, 10.74s/ep, cand 2786 | r0 pass 941/2766 | 
episodes solved 941 | queue r0 2213 reprompt 0 | verifying 1 | 13.2 s/proposal]
first proposals:  56%|ΓûêΓûêΓûêΓûêΓûêΓûî    | 2788/5000 [9:05:47<6:18:14, 10.26s/ep, cand 2787 | r0 pass 941/2767 | 
episodes solved 941 | queue r0 2211 reprompt 0 | verifying 2 | 13.2 s/proposal]
first proposals:  56%|ΓûêΓûêΓûêΓûêΓûêΓûî    | 2789/5000 [9:05:59<6:32:42, 10.66s/ep, cand 2788 | r0 pass 941/2768 | 
episodes solved 941 | queue r0 2210 reprompt 0 | verifying 2 | 13.1 s/proposal]
first proposals:  56%|ΓûêΓûêΓûêΓûêΓûêΓûî    | 2790/5000 [9:06:26<8:49:32, 14.38s/ep, cand 2789 | r0 pass 941/2769 | 
episodes solved 941 | queue r0 2209 reprompt 0 | verifying 2 | 13.1 s/proposal]
first proposals:  56%|ΓûêΓûêΓûêΓûêΓûêΓûî    | 2792/5000 [9:06:56<8:55:37, 14.55s/ep, cand 2791 | r0 pass 942/2771 | 
episodes solved 942 | queue r0 2207 reprompt 0 | verifying 2 | 13.2 s/proposal]
first proposals:  56%|ΓûêΓûêΓûêΓûêΓûêΓûî    | 2794/5000 [9:07:08<7:05:00, 11.56s/ep, cand 2793 | r0 pass 942/2773 | 
episodes solved 942 | queue r0 2205 reprompt 0 | verifying 2 | 13.3 s/proposal]
first proposals:  56%|ΓûêΓûêΓûêΓûêΓûêΓûî    | 2795/5000 [9:07:22<7:18:58, 11.94s/ep, cand 2794 | r0 pass 942/2774 | 
episodes solved 942 | queue r0 2204 reprompt 0 | verifying 2 | 13.3 s/proposal]
first proposals:  56%|ΓûêΓûêΓûêΓûêΓûêΓûî    | 2796/5000 [9:07:32<7:05:14, 11.58s/ep, cand 2795 | r0 pass 942/2775 | 
episodes solved 942 | queue r0 2203 reprompt 0 | verifying 2 | 13.3 s/proposal]
first proposals:  56%|ΓûêΓûêΓûêΓûêΓûêΓûî    | 2797/5000 [9:07:46<7:30:24, 12.27s/ep, cand 2796 | r0 pass 943/2776 | 
episodes solved 943 | queue r0 2202 reprompt 0 | verifying 2 | 13.3 s/proposal]
first proposals:  56%|ΓûêΓûêΓûêΓûêΓûêΓûî    | 2798/5000 [9:07:59<7:32:28, 12.33s/ep, cand 2797 | r0 pass 943/2777 | 
episodes solved 943 | queue r0 2201 reprompt 0 | verifying 2 | 13.3 s/proposal]
first proposals:  56%|ΓûêΓûêΓûêΓûêΓûêΓûî    | 2799/5000 [9:08:10<7:17:21, 11.92s/ep, cand 2798 | r0 pass 944/2778 | 
episodes solved 944 | queue r0 2200 reprompt 0 | verifying 2 | 13.3 s/proposal]
first proposals:  56%|ΓûêΓûêΓûêΓûêΓûêΓûî    | 2801/5000 [9:08:31<6:59:10, 11.44s/ep, cand 2800 | r0 pass 945/2780 | 
episodes solved 945 | queue r0 2199 reprompt 0 | verifying 1 | 13.2 s/proposal]
first proposals:  56%|ΓûêΓûêΓûêΓûêΓûêΓûî    | 2802/5000 [9:08:42<6:55:01, 11.33s/ep, cand 2801 | r0 pass 945/2781 | 
episodes solved 945 | queue r0 2197 reprompt 0 | verifying 2 | 13.1 s/proposal]
first proposals:  56%|ΓûêΓûêΓûêΓûêΓûêΓûî    | 2803/5000 [9:09:13<9:59:06, 16.36s/ep, cand 2802 | r0 pass 946/2782 | 
episodes solved 946 | queue r0 2196 reprompt 0 | verifying 2 | 13.1 s/proposal]
first proposals:  56%|ΓûêΓûêΓûêΓûêΓûêΓûî    | 2806/5000 [9:09:32<6:43:58, 11.05s/ep, cand 2805 | r0 pass 948/2785 | 
episodes solved 948 | queue r0 2193 reprompt 0 | verifying 2 | 13.0 s/proposal]
first proposals:  56%|ΓûêΓûêΓûêΓûêΓûêΓûî    | 2807/5000 [9:09:43<6:40:29, 10.96s/ep, cand 2806 | r0 pass 949/2786 | 
episodes solved 949 | queue r0 2192 reprompt 0 | verifying 2 | 13.2 s/proposal]
first proposals:  56%|ΓûêΓûêΓûêΓûêΓûêΓûî    | 2809/5000 [9:10:07<6:59:46, 11.50s/ep, cand 2808 | r0 pass 949/2788 | 
episodes solved 949 | queue r0 2191 reprompt 0 | verifying 1 | 13.1 s/proposal]
first proposals:  56%|ΓûêΓûêΓûêΓûêΓûêΓûî    | 2810/5000 [9:10:19<6:59:46, 11.50s/ep, cand 2809 | r0 pass 949/2789 | 
episodes solved 949 | queue r0 2189 reprompt 0 | verifying 2 | 13.0 s/proposal]
first proposals:  56%|ΓûêΓûêΓûêΓûêΓûêΓûî    | 2811/5000 [9:10:29<6:48:23, 11.19s/ep, cand 2810 | r0 pass 949/2790 | 
episodes solved 949 | queue r0 2188 reprompt 0 | verifying 2 | 13.0 s/proposal]
first proposals:  56%|ΓûêΓûêΓûêΓûêΓûêΓûî    | 2812/5000 [9:10:39<6:33:13, 10.78s/ep, cand 2811 | r0 pass 949/2791 | 
episodes solved 949 | queue r0 2187 reprompt 0 | verifying 2 | 12.9 s/proposal]
first proposals:  56%|ΓûêΓûêΓûêΓûêΓûêΓûï    | 2813/5000 [9:10:51<6:52:35, 11.32s/ep, cand 2812 | r0 pass 950/2792 | 
episodes solved 950 | queue r0 2186 reprompt 0 | verifying 2 | 12.8 s/proposal]
first proposals:  56%|ΓûêΓûêΓûêΓûêΓûêΓûï    | 2814/5000 [9:11:16<9:03:14, 14.91s/ep, cand 2813 | r0 pass 951/2793 | 
episodes solved 951 | queue r0 2185 reprompt 0 | verifying 2 | 12.8 s/proposal]
first proposals:  56%|ΓûêΓûêΓûêΓûêΓûêΓûï    | 2815/5000 [9:11:30<8:51:19, 14.59s/ep, cand 2814 | r0 pass 951/2794 | 
episodes solved 951 | queue r0 2183 reprompt 0 | verifying 3 | 12.7 s/proposal]
first proposals:  56%|ΓûêΓûêΓûêΓûêΓûêΓûï    | 2817/5000 [9:11:41<6:27:53, 10.66s/ep, cand 2816 | r0 pass 953/2796 | 
episodes solved 953 | queue r0 2182 reprompt 0 | verifying 2 | 12.7 s/proposal]
first proposals:  56%|ΓûêΓûêΓûêΓûêΓûêΓûï    | 2818/5000 [9:11:51<6:23:47, 10.55s/ep, cand 2817 | r0 pass 954/2797 | 
episodes solved 954 | queue r0 2181 reprompt 0 | verifying 2 | 12.7 s/proposal]
first proposals:  56%|ΓûêΓûêΓûêΓûêΓûêΓûï    | 2819/5000 [9:12:04<6:39:16, 10.98s/ep, cand 2818 | r0 pass 954/2798 | 
episodes solved 954 | queue r0 2180 reprompt 0 | verifying 2 | 12.6 s/proposal]
first proposals:  56%|ΓûêΓûêΓûêΓûêΓûêΓûï    | 2820/5000 [9:12:17<6:59:29, 11.55s/ep, cand 2819 | r0 pass 955/2799 | 
episodes solved 955 | queue r0 2179 reprompt 0 | verifying 2 | 12.6 s/proposal]
first proposals:  56%|ΓûêΓûêΓûêΓûêΓûêΓûï    | 2821/5000 [9:12:39<8:47:50, 14.53s/ep, cand 2820 | r0 pass 955/2800 | 
episodes solved 955 | queue r0 2178 reprompt 0 | verifying 2 | 12.6 s/proposal]
first proposals:  56%|ΓûêΓûêΓûêΓûêΓûêΓûï    | 2823/5000 [9:12:50<6:18:59, 10.45s/ep, cand 2822 | r0 pass 955/2802 | 
episodes solved 955 | queue r0 2176 reprompt 0 | verifying 2 | 12.1 s/proposal]
first proposals:  56%|ΓûêΓûêΓûêΓûêΓûêΓûï    | 2824/5000 [9:13:01<6:27:14, 10.68s/ep, cand 2823 | r0 pass 955/2803 | 
episodes solved 955 | queue r0 2175 reprompt 0 | verifying 2 | 12.0 s/proposal]
first proposals:  56%|ΓûêΓûêΓûêΓûêΓûêΓûï    | 2825/5000 [9:13:11<6:15:42, 10.36s/ep, cand 2824 | r0 pass 955/2804 | 
episodes solved 955 | queue r0 2174 reprompt 0 | verifying 2 | 12.0 s/proposal]
first proposals:  57%|ΓûêΓûêΓûêΓûêΓûêΓûï    | 2826/5000 [9:13:31<7:55:19, 13.12s/ep, cand 2825 | r0 pass 956/2805 | 
episodes solved 956 | queue r0 2173 reprompt 0 | verifying 2 | 11.8 s/proposal]
first proposals:  57%|ΓûêΓûêΓûêΓûêΓûêΓûï    | 2828/5000 [9:13:56<7:42:47, 12.78s/ep, cand 2827 | r0 pass 958/2807 | 
episodes solved 958 | queue r0 2171 reprompt 0 | verifying 2 | 11.8 s/proposal]
first proposals:  57%|ΓûêΓûêΓûêΓûêΓûêΓûï    | 2830/5000 [9:14:06<5:52:43,  9.75s/ep, cand 2829 | r0 pass 959/2809 | 
episodes solved 959 | queue r0 2169 reprompt 0 | verifying 2 | 11.9 s/proposal]
first proposals:  57%|ΓûêΓûêΓûêΓûêΓûêΓûï    | 2831/5000 [9:14:27<7:23:43, 12.27s/ep, cand 2830 | r0 pass 960/2810 | 
episodes solved 960 | queue r0 2168 reprompt 0 | verifying 2 | 11.8 s/proposal]
first proposals:  57%|ΓûêΓûêΓûêΓûêΓûêΓûï    | 2832/5000 [9:14:38<7:15:17, 12.05s/ep, cand 2831 | r0 pass 961/2811 | 
episodes solved 961 | queue r0 2166 reprompt 0 | verifying 3 | 11.8 s/proposal]
first proposals:  57%|ΓûêΓûêΓûêΓûêΓûêΓûï    | 2833/5000 [9:14:51<7:23:54, 12.29s/ep, cand 2832 | r0 pass 962/2812 | 
episodes solved 962 | queue r0 2165 reprompt 0 | verifying 3 | 11.7 s/proposal]
first proposals:  57%|ΓûêΓûêΓûêΓûêΓûêΓûï    | 2834/5000 [9:15:04<7:27:35, 12.40s/ep, cand 2833 | r0 pass 963/2813 | 
episodes solved 963 | queue r0 2164 reprompt 0 | verifying 3 | 11.8 s/proposal]
first proposals:  57%|ΓûêΓûêΓûêΓûêΓûêΓûï    | 2835/5000 [9:15:17<7:29:18, 12.45s/ep, cand 2834 | r0 pass 964/2814 | 
episodes solved 964 | queue r0 2163 reprompt 0 | verifying 3 | 11.8 s/proposal]
first proposals:  57%|ΓûêΓûêΓûêΓûêΓûêΓûï    | 2837/5000 [9:15:43<7:41:46, 12.81s/ep, cand 2836 | r0 pass 964/2816 | 
episodes solved 964 | queue r0 2162 reprompt 0 | verifying 2 | 11.7 s/proposal]
first proposals:  57%|ΓûêΓûêΓûêΓûêΓûêΓûï    | 2839/5000 [9:16:07<7:25:14, 12.36s/ep, cand 2838 | r0 pass 964/2818 | 
episodes solved 964 | queue r0 2160 reprompt 0 | verifying 2 | 11.9 s/proposal]
first proposals:  57%|ΓûêΓûêΓûêΓûêΓûêΓûï    | 2841/5000 [9:16:21<6:19:35, 10.55s/ep, cand 2840 | r0 pass 964/2820 | 
episodes solved 964 | queue r0 2158 reprompt 0 | verifying 2 | 11.8 s/proposal]
first proposals:  57%|ΓûêΓûêΓûêΓûêΓûêΓûï    | 2842/5000 [9:16:46<8:00:11, 13.35s/ep, cand 2841 | r0 pass 964/2821 | 
episodes solved 964 | queue r0 2157 reprompt 0 | verifying 2 | 11.9 s/proposal]
first proposals:  57%|ΓûêΓûêΓûêΓûêΓûêΓûï    | 2843/5000 [9:16:56<7:33:10, 12.61s/ep, cand 2842 | r0 pass 965/2822 | 
episodes solved 965 | queue r0 2155 reprompt 0 | verifying 3 | 11.8 s/proposal]
first proposals:  57%|ΓûêΓûêΓûêΓûêΓûêΓûï    | 2844/5000 [9:17:09<7:44:02, 12.91s/ep, cand 2843 | r0 pass 966/2823 | 
episodes solved 966 | queue r0 2154 reprompt 0 | verifying 3 | 11.7 s/proposal]
first proposals:  57%|ΓûêΓûêΓûêΓûêΓûêΓûï    | 2845/5000 [9:17:22<7:45:15, 12.95s/ep, cand 2844 | r0 pass 966/2824 | 
episodes solved 966 | queue r0 2153 reprompt 0 | verifying 3 | 11.7 s/proposal]
first proposals:  57%|ΓûêΓûêΓûêΓûêΓûêΓûï    | 2846/5000 [9:17:34<7:30:41, 12.55s/ep, cand 2845 | r0 pass 966/2825 | 
episodes solved 966 | queue r0 2152 reprompt 0 | verifying 3 | 11.8 s/proposal]
first proposals:  57%|ΓûêΓûêΓûêΓûêΓûêΓûï    | 2848/5000 [9:17:43<5:22:01,  8.98s/ep, cand 2847 | r0 pass 967/2827 | 
episodes solved 967 | queue r0 2151 reprompt 0 | verifying 2 | 11.7 s/proposal]
first proposals:  57%|ΓûêΓûêΓûêΓûêΓûêΓûï    | 2849/5000 [9:17:52<5:24:53,  9.06s/ep, cand 2848 | r0 pass 967/2828 | 
episodes solved 967 | queue r0 2150 reprompt 0 | verifying 2 | 11.6 s/proposal]
first proposals:  57%|ΓûêΓûêΓûêΓûêΓûêΓûï    | 2850/5000 [9:18:04<5:48:21,  9.72s/ep, cand 2849 | r0 pass 967/2829 | 
episodes solved 967 | queue r0 2149 reprompt 0 | verifying 2 | 11.6 s/proposal]
first proposals:  57%|ΓûêΓûêΓûêΓûêΓûêΓûï    | 2851/5000 [9:18:26<7:47:41, 13.06s/ep, cand 2850 | r0 pass 968/2830 | 
episodes solved 968 | queue r0 2148 reprompt 0 | verifying 2 | 11.7 s/proposal]
first proposals:  57%|ΓûêΓûêΓûêΓûêΓûêΓûï    | 2853/5000 [9:18:37<5:51:12,  9.81s/ep, cand 2852 | r0 pass 969/2832 | 
episodes solved 969 | queue r0 2146 reprompt 0 | verifying 2 | 11.6 s/proposal]
first proposals:  57%|ΓûêΓûêΓûêΓûêΓûêΓûï    | 2854/5000 [9:18:46<5:47:23,  9.71s/ep, cand 2853 | r0 pass 969/2833 | 
episodes solved 969 | queue r0 2145 reprompt 0 | verifying 2 | 11.7 s/proposal]
first proposals:  57%|ΓûêΓûêΓûêΓûêΓûêΓûï    | 2855/5000 [9:18:58<6:06:44, 10.26s/ep, cand 2854 | r0 pass 970/2834 | 
episodes solved 970 | queue r0 2144 reprompt 0 | verifying 2 | 11.6 s/proposal]
first proposals:  57%|ΓûêΓûêΓûêΓûêΓûêΓûï    | 2856/5000 [9:19:08<5:59:40, 10.07s/ep, cand 2855 | r0 pass 970/2835 | 
episodes solved 970 | queue r0 2143 reprompt 0 | verifying 2 | 11.7 s/proposal]
first proposals:  57%|ΓûêΓûêΓûêΓûêΓûêΓûï    | 2857/5000 [9:19:19<6:15:38, 10.52s/ep, cand 2856 | r0 pass 970/2836 | 
episodes solved 970 | queue r0 2142 reprompt 0 | verifying 2 | 11.5 s/proposal]
first proposals:  57%|ΓûêΓûêΓûêΓûêΓûêΓûï    | 2858/5000 [9:19:29<6:04:52, 10.22s/ep, cand 2857 | r0 pass 970/2837 | 
episodes solved 970 | queue r0 2141 reprompt 0 | verifying 2 | 11.5 s/proposal]
first proposals:  57%|ΓûêΓûêΓûêΓûêΓûêΓûï    | 2859/5000 [9:19:39<6:03:28, 10.19s/ep, cand 2858 | r0 pass 970/2838 | 
episodes solved 970 | queue r0 2140 reprompt 0 | verifying 2 | 11.5 s/proposal]
first proposals:  57%|ΓûêΓûêΓûêΓûêΓûêΓûï    | 2860/5000 [9:19:47<5:44:25,  9.66s/ep, cand 2859 | r0 pass 970/2839 | 
episodes solved 970 | queue r0 2139 reprompt 0 | verifying 2 | 11.4 s/proposal]
first proposals:  57%|ΓûêΓûêΓûêΓûêΓûêΓûï    | 2861/5000 [9:19:58<5:55:48,  9.98s/ep, cand 2860 | r0 pass 971/2840 | 
episodes solved 971 | queue r0 2138 reprompt 0 | verifying 2 | 11.3 s/proposal]
first proposals:  57%|ΓûêΓûêΓûêΓûêΓûêΓûï    | 2863/5000 [9:20:18<5:54:55,  9.97s/ep, cand 2862 | r0 pass 971/2842 | 
episodes solved 971 | queue r0 2137 reprompt 0 | verifying 1 | 11.3 s/proposal]
first proposals:  57%|ΓûêΓûêΓûêΓûêΓûêΓûï    | 2864/5000 [9:20:39<7:31:27, 12.68s/ep, cand 2863 | r0 pass 971/2843 | 
episodes solved 971 | queue r0 2135 reprompt 0 | verifying 2 | 11.3 s/proposal]
first proposals:  57%|ΓûêΓûêΓûêΓûêΓûêΓûï    | 2866/5000 [9:21:02<7:10:32, 12.11s/ep, cand 2865 | r0 pass 972/2845 | 
episodes solved 972 | queue r0 2133 reprompt 0 | verifying 2 | 11.2 s/proposal]
first proposals:  57%|ΓûêΓûêΓûêΓûêΓûêΓûï    | 2868/5000 [9:21:21<6:35:51, 11.14s/ep, cand 2867 | r0 pass 972/2847 | 
episodes solved 972 | queue r0 2131 reprompt 0 | verifying 2 | 11.2 s/proposal]
first proposals:  57%|ΓûêΓûêΓûêΓûêΓûêΓûï    | 2870/5000 [9:21:30<5:14:45,  8.87s/ep, cand 2869 | r0 pass 973/2849 | 
episodes solved 973 | queue r0 2129 reprompt 0 | verifying 2 | 11.1 s/proposal]
first proposals:  57%|ΓûêΓûêΓûêΓûêΓûêΓûï    | 2871/5000 [9:21:48<6:23:33, 10.81s/ep, cand 2870 | r0 pass 973/2850 | 
episodes solved 973 | queue r0 2128 reprompt 0 | verifying 2 | 11.0 s/proposal]
first proposals:  57%|ΓûêΓûêΓûêΓûêΓûêΓûï    | 2873/5000 [9:22:07<6:01:44, 10.20s/ep, cand 2872 | r0 pass 974/2852 | 
episodes solved 974 | queue r0 2126 reprompt 0 | verifying 2 | 10.9 s/proposal]
first proposals:  57%|ΓûêΓûêΓûêΓûêΓûêΓûï    | 2874/5000 [9:22:26<7:08:17, 12.09s/ep, cand 2873 | r0 pass 974/2853 | 
episodes solved 974 | queue r0 2124 reprompt 0 | verifying 3 | 10.9 s/proposal]
first proposals:  58%|ΓûêΓûêΓûêΓûêΓûêΓûè    | 2878/5000 [9:22:55<5:36:51,  9.52s/ep, cand 2877 | r0 pass 975/2857 | 
episodes solved 975 | queue r0 2122 reprompt 0 | verifying 1 | 10.9 s/proposal]
first proposals:  58%|ΓûêΓûêΓûêΓûêΓûêΓûè    | 2880/5000 [9:23:06<4:54:11,  8.33s/ep, cand 2879 | r0 pass 975/2859 | 
episodes solved 975 | queue r0 2119 reprompt 0 | verifying 2 | 10.8 s/proposal]
first proposals:  58%|ΓûêΓûêΓûêΓûêΓûêΓûè    | 2881/5000 [9:23:16<5:04:34,  8.62s/ep, cand 2880 | r0 pass 975/2860 | 
episodes solved 975 | queue r0 2118 reprompt 0 | verifying 2 | 10.8 s/proposal]
first proposals:  58%|ΓûêΓûêΓûêΓûêΓûêΓûè    | 2882/5000 [9:23:25<5:05:13,  8.65s/ep, cand 2881 | r0 pass 975/2861 | 
episodes solved 975 | queue r0 2117 reprompt 0 | verifying 2 | 10.8 s/proposal]
first proposals:  58%|ΓûêΓûêΓûêΓûêΓûêΓûè    | 2883/5000 [9:23:35<5:14:01,  8.90s/ep, cand 2882 | r0 pass 976/2862 | 
episodes solved 976 | queue r0 2116 reprompt 0 | verifying 2 | 10.7 s/proposal]
first proposals:  58%|ΓûêΓûêΓûêΓûêΓûêΓûè    | 2885/5000 [9:23:53<5:19:45,  9.07s/ep, cand 2884 | r0 pass 976/2864 | 
episodes solved 976 | queue r0 2115 reprompt 0 | verifying 1 | 10.7 s/proposal]
first proposals:  58%|ΓûêΓûêΓûêΓûêΓûêΓûè    | 2886/5000 [9:24:31<8:56:33, 15.23s/ep, cand 2885 | r0 pass 976/2865 | 
episodes solved 976 | queue r0 2113 reprompt 0 | verifying 2 | 10.5 s/proposal]
first proposals:  58%|ΓûêΓûêΓûêΓûêΓûêΓûè    | 2889/5000 [9:24:39<5:22:50,  9.18s/ep, cand 2888 | r0 pass 976/2868 | 
episodes solved 976 | queue r0 2110 reprompt 0 | verifying 2 | 10.5 s/proposal]
first proposals:  58%|ΓûêΓûêΓûêΓûêΓûêΓûè    | 2890/5000 [9:24:54<5:22:41,  9.18s/ep, cand 2890 | r0 pass 977/2870 | 
episodes solved 977 | queue r0 2108 reprompt 0 | verifying 2 | 10.5 s/proposal]
first proposals:  58%|ΓûêΓûêΓûêΓûêΓûêΓûè    | 2891/5000 [9:25:11<6:37:05, 11.30s/ep, cand 2890 | r0 pass 977/2870 | 
episodes solved 977 | queue r0 2108 reprompt 0 | verifying 2 | 10.5 s/proposal]
first proposals:  58%|ΓûêΓûêΓûêΓûêΓûêΓûè    | 2893/5000 [9:25:26<5:56:44, 10.16s/ep, cand 2892 | r0 pass 977/2872 | 
episodes solved 977 | queue r0 2107 reprompt 0 | verifying 1 | 10.6 s/proposal]
first proposals:  58%|ΓûêΓûêΓûêΓûêΓûêΓûè    | 2894/5000 [9:25:45<6:49:24, 11.66s/ep, cand 2893 | r0 pass 977/2873 | 
episodes solved 977 | queue r0 2106 reprompt 0 | verifying 1 | 10.6 s/proposal]
first proposals:  58%|ΓûêΓûêΓûêΓûêΓûêΓûè    | 2895/5000 [9:25:55<6:43:11, 11.49s/ep, cand 2894 | r0 pass 977/2874 | 
episodes solved 977 | queue r0 2104 reprompt 0 | verifying 2 | 10.5 s/proposal]
first proposals:  58%|ΓûêΓûêΓûêΓûêΓûêΓûè    | 2896/5000 [9:26:08<6:51:33, 11.74s/ep, cand 2895 | r0 pass 977/2875 | 
episodes solved 977 | queue r0 2103 reprompt 0 | verifying 2 | 10.5 s/proposal]
first proposals:  58%|ΓûêΓûêΓûêΓûêΓûêΓûè    | 2897/5000 [9:26:20<6:50:30, 11.71s/ep, cand 2896 | r0 pass 978/2876 | 
episodes solved 978 | queue r0 2102 reprompt 0 | verifying 2 | 10.5 s/proposal]
first proposals:  58%|ΓûêΓûêΓûêΓûêΓûêΓûè    | 2899/5000 [9:26:53<8:01:09, 13.74s/ep, cand 2898 | r0 pass 978/2878 | 
episodes solved 978 | queue r0 2101 reprompt 0 | verifying 1 | 10.5 s/proposal]
first proposals:  58%|ΓûêΓûêΓûêΓûêΓûêΓûè    | 2902/5000 [9:27:06<5:25:09,  9.30s/ep, cand 2901 | r0 pass 979/2881 | 
episodes solved 979 | queue r0 2098 reprompt 0 | verifying 1 | 10.5 s/proposal]
first proposals:  58%|ΓûêΓûêΓûêΓûêΓûêΓûè    | 2902/5000 [9:27:16<5:25:09,  9.30s/ep, cand 2902 | r0 pass 980/2882 | 
episodes solved 980 | queue r0 2097 reprompt 0 | verifying 1 | 10.6 s/proposal]
first proposals:  58%|ΓûêΓûêΓûêΓûêΓûêΓûè    | 2903/5000 [9:27:36<7:41:44, 13.21s/ep, cand 2902 | r0 pass 980/2882 | 
episodes solved 980 | queue r0 2097 reprompt 0 | verifying 1 | 10.6 s/proposal]
first proposals:  58%|ΓûêΓûêΓûêΓûêΓûêΓûè    | 2905/5000 [9:28:00<7:21:41, 12.65s/ep, cand 2904 | r0 pass 981/2884 | 
episodes solved 981 | queue r0 2094 reprompt 0 | verifying 2 | 10.6 s/proposal]
first proposals:  58%|ΓûêΓûêΓûêΓûêΓûêΓûè    | 2907/5000 [9:28:24<7:19:29, 12.60s/ep, cand 2906 | r0 pass 982/2886 | 
episodes solved 982 | queue r0 2092 reprompt 0 | verifying 2 | 10.6 s/proposal]
first proposals:  58%|ΓûêΓûêΓûêΓûêΓûêΓûè    | 2909/5000 [9:28:37<6:07:45, 10.55s/ep, cand 2908 | r0 pass 982/2888 | 
episodes solved 982 | queue r0 2090 reprompt 0 | verifying 2 | 10.7 s/proposal]
first proposals:  58%|ΓûêΓûêΓûêΓûêΓûêΓûè    | 2911/5000 [9:28:55<5:50:32, 10.07s/ep, cand 2910 | r0 pass 983/2890 | 
episodes solved 983 | queue r0 2089 reprompt 0 | verifying 1 | 10.7 s/proposal]
first proposals:  58%|ΓûêΓûêΓûêΓûêΓûêΓûè    | 2912/5000 [9:29:17<7:07:48, 12.29s/ep, cand 2911 | r0 pass 984/2891 | 
episodes solved 984 | queue r0 2087 reprompt 0 | verifying 2 | 10.7 s/proposal]
first proposals:  58%|ΓûêΓûêΓûêΓûêΓûêΓûè    | 2913/5000 [9:29:29<7:07:10, 12.28s/ep, cand 2912 | r0 pass 984/2892 | 
episodes solved 984 | queue r0 2085 reprompt 0 | verifying 3 | 10.7 s/proposal]
first proposals:  58%|ΓûêΓûêΓûêΓûêΓûêΓûè    | 2915/5000 [9:29:41<5:43:28,  9.88s/ep, cand 2914 | r0 pass 984/2894 | 
episodes solved 984 | queue r0 2084 reprompt 0 | verifying 2 | 10.8 s/proposal]
first proposals:  58%|ΓûêΓûêΓûêΓûêΓûêΓûè    | 2916/5000 [9:30:07<7:42:02, 13.30s/ep, cand 2915 | r0 pass 984/2895 | 
episodes solved 984 | queue r0 2083 reprompt 0 | verifying 2 | 10.8 s/proposal]
first proposals:  58%|ΓûêΓûêΓûêΓûêΓûêΓûè    | 2918/5000 [9:30:16<5:46:16,  9.98s/ep, cand 2917 | r0 pass 985/2897 | 
episodes solved 985 | queue r0 2081 reprompt 0 | verifying 2 | 10.9 s/proposal]
first proposals:  58%|ΓûêΓûêΓûêΓûêΓûêΓûè    | 2919/5000 [9:30:27<5:46:06,  9.98s/ep, cand 2919 | r0 pass 986/2899 | 
episodes solved 986 | queue r0 2080 reprompt 0 | verifying 1 | 10.8 s/proposal]
first proposals:  58%|ΓûêΓûêΓûêΓûêΓûêΓûè    | 2920/5000 [9:30:38<5:57:59, 10.33s/ep, cand 2919 | r0 pass 986/2899 | 
episodes solved 986 | queue r0 2080 reprompt 0 | verifying 1 | 10.8 s/proposal]
first proposals:  58%|ΓûêΓûêΓûêΓûêΓûêΓûè    | 2921/5000 [9:30:52<6:20:36, 10.98s/ep, cand 2920 | r0 pass 986/2900 | 
episodes solved 986 | queue r0 2078 reprompt 0 | verifying 2 | 10.9 s/proposal]
first proposals:  58%|ΓûêΓûêΓûêΓûêΓûêΓûè    | 2922/5000 [9:31:14<7:49:53, 13.57s/ep, cand 2921 | r0 pass 986/2901 | 
episodes solved 986 | queue r0 2077 reprompt 0 | verifying 2 | 11.0 s/proposal]
first proposals:  58%|ΓûêΓûêΓûêΓûêΓûêΓûè    | 2924/5000 [9:31:28<6:19:04, 10.96s/ep, cand 2923 | r0 pass 987/2903 | 
episodes solved 987 | queue r0 2075 reprompt 0 | verifying 2 | 11.1 s/proposal]
first proposals:  58%|ΓûêΓûêΓûêΓûêΓûêΓûè    | 2925/5000 [9:31:39<6:22:07, 11.05s/ep, cand 2924 | r0 pass 988/2904 | 
episodes solved 988 | queue r0 2074 reprompt 0 | verifying 2 | 11.2 s/proposal]
first proposals:  59%|ΓûêΓûêΓûêΓûêΓûêΓûè    | 2926/5000 [9:31:51<6:28:33, 11.24s/ep, cand 2925 | r0 pass 988/2905 | 
episodes solved 988 | queue r0 2073 reprompt 0 | verifying 2 | 11.2 s/proposal]
first proposals:  59%|ΓûêΓûêΓûêΓûêΓûêΓûè    | 2927/5000 [9:32:16<8:28:01, 14.70s/ep, cand 2926 | r0 pass 988/2906 | 
episodes solved 988 | queue r0 2072 reprompt 0 | verifying 2 | 11.3 s/proposal]
first proposals:  59%|ΓûêΓûêΓûêΓûêΓûêΓûè    | 2930/5000 [9:32:57<8:05:21, 14.07s/ep, cand 2929 | r0 pass 989/2909 | 
episodes solved 989 | queue r0 2070 reprompt 0 | verifying 1 | 11.4 s/proposal]
first proposals:  59%|ΓûêΓûêΓûêΓûêΓûêΓûè    | 2931/5000 [9:33:08<7:45:13, 13.49s/ep, cand 2930 | r0 pass 989/2910 | 
episodes solved 989 | queue r0 2067 reprompt 0 | verifying 3 | 11.6 s/proposal]
first proposals:  59%|ΓûêΓûêΓûêΓûêΓûêΓûè    | 2933/5000 [9:33:19<6:05:21, 10.61s/ep, cand 2932 | r0 pass 990/2912 | 
episodes solved 990 | queue r0 2066 reprompt 0 | verifying 2 | 11.6 s/proposal]
first proposals:  59%|ΓûêΓûêΓûêΓûêΓûêΓûè    | 2934/5000 [9:33:47<8:06:08, 14.12s/ep, cand 2933 | r0 pass 990/2913 | 
episodes solved 990 | queue r0 2065 reprompt 0 | verifying 2 | 11.6 s/proposal]
first proposals:  59%|ΓûêΓûêΓûêΓûêΓûêΓûè    | 2935/5000 [9:33:57<7:41:01, 13.40s/ep, cand 2934 | r0 pass 990/2914 | 
episodes solved 990 | queue r0 2063 reprompt 0 | verifying 3 | 11.8 s/proposal]
first proposals:  59%|ΓûêΓûêΓûêΓûêΓûêΓûè    | 2936/5000 [9:34:10<7:32:27, 13.15s/ep, cand 2935 | r0 pass 990/2915 | 
episodes solved 990 | queue r0 2062 reprompt 0 | verifying 3 | 11.8 s/proposal]
first proposals:  59%|ΓûêΓûêΓûêΓûêΓûêΓûè    | 2937/5000 [9:34:21<7:11:42, 12.56s/ep, cand 2936 | r0 pass 990/2916 | 
episodes solved 990 | queue r0 2061 reprompt 0 | verifying 3 | 11.8 s/proposal]
first proposals:  59%|ΓûêΓûêΓûêΓûêΓûêΓûë    | 2938/5000 [9:34:32<7:02:16, 12.29s/ep, cand 2937 | r0 pass 990/2917 | 
episodes solved 990 | queue r0 2060 reprompt 0 | verifying 3 | 11.7 s/proposal]
first proposals:  59%|ΓûêΓûêΓûêΓûêΓûêΓûë    | 2939/5000 [9:34:47<7:23:50, 12.92s/ep, cand 2938 | r0 pass 990/2918 | 
episodes solved 990 | queue r0 2059 reprompt 0 | verifying 3 | 11.8 s/proposal]
first proposals:  59%|ΓûêΓûêΓûêΓûêΓûêΓûë    | 2941/5000 [9:35:12<7:21:53, 12.88s/ep, cand 2940 | r0 pass 990/2920 | 
episodes solved 990 | queue r0 2058 reprompt 0 | verifying 2 | 11.9 s/proposal]
first proposals:  59%|ΓûêΓûêΓûêΓûêΓûêΓûë    | 2942/5000 [9:35:23<7:03:05, 12.33s/ep, cand 2941 | r0 pass 990/2921 | 
episodes solved 990 | queue r0 2056 reprompt 0 | verifying 3 | 11.7 s/proposal]
first proposals:  59%|ΓûêΓûêΓûêΓûêΓûêΓûë    | 2943/5000 [9:35:35<6:57:16, 12.17s/ep, cand 2942 | r0 pass 991/2922 | 
episodes solved 991 | queue r0 2055 reprompt 0 | verifying 3 | 11.7 s/proposal]
first proposals:  59%|ΓûêΓûêΓûêΓûêΓûêΓûë    | 2945/5000 [9:35:58<6:46:12, 11.86s/ep, cand 2944 | r0 pass 991/2924 | 
episodes solved 991 | queue r0 2054 reprompt 0 | verifying 2 | 11.8 s/proposal]
first proposals:  59%|ΓûêΓûêΓûêΓûêΓûêΓûë    | 2946/5000 [9:36:13<7:15:21, 12.72s/ep, cand 2945 | r0 pass 991/2925 | 
episodes solved 991 | queue r0 2052 reprompt 0 | verifying 3 | 11.8 s/proposal]
first proposals:  59%|ΓûêΓûêΓûêΓûêΓûêΓûë    | 2947/5000 [9:36:33<8:12:49, 14.40s/ep, cand 2946 | r0 pass 992/2926 | 
episodes solved 992 | queue r0 2051 reprompt 0 | verifying 3 | 11.8 s/proposal]
first proposals:  59%|ΓûêΓûêΓûêΓûêΓûêΓûë    | 2950/5000 [9:37:02<6:49:35, 11.99s/ep, cand 2949 | r0 pass 994/2929 | 
episodes solved 994 | queue r0 2049 reprompt 0 | verifying 2 | 11.8 s/proposal]
first proposals:  59%|ΓûêΓûêΓûêΓûêΓûêΓûë    | 2952/5000 [9:37:13<5:36:48,  9.87s/ep, cand 2951 | r0 pass 995/2931 | 
episodes solved 995 | queue r0 2047 reprompt 0 | verifying 2 | 11.9 s/proposal]
first proposals:  59%|ΓûêΓûêΓûêΓûêΓûêΓûë    | 2953/5000 [9:37:22<5:33:25,  9.77s/ep, cand 2952 | r0 pass 995/2932 | 
episodes solved 995 | queue r0 2046 reprompt 0 | verifying 2 | 11.9 s/proposal]
first proposals:  59%|ΓûêΓûêΓûêΓûêΓûêΓûë    | 2954/5000 [9:37:55<8:16:44, 14.57s/ep, cand 2953 | r0 pass 995/2933 | 
episodes solved 995 | queue r0 2045 reprompt 0 | verifying 2 | 11.9 s/proposal]
first proposals:  59%|ΓûêΓûêΓûêΓûêΓûêΓûë    | 2957/5000 [9:38:04<5:10:34,  9.12s/ep, cand 2956 | r0 pass 996/2936 | 
episodes solved 996 | queue r0 2042 reprompt 0 | verifying 2 | 11.9 s/proposal]
first proposals:  59%|ΓûêΓûêΓûêΓûêΓûêΓûë    | 2958/5000 [9:38:14<5:10:25,  9.12s/ep, cand 2958 | r0 pass 997/2938 | 
episodes solved 997 | queue r0 2041 reprompt 0 | verifying 1 | 11.8 s/proposal]
first proposals:  59%|ΓûêΓûêΓûêΓûêΓûêΓûë    | 2959/5000 [9:38:37<6:26:55, 11.37s/ep, cand 2958 | r0 pass 997/2938 | 
episodes solved 997 | queue r0 2041 reprompt 0 | verifying 1 | 11.8 s/proposal]
first proposals:  59%|ΓûêΓûêΓûêΓûêΓûêΓûë    | 2960/5000 [9:38:49<6:29:30, 11.46s/ep, cand 2959 | r0 pass 997/2939 | 
episodes solved 997 | queue r0 2038 reprompt 0 | verifying 3 | 11.8 s/proposal]
first proposals:  59%|ΓûêΓûêΓûêΓûêΓûêΓûë    | 2961/5000 [9:39:00<6:30:05, 11.48s/ep, cand 2960 | r0 pass 997/2940 | 
episodes solved 997 | queue r0 2037 reprompt 0 | verifying 3 | 11.8 s/proposal]
first proposals:  59%|ΓûêΓûêΓûêΓûêΓûêΓûë    | 2962/5000 [9:39:13<6:44:46, 11.92s/ep, cand 2961 | r0 pass 998/2941 | 
episodes solved 998 | queue r0 2036 reprompt 0 | verifying 3 | 11.8 s/proposal]
first proposals:  59%|ΓûêΓûêΓûêΓûêΓûêΓûë    | 2964/5000 [9:39:34<6:20:53, 11.22s/ep, cand 2963 | r0 pass 999/2943 | 
episodes solved 999 | queue r0 2035 reprompt 0 | verifying 2 | 11.9 s/proposal]
first proposals:  59%|ΓûêΓûêΓûêΓûêΓûêΓûë    | 2965/5000 [9:39:56<7:41:32, 13.61s/ep, cand 2964 | r0 pass 999/2944 | 
episodes solved 999 | queue r0 2033 reprompt 0 | verifying 3 | 11.8 s/proposal]
first proposals:  59%|ΓûêΓûêΓûêΓûêΓûêΓûë    | 2967/5000 [9:40:12<6:27:55, 11.45s/ep, cand 2966 | r0 pass 1000/2946 | 
episodes solved 1000 | queue r0 2031 reprompt 0 | verifying 3 | 11.7 s/proposal]
first proposals:  59%|ΓûêΓûêΓûêΓûêΓûêΓûë    | 2968/5000 [9:40:23<6:26:05, 11.40s/ep, cand 2967 | r0 pass 1000/2947 | 
episodes solved 1000 | queue r0 2030 reprompt 0 | verifying 3 | 11.9 s/proposal]
first proposals:  59%|ΓûêΓûêΓûêΓûêΓûêΓûë    | 2970/5000 [9:40:33<5:05:02,  9.02s/ep, cand 2969 | r0 pass 1000/2949 | 
episodes solved 1000 | queue r0 2029 reprompt 0 | verifying 2 | 11.9 s/proposal]
first proposals:  59%|ΓûêΓûêΓûêΓûêΓûêΓûë    | 2972/5000 [9:40:53<5:15:55,  9.35s/ep, cand 2971 | r0 pass 1001/2951 | 
episodes solved 1001 | queue r0 2028 reprompt 0 | verifying 1 | 11.9 s/proposal]
first proposals:  59%|ΓûêΓûêΓûêΓûêΓûêΓûë    | 2973/5000 [9:41:13<6:24:27, 11.38s/ep, cand 2972 | r0 pass 1001/2952 | 
episodes solved 1001 | queue r0 2026 reprompt 0 | verifying 2 | 11.7 s/proposal]
first proposals:  60%|ΓûêΓûêΓûêΓûêΓûêΓûë    | 2975/5000 [9:41:20<4:47:19,  8.51s/ep, cand 2974 | r0 pass 1002/2954 | 
episodes solved 1002 | queue r0 2024 reprompt 0 | verifying 2 | 11.7 s/proposal]
first proposals:  60%|ΓûêΓûêΓûêΓûêΓûêΓûë    | 2975/5000 [9:41:35<4:47:19,  8.51s/ep, cand 2975 | r0 pass 1003/2955 | 
episodes solved 1003 | queue r0 2023 reprompt 0 | verifying 2 | 11.6 s/proposal]
first proposals:  60%|ΓûêΓûêΓûêΓûêΓûêΓûë    | 2976/5000 [9:41:36<5:38:01, 10.02s/ep, cand 2975 | r0 pass 1003/2955 | 
episodes solved 1003 | queue r0 2023 reprompt 0 | verifying 2 | 11.6 s/proposal]
first proposals:  60%|ΓûêΓûêΓûêΓûêΓûêΓûë    | 2978/5000 [9:41:45<4:28:55,  7.98s/ep, cand 2977 | r0 pass 1004/2957 | 
episodes solved 1004 | queue r0 2021 reprompt 0 | verifying 2 | 11.4 s/proposal]
first proposals:  60%|ΓûêΓûêΓûêΓûêΓûêΓûë    | 2979/5000 [9:41:57<4:28:47,  7.98s/ep, cand 2979 | r0 pass 1004/2959 | 
episodes solved 1004 | queue r0 2020 reprompt 0 | verifying 1 | 11.3 s/proposal]
first proposals:  60%|ΓûêΓûêΓûêΓûêΓûêΓûë    | 2980/5000 [9:42:06<5:02:24,  8.98s/ep, cand 2979 | r0 pass 1004/2959 | 
episodes solved 1004 | queue r0 2020 reprompt 0 | verifying 1 | 11.3 s/proposal]
first proposals:  60%|ΓûêΓûêΓûêΓûêΓûêΓûë    | 2981/5000 [9:42:15<5:02:04,  8.98s/ep, cand 2980 | r0 pass 1004/2960 | 
episodes solved 1004 | queue r0 2017 reprompt 0 | verifying 3 | 11.0 s/proposal]
first proposals:  60%|ΓûêΓûêΓûêΓûêΓûêΓûë    | 2983/5000 [9:42:24<4:06:58,  7.35s/ep, cand 2982 | r0 pass 1004/2962 | 
episodes solved 1004 | queue r0 2016 reprompt 0 | verifying 2 | 10.9 s/proposal]
first proposals:  60%|ΓûêΓûêΓûêΓûêΓûêΓûë    | 2983/5000 [9:42:35<4:06:58,  7.35s/ep, cand 2983 | r0 pass 1005/2963 | 
episodes solved 1005 | queue r0 2015 reprompt 0 | verifying 2 | 10.9 s/proposal]
first proposals:  60%|ΓûêΓûêΓûêΓûêΓûêΓûë    | 2984/5000 [9:42:45<5:35:25,  9.98s/ep, cand 2983 | r0 pass 1005/2963 | 
episodes solved 1005 | queue r0 2015 reprompt 0 | verifying 2 | 10.9 s/proposal]
first proposals:  60%|ΓûêΓûêΓûêΓûêΓûêΓûë    | 2985/5000 [9:42:52<5:18:16,  9.48s/ep, cand 2984 | r0 pass 1006/2964 | 
episodes solved 1006 | queue r0 2013 reprompt 0 | verifying 3 | 10.7 s/proposal]
first proposals:  60%|ΓûêΓûêΓûêΓûêΓûêΓûë    | 2987/5000 [9:43:02<4:18:06,  7.69s/ep, cand 2986 | r0 pass 1007/2966 | 
episodes solved 1007 | queue r0 2012 reprompt 0 | verifying 2 | 10.7 s/proposal]
first proposals:  60%|ΓûêΓûêΓûêΓûêΓûêΓûë    | 2988/5000 [9:43:09<4:13:30,  7.56s/ep, cand 2987 | r0 pass 1007/2967 | 
episodes solved 1007 | queue r0 2011 reprompt 0 | verifying 2 | 10.6 s/proposal]
first proposals:  60%|ΓûêΓûêΓûêΓûêΓûêΓûë    | 2989/5000 [9:43:30<6:02:47, 10.82s/ep, cand 2988 | r0 pass 1007/2968 | 
episodes solved 1007 | queue r0 2010 reprompt 0 | verifying 2 | 10.5 s/proposal]
first proposals:  60%|ΓûêΓûêΓûêΓûêΓûêΓûë    | 2991/5000 [9:43:56<6:28:23, 11.60s/ep, cand 2990 | r0 pass 1009/2970 | 
episodes solved 1009 | queue r0 2008 reprompt 0 | verifying 2 | 10.4 s/proposal]
first proposals:  60%|ΓûêΓûêΓûêΓûêΓûêΓûë    | 2993/5000 [9:44:23<6:52:43, 12.34s/ep, cand 2992 | r0 pass 1011/2972 | 
episodes solved 1011 | queue r0 2006 reprompt 0 | verifying 2 | 10.4 s/proposal]
first proposals:  60%|ΓûêΓûêΓûêΓûêΓûêΓûë    | 2994/5000 [9:44:37<7:06:06, 12.74s/ep, cand 2993 | r0 pass 1011/2973 | 
episodes solved 1011 | queue r0 2004 reprompt 0 | verifying 3 | 10.5 s/proposal]
first proposals:  60%|ΓûêΓûêΓûêΓûêΓûêΓûë    | 2996/5000 [9:45:02<6:58:09, 12.52s/ep, cand 2995 | r0 pass 1013/2975 | 
episodes solved 1013 | queue r0 2003 reprompt 0 | verifying 2 | 10.6 s/proposal]
first proposals:  60%|ΓûêΓûêΓûêΓûêΓûêΓûë    | 2997/5000 [9:45:14<6:54:46, 12.42s/ep, cand 2996 | r0 pass 1013/2976 | 
episodes solved 1013 | queue r0 2001 reprompt 0 | verifying 3 | 10.5 s/proposal]
first proposals:  60%|ΓûêΓûêΓûêΓûêΓûêΓûë    | 2998/5000 [9:45:25<6:42:27, 12.06s/ep, cand 2997 | r0 pass 1013/2977 | 
episodes solved 1013 | queue r0 2000 reprompt 0 | verifying 3 | 10.6 s/proposal]
first proposals:  60%|ΓûêΓûêΓûêΓûêΓûêΓûë    | 2999/5000 [9:45:36<6:38:52, 11.96s/ep, cand 2998 | r0 pass 1013/2978 | 
episodes solved 1013 | queue r0 1999 reprompt 0 | verifying 3 | 10.6 s/proposal]
first proposals:  60%|ΓûêΓûêΓûêΓûêΓûêΓûê    | 3000/5000 [9:45:50<6:51:54, 12.36s/ep, cand 2999 | r0 pass 1014/2979 | 
episodes solved 1014 | queue r0 1998 reprompt 0 | verifying 3 | 10.5 s/proposal]
first proposals:  60%|ΓûêΓûêΓûêΓûêΓûêΓûê    | 3001/5000 [9:46:02<6:49:19, 12.29s/ep, cand 3000 | r0 pass 1015/2980 | 
episodes solved 1015 | queue r0 1997 reprompt 0 | verifying 3 | 10.5 s/proposal]
first proposals:  60%|ΓûêΓûêΓûêΓûêΓûêΓûê    | 3002/5000 [9:46:14<6:48:43, 12.27s/ep, cand 3001 | r0 pass 1015/2981 | 
episodes solved 1015 | queue r0 1996 reprompt 0 | verifying 3 | 10.5 s/proposal]
first proposals:  60%|ΓûêΓûêΓûêΓûêΓûêΓûê    | 3003/5000 [9:46:23<6:17:43, 11.35s/ep, cand 3002 | r0 pass 1015/2982 | 
episodes solved 1015 | queue r0 1995 reprompt 0 | verifying 3 | 10.6 s/proposal]
first proposals:  60%|ΓûêΓûêΓûêΓûêΓûêΓûê    | 3005/5000 [9:46:32<4:31:55,  8.18s/ep, cand 3004 | r0 pass 1015/2984 | 
episodes solved 1015 | queue r0 1994 reprompt 0 | verifying 2 | 10.6 s/proposal]
first proposals:  60%|ΓûêΓûêΓûêΓûêΓûêΓûê    | 3006/5000 [9:46:55<6:34:38, 11.87s/ep, cand 3005 | r0 pass 1016/2985 | 
episodes solved 1016 | queue r0 1993 reprompt 0 | verifying 2 | 10.5 s/proposal]
first proposals:  60%|ΓûêΓûêΓûêΓûêΓûêΓûê    | 3008/5000 [9:47:16<6:16:09, 11.33s/ep, cand 3007 | r0 pass 1016/2987 | 
episodes solved 1016 | queue r0 1991 reprompt 0 | verifying 2 | 10.6 s/proposal]
first proposals:  60%|ΓûêΓûêΓûêΓûêΓûêΓûê    | 3009/5000 [9:47:28<6:22:36, 11.53s/ep, cand 3008 | r0 pass 1016/2988 | 
episodes solved 1016 | queue r0 1989 reprompt 0 | verifying 3 | 10.6 s/proposal]
first proposals:  60%|ΓûêΓûêΓûêΓûêΓûêΓûê    | 3011/5000 [9:47:38<4:56:19,  8.94s/ep, cand 3010 | r0 pass 1018/2990 | 
episodes solved 1018 | queue r0 1988 reprompt 0 | verifying 2 | 10.6 s/proposal]
first proposals:  60%|ΓûêΓûêΓûêΓûêΓûêΓûê    | 3012/5000 [9:47:51<5:19:52,  9.65s/ep, cand 3011 | r0 pass 1018/2991 | 
episodes solved 1018 | queue r0 1987 reprompt 0 | verifying 2 | 10.6 s/proposal]
first proposals:  60%|ΓûêΓûêΓûêΓûêΓûêΓûê    | 3013/5000 [9:48:04<5:51:02, 10.60s/ep, cand 3012 | r0 pass 1018/2992 | 
episodes solved 1018 | queue r0 1986 reprompt 0 | verifying 2 | 10.6 s/proposal]
first proposals:  60%|ΓûêΓûêΓûêΓûêΓûêΓûê    | 3014/5000 [9:48:16<6:02:15, 10.94s/ep, cand 3013 | r0 pass 1018/2993 | 
episodes solved 1018 | queue r0 1985 reprompt 0 | verifying 2 | 10.6 s/proposal]
first proposals:  60%|ΓûêΓûêΓûêΓûêΓûêΓûê    | 3015/5000 [9:48:28<6:13:56, 11.30s/ep, cand 3014 | r0 pass 1019/2994 | 
episodes solved 1019 | queue r0 1984 reprompt 0 | verifying 2 | 10.6 s/proposal]
first proposals:  60%|ΓûêΓûêΓûêΓûêΓûêΓûê    | 3016/5000 [9:48:48<7:33:25, 13.71s/ep, cand 3015 | r0 pass 1020/2995 | 
episodes solved 1020 | queue r0 1983 reprompt 0 | verifying 2 | 10.7 s/proposal]
first proposals:  60%|ΓûêΓûêΓûêΓûêΓûêΓûê    | 3017/5000 [9:49:03<7:44:46, 14.06s/ep, cand 3016 | r0 pass 1020/2996 | 
episodes solved 1020 | queue r0 1981 reprompt 0 | verifying 3 | 10.6 s/proposal]
first proposals:  60%|ΓûêΓûêΓûêΓûêΓûêΓûê    | 3018/5000 [9:49:16<7:32:37, 13.70s/ep, cand 3017 | r0 pass 1021/2997 | 
episodes solved 1021 | queue r0 1980 reprompt 0 | verifying 3 | 10.6 s/proposal]
first proposals:  60%|ΓûêΓûêΓûêΓûêΓûêΓûê    | 3020/5000 [9:49:39<6:54:05, 12.55s/ep, cand 3019 | r0 pass 1022/2999 | 
episodes solved 1022 | queue r0 1979 reprompt 0 | verifying 2 | 10.6 s/proposal]
first proposals:  60%|ΓûêΓûêΓûêΓûêΓûêΓûê    | 3021/5000 [9:49:52<6:59:04, 12.71s/ep, cand 3020 | r0 pass 1022/3000 | 
episodes solved 1022 | queue r0 1977 reprompt 0 | verifying 3 | 10.7 s/proposal]
first proposals:  60%|ΓûêΓûêΓûêΓûêΓûêΓûê    | 3023/5000 [9:50:01<5:12:57,  9.50s/ep, cand 3022 | r0 pass 1022/3002 | 
episodes solved 1022 | queue r0 1976 reprompt 0 | verifying 2 | 10.7 s/proposal]
first proposals:  60%|ΓûêΓûêΓûêΓûêΓûêΓûê    | 3024/5000 [9:50:24<6:51:40, 12.50s/ep, cand 3023 | r0 pass 1022/3003 | 
episodes solved 1022 | queue r0 1975 reprompt 0 | verifying 2 | 10.7 s/proposal]
first proposals:  61%|ΓûêΓûêΓûêΓûêΓûêΓûê    | 3026/5000 [9:50:35<5:19:56,  9.72s/ep, cand 3025 | r0 pass 1023/3005 | 
episodes solved 1023 | queue r0 1973 reprompt 0 | verifying 2 | 10.8 s/proposal]
first proposals:  61%|ΓûêΓûêΓûêΓûêΓûêΓûê    | 3027/5000 [9:50:44<5:12:32,  9.50s/ep, cand 3026 | r0 pass 1023/3006 | 
episodes solved 1023 | queue r0 1972 reprompt 0 | verifying 2 | 10.9 s/proposal]
first proposals:  61%|ΓûêΓûêΓûêΓûêΓûêΓûê    | 3028/5000 [9:51:03<6:29:33, 11.85s/ep, cand 3027 | r0 pass 1023/3007 | 
episodes solved 1023 | queue r0 1971 reprompt 0 | verifying 2 | 10.9 s/proposal]
first proposals:  61%|ΓûêΓûêΓûêΓûêΓûêΓûê    | 3029/5000 [9:51:15<6:30:51, 11.90s/ep, cand 3028 | r0 pass 1023/3008 | 
episodes solved 1023 | queue r0 1969 reprompt 0 | verifying 3 | 11.0 s/proposal]
first proposals:  61%|ΓûêΓûêΓûêΓûêΓûêΓûê    | 3030/5000 [9:51:28<6:38:18, 12.13s/ep, cand 3029 | r0 pass 1023/3009 | 
episodes solved 1023 | queue r0 1968 reprompt 0 | verifying 3 | 11.1 s/proposal]
first proposals:  61%|ΓûêΓûêΓûêΓûêΓûêΓûê    | 3032/5000 [9:51:52<6:35:01, 12.04s/ep, cand 3031 | r0 pass 1023/3011 | 
episodes solved 1023 | queue r0 1967 reprompt 0 | verifying 2 | 11.2 s/proposal]
first proposals:  61%|ΓûêΓûêΓûêΓûêΓûêΓûê    | 3034/5000 [9:52:00<4:57:33,  9.08s/ep, cand 3033 | r0 pass 1023/3013 | 
episodes solved 1023 | queue r0 1965 reprompt 0 | verifying 2 | 11.3 s/proposal]
first proposals:  61%|ΓûêΓûêΓûêΓûêΓûêΓûê    | 3035/5000 [9:52:27<6:58:41, 12.78s/ep, cand 3034 | r0 pass 1023/3014 | 
episodes solved 1023 | queue r0 1964 reprompt 0 | verifying 2 | 11.3 s/proposal]
first proposals:  61%|ΓûêΓûêΓûêΓûêΓûêΓûê    | 3037/5000 [9:52:54<7:07:13, 13.06s/ep, cand 3036 | r0 pass 1024/3016 | 
episodes solved 1024 | queue r0 1962 reprompt 0 | verifying 2 | 11.4 s/proposal]
first proposals:  61%|ΓûêΓûêΓûêΓûêΓûêΓûê    | 3039/5000 [9:53:16<6:41:46, 12.29s/ep, cand 3038 | r0 pass 1025/3018 | 
episodes solved 1025 | queue r0 1960 reprompt 0 | verifying 2 | 11.6 s/proposal]
first proposals:  61%|ΓûêΓûêΓûêΓûêΓûêΓûê    | 3041/5000 [9:53:27<5:31:27, 10.15s/ep, cand 3040 | r0 pass 1026/3020 | 
episodes solved 1026 | queue r0 1958 reprompt 0 | verifying 2 | 11.7 s/proposal]
first proposals:  61%|ΓûêΓûêΓûêΓûêΓûêΓûê    | 3042/5000 [9:53:36<5:22:15,  9.88s/ep, cand 3041 | r0 pass 1026/3021 | 
episodes solved 1026 | queue r0 1957 reprompt 0 | verifying 2 | 11.6 s/proposal]
first proposals:  61%|ΓûêΓûêΓûêΓûêΓûêΓûê    | 3043/5000 [9:53:48<5:35:23, 10.28s/ep, cand 3042 | r0 pass 1026/3022 | 
episodes solved 1026 | queue r0 1956 reprompt 0 | verifying 2 | 11.6 s/proposal]
first proposals:  61%|ΓûêΓûêΓûêΓûêΓûêΓûê    | 3044/5000 [9:53:59<5:40:16, 10.44s/ep, cand 3043 | r0 pass 1026/3023 | 
episodes solved 1026 | queue r0 1955 reprompt 0 | verifying 2 | 11.6 s/proposal]
first proposals:  61%|ΓûêΓûêΓûêΓûêΓûêΓûê    | 3045/5000 [9:54:20<7:12:16, 13.27s/ep, cand 3044 | r0 pass 1027/3024 | 
episodes solved 1027 | queue r0 1954 reprompt 0 | verifying 2 | 11.5 s/proposal]
first proposals:  61%|ΓûêΓûêΓûêΓûêΓûêΓûê    | 3047/5000 [9:54:29<5:10:23,  9.54s/ep, cand 3046 | r0 pass 1027/3026 | 
episodes solved 1027 | queue r0 1952 reprompt 0 | verifying 2 | 11.4 s/proposal]
first proposals:  61%|ΓûêΓûêΓûêΓûêΓûêΓûê    | 3048/5000 [9:54:40<5:22:56,  9.93s/ep, cand 3047 | r0 pass 1027/3027 | 
episodes solved 1027 | queue r0 1951 reprompt 0 | verifying 2 | 11.3 s/proposal]
first proposals:  61%|ΓûêΓûêΓûêΓûêΓûêΓûê    | 3049/5000 [9:54:50<5:18:37,  9.80s/ep, cand 3048 | r0 pass 1027/3028 | 
episodes solved 1027 | queue r0 1950 reprompt 0 | verifying 2 | 11.3 s/proposal]
first proposals:  61%|ΓûêΓûêΓûêΓûêΓûêΓûê    | 3050/5000 [9:55:15<7:26:00, 13.72s/ep, cand 3049 | r0 pass 1027/3029 | 
episodes solved 1027 | queue r0 1949 reprompt 0 | verifying 2 | 11.3 s/proposal]
first proposals:  61%|ΓûêΓûêΓûêΓûêΓûêΓûê    | 3052/5000 [9:55:37<6:52:31, 12.71s/ep, cand 3051 | r0 pass 1028/3031 | 
episodes solved 1028 | queue r0 1947 reprompt 0 | verifying 2 | 11.3 s/proposal]
first proposals:  61%|ΓûêΓûêΓûêΓûêΓûêΓûê    | 3054/5000 [9:55:51<5:38:23, 10.43s/ep, cand 3053 | r0 pass 1028/3033 | 
episodes solved 1028 | queue r0 1945 reprompt 0 | verifying 2 | 11.2 s/proposal]
first proposals:  61%|ΓûêΓûêΓûêΓûêΓûêΓûê    | 3055/5000 [9:56:13<7:02:20, 13.03s/ep, cand 3054 | r0 pass 1029/3034 | 
episodes solved 1029 | queue r0 1944 reprompt 0 | verifying 2 | 11.3 s/proposal]
first proposals:  61%|ΓûêΓûêΓûêΓûêΓûêΓûê    | 3056/5000 [9:56:22<6:29:35, 12.02s/ep, cand 3055 | r0 pass 1030/3035 | 
episodes solved 1030 | queue r0 1942 reprompt 0 | verifying 3 | 11.4 s/proposal]
first proposals:  61%|ΓûêΓûêΓûêΓûêΓûêΓûê    | 3058/5000 [9:56:31<4:53:15,  9.06s/ep, cand 3057 | r0 pass 1030/3037 | 
episodes solved 1030 | queue r0 1941 reprompt 0 | verifying 2 | 11.3 s/proposal]
first proposals:  61%|ΓûêΓûêΓûêΓûêΓûêΓûê    | 3059/5000 [9:56:48<5:45:55, 10.69s/ep, cand 3058 | r0 pass 1030/3038 | 
episodes solved 1030 | queue r0 1940 reprompt 0 | verifying 2 | 11.3 s/proposal]
first proposals:  61%|ΓûêΓûêΓûêΓûêΓûêΓûê    | 3060/5000 [9:56:58<5:46:08, 10.71s/ep, cand 3059 | r0 pass 1030/3039 | 
episodes solved 1030 | queue r0 1939 reprompt 0 | verifying 2 | 11.4 s/proposal]
first proposals:  61%|ΓûêΓûêΓûêΓûêΓûêΓûê    | 3061/5000 [9:57:09<5:41:18, 10.56s/ep, cand 3060 | r0 pass 1030/3040 | 
episodes solved 1030 | queue r0 1938 reprompt 0 | verifying 2 | 11.4 s/proposal]
first proposals:  61%|ΓûêΓûêΓûêΓûêΓûêΓûê    | 3062/5000 [9:57:39<8:33:36, 15.90s/ep, cand 3061 | r0 pass 1030/3041 | 
episodes solved 1030 | queue r0 1937 reprompt 0 | verifying 2 | 11.4 s/proposal]
first proposals:  61%|ΓûêΓûêΓûêΓûêΓûêΓûêΓûÅ   | 3064/5000 [9:57:48<5:52:23, 10.92s/ep, cand 3063 | r0 pass 1030/3043 | 
episodes solved 1030 | queue r0 1935 reprompt 0 | verifying 2 | 11.5 s/proposal]
first proposals:  61%|ΓûêΓûêΓûêΓûêΓûêΓûêΓûÅ   | 3065/5000 [9:58:34<10:20:36, 19.24s/ep, cand 3064 | r0 pass 1030/3044 
| episodes solved 1030 | queue r0 1934 reprompt 0 | verifying 2 | 11.4 s/proposal]
first proposals:  61%|ΓûêΓûêΓûêΓûêΓûêΓûêΓûÅ   | 3069/5000 [9:59:10<7:10:36, 13.38s/ep, cand 3068 | r0 pass 1031/3047 | 
episodes solved 1031 | queue r0 1932 reprompt 0 | verifying 0 | 11.9 s/proposal] 
first proposals:  61%|ΓûêΓûêΓûêΓûêΓûêΓûêΓûÅ   | 3070/5000 [9:59:34<8:08:17, 15.18s/ep, cand 3069 | r0 pass 1032/3048 | 
episodes solved 1032 | queue r0 1929 reprompt 0 | verifying 2 | 11.8 s/proposal]
first proposals:  61%|ΓûêΓûêΓûêΓûêΓûêΓûêΓûÅ   | 3071/5000 [9:59:51<8:19:08, 15.53s/ep, cand 3070 | r0 pass 1033/3049 | 
episodes solved 1033 | queue r0 1927 reprompt 0 | verifying 3 | 11.9 s/proposal]
first proposals:  61%|ΓûêΓûêΓûêΓûêΓûêΓûêΓûÅ   | 3072/5000 [10:00:00<7:31:57, 14.07s/ep, cand 3071 | r0 pass 1034/3050 
| episodes solved 1034 | queue r0 1926 reprompt 0 | verifying 3 | 11.9 s/proposal]
first proposals:  61%|ΓûêΓûêΓûêΓûêΓûêΓûêΓûÅ   | 3073/5000 [10:00:12<7:19:30, 13.68s/ep, cand 3072 | r0 pass 1034/3051 
| episodes solved 1034 | queue r0 1925 reprompt 0 | verifying 3 | 11.9 s/proposal]
first proposals:  62%|ΓûêΓûêΓûêΓûêΓûêΓûêΓûÅ   | 3075/5000 [10:00:25<5:40:38, 10.62s/ep, cand 3074 | r0 pass 1035/3053 
| episodes solved 1035 | queue r0 1924 reprompt 0 | verifying 2 | 11.9 s/proposal]
first proposals:  62%|ΓûêΓûêΓûêΓûêΓûêΓûêΓûÅ   | 3076/5000 [10:00:50<7:26:49, 13.93s/ep, cand 3075 | r0 pass 1036/3054 
| episodes solved 1036 | queue r0 1923 reprompt 0 | verifying 2 | 12.0 s/proposal]
first proposals:  62%|ΓûêΓûêΓûêΓûêΓûêΓûêΓûÅ   | 3078/5000 [10:01:03<5:53:30, 11.04s/ep, cand 3077 | r0 pass 1037/3056 
| episodes solved 1037 | queue r0 1921 reprompt 0 | verifying 2 | 12.1 s/proposal]
first proposals:  62%|ΓûêΓûêΓûêΓûêΓûêΓûêΓûÅ   | 3079/5000 [10:01:14<5:54:08, 11.06s/ep, cand 3078 | r0 pass 1037/3057 
| episodes solved 1037 | queue r0 1920 reprompt 0 | verifying 2 | 12.1 s/proposal]
first proposals:  62%|ΓûêΓûêΓûêΓûêΓûêΓûêΓûÅ   | 3081/5000 [10:01:46<6:52:31, 12.90s/ep, cand 3080 | r0 pass 1038/3059 
| episodes solved 1038 | queue r0 1919 reprompt 0 | verifying 1 | 12.2 s/proposal]
first proposals:  62%|ΓûêΓûêΓûêΓûêΓûêΓûêΓûÅ   | 3083/5000 [10:01:58<5:34:39, 10.47s/ep, cand 3082 | r0 pass 1039/3061 
| episodes solved 1039 | queue r0 1916 reprompt 0 | verifying 2 | 12.1 s/proposal]
first proposals:  62%|ΓûêΓûêΓûêΓûêΓûêΓûêΓûÅ   | 3084/5000 [10:02:10<5:46:55, 10.86s/ep, cand 3083 | r0 pass 1040/3062 
| episodes solved 1040 | queue r0 1915 reprompt 0 | verifying 2 | 12.1 s/proposal]
first proposals:  62%|ΓûêΓûêΓûêΓûêΓûêΓûêΓûÅ   | 3085/5000 [10:02:24<6:08:48, 11.56s/ep, cand 3084 | r0 pass 1040/3063 
| episodes solved 1040 | queue r0 1914 reprompt 0 | verifying 2 | 12.2 s/proposal]
first proposals:  62%|ΓûêΓûêΓûêΓûêΓûêΓûêΓûÅ   | 3086/5000 [10:02:35<6:04:00, 11.41s/ep, cand 3085 | r0 pass 1040/3064 
| episodes solved 1040 | queue r0 1913 reprompt 0 | verifying 2 | 12.2 s/proposal]
first proposals:  62%|ΓûêΓûêΓûêΓûêΓûêΓûêΓûÅ   | 3087/5000 [10:02:57<7:24:58, 13.96s/ep, cand 3086 | r0 pass 1040/3065 
| episodes solved 1040 | queue r0 1912 reprompt 0 | verifying 2 | 12.1 s/proposal]
first proposals:  62%|ΓûêΓûêΓûêΓûêΓûêΓûêΓûÅ   | 3089/5000 [10:03:12<6:00:59, 11.33s/ep, cand 3088 | r0 pass 1040/3067 
| episodes solved 1040 | queue r0 1910 reprompt 0 | verifying 2 | 12.0 s/proposal]
first proposals:  62%|ΓûêΓûêΓûêΓûêΓûêΓûêΓûÅ   | 3090/5000 [10:03:22<5:48:41, 10.95s/ep, cand 3089 | r0 pass 1040/3068 
| episodes solved 1040 | queue r0 1909 reprompt 0 | verifying 2 | 12.1 s/proposal]
first proposals:  62%|ΓûêΓûêΓûêΓûêΓûêΓûêΓûÅ   | 3091/5000 [10:03:49<7:58:11, 15.03s/ep, cand 3090 | r0 pass 1041/3069 
| episodes solved 1041 | queue r0 1908 reprompt 0 | verifying 2 | 12.1 s/proposal]
first proposals:  62%|ΓûêΓûêΓûêΓûêΓûêΓûêΓûÅ   | 3093/5000 [10:04:00<5:53:54, 11.14s/ep, cand 3092 | r0 pass 1042/3071 
| episodes solved 1042 | queue r0 1906 reprompt 0 | verifying 2 | 12.2 s/proposal]
first proposals:  62%|ΓûêΓûêΓûêΓûêΓûêΓûêΓûÅ   | 3094/5000 [10:04:13<6:00:31, 11.35s/ep, cand 3093 | r0 pass 1042/3072 
| episodes solved 1042 | queue r0 1905 reprompt 0 | verifying 2 | 12.2 s/proposal]
first proposals:  62%|ΓûêΓûêΓûêΓûêΓûêΓûêΓûÅ   | 3096/5000 [10:04:47<7:11:39, 13.60s/ep, cand 3095 | r0 pass 1042/3074 
| episodes solved 1042 | queue r0 1904 reprompt 0 | verifying 1 | 12.2 s/proposal]
first proposals:  62%|ΓûêΓûêΓûêΓûêΓûêΓûêΓûÅ   | 3097/5000 [10:04:57<6:47:50, 12.86s/ep, cand 3096 | r0 pass 1042/3075 
| episodes solved 1042 | queue r0 1902 reprompt 0 | verifying 2 | 12.5 s/proposal]
first proposals:  62%|ΓûêΓûêΓûêΓûêΓûêΓûêΓûÅ   | 3098/5000 [10:05:07<6:30:21, 12.31s/ep, cand 3097 | r0 pass 1043/3076 
| episodes solved 1043 | queue r0 1901 reprompt 0 | verifying 2 | 12.5 s/proposal]
first proposals:  62%|ΓûêΓûêΓûêΓûêΓûêΓûêΓûÅ   | 3099/5000 [10:05:22<6:47:09, 12.85s/ep, cand 3098 | r0 pass 1043/3077 
| episodes solved 1043 | queue r0 1900 reprompt 0 | verifying 2 | 12.5 s/proposal]
first proposals:  62%|ΓûêΓûêΓûêΓûêΓûêΓûêΓûÅ   | 3100/5000 [10:05:34<6:37:36, 12.56s/ep, cand 3099 | r0 pass 1043/3078 
| episodes solved 1043 | queue r0 1899 reprompt 0 | verifying 2 | 12.6 s/proposal]
first proposals:  62%|ΓûêΓûêΓûêΓûêΓûêΓûêΓûÅ   | 3101/5000 [10:05:45<6:26:17, 12.21s/ep, cand 3100 | r0 pass 1043/3079 
| episodes solved 1043 | queue r0 1898 reprompt 0 | verifying 2 | 12.6 s/proposal]
first proposals:  62%|ΓûêΓûêΓûêΓûêΓûêΓûêΓûÅ   | 3102/5000 [10:05:57<6:27:02, 12.24s/ep, cand 3101 | r0 pass 1043/3080 
| episodes solved 1043 | queue r0 1897 reprompt 0 | verifying 2 | 12.6 s/proposal]
first proposals:  62%|ΓûêΓûêΓûêΓûêΓûêΓûêΓûÅ   | 3104/5000 [10:06:36<8:10:25, 15.52s/ep, cand 3103 | r0 pass 1043/3082 
| episodes solved 1043 | queue r0 1896 reprompt 0 | verifying 1 | 12.6 s/proposal]
first proposals:  62%|ΓûêΓûêΓûêΓûêΓûêΓûêΓûÅ   | 3106/5000 [10:06:49<6:18:32, 11.99s/ep, cand 3105 | r0 pass 1045/3084 
| episodes solved 1045 | queue r0 1893 reprompt 0 | verifying 2 | 12.6 s/proposal]
first proposals:  62%|ΓûêΓûêΓûêΓûêΓûêΓûêΓûÅ   | 3107/5000 [10:06:59<6:04:02, 11.54s/ep, cand 3106 | r0 pass 1046/3085 
| episodes solved 1046 | queue r0 1892 reprompt 0 | verifying 2 | 12.7 s/proposal]
first proposals:  62%|ΓûêΓûêΓûêΓûêΓûêΓûêΓûÅ   | 3108/5000 [10:07:11<6:06:32, 11.62s/ep, cand 3107 | r0 pass 1046/3086 
| episodes solved 1046 | queue r0 1891 reprompt 0 | verifying 2 | 12.7 s/proposal]
first proposals:  62%|ΓûêΓûêΓûêΓûêΓûêΓûêΓûÅ   | 3109/5000 [10:07:20<5:42:19, 10.86s/ep, cand 3108 | r0 pass 1046/3087 
| episodes solved 1046 | queue r0 1890 reprompt 0 | verifying 2 | 12.8 s/proposal]
first proposals:  62%|ΓûêΓûêΓûêΓûêΓûêΓûêΓûÅ   | 3110/5000 [10:07:29<5:28:37, 10.43s/ep, cand 3109 | r0 pass 1047/3088 
| episodes solved 1047 | queue r0 1889 reprompt 0 | verifying 2 | 12.6 s/proposal]
first proposals:  62%|ΓûêΓûêΓûêΓûêΓûêΓûêΓûÅ   | 3111/5000 [10:07:56<7:52:19, 15.00s/ep, cand 3110 | r0 pass 1047/3089 
| episodes solved 1047 | queue r0 1888 reprompt 0 | verifying 2 | 12.6 s/proposal]
first proposals:  62%|ΓûêΓûêΓûêΓûêΓûêΓûêΓûÅ   | 3114/5000 [10:08:17<5:35:26, 10.67s/ep, cand 3113 | r0 pass 1048/3092 
| episodes solved 1048 | queue r0 1886 reprompt 0 | verifying 1 | 12.6 s/proposal]
first proposals:  62%|ΓûêΓûêΓûêΓûêΓûêΓûêΓûÅ   | 3115/5000 [10:08:54<8:21:57, 15.98s/ep, cand 3114 | r0 pass 1049/3093 
| episodes solved 1049 | queue r0 1884 reprompt 0 | verifying 2 | 12.5 s/proposal]
first proposals:  62%|ΓûêΓûêΓûêΓûêΓûêΓûêΓûÅ   | 3117/5000 [10:09:04<6:15:59, 11.98s/ep, cand 3116 | r0 pass 1050/3095 
| episodes solved 1050 | queue r0 1881 reprompt 0 | verifying 3 | 12.1 s/proposal]
first proposals:  62%|ΓûêΓûêΓûêΓûêΓûêΓûêΓûÅ   | 3119/5000 [10:09:28<6:18:32, 12.07s/ep, cand 3118 | r0 pass 1050/3097 
| episodes solved 1050 | queue r0 1880 reprompt 0 | verifying 2 | 12.1 s/proposal]
first proposals:  62%|ΓûêΓûêΓûêΓûêΓûêΓûêΓûÅ   | 3121/5000 [10:09:53<6:21:28, 12.18s/ep, cand 3120 | r0 pass 1050/3099 
| episodes solved 1050 | queue r0 1878 reprompt 0 | verifying 2 | 12.1 s/proposal]
first proposals:  62%|ΓûêΓûêΓûêΓûêΓûêΓûêΓûÅ   | 3122/5000 [10:10:02<6:00:15, 11.51s/ep, cand 3121 | r0 pass 1051/3100 
| episodes solved 1051 | queue r0 1876 reprompt 0 | verifying 3 | 12.0 s/proposal]
first proposals:  62%|ΓûêΓûêΓûêΓûêΓûêΓûêΓûÅ   | 3123/5000 [10:10:11<5:41:17, 10.91s/ep, cand 3122 | r0 pass 1051/3101 
| episodes solved 1051 | queue r0 1875 reprompt 0 | verifying 3 | 12.0 s/proposal]
first proposals:  62%|ΓûêΓûêΓûêΓûêΓûêΓûêΓûÄ   | 3125/5000 [10:10:22<4:38:17,  8.91s/ep, cand 3124 | r0 pass 1051/3103 
| episodes solved 1051 | queue r0 1874 reprompt 0 | verifying 2 | 11.9 s/proposal]
first proposals:  63%|ΓûêΓûêΓûêΓûêΓûêΓûêΓûÄ   | 3126/5000 [10:10:45<6:12:41, 11.93s/ep, cand 3125 | r0 pass 1052/3104 
| episodes solved 1052 | queue r0 1873 reprompt 0 | verifying 2 | 11.9 s/proposal]
first proposals:  63%|ΓûêΓûêΓûêΓûêΓûêΓûêΓûÄ   | 3127/5000 [10:10:57<6:12:35, 11.94s/ep, cand 3126 | r0 pass 1052/3105 
| episodes solved 1052 | queue r0 1871 reprompt 0 | verifying 3 | 11.9 s/proposal]
first proposals:  63%|ΓûêΓûêΓûêΓûêΓûêΓûêΓûÄ   | 3128/5000 [10:11:11<6:26:20, 12.38s/ep, cand 3127 | r0 pass 1053/3106 
| episodes solved 1053 | queue r0 1870 reprompt 0 | verifying 3 | 11.8 s/proposal]
first proposals:  63%|ΓûêΓûêΓûêΓûêΓûêΓûêΓûÄ   | 3131/5000 [10:11:32<5:00:42,  9.65s/ep, cand 3130 | r0 pass 1054/3109 
| episodes solved 1054 | queue r0 1869 reprompt 0 | verifying 1 | 11.9 s/proposal]
first proposals:  63%|ΓûêΓûêΓûêΓûêΓûêΓûêΓûÄ   | 3132/5000 [10:11:43<5:09:52,  9.95s/ep, cand 3131 | r0 pass 1055/3110 
| episodes solved 1055 | queue r0 1867 reprompt 0 | verifying 2 | 11.9 s/proposal]
first proposals:  63%|ΓûêΓûêΓûêΓûêΓûêΓûêΓûÄ   | 3133/5000 [10:11:55<5:25:34, 10.46s/ep, cand 3132 | r0 pass 1055/3111 
| episodes solved 1055 | queue r0 1866 reprompt 0 | verifying 2 | 11.9 s/proposal]
first proposals:  63%|ΓûêΓûêΓûêΓûêΓûêΓûêΓûÄ   | 3134/5000 [10:12:17<6:46:58, 13.09s/ep, cand 3133 | r0 pass 1055/3112 
| episodes solved 1055 | queue r0 1865 reprompt 0 | verifying 2 | 11.9 s/proposal]
first proposals:  63%|ΓûêΓûêΓûêΓûêΓûêΓûêΓûÄ   | 3135/5000 [10:12:32<7:01:24, 13.56s/ep, cand 3134 | r0 pass 1055/3113 
| episodes solved 1055 | queue r0 1863 reprompt 0 | verifying 3 | 11.8 s/proposal]
first proposals:  63%|ΓûêΓûêΓûêΓûêΓûêΓûêΓûÄ   | 3138/5000 [10:12:55<5:27:32, 10.55s/ep, cand 3137 | r0 pass 1055/3116 
| episodes solved 1055 | queue r0 1862 reprompt 0 | verifying 1 | 11.9 s/proposal]
first proposals:  63%|ΓûêΓûêΓûêΓûêΓûêΓûêΓûÄ   | 3139/5000 [10:13:39<8:52:14, 17.16s/ep, cand 3138 | r0 pass 1055/3117 
| episodes solved 1055 | queue r0 1860 reprompt 0 | verifying 2 | 11.9 s/proposal]
first proposals:  63%|ΓûêΓûêΓûêΓûêΓûêΓûêΓûÄ   | 3143/5000 [10:14:06<5:59:15, 11.61s/ep, cand 3142 | r0 pass 1056/3120 
| episodes solved 1056 | queue r0 1858 reprompt 0 | verifying 0 | 12.3 s/proposal]
first proposals:  63%|ΓûêΓûêΓûêΓûêΓûêΓûêΓûÄ   | 3144/5000 [10:14:31<7:07:21, 13.82s/ep, cand 3143 | r0 pass 1056/3120 
| episodes solved 1056 | queue r0 1857 reprompt 0 | verifying 0 | 12.5 s/proposal]
first proposals:  63%|ΓûêΓûêΓûêΓûêΓûêΓûêΓûÄ   | 3145/5000 [10:14:52<7:49:40, 15.19s/ep, cand 3144 | r0 pass 1057/3121 
| episodes solved 1057 | queue r0 1854 reprompt 0 | verifying 2 | 12.3 s/proposal]
first proposals:  63%|ΓûêΓûêΓûêΓûêΓûêΓûêΓûÄ   | 3147/5000 [10:15:14<7:04:08, 13.73s/ep, cand 3146 | r0 pass 1057/3123 
| episodes solved 1057 | queue r0 1852 reprompt 0 | verifying 2 | 12.1 s/proposal]
first proposals:  63%|ΓûêΓûêΓûêΓûêΓûêΓûêΓûÄ   | 3149/5000 [10:15:36<6:31:28, 12.69s/ep, cand 3148 | r0 pass 1057/3125 
| episodes solved 1057 | queue r0 1850 reprompt 0 | verifying 2 | 12.1 s/proposal]
first proposals:  63%|ΓûêΓûêΓûêΓûêΓûêΓûêΓûÄ   | 3150/5000 [10:15:50<6:43:17, 13.08s/ep, cand 3149 | r0 pass 1058/3126 
| episodes solved 1058 | queue r0 1848 reprompt 0 | verifying 3 | 12.0 s/proposal]
first proposals:  63%|ΓûêΓûêΓûêΓûêΓûêΓûêΓûÄ   | 3152/5000 [10:16:15<6:34:51, 12.82s/ep, cand 3151 | r0 pass 1059/3128 
| episodes solved 1059 | queue r0 1847 reprompt 0 | verifying 2 | 12.1 s/proposal]
first proposals:  63%|ΓûêΓûêΓûêΓûêΓûêΓûêΓûÄ   | 3154/5000 [10:16:26<5:19:33, 10.39s/ep, cand 3153 | r0 pass 1059/3130 
| episodes solved 1059 | queue r0 1845 reprompt 0 | verifying 2 | 12.0 s/proposal]
first proposals:  63%|ΓûêΓûêΓûêΓûêΓûêΓûêΓûÄ   | 3155/5000 [10:17:03<7:59:52, 15.61s/ep, cand 3154 | r0 pass 1059/3131 
| episodes solved 1059 | queue r0 1844 reprompt 0 | verifying 2 | 12.0 s/proposal]
first proposals:  63%|ΓûêΓûêΓûêΓûêΓûêΓûêΓûÄ   | 3158/5000 [10:17:18<5:29:52, 10.75s/ep, cand 3157 | r0 pass 1061/3134 
| episodes solved 1061 | queue r0 1841 reprompt 0 | verifying 2 | 12.0 s/proposal]
first proposals:  63%|ΓûêΓûêΓûêΓûêΓûêΓûêΓûÄ   | 3158/5000 [10:17:29<5:29:52, 10.75s/ep, cand 3158 | r0 pass 1061/3135 
| episodes solved 1061 | queue r0 1840 reprompt 0 | verifying 2 | 12.1 s/proposal]
first proposals:  63%|ΓûêΓûêΓûêΓûêΓûêΓûêΓûÄ   | 3159/5000 [10:17:31<5:42:48, 11.17s/ep, cand 3158 | r0 pass 1061/3135 
| episodes solved 1061 | queue r0 1840 reprompt 0 | verifying 2 | 12.1 s/proposal]
first proposals:  63%|ΓûêΓûêΓûêΓûêΓûêΓûêΓûÄ   | 3160/5000 [10:17:57<7:14:47, 14.18s/ep, cand 3159 | r0 pass 1062/3136 
| episodes solved 1062 | queue r0 1839 reprompt 0 | verifying 2 | 12.2 s/proposal]
first proposals:  63%|ΓûêΓûêΓûêΓûêΓûêΓûêΓûÄ   | 3162/5000 [10:18:10<5:44:05, 11.23s/ep, cand 3161 | r0 pass 1063/3138 
| episodes solved 1063 | queue r0 1837 reprompt 0 | verifying 2 | 12.2 s/proposal]
first proposals:  63%|ΓûêΓûêΓûêΓûêΓûêΓûêΓûÄ   | 3163/5000 [10:18:43<8:04:40, 15.83s/ep, cand 3162 | r0 pass 1063/3139 
| episodes solved 1063 | queue r0 1836 reprompt 0 | verifying 2 | 12.2 s/proposal]
first proposals:  63%|ΓûêΓûêΓûêΓûêΓûêΓûêΓûÄ   | 3166/5000 [10:18:53<5:02:11,  9.89s/ep, cand 3165 | r0 pass 1066/3142 
| episodes solved 1066 | queue r0 1834 reprompt 0 | verifying 1 | 12.5 s/proposal]
first proposals:  63%|ΓûêΓûêΓûêΓûêΓûêΓûêΓûÄ   | 3167/5000 [10:19:12<5:56:21, 11.66s/ep, cand 3166 | r0 pass 1066/3143 
| episodes solved 1066 | queue r0 1833 reprompt 0 | verifying 1 | 12.5 s/proposal]
first proposals:  63%|ΓûêΓûêΓûêΓûêΓûêΓûêΓûÄ   | 3169/5000 [10:19:31<5:31:02, 10.85s/ep, cand 3168 | r0 pass 1066/3145 
| episodes solved 1066 | queue r0 1831 reprompt 0 | verifying 1 | 12.3 s/proposal]
first proposals:  63%|ΓûêΓûêΓûêΓûêΓûêΓûêΓûÄ   | 3170/5000 [10:19:58<7:07:03, 14.00s/ep, cand 3169 | r0 pass 1066/3146 
| episodes solved 1066 | queue r0 1829 reprompt 0 | verifying 2 | 12.3 s/proposal]
first proposals:  63%|ΓûêΓûêΓûêΓûêΓûêΓûêΓûÄ   | 3172/5000 [10:20:20<6:37:29, 13.05s/ep, cand 3171 | r0 pass 1066/3148 
| episodes solved 1066 | queue r0 1827 reprompt 0 | verifying 2 | 12.3 s/proposal]
first proposals:  63%|ΓûêΓûêΓûêΓûêΓûêΓûêΓûÄ   | 3173/5000 [10:20:33<6:34:26, 12.95s/ep, cand 3172 | r0 pass 1066/3149 
| episodes solved 1066 | queue r0 1825 reprompt 0 | verifying 3 | 12.3 s/proposal]
first proposals:  64%|ΓûêΓûêΓûêΓûêΓûêΓûêΓûÄ   | 3175/5000 [10:20:42<4:58:05,  9.80s/ep, cand 3174 | r0 pass 1068/3151 
| episodes solved 1068 | queue r0 1824 reprompt 0 | verifying 2 | 12.4 s/proposal]
first proposals:  64%|ΓûêΓûêΓûêΓûêΓûêΓûêΓûÄ   | 3177/5000 [10:21:03<5:07:29, 10.12s/ep, cand 3176 | r0 pass 1068/3153 
| episodes solved 1068 | queue r0 1823 reprompt 0 | verifying 1 | 12.4 s/proposal]
first proposals:  64%|ΓûêΓûêΓûêΓûêΓûêΓûêΓûÄ   | 3178/5000 [10:21:25<6:16:03, 12.38s/ep, cand 3177 | r0 pass 1068/3154 
| episodes solved 1068 | queue r0 1821 reprompt 0 | verifying 2 | 12.3 s/proposal]
first proposals:  64%|ΓûêΓûêΓûêΓûêΓûêΓûêΓûÄ   | 3179/5000 [10:21:35<6:01:38, 11.92s/ep, cand 3178 | r0 pass 1069/3155 
| episodes solved 1069 | queue r0 1819 reprompt 0 | verifying 3 | 12.2 s/proposal]
first proposals:  64%|ΓûêΓûêΓûêΓûêΓûêΓûêΓûÄ   | 3181/5000 [10:21:46<4:44:01,  9.37s/ep, cand 3180 | r0 pass 1070/3157 
| episodes solved 1070 | queue r0 1818 reprompt 0 | verifying 2 | 12.2 s/proposal]
first proposals:  64%|ΓûêΓûêΓûêΓûêΓûêΓûêΓûÄ   | 3182/5000 [10:21:58<5:00:42,  9.92s/ep, cand 3181 | r0 pass 1071/3158 
| episodes solved 1071 | queue r0 1817 reprompt 0 | verifying 2 | 12.2 s/proposal]
first proposals:  64%|ΓûêΓûêΓûêΓûêΓûêΓûêΓûÄ   | 3183/5000 [10:22:23<6:54:16, 13.68s/ep, cand 3182 | r0 pass 1072/3159 
| episodes solved 1072 | queue r0 1816 reprompt 0 | verifying 2 | 12.2 s/proposal]
first proposals:  64%|ΓûêΓûêΓûêΓûêΓûêΓûêΓûÄ   | 3185/5000 [10:22:35<5:17:47, 10.51s/ep, cand 3184 | r0 pass 1073/3161 
| episodes solved 1073 | queue r0 1814 reprompt 0 | verifying 2 | 12.3 s/proposal]
first proposals:  64%|ΓûêΓûêΓûêΓûêΓûêΓûêΓûÄ   | 3186/5000 [10:22:58<6:44:44, 13.39s/ep, cand 3185 | r0 pass 1073/3162 
| episodes solved 1073 | queue r0 1813 reprompt 0 | verifying 2 | 12.3 s/proposal]
first proposals:  64%|ΓûêΓûêΓûêΓûêΓûêΓûêΓûÄ   | 3187/5000 [10:23:09<6:23:26, 12.69s/ep, cand 3186 | r0 pass 1074/3163 
| episodes solved 1074 | queue r0 1811 reprompt 0 | verifying 3 | 12.2 s/proposal]
first proposals:  64%|ΓûêΓûêΓûêΓûêΓûêΓûêΓûì   | 3189/5000 [10:23:21<5:03:16, 10.05s/ep, cand 3188 | r0 pass 1074/3165 
| episodes solved 1074 | queue r0 1810 reprompt 0 | verifying 2 | 12.2 s/proposal]
first proposals:  64%|ΓûêΓûêΓûêΓûêΓûêΓûêΓûì   | 3190/5000 [10:23:33<5:11:11, 10.32s/ep, cand 3189 | r0 pass 1074/3166 
| episodes solved 1074 | queue r0 1809 reprompt 0 | verifying 2 | 12.3 s/proposal]
first proposals:  64%|ΓûêΓûêΓûêΓûêΓûêΓûêΓûì   | 3191/5000 [10:23:44<5:19:44, 10.61s/ep, cand 3190 | r0 pass 1074/3167 
| episodes solved 1074 | queue r0 1808 reprompt 0 | verifying 2 | 11.8 s/proposal]
first proposals:  64%|ΓûêΓûêΓûêΓûêΓûêΓûêΓûì   | 3192/5000 [10:24:12<7:34:38, 15.09s/ep, cand 3191 | r0 pass 1075/3168 
| episodes solved 1075 | queue r0 1807 reprompt 0 | verifying 2 | 11.5 s/proposal]
first proposals:  64%|ΓûêΓûêΓûêΓûêΓûêΓûêΓûì   | 3194/5000 [10:24:23<5:29:20, 10.94s/ep, cand 3193 | r0 pass 1076/3170 
| episodes solved 1076 | queue r0 1805 reprompt 0 | verifying 2 | 11.7 s/proposal]
first proposals:  64%|ΓûêΓûêΓûêΓûêΓûêΓûêΓûì   | 3195/5000 [10:24:47<7:02:15, 14.04s/ep, cand 3194 | r0 pass 1077/3171 
| episodes solved 1077 | queue r0 1804 reprompt 0 | verifying 2 | 11.8 s/proposal]
first proposals:  64%|ΓûêΓûêΓûêΓûêΓûêΓûêΓûì   | 3197/5000 [10:24:57<5:12:07, 10.39s/ep, cand 3196 | r0 pass 1078/3173 
| episodes solved 1078 | queue r0 1802 reprompt 0 | verifying 2 | 11.8 s/proposal]
first proposals:  64%|ΓûêΓûêΓûêΓûêΓûêΓûêΓûì   | 3198/5000 [10:25:17<6:18:17, 12.60s/ep, cand 3197 | r0 pass 1078/3174 
| episodes solved 1078 | queue r0 1801 reprompt 0 | verifying 2 | 11.8 s/proposal]
first proposals:  64%|ΓûêΓûêΓûêΓûêΓûêΓûêΓûì   | 3199/5000 [10:25:33<6:39:48, 13.32s/ep, cand 3198 | r0 pass 1078/3175 
| episodes solved 1078 | queue r0 1799 reprompt 0 | verifying 3 | 11.8 s/proposal]
first proposals:  64%|ΓûêΓûêΓûêΓûêΓûêΓûêΓûì   | 3201/5000 [10:26:00<6:40:31, 13.36s/ep, cand 3200 | r0 pass 1080/3177 
| episodes solved 1080 | queue r0 1798 reprompt 0 | verifying 2 | 11.9 s/proposal]
first proposals:  64%|ΓûêΓûêΓûêΓûêΓûêΓûêΓûì   | 3203/5000 [10:26:11<5:14:19, 10.50s/ep, cand 3202 | r0 pass 1081/3179 
| episodes solved 1081 | queue r0 1796 reprompt 0 | verifying 2 | 11.8 s/proposal]
first proposals:  64%|ΓûêΓûêΓûêΓûêΓûêΓûêΓûì   | 3204/5000 [10:26:22<5:20:33, 10.71s/ep, cand 3203 | r0 pass 1081/3180 
| episodes solved 1081 | queue r0 1795 reprompt 0 | verifying 2 | 11.9 s/proposal]
first proposals:  64%|ΓûêΓûêΓûêΓûêΓûêΓûêΓûì   | 3205/5000 [10:26:31<5:06:23, 10.24s/ep, cand 3204 | r0 pass 1081/3181 
| episodes solved 1081 | queue r0 1794 reprompt 0 | verifying 2 | 11.9 s/proposal]
first proposals:  64%|ΓûêΓûêΓûêΓûêΓûêΓûêΓûì   | 3206/5000 [10:26:42<5:14:39, 10.52s/ep, cand 3205 | r0 pass 1081/3182 
| episodes solved 1081 | queue r0 1793 reprompt 0 | verifying 2 | 11.8 s/proposal]
first proposals:  64%|ΓûêΓûêΓûêΓûêΓûêΓûêΓûì   | 3207/5000 [10:27:06<7:00:44, 14.08s/ep, cand 3206 | r0 pass 1081/3183 
| episodes solved 1081 | queue r0 1792 reprompt 0 | verifying 2 | 11.8 s/proposal]
first proposals:  64%|ΓûêΓûêΓûêΓûêΓûêΓûêΓûì   | 3208/5000 [10:27:17<6:32:09, 13.13s/ep, cand 3207 | r0 pass 1081/3184 
| episodes solved 1081 | queue r0 1790 reprompt 0 | verifying 3 | 11.7 s/proposal]
first proposals:  64%|ΓûêΓûêΓûêΓûêΓûêΓûêΓûì   | 3210/5000 [10:27:27<4:44:06,  9.52s/ep, cand 3209 | r0 pass 1082/3186 
| episodes solved 1082 | queue r0 1789 reprompt 0 | verifying 2 | 11.7 s/proposal]
first proposals:  64%|ΓûêΓûêΓûêΓûêΓûêΓûêΓûì   | 3211/5000 [10:27:50<6:18:31, 12.69s/ep, cand 3210 | r0 pass 1082/3187 
| episodes solved 1082 | queue r0 1788 reprompt 0 | verifying 2 | 11.6 s/proposal]
first proposals:  64%|ΓûêΓûêΓûêΓûêΓûêΓûêΓûì   | 3212/5000 [10:28:03<6:27:19, 13.00s/ep, cand 3211 | r0 pass 1083/3188 
| episodes solved 1083 | queue r0 1786 reprompt 0 | verifying 3 | 11.6 s/proposal]
first proposals:  64%|ΓûêΓûêΓûêΓûêΓûêΓûêΓûì   | 3214/5000 [10:28:14<4:51:56,  9.81s/ep, cand 3213 | r0 pass 1084/3190 
| episodes solved 1084 | queue r0 1785 reprompt 0 | verifying 2 | 11.6 s/proposal]
first proposals:  64%|ΓûêΓûêΓûêΓûêΓûêΓûêΓûì   | 3215/5000 [10:28:23<4:44:12,  9.55s/ep, cand 3214 | r0 pass 1084/3191 
| episodes solved 1084 | queue r0 1784 reprompt 0 | verifying 2 | 11.4 s/proposal]
first proposals:  64%|ΓûêΓûêΓûêΓûêΓûêΓûêΓûì   | 3216/5000 [10:28:38<5:26:13, 10.97s/ep, cand 3215 | r0 pass 1085/3192 
| episodes solved 1085 | queue r0 1783 reprompt 0 | verifying 2 | 11.4 s/proposal]
first proposals:  64%|ΓûêΓûêΓûêΓûêΓûêΓûêΓûì   | 3217/5000 [10:28:49<5:23:00, 10.87s/ep, cand 3216 | r0 pass 1085/3193 
| episodes solved 1085 | queue r0 1782 reprompt 0 | verifying 2 | 11.5 s/proposal]
first proposals:  64%|ΓûêΓûêΓûêΓûêΓûêΓûêΓûì   | 3218/5000 [10:28:58<5:11:10, 10.48s/ep, cand 3217 | r0 pass 1085/3194 
| episodes solved 1085 | queue r0 1781 reprompt 0 | verifying 2 | 11.5 s/proposal]
first proposals:  64%|ΓûêΓûêΓûêΓûêΓûêΓûêΓûì   | 3219/5000 [10:29:20<6:41:16, 13.52s/ep, cand 3218 | r0 pass 1085/3195 
| episodes solved 1085 | queue r0 1780 reprompt 0 | verifying 2 | 11.5 s/proposal]
first proposals:  64%|ΓûêΓûêΓûêΓûêΓûêΓûêΓûì   | 3220/5000 [10:29:32<6:28:53, 13.11s/ep, cand 3219 | r0 pass 1085/3196 
| episodes solved 1085 | queue r0 1778 reprompt 0 | verifying 3 | 11.4 s/proposal]
first proposals:  64%|ΓûêΓûêΓûêΓûêΓûêΓûêΓûì   | 3222/5000 [10:29:57<6:24:32, 12.98s/ep, cand 3221 | r0 pass 1086/3198 
| episodes solved 1086 | queue r0 1777 reprompt 0 | verifying 2 | 11.4 s/proposal]
first proposals:  64%|ΓûêΓûêΓûêΓûêΓûêΓûêΓûì   | 3223/5000 [10:30:07<6:03:55, 12.29s/ep, cand 3222 | r0 pass 1087/3199 
| episodes solved 1087 | queue r0 1775 reprompt 0 | verifying 3 | 11.5 s/proposal]
first proposals:  64%|ΓûêΓûêΓûêΓûêΓûêΓûêΓûì   | 3225/5000 [10:30:28<5:38:24, 11.44s/ep, cand 3224 | r0 pass 1087/3201 
| episodes solved 1087 | queue r0 1774 reprompt 0 | verifying 2 | 11.4 s/proposal]
first proposals:  65%|ΓûêΓûêΓûêΓûêΓûêΓûêΓûì   | 3227/5000 [10:30:47<5:19:17, 10.81s/ep, cand 3226 | r0 pass 1089/3203 
| episodes solved 1089 | queue r0 1772 reprompt 0 | verifying 2 | 11.4 s/proposal]
first proposals:  65%|ΓûêΓûêΓûêΓûêΓûêΓûêΓûì   | 3229/5000 [10:31:05<4:57:05, 10.07s/ep, cand 3228 | r0 pass 1089/3205 
| episodes solved 1089 | queue r0 1770 reprompt 0 | verifying 2 | 11.5 s/proposal]
first proposals:  65%|ΓûêΓûêΓûêΓûêΓûêΓûêΓûì   | 3231/5000 [10:31:13<4:01:14,  8.18s/ep, cand 3230 | r0 pass 1089/3207 
| episodes solved 1089 | queue r0 1768 reprompt 0 | verifying 2 | 11.4 s/proposal]
first proposals:  65%|ΓûêΓûêΓûêΓûêΓûêΓûêΓûì   | 3232/5000 [10:31:34<5:10:24, 10.53s/ep, cand 3231 | r0 pass 1090/3208 
| episodes solved 1090 | queue r0 1767 reprompt 0 | verifying 2 | 11.3 s/proposal]
first proposals:  65%|ΓûêΓûêΓûêΓûêΓûêΓûêΓûì   | 3234/5000 [10:31:45<4:16:58,  8.73s/ep, cand 3233 | r0 pass 1090/3210 
| episodes solved 1090 | queue r0 1765 reprompt 0 | verifying 2 | 11.2 s/proposal]
first proposals:  65%|ΓûêΓûêΓûêΓûêΓûêΓûêΓûì   | 3235/5000 [10:31:55<4:25:44,  9.03s/ep, cand 3234 | r0 pass 1091/3211 
| episodes solved 1091 | queue r0 1764 reprompt 0 | verifying 2 | 11.2 s/proposal]
first proposals:  65%|ΓûêΓûêΓûêΓûêΓûêΓûêΓûì   | 3236/5000 [10:32:14<5:31:24, 11.27s/ep, cand 3235 | r0 pass 1091/3212 
| episodes solved 1091 | queue r0 1763 reprompt 0 | verifying 2 | 11.2 s/proposal]
first proposals:  65%|ΓûêΓûêΓûêΓûêΓûêΓûêΓûì   | 3238/5000 [10:32:43<6:05:32, 12.45s/ep, cand 3237 | r0 pass 1092/3214 
| episodes solved 1092 | queue r0 1761 reprompt 0 | verifying 2 | 11.1 s/proposal]
first proposals:  65%|ΓûêΓûêΓûêΓûêΓûêΓûêΓûì   | 3239/5000 [10:32:53<5:54:31, 12.08s/ep, cand 3238 | r0 pass 1092/3215 
| episodes solved 1092 | queue r0 1759 reprompt 0 | verifying 3 | 11.2 s/proposal]
first proposals:  65%|ΓûêΓûêΓûêΓûêΓûêΓûêΓûì   | 3241/5000 [10:33:02<4:27:37,  9.13s/ep, cand 3240 | r0 pass 1093/3217 
| episodes solved 1093 | queue r0 1758 reprompt 0 | verifying 2 | 11.2 s/proposal]
first proposals:  65%|ΓûêΓûêΓûêΓûêΓûêΓûêΓûì   | 3242/5000 [10:33:13<4:36:32,  9.44s/ep, cand 3241 | r0 pass 1094/3218 
| episodes solved 1094 | queue r0 1757 reprompt 0 | verifying 2 | 11.1 s/proposal]
first proposals:  65%|ΓûêΓûêΓûêΓûêΓûêΓûêΓûì   | 3243/5000 [10:33:21<4:26:09,  9.09s/ep, cand 3242 | r0 pass 1095/3219 
| episodes solved 1095 | queue r0 1756 reprompt 0 | verifying 2 | 11.0 s/proposal]
first proposals:  65%|ΓûêΓûêΓûêΓûêΓûêΓûêΓûì   | 3244/5000 [10:33:52<7:10:59, 14.73s/ep, cand 3243 | r0 pass 1096/3220 
| episodes solved 1096 | queue r0 1755 reprompt 0 | verifying 2 | 10.9 s/proposal]
first proposals:  65%|ΓûêΓûêΓûêΓûêΓûêΓûêΓûì   | 3247/5000 [10:34:29<6:34:53, 13.52s/ep, cand 3246 | r0 pass 1096/3222 
| episodes solved 1096 | queue r0 1754 reprompt 0 | verifying 0 | 11.3 s/proposal]
first proposals:  65%|ΓûêΓûêΓûêΓûêΓûêΓûêΓûì   | 3249/5000 [10:34:47<5:47:19, 11.90s/ep, cand 3248 | r0 pass 1098/3224 
| episodes solved 1098 | queue r0 1750 reprompt 0 | verifying 2 | 11.2 s/proposal]
first proposals:  65%|ΓûêΓûêΓûêΓûêΓûêΓûêΓûî   | 3250/5000 [10:34:58<5:45:21, 11.84s/ep, cand 3249 | r0 pass 1099/3225 
| episodes solved 1099 | queue r0 1748 reprompt 0 | verifying 3 | 11.0 s/proposal]
first proposals:  65%|ΓûêΓûêΓûêΓûêΓûêΓûêΓûî   | 3252/5000 [10:35:19<5:31:33, 11.38s/ep, cand 3251 | r0 pass 1100/3227 
| episodes solved 1100 | queue r0 1747 reprompt 0 | verifying 2 | 11.0 s/proposal]
first proposals:  65%|ΓûêΓûêΓûêΓûêΓûêΓûêΓûî   | 3253/5000 [10:35:27<5:12:28, 10.73s/ep, cand 3252 | r0 pass 1100/3228 
| episodes solved 1100 | queue r0 1745 reprompt 0 | verifying 3 | 10.9 s/proposal]
first proposals:  65%|ΓûêΓûêΓûêΓûêΓûêΓûêΓûî   | 3255/5000 [10:35:50<5:16:48, 10.89s/ep, cand 3254 | r0 pass 1101/3230 
| episodes solved 1101 | queue r0 1744 reprompt 0 | verifying 2 | 10.9 s/proposal]
first proposals:  65%|ΓûêΓûêΓûêΓûêΓûêΓûêΓûî   | 3256/5000 [10:36:01<5:17:35, 10.93s/ep, cand 3255 | r0 pass 1102/3231 
| episodes solved 1102 | queue r0 1742 reprompt 0 | verifying 3 | 10.9 s/proposal]
first proposals:  65%|ΓûêΓûêΓûêΓûêΓûêΓûêΓûî   | 3258/5000 [10:36:21<5:09:09, 10.65s/ep, cand 3257 | r0 pass 1102/3233 
| episodes solved 1102 | queue r0 1741 reprompt 0 | verifying 2 | 10.9 s/proposal]
first proposals:  65%|ΓûêΓûêΓûêΓûêΓûêΓûêΓûî   | 3260/5000 [10:36:30<4:05:40,  8.47s/ep, cand 3259 | r0 pass 1102/3235 
| episodes solved 1102 | queue r0 1739 reprompt 0 | verifying 2 | 10.8 s/proposal]
first proposals:  65%|ΓûêΓûêΓûêΓûêΓûêΓûêΓûî   | 3261/5000 [10:36:41<4:18:06,  8.91s/ep, cand 3260 | r0 pass 1102/3236 
| episodes solved 1102 | queue r0 1738 reprompt 0 | verifying 2 | 10.8 s/proposal]
first proposals:  65%|ΓûêΓûêΓûêΓûêΓûêΓûêΓûî   | 3262/5000 [10:37:05<6:00:06, 12.43s/ep, cand 3261 | r0 pass 1102/3237 
| episodes solved 1102 | queue r0 1737 reprompt 0 | verifying 2 | 10.8 s/proposal]
first proposals:  65%|ΓûêΓûêΓûêΓûêΓûêΓûêΓûî   | 3264/5000 [10:37:16<4:40:21,  9.69s/ep, cand 3263 | r0 pass 1103/3239 
| episodes solved 1103 | queue r0 1735 reprompt 0 | verifying 2 | 10.8 s/proposal]
first proposals:  65%|ΓûêΓûêΓûêΓûêΓûêΓûêΓûî   | 3265/5000 [10:37:28<4:56:19, 10.25s/ep, cand 3264 | r0 pass 1104/3240 
| episodes solved 1104 | queue r0 1734 reprompt 0 | verifying 2 | 10.8 s/proposal]
first proposals:  65%|ΓûêΓûêΓûêΓûêΓûêΓûêΓûî   | 3266/5000 [10:37:38<4:52:48, 10.13s/ep, cand 3265 | r0 pass 1104/3241 
| episodes solved 1104 | queue r0 1733 reprompt 0 | verifying 2 | 10.9 s/proposal]
first proposals:  65%|ΓûêΓûêΓûêΓûêΓûêΓûêΓûî   | 3267/5000 [10:37:47<4:44:33,  9.85s/ep, cand 3266 | r0 pass 1105/3242 
| episodes solved 1105 | queue r0 1732 reprompt 0 | verifying 2 | 10.8 s/proposal]
first proposals:  65%|ΓûêΓûêΓûêΓûêΓûêΓûêΓûî   | 3269/5000 [10:38:10<5:01:57, 10.47s/ep, cand 3268 | r0 pass 1105/3244 
| episodes solved 1105 | queue r0 1731 reprompt 0 | verifying 1 | 10.7 s/proposal]
first proposals:  65%|ΓûêΓûêΓûêΓûêΓûêΓûêΓûî   | 3270/5000 [10:38:19<4:49:52, 10.05s/ep, cand 3269 | r0 pass 1106/3245 
| episodes solved 1106 | queue r0 1729 reprompt 0 | verifying 2 | 10.8 s/proposal]
first proposals:  65%|ΓûêΓûêΓûêΓûêΓûêΓûêΓûî   | 3271/5000 [10:38:27<4:39:50,  9.71s/ep, cand 3270 | r0 pass 1107/3246 
| episodes solved 1107 | queue r0 1728 reprompt 0 | verifying 2 | 10.7 s/proposal]
first proposals:  65%|ΓûêΓûêΓûêΓûêΓûêΓûêΓûî   | 3272/5000 [10:38:37<4:44:04,  9.86s/ep, cand 3271 | r0 pass 1107/3247 
| episodes solved 1107 | queue r0 1727 reprompt 0 | verifying 2 | 10.7 s/proposal]
first proposals:  65%|ΓûêΓûêΓûêΓûêΓûêΓûêΓûî   | 3273/5000 [10:38:57<5:56:29, 12.39s/ep, cand 3272 | r0 pass 1107/3248 
| episodes solved 1107 | queue r0 1726 reprompt 0 | verifying 2 | 10.6 s/proposal]
first proposals:  65%|ΓûêΓûêΓûêΓûêΓûêΓûêΓûî   | 3274/5000 [10:39:07<5:42:24, 11.90s/ep, cand 3273 | r0 pass 1107/3249 
| episodes solved 1107 | queue r0 1724 reprompt 0 | verifying 3 | 10.5 s/proposal]
first proposals:  66%|ΓûêΓûêΓûêΓûêΓûêΓûêΓûî   | 3276/5000 [10:39:33<5:54:42, 12.34s/ep, cand 3275 | r0 pass 1108/3251 
| episodes solved 1108 | queue r0 1723 reprompt 0 | verifying 2 | 10.5 s/proposal]
first proposals:  66%|ΓûêΓûêΓûêΓûêΓûêΓûêΓûî   | 3277/5000 [10:39:46<6:01:10, 12.58s/ep, cand 3276 | r0 pass 1108/3252 
| episodes solved 1108 | queue r0 1721 reprompt 0 | verifying 3 | 10.7 s/proposal]
first proposals:  66%|ΓûêΓûêΓûêΓûêΓûêΓûêΓûî   | 3278/5000 [10:39:56<5:39:32, 11.83s/ep, cand 3277 | r0 pass 1109/3253 
| episodes solved 1109 | queue r0 1720 reprompt 0 | verifying 3 | 10.7 s/proposal]
first proposals:  66%|ΓûêΓûêΓûêΓûêΓûêΓûêΓûî   | 3280/5000 [10:40:17<5:23:37, 11.29s/ep, cand 3279 | r0 pass 1109/3255 
| episodes solved 1109 | queue r0 1719 reprompt 0 | verifying 2 | 10.8 s/proposal]
first proposals:  66%|ΓûêΓûêΓûêΓûêΓûêΓûêΓûî   | 3281/5000 [10:40:29<5:25:47, 11.37s/ep, cand 3280 | r0 pass 1110/3256 
| episodes solved 1110 | queue r0 1717 reprompt 0 | verifying 3 | 10.8 s/proposal]
first proposals:  66%|ΓûêΓûêΓûêΓûêΓûêΓûêΓûî   | 3282/5000 [10:40:37<5:05:16, 10.66s/ep, cand 3281 | r0 pass 1111/3257 
| episodes solved 1111 | queue r0 1716 reprompt 0 | verifying 3 | 10.9 s/proposal]
first proposals:  66%|ΓûêΓûêΓûêΓûêΓûêΓûêΓûî   | 3285/5000 [10:41:06<4:46:54, 10.04s/ep, cand 3284 | r0 pass 1111/3260 
| episodes solved 1111 | queue r0 1715 reprompt 0 | verifying 1 | 10.8 s/proposal]
first proposals:  66%|ΓûêΓûêΓûêΓûêΓûêΓûêΓûî   | 3287/5000 [10:41:15<3:58:08,  8.34s/ep, cand 3286 | r0 pass 1111/3262 
| episodes solved 1111 | queue r0 1712 reprompt 0 | verifying 2 | 10.8 s/proposal]
first proposals:  66%|ΓûêΓûêΓûêΓûêΓûêΓûêΓûî   | 3289/5000 [10:41:32<3:57:37,  8.33s/ep, cand 3288 | r0 pass 1112/3264 
| episodes solved 1112 | queue r0 1711 reprompt 0 | verifying 1 | 10.8 s/proposal]
first proposals:  66%|ΓûêΓûêΓûêΓûêΓûêΓûêΓûî   | 3290/5000 [10:41:42<4:07:22,  8.68s/ep, cand 3289 | r0 pass 1113/3265 
| episodes solved 1113 | queue r0 1709 reprompt 0 | verifying 2 | 10.5 s/proposal]
first proposals:  66%|ΓûêΓûêΓûêΓûêΓûêΓûêΓûî   | 3291/5000 [10:42:07<5:43:33, 12.06s/ep, cand 3290 | r0 pass 1114/3266 
| episodes solved 1114 | queue r0 1708 reprompt 0 | verifying 2 | 10.5 s/proposal]
first proposals:  66%|ΓûêΓûêΓûêΓûêΓûêΓûêΓûî   | 3292/5000 [10:42:16<5:24:29, 11.40s/ep, cand 3291 | r0 pass 1114/3267 
| episodes solved 1114 | queue r0 1706 reprompt 0 | verifying 3 | 10.6 s/proposal]
first proposals:  66%|ΓûêΓûêΓûêΓûêΓûêΓûêΓûî   | 3294/5000 [10:42:37<5:11:27, 10.95s/ep, cand 3293 | r0 pass 1115/3269 
| episodes solved 1115 | queue r0 1705 reprompt 0 | verifying 2 | 10.7 s/proposal]
first proposals:  66%|ΓûêΓûêΓûêΓûêΓûêΓûêΓûî   | 3295/5000 [10:42:51<5:33:29, 11.74s/ep, cand 3294 | r0 pass 1115/3270 
| episodes solved 1115 | queue r0 1703 reprompt 0 | verifying 3 | 10.3 s/proposal]
first proposals:  66%|ΓûêΓûêΓûêΓûêΓûêΓûêΓûî   | 3296/5000 [10:43:05<5:47:34, 12.24s/ep, cand 3295 | r0 pass 1115/3271 
| episodes solved 1115 | queue r0 1702 reprompt 0 | verifying 3 | 10.4 s/proposal]
first proposals:  66%|ΓûêΓûêΓûêΓûêΓûêΓûêΓûî   | 3298/5000 [10:43:14<4:17:29,  9.08s/ep, cand 3297 | r0 pass 1116/3273 
| episodes solved 1116 | queue r0 1701 reprompt 0 | verifying 2 | 10.5 s/proposal]
first proposals:  66%|ΓûêΓûêΓûêΓûêΓûêΓûêΓûî   | 3300/5000 [10:43:23<3:26:51,  7.30s/ep, cand 3299 | r0 pass 1116/3275 
| episodes solved 1116 | queue r0 1700 reprompt 0 | verifying 1 | 10.5 s/proposal]
first proposals:  66%|ΓûêΓûêΓûêΓûêΓûêΓûêΓûî   | 3301/5000 [10:43:45<4:53:44, 10.37s/ep, cand 3300 | r0 pass 1116/3276 
| episodes solved 1116 | queue r0 1699 reprompt 0 | verifying 1 | 10.5 s/proposal]
first proposals:  66%|ΓûêΓûêΓûêΓûêΓûêΓûêΓûî   | 3302/5000 [10:43:55<4:51:09, 10.29s/ep, cand 3301 | r0 pass 1116/3277 
| episodes solved 1116 | queue r0 1697 reprompt 0 | verifying 2 | 10.5 s/proposal]
first proposals:  66%|ΓûêΓûêΓûêΓûêΓûêΓûêΓûî   | 3303/5000 [10:44:05<4:50:56, 10.29s/ep, cand 3302 | r0 pass 1117/3278 
| episodes solved 1117 | queue r0 1696 reprompt 0 | verifying 2 | 10.5 s/proposal]
first proposals:  66%|ΓûêΓûêΓûêΓûêΓûêΓûêΓûî   | 3304/5000 [10:44:31<6:46:51, 14.39s/ep, cand 3303 | r0 pass 1117/3279 
| episodes solved 1117 | queue r0 1695 reprompt 0 | verifying 2 | 10.5 s/proposal]
first proposals:  66%|ΓûêΓûêΓûêΓûêΓûêΓûêΓûî   | 3305/5000 [10:44:42<6:22:53, 13.55s/ep, cand 3304 | r0 pass 1118/3280 
| episodes solved 1118 | queue r0 1693 reprompt 0 | verifying 3 | 10.6 s/proposal]
first proposals:  66%|ΓûêΓûêΓûêΓûêΓûêΓûêΓûî   | 3307/5000 [10:44:55<4:51:17, 10.32s/ep, cand 3306 | r0 pass 1119/3282 
| episodes solved 1119 | queue r0 1692 reprompt 0 | verifying 2 | 10.6 s/proposal]
first proposals:  66%|ΓûêΓûêΓûêΓûêΓûêΓûêΓûî   | 3308/5000 [10:45:17<6:10:05, 13.12s/ep, cand 3307 | r0 pass 1119/3283 
| episodes solved 1119 | queue r0 1691 reprompt 0 | verifying 2 | 10.6 s/proposal]
first proposals:  66%|ΓûêΓûêΓûêΓûêΓûêΓûêΓûî   | 3310/5000 [10:45:26<4:34:36,  9.75s/ep, cand 3309 | r0 pass 1119/3285 
| episodes solved 1119 | queue r0 1689 reprompt 0 | verifying 2 | 10.7 s/proposal]
first proposals:  66%|ΓûêΓûêΓûêΓûêΓûêΓûêΓûî   | 3311/5000 [10:45:39<4:53:53, 10.44s/ep, cand 3310 | r0 pass 1119/3286 
| episodes solved 1119 | queue r0 1688 reprompt 0 | verifying 2 | 10.7 s/proposal]
first proposals:  66%|ΓûêΓûêΓûêΓûêΓûêΓûêΓûî   | 3312/5000 [10:45:52<5:11:27, 11.07s/ep, cand 3311 | r0 pass 1119/3287 
| episodes solved 1119 | queue r0 1687 reprompt 0 | verifying 2 | 10.7 s/proposal]
first proposals:  66%|ΓûêΓûêΓûêΓûêΓûêΓûêΓûï   | 3313/5000 [10:46:02<5:05:21, 10.86s/ep, cand 3312 | r0 pass 1120/3288 
| episodes solved 1120 | queue r0 1686 reprompt 0 | verifying 2 | 10.8 s/proposal]
first proposals:  66%|ΓûêΓûêΓûêΓûêΓûêΓûêΓûï   | 3314/5000 [10:46:16<5:26:45, 11.63s/ep, cand 3313 | r0 pass 1121/3289 
| episodes solved 1121 | queue r0 1685 reprompt 0 | verifying 2 | 10.7 s/proposal]
first proposals:  66%|ΓûêΓûêΓûêΓûêΓûêΓûêΓûï   | 3315/5000 [10:46:29<5:33:28, 11.87s/ep, cand 3314 | r0 pass 1121/3290 
| episodes solved 1121 | queue r0 1684 reprompt 0 | verifying 2 | 10.8 s/proposal]
first proposals:  66%|ΓûêΓûêΓûêΓûêΓûêΓûêΓûï   | 3316/5000 [10:46:38<5:14:20, 11.20s/ep, cand 3315 | r0 pass 1121/3291 
| episodes solved 1121 | queue r0 1683 reprompt 0 | verifying 2 | 10.8 s/proposal]
first proposals:  66%|ΓûêΓûêΓûêΓûêΓûêΓûêΓûï   | 3317/5000 [10:47:09<7:53:46, 16.89s/ep, cand 3316 | r0 pass 1122/3292 
| episodes solved 1122 | queue r0 1682 reprompt 0 | verifying 2 | 10.8 s/proposal]
first proposals:  66%|ΓûêΓûêΓûêΓûêΓûêΓûêΓûï   | 3320/5000 [10:47:21<4:32:44,  9.74s/ep, cand 3319 | r0 pass 1124/3295 
| episodes solved 1124 | queue r0 1679 reprompt 0 | verifying 2 | 10.7 s/proposal]
first proposals:  66%|ΓûêΓûêΓûêΓûêΓûêΓûêΓûï   | 3320/5000 [10:47:38<4:32:44,  9.74s/ep, cand 3320 | r0 pass 1124/3296 
| episodes solved 1124 | queue r0 1678 reprompt 0 | verifying 2 | 10.8 s/proposal]
first proposals:  66%|ΓûêΓûêΓûêΓûêΓûêΓûêΓûï   | 3321/5000 [10:47:49<6:18:17, 13.52s/ep, cand 3320 | r0 pass 1124/3296 
| episodes solved 1124 | queue r0 1678 reprompt 0 | verifying 2 | 10.8 s/proposal]
first proposals:  66%|ΓûêΓûêΓûêΓûêΓûêΓûêΓûï   | 3323/5000 [10:48:12<5:55:49, 12.73s/ep, cand 3322 | r0 pass 1126/3298 
| episodes solved 1126 | queue r0 1676 reprompt 0 | verifying 2 | 11.0 s/proposal]
first proposals:  66%|ΓûêΓûêΓûêΓûêΓûêΓûêΓûï   | 3324/5000 [10:48:23<5:50:23, 12.54s/ep, cand 3323 | r0 pass 1126/3299 
| episodes solved 1126 | queue r0 1674 reprompt 0 | verifying 3 | 11.1 s/proposal]
first proposals:  66%|ΓûêΓûêΓûêΓûêΓûêΓûêΓûï   | 3325/5000 [10:48:37<5:58:32, 12.84s/ep, cand 3324 | r0 pass 1127/3300 
| episodes solved 1127 | queue r0 1673 reprompt 0 | verifying 3 | 11.1 s/proposal]
first proposals:  67%|ΓûêΓûêΓûêΓûêΓûêΓûêΓûï   | 3327/5000 [10:48:54<5:05:50, 10.97s/ep, cand 3326 | r0 pass 1127/3302 
| episodes solved 1127 | queue r0 1672 reprompt 0 | verifying 2 | 11.1 s/proposal]
first proposals:  67%|ΓûêΓûêΓûêΓûêΓûêΓûêΓûï   | 3328/5000 [10:49:02<4:50:30, 10.43s/ep, cand 3327 | r0 pass 1127/3303 
| episodes solved 1127 | queue r0 1671 reprompt 0 | verifying 2 | 11.2 s/proposal]
first proposals:  67%|ΓûêΓûêΓûêΓûêΓûêΓûêΓûï   | 3329/5000 [10:49:10<4:32:57,  9.80s/ep, cand 3328 | r0 pass 1127/3304 
| episodes solved 1127 | queue r0 1670 reprompt 0 | verifying 2 | 11.1 s/proposal]
first proposals:  67%|ΓûêΓûêΓûêΓûêΓûêΓûêΓûï   | 3330/5000 [10:49:29<5:35:44, 12.06s/ep, cand 3329 | r0 pass 1127/3305 
| episodes solved 1127 | queue r0 1669 reprompt 0 | verifying 2 | 11.0 s/proposal]
first proposals:  67%|ΓûêΓûêΓûêΓûêΓûêΓûêΓûï   | 3332/5000 [10:49:52<5:31:08, 11.91s/ep, cand 3331 | r0 pass 1127/3307 
| episodes solved 1127 | queue r0 1667 reprompt 0 | verifying 2 | 11.0 s/proposal]
first proposals:  67%|ΓûêΓûêΓûêΓûêΓûêΓûêΓûï   | 3333/5000 [10:50:02<5:21:27, 11.57s/ep, cand 3332 | r0 pass 1127/3308 
| episodes solved 1127 | queue r0 1665 reprompt 0 | verifying 3 | 11.1 s/proposal]
first proposals:  67%|ΓûêΓûêΓûêΓûêΓûêΓûêΓûï   | 3334/5000 [10:50:11<4:58:50, 10.76s/ep, cand 3333 | r0 pass 1128/3309 
| episodes solved 1128 | queue r0 1664 reprompt 0 | verifying 3 | 11.1 s/proposal]
first proposals:  67%|ΓûêΓûêΓûêΓûêΓûêΓûêΓûï   | 3336/5000 [10:50:34<5:11:34, 11.23s/ep, cand 3335 | r0 pass 1128/3311 
| episodes solved 1128 | queue r0 1663 reprompt 0 | verifying 2 | 11.1 s/proposal]
first proposals:  67%|ΓûêΓûêΓûêΓûêΓûêΓûêΓûï   | 3337/5000 [10:50:44<5:02:17, 10.91s/ep, cand 3336 | r0 pass 1129/3312 
| episodes solved 1129 | queue r0 1662 reprompt 0 | verifying 2 | 11.3 s/proposal]
first proposals:  67%|ΓûêΓûêΓûêΓûêΓûêΓûêΓûï   | 3338/5000 [10:50:55<5:03:31, 10.96s/ep, cand 3337 | r0 pass 1130/3313 
| episodes solved 1130 | queue r0 1661 reprompt 0 | verifying 2 | 11.3 s/proposal]
first proposals:  67%|ΓûêΓûêΓûêΓûêΓûêΓûêΓûï   | 3339/5000 [10:51:05<4:57:07, 10.73s/ep, cand 3338 | r0 pass 1130/3314 
| episodes solved 1130 | queue r0 1660 reprompt 0 | verifying 2 | 11.4 s/proposal]
first proposals:  67%|ΓûêΓûêΓûêΓûêΓûêΓûêΓûï   | 3340/5000 [10:51:15<4:51:18, 10.53s/ep, cand 3339 | r0 pass 1131/3315 
| episodes solved 1131 | queue r0 1659 reprompt 0 | verifying 2 | 11.4 s/proposal]
first proposals:  67%|ΓûêΓûêΓûêΓûêΓûêΓûêΓûï   | 3341/5000 [10:51:27<4:58:15, 10.79s/ep, cand 3340 | r0 pass 1132/3316 
| episodes solved 1132 | queue r0 1658 reprompt 0 | verifying 2 | 11.4 s/proposal]
first proposals:  67%|ΓûêΓûêΓûêΓûêΓûêΓûêΓûï   | 3343/5000 [10:52:02<6:19:03, 13.73s/ep, cand 3342 | r0 pass 1132/3318 
| episodes solved 1132 | queue r0 1657 reprompt 0 | verifying 1 | 11.4 s/proposal]
first proposals:  67%|ΓûêΓûêΓûêΓûêΓûêΓûêΓûï   | 3344/5000 [10:52:19<6:41:57, 14.56s/ep, cand 3343 | r0 pass 1133/3319 
| episodes solved 1133 | queue r0 1654 reprompt 0 | verifying 3 | 11.5 s/proposal]
first proposals:  67%|ΓûêΓûêΓûêΓûêΓûêΓûêΓûï   | 3346/5000 [10:52:32<5:10:42, 11.27s/ep, cand 3345 | r0 pass 1133/3321 
| episodes solved 1133 | queue r0 1653 reprompt 0 | verifying 2 | 11.6 s/proposal]
first proposals:  67%|ΓûêΓûêΓûêΓûêΓûêΓûêΓûï   | 3347/5000 [10:52:42<5:04:00, 11.03s/ep, cand 3346 | r0 pass 1134/3322 
| episodes solved 1134 | queue r0 1652 reprompt 0 | verifying 2 | 11.6 s/proposal]
first proposals:  67%|ΓûêΓûêΓûêΓûêΓûêΓûêΓûï   | 3348/5000 [10:52:53<5:05:10, 11.08s/ep, cand 3347 | r0 pass 1134/3323 
| episodes solved 1134 | queue r0 1651 reprompt 0 | verifying 2 | 11.5 s/proposal]
first proposals:  67%|ΓûêΓûêΓûêΓûêΓûêΓûêΓûï   | 3349/5000 [10:53:03<4:52:51, 10.64s/ep, cand 3348 | r0 pass 1134/3324 
| episodes solved 1134 | queue r0 1650 reprompt 0 | verifying 2 | 11.5 s/proposal]
first proposals:  67%|ΓûêΓûêΓûêΓûêΓûêΓûêΓûï   | 3350/5000 [10:53:27<6:36:32, 14.42s/ep, cand 3349 | r0 pass 1134/3325 
| episodes solved 1134 | queue r0 1649 reprompt 0 | verifying 2 | 11.6 s/proposal]
first proposals:  67%|ΓûêΓûêΓûêΓûêΓûêΓûêΓûï   | 3352/5000 [10:53:37<4:39:40, 10.18s/ep, cand 3351 | r0 pass 1135/3327 
| episodes solved 1135 | queue r0 1647 reprompt 0 | verifying 2 | 11.6 s/proposal]
first proposals:  67%|ΓûêΓûêΓûêΓûêΓûêΓûêΓûï   | 3353/5000 [10:53:46<4:32:27,  9.93s/ep, cand 3352 | r0 pass 1135/3328 
| episodes solved 1135 | queue r0 1646 reprompt 0 | verifying 2 | 11.6 s/proposal]
first proposals:  67%|ΓûêΓûêΓûêΓûêΓûêΓûêΓûï   | 3354/5000 [10:53:58<4:46:18, 10.44s/ep, cand 3353 | r0 pass 1135/3329 
| episodes solved 1135 | queue r0 1645 reprompt 0 | verifying 2 | 11.6 s/proposal]
first proposals:  67%|ΓûêΓûêΓûêΓûêΓûêΓûêΓûï   | 3355/5000 [10:54:18<5:57:38, 13.04s/ep, cand 3354 | r0 pass 1136/3330 
| episodes solved 1136 | queue r0 1644 reprompt 0 | verifying 2 | 11.5 s/proposal]
first proposals:  67%|ΓûêΓûêΓûêΓûêΓûêΓûêΓûï   | 3357/5000 [10:54:30<4:35:39, 10.07s/ep, cand 3356 | r0 pass 1137/3332 
| episodes solved 1137 | queue r0 1642 reprompt 0 | verifying 2 | 11.5 s/proposal]
first proposals:  67%|ΓûêΓûêΓûêΓûêΓûêΓûêΓûï   | 3358/5000 [10:54:41<4:36:33, 10.11s/ep, cand 3357 | r0 pass 1138/3333 
| episodes solved 1138 | queue r0 1641 reprompt 0 | verifying 2 | 11.5 s/proposal]
first proposals:  67%|ΓûêΓûêΓûêΓûêΓûêΓûêΓûï   | 3360/5000 [10:55:19<6:15:33, 13.74s/ep, cand 3359 | r0 pass 1138/3335 
| episodes solved 1138 | queue r0 1640 reprompt 0 | verifying 1 | 11.5 s/proposal]
first proposals:  67%|ΓûêΓûêΓûêΓûêΓûêΓûêΓûï   | 3362/5000 [10:55:37<5:28:34, 12.04s/ep, cand 3361 | r0 pass 1139/3337 
| episodes solved 1139 | queue r0 1637 reprompt 0 | verifying 2 | 11.6 s/proposal]
first proposals:  67%|ΓûêΓûêΓûêΓûêΓûêΓûêΓûï   | 3364/5000 [10:55:55<4:58:55, 10.96s/ep, cand 3363 | r0 pass 1140/3339 
| episodes solved 1140 | queue r0 1635 reprompt 0 | verifying 2 | 11.5 s/proposal]
first proposals:  67%|ΓûêΓûêΓûêΓûêΓûêΓûêΓûï   | 3365/5000 [10:56:10<5:19:07, 11.71s/ep, cand 3364 | r0 pass 1141/3340 
| episodes solved 1141 | queue r0 1633 reprompt 0 | verifying 3 | 11.3 s/proposal]
first proposals:  67%|ΓûêΓûêΓûêΓûêΓûêΓûêΓûï   | 3366/5000 [10:56:25<5:42:29, 12.58s/ep, cand 3365 | r0 pass 1141/3341 
| episodes solved 1141 | queue r0 1632 reprompt 0 | verifying 3 | 11.4 s/proposal]
first proposals:  67%|ΓûêΓûêΓûêΓûêΓûêΓûêΓûï   | 3368/5000 [10:56:35<4:21:10,  9.60s/ep, cand 3367 | r0 pass 1143/3343 
| episodes solved 1143 | queue r0 1631 reprompt 0 | verifying 2 | 11.5 s/proposal]
first proposals:  67%|ΓûêΓûêΓûêΓûêΓûêΓûêΓûï   | 3369/5000 [10:56:45<4:26:18,  9.80s/ep, cand 3368 | r0 pass 1143/3344 
| episodes solved 1143 | queue r0 1630 reprompt 0 | verifying 2 | 11.5 s/proposal]
first proposals:  67%|ΓûêΓûêΓûêΓûêΓûêΓûêΓûï   | 3370/5000 [10:57:08<5:49:54, 12.88s/ep, cand 3369 | r0 pass 1143/3345 
| episodes solved 1143 | queue r0 1629 reprompt 0 | verifying 2 | 11.5 s/proposal]
first proposals:  67%|ΓûêΓûêΓûêΓûêΓûêΓûêΓûï   | 3373/5000 [10:57:39<5:13:14, 11.55s/ep, cand 3372 | r0 pass 1145/3348 
| episodes solved 1145 | queue r0 1627 reprompt 0 | verifying 1 | 11.4 s/proposal]
first proposals:  68%|ΓûêΓûêΓûêΓûêΓûêΓûêΓûè   | 3375/5000 [10:58:00<5:04:08, 11.23s/ep, cand 3374 | r0 pass 1147/3350 
| episodes solved 1147 | queue r0 1624 reprompt 0 | verifying 2 | 11.3 s/proposal]
first proposals:  68%|ΓûêΓûêΓûêΓûêΓûêΓûêΓûè   | 3376/5000 [10:58:09<4:50:31, 10.73s/ep, cand 3375 | r0 pass 1148/3351 
| episodes solved 1148 | queue r0 1622 reprompt 0 | verifying 3 | 11.2 s/proposal]
first proposals:  68%|ΓûêΓûêΓûêΓûêΓûêΓûêΓûè   | 3378/5000 [10:58:18<3:53:39,  8.64s/ep, cand 3377 | r0 pass 1150/3353 
| episodes solved 1150 | queue r0 1621 reprompt 0 | verifying 2 | 11.1 s/proposal]
first proposals:  68%|ΓûêΓûêΓûêΓûêΓûêΓûêΓûè   | 3379/5000 [10:58:28<3:59:08,  8.85s/ep, cand 3378 | r0 pass 1150/3354 
| episodes solved 1150 | queue r0 1620 reprompt 0 | verifying 2 | 11.1 s/proposal]
first proposals:  68%|ΓûêΓûêΓûêΓûêΓûêΓûêΓûè   | 3380/5000 [10:58:37<3:59:53,  8.89s/ep, cand 3379 | r0 pass 1150/3355 
| episodes solved 1150 | queue r0 1619 reprompt 0 | verifying 2 | 11.1 s/proposal]
first proposals:  68%|ΓûêΓûêΓûêΓûêΓûêΓûêΓûè   | 3381/5000 [10:58:47<4:07:27,  9.17s/ep, cand 3380 | r0 pass 1150/3356 
| episodes solved 1150 | queue r0 1618 reprompt 0 | verifying 2 | 11.1 s/proposal]
first proposals:  68%|ΓûêΓûêΓûêΓûêΓûêΓûêΓûè   | 3382/5000 [10:59:13<6:00:31, 13.37s/ep, cand 3381 | r0 pass 1150/3357 
| episodes solved 1150 | queue r0 1617 reprompt 0 | verifying 2 | 11.1 s/proposal]
first proposals:  68%|ΓûêΓûêΓûêΓûêΓûêΓûêΓûè   | 3383/5000 [10:59:23<5:40:50, 12.65s/ep, cand 3382 | r0 pass 1151/3358 
| episodes solved 1151 | queue r0 1615 reprompt 0 | verifying 3 | 11.2 s/proposal]
first proposals:  68%|ΓûêΓûêΓûêΓûêΓûêΓûêΓûè   | 3385/5000 [10:59:34<4:16:18,  9.52s/ep, cand 3384 | r0 pass 1153/3360 
| episodes solved 1153 | queue r0 1614 reprompt 0 | verifying 2 | 11.2 s/proposal]
first proposals:  68%|ΓûêΓûêΓûêΓûêΓûêΓûêΓûè   | 3386/5000 [10:59:43<4:09:22,  9.27s/ep, cand 3385 | r0 pass 1153/3361 
| episodes solved 1153 | queue r0 1613 reprompt 0 | verifying 2 | 11.2 s/proposal]
first proposals:  68%|ΓûêΓûêΓûêΓûêΓûêΓûêΓûè   | 3387/5000 [10:59:50<3:59:41,  8.92s/ep, cand 3386 | r0 pass 1153/3362 
| episodes solved 1153 | queue r0 1612 reprompt 0 | verifying 2 | 10.9 s/proposal]
first proposals:  68%|ΓûêΓûêΓûêΓûêΓûêΓûêΓûè   | 3388/5000 [10:59:59<3:58:35,  8.88s/ep, cand 3387 | r0 pass 1154/3363 
| episodes solved 1154 | queue r0 1611 reprompt 0 | verifying 2 | 10.9 s/proposal]
first proposals:  68%|ΓûêΓûêΓûêΓûêΓûêΓûêΓûè   | 3389/5000 [11:00:10<4:09:48,  9.30s/ep, cand 3388 | r0 pass 1154/3364 
| episodes solved 1154 | queue r0 1610 reprompt 0 | verifying 2 | 10.8 s/proposal]
first proposals:  68%|ΓûêΓûêΓûêΓûêΓûêΓûêΓûè   | 3391/5000 [11:00:40<5:18:58, 11.89s/ep, cand 3390 | r0 pass 1155/3366 
| episodes solved 1155 | queue r0 1609 reprompt 0 | verifying 1 | 10.8 s/proposal]
first proposals:  68%|ΓûêΓûêΓûêΓûêΓûêΓûêΓûè   | 3393/5000 [11:00:58<4:45:59, 10.68s/ep, cand 3392 | r0 pass 1156/3368 
| episodes solved 1156 | queue r0 1606 reprompt 0 | verifying 2 | 10.8 s/proposal]
first proposals:  68%|ΓûêΓûêΓûêΓûêΓûêΓûêΓûè   | 3395/5000 [11:01:09<3:56:19,  8.83s/ep, cand 3394 | r0 pass 1157/3370 
| episodes solved 1157 | queue r0 1604 reprompt 0 | verifying 2 | 10.7 s/proposal]
first proposals:  68%|ΓûêΓûêΓûêΓûêΓûêΓûêΓûè   | 3396/5000 [11:01:19<4:05:54,  9.20s/ep, cand 3395 | r0 pass 1157/3371 
| episodes solved 1157 | queue r0 1603 reprompt 0 | verifying 2 | 10.6 s/proposal]
first proposals:  68%|ΓûêΓûêΓûêΓûêΓûêΓûêΓûè   | 3397/5000 [11:01:33<4:35:47, 10.32s/ep, cand 3396 | r0 pass 1158/3372 
| episodes solved 1158 | queue r0 1602 reprompt 0 | verifying 2 | 10.5 s/proposal]
first proposals:  68%|ΓûêΓûêΓûêΓûêΓûêΓûêΓûè   | 3398/5000 [11:01:43<4:34:22, 10.28s/ep, cand 3397 | r0 pass 1158/3373 
| episodes solved 1158 | queue r0 1601 reprompt 0 | verifying 2 | 10.6 s/proposal]
first proposals:  68%|ΓûêΓûêΓûêΓûêΓûêΓûêΓûè   | 3399/5000 [11:01:56<4:51:56, 10.94s/ep, cand 3398 | r0 pass 1158/3374 
| episodes solved 1158 | queue r0 1600 reprompt 0 | verifying 2 | 10.6 s/proposal]
first proposals:  68%|ΓûêΓûêΓûêΓûêΓûêΓûêΓûè   | 3400/5000 [11:02:07<4:52:31, 10.97s/ep, cand 3399 | r0 pass 1158/3375 
| episodes solved 1158 | queue r0 1599 reprompt 0 | verifying 2 | 10.6 s/proposal]
first proposals:  68%|ΓûêΓûêΓûêΓûêΓûêΓûêΓûè   | 3401/5000 [11:02:20<5:03:55, 11.40s/ep, cand 3400 | r0 pass 1158/3376 
| episodes solved 1158 | queue r0 1598 reprompt 0 | verifying 2 | 10.6 s/proposal]
first proposals:  68%|ΓûêΓûêΓûêΓûêΓûêΓûêΓûè   | 3402/5000 [11:02:31<4:58:41, 11.21s/ep, cand 3401 | r0 pass 1158/3377 
| episodes solved 1158 | queue r0 1597 reprompt 0 | verifying 2 | 10.6 s/proposal]
first proposals:  68%|ΓûêΓûêΓûêΓûêΓûêΓûêΓûè   | 3403/5000 [11:02:44<5:13:13, 11.77s/ep, cand 3402 | r0 pass 1158/3378 
| episodes solved 1158 | queue r0 1596 reprompt 0 | verifying 2 | 10.6 s/proposal]
first proposals:  68%|ΓûêΓûêΓûêΓûêΓûêΓûêΓûè   | 3404/5000 [11:02:53<4:52:08, 10.98s/ep, cand 3403 | r0 pass 1158/3379 
| episodes solved 1158 | queue r0 1595 reprompt 0 | verifying 2 | 10.7 s/proposal]
first proposals:  68%|ΓûêΓûêΓûêΓûêΓûêΓûêΓûè   | 3406/5000 [11:03:12<4:32:17, 10.25s/ep, cand 3405 | r0 pass 1160/3381 
| episodes solved 1160 | queue r0 1594 reprompt 0 | verifying 1 | 10.7 s/proposal]
first proposals:  68%|ΓûêΓûêΓûêΓûêΓûêΓûêΓûè   | 3408/5000 [11:03:44<5:33:59, 12.59s/ep, cand 3407 | r0 pass 1160/3383 
| episodes solved 1160 | queue r0 1592 reprompt 0 | verifying 1 | 10.6 s/proposal]
first proposals:  68%|ΓûêΓûêΓûêΓûêΓûêΓûêΓûè   | 3409/5000 [11:03:58<5:39:11, 12.79s/ep, cand 3408 | r0 pass 1160/3384 
| episodes solved 1160 | queue r0 1589 reprompt 0 | verifying 3 | 10.6 s/proposal]
first proposals:  68%|ΓûêΓûêΓûêΓûêΓûêΓûêΓûè   | 3410/5000 [11:04:30<7:45:10, 17.55s/ep, cand 3409 | r0 pass 1160/3385 
| episodes solved 1160 | queue r0 1588 reprompt 0 | verifying 3 | 10.6 s/proposal]
first proposals:  68%|ΓûêΓûêΓûêΓûêΓûêΓûêΓûè   | 3414/5000 [11:05:00<5:11:14, 11.77s/ep, cand 3413 | r0 pass 1161/3388 
| episodes solved 1161 | queue r0 1587 reprompt 0 | verifying 0 | 11.0 s/proposal]
first proposals:  68%|ΓûêΓûêΓûêΓûêΓûêΓûêΓûè   | 3415/5000 [11:05:12<5:08:31, 11.68s/ep, cand 3414 | r0 pass 1161/3389 
| episodes solved 1161 | queue r0 1584 reprompt 0 | verifying 2 | 11.1 s/proposal]
first proposals:  68%|ΓûêΓûêΓûêΓûêΓûêΓûêΓûè   | 3416/5000 [11:05:23<5:05:40, 11.58s/ep, cand 3415 | r0 pass 1161/3390 
| episodes solved 1161 | queue r0 1583 reprompt 0 | verifying 2 | 11.1 s/proposal]
first proposals:  68%|ΓûêΓûêΓûêΓûêΓûêΓûêΓûè   | 3417/5000 [11:05:35<5:08:10, 11.68s/ep, cand 3416 | r0 pass 1161/3391 
| episodes solved 1161 | queue r0 1582 reprompt 0 | verifying 2 | 11.0 s/proposal]
first proposals:  68%|ΓûêΓûêΓûêΓûêΓûêΓûêΓûè   | 3418/5000 [11:05:58<6:20:08, 14.42s/ep, cand 3417 | r0 pass 1161/3392 
| episodes solved 1161 | queue r0 1581 reprompt 0 | verifying 2 | 11.0 s/proposal]
first proposals:  68%|ΓûêΓûêΓûêΓûêΓûêΓûêΓûè   | 3420/5000 [11:06:08<4:37:08, 10.52s/ep, cand 3419 | r0 pass 1161/3394 
| episodes solved 1161 | queue r0 1579 reprompt 0 | verifying 2 | 11.0 s/proposal]
first proposals:  68%|ΓûêΓûêΓûêΓûêΓûêΓûêΓûè   | 3421/5000 [11:06:33<6:04:09, 13.84s/ep, cand 3420 | r0 pass 1162/3395 
| episodes solved 1162 | queue r0 1578 reprompt 0 | verifying 2 | 11.0 s/proposal]
first proposals:  68%|ΓûêΓûêΓûêΓûêΓûêΓûêΓûè   | 3424/5000 [11:06:59<4:58:50, 11.38s/ep, cand 3423 | r0 pass 1163/3398 
| episodes solved 1163 | queue r0 1576 reprompt 0 | verifying 1 | 11.1 s/proposal]
first proposals:  68%|ΓûêΓûêΓûêΓûêΓûêΓûêΓûè   | 3425/5000 [11:07:09<4:50:48, 11.08s/ep, cand 3424 | r0 pass 1163/3399 
| episodes solved 1163 | queue r0 1574 reprompt 0 | verifying 2 | 11.2 s/proposal]
first proposals:  69%|ΓûêΓûêΓûêΓûêΓûêΓûêΓûè   | 3426/5000 [11:07:19<4:45:40, 10.89s/ep, cand 3425 | r0 pass 1163/3400 
| episodes solved 1163 | queue r0 1573 reprompt 0 | verifying 2 | 11.1 s/proposal]
first proposals:  69%|ΓûêΓûêΓûêΓûêΓûêΓûêΓûè   | 3427/5000 [11:07:41<5:52:04, 13.43s/ep, cand 3426 | r0 pass 1163/3401 
| episodes solved 1163 | queue r0 1572 reprompt 0 | verifying 2 | 11.1 s/proposal]
first proposals:  69%|ΓûêΓûêΓûêΓûêΓûêΓûêΓûè   | 3428/5000 [11:07:52<5:35:13, 12.80s/ep, cand 3427 | r0 pass 1163/3402 
| episodes solved 1163 | queue r0 1570 reprompt 0 | verifying 3 | 11.2 s/proposal]
first proposals:  69%|ΓûêΓûêΓûêΓûêΓûêΓûêΓûè   | 3430/5000 [11:08:14<5:15:27, 12.06s/ep, cand 3429 | r0 pass 1164/3404 
| episodes solved 1164 | queue r0 1569 reprompt 0 | verifying 2 | 11.2 s/proposal]
first proposals:  69%|ΓûêΓûêΓûêΓûêΓûêΓûêΓûè   | 3432/5000 [11:08:35<4:58:43, 11.43s/ep, cand 3431 | r0 pass 1165/3406 
| episodes solved 1165 | queue r0 1567 reprompt 0 | verifying 2 | 11.3 s/proposal]
first proposals:  69%|ΓûêΓûêΓûêΓûêΓûêΓûêΓûè   | 3433/5000 [11:08:44<4:47:30, 11.01s/ep, cand 3432 | r0 pass 1166/3407 
| episodes solved 1166 | queue r0 1566 reprompt 0 | verifying 2 | 11.5 s/proposal]
first proposals:  69%|ΓûêΓûêΓûêΓûêΓûêΓûêΓûè   | 3434/5000 [11:09:04<5:39:32, 13.01s/ep, cand 3433 | r0 pass 1167/3408 
| episodes solved 1167 | queue r0 1565 reprompt 0 | verifying 2 | 11.4 s/proposal]
first proposals:  69%|ΓûêΓûêΓûêΓûêΓûêΓûêΓûè   | 3435/5000 [11:09:13<5:16:20, 12.13s/ep, cand 3434 | r0 pass 1167/3409 
| episodes solved 1167 | queue r0 1563 reprompt 0 | verifying 3 | 11.4 s/proposal]
first proposals:  69%|ΓûêΓûêΓûêΓûêΓûêΓûêΓûè   | 3437/5000 [11:09:22<3:49:21,  8.80s/ep, cand 3436 | r0 pass 1167/3411 
| episodes solved 1167 | queue r0 1562 reprompt 0 | verifying 2 | 11.4 s/proposal]
first proposals:  69%|ΓûêΓûêΓûêΓûêΓûêΓûêΓûë   | 3438/5000 [11:09:31<3:53:31,  8.97s/ep, cand 3437 | r0 pass 1167/3412 
| episodes solved 1167 | queue r0 1561 reprompt 0 | verifying 2 | 11.4 s/proposal]
first proposals:  69%|ΓûêΓûêΓûêΓûêΓûêΓûêΓûë   | 3439/5000 [11:09:54<5:19:17, 12.27s/ep, cand 3438 | r0 pass 1167/3413 
| episodes solved 1167 | queue r0 1560 reprompt 0 | verifying 2 | 11.4 s/proposal]
first proposals:  69%|ΓûêΓûêΓûêΓûêΓûêΓûêΓûë   | 3441/5000 [11:10:02<3:51:26,  8.91s/ep, cand 3440 | r0 pass 1167/3415 
| episodes solved 1167 | queue r0 1558 reprompt 0 | verifying 2 | 11.5 s/proposal]
first proposals:  69%|ΓûêΓûêΓûêΓûêΓûêΓûêΓûë   | 3442/5000 [11:10:11<3:55:15,  9.06s/ep, cand 3441 | r0 pass 1168/3416 
| episodes solved 1168 | queue r0 1557 reprompt 0 | verifying 2 | 11.4 s/proposal]
first proposals:  69%|ΓûêΓûêΓûêΓûêΓûêΓûêΓûë   | 3443/5000 [11:10:32<5:09:45, 11.94s/ep, cand 3442 | r0 pass 1169/3417 
| episodes solved 1169 | queue r0 1556 reprompt 0 | verifying 2 | 11.4 s/proposal]
first proposals:  69%|ΓûêΓûêΓûêΓûêΓûêΓûêΓûë   | 3444/5000 [11:10:40<4:45:09, 11.00s/ep, cand 3443 | r0 pass 1169/3418 
| episodes solved 1169 | queue r0 1554 reprompt 0 | verifying 3 | 11.4 s/proposal]
first proposals:  69%|ΓûêΓûêΓûêΓûêΓûêΓûêΓûë   | 3445/5000 [11:10:48<4:22:13, 10.12s/ep, cand 3444 | r0 pass 1170/3419 
| episodes solved 1170 | queue r0 1553 reprompt 0 | verifying 3 | 11.4 s/proposal]
first proposals:  69%|ΓûêΓûêΓûêΓûêΓûêΓûêΓûë   | 3446/5000 [11:10:59<4:25:14, 10.24s/ep, cand 3445 | r0 pass 1171/3420 
| episodes solved 1171 | queue r0 1552 reprompt 0 | verifying 3 | 11.3 s/proposal]
first proposals:  69%|ΓûêΓûêΓûêΓûêΓûêΓûêΓûë   | 3447/5000 [11:11:11<4:37:58, 10.74s/ep, cand 3446 | r0 pass 1171/3421 
| episodes solved 1171 | queue r0 1551 reprompt 0 | verifying 3 | 11.3 s/proposal]
first proposals:  69%|ΓûêΓûêΓûêΓûêΓûêΓûêΓûë   | 3449/5000 [11:11:36<4:57:34, 11.51s/ep, cand 3448 | r0 pass 1172/3423 
| episodes solved 1172 | queue r0 1550 reprompt 0 | verifying 2 | 11.3 s/proposal]
first proposals:  69%|ΓûêΓûêΓûêΓûêΓûêΓûêΓûë   | 3450/5000 [11:11:49<5:06:21, 11.86s/ep, cand 3449 | r0 pass 1173/3424 
| episodes solved 1173 | queue r0 1548 reprompt 0 | verifying 3 | 11.3 s/proposal]
first proposals:  69%|ΓûêΓûêΓûêΓûêΓûêΓûêΓûë   | 3451/5000 [11:12:02<5:17:02, 12.28s/ep, cand 3450 | r0 pass 1173/3425 
| episodes solved 1173 | queue r0 1547 reprompt 0 | verifying 3 | 11.3 s/proposal]
first proposals:  69%|ΓûêΓûêΓûêΓûêΓûêΓûêΓûë   | 3452/5000 [11:12:13<5:04:32, 11.80s/ep, cand 3451 | r0 pass 1174/3426 
| episodes solved 1174 | queue r0 1546 reprompt 0 | verifying 3 | 11.4 s/proposal]
first proposals:  69%|ΓûêΓûêΓûêΓûêΓûêΓûêΓûë   | 3454/5000 [11:12:23<3:52:35,  9.03s/ep, cand 3453 | r0 pass 1175/3428 
| episodes solved 1175 | queue r0 1545 reprompt 0 | verifying 2 | 11.3 s/proposal]
first proposals:  69%|ΓûêΓûêΓûêΓûêΓûêΓûêΓûë   | 3455/5000 [11:12:33<3:55:15,  9.14s/ep, cand 3454 | r0 pass 1176/3429 
| episodes solved 1176 | queue r0 1544 reprompt 0 | verifying 2 | 11.4 s/proposal]
first proposals:  69%|ΓûêΓûêΓûêΓûêΓûêΓûêΓûë   | 3456/5000 [11:12:45<4:14:13,  9.88s/ep, cand 3455 | r0 pass 1176/3430 
| episodes solved 1176 | queue r0 1543 reprompt 0 | verifying 2 | 11.4 s/proposal]
first proposals:  69%|ΓûêΓûêΓûêΓûêΓûêΓûêΓûë   | 3457/5000 [11:12:54<4:07:45,  9.63s/ep, cand 3456 | r0 pass 1176/3431 
| episodes solved 1176 | queue r0 1542 reprompt 0 | verifying 2 | 11.4 s/proposal]
first proposals:  69%|ΓûêΓûêΓûêΓûêΓûêΓûêΓûë   | 3458/5000 [11:13:05<4:18:25, 10.06s/ep, cand 3457 | r0 pass 1176/3432 
| episodes solved 1176 | queue r0 1541 reprompt 0 | verifying 2 | 11.4 s/proposal]
first proposals:  69%|ΓûêΓûêΓûêΓûêΓûêΓûêΓûë   | 3459/5000 [11:13:19<4:47:41, 11.20s/ep, cand 3458 | r0 pass 1176/3433 
| episodes solved 1176 | queue r0 1540 reprompt 0 | verifying 2 | 11.4 s/proposal]
first proposals:  69%|ΓûêΓûêΓûêΓûêΓûêΓûêΓûë   | 3460/5000 [11:13:29<4:36:26, 10.77s/ep, cand 3459 | r0 pass 1177/3434 
| episodes solved 1177 | queue r0 1539 reprompt 0 | verifying 2 | 11.5 s/proposal]
first proposals:  69%|ΓûêΓûêΓûêΓûêΓûêΓûêΓûë   | 3461/5000 [11:13:39<4:34:11, 10.69s/ep, cand 3460 | r0 pass 1178/3435 
| episodes solved 1178 | queue r0 1538 reprompt 0 | verifying 2 | 11.4 s/proposal]
first proposals:  69%|ΓûêΓûêΓûêΓûêΓûêΓûêΓûë   | 3462/5000 [11:14:01<5:58:50, 14.00s/ep, cand 3461 | r0 pass 1178/3436 
| episodes solved 1178 | queue r0 1537 reprompt 0 | verifying 2 | 10.9 s/proposal]
first proposals:  69%|ΓûêΓûêΓûêΓûêΓûêΓûêΓûë   | 3464/5000 [11:14:14<4:26:49, 10.42s/ep, cand 3463 | r0 pass 1180/3438 
| episodes solved 1180 | queue r0 1535 reprompt 0 | verifying 2 | 11.0 s/proposal]
first proposals:  69%|ΓûêΓûêΓûêΓûêΓûêΓûêΓûë   | 3465/5000 [11:14:38<5:56:00, 13.92s/ep, cand 3464 | r0 pass 1180/3439 
| episodes solved 1180 | queue r0 1534 reprompt 0 | verifying 2 | 11.0 s/proposal]
first proposals:  69%|ΓûêΓûêΓûêΓûêΓûêΓûêΓûë   | 3467/5000 [11:14:57<5:06:33, 12.00s/ep, cand 3466 | r0 pass 1180/3441 
| episodes solved 1180 | queue r0 1532 reprompt 0 | verifying 2 | 11.1 s/proposal]
first proposals:  69%|ΓûêΓûêΓûêΓûêΓûêΓûêΓûë   | 3469/5000 [11:15:19<4:55:13, 11.57s/ep, cand 3468 | r0 pass 1181/3443 
| episodes solved 1181 | queue r0 1530 reprompt 0 | verifying 2 | 11.0 s/proposal]
first proposals:  69%|ΓûêΓûêΓûêΓûêΓûêΓûêΓûë   | 3470/5000 [11:15:30<4:52:58, 11.49s/ep, cand 3469 | r0 pass 1181/3444 
| episodes solved 1181 | queue r0 1528 reprompt 0 | verifying 3 | 11.0 s/proposal]
first proposals:  69%|ΓûêΓûêΓûêΓûêΓûêΓûêΓûë   | 3472/5000 [11:15:51<4:45:01, 11.19s/ep, cand 3471 | r0 pass 1182/3446 
| episodes solved 1182 | queue r0 1527 reprompt 0 | verifying 2 | 10.9 s/proposal]
first proposals:  69%|ΓûêΓûêΓûêΓûêΓûêΓûêΓûë   | 3474/5000 [11:16:02<3:54:46,  9.23s/ep, cand 3473 | r0 pass 1183/3448 
| episodes solved 1183 | queue r0 1525 reprompt 0 | verifying 2 | 10.8 s/proposal]
first proposals:  70%|ΓûêΓûêΓûêΓûêΓûêΓûêΓûë   | 3476/5000 [11:16:18<3:41:02,  8.70s/ep, cand 3475 | r0 pass 1184/3450 
| episodes solved 1184 | queue r0 1524 reprompt 0 | verifying 1 | 10.8 s/proposal]
first proposals:  70%|ΓûêΓûêΓûêΓûêΓûêΓûêΓûë   | 3477/5000 [11:16:43<5:01:59, 11.90s/ep, cand 3476 | r0 pass 1184/3451 
| episodes solved 1184 | queue r0 1523 reprompt 0 | verifying 1 | 10.9 s/proposal]
first proposals:  70%|ΓûêΓûêΓûêΓûêΓûêΓûêΓûë   | 3478/5000 [11:16:52<4:46:59, 11.31s/ep, cand 3477 | r0 pass 1184/3452 
| episodes solved 1184 | queue r0 1521 reprompt 0 | verifying 2 | 11.0 s/proposal]
first proposals:  70%|ΓûêΓûêΓûêΓûêΓûêΓûêΓûë   | 3479/5000 [11:17:03<4:41:52, 11.12s/ep, cand 3478 | r0 pass 1185/3453 
| episodes solved 1185 | queue r0 1520 reprompt 0 | verifying 2 | 11.0 s/proposal]
first proposals:  70%|ΓûêΓûêΓûêΓûêΓûêΓûêΓûë   | 3480/5000 [11:17:35<6:55:30, 16.40s/ep, cand 3479 | r0 pass 1185/3454 
| episodes solved 1185 | queue r0 1519 reprompt 0 | verifying 2 | 11.0 s/proposal]
first proposals:  70%|ΓûêΓûêΓûêΓûêΓûêΓûêΓûë   | 3483/5000 [11:18:11<5:57:10, 14.13s/ep, cand 3482 | r0 pass 1187/3456 
| episodes solved 1187 | queue r0 1518 reprompt 0 | verifying 0 | 11.4 s/proposal]
first proposals:  70%|ΓûêΓûêΓûêΓûêΓûêΓûêΓûë   | 3484/5000 [11:18:23<5:49:47, 13.84s/ep, cand 3483 | r0 pass 1187/3457 
| episodes solved 1187 | queue r0 1514 reprompt 0 | verifying 3 | 11.1 s/proposal]
first proposals:  70%|ΓûêΓûêΓûêΓûêΓûêΓûêΓûë   | 3485/5000 [11:18:34<5:32:22, 13.16s/ep, cand 3484 | r0 pass 1187/3458 
| episodes solved 1187 | queue r0 1513 reprompt 0 | verifying 3 | 11.1 s/proposal]
first proposals:  70%|ΓûêΓûêΓûêΓûêΓûêΓûêΓûë   | 3486/5000 [11:18:43<5:08:25, 12.22s/ep, cand 3485 | r0 pass 1188/3459 
| episodes solved 1188 | queue r0 1512 reprompt 0 | verifying 3 | 11.2 s/proposal]
first proposals:  70%|ΓûêΓûêΓûêΓûêΓûêΓûêΓûë   | 3488/5000 [11:18:55<4:03:57,  9.68s/ep, cand 3487 | r0 pass 1188/3461 
| episodes solved 1188 | queue r0 1511 reprompt 0 | verifying 2 | 11.2 s/proposal]
first proposals:  70%|ΓûêΓûêΓûêΓûêΓûêΓûêΓûë   | 3489/5000 [11:19:05<4:02:21,  9.62s/ep, cand 3488 | r0 pass 1188/3462 
| episodes solved 1188 | queue r0 1510 reprompt 0 | verifying 2 | 11.2 s/proposal]
first proposals:  70%|ΓûêΓûêΓûêΓûêΓûêΓûêΓûë   | 3490/5000 [11:19:14<4:00:04,  9.54s/ep, cand 3489 | r0 pass 1188/3463 
| episodes solved 1188 | queue r0 1509 reprompt 0 | verifying 2 | 11.2 s/proposal]
first proposals:  70%|ΓûêΓûêΓûêΓûêΓûêΓûêΓûë   | 3491/5000 [11:19:25<4:10:46,  9.97s/ep, cand 3490 | r0 pass 1189/3464 
| episodes solved 1189 | queue r0 1508 reprompt 0 | verifying 2 | 11.2 s/proposal]
first proposals:  70%|ΓûêΓûêΓûêΓûêΓûêΓûêΓûë   | 3492/5000 [11:19:49<5:43:47, 13.68s/ep, cand 3491 | r0 pass 1189/3465 
| episodes solved 1189 | queue r0 1507 reprompt 0 | verifying 2 | 11.2 s/proposal]
first proposals:  70%|ΓûêΓûêΓûêΓûêΓûêΓûêΓûë   | 3495/5000 [11:20:11<4:18:24, 10.30s/ep, cand 3494 | r0 pass 1190/3468 
| episodes solved 1190 | queue r0 1505 reprompt 0 | verifying 1 | 11.3 s/proposal]
first proposals:  70%|ΓûêΓûêΓûêΓûêΓûêΓûêΓûë   | 3496/5000 [11:20:21<4:15:07, 10.18s/ep, cand 3495 | r0 pass 1190/3469 
| episodes solved 1190 | queue r0 1503 reprompt 0 | verifying 2 | 11.4 s/proposal]
first proposals:  70%|ΓûêΓûêΓûêΓûêΓûêΓûêΓûë   | 3497/5000 [11:20:31<4:16:13, 10.23s/ep, cand 3496 | r0 pass 1190/3470 
| episodes solved 1190 | queue r0 1502 reprompt 0 | verifying 2 | 11.4 s/proposal]
first proposals:  70%|ΓûêΓûêΓûêΓûêΓûêΓûêΓûë   | 3498/5000 [11:20:40<4:07:50,  9.90s/ep, cand 3497 | r0 pass 1190/3471 
| episodes solved 1190 | queue r0 1501 reprompt 0 | verifying 2 | 11.4 s/proposal]
first proposals:  70%|ΓûêΓûêΓûêΓûêΓûêΓûêΓûê   | 3500/5000 [11:21:10<5:00:16, 12.01s/ep, cand 3499 | r0 pass 1191/3473 
| episodes solved 1191 | queue r0 1500 reprompt 0 | verifying 1 | 11.3 s/proposal]
first proposals:  70%|ΓûêΓûêΓûêΓûêΓûêΓûêΓûê   | 3501/5000 [11:21:20<4:48:42, 11.56s/ep, cand 3500 | r0 pass 1192/3474 
| episodes solved 1192 | queue r0 1497 reprompt 0 | verifying 3 | 11.2 s/proposal]
first proposals:  70%|ΓûêΓûêΓûêΓûêΓûêΓûêΓûê   | 3502/5000 [11:21:33<4:56:07, 11.86s/ep, cand 3501 | r0 pass 1193/3475 
| episodes solved 1193 | queue r0 1496 reprompt 0 | verifying 3 | 11.1 s/proposal]
first proposals:  70%|ΓûêΓûêΓûêΓûêΓûêΓûêΓûê   | 3504/5000 [11:21:44<3:49:11,  9.19s/ep, cand 3503 | r0 pass 1193/3477 
| episodes solved 1193 | queue r0 1495 reprompt 0 | verifying 2 | 11.2 s/proposal]
first proposals:  70%|ΓûêΓûêΓûêΓûêΓûêΓûêΓûê   | 3505/5000 [11:21:51<3:36:29,  8.69s/ep, cand 3504 | r0 pass 1193/3478 
| episodes solved 1193 | queue r0 1494 reprompt 0 | verifying 2 | 11.2 s/proposal]
first proposals:  70%|ΓûêΓûêΓûêΓûêΓûêΓûêΓûê   | 3506/5000 [11:22:12<4:52:57, 11.77s/ep, cand 3505 | r0 pass 1194/3479 
| episodes solved 1194 | queue r0 1493 reprompt 0 | verifying 2 | 11.1 s/proposal]
first proposals:  70%|ΓûêΓûêΓûêΓûêΓûêΓûêΓûê   | 3507/5000 [11:22:22<4:41:10, 11.30s/ep, cand 3506 | r0 pass 1194/3480 
| episodes solved 1194 | queue r0 1491 reprompt 0 | verifying 3 | 11.1 s/proposal]
first proposals:  70%|ΓûêΓûêΓûêΓûêΓûêΓûêΓûê   | 3509/5000 [11:22:34<3:44:05,  9.02s/ep, cand 3508 | r0 pass 1195/3482 
| episodes solved 1195 | queue r0 1490 reprompt 0 | verifying 2 | 11.1 s/proposal]
first proposals:  70%|ΓûêΓûêΓûêΓûêΓûêΓûêΓûê   | 3510/5000 [11:22:46<3:59:16,  9.64s/ep, cand 3509 | r0 pass 1195/3483 
| episodes solved 1195 | queue r0 1489 reprompt 0 | verifying 2 | 11.1 s/proposal]
first proposals:  70%|ΓûêΓûêΓûêΓûêΓûêΓûêΓûê   | 3511/5000 [11:23:05<4:57:56, 12.01s/ep, cand 3510 | r0 pass 1195/3484 
| episodes solved 1195 | queue r0 1488 reprompt 0 | verifying 2 | 11.1 s/proposal]
first proposals:  70%|ΓûêΓûêΓûêΓûêΓûêΓûêΓûê   | 3512/5000 [11:23:15<4:46:03, 11.53s/ep, cand 3511 | r0 pass 1195/3485 
| episodes solved 1195 | queue r0 1487 reprompt 0 | verifying 2 | 11.3 s/proposal]
first proposals:  70%|ΓûêΓûêΓûêΓûêΓûêΓûêΓûê   | 3513/5000 [11:23:42<6:29:33, 15.72s/ep, cand 3512 | r0 pass 1195/3486 
| episodes solved 1195 | queue r0 1486 reprompt 0 | verifying 2 | 11.2 s/proposal]
first proposals:  70%|ΓûêΓûêΓûêΓûêΓûêΓûêΓûê   | 3515/5000 [11:24:03<5:34:39, 13.52s/ep, cand 3514 | r0 pass 1196/3488 
| episodes solved 1196 | queue r0 1484 reprompt 0 | verifying 2 | 11.3 s/proposal]
first proposals:  70%|ΓûêΓûêΓûêΓûêΓûêΓûêΓûê   | 3516/5000 [11:24:15<5:24:30, 13.12s/ep, cand 3515 | r0 pass 1196/3489 
| episodes solved 1196 | queue r0 1482 reprompt 0 | verifying 3 | 11.3 s/proposal]
first proposals:  70%|ΓûêΓûêΓûêΓûêΓûêΓûêΓûê   | 3517/5000 [11:24:27<5:14:36, 12.73s/ep, cand 3516 | r0 pass 1196/3490 
| episodes solved 1196 | queue r0 1481 reprompt 0 | verifying 3 | 11.3 s/proposal]
first proposals:  70%|ΓûêΓûêΓûêΓûêΓûêΓûêΓûê   | 3518/5000 [11:24:41<5:27:22, 13.25s/ep, cand 3517 | r0 pass 1196/3491 
| episodes solved 1196 | queue r0 1480 reprompt 0 | verifying 3 | 11.4 s/proposal]
first proposals:  70%|ΓûêΓûêΓûêΓûêΓûêΓûêΓûê   | 3520/5000 [11:24:50<3:53:00,  9.45s/ep, cand 3519 | r0 pass 1196/3493 
| episodes solved 1196 | queue r0 1479 reprompt 0 | verifying 2 | 11.5 s/proposal]
first proposals:  70%|ΓûêΓûêΓûêΓûêΓûêΓûêΓûê   | 3521/5000 [11:24:59<3:52:04,  9.41s/ep, cand 3520 | r0 pass 1196/3494 
| episodes solved 1196 | queue r0 1478 reprompt 0 | verifying 2 | 11.4 s/proposal]
first proposals:  70%|ΓûêΓûêΓûêΓûêΓûêΓûêΓûê   | 3522/5000 [11:25:09<3:54:51,  9.53s/ep, cand 3521 | r0 pass 1196/3495 
| episodes solved 1196 | queue r0 1477 reprompt 0 | verifying 2 | 11.4 s/proposal]
first proposals:  70%|ΓûêΓûêΓûêΓûêΓûêΓûêΓûê   | 3523/5000 [11:25:21<4:05:37,  9.98s/ep, cand 3522 | r0 pass 1197/3496 
| episodes solved 1197 | queue r0 1476 reprompt 0 | verifying 2 | 11.3 s/proposal]
first proposals:  70%|ΓûêΓûêΓûêΓûêΓûêΓûêΓûê   | 3524/5000 [11:25:32<4:16:35, 10.43s/ep, cand 3523 | r0 pass 1197/3497 
| episodes solved 1197 | queue r0 1475 reprompt 0 | verifying 2 | 11.3 s/proposal]
first proposals:  70%|ΓûêΓûêΓûêΓûêΓûêΓûêΓûê   | 3525/5000 [11:25:58<6:04:20, 14.82s/ep, cand 3524 | r0 pass 1197/3498 
| episodes solved 1197 | queue r0 1474 reprompt 0 | verifying 2 | 11.4 s/proposal]
first proposals:  71%|ΓûêΓûêΓûêΓûêΓûêΓûêΓûê   | 3526/5000 [11:26:10<5:40:58, 13.88s/ep, cand 3525 | r0 pass 1197/3499 
| episodes solved 1197 | queue r0 1472 reprompt 0 | verifying 3 | 11.3 s/proposal]
first proposals:  71%|ΓûêΓûêΓûêΓûêΓûêΓûêΓûê   | 3527/5000 [11:26:20<5:11:34, 12.69s/ep, cand 3526 | r0 pass 1197/3500 
| episodes solved 1197 | queue r0 1471 reprompt 0 | verifying 3 | 11.3 s/proposal]
first proposals:  71%|ΓûêΓûêΓûêΓûêΓûêΓûêΓûê   | 3529/5000 [11:26:44<5:05:03, 12.44s/ep, cand 3528 | r0 pass 1198/3502 
| episodes solved 1198 | queue r0 1470 reprompt 0 | verifying 2 | 11.3 s/proposal]
first proposals:  71%|ΓûêΓûêΓûêΓûêΓûêΓûêΓûê   | 3530/5000 [11:26:55<4:58:47, 12.20s/ep, cand 3529 | r0 pass 1199/3503 
| episodes solved 1199 | queue r0 1468 reprompt 0 | verifying 3 | 10.9 s/proposal]
first proposals:  71%|ΓûêΓûêΓûêΓûêΓûêΓûêΓûê   | 3531/5000 [11:27:05<4:41:04, 11.48s/ep, cand 3530 | r0 pass 1199/3504 
| episodes solved 1199 | queue r0 1467 reprompt 0 | verifying 3 | 11.0 s/proposal]
first proposals:  71%|ΓûêΓûêΓûêΓûêΓûêΓûêΓûê   | 3533/5000 [11:27:16<3:40:14,  9.01s/ep, cand 3532 | r0 pass 1200/3506 
| episodes solved 1200 | queue r0 1466 reprompt 0 | verifying 2 | 11.0 s/proposal]
first proposals:  71%|ΓûêΓûêΓûêΓûêΓûêΓûêΓûê   | 3534/5000 [11:27:38<4:53:11, 12.00s/ep, cand 3533 | r0 pass 1200/3507 
| episodes solved 1200 | queue r0 1465 reprompt 0 | verifying 2 | 11.1 s/proposal]
first proposals:  71%|ΓûêΓûêΓûêΓûêΓûêΓûêΓûê   | 3536/5000 [11:27:49<3:48:34,  9.37s/ep, cand 3535 | r0 pass 1200/3509 
| episodes solved 1200 | queue r0 1463 reprompt 0 | verifying 2 | 11.0 s/proposal]
first proposals:  71%|ΓûêΓûêΓûêΓûêΓûêΓûêΓûê   | 3537/5000 [11:28:07<4:37:04, 11.36s/ep, cand 3536 | r0 pass 1200/3510 
| episodes solved 1200 | queue r0 1462 reprompt 0 | verifying 2 | 11.1 s/proposal]
first proposals:  71%|ΓûêΓûêΓûêΓûêΓûêΓûêΓûê   | 3538/5000 [11:28:27<5:29:15, 13.51s/ep, cand 3537 | r0 pass 1200/3511 
| episodes solved 1200 | queue r0 1461 reprompt 0 | verifying 2 | 11.2 s/proposal]
first proposals:  71%|ΓûêΓûêΓûêΓûêΓûêΓûêΓûê   | 3539/5000 [11:29:02<7:42:44, 19.00s/ep, cand 3538 | r0 pass 1201/3512 
| episodes solved 1201 | queue r0 1460 reprompt 0 | verifying 2 | 11.4 s/proposal]
first proposals:  71%|ΓûêΓûêΓûêΓûêΓûêΓûêΓûê   | 3541/5000 [11:29:23<6:14:31, 15.40s/ep, cand 3540 | r0 pass 1201/3514 
| episodes solved 1201 | queue r0 1458 reprompt 0 | verifying 2 | 11.7 s/proposal]
first proposals:  71%|ΓûêΓûêΓûêΓûêΓûêΓûêΓûê   | 3543/5000 [11:29:51<5:59:33, 14.81s/ep, cand 3542 | r0 pass 1203/3516 
| episodes solved 1203 | queue r0 1456 reprompt 0 | verifying 2 | 11.7 s/proposal]
first proposals:  71%|ΓûêΓûêΓûêΓûêΓûêΓûêΓûê   | 3544/5000 [11:30:01<5:36:41, 13.87s/ep, cand 3543 | r0 pass 1203/3517 
| episodes solved 1203 | queue r0 1454 reprompt 0 | verifying 3 | 11.8 s/proposal]
first proposals:  71%|ΓûêΓûêΓûêΓûêΓûêΓûêΓûê   | 3546/5000 [11:30:09<4:04:10, 10.08s/ep, cand 3545 | r0 pass 1204/3519 
| episodes solved 1204 | queue r0 1453 reprompt 0 | verifying 2 | 11.8 s/proposal]
first proposals:  71%|ΓûêΓûêΓûêΓûêΓûêΓûêΓûê   | 3547/5000 [11:30:29<4:56:22, 12.24s/ep, cand 3546 | r0 pass 1204/3520 
| episodes solved 1204 | queue r0 1452 reprompt 0 | verifying 2 | 11.7 s/proposal]
first proposals:  71%|ΓûêΓûêΓûêΓûêΓûêΓûêΓûê   | 3549/5000 [11:30:51<4:43:21, 11.72s/ep, cand 3548 | r0 pass 1204/3522 
| episodes solved 1204 | queue r0 1450 reprompt 0 | verifying 2 | 11.7 s/proposal]
first proposals:  71%|ΓûêΓûêΓûêΓûêΓûêΓûêΓûê   | 3551/5000 [11:31:01<3:46:46,  9.39s/ep, cand 3550 | r0 pass 1204/3524 
| episodes solved 1204 | queue r0 1448 reprompt 0 | verifying 2 | 11.8 s/proposal]
first proposals:  71%|ΓûêΓûêΓûêΓûêΓûêΓûêΓûê   | 3552/5000 [11:31:11<3:48:01,  9.45s/ep, cand 3551 | r0 pass 1204/3525 
| episodes solved 1204 | queue r0 1447 reprompt 0 | verifying 2 | 11.8 s/proposal]
first proposals:  71%|ΓûêΓûêΓûêΓûêΓûêΓûêΓûê   | 3554/5000 [11:31:40<4:34:44, 11.40s/ep, cand 3553 | r0 pass 1205/3527 
| episodes solved 1205 | queue r0 1446 reprompt 0 | verifying 1 | 11.8 s/proposal]
first proposals:  71%|ΓûêΓûêΓûêΓûêΓûêΓûêΓûê   | 3555/5000 [11:31:54<4:46:53, 11.91s/ep, cand 3554 | r0 pass 1205/3528 
| episodes solved 1205 | queue r0 1443 reprompt 0 | verifying 3 | 11.8 s/proposal]
first proposals:  71%|ΓûêΓûêΓûêΓûêΓûêΓûêΓûê   | 3557/5000 [11:32:12<4:18:53, 10.76s/ep, cand 3556 | r0 pass 1207/3530 
| episodes solved 1207 | queue r0 1442 reprompt 0 | verifying 2 | 11.8 s/proposal]
first proposals:  71%|ΓûêΓûêΓûêΓûêΓûêΓûêΓûê   | 3559/5000 [11:32:22<3:31:07,  8.79s/ep, cand 3558 | r0 pass 1208/3532 
| episodes solved 1208 | queue r0 1440 reprompt 0 | verifying 2 | 11.8 s/proposal]
first proposals:  71%|ΓûêΓûêΓûêΓûêΓûêΓûêΓûê   | 3560/5000 [11:32:34<3:47:49,  9.49s/ep, cand 3559 | r0 pass 1209/3533 
| episodes solved 1209 | queue r0 1439 reprompt 0 | verifying 2 | 11.7 s/proposal]
first proposals:  71%|ΓûêΓûêΓûêΓûêΓûêΓûêΓûê   | 3561/5000 [11:32:43<3:42:46,  9.29s/ep, cand 3560 | r0 pass 1209/3534 
| episodes solved 1209 | queue r0 1438 reprompt 0 | verifying 2 | 11.7 s/proposal]
first proposals:  71%|ΓûêΓûêΓûêΓûêΓûêΓûêΓûê   | 3562/5000 [11:32:52<3:38:58,  9.14s/ep, cand 3561 | r0 pass 1210/3535 
| episodes solved 1210 | queue r0 1437 reprompt 0 | verifying 2 | 11.5 s/proposal]
first proposals:  71%|ΓûêΓûêΓûêΓûêΓûêΓûêΓûêΓûÅ  | 3563/5000 [11:33:14<5:00:47, 12.56s/ep, cand 3562 | r0 pass 
1210/3536 | episodes solved 1210 | queue r0 1436 reprompt 0 | verifying 2 | 11.5 s/proposal]
first proposals:  71%|ΓûêΓûêΓûêΓûêΓûêΓûêΓûêΓûÅ  | 3564/5000 [11:33:27<5:00:25, 12.55s/ep, cand 3563 | r0 pass 
1211/3537 | episodes solved 1211 | queue r0 1434 reprompt 0 | verifying 3 | 11.4 s/proposal]
first proposals:  71%|ΓûêΓûêΓûêΓûêΓûêΓûêΓûêΓûÅ  | 3566/5000 [11:33:37<3:41:33,  9.27s/ep, cand 3565 | r0 pass 
1211/3539 | episodes solved 1211 | queue r0 1433 reprompt 0 | verifying 2 | 11.5 s/proposal]
first proposals:  71%|ΓûêΓûêΓûêΓûêΓûêΓûêΓûêΓûÅ  | 3567/5000 [11:33:57<4:46:33, 12.00s/ep, cand 3566 | r0 pass 
1211/3540 | episodes solved 1211 | queue r0 1432 reprompt 0 | verifying 2 | 11.4 s/proposal]
first proposals:  71%|ΓûêΓûêΓûêΓûêΓûêΓûêΓûêΓûÅ  | 3568/5000 [11:34:10<4:49:50, 12.14s/ep, cand 3567 | r0 pass 
1212/3541 | episodes solved 1212 | queue r0 1430 reprompt 0 | verifying 3 | 11.4 s/proposal]
first proposals:  71%|ΓûêΓûêΓûêΓûêΓûêΓûêΓûêΓûÅ  | 3569/5000 [11:34:23<4:57:48, 12.49s/ep, cand 3568 | r0 pass 
1212/3542 | episodes solved 1212 | queue r0 1429 reprompt 0 | verifying 3 | 11.3 s/proposal]
first proposals:  71%|ΓûêΓûêΓûêΓûêΓûêΓûêΓûêΓûÅ  | 3571/5000 [11:34:49<4:59:23, 12.57s/ep, cand 3570 | r0 pass 
1213/3544 | episodes solved 1213 | queue r0 1428 reprompt 0 | verifying 2 | 11.4 s/proposal]
first proposals:  71%|ΓûêΓûêΓûêΓûêΓûêΓûêΓûêΓûÅ  | 3572/5000 [11:35:02<5:02:27, 12.71s/ep, cand 3571 | r0 pass 
1214/3545 | episodes solved 1214 | queue r0 1426 reprompt 0 | verifying 3 | 11.5 s/proposal]
first proposals:  71%|ΓûêΓûêΓûêΓûêΓûêΓûêΓûêΓûÅ  | 3574/5000 [11:35:14<3:57:45, 10.00s/ep, cand 3573 | r0 pass 
1215/3547 | episodes solved 1215 | queue r0 1425 reprompt 0 | verifying 2 | 11.6 s/proposal]
first proposals:  72%|ΓûêΓûêΓûêΓûêΓûêΓûêΓûêΓûÅ  | 3575/5000 [11:35:25<4:03:06, 10.24s/ep, cand 3574 | r0 pass 
1215/3548 | episodes solved 1215 | queue r0 1424 reprompt 0 | verifying 2 | 11.6 s/proposal]
first proposals:  72%|ΓûêΓûêΓûêΓûêΓûêΓûêΓûêΓûÅ  | 3576/5000 [11:35:38<4:16:25, 10.80s/ep, cand 3575 | r0 pass 
1215/3549 | episodes solved 1215 | queue r0 1423 reprompt 0 | verifying 2 | 11.6 s/proposal]
first proposals:  72%|ΓûêΓûêΓûêΓûêΓûêΓûêΓûêΓûÅ  | 3577/5000 [11:35:49<4:19:10, 10.93s/ep, cand 3576 | r0 pass 
1215/3550 | episodes solved 1215 | queue r0 1422 reprompt 0 | verifying 2 | 11.5 s/proposal]
first proposals:  72%|ΓûêΓûêΓûêΓûêΓûêΓûêΓûêΓûÅ  | 3578/5000 [11:36:00<4:17:37, 10.87s/ep, cand 3577 | r0 pass 
1216/3551 | episodes solved 1216 | queue r0 1421 reprompt 0 | verifying 2 | 11.5 s/proposal]
first proposals:  72%|ΓûêΓûêΓûêΓûêΓûêΓûêΓûêΓûÅ  | 3579/5000 [11:36:14<4:42:20, 11.92s/ep, cand 3578 | r0 pass 
1216/3552 | episodes solved 1216 | queue r0 1420 reprompt 0 | verifying 2 | 11.6 s/proposal]
first proposals:  72%|ΓûêΓûêΓûêΓûêΓûêΓûêΓûêΓûÅ  | 3580/5000 [11:36:24<4:27:33, 11.31s/ep, cand 3579 | r0 pass 
1216/3553 | episodes solved 1216 | queue r0 1419 reprompt 0 | verifying 2 | 11.6 s/proposal]
first proposals:  72%|ΓûêΓûêΓûêΓûêΓûêΓûêΓûêΓûÅ  | 3582/5000 [11:36:59<5:30:37, 13.99s/ep, cand 3581 | r0 pass 
1217/3555 | episodes solved 1217 | queue r0 1418 reprompt 0 | verifying 1 | 11.6 s/proposal]
first proposals:  72%|ΓûêΓûêΓûêΓûêΓûêΓûêΓûêΓûÅ  | 3584/5000 [11:37:10<4:15:14, 10.82s/ep, cand 3583 | r0 pass 
1218/3557 | episodes solved 1218 | queue r0 1415 reprompt 0 | verifying 2 | 11.6 s/proposal]
first proposals:  72%|ΓûêΓûêΓûêΓûêΓûêΓûêΓûêΓûÅ  | 3585/5000 [11:37:22<4:19:49, 11.02s/ep, cand 3584 | r0 pass 
1219/3558 | episodes solved 1219 | queue r0 1414 reprompt 0 | verifying 2 | 11.6 s/proposal]
first proposals:  72%|ΓûêΓûêΓûêΓûêΓûêΓûêΓûêΓûÅ  | 3586/5000 [11:37:35<4:28:44, 11.40s/ep, cand 3585 | r0 pass 
1219/3559 | episodes solved 1219 | queue r0 1413 reprompt 0 | verifying 2 | 11.6 s/proposal]
first proposals:  72%|ΓûêΓûêΓûêΓûêΓûêΓûêΓûêΓûÅ  | 3587/5000 [11:37:43<4:12:59, 10.74s/ep, cand 3586 | r0 pass 
1219/3560 | episodes solved 1219 | queue r0 1412 reprompt 0 | verifying 2 | 11.7 s/proposal]
first proposals:  72%|ΓûêΓûêΓûêΓûêΓûêΓûêΓûêΓûÅ  | 3588/5000 [11:38:03<5:08:35, 13.11s/ep, cand 3587 | r0 pass 
1219/3561 | episodes solved 1219 | queue r0 1411 reprompt 0 | verifying 2 | 11.5 s/proposal]
first proposals:  72%|ΓûêΓûêΓûêΓûêΓûêΓûêΓûêΓûÅ  | 3590/5000 [11:38:23<4:36:10, 11.75s/ep, cand 3589 | r0 pass 
1220/3563 | episodes solved 1220 | queue r0 1409 reprompt 0 | verifying 2 | 11.1 s/proposal]
first proposals:  72%|ΓûêΓûêΓûêΓûêΓûêΓûêΓûêΓûÅ  | 3593/5000 [11:38:49<4:02:10, 10.33s/ep, cand 3592 | r0 pass 
1221/3566 | episodes solved 1221 | queue r0 1407 reprompt 0 | verifying 1 | 10.9 s/proposal]
first proposals:  72%|ΓûêΓûêΓûêΓûêΓûêΓûêΓûêΓûÅ  | 3594/5000 [11:39:02<4:10:41, 10.70s/ep, cand 3593 | r0 pass 
1221/3567 | episodes solved 1221 | queue r0 1405 reprompt 0 | verifying 2 | 11.0 s/proposal]
first proposals:  72%|ΓûêΓûêΓûêΓûêΓûêΓûêΓûêΓûÅ  | 3595/5000 [11:39:24<5:08:01, 13.15s/ep, cand 3594 | r0 pass 
1221/3568 | episodes solved 1221 | queue r0 1404 reprompt 0 | verifying 2 | 11.0 s/proposal]
first proposals:  72%|ΓûêΓûêΓûêΓûêΓûêΓûêΓûêΓûÅ  | 3598/5000 [11:40:01<4:58:23, 12.77s/ep, cand 3597 | r0 pass 
1221/3571 | episodes solved 1221 | queue r0 1402 reprompt 0 | verifying 1 | 11.1 s/proposal]
first proposals:  72%|ΓûêΓûêΓûêΓûêΓûêΓûêΓûêΓûÅ  | 3599/5000 [11:40:12<4:49:58, 12.42s/ep, cand 3598 | r0 pass 
1221/3572 | episodes solved 1221 | queue r0 1399 reprompt 0 | verifying 3 | 11.2 s/proposal]
first proposals:  72%|ΓûêΓûêΓûêΓûêΓûêΓûêΓûêΓûÅ  | 3601/5000 [11:40:40<5:03:17, 13.01s/ep, cand 3600 | r0 pass 
1222/3574 | episodes solved 1222 | queue r0 1398 reprompt 0 | verifying 2 | 11.2 s/proposal]
first proposals:  72%|ΓûêΓûêΓûêΓûêΓûêΓûêΓûêΓûÅ  | 3603/5000 [11:40:53<4:12:21, 10.84s/ep, cand 3602 | r0 pass 
1222/3576 | episodes solved 1222 | queue r0 1396 reprompt 0 | verifying 2 | 11.3 s/proposal]
first proposals:  72%|ΓûêΓûêΓûêΓûêΓûêΓûêΓûêΓûÅ  | 3604/5000 [11:41:05<4:18:12, 11.10s/ep, cand 3603 | r0 pass 
1223/3577 | episodes solved 1223 | queue r0 1395 reprompt 0 | verifying 2 | 11.4 s/proposal]
first proposals:  72%|ΓûêΓûêΓûêΓûêΓûêΓûêΓûêΓûÅ  | 3605/5000 [11:41:17<4:22:52, 11.31s/ep, cand 3604 | r0 pass 
1223/3578 | episodes solved 1223 | queue r0 1394 reprompt 0 | verifying 2 | 11.5 s/proposal]
first proposals:  72%|ΓûêΓûêΓûêΓûêΓûêΓûêΓûêΓûÅ  | 3606/5000 [11:41:30<4:32:03, 11.71s/ep, cand 3605 | r0 pass 
1223/3579 | episodes solved 1223 | queue r0 1393 reprompt 0 | verifying 2 | 11.5 s/proposal]
first proposals:  72%|ΓûêΓûêΓûêΓûêΓûêΓûêΓûêΓûÅ  | 3607/5000 [11:41:51<5:26:11, 14.05s/ep, cand 3606 | r0 pass 
1223/3580 | episodes solved 1223 | queue r0 1392 reprompt 0 | verifying 2 | 11.5 s/proposal]
first proposals:  72%|ΓûêΓûêΓûêΓûêΓûêΓûêΓûêΓûÅ  | 3608/5000 [11:42:27<7:36:40, 19.68s/ep, cand 3607 | r0 pass 
1224/3581 | episodes solved 1224 | queue r0 1390 reprompt 0 | verifying 3 | 11.5 s/proposal]
first proposals:  72%|ΓûêΓûêΓûêΓûêΓûêΓûêΓûêΓûÅ  | 3612/5000 [11:42:55<4:41:14, 12.16s/ep, cand 3611 | r0 pass 
1225/3584 | episodes solved 1225 | queue r0 1389 reprompt 0 | verifying 0 | 12.1 s/proposal]
first proposals:  72%|ΓûêΓûêΓûêΓûêΓûêΓûêΓûêΓûÅ  | 3613/5000 [11:43:05<4:28:37, 11.62s/ep, cand 3612 | r0 pass 
1226/3585 | episodes solved 1226 | queue r0 1386 reprompt 0 | verifying 2 | 12.0 s/proposal]
first proposals:  72%|ΓûêΓûêΓûêΓûêΓûêΓûêΓûêΓûÅ  | 3614/5000 [11:43:15<4:21:05, 11.30s/ep, cand 3613 | r0 pass 
1226/3586 | episodes solved 1226 | queue r0 1385 reprompt 0 | verifying 2 | 12.0 s/proposal]
first proposals:  72%|ΓûêΓûêΓûêΓûêΓûêΓûêΓûêΓûÅ  | 3615/5000 [11:43:39<5:26:36, 14.15s/ep, cand 3614 | r0 pass 
1226/3587 | episodes solved 1226 | queue r0 1384 reprompt 0 | verifying 2 | 12.0 s/proposal]
first proposals:  72%|ΓûêΓûêΓûêΓûêΓûêΓûêΓûêΓûÅ  | 3616/5000 [11:43:52<5:23:05, 14.01s/ep, cand 3615 | r0 pass 
1227/3588 | episodes solved 1227 | queue r0 1382 reprompt 0 | verifying 3 | 12.0 s/proposal]
first proposals:  72%|ΓûêΓûêΓûêΓûêΓûêΓûêΓûêΓûÅ  | 3618/5000 [11:44:19<5:16:48, 13.75s/ep, cand 3617 | r0 pass 
1228/3590 | episodes solved 1228 | queue r0 1381 reprompt 0 | verifying 2 | 12.1 s/proposal]
first proposals:  72%|ΓûêΓûêΓûêΓûêΓûêΓûêΓûêΓûÅ  | 3620/5000 [11:44:32<4:13:01, 11.00s/ep, cand 3619 | r0 pass 
1228/3592 | episodes solved 1228 | queue r0 1379 reprompt 0 | verifying 2 | 12.1 s/proposal]
first proposals:  72%|ΓûêΓûêΓûêΓûêΓûêΓûêΓûêΓûÅ  | 3621/5000 [11:44:40<4:02:11, 10.54s/ep, cand 3620 | r0 pass 
1228/3593 | episodes solved 1228 | queue r0 1378 reprompt 0 | verifying 2 | 12.1 s/proposal]
first proposals:  72%|ΓûêΓûêΓûêΓûêΓûêΓûêΓûêΓûÅ  | 3622/5000 [11:45:04<5:10:12, 13.51s/ep, cand 3621 | r0 pass 
1228/3594 | episodes solved 1228 | queue r0 1377 reprompt 0 | verifying 2 | 12.0 s/proposal]
first proposals:  72%|ΓûêΓûêΓûêΓûêΓûêΓûêΓûêΓûÅ  | 3623/5000 [11:45:17<5:10:26, 13.53s/ep, cand 3622 | r0 pass 
1229/3595 | episodes solved 1229 | queue r0 1375 reprompt 0 | verifying 3 | 12.0 s/proposal]
first proposals:  72%|ΓûêΓûêΓûêΓûêΓûêΓûêΓûêΓûÅ  | 3624/5000 [11:45:30<5:03:47, 13.25s/ep, cand 3623 | r0 pass 
1229/3596 | episodes solved 1229 | queue r0 1374 reprompt 0 | verifying 3 | 12.0 s/proposal]
first proposals:  72%|ΓûêΓûêΓûêΓûêΓûêΓûêΓûêΓûÄ  | 3625/5000 [11:45:40<4:46:35, 12.51s/ep, cand 3624 | r0 pass 
1230/3597 | episodes solved 1230 | queue r0 1373 reprompt 0 | verifying 3 | 12.1 s/proposal]
first proposals:  73%|ΓûêΓûêΓûêΓûêΓûêΓûêΓûêΓûÄ  | 3626/5000 [11:45:53<4:48:35, 12.60s/ep, cand 3625 | r0 pass 
1230/3598 | episodes solved 1230 | queue r0 1372 reprompt 0 | verifying 3 | 12.0 s/proposal]
first proposals:  73%|ΓûêΓûêΓûêΓûêΓûêΓûêΓûêΓûÄ  | 3627/5000 [11:46:03<4:32:35, 11.91s/ep, cand 3626 | r0 pass 
1230/3599 | episodes solved 1230 | queue r0 1371 reprompt 0 | verifying 3 | 12.0 s/proposal]
first proposals:  73%|ΓûêΓûêΓûêΓûêΓûêΓûêΓûêΓûÄ  | 3629/5000 [11:46:17<3:39:56,  9.63s/ep, cand 3628 | r0 pass 
1231/3601 | episodes solved 1231 | queue r0 1370 reprompt 0 | verifying 2 | 12.0 s/proposal]
first proposals:  73%|ΓûêΓûêΓûêΓûêΓûêΓûêΓûêΓûÄ  | 3630/5000 [11:46:39<4:45:16, 12.49s/ep, cand 3629 | r0 pass 
1232/3602 | episodes solved 1232 | queue r0 1369 reprompt 0 | verifying 2 | 12.0 s/proposal]
first proposals:  73%|ΓûêΓûêΓûêΓûêΓûêΓûêΓûêΓûÄ  | 3631/5000 [11:46:47<4:22:07, 11.49s/ep, cand 3630 | r0 pass 
1233/3603 | episodes solved 1233 | queue r0 1367 reprompt 0 | verifying 3 | 12.1 s/proposal]
first proposals:  73%|ΓûêΓûêΓûêΓûêΓûêΓûêΓûêΓûÄ  | 3632/5000 [11:46:59<4:23:21, 11.55s/ep, cand 3631 | r0 pass 
1233/3604 | episodes solved 1233 | queue r0 1366 reprompt 0 | verifying 3 | 12.0 s/proposal]
first proposals:  73%|ΓûêΓûêΓûêΓûêΓûêΓûêΓûêΓûÄ  | 3633/5000 [11:47:09<4:14:46, 11.18s/ep, cand 3632 | r0 pass 
1234/3605 | episodes solved 1234 | queue r0 1365 reprompt 0 | verifying 3 | 12.0 s/proposal]
first proposals:  73%|ΓûêΓûêΓûêΓûêΓûêΓûêΓûêΓûÄ  | 3634/5000 [11:47:22<4:26:39, 11.71s/ep, cand 3633 | r0 pass 
1235/3606 | episodes solved 1235 | queue r0 1364 reprompt 0 | verifying 3 | 11.9 s/proposal]
first proposals:  73%|ΓûêΓûêΓûêΓûêΓûêΓûêΓûêΓûÄ  | 3635/5000 [11:47:33<4:22:35, 11.54s/ep, cand 3634 | r0 pass 
1235/3607 | episodes solved 1235 | queue r0 1363 reprompt 0 | verifying 3 | 12.0 s/proposal]
first proposals:  73%|ΓûêΓûêΓûêΓûêΓûêΓûêΓûêΓûÄ  | 3638/5000 [11:48:03<4:00:44, 10.61s/ep, cand 3637 | r0 pass 
1236/3610 | episodes solved 1236 | queue r0 1362 reprompt 0 | verifying 1 | 11.9 s/proposal]
first proposals:  73%|ΓûêΓûêΓûêΓûêΓûêΓûêΓûêΓûÄ  | 3639/5000 [11:48:15<4:08:19, 10.95s/ep, cand 3638 | r0 pass 
1236/3611 | episodes solved 1236 | queue r0 1359 reprompt 0 | verifying 3 | 12.0 s/proposal]
first proposals:  73%|ΓûêΓûêΓûêΓûêΓûêΓûêΓûêΓûÄ  | 3641/5000 [11:48:24<3:13:29,  8.54s/ep, cand 3640 | r0 pass 
1236/3613 | episodes solved 1236 | queue r0 1358 reprompt 0 | verifying 2 | 12.0 s/proposal]
first proposals:  73%|ΓûêΓûêΓûêΓûêΓûêΓûêΓûêΓûÄ  | 3642/5000 [11:48:46<4:17:40, 11.38s/ep, cand 3641 | r0 pass 
1237/3614 | episodes solved 1237 | queue r0 1357 reprompt 0 | verifying 2 | 12.0 s/proposal]
first proposals:  73%|ΓûêΓûêΓûêΓûêΓûêΓûêΓûêΓûÄ  | 3644/5000 [11:49:23<5:19:00, 14.12s/ep, cand 3643 | r0 pass 
1238/3616 | episodes solved 1238 | queue r0 1355 reprompt 0 | verifying 2 | 11.9 s/proposal]
first proposals:  73%|ΓûêΓûêΓûêΓûêΓûêΓûêΓûêΓûÄ  | 3646/5000 [11:49:45<4:51:01, 12.90s/ep, cand 3645 | r0 pass 
1238/3618 | episodes solved 1238 | queue r0 1352 reprompt 0 | verifying 3 | 11.9 s/proposal]
first proposals:  73%|ΓûêΓûêΓûêΓûêΓûêΓûêΓûêΓûÄ  | 3649/5000 [11:50:34<5:26:07, 14.48s/ep, cand 3648 | r0 pass 
1238/3621 | episodes solved 1238 | queue r0 1351 reprompt 0 | verifying 1 | 12.2 s/proposal]
first proposals:  73%|ΓûêΓûêΓûêΓûêΓûêΓûêΓûêΓûÄ  | 3653/5000 [11:51:10<4:28:41, 11.97s/ep, cand 3652 | r0 pass 
1240/3624 | episodes solved 1240 | queue r0 1348 reprompt 0 | verifying 0 | 12.4 s/proposal]
first proposals:  73%|ΓûêΓûêΓûêΓûêΓûêΓûêΓûêΓûÄ  | 3655/5000 [11:51:33<4:24:33, 11.80s/ep, cand 3654 | r0 pass 
1240/3626 | episodes solved 1240 | queue r0 1344 reprompt 0 | verifying 2 | 12.1 s/proposal]
first proposals:  73%|ΓûêΓûêΓûêΓûêΓûêΓûêΓûêΓûÄ  | 3657/5000 [11:51:43<3:47:04, 10.14s/ep, cand 3656 | r0 pass 
1240/3628 | episodes solved 1240 | queue r0 1342 reprompt 0 | verifying 2 | 12.0 s/proposal]
first proposals:  73%|ΓûêΓûêΓûêΓûêΓûêΓûêΓûêΓûÄ  | 3658/5000 [11:51:54<3:48:57, 10.24s/ep, cand 3657 | r0 pass 
1240/3629 | episodes solved 1240 | queue r0 1341 reprompt 0 | verifying 2 | 12.0 s/proposal]
first proposals:  73%|ΓûêΓûêΓûêΓûêΓûêΓûêΓûêΓûÄ  | 3659/5000 [11:52:05<3:51:58, 10.38s/ep, cand 3658 | r0 pass 
1240/3630 | episodes solved 1240 | queue r0 1340 reprompt 0 | verifying 2 | 12.0 s/proposal]
first proposals:  73%|ΓûêΓûêΓûêΓûêΓûêΓûêΓûêΓûÄ  | 3660/5000 [11:52:23<4:26:35, 11.94s/ep, cand 3659 | r0 pass 
1240/3631 | episodes solved 1240 | queue r0 1339 reprompt 0 | verifying 2 | 11.5 s/proposal]
first proposals:  73%|ΓûêΓûêΓûêΓûêΓûêΓûêΓûêΓûÄ  | 3661/5000 [11:52:36<4:31:43, 12.18s/ep, cand 3660 | r0 pass 
1240/3632 | episodes solved 1240 | queue r0 1338 reprompt 0 | verifying 2 | 11.7 s/proposal]
first proposals:  73%|ΓûêΓûêΓûêΓûêΓûêΓûêΓûêΓûÄ  | 3662/5000 [11:53:07<6:15:04, 16.82s/ep, cand 3661 | r0 pass 
1240/3633 | episodes solved 1240 | queue r0 1337 reprompt 0 | verifying 2 | 11.7 s/proposal]
first proposals:  73%|ΓûêΓûêΓûêΓûêΓûêΓûêΓûêΓûÄ  | 3665/5000 [11:53:32<4:37:49, 12.49s/ep, cand 3664 | r0 pass 
1240/3636 | episodes solved 1240 | queue r0 1334 reprompt 0 | verifying 2 | 11.8 s/proposal]
first proposals:  73%|ΓûêΓûêΓûêΓûêΓûêΓûêΓûêΓûÄ  | 3667/5000 [11:53:42<3:41:22,  9.96s/ep, cand 3666 | r0 pass 
1240/3638 | episodes solved 1240 | queue r0 1332 reprompt 0 | verifying 2 | 11.8 s/proposal]
first proposals:  73%|ΓûêΓûêΓûêΓûêΓûêΓûêΓûêΓûÄ  | 3668/5000 [11:54:04<4:32:03, 12.25s/ep, cand 3667 | r0 pass 
1240/3639 | episodes solved 1240 | queue r0 1331 reprompt 0 | verifying 2 | 11.7 s/proposal]
first proposals:  73%|ΓûêΓûêΓûêΓûêΓûêΓûêΓûêΓûÄ  | 3670/5000 [11:54:12<3:27:08,  9.34s/ep, cand 3669 | r0 pass 
1241/3641 | episodes solved 1241 | queue r0 1329 reprompt 0 | verifying 2 | 11.7 s/proposal]
first proposals:  73%|ΓûêΓûêΓûêΓûêΓûêΓûêΓûêΓûÄ  | 3671/5000 [11:54:27<3:54:42, 10.60s/ep, cand 3670 | r0 pass 
1241/3642 | episodes solved 1241 | queue r0 1328 reprompt 0 | verifying 2 | 11.6 s/proposal]
first proposals:  73%|ΓûêΓûêΓûêΓûêΓûêΓûêΓûêΓûÄ  | 3672/5000 [11:54:48<4:44:52, 12.87s/ep, cand 3671 | r0 pass 
1241/3643 | episodes solved 1241 | queue r0 1327 reprompt 0 | verifying 2 | 11.7 s/proposal]
first proposals:  73%|ΓûêΓûêΓûêΓûêΓûêΓûêΓûêΓûÄ  | 3674/5000 [11:54:59<3:38:52,  9.90s/ep, cand 3673 | r0 pass 
1242/3645 | episodes solved 1242 | queue r0 1325 reprompt 0 | verifying 2 | 11.6 s/proposal]
first proposals:  74%|ΓûêΓûêΓûêΓûêΓûêΓûêΓûêΓûÄ  | 3675/5000 [11:55:09<3:39:06,  9.92s/ep, cand 3674 | r0 pass 
1243/3646 | episodes solved 1243 | queue r0 1324 reprompt 0 | verifying 2 | 11.6 s/proposal]
first proposals:  74%|ΓûêΓûêΓûêΓûêΓûêΓûêΓûêΓûÄ  | 3676/5000 [11:55:31<4:46:21, 12.98s/ep, cand 3675 | r0 pass 
1243/3647 | episodes solved 1243 | queue r0 1323 reprompt 0 | verifying 2 | 11.5 s/proposal]
first proposals:  74%|ΓûêΓûêΓûêΓûêΓûêΓûêΓûêΓûÄ  | 3677/5000 [11:55:47<4:58:37, 13.54s/ep, cand 3676 | r0 pass 
1243/3648 | episodes solved 1243 | queue r0 1321 reprompt 0 | verifying 3 | 11.5 s/proposal]
first proposals:  74%|ΓûêΓûêΓûêΓûêΓûêΓûêΓûêΓûÄ  | 3678/5000 [11:55:58<4:47:50, 13.06s/ep, cand 3677 | r0 pass 
1243/3649 | episodes solved 1243 | queue r0 1320 reprompt 0 | verifying 3 | 11.6 s/proposal]
first proposals:  74%|ΓûêΓûêΓûêΓûêΓûêΓûêΓûêΓûÄ  | 3680/5000 [11:56:10<3:37:41,  9.89s/ep, cand 3679 | r0 pass 
1245/3651 | episodes solved 1245 | queue r0 1319 reprompt 0 | verifying 2 | 11.6 s/proposal]
first proposals:  74%|ΓûêΓûêΓûêΓûêΓûêΓûêΓûêΓûÄ  | 3681/5000 [11:56:19<3:31:35,  9.62s/ep, cand 3680 | r0 pass 
1245/3652 | episodes solved 1245 | queue r0 1318 reprompt 0 | verifying 2 | 11.6 s/proposal]
first proposals:  74%|ΓûêΓûêΓûêΓûêΓûêΓûêΓûêΓûÄ  | 3682/5000 [11:56:32<3:53:08, 10.61s/ep, cand 3681 | r0 pass 
1245/3653 | episodes solved 1245 | queue r0 1317 reprompt 0 | verifying 2 | 11.6 s/proposal]
first proposals:  74%|ΓûêΓûêΓûêΓûêΓûêΓûêΓûêΓûÄ  | 3683/5000 [11:57:01<5:37:23, 15.37s/ep, cand 3682 | r0 pass 
1246/3654 | episodes solved 1246 | queue r0 1316 reprompt 0 | verifying 2 | 11.7 s/proposal]
first proposals:  74%|ΓûêΓûêΓûêΓûêΓûêΓûêΓûêΓûÄ  | 3684/5000 [11:57:13<5:15:54, 14.40s/ep, cand 3683 | r0 pass 
1246/3655 | episodes solved 1246 | queue r0 1314 reprompt 0 | verifying 3 | 11.8 s/proposal]
first proposals:  74%|ΓûêΓûêΓûêΓûêΓûêΓûêΓûêΓûÄ  | 3686/5000 [11:57:24<3:52:39, 10.62s/ep, cand 3685 | r0 pass 
1246/3657 | episodes solved 1246 | queue r0 1313 reprompt 0 | verifying 2 | 11.8 s/proposal]
first proposals:  74%|ΓûêΓûêΓûêΓûêΓûêΓûêΓûêΓûÄ  | 3687/5000 [11:57:54<5:35:20, 15.32s/ep, cand 3686 | r0 pass 
1247/3658 | episodes solved 1247 | queue r0 1312 reprompt 0 | verifying 2 | 11.8 s/proposal]
first proposals:  74%|ΓûêΓûêΓûêΓûêΓûêΓûêΓûêΓûì  | 3690/5000 [11:58:24<4:34:06, 12.55s/ep, cand 3689 | r0 pass 
1248/3660 | episodes solved 1248 | queue r0 1311 reprompt 0 | verifying 0 | 12.2 s/proposal]
first proposals:  74%|ΓûêΓûêΓûêΓûêΓûêΓûêΓûêΓûì  | 3691/5000 [11:58:49<5:24:58, 14.90s/ep, cand 3690 | r0 pass 
1248/3661 | episodes solved 1248 | queue r0 1308 reprompt 0 | verifying 2 | 12.1 s/proposal]
first proposals:  74%|ΓûêΓûêΓûêΓûêΓûêΓûêΓûêΓûì  | 3693/5000 [11:59:09<4:49:51, 13.31s/ep, cand 3692 | r0 pass 
1249/3663 | episodes solved 1249 | queue r0 1306 reprompt 0 | verifying 2 | 12.2 s/proposal]
first proposals:  74%|ΓûêΓûêΓûêΓûêΓûêΓûêΓûêΓûì  | 3695/5000 [11:59:31<4:32:30, 12.53s/ep, cand 3694 | r0 pass 
1250/3665 | episodes solved 1250 | queue r0 1304 reprompt 0 | verifying 2 | 12.2 s/proposal]
first proposals:  74%|ΓûêΓûêΓûêΓûêΓûêΓûêΓûêΓûì  | 3696/5000 [11:59:46<4:42:31, 13.00s/ep, cand 3695 | r0 pass 
1251/3666 | episodes solved 1251 | queue r0 1302 reprompt 0 | verifying 3 | 12.1 s/proposal]
first proposals:  74%|ΓûêΓûêΓûêΓûêΓûêΓûêΓûêΓûì  | 3697/5000 [12:00:00<4:42:49, 13.02s/ep, cand 3696 | r0 pass 
1252/3667 | episodes solved 1252 | queue r0 1301 reprompt 0 | verifying 3 | 12.0 s/proposal]
first proposals:  74%|ΓûêΓûêΓûêΓûêΓûêΓûêΓûêΓûì  | 3698/5000 [12:00:11<4:33:05, 12.58s/ep, cand 3697 | r0 pass 
1253/3668 | episodes solved 1253 | queue r0 1300 reprompt 0 | verifying 3 | 12.1 s/proposal]
first proposals:  74%|ΓûêΓûêΓûêΓûêΓûêΓûêΓûêΓûì  | 3699/5000 [12:00:22<4:23:38, 12.16s/ep, cand 3698 | r0 pass 
1254/3669 | episodes solved 1254 | queue r0 1299 reprompt 0 | verifying 3 | 12.1 s/proposal]
first proposals:  74%|ΓûêΓûêΓûêΓûêΓûêΓûêΓûêΓûì  | 3700/5000 [12:00:33<4:21:07, 12.05s/ep, cand 3699 | r0 pass 
1255/3670 | episodes solved 1255 | queue r0 1298 reprompt 0 | verifying 3 | 11.7 s/proposal]
first proposals:  74%|ΓûêΓûêΓûêΓûêΓûêΓûêΓûêΓûì  | 3702/5000 [12:00:41<3:04:08,  8.51s/ep, cand 3701 | r0 pass 
1257/3672 | episodes solved 1257 | queue r0 1297 reprompt 0 | verifying 2 | 11.8 s/proposal]
first proposals:  74%|ΓûêΓûêΓûêΓûêΓûêΓûêΓûêΓûì  | 3703/5000 [12:00:52<3:17:08,  9.12s/ep, cand 3702 | r0 pass 
1257/3673 | episodes solved 1257 | queue r0 1296 reprompt 0 | verifying 2 | 11.8 s/proposal]
first proposals:  74%|ΓûêΓûêΓûêΓûêΓûêΓûêΓûêΓûì  | 3704/5000 [12:01:16<4:39:12, 12.93s/ep, cand 3703 | r0 pass 
1257/3674 | episodes solved 1257 | queue r0 1295 reprompt 0 | verifying 2 | 11.8 s/proposal]
first proposals:  74%|ΓûêΓûêΓûêΓûêΓûêΓûêΓûêΓûì  | 3706/5000 [12:01:27<3:29:33,  9.72s/ep, cand 3705 | r0 pass 
1257/3676 | episodes solved 1257 | queue r0 1293 reprompt 0 | verifying 2 | 11.9 s/proposal]
first proposals:  74%|ΓûêΓûêΓûêΓûêΓûêΓûêΓûêΓûì  | 3707/5000 [12:01:39<3:38:45, 10.15s/ep, cand 3706 | r0 pass 
1257/3677 | episodes solved 1257 | queue r0 1292 reprompt 0 | verifying 2 | 11.8 s/proposal]
first proposals:  74%|ΓûêΓûêΓûêΓûêΓûêΓûêΓûêΓûì  | 3708/5000 [12:01:54<4:04:42, 11.36s/ep, cand 3707 | r0 pass 
1257/3678 | episodes solved 1257 | queue r0 1291 reprompt 0 | verifying 2 | 11.9 s/proposal]
first proposals:  74%|ΓûêΓûêΓûêΓûêΓûêΓûêΓûêΓûì  | 3709/5000 [12:02:15<5:02:13, 14.05s/ep, cand 3708 | r0 pass 
1257/3679 | episodes solved 1257 | queue r0 1290 reprompt 0 | verifying 2 | 11.9 s/proposal]
first proposals:  74%|ΓûêΓûêΓûêΓûêΓûêΓûêΓûêΓûì  | 3710/5000 [12:02:30<5:05:20, 14.20s/ep, cand 3709 | r0 pass 
1257/3680 | episodes solved 1257 | queue r0 1288 reprompt 0 | verifying 3 | 11.8 s/proposal]
first proposals:  74%|ΓûêΓûêΓûêΓûêΓûêΓûêΓûêΓûì  | 3712/5000 [12:02:40<3:38:06, 10.16s/ep, cand 3711 | r0 pass 
1257/3682 | episodes solved 1257 | queue r0 1287 reprompt 0 | verifying 2 | 11.8 s/proposal]
first proposals:  74%|ΓûêΓûêΓûêΓûêΓûêΓûêΓûêΓûì  | 3713/5000 [12:02:51<3:44:06, 10.45s/ep, cand 3712 | r0 pass 
1257/3683 | episodes solved 1257 | queue r0 1286 reprompt 0 | verifying 2 | 11.9 s/proposal]
first proposals:  74%|ΓûêΓûêΓûêΓûêΓûêΓûêΓûêΓûì  | 3714/5000 [12:03:00<3:35:09, 10.04s/ep, cand 3713 | r0 pass 
1258/3684 | episodes solved 1258 | queue r0 1285 reprompt 0 | verifying 2 | 11.9 s/proposal]
first proposals:  74%|ΓûêΓûêΓûêΓûêΓûêΓûêΓûêΓûì  | 3715/5000 [12:03:18<4:19:14, 12.10s/ep, cand 3714 | r0 pass 
1258/3685 | episodes solved 1258 | queue r0 1284 reprompt 0 | verifying 2 | 11.8 s/proposal]
first proposals:  74%|ΓûêΓûêΓûêΓûêΓûêΓûêΓûêΓûì  | 3718/5000 [12:03:45<3:44:57, 10.53s/ep, cand 3717 | r0 pass 
1259/3688 | episodes solved 1259 | queue r0 1282 reprompt 0 | verifying 1 | 11.7 s/proposal]
first proposals:  74%|ΓûêΓûêΓûêΓûêΓûêΓûêΓûêΓûì  | 3720/5000 [12:04:00<3:23:45,  9.55s/ep, cand 3719 | r0 pass 
1260/3690 | episodes solved 1260 | queue r0 1279 reprompt 0 | verifying 2 | 11.6 s/proposal]
first proposals:  74%|ΓûêΓûêΓûêΓûêΓûêΓûêΓûêΓûì  | 3721/5000 [12:04:13<3:37:19, 10.19s/ep, cand 3720 | r0 pass 
1260/3691 | episodes solved 1260 | queue r0 1278 reprompt 0 | verifying 2 | 11.7 s/proposal]
first proposals:  74%|ΓûêΓûêΓûêΓûêΓûêΓûêΓûêΓûì  | 3722/5000 [12:04:30<4:04:57, 11.50s/ep, cand 3721 | r0 pass 
1261/3692 | episodes solved 1261 | queue r0 1277 reprompt 0 | verifying 2 | 11.7 s/proposal]
first proposals:  74%|ΓûêΓûêΓûêΓûêΓûêΓûêΓûêΓûì  | 3723/5000 [12:04:54<5:11:17, 14.63s/ep, cand 3722 | r0 pass 
1262/3693 | episodes solved 1262 | queue r0 1276 reprompt 0 | verifying 2 | 11.8 s/proposal]
first proposals:  74%|ΓûêΓûêΓûêΓûêΓûêΓûêΓûêΓûì  | 3725/5000 [12:05:15<4:36:28, 13.01s/ep, cand 3724 | r0 pass 
1262/3695 | episodes solved 1262 | queue r0 1274 reprompt 0 | verifying 2 | 11.9 s/proposal]
first proposals:  75%|ΓûêΓûêΓûêΓûêΓûêΓûêΓûêΓûì  | 3726/5000 [12:05:29<4:36:27, 13.02s/ep, cand 3725 | r0 pass 
1262/3696 | episodes solved 1262 | queue r0 1272 reprompt 0 | verifying 3 | 11.9 s/proposal]
first proposals:  75%|ΓûêΓûêΓûêΓûêΓûêΓûêΓûêΓûì  | 3728/5000 [12:05:41<3:38:54, 10.33s/ep, cand 3727 | r0 pass 
1262/3698 | episodes solved 1262 | queue r0 1271 reprompt 0 | verifying 2 | 11.9 s/proposal]
first proposals:  75%|ΓûêΓûêΓûêΓûêΓûêΓûêΓûêΓûì  | 3729/5000 [12:05:58<4:12:55, 11.94s/ep, cand 3728 | r0 pass 
1262/3699 | episodes solved 1262 | queue r0 1270 reprompt 0 | verifying 2 | 11.8 s/proposal]
first proposals:  75%|ΓûêΓûêΓûêΓûêΓûêΓûêΓûêΓûì  | 3730/5000 [12:06:10<4:09:49, 11.80s/ep, cand 3729 | r0 pass 
1263/3700 | episodes solved 1263 | queue r0 1268 reprompt 0 | verifying 3 | 11.7 s/proposal]
first proposals:  75%|ΓûêΓûêΓûêΓûêΓûêΓûêΓûêΓûì  | 3732/5000 [12:06:36<4:19:06, 12.26s/ep, cand 3731 | r0 pass 
1263/3702 | episodes solved 1263 | queue r0 1267 reprompt 0 | verifying 2 | 11.8 s/proposal]
first proposals:  75%|ΓûêΓûêΓûêΓûêΓûêΓûêΓûêΓûì  | 3733/5000 [12:06:48<4:20:31, 12.34s/ep, cand 3732 | r0 pass 
1264/3703 | episodes solved 1264 | queue r0 1265 reprompt 0 | verifying 3 | 11.7 s/proposal]
first proposals:  75%|ΓûêΓûêΓûêΓûêΓûêΓûêΓûêΓûì  | 3734/5000 [12:07:00<4:16:29, 12.16s/ep, cand 3733 | r0 pass 
1264/3704 | episodes solved 1264 | queue r0 1264 reprompt 0 | verifying 3 | 11.7 s/proposal]
first proposals:  75%|ΓûêΓûêΓûêΓûêΓûêΓûêΓûêΓûì  | 3735/5000 [12:07:09<3:58:01, 11.29s/ep, cand 3734 | r0 pass 
1264/3705 | episodes solved 1264 | queue r0 1263 reprompt 0 | verifying 3 | 11.7 s/proposal]
first proposals:  75%|ΓûêΓûêΓûêΓûêΓûêΓûêΓûêΓûì  | 3738/5000 [12:07:42<3:56:57, 11.27s/ep, cand 3737 | r0 pass 
1264/3708 | episodes solved 1264 | queue r0 1262 reprompt 0 | verifying 1 | 11.7 s/proposal]
first proposals:  75%|ΓûêΓûêΓûêΓûêΓûêΓûêΓûêΓûì  | 3739/5000 [12:07:56<4:05:18, 11.67s/ep, cand 3738 | r0 pass 
1265/3709 | episodes solved 1265 | queue r0 1259 reprompt 0 | verifying 3 | 11.4 s/proposal]
first proposals:  75%|ΓûêΓûêΓûêΓûêΓûêΓûêΓûêΓûì  | 3741/5000 [12:08:17<3:56:34, 11.27s/ep, cand 3740 | r0 pass 
1266/3711 | episodes solved 1266 | queue r0 1258 reprompt 0 | verifying 2 | 11.4 s/proposal]
first proposals:  75%|ΓûêΓûêΓûêΓûêΓûêΓûêΓûêΓûì  | 3743/5000 [12:08:38<3:52:22, 11.09s/ep, cand 3742 | r0 pass 
1267/3713 | episodes solved 1267 | queue r0 1256 reprompt 0 | verifying 2 | 11.3 s/proposal]
first proposals:  75%|ΓûêΓûêΓûêΓûêΓûêΓûêΓûêΓûì  | 3745/5000 [12:08:59<3:45:44, 10.79s/ep, cand 3744 | r0 pass 
1267/3715 | episodes solved 1267 | queue r0 1254 reprompt 0 | verifying 2 | 11.3 s/proposal]
first proposals:  75%|ΓûêΓûêΓûêΓûêΓûêΓûêΓûêΓûì  | 3746/5000 [12:09:09<3:41:52, 10.62s/ep, cand 3745 | r0 pass 
1267/3716 | episodes solved 1267 | queue r0 1252 reprompt 0 | verifying 3 | 11.3 s/proposal]
first proposals:  75%|ΓûêΓûêΓûêΓûêΓûêΓûêΓûêΓûì  | 3748/5000 [12:09:41<4:21:09, 12.52s/ep, cand 3747 | r0 pass 
1267/3718 | episodes solved 1267 | queue r0 1251 reprompt 0 | verifying 2 | 11.2 s/proposal]
first proposals:  75%|ΓûêΓûêΓûêΓûêΓûêΓûêΓûêΓûî  | 3751/5000 [12:10:11<3:59:30, 11.51s/ep, cand 3750 | r0 pass 
1268/3720 | episodes solved 1268 | queue r0 1250 reprompt 0 | verifying 0 | 11.6 s/proposal]
first proposals:  75%|ΓûêΓûêΓûêΓûêΓûêΓûêΓûêΓûî  | 3752/5000 [12:10:24<4:02:50, 11.67s/ep, cand 3751 | r0 pass 
1268/3721 | episodes solved 1268 | queue r0 1247 reprompt 0 | verifying 2 | 11.5 s/proposal]
first proposals:  75%|ΓûêΓûêΓûêΓûêΓûêΓûêΓûêΓûî  | 3753/5000 [12:10:46<4:46:49, 13.80s/ep, cand 3752 | r0 pass 
1268/3722 | episodes solved 1268 | queue r0 1246 reprompt 0 | verifying 2 | 11.6 s/proposal]
first proposals:  75%|ΓûêΓûêΓûêΓûêΓûêΓûêΓûêΓûî  | 3754/5000 [12:11:00<4:44:53, 13.72s/ep, cand 3753 | r0 pass 
1269/3723 | episodes solved 1269 | queue r0 1244 reprompt 0 | verifying 3 | 11.6 s/proposal]
first proposals:  75%|ΓûêΓûêΓûêΓûêΓûêΓûêΓûêΓûî  | 3756/5000 [12:11:11<3:41:45, 10.70s/ep, cand 3755 | r0 pass 
1269/3725 | episodes solved 1269 | queue r0 1243 reprompt 0 | verifying 2 | 11.6 s/proposal]
first proposals:  75%|ΓûêΓûêΓûêΓûêΓûêΓûêΓûêΓûî  | 3757/5000 [12:11:32<4:26:09, 12.85s/ep, cand 3756 | r0 pass 
1269/3726 | episodes solved 1269 | queue r0 1242 reprompt 0 | verifying 2 | 11.6 s/proposal]
first proposals:  75%|ΓûêΓûêΓûêΓûêΓûêΓûêΓûêΓûî  | 3759/5000 [12:11:43<3:28:57, 10.10s/ep, cand 3758 | r0 pass 
1269/3728 | episodes solved 1269 | queue r0 1240 reprompt 0 | verifying 2 | 11.5 s/proposal]
first proposals:  75%|ΓûêΓûêΓûêΓûêΓûêΓûêΓûêΓûî  | 3760/5000 [12:11:59<3:55:53, 11.41s/ep, cand 3759 | r0 pass 
1269/3729 | episodes solved 1269 | queue r0 1239 reprompt 0 | verifying 2 | 11.5 s/proposal]
first proposals:  75%|ΓûêΓûêΓûêΓûêΓûêΓûêΓûêΓûî  | 3761/5000 [12:12:20<4:39:55, 13.56s/ep, cand 3760 | r0 pass 
1269/3730 | episodes solved 1269 | queue r0 1238 reprompt 0 | verifying 2 | 11.6 s/proposal]
first proposals:  75%|ΓûêΓûêΓûêΓûêΓûêΓûêΓûêΓûî  | 3763/5000 [12:12:38<4:01:57, 11.74s/ep, cand 3762 | r0 pass 
1269/3732 | episodes solved 1269 | queue r0 1236 reprompt 0 | verifying 2 | 11.6 s/proposal]
first proposals:  75%|ΓûêΓûêΓûêΓûêΓûêΓûêΓûêΓûî  | 3764/5000 [12:12:51<4:06:53, 11.98s/ep, cand 3763 | r0 pass 
1269/3733 | episodes solved 1269 | queue r0 1234 reprompt 0 | verifying 3 | 11.5 s/proposal]
first proposals:  75%|ΓûêΓûêΓûêΓûêΓûêΓûêΓûêΓûî  | 3766/5000 [12:13:15<4:05:02, 11.91s/ep, cand 3765 | r0 pass 
1270/3735 | episodes solved 1270 | queue r0 1233 reprompt 0 | verifying 2 | 11.6 s/proposal]
first proposals:  75%|ΓûêΓûêΓûêΓûêΓûêΓûêΓûêΓûî  | 3767/5000 [12:13:25<3:59:18, 11.65s/ep, cand 3766 | r0 pass 
1270/3736 | episodes solved 1270 | queue r0 1231 reprompt 0 | verifying 3 | 11.7 s/proposal]
first proposals:  75%|ΓûêΓûêΓûêΓûêΓûêΓûêΓûêΓûî  | 3769/5000 [12:13:36<3:10:21,  9.28s/ep, cand 3768 | r0 pass 
1270/3738 | episodes solved 1270 | queue r0 1230 reprompt 0 | verifying 2 | 11.8 s/proposal]
first proposals:  75%|ΓûêΓûêΓûêΓûêΓûêΓûêΓûêΓûî  | 3770/5000 [12:13:57<4:02:21, 11.82s/ep, cand 3769 | r0 pass 
1271/3739 | episodes solved 1271 | queue r0 1229 reprompt 0 | verifying 2 | 11.8 s/proposal]
first proposals:  75%|ΓûêΓûêΓûêΓûêΓûêΓûêΓûêΓûî  | 3772/5000 [12:14:10<3:20:47,  9.81s/ep, cand 3771 | r0 pass 
1272/3741 | episodes solved 1272 | queue r0 1227 reprompt 0 | verifying 2 | 11.6 s/proposal]
first proposals:  75%|ΓûêΓûêΓûêΓûêΓûêΓûêΓûêΓûî  | 3773/5000 [12:14:20<3:21:18,  9.84s/ep, cand 3772 | r0 pass 
1273/3742 | episodes solved 1273 | queue r0 1226 reprompt 0 | verifying 2 | 11.6 s/proposal]
first proposals:  75%|ΓûêΓûêΓûêΓûêΓûêΓûêΓûêΓûî  | 3774/5000 [12:14:38<3:59:11, 11.71s/ep, cand 3773 | r0 pass 
1273/3743 | episodes solved 1273 | queue r0 1225 reprompt 0 | verifying 2 | 11.5 s/proposal]
first proposals:  76%|ΓûêΓûêΓûêΓûêΓûêΓûêΓûêΓûî  | 3775/5000 [12:14:49<3:52:32, 11.39s/ep, cand 3774 | r0 pass 
1273/3744 | episodes solved 1273 | queue r0 1223 reprompt 0 | verifying 3 | 11.4 s/proposal]
first proposals:  76%|ΓûêΓûêΓûêΓûêΓûêΓûêΓûêΓûî  | 3777/5000 [12:15:06<3:31:07, 10.36s/ep, cand 3776 | r0 pass 
1273/3746 | episodes solved 1273 | queue r0 1222 reprompt 0 | verifying 2 | 11.4 s/proposal]
first proposals:  76%|ΓûêΓûêΓûêΓûêΓûêΓûêΓûêΓûî  | 3779/5000 [12:15:31<3:44:45, 11.04s/ep, cand 3778 | r0 pass 
1273/3748 | episodes solved 1273 | queue r0 1221 reprompt 0 | verifying 1 | 11.5 s/proposal]
first proposals:  76%|ΓûêΓûêΓûêΓûêΓûêΓûêΓûêΓûî  | 3780/5000 [12:15:42<3:46:40, 11.15s/ep, cand 3779 | r0 pass 
1274/3749 | episodes solved 1274 | queue r0 1219 reprompt 0 | verifying 2 | 11.6 s/proposal]
first proposals:  76%|ΓûêΓûêΓûêΓûêΓûêΓûêΓûêΓûî  | 3781/5000 [12:15:51<3:32:36, 10.46s/ep, cand 3780 | r0 pass 
1274/3750 | episodes solved 1274 | queue r0 1218 reprompt 0 | verifying 2 | 11.6 s/proposal]
first proposals:  76%|ΓûêΓûêΓûêΓûêΓûêΓûêΓûêΓûî  | 3782/5000 [12:16:14<4:39:21, 13.76s/ep, cand 3781 | r0 pass 
1275/3751 | episodes solved 1275 | queue r0 1217 reprompt 0 | verifying 2 | 11.6 s/proposal]
first proposals:  76%|ΓûêΓûêΓûêΓûêΓûêΓûêΓûêΓûî  | 3784/5000 [12:16:25<3:27:05, 10.22s/ep, cand 3783 | r0 pass 
1277/3753 | episodes solved 1277 | queue r0 1215 reprompt 0 | verifying 2 | 11.5 s/proposal]
first proposals:  76%|ΓûêΓûêΓûêΓûêΓûêΓûêΓûêΓûî  | 3785/5000 [12:16:46<4:20:05, 12.84s/ep, cand 3784 | r0 pass 
1277/3754 | episodes solved 1277 | queue r0 1214 reprompt 0 | verifying 2 | 11.5 s/proposal]
first proposals:  76%|ΓûêΓûêΓûêΓûêΓûêΓûêΓûêΓûî  | 3787/5000 [12:17:13<4:22:33, 12.99s/ep, cand 3786 | r0 pass 
1278/3756 | episodes solved 1278 | queue r0 1212 reprompt 0 | verifying 2 | 11.5 s/proposal]
first proposals:  76%|ΓûêΓûêΓûêΓûêΓûêΓûêΓûêΓûî  | 3788/5000 [12:17:26<4:21:57, 12.97s/ep, cand 3787 | r0 pass 
1278/3757 | episodes solved 1278 | queue r0 1210 reprompt 0 | verifying 3 | 11.6 s/proposal]
first proposals:  76%|ΓûêΓûêΓûêΓûêΓûêΓûêΓûêΓûî  | 3790/5000 [12:17:50<4:14:42, 12.63s/ep, cand 3789 | r0 pass 
1279/3759 | episodes solved 1279 | queue r0 1209 reprompt 0 | verifying 2 | 11.6 s/proposal]
first proposals:  76%|ΓûêΓûêΓûêΓûêΓûêΓûêΓûêΓûî  | 3791/5000 [12:18:01<4:08:23, 12.33s/ep, cand 3790 | r0 pass 
1279/3760 | episodes solved 1279 | queue r0 1207 reprompt 0 | verifying 3 | 11.6 s/proposal]
first proposals:  76%|ΓûêΓûêΓûêΓûêΓûêΓûêΓûêΓûî  | 3793/5000 [12:18:11<3:10:13,  9.46s/ep, cand 3792 | r0 pass 
1279/3762 | episodes solved 1279 | queue r0 1206 reprompt 0 | verifying 2 | 11.6 s/proposal]
first proposals:  76%|ΓûêΓûêΓûêΓûêΓûêΓûêΓûêΓûî  | 3794/5000 [12:18:32<3:59:02, 11.89s/ep, cand 3793 | r0 pass 
1279/3763 | episodes solved 1279 | queue r0 1205 reprompt 0 | verifying 2 | 11.6 s/proposal]
first proposals:  76%|ΓûêΓûêΓûêΓûêΓûêΓûêΓûêΓûî  | 3795/5000 [12:18:44<4:01:42, 12.04s/ep, cand 3794 | r0 pass 
1280/3764 | episodes solved 1280 | queue r0 1203 reprompt 0 | verifying 3 | 11.6 s/proposal]
first proposals:  76%|ΓûêΓûêΓûêΓûêΓûêΓûêΓûêΓûî  | 3798/5000 [12:19:08<3:20:34, 10.01s/ep, cand 3797 | r0 pass 
1280/3767 | episodes solved 1280 | queue r0 1202 reprompt 0 | verifying 1 | 11.7 s/proposal]
first proposals:  76%|ΓûêΓûêΓûêΓûêΓûêΓûêΓûêΓûî  | 3799/5000 [12:19:17<3:18:01,  9.89s/ep, cand 3798 | r0 pass 
1281/3768 | episodes solved 1281 | queue r0 1200 reprompt 0 | verifying 2 | 11.3 s/proposal]
first proposals:  76%|ΓûêΓûêΓûêΓûêΓûêΓûêΓûêΓûî  | 3800/5000 [12:19:41<4:16:07, 12.81s/ep, cand 3799 | r0 pass 
1281/3769 | episodes solved 1281 | queue r0 1199 reprompt 0 | verifying 2 | 11.3 s/proposal]
first proposals:  76%|ΓûêΓûêΓûêΓûêΓûêΓûêΓûêΓûî  | 3802/5000 [12:19:54<3:29:12, 10.48s/ep, cand 3801 | r0 pass 
1282/3771 | episodes solved 1282 | queue r0 1197 reprompt 0 | verifying 2 | 11.4 s/proposal]
first proposals:  76%|ΓûêΓûêΓûêΓûêΓûêΓûêΓûêΓûî  | 3803/5000 [12:20:19<4:28:55, 13.48s/ep, cand 3802 | r0 pass 
1283/3772 | episodes solved 1283 | queue r0 1196 reprompt 0 | verifying 2 | 11.4 s/proposal]
first proposals:  76%|ΓûêΓûêΓûêΓûêΓûêΓûêΓûêΓûî  | 3804/5000 [12:20:31<4:21:57, 13.14s/ep, cand 3803 | r0 pass 
1284/3773 | episodes solved 1284 | queue r0 1194 reprompt 0 | verifying 3 | 11.4 s/proposal]
first proposals:  76%|ΓûêΓûêΓûêΓûêΓûêΓûêΓûêΓûî  | 3806/5000 [12:20:42<3:20:58, 10.10s/ep, cand 3805 | r0 pass 
1286/3775 | episodes solved 1286 | queue r0 1193 reprompt 0 | verifying 2 | 11.4 s/proposal]
first proposals:  76%|ΓûêΓûêΓûêΓûêΓûêΓûêΓûêΓûî  | 3808/5000 [12:21:15<4:06:42, 12.42s/ep, cand 3807 | r0 pass 
1287/3777 | episodes solved 1287 | queue r0 1192 reprompt 0 | verifying 1 | 11.4 s/proposal]
first proposals:  76%|ΓûêΓûêΓûêΓûêΓûêΓûêΓûêΓûî  | 3809/5000 [12:21:28<4:10:56, 12.64s/ep, cand 3808 | r0 pass 
1287/3778 | episodes solved 1287 | queue r0 1189 reprompt 0 | verifying 3 | 11.4 s/proposal]
first proposals:  76%|ΓûêΓûêΓûêΓûêΓûêΓûêΓûêΓûî  | 3811/5000 [12:21:47<3:46:41, 11.44s/ep, cand 3810 | r0 pass 
1289/3780 | episodes solved 1289 | queue r0 1188 reprompt 0 | verifying 2 | 11.3 s/proposal]
first proposals:  76%|ΓûêΓûêΓûêΓûêΓûêΓûêΓûêΓûî  | 3812/5000 [12:22:01<3:56:20, 11.94s/ep, cand 3811 | r0 pass 
1290/3781 | episodes solved 1290 | queue r0 1186 reprompt 0 | verifying 3 | 11.3 s/proposal]
first proposals:  76%|ΓûêΓûêΓûêΓûêΓûêΓûêΓûêΓûï  | 3814/5000 [12:22:23<3:48:21, 11.55s/ep, cand 3813 | r0 pass 
1290/3783 | episodes solved 1290 | queue r0 1185 reprompt 0 | verifying 2 | 11.4 s/proposal]
first proposals:  76%|ΓûêΓûêΓûêΓûêΓûêΓûêΓûêΓûï  | 3816/5000 [12:22:36<3:13:08,  9.79s/ep, cand 3815 | r0 pass 
1290/3785 | episodes solved 1290 | queue r0 1183 reprompt 0 | verifying 2 | 11.4 s/proposal]
first proposals:  76%|ΓûêΓûêΓûêΓûêΓûêΓûêΓûêΓûï  | 3817/5000 [12:22:56<3:54:19, 11.88s/ep, cand 3816 | r0 pass 
1290/3786 | episodes solved 1290 | queue r0 1182 reprompt 0 | verifying 2 | 11.4 s/proposal]
first proposals:  76%|ΓûêΓûêΓûêΓûêΓûêΓûêΓûêΓûï  | 3818/5000 [12:23:07<3:48:38, 11.61s/ep, cand 3817 | r0 pass 
1291/3787 | episodes solved 1291 | queue r0 1180 reprompt 0 | verifying 3 | 11.4 s/proposal]
first proposals:  76%|ΓûêΓûêΓûêΓûêΓûêΓûêΓûêΓûï  | 3819/5000 [12:23:17<3:40:11, 11.19s/ep, cand 3818 | r0 pass 
1291/3788 | episodes solved 1291 | queue r0 1179 reprompt 0 | verifying 3 | 11.4 s/proposal]
first proposals:  76%|ΓûêΓûêΓûêΓûêΓûêΓûêΓûêΓûï  | 3820/5000 [12:23:27<3:34:39, 10.91s/ep, cand 3819 | r0 pass 
1291/3789 | episodes solved 1291 | queue r0 1178 reprompt 0 | verifying 3 | 11.3 s/proposal]
first proposals:  76%|ΓûêΓûêΓûêΓûêΓûêΓûêΓûêΓûï  | 3821/5000 [12:23:38<3:35:26, 10.96s/ep, cand 3820 | r0 pass 
1292/3790 | episodes solved 1292 | queue r0 1177 reprompt 0 | verifying 3 | 11.3 s/proposal]
first proposals:  76%|ΓûêΓûêΓûêΓûêΓûêΓûêΓûêΓûï  | 3822/5000 [12:23:49<3:35:26, 10.97s/ep, cand 3821 | r0 pass 
1292/3791 | episodes solved 1292 | queue r0 1176 reprompt 0 | verifying 3 | 11.3 s/proposal]
first proposals:  76%|ΓûêΓûêΓûêΓûêΓûêΓûêΓûêΓûï  | 3823/5000 [12:24:00<3:33:54, 10.90s/ep, cand 3822 | r0 pass 
1292/3792 | episodes solved 1292 | queue r0 1175 reprompt 0 | verifying 3 | 11.3 s/proposal]
first proposals:  76%|ΓûêΓûêΓûêΓûêΓûêΓûêΓûêΓûï  | 3824/5000 [12:24:08<3:20:35, 10.23s/ep, cand 3823 | r0 pass 
1292/3793 | episodes solved 1292 | queue r0 1174 reprompt 0 | verifying 3 | 11.4 s/proposal]
first proposals:  76%|ΓûêΓûêΓûêΓûêΓûêΓûêΓûêΓûï  | 3825/5000 [12:24:32<4:38:14, 14.21s/ep, cand 3824 | r0 pass 
1293/3794 | episodes solved 1293 | queue r0 1173 reprompt 0 | verifying 3 | 11.4 s/proposal]
first proposals:  77%|ΓûêΓûêΓûêΓûêΓûêΓûêΓûêΓûï  | 3827/5000 [12:24:39<3:05:00,  9.46s/ep, cand 3826 | r0 pass 
1293/3796 | episodes solved 1293 | queue r0 1171 reprompt 0 | verifying 3 | 11.3 s/proposal]
first proposals:  77%|ΓûêΓûêΓûêΓûêΓûêΓûêΓûêΓûï  | 3828/5000 [12:24:49<3:05:26,  9.49s/ep, cand 3827 | r0 pass 
1293/3797 | episodes solved 1293 | queue r0 1170 reprompt 0 | verifying 3 | 11.2 s/proposal]
first proposals:  77%|ΓûêΓûêΓûêΓûêΓûêΓûêΓûêΓûï  | 3830/5000 [12:25:00<2:31:12,  7.75s/ep, cand 3829 | r0 pass 
1293/3799 | episodes solved 1293 | queue r0 1169 reprompt 0 | verifying 2 | 11.1 s/proposal]
first proposals:  77%|ΓûêΓûêΓûêΓûêΓûêΓûêΓûêΓûï  | 3831/5000 [12:25:20<3:25:31, 10.55s/ep, cand 3830 | r0 pass 
1293/3800 | episodes solved 1293 | queue r0 1168 reprompt 0 | verifying 2 | 11.1 s/proposal]
first proposals:  77%|ΓûêΓûêΓûêΓûêΓûêΓûêΓûêΓûï  | 3833/5000 [12:25:40<3:22:31, 10.41s/ep, cand 3832 | r0 pass 
1295/3802 | episodes solved 1295 | queue r0 1166 reprompt 0 | verifying 2 | 11.1 s/proposal]
first proposals:  77%|ΓûêΓûêΓûêΓûêΓûêΓûêΓûêΓûï  | 3834/5000 [12:25:53<3:33:39, 10.99s/ep, cand 3833 | r0 pass 
1295/3803 | episodes solved 1295 | queue r0 1164 reprompt 0 | verifying 3 | 11.1 s/proposal]
first proposals:  77%|ΓûêΓûêΓûêΓûêΓûêΓûêΓûêΓûï  | 3835/5000 [12:26:04<3:34:30, 11.05s/ep, cand 3834 | r0 pass 
1295/3804 | episodes solved 1295 | queue r0 1163 reprompt 0 | verifying 3 | 11.1 s/proposal]
first proposals:  77%|ΓûêΓûêΓûêΓûêΓûêΓûêΓûêΓûï  | 3837/5000 [12:26:30<3:47:40, 11.75s/ep, cand 3836 | r0 pass 
1297/3806 | episodes solved 1297 | queue r0 1162 reprompt 0 | verifying 2 | 11.1 s/proposal]
first proposals:  77%|ΓûêΓûêΓûêΓûêΓûêΓûêΓûêΓûï  | 3839/5000 [12:26:40<2:59:11,  9.26s/ep, cand 3838 | r0 pass 
1297/3808 | episodes solved 1297 | queue r0 1160 reprompt 0 | verifying 2 | 11.1 s/proposal]
first proposals:  77%|ΓûêΓûêΓûêΓûêΓûêΓûêΓûêΓûï  | 3840/5000 [12:26:55<3:21:20, 10.41s/ep, cand 3839 | r0 pass 
1298/3809 | episodes solved 1298 | queue r0 1159 reprompt 0 | verifying 2 | 11.0 s/proposal]
first proposals:  77%|ΓûêΓûêΓûêΓûêΓûêΓûêΓûêΓûï  | 3841/5000 [12:27:07<3:31:42, 10.96s/ep, cand 3840 | r0 pass 
1298/3810 | episodes solved 1298 | queue r0 1158 reprompt 0 | verifying 2 | 11.1 s/proposal]
first proposals:  77%|ΓûêΓûêΓûêΓûêΓûêΓûêΓûêΓûï  | 3842/5000 [12:27:18<3:30:29, 10.91s/ep, cand 3841 | r0 pass 
1299/3811 | episodes solved 1299 | queue r0 1157 reprompt 0 | verifying 2 | 11.1 s/proposal]
first proposals:  77%|ΓûêΓûêΓûêΓûêΓûêΓûêΓûêΓûï  | 3843/5000 [12:27:35<4:00:38, 12.48s/ep, cand 3842 | r0 pass 
1300/3812 | episodes solved 1300 | queue r0 1156 reprompt 0 | verifying 2 | 11.1 s/proposal]
first proposals:  77%|ΓûêΓûêΓûêΓûêΓûêΓûêΓûêΓûï  | 3845/5000 [12:27:57<3:46:25, 11.76s/ep, cand 3844 | r0 pass 
1300/3814 | episodes solved 1300 | queue r0 1154 reprompt 0 | verifying 2 | 11.0 s/proposal]
first proposals:  77%|ΓûêΓûêΓûêΓûêΓûêΓûêΓûêΓûï  | 3847/5000 [12:28:05<2:49:06,  8.80s/ep, cand 3846 | r0 pass 
1300/3816 | episodes solved 1300 | queue r0 1152 reprompt 0 | verifying 2 | 11.0 s/proposal]
first proposals:  77%|ΓûêΓûêΓûêΓûêΓûêΓûêΓûêΓûï  | 3849/5000 [12:28:21<2:45:18,  8.62s/ep, cand 3848 | r0 pass 
1301/3818 | episodes solved 1301 | queue r0 1151 reprompt 0 | verifying 1 | 10.9 s/proposal]
first proposals:  77%|ΓûêΓûêΓûêΓûêΓûêΓûêΓûêΓûï  | 3850/5000 [12:28:39<3:19:45, 10.42s/ep, cand 3849 | r0 pass 
1301/3819 | episodes solved 1301 | queue r0 1149 reprompt 0 | verifying 2 | 10.8 s/proposal]
first proposals:  77%|ΓûêΓûêΓûêΓûêΓûêΓûêΓûêΓûï  | 3852/5000 [12:28:51<2:47:40,  8.76s/ep, cand 3851 | r0 pass 
1303/3821 | episodes solved 1303 | queue r0 1147 reprompt 0 | verifying 2 | 10.7 s/proposal]
first proposals:  77%|ΓûêΓûêΓûêΓûêΓûêΓûêΓûêΓûï  | 3853/5000 [12:29:13<3:40:19, 11.53s/ep, cand 3852 | r0 pass 
1303/3822 | episodes solved 1303 | queue r0 1146 reprompt 0 | verifying 2 | 10.7 s/proposal]
first proposals:  77%|ΓûêΓûêΓûêΓûêΓûêΓûêΓûêΓûï  | 3855/5000 [12:29:23<2:54:36,  9.15s/ep, cand 3854 | r0 pass 
1304/3824 | episodes solved 1304 | queue r0 1144 reprompt 0 | verifying 2 | 10.6 s/proposal]
first proposals:  77%|ΓûêΓûêΓûêΓûêΓûêΓûêΓûêΓûï  | 3857/5000 [12:29:45<3:08:27,  9.89s/ep, cand 3856 | r0 pass 
1305/3826 | episodes solved 1305 | queue r0 1143 reprompt 0 | verifying 1 | 10.6 s/proposal]
first proposals:  77%|ΓûêΓûêΓûêΓûêΓûêΓûêΓûêΓûï  | 3859/5000 [12:30:03<3:02:31,  9.60s/ep, cand 3858 | r0 pass 
1306/3828 | episodes solved 1306 | queue r0 1141 reprompt 0 | verifying 1 | 10.6 s/proposal]
first proposals:  77%|ΓûêΓûêΓûêΓûêΓûêΓûêΓûêΓûï  | 3860/5000 [12:30:24<3:41:29, 11.66s/ep, cand 3859 | r0 pass 
1306/3829 | episodes solved 1306 | queue r0 1139 reprompt 0 | verifying 2 | 10.5 s/proposal]
first proposals:  77%|ΓûêΓûêΓûêΓûêΓûêΓûêΓûêΓûï  | 3861/5000 [12:30:35<3:38:54, 11.53s/ep, cand 3860 | r0 pass 
1307/3830 | episodes solved 1307 | queue r0 1137 reprompt 0 | verifying 3 | 10.5 s/proposal]
first proposals:  77%|ΓûêΓûêΓûêΓûêΓûêΓûêΓûêΓûï  | 3862/5000 [12:30:48<3:45:53, 11.91s/ep, cand 3861 | r0 pass 
1307/3831 | episodes solved 1307 | queue r0 1136 reprompt 0 | verifying 3 | 10.5 s/proposal]
first proposals:  77%|ΓûêΓûêΓûêΓûêΓûêΓûêΓûêΓûï  | 3864/5000 [12:31:13<3:47:55, 12.04s/ep, cand 3863 | r0 pass 
1308/3833 | episodes solved 1308 | queue r0 1135 reprompt 0 | verifying 2 | 10.5 s/proposal]
first proposals:  77%|ΓûêΓûêΓûêΓûêΓûêΓûêΓûêΓûï  | 3866/5000 [12:31:22<2:55:40,  9.29s/ep, cand 3865 | r0 pass 
1309/3835 | episodes solved 1309 | queue r0 1133 reprompt 0 | verifying 2 | 10.6 s/proposal]
first proposals:  77%|ΓûêΓûêΓûêΓûêΓûêΓûêΓûêΓûï  | 3867/5000 [12:31:58<4:42:59, 14.99s/ep, cand 3866 | r0 pass 
1309/3836 | episodes solved 1309 | queue r0 1132 reprompt 0 | verifying 2 | 10.5 s/proposal]
first proposals:  77%|ΓûêΓûêΓûêΓûêΓûêΓûêΓûêΓûï  | 3870/5000 [12:32:22<3:38:50, 11.62s/ep, cand 3869 | r0 pass 
1310/3839 | episodes solved 1310 | queue r0 1129 reprompt 0 | verifying 2 | 10.6 s/proposal]
first proposals:  77%|ΓûêΓûêΓûêΓûêΓûêΓûêΓûêΓûï  | 3872/5000 [12:32:43<3:32:16, 11.29s/ep, cand 3871 | r0 pass 
1311/3841 | episodes solved 1311 | queue r0 1127 reprompt 0 | verifying 2 | 10.7 s/proposal]
first proposals:  77%|ΓûêΓûêΓûêΓûêΓûêΓûêΓûêΓûï  | 3873/5000 [12:32:53<3:26:56, 11.02s/ep, cand 3872 | r0 pass 
1311/3842 | episodes solved 1311 | queue r0 1125 reprompt 0 | verifying 3 | 10.6 s/proposal]
first proposals:  77%|ΓûêΓûêΓûêΓûêΓûêΓûêΓûêΓûï  | 3874/5000 [12:33:08<3:44:22, 11.96s/ep, cand 3873 | r0 pass 
1312/3843 | episodes solved 1312 | queue r0 1124 reprompt 0 | verifying 3 | 10.6 s/proposal]
first proposals:  78%|ΓûêΓûêΓûêΓûêΓûêΓûêΓûêΓûè  | 3875/5000 [12:33:19<3:38:30, 11.65s/ep, cand 3874 | r0 pass 
1312/3844 | episodes solved 1312 | queue r0 1123 reprompt 0 | verifying 3 | 10.8 s/proposal]
first proposals:  78%|ΓûêΓûêΓûêΓûêΓûêΓûêΓûêΓûè  | 3877/5000 [12:33:36<3:15:44, 10.46s/ep, cand 3876 | r0 pass 
1313/3846 | episodes solved 1313 | queue r0 1122 reprompt 0 | verifying 2 | 10.8 s/proposal]
first proposals:  78%|ΓûêΓûêΓûêΓûêΓûêΓûêΓûêΓûè  | 3879/5000 [12:34:00<3:25:51, 11.02s/ep, cand 3878 | r0 pass 
1313/3848 | episodes solved 1313 | queue r0 1120 reprompt 0 | verifying 2 | 10.7 s/proposal]
first proposals:  78%|ΓûêΓûêΓûêΓûêΓûêΓûêΓûêΓûè  | 3880/5000 [12:34:12<3:27:12, 11.10s/ep, cand 3879 | r0 pass 
1314/3849 | episodes solved 1314 | queue r0 1118 reprompt 0 | verifying 3 | 10.8 s/proposal]
first proposals:  78%|ΓûêΓûêΓûêΓûêΓûêΓûêΓûêΓûè  | 3881/5000 [12:34:26<3:39:03, 11.75s/ep, cand 3880 | r0 pass 
1315/3850 | episodes solved 1315 | queue r0 1117 reprompt 0 | verifying 3 | 10.8 s/proposal]
first proposals:  78%|ΓûêΓûêΓûêΓûêΓûêΓûêΓûêΓûè  | 3883/5000 [12:34:49<3:37:02, 11.66s/ep, cand 3882 | r0 pass 
1316/3852 | episodes solved 1316 | queue r0 1116 reprompt 0 | verifying 2 | 10.9 s/proposal]
first proposals:  78%|ΓûêΓûêΓûêΓûêΓûêΓûêΓûêΓûè  | 3885/5000 [12:35:13<3:41:14, 11.91s/ep, cand 3884 | r0 pass 
1317/3854 | episodes solved 1317 | queue r0 1114 reprompt 0 | verifying 2 | 10.9 s/proposal]
first proposals:  78%|ΓûêΓûêΓûêΓûêΓûêΓûêΓûêΓûè  | 3887/5000 [12:35:35<3:35:17, 11.61s/ep, cand 3886 | r0 pass 
1317/3856 | episodes solved 1317 | queue r0 1112 reprompt 0 | verifying 2 | 10.9 s/proposal]
first proposals:  78%|ΓûêΓûêΓûêΓûêΓûêΓûêΓûêΓûè  | 3888/5000 [12:35:51<3:51:03, 12.47s/ep, cand 3887 | r0 pass 
1318/3857 | episodes solved 1318 | queue r0 1110 reprompt 0 | verifying 3 | 10.9 s/proposal]
first proposals:  78%|ΓûêΓûêΓûêΓûêΓûêΓûêΓûêΓûè  | 3890/5000 [12:36:02<3:03:51,  9.94s/ep, cand 3889 | r0 pass 
1318/3859 | episodes solved 1318 | queue r0 1109 reprompt 0 | verifying 2 | 11.0 s/proposal]
first proposals:  78%|ΓûêΓûêΓûêΓûêΓûêΓûêΓûêΓûè  | 3892/5000 [12:36:37<3:50:27, 12.48s/ep, cand 3891 | r0 pass 
1318/3861 | episodes solved 1318 | queue r0 1108 reprompt 0 | verifying 1 | 10.9 s/proposal]
first proposals:  78%|ΓûêΓûêΓûêΓûêΓûêΓûêΓûêΓûè  | 3895/5000 [12:37:08<3:33:25, 11.59s/ep, cand 3894 | r0 pass 
1318/3864 | episodes solved 1318 | queue r0 1105 reprompt 0 | verifying 1 | 11.0 s/proposal]
first proposals:  78%|ΓûêΓûêΓûêΓûêΓûêΓûêΓûêΓûè  | 3896/5000 [12:37:18<3:26:22, 11.22s/ep, cand 3895 | r0 pass 
1318/3865 | episodes solved 1318 | queue r0 1102 reprompt 0 | verifying 3 | 11.0 s/proposal]
first proposals:  78%|ΓûêΓûêΓûêΓûêΓûêΓûêΓûêΓûè  | 3898/5000 [12:37:29<2:54:22,  9.49s/ep, cand 3897 | r0 pass 
1318/3867 | episodes solved 1318 | queue r0 1101 reprompt 0 | verifying 2 | 11.0 s/proposal]
first proposals:  78%|ΓûêΓûêΓûêΓûêΓûêΓûêΓûêΓûè  | 3899/5000 [12:38:07<4:30:08, 14.72s/ep, cand 3898 | r0 pass 
1318/3868 | episodes solved 1318 | queue r0 1100 reprompt 0 | verifying 2 | 11.1 s/proposal]
first proposals:  78%|ΓûêΓûêΓûêΓûêΓûêΓûêΓûêΓûè  | 3903/5000 [12:38:28<3:00:12,  9.86s/ep, cand 3902 | r0 pass 
1318/3871 | episodes solved 1318 | queue r0 1098 reprompt 0 | verifying 0 | 11.5 s/proposal]
first proposals:  78%|ΓûêΓûêΓûêΓûêΓûêΓûêΓûêΓûè  | 3904/5000 [12:39:02<4:09:35, 13.66s/ep, cand 3903 | r0 pass 
1318/3872 | episodes solved 1318 | queue r0 1096 reprompt 0 | verifying 1 | 11.5 s/proposal]
first proposals:  78%|ΓûêΓûêΓûêΓûêΓûêΓûêΓûêΓûè  | 3906/5000 [12:39:14<3:26:22, 11.32s/ep, cand 3905 | r0 pass 
1319/3874 | episodes solved 1319 | queue r0 1093 reprompt 0 | verifying 2 | 11.5 s/proposal]
first proposals:  78%|ΓûêΓûêΓûêΓûêΓûêΓûêΓûêΓûè  | 3907/5000 [12:39:23<3:15:55, 10.75s/ep, cand 3906 | r0 pass 
1319/3875 | episodes solved 1319 | queue r0 1092 reprompt 0 | verifying 2 | 11.5 s/proposal]
first proposals:  78%|ΓûêΓûêΓûêΓûêΓûêΓûêΓûêΓûè  | 3908/5000 [12:39:33<3:14:21, 10.68s/ep, cand 3907 | r0 pass 
1319/3876 | episodes solved 1319 | queue r0 1091 reprompt 0 | verifying 2 | 11.5 s/proposal]
first proposals:  78%|ΓûêΓûêΓûêΓûêΓûêΓûêΓûêΓûè  | 3909/5000 [12:39:41<3:05:26, 10.20s/ep, cand 3908 | r0 pass 
1319/3877 | episodes solved 1319 | queue r0 1090 reprompt 0 | verifying 2 | 11.5 s/proposal]
first proposals:  78%|ΓûêΓûêΓûêΓûêΓûêΓûêΓûêΓûè  | 3910/5000 [12:40:04<3:59:05, 13.16s/ep, cand 3909 | r0 pass 
1319/3878 | episodes solved 1319 | queue r0 1089 reprompt 0 | verifying 2 | 11.5 s/proposal]
first proposals:  78%|ΓûêΓûêΓûêΓûêΓûêΓûêΓûêΓûè  | 3912/5000 [12:40:17<3:09:19, 10.44s/ep, cand 3911 | r0 pass 
1320/3880 | episodes solved 1320 | queue r0 1087 reprompt 0 | verifying 2 | 11.6 s/proposal]
first proposals:  78%|ΓûêΓûêΓûêΓûêΓûêΓûêΓûêΓûè  | 3913/5000 [12:40:26<3:04:14, 10.17s/ep, cand 3912 | r0 pass 
1321/3881 | episodes solved 1321 | queue r0 1086 reprompt 0 | verifying 2 | 11.6 s/proposal]
first proposals:  78%|ΓûêΓûêΓûêΓûêΓûêΓûêΓûêΓûè  | 3914/5000 [12:40:47<3:51:01, 12.76s/ep, cand 3913 | r0 pass 
1321/3882 | episodes solved 1321 | queue r0 1085 reprompt 0 | verifying 2 | 11.5 s/proposal]
first proposals:  78%|ΓûêΓûêΓûêΓûêΓûêΓûêΓûêΓûè  | 3915/5000 [12:40:59<3:45:27, 12.47s/ep, cand 3914 | r0 pass 
1321/3883 | episodes solved 1321 | queue r0 1083 reprompt 0 | verifying 3 | 11.4 s/proposal]
first proposals:  78%|ΓûêΓûêΓûêΓûêΓûêΓûêΓûêΓûè  | 3916/5000 [12:41:12<3:50:18, 12.75s/ep, cand 3915 | r0 pass 
1321/3884 | episodes solved 1321 | queue r0 1082 reprompt 0 | verifying 3 | 11.5 s/proposal]
first proposals:  78%|ΓûêΓûêΓûêΓûêΓûêΓûêΓûêΓûè  | 3918/5000 [12:41:26<3:02:59, 10.15s/ep, cand 3917 | r0 pass 
1323/3886 | episodes solved 1323 | queue r0 1081 reprompt 0 | verifying 2 | 11.6 s/proposal]
first proposals:  78%|ΓûêΓûêΓûêΓûêΓûêΓûêΓûêΓûè  | 3919/5000 [12:41:48<3:57:25, 13.18s/ep, cand 3918 | r0 pass 
1323/3887 | episodes solved 1323 | queue r0 1080 reprompt 0 | verifying 2 | 11.5 s/proposal]
first proposals:  78%|ΓûêΓûêΓûêΓûêΓûêΓûêΓûêΓûè  | 3921/5000 [12:41:59<2:59:57, 10.01s/ep, cand 3920 | r0 pass 
1324/3889 | episodes solved 1324 | queue r0 1078 reprompt 0 | verifying 2 | 11.6 s/proposal]
first proposals:  78%|ΓûêΓûêΓûêΓûêΓûêΓûêΓûêΓûè  | 3922/5000 [12:42:12<3:10:08, 10.58s/ep, cand 3921 | r0 pass 
1324/3890 | episodes solved 1324 | queue r0 1077 reprompt 0 | verifying 2 | 11.5 s/proposal]
first proposals:  78%|ΓûêΓûêΓûêΓûêΓûêΓûêΓûêΓûè  | 3923/5000 [12:42:24<3:18:06, 11.04s/ep, cand 3922 | r0 pass 
1325/3891 | episodes solved 1325 | queue r0 1076 reprompt 0 | verifying 2 | 11.5 s/proposal]
first proposals:  78%|ΓûêΓûêΓûêΓûêΓûêΓûêΓûêΓûè  | 3924/5000 [12:42:44<3:58:26, 13.30s/ep, cand 3923 | r0 pass 
1326/3892 | episodes solved 1326 | queue r0 1075 reprompt 0 | verifying 2 | 11.6 s/proposal]
first proposals:  79%|ΓûêΓûêΓûêΓûêΓûêΓûêΓûêΓûè  | 3926/5000 [12:42:56<3:03:10, 10.23s/ep, cand 3925 | r0 pass 
1327/3894 | episodes solved 1327 | queue r0 1073 reprompt 0 | verifying 2 | 11.5 s/proposal]
first proposals:  79%|ΓûêΓûêΓûêΓûêΓûêΓûêΓûêΓûè  | 3927/5000 [12:43:37<5:12:16, 17.46s/ep, cand 3926 | r0 pass 
1327/3895 | episodes solved 1327 | queue r0 1072 reprompt 0 | verifying 2 | 11.5 s/proposal]
first proposals:  79%|ΓûêΓûêΓûêΓûêΓûêΓûêΓûêΓûè  | 3931/5000 [12:43:55<2:57:10,  9.94s/ep, cand 3930 | r0 pass 
1330/3898 | episodes solved 1330 | queue r0 1070 reprompt 0 | verifying 0 | 12.0 s/proposal]
first proposals:  79%|ΓûêΓûêΓûêΓûêΓûêΓûêΓûêΓûè  | 3931/5000 [12:44:06<2:57:10,  9.94s/ep, cand 3931 | r0 pass 
1330/3899 | episodes solved 1330 | queue r0 1068 reprompt 0 | verifying 1 | 11.8 s/proposal]
first proposals:  79%|ΓûêΓûêΓûêΓûêΓûêΓûêΓûêΓûè  | 3932/5000 [12:44:19<3:40:40, 12.40s/ep, cand 3931 | r0 pass 
1330/3899 | episodes solved 1330 | queue r0 1068 reprompt 0 | verifying 1 | 11.8 s/proposal]
first proposals:  79%|ΓûêΓûêΓûêΓûêΓûêΓûêΓûêΓûè  | 3933/5000 [12:44:32<3:40:47, 12.42s/ep, cand 3932 | r0 pass 
1331/3900 | episodes solved 1331 | queue r0 1066 reprompt 0 | verifying 2 | 11.8 s/proposal]
first proposals:  79%|ΓûêΓûêΓûêΓûêΓûêΓûêΓûêΓûè  | 3934/5000 [12:44:58<4:35:54, 15.53s/ep, cand 3933 | r0 pass 
1332/3901 | episodes solved 1332 | queue r0 1065 reprompt 0 | verifying 2 | 11.9 s/proposal]
first proposals:  79%|ΓûêΓûêΓûêΓûêΓûêΓûêΓûêΓûè  | 3936/5000 [12:45:11<3:31:48, 11.94s/ep, cand 3935 | r0 pass 
1333/3903 | episodes solved 1333 | queue r0 1063 reprompt 0 | verifying 2 | 11.9 s/proposal]
first proposals:  79%|ΓûêΓûêΓûêΓûêΓûêΓûêΓûêΓûè  | 3937/5000 [12:45:22<3:27:53, 11.73s/ep, cand 3936 | r0 pass 
1333/3904 | episodes solved 1333 | queue r0 1062 reprompt 0 | verifying 2 | 11.9 s/proposal]
first proposals:  79%|ΓûêΓûêΓûêΓûêΓûêΓûêΓûêΓûë  | 3938/5000 [12:45:32<3:23:32, 11.50s/ep, cand 3937 | r0 pass 
1333/3905 | episodes solved 1333 | queue r0 1061 reprompt 0 | verifying 2 | 11.9 s/proposal]
first proposals:  79%|ΓûêΓûêΓûêΓûêΓûêΓûêΓûêΓûë  | 3939/5000 [12:45:41<3:09:35, 10.72s/ep, cand 3938 | r0 pass 
1333/3906 | episodes solved 1333 | queue r0 1060 reprompt 0 | verifying 2 | 11.9 s/proposal]
first proposals:  79%|ΓûêΓûêΓûêΓûêΓûêΓûêΓûêΓûë  | 3940/5000 [12:46:06<4:15:50, 14.48s/ep, cand 3939 | r0 pass 
1334/3907 | episodes solved 1334 | queue r0 1059 reprompt 0 | verifying 2 | 11.7 s/proposal]
first proposals:  79%|ΓûêΓûêΓûêΓûêΓûêΓûêΓûêΓûë  | 3942/5000 [12:46:16<3:04:58, 10.49s/ep, cand 3941 | r0 pass 
1336/3909 | episodes solved 1336 | queue r0 1057 reprompt 0 | verifying 2 | 11.8 s/proposal]
first proposals:  79%|ΓûêΓûêΓûêΓûêΓûêΓûêΓûêΓûë  | 3943/5000 [12:46:40<4:01:58, 13.74s/ep, cand 3942 | r0 pass 
1336/3910 | episodes solved 1336 | queue r0 1056 reprompt 0 | verifying 2 | 11.8 s/proposal]
first proposals:  79%|ΓûêΓûêΓûêΓûêΓûêΓûêΓûêΓûë  | 3945/5000 [12:47:04<3:46:16, 12.87s/ep, cand 3944 | r0 pass 
1337/3912 | episodes solved 1337 | queue r0 1054 reprompt 0 | verifying 2 | 11.7 s/proposal]
first proposals:  79%|ΓûêΓûêΓûêΓûêΓûêΓûêΓûêΓûë  | 3947/5000 [12:47:17<3:05:28, 10.57s/ep, cand 3946 | r0 pass 
1339/3914 | episodes solved 1339 | queue r0 1052 reprompt 0 | verifying 2 | 11.9 s/proposal]
first proposals:  79%|ΓûêΓûêΓûêΓûêΓûêΓûêΓûêΓûë  | 3949/5000 [12:47:48<3:36:43, 12.37s/ep, cand 3948 | r0 pass 
1340/3916 | episodes solved 1340 | queue r0 1051 reprompt 0 | verifying 1 | 11.9 s/proposal]
first proposals:  79%|ΓûêΓûêΓûêΓûêΓûêΓûêΓûêΓûë  | 3950/5000 [12:48:00<3:33:10, 12.18s/ep, cand 3949 | r0 pass 
1340/3917 | episodes solved 1340 | queue r0 1048 reprompt 0 | verifying 3 | 11.6 s/proposal]
first proposals:  79%|ΓûêΓûêΓûêΓûêΓûêΓûêΓûêΓûë  | 3951/5000 [12:48:08<3:19:09, 11.39s/ep, cand 3950 | r0 pass 
1341/3918 | episodes solved 1341 | queue r0 1047 reprompt 0 | verifying 3 | 11.6 s/proposal]
first proposals:  79%|ΓûêΓûêΓûêΓûêΓûêΓûêΓûêΓûë  | 3952/5000 [12:48:21<3:22:36, 11.60s/ep, cand 3951 | r0 pass 
1342/3919 | episodes solved 1342 | queue r0 1046 reprompt 0 | verifying 3 | 11.6 s/proposal]
first proposals:  79%|ΓûêΓûêΓûêΓûêΓûêΓûêΓûêΓûë  | 3954/5000 [12:48:32<2:39:48,  9.17s/ep, cand 3953 | r0 pass 
1344/3921 | episodes solved 1344 | queue r0 1045 reprompt 0 | verifying 2 | 11.6 s/proposal]
first proposals:  79%|ΓûêΓûêΓûêΓûêΓûêΓûêΓûêΓûë  | 3955/5000 [12:48:44<2:50:37,  9.80s/ep, cand 3954 | r0 pass 
1344/3922 | episodes solved 1344 | queue r0 1044 reprompt 0 | verifying 2 | 11.6 s/proposal]
first proposals:  79%|ΓûêΓûêΓûêΓûêΓûêΓûêΓûêΓûë  | 3956/5000 [12:49:07<3:47:09, 13.05s/ep, cand 3955 | r0 pass 
1345/3923 | episodes solved 1345 | queue r0 1043 reprompt 0 | verifying 2 | 11.6 s/proposal]
first proposals:  79%|ΓûêΓûêΓûêΓûêΓûêΓûêΓûêΓûë  | 3958/5000 [12:49:20<2:59:09, 10.32s/ep, cand 3957 | r0 pass 
1346/3925 | episodes solved 1346 | queue r0 1041 reprompt 0 | verifying 2 | 11.6 s/proposal]
first proposals:  79%|ΓûêΓûêΓûêΓûêΓûêΓûêΓûêΓûë  | 3959/5000 [12:49:40<3:37:38, 12.54s/ep, cand 3958 | r0 pass 
1346/3926 | episodes solved 1346 | queue r0 1040 reprompt 0 | verifying 2 | 11.7 s/proposal]
first proposals:  79%|ΓûêΓûêΓûêΓûêΓûêΓûêΓûêΓûë  | 3961/5000 [12:49:50<2:45:05,  9.53s/ep, cand 3960 | r0 pass 
1346/3928 | episodes solved 1346 | queue r0 1038 reprompt 0 | verifying 2 | 11.7 s/proposal]
first proposals:  79%|ΓûêΓûêΓûêΓûêΓûêΓûêΓûêΓûë  | 3962/5000 [12:50:02<2:54:11, 10.07s/ep, cand 3961 | r0 pass 
1346/3929 | episodes solved 1346 | queue r0 1037 reprompt 0 | verifying 2 | 11.7 s/proposal]
first proposals:  79%|ΓûêΓûêΓûêΓûêΓûêΓûêΓûêΓûë  | 3963/5000 [12:50:29<4:07:21, 14.31s/ep, cand 3962 | r0 pass 
1347/3930 | episodes solved 1347 | queue r0 1036 reprompt 0 | verifying 2 | 11.7 s/proposal]
first proposals:  79%|ΓûêΓûêΓûêΓûêΓûêΓûêΓûêΓûë  | 3965/5000 [12:50:49<3:34:23, 12.43s/ep, cand 3964 | r0 pass 
1347/3932 | episodes solved 1347 | queue r0 1034 reprompt 0 | verifying 2 | 11.8 s/proposal]
first proposals:  79%|ΓûêΓûêΓûêΓûêΓûêΓûêΓûêΓûë  | 3966/5000 [12:51:00<3:30:32, 12.22s/ep, cand 3965 | r0 pass 
1348/3933 | episodes solved 1348 | queue r0 1032 reprompt 0 | verifying 3 | 11.8 s/proposal]
first proposals:  79%|ΓûêΓûêΓûêΓûêΓûêΓûêΓûêΓûë  | 3968/5000 [12:51:10<2:40:42,  9.34s/ep, cand 3967 | r0 pass 
1348/3935 | episodes solved 1348 | queue r0 1031 reprompt 0 | verifying 2 | 11.7 s/proposal]
first proposals:  79%|ΓûêΓûêΓûêΓûêΓûêΓûêΓûêΓûë  | 3969/5000 [12:51:20<2:42:58,  9.48s/ep, cand 3968 | r0 pass 
1349/3936 | episodes solved 1349 | queue r0 1030 reprompt 0 | verifying 2 | 11.6 s/proposal]
first proposals:  79%|ΓûêΓûêΓûêΓûêΓûêΓûêΓûêΓûë  | 3970/5000 [12:51:30<2:46:35,  9.70s/ep, cand 3969 | r0 pass 
1349/3937 | episodes solved 1349 | queue r0 1029 reprompt 0 | verifying 2 | 11.7 s/proposal]
first proposals:  79%|ΓûêΓûêΓûêΓûêΓûêΓûêΓûêΓûë  | 3971/5000 [12:51:54<3:46:23, 13.20s/ep, cand 3970 | r0 pass 
1349/3938 | episodes solved 1349 | queue r0 1028 reprompt 0 | verifying 2 | 11.6 s/proposal]
first proposals:  79%|ΓûêΓûêΓûêΓûêΓûêΓûêΓûêΓûë  | 3972/5000 [12:52:07<3:43:50, 13.06s/ep, cand 3971 | r0 pass 
1349/3939 | episodes solved 1349 | queue r0 1026 reprompt 0 | verifying 3 | 11.6 s/proposal]
first proposals:  79%|ΓûêΓûêΓûêΓûêΓûêΓûêΓûêΓûë  | 3973/5000 [12:52:20<3:45:01, 13.15s/ep, cand 3972 | r0 pass 
1349/3940 | episodes solved 1349 | queue r0 1025 reprompt 0 | verifying 3 | 11.6 s/proposal]
first proposals:  80%|ΓûêΓûêΓûêΓûêΓûêΓûêΓûêΓûë  | 3975/5000 [12:52:30<2:43:43,  9.58s/ep, cand 3974 | r0 pass 
1350/3942 | episodes solved 1350 | queue r0 1024 reprompt 0 | verifying 2 | 11.7 s/proposal]
first proposals:  80%|ΓûêΓûêΓûêΓûêΓûêΓûêΓûêΓûë  | 3976/5000 [12:52:43<2:56:08, 10.32s/ep, cand 3975 | r0 pass 
1350/3943 | episodes solved 1350 | queue r0 1023 reprompt 0 | verifying 2 | 11.7 s/proposal]
first proposals:  80%|ΓûêΓûêΓûêΓûêΓûêΓûêΓûêΓûë  | 3977/5000 [12:52:54<3:02:19, 10.69s/ep, cand 3976 | r0 pass 
1351/3944 | episodes solved 1351 | queue r0 1022 reprompt 0 | verifying 2 | 11.7 s/proposal]
first proposals:  80%|ΓûêΓûêΓûêΓûêΓûêΓûêΓûêΓûë  | 3978/5000 [12:53:06<3:05:04, 10.86s/ep, cand 3977 | r0 pass 
1351/3945 | episodes solved 1351 | queue r0 1021 reprompt 0 | verifying 2 | 11.7 s/proposal]
first proposals:  80%|ΓûêΓûêΓûêΓûêΓûêΓûêΓûêΓûë  | 3979/5000 [12:53:28<3:55:43, 13.85s/ep, cand 3978 | r0 pass 
1351/3946 | episodes solved 1351 | queue r0 1020 reprompt 0 | verifying 2 | 11.3 s/proposal]
first proposals:  80%|ΓûêΓûêΓûêΓûêΓûêΓûêΓûêΓûë  | 3980/5000 [12:53:41<3:53:50, 13.76s/ep, cand 3979 | r0 pass 
1351/3947 | episodes solved 1351 | queue r0 1018 reprompt 0 | verifying 3 | 11.4 s/proposal]
first proposals:  80%|ΓûêΓûêΓûêΓûêΓûêΓûêΓûêΓûë  | 3983/5000 [12:54:03<2:52:54, 10.20s/ep, cand 3982 | r0 pass 
1353/3950 | episodes solved 1353 | queue r0 1017 reprompt 0 | verifying 1 | 11.5 s/proposal]
first proposals:  80%|ΓûêΓûêΓûêΓûêΓûêΓûêΓûêΓûë  | 3984/5000 [12:54:15<3:00:34, 10.66s/ep, cand 3983 | r0 pass 
1353/3951 | episodes solved 1353 | queue r0 1015 reprompt 0 | verifying 2 | 11.4 s/proposal]
first proposals:  80%|ΓûêΓûêΓûêΓûêΓûêΓûêΓûêΓûë  | 3985/5000 [12:54:46<4:19:44, 15.35s/ep, cand 3984 | r0 pass 
1354/3952 | episodes solved 1354 | queue r0 1014 reprompt 0 | verifying 2 | 11.4 s/proposal]
first proposals:  80%|ΓûêΓûêΓûêΓûêΓûêΓûêΓûêΓûë  | 3987/5000 [12:54:58<3:15:49, 11.60s/ep, cand 3986 | r0 pass 
1354/3954 | episodes solved 1354 | queue r0 1011 reprompt 0 | verifying 3 | 11.3 s/proposal]
first proposals:  80%|ΓûêΓûêΓûêΓûêΓûêΓûêΓûêΓûë  | 3988/5000 [12:55:08<3:10:45, 11.31s/ep, cand 3987 | r0 pass 
1354/3955 | episodes solved 1354 | queue r0 1010 reprompt 0 | verifying 3 | 11.3 s/proposal]
first proposals:  80%|ΓûêΓûêΓûêΓûêΓûêΓûêΓûêΓûë  | 3990/5000 [12:55:30<3:08:22, 11.19s/ep, cand 3989 | r0 pass 
1356/3957 | episodes solved 1356 | queue r0 1009 reprompt 0 | verifying 2 | 11.3 s/proposal]
first proposals:  80%|ΓûêΓûêΓûêΓûêΓûêΓûêΓûêΓûë  | 3992/5000 [12:55:51<3:01:38, 10.81s/ep, cand 3991 | r0 pass 
1356/3959 | episodes solved 1356 | queue r0 1007 reprompt 0 | verifying 2 | 11.2 s/proposal]
first proposals:  80%|ΓûêΓûêΓûêΓûêΓûêΓûêΓûêΓûë  | 3994/5000 [12:56:12<3:00:43, 10.78s/ep, cand 3993 | r0 pass 
1356/3961 | episodes solved 1356 | queue r0 1005 reprompt 0 | verifying 2 | 11.2 s/proposal]
first proposals:  80%|ΓûêΓûêΓûêΓûêΓûêΓûêΓûêΓûë  | 3996/5000 [12:56:36<3:06:52, 11.17s/ep, cand 3995 | r0 pass 
1357/3963 | episodes solved 1357 | queue r0 1003 reprompt 0 | verifying 2 | 11.2 s/proposal]
first proposals:  80%|ΓûêΓûêΓûêΓûêΓûêΓûêΓûêΓûë  | 3998/5000 [12:56:46<2:34:44,  9.27s/ep, cand 3997 | r0 pass 
1358/3965 | episodes solved 1358 | queue r0 1001 reprompt 0 | verifying 2 | 11.1 s/proposal]
first proposals:  80%|ΓûêΓûêΓûêΓûêΓûêΓûêΓûêΓûë  | 3999/5000 [12:57:09<3:15:11, 11.70s/ep, cand 3998 | r0 pass 
1359/3966 | episodes solved 1359 | queue r0 1000 reprompt 0 | verifying 2 | 11.1 s/proposal]
first proposals:  80%|ΓûêΓûêΓûêΓûêΓûêΓûêΓûêΓûê  | 4000/5000 [12:57:20<3:14:25, 11.67s/ep, cand 3999 | r0 pass 
1360/3967 | episodes solved 1360 | queue r0 998 reprompt 0 | verifying 3 | 11.2 s/proposal] 
first proposals:  80%|ΓûêΓûêΓûêΓûêΓûêΓûêΓûêΓûê  | 4001/5000 [12:57:30<3:06:53, 11.23s/ep, cand 4000 | r0 pass 
1360/3968 | episodes solved 1360 | queue r0 997 reprompt 0 | verifying 3 | 11.2 s/proposal]
first proposals:  80%|ΓûêΓûêΓûêΓûêΓûêΓûêΓûêΓûê  | 4003/5000 [12:57:41<2:27:00,  8.85s/ep, cand 4002 | r0 pass 
1360/3970 | episodes solved 1360 | queue r0 996 reprompt 0 | verifying 2 | 11.2 s/proposal]
first proposals:  80%|ΓûêΓûêΓûêΓûêΓûêΓûêΓûêΓûê  | 4004/5000 [12:57:51<2:31:14,  9.11s/ep, cand 4003 | r0 pass 
1361/3971 | episodes solved 1361 | queue r0 995 reprompt 0 | verifying 2 | 11.2 s/proposal]
first proposals:  80%|ΓûêΓûêΓûêΓûêΓûêΓûêΓûêΓûê  | 4005/5000 [12:58:02<2:39:48,  9.64s/ep, cand 4004 | r0 pass 
1361/3972 | episodes solved 1361 | queue r0 994 reprompt 0 | verifying 2 | 11.1 s/proposal]
first proposals:  80%|ΓûêΓûêΓûêΓûêΓûêΓûêΓûêΓûê  | 4006/5000 [12:58:13<2:47:18, 10.10s/ep, cand 4005 | r0 pass 
1362/3973 | episodes solved 1362 | queue r0 993 reprompt 0 | verifying 2 | 11.1 s/proposal]
first proposals:  80%|ΓûêΓûêΓûêΓûêΓûêΓûêΓûêΓûê  | 4007/5000 [12:58:22<2:40:07,  9.68s/ep, cand 4006 | r0 pass 
1362/3974 | episodes solved 1362 | queue r0 992 reprompt 0 | verifying 2 | 11.1 s/proposal]
first proposals:  80%|ΓûêΓûêΓûêΓûêΓûêΓûêΓûêΓûê  | 4008/5000 [12:58:34<2:50:04, 10.29s/ep, cand 4007 | r0 pass 
1362/3975 | episodes solved 1362 | queue r0 991 reprompt 0 | verifying 2 | 11.1 s/proposal]
first proposals:  80%|ΓûêΓûêΓûêΓûêΓûêΓûêΓûêΓûê  | 4009/5000 [12:58:45<2:52:41, 10.46s/ep, cand 4008 | r0 pass 
1362/3976 | episodes solved 1362 | queue r0 990 reprompt 0 | verifying 2 | 11.0 s/proposal]
first proposals:  80%|ΓûêΓûêΓûêΓûêΓûêΓûêΓûêΓûê  | 4010/5000 [12:59:13<4:19:02, 15.70s/ep, cand 4009 | r0 pass 
1362/3977 | episodes solved 1362 | queue r0 989 reprompt 0 | verifying 2 | 11.0 s/proposal]
first proposals:  80%|ΓûêΓûêΓûêΓûêΓûêΓûêΓûêΓûê  | 4012/5000 [12:59:36<3:44:06, 13.61s/ep, cand 4011 | r0 pass 
1363/3979 | episodes solved 1363 | queue r0 987 reprompt 0 | verifying 2 | 11.2 s/proposal]
first proposals:  80%|ΓûêΓûêΓûêΓûêΓûêΓûêΓûêΓûê  | 4014/5000 [12:59:56<3:22:25, 12.32s/ep, cand 4013 | r0 pass 
1365/3981 | episodes solved 1365 | queue r0 985 reprompt 0 | verifying 2 | 11.2 s/proposal]
first proposals:  80%|ΓûêΓûêΓûêΓûêΓûêΓûêΓûêΓûê  | 4017/5000 [13:00:16<2:39:11,  9.72s/ep, cand 4016 | r0 pass 
1365/3984 | episodes solved 1365 | queue r0 983 reprompt 0 | verifying 1 | 11.1 s/proposal]
first proposals:  80%|ΓûêΓûêΓûêΓûêΓûêΓûêΓûêΓûê  | 4018/5000 [13:00:29<2:47:19, 10.22s/ep, cand 4017 | r0 pass 
1365/3985 | episodes solved 1365 | queue r0 981 reprompt 0 | verifying 2 | 11.1 s/proposal]
first proposals:  80%|ΓûêΓûêΓûêΓûêΓûêΓûêΓûêΓûê  | 4019/5000 [13:00:40<2:51:27, 10.49s/ep, cand 4018 | r0 pass 
1365/3986 | episodes solved 1365 | queue r0 980 reprompt 0 | verifying 2 | 11.1 s/proposal]
first proposals:  80%|ΓûêΓûêΓûêΓûêΓûêΓûêΓûêΓûê  | 4020/5000 [13:00:50<2:49:58, 10.41s/ep, cand 4019 | r0 pass 
1365/3987 | episodes solved 1365 | queue r0 979 reprompt 0 | verifying 2 | 11.2 s/proposal]
first proposals:  80%|ΓûêΓûêΓûêΓûêΓûêΓûêΓûêΓûê  | 4021/5000 [13:01:16<3:50:40, 14.14s/ep, cand 4020 | r0 pass 
1365/3988 | episodes solved 1365 | queue r0 978 reprompt 0 | verifying 2 | 11.2 s/proposal]
first proposals:  80%|ΓûêΓûêΓûêΓûêΓûêΓûêΓûêΓûê  | 4022/5000 [13:01:29<3:44:40, 13.78s/ep, cand 4021 | r0 pass 
1365/3989 | episodes solved 1365 | queue r0 976 reprompt 0 | verifying 3 | 11.2 s/proposal]
first proposals:  80%|ΓûêΓûêΓûêΓûêΓûêΓûêΓûêΓûê  | 4024/5000 [13:01:51<3:25:44, 12.65s/ep, cand 4023 | r0 pass 
1365/3991 | episodes solved 1365 | queue r0 975 reprompt 0 | verifying 2 | 11.2 s/proposal]
first proposals:  81%|ΓûêΓûêΓûêΓûêΓûêΓûêΓûêΓûê  | 4026/5000 [13:02:26<3:55:14, 14.49s/ep, cand 4025 | r0 pass 
1365/3993 | episodes solved 1365 | queue r0 973 reprompt 0 | verifying 2 | 11.2 s/proposal]
first proposals:  81%|ΓûêΓûêΓûêΓûêΓûêΓûêΓûêΓûê  | 4029/5000 [13:03:08<3:50:17, 14.23s/ep, cand 4028 | r0 pass 
1366/3995 | episodes solved 1366 | queue r0 972 reprompt 0 | verifying 0 | 11.6 s/proposal]
first proposals:  81%|ΓûêΓûêΓûêΓûêΓûêΓûêΓûêΓûê  | 4030/5000 [13:03:44<4:51:21, 18.02s/ep, cand 4029 | r0 pass 
1367/3996 | episodes solved 1367 | queue r0 968 reprompt 0 | verifying 3 | 11.6 s/proposal]
first proposals:  81%|ΓûêΓûêΓûêΓûêΓûêΓûêΓûêΓûê  | 4034/5000 [13:04:09<3:16:30, 12.21s/ep, cand 4033 | r0 pass 
1367/3999 | episodes solved 1367 | queue r0 967 reprompt 0 | verifying 0 | 12.0 s/proposal]
first proposals:  81%|ΓûêΓûêΓûêΓûêΓûêΓûêΓûêΓûê  | 4035/5000 [13:04:44<4:12:01, 15.67s/ep, cand 4034 | r0 pass 
1367/3999 | episodes solved 1367 | queue r0 966 reprompt 0 | verifying 0 | 12.3 s/proposal]
first proposals:  81%|ΓûêΓûêΓûêΓûêΓûêΓûêΓûêΓûê  | 4036/5000 [13:04:56<4:00:18, 14.96s/ep, cand 4035 | r0 pass 
1367/4000 | episodes solved 1367 | queue r0 963 reprompt 0 | verifying 2 | 12.3 s/proposal]
first proposals:  81%|ΓûêΓûêΓûêΓûêΓûêΓûêΓûêΓûê  | 4037/5000 [13:05:08<3:50:58, 14.39s/ep, cand 4036 | r0 pass 
1367/4001 | episodes solved 1367 | queue r0 962 reprompt 0 | verifying 2 | 12.3 s/proposal]
first proposals:  81%|ΓûêΓûêΓûêΓûêΓûêΓûêΓûêΓûê  | 4038/5000 [13:05:33<4:29:38, 16.82s/ep, cand 4037 | r0 pass 
1367/4002 | episodes solved 1367 | queue r0 961 reprompt 0 | verifying 2 | 12.4 s/proposal]
first proposals:  81%|ΓûêΓûêΓûêΓûêΓûêΓûêΓûêΓûê  | 4040/5000 [13:05:53<3:45:37, 14.10s/ep, cand 4039 | r0 pass 
1368/4004 | episodes solved 1368 | queue r0 959 reprompt 0 | verifying 2 | 12.5 s/proposal]
first proposals:  81%|ΓûêΓûêΓûêΓûêΓûêΓûêΓûêΓûê  | 4041/5000 [13:06:04<3:34:06, 13.40s/ep, cand 4040 | r0 pass 
1368/4005 | episodes solved 1368 | queue r0 957 reprompt 0 | verifying 3 | 12.4 s/proposal]
first proposals:  81%|ΓûêΓûêΓûêΓûêΓûêΓûêΓûêΓûê  | 4042/5000 [13:06:16<3:28:45, 13.07s/ep, cand 4041 | r0 pass 
1368/4006 | episodes solved 1368 | queue r0 956 reprompt 0 | verifying 3 | 12.4 s/proposal]
first proposals:  81%|ΓûêΓûêΓûêΓûêΓûêΓûêΓûêΓûê  | 4045/5000 [13:06:41<2:49:19, 10.64s/ep, cand 4044 | r0 pass 
1370/4009 | episodes solved 1370 | queue r0 955 reprompt 0 | verifying 1 | 12.5 s/proposal]
first proposals:  81%|ΓûêΓûêΓûêΓûêΓûêΓûêΓûêΓûê  | 4046/5000 [13:06:51<2:49:06, 10.64s/ep, cand 4045 | r0 pass 
1371/4010 | episodes solved 1371 | queue r0 953 reprompt 0 | verifying 2 | 12.5 s/proposal]
first proposals:  81%|ΓûêΓûêΓûêΓûêΓûêΓûêΓûêΓûê  | 4047/5000 [13:07:04<2:57:35, 11.18s/ep, cand 4046 | r0 pass 
1371/4011 | episodes solved 1371 | queue r0 952 reprompt 0 | verifying 2 | 12.5 s/proposal]
first proposals:  81%|ΓûêΓûêΓûêΓûêΓûêΓûêΓûêΓûê  | 4048/5000 [13:07:13<2:46:44, 10.51s/ep, cand 4047 | r0 pass 
1371/4012 | episodes solved 1371 | queue r0 951 reprompt 0 | verifying 2 | 12.5 s/proposal]
first proposals:  81%|ΓûêΓûêΓûêΓûêΓûêΓûêΓûêΓûê  | 4049/5000 [13:07:25<2:55:28, 11.07s/ep, cand 4048 | r0 pass 
1371/4013 | episodes solved 1371 | queue r0 950 reprompt 0 | verifying 2 | 12.5 s/proposal]
first proposals:  81%|ΓûêΓûêΓûêΓûêΓûêΓûêΓûêΓûê  | 4050/5000 [13:07:46<3:34:23, 13.54s/ep, cand 4049 | r0 pass 
1371/4014 | episodes solved 1371 | queue r0 949 reprompt 0 | verifying 2 | 12.6 s/proposal]
first proposals:  81%|ΓûêΓûêΓûêΓûêΓûêΓûêΓûêΓûê  | 4052/5000 [13:07:54<2:30:50,  9.55s/ep, cand 4051 | r0 pass 
1371/4016 | episodes solved 1371 | queue r0 947 reprompt 0 | verifying 2 | 12.5 s/proposal]
first proposals:  81%|ΓûêΓûêΓûêΓûêΓûêΓûêΓûêΓûê  | 4053/5000 [13:08:04<2:31:43,  9.61s/ep, cand 4052 | r0 pass 
1372/4017 | episodes solved 1372 | queue r0 946 reprompt 0 | verifying 2 | 12.4 s/proposal]
first proposals:  81%|ΓûêΓûêΓûêΓûêΓûêΓûêΓûêΓûê  | 4054/5000 [13:08:17<2:44:29, 10.43s/ep, cand 4053 | r0 pass 
1372/4018 | episodes solved 1372 | queue r0 945 reprompt 0 | verifying 2 | 12.4 s/proposal]
first proposals:  81%|ΓûêΓûêΓûêΓûêΓûêΓûêΓûêΓûê  | 4055/5000 [13:08:36<3:21:23, 12.79s/ep, cand 4054 | r0 pass 
1373/4019 | episodes solved 1373 | queue r0 944 reprompt 0 | verifying 2 | 12.5 s/proposal]
first proposals:  81%|ΓûêΓûêΓûêΓûêΓûêΓûêΓûêΓûê  | 4057/5000 [13:08:50<2:41:24, 10.27s/ep, cand 4056 | r0 pass 
1373/4021 | episodes solved 1373 | queue r0 942 reprompt 0 | verifying 2 | 12.4 s/proposal]
first proposals:  81%|ΓûêΓûêΓûêΓûêΓûêΓûêΓûêΓûê  | 4059/5000 [13:09:15<2:53:06, 11.04s/ep, cand 4058 | r0 pass 
1374/4023 | episodes solved 1374 | queue r0 941 reprompt 0 | verifying 1 | 12.5 s/proposal]
first proposals:  81%|ΓûêΓûêΓûêΓûêΓûêΓûêΓûêΓûê  | 4060/5000 [13:09:26<2:54:03, 11.11s/ep, cand 4059 | r0 pass 
1375/4024 | episodes solved 1375 | queue r0 939 reprompt 0 | verifying 2 | 12.6 s/proposal]
first proposals:  81%|ΓûêΓûêΓûêΓûêΓûêΓûêΓûêΓûê  | 4061/5000 [13:09:38<2:57:52, 11.37s/ep, cand 4060 | r0 pass 
1376/4025 | episodes solved 1376 | queue r0 938 reprompt 0 | verifying 2 | 12.5 s/proposal]
first proposals:  81%|ΓûêΓûêΓûêΓûêΓûêΓûêΓûêΓûê  | 4062/5000 [13:10:03<3:48:14, 14.60s/ep, cand 4061 | r0 pass 
1377/4026 | episodes solved 1377 | queue r0 937 reprompt 0 | verifying 2 | 12.5 s/proposal]
first proposals:  81%|ΓûêΓûêΓûêΓûêΓûêΓûêΓûêΓûêΓûÅ | 4064/5000 [13:10:23<3:19:00, 12.76s/ep, cand 4063 | r0 pass 
1377/4028 | episodes solved 1377 | queue r0 935 reprompt 0 | verifying 2 | 12.5 s/proposal]
first proposals:  81%|ΓûêΓûêΓûêΓûêΓûêΓûêΓûêΓûêΓûÅ | 4066/5000 [13:10:32<2:29:16,  9.59s/ep, cand 4065 | r0 pass 
1377/4030 | episodes solved 1377 | queue r0 933 reprompt 0 | verifying 2 | 12.5 s/proposal]
first proposals:  81%|ΓûêΓûêΓûêΓûêΓûêΓûêΓûêΓûêΓûÅ | 4067/5000 [13:11:03<3:39:52, 14.14s/ep, cand 4066 | r0 pass 
1377/4031 | episodes solved 1377 | queue r0 932 reprompt 0 | verifying 2 | 12.5 s/proposal]
first proposals:  81%|ΓûêΓûêΓûêΓûêΓûêΓûêΓûêΓûêΓûÅ | 4070/5000 [13:11:20<2:37:21, 10.15s/ep, cand 4069 | r0 pass 
1379/4034 | episodes solved 1379 | queue r0 929 reprompt 0 | verifying 2 | 12.4 s/proposal]
first proposals:  81%|ΓûêΓûêΓûêΓûêΓûêΓûêΓûêΓûêΓûÅ | 4071/5000 [13:11:38<3:00:30, 11.66s/ep, cand 4070 | r0 pass 
1380/4035 | episodes solved 1380 | queue r0 927 reprompt 0 | verifying 3 | 12.3 s/proposal]
first proposals:  81%|ΓûêΓûêΓûêΓûêΓûêΓûêΓûêΓûêΓûÅ | 4074/5000 [13:12:03<2:35:44, 10.09s/ep, cand 4073 | r0 pass 
1381/4038 | episodes solved 1381 | queue r0 926 reprompt 0 | verifying 1 | 12.4 s/proposal]
first proposals:  82%|ΓûêΓûêΓûêΓûêΓûêΓûêΓûêΓûêΓûÅ | 4075/5000 [13:12:24<3:05:41, 12.04s/ep, cand 4074 | r0 pass 
1381/4039 | episodes solved 1381 | queue r0 924 reprompt 0 | verifying 2 | 12.4 s/proposal]
first proposals:  82%|ΓûêΓûêΓûêΓûêΓûêΓûêΓûêΓûêΓûÅ | 4078/5000 [13:12:46<2:34:28, 10.05s/ep, cand 4077 | r0 pass 
1383/4042 | episodes solved 1383 | queue r0 922 reprompt 0 | verifying 1 | 11.9 s/proposal]
first proposals:  82%|ΓûêΓûêΓûêΓûêΓûêΓûêΓûêΓûêΓûÅ | 4079/5000 [13:12:56<2:34:57, 10.10s/ep, cand 4078 | r0 pass 
1384/4043 | episodes solved 1384 | queue r0 920 reprompt 0 | verifying 2 | 12.0 s/proposal]
first proposals:  82%|ΓûêΓûêΓûêΓûêΓûêΓûêΓûêΓûêΓûÅ | 4080/5000 [13:13:06<2:32:08,  9.92s/ep, cand 4079 | r0 pass 
1384/4044 | episodes solved 1384 | queue r0 919 reprompt 0 | verifying 2 | 12.0 s/proposal]
first proposals:  82%|ΓûêΓûêΓûêΓûêΓûêΓûêΓûêΓûêΓûÅ | 4081/5000 [13:13:17<2:35:10, 10.13s/ep, cand 4080 | r0 pass 
1384/4045 | episodes solved 1384 | queue r0 918 reprompt 0 | verifying 2 | 11.9 s/proposal]
first proposals:  82%|ΓûêΓûêΓûêΓûêΓûêΓûêΓûêΓûêΓûÅ | 4082/5000 [13:13:39<3:20:55, 13.13s/ep, cand 4081 | r0 pass 
1384/4046 | episodes solved 1384 | queue r0 917 reprompt 0 | verifying 2 | 11.4 s/proposal]
first proposals:  82%|ΓûêΓûêΓûêΓûêΓûêΓûêΓûêΓûêΓûÅ | 4083/5000 [13:13:52<3:18:46, 13.01s/ep, cand 4082 | r0 pass 
1384/4047 | episodes solved 1384 | queue r0 915 reprompt 0 | verifying 3 | 11.2 s/proposal]
first proposals:  82%|ΓûêΓûêΓûêΓûêΓûêΓûêΓûêΓûêΓûÅ | 4084/5000 [13:14:03<3:09:39, 12.42s/ep, cand 4083 | r0 pass 
1384/4048 | episodes solved 1384 | queue r0 914 reprompt 0 | verifying 3 | 11.3 s/proposal]
first proposals:  82%|ΓûêΓûêΓûêΓûêΓûêΓûêΓûêΓûêΓûÅ | 4085/5000 [13:14:17<3:16:07, 12.86s/ep, cand 4084 | r0 pass 
1385/4049 | episodes solved 1385 | queue r0 913 reprompt 0 | verifying 3 | 11.1 s/proposal]
first proposals:  82%|ΓûêΓûêΓûêΓûêΓûêΓûêΓûêΓûêΓûÅ | 4087/5000 [13:14:30<2:35:06, 10.19s/ep, cand 4086 | r0 pass 
1387/4051 | episodes solved 1387 | queue r0 912 reprompt 0 | verifying 2 | 11.2 s/proposal]
first proposals:  82%|ΓûêΓûêΓûêΓûêΓûêΓûêΓûêΓûêΓûÅ | 4088/5000 [13:15:00<3:44:45, 14.79s/ep, cand 4087 | r0 pass 
1388/4052 | episodes solved 1388 | queue r0 911 reprompt 0 | verifying 2 | 11.2 s/proposal]
first proposals:  82%|ΓûêΓûêΓûêΓûêΓûêΓûêΓûêΓûêΓûÅ | 4090/5000 [13:15:13<2:52:19, 11.36s/ep, cand 4089 | r0 pass 
1389/4054 | episodes solved 1389 | queue r0 909 reprompt 0 | verifying 2 | 11.3 s/proposal]
first proposals:  82%|ΓûêΓûêΓûêΓûêΓûêΓûêΓûêΓûêΓûÅ | 4091/5000 [13:15:23<2:49:59, 11.22s/ep, cand 4090 | r0 pass 
1389/4055 | episodes solved 1389 | queue r0 908 reprompt 0 | verifying 2 | 11.4 s/proposal]
first proposals:  82%|ΓûêΓûêΓûêΓûêΓûêΓûêΓûêΓûêΓûÅ | 4092/5000 [13:15:39<3:07:30, 12.39s/ep, cand 4091 | r0 pass 
1389/4056 | episodes solved 1389 | queue r0 907 reprompt 0 | verifying 2 | 11.4 s/proposal]
first proposals:  82%|ΓûêΓûêΓûêΓûêΓûêΓûêΓûêΓûêΓûÅ | 4093/5000 [13:15:53<3:14:16, 12.85s/ep, cand 4092 | r0 pass 
1389/4057 | episodes solved 1389 | queue r0 905 reprompt 0 | verifying 3 | 11.2 s/proposal]
first proposals:  82%|ΓûêΓûêΓûêΓûêΓûêΓûêΓûêΓûêΓûÅ | 4095/5000 [13:16:13<2:53:03, 11.47s/ep, cand 4094 | r0 pass 
1389/4059 | episodes solved 1389 | queue r0 904 reprompt 0 | verifying 2 | 11.3 s/proposal]
first proposals:  82%|ΓûêΓûêΓûêΓûêΓûêΓûêΓûêΓûêΓûÅ | 4096/5000 [13:16:32<3:21:58, 13.41s/ep, cand 4095 | r0 pass 
1389/4060 | episodes solved 1389 | queue r0 902 reprompt 0 | verifying 3 | 11.2 s/proposal]
first proposals:  82%|ΓûêΓûêΓûêΓûêΓûêΓûêΓûêΓûêΓûÅ | 4098/5000 [13:16:55<3:09:08, 12.58s/ep, cand 4097 | r0 pass 
1390/4062 | episodes solved 1390 | queue r0 901 reprompt 0 | verifying 2 | 11.3 s/proposal]
first proposals:  82%|ΓûêΓûêΓûêΓûêΓûêΓûêΓûêΓûêΓûÅ | 4099/5000 [13:17:07<3:05:14, 12.34s/ep, cand 4098 | r0 pass 
1391/4063 | episodes solved 1391 | queue r0 899 reprompt 0 | verifying 3 | 11.4 s/proposal]
first proposals:  82%|ΓûêΓûêΓûêΓûêΓûêΓûêΓûêΓûêΓûÅ | 4101/5000 [13:17:16<2:20:07,  9.35s/ep, cand 4100 | r0 pass 
1392/4065 | episodes solved 1392 | queue r0 898 reprompt 0 | verifying 2 | 11.4 s/proposal]
first proposals:  82%|ΓûêΓûêΓûêΓûêΓûêΓûêΓûêΓûêΓûÅ | 4102/5000 [13:17:26<2:23:34,  9.59s/ep, cand 4101 | r0 pass 
1393/4066 | episodes solved 1393 | queue r0 897 reprompt 0 | verifying 2 | 11.4 s/proposal]
first proposals:  82%|ΓûêΓûêΓûêΓûêΓûêΓûêΓûêΓûêΓûÅ | 4103/5000 [13:17:48<3:07:32, 12.54s/ep, cand 4102 | r0 pass 
1394/4067 | episodes solved 1394 | queue r0 896 reprompt 0 | verifying 2 | 11.4 s/proposal]
first proposals:  82%|ΓûêΓûêΓûêΓûêΓûêΓûêΓûêΓûêΓûÅ | 4105/5000 [13:18:07<2:47:36, 11.24s/ep, cand 4104 | r0 pass 
1395/4069 | episodes solved 1395 | queue r0 894 reprompt 0 | verifying 2 | 11.4 s/proposal]
first proposals:  82%|ΓûêΓûêΓûêΓûêΓûêΓûêΓûêΓûêΓûÅ | 4107/5000 [13:18:17<2:14:24,  9.03s/ep, cand 4106 | r0 pass 
1397/4071 | episodes solved 1397 | queue r0 892 reprompt 0 | verifying 2 | 11.4 s/proposal]
first proposals:  82%|ΓûêΓûêΓûêΓûêΓûêΓûêΓûêΓûêΓûÅ | 4108/5000 [13:18:28<2:19:49,  9.41s/ep, cand 4107 | r0 pass 
1397/4072 | episodes solved 1397 | queue r0 891 reprompt 0 | verifying 2 | 11.3 s/proposal]
first proposals:  82%|ΓûêΓûêΓûêΓûêΓûêΓûêΓûêΓûêΓûÅ | 4109/5000 [13:18:48<2:54:45, 11.77s/ep, cand 4108 | r0 pass 
1397/4073 | episodes solved 1397 | queue r0 890 reprompt 0 | verifying 2 | 11.3 s/proposal]
first proposals:  82%|ΓûêΓûêΓûêΓûêΓûêΓûêΓûêΓûêΓûÅ | 4111/5000 [13:18:59<2:18:10,  9.33s/ep, cand 4110 | r0 pass 
1397/4075 | episodes solved 1397 | queue r0 888 reprompt 0 | verifying 2 | 11.2 s/proposal]
first proposals:  82%|ΓûêΓûêΓûêΓûêΓûêΓûêΓûêΓûêΓûÅ | 4112/5000 [13:19:25<3:10:48, 12.89s/ep, cand 4111 | r0 pass 
1397/4076 | episodes solved 1397 | queue r0 887 reprompt 0 | verifying 2 | 11.2 s/proposal]
first proposals:  82%|ΓûêΓûêΓûêΓûêΓûêΓûêΓûêΓûêΓûÅ | 4114/5000 [13:20:04<3:47:42, 15.42s/ep, cand 4113 | r0 pass 
1397/4078 | episodes solved 1397 | queue r0 885 reprompt 0 | verifying 2 | 11.2 s/proposal]
first proposals:  82%|ΓûêΓûêΓûêΓûêΓûêΓûêΓûêΓûêΓûÅ | 4118/5000 [13:20:30<2:38:04, 10.75s/ep, cand 4117 | r0 pass 
1397/4081 | episodes solved 1397 | queue r0 883 reprompt 0 | verifying 0 | 11.6 s/proposal]
first proposals:  82%|ΓûêΓûêΓûêΓûêΓûêΓûêΓûêΓûêΓûÅ | 4119/5000 [13:20:50<3:00:58, 12.33s/ep, cand 4118 | r0 pass 
1398/4082 | episodes solved 1398 | queue r0 880 reprompt 0 | verifying 2 | 11.5 s/proposal]
first proposals:  82%|ΓûêΓûêΓûêΓûêΓûêΓûêΓûêΓûêΓûÅ | 4121/5000 [13:21:00<2:25:26,  9.93s/ep, cand 4120 | r0 pass 
1398/4084 | episodes solved 1398 | queue r0 878 reprompt 0 | verifying 2 | 11.6 s/proposal]
first proposals:  82%|ΓûêΓûêΓûêΓûêΓûêΓûêΓûêΓûêΓûÅ | 4122/5000 [13:21:10<2:25:49,  9.97s/ep, cand 4121 | r0 pass 
1398/4085 | episodes solved 1398 | queue r0 877 reprompt 0 | verifying 2 | 11.6 s/proposal]
first proposals:  82%|ΓûêΓûêΓûêΓûêΓûêΓûêΓûêΓûêΓûÅ | 4123/5000 [13:21:32<3:02:45, 12.50s/ep, cand 4122 | r0 pass 
1398/4086 | episodes solved 1398 | queue r0 876 reprompt 0 | verifying 2 | 11.4 s/proposal]
first proposals:  82%|ΓûêΓûêΓûêΓûêΓûêΓûêΓûêΓûêΓûÄ | 4125/5000 [13:22:03<3:19:16, 13.67s/ep, cand 4124 | r0 pass 
1398/4088 | episodes solved 1398 | queue r0 874 reprompt 0 | verifying 2 | 11.3 s/proposal]
first proposals:  83%|ΓûêΓûêΓûêΓûêΓûêΓûêΓûêΓûêΓûÄ | 4127/5000 [13:22:15<2:38:11, 10.87s/ep, cand 4126 | r0 pass 
1399/4090 | episodes solved 1399 | queue r0 871 reprompt 0 | verifying 3 | 11.3 s/proposal]
first proposals:  83%|ΓûêΓûêΓûêΓûêΓûêΓûêΓûêΓûêΓûÄ | 4129/5000 [13:22:24<2:08:21,  8.84s/ep, cand 4128 | r0 pass 
1400/4092 | episodes solved 1400 | queue r0 870 reprompt 0 | verifying 2 | 11.3 s/proposal]
first proposals:  83%|ΓûêΓûêΓûêΓûêΓûêΓûêΓûêΓûêΓûÄ | 4131/5000 [13:22:45<2:14:37,  9.30s/ep, cand 4130 | r0 pass 
1400/4094 | episodes solved 1400 | queue r0 869 reprompt 0 | verifying 1 | 11.3 s/proposal]
first proposals:  83%|ΓûêΓûêΓûêΓûêΓûêΓûêΓûêΓûêΓûÄ | 4132/5000 [13:22:54<2:15:27,  9.36s/ep, cand 4131 | r0 pass 
1400/4095 | episodes solved 1400 | queue r0 867 reprompt 0 | verifying 2 | 11.3 s/proposal]
first proposals:  83%|ΓûêΓûêΓûêΓûêΓûêΓûêΓûêΓûêΓûÄ | 4133/5000 [13:23:19<3:03:46, 12.72s/ep, cand 4132 | r0 pass 
1400/4096 | episodes solved 1400 | queue r0 866 reprompt 0 | verifying 2 | 11.3 s/proposal]
first proposals:  83%|ΓûêΓûêΓûêΓûêΓûêΓûêΓûêΓûêΓûÄ | 4134/5000 [13:23:33<3:06:42, 12.94s/ep, cand 4133 | r0 pass 
1401/4097 | episodes solved 1401 | queue r0 864 reprompt 0 | verifying 3 | 11.3 s/proposal]
first proposals:  83%|ΓûêΓûêΓûêΓûêΓûêΓûêΓûêΓûêΓûÄ | 4135/5000 [13:23:54<3:36:16, 15.00s/ep, cand 4134 | r0 pass 
1402/4098 | episodes solved 1402 | queue r0 863 reprompt 0 | verifying 3 | 11.4 s/proposal]
first proposals:  83%|ΓûêΓûêΓûêΓûêΓûêΓûêΓûêΓûêΓûÄ | 4137/5000 [13:24:16<3:11:10, 13.29s/ep, cand 4136 | r0 pass 
1403/4100 | episodes solved 1403 | queue r0 862 reprompt 0 | verifying 2 | 11.5 s/proposal]
first proposals:  83%|ΓûêΓûêΓûêΓûêΓûêΓûêΓûêΓûêΓûÄ | 4139/5000 [13:24:31<2:40:05, 11.16s/ep, cand 4138 | r0 pass 
1403/4102 | episodes solved 1403 | queue r0 860 reprompt 0 | verifying 2 | 11.3 s/proposal]
first proposals:  83%|ΓûêΓûêΓûêΓûêΓûêΓûêΓûêΓûêΓûÄ | 4140/5000 [13:24:42<2:39:47, 11.15s/ep, cand 4139 | r0 pass 
1404/4103 | episodes solved 1404 | queue r0 859 reprompt 0 | verifying 2 | 11.4 s/proposal]
first proposals:  83%|ΓûêΓûêΓûêΓûêΓûêΓûêΓûêΓûêΓûÄ | 4141/5000 [13:24:54<2:41:12, 11.26s/ep, cand 4140 | r0 pass 
1405/4104 | episodes solved 1405 | queue r0 858 reprompt 0 | verifying 2 | 11.4 s/proposal]
first proposals:  83%|ΓûêΓûêΓûêΓûêΓûêΓûêΓûêΓûêΓûÄ | 4142/5000 [13:25:24<3:46:31, 15.84s/ep, cand 4141 | r0 pass 
1405/4105 | episodes solved 1405 | queue r0 857 reprompt 0 | verifying 2 | 11.4 s/proposal]
first proposals:  83%|ΓûêΓûêΓûêΓûêΓûêΓûêΓûêΓûêΓûÄ | 4145/5000 [13:26:00<3:17:47, 13.88s/ep, cand 4144 | r0 pass 
1406/4107 | episodes solved 1406 | queue r0 856 reprompt 0 | verifying 0 | 11.8 s/proposal]
first proposals:  83%|ΓûêΓûêΓûêΓûêΓûêΓûêΓûêΓûêΓûÄ | 4146/5000 [13:26:12<3:13:29, 13.59s/ep, cand 4145 | r0 pass 
1407/4108 | episodes solved 1407 | queue r0 852 reprompt 0 | verifying 3 | 11.7 s/proposal]
first proposals:  83%|ΓûêΓûêΓûêΓûêΓûêΓûêΓûêΓûêΓûÄ | 4148/5000 [13:26:22<2:29:28, 10.53s/ep, cand 4147 | r0 pass 
1408/4110 | episodes solved 1408 | queue r0 851 reprompt 0 | verifying 2 | 11.6 s/proposal]
first proposals:  83%|ΓûêΓûêΓûêΓûêΓûêΓûêΓûêΓûêΓûÄ | 4149/5000 [13:26:33<2:30:44, 10.63s/ep, cand 4148 | r0 pass 
1409/4111 | episodes solved 1409 | queue r0 850 reprompt 0 | verifying 2 | 11.6 s/proposal]
first proposals:  83%|ΓûêΓûêΓûêΓûêΓûêΓûêΓûêΓûêΓûÄ | 4150/5000 [13:26:58<3:14:26, 13.73s/ep, cand 4149 | r0 pass 
1410/4112 | episodes solved 1410 | queue r0 849 reprompt 0 | verifying 2 | 11.5 s/proposal]
first proposals:  83%|ΓûêΓûêΓûêΓûêΓûêΓûêΓûêΓûêΓûÄ | 4151/5000 [13:27:09<3:04:53, 13.07s/ep, cand 4150 | r0 pass 
1411/4113 | episodes solved 1411 | queue r0 847 reprompt 0 | verifying 3 | 11.6 s/proposal]
first proposals:  83%|ΓûêΓûêΓûêΓûêΓûêΓûêΓûêΓûêΓûÄ | 4153/5000 [13:27:33<2:58:08, 12.62s/ep, cand 4152 | r0 pass 
1411/4115 | episodes solved 1411 | queue r0 846 reprompt 0 | verifying 2 | 11.6 s/proposal]
first proposals:  83%|ΓûêΓûêΓûêΓûêΓûêΓûêΓûêΓûêΓûÄ | 4154/5000 [13:27:46<2:59:25, 12.73s/ep, cand 4153 | r0 pass 
1411/4116 | episodes solved 1411 | queue r0 844 reprompt 0 | verifying 3 | 11.6 s/proposal]
first proposals:  83%|ΓûêΓûêΓûêΓûêΓûêΓûêΓûêΓûêΓûÄ | 4155/5000 [13:27:56<2:50:57, 12.14s/ep, cand 4154 | r0 pass 
1411/4117 | episodes solved 1411 | queue r0 843 reprompt 0 | verifying 3 | 11.8 s/proposal]
first proposals:  83%|ΓûêΓûêΓûêΓûêΓûêΓûêΓûêΓûêΓûÄ | 4157/5000 [13:28:22<2:55:06, 12.46s/ep, cand 4156 | r0 pass 
1413/4119 | episodes solved 1413 | queue r0 842 reprompt 0 | verifying 2 | 11.7 s/proposal]
first proposals:  83%|ΓûêΓûêΓûêΓûêΓûêΓûêΓûêΓûêΓûÄ | 4159/5000 [13:28:33<2:18:45,  9.90s/ep, cand 4158 | r0 pass 
1413/4121 | episodes solved 1413 | queue r0 840 reprompt 0 | verifying 2 | 11.8 s/proposal]
first proposals:  83%|ΓûêΓûêΓûêΓûêΓûêΓûêΓûêΓûêΓûÄ | 4160/5000 [13:28:45<2:24:29, 10.32s/ep, cand 4159 | r0 pass 
1414/4122 | episodes solved 1414 | queue r0 839 reprompt 0 | verifying 2 | 11.9 s/proposal]
first proposals:  83%|ΓûêΓûêΓûêΓûêΓûêΓûêΓûêΓûêΓûÄ | 4161/5000 [13:29:09<3:08:25, 13.47s/ep, cand 4160 | r0 pass 
1415/4123 | episodes solved 1415 | queue r0 838 reprompt 0 | verifying 2 | 11.9 s/proposal]
first proposals:  83%|ΓûêΓûêΓûêΓûêΓûêΓûêΓûêΓûêΓûÄ | 4163/5000 [13:29:21<2:27:46, 10.59s/ep, cand 4162 | r0 pass 
1415/4125 | episodes solved 1415 | queue r0 836 reprompt 0 | verifying 2 | 11.9 s/proposal]
first proposals:  83%|ΓûêΓûêΓûêΓûêΓûêΓûêΓûêΓûêΓûÄ | 4164/5000 [13:29:33<2:31:48, 10.90s/ep, cand 4163 | r0 pass 
1415/4126 | episodes solved 1415 | queue r0 835 reprompt 0 | verifying 2 | 11.9 s/proposal]
first proposals:  83%|ΓûêΓûêΓûêΓûêΓûêΓûêΓûêΓûêΓûÄ | 4165/5000 [13:29:43<2:28:42, 10.69s/ep, cand 4164 | r0 pass 
1415/4127 | episodes solved 1415 | queue r0 834 reprompt 0 | verifying 2 | 12.0 s/proposal]
first proposals:  83%|ΓûêΓûêΓûêΓûêΓûêΓûêΓûêΓûêΓûÄ | 4167/5000 [13:29:53<1:56:05,  8.36s/ep, cand 4166 | r0 pass 
1415/4129 | episodes solved 1415 | queue r0 833 reprompt 0 | verifying 1 | 11.6 s/proposal]
first proposals:  83%|ΓûêΓûêΓûêΓûêΓûêΓûêΓûêΓûêΓûÄ | 4168/5000 [13:30:31<3:25:43, 14.84s/ep, cand 4167 | r0 pass 
1415/4130 | episodes solved 1415 | queue r0 832 reprompt 0 | verifying 1 | 11.6 s/proposal]
first proposals:  83%|ΓûêΓûêΓûêΓûêΓûêΓûêΓûêΓûêΓûÄ | 4170/5000 [13:30:41<2:32:28, 11.02s/ep, cand 4169 | r0 pass 
1415/4132 | episodes solved 1415 | queue r0 829 reprompt 0 | verifying 2 | 11.8 s/proposal]
first proposals:  83%|ΓûêΓûêΓûêΓûêΓûêΓûêΓûêΓûêΓûÄ | 4171/5000 [13:30:54<2:38:52, 11.50s/ep, cand 4170 | r0 pass 
1416/4133 | episodes solved 1416 | queue r0 828 reprompt 0 | verifying 2 | 11.8 s/proposal]
first proposals:  83%|ΓûêΓûêΓûêΓûêΓûêΓûêΓûêΓûêΓûÄ | 4172/5000 [13:31:05<2:37:04, 11.38s/ep, cand 4171 | r0 pass 
1416/4134 | episodes solved 1416 | queue r0 827 reprompt 0 | verifying 2 | 11.8 s/proposal]
first proposals:  83%|ΓûêΓûêΓûêΓûêΓûêΓûêΓûêΓûêΓûÄ | 4173/5000 [13:31:17<2:39:40, 11.59s/ep, cand 4172 | r0 pass 
1417/4135 | episodes solved 1417 | queue r0 826 reprompt 0 | verifying 2 | 11.9 s/proposal]
first proposals:  83%|ΓûêΓûêΓûêΓûêΓûêΓûêΓûêΓûêΓûÄ | 4174/5000 [13:31:36<3:07:39, 13.63s/ep, cand 4173 | r0 pass 
1417/4136 | episodes solved 1417 | queue r0 825 reprompt 0 | verifying 2 | 11.9 s/proposal]
first proposals:  84%|ΓûêΓûêΓûêΓûêΓûêΓûêΓûêΓûêΓûÄ | 4176/5000 [13:32:08<3:20:38, 14.61s/ep, cand 4175 | r0 pass 
1417/4138 | episodes solved 1417 | queue r0 823 reprompt 0 | verifying 2 | 11.8 s/proposal]
first proposals:  84%|ΓûêΓûêΓûêΓûêΓûêΓûêΓûêΓûêΓûÄ | 4179/5000 [13:32:27<2:25:52, 10.66s/ep, cand 4178 | r0 pass 
1417/4141 | episodes solved 1417 | queue r0 821 reprompt 0 | verifying 1 | 12.1 s/proposal]
first proposals:  84%|ΓûêΓûêΓûêΓûêΓûêΓûêΓûêΓûêΓûÄ | 4180/5000 [13:32:53<3:04:36, 13.51s/ep, cand 4179 | r0 pass 
1417/4142 | episodes solved 1417 | queue r0 819 reprompt 0 | verifying 2 | 12.0 s/proposal]
first proposals:  84%|ΓûêΓûêΓûêΓûêΓûêΓûêΓûêΓûêΓûÄ | 4182/5000 [13:33:07<2:32:53, 11.21s/ep, cand 4181 | r0 pass 
1419/4144 | episodes solved 1419 | queue r0 817 reprompt 0 | verifying 2 | 12.1 s/proposal]
first proposals:  84%|ΓûêΓûêΓûêΓûêΓûêΓûêΓûêΓûêΓûÄ | 4183/5000 [13:33:17<2:29:45, 11.00s/ep, cand 4182 | r0 pass 
1419/4145 | episodes solved 1419 | queue r0 816 reprompt 0 | verifying 2 | 12.2 s/proposal]
first proposals:  84%|ΓûêΓûêΓûêΓûêΓûêΓûêΓûêΓûêΓûÄ | 4184/5000 [13:33:47<3:25:27, 15.11s/ep, cand 4183 | r0 pass 
1419/4146 | episodes solved 1419 | queue r0 815 reprompt 0 | verifying 2 | 12.2 s/proposal]
first proposals:  84%|ΓûêΓûêΓûêΓûêΓûêΓûêΓûêΓûêΓûÄ | 4187/5000 [13:34:17<2:52:16, 12.71s/ep, cand 4186 | r0 pass 
1420/4148 | episodes solved 1420 | queue r0 814 reprompt 0 | verifying 0 | 12.5 s/proposal]
first proposals:  84%|ΓûêΓûêΓûêΓûêΓûêΓûêΓûêΓûêΓûì | 4189/5000 [13:34:35<2:35:48, 11.53s/ep, cand 4188 | r0 pass 
1421/4150 | episodes solved 1421 | queue r0 811 reprompt 0 | verifying 1 | 12.2 s/proposal]
first proposals:  84%|ΓûêΓûêΓûêΓûêΓûêΓûêΓûêΓûêΓûì | 4190/5000 [13:34:44<2:29:05, 11.04s/ep, cand 4189 | r0 pass 
1422/4151 | episodes solved 1422 | queue r0 809 reprompt 0 | verifying 2 | 12.0 s/proposal]
first proposals:  84%|ΓûêΓûêΓûêΓûêΓûêΓûêΓûêΓûêΓûì | 4191/5000 [13:34:55<2:28:14, 10.99s/ep, cand 4190 | r0 pass 
1423/4152 | episodes solved 1423 | queue r0 808 reprompt 0 | verifying 2 | 12.0 s/proposal]
first proposals:  84%|ΓûêΓûêΓûêΓûêΓûêΓûêΓûêΓûêΓûì | 4192/5000 [13:35:13<2:50:46, 12.68s/ep, cand 4191 | r0 pass 
1423/4153 | episodes solved 1423 | queue r0 807 reprompt 0 | verifying 2 | 12.0 s/proposal]
first proposals:  84%|ΓûêΓûêΓûêΓûêΓûêΓûêΓûêΓûêΓûì | 4194/5000 [13:35:22<2:04:51,  9.29s/ep, cand 4193 | r0 pass 
1423/4155 | episodes solved 1423 | queue r0 805 reprompt 0 | verifying 2 | 11.6 s/proposal]
first proposals:  84%|ΓûêΓûêΓûêΓûêΓûêΓûêΓûêΓûêΓûì | 4195/5000 [13:35:32<2:09:02,  9.62s/ep, cand 4194 | r0 pass 
1423/4156 | episodes solved 1423 | queue r0 804 reprompt 0 | verifying 2 | 11.5 s/proposal]
first proposals:  84%|ΓûêΓûêΓûêΓûêΓûêΓûêΓûêΓûêΓûì | 4196/5000 [13:35:52<2:40:51, 12.00s/ep, cand 4195 | r0 pass 
1424/4157 | episodes solved 1424 | queue r0 803 reprompt 0 | verifying 2 | 11.6 s/proposal]
first proposals:  84%|ΓûêΓûêΓûêΓûêΓûêΓûêΓûêΓûêΓûì | 4198/5000 [13:36:08<2:18:56, 10.40s/ep, cand 4197 | r0 pass 
1425/4159 | episodes solved 1425 | queue r0 801 reprompt 0 | verifying 2 | 11.6 s/proposal]
first proposals:  84%|ΓûêΓûêΓûêΓûêΓûêΓûêΓûêΓûêΓûì | 4200/5000 [13:36:29<2:19:01, 10.43s/ep, cand 4199 | r0 pass 
1426/4161 | episodes solved 1426 | queue r0 799 reprompt 0 | verifying 2 | 11.5 s/proposal]
first proposals:  84%|ΓûêΓûêΓûêΓûêΓûêΓûêΓûêΓûêΓûì | 4202/5000 [13:36:42<2:00:12,  9.04s/ep, cand 4201 | r0 pass 
1427/4163 | episodes solved 1427 | queue r0 797 reprompt 0 | verifying 2 | 11.4 s/proposal]
first proposals:  84%|ΓûêΓûêΓûêΓûêΓûêΓûêΓûêΓûêΓûì | 4204/5000 [13:36:53<1:44:37,  7.89s/ep, cand 4203 | r0 pass 
1428/4165 | episodes solved 1428 | queue r0 796 reprompt 0 | verifying 1 | 11.4 s/proposal]
first proposals:  84%|ΓûêΓûêΓûêΓûêΓûêΓûêΓûêΓûêΓûì | 4205/5000 [13:37:12<2:12:30, 10.00s/ep, cand 4204 | r0 pass 
1428/4166 | episodes solved 1428 | queue r0 795 reprompt 0 | verifying 1 | 11.4 s/proposal]
first proposals:  84%|ΓûêΓûêΓûêΓûêΓûêΓûêΓûêΓûêΓûì | 4206/5000 [13:37:36<2:51:24, 12.95s/ep, cand 4205 | r0 pass 
1428/4167 | episodes solved 1428 | queue r0 793 reprompt 0 | verifying 2 | 11.3 s/proposal]
first proposals:  84%|ΓûêΓûêΓûêΓûêΓûêΓûêΓûêΓûêΓûì | 4208/5000 [13:37:48<2:17:23, 10.41s/ep, cand 4207 | r0 pass 
1428/4169 | episodes solved 1428 | queue r0 791 reprompt 0 | verifying 2 | 11.3 s/proposal]
first proposals:  84%|ΓûêΓûêΓûêΓûêΓûêΓûêΓûêΓûêΓûì | 4209/5000 [13:38:08<2:45:02, 12.52s/ep, cand 4208 | r0 pass 
1429/4170 | episodes solved 1429 | queue r0 790 reprompt 0 | verifying 2 | 11.3 s/proposal]
first proposals:  84%|ΓûêΓûêΓûêΓûêΓûêΓûêΓûêΓûêΓûì | 4211/5000 [13:38:17<2:03:50,  9.42s/ep, cand 4210 | r0 pass 
1430/4172 | episodes solved 1430 | queue r0 788 reprompt 0 | verifying 2 | 11.2 s/proposal]
first proposals:  84%|ΓûêΓûêΓûêΓûêΓûêΓûêΓûêΓûêΓûì | 4212/5000 [13:38:40<2:42:03, 12.34s/ep, cand 4211 | r0 pass 
1431/4173 | episodes solved 1431 | queue r0 787 reprompt 0 | verifying 2 | 11.2 s/proposal]
first proposals:  84%|ΓûêΓûêΓûêΓûêΓûêΓûêΓûêΓûêΓûì | 4214/5000 [13:38:59<2:27:55, 11.29s/ep, cand 4213 | r0 pass 
1433/4175 | episodes solved 1433 | queue r0 785 reprompt 0 | verifying 2 | 11.1 s/proposal]
first proposals:  84%|ΓûêΓûêΓûêΓûêΓûêΓûêΓûêΓûêΓûì | 4216/5000 [13:39:09<1:58:12,  9.05s/ep, cand 4215 | r0 pass 
1435/4177 | episodes solved 1435 | queue r0 783 reprompt 0 | verifying 2 | 11.1 s/proposal]
first proposals:  84%|ΓûêΓûêΓûêΓûêΓûêΓûêΓûêΓûêΓûì | 4217/5000 [13:39:30<2:29:22, 11.45s/ep, cand 4216 | r0 pass 
1435/4178 | episodes solved 1435 | queue r0 782 reprompt 0 | verifying 2 | 11.1 s/proposal]
first proposals:  84%|ΓûêΓûêΓûêΓûêΓûêΓûêΓûêΓûêΓûì | 4218/5000 [13:39:41<2:27:31, 11.32s/ep, cand 4217 | r0 pass 
1435/4179 | episodes solved 1435 | queue r0 780 reprompt 0 | verifying 3 | 11.0 s/proposal]
first proposals:  84%|ΓûêΓûêΓûêΓûêΓûêΓûêΓûêΓûêΓûì | 4219/5000 [13:39:52<2:27:28, 11.33s/ep, cand 4218 | r0 pass 
1435/4180 | episodes solved 1435 | queue r0 779 reprompt 0 | verifying 3 | 11.0 s/proposal]
first proposals:  84%|ΓûêΓûêΓûêΓûêΓûêΓûêΓûêΓûêΓûì | 4221/5000 [13:40:04<1:58:34,  9.13s/ep, cand 4220 | r0 pass 
1435/4182 | episodes solved 1435 | queue r0 778 reprompt 0 | verifying 2 | 11.0 s/proposal]
first proposals:  84%|ΓûêΓûêΓûêΓûêΓûêΓûêΓûêΓûêΓûì | 4222/5000 [13:40:17<2:08:29,  9.91s/ep, cand 4221 | r0 pass 
1435/4183 | episodes solved 1435 | queue r0 777 reprompt 0 | verifying 2 | 11.0 s/proposal]
first proposals:  84%|ΓûêΓûêΓûêΓûêΓûêΓûêΓûêΓûêΓûì | 4223/5000 [13:40:26<2:05:11,  9.67s/ep, cand 4222 | r0 pass 
1435/4184 | episodes solved 1435 | queue r0 776 reprompt 0 | verifying 2 | 11.0 s/proposal]
first proposals:  84%|ΓûêΓûêΓûêΓûêΓûêΓûêΓûêΓûêΓûì | 4225/5000 [13:41:03<2:51:45, 13.30s/ep, cand 4224 | r0 pass 
1437/4186 | episodes solved 1437 | queue r0 775 reprompt 0 | verifying 1 | 10.9 s/proposal]
first proposals:  85%|ΓûêΓûêΓûêΓûêΓûêΓûêΓûêΓûêΓûì | 4228/5000 [13:41:33<2:31:31, 11.78s/ep, cand 4227 | r0 pass 
1437/4189 | episodes solved 1437 | queue r0 772 reprompt 0 | verifying 1 | 11.1 s/proposal]
first proposals:  85%|ΓûêΓûêΓûêΓûêΓûêΓûêΓûêΓûêΓûì | 4229/5000 [13:41:47<2:37:22, 12.25s/ep, cand 4228 | r0 pass 
1437/4190 | episodes solved 1437 | queue r0 769 reprompt 0 | verifying 3 | 10.9 s/proposal]
first proposals:  85%|ΓûêΓûêΓûêΓûêΓûêΓûêΓûêΓûêΓûì | 4230/5000 [13:41:59<2:35:14, 12.10s/ep, cand 4229 | r0 pass 
1437/4191 | episodes solved 1437 | queue r0 768 reprompt 0 | verifying 3 | 10.9 s/proposal]
first proposals:  85%|ΓûêΓûêΓûêΓûêΓûêΓûêΓûêΓûêΓûì | 4231/5000 [13:42:11<2:34:47, 12.08s/ep, cand 4230 | r0 pass 
1438/4192 | episodes solved 1438 | queue r0 767 reprompt 0 | verifying 3 | 10.9 s/proposal]
first proposals:  85%|ΓûêΓûêΓûêΓûêΓûêΓûêΓûêΓûêΓûì | 4232/5000 [13:42:25<2:40:46, 12.56s/ep, cand 4231 | r0 pass 
1438/4193 | episodes solved 1438 | queue r0 766 reprompt 0 | verifying 3 | 10.8 s/proposal]
first proposals:  85%|ΓûêΓûêΓûêΓûêΓûêΓûêΓûêΓûêΓûì | 4234/5000 [13:42:37<2:05:41,  9.84s/ep, cand 4233 | r0 pass 
1438/4195 | episodes solved 1438 | queue r0 765 reprompt 0 | verifying 2 | 10.9 s/proposal]
first proposals:  85%|ΓûêΓûêΓûêΓûêΓûêΓûêΓûêΓûêΓûì | 4235/5000 [13:42:48<2:10:20, 10.22s/ep, cand 4234 | r0 pass 
1438/4196 | episodes solved 1438 | queue r0 764 reprompt 0 | verifying 2 | 10.6 s/proposal]
first proposals:  85%|ΓûêΓûêΓûêΓûêΓûêΓûêΓûêΓûêΓûì | 4236/5000 [13:43:08<2:39:29, 12.53s/ep, cand 4235 | r0 pass 
1438/4197 | episodes solved 1438 | queue r0 763 reprompt 0 | verifying 2 | 10.7 s/proposal]
first proposals:  85%|ΓûêΓûêΓûêΓûêΓûêΓûêΓûêΓûêΓûì | 4238/5000 [13:43:31<2:32:44, 12.03s/ep, cand 4237 | r0 pass 
1438/4199 | episodes solved 1438 | queue r0 761 reprompt 0 | verifying 2 | 10.6 s/proposal]
first proposals:  85%|ΓûêΓûêΓûêΓûêΓûêΓûêΓûêΓûêΓûì | 4241/5000 [13:43:54<2:06:24,  9.99s/ep, cand 4240 | r0 pass 
1439/4202 | episodes solved 1439 | queue r0 759 reprompt 0 | verifying 1 | 10.7 s/proposal]
first proposals:  85%|ΓûêΓûêΓûêΓûêΓûêΓûêΓûêΓûêΓûì | 4242/5000 [13:44:06<2:11:14, 10.39s/ep, cand 4241 | r0 pass 
1439/4203 | episodes solved 1439 | queue r0 757 reprompt 0 | verifying 2 | 10.7 s/proposal]
first proposals:  85%|ΓûêΓûêΓûêΓûêΓûêΓûêΓûêΓûêΓûì | 4243/5000 [13:44:17<2:14:01, 10.62s/ep, cand 4242 | r0 pass 
1439/4204 | episodes solved 1439 | queue r0 756 reprompt 0 | verifying 2 | 10.8 s/proposal]
first proposals:  85%|ΓûêΓûêΓûêΓûêΓûêΓûêΓûêΓûêΓûì | 4245/5000 [13:44:46<2:30:56, 11.99s/ep, cand 4244 | r0 pass 
1440/4206 | episodes solved 1440 | queue r0 755 reprompt 0 | verifying 1 | 10.8 s/proposal]
first proposals:  85%|ΓûêΓûêΓûêΓûêΓûêΓûêΓûêΓûêΓûì | 4246/5000 [13:44:57<2:27:09, 11.71s/ep, cand 4245 | r0 pass 
1440/4207 | episodes solved 1440 | queue r0 752 reprompt 0 | verifying 3 | 10.9 s/proposal]
first proposals:  85%|ΓûêΓûêΓûêΓûêΓûêΓûêΓûêΓûêΓûì | 4247/5000 [13:45:18<2:56:07, 14.03s/ep, cand 4246 | r0 pass 
1440/4208 | episodes solved 1440 | queue r0 751 reprompt 0 | verifying 3 | 10.9 s/proposal]
first proposals:  85%|ΓûêΓûêΓûêΓûêΓûêΓûêΓûêΓûêΓûì | 4249/5000 [13:45:29<2:12:04, 10.55s/ep, cand 4248 | r0 pass 
1441/4210 | episodes solved 1441 | queue r0 749 reprompt 0 | verifying 3 | 11.0 s/proposal]
first proposals:  85%|ΓûêΓûêΓûêΓûêΓûêΓûêΓûêΓûêΓûî | 4251/5000 [13:45:38<1:43:56,  8.33s/ep, cand 4250 | r0 pass 
1441/4212 | episodes solved 1441 | queue r0 748 reprompt 0 | verifying 2 | 10.9 s/proposal]
first proposals:  85%|ΓûêΓûêΓûêΓûêΓûêΓûêΓûêΓûêΓûî | 4252/5000 [13:45:46<1:42:49,  8.25s/ep, cand 4251 | r0 pass 
1442/4213 | episodes solved 1442 | queue r0 747 reprompt 0 | verifying 2 | 10.9 s/proposal]
first proposals:  85%|ΓûêΓûêΓûêΓûêΓûêΓûêΓûêΓûêΓûî | 4253/5000 [13:46:03<2:08:01, 10.28s/ep, cand 4252 | r0 pass 
1442/4214 | episodes solved 1442 | queue r0 746 reprompt 0 | verifying 2 | 10.8 s/proposal]
first proposals:  85%|ΓûêΓûêΓûêΓûêΓûêΓûêΓûêΓûêΓûî | 4255/5000 [13:46:17<1:52:12,  9.04s/ep, cand 4254 | r0 pass 
1442/4216 | episodes solved 1442 | queue r0 745 reprompt 0 | verifying 1 | 11.0 s/proposal]
first proposals:  85%|ΓûêΓûêΓûêΓûêΓûêΓûêΓûêΓûêΓûî | 4256/5000 [13:46:45<2:43:25, 13.18s/ep, cand 4255 | r0 pass 
1442/4217 | episodes solved 1442 | queue r0 744 reprompt 0 | verifying 1 | 11.1 s/proposal]
first proposals:  85%|ΓûêΓûêΓûêΓûêΓûêΓûêΓûêΓûêΓûî | 4258/5000 [13:47:11<2:43:01, 13.18s/ep, cand 4257 | r0 pass 
1443/4219 | episodes solved 1443 | queue r0 742 reprompt 0 | verifying 1 | 11.2 s/proposal]
first proposals:  85%|ΓûêΓûêΓûêΓûêΓûêΓûêΓûêΓûêΓûî | 4259/5000 [13:47:34<3:07:42, 15.20s/ep, cand 4258 | r0 pass 
1444/4220 | episodes solved 1444 | queue r0 740 reprompt 0 | verifying 2 | 11.2 s/proposal]
first proposals:  85%|ΓûêΓûêΓûêΓûêΓûêΓûêΓûêΓûêΓûî | 4262/5000 [13:47:52<2:12:26, 10.77s/ep, cand 4261 | r0 pass 
1445/4223 | episodes solved 1445 | queue r0 738 reprompt 0 | verifying 1 | 11.3 s/proposal]
first proposals:  85%|ΓûêΓûêΓûêΓûêΓûêΓûêΓûêΓûêΓûî | 4263/5000 [13:48:00<2:06:39, 10.31s/ep, cand 4262 | r0 pass 
1445/4224 | episodes solved 1445 | queue r0 736 reprompt 0 | verifying 2 | 11.2 s/proposal]
first proposals:  85%|ΓûêΓûêΓûêΓûêΓûêΓûêΓûêΓûêΓûî | 4265/5000 [13:48:09<1:40:00,  8.16s/ep, cand 4264 | r0 pass 
1446/4226 | episodes solved 1446 | queue r0 735 reprompt 0 | verifying 1 | 11.2 s/proposal]
first proposals:  85%|ΓûêΓûêΓûêΓûêΓûêΓûêΓûêΓûêΓûî | 4266/5000 [13:48:36<2:27:44, 12.08s/ep, cand 4265 | r0 pass 
1446/4227 | episodes solved 1446 | queue r0 734 reprompt 0 | verifying 1 | 11.1 s/proposal]
first proposals:  85%|ΓûêΓûêΓûêΓûêΓûêΓûêΓûêΓûêΓûî | 4267/5000 [13:48:50<2:30:25, 12.31s/ep, cand 4266 | r0 pass 
1446/4228 | episodes solved 1446 | queue r0 732 reprompt 0 | verifying 2 | 11.3 s/proposal]
first proposals:  85%|ΓûêΓûêΓûêΓûêΓûêΓûêΓûêΓûêΓûî | 4268/5000 [13:49:00<2:25:51, 11.96s/ep, cand 4267 | r0 pass 
1446/4229 | episodes solved 1446 | queue r0 731 reprompt 0 | verifying 2 | 11.4 s/proposal]
first proposals:  85%|ΓûêΓûêΓûêΓûêΓûêΓûêΓûêΓûêΓûî | 4269/5000 [13:49:22<2:54:39, 14.34s/ep, cand 4268 | r0 pass 
1446/4230 | episodes solved 1446 | queue r0 730 reprompt 0 | verifying 2 | 11.4 s/proposal]
first proposals:  85%|ΓûêΓûêΓûêΓûêΓûêΓûêΓûêΓûêΓûî | 4271/5000 [13:49:44<2:37:01, 12.92s/ep, cand 4270 | r0 pass 
1446/4232 | episodes solved 1446 | queue r0 728 reprompt 0 | verifying 2 | 11.3 s/proposal]
first proposals:  85%|ΓûêΓûêΓûêΓûêΓûêΓûêΓûêΓûêΓûî | 4272/5000 [13:49:54<2:28:33, 12.24s/ep, cand 4271 | r0 pass 
1447/4233 | episodes solved 1447 | queue r0 726 reprompt 0 | verifying 3 | 11.3 s/proposal]
first proposals:  85%|ΓûêΓûêΓûêΓûêΓûêΓûêΓûêΓûêΓûî | 4273/5000 [13:50:05<2:24:50, 11.95s/ep, cand 4272 | r0 pass 
1448/4234 | episodes solved 1448 | queue r0 725 reprompt 0 | verifying 3 | 11.3 s/proposal]
first proposals:  86%|ΓûêΓûêΓûêΓûêΓûêΓûêΓûêΓûêΓûî | 4275/5000 [13:50:28<2:24:00, 11.92s/ep, cand 4274 | r0 pass 
1449/4236 | episodes solved 1449 | queue r0 724 reprompt 0 | verifying 2 | 11.3 s/proposal]
first proposals:  86%|ΓûêΓûêΓûêΓûêΓûêΓûêΓûêΓûêΓûî | 4277/5000 [13:50:40<1:55:32,  9.59s/ep, cand 4276 | r0 pass 
1450/4238 | episodes solved 1450 | queue r0 722 reprompt 0 | verifying 2 | 11.3 s/proposal]
first proposals:  86%|ΓûêΓûêΓûêΓûêΓûêΓûêΓûêΓûêΓûî | 4279/5000 [13:51:15<2:28:11, 12.33s/ep, cand 4278 | r0 pass 
1451/4240 | episodes solved 1451 | queue r0 721 reprompt 0 | verifying 1 | 11.3 s/proposal]
first proposals:  86%|ΓûêΓûêΓûêΓûêΓûêΓûêΓûêΓûêΓûî | 4280/5000 [13:51:25<2:23:27, 11.95s/ep, cand 4279 | r0 pass 
1451/4241 | episodes solved 1451 | queue r0 718 reprompt 0 | verifying 3 | 11.3 s/proposal]
first proposals:  86%|ΓûêΓûêΓûêΓûêΓûêΓûêΓûêΓûêΓûî | 4281/5000 [13:51:37<2:22:37, 11.90s/ep, cand 4280 | r0 pass 
1451/4242 | episodes solved 1451 | queue r0 717 reprompt 0 | verifying 3 | 11.3 s/proposal]
first proposals:  86%|ΓûêΓûêΓûêΓûêΓûêΓûêΓûêΓûêΓûî | 4283/5000 [13:51:54<2:07:46, 10.69s/ep, cand 4282 | r0 pass 
1452/4244 | episodes solved 1452 | queue r0 716 reprompt 0 | verifying 2 | 11.3 s/proposal]
first proposals:  86%|ΓûêΓûêΓûêΓûêΓûêΓûêΓûêΓûêΓûî | 4284/5000 [13:52:04<2:04:36, 10.44s/ep, cand 4283 | r0 pass 
1452/4245 | episodes solved 1452 | queue r0 714 reprompt 0 | verifying 3 | 11.1 s/proposal]
first proposals:  86%|ΓûêΓûêΓûêΓûêΓûêΓûêΓûêΓûêΓûî | 4285/5000 [13:52:14<2:02:54, 10.31s/ep, cand 4284 | r0 pass 
1453/4246 | episodes solved 1453 | queue r0 713 reprompt 0 | verifying 3 | 11.1 s/proposal]
first proposals:  86%|ΓûêΓûêΓûêΓûêΓûêΓûêΓûêΓûêΓûî | 4286/5000 [13:52:25<2:04:59, 10.50s/ep, cand 4285 | r0 pass 
1453/4247 | episodes solved 1453 | queue r0 712 reprompt 0 | verifying 3 | 11.1 s/proposal]
first proposals:  86%|ΓûêΓûêΓûêΓûêΓûêΓûêΓûêΓûêΓûî | 4288/5000 [13:52:35<1:38:36,  8.31s/ep, cand 4287 | r0 pass 
1453/4249 | episodes solved 1453 | queue r0 711 reprompt 0 | verifying 2 | 11.1 s/proposal]
first proposals:  86%|ΓûêΓûêΓûêΓûêΓûêΓûêΓûêΓûêΓûî | 4289/5000 [13:52:55<2:08:27, 10.84s/ep, cand 4288 | r0 pass 
1454/4250 | episodes solved 1454 | queue r0 710 reprompt 0 | verifying 2 | 11.1 s/proposal]
first proposals:  86%|ΓûêΓûêΓûêΓûêΓûêΓûêΓûêΓûêΓûî | 4290/5000 [13:53:04<2:03:58, 10.48s/ep, cand 4289 | r0 pass 
1455/4251 | episodes solved 1455 | queue r0 708 reprompt 0 | verifying 3 | 11.0 s/proposal]
first proposals:  86%|ΓûêΓûêΓûêΓûêΓûêΓûêΓûêΓûêΓûî | 4292/5000 [13:53:33<2:22:58, 12.12s/ep, cand 4291 | r0 pass 
1456/4253 | episodes solved 1456 | queue r0 707 reprompt 0 | verifying 2 | 11.0 s/proposal]
first proposals:  86%|ΓûêΓûêΓûêΓûêΓûêΓûêΓûêΓûêΓûî | 4293/5000 [13:53:45<2:23:44, 12.20s/ep, cand 4292 | r0 pass 
1456/4254 | episodes solved 1456 | queue r0 705 reprompt 0 | verifying 3 | 11.1 s/proposal]
first proposals:  86%|ΓûêΓûêΓûêΓûêΓûêΓûêΓûêΓûêΓûî | 4295/5000 [13:53:56<1:51:40,  9.50s/ep, cand 4294 | r0 pass 
1458/4256 | episodes solved 1458 | queue r0 704 reprompt 0 | verifying 2 | 11.1 s/proposal]
first proposals:  86%|ΓûêΓûêΓûêΓûêΓûêΓûêΓûêΓûêΓûî | 4297/5000 [13:54:32<2:26:29, 12.50s/ep, cand 4296 | r0 pass 
1459/4258 | episodes solved 1459 | queue r0 703 reprompt 0 | verifying 1 | 11.2 s/proposal]
first proposals:  86%|ΓûêΓûêΓûêΓûêΓûêΓûêΓûêΓûêΓûî | 4299/5000 [13:54:42<1:56:04,  9.93s/ep, cand 4298 | r0 pass 
1460/4260 | episodes solved 1460 | queue r0 700 reprompt 0 | verifying 2 | 11.2 s/proposal]
first proposals:  86%|ΓûêΓûêΓûêΓûêΓûêΓûêΓûêΓûêΓûî | 4300/5000 [13:54:53<1:59:10, 10.21s/ep, cand 4299 | r0 pass 
1460/4261 | episodes solved 1460 | queue r0 699 reprompt 0 | verifying 2 | 11.2 s/proposal]
first proposals:  86%|ΓûêΓûêΓûêΓûêΓûêΓûêΓûêΓûêΓûî | 4301/5000 [13:55:16<2:31:40, 13.02s/ep, cand 4300 | r0 pass 
1461/4262 | episodes solved 1461 | queue r0 698 reprompt 0 | verifying 2 | 11.2 s/proposal]
first proposals:  86%|ΓûêΓûêΓûêΓûêΓûêΓûêΓûêΓûêΓûî | 4303/5000 [13:55:26<1:54:17,  9.84s/ep, cand 4302 | r0 pass 
1461/4264 | episodes solved 1461 | queue r0 696 reprompt 0 | verifying 2 | 11.4 s/proposal]
first proposals:  86%|ΓûêΓûêΓûêΓûêΓûêΓûêΓûêΓûêΓûî | 4304/5000 [13:55:38<2:01:01, 10.43s/ep, cand 4303 | r0 pass 
1461/4265 | episodes solved 1461 | queue r0 695 reprompt 0 | verifying 2 | 11.2 s/proposal]
first proposals:  86%|ΓûêΓûêΓûêΓûêΓûêΓûêΓûêΓûêΓûî | 4305/5000 [13:55:50<2:04:34, 10.75s/ep, cand 4304 | r0 pass 
1461/4266 | episodes solved 1461 | queue r0 694 reprompt 0 | verifying 2 | 11.2 s/proposal]
first proposals:  86%|ΓûêΓûêΓûêΓûêΓûêΓûêΓûêΓûêΓûî | 4306/5000 [13:56:03<2:10:27, 11.28s/ep, cand 4305 | r0 pass 
1462/4267 | episodes solved 1462 | queue r0 693 reprompt 0 | verifying 2 | 11.2 s/proposal]
first proposals:  86%|ΓûêΓûêΓûêΓûêΓûêΓûêΓûêΓûêΓûî | 4307/5000 [13:56:15<2:14:13, 11.62s/ep, cand 4306 | r0 pass 
1462/4268 | episodes solved 1462 | queue r0 692 reprompt 0 | verifying 2 | 11.1 s/proposal]
first proposals:  86%|ΓûêΓûêΓûêΓûêΓûêΓûêΓûêΓûêΓûî | 4308/5000 [13:56:26<2:12:00, 11.45s/ep, cand 4307 | r0 pass 
1462/4269 | episodes solved 1462 | queue r0 691 reprompt 0 | verifying 2 | 11.1 s/proposal]
first proposals:  86%|ΓûêΓûêΓûêΓûêΓûêΓûêΓûêΓûêΓûî | 4309/5000 [13:56:45<2:36:04, 13.55s/ep, cand 4308 | r0 pass 
1462/4270 | episodes solved 1462 | queue r0 690 reprompt 0 | verifying 2 | 11.1 s/proposal]
first proposals:  86%|ΓûêΓûêΓûêΓûêΓûêΓûêΓûêΓûêΓûî | 4311/5000 [13:57:06<2:18:07, 12.03s/ep, cand 4310 | r0 pass 
1462/4272 | episodes solved 1462 | queue r0 688 reprompt 0 | verifying 2 | 11.0 s/proposal]
first proposals:  86%|ΓûêΓûêΓûêΓûêΓûêΓûêΓûêΓûêΓûï | 4314/5000 [13:57:27<1:51:00,  9.71s/ep, cand 4313 | r0 pass 
1463/4275 | episodes solved 1463 | queue r0 686 reprompt 0 | verifying 1 | 11.0 s/proposal]
first proposals:  86%|ΓûêΓûêΓûêΓûêΓûêΓûêΓûêΓûêΓûï | 4315/5000 [13:57:37<1:50:01,  9.64s/ep, cand 4314 | r0 pass 
1464/4276 | episodes solved 1464 | queue r0 684 reprompt 0 | verifying 2 | 11.1 s/proposal]
first proposals:  86%|ΓûêΓûêΓûêΓûêΓûêΓûêΓûêΓûêΓûï | 4316/5000 [13:57:59<2:21:11, 12.39s/ep, cand 4315 | r0 pass 
1464/4277 | episodes solved 1464 | queue r0 683 reprompt 0 | verifying 2 | 11.1 s/proposal]
first proposals:  86%|ΓûêΓûêΓûêΓûêΓûêΓûêΓûêΓûêΓûï | 4317/5000 [13:58:12<2:22:24, 12.51s/ep, cand 4316 | r0 pass 
1464/4278 | episodes solved 1464 | queue r0 681 reprompt 0 | verifying 3 | 11.0 s/proposal]
first proposals:  86%|ΓûêΓûêΓûêΓûêΓûêΓûêΓûêΓûêΓûï | 4320/5000 [13:58:30<1:43:39,  9.15s/ep, cand 4319 | r0 pass 
1465/4281 | episodes solved 1465 | queue r0 680 reprompt 0 | verifying 1 | 11.0 s/proposal]
first proposals:  86%|ΓûêΓûêΓûêΓûêΓûêΓûêΓûêΓûêΓûï | 4321/5000 [13:58:52<2:11:59, 11.66s/ep, cand 4320 | r0 pass 
1465/4282 | episodes solved 1465 | queue r0 678 reprompt 0 | verifying 2 | 10.9 s/proposal]
first proposals:  86%|ΓûêΓûêΓûêΓûêΓûêΓûêΓûêΓûêΓûï | 4323/5000 [13:59:02<1:45:19,  9.33s/ep, cand 4322 | r0 pass 
1465/4284 | episodes solved 1465 | queue r0 676 reprompt 0 | verifying 2 | 10.9 s/proposal]
first proposals:  86%|ΓûêΓûêΓûêΓûêΓûêΓûêΓûêΓûêΓûï | 4324/5000 [13:59:12<1:46:57,  9.49s/ep, cand 4323 | r0 pass 
1465/4285 | episodes solved 1465 | queue r0 675 reprompt 0 | verifying 2 | 10.9 s/proposal]
first proposals:  86%|ΓûêΓûêΓûêΓûêΓûêΓûêΓûêΓûêΓûï | 4325/5000 [13:59:24<1:53:53, 10.12s/ep, cand 4324 | r0 pass 
1465/4286 | episodes solved 1465 | queue r0 674 reprompt 0 | verifying 2 | 10.9 s/proposal]
first proposals:  87%|ΓûêΓûêΓûêΓûêΓûêΓûêΓûêΓûêΓûï | 4326/5000 [13:59:34<1:53:13, 10.08s/ep, cand 4325 | r0 pass 
1465/4287 | episodes solved 1465 | queue r0 673 reprompt 0 | verifying 2 | 10.9 s/proposal]
first proposals:  87%|ΓûêΓûêΓûêΓûêΓûêΓûêΓûêΓûêΓûï | 4327/5000 [13:59:44<1:52:39, 10.04s/ep, cand 4326 | r0 pass 
1466/4288 | episodes solved 1466 | queue r0 672 reprompt 0 | verifying 2 | 10.9 s/proposal]
first proposals:  87%|ΓûêΓûêΓûêΓûêΓûêΓûêΓûêΓûêΓûï | 4328/5000 [14:00:05<2:23:37, 12.82s/ep, cand 4327 | r0 pass 
1466/4289 | episodes solved 1466 | queue r0 671 reprompt 0 | verifying 2 | 10.9 s/proposal]
first proposals:  87%|ΓûêΓûêΓûêΓûêΓûêΓûêΓûêΓûêΓûï | 4330/5000 [14:00:15<1:46:33,  9.54s/ep, cand 4329 | r0 pass 
1467/4291 | episodes solved 1467 | queue r0 669 reprompt 0 | verifying 2 | 10.8 s/proposal]
first proposals:  87%|ΓûêΓûêΓûêΓûêΓûêΓûêΓûêΓûêΓûï | 4331/5000 [14:00:34<2:11:28, 11.79s/ep, cand 4330 | r0 pass 
1467/4292 | episodes solved 1467 | queue r0 668 reprompt 0 | verifying 2 | 10.8 s/proposal]
first proposals:  87%|ΓûêΓûêΓûêΓûêΓûêΓûêΓûêΓûêΓûï | 4333/5000 [14:00:48<1:48:54,  9.80s/ep, cand 4332 | r0 pass 
1467/4294 | episodes solved 1467 | queue r0 666 reprompt 0 | verifying 2 | 10.7 s/proposal]
first proposals:  87%|ΓûêΓûêΓûêΓûêΓûêΓûêΓûêΓûêΓûï | 4334/5000 [14:00:57<1:47:27,  9.68s/ep, cand 4333 | r0 pass 
1468/4295 | episodes solved 1468 | queue r0 665 reprompt 0 | verifying 2 | 10.8 s/proposal]
first proposals:  87%|ΓûêΓûêΓûêΓûêΓûêΓûêΓûêΓûêΓûï | 4335/5000 [14:01:06<1:43:48,  9.37s/ep, cand 4334 | r0 pass 
1468/4296 | episodes solved 1468 | queue r0 664 reprompt 0 | verifying 2 | 10.8 s/proposal]
first proposals:  87%|ΓûêΓûêΓûêΓûêΓûêΓûêΓûêΓûêΓûï | 4336/5000 [14:01:18<1:50:54, 10.02s/ep, cand 4335 | r0 pass 
1468/4297 | episodes solved 1468 | queue r0 663 reprompt 0 | verifying 2 | 10.8 s/proposal]
first proposals:  87%|ΓûêΓûêΓûêΓûêΓûêΓûêΓûêΓûêΓûï | 4337/5000 [14:01:39<2:24:12, 13.05s/ep, cand 4336 | r0 pass 
1468/4298 | episodes solved 1468 | queue r0 662 reprompt 0 | verifying 2 | 10.8 s/proposal]
first proposals:  87%|ΓûêΓûêΓûêΓûêΓûêΓûêΓûêΓûêΓûï | 4339/5000 [14:01:51<1:49:47,  9.97s/ep, cand 4338 | r0 pass 
1469/4300 | episodes solved 1469 | queue r0 660 reprompt 0 | verifying 2 | 10.8 s/proposal]
first proposals:  87%|ΓûêΓûêΓûêΓûêΓûêΓûêΓûêΓûêΓûï | 4340/5000 [14:02:02<1:52:15, 10.21s/ep, cand 4339 | r0 pass 
1469/4301 | episodes solved 1469 | queue r0 659 reprompt 0 | verifying 2 | 10.9 s/proposal]
first proposals:  87%|ΓûêΓûêΓûêΓûêΓûêΓûêΓûêΓûêΓûï | 4341/5000 [14:02:24<2:25:43, 13.27s/ep, cand 4340 | r0 pass 
1470/4302 | episodes solved 1470 | queue r0 658 reprompt 0 | verifying 2 | 10.9 s/proposal]
first proposals:  87%|ΓûêΓûêΓûêΓûêΓûêΓûêΓûêΓûêΓûï | 4343/5000 [14:02:36<1:51:56, 10.22s/ep, cand 4342 | r0 pass 
1471/4304 | episodes solved 1471 | queue r0 656 reprompt 0 | verifying 2 | 11.0 s/proposal]
first proposals:  87%|ΓûêΓûêΓûêΓûêΓûêΓûêΓûêΓûêΓûï | 4344/5000 [14:02:48<1:55:47, 10.59s/ep, cand 4343 | r0 pass 
1471/4305 | episodes solved 1471 | queue r0 655 reprompt 0 | verifying 2 | 10.8 s/proposal]
first proposals:  87%|ΓûêΓûêΓûêΓûêΓûêΓûêΓûêΓûêΓûï | 4345/5000 [14:03:10<2:27:37, 13.52s/ep, cand 4344 | r0 pass 
1471/4306 | episodes solved 1471 | queue r0 654 reprompt 0 | verifying 2 | 10.8 s/proposal]
first proposals:  87%|ΓûêΓûêΓûêΓûêΓûêΓûêΓûêΓûêΓûï | 4347/5000 [14:03:23<1:54:49, 10.55s/ep, cand 4346 | r0 pass 
1472/4308 | episodes solved 1472 | queue r0 652 reprompt 0 | verifying 2 | 10.8 s/proposal]
first proposals:  87%|ΓûêΓûêΓûêΓûêΓûêΓûêΓûêΓûêΓûï | 4348/5000 [14:03:33<1:52:59, 10.40s/ep, cand 4347 | r0 pass 
1472/4309 | episodes solved 1472 | queue r0 651 reprompt 0 | verifying 2 | 10.8 s/proposal]
first proposals:  87%|ΓûêΓûêΓûêΓûêΓûêΓûêΓûêΓûêΓûï | 4350/5000 [14:04:09<2:25:09, 13.40s/ep, cand 4349 | r0 pass 
1472/4311 | episodes solved 1472 | queue r0 650 reprompt 0 | verifying 1 | 10.8 s/proposal]
first proposals:  87%|ΓûêΓûêΓûêΓûêΓûêΓûêΓûêΓûêΓûï | 4351/5000 [14:04:19<2:17:17, 12.69s/ep, cand 4350 | r0 pass 
1473/4312 | episodes solved 1473 | queue r0 647 reprompt 0 | verifying 3 | 10.8 s/proposal]
first proposals:  87%|ΓûêΓûêΓûêΓûêΓûêΓûêΓûêΓûêΓûï | 4354/5000 [14:04:53<2:09:13, 12.00s/ep, cand 4353 | r0 pass 
1475/4315 | episodes solved 1475 | queue r0 646 reprompt 0 | verifying 1 | 10.8 s/proposal]
first proposals:  87%|ΓûêΓûêΓûêΓûêΓûêΓûêΓûêΓûêΓûï | 4355/5000 [14:05:06<2:11:21, 12.22s/ep, cand 4354 | r0 pass 
1476/4316 | episodes solved 1476 | queue r0 643 reprompt 0 | verifying 3 | 10.8 s/proposal]
first proposals:  87%|ΓûêΓûêΓûêΓûêΓûêΓûêΓûêΓûêΓûï | 4356/5000 [14:05:18<2:09:26, 12.06s/ep, cand 4355 | r0 pass 
1476/4317 | episodes solved 1476 | queue r0 642 reprompt 0 | verifying 3 | 10.8 s/proposal]
first proposals:  87%|ΓûêΓûêΓûêΓûêΓûêΓûêΓûêΓûêΓûï | 4358/5000 [14:05:28<1:41:28,  9.48s/ep, cand 4357 | r0 pass 
1476/4319 | episodes solved 1476 | queue r0 641 reprompt 0 | verifying 2 | 10.8 s/proposal]
first proposals:  87%|ΓûêΓûêΓûêΓûêΓûêΓûêΓûêΓûêΓûï | 4359/5000 [14:05:56<2:22:32, 13.34s/ep, cand 4358 | r0 pass 
1477/4320 | episodes solved 1477 | queue r0 640 reprompt 0 | verifying 2 | 10.8 s/proposal]
first proposals:  87%|ΓûêΓûêΓûêΓûêΓûêΓûêΓûêΓûêΓûï | 4361/5000 [14:06:18<2:13:34, 12.54s/ep, cand 4360 | r0 pass 
1478/4322 | episodes solved 1478 | queue r0 638 reprompt 0 | verifying 2 | 11.0 s/proposal]
first proposals:  87%|ΓûêΓûêΓûêΓûêΓûêΓûêΓûêΓûêΓûï | 4363/5000 [14:06:29<1:46:43, 10.05s/ep, cand 4362 | r0 pass 
1478/4324 | episodes solved 1478 | queue r0 636 reprompt 0 | verifying 2 | 11.0 s/proposal]
first proposals:  87%|ΓûêΓûêΓûêΓûêΓûêΓûêΓûêΓûêΓûï | 4364/5000 [14:06:51<2:11:49, 12.44s/ep, cand 4363 | r0 pass 
1479/4325 | episodes solved 1479 | queue r0 635 reprompt 0 | verifying 2 | 11.0 s/proposal]
first proposals:  87%|ΓûêΓûêΓûêΓûêΓûêΓûêΓûêΓûêΓûï | 4365/5000 [14:07:03<2:11:25, 12.42s/ep, cand 4364 | r0 pass 
1479/4326 | episodes solved 1479 | queue r0 633 reprompt 0 | verifying 3 | 11.0 s/proposal]
first proposals:  87%|ΓûêΓûêΓûêΓûêΓûêΓûêΓûêΓûêΓûï | 4366/5000 [14:07:17<2:15:35, 12.83s/ep, cand 4365 | r0 pass 
1479/4327 | episodes solved 1479 | queue r0 632 reprompt 0 | verifying 3 | 11.1 s/proposal]
first proposals:  87%|ΓûêΓûêΓûêΓûêΓûêΓûêΓûêΓûêΓûï | 4367/5000 [14:07:28<2:09:57, 12.32s/ep, cand 4366 | r0 pass 
1479/4328 | episodes solved 1479 | queue r0 631 reprompt 0 | verifying 3 | 11.1 s/proposal]
first proposals:  87%|ΓûêΓûêΓûêΓûêΓûêΓûêΓûêΓûêΓûï | 4368/5000 [14:07:38<2:03:32, 11.73s/ep, cand 4367 | r0 pass 
1479/4329 | episodes solved 1479 | queue r0 630 reprompt 0 | verifying 3 | 11.1 s/proposal]
first proposals:  87%|ΓûêΓûêΓûêΓûêΓûêΓûêΓûêΓûêΓûï | 4370/5000 [14:07:48<1:32:18,  8.79s/ep, cand 4369 | r0 pass 
1479/4331 | episodes solved 1479 | queue r0 629 reprompt 0 | verifying 2 | 11.1 s/proposal]
first proposals:  87%|ΓûêΓûêΓûêΓûêΓûêΓûêΓûêΓûêΓûï | 4371/5000 [14:08:09<2:02:11, 11.66s/ep, cand 4370 | r0 pass 
1479/4332 | episodes solved 1479 | queue r0 628 reprompt 0 | verifying 2 | 11.1 s/proposal]
first proposals:  87%|ΓûêΓûêΓûêΓûêΓûêΓûêΓûêΓûêΓûï | 4373/5000 [14:08:30<1:56:21, 11.14s/ep, cand 4372 | r0 pass 
1480/4334 | episodes solved 1480 | queue r0 626 reprompt 0 | verifying 2 | 11.1 s/proposal]
first proposals:  87%|ΓûêΓûêΓûêΓûêΓûêΓûêΓûêΓûêΓûï | 4374/5000 [14:08:44<2:03:02, 11.79s/ep, cand 4373 | r0 pass 
1480/4335 | episodes solved 1480 | queue r0 624 reprompt 0 | verifying 3 | 11.1 s/proposal]
first proposals:  88%|ΓûêΓûêΓûêΓûêΓûêΓûêΓûêΓûêΓûè | 4376/5000 [14:08:54<1:34:55,  9.13s/ep, cand 4375 | r0 pass 
1481/4337 | episodes solved 1481 | queue r0 623 reprompt 0 | verifying 2 | 11.1 s/proposal]
first proposals:  88%|ΓûêΓûêΓûêΓûêΓûêΓûêΓûêΓûêΓûè | 4378/5000 [14:09:14<1:37:32,  9.41s/ep, cand 4377 | r0 pass 
1481/4339 | episodes solved 1481 | queue r0 622 reprompt 0 | verifying 1 | 11.2 s/proposal]
first proposals:  88%|ΓûêΓûêΓûêΓûêΓûêΓûêΓûêΓûêΓûè | 4379/5000 [14:09:23<1:36:30,  9.32s/ep, cand 4378 | r0 pass 
1481/4340 | episodes solved 1481 | queue r0 620 reprompt 0 | verifying 2 | 11.1 s/proposal]
first proposals:  88%|ΓûêΓûêΓûêΓûêΓûêΓûêΓûêΓûêΓûè | 4380/5000 [14:09:44<2:04:16, 12.03s/ep, cand 4379 | r0 pass 
1481/4341 | episodes solved 1481 | queue r0 619 reprompt 0 | verifying 2 | 11.1 s/proposal]
first proposals:  88%|ΓûêΓûêΓûêΓûêΓûêΓûêΓûêΓûêΓûè | 4382/5000 [14:10:08<2:03:36, 12.00s/ep, cand 4381 | r0 pass 
1481/4343 | episodes solved 1481 | queue r0 617 reprompt 0 | verifying 2 | 11.2 s/proposal]
first proposals:  88%|ΓûêΓûêΓûêΓûêΓûêΓûêΓûêΓûêΓûè | 4383/5000 [14:10:23<2:09:27, 12.59s/ep, cand 4382 | r0 pass 
1481/4344 | episodes solved 1481 | queue r0 615 reprompt 0 | verifying 3 | 11.2 s/proposal]
first proposals:  88%|ΓûêΓûêΓûêΓûêΓûêΓûêΓûêΓûêΓûè | 4384/5000 [14:10:32<2:01:41, 11.85s/ep, cand 4383 | r0 pass 
1481/4345 | episodes solved 1481 | queue r0 614 reprompt 0 | verifying 3 | 11.3 s/proposal]
first proposals:  88%|ΓûêΓûêΓûêΓûêΓûêΓûêΓûêΓûêΓûè | 4386/5000 [14:10:43<1:35:22,  9.32s/ep, cand 4385 | r0 pass 
1481/4347 | episodes solved 1481 | queue r0 613 reprompt 0 | verifying 2 | 11.3 s/proposal]
first proposals:  88%|ΓûêΓûêΓûêΓûêΓûêΓûêΓûêΓûêΓûè | 4387/5000 [14:10:56<1:42:37, 10.04s/ep, cand 4386 | r0 pass 
1482/4348 | episodes solved 1482 | queue r0 612 reprompt 0 | verifying 2 | 11.3 s/proposal]
first proposals:  88%|ΓûêΓûêΓûêΓûêΓûêΓûêΓûêΓûêΓûè | 4388/5000 [14:11:24<2:27:23, 14.45s/ep, cand 4387 | r0 pass 
1483/4349 | episodes solved 1483 | queue r0 611 reprompt 0 | verifying 2 | 11.3 s/proposal]
first proposals:  88%|ΓûêΓûêΓûêΓûêΓûêΓûêΓûêΓûêΓûè | 4390/5000 [14:11:34<1:46:33, 10.48s/ep, cand 4389 | r0 pass 
1483/4351 | episodes solved 1483 | queue r0 609 reprompt 0 | verifying 2 | 11.4 s/proposal]
first proposals:  88%|ΓûêΓûêΓûêΓûêΓûêΓûêΓûêΓûêΓûè | 4391/5000 [14:11:45<1:48:19, 10.67s/ep, cand 4390 | r0 pass 
1483/4352 | episodes solved 1483 | queue r0 608 reprompt 0 | verifying 2 | 11.4 s/proposal]
first proposals:  88%|ΓûêΓûêΓûêΓûêΓûêΓûêΓûêΓûêΓûè | 4392/5000 [14:11:56<1:48:58, 10.75s/ep, cand 4391 | r0 pass 
1483/4353 | episodes solved 1483 | queue r0 607 reprompt 0 | verifying 2 | 11.4 s/proposal]
first proposals:  88%|ΓûêΓûêΓûêΓûêΓûêΓûêΓûêΓûêΓûè | 4393/5000 [14:12:13<2:05:43, 12.43s/ep, cand 4392 | r0 pass 
1484/4354 | episodes solved 1484 | queue r0 606 reprompt 0 | verifying 2 | 11.4 s/proposal]
first proposals:  88%|ΓûêΓûêΓûêΓûêΓûêΓûêΓûêΓûêΓûè | 4394/5000 [14:12:25<2:04:44, 12.35s/ep, cand 4393 | r0 pass 
1485/4355 | episodes solved 1485 | queue r0 604 reprompt 0 | verifying 3 | 11.3 s/proposal]
first proposals:  88%|ΓûêΓûêΓûêΓûêΓûêΓûêΓûêΓûêΓûè | 4395/5000 [14:12:36<1:58:28, 11.75s/ep, cand 4394 | r0 pass 
1486/4356 | episodes solved 1486 | queue r0 603 reprompt 0 | verifying 3 | 11.3 s/proposal]
first proposals:  88%|ΓûêΓûêΓûêΓûêΓûêΓûêΓûêΓûêΓûè | 4397/5000 [14:12:47<1:30:56,  9.05s/ep, cand 4396 | r0 pass 
1488/4358 | episodes solved 1488 | queue r0 602 reprompt 0 | verifying 2 | 11.3 s/proposal]
first proposals:  88%|ΓûêΓûêΓûêΓûêΓûêΓûêΓûêΓûêΓûè | 4398/5000 [14:13:09<2:03:34, 12.32s/ep, cand 4397 | r0 pass 
1488/4359 | episodes solved 1488 | queue r0 601 reprompt 0 | verifying 2 | 11.2 s/proposal]
first proposals:  88%|ΓûêΓûêΓûêΓûêΓûêΓûêΓûêΓûêΓûè | 4399/5000 [14:13:20<1:59:02, 11.88s/ep, cand 4398 | r0 pass 
1488/4360 | episodes solved 1488 | queue r0 599 reprompt 0 | verifying 3 | 11.2 s/proposal]
first proposals:  88%|ΓûêΓûêΓûêΓûêΓûêΓûêΓûêΓûêΓûè | 4400/5000 [14:13:32<1:58:20, 11.83s/ep, cand 4399 | r0 pass 
1488/4361 | episodes solved 1488 | queue r0 598 reprompt 0 | verifying 3 | 11.3 s/proposal]
first proposals:  88%|ΓûêΓûêΓûêΓûêΓûêΓûêΓûêΓûêΓûè | 4402/5000 [14:13:52<1:49:28, 10.98s/ep, cand 4401 | r0 pass 
1488/4363 | episodes solved 1488 | queue r0 597 reprompt 0 | verifying 2 | 11.2 s/proposal]
first proposals:  88%|ΓûêΓûêΓûêΓûêΓûêΓûêΓûêΓûêΓûè | 4404/5000 [14:14:16<1:54:24, 11.52s/ep, cand 4403 | r0 pass 
1489/4365 | episodes solved 1489 | queue r0 595 reprompt 0 | verifying 2 | 11.2 s/proposal]
first proposals:  88%|ΓûêΓûêΓûêΓûêΓûêΓûêΓûêΓûêΓûè | 4407/5000 [14:14:51<1:53:42, 11.50s/ep, cand 4406 | r0 pass 
1489/4368 | episodes solved 1489 | queue r0 593 reprompt 0 | verifying 1 | 11.2 s/proposal]
first proposals:  88%|ΓûêΓûêΓûêΓûêΓûêΓûêΓûêΓûêΓûè | 4409/5000 [14:15:01<1:34:53,  9.63s/ep, cand 4408 | r0 pass 
1489/4370 | episodes solved 1489 | queue r0 590 reprompt 0 | verifying 2 | 11.2 s/proposal]
first proposals:  88%|ΓûêΓûêΓûêΓûêΓûêΓûêΓûêΓûêΓûè | 4410/5000 [14:15:13<1:38:38, 10.03s/ep, cand 4409 | r0 pass 
1490/4371 | episodes solved 1490 | queue r0 589 reprompt 0 | verifying 2 | 11.1 s/proposal]
first proposals:  88%|ΓûêΓûêΓûêΓûêΓûêΓûêΓûêΓûêΓûè | 4412/5000 [14:15:47<2:01:07, 12.36s/ep, cand 4411 | r0 pass 
1491/4373 | episodes solved 1491 | queue r0 588 reprompt 0 | verifying 1 | 11.1 s/proposal]
first proposals:  88%|ΓûêΓûêΓûêΓûêΓûêΓûêΓûêΓûêΓûè | 4414/5000 [14:15:59<1:40:05, 10.25s/ep, cand 4413 | r0 pass 
1492/4375 | episodes solved 1492 | queue r0 585 reprompt 0 | verifying 2 | 11.1 s/proposal]
first proposals:  88%|ΓûêΓûêΓûêΓûêΓûêΓûêΓûêΓûêΓûè | 4415/5000 [14:16:12<1:44:46, 10.75s/ep, cand 4414 | r0 pass 
1493/4376 | episodes solved 1493 | queue r0 584 reprompt 0 | verifying 2 | 11.1 s/proposal]
first proposals:  88%|ΓûêΓûêΓûêΓûêΓûêΓûêΓûêΓûêΓûè | 4416/5000 [14:16:21<1:41:36, 10.44s/ep, cand 4415 | r0 pass 
1493/4377 | episodes solved 1493 | queue r0 583 reprompt 0 | verifying 2 | 11.2 s/proposal]
first proposals:  88%|ΓûêΓûêΓûêΓûêΓûêΓûêΓûêΓûêΓûè | 4417/5000 [14:16:32<1:42:49, 10.58s/ep, cand 4416 | r0 pass 
1494/4378 | episodes solved 1494 | queue r0 582 reprompt 0 | verifying 2 | 11.1 s/proposal]
first proposals:  88%|ΓûêΓûêΓûêΓûêΓûêΓûêΓûêΓûêΓûè | 4418/5000 [14:16:46<1:50:15, 11.37s/ep, cand 4417 | r0 pass 
1494/4379 | episodes solved 1494 | queue r0 581 reprompt 0 | verifying 2 | 11.1 s/proposal]
first proposals:  88%|ΓûêΓûêΓûêΓûêΓûêΓûêΓûêΓûêΓûè | 4419/5000 [14:16:58<1:52:16, 11.59s/ep, cand 4418 | r0 pass 
1495/4380 | episodes solved 1495 | queue r0 580 reprompt 0 | verifying 2 | 11.1 s/proposal]
first proposals:  88%|ΓûêΓûêΓûêΓûêΓûêΓûêΓûêΓûêΓûè | 4421/5000 [14:17:30<2:10:53, 13.56s/ep, cand 4420 | r0 pass 
1495/4382 | episodes solved 1495 | queue r0 579 reprompt 0 | verifying 1 | 11.2 s/proposal]
first proposals:  88%|ΓûêΓûêΓûêΓûêΓûêΓûêΓûêΓûêΓûè | 4423/5000 [14:17:40<1:38:37, 10.26s/ep, cand 4422 | r0 pass 
1495/4384 | episodes solved 1495 | queue r0 576 reprompt 0 | verifying 2 | 11.2 s/proposal]
first proposals:  88%|ΓûêΓûêΓûêΓûêΓûêΓûêΓûêΓûêΓûè | 4424/5000 [14:17:50<1:37:27, 10.15s/ep, cand 4423 | r0 pass 
1496/4385 | episodes solved 1496 | queue r0 575 reprompt 0 | verifying 2 | 11.2 s/proposal]
first proposals:  88%|ΓûêΓûêΓûêΓûêΓûêΓûêΓûêΓûêΓûè | 4425/5000 [14:18:01<1:40:10, 10.45s/ep, cand 4424 | r0 pass 
1496/4386 | episodes solved 1496 | queue r0 574 reprompt 0 | verifying 2 | 11.2 s/proposal]
first proposals:  89%|ΓûêΓûêΓûêΓûêΓûêΓûêΓûêΓûêΓûè | 4426/5000 [14:18:10<1:36:30, 10.09s/ep, cand 4425 | r0 pass 
1497/4387 | episodes solved 1497 | queue r0 573 reprompt 0 | verifying 2 | 11.1 s/proposal]
first proposals:  89%|ΓûêΓûêΓûêΓûêΓûêΓûêΓûêΓûêΓûè | 4427/5000 [14:18:32<2:04:26, 13.03s/ep, cand 4426 | r0 pass 
1498/4388 | episodes solved 1498 | queue r0 572 reprompt 0 | verifying 2 | 11.1 s/proposal]
first proposals:  89%|ΓûêΓûêΓûêΓûêΓûêΓûêΓûêΓûêΓûè | 4429/5000 [14:18:43<1:33:35,  9.83s/ep, cand 4428 | r0 pass 
1499/4390 | episodes solved 1499 | queue r0 570 reprompt 0 | verifying 2 | 11.1 s/proposal]
first proposals:  89%|ΓûêΓûêΓûêΓûêΓûêΓûêΓûêΓûêΓûè | 4430/5000 [14:18:53<1:35:01, 10.00s/ep, cand 4429 | r0 pass 
1499/4391 | episodes solved 1499 | queue r0 569 reprompt 0 | verifying 2 | 11.2 s/proposal]
first proposals:  89%|ΓûêΓûêΓûêΓûêΓûêΓûêΓûêΓûêΓûè | 4431/5000 [14:19:13<1:58:44, 12.52s/ep, cand 4430 | r0 pass 
1500/4392 | episodes solved 1500 | queue r0 568 reprompt 0 | verifying 2 | 11.2 s/proposal]
first proposals:  89%|ΓûêΓûêΓûêΓûêΓûêΓûêΓûêΓûêΓûè | 4432/5000 [14:19:25<1:56:47, 12.34s/ep, cand 4431 | r0 pass 
1501/4393 | episodes solved 1501 | queue r0 566 reprompt 0 | verifying 3 | 11.1 s/proposal]
first proposals:  89%|ΓûêΓûêΓûêΓûêΓûêΓûêΓûêΓûêΓûè | 4434/5000 [14:19:40<1:36:23, 10.22s/ep, cand 4433 | r0 pass 
1501/4395 | episodes solved 1501 | queue r0 565 reprompt 0 | verifying 2 | 11.1 s/proposal]
first proposals:  89%|ΓûêΓûêΓûêΓûêΓûêΓûêΓûêΓûêΓûè | 4435/5000 [14:20:02<2:02:48, 13.04s/ep, cand 4434 | r0 pass 
1501/4396 | episodes solved 1501 | queue r0 564 reprompt 0 | verifying 2 | 11.1 s/proposal]
first proposals:  89%|ΓûêΓûêΓûêΓûêΓûêΓûêΓûêΓûêΓûè | 4436/5000 [14:20:14<2:00:10, 12.78s/ep, cand 4435 | r0 pass 
1502/4397 | episodes solved 1502 | queue r0 562 reprompt 0 | verifying 3 | 11.1 s/proposal]
first proposals:  89%|ΓûêΓûêΓûêΓûêΓûêΓûêΓûêΓûêΓûë | 4438/5000 [14:20:23<1:26:30,  9.24s/ep, cand 4437 | r0 pass 
1503/4399 | episodes solved 1503 | queue r0 561 reprompt 0 | verifying 2 | 11.1 s/proposal]
first proposals:  89%|ΓûêΓûêΓûêΓûêΓûêΓûêΓûêΓûêΓûë | 4439/5000 [14:20:48<2:01:01, 12.94s/ep, cand 4438 | r0 pass 
1503/4400 | episodes solved 1503 | queue r0 560 reprompt 0 | verifying 2 | 11.0 s/proposal]
first proposals:  89%|ΓûêΓûêΓûêΓûêΓûêΓûêΓûêΓûêΓûë | 4440/5000 [14:21:00<1:59:01, 12.75s/ep, cand 4439 | r0 pass 
1504/4401 | episodes solved 1504 | queue r0 558 reprompt 0 | verifying 3 | 11.0 s/proposal]
first proposals:  89%|ΓûêΓûêΓûêΓûêΓûêΓûêΓûêΓûêΓûë | 4443/5000 [14:21:34<1:50:30, 11.90s/ep, cand 4442 | r0 pass 
1506/4404 | episodes solved 1506 | queue r0 557 reprompt 0 | verifying 1 | 11.0 s/proposal]
first proposals:  89%|ΓûêΓûêΓûêΓûêΓûêΓûêΓûêΓûêΓûë | 4445/5000 [14:21:41<1:25:10,  9.21s/ep, cand 4444 | r0 pass 
1507/4406 | episodes solved 1507 | queue r0 554 reprompt 0 | verifying 2 | 11.1 s/proposal]
first proposals:  89%|ΓûêΓûêΓûêΓûêΓûêΓûêΓûêΓûêΓûë | 4446/5000 [14:21:54<1:31:56,  9.96s/ep, cand 4445 | r0 pass 
1508/4407 | episodes solved 1508 | queue r0 553 reprompt 0 | verifying 2 | 11.0 s/proposal]
first proposals:  89%|ΓûêΓûêΓûêΓûêΓûêΓûêΓûêΓûêΓûë | 4447/5000 [14:22:30<2:22:35, 15.47s/ep, cand 4446 | r0 pass 
1508/4408 | episodes solved 1508 | queue r0 552 reprompt 0 | verifying 2 | 11.1 s/proposal]
first proposals:  89%|ΓûêΓûêΓûêΓûêΓûêΓûêΓûêΓûêΓûë | 4448/5000 [14:22:43<2:16:32, 14.84s/ep, cand 4447 | r0 pass 
1509/4409 | episodes solved 1509 | queue r0 549 reprompt 0 | verifying 4 | 11.1 s/proposal]
first proposals:  89%|ΓûêΓûêΓûêΓûêΓûêΓûêΓûêΓûêΓûë | 4450/5000 [14:22:52<1:39:13, 10.82s/ep, cand 4449 | r0 pass 
1510/4411 | episodes solved 1510 | queue r0 548 reprompt 0 | verifying 3 | 11.1 s/proposal]
first proposals:  89%|ΓûêΓûêΓûêΓûêΓûêΓûêΓûêΓûêΓûë | 4451/5000 [14:23:03<1:39:31, 10.88s/ep, cand 4450 | r0 pass 
1511/4412 | episodes solved 1511 | queue r0 547 reprompt 0 | verifying 3 | 11.1 s/proposal]
first proposals:  89%|ΓûêΓûêΓûêΓûêΓûêΓûêΓûêΓûêΓûë | 4453/5000 [14:23:22<1:33:57, 10.31s/ep, cand 4452 | r0 pass 
1512/4414 | episodes solved 1512 | queue r0 546 reprompt 0 | verifying 2 | 11.1 s/proposal]
first proposals:  89%|ΓûêΓûêΓûêΓûêΓûêΓûêΓûêΓûêΓûë | 4455/5000 [14:23:40<1:29:24,  9.84s/ep, cand 4454 | r0 pass 
1512/4416 | episodes solved 1512 | queue r0 544 reprompt 0 | verifying 2 | 11.0 s/proposal]
first proposals:  89%|ΓûêΓûêΓûêΓûêΓûêΓûêΓûêΓûêΓûë | 4456/5000 [14:23:51<1:31:14, 10.06s/ep, cand 4455 | r0 pass 
1512/4417 | episodes solved 1512 | queue r0 542 reprompt 0 | verifying 3 | 11.0 s/proposal]
first proposals:  89%|ΓûêΓûêΓûêΓûêΓûêΓûêΓûêΓûêΓûë | 4458/5000 [14:24:00<1:12:39,  8.04s/ep, cand 4457 | r0 pass 
1512/4419 | episodes solved 1512 | queue r0 541 reprompt 0 | verifying 2 | 10.9 s/proposal]
first proposals:  89%|ΓûêΓûêΓûêΓûêΓûêΓûêΓûêΓûêΓûë | 4459/5000 [14:24:12<1:12:31,  8.04s/ep, cand 4459 | r0 pass 
1513/4421 | episodes solved 1513 | queue r0 539 reprompt 0 | verifying 2 | 10.9 s/proposal]
first proposals:  89%|ΓûêΓûêΓûêΓûêΓûêΓûêΓûêΓûêΓûë | 4460/5000 [14:24:23<1:22:38,  9.18s/ep, cand 4459 | r0 pass 
1513/4421 | episodes solved 1513 | queue r0 539 reprompt 0 | verifying 2 | 10.9 s/proposal]
first proposals:  89%|ΓûêΓûêΓûêΓûêΓûêΓûêΓûêΓûêΓûë | 4461/5000 [14:24:43<1:41:21, 11.28s/ep, cand 4460 | r0 pass 
1513/4422 | episodes solved 1513 | queue r0 538 reprompt 0 | verifying 2 | 10.9 s/proposal]
first proposals:  89%|ΓûêΓûêΓûêΓûêΓûêΓûêΓûêΓûêΓûë | 4462/5000 [14:24:54<1:39:55, 11.14s/ep, cand 4461 | r0 pass 
1513/4423 | episodes solved 1513 | queue r0 536 reprompt 0 | verifying 3 | 10.9 s/proposal]
first proposals:  89%|ΓûêΓûêΓûêΓûêΓûêΓûêΓûêΓûêΓûë | 4463/5000 [14:25:05<1:41:27, 11.34s/ep, cand 4462 | r0 pass 
1513/4424 | episodes solved 1513 | queue r0 535 reprompt 0 | verifying 3 | 10.8 s/proposal]
first proposals:  89%|ΓûêΓûêΓûêΓûêΓûêΓûêΓûêΓûêΓûë | 4465/5000 [14:25:18<1:22:22,  9.24s/ep, cand 4464 | r0 pass 
1514/4426 | episodes solved 1514 | queue r0 534 reprompt 0 | verifying 2 | 10.8 s/proposal]
first proposals:  89%|ΓûêΓûêΓûêΓûêΓûêΓûêΓûêΓûêΓûë | 4466/5000 [14:25:27<1:21:42,  9.18s/ep, cand 4465 | r0 pass 
1514/4427 | episodes solved 1514 | queue r0 533 reprompt 0 | verifying 2 | 10.8 s/proposal]
first proposals:  89%|ΓûêΓûêΓûêΓûêΓûêΓûêΓûêΓûêΓûë | 4467/5000 [14:25:36<1:21:38,  9.19s/ep, cand 4466 | r0 pass 
1515/4428 | episodes solved 1515 | queue r0 532 reprompt 0 | verifying 2 | 10.8 s/proposal]
first proposals:  89%|ΓûêΓûêΓûêΓûêΓûêΓûêΓûêΓûêΓûë | 4468/5000 [14:25:47<1:24:30,  9.53s/ep, cand 4467 | r0 pass 
1515/4429 | episodes solved 1515 | queue r0 531 reprompt 0 | verifying 2 | 10.8 s/proposal]
first proposals:  89%|ΓûêΓûêΓûêΓûêΓûêΓûêΓûêΓûêΓûë | 4469/5000 [14:25:58<1:28:22,  9.98s/ep, cand 4468 | r0 pass 
1516/4430 | episodes solved 1516 | queue r0 530 reprompt 0 | verifying 2 | 10.7 s/proposal]
first proposals:  89%|ΓûêΓûêΓûêΓûêΓûêΓûêΓûêΓûêΓûë | 4470/5000 [14:26:09<1:30:35, 10.26s/ep, cand 4469 | r0 pass 
1516/4431 | episodes solved 1516 | queue r0 529 reprompt 0 | verifying 2 | 10.7 s/proposal]
first proposals:  89%|ΓûêΓûêΓûêΓûêΓûêΓûêΓûêΓûêΓûë | 4471/5000 [14:26:33<2:05:03, 14.18s/ep, cand 4470 | r0 pass 
1517/4432 | episodes solved 1517 | queue r0 528 reprompt 0 | verifying 2 | 10.7 s/proposal]
first proposals:  89%|ΓûêΓûêΓûêΓûêΓûêΓûêΓûêΓûêΓûë | 4473/5000 [14:26:54<1:50:50, 12.62s/ep, cand 4472 | r0 pass 
1517/4434 | episodes solved 1517 | queue r0 526 reprompt 0 | verifying 2 | 10.7 s/proposal]
first proposals:  89%|ΓûêΓûêΓûêΓûêΓûêΓûêΓûêΓûêΓûë | 4474/5000 [14:27:07<1:50:05, 12.56s/ep, cand 4473 | r0 pass 
1517/4435 | episodes solved 1517 | queue r0 524 reprompt 0 | verifying 3 | 10.8 s/proposal]
first proposals:  90%|ΓûêΓûêΓûêΓûêΓûêΓûêΓûêΓûêΓûë | 4476/5000 [14:27:26<1:38:50, 11.32s/ep, cand 4475 | r0 pass 
1518/4437 | episodes solved 1518 | queue r0 523 reprompt 0 | verifying 2 | 10.8 s/proposal]
first proposals:  90%|ΓûêΓûêΓûêΓûêΓûêΓûêΓûêΓûêΓûë | 4478/5000 [14:27:45<1:33:50, 10.79s/ep, cand 4477 | r0 pass 
1518/4439 | episodes solved 1518 | queue r0 521 reprompt 0 | verifying 2 | 10.8 s/proposal]
first proposals:  90%|ΓûêΓûêΓûêΓûêΓûêΓûêΓûêΓûêΓûë | 4480/5000 [14:28:03<1:27:45, 10.13s/ep, cand 4479 | r0 pass 
1519/4441 | episodes solved 1519 | queue r0 519 reprompt 0 | verifying 2 | 10.7 s/proposal]
first proposals:  90%|ΓûêΓûêΓûêΓûêΓûêΓûêΓûêΓûêΓûë | 4481/5000 [14:28:11<1:24:27,  9.76s/ep, cand 4480 | r0 pass 
1519/4442 | episodes solved 1519 | queue r0 517 reprompt 0 | verifying 3 | 10.7 s/proposal]
first proposals:  90%|ΓûêΓûêΓûêΓûêΓûêΓûêΓûêΓûêΓûë | 4484/5000 [14:28:43<1:27:27, 10.17s/ep, cand 4483 | r0 pass 
1520/4445 | episodes solved 1520 | queue r0 516 reprompt 0 | verifying 1 | 10.6 s/proposal]
first proposals:  90%|ΓûêΓûêΓûêΓûêΓûêΓûêΓûêΓûêΓûë | 4485/5000 [14:28:57<1:32:30, 10.78s/ep, cand 4484 | r0 pass 
1521/4446 | episodes solved 1521 | queue r0 513 reprompt 0 | verifying 3 | 10.6 s/proposal]
first proposals:  90%|ΓûêΓûêΓûêΓûêΓûêΓûêΓûêΓûêΓûë | 4486/5000 [14:29:10<1:36:41, 11.29s/ep, cand 4485 | r0 pass 
1521/4447 | episodes solved 1521 | queue r0 512 reprompt 0 | verifying 3 | 10.6 s/proposal]
first proposals:  90%|ΓûêΓûêΓûêΓûêΓûêΓûêΓûêΓûêΓûë | 4489/5000 [14:29:20<1:03:59,  7.51s/ep, cand 4488 | r0 pass 
1522/4450 | episodes solved 1522 | queue r0 511 reprompt 0 | verifying 1 | 10.6 s/proposal]
first proposals:  90%|ΓûêΓûêΓûêΓûêΓûêΓûêΓûêΓûêΓûë | 4490/5000 [14:29:42<1:26:07, 10.13s/ep, cand 4489 | r0 pass 
1522/4451 | episodes solved 1522 | queue r0 510 reprompt 0 | verifying 1 | 10.6 s/proposal]
first proposals:  90%|ΓûêΓûêΓûêΓûêΓûêΓûêΓûêΓûêΓûë | 4492/5000 [14:30:11<1:39:13, 11.72s/ep, cand 4491 | r0 pass 
1522/4453 | episodes solved 1522 | queue r0 508 reprompt 0 | verifying 1 | 10.6 s/proposal]
first proposals:  90%|ΓûêΓûêΓûêΓûêΓûêΓûêΓûêΓûêΓûë | 4493/5000 [14:30:22<1:38:11, 11.62s/ep, cand 4492 | r0 pass 
1522/4454 | episodes solved 1522 | queue r0 505 reprompt 0 | verifying 3 | 10.5 s/proposal]
first proposals:  90%|ΓûêΓûêΓûêΓûêΓûêΓûêΓûêΓûêΓûë | 4494/5000 [14:30:37<1:43:33, 12.28s/ep, cand 4493 | r0 pass 
1522/4455 | episodes solved 1522 | queue r0 504 reprompt 0 | verifying 3 | 10.5 s/proposal]
first proposals:  90%|ΓûêΓûêΓûêΓûêΓûêΓûêΓûêΓûêΓûë | 4497/5000 [14:31:08<1:35:04, 11.34s/ep, cand 4496 | r0 pass 
1523/4458 | episodes solved 1523 | queue r0 503 reprompt 0 | verifying 1 | 10.7 s/proposal]
first proposals:  90%|ΓûêΓûêΓûêΓûêΓûêΓûêΓûêΓûêΓûë | 4499/5000 [14:31:16<1:15:42,  9.07s/ep, cand 4498 | r0 pass 
1525/4460 | episodes solved 1525 | queue r0 500 reprompt 0 | verifying 2 | 10.6 s/proposal]
first proposals:  90%|ΓûêΓûêΓûêΓûêΓûêΓûêΓûêΓûêΓûê | 4500/5000 [14:31:32<1:15:33,  9.07s/ep, cand 4500 | r0 pass 
1525/4462 | episodes solved 1525 | queue r0 498 reprompt 0 | verifying 2 | 10.4 s/proposal]
first proposals:  90%|ΓûêΓûêΓûêΓûêΓûêΓûêΓûêΓûêΓûê | 4501/5000 [14:31:55<1:41:52, 12.25s/ep, cand 4500 | r0 pass 
1525/4462 | episodes solved 1525 | queue r0 498 reprompt 0 | verifying 2 | 10.4 s/proposal]
first proposals:  90%|ΓûêΓûêΓûêΓûêΓûêΓûêΓûêΓûêΓûê | 4502/5000 [14:32:15<1:53:21, 13.66s/ep, cand 4501 | r0 pass 
1526/4463 | episodes solved 1526 | queue r0 496 reprompt 0 | verifying 3 | 10.6 s/proposal]
first proposals:  90%|ΓûêΓûêΓûêΓûêΓûêΓûêΓûêΓûêΓûê | 4505/5000 [14:32:37<1:29:54, 10.90s/ep, cand 4504 | r0 pass 
1527/4466 | episodes solved 1527 | queue r0 495 reprompt 0 | verifying 1 | 10.8 s/proposal]
first proposals:  90%|ΓûêΓûêΓûêΓûêΓûêΓûêΓûêΓûêΓûê | 4506/5000 [14:32:50<1:32:57, 11.29s/ep, cand 4505 | r0 pass 
1527/4467 | episodes solved 1527 | queue r0 493 reprompt 0 | verifying 2 | 10.9 s/proposal]
first proposals:  90%|ΓûêΓûêΓûêΓûêΓûêΓûêΓûêΓûêΓûê | 4508/5000 [14:33:09<1:27:08, 10.63s/ep, cand 4507 | r0 pass 
1527/4469 | episodes solved 1527 | queue r0 492 reprompt 0 | verifying 1 | 11.0 s/proposal]
first proposals:  90%|ΓûêΓûêΓûêΓûêΓûêΓûêΓûêΓûêΓûê | 4509/5000 [14:33:32<1:47:21, 13.12s/ep, cand 4508 | r0 pass 
1527/4470 | episodes solved 1527 | queue r0 490 reprompt 0 | verifying 2 | 10.9 s/proposal]
first proposals:  90%|ΓûêΓûêΓûêΓûêΓûêΓûêΓûêΓûêΓûê | 4512/5000 [14:34:10<1:44:52, 12.90s/ep, cand 4511 | r0 pass 
1529/4473 | episodes solved 1529 | queue r0 488 reprompt 0 | verifying 1 | 10.9 s/proposal]
first proposals:  90%|ΓûêΓûêΓûêΓûêΓûêΓûêΓûêΓûêΓûê | 4514/5000 [14:34:19<1:24:07, 10.39s/ep, cand 4513 | r0 pass 
1531/4475 | episodes solved 1531 | queue r0 485 reprompt 0 | verifying 2 | 11.1 s/proposal]
first proposals:  90%|ΓûêΓûêΓûêΓûêΓûêΓûêΓûêΓûêΓûê | 4515/5000 [14:34:32<1:23:56, 10.39s/ep, cand 4515 | r0 pass 
1532/4477 | episodes solved 1532 | queue r0 484 reprompt 0 | verifying 1 | 11.0 s/proposal]
first proposals:  90%|ΓûêΓûêΓûêΓûêΓûêΓûêΓûêΓûêΓûê | 4516/5000 [14:34:57<1:43:43, 12.86s/ep, cand 4515 | r0 pass 
1532/4477 | episodes solved 1532 | queue r0 484 reprompt 0 | verifying 1 | 11.0 s/proposal]
first proposals:  90%|ΓûêΓûêΓûêΓûêΓûêΓûêΓûêΓûêΓûê | 4519/5000 [14:35:18<1:24:34, 10.55s/ep, cand 4518 | r0 pass 
1534/4480 | episodes solved 1534 | queue r0 481 reprompt 0 | verifying 1 | 11.2 s/proposal]
first proposals:  90%|ΓûêΓûêΓûêΓûêΓûêΓûêΓûêΓûêΓûê | 4520/5000 [14:35:39<1:38:04, 12.26s/ep, cand 4519 | r0 pass 
1534/4481 | episodes solved 1534 | queue r0 479 reprompt 0 | verifying 2 | 11.2 s/proposal]
first proposals:  90%|ΓûêΓûêΓûêΓûêΓûêΓûêΓûêΓûêΓûê | 4522/5000 [14:35:59<1:32:01, 11.55s/ep, cand 4521 | r0 pass 
1534/4483 | episodes solved 1534 | queue r0 477 reprompt 0 | verifying 2 | 11.1 s/proposal]
first proposals:  90%|ΓûêΓûêΓûêΓûêΓûêΓûêΓûêΓûêΓûê | 4523/5000 [14:36:10<1:30:49, 11.43s/ep, cand 4522 | r0 pass 
1534/4484 | episodes solved 1534 | queue r0 475 reprompt 0 | verifying 3 | 11.1 s/proposal]
first proposals:  90%|ΓûêΓûêΓûêΓûêΓûêΓûêΓûêΓûêΓûê | 4524/5000 [14:36:24<1:35:56, 12.09s/ep, cand 4523 | r0 pass 
1534/4485 | episodes solved 1534 | queue r0 474 reprompt 0 | verifying 3 | 11.1 s/proposal]
first proposals:  90%|ΓûêΓûêΓûêΓûêΓûêΓûêΓûêΓûêΓûê | 4525/5000 [14:36:35<1:33:53, 11.86s/ep, cand 4524 | r0 pass 
1535/4486 | episodes solved 1535 | queue r0 473 reprompt 0 | verifying 3 | 11.1 s/proposal]
first proposals:  91%|ΓûêΓûêΓûêΓûêΓûêΓûêΓûêΓûêΓûê | 4526/5000 [14:36:47<1:32:45, 11.74s/ep, cand 4525 | r0 pass 
1536/4487 | episodes solved 1536 | queue r0 472 reprompt 0 | verifying 3 | 11.2 s/proposal]
first proposals:  91%|ΓûêΓûêΓûêΓûêΓûêΓûêΓûêΓûêΓûê | 4528/5000 [14:36:56<1:08:22,  8.69s/ep, cand 4527 | r0 pass 
1537/4489 | episodes solved 1537 | queue r0 471 reprompt 0 | verifying 2 | 11.2 s/proposal]
first proposals:  91%|ΓûêΓûêΓûêΓûêΓûêΓûêΓûêΓûêΓûê | 4529/5000 [14:37:12<1:08:14,  8.69s/ep, cand 4529 | r0 pass 
1538/4491 | episodes solved 1538 | queue r0 469 reprompt 0 | verifying 2 | 11.2 s/proposal]
first proposals:  91%|ΓûêΓûêΓûêΓûêΓûêΓûêΓûêΓûêΓûê | 4530/5000 [14:37:25<1:26:18, 11.02s/ep, cand 4529 | r0 pass 
1538/4491 | episodes solved 1538 | queue r0 469 reprompt 0 | verifying 2 | 11.2 s/proposal]
first proposals:  91%|ΓûêΓûêΓûêΓûêΓûêΓûêΓûêΓûêΓûê | 4532/5000 [14:37:45<1:22:26, 10.57s/ep, cand 4531 | r0 pass 
1539/4493 | episodes solved 1539 | queue r0 467 reprompt 0 | verifying 2 | 11.2 s/proposal]
first proposals:  91%|ΓûêΓûêΓûêΓûêΓûêΓûêΓûêΓûêΓûê | 4534/5000 [14:38:05<1:20:14, 10.33s/ep, cand 4533 | r0 pass 
1540/4495 | episodes solved 1540 | queue r0 465 reprompt 0 | verifying 2 | 11.2 s/proposal]
first proposals:  91%|ΓûêΓûêΓûêΓûêΓûêΓûêΓûêΓûêΓûê | 4535/5000 [14:38:15<1:20:39, 10.41s/ep, cand 4534 | r0 pass 
1541/4496 | episodes solved 1541 | queue r0 463 reprompt 0 | verifying 3 | 11.2 s/proposal]
first proposals:  91%|ΓûêΓûêΓûêΓûêΓûêΓûêΓûêΓûêΓûê | 4537/5000 [14:38:33<1:15:49,  9.83s/ep, cand 4536 | r0 pass 
1541/4498 | episodes solved 1541 | queue r0 462 reprompt 0 | verifying 2 | 11.1 s/proposal]
first proposals:  91%|ΓûêΓûêΓûêΓûêΓûêΓûêΓûêΓûêΓûê | 4538/5000 [14:38:48<1:23:31, 10.85s/ep, cand 4537 | r0 pass 
1542/4499 | episodes solved 1542 | queue r0 460 reprompt 0 | verifying 3 | 11.0 s/proposal]
first proposals:  91%|ΓûêΓûêΓûêΓûêΓûêΓûêΓûêΓûêΓûê | 4539/5000 [14:39:01<1:27:09, 11.34s/ep, cand 4538 | r0 pass 
1542/4500 | episodes solved 1542 | queue r0 459 reprompt 0 | verifying 3 | 11.1 s/proposal]
first proposals:  91%|ΓûêΓûêΓûêΓûêΓûêΓûêΓûêΓûêΓûê | 4541/5000 [14:39:23<1:26:37, 11.32s/ep, cand 4540 | r0 pass 
1542/4502 | episodes solved 1542 | queue r0 458 reprompt 0 | verifying 2 | 11.1 s/proposal]
first proposals:  91%|ΓûêΓûêΓûêΓûêΓûêΓûêΓûêΓûêΓûê | 4543/5000 [14:39:36<1:13:05,  9.60s/ep, cand 4542 | r0 pass 
1542/4504 | episodes solved 1542 | queue r0 456 reprompt 0 | verifying 2 | 11.2 s/proposal]
first proposals:  91%|ΓûêΓûêΓûêΓûêΓûêΓûêΓûêΓûêΓûê | 4544/5000 [14:40:10<1:49:56, 14.47s/ep, cand 4543 | r0 pass 
1543/4505 | episodes solved 1543 | queue r0 455 reprompt 0 | verifying 2 | 11.3 s/proposal]
first proposals:  91%|ΓûêΓûêΓûêΓûêΓûêΓûêΓûêΓûêΓûê | 4547/5000 [14:40:41<1:34:51, 12.56s/ep, cand 4546 | r0 pass 
1545/4507 | episodes solved 1545 | queue r0 454 reprompt 0 | verifying 0 | 11.7 s/proposal]
first proposals:  91%|ΓûêΓûêΓûêΓûêΓûêΓûêΓûêΓûêΓûê | 4548/5000 [14:40:49<1:28:09, 11.70s/ep, cand 4547 | r0 pass 
1545/4508 | episodes solved 1545 | queue r0 451 reprompt 0 | verifying 2 | 11.6 s/proposal]
first proposals:  91%|ΓûêΓûêΓûêΓûêΓûêΓûêΓûêΓûêΓûê | 4549/5000 [14:40:59<1:25:27, 11.37s/ep, cand 4548 | r0 pass 
1545/4509 | episodes solved 1545 | queue r0 450 reprompt 0 | verifying 2 | 11.6 s/proposal]
first proposals:  91%|ΓûêΓûêΓûêΓûêΓûêΓûêΓûêΓûêΓûê | 4550/5000 [14:41:09<1:23:45, 11.17s/ep, cand 4549 | r0 pass 
1545/4510 | episodes solved 1545 | queue r0 449 reprompt 0 | verifying 2 | 11.6 s/proposal]
first proposals:  91%|ΓûêΓûêΓûêΓûêΓûêΓûêΓûêΓûêΓûê | 4551/5000 [14:41:30<1:39:50, 13.34s/ep, cand 4550 | r0 pass 
1546/4511 | episodes solved 1546 | queue r0 448 reprompt 0 | verifying 2 | 11.6 s/proposal]
first proposals:  91%|ΓûêΓûêΓûêΓûêΓûêΓûêΓûêΓûêΓûê | 4553/5000 [14:41:48<1:27:28, 11.74s/ep, cand 4552 | r0 pass 
1546/4513 | episodes solved 1546 | queue r0 446 reprompt 0 | verifying 2 | 11.5 s/proposal]
first proposals:  91%|ΓûêΓûêΓûêΓûêΓûêΓûêΓûêΓûêΓûê | 4554/5000 [14:41:58<1:23:45, 11.27s/ep, cand 4553 | r0 pass 
1547/4514 | episodes solved 1547 | queue r0 445 reprompt 0 | verifying 2 | 11.4 s/proposal]
first proposals:  91%|ΓûêΓûêΓûêΓûêΓûêΓûêΓûêΓûêΓûê | 4556/5000 [14:42:16<1:17:17, 10.44s/ep, cand 4555 | r0 pass 
1547/4516 | episodes solved 1547 | queue r0 444 reprompt 0 | verifying 1 | 11.4 s/proposal]
first proposals:  91%|ΓûêΓûêΓûêΓûêΓûêΓûêΓûêΓûêΓûê | 4557/5000 [14:42:26<1:15:50, 10.27s/ep, cand 4556 | r0 pass 
1548/4517 | episodes solved 1548 | queue r0 442 reprompt 0 | verifying 2 | 11.3 s/proposal]
first proposals:  91%|ΓûêΓûêΓûêΓûêΓûêΓûêΓûêΓûêΓûê | 4558/5000 [14:42:38<1:18:13, 10.62s/ep, cand 4557 | r0 pass 
1548/4518 | episodes solved 1548 | queue r0 441 reprompt 0 | verifying 2 | 11.3 s/proposal]
first proposals:  91%|ΓûêΓûêΓûêΓûêΓûêΓûêΓûêΓûêΓûê | 4559/5000 [14:43:01<1:41:31, 13.81s/ep, cand 4558 | r0 pass 
1548/4519 | episodes solved 1548 | queue r0 440 reprompt 0 | verifying 2 | 11.3 s/proposal]
first proposals:  91%|ΓûêΓûêΓûêΓûêΓûêΓûêΓûêΓûêΓûê | 4561/5000 [14:43:09<1:11:27,  9.77s/ep, cand 4560 | r0 pass 
1549/4521 | episodes solved 1549 | queue r0 438 reprompt 0 | verifying 2 | 11.3 s/proposal]
first proposals:  91%|ΓûêΓûêΓûêΓûêΓûêΓûêΓûêΓûêΓûê | 4562/5000 [14:43:18<1:09:27,  9.52s/ep, cand 4561 | r0 pass 
1549/4522 | episodes solved 1549 | queue r0 437 reprompt 0 | verifying 2 | 11.3 s/proposal]
first proposals:  91%|ΓûêΓûêΓûêΓûêΓûêΓûêΓûêΓûêΓûêΓûÅ| 4563/5000 [14:43:41<1:33:31, 12.84s/ep, cand 4562 | r0 pass 
1549/4523 | episodes solved 1549 | queue r0 436 reprompt 0 | verifying 2 | 11.2 s/proposal]
first proposals:  91%|ΓûêΓûêΓûêΓûêΓûêΓûêΓûêΓûêΓûêΓûÅ| 4565/5000 [14:44:04<1:28:49, 12.25s/ep, cand 4564 | r0 pass 
1551/4525 | episodes solved 1551 | queue r0 434 reprompt 0 | verifying 2 | 11.2 s/proposal]
first proposals:  91%|ΓûêΓûêΓûêΓûêΓûêΓûêΓûêΓûêΓûêΓûÅ| 4567/5000 [14:44:28<1:27:23, 12.11s/ep, cand 4566 | r0 pass 
1551/4527 | episodes solved 1551 | queue r0 432 reprompt 0 | verifying 2 | 11.1 s/proposal]
first proposals:  91%|ΓûêΓûêΓûêΓûêΓûêΓûêΓûêΓûêΓûêΓûÅ| 4569/5000 [14:44:36<1:07:07,  9.35s/ep, cand 4568 | r0 pass 
1552/4529 | episodes solved 1552 | queue r0 430 reprompt 0 | verifying 2 | 11.1 s/proposal]
first proposals:  91%|ΓûêΓûêΓûêΓûêΓûêΓûêΓûêΓûêΓûêΓûÅ| 4571/5000 [14:45:04<1:18:14, 10.94s/ep, cand 4570 | r0 pass 
1553/4531 | episodes solved 1553 | queue r0 429 reprompt 0 | verifying 1 | 11.1 s/proposal]
first proposals:  91%|ΓûêΓûêΓûêΓûêΓûêΓûêΓûêΓûêΓûêΓûÅ| 4573/5000 [14:45:24<1:15:46, 10.65s/ep, cand 4572 | r0 pass 
1553/4533 | episodes solved 1553 | queue r0 426 reprompt 0 | verifying 2 | 11.1 s/proposal]
first proposals:  91%|ΓûêΓûêΓûêΓûêΓûêΓûêΓûêΓûêΓûêΓûÅ| 4574/5000 [14:45:39<1:21:24, 11.47s/ep, cand 4573 | r0 pass 
1553/4534 | episodes solved 1553 | queue r0 424 reprompt 0 | verifying 3 | 11.1 s/proposal]
first proposals:  92%|ΓûêΓûêΓûêΓûêΓûêΓûêΓûêΓûêΓûêΓûÅ| 4575/5000 [14:45:51<1:22:02, 11.58s/ep, cand 4574 | r0 pass 
1553/4535 | episodes solved 1553 | queue r0 423 reprompt 0 | verifying 3 | 11.1 s/proposal]
first proposals:  92%|ΓûêΓûêΓûêΓûêΓûêΓûêΓûêΓûêΓûêΓûÅ| 4576/5000 [14:46:06<1:27:29, 12.38s/ep, cand 4575 | r0 pass 
1553/4536 | episodes solved 1553 | queue r0 422 reprompt 0 | verifying 3 | 11.1 s/proposal]
first proposals:  92%|ΓûêΓûêΓûêΓûêΓûêΓûêΓûêΓûêΓûêΓûÅ| 4577/5000 [14:46:17<1:24:03, 11.92s/ep, cand 4576 | r0 pass 
1553/4537 | episodes solved 1553 | queue r0 421 reprompt 0 | verifying 3 | 11.2 s/proposal]
first proposals:  92%|ΓûêΓûêΓûêΓûêΓûêΓûêΓûêΓûêΓûêΓûÅ| 4579/5000 [14:46:48<1:34:36, 13.48s/ep, cand 4578 | r0 pass 
1554/4539 | episodes solved 1554 | queue r0 420 reprompt 0 | verifying 2 | 11.2 s/proposal]
first proposals:  92%|ΓûêΓûêΓûêΓûêΓûêΓûêΓûêΓûêΓûêΓûÅ| 4582/5000 [14:47:28<1:32:51, 13.33s/ep, cand 4581 | r0 pass 
1554/4541 | episodes solved 1554 | queue r0 419 reprompt 0 | verifying 0 | 11.6 s/proposal]
first proposals:  92%|ΓûêΓûêΓûêΓûêΓûêΓûêΓûêΓûêΓûêΓûÅ| 4584/5000 [14:47:39<1:15:41, 10.92s/ep, cand 4583 | r0 pass 
1555/4543 | episodes solved 1555 | queue r0 415 reprompt 0 | verifying 2 | 11.6 s/proposal]
first proposals:  92%|ΓûêΓûêΓûêΓûêΓûêΓûêΓûêΓûêΓûêΓûÅ| 4585/5000 [14:47:51<1:17:06, 11.15s/ep, cand 4584 | r0 pass 
1555/4544 | episodes solved 1555 | queue r0 414 reprompt 0 | verifying 2 | 11.7 s/proposal]
first proposals:  92%|ΓûêΓûêΓûêΓûêΓûêΓûêΓûêΓûêΓûêΓûÅ| 4586/5000 [14:48:04<1:19:43, 11.56s/ep, cand 4585 | r0 pass 
1555/4545 | episodes solved 1555 | queue r0 413 reprompt 0 | verifying 2 | 11.7 s/proposal]
first proposals:  92%|ΓûêΓûêΓûêΓûêΓûêΓûêΓûêΓûêΓûêΓûÅ| 4587/5000 [14:48:17<1:22:17, 11.95s/ep, cand 4586 | r0 pass 
1556/4546 | episodes solved 1556 | queue r0 412 reprompt 0 | verifying 2 | 11.7 s/proposal]
first proposals:  92%|ΓûêΓûêΓûêΓûêΓûêΓûêΓûêΓûêΓûêΓûÅ| 4588/5000 [14:48:32<1:25:53, 12.51s/ep, cand 4587 | r0 pass 
1556/4547 | episodes solved 1556 | queue r0 411 reprompt 0 | verifying 2 | 11.8 s/proposal]
first proposals:  92%|ΓûêΓûêΓûêΓûêΓûêΓûêΓûêΓûêΓûêΓûÅ| 4589/5000 [14:48:55<1:45:21, 15.38s/ep, cand 4588 | r0 pass 
1557/4548 | episodes solved 1557 | queue r0 410 reprompt 0 | verifying 2 | 11.9 s/proposal]
first proposals:  92%|ΓûêΓûêΓûêΓûêΓûêΓûêΓûêΓûêΓûêΓûÅ| 4591/5000 [14:49:10<1:20:58, 11.88s/ep, cand 4590 | r0 pass 
1558/4550 | episodes solved 1558 | queue r0 408 reprompt 0 | verifying 2 | 11.8 s/proposal]
first proposals:  92%|ΓûêΓûêΓûêΓûêΓûêΓûêΓûêΓûêΓûêΓûÅ| 4592/5000 [14:49:22<1:20:59, 11.91s/ep, cand 4591 | r0 pass 
1558/4551 | episodes solved 1558 | queue r0 407 reprompt 0 | verifying 2 | 11.9 s/proposal]
first proposals:  92%|ΓûêΓûêΓûêΓûêΓûêΓûêΓûêΓûêΓûêΓûÅ| 4594/5000 [14:49:51<1:28:28, 13.08s/ep, cand 4593 | r0 pass 
1559/4553 | episodes solved 1559 | queue r0 406 reprompt 0 | verifying 1 | 11.9 s/proposal]
first proposals:  92%|ΓûêΓûêΓûêΓûêΓûêΓûêΓûêΓûêΓûêΓûÅ| 4595/5000 [14:50:02<1:24:26, 12.51s/ep, cand 4594 | r0 pass 
1559/4554 | episodes solved 1559 | queue r0 403 reprompt 0 | verifying 3 | 11.5 s/proposal]
first proposals:  92%|ΓûêΓûêΓûêΓûêΓûêΓûêΓûêΓûêΓûêΓûÅ| 4597/5000 [14:50:15<1:08:16, 10.16s/ep, cand 4596 | r0 pass 
1559/4556 | episodes solved 1559 | queue r0 402 reprompt 0 | verifying 2 | 11.4 s/proposal]
first proposals:  92%|ΓûêΓûêΓûêΓûêΓûêΓûêΓûêΓûêΓûêΓûÅ| 4598/5000 [14:50:29<1:14:50, 11.17s/ep, cand 4597 | r0 pass 
1559/4557 | episodes solved 1559 | queue r0 401 reprompt 0 | verifying 2 | 11.4 s/proposal]
first proposals:  92%|ΓûêΓûêΓûêΓûêΓûêΓûêΓûêΓûêΓûêΓûÅ| 4599/5000 [14:50:40<1:14:21, 11.13s/ep, cand 4598 | r0 pass 
1559/4558 | episodes solved 1559 | queue r0 400 reprompt 0 | verifying 2 | 11.6 s/proposal]
first proposals:  92%|ΓûêΓûêΓûêΓûêΓûêΓûêΓûêΓûêΓûêΓûÅ| 4601/5000 [14:51:13<1:28:12, 13.26s/ep, cand 4600 | r0 pass 
1560/4560 | episodes solved 1560 | queue r0 399 reprompt 0 | verifying 1 | 11.6 s/proposal]
first proposals:  92%|ΓûêΓûêΓûêΓûêΓûêΓûêΓûêΓûêΓûêΓûÅ| 4602/5000 [14:51:27<1:28:16, 13.31s/ep, cand 4601 | r0 pass 
1560/4561 | episodes solved 1560 | queue r0 396 reprompt 0 | verifying 3 | 11.6 s/proposal]
first proposals:  92%|ΓûêΓûêΓûêΓûêΓûêΓûêΓûêΓûêΓûêΓûÅ| 4603/5000 [14:51:40<1:27:56, 13.29s/ep, cand 4602 | r0 pass 
1561/4562 | episodes solved 1561 | queue r0 395 reprompt 0 | verifying 3 | 11.5 s/proposal]
first proposals:  92%|ΓûêΓûêΓûêΓûêΓûêΓûêΓûêΓûêΓûêΓûÅ| 4605/5000 [14:51:49<1:03:13,  9.60s/ep, cand 4604 | r0 pass 
1562/4564 | episodes solved 1562 | queue r0 394 reprompt 0 | verifying 2 | 11.6 s/proposal]
first proposals:  92%|ΓûêΓûêΓûêΓûêΓûêΓûêΓûêΓûêΓûêΓûÅ| 4606/5000 [14:52:16<1:30:04, 13.72s/ep, cand 4605 | r0 pass 
1562/4565 | episodes solved 1562 | queue r0 393 reprompt 0 | verifying 2 | 11.6 s/proposal]
first proposals:  92%|ΓûêΓûêΓûêΓûêΓûêΓûêΓûêΓûêΓûêΓûÅ| 4608/5000 [14:52:27<1:08:15, 10.45s/ep, cand 4607 | r0 pass 
1562/4567 | episodes solved 1562 | queue r0 391 reprompt 0 | verifying 2 | 11.8 s/proposal]
first proposals:  92%|ΓûêΓûêΓûêΓûêΓûêΓûêΓûêΓûêΓûêΓûÅ| 4609/5000 [14:52:37<1:07:29, 10.36s/ep, cand 4608 | r0 pass 
1563/4568 | episodes solved 1563 | queue r0 390 reprompt 0 | verifying 2 | 11.7 s/proposal]
first proposals:  92%|ΓûêΓûêΓûêΓûêΓûêΓûêΓûêΓûêΓûêΓûÅ| 4610/5000 [14:53:01<1:28:51, 13.67s/ep, cand 4609 | r0 pass 
1563/4569 | episodes solved 1563 | queue r0 389 reprompt 0 | verifying 2 | 11.7 s/proposal]
first proposals:  92%|ΓûêΓûêΓûêΓûêΓûêΓûêΓûêΓûêΓûêΓûÅ| 4613/5000 [14:53:24<1:08:02, 10.55s/ep, cand 4612 | r0 pass 
1564/4572 | episodes solved 1564 | queue r0 387 reprompt 0 | verifying 1 | 11.8 s/proposal]
first proposals:  92%|ΓûêΓûêΓûêΓûêΓûêΓûêΓûêΓûêΓûêΓûÅ| 4614/5000 [14:53:43<1:18:00, 12.13s/ep, cand 4613 | r0 pass 
1564/4573 | episodes solved 1564 | queue r0 385 reprompt 0 | verifying 2 | 11.8 s/proposal]
first proposals:  92%|ΓûêΓûêΓûêΓûêΓûêΓûêΓûêΓûêΓûêΓûÅ| 4615/5000 [14:53:53<1:15:37, 11.79s/ep, cand 4614 | r0 pass 
1564/4574 | episodes solved 1564 | queue r0 384 reprompt 0 | verifying 2 | 12.0 s/proposal]
first proposals:  92%|ΓûêΓûêΓûêΓûêΓûêΓûêΓûêΓûêΓûêΓûÅ| 4616/5000 [14:54:04<1:14:00, 11.56s/ep, cand 4615 | r0 pass 
1564/4575 | episodes solved 1564 | queue r0 383 reprompt 0 | verifying 2 | 12.0 s/proposal]
first proposals:  92%|ΓûêΓûêΓûêΓûêΓûêΓûêΓûêΓûêΓûêΓûÅ| 4617/5000 [14:54:13<1:09:47, 10.93s/ep, cand 4616 | r0 pass 
1565/4576 | episodes solved 1565 | queue r0 382 reprompt 0 | verifying 2 | 12.0 s/proposal]
first proposals:  92%|ΓûêΓûêΓûêΓûêΓûêΓûêΓûêΓûêΓûêΓûÅ| 4618/5000 [14:54:23<1:08:01, 10.68s/ep, cand 4617 | r0 pass 
1565/4577 | episodes solved 1565 | queue r0 381 reprompt 0 | verifying 2 | 11.9 s/proposal]
first proposals:  92%|ΓûêΓûêΓûêΓûêΓûêΓûêΓûêΓûêΓûêΓûÅ| 4620/5000 [14:54:55<1:21:41, 12.90s/ep, cand 4619 | r0 pass 
1565/4579 | episodes solved 1565 | queue r0 380 reprompt 0 | verifying 1 | 11.9 s/proposal]
first proposals:  92%|ΓûêΓûêΓûêΓûêΓûêΓûêΓûêΓûêΓûêΓûÅ| 4621/5000 [14:55:07<1:20:28, 12.74s/ep, cand 4620 | r0 pass 
1565/4580 | episodes solved 1565 | queue r0 377 reprompt 0 | verifying 3 | 12.0 s/proposal]
first proposals:  92%|ΓûêΓûêΓûêΓûêΓûêΓûêΓûêΓûêΓûêΓûÅ| 4622/5000 [14:55:39<1:51:09, 17.64s/ep, cand 4621 | r0 pass 
1566/4581 | episodes solved 1566 | queue r0 376 reprompt 0 | verifying 3 | 12.0 s/proposal]
first proposals:  93%|ΓûêΓûêΓûêΓûêΓûêΓûêΓûêΓûêΓûêΓûÄ| 4626/5000 [14:56:08<1:11:56, 11.54s/ep, cand 4625 | r0 pass 
1566/4584 | episodes solved 1566 | queue r0 375 reprompt 0 | verifying 0 | 12.5 s/proposal]
first proposals:  93%|ΓûêΓûêΓûêΓûêΓûêΓûêΓûêΓûêΓûêΓûÄ| 4627/5000 [14:56:22<1:13:44, 11.86s/ep, cand 4626 | r0 pass 
1566/4585 | episodes solved 1566 | queue r0 372 reprompt 0 | verifying 2 | 12.3 s/proposal]
first proposals:  93%|ΓûêΓûêΓûêΓûêΓûêΓûêΓûêΓûêΓûêΓûÄ| 4629/5000 [14:56:43<1:10:42, 11.44s/ep, cand 4628 | r0 pass 
1566/4587 | episodes solved 1566 | queue r0 371 reprompt 0 | verifying 1 | 12.3 s/proposal]
first proposals:  93%|ΓûêΓûêΓûêΓûêΓûêΓûêΓûêΓûêΓûêΓûÄ| 4630/5000 [14:57:03<1:21:18, 13.19s/ep, cand 4629 | r0 pass 
1566/4588 | episodes solved 1566 | queue r0 369 reprompt 0 | verifying 2 | 11.9 s/proposal]
first proposals:  93%|ΓûêΓûêΓûêΓûêΓûêΓûêΓûêΓûêΓûêΓûÄ| 4631/5000 [14:57:14<1:17:29, 12.60s/ep, cand 4630 | r0 pass 
1566/4589 | episodes solved 1566 | queue r0 367 reprompt 0 | verifying 3 | 11.9 s/proposal]
first proposals:  93%|ΓûêΓûêΓûêΓûêΓûêΓûêΓûêΓûêΓûêΓûÄ| 4633/5000 [14:57:25<1:00:58,  9.97s/ep, cand 4632 | r0 pass 
1566/4591 | episodes solved 1566 | queue r0 366 reprompt 0 | verifying 2 | 11.9 s/proposal]
first proposals:  93%|ΓûêΓûêΓûêΓûêΓûêΓûêΓûêΓûêΓûêΓûÄ| 4634/5000 [14:57:37<1:02:55, 10.31s/ep, cand 4633 | r0 pass 
1566/4592 | episodes solved 1566 | queue r0 365 reprompt 0 | verifying 2 | 11.9 s/proposal]
first proposals:  93%|ΓûêΓûêΓûêΓûêΓûêΓûêΓûêΓûêΓûêΓûÄ| 4635/5000 [14:57:48<1:03:50, 10.49s/ep, cand 4634 | r0 pass 
1567/4593 | episodes solved 1567 | queue r0 364 reprompt 0 | verifying 2 | 11.9 s/proposal]
first proposals:  93%|ΓûêΓûêΓûêΓûêΓûêΓûêΓûêΓûêΓûêΓûÄ| 4636/5000 [14:58:12<1:24:16, 13.89s/ep, cand 4635 | r0 pass 
1567/4594 | episodes solved 1567 | queue r0 363 reprompt 0 | verifying 2 | 11.9 s/proposal]
first proposals:  93%|ΓûêΓûêΓûêΓûêΓûêΓûêΓûêΓûêΓûêΓûÄ| 4638/5000 [14:58:25<1:05:12, 10.81s/ep, cand 4637 | r0 pass 
1568/4596 | episodes solved 1568 | queue r0 361 reprompt 0 | verifying 2 | 11.9 s/proposal]
first proposals:  93%|ΓûêΓûêΓûêΓûêΓûêΓûêΓûêΓûêΓûêΓûÄ| 4639/5000 [14:58:50<1:24:02, 13.97s/ep, cand 4638 | r0 pass 
1569/4597 | episodes solved 1569 | queue r0 360 reprompt 0 | verifying 2 | 11.8 s/proposal]
first proposals:  93%|ΓûêΓûêΓûêΓûêΓûêΓûêΓûêΓûêΓûêΓûÄ| 4641/5000 [14:59:02<1:05:04, 10.88s/ep, cand 4640 | r0 pass 
1569/4599 | episodes solved 1569 | queue r0 358 reprompt 0 | verifying 2 | 11.8 s/proposal]
first proposals:  93%|ΓûêΓûêΓûêΓûêΓûêΓûêΓûêΓûêΓûêΓûÄ| 4642/5000 [14:59:21<1:16:17, 12.79s/ep, cand 4641 | r0 pass 
1570/4600 | episodes solved 1570 | queue r0 357 reprompt 0 | verifying 2 | 11.8 s/proposal]
first proposals:  93%|ΓûêΓûêΓûêΓûêΓûêΓûêΓûêΓûêΓûêΓûÄ| 4644/5000 [14:59:42<1:10:18, 11.85s/ep, cand 4643 | r0 pass 
1570/4602 | episodes solved 1570 | queue r0 355 reprompt 0 | verifying 2 | 11.8 s/proposal]
first proposals:  93%|ΓûêΓûêΓûêΓûêΓûêΓûêΓûêΓûêΓûêΓûÄ| 4646/5000 [14:59:51<54:04,  9.16s/ep, cand 4645 | r0 pass 
1571/4604 | episodes solved 1571 | queue r0 353 reprompt 0 | verifying 2 | 11.8 s/proposal]  
first proposals:  93%|ΓûêΓûêΓûêΓûêΓûêΓûêΓûêΓûêΓûêΓûÄ| 4647/5000 [15:00:03<57:32,  9.78s/ep, cand 4646 | r0 pass 
1571/4605 | episodes solved 1571 | queue r0 352 reprompt 0 | verifying 2 | 11.7 s/proposal]
first proposals:  93%|ΓûêΓûêΓûêΓûêΓûêΓûêΓûêΓûêΓûêΓûÄ| 4648/5000 [15:00:15<1:00:24, 10.30s/ep, cand 4647 | r0 pass 
1571/4606 | episodes solved 1571 | queue r0 351 reprompt 0 | verifying 2 | 11.7 s/proposal]
first proposals:  93%|ΓûêΓûêΓûêΓûêΓûêΓûêΓûêΓûêΓûêΓûÄ| 4649/5000 [15:00:34<1:13:02, 12.49s/ep, cand 4648 | r0 pass 
1571/4607 | episodes solved 1571 | queue r0 350 reprompt 0 | verifying 2 | 11.7 s/proposal]
first proposals:  93%|ΓûêΓûêΓûêΓûêΓûêΓûêΓûêΓûêΓûêΓûÄ| 4650/5000 [15:00:48<1:14:08, 12.71s/ep, cand 4649 | r0 pass 
1571/4608 | episodes solved 1571 | queue r0 348 reprompt 0 | verifying 3 | 11.6 s/proposal]
first proposals:  93%|ΓûêΓûêΓûêΓûêΓûêΓûêΓûêΓûêΓûêΓûÄ| 4651/5000 [15:00:59<1:12:11, 12.41s/ep, cand 4650 | r0 pass 
1571/4609 | episodes solved 1571 | queue r0 347 reprompt 0 | verifying 3 | 11.7 s/proposal]
first proposals:  93%|ΓûêΓûêΓûêΓûêΓûêΓûêΓûêΓûêΓûêΓûÄ| 4652/5000 [15:01:10<1:09:25, 11.97s/ep, cand 4651 | r0 pass 
1571/4610 | episodes solved 1571 | queue r0 346 reprompt 0 | verifying 3 | 11.7 s/proposal]
first proposals:  93%|ΓûêΓûêΓûêΓûêΓûêΓûêΓûêΓûêΓûêΓûÄ| 4653/5000 [15:01:21<1:07:16, 11.63s/ep, cand 4652 | r0 pass 
1571/4611 | episodes solved 1571 | queue r0 345 reprompt 0 | verifying 3 | 11.6 s/proposal]
first proposals:  93%|ΓûêΓûêΓûêΓûêΓûêΓûêΓûêΓûêΓûêΓûÄ| 4654/5000 [15:01:33<1:07:45, 11.75s/ep, cand 4653 | r0 pass 
1572/4612 | episodes solved 1572 | queue r0 344 reprompt 0 | verifying 3 | 11.6 s/proposal]
first proposals:  93%|ΓûêΓûêΓûêΓûêΓûêΓûêΓûêΓûêΓûêΓûÄ| 4655/5000 [15:01:47<1:11:12, 12.38s/ep, cand 4654 | r0 pass 
1573/4613 | episodes solved 1573 | queue r0 343 reprompt 0 | verifying 3 | 11.6 s/proposal]
first proposals:  93%|ΓûêΓûêΓûêΓûêΓûêΓûêΓûêΓûêΓûêΓûÄ| 4656/5000 [15:01:57<1:08:03, 11.87s/ep, cand 4655 | r0 pass 
1574/4614 | episodes solved 1574 | queue r0 342 reprompt 0 | verifying 3 | 11.7 s/proposal]
first proposals:  93%|ΓûêΓûêΓûêΓûêΓûêΓûêΓûêΓûêΓûêΓûÄ| 4657/5000 [15:02:10<1:08:10, 11.93s/ep, cand 4656 | r0 pass 
1574/4615 | episodes solved 1574 | queue r0 341 reprompt 0 | verifying 3 | 11.6 s/proposal]
first proposals:  93%|ΓûêΓûêΓûêΓûêΓûêΓûêΓûêΓûêΓûêΓûÄ| 4659/5000 [15:02:21<51:29,  9.06s/ep, cand 4658 | r0 pass 
1575/4617 | episodes solved 1575 | queue r0 340 reprompt 0 | verifying 2 | 11.6 s/proposal]  
first proposals:  93%|ΓûêΓûêΓûêΓûêΓûêΓûêΓûêΓûêΓûêΓûÄ| 4660/5000 [15:02:49<1:18:13, 13.80s/ep, cand 4659 | r0 pass 
1575/4618 | episodes solved 1575 | queue r0 339 reprompt 0 | verifying 2 | 11.6 s/proposal]
first proposals:  93%|ΓûêΓûêΓûêΓûêΓûêΓûêΓûêΓûêΓûêΓûÄ| 4662/5000 [15:02:58<55:39,  9.88s/ep, cand 4661 | r0 pass 
1576/4620 | episodes solved 1576 | queue r0 337 reprompt 0 | verifying 2 | 11.7 s/proposal]  
first proposals:  93%|ΓûêΓûêΓûêΓûêΓûêΓûêΓûêΓûêΓûêΓûÄ| 4664/5000 [15:03:19<57:15, 10.22s/ep, cand 4663 | r0 pass 
1577/4622 | episodes solved 1577 | queue r0 336 reprompt 0 | verifying 1 | 11.7 s/proposal]
first proposals:  93%|ΓûêΓûêΓûêΓûêΓûêΓûêΓûêΓûêΓûêΓûÄ| 4666/5000 [15:03:51<1:07:16, 12.08s/ep, cand 4665 | r0 pass 
1578/4624 | episodes solved 1578 | queue r0 334 reprompt 0 | verifying 1 | 11.5 s/proposal]
first proposals:  93%|ΓûêΓûêΓûêΓûêΓûêΓûêΓûêΓûêΓûêΓûÄ| 4668/5000 [15:04:04<57:03, 10.31s/ep, cand 4667 | r0 pass 
1579/4626 | episodes solved 1579 | queue r0 331 reprompt 0 | verifying 2 | 11.5 s/proposal]  
first proposals:  93%|ΓûêΓûêΓûêΓûêΓûêΓûêΓûêΓûêΓûêΓûÄ| 4669/5000 [15:04:14<56:42, 10.28s/ep, cand 4668 | r0 pass 
1579/4627 | episodes solved 1579 | queue r0 330 reprompt 0 | verifying 2 | 11.6 s/proposal]
first proposals:  93%|ΓûêΓûêΓûêΓûêΓûêΓûêΓûêΓûêΓûêΓûÄ| 4670/5000 [15:04:41<1:16:00, 13.82s/ep, cand 4669 | r0 pass 
1580/4628 | episodes solved 1580 | queue r0 329 reprompt 0 | verifying 2 | 11.6 s/proposal]
first proposals:  93%|ΓûêΓûêΓûêΓûêΓûêΓûêΓûêΓûêΓûêΓûÄ| 4673/5000 [15:05:02<57:54, 10.63s/ep, cand 4672 | r0 pass 
1580/4631 | episodes solved 1580 | queue r0 327 reprompt 0 | verifying 1 | 11.7 s/proposal]  
first proposals:  93%|ΓûêΓûêΓûêΓûêΓûêΓûêΓûêΓûêΓûêΓûÄ| 4674/5000 [15:05:23<1:08:01, 12.52s/ep, cand 4673 | r0 pass 
1580/4632 | episodes solved 1580 | queue r0 325 reprompt 0 | verifying 2 | 11.2 s/proposal]
first proposals:  94%|ΓûêΓûêΓûêΓûêΓûêΓûêΓûêΓûêΓûêΓûÄ| 4675/5000 [15:05:34<1:06:06, 12.20s/ep, cand 4674 | r0 pass 
1580/4633 | episodes solved 1580 | queue r0 323 reprompt 0 | verifying 3 | 11.2 s/proposal]
first proposals:  94%|ΓûêΓûêΓûêΓûêΓûêΓûêΓûêΓûêΓûêΓûÄ| 4677/5000 [15:05:57<1:04:03, 11.90s/ep, cand 4676 | r0 pass 
1582/4635 | episodes solved 1582 | queue r0 322 reprompt 0 | verifying 2 | 11.3 s/proposal]
first proposals:  94%|ΓûêΓûêΓûêΓûêΓûêΓûêΓûêΓûêΓûêΓûÄ| 4679/5000 [15:06:16<59:15, 11.08s/ep, cand 4678 | r0 pass 
1582/4637 | episodes solved 1582 | queue r0 320 reprompt 0 | verifying 2 | 11.2 s/proposal]  
first proposals:  94%|ΓûêΓûêΓûêΓûêΓûêΓûêΓûêΓûêΓûêΓûÄ| 4681/5000 [15:06:26<48:20,  9.09s/ep, cand 4680 | r0 pass 
1582/4639 | episodes solved 1582 | queue r0 318 reprompt 0 | verifying 2 | 11.3 s/proposal]
first proposals:  94%|ΓûêΓûêΓûêΓûêΓûêΓûêΓûêΓûêΓûêΓûÄ| 4682/5000 [15:06:35<47:30,  8.96s/ep, cand 4681 | r0 pass 
1583/4640 | episodes solved 1583 | queue r0 317 reprompt 0 | verifying 2 | 11.2 s/proposal]
first proposals:  94%|ΓûêΓûêΓûêΓûêΓûêΓûêΓûêΓûêΓûêΓûÄ| 4683/5000 [15:06:43<46:15,  8.76s/ep, cand 4682 | r0 pass 
1584/4641 | episodes solved 1584 | queue r0 316 reprompt 0 | verifying 2 | 11.2 s/proposal]
first proposals:  94%|ΓûêΓûêΓûêΓûêΓûêΓûêΓûêΓûêΓûêΓûÄ| 4684/5000 [15:06:56<51:36,  9.80s/ep, cand 4683 | r0 pass 
1584/4642 | episodes solved 1584 | queue r0 315 reprompt 0 | verifying 2 | 11.1 s/proposal]
first proposals:  94%|ΓûêΓûêΓûêΓûêΓûêΓûêΓûêΓûêΓûêΓûÄ| 4685/5000 [15:07:07<53:10, 10.13s/ep, cand 4684 | r0 pass 
1584/4643 | episodes solved 1584 | queue r0 314 reprompt 0 | verifying 2 | 11.1 s/proposal]
first proposals:  94%|ΓûêΓûêΓûêΓûêΓûêΓûêΓûêΓûêΓûêΓûÄ| 4686/5000 [15:07:32<1:12:58, 13.94s/ep, cand 4685 | r0 pass 
1584/4644 | episodes solved 1584 | queue r0 313 reprompt 0 | verifying 2 | 11.1 s/proposal]
first proposals:  94%|ΓûêΓûêΓûêΓûêΓûêΓûêΓûêΓûêΓûêΓûì| 4688/5000 [15:07:52<1:04:24, 12.39s/ep, cand 4687 | r0 pass 
1585/4646 | episodes solved 1585 | queue r0 311 reprompt 0 | verifying 2 | 11.2 s/proposal]
first proposals:  94%|ΓûêΓûêΓûêΓûêΓûêΓûêΓûêΓûêΓûêΓûì| 4690/5000 [15:08:05<52:13, 10.11s/ep, cand 4689 | r0 pass 
1585/4648 | episodes solved 1585 | queue r0 309 reprompt 0 | verifying 2 | 11.1 s/proposal]  
first proposals:  94%|ΓûêΓûêΓûêΓûêΓûêΓûêΓûêΓûêΓûêΓûì| 4691/5000 [15:08:22<59:09, 11.49s/ep, cand 4690 | r0 pass 
1586/4649 | episodes solved 1586 | queue r0 308 reprompt 0 | verifying 2 | 11.1 s/proposal]
first proposals:  94%|ΓûêΓûêΓûêΓûêΓûêΓûêΓûêΓûêΓûêΓûì| 4692/5000 [15:08:32<58:03, 11.31s/ep, cand 4691 | r0 pass 
1586/4650 | episodes solved 1586 | queue r0 307 reprompt 0 | verifying 2 | 11.2 s/proposal]
first proposals:  94%|ΓûêΓûêΓûêΓûêΓûêΓûêΓûêΓûêΓûêΓûì| 4694/5000 [15:08:54<57:09, 11.21s/ep, cand 4693 | r0 pass 
1586/4652 | episodes solved 1586 | queue r0 306 reprompt 0 | verifying 1 | 11.2 s/proposal]
first proposals:  94%|ΓûêΓûêΓûêΓûêΓûêΓûêΓûêΓûêΓûêΓûì| 4695/5000 [15:09:18<1:10:34, 13.88s/ep, cand 4694 | r0 pass 
1586/4653 | episodes solved 1586 | queue r0 304 reprompt 0 | verifying 2 | 11.2 s/proposal]
first proposals:  94%|ΓûêΓûêΓûêΓûêΓûêΓûêΓûêΓûêΓûêΓûì| 4697/5000 [15:09:41<1:06:01, 13.07s/ep, cand 4696 | r0 pass 
1587/4655 | episodes solved 1587 | queue r0 302 reprompt 0 | verifying 2 | 11.3 s/proposal]
first proposals:  94%|ΓûêΓûêΓûêΓûêΓûêΓûêΓûêΓûêΓûêΓûì| 4698/5000 [15:09:51<1:01:54, 12.30s/ep, cand 4697 | r0 pass 
1588/4656 | episodes solved 1588 | queue r0 300 reprompt 0 | verifying 3 | 11.3 s/proposal]
first proposals:  94%|ΓûêΓûêΓûêΓûêΓûêΓûêΓûêΓûêΓûêΓûì| 4700/5000 [15:09:59<46:12,  9.24s/ep, cand 4699 | r0 pass 
1589/4658 | episodes solved 1589 | queue r0 299 reprompt 0 | verifying 2 | 11.3 s/proposal]  
first proposals:  94%|ΓûêΓûêΓûêΓûêΓûêΓûêΓûêΓûêΓûêΓûì| 4702/5000 [15:10:07<36:08,  7.28s/ep, cand 4701 | r0 pass 
1589/4660 | episodes solved 1589 | queue r0 298 reprompt 0 | verifying 1 | 11.3 s/proposal]
first proposals:  94%|ΓûêΓûêΓûêΓûêΓûêΓûêΓûêΓûêΓûêΓûì| 4703/5000 [15:10:38<59:27, 12.01s/ep, cand 4702 | r0 pass 
1589/4661 | episodes solved 1589 | queue r0 297 reprompt 0 | verifying 1 | 11.1 s/proposal]
first proposals:  94%|ΓûêΓûêΓûêΓûêΓûêΓûêΓûêΓûêΓûêΓûì| 4704/5000 [15:10:52<1:02:00, 12.57s/ep, cand 4703 | r0 pass 
1589/4662 | episodes solved 1589 | queue r0 294 reprompt 0 | verifying 3 | 11.1 s/proposal]
first proposals:  94%|ΓûêΓûêΓûêΓûêΓûêΓûêΓûêΓûêΓûêΓûì| 4705/5000 [15:11:07<1:04:19, 13.08s/ep, cand 4704 | r0 pass 
1590/4663 | episodes solved 1590 | queue r0 293 reprompt 0 | verifying 3 | 11.1 s/proposal]
first proposals:  94%|ΓûêΓûêΓûêΓûêΓûêΓûêΓûêΓûêΓûêΓûì| 4708/5000 [15:11:52<1:08:27, 14.07s/ep, cand 4707 | r0 pass 
1591/4666 | episodes solved 1591 | queue r0 292 reprompt 0 | verifying 1 | 11.2 s/proposal]
first proposals:  94%|ΓûêΓûêΓûêΓûêΓûêΓûêΓûêΓûêΓûêΓûì| 4710/5000 [15:12:00<52:35, 10.88s/ep, cand 4709 | r0 pass 
1592/4668 | episodes solved 1592 | queue r0 288 reprompt 0 | verifying 3 | 11.1 s/proposal]  
first proposals:  94%|ΓûêΓûêΓûêΓûêΓûêΓûêΓûêΓûêΓûêΓûì| 4711/5000 [15:12:14<52:24, 10.88s/ep, cand 4711 | r0 pass 
1592/4670 | episodes solved 1592 | queue r0 287 reprompt 0 | verifying 2 | 11.0 s/proposal]
first proposals:  94%|ΓûêΓûêΓûêΓûêΓûêΓûêΓûêΓûêΓûêΓûì| 4712/5000 [15:12:25<54:33, 11.37s/ep, cand 4711 | r0 pass 
1592/4670 | episodes solved 1592 | queue r0 287 reprompt 0 | verifying 2 | 11.0 s/proposal]
first proposals:  94%|ΓûêΓûêΓûêΓûêΓûêΓûêΓûêΓûêΓûêΓûì| 4713/5000 [15:12:35<53:08, 11.11s/ep, cand 4712 | r0 pass 
1593/4671 | episodes solved 1593 | queue r0 285 reprompt 0 | verifying 3 | 11.1 s/proposal]
first proposals:  94%|ΓûêΓûêΓûêΓûêΓûêΓûêΓûêΓûêΓûêΓûì| 4714/5000 [15:12:50<56:16, 11.80s/ep, cand 4713 | r0 pass 
1594/4672 | episodes solved 1594 | queue r0 284 reprompt 0 | verifying 3 | 11.1 s/proposal]
first proposals:  94%|ΓûêΓûêΓûêΓûêΓûêΓûêΓûêΓûêΓûêΓûì| 4716/5000 [15:13:02<46:02,  9.73s/ep, cand 4715 | r0 pass 
1594/4674 | episodes solved 1594 | queue r0 283 reprompt 0 | verifying 2 | 11.2 s/proposal]
first proposals:  94%|ΓûêΓûêΓûêΓûêΓûêΓûêΓûêΓûêΓûêΓûì| 4717/5000 [15:13:13<47:11, 10.01s/ep, cand 4716 | r0 pass 
1594/4675 | episodes solved 1594 | queue r0 282 reprompt 0 | verifying 2 | 11.3 s/proposal]
first proposals:  94%|ΓûêΓûêΓûêΓûêΓûêΓûêΓûêΓûêΓûêΓûì| 4718/5000 [15:13:24<47:29, 10.10s/ep, cand 4717 | r0 pass 
1594/4676 | episodes solved 1594 | queue r0 281 reprompt 0 | verifying 2 | 11.2 s/proposal]
first proposals:  94%|ΓûêΓûêΓûêΓûêΓûêΓûêΓûêΓûêΓûêΓûì| 4720/5000 [15:13:45<48:03, 10.30s/ep, cand 4719 | r0 pass 
1594/4678 | episodes solved 1594 | queue r0 280 reprompt 0 | verifying 1 | 11.2 s/proposal]
first proposals:  94%|ΓûêΓûêΓûêΓûêΓûêΓûêΓûêΓûêΓûêΓûì| 4721/5000 [15:14:06<59:06, 12.71s/ep, cand 4720 | r0 pass 
1594/4679 | episodes solved 1594 | queue r0 278 reprompt 0 | verifying 2 | 11.1 s/proposal]
first proposals:  94%|ΓûêΓûêΓûêΓûêΓûêΓûêΓûêΓûêΓûêΓûì| 4723/5000 [15:14:18<46:13, 10.01s/ep, cand 4722 | r0 pass 
1594/4681 | episodes solved 1594 | queue r0 277 reprompt 0 | verifying 1 | 11.3 s/proposal]
first proposals:  94%|ΓûêΓûêΓûêΓûêΓûêΓûêΓûêΓûêΓûêΓûì| 4724/5000 [15:14:48<1:06:06, 14.37s/ep, cand 4723 | r0 pass 
1594/4682 | episodes solved 1594 | queue r0 276 reprompt 0 | verifying 1 | 11.3 s/proposal]
first proposals:  95%|ΓûêΓûêΓûêΓûêΓûêΓûêΓûêΓûêΓûêΓûì| 4726/5000 [15:15:14<1:03:07, 13.82s/ep, cand 4725 | r0 pass 
1595/4684 | episodes solved 1595 | queue r0 273 reprompt 0 | verifying 2 | 11.2 s/proposal]
first proposals:  95%|ΓûêΓûêΓûêΓûêΓûêΓûêΓûêΓûêΓûêΓûì| 4728/5000 [15:15:39<1:01:14, 13.51s/ep, cand 4727 | r0 pass 
1596/4686 | episodes solved 1596 | queue r0 271 reprompt 0 | verifying 2 | 11.3 s/proposal]
first proposals:  95%|ΓûêΓûêΓûêΓûêΓûêΓûêΓûêΓûêΓûêΓûì| 4729/5000 [15:15:50<58:10, 12.88s/ep, cand 4728 | r0 pass 
1596/4687 | episodes solved 1596 | queue r0 269 reprompt 0 | verifying 3 | 11.4 s/proposal]  
first proposals:  95%|ΓûêΓûêΓûêΓûêΓûêΓûêΓûêΓûêΓûêΓûì| 4730/5000 [15:16:04<59:37, 13.25s/ep, cand 4729 | r0 pass 
1597/4688 | episodes solved 1597 | queue r0 268 reprompt 0 | verifying 3 | 11.4 s/proposal]
first proposals:  95%|ΓûêΓûêΓûêΓûêΓûêΓûêΓûêΓûêΓûêΓûì| 4733/5000 [15:16:12<36:02,  8.10s/ep, cand 4732 | r0 pass 
1598/4691 | episodes solved 1598 | queue r0 267 reprompt 0 | verifying 1 | 11.5 s/proposal]
first proposals:  95%|ΓûêΓûêΓûêΓûêΓûêΓûêΓûêΓûêΓûêΓûì| 4733/5000 [15:16:24<36:02,  8.10s/ep, cand 4733 | r0 pass 
1598/4692 | episodes solved 1598 | queue r0 266 reprompt 0 | verifying 1 | 11.5 s/proposal]
first proposals:  95%|ΓûêΓûêΓûêΓûêΓûêΓûêΓûêΓûêΓûêΓûì| 4734/5000 [15:16:43<54:45, 12.35s/ep, cand 4733 | r0 pass 
1598/4692 | episodes solved 1598 | queue r0 266 reprompt 0 | verifying 1 | 11.5 s/proposal]
first proposals:  95%|ΓûêΓûêΓûêΓûêΓûêΓûêΓûêΓûêΓûêΓûì| 4735/5000 [15:16:52<51:26, 11.65s/ep, cand 4734 | r0 pass 
1598/4693 | episodes solved 1598 | queue r0 263 reprompt 0 | verifying 3 | 11.5 s/proposal]
first proposals:  95%|ΓûêΓûêΓûêΓûêΓûêΓûêΓûêΓûêΓûêΓûì| 4737/5000 [15:17:03<40:25,  9.22s/ep, cand 4736 | r0 pass 
1598/4695 | episodes solved 1598 | queue r0 262 reprompt 0 | verifying 2 | 11.4 s/proposal]
first proposals:  95%|ΓûêΓûêΓûêΓûêΓûêΓûêΓûêΓûêΓûêΓûì| 4738/5000 [15:17:27<54:02, 12.37s/ep, cand 4737 | r0 pass 
1598/4696 | episodes solved 1598 | queue r0 261 reprompt 0 | verifying 2 | 11.4 s/proposal]
first proposals:  95%|ΓûêΓûêΓûêΓûêΓûêΓûêΓûêΓûêΓûêΓûì| 4740/5000 [15:17:42<45:56, 10.60s/ep, cand 4739 | r0 pass 
1599/4698 | episodes solved 1599 | queue r0 259 reprompt 0 | verifying 2 | 11.4 s/proposal]
first proposals:  95%|ΓûêΓûêΓûêΓûêΓûêΓûêΓûêΓûêΓûêΓûì| 4741/5000 [15:18:06<58:01, 13.44s/ep, cand 4740 | r0 pass 
1599/4699 | episodes solved 1599 | queue r0 258 reprompt 0 | verifying 2 | 11.5 s/proposal]
first proposals:  95%|ΓûêΓûêΓûêΓûêΓûêΓûêΓûêΓûêΓûêΓûì| 4743/5000 [15:18:18<45:15, 10.57s/ep, cand 4742 | r0 pass 
1600/4701 | episodes solved 1600 | queue r0 256 reprompt 0 | verifying 2 | 11.4 s/proposal]
first proposals:  95%|ΓûêΓûêΓûêΓûêΓûêΓûêΓûêΓûêΓûêΓûì| 4744/5000 [15:18:28<44:40, 10.47s/ep, cand 4743 | r0 pass 
1601/4702 | episodes solved 1601 | queue r0 255 reprompt 0 | verifying 2 | 11.4 s/proposal]
first proposals:  95%|ΓûêΓûêΓûêΓûêΓûêΓûêΓûêΓûêΓûêΓûì| 4745/5000 [15:18:39<44:52, 10.56s/ep, cand 4744 | r0 pass 
1601/4703 | episodes solved 1601 | queue r0 254 reprompt 0 | verifying 2 | 11.4 s/proposal]
first proposals:  95%|ΓûêΓûêΓûêΓûêΓûêΓûêΓûêΓûêΓûêΓûì| 4746/5000 [15:19:02<58:35, 13.84s/ep, cand 4745 | r0 pass 
1602/4704 | episodes solved 1602 | queue r0 253 reprompt 0 | verifying 2 | 11.4 s/proposal]
first proposals:  95%|ΓûêΓûêΓûêΓûêΓûêΓûêΓûêΓûêΓûêΓûì| 4747/5000 [15:19:12<53:53, 12.78s/ep, cand 4746 | r0 pass 
1602/4705 | episodes solved 1602 | queue r0 251 reprompt 0 | verifying 3 | 11.4 s/proposal]
first proposals:  95%|ΓûêΓûêΓûêΓûêΓûêΓûêΓûêΓûêΓûêΓûì| 4749/5000 [15:19:22<39:41,  9.49s/ep, cand 4748 | r0 pass 
1602/4707 | episodes solved 1602 | queue r0 250 reprompt 0 | verifying 2 | 11.4 s/proposal]
first proposals:  95%|ΓûêΓûêΓûêΓûêΓûêΓûêΓûêΓûêΓûêΓûî| 4750/5000 [15:19:54<1:01:22, 14.73s/ep, cand 4749 | r0 pass 
1603/4708 | episodes solved 1603 | queue r0 249 reprompt 0 | verifying 2 | 11.4 s/proposal]
first proposals:  95%|ΓûêΓûêΓûêΓûêΓûêΓûêΓûêΓûêΓûêΓûî| 4753/5000 [15:20:27<52:54, 12.85s/ep, cand 4752 | r0 pass 
1603/4710 | episodes solved 1603 | queue r0 248 reprompt 0 | verifying 0 | 11.9 s/proposal]  
first proposals:  95%|ΓûêΓûêΓûêΓûêΓûêΓûêΓûêΓûêΓûêΓûî| 4754/5000 [15:20:36<49:37, 12.10s/ep, cand 4753 | r0 pass 
1603/4711 | episodes solved 1603 | queue r0 245 reprompt 0 | verifying 2 | 12.0 s/proposal]
first proposals:  95%|ΓûêΓûêΓûêΓûêΓûêΓûêΓûêΓûêΓûêΓûî| 4756/5000 [15:21:26<1:07:46, 16.67s/ep, cand 4755 | r0 pass 
1604/4713 | episodes solved 1604 | queue r0 244 reprompt 0 | verifying 1 | 11.9 s/proposal]
first proposals:  95%|ΓûêΓûêΓûêΓûêΓûêΓûêΓûêΓûêΓûêΓûî| 4760/5000 [15:21:51<45:46, 11.44s/ep, cand 4759 | r0 pass 
1605/4716 | episodes solved 1605 | queue r0 241 reprompt 0 | verifying 0 | 12.1 s/proposal]  
first proposals:  95%|ΓûêΓûêΓûêΓûêΓûêΓûêΓûêΓûêΓûêΓûî| 4761/5000 [15:22:00<44:00, 11.05s/ep, cand 4760 | r0 pass 
1605/4717 | episodes solved 1605 | queue r0 238 reprompt 0 | verifying 2 | 11.9 s/proposal]
first proposals:  95%|ΓûêΓûêΓûêΓûêΓûêΓûêΓûêΓûêΓûêΓûî| 4762/5000 [15:22:09<42:34, 10.73s/ep, cand 4761 | r0 pass 
1605/4718 | episodes solved 1605 | queue r0 237 reprompt 0 | verifying 2 | 11.9 s/proposal]
first proposals:  95%|ΓûêΓûêΓûêΓûêΓûêΓûêΓûêΓûêΓûêΓûî| 4763/5000 [15:22:22<44:05, 11.16s/ep, cand 4762 | r0 pass 
1605/4719 | episodes solved 1605 | queue r0 236 reprompt 0 | verifying 2 | 11.9 s/proposal]
first proposals:  95%|ΓûêΓûêΓûêΓûêΓûêΓûêΓûêΓûêΓûêΓûî| 4764/5000 [15:22:45<53:54, 13.70s/ep, cand 4763 | r0 pass 
1606/4720 | episodes solved 1606 | queue r0 235 reprompt 0 | verifying 2 | 11.9 s/proposal]
first proposals:  95%|ΓûêΓûêΓûêΓûêΓûêΓûêΓûêΓûêΓûêΓûî| 4766/5000 [15:23:03<46:51, 12.01s/ep, cand 4765 | r0 pass 
1606/4722 | episodes solved 1606 | queue r0 233 reprompt 0 | verifying 2 | 11.9 s/proposal]
first proposals:  95%|ΓûêΓûêΓûêΓûêΓûêΓûêΓûêΓûêΓûêΓûî| 4768/5000 [15:23:14<37:19,  9.65s/ep, cand 4767 | r0 pass 
1606/4724 | episodes solved 1606 | queue r0 231 reprompt 0 | verifying 2 | 11.8 s/proposal]
first proposals:  95%|ΓûêΓûêΓûêΓûêΓûêΓûêΓûêΓûêΓûêΓûî| 4769/5000 [15:23:22<35:59,  9.35s/ep, cand 4768 | r0 pass 
1606/4725 | episodes solved 1606 | queue r0 230 reprompt 0 | verifying 2 | 11.8 s/proposal]
first proposals:  95%|ΓûêΓûêΓûêΓûêΓûêΓûêΓûêΓûêΓûêΓûî| 4770/5000 [15:23:43<45:08, 11.78s/ep, cand 4769 | r0 pass 
1607/4726 | episodes solved 1607 | queue r0 229 reprompt 0 | verifying 2 | 11.7 s/proposal]
first proposals:  95%|ΓûêΓûêΓûêΓûêΓûêΓûêΓûêΓûêΓûêΓûî| 4771/5000 [15:23:53<44:10, 11.57s/ep, cand 4770 | r0 pass 
1607/4727 | episodes solved 1607 | queue r0 227 reprompt 0 | verifying 3 | 11.5 s/proposal]
first proposals:  95%|ΓûêΓûêΓûêΓûêΓûêΓûêΓûêΓûêΓûêΓûî| 4773/5000 [15:24:06<35:37,  9.42s/ep, cand 4772 | r0 pass 
1608/4729 | episodes solved 1608 | queue r0 226 reprompt 0 | verifying 2 | 11.5 s/proposal]
first proposals:  96%|ΓûêΓûêΓûêΓûêΓûêΓûêΓûêΓûêΓûêΓûî| 4775/5000 [15:24:39<45:09, 12.04s/ep, cand 4774 | r0 pass 
1609/4731 | episodes solved 1609 | queue r0 225 reprompt 0 | verifying 1 | 11.5 s/proposal]
first proposals:  96%|ΓûêΓûêΓûêΓûêΓûêΓûêΓûêΓûêΓûêΓûî| 4776/5000 [15:24:47<41:48, 11.20s/ep, cand 4775 | r0 pass 
1610/4732 | episodes solved 1610 | queue r0 223 reprompt 0 | verifying 2 | 11.8 s/proposal]
first proposals:  96%|ΓûêΓûêΓûêΓûêΓûêΓûêΓûêΓûêΓûêΓûî| 4777/5000 [15:24:58<41:16, 11.10s/ep, cand 4776 | r0 pass 
1611/4733 | episodes solved 1611 | queue r0 222 reprompt 0 | verifying 2 | 11.7 s/proposal]
first proposals:  96%|ΓûêΓûêΓûêΓûêΓûêΓûêΓûêΓûêΓûêΓûî| 4778/5000 [15:25:20<50:49, 13.74s/ep, cand 4777 | r0 pass 
1611/4734 | episodes solved 1611 | queue r0 221 reprompt 0 | verifying 2 | 11.6 s/proposal]
first proposals:  96%|ΓûêΓûêΓûêΓûêΓûêΓûêΓûêΓûêΓûêΓûî| 4779/5000 [15:25:32<48:46, 13.24s/ep, cand 4778 | r0 pass 
1611/4735 | episodes solved 1611 | queue r0 219 reprompt 0 | verifying 3 | 11.6 s/proposal]
first proposals:  96%|ΓûêΓûêΓûêΓûêΓûêΓûêΓûêΓûêΓûêΓûî| 4781/5000 [15:25:43<36:25,  9.98s/ep, cand 4780 | r0 pass 
1613/4737 | episodes solved 1613 | queue r0 218 reprompt 0 | verifying 2 | 11.6 s/proposal]
first proposals:  96%|ΓûêΓûêΓûêΓûêΓûêΓûêΓûêΓûêΓûêΓûî| 4782/5000 [15:25:54<37:38, 10.36s/ep, cand 4781 | r0 pass 
1614/4738 | episodes solved 1614 | queue r0 217 reprompt 0 | verifying 2 | 11.5 s/proposal]
first proposals:  96%|ΓûêΓûêΓûêΓûêΓûêΓûêΓûêΓûêΓûêΓûî| 4783/5000 [15:26:05<37:24, 10.34s/ep, cand 4782 | r0 pass 
1615/4739 | episodes solved 1615 | queue r0 216 reprompt 0 | verifying 2 | 11.6 s/proposal]
first proposals:  96%|ΓûêΓûêΓûêΓûêΓûêΓûêΓûêΓûêΓûêΓûî| 4784/5000 [15:26:13<35:24,  9.84s/ep, cand 4783 | r0 pass 
1615/4740 | episodes solved 1615 | queue r0 215 reprompt 0 | verifying 2 | 11.6 s/proposal]
first proposals:  96%|ΓûêΓûêΓûêΓûêΓûêΓûêΓûêΓûêΓûêΓûî| 4785/5000 [15:26:22<34:18,  9.58s/ep, cand 4784 | r0 pass 
1616/4741 | episodes solved 1616 | queue r0 214 reprompt 0 | verifying 2 | 11.6 s/proposal]
first proposals:  96%|ΓûêΓûêΓûêΓûêΓûêΓûêΓûêΓûêΓûêΓûî| 4786/5000 [15:26:32<34:28,  9.66s/ep, cand 4785 | r0 pass 
1616/4742 | episodes solved 1616 | queue r0 213 reprompt 0 | verifying 2 | 11.5 s/proposal]
first proposals:  96%|ΓûêΓûêΓûêΓûêΓûêΓûêΓûêΓûêΓûêΓûî| 4787/5000 [15:26:56<48:55, 13.78s/ep, cand 4786 | r0 pass 
1616/4743 | episodes solved 1616 | queue r0 212 reprompt 0 | verifying 2 | 11.6 s/proposal]
first proposals:  96%|ΓûêΓûêΓûêΓûêΓûêΓûêΓûêΓûêΓûêΓûî| 4788/5000 [15:27:08<46:58, 13.30s/ep, cand 4787 | r0 pass 
1616/4744 | episodes solved 1616 | queue r0 210 reprompt 0 | verifying 3 | 11.6 s/proposal]
first proposals:  96%|ΓûêΓûêΓûêΓûêΓûêΓûêΓûêΓûêΓûêΓûî| 4790/5000 [15:27:17<32:28,  9.28s/ep, cand 4789 | r0 pass 
1617/4746 | episodes solved 1617 | queue r0 209 reprompt 0 | verifying 2 | 11.6 s/proposal]
first proposals:  96%|ΓûêΓûêΓûêΓûêΓûêΓûêΓûêΓûêΓûêΓûî| 4791/5000 [15:27:27<33:11,  9.53s/ep, cand 4790 | r0 pass 
1617/4747 | episodes solved 1617 | queue r0 208 reprompt 0 | verifying 2 | 11.5 s/proposal]
first proposals:  96%|ΓûêΓûêΓûêΓûêΓûêΓûêΓûêΓûêΓûêΓûî| 4792/5000 [15:27:42<37:23, 10.79s/ep, cand 4791 | r0 pass 
1617/4748 | episodes solved 1617 | queue r0 207 reprompt 0 | verifying 2 | 11.5 s/proposal]
first proposals:  96%|ΓûêΓûêΓûêΓûêΓûêΓûêΓûêΓûêΓûêΓûî| 4793/5000 [15:27:52<37:00, 10.73s/ep, cand 4792 | r0 pass 
1617/4749 | episodes solved 1617 | queue r0 206 reprompt 0 | verifying 2 | 11.5 s/proposal]
first proposals:  96%|ΓûêΓûêΓûêΓûêΓûêΓûêΓûêΓûêΓûêΓûî| 4795/5000 [15:28:29<48:13, 14.12s/ep, cand 4794 | r0 pass 
1617/4751 | episodes solved 1617 | queue r0 205 reprompt 0 | verifying 1 | 11.4 s/proposal]
first proposals:  96%|ΓûêΓûêΓûêΓûêΓûêΓûêΓûêΓûêΓûêΓûî| 4796/5000 [15:28:59<1:00:57, 17.93s/ep, cand 4795 | r0 pass 
1617/4752 | episodes solved 1617 | queue r0 202 reprompt 0 | verifying 3 | 11.6 s/proposal]
first proposals:  96%|ΓûêΓûêΓûêΓûêΓûêΓûêΓûêΓûêΓûêΓûî| 4800/5000 [15:29:45<47:13, 14.17s/ep, cand 4799 | r0 pass 
1617/4755 | episodes solved 1617 | queue r0 201 reprompt 0 | verifying 0 | 11.9 s/proposal]  
first proposals:  96%|ΓûêΓûêΓûêΓûêΓûêΓûêΓûêΓûêΓûêΓûî| 4801/5000 [15:29:56<45:22, 13.68s/ep, cand 4800 | r0 pass 
1617/4756 | episodes solved 1617 | queue r0 197 reprompt 0 | verifying 3 | 11.6 s/proposal]
first proposals:  96%|ΓûêΓûêΓûêΓûêΓûêΓûêΓûêΓûêΓûêΓûî| 4803/5000 [15:30:07<35:54, 10.94s/ep, cand 4802 | r0 pass 
1617/4758 | episodes solved 1617 | queue r0 196 reprompt 0 | verifying 2 | 11.6 s/proposal]
first proposals:  96%|ΓûêΓûêΓûêΓûêΓûêΓûêΓûêΓûêΓûêΓûî| 4804/5000 [15:30:38<48:15, 14.77s/ep, cand 4803 | r0 pass 
1617/4759 | episodes solved 1617 | queue r0 195 reprompt 0 | verifying 2 | 11.6 s/proposal]
first proposals:  96%|ΓûêΓûêΓûêΓûêΓûêΓûêΓûêΓûêΓûêΓûî| 4807/5000 [15:31:09<41:22, 12.86s/ep, cand 4806 | r0 pass 
1619/4761 | episodes solved 1619 | queue r0 194 reprompt 0 | verifying 0 | 12.0 s/proposal]
first proposals:  96%|ΓûêΓûêΓûêΓûêΓûêΓûêΓûêΓûêΓûêΓûî| 4808/5000 [15:31:20<39:40, 12.40s/ep, cand 4807 | r0 pass 
1620/4762 | episodes solved 1620 | queue r0 191 reprompt 0 | verifying 2 | 11.6 s/proposal]
first proposals:  96%|ΓûêΓûêΓûêΓûêΓûêΓûêΓûêΓûêΓûêΓûî| 4809/5000 [15:31:31<38:41, 12.16s/ep, cand 4808 | r0 pass 
1620/4763 | episodes solved 1620 | queue r0 190 reprompt 0 | verifying 2 | 11.7 s/proposal]
first proposals:  96%|ΓûêΓûêΓûêΓûêΓûêΓûêΓûêΓûêΓûêΓûî| 4810/5000 [15:31:53<45:29, 14.37s/ep, cand 4809 | r0 pass 
1620/4764 | episodes solved 1620 | queue r0 189 reprompt 0 | verifying 2 | 11.7 s/proposal]
first proposals:  96%|ΓûêΓûêΓûêΓûêΓûêΓûêΓûêΓûêΓûêΓûî| 4811/5000 [15:32:05<43:18, 13.75s/ep, cand 4810 | r0 pass 
1621/4765 | episodes solved 1621 | queue r0 187 reprompt 0 | verifying 3 | 11.8 s/proposal]
first proposals:  96%|ΓûêΓûêΓûêΓûêΓûêΓûêΓûêΓûêΓûêΓûï| 4813/5000 [15:32:39<47:25, 15.22s/ep, cand 4812 | r0 pass 
1621/4767 | episodes solved 1621 | queue r0 186 reprompt 0 | verifying 2 | 11.9 s/proposal]
first proposals:  96%|ΓûêΓûêΓûêΓûêΓûêΓûêΓûêΓûêΓûêΓûï| 4814/5000 [15:32:56<48:13, 15.55s/ep, cand 4813 | r0 pass 
1621/4768 | episodes solved 1621 | queue r0 184 reprompt 0 | verifying 3 | 12.0 s/proposal]
first proposals:  96%|ΓûêΓûêΓûêΓûêΓûêΓûêΓûêΓûêΓûêΓûï| 4816/5000 [15:33:15<40:28, 13.20s/ep, cand 4815 | r0 pass 
1623/4770 | episodes solved 1623 | queue r0 183 reprompt 0 | verifying 2 | 12.2 s/proposal]
first proposals:  96%|ΓûêΓûêΓûêΓûêΓûêΓûêΓûêΓûêΓûêΓûï| 4818/5000 [15:33:47<43:06, 14.21s/ep, cand 4817 | r0 pass 
1623/4772 | episodes solved 1623 | queue r0 182 reprompt 0 | verifying 1 | 12.4 s/proposal]
first proposals:  96%|ΓûêΓûêΓûêΓûêΓûêΓûêΓûêΓûêΓûêΓûï| 4820/5000 [15:34:09<39:01, 13.01s/ep, cand 4819 | r0 pass 
1624/4774 | episodes solved 1624 | queue r0 179 reprompt 0 | verifying 2 | 12.5 s/proposal]
first proposals:  96%|ΓûêΓûêΓûêΓûêΓûêΓûêΓûêΓûêΓûêΓûï| 4822/5000 [15:34:20<31:40, 10.68s/ep, cand 4821 | r0 pass 
1626/4776 | episodes solved 1626 | queue r0 177 reprompt 0 | verifying 2 | 12.5 s/proposal]
first proposals:  96%|ΓûêΓûêΓûêΓûêΓûêΓûêΓûêΓûêΓûêΓûï| 4823/5000 [15:34:31<31:42, 10.75s/ep, cand 4822 | r0 pass 
1626/4777 | episodes solved 1626 | queue r0 176 reprompt 0 | verifying 2 | 12.5 s/proposal]
first proposals:  96%|ΓûêΓûêΓûêΓûêΓûêΓûêΓûêΓûêΓûêΓûï| 4824/5000 [15:34:44<32:33, 11.10s/ep, cand 4823 | r0 pass 
1627/4778 | episodes solved 1627 | queue r0 175 reprompt 0 | verifying 2 | 12.5 s/proposal]
first proposals:  96%|ΓûêΓûêΓûêΓûêΓûêΓûêΓûêΓûêΓûêΓûï| 4825/5000 [15:34:53<30:55, 10.60s/ep, cand 4824 | r0 pass 
1627/4779 | episodes solved 1627 | queue r0 174 reprompt 0 | verifying 2 | 12.4 s/proposal]
first proposals:  97%|ΓûêΓûêΓûêΓûêΓûêΓûêΓûêΓûêΓûêΓûï| 4826/5000 [15:35:04<31:29, 10.86s/ep, cand 4825 | r0 pass 
1628/4780 | episodes solved 1628 | queue r0 173 reprompt 0 | verifying 2 | 12.2 s/proposal]
first proposals:  97%|ΓûêΓûêΓûêΓûêΓûêΓûêΓûêΓûêΓûêΓûï| 4827/5000 [15:35:15<31:12, 10.82s/ep, cand 4826 | r0 pass 
1629/4781 | episodes solved 1629 | queue r0 172 reprompt 0 | verifying 2 | 12.3 s/proposal]
first proposals:  97%|ΓûêΓûêΓûêΓûêΓûêΓûêΓûêΓûêΓûêΓûï| 4828/5000 [15:35:28<32:31, 11.35s/ep, cand 4827 | r0 pass 
1630/4782 | episodes solved 1630 | queue r0 171 reprompt 0 | verifying 2 | 12.3 s/proposal]
first proposals:  97%|ΓûêΓûêΓûêΓûêΓûêΓûêΓûêΓûêΓûêΓûï| 4829/5000 [15:35:37<30:37, 10.75s/ep, cand 4828 | r0 pass 
1630/4783 | episodes solved 1630 | queue r0 170 reprompt 0 | verifying 2 | 12.4 s/proposal]
first proposals:  97%|ΓûêΓûêΓûêΓûêΓûêΓûêΓûêΓûêΓûêΓûï| 4830/5000 [15:35:56<37:23, 13.20s/ep, cand 4829 | r0 pass 
1630/4784 | episodes solved 1630 | queue r0 169 reprompt 0 | verifying 2 | 12.3 s/proposal]
first proposals:  97%|ΓûêΓûêΓûêΓûêΓûêΓûêΓûêΓûêΓûêΓûï| 4831/5000 [15:36:09<36:50, 13.08s/ep, cand 4830 | r0 pass 
1631/4785 | episodes solved 1631 | queue r0 167 reprompt 0 | verifying 3 | 12.2 s/proposal]
first proposals:  97%|ΓûêΓûêΓûêΓûêΓûêΓûêΓûêΓûêΓûêΓûï| 4833/5000 [15:36:21<27:31,  9.89s/ep, cand 4832 | r0 pass 
1631/4787 | episodes solved 1631 | queue r0 166 reprompt 0 | verifying 2 | 12.3 s/proposal]
first proposals:  97%|ΓûêΓûêΓûêΓûêΓûêΓûêΓûêΓûêΓûêΓûï| 4834/5000 [15:36:44<35:43, 12.91s/ep, cand 4833 | r0 pass 
1632/4788 | episodes solved 1632 | queue r0 165 reprompt 0 | verifying 2 | 12.3 s/proposal]
first proposals:  97%|ΓûêΓûêΓûêΓûêΓûêΓûêΓûêΓûêΓûêΓûï| 4836/5000 [15:37:08<34:17, 12.54s/ep, cand 4835 | r0 pass 
1634/4790 | episodes solved 1634 | queue r0 163 reprompt 0 | verifying 2 | 12.4 s/proposal]
first proposals:  97%|ΓûêΓûêΓûêΓûêΓûêΓûêΓûêΓûêΓûêΓûï| 4837/5000 [15:37:21<34:32, 12.72s/ep, cand 4836 | r0 pass 
1635/4791 | episodes solved 1635 | queue r0 161 reprompt 0 | verifying 3 | 12.4 s/proposal]
first proposals:  97%|ΓûêΓûêΓûêΓûêΓûêΓûêΓûêΓûêΓûêΓûï| 4839/5000 [15:37:31<26:12,  9.77s/ep, cand 4838 | r0 pass 
1636/4793 | episodes solved 1636 | queue r0 160 reprompt 0 | verifying 2 | 12.5 s/proposal]
first proposals:  97%|ΓûêΓûêΓûêΓûêΓûêΓûêΓûêΓûêΓûêΓûï| 4840/5000 [15:37:44<27:41, 10.38s/ep, cand 4839 | r0 pass 
1637/4794 | episodes solved 1637 | queue r0 159 reprompt 0 | verifying 2 | 12.4 s/proposal]
first proposals:  97%|ΓûêΓûêΓûêΓûêΓûêΓûêΓûêΓûêΓûêΓûï| 4841/5000 [15:37:58<29:58, 11.31s/ep, cand 4840 | r0 pass 
1637/4795 | episodes solved 1637 | queue r0 158 reprompt 0 | verifying 2 | 12.5 s/proposal]
first proposals:  97%|ΓûêΓûêΓûêΓûêΓûêΓûêΓûêΓûêΓûêΓûï| 4842/5000 [15:38:19<36:14, 13.77s/ep, cand 4841 | r0 pass 
1637/4796 | episodes solved 1637 | queue r0 157 reprompt 0 | verifying 2 | 12.6 s/proposal]
first proposals:  97%|ΓûêΓûêΓûêΓûêΓûêΓûêΓûêΓûêΓûêΓûï| 4843/5000 [15:38:31<34:28, 13.18s/ep, cand 4842 | r0 pass 
1637/4797 | episodes solved 1637 | queue r0 155 reprompt 0 | verifying 3 | 12.5 s/proposal]
first proposals:  97%|ΓûêΓûêΓûêΓûêΓûêΓûêΓûêΓûêΓûêΓûï| 4845/5000 [15:38:40<24:43,  9.57s/ep, cand 4844 | r0 pass 
1638/4799 | episodes solved 1638 | queue r0 154 reprompt 0 | verifying 2 | 12.5 s/proposal]
first proposals:  97%|ΓûêΓûêΓûêΓûêΓûêΓûêΓûêΓûêΓûêΓûï| 4846/5000 [15:38:52<25:38,  9.99s/ep, cand 4845 | r0 pass 
1638/4800 | episodes solved 1638 | queue r0 153 reprompt 0 | verifying 2 | 12.4 s/proposal]
first proposals:  97%|ΓûêΓûêΓûêΓûêΓûêΓûêΓûêΓûêΓûêΓûï| 4847/5000 [15:39:14<33:23, 13.10s/ep, cand 4846 | r0 pass 
1638/4801 | episodes solved 1638 | queue r0 152 reprompt 0 | verifying 2 | 12.4 s/proposal]
first proposals:  97%|ΓûêΓûêΓûêΓûêΓûêΓûêΓûêΓûêΓûêΓûï| 4849/5000 [15:39:24<24:33,  9.76s/ep, cand 4848 | r0 pass 
1639/4803 | episodes solved 1639 | queue r0 150 reprompt 0 | verifying 2 | 12.1 s/proposal]
first proposals:  97%|ΓûêΓûêΓûêΓûêΓûêΓûêΓûêΓûêΓûêΓûï| 4851/5000 [15:39:56<30:02, 12.09s/ep, cand 4850 | r0 pass 
1639/4805 | episodes solved 1639 | queue r0 149 reprompt 0 | verifying 1 | 12.1 s/proposal]
first proposals:  97%|ΓûêΓûêΓûêΓûêΓûêΓûêΓûêΓûêΓûêΓûï| 4852/5000 [15:40:06<28:34, 11.59s/ep, cand 4851 | r0 pass 
1639/4806 | episodes solved 1639 | queue r0 146 reprompt 0 | verifying 3 | 12.0 s/proposal]
first proposals:  97%|ΓûêΓûêΓûêΓûêΓûêΓûêΓûêΓûêΓûêΓûï| 4854/5000 [15:40:16<21:59,  9.04s/ep, cand 4853 | r0 pass 
1640/4808 | episodes solved 1640 | queue r0 145 reprompt 0 | verifying 2 | 11.9 s/proposal]
first proposals:  97%|ΓûêΓûêΓûêΓûêΓûêΓûêΓûêΓûêΓûêΓûï| 4855/5000 [15:40:39<29:01, 12.01s/ep, cand 4854 | r0 pass 
1641/4809 | episodes solved 1641 | queue r0 144 reprompt 0 | verifying 2 | 11.5 s/proposal]
first proposals:  97%|ΓûêΓûêΓûêΓûêΓûêΓûêΓûêΓûêΓûêΓûï| 4856/5000 [15:40:48<27:24, 11.42s/ep, cand 4855 | r0 pass 
1642/4810 | episodes solved 1642 | queue r0 142 reprompt 0 | verifying 3 | 11.5 s/proposal]
first proposals:  97%|ΓûêΓûêΓûêΓûêΓûêΓûêΓûêΓûêΓûêΓûï| 4858/5000 [15:41:03<23:05,  9.75s/ep, cand 4857 | r0 pass 
1644/4812 | episodes solved 1644 | queue r0 141 reprompt 0 | verifying 2 | 11.5 s/proposal]
first proposals:  97%|ΓûêΓûêΓûêΓûêΓûêΓûêΓûêΓûêΓûêΓûï| 4859/5000 [15:41:13<23:24,  9.96s/ep, cand 4858 | r0 pass 
1644/4813 | episodes solved 1644 | queue r0 140 reprompt 0 | verifying 2 | 11.6 s/proposal]
first proposals:  97%|ΓûêΓûêΓûêΓûêΓûêΓûêΓûêΓûêΓûêΓûï| 4860/5000 [15:41:28<25:44, 11.03s/ep, cand 4859 | r0 pass 
1644/4814 | episodes solved 1644 | queue r0 139 reprompt 0 | verifying 2 | 11.6 s/proposal]
first proposals:  97%|ΓûêΓûêΓûêΓûêΓûêΓûêΓûêΓûêΓûêΓûï| 4861/5000 [15:41:48<30:53, 13.33s/ep, cand 4860 | r0 pass 
1645/4815 | episodes solved 1645 | queue r0 138 reprompt 0 | verifying 2 | 11.7 s/proposal]
first proposals:  97%|ΓûêΓûêΓûêΓûêΓûêΓûêΓûêΓûêΓûêΓûï| 4863/5000 [15:41:57<22:10,  9.71s/ep, cand 4862 | r0 pass 
1647/4817 | episodes solved 1647 | queue r0 136 reprompt 0 | verifying 2 | 11.6 s/proposal]
first proposals:  97%|ΓûêΓûêΓûêΓûêΓûêΓûêΓûêΓûêΓûêΓûï| 4864/5000 [15:42:09<22:58, 10.13s/ep, cand 4863 | r0 pass 
1647/4818 | episodes solved 1647 | queue r0 135 reprompt 0 | verifying 2 | 11.5 s/proposal]
first proposals:  97%|ΓûêΓûêΓûêΓûêΓûêΓûêΓûêΓûêΓûêΓûï| 4865/5000 [15:42:34<31:24, 13.96s/ep, cand 4864 | r0 pass 
1648/4819 | episodes solved 1648 | queue r0 134 reprompt 0 | verifying 2 | 11.3 s/proposal]
first proposals:  97%|ΓûêΓûêΓûêΓûêΓûêΓûêΓûêΓûêΓûêΓûï| 4866/5000 [15:42:48<30:55, 13.84s/ep, cand 4865 | r0 pass 
1648/4820 | episodes solved 1648 | queue r0 132 reprompt 0 | verifying 3 | 11.1 s/proposal]
first proposals:  97%|ΓûêΓûêΓûêΓûêΓûêΓûêΓûêΓûêΓûêΓûï| 4867/5000 [15:42:59<29:18, 13.22s/ep, cand 4866 | r0 pass 
1648/4821 | episodes solved 1648 | queue r0 131 reprompt 0 | verifying 3 | 11.2 s/proposal]
first proposals:  97%|ΓûêΓûêΓûêΓûêΓûêΓûêΓûêΓûêΓûêΓûï| 4868/5000 [15:43:13<29:31, 13.42s/ep, cand 4867 | r0 pass 
1648/4822 | episodes solved 1648 | queue r0 130 reprompt 0 | verifying 3 | 11.2 s/proposal]
first proposals:  97%|ΓûêΓûêΓûêΓûêΓûêΓûêΓûêΓûêΓûêΓûï| 4870/5000 [15:43:34<26:10, 12.08s/ep, cand 4869 | r0 pass 
1649/4824 | episodes solved 1649 | queue r0 129 reprompt 0 | verifying 2 | 11.3 s/proposal]
first proposals:  97%|ΓûêΓûêΓûêΓûêΓûêΓûêΓûêΓûêΓûêΓûï| 4871/5000 [15:43:47<26:39, 12.40s/ep, cand 4870 | r0 pass 
1649/4825 | episodes solved 1649 | queue r0 127 reprompt 0 | verifying 3 | 11.3 s/proposal]
first proposals:  97%|ΓûêΓûêΓûêΓûêΓûêΓûêΓûêΓûêΓûêΓûï| 4873/5000 [15:44:00<20:56,  9.90s/ep, cand 4872 | r0 pass 
1650/4827 | episodes solved 1650 | queue r0 126 reprompt 0 | verifying 2 | 11.3 s/proposal]
first proposals:  97%|ΓûêΓûêΓûêΓûêΓûêΓûêΓûêΓûêΓûêΓûï| 4874/5000 [15:44:12<21:54, 10.43s/ep, cand 4873 | r0 pass 
1650/4828 | episodes solved 1650 | queue r0 125 reprompt 0 | verifying 2 | 11.3 s/proposal]
first proposals:  98%|ΓûêΓûêΓûêΓûêΓûêΓûêΓûêΓûêΓûêΓûè| 4876/5000 [15:44:42<24:59, 12.09s/ep, cand 4875 | r0 pass 
1651/4830 | episodes solved 1651 | queue r0 124 reprompt 0 | verifying 1 | 11.3 s/proposal]
first proposals:  98%|ΓûêΓûêΓûêΓûêΓûêΓûêΓûêΓûêΓûêΓûè| 4877/5000 [15:44:54<25:07, 12.25s/ep, cand 4876 | r0 pass 
1652/4831 | episodes solved 1652 | queue r0 121 reprompt 0 | verifying 3 | 11.3 s/proposal]
first proposals:  98%|ΓûêΓûêΓûêΓûêΓûêΓûêΓûêΓûêΓûêΓûè| 4879/5000 [15:45:15<23:08, 11.48s/ep, cand 4878 | r0 pass 
1652/4833 | episodes solved 1652 | queue r0 120 reprompt 0 | verifying 2 | 11.3 s/proposal]
first proposals:  98%|ΓûêΓûêΓûêΓûêΓûêΓûêΓûêΓûêΓûêΓûè| 4882/5000 [15:45:47<21:51, 11.12s/ep, cand 4881 | r0 pass 
1653/4836 | episodes solved 1653 | queue r0 118 reprompt 0 | verifying 1 | 11.3 s/proposal]
first proposals:  98%|ΓûêΓûêΓûêΓûêΓûêΓûêΓûêΓûêΓûêΓûè| 4883/5000 [15:45:58<21:44, 11.15s/ep, cand 4882 | r0 pass 
1653/4837 | episodes solved 1653 | queue r0 115 reprompt 0 | verifying 3 | 11.3 s/proposal]
first proposals:  98%|ΓûêΓûêΓûêΓûêΓûêΓûêΓûêΓûêΓûêΓûè| 4884/5000 [15:46:09<21:32, 11.14s/ep, cand 4883 | r0 pass 
1654/4838 | episodes solved 1654 | queue r0 114 reprompt 0 | verifying 3 | 11.3 s/proposal]
first proposals:  98%|ΓûêΓûêΓûêΓûêΓûêΓûêΓûêΓûêΓûêΓûè| 4887/5000 [15:46:33<18:11,  9.66s/ep, cand 4886 | r0 pass 
1656/4841 | episodes solved 1656 | queue r0 113 reprompt 0 | verifying 1 | 11.3 s/proposal]
first proposals:  98%|ΓûêΓûêΓûêΓûêΓûêΓûêΓûêΓûêΓûêΓûè| 4888/5000 [15:46:42<17:40,  9.47s/ep, cand 4887 | r0 pass 
1656/4842 | episodes solved 1656 | queue r0 111 reprompt 0 | verifying 2 | 11.3 s/proposal]
first proposals:  98%|ΓûêΓûêΓûêΓûêΓûêΓûêΓûêΓûêΓûêΓûè| 4890/5000 [15:46:59<16:40,  9.09s/ep, cand 4889 | r0 pass 
1657/4844 | episodes solved 1657 | queue r0 110 reprompt 0 | verifying 1 | 11.2 s/proposal]
first proposals:  98%|ΓûêΓûêΓûêΓûêΓûêΓûêΓûêΓûêΓûêΓûè| 4891/5000 [15:47:11<17:33,  9.67s/ep, cand 4890 | r0 pass 
1657/4845 | episodes solved 1657 | queue r0 108 reprompt 0 | verifying 2 | 11.1 s/proposal]
first proposals:  98%|ΓûêΓûêΓûêΓûêΓûêΓûêΓûêΓûêΓûêΓûè| 4892/5000 [15:47:34<23:00, 12.78s/ep, cand 4891 | r0 pass 
1658/4846 | episodes solved 1658 | queue r0 107 reprompt 0 | verifying 2 | 11.0 s/proposal]
first proposals:  98%|ΓûêΓûêΓûêΓûêΓûêΓûêΓûêΓûêΓûêΓûè| 4893/5000 [15:47:46<22:12, 12.45s/ep, cand 4892 | r0 pass 
1658/4847 | episodes solved 1658 | queue r0 105 reprompt 0 | verifying 3 | 11.1 s/proposal]
first proposals:  98%|ΓûêΓûêΓûêΓûêΓûêΓûêΓûêΓûêΓûêΓûè| 4894/5000 [15:47:58<21:42, 12.29s/ep, cand 4893 | r0 pass 
1658/4848 | episodes solved 1658 | queue r0 104 reprompt 0 | verifying 3 | 11.1 s/proposal]
first proposals:  98%|ΓûêΓûêΓûêΓûêΓûêΓûêΓûêΓûêΓûêΓûè| 4895/5000 [15:48:10<21:41, 12.40s/ep, cand 4894 | r0 pass 
1659/4849 | episodes solved 1659 | queue r0 103 reprompt 0 | verifying 3 | 11.1 s/proposal]
first proposals:  98%|ΓûêΓûêΓûêΓûêΓûêΓûêΓûêΓûêΓûêΓûè| 4897/5000 [15:48:20<15:34,  9.08s/ep, cand 4896 | r0 pass 
1659/4851 | episodes solved 1659 | queue r0 102 reprompt 0 | verifying 2 | 11.1 s/proposal]
first proposals:  98%|ΓûêΓûêΓûêΓûêΓûêΓûêΓûêΓûêΓûêΓûè| 4898/5000 [15:48:48<23:05, 13.58s/ep, cand 4897 | r0 pass 
1659/4852 | episodes solved 1659 | queue r0 101 reprompt 0 | verifying 2 | 11.1 s/proposal]
first proposals:  98%|ΓûêΓûêΓûêΓûêΓûêΓûêΓûêΓûêΓûêΓûè| 4901/5000 [15:49:19<19:42, 11.94s/ep, cand 4900 | r0 pass 
1659/4855 | episodes solved 1659 | queue r0 99 reprompt 0 | verifying 1 | 11.2 s/proposal] 
first proposals:  98%|ΓûêΓûêΓûêΓûêΓûêΓûêΓûêΓûêΓûêΓûè| 4902/5000 [15:49:28<18:37, 11.40s/ep, cand 4901 | r0 pass 
1660/4856 | episodes solved 1660 | queue r0 96 reprompt 0 | verifying 3 | 11.2 s/proposal]
first proposals:  98%|ΓûêΓûêΓûêΓûêΓûêΓûêΓûêΓûêΓûêΓûè| 4903/5000 [15:49:38<18:03, 11.17s/ep, cand 4902 | r0 pass 
1661/4857 | episodes solved 1661 | queue r0 95 reprompt 0 | verifying 3 | 11.2 s/proposal]
first proposals:  98%|ΓûêΓûêΓûêΓûêΓûêΓûêΓûêΓûêΓûêΓûè| 4904/5000 [15:49:50<18:10, 11.35s/ep, cand 4903 | r0 pass 
1661/4858 | episodes solved 1661 | queue r0 94 reprompt 0 | verifying 3 | 11.2 s/proposal]
first proposals:  98%|ΓûêΓûêΓûêΓûêΓûêΓûêΓûêΓûêΓûêΓûè| 4906/5000 [15:50:01<13:55,  8.89s/ep, cand 4905 | r0 pass 
1661/4860 | episodes solved 1661 | queue r0 93 reprompt 0 | verifying 2 | 11.2 s/proposal]
first proposals:  98%|ΓûêΓûêΓûêΓûêΓûêΓûêΓûêΓûêΓûêΓûè| 4907/5000 [15:50:20<17:29, 11.29s/ep, cand 4906 | r0 pass 
1661/4861 | episodes solved 1661 | queue r0 92 reprompt 0 | verifying 2 | 11.2 s/proposal]
first proposals:  98%|ΓûêΓûêΓûêΓûêΓûêΓûêΓûêΓûêΓûêΓûè| 4909/5000 [15:50:40<16:14, 10.71s/ep, cand 4908 | r0 pass 
1662/4863 | episodes solved 1662 | queue r0 90 reprompt 0 | verifying 2 | 11.1 s/proposal]
first proposals:  98%|ΓûêΓûêΓûêΓûêΓûêΓûêΓûêΓûêΓûêΓûè| 4911/5000 [15:51:01<15:53, 10.71s/ep, cand 4910 | r0 pass 
1663/4865 | episodes solved 1663 | queue r0 88 reprompt 0 | verifying 2 | 11.0 s/proposal]
first proposals:  98%|ΓûêΓûêΓûêΓûêΓûêΓûêΓûêΓûêΓûêΓûè| 4912/5000 [15:51:12<15:38, 10.66s/ep, cand 4911 | r0 pass 
1663/4866 | episodes solved 1663 | queue r0 86 reprompt 0 | verifying 3 | 11.0 s/proposal]
first proposals:  98%|ΓûêΓûêΓûêΓûêΓûêΓûêΓûêΓûêΓûêΓûè| 4913/5000 [15:51:23<15:28, 10.67s/ep, cand 4912 | r0 pass 
1664/4867 | episodes solved 1664 | queue r0 85 reprompt 0 | verifying 3 | 11.1 s/proposal]
first proposals:  98%|ΓûêΓûêΓûêΓûêΓûêΓûêΓûêΓûêΓûêΓûè| 4915/5000 [15:51:35<12:34,  8.87s/ep, cand 4914 | r0 pass 
1664/4869 | episodes solved 1664 | queue r0 84 reprompt 0 | verifying 2 | 11.0 s/proposal]
first proposals:  98%|ΓûêΓûêΓûêΓûêΓûêΓûêΓûêΓûêΓûêΓûè| 4916/5000 [15:51:46<13:11,  9.42s/ep, cand 4915 | r0 pass 
1665/4870 | episodes solved 1665 | queue r0 83 reprompt 0 | verifying 2 | 11.0 s/proposal]
first proposals:  98%|ΓûêΓûêΓûêΓûêΓûêΓûêΓûêΓûêΓûêΓûè| 4917/5000 [15:52:12<18:19, 13.25s/ep, cand 4916 | r0 pass 
1666/4871 | episodes solved 1666 | queue r0 82 reprompt 0 | verifying 2 | 11.0 s/proposal]
first proposals:  98%|ΓûêΓûêΓûêΓûêΓûêΓûêΓûêΓûêΓûêΓûè| 4919/5000 [15:52:23<13:45, 10.20s/ep, cand 4918 | r0 pass 
1667/4873 | episodes solved 1667 | queue r0 80 reprompt 0 | verifying 2 | 11.0 s/proposal]
first proposals:  98%|ΓûêΓûêΓûêΓûêΓûêΓûêΓûêΓûêΓûêΓûè| 4920/5000 [15:52:48<17:52, 13.41s/ep, cand 4919 | r0 pass 
1667/4874 | episodes solved 1667 | queue r0 79 reprompt 0 | verifying 2 | 11.0 s/proposal]
first proposals:  98%|ΓûêΓûêΓûêΓûêΓûêΓûêΓûêΓûêΓûêΓûè| 4922/5000 [15:52:57<13:00, 10.00s/ep, cand 4921 | r0 pass 
1668/4876 | episodes solved 1668 | queue r0 77 reprompt 0 | verifying 2 | 11.0 s/proposal]
first proposals:  98%|ΓûêΓûêΓûêΓûêΓûêΓûêΓûêΓûêΓûêΓûè| 4923/5000 [15:53:13<14:34, 11.36s/ep, cand 4922 | r0 pass 
1668/4877 | episodes solved 1668 | queue r0 76 reprompt 0 | verifying 2 | 10.9 s/proposal]
first proposals:  98%|ΓûêΓûêΓûêΓûêΓûêΓûêΓûêΓûêΓûêΓûè| 4924/5000 [15:53:23<13:48, 10.91s/ep, cand 4923 | r0 pass 
1668/4878 | episodes solved 1668 | queue r0 75 reprompt 0 | verifying 2 | 11.0 s/proposal]
first proposals:  98%|ΓûêΓûêΓûêΓûêΓûêΓûêΓûêΓûêΓûêΓûè| 4925/5000 [15:53:43<16:29, 13.20s/ep, cand 4924 | r0 pass 
1669/4879 | episodes solved 1669 | queue r0 74 reprompt 0 | verifying 2 | 11.0 s/proposal]
first proposals:  99%|ΓûêΓûêΓûêΓûêΓûêΓûêΓûêΓûêΓûêΓûè| 4928/5000 [15:54:07<12:38, 10.54s/ep, cand 4927 | r0 pass 
1669/4882 | episodes solved 1669 | queue r0 72 reprompt 0 | verifying 1 | 11.0 s/proposal]
first proposals:  99%|ΓûêΓûêΓûêΓûêΓûêΓûêΓûêΓûêΓûêΓûè| 4929/5000 [15:54:18<12:37, 10.66s/ep, cand 4928 | r0 pass 
1669/4883 | episodes solved 1669 | queue r0 70 reprompt 0 | verifying 2 | 11.0 s/proposal]
first proposals:  99%|ΓûêΓûêΓûêΓûêΓûêΓûêΓûêΓûêΓûêΓûè| 4930/5000 [15:54:30<12:44, 10.92s/ep, cand 4929 | r0 pass 
1669/4884 | episodes solved 1669 | queue r0 69 reprompt 0 | verifying 2 | 11.0 s/proposal]
first proposals:  99%|ΓûêΓûêΓûêΓûêΓûêΓûêΓûêΓûêΓûêΓûè| 4931/5000 [15:54:38<11:47, 10.26s/ep, cand 4930 | r0 pass 
1669/4885 | episodes solved 1669 | queue r0 68 reprompt 0 | verifying 2 | 11.1 s/proposal]
first proposals:  99%|ΓûêΓûêΓûêΓûêΓûêΓûêΓûêΓûêΓûêΓûè| 4932/5000 [15:55:04<16:13, 14.31s/ep, cand 4931 | r0 pass 
1669/4886 | episodes solved 1669 | queue r0 67 reprompt 0 | verifying 2 | 11.0 s/proposal]
first proposals:  99%|ΓûêΓûêΓûêΓûêΓûêΓûêΓûêΓûêΓûêΓûè| 4933/5000 [15:55:16<15:12, 13.62s/ep, cand 4932 | r0 pass 
1669/4887 | episodes solved 1669 | queue r0 65 reprompt 0 | verifying 3 | 11.1 s/proposal]
first proposals:  99%|ΓûêΓûêΓûêΓûêΓûêΓûêΓûêΓûêΓûêΓûè| 4934/5000 [15:55:27<14:15, 12.96s/ep, cand 4933 | r0 pass 
1669/4888 | episodes solved 1669 | queue r0 64 reprompt 0 | verifying 3 | 11.1 s/proposal]
first proposals:  99%|ΓûêΓûêΓûêΓûêΓûêΓûêΓûêΓûêΓûêΓûè| 4935/5000 [15:55:37<13:03, 12.05s/ep, cand 4934 | r0 pass 
1669/4889 | episodes solved 1669 | queue r0 63 reprompt 0 | verifying 3 | 11.1 s/proposal]
first proposals:  99%|ΓûêΓûêΓûêΓûêΓûêΓûêΓûêΓûêΓûêΓûè| 4936/5000 [15:56:07<18:15, 17.11s/ep, cand 4935 | r0 pass 
1670/4890 | episodes solved 1670 | queue r0 62 reprompt 0 | verifying 3 | 11.1 s/proposal]
first proposals:  99%|ΓûêΓûêΓûêΓûêΓûêΓûêΓûêΓûêΓûêΓûë| 4940/5000 [15:56:32<10:25, 10.43s/ep, cand 4939 | r0 pass 
1670/4893 | episodes solved 1670 | queue r0 61 reprompt 0 | verifying 0 | 11.4 s/proposal]
first proposals:  99%|ΓûêΓûêΓûêΓûêΓûêΓûêΓûêΓûêΓûêΓûë| 4941/5000 [15:56:42<10:10, 10.34s/ep, cand 4940 | r0 pass 
1671/4894 | episodes solved 1671 | queue r0 58 reprompt 0 | verifying 2 | 11.4 s/proposal]
first proposals:  99%|ΓûêΓûêΓûêΓûêΓûêΓûêΓûêΓûêΓûêΓûë| 4942/5000 [15:56:52<09:55, 10.27s/ep, cand 4941 | r0 pass 
1672/4895 | episodes solved 1672 | queue r0 57 reprompt 0 | verifying 2 | 11.4 s/proposal]
first proposals:  99%|ΓûêΓûêΓûêΓûêΓûêΓûêΓûêΓûêΓûêΓûë| 4943/5000 [15:57:11<11:36, 12.21s/ep, cand 4942 | r0 pass 
1673/4896 | episodes solved 1673 | queue r0 56 reprompt 0 | verifying 2 | 11.4 s/proposal]
first proposals:  99%|ΓûêΓûêΓûêΓûêΓûêΓûêΓûêΓûêΓûêΓûë| 4944/5000 [15:57:24<11:37, 12.45s/ep, cand 4943 | r0 pass 
1673/4897 | episodes solved 1673 | queue r0 54 reprompt 0 | verifying 3 | 11.3 s/proposal]
first proposals:  99%|ΓûêΓûêΓûêΓûêΓûêΓûêΓûêΓûêΓûêΓûë| 4946/5000 [15:57:35<08:41,  9.65s/ep, cand 4945 | r0 pass 
1674/4899 | episodes solved 1674 | queue r0 53 reprompt 0 | verifying 2 | 11.3 s/proposal]
first proposals:  99%|ΓûêΓûêΓûêΓûêΓûêΓûêΓûêΓûêΓûêΓûë| 4947/5000 [15:58:02<12:00, 13.60s/ep, cand 4946 | r0 pass 
1675/4900 | episodes solved 1675 | queue r0 52 reprompt 0 | verifying 2 | 11.3 s/proposal]
first proposals:  99%|ΓûêΓûêΓûêΓûêΓûêΓûêΓûêΓûêΓûêΓûë| 4948/5000 [15:58:15<11:34, 13.35s/ep, cand 4947 | r0 pass 
1675/4901 | episodes solved 1675 | queue r0 50 reprompt 0 | verifying 3 | 11.3 s/proposal]
first proposals:  99%|ΓûêΓûêΓûêΓûêΓûêΓûêΓûêΓûêΓûêΓûë| 4949/5000 [15:58:25<10:43, 12.62s/ep, cand 4948 | r0 pass 
1676/4902 | episodes solved 1676 | queue r0 49 reprompt 0 | verifying 3 | 11.3 s/proposal]
first proposals:  99%|ΓûêΓûêΓûêΓûêΓûêΓûêΓûêΓûêΓûêΓûë| 4951/5000 [15:58:47<09:43, 11.91s/ep, cand 4950 | r0 pass 
1678/4904 | episodes solved 1678 | queue r0 48 reprompt 0 | verifying 2 | 11.3 s/proposal]
first proposals:  99%|ΓûêΓûêΓûêΓûêΓûêΓûêΓûêΓûêΓûêΓûë| 4952/5000 [15:58:58<09:23, 11.74s/ep, cand 4951 | r0 pass 
1678/4905 | episodes solved 1678 | queue r0 46 reprompt 0 | verifying 3 | 11.3 s/proposal]
first proposals:  99%|ΓûêΓûêΓûêΓûêΓûêΓûêΓûêΓûêΓûêΓûë| 4953/5000 [15:59:13<09:45, 12.45s/ep, cand 4952 | r0 pass 
1678/4906 | episodes solved 1678 | queue r0 45 reprompt 0 | verifying 3 | 11.4 s/proposal]
first proposals:  99%|ΓûêΓûêΓûêΓûêΓûêΓûêΓûêΓûêΓûêΓûë| 4954/5000 [15:59:27<09:52, 12.89s/ep, cand 4953 | r0 pass 
1679/4907 | episodes solved 1679 | queue r0 44 reprompt 0 | verifying 3 | 11.5 s/proposal]
first proposals:  99%|ΓûêΓûêΓûêΓûêΓûêΓûêΓûêΓûêΓûêΓûë| 4956/5000 [15:59:40<07:26, 10.15s/ep, cand 4955 | r0 pass 
1680/4909 | episodes solved 1680 | queue r0 43 reprompt 0 | verifying 2 | 11.5 s/proposal]
first proposals:  99%|ΓûêΓûêΓûêΓûêΓûêΓûêΓûêΓûêΓûêΓûë| 4957/5000 [15:59:49<07:05,  9.89s/ep, cand 4956 | r0 pass 
1680/4910 | episodes solved 1680 | queue r0 42 reprompt 0 | verifying 2 | 11.5 s/proposal]
first proposals:  99%|ΓûêΓûêΓûêΓûêΓûêΓûêΓûêΓûêΓûêΓûë| 4958/5000 [16:00:11<08:59, 12.85s/ep, cand 4957 | r0 pass 
1680/4911 | episodes solved 1680 | queue r0 41 reprompt 0 | verifying 2 | 11.5 s/proposal]
first proposals:  99%|ΓûêΓûêΓûêΓûêΓûêΓûêΓûêΓûêΓûêΓûë| 4959/5000 [16:00:24<08:51, 12.97s/ep, cand 4958 | r0 pass 
1680/4912 | episodes solved 1680 | queue r0 39 reprompt 0 | verifying 3 | 11.6 s/proposal]
first proposals:  99%|ΓûêΓûêΓûêΓûêΓûêΓûêΓûêΓûêΓûêΓûë| 4961/5000 [16:00:49<08:19, 12.82s/ep, cand 4960 | r0 pass 
1682/4914 | episodes solved 1682 | queue r0 38 reprompt 0 | verifying 2 | 11.6 s/proposal]
first proposals:  99%|ΓûêΓûêΓûêΓûêΓûêΓûêΓûêΓûêΓûêΓûë| 4963/5000 [16:01:02<06:22, 10.33s/ep, cand 4962 | r0 pass 
1683/4916 | episodes solved 1683 | queue r0 36 reprompt 0 | verifying 2 | 11.7 s/proposal]
first proposals:  99%|ΓûêΓûêΓûêΓûêΓûêΓûêΓûêΓûêΓûêΓûë| 4964/5000 [16:01:13<06:16, 10.47s/ep, cand 4963 | r0 pass 
1683/4917 | episodes solved 1683 | queue r0 35 reprompt 0 | verifying 2 | 11.8 s/proposal]
first proposals:  99%|ΓûêΓûêΓûêΓûêΓûêΓûêΓûêΓûêΓûêΓûë| 4965/5000 [16:01:36<07:48, 13.39s/ep, cand 4964 | r0 pass 
1683/4918 | episodes solved 1683 | queue r0 34 reprompt 0 | verifying 2 | 11.8 s/proposal]
first proposals:  99%|ΓûêΓûêΓûêΓûêΓûêΓûêΓûêΓûêΓûêΓûë| 4966/5000 [16:01:49<07:34, 13.37s/ep, cand 4965 | r0 pass 
1683/4919 | episodes solved 1683 | queue r0 32 reprompt 0 | verifying 3 | 11.8 s/proposal]
first proposals:  99%|ΓûêΓûêΓûêΓûêΓûêΓûêΓûêΓûêΓûêΓûë| 4967/5000 [16:02:03<07:24, 13.46s/ep, cand 4966 | r0 pass 
1683/4920 | episodes solved 1683 | queue r0 31 reprompt 0 | verifying 3 | 11.8 s/proposal]
first proposals:  99%|ΓûêΓûêΓûêΓûêΓûêΓûêΓûêΓûêΓûêΓûë| 4969/5000 [16:02:12<04:58,  9.64s/ep, cand 4968 | r0 pass 
1683/4922 | episodes solved 1683 | queue r0 30 reprompt 0 | verifying 2 | 11.8 s/proposal]
first proposals:  99%|ΓûêΓûêΓûêΓûêΓûêΓûêΓûêΓûêΓûêΓûë| 4970/5000 [16:02:34<06:15, 12.52s/ep, cand 4969 | r0 pass 
1683/4923 | episodes solved 1683 | queue r0 29 reprompt 0 | verifying 2 | 11.7 s/proposal]
first proposals:  99%|ΓûêΓûêΓûêΓûêΓûêΓûêΓûêΓûêΓûêΓûë| 4972/5000 [16:03:09<06:46, 14.51s/ep, cand 4971 | r0 pass 
1684/4925 | episodes solved 1684 | queue r0 27 reprompt 0 | verifying 2 | 11.7 s/proposal]
first proposals:  99%|ΓûêΓûêΓûêΓûêΓûêΓûêΓûêΓûêΓûêΓûë| 4974/5000 [16:03:22<05:00, 11.56s/ep, cand 4973 | r0 pass 
1684/4927 | episodes solved 1684 | queue r0 24 reprompt 0 | verifying 3 | 11.7 s/proposal]
first proposals: 100%|ΓûêΓûêΓûêΓûêΓûêΓûêΓûêΓûêΓûêΓûë| 4976/5000 [16:03:31<03:39,  9.15s/ep, cand 4975 | r0 pass 
1685/4929 | episodes solved 1685 | queue r0 23 reprompt 0 | verifying 2 | 11.8 s/proposal]
first proposals: 100%|ΓûêΓûêΓûêΓûêΓûêΓûêΓûêΓûêΓûêΓûë| 4977/5000 [16:03:44<03:46,  9.86s/ep, cand 4976 | r0 pass 
1686/4930 | episodes solved 1686 | queue r0 22 reprompt 0 | verifying 2 | 11.7 s/proposal]
first proposals: 100%|ΓûêΓûêΓûêΓûêΓûêΓûêΓûêΓûêΓûêΓûë| 4978/5000 [16:03:53<03:33,  9.72s/ep, cand 4977 | r0 pass 
1686/4931 | episodes solved 1686 | queue r0 21 reprompt 0 | verifying 2 | 11.7 s/proposal]
first proposals: 100%|ΓûêΓûêΓûêΓûêΓûêΓûêΓûêΓûêΓûêΓûë| 4979/5000 [16:04:08<03:52, 11.06s/ep, cand 4978 | r0 pass 
1686/4932 | episodes solved 1686 | queue r0 20 reprompt 0 | verifying 2 | 11.7 s/proposal]
first proposals: 100%|ΓûêΓûêΓûêΓûêΓûêΓûêΓûêΓûêΓûêΓûë| 4980/5000 [16:04:17<03:28, 10.44s/ep, cand 4979 | r0 pass 
1686/4933 | episodes solved 1686 | queue r0 19 reprompt 0 | verifying 2 | 11.8 s/proposal]
first proposals: 100%|ΓûêΓûêΓûêΓûêΓûêΓûêΓûêΓûêΓûêΓûë| 4981/5000 [16:04:26<03:11, 10.10s/ep, cand 4980 | r0 pass 
1687/4934 | episodes solved 1687 | queue r0 18 reprompt 0 | verifying 2 | 11.7 s/proposal]
first proposals: 100%|ΓûêΓûêΓûêΓûêΓûêΓûêΓûêΓûêΓûêΓûë| 4983/5000 [16:04:46<02:51, 10.07s/ep, cand 4982 | r0 pass 
1687/4936 | episodes solved 1687 | queue r0 17 reprompt 0 | verifying 1 | 11.7 s/proposal]
first proposals: 100%|ΓûêΓûêΓûêΓûêΓûêΓûêΓûêΓûêΓûêΓûë| 4984/5000 [16:04:57<02:42, 10.18s/ep, cand 4983 | r0 pass 
1687/4937 | episodes solved 1687 | queue r0 15 reprompt 0 | verifying 2 | 11.6 s/proposal]
first proposals: 100%|ΓûêΓûêΓûêΓûêΓûêΓûêΓûêΓûêΓûêΓûë| 4985/5000 [16:05:06<02:31, 10.08s/ep, cand 4984 | r0 pass 
1687/4938 | episodes solved 1687 | queue r0 14 reprompt 0 | verifying 2 | 11.6 s/proposal]
first proposals: 100%|ΓûêΓûêΓûêΓûêΓûêΓûêΓûêΓûêΓûêΓûë| 4986/5000 [16:05:26<02:56, 12.58s/ep, cand 4985 | r0 pass 
1687/4939 | episodes solved 1687 | queue r0 13 reprompt 0 | verifying 2 | 11.5 s/proposal]
first proposals: 100%|ΓûêΓûêΓûêΓûêΓûêΓûêΓûêΓûêΓûêΓûë| 4987/5000 [16:05:39<02:44, 12.64s/ep, cand 4986 | r0 pass 
1687/4940 | episodes solved 1687 | queue r0 11 reprompt 0 | verifying 3 | 11.1 s/proposal]
first proposals: 100%|ΓûêΓûêΓûêΓûêΓûêΓûêΓûêΓûêΓûêΓûë| 4989/5000 [16:05:49<01:42,  9.34s/ep, cand 4988 | r0 pass 
1687/4942 | episodes solved 1687 | queue r0 10 reprompt 0 | verifying 2 | 11.3 s/proposal]
first proposals: 100%|ΓûêΓûêΓûêΓûêΓûêΓûêΓûêΓûêΓûêΓûë| 4990/5000 [16:05:59<01:35,  9.59s/ep, cand 4989 | r0 pass 
1687/4943 | episodes solved 1687 | queue r0 9 reprompt 0 | verifying 2 | 11.3 s/proposal] 
first proposals: 100%|ΓûêΓûêΓûêΓûêΓûêΓûêΓûêΓûêΓûêΓûë| 4991/5000 [16:06:11<01:30, 10.09s/ep, cand 4990 | r0 pass 
1687/4944 | episodes solved 1687 | queue r0 8 reprompt 0 | verifying 2 | 11.3 s/proposal]
first proposals: 100%|ΓûêΓûêΓûêΓûêΓûêΓûêΓûêΓûêΓûêΓûë| 4992/5000 [16:06:30<01:40, 12.51s/ep, cand 4991 | r0 pass 
1687/4945 | episodes solved 1687 | queue r0 7 reprompt 0 | verifying 2 | 11.3 s/proposal]
first proposals: 100%|ΓûêΓûêΓûêΓûêΓûêΓûêΓûêΓûêΓûêΓûë| 4993/5000 [16:06:40<01:22, 11.81s/ep, cand 4992 | r0 pass 
1688/4946 | episodes solved 1688 | queue r0 5 reprompt 0 | verifying 3 | 11.4 s/proposal]
first proposals: 100%|ΓûêΓûêΓûêΓûêΓûêΓûêΓûêΓûêΓûêΓûë| 4994/5000 [16:06:53<01:12, 12.15s/ep, cand 4993 | r0 pass 
1689/4947 | episodes solved 1689 | queue r0 4 reprompt 0 | verifying 3 | 11.3 s/proposal]
first proposals: 100%|ΓûêΓûêΓûêΓûêΓûêΓûêΓûêΓûêΓûêΓûë| 4996/5000 [16:07:02<00:34,  8.66s/ep, cand 4995 | r0 pass 
1689/4949 | episodes solved 1689 | queue r0 3 reprompt 0 | verifying 2 | 11.3 s/proposal]
first proposals: 100%|ΓûêΓûêΓûêΓûêΓûêΓûêΓûêΓûêΓûêΓûë| 4997/5000 [16:07:23<00:35, 11.78s/ep, cand 4996 | r0 pass 
1689/4950 | episodes solved 1689 | queue r0 2 reprompt 0 | verifying 2 | 11.3 s/proposal]
first proposals: 100%|ΓûêΓûêΓûêΓûêΓûêΓûêΓûêΓûêΓûêΓûë| 4999/5000 [16:07:38<00:09,  9.91s/ep, cand 4998 | r0 pass 
1690/4952 | episodes solved 1690 | queue r0 0 reprompt 0 | verifying 2 | 11.2 s/proposal]
first proposals: 100%|ΓûêΓûêΓûêΓûêΓûêΓûêΓûêΓûêΓûêΓûê| 5000/5000 [16:07:45<00:00,  9.28s/ep, cand 4999 | r0 pass 
1690/4953 | episodes solved 1690 | queue r0 0 reprompt 0 | verifying 1 | 11.2 s/proposal]
first proposals: 100%|ΓûêΓûêΓûêΓûêΓûêΓûêΓûêΓûêΓûêΓûê| 5000/5000 [16:07:46<00:00, 11.66s/ep, cand 5000 | r0 pass 
1691/4954 | episodes solved 1691 | queue r0 0 reprompt 0 | verifying 0 | 11.2 s/proposal]
{"run_dir": "C:\\Users\\jv624\\Desktop\\fsm_reliability\\outputs\\cstr_collect\\20261001_115207_qwen25-15b-instruct_v4_v31_r0", "generated_this_session": 4980, "stopped_by_time": false, "remaining_in_queue": 0, "hours": 16.13}
