family,k,allow_frac,allow_threshold,allow_failure_rate,disallow_frac,disallow_threshold,disallow_valid_rate
neg_mean_logprob (untrained),1,0.002028397565922921,0.0253171417862176,0.0,0.002028397565922921,0.4207671284675598,0.0
neg_mean_logprob (untrained),2,0.004056795131845842,0.0261186528950929,0.5,0.004056795131845842,0.4188548922538757,0.0
neg_mean_logprob (untrained),3,0.006085192697768763,0.0342517644166946,0.6666666666666666,0.006085192697768763,0.413179337978363,0.0
neg_mean_logprob (untrained),4,0.008113590263691683,0.0377920903265476,0.5,0.008113590263691683,0.4002199470996856,0.0
neg_mean_logprob (untrained),5,0.010141987829614604,0.0394507907330989,0.4,0.010141987829614604,0.3856780529022217,0.0
neg_mean_logprob (untrained),6,0.012170385395537525,0.0395448133349418,0.5,0.012170385395537525,0.379851371049881,0.0
neg_mean_logprob (untrained),7,0.014198782961460446,0.0400217995047569,0.42857142857142855,0.014198782961460446,0.3754388391971588,0.0
neg_mean_logprob (untrained),8,0.016227180527383367,0.0412705577909946,0.375,0.016227180527383367,0.3639587759971618,0.0
neg_mean_logprob (untrained),9,0.018255578093306288,0.0483488626778125,0.3333333333333333,0.018255578093306288,0.3606398105621338,0.0
neg_mean_logprob (untrained),10,0.02028397565922921,0.0495963096618652,0.3,0.02028397565922921,0.350099503993988,0.0
neg_mean_logprob (untrained),11,0.02231237322515213,0.0513663478195667,0.2727272727272727,0.02231237322515213,0.3500862419605255,0.0
neg_mean_logprob (untrained),12,0.02434077079107505,0.0516088753938674,0.3333333333333333,0.02434077079107505,0.3495402038097381,0.0
neg_mean_logprob (untrained),13,0.02636916835699797,0.0518038384616375,0.3076923076923077,0.02636916835699797,0.3489549458026886,0.0
neg_mean_logprob (untrained),14,0.028397565922920892,0.0535827577114105,0.2857142857142857,0.028397565922920892,0.3461831510066986,0.0
neg_mean_logprob (untrained),15,0.030425963488843813,0.0550206936895847,0.26666666666666666,0.030425963488843813,0.3446399271488189,0.0
neg_mean_logprob (untrained),16,0.032454361054766734,0.0562938414514064,0.3125,0.032454361054766734,0.3398680090904236,0.0
neg_mean_logprob (untrained),17,0.034482758620689655,0.0569131858646869,0.29411764705882354,0.034482758620689655,0.3282586634159088,0.0
neg_mean_logprob (untrained),18,0.036511156186612576,0.0575254373252391,0.3333333333333333,0.036511156186612576,0.327997475862503,0.0
neg_mean_logprob (untrained),19,0.038539553752535496,0.0582660362124443,0.3157894736842105,0.038539553752535496,0.326335608959198,0.0
neg_mean_logprob (untrained),20,0.04056795131845842,0.0588215366005897,0.35,0.04056795131845842,0.3255735635757446,0.0
neg_mean_logprob (untrained),21,0.04259634888438134,0.0593656562268734,0.38095238095238093,0.04259634888438134,0.3236259520053863,0.0
neg_mean_logprob (untrained),22,0.04462474645030426,0.0595325194299221,0.4090909090909091,0.04462474645030426,0.3212941288948059,0.0
neg_mean_logprob (untrained),23,0.04665314401622718,0.0605691745877265,0.391304347826087,0.04665314401622718,0.3168563842773437,0.0
neg_mean_logprob (untrained),24,0.0486815415821501,0.0609092786908149,0.4166666666666667,0.0486815415821501,0.3155578076839447,0.0
neg_mean_logprob (untrained),25,0.05070993914807302,0.0620256997644901,0.44,0.05070993914807302,0.3144958913326263,0.0
neg_mean_logprob (untrained),26,0.05273833671399594,0.0622728653252124,0.46153846153846156,0.05273833671399594,0.3130238354206085,0.0
neg_mean_logprob (untrained),27,0.05476673427991886,0.0632313191890716,0.48148148148148145,0.05476673427991886,0.3128919005393982,0.0
neg_mean_logprob (untrained),28,0.056795131845841784,0.063749760389328,0.4642857142857143,0.056795131845841784,0.3105555772781372,0.0
neg_mean_logprob (untrained),29,0.058823529411764705,0.0641600713133812,0.4827586206896552,0.058823529411764705,0.3103207647800445,0.0
neg_mean_logprob (untrained),30,0.060851926977687626,0.0662157610058784,0.5,0.060851926977687626,0.3096909523010254,0.0
neg_mean_logprob (untrained),31,0.06288032454361055,0.0665918067097663,0.5161290322580645,0.06288032454361055,0.3084232807159424,0.0
neg_mean_logprob (untrained),32,0.06490872210953347,0.0668508857488632,0.53125,0.06490872210953347,0.3076618313789367,0.0
neg_mean_logprob (untrained),33,0.06693711967545639,0.0670821592211723,0.5454545454545454,0.06693711967545639,0.305040568113327,0.0
neg_mean_logprob (untrained),34,0.06896551724137931,0.0677833557128906,0.5588235294117647,0.06896551724137931,0.3019055724143982,0.0
neg_mean_logprob (untrained),35,0.07099391480730223,0.0683720484375953,0.5714285714285714,0.07099391480730223,0.3016049265861511,0.0
neg_mean_logprob (untrained),36,0.07302231237322515,0.0692399367690086,0.5555555555555556,0.07302231237322515,0.3012192845344543,0.027777777777777776
neg_mean_logprob (untrained),37,0.07505070993914807,0.0694735348224639,0.5405405405405406,0.07505070993914807,0.2977221310138702,0.02702702702702703
neg_mean_logprob (untrained),38,0.07707910750507099,0.0706325322389602,0.5526315789473685,0.07707910750507099,0.2959502935409546,0.02631578947368421
neg_mean_logprob (untrained),39,0.07910750507099391,0.0711836442351341,0.5641025641025641,0.07910750507099391,0.2952255308628082,0.02564102564102564
neg_mean_logprob (untrained),40,0.08113590263691683,0.0714178755879402,0.575,0.08113590263691683,0.2933328747749328,0.025
neg_mean_logprob (untrained),41,0.08316430020283976,0.0723237469792366,0.5609756097560976,0.08316430020283976,0.2916538119316101,0.024390243902439025
neg_mean_logprob (untrained),42,0.08519269776876268,0.0727389305830001,0.5476190476190477,0.08519269776876268,0.2907058596611023,0.023809523809523808
neg_mean_logprob (untrained),43,0.0872210953346856,0.0729700624942779,0.5348837209302325,0.0872210953346856,0.2890112102031708,0.023255813953488372
neg_mean_logprob (untrained),44,0.08924949290060852,0.0731476321816444,0.5227272727272727,0.08924949290060852,0.2881540060043335,0.022727272727272728
neg_mean_logprob (untrained),45,0.09127789046653144,0.0738804638385772,0.5333333333333333,0.09127789046653144,0.2877518534660339,0.022222222222222223
neg_mean_logprob (untrained),46,0.09330628803245436,0.0750421956181526,0.5434782608695652,0.09330628803245436,0.2870944142341614,0.021739130434782608
neg_mean_logprob (untrained),47,0.09533468559837728,0.0754390954971313,0.5319148936170213,0.09533468559837728,0.2863176763057709,0.02127659574468085
neg_mean_logprob (untrained),48,0.0973630831643002,0.0755594074726104,0.5208333333333334,0.0973630831643002,0.2854300737380981,0.020833333333333332
neg_mean_logprob (untrained),49,0.09939148073022312,0.0757780000567436,0.5306122448979592,0.09939148073022312,0.2843006551265716,0.02040816326530612
neg_mean_logprob (untrained),50,0.10141987829614604,0.0766897499561309,0.52,0.10141987829614604,0.2841737270355224,0.02
neg_mean_logprob (untrained),51,0.10344827586206896,0.0787539333105087,0.5098039215686274,0.10344827586206896,0.2839183807373047,0.0196078431372549
neg_mean_logprob (untrained),52,0.10547667342799188,0.0801511406898498,0.5192307692307693,0.10547667342799188,0.2836029827594757,0.019230769230769232
neg_mean_logprob (untrained),53,0.1075050709939148,0.0803463533520698,0.5283018867924528,0.1075050709939148,0.2827166020870209,0.018867924528301886
neg_mean_logprob (untrained),54,0.10953346855983773,0.0809237882494926,0.5370370370370371,0.10953346855983773,0.282067596912384,0.018518518518518517
neg_mean_logprob (untrained),55,0.11156186612576065,0.0809289440512657,0.5454545454545454,0.11156186612576065,0.2818732857704162,0.01818181818181818
neg_mean_logprob (untrained),56,0.11359026369168357,0.0820201262831687,0.5535714285714286,0.11359026369168357,0.2812055349349975,0.017857142857142856
neg_mean_logprob (untrained),57,0.11561866125760649,0.0831069275736808,0.5614035087719298,0.11561866125760649,0.2807278335094452,0.017543859649122806
neg_mean_logprob (untrained),58,0.11764705882352941,0.0831069722771644,0.5689655172413793,0.11764705882352941,0.2783296108245849,0.017241379310344827
neg_mean_logprob (untrained),59,0.11967545638945233,0.0836113914847374,0.576271186440678,0.11967545638945233,0.2748898267745971,0.01694915254237288
neg_mean_logprob (untrained),60,0.12170385395537525,0.0839269235730171,0.5833333333333334,0.12170385395537525,0.2748855054378509,0.016666666666666666
neg_mean_logprob (untrained),61,0.12373225152129817,0.0852711275219917,0.5901639344262295,0.12373225152129817,0.2742087244987488,0.03278688524590164
neg_mean_logprob (untrained),62,0.1257606490872211,0.0857091844081878,0.5806451612903226,0.1257606490872211,0.27354496717453,0.03225806451612903
neg_mean_logprob (untrained),63,0.12778904665314403,0.0862801223993301,0.5873015873015873,0.12778904665314403,0.2732591032981872,0.031746031746031744
neg_mean_logprob (untrained),64,0.12981744421906694,0.0870707705616951,0.578125,0.12981744421906694,0.2727138996124267,0.03125
neg_mean_logprob (untrained),65,0.13184584178498987,0.0879615470767021,0.5692307692307692,0.13184584178498987,0.271970272064209,0.03076923076923077
neg_mean_logprob (untrained),66,0.13387423935091278,0.0890325680375099,0.5757575757575758,0.13387423935091278,0.2719287276268005,0.030303030303030304
neg_mean_logprob (untrained),67,0.1359026369168357,0.0893624424934387,0.582089552238806,0.1359026369168357,0.2716726958751678,0.029850746268656716
neg_mean_logprob (untrained),68,0.13793103448275862,0.089467667043209,0.5882352941176471,0.13793103448275862,0.2713460028171539,0.029411764705882353
neg_mean_logprob (untrained),69,0.13995943204868155,0.0897784829139709,0.5942028985507246,0.13995943204868155,0.270300030708313,0.028985507246376812
neg_mean_logprob (untrained),70,0.14198782961460446,0.0901595875620842,0.5857142857142857,0.14198782961460446,0.2701476216316223,0.02857142857142857
neg_mean_logprob (untrained),71,0.1440162271805274,0.0904266461730003,0.5774647887323944,0.1440162271805274,0.2698689699172973,0.028169014084507043
neg_mean_logprob (untrained),72,0.1460446247464503,0.0909232571721077,0.5694444444444444,0.1460446247464503,0.269015908241272,0.027777777777777776
neg_mean_logprob (untrained),73,0.14807302231237324,0.0916188359260559,0.5616438356164384,0.14807302231237324,0.2685019075870514,0.0273972602739726
neg_mean_logprob (untrained),74,0.15010141987829614,0.0917527005076408,0.5540540540540541,0.15010141987829614,0.2683519721031189,0.04054054054054054
neg_mean_logprob (untrained),75,0.15212981744421908,0.0929747372865676,0.56,0.15212981744421908,0.266910582780838,0.04
neg_mean_logprob (untrained),76,0.15415821501014199,0.0936150029301643,0.5657894736842105,0.15415821501014199,0.2663913369178772,0.039473684210526314
neg_mean_logprob (untrained),77,0.15618661257606492,0.093811921775341,0.5714285714285714,0.15618661257606492,0.2656133770942688,0.03896103896103896
neg_mean_logprob (untrained),78,0.15821501014198783,0.0938615873456001,0.5641025641025641,0.15821501014198783,0.2654677629470825,0.038461538461538464
neg_mean_logprob (untrained),79,0.16024340770791076,0.0943926498293876,0.5569620253164557,0.16024340770791076,0.2650257647037506,0.0379746835443038
neg_mean_logprob (untrained),80,0.16227180527383367,0.0946628078818321,0.5625,0.16227180527383367,0.2646840810775757,0.0375
neg_mean_logprob (untrained),81,0.1643002028397566,0.0947297886013984,0.5679012345679012,0.1643002028397566,0.2641678750514984,0.037037037037037035
neg_mean_logprob (untrained),82,0.1663286004056795,0.0955658257007598,0.573170731707317,0.1663286004056795,0.2596316635608673,0.036585365853658534
neg_mean_logprob (untrained),83,0.16835699797160245,0.095635324716568,0.5783132530120482,0.16835699797160245,0.257078617811203,0.03614457831325301
neg_mean_logprob (untrained),84,0.17038539553752535,0.095935970544815,0.5833333333333334,0.17038539553752535,0.2567175328731537,0.03571428571428571
neg_mean_logprob (untrained),85,0.1724137931034483,0.0963537916541099,0.5882352941176471,0.1724137931034483,0.2565406858921051,0.03529411764705882
neg_mean_logprob (untrained),86,0.1744421906693712,0.0964321941137313,0.5930232558139535,0.1744421906693712,0.2552785575389862,0.03488372093023256
neg_mean_logprob (untrained),87,0.17647058823529413,0.0965592786669731,0.5977011494252874,0.17647058823529413,0.2549637854099273,0.034482758620689655
neg_mean_logprob (untrained),88,0.17849898580121704,0.0967353209853172,0.5909090909090909,0.17849898580121704,0.2545923292636871,0.03409090909090909
neg_mean_logprob (untrained),89,0.18052738336713997,0.096885547041893,0.5842696629213483,0.18052738336713997,0.2529366016387939,0.033707865168539325
neg_mean_logprob (untrained),90,0.18255578093306288,0.0972190424799919,0.5888888888888889,0.18255578093306288,0.2518960237503052,0.03333333333333333
neg_mean_logprob (untrained),91,0.1845841784989858,0.0973859131336212,0.5824175824175825,0.1845841784989858,0.2510980367660522,0.03296703296703297
neg_mean_logprob (untrained),92,0.18661257606490872,0.099603533744812,0.5760869565217391,0.18661257606490872,0.2482417970895767,0.03260869565217391
neg_mean_logprob (untrained),93,0.18864097363083165,0.0996564999222755,0.5806451612903226,0.18864097363083165,0.2471258491277694,0.03225806451612903
neg_mean_logprob (untrained),94,0.19066937119675456,0.0997728109359741,0.5851063829787234,0.19066937119675456,0.2469653338193893,0.031914893617021274
neg_mean_logprob (untrained),95,0.1926977687626775,0.100138671696186,0.5894736842105263,0.1926977687626775,0.2469290345907211,0.031578947368421054
neg_mean_logprob (untrained),96,0.1947261663286004,0.1005511805415153,0.59375,0.1947261663286004,0.2469289600849151,0.03125
neg_mean_logprob (untrained),97,0.19675456389452334,0.1007540747523307,0.5979381443298969,0.19675456389452334,0.2455563247203827,0.030927835051546393
neg_mean_logprob (untrained),98,0.19878296146044624,0.1017035320401191,0.6020408163265306,0.19878296146044624,0.2440696507692337,0.030612244897959183
neg_mean_logprob (untrained),99,0.20081135902636918,0.1018362715840339,0.5959595959595959,0.20081135902636918,0.2426925003528595,0.030303030303030304
neg_mean_logprob (untrained),100,0.2028397565922921,0.1024006307125091,0.6,0.2028397565922921,0.2425407618284225,0.03
neg_mean_logprob (untrained),101,0.20486815415821502,0.1030234396457672,0.6039603960396039,0.20486815415821502,0.2422894984483719,0.039603960396039604
neg_mean_logprob (untrained),102,0.20689655172413793,0.1039729118347168,0.5980392156862745,0.20689655172413793,0.2410042881965637,0.0392156862745098
neg_mean_logprob (untrained),103,0.20892494929006086,0.1047981157898902,0.5922330097087378,0.20892494929006086,0.2406699806451797,0.038834951456310676
neg_mean_logprob (untrained),104,0.21095334685598377,0.1049239933490753,0.5865384615384616,0.21095334685598377,0.2400148063898086,0.038461538461538464
neg_mean_logprob (untrained),105,0.2129817444219067,0.1050741896033287,0.580952380952381,0.2129817444219067,0.2392511069774627,0.0380952380952381
neg_mean_logprob (untrained),106,0.2150101419878296,0.1052979081869125,0.5754716981132075,0.2150101419878296,0.2391346395015716,0.03773584905660377
neg_mean_logprob (untrained),107,0.21703853955375255,0.1055130213499069,0.5794392523364486,0.21703853955375255,0.2371604144573211,0.04672897196261682
neg_mean_logprob (untrained),108,0.21906693711967545,0.1058756336569786,0.5833333333333334,0.21906693711967545,0.236871525645256,0.046296296296296294
neg_mean_logprob (untrained),109,0.2210953346855984,0.1071179285645484,0.5779816513761468,0.2210953346855984,0.2364950776100158,0.045871559633027525
neg_mean_logprob (untrained),110,0.2231237322515213,0.1075434982776641,0.5727272727272728,0.2231237322515213,0.2364535629749298,0.045454545454545456
neg_mean_logprob (untrained),111,0.22515212981744423,0.1082018837332725,0.5675675675675675,0.22515212981744423,0.2351790964603424,0.04504504504504504
neg_mean_logprob (untrained),112,0.22718052738336714,0.1086047440767288,0.5625,0.22718052738336714,0.2339060455560684,0.044642857142857144
neg_mean_logprob (untrained),113,0.22920892494929007,0.1086416393518447,0.5663716814159292,0.22920892494929007,0.2338239848613739,0.04424778761061947
neg_mean_logprob (untrained),114,0.23123732251521298,0.1087237894535064,0.5701754385964912,0.23123732251521298,0.2334844917058944,0.043859649122807015
neg_mean_logprob (untrained),115,0.2332657200811359,0.1097661927342414,0.5739130434782609,0.2332657200811359,0.2333066016435623,0.043478260869565216
neg_mean_logprob (untrained),116,0.23529411764705882,0.1097836792469024,0.5689655172413793,0.23529411764705882,0.2332290560007095,0.04310344827586207
neg_mean_logprob (untrained),117,0.23732251521298176,0.1100598573684692,0.5726495726495726,0.23732251521298176,0.2315759658813476,0.042735042735042736
neg_mean_logprob (untrained),118,0.23935091277890466,0.1101767197251319,0.5677966101694916,0.23935091277890466,0.2312373220920562,0.0423728813559322
neg_mean_logprob (untrained),119,0.2413793103448276,0.1102628111839294,0.5630252100840336,0.2413793103448276,0.2312269955873489,0.04201680672268908
neg_mean_logprob (untrained),120,0.2434077079107505,0.1103962063789367,0.5666666666666667,0.2434077079107505,0.2299964129924774,0.041666666666666664
neg_mean_logprob (untrained),121,0.24543610547667344,0.1109711900353431,0.5702479338842975,0.24543610547667344,0.2288109362125396,0.04132231404958678
neg_mean_logprob (untrained),122,0.24746450304259635,0.1111808344721794,0.5655737704918032,0.24746450304259635,0.2287236005067825,0.040983606557377046
neg_mean_logprob (untrained),123,0.24949290060851928,0.1119576841592788,0.5691056910569106,0.24949290060851928,0.2285632640123367,0.04065040650406504
neg_mean_logprob (untrained),124,0.2515212981744422,0.1120349988341331,0.5725806451612904,0.2515212981744422,0.2277698814868927,0.04032258064516129
neg_mean_logprob (untrained),125,0.2535496957403651,0.1120906546711921,0.576,0.2535496957403651,0.2275223284959793,0.04
neg_mean_logprob (untrained),126,0.25557809330628806,0.1124120950698852,0.5793650793650794,0.25557809330628806,0.2263962030410766,0.03968253968253968
neg_mean_logprob (untrained),127,0.25760649087221094,0.1128640472888946,0.5826771653543307,0.25760649087221094,0.2259707450866699,0.03937007874015748
neg_mean_logprob (untrained),128,0.25963488843813387,0.1130504608154296,0.5859375,0.25963488843813387,0.2259201258420944,0.0390625
neg_mean_logprob (untrained),129,0.2616632860040568,0.1131176576018333,0.5891472868217055,0.2616632860040568,0.225529670715332,0.03875968992248062
neg_mean_logprob (untrained),130,0.26369168356997974,0.1131388247013092,0.5923076923076923,0.26369168356997974,0.2239249795675277,0.046153846153846156
neg_mean_logprob (untrained),131,0.2657200811359026,0.1136416420340538,0.5954198473282443,0.2657200811359026,0.2238394320011139,0.04580152671755725
neg_mean_logprob (untrained),132,0.26774847870182555,0.1138195320963859,0.5984848484848485,0.26774847870182555,0.2230020016431808,0.045454545454545456
neg_mean_logprob (untrained),133,0.2697768762677485,0.1140945851802825,0.6015037593984962,0.2697768762677485,0.2228373140096664,0.045112781954887216
neg_mean_logprob (untrained),134,0.2718052738336714,0.1140975952148437,0.6044776119402985,0.2718052738336714,0.2228036224842071,0.04477611940298507
neg_mean_logprob (untrained),135,0.2738336713995943,0.1143016144633293,0.6074074074074074,0.2738336713995943,0.2203466594219207,0.044444444444444446
neg_mean_logprob (untrained),136,0.27586206896551724,0.1155761331319809,0.6102941176470589,0.27586206896551724,0.2194424271583557,0.04411764705882353
neg_mean_logprob (untrained),137,0.2778904665314402,0.1156606376171112,0.6131386861313869,0.2778904665314402,0.2191292643547058,0.043795620437956206
neg_mean_logprob (untrained),138,0.2799188640973631,0.1159108355641365,0.6159420289855072,0.2799188640973631,0.218963548541069,0.043478260869565216
neg_mean_logprob (untrained),139,0.281947261663286,0.1161995157599449,0.6187050359712231,0.281947261663286,0.2187933027744293,0.04316546762589928
neg_mean_logprob (untrained),140,0.2839756592292089,0.1163848489522934,0.6142857142857143,0.2839756592292089,0.2186400741338729,0.04285714285714286
neg_mean_logprob (untrained),141,0.28600405679513186,0.1164029315114021,0.6170212765957447,0.28600405679513186,0.2160185277462005,0.0425531914893617
neg_mean_logprob (untrained),142,0.2880324543610548,0.1165322139859199,0.6197183098591549,0.2880324543610548,0.2159597873687744,0.04225352112676056
neg_mean_logprob (untrained),143,0.29006085192697767,0.1169482693076133,0.6223776223776224,0.29006085192697767,0.215525671839714,0.04195804195804196
neg_mean_logprob (untrained),144,0.2920892494929006,0.1171364039182663,0.625,0.2920892494929006,0.2147713452577591,0.041666666666666664
neg_mean_logprob (untrained),145,0.29411764705882354,0.117182619869709,0.6275862068965518,0.29411764705882354,0.2135961949825287,0.041379310344827586
neg_mean_logprob (untrained),146,0.2961460446247465,0.1180648952722549,0.6301369863013698,0.2961460446247465,0.2134674191474914,0.04794520547945205
neg_mean_logprob (untrained),147,0.29817444219066935,0.1195767447352409,0.6326530612244898,0.29817444219066935,0.2129589468240738,0.05442176870748299
neg_mean_logprob (untrained),148,0.3002028397565923,0.1198107823729515,0.6351351351351351,0.3002028397565923,0.2122174501419067,0.05405405405405406
neg_mean_logprob (untrained),149,0.3022312373225152,0.120584636926651,0.6375838926174496,0.3022312373225152,0.2116984874010086,0.053691275167785234
neg_mean_logprob (untrained),150,0.30425963488843816,0.1206951662898063,0.64,0.30425963488843816,0.2103430777788162,0.05333333333333334
neg_mean_logprob (untrained),151,0.30628803245436104,0.1214319840073585,0.6357615894039735,0.30628803245436104,0.2102160155773162,0.052980132450331126
neg_mean_logprob (untrained),152,0.30831643002028397,0.1219635531306266,0.631578947368421,0.30831643002028397,0.2099194228649139,0.05263157894736842
neg_mean_logprob (untrained),153,0.3103448275862069,0.1224830374121666,0.6339869281045751,0.3103448275862069,0.2096984535455703,0.05228758169934641
neg_mean_logprob (untrained),154,0.31237322515212984,0.1226070523262023,0.6363636363636364,0.31237322515212984,0.2081601023674011,0.05194805194805195
neg_mean_logprob (untrained),155,0.3144016227180527,0.1227179169654846,0.6387096774193548,0.3144016227180527,0.2081084996461868,0.05161290322580645
neg_mean_logprob (untrained),156,0.31643002028397565,0.1231861263513565,0.6346153846153846,0.31643002028397565,0.2074222117662429,0.05128205128205128
neg_mean_logprob (untrained),157,0.3184584178498986,0.123391605913639,0.6369426751592356,0.3184584178498986,0.2068358361721038,0.050955414012738856
neg_mean_logprob (untrained),158,0.3204868154158215,0.1241969019174575,0.6392405063291139,0.3204868154158215,0.2066200822591781,0.05063291139240506
neg_mean_logprob (untrained),159,0.3225152129817444,0.1248786449432373,0.6415094339622641,0.3225152129817444,0.2063358724117279,0.050314465408805034
neg_mean_logprob (untrained),160,0.32454361054766734,0.1250191777944564,0.64375,0.32454361054766734,0.2059221118688583,0.05
neg_mean_logprob (untrained),161,0.3265720081135903,0.1263553202152252,0.6459627329192547,0.3265720081135903,0.2058737277984619,0.049689440993788817
neg_mean_logprob (untrained),162,0.3286004056795132,0.1265520006418228,0.6481481481481481,0.3286004056795132,0.2056895047426223,0.04938271604938271
neg_mean_logprob (untrained),163,0.3306288032454361,0.1268300265073776,0.6503067484662577,0.3306288032454361,0.2053067684173584,0.049079754601226995
neg_mean_logprob (untrained),164,0.332657200811359,0.1270677894353866,0.6524390243902439,0.332657200811359,0.2040982693433761,0.04878048780487805
neg_mean_logprob (untrained),165,0.33468559837728196,0.1277065575122833,0.6545454545454545,0.33468559837728196,0.2037080228328704,0.048484848484848485
neg_mean_logprob (untrained),166,0.3367139959432049,0.1277304738759994,0.6566265060240963,0.3367139959432049,0.2029429823160171,0.04819277108433735
neg_mean_logprob (untrained),167,0.33874239350912777,0.1277704685926437,0.6586826347305389,0.33874239350912777,0.2026723176240921,0.04790419161676647
neg_mean_logprob (untrained),168,0.3407707910750507,0.1279716342687606,0.6607142857142857,0.3407707910750507,0.2018629312515258,0.047619047619047616
neg_mean_logprob (untrained),169,0.34279918864097364,0.1289836913347244,0.6627218934911243,0.34279918864097364,0.2008571028709411,0.047337278106508875
neg_mean_logprob (untrained),170,0.3448275862068966,0.1290619224309921,0.6647058823529411,0.3448275862068966,0.2007309943437576,0.047058823529411764
neg_mean_logprob (untrained),171,0.34685598377281945,0.1291908621788025,0.6666666666666666,0.34685598377281945,0.2005245387554168,0.04678362573099415
neg_mean_logprob (untrained),172,0.3488843813387424,0.1292502284049987,0.6627906976744186,0.3488843813387424,0.2004807889461517,0.046511627906976744
neg_mean_logprob (untrained),173,0.3509127789046653,0.1292615234851837,0.6589595375722543,0.3509127789046653,0.2003451585769653,0.046242774566473986
neg_mean_logprob (untrained),174,0.35294117647058826,0.129423975944519,0.6609195402298851,0.35294117647058826,0.1998401880264282,0.04597701149425287
neg_mean_logprob (untrained),175,0.35496957403651114,0.1294354647397995,0.6628571428571428,0.35496957403651114,0.199840173125267,0.045714285714285714
neg_mean_logprob (untrained),176,0.35699797160243407,0.1297547817230224,0.6647727272727273,0.35699797160243407,0.1996086090803146,0.045454545454545456
neg_mean_logprob (untrained),177,0.359026369168357,0.130651906132698,0.6666666666666666,0.359026369168357,0.1995849609375,0.04519774011299435
neg_mean_logprob (untrained),178,0.36105476673427994,0.1313389837741851,0.6685393258426966,0.36105476673427994,0.1983151882886886,0.0449438202247191
neg_mean_logprob (untrained),179,0.3630831643002028,0.1322526335716247,0.6703910614525139,0.3630831643002028,0.1982234865427017,0.0446927374301676
neg_mean_logprob (untrained),180,0.36511156186612576,0.1327340751886367,0.6722222222222223,0.36511156186612576,0.1976676434278488,0.044444444444444446
neg_mean_logprob (untrained),181,0.3671399594320487,0.1339628994464874,0.6740331491712708,0.3671399594320487,0.1976422816514969,0.04419889502762431
neg_mean_logprob (untrained),182,0.3691683569979716,0.13521209359169,0.6758241758241759,0.3691683569979716,0.1971891522407531,0.04395604395604396
neg_mean_logprob (untrained),183,0.3711967545638945,0.135584220290184,0.6775956284153005,0.3711967545638945,0.1962669789791107,0.04371584699453552
neg_mean_logprob (untrained),184,0.37322515212981744,0.1363830715417862,0.6793478260869565,0.37322515212981744,0.1957236975431442,0.043478260869565216
neg_mean_logprob (untrained),185,0.3752535496957404,0.1368342041969299,0.6810810810810811,0.3752535496957404,0.1954811066389084,0.043243243243243246
neg_mean_logprob (untrained),186,0.3772819472616633,0.1377485245466232,0.6827956989247311,0.3772819472616633,0.1953707933425903,0.043010752688172046
neg_mean_logprob (untrained),187,0.3793103448275862,0.1378556787967682,0.6844919786096256,0.3793103448275862,0.1949478685855865,0.0427807486631016
neg_mean_logprob (untrained),188,0.3813387423935091,0.1383733004331588,0.6861702127659575,0.3813387423935091,0.1943303197622299,0.0425531914893617
neg_mean_logprob (untrained),189,0.38336713995943206,0.1385305076837539,0.6878306878306878,0.38336713995943206,0.1930098384618759,0.042328042328042326
neg_mean_logprob (untrained),190,0.385395537525355,0.1386901438236236,0.6842105263157895,0.385395537525355,0.1928777694702148,0.042105263157894736
neg_mean_logprob (untrained),191,0.38742393509127787,0.1387768238782882,0.6858638743455497,0.38742393509127787,0.1928354352712631,0.041884816753926704
neg_mean_logprob (untrained),192,0.3894523326572008,0.1390807777643203,0.6822916666666666,0.3894523326572008,0.1927052289247512,0.041666666666666664
neg_mean_logprob (untrained),193,0.39148073022312374,0.1393257528543472,0.6839378238341969,0.39148073022312374,0.1907850056886673,0.04145077720207254
neg_mean_logprob (untrained),194,0.3935091277890467,0.1393857896327972,0.6855670103092784,0.3935091277890467,0.1900615394115448,0.041237113402061855
neg_mean_logprob (untrained),195,0.39553752535496955,0.139646291732788,0.6820512820512821,0.39553752535496955,0.1880344301462173,0.041025641025641026
neg_mean_logprob (untrained),196,0.3975659229208925,0.1409833133220672,0.6836734693877551,0.3975659229208925,0.1872202306985855,0.04081632653061224
neg_mean_logprob (untrained),197,0.3995943204868154,0.1410476714372635,0.6852791878172588,0.3995943204868154,0.1861879825592041,0.04060913705583756
neg_mean_logprob (untrained),198,0.40162271805273836,0.1415674388408661,0.6868686868686869,0.40162271805273836,0.1852946132421493,0.04040404040404041
neg_mean_logprob (untrained),199,0.40365111561866124,0.1417286843061447,0.6834170854271356,0.40365111561866124,0.1852408796548843,0.04020100502512563
neg_mean_logprob (untrained),200,0.4056795131845842,0.1430773586034774,0.685,0.4056795131845842,0.1845379769802093,0.04
neg_mean_logprob (untrained),201,0.4077079107505071,0.1438020169734954,0.6865671641791045,0.4077079107505071,0.1840053349733352,0.04477611940298507
neg_mean_logprob (untrained),202,0.40973630831643004,0.1457380950450897,0.6881188118811881,0.40973630831643004,0.1837524175643921,0.04455445544554455
neg_mean_logprob (untrained),203,0.4117647058823529,0.1464945822954177,0.6896551724137931,0.4117647058823529,0.1834936887025833,0.04433497536945813
neg_mean_logprob (untrained),204,0.41379310344827586,0.1467091143131256,0.6911764705882353,0.41379310344827586,0.1823920607566833,0.04411764705882353
neg_mean_logprob (untrained),205,0.4158215010141988,0.1473721861839294,0.6926829268292682,0.4158215010141988,0.1822509467601776,0.04390243902439024
neg_mean_logprob (untrained),206,0.4178498985801217,0.1484939604997635,0.6941747572815534,0.4178498985801217,0.1814646869897842,0.043689320388349516
neg_mean_logprob (untrained),207,0.4198782961460446,0.1486314535140991,0.6956521739130435,0.4198782961460446,0.1799685209989547,0.043478260869565216
neg_mean_logprob (untrained),208,0.42190669371196754,0.1488217860460281,0.6971153846153846,0.42190669371196754,0.1795770823955536,0.04326923076923077
neg_mean_logprob (untrained),209,0.4239350912778905,0.1502333134412765,0.69377990430622,0.4239350912778905,0.179470881819725,0.0430622009569378
neg_mean_logprob (untrained),210,0.4259634888438134,0.1505787372589111,0.6952380952380952,0.4259634888438134,0.1791600883007049,0.047619047619047616
neg_mean_logprob (untrained),211,0.4279918864097363,0.150600254535675,0.6966824644549763,0.4279918864097363,0.1790153235197067,0.052132701421800945
neg_mean_logprob (untrained),212,0.4300202839756592,0.1514730304479599,0.6981132075471698,0.4300202839756592,0.1782784759998321,0.05188679245283019
neg_mean_logprob (untrained),213,0.43204868154158216,0.1516910046339035,0.6995305164319249,0.43204868154158216,0.1776142418384552,0.056338028169014086
neg_mean_logprob (untrained),214,0.4340770791075051,0.1518463492393493,0.7009345794392523,0.4340770791075051,0.1773908585309982,0.056074766355140186
neg_mean_logprob (untrained),215,0.43610547667342797,0.1518734842538833,0.7023255813953488,0.43610547667342797,0.1772188991308212,0.05581395348837209
neg_mean_logprob (untrained),216,0.4381338742393509,0.1522211134433746,0.7037037037037037,0.4381338742393509,0.1761690974235534,0.05555555555555555
neg_mean_logprob (untrained),217,0.44016227180527384,0.152504026889801,0.7050691244239631,0.44016227180527384,0.1759877353906631,0.055299539170506916
neg_mean_logprob (untrained),218,0.4421906693711968,0.1535341590642929,0.7064220183486238,0.4421906693711968,0.1754782795906067,0.05504587155963303
neg_mean_logprob (untrained),219,0.44421906693711966,0.1538668274879455,0.7077625570776256,0.44421906693711966,0.1750570684671402,0.0547945205479452
neg_mean_logprob (untrained),220,0.4462474645030426,0.1538888961076736,0.7090909090909091,0.4462474645030426,0.1747125387191772,0.05454545454545454
neg_mean_logprob (untrained),221,0.4482758620689655,0.1539042890071869,0.7104072398190046,0.4482758620689655,0.1734986752271652,0.05429864253393665
neg_mean_logprob (untrained),222,0.45030425963488846,0.1540564447641372,0.7072072072072072,0.45030425963488846,0.1730404794216156,0.05405405405405406
neg_mean_logprob (untrained),223,0.45233265720081134,0.1546086221933365,0.7085201793721974,0.45233265720081134,0.1728596985340118,0.053811659192825115
neg_mean_logprob (untrained),224,0.4543610547667343,0.154737502336502,0.7098214285714286,0.4543610547667343,0.1717253625392913,0.05357142857142857
neg_mean_logprob (untrained),225,0.4563894523326572,0.1548155397176742,0.7111111111111111,0.4563894523326572,0.1703916490077972,0.05333333333333334
neg_mean_logprob (untrained),226,0.45841784989858014,0.1554753482341766,0.7123893805309734,0.45841784989858014,0.1703191995620727,0.05309734513274336
neg_mean_logprob (untrained),227,0.460446247464503,0.1562524139881134,0.7136563876651982,0.460446247464503,0.170261725783348,0.05286343612334802
neg_mean_logprob (untrained),228,0.46247464503042596,0.1564452052116394,0.7149122807017544,0.46247464503042596,0.1701206117868423,0.05263157894736842
neg_mean_logprob (untrained),229,0.4645030425963489,0.1569749414920807,0.7161572052401747,0.4645030425963489,0.1700088232755661,0.05240174672489083
neg_mean_logprob (untrained),230,0.4665314401622718,0.1570722609758377,0.7130434782608696,0.4665314401622718,0.1697100400924682,0.05217391304347826
neg_mean_logprob (untrained),231,0.4685598377281947,0.1578817963600158,0.7142857142857143,0.4685598377281947,0.1691341698169708,0.05627705627705628
neg_mean_logprob (untrained),232,0.47058823529411764,0.1583728194236755,0.7155172413793104,0.47058823529411764,0.1682206094264984,0.05603448275862069
neg_mean_logprob (untrained),233,0.4726166328600406,0.1592640578746795,0.7167381974248928,0.4726166328600406,0.1681536585092544,0.060085836909871244
neg_mean_logprob (untrained),234,0.4746450304259635,0.1592799574136734,0.717948717948718,0.4746450304259635,0.1679678559303283,0.05982905982905983
neg_mean_logprob (untrained),235,0.4766734279918864,0.1592816412448883,0.7191489361702128,0.4766734279918864,0.1679381728172302,0.059574468085106386
neg_mean_logprob (untrained),236,0.4787018255578093,0.159401386976242,0.7203389830508474,0.4787018255578093,0.1670588254928589,0.059322033898305086
neg_mean_logprob (untrained),237,0.48073022312373226,0.1596163511276245,0.7215189873417721,0.48073022312373226,0.1670198887586593,0.06329113924050633
neg_mean_logprob (untrained),238,0.4827586206896552,0.1596994698047638,0.7226890756302521,0.4827586206896552,0.1666529923677444,0.06302521008403361
neg_mean_logprob (untrained),239,0.4847870182555781,0.1605293452739715,0.7238493723849372,0.4847870182555781,0.1665090471506118,0.06276150627615062
neg_mean_logprob (untrained),240,0.486815415821501,0.1605470031499862,0.725,0.486815415821501,0.1663667261600494,0.0625
neg_mean_logprob (untrained),241,0.48884381338742394,0.1617013365030288,0.7261410788381742,0.48884381338742394,0.1656498610973358,0.06224066390041494
neg_mean_logprob (untrained),242,0.4908722109533469,0.1618160307407379,0.7272727272727273,0.4908722109533469,0.1651034206151962,0.06198347107438017
neg_mean_logprob (untrained),243,0.49290060851926976,0.1626497358083725,0.7283950617283951,0.49290060851926976,0.1651026457548141,0.06172839506172839
neg_mean_logprob (untrained),244,0.4949290060851927,0.1630794554948806,0.7295081967213115,0.4949290060851927,0.1639087796211242,0.06147540983606557
neg_mean_logprob (untrained),245,0.4969574036511156,0.1630805730819702,0.7306122448979592,0.4969574036511156,0.1637811809778213,0.061224489795918366
neg_mean_logprob (untrained),246,0.49898580121703856,0.1632914245128631,0.7317073170731707,0.49898580121703856,0.1635412722826004,0.06097560975609756
neg_mean_logprob (untrained),247,0.5010141987829615,0.1635124385356903,0.728744939271255,0.5010141987829615,0.1635124385356903,0.06477732793522267
neg_mean_logprob (untrained),248,0.5030425963488844,0.1635412722826004,0.7298387096774194,0.5030425963488844,0.1632914245128631,0.06451612903225806
neg_mean_logprob (untrained),249,0.5050709939148073,0.1637811809778213,0.7309236947791165,0.5050709939148073,0.1630805730819702,0.0642570281124498
neg_mean_logprob (untrained),250,0.5070993914807302,0.1639087796211242,0.732,0.5070993914807302,0.1630794554948806,0.064
neg_mean_logprob (untrained),251,0.5091277890466531,0.1651026457548141,0.7330677290836654,0.5091277890466531,0.1626497358083725,0.06374501992031872
neg_mean_logprob (untrained),252,0.5111561866125761,0.1651034206151962,0.7341269841269841,0.5111561866125761,0.1618160307407379,0.06349206349206349
neg_mean_logprob (untrained),253,0.513184584178499,0.1656498610973358,0.7351778656126482,0.513184584178499,0.1617013365030288,0.06324110671936758
neg_mean_logprob (untrained),254,0.5152129817444219,0.1663667261600494,0.7362204724409449,0.5152129817444219,0.1605470031499862,0.06299212598425197
neg_mean_logprob (untrained),255,0.5172413793103449,0.1665090471506118,0.7372549019607844,0.5172413793103449,0.1605293452739715,0.06274509803921569
neg_mean_logprob (untrained),256,0.5192697768762677,0.1666529923677444,0.73828125,0.5192697768762677,0.1596994698047638,0.0625
neg_mean_logprob (untrained),257,0.5212981744421906,0.1670198887586593,0.7354085603112841,0.5212981744421906,0.1596163511276245,0.0622568093385214
neg_mean_logprob (untrained),258,0.5233265720081136,0.1670588254928589,0.7364341085271318,0.5233265720081136,0.159401386976242,0.06201550387596899
neg_mean_logprob (untrained),259,0.5253549695740365,0.1679381728172302,0.7374517374517374,0.5253549695740365,0.1592816412448883,0.06177606177606178
neg_mean_logprob (untrained),260,0.5273833671399595,0.1679678559303283,0.7384615384615385,0.5273833671399595,0.1592799574136734,0.06153846153846154
neg_mean_logprob (untrained),261,0.5294117647058824,0.1681536585092544,0.735632183908046,0.5294117647058824,0.1592640578746795,0.06130268199233716
neg_mean_logprob (untrained),262,0.5314401622718052,0.1682206094264984,0.7366412213740458,0.5314401622718052,0.1583728194236755,0.061068702290076333
neg_mean_logprob (untrained),263,0.5334685598377282,0.1691341698169708,0.7338403041825095,0.5334685598377282,0.1578817963600158,0.060836501901140684
neg_mean_logprob (untrained),264,0.5354969574036511,0.1697100400924682,0.7348484848484849,0.5354969574036511,0.1570722609758377,0.06439393939393939
neg_mean_logprob (untrained),265,0.537525354969574,0.1700088232755661,0.7358490566037735,0.537525354969574,0.1569749414920807,0.06415094339622641
neg_mean_logprob (untrained),266,0.539553752535497,0.1701206117868423,0.7368421052631579,0.539553752535497,0.1564452052116394,0.06390977443609022
neg_mean_logprob (untrained),267,0.5415821501014199,0.170261725783348,0.7378277153558053,0.5415821501014199,0.1562524139881134,0.06367041198501873
neg_mean_logprob (untrained),268,0.5436105476673428,0.1703191995620727,0.7388059701492538,0.5436105476673428,0.1554753482341766,0.06343283582089553
neg_mean_logprob (untrained),269,0.5456389452332657,0.1703916490077972,0.7397769516728625,0.5456389452332657,0.1548155397176742,0.06319702602230483
neg_mean_logprob (untrained),270,0.5476673427991886,0.1717253625392913,0.7407407407407407,0.5476673427991886,0.154737502336502,0.06296296296296296
neg_mean_logprob (untrained),271,0.5496957403651116,0.1728596985340118,0.7416974169741697,0.5496957403651116,0.1546086221933365,0.06273062730627306
neg_mean_logprob (untrained),272,0.5517241379310345,0.1730404794216156,0.7426470588235294,0.5517241379310345,0.1540564447641372,0.0661764705882353
neg_mean_logprob (untrained),273,0.5537525354969574,0.1734986752271652,0.7435897435897436,0.5537525354969574,0.1539042890071869,0.06593406593406594
neg_mean_logprob (untrained),274,0.5557809330628803,0.1747125387191772,0.7445255474452555,0.5557809330628803,0.1538888961076736,0.06569343065693431
neg_mean_logprob (untrained),275,0.5578093306288032,0.1750570684671402,0.7454545454545455,0.5578093306288032,0.1538668274879455,0.06545454545454546
neg_mean_logprob (untrained),276,0.5598377281947262,0.1754782795906067,0.7463768115942029,0.5598377281947262,0.1535341590642929,0.06521739130434782
neg_mean_logprob (untrained),277,0.5618661257606491,0.1759877353906631,0.7472924187725631,0.5618661257606491,0.152504026889801,0.06498194945848375
neg_mean_logprob (untrained),278,0.563894523326572,0.1761690974235534,0.7482014388489209,0.563894523326572,0.1522211134433746,0.06474820143884892
neg_mean_logprob (untrained),279,0.565922920892495,0.1772188991308212,0.7491039426523297,0.565922920892495,0.1518734842538833,0.06451612903225806
neg_mean_logprob (untrained),280,0.5679513184584178,0.1773908585309982,0.75,0.5679513184584178,0.1518463492393493,0.06428571428571428
neg_mean_logprob (untrained),281,0.5699797160243407,0.1776142418384552,0.7473309608540926,0.5699797160243407,0.1516910046339035,0.06405693950177936
neg_mean_logprob (untrained),282,0.5720081135902637,0.1782784759998321,0.74822695035461,0.5720081135902637,0.1514730304479599,0.06382978723404255
neg_mean_logprob (untrained),283,0.5740365111561866,0.1790153235197067,0.7455830388692579,0.5740365111561866,0.150600254535675,0.0636042402826855
neg_mean_logprob (untrained),284,0.5760649087221096,0.1791600883007049,0.7429577464788732,0.5760649087221096,0.1505787372589111,0.06338028169014084
neg_mean_logprob (untrained),285,0.5780933062880325,0.179470881819725,0.743859649122807,0.5780933062880325,0.1502333134412765,0.06666666666666667
neg_mean_logprob (untrained),286,0.5801217038539553,0.1795770823955536,0.7447552447552448,0.5801217038539553,0.1488217860460281,0.06643356643356643
neg_mean_logprob (untrained),287,0.5821501014198783,0.1799685209989547,0.7456445993031359,0.5821501014198783,0.1486314535140991,0.06620209059233449
neg_mean_logprob (untrained),288,0.5841784989858012,0.1814646869897842,0.7465277777777778,0.5841784989858012,0.1484939604997635,0.06597222222222222
neg_mean_logprob (untrained),289,0.5862068965517241,0.1822509467601776,0.7474048442906575,0.5862068965517241,0.1473721861839294,0.0657439446366782
neg_mean_logprob (untrained),290,0.5882352941176471,0.1823920607566833,0.7482758620689656,0.5882352941176471,0.1467091143131256,0.06551724137931035
neg_mean_logprob (untrained),291,0.59026369168357,0.1834936887025833,0.7491408934707904,0.59026369168357,0.1464945822954177,0.06529209621993128
neg_mean_logprob (untrained),292,0.592292089249493,0.1837524175643921,0.75,0.592292089249493,0.1457380950450897,0.06506849315068493
neg_mean_logprob (untrained),293,0.5943204868154158,0.1840053349733352,0.7474402730375427,0.5943204868154158,0.1438020169734954,0.06484641638225255
neg_mean_logprob (untrained),294,0.5963488843813387,0.1845379769802093,0.7482993197278912,0.5963488843813387,0.1430773586034774,0.06462585034013606
neg_mean_logprob (untrained),295,0.5983772819472617,0.1852408796548843,0.7491525423728813,0.5983772819472617,0.1417286843061447,0.06779661016949153
neg_mean_logprob (untrained),296,0.6004056795131846,0.1852946132421493,0.75,0.6004056795131846,0.1415674388408661,0.06756756756756757
neg_mean_logprob (untrained),297,0.6024340770791075,0.1861879825592041,0.7508417508417509,0.6024340770791075,0.1410476714372635,0.06734006734006734
neg_mean_logprob (untrained),298,0.6044624746450304,0.1872202306985855,0.7516778523489933,0.6044624746450304,0.1409833133220672,0.06711409395973154
neg_mean_logprob (untrained),299,0.6064908722109533,0.1880344301462173,0.7525083612040134,0.6064908722109533,0.139646291732788,0.07023411371237458
neg_mean_logprob (untrained),300,0.6085192697768763,0.1900615394115448,0.7533333333333333,0.6085192697768763,0.1393857896327972,0.07
neg_mean_logprob (untrained),301,0.6105476673427992,0.1907850056886673,0.7541528239202658,0.6105476673427992,0.1393257528543472,0.06976744186046512
neg_mean_logprob (untrained),302,0.6125760649087221,0.1927052289247512,0.7549668874172185,0.6125760649087221,0.1390807777643203,0.0728476821192053
neg_mean_logprob (untrained),303,0.6146044624746451,0.1928354352712631,0.7557755775577558,0.6146044624746451,0.1387768238782882,0.07260726072607261
neg_mean_logprob (untrained),304,0.6166328600405679,0.1928777694702148,0.756578947368421,0.6166328600405679,0.1386901438236236,0.0756578947368421
neg_mean_logprob (untrained),305,0.6186612576064908,0.1930098384618759,0.7573770491803279,0.6186612576064908,0.1385305076837539,0.07540983606557378
neg_mean_logprob (untrained),306,0.6206896551724138,0.1943303197622299,0.7581699346405228,0.6206896551724138,0.1383733004331588,0.07516339869281045
neg_mean_logprob (untrained),307,0.6227180527383367,0.1949478685855865,0.758957654723127,0.6227180527383367,0.1378556787967682,0.0749185667752443
neg_mean_logprob (untrained),308,0.6247464503042597,0.1953707933425903,0.7597402597402597,0.6247464503042597,0.1377485245466232,0.07467532467532467
neg_mean_logprob (untrained),309,0.6267748478701826,0.1954811066389084,0.7605177993527508,0.6267748478701826,0.1368342041969299,0.0744336569579288
neg_mean_logprob (untrained),310,0.6288032454361054,0.1957236975431442,0.7612903225806451,0.6288032454361054,0.1363830715417862,0.07419354838709677
neg_mean_logprob (untrained),311,0.6308316430020284,0.1962669789791107,0.7620578778135049,0.6308316430020284,0.135584220290184,0.07395498392282958
neg_mean_logprob (untrained),312,0.6328600405679513,0.1971891522407531,0.7628205128205128,0.6328600405679513,0.13521209359169,0.07371794871794872
neg_mean_logprob (untrained),313,0.6348884381338742,0.1976422816514969,0.7635782747603834,0.6348884381338742,0.1339628994464874,0.07348242811501597
neg_mean_logprob (untrained),314,0.6369168356997972,0.1976676434278488,0.7643312101910829,0.6369168356997972,0.1327340751886367,0.0732484076433121
neg_mean_logprob (untrained),315,0.6389452332657201,0.1982234865427017,0.765079365079365,0.6389452332657201,0.1322526335716247,0.07301587301587302
neg_mean_logprob (untrained),316,0.640973630831643,0.1983151882886886,0.7658227848101266,0.640973630831643,0.1313389837741851,0.07278481012658228
neg_mean_logprob (untrained),317,0.6430020283975659,0.1995849609375,0.7665615141955836,0.6430020283975659,0.130651906132698,0.07255520504731862
neg_mean_logprob (untrained),318,0.6450304259634888,0.1996086090803146,0.7672955974842768,0.6450304259634888,0.1297547817230224,0.07232704402515723
neg_mean_logprob (untrained),319,0.6470588235294118,0.199840173125267,0.768025078369906,0.6470588235294118,0.1294354647397995,0.07210031347962383
neg_mean_logprob (untrained),320,0.6490872210953347,0.1998401880264282,0.76875,0.6490872210953347,0.129423975944519,0.071875
neg_mean_logprob (untrained),321,0.6511156186612576,0.2003451585769653,0.7694704049844237,0.6511156186612576,0.1292615234851837,0.07476635514018691
neg_mean_logprob (untrained),322,0.6531440162271805,0.2004807889461517,0.7701863354037267,0.6531440162271805,0.1292502284049987,0.07763975155279502
neg_mean_logprob (untrained),323,0.6551724137931034,0.2005245387554168,0.7708978328173375,0.6551724137931034,0.1291908621788025,0.07739938080495357
neg_mean_logprob (untrained),324,0.6572008113590264,0.2007309943437576,0.7716049382716049,0.6572008113590264,0.1290619224309921,0.07716049382716049
neg_mean_logprob (untrained),325,0.6592292089249493,0.2008571028709411,0.7723076923076924,0.6592292089249493,0.1289836913347244,0.07692307692307693
neg_mean_logprob (untrained),326,0.6612576064908722,0.2018629312515258,0.7730061349693251,0.6612576064908722,0.1279716342687606,0.07668711656441718
neg_mean_logprob (untrained),327,0.6632860040567952,0.2026723176240921,0.7737003058103975,0.6632860040567952,0.1277704685926437,0.0764525993883792
neg_mean_logprob (untrained),328,0.665314401622718,0.2029429823160171,0.774390243902439,0.665314401622718,0.1277304738759994,0.07621951219512195
neg_mean_logprob (untrained),329,0.6673427991886409,0.2037080228328704,0.7750759878419453,0.6673427991886409,0.1277065575122833,0.07598784194528875
neg_mean_logprob (untrained),330,0.6693711967545639,0.2040982693433761,0.7757575757575758,0.6693711967545639,0.1270677894353866,0.07575757575757576
neg_mean_logprob (untrained),331,0.6713995943204868,0.2053067684173584,0.7764350453172205,0.6713995943204868,0.1268300265073776,0.0755287009063444
neg_mean_logprob (untrained),332,0.6734279918864098,0.2056895047426223,0.7771084337349398,0.6734279918864098,0.1265520006418228,0.07530120481927711
neg_mean_logprob (untrained),333,0.6754563894523327,0.2058737277984619,0.7777777777777778,0.6754563894523327,0.1263553202152252,0.07507507507507508
neg_mean_logprob (untrained),334,0.6774847870182555,0.2059221118688583,0.7784431137724551,0.6774847870182555,0.1250191777944564,0.0748502994011976
neg_mean_logprob (untrained),335,0.6795131845841785,0.2063358724117279,0.7791044776119403,0.6795131845841785,0.1248786449432373,0.07462686567164178
neg_mean_logprob (untrained),336,0.6815415821501014,0.2066200822591781,0.7797619047619048,0.6815415821501014,0.1241969019174575,0.0744047619047619
neg_mean_logprob (untrained),337,0.6835699797160243,0.2068358361721038,0.7804154302670623,0.6835699797160243,0.123391605913639,0.07418397626112759
neg_mean_logprob (untrained),338,0.6855983772819473,0.2074222117662429,0.7810650887573964,0.6855983772819473,0.1231861263513565,0.07692307692307693
neg_mean_logprob (untrained),339,0.6876267748478702,0.2081084996461868,0.7817109144542773,0.6876267748478702,0.1227179169654846,0.07669616519174041
neg_mean_logprob (untrained),340,0.6896551724137931,0.2081601023674011,0.7823529411764706,0.6896551724137931,0.1226070523262023,0.07647058823529412
neg_mean_logprob (untrained),341,0.691683569979716,0.2096984535455703,0.782991202346041,0.691683569979716,0.1224830374121666,0.07624633431085044
neg_mean_logprob (untrained),342,0.6937119675456389,0.2099194228649139,0.783625730994152,0.6937119675456389,0.1219635531306266,0.07894736842105263
neg_mean_logprob (untrained),343,0.6957403651115619,0.2102160155773162,0.7842565597667639,0.6957403651115619,0.1214319840073585,0.08163265306122448
neg_mean_logprob (untrained),344,0.6977687626774848,0.2103430777788162,0.7848837209302325,0.6977687626774848,0.1206951662898063,0.08139534883720931
neg_mean_logprob (untrained),345,0.6997971602434077,0.2116984874010086,0.7855072463768116,0.6997971602434077,0.120584636926651,0.08115942028985507
neg_mean_logprob (untrained),346,0.7018255578093306,0.2122174501419067,0.7861271676300579,0.7018255578093306,0.1198107823729515,0.08092485549132948
neg_mean_logprob (untrained),347,0.7038539553752535,0.2129589468240738,0.7838616714697406,0.7038539553752535,0.1195767447352409,0.08069164265129683
neg_mean_logprob (untrained),348,0.7058823529411765,0.2134674191474914,0.7816091954022989,0.7058823529411765,0.1180648952722549,0.08045977011494253
neg_mean_logprob (untrained),349,0.7079107505070994,0.2135961949825287,0.7822349570200573,0.7079107505070994,0.117182619869709,0.08022922636103152
neg_mean_logprob (untrained),350,0.7099391480730223,0.2147713452577591,0.7828571428571428,0.7099391480730223,0.1171364039182663,0.08
neg_mean_logprob (untrained),351,0.7119675456389453,0.215525671839714,0.7834757834757835,0.7119675456389453,0.1169482693076133,0.07977207977207977
neg_mean_logprob (untrained),352,0.7139959432048681,0.2159597873687744,0.7840909090909091,0.7139959432048681,0.1165322139859199,0.07954545454545454
neg_mean_logprob (untrained),353,0.716024340770791,0.2160185277462005,0.7847025495750708,0.716024340770791,0.1164029315114021,0.07932011331444759
neg_mean_logprob (untrained),354,0.718052738336714,0.2186400741338729,0.7853107344632768,0.718052738336714,0.1163848489522934,0.08192090395480225
neg_mean_logprob (untrained),355,0.7200811359026369,0.2187933027744293,0.7859154929577464,0.7200811359026369,0.1161995157599449,0.08169014084507042
neg_mean_logprob (untrained),356,0.7221095334685599,0.218963548541069,0.7865168539325843,0.7221095334685599,0.1159108355641365,0.08146067415730338
neg_mean_logprob (untrained),357,0.7241379310344828,0.2191292643547058,0.7871148459383753,0.7241379310344828,0.1156606376171112,0.08123249299719888
neg_mean_logprob (untrained),358,0.7261663286004056,0.2194424271583557,0.7877094972067039,0.7261663286004056,0.1155761331319809,0.08100558659217877
neg_mean_logprob (untrained),359,0.7281947261663286,0.2203466594219207,0.7883008356545961,0.7281947261663286,0.1143016144633293,0.0807799442896936
neg_mean_logprob (untrained),360,0.7302231237322515,0.2228036224842071,0.7888888888888889,0.7302231237322515,0.1140975952148437,0.08055555555555556
neg_mean_logprob (untrained),361,0.7322515212981744,0.2228373140096664,0.7894736842105263,0.7322515212981744,0.1140945851802825,0.08033240997229917
neg_mean_logprob (untrained),362,0.7342799188640974,0.2230020016431808,0.7900552486187845,0.7342799188640974,0.1138195320963859,0.08011049723756906
neg_mean_logprob (untrained),363,0.7363083164300203,0.2238394320011139,0.790633608815427,0.7363083164300203,0.1136416420340538,0.07988980716253444
neg_mean_logprob (untrained),364,0.7383367139959433,0.2239249795675277,0.7884615384615384,0.7383367139959433,0.1131388247013092,0.07967032967032966
neg_mean_logprob (untrained),365,0.7403651115618661,0.225529670715332,0.7890410958904109,0.7403651115618661,0.1131176576018333,0.07945205479452055
neg_mean_logprob (untrained),366,0.742393509127789,0.2259201258420944,0.7896174863387978,0.742393509127789,0.1130504608154296,0.07923497267759563
neg_mean_logprob (untrained),367,0.744421906693712,0.2259707450866699,0.7901907356948229,0.744421906693712,0.1128640472888946,0.07901907356948229
neg_mean_logprob (untrained),368,0.7464503042596349,0.2263962030410766,0.7907608695652174,0.7464503042596349,0.1124120950698852,0.07880434782608696
neg_mean_logprob (untrained),369,0.7484787018255578,0.2275223284959793,0.7913279132791328,0.7484787018255578,0.1120906546711921,0.07859078590785908
neg_mean_logprob (untrained),370,0.7505070993914807,0.2277698814868927,0.7918918918918919,0.7505070993914807,0.1120349988341331,0.07837837837837838
neg_mean_logprob (untrained),371,0.7525354969574036,0.2285632640123367,0.7924528301886793,0.7525354969574036,0.1119576841592788,0.07816711590296496
neg_mean_logprob (untrained),372,0.7545638945233266,0.2287236005067825,0.793010752688172,0.7545638945233266,0.1111808344721794,0.08064516129032258
neg_mean_logprob (untrained),373,0.7565922920892495,0.2288109362125396,0.7935656836461126,0.7565922920892495,0.1109711900353431,0.08042895442359249
neg_mean_logprob (untrained),374,0.7586206896551724,0.2299964129924774,0.7941176470588235,0.7586206896551724,0.1103962063789367,0.08021390374331551
neg_mean_logprob (untrained),375,0.7606490872210954,0.2312269955873489,0.7946666666666666,0.7606490872210954,0.1102628111839294,0.08266666666666667
neg_mean_logprob (untrained),376,0.7626774847870182,0.2312373220920562,0.7952127659574468,0.7626774847870182,0.1101767197251319,0.0851063829787234
neg_mean_logprob (untrained),377,0.7647058823529411,0.2315759658813476,0.7957559681697612,0.7647058823529411,0.1100598573684692,0.08488063660477453
neg_mean_logprob (untrained),378,0.7667342799188641,0.2332290560007095,0.7962962962962963,0.7667342799188641,0.1097836792469024,0.0873015873015873
neg_mean_logprob (untrained),379,0.768762677484787,0.2333066016435623,0.7968337730870713,0.768762677484787,0.1097661927342414,0.0870712401055409
neg_mean_logprob (untrained),380,0.77079107505071,0.2334844917058944,0.7973684210526316,0.77079107505071,0.1087237894535064,0.0868421052631579
neg_mean_logprob (untrained),381,0.7728194726166329,0.2338239848613739,0.7979002624671916,0.7728194726166329,0.1086416393518447,0.08661417322834646
neg_mean_logprob (untrained),382,0.7748478701825557,0.2339060455560684,0.7984293193717278,0.7748478701825557,0.1086047440767288,0.08900523560209424
neg_mean_logprob (untrained),383,0.7768762677484787,0.2351790964603424,0.7989556135770235,0.7768762677484787,0.1082018837332725,0.09138381201044386
neg_mean_logprob (untrained),384,0.7789046653144016,0.2364535629749298,0.7994791666666666,0.7789046653144016,0.1075434982776641,0.09375
neg_mean_logprob (untrained),385,0.7809330628803245,0.2364950776100158,0.8,0.7809330628803245,0.1071179285645484,0.09610389610389611
neg_mean_logprob (untrained),386,0.7829614604462475,0.236871525645256,0.8005181347150259,0.7829614604462475,0.1058756336569786,0.09585492227979274
neg_mean_logprob (untrained),387,0.7849898580121704,0.2371604144573211,0.7984496124031008,0.7849898580121704,0.1055130213499069,0.09560723514211886
neg_mean_logprob (untrained),388,0.7870182555780934,0.2391346395015716,0.7989690721649485,0.7870182555780934,0.1052979081869125,0.0979381443298969
neg_mean_logprob (untrained),389,0.7890466531440162,0.2392511069774627,0.7994858611825193,0.7890466531440162,0.1050741896033287,0.10025706940874037
neg_mean_logprob (untrained),390,0.7910750507099391,0.2400148063898086,0.8,0.7910750507099391,0.1049239933490753,0.10256410256410256
neg_mean_logprob (untrained),391,0.7931034482758621,0.2406699806451797,0.8005115089514067,0.7931034482758621,0.1047981157898902,0.10485933503836317
neg_mean_logprob (untrained),392,0.795131845841785,0.2410042881965637,0.8010204081632653,0.795131845841785,0.1039729118347168,0.10714285714285714
neg_mean_logprob (untrained),393,0.7971602434077079,0.2422894984483719,0.7989821882951654,0.7971602434077079,0.1030234396457672,0.10687022900763359
neg_mean_logprob (untrained),394,0.7991886409736308,0.2425407618284225,0.799492385786802,0.7991886409736308,0.1024006307125091,0.1065989847715736
neg_mean_logprob (untrained),395,0.8012170385395537,0.2426925003528595,0.8,0.8012170385395537,0.1018362715840339,0.10886075949367088
neg_mean_logprob (untrained),396,0.8032454361054767,0.2440696507692337,0.8005050505050505,0.8032454361054767,0.1017035320401191,0.10858585858585859
neg_mean_logprob (untrained),397,0.8052738336713996,0.2455563247203827,0.801007556675063,0.8052738336713996,0.1007540747523307,0.10831234256926953
neg_mean_logprob (untrained),398,0.8073022312373225,0.2469289600849151,0.8015075376884422,0.8073022312373225,0.1005511805415153,0.10804020100502512
neg_mean_logprob (untrained),399,0.8093306288032455,0.2469290345907211,0.8020050125313283,0.8093306288032455,0.100138671696186,0.10776942355889724
neg_mean_logprob (untrained),400,0.8113590263691683,0.2469653338193893,0.8025,0.8113590263691683,0.0997728109359741,0.1075
neg_mean_logprob (untrained),401,0.8133874239350912,0.2471258491277694,0.8029925187032418,0.8133874239350912,0.0996564999222755,0.10723192019950124
neg_mean_logprob (untrained),402,0.8154158215010142,0.2482417970895767,0.8034825870646766,0.8154158215010142,0.099603533744812,0.10945273631840796
neg_mean_logprob (untrained),403,0.8174442190669371,0.2510980367660522,0.8039702233250621,0.8174442190669371,0.0973859131336212,0.11166253101736973
neg_mean_logprob (untrained),404,0.8194726166328601,0.2518960237503052,0.8044554455445545,0.8194726166328601,0.0972190424799919,0.11138613861386139
neg_mean_logprob (untrained),405,0.821501014198783,0.2529366016387939,0.8049382716049382,0.821501014198783,0.096885547041893,0.11358024691358025
neg_mean_logprob (untrained),406,0.8235294117647058,0.2545923292636871,0.8054187192118226,0.8235294117647058,0.0967353209853172,0.11576354679802955
neg_mean_logprob (untrained),407,0.8255578093306288,0.2549637854099273,0.8058968058968059,0.8255578093306288,0.0965592786669731,0.11547911547911548
neg_mean_logprob (untrained),408,0.8275862068965517,0.2552785575389862,0.8063725490196079,0.8275862068965517,0.0964321941137313,0.11519607843137254
neg_mean_logprob (untrained),409,0.8296146044624746,0.2565406858921051,0.8068459657701712,0.8296146044624746,0.0963537916541099,0.11491442542787286
neg_mean_logprob (untrained),410,0.8316430020283976,0.2567175328731537,0.8073170731707318,0.8316430020283976,0.095935970544815,0.11463414634146342
neg_mean_logprob (untrained),411,0.8336713995943205,0.257078617811203,0.8077858880778589,0.8336713995943205,0.095635324716568,0.11435523114355231
neg_mean_logprob (untrained),412,0.8356997971602435,0.2596316635608673,0.808252427184466,0.8356997971602435,0.0955658257007598,0.11407766990291263
neg_mean_logprob (untrained),413,0.8377281947261663,0.2641678750514984,0.8087167070217918,0.8377281947261663,0.0947297886013984,0.11380145278450363
neg_mean_logprob (untrained),414,0.8397565922920892,0.2646840810775757,0.8091787439613527,0.8397565922920892,0.0946628078818321,0.11352657004830918
neg_mean_logprob (untrained),415,0.8417849898580122,0.2650257647037506,0.8096385542168675,0.8417849898580122,0.0943926498293876,0.11566265060240964
neg_mean_logprob (untrained),416,0.8438133874239351,0.2654677629470825,0.8100961538461539,0.8438133874239351,0.0938615873456001,0.11778846153846154
neg_mean_logprob (untrained),417,0.845841784989858,0.2656133770942688,0.8105515587529976,0.845841784989858,0.093811921775341,0.11750599520383694
neg_mean_logprob (untrained),418,0.847870182555781,0.2663913369178772,0.8110047846889952,0.847870182555781,0.0936150029301643,0.11722488038277512
neg_mean_logprob (untrained),419,0.8498985801217038,0.266910582780838,0.8114558472553699,0.8498985801217038,0.0929747372865676,0.11694510739856802
neg_mean_logprob (untrained),420,0.8519269776876268,0.2683519721031189,0.8095238095238095,0.8519269776876268,0.0917527005076408,0.11904761904761904
neg_mean_logprob (untrained),421,0.8539553752535497,0.2685019075870514,0.8099762470308789,0.8539553752535497,0.0916188359260559,0.12114014251781473
neg_mean_logprob (untrained),422,0.8559837728194726,0.269015908241272,0.8104265402843602,0.8559837728194726,0.0909232571721077,0.12322274881516587
neg_mean_logprob (untrained),423,0.8580121703853956,0.2698689699172973,0.8108747044917257,0.8580121703853956,0.0904266461730003,0.12529550827423167
neg_mean_logprob (untrained),424,0.8600405679513184,0.2701476216316223,0.8113207547169812,0.8600405679513184,0.0901595875620842,0.12735849056603774
neg_mean_logprob (untrained),425,0.8620689655172413,0.270300030708313,0.8117647058823529,0.8620689655172413,0.0897784829139709,0.12705882352941175
neg_mean_logprob (untrained),426,0.8640973630831643,0.2713460028171539,0.812206572769953,0.8640973630831643,0.089467667043209,0.1267605633802817
neg_mean_logprob (untrained),427,0.8661257606490872,0.2716726958751678,0.8126463700234192,0.8661257606490872,0.0893624424934387,0.12646370023419204
neg_mean_logprob (untrained),428,0.8681541582150102,0.2719287276268005,0.8130841121495327,0.8681541582150102,0.0890325680375099,0.1261682242990654
neg_mean_logprob (untrained),429,0.8701825557809331,0.271970272064209,0.8135198135198135,0.8701825557809331,0.0879615470767021,0.1282051282051282
neg_mean_logprob (untrained),430,0.8722109533468559,0.2727138996124267,0.813953488372093,0.8722109533468559,0.0870707705616951,0.13023255813953488
neg_mean_logprob (untrained),431,0.8742393509127789,0.2732591032981872,0.814385150812065,0.8742393509127789,0.0862801223993301,0.12993039443155452
neg_mean_logprob (untrained),432,0.8762677484787018,0.27354496717453,0.8148148148148148,0.8762677484787018,0.0857091844081878,0.13194444444444445
neg_mean_logprob (untrained),433,0.8782961460446247,0.2742087244987488,0.812933025404157,0.8782961460446247,0.0852711275219917,0.13163972286374134
neg_mean_logprob (untrained),434,0.8803245436105477,0.2748855054378509,0.8133640552995391,0.8803245436105477,0.0839269235730171,0.1313364055299539
neg_mean_logprob (untrained),435,0.8823529411764706,0.2748898267745971,0.8137931034482758,0.8823529411764706,0.0836113914847374,0.1310344827586207
neg_mean_logprob (untrained),436,0.8843813387423936,0.2783296108245849,0.8142201834862385,0.8843813387423936,0.0831069722771644,0.13073394495412843
neg_mean_logprob (untrained),437,0.8864097363083164,0.2807278335094452,0.8146453089244852,0.8864097363083164,0.0831069275736808,0.13043478260869565
neg_mean_logprob (untrained),438,0.8884381338742393,0.2812055349349975,0.815068493150685,0.8884381338742393,0.0820201262831687,0.13013698630136986
neg_mean_logprob (untrained),439,0.8904665314401623,0.2818732857704162,0.8154897494305239,0.8904665314401623,0.0809289440512657,0.12984054669703873
neg_mean_logprob (untrained),440,0.8924949290060852,0.282067596912384,0.8159090909090909,0.8924949290060852,0.0809237882494926,0.12954545454545455
neg_mean_logprob (untrained),441,0.8945233265720081,0.2827166020870209,0.8163265306122449,0.8945233265720081,0.0803463533520698,0.1292517006802721
neg_mean_logprob (untrained),442,0.896551724137931,0.2836029827594757,0.8167420814479638,0.896551724137931,0.0801511406898498,0.12895927601809956
neg_mean_logprob (untrained),443,0.8985801217038539,0.2839183807373047,0.8171557562076749,0.8985801217038539,0.0787539333105087,0.1309255079006772
neg_mean_logprob (untrained),444,0.9006085192697769,0.2841737270355224,0.8175675675675675,0.9006085192697769,0.0766897499561309,0.13288288288288289
neg_mean_logprob (untrained),445,0.9026369168356998,0.2843006551265716,0.8179775280898877,0.9026369168356998,0.0757780000567436,0.13258426966292136
neg_mean_logprob (untrained),446,0.9046653144016227,0.2854300737380981,0.8183856502242153,0.9046653144016227,0.0755594074726104,0.13452914798206278
neg_mean_logprob (untrained),447,0.9066937119675457,0.2863176763057709,0.8187919463087249,0.9066937119675457,0.0754390954971313,0.13646532438478748
neg_mean_logprob (untrained),448,0.9087221095334685,0.2870944142341614,0.8191964285714286,0.9087221095334685,0.0750421956181526,0.13616071428571427
neg_mean_logprob (untrained),449,0.9107505070993914,0.2877518534660339,0.8195991091314031,0.9107505070993914,0.0738804638385772,0.1358574610244989
neg_mean_logprob (untrained),450,0.9127789046653144,0.2881540060043335,0.82,0.9127789046653144,0.0731476321816444,0.13777777777777778
neg_mean_logprob (untrained),451,0.9148073022312373,0.2890112102031708,0.8203991130820399,0.9148073022312373,0.0729700624942779,0.13968957871396895
neg_mean_logprob (untrained),452,0.9168356997971603,0.2907058596611023,0.8207964601769911,0.9168356997971603,0.0727389305830001,0.1415929203539823
neg_mean_logprob (untrained),453,0.9188640973630832,0.2916538119316101,0.8211920529801324,0.9188640973630832,0.0723237469792366,0.1434878587196468
neg_mean_logprob (untrained),454,0.920892494929006,0.2933328747749328,0.8215859030837004,0.920892494929006,0.0714178755879402,0.14317180616740088
neg_mean_logprob (untrained),455,0.922920892494929,0.2952255308628082,0.8219780219780219,0.922920892494929,0.0711836442351341,0.14285714285714285
neg_mean_logprob (untrained),456,0.9249492900608519,0.2959502935409546,0.8223684210526315,0.9249492900608519,0.0706325322389602,0.1425438596491228
neg_mean_logprob (untrained),457,0.9269776876267748,0.2977221310138702,0.8227571115973742,0.9269776876267748,0.0694735348224639,0.14442013129102846
neg_mean_logprob (untrained),458,0.9290060851926978,0.3012192845344543,0.8209606986899564,0.9290060851926978,0.0692399367690086,0.1462882096069869
neg_mean_logprob (untrained),459,0.9310344827586207,0.3016049265861511,0.8213507625272332,0.9310344827586207,0.0683720484375953,0.14596949891067537
neg_mean_logprob (untrained),460,0.9330628803245437,0.3019055724143982,0.8217391304347826,0.9330628803245437,0.0677833557128906,0.14565217391304347
neg_mean_logprob (untrained),461,0.9350912778904665,0.305040568113327,0.8221258134490239,0.9350912778904665,0.0670821592211723,0.14533622559652928
neg_mean_logprob (untrained),462,0.9371196754563894,0.3076618313789367,0.8225108225108225,0.9371196754563894,0.0668508857488632,0.14502164502164502
neg_mean_logprob (untrained),463,0.9391480730223124,0.3084232807159424,0.8228941684665226,0.9391480730223124,0.0665918067097663,0.1447084233261339
neg_mean_logprob (untrained),464,0.9411764705882353,0.3096909523010254,0.8232758620689655,0.9411764705882353,0.0662157610058784,0.14439655172413793
neg_mean_logprob (untrained),465,0.9432048681541582,0.3103207647800445,0.8236559139784946,0.9432048681541582,0.0641600713133812,0.14408602150537633
neg_mean_logprob (untrained),466,0.9452332657200812,0.3105555772781372,0.8240343347639485,0.9452332657200812,0.063749760389328,0.1459227467811159
neg_mean_logprob (untrained),467,0.947261663286004,0.3128919005393982,0.8244111349036403,0.947261663286004,0.0632313191890716,0.145610278372591
neg_mean_logprob (untrained),468,0.949290060851927,0.3130238354206085,0.8247863247863247,0.949290060851927,0.0622728653252124,0.1452991452991453
neg_mean_logprob (untrained),469,0.9513184584178499,0.3144958913326263,0.8251599147121536,0.9513184584178499,0.0620256997644901,0.14498933901918976
neg_mean_logprob (untrained),470,0.9533468559837728,0.3155578076839447,0.825531914893617,0.9533468559837728,0.0609092786908149,0.14468085106382977
neg_mean_logprob (untrained),471,0.9553752535496958,0.3168563842773437,0.8259023354564756,0.9553752535496958,0.0605691745877265,0.1464968152866242
neg_mean_logprob (untrained),472,0.9574036511156186,0.3212941288948059,0.826271186440678,0.9574036511156186,0.0595325194299221,0.1461864406779661
neg_mean_logprob (untrained),473,0.9594320486815415,0.3236259520053863,0.8266384778012685,0.9594320486815415,0.0593656562268734,0.14587737843551796
neg_mean_logprob (untrained),474,0.9614604462474645,0.3255735635757446,0.8270042194092827,0.9614604462474645,0.0588215366005897,0.14556962025316456
neg_mean_logprob (untrained),475,0.9634888438133874,0.326335608959198,0.8273684210526315,0.9634888438133874,0.0582660362124443,0.14736842105263157
neg_mean_logprob (untrained),476,0.9655172413793104,0.327997475862503,0.8277310924369747,0.9655172413793104,0.0575254373252391,0.14705882352941177
neg_mean_logprob (untrained),477,0.9675456389452333,0.3282586634159088,0.8280922431865828,0.9675456389452333,0.0569131858646869,0.1488469601677149
neg_mean_logprob (untrained),478,0.9695740365111561,0.3398680090904236,0.8284518828451883,0.9695740365111561,0.0562938414514064,0.14853556485355648
neg_mean_logprob (untrained),479,0.9716024340770791,0.3446399271488189,0.8288100208768268,0.9716024340770791,0.0550206936895847,0.15031315240083507
neg_mean_logprob (untrained),480,0.973630831643002,0.3461831510066986,0.8291666666666667,0.973630831643002,0.0535827577114105,0.15208333333333332
neg_mean_logprob (untrained),481,0.9756592292089249,0.3489549458026886,0.8295218295218295,0.9756592292089249,0.0518038384616375,0.15384615384615385
neg_mean_logprob (untrained),482,0.9776876267748479,0.3495402038097381,0.8298755186721992,0.9776876267748479,0.0516088753938674,0.15352697095435686
neg_mean_logprob (untrained),483,0.9797160243407708,0.3500862419605255,0.8302277432712215,0.9797160243407708,0.0513663478195667,0.15527950310559005
neg_mean_logprob (untrained),484,0.9817444219066938,0.350099503993988,0.8305785123966942,0.9817444219066938,0.0495963096618652,0.15702479338842976
neg_mean_logprob (untrained),485,0.9837728194726166,0.3606398105621338,0.8309278350515464,0.9837728194726166,0.0483488626778125,0.15876288659793814
neg_mean_logprob (untrained),486,0.9858012170385395,0.3639587759971618,0.831275720164609,0.9858012170385395,0.0412705577909946,0.16049382716049382
neg_mean_logprob (untrained),487,0.9878296146044625,0.3754388391971588,0.8316221765913757,0.9878296146044625,0.0400217995047569,0.162217659137577
neg_mean_logprob (untrained),488,0.9898580121703854,0.379851371049881,0.8319672131147541,0.9898580121703854,0.0395448133349418,0.16188524590163936
neg_mean_logprob (untrained),489,0.9918864097363083,0.3856780529022217,0.8323108384458078,0.9918864097363083,0.0394507907330989,0.16359918200409
neg_mean_logprob (untrained),490,0.9939148073022313,0.4002199470996856,0.8326530612244898,0.9939148073022313,0.0377920903265476,0.1653061224489796
neg_mean_logprob (untrained),491,0.9959432048681541,0.413179337978363,0.8329938900203666,0.9959432048681541,0.0342517644166946,0.164969450101833
neg_mean_logprob (untrained),492,0.9979716024340771,0.4188548922538757,0.8333333333333334,0.9979716024340771,0.0261186528950929,0.16463414634146342
neg_mean_logprob (untrained),493,1.0,0.4207671284675598,0.8336713995943205,1.0,0.0253171417862176,0.1663286004056795
token_entropy (untrained),1,0.002028397565922921,0.1121883317828178,0.0,0.002028397565922921,0.7468075156211853,0.0
token_entropy (untrained),2,0.004056795131845842,0.1190118268132209,0.5,0.004056795131845842,0.7313224673271179,0.0
token_entropy (untrained),3,0.006085192697768763,0.1438910365104675,0.3333333333333333,0.006085192697768763,0.7032672762870789,0.0
token_entropy (untrained),4,0.008113590263691683,0.1526296585798263,0.5,0.008113590263691683,0.6967043280601501,0.0
token_entropy (untrained),5,0.010141987829614604,0.1535660028457641,0.6,0.010141987829614604,0.6919342875480652,0.0
token_entropy (untrained),6,0.012170385395537525,0.1547474712133407,0.5,0.012170385395537525,0.6871076226234436,0.0
token_entropy (untrained),7,0.014198782961460446,0.1611789315938949,0.42857142857142855,0.014198782961460446,0.6714015007019043,0.0
token_entropy (untrained),8,0.016227180527383367,0.1619466692209243,0.5,0.016227180527383367,0.6669384837150574,0.0
token_entropy (untrained),9,0.018255578093306288,0.1661122292280197,0.4444444444444444,0.018255578093306288,0.6603460907936096,0.0
token_entropy (untrained),10,0.02028397565922921,0.1670988649129867,0.4,0.02028397565922921,0.6469271779060364,0.0
token_entropy (untrained),11,0.02231237322515213,0.168281003832817,0.36363636363636365,0.02231237322515213,0.645779550075531,0.0
token_entropy (untrained),12,0.02434077079107505,0.1709392517805099,0.3333333333333333,0.02434077079107505,0.6428623795509338,0.0
token_entropy (untrained),13,0.02636916835699797,0.1745988428592682,0.3076923076923077,0.02636916835699797,0.6355953216552734,0.0
token_entropy (untrained),14,0.028397565922920892,0.1828736215829849,0.35714285714285715,0.028397565922920892,0.6317429542541504,0.0
token_entropy (untrained),15,0.030425963488843813,0.1830515265464782,0.3333333333333333,0.030425963488843813,0.6279774308204651,0.0
token_entropy (untrained),16,0.032454361054766734,0.1848720014095306,0.3125,0.032454361054766734,0.6206825375556946,0.0
token_entropy (untrained),17,0.034482758620689655,0.185960054397583,0.35294117647058826,0.034482758620689655,0.6155802607536316,0.0
token_entropy (untrained),18,0.036511156186612576,0.1867941617965698,0.3333333333333333,0.036511156186612576,0.6141694188117981,0.0
token_entropy (untrained),19,0.038539553752535496,0.1874855011701584,0.3684210526315789,0.038539553752535496,0.6128838062286377,0.0
token_entropy (untrained),20,0.04056795131845842,0.1887383759021759,0.4,0.04056795131845842,0.6124194264411926,0.0
token_entropy (untrained),21,0.04259634888438134,0.1910592168569564,0.38095238095238093,0.04259634888438134,0.6111505627632141,0.0
token_entropy (untrained),22,0.04462474645030426,0.1919422149658203,0.4090909090909091,0.04462474645030426,0.6062866449356079,0.0
token_entropy (untrained),23,0.04665314401622718,0.1925143599510193,0.391304347826087,0.04665314401622718,0.6044567227363586,0.0
token_entropy (untrained),24,0.0486815415821501,0.1938002258539199,0.4166666666666667,0.0486815415821501,0.6026746034622192,0.0
token_entropy (untrained),25,0.05070993914807302,0.1945870816707611,0.4,0.05070993914807302,0.6020468473434448,0.0
token_entropy (untrained),26,0.05273833671399594,0.1964111626148224,0.4230769230769231,0.05273833671399594,0.6012570858001709,0.0
token_entropy (untrained),27,0.05476673427991886,0.1983893662691116,0.4444444444444444,0.05476673427991886,0.6002631187438965,0.0
token_entropy (untrained),28,0.056795131845841784,0.1990214437246322,0.4642857142857143,0.056795131845841784,0.5986543893814087,0.0
token_entropy (untrained),29,0.058823529411764705,0.1994092017412185,0.4827586206896552,0.058823529411764705,0.5954092741012573,0.0
token_entropy (untrained),30,0.060851926977687626,0.2003995329141616,0.4666666666666667,0.060851926977687626,0.592859148979187,0.0
token_entropy (untrained),31,0.06288032454361055,0.2012104243040084,0.4838709677419355,0.06288032454361055,0.5909031629562378,0.0
token_entropy (untrained),32,0.06490872210953347,0.20212022960186,0.5,0.06490872210953347,0.5853585004806519,0.0
token_entropy (untrained),33,0.06693711967545639,0.2027276754379272,0.5151515151515151,0.06693711967545639,0.5845280885696411,0.0
token_entropy (untrained),34,0.06896551724137931,0.2034742087125778,0.5,0.06896551724137931,0.5827703475952148,0.0
token_entropy (untrained),35,0.07099391480730223,0.2040374428033828,0.5142857142857142,0.07099391480730223,0.5815668106079102,0.0
token_entropy (untrained),36,0.07302231237322515,0.20677150785923,0.5,0.07302231237322515,0.5769436359405518,0.0
token_entropy (untrained),37,0.07505070993914807,0.2069815546274185,0.4864864864864865,0.07505070993914807,0.5757682919502258,0.0
token_entropy (untrained),38,0.07707910750507099,0.2075317353010177,0.47368421052631576,0.07707910750507099,0.5756534934043884,0.0
token_entropy (untrained),39,0.07910750507099391,0.2077478319406509,0.48717948717948717,0.07910750507099391,0.5629974603652954,0.0
token_entropy (untrained),40,0.08113590263691683,0.2088527679443359,0.5,0.08113590263691683,0.5568480491638184,0.0
token_entropy (untrained),41,0.08316430020283976,0.2130910754203796,0.5121951219512195,0.08316430020283976,0.5566030740737915,0.0
token_entropy (untrained),42,0.08519269776876268,0.2133049070835113,0.5,0.08519269776876268,0.556411623954773,0.0
token_entropy (untrained),43,0.0872210953346856,0.2142595648765564,0.4883720930232558,0.0872210953346856,0.5553788542747498,0.0
token_entropy (untrained),44,0.08924949290060852,0.2156251072883606,0.4772727272727273,0.08924949290060852,0.5544953942298889,0.0
token_entropy (untrained),45,0.09127789046653144,0.2161150425672531,0.4666666666666667,0.09127789046653144,0.551059365272522,0.0
token_entropy (untrained),46,0.09330628803245436,0.2189274132251739,0.45652173913043476,0.09330628803245436,0.5499051809310913,0.0
token_entropy (untrained),47,0.09533468559837728,0.2192980647087097,0.46808510638297873,0.09533468559837728,0.549144983291626,0.0
token_entropy (untrained),48,0.0973630831643002,0.2196269333362579,0.4791666666666667,0.0973630831643002,0.5481401681900024,0.0
token_entropy (untrained),49,0.09939148073022312,0.219673752784729,0.4897959183673469,0.09939148073022312,0.5467236638069153,0.0
token_entropy (untrained),50,0.10141987829614604,0.2213331162929535,0.5,0.10141987829614604,0.5454440712928772,0.0
token_entropy (untrained),51,0.10344827586206896,0.2222401350736618,0.5098039215686274,0.10344827586206896,0.5449578166007996,0.0
token_entropy (untrained),52,0.10547667342799188,0.2238459587097168,0.5192307692307693,0.10547667342799188,0.5439052581787109,0.0
token_entropy (untrained),53,0.1075050709939148,0.2253361195325851,0.5283018867924528,0.1075050709939148,0.5419157147407532,0.0
token_entropy (untrained),54,0.10953346855983773,0.2253457158803939,0.5185185185185185,0.10953346855983773,0.5415427684783936,0.0
token_entropy (untrained),55,0.11156186612576065,0.2276189923286438,0.5272727272727272,0.11156186612576065,0.5400645136833191,0.0
token_entropy (untrained),56,0.11359026369168357,0.2280819416046142,0.5178571428571429,0.11359026369168357,0.5344464182853699,0.0
token_entropy (untrained),57,0.11561866125760649,0.2292765229940414,0.5263157894736842,0.11561866125760649,0.5337267518043518,0.0
token_entropy (untrained),58,0.11764705882352941,0.2299177050590515,0.5172413793103449,0.11764705882352941,0.5331145524978638,0.0
token_entropy (untrained),59,0.11967545638945233,0.231991097331047,0.5254237288135594,0.11967545638945233,0.5327474474906921,0.0
token_entropy (untrained),60,0.12170385395537525,0.2320168018341064,0.5166666666666667,0.12170385395537525,0.5324645638465881,0.0
token_entropy (untrained),61,0.12373225152129817,0.2323742657899856,0.5245901639344263,0.12373225152129817,0.5321233868598938,0.0
token_entropy (untrained),62,0.1257606490872211,0.2329377830028534,0.532258064516129,0.1257606490872211,0.5256090760231018,0.0
token_entropy (untrained),63,0.12778904665314403,0.2345697283744812,0.5396825396825397,0.12778904665314403,0.5234077572822571,0.0
token_entropy (untrained),64,0.12981744421906694,0.2348130196332931,0.546875,0.12981744421906694,0.5214278101921082,0.0
token_entropy (untrained),65,0.13184584178498987,0.2352174669504165,0.5538461538461539,0.13184584178498987,0.5205010771751404,0.0
token_entropy (untrained),66,0.13387423935091278,0.2370394319295883,0.5454545454545454,0.13387423935091278,0.5193228125572205,0.0
token_entropy (untrained),67,0.1359026369168357,0.2410832345485687,0.5522388059701493,0.1359026369168357,0.5177497863769531,0.0
token_entropy (untrained),68,0.13793103448275862,0.2415282726287841,0.5588235294117647,0.13793103448275862,0.5175274014472961,0.0
token_entropy (untrained),69,0.13995943204868155,0.2420081943273544,0.5652173913043478,0.13995943204868155,0.5134282112121582,0.014492753623188406
token_entropy (untrained),70,0.14198782961460446,0.2422168552875518,0.5571428571428572,0.14198782961460446,0.5106476545333862,0.014285714285714285
token_entropy (untrained),71,0.1440162271805274,0.2427198439836502,0.5633802816901409,0.1440162271805274,0.5103420615196228,0.014084507042253521
token_entropy (untrained),72,0.1460446247464503,0.2431698739528656,0.5694444444444444,0.1460446247464503,0.5079524517059326,0.013888888888888888
token_entropy (untrained),73,0.14807302231237324,0.2441664040088653,0.5753424657534246,0.14807302231237324,0.5068519115447998,0.0136986301369863
token_entropy (untrained),74,0.15010141987829614,0.2444201558828354,0.581081081081081,0.15010141987829614,0.5057212710380554,0.013513513513513514
token_entropy (untrained),75,0.15212981744421908,0.2447615265846252,0.5866666666666667,0.15212981744421908,0.5056787729263306,0.013333333333333334
token_entropy (untrained),76,0.15415821501014199,0.2458343505859375,0.5921052631578947,0.15415821501014199,0.5041932463645935,0.013157894736842105
token_entropy (untrained),77,0.15618661257606492,0.2471912652254104,0.5844155844155844,0.15618661257606492,0.4982737898826599,0.012987012987012988
token_entropy (untrained),78,0.15821501014198783,0.247245043516159,0.5897435897435898,0.15821501014198783,0.4978460967540741,0.01282051282051282
token_entropy (untrained),79,0.16024340770791076,0.2484094351530075,0.5822784810126582,0.16024340770791076,0.4975219368934631,0.012658227848101266
token_entropy (untrained),80,0.16227180527383367,0.2487344890832901,0.5875,0.16227180527383367,0.4974901080131531,0.0125
token_entropy (untrained),81,0.1643002028397566,0.2493955045938491,0.5925925925925926,0.1643002028397566,0.497305691242218,0.012345679012345678
token_entropy (untrained),82,0.1663286004056795,0.2498841136693954,0.5975609756097561,0.1663286004056795,0.4928718507289886,0.012195121951219513
token_entropy (untrained),83,0.16835699797160245,0.2514561712741852,0.6024096385542169,0.16835699797160245,0.4920224845409393,0.012048192771084338
token_entropy (untrained),84,0.17038539553752535,0.2517771124839782,0.6071428571428571,0.17038539553752535,0.4918991327285766,0.011904761904761904
token_entropy (untrained),85,0.1724137931034483,0.2529343366622925,0.611764705882353,0.1724137931034483,0.4918641746044159,0.011764705882352941
token_entropy (untrained),86,0.1744421906693712,0.2531347274780273,0.6162790697674418,0.1744421906693712,0.491786777973175,0.011627906976744186
token_entropy (untrained),87,0.17647058823529413,0.253528743982315,0.6206896551724138,0.17647058823529413,0.4917304217815399,0.022988505747126436
token_entropy (untrained),88,0.17849898580121704,0.2547387182712555,0.625,0.17849898580121704,0.4915536940097809,0.022727272727272728
token_entropy (untrained),89,0.18052738336713997,0.2559414505958557,0.6179775280898876,0.18052738336713997,0.4911126494407654,0.033707865168539325
token_entropy (untrained),90,0.18255578093306288,0.2573210000991821,0.6222222222222222,0.18255578093306288,0.4907532632350921,0.03333333333333333
token_entropy (untrained),91,0.1845841784989858,0.2573637068271637,0.6263736263736264,0.1845841784989858,0.4904325306415558,0.03296703296703297
token_entropy (untrained),92,0.18661257606490872,0.2576936185359955,0.6195652173913043,0.18661257606490872,0.4875529408454895,0.03260869565217391
token_entropy (untrained),93,0.18864097363083165,0.2577790319919586,0.6129032258064516,0.18864097363083165,0.4854587912559509,0.03225806451612903
token_entropy (untrained),94,0.19066937119675456,0.2585272789001465,0.6063829787234043,0.19066937119675456,0.4851651787757873,0.031914893617021274
token_entropy (untrained),95,0.1926977687626775,0.25898078083992,0.6,0.1926977687626775,0.48489910364151,0.031578947368421054
token_entropy (untrained),96,0.1947261663286004,0.2597540616989136,0.6041666666666666,0.1947261663286004,0.4845488965511322,0.03125
token_entropy (untrained),97,0.19675456389452334,0.2609894871711731,0.6082474226804123,0.19675456389452334,0.4822188019752502,0.030927835051546393
token_entropy (untrained),98,0.19878296146044624,0.2618432641029358,0.6122448979591837,0.19878296146044624,0.4818768203258514,0.030612244897959183
token_entropy (untrained),99,0.20081135902636918,0.2623679041862488,0.6161616161616161,0.20081135902636918,0.4813564419746399,0.030303030303030304
token_entropy (untrained),100,0.2028397565922921,0.2628436982631683,0.61,0.2028397565922921,0.4804601967334747,0.03
token_entropy (untrained),101,0.20486815415821502,0.2636654675006866,0.6138613861386139,0.20486815415821502,0.4794005453586578,0.0297029702970297
token_entropy (untrained),102,0.20689655172413793,0.263674646615982,0.6176470588235294,0.20689655172413793,0.4769764244556427,0.029411764705882353
token_entropy (untrained),103,0.20892494929006086,0.2639152705669403,0.6213592233009708,0.20892494929006086,0.4767967462539673,0.02912621359223301
token_entropy (untrained),104,0.21095334685598377,0.2650192081928253,0.6153846153846154,0.21095334685598377,0.4750943183898926,0.028846153846153848
token_entropy (untrained),105,0.2129817444219067,0.2656366527080536,0.6190476190476191,0.2129817444219067,0.4733320474624634,0.02857142857142857
token_entropy (untrained),106,0.2150101419878296,0.2659497559070587,0.6226415094339622,0.2150101419878296,0.4732841551303863,0.02830188679245283
token_entropy (untrained),107,0.21703853955375255,0.2661518156528473,0.6261682242990654,0.21703853955375255,0.4730500280857086,0.028037383177570093
token_entropy (untrained),108,0.21906693711967545,0.2665012776851654,0.6296296296296297,0.21906693711967545,0.471205860376358,0.027777777777777776
token_entropy (untrained),109,0.2210953346855984,0.2665422260761261,0.6330275229357798,0.2210953346855984,0.4709094762802124,0.027522935779816515
token_entropy (untrained),110,0.2231237322515213,0.2667770385742187,0.6272727272727273,0.2231237322515213,0.4707549214363098,0.02727272727272727
token_entropy (untrained),111,0.22515212981744423,0.2673508822917938,0.6306306306306306,0.22515212981744423,0.4698013365268707,0.02702702702702703
token_entropy (untrained),112,0.22718052738336714,0.2693651616573334,0.6339285714285714,0.22718052738336714,0.4686662256717682,0.026785714285714284
token_entropy (untrained),113,0.22920892494929007,0.2699751853942871,0.6283185840707964,0.22920892494929007,0.4685744047164917,0.02654867256637168
token_entropy (untrained),114,0.23123732251521298,0.2705918252468109,0.631578947368421,0.23123732251521298,0.4684430062770843,0.02631578947368421
token_entropy (untrained),115,0.2332657200811359,0.2708015441894531,0.6260869565217392,0.2332657200811359,0.4680115580558777,0.02608695652173913
token_entropy (untrained),116,0.23529411764705882,0.2712033689022064,0.6206896551724138,0.23529411764705882,0.467842161655426,0.02586206896551724
token_entropy (untrained),117,0.23732251521298176,0.2716667950153351,0.6153846153846154,0.23732251521298176,0.4673326909542084,0.02564102564102564
token_entropy (untrained),118,0.23935091277890466,0.2729137241840362,0.6186440677966102,0.23935091277890466,0.4670897126197815,0.03389830508474576
token_entropy (untrained),119,0.2413793103448276,0.2743285894393921,0.6218487394957983,0.2413793103448276,0.466868132352829,0.03361344537815126
token_entropy (untrained),120,0.2434077079107505,0.2750849723815918,0.6166666666666667,0.2434077079107505,0.4656402766704559,0.03333333333333333
token_entropy (untrained),121,0.24543610547667344,0.2758670449256897,0.6198347107438017,0.24543610547667344,0.4650894403457641,0.03305785123966942
token_entropy (untrained),122,0.24746450304259635,0.2759391665458679,0.6229508196721312,0.24746450304259635,0.4648954272270202,0.040983606557377046
token_entropy (untrained),123,0.24949290060851928,0.2761205434799194,0.6178861788617886,0.24949290060851928,0.4642936587333679,0.04065040650406504
token_entropy (untrained),124,0.2515212981744422,0.2773091495037079,0.6129032258064516,0.2515212981744422,0.4642326533794403,0.04032258064516129
token_entropy (untrained),125,0.2535496957403651,0.2785648703575134,0.608,0.2535496957403651,0.4638136029243469,0.04
token_entropy (untrained),126,0.25557809330628806,0.2787631452083587,0.6111111111111112,0.25557809330628806,0.4623538553714752,0.03968253968253968
token_entropy (untrained),127,0.25760649087221094,0.2790619134902954,0.6141732283464567,0.25760649087221094,0.4604963064193725,0.047244094488188976
token_entropy (untrained),128,0.25963488843813387,0.2802117764949798,0.609375,0.25963488843813387,0.4603059589862823,0.046875
token_entropy (untrained),129,0.2616632860040568,0.2802802622318268,0.6046511627906976,0.2616632860040568,0.4599432945251465,0.046511627906976744
token_entropy (untrained),130,0.26369168356997974,0.2805615961551666,0.6,0.26369168356997974,0.4577939212322235,0.046153846153846156
token_entropy (untrained),131,0.2657200811359026,0.2821764647960663,0.6030534351145038,0.2657200811359026,0.4573684334754944,0.04580152671755725
token_entropy (untrained),132,0.26774847870182555,0.2822248637676239,0.6060606060606061,0.26774847870182555,0.4568834006786346,0.045454545454545456
token_entropy (untrained),133,0.2697768762677485,0.2834300696849823,0.6090225563909775,0.2697768762677485,0.4555350840091705,0.045112781954887216
token_entropy (untrained),134,0.2718052738336714,0.2839739024639129,0.6119402985074627,0.2718052738336714,0.4551187753677368,0.04477611940298507
token_entropy (untrained),135,0.2738336713995943,0.28413125872612,0.6148148148148148,0.2738336713995943,0.4537263810634613,0.044444444444444446
token_entropy (untrained),136,0.27586206896551724,0.2844941318035126,0.6102941176470589,0.27586206896551724,0.4534964263439178,0.04411764705882353
token_entropy (untrained),137,0.2778904665314402,0.2846955060958862,0.6131386861313869,0.2778904665314402,0.4515804052352905,0.043795620437956206
token_entropy (untrained),138,0.2799188640973631,0.2848613262176513,0.6159420289855072,0.2799188640973631,0.4513282775878906,0.043478260869565216
token_entropy (untrained),139,0.281947261663286,0.2852741777896881,0.6187050359712231,0.281947261663286,0.4510186016559601,0.04316546762589928
token_entropy (untrained),140,0.2839756592292089,0.2865360379219055,0.6142857142857143,0.2839756592292089,0.4508243203163147,0.04285714285714286
token_entropy (untrained),141,0.28600405679513186,0.2886376976966858,0.6170212765957447,0.28600405679513186,0.4485498070716858,0.0425531914893617
token_entropy (untrained),142,0.2880324543610548,0.2903468012809753,0.6197183098591549,0.2880324543610548,0.4476685523986816,0.04225352112676056
token_entropy (untrained),143,0.29006085192697767,0.2905685007572174,0.6153846153846154,0.29006085192697767,0.4435929358005523,0.04195804195804196
token_entropy (untrained),144,0.2920892494929006,0.2924252152442932,0.6180555555555556,0.2920892494929006,0.4432395398616791,0.041666666666666664
token_entropy (untrained),145,0.29411764705882354,0.2928523421287536,0.6206896551724138,0.29411764705882354,0.442583829164505,0.041379310344827586
token_entropy (untrained),146,0.2961460446247465,0.2930489182472229,0.6232876712328768,0.2961460446247465,0.4423666596412658,0.0410958904109589
token_entropy (untrained),147,0.29817444219066935,0.2931732833385467,0.6258503401360545,0.29817444219066935,0.4406930208206177,0.04081632653061224
token_entropy (untrained),148,0.3002028397565923,0.2950792610645294,0.6283783783783784,0.3002028397565923,0.4400572180747986,0.04054054054054054
token_entropy (untrained),149,0.3022312373225152,0.2963775098323822,0.6308724832214765,0.3022312373225152,0.4385519325733185,0.040268456375838924
token_entropy (untrained),150,0.30425963488843816,0.296381413936615,0.6333333333333333,0.30425963488843816,0.4368839561939239,0.04
token_entropy (untrained),151,0.30628803245436104,0.296410471200943,0.6357615894039735,0.30628803245436104,0.4362434148788452,0.039735099337748346
token_entropy (untrained),152,0.30831643002028397,0.297554463148117,0.6381578947368421,0.30831643002028397,0.4355928897857666,0.039473684210526314
token_entropy (untrained),153,0.3103448275862069,0.2976357042789459,0.6405228758169934,0.3103448275862069,0.434682697057724,0.0457516339869281
token_entropy (untrained),154,0.31237322515212984,0.2977702021598816,0.6428571428571429,0.31237322515212984,0.4344503879547119,0.045454545454545456
token_entropy (untrained),155,0.3144016227180527,0.2980780303478241,0.6451612903225806,0.3144016227180527,0.4342704117298126,0.04516129032258064
token_entropy (untrained),156,0.31643002028397565,0.2984208762645721,0.6474358974358975,0.31643002028397565,0.4338733553886413,0.04487179487179487
token_entropy (untrained),157,0.3184584178498986,0.2998176217079162,0.6496815286624203,0.3184584178498986,0.4321753978729248,0.044585987261146494
token_entropy (untrained),158,0.3204868154158215,0.3003149926662445,0.6455696202531646,0.3204868154158215,0.4303551316261291,0.04430379746835443
token_entropy (untrained),159,0.3225152129817444,0.3010123670101166,0.6477987421383647,0.3225152129817444,0.4300962686538696,0.0440251572327044
token_entropy (untrained),160,0.32454361054766734,0.3013293445110321,0.64375,0.32454361054766734,0.4293403029441833,0.04375
token_entropy (untrained),161,0.3265720081135903,0.3023534715175628,0.6459627329192547,0.3265720081135903,0.4292546808719635,0.043478260869565216
token_entropy (untrained),162,0.3286004056795132,0.3045514822006225,0.6481481481481481,0.3286004056795132,0.4283701479434967,0.043209876543209874
token_entropy (untrained),163,0.3306288032454361,0.3054579794406891,0.6503067484662577,0.3306288032454361,0.4276821911334991,0.04294478527607362
token_entropy (untrained),164,0.332657200811359,0.3055571317672729,0.6463414634146342,0.332657200811359,0.4260789155960083,0.042682926829268296
token_entropy (untrained),165,0.33468559837728196,0.3056012094020843,0.6484848484848484,0.33468559837728196,0.425325334072113,0.04242424242424243
token_entropy (untrained),166,0.3367139959432049,0.3076554536819458,0.6506024096385542,0.3367139959432049,0.4246915876865387,0.04216867469879518
token_entropy (untrained),167,0.33874239350912777,0.307905375957489,0.6526946107784432,0.33874239350912777,0.4238708317279815,0.041916167664670656
token_entropy (untrained),168,0.3407707910750507,0.3081930875778198,0.6547619047619048,0.3407707910750507,0.4224606156349182,0.041666666666666664
token_entropy (untrained),169,0.34279918864097364,0.3086459338665008,0.650887573964497,0.34279918864097364,0.4215770363807678,0.04142011834319527
token_entropy (untrained),170,0.3448275862068966,0.308885246515274,0.6529411764705882,0.3448275862068966,0.4210807979106903,0.041176470588235294
token_entropy (untrained),171,0.34685598377281945,0.3089507520198822,0.6549707602339181,0.34685598377281945,0.4194959998130798,0.04093567251461988
token_entropy (untrained),172,0.3488843813387424,0.3090630769729614,0.6569767441860465,0.3488843813387424,0.4189272820949554,0.046511627906976744
token_entropy (untrained),173,0.3509127789046653,0.3098293542861938,0.6589595375722543,0.3509127789046653,0.4178625345230102,0.046242774566473986
token_entropy (untrained),174,0.35294117647058826,0.3101939857006073,0.6609195402298851,0.35294117647058826,0.4147937297821045,0.04597701149425287
token_entropy (untrained),175,0.35496957403651114,0.3104851245880127,0.6628571428571428,0.35496957403651114,0.4147772490978241,0.045714285714285714
token_entropy (untrained),176,0.35699797160243407,0.310918778181076,0.6590909090909091,0.35699797160243407,0.4146751463413238,0.045454545454545456
token_entropy (untrained),177,0.359026369168357,0.3110332190990448,0.6610169491525424,0.359026369168357,0.4143295288085937,0.04519774011299435
token_entropy (untrained),178,0.36105476673427994,0.3115930259227752,0.6629213483146067,0.36105476673427994,0.4140051603317261,0.0449438202247191
token_entropy (untrained),179,0.3630831643002028,0.3125986754894256,0.664804469273743,0.3630831643002028,0.4138431251049042,0.0446927374301676
token_entropy (untrained),180,0.36511156186612576,0.3128847479820251,0.6666666666666666,0.36511156186612576,0.4133481979370117,0.044444444444444446
token_entropy (untrained),181,0.3671399594320487,0.3132142722606659,0.6685082872928176,0.3671399594320487,0.4130724370479584,0.04419889502762431
token_entropy (untrained),182,0.3691683569979716,0.3139847815036773,0.6648351648351648,0.3691683569979716,0.4123934507369995,0.04395604395604396
token_entropy (untrained),183,0.3711967545638945,0.3143745958805084,0.6666666666666666,0.3711967545638945,0.4119802713394165,0.04371584699453552
token_entropy (untrained),184,0.37322515212981744,0.3154833614826202,0.6684782608695652,0.37322515212981744,0.4118541181087494,0.043478260869565216
token_entropy (untrained),185,0.3752535496957404,0.3155384957790375,0.6702702702702703,0.3752535496957404,0.4116785228252411,0.043243243243243246
token_entropy (untrained),186,0.3772819472616633,0.3158212006092071,0.6720430107526881,0.3772819472616633,0.4078634977340698,0.043010752688172046
token_entropy (untrained),187,0.3793103448275862,0.3162566721439361,0.6737967914438503,0.3793103448275862,0.404930830001831,0.0427807486631016
token_entropy (untrained),188,0.3813387423935091,0.3174487352371216,0.675531914893617,0.3813387423935091,0.4045385718345642,0.0425531914893617
token_entropy (untrained),189,0.38336713995943206,0.3175970315933227,0.6772486772486772,0.38336713995943206,0.4044992923736572,0.042328042328042326
token_entropy (untrained),190,0.385395537525355,0.3180396258831024,0.6789473684210526,0.385395537525355,0.4039458632469177,0.042105263157894736
token_entropy (untrained),191,0.38742393509127787,0.319018691778183,0.675392670157068,0.38742393509127787,0.4029612243175506,0.041884816753926704
token_entropy (untrained),192,0.3894523326572008,0.3191930055618286,0.671875,0.3894523326572008,0.4021784961223602,0.041666666666666664
token_entropy (untrained),193,0.39148073022312374,0.320084661245346,0.6735751295336787,0.39148073022312374,0.401386946439743,0.04145077720207254
token_entropy (untrained),194,0.3935091277890467,0.3209312558174133,0.6752577319587629,0.3935091277890467,0.4006269872188568,0.041237113402061855
token_entropy (untrained),195,0.39553752535496955,0.321798175573349,0.676923076923077,0.39553752535496955,0.4005205631256103,0.041025641025641026
token_entropy (untrained),196,0.3975659229208925,0.3239521980285644,0.6785714285714286,0.3975659229208925,0.4003384113311767,0.04081632653061224
token_entropy (untrained),197,0.3995943204868154,0.3246561288833618,0.6802030456852792,0.3995943204868154,0.399297833442688,0.04060913705583756
token_entropy (untrained),198,0.40162271805273836,0.3251490890979767,0.6818181818181818,0.40162271805273836,0.3983995914459228,0.045454545454545456
token_entropy (untrained),199,0.40365111561866124,0.32558673620224,0.6834170854271356,0.40365111561866124,0.3979349732398987,0.04522613065326633
token_entropy (untrained),200,0.4056795131845842,0.3265694081783294,0.685,0.4056795131845842,0.3974606096744537,0.045
token_entropy (untrained),201,0.4077079107505071,0.3277705907821655,0.6865671641791045,0.4077079107505071,0.3971111178398132,0.04477611940298507
token_entropy (untrained),202,0.40973630831643004,0.3278439342975616,0.6881188118811881,0.40973630831643004,0.3968423902988434,0.04455445544554455
token_entropy (untrained),203,0.4117647058823529,0.3284047842025757,0.6896551724137931,0.4117647058823529,0.3966813087463379,0.04433497536945813
token_entropy (untrained),204,0.41379310344827586,0.329667866230011,0.6862745098039216,0.41379310344827586,0.3962333798408508,0.04411764705882353
token_entropy (untrained),205,0.4158215010141988,0.3298320472240448,0.6878048780487804,0.4158215010141988,0.3959583640098572,0.04390243902439024
token_entropy (untrained),206,0.4178498985801217,0.3300987482070923,0.6893203883495146,0.4178498985801217,0.3929707705974579,0.043689320388349516
token_entropy (untrained),207,0.4198782961460446,0.3308105766773224,0.6908212560386473,0.4198782961460446,0.3914614021778106,0.043478260869565216
token_entropy (untrained),208,0.42190669371196754,0.3316230475902557,0.6923076923076923,0.42190669371196754,0.3903109729290008,0.04326923076923077
token_entropy (untrained),209,0.4239350912778905,0.3317166268825531,0.69377990430622,0.4239350912778905,0.38910111784935,0.0430622009569378
token_entropy (untrained),210,0.4259634888438134,0.3318124413490295,0.6952380952380952,0.4259634888438134,0.3888499438762665,0.04285714285714286
token_entropy (untrained),211,0.4279918864097363,0.3328787386417389,0.6966824644549763,0.4279918864097363,0.3880751132965088,0.04265402843601896
token_entropy (untrained),212,0.4300202839756592,0.3334280550479889,0.6933962264150944,0.4300202839756592,0.3874085247516632,0.04245283018867924
token_entropy (untrained),213,0.43204868154158216,0.3362672030925751,0.6901408450704225,0.43204868154158216,0.3873227834701538,0.04225352112676056
token_entropy (untrained),214,0.4340770791075051,0.3398925065994262,0.6915887850467289,0.4340770791075051,0.3870170414447784,0.04205607476635514
token_entropy (untrained),215,0.43610547667342797,0.34002685546875,0.6930232558139535,0.43610547667342797,0.3862749636173248,0.04186046511627907
token_entropy (untrained),216,0.4381338742393509,0.3412962555885315,0.6944444444444444,0.4381338742393509,0.3862211108207702,0.041666666666666664
token_entropy (untrained),217,0.44016227180527384,0.3415278196334839,0.695852534562212,0.44016227180527384,0.3856810629367828,0.041474654377880185
token_entropy (untrained),218,0.4421906693711968,0.3420343101024627,0.6972477064220184,0.4421906693711968,0.3848800659179687,0.04128440366972477
token_entropy (untrained),219,0.44421906693711966,0.3420599400997162,0.6986301369863014,0.44421906693711966,0.3847583532333374,0.0410958904109589
token_entropy (untrained),220,0.4462474645030426,0.3424214124679565,0.7,0.4462474645030426,0.3844806551933288,0.04090909090909091
token_entropy (untrained),221,0.4482758620689655,0.3424366116523742,0.7013574660633484,0.4482758620689655,0.384398877620697,0.04072398190045249
token_entropy (untrained),222,0.45030425963488846,0.3426211178302765,0.7027027027027027,0.45030425963488846,0.3840411305427551,0.04054054054054054
token_entropy (untrained),223,0.45233265720081134,0.3428163230419159,0.7040358744394619,0.45233265720081134,0.3830202221870422,0.04035874439461883
token_entropy (untrained),224,0.4543610547667343,0.3429656624794006,0.7053571428571429,0.4543610547667343,0.3820943534374237,0.04017857142857143
token_entropy (untrained),225,0.4563894523326572,0.3429799377918243,0.7066666666666667,0.4563894523326572,0.3807157278060913,0.04
token_entropy (untrained),226,0.45841784989858014,0.344291090965271,0.7035398230088495,0.45841784989858014,0.3805106878280639,0.03982300884955752
token_entropy (untrained),227,0.460446247464503,0.3468879461288452,0.7048458149779736,0.460446247464503,0.3805061280727386,0.039647577092511016
token_entropy (untrained),228,0.46247464503042596,0.3477045893669128,0.706140350877193,0.46247464503042596,0.3802621960639953,0.039473684210526314
token_entropy (untrained),229,0.4645030425963489,0.3479109108448028,0.7030567685589519,0.4645030425963489,0.3794610798358917,0.039301310043668124
token_entropy (untrained),230,0.4665314401622718,0.3487206399440765,0.7,0.4665314401622718,0.3787508010864258,0.0391304347826087
token_entropy (untrained),231,0.4685598377281947,0.3506984710693359,0.7012987012987013,0.4685598377281947,0.3783734738826751,0.03896103896103896
token_entropy (untrained),232,0.47058823529411764,0.3509600460529327,0.7025862068965517,0.47058823529411764,0.3778920471668243,0.03879310344827586
token_entropy (untrained),233,0.4726166328600406,0.352519154548645,0.703862660944206,0.4726166328600406,0.3765385150909424,0.03862660944206009
token_entropy (untrained),234,0.4746450304259635,0.3535982966423034,0.7051282051282052,0.4746450304259635,0.3758970499038696,0.038461538461538464
token_entropy (untrained),235,0.4766734279918864,0.3557444214820862,0.7063829787234043,0.4766734279918864,0.3747952282428741,0.03829787234042553
token_entropy (untrained),236,0.4787018255578093,0.3573619723320007,0.7076271186440678,0.4787018255578093,0.3736420571804046,0.038135593220338986
token_entropy (untrained),237,0.48073022312373226,0.3579360544681549,0.7088607594936709,0.48073022312373226,0.3725454807281494,0.0379746835443038
token_entropy (untrained),238,0.4827586206896552,0.360972911119461,0.7058823529411765,0.4827586206896552,0.3719127774238586,0.04201680672268908
token_entropy (untrained),239,0.4847870182555781,0.3612227439880371,0.7071129707112971,0.4847870182555781,0.3715763688087463,0.04184100418410042
token_entropy (untrained),240,0.486815415821501,0.3621519207954407,0.7083333333333334,0.486815415821501,0.3709276020526886,0.041666666666666664
token_entropy (untrained),241,0.48884381338742394,0.3624884784221649,0.7095435684647303,0.48884381338742394,0.370186299085617,0.04149377593360996
token_entropy (untrained),242,0.4908722109533469,0.3624967634677887,0.7107438016528925,0.4908722109533469,0.3701717853546142,0.04132231404958678
token_entropy (untrained),243,0.49290060851926976,0.3633264303207397,0.7119341563786008,0.49290060851926976,0.3699413239955902,0.04526748971193416
token_entropy (untrained),244,0.4949290060851927,0.3645940721035003,0.7131147540983607,0.4949290060851927,0.3695316612720489,0.045081967213114756
token_entropy (untrained),245,0.4969574036511156,0.3652885258197784,0.7142857142857143,0.4969574036511156,0.368617445230484,0.044897959183673466
token_entropy (untrained),246,0.49898580121703856,0.3654002547264099,0.7154471544715447,0.49898580121703856,0.3672195076942444,0.04878048780487805
token_entropy (untrained),247,0.5010141987829615,0.3663339912891388,0.7165991902834008,0.5010141987829615,0.3663339912891388,0.048582995951417005
token_entropy (untrained),248,0.5030425963488844,0.3672195076942444,0.7137096774193549,0.5030425963488844,0.3654002547264099,0.04838709677419355
token_entropy (untrained),249,0.5050709939148073,0.368617445230484,0.714859437751004,0.5050709939148073,0.3652885258197784,0.04819277108433735
token_entropy (untrained),250,0.5070993914807302,0.3695316612720489,0.716,0.5070993914807302,0.3645940721035003,0.048
token_entropy (untrained),251,0.5091277890466531,0.3699413239955902,0.7131474103585658,0.5091277890466531,0.3633264303207397,0.04780876494023904
token_entropy (untrained),252,0.5111561866125761,0.3701717853546142,0.7142857142857143,0.5111561866125761,0.3624967634677887,0.047619047619047616
token_entropy (untrained),253,0.513184584178499,0.370186299085617,0.7154150197628458,0.513184584178499,0.3624884784221649,0.04743083003952569
token_entropy (untrained),254,0.5152129817444219,0.3709276020526886,0.7165354330708661,0.5152129817444219,0.3621519207954407,0.047244094488188976
token_entropy (untrained),255,0.5172413793103449,0.3715763688087463,0.7176470588235294,0.5172413793103449,0.3612227439880371,0.047058823529411764
token_entropy (untrained),256,0.5192697768762677,0.3719127774238586,0.71484375,0.5192697768762677,0.360972911119461,0.05078125
token_entropy (untrained),257,0.5212981744421906,0.3725454807281494,0.7159533073929961,0.5212981744421906,0.3579360544681549,0.05058365758754864
token_entropy (untrained),258,0.5233265720081136,0.3736420571804046,0.7170542635658915,0.5233265720081136,0.3573619723320007,0.050387596899224806
token_entropy (untrained),259,0.5253549695740365,0.3747952282428741,0.7181467181467182,0.5253549695740365,0.3557444214820862,0.05019305019305019
token_entropy (untrained),260,0.5273833671399595,0.3758970499038696,0.7192307692307692,0.5273833671399595,0.3535982966423034,0.05
token_entropy (untrained),261,0.5294117647058824,0.3765385150909424,0.7203065134099617,0.5294117647058824,0.352519154548645,0.04980842911877394
token_entropy (untrained),262,0.5314401622718052,0.3778920471668243,0.7213740458015268,0.5314401622718052,0.3509600460529327,0.04961832061068702
token_entropy (untrained),263,0.5334685598377282,0.3783734738826751,0.7224334600760456,0.5334685598377282,0.3506984710693359,0.049429657794676805
token_entropy (untrained),264,0.5354969574036511,0.3787508010864258,0.7234848484848485,0.5354969574036511,0.3487206399440765,0.05303030303030303
token_entropy (untrained),265,0.537525354969574,0.3794610798358917,0.7245283018867924,0.537525354969574,0.3479109108448028,0.05660377358490566
token_entropy (untrained),266,0.539553752535497,0.3802621960639953,0.7255639097744361,0.539553752535497,0.3477045893669128,0.05639097744360902
token_entropy (untrained),267,0.5415821501014199,0.3805061280727386,0.7265917602996255,0.5415821501014199,0.3468879461288452,0.056179775280898875
token_entropy (untrained),268,0.5436105476673428,0.3805106878280639,0.7276119402985075,0.5436105476673428,0.344291090965271,0.05970149253731343
token_entropy (untrained),269,0.5456389452332657,0.3807157278060913,0.7286245353159851,0.5456389452332657,0.3429799377918243,0.05947955390334572
token_entropy (untrained),270,0.5476673427991886,0.3820943534374237,0.7296296296296296,0.5476673427991886,0.3429656624794006,0.05925925925925926
token_entropy (untrained),271,0.5496957403651116,0.3830202221870422,0.7306273062730627,0.5496957403651116,0.3428163230419159,0.05904059040590406
token_entropy (untrained),272,0.5517241379310345,0.3840411305427551,0.7316176470588235,0.5517241379310345,0.3426211178302765,0.058823529411764705
token_entropy (untrained),273,0.5537525354969574,0.384398877620697,0.7326007326007326,0.5537525354969574,0.3424366116523742,0.05860805860805861
token_entropy (untrained),274,0.5557809330628803,0.3844806551933288,0.7335766423357665,0.5557809330628803,0.3424214124679565,0.058394160583941604
token_entropy (untrained),275,0.5578093306288032,0.3847583532333374,0.7345454545454545,0.5578093306288032,0.3420599400997162,0.05818181818181818
token_entropy (untrained),276,0.5598377281947262,0.3848800659179687,0.7355072463768116,0.5598377281947262,0.3420343101024627,0.057971014492753624
token_entropy (untrained),277,0.5618661257606491,0.3856810629367828,0.7364620938628159,0.5618661257606491,0.3415278196334839,0.05776173285198556
token_entropy (untrained),278,0.563894523326572,0.3862211108207702,0.737410071942446,0.563894523326572,0.3412962555885315,0.05755395683453238
token_entropy (untrained),279,0.565922920892495,0.3862749636173248,0.7383512544802867,0.565922920892495,0.34002685546875,0.05734767025089606
token_entropy (untrained),280,0.5679513184584178,0.3870170414447784,0.7392857142857143,0.5679513184584178,0.3398925065994262,0.05714285714285714
token_entropy (untrained),281,0.5699797160243407,0.3873227834701538,0.7402135231316725,0.5699797160243407,0.3362672030925751,0.060498220640569395
token_entropy (untrained),282,0.5720081135902637,0.3874085247516632,0.7411347517730497,0.5720081135902637,0.3334280550479889,0.06382978723404255
token_entropy (untrained),283,0.5740365111561866,0.3880751132965088,0.7420494699646644,0.5740365111561866,0.3328787386417389,0.0636042402826855
token_entropy (untrained),284,0.5760649087221096,0.3888499438762665,0.7429577464788732,0.5760649087221096,0.3318124413490295,0.06338028169014084
token_entropy (untrained),285,0.5780933062880325,0.38910111784935,0.743859649122807,0.5780933062880325,0.3317166268825531,0.06315789473684211
token_entropy (untrained),286,0.5801217038539553,0.3903109729290008,0.7447552447552448,0.5801217038539553,0.3316230475902557,0.06293706293706294
token_entropy (untrained),287,0.5821501014198783,0.3914614021778106,0.7456445993031359,0.5821501014198783,0.3308105766773224,0.0627177700348432
token_entropy (untrained),288,0.5841784989858012,0.3929707705974579,0.7465277777777778,0.5841784989858012,0.3300987482070923,0.0625
token_entropy (untrained),289,0.5862068965517241,0.3959583640098572,0.7474048442906575,0.5862068965517241,0.3298320472240448,0.06228373702422145
token_entropy (untrained),290,0.5882352941176471,0.3962333798408508,0.7482758620689656,0.5882352941176471,0.329667866230011,0.06551724137931035
token_entropy (untrained),291,0.59026369168357,0.3966813087463379,0.7491408934707904,0.59026369168357,0.3284047842025757,0.06529209621993128
token_entropy (untrained),292,0.592292089249493,0.3968423902988434,0.75,0.592292089249493,0.3278439342975616,0.06506849315068493
token_entropy (untrained),293,0.5943204868154158,0.3971111178398132,0.7508532423208191,0.5943204868154158,0.3277705907821655,0.06484641638225255
token_entropy (untrained),294,0.5963488843813387,0.3974606096744537,0.7517006802721088,0.5963488843813387,0.3265694081783294,0.06462585034013606
token_entropy (untrained),295,0.5983772819472617,0.3979349732398987,0.752542372881356,0.5983772819472617,0.32558673620224,0.06440677966101695
token_entropy (untrained),296,0.6004056795131846,0.3983995914459228,0.75,0.6004056795131846,0.3251490890979767,0.06418918918918919
token_entropy (untrained),297,0.6024340770791075,0.399297833442688,0.7508417508417509,0.6024340770791075,0.3246561288833618,0.06397306397306397
token_entropy (untrained),298,0.6044624746450304,0.4003384113311767,0.7516778523489933,0.6044624746450304,0.3239521980285644,0.06375838926174497
token_entropy (untrained),299,0.6064908722109533,0.4005205631256103,0.7525083612040134,0.6064908722109533,0.321798175573349,0.06354515050167224
token_entropy (untrained),300,0.6085192697768763,0.4006269872188568,0.7533333333333333,0.6085192697768763,0.3209312558174133,0.06333333333333334
token_entropy (untrained),301,0.6105476673427992,0.401386946439743,0.7541528239202658,0.6105476673427992,0.320084661245346,0.06312292358803986
token_entropy (untrained),302,0.6125760649087221,0.4021784961223602,0.7549668874172185,0.6125760649087221,0.3191930055618286,0.06622516556291391
token_entropy (untrained),303,0.6146044624746451,0.4029612243175506,0.7557755775577558,0.6146044624746451,0.319018691778183,0.06930693069306931
token_entropy (untrained),304,0.6166328600405679,0.4039458632469177,0.756578947368421,0.6166328600405679,0.3180396258831024,0.06907894736842106
token_entropy (untrained),305,0.6186612576064908,0.4044992923736572,0.7573770491803279,0.6186612576064908,0.3175970315933227,0.06885245901639345
token_entropy (untrained),306,0.6206896551724138,0.4045385718345642,0.7581699346405228,0.6206896551724138,0.3174487352371216,0.06862745098039216
token_entropy (untrained),307,0.6227180527383367,0.404930830001831,0.758957654723127,0.6227180527383367,0.3162566721439361,0.06840390879478828
token_entropy (untrained),308,0.6247464503042597,0.4078634977340698,0.7597402597402597,0.6247464503042597,0.3158212006092071,0.06818181818181818
token_entropy (untrained),309,0.6267748478701826,0.4116785228252411,0.7605177993527508,0.6267748478701826,0.3155384957790375,0.06796116504854369
token_entropy (untrained),310,0.6288032454361054,0.4118541181087494,0.7612903225806451,0.6288032454361054,0.3154833614826202,0.06774193548387097
token_entropy (untrained),311,0.6308316430020284,0.4119802713394165,0.7620578778135049,0.6308316430020284,0.3143745958805084,0.06752411575562701
token_entropy (untrained),312,0.6328600405679513,0.4123934507369995,0.7628205128205128,0.6328600405679513,0.3139847815036773,0.07051282051282051
token_entropy (untrained),313,0.6348884381338742,0.4130724370479584,0.7635782747603834,0.6348884381338742,0.3132142722606659,0.07028753993610223
token_entropy (untrained),314,0.6369168356997972,0.4133481979370117,0.7643312101910829,0.6369168356997972,0.3128847479820251,0.07006369426751592
token_entropy (untrained),315,0.6389452332657201,0.4138431251049042,0.765079365079365,0.6389452332657201,0.3125986754894256,0.06984126984126984
token_entropy (untrained),316,0.640973630831643,0.4140051603317261,0.7658227848101266,0.640973630831643,0.3115930259227752,0.06962025316455696
token_entropy (untrained),317,0.6430020283975659,0.4143295288085937,0.7665615141955836,0.6430020283975659,0.3110332190990448,0.0694006309148265
token_entropy (untrained),318,0.6450304259634888,0.4146751463413238,0.7672955974842768,0.6450304259634888,0.310918778181076,0.07232704402515723
token_entropy (untrained),319,0.6470588235294118,0.4147772490978241,0.768025078369906,0.6470588235294118,0.3104851245880127,0.07210031347962383
token_entropy (untrained),320,0.6490872210953347,0.4147937297821045,0.76875,0.6490872210953347,0.3101939857006073,0.071875
token_entropy (untrained),321,0.6511156186612576,0.4178625345230102,0.7694704049844237,0.6511156186612576,0.3098293542861938,0.07165109034267912
token_entropy (untrained),322,0.6531440162271805,0.4189272820949554,0.7670807453416149,0.6531440162271805,0.3090630769729614,0.07142857142857142
token_entropy (untrained),323,0.6551724137931034,0.4194959998130798,0.7678018575851393,0.6551724137931034,0.3089507520198822,0.07120743034055728
token_entropy (untrained),324,0.6572008113590264,0.4210807979106903,0.7685185185185185,0.6572008113590264,0.308885246515274,0.07098765432098765
token_entropy (untrained),325,0.6592292089249493,0.4215770363807678,0.7692307692307693,0.6592292089249493,0.3086459338665008,0.07384615384615385
token_entropy (untrained),326,0.6612576064908722,0.4224606156349182,0.7699386503067485,0.6612576064908722,0.3081930875778198,0.0736196319018405
token_entropy (untrained),327,0.6632860040567952,0.4238708317279815,0.7706422018348624,0.6632860040567952,0.307905375957489,0.07339449541284404
token_entropy (untrained),328,0.665314401622718,0.4246915876865387,0.7713414634146342,0.665314401622718,0.3076554536819458,0.07317073170731707
token_entropy (untrained),329,0.6673427991886409,0.425325334072113,0.7720364741641338,0.6673427991886409,0.3056012094020843,0.0729483282674772
token_entropy (untrained),330,0.6693711967545639,0.4260789155960083,0.7727272727272727,0.6693711967545639,0.3055571317672729,0.07575757575757576
token_entropy (untrained),331,0.6713995943204868,0.4276821911334991,0.7734138972809668,0.6713995943204868,0.3054579794406891,0.0755287009063444
token_entropy (untrained),332,0.6734279918864098,0.4283701479434967,0.7740963855421686,0.6734279918864098,0.3045514822006225,0.07530120481927711
token_entropy (untrained),333,0.6754563894523327,0.4292546808719635,0.7747747747747747,0.6754563894523327,0.3023534715175628,0.07507507507507508
token_entropy (untrained),334,0.6774847870182555,0.4293403029441833,0.7754491017964071,0.6774847870182555,0.3013293445110321,0.07784431137724551
token_entropy (untrained),335,0.6795131845841785,0.4300962686538696,0.7761194029850746,0.6795131845841785,0.3010123670101166,0.07761194029850746
token_entropy (untrained),336,0.6815415821501014,0.4303551316261291,0.7767857142857143,0.6815415821501014,0.3003149926662445,0.08035714285714286
token_entropy (untrained),337,0.6835699797160243,0.4321753978729248,0.7774480712166172,0.6835699797160243,0.2998176217079162,0.08011869436201781
token_entropy (untrained),338,0.6855983772819473,0.4338733553886413,0.7781065088757396,0.6855983772819473,0.2984208762645721,0.07988165680473373
token_entropy (untrained),339,0.6876267748478702,0.4342704117298126,0.7787610619469026,0.6876267748478702,0.2980780303478241,0.07964601769911504
token_entropy (untrained),340,0.6896551724137931,0.4344503879547119,0.7794117647058824,0.6896551724137931,0.2977702021598816,0.07941176470588235
token_entropy (untrained),341,0.691683569979716,0.434682697057724,0.7771260997067448,0.691683569979716,0.2976357042789459,0.07917888563049853
token_entropy (untrained),342,0.6937119675456389,0.4355928897857666,0.7777777777777778,0.6937119675456389,0.297554463148117,0.07894736842105263
token_entropy (untrained),343,0.6957403651115619,0.4362434148788452,0.7784256559766763,0.6957403651115619,0.296410471200943,0.07871720116618076
token_entropy (untrained),344,0.6977687626774848,0.4368839561939239,0.7790697674418605,0.6977687626774848,0.296381413936615,0.07848837209302326
token_entropy (untrained),345,0.6997971602434077,0.4385519325733185,0.7797101449275362,0.6997971602434077,0.2963775098323822,0.0782608695652174
token_entropy (untrained),346,0.7018255578093306,0.4400572180747986,0.7803468208092486,0.7018255578093306,0.2950792610645294,0.07803468208092486
token_entropy (untrained),347,0.7038539553752535,0.4406930208206177,0.7809798270893372,0.7038539553752535,0.2931732833385467,0.07780979827089338
token_entropy (untrained),348,0.7058823529411765,0.4423666596412658,0.7816091954022989,0.7058823529411765,0.2930489182472229,0.07758620689655173
token_entropy (untrained),349,0.7079107505070994,0.442583829164505,0.7822349570200573,0.7079107505070994,0.2928523421287536,0.07736389684813753
token_entropy (untrained),350,0.7099391480730223,0.4432395398616791,0.7828571428571428,0.7099391480730223,0.2924252152442932,0.07714285714285714
token_entropy (untrained),351,0.7119675456389453,0.4435929358005523,0.7834757834757835,0.7119675456389453,0.2905685007572174,0.07977207977207977
token_entropy (untrained),352,0.7139959432048681,0.4476685523986816,0.7840909090909091,0.7139959432048681,0.2903468012809753,0.07954545454545454
token_entropy (untrained),353,0.716024340770791,0.4485498070716858,0.7847025495750708,0.716024340770791,0.2886376976966858,0.07932011331444759
token_entropy (untrained),354,0.718052738336714,0.4508243203163147,0.7853107344632768,0.718052738336714,0.2865360379219055,0.08192090395480225
token_entropy (untrained),355,0.7200811359026369,0.4510186016559601,0.7859154929577464,0.7200811359026369,0.2852741777896881,0.08169014084507042
token_entropy (untrained),356,0.7221095334685599,0.4513282775878906,0.7865168539325843,0.7221095334685599,0.2848613262176513,0.08146067415730338
token_entropy (untrained),357,0.7241379310344828,0.4515804052352905,0.7871148459383753,0.7241379310344828,0.2846955060958862,0.08123249299719888
token_entropy (untrained),358,0.7261663286004056,0.4534964263439178,0.7877094972067039,0.7261663286004056,0.2844941318035126,0.08379888268156424
token_entropy (untrained),359,0.7281947261663286,0.4537263810634613,0.7883008356545961,0.7281947261663286,0.28413125872612,0.08356545961002786
token_entropy (untrained),360,0.7302231237322515,0.4551187753677368,0.7888888888888889,0.7302231237322515,0.2839739024639129,0.08333333333333333
token_entropy (untrained),361,0.7322515212981744,0.4555350840091705,0.7894736842105263,0.7322515212981744,0.2834300696849823,0.08310249307479224
token_entropy (untrained),362,0.7342799188640974,0.4568834006786346,0.7900552486187845,0.7342799188640974,0.2822248637676239,0.08287292817679558
token_entropy (untrained),363,0.7363083164300203,0.4573684334754944,0.790633608815427,0.7363083164300203,0.2821764647960663,0.08264462809917356
token_entropy (untrained),364,0.7383367139959433,0.4577939212322235,0.7912087912087912,0.7383367139959433,0.2805615961551666,0.08516483516483517
token_entropy (untrained),365,0.7403651115618661,0.4599432945251465,0.7917808219178082,0.7403651115618661,0.2802802622318268,0.08767123287671233
token_entropy (untrained),366,0.742393509127789,0.4603059589862823,0.7923497267759563,0.742393509127789,0.2802117764949798,0.09016393442622951
token_entropy (untrained),367,0.744421906693712,0.4604963064193725,0.7901907356948229,0.744421906693712,0.2790619134902954,0.08991825613079019
token_entropy (untrained),368,0.7464503042596349,0.4623538553714752,0.7907608695652174,0.7464503042596349,0.2787631452083587,0.08967391304347826
token_entropy (untrained),369,0.7484787018255578,0.4638136029243469,0.7913279132791328,0.7484787018255578,0.2785648703575134,0.0921409214092141
token_entropy (untrained),370,0.7505070993914807,0.4642326533794403,0.7918918918918919,0.7505070993914807,0.2773091495037079,0.0945945945945946
token_entropy (untrained),371,0.7525354969574036,0.4642936587333679,0.7924528301886793,0.7525354969574036,0.2761205434799194,0.09703504043126684
token_entropy (untrained),372,0.7545638945233266,0.4648954272270202,0.7903225806451613,0.7545638945233266,0.2759391665458679,0.0967741935483871
token_entropy (untrained),373,0.7565922920892495,0.4650894403457641,0.7908847184986595,0.7565922920892495,0.2758670449256897,0.09651474530831099
token_entropy (untrained),374,0.7586206896551724,0.4656402766704559,0.7914438502673797,0.7586206896551724,0.2750849723815918,0.09893048128342247
token_entropy (untrained),375,0.7606490872210954,0.466868132352829,0.792,0.7606490872210954,0.2743285894393921,0.09866666666666667
token_entropy (untrained),376,0.7626774847870182,0.4670897126197815,0.7898936170212766,0.7626774847870182,0.2729137241840362,0.09840425531914894
token_entropy (untrained),377,0.7647058823529411,0.4673326909542084,0.7904509283819628,0.7647058823529411,0.2716667950153351,0.10079575596816977
token_entropy (untrained),378,0.7667342799188641,0.467842161655426,0.791005291005291,0.7667342799188641,0.2712033689022064,0.10317460317460317
token_entropy (untrained),379,0.768762677484787,0.4680115580558777,0.7915567282321899,0.768762677484787,0.2708015441894531,0.10554089709762533
token_entropy (untrained),380,0.77079107505071,0.4684430062770843,0.7921052631578948,0.77079107505071,0.2705918252468109,0.10526315789473684
token_entropy (untrained),381,0.7728194726166329,0.4685744047164917,0.7926509186351706,0.7728194726166329,0.2699751853942871,0.10761154855643044
token_entropy (untrained),382,0.7748478701825557,0.4686662256717682,0.7931937172774869,0.7748478701825557,0.2693651616573334,0.10732984293193717
token_entropy (untrained),383,0.7768762677484787,0.4698013365268707,0.793733681462141,0.7768762677484787,0.2673508822917938,0.10704960835509138
token_entropy (untrained),384,0.7789046653144016,0.4707549214363098,0.7942708333333334,0.7789046653144016,0.2667770385742187,0.109375
token_entropy (untrained),385,0.7809330628803245,0.4709094762802124,0.7948051948051948,0.7809330628803245,0.2665422260761261,0.10909090909090909
token_entropy (untrained),386,0.7829614604462475,0.471205860376358,0.7953367875647669,0.7829614604462475,0.2665012776851654,0.10880829015544041
token_entropy (untrained),387,0.7849898580121704,0.4730500280857086,0.7958656330749354,0.7849898580121704,0.2661518156528473,0.10852713178294573
token_entropy (untrained),388,0.7870182555780934,0.4732841551303863,0.7963917525773195,0.7870182555780934,0.2659497559070587,0.10824742268041238
token_entropy (untrained),389,0.7890466531440162,0.4733320474624634,0.7969151670951157,0.7890466531440162,0.2656366527080536,0.10796915167095116
token_entropy (untrained),390,0.7910750507099391,0.4750943183898926,0.7974358974358975,0.7910750507099391,0.2650192081928253,0.11025641025641025
token_entropy (untrained),391,0.7931034482758621,0.4767967462539673,0.7979539641943734,0.7931034482758621,0.2639152705669403,0.10997442455242967
token_entropy (untrained),392,0.795131845841785,0.4769764244556427,0.798469387755102,0.795131845841785,0.263674646615982,0.1096938775510204
token_entropy (untrained),393,0.7971602434077079,0.4794005453586578,0.7989821882951654,0.7971602434077079,0.2636654675006866,0.10941475826972011
token_entropy (untrained),394,0.7991886409736308,0.4804601967334747,0.799492385786802,0.7991886409736308,0.2628436982631683,0.1116751269035533
token_entropy (untrained),395,0.8012170385395537,0.4813564419746399,0.8,0.8012170385395537,0.2623679041862488,0.11139240506329114
token_entropy (untrained),396,0.8032454361054767,0.4818768203258514,0.8005050505050505,0.8032454361054767,0.2618432641029358,0.1111111111111111
token_entropy (untrained),397,0.8052738336713996,0.4822188019752502,0.801007556675063,0.8052738336713996,0.2609894871711731,0.11083123425692695
token_entropy (untrained),398,0.8073022312373225,0.4845488965511322,0.8015075376884422,0.8073022312373225,0.2597540616989136,0.11055276381909548
token_entropy (untrained),399,0.8093306288032455,0.48489910364151,0.8020050125313283,0.8093306288032455,0.25898078083992,0.11278195488721804
token_entropy (untrained),400,0.8113590263691683,0.4851651787757873,0.8025,0.8113590263691683,0.2585272789001465,0.115
token_entropy (untrained),401,0.8133874239350912,0.4854587912559509,0.8029925187032418,0.8133874239350912,0.2577790319919586,0.1172069825436409
token_entropy (untrained),402,0.8154158215010142,0.4875529408454895,0.8034825870646766,0.8154158215010142,0.2576936185359955,0.11940298507462686
token_entropy (untrained),403,0.8174442190669371,0.4904325306415558,0.8039702233250621,0.8174442190669371,0.2573637068271637,0.11910669975186104
token_entropy (untrained),404,0.8194726166328601,0.4907532632350921,0.8044554455445545,0.8194726166328601,0.2573210000991821,0.1188118811881188
token_entropy (untrained),405,0.821501014198783,0.4911126494407654,0.8024691358024691,0.821501014198783,0.2559414505958557,0.12098765432098765
token_entropy (untrained),406,0.8235294117647058,0.4915536940097809,0.8029556650246306,0.8235294117647058,0.2547387182712555,0.1206896551724138
token_entropy (untrained),407,0.8255578093306288,0.4917304217815399,0.800982800982801,0.8255578093306288,0.253528743982315,0.12039312039312039
token_entropy (untrained),408,0.8275862068965517,0.491786777973175,0.8014705882352942,0.8275862068965517,0.2531347274780273,0.12009803921568628
token_entropy (untrained),409,0.8296146044624746,0.4918641746044159,0.8019559902200489,0.8296146044624746,0.2529343366622925,0.1198044009779951
token_entropy (untrained),410,0.8316430020283976,0.4918991327285766,0.802439024390244,0.8316430020283976,0.2517771124839782,0.11951219512195121
token_entropy (untrained),411,0.8336713995943205,0.4920224845409393,0.8029197080291971,0.8336713995943205,0.2514561712741852,0.1192214111922141
token_entropy (untrained),412,0.8356997971602435,0.4928718507289886,0.8033980582524272,0.8356997971602435,0.2498841136693954,0.11893203883495146
token_entropy (untrained),413,0.8377281947261663,0.497305691242218,0.8038740920096852,0.8377281947261663,0.2493955045938491,0.11864406779661017
token_entropy (untrained),414,0.8397565922920892,0.4974901080131531,0.8043478260869565,0.8397565922920892,0.2487344890832901,0.11835748792270531
token_entropy (untrained),415,0.8417849898580122,0.4975219368934631,0.8048192771084337,0.8417849898580122,0.2484094351530075,0.12048192771084337
token_entropy (untrained),416,0.8438133874239351,0.4978460967540741,0.8052884615384616,0.8438133874239351,0.247245043516159,0.1201923076923077
token_entropy (untrained),417,0.845841784989858,0.4982737898826599,0.8057553956834532,0.845841784989858,0.2471912652254104,0.1223021582733813
token_entropy (untrained),418,0.847870182555781,0.5041932463645935,0.80622009569378,0.847870182555781,0.2458343505859375,0.12200956937799043
token_entropy (untrained),419,0.8498985801217038,0.5056787729263306,0.8066825775656324,0.8498985801217038,0.2447615265846252,0.12171837708830549
token_entropy (untrained),420,0.8519269776876268,0.5057212710380554,0.8071428571428572,0.8519269776876268,0.2444201558828354,0.12142857142857143
token_entropy (untrained),421,0.8539553752535497,0.5068519115447998,0.8076009501187649,0.8539553752535497,0.2441664040088653,0.12114014251781473
token_entropy (untrained),422,0.8559837728194726,0.5079524517059326,0.8080568720379147,0.8559837728194726,0.2431698739528656,0.12085308056872038
token_entropy (untrained),423,0.8580121703853956,0.5103420615196228,0.8085106382978723,0.8580121703853956,0.2427198439836502,0.12056737588652482
token_entropy (untrained),424,0.8600405679513184,0.5106476545333862,0.8089622641509434,0.8600405679513184,0.2422168552875518,0.12264150943396226
token_entropy (untrained),425,0.8620689655172413,0.5134282112121582,0.8070588235294117,0.8620689655172413,0.2420081943273544,0.1223529411764706
token_entropy (untrained),426,0.8640973630831643,0.5175274014472961,0.8075117370892019,0.8640973630831643,0.2415282726287841,0.12206572769953052
token_entropy (untrained),427,0.8661257606490872,0.5177497863769531,0.8079625292740047,0.8661257606490872,0.2410832345485687,0.12177985948477751
token_entropy (untrained),428,0.8681541582150102,0.5193228125572205,0.8084112149532711,0.8681541582150102,0.2370394319295883,0.12383177570093458
token_entropy (untrained),429,0.8701825557809331,0.5205010771751404,0.8088578088578089,0.8701825557809331,0.2352174669504165,0.12354312354312354
token_entropy (untrained),430,0.8722109533468559,0.5214278101921082,0.8093023255813954,0.8722109533468559,0.2348130196332931,0.12325581395348838
token_entropy (untrained),431,0.8742393509127789,0.5234077572822571,0.8097447795823666,0.8742393509127789,0.2345697283744812,0.12296983758700696
token_entropy (untrained),432,0.8762677484787018,0.5256090760231018,0.8101851851851852,0.8762677484787018,0.2329377830028534,0.12268518518518519
token_entropy (untrained),433,0.8782961460446247,0.5321233868598938,0.8106235565819861,0.8782961460446247,0.2323742657899856,0.12240184757505773
token_entropy (untrained),434,0.8803245436105477,0.5324645638465881,0.8110599078341014,0.8803245436105477,0.2320168018341064,0.12442396313364056
token_entropy (untrained),435,0.8823529411764706,0.5327474474906921,0.8114942528735632,0.8823529411764706,0.231991097331047,0.12413793103448276
token_entropy (untrained),436,0.8843813387423936,0.5331145524978638,0.8119266055045872,0.8843813387423936,0.2299177050590515,0.12614678899082568
token_entropy (untrained),437,0.8864097363083164,0.5337267518043518,0.8123569794050344,0.8864097363083164,0.2292765229940414,0.12585812356979406
token_entropy (untrained),438,0.8884381338742393,0.5344464182853699,0.8127853881278538,0.8884381338742393,0.2280819416046142,0.1278538812785388
token_entropy (untrained),439,0.8904665314401623,0.5400645136833191,0.8132118451025057,0.8904665314401623,0.2276189923286438,0.1275626423690205
token_entropy (untrained),440,0.8924949290060852,0.5415427684783936,0.8136363636363636,0.8924949290060852,0.2253457158803939,0.12954545454545455
token_entropy (untrained),441,0.8945233265720081,0.5419157147407532,0.8140589569160998,0.8945233265720081,0.2253361195325851,0.1292517006802721
token_entropy (untrained),442,0.896551724137931,0.5439052581787109,0.8144796380090498,0.896551724137931,0.2238459587097168,0.12895927601809956
token_entropy (untrained),443,0.8985801217038539,0.5449578166007996,0.8148984198645598,0.8985801217038539,0.2222401350736618,0.12866817155756208
token_entropy (untrained),444,0.9006085192697769,0.5454440712928772,0.8153153153153153,0.9006085192697769,0.2213331162929535,0.12837837837837837
token_entropy (untrained),445,0.9026369168356998,0.5467236638069153,0.8157303370786517,0.9026369168356998,0.219673752784729,0.12808988764044943
token_entropy (untrained),446,0.9046653144016227,0.5481401681900024,0.8161434977578476,0.9046653144016227,0.2196269333362579,0.12780269058295965
token_entropy (untrained),447,0.9066937119675457,0.549144983291626,0.8165548098434005,0.9066937119675457,0.2192980647087097,0.12751677852348994
token_entropy (untrained),448,0.9087221095334685,0.5499051809310913,0.8169642857142857,0.9087221095334685,0.2189274132251739,0.12946428571428573
token_entropy (untrained),449,0.9107505070993914,0.551059365272522,0.8173719376391982,0.9107505070993914,0.2161150425672531,0.13140311804008908
token_entropy (untrained),450,0.9127789046653144,0.5544953942298889,0.8177777777777778,0.9127789046653144,0.2156251072883606,0.13333333333333333
token_entropy (untrained),451,0.9148073022312373,0.5553788542747498,0.8181818181818182,0.9148073022312373,0.2142595648765564,0.1352549889135255
token_entropy (untrained),452,0.9168356997971603,0.556411623954773,0.8185840707964602,0.9168356997971603,0.2133049070835113,0.13716814159292035
token_entropy (untrained),453,0.9188640973630832,0.5566030740737915,0.8189845474613686,0.9188640973630832,0.2130910754203796,0.1368653421633554
token_entropy (untrained),454,0.920892494929006,0.5568480491638184,0.8193832599118943,0.920892494929006,0.2088527679443359,0.13656387665198239
token_entropy (untrained),455,0.922920892494929,0.5629974603652954,0.8197802197802198,0.922920892494929,0.2077478319406509,0.13626373626373625
token_entropy (untrained),456,0.9249492900608519,0.5756534934043884,0.8201754385964912,0.9249492900608519,0.2075317353010177,0.13815789473684212
token_entropy (untrained),457,0.9269776876267748,0.5757682919502258,0.8205689277899344,0.9269776876267748,0.2069815546274185,0.1400437636761488
token_entropy (untrained),458,0.9290060851926978,0.5769436359405518,0.8209606986899564,0.9290060851926978,0.20677150785923,0.14192139737991266
token_entropy (untrained),459,0.9310344827586207,0.5815668106079102,0.8213507625272332,0.9310344827586207,0.2040374428033828,0.14161220043572983
token_entropy (untrained),460,0.9330628803245437,0.5827703475952148,0.8217391304347826,0.9330628803245437,0.2034742087125778,0.14347826086956522
token_entropy (untrained),461,0.9350912778904665,0.5845280885696411,0.8221258134490239,0.9350912778904665,0.2027276754379272,0.14316702819956617
token_entropy (untrained),462,0.9371196754563894,0.5853585004806519,0.8225108225108225,0.9371196754563894,0.20212022960186,0.14285714285714285
token_entropy (untrained),463,0.9391480730223124,0.5909031629562378,0.8228941684665226,0.9391480730223124,0.2012104243040084,0.14254859611231102
token_entropy (untrained),464,0.9411764705882353,0.592859148979187,0.8232758620689655,0.9411764705882353,0.2003995329141616,0.14439655172413793
token_entropy (untrained),465,0.9432048681541582,0.5954092741012573,0.8236559139784946,0.9432048681541582,0.1994092017412185,0.14408602150537633
token_entropy (untrained),466,0.9452332657200812,0.5986543893814087,0.8240343347639485,0.9452332657200812,0.1990214437246322,0.14377682403433475
token_entropy (untrained),467,0.947261663286004,0.6002631187438965,0.8244111349036403,0.947261663286004,0.1983893662691116,0.14346895074946467
token_entropy (untrained),468,0.949290060851927,0.6012570858001709,0.8247863247863247,0.949290060851927,0.1964111626148224,0.14316239316239315
token_entropy (untrained),469,0.9513184584178499,0.6020468473434448,0.8251599147121536,0.9513184584178499,0.1945870816707611,0.14498933901918976
token_entropy (untrained),470,0.9533468559837728,0.6026746034622192,0.825531914893617,0.9533468559837728,0.1938002258539199,0.14468085106382977
token_entropy (untrained),471,0.9553752535496958,0.6044567227363586,0.8259023354564756,0.9553752535496958,0.1925143599510193,0.1464968152866242
token_entropy (untrained),472,0.9574036511156186,0.6062866449356079,0.826271186440678,0.9574036511156186,0.1919422149658203,0.1461864406779661
token_entropy (untrained),473,0.9594320486815415,0.6111505627632141,0.8266384778012685,0.9594320486815415,0.1910592168569564,0.14799154334038056
token_entropy (untrained),474,0.9614604462474645,0.6124194264411926,0.8270042194092827,0.9614604462474645,0.1887383759021759,0.14767932489451477
token_entropy (untrained),475,0.9634888438133874,0.6128838062286377,0.8273684210526315,0.9634888438133874,0.1874855011701584,0.14736842105263157
token_entropy (untrained),476,0.9655172413793104,0.6141694188117981,0.8277310924369747,0.9655172413793104,0.1867941617965698,0.14915966386554622
token_entropy (untrained),477,0.9675456389452333,0.6155802607536316,0.8280922431865828,0.9675456389452333,0.185960054397583,0.1488469601677149
token_entropy (untrained),478,0.9695740365111561,0.6206825375556946,0.8284518828451883,0.9695740365111561,0.1848720014095306,0.1506276150627615
token_entropy (untrained),479,0.9716024340770791,0.6279774308204651,0.8288100208768268,0.9716024340770791,0.1830515265464782,0.1524008350730689
token_entropy (untrained),480,0.973630831643002,0.6317429542541504,0.8291666666666667,0.973630831643002,0.1828736215829849,0.15208333333333332
token_entropy (untrained),481,0.9756592292089249,0.6355953216552734,0.8295218295218295,0.9756592292089249,0.1745988428592682,0.15384615384615385
token_entropy (untrained),482,0.9776876267748479,0.6428623795509338,0.8298755186721992,0.9776876267748479,0.1709392517805099,0.15560165975103735
token_entropy (untrained),483,0.9797160243407708,0.645779550075531,0.8302277432712215,0.9797160243407708,0.168281003832817,0.15734989648033126
token_entropy (untrained),484,0.9817444219066938,0.6469271779060364,0.8305785123966942,0.9817444219066938,0.1670988649129867,0.1590909090909091
token_entropy (untrained),485,0.9837728194726166,0.6603460907936096,0.8309278350515464,0.9837728194726166,0.1661122292280197,0.16082474226804125
token_entropy (untrained),486,0.9858012170385395,0.6669384837150574,0.831275720164609,0.9858012170385395,0.1619466692209243,0.16049382716049382
token_entropy (untrained),487,0.9878296146044625,0.6714015007019043,0.8316221765913757,0.9878296146044625,0.1611789315938949,0.162217659137577
token_entropy (untrained),488,0.9898580121703854,0.6871076226234436,0.8319672131147541,0.9898580121703854,0.1547474712133407,0.16393442622950818
token_entropy (untrained),489,0.9918864097363083,0.6919342875480652,0.8323108384458078,0.9918864097363083,0.1535660028457641,0.16359918200409
token_entropy (untrained),490,0.9939148073022313,0.6967043280601501,0.8326530612244898,0.9939148073022313,0.1526296585798263,0.16326530612244897
token_entropy (untrained),491,0.9959432048681541,0.7032672762870789,0.8329938900203666,0.9959432048681541,0.1438910365104675,0.164969450101833
token_entropy (untrained),492,0.9979716024340771,0.7313224673271179,0.8333333333333334,0.9979716024340771,0.1190118268132209,0.16463414634146342
token_entropy (untrained),493,1.0,0.7468075156211853,0.8336713995943205,1.0,0.1121883317828178,0.1663286004056795
context_action,1,0.002028397565922921,0.098545408314581,0.0,0.002028397565922921,0.9999999469723748,0.0
context_action,2,0.004056795131845842,0.098545408314581,0.0,0.004056795131845842,0.9999999469723748,0.0
context_action,3,0.006085192697768763,0.098545408314581,0.0,0.006085192697768763,0.9999999469723748,0.0
context_action,4,0.008113590263691683,0.098545408314581,0.0,0.008113590263691683,0.9999999469723748,0.0
context_action,5,0.010141987829614604,0.100477474013949,0.0,0.010141987829614604,0.9999999469723748,0.0
context_action,6,0.012170385395537525,0.100477474013949,0.0,0.012170385395537525,0.9999999469723748,0.0
context_action,7,0.014198782961460446,0.100477474013949,0.0,0.014198782961460446,0.9999999469723748,0.0
context_action,8,0.016227180527383367,0.100477474013949,0.0,0.016227180527383367,0.9999999469723748,0.0
context_action,9,0.018255578093306288,0.100477474013949,0.0,0.018255578093306288,0.9999999469723748,0.0
context_action,10,0.02028397565922921,0.100477474013949,0.0,0.02028397565922921,0.9999999469723748,0.0
context_action,11,0.02231237322515213,0.100477474013949,0.0,0.02231237322515213,0.9999999469723748,0.0
context_action,12,0.02434077079107505,0.1024431147541723,0.0,0.02434077079107505,0.9999999469723748,0.0
context_action,13,0.02636916835699797,0.1024431147541723,0.0,0.02636916835699797,0.9999999469723748,0.0
context_action,14,0.028397565922920892,0.1024431147541723,0.0,0.028397565922920892,0.999999917378992,0.0
context_action,15,0.030425963488843813,0.1024431147541723,0.0,0.030425963488843813,0.999999914064392,0.0
context_action,16,0.032454361054766734,0.1024431147541723,0.0,0.032454361054766734,0.9999999032478328,0.0
context_action,17,0.034482758620689655,0.1044427444834512,0.0,0.034482758620689655,0.9999998989701548,0.0
context_action,18,0.036511156186612576,0.1044427444834512,0.0,0.036511156186612576,0.9999998881993744,0.0
context_action,19,0.038539553752535496,0.1044427444834512,0.0,0.038539553752535496,0.9999998815894964,0.0
context_action,20,0.04056795131845842,0.1044427444834512,0.0,0.04056795131845842,0.9999998782250664,0.0
context_action,21,0.04259634888438134,0.1064767755145584,0.0,0.04259634888438134,0.9999998258580832,0.0
context_action,22,0.04462474645030426,0.1064767755145584,0.0,0.04462474645030426,0.999999729302112,0.0
context_action,23,0.04665314401622718,0.1064767755145584,0.0,0.04665314401622718,0.9999997228072544,0.0
context_action,24,0.0486815415821501,0.1064767755145584,0.0,0.0486815415821501,0.99999968455805,0.0
context_action,25,0.05070993914807302,0.1085456182006371,0.0,0.05070993914807302,0.999999639968494,0.0
context_action,26,0.05273833671399594,0.1085456182006371,0.0,0.05273833671399594,0.999999507514594,0.0
context_action,27,0.05476673427991886,0.1106496806001284,0.0,0.05476673427991886,0.999999413469138,0.0
context_action,28,0.056795131845841784,0.1106496806001284,0.0,0.056795131845841784,0.9999992906080812,0.0
context_action,29,0.058823529411764705,0.1656028890205814,0.034482758620689655,0.058823529411764705,0.9999992228368284,0.0
context_action,30,0.060851926977687626,0.2014798490742138,0.03333333333333333,0.060851926977687626,0.999998994757432,0.0
context_action,31,0.06288032454361055,0.2043969082616985,0.03225806451612903,0.06288032454361055,0.999998950993132,0.0
context_action,32,0.06490872210953347,0.2133357522199907,0.03125,0.06490872210953347,0.999998921322284,0.0
context_action,33,0.06693711967545639,0.2256921230592918,0.030303030303030304,0.06693711967545639,0.9999987501826793,0.0
context_action,34,0.06896551724137931,0.3004028104395974,0.058823529411764705,0.06896551724137931,0.9999986624985834,0.0
context_action,35,0.07099391480730223,0.3118943114730033,0.08571428571428572,0.07099391480730223,0.9999985113928422,0.0
context_action,36,0.07302231237322515,0.4294473071466111,0.1111111111111111,0.07302231237322515,0.9999984400564744,0.0
context_action,37,0.07505070993914807,0.4347382483747449,0.10810810810810811,0.07505070993914807,0.999998333919614,0.0
context_action,38,0.07707910750507099,0.4400441003476869,0.13157894736842105,0.07707910750507099,0.99999828927279,0.0
context_action,39,0.07910750507099391,0.4400441003476869,0.15384615384615385,0.07910750507099391,0.9999981319573542,0.0
context_action,40,0.08113590263691683,0.4400441003476869,0.175,0.08113590263691683,0.9999980205334532,0.0
context_action,41,0.08316430020283976,0.4400441003476869,0.17073170731707318,0.08316430020283976,0.999997886718044,0.0
context_action,42,0.08519269776876268,0.4453636878365822,0.19047619047619047,0.08519269776876268,0.9999972850457004,0.0
context_action,43,0.0872210953346856,0.4453636878365822,0.20930232558139536,0.0872210953346856,0.9999972372314516,0.0
context_action,44,0.08924949290060852,0.4453636878365822,0.22727272727272727,0.08924949290060852,0.9999969211783956,0.0
context_action,45,0.09127789046653144,0.4453636878365822,0.24444444444444444,0.09127789046653144,0.9999967575096876,0.0
context_action,46,0.09330628803245436,0.4506958231196097,0.2391304347826087,0.09330628803245436,0.9999953569057324,0.0
context_action,47,0.09533468559837728,0.4506958231196097,0.2553191489361702,0.09533468559837728,0.9999946946944496,0.0
context_action,48,0.0973630831643002,0.4560393070196137,0.25,0.0973630831643002,0.9999946369785222,0.0
context_action,49,0.09939148073022312,0.4560393070196137,0.24489795918367346,0.09939148073022312,0.9999945483136712,0.0
context_action,50,0.10141987829614604,0.4560393070196137,0.26,0.10141987829614604,0.999994306226496,0.0
context_action,51,0.10344827586206896,0.4613929299638062,0.2549019607843137,0.10344827586206896,0.9999927744047375,0.0
context_action,52,0.10547667342799188,0.5042575083845706,0.2692307692307692,0.10547667342799188,0.9999916449742094,0.0
context_action,53,0.1075050709939148,0.5477570857716014,0.2830188679245283,0.1075050709939148,0.9999914978310372,0.0
context_action,54,0.10953346855983773,0.5562662199213486,0.2777777777777778,0.10953346855983773,0.9999907223198282,0.0
context_action,55,0.11156186612576065,0.5562662199213486,0.2727272727272727,0.11156186612576065,0.9999905525605696,0.0
context_action,56,0.11359026369168357,0.5562662199213486,0.26785714285714285,0.11359026369168357,0.9999900571276726,0.0
context_action,57,0.11561866125760649,0.5606959628772206,0.2807017543859649,0.11561866125760649,0.9999900216104928,0.0
context_action,58,0.11764705882352941,0.5615817280559421,0.27586206896551724,0.11764705882352941,0.9999898760723698,0.0
context_action,59,0.11967545638945233,0.5668831395199107,0.2711864406779661,0.11967545638945233,0.9999896551418374,0.0
context_action,60,0.12170385395537525,0.5668831395199107,0.26666666666666666,0.12170385395537525,0.9999874170591868,0.0
context_action,61,0.12373225152129817,0.5668831395199107,0.26229508196721313,0.12373225152129817,0.999986329642984,0.0
context_action,62,0.1257606490872211,0.5668831395199107,0.25806451612903225,0.1257606490872211,0.9999859964639106,0.0
context_action,63,0.12778904665314403,0.572029632063213,0.2698412698412698,0.12778904665314403,0.9999837986982344,0.0
context_action,64,0.12981744421906694,0.5721692831127715,0.265625,0.12981744421906694,0.9999836876464178,0.0
context_action,65,0.13184584178498987,0.5721692831127715,0.26153846153846155,0.13184584178498987,0.9999833158208132,0.0
context_action,66,0.13387423935091278,0.5721692831127715,0.25757575757575757,0.13387423935091278,0.9999814948538042,0.0
context_action,67,0.1359026369168357,0.5721692831127715,0.2537313432835821,0.1359026369168357,0.9999805430871606,0.0
context_action,68,0.13793103448275862,0.5721692831127715,0.25,0.13793103448275862,0.999979993523187,0.0
context_action,69,0.13995943204868155,0.5774390014459476,0.2608695652173913,0.13995943204868155,0.999977961093094,0.0
context_action,70,0.14198782961460446,0.5774390014459476,0.2571428571428571,0.14198782961460446,0.9999748752787796,0.0
context_action,71,0.1440162271805274,0.5790299416949984,0.2676056338028169,0.1440162271805274,0.9999741122286258,0.0
context_action,72,0.1460446247464503,0.5826911519224687,0.2638888888888889,0.1460446247464503,0.999972478504333,0.0
context_action,73,0.14807302231237324,0.5826911519224687,0.2602739726027397,0.14807302231237324,0.9999718702438188,0.0
context_action,74,0.15010141987829614,0.587924607688705,0.25675675675675674,0.15010141987829614,0.9999711126421218,0.0
context_action,75,0.15212981744421908,0.593138258556525,0.26666666666666666,0.15212981744421908,0.9999708764887516,0.0
context_action,76,0.15415821501014199,0.593138258556525,0.27631578947368424,0.15415821501014199,0.9999704346988006,0.0
context_action,77,0.15618661257606492,0.5983310118943818,0.2727272727272727,0.15618661257606492,0.9999700977728436,0.0
context_action,78,0.15821501014198783,0.6286261287046631,0.28205128205128205,0.15821501014198783,0.9999696562395378,0.0
context_action,79,0.16024340770791076,0.6336457062510302,0.2911392405063291,0.16024340770791076,0.9999693841830568,0.0
context_action,80,0.16227180527383367,0.6386364389198911,0.2875,0.16227180527383367,0.9999692773958262,0.0
context_action,81,0.1643002028397566,0.6394286214841427,0.2839506172839506,0.1643002028397566,0.9999686498913508,0.0
context_action,82,0.1663286004056795,0.6471231105704562,0.2926829268292683,0.1663286004056795,0.999966888549834,0.0
context_action,83,0.16835699797160245,0.653426670299894,0.30120481927710846,0.16835699797160245,0.9999663337665852,0.0
context_action,84,0.17038539553752535,0.6553151121582069,0.30952380952380953,0.17038539553752535,0.9999644937208132,0.0
context_action,85,0.1724137931034483,0.6593771237390939,0.3176470588235294,0.1724137931034483,0.9999624263608236,0.0
context_action,86,0.1744421906693712,0.66743084722861,0.32558139534883723,0.1744421906693712,0.9999624263608236,0.0
context_action,87,0.17647058823529413,0.66743084722861,0.3218390804597701,0.17647058823529413,0.999961948059176,0.0
context_action,88,0.17849898580121704,0.6726912815175718,0.3181818181818182,0.17849898580121704,0.9999590973284688,0.0
context_action,89,0.18052738336713997,0.6808569054334479,0.3258426966292135,0.18052738336713997,0.9999590973284688,0.0
context_action,90,0.18255578093306288,0.6871349205911755,0.32222222222222224,0.18255578093306288,0.999957746081465,0.0
context_action,91,0.1845841784989858,0.6947450643112555,0.32967032967032966,0.1845841784989858,0.99995625697952,0.0
context_action,92,0.18661257606490872,0.7038128740304634,0.33695652173913043,0.18661257606490872,0.9999522538224448,0.0
context_action,93,0.18864097363083165,0.7171171124126041,0.34408602150537637,0.18864097363083165,0.9999508324896514,0.0
context_action,94,0.19066937119675456,0.717465830432724,0.35106382978723405,0.19066937119675456,0.9999459030180822,0.0
context_action,95,0.1926977687626775,0.7226743759285637,0.35789473684210527,0.1926977687626775,0.999945214135548,0.0
context_action,96,0.1947261663286004,0.7464143947318516,0.3645833333333333,0.1947261663286004,0.9999446597013828,0.0
context_action,97,0.19675456389452334,0.7504738662382402,0.3711340206185567,0.19675456389452334,0.9999308663181544,0.0
context_action,98,0.19878296146044624,0.7540023617170515,0.3673469387755102,0.19878296146044624,0.9999249448110228,0.0
context_action,99,0.20081135902636918,0.754489727452383,0.36363636363636365,0.20081135902636918,0.9999079681115972,0.0
context_action,100,0.2028397565922921,0.7573320402569991,0.36,0.2028397565922921,0.9999075329514496,0.0
context_action,101,0.20486815415821502,0.7584617589529882,0.36633663366336633,0.20486815415821502,0.9999033076074898,0.0
context_action,102,0.20689655172413793,0.7584617589529882,0.37254901960784315,0.20689655172413793,0.9998914106471486,0.0
context_action,103,0.20892494929006086,0.7596548281663018,0.3786407766990291,0.20892494929006086,0.9998832888868456,0.0
context_action,104,0.21095334685598377,0.7606309579087516,0.375,0.21095334685598377,0.9998828383656896,0.0
context_action,105,0.2129817444219067,0.7606309579087516,0.37142857142857144,0.2129817444219067,0.9998699533527944,0.0
context_action,106,0.2150101419878296,0.7606725593075564,0.37735849056603776,0.2150101419878296,0.9998608262092802,0.0
context_action,107,0.21703853955375255,0.7662735793123602,0.37383177570093457,0.21703853955375255,0.9998556215556522,0.0
context_action,108,0.21906693711967545,0.7662735793123602,0.37037037037037035,0.21906693711967545,0.999848788519365,0.0
context_action,109,0.2210953346855984,0.7735171031405453,0.3761467889908257,0.2210953346855984,0.9998457757461195,0.0
context_action,110,0.2231237322515213,0.7760327936816218,0.38181818181818183,0.2231237322515213,0.9998456383808756,0.0
context_action,111,0.22515212981744423,0.7790192391787103,0.38738738738738737,0.22515212981744423,0.9998446405018594,0.0
context_action,112,0.22718052738336714,0.7797734451326507,0.39285714285714285,0.22718052738336714,0.9998416532211384,0.0
context_action,113,0.22920892494929007,0.781977050377817,0.39823008849557523,0.22920892494929007,0.9998325620967154,0.0
context_action,114,0.23123732251521298,0.7902910260733024,0.40350877192982454,0.23123732251521298,0.9998325620967154,0.0
context_action,115,0.2332657200811359,0.7989724765787592,0.40869565217391307,0.2332657200811359,0.9998074516074033,0.0
context_action,116,0.23529411764705882,0.8017410166458869,0.41379310344827586,0.23529411764705882,0.9998013965269776,0.0
context_action,117,0.23732251521298176,0.8019961062862898,0.4188034188034188,0.23732251521298176,0.9997578297306788,0.0
context_action,118,0.23935091277890466,0.8058095529463627,0.423728813559322,0.23935091277890466,0.9997543207069922,0.0
context_action,119,0.2413793103448276,0.8099433652399376,0.42857142857142855,0.2413793103448276,0.999751386043668,0.0
context_action,120,0.2434077079107505,0.8132022822745978,0.43333333333333335,0.2434077079107505,0.9997375685543284,0.0
context_action,121,0.24543610547667344,0.8147056391594496,0.4380165289256198,0.24543610547667344,0.9997327941744246,0.0
context_action,122,0.24746450304259635,0.8159262849416634,0.4426229508196721,0.24746450304259635,0.9997305543529384,0.0
context_action,123,0.24949290060851928,0.8212817920497972,0.44715447154471544,0.24949290060851928,0.9997292774419798,0.0
context_action,124,0.2515212981744422,0.8212817920497972,0.45161290322580644,0.2515212981744422,0.999702859695762,0.0
context_action,125,0.2535496957403651,0.8230184643193691,0.456,0.2535496957403651,0.9996668232134216,0.0
context_action,126,0.25557809330628806,0.8265146140979139,0.4523809523809524,0.25557809330628806,0.9996622211743303,0.0
context_action,127,0.25760649087221094,0.8346572905462789,0.4566929133858268,0.25760649087221094,0.9996588643778336,0.0
context_action,128,0.25963488843813387,0.8353768796122262,0.4609375,0.25963488843813387,0.9996538236767224,0.0
context_action,129,0.2616632860040568,0.8370261869711928,0.46511627906976744,0.2616632860040568,0.99964273351963,0.0
context_action,130,0.26369168356997974,0.8394839276583714,0.46923076923076923,0.26369168356997974,0.9996086912462966,0.0
context_action,131,0.2657200811359026,0.8439388612988553,0.4732824427480916,0.2657200811359026,0.9996083575578022,0.0
context_action,132,0.26774847870182555,0.8462290190581435,0.4772727272727273,0.26774847870182555,0.9995992502688046,0.0
context_action,133,0.2697768762677485,0.8480100840663999,0.48120300751879697,0.2697768762677485,0.9995921517811795,0.0
context_action,134,0.2718052738336714,0.8507683454820756,0.48507462686567165,0.2718052738336714,0.9995845382034856,0.0
context_action,135,0.2738336713995943,0.8515021623280942,0.48148148148148145,0.2738336713995943,0.999576980941064,0.0
context_action,136,0.27586206896551724,0.8601172863710267,0.4852941176470588,0.27586206896551724,0.9995692862710478,0.0
context_action,137,0.2778904665314402,0.8671976566447052,0.48905109489051096,0.2778904665314402,0.9995534746781776,0.0
context_action,138,0.2799188640973631,0.8692608546037637,0.4855072463768116,0.2799188640973631,0.9995513172490176,0.0
context_action,139,0.281947261663286,0.8712967561750614,0.48201438848920863,0.281947261663286,0.9995453526263112,0.0
context_action,140,0.2839756592292089,0.8732239796296937,0.4857142857142857,0.2839756592292089,0.9995315545328408,0.0
context_action,141,0.28600405679513186,0.8733055749750624,0.48226950354609927,0.28600405679513186,0.999528884252059,0.0
context_action,142,0.2880324543610548,0.8735962039879469,0.4859154929577465,0.2880324543610548,0.9995286628385373,0.0
context_action,143,0.29006085192697767,0.8752875276654908,0.48951048951048953,0.29006085192697767,0.9995286628385373,0.0
context_action,144,0.2920892494929006,0.8766651318009463,0.4930555555555556,0.2920892494929006,0.999521349261194,0.0
context_action,145,0.29411764705882354,0.8772428337721448,0.496551724137931,0.29411764705882354,0.9994833697902012,0.0
context_action,146,0.2961460446247465,0.8782819264223338,0.5,0.2961460446247465,0.9994825220653588,0.0
context_action,147,0.29817444219066935,0.8788231465198139,0.5034013605442177,0.29817444219066935,0.9993675755176508,0.0
context_action,148,0.3002028397565923,0.8789775852616064,0.5067567567567568,0.3002028397565923,0.9993675755176508,0.0
context_action,149,0.3022312373225152,0.8810743975951235,0.5033557046979866,0.3022312373225152,0.9993657100949764,0.0
context_action,150,0.30425963488843816,0.8829511071020253,0.5066666666666667,0.30425963488843816,0.9993634726990214,0.0
context_action,151,0.30628803245436104,0.884290941668814,0.5033112582781457,0.30628803245436104,0.9992965289975004,0.0
context_action,152,0.30831643002028397,0.8856384375481987,0.506578947368421,0.30831643002028397,0.9991747327163564,0.0
context_action,153,0.3103448275862069,0.8866275273480884,0.5098039215686274,0.3103448275862069,0.9991602107384404,0.0
context_action,154,0.31237322515212984,0.8884741888093786,0.512987012987013,0.31237322515212984,0.9991303963405694,0.0
context_action,155,0.3144016227180527,0.8902028333578357,0.5161290322580645,0.3144016227180527,0.998969572064202,0.0
context_action,156,0.31643002028397565,0.8919531564336128,0.5192307692307693,0.31643002028397565,0.998969572064202,0.0
context_action,157,0.3184584178498986,0.8962201832175328,0.5222929936305732,0.3184584178498986,0.9989595548974566,0.0
context_action,158,0.3204868154158215,0.9010771769982838,0.5253164556962026,0.3204868154158215,0.9989411385660788,0.0
context_action,159,0.3225152129817444,0.9069992693542558,0.5283018867924528,0.3225152129817444,0.998940641218419,0.0
context_action,160,0.32454361054766734,0.9088291235320766,0.525,0.32454361054766734,0.9989352350133396,0.0
context_action,161,0.3265720081135903,0.909902964333491,0.5279503105590062,0.3265720081135903,0.9989242133311876,0.0
context_action,162,0.3286004056795132,0.9127247230150848,0.5308641975308642,0.3286004056795132,0.9989242133311876,0.0
context_action,163,0.3306288032454361,0.923227750257163,0.5276073619631901,0.3306288032454361,0.9989017772869326,0.0
context_action,164,0.332657200811359,0.923227750257163,0.5304878048780488,0.332657200811359,0.9989007914394612,0.0
context_action,165,0.33468559837728196,0.924020176376941,0.5333333333333333,0.33468559837728196,0.9988524085085048,0.0
context_action,166,0.3367139959432049,0.924020176376941,0.536144578313253,0.3367139959432049,0.9988524085085048,0.0
context_action,167,0.33874239350912777,0.924020176376941,0.5389221556886228,0.33874239350912777,0.9987587199759548,0.0
context_action,168,0.3407707910750507,0.9297500237197894,0.5416666666666666,0.3407707910750507,0.9986850266190118,0.0
context_action,169,0.34279918864097364,0.9319966461194684,0.5443786982248521,0.34279918864097364,0.9986387730191892,0.0
context_action,170,0.3448275862068966,0.9319966461194684,0.5470588235294118,0.3448275862068966,0.998614680867042,0.0
context_action,171,0.34685598377281945,0.9330527063666284,0.5497076023391813,0.34685598377281945,0.9985782445671526,0.0
context_action,172,0.3488843813387424,0.9362912690140414,0.5523255813953488,0.3488843813387424,0.998515777100401,0.0
context_action,173,0.3509127789046653,0.9368428783102324,0.5549132947976878,0.3509127789046653,0.9982274408914418,0.0
context_action,174,0.35294117647058826,0.9393997057454192,0.5574712643678161,0.35294117647058826,0.9981856764604206,0.0
context_action,175,0.35496957403651114,0.9399693700211004,0.56,0.35496957403651114,0.9981747275525236,0.0
context_action,176,0.35699797160243407,0.9404182521524674,0.5625,0.35699797160243407,0.9980894118359506,0.0
context_action,177,0.359026369168357,0.94127159846864,0.5649717514124294,0.359026369168357,0.998059757882447,0.0
context_action,178,0.36105476673427994,0.9422292748701412,0.5674157303370787,0.36105476673427994,0.9980513398116688,0.0
context_action,179,0.3630831643002028,0.9424074068420178,0.5698324022346368,0.3630831643002028,0.998046484257652,0.0
context_action,180,0.36511156186612576,0.9424074068420178,0.5722222222222222,0.36511156186612576,0.9979880498849356,0.0
context_action,181,0.3671399594320487,0.944334083901804,0.569060773480663,0.3671399594320487,0.9979566175150244,0.0
context_action,182,0.3691683569979716,0.9446083163732302,0.5714285714285714,0.3691683569979716,0.9979479621878636,0.0
context_action,183,0.3711967545638945,0.9448600859247188,0.5737704918032787,0.3711967545638945,0.997844504859605,0.0
context_action,184,0.37322515212981744,0.9452745266326648,0.5760869565217391,0.37322515212981744,0.9977633635159332,0.0
context_action,185,0.3752535496957404,0.9452745266326648,0.5783783783783784,0.3752535496957404,0.9977349209182534,0.0
context_action,186,0.3772819472616633,0.9467771809086494,0.5752688172043011,0.3772819472616633,0.9976856658919264,0.0
context_action,187,0.3793103448275862,0.9468014103381384,0.5775401069518716,0.3793103448275862,0.997583927176527,0.0
context_action,188,0.3813387423935091,0.9471106712536852,0.5797872340425532,0.3813387423935091,0.9975313968563674,0.0
context_action,189,0.38336713995943206,0.9485329086607764,0.582010582010582,0.38336713995943206,0.9975313968563674,0.0
context_action,190,0.385395537525355,0.9488885407762748,0.5842105263157895,0.385395537525355,0.9975253369272354,0.0
context_action,191,0.38742393509127787,0.9489112848518158,0.5863874345549738,0.38742393509127787,0.9974777273082812,0.0
context_action,192,0.3894523326572008,0.9526312376481524,0.5885416666666666,0.3894523326572008,0.997328684292946,0.0
context_action,193,0.39148073022312374,0.9526312376481524,0.5906735751295337,0.39148073022312374,0.9972498981136828,0.0
context_action,194,0.3935091277890467,0.954914097246708,0.5927835051546392,0.3935091277890467,0.9972021394638853,0.0
context_action,195,0.39553752535496955,0.9549393940584382,0.5948717948717949,0.39553752535496955,0.9970206494989874,0.0
context_action,196,0.3975659229208925,0.9577218102973049,0.5969387755102041,0.3975659229208925,0.9968153603209564,0.0
context_action,197,0.3995943204868154,0.9578506376749084,0.5989847715736041,0.3995943204868154,0.996766839626488,0.0
context_action,198,0.40162271805273836,0.9590980640394412,0.601010101010101,0.40162271805273836,0.9963907786569148,0.0
context_action,199,0.40365111561866124,0.9592150038635135,0.6030150753768844,0.40365111561866124,0.9960666498906162,0.0
context_action,200,0.4056795131845842,0.9605592975493102,0.605,0.4056795131845842,0.9959395765193512,0.0
context_action,201,0.4077079107505071,0.9615322414998592,0.6069651741293532,0.4077079107505071,0.99573600221821,0.0
context_action,202,0.40973630831643004,0.9631214763732984,0.6089108910891089,0.40973630831643004,0.995168799114356,0.0
context_action,203,0.4117647058823529,0.9642720348213996,0.6108374384236454,0.4117647058823529,0.9948971701890642,0.0
context_action,204,0.41379310344827586,0.964453395394892,0.6127450980392157,0.41379310344827586,0.9948643469834544,0.0
context_action,205,0.4158215010141988,0.9652248106533106,0.6146341463414634,0.4158215010141988,0.9942750944364486,0.0
context_action,206,0.4178498985801217,0.9654427572177586,0.616504854368932,0.4178498985801217,0.9942454279173578,0.0
context_action,207,0.4198782961460446,0.9663779613711664,0.6183574879227053,0.4198782961460446,0.9941510451832396,0.0
context_action,208,0.42190669371196754,0.9666667813552078,0.6201923076923077,0.42190669371196754,0.9940444565844488,0.0
context_action,209,0.4239350912778905,0.9671297457465072,0.6220095693779905,0.4239350912778905,0.9936176970904322,0.0
context_action,210,0.4259634888438134,0.9674941611926756,0.6238095238095238,0.4259634888438134,0.9935822074517422,0.0
context_action,211,0.4279918864097363,0.969101576372078,0.6255924170616114,0.4279918864097363,0.9932851694444862,0.0
context_action,212,0.4300202839756592,0.96936774158188,0.6273584905660378,0.4300202839756592,0.9925014317670644,0.0
context_action,213,0.43204868154158216,0.9705906379773616,0.6291079812206573,0.43204868154158216,0.9923800050648208,0.0
context_action,214,0.4340770791075051,0.9710794730461628,0.6308411214953271,0.4340770791075051,0.9923244371878792,0.0
context_action,215,0.43610547667342797,0.9715948255244788,0.6325581395348837,0.43610547667342797,0.9921918120270918,0.0
context_action,216,0.4381338742393509,0.9716110413518244,0.6296296296296297,0.4381338742393509,0.9921918120270918,0.0
context_action,217,0.44016227180527384,0.9716216804678212,0.631336405529954,0.44016227180527384,0.9914938112155304,0.0
context_action,218,0.4421906693711968,0.9716216804678212,0.6330275229357798,0.4421906693711968,0.9910456737801476,0.0
context_action,219,0.44421906693711966,0.9720336009452916,0.634703196347032,0.44421906693711966,0.9907042462440836,0.0
context_action,220,0.4462474645030426,0.972088646880196,0.6363636363636364,0.4462474645030426,0.9905948577344532,0.0
context_action,221,0.4482758620689655,0.9729571274619822,0.6380090497737556,0.4482758620689655,0.99009414890187,0.0
context_action,222,0.45030425963488846,0.9730759827256245,0.6396396396396397,0.45030425963488846,0.9897457722788467,0.0
context_action,223,0.45233265720081134,0.9740049869075506,0.6412556053811659,0.45233265720081134,0.9897330385521426,0.0
context_action,224,0.4543610547667343,0.97428705524231,0.6428571428571429,0.4543610547667343,0.9896762091786794,0.0
context_action,225,0.4563894523326572,0.9743619302403728,0.6444444444444445,0.4563894523326572,0.9895670641932348,0.0
context_action,226,0.45841784989858014,0.9744577156607253,0.6460176991150443,0.45841784989858014,0.9895301969711248,0.0
context_action,227,0.460446247464503,0.9744577156607253,0.6475770925110133,0.460446247464503,0.9889797589160026,0.0
context_action,228,0.46247464503042596,0.9751380699072169,0.6491228070175439,0.46247464503042596,0.988528850938128,0.0
context_action,229,0.4645030425963489,0.97558084452855,0.6506550218340611,0.4645030425963489,0.9881306185752587,0.0
context_action,230,0.4665314401622718,0.9760202913473808,0.6521739130434783,0.4665314401622718,0.9877916350807586,0.0
context_action,231,0.4685598377281947,0.976441030866038,0.6536796536796536,0.4685598377281947,0.9876276692945885,0.0
context_action,232,0.47058823529411764,0.9766085764415154,0.6508620689655172,0.47058823529411764,0.9873681365763924,0.0
context_action,233,0.4726166328600406,0.9768153066240924,0.6523605150214592,0.4726166328600406,0.986835828241169,0.0
context_action,234,0.4746450304259635,0.976839315384744,0.6538461538461539,0.4746450304259635,0.9868237868369468,0.0
context_action,235,0.4766734279918864,0.9779951227815648,0.6553191489361702,0.4766734279918864,0.9867055577807704,0.0
context_action,236,0.4787018255578093,0.9779951227815648,0.6567796610169492,0.4787018255578093,0.9865404657041674,0.0
context_action,237,0.48073022312373226,0.9780301605901996,0.6582278481012658,0.48073022312373226,0.9865404657041674,0.0
context_action,238,0.4827586206896552,0.9785475565478936,0.6596638655462185,0.4827586206896552,0.9857685285533204,0.0
context_action,239,0.4847870182555781,0.9787341377576284,0.6610878661087866,0.4847870182555781,0.9852451899208824,0.0041841004184100415
context_action,240,0.486815415821501,0.9787341377576284,0.6625,0.486815415821501,0.9844670498555238,0.004166666666666667
context_action,241,0.48884381338742394,0.9794002213127389,0.6639004149377593,0.48884381338742394,0.9835867452965156,0.004149377593360996
context_action,242,0.4908722109533469,0.9800854659081092,0.6652892561983471,0.4908722109533469,0.9833984142634942,0.004132231404958678
context_action,243,0.49290060851926976,0.9801400391335912,0.6666666666666666,0.49290060851926976,0.9829444797099904,0.00411522633744856
context_action,244,0.4949290060851927,0.9803036181171592,0.6680327868852459,0.4949290060851927,0.9826098749610016,0.004098360655737705
context_action,245,0.4969574036511156,0.9810829822818858,0.6693877551020408,0.4969574036511156,0.9820693651725312,0.004081632653061225
context_action,246,0.49898580121703856,0.981454756505764,0.6707317073170732,0.49898580121703856,0.981702336442934,0.0040650406504065045
context_action,247,0.5010141987829615,0.981702336442934,0.6720647773279352,0.5010141987829615,0.981702336442934,0.004048582995951417
context_action,248,0.5030425963488844,0.981702336442934,0.6733870967741935,0.5030425963488844,0.981454756505764,0.004032258064516129
context_action,249,0.5050709939148073,0.9820693651725312,0.6746987951807228,0.5050709939148073,0.9810829822818858,0.004016064257028112
context_action,250,0.5070993914807302,0.9826098749610016,0.676,0.5070993914807302,0.9803036181171592,0.004
context_action,251,0.5091277890466531,0.9829444797099904,0.6772908366533864,0.5091277890466531,0.9801400391335912,0.00398406374501992
context_action,252,0.5111561866125761,0.9833984142634942,0.6785714285714286,0.5111561866125761,0.9800854659081092,0.003968253968253968
context_action,253,0.513184584178499,0.9835867452965156,0.6798418972332015,0.513184584178499,0.9794002213127389,0.003952569169960474
context_action,254,0.5152129817444219,0.9844670498555238,0.6811023622047244,0.5152129817444219,0.9787341377576284,0.003937007874015748
context_action,255,0.5172413793103449,0.9852451899208824,0.6784313725490196,0.5172413793103449,0.9787341377576284,0.00392156862745098
context_action,256,0.5192697768762677,0.9857685285533204,0.6796875,0.5192697768762677,0.9785475565478936,0.00390625
context_action,257,0.5212981744421906,0.9865404657041674,0.6809338521400778,0.5212981744421906,0.9780301605901996,0.0038910505836575876
context_action,258,0.5233265720081136,0.9865404657041674,0.6821705426356589,0.5233265720081136,0.9779951227815648,0.003875968992248062
context_action,259,0.5253549695740365,0.9867055577807704,0.6833976833976834,0.5253549695740365,0.9779951227815648,0.003861003861003861
context_action,260,0.5273833671399595,0.9868237868369468,0.6846153846153846,0.5273833671399595,0.976839315384744,0.0038461538461538464
context_action,261,0.5294117647058824,0.986835828241169,0.685823754789272,0.5294117647058824,0.9768153066240924,0.0038314176245210726
context_action,262,0.5314401622718052,0.9873681365763924,0.6870229007633588,0.5314401622718052,0.9766085764415154,0.007633587786259542
context_action,263,0.5334685598377282,0.9876276692945885,0.688212927756654,0.5334685598377282,0.976441030866038,0.0076045627376425855
context_action,264,0.5354969574036511,0.9877916350807586,0.6893939393939394,0.5354969574036511,0.9760202913473808,0.007575757575757576
context_action,265,0.537525354969574,0.9881306185752587,0.690566037735849,0.537525354969574,0.97558084452855,0.007547169811320755
context_action,266,0.539553752535497,0.988528850938128,0.6917293233082706,0.539553752535497,0.9751380699072169,0.007518796992481203
context_action,267,0.5415821501014199,0.9889797589160026,0.6928838951310862,0.5415821501014199,0.9744577156607253,0.00749063670411985
context_action,268,0.5436105476673428,0.9895301969711248,0.6940298507462687,0.5436105476673428,0.9744577156607253,0.007462686567164179
context_action,269,0.5456389452332657,0.9895670641932348,0.6951672862453532,0.5456389452332657,0.9743619302403728,0.007434944237918215
context_action,270,0.5476673427991886,0.9896762091786794,0.6962962962962963,0.5476673427991886,0.97428705524231,0.007407407407407408
context_action,271,0.5496957403651116,0.9897330385521426,0.6974169741697417,0.5496957403651116,0.9740049869075506,0.007380073800738007
context_action,272,0.5517241379310345,0.9897457722788467,0.6985294117647058,0.5517241379310345,0.9730759827256245,0.007352941176470588
context_action,273,0.5537525354969574,0.99009414890187,0.6996336996336996,0.5537525354969574,0.9729571274619822,0.007326007326007326
context_action,274,0.5557809330628803,0.9905948577344532,0.7007299270072993,0.5557809330628803,0.972088646880196,0.0072992700729927005
context_action,275,0.5578093306288032,0.9907042462440836,0.7018181818181818,0.5578093306288032,0.9720336009452916,0.007272727272727273
context_action,276,0.5598377281947262,0.9910456737801476,0.7028985507246377,0.5598377281947262,0.9716216804678212,0.007246376811594203
context_action,277,0.5618661257606491,0.9914938112155304,0.703971119133574,0.5618661257606491,0.9716216804678212,0.007220216606498195
context_action,278,0.563894523326572,0.9921918120270918,0.7050359712230215,0.563894523326572,0.9716110413518244,0.01079136690647482
context_action,279,0.565922920892495,0.9921918120270918,0.7060931899641577,0.565922920892495,0.9715948255244788,0.010752688172043012
context_action,280,0.5679513184584178,0.9923244371878792,0.7071428571428572,0.5679513184584178,0.9710794730461628,0.010714285714285714
context_action,281,0.5699797160243407,0.9923800050648208,0.708185053380783,0.5699797160243407,0.9705906379773616,0.010676156583629894
context_action,282,0.5720081135902637,0.9925014317670644,0.7092198581560284,0.5720081135902637,0.96936774158188,0.010638297872340425
context_action,283,0.5740365111561866,0.9932851694444862,0.7102473498233216,0.5740365111561866,0.969101576372078,0.01060070671378092
context_action,284,0.5760649087221096,0.9935822074517422,0.7112676056338029,0.5760649087221096,0.9674941611926756,0.01056338028169014
context_action,285,0.5780933062880325,0.9936176970904322,0.712280701754386,0.5780933062880325,0.9671297457465072,0.010526315789473684
context_action,286,0.5801217038539553,0.9940444565844488,0.7132867132867133,0.5801217038539553,0.9666667813552078,0.01048951048951049
context_action,287,0.5821501014198783,0.9941510451832396,0.7142857142857143,0.5821501014198783,0.9663779613711664,0.010452961672473868
context_action,288,0.5841784989858012,0.9942454279173578,0.7152777777777778,0.5841784989858012,0.9654427572177586,0.010416666666666666
context_action,289,0.5862068965517241,0.9942750944364486,0.7162629757785467,0.5862068965517241,0.9652248106533106,0.010380622837370242
context_action,290,0.5882352941176471,0.9948643469834544,0.7172413793103448,0.5882352941176471,0.964453395394892,0.010344827586206896
context_action,291,0.59026369168357,0.9948971701890642,0.718213058419244,0.59026369168357,0.9642720348213996,0.010309278350515464
context_action,292,0.592292089249493,0.995168799114356,0.7191780821917808,0.592292089249493,0.9631214763732984,0.010273972602739725
context_action,293,0.5943204868154158,0.99573600221821,0.7201365187713311,0.5943204868154158,0.9615322414998592,0.010238907849829351
context_action,294,0.5963488843813387,0.9959395765193512,0.7210884353741497,0.5963488843813387,0.9605592975493102,0.01020408163265306
context_action,295,0.5983772819472617,0.9960666498906162,0.7220338983050848,0.5983772819472617,0.9592150038635135,0.010169491525423728
context_action,296,0.6004056795131846,0.9963907786569148,0.722972972972973,0.6004056795131846,0.9590980640394412,0.010135135135135136
context_action,297,0.6024340770791075,0.996766839626488,0.7239057239057239,0.6024340770791075,0.9578506376749084,0.010101010101010102
context_action,298,0.6044624746450304,0.9968153603209564,0.7248322147651006,0.6044624746450304,0.9577218102973049,0.010067114093959731
context_action,299,0.6064908722109533,0.9970206494989874,0.725752508361204,0.6064908722109533,0.9549393940584382,0.010033444816053512
context_action,300,0.6085192697768763,0.9972021394638853,0.7266666666666667,0.6085192697768763,0.954914097246708,0.01
context_action,301,0.6105476673427992,0.9972498981136828,0.7275747508305648,0.6105476673427992,0.9526312376481524,0.009966777408637873
context_action,302,0.6125760649087221,0.997328684292946,0.7284768211920529,0.6125760649087221,0.9526312376481524,0.009933774834437087
context_action,303,0.6146044624746451,0.9974777273082812,0.7293729372937293,0.6146044624746451,0.9489112848518158,0.009900990099009901
context_action,304,0.6166328600405679,0.9975253369272354,0.7302631578947368,0.6166328600405679,0.9488885407762748,0.009868421052631578
context_action,305,0.6186612576064908,0.9975313968563674,0.7311475409836066,0.6186612576064908,0.9485329086607764,0.009836065573770493
context_action,306,0.6206896551724138,0.9975313968563674,0.7320261437908496,0.6206896551724138,0.9471106712536852,0.00980392156862745
context_action,307,0.6227180527383367,0.997583927176527,0.7328990228013029,0.6227180527383367,0.9468014103381384,0.009771986970684038
context_action,308,0.6247464503042597,0.9976856658919264,0.7337662337662337,0.6247464503042597,0.9467771809086494,0.012987012987012988
context_action,309,0.6267748478701826,0.9977349209182534,0.7346278317152104,0.6267748478701826,0.9452745266326648,0.012944983818770227
context_action,310,0.6288032454361054,0.9977633635159332,0.7354838709677419,0.6288032454361054,0.9452745266326648,0.012903225806451613
context_action,311,0.6308316430020284,0.997844504859605,0.7363344051446945,0.6308316430020284,0.9448600859247188,0.012861736334405145
context_action,312,0.6328600405679513,0.9979479621878636,0.7371794871794872,0.6328600405679513,0.9446083163732302,0.01282051282051282
context_action,313,0.6348884381338742,0.9979566175150244,0.7380191693290735,0.6348884381338742,0.944334083901804,0.01597444089456869
context_action,314,0.6369168356997972,0.9979880498849356,0.7388535031847133,0.6369168356997972,0.9424074068420178,0.01592356687898089
context_action,315,0.6389452332657201,0.998046484257652,0.7396825396825397,0.6389452332657201,0.9424074068420178,0.015873015873015872
context_action,316,0.640973630831643,0.9980513398116688,0.740506329113924,0.640973630831643,0.9422292748701412,0.015822784810126583
context_action,317,0.6430020283975659,0.998059757882447,0.7413249211356467,0.6430020283975659,0.94127159846864,0.015772870662460567
context_action,318,0.6450304259634888,0.9980894118359506,0.7421383647798742,0.6450304259634888,0.9404182521524674,0.015723270440251572
context_action,319,0.6470588235294118,0.9981747275525236,0.7429467084639498,0.6470588235294118,0.9399693700211004,0.01567398119122257
context_action,320,0.6490872210953347,0.9981856764604206,0.74375,0.6490872210953347,0.9393997057454192,0.015625
context_action,321,0.6511156186612576,0.9982274408914418,0.7445482866043613,0.6511156186612576,0.9368428783102324,0.01557632398753894
context_action,322,0.6531440162271805,0.998515777100401,0.7453416149068323,0.6531440162271805,0.9362912690140414,0.015527950310559006
context_action,323,0.6551724137931034,0.9985782445671526,0.7461300309597523,0.6551724137931034,0.9330527063666284,0.015479876160990712
context_action,324,0.6572008113590264,0.998614680867042,0.7469135802469136,0.6572008113590264,0.9319966461194684,0.015432098765432098
context_action,325,0.6592292089249493,0.9986387730191892,0.7476923076923077,0.6592292089249493,0.9319966461194684,0.015384615384615385
context_action,326,0.6612576064908722,0.9986850266190118,0.7484662576687117,0.6612576064908722,0.9297500237197894,0.015337423312883436
context_action,327,0.6632860040567952,0.9987587199759548,0.7492354740061162,0.6632860040567952,0.924020176376941,0.01529051987767584
context_action,328,0.665314401622718,0.9988524085085048,0.75,0.665314401622718,0.924020176376941,0.01524390243902439
context_action,329,0.6673427991886409,0.9988524085085048,0.7507598784194529,0.6673427991886409,0.924020176376941,0.015197568389057751
context_action,330,0.6693711967545639,0.9989007914394612,0.7515151515151515,0.6693711967545639,0.923227750257163,0.01818181818181818
context_action,331,0.6713995943204868,0.9989017772869326,0.7522658610271903,0.6713995943204868,0.923227750257163,0.01812688821752266
context_action,332,0.6734279918864098,0.9989242133311876,0.7530120481927711,0.6734279918864098,0.9127247230150848,0.018072289156626505
context_action,333,0.6754563894523327,0.9989242133311876,0.7537537537537538,0.6754563894523327,0.909902964333491,0.018018018018018018
context_action,334,0.6774847870182555,0.9989352350133396,0.7544910179640718,0.6774847870182555,0.9088291235320766,0.020958083832335328
context_action,335,0.6795131845841785,0.998940641218419,0.755223880597015,0.6795131845841785,0.9069992693542558,0.020895522388059702
context_action,336,0.6815415821501014,0.9989411385660788,0.7559523809523809,0.6815415821501014,0.9010771769982838,0.020833333333333332
context_action,337,0.6835699797160243,0.9989595548974566,0.7566765578635015,0.6835699797160243,0.8962201832175328,0.020771513353115726
context_action,338,0.6855983772819473,0.998969572064202,0.757396449704142,0.6855983772819473,0.8919531564336128,0.020710059171597635
context_action,339,0.6876267748478702,0.998969572064202,0.7581120943952803,0.6876267748478702,0.8902028333578357,0.02064896755162242
context_action,340,0.6896551724137931,0.9991303963405694,0.7588235294117647,0.6896551724137931,0.8884741888093786,0.020588235294117647
context_action,341,0.691683569979716,0.9991602107384404,0.7595307917888563,0.691683569979716,0.8866275273480884,0.020527859237536656
context_action,342,0.6937119675456389,0.9991747327163564,0.7602339181286549,0.6937119675456389,0.8856384375481987,0.02046783625730994
context_action,343,0.6957403651115619,0.9992965289975004,0.760932944606414,0.6957403651115619,0.884290941668814,0.023323615160349854
context_action,344,0.6977687626774848,0.9993634726990214,0.7616279069767442,0.6977687626774848,0.8829511071020253,0.023255813953488372
context_action,345,0.6997971602434077,0.9993657100949764,0.7623188405797101,0.6997971602434077,0.8810743975951235,0.02608695652173913
context_action,346,0.7018255578093306,0.9993675755176508,0.7630057803468208,0.7018255578093306,0.8789775852616064,0.02601156069364162
context_action,347,0.7038539553752535,0.9993675755176508,0.7636887608069164,0.7038539553752535,0.8788231465198139,0.025936599423631124
context_action,348,0.7058823529411765,0.9994825220653588,0.764367816091954,0.7058823529411765,0.8782819264223338,0.02586206896551724
context_action,349,0.7079107505070994,0.9994833697902012,0.7650429799426934,0.7079107505070994,0.8772428337721448,0.025787965616045846
context_action,350,0.7099391480730223,0.999521349261194,0.7657142857142857,0.7099391480730223,0.8766651318009463,0.025714285714285714
context_action,351,0.7119675456389453,0.9995286628385373,0.7663817663817664,0.7119675456389453,0.8752875276654908,0.02564102564102564
context_action,352,0.7139959432048681,0.9995286628385373,0.7670454545454546,0.7139959432048681,0.8735962039879469,0.02556818181818182
context_action,353,0.716024340770791,0.999528884252059,0.7677053824362606,0.716024340770791,0.8733055749750624,0.028328611898016998
context_action,354,0.718052738336714,0.9995315545328408,0.768361581920904,0.718052738336714,0.8732239796296937,0.02824858757062147
context_action,355,0.7200811359026369,0.9995453526263112,0.7690140845070422,0.7200811359026369,0.8712967561750614,0.030985915492957747
context_action,356,0.7221095334685599,0.9995513172490176,0.7696629213483146,0.7221095334685599,0.8692608546037637,0.033707865168539325
context_action,357,0.7241379310344828,0.9995534746781776,0.7703081232492998,0.7241379310344828,0.8671976566447052,0.03361344537815126
context_action,358,0.7261663286004056,0.9995692862710478,0.770949720670391,0.7261663286004056,0.8601172863710267,0.0335195530726257
context_action,359,0.7281947261663286,0.999576980941064,0.7715877437325905,0.7281947261663286,0.8515021623280942,0.036211699164345405
context_action,360,0.7302231237322515,0.9995845382034856,0.7722222222222223,0.7302231237322515,0.8507683454820756,0.03611111111111111
context_action,361,0.7322515212981744,0.9995921517811795,0.7728531855955678,0.7322515212981744,0.8480100840663999,0.036011080332409975
context_action,362,0.7342799188640974,0.9995992502688046,0.7734806629834254,0.7342799188640974,0.8462290190581435,0.03591160220994475
context_action,363,0.7363083164300203,0.9996083575578022,0.7741046831955923,0.7363083164300203,0.8439388612988553,0.03581267217630854
context_action,364,0.7383367139959433,0.9996086912462966,0.7747252747252747,0.7383367139959433,0.8394839276583714,0.03571428571428571
context_action,365,0.7403651115618661,0.99964273351963,0.7753424657534247,0.7403651115618661,0.8370261869711928,0.03561643835616438
context_action,366,0.742393509127789,0.9996538236767224,0.7759562841530054,0.742393509127789,0.8353768796122262,0.03551912568306011
context_action,367,0.744421906693712,0.9996588643778336,0.776566757493188,0.744421906693712,0.8346572905462789,0.035422343324250684
context_action,368,0.7464503042596349,0.9996622211743303,0.7771739130434783,0.7464503042596349,0.8265146140979139,0.03804347826086957
context_action,369,0.7484787018255578,0.9996668232134216,0.7777777777777778,0.7484787018255578,0.8230184643193691,0.037940379403794036
context_action,370,0.7505070993914807,0.999702859695762,0.7783783783783784,0.7505070993914807,0.8212817920497972,0.03783783783783784
context_action,371,0.7525354969574036,0.9997292774419798,0.7789757412398922,0.7525354969574036,0.8212817920497972,0.03773584905660377
context_action,372,0.7545638945233266,0.9997305543529384,0.7795698924731183,0.7545638945233266,0.8159262849416634,0.03763440860215054
context_action,373,0.7565922920892495,0.9997327941744246,0.7801608579088471,0.7565922920892495,0.8147056391594496,0.03753351206434316
context_action,374,0.7586206896551724,0.9997375685543284,0.7807486631016043,0.7586206896551724,0.8132022822745978,0.0374331550802139
context_action,375,0.7606490872210954,0.999751386043668,0.7813333333333333,0.7606490872210954,0.8099433652399376,0.037333333333333336
context_action,376,0.7626774847870182,0.9997543207069922,0.7819148936170213,0.7626774847870182,0.8058095529463627,0.03723404255319149
context_action,377,0.7647058823529411,0.9997578297306788,0.7824933687002652,0.7647058823529411,0.8019961062862898,0.03713527851458886
context_action,378,0.7667342799188641,0.9998013965269776,0.783068783068783,0.7667342799188641,0.8017410166458869,0.037037037037037035
context_action,379,0.768762677484787,0.9998074516074033,0.783641160949868,0.768762677484787,0.7989724765787592,0.036939313984168866
context_action,380,0.77079107505071,0.9998325620967154,0.7842105263157895,0.77079107505071,0.7902910260733024,0.03684210526315789
context_action,381,0.7728194726166329,0.9998325620967154,0.7847769028871391,0.7728194726166329,0.781977050377817,0.03674540682414698
context_action,382,0.7748478701825557,0.9998416532211384,0.7853403141361257,0.7748478701825557,0.7797734451326507,0.03664921465968586
context_action,383,0.7768762677484787,0.9998446405018594,0.7859007832898173,0.7768762677484787,0.7790192391787103,0.03655352480417755
context_action,384,0.7789046653144016,0.9998456383808756,0.7864583333333334,0.7789046653144016,0.7760327936816218,0.036458333333333336
context_action,385,0.7809330628803245,0.9998457757461195,0.787012987012987,0.7809330628803245,0.7735171031405453,0.03636363636363636
context_action,386,0.7829614604462475,0.999848788519365,0.7875647668393783,0.7829614604462475,0.7662735793123602,0.038860103626943004
context_action,387,0.7849898580121704,0.9998556215556522,0.7881136950904393,0.7849898580121704,0.7662735793123602,0.041343669250646
context_action,388,0.7870182555780934,0.9998608262092802,0.788659793814433,0.7870182555780934,0.7606725593075564,0.041237113402061855
context_action,389,0.7890466531440162,0.9998699533527944,0.7892030848329049,0.7890466531440162,0.7606309579087516,0.043701799485861184
context_action,390,0.7910750507099391,0.9998828383656896,0.7897435897435897,0.7910750507099391,0.7606309579087516,0.046153846153846156
context_action,391,0.7931034482758621,0.9998832888868456,0.7902813299232737,0.7931034482758621,0.7596548281663018,0.04603580562659847
context_action,392,0.795131845841785,0.9998914106471486,0.7908163265306123,0.795131845841785,0.7584617589529882,0.04591836734693878
context_action,393,0.7971602434077079,0.9999033076074898,0.7913486005089059,0.7971602434077079,0.7584617589529882,0.04580152671755725
context_action,394,0.7991886409736308,0.9999075329514496,0.7918781725888325,0.7991886409736308,0.7573320402569991,0.048223350253807105
context_action,395,0.8012170385395537,0.9999079681115972,0.7924050632911392,0.8012170385395537,0.754489727452383,0.05063291139240506
context_action,396,0.8032454361054767,0.9999249448110228,0.7929292929292929,0.8032454361054767,0.7540023617170515,0.05303030303030303
context_action,397,0.8052738336713996,0.9999308663181544,0.7934508816120907,0.8052738336713996,0.7504738662382402,0.05289672544080604
context_action,398,0.8073022312373225,0.9999446597013828,0.7939698492462312,0.8073022312373225,0.7464143947318516,0.052763819095477386
context_action,399,0.8093306288032455,0.999945214135548,0.7944862155388471,0.8093306288032455,0.7226743759285637,0.05263157894736842
context_action,400,0.8113590263691683,0.9999459030180822,0.795,0.8113590263691683,0.717465830432724,0.0525
context_action,401,0.8133874239350912,0.9999508324896514,0.7955112219451371,0.8133874239350912,0.7171171124126041,0.05236907730673317
context_action,402,0.8154158215010142,0.9999522538224448,0.7960199004975125,0.8154158215010142,0.7038128740304634,0.05223880597014925
context_action,403,0.8174442190669371,0.99995625697952,0.7965260545905707,0.8174442190669371,0.6947450643112555,0.052109181141439205
context_action,404,0.8194726166328601,0.999957746081465,0.7970297029702971,0.8194726166328601,0.6871349205911755,0.054455445544554455
context_action,405,0.821501014198783,0.9999590973284688,0.7975308641975308,0.821501014198783,0.6808569054334479,0.05432098765432099
context_action,406,0.8235294117647058,0.9999590973284688,0.7980295566502463,0.8235294117647058,0.6726912815175718,0.05665024630541872
context_action,407,0.8255578093306288,0.999961948059176,0.7985257985257985,0.8255578093306288,0.66743084722861,0.056511056511056514
context_action,408,0.8275862068965517,0.9999624263608236,0.7990196078431373,0.8275862068965517,0.66743084722861,0.058823529411764705
context_action,409,0.8296146044624746,0.9999624263608236,0.7995110024449877,0.8296146044624746,0.6593771237390939,0.05867970660146699
context_action,410,0.8316430020283976,0.9999644937208132,0.8,0.8316430020283976,0.6553151121582069,0.05853658536585366
context_action,411,0.8336713995943205,0.9999663337665852,0.8004866180048662,0.8336713995943205,0.653426670299894,0.058394160583941604
context_action,412,0.8356997971602435,0.999966888549834,0.8009708737864077,0.8356997971602435,0.6471231105704562,0.05825242718446602
context_action,413,0.8377281947261663,0.9999686498913508,0.801452784503632,0.8377281947261663,0.6394286214841427,0.06053268765133172
context_action,414,0.8397565922920892,0.9999692773958262,0.8019323671497585,0.8397565922920892,0.6386364389198911,0.06280193236714976
context_action,415,0.8417849898580122,0.9999693841830568,0.8024096385542169,0.8417849898580122,0.6336457062510302,0.06265060240963856
context_action,416,0.8438133874239351,0.9999696562395378,0.8028846153846154,0.8438133874239351,0.6286261287046631,0.0625
context_action,417,0.845841784989858,0.9999700977728436,0.8033573141486811,0.845841784989858,0.5983310118943818,0.06474820143884892
context_action,418,0.847870182555781,0.9999704346988006,0.8038277511961722,0.847870182555781,0.593138258556525,0.0645933014354067
context_action,419,0.8498985801217038,0.9999708764887516,0.8042959427207638,0.8498985801217038,0.593138258556525,0.06443914081145585
context_action,420,0.8519269776876268,0.9999711126421218,0.8047619047619048,0.8519269776876268,0.587924607688705,0.06666666666666667
context_action,421,0.8539553752535497,0.9999718702438188,0.8052256532066508,0.8539553752535497,0.5826911519224687,0.0688836104513064
context_action,422,0.8559837728194726,0.999972478504333,0.8056872037914692,0.8559837728194726,0.5826911519224687,0.07109004739336493
context_action,423,0.8580121703853956,0.9999741122286258,0.806146572104019,0.8580121703853956,0.5790299416949984,0.07092198581560284
context_action,424,0.8600405679513184,0.9999748752787796,0.8066037735849056,0.8600405679513184,0.5774390014459476,0.07075471698113207
context_action,425,0.8620689655172413,0.999977961093094,0.8070588235294117,0.8620689655172413,0.5774390014459476,0.07294117647058823
context_action,426,0.8640973630831643,0.999979993523187,0.8075117370892019,0.8640973630831643,0.5721692831127715,0.07511737089201878
context_action,427,0.8661257606490872,0.9999805430871606,0.8079625292740047,0.8661257606490872,0.5721692831127715,0.07728337236533958
context_action,428,0.8681541582150102,0.9999814948538042,0.8084112149532711,0.8681541582150102,0.5721692831127715,0.0794392523364486
context_action,429,0.8701825557809331,0.9999833158208132,0.8088578088578089,0.8701825557809331,0.5721692831127715,0.08158508158508158
context_action,430,0.8722109533468559,0.9999836876464178,0.8093023255813954,0.8722109533468559,0.5721692831127715,0.08372093023255814
context_action,431,0.8742393509127789,0.9999837986982344,0.8097447795823666,0.8742393509127789,0.572029632063213,0.08352668213457076
context_action,432,0.8762677484787018,0.9999859964639106,0.8101851851851852,0.8762677484787018,0.5668831395199107,0.08564814814814815
context_action,433,0.8782961460446247,0.999986329642984,0.8106235565819861,0.8782961460446247,0.5668831395199107,0.08775981524249422
context_action,434,0.8803245436105477,0.9999874170591868,0.8110599078341014,0.8803245436105477,0.5668831395199107,0.08986175115207373
context_action,435,0.8823529411764706,0.9999896551418374,0.8114942528735632,0.8823529411764706,0.5668831395199107,0.09195402298850575
context_action,436,0.8843813387423936,0.9999898760723698,0.8119266055045872,0.8843813387423936,0.5615817280559421,0.09403669724770643
context_action,437,0.8864097363083164,0.9999900216104928,0.8123569794050344,0.8864097363083164,0.5606959628772206,0.09382151029748284
context_action,438,0.8884381338742393,0.9999900571276726,0.8127853881278538,0.8884381338742393,0.5562662199213486,0.0958904109589041
context_action,439,0.8904665314401623,0.9999905525605696,0.8132118451025057,0.8904665314401623,0.5562662199213486,0.0979498861047836
context_action,440,0.8924949290060852,0.9999907223198282,0.8136363636363636,0.8924949290060852,0.5562662199213486,0.1
context_action,441,0.8945233265720081,0.9999914978310372,0.8140589569160998,0.8945233265720081,0.5477570857716014,0.09977324263038549
context_action,442,0.896551724137931,0.9999916449742094,0.8144796380090498,0.896551724137931,0.5042575083845706,0.09954751131221719
context_action,443,0.8985801217038539,0.9999927744047375,0.8148984198645598,0.8985801217038539,0.4613929299638062,0.10158013544018059
context_action,444,0.9006085192697769,0.999994306226496,0.8153153153153153,0.9006085192697769,0.4560393070196137,0.1036036036036036
context_action,445,0.9026369168356998,0.9999945483136712,0.8157303370786517,0.9026369168356998,0.4560393070196137,0.10561797752808989
context_action,446,0.9046653144016227,0.9999946369785222,0.8161434977578476,0.9046653144016227,0.4560393070196137,0.10538116591928251
context_action,447,0.9066937119675457,0.9999946946944496,0.8165548098434005,0.9066937119675457,0.4506958231196097,0.10738255033557047
context_action,448,0.9087221095334685,0.9999953569057324,0.8169642857142857,0.9087221095334685,0.4506958231196097,0.10714285714285714
context_action,449,0.9107505070993914,0.9999967575096876,0.8173719376391982,0.9107505070993914,0.4453636878365822,0.10690423162583519
context_action,450,0.9127789046653144,0.9999969211783956,0.8177777777777778,0.9127789046653144,0.4453636878365822,0.10666666666666667
context_action,451,0.9148073022312373,0.9999972372314516,0.8181818181818182,0.9148073022312373,0.4453636878365822,0.10643015521064302
context_action,452,0.9168356997971603,0.9999972850457004,0.8185840707964602,0.9168356997971603,0.4453636878365822,0.10619469026548672
context_action,453,0.9188640973630832,0.999997886718044,0.8189845474613686,0.9188640973630832,0.4400441003476869,0.10596026490066225
context_action,454,0.920892494929006,0.9999980205334532,0.8193832599118943,0.920892494929006,0.4400441003476869,0.10572687224669604
context_action,455,0.922920892494929,0.9999981319573542,0.8197802197802198,0.922920892494929,0.4400441003476869,0.1054945054945055
context_action,456,0.9249492900608519,0.99999828927279,0.8201754385964912,0.9249492900608519,0.4400441003476869,0.1074561403508772
context_action,457,0.9269776876267748,0.999998333919614,0.8205689277899344,0.9269776876267748,0.4347382483747449,0.10940919037199125
context_action,458,0.9290060851926978,0.9999984400564744,0.8209606986899564,0.9290060851926978,0.4294473071466111,0.1091703056768559
context_action,459,0.9310344827586207,0.9999985113928422,0.8213507625272332,0.9310344827586207,0.3118943114730033,0.10893246187363835
context_action,460,0.9330628803245437,0.9999986624985834,0.8217391304347826,0.9330628803245437,0.3004028104395974,0.10869565217391304
context_action,461,0.9350912778904665,0.9999987501826793,0.8221258134490239,0.9350912778904665,0.2256921230592918,0.11062906724511931
context_action,462,0.9371196754563894,0.999998921322284,0.8225108225108225,0.9371196754563894,0.2133357522199907,0.11255411255411256
context_action,463,0.9391480730223124,0.999998950993132,0.8228941684665226,0.9391480730223124,0.2043969082616985,0.11447084233261338
context_action,464,0.9411764705882353,0.999998994757432,0.8232758620689655,0.9411764705882353,0.2014798490742138,0.11637931034482758
context_action,465,0.9432048681541582,0.9999992228368284,0.8236559139784946,0.9432048681541582,0.1656028890205814,0.11612903225806452
context_action,466,0.9452332657200812,0.9999992906080812,0.8240343347639485,0.9452332657200812,0.1106496806001284,0.11802575107296137
context_action,467,0.947261663286004,0.999999413469138,0.8244111349036403,0.947261663286004,0.1106496806001284,0.11991434689507495
context_action,468,0.949290060851927,0.999999507514594,0.8247863247863247,0.949290060851927,0.1085456182006371,0.12179487179487179
context_action,469,0.9513184584178499,0.999999639968494,0.8251599147121536,0.9513184584178499,0.1085456182006371,0.12366737739872068
context_action,470,0.9533468559837728,0.99999968455805,0.825531914893617,0.9533468559837728,0.1064767755145584,0.125531914893617
context_action,471,0.9553752535496958,0.9999997228072544,0.8259023354564756,0.9553752535496958,0.1064767755145584,0.12738853503184713
context_action,472,0.9574036511156186,0.999999729302112,0.826271186440678,0.9574036511156186,0.1064767755145584,0.1292372881355932
context_action,473,0.9594320486815415,0.9999998258580832,0.8266384778012685,0.9594320486815415,0.1064767755145584,0.13107822410147993
context_action,474,0.9614604462474645,0.9999998782250664,0.8270042194092827,0.9614604462474645,0.1044427444834512,0.13291139240506328
context_action,475,0.9634888438133874,0.9999998815894964,0.8273684210526315,0.9634888438133874,0.1044427444834512,0.13473684210526315
context_action,476,0.9655172413793104,0.9999998881993744,0.8277310924369747,0.9655172413793104,0.1044427444834512,0.13655462184873948
context_action,477,0.9675456389452333,0.9999998989701548,0.8280922431865828,0.9675456389452333,0.1044427444834512,0.13836477987421383
context_action,478,0.9695740365111561,0.9999999032478328,0.8284518828451883,0.9695740365111561,0.1024431147541723,0.1401673640167364
context_action,479,0.9716024340770791,0.999999914064392,0.8288100208768268,0.9716024340770791,0.1024431147541723,0.1419624217118998
context_action,480,0.973630831643002,0.999999917378992,0.8291666666666667,0.973630831643002,0.1024431147541723,0.14375
context_action,481,0.9756592292089249,0.9999999469723748,0.8295218295218295,0.9756592292089249,0.1024431147541723,0.14553014553014554
context_action,482,0.9776876267748479,0.9999999469723748,0.8298755186721992,0.9776876267748479,0.1024431147541723,0.14730290456431536
context_action,483,0.9797160243407708,0.9999999469723748,0.8302277432712215,0.9797160243407708,0.100477474013949,0.14906832298136646
context_action,484,0.9817444219066938,0.9999999469723748,0.8305785123966942,0.9817444219066938,0.100477474013949,0.15082644628099173
context_action,485,0.9837728194726166,0.9999999469723748,0.8309278350515464,0.9837728194726166,0.100477474013949,0.15257731958762888
context_action,486,0.9858012170385395,0.9999999469723748,0.831275720164609,0.9858012170385395,0.100477474013949,0.15432098765432098
context_action,487,0.9878296146044625,0.9999999469723748,0.8316221765913757,0.9878296146044625,0.100477474013949,0.15605749486652978
context_action,488,0.9898580121703854,0.9999999469723748,0.8319672131147541,0.9898580121703854,0.100477474013949,0.15778688524590165
context_action,489,0.9918864097363083,0.9999999469723748,0.8323108384458078,0.9918864097363083,0.100477474013949,0.15950920245398773
context_action,490,0.9939148073022313,0.9999999469723748,0.8326530612244898,0.9939148073022313,0.098545408314581,0.16122448979591836
context_action,491,0.9959432048681541,0.9999999469723748,0.8329938900203666,0.9959432048681541,0.098545408314581,0.1629327902240326
context_action,492,0.9979716024340771,0.9999999469723748,0.8333333333333334,0.9979716024340771,0.098545408314581,0.16463414634146342
context_action,493,1.0,0.9999999469723748,0.8336713995943205,1.0,0.098545408314581,0.1663286004056795
token_confidence,1,0.002028397565922921,0.1259358440497395,1.0,0.002028397565922921,0.9944510342227556,0.0
token_confidence,2,0.004056795131845842,0.1879861525274755,0.5,0.004056795131845842,0.9940469671427976,0.0
token_confidence,3,0.006085192697768763,0.19320026005876,0.3333333333333333,0.006085192697768763,0.9932299596230224,0.0
token_confidence,4,0.008113590263691683,0.2112963259188244,0.25,0.008113590263691683,0.9921898557986591,0.0
token_confidence,5,0.010141987829614604,0.2118888918032617,0.2,0.010141987829614604,0.9917218017408802,0.0
token_confidence,6,0.012170385395537525,0.2220480440833107,0.16666666666666666,0.012170385395537525,0.9917210091631288,0.0
token_confidence,7,0.014198782961460446,0.2685866601652297,0.14285714285714285,0.014198782961460446,0.9913888404133944,0.0
token_confidence,8,0.016227180527383367,0.2709722076137273,0.25,0.016227180527383367,0.990333485829338,0.0
token_confidence,9,0.018255578093306288,0.2818380394665729,0.2222222222222222,0.018255578093306288,0.9900280624866534,0.0
token_confidence,10,0.02028397565922921,0.2883687537045315,0.2,0.02028397565922921,0.9899652008712024,0.0
token_confidence,11,0.02231237322515213,0.2962311571844457,0.18181818181818182,0.02231237322515213,0.9898232052610182,0.0
token_confidence,12,0.02434077079107505,0.3110245319701318,0.25,0.02434077079107505,0.989749593828138,0.0
token_confidence,13,0.02636916835699797,0.3348171043849988,0.3076923076923077,0.02636916835699797,0.9886156716268246,0.0
token_confidence,14,0.028397565922920892,0.3428459684645006,0.35714285714285715,0.028397565922920892,0.9884723906994152,0.0
token_confidence,15,0.030425963488843813,0.346442151014993,0.3333333333333333,0.030425963488843813,0.9875758230637688,0.0
token_confidence,16,0.032454361054766734,0.3482597296341314,0.375,0.032454361054766734,0.9873125701417976,0.0
token_confidence,17,0.034482758620689655,0.3663153501248136,0.4117647058823529,0.034482758620689655,0.987307311912352,0.0
token_confidence,18,0.036511156186612576,0.3665695235154238,0.4444444444444444,0.036511156186612576,0.9872075972543218,0.0
token_confidence,19,0.038539553752535496,0.3796142965554426,0.42105263157894735,0.038539553752535496,0.9870798212960764,0.0
token_confidence,20,0.04056795131845842,0.3821635007847543,0.4,0.04056795131845842,0.9870443735929856,0.0
token_confidence,21,0.04259634888438134,0.3946323597415314,0.38095238095238093,0.04259634888438134,0.98689424462392,0.0
token_confidence,22,0.04462474645030426,0.3976914916654065,0.4090909090909091,0.04462474645030426,0.9862601903107852,0.0
token_confidence,23,0.04665314401622718,0.3993027630918295,0.391304347826087,0.04665314401622718,0.9862476363938634,0.0
token_confidence,24,0.0486815415821501,0.4291505999569412,0.375,0.0486815415821501,0.9859479470332274,0.0
token_confidence,25,0.05070993914807302,0.4361405239818207,0.4,0.05070993914807302,0.9858959471888268,0.0
token_confidence,26,0.05273833671399594,0.449948543315354,0.38461538461538464,0.05273833671399594,0.985809148173942,0.0
token_confidence,27,0.05476673427991886,0.4524332226260785,0.37037037037037035,0.05476673427991886,0.985776591709447,0.0
token_confidence,28,0.056795131845841784,0.4566205896658963,0.35714285714285715,0.056795131845841784,0.9856316826548294,0.0
token_confidence,29,0.058823529411764705,0.4592441749451584,0.3793103448275862,0.058823529411764705,0.9851483242155236,0.0
token_confidence,30,0.060851926977687626,0.4602178768806391,0.36666666666666664,0.060851926977687626,0.9848463315441828,0.0
token_confidence,31,0.06288032454361055,0.4624738785641917,0.3548387096774194,0.06288032454361055,0.9841522557642314,0.0
token_confidence,32,0.06490872210953347,0.4729007418807484,0.375,0.06490872210953347,0.9838942735118078,0.0
token_confidence,33,0.06693711967545639,0.4773100717840369,0.36363636363636365,0.06693711967545639,0.9833270610853064,0.0
token_confidence,34,0.06896551724137931,0.4833636286741813,0.38235294117647056,0.06896551724137931,0.9831235819566454,0.0
token_confidence,35,0.07099391480730223,0.4916959990360828,0.37142857142857144,0.07099391480730223,0.982765271399874,0.0
token_confidence,36,0.07302231237322515,0.5074977749152922,0.3888888888888889,0.07302231237322515,0.9827036516487736,0.0
token_confidence,37,0.07505070993914807,0.5127334565224031,0.40540540540540543,0.07505070993914807,0.9826173488310724,0.0
token_confidence,38,0.07707910750507099,0.5161205212338065,0.42105263157894735,0.07707910750507099,0.9824121366493492,0.0
token_confidence,39,0.07910750507099391,0.5163774211503497,0.41025641025641024,0.07910750507099391,0.982362481191334,0.0
token_confidence,40,0.08113590263691683,0.5191388426922671,0.4,0.08113590263691683,0.9823269485697336,0.0
token_confidence,41,0.08316430020283976,0.5281493317662889,0.3902439024390244,0.08316430020283976,0.9822785681633814,0.0
token_confidence,42,0.08519269776876268,0.5335296715812543,0.38095238095238093,0.08519269776876268,0.9822070929003832,0.0
token_confidence,43,0.0872210953346856,0.5409530689825227,0.3953488372093023,0.0872210953346856,0.982160718622512,0.0
token_confidence,44,0.08924949290060852,0.545964547864969,0.38636363636363635,0.08924949290060852,0.9820336743938406,0.0
token_confidence,45,0.09127789046653144,0.55753619359443,0.4,0.09127789046653144,0.9814244222654412,0.0
token_confidence,46,0.09330628803245436,0.5605515644317,0.391304347826087,0.09330628803245436,0.9814174757703186,0.021739130434782608
token_confidence,47,0.09533468559837728,0.5712250121763023,0.40425531914893614,0.09533468559837728,0.98139228544656,0.02127659574468085
token_confidence,48,0.0973630831643002,0.5735342213796816,0.3958333333333333,0.0973630831643002,0.981203214731427,0.020833333333333332
token_confidence,49,0.09939148073022312,0.5754533737930619,0.40816326530612246,0.09939148073022312,0.980902759210603,0.02040816326530612
token_confidence,50,0.10141987829614604,0.5824842149758864,0.42,0.10141987829614604,0.9803687937556884,0.02
token_confidence,51,0.10344827586206896,0.5843254026843455,0.43137254901960786,0.10344827586206896,0.9803686070773766,0.0196078431372549
token_confidence,52,0.10547667342799188,0.5859019853350135,0.4230769230769231,0.10547667342799188,0.980142626416898,0.019230769230769232
token_confidence,53,0.1075050709939148,0.5860273953636334,0.41509433962264153,0.1075050709939148,0.9801088309150277,0.018867924528301886
token_confidence,54,0.10953346855983773,0.5890435225234433,0.42592592592592593,0.10953346855983773,0.9799502142276032,0.018518518518518517
token_confidence,55,0.11156186612576065,0.5934263260934106,0.43636363636363634,0.11156186612576065,0.979661811013163,0.01818181818181818
token_confidence,56,0.11359026369168357,0.6057143080536433,0.44642857142857145,0.11359026369168357,0.9794740378515616,0.017857142857142856
token_confidence,57,0.11561866125760649,0.6099773586711131,0.43859649122807015,0.11561866125760649,0.9787325826582732,0.017543859649122806
token_confidence,58,0.11764705882352941,0.6115921077833543,0.4482758620689655,0.11764705882352941,0.9780293177062136,0.017241379310344827
token_confidence,59,0.11967545638945233,0.623348240174559,0.4406779661016949,0.11967545638945233,0.9778436986276904,0.01694915254237288
token_confidence,60,0.12170385395537525,0.6233524334629204,0.43333333333333335,0.12170385395537525,0.9775636287119438,0.016666666666666666
token_confidence,61,0.12373225152129817,0.6250051477726334,0.4262295081967213,0.12373225152129817,0.9772516289439012,0.01639344262295082
token_confidence,62,0.1257606490872211,0.6262275572494342,0.43548387096774194,0.1257606490872211,0.9770765881871032,0.016129032258064516
token_confidence,63,0.12778904665314403,0.6275958103258159,0.42857142857142855,0.12778904665314403,0.9770043839353884,0.015873015873015872
token_confidence,64,0.12981744421906694,0.6278582650079567,0.4375,0.12981744421906694,0.9769053879278148,0.015625
token_confidence,65,0.13184584178498987,0.6285164089565848,0.4307692307692308,0.13184584178498987,0.976425528544056,0.015384615384615385
token_confidence,66,0.13387423935091278,0.6287628379639061,0.42424242424242425,0.13387423935091278,0.9758296129016136,0.015151515151515152
token_confidence,67,0.1359026369168357,0.6315973150477113,0.43283582089552236,0.1359026369168357,0.9755431848918136,0.014925373134328358
token_confidence,68,0.13793103448275862,0.6321754237293418,0.4411764705882353,0.13793103448275862,0.9752125259498672,0.014705882352941176
token_confidence,69,0.13995943204868155,0.6331792627839997,0.4492753623188406,0.13995943204868155,0.9744843686351728,0.014492753623188406
token_confidence,70,0.14198782961460446,0.6334283410065303,0.44285714285714284,0.14198782961460446,0.9743691991890578,0.014285714285714285
token_confidence,71,0.1440162271805274,0.6335301212672274,0.43661971830985913,0.1440162271805274,0.9742709270339897,0.014084507042253521
token_confidence,72,0.1460446247464503,0.6381903765337561,0.4444444444444444,0.1460446247464503,0.9742657752067432,0.013888888888888888
token_confidence,73,0.14807302231237324,0.6384816124998595,0.4520547945205479,0.14807302231237324,0.9741855907793,0.0136986301369863
token_confidence,74,0.15010141987829614,0.6435587899363537,0.44594594594594594,0.15010141987829614,0.9736468590527496,0.013513513513513514
token_confidence,75,0.15212981744421908,0.644013942312586,0.4533333333333333,0.15212981744421908,0.973097976679151,0.013333333333333334
token_confidence,76,0.15415821501014199,0.644751154169119,0.4473684210526316,0.15415821501014199,0.97223395469564,0.013157894736842105
token_confidence,77,0.15618661257606492,0.6451771187553594,0.45454545454545453,0.15618661257606492,0.9720230191514868,0.012987012987012988
token_confidence,78,0.15821501014198783,0.6457287722499521,0.46153846153846156,0.15821501014198783,0.9715926439667684,0.01282051282051282
token_confidence,79,0.16024340770791076,0.6470686893923188,0.45569620253164556,0.16024340770791076,0.9715083640155772,0.012658227848101266
token_confidence,80,0.16227180527383367,0.6520426211541246,0.4625,0.16227180527383367,0.971159714994292,0.0125
token_confidence,81,0.1643002028397566,0.6583302169523912,0.4691358024691358,0.1643002028397566,0.970469961562508,0.012345679012345678
token_confidence,82,0.1663286004056795,0.660524750096214,0.4634146341463415,0.1663286004056795,0.9704667708267132,0.012195121951219513
token_confidence,83,0.16835699797160245,0.6615904780297605,0.46987951807228917,0.16835699797160245,0.9700628786458886,0.012048192771084338
token_confidence,84,0.17038539553752535,0.6635168684587611,0.47619047619047616,0.17038539553752535,0.9694102091896192,0.011904761904761904
token_confidence,85,0.1724137931034483,0.6776369098593295,0.47058823529411764,0.1724137931034483,0.9693851447262,0.011764705882352941
token_confidence,86,0.1744421906693712,0.6780334509807314,0.46511627906976744,0.1744421906693712,0.969321179367539,0.011627906976744186
token_confidence,87,0.17647058823529413,0.6802737925608895,0.47126436781609193,0.17647058823529413,0.9693193925407796,0.011494252873563218
token_confidence,88,0.17849898580121704,0.681029349247849,0.4772727272727273,0.17849898580121704,0.9689265258671544,0.011363636363636364
token_confidence,89,0.18052738336713997,0.6827095987377992,0.47191011235955055,0.18052738336713997,0.9689257091148452,0.011235955056179775
token_confidence,90,0.18255578093306288,0.6828663578839093,0.4777777777777778,0.18255578093306288,0.9687364827124436,0.011111111111111112
token_confidence,91,0.1845841784989858,0.6829892201609927,0.4725274725274725,0.1845841784989858,0.9685952283181932,0.01098901098901099
token_confidence,92,0.18661257606490872,0.6831593171076988,0.4673913043478261,0.18661257606490872,0.9685440215780416,0.010869565217391304
token_confidence,93,0.18864097363083165,0.6859431376248235,0.4731182795698925,0.18864097363083165,0.9680193546068796,0.010752688172043012
token_confidence,94,0.19066937119675456,0.6872305854453903,0.4787234042553192,0.19066937119675456,0.9676967870183784,0.010638297872340425
token_confidence,95,0.1926977687626775,0.6924287372943061,0.4842105263157895,0.1926977687626775,0.9676696255714206,0.010526315789473684
token_confidence,96,0.1947261663286004,0.6929996180932981,0.4895833333333333,0.1947261663286004,0.9676558978295584,0.010416666666666666
token_confidence,97,0.19675456389452334,0.6942536265952869,0.4948453608247423,0.19675456389452334,0.9673869986785978,0.010309278350515464
token_confidence,98,0.19878296146044624,0.6949819737608895,0.4897959183673469,0.19878296146044624,0.9673352492399476,0.01020408163265306
token_confidence,99,0.20081135902636918,0.6982647148268583,0.494949494949495,0.20081135902636918,0.9673185854271728,0.010101010101010102
token_confidence,100,0.2028397565922921,0.6990441561936953,0.49,0.2028397565922921,0.9671964102049908,0.01
token_confidence,101,0.20486815415821502,0.7045473827576367,0.49504950495049505,0.20486815415821502,0.9671492906072594,0.009900990099009901
token_confidence,102,0.20689655172413793,0.7074489835375515,0.49019607843137253,0.20689655172413793,0.966979263573414,0.00980392156862745
token_confidence,103,0.20892494929006086,0.7101791810376649,0.49514563106796117,0.20892494929006086,0.966622867326354,0.009708737864077669
token_confidence,104,0.21095334685598377,0.7137243722402936,0.5,0.21095334685598377,0.9663209297364328,0.009615384615384616
token_confidence,105,0.2129817444219067,0.7140315864550859,0.49523809523809526,0.2129817444219067,0.9656116459832894,0.009523809523809525
token_confidence,106,0.2150101419878296,0.7291556003252669,0.5,0.2150101419878296,0.9655213716505512,0.009433962264150943
token_confidence,107,0.21703853955375255,0.7364948960564147,0.5046728971962616,0.21703853955375255,0.965000235693227,0.009345794392523364
token_confidence,108,0.21906693711967545,0.7374587045726511,0.5092592592592593,0.21906693711967545,0.9648757860099086,0.009259259259259259
token_confidence,109,0.2210953346855984,0.7398765114144858,0.5137614678899083,0.2210953346855984,0.9648475189947162,0.009174311926605505
token_confidence,110,0.2231237322515213,0.7443656571639475,0.509090909090909,0.2231237322515213,0.9647748805175516,0.00909090909090909
token_confidence,111,0.22515212981744423,0.7464677930571539,0.5135135135135135,0.22515212981744423,0.964458587060521,0.009009009009009009
token_confidence,112,0.22718052738336714,0.7481603143875648,0.5089285714285714,0.22718052738336714,0.9643019546521135,0.008928571428571428
token_confidence,113,0.22920892494929007,0.7512688266610897,0.5132743362831859,0.22920892494929007,0.9638553935151728,0.008849557522123894
token_confidence,114,0.23123732251521298,0.7527712348753154,0.5175438596491229,0.23123732251521298,0.9637543997282622,0.008771929824561403
token_confidence,115,0.2332657200811359,0.7552211113318701,0.5217391304347826,0.2332657200811359,0.963618117903151,0.008695652173913044
token_confidence,116,0.23529411764705882,0.7574923637584967,0.5258620689655172,0.23529411764705882,0.9627454612963005,0.008620689655172414
token_confidence,117,0.23732251521298176,0.7584950012966566,0.5299145299145299,0.23732251521298176,0.962645782561802,0.008547008547008548
token_confidence,118,0.23935091277890466,0.759087251483909,0.5338983050847458,0.23935091277890466,0.9622543763567538,0.00847457627118644
token_confidence,119,0.2413793103448276,0.7623789265596032,0.5294117647058824,0.2413793103448276,0.962085826334476,0.008403361344537815
token_confidence,120,0.2434077079107505,0.7626034885149122,0.5333333333333333,0.2434077079107505,0.962050099271414,0.008333333333333333
token_confidence,121,0.24543610547667344,0.7676454821245571,0.5371900826446281,0.24543610547667344,0.9610057188279963,0.008264462809917356
token_confidence,122,0.24746450304259635,0.7712355215080765,0.5327868852459017,0.24746450304259635,0.9607314912422908,0.00819672131147541
token_confidence,123,0.24949290060851928,0.775242964475846,0.5284552845528455,0.24949290060851928,0.9603854330009266,0.008130081300813009
token_confidence,124,0.2515212981744422,0.7770793616155528,0.5241935483870968,0.2515212981744422,0.9603555068754784,0.008064516129032258
token_confidence,125,0.2535496957403651,0.7779890020118576,0.528,0.2535496957403651,0.959937845722792,0.008
token_confidence,126,0.25557809330628806,0.778756209846096,0.5238095238095238,0.25557809330628806,0.95955057430927,0.007936507936507936
token_confidence,127,0.25760649087221094,0.7796025593054274,0.5275590551181102,0.25760649087221094,0.9594960774224048,0.007874015748031496
token_confidence,128,0.25963488843813387,0.7810613366234964,0.53125,0.25963488843813387,0.9594544151303608,0.0078125
token_confidence,129,0.2616632860040568,0.7820634662534122,0.5348837209302325,0.2616632860040568,0.958744669535288,0.007751937984496124
token_confidence,130,0.26369168356997974,0.7830857698748281,0.5384615384615384,0.26369168356997974,0.958450474109085,0.007692307692307693
token_confidence,131,0.2657200811359026,0.7853005920457783,0.5343511450381679,0.2657200811359026,0.9584113569598508,0.007633587786259542
token_confidence,132,0.26774847870182555,0.7861540846758955,0.5378787878787878,0.26774847870182555,0.9581716383661008,0.007575757575757576
token_confidence,133,0.2697768762677485,0.7865970455880238,0.5413533834586466,0.2697768762677485,0.9581091489276168,0.007518796992481203
token_confidence,134,0.2718052738336714,0.791219757798954,0.5447761194029851,0.2718052738336714,0.9579898494303616,0.007462686567164179
token_confidence,135,0.2738336713995943,0.7912244705074686,0.5481481481481482,0.2738336713995943,0.9577754901576468,0.007407407407407408
token_confidence,136,0.27586206896551724,0.7936155552514695,0.5514705882352942,0.27586206896551724,0.9573642741298688,0.007352941176470588
token_confidence,137,0.2778904665314402,0.7983700721041375,0.5547445255474452,0.2778904665314402,0.9569956305104848,0.0072992700729927005
token_confidence,138,0.2799188640973631,0.798609193186089,0.5579710144927537,0.2799188640973631,0.9567888046989672,0.007246376811594203
token_confidence,139,0.281947261663286,0.8001399928481043,0.5611510791366906,0.281947261663286,0.9563554103883196,0.007194244604316547
token_confidence,140,0.2839756592292089,0.8016232429193649,0.5642857142857143,0.2839756592292089,0.9562240622804608,0.007142857142857143
token_confidence,141,0.28600405679513186,0.8092930386239556,0.5602836879432624,0.28600405679513186,0.9561792099049972,0.0070921985815602835
token_confidence,142,0.2880324543610548,0.8101437746996117,0.5633802816901409,0.2880324543610548,0.9560910206068922,0.007042253521126761
token_confidence,143,0.29006085192697767,0.8110297844636968,0.5594405594405595,0.29006085192697767,0.9557742121487772,0.006993006993006993
token_confidence,144,0.2920892494929006,0.8113632437805545,0.5625,0.2920892494929006,0.9556260561664288,0.006944444444444444
token_confidence,145,0.29411764705882354,0.8118865510713624,0.5655172413793104,0.29411764705882354,0.9554723295151388,0.006896551724137931
token_confidence,146,0.2961460446247465,0.8138822429407216,0.5684931506849316,0.2961460446247465,0.9550314419291328,0.00684931506849315
token_confidence,147,0.29817444219066935,0.8150839634874116,0.5714285714285714,0.29817444219066935,0.9549642869093636,0.006802721088435374
token_confidence,148,0.3002028397565923,0.8170691537048803,0.5743243243243243,0.3002028397565923,0.9537394232410366,0.006756756756756757
token_confidence,149,0.3022312373225152,0.8184674130529724,0.5704697986577181,0.3022312373225152,0.9534902810584124,0.006711409395973154
token_confidence,150,0.30425963488843816,0.8200804600496134,0.5733333333333334,0.30425963488843816,0.952965938675237,0.006666666666666667
token_confidence,151,0.30628803245436104,0.820545913812296,0.5761589403973509,0.30628803245436104,0.9529105697011632,0.006622516556291391
token_confidence,152,0.30831643002028397,0.8219766571091595,0.5789473684210527,0.30831643002028397,0.9527844971301144,0.006578947368421052
token_confidence,153,0.3103448275862069,0.8223355166089353,0.5816993464052288,0.3103448275862069,0.9523705632961474,0.006535947712418301
token_confidence,154,0.31237322515212984,0.8232293327466976,0.5844155844155844,0.31237322515212984,0.951980924499164,0.006493506493506494
token_confidence,155,0.3144016227180527,0.8256468470244662,0.5870967741935483,0.3144016227180527,0.9514471155814542,0.0064516129032258064
token_confidence,156,0.31643002028397565,0.8274447235164702,0.5897435897435898,0.31643002028397565,0.9513243280761456,0.00641025641025641
token_confidence,157,0.3184584178498986,0.8275202818153892,0.5923566878980892,0.3184584178498986,0.9508395450342756,0.006369426751592357
token_confidence,158,0.3204868154158215,0.828255169377158,0.5949367088607594,0.3204868154158215,0.9507678825177156,0.006329113924050633
token_confidence,159,0.3225152129817444,0.8291971739225085,0.5974842767295597,0.3225152129817444,0.9506818512026608,0.006289308176100629
token_confidence,160,0.32454361054766734,0.8328899316136245,0.6,0.32454361054766734,0.9502757329004452,0.00625
token_confidence,161,0.3265720081135903,0.8329433338364515,0.6024844720496895,0.3265720081135903,0.9502346171768172,0.006211180124223602
token_confidence,162,0.3286004056795132,0.8330448436994298,0.6049382716049383,0.3286004056795132,0.9497542531600676,0.006172839506172839
token_confidence,163,0.3306288032454361,0.8349024859038312,0.6073619631901841,0.3306288032454361,0.9493355222106598,0.006134969325153374
token_confidence,164,0.332657200811359,0.841254664142364,0.6097560975609756,0.332657200811359,0.9481557818250904,0.006097560975609756
token_confidence,165,0.33468559837728196,0.8438517416402282,0.6060606060606061,0.33468559837728196,0.947891273283828,0.006060606060606061
token_confidence,166,0.3367139959432049,0.8445592861617464,0.608433734939759,0.3367139959432049,0.9475193633193152,0.006024096385542169
token_confidence,167,0.33874239350912777,0.8490995682697897,0.6047904191616766,0.33874239350912777,0.9475094893201594,0.005988023952095809
token_confidence,168,0.3407707910750507,0.8513522339043318,0.6071428571428571,0.3407707910750507,0.9474029090005224,0.005952380952380952
token_confidence,169,0.34279918864097364,0.8517300111588053,0.6094674556213018,0.34279918864097364,0.9469646939160484,0.005917159763313609
token_confidence,170,0.3448275862068966,0.8518986264329965,0.6058823529411764,0.3448275862068966,0.945739376302552,0.0058823529411764705
token_confidence,171,0.34685598377281945,0.853213631597407,0.6081871345029239,0.34685598377281945,0.9456405700187144,0.005847953216374269
token_confidence,172,0.3488843813387424,0.8538107677862731,0.6104651162790697,0.3488843813387424,0.9455348608124486,0.011627906976744186
token_confidence,173,0.3509127789046653,0.8550167403699623,0.6127167630057804,0.3509127789046653,0.944828893928458,0.011560693641618497
token_confidence,174,0.35294117647058826,0.8561090300764773,0.6149425287356322,0.35294117647058826,0.9447354903568248,0.011494252873563218
token_confidence,175,0.35496957403651114,0.8568761849416769,0.6171428571428571,0.35496957403651114,0.9442883176991936,0.011428571428571429
token_confidence,176,0.35699797160243407,0.8571647380838958,0.6193181818181818,0.35699797160243407,0.9440505239529954,0.011363636363636364
token_confidence,177,0.359026369168357,0.8583621814902617,0.6214689265536724,0.359026369168357,0.9438564218911843,0.011299435028248588
token_confidence,178,0.36105476673427994,0.8607284465527305,0.6235955056179775,0.36105476673427994,0.943803931355218,0.011235955056179775
token_confidence,179,0.3630831643002028,0.8612179154646066,0.6201117318435754,0.3630831643002028,0.9433416682270516,0.0111731843575419
token_confidence,180,0.36511156186612576,0.8628034885667308,0.6222222222222222,0.36511156186612576,0.9424833199111172,0.011111111111111112
token_confidence,181,0.3671399594320487,0.8635735890823342,0.6243093922651933,0.3671399594320487,0.942393327430483,0.011049723756906077
token_confidence,182,0.3691683569979716,0.863732764905855,0.6263736263736264,0.3691683569979716,0.9417841426218392,0.01098901098901099
token_confidence,183,0.3711967545638945,0.8665102618558597,0.6229508196721312,0.3711967545638945,0.941764612277062,0.01092896174863388
token_confidence,184,0.37322515212981744,0.8679824404449352,0.625,0.37322515212981744,0.9413896613194246,0.010869565217391304
token_confidence,185,0.3752535496957404,0.8683978900378531,0.6216216216216216,0.3752535496957404,0.9412854763496156,0.010810810810810811
token_confidence,186,0.3772819472616633,0.8687326700494666,0.6236559139784946,0.3772819472616633,0.9412828154035452,0.010752688172043012
token_confidence,187,0.3793103448275862,0.8688639035975504,0.6203208556149733,0.3793103448275862,0.9411269612580188,0.0106951871657754
token_confidence,188,0.3813387423935091,0.8750764596388108,0.6223404255319149,0.3813387423935091,0.940368688477934,0.015957446808510637
token_confidence,189,0.38336713995943206,0.8761858093631876,0.6243386243386243,0.38336713995943206,0.940195551750628,0.015873015873015872
token_confidence,190,0.385395537525355,0.8774223238468013,0.6263157894736842,0.385395537525355,0.9397670329472272,0.015789473684210527
token_confidence,191,0.38742393509127787,0.8781654966184514,0.6282722513089005,0.38742393509127787,0.9397642006969236,0.015706806282722512
token_confidence,192,0.3894523326572008,0.879935713725333,0.6302083333333334,0.3894523326572008,0.9394449770349578,0.015625
token_confidence,193,0.39148073022312374,0.8803564629654362,0.6321243523316062,0.39148073022312374,0.9390781631994436,0.015544041450777202
token_confidence,194,0.3935091277890467,0.8832085533984613,0.634020618556701,0.3935091277890467,0.9377786419345694,0.015463917525773196
token_confidence,195,0.39553752535496955,0.8832226803893298,0.6358974358974359,0.39553752535496955,0.9375988131146288,0.015384615384615385
token_confidence,196,0.3975659229208925,0.8842528689589347,0.6377551020408163,0.3975659229208925,0.937355851758914,0.015306122448979591
token_confidence,197,0.3995943204868154,0.88468456456476,0.6395939086294417,0.3995943204868154,0.937318355418572,0.015228426395939087
token_confidence,198,0.40162271805273836,0.8847673454366869,0.6414141414141414,0.40162271805273836,0.937110177036814,0.015151515151515152
token_confidence,199,0.40365111561866124,0.8877473429570931,0.6432160804020101,0.40365111561866124,0.9365087188456376,0.01507537688442211
token_confidence,200,0.4056795131845842,0.8880488166667185,0.645,0.4056795131845842,0.9359190681734496,0.015
token_confidence,201,0.4077079107505071,0.889056015395245,0.6467661691542289,0.4077079107505071,0.9356473214087616,0.014925373134328358
token_confidence,202,0.40973630831643004,0.8902391328689053,0.6485148514851485,0.40973630831643004,0.9347062218699074,0.01485148514851485
token_confidence,203,0.4117647058823529,0.8906187916919194,0.6502463054187192,0.4117647058823529,0.9343437587549428,0.014778325123152709
token_confidence,204,0.41379310344827586,0.8918724280564263,0.6519607843137255,0.41379310344827586,0.9342683636988872,0.014705882352941176
token_confidence,205,0.4158215010141988,0.8921702572017003,0.6536585365853659,0.4158215010141988,0.9332010187464718,0.014634146341463415
token_confidence,206,0.4178498985801217,0.8929616530082409,0.6553398058252428,0.4178498985801217,0.9326611962209316,0.014563106796116505
token_confidence,207,0.4198782961460446,0.8942854938133205,0.6570048309178744,0.4198782961460446,0.9326547853693068,0.014492753623188406
token_confidence,208,0.42190669371196754,0.8956063334560862,0.6586538461538461,0.42190669371196754,0.932644085763206,0.014423076923076924
token_confidence,209,0.4239350912778905,0.8958728533320415,0.6602870813397129,0.4239350912778905,0.9321618647746386,0.014354066985645933
token_confidence,210,0.4259634888438134,0.8976942661758514,0.6619047619047619,0.4259634888438134,0.9319844563212772,0.014285714285714285
token_confidence,211,0.4279918864097363,0.8986833253916282,0.6587677725118484,0.4279918864097363,0.9317531393233724,0.018957345971563982
token_confidence,212,0.4300202839756592,0.8994160799852752,0.6556603773584906,0.4300202839756592,0.931528034064408,0.018867924528301886
token_confidence,213,0.43204868154158216,0.8999229212631336,0.6572769953051644,0.43204868154158216,0.931314457115925,0.018779342723004695
token_confidence,214,0.4340770791075051,0.9001627521558959,0.6588785046728972,0.4340770791075051,0.9312680614451946,0.018691588785046728
token_confidence,215,0.43610547667342797,0.9004436623862204,0.6558139534883721,0.43610547667342797,0.931267952303626,0.018604651162790697
token_confidence,216,0.4381338742393509,0.901146975361521,0.6574074074074074,0.4381338742393509,0.9309574296520444,0.018518518518518517
token_confidence,217,0.44016227180527384,0.9012673462126468,0.6589861751152074,0.44016227180527384,0.9308469720843922,0.018433179723502304
token_confidence,218,0.4421906693711968,0.901771594030452,0.6605504587155964,0.4421906693711968,0.9305658823765176,0.022935779816513763
token_confidence,219,0.44421906693711966,0.9019783275241786,0.6621004566210046,0.44421906693711966,0.9304169030607974,0.0228310502283105
token_confidence,220,0.4462474645030426,0.9023728999515996,0.6636363636363637,0.4462474645030426,0.9300844377267982,0.022727272727272728
token_confidence,221,0.4482758620689655,0.9025662053184288,0.665158371040724,0.4482758620689655,0.9297595130556716,0.02262443438914027
token_confidence,222,0.45030425963488846,0.9031595417752302,0.6666666666666666,0.45030425963488846,0.9294913875880852,0.02252252252252252
token_confidence,223,0.45233265720081134,0.903686761521166,0.6681614349775785,0.45233265720081134,0.9284877999475054,0.02242152466367713
token_confidence,224,0.4543610547667343,0.9037639836253356,0.6696428571428571,0.4543610547667343,0.9275703539509248,0.022321428571428572
token_confidence,225,0.4563894523326572,0.9060229641871792,0.6666666666666666,0.4563894523326572,0.927016839971652,0.022222222222222223
token_confidence,226,0.45841784989858014,0.9085986763690094,0.668141592920354,0.45841784989858014,0.92680897888131,0.022123893805309734
token_confidence,227,0.460446247464503,0.9090039298767932,0.6696035242290749,0.460446247464503,0.9262422664280668,0.022026431718061675
token_confidence,228,0.46247464503042596,0.90921598163909,0.6710526315789473,0.46247464503042596,0.9261948623820968,0.021929824561403508
token_confidence,229,0.4645030425963489,0.9094381648639964,0.6724890829694323,0.4645030425963489,0.9260735160955678,0.021834061135371178
token_confidence,230,0.4665314401622718,0.9095567221773654,0.6739130434782609,0.4665314401622718,0.924773584972894,0.021739130434782608
token_confidence,231,0.4685598377281947,0.9097652292575584,0.6753246753246753,0.4685598377281947,0.9243153829574714,0.021645021645021644
token_confidence,232,0.47058823529411764,0.9105053161965418,0.6767241379310345,0.47058823529411764,0.9241310279346628,0.021551724137931036
token_confidence,233,0.4726166328600406,0.9112168600400238,0.6781115879828327,0.4726166328600406,0.923744191509582,0.02145922746781116
token_confidence,234,0.4746450304259635,0.9124387237129286,0.6794871794871795,0.4746450304259635,0.923310855067315,0.021367521367521368
token_confidence,235,0.4766734279918864,0.9133517245454204,0.6808510638297872,0.4766734279918864,0.9231806494185136,0.02127659574468085
token_confidence,236,0.4787018255578093,0.913500182252732,0.6822033898305084,0.4787018255578093,0.9230822109895932,0.0211864406779661
token_confidence,237,0.48073022312373226,0.9149521236351076,0.679324894514768,0.48073022312373226,0.9228689733056786,0.02109704641350211
token_confidence,238,0.4827586206896552,0.915005543197736,0.680672268907563,0.4827586206896552,0.9223927896941496,0.02100840336134454
token_confidence,239,0.4847870182555781,0.9154892640043764,0.6820083682008368,0.4847870182555781,0.922344131487154,0.02510460251046025
token_confidence,240,0.486815415821501,0.9155974345538608,0.6833333333333333,0.486815415821501,0.9223036394204308,0.025
token_confidence,241,0.48884381338742394,0.9156662644655644,0.6846473029045643,0.48884381338742394,0.9216347432912936,0.024896265560165973
token_confidence,242,0.4908722109533469,0.917304330860539,0.6859504132231405,0.4908722109533469,0.921482388821238,0.024793388429752067
token_confidence,243,0.49290060851926976,0.9183583723648068,0.6872427983539094,0.49290060851926976,0.9214451993788249,0.024691358024691357
token_confidence,244,0.4949290060851927,0.9184549100644696,0.6885245901639344,0.4949290060851927,0.9209161929918588,0.02459016393442623
token_confidence,245,0.4969574036511156,0.9185798090578864,0.689795918367347,0.4969574036511156,0.9199994464893286,0.024489795918367346
token_confidence,246,0.49898580121703856,0.9187036811550188,0.6910569105691057,0.49898580121703856,0.9198179653803994,0.024390243902439025
token_confidence,247,0.5010141987829615,0.9194512940491704,0.6923076923076923,0.5010141987829615,0.9194512940491704,0.024291497975708502
token_confidence,248,0.5030425963488844,0.9198179653803994,0.6935483870967742,0.5030425963488844,0.9187036811550188,0.024193548387096774
token_confidence,249,0.5050709939148073,0.9199994464893286,0.6947791164658634,0.5050709939148073,0.9185798090578864,0.024096385542168676
token_confidence,250,0.5070993914807302,0.9209161929918588,0.696,0.5070993914807302,0.9184549100644696,0.024
token_confidence,251,0.5091277890466531,0.9214451993788249,0.6972111553784861,0.5091277890466531,0.9183583723648068,0.02390438247011952
token_confidence,252,0.5111561866125761,0.921482388821238,0.6984126984126984,0.5111561866125761,0.917304330860539,0.023809523809523808
token_confidence,253,0.513184584178499,0.9216347432912936,0.6996047430830039,0.513184584178499,0.9156662644655644,0.023715415019762844
token_confidence,254,0.5152129817444219,0.9223036394204308,0.7007874015748031,0.5152129817444219,0.9155974345538608,0.023622047244094488
token_confidence,255,0.5172413793103449,0.922344131487154,0.6980392156862745,0.5172413793103449,0.9154892640043764,0.023529411764705882
token_confidence,256,0.5192697768762677,0.9223927896941496,0.69921875,0.5192697768762677,0.915005543197736,0.0234375
token_confidence,257,0.5212981744421906,0.9228689733056786,0.7003891050583657,0.5212981744421906,0.9149521236351076,0.027237354085603113
token_confidence,258,0.5233265720081136,0.9230822109895932,0.7015503875968992,0.5233265720081136,0.913500182252732,0.027131782945736434
token_confidence,259,0.5253549695740365,0.9231806494185136,0.7027027027027027,0.5253549695740365,0.9133517245454204,0.02702702702702703
token_confidence,260,0.5273833671399595,0.923310855067315,0.7038461538461539,0.5273833671399595,0.9124387237129286,0.026923076923076925
token_confidence,261,0.5294117647058824,0.923744191509582,0.7049808429118773,0.5294117647058824,0.9112168600400238,0.02681992337164751
token_confidence,262,0.5314401622718052,0.9241310279346628,0.7061068702290076,0.5314401622718052,0.9105053161965418,0.026717557251908396
token_confidence,263,0.5334685598377282,0.9243153829574714,0.7072243346007605,0.5334685598377282,0.9097652292575584,0.026615969581749048
token_confidence,264,0.5354969574036511,0.924773584972894,0.7083333333333334,0.5354969574036511,0.9095567221773654,0.026515151515151516
token_confidence,265,0.537525354969574,0.9260735160955678,0.7094339622641509,0.537525354969574,0.9094381648639964,0.026415094339622643
token_confidence,266,0.539553752535497,0.9261948623820968,0.7105263157894737,0.539553752535497,0.90921598163909,0.02631578947368421
token_confidence,267,0.5415821501014199,0.9262422664280668,0.7116104868913857,0.5415821501014199,0.9090039298767932,0.026217228464419477
token_confidence,268,0.5436105476673428,0.92680897888131,0.7126865671641791,0.5436105476673428,0.9085986763690094,0.026119402985074626
token_confidence,269,0.5456389452332657,0.927016839971652,0.7137546468401487,0.5456389452332657,0.9060229641871792,0.02973977695167286
token_confidence,270,0.5476673427991886,0.9275703539509248,0.7148148148148148,0.5476673427991886,0.9037639836253356,0.02962962962962963
token_confidence,271,0.5496957403651116,0.9284877999475054,0.7158671586715867,0.5496957403651116,0.903686761521166,0.02952029520295203
token_confidence,272,0.5517241379310345,0.9294913875880852,0.7169117647058824,0.5517241379310345,0.9031595417752302,0.029411764705882353
token_confidence,273,0.5537525354969574,0.9297595130556716,0.717948717948718,0.5537525354969574,0.9025662053184288,0.029304029304029304
token_confidence,274,0.5557809330628803,0.9300844377267982,0.718978102189781,0.5557809330628803,0.9023728999515996,0.029197080291970802
token_confidence,275,0.5578093306288032,0.9304169030607974,0.72,0.5578093306288032,0.9019783275241786,0.02909090909090909
token_confidence,276,0.5598377281947262,0.9305658823765176,0.717391304347826,0.5598377281947262,0.901771594030452,0.028985507246376812
token_confidence,277,0.5618661257606491,0.9308469720843922,0.7184115523465704,0.5618661257606491,0.9012673462126468,0.02888086642599278
token_confidence,278,0.563894523326572,0.9309574296520444,0.7194244604316546,0.563894523326572,0.901146975361521,0.02877697841726619
token_confidence,279,0.565922920892495,0.931267952303626,0.7204301075268817,0.565922920892495,0.9004436623862204,0.03225806451612903
token_confidence,280,0.5679513184584178,0.9312680614451946,0.7214285714285714,0.5679513184584178,0.9001627521558959,0.03214285714285714
token_confidence,281,0.5699797160243407,0.931314457115925,0.7224199288256228,0.5699797160243407,0.8999229212631336,0.03202846975088968
token_confidence,282,0.5720081135902637,0.931528034064408,0.723404255319149,0.5720081135902637,0.8994160799852752,0.03546099290780142
token_confidence,283,0.5740365111561866,0.9317531393233724,0.7208480565371025,0.5740365111561866,0.8986833253916282,0.038869257950530034
token_confidence,284,0.5760649087221096,0.9319844563212772,0.721830985915493,0.5760649087221096,0.8976942661758514,0.03873239436619718
token_confidence,285,0.5780933062880325,0.9321618647746386,0.7228070175438597,0.5780933062880325,0.8958728533320415,0.03859649122807018
token_confidence,286,0.5801217038539553,0.932644085763206,0.7237762237762237,0.5801217038539553,0.8956063334560862,0.038461538461538464
token_confidence,287,0.5821501014198783,0.9326547853693068,0.7247386759581882,0.5821501014198783,0.8942854938133205,0.03832752613240418
token_confidence,288,0.5841784989858012,0.9326611962209316,0.7256944444444444,0.5841784989858012,0.8929616530082409,0.03819444444444445
token_confidence,289,0.5862068965517241,0.9332010187464718,0.726643598615917,0.5862068965517241,0.8921702572017003,0.03806228373702422
token_confidence,290,0.5882352941176471,0.9342683636988872,0.7275862068965517,0.5882352941176471,0.8918724280564263,0.03793103448275862
token_confidence,291,0.59026369168357,0.9343437587549428,0.7285223367697594,0.59026369168357,0.8906187916919194,0.037800687285223365
token_confidence,292,0.592292089249493,0.9347062218699074,0.7294520547945206,0.592292089249493,0.8902391328689053,0.03767123287671233
token_confidence,293,0.5943204868154158,0.9356473214087616,0.7303754266211604,0.5943204868154158,0.889056015395245,0.03754266211604096
token_confidence,294,0.5963488843813387,0.9359190681734496,0.7312925170068028,0.5963488843813387,0.8880488166667185,0.03741496598639456
token_confidence,295,0.5983772819472617,0.9365087188456376,0.7322033898305085,0.5983772819472617,0.8877473429570931,0.03728813559322034
token_confidence,296,0.6004056795131846,0.937110177036814,0.7331081081081081,0.6004056795131846,0.8847673454366869,0.037162162162162164
token_confidence,297,0.6024340770791075,0.937318355418572,0.734006734006734,0.6024340770791075,0.88468456456476,0.037037037037037035
token_confidence,298,0.6044624746450304,0.937355851758914,0.7348993288590604,0.6044624746450304,0.8842528689589347,0.03691275167785235
token_confidence,299,0.6064908722109533,0.9375988131146288,0.7357859531772575,0.6064908722109533,0.8832226803893298,0.03678929765886288
token_confidence,300,0.6085192697768763,0.9377786419345694,0.7366666666666667,0.6085192697768763,0.8832085533984613,0.03666666666666667
token_confidence,301,0.6105476673427992,0.9390781631994436,0.7375415282392026,0.6105476673427992,0.8803564629654362,0.036544850498338874
token_confidence,302,0.6125760649087221,0.9394449770349578,0.7384105960264901,0.6125760649087221,0.879935713725333,0.03642384105960265
token_confidence,303,0.6146044624746451,0.9397642006969236,0.7392739273927392,0.6146044624746451,0.8781654966184514,0.036303630363036306
token_confidence,304,0.6166328600405679,0.9397670329472272,0.7401315789473685,0.6166328600405679,0.8774223238468013,0.03618421052631579
token_confidence,305,0.6186612576064908,0.940195551750628,0.740983606557377,0.6186612576064908,0.8761858093631876,0.036065573770491806
token_confidence,306,0.6206896551724138,0.940368688477934,0.738562091503268,0.6206896551724138,0.8750764596388108,0.03594771241830065
token_confidence,307,0.6227180527383367,0.9411269612580188,0.739413680781759,0.6227180527383367,0.8688639035975504,0.03908794788273615
token_confidence,308,0.6247464503042597,0.9412828154035452,0.7402597402597403,0.6247464503042597,0.8687326700494666,0.03896103896103896
token_confidence,309,0.6267748478701826,0.9412854763496156,0.7411003236245954,0.6267748478701826,0.8683978900378531,0.042071197411003236
token_confidence,310,0.6288032454361054,0.9413896613194246,0.7419354838709677,0.6288032454361054,0.8679824404449352,0.041935483870967745
token_confidence,311,0.6308316430020284,0.941764612277062,0.7427652733118971,0.6308316430020284,0.8665102618558597,0.04501607717041801
token_confidence,312,0.6328600405679513,0.9417841426218392,0.7435897435897436,0.6328600405679513,0.863732764905855,0.04487179487179487
token_confidence,313,0.6348884381338742,0.942393327430483,0.744408945686901,0.6348884381338742,0.8635735890823342,0.04472843450479233
token_confidence,314,0.6369168356997972,0.9424833199111172,0.7452229299363057,0.6369168356997972,0.8628034885667308,0.044585987261146494
token_confidence,315,0.6389452332657201,0.9433416682270516,0.746031746031746,0.6389452332657201,0.8612179154646066,0.047619047619047616
token_confidence,316,0.640973630831643,0.943803931355218,0.7468354430379747,0.640973630831643,0.8607284465527305,0.04746835443037975
token_confidence,317,0.6430020283975659,0.9438564218911843,0.7476340694006309,0.6430020283975659,0.8583621814902617,0.0473186119873817
token_confidence,318,0.6450304259634888,0.9440505239529954,0.7484276729559748,0.6450304259634888,0.8571647380838958,0.04716981132075472
token_confidence,319,0.6470588235294118,0.9442883176991936,0.7492163009404389,0.6470588235294118,0.8568761849416769,0.047021943573667714
token_confidence,320,0.6490872210953347,0.9447354903568248,0.75,0.6490872210953347,0.8561090300764773,0.046875
token_confidence,321,0.6511156186612576,0.944828893928458,0.7507788161993769,0.6511156186612576,0.8550167403699623,0.04672897196261682
token_confidence,322,0.6531440162271805,0.9455348608124486,0.7484472049689441,0.6531440162271805,0.8538107677862731,0.046583850931677016
token_confidence,323,0.6551724137931034,0.9456405700187144,0.7492260061919505,0.6551724137931034,0.853213631597407,0.04643962848297214
token_confidence,324,0.6572008113590264,0.945739376302552,0.75,0.6572008113590264,0.8518986264329965,0.04938271604938271
token_confidence,325,0.6592292089249493,0.9469646939160484,0.7507692307692307,0.6592292089249493,0.8517300111588053,0.04923076923076923
token_confidence,326,0.6612576064908722,0.9474029090005224,0.7515337423312883,0.6612576064908722,0.8513522339043318,0.049079754601226995
token_confidence,327,0.6632860040567952,0.9475094893201594,0.7522935779816514,0.6632860040567952,0.8490995682697897,0.05198776758409786
token_confidence,328,0.665314401622718,0.9475193633193152,0.7530487804878049,0.665314401622718,0.8445592861617464,0.051829268292682924
token_confidence,329,0.6673427991886409,0.947891273283828,0.7537993920972644,0.6673427991886409,0.8438517416402282,0.0547112462006079
token_confidence,330,0.6693711967545639,0.9481557818250904,0.7545454545454545,0.6693711967545639,0.841254664142364,0.05454545454545454
token_confidence,331,0.6713995943204868,0.9493355222106598,0.7552870090634441,0.6713995943204868,0.8349024859038312,0.054380664652567974
token_confidence,332,0.6734279918864098,0.9497542531600676,0.7560240963855421,0.6734279918864098,0.8330448436994298,0.05421686746987952
token_confidence,333,0.6754563894523327,0.9502346171768172,0.7567567567567568,0.6754563894523327,0.8329433338364515,0.05405405405405406
token_confidence,334,0.6774847870182555,0.9502757329004452,0.7574850299401198,0.6774847870182555,0.8328899316136245,0.05389221556886228
token_confidence,335,0.6795131845841785,0.9506818512026608,0.7582089552238805,0.6795131845841785,0.8291971739225085,0.05373134328358209
token_confidence,336,0.6815415821501014,0.9507678825177156,0.7589285714285714,0.6815415821501014,0.828255169377158,0.05357142857142857
token_confidence,337,0.6835699797160243,0.9508395450342756,0.7596439169139466,0.6835699797160243,0.8275202818153892,0.05341246290801187
token_confidence,338,0.6855983772819473,0.9513243280761456,0.7603550295857988,0.6855983772819473,0.8274447235164702,0.05325443786982249
token_confidence,339,0.6876267748478702,0.9514471155814542,0.7610619469026548,0.6876267748478702,0.8256468470244662,0.05309734513274336
token_confidence,340,0.6896551724137931,0.951980924499164,0.7617647058823529,0.6896551724137931,0.8232293327466976,0.052941176470588235
token_confidence,341,0.691683569979716,0.9523705632961474,0.7624633431085044,0.691683569979716,0.8223355166089353,0.05278592375366569
token_confidence,342,0.6937119675456389,0.9527844971301144,0.7631578947368421,0.6937119675456389,0.8219766571091595,0.05263157894736842
token_confidence,343,0.6957403651115619,0.9529105697011632,0.7638483965014577,0.6957403651115619,0.820545913812296,0.052478134110787174
token_confidence,344,0.6977687626774848,0.952965938675237,0.7645348837209303,0.6977687626774848,0.8200804600496134,0.05232558139534884
token_confidence,345,0.6997971602434077,0.9534902810584124,0.7652173913043478,0.6997971602434077,0.8184674130529724,0.05507246376811594
token_confidence,346,0.7018255578093306,0.9537394232410366,0.7658959537572254,0.7018255578093306,0.8170691537048803,0.05491329479768786
token_confidence,347,0.7038539553752535,0.9549642869093636,0.7665706051873199,0.7038539553752535,0.8150839634874116,0.05475504322766571
token_confidence,348,0.7058823529411765,0.9550314419291328,0.7672413793103449,0.7058823529411765,0.8138822429407216,0.05459770114942529
token_confidence,349,0.7079107505070994,0.9554723295151388,0.7679083094555874,0.7079107505070994,0.8118865510713624,0.054441260744985676
token_confidence,350,0.7099391480730223,0.9556260561664288,0.7685714285714286,0.7099391480730223,0.8113632437805545,0.054285714285714284
token_confidence,351,0.7119675456389453,0.9557742121487772,0.7692307692307693,0.7119675456389453,0.8110297844636968,0.05698005698005698
token_confidence,352,0.7139959432048681,0.9560910206068922,0.7698863636363636,0.7139959432048681,0.8101437746996117,0.056818181818181816
token_confidence,353,0.716024340770791,0.9561792099049972,0.7705382436260623,0.716024340770791,0.8092930386239556,0.059490084985835696
token_confidence,354,0.718052738336714,0.9562240622804608,0.7711864406779662,0.718052738336714,0.8016232429193649,0.059322033898305086
token_confidence,355,0.7200811359026369,0.9563554103883196,0.7718309859154929,0.7200811359026369,0.8001399928481043,0.059154929577464786
token_confidence,356,0.7221095334685599,0.9567888046989672,0.7724719101123596,0.7221095334685599,0.798609193186089,0.05898876404494382
token_confidence,357,0.7241379310344828,0.9569956305104848,0.773109243697479,0.7241379310344828,0.7983700721041375,0.058823529411764705
token_confidence,358,0.7261663286004056,0.9573642741298688,0.7737430167597765,0.7261663286004056,0.7936155552514695,0.05865921787709497
token_confidence,359,0.7281947261663286,0.9577754901576468,0.7743732590529248,0.7281947261663286,0.7912244705074686,0.0584958217270195
token_confidence,360,0.7302231237322515,0.9579898494303616,0.775,0.7302231237322515,0.791219757798954,0.058333333333333334
token_confidence,361,0.7322515212981744,0.9581091489276168,0.775623268698061,0.7322515212981744,0.7865970455880238,0.05817174515235457
token_confidence,362,0.7342799188640974,0.9581716383661008,0.7762430939226519,0.7342799188640974,0.7861540846758955,0.058011049723756904
token_confidence,363,0.7363083164300203,0.9584113569598508,0.7768595041322314,0.7363083164300203,0.7853005920457783,0.06060606060606061
token_confidence,364,0.7383367139959433,0.958450474109085,0.7774725274725275,0.7383367139959433,0.7830857698748281,0.06043956043956044
token_confidence,365,0.7403651115618661,0.958744669535288,0.7780821917808219,0.7403651115618661,0.7820634662534122,0.06027397260273973
token_confidence,366,0.742393509127789,0.9594544151303608,0.7786885245901639,0.742393509127789,0.7810613366234964,0.060109289617486336
token_confidence,367,0.744421906693712,0.9594960774224048,0.779291553133515,0.744421906693712,0.7796025593054274,0.05994550408719346
token_confidence,368,0.7464503042596349,0.95955057430927,0.779891304347826,0.7464503042596349,0.778756209846096,0.0625
token_confidence,369,0.7484787018255578,0.959937845722792,0.7804878048780488,0.7484787018255578,0.7779890020118576,0.06233062330623306
token_confidence,370,0.7505070993914807,0.9603555068754784,0.7810810810810811,0.7505070993914807,0.7770793616155528,0.06486486486486487
token_confidence,371,0.7525354969574036,0.9603854330009266,0.7816711590296496,0.7525354969574036,0.775242964475846,0.0673854447439353
token_confidence,372,0.7545638945233266,0.9607314912422908,0.782258064516129,0.7545638945233266,0.7712355215080765,0.06989247311827956
token_confidence,373,0.7565922920892495,0.9610057188279963,0.7828418230563002,0.7565922920892495,0.7676454821245571,0.06970509383378017
token_confidence,374,0.7586206896551724,0.962050099271414,0.7834224598930482,0.7586206896551724,0.7626034885149122,0.06951871657754011
token_confidence,375,0.7606490872210954,0.962085826334476,0.784,0.7606490872210954,0.7623789265596032,0.072
token_confidence,376,0.7626774847870182,0.9622543763567538,0.7845744680851063,0.7626774847870182,0.759087251483909,0.07180851063829788
token_confidence,377,0.7647058823529411,0.962645782561802,0.7851458885941645,0.7647058823529411,0.7584950012966566,0.07161803713527852
token_confidence,378,0.7667342799188641,0.9627454612963005,0.7857142857142857,0.7667342799188641,0.7574923637584967,0.07142857142857142
token_confidence,379,0.768762677484787,0.963618117903151,0.7862796833773087,0.768762677484787,0.7552211113318701,0.0712401055408971
token_confidence,380,0.77079107505071,0.9637543997282622,0.7868421052631579,0.77079107505071,0.7527712348753154,0.07105263157894737
token_confidence,381,0.7728194726166329,0.9638553935151728,0.7874015748031497,0.7728194726166329,0.7512688266610897,0.07086614173228346
token_confidence,382,0.7748478701825557,0.9643019546521135,0.7879581151832461,0.7748478701825557,0.7481603143875648,0.07329842931937172
token_confidence,383,0.7768762677484787,0.964458587060521,0.7885117493472585,0.7768762677484787,0.7464677930571539,0.0731070496083551
token_confidence,384,0.7789046653144016,0.9647748805175516,0.7890625,0.7789046653144016,0.7443656571639475,0.07552083333333333
token_confidence,385,0.7809330628803245,0.9648475189947162,0.7896103896103897,0.7809330628803245,0.7398765114144858,0.07532467532467532
token_confidence,386,0.7829614604462475,0.9648757860099086,0.7901554404145078,0.7829614604462475,0.7374587045726511,0.07512953367875648
token_confidence,387,0.7849898580121704,0.965000235693227,0.7906976744186046,0.7849898580121704,0.7364948960564147,0.07493540051679587
token_confidence,388,0.7870182555780934,0.9655213716505512,0.7912371134020618,0.7870182555780934,0.7291556003252669,0.07474226804123711
token_confidence,389,0.7890466531440162,0.9656116459832894,0.7917737789203085,0.7890466531440162,0.7140315864550859,0.07712082262210797
token_confidence,390,0.7910750507099391,0.9663209297364328,0.7923076923076923,0.7910750507099391,0.7137243722402936,0.07692307692307693
token_confidence,391,0.7931034482758621,0.966622867326354,0.7928388746803069,0.7931034482758621,0.7101791810376649,0.07672634271099744
token_confidence,392,0.795131845841785,0.966979263573414,0.7933673469387755,0.795131845841785,0.7074489835375515,0.07908163265306123
token_confidence,393,0.7971602434077079,0.9671492906072594,0.7938931297709924,0.7971602434077079,0.7045473827576367,0.07888040712468193
token_confidence,394,0.7991886409736308,0.9671964102049908,0.7944162436548223,0.7991886409736308,0.6990441561936953,0.08121827411167512
token_confidence,395,0.8012170385395537,0.9673185854271728,0.7949367088607595,0.8012170385395537,0.6982647148268583,0.0810126582278481
token_confidence,396,0.8032454361054767,0.9673352492399476,0.7954545454545454,0.8032454361054767,0.6949819737608895,0.08333333333333333
token_confidence,397,0.8052738336713996,0.9673869986785978,0.7959697732997482,0.8052738336713996,0.6942536265952869,0.08312342569269521
token_confidence,398,0.8073022312373225,0.9676558978295584,0.7964824120603015,0.8073022312373225,0.6929996180932981,0.0829145728643216
token_confidence,399,0.8093306288032455,0.9676696255714206,0.7969924812030075,0.8093306288032455,0.6924287372943061,0.08270676691729323
token_confidence,400,0.8113590263691683,0.9676967870183784,0.7975,0.8113590263691683,0.6872305854453903,0.0825
token_confidence,401,0.8133874239350912,0.9680193546068796,0.7980049875311721,0.8133874239350912,0.6859431376248235,0.08229426433915212
token_confidence,402,0.8154158215010142,0.9685440215780416,0.7985074626865671,0.8154158215010142,0.6831593171076988,0.0845771144278607
token_confidence,403,0.8174442190669371,0.9685952283181932,0.7990074441687345,0.8174442190669371,0.6829892201609927,0.08684863523573201
token_confidence,404,0.8194726166328601,0.9687364827124436,0.7995049504950495,0.8194726166328601,0.6828663578839093,0.08663366336633663
token_confidence,405,0.821501014198783,0.9689257091148452,0.8,0.821501014198783,0.6827095987377992,0.08888888888888889
token_confidence,406,0.8235294117647058,0.9689265258671544,0.8004926108374384,0.8235294117647058,0.681029349247849,0.08866995073891626
token_confidence,407,0.8255578093306288,0.9693193925407796,0.800982800982801,0.8255578093306288,0.6802737925608895,0.08845208845208845
token_confidence,408,0.8275862068965517,0.969321179367539,0.8014705882352942,0.8275862068965517,0.6780334509807314,0.09068627450980392
token_confidence,409,0.8296146044624746,0.9693851447262,0.8019559902200489,0.8296146044624746,0.6776369098593295,0.09290953545232274
token_confidence,410,0.8316430020283976,0.9694102091896192,0.802439024390244,0.8316430020283976,0.6635168684587611,0.09268292682926829
token_confidence,411,0.8336713995943205,0.9700628786458886,0.8029197080291971,0.8336713995943205,0.6615904780297605,0.09245742092457421
token_confidence,412,0.8356997971602435,0.9704667708267132,0.8033980582524272,0.8356997971602435,0.660524750096214,0.09466019417475728
token_confidence,413,0.8377281947261663,0.970469961562508,0.8038740920096852,0.8377281947261663,0.6583302169523912,0.09443099273607748
token_confidence,414,0.8397565922920892,0.971159714994292,0.8043478260869565,0.8397565922920892,0.6520426211541246,0.09420289855072464
token_confidence,415,0.8417849898580122,0.9715083640155772,0.8048192771084337,0.8417849898580122,0.6470686893923188,0.0963855421686747
token_confidence,416,0.8438133874239351,0.9715926439667684,0.8052884615384616,0.8438133874239351,0.6457287722499521,0.09615384615384616
token_confidence,417,0.845841784989858,0.9720230191514868,0.8057553956834532,0.845841784989858,0.6451771187553594,0.09592326139088729
token_confidence,418,0.847870182555781,0.97223395469564,0.80622009569378,0.847870182555781,0.644751154169119,0.09808612440191387
token_confidence,419,0.8498985801217038,0.973097976679151,0.8066825775656324,0.8498985801217038,0.644013942312586,0.09785202863961814
token_confidence,420,0.8519269776876268,0.9736468590527496,0.8071428571428572,0.8519269776876268,0.6435587899363537,0.1
token_confidence,421,0.8539553752535497,0.9741855907793,0.8076009501187649,0.8539553752535497,0.6384816124998595,0.0997624703087886
token_confidence,422,0.8559837728194726,0.9742657752067432,0.8080568720379147,0.8559837728194726,0.6381903765337561,0.0995260663507109
token_confidence,423,0.8580121703853956,0.9742709270339897,0.8085106382978723,0.8580121703853956,0.6335301212672274,0.1016548463356974
token_confidence,424,0.8600405679513184,0.9743691991890578,0.8089622641509434,0.8600405679513184,0.6334283410065303,0.10377358490566038
token_confidence,425,0.8620689655172413,0.9744843686351728,0.8094117647058824,0.8620689655172413,0.6331792627839997,0.10352941176470588
token_confidence,426,0.8640973630831643,0.9752125259498672,0.8098591549295775,0.8640973630831643,0.6321754237293418,0.10328638497652583
token_confidence,427,0.8661257606490872,0.9755431848918136,0.810304449648712,0.8661257606490872,0.6315973150477113,0.10304449648711944
token_confidence,428,0.8681541582150102,0.9758296129016136,0.8107476635514018,0.8681541582150102,0.6287628379639061,0.10514018691588785
token_confidence,429,0.8701825557809331,0.976425528544056,0.8111888111888111,0.8701825557809331,0.6285164089565848,0.10722610722610723
token_confidence,430,0.8722109533468559,0.9769053879278148,0.8116279069767441,0.8722109533468559,0.6278582650079567,0.10697674418604651
token_confidence,431,0.8742393509127789,0.9770043839353884,0.8120649651972158,0.8742393509127789,0.6275958103258159,0.10904872389791183
token_confidence,432,0.8762677484787018,0.9770765881871032,0.8125,0.8762677484787018,0.6262275572494342,0.1087962962962963
token_confidence,433,0.8782961460446247,0.9772516289439012,0.812933025404157,0.8782961460446247,0.6250051477726334,0.11085450346420324
token_confidence,434,0.8803245436105477,0.9775636287119438,0.8133640552995391,0.8803245436105477,0.6233524334629204,0.11290322580645161
token_confidence,435,0.8823529411764706,0.9778436986276904,0.8137931034482758,0.8823529411764706,0.623348240174559,0.11494252873563218
token_confidence,436,0.8843813387423936,0.9780293177062136,0.8142201834862385,0.8843813387423936,0.6115921077833543,0.11467889908256881
token_confidence,437,0.8864097363083164,0.9787325826582732,0.8146453089244852,0.8864097363083164,0.6099773586711131,0.11670480549199085
token_confidence,438,0.8884381338742393,0.9794740378515616,0.815068493150685,0.8884381338742393,0.6057143080536433,0.11643835616438356
token_confidence,439,0.8904665314401623,0.979661811013163,0.8154897494305239,0.8904665314401623,0.5934263260934106,0.11617312072892938
token_confidence,440,0.8924949290060852,0.9799502142276032,0.8159090909090909,0.8924949290060852,0.5890435225234433,0.1159090909090909
token_confidence,441,0.8945233265720081,0.9801088309150277,0.8163265306122449,0.8945233265720081,0.5860273953636334,0.11791383219954649
token_confidence,442,0.896551724137931,0.980142626416898,0.8167420814479638,0.896551724137931,0.5859019853350135,0.11990950226244344
token_confidence,443,0.8985801217038539,0.9803686070773766,0.8171557562076749,0.8985801217038539,0.5843254026843455,0.11963882618510158
token_confidence,444,0.9006085192697769,0.9803687937556884,0.8175675675675675,0.9006085192697769,0.5824842149758864,0.11936936936936937
token_confidence,445,0.9026369168356998,0.980902759210603,0.8179775280898877,0.9026369168356998,0.5754533737930619,0.11910112359550562
token_confidence,446,0.9046653144016227,0.981203214731427,0.8183856502242153,0.9046653144016227,0.5735342213796816,0.1210762331838565
token_confidence,447,0.9066937119675457,0.98139228544656,0.8187919463087249,0.9066937119675457,0.5712250121763023,0.12080536912751678
token_confidence,448,0.9087221095334685,0.9814174757703186,0.8169642857142857,0.9087221095334685,0.5605515644317,0.12276785714285714
token_confidence,449,0.9107505070993914,0.9814244222654412,0.8173719376391982,0.9107505070993914,0.55753619359443,0.12249443207126949
token_confidence,450,0.9127789046653144,0.9820336743938406,0.8177777777777778,0.9127789046653144,0.545964547864969,0.12444444444444444
token_confidence,451,0.9148073022312373,0.982160718622512,0.8181818181818182,0.9148073022312373,0.5409530689825227,0.12416851441241686
token_confidence,452,0.9168356997971603,0.9822070929003832,0.8185840707964602,0.9168356997971603,0.5335296715812543,0.1261061946902655
token_confidence,453,0.9188640973630832,0.9822785681633814,0.8189845474613686,0.9188640973630832,0.5281493317662889,0.1280353200883002
token_confidence,454,0.920892494929006,0.9823269485697336,0.8193832599118943,0.920892494929006,0.5191388426922671,0.1299559471365639
token_confidence,455,0.922920892494929,0.982362481191334,0.8197802197802198,0.922920892494929,0.5163774211503497,0.13186813186813187
token_confidence,456,0.9249492900608519,0.9824121366493492,0.8201754385964912,0.9249492900608519,0.5161205212338065,0.13157894736842105
token_confidence,457,0.9269776876267748,0.9826173488310724,0.8205689277899344,0.9269776876267748,0.5127334565224031,0.13129102844638948
token_confidence,458,0.9290060851926978,0.9827036516487736,0.8209606986899564,0.9290060851926978,0.5074977749152922,0.13100436681222707
token_confidence,459,0.9310344827586207,0.982765271399874,0.8213507625272332,0.9310344827586207,0.4916959990360828,0.1328976034858388
token_confidence,460,0.9330628803245437,0.9831235819566454,0.8217391304347826,0.9330628803245437,0.4833636286741813,0.13260869565217392
token_confidence,461,0.9350912778904665,0.9833270610853064,0.8221258134490239,0.9350912778904665,0.4773100717840369,0.13449023861171366
token_confidence,462,0.9371196754563894,0.9838942735118078,0.8225108225108225,0.9371196754563894,0.4729007418807484,0.1341991341991342
token_confidence,463,0.9391480730223124,0.9841522557642314,0.8228941684665226,0.9391480730223124,0.4624738785641917,0.13606911447084233
token_confidence,464,0.9411764705882353,0.9848463315441828,0.8232758620689655,0.9411764705882353,0.4602178768806391,0.13793103448275862
token_confidence,465,0.9432048681541582,0.9851483242155236,0.8236559139784946,0.9432048681541582,0.4592441749451584,0.13763440860215054
token_confidence,466,0.9452332657200812,0.9856316826548294,0.8240343347639485,0.9452332657200812,0.4566205896658963,0.13948497854077252
token_confidence,467,0.947261663286004,0.985776591709447,0.8244111349036403,0.947261663286004,0.4524332226260785,0.14132762312633834
token_confidence,468,0.949290060851927,0.985809148173942,0.8247863247863247,0.949290060851927,0.449948543315354,0.14316239316239315
token_confidence,469,0.9513184584178499,0.9858959471888268,0.8251599147121536,0.9513184584178499,0.4361405239818207,0.14285714285714285
token_confidence,470,0.9533468559837728,0.9859479470332274,0.825531914893617,0.9533468559837728,0.4291505999569412,0.14468085106382977
token_confidence,471,0.9553752535496958,0.9862476363938634,0.8259023354564756,0.9553752535496958,0.3993027630918295,0.1464968152866242
token_confidence,472,0.9574036511156186,0.9862601903107852,0.826271186440678,0.9574036511156186,0.3976914916654065,0.1461864406779661
token_confidence,473,0.9594320486815415,0.98689424462392,0.8266384778012685,0.9594320486815415,0.3946323597415314,0.14799154334038056
token_confidence,474,0.9614604462474645,0.9870443735929856,0.8270042194092827,0.9614604462474645,0.3821635007847543,0.14978902953586498
token_confidence,475,0.9634888438133874,0.9870798212960764,0.8273684210526315,0.9634888438133874,0.3796142965554426,0.15157894736842106
token_confidence,476,0.9655172413793104,0.9872075972543218,0.8277310924369747,0.9655172413793104,0.3665695235154238,0.15126050420168066
token_confidence,477,0.9675456389452333,0.987307311912352,0.8280922431865828,0.9675456389452333,0.3663153501248136,0.1509433962264151
token_confidence,478,0.9695740365111561,0.9873125701417976,0.8284518828451883,0.9695740365111561,0.3482597296341314,0.1506276150627615
token_confidence,479,0.9716024340770791,0.9875758230637688,0.8288100208768268,0.9716024340770791,0.346442151014993,0.1524008350730689
token_confidence,480,0.973630831643002,0.9884723906994152,0.8291666666666667,0.973630831643002,0.3428459684645006,0.15208333333333332
token_confidence,481,0.9756592292089249,0.9886156716268246,0.8295218295218295,0.9756592292089249,0.3348171043849988,0.15176715176715178
token_confidence,482,0.9776876267748479,0.989749593828138,0.8298755186721992,0.9776876267748479,0.3110245319701318,0.15145228215767634
token_confidence,483,0.9797160243407708,0.9898232052610182,0.8302277432712215,0.9797160243407708,0.2962311571844457,0.15320910973084886
token_confidence,484,0.9817444219066938,0.9899652008712024,0.8305785123966942,0.9817444219066938,0.2883687537045315,0.15495867768595042
token_confidence,485,0.9837728194726166,0.9900280624866534,0.8309278350515464,0.9837728194726166,0.2818380394665729,0.15670103092783505
token_confidence,486,0.9858012170385395,0.990333485829338,0.831275720164609,0.9858012170385395,0.2709722076137273,0.15637860082304528
token_confidence,487,0.9878296146044625,0.9913888404133944,0.8316221765913757,0.9878296146044625,0.2685866601652297,0.15811088295687886
token_confidence,488,0.9898580121703854,0.9917210091631288,0.8319672131147541,0.9898580121703854,0.2220480440833107,0.1598360655737705
token_confidence,489,0.9918864097363083,0.9917218017408802,0.8323108384458078,0.9918864097363083,0.2118888918032617,0.16155419222903886
token_confidence,490,0.9939148073022313,0.9921898557986591,0.8326530612244898,0.9939148073022313,0.2112963259188244,0.16326530612244897
token_confidence,491,0.9959432048681541,0.9932299596230224,0.8329938900203666,0.9959432048681541,0.19320026005876,0.164969450101833
token_confidence,492,0.9979716024340771,0.9940469671427976,0.8333333333333334,0.9979716024340771,0.1879861525274755,0.16666666666666666
token_confidence,493,1.0,0.9944510342227556,0.8336713995943205,1.0,0.1259358440497395,0.1663286004056795
attention,1,0.002028397565922921,0.1134317582117499,0.0,0.002028397565922921,0.9999985355512814,0.0
attention,2,0.004056795131845842,0.1696966507403719,0.0,0.004056795131845842,0.9999975322000776,0.0
attention,3,0.006085192697768763,0.194330907833819,0.0,0.006085192697768763,0.9999969107994644,0.0
attention,4,0.008113590263691683,0.1966058512647323,0.0,0.008113590263691683,0.9999962213190182,0.0
attention,5,0.010141987829614604,0.2007127598750358,0.0,0.010141987829614604,0.9999958203878456,0.0
attention,6,0.012170385395537525,0.210727664122044,0.0,0.012170385395537525,0.9999957762313544,0.0
attention,7,0.014198782961460446,0.2164425161771598,0.0,0.014198782961460446,0.9999957184568012,0.0
attention,8,0.016227180527383367,0.2180294585450545,0.0,0.016227180527383367,0.9999949893115122,0.0
attention,9,0.018255578093306288,0.2237354334032225,0.0,0.018255578093306288,0.9999922313259378,0.0
attention,10,0.02028397565922921,0.2448171172696751,0.0,0.02028397565922921,0.9999914345311436,0.0
attention,11,0.02231237322515213,0.2509573054755278,0.0,0.02231237322515213,0.9999913409569632,0.0
attention,12,0.02434077079107505,0.2529576949403503,0.08333333333333333,0.02434077079107505,0.9999904210599568,0.0
attention,13,0.02636916835699797,0.2559532670864899,0.07692307692307693,0.02636916835699797,0.9999896675452004,0.0
attention,14,0.028397565922920892,0.2560859044127829,0.07142857142857142,0.028397565922920892,0.9999867625509644,0.0
attention,15,0.030425963488843813,0.260619325888855,0.06666666666666667,0.030425963488843813,0.9999860693214756,0.0
attention,16,0.032454361054766734,0.2722915361785954,0.0625,0.032454361054766734,0.999981798020906,0.0
attention,17,0.034482758620689655,0.2805746795008072,0.11764705882352941,0.034482758620689655,0.999979007538476,0.0
attention,18,0.036511156186612576,0.2836512476018117,0.1111111111111111,0.036511156186612576,0.9999780971742636,0.0
attention,19,0.038539553752535496,0.2846075325574002,0.10526315789473684,0.038539553752535496,0.9999756757262666,0.0
attention,20,0.04056795131845842,0.2895784925672018,0.15,0.04056795131845842,0.999975607488337,0.0
attention,21,0.04259634888438134,0.2924456199250762,0.19047619047619047,0.04259634888438134,0.9999717080254296,0.0
attention,22,0.04462474645030426,0.2930029047049799,0.18181818181818182,0.04462474645030426,0.9999704352996728,0.0
attention,23,0.04665314401622718,0.3002421808187502,0.17391304347826086,0.04665314401622718,0.9999669115376792,0.0
attention,24,0.0486815415821501,0.3018850991629923,0.16666666666666666,0.0486815415821501,0.999963923992363,0.0
attention,25,0.05070993914807302,0.3086576999802554,0.2,0.05070993914807302,0.999961905052073,0.0
attention,26,0.05273833671399594,0.3180909378436476,0.19230769230769232,0.05273833671399594,0.999957423722942,0.0
attention,27,0.05476673427991886,0.3247736494143196,0.18518518518518517,0.05476673427991886,0.9999570920601192,0.0
attention,28,0.056795131845841784,0.3265234722651092,0.17857142857142858,0.056795131845841784,0.9999557899407644,0.0
attention,29,0.058823529411764705,0.3414113292498713,0.1724137931034483,0.058823529411764705,0.9999537599600666,0.0
attention,30,0.060851926977687626,0.3426473282895227,0.16666666666666666,0.060851926977687626,0.999950251110088,0.0
attention,31,0.06288032454361055,0.3449893113930956,0.16129032258064516,0.06288032454361055,0.9999496342035432,0.0
attention,32,0.06490872210953347,0.3450782580378703,0.1875,0.06490872210953347,0.9999430679972442,0.0
attention,33,0.06693711967545639,0.3536642170223963,0.21212121212121213,0.06693711967545639,0.999939160616101,0.0
attention,34,0.06896551724137931,0.3597720134366947,0.20588235294117646,0.06896551724137931,0.9999325317725584,0.0
attention,35,0.07099391480730223,0.3605983147489637,0.2,0.07099391480730223,0.9999299412546742,0.0
attention,36,0.07302231237322515,0.3622827162425128,0.19444444444444445,0.07302231237322515,0.9999216352123232,0.0
attention,37,0.07505070993914807,0.3627073754735375,0.1891891891891892,0.07505070993914807,0.9999199846771007,0.0
attention,38,0.07707910750507099,0.3661238238682696,0.21052631578947367,0.07707910750507099,0.9999148673058788,0.0
attention,39,0.07910750507099391,0.3690392459059232,0.23076923076923078,0.07910750507099391,0.9999084597723312,0.0
attention,40,0.08113590263691683,0.3788573801010452,0.225,0.08113590263691683,0.9998955180699696,0.0
attention,41,0.08316430020283976,0.3827062269770162,0.21951219512195122,0.08316430020283976,0.999889603151122,0.0
attention,42,0.08519269776876268,0.3864145978217965,0.21428571428571427,0.08519269776876268,0.9998870188485272,0.0
attention,43,0.0872210953346856,0.3921370911418439,0.20930232558139536,0.0872210953346856,0.999886419590137,0.0
attention,44,0.08924949290060852,0.3953783081192935,0.20454545454545456,0.08924949290060852,0.9998803964324364,0.0
attention,45,0.09127789046653144,0.4009837720025073,0.2,0.09127789046653144,0.9998772269492,0.0
attention,46,0.09330628803245436,0.4056521576605531,0.21739130434782608,0.09330628803245436,0.9998762906441186,0.0
attention,47,0.09533468559837728,0.4097843570107048,0.2127659574468085,0.09533468559837728,0.9998566791968234,0.0
attention,48,0.0973630831643002,0.4164236931215302,0.20833333333333334,0.0973630831643002,0.999849042391352,0.0
attention,49,0.09939148073022312,0.4382657514842966,0.20408163265306123,0.09939148073022312,0.9998419912619864,0.0
attention,50,0.10141987829614604,0.4396987964636351,0.22,0.10141987829614604,0.999836425133132,0.0
attention,51,0.10344827586206896,0.4466224622166042,0.23529411764705882,0.10344827586206896,0.9998228987944204,0.0
attention,52,0.10547667342799188,0.45513543403544,0.25,0.10547667342799188,0.9998218327696036,0.0
attention,53,0.1075050709939148,0.4574966676112389,0.24528301886792453,0.1075050709939148,0.9998127394462614,0.0
attention,54,0.10953346855983773,0.4647787285555378,0.24074074074074073,0.10953346855983773,0.9997942206972082,0.0
attention,55,0.11156186612576065,0.4677699850179437,0.23636363636363636,0.11156186612576065,0.999771747463678,0.0
attention,56,0.11359026369168357,0.4705050152508205,0.23214285714285715,0.11359026369168357,0.9997527925526448,0.0
attention,57,0.11561866125760649,0.483007006798083,0.22807017543859648,0.11561866125760649,0.9997451763683716,0.0
attention,58,0.11764705882352941,0.4837945567377205,0.2413793103448276,0.11764705882352941,0.9997247392586048,0.0
attention,59,0.11967545638945233,0.4845816167828656,0.2542372881355932,0.11967545638945233,0.9996869874929492,0.0
attention,60,0.12170385395537525,0.4889960999704381,0.26666666666666666,0.12170385395537525,0.9996798350509518,0.0
attention,61,0.12373225152129817,0.493012173817115,0.26229508196721313,0.12373225152129817,0.9996775571856724,0.0
attention,62,0.1257606490872211,0.4975789001541518,0.27419354838709675,0.1257606490872211,0.9996696180760922,0.0
attention,63,0.12778904665314403,0.4988184531344705,0.2698412698412698,0.12778904665314403,0.9996544217634906,0.0
attention,64,0.12981744421906694,0.500002961164426,0.28125,0.12981744421906694,0.9996271015523764,0.0
attention,65,0.13184584178498987,0.5252357315644278,0.2923076923076923,0.13184584178498987,0.9996225176308836,0.0
attention,66,0.13387423935091278,0.5268492687751961,0.2878787878787879,0.13387423935091278,0.9995987218924208,0.0
attention,67,0.1359026369168357,0.5279610975063213,0.29850746268656714,0.1359026369168357,0.999598155783168,0.0
attention,68,0.13793103448275862,0.53258098711927,0.3088235294117647,0.13793103448275862,0.9995979266845808,0.0
attention,69,0.13995943204868155,0.5401615732695726,0.30434782608695654,0.13995943204868155,0.9995713702394804,0.0
attention,70,0.14198782961460446,0.5512371307314997,0.3142857142857143,0.14198782961460446,0.9995625917914064,0.0
attention,71,0.1440162271805274,0.5820072934927746,0.323943661971831,0.1440162271805274,0.9995522641015372,0.0
attention,72,0.1460446247464503,0.5839166766487015,0.3194444444444444,0.1460446247464503,0.9995062310667546,0.0
attention,73,0.14807302231237324,0.5877864243614057,0.3287671232876712,0.14807302231237324,0.9995055471385452,0.0
attention,74,0.15010141987829614,0.5880321150792645,0.33783783783783783,0.15010141987829614,0.9994841892791894,0.0
attention,75,0.15212981744421908,0.5917023109362336,0.3333333333333333,0.15212981744421908,0.99944419159548,0.0
attention,76,0.15415821501014199,0.5929010692670437,0.32894736842105265,0.15415821501014199,0.9994207963465426,0.0
attention,77,0.15618661257606492,0.5942653381762536,0.3246753246753247,0.15618661257606492,0.9993614748575363,0.0
attention,78,0.15821501014198783,0.5970691698454813,0.3333333333333333,0.15821501014198783,0.999356591830335,0.0
attention,79,0.16024340770791076,0.6170739528226061,0.34177215189873417,0.16024340770791076,0.9993504003930292,0.0
attention,80,0.16227180527383367,0.6194748846644744,0.3375,0.16227180527383367,0.9993475248786624,0.0
attention,81,0.1643002028397566,0.6203949269011246,0.345679012345679,0.1643002028397566,0.9992939053652332,0.0
attention,82,0.1663286004056795,0.6227314020554983,0.34146341463414637,0.1663286004056795,0.9992402703376428,0.0
attention,83,0.16835699797160245,0.6276522765274232,0.3373493975903614,0.16835699797160245,0.9992339428525708,0.0
attention,84,0.17038539553752535,0.6356106038806151,0.3333333333333333,0.17038539553752535,0.9992309395457392,0.0
attention,85,0.1724137931034483,0.6566408648367462,0.32941176470588235,0.1724137931034483,0.999172205428065,0.0
attention,86,0.1744421906693712,0.6594516573832613,0.3372093023255814,0.1744421906693712,0.9990979122762724,0.0
attention,87,0.17647058823529413,0.6698284705156812,0.3448275862068966,0.17647058823529413,0.99908609001903,0.0
attention,88,0.17849898580121704,0.6734677484254616,0.3522727272727273,0.17849898580121704,0.9990030078484672,0.0
attention,89,0.18052738336713997,0.6800797124256306,0.34831460674157305,0.18052738336713997,0.9989470642139292,0.0
attention,90,0.18255578093306288,0.6844252622047761,0.34444444444444444,0.18255578093306288,0.9988479031359134,0.0
attention,91,0.1845841784989858,0.6876360411669981,0.3516483516483517,0.1845841784989858,0.998845139009241,0.0
attention,92,0.18661257606490872,0.6927264401881904,0.34782608695652173,0.18661257606490872,0.9988351157004058,0.0
attention,93,0.18864097363083165,0.6937726129109376,0.3548387096774194,0.18864097363083165,0.9988298878440668,0.0
attention,94,0.19066937119675456,0.6944416717390489,0.3617021276595745,0.19066937119675456,0.9987702464072402,0.0
attention,95,0.1926977687626775,0.7039590424102289,0.3684210526315789,0.1926977687626775,0.9987606853203764,0.0
attention,96,0.1947261663286004,0.7220374526419786,0.375,0.1947261663286004,0.9987598324669416,0.0
attention,97,0.19675456389452334,0.7294322779272121,0.38144329896907214,0.19675456389452334,0.9987465075197977,0.0
attention,98,0.19878296146044624,0.7340401963681357,0.3877551020408163,0.19878296146044624,0.9986632820563176,0.0
attention,99,0.20081135902636918,0.7356660369570539,0.3939393939393939,0.20081135902636918,0.9986328211061628,0.0
attention,100,0.2028397565922921,0.7382034261722352,0.4,0.2028397565922921,0.9985074991180624,0.0
attention,101,0.20486815415821502,0.7430590664469402,0.40594059405940597,0.20486815415821502,0.9985041856202144,0.0
attention,102,0.20689655172413793,0.74909979740633,0.4117647058823529,0.20689655172413793,0.9984788951988736,0.0
attention,103,0.20892494929006086,0.7513325030180571,0.4174757281553398,0.20892494929006086,0.9983751342938498,0.0
attention,104,0.21095334685598377,0.755896265381216,0.41346153846153844,0.21095334685598377,0.9982792528956796,0.0
attention,105,0.2129817444219067,0.7567055084044821,0.41904761904761906,0.2129817444219067,0.9982271558508858,0.0
attention,106,0.2150101419878296,0.7586869101516687,0.42452830188679247,0.2150101419878296,0.9981436145087814,0.0
attention,107,0.21703853955375255,0.7608312184450876,0.42990654205607476,0.21703853955375255,0.9981396341747086,0.0
attention,108,0.21906693711967545,0.7652670042326881,0.4351851851851852,0.21906693711967545,0.9981005983556854,0.0
attention,109,0.2210953346855984,0.7662523662713152,0.43119266055045874,0.2210953346855984,0.9979971638240852,0.0
attention,110,0.2231237322515213,0.7675996696110853,0.43636363636363634,0.2231237322515213,0.9979955597802924,0.0
attention,111,0.22515212981744423,0.7681513505545677,0.44144144144144143,0.22515212981744423,0.997985552691094,0.0
attention,112,0.22718052738336714,0.7724909521577857,0.44642857142857145,0.22718052738336714,0.99790285729483,0.0
attention,113,0.22920892494929007,0.7748731060634864,0.45132743362831856,0.22920892494929007,0.9978587430240388,0.0
attention,114,0.23123732251521298,0.7771339778440892,0.4473684210526316,0.23123732251521298,0.997787429888799,0.0
attention,115,0.2332657200811359,0.7771410382035691,0.45217391304347826,0.2332657200811359,0.9977492373097998,0.0
attention,116,0.23529411764705882,0.7791829864984915,0.4482758620689655,0.23529411764705882,0.9977254175564912,0.0
attention,117,0.23732251521298176,0.7794818217242871,0.452991452991453,0.23732251521298176,0.9976857239172748,0.0
attention,118,0.23935091277890466,0.7808990120836371,0.4576271186440678,0.23935091277890466,0.9976676415388744,0.0
attention,119,0.2413793103448276,0.7856634680834699,0.46218487394957986,0.2413793103448276,0.9976240852583388,0.0
attention,120,0.2434077079107505,0.789816666496749,0.4666666666666667,0.2434077079107505,0.9975033287882124,0.0
attention,121,0.24543610547667344,0.7965332476592135,0.47107438016528924,0.24543610547667344,0.9974412010132688,0.0
attention,122,0.24746450304259635,0.7979173003184594,0.47540983606557374,0.24746450304259635,0.9974329828530524,0.0
attention,123,0.24949290060851928,0.79815289036294,0.4796747967479675,0.24949290060851928,0.9972693739747368,0.0
attention,124,0.2515212981744422,0.7981662291475815,0.47580645161290325,0.2515212981744422,0.9972494399475624,0.0
attention,125,0.2535496957403651,0.8002605260247857,0.48,0.2535496957403651,0.9969122950432644,0.0
attention,126,0.25557809330628806,0.8025567255839214,0.48412698412698413,0.25557809330628806,0.9969074929176842,0.0
attention,127,0.25760649087221094,0.8048094001624194,0.4881889763779528,0.25760649087221094,0.9967881454771068,0.0
attention,128,0.25963488843813387,0.8050474587932613,0.4921875,0.25963488843813387,0.9966423618374476,0.0
attention,129,0.2616632860040568,0.8107633487985123,0.49612403100775193,0.2616632860040568,0.9965608876607362,0.0
attention,130,0.26369168356997974,0.8156627030132089,0.5,0.26369168356997974,0.9965295337771368,0.0
attention,131,0.2657200811359026,0.817862814086151,0.5038167938931297,0.2657200811359026,0.9962846864473252,0.0
attention,132,0.26774847870182555,0.8180454924390971,0.5075757575757576,0.26774847870182555,0.9962770331426556,0.0
attention,133,0.2697768762677485,0.8196041704391173,0.5112781954887218,0.2697768762677485,0.9962001226095372,0.0
attention,134,0.2718052738336714,0.8204432946623137,0.5074626865671642,0.2718052738336714,0.9958041355277168,0.0
attention,135,0.2738336713995943,0.835421673646604,0.5037037037037037,0.2738336713995943,0.9958032593672344,0.0
attention,136,0.27586206896551724,0.8388318083587171,0.5073529411764706,0.27586206896551724,0.9956529574153464,0.0
attention,137,0.2778904665314402,0.8404779708079295,0.5109489051094891,0.2778904665314402,0.9955913988960046,0.0
attention,138,0.2799188640973631,0.8422198310040602,0.5144927536231884,0.2799188640973631,0.995016629862719,0.0
attention,139,0.281947261663286,0.8425646752765416,0.5107913669064749,0.281947261663286,0.9947380357946894,0.0
attention,140,0.2839756592292089,0.8431607965010617,0.5071428571428571,0.2839756592292089,0.9946581082541328,0.0
attention,141,0.28600405679513186,0.8435675299615361,0.5106382978723404,0.28600405679513186,0.9946337114917556,0.0
attention,142,0.2880324543610548,0.8462318155229437,0.5140845070422535,0.2880324543610548,0.9945529881111052,0.0
attention,143,0.29006085192697767,0.8545846549171263,0.5174825174825175,0.29006085192697767,0.9944805712155088,0.0
attention,144,0.2920892494929006,0.8547859635723947,0.5208333333333334,0.2920892494929006,0.9943545947377428,0.0
attention,145,0.29411764705882354,0.8589053493964216,0.5241379310344828,0.29411764705882354,0.994260114576378,0.0
attention,146,0.2961460446247465,0.8593184625725054,0.5273972602739726,0.2961460446247465,0.9939956980159308,0.00684931506849315
attention,147,0.29817444219066935,0.8598125064983684,0.5306122448979592,0.29817444219066935,0.9939859319253418,0.006802721088435374
attention,148,0.3002028397565923,0.8605491183088373,0.5337837837837838,0.3002028397565923,0.9939199210126588,0.006756756756756757
attention,149,0.3022312373225152,0.8632444092820252,0.5369127516778524,0.3022312373225152,0.9938713242180393,0.006711409395973154
attention,150,0.30425963488843816,0.8644657331992879,0.5333333333333333,0.30425963488843816,0.9935026166021595,0.006666666666666667
attention,151,0.30628803245436104,0.8647328855173505,0.5298013245033113,0.30628803245436104,0.9931618133520212,0.006622516556291391
attention,152,0.30831643002028397,0.8647401897145153,0.5328947368421053,0.30831643002028397,0.9931088193032735,0.006578947368421052
attention,153,0.3103448275862069,0.8654035313204115,0.5359477124183006,0.3103448275862069,0.9930680128534508,0.006535947712418301
attention,154,0.31237322515212984,0.8660354119480573,0.538961038961039,0.31237322515212984,0.9929822282649904,0.006493506493506494
attention,155,0.3144016227180527,0.8663516962105914,0.5419354838709678,0.3144016227180527,0.9927204774688416,0.0064516129032258064
attention,156,0.31643002028397565,0.8673097853122054,0.5448717948717948,0.31643002028397565,0.9926859720025673,0.00641025641025641
attention,157,0.3184584178498986,0.8673248127395273,0.5477707006369427,0.3184584178498986,0.9924759326609872,0.006369426751592357
attention,158,0.3204868154158215,0.8687956808921266,0.5506329113924051,0.3204868154158215,0.9923998896194164,0.006329113924050633
attention,159,0.3225152129817444,0.870755766026616,0.5534591194968553,0.3225152129817444,0.9922569739726552,0.006289308176100629
attention,160,0.32454361054766734,0.8708127083885794,0.55625,0.32454361054766734,0.9920678384108178,0.00625
attention,161,0.3265720081135903,0.8743279745527346,0.5590062111801242,0.3265720081135903,0.9919365249312064,0.006211180124223602
attention,162,0.3286004056795132,0.8747263106056593,0.5617283950617284,0.3286004056795132,0.9919020278310796,0.006172839506172839
attention,163,0.3306288032454361,0.8750226103871965,0.5644171779141104,0.3306288032454361,0.9918765602619548,0.006134969325153374
attention,164,0.332657200811359,0.8762407032990337,0.5670731707317073,0.332657200811359,0.9915616926410884,0.006097560975609756
attention,165,0.33468559837728196,0.8799812981804075,0.5696969696969697,0.33468559837728196,0.9915045500154936,0.006060606060606061
attention,166,0.3367139959432049,0.8814481273974851,0.572289156626506,0.3367139959432049,0.9912622199056146,0.006024096385542169
attention,167,0.33874239350912777,0.8824221236901777,0.5688622754491018,0.33874239350912777,0.9909967747248308,0.005988023952095809
attention,168,0.3407707910750507,0.8839297854929502,0.5714285714285714,0.3407707910750507,0.9908420331167485,0.005952380952380952
attention,169,0.34279918864097364,0.8854065035896814,0.5739644970414202,0.34279918864097364,0.9907379650376172,0.005917159763313609
attention,170,0.3448275862068966,0.8861776818630175,0.5764705882352941,0.3448275862068966,0.990708493557952,0.0058823529411764705
attention,171,0.34685598377281945,0.8877401078552366,0.5789473684210527,0.34685598377281945,0.9906923347478735,0.005847953216374269
attention,172,0.3488843813387424,0.8880061681044445,0.5813953488372093,0.3488843813387424,0.990429341604054,0.005813953488372093
attention,173,0.3509127789046653,0.8885237295758417,0.5838150289017341,0.3509127789046653,0.9896916017577652,0.005780346820809248
attention,174,0.35294117647058826,0.8889635365818156,0.5862068965517241,0.35294117647058826,0.989272095656544,0.005747126436781609
attention,175,0.35496957403651114,0.8895779583365538,0.5885714285714285,0.35496957403651114,0.9892160186205124,0.005714285714285714
attention,176,0.35699797160243407,0.890051078051882,0.5909090909090909,0.35699797160243407,0.9889076053377076,0.005681818181818182
attention,177,0.359026369168357,0.8909278343993554,0.5932203389830508,0.359026369168357,0.9887625474853048,0.005649717514124294
attention,178,0.36105476673427994,0.891605504800759,0.5898876404494382,0.36105476673427994,0.988373756982476,0.0056179775280898875
attention,179,0.3630831643002028,0.8948667961448703,0.5921787709497207,0.3630831643002028,0.9882675065997624,0.00558659217877095
attention,180,0.36511156186612576,0.8948837133358806,0.5944444444444444,0.36511156186612576,0.9878736308934052,0.005555555555555556
attention,181,0.3671399594320487,0.8954332686300018,0.5966850828729282,0.3671399594320487,0.9877942146746554,0.0055248618784530384
attention,182,0.3691683569979716,0.8962514127822228,0.5989010989010989,0.3691683569979716,0.987710758969107,0.005494505494505495
attention,183,0.3711967545638945,0.8963489847766074,0.6010928961748634,0.3711967545638945,0.9869733105426866,0.01092896174863388
attention,184,0.37322515212981744,0.8990674735495311,0.6032608695652174,0.37322515212981744,0.9869654711890202,0.010869565217391304
attention,185,0.3752535496957404,0.9021730731421488,0.6054054054054054,0.3752535496957404,0.9858903219676916,0.010810810810810811
attention,186,0.3772819472616633,0.903120034724286,0.6021505376344086,0.3772819472616633,0.9858846080639626,0.010752688172043012
attention,187,0.3793103448275862,0.9031239105843532,0.6042780748663101,0.3793103448275862,0.985327320328997,0.0106951871657754
attention,188,0.3813387423935091,0.9036484289310628,0.6063829787234043,0.3813387423935091,0.9852021148753898,0.010638297872340425
attention,189,0.38336713995943206,0.9042588777069016,0.6084656084656085,0.38336713995943206,0.9851839494060824,0.010582010582010581
attention,190,0.385395537525355,0.9065431751236908,0.6105263157894737,0.385395537525355,0.9844519617617548,0.010526315789473684
attention,191,0.38742393509127787,0.9086155236308572,0.6073298429319371,0.38742393509127787,0.9840856411449964,0.010471204188481676
attention,192,0.3894523326572008,0.9086393479382612,0.609375,0.3894523326572008,0.9839897693001474,0.010416666666666666
attention,193,0.39148073022312374,0.9091307005352484,0.6113989637305699,0.39148073022312374,0.9835586698716428,0.010362694300518135
attention,194,0.3935091277890467,0.9145090936835372,0.6134020618556701,0.3935091277890467,0.9835040296437346,0.010309278350515464
attention,195,0.39553752535496955,0.916356440165718,0.6102564102564103,0.39553752535496955,0.982770855105825,0.010256410256410256
attention,196,0.3975659229208925,0.918735803244787,0.6122448979591837,0.3975659229208925,0.9821384484385184,0.01020408163265306
attention,197,0.3995943204868154,0.9190508294420217,0.6142131979695431,0.3995943204868154,0.9813951402266076,0.01015228426395939
attention,198,0.40162271805273836,0.91987918306297,0.6161616161616161,0.40162271805273836,0.9813237509716772,0.010101010101010102
attention,199,0.40365111561866124,0.9225070286465124,0.6180904522613065,0.40365111561866124,0.9809586951525175,0.010050251256281407
attention,200,0.4056795131845842,0.9226160820809328,0.62,0.4056795131845842,0.980870272583104,0.01
attention,201,0.4077079107505071,0.9235912891885276,0.6218905472636815,0.4077079107505071,0.980452717890212,0.009950248756218905
attention,202,0.40973630831643004,0.924212071200937,0.6237623762376238,0.40973630831643004,0.9802517209394966,0.009900990099009901
attention,203,0.4117647058823529,0.9243228417823002,0.625615763546798,0.4117647058823529,0.9802171704666796,0.009852216748768473
attention,204,0.41379310344827586,0.924681560681886,0.6274509803921569,0.41379310344827586,0.9788984465294568,0.00980392156862745
attention,205,0.4158215010141988,0.9274573472258696,0.6292682926829268,0.4158215010141988,0.9785359918194542,0.00975609756097561
attention,206,0.4178498985801217,0.9277749041874268,0.6310679611650486,0.4178498985801217,0.9783046167358792,0.009708737864077669
attention,207,0.4198782961460446,0.9287195235679376,0.6328502415458938,0.4198782961460446,0.9781273893283026,0.00966183574879227
attention,208,0.42190669371196754,0.9298366841904048,0.6346153846153846,0.42190669371196754,0.9778342358326292,0.009615384615384616
attention,209,0.4239350912778905,0.9316476896870868,0.6363636363636364,0.4239350912778905,0.9777650387510016,0.009569377990430622
attention,210,0.4259634888438134,0.9349030989943796,0.638095238095238,0.4259634888438134,0.9776107809579552,0.009523809523809525
attention,211,0.4279918864097363,0.9353077408712404,0.6398104265402843,0.4279918864097363,0.977466041318478,0.009478672985781991
attention,212,0.4300202839756592,0.935995586141006,0.6415094339622641,0.4300202839756592,0.977276785266642,0.009433962264150943
attention,213,0.43204868154158216,0.9362500845146644,0.6431924882629108,0.43204868154158216,0.9772737694378076,0.009389671361502348
attention,214,0.4340770791075051,0.937680852811232,0.6448598130841121,0.4340770791075051,0.9764343792343368,0.009345794392523364
attention,215,0.43610547667342797,0.9376832398264344,0.6465116279069767,0.43610547667342797,0.975536381091301,0.009302325581395349
attention,216,0.4381338742393509,0.9377498733799152,0.6481481481481481,0.4381338742393509,0.9754075471434716,0.009259259259259259
attention,217,0.44016227180527384,0.9378250115158278,0.6497695852534562,0.44016227180527384,0.9751428033151932,0.009216589861751152
attention,218,0.4421906693711968,0.9379825016261064,0.6513761467889908,0.4421906693711968,0.9748046910539128,0.009174311926605505
attention,219,0.44421906693711966,0.9388983104982284,0.6529680365296804,0.44421906693711966,0.974645444496364,0.0091324200913242
attention,220,0.4462474645030426,0.9390589028078898,0.6545454545454545,0.4462474645030426,0.9740520771678391,0.00909090909090909
attention,221,0.4482758620689655,0.9393712894261228,0.6561085972850679,0.4482758620689655,0.9737138944770604,0.00904977375565611
attention,222,0.45030425963488846,0.9397277441015888,0.6576576576576577,0.45030425963488846,0.9734942650390604,0.009009009009009009
attention,223,0.45233265720081134,0.939926231835141,0.6591928251121076,0.45233265720081134,0.9731488008260488,0.008968609865470852
attention,224,0.4543610547667343,0.9400254660664228,0.6607142857142857,0.4543610547667343,0.972752605883184,0.008928571428571428
attention,225,0.4563894523326572,0.9412025630192744,0.6622222222222223,0.4563894523326572,0.9725283705923888,0.008888888888888889
attention,226,0.45841784989858014,0.9415870043640006,0.6637168141592921,0.45841784989858014,0.9715222194456384,0.008849557522123894
attention,227,0.460446247464503,0.9417093672197324,0.6651982378854625,0.460446247464503,0.9713906961682957,0.00881057268722467
attention,228,0.46247464503042596,0.9425188072164516,0.6666666666666666,0.46247464503042596,0.9706223988673748,0.008771929824561403
attention,229,0.4645030425963489,0.9434359776000592,0.6681222707423581,0.4645030425963489,0.9699924792936518,0.008733624454148471
attention,230,0.4665314401622718,0.944768219188023,0.6695652173913044,0.4665314401622718,0.969965662968868,0.008695652173913044
attention,231,0.4685598377281947,0.945800201447044,0.670995670995671,0.4685598377281947,0.969402356537598,0.008658008658008658
attention,232,0.47058823529411764,0.9458008175253492,0.6724137931034483,0.47058823529411764,0.9691628692968196,0.008620689655172414
attention,233,0.4726166328600406,0.946958941085446,0.6738197424892703,0.4726166328600406,0.9690681282906918,0.008583690987124463
attention,234,0.4746450304259635,0.9479111094503252,0.6752136752136753,0.4746450304259635,0.969032820991074,0.01282051282051282
attention,235,0.4766734279918864,0.9484453931253074,0.676595744680851,0.4766734279918864,0.9678832092951168,0.01276595744680851
attention,236,0.4787018255578093,0.949032048201024,0.6779661016949152,0.4787018255578093,0.967879348711263,0.012711864406779662
attention,237,0.48073022312373226,0.950753091077098,0.679324894514768,0.48073022312373226,0.967538262062974,0.016877637130801686
attention,238,0.4827586206896552,0.9529589598752878,0.680672268907563,0.4827586206896552,0.967420922247575,0.02100840336134454
attention,239,0.4847870182555781,0.9541873516780222,0.6820083682008368,0.4847870182555781,0.9659183398255048,0.02092050209205021
attention,240,0.486815415821501,0.956563139640665,0.6833333333333333,0.486815415821501,0.9655316768664246,0.020833333333333332
attention,241,0.48884381338742394,0.9568663913091724,0.6846473029045643,0.48884381338742394,0.9649941247425724,0.02074688796680498
attention,242,0.4908722109533469,0.9569266692678328,0.6859504132231405,0.4908722109533469,0.96365302675932,0.02066115702479339
attention,243,0.49290060851926976,0.9574689185784564,0.6872427983539094,0.49290060851926976,0.9632465666382778,0.0205761316872428
attention,244,0.4949290060851927,0.957683693932312,0.6885245901639344,0.4949290060851927,0.9625308255324674,0.020491803278688523
attention,245,0.4969574036511156,0.959609982579818,0.689795918367347,0.4969574036511156,0.9624927354628752,0.02040816326530612
attention,246,0.49898580121703856,0.960310543243103,0.6910569105691057,0.49898580121703856,0.962385504435872,0.024390243902439025
attention,247,0.5010141987829615,0.9621678093141612,0.6923076923076923,0.5010141987829615,0.9621678093141612,0.024291497975708502
attention,248,0.5030425963488844,0.962385504435872,0.6895161290322581,0.5030425963488844,0.960310543243103,0.024193548387096774
attention,249,0.5050709939148073,0.9624927354628752,0.6907630522088354,0.5050709939148073,0.959609982579818,0.024096385542168676
attention,250,0.5070993914807302,0.9625308255324674,0.692,0.5070993914807302,0.957683693932312,0.024
attention,251,0.5091277890466531,0.9632465666382778,0.6932270916334662,0.5091277890466531,0.9574689185784564,0.02390438247011952
attention,252,0.5111561866125761,0.96365302675932,0.6944444444444444,0.5111561866125761,0.9569266692678328,0.023809523809523808
attention,253,0.513184584178499,0.9649941247425724,0.6956521739130435,0.513184584178499,0.9568663913091724,0.023715415019762844
attention,254,0.5152129817444219,0.9655316768664246,0.6968503937007874,0.5152129817444219,0.956563139640665,0.023622047244094488
attention,255,0.5172413793103449,0.9659183398255048,0.6980392156862745,0.5172413793103449,0.9541873516780222,0.023529411764705882
attention,256,0.5192697768762677,0.967420922247575,0.6953125,0.5192697768762677,0.9529589598752878,0.0234375
attention,257,0.5212981744421906,0.967538262062974,0.6926070038910506,0.5212981744421906,0.950753091077098,0.023346303501945526
attention,258,0.5233265720081136,0.967879348711263,0.6937984496124031,0.5233265720081136,0.949032048201024,0.023255813953488372
attention,259,0.5253549695740365,0.9678832092951168,0.694980694980695,0.5253549695740365,0.9484453931253074,0.023166023166023165
attention,260,0.5273833671399595,0.969032820991074,0.6923076923076923,0.5273833671399595,0.9479111094503252,0.023076923076923078
attention,261,0.5294117647058824,0.9690681282906918,0.6934865900383141,0.5294117647058824,0.946958941085446,0.022988505747126436
attention,262,0.5314401622718052,0.9691628692968196,0.6946564885496184,0.5314401622718052,0.9458008175253492,0.022900763358778626
attention,263,0.5334685598377282,0.969402356537598,0.6958174904942965,0.5334685598377282,0.945800201447044,0.022813688212927757
attention,264,0.5354969574036511,0.969965662968868,0.696969696969697,0.5354969574036511,0.944768219188023,0.022727272727272728
attention,265,0.537525354969574,0.9699924792936518,0.6981132075471698,0.537525354969574,0.9434359776000592,0.022641509433962263
attention,266,0.539553752535497,0.9706223988673748,0.6992481203007519,0.539553752535497,0.9425188072164516,0.022556390977443608
attention,267,0.5415821501014199,0.9713906961682957,0.700374531835206,0.5415821501014199,0.9417093672197324,0.02247191011235955
attention,268,0.5436105476673428,0.9715222194456384,0.7014925373134329,0.5436105476673428,0.9415870043640006,0.022388059701492536
attention,269,0.5456389452332657,0.9725283705923888,0.7026022304832714,0.5456389452332657,0.9412025630192744,0.022304832713754646
attention,270,0.5476673427991886,0.972752605883184,0.7037037037037037,0.5476673427991886,0.9400254660664228,0.022222222222222223
attention,271,0.5496957403651116,0.9731488008260488,0.7047970479704797,0.5496957403651116,0.939926231835141,0.02214022140221402
attention,272,0.5517241379310345,0.9734942650390604,0.7058823529411765,0.5517241379310345,0.9397277441015888,0.022058823529411766
attention,273,0.5537525354969574,0.9737138944770604,0.706959706959707,0.5537525354969574,0.9393712894261228,0.02197802197802198
attention,274,0.5557809330628803,0.9740520771678391,0.708029197080292,0.5557809330628803,0.9390589028078898,0.021897810218978103
attention,275,0.5578093306288032,0.974645444496364,0.7090909090909091,0.5578093306288032,0.9388983104982284,0.02181818181818182
attention,276,0.5598377281947262,0.9748046910539128,0.7101449275362319,0.5598377281947262,0.9379825016261064,0.021739130434782608
attention,277,0.5618661257606491,0.9751428033151932,0.7111913357400722,0.5618661257606491,0.9378250115158278,0.021660649819494584
attention,278,0.563894523326572,0.9754075471434716,0.7122302158273381,0.563894523326572,0.9377498733799152,0.02158273381294964
attention,279,0.565922920892495,0.975536381091301,0.7132616487455197,0.565922920892495,0.9376832398264344,0.021505376344086023
attention,280,0.5679513184584178,0.9764343792343368,0.7142857142857143,0.5679513184584178,0.937680852811232,0.02142857142857143
attention,281,0.5699797160243407,0.9772737694378076,0.7153024911032029,0.5699797160243407,0.9362500845146644,0.021352313167259787
attention,282,0.5720081135902637,0.977276785266642,0.7163120567375887,0.5720081135902637,0.935995586141006,0.02127659574468085
attention,283,0.5740365111561866,0.977466041318478,0.7173144876325088,0.5740365111561866,0.9353077408712404,0.02120141342756184
attention,284,0.5760649087221096,0.9776107809579552,0.7183098591549296,0.5760649087221096,0.9349030989943796,0.02112676056338028
attention,285,0.5780933062880325,0.9777650387510016,0.7192982456140351,0.5780933062880325,0.9316476896870868,0.021052631578947368
attention,286,0.5801217038539553,0.9778342358326292,0.7202797202797203,0.5801217038539553,0.9298366841904048,0.02097902097902098
attention,287,0.5821501014198783,0.9781273893283026,0.7212543554006968,0.5821501014198783,0.9287195235679376,0.020905923344947737
attention,288,0.5841784989858012,0.9783046167358792,0.7222222222222222,0.5841784989858012,0.9277749041874268,0.020833333333333332
attention,289,0.5862068965517241,0.9785359918194542,0.7231833910034602,0.5862068965517241,0.9274573472258696,0.020761245674740483
attention,290,0.5882352941176471,0.9788984465294568,0.7241379310344828,0.5882352941176471,0.924681560681886,0.020689655172413793
attention,291,0.59026369168357,0.9802171704666796,0.7250859106529209,0.59026369168357,0.9243228417823002,0.020618556701030927
attention,292,0.592292089249493,0.9802517209394966,0.726027397260274,0.592292089249493,0.924212071200937,0.02054794520547945
attention,293,0.5943204868154158,0.980452717890212,0.726962457337884,0.5943204868154158,0.9235912891885276,0.020477815699658702
attention,294,0.5963488843813387,0.980870272583104,0.7278911564625851,0.5963488843813387,0.9226160820809328,0.02040816326530612
attention,295,0.5983772819472617,0.9809586951525175,0.7288135593220338,0.5983772819472617,0.9225070286465124,0.020338983050847456
attention,296,0.6004056795131846,0.9813237509716772,0.7297297297297297,0.6004056795131846,0.91987918306297,0.02027027027027027
attention,297,0.6024340770791075,0.9813951402266076,0.7306397306397306,0.6024340770791075,0.9190508294420217,0.020202020202020204
attention,298,0.6044624746450304,0.9821384484385184,0.7315436241610739,0.6044624746450304,0.918735803244787,0.020134228187919462
attention,299,0.6064908722109533,0.982770855105825,0.7324414715719063,0.6064908722109533,0.916356440165718,0.023411371237458192
attention,300,0.6085192697768763,0.9835040296437346,0.7333333333333333,0.6085192697768763,0.9145090936835372,0.023333333333333334
attention,301,0.6105476673427992,0.9835586698716428,0.7342192691029901,0.6105476673427992,0.9091307005352484,0.023255813953488372
attention,302,0.6125760649087221,0.9839897693001474,0.7350993377483444,0.6125760649087221,0.9086393479382612,0.023178807947019868
attention,303,0.6146044624746451,0.9840856411449964,0.735973597359736,0.6146044624746451,0.9086155236308572,0.026402640264026403
attention,304,0.6166328600405679,0.9844519617617548,0.7368421052631579,0.6166328600405679,0.9065431751236908,0.02631578947368421
attention,305,0.6186612576064908,0.9851839494060824,0.7377049180327869,0.6186612576064908,0.9042588777069016,0.02622950819672131
attention,306,0.6206896551724138,0.9852021148753898,0.738562091503268,0.6206896551724138,0.9036484289310628,0.026143790849673203
attention,307,0.6227180527383367,0.985327320328997,0.739413680781759,0.6227180527383367,0.9031239105843532,0.026058631921824105
attention,308,0.6247464503042597,0.9858846080639626,0.7402597402597403,0.6247464503042597,0.903120034724286,0.02922077922077922
attention,309,0.6267748478701826,0.9858903219676916,0.7411003236245954,0.6267748478701826,0.9021730731421488,0.02912621359223301
attention,310,0.6288032454361054,0.9869654711890202,0.7419354838709677,0.6288032454361054,0.8990674735495311,0.02903225806451613
attention,311,0.6308316430020284,0.9869733105426866,0.7395498392282959,0.6308316430020284,0.8963489847766074,0.028938906752411574
attention,312,0.6328600405679513,0.987710758969107,0.7403846153846154,0.6328600405679513,0.8962514127822228,0.028846153846153848
attention,313,0.6348884381338742,0.9877942146746554,0.7412140575079872,0.6348884381338742,0.8954332686300018,0.02875399361022364
attention,314,0.6369168356997972,0.9878736308934052,0.7420382165605095,0.6369168356997972,0.8948837133358806,0.028662420382165606
attention,315,0.6389452332657201,0.9882675065997624,0.7428571428571429,0.6389452332657201,0.8948667961448703,0.02857142857142857
attention,316,0.640973630831643,0.988373756982476,0.7436708860759493,0.640973630831643,0.891605504800759,0.03164556962025317
attention,317,0.6430020283975659,0.9887625474853048,0.7444794952681388,0.6430020283975659,0.8909278343993554,0.031545741324921134
attention,318,0.6450304259634888,0.9889076053377076,0.7452830188679245,0.6450304259634888,0.890051078051882,0.031446540880503145
attention,319,0.6470588235294118,0.9892160186205124,0.7460815047021944,0.6470588235294118,0.8895779583365538,0.03134796238244514
attention,320,0.6490872210953347,0.989272095656544,0.746875,0.6490872210953347,0.8889635365818156,0.03125
attention,321,0.6511156186612576,0.9896916017577652,0.7476635514018691,0.6511156186612576,0.8885237295758417,0.03115264797507788
attention,322,0.6531440162271805,0.990429341604054,0.7484472049689441,0.6531440162271805,0.8880061681044445,0.031055900621118012
attention,323,0.6551724137931034,0.9906923347478735,0.7492260061919505,0.6551724137931034,0.8877401078552366,0.030959752321981424
attention,324,0.6572008113590264,0.990708493557952,0.75,0.6572008113590264,0.8861776818630175,0.030864197530864196
attention,325,0.6592292089249493,0.9907379650376172,0.7507692307692307,0.6592292089249493,0.8854065035896814,0.03076923076923077
attention,326,0.6612576064908722,0.9908420331167485,0.7515337423312883,0.6612576064908722,0.8839297854929502,0.03067484662576687
attention,327,0.6632860040567952,0.9909967747248308,0.7522935779816514,0.6632860040567952,0.8824221236901777,0.03363914373088685
attention,328,0.665314401622718,0.9912622199056146,0.7530487804878049,0.665314401622718,0.8814481273974851,0.03353658536585366
attention,329,0.6673427991886409,0.9915045500154936,0.7537993920972644,0.6673427991886409,0.8799812981804075,0.03343465045592705
attention,330,0.6693711967545639,0.9915616926410884,0.7545454545454545,0.6693711967545639,0.8762407032990337,0.03333333333333333
attention,331,0.6713995943204868,0.9918765602619548,0.7552870090634441,0.6713995943204868,0.8750226103871965,0.03323262839879154
attention,332,0.6734279918864098,0.9919020278310796,0.7560240963855421,0.6734279918864098,0.8747263106056593,0.03313253012048193
attention,333,0.6754563894523327,0.9919365249312064,0.7567567567567568,0.6754563894523327,0.8743279745527346,0.03303303303303303
attention,334,0.6774847870182555,0.9920678384108178,0.7574850299401198,0.6774847870182555,0.8708127083885794,0.03293413173652695
attention,335,0.6795131845841785,0.9922569739726552,0.7582089552238805,0.6795131845841785,0.870755766026616,0.03283582089552239
attention,336,0.6815415821501014,0.9923998896194164,0.7589285714285714,0.6815415821501014,0.8687956808921266,0.03273809523809524
attention,337,0.6835699797160243,0.9924759326609872,0.7596439169139466,0.6835699797160243,0.8673248127395273,0.032640949554896145
attention,338,0.6855983772819473,0.9926859720025673,0.7603550295857988,0.6855983772819473,0.8673097853122054,0.03254437869822485
attention,339,0.6876267748478702,0.9927204774688416,0.7610619469026548,0.6876267748478702,0.8663516962105914,0.032448377581120944
attention,340,0.6896551724137931,0.9929822282649904,0.7617647058823529,0.6896551724137931,0.8660354119480573,0.03235294117647059
attention,341,0.691683569979716,0.9930680128534508,0.7624633431085044,0.691683569979716,0.8654035313204115,0.03225806451612903
attention,342,0.6937119675456389,0.9931088193032735,0.7631578947368421,0.6937119675456389,0.8647401897145153,0.03216374269005848
attention,343,0.6957403651115619,0.9931618133520212,0.7638483965014577,0.6957403651115619,0.8647328855173505,0.03498542274052478
attention,344,0.6977687626774848,0.9935026166021595,0.7645348837209303,0.6977687626774848,0.8644657331992879,0.0377906976744186
attention,345,0.6997971602434077,0.9938713242180393,0.7652173913043478,0.6997971602434077,0.8632444092820252,0.03768115942028986
attention,346,0.7018255578093306,0.9939199210126588,0.7658959537572254,0.7018255578093306,0.8605491183088373,0.03757225433526012
attention,347,0.7038539553752535,0.9939859319253418,0.7665706051873199,0.7038539553752535,0.8598125064983684,0.037463976945244955
attention,348,0.7058823529411765,0.9939956980159308,0.764367816091954,0.7058823529411765,0.8593184625725054,0.03735632183908046
attention,349,0.7079107505070994,0.994260114576378,0.7650429799426934,0.7079107505070994,0.8589053493964216,0.03724928366762178
attention,350,0.7099391480730223,0.9943545947377428,0.7657142857142857,0.7099391480730223,0.8547859635723947,0.037142857142857144
attention,351,0.7119675456389453,0.9944805712155088,0.7663817663817664,0.7119675456389453,0.8545846549171263,0.037037037037037035
attention,352,0.7139959432048681,0.9945529881111052,0.7670454545454546,0.7139959432048681,0.8462318155229437,0.036931818181818184
attention,353,0.716024340770791,0.9946337114917556,0.7677053824362606,0.716024340770791,0.8435675299615361,0.036827195467422094
attention,354,0.718052738336714,0.9946581082541328,0.768361581920904,0.718052738336714,0.8431607965010617,0.03954802259887006
attention,355,0.7200811359026369,0.9947380357946894,0.7690140845070422,0.7200811359026369,0.8425646752765416,0.04225352112676056
attention,356,0.7221095334685599,0.995016629862719,0.7696629213483146,0.7221095334685599,0.8422198310040602,0.042134831460674156
attention,357,0.7241379310344828,0.9955913988960046,0.7703081232492998,0.7241379310344828,0.8404779708079295,0.04201680672268908
attention,358,0.7261663286004056,0.9956529574153464,0.770949720670391,0.7261663286004056,0.8388318083587171,0.04189944134078212
attention,359,0.7281947261663286,0.9958032593672344,0.7715877437325905,0.7281947261663286,0.835421673646604,0.04456824512534819
attention,360,0.7302231237322515,0.9958041355277168,0.7722222222222223,0.7302231237322515,0.8204432946623137,0.04722222222222222
attention,361,0.7322515212981744,0.9962001226095372,0.7728531855955678,0.7322515212981744,0.8196041704391173,0.04709141274238227
attention,362,0.7342799188640974,0.9962770331426556,0.7734806629834254,0.7342799188640974,0.8180454924390971,0.04696132596685083
attention,363,0.7363083164300203,0.9962846864473252,0.7741046831955923,0.7363083164300203,0.817862814086151,0.046831955922865015
attention,364,0.7383367139959433,0.9965295337771368,0.7747252747252747,0.7383367139959433,0.8156627030132089,0.046703296703296704
attention,365,0.7403651115618661,0.9965608876607362,0.7753424657534247,0.7403651115618661,0.8107633487985123,0.04657534246575343
attention,366,0.742393509127789,0.9966423618374476,0.7759562841530054,0.742393509127789,0.8050474587932613,0.04644808743169399
attention,367,0.744421906693712,0.9967881454771068,0.776566757493188,0.744421906693712,0.8048094001624194,0.04632152588555858
attention,368,0.7464503042596349,0.9969074929176842,0.7771739130434783,0.7464503042596349,0.8025567255839214,0.04619565217391304
attention,369,0.7484787018255578,0.9969122950432644,0.7777777777777778,0.7484787018255578,0.8002605260247857,0.04607046070460705
attention,370,0.7505070993914807,0.9972494399475624,0.7783783783783784,0.7505070993914807,0.7981662291475815,0.04864864864864865
attention,371,0.7525354969574036,0.9972693739747368,0.7789757412398922,0.7525354969574036,0.79815289036294,0.04851752021563342
attention,372,0.7545638945233266,0.9974329828530524,0.7795698924731183,0.7545638945233266,0.7979173003184594,0.04838709677419355
attention,373,0.7565922920892495,0.9974412010132688,0.7801608579088471,0.7565922920892495,0.7965332476592135,0.04825737265415549
attention,374,0.7586206896551724,0.9975033287882124,0.7807486631016043,0.7586206896551724,0.789816666496749,0.0481283422459893
attention,375,0.7606490872210954,0.9976240852583388,0.7813333333333333,0.7606490872210954,0.7856634680834699,0.048
attention,376,0.7626774847870182,0.9976676415388744,0.7819148936170213,0.7626774847870182,0.7808990120836371,0.047872340425531915
attention,377,0.7647058823529411,0.9976857239172748,0.7824933687002652,0.7647058823529411,0.7794818217242871,0.04774535809018567
attention,378,0.7667342799188641,0.9977254175564912,0.783068783068783,0.7667342799188641,0.7791829864984915,0.05026455026455026
attention,379,0.768762677484787,0.9977492373097998,0.783641160949868,0.768762677484787,0.7771410382035691,0.05013192612137203
attention,380,0.77079107505071,0.997787429888799,0.7842105263157895,0.77079107505071,0.7771339778440892,0.05263157894736842
attention,381,0.7728194726166329,0.9978587430240388,0.7847769028871391,0.7728194726166329,0.7748731060634864,0.05249343832020997
attention,382,0.7748478701825557,0.99790285729483,0.7853403141361257,0.7748478701825557,0.7724909521577857,0.05235602094240838
attention,383,0.7768762677484787,0.997985552691094,0.7859007832898173,0.7768762677484787,0.7681513505545677,0.05221932114882506
attention,384,0.7789046653144016,0.9979955597802924,0.7864583333333334,0.7789046653144016,0.7675996696110853,0.052083333333333336
attention,385,0.7809330628803245,0.9979971638240852,0.787012987012987,0.7809330628803245,0.7662523662713152,0.05454545454545454
attention,386,0.7829614604462475,0.9981005983556854,0.7875647668393783,0.7829614604462475,0.7652670042326881,0.054404145077720206
attention,387,0.7849898580121704,0.9981396341747086,0.7881136950904393,0.7849898580121704,0.7608312184450876,0.05426356589147287
attention,388,0.7870182555780934,0.9981436145087814,0.788659793814433,0.7870182555780934,0.7586869101516687,0.05412371134020619
attention,389,0.7890466531440162,0.9982271558508858,0.7892030848329049,0.7890466531440162,0.7567055084044821,0.05398457583547558
attention,390,0.7910750507099391,0.9982792528956796,0.7897435897435897,0.7910750507099391,0.755896265381216,0.05641025641025641
attention,391,0.7931034482758621,0.9983751342938498,0.7902813299232737,0.7931034482758621,0.7513325030180571,0.056265984654731455
attention,392,0.795131845841785,0.9984788951988736,0.7908163265306123,0.795131845841785,0.74909979740633,0.05612244897959184
attention,393,0.7971602434077079,0.9985041856202144,0.7913486005089059,0.7971602434077079,0.7430590664469402,0.05597964376590331
attention,394,0.7991886409736308,0.9985074991180624,0.7918781725888325,0.7991886409736308,0.7382034261722352,0.05583756345177665
attention,395,0.8012170385395537,0.9986328211061628,0.7924050632911392,0.8012170385395537,0.7356660369570539,0.05569620253164557
attention,396,0.8032454361054767,0.9986632820563176,0.7929292929292929,0.8032454361054767,0.7340401963681357,0.05555555555555555
attention,397,0.8052738336713996,0.9987465075197977,0.7934508816120907,0.8052738336713996,0.7294322779272121,0.055415617128463476
attention,398,0.8073022312373225,0.9987598324669416,0.7939698492462312,0.8073022312373225,0.7220374526419786,0.05527638190954774
attention,399,0.8093306288032455,0.9987606853203764,0.7944862155388471,0.8093306288032455,0.7039590424102289,0.05513784461152882
attention,400,0.8113590263691683,0.9987702464072402,0.795,0.8113590263691683,0.6944416717390489,0.055
attention,401,0.8133874239350912,0.9988298878440668,0.7955112219451371,0.8133874239350912,0.6937726129109376,0.05486284289276808
attention,402,0.8154158215010142,0.9988351157004058,0.7960199004975125,0.8154158215010142,0.6927264401881904,0.05721393034825871
attention,403,0.8174442190669371,0.998845139009241,0.7965260545905707,0.8174442190669371,0.6876360411669981,0.05707196029776675
attention,404,0.8194726166328601,0.9988479031359134,0.7970297029702971,0.8194726166328601,0.6844252622047761,0.0594059405940594
attention,405,0.821501014198783,0.9989470642139292,0.7975308641975308,0.821501014198783,0.6800797124256306,0.06172839506172839
attention,406,0.8235294117647058,0.9990030078484672,0.7980295566502463,0.8235294117647058,0.6734677484254616,0.06157635467980296
attention,407,0.8255578093306288,0.99908609001903,0.7985257985257985,0.8255578093306288,0.6698284705156812,0.06142506142506143
attention,408,0.8275862068965517,0.9990979122762724,0.7990196078431373,0.8275862068965517,0.6594516573832613,0.061274509803921566
attention,409,0.8296146044624746,0.999172205428065,0.7995110024449877,0.8296146044624746,0.6566408648367462,0.06356968215158924
attention,410,0.8316430020283976,0.9992309395457392,0.8,0.8316430020283976,0.6356106038806151,0.06585365853658537
attention,411,0.8336713995943205,0.9992339428525708,0.8004866180048662,0.8336713995943205,0.6276522765274232,0.0681265206812652
attention,412,0.8356997971602435,0.9992402703376428,0.8009708737864077,0.8356997971602435,0.6227314020554983,0.0703883495145631
attention,413,0.8377281947261663,0.9992939053652332,0.801452784503632,0.8377281947261663,0.6203949269011246,0.07021791767554479
attention,414,0.8397565922920892,0.9993475248786624,0.8019323671497585,0.8397565922920892,0.6194748846644744,0.07246376811594203
attention,415,0.8417849898580122,0.9993504003930292,0.8024096385542169,0.8417849898580122,0.6170739528226061,0.07228915662650602
attention,416,0.8438133874239351,0.999356591830335,0.8028846153846154,0.8438133874239351,0.5970691698454813,0.07211538461538461
attention,417,0.845841784989858,0.9993614748575363,0.8033573141486811,0.845841784989858,0.5942653381762536,0.07434052757793765
attention,418,0.847870182555781,0.9994207963465426,0.8038277511961722,0.847870182555781,0.5929010692670437,0.07655502392344497
attention,419,0.8498985801217038,0.99944419159548,0.8042959427207638,0.8498985801217038,0.5917023109362336,0.07875894988066826
attention,420,0.8519269776876268,0.9994841892791894,0.8047619047619048,0.8519269776876268,0.5880321150792645,0.07857142857142857
attention,421,0.8539553752535497,0.9995055471385452,0.8052256532066508,0.8539553752535497,0.5877864243614057,0.07838479809976247
attention,422,0.8559837728194726,0.9995062310667546,0.8056872037914692,0.8559837728194726,0.5839166766487015,0.08056872037914692
attention,423,0.8580121703853956,0.9995522641015372,0.806146572104019,0.8580121703853956,0.5820072934927746,0.08037825059101655
attention,424,0.8600405679513184,0.9995625917914064,0.8066037735849056,0.8600405679513184,0.5512371307314997,0.08018867924528301
attention,425,0.8620689655172413,0.9995713702394804,0.8070588235294117,0.8620689655172413,0.5401615732695726,0.08235294117647059
attention,426,0.8640973630831643,0.9995979266845808,0.8075117370892019,0.8640973630831643,0.53258098711927,0.08215962441314555
attention,427,0.8661257606490872,0.999598155783168,0.8079625292740047,0.8661257606490872,0.5279610975063213,0.08196721311475409
attention,428,0.8681541582150102,0.9995987218924208,0.8084112149532711,0.8681541582150102,0.5268492687751961,0.08411214953271028
attention,429,0.8701825557809331,0.9996225176308836,0.8088578088578089,0.8701825557809331,0.5252357315644278,0.08391608391608392
attention,430,0.8722109533468559,0.9996271015523764,0.8093023255813954,0.8722109533468559,0.500002961164426,0.08372093023255814
attention,431,0.8742393509127789,0.9996544217634906,0.8097447795823666,0.8742393509127789,0.4988184531344705,0.08584686774941995
attention,432,0.8762677484787018,0.9996696180760922,0.8101851851851852,0.8762677484787018,0.4975789001541518,0.08564814814814815
attention,433,0.8782961460446247,0.9996775571856724,0.8106235565819861,0.8782961460446247,0.493012173817115,0.08775981524249422
attention,434,0.8803245436105477,0.9996798350509518,0.8110599078341014,0.8803245436105477,0.4889960999704381,0.08755760368663594
attention,435,0.8823529411764706,0.9996869874929492,0.8114942528735632,0.8823529411764706,0.4845816167828656,0.08735632183908046
attention,436,0.8843813387423936,0.9997247392586048,0.8119266055045872,0.8843813387423936,0.4837945567377205,0.0871559633027523
attention,437,0.8864097363083164,0.9997451763683716,0.8123569794050344,0.8864097363083164,0.483007006798083,0.08924485125858124
attention,438,0.8884381338742393,0.9997527925526448,0.8127853881278538,0.8884381338742393,0.4705050152508205,0.091324200913242
attention,439,0.8904665314401623,0.999771747463678,0.8132118451025057,0.8904665314401623,0.4677699850179437,0.09339407744874716
attention,440,0.8924949290060852,0.9997942206972082,0.8136363636363636,0.8924949290060852,0.4647787285555378,0.09545454545454546
attention,441,0.8945233265720081,0.9998127394462614,0.8140589569160998,0.8945233265720081,0.4574966676112389,0.09750566893424037
attention,442,0.896551724137931,0.9998218327696036,0.8144796380090498,0.896551724137931,0.45513543403544,0.09728506787330317
attention,443,0.8985801217038539,0.9998228987944204,0.8148984198645598,0.8985801217038539,0.4466224622166042,0.09706546275395034
attention,444,0.9006085192697769,0.999836425133132,0.8153153153153153,0.9006085192697769,0.4396987964636351,0.09684684684684684
attention,445,0.9026369168356998,0.9998419912619864,0.8157303370786517,0.9026369168356998,0.4382657514842966,0.09887640449438202
attention,446,0.9046653144016227,0.999849042391352,0.8161434977578476,0.9046653144016227,0.4164236931215302,0.10089686098654709
attention,447,0.9066937119675457,0.9998566791968234,0.8165548098434005,0.9066937119675457,0.4097843570107048,0.1029082774049217
attention,448,0.9087221095334685,0.9998762906441186,0.8169642857142857,0.9087221095334685,0.4056521576605531,0.10267857142857142
attention,449,0.9107505070993914,0.9998772269492,0.8173719376391982,0.9107505070993914,0.4009837720025073,0.10467706013363029
attention,450,0.9127789046653144,0.9998803964324364,0.8177777777777778,0.9127789046653144,0.3953783081192935,0.10666666666666667
attention,451,0.9148073022312373,0.999886419590137,0.8181818181818182,0.9148073022312373,0.3921370911418439,0.10864745011086474
attention,452,0.9168356997971603,0.9998870188485272,0.8185840707964602,0.9168356997971603,0.3864145978217965,0.11061946902654868
attention,453,0.9188640973630832,0.999889603151122,0.8189845474613686,0.9188640973630832,0.3827062269770162,0.11258278145695365
attention,454,0.920892494929006,0.9998955180699696,0.8193832599118943,0.920892494929006,0.3788573801010452,0.1145374449339207
attention,455,0.922920892494929,0.9999084597723312,0.8197802197802198,0.922920892494929,0.3690392459059232,0.11428571428571428
attention,456,0.9249492900608519,0.9999148673058788,0.8201754385964912,0.9249492900608519,0.3661238238682696,0.11403508771929824
attention,457,0.9269776876267748,0.9999199846771007,0.8205689277899344,0.9269776876267748,0.3627073754735375,0.11597374179431072
attention,458,0.9290060851926978,0.9999216352123232,0.8209606986899564,0.9290060851926978,0.3622827162425128,0.11790393013100436
attention,459,0.9310344827586207,0.9999299412546742,0.8213507625272332,0.9310344827586207,0.3605983147489637,0.11982570806100218
attention,460,0.9330628803245437,0.9999325317725584,0.8217391304347826,0.9330628803245437,0.3597720134366947,0.12173913043478261
attention,461,0.9350912778904665,0.999939160616101,0.8221258134490239,0.9350912778904665,0.3536642170223963,0.12147505422993492
attention,462,0.9371196754563894,0.9999430679972442,0.8225108225108225,0.9371196754563894,0.3450782580378703,0.12121212121212122
attention,463,0.9391480730223124,0.9999496342035432,0.8228941684665226,0.9391480730223124,0.3449893113930956,0.12311015118790497
attention,464,0.9411764705882353,0.999950251110088,0.8232758620689655,0.9411764705882353,0.3426473282895227,0.125
attention,465,0.9432048681541582,0.9999537599600666,0.8236559139784946,0.9432048681541582,0.3414113292498713,0.12688172043010754
attention,466,0.9452332657200812,0.9999557899407644,0.8240343347639485,0.9452332657200812,0.3265234722651092,0.12875536480686695
attention,467,0.947261663286004,0.9999570920601192,0.8244111349036403,0.947261663286004,0.3247736494143196,0.13062098501070663
attention,468,0.949290060851927,0.999957423722942,0.8247863247863247,0.949290060851927,0.3180909378436476,0.13247863247863248
attention,469,0.9513184584178499,0.999961905052073,0.8251599147121536,0.9513184584178499,0.3086576999802554,0.13219616204690832
attention,470,0.9533468559837728,0.999963923992363,0.825531914893617,0.9533468559837728,0.3018850991629923,0.13404255319148936
attention,471,0.9553752535496958,0.9999669115376792,0.8259023354564756,0.9553752535496958,0.3002421808187502,0.13588110403397027
attention,472,0.9574036511156186,0.9999704352996728,0.826271186440678,0.9574036511156186,0.2930029047049799,0.13771186440677965
attention,473,0.9594320486815415,0.9999717080254296,0.8266384778012685,0.9594320486815415,0.2924456199250762,0.13742071881606766
attention,474,0.9614604462474645,0.999975607488337,0.8270042194092827,0.9614604462474645,0.2895784925672018,0.1371308016877637
attention,475,0.9634888438133874,0.9999756757262666,0.8273684210526315,0.9634888438133874,0.2846075325574002,0.13894736842105262
attention,476,0.9655172413793104,0.9999780971742636,0.8277310924369747,0.9655172413793104,0.2836512476018117,0.1407563025210084
attention,477,0.9675456389452333,0.999979007538476,0.8280922431865828,0.9675456389452333,0.2805746795008072,0.14046121593291405
attention,478,0.9695740365111561,0.999981798020906,0.8284518828451883,0.9695740365111561,0.2722915361785954,0.14225941422594143
attention,479,0.9716024340770791,0.9999860693214756,0.8288100208768268,0.9716024340770791,0.260619325888855,0.1440501043841336
attention,480,0.973630831643002,0.9999867625509644,0.8291666666666667,0.973630831643002,0.2560859044127829,0.14583333333333334
attention,481,0.9756592292089249,0.9999896675452004,0.8295218295218295,0.9756592292089249,0.2559532670864899,0.14760914760914762
attention,482,0.9776876267748479,0.9999904210599568,0.8298755186721992,0.9776876267748479,0.2529576949403503,0.14730290456431536
attention,483,0.9797160243407708,0.9999913409569632,0.8302277432712215,0.9797160243407708,0.2509573054755278,0.14906832298136646
attention,484,0.9817444219066938,0.9999914345311436,0.8305785123966942,0.9817444219066938,0.2448171172696751,0.15082644628099173
attention,485,0.9837728194726166,0.9999922313259378,0.8309278350515464,0.9837728194726166,0.2237354334032225,0.15257731958762888
attention,486,0.9858012170385395,0.9999949893115122,0.831275720164609,0.9858012170385395,0.2180294585450545,0.15432098765432098
attention,487,0.9878296146044625,0.9999957184568012,0.8316221765913757,0.9878296146044625,0.2164425161771598,0.15605749486652978
attention,488,0.9898580121703854,0.9999957762313544,0.8319672131147541,0.9898580121703854,0.210727664122044,0.15778688524590165
attention,489,0.9918864097363083,0.9999958203878456,0.8323108384458078,0.9918864097363083,0.2007127598750358,0.15950920245398773
attention,490,0.9939148073022313,0.9999962213190182,0.8326530612244898,0.9939148073022313,0.1966058512647323,0.16122448979591836
attention,491,0.9959432048681541,0.9999969107994644,0.8329938900203666,0.9959432048681541,0.194330907833819,0.1629327902240326
attention,492,0.9979716024340771,0.9999975322000776,0.8333333333333334,0.9979716024340771,0.1696966507403719,0.16463414634146342
attention,493,1.0,0.9999985355512814,0.8336713995943205,1.0,0.1134317582117499,0.1663286004056795
attention+token_confidence,1,0.002028397565922921,0.1061046504004357,0.0,0.002028397565922921,0.9999952842360704,0.0
attention+token_confidence,2,0.004056795131845842,0.143017770500637,0.0,0.004056795131845842,0.9999951216536777,0.0
attention+token_confidence,3,0.006085192697768763,0.153317529401683,0.0,0.006085192697768763,0.9999939357314308,0.0
attention+token_confidence,4,0.008113590263691683,0.1662576851756215,0.0,0.008113590263691683,0.9999935839335036,0.0
attention+token_confidence,5,0.010141987829614604,0.1947226564639192,0.0,0.010141987829614604,0.9999931252409996,0.0
attention+token_confidence,6,0.012170385395537525,0.1964119328210002,0.16666666666666666,0.012170385395537525,0.9999897474929078,0.0
attention+token_confidence,7,0.014198782961460446,0.1973976861189635,0.14285714285714285,0.014198782961460446,0.9999889196232784,0.0
attention+token_confidence,8,0.016227180527383367,0.2061873387911441,0.125,0.016227180527383367,0.9999861119539982,0.0
attention+token_confidence,9,0.018255578093306288,0.211399866319958,0.1111111111111111,0.018255578093306288,0.9999847432123314,0.0
attention+token_confidence,10,0.02028397565922921,0.2226685267336597,0.1,0.02028397565922921,0.9999845115428952,0.0
attention+token_confidence,11,0.02231237322515213,0.2277756405407369,0.09090909090909091,0.02231237322515213,0.9999815166056756,0.0
attention+token_confidence,12,0.02434077079107505,0.2334296165462322,0.16666666666666666,0.02434077079107505,0.9999809511770368,0.0
attention+token_confidence,13,0.02636916835699797,0.2377147911293833,0.23076923076923078,0.02636916835699797,0.9999798227739146,0.0
attention+token_confidence,14,0.028397565922920892,0.2551960277837631,0.21428571428571427,0.028397565922920892,0.9999781812219656,0.0
attention+token_confidence,15,0.030425963488843813,0.2574474910316387,0.26666666666666666,0.030425963488843813,0.9999757223787786,0.0
attention+token_confidence,16,0.032454361054766734,0.2759094285365193,0.25,0.032454361054766734,0.999972925098047,0.0
attention+token_confidence,17,0.034482758620689655,0.2763574932968123,0.23529411764705882,0.034482758620689655,0.9999654023328082,0.0
attention+token_confidence,18,0.036511156186612576,0.2789160894918194,0.2222222222222222,0.036511156186612576,0.9999610135623628,0.0
attention+token_confidence,19,0.038539553752535496,0.2843030333208632,0.21052631578947367,0.038539553752535496,0.9999559478595034,0.0
attention+token_confidence,20,0.04056795131845842,0.2898343896780898,0.2,0.04056795131845842,0.999949996192925,0.0
attention+token_confidence,21,0.04259634888438134,0.2974338888053702,0.19047619047619047,0.04259634888438134,0.9999463240863072,0.0
attention+token_confidence,22,0.04462474645030426,0.2996088318229215,0.18181818181818182,0.04462474645030426,0.9999458191100604,0.0
attention+token_confidence,23,0.04665314401622718,0.3026612938475383,0.17391304347826086,0.04665314401622718,0.9999447844819178,0.0
attention+token_confidence,24,0.0486815415821501,0.3079404519222966,0.20833333333333334,0.0486815415821501,0.9999403838893418,0.0
attention+token_confidence,25,0.05070993914807302,0.3103405053670096,0.2,0.05070993914807302,0.999926710551419,0.0
attention+token_confidence,26,0.05273833671399594,0.3118806000937647,0.19230769230769232,0.05273833671399594,0.999921539374366,0.0
attention+token_confidence,27,0.05476673427991886,0.3139950401049514,0.18518518518518517,0.05476673427991886,0.9999189556658448,0.0
attention+token_confidence,28,0.056795131845841784,0.3149752090232407,0.17857142857142858,0.056795131845841784,0.999908064465871,0.0
attention+token_confidence,29,0.058823529411764705,0.3169056702933999,0.1724137931034483,0.058823529411764705,0.9999059139422668,0.0
attention+token_confidence,30,0.060851926977687626,0.3293512733394724,0.16666666666666666,0.060851926977687626,0.9999056646139972,0.0
attention+token_confidence,31,0.06288032454361055,0.3327782016132107,0.16129032258064516,0.06288032454361055,0.9998997535831988,0.0
attention+token_confidence,32,0.06490872210953347,0.3355917571760043,0.15625,0.06490872210953347,0.9998984506844988,0.0
attention+token_confidence,33,0.06693711967545639,0.3431066899043257,0.18181818181818182,0.06693711967545639,0.9998931742259608,0.0
attention+token_confidence,34,0.06896551724137931,0.3443369171211189,0.17647058823529413,0.06896551724137931,0.9998912075805432,0.0
attention+token_confidence,35,0.07099391480730223,0.344387230968413,0.17142857142857143,0.07099391480730223,0.999885475788982,0.0
attention+token_confidence,36,0.07302231237322515,0.3520534104694699,0.16666666666666666,0.07302231237322515,0.9998835686150768,0.0
attention+token_confidence,37,0.07505070993914807,0.3535593952552343,0.16216216216216217,0.07505070993914807,0.9998776766995272,0.0
attention+token_confidence,38,0.07707910750507099,0.3546867797574566,0.15789473684210525,0.07707910750507099,0.9998684952803036,0.0
attention+token_confidence,39,0.07910750507099391,0.3605503503626827,0.1794871794871795,0.07910750507099391,0.9998575332609227,0.0
attention+token_confidence,40,0.08113590263691683,0.3633269585654232,0.175,0.08113590263691683,0.9998458182678756,0.0
attention+token_confidence,41,0.08316430020283976,0.3786533964215556,0.17073170731707318,0.08316430020283976,0.9998296612809252,0.0
attention+token_confidence,42,0.08519269776876268,0.3810460349622899,0.19047619047619047,0.08519269776876268,0.999817888640202,0.0
attention+token_confidence,43,0.0872210953346856,0.3874048036865562,0.20930232558139536,0.0872210953346856,0.999816557186974,0.0
attention+token_confidence,44,0.08924949290060852,0.3893883021134775,0.22727272727272727,0.08924949290060852,0.999807623093595,0.0
attention+token_confidence,45,0.09127789046653144,0.39150026621794,0.2222222222222222,0.09127789046653144,0.9997934335964076,0.0
attention+token_confidence,46,0.09330628803245436,0.3971827358342741,0.21739130434782608,0.09330628803245436,0.9997908746086224,0.0
attention+token_confidence,47,0.09533468559837728,0.3973267089655191,0.2127659574468085,0.09533468559837728,0.9997874419951688,0.0
attention+token_confidence,48,0.0973630831643002,0.3990403169787467,0.20833333333333334,0.0973630831643002,0.9997827726104476,0.0
attention+token_confidence,49,0.09939148073022312,0.409473280578841,0.20408163265306123,0.09939148073022312,0.9997656038651324,0.0
attention+token_confidence,50,0.10141987829614604,0.4156513254146947,0.22,0.10141987829614604,0.9997535450699996,0.0
attention+token_confidence,51,0.10344827586206896,0.4173237277105883,0.21568627450980393,0.10344827586206896,0.999752946061118,0.0
attention+token_confidence,52,0.10547667342799188,0.4210089476315474,0.23076923076923078,0.10547667342799188,0.9997499386896384,0.0
attention+token_confidence,53,0.1075050709939148,0.4452400505371857,0.24528301886792453,0.1075050709939148,0.9997349099468776,0.0
attention+token_confidence,54,0.10953346855983773,0.4480564351943313,0.25925925925925924,0.10953346855983773,0.9997304248882968,0.0
attention+token_confidence,55,0.11156186612576065,0.453471332875643,0.2727272727272727,0.11156186612576065,0.9997147666209496,0.0
attention+token_confidence,56,0.11359026369168357,0.4653922662080366,0.26785714285714285,0.11359026369168357,0.9997110289692098,0.0
attention+token_confidence,57,0.11561866125760649,0.4663009025137361,0.2631578947368421,0.11561866125760649,0.9997038971442548,0.0
attention+token_confidence,58,0.11764705882352941,0.4743595515450932,0.27586206896551724,0.11764705882352941,0.9997038881475918,0.0
attention+token_confidence,59,0.11967545638945233,0.4752162111960998,0.2711864406779661,0.11967545638945233,0.9997028830915116,0.0
attention+token_confidence,60,0.12170385395537525,0.4771136505334024,0.26666666666666666,0.12170385395537525,0.9996937336677532,0.0
attention+token_confidence,61,0.12373225152129817,0.4919606415751557,0.26229508196721313,0.12373225152129817,0.9996538693202746,0.0
attention+token_confidence,62,0.1257606490872211,0.4952720250523195,0.25806451612903225,0.1257606490872211,0.9996412735742228,0.0
attention+token_confidence,63,0.12778904665314403,0.496395671659715,0.2698412698412698,0.12778904665314403,0.9996129399204888,0.0
attention+token_confidence,64,0.12981744421906694,0.5074633884231278,0.28125,0.12981744421906694,0.9995778278258766,0.0
attention+token_confidence,65,0.13184584178498987,0.511857719308202,0.27692307692307694,0.13184584178498987,0.999577009029195,0.0
attention+token_confidence,66,0.13387423935091278,0.5216926035344984,0.2878787878787879,0.13387423935091278,0.999537050835022,0.0
attention+token_confidence,67,0.1359026369168357,0.5229024353624656,0.29850746268656714,0.1359026369168357,0.9995001702983528,0.0
attention+token_confidence,68,0.13793103448275862,0.5272979174893682,0.29411764705882354,0.13793103448275862,0.9994910617708967,0.0
attention+token_confidence,69,0.13995943204868155,0.5397342699240933,0.2898550724637681,0.13995943204868155,0.9994407200058462,0.0
attention+token_confidence,70,0.14198782961460446,0.5397491844666065,0.2857142857142857,0.14198782961460446,0.9994204509465608,0.0
attention+token_confidence,71,0.1440162271805274,0.5465356153931356,0.29577464788732394,0.1440162271805274,0.999406928315641,0.0
attention+token_confidence,72,0.1460446247464503,0.5496818165639537,0.2916666666666667,0.1460446247464503,0.999402833866373,0.0
attention+token_confidence,73,0.14807302231237324,0.5556713855477022,0.3013698630136986,0.14807302231237324,0.9992531199197068,0.0
attention+token_confidence,74,0.15010141987829614,0.5731715504405706,0.2972972972972973,0.15010141987829614,0.9992382786729016,0.0
attention+token_confidence,75,0.15212981744421908,0.5755685682440435,0.29333333333333333,0.15212981744421908,0.9992339954295713,0.0
attention+token_confidence,76,0.15415821501014199,0.6037449201600766,0.2894736842105263,0.15415821501014199,0.99920974932287,0.0
attention+token_confidence,77,0.15618661257606492,0.6076317541684502,0.2987012987012987,0.15618661257606492,0.9991885494066988,0.0
attention+token_confidence,78,0.15821501014198783,0.6210229734165318,0.2948717948717949,0.15821501014198783,0.9991172607417288,0.0
attention+token_confidence,79,0.16024340770791076,0.6274914295365221,0.2911392405063291,0.16024340770791076,0.9991149100677752,0.0
attention+token_confidence,80,0.16227180527383367,0.6311562182638704,0.3,0.16227180527383367,0.9990080008264668,0.0
attention+token_confidence,81,0.1643002028397566,0.6487782365742647,0.2962962962962963,0.1643002028397566,0.998975690835344,0.0
attention+token_confidence,82,0.1663286004056795,0.6504397522481896,0.3048780487804878,0.1663286004056795,0.9989278874466924,0.0
attention+token_confidence,83,0.16835699797160245,0.6535440428247105,0.3132530120481928,0.16835699797160245,0.9989048610472564,0.0
attention+token_confidence,84,0.17038539553752535,0.6538670236151648,0.32142857142857145,0.17038539553752535,0.998827129890026,0.0
attention+token_confidence,85,0.1724137931034483,0.6583624900254801,0.3176470588235294,0.1724137931034483,0.9988130807674396,0.0
attention+token_confidence,86,0.1744421906693712,0.663774661975151,0.32558139534883723,0.1744421906693712,0.9988063419911428,0.0
attention+token_confidence,87,0.17647058823529413,0.6746377284617139,0.3218390804597701,0.17647058823529413,0.9987908510905722,0.0
attention+token_confidence,88,0.17849898580121704,0.6795665845483283,0.32954545454545453,0.17849898580121704,0.9987625058443422,0.0
attention+token_confidence,89,0.18052738336713997,0.6814341696541398,0.33707865168539325,0.18052738336713997,0.9986545758605816,0.0
attention+token_confidence,90,0.18255578093306288,0.6825187311945086,0.34444444444444444,0.18255578093306288,0.9986345876790292,0.0
attention+token_confidence,91,0.1845841784989858,0.6831341230110334,0.3516483516483517,0.1845841784989858,0.9986092300325126,0.0
attention+token_confidence,92,0.18661257606490872,0.6892324377938654,0.358695652173913,0.18661257606490872,0.9985466348753308,0.0
attention+token_confidence,93,0.18864097363083165,0.6936480083831351,0.3655913978494624,0.18864097363083165,0.9984544483621376,0.0
attention+token_confidence,94,0.19066937119675456,0.693711928161462,0.3723404255319149,0.19066937119675456,0.9984321560087532,0.0
attention+token_confidence,95,0.1926977687626775,0.6938514017915683,0.37894736842105264,0.1926977687626775,0.9984181261953966,0.0
attention+token_confidence,96,0.1947261663286004,0.6972184027050127,0.3854166666666667,0.1947261663286004,0.9983408551400476,0.0
attention+token_confidence,97,0.19675456389452334,0.70005064007127,0.3917525773195876,0.19675456389452334,0.9982478342245936,0.0
attention+token_confidence,98,0.19878296146044624,0.7042033014250552,0.3979591836734694,0.19878296146044624,0.9982015942663516,0.0
attention+token_confidence,99,0.20081135902636918,0.7058227573768083,0.3939393939393939,0.20081135902636918,0.9981596605854024,0.0
attention+token_confidence,100,0.2028397565922921,0.719353426902423,0.4,0.2028397565922921,0.998156297651652,0.0
attention+token_confidence,101,0.20486815415821502,0.7245613200831453,0.40594059405940597,0.20486815415821502,0.9980621547300534,0.0
attention+token_confidence,102,0.20689655172413793,0.7249388744930882,0.4117647058823529,0.20689655172413793,0.9980618917637532,0.0
attention+token_confidence,103,0.20892494929006086,0.7274995569703262,0.4077669902912621,0.20892494929006086,0.99805148298906,0.0
attention+token_confidence,104,0.21095334685598377,0.7297658393522546,0.41346153846153844,0.21095334685598377,0.9980407650828768,0.0
attention+token_confidence,105,0.2129817444219067,0.7300420508051838,0.41904761904761906,0.2129817444219067,0.9980317092072528,0.0
attention+token_confidence,106,0.2150101419878296,0.7340089672006669,0.42452830188679247,0.2150101419878296,0.9980120556140644,0.0
attention+token_confidence,107,0.21703853955375255,0.7352009055348525,0.4205607476635514,0.21703853955375255,0.9979911310027306,0.0
attention+token_confidence,108,0.21906693711967545,0.7368812488951638,0.42592592592592593,0.21906693711967545,0.9978777384622468,0.0
attention+token_confidence,109,0.2210953346855984,0.7387887930326703,0.43119266055045874,0.2210953346855984,0.9978033298029116,0.0
attention+token_confidence,110,0.2231237322515213,0.7408613996262575,0.43636363636363634,0.2231237322515213,0.9977318937733018,0.0
attention+token_confidence,111,0.22515212981744423,0.7419806943056837,0.44144144144144143,0.22515212981744423,0.9975014849828756,0.0
attention+token_confidence,112,0.22718052738336714,0.7621959981426139,0.44642857142857145,0.22718052738336714,0.9974966129265228,0.0
attention+token_confidence,113,0.22920892494929007,0.7665168644881644,0.45132743362831856,0.22920892494929007,0.9974636371063738,0.0
attention+token_confidence,114,0.23123732251521298,0.7724187325915588,0.45614035087719296,0.23123732251521298,0.9973532038637464,0.0
attention+token_confidence,115,0.2332657200811359,0.7756816532887804,0.45217391304347826,0.2332657200811359,0.9972842783517396,0.0
attention+token_confidence,116,0.23529411764705882,0.7760197733674565,0.45689655172413796,0.23529411764705882,0.9972255040497254,0.0
attention+token_confidence,117,0.23732251521298176,0.7813347605412982,0.46153846153846156,0.23732251521298176,0.9970985627254852,0.0
attention+token_confidence,118,0.23935091277890466,0.7849126023656242,0.4661016949152542,0.23935091277890466,0.996906773767019,0.0
attention+token_confidence,119,0.2413793103448276,0.7887325983130343,0.47058823529411764,0.2413793103448276,0.9967735286093188,0.0
attention+token_confidence,120,0.2434077079107505,0.7920028818233186,0.475,0.2434077079107505,0.9967221110057316,0.0
attention+token_confidence,121,0.24543610547667344,0.7943483940790999,0.47107438016528924,0.24543610547667344,0.9966432445365344,0.0
attention+token_confidence,122,0.24746450304259635,0.7952674063644875,0.47540983606557374,0.24746450304259635,0.9965771690842824,0.0
attention+token_confidence,123,0.24949290060851928,0.7953447460276184,0.4796747967479675,0.24949290060851928,0.9964655859213396,0.008130081300813009
attention+token_confidence,124,0.2515212981744422,0.7977188419131369,0.4838709677419355,0.2515212981744422,0.9964584626630008,0.008064516129032258
attention+token_confidence,125,0.2535496957403651,0.7989658042474599,0.488,0.2535496957403651,0.9963609041152682,0.008
attention+token_confidence,126,0.25557809330628806,0.8006069275453503,0.49206349206349204,0.25557809330628806,0.9963518707475286,0.007936507936507936
attention+token_confidence,127,0.25760649087221094,0.802868313816754,0.49606299212598426,0.25760649087221094,0.996223820302932,0.007874015748031496
attention+token_confidence,128,0.25963488843813387,0.8075304904776786,0.5,0.25963488843813387,0.9961680081134492,0.0078125
attention+token_confidence,129,0.2616632860040568,0.809105576083463,0.5038759689922481,0.2616632860040568,0.996121448484354,0.007751937984496124
attention+token_confidence,130,0.26369168356997974,0.8114231906944884,0.5,0.26369168356997974,0.9960616297210434,0.007692307692307693
attention+token_confidence,131,0.2657200811359026,0.8126884493247154,0.5038167938931297,0.2657200811359026,0.9958603484894388,0.007633587786259542
attention+token_confidence,132,0.26774847870182555,0.8135982401637599,0.5,0.26774847870182555,0.9957429037980232,0.007575757575757576
attention+token_confidence,133,0.2697768762677485,0.8156690811340358,0.5037593984962406,0.2697768762677485,0.995738424987146,0.007518796992481203
attention+token_confidence,134,0.2718052738336714,0.8157275894310211,0.5,0.2718052738336714,0.9956546902689032,0.007462686567164179
attention+token_confidence,135,0.2738336713995943,0.8204456276969064,0.5037037037037037,0.2738336713995943,0.9956101743523088,0.007407407407407408
attention+token_confidence,136,0.27586206896551724,0.8230409220772903,0.5073529411764706,0.27586206896551724,0.9955915892087696,0.007352941176470588
attention+token_confidence,137,0.2778904665314402,0.8247373717057601,0.5109489051094891,0.2778904665314402,0.9955843410728906,0.0072992700729927005
attention+token_confidence,138,0.2799188640973631,0.8307730867941269,0.5144927536231884,0.2799188640973631,0.995541343758131,0.007246376811594203
attention+token_confidence,139,0.281947261663286,0.8317859913388209,0.5179856115107914,0.281947261663286,0.99546901346288,0.007194244604316547
attention+token_confidence,140,0.2839756592292089,0.8330938474135335,0.5214285714285715,0.2839756592292089,0.995428399061976,0.007142857142857143
attention+token_confidence,141,0.28600405679513186,0.8335288395799362,0.524822695035461,0.28600405679513186,0.9954261666175918,0.0070921985815602835
attention+token_confidence,142,0.2880324543610548,0.8338728121595653,0.528169014084507,0.2880324543610548,0.9954248509865538,0.007042253521126761
attention+token_confidence,143,0.29006085192697767,0.8339332862594362,0.5314685314685315,0.29006085192697767,0.995332483013252,0.006993006993006993
attention+token_confidence,144,0.2920892494929006,0.8351225381617907,0.5277777777777778,0.2920892494929006,0.9952336050233372,0.006944444444444444
attention+token_confidence,145,0.29411764705882354,0.8392492620748457,0.5310344827586206,0.29411764705882354,0.9950957391007988,0.006896551724137931
attention+token_confidence,146,0.2961460446247465,0.8457775131267857,0.5273972602739726,0.2961460446247465,0.9950931368906052,0.00684931506849315
attention+token_confidence,147,0.29817444219066935,0.8481365666061295,0.5306122448979592,0.29817444219066935,0.994996355145685,0.006802721088435374
attention+token_confidence,148,0.3002028397565923,0.8486037536082759,0.5337837837837838,0.3002028397565923,0.9947864640579234,0.006756756756756757
attention+token_confidence,149,0.3022312373225152,0.8538362398263629,0.5369127516778524,0.3022312373225152,0.9943117477913932,0.006711409395973154
attention+token_confidence,150,0.30425963488843816,0.8546409896006801,0.5333333333333333,0.30425963488843816,0.9942811693875606,0.006666666666666667
attention+token_confidence,151,0.30628803245436104,0.8582690852127901,0.5364238410596026,0.30628803245436104,0.994118633683146,0.006622516556291391
attention+token_confidence,152,0.30831643002028397,0.8587379099103153,0.5394736842105263,0.30831643002028397,0.99398288983288,0.006578947368421052
attention+token_confidence,153,0.3103448275862069,0.8601522006239244,0.5424836601307189,0.3103448275862069,0.9934469132134524,0.006535947712418301
attention+token_confidence,154,0.31237322515212984,0.8684249703678227,0.538961038961039,0.31237322515212984,0.9929776644223858,0.006493506493506494
attention+token_confidence,155,0.3144016227180527,0.869269437761122,0.535483870967742,0.3144016227180527,0.9925962909478512,0.0064516129032258064
attention+token_confidence,156,0.31643002028397565,0.8698013687456122,0.5384615384615384,0.31643002028397565,0.9925660722495502,0.00641025641025641
attention+token_confidence,157,0.3184584178498986,0.8709237126501547,0.5414012738853503,0.3184584178498986,0.9923647000516358,0.006369426751592357
attention+token_confidence,158,0.3204868154158215,0.8711181093051359,0.5443037974683544,0.3204868154158215,0.9923588408216388,0.006329113924050633
attention+token_confidence,159,0.3225152129817444,0.8717308264225735,0.5471698113207547,0.3225152129817444,0.9923099142410294,0.006289308176100629
attention+token_confidence,160,0.32454361054766734,0.8738346033273466,0.55,0.32454361054766734,0.9920801877996822,0.00625
attention+token_confidence,161,0.3265720081135903,0.873868209868946,0.5527950310559007,0.3265720081135903,0.9914058472365592,0.006211180124223602
attention+token_confidence,162,0.3286004056795132,0.8748263271761024,0.5555555555555556,0.3286004056795132,0.9913373030086778,0.006172839506172839
attention+token_confidence,163,0.3306288032454361,0.8778250812879086,0.558282208588957,0.3306288032454361,0.9911864785594088,0.006134969325153374
attention+token_confidence,164,0.332657200811359,0.8780957157484074,0.5609756097560976,0.332657200811359,0.9911797258205364,0.006097560975609756
attention+token_confidence,165,0.33468559837728196,0.879446905034748,0.5636363636363636,0.33468559837728196,0.9908449873973252,0.006060606060606061
attention+token_confidence,166,0.3367139959432049,0.879627805950708,0.5662650602409639,0.3367139959432049,0.9902376035203564,0.006024096385542169
attention+token_confidence,167,0.33874239350912777,0.8798869593026477,0.5688622754491018,0.33874239350912777,0.9902146362530722,0.005988023952095809
attention+token_confidence,168,0.3407707910750507,0.8808913255567737,0.5714285714285714,0.3407707910750507,0.9900953965724794,0.011904761904761904
attention+token_confidence,169,0.34279918864097364,0.8811541582263812,0.5739644970414202,0.34279918864097364,0.9898103973696376,0.011834319526627219
attention+token_confidence,170,0.3448275862068966,0.8823488485747835,0.5764705882352941,0.3448275862068966,0.9897329498678872,0.011764705882352941
attention+token_confidence,171,0.34685598377281945,0.8825852134639329,0.5789473684210527,0.34685598377281945,0.9896363114133396,0.011695906432748537
attention+token_confidence,172,0.3488843813387424,0.8831915148750158,0.5813953488372093,0.3488843813387424,0.9893915425058776,0.011627906976744186
attention+token_confidence,173,0.3509127789046653,0.8853743338075346,0.5838150289017341,0.3509127789046653,0.9892466489020556,0.011560693641618497
attention+token_confidence,174,0.35294117647058826,0.885437003351653,0.5862068965517241,0.35294117647058826,0.989152651061884,0.011494252873563218
attention+token_confidence,175,0.35496957403651114,0.8857560345418013,0.5885714285714285,0.35496957403651114,0.9890786604781868,0.011428571428571429
attention+token_confidence,176,0.35699797160243407,0.8864305128073307,0.5909090909090909,0.35699797160243407,0.9885566095518772,0.011363636363636364
attention+token_confidence,177,0.359026369168357,0.8890585907798217,0.5875706214689266,0.359026369168357,0.988521401061368,0.011299435028248588
attention+token_confidence,178,0.36105476673427994,0.8891768857199522,0.5898876404494382,0.36105476673427994,0.988438800358819,0.011235955056179775
attention+token_confidence,179,0.3630831643002028,0.8898346045902727,0.5921787709497207,0.3630831643002028,0.9881740805983568,0.0111731843575419
attention+token_confidence,180,0.36511156186612576,0.8908917149604448,0.5944444444444444,0.36511156186612576,0.988137525892752,0.011111111111111112
attention+token_confidence,181,0.3671399594320487,0.8910861202188115,0.5966850828729282,0.3671399594320487,0.9879642719344576,0.011049723756906077
attention+token_confidence,182,0.3691683569979716,0.8943634273192645,0.5989010989010989,0.3691683569979716,0.9878143206657022,0.01098901098901099
attention+token_confidence,183,0.3711967545638945,0.8945262300874649,0.6010928961748634,0.3711967545638945,0.9877668759726976,0.01092896174863388
attention+token_confidence,184,0.37322515212981744,0.8949024876809226,0.6032608695652174,0.37322515212981744,0.9876845832817358,0.010869565217391304
attention+token_confidence,185,0.3752535496957404,0.8954342106534473,0.6054054054054054,0.3752535496957404,0.9876621718565072,0.010810810810810811
attention+token_confidence,186,0.3772819472616633,0.8985135373138613,0.6075268817204301,0.3772819472616633,0.9876232202152126,0.010752688172043012
attention+token_confidence,187,0.3793103448275862,0.9012423232015292,0.6096256684491979,0.3793103448275862,0.9874117322775814,0.0106951871657754
attention+token_confidence,188,0.3813387423935091,0.90367429778395,0.6117021276595744,0.3813387423935091,0.9873664048122236,0.010638297872340425
attention+token_confidence,189,0.38336713995943206,0.9042378311611708,0.6137566137566137,0.38336713995943206,0.9868917684093976,0.010582010582010581
attention+token_confidence,190,0.385395537525355,0.9062982280988652,0.6157894736842106,0.385395537525355,0.9860131300093652,0.010526315789473684
attention+token_confidence,191,0.38742393509127787,0.908051265520322,0.6178010471204188,0.38742393509127787,0.985644680306105,0.010471204188481676
attention+token_confidence,192,0.3894523326572008,0.9087560802245944,0.6145833333333334,0.3894523326572008,0.9855815968606,0.010416666666666666
attention+token_confidence,193,0.39148073022312374,0.9095438738975572,0.616580310880829,0.39148073022312374,0.9854271977169108,0.010362694300518135
attention+token_confidence,194,0.3935091277890467,0.9099440651433814,0.6185567010309279,0.3935091277890467,0.985389028624698,0.010309278350515464
attention+token_confidence,195,0.39553752535496955,0.9100656661487232,0.6205128205128205,0.39553752535496955,0.9848742086303304,0.010256410256410256
attention+token_confidence,196,0.3975659229208925,0.9113429831450224,0.6224489795918368,0.3975659229208925,0.9840064613876612,0.01020408163265306
attention+token_confidence,197,0.3995943204868154,0.9126551012823804,0.6243654822335025,0.3995943204868154,0.9840061111264548,0.01015228426395939
attention+token_confidence,198,0.40162271805273836,0.9154234864336442,0.6262626262626263,0.40162271805273836,0.9831569810502896,0.010101010101010102
attention+token_confidence,199,0.40365111561866124,0.9161188323597996,0.628140703517588,0.40365111561866124,0.9827975019316092,0.010050251256281407
attention+token_confidence,200,0.4056795131845842,0.9179309260244894,0.63,0.4056795131845842,0.9825130843675036,0.01
attention+token_confidence,201,0.4077079107505071,0.9189056816655744,0.6318407960199005,0.4077079107505071,0.9820733650113872,0.009950248756218905
attention+token_confidence,202,0.40973630831643004,0.9203109967931564,0.6336633663366337,0.40973630831643004,0.9820588820017356,0.009900990099009901
attention+token_confidence,203,0.4117647058823529,0.921359509978966,0.6354679802955665,0.4117647058823529,0.9817878012797118,0.009852216748768473
attention+token_confidence,204,0.41379310344827586,0.9216831134189064,0.6372549019607843,0.41379310344827586,0.9792375781139352,0.00980392156862745
attention+token_confidence,205,0.4158215010141988,0.922567463389727,0.6390243902439025,0.4158215010141988,0.9787476672850284,0.00975609756097561
attention+token_confidence,206,0.4178498985801217,0.9229224332882856,0.6407766990291263,0.4178498985801217,0.9781889767065044,0.009708737864077669
attention+token_confidence,207,0.4198782961460446,0.923091519292723,0.642512077294686,0.4198782961460446,0.9780576543288718,0.00966183574879227
attention+token_confidence,208,0.42190669371196754,0.9238846726766934,0.6442307692307693,0.42190669371196754,0.9776371377065703,0.009615384615384616
attention+token_confidence,209,0.4239350912778905,0.9240625346934628,0.6411483253588517,0.4239350912778905,0.9769016688556996,0.009569377990430622
attention+token_confidence,210,0.4259634888438134,0.9259046710373964,0.6428571428571429,0.4259634888438134,0.976800123627146,0.009523809523809525
attention+token_confidence,211,0.4279918864097363,0.9262429349043296,0.6445497630331753,0.4279918864097363,0.9764383961609676,0.009478672985781991
attention+token_confidence,212,0.4300202839756592,0.9266488376710385,0.6462264150943396,0.4300202839756592,0.9757751948728934,0.009433962264150943
attention+token_confidence,213,0.43204868154158216,0.9276938967325652,0.647887323943662,0.43204868154158216,0.9754550550277764,0.009389671361502348
attention+token_confidence,214,0.4340770791075051,0.9282871866242168,0.6448598130841121,0.4340770791075051,0.9752394369609576,0.009345794392523364
attention+token_confidence,215,0.43610547667342797,0.9289225258851744,0.6465116279069767,0.43610547667342797,0.9746341714512492,0.009302325581395349
attention+token_confidence,216,0.4381338742393509,0.9305547796292232,0.6481481481481481,0.4381338742393509,0.9742740968779726,0.009259259259259259
attention+token_confidence,217,0.44016227180527384,0.9324704703553908,0.6497695852534562,0.44016227180527384,0.9737633724975714,0.009216589861751152
attention+token_confidence,218,0.4421906693711968,0.9364611596713488,0.6513761467889908,0.4421906693711968,0.9731099429485952,0.009174311926605505
attention+token_confidence,219,0.44421906693711966,0.93756067799106,0.6529680365296804,0.44421906693711966,0.9722460487835196,0.0091324200913242
attention+token_confidence,220,0.4462474645030426,0.9393762211825948,0.6545454545454545,0.4462474645030426,0.9713813695297892,0.00909090909090909
attention+token_confidence,221,0.4482758620689655,0.9399472482086458,0.6561085972850679,0.4482758620689655,0.971277395701274,0.00904977375565611
attention+token_confidence,222,0.45030425963488846,0.9403895713649504,0.6576576576576577,0.45030425963488846,0.9707129553460708,0.009009009009009009
attention+token_confidence,223,0.45233265720081134,0.9418765763709036,0.6591928251121076,0.45233265720081134,0.9700395861341802,0.008968609865470852
attention+token_confidence,224,0.4543610547667343,0.9420822596472994,0.6607142857142857,0.4543610547667343,0.969759643949073,0.008928571428571428
attention+token_confidence,225,0.4563894523326572,0.9424690827915138,0.6622222222222223,0.4563894523326572,0.968571594749328,0.008888888888888889
attention+token_confidence,226,0.45841784989858014,0.9437916248638842,0.6637168141592921,0.45841784989858014,0.9677126129515784,0.008849557522123894
attention+token_confidence,227,0.460446247464503,0.94381873920566,0.6651982378854625,0.460446247464503,0.9674384459570744,0.013215859030837005
attention+token_confidence,228,0.46247464503042596,0.9440092057116696,0.6666666666666666,0.46247464503042596,0.967330299385427,0.013157894736842105
attention+token_confidence,229,0.4645030425963489,0.9449965681558968,0.6681222707423581,0.4645030425963489,0.9672082704474612,0.017467248908296942
attention+token_confidence,230,0.4665314401622718,0.9456358312291416,0.6695652173913044,0.4665314401622718,0.9670759823873912,0.017391304347826087
attention+token_confidence,231,0.4685598377281947,0.9460121452400776,0.670995670995671,0.4685598377281947,0.9664157804217562,0.021645021645021644
attention+token_confidence,232,0.47058823529411764,0.9471997968712388,0.6724137931034483,0.47058823529411764,0.9663747911727713,0.021551724137931036
attention+token_confidence,233,0.4726166328600406,0.9475289335226936,0.6738197424892703,0.4726166328600406,0.9661938724950134,0.02145922746781116
attention+token_confidence,234,0.4746450304259635,0.9483530112564283,0.6752136752136753,0.4746450304259635,0.9660450694469418,0.021367521367521368
attention+token_confidence,235,0.4766734279918864,0.948884843678555,0.676595744680851,0.4766734279918864,0.9649554598799128,0.02127659574468085
attention+token_confidence,236,0.4787018255578093,0.9489083268597892,0.6779661016949152,0.4787018255578093,0.964647773304546,0.0211864406779661
attention+token_confidence,237,0.48073022312373226,0.9511338448139304,0.679324894514768,0.48073022312373226,0.9646121221627036,0.02109704641350211
attention+token_confidence,238,0.4827586206896552,0.9516205230353488,0.680672268907563,0.4827586206896552,0.964317049139243,0.02100840336134454
attention+token_confidence,239,0.4847870182555781,0.9518033650863144,0.6820083682008368,0.4847870182555781,0.963665835361534,0.02092050209205021
attention+token_confidence,240,0.486815415821501,0.9524702212525692,0.6833333333333333,0.486815415821501,0.9627866707656694,0.020833333333333332
attention+token_confidence,241,0.48884381338742394,0.9531171804201556,0.6846473029045643,0.48884381338742394,0.9599035161871085,0.02074688796680498
attention+token_confidence,242,0.4908722109533469,0.9532690183382788,0.6859504132231405,0.4908722109533469,0.9589247236221528,0.02066115702479339
attention+token_confidence,243,0.49290060851926976,0.9545746590274596,0.6872427983539094,0.49290060851926976,0.9584027607025818,0.0205761316872428
attention+token_confidence,244,0.4949290060851927,0.9550065876109411,0.6885245901639344,0.4949290060851927,0.9581716167804594,0.020491803278688523
attention+token_confidence,245,0.4969574036511156,0.9558441711178738,0.689795918367347,0.4969574036511156,0.9576829236577054,0.02040816326530612
attention+token_confidence,246,0.49898580121703856,0.9560440729358192,0.6869918699186992,0.49898580121703856,0.956876900674226,0.02032520325203252
attention+token_confidence,247,0.5010141987829615,0.9566488001318708,0.6882591093117408,0.5010141987829615,0.9566488001318708,0.020242914979757085
attention+token_confidence,248,0.5030425963488844,0.956876900674226,0.6895161290322581,0.5030425963488844,0.9560440729358192,0.024193548387096774
attention+token_confidence,249,0.5050709939148073,0.9576829236577054,0.6907630522088354,0.5050709939148073,0.9558441711178738,0.024096385542168676
attention+token_confidence,250,0.5070993914807302,0.9581716167804594,0.692,0.5070993914807302,0.9550065876109411,0.024
attention+token_confidence,251,0.5091277890466531,0.9584027607025818,0.6932270916334662,0.5091277890466531,0.9545746590274596,0.02390438247011952
attention+token_confidence,252,0.5111561866125761,0.9589247236221528,0.6944444444444444,0.5111561866125761,0.9532690183382788,0.023809523809523808
attention+token_confidence,253,0.513184584178499,0.9599035161871085,0.6956521739130435,0.513184584178499,0.9531171804201556,0.023715415019762844
attention+token_confidence,254,0.5152129817444219,0.9627866707656694,0.6968503937007874,0.5152129817444219,0.9524702212525692,0.023622047244094488
attention+token_confidence,255,0.5172413793103449,0.963665835361534,0.6980392156862745,0.5172413793103449,0.9518033650863144,0.023529411764705882
attention+token_confidence,256,0.5192697768762677,0.964317049139243,0.69921875,0.5192697768762677,0.9516205230353488,0.0234375
attention+token_confidence,257,0.5212981744421906,0.9646121221627036,0.7003891050583657,0.5212981744421906,0.9511338448139304,0.023346303501945526
attention+token_confidence,258,0.5233265720081136,0.964647773304546,0.7015503875968992,0.5233265720081136,0.9489083268597892,0.023255813953488372
attention+token_confidence,259,0.5253549695740365,0.9649554598799128,0.7027027027027027,0.5253549695740365,0.948884843678555,0.023166023166023165
attention+token_confidence,260,0.5273833671399595,0.9660450694469418,0.7038461538461539,0.5273833671399595,0.9483530112564283,0.023076923076923078
attention+token_confidence,261,0.5294117647058824,0.9661938724950134,0.7049808429118773,0.5294117647058824,0.9475289335226936,0.022988505747126436
attention+token_confidence,262,0.5314401622718052,0.9663747911727713,0.7061068702290076,0.5314401622718052,0.9471997968712388,0.022900763358778626
attention+token_confidence,263,0.5334685598377282,0.9664157804217562,0.7034220532319392,0.5334685598377282,0.9460121452400776,0.022813688212927757
attention+token_confidence,264,0.5354969574036511,0.9670759823873912,0.7045454545454546,0.5354969574036511,0.9456358312291416,0.022727272727272728
attention+token_confidence,265,0.537525354969574,0.9672082704474612,0.7018867924528301,0.537525354969574,0.9449965681558968,0.022641509433962263
attention+token_confidence,266,0.539553752535497,0.967330299385427,0.7030075187969925,0.539553752535497,0.9440092057116696,0.022556390977443608
attention+token_confidence,267,0.5415821501014199,0.9674384459570744,0.700374531835206,0.5415821501014199,0.94381873920566,0.02247191011235955
attention+token_confidence,268,0.5436105476673428,0.9677126129515784,0.7014925373134329,0.5436105476673428,0.9437916248638842,0.022388059701492536
attention+token_confidence,269,0.5456389452332657,0.968571594749328,0.7026022304832714,0.5456389452332657,0.9424690827915138,0.022304832713754646
attention+token_confidence,270,0.5476673427991886,0.969759643949073,0.7037037037037037,0.5476673427991886,0.9420822596472994,0.022222222222222223
attention+token_confidence,271,0.5496957403651116,0.9700395861341802,0.7047970479704797,0.5496957403651116,0.9418765763709036,0.02214022140221402
attention+token_confidence,272,0.5517241379310345,0.9707129553460708,0.7058823529411765,0.5517241379310345,0.9403895713649504,0.022058823529411766
attention+token_confidence,273,0.5537525354969574,0.971277395701274,0.706959706959707,0.5537525354969574,0.9399472482086458,0.02197802197802198
attention+token_confidence,274,0.5557809330628803,0.9713813695297892,0.708029197080292,0.5557809330628803,0.9393762211825948,0.021897810218978103
attention+token_confidence,275,0.5578093306288032,0.9722460487835196,0.7090909090909091,0.5578093306288032,0.93756067799106,0.02181818181818182
attention+token_confidence,276,0.5598377281947262,0.9731099429485952,0.7101449275362319,0.5598377281947262,0.9364611596713488,0.021739130434782608
attention+token_confidence,277,0.5618661257606491,0.9737633724975714,0.7111913357400722,0.5618661257606491,0.9324704703553908,0.021660649819494584
attention+token_confidence,278,0.563894523326572,0.9742740968779726,0.7122302158273381,0.563894523326572,0.9305547796292232,0.02158273381294964
attention+token_confidence,279,0.565922920892495,0.9746341714512492,0.7132616487455197,0.565922920892495,0.9289225258851744,0.021505376344086023
attention+token_confidence,280,0.5679513184584178,0.9752394369609576,0.7142857142857143,0.5679513184584178,0.9282871866242168,0.025
attention+token_confidence,281,0.5699797160243407,0.9754550550277764,0.7153024911032029,0.5699797160243407,0.9276938967325652,0.02491103202846975
attention+token_confidence,282,0.5720081135902637,0.9757751948728934,0.7163120567375887,0.5720081135902637,0.9266488376710385,0.024822695035460994
attention+token_confidence,283,0.5740365111561866,0.9764383961609676,0.7173144876325088,0.5740365111561866,0.9262429349043296,0.024734982332155476
attention+token_confidence,284,0.5760649087221096,0.976800123627146,0.7183098591549296,0.5760649087221096,0.9259046710373964,0.02464788732394366
attention+token_confidence,285,0.5780933062880325,0.9769016688556996,0.7192982456140351,0.5780933062880325,0.9240625346934628,0.028070175438596492
attention+token_confidence,286,0.5801217038539553,0.9776371377065703,0.7202797202797203,0.5801217038539553,0.9238846726766934,0.027972027972027972
attention+token_confidence,287,0.5821501014198783,0.9780576543288718,0.7212543554006968,0.5821501014198783,0.923091519292723,0.027874564459930314
attention+token_confidence,288,0.5841784989858012,0.9781889767065044,0.7222222222222222,0.5841784989858012,0.9229224332882856,0.027777777777777776
attention+token_confidence,289,0.5862068965517241,0.9787476672850284,0.7231833910034602,0.5862068965517241,0.922567463389727,0.02768166089965398
attention+token_confidence,290,0.5882352941176471,0.9792375781139352,0.7241379310344828,0.5882352941176471,0.9216831134189064,0.027586206896551724
attention+token_confidence,291,0.59026369168357,0.9817878012797118,0.7250859106529209,0.59026369168357,0.921359509978966,0.027491408934707903
attention+token_confidence,292,0.592292089249493,0.9820588820017356,0.726027397260274,0.592292089249493,0.9203109967931564,0.0273972602739726
attention+token_confidence,293,0.5943204868154158,0.9820733650113872,0.726962457337884,0.5943204868154158,0.9189056816655744,0.027303754266211604
attention+token_confidence,294,0.5963488843813387,0.9825130843675036,0.7278911564625851,0.5963488843813387,0.9179309260244894,0.027210884353741496
attention+token_confidence,295,0.5983772819472617,0.9827975019316092,0.7288135593220338,0.5983772819472617,0.9161188323597996,0.02711864406779661
attention+token_confidence,296,0.6004056795131846,0.9831569810502896,0.7297297297297297,0.6004056795131846,0.9154234864336442,0.02702702702702703
attention+token_confidence,297,0.6024340770791075,0.9840061111264548,0.7306397306397306,0.6024340770791075,0.9126551012823804,0.026936026936026935
attention+token_confidence,298,0.6044624746450304,0.9840064613876612,0.7315436241610739,0.6044624746450304,0.9113429831450224,0.026845637583892617
attention+token_confidence,299,0.6064908722109533,0.9848742086303304,0.7324414715719063,0.6064908722109533,0.9100656661487232,0.026755852842809364
attention+token_confidence,300,0.6085192697768763,0.985389028624698,0.7333333333333333,0.6085192697768763,0.9099440651433814,0.02666666666666667
attention+token_confidence,301,0.6105476673427992,0.9854271977169108,0.7342192691029901,0.6105476673427992,0.9095438738975572,0.026578073089700997
attention+token_confidence,302,0.6125760649087221,0.9855815968606,0.7350993377483444,0.6125760649087221,0.9087560802245944,0.029801324503311258
attention+token_confidence,303,0.6146044624746451,0.985644680306105,0.735973597359736,0.6146044624746451,0.908051265520322,0.0297029702970297
attention+token_confidence,304,0.6166328600405679,0.9860131300093652,0.7368421052631579,0.6166328600405679,0.9062982280988652,0.029605263157894735
attention+token_confidence,305,0.6186612576064908,0.9868917684093976,0.7377049180327869,0.6186612576064908,0.9042378311611708,0.029508196721311476
attention+token_confidence,306,0.6206896551724138,0.9873664048122236,0.738562091503268,0.6206896551724138,0.90367429778395,0.029411764705882353
attention+token_confidence,307,0.6227180527383367,0.9874117322775814,0.739413680781759,0.6227180527383367,0.9012423232015292,0.029315960912052116
attention+token_confidence,308,0.6247464503042597,0.9876232202152126,0.7402597402597403,0.6247464503042597,0.8985135373138613,0.02922077922077922
attention+token_confidence,309,0.6267748478701826,0.9876621718565072,0.7411003236245954,0.6267748478701826,0.8954342106534473,0.02912621359223301
attention+token_confidence,310,0.6288032454361054,0.9876845832817358,0.7419354838709677,0.6288032454361054,0.8949024876809226,0.02903225806451613
attention+token_confidence,311,0.6308316430020284,0.9877668759726976,0.7427652733118971,0.6308316430020284,0.8945262300874649,0.028938906752411574
attention+token_confidence,312,0.6328600405679513,0.9878143206657022,0.7435897435897436,0.6328600405679513,0.8943634273192645,0.028846153846153848
attention+token_confidence,313,0.6348884381338742,0.9879642719344576,0.744408945686901,0.6348884381338742,0.8910861202188115,0.02875399361022364
attention+token_confidence,314,0.6369168356997972,0.988137525892752,0.7452229299363057,0.6369168356997972,0.8908917149604448,0.028662420382165606
attention+token_confidence,315,0.6389452332657201,0.9881740805983568,0.746031746031746,0.6389452332657201,0.8898346045902727,0.02857142857142857
attention+token_confidence,316,0.640973630831643,0.988438800358819,0.7468354430379747,0.640973630831643,0.8891768857199522,0.028481012658227847
attention+token_confidence,317,0.6430020283975659,0.988521401061368,0.7476340694006309,0.6430020283975659,0.8890585907798217,0.031545741324921134
attention+token_confidence,318,0.6450304259634888,0.9885566095518772,0.7484276729559748,0.6450304259634888,0.8864305128073307,0.031446540880503145
attention+token_confidence,319,0.6470588235294118,0.9890786604781868,0.7492163009404389,0.6470588235294118,0.8857560345418013,0.03134796238244514
attention+token_confidence,320,0.6490872210953347,0.989152651061884,0.75,0.6490872210953347,0.885437003351653,0.03125
attention+token_confidence,321,0.6511156186612576,0.9892466489020556,0.7507788161993769,0.6511156186612576,0.8853743338075346,0.03115264797507788
attention+token_confidence,322,0.6531440162271805,0.9893915425058776,0.7515527950310559,0.6531440162271805,0.8831915148750158,0.031055900621118012
attention+token_confidence,323,0.6551724137931034,0.9896363114133396,0.7523219814241486,0.6551724137931034,0.8825852134639329,0.030959752321981424
attention+token_confidence,324,0.6572008113590264,0.9897329498678872,0.7530864197530864,0.6572008113590264,0.8823488485747835,0.030864197530864196
attention+token_confidence,325,0.6592292089249493,0.9898103973696376,0.7538461538461538,0.6592292089249493,0.8811541582263812,0.03076923076923077
attention+token_confidence,326,0.6612576064908722,0.9900953965724794,0.7515337423312883,0.6612576064908722,0.8808913255567737,0.03067484662576687
attention+token_confidence,327,0.6632860040567952,0.9902146362530722,0.7522935779816514,0.6632860040567952,0.8798869593026477,0.03058103975535168
attention+token_confidence,328,0.665314401622718,0.9902376035203564,0.7530487804878049,0.665314401622718,0.879627805950708,0.03048780487804878
attention+token_confidence,329,0.6673427991886409,0.9908449873973252,0.7537993920972644,0.6673427991886409,0.879446905034748,0.030395136778115502
attention+token_confidence,330,0.6693711967545639,0.9911797258205364,0.7545454545454545,0.6693711967545639,0.8780957157484074,0.030303030303030304
attention+token_confidence,331,0.6713995943204868,0.9911864785594088,0.7552870090634441,0.6713995943204868,0.8778250812879086,0.030211480362537766
attention+token_confidence,332,0.6734279918864098,0.9913373030086778,0.7560240963855421,0.6734279918864098,0.8748263271761024,0.030120481927710843
attention+token_confidence,333,0.6754563894523327,0.9914058472365592,0.7567567567567568,0.6754563894523327,0.873868209868946,0.03003003003003003
attention+token_confidence,334,0.6774847870182555,0.9920801877996822,0.7574850299401198,0.6774847870182555,0.8738346033273466,0.029940119760479042
attention+token_confidence,335,0.6795131845841785,0.9923099142410294,0.7582089552238805,0.6795131845841785,0.8717308264225735,0.029850746268656716
attention+token_confidence,336,0.6815415821501014,0.9923588408216388,0.7589285714285714,0.6815415821501014,0.8711181093051359,0.02976190476190476
attention+token_confidence,337,0.6835699797160243,0.9923647000516358,0.7596439169139466,0.6835699797160243,0.8709237126501547,0.02967359050445104
attention+token_confidence,338,0.6855983772819473,0.9925660722495502,0.7603550295857988,0.6855983772819473,0.8698013687456122,0.029585798816568046
attention+token_confidence,339,0.6876267748478702,0.9925962909478512,0.7610619469026548,0.6876267748478702,0.869269437761122,0.032448377581120944
attention+token_confidence,340,0.6896551724137931,0.9929776644223858,0.7617647058823529,0.6896551724137931,0.8684249703678227,0.03529411764705882
attention+token_confidence,341,0.691683569979716,0.9934469132134524,0.7624633431085044,0.691683569979716,0.8601522006239244,0.03519061583577713
attention+token_confidence,342,0.6937119675456389,0.99398288983288,0.7631578947368421,0.6937119675456389,0.8587379099103153,0.03508771929824561
attention+token_confidence,343,0.6957403651115619,0.994118633683146,0.7638483965014577,0.6957403651115619,0.8582690852127901,0.03498542274052478
attention+token_confidence,344,0.6977687626774848,0.9942811693875606,0.7645348837209303,0.6977687626774848,0.8546409896006801,0.0377906976744186
attention+token_confidence,345,0.6997971602434077,0.9943117477913932,0.7652173913043478,0.6997971602434077,0.8538362398263629,0.03768115942028986
attention+token_confidence,346,0.7018255578093306,0.9947864640579234,0.7658959537572254,0.7018255578093306,0.8486037536082759,0.03757225433526012
attention+token_confidence,347,0.7038539553752535,0.994996355145685,0.7665706051873199,0.7038539553752535,0.8481365666061295,0.037463976945244955
attention+token_confidence,348,0.7058823529411765,0.9950931368906052,0.7672413793103449,0.7058823529411765,0.8457775131267857,0.040229885057471264
attention+token_confidence,349,0.7079107505070994,0.9950957391007988,0.7679083094555874,0.7079107505070994,0.8392492620748457,0.04011461318051576
attention+token_confidence,350,0.7099391480730223,0.9952336050233372,0.7685714285714286,0.7099391480730223,0.8351225381617907,0.04285714285714286
attention+token_confidence,351,0.7119675456389453,0.995332483013252,0.7692307692307693,0.7119675456389453,0.8339332862594362,0.042735042735042736
attention+token_confidence,352,0.7139959432048681,0.9954248509865538,0.7698863636363636,0.7139959432048681,0.8338728121595653,0.04261363636363636
attention+token_confidence,353,0.716024340770791,0.9954261666175918,0.7705382436260623,0.716024340770791,0.8335288395799362,0.042492917847025496
attention+token_confidence,354,0.718052738336714,0.995428399061976,0.7711864406779662,0.718052738336714,0.8330938474135335,0.0423728813559322
attention+token_confidence,355,0.7200811359026369,0.99546901346288,0.7718309859154929,0.7200811359026369,0.8317859913388209,0.04225352112676056
attention+token_confidence,356,0.7221095334685599,0.995541343758131,0.7724719101123596,0.7221095334685599,0.8307730867941269,0.042134831460674156
attention+token_confidence,357,0.7241379310344828,0.9955843410728906,0.773109243697479,0.7241379310344828,0.8247373717057601,0.04201680672268908
attention+token_confidence,358,0.7261663286004056,0.9955915892087696,0.7737430167597765,0.7261663286004056,0.8230409220772903,0.04189944134078212
attention+token_confidence,359,0.7281947261663286,0.9956101743523088,0.7743732590529248,0.7281947261663286,0.8204456276969064,0.04178272980501393
attention+token_confidence,360,0.7302231237322515,0.9956546902689032,0.775,0.7302231237322515,0.8157275894310211,0.044444444444444446
attention+token_confidence,361,0.7322515212981744,0.995738424987146,0.775623268698061,0.7322515212981744,0.8156690811340358,0.0443213296398892
attention+token_confidence,362,0.7342799188640974,0.9957429037980232,0.7762430939226519,0.7342799188640974,0.8135982401637599,0.04696132596685083
attention+token_confidence,363,0.7363083164300203,0.9958603484894388,0.7768595041322314,0.7363083164300203,0.8126884493247154,0.046831955922865015
attention+token_confidence,364,0.7383367139959433,0.9960616297210434,0.7774725274725275,0.7383367139959433,0.8114231906944884,0.04945054945054945
attention+token_confidence,365,0.7403651115618661,0.996121448484354,0.7780821917808219,0.7403651115618661,0.809105576083463,0.049315068493150684
attention+token_confidence,366,0.742393509127789,0.9961680081134492,0.7786885245901639,0.742393509127789,0.8075304904776786,0.04918032786885246
attention+token_confidence,367,0.744421906693712,0.996223820302932,0.779291553133515,0.744421906693712,0.802868313816754,0.04904632152588556
attention+token_confidence,368,0.7464503042596349,0.9963518707475286,0.779891304347826,0.7464503042596349,0.8006069275453503,0.04891304347826087
attention+token_confidence,369,0.7484787018255578,0.9963609041152682,0.7804878048780488,0.7484787018255578,0.7989658042474599,0.04878048780487805
attention+token_confidence,370,0.7505070993914807,0.9964584626630008,0.7810810810810811,0.7505070993914807,0.7977188419131369,0.04864864864864865
attention+token_confidence,371,0.7525354969574036,0.9964655859213396,0.7789757412398922,0.7525354969574036,0.7953447460276184,0.04851752021563342
attention+token_confidence,372,0.7545638945233266,0.9965771690842824,0.7795698924731183,0.7545638945233266,0.7952674063644875,0.04838709677419355
attention+token_confidence,373,0.7565922920892495,0.9966432445365344,0.7801608579088471,0.7565922920892495,0.7943483940790999,0.05093833780160858
attention+token_confidence,374,0.7586206896551724,0.9967221110057316,0.7807486631016043,0.7586206896551724,0.7920028818233186,0.05080213903743316
attention+token_confidence,375,0.7606490872210954,0.9967735286093188,0.7813333333333333,0.7606490872210954,0.7887325983130343,0.050666666666666665
attention+token_confidence,376,0.7626774847870182,0.996906773767019,0.7819148936170213,0.7626774847870182,0.7849126023656242,0.05053191489361702
attention+token_confidence,377,0.7647058823529411,0.9970985627254852,0.7824933687002652,0.7647058823529411,0.7813347605412982,0.050397877984084884
attention+token_confidence,378,0.7667342799188641,0.9972255040497254,0.783068783068783,0.7667342799188641,0.7760197733674565,0.05026455026455026
attention+token_confidence,379,0.768762677484787,0.9972842783517396,0.783641160949868,0.768762677484787,0.7756816532887804,0.052770448548812667
attention+token_confidence,380,0.77079107505071,0.9973532038637464,0.7842105263157895,0.77079107505071,0.7724187325915588,0.05263157894736842
attention+token_confidence,381,0.7728194726166329,0.9974636371063738,0.7847769028871391,0.7728194726166329,0.7665168644881644,0.05249343832020997
attention+token_confidence,382,0.7748478701825557,0.9974966129265228,0.7853403141361257,0.7748478701825557,0.7621959981426139,0.05235602094240838
attention+token_confidence,383,0.7768762677484787,0.9975014849828756,0.7859007832898173,0.7768762677484787,0.7419806943056837,0.05221932114882506
attention+token_confidence,384,0.7789046653144016,0.9977318937733018,0.7864583333333334,0.7789046653144016,0.7408613996262575,0.052083333333333336
attention+token_confidence,385,0.7809330628803245,0.9978033298029116,0.787012987012987,0.7809330628803245,0.7387887930326703,0.05194805194805195
attention+token_confidence,386,0.7829614604462475,0.9978777384622468,0.7875647668393783,0.7829614604462475,0.7368812488951638,0.05181347150259067
attention+token_confidence,387,0.7849898580121704,0.9979911310027306,0.7881136950904393,0.7849898580121704,0.7352009055348525,0.05426356589147287
attention+token_confidence,388,0.7870182555780934,0.9980120556140644,0.788659793814433,0.7870182555780934,0.7340089672006669,0.05412371134020619
attention+token_confidence,389,0.7890466531440162,0.9980317092072528,0.7892030848329049,0.7890466531440162,0.7300420508051838,0.05398457583547558
attention+token_confidence,390,0.7910750507099391,0.9980407650828768,0.7897435897435897,0.7910750507099391,0.7297658393522546,0.05384615384615385
attention+token_confidence,391,0.7931034482758621,0.99805148298906,0.7902813299232737,0.7931034482758621,0.7274995569703262,0.056265984654731455
attention+token_confidence,392,0.795131845841785,0.9980618917637532,0.7908163265306123,0.795131845841785,0.7249388744930882,0.05612244897959184
attention+token_confidence,393,0.7971602434077079,0.9980621547300534,0.7913486005089059,0.7971602434077079,0.7245613200831453,0.05597964376590331
attention+token_confidence,394,0.7991886409736308,0.998156297651652,0.7918781725888325,0.7991886409736308,0.719353426902423,0.05583756345177665
attention+token_confidence,395,0.8012170385395537,0.9981596605854024,0.7924050632911392,0.8012170385395537,0.7058227573768083,0.05822784810126582
attention+token_confidence,396,0.8032454361054767,0.9982015942663516,0.7929292929292929,0.8032454361054767,0.7042033014250552,0.05808080808080808
attention+token_confidence,397,0.8052738336713996,0.9982478342245936,0.7934508816120907,0.8052738336713996,0.70005064007127,0.05793450881612091
attention+token_confidence,398,0.8073022312373225,0.9983408551400476,0.7939698492462312,0.8073022312373225,0.6972184027050127,0.05778894472361809
attention+token_confidence,399,0.8093306288032455,0.9984181261953966,0.7944862155388471,0.8093306288032455,0.6938514017915683,0.05764411027568922
attention+token_confidence,400,0.8113590263691683,0.9984321560087532,0.795,0.8113590263691683,0.693711928161462,0.0575
attention+token_confidence,401,0.8133874239350912,0.9984544483621376,0.7955112219451371,0.8133874239350912,0.6936480083831351,0.057356608478802994
attention+token_confidence,402,0.8154158215010142,0.9985466348753308,0.7960199004975125,0.8154158215010142,0.6892324377938654,0.05721393034825871
attention+token_confidence,403,0.8174442190669371,0.9986092300325126,0.7965260545905707,0.8174442190669371,0.6831341230110334,0.05707196029776675
attention+token_confidence,404,0.8194726166328601,0.9986345876790292,0.7970297029702971,0.8194726166328601,0.6825187311945086,0.05693069306930693
attention+token_confidence,405,0.821501014198783,0.9986545758605816,0.7975308641975308,0.821501014198783,0.6814341696541398,0.056790123456790124
attention+token_confidence,406,0.8235294117647058,0.9987625058443422,0.7980295566502463,0.8235294117647058,0.6795665845483283,0.05665024630541872
attention+token_confidence,407,0.8255578093306288,0.9987908510905722,0.7985257985257985,0.8255578093306288,0.6746377284617139,0.05896805896805897
attention+token_confidence,408,0.8275862068965517,0.9988063419911428,0.7990196078431373,0.8275862068965517,0.663774661975151,0.058823529411764705
attention+token_confidence,409,0.8296146044624746,0.9988130807674396,0.7995110024449877,0.8296146044624746,0.6583624900254801,0.061124694376528114
attention+token_confidence,410,0.8316430020283976,0.998827129890026,0.8,0.8316430020283976,0.6538670236151648,0.06097560975609756
attention+token_confidence,411,0.8336713995943205,0.9989048610472564,0.8004866180048662,0.8336713995943205,0.6535440428247105,0.06082725060827251
attention+token_confidence,412,0.8356997971602435,0.9989278874466924,0.8009708737864077,0.8356997971602435,0.6504397522481896,0.06067961165048544
attention+token_confidence,413,0.8377281947261663,0.998975690835344,0.801452784503632,0.8377281947261663,0.6487782365742647,0.06295399515738499
attention+token_confidence,414,0.8397565922920892,0.9990080008264668,0.8019323671497585,0.8397565922920892,0.6311562182638704,0.06280193236714976
attention+token_confidence,415,0.8417849898580122,0.9991149100677752,0.8024096385542169,0.8417849898580122,0.6274914295365221,0.06506024096385542
attention+token_confidence,416,0.8438133874239351,0.9991172607417288,0.8028846153846154,0.8438133874239351,0.6210229734165318,0.0673076923076923
attention+token_confidence,417,0.845841784989858,0.9991885494066988,0.8033573141486811,0.845841784989858,0.6076317541684502,0.0671462829736211
attention+token_confidence,418,0.847870182555781,0.99920974932287,0.8038277511961722,0.847870182555781,0.6037449201600766,0.06937799043062201
attention+token_confidence,419,0.8498985801217038,0.9992339954295713,0.8042959427207638,0.8498985801217038,0.5755685682440435,0.07159904534606205
attention+token_confidence,420,0.8519269776876268,0.9992382786729016,0.8047619047619048,0.8519269776876268,0.5731715504405706,0.07380952380952381
attention+token_confidence,421,0.8539553752535497,0.9992531199197068,0.8052256532066508,0.8539553752535497,0.5556713855477022,0.07363420427553444
attention+token_confidence,422,0.8559837728194726,0.999402833866373,0.8056872037914692,0.8559837728194726,0.5496818165639537,0.07582938388625593
attention+token_confidence,423,0.8580121703853956,0.999406928315641,0.806146572104019,0.8580121703853956,0.5465356153931356,0.07565011820330969
attention+token_confidence,424,0.8600405679513184,0.9994204509465608,0.8066037735849056,0.8600405679513184,0.5397491844666065,0.07783018867924528
attention+token_confidence,425,0.8620689655172413,0.9994407200058462,0.8070588235294117,0.8620689655172413,0.5397342699240933,0.08
attention+token_confidence,426,0.8640973630831643,0.9994910617708967,0.8075117370892019,0.8640973630831643,0.5272979174893682,0.08215962441314555
attention+token_confidence,427,0.8661257606490872,0.9995001702983528,0.8079625292740047,0.8661257606490872,0.5229024353624656,0.08196721311475409
attention+token_confidence,428,0.8681541582150102,0.999537050835022,0.8084112149532711,0.8681541582150102,0.5216926035344984,0.08177570093457943
attention+token_confidence,429,0.8701825557809331,0.999577009029195,0.8088578088578089,0.8701825557809331,0.511857719308202,0.08391608391608392
attention+token_confidence,430,0.8722109533468559,0.9995778278258766,0.8093023255813954,0.8722109533468559,0.5074633884231278,0.08372093023255814
attention+token_confidence,431,0.8742393509127789,0.9996129399204888,0.8097447795823666,0.8742393509127789,0.496395671659715,0.08352668213457076
attention+token_confidence,432,0.8762677484787018,0.9996412735742228,0.8101851851851852,0.8762677484787018,0.4952720250523195,0.08564814814814815
attention+token_confidence,433,0.8782961460446247,0.9996538693202746,0.8106235565819861,0.8782961460446247,0.4919606415751557,0.08775981524249422
attention+token_confidence,434,0.8803245436105477,0.9996937336677532,0.8110599078341014,0.8803245436105477,0.4771136505334024,0.08986175115207373
attention+token_confidence,435,0.8823529411764706,0.9997028830915116,0.8114942528735632,0.8823529411764706,0.4752162111960998,0.09195402298850575
attention+token_confidence,436,0.8843813387423936,0.9997038881475918,0.8119266055045872,0.8843813387423936,0.4743595515450932,0.09174311926605505
attention+token_confidence,437,0.8864097363083164,0.9997038971442548,0.8123569794050344,0.8864097363083164,0.4663009025137361,0.09382151029748284
attention+token_confidence,438,0.8884381338742393,0.9997110289692098,0.8127853881278538,0.8884381338742393,0.4653922662080366,0.0958904109589041
attention+token_confidence,439,0.8904665314401623,0.9997147666209496,0.8132118451025057,0.8904665314401623,0.453471332875643,0.09567198177676538
attention+token_confidence,440,0.8924949290060852,0.9997304248882968,0.8136363636363636,0.8924949290060852,0.4480564351943313,0.09545454545454546
attention+token_confidence,441,0.8945233265720081,0.9997349099468776,0.8140589569160998,0.8945233265720081,0.4452400505371857,0.09523809523809523
attention+token_confidence,442,0.896551724137931,0.9997499386896384,0.8144796380090498,0.896551724137931,0.4210089476315474,0.09502262443438914
attention+token_confidence,443,0.8985801217038539,0.999752946061118,0.8148984198645598,0.8985801217038539,0.4173237277105883,0.09706546275395034
attention+token_confidence,444,0.9006085192697769,0.9997535450699996,0.8153153153153153,0.9006085192697769,0.4156513254146947,0.09684684684684684
attention+token_confidence,445,0.9026369168356998,0.9997656038651324,0.8157303370786517,0.9026369168356998,0.409473280578841,0.09887640449438202
attention+token_confidence,446,0.9046653144016227,0.9997827726104476,0.8161434977578476,0.9046653144016227,0.3990403169787467,0.10089686098654709
attention+token_confidence,447,0.9066937119675457,0.9997874419951688,0.8165548098434005,0.9066937119675457,0.3973267089655191,0.1029082774049217
attention+token_confidence,448,0.9087221095334685,0.9997908746086224,0.8169642857142857,0.9087221095334685,0.3971827358342741,0.10491071428571429
attention+token_confidence,449,0.9107505070993914,0.9997934335964076,0.8173719376391982,0.9107505070993914,0.39150026621794,0.10690423162583519
attention+token_confidence,450,0.9127789046653144,0.999807623093595,0.8177777777777778,0.9127789046653144,0.3893883021134775,0.10666666666666667
attention+token_confidence,451,0.9148073022312373,0.999816557186974,0.8181818181818182,0.9148073022312373,0.3874048036865562,0.10643015521064302
attention+token_confidence,452,0.9168356997971603,0.999817888640202,0.8185840707964602,0.9168356997971603,0.3810460349622899,0.10619469026548672
attention+token_confidence,453,0.9188640973630832,0.9998296612809252,0.8189845474613686,0.9188640973630832,0.3786533964215556,0.10816777041942605
attention+token_confidence,454,0.920892494929006,0.9998458182678756,0.8193832599118943,0.920892494929006,0.3633269585654232,0.11013215859030837
attention+token_confidence,455,0.922920892494929,0.9998575332609227,0.8197802197802198,0.922920892494929,0.3605503503626827,0.10989010989010989
attention+token_confidence,456,0.9249492900608519,0.9998684952803036,0.8201754385964912,0.9249492900608519,0.3546867797574566,0.1118421052631579
attention+token_confidence,457,0.9269776876267748,0.9998776766995272,0.8205689277899344,0.9269776876267748,0.3535593952552343,0.1137855579868709
attention+token_confidence,458,0.9290060851926978,0.9998835686150768,0.8209606986899564,0.9290060851926978,0.3520534104694699,0.11572052401746726
attention+token_confidence,459,0.9310344827586207,0.999885475788982,0.8213507625272332,0.9310344827586207,0.344387230968413,0.11764705882352941
attention+token_confidence,460,0.9330628803245437,0.9998912075805432,0.8217391304347826,0.9330628803245437,0.3443369171211189,0.11956521739130435
attention+token_confidence,461,0.9350912778904665,0.9998931742259608,0.8221258134490239,0.9350912778904665,0.3431066899043257,0.1193058568329718
attention+token_confidence,462,0.9371196754563894,0.9998984506844988,0.8225108225108225,0.9371196754563894,0.3355917571760043,0.12121212121212122
attention+token_confidence,463,0.9391480730223124,0.9998997535831988,0.8228941684665226,0.9391480730223124,0.3327782016132107,0.12311015118790497
attention+token_confidence,464,0.9411764705882353,0.9999056646139972,0.8232758620689655,0.9411764705882353,0.3293512733394724,0.125
attention+token_confidence,465,0.9432048681541582,0.9999059139422668,0.8236559139784946,0.9432048681541582,0.3169056702933999,0.12688172043010754
attention+token_confidence,466,0.9452332657200812,0.999908064465871,0.8240343347639485,0.9452332657200812,0.3149752090232407,0.12875536480686695
attention+token_confidence,467,0.947261663286004,0.9999189556658448,0.8244111349036403,0.947261663286004,0.3139950401049514,0.13062098501070663
attention+token_confidence,468,0.949290060851927,0.999921539374366,0.8247863247863247,0.949290060851927,0.3118806000937647,0.13247863247863248
attention+token_confidence,469,0.9513184584178499,0.999926710551419,0.8251599147121536,0.9513184584178499,0.3103405053670096,0.13432835820895522
attention+token_confidence,470,0.9533468559837728,0.9999403838893418,0.825531914893617,0.9533468559837728,0.3079404519222966,0.13404255319148936
attention+token_confidence,471,0.9553752535496958,0.9999447844819178,0.8259023354564756,0.9553752535496958,0.3026612938475383,0.13588110403397027
attention+token_confidence,472,0.9574036511156186,0.9999458191100604,0.826271186440678,0.9574036511156186,0.2996088318229215,0.13771186440677965
attention+token_confidence,473,0.9594320486815415,0.9999463240863072,0.8266384778012685,0.9594320486815415,0.2974338888053702,0.13953488372093023
attention+token_confidence,474,0.9614604462474645,0.999949996192925,0.8270042194092827,0.9614604462474645,0.2898343896780898,0.14135021097046413
attention+token_confidence,475,0.9634888438133874,0.9999559478595034,0.8273684210526315,0.9634888438133874,0.2843030333208632,0.1431578947368421
attention+token_confidence,476,0.9655172413793104,0.9999610135623628,0.8277310924369747,0.9655172413793104,0.2789160894918194,0.14495798319327732
attention+token_confidence,477,0.9675456389452333,0.9999654023328082,0.8280922431865828,0.9675456389452333,0.2763574932968123,0.14675052410901468
attention+token_confidence,478,0.9695740365111561,0.999972925098047,0.8284518828451883,0.9695740365111561,0.2759094285365193,0.14853556485355648
attention+token_confidence,479,0.9716024340770791,0.9999757223787786,0.8288100208768268,0.9716024340770791,0.2574474910316387,0.14822546972860126
attention+token_confidence,480,0.973630831643002,0.9999781812219656,0.8291666666666667,0.973630831643002,0.2551960277837631,0.15
attention+token_confidence,481,0.9756592292089249,0.9999798227739146,0.8295218295218295,0.9756592292089249,0.2377147911293833,0.1496881496881497
attention+token_confidence,482,0.9776876267748479,0.9999809511770368,0.8298755186721992,0.9776876267748479,0.2334296165462322,0.14937759336099585
attention+token_confidence,483,0.9797160243407708,0.9999815166056756,0.8302277432712215,0.9797160243407708,0.2277756405407369,0.15113871635610765
attention+token_confidence,484,0.9817444219066938,0.9999845115428952,0.8305785123966942,0.9817444219066938,0.2226685267336597,0.15289256198347106
attention+token_confidence,485,0.9837728194726166,0.9999847432123314,0.8309278350515464,0.9837728194726166,0.211399866319958,0.15463917525773196
attention+token_confidence,486,0.9858012170385395,0.9999861119539982,0.831275720164609,0.9858012170385395,0.2061873387911441,0.15637860082304528
attention+token_confidence,487,0.9878296146044625,0.9999889196232784,0.8316221765913757,0.9878296146044625,0.1973976861189635,0.15811088295687886
attention+token_confidence,488,0.9898580121703854,0.9999897474929078,0.8319672131147541,0.9898580121703854,0.1964119328210002,0.15778688524590165
attention+token_confidence,489,0.9918864097363083,0.9999931252409996,0.8323108384458078,0.9918864097363083,0.1947226564639192,0.15950920245398773
attention+token_confidence,490,0.9939148073022313,0.9999935839335036,0.8326530612244898,0.9939148073022313,0.1662576851756215,0.16122448979591836
attention+token_confidence,491,0.9959432048681541,0.9999939357314308,0.8329938900203666,0.9959432048681541,0.153317529401683,0.1629327902240326
attention+token_confidence,492,0.9979716024340771,0.9999951216536777,0.8333333333333334,0.9979716024340771,0.143017770500637,0.16463414634146342
attention+token_confidence,493,1.0,0.9999952842360704,0.8336713995943205,1.0,0.1061046504004357,0.1663286004056795
all_internal,1,0.002028397565922921,0.0998294673794596,0.0,0.002028397565922921,0.9999568217909288,0.0
all_internal,2,0.004056795131845842,0.1010893382528395,0.0,0.004056795131845842,0.9999541432746698,0.0
all_internal,3,0.006085192697768763,0.1094802309695531,0.0,0.006085192697768763,0.999921727323333,0.0
all_internal,4,0.008113590263691683,0.1528514543314509,0.25,0.008113590263691683,0.9998937181031504,0.0
all_internal,5,0.010141987829614604,0.1599476413801167,0.4,0.010141987829614604,0.9998794786399848,0.0
all_internal,6,0.012170385395537525,0.1652236422087236,0.5,0.012170385395537525,0.9997804839132688,0.0
all_internal,7,0.014198782961460446,0.1660716788543226,0.42857142857142855,0.014198782961460446,0.999762840103397,0.0
all_internal,8,0.016227180527383367,0.1823109266098561,0.5,0.016227180527383367,0.9997375719402104,0.0
all_internal,9,0.018255578093306288,0.1997249303442635,0.4444444444444444,0.018255578093306288,0.9997269226493358,0.0
all_internal,10,0.02028397565922921,0.2007428438137571,0.4,0.02028397565922921,0.9997016264974352,0.0
all_internal,11,0.02231237322515213,0.2028521048659442,0.36363636363636365,0.02231237322515213,0.9996885920689272,0.0
all_internal,12,0.02434077079107505,0.2075217984911997,0.3333333333333333,0.02434077079107505,0.9996718525302222,0.0
all_internal,13,0.02636916835699797,0.2166643006852019,0.3076923076923077,0.02636916835699797,0.9996212516640008,0.0
all_internal,14,0.028397565922920892,0.2174878464072621,0.2857142857142857,0.028397565922920892,0.9995910903754676,0.0
all_internal,15,0.030425963488843813,0.2272897129319529,0.26666666666666666,0.030425963488843813,0.9995726235883996,0.0
all_internal,16,0.032454361054766734,0.2326916799441701,0.25,0.032454361054766734,0.9995639112596538,0.0
all_internal,17,0.034482758620689655,0.24774195169148,0.23529411764705882,0.034482758620689655,0.9995191204212814,0.0
all_internal,18,0.036511156186612576,0.2506347128061025,0.2222222222222222,0.036511156186612576,0.9994939677853952,0.0
all_internal,19,0.038539553752535496,0.254273174837036,0.21052631578947367,0.038539553752535496,0.9994091231878828,0.0
all_internal,20,0.04056795131845842,0.2632749046153387,0.2,0.04056795131845842,0.9993715406091194,0.0
all_internal,21,0.04259634888438134,0.2727777061158958,0.19047619047619047,0.04259634888438134,0.9993689539237124,0.0
all_internal,22,0.04462474645030426,0.2732649472025822,0.18181818181818182,0.04462474645030426,0.9993554391560552,0.0
all_internal,23,0.04665314401622718,0.2774065619172778,0.17391304347826086,0.04665314401622718,0.999328598860657,0.0
all_internal,24,0.0486815415821501,0.28633801862727,0.16666666666666666,0.0486815415821501,0.9993005508855426,0.0
all_internal,25,0.05070993914807302,0.3007849604689865,0.2,0.05070993914807302,0.9992408063582724,0.0
all_internal,26,0.05273833671399594,0.3016848503335693,0.19230769230769232,0.05273833671399594,0.999201082698537,0.0
all_internal,27,0.05476673427991886,0.3043588462374753,0.18518518518518517,0.05476673427991886,0.999172071964356,0.0
all_internal,28,0.056795131845841784,0.3232396423187383,0.21428571428571427,0.056795131845841784,0.9991092725623084,0.0
all_internal,29,0.058823529411764705,0.3259547677284312,0.20689655172413793,0.058823529411764705,0.9991054339493736,0.0
all_internal,30,0.060851926977687626,0.3315154969919098,0.2,0.060851926977687626,0.9990895527472434,0.0
all_internal,31,0.06288032454361055,0.3450117444945417,0.1935483870967742,0.06288032454361055,0.999085590763348,0.0
all_internal,32,0.06490872210953347,0.3452502076603706,0.21875,0.06490872210953347,0.9990647679922842,0.0
all_internal,33,0.06693711967545639,0.3528900318937641,0.21212121212121213,0.06693711967545639,0.9990313670523508,0.0
all_internal,34,0.06896551724137931,0.354449059998393,0.20588235294117646,0.06896551724137931,0.9990261091779008,0.0
all_internal,35,0.07099391480730223,0.3568526613348103,0.22857142857142856,0.07099391480730223,0.9990189379559749,0.0
all_internal,36,0.07302231237322515,0.3585808848714156,0.2222222222222222,0.07302231237322515,0.9990147987173909,0.0
all_internal,37,0.07505070993914807,0.3669126555752944,0.21621621621621623,0.07505070993914807,0.999012570597322,0.0
all_internal,38,0.07707910750507099,0.3756830991361387,0.21052631578947367,0.07707910750507099,0.9989975552612544,0.0
all_internal,39,0.07910750507099391,0.3939986296423686,0.23076923076923078,0.07910750507099391,0.9989614704190092,0.0
all_internal,40,0.08113590263691683,0.3984846990837027,0.225,0.08113590263691683,0.9989459209965852,0.0
all_internal,41,0.08316430020283976,0.3989126067675739,0.21951219512195122,0.08316430020283976,0.9988740240433336,0.0
all_internal,42,0.08519269776876268,0.4158321946966385,0.21428571428571427,0.08519269776876268,0.9988572902040777,0.0
all_internal,43,0.0872210953346856,0.4229410247411567,0.23255813953488372,0.0872210953346856,0.9988287369949028,0.0
all_internal,44,0.08924949290060852,0.4245209145775837,0.22727272727272727,0.08924949290060852,0.9988213326395454,0.0
all_internal,45,0.09127789046653144,0.4343837184717971,0.2222222222222222,0.09127789046653144,0.9987794246024284,0.0
all_internal,46,0.09330628803245436,0.4468207528299898,0.21739130434782608,0.09330628803245436,0.9987367824128066,0.0
all_internal,47,0.09533468559837728,0.4504179407558953,0.2127659574468085,0.09533468559837728,0.9987156365545504,0.0
all_internal,48,0.0973630831643002,0.4547397918359047,0.20833333333333334,0.0973630831643002,0.998655969517672,0.0
all_internal,49,0.09939148073022312,0.4573220260018599,0.20408163265306123,0.09939148073022312,0.9986448876271604,0.0
all_internal,50,0.10141987829614604,0.4613931772434151,0.2,0.10141987829614604,0.9986291658965176,0.0
all_internal,51,0.10344827586206896,0.4795869619195513,0.19607843137254902,0.10344827586206896,0.9986213132342656,0.0
all_internal,52,0.10547667342799188,0.4821918335751724,0.21153846153846154,0.10547667342799188,0.998619919281812,0.0
all_internal,53,0.1075050709939148,0.4860871640532694,0.20754716981132076,0.1075050709939148,0.9985620636776208,0.0
all_internal,54,0.10953346855983773,0.4867321302625388,0.2037037037037037,0.10953346855983773,0.9985105770399412,0.0
all_internal,55,0.11156186612576065,0.4893933995636848,0.2,0.11156186612576065,0.998485725162662,0.0
all_internal,56,0.11359026369168357,0.4902262830135618,0.21428571428571427,0.11359026369168357,0.9984489113420189,0.0
all_internal,57,0.11561866125760649,0.5184864334458821,0.21052631578947367,0.11561866125760649,0.998414590605558,0.0
all_internal,58,0.11764705882352941,0.5204741346213948,0.22413793103448276,0.11764705882352941,0.9983603221676428,0.0
all_internal,59,0.11967545638945233,0.5229923560579767,0.23728813559322035,0.11967545638945233,0.9982244397541375,0.0
all_internal,60,0.12170385395537525,0.5258968156916414,0.23333333333333334,0.12170385395537525,0.9981977786884928,0.0
all_internal,61,0.12373225152129817,0.526290067141841,0.2459016393442623,0.12373225152129817,0.9981768274771322,0.0
all_internal,62,0.1257606490872211,0.5298097698052577,0.24193548387096775,0.1257606490872211,0.998162565192142,0.0
all_internal,63,0.12778904665314403,0.5370574969494841,0.23809523809523808,0.12778904665314403,0.998119551858847,0.0
all_internal,64,0.12981744421906694,0.5378257245311103,0.25,0.12981744421906694,0.9980796796903902,0.0
all_internal,65,0.13184584178498987,0.5408081301163239,0.26153846153846155,0.13184584178498987,0.9979537623979492,0.0
all_internal,66,0.13387423935091278,0.5462147645844985,0.25757575757575757,0.13387423935091278,0.9979239672302612,0.0
all_internal,67,0.1359026369168357,0.5489687184036444,0.26865671641791045,0.1359026369168357,0.9979088266856788,0.0
all_internal,68,0.13793103448275862,0.5535839847344801,0.27941176470588236,0.13793103448275862,0.997796964965689,0.0
all_internal,69,0.13995943204868155,0.559760004609683,0.2898550724637681,0.13995943204868155,0.9977616949370592,0.0
all_internal,70,0.14198782961460446,0.5676004999479953,0.2857142857142857,0.14198782961460446,0.9977464858306268,0.0
all_internal,71,0.1440162271805274,0.5836846903433996,0.29577464788732394,0.1440162271805274,0.9976057771439248,0.0
all_internal,72,0.1460446247464503,0.5907899142877636,0.3055555555555556,0.1460446247464503,0.9975872252891296,0.0
all_internal,73,0.14807302231237324,0.5914505202855229,0.3013698630136986,0.14807302231237324,0.9975346442128736,0.0
all_internal,74,0.15010141987829614,0.5928690931488391,0.3108108108108108,0.15010141987829614,0.9974102925412406,0.0
all_internal,75,0.15212981744421908,0.5945054898923895,0.30666666666666664,0.15212981744421908,0.9972864489515972,0.0
all_internal,76,0.15415821501014199,0.5986807959897132,0.3026315789473684,0.15415821501014199,0.9972656890918602,0.0
all_internal,77,0.15618661257606492,0.6043955076253176,0.3116883116883117,0.15618661257606492,0.9971508541236556,0.0
all_internal,78,0.15821501014198783,0.6044666846367058,0.32051282051282054,0.15821501014198783,0.9971293831493612,0.0
all_internal,79,0.16024340770791076,0.6057861780261994,0.3291139240506329,0.16024340770791076,0.9970956790916048,0.0
all_internal,80,0.16227180527383367,0.6087077052139047,0.3375,0.16227180527383367,0.997066900549116,0.0
all_internal,81,0.1643002028397566,0.610650227778987,0.345679012345679,0.1643002028397566,0.997014983651562,0.0
all_internal,82,0.1663286004056795,0.6245328632253446,0.35365853658536583,0.1663286004056795,0.9969810158629736,0.0
all_internal,83,0.16835699797160245,0.6334294101078796,0.3614457831325301,0.16835699797160245,0.9968513965019746,0.0
all_internal,84,0.17038539553752535,0.6340849488004399,0.36904761904761907,0.17038539553752535,0.9968426028677064,0.0
all_internal,85,0.1724137931034483,0.6366073335797424,0.36470588235294116,0.1724137931034483,0.9968010760231736,0.0
all_internal,86,0.1744421906693712,0.6416974921468762,0.37209302325581395,0.1744421906693712,0.9967918734140232,0.0
all_internal,87,0.17647058823529413,0.6505779794062578,0.3793103448275862,0.17647058823529413,0.9965896454506424,0.0
all_internal,88,0.17849898580121704,0.6529009643345514,0.375,0.17849898580121704,0.9964916204825864,0.0
all_internal,89,0.18052738336713997,0.6623102997414826,0.3707865168539326,0.18052738336713997,0.9964883870701768,0.0
all_internal,90,0.18255578093306288,0.666913962866356,0.36666666666666664,0.18255578093306288,0.9964402027259918,0.0
all_internal,91,0.1845841784989858,0.6843093601215027,0.37362637362637363,0.1845841784989858,0.9963939078767028,0.0
all_internal,92,0.18661257606490872,0.6891935611744539,0.3804347826086957,0.18661257606490872,0.996313517613082,0.0
all_internal,93,0.18864097363083165,0.7034371555140446,0.3870967741935484,0.18864097363083165,0.99629914518092,0.0
all_internal,94,0.19066937119675456,0.7098140576625712,0.39361702127659576,0.19066937119675456,0.9962822180980992,0.0
all_internal,95,0.1926977687626775,0.7152242969226984,0.4,0.1926977687626775,0.996230398444162,0.0
all_internal,96,0.1947261663286004,0.7168625918623168,0.40625,0.1947261663286004,0.9961167450070672,0.0
all_internal,97,0.19675456389452334,0.716953692669873,0.4020618556701031,0.19675456389452334,0.9960877199344776,0.0
all_internal,98,0.19878296146044624,0.7319604936201717,0.40816326530612246,0.19878296146044624,0.9960807106137564,0.0
all_internal,99,0.20081135902636918,0.7360395465020351,0.41414141414141414,0.20081135902636918,0.9960785432107356,0.0
all_internal,100,0.2028397565922921,0.742414326101745,0.41,0.2028397565922921,0.99607204089392,0.0
all_internal,101,0.20486815415821502,0.7488331930494538,0.4158415841584158,0.20486815415821502,0.9960631119502434,0.0
all_internal,102,0.20689655172413793,0.7550421954436736,0.4117647058823529,0.20689655172413793,0.9959232025608808,0.0
all_internal,103,0.20892494929006086,0.7576321718212412,0.4077669902912621,0.20892494929006086,0.9958358448244916,0.0
all_internal,104,0.21095334685598377,0.7601970997676643,0.41346153846153844,0.21095334685598377,0.995808326410206,0.0
all_internal,105,0.2129817444219067,0.7657416380146033,0.4095238095238095,0.2129817444219067,0.9957640521767076,0.0
all_internal,106,0.2150101419878296,0.7669983982034217,0.4056603773584906,0.2150101419878296,0.9957206663467632,0.0
all_internal,107,0.21703853955375255,0.7688241836962704,0.411214953271028,0.21703853955375255,0.995599241087978,0.0
all_internal,108,0.21906693711967545,0.7706267104999682,0.4166666666666667,0.21906693711967545,0.9954756662535968,0.0
all_internal,109,0.2210953346855984,0.7714364704673083,0.42201834862385323,0.2210953346855984,0.9952952891583412,0.0
all_internal,110,0.2231237322515213,0.7731482392499863,0.41818181818181815,0.2231237322515213,0.9952711438030526,0.0
all_internal,111,0.22515212981744423,0.7736812198819131,0.4144144144144144,0.22515212981744423,0.9952377847021056,0.0
all_internal,112,0.22718052738336714,0.7854154630524006,0.4107142857142857,0.22718052738336714,0.9952366597144948,0.0
all_internal,113,0.22920892494929007,0.7869999408795256,0.40707964601769914,0.22920892494929007,0.9952189073412642,0.0
all_internal,114,0.23123732251521298,0.7888064267340861,0.41228070175438597,0.23123732251521298,0.9951863603687828,0.0
all_internal,115,0.2332657200811359,0.7892588020452073,0.41739130434782606,0.2332657200811359,0.9951670416252844,0.0
all_internal,116,0.23529411764705882,0.7908058282525202,0.4224137931034483,0.23529411764705882,0.9951665136528018,0.0
all_internal,117,0.23732251521298176,0.79633349739833,0.42735042735042733,0.23732251521298176,0.9950032033987352,0.0
all_internal,118,0.23935091277890466,0.7965087620826994,0.423728813559322,0.23935091277890466,0.9950031136831754,0.0
all_internal,119,0.2413793103448276,0.7970650457695737,0.42857142857142855,0.2413793103448276,0.9949687365514444,0.0
all_internal,120,0.2434077079107505,0.7971408057278467,0.43333333333333335,0.2434077079107505,0.9949454116656284,0.0
all_internal,121,0.24543610547667344,0.7973773855497026,0.4380165289256198,0.24543610547667344,0.9948719221069006,0.0
all_internal,122,0.24746450304259635,0.8006506847241575,0.4426229508196721,0.24746450304259635,0.9946640155004838,0.0
all_internal,123,0.24949290060851928,0.8007793528436293,0.44715447154471544,0.24949290060851928,0.9944875771030754,0.0
all_internal,124,0.2515212981744422,0.8009105736339852,0.4435483870967742,0.2515212981744422,0.9943836180129758,0.0
all_internal,125,0.2535496957403651,0.8034054158797641,0.448,0.2535496957403651,0.9941770257783106,0.0
all_internal,126,0.25557809330628806,0.8071075532230993,0.4523809523809524,0.25557809330628806,0.9939460409255304,0.0
all_internal,127,0.25760649087221094,0.8097757268895422,0.4566929133858268,0.25760649087221094,0.9939434226166872,0.0
all_internal,128,0.25963488843813387,0.811170996007953,0.4609375,0.25963488843813387,0.9939296651399788,0.0
all_internal,129,0.2616632860040568,0.8125967828700532,0.46511627906976744,0.2616632860040568,0.9938719836130968,0.0
all_internal,130,0.26369168356997974,0.8134810109412448,0.46923076923076923,0.26369168356997974,0.9938209691079236,0.0
all_internal,131,0.2657200811359026,0.8187946535817886,0.4732824427480916,0.2657200811359026,0.9937746942952314,0.0
all_internal,132,0.26774847870182555,0.8205558260102334,0.4772727272727273,0.26774847870182555,0.9937686856200578,0.0
all_internal,133,0.2697768762677485,0.8212844352958516,0.48120300751879697,0.2697768762677485,0.9937124616751408,0.0
all_internal,134,0.2718052738336714,0.8251534143118605,0.48507462686567165,0.2718052738336714,0.9936975707291862,0.007462686567164179
all_internal,135,0.2738336713995943,0.8329873133006502,0.4888888888888889,0.2738336713995943,0.9935537514680955,0.007407407407407408
all_internal,136,0.27586206896551724,0.8341406493878829,0.49264705882352944,0.27586206896551724,0.9935149257944198,0.007352941176470588
all_internal,137,0.2778904665314402,0.8360613778703433,0.49635036496350365,0.2778904665314402,0.993422634769036,0.0072992700729927005
all_internal,138,0.2799188640973631,0.8378722523082498,0.4927536231884058,0.2799188640973631,0.9932571379270412,0.007246376811594203
all_internal,139,0.281947261663286,0.8384038365399356,0.49640287769784175,0.281947261663286,0.99324381523157,0.007194244604316547
all_internal,140,0.2839756592292089,0.8385373950584697,0.5,0.2839756592292089,0.9932415500729496,0.007142857142857143
all_internal,141,0.28600405679513186,0.8437824434190965,0.5035460992907801,0.28600405679513186,0.9929027860004176,0.0070921985815602835
all_internal,142,0.2880324543610548,0.843906078606491,0.5,0.2880324543610548,0.9927084740854618,0.007042253521126761
all_internal,143,0.29006085192697767,0.8460980759776482,0.5034965034965035,0.29006085192697767,0.9925079253941762,0.006993006993006993
all_internal,144,0.2920892494929006,0.8479834448051875,0.5069444444444444,0.2920892494929006,0.9923503099665744,0.006944444444444444
all_internal,145,0.29411764705882354,0.8503033978451617,0.5103448275862069,0.29411764705882354,0.9923164317608384,0.006896551724137931
all_internal,146,0.2961460446247465,0.8511577572658682,0.5136986301369864,0.2961460446247465,0.9921455107850328,0.00684931506849315
all_internal,147,0.29817444219066935,0.85190168517589,0.5170068027210885,0.29817444219066935,0.991976762638766,0.006802721088435374
all_internal,148,0.3002028397565923,0.852619902818827,0.5202702702702703,0.3002028397565923,0.9918252981220596,0.006756756756756757
all_internal,149,0.3022312373225152,0.8545825180308078,0.5234899328859061,0.3022312373225152,0.9916026681918532,0.006711409395973154
all_internal,150,0.30425963488843816,0.8554759634379742,0.5266666666666666,0.30425963488843816,0.9913764971539114,0.006666666666666667
all_internal,151,0.30628803245436104,0.8556540907408299,0.5298013245033113,0.30628803245436104,0.9913663811852316,0.006622516556291391
all_internal,152,0.30831643002028397,0.8605155628448428,0.5328947368421053,0.30831643002028397,0.9909443108978,0.006578947368421052
all_internal,153,0.3103448275862069,0.8610039220283209,0.5359477124183006,0.3103448275862069,0.9908851003299984,0.006535947712418301
all_internal,154,0.31237322515212984,0.8671612384318647,0.5324675324675324,0.31237322515212984,0.990748552292128,0.006493506493506494
all_internal,155,0.3144016227180527,0.8703186493861405,0.535483870967742,0.3144016227180527,0.9905481086481268,0.0064516129032258064
all_internal,156,0.31643002028397565,0.8739755028567967,0.5384615384615384,0.31643002028397565,0.9903994458699474,0.00641025641025641
all_internal,157,0.3184584178498986,0.8759402437954658,0.5414012738853503,0.3184584178498986,0.9899128057792416,0.006369426751592357
all_internal,158,0.3204868154158215,0.8788783570470009,0.5443037974683544,0.3204868154158215,0.9898502634891136,0.006329113924050633
all_internal,159,0.3225152129817444,0.8794927765366619,0.5471698113207547,0.3225152129817444,0.9897840507788996,0.006289308176100629
all_internal,160,0.32454361054766734,0.8807467926255087,0.55,0.32454361054766734,0.9896796789106488,0.00625
all_internal,161,0.3265720081135903,0.8812058887440113,0.5527950310559007,0.3265720081135903,0.9895737082242376,0.006211180124223602
all_internal,162,0.3286004056795132,0.8828339543462251,0.5555555555555556,0.3286004056795132,0.9895693201651588,0.006172839506172839
all_internal,163,0.3306288032454361,0.8829210734068276,0.558282208588957,0.3306288032454361,0.9894145027744754,0.006134969325153374
all_internal,164,0.332657200811359,0.8873526937246344,0.5548780487804879,0.332657200811359,0.9892494481996826,0.006097560975609756
all_internal,165,0.33468559837728196,0.8920572820740582,0.5575757575757576,0.33468559837728196,0.9891728688167788,0.006060606060606061
all_internal,166,0.3367139959432049,0.8920679928797429,0.5602409638554217,0.3367139959432049,0.9891024121105272,0.006024096385542169
all_internal,167,0.33874239350912777,0.8923497483834136,0.562874251497006,0.33874239350912777,0.9889309183485676,0.005988023952095809
all_internal,168,0.3407707910750507,0.8925103119170021,0.5654761904761905,0.3407707910750507,0.9889251036137112,0.005952380952380952
all_internal,169,0.34279918864097364,0.893446992102939,0.5680473372781065,0.34279918864097364,0.9887678986432948,0.005917159763313609
all_internal,170,0.3448275862068966,0.8948237040445995,0.5647058823529412,0.3448275862068966,0.9886929023758046,0.0058823529411764705
all_internal,171,0.34685598377281945,0.8953108629603145,0.5672514619883041,0.34685598377281945,0.9885409232379072,0.005847953216374269
all_internal,172,0.3488843813387424,0.8980674402553968,0.5697674418604651,0.3488843813387424,0.9885083165716144,0.005813953488372093
all_internal,173,0.3509127789046653,0.8987834076251918,0.5722543352601156,0.3509127789046653,0.9871732975031248,0.005780346820809248
all_internal,174,0.35294117647058826,0.8989370876295711,0.5747126436781609,0.35294117647058826,0.9865512722242932,0.005747126436781609
all_internal,175,0.35496957403651114,0.8990475600696534,0.5771428571428572,0.35496957403651114,0.9864361717748756,0.005714285714285714
all_internal,176,0.35699797160243407,0.8990559981291789,0.5795454545454546,0.35699797160243407,0.9862141644817028,0.005681818181818182
all_internal,177,0.359026369168357,0.9004859885437876,0.5819209039548022,0.359026369168357,0.9861528573918626,0.005649717514124294
all_internal,178,0.36105476673427994,0.90219710194997,0.5842696629213483,0.36105476673427994,0.9858701678703002,0.0056179775280898875
all_internal,179,0.3630831643002028,0.9054195560608992,0.5810055865921788,0.3630831643002028,0.9856527942609328,0.00558659217877095
all_internal,180,0.36511156186612576,0.908115651624004,0.5833333333333334,0.36511156186612576,0.985619588373799,0.005555555555555556
all_internal,181,0.3671399594320487,0.91105003395553,0.585635359116022,0.3671399594320487,0.9855465683398962,0.0055248618784530384
all_internal,182,0.3691683569979716,0.9121456319497108,0.5879120879120879,0.3691683569979716,0.9855451822928868,0.005494505494505495
all_internal,183,0.3711967545638945,0.9133177324835812,0.5901639344262295,0.3711967545638945,0.985226878528657,0.00546448087431694
all_internal,184,0.37322515212981744,0.9154469111184028,0.592391304347826,0.37322515212981744,0.9846992701537024,0.005434782608695652
all_internal,185,0.3752535496957404,0.9189119205694856,0.5945945945945946,0.3752535496957404,0.9846678811537471,0.005405405405405406
all_internal,186,0.3772819472616633,0.9193988519210934,0.5967741935483871,0.3772819472616633,0.9846616746258736,0.005376344086021506
all_internal,187,0.3793103448275862,0.9197944966598998,0.5989304812834224,0.3793103448275862,0.9846067791620848,0.0053475935828877
all_internal,188,0.3813387423935091,0.9200498758833152,0.5957446808510638,0.3813387423935091,0.984546762764928,0.005319148936170213
all_internal,189,0.38336713995943206,0.9202108889460124,0.5978835978835979,0.38336713995943206,0.9844229429592564,0.005291005291005291
all_internal,190,0.385395537525355,0.92068843926779,0.6,0.385395537525355,0.9835373209453058,0.005263157894736842
all_internal,191,0.38742393509127787,0.9209748419611444,0.6020942408376964,0.38742393509127787,0.9834190431773648,0.005235602094240838
all_internal,192,0.3894523326572008,0.922549595111908,0.6041666666666666,0.3894523326572008,0.9832560047653002,0.005208333333333333
all_internal,193,0.39148073022312374,0.923407355263566,0.6062176165803109,0.39148073022312374,0.9827788084997884,0.0051813471502590676
all_internal,194,0.3935091277890467,0.9250963272161922,0.6082474226804123,0.3935091277890467,0.982777196046437,0.005154639175257732
all_internal,195,0.39553752535496955,0.9258945217074884,0.6102564102564103,0.39553752535496955,0.982502190729497,0.005128205128205128
all_internal,196,0.3975659229208925,0.9279047371269658,0.6071428571428571,0.3975659229208925,0.9823236678038196,0.00510204081632653
all_internal,197,0.3995943204868154,0.9279426250678,0.6091370558375635,0.3995943204868154,0.982307903244902,0.005076142131979695
all_internal,198,0.40162271805273836,0.9282492288494284,0.6111111111111112,0.40162271805273836,0.9821016634696282,0.005050505050505051
all_internal,199,0.40365111561866124,0.9285040776706894,0.6130653266331658,0.40365111561866124,0.9814928286123736,0.005025125628140704
all_internal,200,0.4056795131845842,0.9315222079660304,0.615,0.4056795131845842,0.9813535203531846,0.005
all_internal,201,0.4077079107505071,0.933813740061448,0.6169154228855721,0.4077079107505071,0.9808910810140512,0.009950248756218905
all_internal,202,0.40973630831643004,0.935722185806904,0.6188118811881188,0.40973630831643004,0.9808311273647689,0.009900990099009901
all_internal,203,0.4117647058823529,0.9358306827517276,0.6206896551724138,0.4117647058823529,0.980383395186871,0.009852216748768473
all_internal,204,0.41379310344827586,0.9360437875405108,0.6225490196078431,0.41379310344827586,0.980249246421379,0.014705882352941176
all_internal,205,0.4158215010141988,0.9364169909784056,0.624390243902439,0.4158215010141988,0.9801832231614052,0.014634146341463415
all_internal,206,0.4178498985801217,0.9368222557486676,0.6262135922330098,0.4178498985801217,0.9801476916298468,0.014563106796116505
all_internal,207,0.4198782961460446,0.936863708514403,0.6280193236714976,0.4198782961460446,0.9800879297268514,0.014492753623188406
all_internal,208,0.42190669371196754,0.9374144289009289,0.6298076923076923,0.42190669371196754,0.9794888917162892,0.014423076923076924
all_internal,209,0.4239350912778905,0.9375781124289144,0.631578947368421,0.4239350912778905,0.9793955374603598,0.014354066985645933
all_internal,210,0.4259634888438134,0.9379913673910288,0.6333333333333333,0.4259634888438134,0.9783687296077463,0.014285714285714285
all_internal,211,0.4279918864097363,0.938235528970067,0.6350710900473934,0.4279918864097363,0.9780328065698892,0.014218009478672985
all_internal,212,0.4300202839756592,0.93866933546482,0.6367924528301887,0.4300202839756592,0.9779655160068116,0.014150943396226415
all_internal,213,0.43204868154158216,0.9390003897953704,0.6384976525821596,0.43204868154158216,0.9779264665051036,0.014084507042253521
all_internal,214,0.4340770791075051,0.9405702312019742,0.6355140186915887,0.4340770791075051,0.9779196630326074,0.014018691588785047
all_internal,215,0.43610547667342797,0.9407660027358228,0.6372093023255814,0.43610547667342797,0.9775663695915584,0.013953488372093023
all_internal,216,0.4381338742393509,0.9408246052390864,0.6388888888888888,0.4381338742393509,0.977382369265666,0.013888888888888888
all_internal,217,0.44016227180527384,0.9409219194430866,0.6405529953917051,0.44016227180527384,0.9772779023797594,0.013824884792626729
all_internal,218,0.4421906693711968,0.9419549298202776,0.6422018348623854,0.4421906693711968,0.9765202652517616,0.013761467889908258
all_internal,219,0.44421906693711966,0.9440837462847004,0.6438356164383562,0.44421906693711966,0.9764943756248644,0.0136986301369863
all_internal,220,0.4462474645030426,0.9443284942116944,0.6454545454545455,0.4462474645030426,0.9755114159814487,0.013636363636363636
all_internal,221,0.4482758620689655,0.9447400415942276,0.6470588235294118,0.4482758620689655,0.9750596362577608,0.013574660633484163
all_internal,222,0.45030425963488846,0.9450307636362956,0.6486486486486487,0.45030425963488846,0.9744387181057408,0.013513513513513514
all_internal,223,0.45233265720081134,0.94506390323819,0.6502242152466368,0.45233265720081134,0.9743233681774978,0.013452914798206279
all_internal,224,0.4543610547667343,0.9472646100126776,0.6517857142857143,0.4543610547667343,0.9737244740273248,0.013392857142857142
all_internal,225,0.4563894523326572,0.9473287622482904,0.6533333333333333,0.4563894523326572,0.9734511531059163,0.013333333333333334
all_internal,226,0.45841784989858014,0.9482002927348194,0.6548672566371682,0.45841784989858014,0.9729567950975864,0.01327433628318584
all_internal,227,0.460446247464503,0.948270134572792,0.6563876651982379,0.460446247464503,0.9724803968854588,0.013215859030837005
all_internal,228,0.46247464503042596,0.9483754498241932,0.6578947368421053,0.46247464503042596,0.9719454607331344,0.013157894736842105
all_internal,229,0.4645030425963489,0.950365088713946,0.6593886462882096,0.4645030425963489,0.9712763076282837,0.013100436681222707
all_internal,230,0.4665314401622718,0.951938247999342,0.6608695652173913,0.4665314401622718,0.9700600669716516,0.013043478260869565
all_internal,231,0.4685598377281947,0.9539948954356352,0.6623376623376623,0.4685598377281947,0.969018163100307,0.012987012987012988
all_internal,232,0.47058823529411764,0.9541814247218696,0.6637931034482759,0.47058823529411764,0.9688329349604456,0.01293103448275862
all_internal,233,0.4726166328600406,0.9545255153110812,0.6652360515021459,0.4726166328600406,0.96869212676951,0.012875536480686695
all_internal,234,0.4746450304259635,0.9548230672227018,0.6666666666666666,0.4746450304259635,0.9684797707267904,0.01282051282051282
all_internal,235,0.4766734279918864,0.955028713084096,0.6680851063829787,0.4766734279918864,0.9683355749458624,0.01276595744680851
all_internal,236,0.4787018255578093,0.9552797383500884,0.6694915254237288,0.4787018255578093,0.9683153148513725,0.012711864406779662
all_internal,237,0.48073022312373226,0.9562320097397616,0.6708860759493671,0.48073022312373226,0.9681063556843086,0.012658227848101266
all_internal,238,0.4827586206896552,0.95686684289687,0.6722689075630253,0.4827586206896552,0.9665575871726368,0.012605042016806723
all_internal,239,0.4847870182555781,0.957352199534404,0.6736401673640168,0.4847870182555781,0.9664772739845584,0.012552301255230125
all_internal,240,0.486815415821501,0.9578190739022494,0.675,0.486815415821501,0.9658926220250807,0.0125
all_internal,241,0.48884381338742394,0.9578421688433096,0.6763485477178424,0.48884381338742394,0.9651658364895244,0.012448132780082987
all_internal,242,0.4908722109533469,0.957991938660088,0.6776859504132231,0.4908722109533469,0.9641379977065504,0.012396694214876033
all_internal,243,0.49290060851926976,0.9588380945652968,0.6790123456790124,0.49290060851926976,0.9632669472244312,0.012345679012345678
all_internal,244,0.4949290060851927,0.9598038648625326,0.680327868852459,0.4949290060851927,0.9630553712470492,0.012295081967213115
all_internal,245,0.4969574036511156,0.960602235801185,0.6816326530612244,0.4969574036511156,0.9629500236733762,0.012244897959183673
all_internal,246,0.49898580121703856,0.9612932882842397,0.6829268292682927,0.49898580121703856,0.9629492324985304,0.012195121951219513
all_internal,247,0.5010141987829615,0.962762640852123,0.680161943319838,0.5010141987829615,0.962762640852123,0.016194331983805668
all_internal,248,0.5030425963488844,0.9629492324985304,0.6814516129032258,0.5030425963488844,0.9612932882842397,0.016129032258064516
all_internal,249,0.5050709939148073,0.9629500236733762,0.6827309236947792,0.5050709939148073,0.960602235801185,0.01606425702811245
all_internal,250,0.5070993914807302,0.9630553712470492,0.684,0.5070993914807302,0.9598038648625326,0.016
all_internal,251,0.5091277890466531,0.9632669472244312,0.6852589641434262,0.5091277890466531,0.9588380945652968,0.01593625498007968
all_internal,252,0.5111561866125761,0.9641379977065504,0.6865079365079365,0.5111561866125761,0.957991938660088,0.015873015873015872
all_internal,253,0.513184584178499,0.9651658364895244,0.6877470355731226,0.513184584178499,0.9578421688433096,0.015810276679841896
all_internal,254,0.5152129817444219,0.9658926220250807,0.6889763779527559,0.5152129817444219,0.9578190739022494,0.015748031496062992
all_internal,255,0.5172413793103449,0.9664772739845584,0.6901960784313725,0.5172413793103449,0.957352199534404,0.01568627450980392
all_internal,256,0.5192697768762677,0.9665575871726368,0.69140625,0.5192697768762677,0.95686684289687,0.015625
all_internal,257,0.5212981744421906,0.9681063556843086,0.6926070038910506,0.5212981744421906,0.9562320097397616,0.01556420233463035
all_internal,258,0.5233265720081136,0.9683153148513725,0.6937984496124031,0.5233265720081136,0.9552797383500884,0.015503875968992248
all_internal,259,0.5253549695740365,0.9683355749458624,0.694980694980695,0.5253549695740365,0.955028713084096,0.015444015444015444
all_internal,260,0.5273833671399595,0.9684797707267904,0.6961538461538461,0.5273833671399595,0.9548230672227018,0.015384615384615385
all_internal,261,0.5294117647058824,0.96869212676951,0.6973180076628352,0.5294117647058824,0.9545255153110812,0.01532567049808429
all_internal,262,0.5314401622718052,0.9688329349604456,0.6984732824427481,0.5314401622718052,0.9541814247218696,0.015267175572519083
all_internal,263,0.5334685598377282,0.969018163100307,0.6996197718631179,0.5334685598377282,0.9539948954356352,0.015209125475285171
all_internal,264,0.5354969574036511,0.9700600669716516,0.7007575757575758,0.5354969574036511,0.951938247999342,0.015151515151515152
all_internal,265,0.537525354969574,0.9712763076282837,0.7018867924528301,0.537525354969574,0.950365088713946,0.01509433962264151
all_internal,266,0.539553752535497,0.9719454607331344,0.7030075187969925,0.539553752535497,0.9483754498241932,0.015037593984962405
all_internal,267,0.5415821501014199,0.9724803968854588,0.704119850187266,0.5415821501014199,0.948270134572792,0.0149812734082397
all_internal,268,0.5436105476673428,0.9729567950975864,0.7052238805970149,0.5436105476673428,0.9482002927348194,0.014925373134328358
all_internal,269,0.5456389452332657,0.9734511531059163,0.7063197026022305,0.5456389452332657,0.9473287622482904,0.01486988847583643
all_internal,270,0.5476673427991886,0.9737244740273248,0.7074074074074074,0.5476673427991886,0.9472646100126776,0.014814814814814815
all_internal,271,0.5496957403651116,0.9743233681774978,0.7084870848708487,0.5496957403651116,0.94506390323819,0.014760147601476014
all_internal,272,0.5517241379310345,0.9744387181057408,0.7095588235294118,0.5517241379310345,0.9450307636362956,0.014705882352941176
all_internal,273,0.5537525354969574,0.9750596362577608,0.7106227106227107,0.5537525354969574,0.9447400415942276,0.014652014652014652
all_internal,274,0.5557809330628803,0.9755114159814487,0.7116788321167883,0.5557809330628803,0.9443284942116944,0.014598540145985401
all_internal,275,0.5578093306288032,0.9764943756248644,0.7127272727272728,0.5578093306288032,0.9440837462847004,0.014545454545454545
all_internal,276,0.5598377281947262,0.9765202652517616,0.7137681159420289,0.5598377281947262,0.9419549298202776,0.014492753623188406
all_internal,277,0.5618661257606491,0.9772779023797594,0.7148014440433214,0.5618661257606491,0.9409219194430866,0.01444043321299639
all_internal,278,0.563894523326572,0.977382369265666,0.7158273381294964,0.563894523326572,0.9408246052390864,0.014388489208633094
all_internal,279,0.565922920892495,0.9775663695915584,0.7168458781362007,0.565922920892495,0.9407660027358228,0.014336917562724014
all_internal,280,0.5679513184584178,0.9779196630326074,0.7178571428571429,0.5679513184584178,0.9405702312019742,0.017857142857142856
all_internal,281,0.5699797160243407,0.9779264665051036,0.7188612099644128,0.5699797160243407,0.9390003897953704,0.017793594306049824
all_internal,282,0.5720081135902637,0.9779655160068116,0.7198581560283688,0.5720081135902637,0.93866933546482,0.01773049645390071
all_internal,283,0.5740365111561866,0.9780328065698892,0.7208480565371025,0.5740365111561866,0.938235528970067,0.0176678445229682
all_internal,284,0.5760649087221096,0.9783687296077463,0.721830985915493,0.5760649087221096,0.9379913673910288,0.017605633802816902
all_internal,285,0.5780933062880325,0.9793955374603598,0.7228070175438597,0.5780933062880325,0.9375781124289144,0.017543859649122806
all_internal,286,0.5801217038539553,0.9794888917162892,0.7237762237762237,0.5801217038539553,0.9374144289009289,0.017482517482517484
all_internal,287,0.5821501014198783,0.9800879297268514,0.7247386759581882,0.5821501014198783,0.936863708514403,0.017421602787456445
all_internal,288,0.5841784989858012,0.9801476916298468,0.7256944444444444,0.5841784989858012,0.9368222557486676,0.017361111111111112
all_internal,289,0.5862068965517241,0.9801832231614052,0.726643598615917,0.5862068965517241,0.9364169909784056,0.01730103806228374
all_internal,290,0.5882352941176471,0.980249246421379,0.7241379310344828,0.5882352941176471,0.9360437875405108,0.017241379310344827
all_internal,291,0.59026369168357,0.980383395186871,0.7250859106529209,0.59026369168357,0.9358306827517276,0.01718213058419244
all_internal,292,0.592292089249493,0.9808311273647689,0.726027397260274,0.592292089249493,0.935722185806904,0.017123287671232876
all_internal,293,0.5943204868154158,0.9808910810140512,0.7235494880546075,0.5943204868154158,0.933813740061448,0.017064846416382253
all_internal,294,0.5963488843813387,0.9813535203531846,0.7244897959183674,0.5963488843813387,0.9315222079660304,0.017006802721088437
all_internal,295,0.5983772819472617,0.9814928286123736,0.7254237288135593,0.5983772819472617,0.9285040776706894,0.01694915254237288
all_internal,296,0.6004056795131846,0.9821016634696282,0.7263513513513513,0.6004056795131846,0.9282492288494284,0.016891891891891893
all_internal,297,0.6024340770791075,0.982307903244902,0.7272727272727273,0.6024340770791075,0.9279426250678,0.016835016835016835
all_internal,298,0.6044624746450304,0.9823236678038196,0.7281879194630873,0.6044624746450304,0.9279047371269658,0.020134228187919462
all_internal,299,0.6064908722109533,0.982502190729497,0.7290969899665551,0.6064908722109533,0.9258945217074884,0.020066889632107024
all_internal,300,0.6085192697768763,0.982777196046437,0.73,0.6085192697768763,0.9250963272161922,0.02
all_internal,301,0.6105476673427992,0.9827788084997884,0.7308970099667774,0.6105476673427992,0.923407355263566,0.019933554817275746
all_internal,302,0.6125760649087221,0.9832560047653002,0.7317880794701986,0.6125760649087221,0.922549595111908,0.019867549668874173
all_internal,303,0.6146044624746451,0.9834190431773648,0.7326732673267327,0.6146044624746451,0.9209748419611444,0.019801980198019802
all_internal,304,0.6166328600405679,0.9835373209453058,0.7335526315789473,0.6166328600405679,0.92068843926779,0.019736842105263157
all_internal,305,0.6186612576064908,0.9844229429592564,0.7344262295081967,0.6186612576064908,0.9202108889460124,0.019672131147540985
all_internal,306,0.6206896551724138,0.984546762764928,0.7352941176470589,0.6206896551724138,0.9200498758833152,0.02287581699346405
all_internal,307,0.6227180527383367,0.9846067791620848,0.7361563517915309,0.6227180527383367,0.9197944966598998,0.02280130293159609
all_internal,308,0.6247464503042597,0.9846616746258736,0.737012987012987,0.6247464503042597,0.9193988519210934,0.022727272727272728
all_internal,309,0.6267748478701826,0.9846678811537471,0.7378640776699029,0.6267748478701826,0.9189119205694856,0.022653721682847898
all_internal,310,0.6288032454361054,0.9846992701537024,0.7387096774193549,0.6288032454361054,0.9154469111184028,0.02258064516129032
all_internal,311,0.6308316430020284,0.985226878528657,0.7395498392282959,0.6308316430020284,0.9133177324835812,0.022508038585209004
all_internal,312,0.6328600405679513,0.9855451822928868,0.7403846153846154,0.6328600405679513,0.9121456319497108,0.022435897435897436
all_internal,313,0.6348884381338742,0.9855465683398962,0.7412140575079872,0.6348884381338742,0.91105003395553,0.022364217252396165
all_internal,314,0.6369168356997972,0.985619588373799,0.7420382165605095,0.6369168356997972,0.908115651624004,0.022292993630573247
all_internal,315,0.6389452332657201,0.9856527942609328,0.7428571428571429,0.6389452332657201,0.9054195560608992,0.025396825396825397
all_internal,316,0.640973630831643,0.9858701678703002,0.7436708860759493,0.640973630831643,0.90219710194997,0.02531645569620253
all_internal,317,0.6430020283975659,0.9861528573918626,0.7444794952681388,0.6430020283975659,0.9004859885437876,0.025236593059936908
all_internal,318,0.6450304259634888,0.9862141644817028,0.7452830188679245,0.6450304259634888,0.8990559981291789,0.025157232704402517
all_internal,319,0.6470588235294118,0.9864361717748756,0.7460815047021944,0.6470588235294118,0.8990475600696534,0.025078369905956112
all_internal,320,0.6490872210953347,0.9865512722242932,0.746875,0.6490872210953347,0.8989370876295711,0.025
all_internal,321,0.6511156186612576,0.9871732975031248,0.7476635514018691,0.6511156186612576,0.8987834076251918,0.024922118380062305
all_internal,322,0.6531440162271805,0.9885083165716144,0.7484472049689441,0.6531440162271805,0.8980674402553968,0.024844720496894408
all_internal,323,0.6551724137931034,0.9885409232379072,0.7492260061919505,0.6551724137931034,0.8953108629603145,0.02476780185758514
all_internal,324,0.6572008113590264,0.9886929023758046,0.75,0.6572008113590264,0.8948237040445995,0.027777777777777776
all_internal,325,0.6592292089249493,0.9887678986432948,0.7507692307692307,0.6592292089249493,0.893446992102939,0.027692307692307693
all_internal,326,0.6612576064908722,0.9889251036137112,0.7515337423312883,0.6612576064908722,0.8925103119170021,0.027607361963190184
all_internal,327,0.6632860040567952,0.9889309183485676,0.7522935779816514,0.6632860040567952,0.8923497483834136,0.027522935779816515
all_internal,328,0.665314401622718,0.9891024121105272,0.7530487804878049,0.665314401622718,0.8920679928797429,0.027439024390243903
all_internal,329,0.6673427991886409,0.9891728688167788,0.7537993920972644,0.6673427991886409,0.8920572820740582,0.02735562310030395
all_internal,330,0.6693711967545639,0.9892494481996826,0.7545454545454545,0.6693711967545639,0.8873526937246344,0.030303030303030304
all_internal,331,0.6713995943204868,0.9894145027744754,0.7552870090634441,0.6713995943204868,0.8829210734068276,0.030211480362537766
all_internal,332,0.6734279918864098,0.9895693201651588,0.7560240963855421,0.6734279918864098,0.8828339543462251,0.030120481927710843
all_internal,333,0.6754563894523327,0.9895737082242376,0.7567567567567568,0.6754563894523327,0.8812058887440113,0.03003003003003003
all_internal,334,0.6774847870182555,0.9896796789106488,0.7574850299401198,0.6774847870182555,0.8807467926255087,0.029940119760479042
all_internal,335,0.6795131845841785,0.9897840507788996,0.7582089552238805,0.6795131845841785,0.8794927765366619,0.029850746268656716
all_internal,336,0.6815415821501014,0.9898502634891136,0.7589285714285714,0.6815415821501014,0.8788783570470009,0.02976190476190476
all_internal,337,0.6835699797160243,0.9899128057792416,0.7596439169139466,0.6835699797160243,0.8759402437954658,0.02967359050445104
all_internal,338,0.6855983772819473,0.9903994458699474,0.7603550295857988,0.6855983772819473,0.8739755028567967,0.029585798816568046
all_internal,339,0.6876267748478702,0.9905481086481268,0.7610619469026548,0.6876267748478702,0.8703186493861405,0.029498525073746312
all_internal,340,0.6896551724137931,0.990748552292128,0.7617647058823529,0.6896551724137931,0.8671612384318647,0.03235294117647059
all_internal,341,0.691683569979716,0.9908851003299984,0.7624633431085044,0.691683569979716,0.8610039220283209,0.03225806451612903
all_internal,342,0.6937119675456389,0.9909443108978,0.7631578947368421,0.6937119675456389,0.8605155628448428,0.03216374269005848
all_internal,343,0.6957403651115619,0.9913663811852316,0.7638483965014577,0.6957403651115619,0.8556540907408299,0.03206997084548105
all_internal,344,0.6977687626774848,0.9913764971539114,0.7645348837209303,0.6977687626774848,0.8554759634379742,0.03197674418604651
all_internal,345,0.6997971602434077,0.9916026681918532,0.7652173913043478,0.6997971602434077,0.8545825180308078,0.03188405797101449
all_internal,346,0.7018255578093306,0.9918252981220596,0.7658959537572254,0.7018255578093306,0.852619902818827,0.031791907514450865
all_internal,347,0.7038539553752535,0.991976762638766,0.7665706051873199,0.7038539553752535,0.85190168517589,0.03170028818443804
all_internal,348,0.7058823529411765,0.9921455107850328,0.7672413793103449,0.7058823529411765,0.8511577572658682,0.031609195402298854
all_internal,349,0.7079107505070994,0.9923164317608384,0.7679083094555874,0.7079107505070994,0.8503033978451617,0.03151862464183381
all_internal,350,0.7099391480730223,0.9923503099665744,0.7685714285714286,0.7099391480730223,0.8479834448051875,0.03142857142857143
all_internal,351,0.7119675456389453,0.9925079253941762,0.7692307692307693,0.7119675456389453,0.8460980759776482,0.03133903133903134
all_internal,352,0.7139959432048681,0.9927084740854618,0.7698863636363636,0.7139959432048681,0.843906078606491,0.03409090909090909
all_internal,353,0.716024340770791,0.9929027860004176,0.7705382436260623,0.716024340770791,0.8437824434190965,0.0339943342776204
all_internal,354,0.718052738336714,0.9932415500729496,0.7711864406779662,0.718052738336714,0.8385373950584697,0.03389830508474576
all_internal,355,0.7200811359026369,0.99324381523157,0.7718309859154929,0.7200811359026369,0.8384038365399356,0.03380281690140845
all_internal,356,0.7221095334685599,0.9932571379270412,0.7724719101123596,0.7221095334685599,0.8378722523082498,0.03651685393258427
all_internal,357,0.7241379310344828,0.993422634769036,0.773109243697479,0.7241379310344828,0.8360613778703433,0.036414565826330535
all_internal,358,0.7261663286004056,0.9935149257944198,0.7737430167597765,0.7261663286004056,0.8341406493878829,0.036312849162011177
all_internal,359,0.7281947261663286,0.9935537514680955,0.7743732590529248,0.7281947261663286,0.8329873133006502,0.036211699164345405
all_internal,360,0.7302231237322515,0.9936975707291862,0.7722222222222223,0.7302231237322515,0.8251534143118605,0.03611111111111111
all_internal,361,0.7322515212981744,0.9937124616751408,0.7728531855955678,0.7322515212981744,0.8212844352958516,0.036011080332409975
all_internal,362,0.7342799188640974,0.9937686856200578,0.7734806629834254,0.7342799188640974,0.8205558260102334,0.03591160220994475
all_internal,363,0.7363083164300203,0.9937746942952314,0.7741046831955923,0.7363083164300203,0.8187946535817886,0.03581267217630854
all_internal,364,0.7383367139959433,0.9938209691079236,0.7747252747252747,0.7383367139959433,0.8134810109412448,0.03571428571428571
all_internal,365,0.7403651115618661,0.9938719836130968,0.7753424657534247,0.7403651115618661,0.8125967828700532,0.03561643835616438
all_internal,366,0.742393509127789,0.9939296651399788,0.7759562841530054,0.742393509127789,0.811170996007953,0.03551912568306011
all_internal,367,0.744421906693712,0.9939434226166872,0.776566757493188,0.744421906693712,0.8097757268895422,0.035422343324250684
all_internal,368,0.7464503042596349,0.9939460409255304,0.7771739130434783,0.7464503042596349,0.8071075532230993,0.035326086956521736
all_internal,369,0.7484787018255578,0.9941770257783106,0.7777777777777778,0.7484787018255578,0.8034054158797641,0.03523035230352303
all_internal,370,0.7505070993914807,0.9943836180129758,0.7783783783783784,0.7505070993914807,0.8009105736339852,0.03783783783783784
all_internal,371,0.7525354969574036,0.9944875771030754,0.7789757412398922,0.7525354969574036,0.8007793528436293,0.03773584905660377
all_internal,372,0.7545638945233266,0.9946640155004838,0.7795698924731183,0.7545638945233266,0.8006506847241575,0.03763440860215054
all_internal,373,0.7565922920892495,0.9948719221069006,0.7801608579088471,0.7565922920892495,0.7973773855497026,0.03753351206434316
all_internal,374,0.7586206896551724,0.9949454116656284,0.7807486631016043,0.7586206896551724,0.7971408057278467,0.0374331550802139
all_internal,375,0.7606490872210954,0.9949687365514444,0.7813333333333333,0.7606490872210954,0.7970650457695737,0.037333333333333336
all_internal,376,0.7626774847870182,0.9950031136831754,0.7819148936170213,0.7626774847870182,0.7965087620826994,0.0398936170212766
all_internal,377,0.7647058823529411,0.9950032033987352,0.7824933687002652,0.7647058823529411,0.79633349739833,0.03978779840848806
all_internal,378,0.7667342799188641,0.9951665136528018,0.783068783068783,0.7667342799188641,0.7908058282525202,0.03968253968253968
all_internal,379,0.768762677484787,0.9951670416252844,0.783641160949868,0.768762677484787,0.7892588020452073,0.0395778364116095
all_internal,380,0.77079107505071,0.9951863603687828,0.7842105263157895,0.77079107505071,0.7888064267340861,0.039473684210526314
all_internal,381,0.7728194726166329,0.9952189073412642,0.7847769028871391,0.7728194726166329,0.7869999408795256,0.04199475065616798
all_internal,382,0.7748478701825557,0.9952366597144948,0.7853403141361257,0.7748478701825557,0.7854154630524006,0.04450261780104712
all_internal,383,0.7768762677484787,0.9952377847021056,0.7859007832898173,0.7768762677484787,0.7736812198819131,0.04699738903394256
all_internal,384,0.7789046653144016,0.9952711438030526,0.7864583333333334,0.7789046653144016,0.7731482392499863,0.049479166666666664
all_internal,385,0.7809330628803245,0.9952952891583412,0.787012987012987,0.7809330628803245,0.7714364704673083,0.04935064935064935
all_internal,386,0.7829614604462475,0.9954756662535968,0.7875647668393783,0.7829614604462475,0.7706267104999682,0.04922279792746114
all_internal,387,0.7849898580121704,0.995599241087978,0.7881136950904393,0.7849898580121704,0.7688241836962704,0.04909560723514212
all_internal,388,0.7870182555780934,0.9957206663467632,0.788659793814433,0.7870182555780934,0.7669983982034217,0.05154639175257732
all_internal,389,0.7890466531440162,0.9957640521767076,0.7892030848329049,0.7890466531440162,0.7657416380146033,0.05398457583547558
all_internal,390,0.7910750507099391,0.995808326410206,0.7897435897435897,0.7910750507099391,0.7601970997676643,0.05384615384615385
all_internal,391,0.7931034482758621,0.9958358448244916,0.7902813299232737,0.7931034482758621,0.7576321718212412,0.056265984654731455
all_internal,392,0.795131845841785,0.9959232025608808,0.7908163265306123,0.795131845841785,0.7550421954436736,0.058673469387755105
all_internal,393,0.7971602434077079,0.9960631119502434,0.7913486005089059,0.7971602434077079,0.7488331930494538,0.058524173027989825
all_internal,394,0.7991886409736308,0.99607204089392,0.7918781725888325,0.7991886409736308,0.742414326101745,0.06091370558375635
all_internal,395,0.8012170385395537,0.9960785432107356,0.7924050632911392,0.8012170385395537,0.7360395465020351,0.060759493670886074
all_internal,396,0.8032454361054767,0.9960807106137564,0.7929292929292929,0.8032454361054767,0.7319604936201717,0.06060606060606061
all_internal,397,0.8052738336713996,0.9960877199344776,0.7934508816120907,0.8052738336713996,0.716953692669873,0.06297229219143577
all_internal,398,0.8073022312373225,0.9961167450070672,0.7939698492462312,0.8073022312373225,0.7168625918623168,0.06281407035175879
all_internal,399,0.8093306288032455,0.996230398444162,0.7944862155388471,0.8093306288032455,0.7152242969226984,0.06265664160401002
all_internal,400,0.8113590263691683,0.9962822180980992,0.795,0.8113590263691683,0.7098140576625712,0.0625
all_internal,401,0.8133874239350912,0.99629914518092,0.7955112219451371,0.8133874239350912,0.7034371555140446,0.06234413965087282
all_internal,402,0.8154158215010142,0.996313517613082,0.7960199004975125,0.8154158215010142,0.6891935611744539,0.06218905472636816
all_internal,403,0.8174442190669371,0.9963939078767028,0.7965260545905707,0.8174442190669371,0.6843093601215027,0.062034739454094295
all_internal,404,0.8194726166328601,0.9964402027259918,0.7970297029702971,0.8194726166328601,0.666913962866356,0.06435643564356436
all_internal,405,0.821501014198783,0.9964883870701768,0.7975308641975308,0.821501014198783,0.6623102997414826,0.06666666666666667
all_internal,406,0.8235294117647058,0.9964916204825864,0.7980295566502463,0.8235294117647058,0.6529009643345514,0.06896551724137931
all_internal,407,0.8255578093306288,0.9965896454506424,0.7985257985257985,0.8255578093306288,0.6505779794062578,0.0687960687960688
all_internal,408,0.8275862068965517,0.9967918734140232,0.7990196078431373,0.8275862068965517,0.6416974921468762,0.06862745098039216
all_internal,409,0.8296146044624746,0.9968010760231736,0.7995110024449877,0.8296146044624746,0.6366073335797424,0.07090464547677261
all_internal,410,0.8316430020283976,0.9968426028677064,0.8,0.8316430020283976,0.6340849488004399,0.07073170731707316
all_internal,411,0.8336713995943205,0.9968513965019746,0.8004866180048662,0.8336713995943205,0.6334294101078796,0.0705596107055961
all_internal,412,0.8356997971602435,0.9969810158629736,0.8009708737864077,0.8356997971602435,0.6245328632253446,0.0703883495145631
all_internal,413,0.8377281947261663,0.997014983651562,0.801452784503632,0.8377281947261663,0.610650227778987,0.07021791767554479
all_internal,414,0.8397565922920892,0.997066900549116,0.8019323671497585,0.8397565922920892,0.6087077052139047,0.07004830917874397
all_internal,415,0.8417849898580122,0.9970956790916048,0.8024096385542169,0.8417849898580122,0.6057861780261994,0.06987951807228916
all_internal,416,0.8438133874239351,0.9971293831493612,0.8028846153846154,0.8438133874239351,0.6044666846367058,0.06971153846153846
all_internal,417,0.845841784989858,0.9971508541236556,0.8033573141486811,0.845841784989858,0.6043955076253176,0.06954436450839328
all_internal,418,0.847870182555781,0.9972656890918602,0.8038277511961722,0.847870182555781,0.5986807959897132,0.07177033492822966
all_internal,419,0.8498985801217038,0.9972864489515972,0.8042959427207638,0.8498985801217038,0.5945054898923895,0.07398568019093078
all_internal,420,0.8519269776876268,0.9974102925412406,0.8047619047619048,0.8519269776876268,0.5928690931488391,0.07380952380952381
all_internal,421,0.8539553752535497,0.9975346442128736,0.8052256532066508,0.8539553752535497,0.5914505202855229,0.07600950118764846
all_internal,422,0.8559837728194726,0.9975872252891296,0.8056872037914692,0.8559837728194726,0.5907899142877636,0.07582938388625593
all_internal,423,0.8580121703853956,0.9976057771439248,0.806146572104019,0.8580121703853956,0.5836846903433996,0.07565011820330969
all_internal,424,0.8600405679513184,0.9977464858306268,0.8066037735849056,0.8600405679513184,0.5676004999479953,0.07783018867924528
all_internal,425,0.8620689655172413,0.9977616949370592,0.8070588235294117,0.8620689655172413,0.559760004609683,0.07764705882352942
all_internal,426,0.8640973630831643,0.997796964965689,0.8075117370892019,0.8640973630831643,0.5535839847344801,0.07746478873239436
all_internal,427,0.8661257606490872,0.9979088266856788,0.8079625292740047,0.8661257606490872,0.5489687184036444,0.07728337236533958
all_internal,428,0.8681541582150102,0.9979239672302612,0.8084112149532711,0.8681541582150102,0.5462147645844985,0.0794392523364486
all_internal,429,0.8701825557809331,0.9979537623979492,0.8088578088578089,0.8701825557809331,0.5408081301163239,0.07925407925407925
all_internal,430,0.8722109533468559,0.9980796796903902,0.8093023255813954,0.8722109533468559,0.5378257245311103,0.07906976744186046
all_internal,431,0.8742393509127789,0.998119551858847,0.8097447795823666,0.8742393509127789,0.5370574969494841,0.08120649651972157
all_internal,432,0.8762677484787018,0.998162565192142,0.8101851851851852,0.8762677484787018,0.5298097698052577,0.08333333333333333
all_internal,433,0.8782961460446247,0.9981768274771322,0.8106235565819861,0.8782961460446247,0.526290067141841,0.08314087759815242
all_internal,434,0.8803245436105477,0.9981977786884928,0.8110599078341014,0.8803245436105477,0.5258968156916414,0.08525345622119816
all_internal,435,0.8823529411764706,0.9982244397541375,0.8114942528735632,0.8823529411764706,0.5229923560579767,0.08505747126436781
all_internal,436,0.8843813387423936,0.9983603221676428,0.8119266055045872,0.8843813387423936,0.5204741346213948,0.08486238532110092
all_internal,437,0.8864097363083164,0.998414590605558,0.8123569794050344,0.8864097363083164,0.5184864334458821,0.08695652173913043
all_internal,438,0.8884381338742393,0.9984489113420189,0.8127853881278538,0.8884381338742393,0.4902262830135618,0.0867579908675799
all_internal,439,0.8904665314401623,0.998485725162662,0.8132118451025057,0.8904665314401623,0.4893933995636848,0.0888382687927107
all_internal,440,0.8924949290060852,0.9985105770399412,0.8136363636363636,0.8924949290060852,0.4867321302625388,0.09090909090909091
all_internal,441,0.8945233265720081,0.9985620636776208,0.8140589569160998,0.8945233265720081,0.4860871640532694,0.09297052154195011
all_internal,442,0.896551724137931,0.998619919281812,0.8144796380090498,0.896551724137931,0.4821918335751724,0.09276018099547512
all_internal,443,0.8985801217038539,0.9986213132342656,0.8148984198645598,0.8985801217038539,0.4795869619195513,0.09480812641083522
all_internal,444,0.9006085192697769,0.9986291658965176,0.8153153153153153,0.9006085192697769,0.4613931772434151,0.09684684684684684
all_internal,445,0.9026369168356998,0.9986448876271604,0.8157303370786517,0.9026369168356998,0.4573220260018599,0.09887640449438202
all_internal,446,0.9046653144016227,0.998655969517672,0.8161434977578476,0.9046653144016227,0.4547397918359047,0.10089686098654709
all_internal,447,0.9066937119675457,0.9987156365545504,0.8165548098434005,0.9066937119675457,0.4504179407558953,0.1029082774049217
all_internal,448,0.9087221095334685,0.9987367824128066,0.8169642857142857,0.9087221095334685,0.4468207528299898,0.10491071428571429
all_internal,449,0.9107505070993914,0.9987794246024284,0.8173719376391982,0.9107505070993914,0.4343837184717971,0.10690423162583519
all_internal,450,0.9127789046653144,0.9988213326395454,0.8177777777777778,0.9127789046653144,0.4245209145775837,0.10888888888888888
all_internal,451,0.9148073022312373,0.9988287369949028,0.8181818181818182,0.9148073022312373,0.4229410247411567,0.10864745011086474
all_internal,452,0.9168356997971603,0.9988572902040777,0.8185840707964602,0.9168356997971603,0.4158321946966385,0.11061946902654868
all_internal,453,0.9188640973630832,0.9988740240433336,0.8189845474613686,0.9188640973630832,0.3989126067675739,0.11258278145695365
all_internal,454,0.920892494929006,0.9989459209965852,0.8193832599118943,0.920892494929006,0.3984846990837027,0.1145374449339207
all_internal,455,0.922920892494929,0.9989614704190092,0.8197802197802198,0.922920892494929,0.3939986296423686,0.11428571428571428
all_internal,456,0.9249492900608519,0.9989975552612544,0.8201754385964912,0.9249492900608519,0.3756830991361387,0.1162280701754386
all_internal,457,0.9269776876267748,0.999012570597322,0.8205689277899344,0.9269776876267748,0.3669126555752944,0.11816192560175055
all_internal,458,0.9290060851926978,0.9990147987173909,0.8209606986899564,0.9290060851926978,0.3585808848714156,0.12008733624454149
all_internal,459,0.9310344827586207,0.9990189379559749,0.8213507625272332,0.9310344827586207,0.3568526613348103,0.11982570806100218
all_internal,460,0.9330628803245437,0.9990261091779008,0.8217391304347826,0.9330628803245437,0.354449059998393,0.12173913043478261
all_internal,461,0.9350912778904665,0.9990313670523508,0.8221258134490239,0.9350912778904665,0.3528900318937641,0.12364425162689804
all_internal,462,0.9371196754563894,0.9990647679922842,0.8225108225108225,0.9371196754563894,0.3452502076603706,0.12337662337662338
all_internal,463,0.9391480730223124,0.999085590763348,0.8228941684665226,0.9391480730223124,0.3450117444945417,0.12526997840172785
all_internal,464,0.9411764705882353,0.9990895527472434,0.8232758620689655,0.9411764705882353,0.3315154969919098,0.1271551724137931
all_internal,465,0.9432048681541582,0.9991054339493736,0.8236559139784946,0.9432048681541582,0.3259547677284312,0.12903225806451613
all_internal,466,0.9452332657200812,0.9991092725623084,0.8240343347639485,0.9452332657200812,0.3232396423187383,0.12875536480686695
all_internal,467,0.947261663286004,0.999172071964356,0.8244111349036403,0.947261663286004,0.3043588462374753,0.13062098501070663
all_internal,468,0.949290060851927,0.999201082698537,0.8247863247863247,0.949290060851927,0.3016848503335693,0.13247863247863248
all_internal,469,0.9513184584178499,0.9992408063582724,0.8251599147121536,0.9513184584178499,0.3007849604689865,0.13219616204690832
all_internal,470,0.9533468559837728,0.9993005508855426,0.825531914893617,0.9533468559837728,0.28633801862727,0.13404255319148936
all_internal,471,0.9553752535496958,0.999328598860657,0.8259023354564756,0.9553752535496958,0.2774065619172778,0.13588110403397027
all_internal,472,0.9574036511156186,0.9993554391560552,0.826271186440678,0.9574036511156186,0.2732649472025822,0.13771186440677965
all_internal,473,0.9594320486815415,0.9993689539237124,0.8266384778012685,0.9594320486815415,0.2727777061158958,0.13953488372093023
all_internal,474,0.9614604462474645,0.9993715406091194,0.8270042194092827,0.9614604462474645,0.2632749046153387,0.14135021097046413
all_internal,475,0.9634888438133874,0.9994091231878828,0.8273684210526315,0.9634888438133874,0.254273174837036,0.1431578947368421
all_internal,476,0.9655172413793104,0.9994939677853952,0.8277310924369747,0.9655172413793104,0.2506347128061025,0.14495798319327732
all_internal,477,0.9675456389452333,0.9995191204212814,0.8280922431865828,0.9675456389452333,0.24774195169148,0.14675052410901468
all_internal,478,0.9695740365111561,0.9995639112596538,0.8284518828451883,0.9695740365111561,0.2326916799441701,0.14853556485355648
all_internal,479,0.9716024340770791,0.9995726235883996,0.8288100208768268,0.9716024340770791,0.2272897129319529,0.15031315240083507
all_internal,480,0.973630831643002,0.9995910903754676,0.8291666666666667,0.973630831643002,0.2174878464072621,0.15208333333333332
all_internal,481,0.9756592292089249,0.9996212516640008,0.8295218295218295,0.9756592292089249,0.2166643006852019,0.15384615384615385
all_internal,482,0.9776876267748479,0.9996718525302222,0.8298755186721992,0.9776876267748479,0.2075217984911997,0.15560165975103735
all_internal,483,0.9797160243407708,0.9996885920689272,0.8302277432712215,0.9797160243407708,0.2028521048659442,0.15734989648033126
all_internal,484,0.9817444219066938,0.9997016264974352,0.8305785123966942,0.9817444219066938,0.2007428438137571,0.1590909090909091
all_internal,485,0.9837728194726166,0.9997269226493358,0.8309278350515464,0.9837728194726166,0.1997249303442635,0.16082474226804125
all_internal,486,0.9858012170385395,0.9997375719402104,0.831275720164609,0.9858012170385395,0.1823109266098561,0.16049382716049382
all_internal,487,0.9878296146044625,0.999762840103397,0.8316221765913757,0.9878296146044625,0.1660716788543226,0.162217659137577
all_internal,488,0.9898580121703854,0.9997804839132688,0.8319672131147541,0.9898580121703854,0.1652236422087236,0.16188524590163936
all_internal,489,0.9918864097363083,0.9998794786399848,0.8323108384458078,0.9918864097363083,0.1599476413801167,0.16155419222903886
all_internal,490,0.9939148073022313,0.9998937181031504,0.8326530612244898,0.9939148073022313,0.1528514543314509,0.16122448979591836
all_internal,491,0.9959432048681541,0.999921727323333,0.8329938900203666,0.9959432048681541,0.1094802309695531,0.1629327902240326
all_internal,492,0.9979716024340771,0.9999541432746698,0.8333333333333334,0.9979716024340771,0.1010893382528395,0.16463414634146342
all_internal,493,1.0,0.9999568217909288,0.8336713995943205,1.0,0.0998294673794596,0.1663286004056795
context_action+all_internal,1,0.002028397565922921,0.0540468060621117,0.0,0.002028397565922921,0.999917174473564,0.0
context_action+all_internal,2,0.004056795131845842,0.0708823146421495,0.0,0.004056795131845842,0.999917174473564,0.0
context_action+all_internal,3,0.006085192697768763,0.0745110791615698,0.0,0.006085192697768763,0.999917174473564,0.0
context_action+all_internal,4,0.008113590263691683,0.0790956830948772,0.0,0.008113590263691683,0.999917174473564,0.0
context_action+all_internal,5,0.010141987829614604,0.0951493334274984,0.0,0.010141987829614604,0.999917174473564,0.0
context_action+all_internal,6,0.012170385395537525,0.1008575715143214,0.0,0.012170385395537525,0.999917174473564,0.0
context_action+all_internal,7,0.014198782961460446,0.104126017897914,0.0,0.014198782961460446,0.999917174473564,0.0
context_action+all_internal,8,0.016227180527383367,0.1176411042654117,0.125,0.016227180527383367,0.999917174473564,0.0
context_action+all_internal,9,0.018255578093306288,0.121688496110112,0.1111111111111111,0.018255578093306288,0.999917174473564,0.0
context_action+all_internal,10,0.02028397565922921,0.1368366092815439,0.1,0.02028397565922921,0.999917174473564,0.0
context_action+all_internal,11,0.02231237322515213,0.1489375852268956,0.09090909090909091,0.02231237322515213,0.999917174473564,0.0
context_action+all_internal,12,0.02434077079107505,0.1489424063703187,0.08333333333333333,0.02434077079107505,0.999917174473564,0.0
context_action+all_internal,13,0.02636916835699797,0.1504658283076684,0.07692307692307693,0.02636916835699797,0.999917174473564,0.0
context_action+all_internal,14,0.028397565922920892,0.1824254284308833,0.07142857142857142,0.028397565922920892,0.999917174473564,0.0
context_action+all_internal,15,0.030425963488843813,0.1912605462411873,0.06666666666666667,0.030425963488843813,0.999917174473564,0.0
context_action+all_internal,16,0.032454361054766734,0.1950175713461464,0.0625,0.032454361054766734,0.999917174473564,0.0
context_action+all_internal,17,0.034482758620689655,0.2015380431207182,0.11764705882352941,0.034482758620689655,0.999917174473564,0.0
context_action+all_internal,18,0.036511156186612576,0.2024518056654215,0.1111111111111111,0.036511156186612576,0.999917174473564,0.0
context_action+all_internal,19,0.038539553752535496,0.2040861856520157,0.10526315789473684,0.038539553752535496,0.999917174473564,0.0
context_action+all_internal,20,0.04056795131845842,0.2256784257825477,0.15,0.04056795131845842,0.999917174473564,0.0
context_action+all_internal,21,0.04259634888438134,0.2275285219026636,0.14285714285714285,0.04259634888438134,0.999916192933892,0.0
context_action+all_internal,22,0.04462474645030426,0.2601960304718219,0.13636363636363635,0.04462474645030426,0.9999132706282022,0.0
context_action+all_internal,23,0.04665314401622718,0.2612958841888982,0.13043478260869565,0.04665314401622718,0.9999116530487714,0.0
context_action+all_internal,24,0.0486815415821501,0.2639577324865707,0.125,0.0486815415821501,0.9999085785587072,0.0
context_action+all_internal,25,0.05070993914807302,0.2745588811806817,0.12,0.05070993914807302,0.9998968689336418,0.0
context_action+all_internal,26,0.05273833671399594,0.2763460511541503,0.11538461538461539,0.05273833671399594,0.999892897888445,0.0
context_action+all_internal,27,0.05476673427991886,0.2889000078297894,0.1111111111111111,0.05476673427991886,0.9998890689007892,0.0
context_action+all_internal,28,0.056795131845841784,0.3010278815227441,0.10714285714285714,0.056795131845841784,0.99988741877468,0.0
context_action+all_internal,29,0.058823529411764705,0.3033804125203724,0.10344827586206896,0.058823529411764705,0.9998841160096658,0.0
context_action+all_internal,30,0.060851926977687626,0.3113887586907619,0.1,0.060851926977687626,0.99987371907158,0.0
context_action+all_internal,31,0.06288032454361055,0.3500030594265079,0.12903225806451613,0.06288032454361055,0.9998654125385384,0.0
context_action+all_internal,32,0.06490872210953347,0.3577886771833882,0.125,0.06490872210953347,0.9998651244250952,0.0
context_action+all_internal,33,0.06693711967545639,0.3614116199855327,0.12121212121212122,0.06693711967545639,0.9998648720779676,0.0
context_action+all_internal,34,0.06896551724137931,0.3623552679404293,0.11764705882352941,0.06896551724137931,0.999863110807538,0.0
context_action+all_internal,35,0.07099391480730223,0.3625694779479614,0.11428571428571428,0.07099391480730223,0.9998476264836452,0.0
context_action+all_internal,36,0.07302231237322515,0.3924137854603678,0.1388888888888889,0.07302231237322515,0.9998409218670312,0.0
context_action+all_internal,37,0.07505070993914807,0.3930884066884431,0.16216216216216217,0.07505070993914807,0.9998332980885264,0.0
context_action+all_internal,38,0.07707910750507099,0.4023569942824473,0.15789473684210525,0.07707910750507099,0.99982561839868,0.0
context_action+all_internal,39,0.07910750507099391,0.4089895332495789,0.15384615384615385,0.07910750507099391,0.999822112384306,0.0
context_action+all_internal,40,0.08113590263691683,0.4107863578186246,0.15,0.08113590263691683,0.9998121739219816,0.0
context_action+all_internal,41,0.08316430020283976,0.4207323953541222,0.17073170731707318,0.08316430020283976,0.99980751516909,0.0
context_action+all_internal,42,0.08519269776876268,0.4313062172859997,0.19047619047619047,0.08519269776876268,0.999786544782586,0.0
context_action+all_internal,43,0.0872210953346856,0.4348455621307137,0.18604651162790697,0.0872210953346856,0.9997848672509766,0.0
context_action+all_internal,44,0.08924949290060852,0.439576299190885,0.18181818181818182,0.08924949290060852,0.9997786303393242,0.0
context_action+all_internal,45,0.09127789046653144,0.4467917497936214,0.2,0.09127789046653144,0.9997758226509976,0.0
context_action+all_internal,46,0.09330628803245436,0.4501975562609491,0.1956521739130435,0.09330628803245436,0.9997690369135372,0.0
context_action+all_internal,47,0.09533468559837728,0.4574888093670997,0.19148936170212766,0.09533468559837728,0.9997663026944223,0.0
context_action+all_internal,48,0.0973630831643002,0.4675213335163974,0.1875,0.0973630831643002,0.9997588010317164,0.0
context_action+all_internal,49,0.09939148073022312,0.480420310521838,0.1836734693877551,0.09939148073022312,0.9997563152905868,0.0
context_action+all_internal,50,0.10141987829614604,0.4809266969566779,0.18,0.10141987829614604,0.9997476735436904,0.0
context_action+all_internal,51,0.10344827586206896,0.4844981750983411,0.17647058823529413,0.10344827586206896,0.9997402243149296,0.0
context_action+all_internal,52,0.10547667342799188,0.4896556073333851,0.17307692307692307,0.10547667342799188,0.9997349928888136,0.0
context_action+all_internal,53,0.1075050709939148,0.4968720439130073,0.18867924528301888,0.1075050709939148,0.9997255850791384,0.0
context_action+all_internal,54,0.10953346855983773,0.50432221227616,0.2037037037037037,0.10953346855983773,0.999714375819604,0.0
context_action+all_internal,55,0.11156186612576065,0.5120723277394361,0.2,0.11156186612576065,0.9997073292306412,0.0
context_action+all_internal,56,0.11359026369168357,0.5143696041188298,0.19642857142857142,0.11359026369168357,0.9997062184171056,0.0
context_action+all_internal,57,0.11561866125760649,0.5190854352808201,0.21052631578947367,0.11561866125760649,0.9996980217395004,0.0
context_action+all_internal,58,0.11764705882352941,0.5215152136740876,0.20689655172413793,0.11764705882352941,0.9996854414712854,0.0
context_action+all_internal,59,0.11967545638945233,0.5299571098493807,0.22033898305084745,0.11967545638945233,0.999684740042038,0.0
context_action+all_internal,60,0.12170385395537525,0.5375129583970611,0.23333333333333334,0.12170385395537525,0.999678554211774,0.0
context_action+all_internal,61,0.12373225152129817,0.5405173819591388,0.22950819672131148,0.12373225152129817,0.9996348721178072,0.0
context_action+all_internal,62,0.1257606490872211,0.5525801330393116,0.22580645161290322,0.1257606490872211,0.9996202192381743,0.0
context_action+all_internal,63,0.12778904665314403,0.5565956185018904,0.2222222222222222,0.12778904665314403,0.9996133543056704,0.0
context_action+all_internal,64,0.12981744421906694,0.5580008129730757,0.21875,0.12981744421906694,0.9996126318945462,0.0
context_action+all_internal,65,0.13184584178498987,0.5588573176673411,0.2153846153846154,0.13184584178498987,0.9995915914058484,0.0
context_action+all_internal,66,0.13387423935091278,0.560475536546586,0.22727272727272727,0.13387423935091278,0.99959136201393,0.0
context_action+all_internal,67,0.1359026369168357,0.5652981943412577,0.23880597014925373,0.1359026369168357,0.9995700492269766,0.0
context_action+all_internal,68,0.13793103448275862,0.5698005960804017,0.25,0.13793103448275862,0.9995596797536728,0.0
context_action+all_internal,69,0.13995943204868155,0.574127477321218,0.2608695652173913,0.13995943204868155,0.9995491984053492,0.0
context_action+all_internal,70,0.14198782961460446,0.5918378923073185,0.2714285714285714,0.14198782961460446,0.999528843673409,0.0
context_action+all_internal,71,0.1440162271805274,0.5936562460362957,0.28169014084507044,0.1440162271805274,0.9995283883819286,0.0
context_action+all_internal,72,0.1460446247464503,0.5946914370491816,0.2916666666666667,0.1460446247464503,0.9995248368362954,0.0
context_action+all_internal,73,0.14807302231237324,0.59691596130604,0.3013698630136986,0.14807302231237324,0.9995163471470598,0.0
context_action+all_internal,74,0.15010141987829614,0.5975997088991675,0.2972972972972973,0.15010141987829614,0.9995125410213538,0.0
context_action+all_internal,75,0.15212981744421908,0.6065475965197773,0.30666666666666664,0.15212981744421908,0.9994451205227338,0.0
context_action+all_internal,76,0.15415821501014199,0.6070493632201629,0.3026315789473684,0.15415821501014199,0.999399198919646,0.0
context_action+all_internal,77,0.15618661257606492,0.6100572136944193,0.3116883116883117,0.15618661257606492,0.9993836714435196,0.0
context_action+all_internal,78,0.15821501014198783,0.6106067630372592,0.32051282051282054,0.15821501014198783,0.999326659360803,0.0
context_action+all_internal,79,0.16024340770791076,0.6146841120338068,0.3291139240506329,0.16024340770791076,0.999307336730876,0.0
context_action+all_internal,80,0.16227180527383367,0.6177870944595659,0.3375,0.16227180527383367,0.9992635940903392,0.0
context_action+all_internal,81,0.1643002028397566,0.6306497418175763,0.345679012345679,0.1643002028397566,0.9992254225597734,0.0
context_action+all_internal,82,0.1663286004056795,0.6343772655393894,0.35365853658536583,0.1663286004056795,0.9991907047959424,0.0
context_action+all_internal,83,0.16835699797160245,0.6354918942849483,0.3493975903614458,0.16835699797160245,0.9991889036108592,0.0
context_action+all_internal,84,0.17038539553752535,0.6416159880763839,0.34523809523809523,0.17038539553752535,0.9991849030269152,0.0
context_action+all_internal,85,0.1724137931034483,0.6468036793452946,0.35294117647058826,0.1724137931034483,0.99910075647967,0.0
context_action+all_internal,86,0.1744421906693712,0.647316002643964,0.3488372093023256,0.1744421906693712,0.9990955768133764,0.0
context_action+all_internal,87,0.17647058823529413,0.6498349302394344,0.3448275862068966,0.17647058823529413,0.9990784800144052,0.0
context_action+all_internal,88,0.17849898580121704,0.6526678147082713,0.3409090909090909,0.17849898580121704,0.9990576871670528,0.0
context_action+all_internal,89,0.18052738336713997,0.6529453373371904,0.33707865168539325,0.18052738336713997,0.999054581218038,0.0
context_action+all_internal,90,0.18255578093306288,0.6573555154489211,0.34444444444444444,0.18255578093306288,0.9990532656223904,0.0
context_action+all_internal,91,0.1845841784989858,0.6590837702938125,0.3516483516483517,0.1845841784989858,0.9990367073983348,0.0
context_action+all_internal,92,0.18661257606490872,0.6593563983315168,0.358695652173913,0.18661257606490872,0.99898700722064,0.0
context_action+all_internal,93,0.18864097363083165,0.6660080184056683,0.3655913978494624,0.18864097363083165,0.998956418446587,0.0
context_action+all_internal,94,0.19066937119675456,0.6745876000713787,0.3723404255319149,0.19066937119675456,0.9989524987477882,0.0
context_action+all_internal,95,0.1926977687626775,0.6746220442815398,0.3684210526315789,0.1926977687626775,0.9988670829950974,0.0
context_action+all_internal,96,0.1947261663286004,0.681327103958332,0.375,0.1947261663286004,0.9988664716488068,0.0
context_action+all_internal,97,0.19675456389452334,0.6883678305004701,0.38144329896907214,0.19675456389452334,0.9988401633071672,0.0
context_action+all_internal,98,0.19878296146044624,0.690885085773411,0.3877551020408163,0.19878296146044624,0.9988312689945392,0.0
context_action+all_internal,99,0.20081135902636918,0.6935556601575927,0.3838383838383838,0.20081135902636918,0.9988307203785496,0.0
context_action+all_internal,100,0.2028397565922921,0.6970584255816633,0.38,0.2028397565922921,0.9988026391177464,0.0
context_action+all_internal,101,0.20486815415821502,0.7056140066935027,0.38613861386138615,0.20486815415821502,0.998764224644284,0.0
context_action+all_internal,102,0.20689655172413793,0.7081536065992025,0.39215686274509803,0.20689655172413793,0.998699674676725,0.0
context_action+all_internal,103,0.20892494929006086,0.7197607600963348,0.39805825242718446,0.20892494929006086,0.9986490479869758,0.0
context_action+all_internal,104,0.21095334685598377,0.724834104877662,0.3942307692307692,0.21095334685598377,0.998628687434911,0.0
context_action+all_internal,105,0.2129817444219067,0.7383090592938559,0.3904761904761905,0.2129817444219067,0.9986204670208304,0.0
context_action+all_internal,106,0.2150101419878296,0.7507102557299493,0.3867924528301887,0.2150101419878296,0.9986013589743956,0.0
context_action+all_internal,107,0.21703853955375255,0.754253048854895,0.3925233644859813,0.21703853955375255,0.9985752730880874,0.0
context_action+all_internal,108,0.21906693711967545,0.7586597795569389,0.3888888888888889,0.21906693711967545,0.9985543263769924,0.0
context_action+all_internal,109,0.2210953346855984,0.7593689402860249,0.3944954128440367,0.2210953346855984,0.9985446961290704,0.0
context_action+all_internal,110,0.2231237322515213,0.7644053768827209,0.4,0.2231237322515213,0.9985426288113114,0.0
context_action+all_internal,111,0.22515212981744423,0.7809598169158243,0.40540540540540543,0.22515212981744423,0.9985060814326634,0.0
context_action+all_internal,112,0.22718052738336714,0.7881217059687421,0.4017857142857143,0.22718052738336714,0.9984653374052924,0.0
context_action+all_internal,113,0.22920892494929007,0.789623787306501,0.40707964601769914,0.22920892494929007,0.9984206919092808,0.0
context_action+all_internal,114,0.23123732251521298,0.7925015670545363,0.41228070175438597,0.23123732251521298,0.9984181202589146,0.0
context_action+all_internal,115,0.2332657200811359,0.7991787420283178,0.40869565217391307,0.2332657200811359,0.9984141300885164,0.0
context_action+all_internal,116,0.23529411764705882,0.8058903251479133,0.4051724137931034,0.23529411764705882,0.9982160713111252,0.0
context_action+all_internal,117,0.23732251521298176,0.8061335191267837,0.4017094017094017,0.23732251521298176,0.9981684564518364,0.0
context_action+all_internal,118,0.23935091277890466,0.8074491039637259,0.3983050847457627,0.23935091277890466,0.9981130323536004,0.0
context_action+all_internal,119,0.2413793103448276,0.8074916420904413,0.3949579831932773,0.2413793103448276,0.998059395200796,0.0
context_action+all_internal,120,0.2434077079107505,0.8078268643558066,0.4,0.2434077079107505,0.9980257278719676,0.0
context_action+all_internal,121,0.24543610547667344,0.8104195755757064,0.4049586776859504,0.24543610547667344,0.998013953071787,0.0
context_action+all_internal,122,0.24746450304259635,0.8150539141907731,0.4098360655737705,0.24746450304259635,0.9979577819095568,0.0
context_action+all_internal,123,0.24949290060851928,0.8154144999554591,0.4146341463414634,0.24949290060851928,0.9979541845639006,0.0
context_action+all_internal,124,0.2515212981744422,0.8215689449592084,0.4112903225806452,0.2515212981744422,0.9979453277241354,0.0
context_action+all_internal,125,0.2535496957403651,0.8239097765167788,0.416,0.2535496957403651,0.997934598033289,0.0
context_action+all_internal,126,0.25557809330628806,0.827834671830318,0.4126984126984127,0.25557809330628806,0.997808220251136,0.0
context_action+all_internal,127,0.25760649087221094,0.8309584748516826,0.41732283464566927,0.25760649087221094,0.9978000466814744,0.0
context_action+all_internal,128,0.25963488843813387,0.8401503465815122,0.421875,0.25963488843813387,0.9977418453373496,0.0
context_action+all_internal,129,0.2616632860040568,0.842141061498696,0.4263565891472868,0.2616632860040568,0.99772784392204,0.0
context_action+all_internal,130,0.26369168356997974,0.8546541237384163,0.4307692307692308,0.26369168356997974,0.9977252596544276,0.0
context_action+all_internal,131,0.2657200811359026,0.8580324856532578,0.4351145038167939,0.2657200811359026,0.9976806437265848,0.0
context_action+all_internal,132,0.26774847870182555,0.8588517639817608,0.4393939393939394,0.26774847870182555,0.9976582971253216,0.0
context_action+all_internal,133,0.2697768762677485,0.8604986074782615,0.44360902255639095,0.2697768762677485,0.9975637983507492,0.0
context_action+all_internal,134,0.2718052738336714,0.8622974084971325,0.44029850746268656,0.2718052738336714,0.9975458733153256,0.0
context_action+all_internal,135,0.2738336713995943,0.8650147256329901,0.4444444444444444,0.2738336713995943,0.9975337190010688,0.0
context_action+all_internal,136,0.27586206896551724,0.8687330985042859,0.4485294117647059,0.27586206896551724,0.9974510925969996,0.0
context_action+all_internal,137,0.2778904665314402,0.8698321524594771,0.45255474452554745,0.2778904665314402,0.9974496328060504,0.0
context_action+all_internal,138,0.2799188640973631,0.8709323765674747,0.45652173913043476,0.2799188640973631,0.9972977479436,0.0
context_action+all_internal,139,0.281947261663286,0.8770655056603488,0.460431654676259,0.281947261663286,0.997189752163912,0.0
context_action+all_internal,140,0.2839756592292089,0.8798939684232044,0.4642857142857143,0.2839756592292089,0.997183587268154,0.0
context_action+all_internal,141,0.28600405679513186,0.8807482896538157,0.46808510638297873,0.28600405679513186,0.9970048594165052,0.0
context_action+all_internal,142,0.2880324543610548,0.8875265463946269,0.47183098591549294,0.2880324543610548,0.9969240918909816,0.0
context_action+all_internal,143,0.29006085192697767,0.8899522279552484,0.46853146853146854,0.29006085192697767,0.9969022806648516,0.0
context_action+all_internal,144,0.2920892494929006,0.8919164235922834,0.4722222222222222,0.2920892494929006,0.996812226563107,0.0
context_action+all_internal,145,0.29411764705882354,0.8922172956987985,0.47586206896551725,0.29411764705882354,0.9968090001547462,0.0
context_action+all_internal,146,0.2961460446247465,0.8967208934486318,0.4794520547945205,0.2961460446247465,0.9967738366540926,0.0
context_action+all_internal,147,0.29817444219066935,0.8976077243509684,0.48299319727891155,0.29817444219066935,0.9967476479885752,0.0
context_action+all_internal,148,0.3002028397565923,0.8998284201534079,0.4864864864864865,0.3002028397565923,0.9967325959790136,0.0
context_action+all_internal,149,0.3022312373225152,0.9010646899796144,0.4899328859060403,0.3022312373225152,0.9966832867528604,0.0
context_action+all_internal,150,0.30425963488843816,0.9010830969396992,0.49333333333333335,0.30425963488843816,0.9965919336411856,0.0
context_action+all_internal,151,0.30628803245436104,0.9010903280991204,0.4966887417218543,0.30628803245436104,0.996532966788136,0.0
context_action+all_internal,152,0.30831643002028397,0.9028899775190958,0.5,0.30831643002028397,0.9963750014528464,0.0
context_action+all_internal,153,0.3103448275862069,0.9056433554098184,0.5032679738562091,0.3103448275862069,0.9962493489293236,0.0
context_action+all_internal,154,0.31237322515212984,0.9067628176652442,0.5064935064935064,0.31237322515212984,0.9961929264949736,0.0
context_action+all_internal,155,0.3144016227180527,0.907455516832247,0.5096774193548387,0.3144016227180527,0.9960623358069298,0.0
context_action+all_internal,156,0.31643002028397565,0.9076665740957124,0.5128205128205128,0.31643002028397565,0.9959833879400654,0.0
context_action+all_internal,157,0.3184584178498986,0.9105964046647294,0.5159235668789809,0.3184584178498986,0.9959483304179472,0.0
context_action+all_internal,158,0.3204868154158215,0.9127136691203784,0.5126582278481012,0.3204868154158215,0.9957997798171048,0.0
context_action+all_internal,159,0.3225152129817444,0.9141814335998338,0.5157232704402516,0.3225152129817444,0.9957959878869104,0.0
context_action+all_internal,160,0.32454361054766734,0.9162559036018276,0.51875,0.32454361054766734,0.9957764357323334,0.0
context_action+all_internal,161,0.3265720081135903,0.9179336912382836,0.515527950310559,0.3265720081135903,0.9956592114081432,0.0
context_action+all_internal,162,0.3286004056795132,0.9181100546845442,0.5185185185185185,0.3286004056795132,0.9956174626643736,0.0
context_action+all_internal,163,0.3306288032454361,0.9190819600419268,0.5214723926380368,0.3306288032454361,0.9955611452095824,0.0
context_action+all_internal,164,0.332657200811359,0.919331785258962,0.524390243902439,0.332657200811359,0.9955344361442148,0.0
context_action+all_internal,165,0.33468559837728196,0.9198965845164292,0.5272727272727272,0.33468559837728196,0.995514409718796,0.0
context_action+all_internal,166,0.3367139959432049,0.9201615625602868,0.5301204819277109,0.3367139959432049,0.995383607124832,0.0
context_action+all_internal,167,0.33874239350912777,0.922198270587628,0.5329341317365269,0.33874239350912777,0.9953567958614572,0.0
context_action+all_internal,168,0.3407707910750507,0.9227452400672695,0.5357142857142857,0.3407707910750507,0.9952806772966012,0.0
context_action+all_internal,169,0.34279918864097364,0.9239600056640784,0.5384615384615384,0.34279918864097364,0.9952198235191688,0.0
context_action+all_internal,170,0.3448275862068966,0.9251176326108512,0.5411764705882353,0.3448275862068966,0.995180350255374,0.0
context_action+all_internal,171,0.34685598377281945,0.9251251882520808,0.543859649122807,0.34685598377281945,0.9951290136123724,0.0
context_action+all_internal,172,0.3488843813387424,0.9268738309262404,0.5465116279069767,0.3488843813387424,0.9950865634427668,0.0
context_action+all_internal,173,0.3509127789046653,0.9275018335520172,0.5491329479768786,0.3509127789046653,0.9950214326994716,0.0
context_action+all_internal,174,0.35294117647058826,0.9282179691648582,0.5517241379310345,0.35294117647058826,0.9948995891368038,0.0
context_action+all_internal,175,0.35496957403651114,0.9289543429418632,0.5542857142857143,0.35496957403651114,0.9948934659564088,0.0
context_action+all_internal,176,0.35699797160243407,0.9291427884600516,0.5568181818181818,0.35699797160243407,0.9948373521274588,0.0
context_action+all_internal,177,0.359026369168357,0.9292160258880326,0.559322033898305,0.359026369168357,0.994610931388114,0.0
context_action+all_internal,178,0.36105476673427994,0.930894948449681,0.5617977528089888,0.36105476673427994,0.994191959447008,0.0
context_action+all_internal,179,0.3630831643002028,0.934107249223598,0.5642458100558659,0.3630831643002028,0.9938142971745914,0.0
context_action+all_internal,180,0.36511156186612576,0.936007398969577,0.5666666666666667,0.36511156186612576,0.9936070392027267,0.0
context_action+all_internal,181,0.3671399594320487,0.9370018841009548,0.569060773480663,0.3671399594320487,0.9935157578427908,0.0
context_action+all_internal,182,0.3691683569979716,0.9378797431040904,0.5714285714285714,0.3691683569979716,0.9934471136220628,0.0
context_action+all_internal,183,0.3711967545638945,0.938639475400334,0.5737704918032787,0.3711967545638945,0.9932886009529692,0.0
context_action+all_internal,184,0.37322515212981744,0.939172699717204,0.5760869565217391,0.37322515212981744,0.9932723330766626,0.0
context_action+all_internal,185,0.3752535496957404,0.9393262186179429,0.5783783783783784,0.3752535496957404,0.993033834556315,0.0
context_action+all_internal,186,0.3772819472616633,0.939896834158962,0.5806451612903226,0.3772819472616633,0.9930327873664252,0.0
context_action+all_internal,187,0.3793103448275862,0.9400506585262468,0.5828877005347594,0.3793103448275862,0.992785068801653,0.0
context_action+all_internal,188,0.3813387423935091,0.9415074018690256,0.5851063829787234,0.3813387423935091,0.992718458540653,0.0
context_action+all_internal,189,0.38336713995943206,0.942852054753648,0.5873015873015873,0.38336713995943206,0.9923050182483236,0.0
context_action+all_internal,190,0.385395537525355,0.9431451598918598,0.5894736842105263,0.385395537525355,0.992114500751826,0.0
context_action+all_internal,191,0.38742393509127787,0.9444237388352216,0.5916230366492147,0.38742393509127787,0.992073768940386,0.0
context_action+all_internal,192,0.3894523326572008,0.9456603466014452,0.59375,0.3894523326572008,0.9920040161506256,0.0
context_action+all_internal,193,0.39148073022312374,0.9464179985093782,0.5958549222797928,0.39148073022312374,0.9919845527918432,0.0
context_action+all_internal,194,0.3935091277890467,0.9468991300503052,0.5927835051546392,0.3935091277890467,0.9919107203821508,0.0
context_action+all_internal,195,0.39553752535496955,0.9492693281950784,0.5948717948717949,0.39553752535496955,0.9918542921755018,0.0
context_action+all_internal,196,0.3975659229208925,0.9497592553455696,0.5969387755102041,0.3975659229208925,0.9918535632537562,0.0
context_action+all_internal,197,0.3995943204868154,0.9501008056138124,0.5939086294416244,0.3995943204868154,0.9917271698730604,0.0
context_action+all_internal,198,0.40162271805273836,0.9504603200188354,0.5959595959595959,0.40162271805273836,0.991595103102222,0.0
context_action+all_internal,199,0.40365111561866124,0.951013017532466,0.5979899497487438,0.40365111561866124,0.9914552836782828,0.0
context_action+all_internal,200,0.4056795131845842,0.951696783311299,0.6,0.4056795131845842,0.9913240259668492,0.0
context_action+all_internal,201,0.4077079107505071,0.9525368490365352,0.6019900497512438,0.4077079107505071,0.9912017155444284,0.0
context_action+all_internal,202,0.40973630831643004,0.9540439740055452,0.6039603960396039,0.40973630831643004,0.9910759550618308,0.0
context_action+all_internal,203,0.4117647058823529,0.9543277358015048,0.6059113300492611,0.4117647058823529,0.99103014871497,0.0
context_action+all_internal,204,0.41379310344827586,0.9544364440427988,0.6078431372549019,0.41379310344827586,0.9910180514033432,0.0
context_action+all_internal,205,0.4158215010141988,0.9546003752436576,0.6097560975609756,0.4158215010141988,0.9908644408496828,0.0
context_action+all_internal,206,0.4178498985801217,0.955513036269858,0.6116504854368932,0.4178498985801217,0.9903069507318684,0.0
context_action+all_internal,207,0.4198782961460446,0.9561915522916432,0.6135265700483091,0.4198782961460446,0.9901547775247816,0.0
context_action+all_internal,208,0.42190669371196754,0.9563004324014972,0.6153846153846154,0.42190669371196754,0.98978342437025,0.0
context_action+all_internal,209,0.4239350912778905,0.956707681075086,0.6172248803827751,0.4239350912778905,0.9895815787180724,0.0
context_action+all_internal,210,0.4259634888438134,0.9585749835443416,0.6190476190476191,0.4259634888438134,0.9892806472857086,0.0
context_action+all_internal,211,0.4279918864097363,0.9590582438877008,0.6208530805687204,0.4279918864097363,0.9887974433596474,0.0
context_action+all_internal,212,0.4300202839756592,0.9593504587760008,0.6226415094339622,0.4300202839756592,0.9884871125685522,0.0
context_action+all_internal,213,0.43204868154158216,0.9597779828666192,0.6244131455399061,0.43204868154158216,0.9882165817237216,0.0
context_action+all_internal,214,0.4340770791075051,0.9600982066138614,0.6261682242990654,0.4340770791075051,0.9881834676900624,0.0
context_action+all_internal,215,0.43610547667342797,0.9601350464164536,0.627906976744186,0.43610547667342797,0.9881721059736648,0.0
context_action+all_internal,216,0.4381338742393509,0.9602657982921916,0.6296296296296297,0.4381338742393509,0.9880112655142016,0.0
context_action+all_internal,217,0.44016227180527384,0.9611399878180488,0.631336405529954,0.44016227180527384,0.9876527288487952,0.0
context_action+all_internal,218,0.4421906693711968,0.9620800837323822,0.6330275229357798,0.4421906693711968,0.9875871716566662,0.0
context_action+all_internal,219,0.44421906693711966,0.9655134399679298,0.634703196347032,0.44421906693711966,0.9875393539730232,0.0
context_action+all_internal,220,0.4462474645030426,0.9659877230282023,0.6363636363636364,0.4462474645030426,0.9874568261357964,0.0
context_action+all_internal,221,0.4482758620689655,0.966205481741857,0.6380090497737556,0.4482758620689655,0.987163245810024,0.0
context_action+all_internal,222,0.45030425963488846,0.9662184437544123,0.6396396396396397,0.45030425963488846,0.9865462553987576,0.0
context_action+all_internal,223,0.45233265720081134,0.9663325461328164,0.6412556053811659,0.45233265720081134,0.9865306553406088,0.0
context_action+all_internal,224,0.4543610547667343,0.9684852615398156,0.6428571428571429,0.4543610547667343,0.9864851399665988,0.0
context_action+all_internal,225,0.4563894523326572,0.9686924550507272,0.6444444444444445,0.4563894523326572,0.9862837913422076,0.0
context_action+all_internal,226,0.45841784989858014,0.9699265541280369,0.6460176991150443,0.45841784989858014,0.9859688598872663,0.0
context_action+all_internal,227,0.460446247464503,0.9711185218424266,0.6431718061674009,0.460446247464503,0.9857875012304972,0.0
context_action+all_internal,228,0.46247464503042596,0.97135702620696,0.6447368421052632,0.46247464503042596,0.9857392350422391,0.0
context_action+all_internal,229,0.4645030425963489,0.9718812966427868,0.6462882096069869,0.4645030425963489,0.985698525081459,0.0
context_action+all_internal,230,0.4665314401622718,0.9730604207869842,0.6478260869565218,0.4665314401622718,0.9855889312423346,0.0
context_action+all_internal,231,0.4685598377281947,0.9737548811447896,0.6493506493506493,0.4685598377281947,0.9852602641914562,0.0
context_action+all_internal,232,0.47058823529411764,0.9741123239509148,0.6508620689655172,0.47058823529411764,0.9839923523915834,0.0
context_action+all_internal,233,0.4726166328600406,0.9742387665699876,0.6523605150214592,0.4726166328600406,0.983955578570091,0.004291845493562232
context_action+all_internal,234,0.4746450304259635,0.9742472064284422,0.6538461538461539,0.4746450304259635,0.9837169797305938,0.004273504273504274
context_action+all_internal,235,0.4766734279918864,0.9746236582175736,0.6553191489361702,0.4766734279918864,0.9834307824595347,0.00425531914893617
context_action+all_internal,236,0.4787018255578093,0.9749365337070064,0.6567796610169492,0.4787018255578093,0.983419494872111,0.00423728813559322
context_action+all_internal,237,0.48073022312373226,0.9750486414198554,0.6582278481012658,0.48073022312373226,0.983343565698518,0.004219409282700422
context_action+all_internal,238,0.4827586206896552,0.9750587147976558,0.6596638655462185,0.4827586206896552,0.9827511776344487,0.004201680672268907
context_action+all_internal,239,0.4847870182555781,0.975168204124104,0.6610878661087866,0.4847870182555781,0.981142680107048,0.0041841004184100415
context_action+all_internal,240,0.486815415821501,0.975497167955048,0.6625,0.486815415821501,0.9809533637028128,0.004166666666666667
context_action+all_internal,241,0.48884381338742394,0.9759750823316878,0.6639004149377593,0.48884381338742394,0.9807810352149844,0.004149377593360996
context_action+all_internal,242,0.4908722109533469,0.9766600506295108,0.6652892561983471,0.4908722109533469,0.979966417529494,0.004132231404958678
context_action+all_internal,243,0.49290060851926976,0.976717304197375,0.6666666666666666,0.49290060851926976,0.9799197130781632,0.00411522633744856
context_action+all_internal,244,0.4949290060851927,0.9768426376340904,0.6680327868852459,0.4949290060851927,0.9794205641376166,0.004098360655737705
context_action+all_internal,245,0.4969574036511156,0.97718735903598,0.6693877551020408,0.4969574036511156,0.9793856425608296,0.004081632653061225
context_action+all_internal,246,0.49898580121703856,0.9775632380007756,0.6707317073170732,0.49898580121703856,0.9781474999660612,0.0040650406504065045
context_action+all_internal,247,0.5010141987829615,0.9777865017888012,0.6720647773279352,0.5010141987829615,0.9777865017888012,0.004048582995951417
context_action+all_internal,248,0.5030425963488844,0.9781474999660612,0.6733870967741935,0.5030425963488844,0.9775632380007756,0.004032258064516129
context_action+all_internal,249,0.5050709939148073,0.9793856425608296,0.6746987951807228,0.5050709939148073,0.97718735903598,0.004016064257028112
context_action+all_internal,250,0.5070993914807302,0.9794205641376166,0.676,0.5070993914807302,0.9768426376340904,0.004
context_action+all_internal,251,0.5091277890466531,0.9799197130781632,0.6772908366533864,0.5091277890466531,0.976717304197375,0.00398406374501992
context_action+all_internal,252,0.5111561866125761,0.979966417529494,0.6785714285714286,0.5111561866125761,0.9766600506295108,0.003968253968253968
context_action+all_internal,253,0.513184584178499,0.9807810352149844,0.6798418972332015,0.513184584178499,0.9759750823316878,0.003952569169960474
context_action+all_internal,254,0.5152129817444219,0.9809533637028128,0.6811023622047244,0.5152129817444219,0.975497167955048,0.003937007874015748
context_action+all_internal,255,0.5172413793103449,0.981142680107048,0.6823529411764706,0.5172413793103449,0.975168204124104,0.00392156862745098
context_action+all_internal,256,0.5192697768762677,0.9827511776344487,0.68359375,0.5192697768762677,0.9750587147976558,0.00390625
context_action+all_internal,257,0.5212981744421906,0.983343565698518,0.6848249027237354,0.5212981744421906,0.9750486414198554,0.0038910505836575876
context_action+all_internal,258,0.5233265720081136,0.983419494872111,0.686046511627907,0.5233265720081136,0.9749365337070064,0.003875968992248062
context_action+all_internal,259,0.5253549695740365,0.9834307824595347,0.6872586872586872,0.5253549695740365,0.9746236582175736,0.003861003861003861
context_action+all_internal,260,0.5273833671399595,0.9837169797305938,0.6884615384615385,0.5273833671399595,0.9742472064284422,0.0038461538461538464
context_action+all_internal,261,0.5294117647058824,0.983955578570091,0.685823754789272,0.5294117647058824,0.9742387665699876,0.0038314176245210726
context_action+all_internal,262,0.5314401622718052,0.9839923523915834,0.6870229007633588,0.5314401622718052,0.9741123239509148,0.003816793893129771
context_action+all_internal,263,0.5334685598377282,0.9852602641914562,0.688212927756654,0.5334685598377282,0.9737548811447896,0.0038022813688212928
context_action+all_internal,264,0.5354969574036511,0.9855889312423346,0.6893939393939394,0.5354969574036511,0.9730604207869842,0.003787878787878788
context_action+all_internal,265,0.537525354969574,0.985698525081459,0.690566037735849,0.537525354969574,0.9718812966427868,0.0037735849056603774
context_action+all_internal,266,0.539553752535497,0.9857392350422391,0.6917293233082706,0.539553752535497,0.97135702620696,0.0037593984962406013
context_action+all_internal,267,0.5415821501014199,0.9857875012304972,0.6928838951310862,0.5415821501014199,0.9711185218424266,0.00749063670411985
context_action+all_internal,268,0.5436105476673428,0.9859688598872663,0.6940298507462687,0.5436105476673428,0.9699265541280369,0.007462686567164179
context_action+all_internal,269,0.5456389452332657,0.9862837913422076,0.6951672862453532,0.5456389452332657,0.9686924550507272,0.007434944237918215
context_action+all_internal,270,0.5476673427991886,0.9864851399665988,0.6962962962962963,0.5476673427991886,0.9684852615398156,0.007407407407407408
context_action+all_internal,271,0.5496957403651116,0.9865306553406088,0.6974169741697417,0.5496957403651116,0.9663325461328164,0.007380073800738007
context_action+all_internal,272,0.5517241379310345,0.9865462553987576,0.6985294117647058,0.5517241379310345,0.9662184437544123,0.007352941176470588
context_action+all_internal,273,0.5537525354969574,0.987163245810024,0.6996336996336996,0.5537525354969574,0.966205481741857,0.007326007326007326
context_action+all_internal,274,0.5557809330628803,0.9874568261357964,0.7007299270072993,0.5557809330628803,0.9659877230282023,0.0072992700729927005
context_action+all_internal,275,0.5578093306288032,0.9875393539730232,0.7018181818181818,0.5578093306288032,0.9655134399679298,0.007272727272727273
context_action+all_internal,276,0.5598377281947262,0.9875871716566662,0.7028985507246377,0.5598377281947262,0.9620800837323822,0.007246376811594203
context_action+all_internal,277,0.5618661257606491,0.9876527288487952,0.703971119133574,0.5618661257606491,0.9611399878180488,0.007220216606498195
context_action+all_internal,278,0.563894523326572,0.9880112655142016,0.7050359712230215,0.563894523326572,0.9602657982921916,0.007194244604316547
context_action+all_internal,279,0.565922920892495,0.9881721059736648,0.7060931899641577,0.565922920892495,0.9601350464164536,0.007168458781362007
context_action+all_internal,280,0.5679513184584178,0.9881834676900624,0.7071428571428572,0.5679513184584178,0.9600982066138614,0.007142857142857143
context_action+all_internal,281,0.5699797160243407,0.9882165817237216,0.708185053380783,0.5699797160243407,0.9597779828666192,0.0071174377224199285
context_action+all_internal,282,0.5720081135902637,0.9884871125685522,0.7092198581560284,0.5720081135902637,0.9593504587760008,0.0070921985815602835
context_action+all_internal,283,0.5740365111561866,0.9887974433596474,0.7102473498233216,0.5740365111561866,0.9590582438877008,0.007067137809187279
context_action+all_internal,284,0.5760649087221096,0.9892806472857086,0.7112676056338029,0.5760649087221096,0.9585749835443416,0.007042253521126761
context_action+all_internal,285,0.5780933062880325,0.9895815787180724,0.712280701754386,0.5780933062880325,0.956707681075086,0.007017543859649123
context_action+all_internal,286,0.5801217038539553,0.98978342437025,0.7132867132867133,0.5801217038539553,0.9563004324014972,0.006993006993006993
context_action+all_internal,287,0.5821501014198783,0.9901547775247816,0.7142857142857143,0.5821501014198783,0.9561915522916432,0.006968641114982578
context_action+all_internal,288,0.5841784989858012,0.9903069507318684,0.7152777777777778,0.5841784989858012,0.955513036269858,0.006944444444444444
context_action+all_internal,289,0.5862068965517241,0.9908644408496828,0.7162629757785467,0.5862068965517241,0.9546003752436576,0.006920415224913495
context_action+all_internal,290,0.5882352941176471,0.9910180514033432,0.7172413793103448,0.5882352941176471,0.9544364440427988,0.006896551724137931
context_action+all_internal,291,0.59026369168357,0.99103014871497,0.718213058419244,0.59026369168357,0.9543277358015048,0.006872852233676976
context_action+all_internal,292,0.592292089249493,0.9910759550618308,0.7191780821917808,0.592292089249493,0.9540439740055452,0.00684931506849315
context_action+all_internal,293,0.5943204868154158,0.9912017155444284,0.7201365187713311,0.5943204868154158,0.9525368490365352,0.006825938566552901
context_action+all_internal,294,0.5963488843813387,0.9913240259668492,0.7210884353741497,0.5963488843813387,0.951696783311299,0.006802721088435374
context_action+all_internal,295,0.5983772819472617,0.9914552836782828,0.7220338983050848,0.5983772819472617,0.951013017532466,0.006779661016949152
context_action+all_internal,296,0.6004056795131846,0.991595103102222,0.722972972972973,0.6004056795131846,0.9504603200188354,0.006756756756756757
context_action+all_internal,297,0.6024340770791075,0.9917271698730604,0.7239057239057239,0.6024340770791075,0.9501008056138124,0.010101010101010102
context_action+all_internal,298,0.6044624746450304,0.9918535632537562,0.7248322147651006,0.6044624746450304,0.9497592553455696,0.010067114093959731
context_action+all_internal,299,0.6064908722109533,0.9918542921755018,0.725752508361204,0.6064908722109533,0.9492693281950784,0.010033444816053512
context_action+all_internal,300,0.6085192697768763,0.9919107203821508,0.7266666666666667,0.6085192697768763,0.9468991300503052,0.013333333333333334
context_action+all_internal,301,0.6105476673427992,0.9919845527918432,0.7275747508305648,0.6105476673427992,0.9464179985093782,0.013289036544850499
context_action+all_internal,302,0.6125760649087221,0.9920040161506256,0.7284768211920529,0.6125760649087221,0.9456603466014452,0.013245033112582781
context_action+all_internal,303,0.6146044624746451,0.992073768940386,0.7293729372937293,0.6146044624746451,0.9444237388352216,0.013201320132013201
context_action+all_internal,304,0.6166328600405679,0.992114500751826,0.7302631578947368,0.6166328600405679,0.9431451598918598,0.013157894736842105
context_action+all_internal,305,0.6186612576064908,0.9923050182483236,0.7311475409836066,0.6186612576064908,0.942852054753648,0.013114754098360656
context_action+all_internal,306,0.6206896551724138,0.992718458540653,0.7320261437908496,0.6206896551724138,0.9415074018690256,0.013071895424836602
context_action+all_internal,307,0.6227180527383367,0.992785068801653,0.7328990228013029,0.6227180527383367,0.9400506585262468,0.013029315960912053
context_action+all_internal,308,0.6247464503042597,0.9930327873664252,0.7337662337662337,0.6247464503042597,0.939896834158962,0.012987012987012988
context_action+all_internal,309,0.6267748478701826,0.993033834556315,0.7346278317152104,0.6267748478701826,0.9393262186179429,0.012944983818770227
context_action+all_internal,310,0.6288032454361054,0.9932723330766626,0.7354838709677419,0.6288032454361054,0.939172699717204,0.012903225806451613
context_action+all_internal,311,0.6308316430020284,0.9932886009529692,0.7363344051446945,0.6308316430020284,0.938639475400334,0.012861736334405145
context_action+all_internal,312,0.6328600405679513,0.9934471136220628,0.7371794871794872,0.6328600405679513,0.9378797431040904,0.01282051282051282
context_action+all_internal,313,0.6348884381338742,0.9935157578427908,0.7380191693290735,0.6348884381338742,0.9370018841009548,0.012779552715654952
context_action+all_internal,314,0.6369168356997972,0.9936070392027267,0.7388535031847133,0.6369168356997972,0.936007398969577,0.012738853503184714
context_action+all_internal,315,0.6389452332657201,0.9938142971745914,0.7396825396825397,0.6389452332657201,0.934107249223598,0.012698412698412698
context_action+all_internal,316,0.640973630831643,0.994191959447008,0.740506329113924,0.640973630831643,0.930894948449681,0.012658227848101266
context_action+all_internal,317,0.6430020283975659,0.994610931388114,0.7413249211356467,0.6430020283975659,0.9292160258880326,0.012618296529968454
context_action+all_internal,318,0.6450304259634888,0.9948373521274588,0.7421383647798742,0.6450304259634888,0.9291427884600516,0.012578616352201259
context_action+all_internal,319,0.6470588235294118,0.9948934659564088,0.7429467084639498,0.6470588235294118,0.9289543429418632,0.012539184952978056
context_action+all_internal,320,0.6490872210953347,0.9948995891368038,0.74375,0.6490872210953347,0.9282179691648582,0.0125
context_action+all_internal,321,0.6511156186612576,0.9950214326994716,0.7445482866043613,0.6511156186612576,0.9275018335520172,0.012461059190031152
context_action+all_internal,322,0.6531440162271805,0.9950865634427668,0.7453416149068323,0.6531440162271805,0.9268738309262404,0.012422360248447204
context_action+all_internal,323,0.6551724137931034,0.9951290136123724,0.7461300309597523,0.6551724137931034,0.9251251882520808,0.01238390092879257
context_action+all_internal,324,0.6572008113590264,0.995180350255374,0.7469135802469136,0.6572008113590264,0.9251176326108512,0.012345679012345678
context_action+all_internal,325,0.6592292089249493,0.9952198235191688,0.7476923076923077,0.6592292089249493,0.9239600056640784,0.012307692307692308
context_action+all_internal,326,0.6612576064908722,0.9952806772966012,0.7484662576687117,0.6612576064908722,0.9227452400672695,0.012269938650306749
context_action+all_internal,327,0.6632860040567952,0.9953567958614572,0.7492354740061162,0.6632860040567952,0.922198270587628,0.012232415902140673
context_action+all_internal,328,0.665314401622718,0.995383607124832,0.75,0.665314401622718,0.9201615625602868,0.012195121951219513
context_action+all_internal,329,0.6673427991886409,0.995514409718796,0.7507598784194529,0.6673427991886409,0.9198965845164292,0.0121580547112462
context_action+all_internal,330,0.6693711967545639,0.9955344361442148,0.7515151515151515,0.6693711967545639,0.919331785258962,0.012121212121212121
context_action+all_internal,331,0.6713995943204868,0.9955611452095824,0.7522658610271903,0.6713995943204868,0.9190819600419268,0.012084592145015106
context_action+all_internal,332,0.6734279918864098,0.9956174626643736,0.7530120481927711,0.6734279918864098,0.9181100546845442,0.012048192771084338
context_action+all_internal,333,0.6754563894523327,0.9956592114081432,0.7537537537537538,0.6754563894523327,0.9179336912382836,0.015015015015015015
context_action+all_internal,334,0.6774847870182555,0.9957764357323334,0.7544910179640718,0.6774847870182555,0.9162559036018276,0.014970059880239521
context_action+all_internal,335,0.6795131845841785,0.9957959878869104,0.755223880597015,0.6795131845841785,0.9141814335998338,0.014925373134328358
context_action+all_internal,336,0.6815415821501014,0.9957997798171048,0.7559523809523809,0.6815415821501014,0.9127136691203784,0.017857142857142856
context_action+all_internal,337,0.6835699797160243,0.9959483304179472,0.7566765578635015,0.6835699797160243,0.9105964046647294,0.017804154302670624
context_action+all_internal,338,0.6855983772819473,0.9959833879400654,0.757396449704142,0.6855983772819473,0.9076665740957124,0.01775147928994083
context_action+all_internal,339,0.6876267748478702,0.9960623358069298,0.7581120943952803,0.6876267748478702,0.907455516832247,0.017699115044247787
context_action+all_internal,340,0.6896551724137931,0.9961929264949736,0.7588235294117647,0.6896551724137931,0.9067628176652442,0.01764705882352941
context_action+all_internal,341,0.691683569979716,0.9962493489293236,0.7595307917888563,0.691683569979716,0.9056433554098184,0.017595307917888565
context_action+all_internal,342,0.6937119675456389,0.9963750014528464,0.7602339181286549,0.6937119675456389,0.9028899775190958,0.017543859649122806
context_action+all_internal,343,0.6957403651115619,0.996532966788136,0.760932944606414,0.6957403651115619,0.9010903280991204,0.01749271137026239
context_action+all_internal,344,0.6977687626774848,0.9965919336411856,0.7616279069767442,0.6977687626774848,0.9010830969396992,0.01744186046511628
context_action+all_internal,345,0.6997971602434077,0.9966832867528604,0.7623188405797101,0.6997971602434077,0.9010646899796144,0.017391304347826087
context_action+all_internal,346,0.7018255578093306,0.9967325959790136,0.7630057803468208,0.7018255578093306,0.8998284201534079,0.017341040462427744
context_action+all_internal,347,0.7038539553752535,0.9967476479885752,0.7636887608069164,0.7038539553752535,0.8976077243509684,0.01729106628242075
context_action+all_internal,348,0.7058823529411765,0.9967738366540926,0.764367816091954,0.7058823529411765,0.8967208934486318,0.017241379310344827
context_action+all_internal,349,0.7079107505070994,0.9968090001547462,0.7650429799426934,0.7079107505070994,0.8922172956987985,0.017191977077363897
context_action+all_internal,350,0.7099391480730223,0.996812226563107,0.7657142857142857,0.7099391480730223,0.8919164235922834,0.017142857142857144
context_action+all_internal,351,0.7119675456389453,0.9969022806648516,0.7663817663817664,0.7119675456389453,0.8899522279552484,0.019943019943019943
context_action+all_internal,352,0.7139959432048681,0.9969240918909816,0.7670454545454546,0.7139959432048681,0.8875265463946269,0.019886363636363636
context_action+all_internal,353,0.716024340770791,0.9970048594165052,0.7677053824362606,0.716024340770791,0.8807482896538157,0.019830028328611898
context_action+all_internal,354,0.718052738336714,0.997183587268154,0.768361581920904,0.718052738336714,0.8798939684232044,0.01977401129943503
context_action+all_internal,355,0.7200811359026369,0.997189752163912,0.7690140845070422,0.7200811359026369,0.8770655056603488,0.01971830985915493
context_action+all_internal,356,0.7221095334685599,0.9972977479436,0.7696629213483146,0.7221095334685599,0.8709323765674747,0.019662921348314606
context_action+all_internal,357,0.7241379310344828,0.9974496328060504,0.7703081232492998,0.7241379310344828,0.8698321524594771,0.0196078431372549
context_action+all_internal,358,0.7261663286004056,0.9974510925969996,0.770949720670391,0.7261663286004056,0.8687330985042859,0.019553072625698324
context_action+all_internal,359,0.7281947261663286,0.9975337190010688,0.7715877437325905,0.7281947261663286,0.8650147256329901,0.019498607242339833
context_action+all_internal,360,0.7302231237322515,0.9975458733153256,0.7722222222222223,0.7302231237322515,0.8622974084971325,0.022222222222222223
context_action+all_internal,361,0.7322515212981744,0.9975637983507492,0.7728531855955678,0.7322515212981744,0.8604986074782615,0.0221606648199446
context_action+all_internal,362,0.7342799188640974,0.9976582971253216,0.7734806629834254,0.7342799188640974,0.8588517639817608,0.022099447513812154
context_action+all_internal,363,0.7363083164300203,0.9976806437265848,0.7741046831955923,0.7363083164300203,0.8580324856532578,0.02203856749311295
context_action+all_internal,364,0.7383367139959433,0.9977252596544276,0.7747252747252747,0.7383367139959433,0.8546541237384163,0.02197802197802198
context_action+all_internal,365,0.7403651115618661,0.99772784392204,0.7753424657534247,0.7403651115618661,0.842141061498696,0.021917808219178082
context_action+all_internal,366,0.742393509127789,0.9977418453373496,0.7759562841530054,0.742393509127789,0.8401503465815122,0.02185792349726776
context_action+all_internal,367,0.744421906693712,0.9978000466814744,0.776566757493188,0.744421906693712,0.8309584748516826,0.021798365122615803
context_action+all_internal,368,0.7464503042596349,0.997808220251136,0.7771739130434783,0.7464503042596349,0.827834671830318,0.024456521739130436
context_action+all_internal,369,0.7484787018255578,0.997934598033289,0.7777777777777778,0.7484787018255578,0.8239097765167788,0.024390243902439025
context_action+all_internal,370,0.7505070993914807,0.9979453277241354,0.7783783783783784,0.7505070993914807,0.8215689449592084,0.02702702702702703
context_action+all_internal,371,0.7525354969574036,0.9979541845639006,0.7789757412398922,0.7525354969574036,0.8154144999554591,0.026954177897574125
context_action+all_internal,372,0.7545638945233266,0.9979577819095568,0.7795698924731183,0.7545638945233266,0.8150539141907731,0.026881720430107527
context_action+all_internal,373,0.7565922920892495,0.998013953071787,0.7801608579088471,0.7565922920892495,0.8104195755757064,0.02680965147453083
context_action+all_internal,374,0.7586206896551724,0.9980257278719676,0.7807486631016043,0.7586206896551724,0.8078268643558066,0.026737967914438502
context_action+all_internal,375,0.7606490872210954,0.998059395200796,0.7813333333333333,0.7606490872210954,0.8074916420904413,0.029333333333333333
context_action+all_internal,376,0.7626774847870182,0.9981130323536004,0.7819148936170213,0.7626774847870182,0.8074491039637259,0.031914893617021274
context_action+all_internal,377,0.7647058823529411,0.9981684564518364,0.7824933687002652,0.7647058823529411,0.8061335191267837,0.034482758620689655
context_action+all_internal,378,0.7667342799188641,0.9982160713111252,0.783068783068783,0.7667342799188641,0.8058903251479133,0.037037037037037035
context_action+all_internal,379,0.768762677484787,0.9984141300885164,0.783641160949868,0.768762677484787,0.7991787420283178,0.0395778364116095
context_action+all_internal,380,0.77079107505071,0.9984181202589146,0.7842105263157895,0.77079107505071,0.7925015670545363,0.039473684210526314
context_action+all_internal,381,0.7728194726166329,0.9984206919092808,0.7847769028871391,0.7728194726166329,0.789623787306501,0.03937007874015748
context_action+all_internal,382,0.7748478701825557,0.9984653374052924,0.7853403141361257,0.7748478701825557,0.7881217059687421,0.041884816753926704
context_action+all_internal,383,0.7768762677484787,0.9985060814326634,0.7859007832898173,0.7768762677484787,0.7809598169158243,0.04177545691906005
context_action+all_internal,384,0.7789046653144016,0.9985426288113114,0.7864583333333334,0.7789046653144016,0.7644053768827209,0.041666666666666664
context_action+all_internal,385,0.7809330628803245,0.9985446961290704,0.787012987012987,0.7809330628803245,0.7593689402860249,0.04155844155844156
context_action+all_internal,386,0.7829614604462475,0.9985543263769924,0.7875647668393783,0.7829614604462475,0.7586597795569389,0.04404145077720207
context_action+all_internal,387,0.7849898580121704,0.9985752730880874,0.7881136950904393,0.7849898580121704,0.754253048854895,0.04392764857881137
context_action+all_internal,388,0.7870182555780934,0.9986013589743956,0.788659793814433,0.7870182555780934,0.7507102557299493,0.04639175257731959
context_action+all_internal,389,0.7890466531440162,0.9986204670208304,0.7892030848329049,0.7890466531440162,0.7383090592938559,0.04884318766066838
context_action+all_internal,390,0.7910750507099391,0.998628687434911,0.7897435897435897,0.7910750507099391,0.724834104877662,0.05128205128205128
context_action+all_internal,391,0.7931034482758621,0.9986490479869758,0.7902813299232737,0.7931034482758621,0.7197607600963348,0.05115089514066496
context_action+all_internal,392,0.795131845841785,0.998699674676725,0.7908163265306123,0.795131845841785,0.7081536065992025,0.05102040816326531
context_action+all_internal,393,0.7971602434077079,0.998764224644284,0.7913486005089059,0.7971602434077079,0.7056140066935027,0.05089058524173028
context_action+all_internal,394,0.7991886409736308,0.9988026391177464,0.7918781725888325,0.7991886409736308,0.6970584255816633,0.0532994923857868
context_action+all_internal,395,0.8012170385395537,0.9988307203785496,0.7924050632911392,0.8012170385395537,0.6935556601575927,0.05569620253164557
context_action+all_internal,396,0.8032454361054767,0.9988312689945392,0.7929292929292929,0.8032454361054767,0.690885085773411,0.05555555555555555
context_action+all_internal,397,0.8052738336713996,0.9988401633071672,0.7934508816120907,0.8052738336713996,0.6883678305004701,0.055415617128463476
context_action+all_internal,398,0.8073022312373225,0.9988664716488068,0.7939698492462312,0.8073022312373225,0.681327103958332,0.05527638190954774
context_action+all_internal,399,0.8093306288032455,0.9988670829950974,0.7944862155388471,0.8093306288032455,0.6746220442815398,0.05764411027568922
context_action+all_internal,400,0.8113590263691683,0.9989524987477882,0.795,0.8113590263691683,0.6745876000713787,0.0575
context_action+all_internal,401,0.8133874239350912,0.998956418446587,0.7955112219451371,0.8133874239350912,0.6660080184056683,0.057356608478802994
context_action+all_internal,402,0.8154158215010142,0.99898700722064,0.7960199004975125,0.8154158215010142,0.6593563983315168,0.05721393034825871
context_action+all_internal,403,0.8174442190669371,0.9990367073983348,0.7965260545905707,0.8174442190669371,0.6590837702938125,0.05707196029776675
context_action+all_internal,404,0.8194726166328601,0.9990532656223904,0.7970297029702971,0.8194726166328601,0.6573555154489211,0.05693069306930693
context_action+all_internal,405,0.821501014198783,0.999054581218038,0.7975308641975308,0.821501014198783,0.6529453373371904,0.05925925925925926
context_action+all_internal,406,0.8235294117647058,0.9990576871670528,0.7980295566502463,0.8235294117647058,0.6526678147082713,0.06157635467980296
context_action+all_internal,407,0.8255578093306288,0.9990784800144052,0.7985257985257985,0.8255578093306288,0.6498349302394344,0.06388206388206388
context_action+all_internal,408,0.8275862068965517,0.9990955768133764,0.7990196078431373,0.8275862068965517,0.647316002643964,0.0661764705882353
context_action+all_internal,409,0.8296146044624746,0.99910075647967,0.7995110024449877,0.8296146044624746,0.6468036793452946,0.06601466992665037
context_action+all_internal,410,0.8316430020283976,0.9991849030269152,0.8,0.8316430020283976,0.6416159880763839,0.06829268292682927
context_action+all_internal,411,0.8336713995943205,0.9991889036108592,0.8004866180048662,0.8336713995943205,0.6354918942849483,0.0705596107055961
context_action+all_internal,412,0.8356997971602435,0.9991907047959424,0.8009708737864077,0.8356997971602435,0.6343772655393894,0.0703883495145631
context_action+all_internal,413,0.8377281947261663,0.9992254225597734,0.801452784503632,0.8377281947261663,0.6306497418175763,0.07021791767554479
context_action+all_internal,414,0.8397565922920892,0.9992635940903392,0.8019323671497585,0.8397565922920892,0.6177870944595659,0.07004830917874397
context_action+all_internal,415,0.8417849898580122,0.999307336730876,0.8024096385542169,0.8417849898580122,0.6146841120338068,0.06987951807228916
context_action+all_internal,416,0.8438133874239351,0.999326659360803,0.8028846153846154,0.8438133874239351,0.6106067630372592,0.06971153846153846
context_action+all_internal,417,0.845841784989858,0.9993836714435196,0.8033573141486811,0.845841784989858,0.6100572136944193,0.06954436450839328
context_action+all_internal,418,0.847870182555781,0.999399198919646,0.8038277511961722,0.847870182555781,0.6070493632201629,0.07177033492822966
context_action+all_internal,419,0.8498985801217038,0.9994451205227338,0.8042959427207638,0.8498985801217038,0.6065475965197773,0.07159904534606205
context_action+all_internal,420,0.8519269776876268,0.9995125410213538,0.8047619047619048,0.8519269776876268,0.5975997088991675,0.07380952380952381
context_action+all_internal,421,0.8539553752535497,0.9995163471470598,0.8052256532066508,0.8539553752535497,0.59691596130604,0.07363420427553444
context_action+all_internal,422,0.8559837728194726,0.9995248368362954,0.8056872037914692,0.8559837728194726,0.5946914370491816,0.07345971563981042
context_action+all_internal,423,0.8580121703853956,0.9995283883819286,0.806146572104019,0.8580121703853956,0.5936562460362957,0.07328605200945626
context_action+all_internal,424,0.8600405679513184,0.999528843673409,0.8066037735849056,0.8600405679513184,0.5918378923073185,0.07311320754716981
context_action+all_internal,425,0.8620689655172413,0.9995491984053492,0.8070588235294117,0.8620689655172413,0.574127477321218,0.07294117647058823
context_action+all_internal,426,0.8640973630831643,0.9995596797536728,0.8075117370892019,0.8640973630831643,0.5698005960804017,0.07276995305164319
context_action+all_internal,427,0.8661257606490872,0.9995700492269766,0.8079625292740047,0.8661257606490872,0.5652981943412577,0.07259953161592506
context_action+all_internal,428,0.8681541582150102,0.99959136201393,0.8084112149532711,0.8681541582150102,0.560475536546586,0.07242990654205607
context_action+all_internal,429,0.8701825557809331,0.9995915914058484,0.8088578088578089,0.8701825557809331,0.5588573176673411,0.07459207459207459
context_action+all_internal,430,0.8722109533468559,0.9996126318945462,0.8093023255813954,0.8722109533468559,0.5580008129730757,0.07674418604651163
context_action+all_internal,431,0.8742393509127789,0.9996133543056704,0.8097447795823666,0.8742393509127789,0.5565956185018904,0.07888631090487239
context_action+all_internal,432,0.8762677484787018,0.9996202192381743,0.8101851851851852,0.8762677484787018,0.5525801330393116,0.08101851851851852
context_action+all_internal,433,0.8782961460446247,0.9996348721178072,0.8106235565819861,0.8782961460446247,0.5405173819591388,0.08314087759815242
context_action+all_internal,434,0.8803245436105477,0.999678554211774,0.8110599078341014,0.8803245436105477,0.5375129583970611,0.08294930875576037
context_action+all_internal,435,0.8823529411764706,0.999684740042038,0.8114942528735632,0.8823529411764706,0.5299571098493807,0.08275862068965517
context_action+all_internal,436,0.8843813387423936,0.9996854414712854,0.8119266055045872,0.8843813387423936,0.5215152136740876,0.08486238532110092
context_action+all_internal,437,0.8864097363083164,0.9996980217395004,0.8123569794050344,0.8864097363083164,0.5190854352808201,0.08466819221967964
context_action+all_internal,438,0.8884381338742393,0.9997062184171056,0.8127853881278538,0.8884381338742393,0.5143696041188298,0.0867579908675799
context_action+all_internal,439,0.8904665314401623,0.9997073292306412,0.8132118451025057,0.8904665314401623,0.5120723277394361,0.0888382687927107
context_action+all_internal,440,0.8924949290060852,0.999714375819604,0.8136363636363636,0.8924949290060852,0.50432221227616,0.08863636363636364
context_action+all_internal,441,0.8945233265720081,0.9997255850791384,0.8140589569160998,0.8945233265720081,0.4968720439130073,0.08843537414965986
context_action+all_internal,442,0.896551724137931,0.9997349928888136,0.8144796380090498,0.896551724137931,0.4896556073333851,0.09049773755656108
context_action+all_internal,443,0.8985801217038539,0.9997402243149296,0.8148984198645598,0.8985801217038539,0.4844981750983411,0.09255079006772009
context_action+all_internal,444,0.9006085192697769,0.9997476735436904,0.8153153153153153,0.9006085192697769,0.4809266969566779,0.0945945945945946
context_action+all_internal,445,0.9026369168356998,0.9997563152905868,0.8157303370786517,0.9026369168356998,0.480420310521838,0.09662921348314607
context_action+all_internal,446,0.9046653144016227,0.9997588010317164,0.8161434977578476,0.9046653144016227,0.4675213335163974,0.09865470852017937
context_action+all_internal,447,0.9066937119675457,0.9997663026944223,0.8165548098434005,0.9066937119675457,0.4574888093670997,0.10067114093959731
context_action+all_internal,448,0.9087221095334685,0.9997690369135372,0.8169642857142857,0.9087221095334685,0.4501975562609491,0.10267857142857142
context_action+all_internal,449,0.9107505070993914,0.9997758226509976,0.8173719376391982,0.9107505070993914,0.4467917497936214,0.10244988864142539
context_action+all_internal,450,0.9127789046653144,0.9997786303393242,0.8177777777777778,0.9127789046653144,0.439576299190885,0.10444444444444445
context_action+all_internal,451,0.9148073022312373,0.9997848672509766,0.8181818181818182,0.9148073022312373,0.4348455621307137,0.10643015521064302
context_action+all_internal,452,0.9168356997971603,0.999786544782586,0.8185840707964602,0.9168356997971603,0.4313062172859997,0.10619469026548672
context_action+all_internal,453,0.9188640973630832,0.99980751516909,0.8189845474613686,0.9188640973630832,0.4207323953541222,0.10596026490066225
context_action+all_internal,454,0.920892494929006,0.9998121739219816,0.8193832599118943,0.920892494929006,0.4107863578186246,0.10792951541850221
context_action+all_internal,455,0.922920892494929,0.999822112384306,0.8197802197802198,0.922920892494929,0.4089895332495789,0.10989010989010989
context_action+all_internal,456,0.9249492900608519,0.99982561839868,0.8201754385964912,0.9249492900608519,0.4023569942824473,0.1118421052631579
context_action+all_internal,457,0.9269776876267748,0.9998332980885264,0.8205689277899344,0.9269776876267748,0.3930884066884431,0.11159737417943107
context_action+all_internal,458,0.9290060851926978,0.9998409218670312,0.8209606986899564,0.9290060851926978,0.3924137854603678,0.11135371179039301
context_action+all_internal,459,0.9310344827586207,0.9998476264836452,0.8213507625272332,0.9310344827586207,0.3625694779479614,0.11328976034858387
context_action+all_internal,460,0.9330628803245437,0.999863110807538,0.8217391304347826,0.9330628803245437,0.3623552679404293,0.11521739130434783
context_action+all_internal,461,0.9350912778904665,0.9998648720779676,0.8221258134490239,0.9350912778904665,0.3614116199855327,0.11713665943600868
context_action+all_internal,462,0.9371196754563894,0.9998651244250952,0.8225108225108225,0.9371196754563894,0.3577886771833882,0.11904761904761904
context_action+all_internal,463,0.9391480730223124,0.9998654125385384,0.8228941684665226,0.9391480730223124,0.3500030594265079,0.11879049676025918
context_action+all_internal,464,0.9411764705882353,0.99987371907158,0.8232758620689655,0.9411764705882353,0.3113887586907619,0.1206896551724138
context_action+all_internal,465,0.9432048681541582,0.9998841160096658,0.8236559139784946,0.9432048681541582,0.3033804125203724,0.12258064516129032
context_action+all_internal,466,0.9452332657200812,0.99988741877468,0.8240343347639485,0.9452332657200812,0.3010278815227441,0.12446351931330472
context_action+all_internal,467,0.947261663286004,0.9998890689007892,0.8244111349036403,0.947261663286004,0.2889000078297894,0.12633832976445397
context_action+all_internal,468,0.949290060851927,0.999892897888445,0.8247863247863247,0.949290060851927,0.2763460511541503,0.1282051282051282
context_action+all_internal,469,0.9513184584178499,0.9998968689336418,0.8251599147121536,0.9513184584178499,0.2745588811806817,0.1300639658848614
context_action+all_internal,470,0.9533468559837728,0.9999085785587072,0.825531914893617,0.9533468559837728,0.2639577324865707,0.13191489361702127
context_action+all_internal,471,0.9553752535496958,0.9999116530487714,0.8259023354564756,0.9553752535496958,0.2612958841888982,0.1337579617834395
context_action+all_internal,472,0.9574036511156186,0.9999132706282022,0.826271186440678,0.9574036511156186,0.2601960304718219,0.13559322033898305
context_action+all_internal,473,0.9594320486815415,0.999916192933892,0.8266384778012685,0.9594320486815415,0.2275285219026636,0.13742071881606766
context_action+all_internal,474,0.9614604462474645,0.999917174473564,0.8270042194092827,0.9614604462474645,0.2256784257825477,0.1371308016877637
context_action+all_internal,475,0.9634888438133874,0.999917174473564,0.8273684210526315,0.9634888438133874,0.2040861856520157,0.13894736842105262
context_action+all_internal,476,0.9655172413793104,0.999917174473564,0.8277310924369747,0.9655172413793104,0.2024518056654215,0.1407563025210084
context_action+all_internal,477,0.9675456389452333,0.999917174473564,0.8280922431865828,0.9675456389452333,0.2015380431207182,0.14046121593291405
context_action+all_internal,478,0.9695740365111561,0.999917174473564,0.8284518828451883,0.9695740365111561,0.1950175713461464,0.14225941422594143
context_action+all_internal,479,0.9716024340770791,0.999917174473564,0.8288100208768268,0.9716024340770791,0.1912605462411873,0.1440501043841336
context_action+all_internal,480,0.973630831643002,0.999917174473564,0.8291666666666667,0.973630831643002,0.1824254284308833,0.14583333333333334
context_action+all_internal,481,0.9756592292089249,0.999917174473564,0.8295218295218295,0.9756592292089249,0.1504658283076684,0.14760914760914762
context_action+all_internal,482,0.9776876267748479,0.999917174473564,0.8298755186721992,0.9776876267748479,0.1489424063703187,0.14937759336099585
context_action+all_internal,483,0.9797160243407708,0.999917174473564,0.8302277432712215,0.9797160243407708,0.1489375852268956,0.15113871635610765
context_action+all_internal,484,0.9817444219066938,0.999917174473564,0.8305785123966942,0.9817444219066938,0.1368366092815439,0.15289256198347106
context_action+all_internal,485,0.9837728194726166,0.999917174473564,0.8309278350515464,0.9837728194726166,0.121688496110112,0.15463917525773196
context_action+all_internal,486,0.9858012170385395,0.999917174473564,0.831275720164609,0.9858012170385395,0.1176411042654117,0.15432098765432098
context_action+all_internal,487,0.9878296146044625,0.999917174473564,0.8316221765913757,0.9878296146044625,0.104126017897914,0.15605749486652978
context_action+all_internal,488,0.9898580121703854,0.999917174473564,0.8319672131147541,0.9898580121703854,0.1008575715143214,0.15778688524590165
context_action+all_internal,489,0.9918864097363083,0.999917174473564,0.8323108384458078,0.9918864097363083,0.0951493334274984,0.15950920245398773
context_action+all_internal,490,0.9939148073022313,0.999917174473564,0.8326530612244898,0.9939148073022313,0.0790956830948772,0.16122448979591836
context_action+all_internal,491,0.9959432048681541,0.999917174473564,0.8329938900203666,0.9959432048681541,0.0745110791615698,0.1629327902240326
context_action+all_internal,492,0.9979716024340771,0.999917174473564,0.8333333333333334,0.9979716024340771,0.0708823146421495,0.16463414634146342
context_action+all_internal,493,1.0,0.999917174473564,0.8336713995943205,1.0,0.0540468060621117,0.1663286004056795
grounding,1,0.002028397565922921,9.27252600027373e-05,0.0,0.002028397565922921,0.9969520939135762,0.0
grounding,2,0.004056795131845842,0.000580917196273,0.0,0.004056795131845842,0.994830955091147,0.0
grounding,3,0.006085192697768763,0.0028090686582302,0.0,0.006085192697768763,0.9947359852450384,0.0
grounding,4,0.008113590263691683,0.0038338669867749,0.0,0.008113590263691683,0.9939451974328232,0.0
grounding,5,0.010141987829614604,0.0046850060398296,0.0,0.010141987829614604,0.9938510673985884,0.0
grounding,6,0.012170385395537525,0.0099418629718337,0.0,0.012170385395537525,0.9938448963046644,0.0
grounding,7,0.014198782961460446,0.0110886048091575,0.0,0.014198782961460446,0.9935013752857764,0.0
grounding,8,0.016227180527383367,0.0127384943515773,0.0,0.016227180527383367,0.9926912216202998,0.0
grounding,9,0.018255578093306288,0.015729198385343,0.0,0.018255578093306288,0.9924974449282756,0.0
grounding,10,0.02028397565922921,0.0165165619651886,0.0,0.02028397565922921,0.9923543884206228,0.0
grounding,11,0.02231237322515213,0.0176625905340507,0.0,0.02231237322515213,0.992197201564502,0.0
grounding,12,0.02434077079107505,0.0185001949744297,0.0,0.02434077079107505,0.9921303444312566,0.0
grounding,13,0.02636916835699797,0.0213500299138258,0.0,0.02636916835699797,0.9919576295164494,0.0
grounding,14,0.028397565922920892,0.0231807072510622,0.0,0.028397565922920892,0.9914216297475744,0.0
grounding,15,0.030425963488843813,0.033288936215127,0.0,0.030425963488843813,0.9914127110534162,0.0
grounding,16,0.032454361054766734,0.0418203636156061,0.0625,0.032454361054766734,0.9913034641959548,0.0
grounding,17,0.034482758620689655,0.0442143250707391,0.058823529411764705,0.034482758620689655,0.9912127876198694,0.0
grounding,18,0.036511156186612576,0.0447507350635136,0.05555555555555555,0.036511156186612576,0.990810933474013,0.0
grounding,19,0.038539553752535496,0.0462742003313826,0.05263157894736842,0.038539553752535496,0.9901263448759776,0.0
grounding,20,0.04056795131845842,0.0469802079527182,0.05,0.04056795131845842,0.9901032631102958,0.0
grounding,21,0.04259634888438134,0.0470298602152491,0.047619047619047616,0.04259634888438134,0.9898256578972484,0.0
grounding,22,0.04462474645030426,0.0522726034727175,0.045454545454545456,0.04462474645030426,0.9895369185233106,0.0
grounding,23,0.04665314401622718,0.0536452301726579,0.043478260869565216,0.04665314401622718,0.9894532299536186,0.0
grounding,24,0.0486815415821501,0.0572718010550247,0.041666666666666664,0.0486815415821501,0.989257502719245,0.0
grounding,25,0.05070993914807302,0.061774584550055,0.04,0.05070993914807302,0.98919733091277,0.0
grounding,26,0.05273833671399594,0.0640532921445155,0.038461538461538464,0.05273833671399594,0.9890801380875914,0.0
grounding,27,0.05476673427991886,0.072749197851104,0.037037037037037035,0.05476673427991886,0.9890216818064356,0.0
grounding,28,0.056795131845841784,0.0743249088796139,0.03571428571428571,0.056795131845841784,0.9889958065594728,0.0
grounding,29,0.058823529411764705,0.0745973542231178,0.06896551724137931,0.058823529411764705,0.9889267714509204,0.0
grounding,30,0.060851926977687626,0.0808598946645037,0.1,0.060851926977687626,0.9888973697653648,0.0
grounding,31,0.06288032454361055,0.0999701879514545,0.0967741935483871,0.06288032454361055,0.9888941914319596,0.0
grounding,32,0.06490872210953347,0.1122198314268083,0.09375,0.06490872210953347,0.9888422055675548,0.0
grounding,33,0.06693711967545639,0.1249946997591158,0.09090909090909091,0.06693711967545639,0.9886003250675136,0.0
grounding,34,0.06896551724137931,0.129038650854764,0.11764705882352941,0.06896551724137931,0.9885458118245728,0.0
grounding,35,0.07099391480730223,0.130166507798277,0.11428571428571428,0.07099391480730223,0.9883526595910996,0.0
grounding,36,0.07302231237322515,0.1380531872624432,0.1111111111111111,0.07302231237322515,0.9883200130163612,0.0
grounding,37,0.07505070993914807,0.1458716368348201,0.13513513513513514,0.07505070993914807,0.9883043651892548,0.0
grounding,38,0.07707910750507099,0.1507349417489069,0.13157894736842105,0.07707910750507099,0.987960100699117,0.0
grounding,39,0.07910750507099391,0.1518165242999536,0.15384615384615385,0.07910750507099391,0.9878789717299026,0.0
grounding,40,0.08113590263691683,0.1852837119639759,0.15,0.08113590263691683,0.9878427116132884,0.0
grounding,41,0.08316430020283976,0.1867219519957299,0.14634146341463414,0.08316430020283976,0.9878262493838078,0.0
grounding,42,0.08519269776876268,0.2083116095499499,0.14285714285714285,0.08519269776876268,0.9876590048355972,0.0
grounding,43,0.0872210953346856,0.2273550488279875,0.13953488372093023,0.0872210953346856,0.987616117832342,0.0
grounding,44,0.08924949290060852,0.2823282970877809,0.13636363636363635,0.08924949290060852,0.9874831624612036,0.0
grounding,45,0.09127789046653144,0.3054986094150683,0.13333333333333333,0.09127789046653144,0.9872661975271696,0.0
grounding,46,0.09330628803245436,0.3076231254325459,0.13043478260869565,0.09330628803245436,0.9872138115133297,0.0
grounding,47,0.09533468559837728,0.3099962673136036,0.14893617021276595,0.09533468559837728,0.9871807960253172,0.0
grounding,48,0.0973630831643002,0.313937580887578,0.14583333333333334,0.0973630831643002,0.9871609293549432,0.0
grounding,49,0.09939148073022312,0.3169494066939491,0.14285714285714285,0.09939148073022312,0.986970960835382,0.0
grounding,50,0.10141987829614604,0.3274107021909182,0.14,0.10141987829614604,0.9869510645154428,0.0
grounding,51,0.10344827586206896,0.3530603934690455,0.13725490196078433,0.10344827586206896,0.9868701091566308,0.0
grounding,52,0.10547667342799188,0.370500812231698,0.15384615384615385,0.10547667342799188,0.9867896534608248,0.0
grounding,53,0.1075050709939148,0.4043891572126371,0.16981132075471697,0.1075050709939148,0.9867588444352896,0.0
grounding,54,0.10953346855983773,0.4060049069589068,0.16666666666666666,0.10953346855983773,0.9867380337524831,0.0
grounding,55,0.11156186612576065,0.4067764139376336,0.16363636363636364,0.11156186612576065,0.9866997604111564,0.0
grounding,56,0.11359026369168357,0.4585292556222257,0.17857142857142858,0.11359026369168357,0.986599645019734,0.0
grounding,57,0.11561866125760649,0.4777217249705157,0.17543859649122806,0.11561866125760649,0.9864584978056842,0.0
grounding,58,0.11764705882352941,0.4834320465883959,0.1896551724137931,0.11764705882352941,0.9864517842176358,0.0
grounding,59,0.11967545638945233,0.4988870203921577,0.2033898305084746,0.11967545638945233,0.9864293779848908,0.0
grounding,60,0.12170385395537525,0.5045304247482546,0.2,0.12170385395537525,0.9862200238352392,0.0
grounding,61,0.12373225152129817,0.5257382444650495,0.19672131147540983,0.12373225152129817,0.9860551823452048,0.0
grounding,62,0.1257606490872211,0.5262829852559943,0.1935483870967742,0.1257606490872211,0.9858573579090304,0.0
grounding,63,0.12778904665314403,0.5689984424056743,0.19047619047619047,0.12778904665314403,0.9858379424661744,0.0
grounding,64,0.12981744421906694,0.5758147676409817,0.1875,0.12981744421906694,0.9857777039976712,0.0
grounding,65,0.13184584178498987,0.6116065985690675,0.2,0.13184584178498987,0.9857248408794544,0.0
grounding,66,0.13387423935091278,0.6280534947577515,0.21212121212121213,0.13387423935091278,0.9856652489234856,0.0
grounding,67,0.1359026369168357,0.6460183927233182,0.208955223880597,0.1359026369168357,0.985611999685906,0.0
grounding,68,0.13793103448275862,0.6540897916783577,0.22058823529411764,0.13793103448275862,0.9855290699291336,0.0
grounding,69,0.13995943204868155,0.6624942331236906,0.21739130434782608,0.13995943204868155,0.9855223289645711,0.0
grounding,70,0.14198782961460446,0.6755152207669227,0.22857142857142856,0.14198782961460446,0.9854795265915476,0.0
grounding,71,0.1440162271805274,0.6780223391171775,0.23943661971830985,0.1440162271805274,0.9853429562033708,0.0
grounding,72,0.1460446247464503,0.6823885955748813,0.25,0.1460446247464503,0.9853059715814366,0.0
grounding,73,0.14807302231237324,0.6835964162920248,0.2602739726027397,0.14807302231237324,0.9852752043198978,0.0
grounding,74,0.15010141987829614,0.6844027759584725,0.2702702702702703,0.15010141987829614,0.9852594627777604,0.0
grounding,75,0.15212981744421908,0.6885867924637133,0.26666666666666666,0.15212981744421908,0.9852477522435608,0.0
grounding,76,0.15415821501014199,0.6959053157558285,0.27631578947368424,0.15415821501014199,0.9851720993608186,0.0
grounding,77,0.15618661257606492,0.6982852587418922,0.2857142857142857,0.15618661257606492,0.9849449706788732,0.0
grounding,78,0.15821501014198783,0.7045828153461943,0.2948717948717949,0.15821501014198783,0.9849023625087624,0.0
grounding,79,0.16024340770791076,0.7047647038000026,0.3037974683544304,0.16024340770791076,0.9848901419613174,0.0
grounding,80,0.16227180527383367,0.70625517762346,0.3125,0.16227180527383367,0.984787394491946,0.0
grounding,81,0.1643002028397566,0.716373728810998,0.30864197530864196,0.1643002028397566,0.9846888767367656,0.0
grounding,82,0.1663286004056795,0.7233125474186092,0.3048780487804878,0.1663286004056795,0.98463736820503,0.0
grounding,83,0.16835699797160245,0.7278278032116612,0.30120481927710846,0.16835699797160245,0.9846220035219838,0.0
grounding,84,0.17038539553752535,0.7338274438097512,0.2976190476190476,0.17038539553752535,0.9845038745647496,0.0
grounding,85,0.1724137931034483,0.7551785611531252,0.3058823529411765,0.1724137931034483,0.9844770904867128,0.0
grounding,86,0.1744421906693712,0.757779473224998,0.313953488372093,0.1744421906693712,0.9844470465608808,0.0
grounding,87,0.17647058823529413,0.7602116136712878,0.3103448275862069,0.17647058823529413,0.984195552564763,0.0
grounding,88,0.17849898580121704,0.7625733097642261,0.3068181818181818,0.17849898580121704,0.9841578565767,0.0
grounding,89,0.18052738336713997,0.7633334871433702,0.3146067415730337,0.18052738336713997,0.9841268254560972,0.0
grounding,90,0.18255578093306288,0.7642152090226141,0.32222222222222224,0.18255578093306288,0.9840504040290216,0.0
grounding,91,0.1845841784989858,0.7712353318720592,0.32967032967032966,0.1845841784989858,0.9839909475032812,0.0
grounding,92,0.18661257606490872,0.7939160153612409,0.33695652173913043,0.18661257606490872,0.9838104570890032,0.0
grounding,93,0.18864097363083165,0.7989600519516346,0.34408602150537637,0.18864097363083165,0.9836218813372668,0.0
grounding,94,0.19066937119675456,0.8027140376419761,0.3404255319148936,0.19066937119675456,0.9835465245141032,0.0
grounding,95,0.1926977687626775,0.8106752151447869,0.3473684210526316,0.1926977687626775,0.983532665054396,0.0
grounding,96,0.1947261663286004,0.8116893488083278,0.3541666666666667,0.1947261663286004,0.9834273629712352,0.0
grounding,97,0.19675456389452334,0.8202404313785604,0.36082474226804123,0.19675456389452334,0.9833465628408868,0.0
grounding,98,0.19878296146044624,0.8205718878152785,0.3673469387755102,0.19878296146044624,0.983343180288566,0.0
grounding,99,0.20081135902636918,0.8212254635705009,0.37373737373737376,0.20081135902636918,0.9833329059493112,0.0
grounding,100,0.2028397565922921,0.8236004938647771,0.37,0.2028397565922921,0.9832672777020792,0.0
grounding,101,0.20486815415821502,0.8257634151566484,0.36633663366336633,0.20486815415821502,0.9832300987187624,0.0
grounding,102,0.20689655172413793,0.8340334150260454,0.3627450980392157,0.20689655172413793,0.9828074904310374,0.0
grounding,103,0.20892494929006086,0.8396659230253338,0.36893203883495146,0.20892494929006086,0.9827906405659554,0.0
grounding,104,0.21095334685598377,0.8420797551730413,0.375,0.21095334685598377,0.982695950087971,0.0
grounding,105,0.2129817444219067,0.8451192246092532,0.37142857142857144,0.2129817444219067,0.9823511455163346,0.0
grounding,106,0.2150101419878296,0.84691526074494,0.37735849056603776,0.2150101419878296,0.982042545319586,0.0
grounding,107,0.21703853955375255,0.8478237877483678,0.38317757009345793,0.21703853955375255,0.9817074432956784,0.0
grounding,108,0.21906693711967545,0.8520144359689041,0.3888888888888889,0.21906693711967545,0.9813232842223532,0.0
grounding,109,0.2210953346855984,0.8570069156905252,0.3853211009174312,0.2210953346855984,0.9812486186859076,0.0
grounding,110,0.2231237322515213,0.8652114369857227,0.39090909090909093,0.2231237322515213,0.9811672895852528,0.0
grounding,111,0.22515212981744423,0.8654081332485792,0.3963963963963964,0.22515212981744423,0.9811527480325516,0.0
grounding,112,0.22718052738336714,0.8656901125742652,0.4017857142857143,0.22718052738336714,0.9810879900488264,0.0
grounding,113,0.22920892494929007,0.8678156156953983,0.40707964601769914,0.22920892494929007,0.9810724086208296,0.0
grounding,114,0.23123732251521298,0.8678505013083894,0.41228070175438597,0.23123732251521298,0.9810309248154409,0.0
grounding,115,0.2332657200811359,0.8735127476027316,0.41739130434782606,0.2332657200811359,0.9808035591552112,0.0
grounding,116,0.23529411764705882,0.8736250434007589,0.4224137931034483,0.23529411764705882,0.980781890191312,0.0
grounding,117,0.23732251521298176,0.876459794799106,0.42735042735042733,0.23732251521298176,0.9807244655190098,0.0
grounding,118,0.23935091277890466,0.8765528699133557,0.423728813559322,0.23935091277890466,0.980643652688138,0.0
grounding,119,0.2413793103448276,0.8793180308435974,0.42857142857142855,0.2413793103448276,0.9805376054866424,0.0
grounding,120,0.2434077079107505,0.8839372064560149,0.425,0.2434077079107505,0.9804977139093842,0.0
grounding,121,0.24543610547667344,0.8845093856688526,0.4214876033057851,0.24543610547667344,0.9804795195877004,0.0
grounding,122,0.24746450304259635,0.8875724145812163,0.4262295081967213,0.24746450304259635,0.9803983294553168,0.0
grounding,123,0.24949290060851928,0.8895219681839844,0.42276422764227645,0.24949290060851928,0.980351706387733,0.0
grounding,124,0.2515212981744422,0.8915386734671228,0.4274193548387097,0.2515212981744422,0.9803500218507144,0.0
grounding,125,0.2535496957403651,0.891701027570635,0.432,0.2535496957403651,0.9803429264666133,0.0
grounding,126,0.25557809330628806,0.892116400446861,0.4365079365079365,0.25557809330628806,0.980233040790572,0.0
grounding,127,0.25760649087221094,0.8926585321139212,0.4330708661417323,0.25760649087221094,0.9802054058368512,0.0
grounding,128,0.25963488843813387,0.8932441365034629,0.4375,0.25963488843813387,0.9801053336001596,0.0
grounding,129,0.2616632860040568,0.8943104132204319,0.4418604651162791,0.2616632860040568,0.9800723043397468,0.0
grounding,130,0.26369168356997974,0.8946579502803972,0.4461538461538462,0.26369168356997974,0.9800096919316328,0.0
grounding,131,0.2657200811359026,0.897068924924558,0.44274809160305345,0.2657200811359026,0.9797151133702576,0.0
grounding,132,0.26774847870182555,0.8992378595446652,0.4393939393939394,0.26774847870182555,0.9796431228107908,0.0
grounding,133,0.2697768762677485,0.9004541618085506,0.44360902255639095,0.2697768762677485,0.9793909171112826,0.0
grounding,134,0.2718052738336714,0.9054859489238978,0.44776119402985076,0.2718052738336714,0.9793799237464008,0.0
grounding,135,0.2738336713995943,0.9056609271683056,0.45185185185185184,0.2738336713995943,0.9791974704259568,0.0
grounding,136,0.27586206896551724,0.906407995780994,0.45588235294117646,0.27586206896551724,0.979178187647335,0.0
grounding,137,0.2778904665314402,0.9077573348988348,0.45985401459854014,0.2778904665314402,0.9790717017907932,0.0
grounding,138,0.2799188640973631,0.9088499408339724,0.463768115942029,0.2799188640973631,0.9790624552208536,0.0
grounding,139,0.281947261663286,0.90969934487057,0.4676258992805755,0.281947261663286,0.9789791962993766,0.0
grounding,140,0.2839756592292089,0.9108728031110233,0.4642857142857143,0.2839756592292089,0.9789038910440528,0.0
grounding,141,0.28600405679513186,0.9129950257539792,0.46808510638297873,0.28600405679513186,0.9788858541563776,0.0
grounding,142,0.2880324543610548,0.9130176182040524,0.47183098591549294,0.2880324543610548,0.9788315795590934,0.0
grounding,143,0.29006085192697767,0.913149531645158,0.4755244755244755,0.29006085192697767,0.9787690247845388,0.0
grounding,144,0.2920892494929006,0.9156648135643844,0.4791666666666667,0.2920892494929006,0.9786893625157476,0.0
grounding,145,0.29411764705882354,0.9156666845961948,0.4827586206896552,0.29411764705882354,0.9779921602116372,0.0
grounding,146,0.2961460446247465,0.9171152059535168,0.4863013698630137,0.2961460446247465,0.977933273714748,0.0
grounding,147,0.29817444219066935,0.9209133515394712,0.4897959183673469,0.29817444219066935,0.9777638443675072,0.0
grounding,148,0.3002028397565923,0.9209473512070412,0.49324324324324326,0.3002028397565923,0.9776363881078984,0.0
grounding,149,0.3022312373225152,0.9235158745726032,0.4899328859060403,0.3022312373225152,0.9775758536323153,0.0
grounding,150,0.30425963488843816,0.9237275500094144,0.49333333333333335,0.30425963488843816,0.977542446452335,0.0
grounding,151,0.30628803245436104,0.9237934131769194,0.4966887417218543,0.30628803245436104,0.9775001466289,0.006622516556291391
grounding,152,0.30831643002028397,0.9242152271745476,0.5,0.30831643002028397,0.9774960904445888,0.006578947368421052
grounding,153,0.3103448275862069,0.9255558385254514,0.5032679738562091,0.3103448275862069,0.977490042129758,0.006535947712418301
grounding,154,0.31237322515212984,0.9257585335531312,0.5064935064935064,0.31237322515212984,0.9774440012879032,0.006493506493506494
grounding,155,0.3144016227180527,0.925935295300116,0.5096774193548387,0.3144016227180527,0.977421293485917,0.0064516129032258064
grounding,156,0.31643002028397565,0.9260220871917466,0.5128205128205128,0.31643002028397565,0.9772390152005788,0.00641025641025641
grounding,157,0.3184584178498986,0.9261370699769692,0.5159235668789809,0.3184584178498986,0.9771294110773135,0.006369426751592357
grounding,158,0.3204868154158215,0.9276808447249892,0.5189873417721519,0.3204868154158215,0.9770574424730966,0.006329113924050633
grounding,159,0.3225152129817444,0.928001816997392,0.5220125786163522,0.3225152129817444,0.9769818355511588,0.006289308176100629
grounding,160,0.32454361054766734,0.9282938259497724,0.525,0.32454361054766734,0.9768286606320722,0.00625
grounding,161,0.3265720081135903,0.9291789249414972,0.5279503105590062,0.3265720081135903,0.9767097062166978,0.006211180124223602
grounding,162,0.3286004056795132,0.9294942551921032,0.5246913580246914,0.3286004056795132,0.9765865624286992,0.006172839506172839
grounding,163,0.3306288032454361,0.9298027456612286,0.5276073619631901,0.3306288032454361,0.9762042267301624,0.006134969325153374
grounding,164,0.332657200811359,0.930127611933592,0.5304878048780488,0.332657200811359,0.976183556162414,0.006097560975609756
grounding,165,0.33468559837728196,0.9310221242822588,0.5333333333333333,0.33468559837728196,0.9760669489957,0.006060606060606061
grounding,166,0.3367139959432049,0.9330416512818952,0.536144578313253,0.3367139959432049,0.9759729396553716,0.006024096385542169
grounding,167,0.33874239350912777,0.9332144731001728,0.5389221556886228,0.33874239350912777,0.9759516523920584,0.005988023952095809
grounding,168,0.3407707910750507,0.9337841598997502,0.5416666666666666,0.3407707910750507,0.9758342344215832,0.005952380952380952
grounding,169,0.34279918864097364,0.9339122184212408,0.5443786982248521,0.34279918864097364,0.9757776223144656,0.005917159763313609
grounding,170,0.3448275862068966,0.9341503837875283,0.5411764705882353,0.3448275862068966,0.9757526763913216,0.0058823529411764705
grounding,171,0.34685598377281945,0.934322852509465,0.543859649122807,0.34685598377281945,0.9752183444221808,0.005847953216374269
grounding,172,0.3488843813387424,0.9348445524396825,0.5465116279069767,0.3488843813387424,0.9750350121938964,0.011627906976744186
grounding,173,0.3509127789046653,0.9360059083978912,0.5491329479768786,0.3509127789046653,0.9747857735825054,0.011560693641618497
grounding,174,0.35294117647058826,0.9376503931141944,0.5517241379310345,0.35294117647058826,0.974602667004627,0.011494252873563218
grounding,175,0.35496957403651114,0.9382045823753352,0.5542857142857143,0.35496957403651114,0.974593796171086,0.011428571428571429
grounding,176,0.35699797160243407,0.9392068109009992,0.5568181818181818,0.35699797160243407,0.9745766247606849,0.011363636363636364
grounding,177,0.359026369168357,0.9392124184518642,0.559322033898305,0.359026369168357,0.974451169696879,0.011299435028248588
grounding,178,0.36105476673427994,0.9394228255242886,0.5617977528089888,0.36105476673427994,0.9743114904882396,0.011235955056179775
grounding,179,0.3630831643002028,0.939424480994649,0.5642458100558659,0.3630831643002028,0.9739097367604146,0.0111731843575419
grounding,180,0.36511156186612576,0.9402650315962948,0.5666666666666667,0.36511156186612576,0.9734776311882284,0.011111111111111112
grounding,181,0.3671399594320487,0.941246727856498,0.569060773480663,0.3671399594320487,0.9733715696685352,0.011049723756906077
grounding,182,0.3691683569979716,0.9427869828379069,0.5714285714285714,0.3691683569979716,0.9730062602609844,0.01098901098901099
grounding,183,0.3711967545638945,0.9428987014765434,0.5737704918032787,0.3711967545638945,0.9729992885257968,0.01092896174863388
grounding,184,0.37322515212981744,0.9436394977719444,0.5760869565217391,0.37322515212981744,0.9729289683962468,0.010869565217391304
grounding,185,0.3752535496957404,0.9437926954639124,0.5783783783783784,0.3752535496957404,0.9728483016524572,0.010810810810810811
grounding,186,0.3772819472616633,0.943993183551498,0.5806451612903226,0.3772819472616633,0.9727678226178216,0.010752688172043012
grounding,187,0.3793103448275862,0.9443219400066694,0.5828877005347594,0.3793103448275862,0.972744011271218,0.0106951871657754
grounding,188,0.3813387423935091,0.9450228161847788,0.5851063829787234,0.3813387423935091,0.9726020215862696,0.010638297872340425
grounding,189,0.38336713995943206,0.9452225737280004,0.5873015873015873,0.38336713995943206,0.972507935888372,0.010582010582010581
grounding,190,0.385395537525355,0.9457542313491188,0.5894736842105263,0.385395537525355,0.9724826515167574,0.010526315789473684
grounding,191,0.38742393509127787,0.9465825293447278,0.5916230366492147,0.38742393509127787,0.9723844063209952,0.010471204188481676
grounding,192,0.3894523326572008,0.9469068913220532,0.59375,0.3894523326572008,0.9720477685450544,0.010416666666666666
grounding,193,0.39148073022312374,0.947527051737385,0.5958549222797928,0.39148073022312374,0.9719990744787956,0.010362694300518135
grounding,194,0.3935091277890467,0.9484999686656468,0.5979381443298969,0.3935091277890467,0.9717814216016302,0.010309278350515464
grounding,195,0.39553752535496955,0.948895873626825,0.6,0.39553752535496955,0.9716850321291526,0.010256410256410256
grounding,196,0.3975659229208925,0.9493753037568218,0.6020408163265306,0.3975659229208925,0.9715792550013972,0.01020408163265306
grounding,197,0.3995943204868154,0.950378767061598,0.6040609137055838,0.3995943204868154,0.9714209079119857,0.01015228426395939
grounding,198,0.40162271805273836,0.9504788469540892,0.6060606060606061,0.40162271805273836,0.9713934732792674,0.010101010101010102
grounding,199,0.40365111561866124,0.950669609644985,0.6080402010050251,0.40365111561866124,0.9713770576013868,0.010050251256281407
grounding,200,0.4056795131845842,0.951784352367515,0.61,0.4056795131845842,0.9709057212759724,0.01
grounding,201,0.4077079107505071,0.951937926243464,0.6119402985074627,0.4077079107505071,0.9708532271408332,0.009950248756218905
grounding,202,0.40973630831643004,0.952578086222228,0.6138613861386139,0.40973630831643004,0.9706329678130248,0.009900990099009901
grounding,203,0.4117647058823529,0.9527270641779686,0.6157635467980296,0.4117647058823529,0.9703493940981252,0.009852216748768473
grounding,204,0.41379310344827586,0.952746850761157,0.6176470588235294,0.41379310344827586,0.97032016569027,0.014705882352941176
grounding,205,0.4158215010141988,0.9527710636596564,0.6195121951219512,0.4158215010141988,0.970264328795434,0.014634146341463415
grounding,206,0.4178498985801217,0.9527837369314548,0.6213592233009708,0.4178498985801217,0.97017316968398,0.014563106796116505
grounding,207,0.4198782961460446,0.9540418713626692,0.6231884057971014,0.4198782961460446,0.9699805634080938,0.014492753623188406
grounding,208,0.42190669371196754,0.9546405192453088,0.625,0.42190669371196754,0.9699123803103088,0.019230769230769232
grounding,209,0.4239350912778905,0.9547660375262308,0.6267942583732058,0.4239350912778905,0.9699101585517969,0.019138755980861243
grounding,210,0.4259634888438134,0.9557542047417578,0.6285714285714286,0.4259634888438134,0.9697625248860398,0.01904761904761905
grounding,211,0.4279918864097363,0.9558857502681972,0.6303317535545023,0.4279918864097363,0.9695951490258392,0.018957345971563982
grounding,212,0.4300202839756592,0.9568740103508478,0.6320754716981132,0.4300202839756592,0.9691373473319032,0.018867924528301886
grounding,213,0.43204868154158216,0.9570945488906724,0.6338028169014085,0.43204868154158216,0.9691184342292578,0.018779342723004695
grounding,214,0.4340770791075051,0.9576193896853,0.6355140186915887,0.4340770791075051,0.968879197406491,0.018691588785046728
grounding,215,0.43610547667342797,0.9577114682224752,0.6372093023255814,0.43610547667342797,0.9687910662405692,0.018604651162790697
grounding,216,0.4381338742393509,0.9579005419833312,0.6388888888888888,0.4381338742393509,0.9685717744283286,0.018518518518518517
grounding,217,0.44016227180527384,0.9581964687330372,0.6405529953917051,0.44016227180527384,0.9684517680426422,0.018433179723502304
grounding,218,0.4421906693711968,0.9582600832382314,0.6422018348623854,0.4421906693711968,0.96810121978754,0.01834862385321101
grounding,219,0.44421906693711966,0.9585956362027735,0.6438356164383562,0.44421906693711966,0.9680719135314932,0.0182648401826484
grounding,220,0.4462474645030426,0.959032459202088,0.6454545454545455,0.4462474645030426,0.9680657584905066,0.01818181818181818
grounding,221,0.4482758620689655,0.9592962570939854,0.6470588235294118,0.4482758620689655,0.967619891210151,0.01809954751131222
grounding,222,0.45030425963488846,0.9597434224942972,0.6486486486486487,0.45030425963488846,0.9676103596810064,0.018018018018018018
grounding,223,0.45233265720081134,0.9599644719251832,0.6502242152466368,0.45233265720081134,0.9670706007916215,0.017937219730941704
grounding,224,0.4543610547667343,0.9602517881906544,0.6517857142857143,0.4543610547667343,0.9668922901770066,0.017857142857142856
grounding,225,0.4563894523326572,0.9603134242327136,0.6533333333333333,0.4563894523326572,0.9668381805067944,0.017777777777777778
grounding,226,0.45841784989858014,0.9607097350508292,0.6548672566371682,0.45841784989858014,0.9666968422702096,0.017699115044247787
grounding,227,0.460446247464503,0.9607151032908032,0.6563876651982379,0.460446247464503,0.9666507519565816,0.01762114537444934
grounding,228,0.46247464503042596,0.96093239140464,0.6578947368421053,0.46247464503042596,0.9666310720049176,0.017543859649122806
grounding,229,0.4645030425963489,0.9609678906537814,0.6593886462882096,0.4645030425963489,0.9665204967776944,0.017467248908296942
grounding,230,0.4665314401622718,0.96115521598208,0.6608695652173913,0.4665314401622718,0.9663873560062854,0.017391304347826087
grounding,231,0.4685598377281947,0.9611679479084304,0.6623376623376623,0.4685598377281947,0.9663094984642292,0.017316017316017316
grounding,232,0.47058823529411764,0.9614838362441958,0.6637931034482759,0.47058823529411764,0.9658828609230948,0.017241379310344827
grounding,233,0.4726166328600406,0.9615623087419248,0.6652360515021459,0.4726166328600406,0.9651046768650152,0.017167381974248927
grounding,234,0.4746450304259635,0.9620812757642798,0.6666666666666666,0.4746450304259635,0.9650375769857464,0.017094017094017096
grounding,235,0.4766734279918864,0.9620812757642798,0.6680851063829787,0.4766734279918864,0.9649619000850952,0.01702127659574468
grounding,236,0.4787018255578093,0.9620812757642798,0.6694915254237288,0.4787018255578093,0.9649264938055953,0.01694915254237288
grounding,237,0.48073022312373226,0.9620812757642798,0.6708860759493671,0.48073022312373226,0.9649107943972712,0.016877637130801686
grounding,238,0.4827586206896552,0.9620812757642798,0.6722689075630253,0.4827586206896552,0.9648580513123982,0.01680672268907563
grounding,239,0.4847870182555781,0.9620812757642798,0.6736401673640168,0.4847870182555781,0.9647263387355084,0.016736401673640166
grounding,240,0.486815415821501,0.9621325332478214,0.675,0.486815415821501,0.9646209427910192,0.016666666666666666
grounding,241,0.48884381338742394,0.9624695035265574,0.6763485477178424,0.48884381338742394,0.9644392024996484,0.016597510373443983
grounding,242,0.4908722109533469,0.9627250260945353,0.6776859504132231,0.4908722109533469,0.964414117257052,0.01652892561983471
grounding,243,0.49290060851926976,0.962986524805175,0.6790123456790124,0.49290060851926976,0.9643838546510344,0.01646090534979424
grounding,244,0.4949290060851927,0.963056739423796,0.680327868852459,0.4949290060851927,0.9640263263837618,0.01639344262295082
grounding,245,0.4969574036511156,0.9632483324098042,0.6816326530612244,0.4969574036511156,0.964013079917555,0.0163265306122449
grounding,246,0.49898580121703856,0.9633315829780988,0.6829268292682927,0.49898580121703856,0.9639408259214556,0.016260162601626018
grounding,247,0.5010141987829615,0.9633747270537024,0.6842105263157895,0.5010141987829615,0.9633747270537024,0.016194331983805668
grounding,248,0.5030425963488844,0.9639408259214556,0.6854838709677419,0.5030425963488844,0.9633315829780988,0.016129032258064516
grounding,249,0.5050709939148073,0.964013079917555,0.6867469879518072,0.5050709939148073,0.9632483324098042,0.01606425702811245
grounding,250,0.5070993914807302,0.9640263263837618,0.688,0.5070993914807302,0.963056739423796,0.016
grounding,251,0.5091277890466531,0.9643838546510344,0.6892430278884463,0.5091277890466531,0.962986524805175,0.01593625498007968
grounding,252,0.5111561866125761,0.964414117257052,0.6904761904761905,0.5111561866125761,0.9627250260945353,0.015873015873015872
grounding,253,0.513184584178499,0.9644392024996484,0.691699604743083,0.513184584178499,0.9624695035265574,0.015810276679841896
grounding,254,0.5152129817444219,0.9646209427910192,0.6929133858267716,0.5152129817444219,0.9621325332478214,0.015748031496062992
grounding,255,0.5172413793103449,0.9647263387355084,0.6941176470588235,0.5172413793103449,0.9620812757642798,0.01568627450980392
grounding,256,0.5192697768762677,0.9648580513123982,0.6953125,0.5192697768762677,0.9620812757642798,0.015625
grounding,257,0.5212981744421906,0.9649107943972712,0.6964980544747081,0.5212981744421906,0.9620812757642798,0.01556420233463035
grounding,258,0.5233265720081136,0.9649264938055953,0.6976744186046512,0.5233265720081136,0.9620812757642798,0.015503875968992248
grounding,259,0.5253549695740365,0.9649619000850952,0.6988416988416989,0.5253549695740365,0.9620812757642798,0.015444015444015444
grounding,260,0.5273833671399595,0.9650375769857464,0.7,0.5273833671399595,0.9620812757642798,0.015384615384615385
grounding,261,0.5294117647058824,0.9651046768650152,0.7011494252873564,0.5294117647058824,0.9615623087419248,0.01532567049808429
grounding,262,0.5314401622718052,0.9658828609230948,0.7022900763358778,0.5314401622718052,0.9614838362441958,0.015267175572519083
grounding,263,0.5334685598377282,0.9663094984642292,0.7034220532319392,0.5334685598377282,0.9611679479084304,0.015209125475285171
grounding,264,0.5354969574036511,0.9663873560062854,0.7045454545454546,0.5354969574036511,0.96115521598208,0.015151515151515152
grounding,265,0.537525354969574,0.9665204967776944,0.7056603773584905,0.537525354969574,0.9609678906537814,0.01509433962264151
grounding,266,0.539553752535497,0.9666310720049176,0.706766917293233,0.539553752535497,0.96093239140464,0.015037593984962405
grounding,267,0.5415821501014199,0.9666507519565816,0.7078651685393258,0.5415821501014199,0.9607151032908032,0.0149812734082397
grounding,268,0.5436105476673428,0.9666968422702096,0.7089552238805971,0.5436105476673428,0.9607097350508292,0.014925373134328358
grounding,269,0.5456389452332657,0.9668381805067944,0.7100371747211895,0.5456389452332657,0.9603134242327136,0.01486988847583643
grounding,270,0.5476673427991886,0.9668922901770066,0.7111111111111111,0.5476673427991886,0.9602517881906544,0.014814814814814815
grounding,271,0.5496957403651116,0.9670706007916215,0.7121771217712177,0.5496957403651116,0.9599644719251832,0.014760147601476014
grounding,272,0.5517241379310345,0.9676103596810064,0.7132352941176471,0.5517241379310345,0.9597434224942972,0.014705882352941176
grounding,273,0.5537525354969574,0.967619891210151,0.7142857142857143,0.5537525354969574,0.9592962570939854,0.014652014652014652
grounding,274,0.5557809330628803,0.9680657584905066,0.7153284671532847,0.5557809330628803,0.959032459202088,0.014598540145985401
grounding,275,0.5578093306288032,0.9680719135314932,0.7163636363636363,0.5578093306288032,0.9585956362027735,0.014545454545454545
grounding,276,0.5598377281947262,0.96810121978754,0.717391304347826,0.5598377281947262,0.9582600832382314,0.014492753623188406
grounding,277,0.5618661257606491,0.9684517680426422,0.7184115523465704,0.5618661257606491,0.9581964687330372,0.01444043321299639
grounding,278,0.563894523326572,0.9685717744283286,0.7194244604316546,0.563894523326572,0.9579005419833312,0.014388489208633094
grounding,279,0.565922920892495,0.9687910662405692,0.7204301075268817,0.565922920892495,0.9577114682224752,0.014336917562724014
grounding,280,0.5679513184584178,0.968879197406491,0.7214285714285714,0.5679513184584178,0.9576193896853,0.014285714285714285
grounding,281,0.5699797160243407,0.9691184342292578,0.7224199288256228,0.5699797160243407,0.9570945488906724,0.014234875444839857
grounding,282,0.5720081135902637,0.9691373473319032,0.723404255319149,0.5720081135902637,0.9568740103508478,0.014184397163120567
grounding,283,0.5740365111561866,0.9695951490258392,0.7243816254416962,0.5740365111561866,0.9558857502681972,0.014134275618374558
grounding,284,0.5760649087221096,0.9697625248860398,0.7253521126760564,0.5760649087221096,0.9557542047417578,0.014084507042253521
grounding,285,0.5780933062880325,0.9699101585517969,0.7263157894736842,0.5780933062880325,0.9547660375262308,0.014035087719298246
grounding,286,0.5801217038539553,0.9699123803103088,0.7237762237762237,0.5801217038539553,0.9546405192453088,0.013986013986013986
grounding,287,0.5821501014198783,0.9699805634080938,0.7247386759581882,0.5821501014198783,0.9540418713626692,0.013937282229965157
grounding,288,0.5841784989858012,0.97017316968398,0.7256944444444444,0.5841784989858012,0.9527837369314548,0.013888888888888888
grounding,289,0.5862068965517241,0.970264328795434,0.726643598615917,0.5862068965517241,0.9527710636596564,0.01384083044982699
grounding,290,0.5882352941176471,0.97032016569027,0.7241379310344828,0.5882352941176471,0.952746850761157,0.013793103448275862
grounding,291,0.59026369168357,0.9703493940981252,0.7250859106529209,0.59026369168357,0.9527270641779686,0.013745704467353952
grounding,292,0.592292089249493,0.9706329678130248,0.726027397260274,0.592292089249493,0.952578086222228,0.0136986301369863
grounding,293,0.5943204868154158,0.9708532271408332,0.726962457337884,0.5943204868154158,0.951937926243464,0.013651877133105802
grounding,294,0.5963488843813387,0.9709057212759724,0.7278911564625851,0.5963488843813387,0.951784352367515,0.013605442176870748
grounding,295,0.5983772819472617,0.9713770576013868,0.7288135593220338,0.5983772819472617,0.950669609644985,0.013559322033898305
grounding,296,0.6004056795131846,0.9713934732792674,0.7297297297297297,0.6004056795131846,0.9504788469540892,0.013513513513513514
grounding,297,0.6024340770791075,0.9714209079119857,0.7306397306397306,0.6024340770791075,0.950378767061598,0.013468013468013467
grounding,298,0.6044624746450304,0.9715792550013972,0.7315436241610739,0.6044624746450304,0.9493753037568218,0.013422818791946308
grounding,299,0.6064908722109533,0.9716850321291526,0.7324414715719063,0.6064908722109533,0.948895873626825,0.013377926421404682
grounding,300,0.6085192697768763,0.9717814216016302,0.7333333333333333,0.6085192697768763,0.9484999686656468,0.013333333333333334
grounding,301,0.6105476673427992,0.9719990744787956,0.7342192691029901,0.6105476673427992,0.947527051737385,0.013289036544850499
grounding,302,0.6125760649087221,0.9720477685450544,0.7350993377483444,0.6125760649087221,0.9469068913220532,0.013245033112582781
grounding,303,0.6146044624746451,0.9723844063209952,0.735973597359736,0.6146044624746451,0.9465825293447278,0.013201320132013201
grounding,304,0.6166328600405679,0.9724826515167574,0.7368421052631579,0.6166328600405679,0.9457542313491188,0.013157894736842105
grounding,305,0.6186612576064908,0.972507935888372,0.7377049180327869,0.6186612576064908,0.9452225737280004,0.013114754098360656
grounding,306,0.6206896551724138,0.9726020215862696,0.738562091503268,0.6206896551724138,0.9450228161847788,0.013071895424836602
grounding,307,0.6227180527383367,0.972744011271218,0.739413680781759,0.6227180527383367,0.9443219400066694,0.013029315960912053
grounding,308,0.6247464503042597,0.9727678226178216,0.7402597402597403,0.6247464503042597,0.943993183551498,0.012987012987012988
grounding,309,0.6267748478701826,0.9728483016524572,0.7411003236245954,0.6267748478701826,0.9437926954639124,0.012944983818770227
grounding,310,0.6288032454361054,0.9729289683962468,0.7419354838709677,0.6288032454361054,0.9436394977719444,0.012903225806451613
grounding,311,0.6308316430020284,0.9729992885257968,0.7427652733118971,0.6308316430020284,0.9428987014765434,0.012861736334405145
grounding,312,0.6328600405679513,0.9730062602609844,0.7435897435897436,0.6328600405679513,0.9427869828379069,0.01282051282051282
grounding,313,0.6348884381338742,0.9733715696685352,0.744408945686901,0.6348884381338742,0.941246727856498,0.012779552715654952
grounding,314,0.6369168356997972,0.9734776311882284,0.7452229299363057,0.6369168356997972,0.9402650315962948,0.012738853503184714
grounding,315,0.6389452332657201,0.9739097367604146,0.746031746031746,0.6389452332657201,0.939424480994649,0.012698412698412698
grounding,316,0.640973630831643,0.9743114904882396,0.7468354430379747,0.640973630831643,0.9394228255242886,0.012658227848101266
grounding,317,0.6430020283975659,0.974451169696879,0.7476340694006309,0.6430020283975659,0.9392124184518642,0.012618296529968454
grounding,318,0.6450304259634888,0.9745766247606849,0.7484276729559748,0.6450304259634888,0.9392068109009992,0.012578616352201259
grounding,319,0.6470588235294118,0.974593796171086,0.7492163009404389,0.6470588235294118,0.9382045823753352,0.012539184952978056
grounding,320,0.6490872210953347,0.974602667004627,0.75,0.6490872210953347,0.9376503931141944,0.0125
grounding,321,0.6511156186612576,0.9747857735825054,0.7507788161993769,0.6511156186612576,0.9360059083978912,0.012461059190031152
grounding,322,0.6531440162271805,0.9750350121938964,0.7484472049689441,0.6531440162271805,0.9348445524396825,0.012422360248447204
grounding,323,0.6551724137931034,0.9752183444221808,0.7492260061919505,0.6551724137931034,0.934322852509465,0.01238390092879257
grounding,324,0.6572008113590264,0.9757526763913216,0.75,0.6572008113590264,0.9341503837875283,0.015432098765432098
grounding,325,0.6592292089249493,0.9757776223144656,0.7507692307692307,0.6592292089249493,0.9339122184212408,0.015384615384615385
grounding,326,0.6612576064908722,0.9758342344215832,0.7515337423312883,0.6612576064908722,0.9337841598997502,0.015337423312883436
grounding,327,0.6632860040567952,0.9759516523920584,0.7522935779816514,0.6632860040567952,0.9332144731001728,0.01529051987767584
grounding,328,0.665314401622718,0.9759729396553716,0.7530487804878049,0.665314401622718,0.9330416512818952,0.01524390243902439
grounding,329,0.6673427991886409,0.9760669489957,0.7537993920972644,0.6673427991886409,0.9310221242822588,0.015197568389057751
grounding,330,0.6693711967545639,0.976183556162414,0.7545454545454545,0.6693711967545639,0.930127611933592,0.015151515151515152
grounding,331,0.6713995943204868,0.9762042267301624,0.7552870090634441,0.6713995943204868,0.9298027456612286,0.015105740181268883
grounding,332,0.6734279918864098,0.9765865624286992,0.7560240963855421,0.6734279918864098,0.9294942551921032,0.018072289156626505
grounding,333,0.6754563894523327,0.9767097062166978,0.7567567567567568,0.6754563894523327,0.9291789249414972,0.018018018018018018
grounding,334,0.6774847870182555,0.9768286606320722,0.7574850299401198,0.6774847870182555,0.9282938259497724,0.017964071856287425
grounding,335,0.6795131845841785,0.9769818355511588,0.7582089552238805,0.6795131845841785,0.928001816997392,0.01791044776119403
grounding,336,0.6815415821501014,0.9770574424730966,0.7589285714285714,0.6815415821501014,0.9276808447249892,0.017857142857142856
grounding,337,0.6835699797160243,0.9771294110773135,0.7596439169139466,0.6835699797160243,0.9261370699769692,0.017804154302670624
grounding,338,0.6855983772819473,0.9772390152005788,0.7603550295857988,0.6855983772819473,0.9260220871917466,0.01775147928994083
grounding,339,0.6876267748478702,0.977421293485917,0.7610619469026548,0.6876267748478702,0.925935295300116,0.017699115044247787
grounding,340,0.6896551724137931,0.9774440012879032,0.7617647058823529,0.6896551724137931,0.9257585335531312,0.01764705882352941
grounding,341,0.691683569979716,0.977490042129758,0.7624633431085044,0.691683569979716,0.9255558385254514,0.017595307917888565
grounding,342,0.6937119675456389,0.9774960904445888,0.7631578947368421,0.6937119675456389,0.9242152271745476,0.017543859649122806
grounding,343,0.6957403651115619,0.9775001466289,0.760932944606414,0.6957403651115619,0.9237934131769194,0.01749271137026239
grounding,344,0.6977687626774848,0.977542446452335,0.7616279069767442,0.6977687626774848,0.9237275500094144,0.01744186046511628
grounding,345,0.6997971602434077,0.9775758536323153,0.7623188405797101,0.6997971602434077,0.9235158745726032,0.020289855072463767
grounding,346,0.7018255578093306,0.9776363881078984,0.7630057803468208,0.7018255578093306,0.9209473512070412,0.02023121387283237
grounding,347,0.7038539553752535,0.9777638443675072,0.7636887608069164,0.7038539553752535,0.9209133515394712,0.020172910662824207
grounding,348,0.7058823529411765,0.977933273714748,0.764367816091954,0.7058823529411765,0.9171152059535168,0.020114942528735632
grounding,349,0.7079107505070994,0.9779921602116372,0.7650429799426934,0.7079107505070994,0.9156666845961948,0.02005730659025788
grounding,350,0.7099391480730223,0.9786893625157476,0.7657142857142857,0.7099391480730223,0.9156648135643844,0.02
grounding,351,0.7119675456389453,0.9787690247845388,0.7663817663817664,0.7119675456389453,0.913149531645158,0.019943019943019943
grounding,352,0.7139959432048681,0.9788315795590934,0.7670454545454546,0.7139959432048681,0.9130176182040524,0.019886363636363636
grounding,353,0.716024340770791,0.9788858541563776,0.7677053824362606,0.716024340770791,0.9129950257539792,0.019830028328611898
grounding,354,0.718052738336714,0.9789038910440528,0.768361581920904,0.718052738336714,0.9108728031110233,0.022598870056497175
grounding,355,0.7200811359026369,0.9789791962993766,0.7690140845070422,0.7200811359026369,0.90969934487057,0.022535211267605635
grounding,356,0.7221095334685599,0.9790624552208536,0.7696629213483146,0.7221095334685599,0.9088499408339724,0.02247191011235955
grounding,357,0.7241379310344828,0.9790717017907932,0.7703081232492998,0.7241379310344828,0.9077573348988348,0.022408963585434174
grounding,358,0.7261663286004056,0.979178187647335,0.770949720670391,0.7261663286004056,0.906407995780994,0.0223463687150838
grounding,359,0.7281947261663286,0.9791974704259568,0.7715877437325905,0.7281947261663286,0.9056609271683056,0.022284122562674095
grounding,360,0.7302231237322515,0.9793799237464008,0.7722222222222223,0.7302231237322515,0.9054859489238978,0.022222222222222223
grounding,361,0.7322515212981744,0.9793909171112826,0.7728531855955678,0.7322515212981744,0.9004541618085506,0.0221606648199446
grounding,362,0.7342799188640974,0.9796431228107908,0.7734806629834254,0.7342799188640974,0.8992378595446652,0.024861878453038673
grounding,363,0.7363083164300203,0.9797151133702576,0.7741046831955923,0.7363083164300203,0.897068924924558,0.027548209366391185
grounding,364,0.7383367139959433,0.9800096919316328,0.7747252747252747,0.7383367139959433,0.8946579502803972,0.027472527472527472
grounding,365,0.7403651115618661,0.9800723043397468,0.7753424657534247,0.7403651115618661,0.8943104132204319,0.0273972602739726
grounding,366,0.742393509127789,0.9801053336001596,0.7759562841530054,0.742393509127789,0.8932441365034629,0.0273224043715847
grounding,367,0.744421906693712,0.9802054058368512,0.776566757493188,0.744421906693712,0.8926585321139212,0.02997275204359673
grounding,368,0.7464503042596349,0.980233040790572,0.7771739130434783,0.7464503042596349,0.892116400446861,0.029891304347826088
grounding,369,0.7484787018255578,0.9803429264666133,0.7777777777777778,0.7484787018255578,0.891701027570635,0.02981029810298103
grounding,370,0.7505070993914807,0.9803500218507144,0.7783783783783784,0.7505070993914807,0.8915386734671228,0.02972972972972973
grounding,371,0.7525354969574036,0.980351706387733,0.7789757412398922,0.7525354969574036,0.8895219681839844,0.03234501347708895
grounding,372,0.7545638945233266,0.9803983294553168,0.7795698924731183,0.7545638945233266,0.8875724145812163,0.03225806451612903
grounding,373,0.7565922920892495,0.9804795195877004,0.7801608579088471,0.7565922920892495,0.8845093856688526,0.03485254691689008
grounding,374,0.7586206896551724,0.9804977139093842,0.7807486631016043,0.7586206896551724,0.8839372064560149,0.0374331550802139
grounding,375,0.7606490872210954,0.9805376054866424,0.7813333333333333,0.7606490872210954,0.8793180308435974,0.037333333333333336
grounding,376,0.7626774847870182,0.980643652688138,0.7819148936170213,0.7626774847870182,0.8765528699133557,0.0398936170212766
grounding,377,0.7647058823529411,0.9807244655190098,0.7824933687002652,0.7647058823529411,0.876459794799106,0.03978779840848806
grounding,378,0.7667342799188641,0.980781890191312,0.783068783068783,0.7667342799188641,0.8736250434007589,0.03968253968253968
grounding,379,0.768762677484787,0.9808035591552112,0.783641160949868,0.768762677484787,0.8735127476027316,0.0395778364116095
grounding,380,0.77079107505071,0.9810309248154409,0.7842105263157895,0.77079107505071,0.8678505013083894,0.039473684210526314
grounding,381,0.7728194726166329,0.9810724086208296,0.7847769028871391,0.7728194726166329,0.8678156156953983,0.03937007874015748
grounding,382,0.7748478701825557,0.9810879900488264,0.7853403141361257,0.7748478701825557,0.8656901125742652,0.03926701570680628
grounding,383,0.7768762677484787,0.9811527480325516,0.7859007832898173,0.7768762677484787,0.8654081332485792,0.0391644908616188
grounding,384,0.7789046653144016,0.9811672895852528,0.7864583333333334,0.7789046653144016,0.8652114369857227,0.0390625
grounding,385,0.7809330628803245,0.9812486186859076,0.787012987012987,0.7809330628803245,0.8570069156905252,0.04155844155844156
grounding,386,0.7829614604462475,0.9813232842223532,0.7875647668393783,0.7829614604462475,0.8520144359689041,0.04145077720207254
grounding,387,0.7849898580121704,0.9817074432956784,0.7881136950904393,0.7849898580121704,0.8478237877483678,0.041343669250646
grounding,388,0.7870182555780934,0.982042545319586,0.788659793814433,0.7870182555780934,0.84691526074494,0.041237113402061855
grounding,389,0.7890466531440162,0.9823511455163346,0.7892030848329049,0.7890466531440162,0.8451192246092532,0.043701799485861184
grounding,390,0.7910750507099391,0.982695950087971,0.7897435897435897,0.7910750507099391,0.8420797551730413,0.04358974358974359
grounding,391,0.7931034482758621,0.9827906405659554,0.7902813299232737,0.7931034482758621,0.8396659230253338,0.043478260869565216
grounding,392,0.795131845841785,0.9828074904310374,0.7908163265306123,0.795131845841785,0.8340334150260454,0.04591836734693878
grounding,393,0.7971602434077079,0.9832300987187624,0.7913486005089059,0.7971602434077079,0.8257634151566484,0.04834605597964377
grounding,394,0.7991886409736308,0.9832672777020792,0.7918781725888325,0.7991886409736308,0.8236004938647771,0.050761421319796954
grounding,395,0.8012170385395537,0.9833329059493112,0.7924050632911392,0.8012170385395537,0.8212254635705009,0.05063291139240506
grounding,396,0.8032454361054767,0.983343180288566,0.7929292929292929,0.8032454361054767,0.8205718878152785,0.050505050505050504
grounding,397,0.8052738336713996,0.9833465628408868,0.7934508816120907,0.8052738336713996,0.8202404313785604,0.05037783375314862
grounding,398,0.8073022312373225,0.9834273629712352,0.7939698492462312,0.8073022312373225,0.8116893488083278,0.05025125628140704
grounding,399,0.8093306288032455,0.983532665054396,0.7944862155388471,0.8093306288032455,0.8106752151447869,0.05012531328320802
grounding,400,0.8113590263691683,0.9835465245141032,0.795,0.8113590263691683,0.8027140376419761,0.0525
grounding,401,0.8133874239350912,0.9836218813372668,0.7955112219451371,0.8133874239350912,0.7989600519516346,0.05236907730673317
grounding,402,0.8154158215010142,0.9838104570890032,0.7960199004975125,0.8154158215010142,0.7939160153612409,0.05223880597014925
grounding,403,0.8174442190669371,0.9839909475032812,0.7965260545905707,0.8174442190669371,0.7712353318720592,0.052109181141439205
grounding,404,0.8194726166328601,0.9840504040290216,0.7970297029702971,0.8194726166328601,0.7642152090226141,0.05198019801980198
grounding,405,0.821501014198783,0.9841268254560972,0.7975308641975308,0.821501014198783,0.7633334871433702,0.05185185185185185
grounding,406,0.8235294117647058,0.9841578565767,0.7980295566502463,0.8235294117647058,0.7625733097642261,0.054187192118226604
grounding,407,0.8255578093306288,0.984195552564763,0.7985257985257985,0.8255578093306288,0.7602116136712878,0.056511056511056514
grounding,408,0.8275862068965517,0.9844470465608808,0.7990196078431373,0.8275862068965517,0.757779473224998,0.056372549019607844
grounding,409,0.8296146044624746,0.9844770904867128,0.7995110024449877,0.8296146044624746,0.7551785611531252,0.05623471882640587
grounding,410,0.8316430020283976,0.9845038745647496,0.8,0.8316430020283976,0.7338274438097512,0.05853658536585366
grounding,411,0.8336713995943205,0.9846220035219838,0.8004866180048662,0.8336713995943205,0.7278278032116612,0.06082725060827251
grounding,412,0.8356997971602435,0.98463736820503,0.8009708737864077,0.8356997971602435,0.7233125474186092,0.06310679611650485
grounding,413,0.8377281947261663,0.9846888767367656,0.801452784503632,0.8377281947261663,0.716373728810998,0.06537530266343826
grounding,414,0.8397565922920892,0.984787394491946,0.8019323671497585,0.8397565922920892,0.70625517762346,0.06521739130434782
grounding,415,0.8417849898580122,0.9848901419613174,0.8024096385542169,0.8417849898580122,0.7047647038000026,0.06506024096385542
grounding,416,0.8438133874239351,0.9849023625087624,0.8028846153846154,0.8438133874239351,0.7045828153461943,0.06490384615384616
grounding,417,0.845841784989858,0.9849449706788732,0.8033573141486811,0.845841784989858,0.6982852587418922,0.06474820143884892
grounding,418,0.847870182555781,0.9851720993608186,0.8038277511961722,0.847870182555781,0.6959053157558285,0.0645933014354067
grounding,419,0.8498985801217038,0.9852477522435608,0.8042959427207638,0.8498985801217038,0.6885867924637133,0.06682577565632458
grounding,420,0.8519269776876268,0.9852594627777604,0.8047619047619048,0.8519269776876268,0.6844027759584725,0.06666666666666667
grounding,421,0.8539553752535497,0.9852752043198978,0.8052256532066508,0.8539553752535497,0.6835964162920248,0.0665083135391924
grounding,422,0.8559837728194726,0.9853059715814366,0.8056872037914692,0.8559837728194726,0.6823885955748813,0.06635071090047394
grounding,423,0.8580121703853956,0.9853429562033708,0.806146572104019,0.8580121703853956,0.6780223391171775,0.06619385342789598
grounding,424,0.8600405679513184,0.9854795265915476,0.8066037735849056,0.8600405679513184,0.6755152207669227,0.0660377358490566
grounding,425,0.8620689655172413,0.9855223289645711,0.8070588235294117,0.8620689655172413,0.6624942331236906,0.06823529411764706
grounding,426,0.8640973630831643,0.9855290699291336,0.8075117370892019,0.8640973630831643,0.6540897916783577,0.06807511737089202
grounding,427,0.8661257606490872,0.985611999685906,0.8079625292740047,0.8661257606490872,0.6460183927233182,0.0702576112412178
grounding,428,0.8681541582150102,0.9856652489234856,0.8084112149532711,0.8681541582150102,0.6280534947577515,0.07009345794392523
grounding,429,0.8701825557809331,0.9857248408794544,0.8088578088578089,0.8701825557809331,0.6116065985690675,0.06993006993006994
grounding,430,0.8722109533468559,0.9857777039976712,0.8093023255813954,0.8722109533468559,0.5758147676409817,0.07209302325581396
grounding,431,0.8742393509127789,0.9858379424661744,0.8097447795823666,0.8742393509127789,0.5689984424056743,0.07424593967517401
grounding,432,0.8762677484787018,0.9858573579090304,0.8101851851851852,0.8762677484787018,0.5262829852559943,0.0763888888888889
grounding,433,0.8782961460446247,0.9860551823452048,0.8106235565819861,0.8782961460446247,0.5257382444650495,0.07852193995381063
grounding,434,0.8803245436105477,0.9862200238352392,0.8110599078341014,0.8803245436105477,0.5045304247482546,0.08064516129032258
grounding,435,0.8823529411764706,0.9864293779848908,0.8114942528735632,0.8823529411764706,0.4988870203921577,0.08045977011494253
grounding,436,0.8843813387423936,0.9864517842176358,0.8119266055045872,0.8843813387423936,0.4834320465883959,0.08027522935779817
grounding,437,0.8864097363083164,0.9864584978056842,0.8123569794050344,0.8864097363083164,0.4777217249705157,0.08237986270022883
grounding,438,0.8884381338742393,0.986599645019734,0.8127853881278538,0.8884381338742393,0.4585292556222257,0.0821917808219178
grounding,439,0.8904665314401623,0.9866997604111564,0.8132118451025057,0.8904665314401623,0.4067764139376336,0.08428246013667426
grounding,440,0.8924949290060852,0.9867380337524831,0.8136363636363636,0.8924949290060852,0.4060049069589068,0.08636363636363636
grounding,441,0.8945233265720081,0.9867588444352896,0.8140589569160998,0.8945233265720081,0.4043891572126371,0.08616780045351474
grounding,442,0.896551724137931,0.9867896534608248,0.8144796380090498,0.896551724137931,0.370500812231698,0.08597285067873303
grounding,443,0.8985801217038539,0.9868701091566308,0.8148984198645598,0.8985801217038539,0.3530603934690455,0.08803611738148984
grounding,444,0.9006085192697769,0.9869510645154428,0.8153153153153153,0.9006085192697769,0.3274107021909182,0.09009009009009009
grounding,445,0.9026369168356998,0.986970960835382,0.8157303370786517,0.9026369168356998,0.3169494066939491,0.09213483146067415
grounding,446,0.9046653144016227,0.9871609293549432,0.8161434977578476,0.9046653144016227,0.313937580887578,0.09417040358744394
grounding,447,0.9066937119675457,0.9871807960253172,0.8165548098434005,0.9066937119675457,0.3099962673136036,0.09395973154362416
grounding,448,0.9087221095334685,0.9872138115133297,0.8169642857142857,0.9087221095334685,0.3076231254325459,0.09598214285714286
grounding,449,0.9107505070993914,0.9872661975271696,0.8173719376391982,0.9107505070993914,0.3054986094150683,0.09799554565701558
grounding,450,0.9127789046653144,0.9874831624612036,0.8177777777777778,0.9127789046653144,0.2823282970877809,0.1
grounding,451,0.9148073022312373,0.987616117832342,0.8181818181818182,0.9148073022312373,0.2273550488279875,0.10199556541019955
grounding,452,0.9168356997971603,0.9876590048355972,0.8185840707964602,0.9168356997971603,0.2083116095499499,0.10398230088495575
grounding,453,0.9188640973630832,0.9878262493838078,0.8189845474613686,0.9188640973630832,0.1867219519957299,0.10596026490066225
grounding,454,0.920892494929006,0.9878427116132884,0.8193832599118943,0.920892494929006,0.1852837119639759,0.10792951541850221
grounding,455,0.922920892494929,0.9878789717299026,0.8197802197802198,0.922920892494929,0.1518165242999536,0.1076923076923077
grounding,456,0.9249492900608519,0.987960100699117,0.8201754385964912,0.9249492900608519,0.1507349417489069,0.10964912280701754
grounding,457,0.9269776876267748,0.9883043651892548,0.8205689277899344,0.9269776876267748,0.1458716368348201,0.10940919037199125
grounding,458,0.9290060851926978,0.9883200130163612,0.8209606986899564,0.9290060851926978,0.1380531872624432,0.11135371179039301
grounding,459,0.9310344827586207,0.9883526595910996,0.8213507625272332,0.9310344827586207,0.130166507798277,0.11328976034858387
grounding,460,0.9330628803245437,0.9885458118245728,0.8217391304347826,0.9330628803245437,0.129038650854764,0.11304347826086956
grounding,461,0.9350912778904665,0.9886003250675136,0.8221258134490239,0.9350912778904665,0.1249946997591158,0.11496746203904555
grounding,462,0.9371196754563894,0.9888422055675548,0.8225108225108225,0.9371196754563894,0.1122198314268083,0.11688311688311688
grounding,463,0.9391480730223124,0.9888941914319596,0.8228941684665226,0.9391480730223124,0.0999701879514545,0.11879049676025918
grounding,464,0.9411764705882353,0.9888973697653648,0.8232758620689655,0.9411764705882353,0.0808598946645037,0.11853448275862069
grounding,465,0.9432048681541582,0.9889267714509204,0.8236559139784946,0.9432048681541582,0.0745973542231178,0.11827956989247312
grounding,466,0.9452332657200812,0.9889958065594728,0.8240343347639485,0.9452332657200812,0.0743249088796139,0.12017167381974249
grounding,467,0.947261663286004,0.9890216818064356,0.8244111349036403,0.947261663286004,0.072749197851104,0.12205567451820129
grounding,468,0.949290060851927,0.9890801380875914,0.8247863247863247,0.949290060851927,0.0640532921445155,0.12393162393162394
grounding,469,0.9513184584178499,0.98919733091277,0.8251599147121536,0.9513184584178499,0.061774584550055,0.1257995735607676
grounding,470,0.9533468559837728,0.989257502719245,0.825531914893617,0.9533468559837728,0.0572718010550247,0.1276595744680851
grounding,471,0.9553752535496958,0.9894532299536186,0.8259023354564756,0.9553752535496958,0.0536452301726579,0.12951167728237792
grounding,472,0.9574036511156186,0.9895369185233106,0.826271186440678,0.9574036511156186,0.0522726034727175,0.13135593220338984
grounding,473,0.9594320486815415,0.9898256578972484,0.8266384778012685,0.9594320486815415,0.0470298602152491,0.1331923890063425
grounding,474,0.9614604462474645,0.9901032631102958,0.8270042194092827,0.9614604462474645,0.0469802079527182,0.1350210970464135
grounding,475,0.9634888438133874,0.9901263448759776,0.8273684210526315,0.9634888438133874,0.0462742003313826,0.1368421052631579
grounding,476,0.9655172413793104,0.990810933474013,0.8277310924369747,0.9655172413793104,0.0447507350635136,0.13865546218487396
grounding,477,0.9675456389452333,0.9912127876198694,0.8280922431865828,0.9675456389452333,0.0442143250707391,0.14046121593291405
grounding,478,0.9695740365111561,0.9913034641959548,0.8284518828451883,0.9695740365111561,0.0418203636156061,0.1401673640167364
grounding,479,0.9716024340770791,0.9914127110534162,0.8288100208768268,0.9716024340770791,0.033288936215127,0.1419624217118998
grounding,480,0.973630831643002,0.9914216297475744,0.8291666666666667,0.973630831643002,0.0231807072510622,0.14375
grounding,481,0.9756592292089249,0.9919576295164494,0.8295218295218295,0.9756592292089249,0.0213500299138258,0.14553014553014554
grounding,482,0.9776876267748479,0.9921303444312566,0.8298755186721992,0.9776876267748479,0.0185001949744297,0.14730290456431536
grounding,483,0.9797160243407708,0.992197201564502,0.8302277432712215,0.9797160243407708,0.0176625905340507,0.14906832298136646
grounding,484,0.9817444219066938,0.9923543884206228,0.8305785123966942,0.9817444219066938,0.0165165619651886,0.15082644628099173
grounding,485,0.9837728194726166,0.9924974449282756,0.8309278350515464,0.9837728194726166,0.015729198385343,0.15257731958762888
grounding,486,0.9858012170385395,0.9926912216202998,0.831275720164609,0.9858012170385395,0.0127384943515773,0.15432098765432098
grounding,487,0.9878296146044625,0.9935013752857764,0.8316221765913757,0.9878296146044625,0.0110886048091575,0.15605749486652978
grounding,488,0.9898580121703854,0.9938448963046644,0.8319672131147541,0.9898580121703854,0.0099418629718337,0.15778688524590165
grounding,489,0.9918864097363083,0.9938510673985884,0.8323108384458078,0.9918864097363083,0.0046850060398296,0.15950920245398773
grounding,490,0.9939148073022313,0.9939451974328232,0.8326530612244898,0.9939148073022313,0.0038338669867749,0.16122448979591836
grounding,491,0.9959432048681541,0.9947359852450384,0.8329938900203666,0.9959432048681541,0.0028090686582302,0.1629327902240326
grounding,492,0.9979716024340771,0.994830955091147,0.8333333333333334,0.9979716024340771,0.000580917196273,0.16463414634146342
grounding,493,1.0,0.9969520939135762,0.8336713995943205,1.0,9.27252600027373e-05,0.1663286004056795
context_action+grounding,1,0.002028397565922921,6.653431329801961e-06,0.0,0.002028397565922921,0.999999969514991,0.0
context_action+grounding,2,0.004056795131845842,0.0002226871959845,0.0,0.004056795131845842,0.999999969514991,0.0
context_action+grounding,3,0.006085192697768763,0.0008061673334151,0.0,0.006085192697768763,0.999999969514991,0.0
context_action+grounding,4,0.008113590263691683,0.0008526800881489,0.0,0.008113590263691683,0.999999969514991,0.0
context_action+grounding,5,0.010141987829614604,0.0017619005300486,0.0,0.010141987829614604,0.999999969514991,0.0
context_action+grounding,6,0.012170385395537525,0.0018723338896329,0.0,0.012170385395537525,0.999999969514991,0.0
context_action+grounding,7,0.014198782961460446,0.0021773047442047,0.0,0.014198782961460446,0.999999969514991,0.0
context_action+grounding,8,0.016227180527383367,0.0026235904977254,0.0,0.016227180527383367,0.999999969514991,0.0
context_action+grounding,9,0.018255578093306288,0.0027333134022118,0.0,0.018255578093306288,0.999999969514991,0.0
context_action+grounding,10,0.02028397565922921,0.0027555243505236,0.0,0.02028397565922921,0.999999969514991,0.0
context_action+grounding,11,0.02231237322515213,0.0036866714002422,0.0,0.02231237322515213,0.999999969514991,0.0
context_action+grounding,12,0.02434077079107505,0.0059211608077994,0.0,0.02434077079107505,0.9999999649413694,0.0
context_action+grounding,13,0.02636916835699797,0.0064468636717122,0.0,0.02636916835699797,0.9999999529909837,0.0
context_action+grounding,14,0.028397565922920892,0.008466455136128,0.0,0.028397565922920892,0.9999999500262416,0.0
context_action+grounding,15,0.030425963488843813,0.0086531144153187,0.0,0.030425963488843813,0.9999999462039886,0.0
context_action+grounding,16,0.032454361054766734,0.0088731800363006,0.0,0.032454361054766734,0.9999999389921695,0.0
context_action+grounding,17,0.034482758620689655,0.010000163904947,0.0,0.034482758620689655,0.9999999023533788,0.0
context_action+grounding,18,0.036511156186612576,0.0124708669682401,0.0,0.036511156186612576,0.9999999010503864,0.0
context_action+grounding,19,0.038539553752535496,0.0233349748394565,0.0,0.038539553752535496,0.9999998827420268,0.0
context_action+grounding,20,0.04056795131845842,0.0246638450951199,0.0,0.04056795131845842,0.999999875802538,0.0
context_action+grounding,21,0.04259634888438134,0.0248001531008611,0.0,0.04259634888438134,0.999999874187424,0.0
context_action+grounding,22,0.04462474645030426,0.0253076772428321,0.0,0.04462474645030426,0.9999998692750168,0.0
context_action+grounding,23,0.04665314401622718,0.0254899183411587,0.0,0.04665314401622718,0.999999861906094,0.0
context_action+grounding,24,0.0486815415821501,0.0275482624666958,0.0,0.0486815415821501,0.9999998524824112,0.0
context_action+grounding,25,0.05070993914807302,0.0292845266104322,0.0,0.05070993914807302,0.9999998258541266,0.0
context_action+grounding,26,0.05273833671399594,0.0377070511490687,0.0,0.05273833671399594,0.999999813344228,0.0
context_action+grounding,27,0.05476673427991886,0.0406172697064312,0.0,0.05476673427991886,0.9999997955823828,0.0
context_action+grounding,28,0.056795131845841784,0.0472084057075398,0.0,0.056795131845841784,0.9999997548461635,0.0
context_action+grounding,29,0.058823529411764705,0.0533649380858992,0.0,0.058823529411764705,0.99999970997685,0.0
context_action+grounding,30,0.060851926977687626,0.0559092768236316,0.0,0.060851926977687626,0.9999997086175182,0.0
context_action+grounding,31,0.06288032454361055,0.0634794329982345,0.0,0.06288032454361055,0.9999996503947194,0.0
context_action+grounding,32,0.06490872210953347,0.0638816893035676,0.0,0.06490872210953347,0.9999995867967048,0.0
context_action+grounding,33,0.06693711967545639,0.0666408334908887,0.0,0.06693711967545639,0.9999995623731808,0.0
context_action+grounding,34,0.06896551724137931,0.0670638729890665,0.0,0.06896551724137931,0.999999545387764,0.0
context_action+grounding,35,0.07099391480730223,0.0696414838855358,0.02857142857142857,0.07099391480730223,0.9999993856343066,0.0
context_action+grounding,36,0.07302231237322515,0.0750135073004922,0.027777777777777776,0.07302231237322515,0.9999993616883224,0.0
context_action+grounding,37,0.07505070993914807,0.0775867332096859,0.05405405405405406,0.07505070993914807,0.999999353067646,0.0
context_action+grounding,38,0.07707910750507099,0.0780902591611697,0.05263157894736842,0.07707910750507099,0.9999993066573448,0.0
context_action+grounding,39,0.07910750507099391,0.0812183179064284,0.05128205128205128,0.07910750507099391,0.999999234757762,0.0
context_action+grounding,40,0.08113590263691683,0.1029314710263715,0.05,0.08113590263691683,0.9999991228313688,0.0
context_action+grounding,41,0.08316430020283976,0.1244096485795372,0.04878048780487805,0.08316430020283976,0.9999990678576992,0.0
context_action+grounding,42,0.08519269776876268,0.1261056598896861,0.047619047619047616,0.08519269776876268,0.9999990619002374,0.0
context_action+grounding,43,0.0872210953346856,0.1422799402234225,0.046511627906976744,0.0872210953346856,0.9999990173293992,0.0
context_action+grounding,44,0.08924949290060852,0.1625587945090275,0.045454545454545456,0.08924949290060852,0.9999989313845552,0.0
context_action+grounding,45,0.09127789046653144,0.1715226330936221,0.044444444444444446,0.09127789046653144,0.9999988874444624,0.0
context_action+grounding,46,0.09330628803245436,0.1773786362116223,0.043478260869565216,0.09330628803245436,0.9999988706308968,0.0
context_action+grounding,47,0.09533468559837728,0.1823286500097891,0.0425531914893617,0.09533468559837728,0.9999988485929466,0.0
context_action+grounding,48,0.0973630831643002,0.1869215242941816,0.041666666666666664,0.0973630831643002,0.9999988250957694,0.0
context_action+grounding,49,0.09939148073022312,0.1885371736858154,0.04081632653061224,0.09939148073022312,0.9999988053318736,0.0
context_action+grounding,50,0.10141987829614604,0.1958711674730529,0.04,0.10141987829614604,0.999998628251125,0.0
context_action+grounding,51,0.10344827586206896,0.2027287613976297,0.0392156862745098,0.10344827586206896,0.9999984849973692,0.0
context_action+grounding,52,0.10547667342799188,0.223519360969233,0.038461538461538464,0.10547667342799188,0.9999984590256789,0.0
context_action+grounding,53,0.1075050709939148,0.240093553363704,0.03773584905660377,0.1075050709939148,0.9999984266319,0.0
context_action+grounding,54,0.10953346855983773,0.3125020060758386,0.037037037037037035,0.10953346855983773,0.9999983763046671,0.0
context_action+grounding,55,0.11156186612576065,0.3250094911029552,0.03636363636363636,0.11156186612576065,0.9999982452304148,0.0
context_action+grounding,56,0.11359026369168357,0.3317643955120384,0.05357142857142857,0.11359026369168357,0.99999815111679,0.0
context_action+grounding,57,0.11561866125760649,0.3354428821099982,0.05263157894736842,0.11561866125760649,0.9999980997510672,0.0
context_action+grounding,58,0.11764705882352941,0.3359134395747646,0.06896551724137931,0.11764705882352941,0.999998074904756,0.0
context_action+grounding,59,0.11967545638945233,0.3538685090087491,0.0847457627118644,0.11967545638945233,0.9999979919445514,0.0
context_action+grounding,60,0.12170385395537525,0.356827682381967,0.08333333333333333,0.12170385395537525,0.9999979604024192,0.0
context_action+grounding,61,0.12373225152129817,0.3650582887636429,0.09836065573770492,0.12373225152129817,0.9999979229199252,0.0
context_action+grounding,62,0.1257606490872211,0.3756192066290916,0.0967741935483871,0.1257606490872211,0.9999978399644496,0.0
context_action+grounding,63,0.12778904665314403,0.3777618963515074,0.1111111111111111,0.12778904665314403,0.9999978070585696,0.0
context_action+grounding,64,0.12981744421906694,0.4279160170341242,0.125,0.12981744421906694,0.9999977101686592,0.0
context_action+grounding,65,0.13184584178498987,0.4279787572294458,0.13846153846153847,0.13184584178498987,0.9999976775291732,0.0
context_action+grounding,66,0.13387423935091278,0.436919174381719,0.15151515151515152,0.13387423935091278,0.9999976463870074,0.0
context_action+grounding,67,0.1359026369168357,0.4498682226702406,0.16417910447761194,0.1359026369168357,0.9999975673226232,0.0
context_action+grounding,68,0.13793103448275862,0.5019051748367162,0.17647058823529413,0.13793103448275862,0.9999974836650296,0.0
context_action+grounding,69,0.13995943204868155,0.51976651960716,0.17391304347826086,0.13995943204868155,0.9999973338179338,0.0
context_action+grounding,70,0.14198782961460446,0.5289003678354011,0.17142857142857143,0.14198782961460446,0.9999972982822658,0.0
context_action+grounding,71,0.1440162271805274,0.552269605844569,0.16901408450704225,0.1440162271805274,0.999997281873566,0.0
context_action+grounding,72,0.1460446247464503,0.5744374875289892,0.18055555555555555,0.1460446247464503,0.9999970615406636,0.0
context_action+grounding,73,0.14807302231237324,0.5853488747611576,0.1780821917808219,0.14807302231237324,0.9999969455948056,0.0
context_action+grounding,74,0.15010141987829614,0.5853931629187729,0.1891891891891892,0.15010141987829614,0.9999969337217224,0.0
context_action+grounding,75,0.15212981744421908,0.6275534149365589,0.18666666666666668,0.15212981744421908,0.9999968482490658,0.0
context_action+grounding,76,0.15415821501014199,0.6423366205776483,0.18421052631578946,0.15415821501014199,0.9999961033152288,0.0
context_action+grounding,77,0.15618661257606492,0.6425713636937815,0.19480519480519481,0.15618661257606492,0.9999957734227876,0.0
context_action+grounding,78,0.15821501014198783,0.6755600996760969,0.19230769230769232,0.15821501014198783,0.999995460168528,0.0
context_action+grounding,79,0.16024340770791076,0.69213736318042,0.20253164556962025,0.16024340770791076,0.9999952289556088,0.0
context_action+grounding,80,0.16227180527383367,0.7059201587780535,0.2125,0.16227180527383367,0.999995139768988,0.0
context_action+grounding,81,0.1643002028397566,0.7122709116845772,0.20987654320987653,0.1643002028397566,0.9999946975300584,0.0
context_action+grounding,82,0.1663286004056795,0.7167377646346127,0.21951219512195122,0.1663286004056795,0.9999944074922856,0.0
context_action+grounding,83,0.16835699797160245,0.7224105721030063,0.2289156626506024,0.16835699797160245,0.9999932892279758,0.0
context_action+grounding,84,0.17038539553752535,0.7383755149540194,0.2261904761904762,0.17038539553752535,0.9999931471234847,0.0
context_action+grounding,85,0.1724137931034483,0.7417059915983212,0.2235294117647059,0.1724137931034483,0.9999920871731804,0.0
context_action+grounding,86,0.1744421906693712,0.7501293264501767,0.23255813953488372,0.1744421906693712,0.9999918366432397,0.0
context_action+grounding,87,0.17647058823529413,0.7504142069970471,0.2413793103448276,0.17647058823529413,0.9999917786260988,0.0
context_action+grounding,88,0.17849898580121704,0.7523917910226728,0.23863636363636365,0.17849898580121704,0.9999917557971094,0.0
context_action+grounding,89,0.18052738336713997,0.7530980607318724,0.24719101123595505,0.18052738336713997,0.9999916575916804,0.0
context_action+grounding,90,0.18255578093306288,0.7562116743207202,0.25555555555555554,0.18255578093306288,0.9999911458414854,0.0
context_action+grounding,91,0.1845841784989858,0.7678836192883497,0.25274725274725274,0.1845841784989858,0.9999904591377587,0.0
context_action+grounding,92,0.18661257606490872,0.7695124373978561,0.2608695652173913,0.18661257606490872,0.999990316514807,0.0
context_action+grounding,93,0.18864097363083165,0.771419280656884,0.26881720430107525,0.18864097363083165,0.9999899640676893,0.0
context_action+grounding,94,0.19066937119675456,0.7807363906125386,0.2765957446808511,0.19066937119675456,0.9999899519825416,0.0
context_action+grounding,95,0.1926977687626775,0.794027334581019,0.2736842105263158,0.1926977687626775,0.9999896903283886,0.0
context_action+grounding,96,0.1947261663286004,0.7942511240574691,0.28125,0.1947261663286004,0.9999896689122836,0.0
context_action+grounding,97,0.19675456389452334,0.7964787185409231,0.27835051546391754,0.19675456389452334,0.9999896653514572,0.0
context_action+grounding,98,0.19878296146044624,0.7965483926477467,0.2857142857142857,0.19878296146044624,0.9999889293855352,0.0
context_action+grounding,99,0.20081135902636918,0.8136051949646789,0.29292929292929293,0.20081135902636918,0.9999889249238848,0.0
context_action+grounding,100,0.2028397565922921,0.8215721701714643,0.3,0.2028397565922921,0.9999882183058724,0.0
context_action+grounding,101,0.20486815415821502,0.8302781714207429,0.3069306930693069,0.20486815415821502,0.9999881301698408,0.0
context_action+grounding,102,0.20689655172413793,0.8327396061354497,0.30392156862745096,0.20689655172413793,0.999987449245913,0.0
context_action+grounding,103,0.20892494929006086,0.8378669540751468,0.3106796116504854,0.20892494929006086,0.9999871556360018,0.0
context_action+grounding,104,0.21095334685598377,0.8433149483359874,0.3076923076923077,0.21095334685598377,0.999986660960256,0.0
context_action+grounding,105,0.2129817444219067,0.8442833517457897,0.3142857142857143,0.2129817444219067,0.9999865504357348,0.0
context_action+grounding,106,0.2150101419878296,0.8477735777209958,0.32075471698113206,0.2150101419878296,0.9999850220674544,0.0
context_action+grounding,107,0.21703853955375255,0.8507634609212906,0.3177570093457944,0.21703853955375255,0.9999845371479732,0.0
context_action+grounding,108,0.21906693711967545,0.850983869223028,0.3148148148148148,0.21906693711967545,0.9999824535976986,0.0
context_action+grounding,109,0.2210953346855984,0.8524419868696663,0.3119266055045872,0.2210953346855984,0.9999806367852918,0.0
context_action+grounding,110,0.2231237322515213,0.8549399328183417,0.3181818181818182,0.2231237322515213,0.9999796877383468,0.0
context_action+grounding,111,0.22515212981744423,0.8644628695292655,0.32432432432432434,0.22515212981744423,0.999978959886084,0.0
context_action+grounding,112,0.22718052738336714,0.865673559495606,0.33035714285714285,0.22718052738336714,0.9999733052322354,0.0
context_action+grounding,113,0.22920892494929007,0.867216406462596,0.336283185840708,0.22920892494929007,0.9999729793220488,0.0
context_action+grounding,114,0.23123732251521298,0.8682703881706235,0.34210526315789475,0.23123732251521298,0.999970353306809,0.0
context_action+grounding,115,0.2332657200811359,0.8686779071445981,0.34782608695652173,0.2332657200811359,0.9999660730566544,0.0
context_action+grounding,116,0.23529411764705882,0.870794355148885,0.3448275862068966,0.23529411764705882,0.9999638467086408,0.0
context_action+grounding,117,0.23732251521298176,0.8712895863173762,0.3504273504273504,0.23732251521298176,0.9999633871884664,0.0
context_action+grounding,118,0.23935091277890466,0.8728067121247322,0.3559322033898305,0.23935091277890466,0.9999574594494772,0.0
context_action+grounding,119,0.2413793103448276,0.8748016833455964,0.36134453781512604,0.2413793103448276,0.9999552286815756,0.0
context_action+grounding,120,0.2434077079107505,0.8816935703579734,0.36666666666666664,0.2434077079107505,0.9999531766770052,0.0
context_action+grounding,121,0.24543610547667344,0.884431424734431,0.371900826446281,0.24543610547667344,0.9999528910735952,0.0
context_action+grounding,122,0.24746450304259635,0.8852929786904946,0.3770491803278688,0.24746450304259635,0.9999524593366156,0.0
context_action+grounding,123,0.24949290060851928,0.8855866514233349,0.37398373983739835,0.24949290060851928,0.9999511080944196,0.0
context_action+grounding,124,0.2515212981744422,0.8878009708075744,0.3790322580645161,0.2515212981744422,0.9999414892688534,0.0
context_action+grounding,125,0.2535496957403651,0.8919841854071546,0.384,0.2535496957403651,0.9999412507293556,0.0
context_action+grounding,126,0.25557809330628806,0.8992378116567267,0.3888888888888889,0.25557809330628806,0.999941209450094,0.0
context_action+grounding,127,0.25760649087221094,0.9017236693194342,0.3937007874015748,0.25760649087221094,0.9999318910028578,0.0
context_action+grounding,128,0.25963488843813387,0.9029316711194384,0.3984375,0.25963488843813387,0.9999290081947072,0.0
context_action+grounding,129,0.2616632860040568,0.9054420276064442,0.3953488372093023,0.2616632860040568,0.9999261819332076,0.0
context_action+grounding,130,0.26369168356997974,0.907877398130324,0.4,0.26369168356997974,0.999925610651602,0.0
context_action+grounding,131,0.2657200811359026,0.912133974160782,0.40458015267175573,0.2657200811359026,0.999917207555432,0.0
context_action+grounding,132,0.26774847870182555,0.9146220135351736,0.4090909090909091,0.26774847870182555,0.9999105395156896,0.0
context_action+grounding,133,0.2697768762677485,0.915235203520703,0.41353383458646614,0.2697768762677485,0.9998941084521928,0.0
context_action+grounding,134,0.2718052738336714,0.9157447713298588,0.417910447761194,0.2718052738336714,0.9998915365030948,0.0
context_action+grounding,135,0.2738336713995943,0.9161600128922632,0.4222222222222222,0.2738336713995943,0.9998825611227732,0.0
context_action+grounding,136,0.27586206896551724,0.9228064748956176,0.4264705882352941,0.27586206896551724,0.9998710681000356,0.0
context_action+grounding,137,0.2778904665314402,0.924101960210913,0.4306569343065693,0.2778904665314402,0.9998645166039242,0.0
context_action+grounding,138,0.2799188640973631,0.9248856759473304,0.43478260869565216,0.2799188640973631,0.9998645166039242,0.0
context_action+grounding,139,0.281947261663286,0.9272651364052388,0.43884892086330934,0.281947261663286,0.9998585602991548,0.0
context_action+grounding,140,0.2839756592292089,0.927784596693516,0.44285714285714284,0.2839756592292089,0.9998474222300232,0.0
context_action+grounding,141,0.28600405679513186,0.9290325837842224,0.44680851063829785,0.28600405679513186,0.9998473371397888,0.0
context_action+grounding,142,0.2880324543610548,0.9320328223847464,0.44366197183098594,0.2880324543610548,0.9998436125161712,0.0
context_action+grounding,143,0.29006085192697767,0.9321906540459296,0.44755244755244755,0.29006085192697767,0.9998360956359492,0.0
context_action+grounding,144,0.2920892494929006,0.9322082732297324,0.4513888888888889,0.2920892494929006,0.9998157973241176,0.0
context_action+grounding,145,0.29411764705882354,0.9323759830161816,0.45517241379310347,0.29411764705882354,0.9998107575501888,0.0
context_action+grounding,146,0.2961460446247465,0.9332502088968088,0.4589041095890411,0.2961460446247465,0.9997915003315868,0.0
context_action+grounding,147,0.29817444219066935,0.9356236199969,0.46258503401360546,0.29817444219066935,0.9997658025019764,0.0
context_action+grounding,148,0.3002028397565923,0.9367613640704608,0.46621621621621623,0.3002028397565923,0.9997551465976398,0.0
context_action+grounding,149,0.3022312373225152,0.9373417620340376,0.4697986577181208,0.3022312373225152,0.999740019448023,0.0
context_action+grounding,150,0.30425963488843816,0.937650165468819,0.47333333333333333,0.30425963488843816,0.9997263501420496,0.0
context_action+grounding,151,0.30628803245436104,0.9393365207172344,0.4768211920529801,0.30628803245436104,0.9997163498614364,0.0
context_action+grounding,152,0.30831643002028397,0.9423689924911394,0.48026315789473684,0.30831643002028397,0.999705355060328,0.0
context_action+grounding,153,0.3103448275862069,0.9428660003358272,0.48366013071895425,0.3103448275862069,0.9996831166102086,0.0
context_action+grounding,154,0.31237322515212984,0.9436162276403838,0.487012987012987,0.31237322515212984,0.9996439157086248,0.0
context_action+grounding,155,0.3144016227180527,0.9438531184274952,0.49032258064516127,0.3144016227180527,0.9996401287564348,0.0
context_action+grounding,156,0.31643002028397565,0.944245565950861,0.4935897435897436,0.31643002028397565,0.999536668505172,0.0
context_action+grounding,157,0.3184584178498986,0.944376974512206,0.4968152866242038,0.3184584178498986,0.9993575594985434,0.0
context_action+grounding,158,0.3204868154158215,0.947515169463121,0.5,0.3204868154158215,0.9993174878462956,0.0
context_action+grounding,159,0.3225152129817444,0.9508428117143192,0.5031446540880503,0.3225152129817444,0.9992251634468904,0.0
context_action+grounding,160,0.32454361054766734,0.9510182711758912,0.50625,0.32454361054766734,0.9992167744962832,0.0
context_action+grounding,161,0.3265720081135903,0.951287744278169,0.5093167701863354,0.3265720081135903,0.9991514458456532,0.0
context_action+grounding,162,0.3286004056795132,0.9531226413166328,0.5123456790123457,0.3286004056795132,0.9990687068063038,0.0
context_action+grounding,163,0.3306288032454361,0.9531870830643602,0.50920245398773,0.3306288032454361,0.9990312541446156,0.0
context_action+grounding,164,0.332657200811359,0.9532310415117026,0.5121951219512195,0.332657200811359,0.9988243295944376,0.0
context_action+grounding,165,0.33468559837728196,0.9541327980986066,0.5151515151515151,0.33468559837728196,0.9986949030613548,0.0
context_action+grounding,166,0.3367139959432049,0.9543382959672332,0.5180722891566265,0.3367139959432049,0.9985261554781404,0.0
context_action+grounding,167,0.33874239350912777,0.9549023602266352,0.5209580838323353,0.33874239350912777,0.9984802757097444,0.0
context_action+grounding,168,0.3407707910750507,0.95534578479662,0.5238095238095238,0.3407707910750507,0.998393396174192,0.0
context_action+grounding,169,0.34279918864097364,0.9554758529518644,0.5266272189349113,0.34279918864097364,0.9983620079274214,0.0
context_action+grounding,170,0.3448275862068966,0.9566491813351709,0.5294117647058824,0.3448275862068966,0.9982574253055808,0.0
context_action+grounding,171,0.34685598377281945,0.9609609376790826,0.5321637426900585,0.34685598377281945,0.9982119826854,0.0
context_action+grounding,172,0.3488843813387424,0.9609849955588828,0.5348837209302325,0.3488843813387424,0.9981137950512804,0.0
context_action+grounding,173,0.3509127789046653,0.9612780905966316,0.5375722543352601,0.3509127789046653,0.9981097275715842,0.0
context_action+grounding,174,0.35294117647058826,0.9615651176957,0.5402298850574713,0.35294117647058826,0.9980473096740424,0.0
context_action+grounding,175,0.35496957403651114,0.9626916202230438,0.5428571428571428,0.35496957403651114,0.9980296862919196,0.0
context_action+grounding,176,0.35699797160243407,0.9631255482893604,0.5454545454545454,0.35699797160243407,0.9979798845869318,0.0
context_action+grounding,177,0.359026369168357,0.9642452014175268,0.5480225988700564,0.359026369168357,0.99796556936268,0.0
context_action+grounding,178,0.36105476673427994,0.9656000334645388,0.550561797752809,0.36105476673427994,0.9979524976486522,0.0
context_action+grounding,179,0.3630831643002028,0.9658423826660087,0.553072625698324,0.3630831643002028,0.9978590503770004,0.0
context_action+grounding,180,0.36511156186612576,0.9668145686059432,0.5555555555555556,0.36511156186612576,0.9977164167343072,0.0
context_action+grounding,181,0.3671399594320487,0.9670962434760252,0.5580110497237569,0.3671399594320487,0.9976836126342682,0.0
context_action+grounding,182,0.3691683569979716,0.9673055278438608,0.5604395604395604,0.3691683569979716,0.9976163144277936,0.0
context_action+grounding,183,0.3711967545638945,0.9675163245506888,0.5628415300546448,0.3711967545638945,0.9976085656056884,0.0
context_action+grounding,184,0.37322515212981744,0.9675661627167031,0.5652173913043478,0.37322515212981744,0.997571021209022,0.0
context_action+grounding,185,0.3752535496957404,0.9682975620801072,0.5675675675675675,0.3752535496957404,0.9974149985115168,0.0
context_action+grounding,186,0.3772819472616633,0.968763821344866,0.5698924731182796,0.3772819472616633,0.9973027802791348,0.0
context_action+grounding,187,0.3793103448275862,0.9692602045837376,0.5721925133689839,0.3793103448275862,0.9972986324885118,0.0
context_action+grounding,188,0.3813387423935091,0.9699299863827152,0.574468085106383,0.3813387423935091,0.9972209180970916,0.0
context_action+grounding,189,0.38336713995943206,0.9702522759299378,0.5767195767195767,0.38336713995943206,0.996988750377556,0.0
context_action+grounding,190,0.385395537525355,0.970425267959799,0.5789473684210527,0.385395537525355,0.9969350962770274,0.0
context_action+grounding,191,0.38742393509127787,0.9705776948697504,0.581151832460733,0.38742393509127787,0.996882204187863,0.0
context_action+grounding,192,0.3894523326572008,0.9707637082901084,0.5833333333333334,0.3894523326572008,0.9967978735123664,0.0
context_action+grounding,193,0.39148073022312374,0.9708524319842764,0.5854922279792746,0.39148073022312374,0.9967481059334804,0.0
context_action+grounding,194,0.3935091277890467,0.9709692115894912,0.5876288659793815,0.3935091277890467,0.9965888046427432,0.0
context_action+grounding,195,0.39553752535496955,0.9709943130680416,0.5897435897435898,0.39553752535496955,0.9965566237766652,0.0
context_action+grounding,196,0.3975659229208925,0.9713730008078184,0.5918367346938775,0.3975659229208925,0.9963384203192798,0.0
context_action+grounding,197,0.3995943204868154,0.971505573398444,0.5939086294416244,0.3995943204868154,0.9960761072739136,0.0
context_action+grounding,198,0.40162271805273836,0.9721589173310138,0.5959595959595959,0.40162271805273836,0.9958738889891152,0.0
context_action+grounding,199,0.40365111561866124,0.9726435545860131,0.5979899497487438,0.40365111561866124,0.9958317159075872,0.0
context_action+grounding,200,0.4056795131845842,0.9738921917595575,0.6,0.4056795131845842,0.9958063476762063,0.0
context_action+grounding,201,0.4077079107505071,0.9744606176174984,0.6019900497512438,0.4077079107505071,0.995562625175621,0.0
context_action+grounding,202,0.40973630831643004,0.9751304590117398,0.6039603960396039,0.40973630831643004,0.9954007184912044,0.0
context_action+grounding,203,0.4117647058823529,0.9751525333196608,0.6059113300492611,0.4117647058823529,0.9952778578220364,0.0
context_action+grounding,204,0.41379310344827586,0.9754122120288584,0.6078431372549019,0.41379310344827586,0.9952414895876386,0.0
context_action+grounding,205,0.4158215010141988,0.975521592040246,0.6097560975609756,0.4158215010141988,0.9950725537055568,0.0
context_action+grounding,206,0.4178498985801217,0.97707285393555,0.6116504854368932,0.4178498985801217,0.9949321480067392,0.0
context_action+grounding,207,0.4198782961460446,0.977778907594412,0.6135265700483091,0.4198782961460446,0.9947407071334432,0.0
context_action+grounding,208,0.42190669371196754,0.9784263077107592,0.6153846153846154,0.42190669371196754,0.9946019395171558,0.0
context_action+grounding,209,0.4239350912778905,0.978511957334902,0.6172248803827751,0.4239350912778905,0.9944349370689746,0.0
context_action+grounding,210,0.4259634888438134,0.9786600480739842,0.6190476190476191,0.4259634888438134,0.9942062028429944,0.0
context_action+grounding,211,0.4279918864097363,0.9794030487479924,0.6161137440758294,0.4279918864097363,0.9941149411338124,0.0
context_action+grounding,212,0.4300202839756592,0.9798661893641668,0.6132075471698113,0.4300202839756592,0.994077841514564,0.0
context_action+grounding,213,0.43204868154158216,0.9801191856507452,0.6150234741784038,0.43204868154158216,0.99406543612773,0.0
context_action+grounding,214,0.4340770791075051,0.980715941917626,0.616822429906542,0.4340770791075051,0.9939545329772308,0.0
context_action+grounding,215,0.43610547667342797,0.9813292383123086,0.6186046511627907,0.43610547667342797,0.9938520041703518,0.0
context_action+grounding,216,0.4381338742393509,0.9813431578213389,0.6203703703703703,0.4381338742393509,0.9933189172242288,0.0
context_action+grounding,217,0.44016227180527384,0.98159611662183,0.6221198156682027,0.44016227180527384,0.9932336570592816,0.0
context_action+grounding,218,0.4421906693711968,0.9818519253238346,0.6238532110091743,0.4421906693711968,0.9931876100759162,0.0
context_action+grounding,219,0.44421906693711966,0.9818697048192214,0.6255707762557078,0.44421906693711966,0.9931845555733344,0.0
context_action+grounding,220,0.4462474645030426,0.9818834857554486,0.6272727272727273,0.4462474645030426,0.9930269117532105,0.0
context_action+grounding,221,0.4482758620689655,0.9820560241364248,0.6289592760180995,0.4482758620689655,0.9928254030690769,0.0
context_action+grounding,222,0.45030425963488846,0.982146989732566,0.6306306306306306,0.45030425963488846,0.9927712154755974,0.0
context_action+grounding,223,0.45233265720081134,0.9825169148866264,0.6322869955156951,0.45233265720081134,0.9927402782140096,0.0
context_action+grounding,224,0.4543610547667343,0.9827409378961924,0.6339285714285714,0.4543610547667343,0.9927247422535618,0.0
context_action+grounding,225,0.4563894523326572,0.9827704546143056,0.6355555555555555,0.4563894523326572,0.992636870331925,0.0
context_action+grounding,226,0.45841784989858014,0.9829047107950192,0.6371681415929203,0.45841784989858014,0.9925001784323528,0.0
context_action+grounding,227,0.460446247464503,0.982911837235114,0.6387665198237885,0.460446247464503,0.9924350067847932,0.0
context_action+grounding,228,0.46247464503042596,0.9831090909193652,0.6403508771929824,0.46247464503042596,0.9920673883933206,0.0
context_action+grounding,229,0.4645030425963489,0.9834133126743448,0.6419213973799127,0.4645030425963489,0.991992133637816,0.0
context_action+grounding,230,0.4665314401622718,0.9834628994251888,0.6434782608695652,0.4665314401622718,0.9916329956577028,0.0
context_action+grounding,231,0.4685598377281947,0.9835139637128724,0.645021645021645,0.4685598377281947,0.9915669457210444,0.0
context_action+grounding,232,0.47058823529411764,0.98355301957875,0.646551724137931,0.47058823529411764,0.9914794267973962,0.0
context_action+grounding,233,0.4726166328600406,0.9845640138583088,0.648068669527897,0.4726166328600406,0.991438838949485,0.0
context_action+grounding,234,0.4746450304259635,0.9847623328084176,0.6495726495726496,0.4746450304259635,0.9914226528159644,0.0
context_action+grounding,235,0.4766734279918864,0.9849472213224773,0.6510638297872341,0.4766734279918864,0.99137013748058,0.0
context_action+grounding,236,0.4787018255578093,0.9849597145288388,0.652542372881356,0.4787018255578093,0.9905681325024018,0.0
context_action+grounding,237,0.48073022312373226,0.9856092012590164,0.6540084388185654,0.48073022312373226,0.9902697438948952,0.0
context_action+grounding,238,0.4827586206896552,0.9857468079690505,0.6554621848739496,0.4827586206896552,0.9898245050706352,0.0
context_action+grounding,239,0.4847870182555781,0.9862793855251772,0.6569037656903766,0.4847870182555781,0.9896024719985448,0.0
context_action+grounding,240,0.486815415821501,0.9864145995845726,0.6583333333333333,0.486815415821501,0.988841977905928,0.0
context_action+grounding,241,0.48884381338742394,0.9864726962506832,0.6597510373443983,0.48884381338742394,0.9886805444602028,0.0
context_action+grounding,242,0.4908722109533469,0.986869796435985,0.6611570247933884,0.4908722109533469,0.988641220663685,0.0
context_action+grounding,243,0.49290060851926976,0.986937728229944,0.6625514403292181,0.49290060851926976,0.9884256236250212,0.0
context_action+grounding,244,0.4949290060851927,0.987233015407621,0.6639344262295082,0.4949290060851927,0.9882133573204452,0.0
context_action+grounding,245,0.4969574036511156,0.9874527387917352,0.6653061224489796,0.4969574036511156,0.9881467939590016,0.0
context_action+grounding,246,0.49898580121703856,0.9876681606527709,0.6666666666666666,0.49898580121703856,0.9878602621825352,0.0
context_action+grounding,247,0.5010141987829615,0.9878477783635708,0.6680161943319838,0.5010141987829615,0.9878477783635708,0.0
context_action+grounding,248,0.5030425963488844,0.9878602621825352,0.6693548387096774,0.5030425963488844,0.9876681606527709,0.0
context_action+grounding,249,0.5050709939148073,0.9881467939590016,0.6706827309236948,0.5050709939148073,0.9874527387917352,0.0
context_action+grounding,250,0.5070993914807302,0.9882133573204452,0.672,0.5070993914807302,0.987233015407621,0.0
context_action+grounding,251,0.5091277890466531,0.9884256236250212,0.6733067729083665,0.5091277890466531,0.986937728229944,0.0
context_action+grounding,252,0.5111561866125761,0.988641220663685,0.6746031746031746,0.5111561866125761,0.986869796435985,0.0
context_action+grounding,253,0.513184584178499,0.9886805444602028,0.6758893280632411,0.513184584178499,0.9864726962506832,0.0
context_action+grounding,254,0.5152129817444219,0.988841977905928,0.6771653543307087,0.5152129817444219,0.9864145995845726,0.0
context_action+grounding,255,0.5172413793103449,0.9896024719985448,0.6784313725490196,0.5172413793103449,0.9862793855251772,0.0
context_action+grounding,256,0.5192697768762677,0.9898245050706352,0.6796875,0.5192697768762677,0.9857468079690505,0.0
context_action+grounding,257,0.5212981744421906,0.9902697438948952,0.6809338521400778,0.5212981744421906,0.9856092012590164,0.0
context_action+grounding,258,0.5233265720081136,0.9905681325024018,0.6821705426356589,0.5233265720081136,0.9849597145288388,0.0
context_action+grounding,259,0.5253549695740365,0.99137013748058,0.6833976833976834,0.5253549695740365,0.9849472213224773,0.0
context_action+grounding,260,0.5273833671399595,0.9914226528159644,0.6846153846153846,0.5273833671399595,0.9847623328084176,0.0
context_action+grounding,261,0.5294117647058824,0.991438838949485,0.685823754789272,0.5294117647058824,0.9845640138583088,0.0
context_action+grounding,262,0.5314401622718052,0.9914794267973962,0.6870229007633588,0.5314401622718052,0.98355301957875,0.0
context_action+grounding,263,0.5334685598377282,0.9915669457210444,0.688212927756654,0.5334685598377282,0.9835139637128724,0.0
context_action+grounding,264,0.5354969574036511,0.9916329956577028,0.6893939393939394,0.5354969574036511,0.9834628994251888,0.0
context_action+grounding,265,0.537525354969574,0.991992133637816,0.690566037735849,0.537525354969574,0.9834133126743448,0.0
context_action+grounding,266,0.539553752535497,0.9920673883933206,0.6917293233082706,0.539553752535497,0.9831090909193652,0.0
context_action+grounding,267,0.5415821501014199,0.9924350067847932,0.6928838951310862,0.5415821501014199,0.982911837235114,0.0
context_action+grounding,268,0.5436105476673428,0.9925001784323528,0.6940298507462687,0.5436105476673428,0.9829047107950192,0.0
context_action+grounding,269,0.5456389452332657,0.992636870331925,0.6951672862453532,0.5456389452332657,0.9827704546143056,0.0
context_action+grounding,270,0.5476673427991886,0.9927247422535618,0.6962962962962963,0.5476673427991886,0.9827409378961924,0.0
context_action+grounding,271,0.5496957403651116,0.9927402782140096,0.6974169741697417,0.5496957403651116,0.9825169148866264,0.0
context_action+grounding,272,0.5517241379310345,0.9927712154755974,0.6985294117647058,0.5517241379310345,0.982146989732566,0.0
context_action+grounding,273,0.5537525354969574,0.9928254030690769,0.6996336996336996,0.5537525354969574,0.9820560241364248,0.0
context_action+grounding,274,0.5557809330628803,0.9930269117532105,0.7007299270072993,0.5557809330628803,0.9818834857554486,0.0
context_action+grounding,275,0.5578093306288032,0.9931845555733344,0.7018181818181818,0.5578093306288032,0.9818697048192214,0.0
context_action+grounding,276,0.5598377281947262,0.9931876100759162,0.7028985507246377,0.5598377281947262,0.9818519253238346,0.0
context_action+grounding,277,0.5618661257606491,0.9932336570592816,0.703971119133574,0.5618661257606491,0.98159611662183,0.0
context_action+grounding,278,0.563894523326572,0.9933189172242288,0.7050359712230215,0.563894523326572,0.9813431578213389,0.0
context_action+grounding,279,0.565922920892495,0.9938520041703518,0.7060931899641577,0.565922920892495,0.9813292383123086,0.0
context_action+grounding,280,0.5679513184584178,0.9939545329772308,0.7071428571428572,0.5679513184584178,0.980715941917626,0.0
context_action+grounding,281,0.5699797160243407,0.99406543612773,0.708185053380783,0.5699797160243407,0.9801191856507452,0.0
context_action+grounding,282,0.5720081135902637,0.994077841514564,0.7092198581560284,0.5720081135902637,0.9798661893641668,0.0035460992907801418
context_action+grounding,283,0.5740365111561866,0.9941149411338124,0.7102473498233216,0.5740365111561866,0.9794030487479924,0.007067137809187279
context_action+grounding,284,0.5760649087221096,0.9942062028429944,0.7112676056338029,0.5760649087221096,0.9786600480739842,0.007042253521126761
context_action+grounding,285,0.5780933062880325,0.9944349370689746,0.712280701754386,0.5780933062880325,0.978511957334902,0.007017543859649123
context_action+grounding,286,0.5801217038539553,0.9946019395171558,0.7132867132867133,0.5801217038539553,0.9784263077107592,0.006993006993006993
context_action+grounding,287,0.5821501014198783,0.9947407071334432,0.7142857142857143,0.5821501014198783,0.977778907594412,0.006968641114982578
context_action+grounding,288,0.5841784989858012,0.9949321480067392,0.7152777777777778,0.5841784989858012,0.97707285393555,0.006944444444444444
context_action+grounding,289,0.5862068965517241,0.9950725537055568,0.7162629757785467,0.5862068965517241,0.975521592040246,0.006920415224913495
context_action+grounding,290,0.5882352941176471,0.9952414895876386,0.7172413793103448,0.5882352941176471,0.9754122120288584,0.006896551724137931
context_action+grounding,291,0.59026369168357,0.9952778578220364,0.718213058419244,0.59026369168357,0.9751525333196608,0.006872852233676976
context_action+grounding,292,0.592292089249493,0.9954007184912044,0.7191780821917808,0.592292089249493,0.9751304590117398,0.00684931506849315
context_action+grounding,293,0.5943204868154158,0.995562625175621,0.7201365187713311,0.5943204868154158,0.9744606176174984,0.006825938566552901
context_action+grounding,294,0.5963488843813387,0.9958063476762063,0.7210884353741497,0.5963488843813387,0.9738921917595575,0.006802721088435374
context_action+grounding,295,0.5983772819472617,0.9958317159075872,0.7220338983050848,0.5983772819472617,0.9726435545860131,0.006779661016949152
context_action+grounding,296,0.6004056795131846,0.9958738889891152,0.722972972972973,0.6004056795131846,0.9721589173310138,0.006756756756756757
context_action+grounding,297,0.6024340770791075,0.9960761072739136,0.7239057239057239,0.6024340770791075,0.971505573398444,0.006734006734006734
context_action+grounding,298,0.6044624746450304,0.9963384203192798,0.7248322147651006,0.6044624746450304,0.9713730008078184,0.006711409395973154
context_action+grounding,299,0.6064908722109533,0.9965566237766652,0.725752508361204,0.6064908722109533,0.9709943130680416,0.006688963210702341
context_action+grounding,300,0.6085192697768763,0.9965888046427432,0.7266666666666667,0.6085192697768763,0.9709692115894912,0.006666666666666667
context_action+grounding,301,0.6105476673427992,0.9967481059334804,0.7275747508305648,0.6105476673427992,0.9708524319842764,0.006644518272425249
context_action+grounding,302,0.6125760649087221,0.9967978735123664,0.7284768211920529,0.6125760649087221,0.9707637082901084,0.006622516556291391
context_action+grounding,303,0.6146044624746451,0.996882204187863,0.7293729372937293,0.6146044624746451,0.9705776948697504,0.006600660066006601
context_action+grounding,304,0.6166328600405679,0.9969350962770274,0.7302631578947368,0.6166328600405679,0.970425267959799,0.006578947368421052
context_action+grounding,305,0.6186612576064908,0.996988750377556,0.7311475409836066,0.6186612576064908,0.9702522759299378,0.006557377049180328
context_action+grounding,306,0.6206896551724138,0.9972209180970916,0.7320261437908496,0.6206896551724138,0.9699299863827152,0.006535947712418301
context_action+grounding,307,0.6227180527383367,0.9972986324885118,0.7328990228013029,0.6227180527383367,0.9692602045837376,0.006514657980456026
context_action+grounding,308,0.6247464503042597,0.9973027802791348,0.7337662337662337,0.6247464503042597,0.968763821344866,0.006493506493506494
context_action+grounding,309,0.6267748478701826,0.9974149985115168,0.7346278317152104,0.6267748478701826,0.9682975620801072,0.006472491909385114
context_action+grounding,310,0.6288032454361054,0.997571021209022,0.7354838709677419,0.6288032454361054,0.9675661627167031,0.0064516129032258064
context_action+grounding,311,0.6308316430020284,0.9976085656056884,0.7363344051446945,0.6308316430020284,0.9675163245506888,0.006430868167202572
context_action+grounding,312,0.6328600405679513,0.9976163144277936,0.7371794871794872,0.6328600405679513,0.9673055278438608,0.00641025641025641
context_action+grounding,313,0.6348884381338742,0.9976836126342682,0.7380191693290735,0.6348884381338742,0.9670962434760252,0.006389776357827476
context_action+grounding,314,0.6369168356997972,0.9977164167343072,0.7388535031847133,0.6369168356997972,0.9668145686059432,0.006369426751592357
context_action+grounding,315,0.6389452332657201,0.9978590503770004,0.7396825396825397,0.6389452332657201,0.9658423826660087,0.006349206349206349
context_action+grounding,316,0.640973630831643,0.9979524976486522,0.740506329113924,0.640973630831643,0.9656000334645388,0.006329113924050633
context_action+grounding,317,0.6430020283975659,0.99796556936268,0.7413249211356467,0.6430020283975659,0.9642452014175268,0.006309148264984227
context_action+grounding,318,0.6450304259634888,0.9979798845869318,0.7421383647798742,0.6450304259634888,0.9631255482893604,0.006289308176100629
context_action+grounding,319,0.6470588235294118,0.9980296862919196,0.7429467084639498,0.6470588235294118,0.9626916202230438,0.006269592476489028
context_action+grounding,320,0.6490872210953347,0.9980473096740424,0.74375,0.6490872210953347,0.9615651176957,0.00625
context_action+grounding,321,0.6511156186612576,0.9981097275715842,0.7445482866043613,0.6511156186612576,0.9612780905966316,0.006230529595015576
context_action+grounding,322,0.6531440162271805,0.9981137950512804,0.7453416149068323,0.6531440162271805,0.9609849955588828,0.006211180124223602
context_action+grounding,323,0.6551724137931034,0.9982119826854,0.7461300309597523,0.6551724137931034,0.9609609376790826,0.006191950464396285
context_action+grounding,324,0.6572008113590264,0.9982574253055808,0.7469135802469136,0.6572008113590264,0.9566491813351709,0.006172839506172839
context_action+grounding,325,0.6592292089249493,0.9983620079274214,0.7476923076923077,0.6592292089249493,0.9554758529518644,0.006153846153846154
context_action+grounding,326,0.6612576064908722,0.998393396174192,0.7484662576687117,0.6612576064908722,0.95534578479662,0.006134969325153374
context_action+grounding,327,0.6632860040567952,0.9984802757097444,0.7492354740061162,0.6632860040567952,0.9549023602266352,0.0061162079510703364
context_action+grounding,328,0.665314401622718,0.9985261554781404,0.75,0.665314401622718,0.9543382959672332,0.006097560975609756
context_action+grounding,329,0.6673427991886409,0.9986949030613548,0.7507598784194529,0.6673427991886409,0.9541327980986066,0.0060790273556231
context_action+grounding,330,0.6693711967545639,0.9988243295944376,0.7515151515151515,0.6693711967545639,0.9532310415117026,0.006060606060606061
context_action+grounding,331,0.6713995943204868,0.9990312541446156,0.7522658610271903,0.6713995943204868,0.9531870830643602,0.00906344410876133
context_action+grounding,332,0.6734279918864098,0.9990687068063038,0.7530120481927711,0.6734279918864098,0.9531226413166328,0.009036144578313253
context_action+grounding,333,0.6754563894523327,0.9991514458456532,0.7537537537537538,0.6754563894523327,0.951287744278169,0.009009009009009009
context_action+grounding,334,0.6774847870182555,0.9992167744962832,0.7544910179640718,0.6774847870182555,0.9510182711758912,0.008982035928143712
context_action+grounding,335,0.6795131845841785,0.9992251634468904,0.755223880597015,0.6795131845841785,0.9508428117143192,0.008955223880597015
context_action+grounding,336,0.6815415821501014,0.9993174878462956,0.7559523809523809,0.6815415821501014,0.947515169463121,0.008928571428571428
context_action+grounding,337,0.6835699797160243,0.9993575594985434,0.7566765578635015,0.6835699797160243,0.944376974512206,0.008902077151335312
context_action+grounding,338,0.6855983772819473,0.999536668505172,0.757396449704142,0.6855983772819473,0.944245565950861,0.008875739644970414
context_action+grounding,339,0.6876267748478702,0.9996401287564348,0.7581120943952803,0.6876267748478702,0.9438531184274952,0.008849557522123894
context_action+grounding,340,0.6896551724137931,0.9996439157086248,0.7588235294117647,0.6896551724137931,0.9436162276403838,0.008823529411764706
context_action+grounding,341,0.691683569979716,0.9996831166102086,0.7595307917888563,0.691683569979716,0.9428660003358272,0.008797653958944282
context_action+grounding,342,0.6937119675456389,0.999705355060328,0.7602339181286549,0.6937119675456389,0.9423689924911394,0.008771929824561403
context_action+grounding,343,0.6957403651115619,0.9997163498614364,0.760932944606414,0.6957403651115619,0.9393365207172344,0.008746355685131196
context_action+grounding,344,0.6977687626774848,0.9997263501420496,0.7616279069767442,0.6977687626774848,0.937650165468819,0.00872093023255814
context_action+grounding,345,0.6997971602434077,0.999740019448023,0.7623188405797101,0.6997971602434077,0.9373417620340376,0.008695652173913044
context_action+grounding,346,0.7018255578093306,0.9997551465976398,0.7630057803468208,0.7018255578093306,0.9367613640704608,0.008670520231213872
context_action+grounding,347,0.7038539553752535,0.9997658025019764,0.7636887608069164,0.7038539553752535,0.9356236199969,0.008645533141210375
context_action+grounding,348,0.7058823529411765,0.9997915003315868,0.764367816091954,0.7058823529411765,0.9332502088968088,0.008620689655172414
context_action+grounding,349,0.7079107505070994,0.9998107575501888,0.7650429799426934,0.7079107505070994,0.9323759830161816,0.008595988538681949
context_action+grounding,350,0.7099391480730223,0.9998157973241176,0.7657142857142857,0.7099391480730223,0.9322082732297324,0.008571428571428572
context_action+grounding,351,0.7119675456389453,0.9998360956359492,0.7663817663817664,0.7119675456389453,0.9321906540459296,0.008547008547008548
context_action+grounding,352,0.7139959432048681,0.9998436125161712,0.7670454545454546,0.7139959432048681,0.9320328223847464,0.011363636363636364
context_action+grounding,353,0.716024340770791,0.9998473371397888,0.7677053824362606,0.716024340770791,0.9290325837842224,0.0113314447592068
context_action+grounding,354,0.718052738336714,0.9998474222300232,0.768361581920904,0.718052738336714,0.927784596693516,0.011299435028248588
context_action+grounding,355,0.7200811359026369,0.9998585602991548,0.7690140845070422,0.7200811359026369,0.9272651364052388,0.011267605633802818
context_action+grounding,356,0.7221095334685599,0.9998645166039242,0.7696629213483146,0.7221095334685599,0.9248856759473304,0.011235955056179775
context_action+grounding,357,0.7241379310344828,0.9998645166039242,0.7703081232492998,0.7241379310344828,0.924101960210913,0.011204481792717087
context_action+grounding,358,0.7261663286004056,0.9998710681000356,0.770949720670391,0.7261663286004056,0.9228064748956176,0.0111731843575419
context_action+grounding,359,0.7281947261663286,0.9998825611227732,0.7715877437325905,0.7281947261663286,0.9161600128922632,0.011142061281337047
context_action+grounding,360,0.7302231237322515,0.9998915365030948,0.7722222222222223,0.7302231237322515,0.9157447713298588,0.011111111111111112
context_action+grounding,361,0.7322515212981744,0.9998941084521928,0.7728531855955678,0.7322515212981744,0.915235203520703,0.0110803324099723
context_action+grounding,362,0.7342799188640974,0.9999105395156896,0.7734806629834254,0.7342799188640974,0.9146220135351736,0.011049723756906077
context_action+grounding,363,0.7363083164300203,0.999917207555432,0.7741046831955923,0.7363083164300203,0.912133974160782,0.011019283746556474
context_action+grounding,364,0.7383367139959433,0.999925610651602,0.7747252747252747,0.7383367139959433,0.907877398130324,0.01098901098901099
context_action+grounding,365,0.7403651115618661,0.9999261819332076,0.7753424657534247,0.7403651115618661,0.9054420276064442,0.0136986301369863
context_action+grounding,366,0.742393509127789,0.9999290081947072,0.7759562841530054,0.742393509127789,0.9029316711194384,0.01366120218579235
context_action+grounding,367,0.744421906693712,0.9999318910028578,0.776566757493188,0.744421906693712,0.9017236693194342,0.013623978201634877
context_action+grounding,368,0.7464503042596349,0.999941209450094,0.7771739130434783,0.7464503042596349,0.8992378116567267,0.01358695652173913
context_action+grounding,369,0.7484787018255578,0.9999412507293556,0.7777777777777778,0.7484787018255578,0.8919841854071546,0.013550135501355014
context_action+grounding,370,0.7505070993914807,0.9999414892688534,0.7783783783783784,0.7505070993914807,0.8878009708075744,0.013513513513513514
context_action+grounding,371,0.7525354969574036,0.9999511080944196,0.7789757412398922,0.7525354969574036,0.8855866514233349,0.016172506738544475
context_action+grounding,372,0.7545638945233266,0.9999524593366156,0.7795698924731183,0.7545638945233266,0.8852929786904946,0.016129032258064516
context_action+grounding,373,0.7565922920892495,0.9999528910735952,0.7801608579088471,0.7565922920892495,0.884431424734431,0.0160857908847185
context_action+grounding,374,0.7586206896551724,0.9999531766770052,0.7807486631016043,0.7586206896551724,0.8816935703579734,0.016042780748663103
context_action+grounding,375,0.7606490872210954,0.9999552286815756,0.7813333333333333,0.7606490872210954,0.8748016833455964,0.016
context_action+grounding,376,0.7626774847870182,0.9999574594494772,0.7819148936170213,0.7626774847870182,0.8728067121247322,0.015957446808510637
context_action+grounding,377,0.7647058823529411,0.9999633871884664,0.7824933687002652,0.7647058823529411,0.8712895863173762,0.015915119363395226
context_action+grounding,378,0.7667342799188641,0.9999638467086408,0.783068783068783,0.7667342799188641,0.870794355148885,0.018518518518518517
context_action+grounding,379,0.768762677484787,0.9999660730566544,0.783641160949868,0.768762677484787,0.8686779071445981,0.018469656992084433
context_action+grounding,380,0.77079107505071,0.999970353306809,0.7842105263157895,0.77079107505071,0.8682703881706235,0.018421052631578946
context_action+grounding,381,0.7728194726166329,0.9999729793220488,0.7847769028871391,0.7728194726166329,0.867216406462596,0.01837270341207349
context_action+grounding,382,0.7748478701825557,0.9999733052322354,0.7853403141361257,0.7748478701825557,0.865673559495606,0.01832460732984293
context_action+grounding,383,0.7768762677484787,0.999978959886084,0.7859007832898173,0.7768762677484787,0.8644628695292655,0.018276762402088774
context_action+grounding,384,0.7789046653144016,0.9999796877383468,0.7864583333333334,0.7789046653144016,0.8549399328183417,0.018229166666666668
context_action+grounding,385,0.7809330628803245,0.9999806367852918,0.787012987012987,0.7809330628803245,0.8524419868696663,0.02077922077922078
context_action+grounding,386,0.7829614604462475,0.9999824535976986,0.7875647668393783,0.7829614604462475,0.850983869223028,0.023316062176165803
context_action+grounding,387,0.7849898580121704,0.9999845371479732,0.7881136950904393,0.7849898580121704,0.8507634609212906,0.025839793281653745
context_action+grounding,388,0.7870182555780934,0.9999850220674544,0.788659793814433,0.7870182555780934,0.8477735777209958,0.02577319587628866
context_action+grounding,389,0.7890466531440162,0.9999865504357348,0.7892030848329049,0.7890466531440162,0.8442833517457897,0.02570694087403599
context_action+grounding,390,0.7910750507099391,0.999986660960256,0.7897435897435897,0.7910750507099391,0.8433149483359874,0.028205128205128206
context_action+grounding,391,0.7931034482758621,0.9999871556360018,0.7902813299232737,0.7931034482758621,0.8378669540751468,0.028132992327365727
context_action+grounding,392,0.795131845841785,0.999987449245913,0.7908163265306123,0.795131845841785,0.8327396061354497,0.030612244897959183
context_action+grounding,393,0.7971602434077079,0.9999881301698408,0.7913486005089059,0.7971602434077079,0.8302781714207429,0.030534351145038167
context_action+grounding,394,0.7991886409736308,0.9999882183058724,0.7918781725888325,0.7991886409736308,0.8215721701714643,0.030456852791878174
context_action+grounding,395,0.8012170385395537,0.9999889249238848,0.7924050632911392,0.8012170385395537,0.8136051949646789,0.030379746835443037
context_action+grounding,396,0.8032454361054767,0.9999889293855352,0.7929292929292929,0.8032454361054767,0.7965483926477467,0.030303030303030304
context_action+grounding,397,0.8052738336713996,0.9999896653514572,0.7934508816120907,0.8052738336713996,0.7964787185409231,0.0327455919395466
context_action+grounding,398,0.8073022312373225,0.9999896689122836,0.7939698492462312,0.8073022312373225,0.7942511240574691,0.032663316582914576
context_action+grounding,399,0.8093306288032455,0.9999896903283886,0.7944862155388471,0.8093306288032455,0.794027334581019,0.03508771929824561
context_action+grounding,400,0.8113590263691683,0.9999899519825416,0.795,0.8113590263691683,0.7807363906125386,0.035
context_action+grounding,401,0.8133874239350912,0.9999899640676893,0.7955112219451371,0.8133874239350912,0.771419280656884,0.034912718204488775
context_action+grounding,402,0.8154158215010142,0.999990316514807,0.7960199004975125,0.8154158215010142,0.7695124373978561,0.03482587064676617
context_action+grounding,403,0.8174442190669371,0.9999904591377587,0.7965260545905707,0.8174442190669371,0.7678836192883497,0.03722084367245657
context_action+grounding,404,0.8194726166328601,0.9999911458414854,0.7970297029702971,0.8194726166328601,0.7562116743207202,0.03712871287128713
context_action+grounding,405,0.821501014198783,0.9999916575916804,0.7975308641975308,0.821501014198783,0.7530980607318724,0.037037037037037035
context_action+grounding,406,0.8235294117647058,0.9999917557971094,0.7980295566502463,0.8235294117647058,0.7523917910226728,0.03940886699507389
context_action+grounding,407,0.8255578093306288,0.9999917786260988,0.7985257985257985,0.8255578093306288,0.7504142069970471,0.03931203931203931
context_action+grounding,408,0.8275862068965517,0.9999918366432397,0.7990196078431373,0.8275862068965517,0.7501293264501767,0.0392156862745098
context_action+grounding,409,0.8296146044624746,0.9999920871731804,0.7995110024449877,0.8296146044624746,0.7417059915983212,0.04156479217603912
context_action+grounding,410,0.8316430020283976,0.9999931471234847,0.8,0.8316430020283976,0.7383755149540194,0.04390243902439024
context_action+grounding,411,0.8336713995943205,0.9999932892279758,0.8004866180048662,0.8336713995943205,0.7224105721030063,0.043795620437956206
context_action+grounding,412,0.8356997971602435,0.9999944074922856,0.8009708737864077,0.8356997971602435,0.7167377646346127,0.043689320388349516
context_action+grounding,413,0.8377281947261663,0.9999946975300584,0.801452784503632,0.8377281947261663,0.7122709116845772,0.04600484261501211
context_action+grounding,414,0.8397565922920892,0.999995139768988,0.8019323671497585,0.8397565922920892,0.7059201587780535,0.04589371980676329
context_action+grounding,415,0.8417849898580122,0.9999952289556088,0.8024096385542169,0.8417849898580122,0.69213736318042,0.04578313253012048
context_action+grounding,416,0.8438133874239351,0.999995460168528,0.8028846153846154,0.8438133874239351,0.6755600996760969,0.04807692307692308
context_action+grounding,417,0.845841784989858,0.9999957734227876,0.8033573141486811,0.845841784989858,0.6425713636937815,0.047961630695443645
context_action+grounding,418,0.847870182555781,0.9999961033152288,0.8038277511961722,0.847870182555781,0.6423366205776483,0.050239234449760764
context_action+grounding,419,0.8498985801217038,0.9999968482490658,0.8042959427207638,0.8498985801217038,0.6275534149365589,0.05250596658711217
context_action+grounding,420,0.8519269776876268,0.9999969337217224,0.8047619047619048,0.8519269776876268,0.5853931629187729,0.05238095238095238
context_action+grounding,421,0.8539553752535497,0.9999969455948056,0.8052256532066508,0.8539553752535497,0.5853488747611576,0.05463182897862233
context_action+grounding,422,0.8559837728194726,0.9999970615406636,0.8056872037914692,0.8559837728194726,0.5744374875289892,0.054502369668246446
context_action+grounding,423,0.8580121703853956,0.999997281873566,0.806146572104019,0.8580121703853956,0.552269605844569,0.05673758865248227
context_action+grounding,424,0.8600405679513184,0.9999972982822658,0.8066037735849056,0.8600405679513184,0.5289003678354011,0.0589622641509434
context_action+grounding,425,0.8620689655172413,0.9999973338179338,0.8070588235294117,0.8620689655172413,0.51976651960716,0.0611764705882353
context_action+grounding,426,0.8640973630831643,0.9999974836650296,0.8075117370892019,0.8640973630831643,0.5019051748367162,0.06103286384976526
context_action+grounding,427,0.8661257606490872,0.9999975673226232,0.8079625292740047,0.8661257606490872,0.4498682226702406,0.06088992974238876
context_action+grounding,428,0.8681541582150102,0.9999976463870074,0.8084112149532711,0.8681541582150102,0.436919174381719,0.06074766355140187
context_action+grounding,429,0.8701825557809331,0.9999976775291732,0.8088578088578089,0.8701825557809331,0.4279787572294458,0.06060606060606061
context_action+grounding,430,0.8722109533468559,0.9999977101686592,0.8093023255813954,0.8722109533468559,0.4279160170341242,0.06046511627906977
context_action+grounding,431,0.8742393509127789,0.9999978070585696,0.8097447795823666,0.8742393509127789,0.3777618963515074,0.060324825986078884
context_action+grounding,432,0.8762677484787018,0.9999978399644496,0.8101851851851852,0.8762677484787018,0.3756192066290916,0.0625
context_action+grounding,433,0.8782961460446247,0.9999979229199252,0.8106235565819861,0.8782961460446247,0.3650582887636429,0.06235565819861432
context_action+grounding,434,0.8803245436105477,0.9999979604024192,0.8110599078341014,0.8803245436105477,0.356827682381967,0.06451612903225806
context_action+grounding,435,0.8823529411764706,0.9999979919445514,0.8114942528735632,0.8823529411764706,0.3538685090087491,0.06436781609195402
context_action+grounding,436,0.8843813387423936,0.999998074904756,0.8119266055045872,0.8843813387423936,0.3359134395747646,0.06422018348623854
context_action+grounding,437,0.8864097363083164,0.9999980997510672,0.8123569794050344,0.8864097363083164,0.3354428821099982,0.06636155606407322
context_action+grounding,438,0.8884381338742393,0.99999815111679,0.8127853881278538,0.8884381338742393,0.3317643955120384,0.06621004566210045
context_action+grounding,439,0.8904665314401623,0.9999982452304148,0.8132118451025057,0.8904665314401623,0.3250094911029552,0.0683371298405467
context_action+grounding,440,0.8924949290060852,0.9999983763046671,0.8136363636363636,0.8924949290060852,0.3125020060758386,0.07045454545454545
context_action+grounding,441,0.8945233265720081,0.9999984266319,0.8140589569160998,0.8945233265720081,0.240093553363704,0.07256235827664399
context_action+grounding,442,0.896551724137931,0.9999984590256789,0.8144796380090498,0.896551724137931,0.223519360969233,0.0746606334841629
context_action+grounding,443,0.8985801217038539,0.9999984849973692,0.8148984198645598,0.8985801217038539,0.2027287613976297,0.07674943566591422
context_action+grounding,444,0.9006085192697769,0.999998628251125,0.8153153153153153,0.9006085192697769,0.1958711674730529,0.07882882882882883
context_action+grounding,445,0.9026369168356998,0.9999988053318736,0.8157303370786517,0.9026369168356998,0.1885371736858154,0.08089887640449438
context_action+grounding,446,0.9046653144016227,0.9999988250957694,0.8161434977578476,0.9046653144016227,0.1869215242941816,0.08295964125560538
context_action+grounding,447,0.9066937119675457,0.9999988485929466,0.8165548098434005,0.9066937119675457,0.1823286500097891,0.08501118568232663
context_action+grounding,448,0.9087221095334685,0.9999988706308968,0.8169642857142857,0.9087221095334685,0.1773786362116223,0.08705357142857142
context_action+grounding,449,0.9107505070993914,0.9999988874444624,0.8173719376391982,0.9107505070993914,0.1715226330936221,0.08908685968819599
context_action+grounding,450,0.9127789046653144,0.9999989313845552,0.8177777777777778,0.9127789046653144,0.1625587945090275,0.09111111111111111
context_action+grounding,451,0.9148073022312373,0.9999990173293992,0.8181818181818182,0.9148073022312373,0.1422799402234225,0.09312638580931264
context_action+grounding,452,0.9168356997971603,0.9999990619002374,0.8185840707964602,0.9168356997971603,0.1261056598896861,0.09513274336283185
context_action+grounding,453,0.9188640973630832,0.9999990678576992,0.8189845474613686,0.9188640973630832,0.1244096485795372,0.09713024282560706
context_action+grounding,454,0.920892494929006,0.9999991228313688,0.8193832599118943,0.920892494929006,0.1029314710263715,0.09911894273127753
context_action+grounding,455,0.922920892494929,0.999999234757762,0.8197802197802198,0.922920892494929,0.0812183179064284,0.1010989010989011
context_action+grounding,456,0.9249492900608519,0.9999993066573448,0.8201754385964912,0.9249492900608519,0.0780902591611697,0.10307017543859649
context_action+grounding,457,0.9269776876267748,0.999999353067646,0.8205689277899344,0.9269776876267748,0.0775867332096859,0.10284463894967177
context_action+grounding,458,0.9290060851926978,0.9999993616883224,0.8209606986899564,0.9290060851926978,0.0750135073004922,0.10480349344978165
context_action+grounding,459,0.9310344827586207,0.9999993856343066,0.8213507625272332,0.9310344827586207,0.0696414838855358,0.10457516339869281
context_action+grounding,460,0.9330628803245437,0.999999545387764,0.8217391304347826,0.9330628803245437,0.0670638729890665,0.10652173913043478
context_action+grounding,461,0.9350912778904665,0.9999995623731808,0.8221258134490239,0.9350912778904665,0.0666408334908887,0.10845986984815618
context_action+grounding,462,0.9371196754563894,0.9999995867967048,0.8225108225108225,0.9371196754563894,0.0638816893035676,0.11038961038961038
context_action+grounding,463,0.9391480730223124,0.9999996503947194,0.8228941684665226,0.9391480730223124,0.0634794329982345,0.11231101511879049
context_action+grounding,464,0.9411764705882353,0.9999997086175182,0.8232758620689655,0.9411764705882353,0.0559092768236316,0.11422413793103449
context_action+grounding,465,0.9432048681541582,0.99999970997685,0.8236559139784946,0.9432048681541582,0.0533649380858992,0.11612903225806452
context_action+grounding,466,0.9452332657200812,0.9999997548461635,0.8240343347639485,0.9452332657200812,0.0472084057075398,0.11802575107296137
context_action+grounding,467,0.947261663286004,0.9999997955823828,0.8244111349036403,0.947261663286004,0.0406172697064312,0.11991434689507495
context_action+grounding,468,0.949290060851927,0.999999813344228,0.8247863247863247,0.949290060851927,0.0377070511490687,0.12179487179487179
context_action+grounding,469,0.9513184584178499,0.9999998258541266,0.8251599147121536,0.9513184584178499,0.0292845266104322,0.12366737739872068
context_action+grounding,470,0.9533468559837728,0.9999998524824112,0.825531914893617,0.9533468559837728,0.0275482624666958,0.125531914893617
context_action+grounding,471,0.9553752535496958,0.999999861906094,0.8259023354564756,0.9553752535496958,0.0254899183411587,0.12738853503184713
context_action+grounding,472,0.9574036511156186,0.9999998692750168,0.826271186440678,0.9574036511156186,0.0253076772428321,0.1292372881355932
context_action+grounding,473,0.9594320486815415,0.999999874187424,0.8266384778012685,0.9594320486815415,0.0248001531008611,0.13107822410147993
context_action+grounding,474,0.9614604462474645,0.999999875802538,0.8270042194092827,0.9614604462474645,0.0246638450951199,0.13291139240506328
context_action+grounding,475,0.9634888438133874,0.9999998827420268,0.8273684210526315,0.9634888438133874,0.0233349748394565,0.13473684210526315
context_action+grounding,476,0.9655172413793104,0.9999999010503864,0.8277310924369747,0.9655172413793104,0.0124708669682401,0.13655462184873948
context_action+grounding,477,0.9675456389452333,0.9999999023533788,0.8280922431865828,0.9675456389452333,0.010000163904947,0.13836477987421383
context_action+grounding,478,0.9695740365111561,0.9999999389921695,0.8284518828451883,0.9695740365111561,0.0088731800363006,0.1401673640167364
context_action+grounding,479,0.9716024340770791,0.9999999462039886,0.8288100208768268,0.9716024340770791,0.0086531144153187,0.1419624217118998
context_action+grounding,480,0.973630831643002,0.9999999500262416,0.8291666666666667,0.973630831643002,0.008466455136128,0.14375
context_action+grounding,481,0.9756592292089249,0.9999999529909837,0.8295218295218295,0.9756592292089249,0.0064468636717122,0.14553014553014554
context_action+grounding,482,0.9776876267748479,0.9999999649413694,0.8298755186721992,0.9776876267748479,0.0059211608077994,0.14730290456431536
context_action+grounding,483,0.9797160243407708,0.999999969514991,0.8302277432712215,0.9797160243407708,0.0036866714002422,0.14906832298136646
context_action+grounding,484,0.9817444219066938,0.999999969514991,0.8305785123966942,0.9817444219066938,0.0027555243505236,0.15082644628099173
context_action+grounding,485,0.9837728194726166,0.999999969514991,0.8309278350515464,0.9837728194726166,0.0027333134022118,0.15257731958762888
context_action+grounding,486,0.9858012170385395,0.999999969514991,0.831275720164609,0.9858012170385395,0.0026235904977254,0.15432098765432098
context_action+grounding,487,0.9878296146044625,0.999999969514991,0.8316221765913757,0.9878296146044625,0.0021773047442047,0.15605749486652978
context_action+grounding,488,0.9898580121703854,0.999999969514991,0.8319672131147541,0.9898580121703854,0.0018723338896329,0.15778688524590165
context_action+grounding,489,0.9918864097363083,0.999999969514991,0.8323108384458078,0.9918864097363083,0.0017619005300486,0.15950920245398773
context_action+grounding,490,0.9939148073022313,0.999999969514991,0.8326530612244898,0.9939148073022313,0.0008526800881489,0.16122448979591836
context_action+grounding,491,0.9959432048681541,0.999999969514991,0.8329938900203666,0.9959432048681541,0.0008061673334151,0.1629327902240326
context_action+grounding,492,0.9979716024340771,0.999999969514991,0.8333333333333334,0.9979716024340771,0.0002226871959845,0.16463414634146342
context_action+grounding,493,1.0,0.999999969514991,0.8336713995943205,1.0,6.653431329801961e-06,0.1663286004056795
context_action+all_internal+grounding,1,0.002028397565922921,0.0008271424287555,0.0,0.002028397565922921,0.999965770405386,0.0
context_action+all_internal+grounding,2,0.004056795131845842,0.0053676904105837,0.0,0.004056795131845842,0.999965770405386,0.0
context_action+all_internal+grounding,3,0.006085192697768763,0.0063069227840127,0.0,0.006085192697768763,0.999965770405386,0.0
context_action+all_internal+grounding,4,0.008113590263691683,0.0074812214705476,0.0,0.008113590263691683,0.999965770405386,0.0
context_action+all_internal+grounding,5,0.010141987829614604,0.0084542681900914,0.0,0.010141987829614604,0.999965770405386,0.0
context_action+all_internal+grounding,6,0.012170385395537525,0.0089135148141171,0.0,0.012170385395537525,0.999965770405386,0.0
context_action+all_internal+grounding,7,0.014198782961460446,0.0114012866763812,0.0,0.014198782961460446,0.999965770405386,0.0
context_action+all_internal+grounding,8,0.016227180527383367,0.0132808196113443,0.0,0.016227180527383367,0.999965770405386,0.0
context_action+all_internal+grounding,9,0.018255578093306288,0.0272031202627681,0.0,0.018255578093306288,0.999965770405386,0.0
context_action+all_internal+grounding,10,0.02028397565922921,0.0392774174432883,0.0,0.02028397565922921,0.999965770405386,0.0
context_action+all_internal+grounding,11,0.02231237322515213,0.0411281998342493,0.0,0.02231237322515213,0.999965770405386,0.0
context_action+all_internal+grounding,12,0.02434077079107505,0.0527610613106028,0.0,0.02434077079107505,0.999965770405386,0.0
context_action+all_internal+grounding,13,0.02636916835699797,0.0556482858063859,0.0,0.02636916835699797,0.999965770405386,0.0
context_action+all_internal+grounding,14,0.028397565922920892,0.0589896585539788,0.0,0.028397565922920892,0.999965770405386,0.0
context_action+all_internal+grounding,15,0.030425963488843813,0.0608306648889057,0.0,0.030425963488843813,0.999965770405386,0.0
context_action+all_internal+grounding,16,0.032454361054766734,0.0675843564532987,0.0,0.032454361054766734,0.999965770405386,0.0
context_action+all_internal+grounding,17,0.034482758620689655,0.0907191579828185,0.0,0.034482758620689655,0.999965770405386,0.0
context_action+all_internal+grounding,18,0.036511156186612576,0.0983899332252516,0.0,0.036511156186612576,0.999965770405386,0.0
context_action+all_internal+grounding,19,0.038539553752535496,0.0989620165801796,0.0,0.038539553752535496,0.999965770405386,0.0
context_action+all_internal+grounding,20,0.04056795131845842,0.1048907342234246,0.0,0.04056795131845842,0.999965770405386,0.0
context_action+all_internal+grounding,21,0.04259634888438134,0.1088643420542378,0.0,0.04259634888438134,0.999965770405386,0.0
context_action+all_internal+grounding,22,0.04462474645030426,0.1112728951260505,0.0,0.04462474645030426,0.999965770405386,0.0
context_action+all_internal+grounding,23,0.04665314401622718,0.1139722141179984,0.043478260869565216,0.04665314401622718,0.999965770405386,0.0
context_action+all_internal+grounding,24,0.0486815415821501,0.1196270193955295,0.041666666666666664,0.0486815415821501,0.999965770405386,0.0
context_action+all_internal+grounding,25,0.05070993914807302,0.1197546421498457,0.04,0.05070993914807302,0.999965770405386,0.0
context_action+all_internal+grounding,26,0.05273833671399594,0.1255038864886739,0.038461538461538464,0.05273833671399594,0.999965770405386,0.0
context_action+all_internal+grounding,27,0.05476673427991886,0.1258346781040014,0.037037037037037035,0.05476673427991886,0.999965770405386,0.0
context_action+all_internal+grounding,28,0.056795131845841784,0.1329738130678091,0.03571428571428571,0.056795131845841784,0.999965770405386,0.0
context_action+all_internal+grounding,29,0.058823529411764705,0.1578325996172,0.034482758620689655,0.058823529411764705,0.999965770405386,0.0
context_action+all_internal+grounding,30,0.060851926977687626,0.1643002607736363,0.06666666666666667,0.060851926977687626,0.999965770405386,0.0
context_action+all_internal+grounding,31,0.06288032454361055,0.1653830552496552,0.06451612903225806,0.06288032454361055,0.999965770405386,0.0
context_action+all_internal+grounding,32,0.06490872210953347,0.1673304705310848,0.0625,0.06490872210953347,0.999965770405386,0.0
context_action+all_internal+grounding,33,0.06693711967545639,0.1940134633492187,0.06060606060606061,0.06693711967545639,0.999965770405386,0.0
context_action+all_internal+grounding,34,0.06896551724137931,0.1958109440912736,0.058823529411764705,0.06896551724137931,0.999965770405386,0.0
context_action+all_internal+grounding,35,0.07099391480730223,0.2024098407531694,0.05714285714285714,0.07099391480730223,0.999965770405386,0.0
context_action+all_internal+grounding,36,0.07302231237322515,0.2087548271225341,0.05555555555555555,0.07302231237322515,0.999965770405386,0.0
context_action+all_internal+grounding,37,0.07505070993914807,0.2103187030424624,0.05405405405405406,0.07505070993914807,0.999965770405386,0.0
context_action+all_internal+grounding,38,0.07707910750507099,0.2153091125294905,0.07894736842105263,0.07707910750507099,0.999965770405386,0.0
context_action+all_internal+grounding,39,0.07910750507099391,0.2324626344975243,0.07692307692307693,0.07910750507099391,0.999965770405386,0.0
context_action+all_internal+grounding,40,0.08113590263691683,0.2553289002154044,0.075,0.08113590263691683,0.999965770405386,0.0
context_action+all_internal+grounding,41,0.08316430020283976,0.2556483437868816,0.07317073170731707,0.08316430020283976,0.999965770405386,0.0
context_action+all_internal+grounding,42,0.08519269776876268,0.2568705349056012,0.07142857142857142,0.08519269776876268,0.999965770405386,0.0
context_action+all_internal+grounding,43,0.0872210953346856,0.2636550317166534,0.06976744186046512,0.0872210953346856,0.999965770405386,0.0
context_action+all_internal+grounding,44,0.08924949290060852,0.2651012428345433,0.09090909090909091,0.08924949290060852,0.999965770405386,0.0
context_action+all_internal+grounding,45,0.09127789046653144,0.2977256282460299,0.08888888888888889,0.09127789046653144,0.999965770405386,0.0
context_action+all_internal+grounding,46,0.09330628803245436,0.3007886845873981,0.08695652173913043,0.09330628803245436,0.9999655249132248,0.0
context_action+all_internal+grounding,47,0.09533468559837728,0.3033882236810658,0.0851063829787234,0.09533468559837728,0.9999646629786804,0.0
context_action+all_internal+grounding,48,0.0973630831643002,0.3103755840342426,0.10416666666666667,0.0973630831643002,0.9999621598295392,0.0
context_action+all_internal+grounding,49,0.09939148073022312,0.3107853878994156,0.10204081632653061,0.09939148073022312,0.9999602096397496,0.0
context_action+all_internal+grounding,50,0.10141987829614604,0.313739353028781,0.12,0.10141987829614604,0.9999580882485566,0.0
context_action+all_internal+grounding,51,0.10344827586206896,0.3298477846212412,0.11764705882352941,0.10344827586206896,0.9999559164442744,0.0
context_action+all_internal+grounding,52,0.10547667342799188,0.333639244032694,0.1346153846153846,0.10547667342799188,0.9999551939586112,0.0
context_action+all_internal+grounding,53,0.1075050709939148,0.3431940816043575,0.1509433962264151,0.1075050709939148,0.9999550477683428,0.0
context_action+all_internal+grounding,54,0.10953346855983773,0.3454845718576797,0.14814814814814814,0.10953346855983773,0.999952904340052,0.0
context_action+all_internal+grounding,55,0.11156186612576065,0.3465342812717801,0.14545454545454545,0.11156186612576065,0.9999526974880748,0.0
context_action+all_internal+grounding,56,0.11359026369168357,0.3487510376513973,0.14285714285714285,0.11359026369168357,0.9999521094471432,0.0
context_action+all_internal+grounding,57,0.11561866125760649,0.3547890737770017,0.15789473684210525,0.11561866125760649,0.9999502056792168,0.0
context_action+all_internal+grounding,58,0.11764705882352941,0.3649634732604527,0.15517241379310345,0.11764705882352941,0.9999491718408218,0.0
context_action+all_internal+grounding,59,0.11967545638945233,0.3724720753768982,0.15254237288135594,0.11967545638945233,0.9999418922899898,0.0
context_action+all_internal+grounding,60,0.12170385395537525,0.3844833066095685,0.15,0.12170385395537525,0.9999408409066995,0.0
context_action+all_internal+grounding,61,0.12373225152129817,0.4002256718919297,0.14754098360655737,0.12373225152129817,0.999938232295242,0.0
context_action+all_internal+grounding,62,0.1257606490872211,0.4137828067979797,0.14516129032258066,0.1257606490872211,0.9999373505955116,0.0
context_action+all_internal+grounding,63,0.12778904665314403,0.4506923891963865,0.15873015873015872,0.12778904665314403,0.9999362470670082,0.0
context_action+all_internal+grounding,64,0.12981744421906694,0.4881870961011845,0.15625,0.12981744421906694,0.9999322900162398,0.0
context_action+all_internal+grounding,65,0.13184584178498987,0.5304642675278577,0.15384615384615385,0.13184584178498987,0.9999315017937892,0.0
context_action+all_internal+grounding,66,0.13387423935091278,0.5342052644701166,0.15151515151515152,0.13387423935091278,0.999931324232164,0.0
context_action+all_internal+grounding,67,0.1359026369168357,0.5350926844116694,0.16417910447761194,0.1359026369168357,0.9999286063570832,0.0
context_action+all_internal+grounding,68,0.13793103448275862,0.5416817088764123,0.16176470588235295,0.13793103448275862,0.9999246906272048,0.0
context_action+all_internal+grounding,69,0.13995943204868155,0.5440069726831166,0.17391304347826086,0.13995943204868155,0.9999241723940746,0.0
context_action+all_internal+grounding,70,0.14198782961460446,0.55042059774939,0.17142857142857143,0.14198782961460446,0.9999137871130676,0.0
context_action+all_internal+grounding,71,0.1440162271805274,0.5578413880796991,0.16901408450704225,0.1440162271805274,0.9999126396583112,0.0
context_action+all_internal+grounding,72,0.1460446247464503,0.5705888745428835,0.18055555555555555,0.1460446247464503,0.9999125101472416,0.0
context_action+all_internal+grounding,73,0.14807302231237324,0.5709008362842966,0.1917808219178082,0.14807302231237324,0.9999111095997268,0.0
context_action+all_internal+grounding,74,0.15010141987829614,0.5822234557162244,0.20270270270270271,0.15010141987829614,0.9999101227754156,0.0
context_action+all_internal+grounding,75,0.15212981744421908,0.5856827909785707,0.21333333333333335,0.15212981744421908,0.9999031911289706,0.0
context_action+all_internal+grounding,76,0.15415821501014199,0.5871785524671806,0.2236842105263158,0.15415821501014199,0.9999025956164777,0.0
context_action+all_internal+grounding,77,0.15618661257606492,0.6136072609102012,0.22077922077922077,0.15618661257606492,0.9998984526313032,0.0
context_action+all_internal+grounding,78,0.15821501014198783,0.6184183816498505,0.23076923076923078,0.15821501014198783,0.9998976744795288,0.0
context_action+all_internal+grounding,79,0.16024340770791076,0.6227323833543242,0.24050632911392406,0.16024340770791076,0.9998853918286466,0.0
context_action+all_internal+grounding,80,0.16227180527383367,0.6296010394982565,0.2375,0.16227180527383367,0.9998834728773982,0.0
context_action+all_internal+grounding,81,0.1643002028397566,0.6349576474876112,0.24691358024691357,0.1643002028397566,0.999873259673521,0.0
context_action+all_internal+grounding,82,0.1663286004056795,0.6358012832141866,0.24390243902439024,0.1663286004056795,0.9998705059805774,0.0
context_action+all_internal+grounding,83,0.16835699797160245,0.6393429430090737,0.24096385542168675,0.16835699797160245,0.9998644767615033,0.0
context_action+all_internal+grounding,84,0.17038539553752535,0.6478809017317382,0.25,0.17038539553752535,0.9998545195174906,0.0
context_action+all_internal+grounding,85,0.1724137931034483,0.6570348068540485,0.24705882352941178,0.1724137931034483,0.9998453335857695,0.0
context_action+all_internal+grounding,86,0.1744421906693712,0.6694302951210649,0.2558139534883721,0.1744421906693712,0.9998353325346954,0.0
context_action+all_internal+grounding,87,0.17647058823529413,0.6729467154454303,0.25287356321839083,0.17647058823529413,0.9998337297454108,0.0
context_action+all_internal+grounding,88,0.17849898580121704,0.6747916587643319,0.25,0.17849898580121704,0.99982831598729,0.0
context_action+all_internal+grounding,89,0.18052738336713997,0.681817455081731,0.24719101123595505,0.18052738336713997,0.999822995350505,0.0
context_action+all_internal+grounding,90,0.18255578093306288,0.6890964793383237,0.25555555555555554,0.18255578093306288,0.999820864573052,0.0
context_action+all_internal+grounding,91,0.1845841784989858,0.714637904591591,0.25274725274725274,0.1845841784989858,0.9998148404175672,0.0
context_action+all_internal+grounding,92,0.18661257606490872,0.721027622525851,0.2608695652173913,0.18661257606490872,0.9998105968466328,0.0
context_action+all_internal+grounding,93,0.18864097363083165,0.7232364253278148,0.26881720430107525,0.18864097363083165,0.9997934320942928,0.0
context_action+all_internal+grounding,94,0.19066937119675456,0.7290044801567283,0.2765957446808511,0.19066937119675456,0.9997918808545604,0.0
context_action+all_internal+grounding,95,0.1926977687626775,0.740570738097739,0.28421052631578947,0.1926977687626775,0.9997777899523558,0.0
context_action+all_internal+grounding,96,0.1947261663286004,0.7478463864472245,0.2916666666666667,0.1947261663286004,0.9997764796242168,0.0
context_action+all_internal+grounding,97,0.19675456389452334,0.7489745018819594,0.29896907216494845,0.19675456389452334,0.9997736337810424,0.0
context_action+all_internal+grounding,98,0.19878296146044624,0.7505303897277411,0.30612244897959184,0.19878296146044624,0.9997693148048812,0.0
context_action+all_internal+grounding,99,0.20081135902636918,0.7513991796474512,0.31313131313131315,0.20081135902636918,0.9997602578142506,0.0
context_action+all_internal+grounding,100,0.2028397565922921,0.7525447795535731,0.32,0.2028397565922921,0.9997570630802338,0.0
context_action+all_internal+grounding,101,0.20486815415821502,0.7567608469600513,0.32673267326732675,0.20486815415821502,0.9997556388513024,0.0
context_action+all_internal+grounding,102,0.20689655172413793,0.7587804993396615,0.3235294117647059,0.20689655172413793,0.9997543795755104,0.0
context_action+all_internal+grounding,103,0.20892494929006086,0.7633825519842643,0.32038834951456313,0.20892494929006086,0.999753060187922,0.0
context_action+all_internal+grounding,104,0.21095334685598377,0.7671871665074996,0.3269230769230769,0.21095334685598377,0.9997459253190368,0.0
context_action+all_internal+grounding,105,0.2129817444219067,0.7695032526248213,0.3238095238095238,0.2129817444219067,0.9997345982770812,0.0
context_action+all_internal+grounding,106,0.2150101419878296,0.779860165961962,0.330188679245283,0.2150101419878296,0.9997345375897888,0.0
context_action+all_internal+grounding,107,0.21703853955375255,0.7807325349662905,0.3364485981308411,0.21703853955375255,0.999704109094843,0.0
context_action+all_internal+grounding,108,0.21906693711967545,0.7809359397459967,0.3425925925925926,0.21906693711967545,0.9996814854805816,0.0
context_action+all_internal+grounding,109,0.2210953346855984,0.7819255211153567,0.3394495412844037,0.2210953346855984,0.99968028722475,0.0
context_action+all_internal+grounding,110,0.2231237322515213,0.7880731574247029,0.34545454545454546,0.2231237322515213,0.9996753654334326,0.0
context_action+all_internal+grounding,111,0.22515212981744423,0.7884382482157071,0.35135135135135137,0.22515212981744423,0.9996664855884024,0.0
context_action+all_internal+grounding,112,0.22718052738336714,0.7886555349738591,0.35714285714285715,0.22718052738336714,0.9996468627947712,0.0
context_action+all_internal+grounding,113,0.22920892494929007,0.7896211954063018,0.36283185840707965,0.22920892494929007,0.9996373192616173,0.0
context_action+all_internal+grounding,114,0.23123732251521298,0.7904624942935295,0.3684210526315789,0.23123732251521298,0.9996117693351952,0.0
context_action+all_internal+grounding,115,0.2332657200811359,0.8065601306828154,0.3739130434782609,0.2332657200811359,0.9996010728935268,0.0
context_action+all_internal+grounding,116,0.23529411764705882,0.8089793758495937,0.3793103448275862,0.23529411764705882,0.999570179209301,0.0
context_action+all_internal+grounding,117,0.23732251521298176,0.8234255839886915,0.37606837606837606,0.23732251521298176,0.999536654805692,0.0
context_action+all_internal+grounding,118,0.23935091277890466,0.8435057157575953,0.3728813559322034,0.23935091277890466,0.9995274322932464,0.0
context_action+all_internal+grounding,119,0.2413793103448276,0.8454591939137486,0.3697478991596639,0.2413793103448276,0.9995201083859068,0.0
context_action+all_internal+grounding,120,0.2434077079107505,0.8477867674233713,0.36666666666666664,0.2434077079107505,0.9995155779878828,0.0
context_action+all_internal+grounding,121,0.24543610547667344,0.8495487605575018,0.371900826446281,0.24543610547667344,0.9994699930535392,0.0
context_action+all_internal+grounding,122,0.24746450304259635,0.855360384904703,0.3770491803278688,0.24746450304259635,0.9994484802115192,0.0
context_action+all_internal+grounding,123,0.24949290060851928,0.8566833023857914,0.3821138211382114,0.24949290060851928,0.999427662661874,0.0
context_action+all_internal+grounding,124,0.2515212981744422,0.8658693690814767,0.3870967741935484,0.2515212981744422,0.9994203082978352,0.0
context_action+all_internal+grounding,125,0.2535496957403651,0.8658932709662701,0.392,0.2535496957403651,0.9993584331479995,0.0
context_action+all_internal+grounding,126,0.25557809330628806,0.8675655067885545,0.3968253968253968,0.25557809330628806,0.9993531322246406,0.0
context_action+all_internal+grounding,127,0.25760649087221094,0.8768368612418123,0.4015748031496063,0.25760649087221094,0.9993480581125864,0.0
context_action+all_internal+grounding,128,0.25963488843813387,0.8777694974500095,0.40625,0.25963488843813387,0.9993276385582036,0.0
context_action+all_internal+grounding,129,0.2616632860040568,0.878667589541248,0.4108527131782946,0.2616632860040568,0.9993189086163506,0.0
context_action+all_internal+grounding,130,0.26369168356997974,0.8796127955563754,0.4153846153846154,0.26369168356997974,0.9993161228837788,0.0
context_action+all_internal+grounding,131,0.2657200811359026,0.8796128645403376,0.4198473282442748,0.2657200811359026,0.9993013785376484,0.0
context_action+all_internal+grounding,132,0.26774847870182555,0.8836724416867543,0.42424242424242425,0.26774847870182555,0.999299224982573,0.0
context_action+all_internal+grounding,133,0.2697768762677485,0.8847360633805699,0.42857142857142855,0.2697768762677485,0.999281885430165,0.0
context_action+all_internal+grounding,134,0.2718052738336714,0.8930266142649186,0.43283582089552236,0.2718052738336714,0.9992747116594528,0.0
context_action+all_internal+grounding,135,0.2738336713995943,0.9032184755692548,0.43703703703703706,0.2738336713995943,0.9992683082818586,0.0
context_action+all_internal+grounding,136,0.27586206896551724,0.9094007829434516,0.4411764705882353,0.27586206896551724,0.9992091553027797,0.0
context_action+all_internal+grounding,137,0.2778904665314402,0.91194606658998,0.44525547445255476,0.2778904665314402,0.99914542471529,0.0
context_action+all_internal+grounding,138,0.2799188640973631,0.9124680020321624,0.4492753623188406,0.2799188640973631,0.9991113178080976,0.0
context_action+all_internal+grounding,139,0.281947261663286,0.9128281239629682,0.45323741007194246,0.281947261663286,0.999097870737724,0.0
context_action+all_internal+grounding,140,0.2839756592292089,0.9159374029001068,0.45714285714285713,0.2839756592292089,0.9990941738138016,0.0
context_action+all_internal+grounding,141,0.28600405679513186,0.9163986637247368,0.46099290780141844,0.28600405679513186,0.9990557042290776,0.0
context_action+all_internal+grounding,142,0.2880324543610548,0.9167021471733996,0.4647887323943662,0.2880324543610548,0.9990497675030786,0.0
context_action+all_internal+grounding,143,0.29006085192697767,0.917153639005513,0.46853146853146854,0.29006085192697767,0.999037381398998,0.0
context_action+all_internal+grounding,144,0.2920892494929006,0.9178432861153126,0.4722222222222222,0.2920892494929006,0.9990187396410788,0.0
context_action+all_internal+grounding,145,0.29411764705882354,0.917855404526458,0.47586206896551725,0.29411764705882354,0.9989596573561298,0.0
context_action+all_internal+grounding,146,0.2961460446247465,0.9209766305960992,0.4794520547945205,0.2961460446247465,0.9989575777308782,0.0
context_action+all_internal+grounding,147,0.29817444219066935,0.9226947692789468,0.48299319727891155,0.29817444219066935,0.9989145091604412,0.0
context_action+all_internal+grounding,148,0.3002028397565923,0.9229987892330715,0.4864864864864865,0.3002028397565923,0.9989058195439092,0.0
context_action+all_internal+grounding,149,0.3022312373225152,0.9238536640540076,0.4899328859060403,0.3022312373225152,0.9988261883088126,0.0
context_action+all_internal+grounding,150,0.30425963488843816,0.9248688184974704,0.49333333333333335,0.30425963488843816,0.9988075457310164,0.0
context_action+all_internal+grounding,151,0.30628803245436104,0.9257055100902892,0.4966887417218543,0.30628803245436104,0.9988044726120922,0.0
context_action+all_internal+grounding,152,0.30831643002028397,0.9258847490845424,0.5,0.30831643002028397,0.9987765569133036,0.0
context_action+all_internal+grounding,153,0.3103448275862069,0.9265663345390744,0.5032679738562091,0.3103448275862069,0.9987614386204392,0.0
context_action+all_internal+grounding,154,0.31237322515212984,0.9282694204742716,0.5064935064935064,0.31237322515212984,0.998751694415223,0.0
context_action+all_internal+grounding,155,0.3144016227180527,0.932026188423958,0.5096774193548387,0.3144016227180527,0.9987422793548624,0.0
context_action+all_internal+grounding,156,0.31643002028397565,0.9337847215131974,0.5128205128205128,0.31643002028397565,0.9985927156089413,0.0
context_action+all_internal+grounding,157,0.3184584178498986,0.9342076164065124,0.5159235668789809,0.3184584178498986,0.9985918752531624,0.0
context_action+all_internal+grounding,158,0.3204868154158215,0.9342338089653144,0.5189873417721519,0.3204868154158215,0.99857090903924,0.0
context_action+all_internal+grounding,159,0.3225152129817444,0.937165087542975,0.5220125786163522,0.3225152129817444,0.9985706245512852,0.0
context_action+all_internal+grounding,160,0.32454361054766734,0.9382894783212457,0.525,0.32454361054766734,0.9983179177849164,0.0
context_action+all_internal+grounding,161,0.3265720081135903,0.9385884641616224,0.5279503105590062,0.3265720081135903,0.9982247848018942,0.0
context_action+all_internal+grounding,162,0.3286004056795132,0.9394890914875248,0.5308641975308642,0.3286004056795132,0.9982013530181064,0.0
context_action+all_internal+grounding,163,0.3306288032454361,0.939626571604094,0.5337423312883436,0.3306288032454361,0.9981233988094238,0.0
context_action+all_internal+grounding,164,0.332657200811359,0.93991667443835,0.5365853658536586,0.332657200811359,0.998089760499232,0.0
context_action+all_internal+grounding,165,0.33468559837728196,0.9409435276352376,0.5393939393939394,0.33468559837728196,0.9980856799315322,0.0
context_action+all_internal+grounding,166,0.3367139959432049,0.9440082430486676,0.5421686746987951,0.3367139959432049,0.998061049429642,0.0
context_action+all_internal+grounding,167,0.33874239350912777,0.94533470373307,0.5449101796407185,0.33874239350912777,0.998037833855826,0.0
context_action+all_internal+grounding,168,0.3407707910750507,0.9457041926021628,0.5476190476190477,0.3407707910750507,0.99797126914311,0.0
context_action+all_internal+grounding,169,0.34279918864097364,0.9488168091808116,0.5502958579881657,0.34279918864097364,0.997965488927992,0.0
context_action+all_internal+grounding,170,0.3448275862068966,0.950160781094994,0.5529411764705883,0.3448275862068966,0.9979285983752216,0.0
context_action+all_internal+grounding,171,0.34685598377281945,0.9506973170256038,0.5555555555555556,0.34685598377281945,0.9978552345835864,0.0
context_action+all_internal+grounding,172,0.3488843813387424,0.9508601892584628,0.5581395348837209,0.3488843813387424,0.9977721590647642,0.0
context_action+all_internal+grounding,173,0.3509127789046653,0.9526424564061158,0.5606936416184971,0.3509127789046653,0.9976702611646422,0.0
context_action+all_internal+grounding,174,0.35294117647058826,0.9526666466097428,0.5632183908045977,0.35294117647058826,0.9976127904122778,0.0
context_action+all_internal+grounding,175,0.35496957403651114,0.952709725264233,0.5657142857142857,0.35496957403651114,0.9975784251767684,0.0
context_action+all_internal+grounding,176,0.35699797160243407,0.9542502086053568,0.5681818181818182,0.35699797160243407,0.9975648314548043,0.0
context_action+all_internal+grounding,177,0.359026369168357,0.9543884255374052,0.5649717514124294,0.359026369168357,0.9975151367008416,0.0
context_action+all_internal+grounding,178,0.36105476673427994,0.9552920604409048,0.5674157303370787,0.36105476673427994,0.997485547609392,0.0
context_action+all_internal+grounding,179,0.3630831643002028,0.9565780160646852,0.5642458100558659,0.3630831643002028,0.997462556604212,0.0
context_action+all_internal+grounding,180,0.36511156186612576,0.956652201421022,0.5666666666666667,0.36511156186612576,0.9974188561289667,0.0
context_action+all_internal+grounding,181,0.3671399594320487,0.957059794982372,0.56353591160221,0.3671399594320487,0.9974176073406448,0.0
context_action+all_internal+grounding,182,0.3691683569979716,0.9577470592523544,0.5659340659340659,0.3691683569979716,0.9974026675970182,0.0
context_action+all_internal+grounding,183,0.3711967545638945,0.9594400708597708,0.5683060109289617,0.3711967545638945,0.997354796806645,0.0
context_action+all_internal+grounding,184,0.37322515212981744,0.9613786812573762,0.5706521739130435,0.37322515212981744,0.9973150647915356,0.0
context_action+all_internal+grounding,185,0.3752535496957404,0.9622974021710398,0.572972972972973,0.3752535496957404,0.9972725235229358,0.0
context_action+all_internal+grounding,186,0.3772819472616633,0.9633940270798972,0.5752688172043011,0.3772819472616633,0.9972100883565445,0.0
context_action+all_internal+grounding,187,0.3793103448275862,0.963736135081424,0.5775401069518716,0.3793103448275862,0.9971860774444278,0.0
context_action+all_internal+grounding,188,0.3813387423935091,0.964600265553028,0.5797872340425532,0.3813387423935091,0.9971516847894352,0.0
context_action+all_internal+grounding,189,0.38336713995943206,0.9648451013124888,0.582010582010582,0.38336713995943206,0.997136332473058,0.0
context_action+all_internal+grounding,190,0.385395537525355,0.9656776746792068,0.5842105263157895,0.385395537525355,0.9968440421420728,0.0
context_action+all_internal+grounding,191,0.38742393509127787,0.967191506888386,0.581151832460733,0.38742393509127787,0.9967445385019632,0.0
context_action+all_internal+grounding,192,0.3894523326572008,0.9674991711393656,0.5833333333333334,0.3894523326572008,0.9967390903550188,0.0
context_action+all_internal+grounding,193,0.39148073022312374,0.9684911162861748,0.5854922279792746,0.39148073022312374,0.996709599485884,0.0
context_action+all_internal+grounding,194,0.3935091277890467,0.9687961896972636,0.5876288659793815,0.3935091277890467,0.9966426811044432,0.0
context_action+all_internal+grounding,195,0.39553752535496955,0.9689622013035358,0.5897435897435898,0.39553752535496955,0.9965116042244666,0.0
context_action+all_internal+grounding,196,0.3975659229208925,0.9692102051771322,0.5918367346938775,0.3975659229208925,0.9964653660448628,0.0
context_action+all_internal+grounding,197,0.3995943204868154,0.9693185400320836,0.5939086294416244,0.3995943204868154,0.9963839641581116,0.0
context_action+all_internal+grounding,198,0.40162271805273836,0.9696392619237236,0.5959595959595959,0.40162271805273836,0.9961855480078272,0.0
context_action+all_internal+grounding,199,0.40365111561866124,0.9699326844993804,0.5979899497487438,0.40365111561866124,0.9961429553466704,0.0
context_action+all_internal+grounding,200,0.4056795131845842,0.97008677074389,0.6,0.4056795131845842,0.995921769593984,0.0
context_action+all_internal+grounding,201,0.4077079107505071,0.9702817613020556,0.6019900497512438,0.4077079107505071,0.9956357092535474,0.0
context_action+all_internal+grounding,202,0.40973630831643004,0.9707608133598986,0.6039603960396039,0.40973630831643004,0.9954063693864924,0.0
context_action+all_internal+grounding,203,0.4117647058823529,0.9709037615165774,0.6059113300492611,0.4117647058823529,0.9953989387855712,0.0
context_action+all_internal+grounding,204,0.41379310344827586,0.9721912620647044,0.6078431372549019,0.41379310344827586,0.9951554785114322,0.0
context_action+all_internal+grounding,205,0.4158215010141988,0.973012821318754,0.6097560975609756,0.4158215010141988,0.9951351379261856,0.0
context_action+all_internal+grounding,206,0.4178498985801217,0.9732228142532988,0.6116504854368932,0.4178498985801217,0.9950627294123509,0.0
context_action+all_internal+grounding,207,0.4198782961460446,0.9732345984536022,0.6135265700483091,0.4198782961460446,0.9950040066899511,0.0
context_action+all_internal+grounding,208,0.42190669371196754,0.9737484350456986,0.6153846153846154,0.42190669371196754,0.994971125129296,0.0
context_action+all_internal+grounding,209,0.4239350912778905,0.9740380311479354,0.6172248803827751,0.4239350912778905,0.9949431484988948,0.0
context_action+all_internal+grounding,210,0.4259634888438134,0.9745013507947708,0.6190476190476191,0.4259634888438134,0.9949055524936292,0.0
context_action+all_internal+grounding,211,0.4279918864097363,0.9753237292537472,0.6208530805687204,0.4279918864097363,0.9949032692792532,0.0
context_action+all_internal+grounding,212,0.4300202839756592,0.975955574866416,0.6226415094339622,0.4300202839756592,0.994692230555491,0.0
context_action+all_internal+grounding,213,0.43204868154158216,0.9765448777925791,0.6244131455399061,0.43204868154158216,0.9946357632354444,0.0
context_action+all_internal+grounding,214,0.4340770791075051,0.9772409287257048,0.6261682242990654,0.4340770791075051,0.994234806062211,0.0
context_action+all_internal+grounding,215,0.43610547667342797,0.9778871703753022,0.627906976744186,0.43610547667342797,0.9941856606635194,0.0
context_action+all_internal+grounding,216,0.4381338742393509,0.97818453896112,0.6296296296296297,0.4381338742393509,0.9941854752697497,0.0
context_action+all_internal+grounding,217,0.44016227180527384,0.9790639876222352,0.631336405529954,0.44016227180527384,0.9941593190477274,0.0
context_action+all_internal+grounding,218,0.4421906693711968,0.9803895279279696,0.6330275229357798,0.4421906693711968,0.9940672872240054,0.0
context_action+all_internal+grounding,219,0.44421906693711966,0.9809761613790156,0.634703196347032,0.44421906693711966,0.9935306204374392,0.0
context_action+all_internal+grounding,220,0.4462474645030426,0.9813293007303602,0.6363636363636364,0.4462474645030426,0.9935158405510528,0.0
context_action+all_internal+grounding,221,0.4482758620689655,0.9813389513960618,0.6380090497737556,0.4482758620689655,0.993462616611694,0.0
context_action+all_internal+grounding,222,0.45030425963488846,0.9816036797291778,0.6396396396396397,0.45030425963488846,0.9934387884683802,0.0
context_action+all_internal+grounding,223,0.45233265720081134,0.9817750337400482,0.6412556053811659,0.45233265720081134,0.993426617578994,0.0
context_action+all_internal+grounding,224,0.4543610547667343,0.9818456449001728,0.6428571428571429,0.4543610547667343,0.9928515182898544,0.0
context_action+all_internal+grounding,225,0.4563894523326572,0.9819399713822468,0.6444444444444445,0.4563894523326572,0.9928446081059108,0.0
context_action+all_internal+grounding,226,0.45841784989858014,0.9819569911324534,0.6460176991150443,0.45841784989858014,0.9926371187595469,0.0
context_action+all_internal+grounding,227,0.460446247464503,0.9819689632194946,0.6475770925110133,0.460446247464503,0.9925274660361788,0.0
context_action+all_internal+grounding,228,0.46247464503042596,0.9821716109784908,0.6491228070175439,0.46247464503042596,0.9922073685949542,0.0
context_action+all_internal+grounding,229,0.4645030425963489,0.9829371571640808,0.6506550218340611,0.4645030425963489,0.991934563159478,0.0
context_action+all_internal+grounding,230,0.4665314401622718,0.9829440779850523,0.6521739130434783,0.4665314401622718,0.99124916183878,0.0
context_action+all_internal+grounding,231,0.4685598377281947,0.9829527593588884,0.6536796536796536,0.4685598377281947,0.9909858107342264,0.0
context_action+all_internal+grounding,232,0.47058823529411764,0.9830513830863922,0.6551724137931034,0.47058823529411764,0.9901696959988676,0.0
context_action+all_internal+grounding,233,0.4726166328600406,0.9834789910167064,0.6566523605150214,0.4726166328600406,0.9900665365088882,0.0
context_action+all_internal+grounding,234,0.4746450304259635,0.9838686720684184,0.6581196581196581,0.4746450304259635,0.9898695433139498,0.0
context_action+all_internal+grounding,235,0.4766734279918864,0.984167870163353,0.6553191489361702,0.4766734279918864,0.9896679805757276,0.0
context_action+all_internal+grounding,236,0.4787018255578093,0.984231955492302,0.6567796610169492,0.4787018255578093,0.9894319902742692,0.00423728813559322
context_action+all_internal+grounding,237,0.48073022312373226,0.9844870417583134,0.6582278481012658,0.48073022312373226,0.9893534219702642,0.004219409282700422
context_action+all_internal+grounding,238,0.4827586206896552,0.9853346398039908,0.6596638655462185,0.4827586206896552,0.989170373490526,0.004201680672268907
context_action+all_internal+grounding,239,0.4847870182555781,0.9856625915535566,0.6610878661087866,0.4847870182555781,0.9883541644328022,0.0041841004184100415
context_action+all_internal+grounding,240,0.486815415821501,0.9856692345829736,0.6625,0.486815415821501,0.9883494158962856,0.004166666666666667
context_action+all_internal+grounding,241,0.48884381338742394,0.9858773698153934,0.6639004149377593,0.48884381338742394,0.9880258532278632,0.004149377593360996
context_action+all_internal+grounding,242,0.4908722109533469,0.9859331089281794,0.6652892561983471,0.4908722109533469,0.9878040601274066,0.004132231404958678
context_action+all_internal+grounding,243,0.49290060851926976,0.9861275867214484,0.6666666666666666,0.49290060851926976,0.9877664531006588,0.00411522633744856
context_action+all_internal+grounding,244,0.4949290060851927,0.9865980282760798,0.6680327868852459,0.4949290060851927,0.987588576824044,0.004098360655737705
context_action+all_internal+grounding,245,0.4969574036511156,0.9866615610880805,0.6693877551020408,0.4969574036511156,0.9869221237883898,0.004081632653061225
context_action+all_internal+grounding,246,0.49898580121703856,0.986685011131469,0.6707317073170732,0.49898580121703856,0.9867990990527592,0.0040650406504065045
context_action+all_internal+grounding,247,0.5010141987829615,0.9867770073358072,0.6720647773279352,0.5010141987829615,0.9867770073358072,0.004048582995951417
context_action+all_internal+grounding,248,0.5030425963488844,0.9867990990527592,0.6733870967741935,0.5030425963488844,0.986685011131469,0.004032258064516129
context_action+all_internal+grounding,249,0.5050709939148073,0.9869221237883898,0.6746987951807228,0.5050709939148073,0.9866615610880805,0.004016064257028112
context_action+all_internal+grounding,250,0.5070993914807302,0.987588576824044,0.676,0.5070993914807302,0.9865980282760798,0.004
context_action+all_internal+grounding,251,0.5091277890466531,0.9877664531006588,0.6772908366533864,0.5091277890466531,0.9861275867214484,0.00398406374501992
context_action+all_internal+grounding,252,0.5111561866125761,0.9878040601274066,0.6785714285714286,0.5111561866125761,0.9859331089281794,0.003968253968253968
context_action+all_internal+grounding,253,0.513184584178499,0.9880258532278632,0.6798418972332015,0.513184584178499,0.9858773698153934,0.003952569169960474
context_action+all_internal+grounding,254,0.5152129817444219,0.9883494158962856,0.6811023622047244,0.5152129817444219,0.9856692345829736,0.003937007874015748
context_action+all_internal+grounding,255,0.5172413793103449,0.9883541644328022,0.6823529411764706,0.5172413793103449,0.9856625915535566,0.00392156862745098
context_action+all_internal+grounding,256,0.5192697768762677,0.989170373490526,0.68359375,0.5192697768762677,0.9853346398039908,0.00390625
context_action+all_internal+grounding,257,0.5212981744421906,0.9893534219702642,0.6848249027237354,0.5212981744421906,0.9844870417583134,0.0038910505836575876
context_action+all_internal+grounding,258,0.5233265720081136,0.9894319902742692,0.6821705426356589,0.5233265720081136,0.984231955492302,0.003875968992248062
context_action+all_internal+grounding,259,0.5253549695740365,0.9896679805757276,0.6833976833976834,0.5253549695740365,0.984167870163353,0.007722007722007722
context_action+all_internal+grounding,260,0.5273833671399595,0.9898695433139498,0.6846153846153846,0.5273833671399595,0.9838686720684184,0.007692307692307693
context_action+all_internal+grounding,261,0.5294117647058824,0.9900665365088882,0.685823754789272,0.5294117647058824,0.9834789910167064,0.007662835249042145
context_action+all_internal+grounding,262,0.5314401622718052,0.9901696959988676,0.6870229007633588,0.5314401622718052,0.9830513830863922,0.007633587786259542
context_action+all_internal+grounding,263,0.5334685598377282,0.9909858107342264,0.688212927756654,0.5334685598377282,0.9829527593588884,0.0076045627376425855
context_action+all_internal+grounding,264,0.5354969574036511,0.99124916183878,0.6893939393939394,0.5354969574036511,0.9829440779850523,0.007575757575757576
context_action+all_internal+grounding,265,0.537525354969574,0.991934563159478,0.690566037735849,0.537525354969574,0.9829371571640808,0.007547169811320755
context_action+all_internal+grounding,266,0.539553752535497,0.9922073685949542,0.6917293233082706,0.539553752535497,0.9821716109784908,0.007518796992481203
context_action+all_internal+grounding,267,0.5415821501014199,0.9925274660361788,0.6928838951310862,0.5415821501014199,0.9819689632194946,0.00749063670411985
context_action+all_internal+grounding,268,0.5436105476673428,0.9926371187595469,0.6940298507462687,0.5436105476673428,0.9819569911324534,0.007462686567164179
context_action+all_internal+grounding,269,0.5456389452332657,0.9928446081059108,0.6951672862453532,0.5456389452332657,0.9819399713822468,0.007434944237918215
context_action+all_internal+grounding,270,0.5476673427991886,0.9928515182898544,0.6962962962962963,0.5476673427991886,0.9818456449001728,0.007407407407407408
context_action+all_internal+grounding,271,0.5496957403651116,0.993426617578994,0.6974169741697417,0.5496957403651116,0.9817750337400482,0.007380073800738007
context_action+all_internal+grounding,272,0.5517241379310345,0.9934387884683802,0.6985294117647058,0.5517241379310345,0.9816036797291778,0.007352941176470588
context_action+all_internal+grounding,273,0.5537525354969574,0.993462616611694,0.6996336996336996,0.5537525354969574,0.9813389513960618,0.007326007326007326
context_action+all_internal+grounding,274,0.5557809330628803,0.9935158405510528,0.7007299270072993,0.5557809330628803,0.9813293007303602,0.0072992700729927005
context_action+all_internal+grounding,275,0.5578093306288032,0.9935306204374392,0.7018181818181818,0.5578093306288032,0.9809761613790156,0.007272727272727273
context_action+all_internal+grounding,276,0.5598377281947262,0.9940672872240054,0.7028985507246377,0.5598377281947262,0.9803895279279696,0.007246376811594203
context_action+all_internal+grounding,277,0.5618661257606491,0.9941593190477274,0.703971119133574,0.5618661257606491,0.9790639876222352,0.007220216606498195
context_action+all_internal+grounding,278,0.563894523326572,0.9941854752697497,0.7050359712230215,0.563894523326572,0.97818453896112,0.007194244604316547
context_action+all_internal+grounding,279,0.565922920892495,0.9941856606635194,0.7060931899641577,0.565922920892495,0.9778871703753022,0.007168458781362007
context_action+all_internal+grounding,280,0.5679513184584178,0.994234806062211,0.7071428571428572,0.5679513184584178,0.9772409287257048,0.007142857142857143
context_action+all_internal+grounding,281,0.5699797160243407,0.9946357632354444,0.708185053380783,0.5699797160243407,0.9765448777925791,0.0071174377224199285
context_action+all_internal+grounding,282,0.5720081135902637,0.994692230555491,0.7092198581560284,0.5720081135902637,0.975955574866416,0.0070921985815602835
context_action+all_internal+grounding,283,0.5740365111561866,0.9949032692792532,0.7102473498233216,0.5740365111561866,0.9753237292537472,0.007067137809187279
context_action+all_internal+grounding,284,0.5760649087221096,0.9949055524936292,0.7112676056338029,0.5760649087221096,0.9745013507947708,0.007042253521126761
context_action+all_internal+grounding,285,0.5780933062880325,0.9949431484988948,0.712280701754386,0.5780933062880325,0.9740380311479354,0.007017543859649123
context_action+all_internal+grounding,286,0.5801217038539553,0.994971125129296,0.7132867132867133,0.5801217038539553,0.9737484350456986,0.006993006993006993
context_action+all_internal+grounding,287,0.5821501014198783,0.9950040066899511,0.7142857142857143,0.5821501014198783,0.9732345984536022,0.006968641114982578
context_action+all_internal+grounding,288,0.5841784989858012,0.9950627294123509,0.7152777777777778,0.5841784989858012,0.9732228142532988,0.006944444444444444
context_action+all_internal+grounding,289,0.5862068965517241,0.9951351379261856,0.7162629757785467,0.5862068965517241,0.973012821318754,0.006920415224913495
context_action+all_internal+grounding,290,0.5882352941176471,0.9951554785114322,0.7172413793103448,0.5882352941176471,0.9721912620647044,0.006896551724137931
context_action+all_internal+grounding,291,0.59026369168357,0.9953989387855712,0.718213058419244,0.59026369168357,0.9709037615165774,0.006872852233676976
context_action+all_internal+grounding,292,0.592292089249493,0.9954063693864924,0.7191780821917808,0.592292089249493,0.9707608133598986,0.00684931506849315
context_action+all_internal+grounding,293,0.5943204868154158,0.9956357092535474,0.7201365187713311,0.5943204868154158,0.9702817613020556,0.006825938566552901
context_action+all_internal+grounding,294,0.5963488843813387,0.995921769593984,0.7210884353741497,0.5963488843813387,0.97008677074389,0.006802721088435374
context_action+all_internal+grounding,295,0.5983772819472617,0.9961429553466704,0.7220338983050848,0.5983772819472617,0.9699326844993804,0.006779661016949152
context_action+all_internal+grounding,296,0.6004056795131846,0.9961855480078272,0.722972972972973,0.6004056795131846,0.9696392619237236,0.006756756756756757
context_action+all_internal+grounding,297,0.6024340770791075,0.9963839641581116,0.7239057239057239,0.6024340770791075,0.9693185400320836,0.006734006734006734
context_action+all_internal+grounding,298,0.6044624746450304,0.9964653660448628,0.7248322147651006,0.6044624746450304,0.9692102051771322,0.006711409395973154
context_action+all_internal+grounding,299,0.6064908722109533,0.9965116042244666,0.725752508361204,0.6064908722109533,0.9689622013035358,0.006688963210702341
context_action+all_internal+grounding,300,0.6085192697768763,0.9966426811044432,0.7266666666666667,0.6085192697768763,0.9687961896972636,0.006666666666666667
context_action+all_internal+grounding,301,0.6105476673427992,0.996709599485884,0.7275747508305648,0.6105476673427992,0.9684911162861748,0.006644518272425249
context_action+all_internal+grounding,302,0.6125760649087221,0.9967390903550188,0.7284768211920529,0.6125760649087221,0.9674991711393656,0.006622516556291391
context_action+all_internal+grounding,303,0.6146044624746451,0.9967445385019632,0.7293729372937293,0.6146044624746451,0.967191506888386,0.009900990099009901
context_action+all_internal+grounding,304,0.6166328600405679,0.9968440421420728,0.7302631578947368,0.6166328600405679,0.9656776746792068,0.009868421052631578
context_action+all_internal+grounding,305,0.6186612576064908,0.997136332473058,0.7311475409836066,0.6186612576064908,0.9648451013124888,0.009836065573770493
context_action+all_internal+grounding,306,0.6206896551724138,0.9971516847894352,0.7320261437908496,0.6206896551724138,0.964600265553028,0.00980392156862745
context_action+all_internal+grounding,307,0.6227180527383367,0.9971860774444278,0.7328990228013029,0.6227180527383367,0.963736135081424,0.009771986970684038
context_action+all_internal+grounding,308,0.6247464503042597,0.9972100883565445,0.7337662337662337,0.6247464503042597,0.9633940270798972,0.00974025974025974
context_action+all_internal+grounding,309,0.6267748478701826,0.9972725235229358,0.7346278317152104,0.6267748478701826,0.9622974021710398,0.009708737864077669
context_action+all_internal+grounding,310,0.6288032454361054,0.9973150647915356,0.7354838709677419,0.6288032454361054,0.9613786812573762,0.00967741935483871
context_action+all_internal+grounding,311,0.6308316430020284,0.997354796806645,0.7363344051446945,0.6308316430020284,0.9594400708597708,0.00964630225080386
context_action+all_internal+grounding,312,0.6328600405679513,0.9974026675970182,0.7371794871794872,0.6328600405679513,0.9577470592523544,0.009615384615384616
context_action+all_internal+grounding,313,0.6348884381338742,0.9974176073406448,0.7380191693290735,0.6348884381338742,0.957059794982372,0.012779552715654952
context_action+all_internal+grounding,314,0.6369168356997972,0.9974188561289667,0.7388535031847133,0.6369168356997972,0.956652201421022,0.012738853503184714
context_action+all_internal+grounding,315,0.6389452332657201,0.997462556604212,0.7396825396825397,0.6389452332657201,0.9565780160646852,0.015873015873015872
context_action+all_internal+grounding,316,0.640973630831643,0.997485547609392,0.740506329113924,0.640973630831643,0.9552920604409048,0.015822784810126583
context_action+all_internal+grounding,317,0.6430020283975659,0.9975151367008416,0.7413249211356467,0.6430020283975659,0.9543884255374052,0.01892744479495268
context_action+all_internal+grounding,318,0.6450304259634888,0.9975648314548043,0.7421383647798742,0.6450304259634888,0.9542502086053568,0.018867924528301886
context_action+all_internal+grounding,319,0.6470588235294118,0.9975784251767684,0.7429467084639498,0.6470588235294118,0.952709725264233,0.018808777429467086
context_action+all_internal+grounding,320,0.6490872210953347,0.9976127904122778,0.74375,0.6490872210953347,0.9526666466097428,0.01875
context_action+all_internal+grounding,321,0.6511156186612576,0.9976702611646422,0.7445482866043613,0.6511156186612576,0.9526424564061158,0.018691588785046728
context_action+all_internal+grounding,322,0.6531440162271805,0.9977721590647642,0.7453416149068323,0.6531440162271805,0.9508601892584628,0.018633540372670808
context_action+all_internal+grounding,323,0.6551724137931034,0.9978552345835864,0.7461300309597523,0.6551724137931034,0.9506973170256038,0.018575851393188854
context_action+all_internal+grounding,324,0.6572008113590264,0.9979285983752216,0.7469135802469136,0.6572008113590264,0.950160781094994,0.018518518518518517
context_action+all_internal+grounding,325,0.6592292089249493,0.997965488927992,0.7476923076923077,0.6592292089249493,0.9488168091808116,0.018461538461538463
context_action+all_internal+grounding,326,0.6612576064908722,0.99797126914311,0.7484662576687117,0.6612576064908722,0.9457041926021628,0.018404907975460124
context_action+all_internal+grounding,327,0.6632860040567952,0.998037833855826,0.7492354740061162,0.6632860040567952,0.94533470373307,0.01834862385321101
context_action+all_internal+grounding,328,0.665314401622718,0.998061049429642,0.75,0.665314401622718,0.9440082430486676,0.018292682926829267
context_action+all_internal+grounding,329,0.6673427991886409,0.9980856799315322,0.7507598784194529,0.6673427991886409,0.9409435276352376,0.0182370820668693
context_action+all_internal+grounding,330,0.6693711967545639,0.998089760499232,0.7515151515151515,0.6693711967545639,0.93991667443835,0.01818181818181818
context_action+all_internal+grounding,331,0.6713995943204868,0.9981233988094238,0.7522658610271903,0.6713995943204868,0.939626571604094,0.01812688821752266
context_action+all_internal+grounding,332,0.6734279918864098,0.9982013530181064,0.7530120481927711,0.6734279918864098,0.9394890914875248,0.018072289156626505
context_action+all_internal+grounding,333,0.6754563894523327,0.9982247848018942,0.7537537537537538,0.6754563894523327,0.9385884641616224,0.018018018018018018
context_action+all_internal+grounding,334,0.6774847870182555,0.9983179177849164,0.7544910179640718,0.6774847870182555,0.9382894783212457,0.017964071856287425
context_action+all_internal+grounding,335,0.6795131845841785,0.9985706245512852,0.755223880597015,0.6795131845841785,0.937165087542975,0.01791044776119403
context_action+all_internal+grounding,336,0.6815415821501014,0.99857090903924,0.7559523809523809,0.6815415821501014,0.9342338089653144,0.017857142857142856
context_action+all_internal+grounding,337,0.6835699797160243,0.9985918752531624,0.7566765578635015,0.6835699797160243,0.9342076164065124,0.017804154302670624
context_action+all_internal+grounding,338,0.6855983772819473,0.9985927156089413,0.757396449704142,0.6855983772819473,0.9337847215131974,0.01775147928994083
context_action+all_internal+grounding,339,0.6876267748478702,0.9987422793548624,0.7581120943952803,0.6876267748478702,0.932026188423958,0.017699115044247787
context_action+all_internal+grounding,340,0.6896551724137931,0.998751694415223,0.7588235294117647,0.6896551724137931,0.9282694204742716,0.01764705882352941
context_action+all_internal+grounding,341,0.691683569979716,0.9987614386204392,0.7595307917888563,0.691683569979716,0.9265663345390744,0.017595307917888565
context_action+all_internal+grounding,342,0.6937119675456389,0.9987765569133036,0.7602339181286549,0.6937119675456389,0.9258847490845424,0.017543859649122806
context_action+all_internal+grounding,343,0.6957403651115619,0.9988044726120922,0.760932944606414,0.6957403651115619,0.9257055100902892,0.01749271137026239
context_action+all_internal+grounding,344,0.6977687626774848,0.9988075457310164,0.7616279069767442,0.6977687626774848,0.9248688184974704,0.01744186046511628
context_action+all_internal+grounding,345,0.6997971602434077,0.9988261883088126,0.7623188405797101,0.6997971602434077,0.9238536640540076,0.017391304347826087
context_action+all_internal+grounding,346,0.7018255578093306,0.9989058195439092,0.7630057803468208,0.7018255578093306,0.9229987892330715,0.017341040462427744
context_action+all_internal+grounding,347,0.7038539553752535,0.9989145091604412,0.7636887608069164,0.7038539553752535,0.9226947692789468,0.01729106628242075
context_action+all_internal+grounding,348,0.7058823529411765,0.9989575777308782,0.764367816091954,0.7058823529411765,0.9209766305960992,0.017241379310344827
context_action+all_internal+grounding,349,0.7079107505070994,0.9989596573561298,0.7650429799426934,0.7079107505070994,0.917855404526458,0.017191977077363897
context_action+all_internal+grounding,350,0.7099391480730223,0.9990187396410788,0.7657142857142857,0.7099391480730223,0.9178432861153126,0.017142857142857144
context_action+all_internal+grounding,351,0.7119675456389453,0.999037381398998,0.7663817663817664,0.7119675456389453,0.917153639005513,0.017094017094017096
context_action+all_internal+grounding,352,0.7139959432048681,0.9990497675030786,0.7670454545454546,0.7139959432048681,0.9167021471733996,0.017045454545454544
context_action+all_internal+grounding,353,0.716024340770791,0.9990557042290776,0.7677053824362606,0.716024340770791,0.9163986637247368,0.0169971671388102
context_action+all_internal+grounding,354,0.718052738336714,0.9990941738138016,0.768361581920904,0.718052738336714,0.9159374029001068,0.01694915254237288
context_action+all_internal+grounding,355,0.7200811359026369,0.999097870737724,0.7690140845070422,0.7200811359026369,0.9128281239629682,0.016901408450704224
context_action+all_internal+grounding,356,0.7221095334685599,0.9991113178080976,0.7696629213483146,0.7221095334685599,0.9124680020321624,0.016853932584269662
context_action+all_internal+grounding,357,0.7241379310344828,0.99914542471529,0.7703081232492998,0.7241379310344828,0.91194606658998,0.01680672268907563
context_action+all_internal+grounding,358,0.7261663286004056,0.9992091553027797,0.770949720670391,0.7261663286004056,0.9094007829434516,0.01675977653631285
context_action+all_internal+grounding,359,0.7281947261663286,0.9992683082818586,0.7715877437325905,0.7281947261663286,0.9032184755692548,0.016713091922005572
context_action+all_internal+grounding,360,0.7302231237322515,0.9992747116594528,0.7722222222222223,0.7302231237322515,0.8930266142649186,0.016666666666666666
context_action+all_internal+grounding,361,0.7322515212981744,0.999281885430165,0.7728531855955678,0.7322515212981744,0.8847360633805699,0.01662049861495845
context_action+all_internal+grounding,362,0.7342799188640974,0.999299224982573,0.7734806629834254,0.7342799188640974,0.8836724416867543,0.016574585635359115
context_action+all_internal+grounding,363,0.7363083164300203,0.9993013785376484,0.7741046831955923,0.7363083164300203,0.8796128645403376,0.01652892561983471
context_action+all_internal+grounding,364,0.7383367139959433,0.9993161228837788,0.7747252747252747,0.7383367139959433,0.8796127955563754,0.016483516483516484
context_action+all_internal+grounding,365,0.7403651115618661,0.9993189086163506,0.7753424657534247,0.7403651115618661,0.878667589541248,0.01643835616438356
context_action+all_internal+grounding,366,0.742393509127789,0.9993276385582036,0.7759562841530054,0.742393509127789,0.8777694974500095,0.01639344262295082
context_action+all_internal+grounding,367,0.744421906693712,0.9993480581125864,0.776566757493188,0.744421906693712,0.8768368612418123,0.01634877384196185
context_action+all_internal+grounding,368,0.7464503042596349,0.9993531322246406,0.7771739130434783,0.7464503042596349,0.8675655067885545,0.016304347826086956
context_action+all_internal+grounding,369,0.7484787018255578,0.9993584331479995,0.7777777777777778,0.7484787018255578,0.8658932709662701,0.016260162601626018
context_action+all_internal+grounding,370,0.7505070993914807,0.9994203082978352,0.7783783783783784,0.7505070993914807,0.8658693690814767,0.016216216216216217
context_action+all_internal+grounding,371,0.7525354969574036,0.999427662661874,0.7789757412398922,0.7525354969574036,0.8566833023857914,0.016172506738544475
context_action+all_internal+grounding,372,0.7545638945233266,0.9994484802115192,0.7795698924731183,0.7545638945233266,0.855360384904703,0.016129032258064516
context_action+all_internal+grounding,373,0.7565922920892495,0.9994699930535392,0.7801608579088471,0.7565922920892495,0.8495487605575018,0.0160857908847185
context_action+all_internal+grounding,374,0.7586206896551724,0.9995155779878828,0.7807486631016043,0.7586206896551724,0.8477867674233713,0.01871657754010695
context_action+all_internal+grounding,375,0.7606490872210954,0.9995201083859068,0.7813333333333333,0.7606490872210954,0.8454591939137486,0.021333333333333333
context_action+all_internal+grounding,376,0.7626774847870182,0.9995274322932464,0.7819148936170213,0.7626774847870182,0.8435057157575953,0.023936170212765957
context_action+all_internal+grounding,377,0.7647058823529411,0.999536654805692,0.7824933687002652,0.7647058823529411,0.8234255839886915,0.026525198938992044
context_action+all_internal+grounding,378,0.7667342799188641,0.999570179209301,0.783068783068783,0.7667342799188641,0.8089793758495937,0.026455026455026454
context_action+all_internal+grounding,379,0.768762677484787,0.9996010728935268,0.783641160949868,0.768762677484787,0.8065601306828154,0.026385224274406333
context_action+all_internal+grounding,380,0.77079107505071,0.9996117693351952,0.7842105263157895,0.77079107505071,0.7904624942935295,0.02631578947368421
context_action+all_internal+grounding,381,0.7728194726166329,0.9996373192616173,0.7847769028871391,0.7728194726166329,0.7896211954063018,0.026246719160104987
context_action+all_internal+grounding,382,0.7748478701825557,0.9996468627947712,0.7853403141361257,0.7748478701825557,0.7886555349738591,0.02617801047120419
context_action+all_internal+grounding,383,0.7768762677484787,0.9996664855884024,0.7859007832898173,0.7768762677484787,0.7884382482157071,0.02610966057441253
context_action+all_internal+grounding,384,0.7789046653144016,0.9996753654334326,0.7864583333333334,0.7789046653144016,0.7880731574247029,0.026041666666666668
context_action+all_internal+grounding,385,0.7809330628803245,0.99968028722475,0.787012987012987,0.7809330628803245,0.7819255211153567,0.02857142857142857
context_action+all_internal+grounding,386,0.7829614604462475,0.9996814854805816,0.7875647668393783,0.7829614604462475,0.7809359397459967,0.02849740932642487
context_action+all_internal+grounding,387,0.7849898580121704,0.999704109094843,0.7881136950904393,0.7849898580121704,0.7807325349662905,0.028423772609819122
context_action+all_internal+grounding,388,0.7870182555780934,0.9997345375897888,0.788659793814433,0.7870182555780934,0.779860165961962,0.028350515463917526
context_action+all_internal+grounding,389,0.7890466531440162,0.9997345982770812,0.7892030848329049,0.7890466531440162,0.7695032526248213,0.030848329048843187
context_action+all_internal+grounding,390,0.7910750507099391,0.9997459253190368,0.7897435897435897,0.7910750507099391,0.7671871665074996,0.03076923076923077
context_action+all_internal+grounding,391,0.7931034482758621,0.999753060187922,0.7902813299232737,0.7931034482758621,0.7633825519842643,0.03324808184143223
context_action+all_internal+grounding,392,0.795131845841785,0.9997543795755104,0.7908163265306123,0.795131845841785,0.7587804993396615,0.03571428571428571
context_action+all_internal+grounding,393,0.7971602434077079,0.9997556388513024,0.7913486005089059,0.7971602434077079,0.7567608469600513,0.035623409669211195
context_action+all_internal+grounding,394,0.7991886409736308,0.9997570630802338,0.7918781725888325,0.7991886409736308,0.7525447795535731,0.03553299492385787
context_action+all_internal+grounding,395,0.8012170385395537,0.9997602578142506,0.7924050632911392,0.8012170385395537,0.7513991796474512,0.035443037974683546
context_action+all_internal+grounding,396,0.8032454361054767,0.9997693148048812,0.7929292929292929,0.8032454361054767,0.7505303897277411,0.03535353535353535
context_action+all_internal+grounding,397,0.8052738336713996,0.9997736337810424,0.7934508816120907,0.8052738336713996,0.7489745018819594,0.03526448362720403
context_action+all_internal+grounding,398,0.8073022312373225,0.9997764796242168,0.7939698492462312,0.8073022312373225,0.7478463864472245,0.035175879396984924
context_action+all_internal+grounding,399,0.8093306288032455,0.9997777899523558,0.7944862155388471,0.8093306288032455,0.740570738097739,0.03508771929824561
context_action+all_internal+grounding,400,0.8113590263691683,0.9997918808545604,0.795,0.8113590263691683,0.7290044801567283,0.035
context_action+all_internal+grounding,401,0.8133874239350912,0.9997934320942928,0.7955112219451371,0.8133874239350912,0.7232364253278148,0.034912718204488775
context_action+all_internal+grounding,402,0.8154158215010142,0.9998105968466328,0.7960199004975125,0.8154158215010142,0.721027622525851,0.03482587064676617
context_action+all_internal+grounding,403,0.8174442190669371,0.9998148404175672,0.7965260545905707,0.8174442190669371,0.714637904591591,0.03722084367245657
context_action+all_internal+grounding,404,0.8194726166328601,0.999820864573052,0.7970297029702971,0.8194726166328601,0.6890964793383237,0.03712871287128713
context_action+all_internal+grounding,405,0.821501014198783,0.999822995350505,0.7975308641975308,0.821501014198783,0.681817455081731,0.03950617283950617
context_action+all_internal+grounding,406,0.8235294117647058,0.99982831598729,0.7980295566502463,0.8235294117647058,0.6747916587643319,0.04187192118226601
context_action+all_internal+grounding,407,0.8255578093306288,0.9998337297454108,0.7985257985257985,0.8255578093306288,0.6729467154454303,0.044226044226044224
context_action+all_internal+grounding,408,0.8275862068965517,0.9998353325346954,0.7990196078431373,0.8275862068965517,0.6694302951210649,0.04411764705882353
context_action+all_internal+grounding,409,0.8296146044624746,0.9998453335857695,0.7995110024449877,0.8296146044624746,0.6570348068540485,0.04645476772616137
context_action+all_internal+grounding,410,0.8316430020283976,0.9998545195174906,0.8,0.8316430020283976,0.6478809017317382,0.046341463414634146
context_action+all_internal+grounding,411,0.8336713995943205,0.9998644767615033,0.8004866180048662,0.8336713995943205,0.6393429430090737,0.04866180048661801
context_action+all_internal+grounding,412,0.8356997971602435,0.9998705059805774,0.8009708737864077,0.8356997971602435,0.6358012832141866,0.050970873786407765
context_action+all_internal+grounding,413,0.8377281947261663,0.999873259673521,0.801452784503632,0.8377281947261663,0.6349576474876112,0.05084745762711865
context_action+all_internal+grounding,414,0.8397565922920892,0.9998834728773982,0.8019323671497585,0.8397565922920892,0.6296010394982565,0.05314009661835749
context_action+all_internal+grounding,415,0.8417849898580122,0.9998853918286466,0.8024096385542169,0.8417849898580122,0.6227323833543242,0.05301204819277108
context_action+all_internal+grounding,416,0.8438133874239351,0.9998976744795288,0.8028846153846154,0.8438133874239351,0.6184183816498505,0.052884615384615384
context_action+all_internal+grounding,417,0.845841784989858,0.9998984526313032,0.8033573141486811,0.845841784989858,0.6136072609102012,0.05515587529976019
context_action+all_internal+grounding,418,0.847870182555781,0.9999025956164777,0.8038277511961722,0.847870182555781,0.5871785524671806,0.05502392344497608
context_action+all_internal+grounding,419,0.8498985801217038,0.9999031911289706,0.8042959427207638,0.8498985801217038,0.5856827909785707,0.05489260143198091
context_action+all_internal+grounding,420,0.8519269776876268,0.9999101227754156,0.8047619047619048,0.8519269776876268,0.5822234557162244,0.05476190476190476
context_action+all_internal+grounding,421,0.8539553752535497,0.9999111095997268,0.8052256532066508,0.8539553752535497,0.5709008362842966,0.05463182897862233
context_action+all_internal+grounding,422,0.8559837728194726,0.9999125101472416,0.8056872037914692,0.8559837728194726,0.5705888745428835,0.054502369668246446
context_action+all_internal+grounding,423,0.8580121703853956,0.9999126396583112,0.806146572104019,0.8580121703853956,0.5578413880796991,0.05673758865248227
context_action+all_internal+grounding,424,0.8600405679513184,0.9999137871130676,0.8066037735849056,0.8600405679513184,0.55042059774939,0.0589622641509434
context_action+all_internal+grounding,425,0.8620689655172413,0.9999241723940746,0.8070588235294117,0.8620689655172413,0.5440069726831166,0.058823529411764705
context_action+all_internal+grounding,426,0.8640973630831643,0.9999246906272048,0.8075117370892019,0.8640973630831643,0.5416817088764123,0.06103286384976526
context_action+all_internal+grounding,427,0.8661257606490872,0.9999286063570832,0.8079625292740047,0.8661257606490872,0.5350926844116694,0.06088992974238876
context_action+all_internal+grounding,428,0.8681541582150102,0.999931324232164,0.8084112149532711,0.8681541582150102,0.5342052644701166,0.0630841121495327
context_action+all_internal+grounding,429,0.8701825557809331,0.9999315017937892,0.8088578088578089,0.8701825557809331,0.5304642675278577,0.06526806526806526
context_action+all_internal+grounding,430,0.8722109533468559,0.9999322900162398,0.8093023255813954,0.8722109533468559,0.4881870961011845,0.06744186046511629
context_action+all_internal+grounding,431,0.8742393509127789,0.9999362470670082,0.8097447795823666,0.8742393509127789,0.4506923891963865,0.06728538283062645
context_action+all_internal+grounding,432,0.8762677484787018,0.9999373505955116,0.8101851851851852,0.8762677484787018,0.4137828067979797,0.06944444444444445
context_action+all_internal+grounding,433,0.8782961460446247,0.999938232295242,0.8106235565819861,0.8782961460446247,0.4002256718919297,0.07159353348729793
context_action+all_internal+grounding,434,0.8803245436105477,0.9999408409066995,0.8110599078341014,0.8803245436105477,0.3844833066095685,0.07373271889400922
context_action+all_internal+grounding,435,0.8823529411764706,0.9999418922899898,0.8114942528735632,0.8823529411764706,0.3724720753768982,0.07586206896551724
context_action+all_internal+grounding,436,0.8843813387423936,0.9999491718408218,0.8119266055045872,0.8843813387423936,0.3649634732604527,0.0779816513761468
context_action+all_internal+grounding,437,0.8864097363083164,0.9999502056792168,0.8123569794050344,0.8864097363083164,0.3547890737770017,0.07780320366132723
context_action+all_internal+grounding,438,0.8884381338742393,0.9999521094471432,0.8127853881278538,0.8884381338742393,0.3487510376513973,0.07990867579908675
context_action+all_internal+grounding,439,0.8904665314401623,0.9999526974880748,0.8132118451025057,0.8904665314401623,0.3465342812717801,0.08200455580865604
context_action+all_internal+grounding,440,0.8924949290060852,0.999952904340052,0.8136363636363636,0.8924949290060852,0.3454845718576797,0.08409090909090909
context_action+all_internal+grounding,441,0.8945233265720081,0.9999550477683428,0.8140589569160998,0.8945233265720081,0.3431940816043575,0.08390022675736962
context_action+all_internal+grounding,442,0.896551724137931,0.9999551939586112,0.8144796380090498,0.896551724137931,0.333639244032694,0.083710407239819
context_action+all_internal+grounding,443,0.8985801217038539,0.9999559164442744,0.8148984198645598,0.8985801217038539,0.3298477846212412,0.08577878103837472
context_action+all_internal+grounding,444,0.9006085192697769,0.9999580882485566,0.8153153153153153,0.9006085192697769,0.313739353028781,0.08558558558558559
context_action+all_internal+grounding,445,0.9026369168356998,0.9999602096397496,0.8157303370786517,0.9026369168356998,0.3107853878994156,0.08764044943820225
context_action+all_internal+grounding,446,0.9046653144016227,0.9999621598295392,0.8161434977578476,0.9046653144016227,0.3103755840342426,0.08744394618834081
context_action+all_internal+grounding,447,0.9066937119675457,0.9999646629786804,0.8165548098434005,0.9066937119675457,0.3033882236810658,0.0894854586129754
context_action+all_internal+grounding,448,0.9087221095334685,0.9999655249132248,0.8169642857142857,0.9087221095334685,0.3007886845873981,0.09151785714285714
context_action+all_internal+grounding,449,0.9107505070993914,0.999965770405386,0.8173719376391982,0.9107505070993914,0.2977256282460299,0.0935412026726058
context_action+all_internal+grounding,450,0.9127789046653144,0.999965770405386,0.8177777777777778,0.9127789046653144,0.2651012428345433,0.09333333333333334
context_action+all_internal+grounding,451,0.9148073022312373,0.999965770405386,0.8181818181818182,0.9148073022312373,0.2636550317166534,0.09534368070953436
context_action+all_internal+grounding,452,0.9168356997971603,0.999965770405386,0.8185840707964602,0.9168356997971603,0.2568705349056012,0.09734513274336283
context_action+all_internal+grounding,453,0.9188640973630832,0.999965770405386,0.8189845474613686,0.9188640973630832,0.2556483437868816,0.09933774834437085
context_action+all_internal+grounding,454,0.920892494929006,0.999965770405386,0.8193832599118943,0.920892494929006,0.2553289002154044,0.1013215859030837
context_action+all_internal+grounding,455,0.922920892494929,0.999965770405386,0.8197802197802198,0.922920892494929,0.2324626344975243,0.10329670329670329
context_action+all_internal+grounding,456,0.9249492900608519,0.999965770405386,0.8201754385964912,0.9249492900608519,0.2153091125294905,0.10307017543859649
context_action+all_internal+grounding,457,0.9269776876267748,0.999965770405386,0.8205689277899344,0.9269776876267748,0.2103187030424624,0.1050328227571116
context_action+all_internal+grounding,458,0.9290060851926978,0.999965770405386,0.8209606986899564,0.9290060851926978,0.2087548271225341,0.10698689956331878
context_action+all_internal+grounding,459,0.9310344827586207,0.999965770405386,0.8213507625272332,0.9310344827586207,0.2024098407531694,0.10893246187363835
context_action+all_internal+grounding,460,0.9330628803245437,0.999965770405386,0.8217391304347826,0.9330628803245437,0.1958109440912736,0.1108695652173913
context_action+all_internal+grounding,461,0.9350912778904665,0.999965770405386,0.8221258134490239,0.9350912778904665,0.1940134633492187,0.11279826464208242
context_action+all_internal+grounding,462,0.9371196754563894,0.999965770405386,0.8225108225108225,0.9371196754563894,0.1673304705310848,0.11471861471861472
context_action+all_internal+grounding,463,0.9391480730223124,0.999965770405386,0.8228941684665226,0.9391480730223124,0.1653830552496552,0.11663066954643629
context_action+all_internal+grounding,464,0.9411764705882353,0.999965770405386,0.8232758620689655,0.9411764705882353,0.1643002607736363,0.11637931034482758
context_action+all_internal+grounding,465,0.9432048681541582,0.999965770405386,0.8236559139784946,0.9432048681541582,0.1578325996172,0.11827956989247312
context_action+all_internal+grounding,466,0.9452332657200812,0.999965770405386,0.8240343347639485,0.9452332657200812,0.1329738130678091,0.12017167381974249
context_action+all_internal+grounding,467,0.947261663286004,0.999965770405386,0.8244111349036403,0.947261663286004,0.1258346781040014,0.12205567451820129
context_action+all_internal+grounding,468,0.949290060851927,0.999965770405386,0.8247863247863247,0.949290060851927,0.1255038864886739,0.12393162393162394
context_action+all_internal+grounding,469,0.9513184584178499,0.999965770405386,0.8251599147121536,0.9513184584178499,0.1197546421498457,0.1257995735607676
context_action+all_internal+grounding,470,0.9533468559837728,0.999965770405386,0.825531914893617,0.9533468559837728,0.1196270193955295,0.1276595744680851
context_action+all_internal+grounding,471,0.9553752535496958,0.999965770405386,0.8259023354564756,0.9553752535496958,0.1139722141179984,0.12738853503184713
context_action+all_internal+grounding,472,0.9574036511156186,0.999965770405386,0.826271186440678,0.9574036511156186,0.1112728951260505,0.1292372881355932
context_action+all_internal+grounding,473,0.9594320486815415,0.999965770405386,0.8266384778012685,0.9594320486815415,0.1088643420542378,0.13107822410147993
context_action+all_internal+grounding,474,0.9614604462474645,0.999965770405386,0.8270042194092827,0.9614604462474645,0.1048907342234246,0.13291139240506328
context_action+all_internal+grounding,475,0.9634888438133874,0.999965770405386,0.8273684210526315,0.9634888438133874,0.0989620165801796,0.13473684210526315
context_action+all_internal+grounding,476,0.9655172413793104,0.999965770405386,0.8277310924369747,0.9655172413793104,0.0983899332252516,0.13655462184873948
context_action+all_internal+grounding,477,0.9675456389452333,0.999965770405386,0.8280922431865828,0.9675456389452333,0.0907191579828185,0.13836477987421383
context_action+all_internal+grounding,478,0.9695740365111561,0.999965770405386,0.8284518828451883,0.9695740365111561,0.0675843564532987,0.1401673640167364
context_action+all_internal+grounding,479,0.9716024340770791,0.999965770405386,0.8288100208768268,0.9716024340770791,0.0608306648889057,0.1419624217118998
context_action+all_internal+grounding,480,0.973630831643002,0.999965770405386,0.8291666666666667,0.973630831643002,0.0589896585539788,0.14375
context_action+all_internal+grounding,481,0.9756592292089249,0.999965770405386,0.8295218295218295,0.9756592292089249,0.0556482858063859,0.14553014553014554
context_action+all_internal+grounding,482,0.9776876267748479,0.999965770405386,0.8298755186721992,0.9776876267748479,0.0527610613106028,0.14730290456431536
context_action+all_internal+grounding,483,0.9797160243407708,0.999965770405386,0.8302277432712215,0.9797160243407708,0.0411281998342493,0.14906832298136646
context_action+all_internal+grounding,484,0.9817444219066938,0.999965770405386,0.8305785123966942,0.9817444219066938,0.0392774174432883,0.15082644628099173
context_action+all_internal+grounding,485,0.9837728194726166,0.999965770405386,0.8309278350515464,0.9837728194726166,0.0272031202627681,0.15257731958762888
context_action+all_internal+grounding,486,0.9858012170385395,0.999965770405386,0.831275720164609,0.9858012170385395,0.0132808196113443,0.15432098765432098
context_action+all_internal+grounding,487,0.9878296146044625,0.999965770405386,0.8316221765913757,0.9878296146044625,0.0114012866763812,0.15605749486652978
context_action+all_internal+grounding,488,0.9898580121703854,0.999965770405386,0.8319672131147541,0.9898580121703854,0.0089135148141171,0.15778688524590165
context_action+all_internal+grounding,489,0.9918864097363083,0.999965770405386,0.8323108384458078,0.9918864097363083,0.0084542681900914,0.15950920245398773
context_action+all_internal+grounding,490,0.9939148073022313,0.999965770405386,0.8326530612244898,0.9939148073022313,0.0074812214705476,0.16122448979591836
context_action+all_internal+grounding,491,0.9959432048681541,0.999965770405386,0.8329938900203666,0.9959432048681541,0.0063069227840127,0.1629327902240326
context_action+all_internal+grounding,492,0.9979716024340771,0.999965770405386,0.8333333333333334,0.9979716024340771,0.0053676904105837,0.16463414634146342
context_action+all_internal+grounding,493,1.0,0.999965770405386,0.8336713995943205,1.0,0.0008271424287555,0.1663286004056795
