bin_left,bin_right,count,mean_pred_correct,empirical_correct,empirical_wrong
0.0,0.1,95,0.04002877486217476,0.021052631578947368,0.9789473684210527
0.1,0.2,29,0.1613793103448276,0.10344827586206896,0.896551724137931
0.2,0.30000000000000004,84,0.24509803921568624,0.2857142857142857,0.7142857142857143
0.4,0.5,116,0.416,0.47413793103448276,0.5258620689655172
0.6000000000000001,0.7000000000000001,27,0.6698717948717948,0.4074074074074074,0.5925925925925926
0.8,0.9,1,0.8,1.0,0.0
