bin_left,bin_right,count,mean_pred_correct,empirical_correct,empirical_wrong
0.0,0.1,105,0.0380952380952381,0.0380952380952381,0.9619047619047619
0.1,0.2,31,0.16129032258064518,0.16129032258064516,0.8387096774193549
0.2,0.30000000000000004,71,0.23943661971830976,0.23943661971830985,0.7605633802816901
0.4,0.5,125,0.416,0.416,0.584
0.6000000000000001,0.7000000000000001,29,0.6551724137931035,0.6551724137931034,0.3448275862068966
0.8,0.9,5,0.8,0.8,0.2
