route,count,fraction,empirical_correct,empirical_wrong,wilson_low,wilson_high
accept,149,0.298,0.9865771812080537,0.013422818791946308,0.9523832914798118,0.9963113047557681
validate,143,0.286,0.46153846153846156,0.5384615384615384,0.3819053975033103,0.5431839504743745
discard,208,0.416,0.13942307692307693,0.8605769230769231,0.8069362269635703,0.9011399960256823
