route,count,fraction,empirical_correct,empirical_wrong,wilson_low,wilson_high
accept,139,0.278,0.9928057553956835,0.007194244604316547,0.9603754095443335,0.9987289410090068
validate,154,0.308,0.461038961038961,0.538961038961039,0.3842148762020109,0.539759538654402
discard,207,0.414,0.12560386473429952,0.8743961352657005,0.8223238132051947,0.9128252275913085
