family,severity,seed,onset_s,plant_CA_in_base,plant_CD_in_base,plant_Fc_max,plant_Fin_sp,plant_L_sp,plant_Tc_base,plant_Tin_base,plant_UA,triggered,pre_fault_trigger,t_trigger,no_change,feed_x0.65,feed_x0.5,move_pass_share,move_passes
cool_stuck_closed,"{""stuck_opening"": 0.35}",301820625,4012.434387102492,0.09117433431937134,0.047871892068726433,0.48546465510727327,0.027640869969617204,8.908746796909874,290.8351463124543,354.92881749565436,494.1096814388967,True,False,4091.0,False,True,True,0.0,"[false, false, false, false, false, false, false, false, false, false, false, false, false, false, false, false, false, false, false, false]"
cool_stuck_closed,"{""stuck_opening"": 0.35}",555320940,1528.1935261664757,0.1021365790640234,0.054056751526785504,0.48185863382567423,0.03424410728015708,8.70095138673718,288.70376121341786,349.83500204281245,553.9482094319754,True,False,1607.0,False,True,True,0.1,"[true, false, true, false, false, false, false, false, false, false, false, false, false, false, false, false, false, false, false, false]"
cool_stuck_closed,"{""stuck_opening"": 0.35}",569601465,3507.5676582912693,0.09285210964130056,0.04965042971018176,0.5137743201040654,0.0380337683327025,8.852348685552514,287.66807387262696,352.49403989756945,429.52682839287513,True,False,3547.0,False,True,True,0.0,"[false, false, false, false, false, false, false, false, false, false, false, false, false, false, false, false, false, false, false, false]"
cool_stuck_closed,"{""stuck_opening"": 0.35}",1012239383,1879.3407545491023,0.10720986435556752,0.05326127920107032,0.5299700711049093,0.03562040376448201,8.458617963706487,287.81479353517545,345.35346338857823,566.5072197844413,False,False,,,,,,
cool_stuck_closed,"{""stuck_opening"": 0.35}",1032944933,1777.7710447484922,0.09185522513301674,0.05064651404038444,0.48473788235808596,0.03664737552603345,8.98256420329118,294.7008053683793,345.7411808001519,455.4279857240061,True,False,1821.0,False,True,True,0.0,"[false, false, false, false, false, false, false, false, false, false, false, false, false, false, false, false, false, false, false, false]"
cool_stuck_closed,"{""stuck_opening"": 0.35}",1121905944,3009.5558036899974,0.09244844028278175,0.051016196130082334,0.5200537611996248,0.031794767678870954,9.534080031263352,287.8383813832606,352.9948586217133,441.8574081724766,True,False,3082.0,False,True,True,0.0,"[false, false, false, false, false, false, false, false, false, false, false, false, false, false, false, false, false, false, false, false]"
cool_stuck_closed,"{""stuck_opening"": 0.35}",1375774480,4266.865182341446,0.09951581928245844,0.05367061833538957,0.4713011071188309,0.029444933037387055,9.866734974135582,291.8075657092262,346.6308709515272,450.4600104010347,True,False,4365.0,False,True,True,0.05,"[false, false, true, false, false, false, false, false, false, false, false, false, false, false, false, false, false, false, false, false]"
cool_stuck_closed,"{""stuck_opening"": 0.35}",1451137667,4443.4457253046985,0.09584872372812356,0.05111371523489177,0.5121207598319684,0.029589376031002614,8.645473454342731,293.5346167473008,348.0333409546124,500.48430736932903,True,False,4532.0,False,True,True,0.0,"[false, false, false, false, false, false, false, false, false, false, false, false, false, false, false, false, false, false, false, false]"
cool_stuck_closed,"{""stuck_opening"": 0.35}",1816556680,1875.2226044957633,0.09888049571988265,0.054636106201846904,0.45745254423133536,0.039297868614469655,8.49431463780764,289.58991498149203,352.02892149069874,546.5778988818637,True,False,1925.0,False,True,True,0.0,"[false, false, false, false, false, false, false, false, false, false, false, false, false, false, false, false, false, false, false, false]"
cool_stuck_closed,"{""stuck_opening"": 0.35}",1998832048,3379.318243512106,0.10945182136768655,0.050192182070058634,0.5164891085745231,0.03340340832226011,9.179445027869017,288.8777601105109,354.27431155772683,455.32923776500667,True,False,3429.0,False,True,True,0.0,"[false, false, false, false, false, false, false, false, false, false, false, false, false, false, false, false, false, false, false, false]"
cool_stuck_closed,"{""stuck_opening"": 0.3}",48536113,1604.1986395445845,0.1064936505408598,0.046802113569312694,0.5216495153812013,0.03280090146521309,8.320922005278398,287.7951147318698,352.3986583388584,556.8750437469581,True,False,1664.0,False,True,True,0.0,"[false, false, false, false, false, false, false, false, false, false, false, false, false, false, false, false, false, false, false, false]"
cool_stuck_closed,"{""stuck_opening"": 0.3}",251049836,1945.9107916113771,0.0973723196151611,0.05447165618341852,0.5399438140058599,0.03468066981998905,8.357629181665871,287.0822389158291,348.6089416742501,561.5184535927796,True,False,2044.0,False,True,True,0.05,"[false, false, true, false, false, false, false, false, false, false, false, false, false, false, false, false, false, false, false, false]"
cool_stuck_closed,"{""stuck_opening"": 0.3}",255721577,2107.507147928198,0.09056382941721565,0.0454688337671702,0.5188817600434679,0.03633025845923278,9.62435771342478,287.74235315149446,345.38784142263165,549.1480374354621,True,False,2224.0,False,True,True,0.05,"[false, false, true, false, false, false, false, false, false, false, false, false, false, false, false, false, false, false, false, false]"
cool_stuck_closed,"{""stuck_opening"": 0.3}",778248437,2146.188717463684,0.10911523815564879,0.05315220151690578,0.5402134566328012,0.03618372683215143,8.711205207558102,288.98002496596337,348.47811948372015,471.63521174819397,True,False,2193.0,False,True,True,0.0,"[false, false, false, false, false, false, false, false, false, false, false, false, false, false, false, false, false, false, false, false]"
cool_stuck_closed,"{""stuck_opening"": 0.3}",796961753,1854.6700857425203,0.10174793354188086,0.04757779119158989,0.49732942613913345,0.039363473240248165,9.233093309239193,289.66404355570796,350.43583820334317,487.20496803117726,True,False,1889.0,False,False,True,0.0,"[false, false, false, false, false, false, false, false, false, false, false, false, false, false, false, false, false, false, false, false]"
cool_stuck_closed,"{""stuck_opening"": 0.3}",982969947,1728.4708495109533,0.10181954955230901,0.05221640313947216,0.5003336431465174,0.037159663141937534,9.08684792436914,287.67024875124275,353.593488481056,464.9738356107904,True,False,1767.0,False,False,True,0.0,"[false, false, false, false, false, false, false, false, false, false, false, false, false, false, false, false, false, false, false, false]"
cool_stuck_closed,"{""stuck_opening"": 0.3}",1185446240,3287.01714360164,0.09721590346933494,0.04534157316063606,0.45214461128454914,0.03135183774812675,9.654048188022086,293.4406482578535,351.56276126723805,565.4408930710115,True,False,3345.0,False,True,True,0.0,"[false, false, false, false, false, false, false, false, false, false, false, false, false, false, false, false, false, false, false, false]"
cool_stuck_closed,"{""stuck_opening"": 0.3}",1551103000,4419.919022288601,0.09991450228945542,0.0476634028321412,0.49478344470302904,0.030420260246228178,8.812497308062854,290.3075845550585,346.9793732824783,457.37834877841345,True,False,4472.0,False,True,True,0.0,"[false, false, false, false, false, false, false, false, false, false, false, false, false, false, false, false, false, false, false, false]"
cool_stuck_closed,"{""stuck_opening"": 0.3}",1704751367,1917.8294102618402,0.09643569071919723,0.0533104017706606,0.5383389745411945,0.032515435330045576,9.9601922271038,288.7336382321361,354.37311456158994,491.0103494879672,True,False,1960.0,False,True,True,0.0,"[false, false, false, false, false, false, false, false, false, false, false, false, false, false, false, false, false, false, false, false]"
cool_stuck_closed,"{""stuck_opening"": 0.3}",1905140557,1557.2594801059815,0.09583576080993417,0.052522830961823794,0.4500604990446125,0.036974875843513194,9.6347157554756,288.35846531927285,353.2392791654104,477.9897011468622,True,False,1594.0,False,False,True,0.0,"[false, false, false, false, false, false, false, false, false, false, false, false, false, false, false, false, false, false, false, false]"
cool_stuck_closed,"{""stuck_opening"": 0.45}",6866560,4744.643651285953,0.10005866264785819,0.04666579619515307,0.4841943573804934,0.03893691036474371,9.905477525563482,289.6576590780748,348.6561379043553,456.40694393875856,True,False,4826.0,False,True,True,0.05,"[false, false, true, false, false, false, false, false, false, false, false, false, false, false, false, false, false, false, false, false]"
cool_stuck_closed,"{""stuck_opening"": 0.45}",87776127,1912.22369014127,0.10831136836946223,0.04888869167255145,0.4688630588945581,0.0329410782119994,8.98655414015625,294.14104754607945,346.7948554369358,498.1458171340063,True,False,2044.0,False,True,True,0.1,"[true, false, true, false, false, false, false, false, false, false, false, false, false, false, false, false, false, false, false, false]"
cool_stuck_closed,"{""stuck_opening"": 0.45}",218900054,1936.0896066450327,0.10808846079297124,0.05149232929336313,0.5278441737256305,0.03636617343395854,8.241949940139884,294.4901155195623,352.26395366653054,468.2121556560991,True,False,1977.0,False,True,True,0.0,"[false, false, false, false, false, false, false, false, false, false, false, false, false, false, false, false, false, false, false, false]"
cool_stuck_closed,"{""stuck_opening"": 0.45}",609921905,3257.56119527203,0.09023434810502427,0.04931553094576271,0.49507791677791324,0.03966398488240864,8.521149840610267,290.49728468864305,354.2294616240698,506.2891490117633,True,False,3300.0,False,True,True,0.0,"[false, false, false, false, false, false, false, false, false, false, false, false, false, false, false, false, false, false, false, false]"
cool_stuck_closed,"{""stuck_opening"": 0.45}",681117971,2741.1897046978766,0.10813723824778435,0.0522192734434749,0.4855385742266132,0.028109541274977386,8.77591749798018,286.7278641967769,347.34344896215737,513.5978296087038,False,False,,,,,,
cool_stuck_closed,"{""stuck_opening"": 0.45}",1088144696,3466.308032783226,0.10459583482178142,0.04674365021333112,0.5092876271515396,0.029737181444601635,9.086204162612521,286.2793357309487,345.58906210664844,481.05351770347727,False,False,,,,,,
cool_stuck_closed,"{""stuck_opening"": 0.45}",1448369913,3502.6479816054443,0.10324530585003201,0.0523028039184199,0.5089245385792392,0.03885132474954876,8.689007645785441,291.4443189799729,350.02762581299095,510.53620269508286,True,False,3560.0,False,True,True,0.0,"[false, false, false, false, false, false, false, false, false, false, false, false, false, false, false, false, false, false, false, false]"
cool_stuck_closed,"{""stuck_opening"": 0.45}",1622458175,4182.351953319282,0.09238484335420234,0.050323786971013126,0.5159405580484724,0.03650377854705028,9.659471585551113,291.4044095910544,346.63407623679507,520.6809002760366,True,False,4481.0,True,True,True,0.8,"[true, true, true, false, true, true, true, true, true, false, false, true, false, true, true, true, true, true, true, true]"
cool_stuck_closed,"{""stuck_opening"": 0.45}",1868655419,4422.362006993577,0.10885184249057986,0.05076998769783867,0.4803406035574938,0.031422994719501975,8.54638630964573,292.5810232145856,347.5378103167147,492.1517733901696,True,False,4929.0,True,True,True,0.8,"[true, true, true, false, true, true, true, true, true, false, false, true, false, true, true, true, true, true, true, true]"
cool_stuck_closed,"{""stuck_opening"": 0.45}",2056155960,4622.035947316128,0.10694658314424407,0.04570151778721944,0.5045414444874345,0.030770099129849786,8.40324291536076,292.04293389845765,353.73659255710896,525.6319141439866,True,False,4815.0,True,True,True,0.5,"[true, true, true, false, true, false, true, true, false, false, false, true, false, true, false, false, false, false, true, true]"
cool_stuck_closed,"{""stuck_opening"": 0.4}",427158350,3530.49713316182,0.09569998135715702,0.05397031178193342,0.45103525047819715,0.03006702866609897,8.35731903866936,287.9878345171836,352.65705178532795,484.69830933705293,True,False,4011.0,True,True,True,0.65,"[true, true, true, false, true, true, true, true, false, false, false, true, false, true, true, false, true, false, true, true]"
cool_stuck_closed,"{""stuck_opening"": 0.4}",468395469,3860.0847455096305,0.09023346090313678,0.04944268412635138,0.5378138598720373,0.036917151881659324,8.314919288909394,288.31519438715475,351.1752664017741,460.0005711563062,True,False,3925.0,False,True,True,0.0,"[false, false, false, false, false, false, false, false, false, false, false, false, false, false, false, false, false, false, false, false]"
cool_stuck_closed,"{""stuck_opening"": 0.4}",644497615,3221.7533276106224,0.09125761867565518,0.05150893314306701,0.515409348403709,0.02960752283481417,9.255401678745619,287.28305895470214,345.9172958040691,487.62468397450937,False,False,,,,,,
cool_stuck_closed,"{""stuck_opening"": 0.4}",1140838887,2784.5696024570243,0.10670120264056795,0.04808908860427709,0.461116311293504,0.03934220539812285,9.80437697668238,285.1752034734867,346.14223481169483,468.18930810783644,True,False,3082.0,True,True,True,0.55,"[true, true, true, false, true, true, true, true, false, false, false, true, false, true, false, false, false, false, true, true]"
cool_stuck_closed,"{""stuck_opening"": 0.4}",1329497582,1727.853366174982,0.10527686240350101,0.04668609194704618,0.5145050150392041,0.0373813354408236,8.008895600685754,288.5663078182675,349.06384195845766,499.4472743866754,True,False,1787.0,False,True,True,0.05,"[false, false, true, false, false, false, false, false, false, false, false, false, false, false, false, false, false, false, false, false]"
cool_stuck_closed,"{""stuck_opening"": 0.4}",1682697071,4954.689323903598,0.10794691117914357,0.050519561248093564,0.5206864629063807,0.03992158704412851,8.462937053459305,293.8443967820797,354.5564850822343,486.5062592411862,True,False,4983.0,False,False,True,0.0,"[false, false, false, false, false, false, false, false, false, false, false, false, false, false, false, false, false, false, false, false]"
cool_stuck_closed,"{""stuck_opening"": 0.4}",1860090482,2251.5466421313804,0.10939193089338704,0.045745138399011155,0.4730318002800741,0.03897636697981813,9.051289593823872,289.2564193597674,353.7737161957315,546.8596411771539,True,False,2293.0,False,True,True,0.0,"[false, false, false, false, false, false, false, false, false, false, false, false, false, false, false, false, false, false, false, false]"
cool_stuck_closed,"{""stuck_opening"": 0.4}",1881569160,1699.6563099816653,0.10088025628192795,0.045594304938457904,0.5264106550952424,0.03346883177026676,9.58088881625505,292.7417179289459,352.1749464685192,467.25934588813163,True,False,1757.0,False,True,True,0.0,"[false, false, false, false, false, false, false, false, false, false, false, false, false, false, false, false, false, false, false, false]"
cool_stuck_closed,"{""stuck_opening"": 0.4}",2021463757,2909.6588722497736,0.10329033590173407,0.05436254257524243,0.4641904242130226,0.03797651002291865,8.153312352876764,292.1861290609268,347.71917054363746,477.93335901678563,True,False,2951.0,False,True,True,0.0,"[false, false, false, false, false, false, false, false, false, false, false, false, false, false, false, false, false, false, false, false]"
cool_stuck_closed,"{""stuck_opening"": 0.4}",2045996662,3693.5063029664825,0.10561837611749385,0.045378629214905424,0.4861862572801417,0.039580449815798446,9.755875143316032,291.8579708842555,346.8234456637768,571.0489995928808,True,False,3775.0,False,True,True,0.05,"[false, false, true, false, false, false, false, false, false, false, false, false, false, false, false, false, false, false, false, false]"
cool_stuck_closed,"{""stuck_opening"": 0.55}",218189272,3320.567982294883,0.10564002889189417,0.051303879845058666,0.4791287997485061,0.033749612711788966,9.41608585865525,292.49022731543243,346.6149185502972,471.9669971929104,False,False,,,,,,
cool_stuck_closed,"{""stuck_opening"": 0.55}",240509537,3439.952135563336,0.09069821875860759,0.05114728658003609,0.510147227067433,0.03799796954792341,9.971197649024843,287.11587809139127,347.410238791897,431.37542246356696,False,False,,,,,,
cool_stuck_closed,"{""stuck_opening"": 0.55}",392783803,3051.7849364112435,0.10214305834133103,0.04740737344605077,0.4584127714139388,0.029409217830164154,9.10918816558781,291.3320852146357,350.5573418807828,527.5284703598829,False,False,,,,,,
cool_stuck_closed,"{""stuck_opening"": 0.55}",888645556,3651.265898979837,0.10246081507758778,0.05355560859116154,0.49710639270911305,0.03529225251980904,8.489159874603294,290.5320241316962,353.7354448081449,437.9946528441856,True,False,3738.0,False,True,True,0.05,"[false, false, true, false, false, false, false, false, false, false, false, false, false, false, false, false, false, false, false, false]"
cool_stuck_closed,"{""stuck_opening"": 0.55}",964020110,4185.908911514973,0.09724703734766524,0.046080145000114626,0.4901806558727685,0.036356132114701664,9.971271552107673,288.11556784761854,348.6906708610724,511.40737650954117,False,False,,,,,,
cool_stuck_closed,"{""stuck_opening"": 0.55}",1144592389,3777.1952329393634,0.09943490570776735,0.046723021457932265,0.522851049630202,0.028316958155802447,8.776147890524765,285.6578851691878,346.4730031133833,498.39478399150636,False,False,,,,,,
cool_stuck_closed,"{""stuck_opening"": 0.55}",1405026684,2479.2362633114135,0.09744745485339326,0.04796710244281035,0.5360642286070378,0.02876730569536776,9.198800170726658,291.56009655509257,350.9743151189955,478.79475830694025,False,False,,,,,,
cool_stuck_closed,"{""stuck_opening"": 0.55}",1517431607,2259.5728038327197,0.1051930615800852,0.054410707136359225,0.5041963305508248,0.03922573861883926,8.025670428374422,290.28912509712245,354.41615043695754,573.1129119868256,False,False,,,,,,
cool_stuck_closed,"{""stuck_opening"": 0.55}",1544506539,2872.1351553631653,0.09684248975321053,0.046840419492085915,0.49304359879536214,0.03570857003290378,9.79097946599956,292.05448561963937,345.49945658639365,448.0074831677659,False,False,,,,,,
cool_stuck_closed,"{""stuck_opening"": 0.55}",1984849170,4973.202495601261,0.10811010839757564,0.04873021002753798,0.5150530497604606,0.038051114045127586,8.225637326299754,289.85959870726765,354.6800001489493,487.31629485727416,True,False,5083.0,False,True,True,0.1,"[true, false, true, false, false, false, false, false, false, false, false, false, false, false, false, false, false, false, false, false]"
cool_stuck_closed,"{""stuck_opening"": 0.5}",65150672,3075.025002403303,0.10415290159860538,0.05494754970301091,0.4734817676404084,0.0393421332129408,9.664936621519386,292.5659360999534,354.44968625650915,569.2635840140041,True,False,3152.0,False,True,True,0.05,"[false, false, true, false, false, false, false, false, false, false, false, false, false, false, false, false, false, false, false, false]"
cool_stuck_closed,"{""stuck_opening"": 0.5}",512830886,2515.1491219227437,0.10762758036562259,0.05438710161810643,0.4726144496703704,0.03740475911358797,8.21801976820542,290.0748924534858,350.15793099552366,467.2905658865322,True,False,2623.0,False,True,True,0.05,"[false, false, true, false, false, false, false, false, false, false, false, false, false, false, false, false, false, false, false, false]"
cool_stuck_closed,"{""stuck_opening"": 0.5}",1036559301,2928.2340837905313,0.10282478633975198,0.054373371357689805,0.5233468736977323,0.031749029947460414,9.474937327123762,288.33635590893937,346.5239095297692,440.55523390020477,False,False,,,,,,
cool_stuck_closed,"{""stuck_opening"": 0.5}",1050875125,3830.5111002967305,0.09106262419937247,0.05295881556556291,0.5005551826692972,0.03846983657809556,8.863187719633492,292.17090505064346,346.28533769145133,509.41368956083227,True,False,4060.0,True,True,True,0.65,"[true, true, true, false, true, true, true, true, false, false, false, true, false, true, true, false, true, false, true, true]"
cool_stuck_closed,"{""stuck_opening"": 0.5}",1058030008,2832.0936332374627,0.09611125533668258,0.051614805426195134,0.4660893809007217,0.028470994304397295,8.853919669435383,291.08053731199897,347.96312326772807,501.8736049374859,False,False,,,,,,
cool_stuck_closed,"{""stuck_opening"": 0.5}",1172349362,3928.260679187905,0.09466286706300518,0.05236310974046961,0.5469497227460339,0.034330237966314237,9.067129391103782,291.0759504479027,348.4662998146944,556.4083988149243,False,False,,,,,,
cool_stuck_closed,"{""stuck_opening"": 0.5}",1173708575,4863.07599683402,0.09772105654398115,0.0476714454094729,0.5116527517323706,0.036450827409683535,8.956396465856246,294.61573253196036,351.89544995698947,446.7340539812641,True,False,4907.0,False,True,True,0.0,"[false, false, false, false, false, false, false, false, false, false, false, false, false, false, false, false, false, false, false, false]"
cool_stuck_closed,"{""stuck_opening"": 0.5}",1326437169,2520.7292680106184,0.10265478597317904,0.04556551614695716,0.5157794196567478,0.03471176045332131,8.743458151075648,289.71815047589376,351.4506458410521,438.02119936929205,True,False,2693.0,False,True,True,0.05,"[false, false, true, false, false, false, false, false, false, false, false, false, false, false, false, false, false, false, false, false]"
cool_stuck_closed,"{""stuck_opening"": 0.5}",1424961050,2181.0236412585173,0.09628857624831345,0.05372832836593492,0.5109976629886156,0.03376704392848467,8.484351542233728,285.82210121999793,354.6093562350746,440.4934188328474,False,False,,,,,,
cool_stuck_closed,"{""stuck_opening"": 0.5}",1866259487,2461.4021997022464,0.10681442862289735,0.051529186827997786,0.518495911686364,0.03834095001533294,8.741376913199113,287.9289062806937,345.15159670880263,563.8643417392173,False,False,,,,,,
cool_stuck_closed,"{""stuck_opening"": 0.6}",34910830,3724.143168734118,0.10483563140695341,0.0471788925667547,0.45372862010904935,0.03933347292836673,8.576621211320687,287.0933365400651,347.8989533229111,446.71885328609613,False,False,,,,,,
cool_stuck_closed,"{""stuck_opening"": 0.6}",497083577,2955.021488216006,0.09777507257851085,0.046814756494347284,0.5399869530328678,0.03803221454737929,8.966012803925107,294.68822232070147,354.0692833010453,475.0091771254497,True,False,3011.0,False,True,True,0.0,"[false, false, false, false, false, false, false, false, false, false, false, false, false, false, false, false, false, false, false, false]"
cool_stuck_closed,"{""stuck_opening"": 0.6}",530734273,3383.343731609262,0.10765961672671942,0.04549143275887334,0.5280204497177455,0.03354921524733161,8.667482717571543,289.3806958274583,348.4597530215874,428.3755038800821,False,False,,,,,,
cool_stuck_closed,"{""stuck_opening"": 0.6}",575947363,4143.686721417653,0.0965642936750571,0.04844061947793073,0.5250251979879743,0.033853403814032575,9.12564878061398,293.93828944710776,350.45112155966774,529.8148919999034,False,False,,,,,,
cool_stuck_closed,"{""stuck_opening"": 0.6}",1032679308,2041.5687427015491,0.10025366453554203,0.05339128195561793,0.47443254448419486,0.029026636996053592,8.267310632006636,292.20692365740797,350.5707436129555,572.1708792415548,False,False,,,,,,
cool_stuck_closed,"{""stuck_opening"": 0.6}",1050376765,2325.1308929657293,0.09222197156997289,0.046235109121532524,0.5342150862093601,0.030884271145164118,9.002148375152814,285.0501797187445,348.5993162931676,551.3255842599286,False,False,,,,,,
cool_stuck_closed,"{""stuck_opening"": 0.6}",1074413723,1637.0505305679249,0.09715473730737847,0.04668719089350906,0.4547530926075417,0.03645798125020015,9.465442368721424,293.8744861900347,346.3070680990387,569.7571281192354,False,False,,,,,,
cool_stuck_closed,"{""stuck_opening"": 0.6}",1794965594,2851.5454699163583,0.10347526855854276,0.04586386099012165,0.5076032010615527,0.03868368938305799,9.51165322540502,292.55432493149294,345.8953490774937,527.256854374024,False,False,,,,,,
cool_stuck_closed,"{""stuck_opening"": 0.6}",1854798035,1665.02348200119,0.10243921378527063,0.045688630674727934,0.46998981781738186,0.03455954092991485,8.021199191300415,285.19329217051245,354.1416385046026,523.3337785054733,False,False,,,,,,
cool_stuck_closed,"{""stuck_opening"": 0.6}",2071284278,1616.2466410621123,0.10215647475969859,0.045258902254846085,0.5038543952123359,0.036037348679907794,9.209391114616498,293.894100066709,351.80867555846766,429.9824634405624,True,False,1677.0,False,True,True,0.05,"[false, false, true, false, false, false, false, false, false, false, false, false, false, false, false, false, false, false, false, false]"
fouling,"{""fouling_max"": 0.4, ""fouling_tau"": 2000.0}",371999068,4152.4008113885,0.09692402594940458,0.04605118739174154,0.5359100171065689,0.028183701345498583,9.211906198623659,294.59882669751113,353.0639365183854,511.27685316932684,False,False,,,,,,
fouling,"{""fouling_max"": 0.4, ""fouling_tau"": 2000.0}",375816628,4264.4533387244865,0.10552594886498994,0.04922758043295521,0.5039592728368629,0.033091740546117965,9.675792938174292,286.9961875580157,349.5332773723245,557.8213565796217,False,False,,,,,,
fouling,"{""fouling_max"": 0.4, ""fouling_tau"": 2000.0}",609979164,3579.3160874551563,0.09945401233239912,0.04864789534845501,0.4623029386529088,0.036008236302641154,9.63630151646642,290.6460360063655,352.49303347039444,545.0801248234301,False,False,,,,,,
fouling,"{""fouling_max"": 0.4, ""fouling_tau"": 2000.0}",867751117,2263.7817913812964,0.09272878823450702,0.048822074533375254,0.5076808801699152,0.03704906620727064,8.693008128795388,288.8818897407022,353.8196298358354,508.07160983093485,False,False,,,,,,
fouling,"{""fouling_max"": 0.4, ""fouling_tau"": 2000.0}",1357519787,3440.8199785812776,0.09314277471008761,0.04541644782967106,0.510595403954171,0.03290577700891291,8.640845669684065,290.2500199277089,351.4612279887165,428.739749380418,False,False,,,,,,
fouling,"{""fouling_max"": 0.4, ""fouling_tau"": 2000.0}",1406455385,3442.569362475433,0.10287532209376177,0.04785058383915395,0.5369544679175906,0.039729334612797776,8.11833328730536,290.7284892168284,349.41213776278795,511.2186696683473,False,False,,,,,,
fouling,"{""fouling_max"": 0.4, ""fouling_tau"": 2000.0}",1598597102,2894.288001839348,0.09963871979857654,0.05364936461936565,0.4863714945852151,0.030694360173556392,9.391796043412867,293.027060562932,348.00252090204964,567.0099927677904,False,False,,,,,,
fouling,"{""fouling_max"": 0.4, ""fouling_tau"": 2000.0}",1635304873,2993.229265915751,0.101141876533076,0.04690575998254798,0.49821521913274575,0.02986581424072359,9.80212276923028,292.4706076695696,351.0916734143358,452.38497556356265,False,False,,,,,,
fouling,"{""fouling_max"": 0.4, ""fouling_tau"": 2000.0}",1948015363,4727.574832708609,0.1043691011459947,0.046913478124975164,0.5113393721711063,0.030000936400336242,8.66505407350662,286.9502708488941,354.6047265210349,504.2676724366896,False,False,,,,,,
fouling,"{""fouling_max"": 0.4, ""fouling_tau"": 2000.0}",2054575996,4289.11209797391,0.1015609563901904,0.050793556801323136,0.48564374065208876,0.03760322439310815,9.744782192508898,292.8453118210577,350.9174624623158,511.1254145283226,False,False,,,,,,
fouling,"{""fouling_max"": 0.45, ""fouling_tau"": 2000.0}",76254108,3405.8682927664463,0.10738529861900074,0.04563343436102169,0.5481405750362953,0.032658894032209625,8.360912128253906,290.1208216614035,350.4951731333742,484.60801235085984,False,False,,,,,,
fouling,"{""fouling_max"": 0.45, ""fouling_tau"": 2000.0}",91263823,4059.9312229116454,0.09694080798661202,0.04565238580210389,0.46147419915758725,0.03577330487746966,9.945654857388881,293.0742593274991,346.80366460756665,548.7081608340116,False,False,,,,,,
fouling,"{""fouling_max"": 0.45, ""fouling_tau"": 2000.0}",334859602,4673.234395886126,0.10958693509379476,0.052643864533310915,0.45580804738212344,0.037974780357197695,9.199485204308912,289.5277938683862,346.45843320604683,453.11665025745594,False,False,,,,,,
fouling,"{""fouling_max"": 0.45, ""fouling_tau"": 2000.0}",450366358,2036.4656928108889,0.10315128711392595,0.051266627112801756,0.5179317288718535,0.03706669420664032,8.62502107333518,285.65819534551537,349.34299207762854,519.3654993840507,False,False,,,,,,
fouling,"{""fouling_max"": 0.45, ""fouling_tau"": 2000.0}",510225749,3714.8263539147124,0.1000126749743124,0.051551496987451165,0.4993019592822343,0.03355357217043499,9.050938408046743,294.40945203305034,354.3892393286398,457.57378512118,True,False,4983.0,False,True,True,0.0,"[false, false, false, false, false, false, false, false, false, false, false, false, false, false, false, false, false, false, false, false]"
fouling,"{""fouling_max"": 0.45, ""fouling_tau"": 2000.0}",742874106,3555.795816086772,0.09740390146851595,0.051375836053249614,0.5431419708547363,0.036042265929607666,9.279150273742436,292.659169390707,346.1094381993889,451.84206420704464,True,False,6770.0,False,True,True,0.2,"[true, false, false, false, false, true, false, false, false, false, true, true, false, false, false, false, false, false, false, false]"
fouling,"{""fouling_max"": 0.45, ""fouling_tau"": 2000.0}",930806964,2496.6250801759425,0.0977823306384096,0.04601086003704305,0.48482270228647945,0.03080599650382202,9.034048904179286,292.92217898139137,354.41980100760117,542.4607148010377,False,False,,,,,,
fouling,"{""fouling_max"": 0.45, ""fouling_tau"": 2000.0}",1811469186,3223.87024314734,0.09089380427471624,0.05382239075133519,0.5170740140560011,0.038456594945441236,9.893951238377173,291.72944160729423,351.2091582797457,463.7251232245453,True,False,5150.0,False,True,True,0.05,"[false, false, false, false, false, false, false, false, false, false, false, true, false, false, false, false, false, false, false, false]"
fouling,"{""fouling_max"": 0.45, ""fouling_tau"": 2000.0}",1871949966,2744.3614010550073,0.09270123800137274,0.05059898451572744,0.5192792008312012,0.030584943330340654,8.146382659985242,286.8779840590926,354.12588969615723,564.3146949434373,False,False,,,,,,
fouling,"{""fouling_max"": 0.45, ""fouling_tau"": 2000.0}",2081477407,3515.782693436891,0.10404985740016465,0.0503158255138935,0.47352704107629334,0.03203308037372988,8.05714618086799,289.1176835198521,345.85353483799963,550.8130443963297,False,False,,,,,,
fouling,"{""fouling_max"": 0.5, ""fouling_tau"": 2000.0}",153865102,2815.122844675244,0.10148157682071599,0.05168124424042527,0.5016155936963189,0.032439965147827605,9.80588734633352,293.00127814871587,351.74325367980146,563.2593292772731,False,False,,,,,,
fouling,"{""fouling_max"": 0.5, ""fouling_tau"": 2000.0}",305955447,2079.796523839166,0.10890159118515216,0.054257288454032174,0.5412542157611078,0.03258685110075683,9.84837371369462,294.4251415659357,348.0461624904529,573.0851421728574,True,False,6817.0,False,True,True,0.25,"[true, false, false, false, true, true, false, false, false, false, true, true, false, false, false, false, false, false, false, false]"
fouling,"{""fouling_max"": 0.5, ""fouling_tau"": 2000.0}",864713897,4430.926666241033,0.09267973756605714,0.05265978600048828,0.5062672066632136,0.030671890837400604,9.072008561665301,291.8899555942015,350.6881350941387,460.6662312240693,False,False,,,,,,
fouling,"{""fouling_max"": 0.5, ""fouling_tau"": 2000.0}",1061048778,3578.407698494165,0.10484642365854688,0.04845866329621279,0.49513149527007744,0.027128548713723107,9.328211934211588,290.8677263624783,345.1869863283865,532.8066296738727,False,False,,,,,,
fouling,"{""fouling_max"": 0.5, ""fouling_tau"": 2000.0}",1535584008,4238.272811861347,0.10508896477488323,0.05170396061908588,0.48453345730212255,0.03318662920594997,9.894423934694338,289.69919371186796,348.6743108534657,544.5757134951772,False,False,,,,,,
fouling,"{""fouling_max"": 0.5, ""fouling_tau"": 2000.0}",1629382040,2140.044240153692,0.10496822560330413,0.04888213153788212,0.4657128565337251,0.037670892561491205,9.149004366891287,290.55625653184023,351.42119701178433,462.4636557566039,True,False,4396.0,False,True,True,0.0,"[false, false, false, false, false, false, false, false, false, false, false, false, false, false, false, false, false, false, false, false]"
fouling,"{""fouling_max"": 0.5, ""fouling_tau"": 2000.0}",1676671571,3576.0283055928185,0.1018621154150871,0.05324580637797792,0.5032903075031123,0.0369202312682522,9.416774577352871,288.86324835679494,354.0208679017131,518.4225091209703,False,False,,,,,,
fouling,"{""fouling_max"": 0.5, ""fouling_tau"": 2000.0}",1703330645,2276.6122866255805,0.10834246198647796,0.05033402859887741,0.5252222830296369,0.026875744897656196,8.13487798115385,288.0450309233065,346.9587545420369,534.3700144475954,False,False,,,,,,
fouling,"{""fouling_max"": 0.5, ""fouling_tau"": 2000.0}",1832770144,1523.8330370853228,0.10316136997267007,0.05028976259234645,0.5178628297472473,0.029155120802965964,8.066465268985773,292.57342709539114,354.37970077484005,448.85645678331605,True,False,4159.0,False,True,True,0.05,"[false, false, false, false, false, false, false, false, false, false, false, true, false, false, false, false, false, false, false, false]"
fouling,"{""fouling_max"": 0.5, ""fouling_tau"": 2000.0}",2053717056,3338.22553193352,0.1063058661709347,0.05321277956295787,0.4856985671257915,0.03396153645414049,9.493098093833796,285.2111953073761,350.2748694935666,564.7723142759401,False,False,,,,,,
fouling,"{""fouling_max"": 0.55, ""fouling_tau"": 2000.0}",9727516,4122.203612040001,0.09536406980850937,0.04614517390044059,0.5244427303656601,0.029308680886639463,9.892358141379324,290.35613808601573,353.5383912253111,432.23869761257333,False,False,,,,,,
fouling,"{""fouling_max"": 0.55, ""fouling_tau"": 2000.0}",839989949,3075.905632840346,0.0959784144901455,0.05479545971411529,0.4560043365885333,0.03754775363098014,8.261842038598836,287.4147339715847,353.3058587709068,552.3292292375478,False,False,,,,,,
fouling,"{""fouling_max"": 0.55, ""fouling_tau"": 2000.0}",914315903,1689.5415982673148,0.09414702905435743,0.0535502500141883,0.453420145219532,0.03204772201324681,9.164949535182894,293.0097915066766,348.8005888942369,567.3726211852254,True,False,6512.0,False,True,True,0.2,"[true, false, false, false, false, true, false, false, false, false, true, true, false, false, false, false, false, false, false, false]"
fouling,"{""fouling_max"": 0.55, ""fouling_tau"": 2000.0}",923425160,4536.533345358637,0.10706167961424659,0.053247503648706826,0.5394118981899664,0.038371346676027845,9.73071267159472,286.1854379947797,349.49512431714385,564.4567987259188,False,False,,,,,,
fouling,"{""fouling_max"": 0.55, ""fouling_tau"": 2000.0}",1267228141,4669.0455070013895,0.10167065341664529,0.04630308385450092,0.4961244863115283,0.027493821172039364,8.350493011510963,288.64769491193954,351.31640496072635,462.0135912604446,False,False,,,,,,
fouling,"{""fouling_max"": 0.55, ""fouling_tau"": 2000.0}",1271058205,4579.6909718647385,0.10254085617505734,0.05087748185225158,0.4839604761528303,0.03336149685951035,9.90149163049979,286.5897641948728,350.9163800075858,456.6956871312997,False,False,,,,,,
fouling,"{""fouling_max"": 0.55, ""fouling_tau"": 2000.0}",1530907716,4886.154486736279,0.10112591262412346,0.04647210368606884,0.4517026065981861,0.028024340833756354,8.66039233712162,290.96439525274275,354.21550386719,430.9355071010602,False,False,,,,,,
fouling,"{""fouling_max"": 0.55, ""fouling_tau"": 2000.0}",1656676416,3974.385937646235,0.09729923805548722,0.049574524097446684,0.5430030290065716,0.031558593970945535,8.329670204622962,285.00421987149844,349.2788406426844,455.94775070642424,False,False,,,,,,
fouling,"{""fouling_max"": 0.55, ""fouling_tau"": 2000.0}",1917566231,4793.261583410898,0.10782703556055406,0.053007829870034495,0.499344468355299,0.03138330793235191,9.338449990693377,291.8225594855185,350.8833340853432,455.0905234381167,False,False,,,,,,
fouling,"{""fouling_max"": 0.55, ""fouling_tau"": 2000.0}",1929914900,3775.6997475979574,0.09469015647257507,0.04882661047477931,0.47504921469618605,0.034703457332873645,9.562539076477496,293.6284888154131,348.2666707520792,433.730640061168,True,False,5463.0,False,True,True,0.0,"[false, false, false, false, false, false, false, false, false, false, false, false, false, false, false, false, false, false, false, false]"
fouling,"{""fouling_max"": 0.6, ""fouling_tau"": 2000.0}",58308970,3553.672879615548,0.10560052442892492,0.054698492856033384,0.5166266674738065,0.03679448690469246,8.34161492000857,294.93537723769305,350.2125396219392,565.5424871193517,True,False,5406.0,False,True,True,0.0,"[false, false, false, false, false, false, false, false, false, false, false, false, false, false, false, false, false, false, false, false]"
fouling,"{""fouling_max"": 0.6, ""fouling_tau"": 2000.0}",65826397,2965.2326874799905,0.10886692131303169,0.05329488944302191,0.524918041581275,0.03781442186093781,8.936169293680903,291.5410812538344,353.01748797328514,433.30734622244876,True,False,4011.0,False,True,True,0.0,"[false, false, false, false, false, false, false, false, false, false, false, false, false, false, false, false, false, false, false, false]"
fouling,"{""fouling_max"": 0.6, ""fouling_tau"": 2000.0}",316610151,2343.5473809734,0.10786987982538578,0.04515531731532511,0.5060701047955688,0.03218322984705667,9.147810627028427,292.4234636727386,351.31324630005616,530.7962762671715,True,False,5227.0,False,True,True,0.05,"[false, false, false, false, false, false, false, false, false, false, false, true, false, false, false, false, false, false, false, false]"
fouling,"{""fouling_max"": 0.6, ""fouling_tau"": 2000.0}",965004185,2696.7318747949266,0.10154879682314402,0.05105275222965549,0.48194452354227574,0.02877582076961842,8.299499057991543,293.15388560665457,350.9279385398402,452.6663255265958,True,False,5242.0,False,True,True,0.05,"[false, false, false, false, false, false, false, false, false, false, false, true, false, false, false, false, false, false, false, false]"
fouling,"{""fouling_max"": 0.6, ""fouling_tau"": 2000.0}",1263365235,3578.7979566832623,0.10267434815497076,0.05256467864370394,0.517630515688328,0.03793437600443106,9.267410422258289,294.19385545042917,348.0598627784537,518.459679638605,True,False,5361.0,False,True,True,0.0,"[false, false, false, false, false, false, false, false, false, false, false, false, false, false, false, false, false, false, false, false]"
fouling,"{""fouling_max"": 0.6, ""fouling_tau"": 2000.0}",1466021389,1954.851708651472,0.10221416431776559,0.050814543581407634,0.49183617822275727,0.03734205306336932,8.278323512423611,290.8395736819126,345.9822449427738,433.0522356224932,True,False,4098.0,False,True,True,0.0,"[false, false, false, false, false, false, false, false, false, false, false, false, false, false, false, false, false, false, false, false]"
fouling,"{""fouling_max"": 0.6, ""fouling_tau"": 2000.0}",1481050164,4260.527266434219,0.10224539457547431,0.04950455277389609,0.4682506084034074,0.03876407174541508,9.700358282479412,288.0641990416397,354.5402429557529,546.5360605127214,True,False,6863.0,False,True,True,0.2,"[true, false, false, false, false, true, false, false, false, false, true, true, false, false, false, false, false, false, false, false]"
fouling,"{""fouling_max"": 0.6, ""fouling_tau"": 2000.0}",1485972841,4487.7559621109285,0.10625315146398001,0.046829040759250484,0.47901868559363736,0.03210479057520386,8.905117942206335,291.7088574456918,348.53125651706006,464.4859869987067,False,False,,,,,,
fouling,"{""fouling_max"": 0.6, ""fouling_tau"": 2000.0}",1612105739,3363.5386899643627,0.1045173343262732,0.04728281964013021,0.5246594965889134,0.035526073994928305,9.289614700881593,294.73201041687224,350.6790174863472,484.4666346508982,True,False,4723.0,False,True,True,0.0,"[false, false, false, false, false, false, false, false, false, false, false, false, false, false, false, false, false, false, false, false]"
fouling,"{""fouling_max"": 0.6, ""fouling_tau"": 2000.0}",2081711258,3203.1189664532903,0.09182517108346087,0.054154931545504936,0.48121999121189446,0.032219568111620495,8.660103054859828,292.46422566904266,345.45480885754944,504.2951241994748,False,False,,,,,,
fouling,"{""fouling_max"": 0.65, ""fouling_tau"": 2000.0}",323586044,2469.6417823274983,0.10182467129610506,0.049609911775592326,0.4521116854311987,0.03387338065451173,9.189068903568598,290.4945603141673,345.8026508484388,447.33970706762267,True,False,5322.0,False,True,True,0.0,"[false, false, false, false, false, false, false, false, false, false, false, false, false, false, false, false, false, false, false, false]"
fouling,"{""fouling_max"": 0.65, ""fouling_tau"": 2000.0}",459354121,2909.591746237469,0.09906982844033933,0.048723680167558944,0.486657619832942,0.03389856741038118,8.46348649418963,291.04108549620776,345.56059495937683,515.6233433877865,True,False,6554.0,False,True,True,0.25,"[true, false, false, false, true, true, false, false, false, false, true, true, false, false, false, false, false, false, false, false]"
fouling,"{""fouling_max"": 0.65, ""fouling_tau"": 2000.0}",574371986,2804.2436798186004,0.09361408077918545,0.05248921953356933,0.5450851006245092,0.0394675246915276,9.83295801238674,289.0621566172976,352.841201039878,488.06319044908344,True,False,4565.0,False,True,True,0.0,"[false, false, false, false, false, false, false, false, false, false, false, false, false, false, false, false, false, false, false, false]"
fouling,"{""fouling_max"": 0.65, ""fouling_tau"": 2000.0}",686406173,4192.732458951861,0.10696727463834867,0.04630026291215149,0.47859086986437255,0.038083131942962166,9.520983306138545,285.8382961460496,354.6489238541983,429.50578360667237,True,False,5955.0,False,True,True,0.0,"[false, false, false, false, false, false, false, false, false, false, false, false, false, false, false, false, false, false, false, false]"
fouling,"{""fouling_max"": 0.65, ""fouling_tau"": 2000.0}",1022293375,3644.230197208997,0.0997985955884321,0.05435945732069874,0.5407332301791545,0.026768144010923634,8.754907524315787,290.61710074082686,353.47074560241293,541.3516932849602,False,False,,,,,,
fouling,"{""fouling_max"": 0.65, ""fouling_tau"": 2000.0}",1159612541,2475.2399301491478,0.09572891994772348,0.05461604877348469,0.4711746549947886,0.036187674347567624,9.424325519038948,285.0147524827716,345.70240603229263,509.5997130162707,False,False,,,,,,
fouling,"{""fouling_max"": 0.65, ""fouling_tau"": 2000.0}",1204599645,2896.517950493726,0.10441266143392815,0.05108963189276071,0.46078649495979374,0.0340972329503064,8.329159494223473,293.01572851395576,354.61571043879195,501.98972258252434,True,False,4407.0,False,True,True,0.0,"[false, false, false, false, false, false, false, false, false, false, false, false, false, false, false, false, false, false, false, false]"
fouling,"{""fouling_max"": 0.65, ""fouling_tau"": 2000.0}",1264486914,3464.6103545476226,0.10873216839017899,0.046930142767920194,0.4745154262829883,0.028564604852049126,8.089409898490143,293.3407623458193,350.19487843785424,551.5532756129388,True,False,6925.0,False,False,False,0.0,"[false, false, false, false, false, false, false, false, false, false, false, false, false, false, false, false, false, false, false, false]"
fouling,"{""fouling_max"": 0.65, ""fouling_tau"": 2000.0}",1547923324,1544.2515024162406,0.1058134858577992,0.04892255787614349,0.49661630470485374,0.037168370417807246,8.529830022622503,291.3779707777075,347.53373593242065,560.2770864213712,True,False,4447.0,False,True,True,0.0,"[false, false, false, false, false, false, false, false, false, false, false, false, false, false, false, false, false, false, false, false]"
fouling,"{""fouling_max"": 0.65, ""fouling_tau"": 2000.0}",1988275011,4949.957136790892,0.09546875444727483,0.04544868541869038,0.46341106302383905,0.03658749831263558,8.66084452307485,290.96194164119663,349.5457971642604,473.61293297488163,True,False,6911.0,False,False,False,0.0,"[false, false, false, false, false, false, false, false, false, false, false, false, false, false, false, false, false, false, false, false]"
fouling,"{""fouling_max"": 0.7, ""fouling_tau"": 2000.0}",173175268,3292.6146169711064,0.10501990651880706,0.046648750414919136,0.4506770352065015,0.033521042349714585,9.228515254796482,287.51752663458177,354.84107455948816,516.2284165243434,True,False,5936.0,False,True,True,0.05,"[false, false, false, false, false, false, false, false, false, false, false, true, false, false, false, false, false, false, false, false]"
fouling,"{""fouling_max"": 0.7, ""fouling_tau"": 2000.0}",214233332,4554.969439726169,0.09367999628830012,0.04529820011007986,0.5092208977830844,0.028949204647599525,8.124928033590622,287.01287857613863,347.5108317373996,546.9004567010873,False,False,,,,,,
fouling,"{""fouling_max"": 0.7, ""fouling_tau"": 2000.0}",283951793,3156.528085418709,0.10529223104680716,0.04540720345192445,0.5123030137811274,0.03324412949505684,9.310810737620157,285.077708511086,348.2873379556401,462.1007245644987,True,False,6731.0,False,True,True,0.2,"[true, false, false, false, false, true, false, false, false, false, true, true, false, false, false, false, false, false, false, false]"
fouling,"{""fouling_max"": 0.7, ""fouling_tau"": 2000.0}",520208344,4562.932524269875,0.10688023488862806,0.048083102873997516,0.49258402506063276,0.03612427768816444,8.668852554364117,294.4978311213333,352.94884650311616,477.1872718498547,True,False,5428.0,False,True,True,0.0,"[false, false, false, false, false, false, false, false, false, false, false, false, false, false, false, false, false, false, false, false]"
fouling,"{""fouling_max"": 0.7, ""fouling_tau"": 2000.0}",650791689,4772.462857148943,0.10896681286620066,0.04965769079723113,0.45262490037858283,0.038449007756404946,9.590243935240895,286.66672221662606,349.768349747885,548.2695437957956,False,False,,,,,,
fouling,"{""fouling_max"": 0.7, ""fouling_tau"": 2000.0}",1073560837,2032.3713125562008,0.10927651916486021,0.053774590898745464,0.459514982695922,0.038304426883148,8.147071722952301,292.7801316973895,345.07642007621473,466.0717174609716,True,False,3722.0,False,True,True,0.0,"[false, false, false, false, false, false, false, false, false, false, false, false, false, false, false, false, false, false, false, false]"
fouling,"{""fouling_max"": 0.7, ""fouling_tau"": 2000.0}",1316367599,1604.9269554398722,0.09959227790789688,0.04686204342462877,0.5011743168923476,0.029444138898560353,8.481175364255654,293.8645635285417,346.94761171974983,441.6544626380695,True,False,3812.0,False,True,True,0.0,"[false, false, false, false, false, false, false, false, false, false, false, false, false, false, false, false, false, false, false, false]"
fouling,"{""fouling_max"": 0.7, ""fouling_tau"": 2000.0}",1397316218,2872.628143476134,0.09501518505918419,0.04643849494347382,0.49627086533387527,0.02890181731270355,8.581703832086145,294.864053705593,350.9764936322703,519.0836865695807,True,False,5042.0,False,True,True,0.0,"[false, false, false, false, false, false, false, false, false, false, false, false, false, false, false, false, false, false, false, false]"
fouling,"{""fouling_max"": 0.7, ""fouling_tau"": 2000.0}",1444548756,4220.924056412303,0.09943919755852802,0.04849632164869482,0.5045802100523101,0.03395895827731109,8.6758500477359,289.69066362767063,346.0547190163851,456.6663120079553,True,False,6932.0,False,False,False,0.0,"[false, false, false, false, false, false, false, false, false, false, false, false, false, false, false, false, false, false, false, false]"
fouling,"{""fouling_max"": 0.7, ""fouling_tau"": 2000.0}",2050237059,4985.81665936506,0.09317200189836371,0.04682374871571202,0.5262303507520302,0.028268350547628027,9.588914616666475,287.1938983324288,347.56053705330095,490.75610190587713,False,False,,,,,,
outlet_block,"{""outlet_block_factor"": 0.35}",825801299,3581.0151009819683,0.10217555623528045,0.05299346846177155,0.5093577285888692,0.028263939996424133,9.41355572076564,289.41947126871594,348.95558752886274,511.1528136658002,True,False,3627.0,False,True,True,0.05,"[false, false, true, false, false, false, false, false, false, false, false, false, false, false, false, false, false, false, false, false]"
outlet_block,"{""outlet_block_factor"": 0.35}",923225795,4112.724545267833,0.09050561496323713,0.049946092665540516,0.4646857553970943,0.03389160813845168,8.499044952869466,292.9428633362342,353.82102458008364,488.9250877144345,True,False,4150.0,False,True,True,0.0,"[false, false, false, false, false, false, false, false, false, false, false, false, false, false, false, false, false, false, false, false]"
outlet_block,"{""outlet_block_factor"": 0.35}",1089739476,3390.9331712709136,0.10568220849150646,0.05185520848146218,0.5177103574516582,0.03525332230932255,9.418275246779858,285.1143416489141,351.75116355888434,544.9222117279462,True,False,3427.0,False,True,True,0.0,"[false, false, false, false, false, false, false, false, false, false, false, false, false, false, false, false, false, false, false, false]"
outlet_block,"{""outlet_block_factor"": 0.35}",1150093352,3026.4156565941375,0.09935194726538726,0.05384214903253448,0.4988152258330286,0.03748013427305093,8.487288014250561,291.13988849163957,354.0297967559687,558.8222586145043,True,False,3060.0,False,True,True,0.0,"[false, false, false, false, false, false, false, false, false, false, false, false, false, false, false, false, false, false, false, false]"
outlet_block,"{""outlet_block_factor"": 0.35}",1264386155,4308.056681777173,0.09054097938280872,0.04515933237313003,0.5493330399351476,0.03516746469035472,9.573841807051625,285.8111200525927,350.868167943693,546.6176186892209,True,False,4344.0,False,True,True,0.0,"[false, false, false, false, false, false, false, false, false, false, false, false, false, false, false, false, false, false, false, false]"
outlet_block,"{""outlet_block_factor"": 0.35}",1575825876,2980.6886722410536,0.10152643126128748,0.0528068372372701,0.46366464687101344,0.03129374232013356,9.516293955807003,292.9463332561625,350.9787071964543,554.1443050638928,True,False,3022.0,False,True,True,0.0,"[false, false, false, false, false, false, false, false, false, false, false, false, false, false, false, false, false, false, false, false]"
outlet_block,"{""outlet_block_factor"": 0.35}",1622182524,1856.1648152725031,0.10217097480935622,0.05096758119507387,0.5059443621514229,0.03697869932997695,9.960950128163656,290.3126284397998,345.92787194931844,467.6526946649502,True,False,1891.0,False,True,True,0.0,"[false, false, false, false, false, false, false, false, false, false, false, false, false, false, false, false, false, false, false, false]"
outlet_block,"{""outlet_block_factor"": 0.35}",1667900166,3310.0141790386756,0.1034409742774619,0.04975214327754128,0.46551927989937486,0.03182637802117276,8.508268264042425,294.82496595543637,348.6758230210501,447.0760501997103,True,False,3351.0,False,True,True,0.0,"[false, false, false, false, false, false, false, false, false, false, false, false, false, false, false, false, false, false, false, false]"
outlet_block,"{""outlet_block_factor"": 0.35}",1741707441,4819.457213793654,0.1052465109297125,0.05115977192310601,0.4717003371560021,0.029253177559760295,8.706108265981712,293.63576575832866,354.6288036862608,487.6011409962268,True,False,4864.0,False,True,True,0.0,"[false, false, false, false, false, false, false, false, false, false, false, false, false, false, false, false, false, false, false, false]"
outlet_block,"{""outlet_block_factor"": 0.35}",1880946921,3031.9989147658307,0.09294873959315135,0.05302103780478663,0.5320612161668494,0.0325619490708947,8.167270663834328,288.6906511519793,350.6720319443379,514.7021432738494,True,False,3071.0,False,True,True,0.0,"[false, false, false, false, false, false, false, false, false, false, false, false, false, false, false, false, false, false, false, false]"
outlet_block,"{""outlet_block_factor"": 0.45}",110104103,3843.961348753295,0.10794234731171908,0.05191967319390134,0.5469694554280538,0.03130129394838177,9.886912396752578,290.081715111016,346.1485446491257,479.6593376256467,True,False,3895.0,True,True,True,0.5,"[false, true, true, false, true, false, true, true, false, false, false, false, false, true, true, false, true, false, true, true]"
outlet_block,"{""outlet_block_factor"": 0.45}",167068703,2899.554468684782,0.09439977801377676,0.04679363710867963,0.49352717138477703,0.029438683151102544,8.559395857727106,289.9903287495474,354.7148166518646,503.48148494326864,True,False,2955.0,True,True,True,0.75,"[false, true, true, false, true, false, true, true, true, true, false, true, false, true, true, true, true, true, true, true]"
outlet_block,"{""outlet_block_factor"": 0.45}",193770937,4883.003472062719,0.1063186240252702,0.05122435067967954,0.45530907073130295,0.03475856865370405,8.4166679285826,288.0982179135145,349.72169826376773,461.9098288570832,True,False,4929.0,False,True,True,0.1,"[false, false, true, false, false, false, false, true, false, false, false, false, false, false, false, false, false, false, false, false]"
outlet_block,"{""outlet_block_factor"": 0.45}",397768371,3396.189885456687,0.09492821010005563,0.04815941101776702,0.5076341102870449,0.039369074889343464,8.841562519415687,293.0146358075729,347.890421553731,540.7774985633208,True,False,3436.0,False,True,True,0.0,"[false, false, false, false, false, false, false, false, false, false, false, false, false, false, false, false, false, false, false, false]"
outlet_block,"{""outlet_block_factor"": 0.45}",966161752,2831.574086275239,0.10486896652995677,0.046697445305857115,0.5390069174747617,0.031693429919757064,8.099137443396785,294.904943239974,347.19322865810494,532.2344311219135,True,False,2883.0,True,True,True,0.65,"[false, true, true, false, true, false, true, true, true, true, false, true, false, true, true, false, true, false, true, true]"
outlet_block,"{""outlet_block_factor"": 0.45}",1024664490,4414.202740096463,0.10759350101324996,0.04963798799010657,0.5133766995307781,0.030525295596335048,8.444366221746577,290.08980064842825,348.4428627897666,449.67435985046853,True,False,4468.0,True,True,True,0.75,"[false, true, true, false, true, false, true, true, true, true, false, true, false, true, true, true, true, true, true, true]"
outlet_block,"{""outlet_block_factor"": 0.45}",1180348316,2514.678766355439,0.1008302640565931,0.051786567439270355,0.48052946657778844,0.028595575102335423,8.152022976778213,287.59284271974025,351.3735905845423,471.2676726755314,True,False,2572.0,True,True,True,0.75,"[false, true, true, false, true, false, true, true, true, true, false, true, false, true, true, true, true, true, true, true]"
outlet_block,"{""outlet_block_factor"": 0.45}",1358432111,3426.9555349108805,0.0993304421980938,0.04928142273811992,0.5052409434265414,0.027025096441273152,9.056313609442888,286.0998449208189,345.91345975024126,541.1388584163001,True,False,3489.0,True,True,True,0.75,"[false, true, true, false, true, false, true, true, true, true, false, true, false, true, true, true, true, true, true, true]"
outlet_block,"{""outlet_block_factor"": 0.45}",1642314854,3343.177171197616,0.10424358781367461,0.047232001217177924,0.4553555774028299,0.039119494179433265,9.433730715563115,291.5239168838087,352.4615107675895,558.6342461007462,True,False,3384.0,False,True,True,0.0,"[false, false, false, false, false, false, false, false, false, false, false, false, false, false, false, false, false, false, false, false]"
outlet_block,"{""outlet_block_factor"": 0.45}",2084756396,3699.991689099166,0.09958247259943435,0.04988183162113906,0.47486338041022025,0.035889978398650935,8.259467571520322,293.4067676588033,351.71161816485903,451.3212284937645,True,False,3744.0,False,True,True,0.05,"[false, false, true, false, false, false, false, false, false, false, false, false, false, false, false, false, false, false, false, false]"
outlet_block,"{""outlet_block_factor"": 0.4}",46883838,2704.8718004155503,0.10578003536501401,0.054208340513333786,0.46216231380010975,0.03521189430609824,9.525283769973477,287.698436095139,350.60430721978,446.77450535333094,True,False,2744.0,False,True,True,0.0,"[false, false, false, false, false, false, false, false, false, false, false, false, false, false, false, false, false, false, false, false]"
outlet_block,"{""outlet_block_factor"": 0.4}",154994511,2207.0782643798684,0.10587003750492152,0.045712662154582244,0.4699728309913119,0.0346707614496669,8.97815527053828,291.3904594802362,352.21724027774684,471.69193470428456,True,False,2248.0,False,True,True,0.0,"[false, false, false, false, false, false, false, false, false, false, false, false, false, false, false, false, false, false, false, false]"
outlet_block,"{""outlet_block_factor"": 0.4}",231113718,1916.391807598484,0.10589664632513317,0.04861643496583879,0.5250131608929891,0.03408196196138751,9.213020779635606,289.78607741382,349.8713182302015,541.1264401260825,True,False,1958.0,False,True,True,0.0,"[false, false, false, false, false, false, false, false, false, false, false, false, false, false, false, false, false, false, false, false]"
outlet_block,"{""outlet_block_factor"": 0.4}",295769582,1916.2769622121511,0.10377837071920046,0.05483123149007189,0.513234376766135,0.0322147003007079,8.847300772080587,292.0505908854889,347.69032072622593,570.5168914141493,True,False,1960.0,False,True,True,0.05,"[false, false, true, false, false, false, false, false, false, false, false, false, false, false, false, false, false, false, false, false]"
outlet_block,"{""outlet_block_factor"": 0.4}",558891215,4793.887502997271,0.10706380956502794,0.05278695430776504,0.48801383338615495,0.031487023336397905,9.763830342471826,294.39401365792844,353.38779945113805,574.8297499748935,True,False,4839.0,False,True,True,0.05,"[false, false, true, false, false, false, false, false, false, false, false, false, false, false, false, false, false, false, false, false]"
outlet_block,"{""outlet_block_factor"": 0.4}",636386448,4134.35061294696,0.10402435544791568,0.049512025643922555,0.47414743570250595,0.03502461426880597,9.732563058764407,285.296737435717,354.0821895261131,565.9892514667326,True,False,4175.0,False,True,True,0.0,"[false, false, false, false, false, false, false, false, false, false, false, false, false, false, false, false, false, false, false, false]"
outlet_block,"{""outlet_block_factor"": 0.4}",1305184154,4354.324180707848,0.10089544806879211,0.04607772490537925,0.46885582301377987,0.03633174297096255,9.646280818880319,291.3367985820994,351.0659561407142,492.73035130206614,True,False,4393.0,False,True,True,0.0,"[false, false, false, false, false, false, false, false, false, false, false, false, false, false, false, false, false, false, false, false]"
outlet_block,"{""outlet_block_factor"": 0.4}",1364331388,1746.4986099269922,0.09310350318096837,0.04532572317452075,0.4910702807100844,0.038256905422133176,8.118879751462304,293.8565605118597,348.4381755192582,447.7888210288528,True,False,1783.0,False,True,True,0.0,"[false, false, false, false, false, false, false, false, false, false, false, false, false, false, false, false, false, false, false, false]"
outlet_block,"{""outlet_block_factor"": 0.4}",1508014306,3226.191434733725,0.09749570851946297,0.046592630124796856,0.5226668806309925,0.03021930409046747,9.291097662294305,291.60774182042803,351.55842804226114,527.7183157527464,True,False,3274.0,True,True,True,0.25,"[false, true, true, false, false, false, true, false, false, false, false, false, false, true, false, false, false, false, false, true]"
outlet_block,"{""outlet_block_factor"": 0.4}",1920189801,3296.8696569507565,0.10427715831258655,0.05312233555919039,0.5138007158882021,0.0357900805470829,9.453459621714492,292.9244084852534,354.59818393433943,553.9278370563202,True,False,3335.0,False,True,True,0.0,"[false, false, false, false, false, false, false, false, false, false, false, false, false, false, false, false, false, false, false, false]"
outlet_block,"{""outlet_block_factor"": 0.55}",305425156,1553.238695572347,0.10549134910834419,0.04638064514374143,0.49860980862963655,0.035469560814587894,9.177575423694023,288.6049264736341,354.3516913085651,449.0117011740934,True,False,1615.0,True,True,True,0.75,"[false, true, true, false, true, false, true, true, true, true, false, true, false, true, true, true, true, true, true, true]"
outlet_block,"{""outlet_block_factor"": 0.55}",539639912,2705.059764351841,0.09196234482252041,0.046448651106257344,0.4689031388209665,0.035148229665204936,8.752847319778542,290.1059602225621,351.9717446303897,475.448369995738,True,False,2768.0,True,True,True,0.75,"[false, true, true, false, true, false, true, true, true, true, false, true, false, true, true, true, true, true, true, true]"
outlet_block,"{""outlet_block_factor"": 0.55}",789296722,1959.8824210867722,0.09041215380655492,0.04518239930687337,0.4756745113154089,0.029777274150565313,9.37349131859844,293.8197125782722,354.7405600313975,493.03423332856937,True,False,2041.0,True,True,True,0.75,"[false, true, true, false, true, false, true, true, true, true, false, true, false, true, true, true, true, true, true, true]"
outlet_block,"{""outlet_block_factor"": 0.55}",974906556,3849.597785747592,0.09189523264789319,0.05484714727775851,0.49760083313993786,0.034817367538994906,9.788557885156324,286.5126670053699,347.09751650599657,521.7604160892283,True,False,3913.0,True,True,True,0.75,"[false, true, true, false, true, false, true, true, true, true, false, true, false, true, true, true, true, true, true, true]"
outlet_block,"{""outlet_block_factor"": 0.55}",1135253093,3882.492688095462,0.10757252145619643,0.053647878208884725,0.5036010049863503,0.03873991517348717,9.5499485194186,292.6465488724356,348.9382631642809,487.8313144576758,True,False,3936.0,True,True,True,0.55,"[false, true, true, false, true, false, true, true, false, false, false, true, false, true, true, false, true, false, true, true]"
outlet_block,"{""outlet_block_factor"": 0.55}",1183195662,4417.582186151827,0.09904723619412126,0.050900379489687717,0.47578820787745657,0.030734678747829754,8.26569131482708,290.6378212588544,352.38787019427565,501.84404212804935,True,False,4495.0,True,True,True,0.75,"[false, true, true, false, true, false, true, true, true, true, false, true, false, true, true, true, true, true, true, true]"
outlet_block,"{""outlet_block_factor"": 0.55}",1267343510,1790.9548261132559,0.10283521391191941,0.04504220024205342,0.5208372704214127,0.0272294966392234,8.987762715702484,291.77064782469245,347.74876626864506,436.2589367007709,True,False,1891.0,True,True,True,0.75,"[false, true, true, false, true, false, true, true, true, true, false, true, false, true, true, true, true, true, true, true]"
outlet_block,"{""outlet_block_factor"": 0.55}",1417896155,3849.498825096761,0.10413913323917483,0.04627751713820029,0.5312394267484069,0.032167143808395804,8.706870152167124,288.70708439429905,348.5952782160968,545.5689427773979,True,False,3920.0,True,True,True,0.75,"[false, true, true, false, true, false, true, true, true, true, false, true, false, true, true, true, true, true, true, true]"
outlet_block,"{""outlet_block_factor"": 0.55}",1474196380,3948.8842798663736,0.10514797095401021,0.046821537727536465,0.5005865574490309,0.030649416408193644,9.917086959884992,287.63237380709205,346.75881968786217,509.3384837852727,True,False,4026.0,True,True,True,0.75,"[false, true, true, false, true, false, true, true, true, true, false, true, false, true, true, true, true, true, true, true]"
outlet_block,"{""outlet_block_factor"": 0.55}",1887206457,4677.593668239346,0.09056681322982796,0.048174326043491124,0.470765845273674,0.028826248528886184,9.473188816957434,292.1816146085416,345.68330666430853,552.2882356833761,True,False,4765.0,True,True,True,0.75,"[false, true, true, false, true, false, true, true, true, true, false, true, false, true, true, true, true, true, true, true]"
outlet_block,"{""outlet_block_factor"": 0.5}",23885592,1507.5630159231766,0.10295511317945558,0.04562878209489729,0.5431587021649945,0.032894011486588506,9.565395934671038,293.1429170398326,354.8778564001306,444.45042686581843,True,False,1565.0,True,True,True,0.75,"[false, true, true, false, true, false, true, true, true, true, false, true, false, true, true, true, true, true, true, true]"
outlet_block,"{""outlet_block_factor"": 0.5}",141525946,3290.706178907742,0.10281945686451836,0.053060260990434815,0.4714451750633002,0.027521507618674685,9.777715881278956,285.52049577830525,349.2966586726406,428.11929166123736,True,False,3364.0,True,True,True,0.75,"[false, true, true, false, true, false, true, true, true, true, false, true, false, true, true, true, true, true, true, true]"
outlet_block,"{""outlet_block_factor"": 0.5}",161638985,3224.917173775143,0.10806169995862613,0.0545176496153567,0.4810121742914044,0.0344050406236856,9.342839991483306,289.1436624526252,354.74774798833766,536.446226016619,True,False,3278.0,True,True,True,0.6,"[false, true, true, false, true, false, true, true, true, false, false, true, false, true, true, false, true, false, true, true]"
outlet_block,"{""outlet_block_factor"": 0.5}",382650232,3251.9176885527395,0.09155860925029105,0.05259442202683843,0.5096362034580098,0.034711052506832575,9.923220661351264,290.93475397447514,353.0608760121867,529.6879193413673,True,False,3304.0,True,True,True,0.6,"[false, true, true, false, true, false, true, true, true, false, false, true, false, true, true, false, true, false, true, true]"
outlet_block,"{""outlet_block_factor"": 0.5}",390356753,2977.256625462987,0.09269717505117472,0.050058425965236825,0.4773489414070617,0.036340635542477434,8.501735326101127,285.9197869534165,348.22925817158097,566.0436770356935,True,False,3027.0,False,True,True,0.25,"[false, false, true, false, true, false, false, true, false, false, false, false, false, false, true, false, false, false, true, false]"
outlet_block,"{""outlet_block_factor"": 0.5}",845841809,2982.2647639679326,0.09250630758220206,0.05097818052136904,0.5005657332184014,0.02933226819436589,9.30530583327935,294.463248367482,351.6635260481103,474.6576888355754,True,False,3050.0,True,True,True,0.75,"[false, true, true, false, true, false, true, true, true, true, false, true, false, true, true, true, true, true, true, true]"
outlet_block,"{""outlet_block_factor"": 0.5}",912943748,3398.9933765298383,0.10284831540948457,0.04822023706719167,0.5342124607671724,0.032309513580121164,8.908335952335685,285.9041927504333,350.28005284649333,472.0615947441237,True,False,3456.0,True,True,True,0.75,"[false, true, true, false, true, false, true, true, true, true, false, true, false, true, true, true, true, true, true, true]"
outlet_block,"{""outlet_block_factor"": 0.5}",919542825,2364.489598329332,0.1094229234623505,0.051234822838143235,0.45031877336622184,0.03261729354906111,9.811173589682257,288.7540125821903,348.0771285932254,510.2187716125348,True,False,2422.0,True,True,True,0.75,"[false, true, true, false, true, false, true, true, true, true, false, true, false, true, true, true, true, true, true, true]"
outlet_block,"{""outlet_block_factor"": 0.5}",1854022659,3851.031476519736,0.10907685216442728,0.049189089728769134,0.4879888327389394,0.03939202462909576,9.033772693595399,293.1715430411195,352.1252946564567,436.91886690222447,True,False,3897.0,False,True,True,0.05,"[false, false, true, false, false, false, false, false, false, false, false, false, false, false, false, false, false, false, false, false]"
outlet_block,"{""outlet_block_factor"": 0.5}",2015774975,2313.630089899762,0.0902898285172901,0.054571203101894686,0.4977664218703113,0.03375755147063278,9.16109865849888,289.3041343209838,353.41763879779677,477.7407841205747,True,False,2369.0,True,True,True,0.75,"[false, true, true, false, true, false, true, true, true, true, false, true, false, true, true, true, true, true, true, true]"
outlet_block,"{""outlet_block_factor"": 0.65}",312766553,2223.688236639135,0.09201694265125673,0.05334474386838309,0.5287030838133617,0.03204249205439522,9.261284095156698,292.67993122062245,354.1774829949028,450.6530906544289,False,False,,,,,,
outlet_block,"{""outlet_block_factor"": 0.65}",414607595,2328.0576897334836,0.09513050416899162,0.048341423215506274,0.4645155792197134,0.02923935890453759,8.408390375329667,290.77439065846744,347.4010167468759,455.2194296068117,False,False,,,,,,
outlet_block,"{""outlet_block_factor"": 0.65}",779261469,2613.7152816525095,0.09796144143248817,0.05134534213063602,0.4907517996924801,0.027100227436475787,8.003224083378566,290.6988219044892,353.410236930014,488.73493759930847,False,False,,,,,,
outlet_block,"{""outlet_block_factor"": 0.65}",904522024,3215.336415859245,0.10615790707202952,0.046348956212397055,0.45037091772680893,0.03665248659721887,9.357390912157786,292.2780570424601,350.4487812072873,570.2412188145707,False,False,,,,,,
outlet_block,"{""outlet_block_factor"": 0.65}",933067687,1501.421156246887,0.09968837284153677,0.045698390540883566,0.470888520437793,0.03522787113737102,9.354966998938414,286.7788507092032,352.15248974086325,459.27062299484874,False,False,,,,,,
outlet_block,"{""outlet_block_factor"": 0.65}",1033218605,3561.199187537228,0.09599241052665726,0.05339006430776135,0.4568983559265127,0.03979091123576944,9.963316646437246,291.20538629584865,347.15584688395035,503.3121932759765,True,False,3651.0,True,True,True,0.75,"[false, true, true, false, true, false, true, true, true, true, false, true, false, true, true, true, true, true, true, true]"
outlet_block,"{""outlet_block_factor"": 0.65}",1615054281,2305.016071322747,0.09356087403259862,0.050714256566119026,0.504644729233464,0.027961980515319028,9.09818409919005,293.3087055238016,346.65471199405005,442.1446443533231,False,False,,,,,,
outlet_block,"{""outlet_block_factor"": 0.65}",1745759329,3358.549555141083,0.09460692515887711,0.046248353853893226,0.49183411203032407,0.03827529893172111,8.543720363164368,288.9574095466414,351.52472115777215,471.2258400261542,True,False,3460.0,True,True,True,0.75,"[false, true, true, false, true, false, true, true, true, true, false, true, false, true, true, true, true, true, true, true]"
outlet_block,"{""outlet_block_factor"": 0.65}",1767471432,4505.759452782466,0.0976727329660738,0.049764629952787576,0.5192721447708233,0.029381841788593918,8.658188068865405,294.0261571924111,347.63020688869483,510.4170504023496,False,False,,,,,,
outlet_block,"{""outlet_block_factor"": 0.65}",1914391140,4605.699097850225,0.09941463583074936,0.05352100545469071,0.5099052781527186,0.03063107609149454,9.265020152032555,291.9158983614643,345.52858210896613,574.986344898196,False,False,,,,,,
outlet_block,"{""outlet_block_factor"": 0.6}",39396425,3733.425010399371,0.10760064552501862,0.04557395281061422,0.504932195142285,0.03541703283448437,9.406775446580381,289.8480297624849,345.5193134430103,470.677653582828,True,False,3812.0,True,True,True,0.75,"[false, true, true, false, true, false, true, true, true, true, false, true, false, true, true, true, true, true, true, true]"
outlet_block,"{""outlet_block_factor"": 0.6}",224108954,1976.0361568052865,0.10498608766286326,0.05131375436816868,0.4754836277065313,0.03098153590020665,8.175861613671557,294.65827596935173,352.3551076429878,494.41347314428594,True,False,2095.0,True,True,True,0.75,"[false, true, true, false, true, false, true, true, true, true, false, true, false, true, true, true, true, true, true, true]"
outlet_block,"{""outlet_block_factor"": 0.6}",721129913,3480.4767246849183,0.09169395869698474,0.048059966202918636,0.4930867974094745,0.03467000110157775,8.555569735599828,289.39215916926196,353.53936614155793,569.9153277433236,True,False,3562.0,True,True,True,0.75,"[false, true, true, false, true, false, true, true, true, true, false, true, false, true, true, true, true, true, true, true]"
outlet_block,"{""outlet_block_factor"": 0.6}",722680920,4983.856984540902,0.09958866153515294,0.04848980979081532,0.4520618641871335,0.028803747674587522,8.096446735170108,289.5029029665384,349.8871130637564,496.90795769617984,False,False,,,,,,
outlet_block,"{""outlet_block_factor"": 0.6}",944295528,2621.3832995760013,0.10625074782730615,0.048031879423643634,0.5446027542728599,0.02720479829957497,8.93511241461537,291.4238783513054,346.49883556051566,492.98641398631173,False,False,,,,,,
outlet_block,"{""outlet_block_factor"": 0.6}",961688527,1521.917511883136,0.10612491762946297,0.04798316549705968,0.5277037328020932,0.039460552587282205,8.095000481345838,290.375294218093,353.7996421954739,492.06302982854464,True,False,1586.0,True,True,True,0.75,"[false, true, true, false, true, false, true, true, true, true, false, true, false, true, true, true, true, true, true, true]"
outlet_block,"{""outlet_block_factor"": 0.6}",1139385049,3929.668570263639,0.1076370865524924,0.054998958809312326,0.48717521660612606,0.027429941858597442,9.988714348340018,292.6752717807401,347.45061756391584,561.2887920024358,False,False,,,,,,
outlet_block,"{""outlet_block_factor"": 0.6}",1865026784,2674.8847147798624,0.10183912617821615,0.05131866681797752,0.4760018298913816,0.03986473771831351,9.27002442983034,293.8743368876907,354.98899011361476,521.3115371695716,True,False,2738.0,True,True,True,0.75,"[false, true, true, false, true, false, true, true, true, true, false, true, false, true, true, true, true, true, true, true]"
outlet_block,"{""outlet_block_factor"": 0.6}",1980647281,4236.502247605193,0.09592319824315154,0.04890278099202437,0.46097726189051696,0.03165230719542996,9.586125622001111,292.4650884103241,346.00637230558436,431.1227886975344,True,False,4342.0,True,True,True,0.75,"[false, true, true, false, true, false, true, true, true, true, false, true, false, true, true, true, true, true, true, true]"
outlet_block,"{""outlet_block_factor"": 0.6}",2071176445,4622.518857496503,0.09782382606222333,0.04685620637147721,0.48358162616934897,0.03407475411860018,8.05257271589645,286.546449110701,346.4504673559126,446.4782228562889,True,False,4707.0,True,True,True,0.75,"[false, true, true, false, true, false, true, true, true, true, false, true, false, true, true, true, true, true, true, true]"
pump_degrade,"{""pump_degrade_factor"": 0.35}",209180452,3567.3575530315748,0.09146286213009665,0.052877195480612454,0.48817422389586235,0.037716469560876584,9.771386590516796,289.1561790575002,347.9287028076606,492.09598985744253,True,False,3601.0,False,False,True,0.0,"[false, false, false, false, false, false, false, false, false, false, false, false, false, false, false, false, false, false, false, false]"
pump_degrade,"{""pump_degrade_factor"": 0.35}",319749346,3492.9476141283612,0.09381607886403513,0.04990206922479556,0.4966111960911423,0.03817066907966912,8.816359609980822,290.8555098274455,347.8026799640412,508.96548790560996,True,False,3526.0,False,True,True,0.0,"[false, false, false, false, false, false, false, false, false, false, false, false, false, false, false, false, false, false, false, false]"
pump_degrade,"{""pump_degrade_factor"": 0.35}",498541288,4656.4788659363185,0.09038692093487467,0.04782149310093648,0.45221566704974503,0.02949642724518993,8.771082475871701,286.3712965467238,348.89560014731626,434.65137802179265,True,False,4700.0,False,True,True,0.0,"[false, false, false, false, false, false, false, false, false, false, false, false, false, false, false, false, false, false, false, false]"
pump_degrade,"{""pump_degrade_factor"": 0.35}",1156221521,3184.5228881031335,0.09366723161490927,0.05393627804483741,0.4812641176215619,0.03292966746730453,9.956015642940836,286.71730940439954,346.64564187358707,548.1520820494213,True,False,3223.0,False,True,True,0.0,"[false, false, false, false, false, false, false, false, false, false, false, false, false, false, false, false, false, false, false, false]"
pump_degrade,"{""pump_degrade_factor"": 0.35}",1168360197,2863.2857632219557,0.09116455579150251,0.05073725007018268,0.4533254259175064,0.03466664620764337,9.910749349060813,291.864563639002,352.83673776949774,430.1167584854698,True,False,2900.0,False,True,True,0.0,"[false, false, false, false, false, false, false, false, false, false, false, false, false, false, false, false, false, false, false, false]"
pump_degrade,"{""pump_degrade_factor"": 0.35}",1266442946,1941.5229440577748,0.09776504827449983,0.0472775764486481,0.47419484527841277,0.032500541375034595,8.730045758235034,294.4980943304891,353.29497896346027,547.1620309091226,True,False,1981.0,False,True,True,0.0,"[false, false, false, false, false, false, false, false, false, false, false, false, false, false, false, false, false, false, false, false]"
pump_degrade,"{""pump_degrade_factor"": 0.35}",1713880937,4494.9558857610755,0.10045291354142233,0.05118920547518145,0.4938074865665443,0.03925377736999158,8.831024096634632,290.6255191473932,352.7230694863812,538.8594019888815,True,False,4527.0,False,True,True,0.0,"[false, false, false, false, false, false, false, false, false, false, false, false, false, false, false, false, false, false, false, false]"
pump_degrade,"{""pump_degrade_factor"": 0.35}",1843815220,1545.7636104966518,0.10941459680690868,0.04964634191319859,0.4747808218301929,0.02740453351994151,9.637403715799254,286.7309323468711,353.96691372208033,565.2475962203462,True,False,1593.0,False,True,True,0.05,"[false, false, true, false, false, false, false, false, false, false, false, false, false, false, false, false, false, false, false, false]"
pump_degrade,"{""pump_degrade_factor"": 0.35}",1931514613,2912.5735292380837,0.10803125161761705,0.054049965712665946,0.5125819313126252,0.03645129590260941,9.986712837161207,285.53656357609856,347.69912408972664,537.2491097801615,True,False,2948.0,False,True,True,0.0,"[false, false, false, false, false, false, false, false, false, false, false, false, false, false, false, false, false, false, false, false]"
pump_degrade,"{""pump_degrade_factor"": 0.35}",2122964273,3255.6032164985095,0.10404250124461596,0.0537983816187919,0.528414293619132,0.028712274158774812,9.729560693249475,290.85971899095324,346.74605191717677,470.2770079485423,True,False,3301.0,False,True,True,0.0,"[false, false, false, false, false, false, false, false, false, false, false, false, false, false, false, false, false, false, false, false]"
pump_degrade,"{""pump_degrade_factor"": 0.45}",44765558,3825.6138687325633,0.10232485463824675,0.048482163954915516,0.47619927908978427,0.03146020531305915,8.173109921291084,288.0155093952271,352.5520506165883,523.1806400100294,True,False,3877.0,True,True,True,0.65,"[false, true, true, false, true, false, true, true, true, true, false, true, false, true, true, false, true, false, true, true]"
pump_degrade,"{""pump_degrade_factor"": 0.45}",60656062,1557.013582885167,0.09815286768804575,0.047557179165205146,0.500001445346131,0.03884317382455766,9.333847885012952,286.97724989155296,346.19617917235564,527.6925485884357,True,False,1598.0,False,True,True,0.0,"[false, false, false, false, false, false, false, false, false, false, false, false, false, false, false, false, false, false, false, false]"
pump_degrade,"{""pump_degrade_factor"": 0.45}",111925407,1586.7291711486357,0.10411313221627853,0.04640691426409225,0.4717591845997125,0.02887629417198212,8.342556409622714,290.47729986306535,346.78382464610553,426.3051091414046,True,False,1644.0,True,True,True,0.75,"[false, true, true, false, true, false, true, true, true, true, false, true, false, true, true, true, true, true, true, true]"
pump_degrade,"{""pump_degrade_factor"": 0.45}",213050149,4927.563807379192,0.09168614250268223,0.05401674106447586,0.45814821315161725,0.03323518273285017,9.112965152614638,288.7257969328778,350.261908340009,467.2200377998762,True,False,4976.0,False,True,True,0.25,"[false, false, true, false, true, false, false, true, false, false, false, false, false, false, true, false, false, false, true, false]"
pump_degrade,"{""pump_degrade_factor"": 0.45}",365162029,4628.435275010921,0.09623684420666442,0.046275425688888934,0.5229307428009975,0.03948647948828439,8.042947637293848,287.007934373424,349.6666190900744,519.7582307335316,True,False,4668.0,False,True,True,0.0,"[false, false, false, false, false, false, false, false, false, false, false, false, false, false, false, false, false, false, false, false]"
pump_degrade,"{""pump_degrade_factor"": 0.45}",402916063,2238.89199391448,0.09864073272627552,0.05084336031437212,0.45243008301010484,0.03983312363587632,8.46231188441898,292.24763641971623,354.86664958205097,504.178124722622,True,False,2277.0,False,True,True,0.0,"[false, false, false, false, false, false, false, false, false, false, false, false, false, false, false, false, false, false, false, false]"
pump_degrade,"{""pump_degrade_factor"": 0.45}",921173767,4157.57852298154,0.10351858200814977,0.04911397580657047,0.48754814221802756,0.029572240985526993,9.547573924407114,294.56002686082786,351.1492889452534,442.17930514526444,True,False,4214.0,True,True,True,0.75,"[false, true, true, false, true, false, true, true, true, true, false, true, false, true, true, true, true, true, true, true]"
pump_degrade,"{""pump_degrade_factor"": 0.45}",1026321939,2328.201635361299,0.09235602389047903,0.050163863305542386,0.45829600716270236,0.02733388615472329,8.61171509646435,287.4776363426927,347.92740166499453,459.25961061729447,True,False,2391.0,True,True,True,0.75,"[false, true, true, false, true, false, true, true, true, true, false, true, false, true, true, true, true, true, true, true]"
pump_degrade,"{""pump_degrade_factor"": 0.45}",1770729982,4293.504699776435,0.1094605811317383,0.045265797467647605,0.48832385718778004,0.032246388227014054,8.694644735038384,293.8487158407627,345.02636289215235,468.6063023210283,True,False,4343.0,True,True,True,0.5,"[false, true, true, false, true, false, true, true, false, false, false, true, false, true, true, false, false, false, true, true]"
pump_degrade,"{""pump_degrade_factor"": 0.45}",1839934471,2107.4071676688,0.09481956196636612,0.04869878154968302,0.5360209713848063,0.027151099126817426,8.831694759138653,293.12679918396555,353.71884841166235,476.68108037838175,True,False,2170.0,True,True,True,0.75,"[false, true, true, false, true, false, true, true, true, true, false, true, false, true, true, true, true, true, true, true]"
pump_degrade,"{""pump_degrade_factor"": 0.4}",53241914,2387.6429973478243,0.10843318869228454,0.04932722501732154,0.49944076018445077,0.032234501615924165,8.050346700647326,292.57250455999485,346.5099172768558,442.61272986166506,True,False,2432.0,False,True,True,0.05,"[false, false, true, false, false, false, false, false, false, false, false, false, false, false, false, false, false, false, false, false]"
pump_degrade,"{""pump_degrade_factor"": 0.4}",477920259,1514.3698359182665,0.10685438986183596,0.04528748986465866,0.45970979854570115,0.02788271227480505,8.271714078336021,293.36284025797823,347.05540198178875,511.6693088608993,True,False,1567.0,True,True,True,0.7,"[false, true, true, false, true, false, true, true, true, true, false, true, false, true, true, false, true, true, true, true]"
pump_degrade,"{""pump_degrade_factor"": 0.4}",788297279,4821.283439258406,0.10452392537243084,0.04997064554548729,0.5285792224923895,0.027571048069393835,9.544035679088449,293.6272681826428,352.984985030206,499.28420753685316,True,False,4874.0,True,True,True,0.65,"[false, true, true, false, true, false, true, true, false, false, false, true, false, true, true, true, true, true, true, true]"
pump_degrade,"{""pump_degrade_factor"": 0.4}",876404003,4093.4465972573234,0.09572761329502909,0.050453445547512,0.5422589131958087,0.02702385106874684,8.66395720387327,292.17449269212585,346.5425774844268,537.573546691308,True,False,4148.0,True,True,True,0.75,"[false, true, true, false, true, false, true, true, true, true, false, true, false, true, true, true, true, true, true, true]"
pump_degrade,"{""pump_degrade_factor"": 0.4}",1206951629,3795.961270598329,0.09704054505924022,0.04645603134854835,0.4933164759605282,0.035677931745094676,9.924516032259113,288.00223299188144,352.15860501761205,552.2459153584582,True,False,3835.0,False,True,True,0.0,"[false, false, false, false, false, false, false, false, false, false, false, false, false, false, false, false, false, false, false, false]"
pump_degrade,"{""pump_degrade_factor"": 0.4}",1269777842,1720.273816944022,0.10813721840355286,0.05477016178678507,0.5299269069122099,0.03866741150743224,9.344074660801118,287.4849003008715,347.7883980008838,520.3303347662281,True,False,1757.0,False,True,True,0.0,"[false, false, false, false, false, false, false, false, false, false, false, false, false, false, false, false, false, false, false, false]"
pump_degrade,"{""pump_degrade_factor"": 0.4}",1351884564,1593.1674914509385,0.10460826199470545,0.04963921181938272,0.486735005215527,0.039287690135520366,8.918779669632375,286.16977446926126,351.9765833839996,482.5328504490584,True,False,1629.0,False,True,True,0.0,"[false, false, false, false, false, false, false, false, false, false, false, false, false, false, false, false, false, false, false, false]"
pump_degrade,"{""pump_degrade_factor"": 0.4}",1389589436,4793.451234344029,0.09465493797175359,0.04944170517444105,0.4874536721638529,0.03609440906623183,8.08378036597145,285.42334293564267,352.18908475624045,531.1542478125804,True,False,4832.0,False,True,True,0.0,"[false, false, false, false, false, false, false, false, false, false, false, false, false, false, false, false, false, false, false, false]"
pump_degrade,"{""pump_degrade_factor"": 0.4}",1718568995,3723.473883951611,0.09542285176601087,0.04888877266947987,0.5140595606955658,0.03893778531016269,8.453921634957702,287.6674945514901,347.7377993846084,474.0866020157449,True,False,3759.0,False,True,True,0.0,"[false, false, false, false, false, false, false, false, false, false, false, false, false, false, false, false, false, false, false, false]"
pump_degrade,"{""pump_degrade_factor"": 0.4}",2117974690,3659.8548615188474,0.1087792046356723,0.04943198289583346,0.46462994129937507,0.03277546368560444,9.823331705821726,289.19701996991705,353.61500332967097,438.44618584289395,True,False,3703.0,False,True,True,0.0,"[false, false, false, false, false, false, false, false, false, false, false, false, false, false, false, false, false, false, false, false]"
pump_degrade,"{""pump_degrade_factor"": 0.55}",251486256,2541.0088097997655,0.09318468340602235,0.047875894099571825,0.4973128740910716,0.03770510208492538,9.082538328779012,288.69637037819695,352.2293260590818,477.33252370925163,True,False,2598.0,True,True,True,0.75,"[false, true, true, false, true, false, true, true, true, true, false, true, false, true, true, true, true, true, true, true]"
pump_degrade,"{""pump_degrade_factor"": 0.55}",302381439,2265.0512342312136,0.09826682013920289,0.05322893710576961,0.5376105098501321,0.03903655036909602,8.048724421685968,292.28595133090323,345.78814127162605,515.5675735556867,True,False,2318.0,True,True,True,0.55,"[false, true, true, false, true, false, true, true, false, false, false, true, false, true, true, false, true, false, true, true]"
pump_degrade,"{""pump_degrade_factor"": 0.55}",934993898,3549.680920400807,0.10208980138820184,0.051417392964591434,0.5132355045465187,0.03476520047187466,9.323690217859692,290.1821150226901,348.2572622400252,513.6224533017294,True,False,3613.0,True,True,True,0.75,"[false, true, true, false, true, false, true, true, true, true, false, true, false, true, true, true, true, true, true, true]"
pump_degrade,"{""pump_degrade_factor"": 0.55}",987960040,1968.650821917023,0.10891023412746634,0.045943830231177415,0.5192116855895111,0.03253626812053152,8.32544512291074,286.24950423356256,352.10782525063735,478.34324335970734,True,False,2038.0,True,True,True,0.75,"[false, true, true, false, true, false, true, true, true, true, false, true, false, true, true, true, true, true, true, true]"
pump_degrade,"{""pump_degrade_factor"": 0.55}",1142780264,2540.2408873944473,0.0901280872264212,0.04910635482501553,0.45679846640343974,0.035040826556573534,8.569765441530025,293.6581338898682,352.93872073942094,540.2573253899021,True,False,2602.0,True,True,True,0.75,"[false, true, true, false, true, false, true, true, true, true, false, true, false, true, true, true, true, true, true, true]"
pump_degrade,"{""pump_degrade_factor"": 0.55}",1163040773,2127.7983378660056,0.09321476727313252,0.045055491551931594,0.4611532333565843,0.03363242120419674,8.9028155572015,286.4726812036427,346.3817938803292,502.7219454877878,True,False,2194.0,True,True,True,0.75,"[false, true, true, false, true, false, true, true, true, true, false, true, false, true, true, true, true, true, true, true]"
pump_degrade,"{""pump_degrade_factor"": 0.55}",1186125608,2430.2953690708255,0.09828166570533602,0.050577221008668724,0.5203823143772897,0.037226780551671085,9.45745817642812,290.0100852382869,346.2909813461736,488.1888897750508,True,False,2487.0,True,True,True,0.75,"[false, true, true, false, true, false, true, true, true, true, false, true, false, true, true, true, true, true, true, true]"
pump_degrade,"{""pump_degrade_factor"": 0.55}",1210399441,3619.59336968267,0.104397332813946,0.05003480475478893,0.5269051346537578,0.03146427143509435,8.029872833955165,285.8137651198769,346.22944777674263,499.77260499966917,True,False,3694.0,True,True,True,0.75,"[false, true, true, false, true, false, true, true, true, true, false, true, false, true, true, true, true, true, true, true]"
pump_degrade,"{""pump_degrade_factor"": 0.55}",1665814687,4110.46521430754,0.10132751512433875,0.047448963667910564,0.5102730723331265,0.03688437682068349,9.762794953894025,287.9998020559073,352.34268071084574,541.2254304171394,True,False,4169.0,True,True,True,0.75,"[false, true, true, false, true, false, true, true, true, true, false, true, false, true, true, true, true, true, true, true]"
pump_degrade,"{""pump_degrade_factor"": 0.55}",1882289652,4015.8443734013226,0.0985467819164526,0.051936172627472785,0.5498690544978038,0.037690125821440254,8.879972856669381,286.9833004081284,347.1423839119646,547.2260598074246,True,False,4072.0,True,True,True,0.7,"[false, true, true, false, true, false, true, true, true, false, false, true, false, true, true, true, true, true, true, true]"
pump_degrade,"{""pump_degrade_factor"": 0.5}",221167880,3425.31822776733,0.10462815511821005,0.051802830104021834,0.4883388627025067,0.03468397134802642,9.863126247989642,294.5125927343248,354.38363285588116,484.30429434852664,True,False,3478.0,True,True,True,0.55,"[false, true, true, false, true, false, true, true, false, false, false, true, false, true, true, false, true, false, true, true]"
pump_degrade,"{""pump_degrade_factor"": 0.5}",314952206,4553.609370464665,0.09731473824386842,0.046545758296850516,0.5429305614988746,0.03633898950844169,8.00569470953571,292.4034229712551,346.5277969284279,519.8435110274796,True,False,4603.0,False,True,True,0.25,"[false, false, true, false, true, false, false, true, false, false, false, false, false, false, true, false, false, false, true, false]"
pump_degrade,"{""pump_degrade_factor"": 0.5}",821114852,2967.1301256166357,0.09378707166148945,0.047341788827414535,0.47365702320836595,0.03211617298678983,9.034529397710756,294.1326102049611,345.83568823089956,470.0531479177667,True,False,3026.0,True,True,True,0.75,"[false, true, true, false, true, false, true, true, true, true, false, true, false, true, true, true, true, true, true, true]"
pump_degrade,"{""pump_degrade_factor"": 0.5}",1136056992,2486.4697864864847,0.10209051050506136,0.053966189988195086,0.4608701183408553,0.03130957747680212,9.603113230022696,286.36336043937547,349.55390669675563,470.6400529265502,True,False,2547.0,True,True,True,0.75,"[false, true, true, false, true, false, true, true, true, true, false, true, false, true, true, true, true, true, true, true]"
pump_degrade,"{""pump_degrade_factor"": 0.5}",1526177748,2528.16694523976,0.09242690545583046,0.04564590842453715,0.49209457224453546,0.03855619071142112,9.143168111368105,293.61307293738616,345.9617156005127,536.0019802879373,True,False,2575.0,False,True,True,0.05,"[false, false, true, false, false, false, false, false, false, false, false, false, false, false, false, false, false, false, false, false]"
pump_degrade,"{""pump_degrade_factor"": 0.5}",1795467201,2539.0691421583797,0.09418575688763746,0.0546084982669764,0.5295693718170551,0.03696403730477281,8.589240747322648,293.6495481282712,349.77646395100624,480.1650045349971,True,False,2588.0,False,True,True,0.25,"[false, false, true, false, true, false, false, true, false, false, false, false, false, false, true, false, false, false, true, false]"
pump_degrade,"{""pump_degrade_factor"": 0.5}",1924708225,2917.335237868551,0.10682046557844471,0.05498005395735542,0.4933038518389035,0.03943362562123734,9.827330876357063,291.4793979500946,348.4459927504807,471.55769045718773,True,False,2963.0,False,True,True,0.05,"[false, false, true, false, false, false, false, false, false, false, false, false, false, false, false, false, false, false, false, false]"
pump_degrade,"{""pump_degrade_factor"": 0.5}",1944174329,3182.783021216717,0.1048663546226717,0.04683026244027821,0.5196323998110252,0.028105567692382503,9.580893191782197,292.1983048843239,346.1780776505515,536.4960378104221,True,False,3253.0,True,True,True,0.75,"[false, true, true, false, true, false, true, true, true, true, false, true, false, true, true, true, true, true, true, true]"
pump_degrade,"{""pump_degrade_factor"": 0.5}",1955275398,4998.457701435526,0.1071585776064906,0.047946537026532024,0.47484311855736333,0.039993033315781856,8.463666473013769,294.2856739725282,352.06996732192823,437.74027637612045,True,True,1682.0,,,,,
pump_degrade,"{""pump_degrade_factor"": 0.5}",2068509070,2729.5809409317253,0.10064616104699176,0.05075764977416613,0.5314259010936709,0.029507748993433544,9.672663090516778,292.7120364587529,353.0082372027084,522.9704260522087,True,False,2795.0,True,True,True,0.75,"[false, true, true, false, true, false, true, true, true, true, false, true, false, true, true, true, true, true, true, true]"
pump_degrade,"{""pump_degrade_factor"": 0.65}",210074782,2716.000513734297,0.10773638663070303,0.04889436781029709,0.5482458924952759,0.03057084653094157,8.687227862236549,289.9324913871876,349.9776939084311,503.1810868083377,False,False,,,,,,
pump_degrade,"{""pump_degrade_factor"": 0.65}",709540559,1616.7015145491148,0.10176761996791557,0.04705325872286852,0.4673304190109631,0.035713099097630006,8.06370480759028,290.033320110904,353.74398384684264,437.62944644637474,False,False,,,,,,
pump_degrade,"{""pump_degrade_factor"": 0.65}",842166989,2742.241378528055,0.10303616290441107,0.05165007916362522,0.4501718471396269,0.029797832751926642,9.668555356398805,293.9498864667263,348.563231239067,566.1883631560015,False,False,,,,,,
pump_degrade,"{""pump_degrade_factor"": 0.65}",946811882,2551.203070732516,0.09518859695543204,0.05086075239092134,0.451934191183866,0.03517388185139161,9.109299671400136,287.37940730345554,351.9273769598685,541.3770536629855,False,False,,,,,,
pump_degrade,"{""pump_degrade_factor"": 0.65}",1284662819,4805.003271082691,0.10016377960797493,0.04627110336373118,0.4895439770260862,0.03420473177853506,8.949039534765255,292.7390218520939,353.98359195841294,502.1972128374249,False,False,,,,,,
pump_degrade,"{""pump_degrade_factor"": 0.65}",1325989961,3786.9601500277745,0.10657788395098262,0.04592919921184604,0.4951044813258487,0.02894301149966763,9.161083060912054,291.1245892178827,352.63246238055837,559.9513403909845,False,False,,,,,,
pump_degrade,"{""pump_degrade_factor"": 0.65}",1342732659,3892.1113751663584,0.0961344983520498,0.050080419396537706,0.533654229776767,0.035249559854210064,8.518783177243328,292.4827517656501,346.0903576234019,515.6491786868777,False,False,,,,,,
pump_degrade,"{""pump_degrade_factor"": 0.65}",1536994404,4488.219154340881,0.09790733417806971,0.04744953444081384,0.4552466859135167,0.03931395613504761,9.583562672534029,290.63255190887946,348.569574788295,556.4838664192229,True,False,4580.0,True,True,True,0.75,"[false, true, true, false, true, false, true, true, true, true, false, true, false, true, true, true, true, true, true, true]"
pump_degrade,"{""pump_degrade_factor"": 0.65}",2074700382,3880.1886352052134,0.10269406217974775,0.04523615964391682,0.46278708727616197,0.03436234210401966,8.302240379708056,287.884507613457,349.64600776492466,523.1479104910861,False,False,,,,,,
pump_degrade,"{""pump_degrade_factor"": 0.65}",2106843853,4509.884890845098,0.10668412003474251,0.052556496788678644,0.4990445404443098,0.0343706651624927,9.374229762488328,287.5358599303201,346.34959733969595,474.35175905186384,False,False,,,,,,
pump_degrade,"{""pump_degrade_factor"": 0.6}",228340667,3630.2450693133046,0.09896256279626228,0.05112695230857002,0.5485098346500676,0.027725938190552708,9.972151312813429,285.1063284711109,354.2827045682621,461.8781704037673,False,False,,,,,,
pump_degrade,"{""pump_degrade_factor"": 0.6}",552673210,4354.824274073351,0.09628297090271272,0.05116661151598889,0.5086226856930847,0.03297245495429467,8.184451894330081,290.0574114297426,354.0889196284241,517.9579177407833,True,False,4446.0,True,True,True,0.75,"[false, true, true, false, true, false, true, true, true, true, false, true, false, true, true, true, true, true, true, true]"
pump_degrade,"{""pump_degrade_factor"": 0.6}",979489590,3829.4938339640184,0.10276533343520362,0.0486514703538031,0.4737048913336285,0.027628224376333332,8.667415633135667,292.2094878578147,354.4943842993502,453.63850146928394,False,False,,,,,,
pump_degrade,"{""pump_degrade_factor"": 0.6}",1294020017,3984.7837516655004,0.10727104723988255,0.04891151887100974,0.5014834024974578,0.03563184155932137,9.413162727990084,285.19409477496026,348.20098016736443,535.1014333260667,True,False,4063.0,True,True,True,0.75,"[false, true, true, false, true, false, true, true, true, true, false, true, false, true, true, true, true, true, true, true]"
pump_degrade,"{""pump_degrade_factor"": 0.6}",1405108973,3940.42503940211,0.10085578477133694,0.05086679436039923,0.45167140076171514,0.02684903074371498,9.325855713998003,287.9461454731584,354.1377276242356,465.6859486351175,False,False,,,,,,
pump_degrade,"{""pump_degrade_factor"": 0.6}",1533665754,4301.408200741018,0.10735016760272184,0.04981130525551089,0.4609793194088487,0.03718350839885436,9.969455615854669,288.91334032573656,347.1816628089211,544.0762804308049,True,False,4373.0,True,True,True,0.75,"[false, true, true, false, true, false, true, true, true, true, false, true, false, true, true, true, true, true, true, true]"
pump_degrade,"{""pump_degrade_factor"": 0.6}",1616623583,3375.305366555778,0.10609272917161289,0.054721521449573436,0.49502625163541025,0.0314381541757638,8.23661371089842,291.81504212078175,354.82683811438,472.78641237590085,True,False,3484.0,True,True,True,0.75,"[false, true, true, false, true, false, true, true, true, true, false, true, false, true, true, true, true, true, true, true]"
pump_degrade,"{""pump_degrade_factor"": 0.6}",1886285717,4707.586031977425,0.09670032075519354,0.05009827953175666,0.464871902161626,0.03633604258557205,8.366823860394055,290.85084692396083,352.00996342310043,496.8885475299427,True,False,4782.0,True,True,True,0.75,"[false, true, true, false, true, false, true, true, true, true, false, true, false, true, true, true, true, true, true, true]"
pump_degrade,"{""pump_degrade_factor"": 0.6}",2036375600,2997.426570097121,0.09800006197832642,0.04667716706925029,0.5227929812118314,0.03808447035171707,8.150616268023793,293.3637163412806,347.8385804279393,480.76736416046543,True,False,3067.0,True,True,True,0.75,"[false, true, true, false, true, false, true, true, true, true, false, true, false, true, true, true, true, true, true, true]"
pump_degrade,"{""pump_degrade_factor"": 0.6}",2101475541,3394.4386507389245,0.09115792154269008,0.04918150162979352,0.5451552897926654,0.035673542328440555,9.124447299462465,285.54593480098947,354.19121017158665,432.635988559639,True,False,3471.0,True,True,True,0.75,"[false, true, true, false, true, false, true, true, true, true, false, true, false, true, true, true, true, true, true, true]"
