bin_left,bin_right,count,mean_pred_correct,empirical_correct,empirical_wrong
0.0,0.1,236,0.013770034746003464,0.012711864406779662,0.9872881355932204
0.1,0.2,80,0.11072115384615389,0.075,0.925
0.4,0.5,27,0.4483607592455532,0.4074074074074074,0.5925925925925926
0.5,0.6000000000000001,15,0.5,0.6,0.4
0.6000000000000001,0.7000000000000001,1,0.628002260956059,1.0,0.0
0.8,0.9,1,0.8737550524577496,1.0,0.0
0.9,1.0,1,0.9438637369849312,1.0,0.0
