route,count,fraction,empirical_correct,empirical_wrong,wilson_low,wilson_high
accept,164,0.328,1.0,0.0,0.9771117529861488,1.0
validate,48,0.096,0.4791666666666667,0.5208333333333334,0.34471090015787464,0.6167100436401562
discard,288,0.576,0.03819444444444445,0.9618055555555556,0.9329118668319563,0.9785414694984369
