bin_left,bin_right,count,mean_confidence,empirical_accuracy
0.0,0.1,0,,
0.1,0.2,2,0.19137968822116597,0.5
0.2,0.30000000000000004,64,0.2660198097596769,0.21875
0.30000000000000004,0.4,192,0.3571155700755395,0.296875
0.4,0.5,193,0.4382545515257302,0.38341968911917096
0.5,0.6000000000000001,45,0.5342468978655829,0.4888888888888889
0.6000000000000001,0.7000000000000001,4,0.6156411111445173,0.75
0.7000000000000001,0.8,0,,
0.8,0.9,0,,
0.9,1.0,0,,
