threshold,covered,coverage,selective_accuracy,avg_confidence_of_accepted
0.1,500,1.0,0.342,0.3941220398971209
0.15,500,1.0,0.342,0.3941220398971209
0.2,498,0.996,0.3413654618473896,0.3949362662090725
0.25,480,0.96,0.35,0.40100414859717287
0.3,434,0.868,0.35944700460829493,0.41394698789746265
0.35,358,0.716,0.3743016759776536,0.4324150338228452
0.4,242,0.484,0.4090909090909091,0.45903637724378193
0.45,116,0.232,0.46551724137931033,0.49939726219699365
