target_coverage,actual_coverage,covered,threshold_used,selective_accuracy,avg_confidence_of_accepted
0.1,0.1,50,0.49554356956882417,0.52,0.5399843683619624
0.2,0.2,100,0.45726424189836495,0.48,0.5067532942972944
0.3,0.3,150,0.43457658624809237,0.43333333333333335,0.4864340203980036
0.4,0.4,200,0.4124735709129432,0.42,0.4702992790080417
0.5,0.5,250,0.3963134884781053,0.408,0.45706659114781667
0.6,0.6,300,0.3772093488929698,0.38333333333333336,0.4453977423286537
0.7,0.7,350,0.35544982556294363,0.3742857142857143,0.4342548462038272
0.8,0.8,400,0.3236645605843248,0.365,0.4225352942563979
0.9,0.9,450,0.28856019355943296,0.35333333333333333,0.40965887382936017
